Unnamed: 0,Time,Frame,EyeTrackingEnabled,EyeCalibrationValid,EyeTrackingEnabledAndValid,EyeTrackingDataValid,GazeInputSource,EyeGazeOrigin.x,EyeGazeOrigin.y,EyeGazeOrigin.z,EyeGazeDirection.x,EyeGazeDirection.y,EyeGazeDirection.z,EyeHitInfo.distance,EyeHitPosition.x,EyeHitPosition.y,EyeHitPosition.z,EyeHitNormal.x,EyeHitNormal.y,EyeHitNormal.z,LocalEyeHitPosition.x,LocalEyeHitPosition.y,LocalEyeHitPosition.z,HeadGazeOrigin.x,HeadGazeOrigin.y,HeadGazeOrigin.z,HeadRotation.x,HeadRotation.y,HeadRotation.z,HeadRotation.w,HeadEulerAngles.x,HeadEulerAngles.y,HeadEulerAngles.z,HeadMovementDirection.x,HeadMovementDirection.y,HeadMovementDirection.z,HeadVelocity.x,HeadVelocity.y,HeadVelocity.z,transform.position.x,transform.position.y,transform.position.z,localTransform.position.x,localTransform.position.y,localTransform.position.z,localXAxis.x,localXAxis.y,localXAxis.z,localYAxis.x,localYAxis.y,localYAxis.z,localZAxis.x,localZAxis.y,localZAxis.z,Movement,GazeAngleX,GazeAngleY,TargetAngleX,TargetAngleY,globalTargetVector.x,globalTargetVector.y,globalTargetVector.z,localEyeGazeX,localEyeGazeY,localEyeGazeZ,CalibratedGazeAngleX,CalibratedGazeAngleY,cosineError,euclideanError,recalibratedEuclideanError
0,05/05/2023 15:31:46.675886,183,True,True,True,True,Eyes,1.663706,0.01917705,-3.401717,-0.8656026,0.1849377,-0.4653282,0.0,0.0,0.0,0.0,0.0,0.0,0.0,3.66634,0.06295065,0.9219561,1.681134,0.01535039,-3.386675,0.013148,-0.7785974,0.003790941,0.6273748,1.283571,257.7119,359.0992,0.4908385,0.003445306,-0.8712435,-0.1581535,-0.00969096,-0.1033879,-0.0599706,0.3846059,-4.361626,-0.5796003,0.3958001,1.915,-0.2124563,-0.01571731,0.9770442,-0.02523067,0.9996255,0.01059421,-0.9768449,-0.02240068,-0.2127734,moving,-16.224226556227094,12.109815554154734,-16.83913981006744,11.677697160959081,-1.7411046,0.36925551,-0.9749510000000003,-0.2736502831989005,0.20177839388416519,0.9404260470605748,-15.764794555703471,12.24614412858314,0.7528505738689167,0.7515614515703385,1.2154627433925604
1,05/05/2023 15:31:46.696342,184,True,True,True,True,Eyes,1.663261,0.01922635,-3.401753,-0.8654984,0.1851627,-0.4654325,2.011392,-0.07759535,0.391661,-4.33792,0.8559477,0.3662427,0.3649927,-0.5695136,0.3959571,1.901201,1.669962,0.01771284,-3.388237,0.009871086,-0.777281,0.001921687,0.6290734,0.8827712,257.9626,359.2592,0.4835659,0.003660955,-0.8753,-0.6657338,0.01330047,-0.1630361,-0.07711627,0.3745107,-4.352529,-0.5757748,0.3931552,1.915,-0.2083387,-0.01292745,0.9779714,-0.01776298,0.9997978,0.009431895,-0.9778956,-0.01540666,-0.2085262,moving,-16.42421811683074,11.777471258985933,-16.734229871638615,11.60178440453858,-1.74707827,0.35679785999999997,-0.9642919999999995,-0.2772565770021387,0.1961091665788599,0.9405690316095369,-15.966921324220646,11.918793370301724,0.35675532310695607,0.35633293272536964,0.8302150873809093
2,05/05/2023 15:31:46.706127,185,True,True,True,True,Eyes,1.662404,0.01931227,-3.401862,-0.8654536,0.1853365,-0.4654465,2.029998,-0.0944643,0.3955449,-4.346717,0.5583284,-0.1922922,-0.8070272,-0.5817361,0.3848819,1.909305,1.659004,0.01894085,-3.389892,0.005856533,-0.7760045,-0.0001530703,0.6307003,0.4096608,258.2033,359.4681,0.4776253,0.003840678,-0.878555,-0.6257897,0.01250244,-0.1532539,-0.09045067,0.3861597,-4.343406,-0.5721291,0.3906335,1.915001,-0.2043657,-0.009282473,0.9788506,-0.008896307,0.9999313,0.007624999,-0.9788542,-0.007149866,-0.2044343,moving,-16.59637749626061,11.384730343936896,-16.634134913995684,11.529363339126633,-1.74945467,0.36721885,-0.9535139999999998,-0.28045383551602837,0.1894740896000861,0.9409809837940551,-16.14103870946664,11.533107671397445,0.1418616451102019,0.1494801856152684,0.49311042064136573
3,05/05/2023 15:31:46.726025,186,True,True,True,True,Eyes,1.66114,0.01945076,-3.402026,-0.8653954,0.1855716,-0.4654611,2.026782,-0.09282756,0.3955639,-4.345414,0.6673658,-0.1909736,-0.7198277,-0.5873501,0.3848085,1.894262,1.648141,0.02018346,-3.391786,0.004412072,-0.7747626,0.0007776596,0.6322365,0.3886946,258.4305,359.6646,0.4727602,0.003992139,-0.8811817,-0.5882423,0.01175229,-0.1440587,-0.1028289,0.3984267,-4.334627,-0.5682183,0.3879299,1.915,-0.2005152,-0.005853286,0.9796732,-0.007819946,0.9999599,0.004373943,-0.9796595,-0.006783949,-0.2005529,moving,-16.78846046027763,11.445793043407608,-16.526662231844547,11.451688910086244,-1.7509699,0.37824324000000004,-0.942841,-0.283560990585965,0.190295595385619,0.9398833989786549,-16.33474475819596,11.589137437954985,0.25780703481819844,0.2618646093969036,0.2360601925461817
4,05/05/2023 15:31:46.745817,187,True,True,True,True,Eyes,1.659483,0.0196085,-3.402269,-0.8653762,0.1858382,-0.4653904,0.0,0.0,0.0,0.0,0.0,0.0,0.0,3.651132,-0.0009982195,0.9311357,1.637052,0.02152395,-3.393726,0.003320898,-0.7740859,0.0006793007,0.6330717,0.3011713,258.5541,359.7547,0.4687603,0.004122056,-0.8833154,-0.5529478,0.01104715,-0.1354152,-0.1177503,0.395766,-4.327084,-0.5643966,0.3852857,1.915001,-0.1984186,-0.004281228,0.9801082,-0.006001413,0.999977,0.003153059,-0.9800991,-0.005256407,-0.1984398,moving,-16.887207710543876,11.406893523536239,-16.42150624810533,11.375668229413602,-1.7548023,0.37424205,-0.9333580000000001,-0.28522175717087966,0.1895600049890429,0.9395294472568434,-16.434405471313706,11.549467423827789,0.4572792557882753,0.4667471168742717,0.17427722151331132
5,05/05/2023 15:31:46.755967,188,True,True,True,True,Eyes,1.657489,0.01979706,-3.402556,-0.8654049,0.1858532,-0.4653311,0.0,0.0,0.0,0.0,0.0,0.0,0.0,3.648574,-0.006924211,0.9296494,1.626273,0.02197694,-3.395752,0.002401597,-0.7732647,0.0004169784,0.6340789,0.211449,258.7033,359.8175,0.4654524,0.004235098,-0.8850624,-0.5197709,0.01038432,-0.1272902,-0.1309378,0.3963799,-4.321798,-0.5604135,0.3825316,1.915001,-0.1958768,-0.003185345,0.9806235,-0.004242933,0.9999881,0.002400733,-0.9806195,-0.003690472,-0.195888,moving,-17.0157575283151,11.344293622787337,-16.311796594076164,11.296450825464522,-1.7572108000000002,0.37440296,-0.9260460000000004,-0.28739399807531174,0.18840571082235152,0.9390996025562315,-16.564157892820912,11.48617363477348,0.691397293542758,0.7055848143137909,0.31572293150200526
6,05/05/2023 15:31:46.776101,189,True,True,True,True,Eyes,1.655152,0.02002437,-3.402921,-0.8654953,0.1857385,-0.4652087,0.0,0.0,0.0,0.0,0.0,0.0,0.0,3.646554,-0.00500457,0.9278789,1.616334,0.02299325,-3.397834,0.003899255,-0.7725356,0.002682012,0.6349539,0.5211462,258.8335,359.8499,0.4626956,0.004335415,-0.8865063,-0.4885847,0.009761265,-0.1196528,-0.1441799,0.3966471,-4.315885,-0.5567067,0.3799686,1.915001,-0.1936368,-0.00261872,0.9810698,-0.009430533,0.9999552,0.000807796,-0.981028,-0.009095593,-0.1936527,moving,-17.14979128442554,11.663356124783576,-16.20958669719992,11.222690780615011,-1.7605138999999999,0.37365384999999995,-0.9180509999999997,-0.28929688984470553,0.19351646921799825,0.9374746529520733,-16.699013292899757,11.794578486873796,0.9947248404732343,1.0383499464974686,0.7527243460578814
7,05/05/2023 15:31:46.796242,190,True,True,True,True,Eyes,1.652498,0.02026341,-3.403346,-0.8656619,0.1855011,-0.4649934,0.0,0.0,0.0,0.0,0.0,0.0,0.0,3.644746,-0.00564889,0.9250488,1.605784,0.02418574,-3.400116,0.004674929,-0.7718403,0.004136602,0.6357861,0.7064804,258.9578,359.8879,0.4601815,0.004431207,-0.8878135,-0.4592696,0.009175589,-0.1124737,-0.1588431,0.3843003,-4.310749,-0.5528399,0.3772943,1.915001,-0.1915089,-0.001956609,0.9814891,-0.01247658,0.9999221,-0.0004410842,-0.9814118,-0.0123301,-0.1915184,moving,-17.26263398714413,11.851647063671212,-16.102851937849906,11.14568746742902,-1.7646271,0.36011456,-0.9106330000000002,-0.2909670901569876,0.19649224418596362,0.9363380776603708,-16.812638080304318,11.975973052428872,1.2930134004120883,1.3577456880401246,1.092323450576275
8,05/05/2023 15:31:46.810478,191,True,True,True,True,Eyes,1.649546,0.02049613,-3.403833,-0.865887,0.1850928,-0.4647366,0.0,0.0,0.0,0.0,0.0,0.0,0.0,3.643119,-0.00736302,0.9216323,1.595581,0.02475659,-3.402246,0.005026336,-0.7712277,0.005207206,0.6365184,0.8268406,259.0674,359.9356,0.4578555,0.004523812,-0.8890148,-0.4317134,0.008625054,-0.1057252,-0.1731538,0.3762619,-4.305881,-0.5490052,0.3746433,1.915,-0.1896386,-0.001123937,0.9818534,-0.01438186,0.9998953,-0.001633171,-0.9817487,-0.01443059,-0.1896348,moving,-17.351170192376568,11.966582130840646,-15.996897656646398,11.069320418110994,-1.7687347999999998,0.35150530999999996,-0.9036350000000004,-0.2923058917947833,0.19828547115264733,0.9355425625337574,-16.901824795827277,12.08634498453692,1.544209481718895,1.624540760388477,1.3613346744793995
9,05/05/2023 15:31:46.826344,192,True,True,True,True,Eyes,1.646299,0.02073679,-3.404418,-0.8662467,0.1846197,-0.4642544,0.0,0.0,0.0,0.0,0.0,0.0,0.0,3.64151,-0.005914153,0.9179363,1.585507,0.02488535,-3.404231,0.006219722,-0.7706438,0.007195673,0.6371952,1.089657,259.17,359.9761,0.4556916,0.00461342,-0.8901254,-0.4058106,0.00810755,-0.09938172,-0.1864372,0.3696711,-4.30126,-0.5451468,0.3719754,1.915001,-0.1878873,-0.0004162845,0.9821905,-0.01875648,0.999819,-0.003164248,-0.9820114,-0.01901696,-0.1878611,moving,-17.427526417784698,12.216718217004374,-15.890159109684898,10.992414987221363,-1.7719442,0.34478575,-0.8970290000000003,-0.2933064345651393,0.20230304885100386,0.9343686310427031,-16.97857219500633,12.328642342703505,1.8608259091843355,1.9653031925052014,1.7234113234621955
10,05/05/2023 15:31:46.835708,193,True,True,True,True,Eyes,1.642758,0.02099045,-3.405068,-0.8666514,0.1841505,-0.4636853,0.0,0.0,0.0,0.0,0.0,0.0,0.0,3.639731,-0.003320923,0.9152083,1.575064,0.02531523,-3.406433,0.006872274,-0.7699428,0.007587892,0.6380309,1.172006,259.2947,359.9484,0.453667,0.004700541,-0.8911585,-0.3814619,0.007621097,-0.09341882,-0.200293,0.3578458,-4.296677,-0.5411611,0.3692195,1.915,-0.185739,-0.0008998993,0.9825988,-0.02026514,0.9997904,-0.002915037,-0.9823901,-0.02045393,-0.1857182,moving,-17.52260507163738,12.267108788162128,-15.77979598156087,10.912942114760776,-1.775357,0.33253056999999997,-0.890244,-0.29481151200483846,0.20302636607611618,0.9337379612480405,-17.074431575292778,12.376020446609722,2.0908299786534412,2.2070683958147272,1.9536323926684527
11,05/05/2023 15:31:46.855784,194,True,True,True,True,Eyes,1.638916,0.0212732,-3.405788,-0.8671648,0.1837588,-0.46288,0.0,0.0,0.0,0.0,0.0,0.0,0.0,3.637265,-0.001220588,0.9151607,1.564502,0.02587947,-3.408648,0.007294895,-0.7689971,0.007613329,0.6391654,1.205279,259.4636,359.9148,0.4517609,0.004785792,-0.8921259,-0.3585742,0.007163831,-0.08781369,-0.2138433,0.3531022,-4.291103,-0.5373004,0.3665496,1.914999,-0.1828287,-0.001487153,0.9831437,-0.02095186,0.9997777,-0.002383965,-0.9829215,-0.02103454,-0.1828193,moving,-17.645019254608094,12.272951460281831,-15.672779524064111,10.835908785766973,-1.7783453,0.32722272999999996,-0.8824549999999998,-0.29680805329263166,0.2029901429342446,0.9331130492650145,-17.197917344647614,12.379510489390233,2.314818111881551,2.4402502337082193,2.1699658041551775
12,05/05/2023 15:31:46.875700,195,True,True,True,True,Eyes,1.634781,0.02153473,-3.406567,-0.8676757,0.1836667,-0.4619583,0.0,0.0,0.0,0.0,0.0,0.0,0.0,3.634243,-0.003962503,0.9165978,1.553443,0.02684875,-3.410862,0.006812199,-0.7678852,0.007122555,0.6405118,1.126805,259.6639,359.9233,0.4499545,0.004870138,-0.8930379,-0.3370598,0.006734001,-0.08254487,-0.227893,0.3501685,-4.284031,-0.5334081,0.3638578,1.915,-0.1793967,-0.001337813,0.983776,-0.01958613,0.9998057,-0.002212022,-0.9835819,-0.0196652,-0.1793881,moving,-17.777595235761513,12.199589841205754,-15.564757824674283,10.75819232887754,-1.781336,0.32331975,-0.8731689999999999,-0.2990510888642068,0.201647289845505,0.9326879782356826,-17.33174349360576,12.305660738529566,2.5115655527729697,2.640885494763679,2.348807534277807
13,05/05/2023 15:31:46.894964,196,True,True,True,True,Eyes,1.630365,0.02173757,-3.407403,-0.8682984,0.1836806,-0.4607812,0.0,0.0,0.0,0.0,0.0,0.0,0.0,3.630635,-0.01471619,0.9203501,1.542319,0.02654369,-3.41311,0.003897767,-0.766571,0.00445143,0.6421325,0.6778499,259.9036,359.9852,0.4482311,0.004953117,-0.8939037,-0.3168362,0.006329961,-0.07759218,-0.242157,0.3511605,-4.276351,-0.5297568,0.3613321,1.915,-0.1753018,-0.0002590149,0.9845149,-0.01169265,0.99993,-0.00181891,-0.9844455,-0.01183044,-0.1752925,moving,-17.90013622851777,11.780182130663093,-15.463328578855487,10.685240175690627,-1.784476,0.32461681,-0.8632409999999999,-0.3014794302390326,0.1946585614227852,0.9333906931933273,-17.455835472752394,11.894889904771597,2.5638239360761617,2.6715032109678525,2.3309517775561908
14,05/05/2023 15:31:46.906338,197,True,True,True,True,Eyes,1.62566,0.02192501,-3.408293,-0.8689925,0.1836637,-0.4594777,0.0,0.0,0.0,0.0,0.0,0.0,0.0,3.626952,-0.02236994,0.9241784,1.531201,0.02534081,-3.415284,0.002576408,-0.7652315,0.004422174,0.6437349,0.577839,260.1436,0.100291,0.4465756,0.00503334,-0.8947315,-0.297826,0.005950164,-0.07293665,-0.2548996,0.3626547,-4.26719,-0.5258854,0.3586552,1.915001,-0.1711978,0.001750318,0.9852353,-0.009636512,0.9999476,-0.003450926,-0.9851897,-0.01008502,-0.1711719,moving,-18.02659166884777,11.724459384142909,-15.355668945467489,10.607877081088727,-1.7861006000000001,0.33731389,-0.851906,-0.30360274702821294,0.19361375857616447,0.9329196969933498,-17.583467335877916,11.83833317784765,2.7831513231879796,2.89492387356955,2.5450162817488016
15,05/05/2023 15:31:46.926241,198,True,True,True,True,Eyes,1.620674,0.02206853,-3.409259,-0.8698047,0.1838278,-0.4578724,0.0,0.0,0.0,0.0,0.0,0.0,0.0,3.622294,-0.02568577,0.9313409,1.51962,0.02517548,-3.417483,0.002325222,-0.7635474,0.004965815,0.6457285,0.6065556,260.443,0.1640073,0.4449746,0.005110691,-0.8955284,-0.2799565,0.005593154,-0.06856045,-0.2695109,0.3610294,-4.25855,-0.5219496,0.3559336,1.915001,-0.1660586,0.002862301,0.9861117,-0.009963971,0.9999399,-0.004580346,-0.9860655,-0.01058619,-0.16602,moving,-18.2112847606901,11.795700357401497,-15.246112239929008,10.529187561084566,-1.7891309,0.33585392000000003,-0.8410669999999998,-0.30654863351431355,0.19458066895337608,0.9317544254989367,-17.769706978847747,11.904411038458857,3.0983202399016796,3.224329812707008,2.8739815620528564
16,05/05/2023 15:31:46.946186,199,True,True,True,True,Eyes,1.615429,0.02212882,-3.41028,-0.8707191,0.1839408,-0.4560855,0.0,0.0,0.0,0.0,0.0,0.0,0.0,3.616785,-0.02791449,0.9419589,1.507907,0.02421716,-3.41977,0.001136416,-0.7615306,0.003486711,0.6481187,0.388671,260.801,0.1597888,0.4434159,0.005184291,-0.8963008,-0.2631591,0.005257565,-0.06444682,-0.2861803,0.356672,-4.247936,-0.5181019,0.3532733,1.915,-0.1598819,0.002788774,0.9871323,-0.006250436,0.9999731,-0.003837408,-0.9871165,-0.006783538,-0.1598601,moving,-18.440697743088855,11.599295038564787,-15.13890491524841,10.452236895213659,-1.7940873000000002,0.33245484,-0.828166,-0.310491544702913,0.19112841244544565,0.9311631881382463,-18.001361405222358,11.708956391177297,3.37412874913056,3.495365254477239,3.1261799450014185
17,05/05/2023 15:31:46.955773,200,True,True,True,True,Eyes,1.609933,0.02212016,-3.411391,-0.871801,0.1838928,-0.4540336,0.0,0.0,0.0,0.0,0.0,0.0,0.0,3.610772,-0.02277573,0.9554851,1.496519,0.02228637,-3.422145,0.00178201,-0.7592701,0.003840335,0.6507619,0.4670249,261.1996,0.1313397,0.4418885,0.005252345,-0.8970543,-0.2473695,0.004942111,-0.06058001,-0.3023934,0.3603902,-4.234876,-0.514246,0.3506071,1.915,-0.1530115,0.002292234,0.9882218,-0.007704341,0.9999641,-0.003512374,-0.9881943,-0.00815103,-0.1529884,moving,-18.714369209311847,11.683048834300578,-15.031352493630498,10.375071899608656,-1.7989123999999999,0.33810383,-0.8127309999999999,-0.3148686824799811,0.1921975959109863,0.9294718136345812,-18.2773490225183,11.78562337651166,3.7708287073015705,3.908377641640366,3.5392299917559624
18,05/05/2023 15:31:46.976292,201,True,True,True,True,Eyes,1.60419,0.0220812,-3.412562,-0.8729705,0.1837581,-0.4518356,0.0,0.0,0.0,0.0,0.0,0.0,0.0,3.605078,-0.01541726,0.9682074,1.485036,0.02065344,-3.424688,0.003549566,-0.7570548,0.00574139,0.6533167,0.7638368,261.5873,0.1219054,0.4403835,0.005313565,-0.8977938,-0.2325274,0.004645584,-0.05694521,-0.3204821,0.353324,-4.220558,-0.5102279,0.3478289,1.915,-0.1463299,0.002127459,0.9892339,-0.01287632,0.9999089,-0.004055112,-0.9891523,-0.01333107,-0.1462891,moving,-18.977647305712676,11.984777331459973,-14.91916036052669,10.294624905367888,-1.8055181,0.33267056,-0.7958699999999994,-0.3188386078455505,0.19681424665824412,0.9271494146429033,-18.542606572618954,12.074817820720066,4.225682607525608,4.396354342824296,4.037133793645669
19,05/05/2023 15:31:46.996224,202,True,True,True,True,Eyes,1.598198,0.02198941,-3.413796,-0.8742537,0.1835454,-0.4494345,0.0,0.0,0.0,0.0,0.0,0.0,0.0,3.599724,-0.01121926,0.9797392,1.473456,0.01990635,-3.427325,0.004465953,-0.7549255,0.006577289,0.6557624,0.9046196,261.959,0.1079217,0.4388924,0.00536784,-0.8985233,-0.2185757,0.004366849,-0.0535285,-0.3395343,0.3391953,-4.207176,-0.5063971,0.3451797,1.915,-0.1399115,0.001883354,0.9901623,-0.0153692,0.9998736,-0.004073518,-0.9900448,-0.01578793,-0.1398649,moving,-19.202852592471274,12.122303164359565,-14.812088828965514,10.21787505967131,-1.8129903,0.31928894999999996,-0.7798509999999994,-0.322349239698638,0.19878955792035422,0.925512557960528,-18.769640668723365,12.204738614656605,4.5951386010143045,4.785985043106775,4.428300277815356
20,05/05/2023 15:31:47.016117,203,True,True,True,True,Eyes,1.591976,0.02180493,-3.415087,-0.8756224,0.1832119,-0.4468991,0.0,0.0,0.0,0.0,0.0,0.0,0.0,3.594135,-0.006611082,0.9911246,1.461561,0.01854251,-3.429821,0.004957667,-0.752773,0.006594836,0.6582286,0.9428666,262.3338,0.06978562,0.437407,0.005414489,-0.8992471,-0.2054612,0.004104838,-0.05031679,-0.357433,0.3311965,-4.19416,-0.5025427,0.3425138,1.915001,-0.1334213,0.001217822,0.9910588,-0.01614581,0.9998639,-0.003402271,-0.990928,-0.01645539,-0.1333836,moving,-19.420166696762482,12.14137074258407,-14.704243420885378,10.140598782047997,-1.818994,0.31265399,-0.7643390000000001,-0.32585352594280026,0.19884506493971055,0.9242727481885136,-18.98884731222893,12.219404961452915,4.921010733580227,5.122794235768874,4.762275258450353
21,05/05/2023 15:31:47.026330,204,True,True,True,True,Eyes,1.585542,0.02156399,-3.416475,-0.8771029,0.1827186,-0.4441897,0.0,0.0,0.0,0.0,0.0,0.0,0.0,3.588916,0.002909997,1.002191,1.449927,0.01615556,-3.432515,0.00654408,-0.7506465,0.007679264,0.6606271,1.156033,262.7007,0.01843443,0.4359222,0.005451786,-0.8999676,-0.1931335,0.003858548,-0.04729778,-0.3750188,0.3262224,-4.180632,-0.4986848,0.3398456,1.915001,-0.1270584,0.0003216763,0.9918954,-0.01997084,0.9997965,-0.002882432,-0.9916943,-0.02017522,-0.1270261,moving,-19.63200181335676,12.319486052817208,-14.596200708706748,10.063223718302543,-1.8249458,0.31006684,-0.7481170000000001,-0.32908780722190306,0.20147822697871415,0.9225550459196744,-19.202347829596107,12.389106545458313,5.292826086500692,5.518152996043498,5.160069982561811
22,05/05/2023 15:31:47.046206,205,True,True,True,True,Eyes,1.57888,0.02128457,-3.417921,-0.8786322,0.1822546,-0.4413489,0.0,0.0,0.0,0.0,0.0,0.0,0.0,3.583862,0.0164017,1.012788,1.438407,0.01457545,-3.435236,0.009180025,-0.7485415,0.009460216,0.662957,1.509039,263.0594,359.9312,0.4344308,0.005479194,-0.9006882,-0.1815455,0.003627035,-0.04445991,-0.3930351,0.3144391,-4.167513,-0.4947817,0.3371469,1.915001,-0.1208078,-0.001199829,0.9926753,-0.02628669,0.9996524,-0.001990805,-0.9923279,-0.02633465,-0.1207973,moving,-19.845343701259782,12.625567167169137,-14.486784059022648,9.984926443397793,-1.8314421,0.29986365000000004,-0.7322769999999994,-0.3321893405862396,0.20616623041422455,0.9204052700125517,-19.417224464743715,12.683439199927498,5.714122991192565,5.973871849265953,5.620606167622889
23,05/05/2023 15:31:47.055718,206,True,True,True,True,Eyes,1.571988,0.02099338,-3.419431,-0.8801185,0.182034,-0.4384691,0.0,0.0,0.0,0.0,0.0,0.0,0.0,3.57879,0.02300258,1.023384,1.426373,0.01335547,-3.438149,0.009783649,-0.7464082,0.009040555,0.6653551,1.519381,263.4263,359.8524,0.4329289,0.005496661,-0.9014111,-0.1706528,0.003409413,-0.04179232,-0.4114413,0.2987238,-4.154021,-0.4903851,0.334107,1.915001,-0.1144136,-0.002574829,0.9934298,-0.02663555,0.9996451,-0.0004766847,-0.993076,-0.02651509,-0.1144416,moving,-20.040348029324996,12.606867774554862,-14.363403581185462,9.896684817480468,-1.8378142999999998,0.28536833,-0.7158720000000001,-0.33535929720444674,0.2056208474862262,0.9193771324710256,-19.61396731649111,12.66171600849914,6.0224844619415165,6.290690735370702,5.9341231050436525
24,05/05/2023 15:31:47.075879,207,True,True,True,True,Eyes,1.564863,0.02066481,-3.420996,-0.8816365,0.1819532,-0.4354424,0.0,0.0,0.0,0.0,0.0,0.0,0.0,3.573467,0.02776703,1.035269,1.414066,0.01273067,-3.44129,0.009539664,-0.7441359,0.007249977,0.6679209,1.34849,263.8179,359.7414,0.4314105,0.005504877,-0.9021387,-0.1604136,0.003204848,-0.03928478,-0.4284981,0.2953879,-4.141128,-0.4868643,0.3316729,1.915,-0.1075815,-0.004512791,0.994186,-0.02388243,0.9997129,0.001953546,-0.9939094,-0.02353342,-0.1076583,moving,-20.244367272498167,12.404794591050036,-14.264509297252573,9.82599904322409,-1.8425641000000001,0.28265723,-0.6998380000000002,-0.3388841338889689,0.20210592225268856,0.9188638140818063,-19.82001072406661,12.461196702714728,6.252003502826019,6.5122106754615405,6.1488098692281685
25,05/05/2023 15:31:47.096215,208,True,True,True,True,Eyes,1.381156,0.01148033,-3.462564,-0.9167506,0.1833185,-0.3549122,0.0,0.0,0.0,0.0,0.0,0.0,0.0,3.567605,0.02642537,1.048127,1.401479,0.01157717,-3.444241,0.008528939,-0.7417445,0.005923274,0.6706021,1.158953,264.23,359.7302,0.4298722,0.00550377,-0.9028727,-0.1507888,0.003012557,-0.03692769,-0.4451528,0.2988489,-4.127147,-0.4831431,0.3290989,1.915,-0.1004402,-0.004708271,0.9949319,-0.02059691,0.9997844,0.002651938,-0.9947298,-0.02022616,-0.1005155,moving,-15.50763623763135,12.034315472766593,-14.159884030388726,9.751212368005,-1.8466318,0.28727172999999995,-0.682906,-0.2618981043892023,0.20121999012797964,0.9438855350314932,-15.041977814112167,12.185483376758002,2.5237090931000505,2.65122533917798,2.589162951098076
26,05/05/2023 15:31:47.106085,209,True,True,True,True,Eyes,1.380667,0.01144076,-3.462696,-0.9168562,0.1833009,-0.3546486,0.0,0.0,0.0,0.0,0.0,0.0,0.0,3.561556,0.02224142,1.062486,1.388844,0.01033945,-3.447471,0.007498976,-0.7391881,0.00546735,0.6734352,1.041864,264.668,359.7867,0.4211971,0.005155175,-0.9069542,-0.6928628,-0.02472163,-0.1594161,-0.4620118,0.3014672,-4.112727,-0.4792929,0.3264368,1.914999,-0.09285813,-0.0037225,0.9956725,-0.01845012,0.9998277,0.002017348,-0.9955086,-0.01818295,-0.09291079,moving,-15.912479191839365,11.95148126927879,-14.051537286482754,9.673835627213272,-1.8508558,0.29112775,-0.6652559999999994,-0.26865899109876057,0.19946998013641046,0.9423556729958098,-15.450479569777254,12.097509187596593,2.7978169834530404,2.9412198907821128,2.7984340333998214
27,05/05/2023 15:31:47.126466,210,True,True,True,True,Eyes,1.379694,0.01137841,-3.462975,-0.9170247,0.1833597,-0.354182,0.0,0.0,0.0,0.0,0.0,0.0,0.0,3.555865,0.01931615,1.076576,1.376728,0.009160586,-3.450811,0.007078879,-0.7366822,0.005870911,0.6761768,1.044166,265.0943,359.8573,0.4141207,0.004869421,-0.9102087,-0.651291,-0.02323833,-0.1498512,-0.4793869,0.3009406,-4.098032,-0.4753478,0.3237078,1.915,-0.08547008,-0.00249022,0.9963378,-0.01836931,0.9998308,0.0009231557,-0.9961716,-0.01822314,-0.08550131,moving,-16.297475897658433,11.996902845599505,-13.940399246374307,9.594467331607078,-1.8561149,0.291780014,-0.647221,-0.2749634267381725,0.19984682961705041,0.9404553831876316,-15.838816031576865,12.134832581676804,3.2034614957271574,3.365636156645702,3.1713470157175543
28,05/05/2023 15:31:47.146216,211,True,True,True,True,Eyes,1.378247,0.0113123,-3.463385,-0.9172643,0.1835317,-0.3534717,0.0,0.0,0.0,0.0,0.0,0.0,0.0,3.549986,0.01437792,1.0907,1.364202,0.00852876,-3.454144,0.006153673,-0.7341284,0.005679789,0.6789592,0.9566301,265.5278,359.9242,0.4083331,0.004634076,-0.9128209,-0.6122136,-0.02184404,-0.1408601,-0.496539,0.2964293,-4.084021,-0.4714981,0.3210462,1.915001,-0.07795344,-0.001322482,0.9969562,-0.01674786,0.9998597,1.679733e-05,-0.9968165,-0.01669557,-0.0779646,moving,-16.670309991660538,11.95947298155904,-13.831845402431433,9.517023386354932,-1.860741,0.28790054,-0.629877,-0.28113473039310255,0.19886223401399467,0.9388381111299383,-16.214975943674904,12.09166480642941,3.5698637695502233,3.7446550240870335,3.5082887022835685
29,05/05/2023 15:31:47.155941,212,True,True,True,True,Eyes,1.37634,0.01121737,-3.463905,-0.9176547,0.1834639,-0.3524924,0.0,0.0,0.0,0.0,0.0,0.0,0.0,3.54475,0.009559043,1.103371,1.351508,0.008350914,-3.457764,0.004916976,-0.7316865,0.004659507,0.6816077,0.7747481,265.9409,359.9517,0.4035805,0.004439504,-0.914933,-0.5754808,-0.02053339,-0.1324085,-0.5135764,0.2955494,-4.069716,-0.467698,0.3184188,1.915001,-0.0707739,-0.0008434582,0.9974921,-0.01354728,0.9999082,-0.0001157015,-0.9974005,-0.01352149,-0.07077877,moving,-17.006833261848005,11.80093848076201,-13.724597674733959,9.440544967658438,-1.8650844,0.28719848600000003,-0.6119519999999996,-0.286817377475176,0.1959195713480683,0.9377373601569423,-16.554641433459413,11.931175730051779,3.8649323693554063,4.042836626184554,3.7699322634340433
30,05/05/2023 15:31:47.176189,213,True,True,True,True,Eyes,1.373999,0.01110131,-3.464539,-0.9181129,0.1834043,-0.3513281,0.0,0.0,0.0,0.0,0.0,0.0,0.0,3.540402,0.001375303,1.112816,1.338679,0.007537473,-3.461313,0.002515933,-0.729535,0.002458279,0.6839346,0.4026934,266.3044,359.9823,0.3996544,0.004277197,-0.9166556,-0.5409519,-0.01930139,-0.124464,-0.5299618,0.2985979,-4.056058,-0.4638792,0.3157784,1.915001,-0.06445465,-0.0003083191,0.9979208,-0.007033527,0.9999753,-0.0001453334,-0.997896,-0.007028268,-0.06445512,moving,-17.270323350282595,11.4509521452682,-13.616723317633076,9.363653929493008,-1.8686408,0.291060427,-0.5947450000000001,-0.2914776079520547,0.1899083912653424,0.9375369194032137,-16.820845832551676,11.58549692351708,4.041987079170535,4.207803113283091,3.899100842592065
31,05/05/2023 15:31:47.196779,214,True,True,True,True,Eyes,1.371246,0.01104108,-3.465275,-0.9187282,0.1829703,-0.3499433,0.0,0.0,0.0,0.0,0.0,0.0,0.0,3.536263,0.002324318,1.121428,1.326009,0.006912052,-3.464739,0.002530219,-0.7274563,0.002382765,0.6861452,0.3975735,266.652,359.9764,0.3963842,0.004140367,-0.9180751,-0.5084948,-0.01814331,-0.1169961,-0.5448504,0.3072433,-4.043741,-0.4599073,0.3130309,1.915,-0.05839673,-0.0004114016,0.9982935,-0.006951093,0.9999759,5.480368e-06,-0.9982694,-0.006938911,-0.05839812,moving,-17.530883796064025,11.432808994322695,-13.504426470444942,9.283612656039974,-1.8708594,0.300331248,-0.579002,-0.29577064728332925,0.18935012705625112,0.9363045460541146,-17.083721559114366,11.563136574691532,4.390038275404847,4.564143237839872,4.24353421424614
32,05/05/2023 15:31:47.206343,215,True,True,True,True,Eyes,1.368067,0.01096534,-3.466117,-0.9193667,0.1828684,-0.348316,0.0,0.0,0.0,0.0,0.0,0.0,0.0,3.531555,0.007311474,1.131738,1.313504,0.008227032,-3.468055,0.003723851,-0.7252168,0.00289922,0.6885046,0.5347435,267.0245,359.9193,0.3935573,0.004022763,-0.919291,-0.4779851,-0.01705471,-0.1099764,-0.561203,0.3041598,-4.031829,-0.4560382,0.3103557,1.915001,-0.05189556,-0.001408948,0.9986516,-0.009393451,0.9999555,0.0009226513,-0.9986085,-0.009332903,-0.05190647,moving,-17.820603219897095,11.56220743095893,-13.394920896736702,9.2056331057763,-1.874707,0.29593276799999996,-0.563774,-0.3003931052174518,0.19117490407408677,0.9344603549822383,-17.375847138762147,11.683979766171259,4.821476864491796,5.01399108252541,4.689347066867377
33,05/05/2023 15:31:47.226352,216,True,True,True,True,Eyes,1.364552,0.01091416,-3.467059,-0.9202045,0.1823143,-0.3463889,0.0,0.0,0.0,0.0,0.0,0.0,0.0,3.525688,0.004817924,1.145272,1.300184,0.007684421,-3.471543,0.001629132,-0.7225835,-0.0005038136,0.6912817,0.08733502,267.4633,359.8252,0.3909289,0.003914881,-0.9204122,-0.449306,-0.01603142,-0.1033778,-0.5782512,0.2987344,-4.018842,-0.4522794,0.3077563,1.915001,-0.0442544,-0.003050922,0.9990158,-0.001657814,0.9999942,0.002980473,-0.9990191,-0.001524283,-0.04425922,moving,-18.126985665549018,11.070075757328853,-13.288448159379506,9.1298347175533,-1.8784352,0.291049979,-0.5472990000000002,-0.3058813212097215,0.18280636430537,0.9343546148825925,-17.685481539886194,11.199058350199246,5.044372232590035,5.213058650258829,4.859587327252239
34,05/05/2023 15:31:47.235985,217,True,True,True,True,Eyes,1.360654,0.01106073,-3.468105,-0.9211341,0.1816081,-0.3442825,0.0,0.0,0.0,0.0,0.0,0.0,0.0,3.520366,0.0143805,1.159026,1.288718,0.008306226,-3.475005,0.004159548,-0.7200831,0.001583472,0.6938737,0.4614,267.8753,359.7827,0.3884714,0.003816433,-0.9214525,-0.4223476,-0.01506954,-0.09717512,-0.5936036,0.3111484,-4.003267,-0.4483181,0.305017,1.915001,-0.03704409,-0.003792981,0.9993064,-0.008187898,0.9999604,0.00349194,-0.9992802,-0.008052863,-0.03707376,moving,-18.43600783270248,11.403697967872004,-13.176138130745796,9.049921962493412,-1.8823216,0.302842174,-0.5282620000000002,-0.3106099154796716,0.18794084376056103,0.9317723389471004,-17.996850178529,11.518499422080463,5.561134812422074,5.762507333189077,5.4160076921680425
35,05/05/2023 15:31:47.255952,218,True,True,True,True,Eyes,1.356385,0.01132014,-3.469239,-0.9220394,0.1815134,-0.3419009,0.0,0.0,0.0,0.0,0.0,0.0,0.0,3.515809,0.02219239,1.169236,1.27575,0.01321884,-3.478621,0.006639888,-0.7177671,0.002770608,0.6962461,0.757661,268.2539,359.6749,0.386158,0.003731788,-0.9224247,-0.3970068,-0.01416537,-0.09134462,-0.6109104,0.2970035,-3.989234,-0.4445977,0.3024441,1.915,-0.03039474,-0.005673737,0.999522,-0.01338984,0.9998965,0.005268691,-0.9994484,-0.0132233,-0.0304675,moving,-18.70596636298797,11.672762274914684,-13.070570680022445,8.974835798292547,-1.8866603999999998,0.28378465999999997,-0.5106130000000002,-0.3147423004236491,0.1920391949882112,0.9295473236285707,-18.268883737874795,11.77575382656154,6.018430727158968,6.247918995701304,5.904879376288774
36,05/05/2023 15:31:47.275685,219,True,True,True,True,Eyes,1.351816,0.01162867,-3.470447,-0.9230013,0.1813596,-0.3393776,0.0,0.0,0.0,0.0,0.0,0.0,0.0,3.510525,0.00517901,1.180466,1.262645,0.01599688,-3.481779,0.0007612283,-0.7153555,-0.005003584,0.6987425,359.6508,268.6552,359.537,0.383965,0.003662595,-0.92334,-0.3731864,-0.01331544,-0.08586394,-0.62881,0.2901895,-3.975983,-0.4408073,0.2998233,1.915,-0.02351673,-0.008081529,0.9996908,0.005903334,0.9999488,0.008222486,-0.9997061,0.006094876,-0.02346788,moving,-18.900321630408566,10.524496831829518,-12.96291722474367,8.898315040868171,-1.891455,0.27419262,-0.49420399999999987,-0.31903222481339916,0.17311099551146325,0.931799808145104,-18.466242246042853,10.653673055182622,5.999926402507699,6.156073285273915,5.776492711713193
37,05/05/2023 15:31:47.295298,220,True,True,True,True,Eyes,1.346922,0.01202272,-3.471702,-0.924063,0.1809558,-0.3366934,0.0,0.0,0.0,0.0,0.0,0.0,0.0,3.505961,0.008960117,1.190565,1.250985,0.01748948,-3.484827,0.001737986,-0.7131812,-0.004618411,0.7009624,359.7622,269.011,359.487,0.3818729,0.003608641,-0.9242074,-0.3507952,-0.01251652,-0.0807121,-0.6397626,0.3283382,-3.961088,-0.4369462,0.2971537,1.915,-0.01729743,-0.008953664,0.9998102,0.003995667,0.9999513,0.009024055,-0.9998425,0.004151002,-0.01726076,moving,-19.103199047045976,10.604865135976846,-12.853159955456755,8.82033653398862,-1.8907476,0.31084872,-0.47626100000000005,-0.32226581567306073,0.17421640043300302,0.9304801260612419,-18.670816105876906,10.728315281658643,6.331019873605657,6.499810072433461,6.122540811303905
38,05/05/2023 15:31:47.305954,221,True,True,True,True,Eyes,1.341761,0.01239095,-3.473009,-0.9250737,0.1809488,-0.3339104,0.0,0.0,0.0,0.0,0.0,0.0,0.0,3.501285,0.008162966,1.199855,1.238367,0.01997235,-3.487801,0.001873141,-0.7109804,-0.004862709,0.7031927,359.7548,269.3701,359.4555,0.3798637,0.003570709,-0.9250352,-0.3297475,-0.01176553,-0.07586937,-0.6550461,0.3237554,-3.948185,-0.4330427,0.2944537,1.915,-0.0110331,-0.009502375,0.999894,0.004175309,0.9999457,0.009548937,-0.9999304,0.004280221,-0.01099286,moving,-19.294371176360396,10.596743964200437,-12.742099789458976,8.741436535185573,-1.8934131,0.30378305000000005,-0.4603839999999999,-0.32538783526467846,0.17388801499854561,0.9294545114113556,-18.863681109521337,10.716965809115601,6.634614414775729,6.809877090209838,6.432454723532141
39,05/05/2023 15:31:47.325968,222,True,True,True,True,Eyes,1.336392,0.01265558,-3.474008,-0.9268417,0.1792703,-0.3298887,0.0,0.0,0.0,0.0,0.0,0.0,0.0,3.49696,-0.01052996,1.208177,1.226884,0.01965085,-3.490401,-0.002477649,-0.7089503,-0.007961657,0.7052092,359.153,269.7001,359.5578,0.3779224,0.003546508,-0.9258301,-0.3099627,-0.01105959,-0.07131721,-0.6705456,0.3240299,-3.935223,-0.4292026,0.2917983,1.915,-0.005347907,-0.007716206,0.999956,0.01474232,0.999861,0.007794316,-0.9998771,0.01478336,-0.005233403,moving,-19.31276063864307,9.930249027171008,-12.632748355228221,8.663807242975086,-1.8974296000000002,0.30437905,-0.4448220000000003,-0.32630092062359084,0.16301031214175418,0.9311043330606485,-18.882982149378826,10.067367566853045,6.663514904625603,6.7990027871247865,6.405888233828832
40,05/05/2023 15:31:47.346330,223,True,True,True,True,Eyes,1.330808,0.01295633,-3.475029,-0.9286171,0.1772922,-0.3259415,0.0,0.0,0.0,0.0,0.0,0.0,0.0,3.494453,-0.01221081,1.210766,1.216486,0.01823613,-3.492439,-0.0008457021,-0.707671,-0.003614888,0.7065326,359.6384,269.9084,359.7759,0.3760403,0.003531924,-0.9265962,-0.2913649,-0.01039602,-0.06703818,-0.6813425,0.3403372,-3.923501,-0.4253502,0.2891343,1.915,-0.001622418,-0.003911114,0.9999912,0.006305028,0.9999724,0.003921269,-0.999979,0.006311333,-0.0015977,moving,-19.26494053962079,10.365662907179221,-12.522952582892344,8.585894311892178,-1.8978285,0.32210107,-0.43106199999999983,-0.3251255101446878,0.17015425171125534,0.9302370866038612,-18.83425116275876,10.49238699661793,6.805173366907653,6.9729461392901495,6.592966261185981
41,05/05/2023 15:31:47.356137,224,True,True,True,True,Eyes,1.324993,0.01333131,-3.475957,-0.9303013,0.1755999,-0.3220315,0.0,0.0,0.0,0.0,0.0,0.0,0.0,3.492767,-0.01225602,1.209456,1.20578,0.01949819,-3.494004,0.001325625,-0.7067381,0.0004859557,0.7074741,0.146825,270.0595,359.932,0.3742061,0.003526974,-0.9273385,-0.273883,-0.009772258,-0.06301589,-0.6959833,0.3184192,-3.91585,-0.4214779,0.2864563,1.915,0.00104217,-0.001186137,0.9999989,-0.00256134,0.999996,0.001188803,-0.9999964,-0.002562576,0.001039144,moving,-19.173521341183832,10.816955027315776,-12.412495377292087,8.507539669905663,-1.9017633,0.29892101000000004,-0.42184599999999994,-0.3232091123800943,0.17759918628653953,0.9295130549695255,-18.741519221109296,10.93365837519314,6.942605499963785,7.144569362632011,6.778096693597145
42,05/05/2023 15:31:47.375734,225,True,True,True,True,Eyes,1.318967,0.01373736,-3.476894,-0.9319309,0.1742369,-0.318035,0.0,0.0,0.0,0.0,0.0,0.0,0.0,3.489223,-0.01639714,1.211997,1.194336,0.02169968,-3.495278,-0.0001113235,-0.7053099,-0.001866316,0.7088967,359.8401,270.2908,359.8574,0.3724104,0.003532709,-0.9280611,-0.25745,-0.009185922,-0.05923493,-0.7103751,0.2987107,-3.909061,-0.4173846,0.2836259,1.915001,0.005069007,-0.002489015,0.999984,0.002803085,0.999993,0.002474828,-0.9999833,0.002790496,0.005075896,moving,-19.14800501014652,10.400292358780877,-12.295625946053065,8.424686820527938,-1.9047111,0.27701102,-0.413783,-0.32318756963953,0.1708363179474479,0.9307871444224356,-18.716246780526248,10.528224429067016,6.954133140376866,7.131487648506584,6.756422305526011
43,05/05/2023 15:31:47.396249,226,True,True,True,True,Eyes,1.312736,0.01416431,-3.477803,-0.9335681,0.1730057,-0.3138785,0.0,0.0,0.0,0.0,0.0,0.0,0.0,3.483898,-0.006298931,1.219989,1.183247,0.02278662,-3.496479,-0.0002813687,-0.7033513,-0.005670936,0.7108198,359.52,270.607,359.5607,0.3706442,0.003548908,-0.9287678,-0.242003,-0.008634767,-0.05568084,-0.7219415,0.3091264,-3.898522,-0.4136668,0.2810553,1.915,0.01052955,-0.007666225,0.9999152,0.008457829,0.9999355,0.007577316,-0.9999089,0.008377327,0.01059373,moving,-19.23226811400645,9.907684866132376,-12.189399298340495,8.34941646664551,-1.9051885,0.28633978000000004,-0.40204299999999993,-0.32500832616286973,0.16272022981716908,0.9316071044519826,-18.801806068391983,10.046834291238937,7.063262950133957,7.213196348327096,6.82679650816327
44,05/05/2023 15:31:47.406229,227,True,True,True,True,Eyes,1.306312,0.01464221,-3.478731,-0.9351736,0.1719872,-0.30963,0.0,0.0,0.0,0.0,0.0,0.0,0.0,3.477576,0.009746995,1.230912,1.172093,0.02371057,-3.497773,0.000952035,-0.7010868,-0.008394874,0.713026,359.4034,270.9714,359.2375,0.3688996,0.003575107,-0.929462,-0.2274829,-0.00811668,-0.05233999,-0.7335387,0.3203379,-3.883853,-0.4098057,0.278385,1.915,0.01681391,-0.01330644,0.99977,0.01063661,0.9998572,0.01312872,-0.9998021,0.01041342,0.01695305,moving,-19.374143817785765,9.623556166364384,-12.078981611201177,8.27119152094455,-1.9056317,0.29662733,-0.3860800000000002,-0.3275711779885157,0.15795052752590732,0.9315303270459333,-18.94525089861881,9.767498070253508,7.281773456906987,7.419452928252973,7.02741682390048
45,05/05/2023 15:31:47.426186,228,True,True,True,True,Eyes,1.141045,0.02618196,-3.501096,-0.9687654,0.148433,-0.1986485,0.0,0.0,0.0,0.0,0.0,0.0,0.0,3.471871,0.02249663,1.240445,1.16106,0.02537405,-3.499198,0.00169904,-0.6989613,-0.01132847,0.7150679,359.2318,271.3123,358.9355,0.3671695,0.003611691,-0.9301466,-0.2138339,-0.00762968,-0.04919958,-0.7464205,0.3247153,-3.867518,-0.4059236,0.275701,1.915,0.02264982,-0.01857637,0.9995709,0.01382612,0.9997376,0.01826618,-0.9996479,0.01340646,0.02290068,moving,-13.015508134748085,7.745501714455429,-11.967871484588578,8.19253393914359,-1.9074805000000001,0.29934125,-0.3683200000000002,-0.22326289334142524,0.13137122841010535,0.9658650335741767,-12.53272406877671,8.05234673930834,1.1385951809122283,1.1390260579403269,0.5819887394629382
46,05/05/2023 15:31:47.446207,229,True,True,True,True,Eyes,1.140621,0.02613895,-3.501128,-0.9688462,0.1482241,-0.1984103,0.0,0.0,0.0,0.0,0.0,0.0,0.0,3.46587,0.03169376,1.249546,1.149953,0.0254501,-3.500227,0.001583584,-0.6968584,-0.01444525,0.7170616,358.9766,271.649,358.6863,0.3586627,0.004086033,-0.9334579,-0.6968045,0.02744735,-0.1133429,-0.7585953,0.3313814,-3.852116,-0.40193,0.2729391,1.915,0.02835946,-0.02292333,0.9993349,0.01850919,0.9995776,0.02240364,-0.9994264,0.01786153,0.02877176,moving,-13.355172286258181,7.424657079804072,-11.853474710610561,8.111560942459977,-1.9085483,0.3059313,-0.3518889999999999,-0.22915216847536185,0.12578381934860944,0.9652293534152676,-12.875740654807446,7.733686400438826,1.651279794429232,1.6513426431959977,1.0898700978430615
47,05/05/2023 15:31:47.455967,230,True,True,True,True,Eyes,1.139798,0.02618412,-3.501196,-0.9690943,0.1474395,-0.1977824,0.0,0.0,0.0,0.0,0.0,0.0,0.0,3.45934,0.04336767,1.259916,1.13936,0.02442392,-3.501079,0.003968098,-0.6947048,-0.01287146,0.719169,359.3023,271.991,358.6231,0.3517596,0.004477212,-0.9360793,-0.6549962,0.02580051,-0.1065423,-0.7702355,0.3389482,-3.836896,-0.3980872,0.270282,1.915,0.03443933,-0.02402682,0.9991181,0.0130002,0.9996372,0.02359119,-0.9993224,0.01217626,0.03473923,moving,-13.682208342710526,7.692408279035721,-11.743307005985079,8.033629654557812,-1.9095955,0.31452428,-0.33581700000000003,-0.23452542702996204,0.13012166713828643,0.9633619371866768,-13.205355925060971,7.988635103393247,1.9609136381842502,1.9686976458229724,1.462741108810949
48,05/05/2023 15:31:47.476011,231,True,True,True,True,Eyes,1.138555,0.02627025,-3.501276,-0.9693607,0.1468723,-0.1968964,0.0,0.0,0.0,0.0,0.0,0.0,0.0,3.452539,0.05144272,1.270609,1.129016,0.02669187,-3.501674,0.007519154,-0.6925219,-0.008812154,0.7213039,359.9222,272.3334,358.6748,0.3461473,0.004802719,-0.9381675,-0.6156964,0.02425248,-0.1001498,-0.7844397,0.3247351,-3.822128,-0.3942356,0.2676185,1.915,0.04067137,-0.02312684,0.998905,0.002298122,0.9997317,0.02305241,-0.9991701,0.00135803,0.04071359,moving,-13.99796576931796,8.294718540786237,-11.63279857538852,7.955480617444471,-1.9134557,0.29804323,-0.32045400000000024,-0.23950293197861067,0.14006623453645176,0.9607391045758307,-13.523216947671067,8.569698098412374,2.3567033148594483,2.389371930837326,1.9876983514079667
49,05/05/2023 15:31:47.495692,232,True,True,True,True,Eyes,1.136961,0.02630994,-3.501349,-0.9697406,0.146027,-0.195651,0.0,0.0,0.0,0.0,0.0,0.0,0.0,3.444353,0.04487507,1.284213,1.117689,0.02771809,-3.502112,0.005842945,-0.6899133,-0.0105628,0.7237914,359.6495,272.7496,358.6618,0.3415692,0.005075696,-0.9398425,-0.5787547,0.02279733,-0.09414078,-0.7996662,0.3032629,-3.807637,-0.3904658,0.2650113,1.915001,0.04781628,-0.02335277,0.9985832,0.007228273,0.9997086,0.02303297,-0.99883,0.00611668,0.04797114,moving,-14.323719201436134,7.972686631273377,-11.524546203581057,7.878950533757341,-1.9173551999999998,0.27554481,-0.30552500000000027,-0.24515322717838045,0.13446846601533635,0.9601136165422648,-13.852201631581723,8.25013135628068,2.773770918752418,2.8007420316584883,2.357064910966617
50,05/05/2023 15:31:47.506111,233,True,True,True,True,Eyes,1.135024,0.02634861,-3.501426,-0.9702362,0.1447792,-0.1941152,0.0,0.0,0.0,0.0,0.0,0.0,0.0,3.434453,0.0499932,1.302441,1.10771,0.02672754,-3.502368,0.007489598,-0.6869438,-0.008492955,0.7266224,359.9551,273.2162,358.7032,0.3378174,0.005304538,-0.9411963,-0.5440294,0.02142949,-0.08849233,-0.8116556,0.3106509,-3.79016,-0.3865011,0.2622699,1.915,0.05607214,-0.02263221,0.9981702,0.002052476,0.9997436,0.02255258,-0.9984246,0.0007841458,0.05610423,moving,-14.70736805597311,8.219510685970311,-11.410619130151096,7.798459046017934,-1.9193656,0.28392336,-0.28779200000000005,-0.25144003479877713,0.13837288544482546,0.9579305115133264,-14.238951851680945,8.483675658777466,3.2806818417023034,3.32352793931617,2.910152537252659
51,05/05/2023 15:31:47.526209,234,True,True,True,True,Eyes,1.132744,0.0264176,-3.501537,-0.9708177,0.14351,-0.1921399,0.0,0.0,0.0,0.0,0.0,0.0,0.0,3.423499,0.06199103,1.322687,1.097549,0.02684212,-3.502621,0.01129064,-0.6836925,-0.004444649,0.7296695,0.595848,273.7198,358.7436,0.3347218,0.005497225,-0.9423006,-0.5113876,0.02014372,-0.0831828,-0.8251962,0.2964306,-3.771024,-0.3826514,0.2596078,1.915,0.06508975,-0.0219249,0.9976386,-0.008952399,0.9997056,0.02255441,-0.9978393,-0.01039932,0.06487437,moving,-15.12283464237145,8.801185113142123,-11.299903347807646,7.720262316934039,-1.9227452,0.26958847999999996,-0.26840300000000017,-0.25802298729727585,0.14782528689686456,0.9547626356772396,-14.657423427570649,9.042842949015125,3.8975551694897406,3.9728072913643295,3.6086230912035915
52,05/05/2023 15:31:47.546217,235,True,True,True,True,Eyes,1.130142,0.02648429,-3.501634,-0.9714397,0.1422846,-0.189895,0.0,0.0,0.0,0.0,0.0,0.0,0.0,3.411666,0.05811068,1.34486,1.087138,0.02760703,-3.502693,0.01090834,-0.6802163,-0.004278411,0.7329179,0.5826707,274.2655,358.7903,0.3320403,0.005665529,-0.9432478,-0.4807043,0.0189351,-0.07819183,-0.8402614,0.2720229,-3.750388,-0.3786895,0.2568683,1.915,0.07457513,-0.02111151,0.9969919,-0.008568616,0.9997254,0.02181032,-0.9971786,-0.01016935,0.07437376,moving,-15.524940388599255,8.733980266394669,-11.185871405197487,7.639761816107337,-1.9273994,0.24441587,-0.24769500000000022,-0.26477284093766973,0.14642774841798564,0.9531287249649362,-15.063146288927436,8.97014336057166,4.395361411154108,4.474911581212355,4.099167668912113
53,05/05/2023 15:31:47.555829,236,True,True,True,True,Eyes,1.127216,0.02654168,-3.501729,-0.9720885,0.1411927,-0.1873727,0.0,0.0,0.0,0.0,0.0,0.0,0.0,3.40007,0.05276277,1.365592,1.076842,0.02762169,-3.502534,0.01033483,-0.6768817,-0.003810424,0.7360095,0.5760988,274.7871,358.8769,0.3295603,0.005818919,-0.9441162,-0.4518621,0.01779899,-0.07350032,-0.8525807,0.270092,-3.728311,-0.3747129,0.2541183,1.915,0.08363339,-0.01959993,0.996304,-0.008381897,0.9997573,0.02037147,-0.9964615,-0.01005465,0.08344879,moving,-15.882077923282434,8.692654351659062,-11.071326036681729,7.558922243746192,-1.9294227,0.24247031,-0.22577700000000034,-0.2707465936892909,0.14548932586012148,0.9515929261702418,-15.423475776855287,8.923462540309869,4.858050841488157,4.942538032928508,4.561050052546986
54,05/05/2023 15:31:47.575981,237,True,True,True,True,Eyes,1.123982,0.02658478,-3.5018,-0.9727427,0.1402702,-0.1846509,0.0,0.0,0.0,0.0,0.0,0.0,0.0,3.389314,0.0483577,1.383167,1.066217,0.02743088,-3.502195,0.009751989,-0.6738275,-0.003595112,0.7388158,0.5480353,275.263,358.9425,0.3272541,0.005958669,-0.9449173,-0.4247503,0.01673105,-0.0690903,-0.8644878,0.2668953,-3.706912,-0.3706725,0.2513241,1.915,0.09188732,-0.01845456,0.9955985,-0.007830065,0.9997839,0.01925481,-0.9957387,-0.009564875,0.09172295,moving,-16.184230245555575,8.634117149008679,-10.954851065771477,7.4767523446524145,-1.9307048,0.23946442,-0.20471700000000004,-0.27580959246921577,0.14430111281072971,0.9503190526479464,-15.728355130159738,8.86100421062978,5.267910148100504,5.355921946436675,4.970160387874124
55,05/05/2023 15:31:47.595572,238,True,True,True,True,Eyes,1.120447,0.02659433,-3.501846,-0.9733989,0.1395023,-0.1817517,0.0,0.0,0.0,0.0,0.0,0.0,0.0,3.379247,0.04439858,1.398504,1.055613,0.02710186,-3.501719,0.00857426,-0.6710005,-0.004731419,0.7413923,0.3646449,275.703,358.9387,0.3250973,0.006085764,-0.9456607,-0.3992653,0.01572719,-0.06494488,-0.8763182,0.2647969,-3.687388,-0.3672526,0.2489591,1.915001,0.0994719,-0.01852234,0.9948681,-0.004490991,0.9998082,0.01906335,-0.9950303,-0.006364213,0.09936967,moving,-16.441219728412374,8.409190031217467,-10.856186357540441,7.4071760456150155,-1.9319312,0.23769504,-0.18566899999999986,-0.2802287777474528,0.14038227093218736,0.9496128899764789,-15.98786101458094,8.637269029028399,5.591590135437093,5.674207414352776,5.277045909744822
56,05/05/2023 15:31:47.605998,239,True,True,True,True,Eyes,1.116624,0.02657229,-3.501853,-0.9740782,0.138723,-0.1786831,0.0,0.0,0.0,0.0,0.0,0.0,0.0,3.368907,0.04563888,1.413346,1.044918,0.02627433,-3.500945,0.008327349,-0.6681874,-0.005411019,0.7439269,0.2955746,276.1375,358.901,0.3230678,0.0062006,-0.9463552,-0.3753094,0.01478356,-0.06104818,-0.887145,0.2680369,-3.668465,-0.3636022,0.246435,1.915,0.1069927,-0.01917926,0.9940748,-0.003077655,0.9998028,0.01962102,-0.9942551,-0.005158726,0.1069126,moving,-16.69400716809825,8.287734492055945,-10.750811196251185,7.332902831991679,-1.9320629999999999,0.24176257,-0.16751999999999967,-0.2845043902754398,0.1381875671969438,0.948663011219495,-16.243011471050455,8.5144064868041,5.93722503801316,6.019408763229181,5.617847874839643
57,05/05/2023 15:31:47.626025,240,True,True,True,True,Eyes,1.112513,0.02652425,-3.501858,-0.9747658,0.138015,-0.1754524,0.0,0.0,0.0,0.0,0.0,0.0,0.0,3.359012,0.05236587,1.426501,1.034183,0.02550331,-3.50006,0.009234927,-0.6655285,-0.00542706,0.7462957,0.3758771,276.5446,358.8315,0.3211459,0.006303572,-0.9470084,-0.3527908,0.01389654,-0.05738529,-0.8983145,0.2669718,-3.648979,-0.3596848,0.243726,1.915,0.1140846,-0.0203926,0.9932619,-0.004191834,0.9997705,0.0210077,-0.9934623,-0.006560245,0.1139729,moving,-16.92330494373311,8.309449509475726,-10.63764076183588,7.25315714039028,-1.9324975000000002,0.24146848999999998,-0.14891900000000025,-0.2882906858697481,0.1383835315764963,0.9474906481699794,-16.47430435397371,8.53143631696322,6.285489044735493,6.373800104849063,5.975001216823916
58,05/05/2023 15:31:47.636066,241,True,True,True,True,Eyes,1.108128,0.02643516,-3.501813,-0.9754532,0.1373969,-0.1720849,0.0,0.0,0.0,0.0,0.0,0.0,0.0,3.349176,0.05788845,1.439022,1.023373,0.02477439,-3.499029,0.009741716,-0.6629164,-0.005923484,0.7486068,0.3857112,276.9439,358.7517,0.319314,0.006395177,-0.947627,-0.3316234,0.01306275,-0.05394217,-0.9098972,0.261169,-3.630125,-0.3557842,0.2410285,1.915,0.1210137,-0.02178461,0.9924119,-0.004047164,0.99974,0.02243898,-0.9926426,-0.006731879,0.1208941,moving,-17.134249754999036,8.262138357139975,-10.524872171426505,7.173721894864806,-1.9332702,0.23639460999999998,-0.13109599999999988,-0.291815480983557,0.13744759125852923,0.946547384468112,-16.68716026396464,8.481554228559478,6.607425296757056,6.6983970050738755,6.29954124905096
59,05/05/2023 15:31:47.656062,242,True,True,True,True,Eyes,1.103468,0.02630686,-3.501745,-0.9761502,0.1368092,-0.1685646,0.0,0.0,0.0,0.0,0.0,0.0,0.0,3.339751,0.06188353,1.450049,1.012432,0.02368303,-3.497832,0.009735642,-0.6604439,-0.006905332,0.7507807,0.3149848,277.3217,358.669,0.3175569,0.006475451,-0.9482167,-0.311726,0.01227899,-0.05070564,-0.9210821,0.2577989,-3.611356,-0.3518569,0.2383129,1.915,0.1275324,-0.02322847,0.9915625,-0.002490912,0.9997151,0.02373983,-0.9918314,-0.005497495,0.1274382,moving,-17.31009408872117,8.133982816139529,-10.411248289822092,7.093725634150388,-1.9335141,0.23411587,-0.11352399999999996,-0.29481112984395447,0.13520002660144048,0.9459425696441305,-16.864697476903526,8.353548680302609,6.887360747287583,6.976833691701947,6.5752688551768195
60,05/05/2023 15:31:47.675964,243,True,True,True,True,Eyes,1.098555,0.02612397,-3.501612,-0.9768552,0.1361933,-0.1649402,0.0,0.0,0.0,0.0,0.0,0.0,0.0,3.330379,0.06644283,1.460275,1.001348,0.02257003,-3.496432,0.0099666,-0.6580271,-0.007563405,0.7528904,0.2895548,277.6895,358.5958,0.3158601,0.006544496,-0.9487828,-0.2930224,0.01154225,-0.0476633,-0.9318984,0.2568441,-3.593294,-0.3480371,0.2356716,1.915,0.1338864,-0.02450541,0.9906936,-0.001727755,0.9996869,0.02496136,-0.9909951,-0.005053661,0.1338021,moving,-17.471216926960842,8.051577821515442,-10.300655078653305,7.0158914258585945,-1.9332463999999998,0.23427407000000003,-0.09686200000000023,-0.2975303056698867,0.13372129600006277,0.9453011681533126,-17.02733207934372,8.270375892353535,7.155124755536839,7.244970913023204,6.842654071944195
61,05/05/2023 15:31:47.696252,244,True,True,True,True,Eyes,1.093396,0.02587679,-3.501435,-0.9775716,0.1354481,-0.1612689,0.0,0.0,0.0,0.0,0.0,0.0,0.0,3.321036,0.06740297,1.470072,0.9903792,0.0210913,-3.494802,0.0101929,-0.6556577,-0.006952107,0.7549576,0.3594762,278.0491,358.6326,0.314212,0.006601959,-0.9493296,-0.2754411,0.01084971,-0.0448035,-0.9428927,0.2542642,-3.57537,-0.3441886,0.2330104,1.915,0.1401295,-0.02386319,0.9898457,-0.002869009,0.9996955,0.02450681,-0.9901291,-0.006274006,0.1400184,moving,-17.613213578141984,8.09038411289443,-10.189152404816808,6.937444473796113,-1.9332719,0.2331729,-0.08056799999999997,-0.2998501421539282,0.13425934200853962,0.9444916094709805,-17.170535714167215,8.305625328262302,7.4173706594609845,7.513052250362602,7.114185249387612
62,05/05/2023 15:31:47.705736,245,True,True,True,True,Eyes,1.08802,0.02555969,-3.501174,-0.978299,0.1345559,-0.1575619,0.0,0.0,0.0,0.0,0.0,0.0,0.0,3.312036,0.0637764,1.478524,0.9795083,0.01929553,-3.492832,0.01003144,-0.6534398,-0.005576172,0.7568915,0.4525291,278.3857,358.7651,0.3126018,0.006647265,-0.9498606,-0.2589146,0.01019873,-0.04211529,-0.9540691,0.2474711,-3.557898,-0.3403319,0.2303433,1.915,0.1459708,-0.021551,0.9890541,-0.004668769,0.9997365,0.02247281,-0.9892778,-0.007898038,0.1458317,moving,-17.718997825991288,8.173104200496345,-10.077333846611076,6.8587973681930725,-1.9335774,0.22817557,-0.06506599999999985,-0.3015400556155195,0.13554704611014368,0.9437693410508864,-17.277158616199117,8.384304762504712,7.650506256644216,7.753865540696206,7.3596636827285105
63,05/05/2023 15:31:47.726094,246,True,True,True,True,Eyes,1.08241,0.02522419,-3.500873,-0.9790583,0.133411,-0.1537739,0.0,0.0,0.0,0.0,0.0,0.0,0.0,3.304163,0.06263041,1.483916,0.9689611,0.01735227,-3.490592,0.01065168,-0.6515818,-0.003288671,0.7584966,0.6802802,278.6655,358.9187,0.3110209,0.006679747,-0.9503793,-0.2433797,0.009586805,-0.03958838,-0.9651379,0.2390408,-3.541243,-0.3364786,0.2276785,1.915,0.1508609,-0.01886977,0.9883749,-0.00889199,0.9997514,0.02044421,-0.9885151,-0.01187285,0.1506557,moving,-17.76809796542634,8.380996685115491,-9.965536348777224,6.78019213918801,-1.934099,0.22168853,-0.050651000000000224,-0.3022052757613953,0.13893983188371067,0.9430629652675401,-17.326457384369867,8.585940621773727,7.848187877163085,7.9650827350296955,7.579174498228081
64,05/05/2023 15:31:47.746089,247,True,True,True,True,Eyes,1.076575,0.02487991,-3.500471,-0.9798005,0.1323652,-0.1499011,0.0,0.0,0.0,0.0,0.0,0.0,0.0,3.29561,0.06726131,1.489448,0.9580429,0.0165859,-3.487965,0.01232904,-0.6496286,-0.001013792,0.760151,0.9985266,278.9565,358.9937,0.3094606,0.006700197,-0.9508883,-0.228777,0.009011596,-0.03721308,-0.976212,0.2257882,-3.526159,-0.332537,0.2249535,1.915,0.1559634,-0.01755987,0.9876067,-0.01447732,0.9996939,0.02006105,-0.9876567,-0.01742669,0.1556614,moving,-17.83947715434343,8.661132255731154,-9.851097602171924,6.6997846295197245,-1.9342549,0.2092023,-0.03819399999999984,-0.3031804956884444,0.1435024059019343,0.9420661082360227,-17.39815017131697,8.857551555318095,8.090740463479749,8.225636290305879,7.849456069531709
65,05/05/2023 15:31:47.756217,248,True,True,True,True,Eyes,1.070511,0.02452106,-3.499984,-0.9804919,0.1315342,-0.1460627,0.0,0.0,0.0,0.0,0.0,0.0,0.0,3.285738,0.06559574,1.49763,0.946826,0.01601876,-3.485188,0.01178818,-0.6473598,-0.001479059,0.7620919,0.9197736,279.2994,358.9962,0.3079143,0.006709594,-0.9513901,-0.2150503,0.0084709,-0.03498029,-0.9877933,0.2111753,-3.509982,-0.3286404,0.2222586,1.915,0.1618462,-0.01751674,0.9866605,-0.01300803,0.9997177,0.01988232,-0.9867302,-0.01605239,0.1615726,moving,-17.950878646430667,8.535632124899623,-9.737887281112405,6.620239207924113,-1.9346193,0.19515654000000002,-0.024793999999999983,-0.3051071801517601,0.14134727164704497,0.941769866519585,-17.510673978478216,8.733291779982398,8.301238270858466,8.433383496153384,8.054886977172867
66,05/05/2023 15:31:47.776070,249,True,True,True,True,Eyes,1.064224,0.02413504,-3.499386,-0.9811536,0.1308966,-0.1421395,0.0,0.0,0.0,0.0,0.0,0.0,0.0,3.275716,0.06214277,1.505548,0.9354429,0.01525517,-3.482178,0.01063135,-0.645094,-0.002609823,0.764025,0.7378795,279.6422,358.9855,0.3063745,0.006708665,-0.9518871,-0.2021473,0.007962646,-0.03288147,-0.9981967,0.2105516,-3.491937,-0.3248605,0.2196447,1.915,0.167694,-0.01770438,0.9856802,-0.009728502,0.9997603,0.01961239,-0.9857911,-0.01287807,0.1674816,moving,-18.0534459340408,8.314323647362043,-9.62799409728016,6.543060163887225,-1.9336396,0.19529643,-0.009758999999999851,-0.30695518291265866,0.13762268218113838,0.9417210081425895,-17.61439353083869,8.515858975361258,8.485318680458077,8.609623277557768,8.226451912148844
67,05/05/2023 15:31:47.796386,250,True,True,True,True,Eyes,1.057718,0.02370425,-3.498684,-0.9817681,0.1305191,-0.1381889,0.0,0.0,0.0,0.0,0.0,0.0,0.0,3.265587,0.06101424,1.51296,0.9238201,0.01417226,-3.478963,0.009509839,-0.6428381,-0.004319501,0.7659309,0.5164871,279.9823,358.9202,0.304836,0.006697718,-0.952381,-0.1900185,0.007484887,-0.03090858,-1.008261,0.2130931,-3.473452,-0.3208492,0.216871,1.915,0.1734811,-0.01884345,0.984657,-0.005609696,0.9997818,0.02012124,-0.9848213,-0.009014281,0.1733375,moving,-18.15711798928188,8.051608228591705,-9.511295165235312,6.461136720031406,-1.9320811,0.19892084000000002,0.005510999999999822,-0.3088462851193759,0.13321750968441828,0.9417362035129972,-17.719274151803003,8.258069638681812,8.676119801225603,8.790895968235924,8.40237388825719
68,05/05/2023 15:31:47.806091,251,True,True,True,True,Eyes,1.051009,0.0232407,-3.49786,-0.9823694,0.1302119,-0.1341464,0.0,0.0,0.0,0.0,0.0,0.0,0.0,3.255435,0.05760016,1.520009,0.9121994,0.01259087,-3.475533,0.007893055,-0.6406097,-0.006172099,0.7678014,0.2413753,280.3182,358.8775,0.3032942,0.006676546,-0.9528732,-0.1786174,0.007035794,-0.02905407,-1.018309,0.217049,-3.454853,-0.3170055,0.2142124,1.915,0.1791622,-0.01959063,0.9836246,-0.000634843,0.9997992,0.02002841,-0.9838194,-0.004212785,0.1791138,moving,-18.245220426614072,7.74617657351035,-9.399397355975468,6.382587931754017,-1.9305084,0.20445813,0.02068000000000003,-0.31050424723931813,0.12812266596453903,0.9418979395366642,-17.808496069468788,7.958948204730045,8.846963015341858,8.95030501049931,8.555574374844278
69,05/05/2023 15:31:47.825959,252,True,True,True,True,Eyes,1.044088,0.02274164,-3.496912,-0.9830372,0.1299167,-0.1294588,0.0,0.0,0.0,0.0,0.0,0.0,0.0,3.244385,0.05974031,1.528184,0.900638,0.01132283,-3.47184,0.007696344,-0.6382193,-0.00692116,0.7697851,0.1727256,280.6748,358.8265,0.3017443,0.006645285,-0.9533654,-0.1679003,0.006613647,-0.02731083,-1.027994,0.2219238,-3.435989,-0.3128141,0.2113146,1.915001,0.1852564,-0.02047952,0.9824768,0.0008316999,0.9997857,0.0206835,-0.9826898,-0.003014624,0.1852338,moving,-18.32985234106901,7.644881069135735,-9.277290051336337,6.29694123813221,-1.9286320000000001,0.21060097,0.03585099999999963,-0.3119649617957741,0.12639360890649504,0.941648864842688,-17.893987303912358,7.858748868185965,9.050424037131316,9.152367223702067,8.757095101450323
70,05/05/2023 15:31:47.836153,253,True,True,True,True,Eyes,0.8661532,0.00902522,-3.469684,-0.9922253,0.1241744,-0.008339118,0.0,0.0,0.0,0.0,0.0,0.0,0.0,3.232236,0.05847372,1.537915,0.8887281,0.00993634,-3.467854,0.006924425,-0.6355858,-0.007743854,0.7719604,0.0485293,281.0675,358.8106,0.3001823,0.006603975,-0.9538586,-0.1578263,0.006216828,-0.02567218,-1.038323,0.22066,-3.416589,-0.3092102,0.2088224,1.915,0.1919413,-0.02075803,0.9811869,0.003153763,0.9997842,0.02053453,-0.9814014,-0.000846995,0.1919653,moving,-11.694576930769605,7.086649616804365,-9.172239074518403,6.223265810802267,-1.9270511000000001,0.21072366,0.051264999999999894,-0.2012090749859648,0.12084711457367603,0.9720651992057823,-11.200899836783057,7.4342813590394865,2.629483653721904,2.6660119762567795,2.3626305564824346
71,05/05/2023 15:31:47.856082,254,True,True,True,True,Eyes,0.8656831,0.008970741,-3.469505,-0.9922687,0.1238837,-0.007472706,0.0,0.0,0.0,0.0,0.0,0.0,0.0,3.218165,0.05648675,1.550803,0.8769339,0.008176122,-3.463479,0.006016956,-0.6325589,-0.008502769,0.7744424,359.9176,281.5175,358.8092,0.291965,0.006059132,-0.9564094,-0.6821621,-0.03530543,0.05754964,-1.048619,0.2207778,-3.395635,-0.3053734,0.206169,1.915,0.1995941,-0.02078197,0.9796583,0.005557653,0.999783,0.02007657,-0.979863,0.001437434,0.1996662,moving,-12.088016636628044,6.940207866706035,-9.060325778909023,6.144798738790712,-1.9255529,0.212601678,0.06784400000000002,-0.20794623943994273,0.1181921086966492,0.9709733118912012,-11.597969450485666,7.284548824896487,3.093366568456685,3.130429301339731,2.7818457294880865
72,05/05/2023 15:31:47.876216,255,True,True,True,True,Eyes,0.8647685,0.00891304,-3.469145,-0.9923223,0.1235192,-0.006273508,0.0,0.0,0.0,0.0,0.0,0.0,0.0,3.202913,0.06279647,1.564954,0.8653499,0.006809529,-3.458728,0.006914209,-0.629355,-0.008278742,0.7770433,0.01860656,281.9893,358.7641,0.2852621,0.005607153,-0.9584327,-0.6412324,-0.0331871,0.05409667,-1.058566,0.2206975,-3.372476,-0.3015793,0.2035455,1.915,0.2076877,-0.02156886,0.9779574,0.004162897,0.9997673,0.02116581,-0.9781864,-0.0003247457,0.2077292,moving,-12.499813615295016,7.012090626332452,-8.949589371594113,6.067193121078958,-1.9239159,0.21388797099999998,0.086252,-0.21489259708246644,0.11922673967851471,0.9693327875468466,-12.013312466249085,7.347167438185525,3.629715070749113,3.6738159284313534,3.3203514050736644
73,05/05/2023 15:31:47.896356,256,True,True,True,True,Eyes,0.8634081,0.008900807,-3.468626,-0.9923961,0.123008,-0.004375172,0.0,0.0,0.0,0.0,0.0,0.0,0.0,3.186506,0.07241037,1.581413,0.8538241,0.006682981,-3.454109,0.008447755,-0.6258412,-0.008206438,0.7798616,0.1664046,282.5038,358.6606,0.2797778,0.005230962,-0.9600501,-0.6027584,-0.03119588,0.05085086,-1.068898,0.2135246,-3.347948,-0.2978401,0.2009597,1.915,0.2165108,-0.02337368,0.9760004,0.002225862,0.9997225,0.02344801,-0.9762777,-0.002904304,0.2165027,moving,-12.923148970339675,7.108610650139976,-8.840389304652039,5.990680831579501,-1.9227220999999999,0.206841619,0.10616099999999973,-0.22200991067384612,0.1206623458330223,0.9675496511031889,-12.440267772383311,7.433578979821425,4.180953918146604,4.233047786996088,3.8782831315719113
74,05/05/2023 15:31:47.905817,257,True,True,True,True,Eyes,0.8616242,0.008865467,-3.467936,-0.9924343,0.1227576,-0.002170992,0.0,0.0,0.0,0.0,0.0,0.0,0.0,3.169376,0.07872952,1.598887,0.8419736,0.00771751,-3.449435,0.008925417,-0.6221389,-0.009715546,0.7827958,0.1079866,283.0457,358.492,0.2752703,0.004918028,-0.9613539,-0.5665929,-0.02932412,0.04779981,-1.078943,0.2061841,-3.321723,-0.2939186,0.1982479,1.915,0.2256977,-0.02631627,0.973842,0.004104882,0.9996518,0.0260624,-0.9741888,-0.001884721,0.2257272,moving,-13.353865772331329,6.997819503713088,-8.72579574668992,5.91041723786605,-1.9209166,0.19846659,0.12771199999999983,-0.22933485969746742,0.11858446347079908,0.9660969043172638,-12.874902702080899,7.3179051341401635,4.700550977826012,4.754100950759222,4.38133663457077
75,05/05/2023 15:31:47.925761,258,True,True,True,True,Eyes,0.8594521,0.008792098,-3.467078,-0.9924757,0.1224405,0.0004550219,0.0,0.0,0.0,0.0,0.0,0.0,0.0,3.152302,0.07657663,1.616307,0.8300824,0.007054406,-3.44474,0.007306748,-0.618424,-0.01237189,0.7857134,359.7811,283.5916,358.368,0.2715425,0.004656318,-0.9624148,-0.5325973,-0.02756468,0.04493182,-1.088265,0.2072672,-3.294561,-0.2900793,0.1955932,1.915,0.2347975,-0.02847885,0.9716271,0.01040417,0.9995871,0.02678416,-0.9719887,0.003820119,0.2349969,moving,-13.743314355682692,6.623020373244243,-8.613536021821728,5.831821125865299,-1.9183474,0.200212794,0.15017900000000006,-0.23607573663192427,0.11207623500310293,0.9652497408944967,-13.268202877344569,6.945789535507822,5.144300860337132,5.190435627536707,4.786110023138246
76,05/05/2023 15:31:47.946173,259,True,True,True,True,Eyes,0.8569081,0.008796595,-3.466079,-0.9925195,0.1220435,0.003224373,0.0,0.0,0.0,0.0,0.0,0.0,0.0,3.136429,0.06976532,1.631485,0.8186581,0.006057967,-3.439994,0.00565092,-0.615007,-0.01342651,0.7883871,359.5643,284.0918,358.3885,0.2684345,0.004435533,-0.9632874,-0.5006415,-0.0259108,0.04223591,-1.096466,0.2153463,-3.267627,-0.286193,0.1929055,1.915,0.2431723,-0.02812129,0.9695754,0.01421987,0.9995756,0.02542502,-0.9698789,0.007604573,0.243469,moving,-14.068379011833704,6.387823502649131,-8.49983413357261,5.752225561301232,-1.9151240999999999,0.209288333,0.17236699999999994,-0.24165896009267585,0.10796019180724312,0.9643368261896947,-13.596395054732124,6.7108257251655665,5.5618418343310525,5.6047013126707785,5.1859278337874155
77,05/05/2023 15:31:47.956413,260,True,True,True,True,Eyes,0.8539983,0.008933049,-3.464849,-0.99252,0.1219311,0.006078529,0.0,0.0,0.0,0.0,0.0,0.0,0.0,3.124573,0.06097948,1.639791,0.8072339,0.007975878,-3.43568,0.005405055,-0.6124334,-0.01168164,0.7904174,359.6697,284.4655,358.5624,0.2656013,0.004238503,-0.9640733,-0.470603,-0.02435615,0.03970176,-1.10459,0.2186526,-3.242574,-0.2822453,0.1901755,1.915,0.2495777,-0.02508722,0.9680297,0.01184627,0.9996687,0.02285296,-0.9682823,0.005763957,0.2497922,moving,-14.263888071333195,6.530664238403974,-8.384266773583908,5.671354482141559,-1.9118239,0.210676722,0.19310600000000022,-0.2448856212853841,0.11027195000156058,0.9632607235803499,-13.793465397601455,6.846458127642785,5.891796127461664,5.942083797974813,5.535367949083746
78,05/05/2023 15:31:47.976453,261,True,True,True,True,Eyes,0.8507404,0.009102984,-3.463473,-0.9924575,0.1222636,0.008927464,0.0,0.0,0.0,0.0,0.0,0.0,0.0,3.114726,0.02931788,1.643842,0.7949693,0.01131039,-3.431106,-0.0003187153,-0.6102557,-0.0145696,0.7920706,358.9521,284.7865,358.6996,0.2629809,0.004065103,-0.9647921,-0.4423668,-0.02289478,0.03731965,-1.114304,0.2135002,-3.222605,-0.2784665,0.1875626,1.915,0.2547514,-0.02269131,0.9667404,0.0234693,0.9995753,0.01727748,-0.9667218,0.01828726,0.2551757,moving,-14.370727243972263,5.868222698065641,-8.273579478843374,5.59393102492751,-1.9092733,0.20218981,0.20850100000000005,-0.24697390348969805,0.09907363582548717,0.9639441283000074,-13.901990605971283,6.199217749841508,6.069753175747417,6.103314410365005,5.660864230427575
79,05/05/2023 15:31:47.996351,262,True,True,True,True,Eyes,0.8471742,0.00932118,-3.461869,-0.9924151,0.1223678,0.01177101,0.0,0.0,0.0,0.0,0.0,0.0,0.0,3.107638,-0.005245052,1.641823,0.7833641,0.01220093,-3.426254,-0.00648141,-0.6088398,-0.01650621,0.793095,358.2591,284.9908,358.9515,0.2605444,0.003913946,-0.9654536,-0.4158248,-0.02152109,0.03508047,-1.121894,0.2372994,-3.20462,-0.2744987,0.1848186,1.915,0.2580835,-0.0182897,0.9659495,0.03407426,0.9993711,0.009818526,-0.9655215,0.03038002,0.2585443,moving,-14.357337703682802,5.24548489555523,-8.157289106791179,5.512600849397709,-1.9052581,0.22509847,0.22163400000000033,-0.24699365222635072,0.08859059897114402,0.9649590703211679,-13.88918353698379,5.592817159217151,6.185161529160084,6.205799991670289,5.732455705475109
80,05/05/2023 15:31:48.011484,263,True,True,True,True,Eyes,0.8432797,0.009615525,-3.460111,-0.9923354,0.1227031,0.01464384,0.0,0.0,0.0,0.0,0.0,0.0,0.0,3.100535,-0.02333779,1.638958,0.7718576,0.0136865,-3.421125,-0.00870304,-0.6075697,-0.01562018,0.7940652,358.1202,285.1714,359.1841,0.2582665,0.003784181,-0.9660659,-0.3908753,-0.02022983,0.03297564,-1.129249,0.2573589,-3.19077,-0.2706317,0.1821451,1.915,0.2612302,-0.01423148,0.9651716,0.03538229,0.9993606,0.005159137,-0.9646279,0.03280226,0.2615666,moving,-14.346942168310557,5.185812924380377,-8.043887880382318,5.433338802106171,-1.9011065999999999,0.2436724,0.23035499999999987,-0.24684049994286433,0.08758909422159335,0.9650896108932651,-13.878763557008707,5.5348745400690875,6.2870974262376675,6.307912683028712,5.835759048124753
81,05/05/2023 15:31:48.026098,264,True,True,True,True,Eyes,0.8390923,0.009911069,-3.458171,-0.9922471,0.1230101,0.01772685,0.0,0.0,0.0,0.0,0.0,0.0,0.0,3.092194,-0.03763498,1.637652,0.7600869,0.01575443,-3.4157,-0.01138058,-0.6060092,-0.01719941,0.7951903,357.768,285.3936,359.2224,0.2561239,0.003675839,-0.9666366,-0.3674228,-0.01901604,0.0309971,-1.138671,0.2594473,-3.176489,-0.2664697,0.1792669,1.914999,0.264914,-0.01356014,0.9641768,0.04114708,0.9991493,0.002746554,-0.9633938,0.03894545,0.2652466,moving,-14.37546978321708,4.862328829309705,-7.921768854294645,5.34798741658874,-1.8987579,0.24369287,0.23921100000000006,-0.24743649959340347,0.08212607904149796,0.9654172772338269,-13.907906253292804,5.21923873031763,6.4557418330009675,6.471948697523193,5.987521789847698
82,05/05/2023 15:31:48.045952,265,True,True,True,True,Eyes,0.8346469,0.010183,-3.456124,-0.99218,0.1230492,0.02092269,0.0,0.0,0.0,0.0,0.0,0.0,0.0,3.082843,-0.0426298,1.638527,0.7486425,0.01606974,-3.410247,-0.01348619,-0.6041992,-0.02010734,0.7964655,357.3761,285.6527,359.0976,0.2540965,0.00358685,-0.9671718,-0.3453774,-0.01787508,0.02913727,-1.147173,0.2705157,-3.160705,-0.2628543,0.1767667,1.915,0.269078,-0.0157329,0.9629899,0.04832629,0.9988276,0.002815108,-0.9619052,0.04578025,0.2695228,moving,-14.44582285060379,4.442013882506084,-7.815621354352423,5.273820877806879,-1.8958154999999999,0.25444596,0.24954199999999993,-0.24876154501292402,0.07501546418646601,0.9656554203405827,-13.979351684521397,4.808522705951093,6.67135835703784,6.682175899983867,6.181267990613032
83,05/05/2023 15:31:48.056168,266,True,True,True,True,Eyes,0.8299653,0.01042875,-3.453961,-0.9921563,0.1225833,0.02447703,0.0,0.0,0.0,0.0,0.0,0.0,0.0,3.072347,-0.02013065,1.644387,0.7380211,0.01582786,-3.405702,-0.009602665,-0.6020766,-0.01930325,0.7981472,357.7894,285.9637,358.8961,0.2521662,0.00351463,-0.9676772,-0.3246548,-0.01680257,0.02738904,-1.154651,0.2816144,-3.142904,-0.258863,0.1740068,1.915,0.2742623,-0.01925059,0.9614623,0.04237675,0.9990703,0.007915384,-0.9607208,0.03857275,0.2748231,moving,-14.581484190598346,4.777327866759899,-7.698379310707612,5.19193302571588,-1.8926721,0.26578654,0.26279799999999964,-0.25093714303715525,0.08061872661026293,0.9646403916643191,-14.115830725163892,5.132729703284216,6.877832298463885,6.8955804850214415,6.4177244947328385
84,05/05/2023 15:31:48.076107,267,True,True,True,True,Eyes,0.8250911,0.01065691,-3.451728,-0.9921525,0.1218396,0.02808087,0.0,0.0,0.0,0.0,0.0,0.0,0.0,3.061892,-0.006032053,1.650581,0.7274744,0.01554256,-3.401496,-0.007424698,-0.5998499,-0.01932691,0.7998447,357.9906,286.2854,358.7381,0.2503178,0.0034568,-0.9681572,-0.3051755,-0.01579442,0.0257457,-1.164498,0.2659609,-3.123476,-0.2552547,0.1715119,1.915,0.2796132,-0.02200964,0.9598604,0.03982445,0.9991426,0.01130927,-0.9592865,0.03506369,0.28025,moving,-14.715147055287023,4.894416830200613,-7.592331783355341,5.117889561755506,-1.8919724,0.25041834,0.2780199999999997,-0.2531468753061026,0.08254078466664641,0.9639002464123234,-14.250539128763048,5.244388258885548,7.104772259118789,7.126320050335362,6.659408905812643
85,05/05/2023 15:31:48.096454,268,True,True,True,True,Eyes,0.8200141,0.01094241,-3.449409,-0.9922,0.1204727,0.03202434,0.0,0.0,0.0,0.0,0.0,0.0,0.0,3.053091,0.0100263,1.654692,0.7179893,0.01541699,-3.397605,-0.004018663,-0.598049,-0.01742545,0.8012601,358.4366,286.5438,358.6748,0.2485384,0.003411452,-0.9686157,-0.286865,-0.01484675,0.02420095,-1.173107,0.2568595,-3.104131,-0.2513098,0.1687834,1.915,0.2840675,-0.02311792,0.9585256,0.03273135,0.9993604,0.01440255,-0.9582455,0.02728253,0.2846426,moving,-14.769937044487264,5.242781923910088,-7.4763317402949525,5.036893715601596,-1.8910963,0.24144251000000003,0.2934739999999998,-0.2539408058211471,0.08838083798268896,0.9631733823222637,-14.305419868933622,5.582763487872268,7.265851500636392,7.296510692629917,6.850869906587954
86,05/05/2023 15:31:48.105846,269,True,True,True,True,Eyes,0.8147341,0.01132019,-3.447003,-0.9922012,0.1193286,0.0360193,0.0,0.0,0.0,0.0,0.0,0.0,0.0,3.044571,0.02494795,1.657283,0.7080231,0.01722286,-3.39338,-0.0001383607,-0.5963423,-0.01478457,0.8025942,358.9769,286.786,358.6494,0.2468161,0.003378978,-0.9690561,-0.2696531,-0.01395595,0.0227489,-1.1819,0.2393741,-3.087286,-0.2474257,0.1660974,1.915,0.2883146,-0.023567,0.9572457,0.02389704,0.9995629,0.01741124,-0.9572375,0.01785542,0.2887518,moving,-14.808210960618426,5.708385693132353,-7.362059266217779,4.957139766233463,-1.8899230999999999,0.22215124,0.30609399999999987,-0.25439908123823124,0.09619290109186507,0.9623034652730731,-14.343507211977194,6.03564407077977,7.439731335803011,7.483952531831546,7.0642612461794805
87,05/05/2023 15:31:48.126136,270,True,True,True,True,Eyes,0.8092633,0.01174253,-3.44451,-0.9921508,0.1183236,0.04045088,0.0,0.0,0.0,0.0,0.0,0.0,0.0,3.034513,0.01397919,1.662436,0.6978721,0.01977593,-3.388914,-0.002008177,-0.5941766,-0.01595838,0.8041738,358.7283,287.0959,358.6657,0.2451399,0.003360725,-0.9694815,-0.2534739,-0.01311859,0.02138396,-1.191365,0.2204064,-3.070586,-0.2434163,0.1633252,1.915,0.2933991,-0.02328019,0.9557065,0.02805304,0.9994826,0.01573434,-0.9555783,0.02219403,0.2939004,moving,-14.84803868312147,5.404378511678475,-7.244038597598013,4.874806130563445,-1.8892371,0.20063047,0.31832800000000017,-0.25519149861645096,0.09106599604178858,0.9625924585977086,-14.384027635203982,5.738778507764171,7.584627542784507,7.6224185274413125,7.192071448873356
88,05/05/2023 15:31:48.146294,271,True,True,True,True,Eyes,0.8036128,0.01220277,-3.441936,-0.9920551,0.1175091,0.04492376,0.0,0.0,0.0,0.0,0.0,0.0,0.0,3.024383,-0.00128191,1.667435,0.6878608,0.02126644,-3.384321,-0.004573047,-0.5920159,-0.01677888,0.8057386,358.4393,287.4037,358.7605,0.2435003,0.003356563,-0.9698946,-0.2382655,-0.01233147,0.02010093,-1.197863,0.2284894,-3.052595,-0.2396437,0.1607161,1.915,0.2984712,-0.02162415,0.9541736,0.03245342,0.9993951,0.01249737,-0.9538668,0.02723609,0.2989925,moving,-14.87568737684534,5.0920595196630885,-7.132931890493393,4.7972980778980885,-1.8857238,0.20722296,0.33172599999999974,-0.25577590255788407,0.08580387122128781,0.9629206808379898,-14.412271111747422,5.4340350150446,7.716785813106645,7.748364138899549,7.307134419539163
89,05/05/2023 15:31:48.156507,272,True,True,True,True,Eyes,0.7977903,0.01268442,-3.439294,-0.9919065,0.1167731,0.04985368,0.0,0.0,0.0,0.0,0.0,0.0,0.0,3.01383,-0.01160397,1.673422,0.6778984,0.0226018,-3.37988,-0.0064042,-0.5897233,-0.01765542,0.807387,358.2141,287.7292,358.7986,0.2418895,0.003366193,-0.9702976,-0.2239695,-0.01159158,0.01889487,-1.204057,0.2365191,-3.034813,-0.2358471,0.1580911,1.915,0.3038296,-0.02095611,0.9524959,0.03606293,0.9992945,0.01048229,-0.9520437,0.03116497,0.304371,moving,-14.90318377027143,4.8333241349916,-7.021063895548511,4.719299923061871,-1.8819553999999998,0.2139173,0.3450669999999998,-0.2563321148198391,0.08144225502909003,0.9631515234080084,-14.440300680623844,5.181492850418216,7.855834145814437,7.882944579305898,7.433619359041274
90,05/05/2023 15:31:48.177010,273,True,True,True,True,Eyes,0.791819,0.0131776,-3.436573,-0.9917219,0.1160917,0.05486741,0.0,0.0,0.0,0.0,0.0,0.0,0.0,3.001781,-0.01795555,1.68184,0.6680768,0.02358267,-3.375309,-0.00768373,-0.5871076,-0.01860201,0.8092587,358.0356,288.0999,358.7911,0.2403001,0.003388874,-0.9706923,-0.2105314,-0.01089609,0.01776118,-1.21013,0.2424187,-3.016297,-0.2319342,0.1553852,1.915001,0.3099172,-0.02108532,0.9505298,0.03913002,0.9991898,0.009406507,-0.9499581,0.03427901,0.3104912,moving,-14.976801680899625,4.612867917532422,-6.905709198373175,4.638877176396994,-1.8782068,0.21883603,0.35901200000000033,-0.2576465011884699,0.07770765426367707,0.9631094659086188,-14.51481492705497,4.965410929016852,8.047194608509466,8.071134390099179,7.616108867516148
91,05/05/2023 15:31:48.196324,274,True,True,True,True,Eyes,0.7857217,0.01370537,-3.433784,-0.991511,0.1151253,0.06043358,0.0,0.0,0.0,0.0,0.0,0.0,0.0,2.988533,-0.01870962,1.692533,0.6585318,0.02434587,-3.37077,-0.007815377,-0.5842329,-0.0189461,0.8113273,358.0046,288.5066,358.7609,0.2387253,0.00342369,-0.9710807,-0.1978995,-0.01024232,0.01669551,-1.215816,0.2466656,-2.996123,-0.2281265,0.1527523,1.915001,0.3166261,-0.02161098,0.9483041,0.03987497,0.9991599,0.009456214,-0.9477118,0.03481952,0.3172218,moving,-15.062321550493941,4.516910130449283,-6.793405355214646,4.560608878373668,-1.8743478,0.22231973000000002,0.37464699999999995,-0.25911670994656655,0.07606358518843513,0.96284628941875,-14.601195933883703,4.870395371714987,8.24567183803861,8.269031661876884,7.8139337975062215
92,05/05/2023 15:31:48.205905,275,True,True,True,True,Eyes,0.7794971,0.01426601,-3.430936,-0.9912621,0.1141587,0.06608529,0.0,0.0,0.0,0.0,0.0,0.0,0.0,2.972767,-0.006998923,1.70826,0.6494132,0.02579304,-3.366472,-0.004945801,-0.5807896,-0.01738619,0.8138531,358.3814,288.9927,358.7071,0.2371612,0.003470428,-0.9714637,-0.1860255,-0.009627785,0.01569378,-1.221368,0.2458479,-2.97457,-0.2242936,0.1501015,1.915,0.3247623,-0.02255467,0.9455268,0.03404455,0.9993465,0.01214513,-0.9451829,0.02824575,0.3253179,moving,-15.241072572648234,4.822948332745325,-6.6803087336600635,4.481793563094658,-1.8707812000000001,0.22005486000000002,0.391902,-0.2620141022931674,0.08113964819957303,0.9616470209624939,-14.781177093972165,5.165308337216244,8.536101178766225,8.567558817060018,8.129653168342927
93,05/05/2023 15:31:48.225975,276,True,True,True,True,Eyes,0.7731628,0.01483303,-3.428015,-0.9909695,0.1130446,0.07211316,0.0,0.0,0.0,0.0,0.0,0.0,0.0,2.958607,-0.004090935,1.72105,0.6401361,0.02714972,-3.362272,-0.004255109,-0.5776451,-0.01744604,0.8160906,358.4471,289.4351,358.6495,0.2356026,0.003528896,-0.9718426,-0.174864,-0.009050118,0.01475215,-1.227198,0.2322325,-2.950178,-0.2204917,0.1474721,1.915,0.3320438,-0.02355921,0.9429697,0.03339097,0.9993551,0.01321013,-0.9426727,0.02710034,0.3326163,moving,-15.341623353301955,4.807094199727741,-6.568071646146844,4.403595378183617,-1.8673340999999999,0.20508278000000002,0.41209399999999974,-0.263707873370779,0.08083487665344297,0.9612095607115438,-14.882631302629372,5.148055601048149,8.750292664455959,8.782825334544224,8.34782147057748
94,05/05/2023 15:31:48.246072,277,True,True,True,True,Eyes,0.6124408,0.0291443,-3.353462,-0.9716316,0.07988441,0.2225992,0.0,0.0,0.0,0.0,0.0,0.0,0.0,2.944892,-1.440197e-05,1.732506,0.631139,0.02793759,-3.357804,-0.002972628,-0.5747037,-0.01641408,0.8181917,358.6402,289.847,358.6563,0.2340468,0.003598127,-0.9722182,-0.1643721,-0.008507111,0.01386702,-1.232153,0.2288025,-2.927601,-0.2165507,0.1447472,1.915,0.3388926,-0.02344296,0.940533,0.03027648,0.9994435,0.0140021,-0.9403378,0.02373081,0.3394138,moving,-7.005497807610878,3.092078922923662,-6.451674688376623,4.322539685408984,-1.863292,0.20086490999999998,0.43020299999999967,-0.12178964762717592,0.05353922424651762,0.9911108525882351,-6.475014580847725,3.6272942355034505,1.3450203435567958,1.3493530803367662,0.6956371081209727
95,05/05/2023 15:31:48.256110,278,True,True,True,True,Eyes,0.6120918,0.02918155,-3.353279,-0.9715254,0.0797338,0.2231165,0.0,0.0,0.0,0.0,0.0,0.0,0.0,2.931823,0.003640786,1.742985,0.6224411,0.02869198,-3.353407,-0.001336929,-0.5719267,-0.01443334,0.8201767,358.9283,290.2341,358.7308,0.2263295,0.004248528,-0.974041,-0.6366758,0.03493714,0.2366933,-1.237414,0.2204308,-2.905962,-0.2127798,0.1421396,1.915,0.3453832,-0.02214653,0.9382004,0.02520503,0.9995798,0.01431659,-0.9381232,0.01870266,0.3457962,moving,-7.365887478609486,3.376191530500403,-6.34025151186289,4.244956994452376,-1.8598550999999999,0.19173882,0.44744499999999965,-0.12798629354392266,0.05840723736550714,0.9900546235274437,-6.838258824353369,3.897581578350869,1.3436647274965312,1.3441289252299835,0.6071910432521914
96,05/05/2023 15:31:48.276071,279,True,True,True,True,Eyes,0.611414,0.02924047,-3.352903,-0.971357,0.07953282,0.2239194,0.0,0.0,0.0,0.0,0.0,0.0,0.0,2.918128,0.002384529,1.753642,0.6138338,0.02966108,-3.348591,-0.0008583045,-0.5690724,-0.01333445,0.8221788,359.0495,290.6317,358.7994,0.2200506,0.004788872,-0.9754762,-0.5984753,0.03284091,0.2224917,-1.24271,0.2085522,-2.885227,-0.2089283,0.1394762,1.915,0.3519575,-0.02094973,0.9357816,0.02290348,0.9996428,0.01376518,-0.9357358,0.0165879,0.3523116,moving,-7.715114768263027,3.4908085464434326,-6.22639703030453,4.1656980122193685,-1.8565437999999999,0.17889112,0.4633639999999999,-0.1340029814566142,0.06033925337025569,0.9891421354213816,-7.190433007614396,4.002955172216886,1.634484303423665,1.6345507928258434,0.977676120972514
97,05/05/2023 15:31:48.296176,280,True,True,True,True,Eyes,0.6103944,0.02932262,-3.35239,-0.9710805,0.07928431,0.2252038,0.0,0.0,0.0,0.0,0.0,0.0,0.0,2.902699,0.001885217,1.766887,0.6052688,0.03025543,-3.343693,-0.0005223776,-0.5658264,-0.0126956,0.8244266,359.1274,291.0831,358.8343,0.2149265,0.005240054,-0.9766157,-0.5625668,0.03087046,0.2091422,-1.247137,0.202471,-2.863917,-0.2050538,0.1367971,1.915,0.3593586,-0.02034204,0.9329779,0.02152434,0.9996771,0.01350569,-0.9329513,0.01522834,0.3596805,moving,-8.09034706683232,3.55537816552593,-6.1118128142001735,4.085955705125068,-1.8524058,0.17221557,0.4797760000000002,-0.1404689235202955,0.06139838645000608,0.9881795436524943,-7.568897526578935,4.059107286351413,2.0474380273467463,2.0484409472488396,1.4573320474890215
98,05/05/2023 15:31:48.305667,281,True,True,True,True,Eyes,0.6090695,0.0294148,-3.351692,-0.9707226,0.07913294,0.2267944,0.0,0.0,0.0,0.0,0.0,0.0,0.0,2.885215,0.0003435016,1.78277,0.5966707,0.0308477,-3.338528,-0.0005940624,-0.5621481,-0.01259999,0.8269404,359.132,291.5936,358.8441,0.2107269,0.005619047,-0.9775283,-0.5288128,0.02901823,0.1965937,-1.250736,0.197574,-2.840776,-0.2011643,0.1341075,1.915,0.3676615,-0.02017098,0.9297408,0.02150678,0.9996818,0.01318361,-0.929711,0.01514863,0.3679784,moving,-8.50588214978085,3.5488134519154078,-5.996735609251921,4.005884917781688,-1.8474067,0.1667263,0.4977520000000002,-0.1476335095453586,0.06122060687704446,0.9871456186237624,-7.988099800434268,4.045238891491068,2.5482767419233716,2.5504373520550243,1.9917530161066765
99,05/05/2023 15:31:48.325759,282,True,True,True,True,Eyes,0.607427,0.02950923,-3.350845,-0.9702682,0.07904473,0.2287607,0.0,0.0,0.0,0.0,0.0,0.0,0.0,2.867245,-0.002856869,1.799354,0.5880321,0.03115794,-3.33347,-0.001380961,-0.5583192,-0.01341009,0.8295168,359.0107,292.124,358.8134,0.2072652,0.005939354,-0.9782662,-0.497084,0.02727713,0.1847981,-1.253466,0.195286,-2.815626,-0.197378,0.1314892,1.915,0.3761998,-0.02070575,0.9263073,0.02378982,0.9996365,0.01268316,-0.9262332,0.01726528,0.3765556,moving,-8.917796295831064,3.414114328503932,-5.884665074161109,3.927921708017673,-1.8414981,0.16412806,0.5178440000000002,-0.1547487036438916,0.05883490205578379,0.9862003853969661,-8.4037933601288,3.9066132016667945,3.073801013307154,3.0763424762389264,2.5192184053006246
100,05/05/2023 15:31:48.345861,283,True,True,True,True,Eyes,0.6054909,0.0295883,-3.349797,-0.9697283,0.07901628,0.2310487,0.0,0.0,0.0,0.0,0.0,0.0,0.0,2.848128,-0.004702125,1.81693,0.5792417,0.03116475,-3.328152,-0.002270209,-0.5542652,-0.0148543,0.8322046,358.84,292.684,358.7273,0.2043828,0.006212172,-0.9788709,-0.467259,0.02564051,0.1737102,-1.25544,0.1969997,-2.789989,-0.1935168,0.1288187,1.915,0.3851389,-0.02220704,0.9225914,0.02724023,0.9995484,0.01268789,-0.9224565,0.020245,0.3855699,moving,-9.341672014436387,3.22401831666978,-5.770331026656626,3.8483891692417918,-1.8346817,0.16583495,0.5381630000000004,-0.16207137953607664,0.055496499026853996,0.9852172636675901,-8.831616148823569,3.7138073831964027,3.6229866420411856,3.6255089866854866,3.0642419709180673
101,05/05/2023 15:31:48.355870,284,True,True,True,True,Eyes,0.6032621,0.02962677,-3.348579,-0.9690765,0.07904109,0.2337589,0.0,0.0,0.0,0.0,0.0,0.0,0.0,2.827584,-0.002287358,1.835554,0.5702798,0.03085249,-3.322397,-0.002341768,-0.5499795,-0.01591779,0.8350232,358.7726,293.2737,358.624,0.2017378,0.006460331,-0.9794178,-0.4392234,0.02410208,0.1632876,-1.256821,0.200142,-2.763037,-0.1895217,0.1260563,1.915,0.3945384,-0.02400759,0.9185659,0.02915929,0.9994823,0.01359805,-0.9184167,0.02141977,0.3950342,moving,-9.77383624572969,3.136393193961515,-5.651983517864978,3.7661040472159555,-1.8271008,0.16928950999999998,0.5593599999999999,-0.16951253187765036,0.05392124749092635,0.9840518180946061,-9.267685200948247,3.6206747385905924,4.166595572068897,4.169676926203301,3.6186252009372883
102,05/05/2023 15:31:48.376084,285,True,True,True,True,Eyes,0.6007752,0.02959468,-3.347184,-0.9683315,0.07905237,0.2368222,0.0,0.0,0.0,0.0,0.0,0.0,0.0,2.805017,0.0005596094,1.856956,0.5613142,0.02993836,-3.316691,-0.002376699,-0.5452359,-0.01687248,0.8381096,358.7174,293.9241,358.5275,0.1992988,0.006685207,-0.9799155,-0.41287,0.02265595,0.1534903,-1.258146,0.1996613,-2.734783,-0.1856745,0.1233962,1.915,0.4048662,-0.02569025,0.9140151,0.03087369,0.9994193,0.0144151,-0.9138547,0.02238283,0.4054243,moving,-10.245267284838832,3.05949908029053,-5.537971513335601,3.686851480489625,-1.8194602,0.16972294000000002,0.5819079999999999,-0.17761674207009315,0.05252431342596638,0.9826970107531842,-9.74335483235546,3.5372895197047094,4.745234144404176,4.7489161410207865,4.208042019752691
103,05/05/2023 15:31:48.396185,286,True,True,True,True,Eyes,0.598024,0.02951403,-3.345615,-0.9674896,0.07886487,0.2403003,0.0,0.0,0.0,0.0,0.0,0.0,0.0,2.781321,0.008357927,1.87995,0.552667,0.028203,-3.311162,-0.001632217,-0.5402635,-0.0176035,0.8413103,358.7527,294.6027,358.4034,0.1970394,0.006887069,-0.9803709,-0.3880978,0.02129659,0.1442809,-1.258588,0.1981041,-2.704713,-0.1817799,0.1207027,1.915,0.4156109,-0.02785635,0.9091159,0.03138366,0.9993749,0.01627465,-0.9090009,0.02176745,0.4162254,moving,-10.724733271199582,3.054813584466517,-5.422509983135091,3.606589428932949,-1.811255,0.1699011,0.606449,-0.18583547718418214,0.05236301153264975,0.981184650537974,-10.227048964752688,3.524101976889993,5.326084209350246,5.330856251957097,4.805247028574867
104,05/05/2023 15:31:48.406358,287,True,True,True,True,Eyes,0.595024,0.02942574,-3.343857,-0.9665481,0.07854494,0.2441629,0.0,0.0,0.0,0.0,0.0,0.0,0.0,2.756122,0.02562476,1.903926,0.5437289,0.02697477,-3.305364,0.001230726,-0.5350428,-0.01718363,0.8446494,359.0655,295.3098,358.2608,0.1949349,0.007066882,-0.9807903,-0.3648119,0.0200188,0.135624,-1.258305,0.1927927,-2.673905,-0.177905,0.118023,1.915,0.4268678,-0.03034527,0.9038048,0.0277113,0.9994064,0.02046702,-0.9038894,0.01630889,0.4274553,moving,-11.221913081300794,3.3142916924319854,-5.307588633485168,3.526724527879835,-1.8020339,0.16581793,0.631459,-0.19429631354782861,0.05671130043090812,0.9793022158122504,-10.72831582732904,3.76793140822137,5.909761450158924,5.91813833765366,5.426091048738727
105,05/05/2023 15:31:48.426284,288,True,True,True,True,Eyes,0.5917723,0.02927785,-3.341921,-0.9654934,0.07819642,0.2484105,0.0,0.0,0.0,0.0,0.0,0.0,0.0,2.728564,0.04226026,1.929934,0.5347922,0.02671459,-3.299208,0.003776009,-0.5293835,-0.01766752,0.8481902,359.2952,296.0727,358.0532,0.1929638,0.007226659,-0.9811788,-0.3429232,0.01881767,0.1274866,-1.258348,0.1788275,-2.641796,-0.1741201,0.115406,1.915,0.4388819,-0.03396874,0.8979024,0.02597292,0.9993472,0.02511133,-0.8981692,0.01230023,0.4394777,moving,-11.753640643499715,3.472653591468276,-5.195295124165319,3.448715068366714,-1.7931402,0.15211291,0.6574120000000003,-0.20334539974724392,0.05930660716294331,0.977309232946809,-11.26454844621369,3.912636923645806,6.546762427503435,6.558389208019133,6.086958138101558
106,05/05/2023 15:31:48.435922,289,True,True,True,True,Eyes,0.5883045,0.02905842,-3.339803,-0.9643232,0.07764684,0.2530842,0.0,0.0,0.0,0.0,0.0,0.0,0.0,2.697413,0.05488421,1.96013,0.5257784,0.02521122,-3.293036,0.005037613,-0.5229514,-0.0192428,0.8521305,359.3387,296.9378,357.8185,0.1911063,0.00736673,-0.9815413,-0.3223478,0.01768861,0.1198374,-1.256974,0.1686743,-2.607604,-0.1702028,0.1126968,1.915,0.4523031,-0.0380636,0.8910517,0.02752589,0.9992087,0.0287115,-0.8914394,0.01154069,0.4529929,moving,-12.355398616449264,3.4217656176860394,-5.0790313123938535,3.3679437588387633,-1.7827524000000001,0.14346308,0.685432,-0.21361091961702622,0.05830796475160994,0.9751771297445191,-11.87166361101782,3.852241723849306,7.263936243195345,7.276566356188638,6.80987504020616
107,05/05/2023 15:31:48.455691,290,True,True,True,True,Eyes,0.5846235,0.02878386,-3.337502,-0.9630514,0.07683381,0.2581252,0.0,0.0,0.0,0.0,0.0,0.0,0.0,2.662859,0.07638958,1.993493,0.5170321,0.02319771,-3.286763,0.008419964,-0.5159243,-0.01902537,0.8563815,359.7015,297.8727,357.6345,0.1893454,0.007487016,-0.9818816,-0.3030069,0.01662729,0.1126471,-1.253502,0.1635257,-2.570545,-0.1662627,0.1099726,1.915,0.4669204,-0.04127408,0.8833356,0.02389782,0.9991343,0.0340527,-0.8839763,0.005209898,0.4675025,moving,-13.018715378629041,3.6800924423660497,-4.962048489310751,3.2867117286355034,-1.7705340999999999,0.14032798999999999,0.716218,-0.22482831442116147,0.06254232401204046,0.9723891911255638,-12.540531964647933,4.091961670471129,8.048223873190674,8.066264919488622,7.621144222148338
108,05/05/2023 15:31:48.475776,291,True,True,True,True,Eyes,0.5807434,0.02847258,-3.335007,-0.9616206,0.0758673,0.2636852,0.0,0.0,0.0,0.0,0.0,0.0,0.0,2.625675,0.09812915,2.028589,0.5082814,0.0216652,-3.280267,0.01220821,-0.5084293,-0.01809328,0.8608271,0.1501159,298.8621,357.5031,0.1876668,0.00758789,-0.9822031,-0.2848265,0.01562965,0.1058883,-1.248846,0.1467608,-2.530914,-0.1619558,0.1069942,1.914999,0.4823446,-0.04356439,0.8748976,0.01873634,0.9990472,0.03941663,-0.8757811,-0.002620016,0.4827013,moving,-13.70903774803488,4.02321551522622,-4.83413034160699,3.1978863306434224,-1.7571274,0.1250956,0.7493529999999997,-0.23644005310925403,0.06817133483071627,0.9692516085340181,-13.236548405093615,4.413800375171623,8.8872170833276,8.913200869249652,8.489939709873518
109,05/05/2023 15:31:48.496194,292,True,True,True,True,Eyes,0.5766606,0.02812414,-3.332312,-0.9600455,0.07485886,0.2696458,0.0,0.0,0.0,0.0,0.0,0.0,0.0,2.584853,0.1136167,2.066507,0.499656,0.0205051,-3.273339,0.01476631,-0.5002874,-0.01785885,0.8655494,0.4407705,299.9341,357.3812,0.1860576,0.00767023,-0.9825085,-0.2677369,0.01469188,0.09953502,-1.243421,0.1281994,-2.490606,-0.158693,0.104738,1.914999,0.4987873,-0.04569023,0.8655193,0.01614064,0.998926,0.04343105,-0.8665741,-0.007692822,0.4989891,moving,-14.44939122406166,4.2035766011150955,-4.737188550676976,3.130587677147674,-1.743077,0.10769429999999999,0.7827329999999999,-0.2488951498986085,0.07099372206827377,0.965925030337361,-13.983219658945718,4.5761843267858175,9.739482966193254,9.771293977762483,9.358356742960718
110,05/05/2023 15:31:48.506146,293,True,True,True,True,Eyes,0.5723958,0.02774196,-3.329391,-0.9582275,0.0737817,0.2763264,0.0,0.0,0.0,0.0,0.0,0.0,0.0,2.537644,0.1322123,2.109352,0.4909661,0.01926294,-3.265741,0.01756991,-0.4910255,-0.01830335,0.8707757,0.723326,301.1454,357.1837,0.1845051,0.007734885,-0.9828008,-0.2516727,0.01381036,0.09356292,-1.235316,0.1146591,-2.447185,-0.154632,0.10193,1.914999,0.517118,-0.04913078,0.8545029,0.01462167,0.9987126,0.04857373,-0.8557892,-0.01262408,0.5171705,moving,-15.291229189944122,4.345218913745087,-4.616493336646345,3.0468176990612865,-1.7262821000000002,0.09539616000000001,0.8185559999999996,-0.2630198592568026,0.07309802068233885,0.9620172521098338,-14.832312770338454,4.699025109951757,10.715685937369617,10.753410214995679,10.348562993498312
111,05/05/2023 15:31:48.526179,294,True,True,True,True,Eyes,0.5723958,0.02774196,-3.329391,-0.9582275,0.0737817,0.2763264,0.0,0.0,0.0,0.0,0.0,0.0,0.0,2.480793,0.1503047,2.16075,0.4823781,0.01806811,-3.257722,0.01998496,-0.4799864,-0.0196886,0.8768274,0.9251493,302.5814,356.9207,0.1829998,0.00778264,-0.9830818,-0.2365723,0.01298174,0.08794914,-1.22447,0.1017513,-2.39951,-0.1509383,0.09937575,1.915,0.538451,-0.05371202,0.8409433,0.01534199,0.998426,0.05394723,-0.8425173,-0.0161462,0.5384274,moving,-16.758268318638002,4.423554130307248,-4.50667644549447,2.9706048629881177,-1.7068481,0.08368319,0.858212,-0.28754664954284603,0.07387149215720333,0.9549135496636605,-16.312184679196022,4.7489509541610335,12.293374290112936,12.337445643222905,11.93869923718598
112,05/05/2023 15:31:48.546238,295,True,True,True,True,Eyes,0.5723958,0.02774196,-3.329391,-0.9582275,0.0737817,0.2763264,0.0,0.0,0.0,0.0,0.0,0.0,0.0,2.414623,0.1662492,2.219596,0.473674,0.01699637,-3.249614,0.02222946,-0.4672095,-0.02078486,0.8836229,1.138149,304.2325,356.7028,0.1816446,0.007825607,-0.9833328,-0.222378,0.01220284,0.08267219,-1.208741,0.09158531,-2.345083,-0.1470559,0.09669069,1.915,0.5625665,-0.05750359,0.8247499,0.01596032,0.9981477,0.0587067,-0.826598,-0.01986315,0.5624422,moving,-18.438717766999357,4.5072322584657085,-4.391216102724832,2.890479292677522,-1.682415,0.07458894,0.904531,-0.3154094574506498,0.07457361626588858,0.9460209354215237,-18.00734050078152,4.800243440223558,14.088815125521162,14.140233136698292,13.749401540525568
113,05/05/2023 15:31:48.555908,296,True,True,True,True,Eyes,0.5672509,0.02722449,-3.325619,-0.9552528,0.07267068,0.2867245,0.0,0.0,0.0,0.0,0.0,0.0,0.0,2.347343,0.1699651,2.278072,0.4646548,0.01562594,-3.242279,0.02233685,-0.4541615,-0.02227444,0.8903608,1.119821,305.9153,356.5622,0.1804246,0.007864264,-0.983557,-0.2090353,0.01147067,0.07771187,-1.188342,0.08107231,-2.285152,-0.1432388,0.09405133,1.915,0.5864824,-0.05995363,0.80774,0.0193755,0.9980098,0.06000808,-0.8097302,-0.01954331,0.5864769,moving,-19.502308208447808,4.331919411391144,-4.277662890694386,2.811706436579275,-1.6529968,0.06544636999999999,0.9571269999999998,-0.3329969790426154,0.07122334242487607,0.9402340804193781,-19.080495645677253,4.610333456993761,15.25050803720086,15.300355307644901,14.911704018339377
114,05/05/2023 15:31:48.576371,297,True,True,True,True,Eyes,0.5619354,0.02668172,-3.321718,-0.952021,0.07156853,0.2975464,0.0,0.0,0.0,0.0,0.0,0.0,0.0,2.287777,0.1771467,2.326133,0.4554608,0.01436658,-3.235514,0.02305692,-0.4426741,-0.02367251,0.8960735,1.166793,307.3831,356.3965,0.1791973,0.007884835,-0.9837812,-0.1964932,0.01078243,0.07304915,-1.16579,0.07754643,-2.226058,-0.1390985,0.09118798,1.915,0.6069586,-0.062838,0.7922453,0.02201122,0.997816,0.06227979,-0.7944286,-0.02036296,0.607016,moving,-20.330357352748294,4.217759593155887,-4.154456899141003,2.726236478182686,-1.6212508,0.06317985,1.0094559999999997,-0.34660474562892485,0.06898821566429268,0.9354708309120527,-19.915966194110553,4.4842320224146075,16.195259350043703,16.244518973718858,15.859247257954925
115,05/05/2023 15:31:48.595684,298,True,True,True,True,Eyes,0.5564786,0.02611155,-3.317654,-0.9484623,0.07048114,0.3089526,0.0,0.0,0.0,0.0,0.0,0.0,0.0,2.233425,0.1856024,2.366763,0.446038,0.01320957,-3.228789,0.02404112,-0.4322583,-0.02496543,0.9010836,1.245885,308.704,356.2277,0.1779588,0.007888379,-0.984006,-0.1847036,0.01013548,0.0686662,-1.146081,0.07229093,-2.174803,-0.1353659,0.0886068,1.914999,0.6250591,-0.06577581,0.7778013,0.02420793,0.9975975,0.06490914,-0.780202,-0.02174309,0.6251497,moving,-20.97688925701309,4.13838360957818,-4.0433522131738915,2.649180154730054,-1.5921189999999998,0.05908136,1.053986,-0.3571771696396482,0.06740534871967892,0.9316013219805661,-20.56828167545391,4.395279909687337,16.949849403742242,16.998894191829248,16.61692384551341
116,05/05/2023 15:31:48.615794,299,True,True,True,True,Eyes,0.5508478,0.02552068,-3.313473,-0.9446849,0.06940619,0.3205513,0.0,0.0,0.0,0.0,0.0,0.0,0.0,2.183735,0.1882135,2.401496,0.4364144,0.01206656,-3.22191,0.02418648,-0.4227439,-0.02595636,0.9055546,1.252504,309.9081,356.131,0.1767063,0.007875783,-0.9842318,-0.1736214,0.009527352,0.06454623,-1.128169,0.06595466,-2.128336,-0.1315081,0.08593951,1.915,0.6412278,-0.06745917,0.7643797,0.02656042,0.9974825,0.06575014,-0.7668908,-0.02185858,0.6414053,moving,-21.481269724622162,4.017532960544604,-3.9284845320879413,2.569540294943358,-1.5645834,0.053888099999999994,1.0935739999999998,-0.36541744997641423,0.06521652305389322,0.9285563029797989,-21.077240374378334,4.268481742377711,17.565117402595018,17.612408999761605,17.23270811510191
117,05/05/2023 15:31:48.626119,300,True,True,True,True,Eyes,0.5450637,0.0249597,-3.309171,-0.9407463,0.0684784,0.3321252,0.0,0.0,0.0,0.0,0.0,0.0,0.0,2.140162,0.1882908,2.429692,0.4265753,0.01098873,-3.21513,0.02425657,-0.4143371,-0.02585647,0.9094328,1.300317,310.9683,356.1498,0.1754358,0.007848022,-0.9844592,-0.1632041,0.008955711,0.06067346,-1.111854,0.0619184,-2.085753,-0.1277005,0.08330614,1.915,0.6553126,-0.06713023,0.752369,0.02692864,0.9974862,0.06554603,-0.7548777,-0.02269286,0.6554729,moving,-21.8377487787456,3.9981510820052453,-3.8150826293180637,2.490904832297826,-1.5384292999999998,0.050929669999999996,1.1293769999999999,-0.37119906972490496,0.0647427149740193,0.9262935129851921,-21.43688090154159,4.243189595975415,18.03750870441993,18.085582279566733,17.70870622716286
118,05/05/2023 15:31:48.635776,301,True,True,True,True,Eyes,0.5390878,0.02440393,-3.304755,-0.9365843,0.06787044,0.3438074,0.0,0.0,0.0,0.0,0.0,0.0,0.0,2.103106,0.1892284,2.451387,0.41669,0.01117052,-3.208489,0.02427912,-0.4071573,-0.02696528,0.9126372,1.281116,311.8693,356.043,0.1741455,0.007807493,-0.9846886,-0.1534119,0.008418368,0.05703305,-1.097868,0.05612519,-2.047644,-0.1236361,0.08049592,1.915,0.6669917,-0.06898986,0.7418643,0.02944818,0.9973668,0.06627426,-0.7444831,-0.02235783,0.667267,moving,-22.028054894128214,3.889223185618463,-3.693999424057601,2.4069780741395563,-1.514558,0.04495467,1.1608450000000001,-0.37431795707909993,0.06289659632789851,0.9251649372439155,-21.62898564215175,4.1336546060558135,18.3478578969964,18.393875082486815,18.017911712767866
119,05/05/2023 15:31:48.655889,302,True,True,True,True,Eyes,0.5329799,0.02382687,-3.300208,-0.9323522,0.06735767,0.3552215,0.0,0.0,0.0,0.0,0.0,0.0,0.0,2.06431,0.1837097,2.47379,0.4060663,0.01064838,-3.201524,0.02225776,-0.3996192,-0.03117099,0.9158808,0.9086261,312.8205,355.7047,0.1728318,0.007755612,-0.9849205,-0.1442071,0.007913266,0.05361107,-1.086406,0.05402098,-2.014171,-0.1194869,0.07762671,1.915,0.6786658,-0.07488707,0.7306195,0.03930856,0.997066,0.06568395,-0.7333947,-0.01585785,0.6796182,moving,-22.260458501330636,3.334481928269966,-3.5703558444108157,2.3212789278496575,-1.4924723,0.043372600000000004,1.1873529999999999,-0.37826804688167764,0.05384296746850689,0.9241288947854758,-21.864060056955513,3.589072429745179,18.684861614010785,18.717545716419714,18.337582015618203
120,05/05/2023 15:31:48.676096,303,True,True,True,True,Eyes,0.5267,0.02325441,-3.295579,-0.9278896,0.06678191,0.3668256,0.0,0.0,0.0,0.0,0.0,0.0,0.0,2.022025,0.1934826,2.497693,0.3957819,0.009712998,-3.194958,0.02318018,-0.3915203,-0.03371746,0.9192594,0.9290949,313.8236,355.4027,0.171493,0.007692844,-0.985155,-0.1355547,0.00743847,0.0503944,-1.074134,0.06394038,-1.979848,-0.1159717,0.07519562,1.915,0.69115,-0.08014119,0.7182541,0.04383915,0.9966516,0.06901933,-0.7213804,-0.01621505,0.6923491,moving,-22.562569343059,3.177498357153186,-3.4655789642886736,2.2486576421257105,-1.4699159,0.054227382000000005,1.2151100000000001,-0.3831888968935976,0.05119845895386502,0.9222499342396209,-22.169008287940418,3.4307130996533943,19.089670065614587,19.11956554424653,18.74074501105831
121,05/05/2023 15:31:48.686194,304,True,True,True,True,Eyes,0.5202498,0.02270469,-3.290897,-0.9233111,0.0661034,0.3783212,0.0,0.0,0.0,0.0,0.0,0.0,0.0,1.976779,0.2004109,2.523408,0.3852979,0.009267157,-3.188553,0.02431737,-0.3827878,-0.03431236,0.9228786,1.066637,314.9012,355.2986,0.1701266,0.007620392,-0.9853925,-0.1274214,0.006992162,0.04737074,-1.060122,0.06010919,-1.944785,-0.1123453,0.07268792,1.915,0.7045923,-0.08194906,0.7048645,0.04471549,0.9964627,0.07115266,-0.708202,-0.01861525,0.7057644,moving,-22.94374807822636,3.2052485005379254,-3.3574632498288817,2.1737402977255145,-1.4454199,0.050842033,1.2437680000000002,-0.38930986215861285,0.051501814938246605,0.9196659021233302,-22.55351302770278,3.450890494351142,19.582001423334393,19.61342811829647,19.238488498303433
122,05/05/2023 15:31:48.706257,305,True,True,True,True,Eyes,0.5136544,0.0221013,-3.286163,-0.9184979,0.06544773,0.3899723,0.0,0.0,0.0,0.0,0.0,0.0,0.0,1.933095,0.1976031,2.548212,0.3749133,0.009202732,-3.182552,0.02427269,-0.3742111,-0.03368459,0.9264137,1.132399,315.9633,355.3773,0.1687301,0.007539874,-0.9856331,-0.1197761,0.006572632,0.04452849,-1.044218,0.05228338,-1.908502,-0.108489,0.07002154,1.914999,0.7176628,-0.08057794,0.6917135,0.04424549,0.9965523,0.0701834,-0.694984,-0.01976281,0.7187537,moving,-23.280327052047063,3.2413974762877142,-3.2424688493215754,2.0940753410088457,-1.4191313,0.043080648,1.27405,-0.394696430775969,0.051952264627660574,0.9173417477508701,-22.89301574937727,3.4800517531543886,20.037508909535575,20.07067785189713,19.699363545209078
123,05/05/2023 15:31:48.726016,306,True,True,True,True,Eyes,0.5069563,0.02159644,-3.281389,-0.9136156,0.06428451,0.4014648,0.0,0.0,0.0,0.0,0.0,0.0,0.0,1.889149,0.1923787,2.572726,0.3647573,0.007318978,-3.176745,0.02356181,-0.3655964,-0.03295041,0.9298916,1.130333,317.03,355.4963,0.1673018,0.00745044,-0.9858772,-0.1125896,0.006178274,0.04185678,-1.028071,0.04688773,-1.873769,-0.104603,0.06733421,1.915,0.7305071,-0.07850883,0.6783774,0.04405238,0.9967182,0.06791295,-0.6814829,-0.01972675,0.7315682,moving,-23.617456286580342,3.19577703619629,-3.126558948608704,2.0137740591984836,-1.3928283,0.039568752,1.302976,-0.40010496677889446,0.05109125234518136,0.91504406884095,-23.233165544998812,3.429547259218791,20.492002866339803,20.524960529874956,20.1563896215541
124,05/05/2023 15:31:48.746144,307,True,True,True,True,Eyes,0.5001062,0.02135173,-3.276502,-0.9084555,0.06316768,0.4131809,0.0,0.0,0.0,0.0,0.0,0.0,0.0,1.842005,0.2231664,2.596026,0.3556602,0.009295418,-3.17105,0.02979449,-0.3567526,-0.03035185,0.9332303,1.945797,318.0826,355.529,0.1658413,0.007355895,-0.9861247,-0.1058342,0.005807578,0.03934537,-1.01105,0.04192902,-1.839762,-0.1007755,0.0646873,1.915,0.7436128,-0.07790904,0.6640559,0.035392,0.9963821,0.07726644,-0.6676732,-0.03395405,0.7436798,moving,-24.009372375083572,3.935025494010721,-3.0123705737699944,1.934673922326729,-1.3667102,0.032633602,1.3312880000000002,-0.40608518529385984,0.06271210036244809,0.9116808773658818,-23.627701977982927,4.142639191877884,21.037430980031232,21.092071758239022,20.73323417938147
125,05/05/2023 15:31:48.756084,308,True,True,True,True,Eyes,0.4932518,0.0211847,-3.271426,-0.9019853,0.06243502,0.4272289,0.0,0.0,0.0,0.0,0.0,0.0,0.0,1.791185,0.2205119,2.621289,0.345069,0.01528663,-3.163672,0.03020052,-0.3470745,-0.03193995,0.936807,1.97211,319.2621,355.3623,0.1643477,0.007264599,-0.9863754,-0.09948414,0.005459123,0.03698465,-0.9927717,0.01358076,-1.806439,-0.09686702,0.06198476,1.915,0.7570382,-0.08080678,0.6483544,0.03887946,0.9961355,0.07875519,-0.6522129,-0.03441302,0.7572544,moving,-24.308387114987923,3.8220770552111816,-2.8957415524200627,1.853903730798922,-1.3378407,-0.00170587,1.3572330000000001,-0.41088695065801145,0.06077152423003966,0.9096586622219455,-23.929477311628585,4.027232465955128,21.45064995230726,21.502909017690726,21.14571819019782
126,05/05/2023 15:31:48.776485,309,True,True,True,True,Eyes,0.4862927,0.02100945,-3.266362,-0.8952435,0.06148261,0.4413153,0.0,0.0,0.0,0.0,0.0,0.0,0.0,1.73557,0.1668746,2.653226,0.3343711,0.01726703,-3.157143,0.02077205,-0.3361382,-0.03750636,0.9408363,0.794807,320.6452,355.15,0.1628239,0.007178556,-0.9866287,0.0,0.0,0.0,-0.9719837,0.01594702,-1.769129,-0.09295458,0.05927903,1.915,0.7712088,-0.08453923,0.6309438,0.05661012,0.9963236,0.06430083,-0.6340603,-0.01387156,0.7731593,moving,-24.676157611067126,2.45653263428761,-2.7789703060828503,1.7730308158874013,-1.3063548,-0.00132001,1.388014,-0.417172163066212,0.03895366741644048,0.9079924161556744,-24.302022771406637,2.6903700414977876,21.88846675881858,21.907852167780412,21.542592663835144
127,05/05/2023 15:31:48.796100,310,True,True,True,True,Eyes,0.4791469,0.02094547,-3.261308,-0.8881744,0.06012194,0.4555563,0.0,0.0,0.0,0.0,0.0,0.0,0.0,1.687124,0.1786167,2.676871,0.3247533,0.01695198,-3.152488,0.02319629,-0.326841,-0.03627248,0.9440981,1.151062,321.7607,355.2005,0.1612688,0.007096975,-0.9868847,0.0,0.0,0.0,-0.9453886,0.05466685,-1.72914,-0.08913368,0.05663678,1.915,0.7837185,-0.08365256,0.6154572,0.05332656,0.9962925,0.0675098,-0.6188228,-0.02008846,0.7852737,moving,-24.905792962699195,2.7351567588312786,-2.6649088649351134,1.6940484629609889,-1.2701419,0.037714870000000005,1.423348,-0.42073271800669204,0.04329027112892832,0.9061511393684274,-24.533367255406386,2.957662372317112,22.23976821979796,22.26523819620857,21.904935345435092
128,05/05/2023 15:31:48.806252,311,True,True,True,True,Eyes,0.4719242,0.0209256,-3.256194,-0.8808327,0.05927202,0.4697027,0.0,0.0,0.0,0.0,0.0,0.0,0.0,1.644962,0.1779273,2.694815,0.3146857,0.01941377,-3.146456,0.02413954,-0.3186206,-0.03447859,0.9469475,1.360707,322.7518,355.3709,0.1596794,0.00702277,-0.9871436,0.0,0.0,0.0,-0.9241447,0.03927989,-1.697451,-0.08513975,0.05387489,1.915,0.7945843,-0.08068153,0.6017693,0.04991611,0.996457,0.06768893,-0.6050984,-0.02374658,0.7957965,moving,-24.991892266198168,2.964623635526634,-2.545659550313088,1.611482941468526,-1.2388304,0.019866119999999998,1.449005,-0.4220253449262621,0.04688794579958565,0.9053707378251326,-24.61996679127653,3.179649546138585,22.455782501787944,22.48698185336542,22.12993869554214
129,05/05/2023 15:31:48.826169,312,True,True,True,True,Eyes,0.4646855,0.02087967,-3.251038,-0.8732217,0.05815045,0.4838412,0.0,0.0,0.0,0.0,0.0,0.0,0.0,1.60489,0.1366918,2.712761,0.3055064,0.02034882,-3.140013,0.01774707,-0.3106857,-0.03484204,0.9497082,0.6909593,323.7435,355.5716,0.1580563,0.006956557,-0.9874052,0.0,0.0,0.0,-0.9061239,0.0315405,-1.667965,-0.08130443,0.05122314,1.914999,0.8045209,-0.07720705,0.5888847,0.05515201,0.9969422,0.05535892,-0.5913581,-0.01205923,0.8063189,moving,-24.98437023823556,2.313659868104696,-2.43112643519581,1.5322045037204923,-1.2116303,0.011191679999999999,1.4720480000000002,-0.4220880427446573,0.03659762538502544,0.9058157743115838,-24.613110658490495,2.545647042963253,22.54881782886829,22.56677820438433,22.20512305444041
130,05/05/2023 15:31:48.836131,313,True,True,True,True,Eyes,0.4574362,0.0208309,-3.245829,-0.8653675,0.05691262,0.4978956,0.0,0.0,0.0,0.0,0.0,0.0,0.0,1.563725,0.1340401,2.729207,0.2974962,0.01976309,-3.134147,0.01786485,-0.3029261,-0.03294452,0.9522769,0.8058954,324.6778,355.7806,0.156402,0.006896761,-0.987669,0.0,0.0,0.0,-0.8865154,0.0515833,-1.63879,-0.07737076,0.04850264,1.914999,0.8143009,-0.07356808,0.575762,0.05192116,0.997191,0.05398407,-0.5781161,-0.01406506,0.8158333,moving,-24.992753862874522,2.4467923712263766,-2.3136347684217093,1.4508637121349424,-1.1840115999999998,0.03182021,1.495357,-0.42218712199645014,0.03870031056725794,0.9056822317199485,-24.62141838615807,2.67518758498054,22.68019423551071,22.700976119858236,22.341355797743482
131,05/05/2023 15:31:48.855931,314,True,True,True,True,Eyes,0.4501218,0.02079536,-3.240617,-0.8572362,0.05558165,0.5119148,0.0,0.0,0.0,0.0,0.0,0.0,0.0,1.518628,0.1377551,2.746295,0.2898727,0.01968562,-3.127767,0.01903948,-0.2946263,-0.03133448,0.954909,1.025536,325.6695,355.9243,0.1547188,0.006842662,-0.9879345,0.0,0.0,0.0,-0.8670948,0.04395922,-1.61169,-0.07353425,0.04584972,1.915,0.8244271,-0.07106221,0.5614892,0.04862409,0.9973113,0.05482586,-0.5638757,-0.01789802,0.8256658,moving,-25.06298349827648,2.6453562600610057,-2.1990251854646923,1.3715371566140604,-1.1569675,0.0242736,1.516077,-0.42324375519105123,0.04181605137907744,0.9050503446798096,-24.69204323938987,2.867355959876392,22.87415528863019,22.899414945327788,22.54270026120201
132,05/05/2023 15:31:48.875844,315,True,True,True,True,Eyes,0.4428061,0.02075886,-3.235371,-0.8488722,0.05421096,0.525811,0.0,0.0,0.0,0.0,0.0,0.0,0.0,1.473235,0.1300433,2.76367,0.2822272,0.01983833,-3.121723,0.01816811,-0.2861765,-0.03071934,0.9575122,0.9861132,326.6856,356.0298,0.1530066,0.006794082,-0.9882016,0.0,0.0,0.0,-0.84544,0.03357,-1.58347,-0.06986284,0.04331093,1.915,0.8343187,-0.06922685,0.5469187,0.04842969,0.9974524,0.05237468,-0.5491511,-0.01721007,0.8355459,moving,-25.135190925486434,2.563674386526165,-2.0893323545120563,1.2956190666400378,-1.1276671999999999,0.013731670000000001,1.5382529999999999,-0.42440703114182504,0.04050140734911588,0.9045652855145861,-24.764978498810787,2.7864867383594136,23.056777608493416,23.080718393664544,22.724603725390413
133,05/05/2023 15:31:48.896053,316,True,True,True,True,Eyes,0.4354736,0.02073486,-3.2301,-0.8402931,0.05267113,0.5395676,0.0,0.0,0.0,0.0,0.0,0.0,0.0,1.430077,0.1331847,2.77869,0.2747751,0.01980007,-3.115779,0.01894333,-0.278203,-0.03045256,0.9598526,1.112847,327.6342,356.0427,0.1512678,0.006750451,-0.9884695,0.0,0.0,0.0,-0.8224788,0.03197173,-1.555611,-0.06598079,0.04062654,1.915,0.8433514,-0.06900012,0.532914,0.04791975,0.9974276,0.0533096,-0.5352215,-0.01942162,0.8444884,moving,-25.157734230068293,2.5978213974190867,-1.9733294585156134,1.2153421186095825,-1.0972539,0.012171659999999997,1.5601679999999998,-0.4247536575243279,0.04103313058928065,0.9043785432143979,-24.787681947119093,2.81934568464998,23.200520383708028,23.225586614067087,22.870669140060553
134,05/05/2023 15:31:48.906364,317,True,True,True,True,Eyes,0.4281788,0.0207412,-3.224786,-0.8314794,0.05100883,0.5532089,0.0,0.0,0.0,0.0,0.0,0.0,0.0,1.385867,0.1400491,2.79307,0.2676924,0.02003843,-3.10957,0.02036006,-0.2701451,-0.03026948,0.9621285,1.307814,328.5874,356.0283,0.1495038,0.006711661,-0.9887381,0.0,0.0,0.0,-0.8006612,0.02467556,-1.529615,-0.06201786,0.03788612,1.915,0.8522108,-0.06924658,0.518596,0.04724589,0.9973385,0.05553229,-0.5210611,-0.02282368,0.8532141,moving,-25.18973917746675,2.679390672215252,-1.8548930281309286,1.1333846670845351,-1.0683536,0.00463713,1.5799550000000002,-0.42523611206036893,0.04231002144732372,0.9040929661746335,-24.819877034989833,2.8982309667806962,23.358710789548244,23.38600392074441,23.03269790747138
135,05/05/2023 15:31:48.926146,318,True,True,True,True,Eyes,0.4209078,0.02076873,-3.219433,-0.8224448,0.04929446,0.566705,0.0,0.0,0.0,0.0,0.0,0.0,0.0,1.339961,0.1490763,2.807472,0.2612,0.02081482,-3.103379,0.02226955,-0.2618841,-0.02985613,0.9643805,1.565225,329.5604,356.0276,0.1477176,0.006678164,-0.9890068,0.0,0.0,0.0,-0.7780625,0.01550385,-1.503884,-0.05818737,0.03523727,1.915,0.8610507,-0.06924941,0.5037819,0.04592127,0.9972254,0.05859032,-0.5064414,-0.02731494,0.8618417,moving,-25.246206986027957,2.8253540253379814,-1.7403996259536083,1.0541613773029852,-1.0392625,-0.005310970000000002,1.599495,-0.4260845697128487,0.04459342160866554,0.9035835966088474,-24.87667801499912,3.0394059194209033,23.541280825127842,23.572443722392862,23.221295691399806
136,05/05/2023 15:31:48.946137,319,True,True,True,True,Eyes,0.4136981,0.02076639,-3.214042,-0.813138,0.04758031,0.580123,0.0,0.0,0.0,0.0,0.0,0.0,0.0,1.290466,0.1515898,2.822906,0.2547217,0.02133854,-3.097053,0.02297856,-0.2529905,-0.03006788,0.9667285,1.674093,330.6109,355.998,0.1459116,0.006650099,-0.989275,0.0,0.0,0.0,-0.7538528,0.00468658,-1.478376,-0.05424827,0.03251341,1.915,0.8701835,-0.06976166,0.4877644,0.04650824,0.9971358,0.05964182,-0.490528,-0.02921426,0.8709356,moving,-25.36317103808817,2.8047688277399794,-1.6226453759791122,0.9726904450185794,-1.0085745,-0.01665196,1.618677,-0.4279352675184347,0.04422601580909798,0.9027266775786983,-24.9946953753235,3.0172492149322103,23.77989500530208,23.8111123199588,23.461307332190266
137,05/05/2023 15:31:48.956340,320,True,True,True,True,Eyes,0.4065291,0.02076118,-3.20863,-0.8036505,0.04576811,0.593339,0.0,0.0,0.0,0.0,0.0,0.0,0.0,1.239569,0.1527196,2.838348,0.24887,0.02063729,-3.090908,0.02336646,-0.2439272,-0.02972331,0.9690563,1.764197,331.6815,356.0412,0.1440887,0.006626005,-0.9895424,0.0,0.0,0.0,-0.727105,-0.001327028,-1.452013,-0.05039626,0.0298495,1.915,0.8792321,-0.06900655,0.4713693,0.0462077,0.9971411,0.05978747,-0.4741474,-0.03078617,0.879907,moving,-25.498552746279795,2.7920801802676825,-1.5074812993087816,0.8930088160403029,-0.975975,-0.021964318,1.6388950000000002,-0.43007182883569905,0.043976670389792485,0.9017229560500091,-25.131283723174995,3.002453712075054,24.034646652659713,24.06611687040716,23.71779498037864
138,05/05/2023 15:31:48.976447,321,True,True,True,True,Eyes,0.3994266,0.02085091,-3.20316,-0.7939314,0.04380479,0.6064274,0.0,0.0,0.0,0.0,0.0,0.0,0.0,1.191852,0.1624482,2.851151,0.2430869,0.02056751,-3.084874,0.02540725,-0.2354364,-0.02836993,0.9711433,2.062495,332.6759,356.152,0.1422511,0.006605404,-0.9898083,0.0,0.0,0.0,-0.6988233,-0.007967809,-1.426217,-0.04658449,0.02721359,1.915,0.8875297,-0.06706613,0.4558433,0.04313896,0.9970992,0.0627068,-0.4587265,-0.03598955,0.8878484,moving,-25.570786111666653,3.0148482326059716,-1.393508285835195,0.8141613084682491,-0.9419102,-0.028535319,1.658657,-0.4311396039910954,0.047455469617296395,0.9010364805475233,-25.203902731506016,3.218164589179468,24.239547189872155,24.2772277248765,23.931446162572417
139,05/05/2023 15:31:48.996322,322,True,True,True,True,Eyes,0.3923594,0.02097261,-3.197622,-0.7840215,0.04231131,0.61929,0.0,0.0,0.0,0.0,0.0,0.0,0.0,1.143929,0.1718073,2.862508,0.2374739,0.02299088,-3.078168,0.02770187,-0.2269724,-0.0275728,0.9731166,2.372596,333.6631,356.1988,0.140402,0.0065909,-0.9900724,0.0,0.0,0.0,-0.6722008,-0.02104363,-1.402565,-0.04268509,0.02451722,1.915,0.8954466,-0.06623822,0.4402135,0.04108797,0.9969447,0.06643083,-0.4432688,-0.04139778,0.8954324,moving,-25.645241185685645,3.2490262432240495,-1.2769037028482781,0.7335020830800456,-0.9096747000000001,-0.04403451,1.6756029999999997,-0.43223210951522895,0.05110812441646734,0.900312960385894,-25.27875018318496,3.4449505449965185,24.453024878667694,24.497831199469985,24.15451484148004
140,05/05/2023 15:31:49.011603,323,True,True,True,True,Eyes,0.3853779,0.02103045,-3.192065,-0.773854,0.04073405,0.6320528,0.0,0.0,0.0,0.0,0.0,0.0,0.0,1.092557,0.1493914,2.875594,0.2316019,0.02376124,-3.070967,0.02422687,-0.2177787,-0.02881033,0.9752721,1.988965,334.7582,356.1705,0.1385428,0.006582899,-0.9903343,0.0,0.0,0.0,-0.6452937,-0.0318981,-1.379073,-0.03887099,0.02187987,1.915,0.9034848,-0.06674799,0.4233909,0.04564362,0.9971661,0.05980412,-0.4261829,-0.03470702,0.9039711,moving,-25.765105089634314,2.742282550414878,-1.1628396216455306,0.6546055671830034,-0.8768956,-0.05565934,1.691894,-0.43427884347595325,0.04309647565325338,0.8997469633339698,-25.400239722785305,2.9491493191878564,24.658869834058166,24.690683695347712,24.34576954406237
141,05/05/2023 15:31:49.025918,324,True,True,True,True,Eyes,0.3784615,0.02108475,-3.186477,-0.7635688,0.03880122,0.6445597,0.0,0.0,0.0,0.0,0.0,0.0,0.0,1.041004,0.1556379,2.887691,0.2265598,0.02232852,-3.065101,0.02541798,-0.2087139,-0.02776141,0.9772521,2.182991,335.8177,356.2779,0.1366765,0.006578786,-0.9905936,0.0,0.0,0.0,-0.6152561,-0.02124221,-1.35352,-0.03496808,0.0191808,1.915,0.9113356,-0.06486995,0.4065209,0.04364961,0.9971665,0.06126792,-0.4093434,-0.03809116,0.9115849,moving,-25.899697173355502,2.8573101586430165,-1.0461100612298222,0.5738601249794254,-0.8418159,-0.04357073,1.7115809999999998,-0.4363574594848564,0.044852627442081,0.898654807606615,-25.535887847899684,3.0587830891449332,24.92294916847014,24.95826388986738,24.615524739040314
142,05/05/2023 15:31:49.046110,325,True,True,True,True,Eyes,0.371634,0.02117543,-3.180841,-0.7530503,0.03689915,0.6569275,0.0,0.0,0.0,0.0,0.0,0.0,0.0,0.9906635,0.1854977,2.896519,0.2214704,0.02238419,-3.058774,0.03085317,-0.1999646,-0.02570555,0.9789798,2.873377,336.8211,356.4024,0.1348051,0.006578075,-0.99085,0.0,0.0,0.0,-0.5849649,-0.03213077,-1.331052,-0.03111118,0.01651388,1.915,0.9187068,-0.06266951,0.3899364,0.03799136,0.9967746,0.07068966,-0.3931087,-0.05012885,0.9181245,moving,-26.017102666808437,3.4825787844373957,-0.9307480471190249,0.49407424268467925,-0.8064353,-0.05451496,1.7277220000000002,-0.4379849000985454,0.054608724570397296,0.897322214337483,-25.65362413967861,3.665778368385951,25.20961233178711,25.26373581837985,24.925495167579815
143,05/05/2023 15:31:49.056207,326,True,True,True,True,Eyes,0.3649229,0.02126653,-3.17515,-0.7423066,0.03523599,0.6691332,0.0,0.0,0.0,0.0,0.0,0.0,0.0,0.9420833,0.1843645,2.905428,0.2166624,0.02336034,-3.052135,0.0310707,-0.191435,-0.02564795,0.9806781,2.930287,337.8174,356.4292,0.1329313,0.006581578,-0.9911031,0.0,0.0,0.0,-0.555665,-0.05825439,-1.310145,-0.02705216,0.01370703,1.914999,0.9253897,-0.06220081,0.3738783,0.03840873,0.9967536,0.07076053,-0.3770659,-0.05112087,0.9247745,moving,-26.077120452065305,3.4428661656704955,-0.8093328008720564,0.4101002439406786,-0.7723274,-0.08161473,1.74199,-0.43894011326784027,0.05395877319149088,0.8968946038956669,-25.714215194176614,3.6260128184574123,25.395594704301033,25.4491406912257,25.111655873543388
144,05/05/2023 15:31:49.076172,327,True,True,True,True,Eyes,0.3582799,0.02134376,-3.169411,-0.7313598,0.03372109,0.6811576,0.0,0.0,0.0,0.0,0.0,0.0,0.0,0.8951608,0.176727,2.913506,0.2116724,0.02352491,-3.045604,0.02998687,-0.1831239,-0.02634745,0.9822791,2.823605,338.7906,356.3983,0.1310583,0.00658891,-0.9913524,0.0,0.0,0.0,-0.5266488,-0.06193128,-1.289152,-0.02340591,0.01118528,1.915,0.9315429,-0.06274372,0.3581774,0.04077847,0.9968132,0.06856064,-0.3613377,-0.04926125,0.9311329,moving,-26.103546727369515,3.222195451960738,-0.7002574859377435,0.3346538114296381,-0.7383212,-0.08545619,1.756452,-0.43943355159158637,0.050490497007371314,0.896854953965323,-25.741122408215382,3.4105706827828,25.519591116761752,25.566873117564537,25.229074114109494
145,05/05/2023 15:31:49.096278,328,True,True,True,True,Eyes,0.3517047,0.02140001,-3.163617,-0.7199971,0.03213844,0.6932325,0.0,0.0,0.0,0.0,0.0,0.0,0.0,0.8504589,0.1688438,2.919949,0.2065505,0.02324588,-3.038863,0.02878216,-0.175165,-0.02711529,0.9837448,2.70131,339.7216,356.3591,0.1291873,0.006599276,-0.9915979,0.0,0.0,0.0,-0.4980469,-0.06118055,-1.268867,-0.01943195,0.008437477,1.915,0.9371639,-0.06343231,0.3430744,0.04326579,0.9968727,0.0661279,-0.3461961,-0.04712929,0.9369777,moving,-26.068393278824974,2.981136131058882,-0.5813736354610924,0.25244318204902755,-0.7045974,-0.08442643,1.7699960000000001,-0.4389636739586028,0.04672869065021485,0.8972888747806781,-25.705930468875035,3.176374446876997,25.591868227763182,25.632673202598134,25.294124418862292
146,05/05/2023 15:31:49.105822,329,True,True,True,True,Eyes,0.3452029,0.02141024,-3.157769,-0.7084537,0.03062508,0.7050925,0.0,0.0,0.0,0.0,0.0,0.0,0.0,0.807261,0.154329,2.925337,0.201525,0.02276659,-3.031823,0.02641311,-0.1674447,-0.02825294,0.9851226,2.440316,340.628,356.2979,0.1273196,0.006611736,-0.9918393,0.0,0.0,0.0,-0.4707825,-0.06024926,-1.24952,-0.01559806,0.005786121,1.915,0.9423281,-0.06451068,0.3284146,0.04681975,0.9970083,0.06150189,-0.3313995,-0.04257868,0.9425292,moving,-26.00009020137705,2.5967062164957184,-0.4666753228955896,0.17311713013478114,-0.6723075000000001,-0.08301585,1.7823030000000002,-0.4380088189760716,0.04072836908221059,0.8980475758978677,-25.637458186954387,2.803109625101053,25.616999198906413,25.64817848144749,25.30780848894615
147,05/05/2023 15:31:49.126041,330,True,True,True,True,Eyes,0.1845555,0.02073847,-3.010202,-0.3509226,-0.01647122,0.9362596,0.0,0.0,0.0,0.0,0.0,0.0,0.0,0.7634344,0.152087,2.929618,0.19667,0.02166894,-3.02481,0.02606468,-0.1596769,-0.0285738,0.9864115,2.424096,341.5313,356.2874,0.1254566,0.006624655,-0.9920766,0.0,0.0,0.0,-0.4439742,-0.05494481,-1.230529,-0.01168746,0.003082,1.915,0.9473736,-0.06469489,0.3135246,0.04804718,0.9970083,0.06054613,-0.3165037,-0.04229583,0.9476479,moving,-2.1696859965572926,1.3420413976120005,-0.34967823349434735,0.09221171801436943,-0.6406442,-0.07661375,1.794281,-0.03784874461417376,0.023404117921151876,0.9990093746640581,-1.598579847409477,2.0094630118355923,2.2071370975978337,2.2078275488843104,2.2881450489204065
148,05/05/2023 15:31:49.146060,331,True,True,True,True,Eyes,0.1843774,0.0207243,-3.009905,-0.3503272,-0.01658853,0.9364805,0.0,0.0,0.0,0.0,0.0,0.0,0.0,0.7193367,0.1566905,2.932882,0.1920172,0.02078842,-3.017697,0.02696255,-0.1519016,-0.02814263,0.987627,2.562437,342.4304,356.3395,0.1173032,0.006656509,-0.9930735,-0.481942,-0.002015306,0.4427011,-0.4168725,-0.05837483,-1.212507,-0.007873774,0.0004446954,1.915,0.9522678,-0.06378014,0.2985266,0.04739753,0.996962,0.0618077,-0.3015618,-0.04470805,0.9523978,moving,-3.0380525063636457,1.419574856835032,-0.23557779469890575,0.013305049154515124,-0.6088897,-0.07916325,1.80519,-0.05298295679466894,0.024738924344945613,0.9982889587585354,-2.474507255579514,2.0693749007038473,3.1343637979330046,3.135515791941441,3.0397743938077415
149,05/05/2023 15:31:49.156725,332,True,True,True,True,Eyes,0.1840339,0.02069175,-3.009314,-0.3491678,-0.01680746,0.9369095,0.0,0.0,0.0,0.0,0.0,0.0,0.0,0.674535,0.16197,2.935433,0.1874382,0.02046658,-3.01039,0.02807887,-0.1440033,-0.02759241,0.9887939,2.727256,343.3423,356.4038,0.1105171,0.006682671,-0.9938515,-0.4530255,-0.001894387,0.4161391,-0.3893733,-0.06681199,-1.195183,-0.003983498,-0.002245396,1.915,0.9570034,-0.0626533,0.2832297,0.0464795,0.9969004,0.06347522,-0.2863287,-0.04758162,0.9569492,moving,-3.885625627935454,1.5212100369675865,-0.11918396548371958,-0.06718102098047914,-0.5768115,-0.08727857,1.815207,-0.06774121815880485,0.02648602490684159,0.9973513284223054,-3.3294310312015716,2.1531395014183055,4.085926905341849,4.087672803640423,3.903269071577732
150,05/05/2023 15:31:49.176402,333,True,True,True,True,Eyes,0.1835239,0.02062201,-3.008446,-0.3475111,-0.01697478,0.9375222,0.0,0.0,0.0,0.0,0.0,0.0,0.0,0.6315622,0.1558109,2.937382,0.1828377,0.02002201,-3.002921,0.02725336,-0.1363347,-0.02711389,0.9899167,2.668885,344.235,356.4926,0.104846,0.006703647,-0.9944656,-0.4258439,-0.001780724,0.3911707,-0.3612494,-0.07552625,-1.178185,-0.0001469254,-0.004898421,1.915,0.9613553,-0.06111215,0.2684422,0.04624983,0.9970442,0.06135025,-0.271398,-0.04656398,0.9613402,moving,-4.6689489709012735,1.4097250649169137,-0.004395929664101066,-0.14655782635346742,-0.5440871,-0.09554826,1.8247360000000001,-0.08137390177953596,0.024520272820996912,0.9963819687258779,-4.119778849288657,2.0304481640323897,4.915443306233882,4.917323612716155,4.6557203156239355
151,05/05/2023 15:31:49.196416,334,True,True,True,True,Eyes,0.1828816,0.0205185,-3.007294,-0.3454478,-0.01725246,0.9382793,0.0,0.0,0.0,0.0,0.0,0.0,0.0,0.5918148,0.149564,2.938102,0.1782203,0.01905837,-2.995485,0.02632547,-0.1291766,-0.02632355,0.9909226,2.60053,345.0688,356.6158,0.1000843,0.006719157,-0.9949561,-0.4002933,-0.001673881,0.3677005,-0.3336612,-0.0769269,-1.16142,0.003722161,-0.007573836,1.914999,0.965241,-0.05897046,0.254622,0.04536793,0.9972281,0.05897377,-0.2573939,-0.04537223,0.9652408,moving,-5.367293737973632,1.292463347869118,0.11136499152406996,-0.2266040739048375,-0.5118815,-0.09598527000000001,1.834065,-0.09351640373624717,0.022456980895972537,0.9953643759702571,-4.824406143461165,1.9036577305704376,5.683464661628062,5.685355512735887,5.375858261948476
152,05/05/2023 15:31:49.206306,335,True,True,True,True,Eyes,0.1820973,0.02037389,-3.005862,-0.3429798,-0.0174983,0.9391798,0.0,0.0,0.0,0.0,0.0,0.0,0.0,0.5542479,0.1469234,2.937423,0.1736927,0.01822166,-2.987764,0.02604091,-0.1223932,-0.02495802,0.9918261,2.610538,345.8572,356.7932,0.09606569,0.006728981,-0.995352,-0.3762757,-0.001573448,0.3456384,-0.3077487,-0.07856055,-1.145703,0.007674783,-0.01030711,1.915,0.968794,-0.05588249,0.2414857,0.04313358,0.997398,0.05776548,-0.2440854,-0.04554672,0.9686836,moving,-5.999846204448677,1.267864992649879,0.2296241881460234,-0.30838026081180886,-0.4814414,-0.09678221000000001,1.842061,-0.10450048444621587,0.022005466208800537,0.9942813679469253,-5.462557454795362,1.8683187840773319,6.423697739908041,6.425795707247039,6.094173495090223
153,05/05/2023 15:31:49.226166,336,True,True,True,True,Eyes,0.1812109,0.02018448,-3.004165,-0.3402596,-0.01786608,0.9401618,0.0,0.0,0.0,0.0,0.0,0.0,0.0,0.5189095,0.1414687,2.935681,0.1693967,0.01710127,-2.979683,0.02524938,-0.1159893,-0.02302398,0.9926625,2.566974,346.6045,357.0411,0.09251095,0.006733019,-0.9956887,-0.3536991,-0.001479041,0.3249001,-0.2832051,-0.08251644,-1.130719,0.01143941,-0.01291048,1.915,0.9720327,-0.05156739,0.2291138,0.03985276,0.9976647,0.0554693,-0.2314392,-0.04478715,0.9718179,moving,-6.571489154413309,1.1977262400435065,0.34225698027946444,-0.3862688296354835,-0.4526018,-0.09961771,1.848964,-0.11441814925474307,0.0207654689622317,0.9932156285549801,-6.039314011368052,1.7897120119729997,7.0907457138765695,7.092878540884978,6.74235425830505
154,05/05/2023 15:31:49.246165,337,True,True,True,True,Eyes,0.1802197,0.01996161,-3.002209,-0.3371856,-0.01836423,0.9412591,0.0,0.0,0.0,0.0,0.0,0.0,0.0,0.4854372,0.1429849,2.933126,0.1654631,0.01591898,-2.971816,0.02559984,-0.1099506,-0.02090016,0.9933876,2.651745,347.3055,357.2944,0.08928478,0.006730684,-0.9959832,-0.3324772,-0.001390298,0.3054061,-0.2595522,-0.08500363,-1.11601,0.01530638,-0.0155846,1.915,0.974948,-0.04715335,0.217377,0.03589448,0.9978157,0.0554571,-0.2195172,-0.04626516,0.974511,moving,-7.082228269424986,1.257146362367015,0.45794898091376723,-0.46627263356140164,-0.4250153,-0.10092261,1.855806,-0.12326445215006845,0.02177226911302542,0.9921350262224774,-6.554484608966192,1.8384106534431086,7.732046867565895,7.734626429379314,7.381449038357891
155,05/05/2023 15:31:49.256392,338,True,True,True,True,Eyes,0.1791366,0.01972774,-2.999986,-0.3334043,-0.01902034,0.942592,0.0,0.0,0.0,0.0,0.0,0.0,0.0,0.4511211,0.1510964,2.929775,0.1618536,0.01493528,-2.963698,0.02704738,-0.103839,-0.01949164,0.9940353,2.850157,348.0094,357.4539,0.08635157,0.006721565,-0.9962418,-0.3125286,-0.00130688,0.2870817,-0.2368897,-0.09178983,-1.102476,0.01915735,-0.01824759,1.914999,0.977675,-0.0443679,0.2053849,0.0331336,0.997777,0.05782008,-0.2074937,-0.04972411,0.9769718,moving,-7.559893145606031,1.4147925099879806,0.5731588830493964,-0.5459419309243406,-0.3987433,-0.10672511,1.861222,-0.13152308926280265,0.02447579497000291,0.991010843284553,-7.036179192045245,1.983391231060347,8.36258182127111,8.366063282607652,8.018700155598816
156,05/05/2023 15:31:49.275873,339,True,True,True,True,Eyes,0.177956,0.01947256,-2.997503,-0.329209,-0.01957984,0.944054,0.0,0.0,0.0,0.0,0.0,0.0,0.0,0.4108709,0.1538736,2.926755,0.1583857,0.01447947,-2.95518,0.02765942,-0.09672056,-0.01892326,0.9947473,2.94445,348.8296,357.5324,0.08367948,0.006706036,-0.9964699,-0.2937769,-0.001228468,0.2698568,-0.2136222,-0.1022272,-1.089268,0.02308437,-0.02096321,1.915,0.9805741,-0.04299818,0.1913782,0.03229725,0.9977537,0.0586888,-0.1934718,-0.05136773,0.9797602,moving,-8.125718164787099,1.4607859588818355,0.6906385977731323,-0.6271830203885874,-0.3720079,-0.11670667,1.865912,-0.141300579546439,0.025236985707847024,0.9896449522448177,-7.606935961669921,2.0180195335646136,9.056163962761863,9.060229634128325,8.709009135427355
157,05/05/2023 15:31:49.287122,340,True,True,True,True,Eyes,0.176723,0.01919533,-2.994776,-0.3241757,-0.02042078,0.9457765,0.0,0.0,0.0,0.0,0.0,0.0,0.0,0.369781,0.145919,2.923708,0.1547384,0.0137054,-2.946518,0.02642071,-0.08934873,-0.01771457,0.9954925,2.833725,349.6858,357.7053,0.08123989,0.006684082,-0.9966719,-0.2761503,-0.00115476,0.2536654,-0.1865744,-0.1085364,-1.075189,0.02681994,-0.02354632,1.915,0.983406,-0.03999075,0.1769558,0.03054813,0.9979763,0.05576876,-0.178828,-0.04943767,0.9826375,moving,-8.665002991682464,1.3019629927186067,0.8023858540082119,-0.7044578470623875,-0.34131279999999997,-0.12224180000000001,1.8713290000000002,-0.15061900078729074,0.022462375912222554,0.9883367032285933,-8.151149146360448,1.8536027979177794,9.673993872296299,9.677663774993205,9.311791624935717
158,05/05/2023 15:31:49.306376,341,True,True,True,True,Eyes,0.1754103,0.01891337,-2.991791,-0.3189014,-0.02109082,0.9475533,0.0,0.0,0.0,0.0,0.0,0.0,0.0,0.3364775,0.1398315,2.91939,0.1512204,0.0129859,-2.938124,0.02548772,-0.08327514,-0.01577813,0.9960757,2.759718,350.3927,357.953,0.07900806,0.006655654,-0.9968515,-0.2595812,-0.001085474,0.2384455,-0.1581965,-0.1084715,-1.060778,0.03083658,-0.02632388,1.915,0.9856326,-0.0356774,0.1650924,0.02718743,0.9982029,0.05340325,-0.166701,-0.04814754,0.9848313,moving,-9.042530510613554,1.211439259423258,0.9225343102574097,-0.7875468602516804,-0.3094169,-0.1214574,1.8773460000000002,-0.15713333244779143,0.020879391348587954,0.987356748496655,-8.532103535705053,1.7586291022571305,10.160064699217706,10.163585115047402,9.791485527250877
159,05/05/2023 15:31:49.326091,342,True,True,True,True,Eyes,0.1740924,0.01858195,-2.98855,-0.3130326,-0.02180319,0.9494921,0.0,0.0,0.0,0.0,0.0,0.0,0.0,0.3053645,0.1277882,2.914032,0.1478956,0.01256342,-2.929015,0.02353816,-0.07760145,-0.01485511,0.996596,2.556842,351.0526,358.0919,0.07696176,0.006621297,-0.9970118,-0.2440064,-0.001020346,0.2241388,-0.1346832,-0.1093347,-1.048003,0.03461277,-0.02893518,1.915,0.9875147,-0.03326226,0.1539752,0.02595589,0.9984506,0.04922162,-0.1553739,-0.04461051,0.9868479,moving,-9.335997986673561,0.9779198914793487,1.0354828829196552,-0.8656592922799122,-0.2825788,-0.12189812000000001,1.8810120000000001,-0.16220081035056047,0.016841087190476247,0.9866140636658338,-8.828418355483151,1.525867707526038,10.5313371189324,10.534059029411623,10.149677287074958
160,05/05/2023 15:31:49.346391,343,True,True,True,True,Eyes,0.1727062,0.01820348,-2.985063,-0.3069059,-0.02248628,0.9514742,0.0,0.0,0.0,0.0,0.0,0.0,0.0,0.2722892,0.1179115,2.908357,0.1449837,0.01112856,-2.919836,0.02176377,-0.07164931,-0.01430428,0.9970899,2.369919,351.7422,358.1851,0.07508224,0.006579981,-0.9971554,-0.229366,-0.0009591249,0.2106904,-0.1126221,-0.1055897,-1.034851,0.03831923,-0.03149819,1.915,0.9893235,-0.03164402,0.142259,0.02540658,0.9986435,0.04545065,-0.1435042,-0.04135109,0.9887854,moving,-9.646917620662792,0.7550788423565954,1.1463379593636036,-0.9423240866095048,-0.2576058,-0.11671825999999999,1.8849850000000001,-0.16756194859574786,0.012991910795710021,0.9857759487557811,-9.142327032320358,1.3031947449279961,10.92382773300234,10.925911528061796,10.530858565847929
161,05/05/2023 15:31:49.362121,344,True,True,True,True,Eyes,0.1712908,0.01779216,-2.981356,-0.3002117,-0.02334625,0.9535869,0.0,0.0,0.0,0.0,0.0,0.0,0.0,0.2372308,0.1175405,2.901885,0.141839,0.009621937,-2.910467,0.02159627,-0.06531486,-0.01387813,0.9975345,2.365449,352.4715,358.2502,0.07335106,0.006530866,-0.9972846,-0.215604,-0.0009015774,0.198049,-0.08887343,-0.1035834,-1.021854,0.04227449,-0.03423329,1.915,0.9910827,-0.03050894,0.1297082,0.02486671,0.998682,0.04489893,-0.1309071,-0.04127314,0.9905351,moving,-9.970834089546242,0.7001036389964967,1.2646248117781995,-1.0241327110188252,-0.23071243,-0.113205337,1.888613,-0.1731343167633678,0.012034284343151236,0.9848247419804159,-9.46915821281331,1.2438149182876135,11.364894670933497,11.366992905516604,10.970764990112839
162,05/05/2023 15:31:49.377864,345,True,True,True,True,Eyes,0.1698104,0.01738532,-2.977422,-0.2933456,-0.02418274,0.9557006,0.0,0.0,0.0,0.0,0.0,0.0,0.0,0.2039857,0.1192638,2.89533,0.1388972,0.008506821,-2.901621,0.02184475,-0.05928105,-0.01338171,0.9979126,2.407804,353.1653,358.3196,0.07175277,0.006473647,-0.9974012,-0.2026678,-0.0008474828,0.1861661,-0.06411795,-0.1076218,-1.009273,0.04605709,-0.03684904,1.915,0.9926134,-0.02929751,0.11773,0.02411759,0.9986874,0.04518486,-0.1188993,-0.04201174,0.9920171,moving,-10.251446508621187,0.6962390702500006,1.3777379858496557,-1.1023675969811397,-0.20301515,-0.116128621,1.892348,-0.1779556728214833,0.011957411653557796,0.983965894536405,-9.75224646031195,1.2350034486179111,11.765167037353155,11.767451633631191,11.372768228386793
163,05/05/2023 15:31:49.396665,346,True,True,True,True,Eyes,0.1308251,0.0077405,-2.873155,-0.1067832,-0.04123962,0.9934267,0.0,0.0,0.0,0.0,0.0,0.0,0.0,0.1737815,0.1187955,2.887771,0.1357521,0.00821016,-2.892238,0.02184957,-0.05370479,-0.01290529,0.9982344,2.420655,353.8069,358.3877,0.07027289,0.006409327,-0.997507,-0.1905077,-0.0007966338,0.1749961,-0.04005435,-0.1129816,-0.9978043,0.05006586,-0.03962117,1.915,0.9938985,-0.02811186,0.106656,0.02341815,0.9987121,0.04500812,-0.1077839,-0.04223582,0.9932768,moving,0.056296489876147625,0.058734428452340726,1.4976027041664874,-1.1852751841342644,-0.17580645,-0.12119176,1.8944337,0.0009825584147571537,0.001025108469144019,0.9999989750317059,0.6455645372782123,0.7993608182756166,1.9035846132612053,1.9039231916124733,2.1598030234018575
164,05/05/2023 15:31:49.405988,347,True,True,True,True,Eyes,0.1307156,0.007709779,-2.872755,-0.1063785,-0.04097587,0.993481,0.0,0.0,0.0,0.0,0.0,0.0,0.0,0.1450567,0.1006238,2.880035,0.1327571,0.008285658,-2.882374,0.01884582,-0.04834655,-0.0127311,0.9985717,2.086417,354.4279,358.4376,0.06738026,0.005994587,-0.997709,-0.2960332,-0.02968331,0.4772991,-0.01813247,-0.1163608,-0.9862717,0.05383897,-0.04223028,1.915,0.995001,-0.02724809,0.09607513,0.02360357,0.9989655,0.0388688,-0.09703484,-0.03640679,0.9946149,moving,-0.5317983281145964,-0.27669245184507335,1.6104090835712697,-1.2633027157549659,-0.15088957,-0.124646458,1.8961023,-0.009281389855139793,-0.004828967292067676,0.9999452192109105,0.051912841483083616,0.4620271474061372,2.35808190349396,2.35848519341,2.325010467356762
165,05/05/2023 15:31:49.426146,348,True,True,True,True,Eyes,0.1305086,0.007673657,-2.871966,-0.1054576,-0.04072688,0.9935895,0.0,0.0,0.0,0.0,0.0,0.0,0.0,0.1182387,0.08121651,2.871769,0.1299254,0.007456268,-2.872403,0.0154444,-0.04331093,-0.0122342,0.9988675,1.707327,355.0124,358.5222,0.06501433,0.00564523,-0.9978681,-0.2782712,-0.02790231,0.4486612,0.003277585,-0.1078523,-0.9738889,0.05769017,-0.04489347,1.915,0.995949,-0.02577851,0.08614584,0.02310286,0.9992236,0.03191357,-0.08690163,-0.02979407,0.9957712,moving,-1.0536207364470094,-0.6545948512341444,1.7255372716786408,-1.3429427181543618,-0.126647815,-0.115308568,1.8985140999999999,-0.01838691559109088,-0.011422655962563377,0.999765734023902,-0.47493052585241124,0.08450776005695715,2.8625894240834158,2.8631349985675745,2.6229131506241075
166,05/05/2023 15:31:49.446088,349,True,True,True,True,Eyes,0.1302007,0.007660681,-2.870796,-0.1042079,-0.04036714,0.993736,0.0,0.0,0.0,0.0,0.0,0.0,0.0,0.09384225,0.0745795,2.862636,0.1271693,0.007304362,-2.862311,0.01435944,-0.03870995,-0.01196846,0.9990757,1.591064,355.5424,358.5654,0.06305353,0.005347715,-0.9979956,-0.2615749,-0.02622817,0.4217415,0.02392809,-0.09887073,-0.9617027,0.06177199,-0.04771602,1.915,0.9967166,-0.02502651,0.07700463,0.0228031,0.9993011,0.02961893,-0.07769206,-0.02776574,0.9965907,moving,-1.509091255757235,-0.7612771957826578,1.8475444055319208,-1.4273425484509807,-0.10324121000000001,-0.106175092,1.9006083,-0.026333243367709203,-0.013281795392557257,0.9995649975439701,-0.9345325689691528,-0.02760868082629364,3.421370512687705,3.42208211717125,3.114355020260955
167,05/05/2023 15:31:49.456631,350,True,True,True,True,Eyes,0.1297998,0.007573209,-2.869261,-0.1024402,-0.03987492,0.9939396,0.0,0.0,0.0,0.0,0.0,0.0,0.0,0.06979387,0.06457588,2.853143,0.1243537,0.007818197,-2.852006,0.01279693,-0.03412685,-0.01224029,0.9992606,1.417613,356.07,358.5478,0.06128009,0.005079642,-0.9981075,-0.2458804,-0.02465448,0.396437,0.04268052,-0.09787712,-0.9502777,0.06565636,-0.05040218,1.915,0.9973711,-0.02533591,0.06788994,0.02358903,0.9993728,0.02641037,-0.06851649,-0.02473949,0.9973432,moving,-1.930455342721199,-0.9182125813879727,1.9636341388843561,-1.5076582999556296,-0.08167318,-0.105695317,1.9017282999999998,-0.03368210551175095,-0.01601605354785479,0.9993042249816888,-1.359784308863552,-0.18806583080762884,3.937515339042233,3.938448824840658,3.575812420061102
168,05/05/2023 15:31:49.476250,351,True,True,True,True,Eyes,0.1293145,0.007488583,-2.867421,-0.1004758,-0.0396819,0.9941479,0.0,0.0,0.0,0.0,0.0,0.0,0.0,0.0469391,0.04210954,2.843666,0.1216868,0.005890545,-2.841755,0.008602868,-0.02972272,-0.01254349,0.9994426,0.9425859,356.5811,358.5338,0.05967177,0.004835382,-0.9982061,-0.2311276,-0.02317521,0.3726508,0.06117493,-0.09431963,-0.9387795,0.06946395,-0.05303506,1.914999,0.9979184,-0.0255844,0.05919649,0.0245616,0.9995373,0.0179418,-0.05962813,-0.01645049,0.9980851,moving,-2.3161422481935543,-1.3932520482073296,2.0774146348207507,-1.5863760672396552,-0.060511869999999995,-0.100210175,1.9029755000000002,-0.040401372828807486,-0.0242945882375915,0.9988881762757899,-1.74940241668685,-0.6577631201666001,4.396319144865851,4.3977993327355875,3.9378738871605616
169,05/05/2023 15:31:49.496924,352,True,True,True,True,Eyes,0.1287205,0.007521611,-2.865208,-0.09810014,-0.0395864,0.9943889,0.0,0.0,0.0,0.0,0.0,0.0,0.0,0.02945597,0.06127197,2.834288,0.1191166,0.005939583,-2.832594,0.0120523,-0.02632673,-0.01250118,0.9995026,1.342814,356.9651,358.5313,0.05821057,0.004612816,-0.9982935,-0.2172599,-0.0217847,0.3502918,0.07922053,-0.08310708,-0.9270848,0.07324082,-0.05564687,1.915,0.9983012,-0.02562451,0.05232592,0.02435532,0.9993969,0.02475085,-0.05292859,-0.02343439,0.9983233,moving,-2.573074903050267,-0.9945512849067575,2.190258790679795,-1.6644563177727139,-0.039896070000000006,-0.089046663,1.9055091999999998,-0.044886785849065476,-0.017339828079236067,0.9988415849345245,-2.0081495724112575,-0.27398880729577746,4.8088850816883,4.8102100402044,4.42267257220844
170,05/05/2023 15:31:49.505942,353,True,True,True,True,Eyes,0.1280441,0.007607298,-2.862673,-0.0955534,-0.03897373,0.994661,0.0,0.0,0.0,0.0,0.0,0.0,0.0,0.01200157,0.05012905,2.823392,0.1163287,0.008770416,-2.821451,0.01068432,-0.02282555,-0.01376579,0.9995877,1.187907,357.3671,358.3947,0.05687837,0.00441388,-0.9983712,-0.2042243,-0.02047762,0.3292743,0.09339167,-0.099255,-0.9182113,0.07718612,-0.05837509,1.915,0.998579,-0.02800797,0.04533812,0.02703247,0.9993927,0.02198825,-0.04592643,-0.0207314,0.9987296,moving,-2.8223575378852406,-1.1280046712536327,2.3081182127347315,-1.7460109109620783,-0.022937029999999997,-0.108025416,1.9032397000000003,-0.04922999158840197,-0.019662252794309623,0.9985938676688995,-2.259777849703111,-0.408476045122413,5.165933200815171,5.167563559359298,4.759692632363132
171,05/05/2023 15:31:49.526048,354,True,True,True,True,Eyes,0.1273017,0.007729647,-2.859826,-0.09262718,-0.03871568,0.9949479,0.0,0.0,0.0,0.0,0.0,0.0,0.0,-0.003629334,0.01151734,2.813495,0.1136138,0.009994662,-2.811208,0.00412745,-0.01955179,-0.01458733,0.999694,0.4401479,357.7527,358.3194,0.0556596,0.004238038,-0.9984406,-0.1919709,-0.01924896,0.3095178,0.1075578,-0.09413207,-0.9065557,0.08094148,-0.06097189,1.914999,0.9988099,-0.02932714,0.0389712,0.02900434,0.9995404,0.00882279,-0.03921203,-0.007681956,0.9992014,moving,-3.0171694047542967,-1.8711240381659915,2.4202866113458588,-1.823631353364462,-0.006056000000000006,-0.104126732,1.9046523000000002,-0.052607218960446095,-0.032606257937401316,0.9980828294904145,-2.457141307169297,-1.1358910869292496,5.4348332092069676,5.4376634211886845,4.92567658036817
172,05/05/2023 15:31:49.545847,355,True,True,True,True,Eyes,0.1264928,0.007933524,-2.856667,-0.08954404,-0.03829739,0.9952463,0.0,0.0,0.0,0.0,0.0,0.0,0.0,-0.01877201,0.01319635,2.803034,0.1109877,0.01104818,-2.800908,0.004667991,-0.01645697,-0.01480291,0.9997442,0.5068664,358.1063,358.295,0.05454085,0.004084264,-0.9985029,-0.1804526,-0.01809402,0.2909467,0.1213941,-0.07082745,-0.894994,0.08481842,-0.06365295,1.915,0.9990201,-0.02975189,0.03276731,0.02944461,0.9995182,0.009820816,-0.03304371,-0.008846371,0.9994148,moving,-3.194884241758762,-1.787335278778109,2.5360644225521725,-1.9037614328769854,0.01040640000000001,-0.08187563,1.905914,-0.05570532700038408,-0.031141396738937954,0.9979614986546086,-2.636327122005616,-1.057464269508069,5.7291815969849464,5.732131160600352,5.241169066051884
173,05/05/2023 15:31:49.556050,356,True,True,True,True,Eyes,0.1256155,0.00810858,-2.853218,-0.08579642,-0.03767211,0.9956002,0.0,0.0,0.0,0.0,0.0,0.0,0.0,-0.03545781,-0.001491118,2.792161,0.1085205,0.01316703,-2.790245,0.002479179,-0.01304589,-0.01504545,0.9997987,0.2615445,358.5009,358.2723,0.05351084,0.003953326,-0.9985591,-0.1696255,-0.01700838,0.2734899,0.134411,-0.07486781,-0.8847727,0.08874314,-0.06636689,1.915,0.9992069,-0.03014954,0.02601193,0.03002016,0.999535,0.005349922,-0.02616113,-0.004564798,0.9996473,moving,-3.366969523256701,-2.00370434244417,2.6532492655264877,-1.9848675872249242,0.025890499999999997,-0.08803484,1.9054723,-0.05869510091604714,-0.03490383007262909,0.9976655649923097,-2.8101713896129894,-1.2713356087021155,6.016604656924856,6.0202482580177135,5.509817886226308
174,05/05/2023 15:31:49.586303,357,True,True,True,True,Eyes,0.1246831,0.008174203,-2.849541,-0.08189483,-0.03725231,0.9959445,0.0,0.0,0.0,0.0,0.0,0.0,0.0,-0.05535305,-0.03066511,2.781231,0.1061505,0.01257272,-2.779896,-0.002834717,-0.009021072,-0.01439893,0.9998517,359.6603,358.971,358.3529,0.05255874,0.003841978,-0.9986101,-0.159448,-0.01598788,0.2570805,0.1488954,-0.06738247,-0.8738813,0.09261967,-0.06904759,1.915,0.9994226,-0.02874244,0.0181211,0.02884473,0.9995693,-0.005408806,-0.01795783,0.005928381,0.9998212,moving,-3.6001298545133977,-2.5834332082010714,2.7689734467503224,-2.0649725532572694,0.042744900000000016,-0.07995519,1.9060147,-0.06272921118371144,-0.04498536784087994,0.9970162022784814,-3.046037297085773,-1.8402731283402134,6.384720907714898,6.390170444745053,5.819350460531423
175,05/05/2023 15:31:49.597378,358,True,True,True,True,Eyes,0.1235787,0.008200635,-2.845636,-0.07612556,-0.03791866,0.996377,0.0,0.0,0.0,0.0,0.0,0.0,0.0,-0.07441432,-0.01551652,2.771655,0.1038244,0.01006244,-2.770734,-0.0005959937,-0.005250248,-0.01206458,0.9999133,359.9244,359.3992,358.6179,0.05167429,0.003744366,-0.9986566,-0.1498811,-0.01502861,0.2416557,0.1661295,-0.05054296,-0.8631026,0.0964929,-0.07172598,1.915,0.9996537,-0.02412082,0.01051397,0.02413333,0.9997082,-0.0010652,-0.01048521,0.001318568,0.9999442,moving,-3.713224721976649,-2.34358089935851,2.8845765387816646,-2.1450004267847436,0.062305100000000016,-0.0606054,1.9076314,-0.0647087002253578,-0.04080609812840723,0.9970695553777525,-3.159858478603911,-1.60865447596447,6.595672949279568,6.600789019545436,6.068184379067454
176,05/05/2023 15:31:49.612510,359,True,True,True,True,Eyes,0.1224429,0.008262506,-2.841518,-0.07032018,-0.0387767,0.9967705,0.0,0.0,0.0,0.0,0.0,0.0,0.0,-0.09155621,-0.004280353,2.761676,0.1017348,0.009346469,-2.761307,0.001286978,-0.001816781,-0.01056508,0.9999417,0.1452688,359.7903,358.789,0.05084622,0.003657911,-0.9986994,-0.1408882,-0.01412689,0.2271564,0.1824372,-0.06432973,-0.8547051,0.1005251,-0.07451423,1.915,0.9997702,-0.02113361,0.003606156,0.02112426,0.9997735,0.002612194,-0.003660544,-0.002535416,0.99999,moving,-3.7806412321547387,-2.162375442765779,3.0048993779342315,-2.22830191874811,0.0807024,-0.073676199,1.9066019,-0.06589001583097642,-0.03764961740510558,0.9971163432475748,-3.227664953324685,-1.4333452621995564,6.7809083007767885,6.785860864429954,6.283057713332877
177,05/05/2023 15:31:49.627749,360,True,True,True,True,Eyes,0.121353,0.008363235,-2.837191,-0.06445703,-0.03969187,0.9971308,0.0,0.0,0.0,0.0,0.0,0.0,0.0,-0.108027,0.009841454,2.751804,0.09978744,0.01031786,-2.752113,0.004033866,0.001497802,-0.009835253,0.9999424,0.4639136,0.167085,358.8736,0.05006656,0.003582614,-0.9987391,-0.1324349,-0.01327928,0.213527,0.1972838,-0.07475664,-0.8461522,0.1042107,-0.0770629,1.915,0.9998021,-0.01965729,-0.00307478,0.01968145,0.999774,0.008037805,0.002916083,-0.00809673,0.999963,moving,-3.8282703818918655,-1.8916970086756915,3.1148563276284476,-2.3044375060560105,0.09749636,-0.0850745,1.9059608,-0.06672999345280348,-0.03293676519073034,0.9972272875537038,-3.2754091601662694,-1.1705198764864293,6.950782153539125,6.95538375811372,6.490089536759023
178,05/05/2023 15:31:49.645991,361,True,True,True,True,Eyes,0.1202347,0.008491593,-2.832658,-0.05853698,-0.04049887,0.9974634,0.0,0.0,0.0,0.0,0.0,0.0,0.0,-0.124568,0.01237226,2.741607,0.09780978,0.01145751,-2.742696,0.004752966,0.004877024,-0.01006706,0.9999261,0.5502442,0.5533757,358.849,0.04933376,0.0035189,-0.9987758,-0.1244888,-0.01248252,0.2007154,0.211947,-0.08709444,-0.8381584,0.1081672,-0.07979883,1.915,0.9997498,-0.02008626,-0.009849024,0.02017898,0.9997522,0.009407035,0.009657631,-0.009603425,0.9999072,moving,-3.874320436588229,-1.8544583707875566,3.232869786466765,-2.3861579820277026,0.11413722,-0.09855195,1.9045376,-0.06753290070014631,-0.03228687508978997,0.9971944824648385,-3.321822916105451,-1.1350719819445008,7.122218281149456,7.127051097282902,6.673021250135328
179,05/05/2023 15:31:49.655835,362,True,True,True,True,Eyes,0.1191162,0.008632848,-2.827936,-0.05250674,-0.04133485,0.9977647,0.0,0.0,0.0,0.0,0.0,0.0,0.0,-0.1423824,0.006096841,2.731239,0.09594403,0.01223105,-2.733244,0.003799619,0.008508872,-0.01022469,0.9999044,0.4453366,0.9705753,358.832,0.04864088,0.003466494,-0.9988099,-0.1170195,-0.01173357,0.1886724,0.226475,-0.09151248,-0.82975,0.1118607,-0.08235298,1.915,0.9996461,-0.02038277,-0.01709382,0.02051209,0.9997621,0.00742451,0.01693842,-0.007772512,0.9998263,moving,-3.9418126286108053,-2.0101765353988887,3.343013792474338,-2.462440046243611,0.13053097000000002,-0.10374353,1.903494,-0.06870124392078719,-0.034994123475593455,0.9970233069201302,-3.3900846804243283,-1.287979016181633,7.293345122612789,7.2988518459126,6.834762158033342
180,05/05/2023 15:31:49.676086,363,True,True,True,True,Eyes,0.1179853,0.008771623,-2.823035,-0.04642703,-0.04209793,0.9980342,0.0,0.0,0.0,0.0,0.0,0.0,0.0,-0.1590797,0.004697298,2.721028,0.09411907,0.01269477,-2.724023,0.00366319,0.01194351,-0.01009651,0.9998711,0.4335389,1.364378,358.8481,0.04798606,0.0034249,-0.9988417,-0.1099983,-0.01102956,0.1773521,0.2425818,-0.09020534,-0.8211922,0.1159895,-0.08520813,1.915,0.9995108,-0.02010291,-0.02395791,0.02027792,0.9997693,0.007084259,0.02380997,-0.00756661,0.9996879,moving,-3.9860618175406284,-2.0657548327101303,3.4661095844712606,-2.5477014042251476,0.14846273,-0.10290010999999999,1.9028307999999998,-0.06946883826644397,-0.03595932839659359,0.9969357935221915,-3.4347861016350043,-1.3429165548488253,7.461729807640235,7.4677393569110935,7.005274284694838
181,05/05/2023 15:31:49.695821,364,True,True,True,True,Eyes,0.1168108,0.008931756,-2.817967,-0.04017639,-0.04301773,0.9982661,0.0,0.0,0.0,0.0,0.0,0.0,0.0,-0.1768927,0.001644702,2.710657,0.09262353,0.01276588,-2.714813,0.003145195,0.01554964,-0.009855041,0.9998255,0.377913,1.778319,358.8764,0.04736324,0.00339286,-0.9988716,-0.1033984,-0.01036778,0.166711,0.2574531,-0.0918661,-0.8131068,0.1195746,-0.08768724,1.915,0.9993222,-0.01960883,-0.03115585,0.01980446,0.999786,0.005982808,0.03103187,-0.006595778,0.9994966,moving,-4.040288055104738,-2.1735142451626883,3.5729695984248737,-2.621724197779256,0.16482956999999998,-0.10463198000000001,1.9017062,-0.07040745913291639,-0.03783175962896872,0.9968005926356673,-3.489611132504667,-1.4488658780437644,7.619804382513966,7.626439815579204,7.159304660305357
182,05/05/2023 15:31:49.706163,365,True,True,True,True,Eyes,0.1156457,0.009130575,-2.812738,-0.03380228,-0.04403276,0.9984581,0.0,0.0,0.0,0.0,0.0,0.0,0.0,-0.1971176,0.01167184,2.700217,0.09144519,0.01341941,-2.705849,0.005146516,0.01954519,-0.00948634,0.9997508,0.6108586,2.234254,358.9246,0.04676931,0.003370289,-0.9988997,-0.09719452,-0.009745715,0.1567083,0.2736608,-0.09265846,-0.8051653,0.1234851,-0.09039138,1.915,0.999056,-0.01876677,-0.03917829,0.01916913,0.9997671,0.009919642,0.038983,-0.01066129,0.999183,moving,-4.1349275697063925,-1.9975486017984432,3.6895003150096337,-2.7024560818597885,0.18221560999999997,-0.10607786999999999,1.9006837,-0.07206188450318289,-0.03476611689199008,0.9967940897999588,-3.58488627036638,-1.2791506433829656,7.849497557699964,7.856116488352764,7.412320727322598
183,05/05/2023 15:31:49.726225,366,True,True,True,True,Eyes,0.1144867,0.009382351,-2.80736,-0.02709281,-0.0451572,0.9986124,0.0,0.0,0.0,0.0,0.0,0.0,0.0,-0.2210782,0.01878509,2.689195,0.09041689,0.01457747,-2.696778,0.006743536,0.02424332,-0.009534754,0.9996379,0.7989867,2.771056,358.9264,0.04620169,0.003357632,-0.9989262,-0.09136285,-0.009160972,0.1473058,0.2915437,-0.1024293,-0.7983267,0.1273502,-0.09306411,1.915,0.9986427,-0.01873563,-0.04859769,0.01938957,0.9997272,0.01301988,0.04834049,-0.0139445,0.9987336,moving,-4.288590216613519,-1.877346624165353,3.8046481130350966,-2.782239673096475,0.20112681000000002,-0.11700677,1.8984513,-0.07474023033396308,-0.03266838730501431,0.996667744506569,-3.739767102175879,-1.1648192326128615,8.136861074338666,8.143668589186165,7.715844077014586
184,05/05/2023 15:31:49.746432,367,True,True,True,True,Eyes,0.1133432,0.009643847,-2.801839,-0.02021996,-0.04627563,0.9987241,0.0,0.0,0.0,0.0,0.0,0.0,0.0,-0.249109,0.02376718,2.677697,0.08960117,0.0159065,-2.687824,0.008014243,0.02969832,-0.009883405,0.999478,0.951564,3.394777,358.8951,0.04565635,0.003355799,-0.9989512,-0.08588108,-0.008611314,0.1384674,0.3121177,-0.1102579,-0.7918239,0.1311624,-0.09570035,1.915,0.9980406,-0.01928047,-0.05952403,0.02023251,0.9996762,0.01543308,0.0592072,-0.01660716,0.9981076,moving,-4.518139237365927,-1.796729001317177,3.9181897940715875,-2.8609234271466244,0.22251653,-0.1261644,1.8960001,-0.07873622027246206,-0.03125636117838123,0.9964054175576332,-3.9712471947289245,-1.0904138184055343,8.49603826341702,8.503185126918142,8.08566139996588
185,05/05/2023 15:31:49.755964,368,True,True,True,True,Eyes,0.112257,0.009900907,-2.796197,-0.0131074,-0.04751553,0.9987844,0.0,0.0,0.0,0.0,0.0,0.0,0.0,-0.2787089,0.0241687,2.665831,0.08867326,0.01660535,-2.678951,0.008350095,0.03551475,-0.0105743,0.9992784,0.9992447,4.060651,358.8229,0.0451322,0.003364146,-0.998975,-0.08072821,-0.008094635,0.1301594,0.3357639,-0.1168468,-0.7860045,0.135036,-0.0983789,1.915,0.9972538,-0.02054023,-0.07115483,0.02172643,0.9996369,0.01593705,0.07080165,-0.01743922,0.9973379,moving,-4.772871764377073,-1.8324108379873647,4.033528631779693,-2.9408589447012083,0.24709064,-0.13345215,1.8929465,-0.08316375494162129,-0.031865378892500386,0.9960262018146653,-4.2282633993014604,-1.1297547018722465,8.86808302189654,8.875885597657708,8.457972933465152
186,05/05/2023 15:31:49.776426,369,True,True,True,True,Eyes,0.08547627,0.01627336,-2.651995,0.1691036,-0.07959013,0.9823794,0.0,0.0,0.0,0.0,0.0,0.0,0.0,-0.3079461,0.03184948,2.653859,0.08784771,0.01682551,-2.670358,0.00996432,0.04126772,-0.01117789,0.999036,1.193672,4.717963,358.7671,0.04463148,0.003381496,-0.9989974,-0.07588452,-0.007608957,0.1223498,0.3605859,-0.1206613,-0.7805432,0.1389045,-0.1010541,1.915,0.9963441,-0.02151182,-0.08267863,0.02315664,0.9995515,0.01898685,0.08223312,-0.020832,0.9963953,moving,5.113015049694588,-3.2798656255913285,4.148682943622362,-3.0206830537322378,0.27273819,-0.13748681,1.8898148,0.08897572208335051,-0.05698627291477936,0.9944022261890637,5.7430649749173135,-2.3619990978929843,0.9958371563581023,0.9985549641142386,1.7250851038126394
187,05/05/2023 15:31:49.797645,370,True,True,True,True,Eyes,0.08547008,0.01628558,-2.651652,0.1696258,-0.07963324,0.9822859,1.899191,0.4076219,-0.1349532,-0.7861035,-0.1566644,0.223139,-0.9621149,0.1456747,-0.1034827,1.90035,0.08702573,0.0170546,-2.661569,0.01138327,0.04706503,-0.0117606,0.9987578,1.366364,5.380647,358.7149,0.04314701,0.003684534,-0.9990616,-0.1516738,0.01196495,0.5476141,0.3851475,-0.1298031,-0.7760326,0.1427468,-0.1037111,1.915,0.9952931,-0.02242047,-0.09428088,0.02456349,0.9994642,0.02163124,0.09374538,-0.02384529,0.9953107,moving,4.480325739935178,-3.115072424654498,4.263024132659846,-3.099952485828562,0.29812176999999995,-0.1468577,1.8855364000000001,0.07800204544746242,-0.05417592064507464,0.9954800875987516,5.104988625534991,-2.2128443043867727,0.2174467455105307,0.21782699803867833,1.2230556540253836
188,05/05/2023 15:31:49.805839,371,True,True,True,True,Eyes,0.08544741,0.01632126,-2.650967,0.1706257,-0.0797357,0.9821044,0.0,0.0,0.0,0.0,0.0,0.0,0.0,-0.3675314,0.03917414,2.628568,0.08636463,0.01737894,-2.652965,0.01173255,0.05310312,-0.01211866,0.9984466,1.41625,6.072637,358.6843,0.04194255,0.003942761,-0.9991119,-0.1425733,0.01124705,0.5147573,0.4099617,-0.1382995,-0.7716854,0.1467192,-0.1064579,1.915,0.9940664,-0.02295359,-0.1063256,0.02544573,0.999431,0.02214156,0.1057569,-0.02471572,0.9940848,moving,3.848421523969378,-3.0796464075292342,4.381201140750143,-3.181888538268062,0.32359707,-0.15567844,1.8812796,0.0670206387809072,-0.05360329740977742,0.9963106364676323,4.467558784129025,-2.1896987177666625,0.5412860533902828,0.5425012196807248,0.9959409031044731
189,05/05/2023 15:31:49.825936,372,True,True,True,True,Eyes,0.0854066,0.0163703,-2.649949,0.1721222,-0.07978811,0.981839,0.0,0.0,0.0,0.0,0.0,0.0,0.0,-0.3993391,0.04163583,2.614897,0.08582565,0.01799261,-2.644088,0.0124326,0.05944602,-0.01209665,0.9980809,1.504512,6.799994,358.7006,0.04096389,0.004164496,-0.9991516,-0.1340189,0.01057223,0.4838718,0.4359584,-0.1425906,-0.7677399,0.1507436,-0.109241,1.915,0.9926397,-0.02266873,-0.1189646,0.025625,0.9993982,0.02337928,0.1183631,-0.02625567,0.9926232,moving,3.2066091371362972,-3.0069262915657076,4.500887045105991,-3.2648941201840675,0.35013275,-0.16058321,1.8763481,0.055859903315513305,-0.05237477222427049,0.9970639751727315,3.8201754510899804,-2.1304012003583455,1.3168066680881163,1.3197358461678903,1.3230428788828086
190,05/05/2023 15:31:49.846091,373,True,True,True,True,Eyes,0.08534954,0.01639744,-2.648618,0.1740907,-0.0797805,0.9814925,0.0,0.0,0.0,0.0,0.0,0.0,0.0,-0.4315347,0.03607096,2.60075,0.08537877,0.01833379,-2.635109,0.0115608,0.06591851,-0.01209475,0.9976848,1.413207,7.544261,358.7041,0.04008898,0.004365462,-0.9991863,-0.1259778,0.009937893,0.4548395,0.4629803,-0.147555,-0.7642087,0.1544922,-0.1118332,1.915,0.9910169,-0.02260936,-0.1318114,0.02565764,0.9994401,0.02147354,0.1312521,-0.02466261,0.9910423,moving,2.580606856334976,-3.1096976992120466,4.612335266191193,-3.3421938042954147,0.37760153,-0.16588878999999998,1.8709003,0.04495869551166276,-0.05419296919321656,0.9975178521464678,3.1885440939375904,-2.2417747933075134,2.0409441808819446,2.044987718861854,1.799473062296538
191,05/05/2023 15:31:49.855925,374,True,True,True,True,Eyes,0.0852932,0.01639793,-2.646986,0.1763277,-0.07981091,0.9810907,0.0,0.0,0.0,0.0,0.0,0.0,0.0,-0.4647377,0.03180356,2.586119,0.08480139,0.01782258,-2.626308,0.01075554,0.0726563,-0.01196263,0.9972274,1.328795,8.319402,358.7221,0.03930063,0.004547749,-0.9992168,-0.1184191,0.009341619,0.4275492,0.4906788,-0.1468845,-0.7605883,0.1583115,-0.1144741,1.915,0.9891559,-0.022296,-0.145167,0.02542183,0.9994824,0.01971312,0.1446524,-0.02318976,0.9892108,moving,1.9384585620780967,-3.2090152558355394,4.725849474984195,-3.420933201962796,0.40587741,-0.16470708,1.8657196999999999,0.03377305402887178,-0.055946676238032456,0.9978624910318492,2.5406284025840904,-2.350074194422017,2.790076078173276,2.7954350854996237,2.4335016230306254
192,05/05/2023 15:31:49.876372,375,True,True,True,True,Eyes,0.08522196,0.01639729,-2.645053,0.1789968,-0.07980889,0.9806073,0.0,0.0,0.0,0.0,0.0,0.0,0.0,-0.4974932,0.03453617,2.570849,0.08422211,0.01720913,-2.617359,0.01127513,0.07935418,-0.01190028,0.9967117,1.396137,9.088799,358.7429,0.03859157,0.004712061,-0.9992437,-0.111314,0.008781122,0.4018962,0.5193012,-0.1473254,-0.7578298,0.1622289,-0.1171832,1.915,0.9871226,-0.02193284,-0.1584548,0.02551175,0.9994625,0.02058743,0.1579181,-0.02436478,0.9871516,moving,1.3233770947187358,-3.1543459942936205,4.842240710720897,-3.501692564774625,0.43507909,-0.16453452999999998,1.8595291999999999,0.023060261459203507,-0.0550112841207544,0.9982194012878035,1.9201911184843654,-2.307880203151099,3.5289512484516963,3.5359653261943502,3.1565110128518192
193,05/05/2023 15:31:49.897700,376,True,True,True,True,Eyes,0.08516378,0.01637362,-2.642828,0.1818167,-0.079698,0.9800974,0.0,0.0,0.0,0.0,0.0,0.0,0.0,-0.529516,0.03147827,2.55515,0.08366553,0.01717399,-2.608232,0.01079322,0.08598477,-0.01184597,0.9961677,1.348916,9.851908,358.7537,0.03795299,0.004860384,-0.9992675,-0.1046351,0.008254254,0.3777824,0.5476043,-0.1529365,-0.7557624,0.1661679,-0.119907,1.915,0.9849325,-0.02174503,-0.1715662,0.02545724,0.9994864,0.01946657,0.1710548,-0.02354086,0.9849802,moving,0.726446125417907,-3.20759570068831,4.959233332188983,-3.582876097531674,0.46393877000000006,-0.17011049,1.8524696,0.01265867743532302,-0.05594938443630704,0.998353354958272,1.317942814694566,-2.3704892767002947,4.240869035127581,4.2493908874166655,3.837822095423442
194,05/05/2023 15:31:49.906114,377,True,True,True,True,Eyes,0.08509011,0.01630574,-2.640328,0.1850255,-0.07958209,0.9795061,0.0,0.0,0.0,0.0,0.0,0.0,0.0,-0.5616209,0.02488497,2.538792,0.08326155,0.0165993,-2.598902,0.009466116,0.09267849,-0.01137082,0.9955862,1.200797,10.62406,358.8029,0.03737861,0.004993537,-0.9992884,-0.09835704,0.007758999,0.3551155,0.5754306,-0.1540064,-0.7535239,0.1698724,-0.1224687,1.915,0.9825628,-0.02088665,-0.1847541,0.02439587,0.9995621,0.01674101,0.1843236,-0.02095633,0.9826422,moving,0.14311912898910545,-3.3615037186024592,5.069223248287848,-3.6592150630926934,0.49216905,-0.1706057,1.8453780999999998,0.002493599625579046,-0.05863547209352267,0.9982763184657372,0.7293050888306823,-2.530910199531996,4.9250516284755514,4.935092080074112,4.484190171694416
195,05/05/2023 15:31:49.925895,378,True,True,True,True,Eyes,0.08501848,0.01622262,-2.637563,0.1883283,-0.07961804,0.9788736,0.0,0.0,0.0,0.0,0.0,0.0,0.0,-0.5916339,0.02541394,2.522558,0.08269495,0.01547049,-2.589768,0.009367421,0.0990311,-0.01069212,0.994983,1.189463,11.35635,358.8869,0.03686289,0.005111166,-0.999307,-0.09245561,0.007293459,0.3338085,0.6040922,-0.1523919,-0.7513765,0.1739405,-0.1252817,1.915,0.980157,-0.01942161,-0.1972688,0.02313227,0.9995959,0.01652314,0.1968682,-0.02075855,0.9802101,moving,-0.39968327572944645,-3.3856734205273478,5.189965602843837,-3.743027804838679,0.5213972499999999,-0.16786239,1.8383914999999997,-0.006963558248022486,-0.059055337103541536,0.9982304752247375,0.18169479120247478,-2.5642174249178673,5.5893471511603146,5.601060322985471,5.145130749995366
196,05/05/2023 15:31:49.945832,379,True,True,True,True,Eyes,0.08492956,0.01613617,-2.634528,0.1919693,-0.07967828,0.9781612,0.0,0.0,0.0,0.0,0.0,0.0,0.0,-0.6204739,0.03231796,2.506041,0.08211118,0.01506842,-2.580563,0.01072513,0.105204,-0.01058449,0.9943366,1.349775,12.06653,358.9229,0.03639867,0.005214699,-0.9993235,-0.08690827,0.006855852,0.31378,0.6306915,-0.1553999,-0.7497853,0.1774702,-0.1277227,1.915,0.9776402,-0.01879244,-0.2094434,0.02330574,0.9995459,0.01910172,0.2089893,-0.02355585,0.9776342,moving,-0.9007396053720834,-3.2383916743895487,5.2946906937340295,-3.8157439004359603,0.5485803199999999,-0.17046832,1.8307777,-0.01569512876157629,-0.05648355537503878,0.9982802434872887,-0.3236089215069117,-2.429754045195513,6.209156357554241,6.222273875682652,5.786731240125633
197,05/05/2023 15:31:49.956079,380,True,True,True,True,Eyes,0.08482957,0.01598757,-2.631227,0.1956539,-0.0796426,0.9774337,0.0,0.0,0.0,0.0,0.0,0.0,0.0,-0.648194,0.03255016,2.489124,0.0814944,0.01490693,-2.571009,0.01090161,0.1112461,-0.01097289,0.9936725,1.381343,12.76245,358.8891,0.03598078,0.005305388,-0.9993373,-0.08169378,0.0064445,0.2949532,0.6566532,-0.1638483,-0.7488838,0.1814245,-0.1304571,1.915,0.9750078,-0.0193814,-0.2213237,0.02423245,0.9995214,0.01922388,0.2208452,-0.02410665,0.9750109,moving,-1.37863300185483,-3.215375482408761,5.411971378240932,-3.897185599261036,0.5751588000000001,-0.17875523000000001,1.8221252000000001,-0.024021510058977305,-0.05607325313268151,0.9981376596207884,-0.8056854571571519,-2.415927644987,6.81012842897143,6.824747092927169,6.3916650138968185
198,05/05/2023 15:31:49.985983,381,True,True,True,True,Eyes,0.08471527,0.01579114,-2.627693,0.1996789,-0.08005066,0.976586,0.0,0.0,0.0,0.0,0.0,0.0,0.0,-0.6753822,0.02407095,2.47194,0.08091189,0.01323722,-2.561344,0.008987849,0.117258,-0.01083087,0.9930018,1.168337,13.45776,358.888,0.03560492,0.00538213,-0.9993498,-0.07679215,0.00605783,0.277256,0.6820839,-0.1680913,-0.7474899,0.1855382,-0.1333018,1.915,0.9722665,-0.01940235,-0.2330695,0.02361793,0.9996039,0.01530989,0.2326801,-0.02038991,0.9723396,moving,-1.8324250660019898,-3.46175596614948,5.533931442184462,-3.9818957455363337,0.60117201,-0.18132852,1.8138541,-0.03191811167800082,-0.06035152072120586,0.9976667353185601,-1.2637513820093433,-2.664101148638268,7.368076983102922,7.384697258236218,6.924238180330974
199,05/05/2023 15:31:49.998005,382,True,True,True,True,Eyes,0.08184862,0.01065804,-2.532984,0.3046757,-0.0894013,0.9482511,0.0,0.0,0.0,0.0,0.0,0.0,0.0,-0.6965572,0.03611886,2.45634,0.08029158,0.0119587,-2.552158,0.01120168,0.1220569,-0.01080177,0.9924011,1.425091,14.01003,358.9279,0.03526663,0.005444545,-0.999361,-0.07218462,0.00569436,0.2606207,0.7071655,-0.165206,-0.7454719,0.1891232,-0.1357809,1.915,0.9699709,-0.0187049,-0.2425008,0.02417387,0.9995157,0.01959625,0.2420168,-0.02486997,0.9699533,moving,3.863674623063045,-3.643860730356953,5.640176015289447,-4.055704765975794,0.62687392,-0.17716469999999998,1.8066860999999999,0.06724714214452576,-0.0634106401616372,0.9957193057539235,4.482311647047457,-2.7390550159456675,1.8172083691263068,1.8236152846083404,1.753344364207676
200,05/05/2023 15:31:50.006152,383,True,True,True,True,Eyes,0.08183891,0.01061007,-2.532581,0.3050721,-0.08926378,0.9481366,0.0,0.0,0.0,0.0,0.0,0.0,0.0,-0.7184805,0.03431432,2.439715,0.0800757,0.0115378,-2.542254,0.01099004,0.1270353,-0.01161758,0.9917693,1.418264,14.58412,358.8392,0.03491389,0.005313301,-0.9993737,-0.07645349,-0.01004659,0.5291109,0.7276753,-0.1777201,-0.7442312,0.1930676,-0.1385086,1.915,0.9674541,-0.02025168,-0.2522347,0.02583617,0.9994885,0.01884747,0.251724,-0.02475085,0.9674824,moving,3.320128624423159,-3.6448947663154243,5.757026746769257,-4.136899645814708,0.6475996,-0.18925789999999998,1.7980227999999998,0.05779799528322044,-0.06346624188328892,0.9963089123160103,3.9339772272288984,-2.749837954905149,2.477721827398596,2.486069439928226,2.2907312555350567
201,05/05/2023 15:31:50.026217,384,True,True,True,True,Eyes,0.08184284,0.01052402,-2.531807,0.305961,-0.08969137,0.9478098,0.0,0.0,0.0,0.0,0.0,0.0,0.0,-0.7411612,0.02357251,2.422476,0.07973649,0.0103022,-2.532154,0.008923443,0.132272,-0.01296081,0.9910886,1.209979,15.18958,358.6629,0.03464838,0.005200184,-0.9993834,-0.07186628,-0.009443794,0.4973643,0.749902,-0.1816307,-0.7421104,0.1978796,-0.1418359,1.915,0.9646723,-0.02332999,-0.2624178,0.02805127,0.9995047,0.01425914,0.2619551,-0.02111655,0.964849,moving,2.7875930536718796,-3.87781990184938,5.8995145272617115,-4.23592013234047,0.6701655099999999,-0.19193290000000002,1.7900435999999997,0.048522405086159404,-0.06754940875813284,0.9965353711387259,3.3964893990559553,-2.9863200970560153,3.1227687087833322,3.1324576665722526,2.7976123821237913
202,05/05/2023 15:31:50.045889,385,True,True,True,True,Eyes,0.08182498,0.01045064,-2.530656,0.3072231,-0.09018254,0.9473548,0.0,0.0,0.0,0.0,0.0,0.0,0.0,-0.7639866,0.03129759,2.404844,0.07915509,0.009418197,-2.522216,0.01073261,0.1375824,-0.01489492,0.9903203,1.452947,15.79933,358.4782,0.03441441,0.005095617,-0.999392,-0.0675543,-0.008877167,0.4675224,0.7710581,-0.1786101,-0.7392146,0.2008072,-0.1438605,1.915,0.9616984,-0.02654824,-0.2728209,0.03245471,0.9993259,0.01715888,0.2721815,-0.02535599,0.9619118,moving,2.2622011545214726,-3.6662797042134123,5.986167774547698,-4.296159886776326,0.69190301,-0.18802829699999998,1.7830013999999998,0.039391943642875155,-0.06389536316002736,0.9971788696719295,2.8667080544380417,-2.7896968786673906,3.7646669324969677,3.776860658199484,3.464167972282412
203,05/05/2023 15:31:50.056422,386,True,True,True,True,Eyes,0.08178743,0.01034022,-2.52914,0.3090155,-0.09081905,0.9467108,0.0,0.0,0.0,0.0,0.0,0.0,0.0,-0.787308,0.03184722,2.386509,0.07851803,0.009666876,-2.511979,0.01132581,0.1431016,-0.01663268,0.9895034,1.557158,16.43496,358.2989,0.0342046,0.004998798,-0.9993997,-0.06350105,-0.008344537,0.439471,0.7924125,-0.1909706,-0.7384941,0.2046219,-0.1464985,1.915,0.9584906,-0.0296747,-0.2835757,0.03615766,0.9991902,0.01765354,0.2828222,-0.02717418,0.9587874,moving,1.7466154622999959,-3.605627039312882,6.099036773442977,-4.374636391345701,0.71389447,-0.20063747599999998,1.7734849000000001,0.030419193162239594,-0.0628594333835935,0.9975587111753595,2.3466495798604567,-2.739884718430865,4.405527467098117,4.419835591196298,4.093021216981407
204,05/05/2023 15:31:50.076126,387,True,True,True,True,Eyes,0.08172237,0.01018455,-2.527285,0.3111665,-0.09150043,0.9459403,0.0,0.0,0.0,0.0,0.0,0.0,0.0,-0.8110366,0.02281872,2.367664,0.0776455,0.008691669,-2.501606,0.009592829,0.148857,-0.01750581,0.9886572,1.385534,17.10281,358.1795,0.03401623,0.004907544,-0.9994066,-0.05969098,-0.007843864,0.4131028,0.8145356,-0.1975887,-0.7376481,0.208459,-0.1491519,1.915,0.9550703,-0.03175857,-0.294673,0.03747041,0.999203,0.01375631,0.2940013,-0.02417976,0.9554991,moving,1.2260222049732106,-3.828518387643539,6.2125206247187545,-4.453554435569915,0.7368901,-0.20628036900000002,1.7639579000000003,0.021348763410065835,-0.06675531892447364,0.9975409406498952,1.8212205316234216,-2.9663776431668882,5.009577594643373,5.025518535567473,4.636292842291267
205,05/05/2023 15:31:50.098562,388,True,True,True,True,Eyes,0.0816524,0.01002409,-2.525095,0.3136285,-0.09247059,0.9450325,0.0,0.0,0.0,0.0,0.0,0.0,0.0,-0.8345595,0.02648208,2.34876,0.0768197,0.007465999,-2.491568,0.01029831,0.1545619,-0.01790079,0.9877674,1.482879,17.76272,358.1553,0.03384649,0.00481956,-0.9994128,-0.05610952,-0.007373232,0.3883166,0.8377868,-0.1960851,-0.7364908,0.2123599,-0.1518493,1.915,0.9515803,-0.03218018,-0.305711,0.03854708,0.999147,0.01481111,0.3049736,-0.02587823,0.9520092,moving,0.7184618501809675,-3.8020996225055295,6.327841241589007,-4.53376378420877,0.7609671,-0.203551099,1.7550772000000001,0.012511602713737052,-0.06630527717553418,0.9977209740702345,1.3092195741006012,-2.9497701766622844,5.638772517488715,5.6568957567091624,5.262660846960617
206,05/05/2023 15:31:50.106239,389,True,True,True,True,Eyes,0.08156664,0.009856099,-2.522575,0.3164719,-0.09325802,0.9440066,0.0,0.0,0.0,0.0,0.0,0.0,0.0,-0.8586743,0.0286272,2.328915,0.07616231,0.007259653,-2.481156,0.01072715,0.1604629,-0.0173122,0.9868318,1.531568,18.44785,358.2386,0.03369376,0.004734372,-0.9994185,-0.05274295,-0.006930838,0.3650176,0.8608764,-0.2036216,-0.736941,0.2164772,-0.1546965,1.915,0.9479039,-0.03072584,-0.3170711,0.03761108,0.9991704,0.01561586,0.3163283,-0.02672772,0.9482732,moving,0.20288202723474955,-3.8150938863672343,6.44950336367881,-4.618408235595874,0.78471409,-0.21088125300000002,1.744215,0.003533105196596553,-0.06653634107162718,0.9977777383325208,0.7890841890931086,-2.9717012285535476,6.27769022380146,6.298062564360155,5.89508178052347
207,05/05/2023 15:31:50.126154,390,True,True,True,True,Eyes,0.08147591,0.009673441,-2.519739,0.3196944,-0.09417433,0.942829,0.0,0.0,0.0,0.0,0.0,0.0,0.0,-0.8832926,0.02217435,2.308542,0.07558727,0.006875413,-2.470689,0.009133443,0.166564,-0.01565548,0.9858642,1.330754,19.16086,358.4051,0.03355614,0.004651443,-0.9994236,-0.04957837,-0.006514988,0.3431165,0.8848967,-0.2079496,-0.7375419,0.2203654,-0.1573853,1.915,0.9440227,-0.02782574,-0.328705,0.03391096,0.999343,0.01279339,0.328133,-0.02322395,0.944346,moving,-0.31554110943812785,-4.0835126131236335,6.564342230194403,-4.698325073291278,0.80930943,-0.214825013,1.7331471,-0.005493222370313078,-0.07120933841434243,0.9974461848610631,0.2657931696811652,-3.2425057197055884,6.884608881558335,6.907299698733989,6.464605963085982
208,05/05/2023 15:31:50.146060,391,True,True,True,True,Eyes,0.08136658,0.00948783,-2.516583,0.3232374,-0.09493582,0.9415438,0.0,0.0,0.0,0.0,0.0,0.0,0.0,-0.9069481,0.02231104,2.287908,0.07493291,0.006388734,-2.460065,0.008867579,0.172536,-0.01409303,0.9848624,1.27951,19.85758,358.5843,0.03343232,0.004570002,-0.9994283,-0.04660367,-0.006124089,0.3225295,0.9100288,-0.2036469,-0.7379526,0.2240306,-0.1599197,1.915,0.9400654,-0.02469944,-0.3400984,0.03081935,0.9994454,0.01260358,0.3395986,-0.0223298,0.9403054,moving,-0.8047990472653396,-4.189852187272428,6.672546275719511,-4.7736360504767426,0.83509589,-0.210035634,1.7221124000000003,-0.01400839966288675,-0.0730543882167117,0.9972295498517075,-0.22789348768224615,-3.354895914022457,7.474996222294484,7.50009977787637,7.044777675918696
209,05/05/2023 15:31:50.166220,392,True,True,True,True,Eyes,0.081237,0.009295502,-2.513132,0.3270552,-0.09569096,0.940148,0.0,0.0,0.0,0.0,0.0,0.0,0.0,-0.9291987,0.01661649,2.267232,0.07427368,0.005924161,-2.449179,0.00746841,0.1783109,-0.0130021,0.98386,1.107744,20.53241,358.6864,0.03332059,0.004489814,-0.9994324,-0.04380745,-0.005756643,0.3031777,0.9344767,-0.2044938,-0.7389314,0.2278815,-0.1625826,1.915,0.9360723,-0.02292109,-0.3510601,0.02824788,0.9995503,0.01005891,0.3506716,-0.01933257,0.9362989,moving,-1.2475616069585607,-4.41445588769918,6.786181060032756,-4.852747657537949,0.86020302,-0.21041796100000001,1.7102476,-0.021707778402751426,-0.07695245228334768,0.9967984841587381,-0.6748082736361551,-3.581657151556665,8.017883688335212,8.045689586042027,7.568489473568488
210,05/05/2023 15:31:50.176198,393,True,True,True,True,Eyes,0.0811129,0.009102192,-2.50939,0.3310989,-0.09633987,0.9386651,0.0,0.0,0.0,0.0,0.0,0.0,0.0,-0.9481137,0.01155251,2.248024,0.07348251,0.00564315,-2.438695,0.006311808,0.183419,-0.0124114,0.9829363,0.9718508,21.12928,358.7344,0.03321932,0.004410514,-0.9994363,-0.041179,-0.005411244,0.2849871,0.9580371,-0.2015626,-0.739172,0.2317072,-0.1652282,1.915,0.9324068,-0.02208382,-0.360735,0.02671463,0.9996122,0.007855238,0.3604217,-0.01696118,0.9326353,moving,-1.5960296856838778,-4.595162782641824,6.899019141479076,-4.93132693955498,0.88455459,-0.20720575000000002,1.6995230000000001,-0.02776291265373365,-0.0800838901472336,0.9964014318088388,-1.026548712851768,-3.763960340882867,8.471275161950848,8.501697531450752,8.011077991712334
211,05/05/2023 15:31:50.196116,394,True,True,True,True,Eyes,0.08098903,0.008918222,-2.505377,0.3371772,-0.09726779,0.936403,0.0,0.0,0.0,0.0,0.0,0.0,0.0,-0.965942,0.00682158,2.228559,0.07336326,0.005538838,-2.427788,0.005326869,0.1882432,-0.01218642,0.9820325,0.8623534,21.69304,358.7433,0.03312806,0.004331996,-0.9994398,-0.03870826,-0.00508657,0.2678879,0.9788829,-0.1998987,-0.7390085,0.2356043,-0.1679233,1.915,0.928832,-0.02192943,-0.3698517,0.02594042,0.9996462,0.005874292,0.3695921,-0.01505034,0.9290723,moving,-1.783535108609209,-4.762527515911462,7.013907878499222,-5.011357345085693,0.90551964,-0.205437538,1.6887795,-0.031016179636612518,-0.0829861584091993,0.9960679493355645,-1.2158938184894463,-3.9303713337943424,8.76826045812654,8.800961276775974,8.300491957008642
212,05/05/2023 15:31:50.205928,395,True,True,True,True,Eyes,0.08086954,0.008694978,-2.501093,0.3433744,-0.09792061,0.93408,0.0,0.0,0.0,0.0,0.0,0.0,0.0,-0.9827631,0.002394652,2.209489,0.07301027,0.005808841,-2.417086,0.004626988,0.192933,-0.01265281,0.9811195,0.7999637,22.24083,358.6795,0.03304615,0.004254572,-0.9994429,-0.03638577,-0.004781375,0.2518146,0.9995964,-0.1994319,-0.7383747,0.2399776,-0.1709473,1.915,0.9252335,-0.02304244,-0.3786978,0.02661324,0.9996369,0.004196964,0.3784636,-0.01396155,0.9255109,moving,-1.942601047258347,-4.868830732674295,7.142767755243086,-5.101131015830181,0.92658613,-0.205240741,1.6787112999999998,-0.0337761084895947,-0.08482645934543909,0.9958230350460606,-1.3764802838405972,-4.036787634247206,9.053333183156932,9.088338115355338,8.585476922416754
213,05/05/2023 15:31:50.226000,396,True,True,True,True,Eyes,0.08058593,0.008508158,-2.4965,0.3496539,-0.09884836,0.9316497,0.0,0.0,0.0,0.0,0.0,0.0,0.0,-1.000643,-0.01447117,2.189505,0.07291491,0.004588277,-2.406261,0.001077636,0.1979103,-0.01363599,0.9801247,0.4302863,22.82607,358.4927,0.0329732,0.004176578,-0.9994458,-0.03420262,-0.004494492,0.2367057,1.01819,-0.1996551,-0.7375652,0.2432151,-0.1731862,1.915,0.9212912,-0.0263034,-0.3879829,0.0271565,0.9996258,-0.003284972,0.3879241,-0.007509841,0.9216607,moving,-2.114053419158628,-5.303926103016588,7.238114438585343,-5.167581224441302,0.94527509,-0.204243377,1.6686958,-0.03673109065062338,-0.09237643920429531,0.9950464471719601,-1.549932071075513,-4.463720303487646,9.315009090120519,9.35316168818508,8.816188612547265
214,05/05/2023 15:31:50.246083,397,True,True,True,True,Eyes,0.08032315,0.008472946,-2.491627,0.3560101,-0.09973241,0.9291449,0.0,0.0,0.0,0.0,0.0,0.0,0.0,-1.017157,-0.009138142,2.170581,0.07249661,0.005125534,-2.396003,0.002939612,0.2025959,-0.0159251,0.9791285,0.6995551,23.37022,358.2811,0.03290213,0.004099544,-0.9994485,-0.03215046,-0.004224823,0.2225034,1.038628,-0.1920701,-0.7365579,0.2470592,-0.1758443,1.915,0.9174026,-0.02999433,-0.3968284,0.03237654,0.9994755,-0.0006962044,0.3966412,-0.01220923,0.9178925,moving,-2.250601506125075,-5.098522299185826,7.351273567933103,-5.246455115774178,0.9661313900000001,-0.19719563399999998,1.6594451,-0.03911516537954776,-0.08880059741744711,0.995281089862589,-1.6874517798867912,-4.26608154230449,9.563655906045975,9.603014581684414,9.091737361851122
215,05/05/2023 15:31:50.256175,398,True,True,True,True,Eyes,0.08000779,0.008475224,-2.486442,0.3625503,-0.1000495,0.9265783,0.0,0.0,0.0,0.0,0.0,0.0,0.0,-1.033998,-0.02275707,2.149682,0.0726424,0.008700778,-2.384418,0.001653506,0.2075059,-0.01919759,0.978044,0.6418194,23.94514,357.8871,0.03283395,0.004029467,-0.9994512,-0.03022143,-0.003971334,0.2091532,1.056601,-0.2042998,-0.7377408,0.2510562,-0.1786081,1.915,0.9131455,-0.03686594,-0.4059632,0.03823839,0.9992574,-0.004732821,0.4058362,-0.01120163,0.9138772,moving,-2.382917223887322,-5.196680233962225,7.468872496268487,-5.328444302506561,0.9839585999999999,-0.213000578,1.6466772,-0.041407156451294835,-0.09049719522452292,0.9950355137191548,-1.8210432618462604,-4.364081997843724,9.810974229705016,9.85267082876146,9.339835622082612
216,05/05/2023 15:31:50.276100,399,True,True,True,True,Eyes,0.07969132,0.008496722,-2.481057,0.3691699,-0.1006974,0.9238905,0.0,0.0,0.0,0.0,0.0,0.0,0.0,-1.05299,-0.06960168,2.12636,0.07271737,0.009287938,-2.372691,-0.007818838,0.2131888,-0.02108383,0.9767523,359.6399,24.63292,357.4482,0.03276663,0.003967199,-0.9994537,-0.02840815,-0.003733054,0.196604,1.075666,-0.2032935,-0.7369736,0.2549199,-0.18128,1.915,0.9082121,-0.04452113,-0.4161355,0.03785358,0.9989886,-0.02426381,0.4167949,0.006284466,0.9089788,moving,-2.577118889569747,-6.266165579187088,7.582489384723169,-5.407686443666247,1.0029486300000001,-0.21258143799999998,1.6357174,-0.04469595004726848,-0.10903826033540978,0.9930322085689967,-2.0181582107129143,-5.40941620105115,10.147091367286766,10.195814176082541,9.600647751262061
217,05/05/2023 15:31:50.296200,400,True,True,True,True,Eyes,0.07938494,0.008660343,-2.475415,0.375847,-0.1016812,0.9210863,0.0,0.0,0.0,0.0,0.0,0.0,0.0,-1.071483,-0.0599666,2.105942,0.07226643,0.009821234,-2.362487,-0.004643181,0.2185252,-0.02462912,0.9755095,0.09770238,25.25046,357.1294,0.03270029,0.003912765,-0.9994562,-0.02670366,-0.00350907,0.1848077,1.098931,-0.1739514,-0.7352156,0.2587659,-0.1839396,1.915,0.9032803,-0.05008117,-0.426118,0.04602256,0.9987437,-0.0198231,0.4265754,-0.001705226,0.9044504,moving,-2.760299441391334,-5.890788956982966,7.695526244090379,-5.486543196083803,1.02666457,-0.18377263400000002,1.6272713999999997,-0.04790396031865163,-0.10251479655930769,0.9935773412081834,-2.2025299277843686,-5.047036725973825,10.414248353182163,10.463637293044139,9.907809138192778
218,05/05/2023 15:31:50.306457,401,True,True,True,True,Eyes,0.0725352,0.01447609,-2.328767,0.5409898,-0.1135195,0.8333327,0.0,0.0,0.0,0.0,0.0,0.0,0.0,-1.090398,-0.06484246,2.083017,0.07245103,0.0133907,-2.350894,-0.004126859,0.2241338,-0.0273676,0.9741653,0.2422199,25.9073,356.8373,0.03263552,0.00387116,-0.9994586,-0.02510144,-0.003298526,0.1737193,1.117769,-0.1929492,-0.7386632,0.262596,-0.1865883,1.915,0.8980301,-0.05517108,-0.4364608,0.0514712,0.998468,-0.02030849,0.4369126,-0.004227521,0.8994941,moving,7.414682242292301,-5.927988431658921,7.808035928877865,-5.5650560496652615,1.04531797,-0.2063399,1.6122307999999999,0.1283710204068942,-0.10242392497029261,0.986422957045786,8.06202563428625,-4.9002784584614565,0.5351803094641161,0.5352074706597859,0.7116459907989168
219,05/05/2023 15:31:50.326114,402,True,True,True,True,Eyes,0.07252043,0.01443624,-2.328337,0.5414014,-0.1138609,0.8330187,0.0,0.0,0.0,0.0,0.0,0.0,0.0,-1.110637,-0.09252836,2.058499,0.07281379,0.01516467,-2.33965,-0.009738321,0.2301991,-0.02739596,0.9727091,359.6372,26.63955,356.6875,0.03240165,0.004165005,-0.9994645,-0.04414456,0.01434661,0.6032428,1.139012,-0.1986581,-0.7409791,0.2668384,-0.1895217,1.915,0.8925155,-0.0577801,-0.4473,0.04881308,0.9983093,-0.03155816,0.4483672,0.006332057,0.893827,moving,6.773312766380832,-6.564232360184487,7.932586258135468,-5.651983517864978,1.0661982099999998,-0.21382277,1.5986708999999997,0.11717891313051831,-0.11352944813690498,0.9866002745508136,7.414291734509838,-5.531611859085268,1.4752488557731862,1.4751654073351472,0.532088854851986
220,05/05/2023 15:31:50.345875,403,True,True,True,True,Eyes,0.07253785,0.01437398,-2.327525,0.5421979,-0.1144188,0.832424,0.0,0.0,0.0,0.0,0.0,0.0,0.0,-1.131691,-0.08411759,2.035537,0.07301719,0.01417109,-2.329309,-0.008203326,0.2361868,-0.02667305,0.971307,359.8088,27.33936,356.8075,0.03222493,0.004403683,-0.9994689,-0.04149589,0.01348582,0.5670482,1.163317,-0.1799194,-0.7428209,0.2703013,-0.1919165,1.915,0.8870087,-0.05569048,-0.4583822,0.0479404,0.9984425,-0.02853554,0.4592575,0.003336246,0.888297,moving,6.108269411639068,-6.467089738270028,8.034195821236354,-5.722930948904397,1.0902998099999999,-0.19409049,1.5864881,0.1057380708860712,-0.11200107570770917,0.9880663741568468,6.7435002960274115,-5.448940910839731,2.0617857907009935,2.064694853719168,1.3194565092313824
221,05/05/2023 15:31:50.365016,404,True,True,True,True,Eyes,0.07256898,0.01428726,-2.326341,0.5433547,-0.1152567,0.8315536,0.0,0.0,0.0,0.0,0.0,0.0,0.0,-1.15247,-0.0651709,2.013055,0.07367314,0.01366626,-2.319313,-0.004552546,0.2419766,-0.02465783,0.9699581,0.1777135,28.011,357.1319,0.03209458,0.004596852,-0.9994722,-0.03900613,0.01267667,0.5330253,1.186475,-0.1891004,-0.7484024,0.274308,-0.1946872,1.915,0.8816786,-0.05003734,-0.4691898,0.04563091,0.9987425,-0.0207648,0.4696388,-0.003101681,0.8828532,moving,5.464423486257909,-6.20409897840537,8.151698258362511,-5.804992670218836,1.11280186,-0.20276666,1.5709106000000002,0.09467494483364178,-0.1075850415339826,0.9896776951304995,6.0942795133322445,-5.2043274000811195,2.7070050398225436,2.7167501810111525,2.1433083443946033
222,05/05/2023 15:31:50.376445,405,True,True,True,True,Eyes,0.07266428,0.01420996,-2.324833,0.5448626,-0.1163036,0.8304206,0.0,0.0,0.0,0.0,0.0,0.0,0.0,-1.172448,-0.05351156,1.990776,0.07480974,0.01301262,-2.309745,-0.002703268,0.2475656,-0.02213047,0.9686146,0.3277699,28.66703,357.4661,0.03200147,0.004752094,-0.9994745,-0.03666576,0.01191607,0.5010438,1.209145,-0.2031824,-0.7549918,0.2780086,-0.1972461,1.915,0.8764431,-0.04421027,-0.4794716,0.04153332,0.9990059,-0.01619433,0.4797108,-0.005720632,0.877408,moving,4.876472951910027,-6.164904824560059,8.260162589165626,-5.880760151940572,1.1343352599999998,-0.21619502000000002,1.5547532,0.08451971462669439,-0.10700613653501916,0.990659506459889,5.501194711778509,-5.176720571397549,3.3806836686990063,3.395599174851025,2.847380459198449
223,05/05/2023 15:31:50.386515,406,True,True,True,True,Eyes,0.07281967,0.0142069,-2.322973,0.5466906,-0.1174644,0.8290547,0.0,0.0,0.0,0.0,0.0,0.0,0.0,-1.193691,-0.03816108,1.96767,0.07630311,0.01324646,-2.300453,0.0007066859,0.253446,-0.02134774,0.9671138,0.6983318,29.35559,357.6539,0.03192531,0.0048878,-0.9994764,-0.03446582,0.0112011,0.4709812,1.232639,-0.2105059,-0.7616646,0.2823928,-0.2002779,1.914999,0.8706189,-0.04093317,-0.4902523,0.04164959,0.9990876,-0.009454103,0.490192,-0.01218789,0.8715293,moving,4.2848049534235155,-5.895234244179608,8.388590337937206,-5.9705062845666,1.15633589,-0.22375235999999998,1.5387884,0.07432132607349676,-0.10242574906517146,0.9919604323797022,4.904618923699983,-4.924661483017712,4.082186789548098,4.104475650093712,3.6375607437057247
224,05/05/2023 15:31:50.406045,407,True,True,True,True,Eyes,0.07307245,0.01424508,-2.32079,0.5489817,-0.1183154,0.827418,0.0,0.0,0.0,0.0,0.0,0.0,0.0,-1.21831,-0.03839471,1.941052,0.07848636,0.01499815,-2.290644,0.001335226,0.2602785,-0.02177264,0.9652873,0.7971046,30.16404,357.6306,0.03186594,0.005010291,-0.9994778,-0.03239787,0.01052904,0.4427223,1.255415,-0.2242514,-0.7696798,0.2858139,-0.2026437,1.914999,0.8635622,-0.04133864,-0.502545,0.04272876,0.9990484,-0.008756146,0.5024288,-0.01391165,0.8645067,moving,3.6399882068351417,-5.865553944893978,8.488743507231495,-6.040514976955257,1.1769286399999999,-0.23924954999999998,1.5209641999999999,0.06315599120146168,-0.10199049099232003,0.9927785493545662,4.254156362845699,-4.907345330884896,4.824447759419925,4.851910894262351,4.383583206712595
225,05/05/2023 15:31:50.427900,408,True,True,True,True,Eyes,0.07343619,0.01426436,-2.31832,0.5515093,-0.1191216,0.8256195,0.0,0.0,0.0,0.0,0.0,0.0,0.0,-1.245813,-0.05751669,1.911337,0.08087482,0.01593839,-2.280739,-0.002574689,0.2680374,-0.02204962,0.9631528,0.3930871,31.09426,357.4865,0.03182633,0.005122749,-0.9994786,-0.030454,0.009897294,0.416159,1.281827,-0.2285691,-0.7787776,0.2894477,-0.2051563,1.915,0.8553395,-0.04385453,-0.5162084,0.04109408,0.9990143,-0.01677988,0.5164354,-0.00686061,0.8562986,moving,2.927432811574141,-6.334711336643006,8.59506186136639,-6.11484477880136,1.20095218,-0.24450749,1.5019614000000001,0.05076009519913044,-0.11019422320760688,0.9926130506195991,3.5347975005837524,-5.377191287063356,5.641533692483301,5.671892131317918,5.113746970165827
226,05/05/2023 15:31:50.436136,409,True,True,True,True,Eyes,0.07388804,0.01428774,-2.315569,0.554419,-0.1200214,0.8235377,0.0,0.0,0.0,0.0,0.0,0.0,0.0,-1.273179,-0.06389834,1.881458,0.08321204,0.01551976,-2.271076,-0.00369714,0.2758074,-0.02295505,0.9609317,0.3183912,32.02181,357.3545,0.0318097,0.005225443,-0.9994787,-0.02862676,0.009303457,0.3911894,1.312155,-0.217656,-0.7888293,0.2932704,-0.2077999,1.915,0.8468066,-0.04615587,-0.5298944,0.04207707,0.9989188,-0.01976774,0.5302339,-0.005556949,0.8478332,moving,2.2285532004519744,-6.484078544193454,8.706847328805141,-6.1930309197479545,1.22894296,-0.23317575999999998,1.4822467,0.038637413382810515,-0.11284278551699937,0.9928613011816405,2.8295945423959337,-5.535266973861292,6.448999855415651,6.484828720417409,5.913945698420234
227,05/05/2023 15:31:50.456033,410,True,True,True,True,Eyes,0.07443625,0.01429294,-2.312548,0.5576011,-0.1209132,0.8212557,0.0,0.0,0.0,0.0,0.0,0.0,0.0,-1.299208,-0.06459502,1.852118,0.08559448,0.015644,-2.261611,-0.003032828,0.2833163,-0.02487941,0.958699,0.4745491,32.91537,357.1671,0.03181797,0.005319602,-0.999478,-0.02690915,0.008745249,0.3677181,1.341485,-0.2191851,-0.800838,0.297276,-0.2105699,1.915,0.8382258,-0.04942223,-0.5430793,0.04598523,0.9987436,-0.01991262,0.543381,-0.008282349,0.8394454,moving,1.577907227004673,-6.402655698412559,8.82390961588117,-6.274930581081705,1.2558905200000001,-0.23482909999999999,1.4607729999999997,0.027364573097852618,-0.11147322893804619,0.9933905640820423,2.173309609348194,-5.467650544390728,7.20492022818934,7.24712800529983,6.6994165047813095
228,05/05/2023 15:31:50.476449,411,True,True,True,True,Eyes,0.07508644,0.01433027,-2.309285,0.5611353,-0.1221179,0.8186663,0.0,0.0,0.0,0.0,0.0,0.0,0.0,-1.325627,-0.0689595,1.821665,0.08842131,0.01518825,-2.252211,-0.003607543,0.2909789,-0.02597402,0.9563701,0.4707185,33.83294,357.0317,0.03185324,0.00540537,-0.9994766,-0.0252946,0.008220535,0.345655,1.368733,-0.2280251,-0.8133352,0.3010742,-0.2131965,1.915,0.8293132,-0.05178099,-0.5563796,0.04758211,0.9986247,-0.02201608,0.5567545,-0.008215495,0.8306365,moving,0.9337356666597086,-6.504924435431798,8.934842178554259,-6.3525666146671265,1.28031169,-0.24321335,1.4388758,0.01619115700333046,-0.11327376463591898,0.9934319392098736,1.5233495128563233,-5.578861232656671,7.954578849733675,8.002556986378137,7.451767813871165
229,05/05/2023 15:31:50.496092,412,True,True,True,True,Eyes,0.07590113,0.01439597,-2.305795,0.5647811,-0.1232329,0.8159877,0.0,0.0,0.0,0.0,0.0,0.0,0.0,-1.352028,-0.05554786,1.791432,0.0913313,0.0160822,-2.243144,0.0003735647,0.2985807,-0.02712932,0.9539987,0.9691096,34.73296,357.0453,0.03191764,0.005485043,-0.9994741,-0.02377693,0.007727303,0.3249157,1.397222,-0.2319047,-0.8264505,0.3049365,-0.2158673,1.914999,0.8202271,-0.05153959,-0.5697114,0.05198575,0.9985277,-0.01548782,0.5696709,-0.01691335,0.8216988,moving,0.2721320231225682,-6.103796601190933,9.047582314983613,-6.431488413180227,1.3058907,-0.24798689999999998,1.4166935,0.004722656613644349,-0.10632877148230858,0.9943197946236825,0.8563699757366317,-5.200000558091593,8.727087500670072,8.781566474642718,8.283267587363262
230,05/05/2023 15:31:50.505894,413,True,True,True,True,Eyes,0.07683309,0.01439949,-2.302102,0.5688268,-0.1243398,0.8130041,0.0,0.0,0.0,0.0,0.0,0.0,0.0,-1.379732,-0.05986032,1.758162,0.09508142,0.01690546,-2.233618,-0.0004345005,0.3067048,-0.02653509,0.9514346,0.88526,35.71204,357.0901,0.03201578,0.005560528,-0.9994706,-0.02235031,0.007263665,0.3054208,1.424244,-0.2505035,-0.8421812,0.3088863,-0.2185986,1.914999,0.8104561,-0.05075933,-0.5835961,0.05022628,0.9985914,-0.01710368,0.5836421,-0.01545008,0.811864,moving,-0.41188537183620977,-6.286652454383578,9.162798850577342,-6.512169274308012,1.32916258,-0.26740896,1.3914368,-0.007145466839660941,-0.10949995978307117,0.9939611068800625,0.16612246704980704,-5.39043198697279,9.516731304402862,9.577339703435596,9.066337766249406
231,05/05/2023 15:31:50.525829,414,True,True,True,True,Eyes,0.1028446,0.01338605,-2.204995,0.6675547,-0.1621011,0.7267007,0.0,0.0,0.0,0.0,0.0,0.0,0.0,-1.407195,-0.05315438,1.725597,0.09863118,0.01545128,-2.225026,0.0004446254,0.3147223,-0.02492411,0.9488565,0.9472635,36.67762,357.3047,0.0321498,0.005629608,-0.9994659,-0.02100929,0.006827845,0.2870955,1.455166,-0.2495662,-0.8576735,0.312819,-0.2213181,1.914999,0.8006573,-0.04701892,-0.5972747,0.04757866,0.9987572,-0.01484457,0.5972304,-0.01653211,0.8018993,moving,6.266540598891058,-8.149469999401761,9.277442367145294,-6.592475810091256,1.35653482,-0.26501747999999997,1.3673525000000002,0.10806450131877615,-0.14092583714823106,0.9841046303481069,6.9012732609876615,-7.084988849245423,3.3853495524559754,3.389654903323223,2.4266744146660546
232,05/05/2023 15:31:50.546199,415,True,True,True,True,Eyes,0.1030169,0.01341057,-2.204662,0.6680294,-0.1623563,0.7262074,0.0,0.0,0.0,0.0,0.0,0.0,0.0,-1.434868,-0.02427935,1.692798,0.1024373,0.01450929,-2.216822,0.007433312,0.3227009,-0.02491718,0.9461439,1.727589,37.62927,357.5715,0.03376699,0.005686979,-0.9994123,0.05828569,0.003377848,0.561192,1.485169,-0.2547562,-0.8751686,0.3166107,-0.2239401,1.915,0.7904866,-0.04235299,-0.6110133,0.05194794,0.9986477,-0.002015624,0.6102724,-0.03014755,0.7916178,moving,5.278077611074528,-7.4370859194550505,9.387899823514012,-6.669875106847204,1.3827317,-0.26926549,1.3416534000000002,0.09122221263451974,-0.12889777078305975,0.9874532433680244,5.904905652710287,-6.408795756832468,4.161699563814753,4.180819423132666,3.4927654975473006
233,05/05/2023 15:31:50.556230,416,True,True,True,True,Eyes,0.1033759,0.01343266,-2.204046,0.6690692,-0.1627498,0.7251613,0.0,0.0,0.0,0.0,0.0,0.0,0.0,-1.461653,-0.01194662,1.65906,0.1065501,0.01520564,-2.208499,0.01084316,0.3307012,-0.02478133,0.9433479,2.111722,38.59554,357.7299,0.03513262,0.00573192,-0.999365,0.05478854,0.003175177,0.5275205,1.512648,-0.2830828,-0.8962157,0.3204488,-0.2265939,1.915,0.7800452,-0.03958314,-0.6244699,0.05392652,0.9985366,0.004067308,0.6233951,-0.03684817,0.7810383,moving,4.3637014323085195,-7.113489716756844,9.49964212006018,-6.748191671447572,1.4060979,-0.29828844000000004,1.3122833000000003,0.07550504343128894,-0.12348161085566187,0.9894702031912328,4.9828400964835176,-6.110008785191214,5.117633640846935,5.148915362482644,4.5616639416441815
234,05/05/2023 15:31:50.575725,417,True,True,True,True,Eyes,0.1038975,0.01345225,-2.20313,0.6705334,-0.163281,0.7236881,0.0,0.0,0.0,0.0,0.0,0.0,0.0,-1.488345,-0.004740257,1.62475,0.110654,0.01528268,-2.200574,0.01308477,0.338825,-0.02510267,0.9404235,2.385412,39.58135,357.8004,0.03630473,0.005767541,-0.999323,0.05150123,0.002984667,0.4958693,1.540956,-0.2971165,-0.9162581,0.3242993,-0.2292567,1.915,0.769135,-0.03834739,-0.6379348,0.05608118,0.9983973,0.007599625,0.6366209,-0.04162127,0.7700529,moving,3.483706513011137,-6.899838368538482,9.611672188555437,-6.8267483814529095,1.430302,-0.31239918,1.2843159000000002,0.06032622834616047,-0.119915251415488,0.9909496809675342,4.095334955181492,-5.917706491280159,6.086679687283956,6.128401542560774,5.590736412172957
235,05/05/2023 15:31:50.596104,418,True,True,True,True,Eyes,0.1046122,0.01347534,-2.201942,0.6726218,-0.1636677,0.7216598,0.0,0.0,0.0,0.0,0.0,0.0,0.0,-1.513369,-0.0004908033,1.59056,0.1148935,0.01528113,-2.192426,0.01473064,0.3466828,-0.02570817,0.9375143,2.604734,40.53816,357.8206,0.03738435,0.005800704,-0.9992831,0.04841116,0.002805587,0.4661171,1.56931,-0.3086945,-0.9371487,0.3283436,-0.2320533,1.914999,0.7583002,-0.03798984,-0.6507977,0.05841728,0.9982442,0.009795206,0.6492829,-0.04544554,0.759188,moving,2.6901635852911077,-6.7274252474950345,9.729265992216895,-6.909228210238546,1.4544165,-0.32397562999999996,1.2552773000000004,0.04661250718448773,-0.11701878727600207,0.9920352546119517,3.294996846658707,-5.764021675067172,6.990614164516072,7.041449780581463,6.535389616976276
236,05/05/2023 15:31:50.606132,419,True,True,True,True,Eyes,0.1054996,0.01348819,-2.20047,0.6750488,-0.1639092,0.7193351,0.0,0.0,0.0,0.0,0.0,0.0,0.0,-1.535848,-0.007972851,1.557642,0.119563,0.01541168,-2.184172,0.01326892,0.3539853,-0.02579179,0.9348012,2.468346,41.43281,357.7728,0.03839153,0.005831934,-0.9992447,0.04550649,0.002637252,0.4381501,1.596563,-0.3187744,-0.9571648,0.3323358,-0.2348143,1.914999,0.7480584,-0.03882639,-0.6624963,0.0576144,0.9983174,0.006547766,0.6611273,-0.04306743,0.7490367,moving,2.007856470863791,-6.898076818081079,9.845258949029066,-6.9906263910090125,1.4769999999999999,-0.33418608,1.2270071999999996,0.034783227357166824,-0.1200308446997288,0.9921606814087014,2.6064884079984214,-5.942533515940006,7.7806963475341195,7.837948904413727,7.314253045968775
237,05/05/2023 15:31:50.626221,420,True,True,True,True,Eyes,0.1065663,0.01346334,-2.198726,0.6779175,-0.1638446,0.716647,0.0,0.0,0.0,0.0,0.0,0.0,0.0,-1.556238,-0.01848669,1.525719,0.1244351,0.01513359,-2.175851,0.01102877,0.3608225,-0.02614996,0.9322026,2.259935,42.27314,357.6601,0.03934095,0.005861005,-0.9992077,0.0427761,0.002479016,0.4118611,1.623318,-0.317081,-0.9739422,0.3360333,-0.2373709,1.915,0.7382466,-0.04079527,-0.6732962,0.05671299,0.9983891,0.00169111,0.6721426,-0.03943309,0.739371,moving,1.422806967944814,-7.120680208228212,9.952611703434163,-7.065969646571609,1.4988829000000001,-0.33221459,1.2019088000000002,0.024638723965811404,-0.1239220140810479,0.991986078567559,2.0160357424059385,-6.169905165909977,8.466854999906888,8.529980191719869,7.987000033721954
238,05/05/2023 15:31:50.646089,421,True,True,True,True,Eyes,0.1078057,0.0133839,-2.196735,0.6810932,-0.1638125,0.7136368,0.0,0.0,0.0,0.0,0.0,0.0,0.0,-1.577187,-0.02872273,1.492489,0.1297661,0.01413515,-2.167678,0.008786372,0.3678669,-0.02678342,0.9294512,2.0653,43.14147,357.5154,0.04024747,0.005886507,-0.9991715,0.04020954,0.002330275,0.3871494,1.649045,-0.3140519,-0.9893499,0.3401005,-0.2401835,1.915,0.7279131,-0.04332333,-0.6842993,0.0562522,0.9984109,-0.003372461,0.683358,-0.03603848,0.7291936,moving,0.8395506982375527,-7.334358695798717,10.07062231514216,-7.148832846987846,1.5192789000000002,-0.32818705,1.1783280999999999,0.014532539792834809,-0.12764591393932537,0.9917133106389636,1.4274021417726503,-6.3885503512456285,9.16309494234281,9.2329357756349,8.676594057501692
239,05/05/2023 15:31:50.655954,422,True,True,True,True,Eyes,0.1092415,0.01326126,-2.194517,0.6846151,-0.1636818,0.710289,0.0,0.0,0.0,0.0,0.0,0.0,0.0,-1.59833,-0.03152565,1.458447,0.1349869,0.01274012,-2.159707,0.008457313,0.3750738,-0.02769572,0.9265426,2.088779,44.03017,357.4203,0.04112407,0.005906388,-0.9991358,0.03779697,0.002190459,0.3639205,1.674994,-0.3121248,-1.005712,0.3437941,-0.2427377,1.915,0.7171052,-0.0449783,-0.6955122,0.05766677,0.9983228,-0.005103761,0.6945753,-0.036448,0.7184961,moving,0.24774338758284206,-7.328273636465405,10.177718124078396,-7.224057188416576,1.5400071000000002,-0.32486492,1.153995,0.004288605597701944,-0.12755289025734273,0.9918225135422545,0.8303893574070464,-6.39326618363313,9.853422092511712,9.930521604401445,9.384176509735461
240,05/05/2023 15:31:50.676017,423,True,True,True,True,Eyes,0.1108418,0.01311191,-2.192069,0.6883821,-0.1635294,0.706674,0.0,0.0,0.0,0.0,0.0,0.0,0.0,-1.618848,-0.0316746,1.423869,0.1405539,0.01161801,-2.151554,0.008731329,0.3822139,-0.02827238,0.9236001,2.162896,44.9132,357.3874,0.04198294,0.005919293,-0.9991,0.03552915,0.002059031,0.3420852,1.700173,-0.3176047,-1.024252,0.3475381,-0.2453266,1.915,0.7062265,-0.04555028,-0.7065192,0.05889921,0.9982488,-0.005483677,0.7055318,-0.0377407,0.7076727,moving,-0.327865044264617,-7.271724793589292,10.286201971977272,-7.300277944908925,1.5596191,-0.32922271000000003,1.127302,-0.0056762703171862605,-0.1265730537094822,0.9919410086142788,0.24977487987802194,-6.348531274738552,10.529845696885326,10.61410542192437,10.081452797052824
241,05/05/2023 15:31:50.705910,424,True,True,True,True,Eyes,0.1126312,0.0129161,-2.189403,0.6922441,-0.1633339,0.7029368,0.0,0.0,0.0,0.0,0.0,0.0,0.0,-1.636845,-0.03504628,1.391278,0.1459553,0.01081639,-2.143531,0.008007569,0.3887648,-0.02839223,0.9208648,2.110312,45.72771,357.358,0.0428349,0.005924762,-0.9990638,0.0333974,0.001935489,0.3215601,1.725443,-0.3244844,-1.04352,0.3517532,-0.2482412,1.915,0.6961116,-0.0460647,-0.7164543,0.05851694,0.9982595,-0.00732803,0.7155449,-0.03682358,0.6975956,moving,-0.8214313331794021,-7.337032170341435,10.408246935126325,-7.386056664976923,1.5794877,-0.33530079,1.1000109999999999,-0.014218830903702462,-0.12769276642292451,0.9917118452046704,-0.24821192489014143,-6.42102734902921,11.138562153261944,11.229785278923734,10.700065280915904
242,05/05/2023 15:31:50.726119,425,True,True,True,True,Eyes,0.1146172,0.01266395,-2.186559,0.6961536,-0.1631741,0.6991025,0.0,0.0,0.0,0.0,0.0,0.0,0.0,-1.651549,-0.0342512,1.361144,0.1516709,0.009537022,-2.135042,0.007781189,0.3943849,-0.02767513,0.9184957,2.070162,46.42924,357.4363,0.04368895,0.005921454,-0.999027,0.03139355,0.00181936,0.3022665,1.748857,-0.3262969,-1.060327,0.355262,-0.2506674,1.915,0.6873892,-0.04470141,-0.7249124,0.05697654,0.9983471,-0.007535334,0.7240509,-0.03612329,0.6887999,moving,-1.211352455894489,-7.385012750939502,10.50976878764845,-7.457436063115693,1.5971861,-0.335833922,1.0747149999999999,-0.02096522598800593,-0.1285079377351333,0.9914868110309663,-0.6416212254682863,-6.47478043684507,11.624359124328723,11.721344988608609,11.194601882357452
243,05/05/2023 15:31:50.746140,426,True,True,True,True,Eyes,0.1167719,0.01237915,-2.183513,0.7001871,-0.163145,0.6950696,0.0,0.0,0.0,0.0,0.0,0.0,0.0,-1.666791,-0.03100145,1.330694,0.1576817,0.007994454,-2.127198,0.008410165,0.4000865,-0.02749093,0.9160264,2.14367,47.14103,357.4973,0.04455392,0.005907711,-0.9989889,0.02950994,0.001710198,0.2841305,1.770592,-0.3285439,-1.074348,0.3590313,-0.2532743,1.915,0.6783501,-0.04363526,-0.7334419,0.05709442,0.998347,-0.006589639,0.7325171,-0.03740537,0.6797202,moving,-1.6004919413220988,-7.326753539005203,10.618753489464943,-7.534105756853596,1.6129103,-0.336538354,1.0528499999999998,-0.027702347140177885,-0.12747880517014692,0.991454360558713,-1.0341225156206533,-6.425025739341626,12.118327525941723,12.22100461664493,11.705536197677747
244,05/05/2023 15:31:50.756250,427,True,True,True,True,Eyes,0.1661836,0.005143913,-2.092119,0.8558109,-0.1986099,0.477642,0.0,0.0,0.0,0.0,0.0,0.0,0.0,-1.680154,-0.0263162,1.301766,0.1637895,0.006958159,-2.119276,0.009827027,0.4052733,-0.02782433,0.9137192,2.321757,47.78879,357.5403,0.04543835,0.005883093,-0.9989492,0.02773934,0.001607586,0.2670827,1.794603,-0.3379757,-1.09297,0.3669561,-0.2587544,1.914999,0.6699587,-0.04288198,-0.7411589,0.05881251,0.9982585,-0.004594628,0.7400652,-0.0405112,0.671314,moving,13.325226691942103,-8.869379270863286,10.847640746401158,-7.695192309961953,1.6308135,-0.344933859,1.0263060000000002,0.22786615640115482,-0.15012621367064738,0.962049480971067,14.021318741813987,-7.659340154934,2.6780534080766967,2.7417416247146127,3.173880494849757
245,05/05/2023 15:31:50.776394,428,True,True,True,True,Eyes,0.1664432,0.005085791,-2.091805,0.8560024,-0.198565,0.4773172,0.0,0.0,0.0,0.0,0.0,0.0,0.0,-1.6924,-0.02692925,1.273504,0.1703271,0.005819339,-2.111329,0.009582873,0.4101643,-0.0277437,0.9115393,2.30559,48.40321,357.5497,0.04920038,0.005506305,-0.9987731,0.1743102,-0.02019458,0.5252417,1.813988,-0.3473942,-1.107245,0.370685,-0.2613329,1.914999,0.6619911,-0.04271784,-0.7482934,0.05844004,0.9982769,-0.005288617,0.7472299,-0.04022928,0.6633469,moving,12.73804318399399,-8.884082374452285,10.95521713480364,-7.770942863104404,1.6436609,-0.35321353899999997,1.004084,0.21797498251226638,-0.1507223898297612,0.964245583681555,13.428947103456212,-7.684223663253416,2.047313067405451,2.1017964443293438,2.47524951821683
246,05/05/2023 15:31:50.796231,429,True,True,True,True,Eyes,0.1669794,0.00497944,-2.091197,0.8562592,-0.1986093,0.4768382,0.0,0.0,0.0,0.0,0.0,0.0,0.0,-1.702727,-0.02733427,1.247373,0.1766335,0.004365839,-2.103508,0.009085005,0.4145125,-0.02731493,0.9095883,2.244964,48.95148,357.5819,0.05234873,0.005186422,-0.9986147,0.1638516,-0.01898291,0.4937272,1.833884,-0.3508778,-1.120006,0.3746965,-0.2641069,1.915,0.6548666,-0.04215899,-0.7545678,0.05722238,0.9983427,-0.006117532,0.7535751,-0.03917199,0.6561937,moving,12.22605205429551,-8.95434856894761,11.070853450871859,-7.852402201584288,1.6572505,-0.355243639,0.9835020000000001,0.2093020422103926,-0.1522000390044987,0.965933716081988,12.912367604676083,-7.761881750020825,1.549850986313184,1.5964866456996052,1.8437375981447421
247,05/05/2023 15:31:50.806398,430,True,True,True,True,Eyes,0.1677878,0.004839389,-2.090293,0.8566845,-0.1984927,0.4761222,0.0,0.0,0.0,0.0,0.0,0.0,0.0,-1.711854,-0.02482711,1.222495,0.1834603,0.003169179,-2.095683,0.00941797,0.418382,-0.0268621,0.9078251,2.268185,49.43991,357.6546,0.05507555,0.004905272,-0.9984695,0.1540205,-0.01784393,0.4641036,1.852339,-0.3529069,-1.130876,0.3785084,-0.2667429,1.915,0.6484698,-0.04089155,-0.7601413,0.05665278,0.9983795,-0.005377498,0.7591294,-0.03957697,0.6497356,moving,11.777319836402143,-8.939562179240262,11.180656807485787,-7.929783350719008,1.6688787,-0.35607607900000005,0.9648070000000002,0.20173070681576344,-0.15219781771800064,0.96754358043236,12.459699827314683,-7.755547968379586,1.1382882893924586,1.17288535356419,1.2908559234213495
248,05/05/2023 15:31:50.826233,431,True,True,True,True,Eyes,0.1689096,0.004633521,-2.089174,0.8572327,-0.1982849,0.4752212,0.0,0.0,0.0,0.0,0.0,0.0,0.0,-1.71978,-0.02776509,1.198446,0.1906489,0.002202894,-2.087662,0.007791354,0.4219325,-0.02552755,0.9062343,2.043796,49.89171,357.7237,0.0575709,0.004645647,-0.99833,0.1447792,-0.0167733,0.4362574,1.870028,-0.3574042,-1.140823,0.3826038,-0.2695751,1.915,0.6426425,-0.03969304,-0.7651373,0.05284275,0.9985753,-0.007420226,0.7643418,-0.0356634,0.6438244,moving,11.395570092785476,-9.16585939227113,11.29853385443284,-8.012891612526166,1.6793791,-0.359607094,0.946839,0.19515538145588485,-0.15623012646178497,0.9682492019729647,12.07433332050169,-7.982861634410698,1.1326624164593346,1.1570439631594218,0.7763804551496185
249,05/05/2023 15:31:50.845812,432,True,True,True,True,Eyes,0.1702924,0.004371047,-2.087794,0.8579146,-0.1980562,0.4740848,0.0,0.0,0.0,0.0,0.0,0.0,0.0,-1.72748,-0.0286743,1.174984,0.1980296,0.0005221795,-2.079995,0.006715969,0.4253148,-0.02458009,0.9046867,1.894558,50.32192,357.7773,0.0598737,0.004402279,-0.9981957,0.1360925,-0.0157669,0.410082,1.888211,-0.3531387,-1.14826,0.3862582,-0.2721021,1.915,0.6370062,-0.03876175,-0.7698836,0.05018736,0.9987014,-0.008756853,0.7692232,-0.03306025,0.6381243,moving,11.047242893224496,-9.312327886611431,11.403635969415102,-8.087015436647429,1.6901814000000002,-0.3536608795,0.9317349999999998,0.18918394901624047,-0.1588940307733707,0.9690006384217976,11.722773509491198,-8.131808876761038,1.2634415544823128,1.2760903670169248,0.32226576262928236
250,05/05/2023 15:31:50.856255,433,True,True,True,True,Eyes,0.1719507,0.004086682,-2.086184,0.8586841,-0.1979549,0.472732,0.0,0.0,0.0,0.0,0.0,0.0,0.0,-1.735515,-0.02744221,1.150704,0.2055359,-0.001092327,-2.072351,0.006516992,0.4288617,-0.02409624,0.9030253,1.858883,50.77235,357.8251,0.06201715,0.004170811,-0.9980659,0.1279269,-0.01482089,0.385477,1.905886,-0.352417,-1.156024,0.3902453,-0.2748591,1.915,0.630994,-0.03792925,-0.77486,0.0491088,0.9987538,-0.00889789,0.7742319,-0.03243792,0.6320702,moving,10.685202086532625,-9.351485166607954,11.518218005463229,-8.167854708861011,1.7003501,-0.351324673,0.9163269999999999,0.18303180311604678,-0.15974558220500487,0.9700416371810506,11.357500003279707,-8.176465301668564,1.4444450698751639,1.4473757569125019,0.16094849652718118
251,05/05/2023 15:31:50.876073,434,True,True,True,True,Eyes,0.1738654,0.003784513,-2.08434,0.8595939,-0.1977811,0.4711487,0.0,0.0,0.0,0.0,0.0,0.0,0.0,-1.744012,-0.02534842,1.125368,0.2132862,-0.001831303,-2.064747,0.007087183,0.4326174,-0.02406587,0.9012285,1.925327,51.24899,357.8643,0.06403112,0.003949032,-0.9979396,0.1202513,-0.01393163,0.3623484,1.923176,-0.3552652,-1.164763,0.3940005,-0.2774559,1.915,0.624526,-0.03724562,-0.7801154,0.04950977,0.9987412,-0.008048288,0.7794333,-0.03359697,0.6255839,moving,10.307111498917642,-9.282511620567295,11.626050337158484,-8.243966757584507,1.7098898,-0.353433897,0.8999840000000001,0.1766549178653739,-0.15876577639460873,0.9713838593398105,10.976156974149054,-8.11607449849445,1.6793846331608073,1.6787421158260243,0.6623577682935893
252,05/05/2023 15:31:50.896171,435,True,True,True,True,Eyes,0.1760392,0.003476927,-2.082294,0.8605945,-0.1976488,0.4693741,0.0,0.0,0.0,0.0,0.0,0.0,0.0,-1.752493,-0.02751948,1.099779,0.2212065,-0.002576048,-2.057319,0.006143815,0.4364268,-0.02354203,0.8994107,1.810869,51.73518,357.8794,0.06594163,0.003735142,-0.997816,0.1130362,-0.01309573,0.3406075,1.940506,-0.3607605,-1.174876,0.3978606,-0.280125,1.915,0.6179547,-0.03698526,-0.7853433,0.04771055,0.9988161,-0.009497115,0.7847647,-0.03160037,0.6189878,moving,9.947584364642433,-9.392840663809771,11.736807941841523,-8.322167391184017,1.7192995,-0.358184452,0.8824430000000001,0.170498852456334,-0.1608130496359316,0.9721467439128544,10.613339231860321,-8.230017844960974,2.084651085887641,2.0851048572962108,1.1272415363070767
253,05/05/2023 15:31:50.905993,436,True,True,True,True,Eyes,0.1784592,0.003169266,-2.080028,0.8617148,-0.197405,0.4674171,0.0,0.0,0.0,0.0,0.0,0.0,0.0,-1.760266,-0.02849642,1.075046,0.2291498,-0.002977009,-2.050013,0.005882149,0.4400035,-0.02344147,0.8976708,1.787295,52.1916,357.8838,0.06777241,0.00352808,-0.9976941,0.1062541,-0.01230999,0.3201711,1.958776,-0.3603989,-1.184751,0.4017078,-0.2827857,1.915,0.6116949,-0.03690911,-0.7902323,0.04726178,0.9988317,-0.01006819,0.7896807,-0.03118912,0.6127247,moving,9.62564346966874,-9.403980238788256,11.847106960583139,-8.400090851706057,1.7296262,-0.35742189100000005,0.8652619999999998,0.16502445090362816,-0.16115426286845635,0.9730344855655069,10.288550327406602,-8.246659567233511,2.4338516831354284,2.437764127835558,1.5660906544237712
254,05/05/2023 15:31:50.925984,437,True,True,True,True,Eyes,0.1811468,0.002863147,-2.077617,0.8629864,-0.197078,0.4652038,0.0,0.0,0.0,0.0,0.0,0.0,0.0,-1.767447,-0.03343501,1.050312,0.2373465,-0.003323905,-2.042498,0.00424303,0.4434882,-0.02297392,0.8959757,1.603382,52.63878,357.8555,0.06954403,0.003327171,-0.9975729,0.09987881,-0.01157139,0.3009608,1.976044,-0.3628737,-1.194349,0.4056762,-0.2855299,1.915,0.6055808,-0.03740468,-0.7949042,0.04493162,0.9989084,-0.01277403,0.7945144,-0.02798063,0.6066004,moving,9.345455686600829,-9.565552884718308,11.960787508249185,-8.480426984578724,1.7386975,-0.359549795,0.848149,0.1601872090451142,-0.1640300194503145,0.9733622403714183,10.005713080109873,-8.409095070225124,2.8251030017746355,2.8315117440124187,1.9563752864850874
255,05/05/2023 15:31:50.946051,438,True,True,True,True,Eyes,0.1840681,0.002631861,-2.075022,0.864339,-0.1968607,0.4627787,0.0,0.0,0.0,0.0,0.0,0.0,0.0,-1.774781,-0.03859105,1.025554,0.2454983,-0.003544853,-2.035391,0.002544641,0.4470269,-0.02250598,0.8942338,1.413777,53.09401,357.8229,0.07127644,0.003131804,-0.9974512,0.09388608,-0.01087711,0.2829031,1.993837,-0.360031,-1.202634,0.409428,-0.2881242,1.915,0.5993209,-0.03797616,-0.7996076,0.04252625,0.998974,-0.01557054,0.7993786,-0.02467256,0.6003209,moving,9.071570965052054,-9.739201213576807,12.068175441472862,-8.55634394239556,1.7483387000000001,-0.356486147,0.8327570000000002,0.15545110868290052,-0.1671073387436066,0.9736068289851227,9.729220826642639,-8.583180766260982,3.2127130794079712,3.22161290537699,2.339108570663359
256,05/05/2023 15:31:50.966041,439,True,True,True,True,Eyes,0.1840681,0.002631861,-2.075022,0.864339,-0.1968607,0.4627787,0.0,0.0,0.0,0.0,0.0,0.0,0.0,-1.782703,-0.04090799,0.9995672,0.2538976,-0.001973151,-2.028391,0.003178884,0.450821,-0.02351385,0.8922989,1.539958,53.57891,357.7585,0.07298546,0.00294503,-0.9973282,0.08825292,-0.01022448,0.265929,2.011635,-0.356984,-1.211718,0.4132898,-0.2907944,1.915,0.5924151,-0.03909656,-0.8046837,0.044829,0.998874,-0.01552805,0.8043847,-0.02687411,0.5935007,moving,8.592342392649355,-9.607599293359403,12.178622087757317,-8.634450360599223,1.7577374000000001,-0.355010849,0.816673,0.1473534810751448,-0.165077642002365,0.9752109982076473,9.245919482964865,-8.463599353018797,3.6971763508768243,3.715968365968141,2.9376750390313218
257,05/05/2023 15:31:50.976619,440,True,True,True,True,Eyes,0.1840681,0.002631861,-2.075022,0.864339,-0.1968607,0.4627787,0.0,0.0,0.0,0.0,0.0,0.0,0.0,-1.791861,-0.05543216,0.969763,0.2627547,-0.00079099,-2.021197,-0.002277965,0.4554066,-0.02103903,0.8900321,0.8656403,54.17821,357.7345,0.07452358,0.002776907,-0.997215,0.08295774,-0.009611013,0.2499732,2.028306,-0.3629339,-1.223013,0.4172244,-0.2935153,1.914999,0.5843245,-0.03952562,-0.8105571,0.03537602,0.9991043,-0.02321755,0.8107488,-0.0151077,0.5851994,moving,8.04394604546831,-10.28552544071984,12.29106258442338,-8.714011040948519,1.7655513000000003,-0.36214291,0.798184,0.13772691453194208,-0.17685209349116587,0.9745536421051861,8.691930688396338,-9.133865464672011,4.51070198231135,4.528537998532673,3.6235380696384833
258,05/05/2023 15:31:50.996226,441,True,True,True,True,Eyes,0.1881787,0.002497563,-2.072137,0.8645913,-0.2018025,0.4601714,0.0,0.0,0.0,0.0,0.0,0.0,0.0,-1.800095,-0.05571247,0.9420668,0.2709109,-0.0001285113,-2.014334,-0.002949732,0.4596267,-0.01972952,0.8878881,0.7390426,54.7239,357.8366,0.07590798,0.002625563,-0.997111,0.07798028,-0.009034352,0.2349748,2.05087,-0.3422324,-1.234919,0.421012,-0.2961347,1.915,0.5767081,-0.03774677,-0.8160778,0.03232366,0.9992041,-0.0233745,0.8163106,-0.01289837,0.5774692,moving,7.641841344799476,-10.722196913632686,12.399199261460122,-8.7905630348172,1.7799591000000001,-0.34210388869999997,0.7794149999999997,0.13069849187240468,-0.18445139914335823,0.9741127593847831,8.285793339192226,-9.566481761063189,5.114952097283266,5.13455585119117,4.185947700472116
259,05/05/2023 15:31:51.016004,442,True,True,True,True,Eyes,0.1924616,0.002390188,-2.069102,0.8650362,-0.2062776,0.4573422,0.0,0.0,0.0,0.0,0.0,0.0,0.0,-1.807825,-0.0559658,0.9143698,0.2793071,0.001303926,-2.007342,-0.002795104,0.4637629,-0.01928484,0.885745,0.7411807,55.25814,357.8934,0.07736203,0.002483072,-0.9969996,0.07330146,-0.008492291,0.2208763,2.069604,-0.339551,-1.248355,0.4250344,-0.2989163,1.915,0.5691041,-0.03675543,-0.8214435,0.03157036,0.9992406,-0.02283868,0.8216591,-0.01293568,0.5698324,moving,7.2663766816022735,-10.995579435204412,12.513947930558759,-8.871825456136389,1.7902969,-0.340854926,0.7589869999999999,0.12419667102255383,-0.18925652628014958,0.9740416406090279,7.906714311083659,-9.839550647343064,5.637158803119915,5.661036563782466,4.707769500529696
260,05/05/2023 15:31:51.025822,443,True,True,True,True,Eyes,0.1924616,0.002390188,-2.069102,0.8650362,-0.2062776,0.4573422,0.0,0.0,0.0,0.0,0.0,0.0,0.0,-1.81584,-0.06109393,0.8856572,0.28767,0.001782417,-2.000659,-0.005644991,0.468132,-0.01716509,0.8834738,0.3493148,55.82991,357.959,0.07888833,0.002349815,-0.9968804,0.06890338,-0.007982753,0.2076237,2.087497,-0.3407853,-1.261755,0.4291648,-0.3017724,1.915,0.5611156,-0.03561501,-0.8269709,0.02504461,0.999347,-0.02604546,0.8273584,-0.006096654,0.5616411,moving,6.707326369443805,-11.401954796095739,12.631671488601697,-8.95522691561006,1.799827,-0.342567717,0.7389040000000002,0.11452319283912082,-0.19639008941239636,0.9738148358674581,7.34228313293819,-10.245476573604721,6.379862086919207,6.4097068897131235,5.4444809997817085
261,05/05/2023 15:31:51.046063,444,True,True,True,True,Eyes,0.1924616,0.002390188,-2.069102,0.8650362,-0.2062776,0.4573422,0.0,0.0,0.0,0.0,0.0,0.0,0.0,-1.823654,-0.05745786,0.8576794,0.2953862,0.001518604,-1.994336,-0.004630562,0.4725182,-0.01702851,0.8811443,0.4544851,56.39751,358.0294,0.08026158,0.002229902,-0.996771,0.06476918,-0.007503788,0.1951663,2.107223,-0.3293028,-1.275003,0.4326741,-0.3041992,1.914999,0.5528731,-0.03438521,-0.8325557,0.02563311,0.9993772,-0.02425295,0.8328711,-0.007932181,0.5534103,moving,6.121309938283752,-11.311510128789333,12.731613976847685,-9.026066908217597,1.8118367999999998,-0.330821404,0.719333,0.10458542925871356,-0.1950674646914871,0.9751976905626092,6.751207111041649,-10.167909159787007,6.951345149615294,6.994238357155977,6.088437402819304
262,05/05/2023 15:31:51.056234,445,True,True,True,True,Eyes,0.1924616,0.002390188,-2.069102,0.8650362,-0.2062776,0.4573422,0.0,0.0,0.0,0.0,0.0,0.0,0.0,-1.830627,-0.05258013,0.8304692,0.3030202,0.001692785,-1.987917,-0.00300492,0.4767017,-0.01699234,0.8788959,0.6255978,56.93941,358.1241,0.08149773,0.002121945,-0.9966709,0.06088303,-0.007053561,0.1834563,2.12381,-0.3353516,-1.290544,0.4365237,-0.3068612,1.914999,0.5449336,-0.03273388,-0.83784,0.02700408,0.9994044,-0.02148257,0.8380442,-0.01091852,0.5454931,moving,5.55333051810145,-11.156790798342808,12.84115043289362,-9.103735514338512,1.8207898000000002,-0.337044385,0.697373,0.0949600024222505,-0.19262012764805522,0.9766678288127716,6.178399250649975,-10.027404047284307,7.513921679472563,7.57148301917262,6.726471353930181
263,05/05/2023 15:31:51.076170,446,True,True,True,True,Eyes,0.1924616,0.002390188,-2.069102,0.8650362,-0.2062776,0.4573422,0.0,0.0,0.0,0.0,0.0,0.0,0.0,-1.836648,-0.04933204,0.8045866,0.3104349,0.002726462,-1.981589,-0.00200367,0.4805942,-0.01643187,0.876787,0.7036403,57.44622,358.2383,0.08261015,0.002024781,-0.9965795,0.05723004,-0.006630347,0.172449,2.139458,-0.3429263,-1.305561,0.4403126,-0.3094813,1.915,0.5375185,-0.0307404,-0.8426915,0.02688859,0.9994519,-0.0193077,0.8428231,-0.01228054,0.5380505,moving,5.022091808292475,-11.095609320764032,12.948860059764515,-9.180143966982039,1.8290231,-0.345652762,0.6760280000000001,0.08591568910575953,-0.19173517516881772,0.9776789250267727,5.642550489961071,-9.97735826126139,8.084094511737248,8.154916457823726,7.349674153376101
264,05/05/2023 15:31:51.096128,447,True,True,True,True,Eyes,0.1981183,0.002391774,-2.064926,0.8667725,-0.2089705,0.4528098,0.0,0.0,0.0,0.0,0.0,0.0,0.0,-1.84232,-0.05010185,0.7786372,0.3183683,0.003771951,-1.975236,-0.003133718,0.4843569,-0.01476232,0.8747404,0.5052457,57.94062,358.346,0.08361129,0.001937328,-0.9964961,0.05379624,-0.006232526,0.162102,2.154831,-0.346469,-1.319547,0.4442348,-0.3121934,1.915,0.5303611,-0.02886208,-0.8472804,0.02279073,0.9995445,-0.01978284,0.8474655,-0.008818087,0.5307773,moving,4.803336853718168,-11.46383662315295,13.06026778845125,-9.259205518362776,1.8364627000000002,-0.350240951,0.655689,0.082076741353387,-0.19807881284744697,0.9767436429443989,5.421454711723318,-10.340001988087135,8.47226334069262,8.546186679985436,7.714893792539097
265,05/05/2023 15:31:51.106164,448,True,True,True,True,Eyes,0.2038532,0.002412602,-2.060679,0.8685409,-0.2116171,0.4481684,0.0,0.0,0.0,0.0,0.0,0.0,0.0,-1.846867,-0.04990045,0.7549843,0.3260888,0.004244468,-1.969025,-0.004711388,0.4876096,-0.0124356,0.8729606,0.2235526,58.36989,358.4926,0.08480153,0.00185889,-0.9963958,0.05056847,-0.005858575,0.1523759,2.171662,-0.340657,-1.332103,0.4479418,-0.3147571,1.915,0.5241645,-0.0263062,-0.8512107,0.01711693,0.9996463,-0.02035314,0.851445,-0.003901718,0.5244294,moving,4.650355391131202,-11.91427230255948,13.165470602580738,-9.333908314724923,1.8455732,-0.344901468,0.636922,0.07933949488106345,-0.2057971296189135,0.9753731556365566,5.2666192621563495,-10.781546255352142,8.8223751443086,8.897497702948439,8.030411453049437
266,05/05/2023 15:31:51.125936,449,True,True,True,True,Eyes,0.2096026,0.00247494,-2.056254,0.8713418,-0.2111653,0.4429139,0.0,0.0,0.0,0.0,0.0,0.0,0.0,-1.851306,-0.04638687,0.731595,0.3336733,0.004742952,-1.962997,-0.003574779,0.49087,-0.01219468,0.8711401,0.3290935,58.7967,358.5814,0.08616589,0.00178956,-0.9962788,0.04753436,-0.00550706,0.1432334,2.187976,-0.3324054,-1.342836,0.4517727,-0.3174058,1.915,0.5177959,-0.02475605,-0.8551459,0.01773704,0.999677,-0.01820027,0.8553203,-0.005743733,0.5180677,moving,4.549002509425534,-11.789701535502193,13.274094762578107,-9.411054281911419,1.8543026999999999,-0.33714835200000004,0.6201610000000002,0.07764873405760603,-0.20370322134947816,0.9759486210224576,5.164513825191999,-10.662018191882028,8.961387457352073,9.04351688133759,8.205498990559022
267,05/05/2023 15:31:51.146065,450,True,True,True,True,Eyes,0.2154216,0.002553743,-2.051778,0.8741357,-0.2108033,0.4375485,0.0,0.0,0.0,0.0,0.0,0.0,0.0,-1.855717,-0.04541839,0.7077984,0.3412622,0.005557932,-1.957098,-0.002844863,0.4942241,-0.01232016,0.8692426,0.4143719,59.23738,358.6115,0.08769104,0.001730365,-0.9961458,0.0446823,-0.005176636,0.1346394,2.201898,-0.3375624,-1.354769,0.4557093,-0.3201279,1.915,0.5111815,-0.02423042,-0.8591312,0.01860642,0.9996802,-0.01712359,0.8592714,-0.007232091,0.5114689,moving,4.4528232092184385,-11.686125977321916,13.385614878859178,-9.490302231213635,1.8606357999999998,-0.343120332,0.6023290000000001,0.07603832373271296,-0.20196376355843831,0.9764367643072747,5.067603922314153,-10.562849610889291,9.10967141438803,9.198717787668887,8.386874516460358
268,05/05/2023 15:31:51.156921,451,True,True,True,True,Eyes,0.2212444,0.002684791,-2.047158,0.8768595,-0.2107931,0.4320689,0.0,0.0,0.0,0.0,0.0,0.0,0.0,-1.860516,-0.04562538,0.6825365,0.3486918,0.00604686,-1.951368,-0.002226032,0.4979576,-0.0128804,0.867103,0.5138006,59.72925,358.593,0.08936495,0.001681134,-0.9959971,0.04200136,-0.004866038,0.126561,2.215654,-0.3420781,-1.366888,0.4595092,-0.3227556,1.915,0.5037446,-0.02455421,-0.8635037,0.02012033,0.9996583,-0.01668819,0.8636184,-0.008967394,0.5040665,moving,4.31975300978275,-11.58587619642529,13.493164524325355,-9.566767188763405,1.8669621999999997,-0.34812496,0.5844799999999999,0.07379623354818082,-0.20028881513859098,0.9769536092054483,4.93347446465376,-10.467584322975249,9.29637638179877,9.39299100393289,8.6069602896104
269,05/05/2023 15:31:51.176265,452,True,True,True,True,Eyes,0.2271383,0.002866822,-2.042481,0.8796101,-0.2107514,0.4264622,0.0,0.0,0.0,0.0,0.0,0.0,0.0,-1.865125,-0.04379371,0.6571974,0.355866,0.007371981,-1.945719,0.0005027431,0.501773,-0.01477213,0.8648729,0.8992447,60.23075,358.5645,0.09117434,0.001643438,-0.9958332,0.03948128,-0.004574076,0.1189673,2.229485,-0.347952,-1.380931,0.4635576,-0.3255553,1.915,0.4960112,-0.02504751,-0.8679547,0.02605656,0.999563,-0.0139549,0.8679249,-0.01569413,0.4964471,moving,4.17505654829478,-11.197227888012174,13.607641022053533,-9.64819943516042,1.873619,-0.35532398099999996,0.5647880000000001,0.07142529838731182,-0.19369093589982408,0.9784591645814062,4.787940711690552,-10.091584072344974,9.450851448358904,9.558929804237449,8.830838210561224
270,05/05/2023 15:31:51.196207,453,True,True,True,True,Eyes,0.233082,0.003048908,-2.037756,0.8823246,-0.2108674,0.4207591,0.0,0.0,0.0,0.0,0.0,0.0,0.0,-1.869657,-0.04808186,0.6295739,0.3633728,0.00876231,-1.939633,-0.0002758328,0.5059577,-0.01486845,0.8624301,0.8348199,60.7865,358.5143,0.09311111,0.001618621,-0.995654,0.0371124,-0.004299631,0.1118293,2.241183,-0.3623946,-1.396048,0.4673106,-0.3281508,1.914999,0.4875715,-0.02592511,-0.8726981,0.02536687,0.9995577,-0.01552139,0.8727146,-0.01456984,0.4880134,moving,4.002867745374022,-11.267014845919041,13.713672597269165,-9.723662161488326,1.8778101999999999,-0.37115691,0.543585,0.06846741336320067,-0.19492307894424415,0.9784258719918331,4.614156873183006,-10.16266399253902,9.71815394887079,9.832683681484406,9.110099287085575
271,05/05/2023 15:31:51.216085,454,True,True,True,True,Eyes,0.2390702,0.003234298,-2.032989,0.8849455,-0.2113121,0.4149923,0.0,0.0,0.0,0.0,0.0,0.0,0.0,-1.873564,-0.048349,0.6033715,0.3704299,0.008954603,-1.933737,-0.0004379258,0.5099074,-0.01460443,0.8601052,0.8102176,61.31221,358.5347,0.09516575,0.001605442,-0.9954598,0.03488566,-0.004041654,0.1051195,2.255966,-0.3620405,-1.411158,0.4711885,-0.3308322,1.914999,0.4795623,-0.0255693,-0.8771352,0.0246761,0.999573,-0.01564714,0.8771608,-0.01414049,0.4799885,moving,3.8465643956229365,-11.320884128749674,13.823125334958617,-9.801581521533898,1.8855361,-0.370995103,0.5225790000000001,0.0657852393082895,-0.19587832546967437,0.9784190996379298,4.456416301056028,-10.21795197595406,9.97044319250511,10.091583056615601,9.37595874996826
272,05/05/2023 15:31:51.227794,455,True,True,True,True,Eyes,0.2451121,0.003429849,-2.028188,0.887565,-0.2117776,0.4091195,0.0,0.0,0.0,0.0,0.0,0.0,0.0,-1.877207,-0.0436477,0.5777994,0.3775532,0.009294558,-1.92796,0.001762601,0.5137131,-0.01502854,0.8578286,1.058012,61.81812,358.6261,0.09733033,0.001602933,-0.9952505,0.03279252,-0.003799154,0.09881236,2.270008,-0.3639855,-1.426452,0.4755445,-0.3338442,1.915,0.4717461,-0.02397289,-0.8814085,0.02759477,0.9995421,-0.0124167,0.8813025,-0.01846474,0.4721915,moving,3.691366798012592,-11.107666889434121,13.945942704818492,-9.889059138624797,1.8924547999999999,-0.373280058,0.5015079999999998,0.06318073477639252,-0.1922683864462441,0.9793064937462037,4.300091614676594,-10.013037149334215,10.195467004560104,10.326729001904553,9.646647801196595
273,05/05/2023 15:31:51.235971,456,True,True,True,True,Eyes,0.3972658,0.008504353,-1.907425,0.9415005,-0.2208397,0.2545713,0.0,0.0,0.0,0.0,0.0,0.0,0.0,-1.88041,-0.03988446,0.5529653,0.3846934,0.009738468,-1.922295,0.002896829,0.5173349,-0.0145534,0.8556544,1.146871,62.30236,358.7444,0.09959753,0.001610565,-0.9950261,0.0,0.0,0.0,2.281909,-0.3735857,-1.441681,0.4789402,-0.3361927,1.914999,0.4643057,-0.0219081,-0.885404,0.02790263,0.9995596,-0.01010059,0.8852354,-0.02001533,0.4647125,moving,12.762768867213897,-11.644236739363622,14.041606321699138,-9.957243434632394,1.8972156000000002,-0.383324168,0.4806140000000001,0.21658369556092222,-0.19704343430079307,0.956172212102063,13.450786185310266,-10.372589421117445,2.113393511379419,2.1169250447765697,0.7222054569523867
274,05/05/2023 15:31:51.255827,457,True,True,True,True,Eyes,0.3975804,0.008523782,-1.907249,0.9416612,-0.220593,0.2541904,0.0,0.0,0.0,0.0,0.0,0.0,0.0,-1.883367,-0.03631337,0.5281298,0.3917619,0.01014125,-1.916698,0.003824484,0.520964,-0.01392755,0.8534566,1.205567,62.78923,358.8659,0.1116638,0.001937354,-0.9937438,0.4564611,0.01522351,0.3622899,2.294862,-0.3782509,-1.456878,0.4833194,-0.3392209,1.915,0.4568052,-0.01978828,-0.8893467,0.02775795,0.9995828,-0.007983439,0.8891336,-0.02103956,0.4571639,moving,12.274631751687014,-11.583924387881018,14.164843063452436,-10.045107827559125,1.9031001,-0.38839215,0.4598200000000001,0.208457522230642,-0.1963916977152883,0.9581104368393906,12.958417656841492,-10.322615117527446,2.439434565176412,2.4373869634194025,1.2379307564245836
275,05/05/2023 15:31:51.275804,458,True,True,True,True,Eyes,0.3981913,0.008579718,-1.90685,0.9419476,-0.2201851,0.2534823,0.0,0.0,0.0,0.0,0.0,0.0,0.0,-1.886101,-0.03402245,0.5029563,0.3987964,0.01065847,-1.911111,0.004508194,0.5246662,-0.0134668,0.8511896,1.24948,63.2873,358.9572,0.1217894,0.002208684,-0.9925531,0.4290734,0.0143101,0.3405525,2.307286,-0.381176,-1.471322,0.4866709,-0.3415386,1.915,0.449088,-0.01819501,-0.8933024,0.0276562,0.9995967,-0.006456499,0.8930594,-0.02180581,0.4494101,moving,11.802673283594897,-11.521860312509862,14.25907404860715,-10.112328472308517,1.9084896,-0.39183447,0.439789,0.20058739568772344,-0.19568220877770987,0.9599339590201785,12.482372238734838,-10.270643396599795,2.8310512435935578,2.832081341856934,1.7837412750892163
276,05/05/2023 15:31:51.295962,459,True,True,True,True,Eyes,0.399095,0.008641587,-1.906268,0.9423704,-0.2195836,0.2524301,0.0,0.0,0.0,0.0,0.0,0.0,0.0,-1.88886,-0.03600299,0.4758861,0.4064349,0.01155531,-1.905317,0.002834413,0.5286368,-0.01198081,0.8487591,1.001493,63.8235,359.0062,0.130338,0.002436831,-0.9914663,0.403329,0.0134515,0.3201194,2.319718,-0.383996,-1.486339,0.4903933,-0.3441124,1.915,0.4407994,-0.01734089,-0.8974382,0.02333439,0.9996969,-0.007855526,0.8973024,-0.01747846,0.4410704,moving,11.339174923503743,-11.731148283277461,14.363641012686875,-10.18694386999135,1.9132831,-0.39555131,0.41897799999999985,0.1926637279580451,-0.19951037283782308,0.9607685374899364,12.014556248452095,-10.48285771407283,3.3911643702862615,3.395874319616528,2.3676495164358786
277,05/05/2023 15:31:51.306034,460,True,True,True,True,Eyes,0.4002757,0.008686954,-1.905485,0.9429036,-0.2188943,0.251034,0.0,0.0,0.0,0.0,0.0,0.0,0.0,-1.891688,-0.03776468,0.4475409,0.4141898,0.01176094,-1.899608,0.0009489041,0.5328556,-0.01050795,0.8461406,0.7336494,64.39505,359.039,0.1378363,0.002637664,-0.9904512,0.3791293,0.01264441,0.3009122,2.334587,-0.3772364,-1.501597,0.4943564,-0.346853,1.915,0.4319091,-0.01677114,-0.9017613,0.01879366,0.9997774,-0.009592623,0.9017214,-0.01280425,0.4321282,moving,10.86482824436033,-11.95187796275828,14.47486220954813,-10.266356483049037,1.9203972,-0.38899734,0.3980109999999999,0.18454710513259137,-0.2035330336845785,0.9615178900092198,11.53578352441177,-10.70641310339744,3.9745758107997524,3.9841345218718183,2.9718400607259023
278,05/05/2023 15:31:51.325789,461,True,True,True,True,Eyes,0.4017409,0.008722697,-1.904554,0.943503,-0.218405,0.2492013,0.0,0.0,0.0,0.0,0.0,0.0,0.0,-1.894298,-0.0365187,0.4187142,0.4219422,0.01139038,-1.8939,9.351279e-05,0.5371686,-0.009243471,0.8434244,0.5780294,64.98083,359.1123,0.1446449,0.002820753,-0.9894792,0.3563815,0.01188574,0.2828575,2.349582,-0.3705259,-1.51796,0.4981691,-0.3494897,1.915,0.4227289,-0.01549187,-0.9061238,0.0156928,0.9998291,-0.009772862,0.9061204,-0.01008835,0.4228998,moving,10.386603707618985,-12.080134377521015,14.581757461645493,-10.342720841641892,1.9276398,-0.38191628,0.37593999999999994,0.17642244143990582,-0.20599688189740895,0.9625177139983545,11.053202794265175,-10.839955201397473,4.523754925411349,4.540696071592845,3.5634169064555117
279,05/05/2023 15:31:51.346024,462,True,True,True,True,Eyes,0.4034822,0.008741296,-1.903435,0.9442025,-0.2178482,0.24703,0.0,0.0,0.0,0.0,0.0,0.0,0.0,-1.896542,-0.0339306,0.3900434,0.4296924,0.01125804,-1.888225,0.0003840637,0.5414449,-0.008569921,0.8406925,0.5687295,65.56284,359.1982,0.1508494,0.00298741,-0.9885519,0.3349986,0.0111726,0.265886,2.363879,-0.3678413,-1.535552,0.5020805,-0.3521945,1.915,0.413528,-0.01399344,-0.9103838,0.01482524,0.9998528,-0.008634522,0.9103707,-0.00992604,0.4136747,moving,9.921821951752268,-12.060391767817332,14.691312203922786,-10.421018934337987,1.9341865999999999,-0.37909934,0.352673,0.1686104730068242,-0.20595109877060908,0.9639266950640402,10.584349697617181,-10.829081956776951,5.015108764216022,5.043369959927557,4.127185052609349
280,05/05/2023 15:31:51.356107,463,True,True,True,True,Eyes,0.4054921,0.008735413,-1.902172,0.9450332,-0.2173116,0.244311,0.0,0.0,0.0,0.0,0.0,0.0,0.0,-1.898833,-0.03216172,0.3596087,0.4379898,0.01084933,-1.882542,-0.0001894935,0.5459782,-0.007458814,0.8377663,0.4484698,66.1823,359.2721,0.1565264,0.003138443,-0.9876685,0.3148987,0.01050224,0.2499329,2.377024,-0.3696628,-1.553602,0.5059705,-0.3548844,1.915,0.4037044,-0.01270441,-0.9148014,0.01229057,0.9998887,-0.008462202,0.914807,-0.007827197,0.4038156,moving,9.46033163025067,-12.150368920450546,14.800158718474373,-10.498846691942964,1.9390342,-0.38051213,0.32894,0.16077895170290635,-0.20773982175752626,0.9648804280651906,10.118693621645768,-10.925033263854953,5.551109304736872,5.5893898596700415,4.700824443318698
281,05/05/2023 15:31:51.375929,464,True,True,True,True,Eyes,0.4077529,0.008703373,-1.900738,0.9459089,-0.2169293,0.2412424,0.0,0.0,0.0,0.0,0.0,0.0,0.0,-1.900824,-0.02990521,0.328778,0.4461157,0.01030599,-1.876964,0.0002733577,0.5506345,-0.007227594,0.8347152,0.4822,66.82024,359.3259,0.1617444,0.00327419,-0.986827,0.2960048,0.009872109,0.2349369,2.391277,-0.3681414,-1.572617,0.5098457,-0.3575642,1.915,0.393499,-0.01176492,-0.9192498,0.012367,0.9998954,-0.007503173,0.9192419,-0.008415875,0.3936033,moving,8.997546546596249,-12.092186491512601,14.908482577313057,-10.57634328058277,1.9451613,-0.37844739,0.30434700000000015,0.15300423693398962,-0.2070186279442544,0.9662985330733903,9.651898016444276,-10.876677874767678,6.049835209569229,6.102208239592306,5.265157368401086
282,05/05/2023 15:31:51.396363,465,True,True,True,True,Eyes,0.4102577,0.008662635,-1.899134,0.946831,-0.2167581,0.237754,0.0,0.0,0.0,0.0,0.0,0.0,0.0,-1.902522,-0.02766148,0.2968558,0.4543438,0.009678109,-1.871352,0.001793512,0.5554953,-0.007994308,0.8314795,0.6797808,67.48839,359.3524,0.1665642,0.003394874,-0.9860246,0.2782445,0.009279782,0.2208407,2.404154,-0.3720531,-1.592739,0.5137101,-0.3602366,1.915,0.3827223,-0.01130163,-0.9237944,0.01528678,0.9998658,-0.005899062,0.923737,-0.01186414,0.3828437,moving,8.528145596653838,-11.878591938162169,15.016396058031592,-10.653586908725005,1.9498102000000002,-0.381731209,0.278613,0.1451872861239354,-0.2036575316052827,0.968217043209331,9.178603069483579,-10.677046408574618,6.531910437771869,6.602880535926346,5.837840125018288
283,05/05/2023 15:31:51.406230,466,True,True,True,True,Eyes,0.4129967,0.008589688,-1.89737,0.9477984,-0.2166601,0.2339587,0.0,0.0,0.0,0.0,0.0,0.0,0.0,-1.903677,-0.02794144,0.2646154,0.4626745,0.009466836,-1.865645,0.002759193,0.5603777,-0.008949718,0.8281844,0.8365873,68.16233,359.3277,0.1710397,0.003501584,-0.9852577,0.2615498,0.008722995,0.2075902,2.415877,-0.3818226,-1.614292,0.5176762,-0.3629791,1.914999,0.3717934,-0.01173165,-0.9282415,0.01791641,0.9998246,-0.005460203,0.9281427,-0.01460068,0.3719384,moving,8.083996493205307,-11.703808724857753,15.127043772546436,-10.732821481361839,1.9532025000000002,-0.391289436,0.25135299999999994,0.1377570829325016,-0.20091841109266348,0.9698736296374839,8.730738722095326,-10.514768942272836,7.020895717054176,7.1096646338674985,6.400020719359394
284,05/05/2023 15:31:51.426118,467,True,True,True,True,Eyes,0.4159748,0.00848314,-1.895478,0.9486548,-0.217012,0.23013,0.0,0.0,0.0,0.0,0.0,0.0,0.0,-1.904341,-0.02859191,0.2324798,0.4709806,0.008632442,-1.859968,0.003095144,0.5652242,-0.009657849,0.824875,0.918142,68.83405,359.2875,0.1752193,0.003594087,-0.9845226,0.2458568,0.008199615,0.1951348,2.427489,-0.3903294,-1.635674,0.5217261,-0.3657794,1.915,0.3608564,-0.01243413,-0.9325386,0.01943194,0.9997943,-0.005811485,0.932419,-0.01602391,0.3610239,moving,7.649200729114163,-11.630096064903737,15.23989505877359,-10.813672076437792,1.9565084,-0.398961842,0.224294,0.1304217076580969,-0.19987055620720012,0.9711034412152035,8.292196418192761,-10.45078135883803,7.530210466407073,7.6344736907835635,6.957169400930867
285,05/05/2023 15:31:51.445997,468,True,True,True,True,Eyes,0.4191794,0.008352003,-1.893432,0.9495611,-0.217377,0.2260107,0.0,0.0,0.0,0.0,0.0,0.0,0.0,-1.904417,-0.02817228,0.2006556,0.4793851,0.007800412,-1.854182,0.004446751,0.5699618,-0.01085435,0.8215874,1.127649,69.4934,359.2684,0.1791462,0.003672094,-0.9838154,0.2311054,0.007707639,0.1834267,2.439034,-0.3968989,-1.656512,0.5254968,-0.3683872,1.915001,0.3500513,-0.01276663,-0.9366435,0.02290455,0.9997248,-0.005066339,0.9364505,-0.01967992,0.3502474,moving,7.235021790378859,-11.433472351980612,15.34485700162057,-10.888925165616042,1.9596489,-0.404699312,0.19767,0.12347890893885399,-0.1967129566268552,0.9726545383737699,7.874590760681402,-10.266688910807236,8.006167130508254,8.128096873910488,7.496136049146513
286,05/05/2023 15:31:51.456548,469,True,True,True,True,Eyes,0.4226107,0.008189783,-1.89123,0.9505212,-0.2177317,0.2215907,0.0,0.0,0.0,0.0,0.0,0.0,0.0,-1.904041,-0.02829956,0.1684219,0.4879794,0.007083543,-1.848341,0.004547948,0.5747295,-0.01109199,0.8182558,1.157027,70.15968,359.2593,0.182859,0.003735806,-0.9831318,0.2172391,0.00724518,0.1724211,2.44947,-0.4075529,-1.677336,0.5292919,-0.3710111,1.915001,0.3391261,-0.01292448,-0.9406521,0.02337984,0.9997126,-0.005307012,0.9404503,-0.02019255,0.3393308,moving,6.836972351882423,-11.418582992249595,15.450399319805504,-10.964610032480083,1.9614905999999999,-0.414636443,0.17100500000000007,0.11672086931644898,-0.1966220652908366,0.9735071059153078,7.4730522649450775,-10.259343295027655,8.490271275724576,8.625382054143833,8.008462224712503
287,05/05/2023 15:31:51.475953,470,True,True,True,True,Eyes,0.4262635,0.008006686,-1.888879,0.9515208,-0.218086,0.2169026,0.0,0.0,0.0,0.0,0.0,0.0,0.0,-1.903098,-0.02837809,0.1360334,0.4968092,0.006179738,-1.842345,0.003909984,0.579458,-0.01076098,0.8149217,1.07973,70.82317,359.2546,0.1863921,0.003785064,-0.9824679,0.2042048,0.00681047,0.1620758,2.461008,-0.4120421,-1.698041,0.5331416,-0.3736737,1.915,0.3282253,-0.01300737,-0.94451,0.02207005,0.9997379,-0.006098407,0.9443417,-0.01884373,0.3284263,moving,6.460538952036304,-11.511744266916393,15.557358111768083,-11.041377221645034,1.9641988000000001,-0.418221838,0.144304,0.11028325070751216,-0.1983514688285472,0.9739067581356757,7.093198664624825,-10.356866679775512,8.96320715447413,9.108971620448738,8.491793086774724
288,05/05/2023 15:31:51.496045,471,True,True,True,True,Eyes,0.430144,0.007811093,-1.886381,0.9525374,-0.2183024,0.212171,0.0,0.0,0.0,0.0,0.0,0.0,0.0,-1.90167,-0.02861477,0.1034652,0.5057343,0.005496804,-1.836321,0.003853729,0.5841961,-0.01089819,0.8115302,1.088009,71.49077,359.2444,0.1897766,0.00382025,-0.9818196,0.1919525,0.006401842,0.1523513,2.47316,-0.4131019,-1.718273,0.5369546,-0.3763102,1.915,0.3171923,-0.01318575,-0.9482696,0.02219108,0.9997327,-0.00647852,0.9481016,-0.01898819,0.3174001,moving,6.080643535133789,-11.511182762589764,15.663180173077214,-11.117346847313058,1.9674257000000002,-0.41859870400000004,0.11804800000000015,0.10382067883259483,-0.1984807738768739,0.974590487606716,6.70995796657821,-10.363152077260077,9.431995199669087,9.590626420922144,8.984931698689875
289,05/05/2023 15:31:51.505860,472,True,True,True,True,Eyes,0.4342394,0.007580366,-1.883737,0.9536022,-0.2184565,0.2071702,0.0,0.0,0.0,0.0,0.0,0.0,0.0,-1.899657,-0.02901667,0.0699594,0.5149717,0.005000061,-1.830085,0.002783895,0.5890464,-0.01022752,0.8080297,0.9481686,72.17715,359.2408,0.1930405,0.00384213,-0.981183,0.1804353,0.006017731,0.1432102,2.484488,-0.4168906,-1.738904,0.5408372,-0.378995,1.915,0.3058393,-0.01324859,-0.951991,0.01980797,0.9997754,-0.007550029,0.9518771,-0.01654791,0.306033,moving,5.701659291942549,-11.65637712146316,15.770821330290456,-11.194667554063937,1.9695162999999998,-0.421890661,0.09118099999999996,0.09731929528534583,-0.2010826324015018,0.9747279721628879,6.327472534366122,-10.511409482177108,9.910830146116513,10.079742054196357,9.468034541248993
290,05/05/2023 15:31:51.525958,473,True,True,True,True,Eyes,0.4385429,0.007313803,-1.880974,0.954774,-0.2186869,0.2014514,0.0,0.0,0.0,0.0,0.0,0.0,0.0,-1.897134,-0.0270507,0.03670907,0.5241812,0.003913506,-1.823846,0.002374025,0.5938383,-0.00951196,0.8045247,0.8661764,72.85838,359.2845,0.1962086,0.003850222,-0.9805544,0.1696092,0.005656667,0.1346176,2.496874,-0.4155511,-1.759787,0.5447922,-0.38173,1.915,0.2945314,-0.01248564,-0.9555603,0.01812479,0.9998078,-0.007477207,0.95547,-0.01511705,0.2947011,moving,5.358294404997598,-11.753379754572402,15.880352385181949,-11.273391546368204,1.9726928,-0.419464606,0.06405900000000009,0.09144223363985676,-0.2028460813968332,0.9749316914730353,5.980974376051069,-10.612080200189501,10.353136860353992,10.533000181257771,9.921442317740336
291,05/05/2023 15:31:51.545741,474,True,True,True,True,Eyes,0.4430443,0.007039388,-1.878077,0.9559358,-0.2189713,0.1955459,0.0,0.0,0.0,0.0,0.0,0.0,0.0,-1.894117,-0.02331181,0.005096912,0.5333193,0.002841833,-1.817639,0.003886096,0.5982955,-0.009674417,0.8012077,1.020117,73.49496,359.3781,0.1993025,0.003844044,-0.9799302,0.1594326,0.005317267,0.1265405,2.508494,-0.4161112,-1.780754,0.5485101,-0.3843009,1.915,0.2838978,-0.01085237,-0.9587932,0.0201525,0.9997826,-0.005349179,0.9586428,-0.01780346,0.2840548,moving,5.052493105535617,-11.622138413398199,15.983208607691422,-11.347352805888477,1.9751746999999997,-0.41895303300000003,0.03688500000000006,0.08627634827087782,-0.2007052088561955,0.9758451177411163,5.6726273530732225,-10.489730970424043,10.740263649844659,10.934168853605826,10.346187753020413
292,05/05/2023 15:31:51.556082,475,True,True,True,True,Eyes,0.4430443,0.007039388,-1.878077,0.9559358,-0.2189713,0.1955459,0.0,0.0,0.0,0.0,0.0,0.0,0.0,-1.890646,-0.02093536,-0.02510571,0.5425419,0.002395932,-1.811423,0.004952061,0.6024349,-0.009716533,0.7980937,1.123732,74.08874,359.4531,0.2023412,0.003824606,-0.9793073,0.1498667,0.004998231,0.1189481,2.518172,-0.4242178,-1.801329,0.5524919,-0.3870543,1.915001,0.2739556,-0.009542819,-0.9616951,0.02147599,0.9997621,-0.00380274,0.9615026,-0.01961157,0.2740954,moving,4.443142625539139,-11.519973085286702,16.09324049557722,-11.426516049843789,1.9756300999999998,-0.42661373199999997,0.010094000000000047,0.07591823301429329,-0.19913315613348265,0.9770272723810968,5.058024951039104,-10.401165510065686,11.436706353762164,11.650472719977486,11.082749020159163
293,05/05/2023 15:31:51.576403,476,True,True,True,True,Eyes,0.4430443,0.007039388,-1.878077,0.9559358,-0.2189713,0.1955459,0.0,0.0,0.0,0.0,0.0,0.0,0.0,-1.886626,-0.02097256,-0.05513966,0.5520237,0.001932067,-1.805022,0.004398734,0.6064789,-0.009363818,0.7950323,1.051562,74.67033,359.4525,0.2050743,0.003807082,-0.9787387,0.1408747,0.004698337,0.1118112,2.52782,-0.4299785,-1.819923,0.5561783,-0.3896034,1.915,0.2641915,-0.009553595,-0.9644229,0.02022455,0.999786,-0.004363643,0.9642581,-0.01835218,0.2643282,moving,3.865888371060419,-11.588602846379667,16.195016156469034,-11.499777242877908,1.9757963000000003,-0.43191056699999997,-0.014901000000000053,0.066052983949202,-0.20044434527060645,0.9774758056916726,4.475609365804317,-10.478403213622336,12.099472151225147,12.329447754736309,11.763830176975357
294,05/05/2023 15:31:51.595955,477,True,True,True,True,Eyes,0.4485413,0.00672845,-1.87454,0.957357,-0.2189078,0.188539,0.0,0.0,0.0,0.0,0.0,0.0,0.0,-1.882127,-0.02328512,-0.08401537,0.5616596,0.001737977,-1.798483,0.003530532,0.6102443,-0.009461353,0.7921489,0.9821486,75.21359,359.3879,0.2075326,0.003791284,-0.9782205,0.1324222,0.004416437,0.1051025,2.538613,-0.4307835,-1.837279,0.5600836,-0.3923043,1.915,0.2550247,-0.01068063,-0.9668756,0.01929857,0.999796,-0.00595406,0.9667419,-0.01714089,0.2551789,moving,3.75777069767351,-11.649643016598779,16.302712432258147,-11.577353450748252,1.9769533999999997,-0.432521477,-0.03879600000000005,0.0641940353085167,-0.20151009691241517,0.9773805868462899,4.36647079816491,-10.539810117295323,12.307768641330279,12.54515001526304,11.981250373656891
295,05/05/2023 15:31:51.605837,478,True,True,True,True,Eyes,0.4542061,0.006395213,-1.870885,0.9587222,-0.2188832,0.181499,0.0,0.0,0.0,0.0,0.0,0.0,0.0,-1.877104,-0.02549089,-0.1121112,0.5716949,0.001180639,-1.79162,0.001469198,0.6137471,-0.008844871,0.7894518,0.754994,75.72086,359.3031,0.2100567,0.003761351,-0.9776818,0.1244769,0.00415145,0.09879639,2.549182,-0.4320475,-1.852788,0.564007,-0.3950174,1.914999,0.2464727,-0.01216177,-0.9690735,0.01576863,0.9998392,-0.008537304,0.9690214,-0.01317675,0.2466248,moving,3.6951233153909455,-11.869856116751514,16.410796853984277,-11.65524268806989,1.9774871,-0.43322813899999996,-0.06116800000000011,0.06307485686011371,-0.20527978451456103,0.9766687112413358,4.30302397597602,-10.755457901378136,12.475562625293257,12.717484517932512,12.141160435798312
296,05/05/2023 15:31:51.625894,479,True,True,True,True,Eyes,0.4600408,0.006102673,-1.867144,0.9600248,-0.2190828,0.1742268,0.0,0.0,0.0,0.0,0.0,0.0,0.0,-1.872123,-0.02530874,-0.1379224,0.581373,0.000320374,-1.785081,0.001744874,0.6168646,-0.009187004,0.7870139,0.8067943,76.17401,359.2947,0.2126501,0.003717508,-0.9771211,0.1170083,0.003902363,0.0928686,2.561123,-0.4287609,-1.866488,0.5681215,-0.3978627,1.914999,0.2387875,-0.01230789,-0.970994,0.0166133,0.9998251,-0.008587792,0.9709297,-0.01408075,0.2389502,moving,3.6764184848983503,-11.829249111022355,16.524008504962367,-11.736874131774027,1.9797499999999997,-0.429081274,-0.08140700000000001,0.06276524540941036,-0.20459153047529421,0.9768329935744355,4.28420007457112,-10.716236902260903,12.598594793232094,12.847922106723702,12.282288498767029
297,05/05/2023 15:31:51.645838,480,True,True,True,True,Eyes,0.4660506,0.005800374,-1.863297,0.9613353,-0.2190594,0.1668758,0.0,0.0,0.0,0.0,0.0,0.0,0.0,-1.866838,-0.02949332,-0.164119,0.5911784,0.001098506,-1.778594,0.00352197,0.6200546,-0.01137542,0.7844684,1.124933,76.63908,359.2275,0.2153156,0.00366323,-0.9765375,0.1099878,0.003668222,0.08729649,2.57061,-0.43408,-1.879351,0.571888,-0.400467,1.915,0.2308059,-0.01347969,-0.9729064,0.02221494,0.9997163,-0.008581014,0.9727461,-0.01963251,0.2310398,moving,3.655446235854149,-11.505554431394145,16.62752042117113,-11.811542981067728,1.9794315999999998,-0.435178506,-0.10075699999999999,0.06248019663707055,-0.1990732317595388,0.9779908924959861,4.263407175811468,-10.401286202124606,12.715686934455597,12.975682550906466,12.444280635160606
298,05/05/2023 15:31:51.656115,481,True,True,True,True,Eyes,0.4721973,0.00551642,-1.859387,0.962528,-0.2194276,0.1593464,0.0,0.0,0.0,0.0,0.0,0.0,0.0,-1.860997,-0.03167509,-0.1943445,0.6013666,0.0005082786,-1.772129,0.0004648439,0.6240049,-0.01018766,0.781354,0.7701196,77.21722,359.121,0.2180565,0.003599023,-0.9759293,0.1033885,0.003448128,0.0820587,2.57787,-0.4471256,-1.892629,0.575528,-0.4029841,1.915,0.2210284,-0.01534021,-0.9751467,0.01650047,0.999792,-0.01198789,0.9751277,-0.01344072,0.2212355,moving,3.5574338626479993,-11.875738495730987,16.727457689115806,-11.8836787857465,1.9765034,-0.44763387860000003,-0.12049999999999983,0.06072591212541578,-0.20541002398204028,0.9767901428981325,4.164115213286201,-10.76366456740633,12.90690020679131,13.17002622009293,12.613167961074192
299,05/05/2023 15:31:51.676025,482,True,True,True,True,Eyes,0.4785163,0.005350318,-1.855379,0.9636554,-0.2198674,0.1517455,0.0,0.0,0.0,0.0,0.0,0.0,0.0,-1.854759,-0.03586853,-0.2226282,0.6106656,0.0007729037,-1.765805,0.0021328,0.6277578,-0.01241428,0.778307,1.083313,77.76808,359.046,0.2208732,0.003526798,-0.9752959,0.09718519,0.003241241,0.07713518,2.590108,-0.4397028,-1.908609,0.579409,-0.4056682,1.914999,0.2115322,-0.01664647,-0.9772294,0.02200199,0.9996827,-0.01226637,0.9771234,-0.01890626,0.2118314,moving,3.465121187391783,-11.58427115749062,16.833904675548613,-11.960564498341338,1.9794424,-0.4404757037,-0.14280399999999993,0.05921412162013817,-0.2004566519109171,0.977911508679385,4.071317314158734,-10.481391254547434,13.099010068284146,13.374078234838588,12.848018899513827
300,05/05/2023 15:31:51.696158,483,True,True,True,True,Eyes,0.485005,0.005230868,-1.85127,0.9648898,-0.2197834,0.1438158,0.0,0.0,0.0,0.0,0.0,0.0,0.0,-1.847916,-0.04678749,-0.2531221,0.6211234,0.003452848,-1.759331,0.001266081,0.631744,-0.0143753,0.7750427,1.153187,78.35562,358.8146,0.2237685,0.003453479,-0.974636,0.09135407,0.003046766,0.07250706,2.595532,-0.450752,-1.921572,0.5795999,-0.4057999,1.914999,0.2013857,-0.02068327,-0.9792936,0.02388263,0.9995835,-0.01620049,0.9792208,-0.02012556,0.2017957,moving,3.394286061865914,-11.496813398981775,16.839137142195607,-11.96433561047217,1.9744085999999998,-0.454204848,-0.16224100000000008,0.058022925489846555,-0.19897764614536645,0.9782848715181531,3.999956675857124,-10.397468050646497,13.175091213002807,13.452977276070877,12.934435781944327
391,05/05/2023 15:31:53.205910,574,True,True,True,True,Eyes,1.121902,0.002050632,-1.706738,0.8902321,-0.2624615,-0.3722911,0.0,0.0,0.0,0.0,0.0,0.0,0.0,-1.112898,-0.042245,-2.035463,1.561231,0.003325844,-1.716386,-0.01210653,0.8141558,-0.009892195,0.5804362,0.1176532,109.0257,358.2122,0.5267097,0.00118194,-0.8500438,0.0,0.0,0.0,3.17658,-0.4460719,-2.863419,0.5795999,-0.4057999,1.914999,-0.3258946,-0.03119678,-0.9448913,-0.00822963,0.9995112,-0.03016171,0.9453704,-0.002053434,-0.3259921,moving,4.145905009136154,-15.014479619552636,16.839137142195607,-11.96433561047217,1.615349,-0.44939774400000004,-1.147033,0.06984063478063512,-0.2584305386461625,0.9635018611400615,4.754239122405167,-13.810692533118095,12.84267194356709,13.054559374404887,12.225129612177428
392,05/05/2023 15:31:53.225796,575,True,True,True,True,Eyes,1.14069,0.002199482,-1.707618,0.8872079,-0.2624494,-0.3794502,0.0,0.0,0.0,0.0,0.0,0.0,0.0,-1.093141,-0.06129925,-2.055501,1.57335,0.005260213,-1.717073,-0.01239,0.8163686,-0.01370372,0.5772359,0.4624205,109.4651,357.934,0.5289848,0.001164184,-0.84863,0.0,0.0,0.0,3.186043,-0.4214611,-2.876165,0.5795991,-0.40297,1.914999,-0.3332906,-0.03605016,-0.9421347,-0.004409043,0.9993174,-0.03667847,0.9428139,-0.008070675,-0.333222,moving,4.22297286949231,-14.64961397340434,16.839115215228006,-11.88328083888648,1.6126930000000002,-0.426721313,-1.1590919999999998,0.07125649075450474,-0.25226434553307553,0.9650311975065533,4.832396122501939,-13.453871801975216,12.70557031680865,12.915868019571771,12.109007364147098
393,05/05/2023 15:31:53.247564,576,True,True,True,True,Eyes,1.159224,0.002399519,-1.708499,0.8841795,-0.2622027,-0.3866218,0.0,0.0,0.0,0.0,0.0,0.0,0.0,-1.071637,-0.05598921,-2.077621,1.586162,0.008318012,-1.718158,-0.01692546,0.8188388,-0.01257808,0.5736364,0.06764963,109.9724,357.5843,0.531657,0.001154923,-0.8469586,0.0,0.0,0.0,3.187429,-0.4312555,-2.886567,0.5795996,-0.4004391,1.915,-0.34131,-0.04214893,-0.9390054,-0.01328796,0.9991106,-0.04001695,0.939857,-0.001180712,-0.3415665,moving,4.292681022760083,-15.006277162025887,16.839120623981625,-11.810743201196072,1.6012669999999998,-0.439573512,-1.1684089999999998,0.07231230927671584,-0.2582470200194345,0.9633688114740533,4.902317084887506,-13.800062336410564,12.747428420344892,12.946991309254706,12.1014325330789
394,05/05/2023 15:31:53.265846,577,True,True,True,True,Eyes,1.177518,0.002620295,-1.709328,0.8810022,-0.2625313,-0.3935892,0.0,0.0,0.0,0.0,0.0,0.0,0.0,-1.048037,-0.04587604,-2.100093,1.59865,0.009722145,-1.71904,-0.02129595,0.8215431,-0.01084744,0.5696454,359.6311,110.535,357.286,0.5346684,0.001155716,-0.8450609,0.0,0.0,0.0,3.193451,-0.4158079,-2.900587,0.5796,-0.3977892,1.915001,-0.3501014,-0.04734946,-0.9355145,-0.02263269,0.9988576,-0.04208555,0.9364385,0.006439008,-0.3507731,moving,4.294841981213354,-15.444296693647697,16.839123291861164,-11.73475411298701,1.5948010000000001,-0.425530045,-1.181547,0.07219906075435312,-0.2656064228510964,0.96137429859946,4.9040044311728455,-14.226721162176009,12.891276249182683,13.081272864610794,12.192496134631405
395,05/05/2023 15:31:53.276192,578,True,True,True,True,Eyes,1.195562,0.002837505,-1.710173,0.8777713,-0.2627578,-0.4005943,0.0,0.0,0.0,0.0,0.0,0.0,0.0,-1.024266,-0.05268154,-2.121566,1.610689,0.0104184,-1.720031,-0.02179277,0.824231,-0.01239442,0.5656986,359.758,111.0797,357.137,0.5379689,0.001166465,-0.8429636,0.0,0.0,0.0,3.197952,-0.4000033,-2.916369,0.5796002,-0.3950637,1.915001,-0.3590204,-0.04994756,-0.9319925,-0.02190154,0.9987429,-0.04508802,0.9330729,0.004224555,-0.3596631,moving,4.241030810360652,-15.32318360963262,16.83912877359735,-11.656559575833429,1.5872629999999999,-0.4104217,-1.196338,0.07133703364495941,-0.2635900335575881,0.9619933635929445,4.849855537762203,-14.109706374447727,12.931284540904656,13.12083092248896,12.237671426340247
396,05/05/2023 15:31:53.296055,579,True,True,True,True,Eyes,1.639906,0.008073771,-1.73167,0.7784104,-0.2695272,-0.56695,0.0,0.0,0.0,0.0,0.0,0.0,0.0,-1.000709,-0.04639602,-2.143064,1.622839,0.01052945,-1.721213,-0.02266311,0.8269198,-0.01132377,0.5617492,359.6142,111.631,357.1223,0.541512,0.001185901,-0.840692,0.0,0.0,0.0,3.19803,-0.4023321,-2.931278,0.5796003,-0.3923841,1.915002,-0.3678489,-0.05020337,-0.9285296,-0.02475891,0.9987163,-0.04418965,0.9295561,0.006734273,-0.3686197,moving,15.242677463547125,-15.801415423699396,16.839123218871126,-11.57963307473408,1.5751910000000002,-0.41286155,-1.2100649999999997,0.2536237268523405,-0.26340047552484536,0.9307497835287492,15.947860852528075,-14.377713228471244,4.455968972242025,4.513544643816778,2.936596865829085
397,05/05/2023 15:31:53.306060,580,True,True,True,True,Eyes,1.640369,0.008127525,-1.731746,0.7781357,-0.2697908,-0.5672017,0.0,0.0,0.0,0.0,0.0,0.0,0.0,-0.9785665,-0.05717571,-2.162706,1.634061,0.01061683,-1.722757,-0.02121935,0.8294095,-0.01351848,0.5580741,359.9279,112.132,357.1175,0.5826761,0.001842592,-0.8127021,1.333032,0.0157088,-0.0644896,3.199383,-0.3948804,-2.948075,0.5796,-0.3897083,1.915001,-0.3762059,-0.05028769,-0.9251704,-0.02011044,0.998734,-0.04610864,0.9263177,0.001259232,-0.376741,moving,14.7296398542474,-15.49330414943548,16.839123291861164,-11.502785171088737,1.565322,-0.40549723000000004,-1.2253179999999997,0.24558606933185312,-0.2589449789399828,0.9341493415369526,15.430651222046377,-14.086792892419345,4.484079059050909,4.51377470528961,2.942938918045114
398,05/05/2023 15:31:53.326027,581,True,True,True,True,Eyes,1.640369,0.008127525,-1.731746,0.7781357,-0.2697908,-0.5672017,0.0,0.0,0.0,0.0,0.0,0.0,0.0,-0.953607,-0.07390609,-2.183597,1.645733,0.01203399,-1.724627,-0.02076421,0.8321456,-0.01685114,0.5539125,0.2888924,112.6934,356.9489,0.6144217,0.002359805,-0.7889739,1.25305,0.01476627,-0.06062023,3.197695,-0.402699,-2.962598,0.5796003,-0.3870705,1.915,-0.3855,-0.05322579,-0.9211716,-0.01588956,0.9985698,-0.0510483,0.9225712,-0.005042099,-0.3857944,moving,14.171909277982634,-15.083150635034704,16.83913981006744,-11.426987531013975,1.551962,-0.41473298999999997,-1.237971,0.2368786363397385,-0.25281450271593703,0.9380689477454947,14.868469761074545,-13.697271683006438,4.518342739695836,4.525665404610453,3.0062818518538474
399,05/05/2023 15:31:53.346104,582,True,True,True,True,Eyes,1.640369,0.008127525,-1.731746,0.7781357,-0.2697908,-0.5672017,0.0,0.0,0.0,0.0,0.0,0.0,0.0,-0.9243557,-0.06718382,-2.206861,1.65745,0.01229296,-1.726815,-0.02415984,0.8354385,-0.0161603,0.5488149,0.02769183,113.3959,356.6689,0.6387215,0.002760673,-0.7694327,1.177867,0.0138803,-0.05698301,3.19513,-0.4124252,-2.977706,0.5796003,-0.3845038,1.915,-0.3964373,-0.05810614,-0.9162214,-0.02263009,0.9983103,-0.05352043,0.9177831,-0.0004833112,-0.3970823,moving,13.576036111006205,-15.275311156103564,16.83913981006744,-11.353188332239903,1.5376799999999997,-0.42471816,-1.250891,0.22687687182288807,-0.2565873375800202,0.9395157449917899,14.267132341848583,-13.895182007802992,5.101949886763063,5.102047941395629,3.6162071654118932
400,05/05/2023 15:31:53.356149,583,True,True,True,True,Eyes,1.642188,0.008217137,-1.732071,0.7770388,-0.2702259,-0.5684969,0.0,0.0,0.0,0.0,0.0,0.0,0.0,-0.8927265,-0.0807941,-2.229279,1.668778,0.01233088,-1.728641,-0.02515776,0.8388275,-0.01944267,0.5434684,0.3021336,114.1128,356.3685,0.657168,0.003066818,-0.7537375,1.107195,0.01304748,-0.05356403,3.193871,-0.4034837,-2.997834,0.5795997,-0.3818179,1.915001,-0.4080189,-0.06333899,-0.9107739,-0.02107309,0.9979781,-0.05996298,0.9127305,-0.005273212,-0.4085287,moving,13.009014179581628,-14.961233843403505,16.83911506925629,-11.275915201221842,1.525093,-0.41581458,-1.269193,0.21784164245960086,-0.25196538298653604,0.942898999698701,13.69546963468851,-13.599420745923037,5.321388910359329,5.315190148950302,3.9091155821408052
401,05/05/2023 15:31:53.380089,584,True,True,True,True,Eyes,1.644394,0.00829972,-1.732485,0.7756963,-0.2705945,-0.5701525,0.0,0.0,0.0,0.0,0.0,0.0,0.0,-0.8598083,-0.09001856,-2.252231,1.680364,0.01308652,-1.730931,-0.02618165,0.8423459,-0.02166292,0.537865,0.4773339,114.8648,356.1346,0.6710485,0.003299506,-0.7414057,1.040763,0.01226463,-0.05035019,3.188159,-0.4128236,-3.016125,0.5796001,-0.3791115,1.915001,-0.4200316,-0.06741145,-0.9050024,-0.02080456,0.9976904,-0.06465971,0.907271,-0.008330955,-0.420464,moving,12.427561262332787,-14.76396849843649,16.839126032729293,-11.198016055106404,1.5077950000000002,-0.42591012,-1.2851940000000002,0.20841352688446868,-0.24924167100718017,0.9457496485673762,13.109117461885472,-13.417711659516984,5.6785363618132525,5.672558554258862,4.3405083244716876
402,05/05/2023 15:31:53.396248,585,True,True,True,True,Eyes,1.64695,0.008348679,-1.732985,0.7741121,-0.2710925,-0.5720657,0.0,0.0,0.0,0.0,0.0,0.0,0.0,-0.8265089,-0.08493693,-2.275369,1.691963,0.01299305,-1.733415,-0.02739782,0.8459556,-0.02109689,0.5321311,0.3744654,115.6449,356.0544,0.6813664,0.00347369,-0.7319337,0.9783176,0.01152875,-0.04732918,3.182169,-0.4174833,-3.03632,0.5796,-0.3764137,1.915,-0.4321719,-0.0688073,-0.8991624,-0.02390205,0.9976085,-0.06485253,0.9014744,-0.006535612,-0.4327831,moving,11.83503547180507,-14.889732114301806,16.839131587459715,-11.120328350185515,1.490206,-0.43047635,-1.302905,0.19848375069698532,-0.25184716444731564,0.9471943087393703,12.511231578211822,-13.55088109073493,6.26865868656498,6.264932774710673,4.963698733267378
403,05/05/2023 15:31:53.406084,586,True,True,True,True,Eyes,1.64984,0.008440962,-1.733581,0.7721815,-0.2719383,-0.5742694,0.0,0.0,0.0,0.0,0.0,0.0,0.0,-0.7928722,-0.09638125,-2.297027,1.703018,0.01228037,-1.736043,-0.02540541,0.8495233,-0.02344822,0.5264173,0.7501327,116.4047,356.109,0.6889119,0.003600577,-0.7248358,0.9196185,0.01083703,-0.04448942,3.176735,-0.4123619,-3.059104,0.5796003,-0.3738526,1.915,-0.4444791,-0.06785206,-0.8932158,-0.01847789,0.9976095,-0.0665873,0.8955988,-0.01309191,-0.4446703,moving,11.198754212405538,-14.585014158383927,16.83913981006744,-11.046533395548744,1.473717,-0.42464227,-1.323061,0.18817970382438287,-0.24731745521237156,0.9504854165853067,11.869689017943866,-13.26548289023388,6.653713252312816,6.658437939882482,5.44235041460039
404,05/05/2023 15:31:53.425768,587,True,True,True,True,Eyes,1.653076,0.00854209,-1.734264,0.7701114,-0.2725145,-0.5767707,0.0,0.0,0.0,0.0,0.0,0.0,0.0,-0.7588249,-0.1175455,-2.317821,1.714087,0.01348952,-1.738863,-0.02217509,0.8530173,-0.02710208,0.5207068,1.326151,117.1539,356.2115,0.6943062,0.003692029,-0.7196699,0.8644414,0.01018681,-0.04182006,3.167327,-0.4223991,-3.080579,0.5795999,-0.3711687,1.915,-0.4567458,-0.06605595,-0.8871416,-0.009607,0.9975475,-0.06933052,0.8895456,-0.02314364,-0.4562602,moving,10.55946302964967,-14.07174131505768,16.83912884659031,-10.969160271451498,1.4532399999999999,-0.43588862,-1.3417160000000001,0.17793346509076607,-0.23925680649004294,0.9545135012390762,11.225344588205907,-12.776974620543653,6.983984075495353,7.004299529902841,5.89769161795257
405,05/05/2023 15:31:53.446071,588,True,True,True,True,Eyes,1.656604,0.008604778,-1.735039,0.767741,-0.2732943,-0.5795549,0.0,0.0,0.0,0.0,0.0,0.0,0.0,-0.7228991,-0.1125168,-2.340298,1.725418,0.01372809,-1.742118,-0.02201661,0.8567964,-0.02613989,0.5145212,1.268466,117.9879,356.2937,0.6980406,0.003756532,-0.7160479,0.8125749,0.009575597,-0.03931086,3.156375,-0.4365071,-3.101254,0.5795999,-0.3682938,1.915,-0.4695667,-0.06462655,-0.8805289,-0.01082844,0.997664,-0.06744915,0.8828309,-0.02213711,-0.4691696,moving,9.938809122575082,-14.202155088445819,16.83912884659031,-10.88623593520504,1.4309570000000003,-0.45023519,-1.359136,0.16747131721242403,-0.2418788335529972,0.955744676886917,10.59907762072297,-12.915179894830612,7.6283312309438776,7.655699323018286,6.561619685165363
406,05/05/2023 15:31:53.456118,589,True,True,True,True,Eyes,1.660413,0.008666208,-1.735894,0.7653118,-0.2741444,-0.5823596,0.0,0.0,0.0,0.0,0.0,0.0,0.0,-0.6888684,-0.123391,-2.359961,1.736079,0.01291204,-1.745005,-0.01961169,0.8601999,-0.02815408,0.5088016,1.631968,118.741,356.4216,0.7005025,0.003799067,-0.7136394,0.7638204,0.009001061,-0.03695221,3.14784,-0.4311129,-3.126257,0.5796005,-0.3658455,1.915002,-0.4814729,-0.06238962,-0.8742378,-0.00509026,0.9976454,-0.06839319,0.8764464,-0.02847936,-0.4806567,moving,9.346046710894655,-13.920615061131093,16.839128700604455,-10.815569098333233,1.411761,-0.44402494000000003,-1.381252,0.15774771181430242,-0.23756513164798332,0.958477164373356,10.001411130132448,-12.65157784153771,8.06889006995956,8.110954822682757,7.0799229994869926
407,05/05/2023 15:31:53.476234,590,True,True,True,True,Eyes,1.6645,0.008734951,-1.73685,0.7626513,-0.2750495,-0.585415,0.0,0.0,0.0,0.0,0.0,0.0,0.0,-0.6563665,-0.1501063,-2.377627,1.746614,0.01300666,-1.748037,-0.01606706,0.8632553,-0.03293266,0.5034356,2.3315,119.4289,356.5057,0.7019987,0.003824892,-0.7121675,0.7179912,0.008460998,-0.03473507,3.137262,-0.4400397,-3.147337,0.5796,-0.3631077,1.915002,-0.4925887,-0.0608989,-0.8681287,0.005418987,0.9973146,-0.07303604,0.8702452,-0.04068112,-0.4909359,moving,8.818772124915201,-13.297027517051887,16.839114996270546,-10.73651921077214,1.390648,-0.45304636,-1.3992999999999998,0.149292336161845,-0.22742166536418887,0.9622843340475091,9.470193950556128,-12.0535916540249,8.356409803124048,8.419150940601318,7.485698177107373
408,05/05/2023 15:31:53.496219,591,True,True,True,True,Eyes,1.668843,0.008793097,-1.737894,0.7600203,-0.2756641,-0.5885393,0.0,0.0,0.0,0.0,0.0,0.0,0.0,-0.6243488,-0.1542188,-2.396361,1.757474,0.01326509,-1.751356,-0.01497589,0.8663413,-0.03353258,0.4981005,2.474934,120.1332,356.5941,0.7027727,0.003838545,-0.7114037,0.6749117,0.007953337,-0.03265097,3.125676,-0.4596407,-3.165024,0.5796003,-0.3604138,1.915,-0.5033432,-0.05935365,-0.8620458,0.007456729,0.9973026,-0.07302031,0.8640544,-0.04318231,-0.5015428,moving,8.332476241697243,-13.212693537322895,16.83913981006744,-10.65870735429564,1.368202,-0.47290579,-1.413668,0.14115831683506164,-0.22627793312270697,0.963780414127304,8.979709888324155,-11.980183514014835,8.809690605331685,8.881788698709899,7.969751434988412
409,05/05/2023 15:31:53.505988,592,True,True,True,True,Eyes,1.673441,0.008855613,-1.739048,0.7571886,-0.2763767,-0.5918458,0.0,0.0,0.0,0.0,0.0,0.0,0.0,-0.5943809,-0.1630444,-2.413462,1.767861,0.01305192,-1.754756,-0.01301106,0.8691589,-0.03493951,0.4931255,2.745737,120.7838,356.7242,0.7030171,0.003842943,-0.7111614,0.634417,0.007476137,-0.03069191,3.117732,-0.4606447,-3.185326,0.5796,-0.3577794,1.914999,-0.5133159,-0.05707648,-0.8562996,0.01184177,0.9972199,-0.07356815,0.8581181,-0.0479038,-0.5112129,moving,7.8949369777608105,-13.010407481689139,16.839139883066203,-10.58257031305666,1.3498710000000003,-0.47369662,-1.43057,0.13389499096487734,-0.2231008923777995,0.9655559178345057,8.538544529034795,-11.790995215922456,9.185095777658026,9.267856220759295,8.388097160693478
410,05/05/2023 15:31:53.526174,593,True,True,True,True,Eyes,1.678315,0.008925468,-1.740278,0.754482,-0.2767074,-0.5951385,0.0,0.0,0.0,0.0,0.0,0.0,0.0,-0.5663244,-0.1698871,-2.430375,1.778682,0.01324021,-1.758528,-0.01127529,0.8717482,-0.03586293,0.4885098,2.952653,121.3883,356.8604,0.7028847,0.00384094,-0.7112921,0.596352,0.007027569,-0.02885039,3.109434,-0.4658809,-3.203915,0.5795996,-0.3551028,1.915,-0.5224623,-0.05469721,-0.8509064,0.01538036,0.9971735,-0.07354307,0.8525238,-0.05151072,-0.5201443,moving,7.502488440872032,-12.84788475326531,16.839120623981625,-10.505164015168251,1.3307519999999997,-0.47912110999999996,-1.4453869999999998,0.12735398412448695,-0.2205527557628611,0.9670250009043397,8.142822309256577,-11.639731497459163,9.534635893765014,9.626060511932586,8.769997021126157
411,05/05/2023 15:31:53.545930,594,True,True,True,True,Eyes,1.683411,0.008963609,-1.741634,0.7516432,-0.2769794,-0.5985942,0.0,0.0,0.0,0.0,0.0,0.0,0.0,-0.5397053,-0.1626769,-2.447777,1.78942,0.01334321,-1.762713,-0.01130079,0.8742685,-0.03436191,0.4840932,2.816751,121.9775,356.9566,0.7024972,0.003834928,-0.711675,0.5605708,0.006605915,-0.02711937,3.103025,-0.4685516,-3.22187,0.5796,-0.3524425,1.915,-0.5310523,-0.05302857,-0.8456783,0.01350889,0.9973831,-0.07102433,0.8472315,-0.04914179,-0.5289462,moving,7.175339425772514,-13.018258664799673,16.839131587459715,-10.428196031600798,1.3136050000000001,-0.48189481,-1.459157,0.12174411568593785,-0.22358595738585457,0.9670510815670184,7.812600322014252,-11.811585366639813,9.912467044365052,10.004863986490776,9.131923824603673
412,05/05/2023 15:31:53.565984,595,True,True,True,True,Eyes,1.688693,0.008964578,-1.743156,0.748671,-0.2767077,-0.6024323,0.0,0.0,0.0,0.0,0.0,0.0,0.0,-0.5138502,-0.1579957,-2.464377,1.799908,0.0126077,-1.767013,-0.0114982,0.8766469,-0.03361574,0.4798211,2.745753,122.5409,356.9918,0.7019476,0.003825193,-0.7122172,0.5269366,0.00620956,-0.02549221,3.099346,-0.460265,-3.240964,0.5796001,-0.3496814,1.915,-0.5392793,-0.05241879,-0.8404941,0.01209935,0.9974756,-0.06997241,0.8420402,-0.0479041,-0.5372837,moving,6.902415634759434,-13.082537114860115,16.839134328329035,-10.348271430438409,1.299438,-0.4728727,-1.473951,0.11710279803529683,-0.22479709034039158,0.9673434221776556,7.537200471776327,-11.879110872359579,10.211816585830295,10.306046149137003,9.427059078451935
413,05/05/2023 15:31:53.576007,596,True,True,True,True,Eyes,1.694212,0.008944669,-1.744799,0.7455529,-0.2764982,-0.6063824,0.0,0.0,0.0,0.0,0.0,0.0,0.0,-0.4853336,-0.1605993,-2.478969,1.809909,0.01210552,-1.769381,-0.01146104,0.8790368,-0.03429861,0.4753805,2.831723,123.1164,356.972,0.7013347,0.003812059,-0.7128208,0.4953204,0.005836986,-0.02396267,3.09565,-0.4556212,-3.258782,0.5796003,-0.3469865,1.915,-0.5477643,-0.05275912,-0.8349677,0.01246043,0.9973845,-0.07119619,0.83654,-0.04940277,-0.5456742,moving,6.628153789732479,-12.987588104406935,16.83913981006744,-10.270223811472823,1.285741,-0.46772672,-1.489401,0.11251039805716484,-0.22331299657411496,0.9682317451010981,7.2606298673043606,-11.791548661892142,10.46749562643567,10.56637611520569,9.698571133116184
414,05/05/2023 15:31:53.596179,597,True,True,True,True,Eyes,1.694212,0.008944669,-1.744799,0.7455529,-0.2764982,-0.6063824,0.0,0.0,0.0,0.0,0.0,0.0,0.0,-0.4577297,-0.162366,-2.49553,1.821172,0.01159908,-1.773908,-0.01197532,0.8813877,-0.03494882,0.470947,2.884768,123.6885,356.899,0.700865,0.003798648,-0.7132826,0.4656011,0.005486767,-0.02252491,3.090109,-0.4564838,-3.273781,0.5796,-0.3443043,1.915,-0.5561314,-0.05402789,-0.8293368,0.01180828,0.9972703,-0.07288639,0.8310109,-0.05032743,-0.5539753,moving,6.077192951726183,-12.940473292190749,16.839131587459715,-10.192505725301615,1.268937,-0.46808288,-1.499873,0.10320855789886635,-0.22274273253661617,0.9693986099690713,6.704869455703818,-11.755560649751402,10.998357063661624,11.107234081803115,10.254092336817935
415,05/05/2023 15:31:53.605875,598,True,True,True,True,Eyes,1.694212,0.008944669,-1.744799,0.7455529,-0.2764982,-0.6063824,0.0,0.0,0.0,0.0,0.0,0.0,0.0,-0.4313312,-0.1619815,-2.511247,1.831582,0.01042411,-1.77872,-0.0125755,0.8836595,-0.03532286,0.4666264,2.905605,124.246,356.8322,0.7004428,0.003786594,-0.7136974,0.4376651,0.005157561,-0.02117342,3.08619,-0.4567741,-3.290555,0.5795999,-0.341614,1.915001,-0.5642033,-0.05519008,-0.8237893,0.01074025,0.9971883,-0.07416287,0.8255661,-0.05069064,-0.5620241,moving,5.541915834267291,-12.928566296819643,16.83912055099295,-10.11450966720754,1.2546080000000002,-0.46719821,-1.5118349999999998,0.09414773600001192,-0.22274229772090048,0.9703206011125888,6.1648912997849505,-11.753588339414106,11.524397700839065,11.64241165421805,10.79934021137527
416,05/05/2023 15:31:53.625999,599,True,True,True,True,Eyes,1.700747,0.00881082,-1.746906,0.7414316,-0.2761643,-0.6115656,0.0,0.0,0.0,0.0,0.0,0.0,0.0,-0.4045165,-0.1675685,-2.526826,1.842582,0.009558896,-1.783636,-0.01263444,0.8858592,-0.03668826,0.4623289,3.056387,124.7937,356.7674,0.7000626,0.003775747,-0.7140703,0.4114052,0.004848107,-0.01990301,3.08189,-0.4565644,-3.307333,0.5795997,-0.3388805,1.915001,-0.5721849,-0.05630875,-0.8181894,0.01153942,0.9969887,-0.07668379,0.8200437,-0.05331873,-0.5698121,moving,5.393266393626348,-12.756612121187485,16.83911506925629,-10.035227656916073,1.239308,-0.46612329599999996,-1.5236969999999999,0.09169105902751551,-0.2198798320225241,0.9712083351889897,6.015126034029323,-11.588752248995116,11.644434216000409,11.764921814776226,10.934906368730736
417,05/05/2023 15:31:53.645861,600,True,True,True,True,Eyes,1.707453,0.008631796,-1.749141,0.7372006,-0.2758404,-0.6168042,0.0,0.0,0.0,0.0,0.0,0.0,0.0,-0.3775077,-0.1671479,-2.542363,1.853031,0.008428983,-1.788927,-0.01307261,0.8881351,-0.03699885,0.4579041,3.081016,125.3624,356.7216,0.6998137,0.003759554,-0.7143138,0.3867209,0.00455722,-0.01870883,3.077446,-0.4605572,-3.323253,0.5795999,-0.3363872,1.915,-0.5803061,-0.05710434,-0.8123941,0.01066337,0.9969203,-0.07769196,0.8143289,-0.05374796,-0.5779099,moving,5.235956542543765,-12.713923391331836,16.83912884659031,-9.962883585711419,1.224415,-0.468986183,-1.5343259999999999,0.08903796719561108,-0.2192091500198982,0.97160674194624,5.856478695565042,-11.549996133756599,11.803208279452408,11.924840775855284,11.096735131559093
418,05/05/2023 15:31:53.656120,601,True,True,True,True,Eyes,1.714293,0.008404525,-1.751519,0.7327009,-0.2755742,-0.6222606,0.0,0.0,0.0,0.0,0.0,0.0,0.0,-0.3505286,-0.1646598,-2.558011,1.863937,0.007163556,-1.794182,-0.01322805,0.8903686,-0.03682031,0.4535561,3.070688,125.9235,356.7302,0.6996846,0.003736728,-0.7144402,0.3635176,0.004283787,-0.0175863,3.072568,-0.4602818,-3.340562,0.5796,-0.3337134,1.915001,-0.5882239,-0.05695583,-0.80669,0.009844466,0.9969386,-0.07756662,0.8086382,-0.05356798,-0.5858624,moving,5.096668501322939,-12.713677875669678,16.839123291861164,-9.885255995814406,1.208631,-0.46744535600000003,-1.5463799999999999,0.08667486100398164,-0.21925084789294716,0.9718109574639373,5.715964156998703,-11.552262048221202,11.956668250204139,12.078295195857658,11.247380953725854
419,05/05/2023 15:31:53.676058,602,True,True,True,True,Eyes,1.721297,0.008141824,-1.754039,0.7281434,-0.2751887,-0.6277567,0.0,0.0,0.0,0.0,0.0,0.0,0.0,-0.3258727,-0.1634415,-2.57276,1.874331,0.005758091,-1.799681,-0.01305181,0.8923973,-0.03680472,0.4495577,3.092827,126.438,356.7628,0.6996629,0.003705977,-0.7144618,0.3417065,0.00402676,-0.01653112,3.068286,-0.4584335,-3.35799,0.5795997,-0.3310161,1.915,-0.5954553,-0.05638649,-0.8014074,0.009796892,0.9969501,-0.07742396,0.8033289,-0.05395379,-0.5930869,moving,4.998911435497446,-12.674208231576639,16.839123364851268,-9.806919150167444,1.193955,-0.464191591,-1.558309,0.08502913446287158,-0.21861246543434953,0.9721001708750752,5.6173904918701485,-11.515570760463872,12.061277552916598,12.182444960203226,11.351069508989612
420,05/05/2023 15:31:53.696231,603,True,True,True,True,Eyes,1.728435,0.007817479,-1.756699,0.7234368,-0.2743783,-0.6335264,0.0,0.0,0.0,0.0,0.0,0.0,0.0,-0.3014543,-0.1527984,-2.588474,1.885308,0.00461229,-1.80555,-0.0135886,0.8944336,-0.03506239,0.4456172,2.901055,126.9532,356.8111,0.6997376,0.003666677,-0.7143889,0.3212042,0.003785154,-0.01553926,3.064362,-0.4576015,-3.374514,0.5795999,-0.328358,1.915,-0.6024815,-0.05555701,-0.7961971,0.006940614,0.9971719,-0.07483258,0.7981028,-0.05061133,-0.600392,moving,4.929287846837222,-12.823798458040747,16.83912884659031,-9.729679544388866,1.179054,-0.46221379,-1.568964,0.08379821618882555,-0.2211728455332988,0.9716276992574698,5.546985450878784,-11.66254658326774,12.18719125900984,12.305197458440798,11.456372788072837
421,05/05/2023 15:31:53.706075,604,True,True,True,True,Eyes,1.735723,0.007440598,-1.759508,0.718655,-0.2734362,-0.6393495,0.0,0.0,0.0,0.0,0.0,0.0,0.0,-0.277023,-0.1360577,-2.603907,1.895779,0.002688418,-1.811518,-0.01380637,0.8965258,-0.03214145,0.4416084,2.60426,127.483,356.9505,0.6998984,0.003617218,-0.7142314,0.3019319,0.003558045,-0.0146069,3.062216,-0.4492356,-3.392408,0.5796005,-0.3256472,1.915001,-0.6095831,-0.05314341,-0.7909392,0.003632331,0.9975526,-0.0698253,0.7927142,-0.04543726,-0.6078982,moving,4.83633747820507,-13.078065764908247,16.839136996201027,-9.650866834294034,1.1664369999999997,-0.45192401800000004,-1.5808900000000001,0.08213799342636607,-0.22551384313209327,0.9707713449815947,5.452930448992188,-11.911913344488926,12.368088227294631,12.482503305795964,11.608532674587515
422,05/05/2023 15:31:53.726245,605,True,True,True,True,Eyes,1.743157,0.007029215,-1.76247,0.7137426,-0.2721707,-0.6453638,0.0,0.0,0.0,0.0,0.0,0.0,0.0,-0.2520078,-0.1234345,-2.619432,1.906728,0.00100265,-1.817844,-0.01310611,0.8986122,-0.02968166,0.4375426,2.399998,128.0167,357.1586,0.7001361,0.003556543,-0.7139981,0.283816,0.003344562,-0.01373049,3.05934,-0.4370795,-3.411535,0.5795999,-0.3227435,1.915,-0.6167697,-0.0495286,-0.7855843,0.002419354,0.9978944,-0.06481356,0.7871402,-0.04187563,-0.6153512,moving,4.727963311807488,-13.225282874384162,16.83912884659031,-9.566415162493206,1.1526120000000002,-0.43808215,-1.5936910000000002,0.08025310269952829,-0.22804251089538713,0.9703380215550229,5.343436205270782,-12.057274316144946,12.539425709684508,12.651784203978085,11.762454192345176
423,05/05/2023 15:31:53.746271,606,True,True,True,True,Eyes,1.750742,0.006559957,-1.765595,0.7087663,-0.2706565,-0.6514563,0.0,0.0,0.0,0.0,0.0,0.0,0.0,-0.2259215,-0.1036478,-2.635252,1.91759,-0.000375079,-1.824606,-0.01318691,0.9008012,-0.02601244,0.4332514,2.030849,128.5813,357.3447,0.7004423,0.003484451,-0.7136972,0.2667871,0.003143889,-0.01290666,3.055847,-0.4275385,-3.430806,0.5796009,-0.3203169,1.915001,-0.6242388,-0.04629742,-0.7798607,-0.001217708,0.9982989,-0.05829057,0.7812328,-0.03543759,-0.6232333,moving,4.6086602024549075,-13.52091078868912,16.83914795967149,-9.495798325089588,1.138257,-0.427163421,-1.6062,0.07813645469510672,-0.23308541347401815,0.9693120262799565,5.222749843357334,-12.347406555997315,12.765860727941156,12.875805261188484,11.961286498503735
424,05/05/2023 15:31:53.760794,607,True,True,True,True,Eyes,1.758452,0.006044427,-1.768885,0.7037294,-0.2690951,-0.6575354,0.0,0.0,0.0,0.0,0.0,0.0,0.0,-0.1988248,-0.08088899,-2.651245,1.928853,-0.002310615,-1.831582,-0.01356257,0.9030138,-0.02199372,0.428834,1.609597,129.1597,357.514,0.7008097,0.003399907,-0.7133371,0.2507798,0.002955255,-0.01213226,3.052229,-0.4122184,-3.451587,0.5796006,-0.3176867,1.915001,-0.6318352,-0.04335767,-0.7738894,-0.005631069,0.9986647,-0.05135344,0.7750825,-0.02808907,-0.6312356,moving,4.482212441685404,-13.864276404183045,16.839139737068763,-9.41922892336098,1.1233760000000002,-0.40990778499999997,-1.620005,0.07588610154351233,-0.23893181076619024,0.968066595290865,5.094802212769663,-12.684171078466209,13.0245460985867,13.132101861094165,12.189721537461104
425,05/05/2023 15:31:53.776358,608,True,True,True,True,Eyes,1.766308,0.005460467,-1.772352,0.6986124,-0.2673971,-0.6636562,0.0,0.0,0.0,0.0,0.0,0.0,0.0,-0.1725154,-0.07403769,-2.666123,1.939677,-0.004002901,-1.838774,-0.01297082,0.9050696,-0.02076711,0.424558,1.522966,129.7072,357.6429,0.7012308,0.00330227,-0.7129239,0.235733,0.00277794,-0.01140432,3.048698,-0.3957636,-3.472771,0.5796005,-0.3149529,1.915001,-0.6391646,-0.04111268,-0.7679703,-0.005845309,0.998801,-0.0486051,0.7690478,-0.02657763,-0.6386385,moving,4.378454809858674,-13.860702810981431,16.839136996201027,-9.339607561740452,1.1090209999999998,-0.391760699,-1.633997,0.0741334353758899,-0.23890301492066765,0.9682094967215483,4.990134759282333,-12.682555927351828,13.148048676038963,13.255523482750087,12.311545710659077
426,05/05/2023 15:31:53.796184,609,True,True,True,True,Eyes,1.774263,0.004801825,-1.775987,0.6933842,-0.2660188,-0.6696659,0.0,0.0,0.0,0.0,0.0,0.0,0.0,-0.1447722,-0.05729278,-2.681773,1.951097,-0.006279273,-1.846437,-0.01353355,0.9072164,-0.01813511,0.4200552,1.233976,130.2857,357.719,0.7016984,0.003190357,-0.7124645,0.2215891,0.002611263,-0.01072006,3.043769,-0.3905976,-3.491707,0.5796006,-0.3122439,1.915,-0.6467412,-0.03979122,-0.7616709,-0.009320225,0.9989759,-0.04427462,0.7626527,-0.02153528,-0.6464497,moving,4.2686577146670635,-14.075161813719557,16.83914803267446,-9.26067732847341,1.092672,-0.384318327,-1.6452699999999998,0.07221039436739363,-0.24255967150005553,0.967445364396864,4.87912942678782,-12.893446328528414,13.354792690625393,13.460924473965134,12.499562218770512
427,05/05/2023 15:31:53.806385,610,True,True,True,True,Eyes,1.782343,0.004106067,-1.779793,0.6880583,-0.2647769,-0.6756249,0.0,0.0,0.0,0.0,0.0,0.0,0.0,-0.1189208,-0.05496799,-2.695937,1.961722,-0.008737667,-1.853863,-0.01288914,0.9091474,-0.01795023,0.4158882,1.255905,130.8126,357.8007,0.7022059,0.003062723,-0.711965,0.2082937,0.002454588,-0.01007686,3.039612,-0.3798739,-3.512144,0.5795996,-0.3096086,1.914999,-0.6537423,-0.03836682,-0.7557444,-0.008505674,0.9990233,-0.04335968,0.7566698,-0.02191793,-0.65343,moving,4.192169482663581,-13.986001199390632,16.839128919583352,-9.183860447310307,1.07789,-0.371136233,-1.6582810000000001,0.07094585006238457,-0.24107582009180561,0.9679096919643373,4.802067807732602,-12.80796595454384,13.421824119969004,13.527976153212448,12.570798739061495
428,05/05/2023 15:31:53.826105,611,True,True,True,True,Eyes,1.790523,0.003395239,-1.78377,0.6827316,-0.2637586,-0.6814022,0.0,0.0,0.0,0.0,0.0,0.0,0.0,-0.09327722,-0.05879018,-2.710407,1.972878,-0.01030585,-1.861748,-0.01239053,0.9109911,-0.01886094,0.4118082,1.384358,131.3235,357.8153,0.7027479,0.002919595,-0.7114308,0.1957961,0.002307313,-0.009472248,3.034447,-0.3796315,-3.5299,0.5796005,-0.3069834,1.915001,-0.6605211,-0.03810951,-0.7498398,-0.007041153,0.9989815,-0.04456935,0.7507746,-0.02415925,-0.6601168,moving,4.134976965463958,-13.798804568444663,16.839136996201027,-9.107290757877037,1.0615690000000002,-0.36932565,-1.668152,0.07003564775225252,-0.23792752324382532,0.9687546111396537,4.744582111702728,-12.626636547419624,13.436456595351066,13.542746542755795,12.59619198966548
429,05/05/2023 15:31:53.845989,612,True,True,True,True,Eyes,1.798815,0.002678439,-1.787921,0.6773344,-0.2628343,-0.6871217,0.0,0.0,0.0,0.0,0.0,0.0,0.0,-0.0683769,-0.05782249,-2.724452,1.983631,-0.01137583,-1.869689,-0.01272463,0.9127725,-0.01905323,0.4078255,1.398366,131.8228,357.7774,0.7033184,0.002762208,-0.7108675,0.1840483,0.002168874,-0.008903913,3.029917,-0.3827096,-3.546913,0.5796002,-0.3043605,1.915001,-0.6670332,-0.03877016,-0.7440187,-0.007688597,0.9989501,-0.04516137,0.7449885,-0.02440367,-0.6666309,moving,4.108993005717687,-13.727858841922142,16.83912877359735,-9.030764802794618,1.0462860000000003,-0.37133377,-1.677224,0.0696171853299683,-0.23673474426678776,0.9690769307203695,4.718449092670595,-12.55799193123984,13.46409168388486,13.569047464028433,12.62347840903095
430,05/05/2023 15:31:53.856187,613,True,True,True,True,Eyes,1.807148,0.001964386,-1.792274,0.6719986,-0.2618858,-0.6927003,0.0,0.0,0.0,0.0,0.0,0.0,0.0,-0.04341686,-0.05938079,-2.738692,1.994697,-0.01221937,-1.877997,-0.0132405,0.9145107,-0.01977933,0.4038613,1.460178,132.3167,357.6957,0.7039137,0.002591723,-0.710279,0.1730054,0.002038741,-0.008369679,3.02599,-0.381801,-3.563903,0.5796002,-0.3015375,1.915001,-0.6734418,-0.04019336,-0.7381471,-0.008240943,0.9988669,-0.04687147,0.7391946,-0.02548217,-0.6730101,moving,4.087461783730043,-13.604852418239409,16.83912877359735,-8.948364402696086,1.0312930000000002,-0.36958163,-1.685906,0.0692888929540203,-0.23465909806514723,0.9696051532825867,4.696866581854242,-12.438552190255106,13.471619542798647,13.575267645957117,12.633920291242154
431,05/05/2023 15:31:53.876095,614,True,True,True,True,Eyes,1.815568,0.001265415,-1.796789,0.6666101,-0.2609431,-0.6982405,0.0,0.0,0.0,0.0,0.0,0.0,0.0,-0.01829588,-0.05320582,-2.752278,2.005224,-0.01277342,-1.88603,-0.01476033,0.9162545,-0.01935652,0.3998563,1.356144,132.8179,357.5619,0.704527,0.002409741,-0.7096714,0.1626251,0.001916417,-0.007867498,3.022392,-0.3828747,-3.580632,0.5796002,-0.2988996,1.915001,-0.6797942,-0.0425281,-0.7321689,-0.01156879,0.9988149,-0.04727503,0.7333117,-0.02366698,-0.6794806,moving,4.081111525402794,-13.644762352333075,16.83912877359735,-8.871333125924943,1.0171679999999999,-0.37010128000000003,-1.694602,0.06916977922671896,-0.23533639391902172,0.9694495582745849,4.690415506816748,-12.477544749238596,13.520529855253265,13.621770468069013,12.67264756515281
432,05/05/2023 15:31:53.895960,615,True,True,True,True,Eyes,1.824033,0.0006609182,-1.801488,0.6612561,-0.2601166,-0.7036189,0.0,0.0,0.0,0.0,0.0,0.0,0.0,0.006712794,-0.04841827,-2.765915,2.015847,-0.01310901,-1.894431,-0.01601748,0.9179691,-0.01907078,0.3958694,1.279585,133.3158,357.4485,0.7051539,0.00221841,-0.7090493,0.1528676,0.001801432,-0.007395449,3.018936,-0.3787389,-3.597591,0.5796,-0.2963451,1.915001,-0.6860617,-0.04450617,-0.7261807,-0.01430802,0.9987596,-0.04769443,0.7274026,-0.02233111,-0.6858475,moving,4.06368809825547,-13.665756746799971,16.839123291861164,-8.79670644658855,1.0030890000000001,-0.36562989,-1.70316,0.06886877558445365,-0.23569649063804066,0.9693833544426014,4.672815010983952,-12.498309843718276,13.572524313900738,13.671846810581512,12.71695423027793
433,05/05/2023 15:31:53.906262,616,True,True,True,True,Eyes,1.832589,0.0001455065,-1.806354,0.6558745,-0.258977,-0.7090554,0.0,0.0,0.0,0.0,0.0,0.0,0.0,0.03283656,-0.05268977,-2.778951,2.026276,-0.01134158,-1.90276,-0.01716795,0.9196913,-0.02012936,0.3917499,1.350845,133.8241,357.2853,0.7057898,0.002022439,-0.7084168,0.1436955,0.001693346,-0.006951722,3.015383,-0.3749128,-3.61472,0.5795996,-0.2936081,1.915,-0.6924747,-0.04734978,-0.7198869,-0.01580708,0.9986001,-0.05047668,0.7212692,-0.02357451,-0.6922539,moving,4.040894861208992,-13.517397540087325,16.839120623981625,-8.716719337651803,0.9891069999999997,-0.36357122,-1.7119600000000001,0.06852571614468755,-0.233191166214304,0.9700134600998489,4.649987884480269,-12.354195330603781,13.570707632874488,13.668982913085989,12.720306149636723
434,05/05/2023 15:31:53.925919,617,True,True,True,True,Eyes,1.841217,-0.0003065254,-1.811333,0.6504905,-0.2578253,-0.7144145,0.0,0.0,0.0,0.0,0.0,0.0,0.0,0.06108797,-0.0251424,-2.792807,2.037113,-0.009782617,-1.911598,-0.02055722,0.9216329,-0.01601079,0.3871873,0.7788543,134.4049,357.1171,0.7064321,0.001825862,-0.7077769,0.1350738,0.001591745,-0.006534618,3.010748,-0.3744763,-3.630985,0.5795995,-0.2909529,1.915001,-0.699327,-0.05029076,-0.7130308,-0.02549406,0.9986421,-0.04543112,0.7143474,-0.01359315,-0.6996595,moving,3.9864041624958118,-14.013697296523626,16.839109587519314,-8.639081210894085,0.9736349999999998,-0.364693683,-1.719387,0.06746025605118122,-0.2416021970403734,0.9680275543389062,4.594459068225089,-12.8386468410403,13.836177056632922,13.931207227312942,12.944798871421591
435,05/05/2023 15:31:53.945972,618,True,True,True,True,Eyes,1.849889,-0.0007007463,-1.816447,0.6449826,-0.2567432,-0.7197781,0.0,0.0,0.0,0.0,0.0,0.0,0.0,0.08949101,-0.01672459,-2.804968,2.047064,-0.008766318,-1.919786,-0.02191843,0.9235064,-0.0148941,0.3826668,0.6150636,134.9694,357.0258,0.7070778,0.001631587,-0.7071323,0.1269694,0.00149624,-0.006142541,3.00711,-0.3528984,-3.65162,0.5795999,-0.2883279,1.915002,-0.7061718,-0.05188257,-0.7061375,-0.02908466,0.9985955,-0.0442845,0.7074432,-0.01073468,-0.7066889,moving,3.9084290388729763,-14.110934414016587,16.839112255403524,-8.562294724417255,0.9600459999999997,-0.344132082,-1.7318339999999999,0.0661144420588371,-0.24326669286856156,0.9677036400575598,4.515687818520996,-12.934772969233222,13.976490592600516,14.070890904674863,13.076136885676227
436,05/05/2023 15:31:53.956277,619,True,True,True,True,Eyes,1.849889,-0.0007007463,-1.816447,0.6449826,-0.2567432,-0.7197781,0.0,0.0,0.0,0.0,0.0,0.0,0.0,0.1201853,-0.01698661,-2.816714,2.056925,-0.007763577,-1.928111,-0.02239839,0.9254892,-0.01510483,0.3778092,0.6322193,135.5701,356.969,0.7077245,0.001441682,-0.7064855,0.1453694,0.0002238032,-0.02111551,3.00083,-0.3446713,-3.669722,0.5796,-0.2856782,1.915001,-0.7135171,-0.05287244,-0.69864,-0.03004546,0.9985403,-0.04488337,0.6999934,-0.01103409,-0.7140641,moving,3.323796756334946,-14.112523074196782,16.839123291861164,-8.4847631298473,0.943905,-0.336907723,-1.7416110000000002,0.056234419527495416,-0.24344117315915317,0.9682841646747666,3.9259046253209924,-12.946835130071129,14.534216508425317,14.640209470944178,13.662404724830216
437,05/05/2023 15:31:53.976152,620,True,True,True,True,Eyes,1.849889,-0.0007007463,-1.816447,0.6449826,-0.2567432,-0.7197781,0.0,0.0,0.0,0.0,0.0,0.0,0.0,0.1527795,-0.005932041,-2.827315,2.066334,-0.007299937,-1.935793,-0.02328242,0.9275844,-0.01342404,0.3726459,0.4326823,136.2141,356.9505,0.7083066,0.001270609,-0.7059023,0.1366472,0.000210375,-0.01984858,2.992359,-0.3420525,-3.687777,0.5796,-0.2829268,1.915001,-0.7211862,-0.05319766,-0.690696,-0.033188,0.9985554,-0.04225606,0.6919461,-0.00755166,-0.7219099,moving,2.7006525272625734,-14.336790644843687,16.839123291861164,-8.404218025842535,0.9260250000000001,-0.334752563,-1.751984,0.045653543609981306,-0.24736301489426518,0.9678468014654391,3.297019844180534,-13.176513075686344,15.214176733591783,15.332702744171728,14.358390084910193
438,05/05/2023 15:31:53.996092,621,True,True,True,True,Eyes,1.859284,-0.001012782,-1.822258,0.638132,-0.2553349,-0.7263551,0.0,0.0,0.0,0.0,0.0,0.0,0.0,0.1857814,-0.007303596,-2.837058,2.075359,-0.007521428,-1.943268,-0.02280816,0.9296533,-0.01367158,0.3674745,0.4960057,136.8511,356.993,0.7088299,0.001116666,-0.7053772,0.1284484,0.0001977525,-0.01865766,2.982712,-0.3324229,-3.706736,0.5796003,-0.280233,1.915001,-0.7288846,-0.05245529,-0.6826242,-0.03235945,0.9985858,-0.0421825,0.6838715,-0.008656825,-0.7295511,moving,2.6068642696949644,-14.194980009762965,16.83913151446532,-8.325326687775831,0.9073529999999996,-0.324901472,-1.7634679999999998,0.04409668380567544,-0.24498392222431759,0.9685238521621201,3.2025650463014452,-13.04005470770176,15.276366283683702,15.395137578043196,14.428603721168797
439,05/05/2023 15:31:54.005962,622,True,True,True,True,Eyes,1.868666,-0.001219428,-1.828154,0.6312091,-0.2537887,-0.7329162,0.0,0.0,0.0,0.0,0.0,0.0,0.0,0.2168912,-0.02391853,-2.846188,2.084157,-0.006098682,-1.950552,-0.02131142,0.9315236,-0.01605264,0.3627009,0.8278086,137.4305,357.0563,0.7093668,0.0009661745,-0.7048376,0.1489251,-0.0007502207,-0.03497042,2.971495,-0.3317072,-3.724298,0.5796,-0.2775975,1.915,-0.7359878,-0.05134879,-0.6750448,-0.02805956,0.9985763,-0.04536616,0.6764132,-0.01444748,-0.7363808,moving,2.5504005265158924,-13.77512156592377,16.839131587459715,-8.24811620515348,0.8873380000000002,-0.32560851799999996,-1.773746,0.04322074238950385,-0.23788922888259953,0.9703300833231348,3.146076219883562,-12.632064176720933,15.20218249786366,15.320431573228095,14.377717660217025
440,05/05/2023 15:31:54.025954,623,True,True,True,True,Eyes,1.878266,-0.00134253,-1.833911,0.6234185,-0.2503904,-0.7407118,0.0,0.0,0.0,0.0,0.0,0.0,0.0,0.2489357,-0.009497188,-2.855824,2.093354,-0.003818947,-1.95848,-0.02251014,0.9334842,-0.01353377,0.3576558,0.5251435,138.0587,357.036,0.7099135,0.0008228815,-0.7042873,0.1681359,-0.001325144,-0.05056047,2.960624,-0.3380753,-3.739504,0.5796001,-0.2749393,1.915,-0.7431515,-0.05170658,-0.6671226,-0.03234486,0.9986203,-0.04136888,0.6683412,-0.009165355,-0.7437986,moving,2.585592219979479,-13.87455979197392,16.839134328329035,-8.170205801751322,0.86727,-0.334256353,-1.7810240000000002,0.04379811981596454,-0.23956689091395264,0.9698914262390709,3.1814660235706356,-12.72829922366099,15.237389848584447,15.352625738949753,14.398198469449515
441,05/05/2023 15:31:54.046072,624,True,True,True,True,Eyes,1.88781,-0.001439855,-1.83973,0.6155267,-0.2472389,-0.7483314,0.0,0.0,0.0,0.0,0.0,0.0,0.0,0.2809819,0.01449251,-2.864518,2.102232,-0.003024073,-1.96602,-0.02400325,0.9354196,-0.00962151,0.3525927,0.06151024,138.692,357.037,0.7104743,0.0006895412,-0.7037218,0.1868472,-0.001614942,-0.06479812,2.951301,-0.3231768,-3.758257,0.5796001,-0.2722127,1.915001,-0.7502046,-0.05169117,-0.6591823,-0.03812128,0.9986626,-0.03492704,0.6601061,-0.001073556,-0.7511719,moving,2.6181412926906504,-14.150859889797214,16.839126032729293,-8.090254847982076,0.8490690000000001,-0.32015272699999997,-1.7922369999999999,0.04429592868094734,-0.244235889403667,0.9687036581646384,3.2139910135128966,-12.996872179426386,15.346266293621643,15.458568512293985,14.48168491333473
442,05/05/2023 15:31:54.056681,625,True,True,True,True,Eyes,1.897009,-0.001498072,-1.845825,0.6075906,-0.244508,-0.7556782,0.0,0.0,0.0,0.0,0.0,0.0,0.0,0.3113716,0.004132636,-2.872464,2.110516,-0.002468302,-1.973254,-0.02263347,0.9371823,-0.01099031,0.3479315,0.2778887,139.2579,357.1299,0.7110456,0.0005660051,-0.7031447,0.2042702,-0.001810022,-0.07836604,2.941791,-0.3042008,-3.777163,0.5796001,-0.2695211,1.915001,-0.7568629,-0.05007111,-0.6516529,-0.03477562,0.9987339,-0.03634964,0.652648,-0.004850057,-0.757646,moving,2.644815780805266,-13.77433347123201,16.839126032729293,-8.011303220074714,0.8312749999999998,-0.301732498,-1.8039089999999998,0.04481999436127315,-0.23785913393006844,0.970265036852866,3.241323918873735,-12.629598401877514,15.209915372699719,15.319626666587853,14.360671039816964
443,05/05/2023 15:31:54.076521,626,True,True,True,True,Eyes,1.906139,-0.001496513,-1.851966,0.5995883,-0.241925,-0.7628671,0.0,0.0,0.0,0.0,0.0,0.0,0.0,0.3407409,-0.008178756,-2.879989,2.118587,-0.0008784505,-1.980429,-0.02090582,0.9388583,-0.01232769,0.3434474,0.5035105,139.8015,357.2645,0.7116133,0.000452952,-0.7025702,0.2196096,-0.001876069,-0.09194995,2.930939,-0.3072829,-3.792145,0.5796,-0.2668434,1.915001,-0.7632135,-0.04772303,-0.6443814,-0.03078739,0.998822,-0.037508,0.6454123,-0.008787801,-0.7637837,moving,2.681240443821624,-13.39872199875558,16.839123291861164,-7.932728916479952,0.8123519999999997,-0.3064044495,-1.811716,0.04550878440990175,-0.23148612825953685,0.9717732093185332,3.2784918443371645,-12.26304056497181,15.069370463035806,15.176387156181052,14.235249356040136
444,05/05/2023 15:31:54.096213,627,True,True,True,True,Eyes,2.131634,0.000323317,-2.007014,0.3812073,-0.1821908,-0.9063595,0.0,0.0,0.0,0.0,0.0,0.0,0.0,0.3689826,-0.01499473,-2.887077,2.1262,0.0005551409,-1.987678,-0.01950557,0.94047,-0.01276987,0.3390762,0.6183252,140.3335,357.4007,0.712176,0.0003514556,-0.702,0.2338245,-0.00175883,-0.1048565,2.920327,-0.3092385,-3.806649,0.5796,-0.2641824,1.915,-0.7692937,-0.04534873,-0.6372837,-0.0280289,0.9989129,-0.0372471,0.6382801,-0.0107916,-0.7697285,moving,17.240089852258446,-9.566499345633181,16.839131587459715,-7.854618945713964,0.794127,-0.3097936409,-1.8189710000000001,0.29260996256700766,-0.15891829231387253,0.9429339439180014,17.969877834805324,-8.268032714149012,1.6701464074987378,1.7582098946763969,1.2039510039108088
445,05/05/2023 15:31:54.106132,628,True,True,True,True,Eyes,2.131938,0.0004214293,-2.007309,0.3808661,-0.1822167,-0.9064978,0.0,0.0,0.0,0.0,0.0,0.0,0.0,0.3978111,-0.03116108,-2.893417,2.133662,0.002505974,-1.994633,-0.01850424,0.9420348,-0.01510564,0.3346643,0.9210491,140.8634,357.422,0.71617,0.0003892139,-0.6979249,0.8962778,0.003806191,-0.5637091,2.909951,-0.3075457,-3.821339,0.5796,-0.261435,1.915,-0.7753152,-0.04497391,-0.6299716,-0.02475265,0.9988589,-0.04084548,0.6310897,-0.01607465,-0.7755436,moving,16.70348117389399,-9.267232313082125,16.839131587459715,-7.7739377617510135,0.7762889999999998,-0.310051674,-1.826706,0.2839716927887785,-0.1544098590977723,0.9463180471707288,17.428879586871492,-7.9861519393792175,1.4443985131774595,1.499443113871193,0.6267675486148024
446,05/05/2023 15:31:54.126115,629,True,True,True,True,Eyes,2.132576,0.0005726753,-2.007852,0.3802939,-0.1818728,-0.9068069,0.0,0.0,0.0,0.0,0.0,0.0,0.0,0.4274297,-0.03177346,-2.900001,2.141398,0.004977877,-2.002024,-0.01952885,0.9436253,-0.01539186,0.3300804,0.9257171,141.4185,357.3048,0.7192974,0.0004143987,-0.6947014,0.8425011,0.00357782,-0.5298866,2.899227,-0.3126314,-3.834368,0.5796001,-0.2585826,1.915,-0.7813312,-0.04701694,-0.6223432,-0.02669474,0.9987634,-0.04194047,0.6235455,-0.01615611,-0.7816201,moving,16.205296647524335,-9.205183135971588,16.839134328329035,-7.690140278368488,0.7578290000000001,-0.317609277,-1.832344,0.27576077132466326,-0.15376783157756346,0.9488473905823954,16.92637710884193,-7.934666405148953,1.6086696521668902,1.6422865358950145,0.2596234377514425
447,05/05/2023 15:31:54.145898,630,True,True,True,True,Eyes,2.133467,0.0007329613,-2.008648,0.3793915,-0.1816088,-0.9072378,0.0,0.0,0.0,0.0,0.0,0.0,0.0,0.4586848,-0.01589353,-2.906046,2.149143,0.006284688,-2.009202,-0.02154097,0.9453042,-0.01327673,0.3252073,0.6354538,142.0154,357.1705,0.7217268,0.0004319433,-0.6921772,0.7919511,0.00336315,-0.4980934,2.889466,-0.3090251,-3.848794,0.5795999,-0.2561298,1.915001,-0.7875524,-0.04936092,-0.6142677,-0.03209016,0.9987195,-0.03911166,0.6154117,-0.01109053,-0.7881279,moving,15.71578713149363,-9.441685204021539,16.83912055099295,-7.618051776439582,0.7403230000000001,-0.315309788,-1.8395919999999997,0.26746047056950883,-0.15806739838607956,0.9505154846233297,16.4322902625206,-8.17385920388699,2.1154638418646767,2.1418489324782795,0.6887908100607901
448,05/05/2023 15:31:54.156004,631,True,True,True,True,Eyes,2.134645,0.0009276443,-2.009657,0.3782718,-0.1815912,-0.9077086,0.0,0.0,0.0,0.0,0.0,0.0,0.0,0.4879907,-0.01982065,-2.911271,2.156232,0.006676747,-2.016096,-0.0213592,0.9468422,-0.01398794,0.320684,0.7328116,142.5607,357.1671,0.723595,0.0004447208,-0.690224,0.744434,0.003161361,-0.4682078,2.879328,-0.2967899,-3.864579,0.5795995,-0.2535514,1.915001,-0.7934113,-0.04941899,-0.6066765,-0.03147617,0.9986963,-0.04018784,0.6078717,-0.01278963,-0.7939324,moving,15.235340788375687,-9.343040775075389,16.839109587519314,-7.542249865467832,0.723096,-0.303466647,-1.8484829999999999,0.25953454096561684,-0.15678214395221915,0.952922348615118,15.94772335506128,-8.08640530478454,2.3984793798467674,2.411414991500178,1.0443536554030384
449,05/05/2023 15:31:54.176086,632,True,True,True,True,Eyes,2.136045,0.001160995,-2.010909,0.3768344,-0.181634,-0.9082978,0.0,0.0,0.0,0.0,0.0,0.0,0.0,0.5162407,-0.03573156,-2.916203,2.163087,0.00762574,-2.023119,-0.01996257,0.9482935,-0.01622466,0.3163511,1.039466,143.0775,357.2411,0.7250144,0.0004558306,-0.6887329,0.6997679,0.00297168,-0.4401153,2.868341,-0.2969865,-3.878025,0.5796001,-0.2508549,1.915,-0.7990473,-0.04812612,-0.5993394,-0.02759537,0.9986765,-0.04340184,0.6006349,-0.01814112,-0.7993179,moving,14.772934186951124,-9.059067862560415,16.839134328329035,-7.462951392965583,0.705254,-0.30461224,-1.8549060000000002,0.252011608469508,-0.15237070798201194,0.9556533288854658,15.481563514251897,-7.818088812381168,2.6086464757487704,2.610894637617912,1.4032537553497664
450,05/05/2023 15:31:54.196182,633,True,True,True,True,Eyes,2.13766,0.001437076,-2.012393,0.3752596,-0.1817643,-0.9089235,0.0,0.0,0.0,0.0,0.0,0.0,0.0,0.5453923,-0.04248957,-2.920787,2.169902,0.008792726,-2.030198,-0.01887856,0.9497977,-0.01681807,0.3118417,1.155923,143.6207,357.3428,0.7260756,0.000467995,-0.687614,0.6577818,0.002793379,-0.4137084,2.85702,-0.302737,-3.890424,0.5796003,-0.2480569,1.915001,-0.8047967,-0.04635078,-0.5917379,-0.02537247,0.9987215,-0.04372177,0.5930079,-0.02017329,-0.8049439,moving,14.306384315967753,-8.977117614782976,16.83913151446532,-7.380629757112258,0.6871179999999999,-0.31152972599999995,-1.860226,0.24426174972627263,-0.15131343809451897,0.9578310905747298,15.010996695408748,-7.746647659672972,2.9948034357178255,2.993924155884265,1.8644157319766275
451,05/05/2023 15:31:54.205894,634,True,True,True,True,Eyes,2.139462,0.001748821,-2.014111,0.3733256,-0.1818844,-0.9096955,0.0,0.0,0.0,0.0,0.0,0.0,0.0,0.5776416,-0.04668177,-2.924482,2.176544,0.01008809,-2.0374,-0.01833187,0.9514423,-0.01719229,0.3067997,1.230036,144.2274,357.3954,0.726852,0.0004836065,-0.6867933,0.6183149,0.002625776,-0.3888859,2.845282,-0.3019128,-3.903903,0.5796002,-0.2455226,1.915001,-0.8110759,-0.0454326,-0.583174,-0.02433425,0.9987367,-0.04396337,0.5844347,-0.02146653,-0.8111567,moving,13.810222941470528,-8.924164259044975,16.83912877359735,-7.3060436247085105,0.6687380000000003,-0.31200089,-1.8665030000000002,0.2359788954023534,-0.15074595795171014,0.959994509559756,14.510524957918927,-7.7039864536229175,3.4360058017344293,3.4340333322723167,2.362362001361457
452,05/05/2023 15:31:54.225943,635,True,True,True,True,Eyes,2.14147,0.002079116,-2.016055,0.3711831,-0.1817511,-0.9105985,0.0,0.0,0.0,0.0,0.0,0.0,0.0,0.6126807,-0.04544264,-2.927263,2.182961,0.0112548,-2.044717,-0.01855172,0.9532104,-0.01698562,0.3012601,1.214988,144.8942,357.3857,0.7274031,0.0005044314,-0.6862096,0.581216,0.00246823,-0.3655528,2.831547,-0.2999222,-3.918095,0.5795996,-0.242876,1.915,-0.8177966,-0.04560157,-0.5736983,-0.02513321,0.9987346,-0.04355953,0.5749587,-0.02120394,-0.8179079,moving,13.28446063876628,-8.930878014608345,16.839120623981625,-7.228129581965331,0.6485859999999999,-0.31117700000000004,-1.8733780000000002,0.2271445151205344,-0.15118491508789972,0.9620542993924992,13.980124475144633,-7.719982465607318,3.9432840963309723,3.9414413398348827,2.9009960769038776
453,05/05/2023 15:31:54.246008,636,True,True,True,True,Eyes,2.143661,0.002398853,-2.018224,0.368637,-0.1815671,-0.9116688,0.0,0.0,0.0,0.0,0.0,0.0,0.0,0.6513817,-0.03380328,-2.929375,2.189633,0.01197115,-2.052326,-0.01965544,0.9551377,-0.01539516,0.2951083,1.020378,145.6371,357.3267,0.7277765,0.0005312727,-0.6858137,0.5463431,0.002320136,-0.3436196,2.816048,-0.2956672,-3.933063,0.5796001,-0.2401896,1.915001,-0.8250498,-0.04663376,-0.5631327,-0.02846082,0.9987533,-0.04100994,0.5643431,-0.01780802,-0.8253484,moving,12.730057698381295,-9.104797870396013,16.839126032729293,-7.149008834596861,0.6264149999999997,-0.30763835,-1.8807370000000003,0.21771394034164948,-0.1544449586964018,0.9637153342035338,13.420643045210253,-7.8993777675377554,4.552414515410707,4.550775025080191,3.499868493455141
454,05/05/2023 15:31:54.255999,637,True,True,True,True,Eyes,2.146053,0.002707518,-2.020589,0.3659084,-0.181655,-0.9127499,0.0,0.0,0.0,0.0,0.0,0.0,0.0,0.6924976,-0.02622453,-2.930384,2.196372,0.01202598,-2.059901,-0.02034418,0.9571252,-0.01450047,0.2885956,0.9176336,146.4197,357.2878,0.7280124,0.000563965,-0.6855624,0.5135625,0.002180928,-0.3230024,2.798912,-0.2864048,-3.949519,0.5796002,-0.2375408,1.915001,-0.8325976,-0.0473134,-0.5518542,-0.03057431,0.9987517,-0.03950001,0.5530342,-0.01601505,-0.8330049,moving,12.136285620074647,-9.209824211659045,16.83912877359735,-7.070972334160353,0.6025399999999999,-0.29843078,-1.889618,0.20764511676110742,-0.15656201086825303,0.9655939718140978,12.821523220540467,-8.012368351461568,5.167198636589144,5.166374074775755,4.12642470443168
455,05/05/2023 15:31:54.276104,638,True,True,True,True,Eyes,2.148585,0.002981755,-2.023165,0.3627666,-0.1818202,-0.9139704,0.0,0.0,0.0,0.0,0.0,0.0,0.0,0.733539,-0.02845455,-2.930552,2.202876,0.0120213,-2.067416,-0.02023401,0.9590502,-0.01504127,0.2821122,0.9989529,147.193,357.2886,0.7281424,0.0006019619,-0.6854242,0.4827487,0.002050072,-0.3036222,2.780041,-0.2806691,-3.965683,0.5796006,-0.2348966,1.915002,-0.8400068,-0.0472975,-0.5405108,-0.0303242,0.9987287,-0.04026717,0.5417281,-0.01743414,-0.8403731,moving,11.556254688475496,-9.14476043575812,16.839131441471,-6.993041431038953,0.5771650000000004,-0.2926904,-1.8982669999999997,0.1978840824498188,-0.15578664918422847,0.9677667555401473,12.236456869107755,-7.959418140125109,5.702942523013508,5.704268705330242,4.703030635977547
456,05/05/2023 15:31:54.296263,639,True,True,True,True,Eyes,2.151285,0.003222715,-2.025905,0.3594505,-0.1821236,-0.9152193,0.0,0.0,0.0,0.0,0.0,0.0,0.0,0.7756451,-0.03229528,-2.92962,2.20892,0.01148541,-2.07506,-0.01986528,0.9609966,-0.01584266,0.2753908,1.1178,147.9926,357.3109,0.7281906,0.0006439611,-0.6853731,0.4537838,0.001927068,-0.2854049,2.760458,-0.2806552,-3.980662,0.5796001,-0.2321717,1.915001,-0.8475308,-0.04690677,-0.5286698,-0.02945508,0.9987088,-0.0413909,0.5299286,-0.01950805,-0.8478181,moving,10.954581876059764,-9.055617703324714,16.839126032729293,-6.9127122374084005,0.5515379999999999,-0.29214060999999997,-1.905602,0.18774626325920257,-0.15459432109092444,0.9699752425904187,11.629585108747232,-7.883400587771225,6.258132797576883,6.2625796416211355,5.299203007261938
457,05/05/2023 15:31:54.305971,640,True,True,True,True,Eyes,2.154111,0.003444036,-2.02884,0.3556917,-0.1826334,-0.9165853,0.0,0.0,0.0,0.0,0.0,0.0,0.0,0.8197122,-0.04637226,-2.926909,2.214595,0.0108902,-2.082385,-0.01906319,0.9629546,-0.01836809,0.2683612,1.440775,148.8217,357.3298,0.7281777,0.0006887353,-0.6853869,0.4265568,0.001811444,-0.2682806,2.739258,-0.2820429,-3.995559,0.5796002,-0.2292792,1.915,-0.8552378,-0.04657253,-0.516139,-0.0268554,0.9985984,-0.04560691,0.5175396,-0.02514363,-0.8552898,moving,10.336185341992838,-8.77451869830998,16.839137069198276,-6.827412056741264,0.5246629999999999,-0.2929331,-1.9131740000000002,0.17739011095376683,-0.15012704490283935,0.972622627407512,11.006058228309204,-7.620689184927361,6.77814999894185,6.788196037240321,5.886773086006542
458,05/05/2023 15:31:54.325991,641,True,True,True,True,Eyes,2.157053,0.003649735,-2.031968,0.3518952,-0.1831009,-0.9179564,0.0,0.0,0.0,0.0,0.0,0.0,0.0,0.8659467,-0.05969081,-2.923311,2.220604,0.01068887,-2.089971,-0.01862388,0.964933,-0.02089792,0.2609995,1.754014,149.688,357.3134,0.7281555,0.0007362489,-0.6854104,0.4009634,0.001702757,-0.2521838,2.716081,-0.2908335,-4.009072,0.5796005,-0.2268983,1.915001,-0.8630648,-0.04685029,-0.5029158,-0.02503291,0.9984329,-0.05005182,0.5044726,-0.03060852,-0.862885,moving,9.690167129582047,-8.49599959950388,16.839136996201027,-6.757169741458326,0.49547700000000017,-0.30152237000000004,-1.919101,0.16652460689539533,-0.14567751237118978,0.9752167663409432,10.35466349112902,-7.360987777030109,7.340552759524851,7.357397598951475,6.512525843178098
459,05/05/2023 15:31:54.346069,642,True,True,True,True,Eyes,2.160094,0.003825431,-2.035278,0.347691,-0.1836592,-0.9194456,0.0,0.0,0.0,0.0,0.0,0.0,0.0,0.9117529,-0.06254904,-2.919342,2.226567,0.01055733,-2.097629,-0.01895779,0.9668591,-0.02187859,0.2536643,1.873287,150.5537,357.2611,0.7281296,0.000785784,-0.685438,0.3769056,0.001600592,-0.2370528,2.692049,-0.2989097,-4.022666,0.5796002,-0.2241801,1.915,-0.8705903,-0.04775865,-0.4896856,-0.02555939,0.9983239,-0.05192485,0.4913447,-0.0326892,-0.8703517,moving,9.08921293136532,-8.412242451426437,16.839137069198276,-6.676958805775376,0.46548199999999973,-0.30946703,-1.925037,0.15631430134583685,-0.14449605632708698,0.9770806893423294,9.748510616913643,-7.2902036793076554,7.920745836489257,7.941821798115966,7.117095809440265
460,05/05/2023 15:31:54.356352,643,True,True,True,True,Eyes,2.163226,0.003967038,-2.038778,0.3435533,-0.1842356,-0.9208845,0.0,0.0,0.0,0.0,0.0,0.0,0.0,0.9574034,-0.06501823,-2.914471,2.23217,0.01003855,-2.105305,-0.01953485,0.9687237,-0.02302253,0.2462984,2.004738,151.4202,357.1788,0.7280987,0.0008360995,-0.6854708,0.3542912,0.001504556,-0.2228296,2.668559,-0.3008299,-4.036674,0.5795997,-0.2214777,1.915001,-0.877911,-0.04918856,-0.4762906,-0.02650691,0.9981768,-0.05422774,0.4780895,-0.03498214,-0.8776141,moving,8.486705860983253,-8.315258973499521,16.83911506925629,-6.597181146233004,0.43638900000000014,-0.31086844999999996,-1.9313689999999997,0.14606172993566624,-0.14306874012447968,0.9788754748362503,9.140806069456092,-7.206563051542281,8.501777834031683,8.527281571696168,7.722390029189351
461,05/05/2023 15:31:54.385090,644,True,True,True,True,Eyes,2.166457,0.004068397,-2.042456,0.3390449,-0.1848392,-0.9224332,0.0,0.0,0.0,0.0,0.0,0.0,0.0,1.002477,-0.06440161,-2.909491,2.238076,0.009429399,-2.113095,-0.02016799,0.9705099,-0.02363455,0.2390503,2.076441,152.2729,357.1065,0.7280617,0.0008859443,-0.6855101,0.3330338,0.001414283,-0.2094598,2.644675,-0.3038789,-4.050129,0.5796002,-0.2188159,1.915001,-0.8848966,-0.05044615,-0.4630481,-0.02784678,0.9980693,-0.05551745,0.4649547,-0.0362328,-0.884593,moving,7.923265778719254,-8.28282673117306,16.83912877359735,-6.518580319019095,0.40659899999999993,-0.313308299,-1.9370340000000001,0.13643577060439033,-0.14271248956258298,0.9803154636938693,8.572439989561097,-7.1851025353556155,9.059843205461735,9.088739095509052,8.293515256933029
462,05/05/2023 15:31:54.396252,645,True,True,True,True,Eyes,2.166457,0.004068397,-2.042456,0.3390449,-0.1848392,-0.9224332,0.0,0.0,0.0,0.0,0.0,0.0,0.0,1.046864,-0.06005443,-2.904145,2.243819,0.008439964,-2.121035,-0.02139018,0.9722168,-0.02399292,0.2318654,2.105139,153.1165,356.976,0.7280178,0.0009339904,-0.6855567,0.3130517,0.001329426,-0.1968922,2.621596,-0.3048636,-4.063476,0.5795999,-0.2160858,1.915001,-0.8915619,-0.05271804,-0.4498203,-0.03046553,0.9979336,-0.05657192,0.4518732,-0.03673334,-0.8913257,moving,7.103255177988566,-8.261015655586323,16.83912055099295,-6.437937043600033,0.37777700000000003,-0.31330356400000003,-1.9424409999999996,0.12239407287408671,-0.14260261991683487,0.9821833669193535,7.745231711579622,-7.178603052013044,9.870707278960879,9.90508405753064,9.124001334920152
463,05/05/2023 15:31:54.406169,646,True,True,True,True,Eyes,2.166457,0.004068397,-2.042456,0.3390449,-0.1848392,-0.9224332,0.0,0.0,0.0,0.0,0.0,0.0,0.0,1.092186,-0.05996699,-2.897848,2.24973,0.007952831,-2.129001,-0.02249878,0.9738786,-0.02503447,0.2245612,2.215399,153.9698,356.841,0.7279783,0.0009772319,-0.6855986,0.2942686,0.00124966,-0.1850787,2.5989,-0.3051646,-4.076582,0.5796004,-0.2131452,1.915001,-0.8981321,-0.05506568,-0.436264,-0.03257861,0.9977341,-0.05886576,0.438517,-0.03865636,-0.897891,moving,6.268573662015291,-8.163495926537983,16.839134255333214,-6.35104724291417,0.34917,-0.313117431,-1.947581,0.10809568249530221,-0.14116626122173662,0.984066762294836,6.903308455135464,-7.098615672549124,10.68424282144851,10.724818016534146,9.963909518299637
464,05/05/2023 15:31:54.425834,647,True,True,True,True,Eyes,2.166457,0.004068397,-2.042456,0.3390449,-0.1848392,-0.9224332,0.0,0.0,0.0,0.0,0.0,0.0,0.0,1.13937,-0.052253,-2.890647,2.255697,0.007732037,-2.137405,-0.02397743,0.9755868,-0.02482851,0.2168856,2.180287,154.8696,356.6982,0.7279427,0.001016149,-0.6856363,0.2766125,0.001174681,-0.173974,2.575792,-0.3080558,-4.088927,0.5795998,-0.2105426,1.915,-0.9047717,-0.05755401,-0.4219907,-0.03601423,0.9976172,-0.05884545,0.424372,-0.03804401,-0.9046887,moving,5.399304525916163,-8.218563709340089,16.83912610572083,-6.274123536182799,0.3200949999999998,-0.315787837,-1.9515219999999998,0.0931382828586941,-0.14232823448870208,0.9854277834871273,6.02632133295684,-7.167893808999472,11.557811879848659,11.603894405101785,10.849680748965774
465,05/05/2023 15:31:54.445974,648,True,True,True,True,Eyes,2.166457,0.004068397,-2.042456,0.3390449,-0.1848392,-0.9224332,0.0,0.0,0.0,0.0,0.0,0.0,0.0,1.186607,-0.03865641,-2.882733,2.261713,0.007079231,-2.145758,-0.02544441,0.977263,-0.02358554,0.2091733,2.031788,155.7768,356.5811,0.7279107,0.001051175,-0.6856703,0.2600158,0.0011042,-0.1635355,2.551454,-0.3059832,-4.102229,0.5795999,-0.2079983,1.915,-0.9111986,-0.05959869,-0.4076343,-0.03986483,0.9975926,-0.05674313,0.4100348,-0.03545397,-0.9113808,moving,4.5273709790655134,-8.396023942880262,16.83912884659031,-6.198897794832496,0.28974100000000025,-0.31306243100000003,-1.9564710000000005,0.07809452252254709,-0.14556844222644166,0.9862611503626371,5.146508677393726,-7.35644873982563,12.454994488026063,12.506268232330296,11.749778321796427
466,05/05/2023 15:31:54.456206,649,True,True,True,True,Eyes,2.170831,0.004049011,-2.047618,0.3318817,-0.1848864,-0.9250252,0.0,0.0,0.0,0.0,0.0,0.0,0.0,1.234205,-0.0335881,-2.874028,2.267973,0.006207839,-2.154224,-0.02598752,0.9788728,-0.02343055,0.2014541,2.028722,156.6803,356.5398,0.7278818,0.001082698,-0.6857009,0.2444148,0.001037948,-0.1537234,2.526988,-0.3002887,-4.115661,0.5796005,-0.2054247,1.915001,-0.9174819,-0.06031731,-0.3931781,-0.04143659,0.9975513,-0.05634165,0.3956137,-0.03540048,-0.9177346,moving,4.07825115216277,-8.420162278000932,16.839136996201027,-6.122780753139034,0.2590149999999998,-0.306496539,-1.961437,0.07035603976422064,-0.14606828267041305,0.9867695520238257,4.693406098166325,-7.388040535631385,12.912391326519018,12.966039078891932,12.211456152509719
467,05/05/2023 15:31:54.476109,650,True,True,True,True,Eyes,2.175279,0.004003766,-2.052918,0.3244241,-0.1849856,-0.9276472,0.0,0.0,0.0,0.0,0.0,0.0,0.0,1.280395,-0.03422728,-2.864924,2.274045,0.005455229,-2.162651,-0.0256325,0.9803862,-0.0237325,0.193966,2.096942,157.5551,356.5885,0.7278386,0.001110111,-0.6857468,0.2297499,0.0009756709,-0.1445,2.502201,-0.2987667,-4.128151,0.5796002,-0.2027191,1.915001,-0.9234405,-0.0594661,-0.3791065,-0.04105291,0.9975595,-0.0564777,0.3815398,-0.03659036,-0.9236281,moving,3.6561970164633806,-8.380810327322154,16.83912877359735,-6.0427396509983735,0.2281559999999998,-0.304221929,-1.9655,0.0630911216400172,-0.1454613193052773,0.9873502476285622,4.2676789981885825,-7.357296355585127,13.332690304331708,13.388661777815452,12.63999243612112
468,05/05/2023 15:31:54.495985,651,True,True,True,True,Eyes,2.179874,0.003954722,-2.058328,0.3168295,-0.1845703,-0.930351,0.0,0.0,0.0,0.0,0.0,0.0,0.0,1.325618,-0.03823806,-2.855802,2.280377,0.004800249,-2.171218,-0.0245716,0.9818159,-0.02415643,0.1866821,2.192681,158.4057,356.7145,0.7277812,0.001132959,-0.6858077,0.2159649,0.0009171306,-0.13583,2.477684,-0.2987272,-4.139826,0.5796003,-0.2001337,1.915001,-0.929092,-0.05726872,-0.3653878,-0.03923043,0.9976254,-0.05660848,0.3677621,-0.03826017,-0.9291325,moving,3.2524619672796056,-8.286493947544587,16.83913151446532,-5.966232355059011,0.1973069999999999,-0.303527449,-1.9686080000000001,0.05614523547318759,-0.14389561117754246,0.9879989253692749,3.860494148313397,-7.272678988723333,13.725046183615053,13.783366905150109,13.044225952071198
469,05/05/2023 15:31:54.506257,652,True,True,True,True,Eyes,2.18455,0.003910613,-2.06387,0.309047,-0.1841376,-0.9330505,0.0,0.0,0.0,0.0,0.0,0.0,0.0,1.369576,-0.04095916,-2.846586,2.286575,0.004453101,-2.179913,-0.02334353,0.9831717,-0.02412001,0.1795739,2.237651,159.2372,356.8698,0.7277117,0.001151571,-0.6858814,0.203007,0.0008621028,-0.1276802,2.453883,-0.2985898,-4.151112,0.5796008,-0.1973976,1.915001,-0.9344167,-0.05456404,-0.3519778,-0.03723875,0.9977466,-0.055812,0.35423,-0.03904444,-0.9343429,moving,2.8773876953567443,-8.240746295118388,16.839145218803996,-5.885242279193957,0.1673079999999998,-0.30304290100000003,-1.9711990000000004,0.04968174185548857,-0.14315577785315223,0.9884523697611703,3.4821678785640042,-7.234859492721352,14.09898783325001,14.159063256888572,13.424988278979392
470,05/05/2023 15:31:54.525937,653,True,True,True,True,Eyes,2.189358,0.003867319,-2.069523,0.3013972,-0.183368,-0.9357008,0.0,0.0,0.0,0.0,0.0,0.0,0.0,1.408256,-0.03915646,-2.83975,2.293284,0.004522352,-2.188544,-0.02272321,0.984301,-0.02350722,0.1734439,2.200353,159.9547,356.9661,0.7276304,0.001166537,-0.6859676,0.1908266,0.0008103766,-0.1200194,2.43058,-0.2960026,-4.16233,0.5796001,-0.1944986,1.914999,-0.9388019,-0.05288733,-0.3403736,-0.03657859,0.9978622,-0.05415877,0.3425103,-0.03839396,-0.9387295,moving,2.6196373721606614,-8.24875518726046,16.839142623936713,-5.799410536582858,0.13729600000000008,-0.300524952,-1.973786,0.04523349911403368,-0.14332427555744962,0.988641575752463,3.222138422718312,-7.247296991210867,14.368406433129651,14.428916065425348,13.693764223232954
471,05/05/2023 15:31:54.546168,654,True,True,True,True,Eyes,2.19426,0.003810495,-2.075301,0.2937839,-0.1825106,-0.9382862,0.0,0.0,0.0,0.0,0.0,0.0,0.0,1.438416,-0.02763082,-2.837062,2.300286,0.00435672,-2.197132,-0.02327725,0.9851325,-0.02184159,0.1688057,2.015797,160.4995,356.9464,0.7275388,0.001178252,-0.6860646,0.179377,0.000761754,-0.1128182,2.412087,-0.2913071,-4.17309,0.5795996,-0.1920621,1.915,-0.9419259,-0.05323633,-0.3315751,-0.03848839,0.9979622,-0.05089238,0.3336088,-0.03517505,-0.9420555,moving,2.5551838496287016,-8.385707683862416,16.839120623981625,-5.727243873388687,0.11180100000000026,-0.29566381999999997,-1.9759580000000003,0.04410589113071291,-0.14569433991977535,0.9883460536699261,3.1569631967665304,-7.381868758446313,14.469872737802708,14.529221576027751,13.781843685565049
472,05/05/2023 15:31:54.556221,655,True,True,True,True,Eyes,2.199289,0.003752068,-2.081192,0.2863765,-0.1813773,-0.9407927,0.0,0.0,0.0,0.0,0.0,0.0,0.0,1.461344,-0.01627962,-2.838085,2.307505,0.003945894,-2.205882,-0.0238853,0.9857197,-0.02025741,0.1654573,1.835626,160.8935,356.9149,0.7274375,0.001186593,-0.6861719,0.1686144,0.0007160488,-0.1060491,2.400495,-0.2828446,-4.183711,0.5796006,-0.1893712,1.915001,-0.9441071,-0.05379188,-0.3252213,-0.04038493,0.9980382,-0.04784023,0.3271567,-0.03203224,-0.9444273,moving,2.6281899586718205,-8.495459549066819,16.839139737068763,-5.647521349176086,0.0929899999999999,-0.286790494,-1.9778289999999998,0.045352392298726785,-0.14757903712106504,0.9880099783888983,3.2304888650370485,-7.487470770472665,14.436658426664037,14.493510464843117,13.732472189295674
473,05/05/2023 15:31:54.576276,656,True,True,True,True,Eyes,2.327167,0.002138888,-2.231927,0.09799737,-0.1447112,-0.9846091,0.0,0.0,0.0,0.0,0.0,0.0,0.0,1.481324,-0.007165439,-2.840427,2.314587,0.003705629,-2.214739,-0.02426893,0.9862104,-0.01889845,0.1626132,1.683752,161.2283,356.9023,0.7273276,0.00119185,-0.6862882,0.1584975,0.0006730859,-0.09968618,2.394346,-0.2749187,-4.194027,0.5796008,-0.1867113,1.915003,-0.9459363,-0.0540148,-0.3198243,-0.04172226,0.9981077,-0.04516858,0.3216588,-0.02938279,-0.9463999,moving,13.372128642160474,-6.1377729515437585,16.839128627611643,-5.568692843740281,0.07975900000000014,-0.278624329,-1.9792880000000004,0.23001925294672473,-0.10405263888902985,0.9676074035212973,14.071706042465841,-4.997496321333692,3.509210448470814,3.5133945221418026,2.8257553383094676
474,05/05/2023 15:31:54.596351,657,True,True,True,True,Eyes,2.327494,0.002140461,-2.232295,0.09778886,-0.1442689,-0.9846948,0.0,0.0,0.0,0.0,0.0,0.0,0.0,1.499682,0.00920891,-2.843957,2.321822,0.003442893,-2.22404,-0.02419755,0.9866884,-0.01578289,0.160035,1.340883,161.539,356.9724,0.7266603,0.001109499,-0.6869949,0.5326223,-0.004206839,-0.545909,2.389975,-0.2675098,-4.204155,0.5796004,-0.1839886,1.915001,-0.9476065,-0.05280252,-0.3150456,-0.04269926,0.9983308,-0.0388905,0.3165732,-0.02340068,-0.9482794,moving,13.09396108968781,-6.477058395153023,16.839134255333214,-5.487992995989001,0.06815300000000013,-0.270952693,-1.980115,0.2251761602584792,-0.10990831358885735,0.9680991092081692,13.7907069435918,-5.333014803492127,3.872809910821203,3.873573596111723,3.0523642173109975
475,05/05/2023 15:31:54.606091,658,True,True,True,True,Eyes,2.328091,0.002138378,-2.233047,0.09733216,-0.1435862,-0.9848398,0.0,0.0,0.0,0.0,0.0,0.0,0.0,1.518798,0.02738021,-2.846826,2.328778,0.003286337,-2.233538,-0.0241228,0.9871834,-0.0123103,0.1572757,0.9578684,161.871,357.0476,0.7260848,0.001042577,-0.6876032,0.5006649,-0.003954429,-0.5131545,2.38657,-0.2530068,-4.215543,0.5796003,-0.1813357,1.915,-0.9493651,-0.05149947,-0.309926,-0.04375503,0.9985331,-0.0318929,0.3111139,-0.01671718,-0.9502259,moving,12.81013062228354,-6.843049457694948,16.83913981006744,-5.4093381522790605,0.057792000000000066,-0.25629313699999995,-1.9820050000000005,0.22021828941557223,-0.11622494368113898,0.9685017528832568,13.503965017841903,-5.694650470153768,4.277342319123008,4.276498935171669,3.347356272258406
476,05/05/2023 15:31:54.625952,659,True,True,True,True,Eyes,2.328972,0.002182405,-2.234159,0.09659596,-0.1427355,-0.985036,0.0,0.0,0.0,0.0,0.0,0.0,0.0,1.540537,0.04551673,-2.848531,2.335888,0.003140501,-2.243451,-0.02416783,0.9877225,-0.008960159,0.1540779,0.5874549,162.2526,357.105,0.7255859,0.000988195,-0.6881298,0.470625,-0.003717163,-0.4823652,2.382121,-0.2368479,-4.22716,0.5796003,-0.1785336,1.915001,-0.9513518,-0.05050335,-0.3039393,-0.04498109,0.9986713,-0.02514776,0.3048055,-0.01025284,-0.9523595,moving,12.493102663409205,-7.182793226087617,16.83913151446532,-5.326231751585571,0.04623299999999997,-0.239988401,-1.9837089999999997,0.2147030177433207,-0.12211938895670876,0.9690147536324318,13.18376273571285,-6.031314331655271,4.7269814338940455,4.725969454283145,3.722749300368755
477,05/05/2023 15:31:54.646260,660,True,True,True,True,Eyes,2.3301,0.00220325,-2.235656,0.09550335,-0.1414582,-0.9853266,0.0,0.0,0.0,0.0,0.0,0.0,0.0,1.565085,0.05545357,-2.848433,2.34273,0.00415871,-2.253382,-0.02445339,0.9882973,-0.007182677,0.1503956,0.3920138,162.6847,357.1056,0.72515,0.0009453697,-0.6885893,0.4423876,-0.003494133,-0.4534233,2.376104,-0.2215298,-4.238957,0.5795999,-0.1759982,1.915001,-0.9535665,-0.05049492,-0.2969199,-0.04617395,0.9987009,-0.0215526,0.2976224,-0.006841877,-0.9546593,moving,12.138281932368583,-7.310604431366682,16.83912055099295,-5.251018461243597,0.03337400000000024,-0.22568851,-1.9855749999999999,0.208637177488306,-0.12444784025525625,0.9700428259110716,12.82567318575108,-6.162203320453491,5.133104520552157,5.132229348604569,4.115582291878058
478,05/05/2023 15:31:54.656865,661,True,True,True,True,Eyes,2.331463,0.002178568,-2.237463,0.09389093,-0.1403887,-0.9856346,0.0,0.0,0.0,0.0,0.0,0.0,0.0,1.595923,0.09110405,-2.844691,2.349825,0.003513573,-2.264032,-0.02521495,0.9890331,-0.001157216,0.1455209,359.7107,163.267,357.1217,0.7247665,0.0009114752,-0.6889929,0.4158443,-0.003284485,-0.4262179,2.367993,-0.2112989,-4.249913,0.5795996,-0.1733137,1.915,-0.9563759,-0.05021365,-0.2877916,-0.04954005,0.9987258,-0.009627655,0.2879083,0.005049552,-0.9576448,moving,11.699479929581939,-7.943099287343393,16.839120623981625,-5.171364987112264,0.01816799999999974,-0.214812473,-1.9858810000000005,0.2009118110151147,-0.1353718186231736,0.9702107881581179,12.382295080092424,-6.786241394284794,5.838733120641439,5.839385027432858,4.740371265956468
479,05/05/2023 15:31:54.676323,662,True,True,True,True,Eyes,2.333029,0.002247256,-2.239611,0.09193978,-0.1396797,-0.9859192,0.0,0.0,0.0,0.0,0.0,0.0,0.0,1.627007,0.08617313,-2.839854,2.356066,0.002330601,-2.27339,-0.02400711,0.9897559,-0.001569449,0.140728,359.7909,163.8204,357.2508,0.7244256,0.0008834134,-0.6893514,0.3908936,-0.003087416,-0.4006448,2.355309,-0.1863683,-4.263083,0.5796006,-0.1706654,1.915001,-0.9592385,-0.0479641,-0.2784974,-0.04708064,0.9988424,-0.00986369,0.2786481,0.003650202,-0.9603863,moving,11.235599274158227,-7.856589868445729,16.839139737068763,-5.092760642563905,-0.0007570000000001187,-0.18869890099999997,-1.989693,0.1930833644273418,-0.13412178816610115,0.9719723097844526,11.914426113554029,-6.710310909374444,6.248043171739785,6.248073119715721,5.18355796140937
480,05/05/2023 15:31:54.696200,663,True,True,True,True,Eyes,2.334774,0.002365196,-2.242108,0.08951644,-0.1385391,-0.986303,0.0,0.0,0.0,0.0,0.0,0.0,0.0,1.65988,0.06324059,-2.835092,2.362568,0.004713119,-2.283681,-0.0237082,0.9904518,-0.005481804,0.1356948,0.2535214,164.3916,357.2228,0.7241166,0.0008627712,-0.6896747,0.36744,-0.002902171,-0.3766061,2.341611,-0.1862656,-4.272289,0.5796001,-0.1679808,1.915,-0.9620495,-0.04845136,-0.2685383,-0.04547595,0.9988157,-0.01729308,0.2690582,-0.00442477,-0.9631137,moving,10.773600892146693,-7.331111702971366,16.839134328329035,-5.013064582561545,-0.020957000000000114,-0.190978719,-1.9886079999999997,0.18545337209633178,-0.1253896583668326,0.9746201123621616,11.448949710778917,-6.206724201665862,6.493262095152816,6.493384196078824,5.520771096283034
481,05/05/2023 15:31:54.706134,664,True,True,True,True,Eyes,2.33669,0.002498165,-2.244896,0.08672569,-0.1376595,-0.9866754,0.0,0.0,0.0,0.0,0.0,0.0,0.0,1.696682,0.1039511,-2.82597,2.368852,0.005869827,-2.294373,-0.02570281,0.9912289,0.0008519031,0.1296307,359.5214,165.1107,357.0918,0.7238325,0.0008495615,-0.689972,0.3453936,-0.002728041,-0.3540098,2.327724,-0.1968671,-4.280832,0.5796,-0.16522,1.915,-0.9650709,-0.05073387,-0.2570311,-0.0511756,0.9986773,-0.004974883,0.2569435,0.008352607,-0.9663906,moving,10.286936205321364,-8.001689461322098,16.839131587459715,-4.9310834127501995,-0.04112800000000005,-0.20273692699999998,-1.986459,0.17689388638987283,-0.1370070582751173,0.9746473450187365,10.957244540333198,-6.868721625109688,7.235411738530766,7.236013117127515,6.192821414924733
482,05/05/2023 15:31:54.726107,665,True,True,True,True,Eyes,2.338833,0.002714793,-2.247964,0.08345649,-0.1371534,-0.9870278,0.0,0.0,0.0,0.0,0.0,0.0,0.0,1.733982,0.09455233,-2.816676,2.374956,0.006399403,-2.304091,-0.02638982,0.9919659,-0.001619572,0.1237117,359.81,165.7873,356.9759,0.7235621,0.0008417015,-0.6902549,0.32467,-0.002564358,-0.3327692,2.30987,-0.1700337,-4.293176,0.5796002,-0.1627086,1.915,-0.9679981,-0.05275632,-0.2453501,-0.05195488,0.9986019,-0.009742578,0.2455211,0.003316339,-0.9693856,moving,9.793550512958353,-7.677342146068225,16.839137069198276,-4.856490511252088,-0.06508599999999998,-0.176433103,-1.9890849999999998,0.16861736540340672,-0.13168142239527283,0.9768459990745171,10.459878171037172,-6.561631475879124,7.588075346319122,7.589301276607328,6.603215110763609
483,05/05/2023 15:31:54.745927,666,True,True,True,True,Eyes,2.34112,0.002998247,-2.251328,0.07986004,-0.1364508,-0.9874226,0.0,0.0,0.0,0.0,0.0,0.0,0.0,1.771163,0.08663768,-2.806945,2.380808,0.008484971,-2.314117,-0.0274973,0.9926547,-0.003855455,0.1177528,0.06752324,166.468,356.8185,0.7233033,0.0008412181,-0.6905255,0.3051898,-0.002410497,-0.312803,2.292392,-0.1776383,-4.301111,0.5795999,-0.1600347,1.915,-0.9707565,-0.05549862,-0.2335638,-0.05368266,0.9984581,-0.01413004,0.2339878,-0.001178504,-0.972239,moving,9.321670551001928,-7.367979651761758,16.83912884659031,-4.777052943496986,-0.08841600000000005,-0.186123271,-1.9869939999999997,0.16067426851938718,-0.12657518243753205,0.9788576711794551,9.984190089380494,-6.268752044131588,7.948682030123782,7.951420026228668,7.015365391191775
484,05/05/2023 15:31:54.756420,667,True,True,True,True,Eyes,2.343551,0.003311271,-2.254944,0.07601357,-0.1359085,-0.987801,0.0,0.0,0.0,0.0,0.0,0.0,0.0,1.806901,0.1070098,-2.796971,2.386632,0.01030179,-2.324492,-0.02870323,0.993305,-0.0007501375,0.1118967,359.7173,167.1534,356.7214,0.7230523,0.0008494076,-0.6907878,0.2868784,-0.002265867,-0.2940348,2.274693,-0.1830732,-4.309104,0.5796004,-0.157377,1.915001,-0.9733107,-0.05719,-0.222252,-0.05685425,0.9983511,-0.007913822,0.2223381,0.004933362,-0.9749573,moving,8.898585557526731,-7.6875366678695185,16.839134255333214,-4.698075965398056,-0.11193900000000001,-0.19337499,-1.9846119999999998,0.1533285581525785,-0.13218881520043535,0.9792938625296044,9.557019384075591,-6.587658363618466,8.481583236141152,8.484644300962616,7.523278450107759
485,05/05/2023 15:31:54.785914,668,True,True,True,True,Eyes,2.346081,0.003640231,-2.258815,0.07187102,-0.1354163,-0.9881786,0.0,0.0,0.0,0.0,0.0,0.0,0.0,1.842039,0.1043127,-2.786552,2.391692,0.0112454,-2.33421,-0.02881201,0.9939303,-0.001391495,0.1061632,359.808,167.8121,356.6996,0.7228068,0.0008662821,-0.6910443,0.2696657,-0.002129915,-0.2763928,2.257062,-0.1676249,-4.319129,0.5796003,-0.1544815,1.915,-0.9757987,-0.0575697,-0.2109573,-0.0569788,0.9983359,-0.008883646,0.2111177,0.003351447,-0.9774551,moving,8.475612400672883,-7.580761148581591,16.83913981006744,-4.6120171978719116,-0.13463000000000003,-0.17887029999999998,-1.984919,0.14612786178792223,-0.13050744326334204,0.9806194055706048,9.130441000630217,-6.491249894391965,8.870556630438136,8.874797539807279,7.934453532681938
486,05/05/2023 15:31:54.795814,669,True,True,True,True,Eyes,2.348676,0.003961423,-2.26291,0.0675948,-0.1349564,-0.9885432,0.0,0.0,0.0,0.0,0.0,0.0,0.0,1.876409,0.1020203,-2.776281,2.396689,0.01197021,-2.344097,-0.02843836,0.994524,-0.001592376,0.1005533,359.8538,168.4574,356.7389,0.7225638,0.0008914292,-0.691298,0.2534858,-0.00200212,-0.2598092,2.239067,-0.1673908,-4.326958,0.5796001,-0.1519396,1.915001,-0.978161,-0.0568855,-0.1999147,-0.05624502,0.9983774,-0.008886452,0.2000958,0.002551827,-0.9797733,moving,8.069228332098726,-7.529116856326947,16.839126032729293,-4.536446261734487,-0.15762199999999993,-0.17936101000000002,-1.9828610000000002,0.1391828333903035,-0.1297546548262876,0.9817289919293398,8.720535806538267,-6.448249277872756,9.261038922925763,9.26645471403512,8.340653333721516
487,05/05/2023 15:31:54.805888,670,True,True,True,True,Eyes,2.351331,0.00428505,-2.267217,0.06306534,-0.134807,-0.9888629,0.0,0.0,0.0,0.0,0.0,0.0,0.0,1.909694,0.1020922,-2.765146,2.400943,0.01213515,-2.353445,-0.02856485,0.9950659,-0.001849904,0.09499802,359.9,169.096,356.7209,0.7223207,0.0009237482,-0.6915517,0.2382766,-0.001881993,-0.2442206,2.221327,-0.1651601,-4.334908,0.5796003,-0.1492885,1.915002,-0.9803192,-0.05719928,-0.1889529,-0.05649633,0.9983612,-0.009108761,0.1891643,0.001745654,-0.9819443,moving,7.6924786493582555,-7.486618705048539,16.839123218871126,-4.457612132379668,-0.17961599999999978,-0.17729525000000002,-1.9814630000000006,0.13273520412681616,-0.12914173146084962,0.9827022835708847,8.340515715117256,-6.413625422690428,9.62863625191538,9.63514336677304,8.720797984974421
488,05/05/2023 15:31:54.825971,671,True,True,True,True,Eyes,2.354024,0.004644398,-2.271742,0.0585019,-0.1349396,-0.9891253,0.0,0.0,0.0,0.0,0.0,0.0,0.0,1.942623,0.08584608,-2.754312,2.405145,0.01257631,-2.362732,-0.02881699,0.995549,-0.00533614,0.08957387,0.312967,169.7083,356.6558,0.7220751,0.0009625611,-0.6918079,0.22398,-0.001769073,-0.2295674,2.203271,-0.1638411,-4.342053,0.5796008,-0.1464063,1.915003,-0.9822924,-0.0583334,-0.1780428,-0.05642148,0.9982822,-0.01578728,0.1786579,-0.005462278,-0.9838963,moving,7.323446425220173,-7.087464135827176,16.839128627611643,-4.371887034241235,-0.2018740000000001,-0.17641741,-1.979321,0.12651214086076762,-0.12239297502139146,0.9843854249896722,7.968682188338405,-6.031425135415076,9.88723254890858,9.895583195121331,9.024349657524521
489,05/05/2023 15:31:54.846664,672,True,True,True,True,Eyes,2.356754,0.00501511,-2.276481,0.05364175,-0.1349533,-0.9893988,0.0,0.0,0.0,0.0,0.0,0.0,0.0,1.976947,0.08826184,-2.741431,2.408998,0.0138229,-2.37236,-0.03031063,0.9960104,-0.006113517,0.08370915,0.4070155,170.3793,356.4796,0.7218246,0.001008273,-0.6920689,0.2105412,-0.001662929,-0.2157934,2.186061,-0.1754159,-4.347814,0.5796003,-0.1439692,1.915001,-0.9841481,-0.06140291,-0.1663798,-0.05935588,0.9980878,-0.01725281,0.167121,-0.007103698,-0.9859109,moving,6.949660393021144,-6.98966348256571,16.83913151446532,-4.299391631512578,-0.22293699999999994,-0.1892388,-1.9754539999999996,0.12011102639193433,-0.12080928759072028,0.9853822980631887,7.591714048932463,-5.942874925239675,10.239233969247973,10.248863434276366,9.39232490486792
490,05/05/2023 15:31:54.855829,673,True,True,True,True,Eyes,2.359464,0.005363392,-2.281409,0.04889767,-0.1350267,-0.9896347,0.0,0.0,0.0,0.0,0.0,0.0,0.0,2.012593,0.106939,-2.726503,2.412715,0.01440362,-2.382096,-0.03212959,0.9964687,-0.004163417,0.07746467,0.1902002,171.1035,356.2917,0.721567,0.0010605,-0.6923371,0.1979087,-0.001563153,-0.2028458,2.167004,-0.1763172,-4.354377,0.5796003,-0.1412174,1.915001,-0.9859338,-0.06467728,-0.1541147,-0.0633872,0.9979007,-0.01327524,0.1546497,-0.003319614,-0.9879638,moving,6.541904562517239,-7.210182785691675,16.83913151446532,-4.21751327100855,-0.245711,-0.19072082,-1.9722810000000002,0.1130405032135536,-0.12470508684306533,0.9857334919931953,7.180118906201727,-6.165027744981269,10.71298779957045,10.723290247122833,9.853392166808762
491,05/05/2023 15:31:54.876232,674,True,True,True,True,Eyes,2.362175,0.005723897,-2.286534,0.0438355,-0.135215,-0.9898461,0.0,0.0,0.0,0.0,0.0,0.0,0.0,2.047959,0.1074024,-2.710944,2.415771,0.01429885,-2.391388,-0.03273867,0.9969081,-0.004862802,0.07126673,0.2881519,171.8125,356.2175,0.7213,0.001117865,-0.6926149,0.1860342,-0.001469364,-0.190675,2.146214,-0.167852,-4.361532,0.5796,-0.1387028,1.915001,-0.9876985,-0.06596799,-0.1417744,-0.06458177,0.997809,-0.01436189,0.1424112,-0.005029176,-0.9897948,moving,6.12951325745143,-7.136466635185334,16.839123291861164,-4.14267757039262,-0.2695569999999998,-0.18215085,-1.9701440000000003,0.10595837613578736,-0.12353366922402134,0.9866672205283689,6.764178391567169,-6.100633818844784,11.10846026941947,11.120185252665626,10.26343545869573
492,05/05/2023 15:31:54.896058,675,True,True,True,True,Eyes,2.364832,0.006086607,-2.29184,0.03841965,-0.1353122,-0.9900578,0.0,0.0,0.0,0.0,0.0,0.0,0.0,2.084604,0.10218,-2.694303,2.418612,0.01497746,-2.401119,-0.03282684,0.9973388,-0.006080111,0.06481441,0.4510688,172.5485,356.2003,0.7210216,0.001180186,-0.6929042,0.1748722,-0.001381202,-0.1792345,2.124802,-0.1692772,-4.367064,0.5796002,-0.1360081,1.914999,-0.989443,-0.06626712,-0.1288846,-0.06469081,0.9977708,-0.01638316,0.129683,-0.007872556,-0.9915243,moving,5.698218874064521,-6.999980936353315,16.83914536480715,-4.0624705230127445,-0.2938100000000001,-0.18425466,-1.965945,0.09855594793905276,-0.12127568965532688,0.9877139467175012,6.329238908061558,-5.97543276943135,11.508404633838557,11.521684360396925,10.682582004635655
493,05/05/2023 15:31:54.905992,676,True,True,True,True,Eyes,2.367457,0.006427144,-2.297323,0.03261657,-0.1355638,-0.9902316,0.0,0.0,0.0,0.0,0.0,0.0,0.0,2.123319,0.1010406,-2.674406,2.420744,0.0154705,-2.41058,-0.0329266,0.9977632,-0.00656247,0.05780586,0.5322213,173.3508,356.1889,0.7207295,0.001246992,-0.6932074,0.1643798,-0.00129833,-0.1684804,2.102097,-0.1715143,-4.372406,0.5796,-0.1333046,1.915,-0.9911486,-0.0664646,-0.114921,-0.0649472,0.9977456,-0.01690228,0.1157853,-0.00928888,-0.9932309,moving,5.229560255920948,-6.957682447512544,16.839131587459715,-3.981979116067682,-0.3186469999999999,-0.1869848,-1.9618259999999998,0.09048067233695284,-0.12063936005233633,0.9885643119631521,5.856500172648615,-5.942656390576241,11.96999811479506,11.984863654579424,11.1562739374923
494,05/05/2023 15:31:54.926135,677,True,True,True,True,Eyes,2.367457,0.006427144,-2.297323,0.03261657,-0.1355638,-0.9902316,0.0,0.0,0.0,0.0,0.0,0.0,0.0,2.165342,0.09247462,-2.651419,2.422735,0.01532008,-2.420206,-0.03262415,0.9981737,-0.008297989,0.05016274,0.7616342,174.2209,356.2176,0.7204233,0.001316985,-0.6935261,0.154517,-0.00122043,-0.1583716,2.076468,-0.1708789,-4.377023,0.5796,-0.1303322,1.915001,-0.992839,-0.06596163,-0.09960081,-0.06429663,0.9977337,-0.0198387,0.1006837,-0.01329263,-0.99483,moving,4.342203506057409,-6.779167074471928,16.839123291861164,-3.893463876972384,-0.34626699999999966,-0.18619898000000001,-1.9568170000000005,0.07518687689181253,-0.11770879037244815,0.9901977481088694,4.961528844007685,-5.784714286111824,12.807218384190039,12.825766529797447,12.02722237167626
495,05/05/2023 15:31:54.946139,678,True,True,True,True,Eyes,2.367457,0.006427144,-2.297323,0.03261657,-0.1355638,-0.9902316,0.0,0.0,0.0,0.0,0.0,0.0,0.0,2.20788,0.07078154,-2.626561,2.424242,0.01632127,-2.429269,-0.03226452,0.998504,-0.01235815,0.04238321,1.25742,175.0977,356.2447,0.7201465,0.001380115,-0.6938131,0.145246,-0.001147204,-0.1488693,2.048323,-0.1760424,-4.380495,0.5796001,-0.1279657,1.915001,-0.9943256,-0.06548006,-0.08384213,-0.06338494,0.9976125,-0.02741426,0.08543705,-0.02194436,-0.9961021,moving,3.430199520762396,-6.335860095727457,16.839126032729293,-3.822980081336716,-0.3759190000000001,-0.19236367,-1.9512259999999997,0.059468362986946535,-0.11016107719115487,0.992133084330576,4.041991014088716,-5.369268134899812,13.619890149080653,13.642355961125379,12.890216112614596
496,05/05/2023 15:31:54.956047,679,True,True,True,True,Eyes,2.37008,0.006812439,-2.303726,0.02442491,-0.1354611,-0.9904816,0.0,0.0,0.0,0.0,0.0,0.0,0.0,2.251529,0.06980478,-2.599827,2.425719,0.017282,-2.439044,-0.03233764,0.9988108,-0.01275443,0.0341912,1.333233,176.0351,356.2451,0.7198973,0.001436931,-0.6940714,0.1365312,-0.001078372,-0.1399372,2.01948,-0.1885828,-4.381967,0.5796005,-0.1252273,1.915002,-0.9955708,-0.06547053,-0.06747618,-0.06372617,0.9975832,-0.02768986,0.06912597,-0.02326721,-0.9973369,moving,2.9632483143305715,-6.2812185619721035,16.839128700604455,-3.7414032228817504,-0.4062389999999998,-0.2058648,-1.9429230000000004,0.051385876794007954,-0.10926394906438865,0.9926837194601532,3.5709886106828757,-5.324437044024215,14.082644563334389,14.106407000042886,13.362242982548445
497,05/05/2023 15:31:54.976142,680,True,True,True,True,Eyes,2.372616,0.00717733,-2.310243,0.01594219,-0.1356348,-0.9906306,0.0,0.0,0.0,0.0,0.0,0.0,0.0,2.294284,0.06582418,-2.572056,2.426775,0.01707243,-2.448267,-0.03156373,0.999075,-0.01318527,0.02605998,1.415409,176.9665,356.3434,0.7196147,0.00149935,-0.6943638,0.1283394,-0.00101367,-0.1315409,1.988878,-0.1875771,-4.384659,0.5796007,-0.1226521,1.915003,-0.9966496,-0.06375628,-0.05123941,-0.06238185,0.9976598,-0.02799124,0.05290411,-0.02470104,-0.9982944,moving,2.509036002267432,-6.23956726283122,16.83912588674645,-3.664674183841319,-0.4378970000000002,-0.20464953,-1.9363920000000001,0.043518107665078964,-0.10858290150136123,0.9931343644523597,3.112822688674325,-5.292031310799834,14.534556904810772,14.559586205159746,13.822434326270745
498,05/05/2023 15:31:54.996068,681,True,True,True,True,Eyes,2.372616,0.00717733,-2.310243,0.01594219,-0.1356348,-0.9906306,0.0,0.0,0.0,0.0,0.0,0.0,0.0,2.335265,0.04681716,-2.544758,2.427378,0.01702425,-2.457437,-0.03076206,0.9992239,-0.0165361,0.01821689,1.829522,177.8542,356.439,0.7193012,0.001565875,-0.6946892,0.120639,-0.0009528496,-0.1236485,1.957911,-0.1868582,-4.386342,0.5796001,-0.1199557,1.915002,-0.9974438,-0.06207884,-0.03538813,-0.06087389,0.9975605,-0.03416731,0.03742288,-0.03192576,-0.9987895,moving,1.588498829132159,-5.881201141113851,16.839117737137485,-3.584323749319979,-0.4694670000000001,-0.20388245,-1.9289049999999999,0.027575183841754537,-0.10242719954605224,0.9943581930464708,2.1845809814406416,-4.959483951030265,15.39470857450079,15.4226140076883,14.718916845489604
499,05/05/2023 15:31:55.005974,682,True,True,True,True,Eyes,2.372616,0.00717733,-2.310243,0.01594219,-0.1356348,-0.9906306,0.0,0.0,0.0,0.0,0.0,0.0,0.0,2.376096,0.05080517,-2.516206,2.427423,0.01750213,-2.467186,-0.03088199,0.999343,-0.01606933,0.01008663,1.804803,178.7874,356.4409,0.7190171,0.001626022,-0.6949827,0.1134007,-0.0008956786,-0.1162296,1.928059,-0.1970097,-4.386626,0.5795999,-0.1172012,1.915001,-0.9978893,-0.06204757,-0.0191675,-0.06139922,0.9975761,-0.03274053,0.02115251,-0.03149455,-0.9992803,moving,0.662220812829493,-5.961373498564674,16.83912055099295,-3.5022272815119626,-0.49936400000000014,-0.21451183000000001,-1.9194399999999998,0.011495181841445531,-0.10385110775425346,0.9945263929439195,1.2500546404258253,-5.054243064179352,16.331398024305198,16.362746873781234,15.66613318447327
500,05/05/2023 15:31:55.026207,683,True,True,True,True,Eyes,2.37503,0.00754343,-2.317656,0.005831051,-0.135344,-0.9907815,0.0,0.0,0.0,0.0,0.0,0.0,0.0,2.416656,0.06022634,-2.486849,2.427588,0.01737491,-2.476849,-0.03136436,0.9993939,-0.01498528,0.001930461,1.709461,179.7249,356.4008,0.7187613,0.001680154,-0.6952469,0.1065966,-0.0008419379,-0.1092558,1.896588,-0.1930664,-4.388166,0.5796003,-0.1145714,1.915,-0.9980252,-0.06274856,-0.002918574,-0.06263284,0.9975834,-0.03007348,0.004798588,-0.02983129,-0.9995436,moving,0.3206319490443382,-6.061017801470845,16.83913981006744,-3.4238339917298797,-0.5310000000000001,-0.21044131,-1.911317,0.0055647730352989975,-0.10558589545476176,0.9943946058864642,0.9053451764077107,-5.157455229004421,16.69533825989823,16.72769680503093,16.027827489150642
501,05/05/2023 15:31:55.046285,684,True,True,True,True,Eyes,2.37733,0.007887249,-2.325176,-0.00450263,-0.1350107,-0.9908339,0.0,0.0,0.0,0.0,0.0,0.0,0.0,2.45739,0.06732027,-2.45572,2.427463,0.01724336,-2.486157,-0.03194631,0.9993645,-0.01447691,-0.006375572,1.681458,180.6774,356.3481,0.7184548,0.001739454,-0.6955629,0.1002008,-0.0007914216,-0.1027004,1.865332,-0.1877822,-4.389301,0.5796005,-0.1119315,1.915002,-0.9978775,-0.06366741,0.01366801,-0.0640366,0.9975396,-0.02852806,-0.01181807,-0.02934277,-0.9994996,moving,-0.026152448480609436,-6.091908216293816,16.839128700604455,-3.3451213973380547,-0.5621309999999999,-0.20502556,-1.9031439999999997,-0.0004538687346672338,-0.10612362966905046,0.9943528294371445,0.5554717473574421,-5.193784083737584,17.05425734979584,17.08749677590235,16.38825913570797
502,05/05/2023 15:31:55.056209,685,True,True,True,True,Eyes,2.379484,0.008182524,-2.332805,-0.01494265,-0.1342095,-0.9908403,0.0,0.0,0.0,0.0,0.0,0.0,0.0,2.496074,0.07919849,-2.426024,2.42719,0.01702619,-2.496139,-0.03277464,0.9992713,-0.01324695,-0.01439838,1.571155,181.5998,356.2649,0.7181016,0.001802502,-0.6959283,0.09418878,-0.0007439363,-0.09653842,1.833456,-0.1848128,-4.389162,0.5796,-0.1092318,1.915001,-0.9974369,-0.06512003,0.0296441,-0.06588297,0.9975007,-0.02553079,-0.02790745,-0.0274184,-0.9992343,moving,-0.33013652337981925,-6.176663772581422,16.839123291861164,-3.2646180527588773,-0.593734,-0.20183899,-1.893023,-0.005728489652245037,-0.10759266816683051,0.9941785427911872,0.2487150203130883,-5.28181602421897,17.380240737165085,17.414462175949783,16.71259208718724
503,05/05/2023 15:31:55.075906,686,True,True,True,True,Eyes,2.381515,0.008433716,-2.340537,-0.0255456,-0.1335694,-0.9907101,0.0,0.0,0.0,0.0,0.0,0.0,0.0,2.533516,0.08996165,-2.396536,2.426534,0.01613168,-2.506362,-0.03356019,0.9991117,-0.01233172,-0.02230615,1.49781,182.5081,356.1851,0.7176995,0.001867893,-0.6963436,0.08853745,-0.0006993001,-0.09074612,1.802643,-0.1793614,-4.389774,0.5795999,-0.1064037,1.915,-0.9967524,-0.06651062,0.04540038,-0.06761092,0.9974433,-0.02314434,-0.04374496,-0.02613873,-0.9987007,moving,-0.6128140423116135,-6.2333247247167405,16.83912884659031,-3.1802718967173282,-0.6238910000000002,-0.19549308,-1.8834119999999999,-0.01063219374376282,-0.10857141709802216,0.9940317240326145,-0.03651589591389126,-5.342096347578452,17.681958891214002,17.716981745434225,17.01354961292765
504,05/05/2023 15:31:55.096082,687,True,True,True,True,Eyes,2.428456,0.01390805,-2.536572,-0.2863455,-0.1051089,-0.9523436,0.0,0.0,0.0,0.0,0.0,0.0,0.0,2.568954,0.0884054,-2.368538,2.425761,0.01534989,-2.516496,-0.03404695,0.9988838,-0.01359566,-0.0297888,1.672668,183.36,356.1447,0.7172514,0.001933794,-0.6968055,0.08322521,-0.0006573421,-0.08530135,1.772069,-0.1760968,-4.390155,0.5795999,-0.1038888,1.915,-0.9959072,-0.0672079,0.06043687,-0.06882788,0.9973119,-0.02513254,-0.05858531,-0.02918941,-0.9978558,moving,13.598780368164448,-3.608626909767825,16.83912884659031,-3.1052536002785778,-0.6536920000000002,-0.19144669,-1.873659,0.234680933736246,-0.0611830066624111,0.9701450704543373,14.303198548390789,-2.529646827449811,3.279154028268656,3.2792137701502404,2.600435662394411
505,05/05/2023 15:31:55.106186,688,True,True,True,True,Eyes,2.428399,0.01387124,-2.536994,-0.2868512,-0.1051028,-0.9521921,0.0,0.0,0.0,0.0,0.0,0.0,0.0,2.601685,0.09376789,-2.342393,2.424595,0.01477959,-2.52695,-0.03462747,0.9986287,-0.01348205,-0.0368801,1.689396,184.1723,356.0897,0.7137977,0.002194505,-0.7003426,0.2190555,0.0158051,-0.668288,1.7433,-0.1803202,-4.38982,0.5796003,-0.1010904,1.915001,-0.9948818,-0.06816551,0.07459275,-0.0701544,0.9972383,-0.024373,-0.07272536,-0.02948125,-0.9969164,moving,12.823039876501158,-3.6147399981346604,16.83913151446532,-3.0217645383443004,-0.681295,-0.19509979000000002,-1.8628700000000005,0.2215207550067704,-0.06148090341416571,0.9732156279202975,13.520618880001441,-2.5495535355500984,4.059335364771066,4.059631995691142,3.3519411295928645
506,05/05/2023 15:31:55.126351,689,True,True,True,True,Eyes,2.428248,0.01380184,-2.537819,-0.2873312,-0.1051128,-0.9520463,0.0,0.0,0.0,0.0,0.0,0.0,0.0,2.631977,0.09935644,-2.318178,2.423289,0.01385466,-2.537441,-0.03494604,0.998355,-0.01310577,-0.04352352,1.673869,184.9349,356.0627,0.7109216,0.002412248,-0.7032617,0.2059122,0.01485679,-0.6281907,1.7156,-0.1793899,-4.390411,0.5796008,-0.09847605,1.915002,-0.9937689,-0.06863628,0.08781984,-0.07091791,0.997214,-0.02312648,-0.08598785,-0.02921037,-0.9958679,moving,12.096306521050156,-3.6601001938938427,16.83913692320385,-2.943754893379902,-0.707689,-0.19324455999999998,-1.8529700000000005,0.20914682706059445,-0.062425552525747635,0.9758897128688833,12.787433834491788,-2.606811510308291,4.796210299989166,4.796622855005569,4.065689211249995
507,05/05/2023 15:31:55.146339,690,True,True,True,True,Eyes,2.428025,0.01369845,-2.539043,-0.2882354,-0.1052047,-0.9517628,0.0,0.0,0.0,0.0,0.0,0.0,0.0,2.660479,0.1004576,-2.295287,2.421632,0.0130134,-2.547962,-0.03510109,0.998049,-0.01344923,-0.04985304,1.738952,185.6593,356.0575,0.7085178,0.002593241,-0.7056832,0.1935575,0.01396538,-0.5904993,1.689433,-0.1774769,-4.391411,0.5796001,-0.09587922,1.915,-0.9925652,-0.06872423,0.1004557,-0.07140617,0.997174,-0.02334619,-0.09856738,-0.03034578,-0.9946676,moving,11.425577335527365,-3.632477115812029,16.839134328329035,-2.8662617652862137,-0.7321989999999998,-0.1904903,-1.8434489999999997,0.19771252706943715,-0.062105577827113324,0.978290731849008,12.110828298226737,-2.591965437842979,5.466728117111375,5.467511799501969,4.736255524098187
508,05/05/2023 15:31:55.155913,691,True,True,True,True,Eyes,2.427717,0.01355065,-2.540663,-0.2891681,-0.1051502,-0.9514858,0.0,0.0,0.0,0.0,0.0,0.0,0.0,2.686611,0.09957165,-2.27481,2.419758,0.01211245,-2.558746,-0.03532417,0.9977193,-0.01426462,-0.05572169,1.856755,186.3291,356.0472,0.7064977,0.002742534,-0.7077055,0.181944,0.01312746,-0.5550693,1.664242,-0.1779048,-4.392349,0.5796,-0.09323693,1.915,-0.9912947,-0.06889752,0.112197,-0.07207692,0.9970974,-0.02452753,-0.1101814,-0.03240082,-0.9933835,moving,10.80615540416137,-3.540617166461154,16.839131587459715,-2.7873981499290776,-0.7555159999999999,-0.19001725,-1.833603,0.18714152383195343,-0.06066505721747539,0.980457945610083,11.486054150387805,-2.513620119110744,6.078444164215763,6.07981418425848,5.360073922759567
509,05/05/2023 15:31:55.175806,692,True,True,True,True,Eyes,2.427327,0.01331528,-2.542658,-0.290464,-0.1051217,-0.9510942,0.0,0.0,0.0,0.0,0.0,0.0,0.0,2.71159,0.1057604,-2.254922,2.417558,0.01084307,-2.569799,-0.03583654,0.9973662,-0.01399347,-0.06148708,1.852133,186.9909,355.9975,0.7047865,0.002863982,-0.7094095,0.1710274,0.01233981,-0.5217652,1.640724,-0.1800386,-4.393827,0.5796,-0.09043299,1.915,-0.9898703,-0.06976347,0.1236532,-0.07320514,0.9970399,-0.02350625,-0.1216473,-0.03232019,-0.9920472,moving,10.228961697068897,-3.5646573049933665,16.839131587459715,-2.7036982620263434,-0.776834,-0.19088167,-1.8240279999999998,0.1772494441697733,-0.061190401514743684,0.9822619068682755,10.90374979617875,-2.5474196548072525,6.664571707557186,6.666003034314945,5.937438842745579
510,05/05/2023 15:31:55.195884,693,True,True,True,True,Eyes,2.426533,0.01300742,-2.544953,-0.2940951,-0.1047921,-0.950014,0.0,0.0,0.0,0.0,0.0,0.0,0.0,2.734295,0.1090673,-2.237397,2.415315,0.008511557,-2.580774,-0.0359474,0.997022,-0.01408967,-0.06675658,1.885077,187.5952,355.9954,0.7033221,0.002959479,-0.7108613,0.1607658,0.01159942,-0.4904593,1.617305,-0.1790648,-4.395836,0.5796003,-0.08783978,1.915001,-0.9885026,-0.06979953,0.1341285,-0.07356185,0.9970186,-0.02329596,-0.1321026,-0.03289486,-0.9906901,moving,9.841289595667398,-3.532650407409219,16.83913151446532,-2.626277178084779,-0.7980100000000001,-0.187576357,-1.8150620000000002,0.17060425941916002,-0.060713988302914405,0.983467290027896,10.512699287748006,-2.523212316304093,7.054758577727984,7.056295341843437,6.327271693627613
511,05/05/2023 15:31:55.206448,694,True,True,True,True,Eyes,2.425661,0.01264745,-2.547613,-0.2979164,-0.1043788,-0.9488682,0.0,0.0,0.0,0.0,0.0,0.0,0.0,2.755877,0.1059883,-2.221018,2.412894,0.006802583,-2.591699,-0.03607389,0.9966499,-0.0153852,-0.07177059,2.05423,188.166,356.0008,0.7020071,0.003033481,-0.7121601,0.1511198,0.01090346,-0.4610317,1.595675,-0.1799509,-4.398219,0.5796,-0.08526718,1.915001,-0.9870953,-0.06969765,0.1441703,-0.07411447,0.996924,-0.02548922,-0.1419503,-0.03584539,-0.9892246,moving,9.486993417620159,-3.35891403993136,16.839123291861164,-2.5494633258718795,-0.8172190000000001,-0.186753483,-1.80652,0.16454822747348713,-0.057791889288379826,0.9846745424846999,10.155478064169863,-2.3603386396157116,7.394471122452716,7.396554883606181,6.686320488623934
512,05/05/2023 15:31:55.226116,695,True,True,True,True,Eyes,2.424777,0.01223785,-2.550631,-0.3021111,-0.1041721,-0.9475638,0.0,0.0,0.0,0.0,0.0,0.0,0.0,2.77291,0.1123639,-2.210099,2.41027,0.00538761,-2.603223,-0.03576769,0.9963761,-0.01414108,-0.075863,1.925877,188.6414,356.0337,0.7007714,0.003089713,-0.713376,0.1420526,0.01024925,-0.4333698,1.575058,-0.1845468,-4.400399,0.5795998,-0.08256269,1.915,-0.9859308,-0.06913059,0.1521878,-0.07342172,0.9970414,-0.02275278,-0.1501646,-0.03360656,-0.9880896,moving,9.273422908028312,-3.492386183751642,16.83912610572083,-2.4687028460109843,-0.8352120000000001,-0.18993441,-1.7971760000000003,0.16085453720283585,-0.060122664438416226,0.9851452589918643,9.939876424043588,-2.494201870409843,7.633198772722245,7.634644225603616,6.899296802600162
513,05/05/2023 15:31:55.245861,696,True,True,True,True,Eyes,2.423791,0.01178672,-2.553991,-0.3063998,-0.1039501,-0.9462101,0.0,0.0,0.0,0.0,0.0,0.0,0.0,2.788502,0.1122945,-2.200691,2.407355,0.003618264,-2.614578,-0.03447858,0.9961407,-0.01322467,-0.07962643,1.824495,189.0796,356.1802,0.6996022,0.003128516,-0.7145228,0.1335295,0.009634296,-0.4073676,1.557128,-0.1787385,-4.405388,0.5796,-0.07993794,1.914999,-0.984942,-0.06658496,0.1595502,-0.07079709,0.9972727,-0.02085645,-0.1577263,-0.03183807,-0.9869697,moving,9.09349261031832,-3.6136840608736507,16.839139883066203,-2.390314098659988,-0.8502269999999998,-0.182356764,-1.7908100000000005,0.15773950580270546,-0.0622398050694147,0.9855173611084179,9.758224973042909,-2.6156004960416475,7.840618478664696,7.841663454795378,7.084497859681758
514,05/05/2023 15:31:55.255950,697,True,True,True,True,Eyes,2.422736,0.01129276,-2.557694,-0.3110148,-0.1035059,-0.944752,0.0,0.0,0.0,0.0,0.0,0.0,0.0,2.802337,0.1074802,-2.193473,2.404004,0.002164764,-2.626161,-0.03322603,0.9959046,-0.01323546,-0.08303544,1.826921,189.4737,356.3297,0.698487,0.003150446,-0.7156132,0.1255177,0.009056238,-0.3829256,1.539886,-0.1727079,-4.410542,0.5796003,-0.0769736,1.915,-0.9840025,-0.06398189,0.1662703,-0.06837794,0.9974417,-0.02084464,-0.1645112,-0.03188039,-0.98586,moving,8.967849938537954,-3.614853508787995,16.83913981006744,-2.3017700123688405,-0.8641179999999999,-0.174872664,-1.7843810000000002,0.15557760315019636,-0.06228154083745266,0.9858583253829136,9.631474393503158,-2.6189993895283776,7.9791715841177195,7.980062187114273,7.214643112092919
515,05/05/2023 15:31:55.276090,698,True,True,True,True,Eyes,2.421569,0.0107308,-2.561708,-0.315688,-0.10303,-0.9432529,0.0,0.0,0.0,0.0,0.0,0.0,0.0,2.815424,0.1140451,-2.186541,2.400386,0.0004970096,-2.637939,-0.03171737,0.9956983,-0.01065035,-0.08640382,1.529411,189.8721,356.4831,0.6974142,0.003155978,-0.716659,0.1179866,0.008512864,-0.35995,1.523736,-0.1703584,-4.416159,0.5796008,-0.07457907,1.915001,-0.9830571,-0.0613214,0.1727399,-0.06500233,0.9977612,-0.01572807,-0.1713887,-0.02669008,-0.9848422,moving,8.862898051705697,-3.9137419451481947,16.839145218803996,-2.2302377982193775,-0.8766500000000002,-0.17085540959999998,-1.7782200000000006,0.1537198067695848,-0.06744333861443093,0.9858101970895159,9.525261984749932,-2.9120497685451947,8.15122028343741,8.15197553255468,7.3455942934698415
516,05/05/2023 15:31:55.286118,699,True,True,True,True,Eyes,2.420305,0.01014555,-2.566021,-0.320503,-0.1027348,-0.9416599,0.0,0.0,0.0,0.0,0.0,0.0,0.0,2.827758,0.1095435,-2.180548,2.396582,-0.001706024,-2.649412,-0.03020602,0.9954684,-0.01044683,-0.08956208,1.501871,190.2383,356.6585,0.6963744,0.003144823,-0.7176697,0.1109074,0.008002092,-0.338353,1.507071,-0.1579036,-4.422662,0.5796005,-0.07190815,1.915003,-0.9821327,-0.058267,0.1789435,-0.06200956,0.9979569,-0.01538834,-0.1776813,-0.02620959,-0.9837393,moving,8.778409628890174,-3.954493361680024,16.839120405015823,-2.150439835556745,-0.8895109999999999,-0.156197576,-1.77325,0.15225851850982303,-0.0681600716499903,0.985987589973582,9.439983600251502,-2.953267368027166,8.259273248511333,8.260125140787276,7.442563906511688
517,05/05/2023 15:31:55.306641,700,True,True,True,True,Eyes,2.418926,0.009529929,-2.570622,-0.3253433,-0.1023341,-0.9400422,0.0,0.0,0.0,0.0,0.0,0.0,0.0,2.839157,0.09793058,-2.175977,2.392713,-0.002850759,-2.660864,-0.02905109,0.9952214,-0.01186023,-0.0924649,1.660637,190.5699,356.8096,0.695358,0.003117995,-0.7186548,0.104253,0.007521966,-0.3180518,1.491368,-0.1547025,-4.428493,0.5796006,-0.06917483,1.915002,-0.9812126,-0.05563123,0.1847352,-0.06001785,0.9980308,-0.01823471,-0.183357,-0.02897953,-0.982619,moving,8.719092858903602,-3.797298331182505,16.839131441471,-2.0687723956325357,-0.9013450000000001,-0.15185174099999998,-1.7676289999999995,0.1512650216811608,-0.06546479035563997,0.9863230318197126,9.380321199084628,-2.8012022905006133,8.301173085808013,8.301977384470042,7.494685035598515
518,05/05/2023 15:31:55.326207,701,True,True,True,True,Eyes,2.417456,0.008936301,-2.575508,-0.3303354,-0.1019726,-0.9383391,0.0,0.0,0.0,0.0,0.0,0.0,0.0,2.849689,0.1016618,-2.17162,2.388599,-0.004221037,-2.672374,-0.02823524,0.9949898,-0.01051855,-0.09532848,1.50791,190.9045,356.893,0.6943572,0.003076204,-0.7196222,0.09799781,0.007070648,-0.2989687,1.476867,-0.157013,-4.434294,0.5796005,-0.06655362,1.915,-0.9802304,-0.05418211,0.1902957,-0.05819298,0.9981843,-0.01554846,-0.1891077,-0.02631494,-0.9816036,moving,8.691695464278185,-3.942797856802702,16.839145291805533,-1.9904477283487436,-0.9117320000000002,-0.152791963,-1.7619200000000004,0.150768030353789,-0.06797452099306135,0.9862294964924403,9.352518858380138,-2.943433713413691,8.376984996566302,8.378102990304523,7.547036348222662
519,05/05/2023 15:31:55.346282,702,True,True,True,True,Eyes,2.415871,0.008410634,-2.580671,-0.3353449,-0.1015215,-0.9366094,0.0,0.0,0.0,0.0,0.0,0.0,0.0,2.860062,0.09754812,-2.167852,2.384405,-0.004314543,-2.683959,-0.02850287,0.9946982,-0.01169524,-0.09811544,1.653763,191.2216,356.8798,0.6933652,0.003021593,-0.7205785,0.09211794,0.00664641,-0.2810306,1.462034,-0.149786,-4.440856,0.5795996,-0.06388391,1.914999,-0.9791223,-0.05440853,0.1958572,-0.05899846,0.9981017,-0.01767332,-0.1945238,-0.0288596,-0.9804735,moving,8.670058578132108,-3.769283617109461,16.839128919583352,-1.910664976081224,-0.922371,-0.145471457,-1.756897,0.15042553954707702,-0.0649909457720694,0.9864828022354178,9.330886559391995,-2.774793572700072,8.376828444355004,8.377838235270241,7.557805340895354
520,05/05/2023 15:31:55.355915,703,True,True,True,True,Eyes,2.414189,0.007872667,-2.58611,-0.3405893,-0.1005904,-0.9348157,0.0,0.0,0.0,0.0,0.0,0.0,0.0,2.870849,0.1086257,-2.163021,2.380111,-0.003237005,-2.695792,-0.02917238,0.9943981,-0.009958129,-0.1011054,1.472873,191.5699,356.7885,0.6923756,0.002957382,-0.7215298,0.08659086,0.006247625,-0.2641688,1.448002,-0.1521661,-4.446966,0.5796001,-0.06116633,1.915001,-0.9778535,-0.05600427,0.2016591,-0.06003156,0.9980996,-0.01390572,-0.2004971,-0.02570366,-0.9793572,moving,8.656111006454138,-3.883143290086442,16.839126032729293,-1.8294410780065697,-0.9321089999999999,-0.148929095,-1.7511739999999998,0.15016585518120645,-0.06695385095508168,0.9863910434473346,9.316688086018669,-2.885961069577854,8.435313954342982,8.436790129909998,7.596269291876227
521,05/05/2023 15:31:55.376106,704,True,True,True,True,Eyes,2.412404,0.007378241,-2.591766,-0.3458,-0.09994001,-0.9329707,0.0,0.0,0.0,0.0,0.0,0.0,0.0,2.882954,0.1426963,-2.155486,2.376059,-0.004212938,-2.707808,-0.02881994,0.9941048,-0.002857623,-0.1044847,0.6706073,191.981,356.7492,0.6913832,0.002884214,-0.7224812,0.0813954,0.005872768,-0.2483186,1.432908,-0.1433435,-4.453566,0.5796006,-0.05853514,1.915,-0.976505,-0.05670293,0.2079022,-0.05789724,0.9983225,0.0003409314,-0.2075727,-0.01170404,-0.9781498,moving,8.618624893509095,-4.644789772266725,16.83914803267446,-1.7507950639525565,-0.9431510000000001,-0.139130562,-1.7457580000000004,0.1493755957761727,-0.08006957788491235,0.9855332397951558,9.278015184718642,-3.628594850602677,8.710204780986476,8.71505628514834,7.790819082944981
522,05/05/2023 15:31:55.396130,705,True,True,True,True,Eyes,2.410476,0.006978383,-2.597669,-0.351068,-0.09929424,-0.9310703,0.0,0.0,0.0,0.0,0.0,0.0,0.0,2.892987,0.1246463,-2.152217,2.371836,-0.003534989,-2.7187,-0.0285863,0.9938197,-0.006187549,-0.1070833,1.055497,192.2704,356.8182,0.6903832,0.002804199,-0.7234373,0.07651168,0.005520402,-0.2334195,1.415807,-0.1152171,-4.460485,0.5796,-0.05581953,1.915002,-0.9754319,-0.05549409,0.2131968,-0.05814442,0.9982891,-0.006176384,-0.2124893,-0.01842085,-0.9769896,moving,8.61831539292748,-4.231689806612537,16.839114996270546,-1.6696160983421653,-0.956029,-0.111682111,-1.7417850000000001,0.1494520193952077,-0.07296105695769511,0.9860734091991216,9.27816757566921,-3.226178176531605,8.607279686381727,8.610793680314016,7.719508494739507
523,05/05/2023 15:31:55.407661,706,True,True,True,True,Eyes,2.408448,0.006639624,-2.603782,-0.3564453,-0.09841956,-0.929118,0.0,0.0,0.0,0.0,0.0,0.0,0.0,2.906687,0.1359816,-2.143029,2.367126,-0.001650603,-2.730677,-0.02814289,0.9934421,-0.003071642,-0.110777,0.7069429,192.7058,356.8333,0.6893711,0.002720733,-0.7244021,0.07192098,0.005189178,-0.2194144,1.402646,-0.1239742,-4.46574,0.5795997,-0.05308975,1.915001,-0.9738732,-0.05523613,0.220274,-0.0565972,0.9983971,0.0001321762,-0.2199283,-0.01233817,-0.9754383,moving,8.53205613530384,-4.535721088292206,16.83911506925629,-1.5880094507512283,-0.9644799999999998,-0.122323597,-1.7350630000000002,0.1479082633807852,-0.0782108050197413,0.985903714978561,9.190806646451842,-3.5239022842160486,8.80896534316258,8.81454661512739,7.889505864945024
524,05/05/2023 15:31:55.426281,707,True,True,True,True,Eyes,2.406351,0.006396888,-2.610099,-0.3620768,-0.09789607,-0.9269934,0.0,0.0,0.0,0.0,0.0,0.0,0.0,2.92284,0.1518444,-2.129446,2.362784,-0.0006509833,-2.741869,-0.02797941,0.9929669,0.0004601243,-0.1150376,0.3164802,193.208,356.8086,0.6883439,0.002635913,-0.7253786,0.06760573,0.004877827,-0.2062495,1.384353,-0.1074993,-4.470976,0.5796003,-0.05028681,1.915,-0.9719669,-0.05567113,0.2284313,-0.0554594,0.9984339,0.007351146,-0.2284828,-0.005523594,-0.9735321,moving,8.403575556263599,-4.898271085690672,16.83913981006744,-1.5042088750740108,-0.978431,-0.1068483167,-1.7291070000000004,0.14562236451124155,-0.0844766560011719,0.9857270589814705,9.060786716777164,-3.8793918745964833,9.084355868360875,9.092766497034289,8.132912831521002
525,05/05/2023 15:31:55.446137,708,True,True,True,True,Eyes,2.351876,0.002765851,-2.772949,-0.5018188,-0.07856812,-0.8613971,0.0,0.0,0.0,0.0,0.0,0.0,0.0,2.942307,0.1487048,-2.112648,2.358699,0.001392368,-2.753016,-0.02911338,0.9923574,-0.001105733,-0.1199088,0.5257801,193.7644,356.7026,0.6872985,0.002552533,-0.7263694,0.06354938,0.004585158,-0.1938745,1.364529,-0.09105969,-4.474135,0.5796,-0.04763864,1.915,-0.9695488,-0.05751659,0.2380492,-0.05804694,0.9983023,0.004787338,-0.2379204,-0.009176467,-0.9712415,moving,16.643206624069954,-3.1963895537827782,16.839131587459715,-1.4250288142535468,-0.99417,-0.092452058,-1.7211190000000003,0.28600185565468467,-0.05342950111858317,0.9567383385097938,17.374902105892424,-2.073311141664882,1.7100367297274646,1.7821631409118597,0.8410232009020393
526,05/05/2023 15:31:55.456068,709,True,True,True,True,Eyes,2.351731,0.002810101,-2.773373,-0.5021507,-0.07857065,-0.8612034,0.0,0.0,0.0,0.0,0.0,0.0,0.0,2.960994,0.1683921,-2.09516,2.354641,0.003528545,-2.764269,-0.0298393,0.9917352,0.002445755,-0.1247596,0.1486481,194.3358,356.5719,0.6819687,0.002348434,-0.7313763,-0.1036866,-0.006583062,-0.6707925,1.343748,-0.09453069,-4.475185,0.5795999,-0.04509006,1.915,-0.9670895,-0.05979563,0.2473111,-0.0585751,0.9982073,0.01229656,-0.247603,-0.002594397,-0.9688584,moving,16.13083484006762,-3.556901187556073,16.83912884659031,-1.3488213412671437,-1.010893,-0.098059235,-1.7109159999999997,0.27733767925497177,-0.059606104376317776,0.9589217344027711,16.857612158416373,-2.433719307718034,2.2408684495976465,2.3188999562860197,1.085055404311382
527,05/05/2023 15:31:55.476171,710,True,True,True,True,Eyes,2.351435,0.002897507,-2.774188,-0.5027438,-0.07870532,-0.860845,0.0,0.0,0.0,0.0,0.0,0.0,0.0,2.977456,0.1813986,-2.080816,2.351138,0.004610264,-2.7749,-0.0303899,0.9911741,0.004619662,-0.1289536,359.9244,194.8276,356.4778,0.6775371,0.002173203,-0.7354842,-0.09746545,-0.006188078,-0.6305449,1.322443,-0.07847917,-4.476814,0.5796003,-0.04245799,1.915002,-0.9648948,-0.0614348,0.2553502,-0.05905191,0.9981102,0.01699555,-0.2559118,0.001320004,-0.9666993,moving,15.7035129717807,-3.7814365268639847,16.839123218871126,-1.270111022098967,-1.0286950000000001,-0.083089434,-1.701914,0.27011324720121366,-0.06349913505359792,0.9607323578362515,16.426274133985835,-2.6601362515394347,2.6772739901782767,2.7561506533896236,1.4500394840733293
528,05/05/2023 15:31:55.496141,711,True,True,True,True,Eyes,2.351008,0.003042242,-2.775379,-0.5036005,-0.07890072,-0.8603262,0.0,0.0,0.0,0.0,0.0,0.0,0.0,2.993575,0.1735301,-2.067624,2.347278,0.005764923,-2.785124,-0.03052595,0.9906427,0.003005043,-0.1329906,0.1240729,195.2883,356.4867,0.6738429,0.002023822,-0.7388707,-0.09161752,-0.005816794,-0.5927122,1.304165,-0.06820793,-4.478806,0.5796002,-0.03981363,1.915001,-0.9627636,-0.06127989,0.2633088,-0.05968131,0.9981182,0.01407317,-0.2636757,-0.00216548,-0.9646093,moving,15.286127155846309,-3.6134959056130427,16.83912877359735,-1.19103038710873,-1.0431130000000002,-0.073972853,-1.6936819999999995,0.2631516821884632,-0.060804229035513656,0.962836432378827,16.005401094696335,-2.5040431757929764,2.812697682285547,2.8775255364774286,1.555347043528888
529,05/05/2023 15:31:55.507933,712,True,True,True,True,Eyes,2.350445,0.003218982,-2.776906,-0.5047519,-0.07905345,-0.8596371,0.0,0.0,0.0,0.0,0.0,0.0,0.0,3.012089,0.1667558,-2.050812,2.343605,0.007273911,-2.795314,-0.02940018,0.9900554,0.003062382,-0.1375376,0.1159327,195.8143,356.6143,0.6707508,0.00189818,-0.7416792,-0.08612047,-0.005467786,-0.5571495,1.286536,-0.07095045,-4.48026,0.5796,-0.03712051,1.915001,-0.9604381,-0.05905799,0.2721597,-0.05737322,0.9982525,0.01415112,-0.2725198,-0.002023405,-0.9621482,moving,14.832113482737213,-3.683986660286424,16.839123291861164,-1.1104862264983137,-1.0570690000000003,-0.07822436099999999,-1.6849460000000005,0.25549318631895857,-0.062120883119754604,0.964812986973087,15.547309433915508,-2.5808772985129433,3.2037902888157563,3.263585889267716,1.9572513758433712
530,05/05/2023 15:31:55.526322,713,True,True,True,True,Eyes,2.349782,0.003445689,-2.778762,-0.5061393,-0.07925546,-0.8588024,0.0,0.0,0.0,0.0,0.0,0.0,0.0,3.030683,0.1548938,-2.033143,2.339858,0.008218868,-2.804941,-0.02749284,0.9894638,0.002840523,-0.1421178,0.1256642,196.3436,356.8349,0.6681477,0.001793883,-0.7440254,-0.08095324,-0.005139719,-0.5237205,1.267036,-0.06522317,-4.480572,0.5796004,-0.03445244,1.915001,-0.9580935,-0.05521371,0.2810847,-0.05359896,0.9984722,0.01343563,-0.281397,-0.002193253,-0.9595889,moving,14.383476810775766,-3.760841188596416,16.839134255333214,-1.0306869160271495,-1.072822,-0.073442038,-1.6756310000000005,0.24790851618046014,-0.06354438255969486,0.966697191596402,15.094634974593985,-2.6638140003940194,3.6163237714643324,3.672056077599937,2.389640519867438
531,05/05/2023 15:31:55.546172,714,True,True,True,True,Eyes,2.348982,0.00373144,-2.780926,-0.507778,-0.07933767,-0.8578269,0.0,0.0,0.0,0.0,0.0,0.0,0.0,3.048219,0.1338357,-2.017182,2.33608,0.009608046,-2.814463,-0.0249754,0.9889093,0.001526993,-0.1463979,0.2459472,196.8356,357.1429,0.66593,0.001709243,-0.7460114,-0.07609604,-0.004831336,-0.4922973,1.247372,-0.05964989,-4.480063,0.5796003,-0.03171527,1.915,-0.9558882,-0.04984391,0.2894721,-0.04894971,0.9987478,0.01033281,-0.2896247,-0.004292575,-0.957131,moving,13.97507332335909,-3.736474434138836,16.83913981006744,-0.9488172357297414,-1.088708,-0.06925793599999999,-1.6656000000000004,0.24101623954997864,-0.0632464963135732,0.9684580561417635,14.68266189640903,-2.647422176417386,3.946671916626536,3.996737356410595,2.74511488586999
532,05/05/2023 15:31:55.556092,715,True,True,True,True,Eyes,2.348055,0.004058198,-2.783385,-0.5095023,-0.07922968,-0.8568139,0.0,0.0,0.0,0.0,0.0,0.0,0.0,3.064848,0.1268741,-2.001125,2.332063,0.01129412,-2.824048,-0.02318236,0.988313,0.002370956,-0.1506474,0.1316792,197.3306,357.3326,0.6638876,0.001640878,-0.7478297,-0.07153028,-0.004541455,-0.4627594,1.228836,-0.05646299,-4.47989,0.5796003,-0.02899753,1.915001,-0.9535359,-0.0465372,0.2976636,-0.04510849,0.9989139,0.01167122,-0.2978835,-0.002298234,-0.9545996,moving,13.590941849763704,-3.9024585717298232,16.83913151446532,-0.8675238913899856,-1.1032270000000002,-0.06775711,-1.6558420000000003,0.23447358188132464,-0.06616081096752614,0.9698684867667696,14.294960517319556,-2.8160245625322546,4.394497440593149,4.445398138727718,3.2045999638269262
533,05/05/2023 15:31:55.576004,716,True,True,True,True,Eyes,2.347008,0.004396445,-2.786114,-0.511461,-0.07899525,-0.8556678,0.0,0.0,0.0,0.0,0.0,0.0,0.0,3.081543,0.1307024,-1.984154,2.3282,0.0125545,-2.83358,-0.02153363,0.9876711,0.005189019,-0.1549689,359.7951,197.8389,357.4699,0.6619979,0.001588274,-0.7495033,-0.06723846,-0.004268968,-0.4349939,1.210117,-0.04599077,-4.479883,0.5796003,-0.02593897,1.915001,-0.9510419,-0.04414455,0.305893,-0.040928,0.9990187,0.01692417,-0.30634,0.003576003,-0.9519156,moving,13.224470278921286,-4.268437206245708,16.83913151446532,-0.7760322969968145,-1.1180829999999997,-0.058545269999999996,-1.646303,0.2281651944254375,-0.07246612480264672,0.9709218778095856,13.924849644117392,-3.1791344159255575,4.9684816228404,5.026198155454129,3.777292497787062
534,05/05/2023 15:31:55.596093,717,True,True,True,True,Eyes,2.345865,0.004755709,-2.789118,-0.513474,-0.07864702,-0.8544935,0.0,0.0,0.0,0.0,0.0,0.0,0.0,3.097924,0.1310058,-1.967318,2.324362,0.01314251,-2.842851,-0.02039534,0.987009,0.006587354,-0.1592287,359.6271,198.3364,357.5723,0.6602408,0.001550164,-0.7510518,-0.06320415,-0.00401283,-0.4088942,1.191305,-0.0298518,-4.479605,0.5796001,-0.02369141,1.915001,-0.9484607,-0.04235857,0.3140516,-0.03816299,0.9990813,0.0194986,-0.314589,0.00650851,-0.9492058,moving,12.863192305428221,-4.449249400135497,16.839126032729293,-0.7087978322054713,-1.1330569999999998,-0.04299431,-1.6367540000000003,0.2219860901158348,-0.07564049730905473,0.9721114827709083,13.56018636910177,-3.3617705673678095,5.400477127751456,5.458848499081138,4.217784922352551
535,05/05/2023 15:31:55.608278,718,True,True,True,True,Eyes,2.344619,0.005130075,-2.792361,-0.515669,-0.07837051,-0.8531961,0.0,0.0,0.0,0.0,0.0,0.0,0.0,3.113737,0.1333088,-1.951391,2.320616,0.01396498,-2.852296,-0.02005699,0.9863356,0.007549335,-0.1633488,359.5222,198.8171,357.5909,0.6585983,0.00152567,-0.7524927,-0.05941191,-0.00377206,-0.3843606,1.172999,-0.01996968,-4.478966,0.5796001,-0.0210443,1.915,-0.9458302,-0.04203219,0.3219306,-0.03709949,0.9990815,0.02144493,-0.3225363,0.008339787,-0.9465206,moving,12.53355288461206,-4.55083298516904,16.839134328329035,-0.6296088981492185,-1.1476169999999999,-0.03393466,-1.6266699999999998,0.21635921848102205,-0.0774641896938317,0.9732358539158069,13.227529411132704,-3.4666569783844885,5.765615789379646,5.823575354462616,4.592660654509905
536,05/05/2023 15:31:55.625950,719,True,True,True,True,Eyes,2.34328,0.005529869,-2.795837,-0.5178462,-0.07820518,-0.8518916,0.0,0.0,0.0,0.0,0.0,0.0,0.0,3.128574,0.1324257,-1.936545,2.316953,0.01471315,-2.861334,-0.02043632,0.985679,0.007033355,-0.1672413,359.5972,199.2681,357.5561,0.6570544,0.001513828,-0.7538412,-0.05584719,-0.003545737,-0.3612989,1.155435,-0.01272756,-4.478685,0.5796005,-0.01831822,1.915002,-0.9432254,-0.04263984,0.3294051,-0.03793477,0.9990658,0.02070086,-0.3299801,0.007029666,-0.9439617,moving,12.226534349747732,-4.466645013948926,16.839128700604455,-0.5480540928707115,-1.1615179999999998,-0.02744071,-1.6173509999999998,0.21116295035837898,-0.07612262688769784,0.974482215977025,12.917901510632644,-3.390166784362793,5.998657177263141,6.0523864262216405,4.8428945091251565
537,05/05/2023 15:31:55.645888,720,True,True,True,True,Eyes,2.341849,0.005930483,-2.799523,-0.5201986,-0.0780588,-0.8504707,0.0,0.0,0.0,0.0,0.0,0.0,0.0,3.143445,0.125072,-1.922101,2.313445,0.01576332,-2.870382,-0.02096759,0.9850222,0.005072127,-0.1710723,359.8385,199.7085,357.5331,0.6555954,0.001514058,-0.7551104,-0.05249636,-0.003332993,-0.339621,1.138943,-0.01221968,-4.478423,0.5795999,-0.01569525,1.915001,-0.9405892,-0.04304248,0.3368073,-0.03957168,0.9990693,0.01716626,-0.3372327,0.002818371,-0.9414172,moving,11.9316577617802,-4.2197415000027885,16.83912055099295,-0.4695827565895251,-1.1745020000000002,-0.027983,-1.608041,0.20620824425528458,-0.07200041711597058,0.9758556610453051,12.620705504421126,-3.1549485144729945,6.1298241734620476,6.176316185907804,5.000621437257235
538,05/05/2023 15:31:55.656032,721,True,True,True,True,Eyes,2.340334,0.006328508,-2.803388,-0.5228036,-0.07778074,-0.8488973,0.0,0.0,0.0,0.0,0.0,0.0,0.0,3.158087,0.1221247,-1.907066,2.309882,0.0161886,-2.879151,-0.02064861,0.9843571,0.00485639,-0.1749031,359.8661,200.1535,357.5728,0.6542084,0.001525158,-0.7563124,-0.04934658,-0.003133013,-0.3192438,1.122994,-0.01678878,-4.478205,0.5795999,-0.01301398,1.915,-0.9379649,-0.04235001,0.3441337,-0.03895242,0.9991001,0.01678386,-0.3445348,0.002337831,-0.9387705,moving,11.656855177007042,-4.191703407900916,16.83912884659031,-0.3893653526086377,-1.186888,-0.03297738,-1.5990540000000002,0.20153138221748176,-0.07159405114425847,0.9768620513959287,12.343514142316891,-3.132577447490243,6.382772947076014,6.427576142931322,5.26647549759648
539,05/05/2023 15:31:55.675924,722,True,True,True,True,Eyes,2.338731,0.006744202,-2.807436,-0.5255265,-0.0776875,-0.8472228,0.0,0.0,0.0,0.0,0.0,0.0,0.0,3.170784,0.1021763,-1.89555,2.306544,0.01658892,-2.887387,-0.02042207,0.9837945,0.001041658,-0.1781296,0.2994289,200.5199,357.6758,0.6528826,0.001545955,-0.7574572,-0.04638578,-0.002945032,-0.3000891,1.106861,-0.01433033,-4.477612,0.5795994,-0.01045924,1.914999,-0.9357054,-0.04055335,0.3504432,-0.03981115,0.9991636,0.009325106,-0.3505284,-0.005225996,-0.9365375,moving,11.443376773300834,-3.778861226523228,16.83912343784145,-0.31293193894136834,-1.199683,-0.030919250000000002,-1.5902249999999998,0.19798498346237867,-0.06460116210273269,0.978073902563972,12.128619864192597,-2.7342457199157666,6.3765313165833435,6.41301394777985,5.2963765295997565
540,05/05/2023 15:31:55.696000,723,True,True,True,True,Eyes,2.337026,0.007175889,-2.811652,-0.5285,-0.07726929,-0.8454096,0.0,0.0,0.0,0.0,0.0,0.0,0.0,3.183598,0.0903644,-1.883032,2.302845,0.01747211,-2.895834,-0.02044203,0.9831755,-0.001283107,-0.1815124,0.5697586,200.9088,357.7229,0.6516081,0.00157595,-0.7585538,-0.04360264,-0.00276833,-0.2820838,1.093253,-0.02458682,-4.477811,0.5795994,-0.007669677,1.914999,-0.9332712,-0.03973039,0.3569695,-0.04066199,0.999161,0.004897924,-0.3568646,-0.009944,-0.9341035,moving,11.236984950658808,-3.4984137508099193,16.83912343784145,-0.22947154162623937,-1.209592,-0.042058929999999994,-1.5819770000000002,0.19451815880223905,-0.05985534626010404,0.9790710946450897,11.920725676312951,-2.464759134565447,6.454455646971802,6.486134349252698,5.40251304151656
541,05/05/2023 15:31:55.708731,724,True,True,True,True,Eyes,2.335235,0.007618314,-2.81603,-0.5316318,-0.07696567,-0.8434713,0.0,0.0,0.0,0.0,0.0,0.0,0.0,3.197788,0.08655218,-1.867428,2.299029,0.01830299,-2.904265,-0.02036892,0.9824616,-0.001875234,-0.1853402,0.6437346,201.3538,357.7459,0.6503766,0.00161463,-0.7596099,-0.04098648,-0.002602231,-0.2651587,1.078733,-0.02970144,-4.477768,0.5796003,-0.005107348,1.915001,-0.9304684,-0.03932824,0.3642556,-0.04071847,0.9991632,0.003865668,-0.3641029,-0.01123505,-0.9312911,moving,10.99837806114489,-3.417176597264082,16.83913151446532,-0.15280868839384593,-1.220296,-0.04800443,-1.573503,0.19045430585113157,-0.0585146111419612,0.9799505685079972,11.680108634997847,-2.3899131081985567,6.660840779667803,6.6910760529929965,5.6231799949831425
542,05/05/2023 15:31:55.726312,725,True,True,True,True,Eyes,2.333362,0.008074896,-2.820573,-0.5348715,-0.07644424,-0.8414682,0.0,0.0,0.0,0.0,0.0,0.0,0.0,3.213295,0.08187684,-1.849145,2.295233,0.01902573,-2.912532,-0.02060021,0.9816529,-0.003029508,-0.1895367,0.788234,201.8408,357.7477,0.6491795,0.001661427,-0.760633,-0.03852729,-0.002446097,-0.2492492,1.062571,-0.02844135,-4.476575,0.5796008,-0.002436582,1.915001,-0.9273031,-0.03929611,0.3722433,-0.04159292,0.9991329,0.001861142,-0.3719936,-0.01375684,-0.9281335,moving,10.722344720852842,-3.249482334322839,16.839145218803996,-0.07290115759779811,-1.2326620000000001,-0.04746708,-1.5640430000000003,0.18576100325634062,-0.055697182999412675,0.9810151112127662,11.401832750166543,-2.2315178101693696,6.865079051190881,6.892453576489241,5.850127582742073
543,05/05/2023 15:31:55.746324,726,True,True,True,True,Eyes,2.331407,0.008502111,-2.825266,-0.5383274,-0.07586575,-0.839314,0.0,0.0,0.0,0.0,0.0,0.0,0.0,3.230472,0.08509078,-1.827519,2.291357,0.01977495,-2.92101,-0.02055312,0.9807357,-0.002241799,-0.1942423,0.7094429,202.3918,357.7393,0.6480108,0.001715869,-0.7616287,-0.03621566,-0.002299331,-0.2342943,1.045387,-0.02978917,-4.474155,0.5796005,0.0003057688,1.915001,-0.9236952,-0.03944346,0.3810929,-0.04118527,0.9991451,0.003587346,-0.3809085,-0.0123818,-0.9245301,moving,10.409150229120172,-3.30121996430896,16.839136996201027,0.0091484346994584,-1.24597,-0.04956412,-1.5531449999999998,0.18038616800956173,-0.05664064717134816,0.9819636753407223,11.085821621510043,-2.2875509136978467,7.20420295678695,7.2320998860627235,6.1947934346178375
544,05/05/2023 15:31:55.756160,727,True,True,True,True,Eyes,2.32935,0.008913256,-2.830083,-0.5419218,-0.07521719,-0.8370562,0.0,0.0,0.0,0.0,0.0,0.0,0.0,3.248928,0.08818007,-1.802952,2.287488,0.01948025,-2.929328,-0.02011399,0.9797235,-0.001242965,-0.1993387,0.5990105,202.9897,357.7696,0.6468638,0.001776397,-0.762603,-0.03404272,-0.002161371,-0.2202366,1.02642,-0.02380657,-4.470593,0.5796002,0.002993618,1.915001,-0.9197192,-0.03891675,0.3906436,-0.03990784,0.9991878,0.00558347,-0.3905436,-0.01045451,-0.9205253,moving,10.058201766283455,-3.3886250232090958,16.83912877359735,0.08956733555572584,-1.261068,-0.043286820000000004,-1.541265,0.1743523950257185,-0.05820284820918281,0.982961655281787,10.731683889764811,-2.379008523673886,7.5922979082901545,7.620944374753627,6.587469148453255
545,05/05/2023 15:31:55.776050,728,True,True,True,True,Eyes,2.327208,0.00932079,-2.835043,-0.5457612,-0.07459891,-0.8346135,0.0,0.0,0.0,0.0,0.0,0.0,0.0,3.267947,0.08136888,-1.777226,2.283742,0.01954284,-2.937476,-0.01998632,0.9786473,-0.002587833,-0.204557,0.7587232,203.5975,357.8186,0.6457335,0.001841925,-0.7635603,-0.03200015,-0.002031689,-0.2070224,1.006303,-0.01748938,-4.465686,0.5796002,0.005611495,1.915002,-0.9155142,-0.0380604,0.4004816,-0.04017783,0.9991877,0.00311153,-0.4002747,-0.01324183,-0.9162998,moving,9.700667556896422,-3.210592290111725,16.839120478004347,0.16789228420059113,-1.2774390000000002,-0.03703222,-1.5282099999999996,0.1682438798846958,-0.05520774126551559,0.984198192117107,10.371200948187141,-2.21200776869487,7.871905347897324,7.897573559375091,6.891872554390616
546,05/05/2023 15:31:55.796081,729,True,True,True,True,Eyes,2.324989,0.009705906,-2.840136,-0.549881,-0.07373207,-0.8319823,0.0,0.0,0.0,0.0,0.0,0.0,0.0,3.288706,0.07874818,-1.74749,2.279645,0.01986631,-2.945901,-0.01959332,0.9774181,-0.002709102,-0.2103869,0.7758203,204.2805,357.8701,0.6446145,0.001911861,-0.764505,-0.03008015,-0.001909788,-0.1946011,0.986251,-0.01960518,-4.460046,0.5796002,0.00827663,1.915002,-0.9107069,-0.0371618,0.4113781,-0.03944164,0.9992175,0.002948503,-0.4111658,-0.0135402,-0.91146,moving,9.294010073398123,-3.16211051329214,16.839120478004347,0.24763055855597843,-1.293394,-0.03947149,-1.514145,0.16126116492461662,-0.05443926691162956,0.9854091955761599,9.9610163741697,-2.172092840889817,8.255325336656124,8.279796204904143,7.291322060711111
547,05/05/2023 15:31:55.809465,730,True,True,True,True,Eyes,2.322685,0.010063,-2.845356,-0.5542803,-0.0729524,-0.8291268,0.0,0.0,0.0,0.0,0.0,0.0,0.0,3.311018,0.07860058,-1.713598,2.275533,0.01965843,-2.95415,-0.01903076,0.9760363,-0.002230617,-0.2167625,0.7222116,205.0295,357.9263,0.6435033,0.001985103,-0.7654404,-0.02827534,-0.0017952,-0.182925,0.9639845,-0.01664445,-4.452879,0.5796005,0.0109663,1.914999,-0.9053038,-0.03618239,0.4232211,-0.03811646,0.9992657,0.003895985,-0.4230514,-0.01260464,-0.9060181,moving,8.844913258628536,-3.190835632063526,16.839153587417975,0.32810243701559294,-1.3115484999999998,-0.03630288,-1.4987290000000004,0.15352768744035167,-0.055001896904345544,0.9866123831770162,9.507931850954806,-2.2081524482090735,8.710291002232118,8.73446069133394,7.75753833326114
548,05/05/2023 15:31:55.826004,731,True,True,True,True,Eyes,2.320254,0.01038949,-2.850684,-0.5588973,-0.07207812,-0.8260984,0.0,0.0,0.0,0.0,0.0,0.0,0.0,3.334379,0.0767414,-1.676794,2.271335,0.01935539,-2.962477,-0.01903176,0.9745063,-0.002810712,-0.223534,0.8013994,205.8239,357.9461,0.6423956,0.002060579,-0.7663701,-0.02657882,-0.001687488,-0.1719495,0.9401555,-0.01181191,-4.443822,0.5796002,0.01364889,1.915,-0.8993406,-0.03583655,0.4357775,-0.03834971,0.9992598,0.003030378,-0.4355636,-0.0139866,-0.9000493,moving,8.36230365980863,-3.0761711323767407,16.839137069198276,0.4083606007173132,-1.3311795000000002,-0.031167300000000002,-1.4813450000000001,0.1452269968024621,-0.05309460384020085,0.9879727204004038,9.021200652936587,-2.1051314679262347,9.142841382449053,9.16507861665594,8.212050425310641
549,05/05/2023 15:31:55.846275,732,True,True,True,True,Eyes,2.317746,0.01067675,-2.85613,-0.5638165,-0.07129005,-0.8228175,0.0,0.0,0.0,0.0,0.0,0.0,0.0,3.358915,0.08023972,-1.636426,2.266993,0.0189754,-2.971031,-0.0190964,0.9728107,-0.002369433,-0.2308006,0.7692156,206.6796,357.9333,0.6412878,0.002137197,-0.767297,-0.02498409,-0.001586239,-0.1616326,0.9153454,-0.01185254,-4.433446,0.5795993,0.01635938,1.915001,-0.8927329,-0.03606064,0.449141,-0.0382481,0.9992594,0.004204899,-0.4489601,-0.01342494,-0.893451,moving,7.847675736026723,-3.0744244658558877,16.839104105782017,0.4894517699595855,-1.3516475999999997,-0.030827939999999998,-1.462415,0.13634705766761052,-0.0531322100683888,0.9892352618695597,8.502042130168743,-2.112685490224419,9.65032090850358,9.671969703873694,8.733711737059714
550,05/05/2023 15:31:55.856369,733,True,True,True,True,Eyes,2.315131,0.01094413,-2.861671,-0.5688319,-0.07051937,-0.819425,0.0,0.0,0.0,0.0,0.0,0.0,0.0,3.383863,0.08237372,-1.593686,2.262763,0.01833165,-2.979383,-0.0194983,0.9709888,-0.002693119,-0.2383136,0.8321587,207.5643,357.9034,0.6401774,0.002213747,-0.7682234,-0.02348504,-0.001491065,-0.1519346,0.8890705,-0.008395864,-4.421586,0.5796002,0.01925249,1.914999,-0.8856527,-0.03658164,0.4629046,-0.03914887,0.9992251,0.004063441,-0.4626946,-0.0145234,-0.8863986,moving,7.309014333731951,-2.977641147070591,16.83914536480715,0.5760051363754546,-1.3736925000000002,-0.026727514,-1.4422029999999997,0.12705167586003893,-0.05152528532036831,0.9905569439772844,7.958745343674836,-2.0280915887819972,10.150795367073682,10.171125767451324,9.25434083494349
551,05/05/2023 15:31:55.876159,734,True,True,True,True,Eyes,2.31244,0.01119159,-2.867334,-0.5741563,-0.06974398,-0.8157698,0.0,0.0,0.0,0.0,0.0,0.0,0.0,3.408669,0.07816735,-1.550094,2.258507,0.01817705,-2.987764,-0.01999604,0.9690823,-0.004397542,-0.245887,1.05182,208.4554,357.9026,0.6390613,0.002289716,-0.7691519,-0.02207594,-0.001401601,-0.1428185,0.8625305,-0.009030024,-4.408448,0.5795996,0.02167013,1.915,-0.8782799,-0.03659302,0.4767455,-0.04091821,0.9991616,0.001310373,-0.4763937,-0.01835669,-0.8790407,moving,6.778960186601205,-2.7279087131453714,16.839120623981625,0.6483310694135627,-1.3959764999999997,-0.027207073999999998,-1.420684,0.11790743193053024,-0.047261023718509605,0.9918993292167284,7.424303643696458,-1.7943471695350253,10.593843740859755,10.611589093777038,9.726533593798917
552,05/05/2023 15:31:55.896065,735,True,True,True,True,Eyes,2.309676,0.01139512,-2.873105,-0.5794417,-0.06877632,-0.8121065,0.0,0.0,0.0,0.0,0.0,0.0,0.0,3.433788,0.08215012,-1.504122,2.254128,0.01793743,-2.996435,-0.01995366,0.9670535,-0.003711712,-0.2537633,0.9916023,209.3886,357.896,0.6379374,0.002364586,-0.770084,-0.02075138,-0.001317505,-0.1342494,0.8361672,-0.01386181,-4.394773,0.5796003,0.02434392,1.915,-0.870412,-0.03670873,0.4909533,-0.04047631,0.9991761,0.002948166,-0.4906571,-0.01730586,-0.8711808,moving,6.217003943049199,-2.7479011909395035,16.83913981006744,0.7283178831789814,-1.4179608000000001,-0.03179924,-1.3983379999999999,0.10817131571985364,-0.04766022742301935,0.9929890746686509,6.8573755087801676,-1.8239296230763156,11.158738463715814,11.176487347492525,10.302892113365033
553,05/05/2023 15:31:55.909977,736,True,True,True,True,Eyes,2.306838,0.01155448,-2.878989,-0.5850424,-0.0678613,-0.8081586,0.0,0.0,0.0,0.0,0.0,0.0,0.0,3.458542,0.08517806,-1.456898,2.249762,0.01704973,-3.004928,-0.01985317,0.9649343,-0.003291213,-0.261719,0.9593776,210.3329,357.9027,0.6368037,0.002437286,-0.7710216,-0.0195063,-0.001238454,-0.1261944,0.8089358,-0.009510849,-4.380111,0.5796005,0.02699109,1.915,-0.8622184,-0.03659127,0.505214,-0.04003676,0.99919,0.004040295,-0.5049526,-0.01674351,-0.862985,moving,5.66641039007814,-2.7444726388012386,16.839145291805533,0.8075055601753114,-1.4408262,-0.026560579,-1.3751830000000003,0.09862423902338735,-0.047648335074960385,0.9939833923316082,6.301936482711515,-1.8304920717142714,11.706078600296182,11.723760246195845,10.86240309472557
554,05/05/2023 15:31:55.926123,737,True,True,True,True,Eyes,2.233959,0.01475563,-3.02884,-0.7208905,-0.0354476,-0.692142,0.0,0.0,0.0,0.0,0.0,0.0,0.0,3.483627,0.08612429,-1.407261,2.245265,0.01615144,-3.013633,-0.01975806,0.9626607,-0.003333041,-0.2699691,0.9789634,211.3136,357.9228,0.6356595,0.002506757,-0.771965,-0.01833592,-0.001164147,-0.1186228,0.7818465,-0.00652145,-4.364602,0.5796003,0.02972502,1.915,-0.8534528,-0.03624098,0.5199089,-0.03984025,0.999197,0.004250958,-0.5196455,-0.01708531,-0.8542114,moving,14.8738545601379,-0.5715437829504246,16.83913981006744,0.8892853416662563,-1.4634185,-0.02267289,-1.3509689999999996,0.2566798808574704,-0.009640953540485596,0.9664484902351679,15.592918738067654,0.451866488089711,2.4149725102623814,2.4487482199930133,1.320758196552463
555,05/05/2023 15:31:55.946223,738,True,True,True,True,Eyes,2.233774,0.01471871,-3.029192,-0.7213867,-0.03545882,-0.691624,0.0,0.0,0.0,0.0,0.0,0.0,0.0,3.508424,0.09018485,-1.356283,2.24078,0.01548268,-3.022472,-0.01955183,0.9602822,-0.00249769,-0.2783339,0.8984831,212.3118,357.9275,0.6306937,0.00266372,-0.7760268,-0.2358744,0.008509153,-0.5610573,0.7541938,-0.005254757,-4.347971,0.5796002,0.03234343,1.915002,-0.844296,-0.03616015,0.5346559,-0.03894092,0.9992229,0.006086899,-0.5344606,-0.01568085,-0.8450481,moving,13.920856711184221,-0.6817836768124238,16.839120478004347,0.9676051815863354,-1.4865862,-0.020737437,-1.3254990000000002,0.24056532116925122,-0.011549647122791846,0.9705641597188495,14.63140341337287,0.32733646417736556,3.3222055293999815,3.352125746290725,2.2986862917670057
556,05/05/2023 15:31:55.956011,739,True,True,True,True,Eyes,2.233384,0.01466765,-3.02988,-0.7223846,-0.03522201,-0.6905938,0.0,0.0,0.0,0.0,0.0,0.0,0.0,3.533259,0.09272784,-1.303049,2.236266,0.01456227,-3.031395,-0.01964366,0.9577443,-0.002440476,-0.2869394,0.9137793,213.3398,357.9236,0.6265232,0.002797973,-0.7793974,-0.221722,0.007998603,-0.5273938,0.7265705,-0.0005318727,-4.33064,0.5796,0.03499989,1.915001,-0.8345598,-0.03622666,0.5497249,-0.03902774,0.9992164,0.006598376,-0.5495333,-0.01594778,-0.8353197,moving,12.975097529807499,-0.6795992026763094,16.839123291861164,1.047060935310296,-1.5096955,-0.0150941427,-1.299245,0.22451253301989843,-0.011558168730577347,0.9744026006516118,13.677316955262702,0.31245507254545457,4.207115259159668,4.232263026080293,3.2460229641459195
557,05/05/2023 15:31:55.976178,740,True,True,True,True,Eyes,2.23282,0.01460791,-3.030908,-0.7238533,-0.03497113,-0.6890671,0.0,0.0,0.0,0.0,0.0,0.0,0.0,3.557819,0.09524591,-1.24828,2.231556,0.01415426,-3.040609,-0.01981032,0.9550687,-0.002379328,-0.2957127,0.9317373,214.3906,357.9118,0.6230056,0.00291256,-0.7822117,-0.2084187,0.007518687,-0.4957502,0.6987284,0.0006821761,-4.312162,0.5796,0.03768642,1.915,-0.8243234,-0.03643323,0.564946,-0.03924762,0.9992038,0.007171479,-0.5647575,-0.01626117,-0.825097,moving,12.045664517278473,-0.6723083076576708,16.839131587459715,1.1274120748852352,-1.5328275999999998,-0.013472083900000001,-1.271553,0.20867746844159912,-0.011475400963330638,0.9779172140290366,12.739706201275629,0.30284173686923704,5.098136631304795,5.1201874973727595,4.181531386851755
558,05/05/2023 15:31:55.996083,741,True,True,True,True,Eyes,2.23207,0.01451835,-3.032254,-0.725691,-0.034442,-0.6871581,0.0,0.0,0.0,0.0,0.0,0.0,0.0,3.581867,0.09985213,-1.192323,2.226892,0.01388081,-3.049939,-0.01993772,0.9522823,-0.001769705,-0.304562,0.8889831,215.4546,357.8853,0.6200218,0.003010145,-0.7845785,-0.1959135,0.007067566,-0.4660052,0.6706809,0.002286226,-4.292938,0.5795998,0.04042098,1.915001,-0.8136892,-0.0368947,0.5801286,-0.03905064,0.9991987,0.008774027,-0.5799874,-0.01551506,-0.8144779,moving,11.135603963390317,-0.7068809395259343,16.839117810124662,1.2091939945446863,-1.5562110999999998,-0.011594584,-1.2429990000000002,0.19311755434063588,-0.01210484848535242,0.9811009204405265,11.821591443726904,0.2527953664633851,5.996054094747507,6.016761035047358,5.10786346462907
559,05/05/2023 15:31:56.010464,742,True,True,True,True,Eyes,2.231167,0.01439714,-3.033914,-0.727956,-0.03398852,-0.6847809,0.0,0.0,0.0,0.0,0.0,0.0,0.0,3.605603,0.1047851,-1.134332,2.222205,0.01305107,-3.059361,-0.01961493,0.9493534,-0.0005827428,-0.3135975,0.7682931,216.5454,357.8864,0.617333,0.003094894,-0.7866955,-0.1841587,0.006643512,-0.4380449,0.6429183,0.005857192,-4.273045,0.5796,0.04310644,1.915002,-0.8025441,-0.0368775,0.5954526,-0.03760849,0.9992298,0.01119593,-0.5954068,-0.01340884,-0.8033128,moving,10.237777920655855,-0.8298042200455823,16.839114996270546,1.2895026017497422,-1.5792867000000002,-0.007193878,-1.2136839999999998,0.1777155827438206,-0.01425177881939081,0.9839787075354364,10.915719583455157,0.11690205397879994,6.912184420291576,6.93318920777396,6.038344579534617
560,05/05/2023 15:31:56.026202,743,True,True,True,True,Eyes,2.230139,0.01427707,-3.035907,-0.7305738,-0.03330389,-0.682021,0.0,0.0,0.0,0.0,0.0,0.0,0.0,3.628345,0.09772932,-1.077427,2.217733,0.01217992,-3.06868,-0.01894095,0.9464175,-0.001618442,-0.3223863,0.8752868,217.6064,358.005,0.6148712,0.003167837,-0.7886208,-0.1731092,0.006244901,-0.4117622,0.6151249,0.01173469,-4.252069,0.5796005,0.04577102,1.915002,-0.791417,-0.03480855,0.6102852,-0.03689561,0.9992772,0.009149157,-0.6101626,-0.01527604,-0.7921293,moving,9.38880405602241,-0.7297015480023259,16.839128700604455,1.369182411839612,-1.6026080999999999,-0.0004452299999999996,-1.1833889999999996,0.1631202886635877,-0.012564774574852592,0.9865261114855313,10.059381004160352,0.19914856631637656,7.721571550585188,7.740326297162695,6.8799678798021295
561,05/05/2023 15:31:56.046252,744,True,True,True,True,Eyes,2.228959,0.01415255,-3.038207,-0.7335409,-0.03256476,-0.6788648,0.0,0.0,0.0,0.0,0.0,0.0,0.0,3.649312,0.09130125,-1.023879,2.213172,0.01201643,-3.078289,-0.01841534,0.9435569,-0.002553174,-0.3306884,0.9739383,218.612,358.105,0.6126083,0.003230178,-0.7903798,-0.1627226,0.005870207,-0.3870564,0.5887747,0.0112388,-4.231442,0.5796014,0.04852267,1.915001,-0.7806121,-0.03306324,0.6241407,-0.03644046,0.9993088,0.007361352,-0.6239526,-0.01699761,-0.7812773,moving,8.626305005590945,-0.6264105226612299,16.839161664007786,1.4514610997832569,-1.6243973,-0.0007776299999999996,-1.1531530000000005,0.14998052220328784,-0.010809048629063657,0.9886299305974264,9.29028244827469,0.2860562625305223,8.454314050105095,8.471632957763333,7.638307786965592
562,05/05/2023 15:31:56.056049,745,True,True,True,True,Eyes,2.227642,0.01402857,-3.040797,-0.7367291,-0.03188553,-0.6754358,0.0,0.0,0.0,0.0,0.0,0.0,0.0,3.66883,0.09150647,-0.9720287,2.208436,0.0117652,-3.088072,-0.01767048,0.9407205,-0.001651278,-0.3387183,0.8639048,219.5902,358.1587,0.6105186,0.003282847,-0.7919948,-0.1529593,0.005517995,-0.363833,0.5639965,0.01137984,-4.212307,0.5796006,0.05111266,1.915001,-0.7699155,-0.03212733,0.637337,-0.0343646,0.99937,0.008863848,-0.6372202,-0.01507741,-0.7705346,moving,7.919069040351124,-0.7251360667373324,16.839139737068763,1.528899761492519,-1.6444394999999998,-0.0003853599999999995,-1.124235,0.13776337112924025,-0.012535004165763003,0.9903858343986461,8.576706494895632,0.17716297527531677,9.182266879488603,9.20045318173972,8.37227540281496
563,05/05/2023 15:31:56.075815,746,True,True,True,True,Eyes,2.226186,0.0139106,-3.043681,-0.7402067,-0.03124128,-0.6716533,0.0,0.0,0.0,0.0,0.0,0.0,0.0,3.687105,0.0897803,-0.9227581,2.204025,0.01165196,-3.097808,-0.01785658,0.9379403,-0.002501653,-0.3463279,0.9775862,220.5171,358.1795,0.6085799,0.003326811,-0.7934853,-0.1437817,0.005186915,-0.342003,0.540068,0.01804974,-4.193769,0.5795996,0.05381269,1.915001,-0.7594765,-0.03176403,0.6497592,-0.0352296,0.9993497,0.007675666,-0.6495805,-0.01706127,-0.7601016,moving,7.282156342340176,-0.5949074986812058,16.839112328387838,1.6096225805815938,-1.6639570000000001,0.006397780000000002,-1.0959609999999995,0.1267489816845283,-0.010299168744850618,0.9918814215756431,7.93433068477988,0.2925705983202225,9.790743834306785,9.8079233576546,9.00165329505174
564,05/05/2023 15:31:56.096142,747,True,True,True,True,Eyes,2.224602,0.01380734,-3.046827,-0.7442229,-0.03077603,-0.6672219,0.0,0.0,0.0,0.0,0.0,0.0,0.0,3.704676,0.08989069,-0.8736768,2.199318,0.01167959,-3.107872,-0.01778353,0.9351112,-0.002515191,-0.3538991,0.9907575,221.4434,358.1958,0.6067711,0.003363098,-0.7948692,-0.1351548,0.0048757,-0.3214829,0.5178969,0.01698902,-4.176369,0.5796002,0.05645654,1.915001,-0.7488785,-0.03147891,0.6619595,-0.03503941,0.9993548,0.007883186,-0.6617807,-0.01729112,-0.7494983,moving,6.697833297261128,-0.5733784568973964,16.83912877359735,1.6886595948077368,-1.6814211,0.00530943,-1.0684970000000003,0.11662741568635515,-0.009938883074979124,0.9931259825722643,7.3448854533330135,0.30303415932293526,10.373154011762121,10.390509616266156,9.594822253270062
565,05/05/2023 15:31:56.115924,748,True,True,True,True,Eyes,2.222892,0.01369612,-3.050241,-0.7484732,-0.03026436,-0.6624742,0.0,0.0,0.0,0.0,0.0,0.0,0.0,3.721377,0.08416452,-0.8258243,2.194945,0.01193859,-3.117658,-0.01759316,0.9323152,-0.003674024,-0.3612003,1.120777,222.3381,358.2719,0.6050745,0.003392851,-0.7961614,-0.1270455,0.004583159,-0.3021939,0.4958861,0.01942318,-4.159024,0.5796009,0.05913944,1.915001,-0.7384499,-0.03015063,0.6736342,-0.03545886,0.9993539,0.005858614,-0.6733755,-0.01956001,-0.7390419,moving,6.163163284989015,-0.4371760317648865,16.83914795967149,1.7688574231060274,-1.6990589000000003,0.007484590000000001,-1.0413659999999996,0.10735708964102347,-0.007585989733935593,0.994191649700225,6.805659545901459,0.4261000547652467,10.884708980932261,10.901524314427995,10.122938659277299
566,05/05/2023 15:31:56.126361,749,True,True,True,True,Eyes,2.221068,0.01360006,-3.05389,-0.7531825,-0.02982134,-0.6571352,0.0,0.0,0.0,0.0,0.0,0.0,0.0,3.737492,0.08176836,-0.7771091,2.190264,0.01161996,-3.127624,-0.01672155,0.9294384,-0.003155801,-0.3685849,1.042432,223.2483,358.3518,0.6034732,0.003416506,-0.7973756,-0.1194228,0.004308169,-0.2840622,0.475231,0.01882356,-4.142123,0.5796006,0.06185767,1.915001,-0.7277314,-0.02875694,0.6852593,-0.03340966,0.9994209,0.006460375,-0.6850483,-0.01819287,-0.7282706,moving,5.662461466715664,-0.5116242267402822,16.839139737068763,1.8501042717686567,-1.715033,0.007203599999999999,-1.0144989999999998,0.09866389470574766,-0.008885839762299402,0.9950810717915893,6.300464085139533,0.34457110037658545,11.405465389075866,11.4234801465951,10.645671168448134
567,05/05/2023 15:31:56.135829,750,True,True,True,True,Eyes,2.219123,0.01359771,-3.057787,-0.7580512,-0.0294532,-0.6515296,0.0,0.0,0.0,0.0,0.0,0.0,0.0,3.752462,0.07630772,-0.7305341,2.185938,0.01187719,-3.137197,-0.01621255,0.9266399,-0.003764721,-0.3755815,1.097588,224.112,358.44,0.6019535,0.003435066,-0.7985235,-0.1122574,0.004049679,-0.2670185,0.4544493,0.02453354,-4.12467,0.5796008,0.0644578,1.915,-0.7173514,-0.02721847,0.6961796,-0.03287431,0.9994459,0.005201185,-0.6959355,-0.01915535,-0.7178488,moving,5.221824568600097,-0.4548267425872574,16.839153514412075,1.9278152029588356,-1.7314887,0.01265635,-0.987473,0.09100906963534777,-0.007905197764500469,0.9958186529585861,5.85601017701539,0.3919756757692273,11.84085000981619,11.859144761570143,11.090006340082912
568,05/05/2023 15:31:56.166031,751,True,True,True,True,Eyes,2.217066,0.01368197,-3.061956,-0.7632235,-0.02856528,-0.6455027,0.0,0.0,0.0,0.0,0.0,0.0,0.0,3.766621,0.0753763,-0.6850071,2.181139,0.01413739,-3.147188,-0.01662649,0.9238085,-0.00422652,-0.3824703,1.176208,224.9644,358.4246,0.600502,0.003451511,-0.7996156,-0.105522,0.003806698,-0.2509974,0.435229,0.02675593,-4.108022,0.5796003,0.06737439,1.915001,-0.7068799,-0.02748635,0.7067991,-0.03395241,0.9994114,0.004909288,-0.706518,-0.02052726,-0.707397,moving,4.821585973565282,-0.33373543869955163,16.83913151446532,2.014973686728858,-1.7459099999999999,0.012618540000000001,-0.9608340000000002,0.08405183910221647,-0.005804137222741465,0.9964443899263286,5.45238269017071,0.5027387773044624,12.226509102663439,12.2449105910773,11.486727262752279
569,05/05/2023 15:31:56.176058,752,True,True,True,True,Eyes,2.214895,0.01380799,-3.066347,-0.76856,-0.02760122,-0.6391821,0.0,0.0,0.0,0.0,0.0,0.0,0.0,3.780105,0.09067376,-0.6374135,2.175864,0.01613123,-3.157381,-0.0157088,0.9208511,0.001262357,-0.389596,0.5681133,225.8562,358.2857,0.5991068,0.003468329,-0.8006611,-0.09919067,0.003578296,-0.2359376,0.4160713,0.02888913,-4.091848,0.5795995,0.07003374,1.914999,-0.6959366,-0.02991455,0.7174802,-0.02794731,0.9995033,0.01456506,-0.7175595,-0.009915285,-0.696427,moving,4.422084939189775,-0.8860613794129555,16.83912617871244,2.0944398712421677,-1.7597926999999998,0.012757899999999999,-0.9344669999999997,0.07709417862135537,-0.015418048548603363,0.9969046239774144,5.048741861263976,-0.042495746622571606,12.746635887766027,12.769741612466689,11.98247287449605
570,05/05/2023 15:31:56.196022,753,True,True,True,True,Eyes,2.212625,0.01399446,-3.070952,-0.7741028,-0.02656261,-0.6325024,0.0,0.0,0.0,0.0,0.0,0.0,0.0,3.793499,0.1052376,-0.585845,2.171043,0.01723311,-3.167206,-0.0164586,0.9176288,0.003787485,-0.3970796,0.3506377,226.7927,358.0966,0.5977579,0.003486573,-0.8016686,-0.09323923,0.003363598,-0.2217813,0.39635,0.05219905,-4.074132,0.5796,0.07243003,1.914999,-0.6841139,-0.03321365,0.7286187,-0.02719791,0.9994295,0.02002177,-0.7288681,-0.006119744,-0.6846269,moving,3.9918806188305433,-1.0429231442349984,16.839139883066203,2.166036557775057,-1.774693,0.03496594,-0.9069259999999995,0.0696036318644701,-0.01815729412333375,0.9974094697389866,4.614572110797907,-0.20304016963416438,13.21713587273218,13.241959559355763,12.452011153188574
571,05/05/2023 15:31:56.210920,754,True,True,True,True,Eyes,2.210255,0.01424328,-3.075754,-0.7797657,-0.0254511,-0.625554,0.0,0.0,0.0,0.0,0.0,0.0,0.0,3.806178,0.1158085,-0.5344682,2.166303,0.01883491,-3.176923,-0.01796408,0.9143608,0.004263249,-0.4044791,0.3859411,227.7186,357.9196,0.5964463,0.003507686,-0.802645,-0.08764488,0.003161782,-0.2084744,0.3767015,0.0614618,-4.054453,0.5795999,0.07524155,1.915001,-0.6721478,-0.03630009,0.7395265,-0.02940251,0.9993182,0.02232848,-0.7398329,-0.006735891,-0.672757,moving,3.5796701720959065,-0.94579841443677,16.83912055099295,2.250028552641058,-1.7896015,0.04262689,-0.8775299999999997,0.0624279234920882,-0.016474351216275405,0.9979135545848493,4.198840375247473,-0.1158394717563026,13.614168541486517,13.639147127072675,12.859782829822981
572,05/05/2023 15:31:56.226016,755,True,True,True,True,Eyes,2.207779,0.01452108,-3.08073,-0.7855039,-0.0242343,-0.6183821,0.0,0.0,0.0,0.0,0.0,0.0,0.0,3.818067,0.1251061,-0.4837022,2.161629,0.02055232,-3.186564,-0.01820764,0.9111084,0.006493923,-0.4117134,0.1810161,228.6312,357.7921,0.5951639,0.003533012,-0.8035963,-0.08238618,0.002972075,-0.195966,0.3576592,0.06260837,-4.034887,0.5795996,0.07776523,1.915,-0.6603212,-0.03852554,0.7499945,-0.027831,0.9992526,0.02682599,-0.7504675,-0.003159321,-0.6608999,moving,3.201367258057807,-1.0871462851760536,16.839120623981625,2.3254165614227187,-1.8039698,0.04205605,-0.8483230000000002,0.05583531254181212,-0.01894354631165788,0.9982603166201718,3.8170465991476172,-0.2603375581453511,14.031479771950155,14.058232536551412,13.2763148604995
573,05/05/2023 15:31:56.245838,756,True,True,True,True,Eyes,2.205205,0.01483209,-3.085863,-0.7913094,-0.02305584,-0.6109811,0.0,0.0,0.0,0.0,0.0,0.0,0.0,3.829077,0.1273072,-0.4347682,2.156787,0.02149907,-3.196069,-0.01803011,0.9079177,0.007485339,-0.4186937,0.08628992,229.5127,357.7644,0.5939044,0.00356287,-0.8045275,-0.07744301,0.002793751,-0.184208,0.339525,0.07250975,-4.015334,0.5795997,0.080397,1.915,-0.6487412,-0.03900784,0.7600089,-0.02647158,0.9992378,0.02869033,-0.7605487,-0.001506041,-0.6492795,moving,2.8609810625884404,-1.1256353385214746,16.839123364851268,2.4040236541839466,-1.817262,0.05101068,-0.8192650000000001,0.04990318462106036,-0.019620303274355346,0.9985613444890478,3.4736191777837675,-0.30395357216978947,14.38895744604527,14.416898238771605,13.637076036781835
574,05/05/2023 15:31:56.256026,757,True,True,True,True,Eyes,2.202512,0.01516637,-3.091117,-0.7971498,-0.02187206,-0.6033853,0.0,0.0,0.0,0.0,0.0,0.0,0.0,3.839185,0.1213163,-0.3872404,2.151938,0.02260472,-3.205101,-0.01737134,0.9047912,0.00727787,-0.4254388,0.09230252,230.3647,357.8436,0.592662,0.003597661,-0.805443,-0.07279643,0.002626126,-0.1731555,0.3221242,0.07911558,-3.996553,0.5795993,0.08317289,1.915001,-0.6374,-0.03762745,0.7696136,-0.0252423,0.9992905,0.02795079,-0.7701193,-0.001610982,-0.6378976,moving,2.5539740640939685,-1.0668079471003022,16.839104105782017,2.486924284637561,-1.8298138,0.05651086000000001,-0.791452,0.04455278811223684,-0.018599748143241918,0.9988338747485529,3.163974391975267,-0.25216823527502163,14.691915613597677,14.720528288170604,13.946748743778292
575,05/05/2023 15:31:56.275968,758,True,True,True,True,Eyes,2.19972,0.0154969,-3.096492,-0.8030463,-0.02074721,-0.5955554,0.0,0.0,0.0,0.0,0.0,0.0,0.0,3.848466,0.1142607,-0.3394828,2.146846,0.02351756,-3.213953,-0.01640082,0.9016131,0.007287232,-0.4321709,0.0593232,231.2186,357.9442,0.5914307,0.00363751,-0.8063473,-0.06842864,0.002468558,-0.1627662,0.3055541,0.08355993,-3.978206,0.5796,0.08591008,1.914999,-0.6259188,-0.03587304,0.7790629,-0.02327573,0.9993558,0.02731644,-0.779541,-0.001035386,-0.6263505,moving,2.25903644703682,-1.050006670671139,16.839139883066203,2.5686628737403034,-1.8412919,0.060042370000000005,-0.7642530000000001,0.039410801638314064,-0.018310811313034546,0.9990553258148009,2.8664580209963573,-0.24110566391942445,14.992852051686693,15.022456040107647,14.252390594347256
576,05/05/2023 15:31:56.296020,759,True,True,True,True,Eyes,2.196863,0.01581052,-3.102005,-0.8093342,-0.01974087,-0.5870166,0.0,0.0,0.0,0.0,0.0,0.0,0.0,3.856846,0.1088213,-0.2899294,2.141732,0.02392092,-3.222356,-0.01589532,0.8983006,0.006802715,-0.4390411,0.09944429,232.0921,358.0211,0.5902067,0.003681787,-0.8072435,-0.06432293,0.002320445,-0.1530002,0.2891851,0.08909503,-3.959455,0.5795996,0.08840917,1.915,-0.6139803,-0.03453089,0.7885655,-0.0225842,0.9994021,0.02617916,-0.7889979,-0.00173563,-0.614393,moving,1.9886172173868835,-0.9642550480686823,16.839120623981625,2.6432783930073205,-1.8525469,0.06517411000000001,-0.7370990000000002,0.03469604252538283,-0.016818498983859318,0.9992564038516659,2.593753531183112,-0.16243399993730767,15.252342876234772,15.282399973752934,14.519039418656796
577,05/05/2023 15:31:56.311184,760,True,True,True,True,Eyes,2.193913,0.01614678,-3.107606,-0.8156468,-0.01897237,-0.578239,0.0,0.0,0.0,0.0,0.0,0.0,0.0,3.864238,0.1082785,-0.239223,2.136683,0.02379528,-3.230372,-0.0167803,0.8948729,0.00504151,-0.4459771,0.3405816,232.9746,358.0212,0.5889866,0.003729582,-0.808134,-0.06046355,0.002181218,-0.1438202,0.2728803,0.09165527,-3.939481,0.5795996,0.09112666,1.914999,-0.6016458,-0.03452926,0.7980164,-0.02553567,0.999386,0.02399028,-0.7983547,-0.005944235,-0.6021581,moving,1.7158911986686953,-0.6881463134172557,16.839128919583352,2.7244073847906605,-1.8638027000000001,0.06785999,-0.7091089999999998,0.02994131680610357,-0.012004745479039625,0.9994795635372227,2.3189360318028207,0.10163297614319178,15.474026927058008,15.503478380881127,14.755166793262909
578,05/05/2023 15:31:56.326225,761,True,True,True,True,Eyes,2.190867,0.01649517,-3.113304,-0.8221148,-0.01840552,-0.5690241,0.0,0.0,0.0,0.0,0.0,0.0,0.0,3.870611,0.1181445,-0.1862226,2.131546,0.02455963,-3.238237,-0.01896919,0.8912383,0.003891798,-0.4531218,0.5875023,233.8882,357.86,0.5877674,0.003781117,-0.8090209,-0.05683574,0.002050345,-0.135191,0.2567261,0.08609988,-3.918725,0.5795993,0.09375849,1.914999,-0.5886417,-0.03733906,0.8075312,-0.03028523,0.9992501,0.02412774,-0.8078265,-0.01025367,-0.589331,moving,1.4390840710304105,-0.41398494278555215,16.839120696970383,2.802967298665538,-1.8748199,0.061540250000000005,-0.680488,0.025113458540199862,-0.007223058379751948,0.9996584794589165,2.039999289091006,0.363729524867597,15.703502649879134,15.732447673647918,14.99879579707239
579,05/05/2023 15:31:56.346171,762,True,True,True,True,Eyes,2.187721,0.0168311,-3.11908,-0.8286418,-0.01787713,-0.5594938,0.0,0.0,0.0,0.0,0.0,0.0,0.0,3.875964,0.1396798,-0.1272397,2.126086,0.0251858,-3.246216,-0.02118512,0.8871741,0.00566492,-0.4609137,0.5430279,234.8948,357.5462,0.5865461,0.003836331,-0.8099065,-0.05342559,0.001927324,-0.1270795,0.2404522,0.07993177,-3.896427,0.5796003,0.09672217,1.914999,-0.5742198,-0.04281185,0.8175813,-0.03236769,0.9990382,0.02958056,-0.8180614,-0.009477483,-0.5750532,moving,1.0976628991403161,-0.4348930525812128,16.839148105677506,2.8914202689921624,-1.8856338,0.05474597,-0.6502110000000001,0.019156109475303496,-0.007588850525076003,0.9997877722497887,1.6955475492495513,0.3372214117157344,16.05870706736458,16.08908688586477,15.357492295787006
580,05/05/2023 15:31:56.356120,763,True,True,True,True,Eyes,2.184452,0.01715658,-3.124884,-0.8351911,-0.01741358,-0.5496839,0.0,0.0,0.0,0.0,0.0,0.0,0.0,3.880396,0.1577701,-0.0631032,2.12061,0.02522188,-3.254033,-0.02288374,0.8827513,0.007298746,-0.4692262,0.4921394,235.9741,357.2916,0.5853206,0.003894491,-0.8107924,-0.05022006,0.001811685,-0.1194548,0.2234723,0.08125825,-3.87064,0.5796004,0.09913093,1.915,-0.5586061,-0.04725083,0.828086,-0.03355177,0.9988461,0.03436125,-0.828754,-0.008589344,-0.5595468,moving,0.6979154385797254,-0.4732561676661837,16.83914255093653,2.9632996030983545,-1.8971377,0.05603637,-0.6166069999999997,0.012180204390017213,-0.008259170844537946,0.9998916065878414,1.292236182629226,0.2926604732025366,16.4714601539649,16.503003613229243,15.77461920260026
581,05/05/2023 15:31:56.375890,764,True,True,True,True,Eyes,2.181076,0.01747977,-3.130741,-0.8417568,-0.01701048,-0.5395887,0.0,0.0,0.0,0.0,0.0,0.0,0.0,3.884056,0.1615077,-0.001172066,2.115014,0.02538864,-3.261603,-0.02365162,0.8784192,0.006830279,-0.4772566,0.6059762,237.017,357.2445,0.584088,0.003955061,-0.8116804,-0.04720685,0.001702984,-0.1122875,0.2063606,0.08309603,-3.842108,0.5796,0.1018268,1.915,-0.5433336,-0.04807166,0.8381395,-0.03503247,0.9987879,0.03457547,-0.8387856,-0.01057608,-0.5443591,moving,0.339306645051809,-0.3528113003923616,16.839131587459715,3.0437371363323713,-1.9086534,0.05770739,-0.580505,0.005921870748899494,-0.006157571427108011,0.9999634231834253,0.9306044229383903,0.4035425556806715,16.813741946033986,16.845793671214285,16.12612364978067
582,05/05/2023 15:31:56.396146,765,True,True,True,True,Eyes,2.177593,0.01778837,-3.136627,-0.8481712,-0.01661715,-0.5294615,0.0,0.0,0.0,0.0,0.0,0.0,0.0,3.886606,0.1584262,0.06089067,2.109096,0.02566616,-3.268878,-0.02350379,0.8740302,0.006228374,-0.4852629,0.6831802,238.0621,357.2984,0.5828472,0.004017706,-0.8125715,-0.04437444,0.001600805,-0.1055502,0.1901641,0.08162153,-3.814652,0.5795997,0.104475,1.914999,-0.5279351,-0.04713084,0.8479761,-0.03504125,0.9988176,0.03369861,-0.8485616,-0.01192346,-0.5289624,moving,-0.02338735345480251,-0.27035928122822667,16.839131660454186,3.122742262915818,-1.9189319,0.05595537,-0.5457740000000002,-0.00040818176431051123,-0.004718641703172425,0.9999887809240348,0.5648087470840969,0.47734034950459964,17.167716804316527,17.20051410811069,16.48792702470879
583,05/05/2023 15:31:56.411328,766,True,True,True,True,Eyes,2.17399,0.018084,-3.142538,-0.8546182,-0.0163731,-0.5189987,0.0,0.0,0.0,0.0,0.0,0.0,0.0,3.887849,0.1482513,0.1245122,2.103044,0.025643,-3.275577,-0.02326722,0.8694865,0.00374711,-0.4933943,0.9421973,239.1251,357.4687,0.5815969,0.004081822,-0.8134667,-0.04171197,0.001504756,-0.09921722,0.1743544,0.0825689,-3.786742,0.5795996,0.1071799,1.915,-0.5120414,-0.04415867,0.857825,-0.03676345,0.9988891,0.02947594,-0.8581736,-0.0164437,-0.5130961,moving,-0.39460170377927833,-0.013417317363360392,16.839120623981625,3.2034233893012822,-1.9286896000000002,0.0569259,-0.5111649999999996,-0.006887044320163238,-0.00023417080853807386,0.9999762549986397,0.1906139272709229,0.7209646690244275,17.498627790164477,17.53137899317733,16.83256892242832
584,05/05/2023 15:31:56.426084,767,True,True,True,True,Eyes,2.170299,0.01838634,-3.148479,-0.8609439,-0.01613691,-0.508444,0.0,0.0,0.0,0.0,0.0,0.0,0.0,3.887598,0.1368976,0.1930809,2.096591,0.02565737,-3.282237,0.0228542,-0.8645329,-0.001220486,0.502055,1.194006,240.2652,357.6645,0.5803354,0.004146925,-0.8143668,-0.03920926,0.001414471,-0.09326418,0.1588145,0.07852285,-3.757715,0.5795999,0.1100862,1.915,-0.4948371,-0.04074191,0.8680303,-0.0382909,0.9989524,0.02505843,-0.8681418,-0.02083782,-0.4958789,moving,-0.8400160193525903,0.23525439184560068,16.83912884659031,3.2900993965203558,-1.9377765,0.052865480000000006,-0.4754780000000003,-0.014660397269029957,0.004105511121460369,0.9998841520285757,-0.25844367245249833,0.9551980214384852,17.9081463154785,17.941132661946998,17.25626699130745
585,05/05/2023 15:31:56.445991,768,True,True,True,True,Eyes,2.166494,0.01870386,-3.154418,-0.8672712,-0.01614409,-0.497574,0.0,0.0,0.0,0.0,0.0,0.0,0.0,3.88589,0.1246112,0.2609344,2.090433,0.0261144,-3.288337,0.02294585,-0.8595552,0.002502106,0.5105214,1.589021,241.3859,357.885,0.5790619,0.004213085,-0.8152723,0.0,0.0,0.0,0.1429817,0.07458074,-3.725914,0.5796002,0.1125597,1.915,-0.4776828,-0.0368917,0.8777574,-0.04200122,0.9989344,0.0191273,-0.8775278,-0.0277301,-0.4787233,moving,-1.2534142410637181,0.6179402826843081,16.839137069198276,3.363855939879047,-1.9474513,0.04846634000000001,-0.4375770000000001,-0.02187318736047128,0.010782302381164652,0.9997025343057919,-0.6750524709134302,1.320557390578059,18.267045715825905,18.299739498443422,17.63297774649914
586,05/05/2023 15:31:56.456118,769,True,True,True,True,Eyes,2.162575,0.01901338,-3.16033,-0.8733471,-0.0162081,-0.4868288,0.0,0.0,0.0,0.0,0.0,0.0,0.0,3.882797,0.1135868,0.3282418,2.083955,0.02685235,-3.294414,0.02321449,-0.8545012,0.006240258,0.5188931,1.99179,242.5031,358.0964,0.5777762,0.004280566,-0.8161836,0.0,0.0,0.0,0.1282589,0.06682267,-3.694139,0.5796,0.1153167,1.915,-0.4604225,-0.03319757,0.8870791,-0.04614968,0.9988443,0.01342706,-0.8864996,-0.03475629,-0.4614224,moving,-1.674060809704731,1.0076629721460935,16.839131587459715,3.4460529208019115,-1.9556961,0.039970320000000004,-0.39972499999999966,-0.029209204106192432,0.017578627590773527,0.9994188082785752,-1.0989655414564454,1.6926413116484316,18.640143269344733,18.673083255748985,18.023589566940995
587,05/05/2023 15:31:56.475959,770,True,True,True,True,Eyes,2.158556,0.0192919,-3.166215,-0.8793857,-0.01657088,-0.4758216,0.0,0.0,0.0,0.0,0.0,0.0,0.0,3.878426,0.1025608,0.3928695,2.07747,0.02701148,-3.300066,0.0228844,-0.8495765,0.00901747,0.5268918,2.260175,243.5796,358.315,0.5764778,0.004349031,-0.8171009,0.0,0.0,0.0,0.1140021,0.05890849,-3.662302,0.5796,0.1179921,1.915,-0.4437229,-0.02938164,0.8956824,-0.04838656,0.99879,0.008793148,-0.894857,-0.03943727,-0.4446076,moving,-2.034604704066255,1.2508317628003296,16.839131587459715,3.525803513770428,-1.9634679,0.03189701,-0.3622359999999998,-0.03549463901508171,0.02181564313068949,0.9991317264360131,-1.4624114165395132,1.9230403714646185,18.976484984594673,19.010350287929374,18.371590187503287
588,05/05/2023 15:31:56.486052,771,True,True,True,True,Eyes,2.154452,0.01956298,-3.172078,-0.8851102,-0.0170768,-0.4650682,0.0,0.0,0.0,0.0,0.0,0.0,0.0,3.873053,0.09635167,0.4543185,2.071091,0.02661591,-3.305466,0.02386555,-0.8447437,0.01332242,0.5344728,2.752346,244.6075,358.5038,0.5751656,0.004417611,-0.8180246,0.0,0.0,0.0,0.1008042,0.05486368,-3.631292,0.5796005,0.12055,1.915001,-0.4275388,-0.02607961,0.9036208,-0.05456149,0.9985059,0.003002914,-0.9023491,-0.04801903,-0.4283229,moving,-2.3727012217941468,1.7117174929698815,16.839136996201027,3.602036906233834,-1.9702868,0.02824777,-0.32582600000000017,-0.04138117370323463,0.029845077743537035,0.99869764377961,-1.8029673423724664,2.3659325811564123,19.26996335959128,19.30461175985113,18.683040653831906
589,05/05/2023 15:31:56.511595,772,True,True,True,True,Eyes,2.150241,0.01983025,-3.177908,-0.8907787,-0.0176781,-0.4540934,0.0,0.0,0.0,0.0,0.0,0.0,0.0,3.86695,0.0961927,0.510581,2.064765,0.0267419,-3.310481,0.02526049,-0.8402011,0.01662498,0.541431,3.169516,245.5572,358.5971,0.5738405,0.004486069,-0.8189543,0.0,0.0,0.0,0.08856262,0.04266293,-3.601595,0.5796,0.1233035,1.915001,-0.4124286,-0.02444523,0.9106619,-0.06045034,0.998171,-0.0005830123,-0.908982,-0.05529028,-0.4131519,moving,-2.621687361816375,2.0920485192851346,16.839123291861164,3.6840874871317406,-1.97620238,0.015921030000000003,-0.2911140000000003,-0.04571068750338503,0.036466864508681834,0.9982888982442574,-2.053718655289316,2.731954891749923,19.489723637726698,19.52582237380621,18.91681879490305
590,05/05/2023 15:31:56.526231,773,True,True,True,True,Eyes,2.145932,0.02010062,-3.183753,-0.8965656,-0.01786115,-0.4425508,0.0,0.0,0.0,0.0,0.0,0.0,0.0,3.859843,0.1029831,0.566432,2.058011,0.02694329,-3.315675,0.02642622,-0.8356231,0.01739278,0.5483915,3.327974,246.5093,358.5599,0.5725021,0.004554322,-0.8198901,0.0,0.0,0.0,0.07741593,0.03225858,-3.57392,0.5796003,0.1257961,1.915,-0.3971368,-0.02508861,0.9174164,-0.06324082,0.9979983,-8.379754e-05,-0.9155779,-0.05805144,-0.3979285,moving,-2.8392228878012378,2.2327500567470167,16.83913981006744,3.758352520179982,-1.9805950700000001,0.00531529,-0.25824500000000006,-0.04949599904054314,0.03891122869993832,0.9980161164647405,-2.2730118677842555,2.8651072452961714,19.69972707807249,19.737411718492933,19.13301410855884
591,05/05/2023 15:31:56.546235,774,True,True,True,True,Eyes,2.141497,0.02034168,-3.189567,-0.9022614,-0.0178936,-0.4308182,0.0,0.0,0.0,0.0,0.0,0.0,0.0,3.851767,0.1133504,0.621069,2.050921,0.02719612,-3.320793,0.02729113,-0.8310798,0.01640377,0.555241,3.300458,247.4485,358.4419,0.5711498,0.004622477,-0.8208324,0.0,0.0,0.0,0.06637587,0.02943718,-3.545984,0.5795997,0.1284609,1.914999,-0.3819252,-0.02714612,0.9237944,-0.06357831,0.9979722,0.003040628,-0.9220038,-0.057572,-0.3828767,moving,-3.034879859318646,2.192129222094314,16.839131660454186,3.8377340716852357,-1.9845451300000003,0.0022410599999999996,-0.2251909999999997,-0.052905247319489535,0.038196973126991864,0.9978688101910789,-2.4704377663667616,2.8220174951367714,19.902629165192497,19.942024701846613,19.336265192975958
592,05/05/2023 15:31:56.555882,775,True,True,True,True,Eyes,2.136958,0.02053931,-3.195377,-0.9079396,-0.01766653,-0.4187287,0.0,0.0,0.0,0.0,0.0,0.0,0.0,3.843035,0.1201607,0.6748366,2.043524,0.02669696,-3.325967,0.02693405,-0.8265761,0.01401661,0.5620055,3.063676,248.381,358.3489,0.5697834,0.004689761,-0.8217812,0.0,0.0,0.0,0.05558214,0.03209803,-3.518171,0.5795997,0.1311521,1.914999,-0.3668487,-0.02877126,0.9298355,-0.06028089,0.9981562,0.007102578,-0.9283254,-0.05344574,-0.3679067,moving,-3.198561894218092,1.9585553849039312,16.839131660454186,3.917885101899312,-1.98794186,0.005401070000000001,-0.19220400000000026,-0.055763954211626665,0.03412340637188882,0.9978607729950875,-2.6358241265116042,2.5915372196676194,20.092107261215137,20.13325944627089,19.520069200926844
593,05/05/2023 15:31:56.576106,776,True,True,True,True,Eyes,2.132301,0.02070398,-3.201133,-0.9134836,-0.01754248,-0.4064972,0.0,0.0,0.0,0.0,0.0,0.0,0.0,3.83391,0.1236174,0.7256522,2.036172,0.0257573,-3.330775,0.02700027,-0.8221984,0.0136954,0.5683955,3.050397,249.2691,358.3456,0.5684022,0.00475515,-0.8227368,0.0,0.0,0.0,0.04508935,0.04124245,-3.490625,0.5795997,0.1338166,1.914999,-0.3523953,-0.02883036,0.9354071,-0.05996796,0.9981668,0.008173001,-0.9339281,-0.05321433,-0.3534782,moving,-3.317025822673731,1.9486626457545402,16.839131660454186,3.9972258095280857,-1.99108265,0.01548515,-0.15985000000000005,-0.05782733918634492,0.03394712041350752,0.9977492628609694,-2.755342547419433,2.579769621946471,20.217106036598366,20.25999248570007,19.64567640797175
594,05/05/2023 15:31:56.596152,777,True,True,True,True,Eyes,2.127529,0.0208421,-3.206865,-0.9189162,-0.01719654,-0.3940777,0.0,0.0,0.0,0.0,0.0,0.0,0.0,3.824064,0.1277886,0.775528,2.028763,0.02515348,-3.335375,0.0277362,-0.8177947,0.01455555,0.5746572,3.192139,250.145,358.3565,0.5670067,0.004817956,-0.8236988,0.0,0.0,0.0,0.03526298,0.04345363,-3.464408,0.5795998,0.1365622,1.915,-0.3379998,-0.02863612,0.9407105,-0.06209394,0.9980377,0.008070702,-0.9390957,-0.05568452,-0.3391147,moving,-3.4207184812791165,2.1078873659732413,16.83912610572083,4.078963242832895,-1.9935000200000002,0.01830015,-0.12903300000000018,-0.059627106135067776,0.03671583110898763,0.9975452336649376,-2.8597693931392474,2.733013829434679,20.310824386511246,20.355501536482198,19.7448237191026
595,05/05/2023 15:31:56.611625,778,True,True,True,True,Eyes,2.122626,0.02094439,-3.212538,-0.9242086,-0.01687228,-0.381515,0.0,0.0,0.0,0.0,0.0,0.0,0.0,3.813315,0.1307545,0.8252697,2.02102,0.02459013,-3.339822,0.02816691,-0.8133389,0.01510701,0.5809119,3.284801,251.0247,358.3776,0.565596,0.004877784,-0.8246678,0.0,0.0,0.0,0.02584134,0.04092686,-3.43842,0.5796,0.1392801,1.915001,-0.3234964,-0.0282668,0.9458073,-0.06337015,0.9979568,0.008150753,-0.9441051,-0.0572992,-0.3246267,moving,-3.521926219641556,2.217485658343662,16.839123291861164,4.1598595564897565,-1.99517866,0.01633673,-0.09859799999999996,-0.061384674543704,0.03861979534154986,0.9973667021263035,-2.9617452481007067,2.837959034138473,20.406965414327097,20.453487564962227,19.84494434176736
596,05/05/2023 15:31:56.626150,779,True,True,True,True,Eyes,2.117588,0.02100272,-3.218151,-0.9293138,-0.0163577,-0.3689283,0.0,0.0,0.0,0.0,0.0,0.0,0.0,3.801622,0.1324281,0.8755808,2.013035,0.02383643,-3.344193,0.02817861,-0.8087867,0.01517623,0.5872307,3.304552,251.9181,358.4068,0.5641701,0.004934004,-0.8256436,0.0,0.0,0.0,0.01656776,0.04009058,-3.412135,0.5796,0.1419018,1.915001,-0.3087323,-0.02775706,0.950744,-0.06340487,0.9979513,0.008546017,-0.9490334,-0.05764335,-0.3098597,moving,-3.637431258888618,2.2652317584220527,16.839123291861164,4.2378788581497,-1.9964672399999999,0.016254150000000002,-0.06794199999999995,-0.06339313247760986,0.039445949651562125,0.9972086700241745,-3.07821389256093,2.882393653845398,20.523009862365054,20.571354424293396,19.963408042141776
597,05/05/2023 15:31:56.646296,780,True,True,True,True,Eyes,2.112421,0.02101431,-3.223705,-0.9342536,-0.01588029,-0.3562556,0.0,0.0,0.0,0.0,0.0,0.0,0.0,3.789759,0.1314687,0.9234328,2.004843,0.02280465,-3.348488,0.02791461,-0.804359,0.01553074,0.5932843,3.331173,252.7798,358.4802,0.5627288,0.004985847,-0.8266262,0.0,0.0,0.0,0.00751989,0.04176141,-3.385286,0.5796005,0.1446965,1.915001,-0.2944692,-0.02647843,0.9552942,-0.06333502,0.9979591,0.008138004,-0.9535601,-0.05810719,-0.2955453,moving,-3.71838941478286,2.3216306208232944,16.839136996201027,4.3210291348441165,-1.9973231100000002,0.01895676,-0.036797999999999664,-0.0647995834481162,0.04042387373980083,0.9970792093267337,-3.1598216516236324,2.935878703892206,20.60422062268557,20.654527023298517,20.046869798394134
598,05/05/2023 15:31:56.656360,781,True,True,True,True,Eyes,2.107137,0.02098677,-3.229236,-0.9389927,-0.01539115,-0.3435925,0.0,0.0,0.0,0.0,0.0,0.0,0.0,3.778133,0.1299206,0.9678063,1.996651,0.02170454,-3.35272,0.02766966,-0.8001466,0.01612801,0.5989488,3.37983,253.591,358.5673,0.5612718,0.005032556,-0.827616,0.0,0.0,0.0,-0.001229145,0.04318797,-3.35957,0.5796004,0.1473061,1.915001,-0.2809893,-0.02495987,0.9593861,-0.06359926,0.9979486,0.007335883,-0.9576012,-0.05895495,-0.2820002,moving,-3.753498328762401,2.403054093748208,16.839134255333214,4.398655706302435,-1.9978801449999999,0.021483429999999998,-0.006850000000000023,-0.06540673229315674,0.04183912765395548,0.9969811587867397,-3.1951482081134106,3.014566128222879,20.63693417964179,20.68910202351918,20.082036196195677
599,05/05/2023 15:31:56.676065,782,True,True,True,True,Eyes,2.101724,0.0209183,-3.234704,-0.9435322,-0.01500362,-0.3309409,0.0,0.0,0.0,0.0,0.0,0.0,0.0,3.767019,0.1297986,1.007543,1.988379,0.02067655,-3.356835,0.02794537,-0.7962182,0.017463,0.6041116,3.530103,254.3357,358.6565,0.5597991,0.005073634,-0.8286126,0.0,0.0,0.0,-0.009552166,0.04395287,-3.335592,0.5795994,0.1499213,1.915,-0.2685367,-0.02340203,0.9629852,-0.06560042,0.9978282,0.005955529,-0.9610332,-0.06157295,-0.2694887,moving,-3.7287428249632377,2.582009396592454,16.839115142242107,4.476434957469458,-1.9979311659999999,0.02327632,0.02124299999999968,-0.06496716648712925,0.044954142792553956,0.996874311368878,-3.169973398546265,3.1893410559341455,20.600806542314984,20.654917805811685,20.050442263064372
600,05/05/2023 15:31:56.696079,783,True,True,True,True,Eyes,2.096188,0.0207953,-3.240129,-0.9479204,-0.01460845,-0.3181719,0.0,0.0,0.0,0.0,0.0,0.0,0.0,3.756958,0.1282521,1.041516,1.979917,0.01965512,-3.360875,0.02809173,-0.7927027,0.01893294,0.6086664,3.681689,254.9971,358.7661,0.5583101,0.005108608,-0.8296164,0.0,0.0,0.0,-0.01765084,0.04143374,-3.313851,0.5795999,0.1525645,1.915,-0.2574719,-0.02148908,0.9660468,-0.06758446,0.9977048,0.004180594,-0.9639193,-0.06421337,-0.2583334,moving,-3.6157652772694426,2.7659087680235577,16.83912884659031,4.555027855443179,-1.9975678399999999,0.021778619999999995,0.047023999999999955,-0.06299194792664525,0.04815962999583816,0.9968512998598356,-3.055793972556744,3.3705189252174175,20.476927671961285,20.532989084088108,19.930153421025206
601,05/05/2023 15:31:56.711956,784,True,True,True,True,Eyes,2.090529,0.02061938,-3.24548,-0.952072,-0.01433877,-0.3055376,0.0,0.0,0.0,0.0,0.0,0.0,0.0,3.748271,0.1228746,1.069304,1.971364,0.0181864,-3.364735,0.02761738,-0.7896826,0.02028723,0.6125578,3.777119,255.566,358.9225,0.5568051,0.005136678,-0.8306268,0.0,0.0,0.0,-0.02571298,0.03914635,-3.295014,0.5795998,0.1552713,1.915,-0.2480202,-0.01876372,0.968573,-0.06847212,0.9976515,0.001793537,-0.9663319,-0.06587543,-0.2487225,moving,-3.4173540424435997,2.890466199947086,16.83912610572083,4.635494034646442,-1.99707698,0.020959950000000005,0.06972099999999992,-0.059533152932362554,0.0503373137316191,0.9969563065004852,-2.8554951483230253,3.49542523148073,20.273579524331222,20.331505358355912,19.727591419536946
602,05/05/2023 15:31:56.725956,785,True,True,True,True,Eyes,2.084743,0.02040935,-3.250778,-0.9561261,-0.01420151,-0.2926109,0.0,0.0,0.0,0.0,0.0,0.0,0.0,3.740915,0.1184188,1.091007,1.962793,0.01678375,-3.368372,0.02765465,-0.7871032,0.02253293,0.6157891,3.987012,256.0441,359.0935,0.5552839,0.005157192,-0.8316444,0.0,0.0,0.0,-0.03372729,0.03872478,-3.27937,0.5795998,0.1579361,1.914999,-0.240078,-0.01578306,0.9706253,-0.07128518,0.9974549,-0.001412616,-0.9681327,-0.06953034,-0.2405922,moving,-3.1142336064169287,3.1233547551668326,16.839134401324934,4.714696217557469,-1.99652029,0.02194103,0.0890019999999998,-0.0542464069474517,0.05440560171673905,0.997044281173826,-2.549443060026319,3.727745726308222,19.956968080966863,20.016724569776645,19.41368092987507
603,05/05/2023 15:31:56.746432,786,True,True,True,True,Eyes,2.07882,0.02015782,-3.255997,-0.9599274,-0.01406532,-0.2798953,0.0,0.0,0.0,0.0,0.0,0.0,0.0,3.734623,0.1140613,1.107791,1.953862,0.01573279,-3.371913,0.02748245,-0.7849086,0.02405214,0.6185343,4.114803,256.451,359.2309,0.5537469,0.005170033,-0.8326687,0.0,0.0,0.0,-0.04177889,0.03468063,-3.266759,0.5795996,0.160604,1.915,-0.2333201,-0.01338827,0.9723077,-0.07289656,0.9973325,-0.003759798,-0.9696637,-0.07175513,-0.2336736,moving,-2.7549208078885865,3.2714013463203733,16.839120623981625,4.793967547473267,-1.99564089,0.018947839999999997,0.10515400000000019,-0.04798576628632095,0.056999963245536515,0.9972202343933232,-2.1867991199539025,3.8784278502446865,19.59174152566467,19.653108341194773,19.0479351909827
604,05/05/2023 15:31:56.756122,787,True,True,True,True,Eyes,2.072771,0.01986862,-3.261164,-0.9635726,-0.01394449,-0.2670831,0.0,0.0,0.0,0.0,0.0,0.0,0.0,3.728819,0.1105642,1.121783,1.944716,0.01449507,-3.37529,0.02703723,-0.7829472,0.02462023,0.6210126,4.136542,256.8166,359.3245,0.5521934,0.005174916,-0.8336996,0.0,0.0,0.0,-0.05018453,0.03349512,-3.256463,0.5795994,0.163369,1.914999,-0.227225,-0.0117585,0.9737713,-0.07291639,0.9973257,-0.00497177,-0.9711087,-0.0721336,-0.2274748,moving,-2.3517725735946,3.309489042266223,16.83912343784145,4.8761096712536585,-1.9949005299999998,0.019000050000000004,0.11882700000000002,-0.04096632988296234,0.05768090397918421,0.9974941903138055,-1.7800573371971586,3.9227816512364164,19.191885724980462,19.254734220885034,18.643570662491598
605,05/05/2023 15:31:56.776198,788,True,True,True,True,Eyes,2.066581,0.01955521,-3.266242,-0.9669679,-0.01379869,-0.254524,0.0,0.0,0.0,0.0,0.0,0.0,0.0,3.723566,0.1083232,1.133097,1.935484,0.01326161,-3.378507,0.02688403,-0.781177,0.02545585,0.6232108,4.202395,257.143,359.4098,0.5506234,0.00517168,-0.8347375,0.0,0.0,0.0,-0.05876611,0.03518566,-3.247332,0.5796002,0.1660858,1.915,-0.2217711,-0.01027366,0.9750446,-0.07373109,0.9972585,-0.006262204,-0.9723071,-0.07327987,-0.2219206,moving,-1.9280154714818003,3.3917138924680357,16.839137069198276,4.956795291698348,-1.99425011,0.02192405,0.13117499999999982,-0.03358500001621356,0.05912862606629793,0.9976851424199664,-1.3524755334221408,4.010502406964592,18.768021504695266,18.83229922955164,18.216208148446142
606,05/05/2023 15:31:56.796078,789,True,True,True,True,Eyes,2.060261,0.01920613,-3.271288,-0.9701894,-0.01352005,-0.2419706,0.0,0.0,0.0,0.0,0.0,0.0,0.0,3.718568,0.1047014,1.142546,1.92597,0.01236985,-3.38151,0.02633973,-0.7795683,0.02564161,0.6252377,4.181488,257.4425,359.4828,0.5490367,0.00516053,-0.835782,0.0,0.0,0.0,-0.06745983,0.03519978,-3.239406,0.5795997,0.1686862,1.915,-0.2167682,-0.009003038,0.9761816,-0.07313144,0.9972975,-0.007041579,-0.9734801,-0.07291596,-0.2168408,moving,-1.4798015965576594,3.3933980550820095,16.839123364851268,5.034007947790595,-1.99342983,0.02282993,0.14210400000000023,-0.025779290086817452,0.059171679636675766,0.997914913918174,-0.9003121397272986,4.020204127748331,18.326663691806257,18.392243271601874,17.76838119263077
607,05/05/2023 15:31:56.816204,790,True,True,True,True,Eyes,2.0538,0.0188194,-3.276232,-0.9731821,-0.01317455,-0.2296586,0.0,0.0,0.0,0.0,0.0,0.0,0.0,3.71366,0.09734659,1.151128,1.91625,0.01106198,-3.384332,0.02476288,-0.7780764,0.02465634,0.627197,3.981332,257.7285,359.5631,0.5474332,0.005141352,-0.8368332,0.0,0.0,0.0,-0.07641317,0.03839624,-3.232172,0.5796001,0.1713417,1.915,-0.2120217,-0.007606067,0.9772355,-0.06946359,0.9975578,-0.007306616,-0.9747933,-0.06943144,-0.2120322,moving,-1.0327078984100464,3.218590440006601,16.839134328329035,5.112837750922835,-1.99266317,0.02733426,0.1521600000000003,-0.017994756951204616,0.056136370670946255,0.9982609567103349,-0.44947729069270803,3.8579558487037025,17.904733916551166,17.97194807060068,17.334094158677306
608,05/05/2023 15:31:56.826547,791,True,True,True,True,Eyes,2.047193,0.01840981,-3.281101,-0.976002,-0.01274825,-0.2173878,0.0,0.0,0.0,0.0,0.0,0.0,0.0,3.707918,0.09225559,1.161247,1.90646,0.009765979,-3.386883,0.02378981,-0.7764038,0.02442227,0.629313,3.891402,258.0408,359.6438,0.5458128,0.005113997,-0.8378912,0.0,0.0,0.0,-0.08546154,0.04737424,-3.22524,0.5796002,0.1741072,1.915001,-0.2067987,-0.006202502,0.978364,-0.06767951,0.9976752,-0.007980612,-0.97604,-0.06786557,-0.2067377,moving,-0.6180012090775883,3.1571506759518444,16.83912877359735,5.194909629571411,-1.99192154,0.037608261,0.1616430000000002,-0.01076957740799922,0.05507159639954416,0.9984242650012876,-0.031187191775218115,3.8055626334362462,17.506605335229064,17.575660692704126,16.927428802011672
609,05/05/2023 15:31:56.846235,792,True,True,True,True,Eyes,2.040431,0.01797141,-3.285862,-0.9786216,-0.01216513,-0.205309,0.0,0.0,0.0,0.0,0.0,0.0,0.0,3.701645,0.09005348,1.171674,1.896263,0.008786884,-3.389279,0.02309752,-0.7746606,0.02377793,0.6315079,3.784972,258.3633,359.6696,0.5441752,0.005078705,-0.838956,0.0,0.0,0.0,-0.09447986,0.05254534,-3.217136,0.5796006,0.1767478,1.915001,-0.2013288,-0.005753573,0.9795069,-0.06581739,0.9978022,-0.007667126,-0.9773101,-0.06601219,-0.2012651,moving,-0.22991736927954484,3.0866679876547956,16.839139737068763,5.273257438666133,-1.9907428600000001,0.043758456,0.17214300000000016,-0.004006982780087931,0.053846032550498434,0.9985412163366357,0.3602354073340684,3.743881423840098,17.13754439469146,17.208541016804816,16.549721414672636
610,05/05/2023 15:31:56.856040,793,True,True,True,True,Eyes,2.033521,0.01751166,-3.290507,-0.9810799,-0.01150899,-0.1932604,0.0,0.0,0.0,0.0,0.0,0.0,0.0,3.694055,0.08618238,1.185471,1.885852,0.007617197,-3.391505,0.02170338,-0.7726469,0.02204357,0.6340819,3.530923,258.739,359.6795,0.5425204,0.005035559,-0.8400272,0.0,0.0,0.0,-0.1037817,0.05801851,-3.208355,0.5796002,0.179374,1.915001,-0.1949382,-0.005583238,0.9807997,-0.06149295,0.9980861,-0.00654035,-0.9788859,-0.06158723,-0.1949085,moving,0.10122723438397387,2.8721000286468454,16.83912877359735,5.351158383782671,-1.9896337000000002,0.050401313,0.18314999999999992,0.0017645281960272374,0.050106528556624015,0.9987422247403179,0.6940552263471809,3.5408151832466705,16.84684024026745,16.92049284934012,16.246253178805382
611,05/05/2023 15:31:56.876008,794,True,True,True,True,Eyes,2.026458,0.01705449,-3.295047,-0.9833531,-0.01080891,-0.1813832,0.0,0.0,0.0,0.0,0.0,0.0,0.0,3.685754,0.08584663,1.200947,1.875466,0.006587451,-3.393672,0.02119265,-0.7704266,0.02127184,0.6368212,3.426533,259.1435,359.6808,0.5408483,0.004984803,-0.841105,0.0,0.0,0.0,-0.1128939,0.06811662,-3.197474,0.5796001,0.1820234,1.915,-0.1880193,-0.005562047,0.9821496,-0.05974747,0.9981967,-0.00578492,-0.9803464,-0.05976863,-0.1880125,moving,0.39031332687345094,2.8094136763022957,16.839134328329035,5.429730227388424,-1.9883599,0.061529169,0.19619799999999987,0.006804012818919569,0.049012738496839715,0.9987749866370496,0.9856169283258613,3.4849483250419753,16.580188207775063,16.65622319632582,15.972357077147308
612,05/05/2023 15:31:56.896446,795,True,True,True,True,Eyes,2.019246,0.01661463,-3.299492,-0.9854755,-0.009970616,-0.1695245,0.0,0.0,0.0,0.0,0.0,0.0,0.0,3.677394,0.08810928,1.215614,1.864805,0.006166654,-3.395757,0.02097269,-0.7682369,0.02009434,0.6395066,3.307733,259.5395,359.6256,0.5391588,0.004927279,-0.8421895,0.0,0.0,0.0,-0.1219073,0.07324901,-3.185531,0.5795997,0.1846752,1.915,-0.1811833,-0.006523052,0.9834279,-0.0579249,0.9983128,-0.004050088,-0.9817421,-0.05769876,-0.1812555,moving,0.6827012234090315,2.740915300162844,16.839123364851268,5.508349961472317,-1.9867123,0.06708235600000001,0.21022600000000002,0.011901472624547493,0.04781636409243703,0.9987852024626045,1.2805029780106565,3.4234790537473847,16.313151991410752,16.391725687587076,15.697686295874629
613,05/05/2023 15:31:56.912761,796,True,True,True,True,Eyes,2.011889,0.01615626,-3.30383,-0.9874299,-0.009007458,-0.1578005,0.0,0.0,0.0,0.0,0.0,0.0,0.0,3.668501,0.09288269,1.230842,1.854027,0.006090729,-3.397653,0.02081285,-0.7659864,0.01805754,0.642266,3.11834,259.9449,359.5014,0.5374519,0.004864147,-0.8432801,0.0,0.0,0.0,-0.1310977,0.07893164,-3.173625,0.5796002,0.187355,1.915,-0.1741226,-0.008689242,0.9846857,-0.05508021,0.9984816,-0.0009288801,-0.9831824,-0.05439843,-0.1743367,moving,0.9537526651036309,2.6105505777994993,16.839137069198276,5.587778697597551,-1.9851247,0.072840911,0.22402800000000012,0.016628085230460887,0.04554064159503226,0.9988240567079686,1.5537950712731754,3.301358810760953,16.080355032707057,16.161971567329577,15.45540021780267
614,05/05/2023 15:31:56.926343,797,True,True,True,True,Eyes,2.004401,0.01569168,-3.308073,-0.9892243,-0.008082609,-0.1461847,0.0,0.0,0.0,0.0,0.0,0.0,0.0,3.658753,0.1001476,1.248114,1.843259,0.005118635,-3.399509,0.02047374,-0.7635549,0.01499969,0.6452441,2.827393,260.3823,359.3168,0.5357274,0.004795492,-0.8443772,0.0,0.0,0.0,-0.1401541,0.08658664,-3.16096,0.5795999,0.1899937,1.915001,-0.1664819,-0.01190873,0.9859727,-0.05062256,0.9987116,0.00351496,-0.9847443,-0.04932729,-0.1668702,moving,1.1842680266447605,2.378451603254017,16.83912055099295,5.6659652531709845,-1.9834131,0.08146800500000001,0.2385489999999999,0.020650107065913137,0.04149104114531331,0.9989254613712034,1.7860796431087174,3.0794048840801422,15.910878063463947,15.996316874752177,15.273648389215573
615,05/05/2023 15:31:56.946240,798,True,True,True,True,Eyes,1.996768,0.01528029,-3.312216,-0.9908579,-0.007280356,-0.1347131,0.0,0.0,0.0,0.0,0.0,0.0,0.0,3.648921,0.1097494,1.265107,1.832633,0.004471899,-3.401263,0.02125727,-0.7610794,0.01385262,0.6481625,2.788093,260.8177,359.174,0.5339856,0.004721727,-0.8454801,0.0,0.0,0.0,-0.1487743,0.09620112,-3.146919,0.5795997,0.1926948,1.915001,-0.1588673,-0.01439944,0.9871951,-0.05031443,0.9987124,0.006470438,-0.9860172,-0.04864221,-0.1593873,moving,1.4069212966491287,2.391324353712849,16.83911506925629,5.7459818071751405,-1.9814072999999999,0.091729221,0.2543440000000001,0.024531572515008537,0.04171181078469809,0.9988284776068956,2.0107084003919153,3.095949303204328,15.70459801252486,15.792603688605794,15.063343473788391
616,05/05/2023 15:31:56.956091,799,True,True,True,True,Eyes,1.988995,0.01493779,-3.316285,-0.9923363,-0.006316969,-0.1234054,0.0,0.0,0.0,0.0,0.0,0.0,0.0,3.639416,0.1183474,1.280563,1.821624,0.005339557,-3.403065,0.02256007,-0.7586613,0.01383508,0.6509476,2.886816,261.2372,359.0695,0.5322261,0.004644738,-0.8465893,0.0,0.0,0.0,-0.1574984,0.09806974,-3.133048,0.5796005,0.1953451,1.915001,-0.1515167,-0.01621908,0.9883217,-0.05224273,0.9985992,0.008378572,-0.9870732,-0.05036312,-0.1521518,moving,1.6344078278983223,2.5515563800234644,16.839136996201027,5.824471627192322,-1.9791223999999998,0.09273018300000001,0.27001699999999973,0.0284936766323724,0.0445002689459908,0.9986030070052372,2.2403787240358337,3.256131010918639,15.463420393098167,15.552998530720226,14.822959104386436
617,05/05/2023 15:31:56.975973,800,True,True,True,True,Eyes,1.981102,0.0146563,-3.320251,-0.9936627,-0.005267913,-0.1122805,0.0,0.0,0.0,0.0,0.0,0.0,0.0,3.630633,0.1133307,1.294746,1.81045,0.006575936,-3.404839,0.02108348,-0.7564632,0.01137958,0.6535975,2.566373,261.6333,359.0237,0.5304486,0.004566644,-0.8477046,0.0,0.0,0.0,-0.1667912,0.0973471,-3.119944,0.5796005,0.1981311,1.915001,-0.1447319,-0.01702241,0.9893246,-0.04677308,0.998852,0.01034374,-0.9883649,-0.04477668,-0.1453619,moving,1.882435963399641,2.2967420921156734,16.839136996201027,5.906956614739053,-1.9772412,0.090771164,0.2848950000000001,0.032822438958319156,0.04005338907216059,0.998658418321088,2.49030476471275,3.0123638775639976,15.29200346243461,15.386245633160899,14.637884188690093
618,05/05/2023 15:31:56.996113,801,True,True,True,True,Eyes,1.97308,0.01445985,-3.324133,-0.9948412,-0.004134679,-0.10136,0.0,0.0,0.0,0.0,0.0,0.0,0.0,3.622627,0.1090978,1.306626,1.799758,0.007726922,-3.406377,0.02013078,-0.7544678,0.01000897,0.655952,2.379177,261.9884,359.011,0.5286533,0.004489138,-0.8488258,0.0,0.0,0.0,-0.1755443,0.1114625,-3.107718,0.5796006,0.2007306,1.915001,-0.1386434,-0.01724524,0.9901923,-0.04350686,0.9989892,0.01130676,-0.9893864,-0.04151254,-0.1392536,moving,2.158323867749949,2.1796446680681134,16.839139737068763,5.9838977579855674,-1.9753023,0.10373557800000001,0.2986589999999998,0.03763373921058377,0.038005857740690756,0.998568582941751,2.768490839425553,2.903254985808916,15.067706355063278,15.165707901742984,14.403941137428752
619,05/05/2023 15:31:57.016094,802,True,True,True,True,Eyes,1.964943,0.01430359,-3.327967,-0.9958785,-0.0028038,-0.09065385,0.0,0.0,0.0,0.0,0.0,0.0,0.0,3.614683,0.1074348,1.317827,1.788663,0.009526346,-3.40804,0.01953107,-0.7524736,0.008383344,0.6582795,2.196702,262.34,358.9474,0.5268403,0.004414374,-0.8499527,0.0,0.0,0.0,-0.184125,0.1214507,-3.096833,0.5796002,0.2034213,1.915,-0.1325735,-0.01835606,0.9910033,-0.04043039,0.9990965,0.01309732,-0.9903483,-0.03833029,-0.1331959,moving,2.422502260413779,2.080727998427152,16.839137069198276,6.063518611012779,-1.972788,0.11192435399999999,0.311207,0.04224022470447464,0.03627516697878387,0.9984487188905045,3.0348847194941095,2.811646321344123,14.854776688113569,14.956670093090809,14.182103381467359
620,05/05/2023 15:31:57.026189,803,True,True,True,True,Eyes,1.956711,0.01418363,-3.331708,-0.9967849,-0.0014854,-0.08011055,0.0,0.0,0.0,0.0,0.0,0.0,0.0,3.606662,0.09876861,1.330196,1.777725,0.01023083,-3.409805,0.01731091,-0.7504247,0.005487941,0.6607066,1.782842,262.7075,358.9263,0.5250094,0.004343126,-0.8510852,0.0,0.0,0.0,-0.1930324,0.1315359,-3.086024,0.5796,0.2062375,1.915001,-0.1263346,-0.01872923,0.991811,-0.0332329,0.9993404,0.01463829,-0.9914309,-0.03111144,-0.1268736,moving,2.666543604480133,1.7479038839224186,16.839123291861164,6.1468215465776295,-1.9707574,0.12130507000000001,0.3237809999999999,0.046501567629114615,0.030468950302188026,0.9984534494797394,3.2807011168495332,2.4918140416591115,14.731334586098168,14.83955833567783,14.042431831305352
621,05/05/2023 15:31:57.046272,804,True,True,True,True,Eyes,1.948408,0.01409292,-3.335365,-0.9975637,-0.0003007505,-0.06975945,0.0,0.0,0.0,0.0,0.0,0.0,0.0,3.598629,0.09525137,1.342337,1.767276,0.01097848,-3.411406,0.01685208,-0.7483553,0.005282091,0.663063,1.733676,263.0678,358.9557,0.5231614,0.004275996,-0.8522227,0.0,0.0,0.0,-0.2010296,0.1485216,-3.074857,0.5796001,0.2088624,1.915,-0.120127,-0.01821797,0.9925913,-0.0322274,0.9993762,0.01444222,-0.9922354,-0.03025374,-0.1206392,moving,2.901625925342651,1.769597841344203,16.839134328329035,6.224448523216563,-1.9683056,0.13754312,0.33654899999999977,0.050597196440156644,0.03084084233546887,0.9982427425377509,3.5178783146209867,2.5171751944223146,14.520840239478435,14.632150733268663,13.827499315391124
622,05/05/2023 15:31:57.055883,805,True,True,True,True,Eyes,1.940033,0.01401907,-3.339003,-0.9982173,0.0008981857,-0.05967758,0.0,0.0,0.0,0.0,0.0,0.0,0.0,3.591827,0.09186882,1.351925,1.757312,0.01163142,-3.413075,0.01708856,-0.7465236,0.00686205,0.6651042,1.889769,263.3824,359.0606,0.5212967,0.004213321,-0.8533649,0.0,0.0,0.0,-0.2093069,0.1541788,-3.064065,0.5795997,0.2118275,1.915001,-0.1146888,-0.01638606,0.9932663,-0.03464198,0.9993218,0.01248598,-0.9927972,-0.03297671,-0.1151787,moving,3.1659051111973735,1.99347537267129,16.83911506925629,6.312101873525268,-1.9666189,0.14254738,0.34901000000000026,0.055194032850165164,0.03473266393660625,0.9978713640069549,3.784736925308354,2.7400190237756767,14.226151197055337,14.339009917391083,13.534273700892143
623,05/05/2023 15:31:57.075862,806,True,True,True,True,Eyes,1.931608,0.01394961,-3.342556,-0.9987543,0.002047672,-0.04985719,0.0,0.0,0.0,0.0,0.0,0.0,0.0,3.58639,0.07778241,1.358536,1.74717,0.01192277,-3.414838,0.01520855,-0.7450084,0.006946737,0.6668457,1.755488,263.6507,359.2321,0.5194161,0.004155108,-0.8545112,0.0,0.0,0.0,-0.2177873,0.1530022,-3.055271,0.5795996,0.2141638,1.915,-0.1101714,-0.01339618,0.9938223,-0.03192579,0.9994409,0.009932749,-0.9933998,-0.03063426,-0.1105375,moving,3.4680087972536233,1.9196877135532597,16.839120623981625,6.381151811345605,-1.9649572999999998,0.14107943,0.3595670000000002,0.06045739650281173,0.03343732798335986,0.9976106116262201,4.089418387008746,2.6735719235143423,13.978972537197247,14.095789916806913,13.277840779137327
624,05/05/2023 15:31:57.096107,807,True,True,True,True,Eyes,1.92312,0.01397479,-3.346051,-0.9991794,0.002975126,-0.04039536,0.0,0.0,0.0,0.0,0.0,0.0,0.0,3.582463,0.06530984,1.361169,1.737572,0.01201209,-3.416399,0.0141782,-0.743875,0.008714683,0.6681117,1.828648,263.8486,359.4583,0.5175201,0.004101019,-0.8556611,0.0,0.0,0.0,-0.2259636,0.1620814,-3.048345,0.5796,0.2167088,1.915,-0.1068516,-0.009448852,0.9942302,-0.03273837,0.9994461,0.005979975,-0.9937358,-0.03191051,-0.1071018,moving,3.8196125896667983,2.035701913274413,16.839131587459715,6.456345189038468,-1.9635356,0.15006930999999998,0.3680540000000003,0.06657359635159038,0.03544342274884941,0.9971518590070756,4.444249397089458,2.7929109770139857,13.630360753869983,13.749544061729779,12.924931517767869
625,05/05/2023 15:31:57.112877,808,True,True,True,True,Eyes,1.914551,0.0140565,-3.349462,-0.9995057,0.004333382,-0.03113842,0.0,0.0,0.0,0.0,0.0,0.0,0.0,3.579823,0.06211063,1.359497,1.727563,0.01436381,-3.417973,0.01497051,-0.7430595,0.0109932,0.6689678,2.084123,263.9848,359.5677,0.5156094,0.004053104,-0.856814,0.0,0.0,0.0,-0.2345473,0.1647497,-3.043931,0.5796003,0.2194443,1.915,-0.1045165,-0.007539775,0.9944947,-0.03695615,0.9993101,0.003692376,-0.9938365,-0.03636679,-0.1047231,moving,4.216601569327588,2.3649702026007464,16.83913981006744,6.537142086316141,-1.9621103,0.15038589,0.37404199999999976,0.07346487988384282,0.04115329188278232,0.9964483638016611,4.845105171412862,3.1208082199878193,13.174876156584624,13.294190079361933,12.471094739415129
626,05/05/2023 15:31:57.126237,809,True,True,True,True,Eyes,1.905947,0.01413573,-3.35282,-0.9997395,0.005683255,-0.0221081,0.0,0.0,0.0,0.0,0.0,0.0,0.0,3.574778,0.04642513,1.363792,1.717096,0.01567885,-3.419423,0.01108882,-0.7417841,0.006135783,0.6705191,1.373705,264.2169,359.5287,0.5136849,0.004012226,-0.8579693,0.0,0.0,0.0,-0.2444234,0.1624101,-3.041289,0.5795999,0.222212,1.915,-0.1005626,-0.008222702,0.9948968,-0.02467934,0.9996788,0.005767677,-0.9946247,-0.02397338,-0.1007333,moving,4.50408275263964,1.7374957859669107,16.83912884659031,6.618863488326573,-1.9615194,0.14673125,0.3781340000000002,0.07849425550148298,0.0302268251107348,0.996456284154126,5.134412606557947,2.5147229621900618,13.134802223607723,13.265787303644203,12.403400812597866
627,05/05/2023 15:31:57.146154,810,True,True,True,True,Eyes,1.897296,0.01425606,-3.356102,-0.999889,0.006807965,-0.01325572,0.0,0.0,0.0,0.0,0.0,0.0,0.0,3.569865,0.045254,1.368582,1.707665,0.01566993,-3.420911,0.01067046,-0.7404484,0.005458516,0.6720065,1.28495,264.4462,359.5148,0.5117468,0.003977611,-0.8591269,0.0,0.0,0.0,-0.2514431,0.1896793,-3.034389,0.5796,0.2247476,1.915001,-0.09658718,-0.008465541,0.9952886,-0.02313817,0.9997127,0.006257743,-0.9950556,-0.02242474,-0.09675528,moving,4.7818721063028535,1.7170017761920957,16.839123291861164,6.693704522493552,-1.9591081,0.17400937,0.3865219999999998,0.08332539169323833,0.02985865124325439,0.9960750046388382,5.414625528292657,2.499754696399588,12.908744111873954,13.04395938266797,12.169977990677525
628,05/05/2023 15:31:57.156063,811,True,True,True,True,Eyes,1.679751,0.01808929,-3.436248,-0.9775386,0.05234214,0.2041532,0.0,0.0,0.0,0.0,0.0,0.0,0.0,3.564261,0.05046926,1.374575,1.697942,0.01681823,-3.422378,0.01220455,-0.7389253,0.007081917,0.6736397,1.541955,264.701,359.5131,0.5097966,0.003949721,-0.8602857,0.0,0.0,0.0,-0.2591097,0.1951514,-3.027906,0.5795999,0.2273968,1.915,-0.09212148,-0.008495175,0.9957115,-0.02757781,0.9996018,0.005976915,-0.9953659,-0.02690894,-0.09231915,moving,17.08792213760995,4.829557890145662,16.83912884659031,6.771881158607479,-1.9570517,0.17833317,0.39447199999999993,0.29288521130789247,0.08049988667200847,0.9527528349067793,17.832561291474086,5.753181391253814,1.8830940804563008,1.9581924779920326,1.4229045078831424
629,05/05/2023 15:31:57.176035,812,True,True,True,True,Eyes,1.67938,0.0180944,-3.436297,-0.9775001,0.05224441,0.2043629,0.0,0.0,0.0,0.0,0.0,0.0,0.0,3.558058,0.04115408,1.382489,1.688077,0.01771162,-3.423861,0.01059852,-0.7372688,0.005977079,0.67549,1.325474,264.9872,359.5671,0.5005211,0.004076311,-0.8657146,-0.6526344,0.01149967,-0.2404375,-0.2679202,0.1902751,-3.02068,0.5795996,0.2300029,1.915,-0.08720183,-0.007553003,0.996162,-0.02370283,0.9997039,0.005504964,-0.9959087,-0.02313182,-0.08735509,moving,16.81437963577151,4.583957472238099,16.839120623981625,6.848757820917956,-1.9559972,0.17256348,0.403181,0.28842385631970574,0.07652346699261237,0.954440127445283,17.556333346606408,5.509009564160818,2.169088544718928,2.264935481614877,1.5196445245446855
630,05/05/2023 15:31:57.196031,813,True,True,True,True,Eyes,1.67938,0.0180944,-3.436297,-0.9775001,0.05224441,0.2043629,0.0,0.0,0.0,0.0,0.0,0.0,0.0,3.55099,0.04085378,1.392596,1.678871,0.01788119,-3.425141,0.01115248,-0.7354094,0.007444679,0.6774906,1.493364,265.3005,359.638,0.4927877,0.004176565,-0.8701394,-0.6134763,0.01080969,-0.2260113,-0.2751457,0.2016754,-3.012489,0.5796001,0.2327078,1.915,-0.08176455,-0.006315871,0.9966317,-0.02649067,0.9996405,0.004161622,-0.9962997,-0.02606117,-0.08190253,moving,16.508452597233685,4.72328234281538,16.839134328329035,6.928522758986046,-1.9540167,0.18379421,0.412652,0.28326936880327486,0.07897073667531129,0.955783556156634,17.24786856873328,5.639231120472016,2.1303144085283745,2.229895894519022,1.3525297070382696
631,05/05/2023 15:31:57.212887,814,True,True,True,True,Eyes,1.67938,0.0180944,-3.436297,-0.9775001,0.05224441,0.2043629,0.0,0.0,0.0,0.0,0.0,0.0,0.0,3.5444,0.04322607,1.401515,1.669479,0.01907117,-3.426567,0.01277247,-0.7336087,0.01031691,0.6793738,1.861965,265.5994,359.7293,0.4863387,0.004255702,-0.8737598,-0.5766677,0.01016111,-0.2124506,-0.2826701,0.1996485,-3.003357,0.5795997,0.2354198,1.915,-0.07657633,-0.004721908,0.9970526,-0.03275806,0.9994608,0.002217405,-0.9965254,-0.03249171,-0.07668973,moving,16.22265782238204,5.058657525920053,16.839123364851268,7.0084699837162105,-1.9521491,0.18057733,0.4232100000000001,0.27836716061123995,0.08469041120338644,0.9567337021951852,16.959933868243667,5.960797597191263,1.951419238091513,2.0449445923127048,1.0546149094417372
632,05/05/2023 15:31:57.226492,815,True,True,True,True,Eyes,1.677897,0.0182116,-3.436516,-0.9773387,0.05232533,0.2051127,0.0,0.0,0.0,0.0,0.0,0.0,0.0,3.53776,0.03953219,1.410275,1.659876,0.02033777,-3.427913,0.01268117,-0.7318407,0.01095183,0.6812698,1.908794,265.8974,359.7914,0.4809523,0.004318026,-0.8767359,-0.5420676,0.009551441,-0.1997035,-0.2910519,0.1920971,-2.995009,0.5795997,0.2381128,1.915,-0.07142129,-0.003638887,0.9974396,-0.03348349,0.9994385,0.001248606,-0.9968841,-0.03330858,-0.07150304,moving,15.97408098945868,5.087411473648551,16.839123364851268,7.087829976144779,-1.9509279,0.17175933,0.4329040000000002,0.2742000131940075,0.08527676561731282,0.9578842938418215,16.709200045309135,5.984337684520612,2.08111349828965,2.179443161992096,1.1111144435362201
633,05/05/2023 15:31:57.236164,816,True,True,True,True,Eyes,1.676115,0.01834515,-3.436766,-0.9771582,0.05221647,0.2059978,0.0,0.0,0.0,0.0,0.0,0.0,0.0,3.531449,0.03849122,1.41872,1.650888,0.02079135,-3.429216,0.01318976,-0.730134,0.01246935,0.683063,2.076135,266.1823,359.8724,0.4764115,0.004370118,-0.8792113,-0.5095436,0.008978355,-0.1877213,-0.2986171,0.1951539,-2.986424,0.5795996,0.2408464,1.915,-0.06650204,-0.002225879,0.9977838,-0.03629529,0.9993411,-0.0001897183,-0.9971259,-0.03622747,-0.066539,moving,15.750681243888698,5.221100527962394,16.839120623981625,7.16835846113794,-1.9495050999999999,0.17436255,0.44279199999999985,0.2704081121798664,0.08760921428363602,0.9587512084014632,16.483983077359085,6.110553344667806,2.1330242281886873,2.2308101090079755,1.115828992924754
634,05/05/2023 15:31:57.255876,817,True,True,True,True,Eyes,1.674037,0.01851004,-3.437045,-0.976952,0.0524802,0.2069076,0.0,0.0,0.0,0.0,0.0,0.0,0.0,3.52573,0.04064909,1.425039,1.641958,0.02138386,-3.430259,0.01451375,-0.7286067,0.01486368,0.6846173,2.380309,266.4333,359.9543,0.4725603,0.004414867,-0.881287,-0.478971,0.008439654,-0.176458,-0.3059876,0.1933815,-2.978369,0.5795997,0.2434163,1.915,-0.06217718,-0.0007977724,0.9980649,-0.04150149,0.9991369,-0.001786814,-0.9972019,-0.04153228,-0.06215655,moving,15.566861195888277,5.5149031931228425,16.839123364851268,7.244038597598013,-1.9479456000000002,0.17199764,0.4518900000000001,0.2672094154252695,0.09261015721717197,0.9591780980204333,16.29887448477112,6.393455868731345,2.057518628993017,2.1467557554561076,1.0076506493195558
635,05/05/2023 15:31:57.275944,818,True,True,True,True,Eyes,1.671672,0.01869284,-3.437353,-0.9767186,0.05276597,0.2079337,0.0,0.0,0.0,0.0,0.0,0.0,0.0,3.520536,0.03744244,1.430203,1.63283,0.02228847,-3.431387,0.01447762,-0.7272117,0.01557649,0.6860839,2.436981,266.6666,0.01817781,0.4691234,0.004457855,-0.8831211,-0.4502327,0.007933274,-0.1658706,-0.3139455,0.1875477,-2.971251,0.5795997,0.2463732,1.915,-0.05815863,0.0003169775,0.9983074,-0.04243014,0.9990956,-0.002789089,-0.9974054,-0.04252053,-0.05809263,moving,15.400741681113917,5.568390532604408,16.839123364851268,7.331083922982155,-1.9467755,0.16525923,0.4601359999999999,0.2644031904899523,0.09358060595363278,0.9598611971633064,16.131352037176583,6.4425730322106185,2.1836310835240935,2.27508897773087,1.1359541607380184
636,05/05/2023 15:31:57.295925,819,True,True,True,True,Eyes,1.669021,0.01889787,-3.437706,-0.9764332,0.05353736,0.2090743,0.0,0.0,0.0,0.0,0.0,0.0,0.0,3.515383,0.03453792,1.434928,1.623627,0.0228995,-3.43241,0.01410909,-0.7258611,0.015427,0.6875237,2.395453,266.8934,0.04188443,0.4659717,0.004501375,-0.8847879,-0.4232188,0.007457277,-0.1559183,-0.3214653,0.1895856,-2.96471,0.5795999,0.2487652,1.915001,-0.0542244,0.0007303838,0.9985286,-0.04169533,0.9991259,-0.002995049,-0.997658,-0.04179638,-0.0541466,moving,15.242556533675875,5.563995495743084,16.83912055099295,7.401471010927917,-1.9450923,0.1666861,0.4676999999999998,0.2617522669510406,0.09357707433755023,0.9605879386099514,15.971768737663012,6.435446650377866,2.3388623129700163,2.434200675847289,1.298268937186307
637,05/05/2023 15:31:57.316295,820,True,True,True,True,Eyes,1.666092,0.0190991,-3.438082,-0.9761063,0.05445692,0.2103591,0.0,0.0,0.0,0.0,0.0,0.0,0.0,3.509718,0.03112593,1.440625,1.614142,0.0235464,-3.433436,0.01322922,-0.7244015,0.0141408,0.6891065,2.219042,267.1396,0.01849198,0.4630711,0.004545978,-0.8863092,-0.3978256,0.007009841,-0.1465632,-0.3288003,0.1944806,-2.958106,0.5796003,0.2514176,1.915001,-0.04991482,0.0003225038,0.9987535,-0.03865556,0.9992501,-0.002254557,-0.9980052,-0.03871991,-0.04986501,moving,15.065969880705902,5.446030789560608,16.83913151446532,7.479498568569425,-1.9429423,0.1709342,0.47533000000000003,0.2588364896952438,0.09167374807481475,0.9615610284867757,15.793494129259656,6.3173551757287685,2.593398217603047,2.697979500979096,1.5633089287990798
638,05/05/2023 15:31:57.326493,821,True,True,True,True,Eyes,1.662887,0.01927946,-3.438496,-0.9757118,0.05576898,0.2118402,0.0,0.0,0.0,0.0,0.0,0.0,0.0,3.503382,0.02801403,1.447789,1.604604,0.02363183,-3.434421,0.01195495,-0.7227943,0.01194806,0.6908566,1.93641,267.4108,359.9557,0.4603913,0.004591476,-0.8877039,-0.3739561,0.00658925,-0.1377694,-0.33579,0.2034591,-2.950622,0.5796,0.2540649,1.915,-0.04514876,-0.0007731529,0.99898,-0.03379073,0.9994286,-0.0007536648,-0.9984086,-0.03379029,-0.04514909,moving,14.87085062892849,5.255124005037618,16.839131587459715,7.557352185525093,-1.940394,0.17982727,0.48379899999999987,0.25563301220072737,0.08854747088900433,0.9627102755231526,15.596441658329086,6.127873707701025,2.9121678236294275,3.028924648575343,1.8941190507792538
639,05/05/2023 15:31:57.346143,822,True,True,True,True,Eyes,1.659415,0.01944501,-3.43893,-0.9752764,0.05704765,0.2134983,0.0,0.0,0.0,0.0,0.0,0.0,0.0,3.496234,0.02600705,1.456756,1.594836,0.02320126,-3.435466,0.0109213,-0.7209648,0.01017009,0.692811,1.707515,267.7169,359.9051,0.4579046,0.004637255,-0.8889889,-0.3515187,0.006193895,-0.1295033,-0.3421946,0.2151486,-2.942066,0.5795999,0.25682,1.915,-0.03978743,-0.001655848,0.9992068,-0.02983965,0.9995546,0.0004682406,-0.9987625,-0.02979735,-0.03981913,moving,14.653939965054878,5.11186247047539,16.83912884659031,7.638342242253103,-1.9370306,0.19194734,0.49339999999999984,0.25203812108461165,0.08622411056775275,0.9638683536392878,15.377459435434222,5.984414047974779,3.213635978627622,3.340381787339291,2.207250764942248
640,05/05/2023 15:31:57.356174,823,True,True,True,True,Eyes,1.655675,0.01959908,-3.439386,-0.9747918,0.05846285,0.2153208,0.0,0.0,0.0,0.0,0.0,0.0,0.0,3.488033,0.02774165,1.467832,1.58501,0.02296134,-3.436407,0.010926,-0.7188864,0.00964067,0.6949749,1.664544,268.0603,359.8676,0.4555861,0.00468292,-0.8901791,-0.3304276,0.005822262,-0.1217331,-0.3486016,0.224668,-2.932458,0.5795999,0.259604,1.915,-0.03378125,-0.002309063,0.9994265,-0.02910915,0.9995754,0.001325498,-0.9990053,-0.02904768,-0.03383413,moving,14.414673112510721,5.158274563701094,16.83912884659031,7.72015067468862,-1.9336116,0.20170666,0.503949,0.24799188404811806,0.08709879280473277,0.9648387589790459,15.136137450417351,6.025323295829908,3.3985518736295837,3.527207792937632,2.4026276323159634
641,05/05/2023 15:31:57.375709,824,True,True,True,True,Eyes,1.651682,0.01970816,-3.439864,-0.9742612,0.05986766,0.2173267,0.0,0.0,0.0,0.0,0.0,0.0,0.0,3.479198,0.02773521,1.480523,1.574933,0.02277716,-3.437528,0.01065085,-0.716615,0.009010131,0.6973296,1.591187,268.435,359.8453,0.4534136,0.004728198,-0.8912874,-0.3106019,0.005472926,-0.1144291,-0.3552954,0.2280169,-2.921585,0.5795998,0.2621315,1.915,-0.02723645,-0.002699057,0.9996256,-0.02783118,0.9996107,0.001940714,-0.9992417,-0.02776789,-0.02730097,moving,14.155497669979727,5.169097918946474,16.83912610572083,7.794394391560673,-1.9302283999999998,0.20523974,0.515943,0.24361889378453205,0.08738095784815303,0.9659266638150878,14.874691504366085,6.03120564191092,3.622635415924299,3.754203397558368,2.639666242139569
642,05/05/2023 15:31:57.396132,825,True,True,True,True,Eyes,1.647436,0.01977942,-3.440367,-0.973704,0.06119818,0.2194427,0.0,0.0,0.0,0.0,0.0,0.0,0.0,3.470183,0.02724587,1.493479,1.564922,0.02179542,-3.438594,0.01026071,-0.7143097,0.008551219,0.6997023,1.522833,268.8142,359.8457,0.4513672,0.004771964,-0.8923253,-0.2919658,0.00514455,-0.1075633,-0.361771,0.232754,-2.909912,0.5796001,0.2648198,1.915,-0.02062288,-0.002692039,0.9997839,-0.02662527,0.9996432,0.002142455,-0.9994329,-0.02657533,-0.02068718,moving,13.900352593008066,5.174672719886208,16.839134328329035,7.873332607341896,-1.926693,0.21095857999999998,0.5286820000000003,0.23931106686964143,0.08757161324468477,0.9669856365334698,14.617305518048072,6.032047583064228,3.8549690178511122,3.989887626991326,2.8856288401011887
643,05/05/2023 15:31:57.416198,826,True,True,True,True,Eyes,1.642943,0.01981572,-3.440894,-0.973111,0.06243334,0.2217137,0.0,0.0,0.0,0.0,0.0,0.0,0.0,3.461671,0.03144922,1.505148,1.554716,0.02094198,-3.439775,0.01107852,-0.712076,0.009442473,0.7019516,1.66185,269.1774,359.8555,0.4494286,0.0048134,-0.893303,-0.2744479,0.004835878,-0.1011095,-0.3680665,0.2367184,-2.898162,0.5796,0.2674705,1.915001,-0.01428278,-0.002521185,0.9998949,-0.02903382,0.9995762,0.002105659,-0.9994765,-0.02900069,-0.0143499,moving,13.675058693106605,5.380094421806782,16.839123291861164,7.9511332137556145,-1.9227825,0.21577642,0.5416129999999999,0.23543153485995538,0.09112685289187678,0.9676093189442487,14.3902583914715,6.228107693486837,3.946754036872005,4.07695293752547,2.994287268092019
644,05/05/2023 15:31:57.426081,827,True,True,True,True,Eyes,1.638212,0.01982666,-3.441423,-0.972514,0.06361806,0.2239847,0.0,0.0,0.0,0.0,0.0,0.0,0.0,3.453322,0.03408732,1.516248,1.544355,0.02015016,-3.440954,0.01148834,-0.709881,0.009826364,0.7041595,1.726603,269.5342,359.8583,0.4475816,0.004851833,-0.8942297,-0.257981,0.004545725,-0.09504297,-0.3754117,0.2342317,-2.887146,0.5796002,0.2704019,1.915001,-0.008055183,-0.002472055,0.9999647,-0.03014936,0.999543,0.002228149,-0.9995131,-0.03013034,-0.008126009,moving,13.454338903615987,5.510066794968716,16.83912877359735,8.037142760703897,-1.9197666999999998,0.21408154,0.5538080000000001,0.2316530887046529,0.09340872596039443,0.9683034338451475,14.167740803013114,6.350750939304744,4.094953207031152,4.224087522829616,3.1591503706952775
645,05/05/2023 15:31:57.446365,828,True,True,True,True,Eyes,1.633239,0.01980812,-3.441981,-0.9718822,0.06471293,0.2264004,0.0,0.0,0.0,0.0,0.0,0.0,0.0,3.44555,0.03691134,1.526023,1.533968,0.01954104,-3.442163,0.01205263,-0.7078034,0.0104685,0.7062292,1.824785,269.8704,359.8696,0.4458121,0.004886915,-0.8951129,-0.2425021,0.004272982,-0.08934039,-0.3826123,0.2338768,-2.876328,0.5796003,0.2729838,1.915001,-0.002190463,-0.002275466,0.9999951,-0.03184811,0.9994903,0.002204555,-0.9994903,-0.03184313,-0.002261889,moving,13.264303044828463,5.666688134313095,16.83913151446532,8.112867531325238,-1.9165803000000001,0.21433576,0.5658349999999999,0.22838072595571374,0.09613165916048688,0.9688141530888046,13.976207365012888,6.499906182157202,4.2050136137949625,4.331650058544997,3.2860278451997162
646,05/05/2023 15:31:57.456081,829,True,True,True,True,Eyes,1.628031,0.01974953,-3.44253,-0.9712539,0.06576518,0.2287813,0.0,0.0,0.0,0.0,0.0,0.0,0.0,3.437528,0.04057562,1.536183,1.523253,0.01882078,-3.443465,0.01255834,-0.705644,0.01068876,0.7083746,1.88405,270.2189,359.8521,0.4441068,0.004918218,-0.89596,-0.227952,0.004016602,-0.08397996,-0.3901121,0.2329636,-2.866289,0.5796002,0.2758616,1.915001,0.003904477,-0.002580147,0.999989,-0.03286673,0.9994561,0.002707104,-0.9994522,-0.03287694,0.003817559,moving,13.056408722167141,5.788256972927108,16.83912877359735,8.19723715467738,-1.9133651,0.21414281999999998,0.5771760000000001,0.22481677092227403,0.09827067936052025,0.9694330165026543,13.766618751600681,6.614593771283699,4.358509753882207,4.484657902622866,3.4561652035557784
647,05/05/2023 15:31:57.475877,830,True,True,True,True,Eyes,1.622598,0.0196461,-3.443112,-0.9705979,0.06670757,0.2312784,0.0,0.0,0.0,0.0,0.0,0.0,0.0,3.430066,0.04262748,1.54507,1.512471,0.01777991,-3.444782,0.01270896,-0.7036063,0.01069188,0.7103958,1.896983,270.5477,359.8456,0.4424544,0.004945084,-0.896777,-0.2142749,0.003775606,-0.07894117,-0.3975845,0.2326181,-2.855807,0.5795997,0.2784035,1.915,0.009647548,-0.002693278,0.9999499,-0.03307515,0.9994483,0.003011039,-0.9994064,-0.03310255,0.009553106,moving,12.875209374869787,5.854861846088038,16.839123364851268,8.271733575276507,-1.9100555,0.21483818999999998,0.588975,0.22172322459088406,0.09946982516802672,0.9700229106801228,13.58389840991611,6.6762181994961125,4.515163532925585,4.6426159732764205,3.625211555424629
648,05/05/2023 15:31:57.496168,831,True,True,True,True,Eyes,1.616939,0.01951432,-3.443694,-0.9699329,0.06763842,0.2337845,0.0,0.0,0.0,0.0,0.0,0.0,0.0,3.423119,0.04801007,1.552894,1.501685,0.01661128,-3.446186,0.01347259,-0.7016525,0.01109609,0.7123055,1.992255,270.8603,359.8224,0.440844,0.004966792,-0.8975697,-0.2014184,0.00354907,-0.0742047,-0.4050914,0.2335748,-2.846071,0.5796003,0.2809022,1.915001,0.0151214,-0.003098543,0.9998809,-0.03471376,0.9993908,0.003622008,-0.9992829,-0.03476439,0.01500466,moving,12.71083066218577,6.007095699894399,16.83913151446532,8.34492803565454,-1.9067764,0.21696352,0.6001150000000002,0.21888043876744218,0.10211400074979632,0.9703937670753039,13.418243157592293,6.8215608053435615,4.618842869404553,4.744294252790162,3.74474630229803
649,05/05/2023 15:31:57.512994,832,True,True,True,True,Eyes,1.611047,0.01935412,-3.444315,-0.9692342,0.06859241,0.2363899,0.0,0.0,0.0,0.0,0.0,0.0,0.0,3.416391,0.05179046,1.560166,1.49061,0.01577077,-3.447659,0.01381967,-0.6997318,0.01088132,0.7141891,2.003912,271.1678,359.7823,0.439267,0.004983112,-0.8983424,-0.1893333,0.003336126,-0.06975242,-0.4130242,0.2317175,-2.836894,0.5795997,0.2836488,1.915,0.02051409,-0.003797494,0.9997824,-0.03488276,0.9993812,0.004511715,-0.9991809,-0.03496772,0.02036889,moving,12.554062228338605,6.080825867013464,16.839123364851268,8.425361604481992,-1.9036342,0.21594673,0.6107649999999998,0.21619504534467215,0.10342605567993612,0.970856730602494,13.260176917471224,6.8905657423322175,4.757513757073867,4.884526258289363,3.8941566496080138
650,05/05/2023 15:31:57.526453,833,True,True,True,True,Eyes,1.604928,0.01915918,-3.444975,-0.9685196,0.06960781,0.2390075,0.0,0.0,0.0,0.0,0.0,0.0,0.0,3.410268,0.05317515,1.566135,1.479156,0.01490157,-3.449261,0.01351942,-0.6979207,0.009871888,0.7159795,1.899063,271.459,359.7286,0.4377143,0.004993848,-0.8991,-0.1779733,0.003135958,-0.06556727,-0.4209158,0.2326732,-2.827888,0.5796,0.2862438,1.915,0.0256185,-0.00473482,0.9996607,-0.0330071,0.9994395,0.00557966,-0.9991269,-0.03313884,0.02544787,moving,12.411118093584594,6.044737105278571,16.839131587459715,8.501320831626831,-1.9000717999999999,0.21777163,0.6213729999999997,0.21378462267655207,0.10287040184549483,0.9714493622338718,13.11593321897788,6.852838957056616,4.931228863772387,5.063803620451652,4.071817601741553
651,05/05/2023 15:31:57.546192,834,True,True,True,True,Eyes,1.598586,0.01892747,-3.445678,-0.967775,0.07060803,0.241715,0.0,0.0,0.0,0.0,0.0,0.0,0.0,3.404436,0.05627842,1.571683,1.467687,0.01384282,-3.450976,0.01347636,-0.6961383,0.008963165,0.7177254,1.823681,271.7441,359.662,0.4361777,0.004998648,-0.8998464,-0.1672949,0.002947801,-0.06163323,-0.4288607,0.2374876,-2.819514,0.5795998,0.2889532,1.915001,0.03062251,-0.00589664,0.9995137,-0.031629,0.9994761,0.006865455,-0.9990305,-0.03182386,0.03041997,moving,12.279044234310353,6.03993542015181,16.839117810124662,8.580592174483256,-1.8965477,0.22364478,0.631462,0.21154541239864,0.10284027076638932,0.9719426438593308,12.982690724323225,6.845786047314281,5.082965260639864,5.220077371090384,4.228661983058705
652,05/05/2023 15:31:57.556204,835,True,True,True,True,Eyes,1.592035,0.01865815,-3.446411,-0.9670293,0.07160582,0.2443912,0.0,0.0,0.0,0.0,0.0,0.0,0.0,3.398758,0.05980057,1.576905,1.456038,0.01270847,-3.45276,0.01353684,-0.6943619,0.008194165,0.7194521,1.768293,272.0272,359.5983,0.4346509,0.004997137,-0.9005849,-0.1572572,0.002770933,-0.05793524,-0.4369298,0.2408742,-2.811402,0.5796002,0.2915445,1.915001,0.03558895,-0.007008304,0.9993421,-0.03058955,0.9994992,0.008098778,-0.9988984,-0.03085764,0.03535678,moving,12.147846535548448,6.054040297523681,16.83912877359735,8.656381391861238,-1.8929677999999999,0.22816573,0.6413579999999999,0.20931296082690526,0.10313021901911376,0.9723951673618838,12.850353371317208,6.857166764702319,5.223965142000724,5.364728157913604,4.375785927626911
653,05/05/2023 15:31:57.576058,836,True,True,True,True,Eyes,1.585273,0.01836168,-3.447189,-0.9662584,0.07255959,0.2471431,0.0,0.0,0.0,0.0,0.0,0.0,0.0,3.393283,0.06354664,1.582136,1.444496,0.01153957,-3.454686,0.01387008,-0.6925804,0.008062348,0.7211623,1.78636,272.3096,359.5653,0.4331269,0.004988958,-0.9013188,-0.1478218,0.002604677,-0.05445912,-0.4452261,0.2436556,-2.80345,0.5796002,0.2942489,1.915001,0.04053483,-0.00758377,0.9991494,-0.03084081,0.9994853,0.008837511,-0.998702,-0.03117281,0.04028006,moving,12.0260505967412,6.132332808573874,16.83912877359735,8.73544596554056,-1.8897221,0.23211603,0.6512359999999999,0.20721547346963004,0.1045065623878175,0.9726972949082242,12.727572776305209,6.931245096546686,5.329665698916687,5.471921019578222,4.489992594041466
654,05/05/2023 15:31:57.596092,837,True,True,True,True,Eyes,1.578299,0.01804833,-3.448016,-0.9654645,0.07361303,0.249919,0.0,0.0,0.0,0.0,0.0,0.0,0.0,3.387993,0.06332974,1.586881,1.432713,0.0105987,-3.456577,0.01381187,-0.6908277,0.008296085,0.7228398,1.801096,272.5881,359.5936,0.4316005,0.004974058,-0.9020509,-0.1389524,0.002448396,-0.05119158,-0.4536822,0.244234,-2.795819,0.5795999,0.2969388,1.915,0.04537632,-0.007089764,0.9989449,-0.03107673,0.9994808,0.008505207,-0.9984865,-0.03142987,0.04513248,moving,11.916199738025476,6.200328172928085,16.83912884659031,8.814057909426609,-1.8863952,0.23363530000000002,0.660758,0.2053240703609897,0.10570390346731345,0.9729690624214107,12.616830885869462,6.995507271575585,5.429611169501543,5.573761220523497,4.5972738108074225
655,05/05/2023 15:31:57.613198,838,True,True,True,True,Eyes,1.571118,0.01773288,-3.448895,-0.9646373,0.07474824,0.2527598,0.0,0.0,0.0,0.0,0.0,0.0,0.0,3.382922,0.05988313,1.591432,1.420727,0.009873004,-3.45859,0.01318552,-0.689086,0.008178544,0.7245136,1.740777,272.8658,359.6377,0.4300666,0.004952661,-0.9027833,-0.1306153,0.002301492,-0.04812008,-0.4623993,0.245758,-2.788611,0.5796004,0.2996123,1.915,0.05018736,-0.006320977,0.9987198,-0.03002284,0.9995185,0.007834731,-0.9982885,-0.03037761,0.0499734,moving,11.811750526095379,6.19501970599056,16.83914255093653,8.89215297657916,-1.8831263,0.235884996,0.6699790000000001,0.20355110107271196,0.10565370723640194,0.9733468959367566,12.511455771479325,6.9884575062518905,5.5564829705937235,5.705190483301356,4.727888461547421
656,05/05/2023 15:31:57.626037,839,True,True,True,True,Eyes,1.563726,0.01742051,-3.449831,-0.9637806,0.07601139,0.2556348,0.0,0.0,0.0,0.0,0.0,0.0,0.0,3.378325,0.05421602,1.595356,1.408617,0.00948116,-3.460763,0.01195327,-0.687412,0.007201314,0.7261337,1.562069,273.1336,359.6575,0.4285205,0.004925352,-0.9035183,-0.1227784,0.002163403,-0.04523288,-0.4709838,0.2502203,-2.781664,0.5796005,0.3023297,1.915,0.05482584,-0.005975405,0.9984781,-0.02689187,0.9996105,0.007458802,-0.9981337,-0.02725988,0.05464379,moving,11.715275924361874,6.084222369746905,16.839145291805533,8.971496278167255,-1.8796008,0.24073914000000002,0.6790989999999999,0.20195139255945987,0.10380637959387579,0.973878738815074,12.414006858994009,6.8787889495203345,5.724278067452151,5.8813593596100215,4.89502544558434
657,05/05/2023 15:31:57.646253,840,True,True,True,True,Eyes,1.55614,0.01713372,-3.450818,-0.9628929,0.07730567,0.2585751,0.0,0.0,0.0,0.0,0.0,0.0,0.0,3.373563,0.04866125,1.599507,1.396235,0.009217882,-3.46297,0.01080689,-0.6856741,0.006364732,0.7278005,1.401525,273.4103,359.6816,0.4269586,0.004892809,-0.9042577,-0.1154117,0.002033598,-0.0425189,-0.4792328,0.2586467,-2.775128,0.5796,0.3049503,1.915,0.05962082,-0.005555495,0.9982056,-0.02408452,0.9996854,0.007002251,-0.9979305,-0.02445878,0.05946828,moving,11.614687371146749,5.992476169519603,16.839131587459715,9.047980346418603,-1.8754678,0.249428818,0.6878419999999998,0.20027312286834292,0.10228277570740488,0.974386420202334,12.312429188568135,6.787605109771368,5.887809505483319,6.05234856435196,5.059676948045085
658,05/05/2023 15:31:57.656076,841,True,True,True,True,Eyes,1.54836,0.01681138,-3.451822,-0.9619659,0.07884485,0.2615435,0.0,0.0,0.0,0.0,0.0,0.0,0.0,3.368866,0.04392527,1.60375,1.38401,0.009608326,-3.465202,0.009977371,-0.6839309,0.005806182,0.7294556,1.289158,273.6863,359.7033,0.4253768,0.004856217,-0.9050031,-0.108487,0.001911583,-0.03996777,-0.487656,0.2667389,-2.768374,0.5796002,0.3076763,1.915,0.06440979,-0.005176959,0.9979102,-0.02211837,0.9997334,0.006614042,-0.9976784,-0.02249815,0.06427814,moving,11.51746366994817,5.963855659771961,16.839137069198276,9.127506094501472,-1.8716659999999998,0.257130574,0.696828,0.19862867482234148,0.1018308080481975,0.974770250673026,12.214317004011532,6.7579758168773205,6.021123761711277,6.191033180451419,5.196502128541035
659,05/05/2023 15:31:57.676106,842,True,True,True,True,Eyes,1.540424,0.01652638,-3.452871,-0.9610358,0.08012701,0.2645557,0.0,0.0,0.0,0.0,0.0,0.0,0.0,3.363183,0.03158301,1.609844,1.37159,0.008402387,-3.467314,0.00728607,-0.6819846,0.003891565,0.73132,0.9147587,273.9966,359.7567,0.4237723,0.004815035,-0.9057557,-0.1019778,0.001796888,-0.0375697,-0.4960774,0.2738546,-2.761667,0.5796002,0.3104135,1.915,0.06976374,-0.004246016,0.9975546,-0.01562993,0.9998636,0.005348922,-0.9974411,-0.01596487,0.06968787,moving,11.387613413391001,5.651210150663862,16.839137069198276,9.207322908519144,-1.8676674000000002,0.265452213,0.7056469999999999,0.196522922593507,0.09655208673854461,0.9757337241570618,12.082971461494452,6.451076160022403,6.3239895657948315,6.5088438386865155,5.497090814831382
660,05/05/2023 15:31:57.696367,843,True,True,True,True,Eyes,1.33702,0.01194898,-3.480078,-0.9333907,0.1134296,0.3404637,0.0,0.0,0.0,0.0,0.0,0.0,0.0,3.358977,0.035903,1.613344,1.359963,0.008996546,-3.469483,0.008876773,-0.6803302,0.006110772,0.7328266,1.221923,274.253,359.8211,0.4221433,0.004770704,-0.9065163,-0.0958591,0.001689074,-0.03531552,-0.5029662,0.2882871,-2.754005,0.5796002,0.3129612,1.915,0.07422711,-0.003121998,0.9972365,-0.02103454,0.9997677,0.004695585,-0.9970196,-0.02132496,0.07414419,moving,15.805085455257716,8.037657085772539,16.839137069198276,9.281581528868305,-1.8629292,0.279290554,0.7154780000000001,0.2698858187332089,0.13463537578831714,0.9534332511788037,16.542034259344632,8.855286567551257,1.5411918999512872,1.6175941272223358,0.519612811300139
661,05/05/2023 15:31:57.713315,844,True,True,True,True,Eyes,1.336529,0.01198577,-3.480159,-0.9332694,0.113823,0.3406649,0.0,0.0,0.0,0.0,0.0,0.0,0.0,3.353846,0.03176434,1.617889,1.347045,0.01119916,-3.471628,0.007703062,-0.6784707,0.003809475,0.7345772,0.9446338,274.5453,359.7217,0.4131033,0.004564536,-0.9106724,-0.7003212,-0.01214447,-0.1148194,-0.5129467,0.2819317,-2.748016,0.5796008,0.3156553,1.915,0.079326,-0.004855896,0.996837,-0.01604931,0.9998523,0.006147753,-0.9967195,-0.01648622,0.07923634,moving,15.503743098589702,7.800923284142025,16.839153514412075,9.360073105387105,-1.8599917000000001,0.27073254,0.7236120000000001,0.2650021048579167,0.13087884271538663,0.9553243613285096,16.23777158597959,8.619252196085268,1.958218860084643,2.052868515949195,0.9541885785860017
662,05/05/2023 15:31:57.726327,845,True,True,True,True,Eyes,1.335587,0.01208273,-3.480312,-0.9330909,0.113934,0.3411165,0.0,0.0,0.0,0.0,0.0,0.0,0.0,3.348415,0.01881586,1.623608,1.334806,0.01200523,-3.473685,0.004295439,-0.6765584,-0.0003976981,0.7363765,0.3316291,274.8474,359.6334,0.4056895,0.004393576,-0.9140002,-0.6583019,-0.0114158,-0.1079303,-0.5208048,0.2951089,-2.740167,0.5795998,0.3183424,1.915,0.08453731,-0.006397941,0.9963998,-0.005226518,0.9999628,0.006864251,-0.9964067,-0.005787988,0.08450072,moving,15.201220587986919,7.208052867912094,16.83912610572083,9.438325445313902,-1.8556108,0.28310367000000003,0.7335180000000001,0.26027842303367166,0.12114808569557353,0.9579030923984237,15.931917814299648,8.036265332989482,2.6392370400657463,2.767101417464437,1.6699698927209752
663,05/05/2023 15:31:57.746471,846,True,True,True,True,Eyes,1.334195,0.01230065,-3.480532,-0.9328418,0.114024,0.3417671,0.0,0.0,0.0,0.0,0.0,0.0,0.0,3.342877,0.03087242,1.629425,1.323095,0.0135738,-3.475635,0.006778555,-0.6746327,0.0008902989,0.738122,0.6421873,275.1438,359.5512,0.3995918,0.004253362,-0.9166831,-0.6188039,-0.01073085,-0.1014545,-0.5259919,0.3181799,-2.732149,0.5796001,0.3209789,1.915,0.08973978,-0.007831771,0.9959345,-0.01046037,0.9999065,0.008805552,-0.9959104,-0.01120805,0.08964945,moving,14.942651152494921,7.535636446830134,16.839134328329035,9.515069720168949,-1.8490868999999999,0.3046061,0.7434859999999999,0.25577143505878314,0.12678065581503276,0.9583880661635615,15.67143947589327,8.350731246860786,2.621799885565768,2.741314378144663,1.648998286485031
664,05/05/2023 15:31:57.756012,847,True,True,True,True,Eyes,1.332383,0.01260267,-3.480831,-0.9324971,0.1142266,0.3426387,0.0,0.0,0.0,0.0,0.0,0.0,0.0,3.33677,0.03472981,1.636038,1.310973,0.01667347,-3.477489,0.007446861,-0.6725814,2.074745e-05,0.7399858,0.633077,275.4608,359.4278,0.3945562,0.004141991,-0.9188622,-0.5816756,-0.010087,-0.09536719,-0.5354456,0.3111744,-2.723863,0.5796001,0.3236336,1.915,0.0952686,-0.009986535,0.9954016,-0.01004795,0.9998891,0.01099323,-0.9954009,-0.01104905,0.09515769,moving,14.663740587533983,7.56003659081818,16.839134328329035,9.592308965833535,-1.8464185999999998,0.29450093,0.7536259999999997,0.25108457804041034,0.1273503164708905,0.9595510762636312,15.390099861106336,8.369484516995112,2.85263915768338,2.9769899115954086,1.8960486596805382
665,05/05/2023 15:31:57.775836,848,True,True,True,True,Eyes,1.330189,0.01292385,-3.481191,-0.9320814,0.1144872,0.3436814,0.0,0.0,0.0,0.0,0.0,0.0,0.0,3.330342,0.03151498,1.643798,1.299172,0.01889527,-3.479373,0.006163101,-0.6704448,-0.002868382,0.7419284,0.3036102,275.7929,359.2826,0.3903735,0.004057115,-0.9206473,-0.5467751,-0.009481783,-0.08964515,-0.5432809,0.316009,-2.71474,0.5796,0.3263189,1.915,0.100991,-0.01252031,0.9948087,-0.00400777,0.9999076,0.01299134,-0.9948794,-0.005298974,0.1009315,moving,14.371407317882783,7.271862501486191,16.839131587459715,9.670402737647231,-1.8424529,0.29711372999999996,0.7646329999999999,0.24633170034383034,0.12267706789435268,0.9613901342921725,15.09486776652861,8.083501503786536,3.2983415361187833,3.4413163666164817,2.358116155544034
666,05/05/2023 15:31:57.796101,849,True,True,True,True,Eyes,1.327632,0.01324963,-3.48163,-0.931655,0.1146581,0.344779,0.0,0.0,0.0,0.0,0.0,0.0,0.0,3.324502,0.03162158,1.650614,1.287837,0.01964434,-3.481225,0.005816274,-0.6684473,-0.004065274,0.7437258,0.1842969,276.1015,359.208,0.3868733,0.003995199,-0.9221239,-0.5139686,-0.008912876,-0.08426645,-0.5488064,0.3304737,-2.705224,0.5796,0.3290131,1.915,0.1063236,-0.01382264,0.9942356,-0.001728846,0.9998993,0.01408627,-0.9943302,-0.003216582,0.1062889,moving,14.119527137022443,7.170877028831752,16.839131587459715,9.74871889944881,-1.8366433999999998,0.31082936,0.7760009999999999,0.24214977565719908,0.12111388994125633,0.9626499828982887,14.840655582405768,7.98059623886298,3.5944041890862044,3.74720123248601,2.6683635594973745
667,05/05/2023 15:31:57.813425,850,True,True,True,True,Eyes,1.324736,0.013603,-3.4821,-0.931191,0.1148339,0.345972,0.0,0.0,0.0,0.0,0.0,0.0,0.0,3.319982,0.02743026,1.6547,1.276726,0.02005509,-3.482906,0.005348817,-0.6667756,-0.003869981,0.7452293,0.16108,276.3593,359.2608,0.3838339,0.003951446,-0.9233934,-0.4831305,-0.008378103,-0.07921046,-0.5552534,0.3371151,-2.696751,0.5795998,0.3316756,1.915,0.1107906,-0.01290097,0.99376,-0.001364877,0.9999129,0.01313301,-0.9938429,-0.002811374,0.1107634,moving,13.941081969201546,7.137109873834549,16.83912610572083,9.82607747308082,-1.8319794,0.31706001,0.7861549999999999,0.2391644279408634,0.1206385018509237,0.9634556845714773,14.660600788144807,7.944492568707846,3.7941276148039265,3.9533791327179912,2.8785993663036837
668,05/05/2023 15:31:57.830972,851,True,True,True,True,Eyes,1.321519,0.01399496,-3.482583,-0.930642,0.1153152,0.3472864,0.0,0.0,0.0,0.0,0.0,0.0,0.0,3.315919,0.0206697,1.657158,1.265718,0.02109114,-3.484169,0.004814892,-0.6652908,-0.003132445,0.7465625,0.1731058,276.5881,359.3649,0.3810239,0.003921585,-0.9245566,-0.4541427,-0.007875417,-0.07445783,-0.5627244,0.3415042,-2.69042,0.5796,0.3343394,1.915,0.1147569,-0.01108374,0.9933319,-0.001729475,0.999934,0.01135721,-0.9933922,-0.003021261,0.1147302,moving,13.806532030042211,7.14624591679897,16.839131587459715,9.903437628400921,-1.8284424,0.32041305999999997,0.793749,0.23689476279037264,0.12086131416362589,0.9639882702819232,14.524876081531973,7.95097259535504,3.934929009856024,4.098629796672949,3.0278537368875202
669,05/05/2023 15:31:57.846324,852,True,True,True,True,Eyes,1.317993,0.01440979,-3.483075,-0.9300273,0.1158563,0.34875,0.0,0.0,0.0,0.0,0.0,0.0,0.0,3.311175,0.01396421,1.660616,1.254772,0.02239199,-3.485221,0.003949834,-0.6636913,-0.003340212,0.7479887,0.08451829,276.8342,359.4133,0.3784125,0.003905277,-0.9256285,-0.4268941,-0.007402892,-0.06999036,-0.5706975,0.3459303,-2.684897,0.5796003,0.3370713,1.915,0.1190052,-0.01023982,0.9928409,-0.0002460596,0.9999465,0.0103426,-0.9928936,-0.001475122,0.1189963,moving,13.65562615898278,7.071944432004619,16.83913981006744,9.982737627701738,-1.8254695,0.32353831,0.8003240000000003,0.23438861294056879,0.11968592397376235,0.9647472628731959,14.372557545868766,7.875877610658694,4.141896267975499,4.313638394065852,3.2438999980693106
670,05/05/2023 15:31:57.856102,853,True,True,True,True,Eyes,1.314184,0.01482624,-3.483558,-0.929313,0.1166895,0.3503726,0.0,0.0,0.0,0.0,0.0,0.0,0.0,3.304364,0.01167363,1.667645,1.243885,0.02332685,-3.486001,0.003342,-0.6616808,-0.004376974,0.7497653,359.9553,277.1423,359.3705,0.3759735,0.003901801,-0.926622,-0.4012805,-0.006958719,-0.06579094,-0.5777278,0.3532919,-2.678379,0.5796,0.339678,1.915,0.1243188,-0.01098608,0.9921814,0.002140734,0.9999393,0.01080375,-0.99224,0.0007808878,0.1243348,moving,13.441809546896847,6.994062408056798,16.839131587459715,10.058367394120289,-1.8216128,0.32996505,0.8076219999999998,0.2308204118351116,0.11847835080209441,0.9657561121119014,14.156770158445704,7.796163191310238,4.395249678073393,4.575124270979732,3.5089358345620316
671,05/05/2023 15:31:57.876057,854,True,True,True,True,Eyes,1.310109,0.01524158,-3.484043,-0.9285402,0.1173917,0.3521821,0.0,0.0,0.0,0.0,0.0,0.0,0.0,3.296071,0.0154298,1.677652,1.233242,0.02375425,-3.486745,0.003754135,-0.6593502,-0.004882199,0.7518108,359.9545,277.4977,359.2957,0.3736832,0.003909937,-0.9275479,-0.3772036,-0.006541196,-0.06184348,-0.5834662,0.3610086,-2.669131,0.5795997,0.3425746,1.915,0.130467,-0.01229156,0.9913764,0.002390398,0.9999241,0.01208295,-0.9914498,0.0007933584,0.1304865,moving,13.190601602943262,7.0425655392029105,16.839123364851268,10.142366671628292,-1.8167081999999999,0.33725435000000004,0.8176139999999998,0.2265582242367804,0.11941861252080534,0.966649115149661,13.903404263176533,7.838894668798764,4.604012000993819,4.7875336142634,3.7315452445009143
672,05/05/2023 15:31:57.896097,855,True,True,True,True,Eyes,1.305788,0.01565733,-3.484525,-0.9276668,0.1182197,0.3542008,0.0,0.0,0.0,0.0,0.0,0.0,0.0,3.286969,0.0245315,1.688999,1.222838,0.02414392,-3.487345,0.00512696,-0.6568787,-0.004922436,0.7539628,0.07243268,277.8724,359.1888,0.3715208,0.003928509,-0.928416,-0.3545714,-0.006148724,-0.05813287,-0.5889399,0.3632439,-2.658092,0.5795994,0.3451207,1.914999,0.1369725,-0.01415825,0.9904736,0.000687084,0.9998989,0.01419796,-0.9905745,-0.00126419,0.1369683,moving,12.930927328816447,7.223460261871242,16.83912343784145,10.216170572940662,-1.8117779,0.33909998,0.829253,0.22208810908187848,0.12259929841258214,0.9672880025329313,13.641646372969758,8.010443440187558,4.740968606204198,4.922429464459538,3.884468015641746
673,05/05/2023 15:31:57.913404,856,True,True,True,True,Eyes,1.301233,0.01605717,-3.484996,-0.9267325,0.1189333,0.3564009,0.0,0.0,0.0,0.0,0.0,0.0,0.0,3.277365,0.03258222,1.701343,1.212625,0.02454982,-3.487934,0.006425212,-0.6542991,-0.004775751,0.7561936,0.1986946,278.2622,359.1044,0.3694674,0.003956507,-0.929235,-0.3332971,-0.0057798,-0.0546449,-0.5944837,0.3611642,-2.646035,0.5795999,0.3476824,1.914999,0.1437398,-0.0156308,0.9894922,-0.001185235,0.9998718,0.01596695,-0.9896149,-0.003467869,0.1437029,moving,12.66958131525768,7.399843766493102,16.839137142195607,10.29038689246566,-1.8071087000000001,0.33661438,0.8418990000000002,0.21758839731328927,0.12570708510536177,0.9679116054862125,13.378196945747645,8.177567532493487,4.893782138559425,5.073503262742543,4.054887506610077
674,05/05/2023 15:31:57.926588,857,True,True,True,True,Eyes,1.296471,0.01646481,-3.485466,-0.9257369,0.1196352,0.3587458,0.0,0.0,0.0,0.0,0.0,0.0,0.0,3.266869,0.03547501,1.714827,1.202522,0.02459063,-3.488217,0.007175183,-0.651584,-0.003986211,0.7585322,0.3260441,278.6719,359.1177,0.3675074,0.003992572,-0.9300119,-0.3132993,-0.005433012,-0.05136621,-0.5995908,0.3591227,-2.63364,0.5795999,0.3503183,1.915,0.1508449,-0.01539781,0.9884376,-0.003303129,0.9998652,0.01607992,-0.988552,-0.005690511,0.1507737,moving,12.409250037479296,7.554291860021327,16.83912884659031,10.366711178011018,-1.8021128000000002,0.33453207,0.8545769999999999,0.21311294355674576,0.12844551021337602,0.9685476561909044,13.11574652058331,8.32334144576233,5.0681154547025695,5.247240101578392,4.247226837395358
675,05/05/2023 15:31:57.946538,858,True,True,True,True,Eyes,1.291498,0.01690275,-3.485902,-0.9246931,0.1201598,0.3612537,0.0,0.0,0.0,0.0,0.0,0.0,0.0,3.256796,0.04035942,1.727464,1.192899,0.02522411,-3.488386,0.00913921,-0.6489954,-0.001077114,0.7607368,0.716616,279.0592,359.2263,0.3656258,0.004036134,-0.9307529,-0.2945013,-0.005107032,-0.04828423,-0.6042914,0.3577091,-2.620911,0.5795999,0.3529879,1.915,0.1576077,-0.01350141,0.9874095,-0.01022381,0.9998306,0.01530315,-0.9874489,-0.01250698,0.157443,moving,12.197482075672566,7.942748202053852,16.83912884659031,10.44397869324454,-1.7971903999999999,0.33248499,0.8674750000000002,0.20934417415767437,0.13512165195736223,0.9684612012909424,12.902550322017975,8.697948416445184,5.103351441614175,5.272669031527878,4.306422204989211
676,05/05/2023 15:31:57.966209,859,True,True,True,True,Eyes,1.286347,0.0173237,-3.48628,-0.9235838,0.1208695,0.3638454,0.0,0.0,0.0,0.0,0.0,0.0,0.0,3.245564,0.04099492,1.741121,1.1829,0.02644852,-3.488111,0.01024351,-0.6462235,0.001018598,0.7630788,0.9711925,279.4742,359.3304,0.3638106,0.00408727,-0.9314637,-0.2768312,-0.00480061,-0.04538718,-0.6103535,0.3491504,-2.609136,0.5795997,0.3557628,1.915,0.1647883,-0.01168465,0.9862597,-0.01479373,0.999788,0.01431672,-0.9862179,-0.01694969,0.1645805,moving,11.962469206908185,8.207307708604247,16.839123364851268,10.524253256756696,-1.7932535,0.32270188000000005,0.8789750000000001,0.20523792017145204,0.1397162119959941,0.9686881453713767,12.665765140024131,8.951442954494397,5.23413291622532,5.399073295417187,4.459893622008796
677,05/05/2023 15:31:57.978067,860,True,True,True,True,Eyes,1.281035,0.01773367,-3.486617,-0.9224389,0.1212481,0.3666133,0.0,0.0,0.0,0.0,0.0,0.0,0.0,3.233352,0.03384466,1.756879,1.17341,0.02647548,-3.487798,0.00954572,-0.6432657,0.001885615,0.7655814,0.9764792,279.9193,359.4617,0.3620511,0.004144792,-0.9321487,-0.2602214,-0.004512573,-0.04266395,-0.6154974,0.3455327,-2.596173,0.5795999,0.3583912,1.914999,0.1724115,-0.009393686,0.9849804,-0.01516805,0.9998106,0.01219015,-0.9849083,-0.01704196,0.1722364,moving,11.707654898534345,8.197971398298,16.839137142195607,10.600256646468122,-1.7889074,0.31905722000000003,0.8916250000000003,0.20092868027601574,0.13968580731594837,0.9695955230923564,12.408696064866154,8.93776515266743,5.49451195578534,5.665958385885534,4.73209109238694
678,05/05/2023 15:31:57.996203,861,True,True,True,True,Eyes,1.275549,0.01816102,-3.486926,-0.9212225,0.1218371,0.3694656,0.0,0.0,0.0,0.0,0.0,0.0,0.0,3.220556,0.04307959,1.772914,1.164288,0.0267161,-3.487231,0.0122314,-0.640238,0.005218945,0.7680616,1.459577,280.3668,359.5618,0.3603384,0.004207792,-0.9328119,-0.2446081,-0.004241819,-0.04010411,-0.6182358,0.3493828,-2.58267,0.5796002,0.3610556,1.915,0.1801362,-0.007645072,0.9836121,-0.02367895,0.9996463,0.0121062,-0.9833567,-0.02547167,0.1798914,moving,11.462388298804813,8.686381587749697,16.839137069198276,10.677251634249712,-1.7825237999999999,0.3226667,0.9045610000000002,0.19653374747835894,0.148080416653596,0.969250576131802,12.1618186095932,9.409139913447538,5.574616673787587,5.733497264495607,4.846175327925958
679,05/05/2023 15:31:58.013637,862,True,True,True,True,Eyes,1.269902,0.01858101,-3.487194,-0.919916,0.1224948,0.372491,0.0,0.0,0.0,0.0,0.0,0.0,0.0,3.207385,0.04509325,1.789026,1.154776,0.02752101,-3.486502,0.01284815,-0.6371641,0.005760612,0.7705996,1.55534,280.8234,359.5704,0.3586639,0.004276201,-0.9334568,-0.2299316,-0.00398731,-0.03769786,-0.6230493,0.3372536,-2.568232,0.5796001,0.3638755,1.915001,0.1879775,-0.007494512,0.9821448,-0.02525101,0.9996035,0.01246065,-0.9818488,-0.02714247,0.1877137,moving,11.198290246206389,8.810453772926671,16.839126032729293,10.758697963287881,-1.7778253,0.30973259,0.9182700000000001,0.19199850271672209,0.15031651370533367,0.9698151828188972,11.89553406982841,9.52525532362657,5.806587624846151,5.967803934094491,5.095143004960005
680,05/05/2023 15:31:58.029270,863,True,True,True,True,Eyes,1.264102,0.01899107,-3.487412,-0.9185631,0.1234357,0.3755071,0.0,0.0,0.0,0.0,0.0,0.0,0.0,3.194441,0.04286677,1.804897,1.145316,0.02779299,-3.485889,0.01212474,-0.6341329,0.004646517,0.7731151,1.411949,281.2749,359.5304,0.3570199,0.004349305,-0.9340864,-0.2161357,-0.003748071,-0.03543599,-0.625765,0.3374542,-2.553214,0.5796003,0.3664001,1.915,0.1957078,-0.008192809,0.980628,-0.02256198,0.9996628,0.01285462,-0.9804026,-0.02464066,0.195457,moving,10.927459942220215,8.721604787190584,16.83913981006744,10.831588325710344,-1.7710810000000001,0.30966120999999996,0.9326749999999997,0.18745151567647084,0.1489456769966021,0.9709156695826511,11.622218510200776,9.433832027713935,6.105708686151729,6.276941085651079,5.400924968705926
681,05/05/2023 15:31:58.046160,864,True,True,True,True,Eyes,1.258144,0.01939211,-3.487586,-0.9171286,0.1244643,0.3786606,0.0,0.0,0.0,0.0,0.0,0.0,0.0,3.18203,0.04522366,1.819085,1.135874,0.02789328,-3.485032,0.01217448,-0.6312651,0.003848901,0.775462,1.360389,281.699,359.4612,0.3554006,0.004426376,-0.9347034,-0.2031676,-0.003523187,-0.03330983,-0.6270509,0.3448619,-2.538472,0.5795998,0.3691288,1.915,0.2029791,-0.009401297,0.9791379,-0.02134,0.999674,0.01402234,-0.9789504,-0.02374104,0.2027123,moving,10.690999817329761,8.736009512568257,16.83912610572083,10.910325657678454,-1.7629249,0.31696862,0.9465599999999998,0.1834328987439669,0.14930495064146648,0.9716277498492643,11.383691973981769,9.443611706528134,6.343851324948553,6.521281128497085,5.649160236729217
682,05/05/2023 15:31:58.056291,865,True,True,True,True,Eyes,1.252041,0.01975658,-3.487689,-0.9156173,0.1258144,0.3818581,0.0,0.0,0.0,0.0,0.0,0.0,0.0,3.17044,0.04272459,1.831787,1.126164,0.02797386,-3.48424,0.01117725,-0.6285486,0.002170591,0.777687,1.152493,282.1016,359.3882,0.353799,0.004506829,-0.9353103,-0.1909775,-0.003311795,-0.03131124,-0.6291004,0.3485258,-2.524118,0.5795999,0.3716668,1.914999,0.209844,-0.01067481,0.9776766,-0.01742697,0.9997407,0.01465616,-0.9775796,-0.02011345,0.2096035,moving,10.476861092061903,8.614012913390342,16.839137142195607,10.983528471441888,-1.7552644,0.32055194,0.9601219999999997,0.17985395403899873,0.14733478620039758,0.9725970017607911,11.16753002029795,9.320917183482308,6.601254369372443,6.78919439388454,5.9102794891621535
683,05/05/2023 15:31:58.076153,866,True,True,True,True,Eyes,1.245802,0.02007909,-3.487743,-0.9140712,0.1270848,0.3851277,0.0,0.0,0.0,0.0,0.0,0.0,0.0,3.159328,0.03940075,1.843031,1.116503,0.02738521,-3.483151,0.01016033,-0.6259891,0.0009978431,0.779765,0.9794973,282.4801,359.3602,0.352211,0.004589348,-0.9359092,-0.1795188,-0.003113088,-0.02943256,-0.6307984,0.3575327,-2.510701,0.5795998,0.3743603,1.914999,0.2162735,-0.01116435,0.9762689,-0.01427668,0.9997915,0.01459606,-0.9762284,-0.01709462,0.216069,moving,10.299222508660575,8.514759006327932,16.839134401324934,11.061170739312313,-1.7473014,0.33014749,0.9724499999999998,0.1768802017333354,0.1457295554910769,0.9733839639417314,10.988215260843901,9.221033956078923,6.820721731354649,7.018166446992636,6.133462168258302
684,05/05/2023 15:31:58.095846,867,True,True,True,True,Eyes,1.239423,0.02037265,-3.487738,-0.9124187,0.1286601,0.3885083,0.0,0.0,0.0,0.0,0.0,0.0,0.0,3.149986,0.04159633,1.851248,1.107028,0.02670625,-3.482102,0.01044934,-0.6237945,0.00115045,0.7815177,1.018084,282.8017,359.356,0.3506318,0.00467262,-0.9365015,-0.1687477,-0.002926302,-0.02766661,-0.6330047,0.3651436,-2.498031,0.5795997,0.377044,1.914999,0.2217582,-0.01123829,0.975037,-0.01483468,0.999779,0.0148974,-0.9749889,-0.01776798,0.2215425,moving,10.19363821005693,8.642838803122995,16.839131660454186,11.138489624376776,-1.7400327,0.33843735,0.9840709999999997,0.17502768867253005,0.1479548617652187,0.9733831063299675,10.881845085596803,9.343904246899811,6.9001019673053205,7.09865171852356,6.221720020382639
685,05/05/2023 15:31:58.116272,868,True,True,True,True,Eyes,1.232902,0.02061736,-3.487674,-0.9107347,0.1302052,0.3919299,0.0,0.0,0.0,0.0,0.0,0.0,0.0,3.1416,0.04334291,1.857425,1.097265,0.02623404,-3.48093,0.0104753,-0.6218089,0.0007020734,0.7830988,0.9900917,283.0924,359.3165,0.3490576,0.004755814,-0.937089,-0.1586229,-0.002750724,-0.02600661,-0.6371768,0.365768,-2.48706,0.5796,0.3796851,1.915,0.2267065,-0.01192768,0.9738902,-0.01412686,0.9997796,0.01553328,-0.9738608,-0.0172795,0.226488,moving,10.115791909955082,8.709894922038437,16.839131587459715,11.214535381047417,-1.7344418,0.33953395999999997,0.9938699999999998,0.17367401851692127,0.14913026495430975,0.9734462665047214,10.80338857618097,9.407827053300434,6.973229366208289,7.1747139488632445,6.300348298288795
686,05/05/2023 15:31:58.126024,869,True,True,True,True,Eyes,1.226247,0.02080917,-3.48755,-0.9089859,0.1319058,0.3954055,0.0,0.0,0.0,0.0,0.0,0.0,0.0,3.133369,0.04508306,1.862762,1.087351,0.02528836,-3.479503,0.01032961,-0.6198955,-1.516337e-05,0.7846165,0.9277033,283.3722,359.2648,0.347485,0.004837623,-0.9376727,-0.1491055,-0.002585681,-0.02444622,-0.6416814,0.3685018,-2.4768,0.5796,0.3823555,1.915001,0.2314591,-0.01283036,0.9727601,-0.01278277,0.9997866,0.01622837,-0.9727608,-0.01619077,0.2312457,moving,10.050800739458024,8.75424363907564,16.839123291861164,11.291384090760575,-1.7290324,0.34321344,1.002703,0.17254902862946553,0.1499137832171236,0.9735259145103727,10.737874878145325,9.449860592662116,7.041796901568036,7.24695831001125,6.373102933416251
687,05/05/2023 15:31:58.135844,870,True,True,True,True,Eyes,1.219458,0.02095645,-3.487365,-0.9072396,0.1334629,0.3988782,0.0,0.0,0.0,0.0,0.0,0.0,0.0,3.126011,0.04913571,1.866626,1.077471,0.02415501,-3.478091,0.01083079,-0.618154,0.0001378121,0.7859824,0.9853072,283.6253,359.2451,0.3459106,0.004916791,-0.9382543,-0.1401592,-0.00243054,-0.02297944,-0.6462553,0.3718907,-2.466605,0.5796006,0.3851263,1.915001,0.2357711,-0.01317356,0.9717194,-0.01360683,0.9997654,0.01685525,-0.9717135,-0.01719601,0.2355365,moving,10.018917810256534,8.905477601610324,16.839139737068763,11.37108453461976,-1.7237263,0.34773569000000004,1.011486,0.1719384487228578,0.1524994244773512,0.9732322185915668,10.705881235675964,9.596612078111718,7.047075223044206,7.252216535589275,6.384795403441893
688,05/05/2023 15:31:58.156286,871,True,True,True,True,Eyes,1.212545,0.02106183,-3.487099,-0.905498,0.1351084,0.4022675,0.0,0.0,0.0,0.0,0.0,0.0,0.0,3.119467,0.05382255,1.868706,1.067519,0.02325187,-3.476478,0.01161945,-0.6166109,0.0007000786,0.7871821,1.09766,283.8485,359.242,0.3443315,0.004992409,-0.9388346,-0.1317496,-0.002284708,-0.02160068,-0.6519873,0.3714936,-2.45729,0.5796,0.3879954,1.915001,0.2395811,-0.01322718,0.9707863,-0.01543154,0.999729,0.0174299,-0.9707538,-0.0191566,0.239312,moving,10.01577063025284,9.114703075905988,16.839123291861164,11.453565549797185,-1.7195063000000002,0.34824172999999997,1.0191880000000002,0.17178840765615544,0.1560564881569527,0.972694795303178,10.702941654891964,9.800372932442897,7.010026991286618,7.213072799885902,6.3549800087767965
689,05/05/2023 15:31:58.175974,872,True,True,True,True,Eyes,1.205503,0.02110302,-3.486763,-0.9037699,0.1366714,0.4056118,0.0,0.0,0.0,0.0,0.0,0.0,0.0,3.113964,0.05491174,1.869118,1.057474,0.02234013,-3.474858,0.01182838,-0.6152718,0.001127488,0.7882255,1.147957,284.043,359.2677,0.3427459,0.005063697,-0.9394142,-0.1238446,-0.002147625,-0.02030464,-0.6586428,0.3695117,-2.448717,0.5796002,0.3907171,1.915,0.2428787,-0.0127779,0.9699726,-0.01633276,0.9997177,0.01725944,-0.9699193,-0.02003428,0.2426015,moving,10.042630598244537,9.253095619293338,16.839137069198276,11.531770524509147,-1.7161168,0.34717157,1.026141,0.1721794729415666,0.158394503737446,0.9722476260225803,10.730193842310339,9.93567140740332,6.9655510001838135,7.168323341854518,6.314009798928572
690,05/05/2023 15:31:58.196074,873,True,True,True,True,Eyes,1.198344,0.0210786,-3.48636,-0.9020731,0.1382128,0.4088536,0.0,0.0,0.0,0.0,0.0,0.0,0.0,3.109115,0.05429685,1.86785,1.047375,0.02085626,-3.472892,0.01178136,-0.6141277,0.001754157,0.7891167,1.188875,284.2096,359.3294,0.3411516,0.005129375,-0.939994,-0.116414,-0.002018768,-0.01908636,-0.6655679,0.3694856,-2.441297,0.5795996,0.3930282,1.915,0.2456881,-0.01170205,0.9692783,-0.01723899,0.9997162,0.01643919,-0.9691956,-0.02074829,0.2454167,moving,10.097178535475452,9.375452442366818,16.839120623981625,11.598138264856908,-1.7129428999999998,0.34862934,1.0315949999999998,0.1730469341971465,0.16044563088820948,0.971757109649455,10.785359824048925,10.055846616013097,6.896882249029727,7.098881277375289,6.247134011120233
691,05/05/2023 15:31:58.213540,874,True,True,True,True,Eyes,1.19106,0.02101219,-3.485879,-0.9004081,0.1395984,0.4120408,0.0,0.0,0.0,0.0,0.0,0.0,0.0,3.105212,0.05640943,1.86506,1.037396,0.0192603,-3.470938,0.01236318,-0.6131755,0.0029996,0.7898443,1.329871,284.3469,359.4026,0.3395464,0.005188251,-0.9405748,-0.1094291,-0.001897642,-0.01794118,-0.6730552,0.3699194,-2.43462,0.5796001,0.3956909,1.915,0.2480136,-0.01042317,0.9687005,-0.01990004,0.9996763,0.01585142,-0.9685522,-0.02320854,0.2477259,moving,10.181620253818842,9.587552111077098,16.839134328329035,11.674563771386847,-1.7104512,0.3506591,1.036318,0.174375546636732,0.16400279032927909,0.9709255039353746,10.870783809730264,10.263982652366254,6.778695546327386,6.976970067484177,6.13277645167306
692,05/05/2023 15:31:58.226170,875,True,True,True,True,Eyes,1.183647,0.02090398,-3.485338,-0.8987149,0.1411094,0.4152103,0.0,0.0,0.0,0.0,0.0,0.0,0.0,3.101253,0.06059921,1.86155,1.027144,0.0182137,-3.468639,0.01323361,-0.6122619,0.00396958,0.7905344,1.477483,284.4777,359.4309,0.3379289,0.005239878,-0.9411568,-0.1028634,-0.001783783,-0.0168647,-0.6815091,0.3644466,-2.42881,0.5796002,0.3958,1.915,0.2502394,-0.009928691,0.9681331,-0.02248105,0.9996182,0.0160624,-0.9679229,-0.0257841,0.2499206,moving,10.265794077199798,9.821658721155194,16.839137069198276,11.67769429158711,-1.7086531,0.3462329,1.0398290000000001,0.1756839840909381,0.16792885333940688,0.9700180232482833,10.955962292391186,10.493551981001808,6.6412936080497325,6.830351830554854,6.00116142643884
783,05/05/2023 15:31:59.746381,966,True,True,True,True,Eyes,0.3198762,0.02855186,-3.258864,-0.5303489,0.1888859,0.8264697,0.0,0.0,0.0,0.0,0.0,0.0,0.0,1.605051,0.05137589,2.749052,0.1656141,0.02638691,-3.179306,0.0104814,-0.2861918,-0.00859032,0.9580767,0.8690391,326.7269,358.7129,0.1189765,0.008289502,-0.9928622,0.0,0.0,0.0,-0.4121277,0.3821436,-1.263554,0.5795997,0.3958,1.915,0.836041,-0.02245975,0.5482072,0.01046099,0.9996327,0.02500093,-0.5485673,-0.01516701,0.8359689,moving,0.3184297297930222,11.767107597201312,16.839123364851268,11.67769429158711,-0.5777418,0.35575669000000004,1.915752,0.005440826675360444,0.20393105116548277,0.9789701362879972,0.9231750227554303,12.20981274549361,16.19824175205264,16.520935594653075,15.924841025179846
784,05/05/2023 15:31:59.755900,967,True,True,True,True,Eyes,0.3128524,0.02842151,-3.255006,-0.5211183,0.1881676,0.8324834,0.0,0.0,0.0,0.0,0.0,0.0,0.0,1.574688,0.05954188,2.758503,0.1605929,0.02497356,-3.172714,0.01193689,-0.2808083,-0.007288051,0.9596621,1.078236,327.3687,358.8141,0.1168495,0.008332631,-0.9931144,0.0,0.0,0.0,-0.3995209,0.3773313,-1.253029,0.575641,0.3930624,1.915,0.8421871,-0.02069209,0.5387881,0.007284178,0.9996088,0.02700384,-0.5391361,-0.01881766,0.8420084,moving,0.3372777766023843,11.933821434815025,16.730558464503194,11.599120148064324,-0.5601138,0.35235774,1.919685,0.005759351822540892,0.20677832301870763,0.9783708369306422,0.9423765775654944,12.372556377784539,16.08083986022358,16.39669712666713,15.8071151984311
785,05/05/2023 15:31:59.776236,968,True,True,True,True,Eyes,0.3059168,0.02825744,-3.251014,-0.5118825,0.1873995,0.8383662,0.0,0.0,0.0,0.0,0.0,0.0,0.0,1.546427,0.06806058,2.766449,0.1556939,0.02393342,-3.166148,0.01354771,-0.2757933,-0.005783085,0.9611042,1.309416,327.9657,358.9346,0.114734,0.008368662,-0.9933608,0.0,0.0,0.0,-0.3874293,0.3673729,-1.241635,0.5718199,0.3904201,1.915,0.8478092,-0.01858903,0.5299755,0.003643559,0.999566,0.02923138,-0.5302889,-0.02285164,0.847509,moving,0.40149497014424446,12.120278899618219,16.62564972113306,11.523239311636475,-0.5431231999999999,0.34343948,1.9245130000000001,0.006851158758025611,0.20995970824612956,0.9776861123314643,1.0073690717764587,12.555349268352716,15.92685317591437,16.235136391593706,15.652346194894221
786,05/05/2023 15:31:59.795901,969,True,True,True,True,Eyes,0.2990647,0.02804838,-3.246894,-0.5027875,0.186669,0.8440139,0.0,0.0,0.0,0.0,0.0,0.0,0.0,1.519792,0.07294049,2.77271,0.1508405,0.02299323,-3.159071,0.01445389,-0.2711004,-0.004815527,0.9624305,1.444623,328.5244,359.0195,0.112631,0.008397298,-0.9936011,0.0,0.0,0.0,-0.3769013,0.3571762,-1.230847,0.5679287,0.3877292,1.915,0.8529628,-0.01710613,0.5216914,0.00143231,0.9995357,0.03043271,-0.5219698,-0.02521075,0.8525913,moving,0.48437898904108445,12.213497583260786,16.518698357133214,11.445920658700672,-0.5277418,0.33418297,1.928224,0.00826257586903209,0.21154783117959827,0.9773327448078657,1.0910879320695834,12.64764911645127,15.75236805250381,16.05268114469018,15.474343757125846
787,05/05/2023 15:31:59.816112,970,True,True,True,True,Eyes,0.2923044,0.0277986,-3.242645,-0.4937412,0.185937,0.8494981,0.0,0.0,0.0,0.0,0.0,0.0,0.0,1.495419,0.0715986,2.777581,0.1460328,0.02169267,-3.151915,0.01418747,-0.2667983,-0.004279366,0.9636385,1.435967,329.0375,359.0934,0.110542,0.008417914,-0.9938356,0.0,0.0,0.0,-0.3670839,0.3499207,-1.220392,0.5640296,0.3850332,1.915,0.8576007,-0.01581791,0.5140728,0.0006771382,0.9995608,0.02962664,-0.5143156,-0.02505973,0.8572348,moving,0.6054604989265571,12.163378606225633,16.411410951575228,11.368413071480546,-0.5131167,0.32822802999999995,1.9315229999999999,0.01032988502754284,0.2106887785889483,0.9774985905371243,1.2131794928982078,12.601003245806945,15.534194776688247,15.825929353848931,15.248131623558534
788,05/05/2023 15:31:59.831180,971,True,True,True,True,Eyes,0.2856235,0.02751954,-3.238256,-0.4848878,0.1853133,0.8547179,0.0,0.0,0.0,0.0,0.0,0.0,0.0,1.47384,0.07315899,2.780597,0.1414479,0.0204873,-3.144655,0.01446781,-0.2630125,-0.003462259,0.9646778,1.495149,329.4881,359.1809,0.1084678,0.008430075,-0.994064,0.0,0.0,0.0,-0.3581958,0.3470581,-1.210998,0.5601988,0.382384,1.915,0.8616249,-0.01429035,0.5073443,-0.0009304988,0.9995574,0.02973478,-0.5075446,-0.02609231,0.8612303,moving,0.7735727578431493,12.187743867070088,16.305887504044158,11.292209847748877,-0.4996437,0.3265708,1.9336570000000002,0.013196736708463913,0.2110973166033666,0.9773759028077404,1.3827997972011858,12.627762203562009,15.275954912697172,15.558109864466664,14.982731620143433
789,05/05/2023 15:31:59.845903,972,True,True,True,True,Eyes,0.2790335,0.02719077,-3.233716,-0.4761296,0.1848402,0.8597294,0.0,0.0,0.0,0.0,0.0,0.0,0.0,1.455166,0.06765083,2.781612,0.1367349,0.01947511,-3.136937,0.01353138,-0.2597352,-0.003064997,0.9655803,1.406127,329.8792,359.2579,0.106409,0.008433739,-0.9942864,0.0,0.0,0.0,-0.3515804,0.3420521,-1.201903,0.5562431,0.3796485,1.915,0.8650565,-0.01294815,0.5015073,-0.001110148,0.999615,0.02772343,-0.5016732,-0.02453908,0.8647091,moving,0.9895565138371574,12.07325404235596,16.19680410501748,11.213481743664957,-0.4883153,0.32257699,1.9350340000000001,0.01688827133106724,0.20913226926379574,0.9777414878180141,1.6005570531189688,12.520116139201031,14.959751516420566,15.231532677477212,14.654614339642444
790,05/05/2023 15:31:59.856101,973,True,True,True,True,Eyes,0.272531,0.026824,-3.229025,-0.4672376,0.1843536,0.8646981,0.0,0.0,0.0,0.0,0.0,0.0,0.0,1.438875,0.05811844,2.780961,0.1323026,0.01793525,-3.128843,0.01180832,-0.2569335,-0.002839369,0.9663528,1.2241,330.2143,359.3377,0.104367,0.008428236,-0.994503,0.0,0.0,0.0,-0.3466701,0.3420665,-1.193619,0.5522383,0.3768792,1.915,0.8679543,-0.01155557,0.4965096,-0.0005802428,0.999705,0.02428106,-0.4966438,-0.02136295,0.8676915,moving,1.2682043496498645,11.865464898477292,16.08624367462364,11.133737157181187,-0.4789727,0.32413125,1.9352239999999998,0.021659855046336246,0.20556611587090393,0.9784035218228991,1.8814253654361872,12.322709346182066,14.575491030575074,14.836095002521773,14.254491154132602
791,05/05/2023 15:31:59.876434,974,True,True,True,True,Eyes,0.2661225,0.0264217,-3.224177,-0.4584546,0.1839344,0.8694754,0.0,0.0,0.0,0.0,0.0,0.0,0.0,1.422709,0.05702087,2.779768,0.1279147,0.01664359,-3.120548,0.01152595,-0.2541711,-0.002497098,0.9670874,1.204665,330.5425,359.3874,0.102342,0.008413313,-0.9947134,0.0,0.0,0.0,-0.3430784,0.3447421,-1.185887,0.5483106,0.3741633,1.914999,0.8707816,-0.01068895,0.4915538,-0.0010293,0.9997218,0.02356258,-0.4916689,-0.02102382,0.8705284,moving,1.5346721376847863,11.824384561337427,15.97770000833842,11.055493449009571,-0.4709931,0.32809851,1.934661,0.026213968950787092,0.20484220850187865,0.9784438933416675,2.1501938536990153,12.287483246859868,14.214038020060054,14.463479789286339,13.882280983995312
792,05/05/2023 15:31:59.896169,975,True,True,True,True,Eyes,0.2597935,0.02598744,-3.219172,-0.4495963,0.1834527,0.87419,0.0,0.0,0.0,0.0,0.0,0.0,0.0,1.406908,0.05370429,2.778105,0.1237345,0.01537778,-3.112008,0.01079218,-0.251513,-0.00256381,0.9677904,1.123039,330.8582,359.4045,0.1003355,0.008388818,-0.994918,0.0,0.0,0.0,-0.3396696,0.3421466,-1.176963,0.5447338,0.3716896,1.915,0.8734693,-0.01039121,0.4867683,-0.0004662845,0.999754,0.02217879,-0.486879,-0.01959947,0.8732495,moving,1.8091597550177647,11.718458789632944,15.878735900779375,10.984180274954726,-0.4634041,0.32676882,1.935045,0.030913169954437436,0.2030056776589586,0.9786894057731368,2.426979873289575,12.189232060765773,13.84958392392896,14.088723783881285,13.505624385032872
793,05/05/2023 15:31:59.906645,976,True,True,True,True,Eyes,0.2535537,0.02552017,-3.21401,-0.4408363,0.1829618,0.8787424,0.0,0.0,0.0,0.0,0.0,0.0,0.0,1.390683,0.0532924,2.776228,0.1195278,0.01414554,-3.103191,0.01044146,-0.2487921,-0.003086695,0.9684957,1.07087,331.1802,359.3596,0.09834725,0.00835471,-0.9951168,0.0,0.0,0.0,-0.3364491,0.3410955,-1.168314,0.5407878,0.3689609,1.915,0.8761859,-0.01117441,0.4818437,0.0007833984,0.999763,0.0217609,-0.4819726,-0.01868912,0.8759869,moving,2.0547412898635433,11.643396221944403,15.769452480702926,10.905482061550153,-0.4559769,0.32694996,1.9348769999999997,0.03511744544439088,0.20169530329185142,0.9788184912792353,2.6746399334428945,12.12052645922538,13.505585306920395,13.734548421999369,13.151062639049389
794,05/05/2023 15:31:59.926493,977,True,True,True,True,Eyes,0.2474008,0.02502969,-3.20869,-0.4320244,0.1824039,0.8832235,0.0,0.0,0.0,0.0,0.0,0.0,0.0,1.37441,0.05698971,2.774168,0.1154002,0.01287019,-3.094314,0.01066741,-0.2460738,-0.004055263,0.9691839,1.070437,331.5005,359.2487,0.09637915,0.008310943,-0.9953097,0.0,0.0,0.0,-0.3326442,0.3386153,-1.15895,0.5370077,0.3663471,1.915,0.8788625,-0.01311053,0.4768949,0.002610653,0.9997395,0.02267314,-0.477068,-0.01868157,0.8786678,moving,2.289040280489199,11.619317849958895,15.664653083871807,10.830058586247253,-0.4480444,0.32574511,1.9353639999999999,0.03912344083111369,0.20125398388198384,0.9787574808051198,2.910975421257289,12.101284308461024,13.17980814089289,13.398878611711035,12.816875935995107
795,05/05/2023 15:31:59.946246,978,True,True,True,True,Eyes,0.2413349,0.02454328,-3.203205,-0.4232818,0.1818396,0.8875623,0.0,0.0,0.0,0.0,0.0,0.0,0.0,1.357412,0.06309585,2.772172,0.1112864,0.01182136,-3.085281,0.01126411,-0.2432365,-0.0053624,0.9698869,1.102505,331.8337,359.0898,0.0944302,0.00825772,-0.9954969,0.0,0.0,0.0,-0.3286347,0.3337169,-1.149143,0.5331899,0.363707,1.915,0.8816145,-0.01588153,0.471703,0.004922157,0.9996887,0.02445848,-0.4719446,-0.01924116,0.8814183,moving,2.4930268308656416,11.630013487453704,15.558699262452105,10.753837619827136,-0.4399211,0.32189554,1.9361380000000001,0.04260641609725682,0.2014079664776849,0.9785803406299153,3.1167706039564136,12.115372168767845,12.885439602396865,13.095017382215639,12.516204099928043
796,05/05/2023 15:31:59.956050,979,True,True,True,True,Eyes,0.2353399,0.02406525,-3.197546,-0.4144879,0.1812873,0.8918154,0.0,0.0,0.0,0.0,0.0,0.0,0.0,1.339566,0.06689472,2.770203,0.1072728,0.01139752,-3.075922,0.01146289,-0.2402818,-0.007285293,0.9706082,1.07441,332.1805,358.8738,0.09250127,0.008196104,-0.9956785,0.0,0.0,0.0,-0.3240484,0.327491,-1.13885,0.5293264,0.3610353,1.915,0.8844233,-0.01965097,0.4662719,0.008633683,0.999631,0.02575299,-0.466606,-0.01875089,0.8842665,moving,2.6727422320818,11.58482286572083,15.451365961601772,10.676665117185022,-0.4313212,0.31609348,1.937072,0.045683289882161554,0.20060877491200252,0.9786057267963987,3.298018014579476,12.074581792048598,12.609797044724814,12.810853793439238,12.233480181504063
797,05/05/2023 15:31:59.975881,980,True,True,True,True,Eyes,0.2294213,0.02358034,-3.191722,-0.405726,0.1808769,0.8959185,0.0,0.0,0.0,0.0,0.0,0.0,0.0,1.321073,0.06320517,2.768104,0.1031502,0.01107244,-3.066083,0.0103237,-0.2372113,-0.00978672,0.9713539,0.8831287,332.5426,358.6297,0.09059256,0.008127192,-0.9958546,0.0,0.0,0.0,-0.3185565,0.3233162,-1.128372,0.5253452,0.3582824,1.915,0.88727,-0.02391053,0.4606301,0.01411494,0.9995953,0.02469897,-0.4610342,-0.01541289,0.8872485,moving,2.8282772236754012,11.387080916376117,15.340646393366098,10.597106122437365,-0.4217067,0.31224376,1.937711,0.04837372506319418,0.19720516566991703,0.9791680673043166,3.45470047173053,11.884748321204766,12.342936485468208,12.537282098353089,11.955489654718946
798,05/05/2023 15:31:59.996133,981,True,True,True,True,Eyes,0.2235885,0.02305652,-3.185723,-0.3969343,0.1804808,0.8999277,0.0,0.0,0.0,0.0,0.0,0.0,0.0,1.301744,0.05635771,2.76651,0.0990274,0.0103469,-3.056367,0.008589763,-0.2339566,-0.01232916,0.972131,0.6263568,332.9279,358.396,0.08870434,0.00805149,-0.9960251,0.0,0.0,0.0,-0.3120244,0.3245483,-1.118013,0.5214723,0.3556041,1.915,0.8902246,-0.02799038,0.454661,0.01995186,0.9995484,0.02246972,-0.4550847,-0.01093177,0.8903811,moving,2.9646027844344083,11.124962820553838,15.232825944625173,10.51966337746828,-0.41105179999999997,0.3142014,1.938354,0.05074965501337381,0.19270084984702818,0.9799443238759415,3.5919319073427403,11.631857205583774,12.09415064846847,12.283146458625362,11.693903928908252
799,05/05/2023 15:32:00.006307,982,True,True,True,True,Eyes,0.2178307,0.02252394,-3.179569,-0.3881731,0.1800745,0.9038223,0.0,0.0,0.0,0.0,0.0,0.0,0.0,1.281824,0.05363092,2.764776,0.09478942,0.008879687,-3.046452,0.007523703,-0.2305838,-0.014402,0.9729168,0.4582645,333.3263,358.1952,0.08683627,0.007968416,-0.9961904,0.0,0.0,0.0,-0.3045993,0.32772,-1.108005,0.5176424,0.3529559,1.914999,0.8932473,-0.03149358,0.4484611,0.0245542,0.999472,0.02128161,-0.4488945,-0.007998137,0.893549,moving,3.0898436468778154,10.94981533656035,15.126101358127652,10.44305806204657,-0.39938872000000003,0.318840313,1.938447,0.05292324202129528,0.18968292276181062,0.9804179977732161,3.718078833303087,11.46348934542486,11.863586584002263,12.046920877423151,11.453569658888085
800,05/05/2023 15:32:00.026086,983,True,True,True,True,Eyes,0.2121473,0.02205156,-3.173248,-0.3794603,0.179517,0.9076252,0.0,0.0,0.0,0.0,0.0,0.0,0.0,1.260748,0.05674622,2.763509,0.09080379,0.008043774,-3.036672,0.007638753,-0.2270311,-0.01605334,0.9737251,0.4347004,333.7435,358.0096,0.08498859,0.007878412,-0.9963505,0.0,0.0,0.0,-0.2975055,0.3273408,-1.097541,0.5135651,0.3501364,1.915,0.8963983,-0.03473154,0.4418865,0.0277946,0.9993679,0.0221653,-0.4423771,-0.007586879,0.8967971,moving,3.1923584457828884,10.909459479472488,15.012348892184974,10.3614449680575,-0.38830929,0.319297026,1.9391309999999997,0.05468495011596164,0.18897436469872578,0.9804581694073733,3.8214511383101435,11.426020318771124,11.656085110104984,11.832687524723958,11.241419537363944
801,05/05/2023 15:32:00.046004,984,True,True,True,True,Eyes,0.206532,0.02164511,-3.166747,-0.3706774,0.1792102,0.9113079,0.0,0.0,0.0,0.0,0.0,0.0,0.0,1.237838,0.06230853,2.762489,0.08666882,0.009030381,-3.026529,0.008483088,-0.2231453,-0.01773608,0.974587,0.4938709,334.1978,357.8017,0.08316146,0.007784046,-0.9965054,0.0,0.0,0.0,-0.2898318,0.3230307,-1.086393,0.5096612,0.3474367,1.915,0.8997833,-0.03835663,0.434648,0.03078479,0.9992269,0.02445045,-0.4352498,-0.008619566,0.9002684,moving,3.252002638894231,10.966650654917991,14.903327695145443,10.283264846171969,-0.37650061999999995,0.314000319,1.940136,0.05569497403208443,0.18994233154189125,0.9802143132056406,3.8816849685640458,11.482805924118809,11.5013692683603,11.671349182079283,11.086726621960446
802,05/05/2023 15:32:00.064014,985,True,True,True,True,Eyes,0.20099,0.02127115,-3.160084,-0.3618867,0.179067,0.9148623,0.0,0.0,0.0,0.0,0.0,0.0,0.0,1.211412,0.04495163,2.762694,0.08262019,0.01017811,-3.015806,0.005353298,-0.2185947,-0.02024293,0.9755911,0.09140185,334.7394,357.6021,0.08135433,0.007687798,-0.9966553,0.0,0.0,0.0,-0.2809296,0.3177513,-1.074152,0.5059963,0.3449024,1.915,0.9036132,-0.04183805,0.4263014,0.03715724,0.9991231,0.01929526,-0.4267349,-0.001595263,0.9043753,moving,3.236890166841818,10.567778310648414,14.800880267384734,10.209839266609954,-0.36354979,0.30757319,1.941654,0.055509608893321405,0.18311577140896568,0.9815229491300701,3.865990778554141,11.09397175579922,11.3999340657965,11.569528400272059,10.970574205180775
803,05/05/2023 15:32:00.076260,986,True,True,True,True,Eyes,0.1955194,0.02092624,-3.153267,-0.3530733,0.1790183,0.9183091,0.0,0.0,0.0,0.0,0.0,0.0,0.0,1.184249,0.02458896,2.763345,0.07849534,0.01053866,-3.00547,0.0017618,-0.2138282,-0.02183402,0.9766257,359.6622,335.3077,357.5125,0.07956741,0.007590878,-0.9968003,0.0,0.0,0.0,-0.2680097,0.3281274,-1.063209,0.502259,0.3423178,1.915,0.9076015,-0.04340078,0.4175832,0.04189389,0.9990403,0.01277869,-0.4177371,0.005896218,0.9085489,moving,3.21742173395178,10.140269382883753,14.696309212590174,10.134921434016723,-0.34650504000000004,0.31758874000000004,1.9422609999999998,0.05525109810084261,0.17578968537287573,0.9828759905124077,3.845870054930634,10.677162855062605,11.309430381632977,11.478888724427918,10.863979734552588
804,05/05/2023 15:32:00.096226,987,True,True,True,True,Eyes,0.1901125,0.02063614,-3.146303,-0.3443232,0.1789786,0.9216334,0.0,0.0,0.0,0.0,0.0,0.0,0.0,1.158584,0.0166323,2.762913,0.07468712,0.0108676,-2.995094,0.0004963403,-0.2094035,-0.02216572,0.977578,359.5237,335.8296,357.5042,0.07780021,0.007494243,-0.9969406,0.0,0.0,0.0,-0.2548538,0.3395497,-1.053118,0.4984421,0.3396785,1.915,0.9113177,-0.0435453,0.4093944,0.04312956,0.9990169,0.01025358,-0.4094384,0.008312734,0.9122999,moving,3.2439476864395806,10.001391096838054,14.589407491261381,10.058381897535222,-0.32954092,0.32868210000000003,1.941976,0.05573008651232389,0.17340217301582472,0.9832729901520123,3.8724734358889075,10.542351334258505,11.179919215713465,11.345602942734741,10.727856354504592
805,05/05/2023 15:32:00.105948,988,True,True,True,True,Eyes,0.1847717,0.0203747,-3.139199,-0.3355057,0.1790118,0.9248734,0.0,0.0,0.0,0.0,0.0,0.0,0.0,1.131306,0.006845625,2.762731,0.07111944,0.01185266,-2.984524,-0.0009603793,-0.204713,-0.02246492,0.9785638,359.3653,336.3824,357.5025,0.07605255,0.0073996,-0.9970761,0.0,0.0,0.0,-0.2442011,0.3418795,-1.042136,0.4945075,0.3369578,1.915,0.9151759,-0.04357351,0.4006926,0.04435991,0.9989888,0.007318136,-0.4006063,0.0110773,0.9161834,moving,3.2431539813046366,9.844917962466509,14.479100509335096,9.979443782913826,-0.31532054,0.33002684,1.942388,0.05574301225888398,0.17071613101457897,0.9837422551131005,3.8714967534131013,10.389908411427646,11.074342217323846,11.23675182502162,10.615542315581969
806,05/05/2023 15:32:00.126251,989,True,True,True,True,Eyes,0.1795035,0.0201272,-3.131975,-0.3268336,0.1788481,0.9280049,0.0,0.0,0.0,0.0,0.0,0.0,0.0,1.101618,-0.000387677,2.763469,0.06731173,0.01227624,-2.974162,-0.001925179,-0.1995346,-0.02193985,0.9796433,359.2822,336.99,357.5802,0.0743243,0.007307664,-0.9972072,0.0,0.0,0.0,-0.2321401,0.3456668,-1.030969,0.4906936,0.3343204,1.915,0.9194092,-0.04221818,0.3910299,0.04375474,0.9990299,0.004983542,-0.3908609,0.0125275,0.9203645,moving,3.1892072818734816,9.744417153267834,14.37207257359582,9.902885972904759,-0.29945183,0.33339056,1.9431930000000002,0.05483321029823546,0.1689988291134104,0.9840897592157261,3.816961886516423,10.291035100032891,11.02444190724579,11.18398804092732,10.562245090954294
807,05/05/2023 15:32:00.146146,990,True,True,True,True,Eyes,0.1743117,0.01988858,-3.124651,-0.3181244,0.1785209,0.9310892,0.0,0.0,0.0,0.0,0.0,0.0,0.0,1.069769,0.004049269,2.765079,0.06402402,0.01241561,-2.96409,-0.0007500091,-0.1940647,-0.02032853,0.9807779,359.4636,337.6258,357.7313,0.07261498,0.00721858,-0.9973336,0.0,0.0,0.0,-0.2190786,0.347041,-1.019646,0.4868313,0.3316495,1.915,0.9238513,-0.03958444,0.3806991,0.04016664,0.9991723,0.006418913,-0.3806381,0.00936128,0.9246767,moving,3.1129107403619938,9.893527018820295,14.26358189488347,9.82531931624134,-0.28310262,0.33462538999999997,1.944444,0.053498578041067585,0.17157174592655455,0.9837179382913107,3.7401610717498768,10.434918616530659,10.99623057096584,11.150879762914155,10.541062428791273
808,05/05/2023 15:32:00.156576,991,True,True,True,True,Eyes,0.1691933,0.01965233,-3.117245,-0.3096087,0.1780006,0.9340547,0.0,0.0,0.0,0.0,0.0,0.0,0.0,1.039426,0.01418614,2.766266,0.06061752,0.01247646,-2.95449,0.001542455,-0.1888058,-0.01773048,0.9818532,359.7899,338.234,357.9713,0.07092448,0.007132332,-0.997456,0.0,0.0,0.0,-0.2055138,0.3399161,-1.007366,0.4829463,0.3289631,1.914999,0.928076,-0.03539989,0.3707045,0.03423499,0.9993665,0.009724163,-0.3708139,0.003666304,0.9287,moving,3.064182016350335,10.172709398301745,14.15435520398699,9.747270804316223,-0.26613132,0.32743964,1.9471239999999999,0.052616604669584816,0.1763712815016731,0.9829163785809263,3.6913171706482126,10.706008363602676,10.9500277052546,11.098330474851942,10.506871208627253
809,05/05/2023 15:32:00.176323,992,True,True,True,True,Eyes,0.1641692,0.01944161,-3.109758,-0.3010897,0.1773627,0.9369565,0.0,0.0,0.0,0.0,0.0,0.0,0.0,1.010198,0.02024214,2.766922,0.0577242,0.01237682,-2.945044,0.003106966,-0.1837763,-0.01502677,0.9828484,0.03347361,338.8174,358.2419,0.06925234,0.007048681,-0.997574,0.0,0.0,0.0,-0.1937658,0.328574,-0.9952865,0.4790085,0.3262401,1.915,0.9320009,-0.03068005,0.361155,0.0283961,0.9995291,0.01163048,-0.3613418,-0.0005842249,0.9324332,moving,3.049254164270737,10.362368529821708,14.043522467045081,9.668111594749451,-0.25149,0.31619717999999997,1.9497575000000003,0.052329191728461955,0.1796266589675395,0.9823420670880564,3.6764711535706036,10.890496747641839,10.87382473575255,11.016166674723317,10.438868635931032
810,05/05/2023 15:32:00.196342,993,True,True,True,True,Eyes,0.1592169,0.0192952,-3.102189,-0.2928198,0.1767004,0.9396987,0.0,0.0,0.0,0.0,0.0,0.0,0.0,0.9829643,0.02793975,2.766678,0.05491877,0.01286241,-2.935699,0.005022841,-0.1790827,-0.01238809,0.9837433,0.3119991,339.3614,358.5002,0.06759983,0.006968207,-0.9976879,0.0,0.0,0.0,-0.1821353,0.3201563,-0.9840364,0.4752356,0.323631,1.915,0.9355518,-0.02617242,0.3522184,0.0225744,0.9996426,0.01431936,-0.3524673,-0.005445384,0.9358083,moving,3.055965003261458,10.587410696349684,13.937237073026697,9.592233335267604,-0.23705407,0.30729389,1.9516626000000001,0.05240629683079208,0.18348290061756062,0.9816250397414176,3.683494205046258,11.109842763179271,10.790654327955512,10.926685674817566,10.36544167791928
811,05/05/2023 15:32:00.206247,994,True,True,True,True,Eyes,0.1543526,0.01920777,-3.094531,-0.2844848,0.1762318,0.9423432,0.0,0.0,0.0,0.0,0.0,0.0,0.0,0.957092,0.03000785,2.76561,0.0518988,0.01431874,-2.926197,0.005969875,-0.1745649,-0.01067534,0.9845698,0.4600004,339.8865,358.676,0.0659664,0.006892635,-0.9977977,0.0,0.0,0.0,-0.171968,0.3108369,-0.9730613,0.4712139,0.3208498,1.915,0.9388263,-0.0231055,0.3436151,0.01893698,0.9997008,0.0154826,-0.34387,-0.008028437,0.9389829,moving,3.0712838600232164,10.698400527089346,13.823834963511484,9.5113126267453,-0.2238668,0.29651816000000003,1.9531357000000003,0.05264965160966825,0.18538170733171364,0.9812551106214321,3.699072813299477,11.218239259378201,10.687487842135912,10.817880241353663,10.267638829232219
812,05/05/2023 15:32:00.225865,995,True,True,True,True,Eyes,0.1495855,0.01914786,-3.086796,-0.2763532,0.1758683,0.9448277,0.0,0.0,0.0,0.0,0.0,0.0,0.0,0.9298362,0.01587277,2.764759,0.04909146,0.0156119,-2.91652,0.003784601,-0.1697946,-0.01081361,0.985413,0.216957,340.4445,358.7052,0.06435226,0.006823375,-0.9979036,0.0,0.0,0.0,-0.1620198,0.3060929,-0.9626015,0.4671467,0.3180375,1.915,0.9421057,-0.02259694,0.3345538,0.02002652,0.9997375,0.01113097,-0.3347175,-0.003786605,0.9423109,moving,3.017159640278065,10.430769811678577,13.70903741858149,9.429448086173899,-0.21111126,0.290481,1.9539185,0.0517675632784126,0.18080458770279134,0.9821557683179687,3.6441708899971985,10.956552789451743,10.60950821767498,10.73866358650583,10.180058301060447
813,05/05/2023 15:32:00.246299,996,True,True,True,True,Eyes,0.1449008,0.01911113,-3.078995,-0.2681205,0.1754932,0.9472664,0.0,0.0,0.0,0.0,0.0,0.0,0.0,0.9012277,0.009649529,2.764363,0.04618311,0.01621072,-2.907166,0.002756339,-0.1647392,-0.0115461,0.9862658,0.09355117,341.0334,358.6429,0.0627584,0.006760709,-0.9980056,0.0,0.0,0.0,-0.1488749,0.3133427,-0.9534052,0.4635344,0.3155394,1.915,0.9454554,-0.0236832,0.3248895,0.02186689,0.9997182,0.009241154,-0.3250168,-0.001632774,0.9457068,moving,2.9188231900031645,10.285830112210618,13.60698531072162,9.356697130495913,-0.19505801,0.29713197999999996,1.9537608000000002,0.050104776394596984,0.17833461678345477,0.9826934283766204,3.5448053305795053,10.813590889273229,10.600412414113235,10.728471355065963,10.167104080176276
814,05/05/2023 15:32:00.266376,997,True,True,True,True,Eyes,0.1402876,0.01909387,-3.071135,-0.2601324,0.1751414,0.949556,0.0,0.0,0.0,0.0,0.0,0.0,0.0,0.8717493,0.01076918,2.764058,0.04341083,0.01672005,-2.897916,0.002991824,-0.1595364,-0.01230811,0.9871109,0.1134078,341.6371,358.5529,0.06118437,0.00670472,-0.9981037,0.0,0.0,0.0,-0.1347701,0.3149869,-0.9438989,0.4596857,0.312878,1.915,0.9487933,-0.02525355,0.3148866,0.02334433,0.9996791,0.009833707,-0.3150339,-0.001979339,0.9490784,moving,2.7825686021814144,10.28554948712066,13.498157706183683,9.279156967485685,-0.17818093000000002,0.29826685000000003,1.9540171,0.047767561787281476,0.17835023899262312,0.9828069113268855,3.407350370668122,10.810866990049917,10.63658962902175,10.76274480554981,10.206396439278574
815,05/05/2023 15:32:00.276280,998,True,True,True,True,Eyes,0.1357532,0.01909694,-3.063231,-0.2520257,0.1746385,0.9518321,0.0,0.0,0.0,0.0,0.0,0.0,0.0,0.8412275,0.00994001,2.763878,0.04049116,0.01716059,-2.888746,0.002889182,-0.1540903,-0.01304178,0.9879666,0.09680744,342.269,358.4723,0.05963008,0.006655394,-0.9981981,0.0,0.0,0.0,-0.1201724,0.3115142,-0.9338537,0.4558057,0.3101949,1.915,0.9521722,-0.02666007,0.3043967,0.02487929,0.9996431,0.009728052,-0.3045474,-0.001689608,0.9524957,moving,2.6270828607867602,10.238518621051933,13.38834450691725,9.20094984764168,-0.16066355999999998,0.29435361000000004,1.9548922999999998,0.04510681235456608,0.17756542808744924,0.9830746665235969,3.250442299180409,10.762255369988623,10.686247946319263,10.811165578975984,10.257423463411586
816,05/05/2023 15:32:00.296115,999,True,True,True,True,Eyes,0.1312946,0.01914744,-3.055266,-0.2441143,0.1740143,0.9540059,0.0,0.0,0.0,0.0,0.0,0.0,0.0,0.8097537,0.02071241,2.763962,0.03778914,0.01761723,-2.879909,0.00495603,-0.1484981,-0.012863,0.9888166,0.3426851,342.9139,358.4579,0.05809506,0.006612729,-0.9982889,0.0,0.0,0.0,-0.1047535,0.30928,-0.9241595,0.4519275,0.3075132,1.915,0.9555657,-0.02691022,0.2935473,0.02396637,0.99962,0.01362147,-0.2938023,-0.005980948,0.9558475,moving,2.4532111935051297,10.442767304523054,13.278482039512637,9.122748963559387,-0.14254264,0.29166277,1.9557495,0.042095820516936236,0.18109259784763712,0.9825647246892134,3.0752689850381936,10.95809760657719,10.783106809700943,10.905454475165195,10.366969724872595
817,05/05/2023 15:32:00.306016,1000,True,True,True,True,Eyes,0.1269116,0.01920992,-3.047249,-0.2360425,0.1734672,0.9561344,0.0,0.0,0.0,0.0,0.0,0.0,0.0,0.776914,0.03091623,2.763672,0.03484088,0.01886519,-2.870691,0.007061125,-0.1426114,-0.01277811,0.9896712,0.5919776,343.5922,358.4352,0.05657957,0.006577641,-0.9983762,0.0,0.0,0.0,-0.08956856,0.2987042,-0.9138391,0.4478718,0.3047086,1.915,0.9589974,-0.02730625,0.2820963,0.02327826,0.9995737,0.01762099,-0.2824572,-0.01033178,0.9592242,moving,2.252162023257152,10.654402902436482,13.163484871961423,9.04092751743571,-0.12440944000000001,0.27983901,1.9568518999999998,0.03862105919527763,0.18474662996862826,0.9820269948669027,2.8726871113646446,11.16064703694254,10.90965179844547,11.02997140189671,10.50684202750198
818,05/05/2023 15:32:00.325903,1001,True,True,True,True,Eyes,0.1226095,0.01926525,-3.039205,-0.2282858,0.1727687,0.9581422,0.0,0.0,0.0,0.0,0.0,0.0,0.0,0.7436241,0.0262868,2.763382,0.03218029,0.01927894,-2.861562,0.006415355,-0.1366305,-0.01271745,0.9905196,0.5290703,344.2854,358.4558,0.05508313,0.006549784,-0.9984601,0.0,0.0,0.0,-0.07292889,0.2890694,-0.9031106,0.4443178,0.302251,1.914999,0.9623408,-0.02694684,0.2705071,0.02344071,0.9995942,0.01618425,-0.2708335,-0.009233887,0.9625819,moving,2.0308492252918677,10.542529107862855,13.062630858311454,8.969203470330275,-0.10510918,0.26979045999999995,1.9584514000000002,0.0348401060768147,0.18285423172387083,0.9825224692348765,2.6492992848584977,11.047684641159735,11.022294208391308,11.143408794455386,10.618736197691552
819,05/05/2023 15:32:00.346045,1002,True,True,True,True,Eyes,0.1183779,0.01933983,-3.031116,-0.2204411,0.1720595,0.9601048,0.0,0.0,0.0,0.0,0.0,0.0,0.0,0.7124667,0.03923289,2.762628,0.02937234,0.01927211,-2.853074,0.009019746,-0.1309878,-0.01074947,0.9912847,0.863261,344.9349,358.6433,0.05360646,0.006528236,-0.9985406,0.0,0.0,0.0,-0.05558208,0.2891809,-0.8942255,0.4404484,0.2995752,1.915,0.9654533,-0.02367452,0.2594984,0.01894862,0.9996062,0.02069837,-0.2598862,-0.01506618,0.9655217,moving,1.8813668930005198,10.823544720169389,12.952719047371046,8.891069483170657,-0.08495442,0.26990879,1.9588484999999998,0.032246715978004645,0.18768729118746166,0.9816993466066112,2.4988164542259423,11.318748190575375,11.120208341171658,11.238740991218643,10.732087557104265
820,05/05/2023 15:32:00.356141,1003,True,True,True,True,Eyes,0.1142498,0.01942116,-3.022973,-0.2127932,0.1714231,0.9619424,0.0,0.0,0.0,0.0,0.0,0.0,0.0,0.6835006,0.04069614,2.760553,0.02676753,0.0198488,-2.844006,0.009641086,-0.1257473,-0.009174091,0.991973,0.9637697,345.541,358.818,0.05214903,0.006513022,-0.9986178,0.0,0.0,0.0,-0.04112129,0.2769122,-0.8846446,0.4366464,0.2969462,1.915,0.9682069,-0.02062558,0.2492989,0.01577622,0.9996458,0.02143463,-0.2496527,-0.01682016,0.9681894,moving,1.765023376659116,10.877541807479474,12.84463368679175,8.814274115030345,-0.06788882,0.2570634,1.9593613999999997,0.030247706469990615,0.1886241836503436,0.9815834145365111,2.3815089783647148,11.3692571433047,11.153385881505077,11.270085988806906,10.770557875006583
821,05/05/2023 15:32:00.376068,1004,True,True,True,True,Eyes,0.1101892,0.01950357,-3.014777,-0.2050581,0.1708266,0.9637269,0.0,0.0,0.0,0.0,0.0,0.0,0.0,0.6559606,0.03325847,2.757924,0.02413428,0.02014596,-2.83488,0.00859094,-0.1207225,-0.00785462,0.9926181,0.8685563,346.1238,358.9875,0.05071156,0.006503764,-0.9986919,0.0,0.0,0.0,-0.02777587,0.2727969,-0.8757577,0.4326558,0.2941867,1.915,0.9707287,-0.01766752,0.2395277,0.01351904,0.999729,0.0189515,-0.2397977,-0.01515858,0.9707046,moving,1.6777350559317215,10.739809428361335,12.73108661080596,8.733632381226457,-0.05191015,0.25265094,1.9591223000000002,0.02876540253154576,0.18627219055597713,0.9820770397832626,2.2932969605655518,11.233514969812864,11.118918165437876,11.23393639558688,10.73298028226006
822,05/05/2023 15:32:00.395763,1005,True,True,True,True,Eyes,0.106224,0.01958779,-3.006524,-0.1974941,0.1702271,0.9654112,0.0,0.0,0.0,0.0,0.0,0.0,0.0,0.6279646,0.03163835,2.754816,0.02162196,0.02027235,-2.825504,0.00851102,-0.1156326,-0.006704473,0.993233,0.8798881,346.7122,359.124,0.04929395,0.006499935,-0.9987629,0.0,0.0,0.0,-0.01509271,0.2748424,-0.8677997,0.4285918,0.2913762,1.915,0.9731683,-0.01528651,0.2295862,0.0113499,0.9997652,0.01845736,-0.2298144,-0.01535634,0.9731133,moving,1.5657095599595352,10.709616176002307,12.615346447325493,8.651464399768013,-0.03671467,0.25457005,1.9577043,0.026847802628797296,0.18576453959470163,0.9822274184311054,2.1802508461809835,11.202087377169168,11.126398923623748,11.239682561204958,10.742294809670428
823,05/05/2023 15:32:00.413081,1006,True,True,True,True,Eyes,0.1023142,0.01966786,-2.998208,-0.1898309,0.1697668,0.9670281,0.0,0.0,0.0,0.0,0.0,0.0,0.0,0.600154,0.02645314,2.751453,0.01907025,0.02044452,-2.816131,0.007777207,-0.1105389,-0.005692509,0.9938251,0.8136205,347.3013,359.2531,0.04789609,0.006501089,-0.998831,0.0,0.0,0.0,-0.001808424,0.2730472,-0.859138,0.4247847,0.2887436,1.915,0.9754975,-0.01303408,0.2196242,0.009595347,0.9998142,0.01671685,-0.2198013,-0.01419988,0.9754413,moving,1.4568929654126543,10.610819005450391,12.506827594434041,8.574464969288648,-0.020878674,0.25260267999999997,1.956993,0.02499036192983517,0.18407943414960562,0.9825935715749604,2.070364736007303,11.10388683851165,11.124018520155422,11.236004319429492,10.738609406614266
824,05/05/2023 15:32:00.426461,1007,True,True,True,True,Eyes,0.0984752,0.01972572,-2.989836,-0.1822163,0.1693064,0.9685724,0.0,0.0,0.0,0.0,0.0,0.0,0.0,0.5726938,0.01804598,2.747367,0.01641393,0.02040829,-2.806358,0.006359663,-0.1054768,-0.005246675,0.9943876,0.6612731,347.8864,359.3252,0.04651742,0.006506626,-0.9988961,0.0,0.0,0.0,0.01176148,0.2739625,-0.850874,0.4211839,0.2862537,1.914999,0.9776943,-0.01177605,0.2097028,0.009092865,0.999864,0.01375474,-0.2098363,-0.01154114,0.9776684,moving,1.3381126489073023,10.427821882690019,12.404111475053723,8.501614935419797,-0.004652450000000001,0.25355421,1.9554839999999998,0.022966858415400096,0.1809489816831035,0.9832242473366818,1.950332448335164,10.923483534431144,11.121124906755396,11.23239080623471,10.730654381273213
825,05/05/2023 15:32:00.446183,1008,True,True,True,True,Eyes,0.003625497,0.02064894,-2.778944,0.01255427,0.1553276,0.9877833,0.0,0.0,0.0,0.0,0.0,0.0,0.0,0.5470924,0.01510145,2.742895,0.01374312,0.01995444,-2.79686,0.005830752,-0.1007164,-0.004829278,0.9948865,0.6090138,348.4355,359.3821,0.04515824,0.006515403,-0.9989583,0.0,0.0,0.0,0.02518874,0.2769506,-0.8427048,0.4173416,0.2835968,1.915,0.9796658,-0.01078367,0.2003465,0.008434661,0.9998854,0.01257465,-0.2004591,-0.0106291,0.9796444,moving,12.211636767444492,9.881388391086956,12.294403973337333,8.423839186965445,0.011445620000000002,0.25699616,1.9541552000000002,0.20852281982625187,0.16783670832406372,0.963508792760364,12.91901008762221,10.586733592823453,1.4310722663682052,1.4598972884441421,2.251276306652277
826,05/05/2023 15:32:00.455873,1009,True,True,True,True,Eyes,0.003518572,0.02061949,-2.778546,0.01270324,0.1553243,0.9877818,0.0,0.0,0.0,0.0,0.0,0.0,0.0,0.5234768,0.01479419,2.737384,0.01096009,0.01949326,-2.786937,0.005761342,-0.09628665,-0.004487116,0.9953269,0.6076182,348.9459,359.4246,0.0392097,0.006649188,-0.9992086,-0.2845491,0.00276966,0.6326787,0.03730059,0.2760315,-0.83447,0.4134748,0.2809227,1.915,0.9814175,-0.01004178,0.1916217,0.007822814,0.9998934,0.01233294,-0.1917251,-0.01060474,0.9813914,moving,11.715942291831144,9.848983128377256,12.183910748756144,8.345532760924714,0.026340500000000003,0.25653824,1.952467,0.2001878445525963,0.16758935780969764,0.9653178382950076,12.41891335756135,10.546250910051429,1.5577620980640547,1.574597562575895,2.2132299017591834
827,05/05/2023 15:32:00.476154,1010,True,True,True,True,Eyes,0.003310735,0.02056384,-2.777763,0.01312441,0.1552395,0.9877898,0.0,0.0,0.0,0.0,0.0,0.0,0.0,0.5021305,0.01534153,2.731332,0.00823522,0.01876565,-2.777071,0.00580225,-0.09225228,-0.00404893,0.9957106,0.6192464,349.4105,359.4767,0.03430772,0.00675627,-0.9993882,-0.2674762,0.002603481,0.594718,0.0478676,0.2732136,-0.8256738,0.4094944,0.2781701,1.915,0.9829462,-0.009133666,0.1836662,0.006992582,0.9998999,0.01230177,-0.1837601,-0.01080768,0.9829116,moving,11.283837192156227,9.826950276764205,12.070075238999435,8.264894791393758,0.03963238,0.25444795,1.9513971999999997,0.19290621794286789,0.1674672918726895,0.9668206341995106,11.982977730103025,10.517016184121601,1.7391104852599766,1.7487674532880935,2.2538049480020144
828,05/05/2023 15:32:00.496041,1011,True,True,True,True,Eyes,0.003016821,0.0204855,-2.776601,0.01363443,0.1550717,0.9878091,0.0,0.0,0.0,0.0,0.0,0.0,0.0,0.4830566,0.0215989,2.724573,0.005551048,0.01810775,-2.767083,0.006904398,-0.08862217,-0.003419134,0.9960356,0.7533484,349.828,359.5396,0.0302502,0.006841063,-0.9995188,-0.2514276,0.002447272,0.5590349,0.05702003,0.2698664,-0.8168966,0.4056771,0.2755304,1.915,0.9842688,-0.008034922,0.1764944,0.005587392,0.9998813,0.01436007,-0.1765889,-0.01314803,0.9841968,moving,10.908967421983512,9.923825273860812,11.960813279248066,8.187533263572691,0.051468981999999996,0.25175865000000003,1.9501864,0.18651675862211026,0.169314480387962,0.9677520619193639,11.604915266653181,10.604645173368176,2.0231436490062324,2.030046711884968,2.443172810065667
829,05/05/2023 15:32:00.515122,1012,True,True,True,True,Eyes,0.002626328,0.02037423,-2.77507,0.01445307,0.1548731,0.9878286,0.0,0.0,0.0,0.0,0.0,0.0,0.0,0.4632242,0.02627328,2.717669,0.002919253,0.01751142,-2.756933,0.007711931,-0.08484149,-0.00305355,0.9963601,0.8508495,350.2627,359.5763,0.02687584,0.006907111,-0.9996147,-0.2363419,0.002300435,0.5254928,0.06437452,0.2625091,-0.8075152,0.4017872,0.2728406,1.915,0.9855852,-0.007393454,0.1690182,0.004776288,0.9998624,0.01588585,-0.1691124,-0.01484958,0.9854849,moving,10.529399460865912,9.988368629429301,11.849382419311002,8.108672528810231,0.06145526700000001,0.24499768,1.9494178,0.18006069537832758,0.17061331999919413,0.9687461753899836,11.22207686943863,10.660693726304626,2.292442061182288,2.2968701402708835,2.6279886691843632
830,05/05/2023 15:32:00.526083,1013,True,True,True,True,Eyes,0.002161293,0.0202397,-2.773188,0.01542037,0.1544711,0.987877,0.0,0.0,0.0,0.0,0.0,0.0,0.0,0.4416038,0.02957138,2.710774,0.0001425929,0.01661907,-2.746618,0.008187286,-0.08068487,-0.00307355,0.9967013,0.9067194,350.7404,359.5732,0.02405455,0.006956801,-0.9996862,-0.2221614,0.002162409,0.4939633,0.07251592,0.2562426,-0.7981871,0.3978922,0.2701471,1.915,0.986961,-0.007448003,0.1607871,0.004805643,0.999847,0.01681653,-0.1608878,-0.01582458,0.9868459,moving,10.10750228594448,10.005996387013786,11.737714272789312,8.02967231073022,0.0723733271,0.23962352999999997,1.9484308999999997,0.1729066810456249,0.17113424556391696,0.9699569193114727,10.796483679258397,10.670278058778942,2.5600629618905746,2.561922710885452,2.80333974873302
831,05/05/2023 15:32:00.546365,1014,True,True,True,True,Eyes,0.001602032,0.02009571,-2.770953,0.01672865,0.1541426,0.9879071,0.0,0.0,0.0,0.0,0.0,0.0,0.0,0.4190876,0.03854509,2.703929,-0.002515189,0.01597601,-2.736438,0.009758837,-0.07635558,-0.003006246,0.9970285,1.088719,351.2372,359.5711,0.02168155,0.006992312,-0.9997403,-0.2088317,0.002032665,0.4643255,0.08215722,0.2507721,-0.7889663,0.3939664,0.2674323,1.915,0.9883216,-0.007484908,0.1521987,0.004504342,0.9997915,0.01991876,-0.152316,-0.01900058,0.9881492,moving,9.689046256207043,10.15443229070961,11.625071514062382,7.950016255571202,0.084672409,0.23479609,1.9474717000000001,0.16573768126747385,0.17386368938657043,0.9707227542491028,10.374509063162817,10.807351323298091,2.9329600818090764,2.933878636724629,3.1190174947989235
832,05/05/2023 15:32:00.555978,1015,True,True,True,True,Eyes,0.0009659391,0.01991704,-2.76838,0.01870047,0.1537327,0.9879354,0.0,0.0,0.0,0.0,0.0,0.0,0.0,0.3946086,0.03470757,2.696908,-0.005416311,0.01559087,-2.725795,0.009019485,-0.07159454,-0.00314253,0.9973881,1.005127,351.7847,359.5668,0.01957175,0.007018427,-0.9997836,-0.1963018,0.001910705,0.4364659,0.09265571,0.2414558,-0.7794658,0.3902203,0.2648419,1.915,0.9897286,-0.007560135,0.1427584,0.004977152,0.9998176,0.01844183,-0.1428718,-0.01754188,0.9895858,moving,9.252104075836343,10.033040646099373,11.517499840604781,7.873981419093151,0.09807202100000001,0.22586493,1.9463292,0.15838222138195765,0.17201706226465918,0.972278256180104,9.933582002851017,10.681239016065524,3.1300506568148396,3.1294655640782314,3.223273325753443
833,05/05/2023 15:32:00.576068,1016,True,True,True,True,Eyes,0.0002473028,0.01970605,-2.765471,0.02103208,0.1533756,0.9879441,0.0,0.0,0.0,0.0,0.0,0.0,0.0,0.368736,0.02878106,2.689937,-0.008071404,0.01458952,-2.715194,0.007777668,-0.06658446,-0.003273453,0.9977452,0.8643017,352.3608,359.5663,0.01764977,0.00703613,-0.9998192,-0.1845237,0.001796062,0.410278,0.1042506,0.2409057,-0.7708147,0.3859268,0.2618729,1.915,0.9911116,-0.007567888,0.1328177,0.0054964,0.9998575,0.01595618,-0.1329196,-0.01508434,0.991012,moving,8.8071596799438,9.85722065450425,11.394107957987627,7.786799384926364,0.112322004,0.22631618,1.9443793,0.15090087903288332,0.1692331726947755,0.9739553510074576,9.484521031768095,10.501961295673434,3.3140199858257846,3.313449203895305,3.319431642670209
834,05/05/2023 15:32:00.596085,1017,True,True,True,True,Eyes,-0.0005453324,0.01947447,-2.762232,0.02384865,0.1529683,0.9879433,0.0,0.0,0.0,0.0,0.0,0.0,0.0,0.3404452,0.02708353,2.682671,-0.01086633,0.01359298,-2.704267,0.007311472,-0.06107355,-0.003452231,0.9981005,0.8121083,352.9937,359.5539,0.01589458,0.007045168,-0.9998487,-0.1734523,0.001688299,0.3856613,0.1178092,0.2422024,-0.7624784,0.3823944,0.2594303,1.915,0.9925162,-0.007784422,0.1218646,0.005998272,0.9998692,0.01501685,-0.1219655,-0.01417349,0.9924331,moving,8.333390802146258,9.76850491454518,11.29250907909897,7.715047385937886,0.12867553,0.22860942,1.9417886000000002,0.1428747212228454,0.16792714458325245,0.9753908504154691,9.006479675362906,10.407017967691374,3.601145970080426,3.601814653586377,3.5316619384890275
835,05/05/2023 15:32:00.606626,1018,True,True,True,True,Eyes,-0.001424538,0.01922751,-2.758663,0.02705685,0.1527074,0.987901,0.0,0.0,0.0,0.0,0.0,0.0,0.0,0.3101231,0.02032307,2.675296,-0.01364101,0.01287068,-2.693222,0.005942729,-0.05514596,-0.003826106,0.9984533,0.6557695,353.6747,359.5247,0.01428564,0.007045742,-0.9998729,-0.1630452,0.001587001,0.3625216,0.1329171,0.2403041,-0.7537575,0.3786405,0.2568344,1.915,0.9938885,-0.008295812,0.1100758,0.006984942,0.9999001,0.01228906,-0.1101668,-0.01144509,0.9938473,moving,7.830127606915183,9.586226709412735,11.184460516549345,7.638765470227793,0.14655811000000002,0.22743342,1.9394645000000001,0.1343687081948135,0.1650215111408011,0.9770941408413755,8.498579000990924,10.220400105512498,3.8751997259368003,3.878679484925576,3.7254257348281676
836,05/05/2023 15:32:00.626265,1019,True,True,True,True,Eyes,-0.002379564,0.01895878,-2.754781,0.03061635,0.1523849,0.987847,0.0,0.0,0.0,0.0,0.0,0.0,0.0,0.2782969,0.01179632,2.667388,-0.01670891,0.01222015,-2.681813,0.00425101,-0.04884267,-0.004229973,0.9987886,0.4628696,354.3987,359.4921,0.01280596,0.007038208,-0.999893,-0.1532624,0.001491781,0.3407703,0.1495899,0.2419395,-0.7456352,0.3747154,0.2541201,1.915,0.995193,-0.008864958,0.09753103,0.008034436,0.9999281,0.008904926,-0.09760296,-0.008078513,0.9951926,moving,7.303843952505081,9.363779747640756,11.071398077067533,7.558975166858099,0.16629881,0.22971935,1.9361777999999998,0.1254640147595253,0.1614166277248161,0.9788787807173587,7.967409937546855,9.994237739591819,4.169832239941597,4.177533202300325,3.945281506869021
837,05/05/2023 15:32:00.645987,1020,True,True,True,True,Eyes,-0.003418123,0.01867057,-2.750587,0.03452069,0.1521527,0.987754,0.0,0.0,0.0,0.0,0.0,0.0,0.0,0.2466404,0.005515035,2.659156,-0.01968844,0.01143732,-2.670479,0.002967923,-0.04253925,-0.004200972,0.9990815,0.31931,355.1224,359.5046,0.01143939,0.007022647,-0.9999096,-0.1440667,0.001402274,0.3203241,0.1675472,0.2449446,-0.7376027,0.3709282,0.2515012,1.915,0.9963455,-0.008646733,0.08497543,0.008141721,0.9999471,0.006287806,-0.0850253,-0.005572981,0.9963632,moving,6.806376049856058,9.191447132238235,10.962225007080514,7.481961300664772,0.18723564,0.23350728,1.9328762999999998,0.11701373061609699,0.15863651344924615,0.9803786666994222,7.465366783448045,9.817412623395402,4.48177132803662,4.493709198826067,4.205038681989771
838,05/05/2023 15:32:00.656320,1021,True,True,True,True,Eyes,-0.004549491,0.0183529,-2.746099,0.0385898,0.1518061,0.9876567,0.0,0.0,0.0,0.0,0.0,0.0,0.0,0.2158515,0.001224727,2.650241,-0.02284164,0.01066878,-2.658897,0.002063654,-0.03632299,-0.003893373,0.9993304,0.2201141,355.8359,359.5456,0.01017155,0.006999208,-0.9999235,-0.1354227,0.001318137,0.3011047,0.1851254,0.2463314,-0.7296973,0.366953,0.2487524,1.915,0.997331,-0.007931449,0.07258127,0.007631615,0.9999611,0.004407383,-0.07261341,-0.003841707,0.9973528,moving,6.334146850487934,9.055137453300357,10.847545750932015,7.401098218898671,0.20796704,0.23566262000000002,1.9291997,0.10896813321457079,0.1564476877782817,0.9816568079775645,6.98882513677023,9.676133246035759,4.791198841754419,4.806934098099324,4.4794541132662316
839,05/05/2023 15:32:00.675806,1022,True,True,True,True,Eyes,-0.005756564,0.01803964,-2.741326,0.04296171,0.1514084,0.9875372,0.0,0.0,0.0,0.0,0.0,0.0,0.0,0.1859732,0.0007934375,2.64101,-0.02588521,0.009665693,-2.647406,0.001838447,-0.03025156,-0.003454172,0.9995347,0.1985987,356.5322,359.598,0.00898901,0.006967647,-0.999935,-0.1272973,0.001239049,0.2830384,0.2021357,0.2465261,-0.7215266,0.363123,0.2461039,1.915,0.9981458,-0.007016363,0.06046226,0.006793899,0.9999694,0.00388417,-0.06048767,-0.003466194,0.9981629,moving,5.899230472406715,8.994477861964098,10.736972043511564,7.323157662270724,0.22802091,0.236860407,1.9258794000000001,0.10152844854593748,0.15553140430478718,0.9825995572517626,6.550010026830862,9.609219636007513,5.099728047103975,5.118305844583646,4.770401479633792
840,05/05/2023 15:32:00.696057,1023,True,True,True,True,Eyes,-0.007066483,0.01774364,-2.736264,0.04740882,0.1509795,0.9873994,0.0,0.0,0.0,0.0,0.0,0.0,0.0,0.1570149,0.005666736,2.631354,-0.02901574,0.009479118,-2.635864,0.002762603,-0.02429142,-0.003171636,0.9996961,0.3076477,357.2151,359.629,0.007880559,0.006928981,-0.9999447,-0.1196595,0.001164706,0.2660561,0.2185756,0.2439644,-0.7132536,0.3593068,0.2434649,1.915,0.9987997,-0.006475559,0.04855056,0.006207129,0.9999647,0.005677613,-0.0485856,-0.005369439,0.9988046,moving,5.479833548835687,9.06627806709293,10.626716197520805,7.245469558985018,0.24759134000000002,0.234485282,1.9226104000000002,0.09431302314005346,0.1568745029351667,0.9831049917223647,6.127000037123128,9.671621144260431,5.439346816124517,5.459463766940312,5.112108864145834
841,05/05/2023 15:32:00.706361,1024,True,True,True,True,Eyes,-0.008454653,0.01743645,-2.73093,0.05211954,0.1507216,0.9872014,0.0,0.0,0.0,0.0,0.0,0.0,0.0,0.1281636,-0.001082976,2.621044,-0.03221232,0.009586315,-2.62396,0.001516161,-0.01828368,-0.003426866,0.9998259,0.1665294,357.9041,359.6042,0.00683485,0.006884587,-0.9999527,-0.1124799,0.001094824,0.2500927,0.234257,0.237545,-0.7045392,0.3552468,0.2406573,1.915,0.9993079,-0.006907979,0.0365506,0.006797095,0.9999719,0.003157105,-0.03657138,-0.002906483,0.9993268,moving,5.058888450476784,8.903856304346695,10.50932914193276,7.162788721114318,0.26646932,0.227958685,1.9194207999999997,0.08712508750593825,0.154188327055727,0.9841926794307961,5.7021648054776986,9.505826963392515,5.698143366882542,5.721767214808875,5.347771233183365
842,05/05/2023 15:32:00.726148,1025,True,True,True,True,Eyes,-0.009919382,0.01713909,-2.725341,0.05671508,0.1502248,0.9870237,0.0,0.0,0.0,0.0,0.0,0.0,0.0,0.1019083,-0.01075531,2.610382,-0.03558112,0.008974239,-2.612134,-0.0004323669,-0.01268602,-0.003470301,0.9999135,359.9454,358.5464,359.603,0.005842019,0.006834634,-0.9999594,-0.1057311,0.001029134,0.2350871,0.2507518,0.2397362,-0.6966461,0.351623,0.2381515,1.915,0.999654,-0.006929032,0.02537283,0.006950971,0.9999756,-0.0007766102,-0.02536684,0.0009527074,0.9996777,moving,4.681673539114179,8.646581023117701,10.404478517939227,7.08897022762029,0.28633292000000005,0.23076196100000002,1.9154879,0.08069814308328307,0.1498488176460697,0.9854100754250085,5.321338229933525,9.248417502659635,5.9033714958648185,5.930990491976432,5.522818820242208
843,05/05/2023 15:32:00.746291,1026,True,True,True,True,Eyes,-0.0114455,0.01686547,-2.719488,0.06154057,0.1498305,0.9867946,0.0,0.0,0.0,0.0,0.0,0.0,0.0,0.07827953,-0.001614898,2.599658,-0.03875403,0.008977406,-2.600532,0.001342873,-0.007593915,-0.00323889,0.9999652,0.1510582,359.1293,359.6277,0.004893646,0.006780047,-0.9999648,-0.09938726,0.0009673863,0.2209819,0.2651302,0.2438718,-0.6891109,0.3477722,0.2354886,1.915,0.9998637,-0.00649795,0.0151786,0.006457159,0.9999754,0.002734843,-0.015196,-0.002636459,0.999881,moving,4.383723075090216,8.82175611447245,10.292982642434533,7.01049778804933,0.30388423,0.234894394,1.9114210999999999,0.07553674799416918,0.15292292172689181,0.9853470367278276,5.0209606009968875,9.413706088459747,6.153477716506983,6.180615289701134,5.793930146331235
844,05/05/2023 15:32:00.756225,1027,True,True,True,True,Eyes,-0.05003614,0.009838957,-2.567337,0.1795415,0.1390161,0.9738785,0.0,0.0,0.0,0.0,0.0,0.0,0.0,0.05421284,-0.007586513,2.588193,-0.04185118,0.009249541,-2.588417,0.0002552319,-0.00237639,-0.003557806,0.9999908,0.02827831,359.7276,359.5922,0.003983957,0.006722254,-0.9999692,-0.09342402,0.0009093431,0.207723,0.2773831,0.234418,-0.679906,0.3437816,0.232729,1.914999,0.9999633,-0.007116759,0.00475092,0.007114333,0.9999746,0.0005273686,-0.004754553,-0.0004935497,0.9999886,moving,10.662042583651472,8.234608122289078,10.177361011205868,6.929151403908451,0.31923428,0.225168459,1.9085110000000003,0.18317240183539668,0.14080347363229376,0.972945122842312,11.353915769809284,8.954649645550258,1.3608609597521577,1.392527726917299,2.342418456827558
845,05/05/2023 15:32:00.776215,1028,True,True,True,True,Eyes,-0.05014697,0.009906065,-2.566875,0.1799664,0.1387169,0.9738427,0.0,0.0,0.0,0.0,0.0,0.0,0.0,0.02882165,-0.0125568,2.576991,-0.04470625,0.008824898,-2.57678,-0.000782785,0.003099156,-0.004113284,0.9999865,359.9118,0.3555039,359.5284,0.0004237613,0.006333938,-0.9999796,-0.2035905,-0.02022475,0.651715,0.2906368,0.2359713,-0.6717031,0.3399684,0.2300922,1.915,0.999947,-0.008231309,-0.006191788,0.008221606,0.999965,-0.001591044,0.006204668,0.001540054,0.9999796,moving,10.047825816118554,8.091786982695778,10.066790758165666,6.851391620854767,0.33534305,0.227146402,1.9050768999999999,0.17278520430427052,0.13864222187385497,0.9751530625010991,10.734128682017515,8.804473479607626,1.2225382613002673,1.240540334976474,2.0639449245559867
846,05/05/2023 15:32:00.796138,1029,True,True,True,True,Eyes,-0.05032888,0.0100534,-2.565935,0.1805169,0.1386565,0.9737495,0.0,0.0,0.0,0.0,0.0,0.0,0.0,0.004408959,0.004323238,2.565766,-0.04757934,0.01056059,-2.56531,0.002848499,0.008419318,-0.00513926,0.9999472,0.3313569,0.9631159,359.4138,-0.002421533,0.006016941,-0.9999787,-0.191375,-0.01901126,0.6126121,0.3050951,0.2363946,-0.6642618,0.3360677,0.2273948,1.915,0.9998054,-0.01023001,-0.01686703,0.01032594,0.999931,0.00561016,0.01680847,-0.005783236,0.999842,moving,9.462382617470602,8.507773575130129,9.953610185462672,6.771822151686572,0.35267444000000003,0.22583401,1.9010482000000002,0.1626390540464252,0.1459738235242874,0.9758279796525074,10.143997081441551,9.199178585561944,1.790355820749888,1.8041152590982412,2.434811374056856
847,05/05/2023 15:32:00.816922,1030,True,True,True,True,Eyes,-0.05061058,0.01023465,-2.564574,0.1815118,0.1386607,0.9735638,0.0,0.0,0.0,0.0,0.0,0.0,0.0,-0.0209598,-0.02038456,2.553247,-0.05035554,0.01258983,-2.552887,-0.001566996,0.01401045,-0.007060199,0.9998758,359.8318,1.606765,359.1885,-0.004702196,0.005761162,-0.9999721,-0.1798925,-0.01787059,0.5758554,0.3189806,0.2207351,-0.6549541,0.3321164,0.2246625,1.915,0.9995077,-0.01416255,-0.0279953,0.01407473,0.9998954,-0.003331436,0.02803955,0.00293577,0.9996025,moving,8.839835321974892,8.02376565140334,9.83888137455415,6.6911964201466345,0.36933614,0.20814527,1.8979329000000003,0.15220345832243792,0.1379575609271946,0.978673395261095,9.5154223589087,8.716484739334353,1.6634453891682122,1.6654830444247348,2.050955511619045
848,05/05/2023 15:32:00.826569,1031,True,True,True,True,Eyes,-0.05097216,0.01049587,-2.562813,0.1826316,0.1382345,0.9734151,0.0,0.0,0.0,0.0,0.0,0.0,0.0,-0.04657495,-0.02775004,2.541499,-0.0531452,0.01354337,-2.541485,-0.002806202,0.01968867,-0.009227821,0.9997597,359.6993,2.259197,358.9364,-0.006537656,0.005557016,-0.9999629,-0.169099,-0.01679835,0.5413041,0.3345044,0.2354959,-0.6485765,0.3282018,0.2219554,1.915,0.9990544,-0.01856171,-0.03931609,0.0183407,0.999814,-0.005974423,0.03941967,0.005247688,0.9992089,moving,8.218311284515133,7.881509955734818,9.725139539455862,6.611288036691253,0.3876496,0.22195253,1.8929085000000003,0.1416221686359047,0.13574278069630413,0.9805697803096517,8.888264278682168,8.566727981180073,1.971047321323451,1.97078540523986,2.1269944942565027
849,05/05/2023 15:32:00.836013,1032,True,True,True,True,Eyes,-0.05140782,0.01082326,-2.560662,0.1841675,0.1379496,0.9731661,0.0,0.0,0.0,0.0,0.0,0.0,0.0,-0.07199927,-0.01039114,2.529791,-0.0557713,0.01563939,-2.530174,0.001072566,0.02529896,-0.01114812,0.9996172,0.155179,2.897814,358.726,-0.008022271,0.005398684,-0.999953,-0.1589531,-0.01579045,0.5088258,0.3504528,0.2368526,-0.6420648,0.3243935,0.219322,1.915,0.9984714,-0.02223343,-0.05060247,0.02234197,0.9997492,0.001580239,0.05055464,-0.002708382,0.9987177,moving,7.640186632490133,8.327236355984668,9.614412006031754,6.533530336396837,0.40622410000000003,0.22121321,1.8881092000000002,0.13157427839838629,0.1435674943986329,0.9808550362829682,8.30554913115986,8.990535809814652,2.6675965393520324,2.6673858195321456,2.7838818081274606
850,05/05/2023 15:32:00.855994,1033,True,True,True,True,Eyes,-0.05191,0.01115381,-2.558165,0.1857922,0.1376586,0.9728985,0.0,0.0,0.0,0.0,0.0,0.0,0.0,-0.0981198,-0.02280622,2.517421,-0.05816286,0.01764016,-2.518703,-0.0009278693,0.0311135,-0.01227067,0.9994403,359.9375,3.566959,358.5912,-0.009232345,0.005281033,-0.9999433,-0.1494159,-0.01484302,0.4782962,0.3656073,0.2197151,-0.6334915,0.3202203,0.2164361,1.915,0.9977627,-0.02458533,-0.0621694,0.02446986,0.9996971,-0.002618267,0.06221495,0.001091133,0.9980622,moving,7.04850176754019,8.085929931041996,9.492991612586282,6.448289186247515,0.42377016,0.20207494,1.8852115,0.12150766358928619,0.13961591008419016,0.9827224472746543,7.708381627388032,8.744825220903394,2.94165083965463,2.9423456308775973,2.9084206294382944
851,05/05/2023 15:32:00.875961,1034,True,True,True,True,Eyes,-0.05246159,0.01146762,-2.555346,0.1877785,0.1372703,0.972572,0.0,0.0,0.0,0.0,0.0,0.0,0.0,-0.1248503,-0.02619751,2.505494,-0.06032423,0.01806529,-2.507949,-0.001463121,0.03701567,-0.01225478,0.9992385,359.8845,4.244398,358.5904,-0.01033763,0.005188897,-0.9999329,-0.1404509,-0.01395244,0.4495984,0.3818568,0.2256505,-0.6276411,0.316355,0.2137633,1.915,0.9969593,-0.02459921,-0.07393911,0.02438257,0.9996954,-0.003831252,0.07401083,0.002016777,0.9972554,moving,6.488404152381607,7.987313769306714,9.380452812894386,6.369316808989591,0.44218103,0.20758521,1.8803079,0.11191968619312966,0.13808083808384583,0.9840771623733754,7.143240061853167,8.638684759949264,3.3112201350402466,3.313888896503504,3.186714890018297
852,05/05/2023 15:32:00.896139,1035,True,True,True,True,Eyes,-0.05302523,0.01177763,-2.552229,0.189716,0.1368101,0.9722607,0.0,0.0,0.0,0.0,0.0,0.0,0.0,-0.1505942,-0.01829031,2.493689,-0.06218596,0.018073,-2.49746,0.000152728,0.04267076,-0.01107795,0.9990278,0.07165229,4.890701,358.7324,-0.01135589,0.005118742,-0.9999221,-0.1320239,-0.0131153,0.4226225,0.3984734,0.2255167,-0.6221476,0.3128649,0.2113499,1.915,0.996113,-0.02212133,-0.08526193,0.0221474,0.9997545,-0.0006402504,0.08525516,-0.001250568,0.9963584,moving,5.9744897391738725,8.111911158971782,9.278775212578198,6.297987949471156,0.46065935999999996,0.20744369999999998,1.8753123999999999,0.10305532629614539,0.14035573943105784,0.9847232601158848,6.624939505245717,8.750818872318657,3.7655192515794687,3.7694323046999934,3.613754764450656
853,05/05/2023 15:32:00.906740,1036,True,True,True,True,Eyes,-0.0536148,0.01212251,-2.54883,0.1919885,0.1362765,0.9718895,0.0,0.0,0.0,0.0,0.0,0.0,0.0,-0.1741389,-0.01481114,2.481895,-0.06371413,0.01836421,-2.487157,0.00093031,0.04787464,-0.009725477,0.9988056,0.1598328,5.486844,358.8919,-0.01229688,0.00506828,-0.9999112,-0.1241024,-0.01232838,0.3972652,0.4136487,0.2175682,-0.6159263,0.3091488,0.2087801,1.915,0.9952269,-0.01933864,-0.09565299,0.0195168,0.9998091,0.0009271903,0.0956168,-0.002789604,0.9954143,moving,5.533894500227041,8.137268816811675,9.170448688454911,6.222015086631667,0.47736282999999996,0.19920399,1.8712307,0.09547255777324054,0.14089861174654894,0.9854098846240988,6.180492262531126,8.767597020973554,4.104721724975788,4.110075816196837,3.9268087314472955
854,05/05/2023 15:32:00.926310,1037,True,True,True,True,Eyes,-0.0541847,0.01248659,-2.545147,0.1943365,0.135872,0.9714793,0.0,0.0,0.0,0.0,0.0,0.0,0.0,-0.1981406,-0.01054591,2.469974,-0.06502898,0.01956897,-2.477,0.00208399,0.05317959,-0.00976327,0.9985352,0.2979559,6.09424,358.8955,-0.0131704,0.005036964,-0.9999003,-0.1166563,-0.01158867,0.3734293,0.4272438,0.2131881,-0.6099496,0.3052864,0.2061091,1.915,0.9941532,-0.01927628,-0.1062441,0.01971958,0.9998006,0.003123462,0.1061627,-0.005200288,0.9943352,moving,5.064133650559791,8.236494093896283,9.057787316777388,6.143027091355996,0.49227278,0.19361913,1.8670503999999999,0.08736725673447662,0.14271152882827243,0.9859007495356363,5.706705613835495,8.855808932298219,4.502361632271984,4.509087900719863,4.3114885940168985
855,05/05/2023 15:32:00.946299,1038,True,True,True,True,Eyes,-0.05476569,0.01285743,-2.541208,0.1970902,0.1354901,0.9709778,0.0,0.0,0.0,0.0,0.0,0.0,0.0,-0.2254079,-0.02192901,2.456974,-0.06610714,0.02040451,-2.466419,5.006997e-05,0.05919812,-0.01110002,0.9981846,0.08102535,6.787094,358.7306,-0.01398141,0.005023776,-0.9998894,-0.1096569,-0.01089335,0.3510235,0.4417871,0.207092,-0.6042214,0.3012664,0.2033294,1.915,0.9927447,-0.02215381,-0.1181824,0.02216566,0.9997536,-0.001214243,0.1181802,-0.001414159,0.9929911,moving,4.511886360373985,7.993977872626005,8.94045390219428,6.060799678017331,0.5078942399999999,0.18668749,1.8621976,0.07790615196109507,0.13864634440775642,0.9872729232060757,5.149321668915252,8.609629099205696,4.821634469541158,4.8321204873817765,4.568283597646127
856,05/05/2023 15:32:00.956112,1039,True,True,True,True,Eyes,-0.05532114,0.01323493,-2.537017,0.2001343,0.1350031,0.9704229,0.0,0.0,0.0,0.0,0.0,0.0,0.0,-0.2539211,-0.02474737,2.444074,-0.06707763,0.02092641,-2.456348,-0.0003082221,0.0654736,-0.01232073,0.9977782,0.05719781,7.507959,358.5888,-0.01473698,0.00502724,-0.9998785,-0.1030775,-0.01023975,0.3299621,0.4599198,0.2117286,-0.6002351,0.2974217,0.2006707,1.915,0.9911228,-0.02462706,-0.1306487,0.02454634,0.9996962,-0.002228439,0.1306639,-0.0009982899,0.9914263,moving,3.951095608374367,7.934095858144405,8.828166255192711,5.982128155349294,0.52699743,0.19080218999999998,1.8561129000000003,0.06824848497923745,0.13771212507316113,0.9881182595197715,4.583524426428611,8.541209127009047,5.239593729884685,5.253189127264726,4.956397852675355
857,05/05/2023 15:32:00.976017,1040,True,True,True,True,Eyes,-0.055872,0.01359542,-2.532596,0.20354,0.1345897,0.9697717,0.0,0.0,0.0,0.0,0.0,0.0,0.0,-0.2825203,-0.03021319,2.430481,-0.06788604,0.0215029,-2.445996,-0.001192315,0.07180642,-0.01338424,0.997328,359.9739,8.236593,358.4604,-0.01544339,0.005046071,-0.9998678,-0.09689283,-0.009625368,0.3101644,0.4790138,0.2097623,-0.5965691,0.2936155,0.1980387,1.915,0.9893294,-0.02686818,-0.1431972,0.02652572,0.9996389,-0.004300408,0.143261,0.0004561112,0.9896848,moving,3.4073053480138,7.816779383092499,8.716935656556513,5.9042243851165175,0.54689984,0.18825940000000002,1.8494269,0.05888332248694214,0.13576972990817304,0.9889890817600264,4.034812809603706,8.417145001143552,5.626646864283387,5.64358402379891,5.31385400405498
858,05/05/2023 15:32:00.996231,1041,True,True,True,True,Eyes,-0.05637962,0.01394073,-2.527957,0.2072781,0.1337564,0.9690949,0.0,0.0,0.0,0.0,0.0,0.0,0.0,-0.3105898,-0.0344092,2.417019,-0.0684464,0.02144126,-2.43608,-0.001982703,0.07801348,-0.01364861,0.996857,359.8955,8.95107,358.423,-0.01610487,0.005078164,-0.9998572,-0.09107926,-0.009047845,0.2915545,0.498198,0.2098196,-0.5930665,0.2896496,0.1952962,1.915,0.9874552,-0.02752077,-0.1554824,0.02690207,0.9996196,-0.006082493,0.1555907,0.001823392,0.9878199,moving,2.9103449235617087,7.6751523830797295,8.60096758775498,5.8230266493729275,0.5666443999999999,0.18837834,1.8430135,0.05031954884653389,0.1333872110695058,0.9897856866077426,3.533316138190945,8.27024095468935,5.964524420742038,5.984442834524287,5.627605980380449
859,05/05/2023 15:32:01.015964,1042,True,True,True,True,Eyes,-0.05685578,0.01426014,-2.523113,0.2114042,0.1328481,0.9683283,0.0,0.0,0.0,0.0,0.0,0.0,0.0,-0.3406874,-0.02727322,2.402978,-0.06858533,0.02151307,-2.426098,-0.0004190677,0.08457809,-0.01365392,0.9963233,0.0844879,9.703282,358.4369,-0.01672378,0.005121653,-0.9998468,-0.08561451,-0.008504975,0.2740613,0.5168834,0.2096131,-0.59001,0.2857769,0.1926182,1.915,0.9853203,-0.02727833,-0.1685228,0.02713655,0.9996268,-0.003144699,0.1685457,-0.001474592,0.9856927,moving,2.400120961067342,7.793719656221402,8.487656237902094,5.743715919975029,0.58546873,0.18810003,1.8360880000000002,0.04149159612954477,0.13549019894492922,0.9899095430758442,3.018731753654853,8.376567188236239,6.401400014293653,6.423441528132068,6.069682101657681
860,05/05/2023 15:32:01.026472,1043,True,True,True,True,Eyes,-0.0572945,0.01457744,-2.518098,0.2158384,0.1314294,0.9675433,0.0,0.0,0.0,0.0,0.0,0.0,0.0,-0.3728807,-0.02037569,2.388394,-0.06843865,0.02124048,-2.41635,0.001023681,0.09157206,-0.01332748,0.9957088,0.2566531,10.50566,358.4899,-0.01730314,0.005174426,-0.9998366,-0.08047764,-0.007994676,0.2576176,0.5370104,0.2008094,-0.5865858,0.2818151,0.1898785,1.915,0.9828739,-0.0263531,-0.1823855,0.02672806,0.9996427,-0.0004022743,0.1823309,-0.004479425,0.983227,moving,1.863475657848874,7.86463684410463,8.371668668092108,5.662555046303177,0.60544905,0.17956892,1.8297642,0.03221250868720481,0.13676215923788437,0.9900799995750231,2.477439731061336,8.435999800729505,6.845916657824227,6.870643383467618,6.514133140179575
861,05/05/2023 15:32:01.046254,1044,True,True,True,True,Eyes,-0.05768508,0.01490262,-2.512902,0.2206577,0.1298642,0.9666672,0.0,0.0,0.0,0.0,0.0,0.0,0.0,-0.4056607,-0.001095677,2.373864,-0.0681068,0.02162128,-2.407216,0.005183103,0.09866043,-0.01290864,0.9950239,0.7369453,11.31608,358.5865,-0.01784554,0.005235513,-0.9998268,-0.07564898,-0.007514996,0.2421605,0.5588988,0.1924634,-0.5842359,0.2779304,0.1871922,1.915,0.980199,-0.02466607,-0.1964728,0.02671154,0.999613,0.007767478,0.1962051,-0.01286176,0.9804785,moving,1.34099554641448,8.236245933906087,8.257871166251658,5.582953949693457,0.6270056,0.17084212000000001,1.8229801,0.023161401520062602,0.1432166190366959,0.9894203131521482,1.950775850605106,8.788606850857942,7.381271701806014,7.408314699969551,7.075002603773015
862,05/05/2023 15:32:01.055969,1045,True,True,True,True,Eyes,-0.05806511,0.01522585,-2.507541,0.2256856,0.1281177,0.9657391,0.0,0.0,0.0,0.0,0.0,0.0,0.0,-0.4393999,0.01105811,2.358114,-0.0674811,0.02218985,-2.397676,0.007921329,0.1059989,-0.01240901,0.9942574,1.053291,12.15864,358.6821,-0.01835406,0.005304593,-0.9998173,-0.07111004,-0.007064096,0.2276309,0.5812757,0.1747339,-0.5820283,0.2741479,0.1845765,1.915,0.9772205,-0.02299618,-0.2109769,0.02635479,0.9995666,0.013121,0.2105837,-0.01838236,0.977403,moving,0.8022335832121853,8.43547881309263,8.147004404930822,5.505424105776824,0.6487567999999999,0.15254405,1.8156477,0.0138497211705884,0.14668152053667338,0.9890868824961769,1.407492843509032,8.973000408387403,7.877240786195106,7.907646869419054,7.579254679779829
863,05/05/2023 15:32:01.075988,1046,True,True,True,True,Eyes,-0.05838585,0.01555334,-2.502029,0.2310613,0.126234,0.9647153,0.0,0.0,0.0,0.0,0.0,0.0,0.0,-0.4726852,0.021846,2.342351,-0.06669878,0.02249648,-2.388632,0.01032882,0.1132648,-0.01185715,0.9934405,1.329847,12.9946,358.7838,-0.01883251,0.00538099,-0.999808,-0.06684344,-0.00664025,0.2139731,0.6047363,0.1626171,-0.5805917,0.2703127,0.1819245,1.915,0.974061,-0.02121896,-0.2252885,0.02589852,0.9995055,0.01783614,0.2247986,-0.02320812,0.9741288,moving,0.29262252304516445,8.590095519398723,8.034530240190547,5.426797672642915,0.67143508,0.14012061999999997,1.8080402999999998,0.005049914135722269,0.14936251132100076,0.9887695867829298,0.893567304550416,9.11445529956318,8.3293188120144,8.363228346044675,8.036925433371229
864,05/05/2023 15:32:01.096231,1047,True,True,True,True,Eyes,-0.05870103,0.01588552,-2.496352,0.2364769,0.1244454,0.9636348,0.0,0.0,0.0,0.0,0.0,0.0,0.0,-0.5051566,0.03348336,2.326093,-0.06573722,0.02297996,-2.37953,0.01301661,0.1203937,-0.01185077,0.9925702,1.644232,13.81503,358.8311,-0.01928152,0.005464229,-0.9997989,-0.06283283,-0.006241835,0.2011347,0.628082,0.1516384,-0.5800299,0.2665614,0.1793303,1.915,0.9707298,-0.02039121,-0.239307,0.02665968,0.9993803,0.02298628,0.23869,-0.02869331,0.9706718,moving,-0.20795453122269567,8.790619102908282,7.9244562538604475,5.3498650500782,0.6938192200000001,0.12865844,1.7995001,-0.003586849834870079,0.15282305168249646,0.9882470637287626,0.3888069700121577,9.30079295202858,8.7925575181295,8.830339383591282,8.508574581889334
865,05/05/2023 15:32:01.106129,1048,True,True,True,True,Eyes,-0.05894819,0.01620413,-2.490528,0.242174,0.1228111,0.9624287,0.0,0.0,0.0,0.0,0.0,0.0,0.0,-0.5362263,0.02855615,2.30968,-0.06459272,0.02336166,-2.370286,0.01218632,0.1273049,-0.01175422,0.9917192,1.556548,14.61413,358.8415,-0.01970414,0.005553967,-0.9997893,-0.05906286,-0.005867325,0.1890666,0.6509354,0.139132,-0.5794676,0.2625595,0.1765631,1.915,0.9673106,-0.02021101,-0.2527879,0.02641652,0.9994267,0.02117808,0.2522149,-0.02716356,0.9672899,moving,-0.6672742362710884,8.599713228774606,7.806964021142292,5.267780680345957,0.7155281200000001,0.11577034,1.7908184,-0.011514952569021825,0.14952046703829153,0.9886914842087418,-0.07477288738359922,9.106560747205314,9.064987789545501,9.105739319280275,8.766869971485605
866,05/05/2023 15:32:01.126388,1049,True,True,True,True,Eyes,-0.05914503,0.01650961,-2.484556,0.2477468,0.1214304,0.9611848,0.0,0.0,0.0,0.0,0.0,0.0,0.0,-0.5652713,0.02276142,2.293185,-0.06334186,0.02333446,-2.360972,0.01108778,0.1338334,-0.01181277,0.9908714,1.440282,15.36963,358.8283,-0.02009991,0.005649004,-0.9997802,-0.05551909,-0.005515285,0.1777226,0.6732599,0.1399257,-0.5796453,0.2587245,0.173911,1.915,0.9638982,-0.02044204,-0.2654853,0.02637771,0.9994751,0.01881124,0.2649614,-0.02513502,0.9639314,moving,-1.0923701942740909,8.395694690714892,7.694309785885728,5.189090199581256,0.73660176,0.11659123999999998,1.7813266999999997,-0.018860068705395985,0.14598272513479046,0.9891073654948122,-0.5038423214796268,8.900170323274713,9.310352400754963,9.353505088270373,8.998989591058079
867,05/05/2023 15:32:01.146283,1050,True,True,True,True,Eyes,-0.05926154,0.01679584,-2.478447,0.2535248,0.1201901,0.959833,0.0,0.0,0.0,0.0,0.0,0.0,0.0,-0.5917037,0.01755963,2.27687,-0.06195761,0.02329016,-2.351633,0.01012096,0.1398349,-0.01208429,0.9900494,1.341997,16.06443,358.7908,-0.0204697,0.00574839,-0.9997717,-0.05218794,-0.005184368,0.1670592,0.694249,0.1411494,-0.5794877,0.2548741,0.1712485,1.915,0.9606003,-0.02109756,-0.2771316,0.02675862,0.9995031,0.0166609,0.2766424,-0.02342012,0.9606875,moving,-1.4473837009991837,8.218626938720615,7.581142928390232,5.110071390647807,0.75620661,0.11785924,1.7721453,-0.02499967184267267,0.14290601677262302,0.9894204157081009,-0.8621817442942612,8.72129449406828,9.503991072149034,9.54868633336796,9.183172862961936
868,05/05/2023 15:32:01.156168,1051,True,True,True,True,Eyes,-0.05987801,0.02321082,-2.322556,0.3891388,0.09188129,0.9165854,0.0,0.0,0.0,0.0,0.0,0.0,0.0,-0.6164001,0.01164884,2.260581,-0.06026456,0.02309099,-2.342253,0.008948944,0.1454602,-0.01227076,0.9892476,1.219074,16.71659,358.7578,-0.02081306,0.005851018,-0.9997636,-0.04905666,-0.004873306,0.1570357,0.7135044,0.1416792,-0.578687,0.2510721,0.1686193,1.915,0.9573815,-0.02167421,-0.2880119,0.02688107,0.9995387,0.01413562,0.2875727,-0.02127525,0.9575225,moving,6.159139736981274,6.65646511493259,7.469340177175677,5.032021740869922,0.7737689600000001,0.11858821,1.763566,0.1065753513698475,0.11525587889480085,0.9876020197788401,6.809578846073785,7.336313821538764,2.0861656113128713,2.0869694461159973,2.3968827687332728
869,05/05/2023 15:32:01.176308,1052,True,True,True,True,Eyes,-0.05978799,0.02320725,-2.322179,0.389508,0.09192047,0.9164246,0.0,0.0,0.0,0.0,0.0,0.0,0.0,-0.6391225,0.00840584,2.244529,-0.05838231,0.02264024,-2.332925,0.008283053,0.1506605,-0.01244463,0.9884726,1.153154,17.31961,358.733,-0.02154658,0.006342184,-0.9997454,-0.04796267,0.01466403,0.6152864,0.7315118,0.1428215,-0.5774338,0.2471481,0.1659059,1.915,0.9542931,-0.0221065,-0.2980537,0.02709822,0.9995531,0.01262531,0.2976414,-0.02012497,0.9544656,moving,5.575799273680811,6.577058198045984,7.353889846859863,4.951452920823583,0.7898941100000001,0.12018125999999998,1.7554911999999998,0.09652904281120969,0.11400449964907677,0.9887795610285924,6.2210113268235405,7.248468067984234,2.4091579850512854,2.4091904457226967,2.5611896312934648
870,05/05/2023 15:32:01.197979,1053,True,True,True,True,Eyes,-0.05959897,0.0231774,-2.321431,0.3899243,0.09212431,0.9162272,0.0,0.0,0.0,0.0,0.0,0.0,0.0,-0.6607302,0.005080249,2.22839,-0.05623587,0.02253896,-2.323498,0.007672525,0.1556217,-0.01264664,0.9877061,1.093991,17.89532,358.7051,-0.02211292,0.006754726,-0.9997305,-0.04508491,0.01378418,0.5783691,0.7481879,0.1418834,-0.5755743,0.2432835,0.1632335,1.915,0.9512439,-0.02259429,-0.307611,0.02737034,0.9995624,0.01122022,0.3072228,-0.01909258,0.9514461,moving,5.022745125909177,6.515197239531159,7.24012843455935,4.872082317123291,0.80442377,0.11934444,1.7479236999999999,0.08699007710868928,0.11303662182330518,0.9897755194258472,5.663016602639378,7.178259445301182,2.759372040782289,2.7598216220835363,2.793874491975757
871,05/05/2023 15:32:01.215746,1054,True,True,True,True,Eyes,-0.05930252,0.02309998,-2.320332,0.3907108,0.09239004,0.9158652,0.0,0.0,0.0,0.0,0.0,0.0,0.0,-0.682811,-0.003614085,2.211595,-0.05379409,0.02185136,-2.313877,0.005713536,0.1607077,-0.01249246,0.9869065,0.8762426,18.48771,358.6922,-0.0225439,0.007101832,-0.9997187,-0.04237982,0.01295713,0.543667,0.7642435,0.141063,-0.5733274,0.2394264,0.1605663,1.915,0.9480339,-0.02282136,-0.3173498,0.0264942,0.9996226,0.007262183,0.3170643,-0.01529272,0.9482808,moving,4.480375954168829,6.297394007481716,7.126530545114732,4.792847459916442,0.81803759,0.11921164,1.7405496,0.07764912388864983,0.10935791878323917,0.9909648694366543,5.115625572204403,6.956331482186245,3.042106872423277,3.0439767464576115,2.9537098579061927
872,05/05/2023 15:32:01.225999,1055,True,True,True,True,Eyes,-0.05930252,0.02309998,-2.320332,0.3907108,0.09239004,0.9158652,0.0,0.0,0.0,0.0,0.0,0.0,0.0,-0.7057217,-0.006930279,2.194316,-0.05102972,0.02061606,-2.304362,0.004794956,0.1659447,-0.0123358,0.9860462,0.7763941,19.0971,358.6971,-0.02286387,0.007393201,-0.9997086,-0.03983703,0.01217971,0.511047,0.7808798,0.1450187,-0.5715256,0.2355536,0.1578881,1.915,0.9446204,-0.02273594,-0.3273766,0.02591873,0.9996496,0.005361977,0.32714,-0.01355022,0.9448787,moving,3.872161401227999,6.179182076129109,7.0124135753467165,4.713267331661076,0.83190952,0.12440264000000001,1.7328363999999998,0.06713996041811243,0.107395249567829,0.9919467724551552,4.501921241463285,6.830236379935652,3.461760205072599,3.4655576398476065,3.283919869582698
873,05/05/2023 15:32:01.246364,1056,True,True,True,True,Eyes,-0.05930252,0.02309998,-2.320332,0.3907108,0.09239004,0.9158652,0.0,0.0,0.0,0.0,0.0,0.0,0.0,-0.7290266,-0.003044863,2.175866,-0.04743732,0.01935854,-2.294179,0.005495724,0.1711859,-0.01246322,0.9851446,0.8649253,19.70559,358.7006,-0.0231323,0.007649052,-0.9997001,-0.0374468,0.01144892,0.4803842,0.7983038,0.1445467,-0.5699298,0.2316676,0.1552009,1.915,0.9410802,-0.02267457,-0.3374226,0.02643774,0.999629,0.006561111,0.3371487,-0.01509522,0.9413304,moving,3.261814579469833,6.25010210384532,6.897851423074213,4.633401455022913,0.84574112,0.12518816,1.7242492,0.05656154334398866,0.10869435534273394,0.9924647309753912,3.886278580544536,6.8883462430448485,3.9738655511546552,3.979256829604153,3.7622263332885186
874,05/05/2023 15:32:01.266249,1057,True,True,True,True,Eyes,-0.05930252,0.02309998,-2.320332,0.3907108,0.09239004,0.9158652,0.0,0.0,0.0,0.0,0.0,0.0,0.0,-0.7520312,0.00105336,2.157995,-0.04430044,0.01834674,-2.284774,0.006288357,0.1764603,-0.01249624,0.9842083,0.961943,20.31855,358.7175,-0.02337389,0.007879319,-0.9996925,-0.0352,0.01076199,0.4515611,0.8165867,0.1377375,-0.5673863,0.2277727,0.1525075,1.915,0.9374112,-0.02237851,-0.3475046,0.0268171,0.9996086,0.007967925,0.3471903,-0.01678829,0.9376445,moving,2.648169578362029,6.32946574080477,6.782971252995008,4.553333197814783,0.86088714,0.11939076000000001,1.7173877000000002,0.04592178364556623,0.11012915551211695,0.9928558164164017,3.2673181883095834,6.954622149188127,4.492953082125727,4.500136853342991,4.257464632762052
875,05/05/2023 15:32:01.276046,1058,True,True,True,True,Eyes,-0.05930252,0.02309998,-2.320332,0.3907108,0.09239004,0.9158652,0.0,0.0,0.0,0.0,0.0,0.0,0.0,-0.7744253,0.006065408,2.140035,-0.04098901,0.01670573,-2.275425,0.007125705,0.1816122,-0.01237076,0.9832666,1.060393,20.91798,358.7541,-0.02359132,0.008086558,-0.9996856,-0.03308799,0.01011627,0.4244674,0.8341504,0.1307318,-0.5656824,0.2235624,0.1495961,1.914999,0.933728,-0.02173929,-0.3573227,0.02691574,0.9995924,0.009519574,0.3569701,-0.0185063,0.9339325,moving,2.050083613706529,6.410893838620162,6.658730166823719,4.4667666128202805,0.87513941,0.11402607000000001,1.7097425999999998,0.03554965727031381,0.11158729607421684,0.9931185279319333,2.6640561899952324,7.023188982420804,4.992888675049509,5.001925001602413,4.742648575737472
876,05/05/2023 15:32:01.296207,1059,True,True,True,True,Eyes,-0.0583404,0.02275314,-2.317365,0.3936444,0.09138115,0.9147096,0.0,0.0,0.0,0.0,0.0,0.0,0.0,-0.7950835,0.01674687,2.122466,-0.03753858,0.01519399,-2.2662,0.009259374,0.18637,-0.01222221,0.9823599,1.303465,21.47119,358.8215,-0.023787,0.008273074,-0.9996794,-0.03110272,0.009509291,0.3989994,0.8520444,0.1235953,-0.5641757,0.2200583,0.147173,1.914999,0.9302337,-0.02056188,-0.3663912,0.02746456,0.9995297,0.01363637,0.3659385,-0.02274778,0.930361,moving,1.6821141613966908,6.5846797732341305,6.5552772698463935,4.394701402701295,0.88958298,0.10840131,1.7020243000000002,0.029160743492331442,0.11462276887707665,0.9929810433501585,2.2930413211235203,7.185865032318904,5.33274606191828,5.342632679209457,5.094825776205278
877,05/05/2023 15:32:01.306331,1060,True,True,True,True,Eyes,-0.0572556,0.02236782,-2.314145,0.3967553,0.09040999,0.9134611,0.0,0.0,0.0,0.0,0.0,0.0,0.0,-0.8144535,0.02531394,2.105091,-0.03379986,0.01395723,-2.256999,0.01098321,0.1908293,-0.01199708,0.9814886,1.4978,21.9908,358.8904,-0.02392491,0.008427262,-0.999675,-0.02923655,0.008938734,0.3750594,0.8680776,0.1114529,-0.5617109,0.2159457,0.144329,1.915,0.9268805,-0.01935816,-0.374857,0.02774183,0.9994708,0.01698101,0.37433,-0.02613858,0.9269271,moving,1.3603302690010024,6.7139678341179385,6.433801326331414,4.3100982401103165,0.90187746,0.09749566999999999,1.6952881,0.02357729664373731,0.11688034870059939,0.9928660588184588,1.9685687423338687,7.306024024158651,5.603570735926688,5.614151547167545,5.37716220070764
878,05/05/2023 15:32:01.326183,1061,True,True,True,True,Eyes,-0.05608498,0.0219409,-2.310663,0.4001286,0.08888722,0.9121383,0.0,0.0,0.0,0.0,0.0,0.0,0.0,-0.8318937,0.02698567,2.088157,-0.02985978,0.01265528,-2.247693,0.01111418,0.1948758,-0.01161257,0.9806962,1.508502,22.46396,358.9427,-0.02400571,0.008550765,-0.9996722,-0.02748236,0.00840241,0.3525559,0.8839908,0.1016942,-0.5591998,0.2125517,0.1419821,1.915,0.9237771,-0.01844503,-0.382486,0.02710856,0.9994832,0.01727325,0.3819697,-0.02632528,0.9237998,moving,1.1023576196396059,6.630439105220643,6.333510022075454,4.240270469032399,0.91385058,0.08903892,1.6884932,0.019109955213358287,0.11544379730726542,0.9931302291337228,1.708230064318726,7.220014712022917,5.739975052078947,5.75133563330539,5.502007855434343
879,05/05/2023 15:32:01.346128,1062,True,True,True,True,Eyes,-0.05478061,0.02147693,-2.306943,0.4036042,0.08743338,0.9107464,0.0,0.0,0.0,0.0,0.0,0.0,0.0,-0.8474747,0.0317433,2.071745,-0.02571569,0.01126298,-2.238428,0.01197388,0.1984746,-0.01151778,0.9799653,1.606781,22.88443,358.9785,-0.02403154,0.008644916,-0.999671,-0.02583342,0.007898265,0.3314025,0.8981449,0.0976135,-0.5560203,0.2086614,0.1392919,1.915,0.9209503,-0.01782103,-0.3892724,0.02732707,0.9994479,0.01889599,0.3887207,-0.02803994,0.9209288,moving,0.9006383021085096,6.6404246200357155,6.218505339499326,4.160212912928928,0.92386059,0.08635052,1.6824076999999997,0.015613033382269825,0.11562389072237113,0.993170327985915,1.5047453433094349,7.226114217738132,5.8561596147575985,5.867807080966223,5.6231027122497865
880,05/05/2023 15:32:01.356379,1063,True,True,True,True,Eyes,-0.05336713,0.02098012,-2.302986,0.40723,0.08581614,0.9092851,0.0,0.0,0.0,0.0,0.0,0.0,0.0,-0.8617133,0.0324169,2.055594,-0.02127747,0.009911014,-2.229017,0.01190094,0.2017581,-0.01135041,0.9792973,1.598141,23.26884,359.001,-0.02400221,0.00871109,-0.9996713,-0.02428341,0.007424369,0.3115184,0.9110216,0.0904581,-0.5519883,0.2047927,0.1366166,1.915,0.9183297,-0.01742862,-0.3954325,0.02703307,0.999459,0.01872904,0.3948922,-0.02788919,0.9183041,moving,0.7448275213461449,6.5354495224072915,6.104089283801328,4.080582623396344,0.93229907,0.080547086,1.6770286999999997,0.012914866602849462,0.11380843764382798,0.9934188047385711,1.347444199257414,7.121050251211791,5.882996080598313,5.8947483517427495,5.645362331693996
881,05/05/2023 15:32:01.376387,1064,True,True,True,True,Eyes,-0.05183349,0.02044579,-2.2988,0.4110147,0.08413681,0.9077379,0.0,0.0,0.0,0.0,0.0,0.0,0.0,-0.8744469,0.02905146,2.040087,-0.01660614,0.008623799,-2.219708,0.01088875,0.2046704,-0.01108687,0.9787076,1.481382,23.61052,359.0116,-0.02391857,0.008750696,-0.9996732,-0.02282641,0.006978907,0.2928273,0.9230438,0.08684699,-0.5473952,0.2008894,0.1339174,1.914999,0.9159743,-0.0172444,-0.4008663,0.02615881,0.999517,0.01677549,0.4003834,-0.0258521,0.915983,moving,0.6425578419557694,6.320066466749413,5.988603500020388,4.000227027527975,0.93964994,0.078223191,1.6723127999999998,0.011146367769852228,0.11007558661385859,0.9938608077727131,1.2440315406665183,6.909395061811051,5.816101668553888,5.827680430658393,5.56544892431702
882,05/05/2023 15:32:01.396390,1065,True,True,True,True,Eyes,-0.05015421,0.01987651,-2.29441,0.4148564,0.08257985,0.9061317,0.0,0.0,0.0,0.0,0.0,0.0,0.0,-0.8864383,0.02642597,2.024733,-0.01174203,0.007194858,-2.21039,0.01002931,0.2073941,-0.01096305,0.9781446,1.384835,23.93007,359.0092,-0.02378085,0.008764776,-0.9996765,-0.02145682,0.006560173,0.2752576,0.934074,0.08693223,-0.542398,0.197071,0.131277,1.915,0.913735,-0.01728685,-0.4059427,0.02560693,0.9995584,0.01507289,0.4055029,-0.02416757,0.9137742,moving,0.5649500337084095,6.132596441942658,5.875576201584623,3.9216025412336015,0.9458160299999999,0.079737372,1.667992,0.009803657483885148,0.10682461003053532,0.9942295071982298,1.165529355646615,6.725374954571803,5.741230961180704,5.752498963398798,5.4813940778534525
883,05/05/2023 15:32:01.406004,1066,True,True,True,True,Eyes,-0.04833062,0.01927922,-2.289824,0.4187368,0.08113969,0.9044754,0.0,0.0,0.0,0.0,0.0,0.0,0.0,-0.8985909,0.02283314,2.009142,-0.006620537,0.005747265,-2.201036,0.008989677,0.2101373,-0.01110895,0.9775675,1.274641,24.25187,358.9717,-0.02358809,0.00875436,-0.9996812,-0.02016941,0.006166562,0.2587422,0.9445163,0.08604083,-0.5369576,0.193086,0.1285215,1.914999,0.9114378,-0.01794136,-0.4110465,0.02549763,0.9995916,0.01290722,0.4106471,-0.02224484,0.9115229,moving,0.48477291686126406,5.9385213064152005,5.757574711432356,3.8395390661753317,0.951136837,0.080293565,1.6640784000000002,0.008415380467793665,0.10345760730106582,0.9945982158820801,1.0844278041204634,6.534874255385814,5.6642936076693475,5.675223802606775,5.39473204149335
884,05/05/2023 15:32:01.425829,1067,True,True,True,True,Eyes,-0.04636043,0.01866339,-2.285056,0.4227016,0.0796348,0.9027634,0.0,0.0,0.0,0.0,0.0,0.0,0.0,-0.9105557,0.01992858,1.993605,-0.001400039,0.00445751,-2.191791,0.008160815,0.2128339,-0.01136364,0.9769884,1.190874,24.56824,358.9265,-0.02333941,0.008720659,-0.9996873,-0.01895925,0.005796568,0.2432176,0.9554832,0.08558179,-0.5316426,0.189267,0.1258805,1.915,0.9091452,-0.01873049,-0.4160579,0.02567808,0.9996085,0.01110891,0.415687,-0.02078317,0.9092702,moving,0.4148482037482767,5.767335957407764,5.644436845849453,3.7608668661205225,0.9568832389999999,0.08112428000000001,1.6601483999999997,0.007203756283269636,0.10048650179858322,0.9949123927486554,1.013694698296636,6.366856080745598,5.590730425745916,5.601295883979409,5.31365717974582
885,05/05/2023 15:32:01.446159,1068,True,True,True,True,Eyes,-0.04424525,0.01803688,-2.280106,0.4266835,0.07831246,0.901004,0.0,0.0,0.0,0.0,0.0,0.0,0.0,-0.9222826,0.01788572,1.978132,0.003976416,0.003411816,-2.182637,0.007551769,0.2154608,-0.01147187,0.9764161,1.128273,24.8767,358.9026,-0.02303384,0.008665156,-0.9996946,-0.01782169,0.005448774,0.2286246,0.9663721,0.08435231,-0.5263128,0.1854134,0.1232157,1.914999,0.9068901,-0.01914841,-0.4209319,0.02565685,0.9996227,0.00980386,0.4205854,-0.01969081,0.9070392,moving,0.3566211633388007,5.6277825905482555,5.530235064309248,3.681475231772864,0.962395684,0.080940494,1.6563242000000002,0.006194173278449566,0.09806358349547403,0.9951608032820243,0.9547978687195122,6.229862652800818,5.517462725593322,5.527602837680895,5.237261114212234
886,05/05/2023 15:32:01.466318,1069,True,True,True,True,Eyes,-0.04196496,0.01744284,-2.275003,0.4307283,0.07683351,0.899205,0.0,0.0,0.0,0.0,0.0,0.0,0.0,-0.9334431,0.01128876,1.962686,0.009509537,0.002491959,-2.173357,0.005882202,0.2179709,-0.01153914,0.9758695,0.9460486,25.17246,358.8563,-0.02267052,0.008589521,-0.9997031,-0.01675239,0.005121848,0.2149071,0.9771118,0.08270852,-0.5208849,0.1815239,0.120526,1.915,0.9047111,-0.01995709,-0.4255579,0.02508568,0.9996645,0.006450128,0.4252864,-0.01651091,0.9049082,moving,0.3157931280529614,5.36005669162594,5.414918903525511,3.601323548758807,0.967602263,0.08021656099999999,1.6524721000000002,0.005487501937362554,0.09341283051734438,0.995612283533121,0.9133091283999946,5.96832259044272,5.3842592780064775,5.393906371258945,5.085978276677769
887,05/05/2023 15:32:01.476483,1070,True,True,True,True,Eyes,-0.0395397,0.01688263,-2.269725,0.4347983,0.07561731,0.8973475,0.0,0.0,0.0,0.0,0.0,0.0,0.0,-0.9438667,0.008868239,1.947678,0.0151373,0.002724112,-2.164296,0.005648859,0.2202721,-0.01243107,0.975343,0.9451702,25.44216,358.7529,-0.02224771,0.008497133,-0.9997128,-0.01574725,0.004814537,0.2020127,0.9876346,0.08515297,-0.5153093,0.1776754,0.1178648,1.915,0.9026514,-0.02176054,-0.4298221,0.02673769,0.9996271,0.005542714,0.4295413,-0.01649559,0.9028966,moving,0.2949587747690143,5.289583411095923,5.300777829034029,3.5220091548547408,0.9724973,0.082428858,1.6489867000000002,0.005126057011102941,0.09218835165584954,0.9957284300296304,0.8922120154722284,5.899296185015877,5.299634383550527,5.308723307478857,5.008687069110843
888,05/05/2023 15:32:01.496381,1071,True,True,True,True,Eyes,0.02550164,0.003124753,-2.134882,0.5347687,0.04393832,0.8438554,0.0,0.0,0.0,0.0,0.0,0.0,0.0,-0.9553239,-0.005878987,1.931605,0.02097681,0.002896985,-2.154838,0.002526915,0.2228999,-0.013554,0.9747438,0.628465,25.75338,358.5504,-0.021765,0.008391179,-0.9997246,-0.01480241,0.004525665,0.1898919,0.9976434,0.08247608,-0.5093018,0.1737719,0.1151653,1.915,0.9002638,-0.02529687,-0.4346092,0.02754986,0.9996198,-0.001116184,0.4344722,-0.01096856,0.9006184,moving,6.532327127878799,3.3300934061664593,5.184962417911076,3.441539458535572,0.97666659,0.07957909499999999,1.6455361999999998,0.11357417140786802,0.05771251960199493,0.9918519280837629,7.182311867214802,4.102633247866478,1.3502883308731162,1.3519659330970821,2.103912978458423
889,05/05/2023 15:32:01.517376,1072,True,True,True,True,Eyes,0.02573017,0.003238479,-2.134526,0.5349631,0.04364498,0.8437473,0.0,0.0,0.0,0.0,0.0,0.0,0.0,-0.9678143,-0.01492357,1.915671,0.02670695,0.002639093,-2.146151,0.0006738094,0.2257525,-0.01478387,0.9740725,0.4576643,26.09064,358.367,-0.01767007,0.007559545,-0.9998123,0.1812098,-0.03701949,0.5830277,1.008866,0.0899098,-0.5040348,0.1697052,0.1123533,1.915,0.8976346,-0.02849688,-0.4398184,0.02910534,0.999562,-0.00536231,0.4397785,-0.007987665,0.8980708,moving,6.20139989301152,3.152431025660023,5.064259731837966,3.357701784543783,0.98215905,0.087270707,1.6421162000000002,0.10786207865421785,0.05467170884047601,0.9926614151557183,6.848270186285229,3.923611349626057,1.1546908923954173,1.1555188577459614,1.871616129827038
890,05/05/2023 15:32:01.526101,1073,True,True,True,True,Eyes,0.02622575,0.003438152,-2.133811,0.5352864,0.04360066,0.8435446,0.0,0.0,0.0,0.0,0.0,0.0,0.0,-0.9796481,-0.007153389,1.899803,0.03235546,0.005535822,-2.137273,0.003818121,0.2284596,-0.01678708,0.9734012,0.8653978,26.40339,358.227,-0.01425629,0.006870757,-0.999872,0.1703372,-0.03479832,0.5480461,1.020659,0.09204755,-0.4997383,0.1655358,0.10947,1.915,0.8950489,-0.03093656,-0.4448939,0.0344257,0.9994072,-0.0002372127,0.4446375,-0.01510347,0.8955832,moving,5.89277188711954,3.5620448652450123,4.940462035477833,3.27172340819948,0.98830354,0.08651172800000001,1.6375347,0.10247079453004576,0.0618023239723313,0.9928143073035138,6.537384648967569,4.317086923087723,0.9920542953235736,0.9955805351426327,1.9086504949137204
891,05/05/2023 15:32:01.546183,1074,True,True,True,True,Eyes,0.02693381,0.003661066,-2.132785,0.535809,0.04370414,0.8432074,0.0,0.0,0.0,0.0,0.0,0.0,0.0,-0.9929414,-0.03665266,1.881727,0.03851987,0.00776627,-2.127587,-0.002848181,0.2317182,-0.01616826,0.9726446,0.1118658,26.79835,358.122,-0.01138435,0.006303313,-0.9999128,0.1601169,-0.03271043,0.5151633,1.032679,0.07867765,-0.4944068,0.1621745,0.1071456,1.915,0.8920905,-0.03277189,-0.4506667,0.03013199,0.999461,-0.0130335,0.450851,-0.001952425,0.8925971,moving,5.547318117376,2.8123388820153337,4.84062468539298,3.2024003551940234,0.9941591299999999,0.07091138,1.6331802000000002,0.09655243609142702,0.048835631054952304,0.9941291485381438,6.188045108465799,3.5805462321389845,0.8071974057290129,0.8071948709365475,1.399477081185758
892,05/05/2023 15:32:01.556305,1075,True,True,True,True,Eyes,0.02784077,0.003921777,-2.131444,0.5365123,0.04347924,0.8427717,0.0,0.0,0.0,0.0,0.0,0.0,0.0,-1.005999,-0.04380201,1.865101,0.04425843,0.008516631,-2.119086,-0.004555963,0.2348103,-0.01536992,0.9719091,359.9062,27.16594,358.1653,-0.00894383,0.005837222,-0.9999406,0.1505099,-0.0307478,0.4842535,1.046097,0.1031283,-0.4908812,0.1581157,0.1043389,1.915,0.8892558,-0.0320159,-0.4562885,0.02773676,0.999486,-0.016074,0.4565686,0.001637931,0.8896868,moving,5.235480548137186,2.5779516126150974,4.720030959036212,3.118680664244289,1.00183857,0.09461166900000001,1.6282047999999998,0.09115768713266839,0.044791295084759826,0.9948286519016278,5.873197425560126,3.3466089846637295,0.7467416098205174,0.7470449693158827,1.1754761668211215
893,05/05/2023 15:32:01.576548,1076,True,True,True,True,Eyes,0.02894359,0.004186546,-2.129802,0.537457,0.04359033,0.8421639,0.0,0.0,0.0,0.0,0.0,0.0,0.0,-1.020183,-0.04297217,1.84751,0.05004418,0.009750602,-2.110287,-0.003936591,0.2382382,-0.01558581,0.9710737,359.9875,27.56899,358.1579,-0.006743354,0.005437572,-0.9999602,0.1414793,-0.02890293,0.4551983,1.05873,0.1084413,-0.4874325,0.1544212,0.1017842,1.915,0.8859993,-0.03214564,-0.4625709,0.02839426,0.9994832,-0.01507171,0.4628163,0.0002191666,0.8864541,moving,4.8941687601501735,2.6539784238063175,4.610224714073843,3.0424661590863082,1.00868582,0.09869069800000001,1.6228545,0.0852246826394856,0.04613563788906859,0.995293140018199,5.528965056639871,3.4145322053208362,0.4808560768775006,0.48119324783830175,0.991219935139995
894,05/05/2023 15:32:01.596000,1077,True,True,True,True,Eyes,0.03023568,0.0044125,-2.127912,0.5383998,0.04323445,0.8415797,0.0,0.0,0.0,0.0,0.0,0.0,0.0,-1.03572,-0.05860842,1.828418,0.0557591,0.0100351,-2.101441,-0.00796224,0.2421592,-0.01450349,0.9700955,359.5173,28.03966,358.1664,-0.004710409,0.00509049,-0.999974,0.1329906,-0.02716875,0.4278864,1.072621,0.1044468,-0.4839047,0.1506408,0.09917021,1.915,0.8822972,-0.03199581,-0.469604,0.02428329,0.9994525,-0.02247258,0.4700659,0.008423958,0.8825911,moving,4.501825363207008,2.148403448052213,4.4978302521185425,2.964471697698636,1.0168619,0.0944117,1.6175362999999998,0.07843602106988345,0.03737243212430986,0.9962183724840511,5.132597487004968,2.914968966293682,0.8135865775126243,0.8160780287408705,0.63669456013218
895,05/05/2023 15:32:01.607954,1078,True,True,True,True,Eyes,0.03168558,0.004642095,-2.125769,0.5395089,0.04274029,0.8408943,0.0,0.0,0.0,0.0,0.0,0.0,0.0,-1.05002,-0.05458271,1.811157,0.06100015,0.009456763,-2.093323,-0.007192403,0.2457351,-0.0140896,0.9692079,359.5979,28.4604,358.2323,-0.002818766,0.004788878,-0.9999827,0.1250111,-0.02553863,0.4022132,1.087696,0.1178545,-0.4823298,0.1466836,0.09643359,1.915,0.8788314,-0.03084637,-0.4761343,0.02377667,0.9994995,-0.02086649,0.4765396,0.007017246,0.879125,moving,4.157183455724471,2.1835095670395934,4.380142222040659,2.882806506439141,1.02669585,0.108397737,1.6109931999999998,0.07244052795796604,0.03800010426041745,0.9966484692841068,4.784959644813605,2.94296931268161,0.731373835859224,0.7339801229807321,0.4092636180208289
896,05/05/2023 15:32:01.625970,1079,True,True,True,True,Eyes,0.03312084,0.00489715,-2.123282,0.5397223,0.04123582,0.8408326,0.0,0.0,0.0,0.0,0.0,0.0,0.0,-1.061823,-0.0458925,1.79515,0.06617294,0.00982185,-2.085104,-0.005040512,0.2486997,-0.01363031,0.9684716,359.8291,28.80674,358.3434,-0.001046722,0.004528432,-0.9999874,0.1175105,-0.02400631,0.3780804,1.10146,0.1123094,-0.4798346,0.1429794,0.09387201,1.915,0.8759254,-0.02890828,-0.4815798,0.02389398,0.9995776,-0.01654289,0.4818546,0.002983478,0.876246,moving,3.8239115162504542,2.3093172533162916,4.269944883405015,2.8063541632680584,1.0352870600000001,0.10248755000000001,1.6052693999999998,0.06663639073638397,0.04020471699006642,0.9969669941138969,4.448893924050909,3.0595312783486937,0.6655652666545024,0.6678259162907918,0.3100345315422768
897,05/05/2023 15:32:01.639856,1080,True,True,True,True,Eyes,0.03473656,0.005180513,-2.120552,0.5401098,0.04000829,0.8406431,0.0,0.0,0.0,0.0,0.0,0.0,0.0,-1.071609,-0.04861707,1.779936,0.07176517,0.01080591,-2.076925,-0.005951782,0.2510925,-0.01193061,0.9678713,359.6832,29.09112,358.5053,0.0006176073,0.004306261,-0.9999889,0.1104598,-0.02256593,0.3553956,1.11276,0.1025283,-0.4754882,0.1388936,0.09104673,1.915,0.8736205,-0.02608348,-0.4859084,0.02010569,0.9996445,-0.01751249,0.4861925,0.005529744,0.8738343,moving,3.576007059543968,2.074674454412643,4.148358528151951,2.7220198995308245,1.04099483,0.09172239,1.6014368,0.06233186031790139,0.03613159378752937,0.9974012873573288,4.198542154441562,2.826494938071952,0.861442716115696,0.8640846769460565,0.11590267479978834
898,05/05/2023 15:32:01.656330,1081,True,True,True,True,Eyes,0.03659204,0.005457713,-2.117641,0.5405694,0.03904162,0.8403931,0.0,0.0,0.0,0.0,0.0,0.0,0.0,-1.083025,-0.05674136,1.763047,0.07763726,0.01174018,-2.068413,-0.008276815,0.253959,-0.01017482,0.9671261,359.3788,29.43383,358.6313,0.002193748,0.004119947,-0.9999875,0.1038322,-0.02121198,0.3340719,1.122607,0.1062478,-0.4707152,0.1350768,0.08840717,1.915,0.8708026,-0.02388461,-0.4910523,0.01547672,0.9996559,-0.02117742,0.4913892,0.01084147,0.8708727,moving,3.2759427300348323,1.6988093574042606,4.034743304436723,2.643218681337365,1.04496974,0.09450762,1.5976978000000002,0.057119807501969655,0.02959707263649222,0.9979285684448975,3.895412282118931,2.45494849432174,1.2082010842771078,1.2114814413949648,0.23421954892583005
899,05/05/2023 15:32:01.676150,1082,True,True,True,True,Eyes,0.0386092,0.005734197,-2.114523,0.5412509,0.03811859,0.8399967,0.0,0.0,0.0,0.0,0.0,0.0,0.0,-1.094587,-0.06409342,1.746174,0.08344275,0.01191678,-2.060158,-0.01051679,0.2568837,-0.00882001,0.966345,359.095,29.78349,358.7135,0.003701921,0.0039657,-0.9999838,0.09760231,-0.01993926,0.3140275,1.133829,0.1147661,-0.4667072,0.1307524,0.0854169,1.915,0.867866,-0.02244953,-0.496291,0.01164316,0.9996232,-0.02485713,0.496662,0.01579426,0.8678004,moving,2.9812514516817274,1.349902439352226,3.9059799123242307,2.553935319114017,1.05038625,0.10284932,1.5934507999999998,0.05199478344643094,0.023526197121683648,0.9983702119998568,3.5977331039903984,2.109760053801055,1.514577954226565,1.518162672927287,0.5406549372417075
900,05/05/2023 15:32:01.696135,1083,True,True,True,True,Eyes,0.09437844,0.01255332,-2.032692,0.5608207,0.01261216,0.8278413,0.0,0.0,0.0,0.0,0.0,0.0,0.0,-1.107434,-0.063379,1.728805,0.08924524,0.01218305,-2.052092,-0.01044066,0.2601661,-0.00831735,0.9654716,359.0928,30.17234,358.7683,0.005157298,0.003840308,-0.9999779,0.09174617,-0.0187429,0.2951859,1.146186,0.122448,-0.4636727,0.1275165,0.08317924,1.915,0.8644889,-0.02149294,-0.5021923,0.01062772,0.9996436,-0.0244881,0.5025396,0.01583253,0.8644091,moving,3.9460278397821584,-0.09788448925024752,3.809601784492739,2.4871152125375837,1.0569407599999998,0.11026495,1.5884193,0.06881665061806475,-0.0017043558385019444,0.9976279396062102,4.5693783792838705,0.7167466568229912,2.582882178406511,2.58859721216048,1.9265163630385753
901,05/05/2023 15:32:01.706302,1084,True,True,True,True,Eyes,0.09461628,0.01256236,-2.032383,0.5611402,0.01245776,0.827627,0.0,0.0,0.0,0.0,0.0,0.0,0.0,-1.122794,-0.05842585,1.710065,0.09520676,0.01248703,-2.044304,-0.009117164,0.2641198,-0.008271529,0.9644114,359.2428,30.63955,358.8098,0.01007298,0.004090763,-0.9999396,0.2535491,0.002839049,0.5229684,1.15921,0.1202076,-0.4607277,0.12348,0.08038785,1.915,0.8603446,-0.02077036,-0.5092894,0.01113827,0.9996969,-0.02195474,0.509591,0.01321604,0.8603153,moving,3.497993157727475,0.030640272678631706,3.6893483575506907,2.403750372678162,1.0640032400000001,0.10772057,1.5835762999999998,0.06101356924517773,0.0005337772915761894,0.9981367794140363,4.117542203903155,0.8338914691278393,2.3759052993508147,2.3808125418056676,1.627208329351328
902,05/05/2023 15:32:01.726360,1085,True,True,True,True,Eyes,0.09512487,0.01258141,-2.03182,0.561649,0.01195741,0.8272892,0.0,0.0,0.0,0.0,0.0,0.0,0.0,-1.140332,-0.05199634,1.689664,0.1010411,0.01275144,-2.036579,-0.007261257,0.2687798,-0.00865247,0.9631355,359.4651,31.19088,358.8213,0.0141291,0.004308359,-0.9998898,0.2383362,0.002668706,0.4915903,1.174998,0.1131176,-0.4595153,0.1197859,0.07783344,1.915,0.8553652,-0.02057036,-0.5176169,0.01276364,0.9997448,-0.01863836,0.5178683,0.00933593,0.8554094,moving,2.977879733812353,0.21249540006366152,3.5792669856299444,2.3274540054827524,1.0739569,0.10036616,1.5770637,0.051950053636194815,0.0037037279086551272,0.9986428158347324,3.5930524373861488,1.0016918439682092,2.194663467724427,2.198798883319023,1.325833831060226
903,05/05/2023 15:32:01.746378,1086,True,True,True,True,Eyes,0.09584862,0.01263387,-2.030978,0.5625066,0.01129296,0.8267156,0.0,0.0,0.0,0.0,0.0,0.0,0.0,-1.159338,-0.04191371,1.668327,0.106782,0.01316891,-2.029177,-0.004164145,0.2739076,-0.00967276,0.9616985,359.8447,31.79728,358.8033,0.01750408,0.004498685,-0.9998356,0.224036,0.002508584,0.4620949,1.192786,0.103319,-0.4598198,0.11582,0.07509086,1.915,0.8497621,-0.02088574,-0.5267524,0.01632337,0.9997782,-0.01330819,0.5269136,0.002710418,0.8499146,moving,2.4236742255648815,0.5431064585767857,3.4610567445453086,2.2455280973806553,1.086004,0.09015008999999999,1.5693571999999998,0.042286582117622096,0.009470374794144667,0.9990605818700634,3.034337629163975,1.3137899930362094,1.9903326330689466,1.993590210387739,1.024804907540557
904,05/05/2023 15:32:01.756058,1087,True,True,True,True,Eyes,0.09686732,0.01270068,-2.029932,0.5634422,0.01050042,0.8260888,0.0,0.0,0.0,0.0,0.0,0.0,0.0,-1.178785,-0.03614621,1.645915,0.1125488,0.01406436,-2.021636,-0.002080098,0.2792802,-0.01051086,0.9601499,0.1075175,32.43526,358.7769,0.02046857,0.004670362,-0.9997786,0.2105938,0.002358069,0.4343692,1.212205,0.08847528,-0.4615694,0.1120327,0.07247187,1.914999,0.8437842,-0.02134585,-0.5362579,0.01902213,0.9997704,-0.009865358,0.5363454,-0.001876535,0.8439965,moving,1.8455608591616561,0.7490491248835808,3.348144159095739,2.1672865996635533,1.0996562,0.07441092,1.5600665999999999,0.03220279564846085,0.013066221353299169,0.9993959830109514,2.451364179623643,1.504012172666814,2.063543313434126,2.0661931439512307,1.1154135094617716
905,05/05/2023 15:32:01.776063,1088,True,True,True,True,Eyes,0.09808186,0.0127712,-2.028636,0.5647165,0.009641255,0.8252287,0.0,0.0,0.0,0.0,0.0,0.0,0.0,-1.198725,-0.03527826,1.622694,0.118407,0.01462208,-2.014221,-0.001620301,0.2848626,-0.01055796,0.958509,0.1666732,33.10145,358.7874,0.02318925,0.004828453,-0.9997185,0.1979582,0.002216585,0.408307,1.23222,0.07792339,-0.4640593,0.1081351,0.06977686,1.915,0.8374836,-0.02116293,-0.5460525,0.01931667,0.9997718,-0.009121282,0.5461209,-0.002908991,0.8377014,moving,1.267522136102341,0.746214962582747,3.2319124250916142,2.0867632937614053,1.1138130000000002,0.06330131,1.5501617,0.022118756025990227,0.013020354196509293,0.999670604490487,1.8682312175680644,1.4908552878285122,2.3759166396053617,2.3782134125644077,1.4881978320397473
906,05/05/2023 15:32:01.796171,1089,True,True,True,True,Eyes,0.09951693,0.01285049,-2.02712,0.5660648,0.008683162,0.8243151,0.0,0.0,0.0,0.0,0.0,0.0,0.0,-1.218019,-0.03064858,1.599606,0.1242151,0.01480815,-2.006889,-0.0003265602,0.2903372,-0.01041507,0.9568678,0.3107057,33.75504,358.847,0.02570002,0.004974539,-0.9996565,0.1860807,0.00208359,0.3838086,1.252813,0.07390467,-0.4675492,0.1042272,0.06707437,1.915,0.8311917,-0.0201213,-0.5556217,0.01974205,0.9997828,-0.006672711,0.5556353,-0.005422811,0.8314085,moving,0.706335979457029,0.8226371502799472,3.11534854099784,2.0060093476040346,1.1285979,0.05909652000000001,1.5393398,0.012326306653118957,0.014356143787057341,0.9998210352304192,1.3021883905538105,1.5552092427503328,2.6819998095689783,2.683973039928132,1.8683603682625907
907,05/05/2023 15:32:01.806872,1090,True,True,True,True,Eyes,0.1011402,0.01294204,-2.025383,0.5677534,0.007702108,0.8231626,0.0,0.0,0.0,0.0,0.0,0.0,0.0,-1.237663,-0.02412032,1.575889,0.1302871,0.0151651,-1.999654,0.001483725,0.2959307,-0.01013103,0.9551546,0.5059592,34.4239,358.9413,0.02803392,0.00511036,-0.9995931,0.1749159,0.001958574,0.3607801,1.272987,0.06682239,-0.4709603,0.1004077,0.06443325,1.915,0.8246447,-0.01847524,-0.5653492,0.02023156,0.9997903,-0.003161793,0.5652891,-0.00883054,0.8248456,moving,0.15347800676265883,0.9502608205674554,3.0013964737254755,1.927081510966192,1.1426999000000002,0.051657289999999995,1.5286937,0.0026783248251358027,0.016584359523764358,0.9998588386933831,0.7446046844078487,1.6695910162978633,3.0090482697490133,3.0107836613843424,2.2714335859047248
908,05/05/2023 15:32:01.826499,1091,True,True,True,True,Eyes,0.1029546,0.01303458,-2.023445,0.5694609,0.006766976,0.8219906,0.0,0.0,0.0,0.0,0.0,0.0,0.0,-1.257445,-0.0200459,1.551613,0.13632,0.01557044,-1.992548,0.002499512,0.3016719,-0.009417227,0.9533622,0.5986202,35.11289,359.0575,0.03021815,0.005237601,-0.9995288,0.1644209,0.00184106,0.3391333,1.293694,0.05823122,-0.4748609,0.09656149,0.06177356,1.915,0.8178108,-0.01644799,-0.5752522,0.01946412,0.9998102,-0.000915945,0.575158,-0.0104477,0.8179756,moving,-0.41556133911760784,0.9796505576055056,2.88662351417911,1.847591330268454,1.157374,0.04266078,1.5176871,-0.007251790132697056,0.017096845571367845,0.9998275673798628,0.1705866036866951,1.6879869669634202,3.412754689526226,3.4143441522777143,2.720722340104405
909,05/05/2023 15:32:01.846375,1092,True,True,True,True,Eyes,0.1049539,0.01313404,-2.021302,0.5715165,0.005891767,0.8205694,0.0,0.0,0.0,0.0,0.0,0.0,0.0,-1.277254,-0.01797907,1.526974,0.1424684,0.0156965,-1.985651,0.002894508,0.3074778,-0.008691284,0.9515113,0.621847,35.81156,359.1542,0.03227837,0.005357276,-0.9994637,0.1545557,0.001730596,0.3187853,1.314479,0.05294346,-0.4793454,0.0924229,0.05891173,1.915,0.8107637,-0.01475971,-0.5851874,0.0183197,0.9998322,0.0001635602,0.5850868,-0.01085307,0.810898,moving,-0.9689880154438981,0.9452719717281269,2.763099903479953,1.7620518508172793,1.1720106,0.037246959999999996,1.5063056000000001,-0.016908923989856106,0.016495000944856543,0.9997209441340749,-0.3877530203965802,1.6445436581540678,3.818964681030246,3.8204200823289383,3.153043343064645
910,05/05/2023 15:32:01.855954,1093,True,True,True,True,Eyes,0.1071713,0.01322895,-2.018985,0.5735492,0.005169217,0.8191549,0.0,0.0,0.0,0.0,0.0,0.0,0.0,-1.297505,-0.01868896,1.501048,0.148795,0.01595857,-1.97854,0.002696713,0.3135497,-0.008280475,0.949532,0.5909539,36.54385,359.1958,0.03423629,0.005470529,-0.999398,0.1452823,0.00162676,0.2996581,1.335757,0.04985017,-0.4846077,0.08857971,0.05625414,1.915,0.8032361,-0.01403404,-0.5954955,0.01741626,0.9998483,-7.144955e-05,0.5954062,-0.01031391,0.8033587,moving,-1.5576765612183547,0.8654605649932008,2.6483699859571788,1.682610015842517,1.186962,0.0338916,1.4939323,-0.02718013915113421,0.015098982824469054,0.9995165914443014,-0.9817161800625582,1.5562076850957638,4.283353351498397,4.284689111479452,3.6322862114577488
911,05/05/2023 15:32:01.876121,1094,True,True,True,True,Eyes,0.1668681,0.01521535,-1.956382,0.6320813,-0.01097323,0.7748243,0.0,0.0,0.0,0.0,0.0,0.0,0.0,-1.318093,-0.0230219,1.474024,0.1553364,0.01595595,-1.971361,0.001532222,0.3198353,-0.008126371,0.9474372,0.4641906,37.30391,359.1738,0.03611338,0.005577831,-0.9993313,0.1365654,0.001529155,0.2816786,1.358096,0.04869046,-0.4906459,0.08486068,0.05368211,1.915,0.7952787,-0.01441833,-0.6060726,0.01637857,0.9998633,-0.002294834,0.6060228,-0.008101568,0.795406,moving,1.9048312324554388,-0.13742756093068273,2.5373263424321384,1.6057196118070642,1.2027596,0.032734509999999994,1.4807150999999998,0.033239355279544636,-0.0023972355773108434,0.9994444836903147,2.510159545473413,0.6415149316614503,1.8527731346190173,1.8543495166683215,0.9645873211232368
912,05/05/2023 15:32:01.896179,1095,True,True,True,True,Eyes,0.1671401,0.01520921,-1.956105,0.6321997,-0.01115165,0.7747252,0.0,0.0,0.0,0.0,0.0,0.0,0.0,-1.339154,-0.02609383,1.445957,0.1617046,0.01565242,-1.964285,0.0007658287,0.3264428,-0.008315691,0.9451801,0.3940197,38.1044,359.1279,0.04158019,0.005813603,-0.9991174,0.3074619,0.007396595,0.4525862,1.381198,0.05034222,-0.4974236,0.08109325,0.05107699,1.915,0.7867318,-0.01521965,-0.6171072,0.01621965,0.9998605,-0.003981502,0.6170817,-0.006876887,0.786869,moving,1.1146493765078065,-0.22811580378482146,2.4248181135056877,1.5278340913168655,1.2194934,0.0346898,1.4668614,0.01945291995132109,-0.003980607868053296,0.999802827641141,1.712916198622466,0.5389594239798757,2.1896565714493343,2.190867899603773,1.2184734072253034
913,05/05/2023 15:32:01.910985,1096,True,True,True,True,Eyes,0.1676605,0.01517981,-1.95556,0.6327663,-0.01138636,0.7742591,0.0,0.0,0.0,0.0,0.0,0.0,0.0,-1.360633,-0.02518464,1.416682,0.1682436,0.01552534,-1.957141,0.001473556,0.3333091,-0.009208089,0.9427716,0.5108979,38.93707,359.0614,0.04610006,0.006012477,-0.9989179,0.2890142,0.006952799,0.425431,1.404936,0.04968575,-0.5052634,0.07719922,0.04838426,1.915,0.7776406,-0.01637995,-0.6284958,0.01834455,0.999826,-0.003359824,0.6284415,-0.008916733,0.7778057,moving,0.3227336321479592,-0.13624851762962067,2.3085095219332072,1.447323353410063,1.2366924,0.03416041,1.4518776,0.005632718758150579,-0.0023779452606923802,0.9999813055243976,0.9141290141442289,0.6142096026858452,2.538998953449583,2.5398830199835025,1.624307705500292
914,05/05/2023 15:32:01.926042,1097,True,True,True,True,Eyes,0.1684227,0.01513255,-1.954771,0.6333269,-0.01171464,0.7737957,0.0,0.0,0.0,0.0,0.0,0.0,0.0,-1.381654,-0.02454983,1.387133,0.1746148,0.0149519,-1.950127,0.001959966,0.3402094,-0.01000199,0.9402946,0.6011258,39.77617,358.9986,0.05003614,0.006185069,-0.9987274,0.2716734,0.006535632,0.3999052,1.429473,0.04286463,-0.5138048,0.07320452,0.04562185,1.915,0.7683151,-0.01747604,-0.6398333,0.02014324,0.9997923,-0.003119655,0.6397549,-0.01049143,0.7685075,moving,-0.475606990050275,-0.078436676187048,2.1891742995723904,1.3647232942361918,1.2548582,0.02791273,1.4363222,-0.008300804733970879,-0.0013689306483644127,0.9999646009044911,0.10882206250887616,0.6561690440936401,3.0297889228009667,3.0304735639426132,2.197706658234952
915,05/05/2023 15:32:01.946099,1098,True,True,True,True,Eyes,0.169417,0.0150723,-1.953736,0.6343368,-0.01213666,0.7729615,0.0,0.0,0.0,0.0,0.0,0.0,0.0,-1.402394,-0.02140434,1.357327,0.1810186,0.01451783,-1.943328,0.003502086,0.3471263,-0.01137856,0.9377428,0.8289675,40.61846,358.9164,0.05361996,0.006338201,-0.9985405,0.2553729,0.006143494,0.3759109,1.453945,0.03664108,-0.5229843,0.06941628,0.04300232,1.915,0.7587478,-0.018909,-0.6511101,0.02377166,0.9997165,-0.001331484,0.6509507,-0.01446771,0.7589821,moving,-1.2463955982915416,0.10985250929618574,2.075989162849734,1.2863903069778808,1.2729264,0.022123249999999997,1.4203437,-0.021751950832222477,0.0019168331275653846,0.9997615381770792,-0.6685434628772227,0.8257287979942173,3.5239938846891317,3.5245541122867534,2.7829244257684773
916,05/05/2023 15:32:01.956454,1099,True,True,True,True,Eyes,0.1706698,0.01500199,-1.952481,0.6358293,-0.01276308,0.7717242,0.0,0.0,0.0,0.0,0.0,0.0,0.0,-1.423211,-0.0216826,1.326133,0.1874728,0.01416971,-1.936306,0.004252921,0.3543102,-0.01297565,0.9350284,0.9825568,41.49594,358.7821,0.05689992,0.006473266,-0.9983582,0.2400506,0.005774884,0.3533562,1.478282,0.02588828,-0.53261,0.06554747,0.04032697,1.915,0.7485919,-0.02125149,-0.6626903,0.0272789,0.9996271,-0.001241606,0.6624696,-0.01714801,0.7488925,moving,-2.0153096655028646,0.2080111953151162,1.9603800269210463,1.2063831463722505,1.2908092,0.01171857,1.403696,-0.03516630591267489,0.0036282267882828596,0.9993749059857595,-1.4441193079199504,0.9075214410111081,4.098645781750493,4.0991285760638645,3.4175918480509284
917,05/05/2023 15:32:01.976342,1100,True,True,True,True,Eyes,0.17213,0.01490816,-1.950995,0.6377366,-0.01344384,0.7701372,0.0,0.0,0.0,0.0,0.0,0.0,0.0,-1.443727,-0.02526458,1.29371,0.1940503,0.01393116,-1.928943,0.004072929,0.3616592,-0.01446505,0.9321893,1.034607,42.39684,358.6233,0.05992044,0.006591638,-0.9981807,0.2256475,0.005428391,0.3321548,1.503261,0.01762338,-0.5430632,0.06162667,0.0376158,1.915,0.7379868,-0.02402231,-0.6743875,0.02991436,0.9995484,-0.002869357,0.6741518,-0.01805632,0.7383721,moving,-2.774600938211872,0.1967504995534238,1.8432010172805402,1.125299978572278,1.3092107,0.0036922200000000013,1.3858798,-0.048406712607597435,0.0034299117211322285,0.9988218262119904,-2.210110671123809,0.8828960177061068,4.709813554607111,4.71023343743553,4.060553573541288
918,05/05/2023 15:32:01.996261,1101,True,True,True,True,Eyes,0.1738271,0.01479006,-1.949306,0.6399038,-0.01428586,0.7683223,0.0,0.0,0.0,0.0,0.0,0.0,0.0,-1.463399,-0.02589865,1.261532,0.20039,0.01329194,-1.921806,0.004538855,0.3689078,-0.01572579,0.9293219,1.148218,43.28778,358.5167,0.06271916,0.006693873,-0.9980081,0.2121087,0.005102688,0.3122256,1.528754,0.01292002,-0.5540415,0.05780196,0.03497104,1.915,0.7273194,-0.02587981,-0.685811,0.03257748,0.9994642,-0.003166621,0.6855255,-0.02003885,0.7277728,moving,-3.505256732808114,0.2373778629492699,1.7288789303352547,1.0461985933306153,1.3283639999999999,-0.00037191999999999954,1.3677644999999998,-0.06113959622136117,0.0041352630217365,0.9981207166977847,-2.947155991471612,0.9093324681333715,5.295887598009554,5.296259728722137,4.678037507992412
919,05/05/2023 15:32:02.006185,1102,True,True,True,True,Eyes,0.1757131,0.0146426,-1.947403,0.6424291,-0.01517177,0.7661949,0.0,0.0,0.0,0.0,0.0,0.0,0.0,-1.481968,-0.02462078,1.229246,0.2069558,0.01267741,-1.91439,0.005189204,0.3759587,-0.01621049,0.9264802,1.249395,44.15756,358.502,0.0653312,0.006780411,-0.9978399,0.1993822,0.004796526,0.293492,1.553464,0.005811801,-0.5652237,0.05395114,0.03230783,1.915,0.7167845,-0.02613554,-0.6968048,0.03393924,0.9994205,-0.002573562,0.6964684,-0.02180434,0.7172562,moving,-4.186842435101561,0.26821523340377296,1.6137624940801043,0.9665413623335416,1.3465082,-0.006865609,1.3491663,-0.07300837177540453,0.004668729080024313,0.9973203780818053,-3.634710047670418,0.9271144970146938,5.842158973290157,5.84248893253489,5.248620628243011
920,05/05/2023 15:32:02.026123,1103,True,True,True,True,Eyes,0.1778086,0.01447344,-1.945307,0.6450216,-0.01630842,0.7639903,0.0,0.0,0.0,0.0,0.0,0.0,0.0,-1.499428,-0.02178118,1.197688,0.2132932,0.01184213,-1.907244,0.006064543,0.3827839,-0.01635434,0.9236734,1.359393,45.00229,358.5344,0.06778632,0.006851403,-0.9976756,0.1874192,0.004508735,0.2758825,1.577515,-0.0008449527,-0.5757414,0.04997194,0.02955612,1.915,0.7064181,-0.02556932,-0.7073329,0.03485496,0.9993915,-0.001317045,0.7069362,-0.02372367,0.7068794,moving,-4.837184811240996,0.2977099348717082,1.494794583599873,0.8842331540361409,1.3642218,-0.0126870827,1.3315025999999999,-0.08432341701820228,0.00517748936073892,0.9964249908898515,-4.290747113565867,0.9441504706272249,6.3587933597407105,6.35908582606874,5.785851952346422
921,05/05/2023 15:32:02.046232,1104,True,True,True,True,Eyes,0.1800887,0.01428582,-1.942998,0.647947,-0.01738462,0.7614871,0.0,0.0,0.0,0.0,0.0,0.0,0.0,-1.516297,-0.01939397,1.165666,0.2199003,0.0112093,-1.899955,0.0067928,0.3895653,-0.01633502,0.9208289,1.446135,45.84457,358.579,0.07011138,0.006907335,-0.9975145,0.1761741,0.004238211,0.2593295,1.600659,-0.007831166,-0.5862918,0.04621089,0.02695552,1.915,0.695944,-0.02479104,-0.7176679,0.035376,0.999374,-0.000217107,0.7172241,-0.02523713,0.6963854,moving,-5.458823847717462,0.30981325611161686,1.3823369308017535,0.8064415358274203,1.3807587000000001,-0.019040466,1.3136632000000001,-0.09512900563657684,0.005382713358641407,0.9954504718826795,-4.917847596609224,0.944760820155562,6.8589034596847895,6.8591632467643695,6.3017027305202
922,05/05/2023 15:32:02.065950,1105,True,True,True,True,Eyes,0.1825409,0.0140751,-1.94047,0.6509154,-0.01824541,0.758931,0.0,0.0,0.0,0.0,0.0,0.0,0.0,-1.532125,-0.019906,1.133401,0.2264507,0.01051172,-1.892356,0.006539579,0.396282,-0.01615557,0.9179636,1.421683,46.682,358.597,0.07233065,0.006948844,-0.9973557,0.1656036,0.003983918,0.2437697,1.623723,-0.01389341,-0.5967815,0.04235876,0.02429172,1.915,0.6853994,-0.02447741,-0.727756,0.03484347,0.9993925,-0.0007981262,0.7273334,-0.02481051,0.6858358,moving,-6.06944478220154,0.22126237792740922,1.2671448947208728,0.7267563388019938,1.3972723,-0.02440513,1.2955744999999999,-0.10573300784194467,0.003840100625002928,0.9943871481390503,-5.533946142928818,0.8475168195307686,7.353782628916601,7.353983426144309,6.802163067444414
923,05/05/2023 15:32:02.076491,1106,True,True,True,True,Eyes,0.2479754,0.00820425,-1.872333,0.7281231,-0.03932264,0.6843175,0.0,0.0,0.0,0.0,0.0,0.0,0.0,-1.546044,-0.0206646,1.102317,0.2330314,0.009699621,-1.884512,0.006054194,0.4025095,-0.0158052,0.9152594,1.364101,47.46111,358.6211,0.07446454,0.006976241,-0.9971985,0.1556674,0.003744883,0.2291436,1.646422,-0.01634426,-0.6070036,0.03848213,0.0216112,1.914999,0.6754726,-0.02405797,-0.7369926,0.03380545,0.9994271,-0.001641168,0.7366098,-0.0238058,0.6758989,moving,-0.6626433937587435,-0.9058679277791191,1.151210482517322,0.6465684779546461,1.4133906,-0.026043880999999998,1.2775083999999999,-0.01156360571013998,-0.015808661885804237,0.9998081460004168,-0.08079227611225703,-0.15323876459844654,2.3873234752406627,2.387493388122631,1.4688507148486105
924,05/05/2023 15:32:02.096114,1107,True,True,True,True,Eyes,0.2482348,0.008178229,-1.87202,0.7281585,-0.03934278,0.6842788,0.0,0.0,0.0,0.0,0.0,0.0,0.0,-1.559332,-0.01917651,1.07179,0.2396449,0.008951412,-1.876994,0.006345387,0.4085594,-0.01558795,0.9125766,1.393486,48.21979,358.6665,0.08076596,0.006694898,-0.9967098,0.342631,-0.01409237,0.4198046,1.667655,-0.0178011,-0.6157014,0.03460622,0.01893079,1.915,0.6656725,-0.02326546,-0.7458812,0.03363534,0.9994335,-0.001155905,0.7454855,-0.02431851,0.666078,moving,-1.4189799214120224,-0.8952480966902836,1.0352869743992363,0.5663806996201056,1.4280101,-0.026752512,1.2612926,-0.024760320706206373,-0.015619601975147602,0.9995714512442229,-0.843778261233536,-0.15649608368270762,2.856280120428091,2.8565336920958573,2.013314929066456
925,05/05/2023 15:32:02.106144,1108,True,True,True,True,Eyes,0.2487504,0.008118342,-1.871416,0.7284997,-0.03937815,0.6839134,0.0,0.0,0.0,0.0,0.0,0.0,0.0,-1.570696,-0.01673344,1.042571,0.2461206,0.008325698,-1.869137,0.006708647,0.4141315,-0.01496313,0.9100693,1.409852,48.92099,358.7574,0.08597159,0.00645521,-0.996276,0.3220731,-0.01324683,0.3946164,1.687861,-0.02247131,-0.6239712,0.03016263,0.01585794,1.914999,0.6565424,-0.02167844,-0.7539776,0.03279149,0.9994622,-0.0001827376,0.753576,-0.02460407,0.6569002,moving,-2.092631884338192,-0.894065790669673,0.9023756702909124,0.47445051728602505,1.4417404,-0.030797008,1.2451658,-0.03651075706140888,-0.015593354788695045,0.999211590306232,-1.5233620553260783,-0.16745991340760125,3.292501897284797,3.292856987089798,2.5092334515773476
926,05/05/2023 15:32:02.126051,1109,True,True,True,True,Eyes,0.2495183,0.008034848,-1.870515,0.7288703,-0.03940273,0.6835171,0.0,0.0,0.0,0.0,0.0,0.0,0.0,-1.580778,-0.01321205,1.014848,0.2527333,0.007451611,-1.861457,0.007198895,0.4192245,-0.01414511,0.9077439,1.428501,49.5639,358.874,0.09056034,0.006240252,-0.9958707,0.3027487,-0.01245202,0.3709394,1.707024,-0.02607626,-0.6311244,0.02645683,0.01329552,1.914999,0.6481016,-0.01964437,-0.7613006,0.03171618,0.9994962,0.001209558,0.7608932,-0.02492946,0.648398,moving,-2.70603159799427,-0.885620495102921,0.7915243113901312,0.39778868961209063,1.4542907,-0.033527871,1.2303325999999999,-0.047205980365097655,-0.01543914783174074,0.9987659102502212,-2.142154762281031,-0.17026485408642023,3.725140805821168,3.7255920971948333,2.9881696296904776
927,05/05/2023 15:32:02.146127,1110,True,True,True,True,Eyes,0.2505362,0.007934336,-1.86933,0.7294999,-0.03934674,0.6828482,0.0,0.0,0.0,0.0,0.0,0.0,0.0,-1.589877,-0.01095773,0.987656,0.2597257,0.006790254,-1.853589,0.007376715,0.4240134,-0.01337196,0.9055272,1.415316,50.17,358.9705,0.09473486,0.006042448,-0.9954835,0.2845838,-0.0117049,0.348683,1.725209,-0.02972663,-0.6374003,0.02316958,0.01102236,1.915,0.6400678,-0.01796169,-0.7681086,0.03047299,0.9995336,0.002019855,0.767714,-0.02469941,0.6403165,moving,-3.2603141372896793,-0.9021343870565867,0.6931876637891796,0.32977949572933624,1.4654833,-0.036516884,1.2161887,-0.05686548416562631,-0.015719087187849555,0.9982580634788119,-2.701337694719487,-0.19632062463127198,4.14042813922645,4.140988807728713,3.435052218846438
928,05/05/2023 15:32:02.166083,1111,True,True,True,True,Eyes,0.2517869,0.007821064,-1.867851,0.730765,-0.03931699,0.6814959,0.0,0.0,0.0,0.0,0.0,0.0,0.0,-1.597759,-0.01181466,0.9613538,0.2666914,0.006260919,-1.845538,0.006572573,0.4285004,-0.01258597,0.9034301,1.298543,50.73922,359.0195,0.09855202,0.005859248,-0.9951139,0.2675088,-0.0110026,0.327762,1.74245,-0.03257044,-0.6421251,0.01921535,0.008287684,1.915,0.6324582,-0.01710839,-0.7744057,0.02837379,0.9995968,0.001089535,0.7740747,-0.0226619,0.6326886,moving,-3.7218997515180674,-1.023455373880196,0.5748937386870135,0.24796154077810326,1.4757586,-0.038831358999999996,1.2034129,-0.06490341644693093,-0.017824055343916425,0.997732339973544,-3.1671251554115996,-0.32280731057815837,4.480158931113641,4.480952495658483,3.7852982029781423
929,05/05/2023 15:32:02.176189,1112,True,True,True,True,Eyes,0.2532721,0.007677874,-1.866104,0.7322216,-0.03918878,0.6799381,0.0,0.0,0.0,0.0,0.0,0.0,0.0,-1.604387,-0.0153769,0.9357806,0.2736664,0.005812908,-1.837131,0.004939351,0.4326957,-0.01188349,0.9014482,1.099517,51.27264,359.0171,0.1020621,0.005688584,-0.994761,0.2514583,-0.01034245,0.3080963,1.758842,-0.0318583,-0.6457388,0.01524347,0.005541352,1.915,0.6252664,-0.01715023,-0.780223,0.02569917,0.9996688,-0.001378732,0.7799882,-0.01918901,0.6255001,moving,-4.129667282761133,-1.2234250520852936,0.45606686698564997,0.16579383615826995,1.4851756,-0.037671208,1.1913922000000001,-0.07199757186739564,-0.021295762888884875,0.9971774626134697,-3.5787089895774074,-0.5249418784281756,4.790329013467543,4.791543259911836,4.093474323861016
930,05/05/2023 15:32:02.196286,1113,True,True,True,True,Eyes,0.2549733,0.007503712,-1.864084,0.7340258,-0.03923808,0.677987,0.0,0.0,0.0,0.0,0.0,0.0,0.0,-1.610511,-0.01850716,0.9108422,0.2807345,0.004929651,-1.828903,0.003610526,0.436698,-0.01168819,0.899525,0.9571094,51.78239,358.9757,0.10531,0.005527675,-0.9944233,0.2363708,-0.009721901,0.2896105,1.774649,-0.02813869,-0.6483232,0.01156098,0.002994615,1.915,0.6183165,-0.01787421,-0.7857259,0.02418105,0.9997007,-0.003712896,0.785557,-0.01670393,0.6185637,moving,-4.483549603931845,-1.3791122957368849,0.3458941587237542,0.08959721196289137,1.4939144999999998,-0.033068341,1.1805797999999998,-0.07815035309266677,-0.023994115516342267,0.9966527373608149,-3.935883217108855,-0.6829694941126292,5.046191574874661,5.047834652072193,4.350916778281144
931,05/05/2023 15:32:02.206215,1114,True,True,True,True,Eyes,0.256887,0.007312421,-1.861822,0.7359863,-0.03940136,0.6758489,0.0,0.0,0.0,0.0,0.0,0.0,0.0,-1.61615,-0.0202283,0.8857149,0.287722,0.004020433,-1.820451,0.003010092,0.4407118,-0.01191961,0.8975646,0.9115984,52.29431,358.9258,0.1083357,0.005373943,-0.9940991,0.2221885,-0.009138587,0.2722339,1.789805,-0.02691373,-0.6503555,0.007637084,0.0002812319,1.915,0.6112621,-0.01874407,-0.7912062,0.0240504,0.9996977,-0.005102718,0.7910627,-0.01590973,0.6115282,moving,-4.826763351834055,-1.4455401216810049,0.22849627218302992,0.008414308521465002,1.502083,-0.030934163,1.1700955,-0.08411671740907878,-0.025137352680597847,0.9961388095748916,-4.282194517455195,-0.7538529782333179,5.25826996859777,5.260193280795178,4.574645649247995
932,05/05/2023 15:32:02.226600,1115,True,True,True,True,Eyes,0.2590416,0.007134371,-1.859347,0.7382177,-0.0398555,0.6733842,0.0,0.0,0.0,0.0,0.0,0.0,0.0,-1.621617,-0.01785063,0.8609541,0.2946973,0.00344569,-1.812276,0.004225244,0.4446541,-0.01262641,0.8956034,1.077055,52.7973,358.9192,0.1111743,0.005225806,-0.9937865,0.2088572,-0.008590272,0.2558998,1.804852,-0.02891111,-0.6523436,0.003767729,-0.002394521,1.915,0.6042466,-0.01885897,-0.7965741,0.02637405,0.9996455,-0.003660482,0.7963608,-0.01879705,0.6045297,moving,-5.140977401358148,-1.313831363247807,0.11272829843338335,-0.07164275496253371,1.5101547,-0.0323568,1.1599324,-0.08958327016689832,-0.022836486425825447,0.9957175537656789,-4.599027859723713,-0.6311997155419298,5.396876809295585,5.398560559869244,4.744865655217667
933,05/05/2023 15:32:02.246104,1116,True,True,True,True,Eyes,0.2614017,0.00692719,-1.85664,0.7406259,-0.04013184,0.6707181,0.0,0.0,0.0,0.0,0.0,0.0,0.0,-1.627328,-0.01721219,0.8350573,0.302164,0.003666024,-1.804023,0.00508123,0.4487751,-0.01322302,0.8935325,1.200366,53.32457,358.9071,0.1138592,0.005083417,-0.9934832,0.1963258,-0.008074855,0.2405459,1.81961,-0.03753356,-0.6546012,2.259016e-05,-0.004984233,1.915,0.5968522,-0.01906973,-0.8021245,0.02819105,0.9995987,-0.002787835,0.8018558,-0.02094881,0.5971503,moving,-5.463476587603131,-1.2149243240202188,0.0006758855490679971,-0.14912525857037243,1.517446,-0.041199584,1.1494217999999998,-0.09519000672303563,-0.021106561730439004,0.9952353659673642,-4.92425620210562,-0.5406493272923274,5.565618304141627,5.567125820184869,4.940470338378661
934,05/05/2023 15:32:02.256445,1117,True,True,True,True,Eyes,0.2639384,0.006737474,-1.85374,0.7432984,-0.04073105,0.6677188,0.0,0.0,0.0,0.0,0.0,0.0,0.0,-1.633104,-0.02052444,0.8079364,0.3094127,0.002722773,-1.795681,0.003179695,0.4532482,-0.01242985,0.891292,0.9703901,53.9,358.8954,0.1164186,0.004944676,-0.9931872,0.1845462,-0.007590364,0.2261131,1.835058,-0.0441955,-0.6571803,-0.004086137,-0.007825616,1.915,0.5888231,-0.01927486,-0.808032,0.02503963,0.9996708,-0.00559954,0.807874,-0.01693569,0.5891119,moving,-5.803415510318149,-1.4885797221294241,-0.12225485603507939,-0.23413695721130612,1.5256453,-0.046918272999999996,1.1385007,-0.10108182448799496,-0.02584463892118242,0.994542329489959,-5.2674969051954985,-0.8133451092998172,5.8156366591573425,5.818007651269414,5.177740610333266
935,05/05/2023 15:32:02.276227,1118,True,True,True,True,Eyes,0.2666965,0.006683129,-1.850624,0.7461728,-0.04132224,0.6644686,0.0,0.0,0.0,0.0,0.0,0.0,0.0,-1.638567,-0.01498633,0.7817786,0.3160339,0.003039694,-1.787853,0.006007266,0.457649,-0.0133312,0.8890128,1.311219,54.46538,358.9566,0.1188759,0.004810164,-0.9928967,0.1734735,-0.007134942,0.2125463,1.851701,-0.03987897,-0.6612552,-0.007695913,-0.01032165,1.914999,0.5807593,-0.01820477,-0.8138717,0.02920164,0.9995724,-0.001520947,0.8135514,-0.02288309,0.5810426,moving,-6.12601351544106,-1.1828723427715375,-0.23025649654104258,-0.3088154385019143,1.5356671,-0.042918664,1.1265977999999999,-0.10669302332460251,-0.02052571621074658,0.9940800717810963,-5.592592346496478,-0.521341491975035,5.958663081765426,5.960195156017143,5.366545731764721
936,05/05/2023 15:32:02.286150,1119,True,True,True,True,Eyes,0.2696594,0.006674277,-1.847315,0.7492303,-0.04147734,0.6610095,0.0,0.0,0.0,0.0,0.0,0.0,0.0,-1.644071,-0.02238502,0.7532359,0.3239359,0.006239882,-1.779287,0.004737314,0.4623132,-0.01336971,0.8866032,1.189674,55.06747,358.8923,0.121255,0.004686709,-0.9926096,0.1630651,-0.006706846,0.1997935,1.866825,-0.05363296,-0.6656395,-0.01166958,-0.01306959,1.914999,0.5721755,-0.01932701,-0.8199034,0.02808751,0.9995976,-0.003961754,0.81965,-0.02076223,0.5724881,moving,-6.459507100127238,-1.3283778794704153,-0.3491434756332574,-0.39102930119544876,1.5428891,-0.059872842,1.1136475,-0.1124711403674728,-0.023035397288317803,0.9933879324403057,-5.929186813154563,-0.6690838856638883,6.179829886570119,6.181841633423921,5.586966797875196
937,05/05/2023 15:32:02.306433,1120,True,True,True,True,Eyes,0.3478115,0.007721294,-1.760729,0.8242455,-0.05178547,0.5638596,0.0,0.0,0.0,0.0,0.0,0.0,0.0,-1.650064,-0.03468566,0.7236272,0.3317719,0.007230921,-1.771278,-0.0003429177,0.467307,-0.01181474,0.8840161,0.5979459,55.71715,358.7846,0.1235766,0.004575662,-0.9923238,0.1532812,-0.006304435,0.1878059,1.884222,-0.04897007,-0.6701547,-0.01555651,-0.0157573,1.914999,0.5629691,-0.02120934,-0.8262057,0.02056835,0.9997206,-0.01164852,0.8262219,-0.01043594,0.563248,moving,-0.04248643646237323,-2.3719073879784007,-0.46543249432344763,-0.47143962570372433,1.5524501000000002,-0.056200991,1.1011232999999998,-0.000740892836189333,-0.041385759438092265,0.9991429815992645,0.5431778186508472,-1.57023085780967,1.9469440655887247,1.946962013832201,1.4915216844521595
938,05/05/2023 15:32:02.326413,1121,True,True,True,True,Eyes,0.3481414,0.007841376,-1.760427,0.824471,-0.05190183,0.5635191,0.0,0.0,0.0,0.0,0.0,0.0,0.0,-1.656342,-0.03538486,0.6940761,0.3387799,0.008559834,-1.763978,0.002093842,0.4725798,-0.01442725,0.8811674,0.9927618,56.39866,358.6563,0.1320214,0.00454585,-0.9912357,0.3785406,-0.002785118,0.4362977,1.902434,-0.0310461,-0.6760501,-0.01983792,-0.01871819,1.915,0.5529203,-0.02344662,-0.8329042,0.02740465,0.999575,-0.009946,0.8327834,-0.0173261,0.5533278,moving,-0.7036692518844183,-1.9996169655441574,-0.5935187646758325,-0.5600204355072714,1.5636541,-0.039605934,1.0879279,-0.01227355930949986,-0.03489018743371316,0.9993157861386339,-0.12340961763836622,-1.219454642842537,1.4436818539005936,1.4438044532160617,0.8098494205296342
939,05/05/2023 15:32:02.346098,1122,True,True,True,True,Eyes,0.3487632,0.008004688,-1.759848,0.8250284,-0.05164299,0.5627266,0.0,0.0,0.0,0.0,0.0,0.0,0.0,-1.663168,-0.04598056,0.660975,0.3469798,0.01159263,-1.756303,0.001171324,0.4784372,-0.01642809,0.8779673,1.018566,57.16111,358.411,0.1389483,0.004527276,-0.9902886,0.3558281,-0.002618011,0.4101199,1.920186,-0.04507394,-0.6848674,-0.02314645,-0.02100592,1.915,0.5416559,-0.02772584,-0.840143,0.02996746,0.9994575,-0.01366285,0.840066,-0.01777639,0.5421929,moving,-1.402284839418316,-1.9822427175796578,-0.6924957277034479,-0.6284607274046169,1.5732062,-0.05666657,1.0714356,-0.02445740981943939,-0.03457941552623442,0.9991026897656958,-0.8281586911665955,-1.2150940254556877,1.5279921430550285,1.5285700049494872,0.6021154922752608
940,05/05/2023 15:32:02.356125,1123,True,True,True,True,Eyes,0.3496245,0.008163896,-1.758992,0.8258399,-0.05159171,0.5615396,0.0,0.0,0.0,0.0,0.0,0.0,0.0,-1.669966,-0.05980464,0.6263376,0.3545577,0.01271611,-1.748939,-0.003870234,0.4847683,-0.0157991,0.8744914,0.4898177,57.99529,358.2014,0.1446708,0.004520981,-0.9894688,0.3344784,-0.00246093,0.3855127,1.94035,-0.04538486,-0.6949622,-0.02704,-0.02369827,1.915,0.5295002,-0.03138468,-0.847729,0.02388001,0.9994708,-0.02208677,0.8479736,-0.008548827,0.5299696,moving,-2.130073376158507,-2.537684536966781,-0.8089686301359001,-0.7090034184232777,1.5857923,-0.05810097,1.0539768,-0.03713182994638925,-0.04424593627840191,0.9983303519720186,-1.5629819050645553,-1.7692681134643142,2.254262987170897,2.2559681698288596,1.3010369872986307
941,05/05/2023 15:32:02.376352,1124,True,True,True,True,Eyes,0.3507511,0.0083307,-1.757898,0.8269445,-0.05152095,0.5599183,0.0,0.0,0.0,0.0,0.0,0.0,0.0,-1.676564,-0.06085271,0.592248,0.3615271,0.01276991,-1.741971,-0.003384425,0.4911673,-0.01667015,0.8708991,0.6005095,58.8343,358.1454,0.1497176,0.004524627,-0.9887178,0.3144097,-0.002313275,0.3623819,1.961386,-0.02909875,-0.7071919,-0.03099084,-0.02643048,1.915,0.5169536,-0.03236067,-0.8554015,0.02571139,0.9994214,-0.02227064,0.8556271,-0.01048067,0.5174865,moving,-2.8568801438688523,-2.4502567284785717,-0.9271484848240938,-0.7907356704551362,1.5998589,-0.04186866,1.0347791,-0.049795852935684504,-0.04269897856885438,0.997846324492718,-2.2960916614823974,-1.697171682048129,2.542616575483971,2.545166874282089,1.6418378921294086
942,05/05/2023 15:32:02.396149,1125,True,True,True,True,Eyes,0.352132,0.00849104,-1.756591,0.8281631,-0.0514537,0.5581204,0.0,0.0,0.0,0.0,0.0,0.0,0.0,-1.682779,-0.06058656,0.5578947,0.368967,0.01311238,-1.735038,-0.003537439,0.4974779,-0.01611514,0.8673198,0.5671043,59.66658,358.1963,0.154329,0.004537347,-0.9880084,0.2955452,-0.002174478,0.340639,1.981288,-0.03525741,-0.7205223,-0.03485334,-0.02910155,1.915001,0.5045121,-0.03147356,-0.8628308,0.02443437,0.9994556,-0.02217004,0.8630588,-0.009897674,0.5050065,moving,-3.5652222141799994,-2.501635833548557,-1.0426776977391803,-0.870635396735917,1.612321,-0.04836979,1.0145157,-0.06212568369490967,-0.04356359732931579,0.9971171429449146,-3.0107302109174565,-1.7599622247871127,3.000365069244928,3.0038963467983826,2.159660367214931
943,05/05/2023 15:32:02.416278,1126,True,True,True,True,Eyes,0.3537553,0.008669604,-1.755098,0.829631,-0.05154544,0.5559275,0.0,0.0,0.0,0.0,0.0,0.0,0.0,-1.688475,-0.05996484,0.5240675,0.3763562,0.0131064,-1.728403,-0.005146478,0.5036324,-0.01398833,0.8637896,0.2978822,60.48427,358.3181,0.158565,0.00455794,-0.9873374,0.2778125,-0.00204401,0.3202007,2.00143,-0.03635981,-0.7338651,-0.03868806,-0.03175308,1.915,0.4923176,-0.02934981,-0.8699207,0.01898208,0.9995557,-0.02298089,0.8702087,-0.005198999,0.492656,moving,-4.229117618894494,-2.7903975190882537,-1.1573686970421884,-0.9499481802120472,1.6250738,-0.04946621,0.9945378999999999,-0.0736580539822489,-0.04855012924034725,0.9961010439891814,-3.680797619082636,-2.0532001608981703,3.5756011396435876,3.5809070370327505,2.754062173858475
944,05/05/2023 15:32:02.427276,1127,True,True,True,True,Eyes,0.3556256,0.008861066,-1.753402,0.8311566,-0.05169287,0.5536302,0.0,0.0,0.0,0.0,0.0,0.0,0.0,-1.69381,-0.05518774,0.4917623,0.3837084,0.01362736,-1.722338,-0.003280781,0.5095039,-0.01371474,0.8603528,0.4772887,61.2619,358.4561,0.1624789,0.004586698,-0.9867008,0.2611437,-0.001921369,0.3009886,2.021078,-0.03017463,-0.7469392,-0.04279977,-0.03459647,1.915,0.4804352,-0.02694217,-0.8766164,0.02025588,0.9996023,-0.01962068,0.8767964,-0.008330164,0.4807899,moving,-4.85877106829719,-2.6287110515462926,-1.2803331588702234,-1.0349953548011013,1.6373696000000002,-0.04380199,0.9753987999999999,-0.0846114535181689,-0.045699099595023066,0.9953654299372587,-4.315814864070183,-1.9070171988622961,3.91179624678424,3.917288295961385,3.1582544671263495
945,05/05/2023 15:32:02.446247,1128,True,True,True,True,Eyes,0.3577185,0.009037922,-1.751557,0.8329466,-0.0518967,0.5509145,0.0,0.0,0.0,0.0,0.0,0.0,0.0,-1.699357,-0.05628245,0.4565285,0.391855,0.01423095,-1.716288,-0.003705004,0.5158694,-0.0133746,0.856555,0.4269729,62.11209,358.468,0.1661187,0.00462359,-0.9860944,0.2454751,-0.001806087,0.2829293,2.039634,-0.03827557,-0.7600493,-0.04659474,-0.03722081,1.915001,0.4673998,-0.02673476,-0.8836418,0.01908957,0.9996148,-0.02014617,0.88384,-0.007452017,0.4677301,moving,-5.521025771018093,-2.7107491545474125,-1.3938140514098538,-1.113486017286254,1.6477789999999999,-0.05250652,0.9562387,-0.09610436662895344,-0.04707494113699055,0.9942575083269404,-4.98399461585706,-1.9988453943337015,4.418855229213154,4.425508570562817,3.6977368364798893
946,05/05/2023 15:32:02.456222,1129,True,True,True,True,Eyes,0.360035,0.009214828,-1.749597,0.8347244,-0.052583,0.5481516,0.0,0.0,0.0,0.0,0.0,0.0,0.0,-1.704494,-0.05645177,0.4215228,0.3992403,0.0140719,-1.710724,-0.003244115,0.5223756,-0.01388752,0.8525963,0.5143606,62.98365,358.4487,0.1695259,0.004667037,-0.9855142,0.2307466,-0.001697722,0.2659535,2.059841,-0.03887458,-0.7747796,-0.05092025,-0.04021173,1.915001,0.4538617,-0.02707019,-0.8906609,0.02029161,0.9995932,-0.02004085,0.8908411,-0.008977165,0.4542264,moving,-6.203589758181687,-2.687187424200625,-1.5231470426144738,-1.2029361229744842,1.6606007,-0.05294648,0.9359443999999999,-0.10794419964685875,-0.04660913554117295,0.9930637495516708,-5.672543756109623,-1.9881685406444158,4.902871934586803,4.91014724207917,4.223041917353427
947,05/05/2023 15:32:02.476281,1130,True,True,True,True,Eyes,0.3625665,0.009402282,-1.747508,0.8367365,-0.05333672,0.5450021,0.0,0.0,0.0,0.0,0.0,0.0,0.0,-1.709041,-0.0548748,0.3869597,0.4066243,0.01439358,-1.705292,-1.653869e-05,0.5287865,-0.01622078,0.8486,0.9813294,63.84286,358.4212,0.1727373,0.004716428,-0.9849561,0.2169018,-0.001595858,0.2499963,2.079715,-0.04414995,-0.7917072,-0.05425322,-0.04251651,1.915001,0.4402435,-0.0275474,-0.8974558,0.02751242,0.9994738,-0.01718273,0.8974569,-0.01712659,0.4407698,moving,-6.855858008322526,-2.2888735162619693,-1.622792511619273,-1.271861709988613,1.6730907000000002,-0.058543529999999996,0.9135848,-0.11927808089991582,-0.03965263558271905,0.9920687844324081,-6.330108843603612,-1.6118811622870455,5.325450336838061,5.330974348736398,4.719580519210137
948,05/05/2023 15:32:02.496167,1131,True,True,True,True,Eyes,0.3653155,0.009551257,-1.745358,0.8386714,-0.05426397,0.5419277,0.0,0.0,0.0,0.0,0.0,0.0,0.0,-1.712947,-0.05699723,0.3525685,0.4142801,0.01485793,-1.699968,0.0005857148,0.5350302,-0.01729736,0.8446558,1.117262,64.68681,358.3611,0.1757862,0.00477181,-0.9844164,0.2038877,-0.001500107,0.2349966,2.098423,-0.06197083,-0.8082792,-0.0581221,-0.04519188,1.915,0.426887,-0.02859387,-0.9038528,0.02984738,0.9994009,-0.01751976,0.9038123,-0.01949867,0.4274847,moving,-7.489864805142956,-2.2366069429511306,-1.7384485816197202,-1.3518660496039518,1.6841428999999999,-0.07682876,0.8916888,-0.13025318861508783,-0.03869376680079095,0.9907254043940628,-6.9696408435222645,-1.572368125552995,5.813478385092077,5.8190682264918525,5.2358374350706205
949,05/05/2023 15:32:02.506728,1132,True,True,True,True,Eyes,0.3682395,0.009698948,-1.743126,0.8407873,-0.05559974,0.5385029,0.0,0.0,0.0,0.0,0.0,0.0,0.0,-1.716661,-0.05642814,0.3187926,0.4217872,0.01420408,-1.695179,0.001713558,0.5411714,-0.01821386,0.8407133,1.2947,65.52055,358.3509,0.1787014,0.004830449,-0.9838911,0.1916544,-0.0014101,0.2208968,2.117213,-0.06851208,-0.824515,-0.06193674,-0.04782972,1.915,0.4136035,-0.02877061,-0.9100025,0.03247992,0.9993306,-0.01683242,0.9098776,-0.02259486,0.414261,moving,-8.09325832799898,-2.1601620706360865,-1.852468500498435,-1.4307422760864414,1.6954258,-0.08271616,0.870664,-0.14068667408469454,-0.03731812084312779,0.9893505980336254,-7.578262750810438,-1.5087511684075494,6.277848237633418,6.2832723088940785,5.7263256268035585
950,05/05/2023 15:32:02.526196,1133,True,True,True,True,Eyes,0.3713551,0.009872213,-1.740819,0.8427807,-0.05721443,0.5352077,0.0,0.0,0.0,0.0,0.0,0.0,0.0,-1.719826,-0.05271236,0.2871923,0.4289042,0.01442087,-1.690826,0.00647178,0.5469042,-0.02087179,0.8369101,1.929074,66.30076,358.4028,0.1815068,0.004891973,-0.9833772,0.1801552,-0.001325494,0.207643,2.135319,-0.07768245,-0.8410804,-0.06586498,-0.05054618,1.915,0.4009205,-0.02785673,-0.9156893,0.0420145,0.999045,-0.01199714,0.915149,-0.03366233,0.4017079,moving,-8.665285507502542,-1.632965101911168,-1.9698685863202103,-1.5119637122219471,1.7064148,-0.09210332,0.8497456,-0.1506020897784156,-0.028171739622994723,0.9881930201499064,-8.154735091862,-1.0054689437003672,6.6937195956583215,6.696510216878746,6.205570936014866
951,05/05/2023 15:32:02.546247,1134,True,True,True,True,Eyes,0.37464,0.01003665,-1.738455,0.8449504,-0.05895422,0.5315856,0.0,0.0,0.0,0.0,0.0,0.0,0.0,-1.722592,-0.05076185,0.2556503,0.4366013,0.01531096,-1.686536,0.01023914,0.5524496,-0.02288952,0.8331691,2.427346,67.06175,358.4613,0.184225,0.004957563,-0.9828712,0.1693458,-0.001245965,0.1951844,2.151238,-0.1012447,-0.8570988,-0.06969446,-0.05319445,1.915,0.3885508,-0.02682847,-0.9210367,0.04945491,0.9987424,-0.008228742,0.9200993,-0.0423525,0.389389,moving,-9.192881494336092,-1.2460872408857742,-2.0843011946316103,-1.591140437285692,1.7146367000000002,-0.11655566,0.8294372,-0.1597217289453341,-0.02146742974084805,0.9869286435231087,-8.686542732639994,-0.638079795093675,7.115525864063442,7.116949879386005,6.670675971286475
952,05/05/2023 15:32:02.556251,1135,True,True,True,True,Eyes,0.3780583,0.01018199,-1.73603,0.8470435,-0.06088953,0.5280243,0.0,0.0,0.0,0.0,0.0,0.0,0.0,-1.725041,-0.04881955,0.2246212,0.4439423,0.01530233,-1.682642,0.01236953,0.557936,-0.02369448,0.8294535,2.691594,67.81953,358.537,0.186875,0.005026343,-0.9823705,0.1591851,-0.001171207,0.1834733,2.16723,-0.1196436,-0.872608,-0.07359934,-0.0558944,1.915,0.376292,-0.02550413,-0.9261501,0.05310974,0.9985712,-0.005920109,0.9249778,-0.0469599,0.3771088,moving,-9.716388678540621,-1.1011665812536948,-2.2009697737643847,-1.6718560073952882,1.7232877,-0.13494593,0.8100339999999999,-0.16874102926520113,-0.018942223070802462,0.9854783327775491,-9.21449769039116,-0.5063202497779549,7.5359693791612985,7.537055640989913,7.109715004104436
953,05/05/2023 15:32:02.576381,1136,True,True,True,True,Eyes,0.3816324,0.01035191,-1.733562,0.8492697,-0.06301358,0.5241854,0.0,0.0,0.0,0.0,0.0,0.0,0.0,-1.727076,-0.04503027,0.1951436,0.4507611,0.01506451,-1.679133,0.01709583,0.5631521,-0.02607494,0.8257648,3.302214,68.54674,358.6335,0.1894717,0.005096941,-0.9818726,0.149634,-0.001100934,0.1724649,2.182999,-0.1311588,-0.8883534,-0.07750195,-0.05859329,1.915,0.3643596,-0.02380843,-0.930954,0.06231865,0.9980556,-0.001134049,0.9291708,-0.05760259,0.3651348,moving,-10.198706012188472,-0.6147776928861958,-2.3175522888307882,-1.752533255323636,1.7322379,-0.14622331,0.7907796,-0.17705264585268737,-0.010560175134898453,0.9841447614418063,-9.700515967182387,-0.04117788205610773,7.962261737600031,7.962855752244419,7.5787129441265035
954,05/05/2023 15:32:02.596314,1137,True,True,True,True,Eyes,0.38536,0.01053862,-1.731053,0.8516322,-0.06489245,0.5201072,0.0,0.0,0.0,0.0,0.0,0.0,0.0,-1.728472,-0.04657857,0.1663654,0.4580693,0.01588543,-1.675525,0.01965027,0.5680853,-0.02809516,0.8222553,3.682985,69.23608,358.629,0.1920297,0.005170582,-0.9813752,0.1406559,-0.001034878,0.162117,2.196692,-0.1544008,-0.9041557,-0.08128697,-0.06121062,1.915001,0.3529798,-0.02387674,-0.9353262,0.06852884,0.9976491,0.0003941802,0.9331179,-0.06423595,0.3537862,moving,-10.621212215651939,-0.3598840280059553,-2.4306024453367105,-1.8307648590085999,1.7386227,-0.17028623,0.7713692999999999,-0.18431172479395785,-0.006173510540036136,0.9828484163424035,-10.126456694683604,0.19952860269640293,8.320745323557,8.321633182770935,7.959162278018505
955,05/05/2023 15:32:02.606037,1138,True,True,True,True,Eyes,0.3892411,0.01072099,-1.728511,0.8541179,-0.06656973,0.5158015,0.0,0.0,0.0,0.0,0.0,0.0,0.0,-1.729449,-0.05148878,0.1375016,0.4655189,0.01645152,-1.671997,0.01819139,0.5730231,-0.02806773,0.8188564,3.552276,69.92276,358.5579,0.1945618,0.00524792,-0.9808759,0.1322166,-0.0009727857,0.15239,2.210572,-0.1687972,-0.9184462,-0.08510786,-0.06385301,1.914999,0.3417135,-0.02511871,-0.9394684,0.06681505,0.9977625,-0.00237465,0.937426,-0.06195918,0.3426273,moving,-11.014311596687477,-0.6174412488231487,-2.544708627139092,-1.909741491289702,1.7450531,-0.18524872,0.7535508,-0.1910435059456032,-0.010577694513221096,0.9815246276430003,-10.523307958789653,-0.058441191001125437,8.56686422861066,8.567625947627612,8.190565309968742
956,05/05/2023 15:32:02.626347,1139,True,True,True,True,Eyes,0.3932871,0.0108856,-1.725937,0.8566902,-0.06787566,0.511346,0.0,0.0,0.0,0.0,0.0,0.0,0.0,-1.730005,-0.05677646,0.109723,0.473068,0.01650538,-1.668566,0.01624621,0.577663,-0.02802308,0.8156325,3.375393,70.56969,358.4534,0.1970802,0.00532838,-0.9803727,0.1242836,-0.0009144185,0.1432466,2.225749,-0.1665009,-0.931896,-0.08921194,-0.06669069,1.914999,0.3310405,-0.02694339,-0.9432319,0.06448273,0.9979016,-0.005873909,0.9414108,-0.05887766,0.3320831,moving,-11.356531186808517,-0.9055672283989605,-2.667246687060347,-1.9945448728085515,1.752681,-0.18300628000000002,0.73667,-0.1968899303345798,-0.01549510813225968,0.9803031126489854,-10.868865691366489,-0.3452745393991197,8.756344181195573,8.757256272805295,8.36580222838552
957,05/05/2023 15:32:02.646119,1140,True,True,True,True,Eyes,0.3974957,0.0110178,-1.723346,0.8593607,-0.06901119,0.5066919,0.0,0.0,0.0,0.0,0.0,0.0,0.0,-1.730473,-0.06035259,0.08212948,0.4811191,0.01619567,-1.665289,0.01427777,0.5821252,-0.02750377,0.8125086,3.165648,71.19521,358.389,0.199595,0.005410631,-0.9798633,0.1168266,-0.0008595535,0.1346518,2.240698,-0.1627553,-0.944712,-0.09277529,-0.0691548,1.915,0.3207478,-0.02807119,-0.9467487,0.06131699,0.9980794,-0.008819644,0.9451779,-0.05522288,0.321853,moving,-11.664333651321094,-1.2084243321359218,-2.7736186299032513,-2.0681760481579805,1.7595789000000002,-0.17895097,0.720577,-0.20213457026583997,-0.020654087223708265,0.9791399607613387,-11.179719739204643,-0.6458392556055808,8.93073358516829,8.932188231629905,8.525583722610808
958,05/05/2023 15:32:02.656285,1141,True,True,True,True,Eyes,0.5064586,0.01362798,-1.658219,0.9176899,-0.09711835,0.3852446,0.0,0.0,0.0,0.0,0.0,0.0,0.0,-1.730814,-0.06111052,0.0549289,0.489218,0.01552214,-1.662195,0.01294098,0.5864636,-0.02663118,0.8094342,2.991407,71.80746,358.3971,0.2021162,0.005492684,-0.9793459,0.109817,-0.0008079803,0.1265727,2.255683,-0.1586244,-0.9566815,-0.09677804,-0.07192298,1.915,0.3107024,-0.02793355,-0.9500967,0.0582912,0.9982466,-0.01028669,0.9487182,-0.05218618,0.3117859,moving,-4.488920119517591,-2.726203569296123,-2.8930861064081896,-2.1508862820541967,1.766465,-0.17414654,0.7055135000000001,-0.07817827699511853,-0.04741770727553041,0.9958111499379281,-3.942816119600039,-1.995338010306189,1.6931155927979988,1.6963714741754723,1.0611919550390267
959,05/05/2023 15:32:02.676448,1142,True,True,True,True,Eyes,0.5067981,0.01360769,-1.65811,0.9178576,-0.09712583,0.3848426,0.0,0.0,0.0,0.0,0.0,0.0,0.0,-1.731018,-0.06154424,0.02770698,0.4972377,0.01494168,-1.659371,0.01267838,0.5908295,-0.02646164,0.8062629,2.96425,72.42682,358.4112,0.2118408,0.005743138,-0.9772871,0.4301165,0.007071026,0.3143612,2.270444,-0.1559756,-0.9688705,-0.1005039,-0.07449924,1.915,0.3004406,-0.02768855,-0.9533986,0.05765159,0.9982781,-0.01082443,0.9520566,-0.05171285,0.3015196,moving,-5.080781372815336,-2.7740887607351783,-3.0042668278999503,-2.227854103814997,1.7732063,-0.17091728,0.6905005,-0.08845721507700627,-0.0482083425666278,0.9949126113953464,-4.539944022558597,-2.0526300513789693,2.143268773278082,2.1471574128754183,1.5456415867680173
960,05/05/2023 15:32:02.696222,1143,True,True,True,True,Eyes,0.5074747,0.01356145,-1.657947,0.9181061,-0.09712854,0.3842491,0.0,0.0,0.0,0.0,0.0,0.0,0.0,-1.730952,-0.0626153,-0.000174284,0.5057136,0.01443649,-1.65655,0.01258671,0.5952345,-0.02661843,0.8030125,2.975158,73.05414,358.4068,0.2199755,0.005955921,-0.975487,0.4043095,0.006646764,0.2954995,2.284612,-0.1582541,-0.9815966,-0.1043936,-0.07718907,1.915,0.2899748,-0.02776577,-0.9566316,0.05773395,0.998266,-0.01147384,0.9552914,-0.05190299,0.291075,moving,-5.668683067022297,-2.785681546849729,-3.1203124125108306,-2.3082063320005126,1.7788984,-0.17269059,0.6749533999999999,-0.0986602753140301,-0.04836305401168288,0.9939453204639449,-5.133036674366516,-2.0744965536089865,2.588392915266142,2.5927158682683498,2.0262475699623503
961,05/05/2023 15:32:02.716459,1144,True,True,True,True,Eyes,0.5084671,0.01347585,-1.657718,0.9184173,-0.09729046,0.3834633,0.0,0.0,0.0,0.0,0.0,0.0,0.0,-1.730679,-0.06416638,-0.02865887,0.5142144,0.01382659,-1.653958,0.01244184,0.5997726,-0.02693867,0.7996203,2.992867,73.70285,358.3843,0.2273081,0.006144144,-0.9738033,0.3800509,0.006247959,0.2777695,2.299072,-0.1617188,-0.9945981,-0.1083243,-0.07990733,1.915,0.2790944,-0.02815687,-0.959851,0.05800597,0.998239,-0.01241666,0.9585102,-0.05221165,0.2802362,moving,-6.265278487622978,-2.802776139397877,-3.23755516450605,-2.3893986094550392,1.7848575999999998,-0.17554539,0.6593599,-0.10900294407587635,-0.04860679824767644,0.9928522600770429,-5.73490581012621,-2.1018790086427135,3.051030346617243,3.0558124130266657,2.513847204591144
962,05/05/2023 15:32:02.726317,1145,True,True,True,True,Eyes,0.5097712,0.0133548,-1.65741,0.9188782,-0.09751321,0.3823009,0.0,0.0,0.0,0.0,0.0,0.0,0.0,-1.730197,-0.06367648,-0.05698264,0.5226707,0.01279631,-1.651525,0.01302117,0.6042656,-0.02719832,0.7962122,3.072828,74.34912,358.4176,0.2339535,0.0063083,-0.972227,0.3572478,0.005873081,0.2611034,2.313613,-0.1655314,-1.008454,-0.1123359,-0.08268125,1.915001,0.2682467,-0.02757478,-0.9629556,0.05904776,0.9981814,-0.01213479,0.9615389,-0.05360526,0.2693872,moving,-6.840132248128381,-2.7546162473069478,-3.357181222302527,-2.472242217847343,1.7909423000000002,-0.17832771,0.643071,-0.11896378031478966,-0.04771731946645147,0.9917512929644741,-6.314768404709968,-2.0653026419095912,3.489589296384591,3.4943787632159484,2.985451684419827
963,05/05/2023 15:32:02.746139,1146,True,True,True,True,Eyes,0.5113773,0.01319928,-1.657034,0.9194671,-0.09783992,0.3807988,0.0,0.0,0.0,0.0,0.0,0.0,0.0,-1.728676,-0.06254727,-0.08370256,0.530004,0.01172782,-1.648696,0.01389549,0.6085953,-0.02746748,0.7928835,3.179724,74.97524,358.4709,0.2399999,0.006448795,-0.9707512,0.335813,0.005520696,0.2454372,2.327844,-0.171773,-1.022833,-0.1160814,-0.0852712,1.915,0.2577146,-0.02664356,-0.9658536,0.06047048,0.9981049,-0.01139815,0.9643269,-0.05546817,0.2588373,moving,-7.375250061990994,-2.681302448734184,-3.468849125267221,-2.549584693691285,1.7978399999999999,-0.18350082,0.6258629999999998,-0.12822899728966342,-0.04639428737907065,0.9906588809283106,-6.854516789159561,-2.003507894068502,3.904042619712416,3.908620964666427,3.4294234794513896
964,05/05/2023 15:32:02.756695,1147,True,True,True,True,Eyes,0.5130978,0.01298438,-1.656514,0.9203178,-0.1002172,0.3781159,0.0,0.0,0.0,0.0,0.0,0.0,0.0,-1.727025,-0.06101915,-0.1091728,0.5372318,0.01059111,-1.646064,0.01514652,0.6126581,-0.02786881,0.7897115,3.329088,75.56615,358.5388,0.2455256,0.006566033,-0.9693676,0.3156642,0.005189455,0.2307109,2.340353,-0.1793111,-1.035824,-0.1203014,-0.08818974,1.914999,0.2477469,-0.02545737,-0.9684904,0.06257591,0.9979878,-0.01022534,0.9668019,-0.05807086,0.2488414,moving,-7.804299386873524,-2.678065292075518,-3.5946319731508067,-2.6367284678377803,1.8031211999999999,-0.18990221000000002,0.6102399999999999,-0.1356443397575549,-0.046292196301984875,0.9896755123063143,-7.287341306801683,-2.0080708279822588,4.205245509508706,4.2098703622792195,3.7458393786948494
965,05/05/2023 15:32:02.776502,1148,True,True,True,True,Eyes,0.5150452,0.01271375,-1.655928,0.9212367,-0.1026662,0.37521,0.0,0.0,0.0,0.0,0.0,0.0,0.0,-1.724573,-0.05973527,-0.1322222,0.5433294,0.009469425,-1.643139,0.01680996,0.61639,-0.02863644,0.7867407,3.540415,76.11229,358.6028,0.2505923,0.006659,-0.9680694,0.2967243,0.004878087,0.2168683,2.352284,-0.187963,-1.0486,-0.1239104,-0.09068535,1.915,0.2384868,-0.02433592,-0.9708408,0.06578188,0.9977947,-0.008852264,0.9689153,-0.06175258,0.2395618,moving,-8.175924089684973,-2.6149325504577092,-3.7021721921664685,-2.711231891386558,1.8089546,-0.197432425,0.5945389999999999,-0.14206791558205834,-0.045160577784540815,0.9888261625410535,-7.662168072332385,-1.9532535688751254,4.470511658155772,4.474788218856144,4.031885230054084
966,05/05/2023 15:32:02.786972,1149,True,True,True,True,Eyes,0.5172876,0.01240754,-1.655241,0.9222071,-0.10503,0.3721597,0.0,0.0,0.0,0.0,0.0,0.0,0.0,-1.723742,-0.05996947,-0.1566538,0.5523747,0.008072818,-1.641413,0.01843992,0.6198417,-0.02990301,0.7839401,3.78323,76.6195,358.6204,0.25526,0.006726934,-0.9668487,0.2789209,0.004585402,0.2038562,2.36221,-0.1987785,-1.059577,-0.1276991,-0.09330517,1.915,0.2298041,-0.02402467,-0.9729404,0.069744,0.9975316,-0.008158673,0.9707348,-0.06598184,0.2309124,moving,-8.498216308324652,-2.5201375971454643,-3.8150409275017334,-2.7894350224411637,1.8098353,-0.206851318,0.581836,-0.1476388172156125,-0.04348866147685784,0.9880848113743206,-7.987192249152626,-1.866705255871521,4.687232078724712,4.690911718505986,4.272970497542307
967,05/05/2023 15:32:02.806239,1150,True,True,True,True,Eyes,0.5198345,0.01207461,-1.654525,0.9232267,-0.1074241,0.3689342,0.0,0.0,0.0,0.0,0.0,0.0,0.0,-1.722947,-0.06169938,-0.1806684,0.5620279,0.006864798,-1.639839,0.02023084,0.6230654,-0.03166803,0.7812666,4.075669,77.09557,358.6057,0.2595865,0.00677031,-0.9656957,0.2621856,0.004310278,0.1916248,2.374397,-0.2108788,-1.070406,-0.131588,-0.09599464,1.915,0.2215735,-0.02427208,-0.9748415,0.07469261,0.9971757,-0.007851151,0.9722789,-0.07107385,0.2227607,moving,-8.77828063959083,-2.3810307999564366,-3.9308638698980287,-2.8697064248725206,1.8123691000000002,-0.217743598,0.5694330000000001,-0.1524825135087826,-0.0410590465223398,0.9874528639667113,-8.269566780332639,-1.7362309975455252,4.869137723591787,4.871986576899214,4.48431817441268
968,05/05/2023 15:32:02.827646,1151,True,True,True,True,Eyes,0.5226815,0.01171535,-1.653816,0.9243013,-0.1096042,0.3655874,0.0,0.0,0.0,0.0,0.0,0.0,0.0,-1.721981,-0.0651243,-0.2043769,0.5718793,0.005921233,-1.638337,0.02098491,0.6261855,-0.03321562,0.7786837,4.259824,77.55524,358.5378,0.2636229,0.006790038,-0.9646016,0.2464545,0.004051661,0.1801273,2.386635,-0.2241598,-1.080702,-0.1351783,-0.09847735,1.915,0.2135771,-0.02544803,-0.9765948,0.0780098,0.9969127,-0.008917062,0.9738067,-0.07427947,0.2149029,moving,-9.03050051522847,-2.3456392445609824,-4.037765084622623,-2.943796755113217,1.8147557,-0.230081033,0.5576349999999999,-0.15683195367542824,-0.040421227780326544,0.9867978432937361,-8.523968266544463,-1.7062903899306106,5.025839754583028,5.028439070671633,4.653755579459788
969,05/05/2023 15:32:02.846100,1152,True,True,True,True,Eyes,0.5258389,0.01132413,-1.653091,0.9254266,-0.1116726,0.3620977,0.0,0.0,0.0,0.0,0.0,0.0,0.0,-1.721046,-0.06827634,-0.2273967,0.5817827,0.004956999,-1.637032,0.02075481,0.6291442,-0.03404913,0.7762653,4.30502,77.99009,358.463,0.2674144,0.006786942,-0.9635574,0.2316672,0.003808561,0.1693197,2.399136,-0.2336115,-1.090124,-0.1390258,-0.1011377,1.915,0.2060366,-0.02674678,-0.9781789,0.07897785,0.9968199,-0.01062114,0.9753521,-0.0750661,0.2074937,moving,-9.246355097807827,-2.443148687418197,-4.152293163851103,-3.0231773696427693,1.8173533,-0.238568499,0.546908,-0.16053747910160382,-0.04207516892623446,0.9861324981396469,-8.741833648943116,-1.8051615553259284,5.124024518991539,5.126977692480248,4.748414934293817
970,05/05/2023 15:32:02.856184,1153,True,True,True,True,Eyes,0.5293081,0.01088839,-1.652392,0.9265488,-0.1134062,0.3586732,0.0,0.0,0.0,0.0,0.0,0.0,0.0,-1.720205,-0.06963637,-0.2508589,0.5923871,0.00379416,-1.635833,0.02021999,0.6320349,-0.03414392,0.7739232,4.270067,78.41605,358.4319,0.2710026,0.006761449,-0.9625546,0.2177672,0.003580048,0.1591605,2.411928,-0.2384885,-1.098754,-0.1429445,-0.1038475,1.915,0.198732,-0.02729006,-0.9796738,0.07840902,0.9968507,-0.01186286,0.9769121,-0.07445773,0.2002459,moving,-9.457549634977074,-2.5945640523625193,-4.2689064812092985,-3.104021550847666,1.8195409,-0.24228265999999998,0.5370790000000001,-0.16415292694511868,-0.04465414522348897,0.9854237328519291,-8.95505857128187,-1.9564614827847042,5.2099571565778575,5.2135942227894905,4.824615582728246
971,05/05/2023 15:32:02.876400,1154,True,True,True,True,Eyes,0.5330574,0.01041693,-1.651693,0.9276985,-0.1150902,0.3551474,0.0,0.0,0.0,0.0,0.0,0.0,0.0,-1.719746,-0.06833,-0.2737622,0.60321,0.002290737,-1.635015,0.01987782,0.6347425,-0.03358812,0.7717376,4.20473,78.81744,358.4712,0.2744236,0.006713205,-0.9615852,0.2047011,0.003365245,0.1496109,2.425638,-0.2409908,-1.107243,-0.1468395,-0.1065412,1.915,0.1919478,-0.02660783,-0.9810445,0.07707702,0.9969534,-0.01195868,0.9783738,-0.07332052,0.1934139,moving,-9.640884193823648,-2.7604950870399105,-4.384779430937945,-3.184373145376106,1.8224280000000002,-0.243281537,0.5277720000000001,-0.16728337340963945,-0.04748244420251565,0.9847647573092244,-9.140194465639011,-2.121400822407165,5.268682883340658,5.273168865755073,4.872769470399654
972,05/05/2023 15:32:02.896104,1155,True,True,True,True,Eyes,0.5371003,0.009919764,-1.651004,0.9288333,-0.1165335,0.351694,0.0,0.0,0.0,0.0,0.0,0.0,0.0,-1.719256,-0.06698526,-0.2949327,0.6136873,0.0009635314,-1.634228,0.02023262,0.6371274,-0.0333994,0.7697686,4.227005,79.17386,358.5269,0.2777092,0.006642415,-0.960642,0.1924191,0.00316333,0.1406342,2.439452,-0.2429844,-1.115481,-0.1506975,-0.1092088,1.915,0.1859063,-0.0256381,-0.9822329,0.07720114,0.9969503,-0.01141047,0.9795299,-0.07370822,0.1873186,moving,-9.786757453162403,-2.819998239182661,-4.499516249090294,-3.2639338372994424,1.8257647000000001,-0.24394793139999998,0.5187470000000001,-0.16978183703042776,-0.04848410762173877,0.9842882934231396,-9.287419421243621,-2.1819894676804865,5.301206964965018,5.3058456786183665,4.908627140542053
973,05/05/2023 15:32:02.906805,1156,True,True,True,True,Eyes,0.5414921,0.009402539,-1.650348,0.9299986,-0.1178936,0.3481431,0.0,0.0,0.0,0.0,0.0,0.0,0.0,-1.718945,-0.06683242,-0.3167932,0.6247845,-0.0001722742,-1.633781,0.02007237,0.639549,-0.03322877,0.7677697,4.204972,79.53484,358.5435,0.2808879,0.006549832,-0.9597179,0.1808739,0.00297353,0.1321962,2.452121,-0.2477496,-1.122443,-0.1545387,-0.1118651,1.915,0.1797461,-0.02534956,-0.9833865,0.0766986,0.9969859,-0.01168093,0.9807186,-0.07332474,0.1811486,moving,-9.92884815556741,-2.9255202651720142,-4.613717522400013,-3.3431449904557478,1.8273365,-0.2475773258,0.5113379999999998,-0.1722070197669624,-0.05027531055005459,0.9837769312667413,-9.43088026306913,-2.287339471180125,5.326388549987156,5.331512361310135,4.931509116348023
974,05/05/2023 15:32:02.927001,1157,True,True,True,True,Eyes,0.5461518,0.008850544,-1.649712,0.9311469,-0.1191119,0.3446415,0.0,0.0,0.0,0.0,0.0,0.0,0.0,-1.719242,-0.06750542,-0.3401157,0.6375502,-0.001176456,-1.633878,0.01968119,0.6419508,-0.03312036,0.7657773,4.167134,79.89297,358.5374,0.2839879,0.006436469,-0.958806,0.1700215,0.002795119,0.1242644,2.465604,-0.2507644,-1.129774,-0.1584008,-0.1145358,1.915,0.1736043,-0.02545692,-0.9844865,0.07599436,0.9970313,-0.01238046,0.9818791,-0.07266612,0.1750235,moving,-10.069951071602144,-3.042612294667064,-4.728503137517757,-3.422772656504478,1.8280538,-0.249587944,0.5041039999999999,-0.17461141257989,-0.052263221341950473,0.983249392532377,-9.573357631530625,-2.4039426537928086,5.3492309831052225,5.354959190623839,4.950821107915549
975,05/05/2023 15:32:02.946248,1158,True,True,True,True,Eyes,0.5510669,0.00826105,-1.649094,0.9323115,-0.1202843,0.3410671,0.0,0.0,0.0,0.0,0.0,0.0,0.0,-1.718611,-0.06747033,-0.3621165,0.6486251,-0.002579944,-1.63358,0.01891008,0.6443996,-0.03275743,0.7637529,4.077344,80.25803,358.5256,0.2870304,0.006302399,-0.9579005,0.1598202,0.002627411,0.1168085,2.480748,-0.2531312,-1.137404,-0.1623701,-0.1172807,1.915,0.1673522,-0.02566586,-0.985563,0.07440846,0.9971387,-0.01333249,0.9830852,-0.071103,0.1687831,moving,-10.212594042876294,-3.210246426549439,-4.846435211007711,-3.504598821300276,1.8321229000000003,-0.250551256,0.49617599999999995,-0.17703155239226193,-0.05511554275292574,0.9826606326528942,-9.717445464383761,-2.569809234413242,5.3674225437799485,5.374225892269206,4.959896416282001
976,05/05/2023 15:32:02.956287,1159,True,True,True,True,Eyes,0.5562279,0.007647193,-1.648482,0.9334544,-0.1214974,0.3374924,0.0,0.0,0.0,0.0,0.0,0.0,0.0,-1.718117,-0.06797633,-0.3827711,0.6596769,-0.004068026,-1.633361,0.01875336,0.6465465,-0.0329489,0.7619321,4.081971,80.58018,358.5087,0.2900338,0.006147529,-0.9569964,0.150231,0.002469767,0.1098,2.494471,-0.2541378,-1.144848,-0.1663135,-0.1200076,1.915,0.1617839,-0.0259598,-0.9864848,0.07445949,0.9971254,-0.01402841,0.9840132,-0.07118356,0.1632518,moving,-10.314060757758094,-3.284908126581449,-4.963557023539701,-3.5858742316013683,1.8347940999999999,-0.250069774,0.488513,-0.1787588778044012,-0.05637810147740927,0.9822762485287906,-9.81988981574848,-2.644365964375034,5.351902931230693,5.358961728381332,4.9467571201685105
977,05/05/2023 15:32:02.976393,1160,True,True,True,True,Eyes,0.5616374,0.007038987,-1.647898,0.9345938,-0.1227315,0.3338735,0.0,0.0,0.0,0.0,0.0,0.0,0.0,-1.717722,-0.07088034,-0.4030701,0.670815,-0.005274214,-1.633413,0.0190995,0.6486079,-0.03407338,0.7601199,4.199893,80.89111,358.4473,0.2930139,0.005972569,-0.9560892,0.1412171,0.002321581,0.103212,2.50741,-0.2582462,-1.151207,-0.1701058,-0.1226301,1.914999,0.1562936,-0.02702353,-0.987341,0.07657586,0.9969485,-0.0151647,0.9847379,-0.07323634,0.1578861,moving,-10.401267060064667,-3.255170864807602,-5.076154494067593,-3.6640262776867294,1.836595,-0.252971986,0.4822059999999999,-0.18025908463382806,-0.05585274271504541,0.9820321988769624,-9.907830738061252,-2.6169657436430676,5.334413748012979,5.340785203430344,4.943827574736448
978,05/05/2023 15:32:02.996544,1161,True,True,True,True,Eyes,0.567292,0.006444964,-1.647333,0.9357023,-0.1240236,0.3302715,0.0,0.0,0.0,0.0,0.0,0.0,0.0,-1.717272,-0.07604236,-0.4228669,0.682194,-0.005725557,-1.633463,0.01911589,0.6505206,-0.03548952,0.7584181,4.310933,81.17895,358.3357,0.2959855,0.005779852,-0.9551747,0.1327441,0.002182286,0.0970193,2.519788,-0.2657869,-1.157323,-0.1740406,-0.1253508,1.915,0.1511269,-0.02896122,-0.9880899,0.07870234,0.9967502,-0.01717764,0.9853763,-0.075169,0.1529151,moving,-10.464006805479057,-3.2441048738111933,-5.19293602088683,-3.7450864243864297,1.8375940000000002,-0.260061343,0.47614,-0.18133633595588577,-0.055651861937667774,0.9818451582706231,-9.971110615081207,-2.6073141533832978,5.289022823420845,5.294824806374474,4.911769354648916
979,05/05/2023 15:32:03.006194,1162,True,True,True,True,Eyes,0.5731922,0.005842643,-1.6468,0.9368459,-0.125056,0.3266201,0.0,0.0,0.0,0.0,0.0,0.0,0.0,-1.716659,-0.08031118,-0.4435099,0.6937599,-0.006004727,-1.633624,0.01746392,0.6525859,-0.03571862,0.7566711,4.189062,81.48611,358.2038,0.2989603,0.005572019,-0.954249,0.1247794,0.002051349,0.09119814,2.532236,-0.2721027,-1.162685,-0.1778655,-0.1279957,1.915,0.1457119,-0.03126107,-0.9888331,0.07684789,0.9968384,-0.02019004,0.986338,-0.0730478,0.1476536,moving,-10.537274027749818,-3.4555006426197963,-5.306416924786275,-3.8238756646779137,1.8384761000000003,-0.266097973,0.470939,-0.18255374852018502,-0.05926046726115497,0.9814083039836368,-10.045260894109713,-2.8145635116960066,5.236591319944068,5.24381218089478,4.845137065940456
980,05/05/2023 15:32:03.026472,1163,True,True,True,True,Eyes,0.5793257,0.005262207,-1.646342,0.9379352,-0.1261121,0.3230683,0.0,0.0,0.0,0.0,0.0,0.0,0.0,-1.716025,-0.08243719,-0.4644184,0.7055439,-0.006848982,-1.633825,0.01472748,0.6546418,-0.03494938,0.7549874,3.898936,81.79097,358.0763,0.3019497,0.005350119,-0.9533086,0.1172927,0.001928268,0.08572625,2.546071,-0.2704789,-1.168508,-0.1817508,-0.1306826,1.915,0.1404455,-0.03349024,-0.989522,0.07205512,0.9971233,-0.02352053,0.9874631,-0.06799676,0.1424546,moving,-10.610382883465485,-3.83617985574609,-5.4216471004960445,-3.903901218982127,1.8405271,-0.263629918,0.465317,-0.18373083990608946,-0.0657650171910048,0.9807740660374384,-10.119441806470174,-3.186717861526032,5.178439804857909,5.189177700609803,4.752223381501606
981,05/05/2023 15:32:03.046230,1164,True,True,True,True,Eyes,0.5857055,0.004745445,-1.645923,0.939072,-0.1269618,0.3194129,0.0,0.0,0.0,0.0,0.0,0.0,0.0,-1.71533,-0.08503252,-0.4858017,0.7171972,-0.00687599,-1.634372,0.01331646,0.6568369,-0.03474267,0.7531142,3.766941,82.12154,357.9993,0.304962,0.005116834,-0.9523506,0.1102551,0.001812572,0.08058268,2.560852,-0.2638395,-1.174184,-0.1856484,-0.1333778,1.915,0.1347165,-0.03483691,-0.9902716,0.06982387,0.9972312,-0.02558291,0.988421,-0.06569815,0.1367759,moving,-10.708921769817433,-4.038850348886535,-5.53719788696469,-3.984158653965385,1.8436548000000001,-0.25696351,0.46018800000000004,-0.18537402918850127,-0.06921213674579256,0.9802276623107271,-10.219076515282646,-3.3859219821719693,5.159324163206307,5.172013060884785,4.719944343504369
982,05/05/2023 15:32:03.056827,1165,True,True,True,True,Eyes,0.5923138,0.004294039,-1.645503,0.9402981,-0.1275613,0.3155434,0.0,0.0,0.0,0.0,0.0,0.0,0.0,-1.714013,-0.08752895,-0.5092592,0.7294832,-0.005898862,-1.63483,0.01127123,0.659346,-0.0339063,0.7509902,3.534017,82.50037,357.9294,0.3080058,0.004876996,-0.9513717,0.1036398,0.001703817,0.07574772,2.574949,-0.2619191,-1.18105,-0.1897569,-0.1362189,1.915,0.1282265,-0.03606331,-0.9910889,0.06578988,0.9974467,-0.0277828,0.9895602,-0.06164113,0.1302717,moving,-10.840626308234377,-4.3287855193785525,-5.658952236974385,-4.068743729351637,1.8454658000000002,-0.256020238,0.45378000000000007,-0.18756015249685887,-0.07414017738246102,0.9794511027600676,-10.35226712863484,-3.6707316618067933,5.172052235649208,5.188195053516059,4.710161173271368
983,05/05/2023 15:32:03.076149,1166,True,True,True,True,Eyes,0.5991427,0.003902733,-1.645126,0.9415644,-0.1280188,0.3115568,0.0,0.0,0.0,0.0,0.0,0.0,0.0,-1.712128,-0.08909472,-0.5338352,0.7416557,-0.004894452,-1.635306,0.008400294,0.6621041,-0.03244735,0.7486621,3.184133,82.91824,357.8499,0.3110887,0.004635029,-0.9503693,0.09742142,0.001601588,0.07120286,2.590577,-0.2553026,-1.189903,-0.1933259,-0.1386871,1.914999,0.1211306,-0.03746046,-0.9919296,0.05970793,0.9977532,-0.03038909,0.9908393,-0.05554501,0.1230951,moving,-11.000699271468049,-4.731469196127716,-5.764680070088955,-4.142214597136015,1.8489213000000002,-0.250408148,0.445403,-0.19019426120865401,-0.08098023108608235,0.9784008980492501,-10.51420282980803,-4.065885750684796,5.24686475190252,5.269071840432946,4.750136054671494
984,05/05/2023 15:32:03.096315,1167,True,True,True,True,Eyes,0.6061853,0.003596023,-1.644768,0.9428326,-0.1284432,0.3075207,0.0,0.0,0.0,0.0,0.0,0.0,0.0,-1.710137,-0.0907698,-0.5581284,0.7537739,-0.003869831,-1.635887,0.006974874,0.6648057,-0.03171695,0.7463103,3.014119,83.33117,357.8153,0.3142159,0.004394628,-0.9493412,0.09157614,0.001505493,0.06693069,2.606782,-0.2449363,-1.199655,-0.1972185,-0.1413788,1.915,0.1140551,-0.0380675,-0.9927449,0.05661524,0.9978908,-0.03176037,0.9918601,-0.05258205,0.1159697,moving,-11.16052624144863,-4.943799764277893,-5.879943042248837,-4.222318319646903,1.8530080999999998,-0.241066469,0.4362320000000002,-0.19286521344871604,-0.08456057207472688,0.9775747885810402,-10.675676279208277,-4.275602515851703,5.304128756334589,5.329642989790024,4.7960292415333186
985,05/05/2023 15:32:03.116586,1168,True,True,True,True,Eyes,0.613443,0.003355567,-1.644454,0.9441707,-0.1285385,0.3033474,0.0,0.0,0.0,0.0,0.0,0.0,0.0,-1.70791,-0.09131794,-0.5828745,0.765987,-0.002213108,-1.63655,0.005587483,0.6675769,-0.03050436,0.7438948,2.810971,83.7567,357.824,0.3173923,0.00416048,-0.9482849,0.08608157,0.001415163,0.06291485,2.622085,-0.2407017,-1.209536,-0.201152,-0.1440985,1.915,0.1068213,-0.03792393,-0.9935548,0.05284422,0.9980766,-0.03241502,0.9928731,-0.04904102,0.1086199,moving,-11.328044499813075,-5.161838232654776,-5.99637161615011,-4.303240693541396,1.8560980000000002,-0.238488592,0.427014,-0.19566006925582874,-0.08823031187496053,0.9766947584443935,-10.84491517741609,-4.491017971778273,5.37114675666859,5.400363457449739,4.852178373855997
986,05/05/2023 15:32:03.126350,1169,True,True,True,True,Eyes,0.6208867,0.00311293,-1.644244,0.945444,-0.1286591,0.2993034,0.0,0.0,0.0,0.0,0.0,0.0,0.0,-1.705228,-0.08910587,-0.6087987,0.7783922,-0.001070503,-1.637218,0.002424968,0.6705217,-0.02792177,0.7413604,2.352071,84.21047,357.8119,0.3206214,0.003935793,-0.947199,0.08091668,0.001330254,0.05913996,2.637684,-0.2348365,-1.220097,-0.2050106,-0.1467669,1.915001,0.09924205,-0.03814819,-0.9943318,0.04465217,0.998429,-0.03384875,0.9940609,-0.04103985,0.1007896,moving,-11.525315203571315,-5.643362932634336,-6.110531775014925,-4.382617688483329,1.8592918000000003,-0.233765997,0.4171210000000001,-0.19887088942700681,-0.09637189334590925,0.9752757937690271,-11.044464909872021,-4.963644215232762,5.520470793992686,5.559618525476211,4.968026570382578
987,05/05/2023 15:32:03.146180,1170,True,True,True,True,Eyes,0.6284864,0.00287393,-1.644065,0.9467166,-0.128954,0.2951247,0.0,0.0,0.0,0.0,0.0,0.0,0.0,-1.701959,-0.08712795,-0.6345764,0.7901797,-0.001295237,-1.637851,0.0006197309,0.6735592,-0.02645775,0.7386594,2.095044,84.68121,357.8063,0.3239036,0.00371951,-0.9460826,0.0,0.0,0.0,2.654626,-0.2208499,-1.231532,-0.2088015,-0.1493882,1.915,0.09123591,-0.03825167,-0.9950945,0.03992138,0.9985992,-0.03472618,0.9950289,-0.03655726,0.09263515,moving,-11.736694565318977,-5.933056669128733,-6.222647841447913,-4.460581708905921,1.8644463,-0.21955466299999998,0.4063189999999999,-0.20236951086621452,-0.10122768350780109,0.9740634376389778,-11.258031807618401,-5.249651646621836,5.6615011124799794,5.707266752265605,5.096834611145807
988,05/05/2023 15:32:03.156346,1171,True,True,True,True,Eyes,0.6362389,0.00264375,-1.64397,0.9478222,-0.1298826,0.2911418,0.0,0.0,0.0,0.0,0.0,0.0,0.0,-1.698342,-0.09130356,-0.6587977,0.8015401,-0.001271321,-1.638368,0.002136457,0.6763946,-0.02809251,0.7360004,2.358279,85.12148,357.7939,0.3272395,0.003511007,-0.9449346,0.0,0.0,0.0,2.670177,-0.2150638,-1.243476,-0.2127404,-0.1521122,1.915,0.08340221,-0.03846201,-0.9957735,0.04424236,0.9984125,-0.03485837,0.9955333,-0.0411481,0.08497144,moving,-11.938326288639242,-5.741124308881108,-6.339087058438412,-4.541580378996664,1.8686368999999998,-0.213792479,0.394892,-0.205865161597797,-0.09789123773997492,0.9736718138658881,-11.461223525593645,-5.0663066457478285,5.685444802268945,5.726288989977943,5.148943546319003
989,05/05/2023 15:32:03.176254,1172,True,True,True,True,Eyes,0.6441167,0.002422326,-1.643908,0.9489128,-0.1309462,0.2870847,0.0,0.0,0.0,0.0,0.0,0.0,0.0,-1.695217,-0.09671235,-0.6818311,0.8129503,-0.001138368,-1.639244,0.004150646,0.6789723,-0.03020148,0.7335307,2.699698,85.52378,357.7813,0.3306279,0.003310042,-0.9437551,0.0,0.0,0.0,2.683078,-0.2262512,-1.254604,-0.2165639,-0.1547564,1.915,0.07616908,-0.03867108,-0.9963447,0.04994377,0.9981413,-0.03492268,0.9958433,-0.04710119,0.07795888,moving,-12.099426390868896,-5.476514389477659,-6.452064638596216,-4.620188787924286,1.8701277,-0.225112832,0.38463999999999987,-0.2086937598107172,-0.09333629245912482,0.9735169671856885,-11.623444900815727,-4.811433682815282,5.67774816046801,5.7119163419038355,5.174915306195398
990,05/05/2023 15:32:03.196149,1173,True,True,True,True,Eyes,0.6521072,0.002214387,-1.643844,0.949899,-0.1322381,0.2832048,0.0,0.0,0.0,0.0,0.0,0.0,0.0,-1.692539,-0.09892673,-0.7025282,0.8238555,-0.001114241,-1.639902,0.005944429,0.6811313,-0.03129436,0.7314683,2.942139,85.8628,357.8375,0.334067,0.0031164,-0.9425439,0.0,0.0,0.0,2.695327,-0.2400105,-1.264735,-0.2205229,-0.157494,1.914999,0.07016179,-0.03768377,-0.9968237,0.05387951,0.9979706,-0.03393481,0.9960795,-0.05132744,0.07204977,moving,-12.212693393485704,-5.30604584225107,-6.5689963187424,-4.701557928716918,1.8714714999999997,-0.238896259,0.37516700000000003,-0.21067517702831212,-0.09040014247889891,0.9733672318603779,-11.737517770134518,-4.647408470307459,5.646400906459127,5.675977652270576,5.168805099570551
991,05/05/2023 15:32:03.206163,1174,True,True,True,True,Eyes,0.6602166,0.002054242,-1.643809,0.9508455,-0.1336392,0.2793445,0.0,0.0,0.0,0.0,0.0,0.0,0.0,-1.690458,-0.09917596,-0.7205085,0.8346045,-0.0009414088,-1.640137,0.00886225,0.6827279,-0.03216819,0.7299106,3.259684,86.11708,357.9991,0.3375559,0.002930131,-0.9413007,0.0,0.0,0.0,2.706971,-0.2508084,-1.272791,-0.2244131,-0.160184,1.915,0.06569562,-0.03485879,-0.9972307,0.05906081,0.9977733,-0.03098694,0.9960904,-0.05686154,0.06760807,moving,-12.253018774852181,-5.038535000241605,-6.683835700661253,-4.781488911187916,1.8723664999999998,-0.2498669912,0.36734599999999995,-0.2114458036462772,-0.08583996014846462,0.9736129229263699,-11.777897443598022,-4.387537443708956,5.552098040978426,5.575111909706614,5.109272237763498
992,05/05/2023 15:32:03.226323,1175,True,True,True,True,Eyes,0.6684537,0.001944515,-1.643808,0.9517081,-0.1350647,0.2756978,0.0,0.0,0.0,0.0,0.0,0.0,0.0,-1.689795,-0.0977393,-0.7363415,0.8455822,6.881263e-05,-1.640777,0.01136514,0.6838081,-0.03213237,0.7288656,3.469206,86.29191,358.2032,0.3410926,0.002753231,-0.9400253,0.0,0.0,0.0,2.717535,-0.2641696,-1.278284,-0.2279757,-0.1626474,1.915,0.06274821,-0.03129721,-0.9975386,0.0623835,0.9976767,-0.02737743,0.9960778,-0.06051205,0.06455483,moving,-12.228068714929284,-4.86678661222517,-6.788960104721786,-4.854672558921117,1.8719527999999999,-0.26423841263000003,0.36249299999999995,-0.21107405754909342,-0.0829279226238596,0.9739459736533606,-11.752534470047774,-4.219779648857266,5.420483760085335,5.439122100479157,5.004014337246709
993,05/05/2023 15:32:03.246136,1176,True,True,True,True,Eyes,0.6767995,0.001851508,-1.643835,0.952566,-0.1363053,0.2721008,0.0,0.0,0.0,0.0,0.0,0.0,0.0,-1.689177,-0.09183431,-0.7522869,0.8568777,0.001178409,-1.641173,0.01078888,0.6848029,-0.02968966,0.7280434,3.231629,86.44791,358.3669,0.3446758,0.002587637,-0.9387179,0.0,0.0,0.0,2.728197,-0.2735786,-1.281225,-0.2319722,-0.1654111,1.915001,0.0603271,-0.02845422,-0.9977731,0.05800723,0.9980043,-0.02495359,0.9964917,-0.05637267,0.06185726,moving,-12.178688443570215,-5.138730819582624,-6.906829698557449,-4.936756163598033,1.8713193000000001,-0.274757009,0.35994799999999993,-0.2101508336949225,-0.08756744326966948,0.9737394592504061,-11.703025142282472,-4.483806596603781,5.2535134195877955,5.275726337579278,4.817536096870365
994,05/05/2023 15:32:03.256142,1177,True,True,True,True,Eyes,0.685244,0.001777411,-1.643876,0.9533343,-0.1376004,0.2687376,0.0,0.0,0.0,0.0,0.0,0.0,0.0,-1.689137,-0.08638205,-0.7669429,0.8678311,0.001447415,-1.641863,0.01024991,0.6855919,-0.02766882,0.727388,3.029515,86.57161,358.4967,0.3483037,0.002433161,-0.9373782,0.0,0.0,0.0,2.741185,-0.2677924,-1.283241,-0.235806,-0.1680622,1.915,0.05839644,-0.02619742,-0.9979497,0.05430645,0.9982587,-0.02302771,0.9968153,-0.05285037,0.05971748,moving,-12.11038721143427,-5.385007112430057,-7.019852575350609,-5.0154814217452595,1.8733539000000001,-0.269239815,0.358622,-0.20891040270093636,-0.09177702702090698,0.9736187530265356,-11.634399339239014,-4.7224887970178075,5.07834902960447,5.103929086227931,4.623838936885414
995,05/05/2023 15:32:03.276407,1178,True,True,True,True,Eyes,0.6937827,0.001730301,-1.64393,0.9540682,-0.138884,0.2654527,0.0,0.0,0.0,0.0,0.0,0.0,0.0,-1.688799,-0.08604824,-0.7805793,0.8786641,0.001862324,-1.642162,0.0110692,0.6862093,-0.02754595,0.7267982,3.089437,86.67079,358.574,0.3519739,0.002289783,-0.9360067,0.0,0.0,0.0,2.753456,-0.2639777,-1.284304,-0.239758,-0.1707951,1.915,0.05671607,-0.02484911,-0.9980811,0.05523226,0.9982374,-0.02171442,0.9968615,-0.05389472,0.05798858,moving,-12.020326713339545,-5.379150124774996,-7.1362989322272545,-5.096613241635322,1.8747919,-0.265840024,0.357858,-0.20738108225543922,-0.09170800809299182,0.9739521341517294,-11.543539049740904,-4.715163468877788,4.868521805744884,4.892193215420965,4.423716693297448
996,05/05/2023 15:32:03.296214,1179,True,True,True,True,Eyes,0.7023994,0.001706035,-1.64403,0.9546984,-0.1403194,0.2624148,0.0,0.0,0.0,0.0,0.0,0.0,0.0,-1.688496,-0.08935437,-0.7936948,0.8894688,0.002475498,-1.642496,0.01124389,0.6867344,-0.02817795,0.7262751,3.154801,86.75391,358.5374,0.3556842,0.002157909,-0.9346033,0.0,0.0,0.0,2.764262,-0.2684032,-1.28427,-0.2435461,-0.1734147,1.915,0.05520372,-0.02548676,-0.9981499,0.05637302,0.9981592,-0.02236923,0.9968824,-0.05503385,0.05653886,moving,-11.91896187899799,-5.4008863182659885,-7.247860363084382,-5.174362288575752,1.8747932,-0.27087869800000003,0.35822599999999993,-0.20564999889562685,-0.09211188116987987,0.97428105572239,-11.441305895849124,-4.73451479129213,4.654275815777451,4.6765909066324705,4.216450077628245
997,05/05/2023 15:32:03.306355,1180,True,True,True,True,Eyes,0.7110829,0.001724397,-1.644139,0.9552685,-0.141964,0.2594386,0.0,0.0,0.0,0.0,0.0,0.0,0.0,-1.687762,-0.09456335,-0.8068618,0.8999481,0.003038936,-1.642739,0.01198462,0.6873507,-0.02953584,0.7256262,3.324772,86.85268,358.4853,0.3594311,0.002037673,-0.933169,0.0,0.0,0.0,2.774905,-0.2724333,-1.283238,-0.2475036,-0.1761513,1.915,0.05335352,-0.02638868,-0.9982271,0.05933922,0.997968,-0.02321025,0.9968112,-0.05799565,0.05481102,moving,-11.836323450843631,-5.334639229991836,-7.364351711312929,-5.255563458516758,1.8749569,-0.275472236,0.35950099999999985,-0.20426530357655315,-0.09101228415876728,0.9746755980556774,-11.357865124537321,-4.668493799092136,4.453445934729647,4.472670814714139,4.036434090459062
998,05/05/2023 15:32:03.326181,1181,True,True,True,True,Eyes,0.7198298,0.001774811,-1.644274,0.9557828,-0.1436728,0.256588,0.0,0.0,0.0,0.0,0.0,0.0,0.0,-1.687037,-0.1057099,-0.8190739,0.9102686,0.004226986,-1.643028,0.01443803,0.6878425,-0.03290655,0.7249699,3.795948,86.93633,358.4006,0.3632115,0.001930293,-0.9317044,0.0,0.0,0.0,2.784837,-0.2797193,-1.282902,-0.2511715,-0.1786877,1.915,0.05157955,-0.02785034,-0.9982806,0.06757469,0.9974174,-0.02433478,0.9963801,-0.06620333,0.05332831,moving,-11.746535627797867,-4.9773989597090775,-7.472263895501002,-5.330805344446766,1.8745684,-0.283946286,0.36012599999999995,-0.20284649300979374,-0.08495902564889576,0.9755179650903912,-11.266884707554825,-4.318872577131545,4.277367593134042,4.288857063867413,3.9272324902962206
999,05/05/2023 15:32:03.346136,1182,True,True,True,True,Eyes,0.7286156,0.001846472,-1.644416,0.9562494,-0.1455375,0.2537831,0.0,0.0,0.0,0.0,0.0,0.0,0.0,-1.686029,-0.111757,-0.8319934,0.9205646,0.005137448,-1.643146,0.01562791,0.6884597,-0.03448933,0.7242857,4.021291,87.03732,358.3661,0.3670221,0.001836266,-0.9302102,0.0,0.0,0.0,2.792933,-0.2962975,-1.281961,-0.2549702,-0.1813144,1.915,0.04966748,-0.02844186,-0.9983609,0.07147862,0.9971325,-0.02485087,0.9962049,-0.07012716,0.05155805,moving,-11.679256499787522,-4.865638003420013,-7.583968125094235,-5.408706530481044,1.8723684,-0.301434948,0.3611850000000001,-0.20173299722032417,-0.08307552781088297,0.9759109566265087,-11.198887322889055,-4.208790386031854,4.1226334742680635,4.131139104046513,3.8088632897880905
1000,05/05/2023 15:32:03.356543,1183,True,True,True,True,Eyes,0.7374463,0.001942018,-1.644572,0.9566699,-0.1475405,0.2510269,0.0,0.0,0.0,0.0,0.0,0.0,0.0,-1.685255,-0.117603,-0.8440964,0.9303033,0.005768696,-1.643446,0.01776028,0.6890267,-0.03636722,0.7236051,4.348272,87.13416,358.3819,0.370859,0.001755419,-0.9286873,0.0,0.0,0.0,2.802267,-0.3054054,-1.281196,-0.2590643,-0.1841456,1.915,0.04783934,-0.0281564,-0.9984582,0.07710563,0.996724,-0.02441311,0.9958746,-0.07581882,0.04985363,moving,-11.61621719060296,-4.6501161204827755,-7.704293939219193,-5.492650200034796,1.8719637,-0.311174096,0.36224999999999996,-0.20071912925156604,-0.07942088248690023,0.9764241679758674,-11.135050398175151,-3.997705512747344,3.99690841960434,4.001625569680841,3.742318732913727
1001,05/05/2023 15:32:03.376276,1184,True,True,True,True,Eyes,0.7463171,0.002070247,-1.644735,0.9570739,-0.1495651,0.248274,0.0,0.0,0.0,0.0,0.0,0.0,0.0,-1.684129,-0.1217794,-0.8571051,0.9402404,0.00650942,-1.643671,0.01990488,0.6897366,-0.03771346,0.7228035,4.634514,87.255,358.4443,0.3747189,0.001687745,-0.9271366,0.0,0.0,0.0,2.81044,-0.3180996,-1.281088,-0.2627358,-0.1866845,1.915001,0.04568222,-0.02706061,-0.9985895,0.08197709,0.996363,-0.02325008,0.9955868,-0.08079935,0.04773448,moving,-11.580289226324135,-4.468556813800887,-7.812137402390061,-5.56790433129545,1.8701995999999999,-0.32460901999999997,0.3625830000000001,-0.2001552104797949,-0.07633538318315608,0.9767860304423328,-11.098601798411638,-3.820192953175912,3.9229143103806328,3.9252430666697764,3.722276626948347
1002,05/05/2023 15:32:03.396296,1185,True,True,True,True,Eyes,0.7552317,0.002226928,-1.644947,0.9575337,-0.1512879,0.2454411,0.0,0.0,0.0,0.0,0.0,0.0,0.0,-1.682839,-0.1226106,-0.8708717,0.9500882,0.007433204,-1.643981,0.02136312,0.690605,-0.03785347,0.7219248,4.768428,87.39939,358.554,0.3785987,0.001633712,-0.9255592,0.0,0.0,0.0,2.819074,-0.32976,-1.281503,-0.2667283,-0.1894456,1.915,0.04326363,-0.02514776,-0.9987472,0.08416169,0.9962215,-0.02143846,0.9955125,-0.08312874,0.04521659,moving,-11.564629178717121,-4.412901213878433,-7.9293548400405145,-5.649728722050366,1.8689858,-0.337193204,0.36247799999999986,-0.19990264041653155,-0.07539049078204413,0.9769111306282939,-11.082741229223025,-3.7656942833802356,3.8385994451511505,3.839916900456497,3.673340643824989
1003,05/05/2023 15:32:03.406035,1186,True,True,True,True,Eyes,0.7641931,0.002404924,-1.645166,0.9580131,-0.1528215,0.2426039,0.0,0.0,0.0,0.0,0.0,0.0,0.0,-1.681325,-0.1210784,-0.8854617,0.9600837,0.008317064,-1.644302,0.02203063,0.6915975,-0.03710816,0.7209928,4.766527,87.56062,358.6754,0.3824949,0.001593492,-0.923956,0.0,0.0,0.0,2.828627,-0.3362953,-1.283095,-0.2705175,-0.1920656,1.915,0.04063184,-0.02303678,-0.9989086,0.08398209,0.9962752,-0.01955997,0.9956386,-0.08309566,0.04241518,moving,-11.565081085620387,-4.480411675600589,-8.040537953475878,-5.727347548656699,1.8685433,-0.344612364,0.36120699999999983,-0.1998927639868363,-0.07654167083260739,0.9768236373373271,-11.083273045932994,-3.8314678757072542,3.737491380457635,3.7386165037164782,3.585051823498917
1004,05/05/2023 15:32:03.427121,1187,True,True,True,True,Eyes,0.7732095,0.002582279,-1.645437,0.9585556,-0.1538921,0.2397674,0.0,0.0,0.0,0.0,0.0,0.0,0.0,-1.679794,-0.1169896,-0.9004465,0.9701788,0.008966913,-1.64465,0.02139004,0.6926276,-0.03536141,0.7201105,4.57655,87.72215,358.7758,0.386405,0.001566841,-0.9223276,0.0,0.0,0.0,2.839224,-0.3385284,-1.285147,-0.27442,-0.1947644,1.915,0.03803315,-0.02129757,-0.9990495,0.0805589,0.9965841,-0.01817818,0.996024,-0.07979095,0.03961898,moving,-11.563604019646197,-4.712819463249751,-8.154981838002296,-5.807278814947107,1.8690452000000002,-0.34749531300000003,0.3595029999999999,-0.1998049935237089,-0.08050476652084587,0.9765228978200892,-11.082044362004018,-4.057841868460662,3.578193081520119,3.5800204538120486,3.4100182769520675
1005,05/05/2023 15:32:03.446170,1188,True,True,True,True,Eyes,0.7822789,0.002756727,-1.645712,0.9591173,-0.1547847,0.2369297,0.0,0.0,0.0,0.0,0.0,0.0,0.0,-1.678099,-0.1127909,-0.9158657,0.980521,0.009125313,-1.645006,0.02007766,0.6936896,-0.03355009,0.7192121,4.325751,87.88598,358.8275,0.3903266,0.001552316,-0.9206749,0.0,0.0,0.0,2.851068,-0.3347247,-1.287085,-0.2783686,-0.1974951,1.915,0.03533817,-0.02040393,-0.9991671,0.07611459,0.9969425,-0.0176665,0.9964728,-0.07542689,0.03678314,moving,-11.561191281858488,-5.005508171688493,-8.270710995857614,-5.888131793861441,1.8705470000000002,-0.343850013,0.35792099999999993,-0.1996805815699133,-0.08549435704117744,0.9761241527149539,-11.079939563894705,-4.342921824845411,3.4035255238526787,3.406799813751622,3.206156420984828
1006,05/05/2023 15:32:03.456855,1189,True,True,True,True,Eyes,0.7914068,0.002920008,-1.645936,0.9597504,-0.155424,0.2339285,0.0,0.0,0.0,0.0,0.0,0.0,0.0,-1.676136,-0.1105729,-0.9313514,0.9908737,0.009198752,-1.645344,0.01881839,0.6947755,-0.03233904,0.718253,4.127114,88.0542,358.8334,0.394258,0.001548498,-0.9189982,0.0,0.0,0.0,2.863566,-0.3290421,-1.28914,-0.282126,-0.2000932,1.915,0.03248247,-0.0203061,-0.9992661,0.07260432,0.9972001,-0.017904,0.9968319,-0.07196946,0.03386585,moving,-11.550346941683324,-5.240102967856023,-8.380773238463386,-5.9650367987158335,1.8726923000000002,-0.338240852,0.35620399999999997,-0.19942547040874115,-0.08949506775420113,0.9758176611377424,-11.069263563646155,-4.571257827094421,3.2468086326624594,3.251419154656692,3.0282998613636987
1007,05/05/2023 15:32:03.476567,1190,True,True,True,True,Eyes,0.8005877,0.003051161,-1.646161,0.9603834,-0.1560031,0.230926,0.0,0.0,0.0,0.0,0.0,0.0,0.0,-1.673837,-0.10971,-0.9473063,1.001437,0.009006426,-1.645661,0.01806817,0.6959242,-0.03171311,0.7171873,4.017224,88.23489,358.8316,0.3981995,0.001553663,-0.9172972,0.0,0.0,0.0,2.875795,-0.325014,-1.291079,-0.2859917,-0.2027663,1.915001,0.02936782,-0.02034034,-0.9993618,0.07063662,0.9973357,-0.01822332,0.9970698,-0.07005636,0.03072639,moving,-11.551549773103023,-5.384673171267375,-8.493938462074714,-6.044136195758207,1.8743580000000002,-0.33402042600000004,0.35458199999999995,-0.19940104101034328,-0.09195745850071248,0.9755937219720364,-11.070639588429783,-4.712112841645404,3.122802167521191,3.127919182139917,2.9006335360505986
1008,05/05/2023 15:32:03.496159,1191,True,True,True,True,Eyes,0.809821,0.003141319,-1.646334,0.9609876,-0.1565854,0.228,0.0,0.0,0.0,0.0,0.0,0.0,0.0,-1.671419,-0.1090713,-0.9630344,1.011907,0.00835807,-1.645888,0.01773418,0.6970425,-0.03139124,0.716123,3.965843,88.41264,358.8376,0.4021495,0.001565113,-0.9155724,0.0,0.0,0.0,2.887804,-0.3241306,-1.293429,-0.289832,-0.2054217,1.915,0.02629297,-0.02023702,-0.9994495,0.06968293,0.9974002,-0.01836235,0.9972227,-0.06916176,0.02763482,moving,-11.555324120441703,-5.469470410339881,-8.606302766204802,-6.122695188825156,1.8758970000000001,-0.33248867,0.3524590000000001,-0.19943841131984041,-0.09340050695171721,0.9754490351824132,-11.074542550429797,-4.79478613998222,3.0155656662439863,3.0205015409650735,2.8027754234740248
1009,05/05/2023 15:32:03.506383,1192,True,True,True,True,Eyes,0.8191049,0.003192462,-1.646511,0.9615701,-0.1572456,0.2250705,0.0,0.0,0.0,0.0,0.0,0.0,0.0,-1.669114,-0.1107012,-0.9783283,1.022405,0.007402574,-1.646194,0.01839894,0.6980776,-0.03200935,0.7150698,4.071602,88.58115,358.8459,0.4061081,0.001579952,-0.9138234,0.0,0.0,0.0,2.899351,-0.3258227,-1.295421,-0.2938853,-0.2082247,1.915,0.02332619,-0.02009004,-0.9995261,0.0714656,0.9972737,-0.01837696,0.9971703,-0.07100306,0.02469838,moving,-11.55030864933231,-5.400875980849124,-8.724822355826571,-6.205592496890642,1.8769459999999998,-0.333225274,0.350773,-0.1993747801820709,-0.0922338437203428,0.9755729501188224,-11.069405756967873,-4.727874522737659,2.9348591810257174,2.9378463993168182,2.7714115060817126
1010,05/05/2023 15:32:03.526079,1193,True,True,True,True,Eyes,0.8284354,0.003208709,-1.646596,0.961408,-0.1602795,0.2236178,0.0,0.0,0.0,0.0,0.0,0.0,0.0,-1.666501,-0.1132326,-0.9937893,1.032924,0.006539692,-1.646417,0.01931313,0.6991507,-0.03288789,0.7139565,4.218754,88.75719,358.8535,0.4100736,0.001595693,-0.9120508,0.0,0.0,0.0,2.909974,-0.3328632,-1.297481,-0.2976819,-0.2108502,1.915,0.0202132,-0.01995545,-0.9995965,0.0739666,0.9970908,-0.01840971,0.9970559,-0.07356465,0.02163046,moving,-11.64028805535625,-5.436905931467451,-8.835767778479909,-6.283216688625425,1.87705,-0.339402892,0.3489359999999999,-0.2008956409293931,-0.09281786183802807,0.9752053973602051,-11.160218175997567,-4.76459145069836,2.926824560703866,2.929432689291879,2.776561229972974
1011,05/05/2023 15:32:03.546228,1194,True,True,True,True,Eyes,0.8378313,0.003194283,-1.646684,0.9612589,-0.1632565,0.2221008,0.0,0.0,0.0,0.0,0.0,0.0,0.0,-1.663608,-0.1179912,-1.009455,1.043643,0.006079663,-1.646598,0.02033871,0.7002438,-0.03425181,0.7127916,4.414064,88.93739,358.8308,0.4140466,0.001610343,-0.9102541,0.0,0.0,0.0,2.920398,-0.3412184,-1.299642,-0.3015436,-0.2135204,1.915,0.01697094,-0.02034468,-0.9996489,0.07731292,0.9968263,-0.01897471,0.9968625,-0.07696376,0.01848997,moving,-11.727773163497726,-5.427865878278575,-8.948547092892852,-6.362138710147897,1.876755,-0.347298063,0.34695600000000004,-0.2023879476895275,-0.09263494966046797,0.9749143591688061,-11.248463638062331,-4.757358475546155,2.9302090353801096,2.932057856847121,2.804449271445774
1012,05/05/2023 15:32:03.566351,1195,True,True,True,True,Eyes,0.8472801,0.003130386,-1.646747,0.9611408,-0.1661019,0.2204962,0.0,0.0,0.0,0.0,0.0,0.0,0.0,-1.660393,-0.1215193,-1.025775,1.054623,0.005410124,-1.646702,0.0207028,0.7014089,-0.03516631,0.7115901,4.519349,89.12669,358.7926,0.4180265,0.001622341,-0.9084331,0.0,0.0,0.0,2.930737,-0.3505978,-1.301789,-0.3054059,-0.2161914,1.915,0.0135779,-0.02100574,-0.9996873,0.07909025,0.9966695,-0.01986811,0.996775,-0.07879574,0.01519408,moving,-11.817374933606212,-5.504717379012612,-9.061274045791055,-6.441060131155089,1.876114,-0.35600792400000003,0.344913,-0.20388779441064603,-0.09391267736239808,0.9744794657373124,-11.338941007548545,-4.833835014613403,2.9089956904334677,2.9108125761211836,2.7876404653261924
1013,05/05/2023 15:32:03.576580,1196,True,True,True,True,Eyes,0.8567819,0.003011108,-1.646809,0.961026,-0.1689604,0.2188184,0.0,0.0,0.0,0.0,0.0,0.0,0.0,-1.657001,-0.1245122,-1.041847,1.065293,0.004230792,-1.646734,0.02144213,0.7025797,-0.03615094,0.7103626,4.661063,89.31913,358.7794,0.4220123,0.001629283,-0.9065884,0.0,0.0,0.0,2.941934,-0.3571609,-1.304024,-0.3093284,-0.2189039,1.915,0.01014971,-0.02123095,-0.9997231,0.08149017,0.9964667,-0.02033447,0.9966225,-0.08126121,0.01184398,moving,-11.907946312734731,-5.540994426065141,-9.175685662617465,-6.521182660244139,1.8766409999999998,-0.361391692,0.34270999999999985,-0.20541652467243415,-0.09449879327931124,0.9741016944256761,-11.430350891372377,-4.870803298697239,2.9012988795554375,2.9027602785283824,2.794148766758205
1014,05/05/2023 15:32:03.596183,1197,True,True,True,True,Eyes,0.866348,0.00284628,-1.646973,0.9609316,-0.1716347,0.2171452,0.0,0.0,0.0,0.0,0.0,0.0,0.0,-1.653044,-0.128816,-1.058509,1.076079,0.002748811,-1.646704,0.02236374,0.7038593,-0.03757067,0.7089927,4.853045,89.53054,358.7468,0.4260031,0.001628702,-0.9047199,0.0,0.0,0.0,2.952594,-0.3654925,-1.306496,-0.3131393,-0.2215391,1.915,0.006341157,-0.02179281,-0.9997425,0.0847565,0.9961766,-0.02117748,0.9963816,-0.08460037,0.00816402,moving,-12.015696934102678,-5.521607160572374,-9.286771492843842,-6.598997361615473,1.876515,-0.368241311,0.34020799999999984,-0.2072552921710683,-0.09413186833027103,0.9737476486428238,-11.539028716698864,-4.8538550375203435,2.9330661433049405,2.933905879412873,2.8492427649737535
1015,05/05/2023 15:32:03.605914,1198,True,True,True,True,Eyes,0.8759752,0.002649426,-1.647129,0.9608709,-0.1742117,0.2153542,0.0,0.0,0.0,0.0,0.0,0.0,0.0,-1.648468,-0.130571,-1.076685,1.087234,0.001529771,-1.646714,0.02199417,0.7053655,-0.03795444,0.7074853,4.856739,89.77277,358.6959,0.4299958,0.001618921,-0.9028292,0.0,0.0,0.0,2.963136,-0.3757106,-1.309394,-0.3170094,-0.2242154,1.915,0.002038075,-0.02267656,-0.9997408,0.08473227,0.9961514,-0.0224224,0.9964018,-0.08466461,0.003951724,moving,-12.144654550870992,-5.690293911544748,-9.399510929615303,-6.678000682534004,1.875902,-0.377240371,0.33732000000000006,-0.20938944088932726,-0.09695323358306304,0.9730139602714769,-11.669311845761007,-5.020500899356025,2.915914693329583,2.9174266343438395,2.8105696451379605
1016,05/05/2023 15:32:03.626135,1199,True,True,True,True,Eyes,1.118693,-0.002813658,-1.648696,0.9584166,-0.2337143,0.1637532,0.0,0.0,0.0,0.0,0.0,0.0,0.0,-1.642886,-0.1327156,-1.09591,1.098349,0.0005707266,-1.646614,0.02178144,0.7071124,-0.03839605,0.7057217,4.878552,90.05549,358.6548,0.4339899,0.001599182,-0.900916,0.0,0.0,0.0,2.975465,-0.3793337,-1.31328,-0.3208627,-0.2268799,1.915001,-0.002964614,-0.02339,-0.999722,0.08499773,0.9961026,-0.02355737,0.9963767,-0.08504394,-0.000964986,moving,-9.384449611280067,-9.047391043779841,-9.511683172597847,-6.75662684445861,1.8771159999999998,-0.3799044266,0.333334,-0.1610824756756598,-0.1551977934218699,0.9746619642919656,-8.888572277901021,-8.241182395526106,2.267197483107917,2.29429487991789,1.6100224754006371
1017,05/05/2023 15:32:03.646123,1200,True,True,True,True,Eyes,1.119151,-0.00285895,-1.64868,0.9584877,-0.2335788,0.1635305,0.0,0.0,0.0,0.0,0.0,0.0,0.0,-1.636294,-0.1323603,-1.117094,1.10991,-0.0002891868,-1.646504,0.02098039,0.7091671,-0.03803533,0.703701,4.788318,90.38618,358.633,0.4518613,0.001161056,-0.8920872,0.7281538,-0.01638925,-0.004702449,2.987862,-0.3833499,-1.318419,-0.3247257,-0.2295515,1.915,-0.008729281,-0.02377379,-0.9996792,0.08328821,0.9962263,-0.02441897,0.9964873,-0.08347465,-0.006716333,moving,-9.693430670071946,-9.15319443024668,-9.624073725631897,-6.8354438565679105,1.8779519999999998,-0.3830607132,0.32808499999999996,-0.1662920043392886,-0.15685985921328222,0.9735203670963395,-9.200393672254469,-8.349807996433153,2.285578495288824,2.318788068696733,1.5725150351394723
1018,05/05/2023 15:32:03.656196,1201,True,True,True,True,Eyes,1.119151,-0.00285895,-1.64868,0.9584877,-0.2335788,0.1635305,0.0,0.0,0.0,0.0,0.0,0.0,0.0,-1.629207,-0.1289509,-1.138409,1.121371,-0.001452591,-1.646039,0.019594,0.7112482,-0.03688337,0.7016993,4.586532,90.71941,358.6267,0.4666215,0.0007996275,-0.8844565,0.6844645,-0.0154059,-0.004420302,3.001709,-0.3836855,-1.325199,-0.3286004,-0.2322309,1.914999,-0.01446865,-0.02388967,-0.9996101,0.07963444,0.9965113,-0.02496826,0.9967192,-0.07996463,-0.01251572,moving,-10.021106190227703,-9.377567834858501,-9.736729723824498,-6.9144649561873655,1.880338,-0.382232909,0.32084,-0.1717545122745116,-0.1605183682145207,0.9719743784020611,-9.53120753546534,-8.574275059751471,2.43749545381198,2.4794648143424034,1.6724858593726362
1019,05/05/2023 15:32:03.679190,1202,True,True,True,True,Eyes,1.119151,-0.00285895,-1.64868,0.9584877,-0.2335788,0.1635305,0.0,0.0,0.0,0.0,0.0,0.0,0.0,-1.622894,-0.128282,-1.158082,1.132846,-0.002594206,-1.645615,0.01897052,0.7129986,-0.03659847,0.6999527,4.516504,91.0032,358.61,0.4788271,0.0005032912,-0.8779088,0.6433966,-0.01448154,-0.004155084,3.016192,-0.3807196,-1.331816,-0.332455,-0.2348965,1.915,-0.01941297,-0.02418248,-0.9995192,0.07828631,0.9966014,-0.02563238,0.996742,-0.07874626,-0.01745375,moving,-10.29811914664327,-9.469374239512298,-9.848716002498628,-6.993045714563564,1.8833460000000002,-0.378125394,0.31379899999999994,-0.1764102529940912,-0.16194017057469165,0.9709040915990519,-9.810763527206888,-8.668690526310327,2.4689545271066256,2.516776936766916,1.6760745584593224
1020,05/05/2023 15:32:03.696393,1203,True,True,True,True,Eyes,1.119151,-0.00285895,-1.64868,0.9584877,-0.2335788,0.1635305,0.0,0.0,0.0,0.0,0.0,0.0,0.0,-1.616767,-0.1263762,-1.177384,1.144487,-0.003535974,-1.645077,0.01820372,0.7146306,-0.03593902,0.698341,4.404139,91.2676,358.6105,0.4889449,0.0002603819,-0.8723143,0.6047928,-0.01361265,-0.003905779,3.029538,-0.3820285,-1.33678,-0.3363306,-0.237576,1.915,-0.02397684,-0.0241775,-0.9994201,0.07621323,0.9967541,-0.02594142,0.9968032,-0.07679104,-0.02205644,moving,-10.559209877246108,-9.599531281559216,-9.961240824585197,-7.072013193170547,1.885051,-0.378492526,0.3082969999999998,-0.18076995554621317,-0.16401336186388726,0.9697534694925849,-10.074300192136535,-8.800178990726312,2.543277736681297,2.5972898712065424,1.7318601111038567
1021,05/05/2023 15:32:03.705951,1204,True,True,True,True,Eyes,1.119151,-0.00285895,-1.64868,0.9584877,-0.2335788,0.1635305,0.0,0.0,0.0,0.0,0.0,0.0,0.0,-1.610718,-0.1246435,-1.196615,1.156302,-0.004448931,-1.644621,0.0180206,0.7162164,-0.03542363,0.6967457,4.350266,91.52757,358.6467,0.4973548,6.122181e-05,-0.8675469,0.5685053,-0.01279589,-0.003671432,3.043212,-0.38182,-1.341107,-0.3401731,-0.2402335,1.915,-0.02844156,-0.02354922,-0.9993181,0.07517583,0.9968408,-0.02563043,0.9967647,-0.07585353,-0.02658134,moving,-10.821613881446853,-9.66462050405097,-10.072728037454715,-7.150305647300937,1.88691,-0.377371069,0.30351400000000006,-0.18517915764025544,-0.1649771487323929,0.9687575399772408,-10.339088514872115,-8.868305114684048,2.5641143044876618,2.6234727378430587,1.7385252583320958
1022,05/05/2023 15:32:03.726352,1205,True,True,True,True,Eyes,1.12192,-0.003069581,-1.648705,0.9584802,-0.2338493,0.163188,0.0,0.0,0.0,0.0,0.0,0.0,0.0,-1.604303,-0.1238141,-1.215597,1.167942,-0.005223692,-1.643983,0.01806307,0.7177994,-0.03514686,0.6951277,4.33392,91.7887,358.6822,0.5043662,-0.0001021946,-0.8634896,0.534395,-0.01202814,-0.003451146,3.056629,-0.3837848,-1.345435,-0.3440974,-0.2429471,1.915,-0.03294242,-0.0229318,-0.9991941,0.07479442,0.9968768,-0.02534451,0.9966547,-0.07556906,-0.03112435,moving,-11.06469804937925,-9.707215699614256,-10.186509115437145,-7.230223170032798,1.888687,-0.378561108,0.29854800000000004,-0.18926862911936365,-0.16556589423610882,0.9678664334212677,-10.584361543460629,-8.914171167136564,2.564359708036425,2.6280616041677414,1.7303084729128402
1023,05/05/2023 15:32:03.746162,1206,True,True,True,True,Eyes,1.125054,-0.003274635,-1.648695,0.958499,-0.2341088,0.1627045,0.0,0.0,0.0,0.0,0.0,0.0,0.0,-1.597894,-0.1241495,-1.234516,1.179873,-0.005424268,-1.643343,0.01814292,0.7193223,-0.03502236,0.6935559,4.332881,92.04069,358.7083,0.5103296,-0.000246933,-0.8599786,0.5023313,-0.01130645,-0.003244077,3.069628,-0.386781,-1.349725,-0.3479166,-0.2455879,1.915,-0.03730251,-0.02247871,-0.9990513,0.07468113,0.9968885,-0.02521848,0.9965097,-0.07555099,-0.03550771,moving,-11.288800932718253,-9.734453799965516,-10.297165020881492,-7.307969535624187,1.8897549999999999,-0.381356732,0.29361799999999993,-0.19304176159965747,-0.1659017433758756,0.9670633419699228,-10.810468838331179,-8.944735694641896,2.5540277833008846,2.62129122127634,1.7153670943311248
1024,05/05/2023 15:32:03.766433,1207,True,True,True,True,Eyes,1.128509,-0.003464102,-1.648836,0.9579465,-0.2353846,0.1641115,0.0,0.0,0.0,0.0,0.0,0.0,0.0,-1.591448,-0.1254523,-1.252851,1.191823,-0.005494962,-1.64244,0.01804725,0.7207276,-0.03508782,0.6920945,4.333304,92.27303,358.7039,0.515758,-0.0003864372,-0.856734,0.4721914,-0.01062806,-0.003049433,3.082771,-0.3896773,-1.353644,-0.3517697,-0.2482526,1.915,-0.04135891,-0.02255388,-0.9988897,0.07458248,0.9968863,-0.02559672,0.9963567,-0.07555833,-0.03954801,moving,-11.59998825300516,-9.834107697464976,-10.408724493016514,-7.386392109859808,1.890948,-0.384182338,0.28879599999999983,-0.19824010652100688,-0.1674063669504094,0.9657514999639736,-11.124509009345118,-9.047410436775179,2.647531306214634,2.722208835425305,1.8086816624725621
1025,05/05/2023 15:32:03.776688,1208,True,True,True,True,Eyes,1.13231,-0.003662146,-1.64893,0.9574761,-0.2364408,0.1653336,0.0,0.0,0.0,0.0,0.0,0.0,0.0,-1.585383,-0.130891,-1.270178,1.203713,-0.004712961,-1.641638,0.01868123,0.7219691,-0.03607092,0.6907319,4.467387,92.48215,358.6863,0.5207444,-0.0005213009,-0.8537123,0.4438599,-0.009990379,-0.002866467,3.09584,-0.3923096,-1.356515,-0.355631,-0.2509226,1.915,-0.04508091,-0.02285615,-0.998722,0.07680523,0.9966999,-0.02627674,0.9960266,-0.07789163,-0.04317671,moving,-11.873577347470992,-9.787892654342642,-10.52044138174352,-7.464942760558435,1.892127,-0.38759663899999997,0.285123,-0.20288208269431873,-0.16646577368023813,0.9649497085234366,-11.400455749588897,-9.007310428439839,2.6106845953696665,2.688321623388332,1.7757599248040876
1026,05/05/2023 15:32:03.796178,1209,True,True,True,True,Eyes,1.136403,-0.00384714,-1.649217,0.9569467,-0.2378892,0.1663182,0.0,0.0,0.0,0.0,0.0,0.0,0.0,-1.579324,-0.1275971,-1.28811,1.215841,-0.005142544,-1.640572,0.01686081,0.7232135,-0.03487155,0.6895375,4.226041,92.68077,358.6381,0.5253481,-0.0006523826,-0.8508869,0.4172283,-0.009390957,-0.002694478,3.107833,-0.3984085,-1.358635,-0.3594826,-0.2535864,1.915,-0.04850766,-0.02370256,-0.9985417,0.07247843,0.9969994,-0.02718684,0.9961898,-0.07369148,-0.04664415,moving,-12.122249050762074,-10.145525901097885,-10.631797084235988,-7.543282896193832,1.891992,-0.39326595599999997,0.2819369999999999,-0.20685617980975546,-0.17233907263464499,0.9630730848106568,-11.651719851796381,-9.360171982953037,2.9092426734609473,2.9988524006848944,2.0835854686987894
1027,05/05/2023 15:32:03.806271,1210,True,True,True,True,Eyes,1.140827,-0.00392226,-1.649461,0.9564406,-0.2393064,0.1671939,0.0,0.0,0.0,0.0,0.0,0.0,0.0,-1.574446,-0.1337501,-1.30312,1.227254,-0.004644255,-1.639731,0.01798643,0.7240654,-0.03617285,0.6885473,4.424883,92.82786,358.6341,0.5296143,-0.0007793512,-0.8482379,0.3921946,-0.008827499,-0.00253281,3.122597,-0.3932607,-1.359926,-0.3635304,-0.2563849,1.915001,-0.05115839,-0.02376673,-0.9984077,0.07586014,0.996736,-0.027614,0.9958053,-0.07715204,-0.04918839,moving,-12.315597320056884,-10.048608786613359,-10.748732232376497,-7.6255499610411155,1.8953429999999998,-0.38861644500000003,0.2798050000000001,-0.21017000418857995,-0.1705864906671815,0.9626675403002629,-11.846662024125465,-9.269237315538032,2.7967127170265873,2.8855294618449503,1.9766532186863233
1028,05/05/2023 15:32:03.826266,1211,True,True,True,True,Eyes,1.145588,-0.003948452,-1.649595,0.9561071,-0.2401284,0.1679211,0.0,0.0,0.0,0.0,0.0,0.0,0.0,-1.569913,-0.1410209,-1.318444,1.239633,-0.002051621,-1.638937,0.01782522,0.7248002,-0.03705518,0.687731,4.487012,92.94996,358.5557,0.5335903,-0.000897104,-0.8457423,0.3686629,-0.008297849,-0.002380841,3.133364,-0.4019938,-1.359775,-0.3675801,-0.2591855,1.915001,-0.05341665,-0.02512854,-0.998256,0.07680742,0.9966184,-0.02919729,0.9956139,-0.07823312,-0.05130603,moving,-12.464652108793604,-10.065927123951447,-10.86563708604852,-7.707851000567589,1.8937309999999998,-0.399942179,0.27916200000000013,-0.2126663117085339,-0.17078308002312764,0.962084253287768,-11.997049084651554,-9.28878875020483,2.759516446671529,2.849100217022473,1.9440826316828648
1029,05/05/2023 15:32:03.845827,1212,True,True,True,True,Eyes,1.150603,-0.003956725,-1.649697,0.9557858,-0.2410063,0.1684924,0.0,0.0,0.0,0.0,0.0,0.0,0.0,-1.56332,-0.1275259,-1.338685,1.252375,-0.001097665,-1.63825,0.01140922,0.7263169,-0.03257348,0.6864929,3.610995,93.17828,358.3837,0.5373199,-0.001004107,-0.8433775,0.3465431,-0.007799978,-0.002237991,3.145963,-0.4031845,-1.35924,-0.3709595,-0.2615225,1.915,-0.05719458,-0.02814951,-0.9979661,0.06129635,0.9976176,-0.03165264,0.9964796,-0.06298204,-0.05533288,moving,-12.704225107363966,-11.05236212534963,-10.963127619151217,-7.776507799758821,1.893588,-0.402086835,0.27901,-0.2160312867605434,-0.1871791767626838,0.9582769223487111,-12.239841564975878,-10.254035277982293,3.5899308944487203,3.7098035023371194,2.7871384796625254
1030,05/05/2023 15:32:03.856339,1213,True,True,True,True,Eyes,1.155901,-0.003877809,-1.649747,0.9553638,-0.2423052,0.1690217,0.0,0.0,0.0,0.0,0.0,0.0,0.0,-1.556369,-0.1361485,-1.35546,1.263542,-0.0006219102,-1.637546,0.01157599,0.7276226,-0.03438248,0.6850178,3.778213,93.39768,358.2622,0.5408374,-0.001100523,-0.8411261,0.3257505,-0.007331979,-0.002103711,3.165878,-0.3747604,-1.361731,-0.3748805,-0.2642344,1.914999,-0.0612336,-0.03025932,-0.9976647,0.06395113,0.9973677,-0.03417543,0.9960728,-0.06589446,-0.05913724,moving,-12.927252567132772,-11.012218416760904,-11.076161186536565,-7.856149747323919,1.9023360000000002,-0.3741384898,0.2758149999999999,-0.2197951691850697,-0.18634718411816908,0.9575828663580538,-12.464788179570094,-10.218940326654895,3.5365228814011904,3.6588671396375294,2.740632089054741
1031,05/05/2023 15:32:03.876198,1214,True,True,True,True,Eyes,1.16145,-0.003759737,-1.649776,0.9550812,-0.2432074,0.1693224,0.0,0.0,0.0,0.0,0.0,0.0,0.0,-1.547925,-0.1442428,-1.375036,1.27572,0.001557852,-1.637113,0.0116036,0.7293355,-0.0355971,0.6831311,3.886374,93.68537,358.1787,0.5441751,-0.001183074,-0.8389707,0.3062055,-0.006892061,-0.001977489,3.177144,-0.3815612,-1.363799,-0.3787576,-0.2669149,1.915,-0.06639469,-0.03170913,-0.9972895,0.0655608,0.9971964,-0.03607089,0.9956373,-0.06777801,-0.06412974,moving,-13.211890141893166,-11.0048910454824,-11.187832229663233,-7.934831491486232,1.9014240000000002,-0.383119052,0.27331400000000006,-0.22456385195682316,-0.18601727151147324,0.9565399438830042,-12.751924446460132,-10.216921535423035,3.5498523798438644,3.6772375633270897,2.766644073833878
1032,05/05/2023 15:32:03.896083,1215,True,True,True,True,Eyes,1.167232,-0.003630477,-1.649694,0.9547151,-0.2445796,0.1694108,0.0,0.0,0.0,0.0,0.0,0.0,0.0,-1.539572,-0.1341736,-1.39553,1.287328,0.002545799,-1.636633,0.008291654,0.7312069,-0.03243187,0.6813341,3.366779,93.99011,358.1591,0.5473592,-0.001251203,-0.8368967,0.2878332,-0.006478537,-0.001858839,3.190094,-0.384905,-1.36866,-0.3825752,-0.2695548,1.915,-0.07143055,-0.03206804,-0.9969301,0.05631969,0.9977588,-0.03613003,0.9958544,-0.05872757,-0.06946436,moving,-13.520653141269117,-11.63965991209786,-11.297711001282543,-8.01229604831854,1.9027660000000002,-0.387450799,0.267973,-0.22924322338209507,-0.1963830161400974,0.9533527036547991,-13.064120793335936,-10.840836100826515,4.10115590181493,4.25432019927745,3.3347927045176182
1033,05/05/2023 15:32:03.906888,1216,True,True,True,True,Eyes,1.173231,-0.003446209,-1.649619,0.9543757,-0.2459816,0.1692922,0.0,0.0,0.0,0.0,0.0,0.0,0.0,-1.531541,-0.1361688,-1.414246,1.298526,0.002967563,-1.636482,0.008100052,0.7328932,-0.03261836,0.6795132,3.372069,94.27393,358.1368,0.5504155,-0.001305817,-0.8348897,0.2705632,-0.006089825,-0.001747309,3.206667,-0.3692588,-1.374388,-0.3866168,-0.2723497,1.915,-0.07639287,-0.03245626,-0.9965495,0.05620215,0.9977409,-0.03680337,0.9954927,-0.05881973,-0.07439616,moving,-13.789260356855122,-11.75075069317105,-11.413945282312483,-8.094276760538541,1.9081409999999999,-0.372226363,0.26209400000000005,-0.2336316292210477,-0.1980184517377092,0.9519478598478015,-13.335218700365132,-10.953886308537557,4.198211655519221,4.360266428025992,3.4450919166145404
1034,05/05/2023 15:32:03.926556,1217,True,True,True,True,Eyes,1.179466,-0.003218819,-1.649467,0.9540331,-0.2476828,0.1687431,0.0,0.0,0.0,0.0,0.0,0.0,0.0,-1.522557,-0.1440581,-1.433531,1.309785,0.004340907,-1.636578,0.009422536,0.7347621,-0.03409121,0.6774024,3.604192,94.59352,358.143,0.5533633,-0.001345559,-0.8329387,0.2543294,-0.005724436,-0.00164247,3.219266,-0.3713854,-1.379717,-0.3904597,-0.2750073,1.915,-0.08207478,-0.03234028,-0.9961014,0.06003357,0.997498,-0.03733215,0.9948165,-0.06286354,-0.07992792,moving,-14.06937165112402,-11.648621716069242,-11.524376836621519,-8.172199225393598,1.9094810000000002,-0.375726307,0.256861,-0.23837710313440325,-0.19608864079330612,0.951170731657647,-13.617682197477112,-10.859434919631157,4.144187948943162,4.308423370505744,3.4063415874176775
1035,05/05/2023 15:32:03.946511,1218,True,True,True,True,Eyes,1.185883,-0.003011005,-1.64933,0.9537714,-0.2492299,0.167942,0.0,0.0,0.0,0.0,0.0,0.0,0.0,-1.512357,-0.1368165,-1.45592,1.321516,0.00540396,-1.63683,0.006730657,0.7370565,-0.03173324,0.6750523,3.202522,94.97554,358.1104,0.5562224,-0.001369816,-0.8310321,0.2390696,-0.005380969,-0.001543922,3.230543,-0.3801114,-1.38674,-0.3940755,-0.2775074,1.915001,-0.08851844,-0.03292143,-0.9955304,0.05276493,0.9978954,-0.03769129,0.9946761,-0.05586546,-0.08659499,moving,-14.399354420999389,-12.184341069638839,-11.62819724287305,-8.24547167756153,1.909027,-0.38551536,0.2500899999999999,-0.24341262803006875,-0.2047096370410976,0.948073941680694,-13.951173805149729,-11.387241819825354,4.62494268193356,4.816015385536533,3.9072931468866297
1036,05/05/2023 15:32:03.956320,1219,True,True,True,True,Eyes,1.185883,-0.003011005,-1.64933,0.9537714,-0.2492299,0.167942,0.0,0.0,0.0,0.0,0.0,0.0,0.0,-1.501262,-0.1334603,-1.477642,1.332366,0.00511911,-1.637009,0.00592328,0.7394559,-0.03079096,0.6724744,3.066996,95.38195,358.1262,0.5590062,-0.001381128,-0.8291621,0.2247255,-0.005058111,-0.001451287,3.24677,-0.3681661,-1.395784,-0.3980899,-0.2802833,1.915,-0.09548621,-0.03265226,-0.9948951,0.05017228,0.9980337,-0.03757061,0.9941655,-0.05350363,-0.09366025,moving,-14.807048781996137,-12.35644620059759,-11.743384442236533,-8.326804366351828,1.9144040000000002,-0.37328521,0.24122500000000002,-0.2500187629759025,-0.207196633920421,0.9458118813633165,-14.362652485105102,-11.562230761708912,4.853937200147786,5.062020594487759,4.1627573842545615
1037,05/05/2023 15:32:03.976158,1220,True,True,True,True,Eyes,1.185883,-0.003011005,-1.64933,0.9537714,-0.2492299,0.167942,0.0,0.0,0.0,0.0,0.0,0.0,0.0,-1.489601,-0.1384623,-1.499475,1.343399,0.005397493,-1.637607,0.007939105,0.7419421,-0.03184077,0.6696604,3.318193,95.81127,358.2284,0.5615062,-0.001391296,-0.8274712,0.2112419,-0.004754624,-0.00136421,3.260374,-0.3665734,-1.4059,-0.401891,-0.282912,1.915,-0.1029838,-0.0308643,-0.994204,0.05442572,0.9978462,-0.03661501,0.993193,-0.05788102,-0.1010823,moving,-15.246428569336393,-12.123210888494414,-11.852357080205465,-8.40378900226274,1.916975,-0.37197089299999997,0.2317070000000001,-0.2574993502734083,-0.20293263059097788,0.944728730338063,-14.805639769207641,-11.342926278998245,4.826063742202759,5.035257733335069,4.166582121194315
1038,05/05/2023 15:32:03.996021,1221,True,True,True,True,Eyes,1.193335,-0.00275965,-1.649323,0.9537614,-0.2505449,0.1660316,0.0,0.0,0.0,0.0,0.0,0.0,0.0,-1.477209,-0.1400352,-1.52188,1.354337,0.006214512,-1.638171,0.009283548,0.7445597,-0.0318913,0.6667291,3.432304,96.2638,358.3524,0.5637519,-0.001400436,-0.8259428,0.1985674,-0.004469347,-0.001282357,3.271603,-0.3778588,-1.417369,-0.4057069,-0.285551,1.915,-0.1107725,-0.02870142,-0.9934314,0.05635004,0.9977935,-0.03511075,0.9922472,-0.05986919,-0.1089107,moving,-15.601727891911105,-12.091548787697658,-11.96166658288188,-8.481044554904575,1.917266,-0.384073312,0.22080199999999994,-0.2634003556264357,-0.20207709204078836,0.9432842354098452,-15.164032764739718,-11.318472603251191,4.91229610705547,5.126966661536656,4.278568346100227
1039,05/05/2023 15:32:04.006273,1222,True,True,True,True,Eyes,1.20089,-0.002502991,-1.649351,0.9537016,-0.2521341,0.1639566,0.0,0.0,0.0,0.0,0.0,0.0,0.0,-1.465696,-0.1443349,-1.542855,1.365,0.00647497,-1.638973,0.01132068,0.7469472,-0.03272147,0.6639813,3.664608,96.68175,358.476,0.5660146,-0.001395998,-0.8243939,0.1866534,-0.004201186,-0.001205416,3.283619,-0.3842727,-1.429726,-0.4095799,-0.2882292,1.915001,-0.1180016,-0.026541,-0.9926587,0.0603648,0.9976023,-0.03384899,0.9911771,-0.06391586,-0.1161166,moving,-15.908980479578918,-11.95366427818976,-12.072515355504818,-8.559411516784069,1.9186189999999999,-0.39074767000000005,0.20924699999999996,-0.2685992466299445,-0.19950933232994175,0.9423643583731387,-15.473836386447974,-11.189678017737949,4.9098697290894995,5.122442430769434,4.299684479305009
1040,05/05/2023 15:32:04.026573,1223,True,True,True,True,Eyes,1.20089,-0.002502991,-1.649351,0.9537016,-0.2521341,0.1639566,0.0,0.0,0.0,0.0,0.0,0.0,0.0,-1.455394,-0.1560548,-1.561237,1.375128,0.006911015,-1.639806,0.01459464,0.7489553,-0.03526146,0.6615207,4.136211,97.04296,358.5757,0.5682936,-0.001379127,-0.8228244,0.1754542,-0.003949115,-0.001133091,3.294338,-0.3952136,-1.440989,-0.4135334,-0.2909629,1.915,-0.1243548,-0.0247909,-0.9919281,0.06851383,0.9970872,-0.0335092,0.9898695,-0.07212782,-0.122294,moving,-16.27022352268983,-11.492075383467924,-12.185585923904839,-8.639378097817467,1.9192100000000003,-0.402124615,0.19881700000000002,-0.27497986087440307,-0.19155199849034174,0.9421751540434404,-15.837741908842702,-10.746517107126003,4.789697718935812,4.982182866672549,4.216429549140743
1041,05/05/2023 15:32:04.046207,1224,True,True,True,True,Eyes,1.20089,-0.002502991,-1.649351,0.9537016,-0.2521341,0.1639566,0.0,0.0,0.0,0.0,0.0,0.0,0.0,-1.445257,-0.1651372,-1.580169,1.385568,0.007997327,-1.64107,0.01659796,0.7509862,-0.0369425,0.6590748,4.437133,97.4059,358.6341,0.5703409,-0.001363935,-0.8214067,0.1649269,-0.003712168,-0.001065105,3.302514,-0.4136335,-1.45015,-0.4173791,-0.2936221,1.915,-0.13069,-0.02376607,-0.9911385,0.07362541,0.9967195,-0.03360802,0.9886858,-0.0773652,-0.1285115,moving,-16.629220657740913,-11.212227939782613,-12.295475076961514,-8.717128589422398,1.916946,-0.421630827,0.19091999999999998,-0.28115063548585223,-0.18660056229431604,0.9413472596370991,-16.199586148770127,-10.480359638421618,4.821243240774796,5.000687105497897,4.28381453767241
1042,05/05/2023 15:32:04.056363,1225,True,True,True,True,Eyes,1.209375,-0.002186314,-1.64959,0.9538019,-0.2536975,0.160933,0.0,0.0,0.0,0.0,0.0,0.0,0.0,-1.434588,-0.1703961,-1.599718,1.396059,0.008860558,-1.642291,0.0174288,0.7531063,-0.03773122,0.6565848,4.572369,97.78039,358.6609,0.5721805,-0.001350254,-0.8201264,0.1550313,-0.003489438,-0.001001199,3.312143,-0.4255035,-1.459647,-0.4212968,-0.2963311,1.915,-0.1371853,-0.023296,-0.9902714,0.07579897,0.9965452,-0.03394425,0.9876409,-0.07971819,-0.1349455,moving,-16.81925150331923,-11.185837626427011,-12.407327205073084,-8.796301891633327,1.916084,-0.434364058,0.18264400000000003,-0.2843048731429797,-0.18598658113790925,0.9405209445741467,-16.39126100147634,-10.458069145898586,4.840362107734765,5.01746520080715,4.316618920112402
1043,05/05/2023 15:32:04.076260,1226,True,True,True,True,Eyes,1.217909,-0.001870794,-1.649875,0.9538538,-0.2554546,0.1578159,0.0,0.0,0.0,0.0,0.0,0.0,0.0,-1.423688,-0.1727088,-1.619536,1.406289,0.008762257,-1.643741,0.01743277,0.7553003,-0.03803912,0.6540416,4.603824,98.16494,358.6534,0.5741025,-0.001322152,-0.8187821,0.1457294,-0.003280072,-0.000941127,3.323056,-0.4318896,-1.469501,-0.4251969,-0.2990283,1.915,-0.1438514,-0.02342438,-0.9893222,0.0760923,0.9964983,-0.03465841,0.9866696,-0.08026545,-0.1415652,moving,-17.01041147827768,-11.28579450694761,-12.518581498609917,-8.87509670351935,1.9167669999999999,-0.440651857,0.17423999999999995,-0.28735992149357686,-0.18744878043139604,0.9393014494625234,-16.58421703220757,-10.558880357569773,4.915470912563084,5.097842726653689,4.400513570675502
1044,05/05/2023 15:32:04.096190,1227,True,True,True,True,Eyes,1.226509,-0.001549063,-1.6503,0.9540187,-0.2565931,0.1549462,0.0,0.0,0.0,0.0,0.0,0.0,0.0,-1.413235,-0.1862797,-1.63699,1.416084,0.009112202,-1.645082,0.01938426,0.7572115,-0.04085773,0.6516024,4.998954,98.51411,358.6259,0.5760975,-0.001281195,-0.8173796,0.1369857,-0.003083267,-0.0008846594,3.334522,-0.4355144,-1.479941,-0.4290235,-0.3016742,1.915001,-0.1500773,-0.02389002,-0.9883856,0.08260196,0.9959098,-0.03661423,0.9852176,-0.08713756,-0.1474901,moving,-17.16622890282756,-10.988708876720073,-12.627639595660296,-8.95235539463764,1.9184380000000003,-0.44462660200000004,0.16514099999999998,-0.29019300239465873,-0.1824130060365755,0.9394219182037504,-16.741072677051978,-10.272276100959095,4.812266797648355,4.974487752836693,4.320014165030433
1045,05/05/2023 15:32:04.106204,1228,True,True,True,True,Eyes,1.23517,-0.001237766,-1.650775,0.9542298,-0.2575969,0.1519513,0.0,0.0,0.0,0.0,0.0,0.0,0.0,-1.402284,-0.1894318,-1.656874,1.426687,0.009656144,-1.646811,0.01912938,0.7593557,-0.04118035,0.6490895,5.012577,98.89157,358.596,0.5781545,-0.001228449,-0.815926,0.1287665,-0.002898271,-0.0008315798,3.342607,-0.4505414,-1.488483,-0.4329259,-0.3043727,1.915,-0.1566337,-0.02440745,-0.9873551,0.08251148,0.9958765,-0.03770771,0.9842041,-0.08737443,-0.153974,moving,-17.353945340111014,-11.06757996135999,-12.738775157127304,-9.031125464740738,1.91592,-0.46019754399999996,0.15832800000000002,-0.2932072350577437,-0.18352952659289534,0.9382677133141266,-16.930531125902675,-10.352484606436843,4.8787433246027065,5.0444962815629735,4.3950890870502075
1046,05/05/2023 15:32:04.126340,1229,True,True,True,True,Eyes,1.24391,-0.0009429152,-1.651288,0.95456,-0.257995,0.149177,0.0,0.0,0.0,0.0,0.0,0.0,0.0,-1.392141,-0.1864939,-1.676123,1.436893,0.009694415,-1.648475,0.01826364,0.7613735,-0.0402434,0.6468055,4.870652,99.24325,358.6055,0.5802663,-0.001165673,-0.8144258,0.1210405,-0.002724375,-0.000781685,3.354524,-0.4528155,-1.498778,-0.4368377,-0.3070779,1.915,-0.1626183,-0.0242484,-0.9863911,0.07987021,0.9960938,-0.03765446,0.9834512,-0.08490656,-0.1600464,moving,-17.541710106715385,-11.251395817002845,-12.850074297974121,-9.110051965582064,1.917631,-0.462509915,0.14969699999999997,-0.2961197357750439,-0.18636350330756724,0.9367933270863155,-17.12015636211098,-10.534926160677687,4.981055530247251,5.157208552296569,4.501540548113799
1047,05/05/2023 15:32:04.146237,1230,True,True,True,True,Eyes,1.252718,-0.0006722687,-1.651866,0.9549338,-0.2582577,0.1463021,0.0,0.0,0.0,0.0,0.0,0.0,0.0,-1.382852,-0.186542,-1.694914,1.447483,0.009517605,-1.65061,0.01782069,0.763223,-0.04004074,0.6446472,4.824052,99.56943,358.5956,0.5824264,-0.001094754,-0.8128824,0.1137781,-0.002560912,-0.0007347839,3.367115,-0.4506768,-1.508716,-0.4405834,-0.3096682,1.915,-0.1682252,-0.02442198,-0.9854462,0.07882663,0.9961584,-0.03814391,0.982592,-0.08409615,-0.1656538,moving,-17.692203348526693,-11.334260357409567,-12.956555183118722,-9.185593501310857,1.919632,-0.460194405,0.14189399999999996,-0.2985093884243623,-0.18757189956333603,0.9357931576864916,-17.272068265261346,-10.618355443735174,5.020584584567255,5.200301222528268,4.547137555188279
1048,05/05/2023 15:32:04.156249,1231,True,True,True,True,Eyes,1.261594,-0.0004358609,-1.652489,0.955417,-0.2579869,0.1436003,0.0,0.0,0.0,0.0,0.0,0.0,0.0,-1.373374,-0.1843118,-1.713798,1.457983,0.009198135,-1.652703,0.01628086,0.7650787,-0.03938755,0.6425249,4.65702,99.89179,358.5223,0.5846289,-0.001017736,-0.8112998,0.1069514,-0.002407258,-0.0006906969,3.379288,-0.4517876,-1.517982,-0.4444104,-0.3123142,1.915001,-0.1737936,-0.02570269,-0.9844468,0.07552724,0.9963671,-0.03934743,0.9818817,-0.08119085,-0.171221,moving,-17.84207625871435,-11.524777442182012,-13.065246669002041,-9.262721431105922,1.9213049999999998,-0.460985735,0.1347210000000001,-0.3007811085204815,-0.19053996197901307,0.934465183014823,-17.423475451080378,-10.806643533121877,5.094879570482645,5.285356972466149,4.6236190991505115
1049,05/05/2023 15:32:04.176228,1232,True,True,True,True,Eyes,1.27054,-0.000243284,-1.653186,0.9558943,-0.2577655,0.1407946,0.0,0.0,0.0,0.0,0.0,0.0,0.0,-1.363087,-0.1885801,-1.732459,1.468453,0.008577903,-1.654858,0.0155655,0.766973,-0.04027281,0.6402254,4.686699,100.2284,358.4079,0.5868685,-0.0009369556,-0.8096815,0.1005343,-0.002262822,-0.0006492551,3.392406,-0.4486095,-1.526885,-0.4482845,-0.3149935,1.915001,-0.1797388,-0.02769071,-0.9833247,0.07544396,0.9962717,-0.04184546,0.9808172,-0.08170715,-0.1769796,moving,-17.985695412045718,-11.536292402031805,-13.175185067612578,-9.340790295435571,1.9239529999999998,-0.457187403,0.1279729999999999,-0.3031201644840715,-0.1905796138029401,0.9337010559262376,-17.56837247496059,-10.820443835379841,5.098766483817729,5.287838809378246,4.635673650544304
1050,05/05/2023 15:32:04.196328,1233,True,True,True,True,Eyes,1.279561,-0.0001042064,-1.65388,0.9563521,-0.2574812,0.1381814,0.0,0.0,0.0,0.0,0.0,0.0,0.0,-1.352636,-0.1946748,-1.751299,1.479149,0.007755694,-1.657296,0.01511536,0.7688744,-0.04160221,0.637866,4.775796,100.5696,358.2847,0.5891392,-0.0008549583,-0.8080308,0.0,0.0,0.0,3.404027,-0.4518811,-1.535828,-0.4521921,-0.3176957,1.915001,-0.1857969,-0.02982963,-0.9821351,0.07631688,0.9960815,-0.04469059,0.9796199,-0.08325687,-0.1827925,moving,-18.141885636344572,-11.490135038001604,-13.285974163212678,-9.419490986061424,1.924878,-0.45963679399999996,0.12146800000000013,-0.3057196613414567,-0.18966186755591524,0.9330401231985028,-17.7258864243703,-10.77828860613216,5.095229047983053,5.278962305674213,4.643183375561177
1051,05/05/2023 15:32:04.206099,1234,True,True,True,True,Eyes,1.288633,-2.62499e-05,-1.654653,0.9567753,-0.2573457,0.1354783,0.0,0.0,0.0,0.0,0.0,0.0,0.0,-1.343007,-0.1998746,-1.769382,1.489693,0.006492451,-1.65985,0.01486909,0.7706242,-0.04282122,0.6356758,4.870387,100.8855,358.187,0.5914386,-0.0007744679,-0.8063494,0.0,0.0,0.0,3.415404,-0.4571848,-1.545124,-0.4560487,-0.3203627,1.914999,-0.1913907,-0.03152387,-0.9810076,0.07735778,0.9958905,-0.0470943,0.9784608,-0.08490198,-0.1881655,moving,-18.27272427278962,-11.436870991245595,-13.395231676418064,-9.497141073242378,1.9257110000000002,-0.463677251,0.1147260000000001,-0.30791039480886456,-0.18865438278312344,0.9325239226930524,-17.857817509944603,-10.728754440026918,5.07170077372323,5.2490462164526726,4.629421541276416
1052,05/05/2023 15:32:04.226370,1235,True,True,True,True,Eyes,1.297766,1.269045e-05,-1.655474,0.9571136,-0.2573768,0.1330072,0.0,0.0,0.0,0.0,0.0,0.0,0.0,-1.333838,-0.2071259,-1.786603,1.500013,0.005138879,-1.6625,0.01577549,0.7722694,-0.04446574,0.633541,5.086976,101.1899,358.1604,0.593761,-0.0006982989,-0.8046409,0.0,0.0,0.0,3.426476,-0.4632898,-1.553817,-0.4598916,-0.32302,1.915,-0.1967544,-0.03197588,-0.9799315,0.08070759,0.9955479,-0.04869022,0.9771256,-0.0886679,-0.1932977,moving,-18.415425569143512,-11.250506186871192,-13.503982349522161,-9.574459217101989,1.926463,-0.46842867899999996,0.10868300000000009,-0.310424101910695,-0.18546075753630975,0.932331142943341,-18.001566035615507,-10.549773227022493,5.02788763628086,5.189547951839068,4.602118689403852
1053,05/05/2023 15:32:04.246076,1236,True,True,True,True,Eyes,1.306953,3.621368e-06,-1.656394,0.9574363,-0.2575001,0.1304208,0.0,0.0,0.0,0.0,0.0,0.0,0.0,-1.32478,-0.2137742,-1.804009,1.510498,0.004192544,-1.665403,0.01679712,0.7739148,-0.04585182,0.6314043,5.289168,101.4961,358.164,0.5961028,-0.0006278867,-0.8029076,0.0,0.0,0.0,3.436205,-0.4742428,-1.562097,-0.4640142,-0.3258706,1.915001,-0.2020928,-0.03190299,-0.9788466,0.08390114,0.9952309,-0.04975924,0.9757659,-0.09218233,-0.1984523,moving,-18.558892551860943,-11.074145520257396,-13.620538512248812,-9.657362863685675,1.9257070000000003,-0.47843534400000004,0.1033059999999999,-0.3129380720490438,-0.18243170161719507,0.9320882964814128,-18.14609824314845,-10.380551337634865,4.99138475680637,5.137568852727511,4.582978556222293
1054,05/05/2023 15:32:04.256387,1237,True,True,True,True,Eyes,1.316188,-7.028673e-05,-1.65743,0.9577085,-0.2576675,0.1280703,0.0,0.0,0.0,0.0,0.0,0.0,0.0,-1.315309,-0.2184879,-1.822156,1.52104,0.003051416,-1.668669,0.01744981,0.7756796,-0.04684271,0.6291443,5.429838,101.8228,358.1654,0.5984589,-0.00056495,-0.8011531,0.0,0.0,0.0,3.446023,-0.4841249,-1.571513,-0.4674809,-0.3282678,1.915001,-0.207746,-0.03187073,-0.9776635,0.08601255,0.9950025,-0.05071297,0.9743939,-0.09462675,-0.2039666,moving,-18.737565871032174,-10.967100725577586,-13.718467634346338,-9.727052884081873,1.9249829999999999,-0.487176316,0.09715600000000002,-0.31595772293713476,-0.18049967899489666,0.9314454876533087,-18.326224825659086,-10.279486840491629,5.033208538623198,5.170016030797298,4.640755284464899
1055,05/05/2023 15:32:04.276342,1238,True,True,True,True,Eyes,1.325462,-0.000211805,-1.658561,0.9579555,-0.2579501,0.1256303,0.0,0.0,0.0,0.0,0.0,0.0,0.0,-1.305781,-0.2224177,-1.840358,1.53158,0.00143283,-1.672037,0.01755972,0.7774332,-0.0477839,0.6269021,5.526953,102.1458,358.1226,0.6008247,-0.0005117949,-0.7993804,0.0,0.0,0.0,3.456459,-0.4924214,-1.581668,-0.471342,-0.3309385,1.915,-0.2133711,-0.03260863,-0.9764271,0.08721466,0.9948167,-0.05228112,0.9730707,-0.09631402,-0.2094212,moving,-18.900548797245566,-10.924348211675145,-13.82744877904757,-9.804664742347015,1.9248790000000002,-0.49385423,0.09036899999999992,-0.318657363860629,-0.1796334091312654,0.9306929080688346,-18.490595132882785,-10.24077061967819,5.0641532923857975,5.195193438759253,4.6834946624854235
1056,05/05/2023 15:32:04.285926,1239,True,True,True,True,Eyes,1.334766,-0.0003983146,-1.659827,0.9581565,-0.2583446,0.1232644,0.0,0.0,0.0,0.0,0.0,0.0,0.0,-1.296999,-0.2296405,-1.857269,1.541857,-0.0002952619,-1.67543,0.01821372,0.7789947,-0.04944066,0.6248131,5.726982,102.4392,358.076,0.6031958,-0.00047061,-0.7975928,0.0,0.0,0.0,3.46732,-0.4994363,-1.591568,-0.475271,-0.3336552,1.915,-0.2185539,-0.03340558,-0.975253,0.09015913,0.9944478,-0.05426769,0.9716511,-0.09978836,-0.2143286,moving,-19.035558534090317,-10.784452455460702,-13.938234773437255,-9.883571055242996,1.925463,-0.4991410381,0.08386199999999988,-0.32099267395384967,-0.17721295153100805,0.9303543390700102,-18.626636620141134,-10.106919000104646,5.05814970114011,5.176320780069227,4.693718800764514
1057,05/05/2023 15:32:04.306092,1240,True,True,True,True,Eyes,1.344122,-0.0006128682,-1.661202,0.9583614,-0.2587387,0.1208203,0.0,0.0,0.0,0.0,0.0,0.0,0.0,-1.28889,-0.2382446,-1.873576,1.552174,-0.00150593,-1.679,0.01904802,0.7804258,-0.05125648,0.6228526,5.954115,102.7115,358.0341,0.6055674,-0.0004422656,-0.7957935,0.0,0.0,0.0,3.476968,-0.5098632,-1.60031,-0.4791646,-0.3363474,1.915001,-0.2233835,-0.03411933,-0.9741331,0.09358159,0.9940199,-0.05627554,0.9702279,-0.103732,-0.2188547,moving,-19.14560497527614,-10.613002085306118,-14.047910755866972,-9.96172333257792,1.924794,-0.50835727,0.07869000000000015,-0.32294921060541565,-0.17430563985877917,0.9302264154830805,-18.737459458806015,-9.941879421096113,5.035950413613497,5.139129339523654,4.689590687689082
1058,05/05/2023 15:32:04.326183,1241,True,True,True,True,Eyes,1.353524,-0.0008512301,-1.662708,0.9585506,-0.2590892,0.1185467,0.0,0.0,0.0,0.0,0.0,0.0,0.0,-1.281325,-0.2410125,-1.890762,1.562831,-0.002381478,-1.682979,0.01882604,0.7818751,-0.0517676,0.620997,5.988761,102.9789,357.9915,0.6079361,-0.0004267362,-0.7939854,0.0,0.0,0.0,3.486332,-0.520651,-1.608514,-0.4830089,-0.3390056,1.915,-0.2280168,-0.03485582,-0.9730331,0.09373426,0.9939314,-0.05756975,0.9691348,-0.1043334,-0.2233659,moving,-19.26553792563634,-10.632047528892214,-14.15610905686092,-10.038862023835689,1.923501,-0.518269522,0.074465,-0.32488474296722675,-0.17449257301056803,0.9295170962113397,-18.85847013409954,-9.962589566220792,5.04286147780163,5.143746923059575,4.70297960749559
1059,05/05/2023 15:32:04.346099,1242,True,True,True,True,Eyes,1.362988,-0.001111101,-1.664333,0.9587879,-0.2592863,0.1161735,0.0,0.0,0.0,0.0,0.0,0.0,0.0,-1.274182,-0.2381382,-1.908367,1.573506,-0.003201054,-1.687064,0.01786219,0.783326,-0.05109283,0.6192504,5.863971,103.2403,357.9667,0.6102985,-0.0004237829,-0.7921712,0.0,0.0,0.0,3.497702,-0.5247754,-1.61737,-0.4868135,-0.3416371,1.915,-0.2324198,-0.03529468,-0.9719748,0.09126232,0.9941409,-0.05792234,0.9683243,-0.102167,-0.227837,moving,-19.380920630942754,-10.793189317319008,-14.26308165649746,-10.115184662724285,1.9241959999999998,-0.521574346,0.06969399999999992,-0.326607725782674,-0.17699494937216756,0.9284395973956321,-18.97505030535549,-10.121641342514822,5.054695044869013,5.162554220538837,4.711973072560464
1060,05/05/2023 15:32:04.356707,1243,True,True,True,True,Eyes,1.372527,-0.001398964,-1.666005,0.9590591,-0.2593404,0.1137898,0.0,0.0,0.0,0.0,0.0,0.0,0.0,-1.266491,-0.2334175,-1.92703,1.584512,-0.003995897,-1.691519,0.0162593,0.7849009,-0.05006847,0.6173812,5.662816,103.5214,357.9096,0.6126522,-0.0004330727,-0.7903522,0.0,0.0,0.0,3.510475,-0.5238532,-1.626457,-0.4907217,-0.3443398,1.914999,-0.2371524,-0.03629878,-0.9707941,0.08734654,0.9944575,-0.0585212,0.9675378,-0.09867394,-0.2326674,moving,-19.511719969974337,-11.035321545590513,-14.372868702795271,-10.193539815166561,1.925963,-0.519857303,0.06506199999999995,-0.3284958162740391,-0.18079165711654624,0.9270408806285277,-19.107273982395338,-10.35986740087577,5.086593222993159,5.207339899398101,4.737326061954448
1061,05/05/2023 15:32:04.375990,1244,True,True,True,True,Eyes,1.382125,-0.001726692,-1.667805,0.9593723,-0.2592808,0.1112572,0.0,0.0,0.0,0.0,0.0,0.0,0.0,-1.257656,-0.2253212,-1.94661,1.595462,-0.005107041,-1.695946,0.01400121,0.7866593,-0.04846563,0.6153229,5.363979,103.8337,357.8348,0.6149966,-0.0004545942,-0.7885293,0.0,0.0,0.0,3.524333,-0.5201125,-1.636596,-0.4946173,-0.3470336,1.914999,-0.2423636,-0.03761566,-0.9694561,0.08167239,0.9949101,-0.05902135,0.9667417,-0.0934824,-0.2380578,moving,-19.6641374632188,-11.377193821050033,-14.482187502124665,-10.271593466700452,1.928871,-0.5150054589999999,0.059350000000000014,-0.33062272573299056,-0.1861734146113865,0.9252178017789079,-19.26141839319487,-10.695644246389936,5.156667064944541,5.298580710229999,4.798006562512702
1062,05/05/2023 15:32:04.396338,1245,True,True,True,True,Eyes,1.3918,-0.002086791,-1.669683,0.9597367,-0.2590462,0.1086303,0.0,0.0,0.0,0.0,0.0,0.0,0.0,-1.247446,-0.2204579,-1.966942,1.606523,-0.006410673,-1.700773,0.01273336,0.7886203,-0.04753393,0.6129081,5.197044,104.1922,357.8026,0.6173295,-0.0004888717,-0.7867042,0.0,0.0,0.0,3.539023,-0.5132949,-1.64794,-0.4984726,-0.3496994,1.915,-0.2483629,-0.03818429,-0.9679141,0.07835143,0.9951568,-0.05936369,0.965493,-0.0905812,-0.2441683,moving,-19.861179142474963,-11.568084198103309,-14.590262131885641,-10.348792602401609,1.9324999999999999,-0.506884227,0.05283300000000013,-0.3336163862151611,-0.18904352421941387,0.9235597771334891,-19.460410204848536,-10.885144305746728,5.256560176020598,5.410105186395979,4.899593391523975
1063,05/05/2023 15:32:04.405965,1246,True,True,True,True,Eyes,1.401532,-0.00249724,-1.671693,0.9601377,-0.2587299,0.1058035,0.0,0.0,0.0,0.0,0.0,0.0,0.0,-1.235328,-0.2134065,-1.988827,1.617817,-0.007678212,-1.705759,0.01164087,0.7908852,-0.04612158,0.6101131,5.000144,104.6095,357.8217,0.6196504,-0.000536013,-0.7848774,0.0,0.0,0.0,3.552598,-0.5113679,-1.661201,-0.5023537,-0.3523829,1.915,-0.2552532,-0.03786559,-0.9661327,0.07469194,0.9954746,-0.05874925,0.9639852,-0.08715823,-0.2512697,moving,-20.114892111283012,-11.77283570915521,-14.69896019385095,-10.426471243263775,1.934781,-0.503689688,0.0445580000000001,-0.3375013415461607,-0.19206037112587476,0.9215235227736092,-19.716588025767265,-11.089166447815591,5.413245777734033,5.580771972520868,5.061200845032451
1064,05/05/2023 15:32:04.426207,1247,True,True,True,True,Eyes,1.401532,-0.00249724,-1.671693,0.9601377,-0.2587299,0.1058035,0.0,0.0,0.0,0.0,0.0,0.0,0.0,-1.222022,-0.2081908,-2.010988,1.628966,-0.009317031,-1.710887,0.01065038,0.793277,-0.04519492,0.6070879,4.855072,105.0544,357.8157,0.6219565,-0.0005969109,-0.7830513,0.0,0.0,0.0,3.566596,-0.5090373,-1.676743,-0.5064809,-0.3552368,1.915,-0.2626619,-0.03797718,-0.9641403,0.07177196,0.995688,-0.05877275,0.9622149,-0.08463559,-0.2588037,moving,-20.555210007917086,-11.982996366954069,-14.814432189062227,-10.50903990064774,1.9376300000000002,-0.49972026900000005,0.03414399999999995,-0.34437508211358886,-0.1949216364650878,0.9183742718437733,-20.161020373169563,-11.301813996531141,5.741875052972793,5.926978794463684,5.405043568514497
1065,05/05/2023 15:32:04.447248,1248,True,True,True,True,Eyes,1.401532,-0.00249724,-1.671693,0.9601377,-0.2587299,0.1058035,0.0,0.0,0.0,0.0,0.0,0.0,0.0,-1.207641,-0.2147537,-2.032294,1.64009,-0.01051598,-1.716021,0.01082914,0.795637,-0.04656754,0.6038843,5.001441,105.5054,357.7557,0.6240274,-0.0006517168,-0.7814019,0.0,0.0,0.0,3.579926,-0.5082485,-1.693617,-0.5101455,-0.3577709,1.915001,-0.2704134,-0.03901068,-0.9619539,0.07347494,0.9954284,-0.06102262,0.9599367,-0.08718079,-0.2663108,moving,-20.982538001831756,-11.92486532346585,-14.91685094268284,-10.5823137724619,1.939836,-0.49773252,0.02240400000000009,-0.3513187228663328,-0.1934574516215175,0.9160509342297662,-20.592046659620163,-11.252870971819055,6.030953245776564,6.212487759877659,5.71467351500971
1066,05/05/2023 15:32:04.455935,1249,True,True,True,True,Eyes,1.412217,-0.002962695,-1.67426,0.9604305,-0.2589049,0.1026712,0.0,0.0,0.0,0.0,0.0,0.0,0.0,-1.194071,-0.2250119,-2.052671,1.651316,-0.01077116,-1.721316,0.01094225,0.7977949,-0.04851718,0.6008741,5.196016,105.9215,357.6494,0.6258874,-0.000701036,-0.7799128,0.0,0.0,0.0,3.590881,-0.5162134,-1.709553,-0.5140141,-0.360446,1.915001,-0.2776614,-0.04084609,-0.9598104,0.07576477,0.9950527,-0.06426369,0.9576869,-0.09056333,-0.273193,moving,-21.181776073510918,-11.815723570182126,-15.02487316156818,-10.659632361691134,1.939565,-0.50544224,0.011762999999999968,-0.3546439027738303,-0.19145525051875772,0.9151898476042257,-20.79291675934968,-11.150133573238682,6.094723923280106,6.264503200529083,5.788861579312271
1067,05/05/2023 15:32:04.476534,1250,True,True,True,True,Eyes,1.422916,-0.003481269,-1.676937,0.9607712,-0.258921,0.09939135,0.0,0.0,0.0,0.0,0.0,0.0,0.0,-1.181001,-0.22541,-2.073851,1.662722,-0.01060931,-1.726753,0.009391593,0.7999575,-0.04848737,0.5980207,5.095059,106.3289,357.5276,0.6277909,-0.0007662169,-0.7783813,0.0,0.0,0.0,3.601613,-0.524489,-1.723894,-0.5180649,-0.3632469,1.915002,-0.2845661,-0.04296715,-0.957693,0.07301866,0.9951215,-0.06634294,0.9558715,-0.08880842,-0.2800404,moving,-21.37030255290046,-11.995186206453964,-15.137858309522825,-10.740539403723036,1.938891,-0.51387969,0.002858999999999945,-0.3574641925792735,-0.19409756062649897,0.9135346251936776,-20.983305520988935,-11.32834812859408,6.176343853232444,6.357475902149685,5.874927420749251
1068,05/05/2023 15:32:04.496148,1251,True,True,True,True,Eyes,1.433381,-0.004035337,-1.680527,0.960359,-0.2614493,0.09672021,0.0,0.0,0.0,0.0,0.0,0.0,0.0,-1.168121,-0.2190375,-2.09509,1.673831,-0.01242445,-1.732056,0.007470027,0.8021148,-0.04752402,0.5952291,4.883626,106.7342,357.4349,0.6297287,-0.0008479108,-0.7768143,0.0,0.0,0.0,3.614987,-0.5222942,-1.739049,-0.5217865,-0.3658211,1.915,-0.2912935,-0.04459172,-0.9555941,0.06855899,0.9953713,-0.06734669,0.954174,-0.0851322,-0.2868879,moving,-21.593365733579738,-12.43877022831888,-15.241577315391357,-10.814875796828144,1.941156,-0.50986975,-0.006993000000000027,-0.36051278069177356,-0.20091168323901964,0.910859470428827,-21.208832224265613,-11.76447825258754,6.33918775755992,6.556084901376634,6.042340272731104
1069,05/05/2023 15:32:04.506202,1252,True,True,True,True,Eyes,1.443888,-0.004536454,-1.684198,0.9600332,-0.2636717,0.09387984,0.0,0.0,0.0,0.0,0.0,0.0,0.0,-1.156104,-0.230663,-2.1137,1.68481,-0.01245253,-1.73746,0.007934304,0.8039312,-0.04966121,0.5925924,5.120576,107.0921,357.3471,0.6316678,-0.0009458388,-0.7752382,0.0,0.0,0.0,3.628921,-0.5187804,-1.754352,-0.5256197,-0.3684716,1.915,-0.297543,-0.04610043,-0.9535949,0.07161497,0.9949416,-0.07044477,0.9520188,-0.089252,-0.2927365,moving,-21.747689726204882,-12.407057799670275,-15.348284182851067,-10.891365786107775,1.9441110000000001,-0.50632787,-0.016891999999999907,-0.3630189247662516,-0.20019855450460194,0.9100207326634806,-21.36447975160147,-11.73636102489772,6.365974915344897,6.576451443467418,6.075246997038856
1070,05/05/2023 15:32:04.526252,1253,True,True,True,True,Eyes,1.454468,-0.005041192,-1.687959,0.9678844,-0.2289563,0.1038219,0.0,0.0,0.0,0.0,0.0,0.0,0.0,-1.142804,-0.2237274,-2.13554,1.696513,-0.01167883,-1.74307,0.005577534,0.8060983,-0.04812863,0.5897951,4.828413,107.5007,357.2516,0.6336055,-0.001055784,-0.7736552,0.0,0.0,0.0,3.638916,-0.5282939,-1.766888,-0.5295881,-0.3712157,1.915001,-0.3042216,-0.04777997,-0.9514025,0.06576413,0.9953051,-0.07101361,0.9503288,-0.08417201,-0.299651,moving,-22.832852122374224,-10.702401673840997,-15.45863217813235,-10.970509976044436,1.942403,-0.51661507,-0.023818000000000117,-0.38228802431479303,-0.17160205483168772,0.9079695959863938,-22.4572824263729,-10.0952830668556,7.290594038963933,7.3790922102766165,7.053164356497425
1071,05/05/2023 15:32:04.546316,1254,True,True,True,True,Eyes,1.465075,-0.005451481,-1.691794,0.9743174,-0.1946,0.113298,0.0,0.0,0.0,0.0,0.0,0.0,0.0,-1.13158,-0.2235124,-2.154689,1.707551,-0.01048417,-1.748507,0.00488266,0.8078886,-0.0477124,0.5873804,4.75117,107.8465,357.2299,0.6355395,-0.001176487,-0.7720671,0.0,0.0,0.0,3.654073,-0.5194659,-1.782896,-0.53338,-0.3738375,1.915001,-0.3099207,-0.04816137,-0.9495417,0.06393994,0.9953994,-0.07135664,0.9486099,-0.08282855,-0.3054155,moving,-23.836072984531462,-8.755022852867821,-15.563969883938466,-11.046092570936427,1.9465219999999999,-0.50898173,-0.034389,-0.40017028234272906,-0.1394914820735739,0.9057625871636663,-23.46714887805311,-8.216282549497258,8.575519299509661,8.58351269352421,8.394525774006087
1072,05/05/2023 15:32:04.556408,1255,True,True,True,True,Eyes,1.465075,-0.005451481,-1.691794,0.9743174,-0.1946,0.113298,0.0,0.0,0.0,0.0,0.0,0.0,0.0,-1.1209,-0.2245405,-2.173702,1.718966,-0.008642337,-1.754109,0.004642129,0.8095775,-0.04735543,0.5850815,4.709734,108.1754,357.2453,0.637467,-0.001302458,-0.7704761,0.0,0.0,0.0,3.666551,-0.5179645,-1.796438,-0.5371814,-0.376467,1.915,-0.3153164,-0.04789725,-0.9477772,0.0629299,0.9954718,-0.07124374,0.9468979,-0.08210783,-0.3108743,moving,-24.163231828242967,-8.839214159830197,-15.669471101332853,-11.121863728356907,1.9475850000000001,-0.509322163,-0.04232900000000006,-0.40527860711474434,-0.1404769047546377,0.9033357529692092,-23.79728385008059,-8.304181621588338,8.78569615607412,8.795138449091965,8.602364357170067
1073,05/05/2023 15:32:04.576350,1256,True,True,True,True,Eyes,1.465075,-0.005451481,-1.691794,0.9743174,-0.1946,0.113298,0.0,0.0,0.0,0.0,0.0,0.0,0.0,-1.111467,-0.2100386,-2.193529,1.730366,-0.00719616,-1.759779,0.00267089,0.8112471,-0.04416,0.5830275,4.287647,108.4904,357.2894,0.6391985,-0.001415838,-0.7690399,0.0,0.0,0.0,3.679054,-0.5174739,-1.809495,-0.5411819,-0.3792334,1.915,-0.3201438,-0.04715949,-0.9461946,0.0558265,0.9960855,-0.06853494,0.9457229,-0.07476375,-0.3162579,moving,-24.48542649013524,-9.287905606110252,-15.780372282748935,-11.201531346105986,1.9486879999999998,-0.51027774,-0.04971600000000009,-0.40994629608750355,-0.14721039885579912,0.9001517236219754,-24.122820875229497,-8.747070025935765,8.890740938437272,8.912908180067166,8.696023740215562
1074,05/05/2023 15:32:04.596320,1257,True,True,True,True,Eyes,1.47662,-0.005683259,-1.696144,0.9794449,-0.1605429,0.1221215,0.0,0.0,0.0,0.0,0.0,0.0,0.0,-1.102562,-0.2080923,-2.211459,1.741516,-0.005764092,-1.765386,0.001948853,0.8126766,-0.04338889,0.5810943,4.17409,108.7686,357.2841,0.6407539,-0.001517853,-0.7677444,0.0,0.0,0.0,3.694562,-0.5049925,-1.823647,-0.5449178,-0.3818164,1.915001,-0.3246516,-0.04725849,-0.9446523,0.05359363,0.9962273,-0.06825733,0.9443142,-0.0727872,-0.3208939,moving,-25.381039421778915,-7.3515748076379435,-15.883820969975869,-11.27587203792672,1.9530459999999998,-0.49922840799999996,-0.05826100000000012,-0.425753500470261,-0.1157808795975302,0.8974011034067271,-25.024144069955614,-6.876896644129782,10.284036196933684,10.276053088268881,10.143790755297266
1075,05/05/2023 15:32:04.606321,1258,True,True,True,True,Eyes,1.488123,-0.005916168,-1.700526,0.9832902,-0.1269709,0.130456,0.0,0.0,0.0,0.0,0.0,0.0,0.0,-1.092447,-0.1985544,-2.230621,1.752822,-0.00467684,-1.770912,-0.0002118554,0.8142776,-0.04139078,0.5789982,3.850989,109.0767,357.2267,0.642352,-0.001618815,-0.7664075,0.0,0.0,0.0,3.707481,-0.5023592,-1.835084,-0.5489447,-0.3846009,1.915001,-0.3295222,-0.04827538,-0.9429127,0.04758535,0.9965735,-0.06765249,0.9429478,-0.06716184,-0.3260959,moving,-26.27210244340836,-5.663177688604064,-15.995217063801269,-11.355975126433194,1.954659,-0.49768236,-0.0641719999999999,-0.44089500879685756,-0.08857130278394132,0.8931778716135016,-25.921156134887557,-5.248166571872621,11.731923126897788,11.748289908481826,11.654595307520577
1076,05/05/2023 15:32:04.625936,1259,True,True,True,True,Eyes,1.499458,-0.006159243,-1.704919,0.9854202,-0.09788807,0.1391579,0.0,0.0,0.0,0.0,0.0,0.0,0.0,-1.081442,-0.1951317,-2.24872,1.763484,-0.004927571,-1.776073,-0.001477739,0.8158814,-0.04080521,0.5767758,3.71995,109.392,357.1577,0.6439843,-0.001718783,-0.7650362,0.0,0.0,0.0,3.722306,-0.4925626,-1.847917,-0.5528264,-0.3872858,1.914999,-0.334655,-0.04948222,-0.9410406,0.04465958,0.9966655,-0.06828906,0.9412818,-0.06487975,-0.3313292,moving,-27.180446296101906,-4.062611837763998,-16.10249504309961,-11.43318202758629,1.958822,-0.487635029,-0.07184400000000002,-0.4558853259417414,-0.06305615959660196,0.8878020366482019,-26.835700015725287,-3.705308317106782,13.229787708599927,13.305874976377622,13.225797558919345
1077,05/05/2023 15:32:04.645893,1260,True,True,True,True,Eyes,1.510728,-0.006394912,-1.709318,0.9866371,-0.06969177,0.1472762,0.0,0.0,0.0,0.0,0.0,0.0,0.0,-1.069414,-0.2108367,-2.264678,1.773587,-0.005391985,-1.780792,1.424851e-06,0.8173879,-0.0436888,0.5744288,4.095725,109.7007,357.1158,0.6456405,-0.001818215,-0.7636388,0.0,0.0,0.0,3.734927,-0.4902945,-1.860053,-0.5567077,-0.3899697,1.914999,-0.3400632,-0.05018987,-0.9390624,0.05019453,0.9961826,-0.07141974,0.9390621,-0.07142301,-0.3362459,moving,-28.06938367036532,-1.9754276426441522,-16.20963032528915,-11.510306603586162,1.9613399999999999,-0.48490251500000003,-0.07926100000000003,-0.4703226726627689,-0.030420368086302153,0.8819700526511243,-27.730119192139885,-1.6880607077039032,15.015358083106369,15.2173475417321,15.139292525425605
1078,05/05/2023 15:32:04.656695,1261,True,True,True,True,Eyes,1.521946,-0.006568226,-1.713727,0.9870286,-0.04251257,0.1548135,0.0,0.0,0.0,0.0,0.0,0.0,0.0,-1.05837,-0.2260557,-2.279738,1.783481,-0.005415975,-1.785392,0.002109684,0.8187611,-0.0462446,0.5722649,4.481728,109.9862,357.1555,0.6473143,-0.001916769,-0.7622203,0.0,0.0,0.0,3.742747,-0.5050387,-1.870459,-0.5603592,-0.3924944,1.915,-0.3450167,-0.04947366,-0.9372916,0.05638297,0.995714,-0.07331195,0.9369014,-0.07814114,-0.3407485,moving,-28.91715792825811,0.12905338166501001,-16.310308179076788,-11.582811953109513,1.959266,-0.49962272499999993,-0.085067,-0.48354358937994735,0.001971575352182337,0.8753180597179532,-28.58299325588528,0.34677696120730106,16.831925846508188,17.20756956162974,17.11531158521832
1079,05/05/2023 15:32:04.676233,1262,True,True,True,True,Eyes,1.533122,-0.006678668,-1.71816,0.9866711,-0.01609924,0.1619293,0.0,0.0,0.0,0.0,0.0,0.0,0.0,-1.049258,-0.240465,-2.293906,1.793402,-0.004072251,-1.790102,0.004550029,0.8199118,-0.04826463,0.5704335,4.83787,110.2297,357.2618,0.6489999,-0.002011705,-0.7607853,0.0,0.0,0.0,3.750026,-0.5206015,-1.880134,-0.5642015,-0.3951519,1.914999,-0.3491697,-0.04760227,-0.9358495,0.06252476,0.9952997,-0.07395449,0.934971,-0.08433646,-0.3445522,moving,-29.70748702617252,2.222697071891269,-16.416151553234368,-11.659102566343789,1.9566240000000001,-0.5165292490000001,-0.09003199999999989,-0.49529084520187544,0.03369241790981675,0.8680736967198577,-29.377928402709433,2.3720905638058705,18.628801778113147,19.218843873924545,19.101885764268058
1080,05/05/2023 15:32:04.696553,1263,True,True,True,True,Eyes,1.533122,-0.006678668,-1.71816,0.9866711,-0.01609924,0.1619293,0.0,0.0,0.0,0.0,0.0,0.0,0.0,-1.040007,-0.2357528,-2.310519,1.803714,-0.002737074,-1.795075,0.004428392,0.8212678,-0.04688288,0.5685962,4.705992,110.4984,357.3522,0.6506929,-0.002100618,-0.7593376,0.0,0.0,0.0,3.757338,-0.5344682,-1.888907,-0.5680327,-0.3978012,1.914998,-0.3533578,-0.04604107,-0.9343549,0.06058865,0.9955648,-0.07197087,0.9335244,-0.08204273,-0.349001,moving,-29.964490824455115,2.123018118291075,-16.52157470191712,-11.735116169090325,1.9536239999999998,-0.5317311259999999,-0.09383199999999992,-0.4992058420334588,0.03209903570249609,0.8658887471776688,-29.637307860841982,2.2703658994510985,18.718121782735583,19.306990438820026,19.187912452071394
1081,05/05/2023 15:32:04.706190,1264,True,True,True,True,Eyes,1.533122,-0.006678668,-1.71816,0.9866711,-0.01609924,0.1619293,0.0,0.0,0.0,0.0,0.0,0.0,0.0,-1.02952,-0.2247455,-2.327684,1.813615,-0.002295368,-1.799814,0.003446252,0.8227934,-0.04460463,0.5665771,4.433727,110.7974,357.4204,0.6522136,-0.002180621,-0.7580316,0.0,0.0,0.0,3.769307,-0.5323675,-1.900001,-0.5721346,-0.4006372,1.915,-0.3579568,-0.04487281,-0.9326591,0.05621502,0.9959971,-0.06949565,0.9320443,-0.07730591,-0.3540015,moving,-30.244315588020118,1.8689096340056242,-16.634294192718222,-11.816421823811448,1.955692,-0.530072132,-0.10018700000000003,-0.5034883103779066,0.028177565178377013,0.8635425232353626,-29.919882967291166,2.0177929348113244,18.729365750241502,19.300802560797646,19.180520511048567
1082,05/05/2023 15:32:04.726409,1265,True,True,True,True,Eyes,1.533122,-0.006678668,-1.71816,0.9866711,-0.01609924,0.1619293,0.0,0.0,0.0,0.0,0.0,0.0,0.0,-1.01781,-0.2276023,-2.343761,1.823397,-0.002005812,-1.804487,0.004199986,0.8243059,-0.04481022,0.564353,4.508973,111.107,357.4903,0.6535801,-0.00225262,-0.7568535,0.0,0.0,0.0,3.781978,-0.5261578,-1.912529,-0.5759572,-0.4032806,1.915001,-0.3629763,-0.04365343,-0.9307755,0.05750172,0.9959488,-0.06913412,0.9300227,-0.07861522,-0.3589956,moving,-30.555744907808826,1.9633011820454207,-16.739226359202764,-11.89216742698638,1.9585810000000001,-0.524151988,-0.10804199999999997,-0.5081551141081099,0.029506413960765962,0.8607600681044791,-30.233949024456084,2.1041436380331184,18.976112485403647,19.567069151506594,19.442331733639588
1083,05/05/2023 15:32:04.746096,1266,True,True,True,True,Eyes,1.533122,-0.006678668,-1.71816,0.9866711,-0.01609924,0.1619293,0.0,0.0,0.0,0.0,0.0,0.0,0.0,-1.005032,-0.2284934,-2.36025,1.833167,-0.001420852,-1.809026,0.004738674,0.8259295,-0.04460455,0.5619863,4.531466,111.4388,357.5677,0.6548081,-0.002317408,-0.7557912,0.0,0.0,0.0,3.791436,-0.5314083,-1.924431,-0.5795999,-0.4057999,1.915,-0.3682982,-0.04230666,-0.9287447,0.05796191,0.995976,-0.06835429,0.9278992,-0.07900656,-0.364364,moving,-30.88597542094786,2.0087531769492157,-16.83912884659031,-11.964329542818536,1.958269,-0.529987448,-0.11540499999999998,-0.5130988577000066,0.030086319403812137,0.85780214438643,-30.56703690845857,2.142481629961817,19.208221293473798,19.813150667599857,19.683942217441814
1175,05/05/2023 15:32:06.276554,1358,True,True,True,True,Eyes,2.383965,0.001311257,-2.441334,0.5289546,-0.3038979,-0.7923719,0.0,0.0,0.0,0.0,0.0,0.0,0.0,1.730939,-0.1964159,-2.957785,2.398893,0.006563937,-2.455299,-0.01497294,0.9912335,-0.04618872,0.1228758,5.042117,165.7631,357.6391,0.7161388,0.0001321759,-0.6979561,0.1392553,0.005515201,-0.5354241,3.453028,-0.5355086,-4.107667,-0.5796003,-0.4057999,1.915001,-0.9693545,-0.0410343,-0.2422141,-0.0183324,0.9952848,-0.09524723,0.2449805,-0.08788797,-0.9655362,moving,-18.50387241266153,-14.407388431814534,-16.83913151446532,-11.964323475170966,1.054135,-0.542072537,-1.652368,-0.30835075106242477,-0.2366907390397626,0.9213563039168018,-18.094342446304815,-13.626647720755061,2.755925256068113,2.956337030939971,2.082996970921011
1176,05/05/2023 15:32:06.296375,1359,True,True,True,True,Eyes,2.384047,0.001418513,-2.443109,0.5283372,-0.3040445,-0.7927275,0.0,0.0,0.0,0.0,0.0,0.0,0.0,1.761199,-0.2156845,-2.947447,2.399881,0.007547038,-2.465016,-0.01504061,0.9916975,-0.04969911,0.1176426,5.453285,166.3557,357.6093,0.7143381,0.0001593786,-0.6997991,0.1309,0.005184289,-0.5032986,3.436505,-0.5392534,-4.126236,-0.5786923,-0.4031134,1.915516,-0.9718679,-0.04152494,-0.2318367,-0.01813802,0.9946076,-0.1021118,0.2348267,-0.09503414,-0.9673805,moving,-19.019035545454724,-14.099732062067826,-16.809975553005497,-11.88427213148527,1.0366239999999998,-0.546800438,-1.6612199999999997,-0.31706521918435676,-0.23104110438162082,0.9198313970560238,-18.61369683237287,-13.336208758306515,2.920577028021246,3.1286113140268226,2.3154978777679176
1177,05/05/2023 15:32:06.306283,1360,True,True,True,True,Eyes,2.384146,0.001540132,-2.445164,0.5273806,-0.3045281,-0.7931787,0.0,0.0,0.0,0.0,0.0,0.0,0.0,1.792626,-0.2243861,-2.936433,2.400806,0.008159754,-2.474381,-0.01515551,0.992242,-0.05139753,0.11218,5.658403,166.981,357.6037,0.7127607,0.0001849988,-0.7014056,0.123046,0.004873232,-0.4731007,3.418573,-0.5487043,-4.143751,-0.5777442,-0.4003102,1.916054,-0.9743718,-0.04160742,-0.2210615,-0.01854432,0.9942572,-0.1053979,0.2241773,-0.0985973,-0.9695479,moving,-19.557039683712915,-14.015109124325711,-16.779537025442202,-11.800735347653513,1.0177669999999996,-0.556864054,-1.6693699999999998,-0.3258529289738762,-0.2289598244939284,0.9172771546956325,-19.156344242901014,-13.263449097971463,3.3268661655571568,3.5521785202202847,2.7908321454959455
1178,05/05/2023 15:32:06.326199,1361,True,True,True,True,Eyes,2.383834,0.001655431,-2.447591,0.526396,-0.3069732,-0.7928901,0.0,0.0,0.0,0.0,0.0,0.0,0.0,1.822952,-0.2511626,-2.923671,2.401441,0.00868106,-2.483362,-0.01446961,0.9925972,-0.05581839,0.1068917,6.183726,167.5805,357.6562,0.7113097,0.0002116046,-0.702877,0.1156633,0.004580838,-0.4447146,3.39993,-0.5522912,-4.163109,-0.5768868,-0.3977723,1.916542,-0.9767297,-0.04065803,-0.2105855,-0.01679194,0.9933499,-0.1139037,0.2138162,-0.107717,-0.9709171,moving,-20.082771033227715,-13.717459685664155,-16.752004610900148,-11.725095737988987,0.9984889999999997,-0.56097226,-1.6797470000000003,-0.3346945120755047,-0.22345788009794018,0.9154486137522547,-19.686371179698682,-12.982948477973794,3.6609099341376705,3.881174958707809,3.192600926450058
1179,05/05/2023 15:32:06.346084,1362,True,True,True,True,Eyes,2.383549,0.001808473,-2.450276,0.5250828,-0.3094632,-0.7927929,0.0,0.0,0.0,0.0,0.0,0.0,0.0,1.854163,-0.2709147,-2.910718,2.402161,0.009508647,-2.492615,-0.01376734,0.9930037,-0.05888503,0.1014235,6.554799,168.2065,357.7336,0.7099618,0.0002389033,-0.7042386,0.1087235,0.004305988,-0.4180318,3.380548,-0.5668557,-4.178373,-0.5759783,-0.3950825,1.917058,-0.9790475,-0.0392867,-0.1998065,-0.01539739,0.992686,-0.1197388,0.2030493,-0.1141534,-0.9724917,moving,-20.620391094235877,-13.570115850387294,-16.722846836393213,-11.64493284257911,0.9783870000000001,-0.5763643469999999,-1.6857579999999999,-0.3435180839867825,-0.22035665743370425,0.9129284039831301,-20.228560587445095,-12.849082209713325,4.1215890270251165,4.347088779332175,3.7067512194216636
1180,05/05/2023 15:32:06.356217,1363,True,True,True,True,Eyes,2.384193,0.002057742,-2.453058,0.5235003,-0.3100191,-0.7936218,0.0,0.0,0.0,0.0,0.0,0.0,0.0,1.885343,-0.2820549,-2.897947,2.402717,0.01055703,-2.501801,-0.01325666,0.9934629,-0.06047847,0.09590659,6.754964,168.8425,357.8104,0.7087037,0.0002679199,-0.7055047,0.1022,0.004047628,-0.3929498,3.360572,-0.5762771,-4.195571,-0.5750545,-0.3923485,1.917585,-0.9812526,-0.03794057,-0.1889558,-0.01473943,0.9923332,-0.122709,0.1921627,-0.1176234,-0.9742888,moving,-21.139247990336244,-13.466372516093088,-16.693185978863937,-11.563434732720312,0.9578549999999999,-0.58683413,-1.6937700000000002,-0.35196417360464427,-0.21797378682856067,0.9102794168026418,-20.751870612406005,-12.757352011417638,4.6031060331275055,4.836180271375838,4.230645272641342
1181,05/05/2023 15:32:06.376489,1364,True,True,True,True,Eyes,2.384828,0.002324862,-2.456111,0.5216057,-0.3104449,-0.7947021,0.0,0.0,0.0,0.0,0.0,0.0,0.0,1.917514,-0.2883107,-2.8847,2.40335,0.01149162,-2.511026,-0.012805,0.9939554,-0.06124745,0.09020814,6.860029,169.5022,357.8929,0.7075388,0.0003012864,-0.7066728,0.09606804,0.003804771,-0.3693728,3.340429,-0.5799422,-4.214282,-0.5741448,-0.3896564,1.918101,-0.983397,-0.03650523,-0.1777572,-0.01440516,0.9921696,-0.1240647,0.1808943,-0.1194442,-0.9762225,moving,-21.662537467138034,-13.447662654327072,-16.664009028795064,-11.483200077698376,0.9370789999999998,-0.59143382,-1.7032559999999997,-0.3603486402973888,-0.21693332501580367,0.9072423931267325,-21.279747895785935,-12.748537077072832,5.122649638469737,5.37069825664206,4.786034163087025
1182,05/05/2023 15:32:06.396241,1365,True,True,True,True,Eyes,2.385458,0.002600685,-2.459417,0.51934,-0.3103539,-0.7962201,0.0,0.0,0.0,0.0,0.0,0.0,0.0,1.948844,-0.2822407,-2.872922,2.4038,0.01224469,-2.520501,-0.01258981,0.9945322,-0.05994684,0.08458019,6.725251,170.1586,357.9698,0.7064546,0.0003390611,-0.7077568,0.09030396,0.003576485,-0.3472105,3.319748,-0.5808046,-4.234073,-0.5732772,-0.3870898,1.918594,-0.9853756,-0.03518256,-0.166726,-0.0149013,0.9924958,-0.1213678,0.1697449,-0.1171084,-0.9785054,moving,-22.16305792711975,-13.63132733652115,-16.636181488477934,-11.406697369710342,0.9159480000000002,-0.59304929,-1.7135720000000005,-0.36807523693938254,-0.219128294767939,0.9036057972774039,-21.784883237768774,-12.936456251061447,5.675666345932326,5.957796711641534,5.371153687823794
1183,05/05/2023 15:32:06.406059,1366,True,True,True,True,Eyes,2.386074,0.002863704,-2.462977,0.5167797,-0.3101891,-0.7979484,0.0,0.0,0.0,0.0,0.0,0.0,0.0,1.981226,-0.2719741,-2.860604,2.40439,0.01251975,-2.530026,-0.01273614,0.9951062,-0.05825672,0.07878802,6.542279,170.8322,358.0084,0.7054391,0.0003810486,-0.708769,0.08488572,0.003361895,-0.3263778,3.299258,-0.5737955,-4.25631,-0.5723395,-0.3843145,1.919128,-0.9872606,-0.03452748,-0.155321,-0.01616775,0.9928879,-0.1179502,0.1582888,-0.1139363,-0.9807973,moving,-22.654838801924882,-13.872995449192793,-16.60610300901931,-11.323966559067266,0.8948680000000002,-0.5863152500000001,-1.7262840000000002,-0.37554800312471404,-0.22222002867289198,0.8997678263636228,-22.281267258059348,-13.180722413736383,6.2405576260162805,6.5638976968773335,5.971183430228066
1184,05/05/2023 15:32:06.426301,1367,True,True,True,True,Eyes,2.385561,0.00305062,-2.466499,0.5122401,-0.3442233,-0.7868421,0.0,0.0,0.0,0.0,0.0,0.0,0.0,2.014601,-0.2622142,-2.8471,2.404798,0.01245732,-2.539712,-0.01322668,0.9956283,-0.05701314,0.07279345,6.407682,171.5249,358.0025,0.7044815,0.0004264525,-0.7097209,0.07979257,0.003160182,-0.3067952,3.278622,-0.5655382,-4.278981,-0.5714866,-0.3817916,1.919614,-0.9890525,-0.03463808,-0.1434423,-0.01803735,0.9931491,-0.1154534,0.1464586,-0.1116022,-0.9829015,moving,-23.295366122894265,-16.35562219776668,-16.57874862366459,-11.248754912753586,0.8738239999999999,-0.57799552,-1.7392689999999997,-0.3818426390731867,-0.260260907921619,0.8868261100332737,-22.930228229901495,-15.610698554696326,7.826687609627857,8.437597057082977,7.70505324601511
1185,05/05/2023 15:32:06.446182,1368,True,True,True,True,Eyes,2.385088,0.00321658,-2.470248,0.5073009,-0.3784574,-0.7742195,0.0,0.0,0.0,0.0,0.0,0.0,0.0,2.049994,-0.2583129,-2.83116,2.405302,0.01207759,-2.549322,-0.01353924,0.9960794,-0.05679628,0.06645793,6.393006,172.2546,358.0093,0.7035604,0.0004726992,-0.7106341,0.07500502,0.002970571,-0.2883875,3.2572,-0.5586126,-4.301382,-0.5705912,-0.3791419,1.920122,-0.9908,-0.03452145,-0.1308568,-0.0194232,0.9931818,-0.1149468,0.1339327,-0.1113476,-0.984715,moving,-23.98949053951223,-18.783713189617252,-16.550055773164633,-11.169775640320893,0.8518980000000003,-0.57069019,-1.7520600000000002,-0.3882569831384474,-0.2967363329500652,0.8724701167876178,-23.633197014642743,-17.988512507662612,9.7395765886397,10.6450568174776,9.831890068179831
1186,05/05/2023 15:32:06.456742,1369,True,True,True,True,Eyes,2.38547,0.003381505,-2.474589,0.5025913,-0.376462,-0.7782534,0.0,0.0,0.0,0.0,0.0,0.0,0.0,2.086953,-0.2591282,-2.813132,2.405792,0.01173201,-2.558956,-0.01379677,0.9964594,-0.05742752,0.05983658,6.476592,173.015,358.0178,0.7026691,0.0005191077,-0.7115155,0.07050472,0.002792337,-0.2710842,3.234258,-0.5559016,-4.322821,-0.5696476,-0.3763496,1.920658,-0.9924586,-0.03436837,-0.1176648,-0.0206233,0.9930235,-0.1160995,0.1208341,-0.1127973,-0.9862435,moving,-24.36199602316495,-18.64780775678479,-16.51982023703063,-11.08654089140642,0.8284660000000001,-0.56763361,-1.7638650000000005,-0.3942895621145224,-0.29384587422186176,0.8707412648436835,-24.008830470319086,-17.862819412071417,9.973850124288568,10.893689809706363,10.099664591654765
1187,05/05/2023 15:32:06.476152,1370,True,True,True,True,Eyes,2.385852,0.003512604,-2.479143,0.4976092,-0.3746003,-0.7823424,0.0,0.0,0.0,0.0,0.0,0.0,0.0,2.124171,-0.2573054,-2.794672,2.406131,0.01115905,-2.568834,-0.01431666,0.996809,-0.05783898,0.05311903,6.533713,173.7851,357.9992,0.7018094,0.000565567,-0.7123635,0.06627443,0.002624796,-0.2548192,3.210111,-0.5565338,-4.343379,-0.5687585,-0.3737184,1.921163,-0.993947,-0.03468665,-0.1042429,-0.02239725,0.9928994,-0.1168298,0.1075552,-0.1137878,-0.9876662,moving,-24.723333498405783,-18.55782198216043,-16.49133815274779,-11.008107885430155,0.8039800000000001,-0.5676928499999999,-1.7745449999999998,-0.4000497902416783,-0.2916845799864265,0.8688384214848129,-24.373249202100677,-17.78165819683015,10.233213854832822,11.169777540904862,10.392569730869171
1188,05/05/2023 15:32:06.496316,1371,True,True,True,True,Eyes,2.386287,0.003622948,-2.483853,0.4939701,-0.3716136,-0.7860641,0.0,0.0,0.0,0.0,0.0,0.0,0.0,2.162647,-0.255351,-2.774767,2.40663,0.01050139,-2.578681,-0.01509225,0.9971047,-0.05848594,0.04619266,6.617406,174.5767,357.9519,0.7009748,0.0006111018,-0.7131848,0.06229797,0.002467308,-0.23953,3.185573,-0.5562961,-4.364237,-0.5678827,-0.3711267,1.921661,-0.9952769,-0.03550036,-0.09035248,-0.02469387,0.9927033,-0.1180275,0.09388321,-0.1152389,-0.9888912,moving,-25.181748262847826,-18.40393521967312,-16.463284082415782,-10.930848574879782,0.7789430000000004,-0.5667974899999999,-1.7855560000000001,-0.4074217914892373,-0.2883228571160706,0.8665317712536029,-24.835528357119117,-17.6399936208188,10.533198250137213,11.482971813344538,10.728797763158312
1189,05/05/2023 15:32:06.506224,1372,True,True,True,True,Eyes,2.386729,0.003697234,-2.48877,0.4899997,-0.3688159,-0.7898576,0.0,0.0,0.0,0.0,0.0,0.0,0.0,2.201058,-0.2575037,-2.75344,2.406933,0.009981116,-2.588237,-0.01598174,0.997299,-0.05999947,0.03923744,6.800963,175.3684,357.8885,0.7001616,0.0006551758,-0.7139831,0.05856009,0.00231927,-0.2251582,3.160456,-0.5565512,-4.384821,-0.5669459,-0.3683556,1.922194,-0.9964101,-0.03658559,-0.07634511,-0.02716869,0.9922893,-0.120929,0.0801807,-0.1184206,-0.9897212,moving,-25.60805304733215,-18.168201712158737,-16.43328059836014,-10.848238180863,0.7535229999999999,-0.566532316,-1.7965839999999997,-0.41444549581448353,-0.28376806093932067,0.864702562133642,-25.26532267109196,-17.418020362689546,10.787660464629061,11.737048844999979,11.007588522975889
1190,05/05/2023 15:32:06.526174,1373,True,True,True,True,Eyes,2.386831,0.003700082,-2.493886,0.4858397,-0.3662107,-0.7936305,0.0,0.0,0.0,0.0,0.0,0.0,0.0,2.240835,-0.2557717,-2.731537,2.407652,0.009222201,-2.598303,-0.01706021,0.9974754,-0.06102081,0.03206796,6.929002,176.1846,357.8092,0.6993656,0.0006968455,-0.7147629,0.05504648,0.002180114,-0.2116487,3.135074,-0.5599484,-4.403713,-0.5660733,-0.3657739,1.92269,-0.9973614,-0.0379479,-0.06189195,-0.03012065,0.9919708,-0.1228277,0.06605607,-0.1206393,-0.9904964,moving,-26.050446546690313,-18.013615412726498,-16.405343736625905,-10.771277327707864,0.7274219999999998,-0.569170601,-1.8054099999999997,-0.4215414034106018,-0.28042435001347527,0.8623600701278846,-25.711438667642124,-17.275386190075388,11.104586978247916,12.061487020862051,11.353714588565872
1191,05/05/2023 15:32:06.546099,1374,True,True,True,True,Eyes,2.386958,0.003671088,-2.499171,0.4813774,-0.3638557,-0.7974238,0.0,0.0,0.0,0.0,0.0,0.0,0.0,2.278569,-0.2565237,-2.70997,2.408236,0.008084888,-2.608054,-0.01774418,0.997585,-0.06224159,0.02520682,7.081902,176.9674,357.7743,0.698576,0.0007343492,-0.7155347,0.05174369,0.002049307,-0.1989498,3.109318,-0.5615602,-4.423641,-0.5651808,-0.3631322,1.923198,-0.9980998,-0.03854048,-0.04808304,-0.03226483,0.9916222,-0.1250771,0.05250075,-0.123288,-0.9909815,moving,-26.453861822969532,-17.822150895638057,-16.376770828019556,-10.69252568878393,0.701082,-0.5696450879999999,-1.8155869999999998,-0.42809682347730993,-0.27659952051205045,0.8603637041628563,-26.118191664796065,-17.096126000424434,11.388098610411795,12.344201817481423,11.657674591033407
1192,05/05/2023 15:32:06.556417,1375,True,True,True,True,Eyes,2.387381,0.003626751,-2.504642,0.476656,-0.361828,-0.8011738,0.0,0.0,0.0,0.0,0.0,0.0,0.0,2.316095,-0.2620133,-2.68761,2.409087,0.007325605,-2.617717,-0.01821751,0.9976063,-0.06411652,0.01841093,7.311014,177.7425,357.7634,0.6977912,0.0007671233,-0.7163001,0.04863907,0.001926348,-0.1870128,3.084062,-0.5647599,-4.442204,-0.5642716,-0.3604407,1.923716,-0.9986584,-0.03870869,-0.03439763,-0.03398692,0.9911144,-0.1285969,0.03906981,-0.1272553,-0.9911003,moving,-26.836456374308042,-17.56273411036426,-16.34766620932454,-10.612287931030078,0.6749749999999999,-0.572085505,-1.8244870000000004,-0.43445211239669024,-0.2717845531879355,0.8587109061895789,-26.503864132803,-16.850295500173374,11.639050094531921,12.582663518384164,11.918938488538197
1193,05/05/2023 15:32:06.576457,1376,True,True,True,True,Eyes,2.398242,0.001657883,-2.645807,0.3455627,-0.3094569,-0.8859023,0.0,0.0,0.0,0.0,0.0,0.0,0.0,2.352718,-0.256253,-2.667029,2.409994,0.006506006,-2.627903,-0.01889293,0.9976988,-0.06405254,0.01172986,7.317471,178.508,357.7349,0.6970116,0.0007952283,-0.7170587,0.04572073,0.001810768,-0.175792,3.059042,-0.5703354,-4.45943,-0.5633719,-0.3577795,1.924226,-0.999011,-0.03920155,-0.02098546,-0.03619624,0.9910806,-0.1282535,0.02582602,-0.127367,-0.9915195,moving,-18.745385328456017,-12.507897574706613,-16.31889336574758,-10.532966152023093,0.6490479999999996,-0.576841406,-1.8315270000000003,-0.3144986649967528,-0.205584761985865,0.9267284030872615,-18.335846101435237,-11.780598113322778,2.953377126986361,3.128612690856986,2.371641593676081
1194,05/05/2023 15:32:06.596401,1377,True,True,True,True,Eyes,2.398242,0.001657883,-2.645807,0.3455627,-0.3094569,-0.8859023,0.0,0.0,0.0,0.0,0.0,0.0,0.0,2.38951,-0.2532182,-2.645172,2.410811,0.005607552,-2.637949,-0.01932687,0.9977297,-0.06432252,0.004969669,7.36333,179.2834,357.7344,0.6940564,0.0007540006,-0.7199195,0.07556024,-0.004204484,-0.5887396,3.034467,-0.5685304,-4.478972,-0.5624679,-0.3551049,1.924739,-0.9992036,-0.0392053,-0.007430466,-0.03792665,0.9909781,-0.1285451,0.01240308,-0.1281609,-0.9916758,moving,-19.49487876759348,-12.581974027479157,-16.289985337812574,-10.453243888191862,0.623656,-0.574137952,-1.8410229999999999,-0.32657245882302616,-0.2058927132009849,0.9224742042589649,-19.092023986543534,-11.866239431282954,3.644514815220026,3.8474451135997936,3.1381486570551935
1195,05/05/2023 15:32:06.606416,1378,True,True,True,True,Eyes,2.398242,0.001657883,-2.645807,0.3455627,-0.3094569,-0.8859023,0.0,0.0,0.0,0.0,0.0,0.0,0.0,2.426645,-0.2490542,-2.622991,2.411903,0.004386823,-2.648285,-0.01970286,0.9977283,-0.06439518,-0.00184286,7.386988,180.0659,357.7416,0.6915811,0.0007203955,-0.7222977,0.07102663,-0.003952215,-0.5534152,3.009146,-0.5682985,-4.497723,-0.5615388,-0.3523564,1.925267,-0.9992169,-0.03907885,0.006214886,-0.03955353,0.9909301,-0.1284252,-0.001139809,-0.1285704,-0.9916998,moving,-20.253178887828792,-12.68093345332219,-16.26027578924459,-10.37131615766517,0.5972429999999997,-0.5726853230000001,-1.8494379999999997,-0.3387046155209044,-0.20654625024945114,0.9179421918982248,-19.857114103333217,-11.97627893964833,4.3805563514954775,4.612765678752971,3.9386738109733113
1196,05/05/2023 15:32:06.626574,1379,True,True,True,True,Eyes,2.398242,0.001657883,-2.645807,0.3455627,-0.3094569,-0.8859023,0.0,0.0,0.0,0.0,0.0,0.0,0.0,2.462412,-0.2514821,-2.600947,2.412994,0.003332993,-2.658775,-0.01986714,0.9976205,-0.06548237,-0.008410751,7.526648,180.8195,357.7722,0.6895044,0.0006929893,-0.7242803,0.06676503,-0.003715082,-0.5202103,2.983753,-0.5678561,-4.516644,-0.5606508,-0.3497272,1.925772,-0.9990693,-0.03853823,0.01938337,-0.04074125,0.9906347,-0.1303189,-0.01417958,-0.1309873,-0.9912828,moving,-20.983950029396095,-12.65527462005351,-16.231884465150276,-10.292946889512525,0.5707590000000002,-0.571189093,-1.8578690000000004,-0.35048687349241514,-0.2051875802964081,0.9138145578484766,-20.594292621813263,-11.964426190282978,5.057438328275571,5.306855889636899,4.671664369175492
1197,05/05/2023 15:32:06.646413,1380,True,True,True,True,Eyes,2.398242,0.001657883,-2.645807,0.3455627,-0.3094569,-0.8859023,0.0,0.0,0.0,0.0,0.0,0.0,0.0,2.498462,-0.2548203,-2.57788,2.414207,0.002239116,-2.669141,-0.02007185,0.9974506,-0.06680812,-0.01503347,7.693809,181.5791,357.8006,0.6877319,0.0006701362,-0.7259637,0.06275913,-0.003492177,-0.4889976,2.959016,-0.5711451,-4.533916,-0.5597216,-0.3469773,1.926301,-0.9987423,-0.03803265,0.03267221,-0.04205008,0.9902676,-0.1326721,-0.02730836,-0.1338791,-0.9906214,moving,-21.71818455751423,-12.607487763566699,-16.202178517087994,-10.210977971344983,0.5448089999999999,-0.573384216,-1.8647749999999994,-0.36230298826475177,-0.20344154814709525,0.9095867847083827,-21.33494014287603,-11.931079667140546,5.750109157387303,6.014115215244327,5.413316151033579
1198,05/05/2023 15:32:06.656424,1381,True,True,True,True,Eyes,2.398561,0.00146169,-2.647844,0.3434142,-0.3099531,-0.8865641,0.0,0.0,0.0,0.0,0.0,0.0,0.0,2.533838,-0.2609826,-2.554207,2.415336,0.001430176,-2.679286,-0.02007857,0.9972196,-0.06844436,-0.02157331,7.895946,182.3305,357.8539,0.686133,0.000649564,-0.727475,0.05899358,-0.003282647,-0.4596578,2.93416,-0.5753665,-4.55048,-0.5587987,-0.3442469,1.926826,-0.9982629,-0.03709234,0.04577519,-0.04299863,0.9898245,-0.1356418,-0.04027813,-0.1373744,-0.9897,moving,-22.313632672788163,-12.525013940613196,-16.17268455501154,-10.12959433443614,0.518824,-0.576796676,-1.8711940000000005,-0.37190339574180414,-0.2013103634827668,0.9061799722793541,-21.935539882925976,-11.861446696957374,6.319470247972683,6.591606699043997,6.017459109627767
1199,05/05/2023 15:32:06.686345,1382,True,True,True,True,Eyes,2.398923,0.001264856,-2.65021,0.3409013,-0.3104935,-0.8873444,0.0,0.0,0.0,0.0,0.0,0.0,0.0,2.569281,-0.2685375,-2.530035,2.416726,0.0006023152,-2.689577,-0.01993811,0.996936,-0.07022087,-0.02810954,8.113375,183.0831,357.9272,0.6846679,0.000625532,-0.7288541,0.05545397,-0.003085688,-0.4320783,2.909332,-0.5807732,-4.565969,-0.5579065,-0.3416073,1.927333,-0.9976248,-0.03580628,0.05884696,-0.04370178,0.989343,-0.1388905,-0.05324668,-0.1411323,-0.9885579,moving,-22.889683947889207,-12.420107720521445,-16.144182864808208,-10.050922781016961,0.4926059999999999,-0.5813755152,-1.876392,-0.3811914470456562,-0.19883884394588644,0.9028600051684658,-22.516546716031318,-11.769612307155759,6.872483514659029,7.149463066512183,6.6000692980933335
1200,05/05/2023 15:32:06.696068,1383,True,True,True,True,Eyes,2.399369,0.001053149,-2.652894,0.3382186,-0.3108771,-0.8882362,0.0,0.0,0.0,0.0,0.0,0.0,0.0,2.602908,-0.2696921,-2.507947,2.41821,0.0003898144,-2.699985,-0.01990169,0.9967065,-0.07072751,-0.03431587,8.184146,183.7995,357.9841,0.6833202,0.0005983737,-0.7301178,0.05212673,-0.002900546,-0.4061536,2.884582,-0.5868934,-4.581056,-0.5570161,-0.3389723,1.927839,-0.9968526,-0.03481814,0.07122091,-0.04452644,0.9892031,-0.1396233,-0.06559052,-0.142355,-0.9876401,moving,-23.422355556626744,-12.450527252393199,-16.115745261636285,-9.972392008190178,0.4663719999999998,-0.5872832144,-1.8810710000000004,-0.38959094279776335,-0.19856181789892347,0.899328661526716,-23.053944020368174,-11.808825616593436,7.421417518293307,7.715420162986701,7.177122711347615
1201,05/05/2023 15:32:06.708930,1384,True,True,True,True,Eyes,2.399852,0.0008216187,-2.655882,0.3352262,-0.3112583,-0.8892366,0.0,0.0,0.0,0.0,0.0,0.0,0.0,2.636034,-0.2679285,-2.48599,2.419629,-0.0002630707,-2.71035,-0.02015503,0.9964489,-0.07103775,-0.04045955,8.233169,184.5068,358.007,0.682075,0.0005679842,-0.7312813,0.04899912,-0.002726514,-0.3817844,2.86106,-0.587415,-4.597159,-0.5561087,-0.3362873,1.928355,-0.9959137,-0.03441861,0.08349527,-0.04591523,0.9890948,-0.13994,-0.0777682,-0.1432019,-0.9866335,moving,-23.921528532804615,-12.512816232519349,-16.08676899642826,-9.892372555987553,0.44143100000000013,-0.5871519293,-1.8868090000000004,-0.3973903194505591,-0.19881614435124376,0.8958533027327511,-23.557583498238955,-11.878482148984224,7.9475359237009435,8.261366839374446,7.730310513547202
1202,05/05/2023 15:32:06.726108,1385,True,True,True,True,Eyes,2.399852,0.0008216187,-2.655882,0.3352262,-0.3112583,-0.8892366,0.0,0.0,0.0,0.0,0.0,0.0,0.0,2.667531,-0.2633437,-2.465528,2.421068,-0.0009676432,-2.72072,-0.02063865,0.9961863,-0.07101957,-0.04629683,8.245125,185.1775,357.9997,0.6809191,0.0005341463,-0.7323579,0.04605918,-0.002562923,-0.3588773,2.83766,-0.5868258,-4.613273,-0.5550194,-0.3330652,1.928974,-0.9948615,-0.03454391,0.09517203,-0.04769584,0.9890605,-0.1395864,-0.08930904,-0.1434084,-0.9856259,moving,-24.567055128701135,-12.631875934235474,-16.05199684953504,-9.79635243017142,0.4165920000000001,-0.5858581568,-1.8925530000000004,-0.4073819255182687,-0.1997168581300791,0.8911527414560131,-24.208929449657262,-12.006074162656,8.631594799500844,8.97476523590978,8.450941934361596
1203,05/05/2023 15:32:06.746156,1386,True,True,True,True,Eyes,2.399852,0.0008216187,-2.655882,0.3352262,-0.3112583,-0.8892366,0.0,0.0,0.0,0.0,0.0,0.0,0.0,2.697689,-0.2697402,-2.444703,2.42255,-0.0001428844,-2.730952,-0.02144183,0.9957443,-0.07313503,-0.0518169,8.503491,185.8065,357.9649,0.6798772,0.0005036923,-0.7333251,0.04329563,-0.002409148,-0.3373447,2.815956,-0.5857369,-4.628958,-0.5542691,-0.3308427,1.929402,-0.9937108,-0.0351219,0.1063291,-0.05028042,0.988383,-0.1434255,-0.1000565,-0.1478697,-0.9839328,moving,-25.154696121138873,-12.51350231231805,-16.028039112833756,-9.730119247083014,0.3934059999999997,-0.5855940156,-1.898006,-0.4167374964102551,-0.19695857135328823,0.8874329526905534,-24.801612929125753,-11.901328913859139,9.19727981838881,9.541650246947961,9.038238153922842
1204,05/05/2023 15:32:06.766273,1387,True,True,True,True,Eyes,2.400447,0.0006396035,-2.659973,0.330649,-0.3110608,-0.8910176,0.0,0.0,0.0,0.0,0.0,0.0,0.0,2.729925,-0.2498553,-2.424573,2.424021,0.0006075213,-2.741823,-0.02261922,0.9955692,-0.07059499,-0.05785133,8.231987,186.4977,357.865,0.6789383,0.0004762805,-0.7341945,0.04069789,-0.002264599,-0.317104,2.795926,-0.5906513,-4.641562,-0.5534405,-0.3283917,1.929871,-0.9922833,-0.03686996,0.1183836,-0.05320602,0.9890094,-0.1379473,-0.1119964,-0.1431815,-0.9833393,moving,-25.53259147927756,-12.895785481646957,-16.001615687116796,-9.657094868899552,0.37190499999999993,-0.5912588213,-1.8997390000000003,-0.4221105154767536,-0.20232113089817066,0.8836791378794876,-25.183266542008106,-12.280527321597509,9.66913522522542,10.06621162284266,9.549089498742545
1205,05/05/2023 15:32:06.776280,1388,True,True,True,True,Eyes,2.401067,0.0005666124,-2.664299,0.3258467,-0.311178,-0.8927442,0.0,0.0,0.0,0.0,0.0,0.0,0.0,2.762744,-0.2279537,-2.402153,2.42548,2.919883e-05,-2.751743,-0.02322869,0.995393,-0.06740339,-0.06410949,7.883778,187.2203,357.8246,0.6780455,0.0004465162,-0.7350192,0.03825602,-0.002128723,-0.2980777,2.773387,-0.5774593,-4.660554,-0.5525027,-0.3256181,1.930405,-0.990701,-0.03760095,0.1307597,-0.05488574,0.9898344,-0.1312074,-0.1244969,-0.1371641,-0.9826937,moving,-25.94388089012523,-13.354339080249806,-15.971691962288132,-9.574447739580647,0.3479070000000002,-0.57748849883,-1.9088110000000005,-0.42785092062190827,-0.20876442348306237,0.8794094788147895,-25.59869410636811,-12.734625325138207,10.202360387870817,10.664526738666957,10.132417907606305
1206,05/05/2023 15:32:06.796155,1389,True,True,True,True,Eyes,2.401597,0.0005890059,-2.668906,0.3201696,-0.3108051,-0.8949255,0.0,0.0,0.0,0.0,0.0,0.0,0.0,2.794052,-0.2459226,-2.376921,2.426744,0.002639989,-2.761858,-0.02400717,0.9946975,-0.07148179,-0.0699373,8.369911,187.8836,357.8126,0.6771908,0.0004176639,-0.7358069,0.03596066,-0.002000999,-0.2801931,2.749277,-0.5637335,-4.679002,-0.5515956,-0.3229329,1.930921,-0.9890652,-0.03776125,0.1425651,-0.05775823,0.988628,-0.1388475,-0.1357008,-0.1455635,-0.9799986,moving,-26.204414421450974,-12.914138317890558,-15.94275913249522,-9.49444471064954,0.3225330000000004,-0.566373489,-1.9171439999999995,-0.4325171846743745,-0.20150490799356277,0.878820055822737,-25.86102717768525,-12.310488458349445,10.394891233586305,10.816463083501864,10.310293080470476
1207,05/05/2023 15:32:06.806118,1390,True,True,True,True,Eyes,2.402151,0.0006925397,-2.673729,0.3142445,-0.3102877,-0.8972023,0.0,0.0,0.0,0.0,0.0,0.0,0.0,2.829055,-0.2025555,-2.354192,2.427777,0.004980545,-2.773566,-0.0248891,0.9946867,-0.06384137,-0.07683295,7.517495,188.6831,357.7048,0.6763659,0.0003923124,-0.7365653,0.03380302,-0.001880939,-0.2633815,2.727796,-0.5742861,-4.688716,-0.5506772,-0.3202139,1.931445,-0.9869546,-0.03970347,0.1560273,-0.05932394,0.9906096,-0.1231797,-0.1496715,-0.1308289,-0.9800422,moving,-26.637738790278796,-13.868376890156583,-15.913460831772673,-9.413432937067228,0.30001900000000026,-0.579266645,-1.9151500000000001,-0.43781358139617915,-0.21549909430842842,0.8728570547198025,-26.299241273563855,-13.24785536647956,11.064607120431457,11.61278017343253,11.07100856978589
1208,05/05/2023 15:32:06.828012,1391,True,True,True,True,Eyes,2.402144,0.0008376428,-2.678893,0.3116419,-0.3183976,-0.8952667,0.0,0.0,0.0,0.0,0.0,0.0,0.0,2.862415,-0.1850882,-2.328374,2.428951,0.007019295,-2.783729,-0.02598226,0.9942814,-0.06152697,-0.08333037,7.277811,189.4293,357.6072,0.6755654,0.00037237,-0.7372995,0.03177483,-0.001768083,-0.2475786,2.70012,-0.54065,-4.713591,-0.5498245,-0.3176917,1.931929,-0.9847621,-0.04141323,0.1689049,-0.0619215,0.9910787,-0.11802,-0.1625105,-0.1266805,-0.9785413,moving,-27.19946169674612,-14.828166921824186,-15.886284672991648,-9.338299940719283,0.271169,-0.547669295,-1.929862,-0.44492212478580095,-0.2291950257086562,0.8657448311810798,-26.86699101550214,-14.192939478250896,11.887621902042001,12.57484050956639,12.005975046609722
1209,05/05/2023 15:32:06.845970,1392,True,True,True,True,Eyes,2.402168,0.001027297,-2.68424,0.3086219,-0.3259577,-0.8935906,0.0,0.0,0.0,0.0,0.0,0.0,0.0,2.897295,-0.17858,-2.299337,2.429968,0.008919492,-2.794338,-0.02771139,0.9936063,-0.06207729,-0.09013961,7.374633,190.2039,357.4642,0.674773,0.0003584216,-0.7380247,0.02986834,-0.001661998,-0.2327239,2.674951,-0.5272125,-4.730251,-0.548905,-0.31497,1.932451,-0.9822142,-0.04387718,0.182567,-0.06625967,0.990757,-0.118365,-0.1756861,-0.1283565,-0.9760427,moving,-27.729525743152877,-15.449271043469071,-15.856985935275022,-9.25723132694279,0.24498299999999995,-0.536131992,-1.9359129999999998,-0.45197079629368553,-0.23762422494076033,0.8598006668851881,-27.4024221400689,-14.80752258360004,12.601290757183563,13.390241123321237,12.810262690229704
1210,05/05/2023 15:32:06.856312,1393,True,True,True,True,Eyes,2.402168,0.001027297,-2.68424,0.3086219,-0.3259577,-0.8935906,0.0,0.0,0.0,0.0,0.0,0.0,0.0,2.93239,-0.1581219,-2.269418,2.430876,0.01010957,-2.804445,-0.0281448,0.9931294,-0.05872123,-0.09723033,7.013813,191.0258,357.4312,0.6739865,0.000351104,-0.7387432,0.02807624,-0.001562278,-0.2187604,2.649332,-0.5245801,-4.744069,-0.5480105,-0.3123237,1.932959,-0.9795084,-0.04448389,0.19643,-0.06732182,0.9915193,-0.1111625,-0.1898192,-0.1221086,-0.9741962,moving,-28.54476380776757,-16.024892566584217,-15.828489316125857,-9.17841256694573,0.21845599999999976,-0.53468967,-1.9396239999999998,-0.4633258234933912,-0.2446366010004502,0.8517524138459356,-28.22548778613042,-15.382927547035985,13.545333008034508,14.442227159694848,13.862957015134247
1211,05/05/2023 15:32:06.876152,1394,True,True,True,True,Eyes,2.402168,0.001027297,-2.68424,0.3086219,-0.3259577,-0.8935906,0.0,0.0,0.0,0.0,0.0,0.0,0.0,2.964884,-0.166284,-2.238608,2.431588,0.01142079,-2.813679,-0.02824052,0.9923545,-0.06058214,-0.1037548,7.244172,191.7786,357.4881,0.6732775,0.000344514,-0.7393895,0.02639167,-0.001468541,-0.2056348,2.620618,-0.5086944,-4.761067,-0.5471148,-0.3096749,1.933467,-0.9768752,-0.04347783,0.2093447,-0.06862057,0.9910645,-0.1143777,-0.2025012,-0.1260981,-0.9711297,moving,-29.26935317276218,-15.957157729957855,-15.799966714979599,-9.099527966665697,0.1890299999999998,-0.52011519,-1.9473879999999997,-0.4743815607276167,-0.24201608647257608,0.8463984927251397,-28.95638275902477,-15.32997518767863,14.201842231050795,15.114610730001857,14.557120446634936
1212,05/05/2023 15:32:06.896244,1395,True,True,True,True,Eyes,2.402168,0.001027297,-2.68424,0.3086219,-0.3259577,-0.8935906,0.0,0.0,0.0,0.0,0.0,0.0,0.0,2.996659,-0.1649259,-2.208845,2.431948,0.0131175,-2.823404,-0.02819268,0.9916667,-0.06032895,-0.1102855,7.231052,192.5363,357.5384,0.6726391,0.0003385843,-0.7399703,0.02480817,-0.001380429,-0.1932967,2.594605,-0.512969,-4.771055,-0.5462146,-0.3070103,1.933979,-0.9740849,-0.04260866,0.2221346,-0.0692223,0.9911312,-0.1134339,-0.2153313,-0.1258709,-0.9683952,moving,-30.015536595861416,-16.140042146429654,-15.771296601898444,-9.020175096976512,0.16265699999999983,-0.5260865,-1.9476509999999996,-0.4852325570878266,-0.24306687312891284,0.8399213775625683,-29.709343852617515,-15.52155249249852,14.958813837119052,15.924537035892216,15.379761675730935
1213,05/05/2023 15:32:06.906005,1396,True,True,True,True,Eyes,2.402168,0.001027297,-2.68424,0.3086219,-0.3259577,-0.8935906,0.0,0.0,0.0,0.0,0.0,0.0,0.0,3.028786,-0.1439641,-2.17849,2.432102,0.01348068,-2.832805,-0.02814209,0.9911107,-0.05647329,-0.1171252,6.807554,193.3333,357.5437,0.6720642,0.0003332486,-0.7404925,0.02331968,-0.001297603,-0.1816989,2.56758,-0.5086571,-4.783398,-0.5452672,-0.304206,1.93452,-0.9709793,-0.04255496,0.2353466,-0.06901274,0.9920376,-0.1053503,-0.2289895,-0.1185349,-0.9661849,moving,-30.82642911516335,-16.76998048502944,-15.741114216508322,-8.936659801873791,0.135478,-0.52213778,-1.950593,-0.49609794389254336,-0.25052111850346287,0.8313399178474619,-30.528086770798375,-16.14979214696381,15.905776975147193,16.99787158784115,16.452472019399124
1214,05/05/2023 15:32:06.926304,1397,True,True,True,True,Eyes,2.402168,0.001027297,-2.68424,0.3086219,-0.3259577,-0.8935906,0.0,0.0,0.0,0.0,0.0,0.0,0.0,3.060308,-0.1373787,-2.146115,2.432167,0.01336329,-2.841574,-0.02894629,0.9902699,-0.05649821,-0.1238379,6.838214,194.1067,357.4984,0.6715463,0.0003284455,-0.7409622,0.0219205,-0.001219747,-0.170797,2.538415,-0.4919393,-4.798732,-0.5443937,-0.3016216,1.935014,-0.9676528,-0.04333603,0.2485367,-0.07132251,0.9919401,-0.1047276,-0.2419951,-0.1190662,-0.9629446,moving,-31.564884764122482,-16.97788307166169,-15.713330218478932,-8.859721461901543,0.1062479999999999,-0.50530259,-1.9571580000000002,-0.5066030871226975,-0.25175858102536985,0.8246035342848737,-31.273280166383064,-16.365601973899544,16.656804558056276,17.809444950241886,17.275713723075906
1215,05/05/2023 15:32:06.946192,1398,True,True,True,True,Eyes,2.402168,0.001027297,-2.68424,0.3086219,-0.3259577,-0.8935906,0.0,0.0,0.0,0.0,0.0,0.0,0.0,3.092045,-0.1333489,-2.11193,2.431813,0.01466887,-2.85041,-0.03062594,0.9892638,-0.05775081,-0.1307066,7.022989,194.892,357.3726,0.6710808,0.0003241298,-0.7413839,0.02060527,-0.001146562,-0.1605492,2.511,-0.4900572,-4.809153,-0.5434824,-0.2989256,1.935533,-0.9639559,-0.04549745,0.2621439,-0.07569109,0.9914538,-0.1062555,-0.2550693,-0.1222676,-0.9591615,moving,-32.28260557309171,-17.091176517774308,-15.684323020836036,-8.779451924565665,0.07918700000000012,-0.50472607,-1.9587430000000001,-0.5169169302875809,-0.2515829822579557,0.8182315992294095,-31.997449692962704,-16.488875184036125,17.365119950974005,18.563074890703437,18.043095876664697
1216,05/05/2023 15:32:06.965965,1399,True,True,True,True,Eyes,2.402133,0.001424424,-2.691587,0.2982831,-0.3241841,-0.8977371,0.0,0.0,0.0,0.0,0.0,0.0,0.0,3.125887,-0.09958182,-2.075743,2.431122,0.01582018,-2.859928,-0.03246361,0.9884106,-0.05332436,-0.1383736,6.568843,195.7751,357.1487,0.6706616,0.0003202463,-0.7417631,0.01936895,-0.001077768,-0.1509162,2.483364,-0.4909364,-4.818178,-0.5425276,-0.2961,1.936077,-0.9595978,-0.04941738,0.2770021,-0.07893211,0.9922052,-0.0964285,-0.2700776,-0.1143969,-0.9560186,moving,-32.4907328656243,-17.610899205774313,-15.653937296340665,-8.69533243511552,0.05224200000000012,-0.50675658,-1.9582499999999996,-0.5188864552357639,-0.2586338408078613,0.8147793702080751,-32.207994594774384,-16.998907336426775,17.75228770030362,19.051640766189255,18.519885776686444
1217,05/05/2023 15:32:06.976372,1400,True,True,True,True,Eyes,2.402057,0.001822738,-2.698974,0.2877553,-0.3224381,-0.9017929,0.0,0.0,0.0,0.0,0.0,0.0,0.0,3.159089,-0.07691801,-2.037106,2.430427,0.01588091,-2.868506,-0.03394945,0.9873843,-0.05096775,-0.1460202,6.347837,196.6577,356.9918,0.6701823,0.0003276967,-0.742196,0.01820681,-0.001013102,-0.1418612,2.451034,-0.470176,-4.833064,-0.5416532,-0.2935131,1.936573,-0.9550511,-0.05215765,0.2918168,-0.08192694,0.9924995,-0.09073491,-0.2848955,-0.1105641,-0.9521608,moving,-32.68303473691879,-17.86152166443082,-15.626134114374862,-8.618336440486104,0.020607000000000042,-0.48605691,-1.9645580000000002,-0.5211616874756292,-0.26177045588863607,0.8123217339401428,-32.40227203404813,-17.246510289434944,18.04542179321015,19.4003693761611,18.864892988500728
1218,05/05/2023 15:32:06.996343,1401,True,True,True,True,Eyes,2.401929,0.002215337,-2.706386,0.2770842,-0.3205684,-0.9057926,0.0,0.0,0.0,0.0,0.0,0.0,0.0,3.19231,-0.06376238,-1.996474,2.429339,0.01635026,-2.8773,-0.03515267,0.9862014,-0.05014059,-0.1538083,6.298656,197.5578,356.8908,0.6696485,0.0003453575,-0.7426777,0.0171144,-0.000952316,-0.1333496,2.418844,-0.4587724,-4.844329,-0.540759,-0.2908681,1.93708,-0.9502147,-0.05391115,0.306897,-0.08475929,0.9925005,-0.08808389,-0.2998467,-0.109711,-0.9476581,moving,-32.883886101188736,-17.905747652737144,-15.597710051721226,-8.539620129825153,-0.010495000000000143,-0.47512266000000003,-1.9670290000000001,-0.5239923418910613,-0.2618639943409259,0.8104685442941609,-32.60494212952616,-17.29320542868878,18.285086131992184,19.66052459088093,19.127759893223214
1219,05/05/2023 15:32:07.006212,1402,True,True,True,True,Eyes,2.401739,0.00259149,-2.71381,0.266219,-0.3188328,-0.9096555,0.0,0.0,0.0,0.0,0.0,0.0,0.0,3.224669,-0.05099443,-1.95493,2.427936,0.01658566,-2.885774,-0.0354605,0.9850252,-0.04840983,-0.1616304,6.132773,198.4695,356.8746,0.6690645,0.0003720236,-0.7432039,0.01608754,-0.000895177,-0.1253486,2.385705,-0.4530339,-4.853792,-0.5398133,-0.2880685,1.937619,-0.9452363,-0.05420996,0.3218533,-0.08550797,0.9927981,-0.08390682,-0.3149868,-0.1068328,-0.9430643,moving,-33.117783314916664,-18.026696330389125,-15.567635168016727,-8.456302197675896,-0.042230999999999685,-0.46961956,-1.9680180000000003,-0.5271315886470196,-0.2629741428011806,0.8080698778357871,-32.84103541510676,-17.415234471481703,18.57900228987936,19.99000109638834,19.45848975596023
1220,05/05/2023 15:32:07.026063,1403,True,True,True,True,Eyes,2.401491,0.00294496,-2.721227,0.2551977,-0.3172222,-0.9133697,0.0,0.0,0.0,0.0,0.0,0.0,0.0,3.255092,-0.04858181,-1.912827,2.42501,0.01662606,-2.894121,-0.03577469,0.9836906,-0.04881235,-0.1693819,6.20878,199.3715,356.8951,0.6684341,0.0004063251,-0.743771,0.01512229,-0.0008414664,-0.1178277,2.351342,-0.4447823,-4.86303,-0.5389755,-0.2855905,1.938095,-0.94006,-0.0538466,0.3367314,-0.08691832,0.9926751,-0.08391334,-0.3297464,-0.1081517,-0.9378545,moving,-33.32153699856457,-17.890863431351743,-15.541009785303222,-8.38256851777234,-0.07366800000000007,-0.46140836,-1.968909,-0.5303799425725519,-0.26043601801700955,0.8067652670835553,-33.04643087808022,-17.28657704745534,18.763896499875507,20.163204610009966,19.639784508291058
1221,05/05/2023 15:32:07.045990,1404,True,True,True,True,Eyes,2.40112,0.003321175,-2.728643,0.2440253,-0.3159835,-0.9168457,0.0,0.0,0.0,0.0,0.0,0.0,0.0,3.286,-0.05643083,-1.868884,2.423327,0.01645306,-2.901883,-0.03614618,0.9821889,-0.05148775,-0.177052,6.542542,200.263,356.9551,0.6677619,0.0004468194,-0.7443745,0.01421495,-0.0007909784,-0.110758,2.316085,-0.4447324,-4.869726,-0.5380098,-0.2827318,1.938645,-0.934692,-0.05277273,0.3515192,-0.08923677,0.9920849,-0.08834188,-0.3440748,-0.1139409,-0.9320031,moving,-33.49320730663252,-17.497441079044787,-15.5103172628068,-8.297513581166992,-0.10724199999999984,-0.46118546000000005,-1.9678429999999998,-0.5337020657421416,-0.2542626190169813,0.8065436023638312,-33.219170679213725,-16.90641127389818,18.858061383742005,20.19957921082848,19.690520785588674
1222,05/05/2023 15:32:07.057011,1405,True,True,True,True,Eyes,2.4007,0.003693111,-2.736068,0.2327974,-0.3147402,-0.9201869,0.0,0.0,0.0,0.0,0.0,0.0,0.0,3.31625,-0.07041423,-1.823617,2.421185,0.01733239,-2.909572,-0.03647087,0.9805556,-0.0552057,-0.1847509,6.992567,201.1601,357.0475,0.6670502,0.0004934943,-0.7450123,0.01336205,-0.0007435197,-0.1041125,2.283186,-0.4541036,-4.873229,-0.5371453,-0.2801742,1.939135,-0.9290741,-0.05112484,0.3663439,-0.09192204,0.9912444,-0.09478846,-0.3582903,-0.1217406,-0.9256391,moving,-33.66650124332801,-16.969939987410573,-15.482866140337975,-8.221435612015735,-0.13799899999999976,-0.47143598999999997,-1.9636570000000004,-0.5372997926334279,-0.2461605708485974,0.8066683705649909,-33.393397609386156,-16.39566160226405,18.91928603383524,20.17872429974189,19.687689250986672
1223,05/05/2023 15:32:07.076430,1406,True,True,True,True,Eyes,2.388739,0.01237618,-2.920967,-0.06051843,-0.277699,-0.9587601,0.0,0.0,0.0,0.0,0.0,0.0,0.0,3.346089,-0.07876201,-1.779125,2.419509,0.01757323,-2.917783,-0.03649022,0.9789531,-0.05754612,-0.1923739,7.279485,202.0538,357.151,0.6663023,0.0005455839,-0.7456813,0.0,0.0,0.0,2.249957,-0.4664834,-4.875127,-0.5362506,-0.2775281,1.939644,-0.9233217,-0.04930367,0.3808499,-0.09358517,0.9907138,-0.09863038,-0.3724504,-0.1267094,-0.9193617,moving,-17.469671311424502,-10.548832728280864,-15.454448707830668,-8.142726415329609,-0.16955199999999992,-0.48405663,-1.957344,-0.2955740407840259,-0.17489373987996384,0.9391742705632845,-17.04669290884221,-9.849227170200827,2.9819989865753187,3.1385457988150174,2.3339636719604107
1224,05/05/2023 15:32:07.096524,1407,True,True,True,True,Eyes,2.388739,0.01237618,-2.920967,-0.06051843,-0.277699,-0.9587601,0.0,0.0,0.0,0.0,0.0,0.0,0.0,3.3735,-0.0897695,-1.73545,2.417583,0.01731252,-2.92495,-0.03640903,0.9773284,-0.0604373,-0.1996277,7.623946,202.9074,357.2799,0.6627409,0.0008446883,-0.7488479,-0.03588438,0.02604921,-0.5546994,2.216956,-0.4742485,-4.878255,-0.5353753,-0.2749365,1.940142,-0.9176466,-0.04703722,0.3946046,-0.09529707,0.9900434,-0.1035977,-0.3858028,-0.1326707,-0.9129925,moving,-18.3185982368881,-10.289726431330608,-15.426654070335106,-8.06565050873873,-0.2006269999999999,-0.49156102,-1.9533050000000003,-0.3097342929635125,-0.16984155433614379,0.9355312172801882,-17.902805302669,-9.612086082634995,3.488166897347737,3.648267365738538,2.9193814258504394
1225,05/05/2023 15:32:07.106267,1408,True,True,True,True,Eyes,2.388739,0.01237618,-2.920967,-0.06051843,-0.277699,-0.9587601,0.0,0.0,0.0,0.0,0.0,0.0,0.0,3.398344,-0.1014023,-1.694199,2.41501,0.01758698,-2.932021,-0.03687065,0.9756678,-0.06400864,-0.2064362,8.055091,203.7078,357.365,0.6597064,0.001097932,-0.7515223,-0.03373132,0.02448626,-0.5214174,2.185272,-0.4845607,-4.879454,-0.5344701,-0.2722557,1.940657,-0.9120493,-0.0455196,0.4075464,-0.09837441,0.9890869,-0.1096795,-0.3981063,-0.1401252,-0.9065741,moving,-19.105602423769263,-9.951591325522232,-15.397917244514096,-7.985933024178604,-0.22973800000000022,-0.50214768,-1.9474329999999997,-0.3229026292867813,-0.1635586962438534,0.9321923563328377,-18.696360691585582,-9.296845231632158,4.045730596161859,4.1965154528619975,3.5493971303841976
1226,05/05/2023 15:32:07.126338,1409,True,True,True,True,Eyes,2.388595,0.01243006,-2.921879,-0.06218259,-0.277385,-0.9587444,0.0,0.0,0.0,0.0,0.0,0.0,0.0,3.422481,-0.09661467,-1.655552,2.412738,0.01803618,-2.939715,-0.03699216,0.9742426,-0.06363326,-0.2131523,8.033866,204.4996,357.398,0.6570769,0.00131622,-0.753822,-0.03170744,0.02301708,-0.4901324,2.15539,-0.4967996,-4.879716,-0.5335757,-0.2696109,1.941165,-0.9063955,-0.04495152,0.420032,-0.09920583,0.9891648,-0.1082185,-0.4106163,-0.1397584,-0.9010339,moving,-19.784355858621513,-10.047698870736419,-15.369536915723522,-7.907297355692291,-0.2573479999999999,-0.51483578,-1.940001,-0.33387234250667613,-0.16445669746153846,0.9281611879542351,-19.38120031141797,-9.402675933544792,4.736625274347213,4.906316840989189,4.281308245321152
1227,05/05/2023 15:32:07.146199,1410,True,True,True,True,Eyes,2.388331,0.01248509,-2.923045,-0.06424954,-0.2769854,-0.9587237,0.0,0.0,0.0,0.0,0.0,0.0,0.0,3.443083,-0.08742557,-1.621321,2.409738,0.01824629,-2.946858,-0.03720314,0.9729651,-0.06239953,-0.2192289,7.916924,205.2153,357.394,0.6546897,0.001514044,-0.7558957,-0.02980499,0.02163606,-0.4607244,2.124715,-0.4933687,-4.884093,-0.53265,-0.2668726,1.941691,-0.9011095,-0.04503514,0.431247,-0.09975427,0.9894444,-0.1051131,-0.4219612,-0.1377372,-0.8960901,moving,-20.362343261276397,-10.233535974468142,-15.340169233705572,-7.825893348424336,-0.2850229999999998,-0.51161499,-1.9372349999999998,-0.3430767680452277,-0.1668780772335403,0.9243646935660943,-19.964487326208964,-9.594104613414158,5.374479590609248,5.569468105479201,4.950847290948401
1228,05/05/2023 15:32:07.156699,1411,True,True,True,True,Eyes,2.39,0.01269922,-2.925516,-0.06632911,-0.2789097,-0.9580239,0.0,0.0,0.0,0.0,0.0,0.0,0.0,3.462702,-0.07425062,-1.588874,2.406539,0.01833647,-2.954416,-0.03784898,0.9716932,-0.06085373,-0.2251149,7.776143,205.906,357.3299,0.6525167,0.001693475,-0.757772,-0.02801669,0.02033789,-0.433081,2.095726,-0.4867419,-4.888789,-0.5317508,-0.2642112,1.942202,-0.8957815,-0.04615702,0.4420917,-0.1009533,0.9897286,-0.1012216,-0.4328787,-0.1353031,-0.8912402,moving,-20.89043137372459,-10.609052675453961,-15.311649152770425,-7.746788115570714,-0.310813,-0.50507837,-1.934373,-0.3512443719997043,-0.17237607506049601,0.9202792209128509,-20.49764889936427,-9.969412655593638,6.034290496078989,6.270196925105136,5.642220592779364
1229,05/05/2023 15:32:07.176473,1412,True,True,True,True,Eyes,2.391447,0.01288985,-2.928182,-0.06873671,-0.2806556,-0.9573442,0.0,0.0,0.0,0.0,0.0,0.0,0.0,3.480462,-0.05612838,-1.558738,2.403005,0.01811286,-2.961699,-0.0385925,0.970507,-0.05839082,-0.2306887,7.535653,206.5594,357.2266,0.6505508,0.001860361,-0.75946,-0.02633569,0.01911762,-0.4070961,2.067506,-0.4788697,-4.894052,-0.5308475,-0.2615396,1.942714,-0.8905868,-0.04796839,0.4522769,-0.1018488,0.9902022,-0.0955317,-0.4432631,-0.1311431,-0.8867466,moving,-21.359480019587266,-11.081802047477153,-15.283016288234599,-7.667395425206813,-0.335499,-0.49698256,-1.9323530000000004,-0.35830607406670917,-0.1794483466011198,0.9161960852217446,-20.971360376857817,-10.438378298185947,6.683585928718258,6.97004907160975,6.327369481302511
1230,05/05/2023 15:32:07.196340,1413,True,True,True,True,Eyes,2.391266,0.01295261,-2.930278,-0.0716351,-0.2786667,-0.9577125,0.0,0.0,0.0,0.0,0.0,0.0,0.0,3.497103,-0.04109056,-1.529541,2.399404,0.01765771,-2.968747,-0.03952435,0.9692795,-0.05685911,-0.2360132,7.404951,207.1834,357.1226,0.6487666,0.002015316,-0.7609844,-0.02475555,0.01797056,-0.3826703,2.03997,-0.4676377,-4.899802,-0.5299443,-0.2588665,1.943228,-0.8854713,-0.04978129,0.4620201,-0.1034593,0.9904098,-0.09156821,-0.4530308,-0.1288813,-0.8821297,moving,-21.79607951642949,-11.204198052667813,-15.2543784720351,-7.587963788244501,-0.35943400000000025,-0.48529541,-1.9310550000000002,-0.36517922223699595,-0.18088689474856476,0.9131944025516993,-21.411942865084445,-10.565462842352279,7.166624676385356,7.474690816978309,6.839671035346792
1231,05/05/2023 15:32:07.206020,1414,True,True,True,True,Eyes,2.390926,0.01299101,-2.932578,-0.074829,-0.2766396,-0.958056,0.0,0.0,0.0,0.0,0.0,0.0,0.0,3.51245,-0.0263443,-1.502224,2.395452,0.01729411,-2.975932,-0.04055088,0.9680725,-0.05545403,-0.2410733,7.29156,207.7765,357.0079,0.6471282,0.002156285,-0.7623779,-0.02327022,0.01689233,-0.3597101,2.013741,-0.4601687,-4.904357,-0.5290105,-0.2561032,1.943759,-0.8804789,-0.0517754,0.4712501,-0.1052493,0.9905609,-0.08781558,-0.4622553,-0.1269185,-0.8776172,moving,-22.1840604650289,-11.30503443742752,-15.224781232924427,-7.505866492031963,-0.38171100000000013,-0.47746281,-1.9284250000000003,-0.3712756009616092,-0.1820204655751793,0.91050707021283,-21.80345435096991,-10.670670634208017,7.601174604788924,7.928760590894501,7.30033733826246
1232,05/05/2023 15:32:07.226387,1415,True,True,True,True,Eyes,2.390035,0.0129633,-2.934841,-0.07822571,-0.2745007,-0.9583998,0.0,0.0,0.0,0.0,0.0,0.0,0.0,3.527625,-0.009897426,-1.474441,2.391354,0.01673824,-2.98318,-0.04156461,0.966836,-0.05370716,-0.2462033,7.141416,208.3788,356.8846,0.6456161,0.002284045,-0.7636584,-0.021874,0.01587879,-0.3381275,1.98841,-0.4532552,-4.908865,-0.5281394,-0.2535252,1.944255,-0.8753127,-0.05392657,0.4805411,-0.1068181,0.9907758,-0.08338536,-0.4716118,-0.1243187,-0.872999,moving,-22.56968706657453,-11.440746978133935,-15.197173500665155,-7.429284628650796,-0.4029440000000002,-0.46999344000000004,-1.9256849999999996,-0.37727562973365714,-0.18369624655136071,0.9076997636099444,-22.19262997953342,-10.809810767370985,8.04291204631013,8.39319882171503,7.769450966594128
1233,05/05/2023 15:32:07.246102,1416,True,True,True,True,Eyes,2.389004,0.01290452,-2.937297,-0.08186013,-0.2724206,-0.9586897,0.0,0.0,0.0,0.0,0.0,0.0,0.0,3.542082,0.001386806,-1.447161,2.387089,0.01603198,-2.990347,-0.04258652,0.9655457,-0.05311182,-0.2511714,7.120517,208.9631,356.7903,0.6442105,0.002398167,-0.7648442,-0.02056156,0.01492606,-0.3178399,1.96242,-0.4450431,-4.91341,-0.5272015,-0.250751,1.944788,-0.8701986,-0.05555811,0.4895586,-0.1089188,0.9907311,-0.08117075,-0.4805112,-0.1239568,-0.8681841,moving,-22.926827696361936,-11.436281431822445,-15.167464051997644,-7.346891096532931,-0.42466899999999996,-0.46107508,-1.923063,-0.38296503945955374,-0.18316188363103517,0.9054222815960188,-22.552911087735403,-10.811883790771978,8.41093731170673,8.771022601717636,8.157879766754203
1234,05/05/2023 15:32:07.256170,1417,True,True,True,True,Eyes,2.387869,0.01283107,-2.939961,-0.08566435,-0.2707312,-0.9588359,0.0,0.0,0.0,0.0,0.0,0.0,0.0,3.555477,0.009332523,-1.421875,2.382721,0.01523376,-2.997606,-0.04308222,0.9643298,-0.0525267,-0.2558376,7.085495,209.5156,356.7526,0.6428957,0.002499224,-0.7659494,-0.01932787,0.0140305,-0.2987695,1.937359,-0.4416481,-4.916742,-0.5263011,-0.2480867,1.945299,-0.8653821,-0.05621433,0.4979495,-0.1099675,0.9907697,-0.07926205,-0.4888976,-0.1233502,-0.8635761,moving,-23.2505727966146,-11.441120206900418,-15.13895505403368,-7.267778607232355,-0.44536200000000004,-0.45688186,-1.919136,-0.3881005772251158,-0.18281270784392328,0.9033036601561384,-22.87951300135975,-10.822420023444009,8.752228457641708,9.122232320505413,8.517729329684055
1235,05/05/2023 15:32:07.276435,1418,True,True,True,True,Eyes,2.386584,0.01273144,-2.942799,-0.08963387,-0.2690921,-0.9589344,0.0,0.0,0.0,0.0,0.0,0.0,0.0,3.567166,0.01195042,-1.399735,2.378088,0.01476019,-3.004754,-0.04344752,0.9631836,-0.05280505,-0.2600024,7.14119,210.01,356.7509,0.6416593,0.002588087,-0.7669851,-0.0181682,0.01318867,-0.2808433,1.913109,-0.4384612,-4.920126,-0.5254206,-0.2454822,1.945799,-0.8610224,-0.056237,0.5054488,-0.1111548,0.9906479,-0.07912899,-0.4962717,-0.1243148,-0.8592209,moving,-23.512694370228353,-11.331831572528555,-15.111081026349275,-7.190453317407747,-0.46497900000000003,-0.45322139,-1.9153719999999996,-0.39238238634636746,-0.18073276566350127,0.9018712229235937,-23.143820281585214,-10.720670494993737,8.99904148551829,9.366862902382763,8.77424260341208
1236,05/05/2023 15:32:07.296235,1419,True,True,True,True,Eyes,2.385597,0.01263711,-2.946078,-0.09591873,-0.2675343,-0.9587623,0.0,0.0,0.0,0.0,0.0,0.0,0.0,3.577757,0.01607065,-1.379641,2.37322,0.01402478,-3.011916,-0.04349993,0.9621399,-0.05235298,-0.2639204,7.10585,210.4773,356.7607,0.6404887,0.0026653,-0.7679627,-0.01707811,0.01239735,-0.2639927,1.890798,-0.4382352,-4.922972,-0.5245177,-0.2428078,1.946314,-0.8569077,-0.056072,0.5124113,-0.1113401,0.9907339,-0.07778072,-0.503302,-0.1237028,-0.8552105,moving,-23.61662053623441,-11.281788117983593,-15.082488289224742,-7.1110609984251285,-0.4824219999999999,-0.45225998,-1.9110559999999999,-0.39408594260432256,-0.17980246286466728,0.9013143161694787,-23.248605488516123,-10.6737896572857,9.129612433539648,9.498756651018635,8.909461577964684
1237,05/05/2023 15:32:07.305999,1420,True,True,True,True,Eyes,2.384443,0.01251362,-2.949496,-0.1022133,-0.2661053,-0.9585094,0.0,0.0,0.0,0.0,0.0,0.0,0.0,3.587605,0.0223777,-1.360391,2.368202,0.01297174,-3.018861,-0.04377478,0.9611098,-0.05177585,-0.267715,7.063128,210.9289,356.7408,0.6393763,0.002732136,-0.7688888,-0.01605342,0.01165351,-0.2481532,1.868804,-0.4353537,-4.926491,-0.5236142,-0.2401357,1.946828,-0.8528252,-0.05642238,0.51914,-0.1118671,0.9908061,-0.07608621,-0.510074,-0.1229629,-0.8512962,moving,-23.698836724388208,-11.256630417429797,-15.053893907405811,-7.031753498255827,-0.49939800000000023,-0.44832544,-1.9076300000000006,-0.3954160298593528,-0.17929510932257448,0.9008325517967326,-23.331517497134556,-10.65076087939488,9.249554829275427,9.622090276601257,9.034172165614995
1238,05/05/2023 15:32:07.325986,1421,True,True,True,True,Eyes,2.382673,0.01232917,-2.952788,-0.1086082,-0.2646051,-0.9582214,0.0,0.0,0.0,0.0,0.0,0.0,0.0,3.596478,0.02560207,-1.343012,2.363086,0.01216688,-3.025666,-0.04456748,0.9600603,-0.05249694,-0.2711869,7.179177,211.3396,356.7006,0.638312,0.002788879,-0.7697724,-0.01509022,0.0109543,-0.233264,1.847279,-0.4323023,-4.929914,-0.522724,-0.2375012,1.947334,-0.8489432,-0.05710197,0.5253908,-0.1140479,0.9905156,-0.07662821,-0.5160322,-0.1249727,-0.8474038,moving,-23.73025456148038,-11.068811096899976,-15.025730904305474,-6.953579158515623,-0.5158070000000001,-0.44446917999999996,-1.904248,-0.39612899444760585,-0.17628217214893527,0.9011139034614835,-23.363000803316922,-10.468361322318193,9.268886090251304,9.628284686537691,9.047859582682914
1239,05/05/2023 15:32:07.346282,1422,True,True,True,True,Eyes,2.380754,0.01210903,-2.956227,-0.1150104,-0.2630066,-0.9579145,0.0,0.0,0.0,0.0,0.0,0.0,0.0,3.604802,0.03628539,-1.326986,2.357581,0.01153695,-3.0329,-0.04498595,0.959141,-0.05100022,-0.2746343,7.038839,211.7493,356.6333,0.6372828,0.002834964,-0.7706243,-0.0141848,0.01029704,-0.2192681,1.827699,-0.4340413,-4.932446,-0.5218126,-0.2348033,1.947853,-0.8451048,-0.05828292,0.5314146,-0.1143086,0.9907505,-0.07312343,-0.5222374,-0.1225422,-0.8439502,moving,-23.760497317984317,-11.140802956081176,-14.996897684075073,-6.873535798351852,-0.5298820000000002,-0.44557825,-1.8995459999999995,-0.39652505862859005,-0.17738126367708903,0.9007240522145954,-23.393590891534355,-10.53903626384547,9.375866612132434,9.747320018286542,9.161896664049797
1240,05/05/2023 15:32:07.357044,1423,True,True,True,True,Eyes,2.380754,0.01210903,-2.956227,-0.1150104,-0.2630066,-0.9579145,0.0,0.0,0.0,0.0,0.0,0.0,0.0,3.611997,0.04853851,-1.313427,2.352081,0.01044397,-3.039993,-0.04511213,0.9583514,-0.04881823,-0.2777492,6.813027,212.1212,356.5734,0.6362821,0.002870491,-0.7714507,-0.01333371,0.009679218,-0.206112,1.80681,-0.4268085,-4.937069,-0.520897,-0.2320938,1.948373,-0.8416409,-0.05934809,0.5367671,-0.113585,0.9911634,-0.06851032,-0.527958,-0.1186297,-0.8409447,moving,-24.11654961046941,-11.463147044499024,-14.967949447006355,-6.793168332577542,-0.5452710000000001,-0.43725247,-1.8970760000000002,-0.4017706016372887,-0.18199204491898793,0.8974738616295106,-23.75314164284226,-10.859452038282479,9.858725205831725,10.271591216589378,9.680612846977073
1241,05/05/2023 15:32:07.376242,1424,True,True,True,True,Eyes,2.380754,0.01210903,-2.956227,-0.1150104,-0.2630066,-0.9579145,0.0,0.0,0.0,0.0,0.0,0.0,0.0,3.618391,0.05645049,-1.301289,2.346284,0.009547328,-3.046989,-0.04546255,0.9575467,-0.0478289,-0.2806244,6.725492,212.4638,356.5235,0.6353803,0.00290247,-0.7721936,-0.01253369,0.009098465,-0.1937453,1.786845,-0.417261,-4.942297,-0.5199852,-0.2293957,1.948892,-0.8383665,-0.06022111,0.5417709,-0.113909,0.9912911,-0.066081,-0.5330731,-0.1171126,-0.8379249,moving,-24.443780747634904,-11.639652829157644,-14.939120456618854,-6.713150892832849,-0.5594389999999998,-0.426808328,-1.895308,-0.40671060989916286,-0.184315448003542,0.8947705563353513,-24.08345337201295,-11.03728076211669,10.265276628358464,10.70555876992085,10.115182825534722
1242,05/05/2023 15:32:07.396352,1425,True,True,True,True,Eyes,2.380754,0.01210903,-2.956227,-0.1150104,-0.2630066,-0.9579145,0.0,0.0,0.0,0.0,0.0,0.0,0.0,3.624575,0.06742445,-1.289268,2.34017,0.008729935,-3.054149,-0.04555423,0.9567807,-0.04578337,-0.2835481,6.513824,212.814,356.468,0.634568,0.002931244,-0.7728611,-0.01178167,0.008552557,-0.1821206,1.768117,-0.412245,-4.946685,-0.5190834,-0.2267268,1.949405,-0.8350509,-0.06120725,0.5467578,-0.1131344,0.9916574,-0.06177567,-0.5384154,-0.1134429,-0.8350091,moving,-24.779904391266772,-11.944897019496707,-14.91061738282278,-6.634016775566585,-0.5720530000000001,-0.420974935,-1.8925360000000007,-0.4116098883193536,-0.18862501786777755,0.8916265785260554,-24.422880721325875,-11.340680218090357,10.725595419379797,11.207509759996135,10.613003089711214
1243,05/05/2023 15:32:07.407105,1426,True,True,True,True,Eyes,2.380754,0.01210903,-2.956227,-0.1150104,-0.2630066,-0.9579145,0.0,0.0,0.0,0.0,0.0,0.0,0.0,3.630891,0.08075942,-1.276347,2.333915,0.007450172,-3.061329,-0.04549241,0.955994,-0.04311652,-0.2866133,6.22976,213.1827,356.4089,0.6338366,0.002957126,-0.7734609,-0.01107477,0.008039404,-0.1711934,1.748363,-0.4029498,-4.951826,-0.5181826,-0.2240613,1.949917,-0.8315666,-0.06226539,0.5519241,-0.1116965,0.9921428,-0.0563608,-0.5440783,-0.1085157,-0.8319876,moving,-25.13544525092191,-12.328976520819687,-14.882156498235753,-6.555000820157969,-0.5855520000000003,-0.410399972,-1.8904969999999994,-0.4166809632318182,-0.1941050357961736,0.8880879815765668,-24.78198496978482,-11.721226482756736,11.233549062705487,11.767273500594454,11.166758319359634
1244,05/05/2023 15:32:07.426406,1427,True,True,True,True,Eyes,2.37787,0.01167193,-2.961031,-0.1224755,-0.261424,-0.9574221,0.0,0.0,0.0,0.0,0.0,0.0,0.0,3.637258,0.08656424,-1.262822,2.327836,0.005707023,-3.06806,-0.04536331,0.9551352,-0.0421311,-0.2896273,6.128502,213.5457,356.4104,0.6331781,0.002980411,-0.7739999,-0.01041028,0.00755704,-0.1609218,1.727454,-0.3913472,-4.957092,-0.5171735,-0.2210777,1.950489,-0.8281167,-0.06225156,0.557089,-0.1110608,0.9923343,-0.05420488,-0.5494442,-0.1067587,-0.8286822,moving,-25.069320086585346,-12.310735900792725,-14.85029401188842,-6.466578275214054,-0.600382,-0.397054223,-1.8890320000000003,-0.4156711318749003,-0.19392081599221006,0.888601182024543,-24.71525689548691,-11.702268086926031,11.236318988953705,11.77211418004196,11.168255929161026
1245,05/05/2023 15:32:07.446301,1428,True,True,True,True,Eyes,2.374835,0.01120103,-2.965908,-0.1298753,-0.2598715,-0.9568695,0.0,0.0,0.0,0.0,0.0,0.0,0.0,3.643326,0.0868943,-1.249871,2.321372,0.004277336,-3.07486,-0.04489258,0.9542794,-0.04179853,-0.292555,6.087207,213.9004,356.47,0.632477,0.002989728,-0.774573,-0.009785667,0.007103617,-0.1512664,1.707802,-0.3874479,-4.960584,-0.5163687,-0.2186956,1.950947,-0.8247924,-0.06122338,0.5621113,-0.1101369,0.992475,-0.05350786,-0.5546056,-0.1060421,-0.8253288,moving,-25.007435881020957,-12.208268272497072,-14.82487587132888,-6.395992625547494,-0.6135700000000002,-0.39172523600000003,-1.8857239999999997,-0.41483674973981616,-0.19241189868028005,0.8893189317697809,-24.652712401110367,-11.601336038978799,11.196834156364115,11.724635454763762,11.12123962999899
1246,05/05/2023 15:32:07.456790,1429,True,True,True,True,Eyes,2.374835,0.01120103,-2.965908,-0.1298753,-0.2598715,-0.9568695,0.0,0.0,0.0,0.0,0.0,0.0,0.0,3.648879,0.08801419,-1.237699,2.314729,0.002978648,-3.081555,-0.04446301,0.9534501,-0.04130409,-0.2953812,6.028886,214.2428,356.5188,0.6317356,0.00298557,-0.7751778,-0.009198527,0.0066774,-0.1421905,1.688049,-0.3855439,-4.963645,-0.5154818,-0.2160708,1.951451,-0.8215462,-0.06038561,0.5669355,-0.1091874,0.9926341,-0.05249571,-0.5595894,-0.1050298,-0.8220881,moving,-25.35265924341662,-12.314468192922705,-14.796876894978876,-6.31823330543931,-0.6266799999999999,-0.38852254799999997,-1.8820899999999998,-0.42009216216638373,-0.1935450153196163,0.8866019018837555,-25.001095747595546,-11.710999739195394,11.589956978978023,12.13999068424119,11.541577543869113
1247,05/05/2023 15:32:07.477931,1430,True,True,True,True,Eyes,2.374835,0.01120103,-2.965908,-0.1298753,-0.2598715,-0.9568695,0.0,0.0,0.0,0.0,0.0,0.0,0.0,3.653733,0.08805719,-1.227265,2.30808,0.002167828,-3.088115,-0.04449719,0.9526396,-0.04155648,-0.2979445,6.067042,214.5514,356.5398,0.6310673,0.002981822,-0.7757219,-0.008646615,0.006276756,-0.133659,1.6685,-0.3828263,-4.966769,-0.5145913,-0.2134374,1.951956,-0.8184984,-0.06001652,0.5713656,-0.1095426,0.9925861,-0.05266133,-0.5639691,-0.1056921,-0.8190045,moving,-25.65758278303301,-12.330874184717025,-14.76877911331228,-6.24023815713603,-0.6395799999999998,-0.384994128,-1.878654,-0.4248231442561654,-0.1933279654169664,0.8843922342403464,-25.308723340249713,-11.732465697244509,11.914566999048315,12.476453525669514,11.885074154555275
1248,05/05/2023 15:32:07.496069,1431,True,True,True,True,Eyes,2.374835,0.01120103,-2.965908,-0.1298753,-0.2598715,-0.9568695,0.0,0.0,0.0,0.0,0.0,0.0,0.0,3.657831,0.08450247,-1.218313,2.30118,0.002072523,-3.094466,-0.04432819,0.9518888,-0.04214043,-0.3002784,6.133625,214.8337,356.5933,0.6304658,0.00297845,-0.7762108,-0.008127818,0.005900151,-0.1256395,1.650485,-0.3825595,-4.969602,-0.5136865,-0.2107587,1.952472,-0.815736,-0.05908328,0.5753993,-0.1096987,0.9925184,-0.05360441,-0.5679272,-0.1068476,-0.8161143,moving,-25.941679271894245,-12.299032948443877,-14.74021670428959,-6.160911671656367,-0.650695,-0.384632023,-1.875136,-0.42928393839949286,-0.1923876752070445,0.8824411100766099,-25.595286184673405,-11.706556939108664,12.204973287992848,12.77299089728008,12.189615041352873
1249,05/05/2023 15:32:07.506010,1432,True,True,True,True,Eyes,2.374835,0.01120103,-2.965908,-0.1298753,-0.2598715,-0.9568695,0.0,0.0,0.0,0.0,0.0,0.0,0.0,3.66146,0.09175716,-1.210367,2.294076,0.001861685,-3.101114,-0.0429466,0.9513584,-0.03866535,-0.3026182,5.713953,215.123,356.6403,0.6299236,0.00297541,-0.7766509,-0.007640149,0.005546141,-0.1181011,1.633135,-0.3828041,-4.972225,-0.512773,-0.2080572,1.95299,-0.8131556,-0.05831352,0.579118,-0.1051169,0.9933212,-0.04757638,-0.5724758,-0.09956206,-0.8138545,moving,-26.245500895741987,-12.754177820734387,-14.711408712413364,-6.080935836404097,-0.660941,-0.384665785,-1.871111,-0.433377324073619,-0.1989593987297425,0.8789762697186305,-25.902295610258605,-12.155401525008363,12.695190990158688,13.32544337254678,12.733227515535674
1250,05/05/2023 15:32:07.526206,1433,True,True,True,True,Eyes,2.374835,0.01120103,-2.965908,-0.1298753,-0.2598715,-0.9568695,0.0,0.0,0.0,0.0,0.0,0.0,0.0,3.664105,0.09637271,-1.204156,2.287049,0.001983808,-3.107143,-0.04219869,0.9508343,-0.03655746,-0.3046261,5.464548,215.3692,356.6612,0.6294357,0.002972674,-0.7770464,-0.00718174,0.005213373,-0.1110151,1.613592,-0.3668543,-4.977642,-0.5118903,-0.2054445,1.953491,-0.8108447,-0.05797521,0.5823832,-0.1025206,0.9937657,-0.04381054,-0.5762126,-0.09522983,-0.8117333,moving,-26.49895082289261,-13.043716157678173,-14.68357597107532,-6.003606502526981,-0.6734570000000002,-0.368838108,-1.8704990000000001,-0.43688993621686645,-0.20301551735386472,0.8763058332788592,-26.158303433338137,-12.442014209278671,13.079994964902246,13.753771368083354,13.157601002141995
1251,05/05/2023 15:32:07.546114,1434,True,True,True,True,Eyes,2.374835,0.01120103,-2.965908,-0.1298753,-0.2598715,-0.9568695,0.0,0.0,0.0,0.0,0.0,0.0,0.0,3.666606,0.1025271,-1.198426,2.279328,0.003740563,-3.113741,-0.04207345,0.9502551,-0.0345962,-0.3066728,5.253129,215.6174,356.6182,0.6289955,0.002970207,-0.7774028,-0.006750836,0.00490057,-0.1043542,1.596229,-0.355944,-4.981982,-0.5109756,-0.2027353,1.954014,-0.8083634,-0.05874161,0.585746,-0.1011805,0.9940659,-0.03994486,-0.5799237,-0.09155601,-0.8095099,moving,-26.741986149817173,-13.326779399151317,-14.654714270202978,-5.923429200235243,-0.6830990000000001,-0.35968456299999996,-1.8682410000000003,-0.44023072868453406,-0.20696652219342265,0.8737057824609112,-26.40379764744331,-12.722131859312631,13.45685489860248,14.17433369366979,13.574362528380144
1252,05/05/2023 15:32:07.556740,1435,True,True,True,True,Eyes,2.374835,0.01120103,-2.965908,-0.1298753,-0.2598715,-0.9568695,0.0,0.0,0.0,0.0,0.0,0.0,0.0,3.669388,0.1271657,-1.189964,2.271593,0.004917628,-3.120326,-0.04082357,0.9497471,-0.02716436,-0.3091537,4.406956,215.9269,356.5069,0.6286001,0.00296799,-0.7777226,0.0,0.0,0.0,1.578431,-0.3441471,-4.986731,-0.5100813,-0.2000898,1.954522,-0.8055148,-0.0607482,0.5894535,-0.09434004,0.995191,-0.02635703,-0.5850177,-0.07684007,-0.8073721,moving,-27.057854477165257,-14.285864533114404,-14.6265277329782,-5.84516404125504,-0.6931620000000003,-0.349064728,-1.8664049999999999,-0.4436268970341062,-0.22114911613671473,0.8684977114261331,-26.723526663742827,-13.662107618834732,14.178743623962818,15.026087628322127,14.402846594544599
1253,05/05/2023 15:32:07.576160,1436,True,True,True,True,Eyes,2.374835,0.01120103,-2.965908,-0.1298753,-0.2598715,-0.9568695,0.0,0.0,0.0,0.0,0.0,0.0,0.0,3.671834,0.1396794,-1.182353,2.264194,0.005676923,-3.126216,-0.04156444,0.9490489,-0.02524677,-0.3113538,4.232467,216.1919,356.3682,0.6282448,0.002965999,-0.7780096,0.0,0.0,0.0,1.556623,-0.3108127,-4.993698,-0.5091664,-0.1973852,1.95504,-0.8026627,-0.06317202,0.5930786,-0.09461473,0.99527,-0.02203835,-0.5888812,-0.07380332,-0.8048431,moving,-27.298365079935312,-14.58419284322919,-14.597711760898399,-5.765173834385151,-0.7075709999999997,-0.316489623,-1.8674820000000003,-0.4468362856515503,-0.22526636973898562,0.8657900591842893,-26.966491086060568,-13.957050362112541,14.565949827869364,15.462266684051075,14.83554997430463
1254,05/05/2023 15:32:07.596161,1437,True,True,True,True,Eyes,2.374835,0.01120103,-2.965908,-0.1298753,-0.2598715,-0.9568695,0.0,0.0,0.0,0.0,0.0,0.0,0.0,3.67551,0.1530465,-1.170539,2.256227,0.007166754,-3.132468,-0.04280413,0.9481051,-0.02370525,-0.3141697,4.120002,216.5298,356.1903,0.6279234,0.002964198,-0.778268,0.0,0.0,0.0,1.539016,-0.3003803,-4.99728,-0.50828,-0.194762,1.955544,-0.7989303,-0.06627066,0.5977611,-0.09606055,0.9952117,-0.01805462,-0.5937023,-0.07184564,-0.8014708,moving,-27.59986918288578,-14.858664668430272,-14.56978555915183,-5.687605436791525,-0.717211,-0.307547054,-1.8648120000000001,-0.4509962202041229,-0.22887536055293856,0.8626810005940475,-27.27095937459421,-14.229850221261922,14.988996883248033,15.933970210582356,15.30652678591361
1255,05/05/2023 15:32:07.606216,1438,True,True,True,True,Eyes,2.374835,0.01120103,-2.965908,-0.1298753,-0.2598715,-0.9568695,0.0,0.0,0.0,0.0,0.0,0.0,0.0,3.681601,0.1712325,-1.149865,2.248442,0.008225031,-3.138493,-0.04288472,0.9468895,-0.01967696,-0.3180784,3.700742,217.0088,356.0526,0.6276341,0.002962577,-0.7785007,0.0,0.0,0.0,1.518736,-0.2909411,-5.000013,-0.5073866,-0.1921189,1.956051,-0.793974,-0.06869655,0.6040579,-0.09373182,0.9955474,-0.009982413,-0.6006825,-0.06454522,-0.7968779,moving,-28.062626212609835,-15.452825383773675,-14.541653204781577,-5.609470223607897,-0.7297059999999997,-0.299166131,-1.86152,-0.45703473545273143,-0.2369890940521787,0.8572954274825972,-27.738460375296636,-14.816975836865536,15.68217693579659,16.724483606006572,16.091422532328476
1256,05/05/2023 15:32:07.626159,1439,True,True,True,True,Eyes,2.374835,0.01120103,-2.965908,-0.1298753,-0.2598715,-0.9568695,0.0,0.0,0.0,0.0,0.0,0.0,0.0,3.689284,0.1780848,-1.124493,2.240927,0.009255057,-3.144069,-0.04390586,0.9453491,-0.01950761,-0.3225009,3.738472,217.5415,355.9527,0.6273738,0.002961118,-0.77871,0.0,0.0,0.0,1.493059,-0.271868,-5.001689,-0.506482,-0.1894432,1.956564,-0.7881311,-0.0704303,0.6114647,-0.09559518,0.9953835,-0.008563643,-0.6080388,-0.06520235,-0.7912253,moving,-28.566481472161595,-15.593557109933379,-14.513178258987825,-5.530391940731367,-0.7478680000000002,-0.281123057,-1.8576199999999998,-0.46443050883146697,-0.23806205057416938,0.853012774016636,-28.246911600852005,-14.963131753374274,16.201587773167464,17.284751210938524,16.66109275763299
1257,05/05/2023 15:32:07.646019,1440,True,True,True,True,Eyes,2.374835,0.01120103,-2.965908,-0.1298753,-0.2598715,-0.9568695,0.0,0.0,0.0,0.0,0.0,0.0,0.0,3.698135,0.1837305,-1.095377,2.233612,0.01030754,-3.149712,-0.04464573,0.9436433,-0.01925155,-0.3273737,3.759287,218.1307,355.8821,0.6271394,0.002959805,-0.7788984,0.0,0.0,0.0,1.467261,-0.2686442,-5.000103,-0.5055764,-0.1867631,1.957079,-0.7816665,-0.07165439,0.619567,-0.09686419,0.9952723,-0.007101504,-0.616129,-0.06556486,-0.7849118,moving,-29.133466645638723,-15.754620592929221,-14.484669294144139,-5.45120080050552,-0.766351,-0.27895174,-1.8503910000000001,-0.472704617480012,-0.23926740969907873,0.8481164314889549,-28.819071621675285,-15.13022928190223,16.779800581246256,17.909431126198935,17.296204278142042
1258,05/05/2023 15:32:07.656875,1441,True,True,True,True,Eyes,2.374835,0.01120103,-2.965908,-0.1298753,-0.2598715,-0.9568695,0.0,0.0,0.0,0.0,0.0,0.0,0.0,3.707045,0.1860354,-1.064418,2.226503,0.0108636,-3.154733,-0.04480271,0.9418888,-0.01905171,-0.3323782,3.765443,218.7388,355.8775,0.6269286,0.002958624,-0.779068,0.0,0.0,0.0,1.439767,-0.2650325,-4.997618,-0.5046499,-0.1840202,1.957607,-0.7750351,-0.07173361,0.6278338,-0.09706309,0.9952595,-0.0061063,-0.6244195,-0.06567208,-0.7783237,moving,-29.73405127707437,-15.90498716131583,-14.455502439472768,-5.370173039644705,-0.7867360000000001,-0.2758961,-1.8428850000000003,-0.4814555357834608,-0.2401905531480586,0.8429170156868828,-29.425114995328077,-15.287510671046336,17.381903638738194,18.55845799524138,17.956694733932405
1259,05/05/2023 15:32:07.676178,1442,True,True,True,True,Eyes,2.374835,0.01120103,-2.965908,-0.1298753,-0.2598715,-0.9568695,0.0,0.0,0.0,0.0,0.0,0.0,0.0,3.716587,0.1816095,-1.032718,2.219886,0.01091479,-3.159824,-0.04463243,0.9400828,-0.02002852,-0.3374184,3.886289,219.3512,355.9537,0.6267388,0.00295756,-0.7792206,0.0,0.0,0.0,1.411874,-0.2621553,-4.993951,-0.5037725,-0.1814234,1.958107,-0.7683138,-0.07040039,0.6361905,-0.09743235,0.9952136,-0.007537321,-0.6326147,-0.06777655,-0.7714956,moving,-30.350258254421668,-15.903308775647984,-14.427888864920368,-5.29348129376557,-0.8080119999999997,-0.27307009,-1.834127,-0.49067107564628354,-0.2387613603512903,0.8379945933118608,-30.046747301637094,-15.296958100300275,17.93178223394224,19.133485991084722,18.54772997121413
1260,05/05/2023 15:32:07.698914,1443,True,True,True,True,Eyes,2.374835,0.01120103,-2.965908,-0.1298753,-0.2598715,-0.9568695,0.0,0.0,0.0,0.0,0.0,0.0,0.0,3.725178,0.1695048,-1.003772,2.213361,0.0118335,-3.164511,-0.04416889,0.9383932,-0.02210311,-0.3420216,4.11142,219.9112,356.1037,0.626568,0.002956603,-0.7793579,0.0,0.0,0.0,1.384604,-0.2643127,-4.989464,-0.5028644,-0.1787361,1.958624,-0.7621409,-0.06777609,0.643854,-0.09801506,0.9951211,-0.01126939,-0.6399489,-0.07169624,-0.7650656,moving,-30.923323935757928,-15.745604247535478,-14.399320225044313,-5.214139133987259,-0.828757,-0.2761462,-1.8249529999999998,-0.49948795188905704,-0.23509055164486328,0.833813077696422,-30.624682862730694,-15.153636426916417,18.393549420540115,19.594755830822706,19.027769158799863
1261,05/05/2023 15:32:07.706207,1444,True,True,True,True,Eyes,2.374835,0.01120103,-2.965908,-0.1298753,-0.2598715,-0.9568695,0.0,0.0,0.0,0.0,0.0,0.0,0.0,3.733061,0.1638463,-0.9757385,2.206307,0.01357463,-3.16965,-0.04284484,0.9368001,-0.02129194,-0.3465784,3.990483,220.4737,356.2344,0.6264143,0.002955741,-0.7794815,0.0,0.0,0.0,1.359369,-0.2696797,-4.984576,-0.5019143,-0.1759247,1.959163,-0.7560957,-0.06551547,0.6511737,-0.09503276,0.9954219,-0.0101944,-0.6475247,-0.06959077,-0.7588604,moving,-31.513789142091586,-15.940537984927257,-14.369452027618676,-5.131161197659205,-0.8469379999999997,-0.28325433,-1.8149259999999998,-0.5078646553430161,-0.2365846861143914,0.82831226493519,-31.22056780999397,-15.354151024763267,19.012586760836346,20.26748434374189,19.709632774765005
1262,05/05/2023 15:32:07.726326,1445,True,True,True,True,Eyes,2.366478,0.01118775,-2.973974,-0.1421116,-0.2562678,-0.956102,0.0,0.0,0.0,0.0,0.0,0.0,0.0,3.740704,0.1692782,-0.9468622,2.199239,0.01477418,-3.17509,-0.04059425,0.9352441,-0.0167381,-0.3512699,3.429911,221.0611,356.3141,0.626276,0.002954966,-0.7795928,0.0,0.0,0.0,1.332664,-0.2624738,-4.981252,-0.5010246,-0.1732917,1.959669,-0.7499232,-0.06417189,0.658405,-0.08769024,0.9961439,-0.002789351,-0.6556872,-0.05982749,-0.7526587,moving,-31.449930551645366,-16.171706568076935,-14.341481407000828,-5.053467443430039,-0.8665749999999999,-0.27724798,-1.8061619999999996,-0.5064844299811989,-0.24015090709253628,0.8281310225952483,-31.156406785233102,-15.578195917085646,19.109732272330486,20.40378085962789,19.837127436191384
1263,05/05/2023 15:32:07.746185,1446,True,True,True,True,Eyes,2.358196,0.01119006,-2.981909,-0.1541998,-0.2528006,-0.9551514,0.0,0.0,0.0,0.0,0.0,0.0,0.0,3.747742,0.1713987,-0.9192877,2.192638,0.01491358,-3.179961,-0.03932493,0.9336601,-0.01455211,-0.3556974,3.161409,221.6108,356.3779,0.6259139,0.002953836,-0.7798838,0.0,0.0,0.0,1.303999,-0.2403909,-4.979246,-0.5001292,-0.1706449,1.960177,-0.7438658,-0.06307994,0.6653454,-0.08378453,0.9964836,0.0008021074,-0.6630564,-0.055149,-0.7465352,moving,-31.33377646887952,-16.126189775454343,-14.313347817292174,-4.975389788510804,-0.8886390000000002,-0.25530448,-1.7992849999999998,-0.5048550174577531,-0.23975821596809901,0.8292390052487195,-31.039178487171945,-15.53176661168296,19.059795673215607,20.34785816327103,19.77853642791339
1264,05/05/2023 15:32:07.756791,1447,True,True,True,True,Eyes,2.358196,0.01119006,-2.981909,-0.1541998,-0.2528006,-0.9551514,0.0,0.0,0.0,0.0,0.0,0.0,0.0,3.754498,0.1720306,-0.8929586,2.18603,0.01528768,-3.185004,-0.03936686,0.9320141,-0.01453584,-0.3599846,3.178,222.1372,356.3873,0.6253542,0.002952803,-0.7803329,0.0,0.0,0.0,1.278036,-0.2291404,-4.97598,-0.4992378,-0.168007,1.960683,-0.7377229,-0.06291557,0.6721659,-0.08384629,0.9964779,0.001247714,-0.669877,-0.05543814,-0.7403999,moving,-31.857411061782035,-16.24052370086126,-14.285345508261695,-4.8975972319259355,-0.9079940000000002,-0.24442808,-1.7909759999999997,-0.5123582645786895,-0.24017289000315567,0.8245034325142655,-31.56755356185591,-15.6525627822107,19.586773840841417,20.915053638393797,20.355441513156347
1265,05/05/2023 15:32:07.776437,1448,True,True,True,True,Eyes,2.358196,0.01119006,-2.981909,-0.1541998,-0.2528006,-0.9551514,0.0,0.0,0.0,0.0,0.0,0.0,0.0,3.761206,0.1766994,-0.8644781,2.179339,0.01565946,-3.189899,-0.03978021,0.9302364,-0.01415184,-0.3645237,3.171839,222.6953,356.3426,0.6248508,0.002951873,-0.7807363,0.0,0.0,0.0,1.253762,-0.2268322,-4.972245,-0.4983336,-0.1653299,1.961199,-0.7310799,-0.06369262,0.6793123,-0.08432735,0.9964346,0.002672547,-0.6770605,-0.05533076,-0.7338442,moving,-32.402700488506404,-16.419875539880902,-14.256929682334574,-4.818665133924064,-0.9255770000000001,-0.24249166,-1.782346,-0.5200121998737752,-0.24144866817988647,0.8193227515570135,-32.11784732065001,-15.83708575675602,20.157074340109638,21.53734154981527,20.9861376128228
1266,05/05/2023 15:32:07.796360,1449,True,True,True,True,Eyes,2.349862,0.01131155,-2.990417,-0.1667215,-0.2495984,-0.9538892,0.0,0.0,0.0,0.0,0.0,0.0,0.0,3.76806,0.175855,-0.8356361,2.173164,0.01592128,-3.194463,-0.04113406,0.9283618,-0.01646335,-0.3690279,3.49303,223.2436,356.3109,0.6243981,0.002951036,-0.7810985,0.0,0.0,0.0,1.228528,-0.2232977,-4.967837,-0.4974371,-0.1626775,1.961708,-0.724253,-0.06422371,0.6865372,-0.08852545,0.9960739,-0.0002086461,-0.6838284,-0.06092712,-0.7270949,moving,-32.19834593547232,-15.853879378340928,-14.228781664996196,-4.740489561062703,-0.9446359999999998,-0.23921898,-1.7733740000000004,-0.5181016031790826,-0.23366032126620503,0.8227840596234761,-31.91105634236486,-15.282044050721835,19.841138113575784,21.128480146512086,20.586092607009363
1267,05/05/2023 15:32:07.806244,1450,True,True,True,True,Eyes,2.341613,0.01146804,-2.998763,-0.1791208,-0.2465594,-0.9524306,0.0,0.0,0.0,0.0,0.0,0.0,0.0,3.774917,0.1734202,-0.8056064,2.166723,0.01725982,-3.199075,-0.04295058,0.9263555,-0.01961689,-0.3736791,3.924614,223.8091,356.2693,0.6237468,0.002953358,-0.7816188,0.0,0.0,0.0,1.205098,-0.2310682,-4.962033,-0.4965158,-0.1599525,1.962231,-0.7170386,-0.06491416,0.6940045,-0.09423584,0.9955409,-0.00424496,-0.6906343,-0.06844389,-0.7199584,moving,-32.01118611818503,-15.2024904715201,-14.19986345649052,-4.66019787695012,-0.9616250000000002,-0.24832802,-1.7629579999999998,-0.5165493238768616,-0.22453732686444272,0.8262927032137506,-31.721515499698185,-14.644126059920756,19.5133212675562,20.697418875514828,20.16648487679394
1268,05/05/2023 15:32:07.826284,1451,True,True,True,True,Eyes,2.333892,0.01170921,-3.007397,-0.1913828,-0.241861,-0.9512496,0.0,0.0,0.0,0.0,0.0,0.0,0.0,3.781932,0.1768936,-0.7730632,2.160484,0.01828198,-3.203731,-0.04373131,0.924307,-0.01998281,-0.3786093,4.017126,224.4169,356.223,0.62292,0.002959455,-0.7822781,0.0,0.0,0.0,1.181402,-0.2415301,-4.955465,-0.4956292,-0.1573275,1.962737,-0.7094854,-0.06571097,0.7016502,-0.09597367,0.9953765,-0.003826331,-0.6981547,-0.07005466,-0.7125117,moving,-31.90874276332576,-14.792230774418378,-14.172023310480963,-4.582870701524997,-0.9790819999999998,-0.25981208,-1.7517340000000003,-0.5157681810059302,-0.21873524989551946,0.8283344704115478,-31.617708456394098,-14.242628237965226,19.34240767753887,20.465147203157677,19.941485548302264
1269,05/05/2023 15:32:07.846189,1452,True,True,True,True,Eyes,2.326228,0.01197118,-3.015865,-0.2035559,-0.2374071,-0.9498436,0.0,0.0,0.0,0.0,0.0,0.0,0.0,3.789068,0.1735821,-0.7389059,2.154192,0.01901765,-3.208152,-0.04426402,0.9221473,-0.0216534,-0.3836877,4.238158,225.0441,356.2618,0.6219413,0.002971116,-0.7830566,0.0,0.0,0.0,1.155634,-0.2405974,-4.949093,-0.4946958,-0.1545649,1.963268,-0.701649,-0.06501961,0.7095502,-0.09825218,0.9951437,-0.005968118,-0.7057163,-0.07390236,-0.7046298,moving,-31.838739453547543,-14.22855004167463,-14.142733547190252,-4.501518584228889,-0.9985580000000001,-0.25961505,-1.7409410000000003,-0.5157006722666023,-0.2105855710627292,0.8304857216714435,-31.546454618391422,-13.692258408164504,19.15280103623327,20.193161367452376,19.681443179692074
1270,05/05/2023 15:32:07.859659,1453,True,True,True,True,Eyes,2.318526,0.01223205,-3.02407,-0.2156209,-0.2331628,-0.9482314,0.0,0.0,0.0,0.0,0.0,0.0,0.0,3.796265,0.169104,-0.7038865,2.148001,0.01979302,-3.212688,-0.04401318,0.9199784,-0.02242901,-0.3888442,4.329775,225.6862,356.3466,0.6208282,0.002988329,-0.7839393,0.0,0.0,0.0,1.129721,-0.245174,-4.941357,-0.4937989,-0.1519082,1.963778,-0.6937265,-0.06353956,0.7174308,-0.09842512,0.9951196,-0.007039869,-0.713482,-0.07549694,-0.6965946,moving,-31.80226678293574,-13.78530105368997,-14.114598584202927,-4.423310769459631,-1.0182799999999999,-0.26496702,-1.728669,-0.5158933704010445,-0.20412693010262414,0.8319773305503814,-31.509162189953166,-13.259810473302728,19.03424038406615,20.012507798636513,19.510370833239175
1271,05/05/2023 15:32:07.876595,1454,True,True,True,True,Eyes,2.127388,0.01891672,-3.225177,-0.5039873,-0.1210721,-0.8551832,0.0,0.0,0.0,0.0,0.0,0.0,0.0,3.803134,0.1632144,-0.6677766,2.141656,0.02028504,-3.21703,-0.04280221,0.9178011,-0.02214632,-0.3941053,4.266114,226.3466,356.4866,0.6195964,0.003010528,-0.7849132,0.0,0.0,0.0,1.103164,-0.2457463,-4.933575,-0.492913,-0.1492903,1.96428,-0.6856982,-0.06111185,0.7253163,-0.09602377,0.995355,-0.006914669,-0.7215247,-0.07438897,-0.6883814,moving,-15.538378514654655,-3.9394028642542978,-14.086828223319236,-4.346269941269143,-1.0384919999999997,-0.26603134,-1.7165450000000004,-0.267296114163147,-0.06620165151756605,0.9613376546310709,-15.090956644787529,-3.3759023827886523,1.5077366509854835,1.5074943006972013,1.3963835738620654
1272,05/05/2023 15:32:07.896355,1455,True,True,True,True,Eyes,2.127209,0.01896595,-3.225454,-0.5044007,-0.1209734,-0.8549534,0.0,0.0,0.0,0.0,0.0,0.0,0.0,3.809827,0.1539039,-0.6315961,2.135426,0.02070815,-3.22132,-0.04173192,0.9155702,-0.02290141,-0.3993312,4.316472,227.0034,356.6582,0.6082269,0.003341083,-0.7937547,-0.5734141,0.02005401,-0.6033232,1.07549,-0.241808,-4.925414,-0.4920337,-0.1466854,1.964782,-0.6775864,-0.0581265,0.7331427,-0.09470747,0.995468,-0.008605985,-0.7293199,-0.07526539,-0.6800205,moving,-16.176115215976257,-3.8977663226629358,-14.059246408850287,-4.269629740369701,-1.0599359999999998,-0.26251615,-1.704094,-0.2779962121331581,-0.06529691196076043,0.9583602481152975,-15.734263355879474,-3.346811696870475,2.149082027318472,2.149282658937973,1.9124003017785574
1273,05/05/2023 15:32:07.906283,1456,True,True,True,True,Eyes,2.126769,0.01902001,-3.225889,-0.5052499,-0.1207526,-0.854483,0.0,0.0,0.0,0.0,0.0,0.0,0.0,3.816176,0.1464331,-0.5933714,2.128693,0.021607,-3.225666,-0.04038176,0.9132165,-0.02267776,-0.4048343,4.250388,227.6978,356.8158,0.5989712,0.003606759,-0.800761,-0.5390092,0.01885077,-0.5671238,1.048483,-0.2419464,-4.91658,-0.4911028,-0.1439331,1.96531,-0.6689573,-0.05539311,0.7412342,-0.09211605,0.99571,-0.008723578,-0.7375711,-0.07411526,-0.6711901,moving,-16.81773316273019,-3.967153668544928,-14.030077838993293,-4.188683835221114,-1.0802100000000001,-0.2635534,-1.6909139999999998,-0.28869263053939603,-0.06623882396700091,0.9551276524200742,-16.381610365925425,-3.425944979084237,2.7938008238311474,2.796443780716186,2.472139920773258
1274,05/05/2023 15:32:07.926014,1457,True,True,True,True,Eyes,2.126047,0.01906675,-3.226441,-0.5064456,-0.1205432,-0.8538046,0.0,0.0,0.0,0.0,0.0,0.0,0.0,3.822384,0.1425667,-0.552773,2.12207,0.02174434,-3.229993,-0.03858273,0.9107524,-0.02107097,-0.4106062,4.01775,228.429,356.9558,0.5914476,0.003820611,-0.8063329,-0.5066687,0.01771972,-0.5330964,1.019707,-0.2376181,-4.90723,-0.4902091,-0.1412883,1.965817,-0.6598277,-0.05297489,0.7495471,-0.08758236,0.9961348,-0.006696252,-0.7462952,-0.0700655,-0.6619169,moving,-17.46663985074761,-4.207586884297669,-14.002081965810472,-4.110925512595777,-1.102363,-0.25936243999999997,-1.6772370000000003,-0.29941410614350195,-0.07000427269149961,0.9515517319904274,-17.036502689422964,-3.6718340591735084,3.456199424188765,3.465906051649323,3.0660251845602047
1275,05/05/2023 15:32:07.946017,1458,True,True,True,True,Eyes,2.125071,0.01912167,-3.227142,-0.5080545,-0.1202813,-0.8528851,0.0,0.0,0.0,0.0,0.0,0.0,0.0,3.827995,0.1373494,-0.5118079,2.11526,0.02166783,-3.234125,-0.03767965,0.9081547,-0.02123038,-0.4163949,4.01055,229.1614,357.0834,0.5853365,0.003992785,-0.8107793,-0.4762686,0.01665654,-0.5011106,0.9896045,-0.2281882,-4.897371,-0.4893067,-0.1386174,1.966331,-0.6503912,-0.05075745,0.7579017,-0.08611833,0.996259,-0.00718171,-0.754702,-0.06994015,-0.6523293,moving,-18.09688582351016,-4.219328123546382,-13.973807191794503,-4.0324210662954085,-1.1256555000000001,-0.24985603,-1.6632459999999996,-0.30986381112521844,-0.06995335178990399,0.9482040429307729,-17.672312732179563,-3.694606735754923,4.114381804956871,4.127312885081585,3.7139011502970165
1276,05/05/2023 15:32:07.956303,1459,True,True,True,True,Eyes,2.124015,0.01919204,-3.2282,-0.5102792,-0.1196348,-0.851647,0.0,0.0,0.0,0.0,0.0,0.0,0.0,3.833315,0.1370275,-0.4691043,2.108299,0.02190162,-3.238477,-0.03689489,0.9054257,-0.02031424,-0.4224105,3.896575,229.9241,357.1476,0.5803714,0.004131795,-0.8143404,-0.4476925,0.01565715,-0.471044,0.960238,-0.2265352,-4.886338,-0.4884013,-0.1359403,1.966844,-0.6404165,-0.04964926,0.7664215,-0.08397304,0.9964522,-0.005616496,-0.7634235,-0.06795564,-0.6423137,moving,-18.71206740059029,-4.3328086982695275,-13.945464752329139,-3.953764746442814,-1.1480610000000002,-0.24843682,-1.6478610000000002,-0.31998960615900157,-0.07157739602291978,0.9447133365531925,-18.29304012742616,-3.816218077897563,4.762638293374418,4.781649832832453,4.349750651264725
1277,05/05/2023 15:32:07.976532,1460,True,True,True,True,Eyes,2.122715,0.0192386,-3.229386,-0.5128719,-0.1190503,-0.8501703,0.0,0.0,0.0,0.0,0.0,0.0,0.0,3.838062,0.1414235,-0.424469,2.10104,0.02179039,-3.242846,-0.03654852,0.9025208,-0.01902249,-0.4286709,3.765378,230.7189,357.1472,0.5763319,0.004244663,-0.8172038,-0.4208309,0.01471772,-0.4427813,0.9297612,-0.2203745,-4.875017,-0.4874952,-0.1332595,1.967359,-0.629811,-0.04966282,0.7751592,-0.08228035,0.9966047,-0.003001813,-0.7723781,-0.06567095,-0.6317589,moving,-19.329328916839565,-4.489856396702169,-13.91709732965194,-3.8750233381692794,-1.1712787999999998,-0.24216489,-1.6321709999999996,-0.33009255239175783,-0.07389475351010993,0.9410518428869711,-18.915914781174198,-3.9803078369916607,5.419977095813865,5.44704235739143,4.999926073387062
1278,05/05/2023 15:32:07.996196,1461,True,True,True,True,Eyes,2.121143,0.01926595,-3.230653,-0.5156144,-0.1184884,-0.8485883,0.0,0.0,0.0,0.0,0.0,0.0,0.0,3.842376,0.1444075,-0.380301,2.094069,0.02127355,-3.247115,-0.03681807,0.8995637,-0.0191673,-0.4348129,3.813118,231.4997,357.1523,0.5730355,0.004336098,-0.8195181,-0.395581,0.01383465,-0.4162144,0.8983034,-0.2134197,-4.862862,-0.4865925,-0.130587,1.967873,-0.6191645,-0.04957203,0.7836951,-0.08290879,0.9965541,-0.002466476,-0.7808722,-0.06650236,-0.621141,moving,-19.92721224098398,-4.466430429015924,-13.888837871744967,-3.7965510161177876,-1.1957656,-0.23469325,-1.6157469999999998,-0.33991076893738004,-0.07323812452934461,0.9376015462842586,-19.519037589775117,-3.9682402619631647,6.045948083612007,6.0754179651203755,5.632816885186819
1279,05/05/2023 15:32:08.006379,1462,True,True,True,True,Eyes,2.119336,0.01927647,-3.232036,-0.5187155,-0.1179914,-0.8467658,0.0,0.0,0.0,0.0,0.0,0.0,0.0,3.84599,0.1478193,-0.3356714,2.086787,0.02094043,-3.251314,-0.03731799,0.8965145,-0.01954392,-0.441007,3.896698,232.2892,357.1461,0.5703322,0.00440996,-0.8214014,-0.3718462,0.01300457,-0.3912416,0.8682969,-0.2129365,-4.850064,-0.4856582,-0.127822,1.968404,-0.6082407,-0.04967424,0.792197,-0.08415026,0.9964508,-0.002127832,-0.7892796,-0.0679578,-0.610262,moving,-20.508896664540476,-4.414613300005217,-13.859604171308037,-3.715392248676086,-1.2184901000000001,-0.23387693,-1.59875,-0.34944047777922593,-0.07212081780435722,0.9341787840625084,-20.10578689485429,-3.928224038757402,6.655078656922891,6.685955484385091,6.24980767598467
1280,05/05/2023 15:32:08.026263,1463,True,True,True,True,Eyes,2.119336,0.01927647,-3.232036,-0.5187155,-0.1179914,-0.8467658,0.0,0.0,0.0,0.0,0.0,0.0,0.0,3.849077,0.1548274,-0.2896504,2.079511,0.02055293,-3.25553,-0.03817322,0.8933289,-0.01964385,-0.4473482,3.970927,233.0994,357.091,0.5680982,0.004469383,-0.8229477,-0.3495354,0.0122243,-0.3677671,0.8382015,-0.2136243,-4.836645,-0.4848024,-0.1252902,1.968891,-0.5968447,-0.05062722,0.8007578,-0.08577777,0.9963138,-0.0009433898,-0.7977584,-0.06925029,-0.5989874,moving,-21.311506809721944,-4.446993484345282,-13.832829918364082,-3.641102260650828,-1.2413095,-0.23417723,-1.581115,-0.3624881685440711,-0.07226337619381082,0.9291826475943722,-20.9155024129403,-3.9742021447229803,7.486576297316308,7.52197239490799,7.0905010541001525
1281,05/05/2023 15:32:08.046167,1464,True,True,True,True,Eyes,2.119336,0.01927647,-3.232036,-0.5187155,-0.1179914,-0.8467658,0.0,0.0,0.0,0.0,0.0,0.0,0.0,3.851488,0.1646911,-0.2414193,2.071982,0.0204672,-3.259729,-0.0398682,0.8899027,-0.0203891,-0.4539472,4.156715,233.9436,356.9857,0.5661372,0.00452131,-0.8242977,-0.3285633,0.01149084,-0.3457011,0.8077145,-0.2134558,-4.822542,-0.4838852,-0.1225759,1.969412,-0.584685,-0.05244648,0.8095634,-0.08946879,0.9959896,-9.251502e-05,-0.8063119,-0.07248475,-0.5870326,moving,-22.147324672284913,-4.396454093667935,-13.804148929078456,-3.5614864194240416,-1.2642675000000003,-0.233923,-1.5628130000000002,-0.37603719710722927,-0.07103102786749987,0.923878065512801,-21.758624863529935,-3.940001202346756,8.347723133668902,8.384852562750336,7.963476679984613
1282,05/05/2023 15:32:08.060979,1465,True,True,True,True,Eyes,2.116622,0.01923657,-3.23381,-0.5233804,-0.1179155,-0.843901,0.0,0.0,0.0,0.0,0.0,0.0,0.0,3.853633,0.1763088,-0.189548,2.064381,0.02026775,-3.264263,-0.04097181,0.8862476,-0.01976258,-0.4609728,4.17499,234.8475,356.8731,0.5643697,0.004568015,-0.8255086,-0.3088495,0.01080139,-0.324959,0.7767355,-0.2164301,-4.807135,-0.4829869,-0.1199199,1.969922,-0.5716509,-0.05440231,0.8186916,-0.09084236,0.9958615,0.002744702,-0.8154527,-0.07280286,-0.5742272,moving,-22.724285018697046,-4.487351494800765,-13.77606859316006,-3.4836077389420264,-1.2876455,-0.23669785,-1.5428719999999996,-0.38528889967749197,-0.072198651784986,0.9199672953486705,-22.340768996741115,-4.038925690527186,8.960832855384242,9.004336662168697,8.582684372062987
1283,05/05/2023 15:32:08.076450,1466,True,True,True,True,Eyes,2.113707,0.01917535,-3.235693,-0.5283492,-0.1179149,-0.8407992,0.0,0.0,0.0,0.0,0.0,0.0,0.0,3.855166,0.1830638,-0.1379504,2.056688,0.01950142,-3.268716,-0.0413465,0.8825881,-0.01927188,-0.467929,4.16981,235.7481,356.8417,0.5627074,0.004609012,-0.8266425,-0.2903185,0.01015331,-0.3054615,0.7438189,-0.213721,-4.790741,-0.4820844,-0.1172471,1.970437,-0.5586659,-0.0549481,0.8275707,-0.09101958,0.9958381,0.004676197,-0.8243833,-0.0727127,-0.5613422,moving,-23.280504564451554,-4.572478736817824,-13.747847257469612,-3.405261088959601,-1.3128691,-0.23322241999999999,-1.5220249999999997,-0.3941707809955366,-0.07326576609942723,0.9161122302592201,-22.901983165825303,-4.13185614389783,9.55393809267938,9.60385091355691,9.182926799365644
1284,05/05/2023 15:32:08.096309,1467,True,True,True,True,Eyes,2.110456,0.01907691,-3.237496,-0.5339407,-0.1198859,-0.8369795,0.0,0.0,0.0,0.0,0.0,0.0,0.0,3.856331,0.1858846,-0.08786106,2.049054,0.01894405,-3.273313,-0.04172974,0.8789487,-0.01975391,-0.4746763,4.263392,236.6257,356.8612,0.5611349,0.004644319,-0.8277106,-0.2728994,0.009544109,-0.2871338,0.711121,-0.2114761,-4.77384,-0.4811831,-0.1145815,1.970948,-0.5458821,-0.05460317,0.8360811,-0.09211002,0.9957369,0.0048909,-0.8327838,-0.07434159,-0.5485844,moving,-23.75840521699565,-4.653079965331143,-13.719693585349994,-3.3271579777028166,-1.337933,-0.23042015,-1.500527,-0.40176775560764877,-0.0742870873954709,0.9127234426461505,-23.38418356093891,-4.218969012334666,10.069662550527134,10.125897507905858,9.705549619148305
1285,05/05/2023 15:32:08.106309,1468,True,True,True,True,Eyes,2.107012,0.01897307,-3.239419,-0.5397828,-0.1217239,-0.8329573,0.0,0.0,0.0,0.0,0.0,0.0,0.0,3.856767,0.1874752,-0.03821135,2.040843,0.0185801,-3.278089,-0.04120514,0.8753255,-0.01889043,-0.4814049,4.171566,237.5062,356.8993,0.5596384,0.004673577,-0.828723,-0.2565255,0.008971462,-0.2699057,0.6797098,-0.2127632,-4.756914,-0.4802586,-0.1118452,1.971474,-0.533103,-0.05394792,0.8443288,-0.09032371,0.9958906,0.006602156,-0.8412152,-0.07274326,-0.5357851,moving,-24.218144117727444,-4.901293827446386,-13.69081102931782,-3.2470101997086482,-1.3611332000000003,-0.2313433,-1.478825,-0.4089631314975201,-0.07796782412206038,0.9092140661625032,-23.848250760903216,-4.469035458935202,10.585947001098951,10.656518956738418,10.230685589684464
1286,05/05/2023 15:32:08.126397,1469,True,True,True,True,Eyes,2.103412,0.01886731,-3.241556,-0.5456457,-0.1228701,-0.8289593,0.0,0.0,0.0,0.0,0.0,0.0,0.0,3.856887,0.1871512,0.009574413,2.032787,0.01832825,-3.283007,-0.04042527,0.8717868,-0.01801088,-0.4878827,4.062744,238.358,356.9594,0.5582055,0.00469725,-0.8296887,-0.2411339,0.008433174,-0.2537114,0.6474051,-0.2077778,-4.740114,-0.4793718,-0.1092197,1.971979,-0.520673,-0.05291003,0.8521154,-0.08805881,0.9960828,0.008042288,-0.8492031,-0.07084886,-0.5232925,moving,-24.653899088218253,-5.110103799902182,-13.66311108685841,-3.1701355762481453,-1.3853819,-0.22610605,-1.4571070000000002,-0.4157650114862632,-0.08100661571732651,0.9058571608663493,-24.288078475256356,-4.680285170696742,11.076621331044485,11.160685355282753,10.731751199228071
1287,05/05/2023 15:32:08.146192,1470,True,True,True,True,Eyes,2.099622,0.01874101,-3.243815,-0.5517017,-0.1239204,-0.8247842,0.0,0.0,0.0,0.0,0.0,0.0,0.0,3.856426,0.1862868,0.05579329,2.024294,0.01788421,-3.288123,-0.03936026,0.8682894,-0.01676411,-0.4942099,3.900079,239.1937,357.0249,0.556825,0.004715832,-0.8306158,-0.2266659,0.007927184,-0.2384887,0.6162354,-0.2022037,-4.723757,-0.4784575,-0.1065152,1.972498,-0.5084148,-0.05178219,0.859554,-0.08492215,0.9963395,0.009792251,-0.8569146,-0.06801666,-0.5109512,moving,-25.059430902267227,-5.36032377913813,-13.634571243689697,-3.090978924102458,-1.4080586,-0.22008791,-1.4356339999999999,-0.42203636320795296,-0.08469158925527975,0.9026143421906776,-24.697463418233962,-4.9313309706611275,11.547235324742859,11.648061825439852,11.2149221540261
1288,05/05/2023 15:32:08.157092,1471,True,True,True,True,Eyes,2.095566,0.01858047,-3.246061,-0.5576802,-0.1245853,-0.820653,0.0,0.0,0.0,0.0,0.0,0.0,0.0,3.855907,0.182342,0.09809446,2.015974,0.01724797,-3.293393,0.038162,-0.8649997,0.01609785,0.5000602,3.785182,239.97,357.1323,0.5554862,0.004729307,-0.8315117,-0.213066,0.007451553,-0.2241794,0.5851719,-0.1949689,-4.70772,-0.4775269,-0.1037616,1.973027,-0.4969671,-0.04992044,0.8663324,-0.08212001,0.996569,0.01031732,-0.8638752,-0.06601585,-0.4993615,moving,-25.41751300437582,-5.511853063667036,-13.605525975041052,-3.010414969298899,-1.4308021,-0.21221687,-1.4143270000000001,-0.42759023910768545,-0.08682808989854454,0.8997930423611489,-25.058869739598663,-5.085383634036603,11.961003255348949,12.073948406429807,11.639784291333498
1289,05/05/2023 15:32:08.176567,1472,True,True,True,True,Eyes,2.091331,0.01839611,-3.248435,-0.563765,-0.1252343,-0.8163856,0.0,0.0,0.0,0.0,0.0,0.0,0.0,3.85509,0.17562,0.1368017,2.007404,0.01651159,-3.298687,0.03696761,-0.8618774,0.01617026,0.5055088,3.741121,240.6961,357.2788,0.5541802,0.004737319,-0.8323826,-0.200282,0.00700446,-0.2107286,0.5562677,-0.1900288,-4.69287,-0.4766382,-0.1011334,1.973532,-0.4861883,-0.04737467,0.8725689,-0.08007152,0.9967438,0.009501346,-0.8701778,-0.06524847,-0.4883985,moving,-25.72079027996407,-5.564850814509848,-13.577797552067098,-2.933548966545816,-1.4511363000000002,-0.20654039,-1.394183,-0.4323237060377483,-0.08744175389883957,0.8974687771068871,-25.36487772392261,-5.142465926744688,12.305446788035441,12.424814759378012,11.992271390975256
1290,05/05/2023 15:32:08.196544,1473,True,True,True,True,Eyes,2.08694,0.01817989,-3.25098,-0.5699002,-0.1254819,-0.8120764,0.0,0.0,0.0,0.0,0.0,0.0,0.0,3.854406,0.1675783,0.1702819,1.998862,0.01574071,-3.304213,0.03568556,-0.8590615,0.01639949,0.5103638,3.703977,241.3458,357.44,0.5528991,0.004739793,-0.8332341,-0.1882651,0.006584192,-0.1980849,0.5288287,-0.1879285,-4.678863,-0.475747,-0.09849621,1.974038,-0.4765112,-0.04457277,0.878038,-0.07805159,0.9969152,0.008248894,-0.8756971,-0.06460157,-0.4785201,moving,-25.94755338082054,-5.567168601098328,-13.550001648163718,-2.8564500010902987,-1.4700332999999999,-0.20366921,-1.37465,-0.4358772552236142,-0.08731193745391168,0.8957609438803315,-25.593640637949896,-5.148802119565769,12.567809902236418,12.690440665805568,12.259858006982657
1291,05/05/2023 15:32:08.206251,1474,True,True,True,True,Eyes,1.972855,0.01260921,-3.317707,-0.7133989,-0.13112,-0.6883818,0.0,0.0,0.0,0.0,0.0,0.0,0.0,3.853641,0.1600022,0.198627,1.990167,0.01464625,-3.309776,0.03457414,-0.8565362,0.01685932,0.5146517,3.696337,241.9217,357.5951,0.5516355,0.004736451,-0.8340712,-0.1769692,0.00618914,-0.1861998,0.5034883,-0.1861518,-4.66679,-0.4748333,-0.09579324,1.974557,-0.4678768,-0.04187464,0.8828012,-0.07658135,0.9970408,0.006706032,-0.8804696,-0.0644685,-0.4696991,moving,-15.623194529735722,-4.8064753985811555,-13.521510546156831,-2.7774576787489798,-1.4866787000000001,-0.20079805,-1.357014,-0.2684309962338982,-0.08071526027853218,0.9599113472146765,-15.17749487799669,-4.222088408901158,2.849561116579772,2.9212991072851473,2.197553652086592
1292,05/05/2023 15:32:08.226425,1475,True,True,True,True,Eyes,1.97248,0.01258542,-3.317933,-0.7135778,-0.1306651,-0.6882829,0.0,0.0,0.0,0.0,0.0,0.0,0.0,3.853056,0.153523,0.222014,1.981475,0.01427139,-3.315487,0.03402108,-0.8542858,0.01782871,0.5183827,3.76897,242.424,357.7231,0.5463226,0.004562453,-0.8375618,-0.5086063,-0.01089425,-0.3752079,0.4799735,-0.1854997,-4.656435,-0.4738666,-0.09293179,1.975107,-0.460244,-0.03964325,0.8869069,-0.07661162,0.9970495,0.004810246,-0.8844808,-0.0657335,-0.4619232,moving,-16.123532573969452,-4.711131610101082,-13.491369789827338,-2.693866853892143,-1.5015015,-0.19977108999999998,-1.340948,-0.27684300873194007,-0.07892201556320658,0.9576686584716803,-15.682132394142155,-4.138207586596477,3.2461146481285295,3.316268689184499,2.6240352399716604
1293,05/05/2023 15:32:08.246416,1476,True,True,True,True,Eyes,1.97176,0.01253346,-3.318389,-0.7139509,-0.1301486,-0.6879938,0.0,0.0,0.0,0.0,0.0,0.0,0.0,3.852372,0.1488507,0.241981,1.972241,0.01365251,-3.321379,0.03285673,-0.8522654,0.01717277,0.5217944,3.644201,242.884,357.813,0.5419715,0.004414637,-0.8403847,-0.4780899,-0.0102406,-0.3526954,0.458754,-0.1870389,-4.648026,-0.4730335,-0.09046806,1.97558,-0.4533023,-0.03808399,0.8905431,-0.07392661,0.9972511,0.005017391,-0.8882862,-0.06356043,-0.4548717,moving,-16.560049958008108,-4.813962743795326,-13.465408407079796,-2.621923345799819,-1.513487,-0.20069141000000001,-1.326647,-0.2840959546127253,-0.08046280257585142,0.9554136489005868,-16.12261004156386,-4.24623149135731,3.715306913316508,3.7923400495072292,3.114337405938733
1294,05/05/2023 15:32:08.256220,1477,True,True,True,True,Eyes,1.970706,0.01246438,-3.319072,-0.7147911,-0.1300879,-0.6871322,0.0,0.0,0.0,0.0,0.0,0.0,0.0,3.851865,0.1512153,0.2580853,1.963248,0.01290747,-3.327435,0.03251318,-0.8504693,0.01612274,0.5247715,3.528658,243.2844,357.7962,0.5383961,0.004287883,-0.8426805,-0.4494045,-0.009626161,-0.3315337,0.4374135,-0.1815255,-4.641142,-0.4721326,-0.08779864,1.976094,-0.4471158,-0.0383814,0.8936524,-0.07222442,0.9973659,0.006700178,-0.8915556,-0.06154776,-0.4487101,moving,-16.885834834521734,-4.95790653595251,-13.437325443095622,-2.5440010798522756,-1.5258345000000002,-0.19443297,-1.3137070000000004,-0.2894700425317055,-0.08272378040217235,0.9536056361385064,-16.451426149422225,-4.392313867675637,4.123053708826691,4.2094128538009405,3.5356842660947394
1295,05/05/2023 15:32:08.276490,1478,True,True,True,True,Eyes,1.969324,0.01238969,-3.319985,-0.7157918,-0.1299021,-0.686125,0.0,0.0,0.0,0.0,0.0,0.0,0.0,3.8511,0.1600171,0.2731113,1.954147,0.01243885,-3.333516,0.03356247,-0.8486534,0.01584203,0.5276456,3.572241,243.67,357.6888,0.5354418,0.004178163,-0.8445614,-0.4224402,-0.009048591,-0.3116417,0.4178189,-0.1755254,-4.636035,-0.4712161,-0.08508667,1.976615,-0.4409271,-0.04024784,0.89664,-0.07368376,0.9972452,0.008529386,-0.8945132,-0.06230697,-0.442678,moving,-17.180167707096462,-4.961493714152842,-13.40877686200803,-2.4648700997162525,-1.5363281,-0.18796425,-1.3025189999999998,-0.2943666720141718,-0.08265423451144233,0.9521116069459916,-16.74835538074559,-4.401101877974217,4.433702056948992,4.522888278365856,3.8602821376098078
1296,05/05/2023 15:32:08.296479,1479,True,True,True,True,Eyes,1.967618,0.01232195,-3.32111,-0.7171465,-0.1297113,-0.6847451,0.0,0.0,0.0,0.0,0.0,0.0,0.0,3.850623,0.168147,0.287693,1.944919,0.01220956,-3.339983,0.03373393,-0.8469039,0.01400972,0.5304899,3.412308,244.0527,357.5728,0.5329355,0.004081468,-0.8461456,-0.3970938,-0.008505676,-0.2929431,0.39903,-0.1740177,-4.631153,-0.4703156,-0.0824241,1.977126,-0.4348848,-0.04227475,0.8994931,-0.07200282,0.9973315,0.01206124,-0.8976027,-0.05952079,-0.4367683,moving,-17.438005489630193,-5.169176859865043,-13.380740627525286,-2.3872125703487765,-1.545889,-0.18622726,-1.2911700000000002,-0.2985637644521514,-0.08598747094702686,0.9505081846992403,-17.008697641748146,-4.608054062836584,4.817304545226626,4.91942308298594,4.25372883853735
1297,05/05/2023 15:32:08.306321,1480,True,True,True,True,Eyes,1.965594,0.01224204,-3.322457,-0.7186622,-0.1293043,-0.6832314,0.0,0.0,0.0,0.0,0.0,0.0,0.0,3.850307,0.1742163,0.3012962,1.935583,0.01230748,-3.346545,0.03379514,-0.8452057,0.01244037,0.5332267,3.271663,244.4224,357.4821,0.5306308,0.003992646,-0.8475933,-0.3732682,-0.007995335,-0.2753666,0.3796831,-0.1652327,-4.626956,-0.4694251,-0.07978981,1.977631,-0.4290547,-0.04386062,0.9022132,-0.07039476,0.9974063,0.0150116,-0.9005314,-0.05707027,-0.4310293,moving,-17.673872699531056,-5.335586332819,-13.35302568505192,-2.310411397070866,-1.5558999,-0.17754018000000002,-1.280411,-0.3024037059237259,-0.08863526690389426,0.9490499953942161,-17.24682940434611,-4.774404269613253,5.161252784930058,5.274599730255557,4.607924508965934
1298,05/05/2023 15:32:08.326555,1481,True,True,True,True,Eyes,1.963286,0.01214589,-3.324033,-0.7205653,-0.1288659,-0.6813071,0.0,0.0,0.0,0.0,0.0,0.0,0.0,3.849993,0.1759964,0.3167024,1.925936,0.01188697,-3.353259,0.03255938,-0.8434209,0.009746552,0.5361775,2.943783,244.8241,357.4478,0.5285001,0.003910616,-0.8489239,-0.3508721,-0.007515615,-0.2588446,0.3606546,-0.1569603,-4.62305,-0.4685254,-0.07712442,1.978144,-0.4229076,-0.04447076,0.9050812,-0.06537429,0.9976898,0.01847432,-0.9038118,-0.0513561,-0.4248378,moving,-17.910933391792067,-5.669667265341714,-13.325014246784376,-2.2327326858510044,-1.5652814000000002,-0.16884727,-1.2697910000000001,-0.3061750944703019,-0.09404844446420153,0.9473182347433597,-17.486353742528372,-5.104113462310233,5.597028811851051,5.730896414021725,5.055845523971089
1299,05/05/2023 15:32:08.346160,1482,True,True,True,True,Eyes,1.960694,0.01210846,-3.325807,-0.7225656,-0.1285973,-0.6792361,0.0,0.0,0.0,0.0,0.0,0.0,0.0,3.849582,0.1745977,0.3338914,1.916579,0.01131557,-3.359738,0.0314492,-0.8415026,0.00822733,0.5392745,2.737839,245.2469,357.4721,0.5265182,0.003834266,-0.850155,-0.3298198,-0.007064678,-0.2433139,0.3402311,-0.1432162,-4.618479,-0.4676226,-0.07445463,1.978657,-0.4163885,-0.04405558,0.908119,-0.06180273,0.9978866,0.02007286,-0.907084,-0.04776613,-0.4182312,moving,-18.166138948601354,-5.87482087058645,-13.296925831956175,-2.154958816974319,-1.5763479,-0.15453176999999998,-1.2587409999999997,-0.3102940097297632,-0.09730319881294604,0.9456477708113383,-17.744037749592614,-5.30855414939545,5.979314966702652,6.127528871675181,5.451785755938359
1300,05/05/2023 15:32:08.366168,1483,True,True,True,True,Eyes,1.960694,0.01210846,-3.325807,-0.7225656,-0.1285973,-0.6792361,0.0,0.0,0.0,0.0,0.0,0.0,0.0,3.849241,0.1733988,0.35043,1.907159,0.0127198,-3.36632,0.03230099,-0.8394967,0.00984503,0.5423147,2.95573,245.6604,357.5004,0.524663,0.003764554,-0.8513015,-0.3100306,-0.006640797,-0.2287151,0.3200627,-0.1342519,-4.612756,-0.4667054,-0.07174242,1.979178,-0.4097029,-0.04355495,0.9111786,-0.06491136,0.9977195,0.01850487,-0.9099066,-0.05156434,-0.4115957,moving,-18.582949413052567,-5.68676225059729,-13.268398826612346,-2.0759825212866745,-1.5870963,-0.1469717,-1.246436,-0.3172670962280407,-0.09397049082470435,0.9436689715779848,-18.164307743111504,-5.132852733266425,6.2836960942241005,6.425120869636037,5.771861018037863
1301,05/05/2023 15:32:08.376558,1484,True,True,True,True,Eyes,1.960694,0.01210846,-3.325807,-0.7225656,-0.1285973,-0.6792361,0.0,0.0,0.0,0.0,0.0,0.0,0.0,3.848342,0.1710751,0.3721476,1.89701,0.01455268,-3.373223,0.03030427,-0.8372387,0.006229108,0.5459621,2.494326,246.1617,357.4791,0.5229909,0.003701789,-0.85233,-0.2914287,-0.00624235,-0.2149922,0.3011435,-0.1379728,-4.606857,-0.4657981,-0.06905631,1.979694,-0.4020145,-0.0439421,0.9145785,-0.05754552,0.9980857,0.02265947,-0.9138235,-0.04352046,-0.4037735,moving,-19.074174366186952,-6.201730001408083,-13.240183896433383,-1.9977994088452509,-1.5958665,-0.15252548000000002,-1.233634,-0.3250820920848046,-0.10216184385616625,0.9401513614729999,-18.660438328167373,-5.64334434152214,7.0158525209213165,7.190860673678858,6.532163191539087
1302,05/05/2023 15:32:08.396135,1485,True,True,True,True,Eyes,1.957036,0.0122729,-3.32832,-0.7255801,-0.1274282,-0.6762363,0.0,0.0,0.0,0.0,0.0,0.0,0.0,3.847149,0.1695009,0.3955789,1.887455,0.01578784,-3.379798,0.02919389,-0.8348264,0.004266265,0.5497223,2.247731,246.6792,357.4732,0.5214843,0.003645291,-0.8532529,-0.273943,-0.005867809,-0.2020926,0.2781683,-0.1174628,-4.599467,-0.4648978,-0.06639171,1.980206,-0.3939064,-0.04405314,0.9180943,-0.05343419,0.998259,0.02497389,-0.9175961,-0.03922024,-0.3955745,moving,-19.345694339317337,-6.404694209111473,-13.21219484747124,-1.9202751562263105,-1.6092867000000002,-0.13325064,-1.2196689999999997,-0.3294244638060318,-0.10532382340509375,0.9382890684529908,-18.934577977642125,-5.845945635625486,7.407121203474861,7.598014889321802,6.939492589612765
1303,05/05/2023 15:32:08.406311,1486,True,True,True,True,Eyes,1.953132,0.0125174,-3.330991,-0.7287498,-0.1260681,-0.6730755,0.0,0.0,0.0,0.0,0.0,0.0,0.0,3.845765,0.1679045,0.4192481,1.877823,0.01744425,-3.386346,0.0291941,-0.8323149,0.004322898,0.5535172,2.264626,247.2008,357.487,0.5200292,0.003598677,-0.8541407,-0.2575064,-0.00551574,-0.1899671,0.2560022,-0.1047222,-4.590811,-0.4638758,-0.06336856,1.980787,-0.3855335,-0.04381176,0.9216534,-0.05338296,0.9982581,0.02512283,-0.9211485,-0.03951488,-0.3872007,moving,-19.613713683902102,-6.325517732630702,-13.180433431954715,-1.8323591357927524,-1.6218208,-0.12216645000000001,-1.2044650000000003,-0.33386185206748115,-0.10385524985799952,0.9368833525839297,-19.204868840634035,-5.773636002966346,7.656874864347323,7.847010193470823,7.199130873728222
1304,05/05/2023 15:32:08.426302,1487,True,True,True,True,Eyes,1.949013,0.01280035,-3.333871,-0.7323682,-0.1246521,-0.6694018,0.0,0.0,0.0,0.0,0.0,0.0,0.0,3.843915,0.1671817,0.4452991,1.868073,0.01955798,-3.39291,0.02786897,-0.8296777,0.001443021,0.5575448,1.918098,247.7595,357.4403,0.5186136,0.00356302,-0.8550011,-0.242056,-0.005184796,-0.178569,0.2346483,-0.1015982,-4.58185,-0.4631258,-0.06115203,1.981212,-0.3767343,-0.04463542,0.9252455,-0.04785362,0.9984425,0.02868191,-0.9250847,-0.03347088,-0.3782834,moving,-19.87075350992281,-6.626594661351549,-13.157140539636124,-1.7679285097054735,-1.6334247000000002,-0.12115618,-1.18894,-0.337888812702988,-0.10861120488945128,0.9348983114069238,-19.46451115802826,-6.071553595841687,8.074990712459146,8.28729364074623,7.635712998782583
1305,05/05/2023 15:32:08.446176,1488,True,True,True,True,Eyes,1.944672,0.01311459,-3.336881,-0.7360864,-0.12326,-0.6655704,0.0,0.0,0.0,0.0,0.0,0.0,0.0,3.842138,0.1633631,0.4714355,1.858317,0.02076001,-3.399588,0.02646316,-0.8269989,-0.0004841169,0.5615802,1.657319,248.3208,357.4591,0.5172272,0.003538218,-0.8558406,-0.2275327,-0.004873708,-0.1678549,0.2117434,-0.0845309,-4.571913,-0.4622245,-0.05848141,1.981727,-0.3678547,-0.04431374,0.9288267,-0.04322626,0.9985989,0.0305231,-0.9288779,-0.02892164,-0.3692549,moving,-20.127693129075443,-6.81956171518557,-13.129128792017083,-1.6903265722618133,-1.6465736,-0.10529091,-1.1723250000000003,-0.34196458350521086,-0.11158431031862236,0.9330644878784881,-19.7239307937861,-6.26415391402835,8.448187023699074,8.67692087847695,8.02566570415363
1306,05/05/2023 15:32:08.456117,1489,True,True,True,True,Eyes,1.940134,0.0134446,-3.340048,-0.7398521,-0.1222115,-0.6615762,0.0,0.0,0.0,0.0,0.0,0.0,0.0,3.840142,0.1532827,0.4973006,1.848718,0.02181251,-3.405769,0.02508652,-0.8243307,-0.0005579048,0.5655521,1.573292,248.873,357.5925,0.5158619,0.003524001,-0.8566643,-0.2138807,-0.004581285,-0.1577836,0.1891598,-0.07182754,-4.561722,-0.4613113,-0.05577835,1.982245,-0.3590429,-0.04199023,0.932376,-0.04072813,0.9987407,0.02929526,-0.932432,-0.02745567,-0.360301,moving,-20.37917040183982,-6.813415079001092,-13.100779779710644,-1.6118193999183388,-1.6595582000000002,-0.09364005,-1.1559529999999998,-0.3460674131492464,-0.11130585756324149,0.9315837056547308,-19.977616028719265,-6.262688953153058,8.713613377197566,8.946036421619928,8.301895229216317
1307,05/05/2023 15:32:08.475982,1490,True,True,True,True,Eyes,1.935406,0.01374807,-3.343311,-0.7436721,-0.1212492,-0.6574575,0.0,0.0,0.0,0.0,0.0,0.0,0.0,3.838537,0.1363191,0.5210404,1.839164,0.02243225,-3.411951,0.02278256,-0.8218282,-0.0003852579,0.5692795,1.450085,249.3931,357.8281,0.5145094,0.003519705,-0.8574773,-0.2010479,-0.004306408,-0.1483166,0.1673693,-0.06624195,-4.550962,-0.4603767,-0.05301412,1.982775,-0.3508035,-0.03788535,0.9356824,-0.03700807,0.9989616,0.02657252,-0.9357175,-0.02530606,-0.3518413,moving,-20.601874981815527,-6.808830464452634,-13.071775899545402,-1.5315715717832172,-1.6717947,-0.0886742,-1.139011,-0.3496950192382398,-0.11107173556329153,0.9302560874319639,-20.20227691342036,-6.2622281645526545,8.959102074600741,9.195208187369323,8.557053027040602
1308,05/05/2023 15:32:08.496391,1491,True,True,True,True,Eyes,1.930511,0.01403053,-3.346657,-0.7474916,-0.1204007,-0.6532687,0.0,0.0,0.0,0.0,0.0,0.0,0.0,3.836762,0.1162167,0.5427365,1.829926,0.02210257,-3.417555,0.02050381,-0.8194855,0.0009872284,0.5727324,1.438529,249.8755,358.1385,0.5131637,0.003523653,-0.8582833,-0.188985,-0.004048024,-0.1394176,0.1464497,-0.06074339,-4.541042,-0.459509,-0.05044797,1.983268,-0.3431147,-0.03247432,0.9387322,-0.03473599,0.9991572,0.02186836,-0.9386512,-0.02510444,-0.3439535,moving,-20.790946991770763,-6.666350868069151,-13.044849975355845,-1.457106454502377,-1.6834763,-0.08284596,-1.123487,-0.35285907090553403,-0.10862028790476991,0.9293503775035052,-20.392853918883134,-6.126831796976347,9.104669120696512,9.33478689354978,8.706290641153455
1309,05/05/2023 15:32:08.506428,1492,True,True,True,True,Eyes,1.925445,0.01434666,-3.350057,-0.7512913,-0.1199561,-0.6489776,0.0,0.0,0.0,0.0,0.0,0.0,0.0,3.83515,0.09415948,0.5614686,1.821029,0.02192896,-3.422844,0.01968898,-0.8173249,0.005760317,0.5758117,1.83896,250.3065,358.5351,0.5118199,0.003534475,-0.8590851,-0.1776459,-0.003805142,-0.1310525,0.1268513,-0.06051362,-4.531429,-0.458596,-0.04774717,1.983788,-0.3361064,-0.02555088,0.9414774,-0.03881831,0.9991583,0.0132582,-0.9410238,-0.0320904,-0.3368154,moving,-20.92736313214149,-6.098136072507973,-13.016518453784064,-1.3787679131469965,-1.6941777,-0.08244258,-1.1085850000000002,-0.35541890534283804,-0.09929554919122494,0.9294179922512646,-20.529832462024775,-5.575757536920458,9.015703184562218,9.211617629313878,8.606079786318983
1310,05/05/2023 15:32:08.526568,1493,True,True,True,True,Eyes,1.9202,0.01470257,-3.353535,-0.7550997,-0.1192849,-0.644667,0.0,0.0,0.0,0.0,0.0,0.0,0.0,3.833006,0.07024698,0.5788121,1.811862,0.02313091,-3.427611,0.01902161,-0.815241,0.01096919,0.5787056,2.28676,250.7177,358.9495,0.510474,0.003552357,-0.8598854,-0.1669871,-0.003576834,-0.1231894,0.1093748,-0.07520092,-4.522723,-0.4577316,-0.04518702,1.98428,-0.3294761,-0.01831852,0.9439863,-0.04371026,0.9990357,0.004130758,-0.9431517,-0.0399009,-0.3299591,moving,-21.039003718768747,-5.4580105472300025,-12.989704791446211,-1.3045427707371289,-1.7024872000000002,-0.09833183000000001,-1.0951119999999999,-0.35758426907225366,-0.0888272429037821,0.9296468128419926,-20.64173636311154,-4.954185694980303,8.899282809521617,9.057731934196353,8.477822871954878
1311,05/05/2023 15:32:08.546195,1494,True,True,True,True,Eyes,1.785008,0.02356777,-3.441193,-0.8430383,-0.1035111,-0.5277992,0.0,0.0,0.0,0.0,0.0,0.0,0.0,3.829858,0.0463738,0.5999193,1.8021,0.02428453,-3.432449,0.01614086,-0.8128968,0.01181514,0.5820642,2.177707,251.1945,359.284,0.5091221,0.003577617,-0.8606864,-0.1569679,-0.003362224,-0.115798,0.09226359,-0.09014016,-4.513919,-0.4568189,-0.04248504,1.984799,-0.3218817,-0.01248738,0.9466977,-0.03999604,0.9991997,-0.0004189363,-0.9459348,-0.03799901,-0.3221235,moving,-13.153771788094382,-4.091636983768721,-12.96140411382051,-1.226240951777166,-1.70983641,-0.11442469,-1.0814699999999995,-0.22701520365948064,-0.06948894900718612,0.9714090291345149,-12.685518815396446,-3.4813146273134183,2.7962372164414946,2.8718460512810373,2.271886876581472
1312,05/05/2023 15:32:08.557169,1495,True,True,True,True,Eyes,1.784618,0.02358122,-3.441325,-0.8430513,-0.1038595,-0.52771,0.0,0.0,0.0,0.0,0.0,0.0,0.0,3.82633,0.02997897,0.6196256,1.792886,0.02471409,-3.436652,0.01435218,-0.8106626,0.01288961,0.5851958,2.160329,251.6402,359.5308,0.5024803,0.003902928,-0.8645795,-0.5531253,0.02343511,-0.3718247,0.07245011,-0.08519034,-4.503548,-0.4558971,-0.03975939,1.985322,-0.31468,-0.008183658,0.9491627,-0.03835544,0.9992557,-0.004100581,-0.9484227,-0.03769592,-0.3147597,moving,-13.609707753896435,-4.087178246227908,-12.932837152375848,-1.1472903469964029,-1.72043589,-0.10990443,-1.0668960000000003,-0.23474138085912444,-0.0692826837789394,0.969585750778485,-13.145465402977083,-3.4851711095722893,2.9335740654112406,3.01680206033652,2.3475300281308753
1313,05/05/2023 15:32:08.576418,1496,True,True,True,True,Eyes,1.783864,0.02360128,-3.441588,-0.8432204,-0.1042314,-0.5273664,0.0,0.0,0.0,0.0,0.0,0.0,0.0,3.822515,0.02292078,0.6381369,1.783369,0.02507477,-3.440688,0.01408972,-0.8084505,0.01433811,0.5882208,2.278625,252.0718,359.6609,0.4970338,0.004173115,-0.8677208,-0.5199378,0.022029,-0.3495152,0.05391547,-0.08299845,-4.4933,-0.4548301,-0.03660053,1.98593,-0.3075958,-0.005913733,0.9514987,-0.03964962,0.9991918,-0.006607575,-0.9506907,-0.03975902,-0.3075816,moving,-14.025254046163248,-3.9729295087124035,-12.899764571780924,-1.055837071446882,-1.72945353,-0.10807322,-1.0526119999999994,-0.24180126230248938,-0.0672291713162804,0.9679940783104661,-13.564543104843144,-3.3813490168121234,3.041137851397507,3.1266843212094657,2.4186641573514884
1314,05/05/2023 15:32:08.596545,1497,True,True,True,True,Eyes,1.782764,0.02361752,-3.441937,-0.8435186,-0.1044369,-0.5268486,0.0,0.0,0.0,0.0,0.0,0.0,0.0,3.818062,0.02113978,0.65694,1.773914,0.02526132,-3.444156,0.01407542,-0.8062202,0.01481763,0.5912625,2.323241,252.5048,359.7033,0.4925562,0.0043983,-0.8702692,-0.4887415,0.02070726,-0.3285443,0.03599599,-0.08557205,-4.483483,-0.4540804,-0.03438438,1.986355,-0.3004212,-0.005173561,0.9537925,-0.040218,0.9991646,-0.007248012,-0.9529583,-0.04053709,-0.3003783,moving,-14.424638973932645,-3.943019897529451,-12.876547616112923,-0.9917074817687914,-1.73791801,-0.11083337,-1.0393269999999997,-0.24855321881875075,-0.06660642967001865,0.9663255263579561,-13.967411958698095,-3.3593954087000997,3.244633704994705,3.332691378987729,2.606900675756569
1315,05/05/2023 15:32:08.605968,1498,True,True,True,True,Eyes,1.781341,0.02363855,-3.442368,-0.8439695,-0.1049518,-0.5260235,0.0,0.0,0.0,0.0,0.0,0.0,0.0,3.812378,0.02663955,0.6801281,1.764667,0.02521729,-3.447148,0.0157476,-0.8036102,0.01667946,0.5947136,2.61005,252.9996,359.6862,0.4888606,0.004586491,-0.8723495,-0.459417,0.01946483,-0.3088316,0.01793705,-0.08463933,-4.47298,-0.4531845,-0.03173002,1.986864,-0.2921353,-0.005470862,0.9563613,-0.04514888,0.9989476,-0.008076944,-0.9553106,-0.04553821,-0.2920749,moving,-14.8590577675488,-3.7062670713933095,-12.848803476317045,-0.91493011146016,-1.74672995,-0.10985662,-1.0258319999999999,-0.25594102542033276,-0.062488412830025264,0.9646706741549227,-14.405390599154646,-3.136575108886809,3.3576358487953604,3.4398669072079695,2.7126868535779614
1316,05/05/2023 15:32:08.626345,1499,True,True,True,True,Eyes,1.779607,0.02370484,-3.442847,-0.8445118,-0.1059097,-0.52496,0.0,0.0,0.0,0.0,0.0,0.0,0.0,3.805477,0.03604184,0.7066855,1.755514,0.02542752,-3.449621,0.01859928,-0.8006839,0.01976456,0.5984719,3.090464,253.5431,359.6484,0.4857933,0.004744459,-0.8740605,-0.431852,0.01829694,-0.2903017,-0.0004432388,-0.09187957,-4.45993,-0.4522948,-0.02910069,1.987369,-0.2829707,-0.006127226,0.9591089,-0.05344136,0.9985269,-0.009388027,-0.9576386,-0.05391262,-0.2828813,moving,-15.324345801028365,-3.3100947241021825,-12.821262318800436,-0.8389119316735638,-1.7559572388,-0.11730708999999999,-1.010309,-0.2638726968297889,-0.055693475232562684,0.9629483284048133,-14.874331058341554,-2.759011112564434,3.4490345747197195,3.5174097447692385,2.811026878871624
1317,05/05/2023 15:32:08.646172,1500,True,True,True,True,Eyes,1.777566,0.02379564,-3.443389,-0.845261,-0.106856,-0.5235606,0.0,0.0,0.0,0.0,0.0,0.0,0.0,3.797558,0.048768,0.7366762,1.746478,0.02664337,-3.451901,0.02194277,-0.7974442,0.02265563,0.6025678,3.587755,254.1373,359.5583,0.483151,0.00488186,-0.875523,-0.4059408,0.01719912,-0.2728836,-0.01905547,-0.1052526,-4.444612,-0.4513522,-0.02631125,1.987905,-0.2728611,-0.007693151,0.9620226,-0.06229937,0.9980105,-0.009689199,-0.9600342,-0.06257721,-0.2727976,moving,-15.815613899195547,-2.9136497115611486,-12.792086249307333,-0.7583036197310603,-1.76553347,-0.13189597,-0.9927110000000003,-0.27221626469405646,-0.04891129574517945,0.9609922242733824,-15.369480093857995,-2.381648748138293,3.6595451935267613,3.7131167804427836,3.0460151732798595
1318,05/05/2023 15:32:08.658155,1501,True,True,True,True,Eyes,1.775252,0.02388041,-3.443984,-0.8462487,-0.1073809,-0.5218548,0.0,0.0,0.0,0.0,0.0,0.0,0.0,3.788299,0.06406116,0.7703209,1.7371,0.02733591,-3.454046,0.02387244,-0.7939313,0.0221117,0.6071362,3.675064,254.7915,359.3652,0.4807228,0.005007894,-0.8768579,-0.3815844,0.01616717,-0.2565106,-0.03808167,-0.1179342,-4.427456,-0.4504569,-0.02366059,1.988415,-0.2616316,-0.01105652,0.9651046,-0.06475578,0.9978824,-0.006122702,-0.9629931,-0.06409799,-0.2617936,moving,-16.343301716873253,-2.9361779600622917,-12.764376999129153,-0.6817429813740847,-1.77518167,-0.14527011,-0.9734100000000003,-0.2810517913761854,-0.04915885672153886,0.9584327047788015,-15.901840837206748,-2.4130851134420097,4.174931903185485,4.229796591848428,3.5834654893717204
1319,05/05/2023 15:32:08.676593,1502,True,True,True,True,Eyes,1.772663,0.02398297,-3.444623,-0.8474299,-0.1079649,-0.5198137,0.0,0.0,0.0,0.0,0.0,0.0,0.0,3.778384,0.08058752,0.8051043,1.728242,0.02725742,-3.455909,0.02622684,-0.7903013,0.0223296,0.6117495,3.863674,255.4575,359.1883,0.4784811,0.005123586,-0.8780825,-0.3586893,0.01519714,-0.24112,-0.05931394,-0.1159303,-4.40842,-0.4494871,-0.02079123,1.988966,-0.2501494,-0.01413397,0.9681041,-0.06877446,0.9976271,-0.003205706,-0.9657615,-0.06738274,-0.2505279,moving,-16.861228249414502,-2.8603071920274776,-12.73438009294948,-0.5989073433001612,-1.78755594,-0.14318772,-0.9525109999999994,-0.289723666427097,-0.0477608095799965,0.9559180090018251,-16.424243653010553,-2.3484903043781524,4.653117511980441,4.70582670551548,4.08364220146195
1320,05/05/2023 15:32:08.696235,1503,True,True,True,True,Eyes,1.769794,0.0240943,-3.445284,-0.8488989,-0.1081179,-0.5173792,0.0,0.0,0.0,0.0,0.0,0.0,0.0,3.767592,0.09885745,0.841002,1.719057,0.02781261,-3.457726,0.02874326,-0.7865099,0.02219451,0.6165091,4.034284,256.1464,358.9748,0.4764022,0.005230426,-0.8792115,-0.3371679,0.01428531,-0.2266528,-0.07958157,-0.1187686,-4.388614,-0.4486654,-0.01835749,1.989434,-0.2381809,-0.01784748,0.9710569,-0.07257996,0.9973625,0.0005285532,-0.9685051,-0.07035338,-0.238848,moving,-17.373925425830382,-2.7920166298640865,-12.708964449805201,-0.5286814482790262,-1.79863857,-0.14658121000000002,-0.9308879999999995,-0.29828359702413515,-0.04649316255565332,0.9533442929478187,-16.941379580887425,-2.291185719996961,5.134309728026498,5.185031056034139,4.584731088039704
1321,05/05/2023 15:32:08.706361,1504,True,True,True,True,Eyes,1.766666,0.02419469,-3.445985,-0.8505565,-0.1081225,-0.5146487,0.0,0.0,0.0,0.0,0.0,0.0,0.0,3.756218,0.1116297,0.8780341,1.709638,0.0280812,-3.459614,0.02914888,-0.7826884,0.01935773,0.6214294,3.814711,256.8556,358.7613,0.4744639,0.005329563,-0.8802584,-0.3169379,0.0134282,-0.2130536,-0.1005098,-0.1196091,-4.367764,-0.4476821,-0.01544979,1.989993,-0.2259517,-0.02157006,0.9738997,-0.0696879,0.9975513,0.005925808,-0.9716427,-0.06653007,-0.2269016,moving,-17.88508837936559,-3.1097283929263586,-12.6785658692312,-0.4448206483685801,-1.8101478,-0.1476903,-0.90815,-0.306699307486922,-0.05163393922645654,0.9504049611703378,-17.457401913753493,-2.6098785571142935,5.784383750358543,5.848898181327843,5.2464035003655445
1322,05/05/2023 15:32:08.726334,1505,True,True,True,True,Eyes,1.763281,0.0242829,-3.446735,-0.8524296,-0.1076736,-0.5116348,0.0,0.0,0.0,0.0,0.0,0.0,0.0,3.745079,0.1211613,0.9125094,1.700327,0.02789304,-3.461369,0.0293488,-0.7790475,0.01714324,0.626043,3.638321,257.5265,358.6069,0.4726472,0.005421477,-0.8812346,-0.2979216,0.0126225,-0.2002704,-0.1225087,-0.107669,-4.346519,-0.4468515,-0.01299493,1.990464,-0.2144178,-0.0242634,0.9764407,-0.06719304,0.9976895,0.01003642,-0.9744282,-0.06345803,-0.2155527,moving,-18.341117530284468,-3.338299661632297,-12.652902966080921,-0.3740555298014321,-1.8228357,-0.13556204,-0.8851499999999999,-0.3141925030869005,-0.05528248352744926,0.9477483387920997,-17.91770459823079,-2.8407434085804697,6.338886488551258,6.414244164475738,5.814007681212966
1323,05/05/2023 15:32:08.746467,1506,True,True,True,True,Eyes,1.759642,0.02435669,-3.447515,-0.8544334,-0.1071439,-0.5083933,0.0,0.0,0.0,0.0,0.0,0.0,0.0,3.734452,0.1294838,0.9431257,1.690711,0.02761666,-3.463108,0.02971865,-0.7756526,0.01562437,0.6302665,3.537367,258.1452,358.4839,0.4709339,0.005506619,-0.8821509,-0.2800463,0.01186515,-0.1882541,-0.1435074,-0.09768017,-4.325999,-0.4458621,-0.01006802,1.991026,-0.2037621,-0.02640767,0.9786643,-0.06579774,0.9977453,0.01322318,-0.976807,-0.06169951,-0.2050402,moving,-18.732211072773374,-3.4745102361348636,-12.622336927093748,-0.2897250650471925,-1.8342184000000001,-0.12529683,-0.8628910000000003,-0.32061587119130275,-0.05740513000894584,0.9454681972528519,-18.31239587772998,-2.980467024949698,6.806956257998941,6.8900956932414426,6.294192812147994
1324,05/05/2023 15:32:08.766780,1507,True,True,True,True,Eyes,1.75575,0.02439969,-3.448276,-0.856474,-0.1065943,-0.5050642,0.0,0.0,0.0,0.0,0.0,0.0,0.0,3.724183,0.134123,0.9711609,1.681003,0.02732433,-3.464702,0.02960404,-0.7724611,0.01415799,0.6342139,3.406727,258.7266,358.4055,0.4693086,0.005585285,-0.8830162,-0.2632435,0.01115324,-0.1769589,-0.1633951,-0.09116697,-4.307105,-0.4450564,-0.007680173,1.991486,-0.1937931,-0.02777754,0.9806492,-0.06369432,0.9978464,0.01567758,-0.9789727,-0.05942357,-0.1951449,moving,-19.082849265353175,-3.622942865760303,-12.597439014181493,-0.2209602866032799,-1.8443981,-0.1184913,-0.842403,-0.3263512830685583,-0.059730397786559135,0.9433594347913709,-18.666289244813257,-3.131369197030791,7.232067118244562,7.323525899106974,6.730633190698708
1325,05/05/2023 15:32:08.777058,1508,True,True,True,True,Eyes,1.751621,0.02441302,-3.449053,-0.858602,-0.1060779,-0.5015477,0.0,0.0,0.0,0.0,0.0,0.0,0.0,3.714085,0.1368556,0.9973631,1.671214,0.02663566,-3.466154,0.02951435,-0.7693824,0.01343015,0.637965,3.343621,259.2831,358.3767,0.4677571,0.005657381,-0.8838387,-0.2474489,0.01048405,-0.1663414,-0.1827185,-0.08370177,-4.289066,-0.4441516,-0.00500256,1.992,-0.1842592,-0.02827971,0.9824708,-0.06255157,0.9978971,0.0169924,-0.9808852,-0.05832407,-0.1856407,moving,-19.400094076816206,-3.6871123352128423,-12.569502397094498,-0.14388803825510796,-1.8539325,-0.11033742999999999,-0.8229120000000001,-0.3315507899386642,-0.060670422988496564,0.9414845639271763,-18.986400348425942,-3.1995856489978522,7.598583398920126,7.694895783156199,7.107310828020722
1326,05/05/2023 15:32:08.796330,1509,True,True,True,True,Eyes,1.747248,0.02440519,-3.449849,-0.8607786,-0.1051589,-0.4979977,0.0,0.0,0.0,0.0,0.0,0.0,0.0,3.70428,0.1385763,1.021245,1.661416,0.02593849,-3.4674,0.0296121,-0.7664647,0.01340664,0.6414635,3.356104,259.8053,358.3817,0.4662671,0.005722809,-0.8846252,-0.232602,0.009855006,-0.1563609,-0.2014371,-0.07923366,-4.27152,-0.4432017,-0.002194568,1.992539,-0.1752957,-0.02819352,0.9841121,-0.06259298,0.9978868,0.01743872,-0.9825241,-0.05854158,-0.1766899,moving,-19.683964786990877,-3.6370371868333033,-12.540186029961037,-0.06310513039447299,-1.8628531,-0.10517214999999999,-0.8041199999999997,-0.33623010193686487,-0.05974241629199799,0.939883005442475,-19.272714917773214,-3.155910224655365,7.892036823192948,7.987901180750291,7.408939774104767
1327,05/05/2023 15:32:08.806766,1510,True,True,True,True,Eyes,1.742636,0.0243517,-3.450654,-0.863004,-0.1042529,-0.4943232,0.0,0.0,0.0,0.0,0.0,0.0,0.0,3.696004,0.1389269,1.038534,1.651155,0.02536937,-3.468622,0.02952377,-0.7640689,0.01330595,0.6443214,3.34677,260.2334,358.3945,0.4648278,0.005781676,-0.8853819,-0.2186459,0.009263705,-0.1469792,-0.2193192,-0.07773943,-4.254799,-0.4422816,0.0005307375,1.993062,-0.1679567,-0.02796978,0.9853977,-0.06226302,0.9979026,0.01771227,-0.9838263,-0.05837893,-0.1693459,moving,-19.866811969539963,-3.59936593531948,-12.511792598242991,0.015257437079498498,-1.8704741999999999,-0.1031088,-0.7861770000000003,-0.33924170416093496,-0.05905660438415785,0.9388436402667104,-19.457130149866583,-3.1225011838109946,8.099218594553504,8.195231056928575,7.621236308432208
1328,05/05/2023 15:32:08.826355,1511,True,True,True,True,Eyes,1.73779,0.02424603,-3.451421,-0.8652361,-0.1032373,-0.4906205,0.0,0.0,0.0,0.0,0.0,0.0,0.0,3.687374,0.1423493,1.055829,1.640828,0.02421664,-3.469706,0.02961982,-0.7616445,0.01282432,0.6471909,3.317817,260.6636,358.3629,0.4634286,0.005833499,-0.8861148,-0.2055271,0.008707883,-0.1381605,-0.2361683,-0.07571301,-4.24118,-0.4414617,0.002956306,1.993529,-0.1605334,-0.02851998,0.9866183,-0.0617191,0.9979164,0.01880421,-0.9850988,-0.05787449,-0.1619592,moving,-20.047900902836354,-3.5906472886032437,-12.486492742691217,0.08496677629614252,-1.8769963,-0.09992965,-0.771474,-0.3422115564571596,-0.058846331355654674,0.9377783766903024,-19.63980421027092,-3.117264764659827,8.3101185689382,8.407439093945055,7.837356173742554
1329,05/05/2023 15:32:08.846164,1512,True,True,True,True,Eyes,1.732719,0.0241021,-3.452189,-0.867476,-0.1023836,-0.4868296,0.0,0.0,0.0,0.0,0.0,0.0,0.0,3.679004,0.1453087,1.071376,1.630499,0.02289688,-3.470587,0.03014485,-0.7593277,0.01347567,0.6498703,3.419457,261.0687,358.3774,0.4620612,0.005877642,-0.8868282,-0.1931955,0.00818541,-0.1298708,-0.2531491,-0.07292423,-4.22719,-0.4405309,0.005712211,1.994059,-0.1535202,-0.02826476,0.9877414,-0.0632945,0.9978194,0.01871558,-0.9861164,-0.05964537,-0.1549744,moving,-20.202668870167475,-3.4425310577278108,-12.457780196848965,0.16412989121960125,-1.8836480999999998,-0.09582111000000001,-0.7566030000000001,-0.34479290866457635,-0.0563651825765009,0.9369849987533734,-19.795768702141785,-2.975760501776713,8.451310869336195,8.54349482136904,7.981540389162991
1330,05/05/2023 15:32:08.866332,1513,True,True,True,True,Eyes,1.727428,0.02391056,-3.452961,-0.8697076,-0.1014001,-0.4830391,0.0,0.0,0.0,0.0,0.0,0.0,0.0,3.671302,0.1468271,1.084327,1.620019,0.02160744,-3.471434,0.03074237,-0.7572027,0.014716,0.6522902,3.577114,261.4373,358.4292,0.4607175,0.005913907,-0.8875268,-0.1816038,0.007694285,-0.1220786,-0.2693995,-0.07534142,-4.213796,-0.4396492,0.008319447,1.994559,-0.1471449,-0.02735821,0.9887366,-0.0657546,0.9976767,0.0178199,-0.9869269,-0.06239187,-0.148602,moving,-20.324202386056573,-3.214000422304288,-12.430602792351035,0.2389833726024988,-1.8894185000000001,-0.09694886,-0.7423620000000004,-0.34685125707042186,-0.0525849412398019,0.9364449216745501,-19.91811558871505,-2.755322650876489,8.532455473974697,8.615800115696574,8.064038469523656
1331,05/05/2023 15:32:08.876353,1514,True,True,True,True,Eyes,1.721919,0.02367297,-3.453724,-0.8719217,-0.1005221,-0.479216,0.0,0.0,0.0,0.0,0.0,0.0,0.0,3.664444,0.1459512,1.094077,1.609444,0.02018047,-3.472137,0.03082529,-0.7553723,0.01559164,0.654385,3.663592,261.7572,358.4977,0.4593906,0.005941855,-0.8882142,-0.1707075,0.007232628,-0.1147539,-0.2851607,-0.07981636,-4.201486,-0.4387175,0.01107673,1.995089,-0.1416606,-0.02616326,0.9895697,-0.06697499,0.9976134,0.01678823,-0.9876472,-0.06389818,-0.1430747,moving,-20.39592691642184,-3.053071033177694,-12.401882912001522,0.31810278086166066,-1.8946047000000001,-0.09999683000000001,-0.729349,-0.34807074538286104,-0.049930433838745465,0.9361377175184185,-19.99029083101215,-2.599842892236118,8.59782056911934,8.675802696527455,8.130088664735045
1332,05/05/2023 15:32:08.896286,1515,True,True,True,True,Eyes,1.7162,0.02338591,-3.454489,-0.8741056,-0.0995373,-0.4754279,0.0,0.0,0.0,0.0,0.0,0.0,0.0,3.658086,0.145606,1.101323,1.598678,0.01909858,-3.472689,0.03103328,-0.7537372,0.01644229,0.6562371,3.756521,262.0411,358.5528,0.4580743,0.005961135,-0.8888936,-0.1604651,0.006798671,-0.1078686,-0.3004311,-0.08208472,-4.190648,-0.4377866,0.0138302,1.995618,-0.1367801,-0.02520179,0.9902809,-0.06836194,0.9975332,0.01594405,-0.9882399,-0.06551669,-0.1381654,moving,-20.433885612026128,-2.881620266543611,-12.373199882138396,0.39706968166066287,-1.8991091,-0.1011833,-0.7179590000000005,-0.3487385642799014,-0.04711645129620702,0.9360349437613456,-20.028391013906518,-2.433506434757928,8.629643104723193,8.701980361531016,8.161746897248202
1333,05/05/2023 15:32:08.906305,1516,True,True,True,True,Eyes,1.710267,0.02305531,-3.455234,-0.8762396,-0.09860738,-0.4716786,0.0,0.0,0.0,0.0,0.0,0.0,0.0,3.652905,0.146102,1.104114,1.587874,0.01766863,-3.473106,0.03157741,-0.7524669,0.01783807,0.6576309,3.920812,262.2574,358.6181,0.4567628,0.005971345,-0.8895683,-0.1508372,0.00639075,-0.1013965,-0.3153034,-0.08435597,-4.180909,-0.4369344,0.01635229,1.996103,-0.1330492,-0.02406017,0.9908175,-0.07098363,0.9973693,0.01468745,-0.9885644,-0.06837767,-0.1344071,moving,-20.408779828688303,-2.6340281375368666,-12.346945244022201,0.4693626752656054,-1.9031774000000001,-0.10202460000000001,-0.7078029999999997,-0.348391966925355,-0.04307706152740543,0.9363585626503506,-20.002785643239925,-2.1918624920818237,8.574887096288483,8.638530627803855,8.105184242792852
1334,05/05/2023 15:32:08.926247,1517,True,True,True,True,Eyes,1.704131,0.02267502,-3.455974,-0.8783167,-0.09777929,-0.4679732,0.0,0.0,0.0,0.0,0.0,0.0,0.0,3.648607,0.1437271,1.10366,1.576805,0.01629296,-3.473395,0.03126381,-0.7515206,0.01819104,0.6587174,3.929554,262.4246,358.6775,0.4554515,0.005972267,-0.8902403,-0.1417869,0.006007305,-0.09531272,-0.3292284,-0.08944725,-4.173232,-0.4360512,0.01896574,1.996605,-0.1302281,-0.02302529,0.9912167,-0.0709563,0.9973833,0.01384616,-0.9889418,-0.06852991,-0.1315211,moving,-20.336434310442154,-2.5474314514419505,-12.319747304492683,0.5442359283737394,-1.9060334,-0.10574021,-0.6998369999999996,-0.34722995637462073,-0.04168096224150411,0.9368532359728149,-19.929705548815654,-2.1062030115401935,8.530298185536118,8.592187017213691,8.058305718608054
1335,05/05/2023 15:32:08.946173,1518,True,True,True,True,Eyes,1.697783,0.02225334,-3.456679,-0.8803256,-0.09694773,-0.4643576,0.0,0.0,0.0,0.0,0.0,0.0,0.0,3.64521,0.1405983,1.099365,1.565727,0.01467699,-3.473357,0.03088329,-0.7509223,0.0186737,0.6594038,3.943579,262.5313,358.7505,0.4541358,0.00596355,-0.8909123,-0.1332797,0.005646867,-0.08959396,-0.3431113,-0.08891785,-4.167069,-0.4351307,0.02168996,1.997128,-0.128466,-0.02175488,0.9914753,-0.07100892,0.997395,0.01268412,-0.9891685,-0.06877412,-0.1296761,moving,-20.210840101336277,-2.4472108634162613,-12.291410472085593,0.6222406915700364,-1.9088383000000002,-0.10359484000000001,-0.6937119999999997,-0.34519823403626654,-0.04007419160239749,0.9376738470443388,-19.80289245502757,-2.0063141035863024,8.433707424306998,8.493462103351108,7.958119243338927
1336,05/05/2023 15:32:08.966589,1519,True,True,True,True,Eyes,1.691234,0.02179401,-3.457378,-0.8823475,-0.0957692,-0.4607507,0.0,0.0,0.0,0.0,0.0,0.0,0.0,3.642206,0.1367702,1.093224,1.554308,0.01325111,-3.473249,0.03015279,-0.7504874,0.01852935,0.6599366,3.876722,262.6127,358.8053,0.4528117,0.005945087,-0.8915861,-0.1252829,0.005308055,-0.08421832,-0.3562305,-0.08894095,-4.162612,-0.4342193,0.02438548,1.997646,-0.1271492,-0.02080218,0.9916655,-0.06971496,0.9974949,0.01198577,-0.9894307,-0.06760994,-0.1282809,moving,-20.05956177566009,-2.4121777285411667,-12.26336136659953,0.6993810173579265,-1.9105385,-0.10219206,-0.6893630000000002,-0.34272861200640126,-0.03953892604651964,0.9386020614800681,-19.650242349854672,-1.969465769793128,8.333956109643749,8.394196724369593,7.854218855752809
1337,05/05/2023 15:32:08.976578,1520,True,True,True,True,Eyes,1.684476,0.02128672,-3.458031,-0.8842961,-0.09452206,-0.4572592,0.0,0.0,0.0,0.0,0.0,0.0,0.0,3.639556,0.1311867,1.08503,1.542834,0.01178401,-3.472808,0.02889674,-0.7502692,0.0177938,0.660261,3.718761,262.6606,358.8594,0.4514757,0.005916878,-0.8922635,-0.117766,0.004989572,-0.07916522,-0.3695188,-0.08585249,-4.158959,-0.4333202,0.02704537,1.998157,-0.1264409,-0.01986356,0.9917753,-0.06685778,0.9976968,0.01145849,-0.9897186,-0.06485907,-0.1274777,moving,-19.882211138046944,-2.463291783903215,-12.235699262550005,0.7754600556867555,-1.9123528,-0.0976365,-0.6861510000000002,-0.3398096448390698,-0.04042179206066032,0.939625176486584,-19.471387192531072,-2.0160690024955055,8.239943740631022,8.304134954380446,7.755502195393258
1338,05/05/2023 15:32:08.996206,1521,True,True,True,True,Eyes,1.510722,0.007317676,-3.473222,-0.931132,-0.06091238,-0.3595593,0.0,0.0,0.0,0.0,0.0,0.0,0.0,3.637045,0.1253193,1.075817,1.531034,0.01009765,-3.472321,0.02748915,-0.7501193,0.01689428,0.660515,3.535069,262.6973,358.9137,0.4501251,0.00587866,-0.8929459,-0.1107,0.004690198,-0.0744153,-0.382594,-0.07962388,-4.156119,-0.4324226,0.02970278,1.998667,-0.1259288,-0.01892243,0.991859,-0.06355814,0.9979178,0.01096854,-0.9900013,-0.06165945,-0.1268692,moving,-13.781915491963616,-0.3273243159293083,-12.20809251666841,0.8514268068359112,-1.913628,-0.08972153,-0.6837980000000003,-0.23822325676839778,-0.005548385264372728,0.9711945762993996,-13.314961110010076,0.17440172662301545,1.949220544777726,1.9663094789445839,1.2975057002431383
1339,05/05/2023 15:32:09.006038,1522,True,True,True,True,Eyes,1.510251,0.007252064,-3.473183,-0.9311368,-0.06088305,-0.3595518,0.0,0.0,0.0,0.0,0.0,0.0,0.0,3.634716,0.1193182,1.065405,1.519471,0.00825973,-3.471545,0.02630227,-0.7500822,0.01657131,0.6606136,3.417483,262.7121,358.9919,0.4435835,0.005385815,-0.8962166,-0.62532,-0.03749833,-0.1155251,-0.3959321,-0.07250772,-4.153544,-0.4314539,0.03256895,1.999218,-0.1257957,-0.01756326,0.9919007,-0.06135219,0.9980671,0.009891583,-0.9901572,-0.05961096,-0.1266302,moving,-13.794690988586451,-0.4244680929181006,-12.178304796335391,0.9333140884378919,-1.9154031,-0.08076744999999999,-0.6819990000000002,-0.23843729817166348,-0.007194627041870303,0.9711312347757685,-13.32795838480064,0.07953913627368991,2.089723243202509,2.110989524963996,1.432003855586293
1340,05/05/2023 15:32:09.036485,1523,True,True,True,True,Eyes,1.509342,0.007128399,-3.473154,-0.9312944,-0.06093461,-0.3591346,0.0,0.0,0.0,0.0,0.0,0.0,0.0,3.632255,0.1125277,1.054568,1.507702,0.006609824,-3.470568,0.0252398,-0.7500558,0.01671014,0.6606815,3.349012,262.7235,359.0941,0.4381723,0.00497405,-0.898877,-0.5878007,-0.03524843,-0.1085935,-0.4085186,-0.06841004,-4.151552,-0.4306195,0.03503844,1.999692,-0.1257259,-0.01578236,0.9919394,-0.05994267,0.9981674,0.008283862,-0.9902524,-0.05841801,-0.1264415,moving,-13.780203771150358,-0.47040267395035484,-12.152658226532417,1.0038292492040528,-1.9162206000000002,-0.075019864,-0.6809839999999996,-0.23819032865421852,-0.007973687349610046,0.971185736473728,-13.313395234873683,0.03505241452598917,2.1718963127179203,2.195965451243087,1.511899122938393
1341,05/05/2023 15:32:09.036485,1524,True,True,True,True,Eyes,1.507998,0.006980585,-3.473069,-0.9314415,-0.06107394,-0.3587293,0.0,0.0,0.0,0.0,0.0,0.0,0.0,3.629834,0.1057985,1.042436,1.496125,0.005024741,-3.46917,0.02444532,-0.750151,0.0173779,0.6605863,3.346175,262.7116,359.2128,0.4336778,0.004627261,-0.9010559,-0.5525327,-0.03313353,-0.1020779,-0.4212996,-0.06561546,-4.149352,-0.4296471,0.03791362,2.000244,-0.1260569,-0.01371615,0.9919283,-0.05963456,0.9982009,0.006224386,-0.9902291,-0.05836857,-0.126648,moving,-13.744260358634168,-0.4512866885159846,-12.122781434271083,1.0858826821689036,-1.9174246,-0.070640201,-0.6801820000000003,-0.23758163312062053,-0.0076508379666419095,0.9713374475587826,-13.27711375235561,0.05432073314372787,2.208863876705726,2.2342971101278013,1.5480966233575404
1342,05/05/2023 15:32:09.056400,1525,True,True,True,True,Eyes,1.506232,0.006824476,-3.472932,-0.9316993,-0.06113263,-0.3580492,0.0,0.0,0.0,0.0,0.0,0.0,0.0,3.626944,0.1034549,1.031126,1.484316,0.004318072,-3.46777,0.02465513,-0.750106,0.01854094,0.6605979,3.462174,262.7173,359.283,0.4299235,0.004333017,-0.9028546,-0.5193807,-0.03114551,-0.09595326,-0.4333978,-0.06556216,-4.147658,-0.428813,0.04038315,2.000719,-0.1260054,-0.01249171,0.9919509,-0.06148412,0.9980967,0.004758914,-0.9901225,-0.06038958,-0.1265336,moving,-13.710019717440343,-0.3205657109228694,-12.097152834794903,1.156319262310013,-1.9177138,-0.069880232,-0.679888,-0.23700454454348913,-0.005435491170904354,0.9714933427426621,-13.242424515053566,0.18227867621423854,2.1634846359472055,2.186899358748708,1.503463429872606
1343,05/05/2023 15:32:09.080819,1526,True,True,True,True,Eyes,1.504076,0.006632069,-3.47273,-0.9319552,-0.06106326,-0.3573947,0.0,0.0,0.0,0.0,0.0,0.0,0.0,3.623724,0.09908307,1.020323,1.472439,0.00393269,-3.466144,0.02375931,-0.7500806,0.01791266,0.6606768,3.340306,262.7277,359.3128,0.4267442,0.004080197,-0.9043629,-0.4882179,-0.02927678,-0.09019606,-0.4461433,-0.06732847,-4.144969,-0.4276048,0.04395971,2.001407,-0.1258835,-0.01197383,0.9919729,-0.05931175,0.9982293,0.004522572,-0.9902706,-0.05826633,-0.1263707,moving,-13.67906953050807,-0.43021223117188523,-12.060042726516713,1.258265276145462,-1.9185823000000002,-0.07126116,-0.6788249999999998,-0.23647694661277424,-0.007295585852013,0.97160980659148,-13.211325056150791,0.07602291387100546,2.310525912709605,2.3392742645442564,1.6501963536755129
1344,05/05/2023 15:32:09.096048,1527,True,True,True,True,Eyes,1.501553,0.006483795,-3.472493,-0.932316,-0.06110122,-0.3564455,0.0,0.0,0.0,0.0,0.0,0.0,0.0,3.620533,0.09450742,1.009482,1.460917,0.002840322,-3.464384,0.02249183,-0.7501068,0.01681122,0.6607205,3.149533,262.7313,359.3385,0.4238329,0.003847585,-0.9057319,-0.4589248,-0.02752018,-0.08478429,-0.4587733,-0.0619993,-4.142497,-0.4270263,0.04566947,2.001735,-0.1258852,-0.01152751,0.9919779,-0.05595758,0.998423,0.004501208,-0.9904654,-0.05494205,-0.1263318,moving,-13.622844490049069,-0.6154436691276989,-12.042287683057316,1.3069732080419125,-1.9196903,-0.064839622,-0.6781129999999997,-0.23551677816059546,-0.010439161090115374,0.9718141532887479,-13.154813147600475,-0.1034094961686336,2.453272550406291,2.4887439542376644,1.7963552771078513
1345,05/05/2023 15:32:09.106120,1528,True,True,True,True,Eyes,1.498646,0.006435951,-3.472198,-0.9326649,-0.0609677,-0.3555546,0.0,0.0,0.0,0.0,0.0,0.0,0.0,3.617728,0.0965729,0.9969575,1.449546,0.003752025,-3.462658,0.02396478,-0.7501656,0.01872725,0.6605503,3.425862,262.7111,359.3563,0.4211555,0.003634333,-0.9069809,-0.4313893,-0.02586897,-0.07969724,-0.4713217,-0.05392629,-4.139798,-0.4261013,0.04840611,2.00226,-0.1261983,-0.01121453,0.9919418,-0.06069568,0.99815,0.003562806,-0.9901466,-0.05975695,-0.1266454,moving,-13.550877616991636,-0.3249150964217318,-12.013902094552797,1.3848978967174548,-1.9208677,-0.057678315,-0.6771400000000001,-0.23430515208011016,-0.005512949978672145,0.9721474439650137,-13.081885669141204,0.1809038704880146,2.2698730466604475,2.299076820831293,1.6094068878897
1346,05/05/2023 15:32:09.126533,1529,True,True,True,True,Eyes,1.495376,0.006451546,-3.47182,-0.9331743,-0.06042479,-0.3543088,0.0,0.0,0.0,0.0,0.0,0.0,0.0,3.615071,0.09001325,0.9836712,1.437427,0.006075074,-3.460956,0.02262666,-0.7503877,0.01704191,0.6603909,3.17931,262.6816,359.343,0.4186815,0.003441182,-0.9081262,-0.405506,-0.02431683,-0.0749154,-0.4829196,-0.06022403,-4.137906,-0.4252152,0.05102886,2.002764,-0.126744,-0.01144889,0.9918695,-0.05646617,0.9983953,0.004308801,-0.990327,-0.05546095,-0.1271871,moving,-13.44263838560406,-0.5397193682260688,-11.986712313673793,1.4595358564183392,-1.9203466,-0.066299104,-0.6769500000000002,-0.2324620212086999,-0.009161692125133077,0.9725624027677835,-12.9729347177417,-0.026401509717817406,2.4356231521155807,2.4732048399180884,1.7834361458614487
1347,05/05/2023 15:32:09.146091,1530,True,True,True,True,Eyes,1.49178,0.006542532,-3.471375,-0.933654,-0.05992134,-0.3531284,0.0,0.0,0.0,0.0,0.0,0.0,0.0,3.612313,0.08089261,0.9705441,1.425532,0.007534441,-3.459062,0.0200349,-0.7506635,0.01388528,0.660235,2.711207,262.6496,359.3264,0.4163835,0.003267811,-0.9091828,-0.3811756,-0.02285782,-0.07042047,-0.4957288,-0.04654722,-4.136375,-0.4243086,0.05370982,2.00328,-0.1273766,-0.01174383,0.9917849,-0.04841403,0.9988116,0.00560914,-0.9906721,-0.04730183,-0.1277938,moving,-13.334147991820794,-0.9792041139557465,-11.958900016483838,1.5357857927854928,-1.9212608,-0.054081661,-0.6773130000000003,-0.23059781967316573,-0.016628927437930673,0.9729070612983552,-12.863983092102215,-0.45257535078804034,2.8141387073021007,2.8664405147636858,2.1846636837380413
1348,05/05/2023 15:32:09.156732,1531,True,True,True,True,Eyes,1.49178,0.006542532,-3.471375,-0.933654,-0.05992134,-0.3531284,0.0,0.0,0.0,0.0,0.0,0.0,0.0,3.609236,0.08043753,0.9579678,1.414115,0.00943864,-3.457014,0.02037418,-0.7507994,0.0139524,0.6600686,2.742514,262.6242,359.3016,0.414238,0.003114269,-0.9101629,-0.3583051,-0.02148635,-0.06619524,-0.5083677,-0.02595898,-4.134745,-0.4234056,0.05638424,2.003793,-0.1277887,-0.01217476,0.9917268,-0.04901294,0.9987805,0.005945804,-0.9905896,-0.04784763,-0.1282295,moving,-13.308671483382161,-0.9530658563195475,-11.931212215975336,1.6118065796689163,-1.9224827,-0.03539762,-0.6777309999999996,-0.23016686500247485,-0.01618678391324769,0.9730165609440748,-12.838252802456637,-0.42665451667311993,2.8582239240228855,2.91135100018159,2.2311535731151095
1349,05/05/2023 15:32:09.176395,1532,True,True,True,True,Eyes,1.49178,0.006542532,-3.471375,-0.933654,-0.05992134,-0.3531284,0.0,0.0,0.0,0.0,0.0,0.0,0.0,3.60536,0.07724845,0.9487138,1.402354,0.01149627,-3.455128,0.01906064,-0.7506716,0.01150331,0.6603004,2.432473,262.6542,359.2301,0.4123051,0.002976076,-0.9110406,-0.3368068,-0.02019717,-0.06222353,-0.5202344,-0.02232977,-4.13268,-0.4225011,0.0590611,2.004307,-0.1272803,-0.01342527,0.991776,-0.04380784,0.9990087,0.007901072,-0.990899,-0.04244191,-0.1277422,moving,-13.334674345795452,-1.2808412078623868,-11.903486112815862,1.6878516285927405,-1.9225884,-0.03382604,-0.6775519999999995,-0.2305840847439714,-0.021750674116434075,0.972809289443836,-12.864853336014466,-0.7464252558900979,3.231972427608078,3.2956694184094424,2.6172372624903666
1350,05/05/2023 15:32:09.196348,1533,True,True,True,True,Eyes,1.486976,0.00680102,-3.470775,-0.9343517,-0.05868892,-0.3514859,0.0,0.0,0.0,0.0,0.0,0.0,0.0,3.600936,0.07842793,0.9422429,1.391087,0.01276853,-3.453321,0.01811541,-0.7503117,0.008763877,0.6607779,2.125692,262.7223,359.1054,0.4105642,0.002851706,-0.9118268,-0.3165984,-0.01898534,-0.05849012,-0.5332767,-0.006212973,-4.128857,-0.4215818,0.06178094,2.00483,-0.1260889,-0.01560246,0.9918964,-0.03876636,0.99919,0.01078925,-0.9912614,-0.0370918,-0.1265917,moving,-13.296457815340712,-1.5433768226759066,-11.875311719376883,1.765070983398275,-1.9243637,-0.018981503,-0.6755360000000001,-0.22991052779617982,-0.026212239797706656,0.9728586198496346,-12.82659549139195,-1.0014875814815907,3.5281374371851646,3.600761462745109,2.925540481314411
1351,05/05/2023 15:32:09.216258,1534,True,True,True,True,Eyes,1.481931,0.007075746,-3.470093,-0.9350804,-0.05729721,-0.3497737,0.0,0.0,0.0,0.0,0.0,0.0,0.0,3.596292,0.08798742,0.9370635,1.38024,0.01352172,-3.451651,0.01922975,-0.7497937,0.007789168,0.6613464,2.127055,262.8073,358.9373,0.4088948,0.002746704,-0.912577,-0.2976024,-0.01784622,-0.05498071,-0.5461839,0.009337013,-4.12376,-0.4206839,0.06443867,2.005341,-0.1245025,-0.01853401,0.9920463,-0.03913936,0.9991391,0.01375451,-0.9914472,-0.03711559,-0.1251208,moving,-13.272604118849937,-1.4989523441112744,-11.847800747960132,1.8404819190269004,-1.9264239,-0.004184706999999999,-0.6721089999999998,-0.2295099591285541,-0.025460397726883542,0.9729732333204404,-12.802481739855278,-0.9577823711580826,3.557892613419102,3.6306866903548918,2.9566364054462912
1352,05/05/2023 15:32:09.226149,1535,True,True,True,True,Eyes,1.476663,0.007368182,-3.469383,-0.9357966,-0.05594423,-0.3480729,0.0,0.0,0.0,0.0,0.0,0.0,0.0,3.591536,0.09705119,0.9333804,1.369425,0.01437725,-3.450249,0.02015474,-0.7491422,0.006560185,0.6620701,2.092719,262.9161,358.7666,0.4072856,0.00265961,-0.9132966,-0.2797463,-0.01677544,-0.05168187,-0.5588273,0.01392799,-4.118137,-0.4197731,0.0671326,2.005859,-0.1225141,-0.02151092,0.9922337,-0.03888413,0.9991015,0.01685867,-0.9917048,-0.03651671,-0.1232404,moving,-13.273050304054168,-1.4938896542055595,-11.819905147482162,1.9168742460394665,-1.9282523,-0.00044925999999999994,-0.667888,-0.22951801654467768,-0.025374373058921026,0.9729734829015263,-12.802926160761348,-0.9528585652524673,3.633405523178284,3.7074170562917983,3.033429860859477
1353,05/05/2023 15:32:09.246175,1536,True,True,True,True,Eyes,1.471191,0.007683154,-3.468655,-0.9364958,-0.05469282,-0.3463877,0.0,0.0,0.0,0.0,0.0,0.0,0.0,3.587287,0.1053474,0.9288106,1.358941,0.01492198,-3.448981,0.02122081,-0.7485896,0.005924412,0.6626676,2.120117,263.0065,358.6284,0.4057252,0.002589098,-0.913991,-0.2629615,-0.01576892,-0.04858096,-0.5717151,0.01991742,-4.111937,-0.4188514,0.06985956,2.006382,-0.1208429,-0.02391951,0.9923835,-0.03962317,0.9990292,0.01925477,-0.9918806,-0.03699458,-0.1216733,moving,-13.258193160618672,-1.4247912262434708,-11.791691436627026,1.994157440971428,-1.9306561,0.004995440000000002,-0.6629560000000003,-0.22927241567538786,-0.024202397376894936,0.9730614215249029,-12.787860448012422,-0.8852789751122603,3.64670741567126,3.720193179865933,3.046884765381427
1354,05/05/2023 15:32:09.256400,1537,True,True,True,True,Eyes,1.465516,0.008040566,-3.467865,-0.9372169,-0.05339392,-0.3446355,0.0,0.0,0.0,0.0,0.0,0.0,0.0,3.583541,0.109335,0.9234405,1.348597,0.01578805,-3.447825,0.02209503,-0.7481233,0.006087922,0.6631639,2.201518,263.0824,358.5673,0.4042049,0.00253415,-0.9146646,-0.2471838,-0.01482278,-0.0456661,-0.5840819,0.02333508,-4.106468,-0.4178799,0.07273391,2.006934,-0.1194512,-0.02498503,0.9925258,-0.04113419,0.9989495,0.02019622,-0.9919877,-0.03841428,-0.1203534,moving,-13.228090858191214,-1.2800336337216822,-11.761958737560384,2.0755655133629447,-1.9326789,0.00754703,-0.6586429999999996,-0.22877405934495637,-0.021746504836840888,0.9732366492775728,-12.757330210605035,-0.7437216604126302,3.590934963793925,3.6619105711445945,2.989840219404132
1355,05/05/2023 15:32:09.276502,1538,True,True,True,True,Eyes,1.459643,0.008423102,-3.467066,-0.9379427,-0.05190077,-0.3428844,0.0,0.0,0.0,0.0,0.0,0.0,0.0,3.580169,0.105763,0.9171407,1.338139,0.01718579,-3.446597,0.02166705,-0.7477803,0.005782478,0.6635675,2.143542,263.1441,358.5819,0.4027155,0.002494329,-0.9153214,-0.2323528,-0.01393341,-0.04292613,-0.5959867,0.02415525,-4.101856,-0.4170686,0.07513835,2.007397,-0.1184175,-0.02473025,0.9926559,-0.04007851,0.9989942,0.02010705,-0.9921548,-0.03740314,-0.1192895,moving,-13.18317038086507,-1.2447839615876048,-11.737125048777099,2.143622537181248,-1.9341257,0.00696946,-0.6552589999999996,-0.2280138557009408,-0.02115161594318971,0.9734280666410977,-12.711974452451475,-0.7085752236201186,3.612747359691432,3.684066462939072,3.0141936610915727
1356,05/05/2023 15:32:09.296274,1539,True,True,True,True,Eyes,1.453597,0.008801506,-3.466238,-0.9387108,-0.05048221,-0.3409892,0.0,0.0,0.0,0.0,0.0,0.0,0.0,3.576333,0.09875216,0.9135766,1.327526,0.01811444,-3.445559,0.01957646,-0.7472225,0.003426121,0.6642768,1.783822,263.2518,358.5837,0.4012505,0.00246884,-0.9159647,-0.2184116,-0.01309741,-0.04035056,-0.6078607,0.03012629,-4.097658,-0.4161586,0.07782934,2.007914,-0.1167063,-0.02470416,0.9928593,-0.03380773,0.9992101,0.02088823,-0.992591,-0.03112853,-0.1174492,moving,-13.169330189673952,-1.520032586726649,-11.709291682066235,2.2197471831360582,-1.9353867,0.012011850000000001,-0.6520990000000002,-0.2277536859730751,-0.025829314397818774,0.9733761652738271,-12.698321939103613,-0.9764603626685193,3.9344944081548237,4.014681204127139,3.3457321358999352
1357,05/05/2023 15:32:09.306301,1540,True,True,True,True,Eyes,1.447385,0.009204459,-3.465407,-0.9394777,-0.04922854,-0.3390548,0.0,0.0,0.0,0.0,0.0,0.0,0.0,3.572241,0.09672625,0.911068,1.317382,0.01839036,-3.444484,0.01933951,-0.7465387,0.003404073,0.6650523,1.76534,263.3708,358.6042,0.3998033,0.002456151,-0.9165974,-0.2053069,-0.01231156,-0.03792953,-0.6202884,0.04633001,-4.092042,-0.4152417,0.08054058,2.008434,-0.1146632,-0.02434761,0.9931062,-0.03340316,0.9992288,0.02064103,-0.9928429,-0.03080612,-0.115388,moving,-13.171440413775544,-1.4599009005176506,-11.681261303017743,2.296398134864036,-1.9376704,0.027939649999999996,-0.6475580000000001,-0.22779542131751845,-0.02480749603353335,0.9733929265811326,-12.700383118236726,-0.9179209004595115,3.9612595671482294,4.04109096969473,3.372010696172023
1358,05/05/2023 15:32:09.326347,1541,True,True,True,True,Eyes,1.441016,0.009620512,-3.46453,-0.9402624,-0.04803958,-0.3370441,0.0,0.0,0.0,0.0,0.0,0.0,0.0,3.567491,0.09788945,0.9116452,1.307184,0.01940736,-3.443626,0.02023509,-0.7455232,0.004420254,0.6661578,1.922653,263.541,358.6078,0.3983674,0.002455653,-0.9172224,-0.1929885,-0.01157287,-0.03565376,-0.6324357,0.04965985,-4.086083,-0.4143658,0.08313218,2.008933,-0.1116486,-0.02428228,0.9934511,-0.03606063,0.999142,0.02036872,-0.9930933,-0.03355033,-0.1124285,moving,-13.222988020291385,-1.2335341011384227,-11.654479877917499,2.3696196146080424,-1.9396197,0.03025249,-0.6424570000000003,-0.22869122020938176,-0.02095706551701613,0.9732733607004798,-12.75213013121329,-0.6983322643174397,3.8550352739061484,3.9297499274115064,3.25839911765927
1359,05/05/2023 15:32:09.346124,1542,True,True,True,True,Eyes,1.434505,0.01005021,-3.463662,-0.9410442,-0.04707365,-0.3349926,0.0,0.0,0.0,0.0,0.0,0.0,0.0,3.562858,0.09764276,0.9127104,1.29719,0.02019516,-3.44288,0.02040305,-0.7445001,0.004517277,0.6672953,1.945907,263.716,358.6038,0.396939,0.002466504,-0.9178414,-0.1814092,-0.0108785,-0.03351453,-0.6453178,0.04777274,-4.078548,-0.413459,0.08581694,2.009449,-0.1086016,-0.02435143,0.9937871,-0.03640886,0.9991267,0.02050349,-0.9934184,-0.03395594,-0.1093933,moving,-13.274139098711416,-1.1561692552450538,-11.626765631638431,2.445427806590688,-1.9425078,0.02757758,-0.6356679999999995,-0.22956619761077568,-0.01963871051111155,0.973094979381105,-12.803644707598586,-0.6238870774610978,3.8868053626592105,3.960472286967795,3.287208270994501
1360,05/05/2023 15:32:09.356731,1543,True,True,True,True,Eyes,1.427861,0.01051053,-3.462812,-0.941871,-0.04631162,-0.3327677,0.0,0.0,0.0,0.0,0.0,0.0,0.0,3.558197,0.1016047,0.9139965,1.287288,0.02099349,-3.442228,0.0219892,-0.7434097,0.006094264,0.6684471,2.204042,263.8944,358.5924,0.3955137,0.002487954,-0.9184565,-0.1705246,-0.01022579,-0.03150366,-0.657972,0.05045096,-4.070919,-0.4125394,0.08853763,2.00997,-0.1053901,-0.02454658,0.994128,-0.04084135,0.9989587,0.02033617,-0.993592,-0.0384583,-0.1062829,moving,-13.322829142039241,-0.8575218759164268,-11.598681905427542,2.5222044826576706,-1.94526,0.029457470000000003,-0.6286909999999999,-0.23041304804643975,-0.014563330120994936,0.972983980164653,-12.852427694868194,-0.33383476229355513,3.727690908775828,3.7941051583155,3.1191086344085113
1361,05/05/2023 15:32:09.376231,1544,True,True,True,True,Eyes,1.421093,0.01097421,-3.461981,-0.9426934,-0.04565123,-0.3305228,0.0,0.0,0.0,0.0,0.0,0.0,0.0,3.553451,0.1043484,0.9167914,1.277434,0.02221209,-3.441813,0.02320965,-0.7421874,0.00720452,0.6697517,2.394722,264.0966,358.5776,0.3940871,0.002519788,-0.9190694,-0.1602932,-0.009612241,-0.02961344,-0.6706707,0.04494974,-4.063252,-0.4116164,0.09126771,2.010495,-0.1017881,-0.02480134,0.9944969,-0.0441023,0.9988189,0.0203952,-0.9938281,-0.04178361,-0.1027616,moving,-13.393067560323022,-0.6339512714831185,-11.570491691231785,2.599194196843751,-1.9481047,0.02273765,-0.6214390000000005,-0.23161680754758446,-0.010763441671892441,0.9727476575704276,-12.92303328304671,-0.11730619833874889,3.6504189913782397,3.711470384895486,3.03459110171633
1362,05/05/2023 15:32:09.396277,1545,True,True,True,True,Eyes,1.414208,0.01143829,-3.46112,-0.9434179,-0.04471284,-0.3285778,0.0,0.0,0.0,0.0,0.0,0.0,0.0,3.54944,0.1018924,0.9175568,1.267625,0.02278266,-3.441427,0.02336609,-0.7411919,0.007982925,0.6708391,2.475003,264.2657,358.6277,0.3926567,0.002561073,-0.9196814,-0.1506756,-0.009035506,-0.02783664,-0.6834872,0.04215522,-4.05502,-0.4107291,0.09389422,2.010999,-0.09885807,-0.023927,0.9948139,-0.04534803,0.9987806,0.01951602,-0.9940678,-0.04318353,-0.09982254,moving,-13.447095999251857,-0.48829974044409635,-11.543404225573019,2.6732178259711836,-1.9511121999999999,0.01937256,-0.6135929999999998,-0.23253943255803383,-0.008288711755553832,0.9725516193586523,-12.977373759488932,0.02360886399690587,3.63257187049961,3.6904248660452197,3.012755595061344
1363,05/05/2023 15:32:09.406481,1546,True,True,True,True,Eyes,1.239333,0.02307642,-3.440053,-0.9596335,-0.0263855,-0.280013,0.0,0.0,0.0,0.0,0.0,0.0,0.0,3.54637,0.1011273,0.9154551,1.258096,0.02330801,-3.441172,0.02427622,-0.7404575,0.009698304,0.6715947,2.692169,264.3851,358.685,0.3912195,0.002610914,-0.9202935,-0.141635,-0.008493376,-0.02616644,-0.6958219,0.04218252,-4.048034,-0.4098228,0.09657609,2.011515,-0.09674282,-0.02292437,0.9950454,-0.04897768,0.9986333,0.0182452,-0.9941037,-0.04696993,-0.09773343,moving,-10.673127532652002,0.9062184569404296,-11.515738615144102,2.7487523181059434,-1.9539179,0.01887451,-0.6068620000000005,-0.18518335946462194,0.015542284873954643,0.9825810347547899,-10.1774052561621,1.4319714312397114,1.989949937236679,2.026061318390933,1.8775111407872576
1364,05/05/2023 15:32:09.426514,1547,True,True,True,True,Eyes,1.238946,0.02310507,-3.440009,-0.9596027,-0.02604163,-0.280151,0.0,0.0,0.0,0.0,0.0,0.0,0.0,3.54379,0.099774,0.9109807,1.248455,0.02384325,-3.440796,0.02521562,-0.739933,0.01160992,0.6721078,2.927732,264.4682,358.7544,0.3842103,0.003075611,-0.9232402,-0.6577616,0.02693062,0.03860426,-0.7074362,0.0375315,-4.042816,-0.408837,0.09949418,2.012076,-0.09527101,-0.0217095,0.9952147,-0.05292196,0.9984587,0.01671411,-0.9940437,-0.05107634,-0.09627306,moving,-10.769627232147828,1.1723716427054003,-11.485657594250828,2.83088567324865,-1.9558912,0.013688250000000002,-0.60202,-0.1868228307029966,0.02010008630221371,0.9821880204930773,-10.274455527633629,1.6895096034801476,1.7733464165318817,1.8064795235380247,1.6642565243429173
1365,05/05/2023 15:32:09.446248,1548,True,True,True,True,Eyes,1.238183,0.02314196,-3.43995,-0.9595922,-0.02571676,-0.2802167,0.0,0.0,0.0,0.0,0.0,0.0,0.0,3.541201,0.09596343,0.9069223,1.238811,0.02457069,-3.440431,0.02535957,-0.7394032,0.01266849,0.672666,3.029566,264.5572,358.8261,0.3784541,0.003464837,-0.9256133,-0.6182959,0.02531478,0.036288,-0.7186402,0.03174021,-4.038886,-0.4079926,0.1019908,2.012555,-0.09375504,-0.02045856,0.9953851,-0.05454521,0.9983928,0.01538279,-0.9941,-0.05285127,-0.0947202,moving,-10.863976942082271,1.3043351938342802,-11.459908024844545,2.901112050712445,-1.9574512,0.007169519999999999,-0.598455,-0.1884309197170458,0.02235521094206752,0.981831947964086,-10.369487797955932,1.8163653152930923,1.672053292882004,1.7043562380159631,1.5380805411976177
1366,05/05/2023 15:32:09.456273,1549,True,True,True,True,Eyes,1.237056,0.02318796,-3.439844,-0.9595761,-0.0248467,-0.2803502,0.0,0.0,0.0,0.0,0.0,0.0,0.0,3.538392,0.09118457,0.903558,1.229039,0.02480161,-3.440029,0.02489707,-0.7388201,0.01301106,0.6733171,3.023922,264.6592,358.8944,0.37371,0.003792277,-0.9275375,-0.5811982,0.02379589,0.03411072,-0.7298922,0.03089502,-4.034746,-0.4071258,0.1045553,2.013047,-0.09204862,-0.01926777,0.9955682,-0.05431004,0.9984217,0.01430159,-0.9942724,-0.0527529,-0.09294979,moving,-10.973384726219319,1.3598341394109346,-11.433481625189403,2.973203957670023,-1.9589311999999999,0.006093409999999997,-0.5947170000000002,-0.19030130720974076,0.02329768041875849,0.9814491914477845,-10.479796766293157,1.8684620451363858,1.644887011721077,1.6776922622791262,1.4594415039310178
1367,05/05/2023 15:32:09.476346,1550,True,True,True,True,Eyes,1.235575,0.02323075,-3.439731,-0.9595808,-0.02391596,-0.2804152,0.0,0.0,0.0,0.0,0.0,0.0,0.0,3.53588,0.08647598,0.8994052,1.219229,0.02505464,-3.439725,0.02419926,-0.7383177,0.01288226,0.6738959,2.959954,264.749,358.946,0.3697813,0.004069117,-0.9291096,-0.5463263,0.02236814,0.03206408,-0.741416,0.03345092,-4.030083,-0.4062287,0.1072124,2.013558,-0.09055778,-0.01837088,0.9957219,-0.05309608,0.9984969,0.01359316,-0.9944748,-0.05163796,-0.0913971,moving,-11.06547813519923,1.357956066433114,-11.406129932964141,3.0478500281709118,-1.960645,0.008396280000000002,-0.5903580000000002,-0.19187876097513007,0.02325823322494335,0.9811429890369217,-10.572703396329288,1.8649762237464658,1.689689121158756,1.7238866694879729,1.4469935138627017
1368,05/05/2023 15:32:09.496716,1551,True,True,True,True,Eyes,1.233754,0.02326133,-3.439588,-0.9595725,-0.0224669,-0.2805634,0.0,0.0,0.0,0.0,0.0,0.0,0.0,3.533275,0.08233853,0.8954699,1.209233,0.02499655,-3.439449,0.02318283,-0.7377881,0.01208902,0.6745258,2.815107,264.8453,358.9731,0.3665065,0.004304179,-0.9304053,-0.5135467,0.02102605,0.03014024,-0.7528597,0.03827528,-4.025883,-0.4053062,0.1099432,2.014083,-0.08895478,-0.01789932,0.9958749,-0.05051675,0.9986328,0.01343657,-0.9947538,-0.04911311,-0.08973738,moving,-11.168394453973903,1.30061868425524,-11.378015378679217,3.1245165744977452,-1.9620927,0.013278730000000002,-0.5864340000000001,-0.19364517227808292,0.022268489938908557,0.9808188555389076,-10.676590634086875,1.8072699451299012,1.7994649368954565,1.8359042584256327,1.4923589899576373
1369,05/05/2023 15:32:09.506436,1552,True,True,True,True,Eyes,1.231605,0.02326712,-3.439439,-0.9595873,-0.02107397,-0.2806209,0.0,0.0,0.0,0.0,0.0,0.0,0.0,3.53058,0.08066855,0.8919628,1.199262,0.02470668,-3.439223,0.02265503,-0.7371969,0.01157023,0.6751989,2.731315,264.9489,358.9802,0.3636335,0.004510532,-0.9315309,-0.4827339,0.01976449,0.02833182,-0.7645119,0.04576243,-4.021451,-0.4043991,0.1126245,2.014598,-0.08718635,-0.01777801,0.9960333,-0.04902685,0.9987057,0.01353422,-0.9949849,-0.04765238,-0.08794511,moving,-11.275009536772611,1.2971467869794575,-11.350385821173207,3.199744422943469,-1.9637739,0.021055749999999998,-0.5822279999999997,-0.19547022448155016,0.022200861727916955,0.9804583117753305,-10.784148629553576,1.8019703251715504,1.8666898286951041,1.904090162945517,1.5081104023165506
1370,05/05/2023 15:32:09.526052,1553,True,True,True,True,Eyes,1.229143,0.02323078,-3.439223,-0.9595931,-0.0195274,-0.2807128,0.0,0.0,0.0,0.0,0.0,0.0,0.0,3.527487,0.08056335,0.8897295,1.189229,0.02411648,-3.438957,0.02259445,-0.7364564,0.01156408,0.6760089,2.727218,265.0749,358.9878,0.3609945,0.004696529,-0.9325559,-0.4537699,0.01857862,0.02663191,-0.7762253,0.0510368,-4.016766,-0.4034845,0.1153314,2.015118,-0.08500343,-0.01764481,0.9962245,-0.04891448,0.9987115,0.01351521,-0.9951794,-0.04758096,-0.08575692,moving,-11.408058573266187,1.381998826020682,-11.322532644174489,3.275640185925339,-1.9654543000000002,0.02692032,-0.5778089999999998,-0.19773991827899412,0.02364186663839386,0.9799693361851067,-10.9182740558663,1.8822362495939773,1.8592822815597414,1.8955717566181862,1.450861652951329
1371,05/05/2023 15:32:09.547531,1554,True,True,True,True,Eyes,1.226382,0.02316479,-3.439004,-0.9596215,-0.01813881,-0.280709,0.0,0.0,0.0,0.0,0.0,0.0,0.0,3.524328,0.08184204,0.888164,1.179362,0.02311786,-3.438749,0.02284264,-0.7356511,0.01185251,0.6768718,2.772002,265.2099,358.9925,0.3585597,0.004863075,-0.9334939,-0.4265437,0.0174639,0.025034,-0.7882214,0.05311246,-4.011295,-0.4025995,0.1179493,2.01562,-0.08264602,-0.01756317,0.9964243,-0.04965367,0.9986755,0.01348445,-0.9953413,-0.04836169,-0.0834086,moving,-11.545400897188147,1.5059137477094349,-11.295595818471876,3.348993890135401,-1.9675834,0.0299946,-0.5725459999999996,-0.2000779989261568,0.02574874203524023,0.9794415648729506,-11.056686648159008,2.000478152665702,1.8259462763605459,1.8599319849815374,1.36951534707101
1372,05/05/2023 15:32:09.566476,1555,True,True,True,True,Eyes,1.223325,0.02308056,-3.438803,-0.9596555,-0.01675493,-0.2806789,0.0,0.0,0.0,0.0,0.0,0.0,0.0,3.521107,0.08645976,0.8863573,1.169382,0.02236567,-3.438509,0.02390432,-0.7348253,0.01259928,0.677718,2.91861,265.3434,358.9642,0.3563013,0.005011354,-0.9343575,-0.4009511,0.01641607,0.02353196,-0.8001693,0.05312784,-4.005547,-0.4016979,0.1206183,2.016133,-0.08025392,-0.01805348,0.996611,-0.05220852,0.9985396,0.01388424,-0.9954063,-0.05091732,-0.08107924,moving,-11.683020951307133,1.7247317436894276,-11.268153705505078,3.423728472529111,-1.9695513,0.030762170000000002,-0.5670380000000002,-0.20240912879951373,0.029474711614196743,0.978857414140919,-11.195272678358773,2.2111650994019305,1.7195550172876481,1.7489152970476665,1.2147516527947044
1373,05/05/2023 15:32:09.576348,1556,True,True,True,True,Eyes,1.219979,0.02296556,-3.438609,-0.9597201,-0.01541494,-0.2805345,0.0,0.0,0.0,0.0,0.0,0.0,0.0,3.517688,0.09369828,0.8852284,1.159205,0.02181775,-3.438357,0.02502071,-0.733913,0.01262781,0.6786651,3.009228,265.4909,358.8762,0.3541948,0.005142698,-0.9351572,-0.376894,0.0154311,0.02212004,-0.8122762,0.05004461,-3.999736,-0.4007896,0.1233057,2.01665,-0.07757543,-0.01958593,0.9967942,-0.05386616,0.998429,0.01542592,-0.9955304,-0.05249679,-0.07850863,moving,-11.828761485053349,1.8722589920345212,-11.240515468452534,3.498927279842446,-1.9714812,0.028226860000000003,-0.5613790000000001,-0.20488255245281517,0.03197819721677036,0.978263988406324,-11.342130890342883,2.352257961315713,1.7039656950847157,1.7297638840624148,1.1511629858610446
1374,05/05/2023 15:32:09.596594,1557,True,True,True,True,Eyes,1.216362,0.02281637,-3.438421,-0.9598031,-0.01408901,-0.2803202,0.0,0.0,0.0,0.0,0.0,0.0,0.0,3.514137,0.1028106,0.8848865,1.148904,0.0209778,-3.438361,0.02595703,-0.7329175,0.01187088,0.6797185,3.020181,265.6534,358.7427,0.3522187,0.005257946,-0.9359027,-0.3542804,0.01450524,0.02079284,-0.8247029,0.0495216,-3.993388,-0.3998912,0.125964,2.017161,-0.074618,-0.02191101,0.9969715,-0.05418643,0.9983706,0.01788619,-0.9957389,-0.05268769,-0.07568366,moving,-11.985057525450424,1.929017637301774,-11.213189177924935,3.5732627357926066,-1.9736069,0.028543799999999998,-0.5550269999999999,-0.20754396816825188,0.03292839472523514,0.977671277883433,-11.499739664460135,2.4047385489107063,1.7925034902253785,1.8164037794011705,1.203145858431789
1375,05/05/2023 15:32:09.606421,1558,True,True,True,True,Eyes,1.21248,0.0226324,-3.438248,-0.9599188,-0.01281445,-0.2799852,0.0,0.0,0.0,0.0,0.0,0.0,0.0,3.510544,0.1146423,0.8850286,1.138774,0.02000817,-3.438478,0.02750495,-0.7318578,0.01148807,0.6808051,3.110757,265.8222,358.5873,0.3503529,0.00535781,-0.9366022,-0.3330235,0.01363492,0.01954527,-0.8374102,0.05198205,-3.986496,-0.3989396,0.128781,2.017702,-0.07149576,-0.02461714,0.9971371,-0.0559017,0.998223,0.02063574,-0.9958732,-0.05426628,-0.07274482,moving,-12.143898520408177,2.0570126288988537,-11.184255588947304,3.6519826898285364,-1.9761842,0.03197388,-0.5480179999999999,-0.2102380895266115,0.03509171005251006,0.9770202365043795,-11.659835687523103,2.5265684092111282,1.8409735012896875,1.8614091573764362,1.2217748291640997
1376,05/05/2023 15:32:09.626029,1559,True,True,True,True,Eyes,1.208337,0.0224031,-3.438091,-0.960073,-0.01119531,-0.2795256,0.0,0.0,0.0,0.0,0.0,0.0,0.0,3.506896,0.124509,0.8858654,1.128508,0.01900568,-3.438704,0.02856519,-0.730734,0.01078804,0.6819791,3.137257,266.0044,358.4486,0.34858,0.005442878,-0.937263,-0.3130421,0.01281683,0.01837255,-0.8500298,0.05160323,-3.979443,-0.3980023,0.1315532,2.018234,-0.06817706,-0.02703267,0.997307,-0.05646155,0.9981353,0.02319534,-0.9960743,-0.05472811,-0.06957627,moving,-12.307460343204854,2.1437990778952685,-11.15577100265587,3.72939679048117,-1.9785378,0.03259755,-0.5407389999999999,-0.21301519044778333,0.03654907726292344,0.9763650725727948,-11.824740464553036,2.608169973368607,1.9418483166662999,1.95972152187289,1.3056300074536251
1377,05/05/2023 15:32:09.646168,1560,True,True,True,True,Eyes,1.203945,0.02213542,-3.437953,-0.960262,-0.009609273,-0.2789347,0.0,0.0,0.0,0.0,0.0,0.0,0.0,3.503091,0.1297645,0.8880758,1.11809,0.01763731,-3.439001,0.02844866,-0.729512,0.00938288,0.6833117,3.01334,266.2108,358.354,0.3468839,0.005513413,-0.9378917,-0.2942596,0.01204782,0.0172702,-0.8627849,0.05310518,-3.972123,-0.3971436,0.1340946,2.018722,-0.06455175,-0.02868442,0.9975021,-0.05433015,0.9982052,0.02518876,-0.9964343,-0.05256845,-0.06599429,moving,-12.480802262045845,2.086744240298607,-11.129680059314923,3.800317408446115,-1.9808748999999999,0.03546787,-0.5331219999999997,-0.21597585294021987,0.03555312440119062,0.9757512080073163,-11.99967325506373,2.5494723374910193,2.1638397490167804,2.182169610572823,1.5236474500952901
1378,05/05/2023 15:32:09.656669,1561,True,True,True,True,Eyes,1.199292,0.02184056,-3.437841,-0.9604646,-0.007707105,-0.2782954,0.0,0.0,0.0,0.0,0.0,0.0,0.0,3.499226,0.1342954,0.8909278,1.107689,0.01644921,-3.43935,0.02866488,-0.7282063,0.008744022,0.6847023,2.980078,266.4283,358.2915,0.3452511,0.005569798,-0.9384936,-0.276604,0.01132495,0.01623399,-0.8757564,0.05922291,-3.96412,-0.3962941,0.1366098,2.019206,-0.06072199,-0.02977379,0.9977106,-0.053722,0.9982038,0.02651892,-0.9967081,-0.05198873,-0.06221244,moving,-12.665208040745929,2.1453321072808973,-11.103869875753238,3.870459692378855,-1.9834454,0.0427737,-0.5247699999999997,-0.2191074861231409,0.03652473214659117,0.9750168359819322,-12.185637285461592,2.60322931408823,2.3104794449192316,2.326766436565702,1.6661613248331393
1379,05/05/2023 15:32:09.676365,1562,True,True,True,True,Eyes,1.194396,0.02149887,-3.437757,-0.9607117,-0.005696747,-0.27749,0.0,0.0,0.0,0.0,0.0,0.0,0.0,3.495102,0.1392032,0.8948238,1.096753,0.01543184,-3.439873,0.02823864,-0.7267775,0.006790637,0.6862586,2.787312,266.6707,358.1798,0.3436682,0.005612724,-0.9390742,-0.2600078,0.01064545,0.01525995,-0.8888481,0.06222737,-3.955801,-0.3953987,0.1392582,2.019715,-0.05650333,-0.03172616,0.9978982,-0.05036668,0.998313,0.02888746,-0.9971312,-0.04862859,-0.05800598,moving,-12.860408628139211,2.0387892283908475,-11.07667973373743,3.944268916329998,-1.9856011000000002,0.046795529999999995,-0.5159280000000002,-0.2224425931501331,0.0346847477555182,0.9743286840533086,-12.382676923484015,2.495929667529574,2.5922992993666125,2.610084598221384,1.950209024500131
1380,05/05/2023 15:32:09.696168,1563,True,True,True,True,Eyes,1.189277,0.02111052,-3.437675,-0.9609645,-0.003630711,-0.2766481,0.0,0.0,0.0,0.0,0.0,0.0,0.0,3.490518,0.1480675,0.9006791,1.086019,0.01394678,-3.440527,0.02799139,-0.7251623,0.004180145,0.6879962,2.555007,266.9424,358.0012,0.3421244,0.005642237,-0.9396374,-0.2444073,0.01000672,0.01434435,-0.9025275,0.07136138,-3.946637,-0.3945079,0.1418932,2.020221,-0.05175541,-0.03484475,0.9980517,-0.04634844,0.998398,0.03245337,-0.9975837,-0.0445785,-0.05328749,moving,-13.083029356945422,1.878853444244011,-11.049639917271909,4.017655621658374,-1.9885465,0.0574146,-0.5061100000000001,-0.22624736086937047,0.03193615137115593,0.9735462687984937,-12.607438256151202,2.33612405583187,2.9308230717919974,2.9511264573867697,2.2922225178821574
1381,05/05/2023 15:32:09.708902,1564,True,True,True,True,Eyes,1.183944,0.02068868,-3.43762,-0.9612812,-0.001713464,-0.2755641,0.0,0.0,0.0,0.0,0.0,0.0,0.0,3.485058,0.1649913,0.9085035,1.075509,0.01245644,-3.441128,0.02982266,-0.7232681,0.003026878,0.6899166,2.609509,267.2452,357.7647,0.3406096,0.005658415,-0.9401876,-0.2297429,0.00940632,0.01348369,-0.9161656,0.08192934,-3.936348,-0.3935994,0.1445807,2.020737,-0.04625165,-0.03896296,0.9981697,-0.04731613,0.9982029,0.03677179,-0.9978086,-0.04552877,-0.04801219,moving,-13.336092559178258,1.9812211621829574,-11.022071931106552,4.092453207347466,-1.9916746,0.0694729,-0.4952200000000002,-0.23053217889951538,0.03364073735808432,0.9724830435143715,-12.862615167796635,2.4312944723843084,3.1153144621988313,3.132409969284175,2.479324050798928
1382,05/05/2023 15:32:09.726425,1565,True,True,True,True,Eyes,1.178404,0.02024305,-3.437579,-0.9615961,0.0001059301,-0.2744685,0.0,0.0,0.0,0.0,0.0,0.0,0.0,3.478246,0.1822123,0.921428,1.065012,0.01127552,-3.441809,0.03208796,-0.720831,0.002504323,0.6923633,2.753746,267.6329,357.5446,0.3391159,0.005661657,-0.9407274,-0.2159583,0.00884194,0.01267467,-0.9301242,0.08275347,-3.924723,-0.392685,0.1472869,2.021256,-0.03920718,-0.04279219,0.9983145,-0.04972779,0.9979281,0.04082266,-0.9979931,-0.04804343,-0.04125385,moving,-13.678203879793424,2.165694430705729,-10.994335773355877,4.167719762973955,-1.9951362000000001,0.07147795,-0.48291400000000007,-0.23630907214193014,0.0367192226039154,0.9709839078807795,-13.207532140436497,2.60484666851752,3.3361922337766394,3.348320988763826,2.709393007415995
1383,05/05/2023 15:32:09.746410,1566,True,True,True,True,Eyes,1.172666,0.0197976,-3.437579,-0.9619809,0.00185408,-0.2731103,0.0,0.0,0.0,0.0,0.0,0.0,0.0,3.470772,0.1921461,0.9383492,1.054469,0.0102855,-3.442625,0.03308057,-0.7180374,0.001734675,0.6952158,2.779212,268.0869,357.4124,0.3376355,0.005652601,-0.9412597,-0.2030008,0.008311423,0.01191419,-0.9448,0.08056673,-3.91021,-0.3917778,0.1499698,2.021772,-0.03116141,-0.04509423,0.9984967,-0.04991812,0.9978054,0.04350515,-0.9982671,-0.04848739,-0.03334412,moving,-14.062611163630335,2.2443037394851615,-10.966821178956502,4.2422828592352,-1.999269,0.07028123,-0.46758500000000014,-0.24280666192575578,0.037988583312541895,0.9693305514662809,-13.595236662387856,2.6745105658959556,3.6750039730038546,3.684540160205062,3.0604702117981595
1384,05/05/2023 15:32:09.756137,1567,True,True,True,True,Eyes,1.166722,0.01936728,-3.437626,-0.9623526,0.003852955,-0.2717766,0.0,0.0,0.0,0.0,0.0,0.0,0.0,3.463835,0.195412,0.9551084,1.043933,0.009850044,-3.443643,0.03335325,-0.7152801,0.001418048,0.6980402,2.785237,268.5385,357.3756,0.3361617,0.005632471,-0.9417871,-0.1908207,0.007812738,0.01119934,-0.9597474,0.08214929,-3.893708,-0.3908803,0.1526275,2.022283,-0.0232552,-0.04573412,0.998683,-0.04969354,0.9977711,0.04453522,-0.9984938,-0.04859242,-0.02547607,moving,-14.442635760454916,2.3413223635640477,-10.939606827463026,4.316094228462579,-2.0036804,0.072299246,-0.4500650000000004,-0.24921528749601518,0.03956343920194541,0.967639585307125,-13.978499191866707,2.762186760545445,4.014162736198794,4.021310187460441,3.413135687499053
1385,05/05/2023 15:32:09.776342,1568,True,True,True,True,Eyes,1.160582,0.01899896,-3.437714,-0.9627776,0.005885644,-0.2702307,0.0,0.0,0.0,0.0,0.0,0.0,0.0,3.45761,0.1906409,0.9709103,1.032995,0.009714611,-3.444837,0.03165008,-0.712673,-0.0002667569,0.7007821,2.520647,268.9786,357.3904,0.3346878,0.005602779,-0.9423121,-0.1793715,0.007343974,0.01052738,-0.974445,0.08426692,-3.877754,-0.3900052,0.1552181,2.022781,-0.01580562,-0.04548619,0.99884,-0.04473844,0.9979964,0.04473984,-0.9988738,-0.0439794,-0.01780894,moving,-14.781940946817475,2.184455672846821,-10.913081425453198,4.387992574460848,-2.00744,0.074552309,-0.4329169999999998,-0.2549676546223916,0.03685693443587571,0.9662468838603783,-14.320969223632508,2.60327235249041,4.443513839967554,4.452375643723895,3.8469371603510285
1386,05/05/2023 15:32:09.796217,1569,True,True,True,True,Eyes,1.154226,0.01865383,-3.43785,-0.9631971,0.008295074,-0.268668,0.0,0.0,0.0,0.0,0.0,0.0,0.0,3.45206,0.1841464,0.9843006,1.02213,0.01080211,-3.445956,0.03028626,-0.7102838,-0.001203353,0.7032626,2.343417,269.3784,357.4349,0.333209,0.005566186,-0.9428363,-0.1686092,0.006903335,0.009895734,-0.9889479,0.0960616,-3.862434,-0.3890815,0.1579494,2.023305,-0.009008868,-0.04471622,0.998959,-0.04133113,0.9981626,0.04430784,-0.9991049,-0.04088895,-0.0108406,moving,-15.08503292810308,2.1476863189369575,-10.885100629065013,4.463744832587326,-2.0110779,0.08525949,-0.4164780000000001,-0.2600818445268584,0.03618576181381294,0.9649082758037352,-14.626772029450358,2.5620023208620237,4.787187559140477,4.79620249313512,4.197228782109082
1387,05/05/2023 15:32:09.816375,1570,True,True,True,True,Eyes,1.147704,0.01828616,-3.438025,-0.963663,0.01083815,-0.2669009,0.0,0.0,0.0,0.0,0.0,0.0,0.0,3.446225,0.1680592,1.000035,1.010538,0.01088839,-3.447241,0.02589567,-0.7076958,-0.004588761,0.7060277,1.723214,269.8276,357.5268,0.3317195,0.005524008,-0.9433616,-0.1584927,0.006489135,0.00930199,-1.003029,0.1057787,-3.848535,-0.3881631,0.1606668,2.023827,-0.001708879,-0.0431321,0.999068,-0.03017293,0.9986167,0.04306101,-0.9995434,-0.03007122,-0.003007957,moving,-15.401429339580357,1.68840049606422,-10.857284266523731,4.539055656792545,-2.013567,0.09489031,-0.40129400000000004,-0.26547298445621165,0.02840666779201997,0.963699688302377,-14.946471651936898,2.1088976623097686,5.347672128491194,5.364279009370397,4.756797383867713
1388,05/05/2023 15:32:09.826481,1571,True,True,True,True,Eyes,1.141015,0.01802876,-3.438246,-0.9641241,0.01277517,-0.2651445,0.0,0.0,0.0,0.0,0.0,0.0,0.0,3.440836,0.1477475,1.015033,0.9999974,0.009893143,-3.448388,0.02195147,-0.7052169,-0.005625169,0.7086295,1.328063,270.2507,357.7681,0.3302163,0.005476189,-0.9438892,-0.1489831,0.006099787,0.008743871,-1.017137,0.1297987,-3.833208,-0.3872715,0.1633065,2.024335,0.005274963,-0.03893341,0.9992281,-0.02298877,0.998973,0.03904485,-0.999722,-0.02317699,0.004374516,moving,-15.700254877056231,1.4626508251341728,-10.83028195081646,4.612158757786436,-2.0171343999999998,0.119905557,-0.38481999999999994,-0.27052302482364965,0.024573552333271804,0.962399877709664,-15.248182985376296,1.8836087707204767,5.778884367989323,5.799658310637611,5.192574947276401
1389,05/05/2023 15:32:09.846305,1572,True,True,True,True,Eyes,1.134109,0.01787321,-3.438494,-0.9646233,0.01526406,-0.2631897,0.0,0.0,0.0,0.0,0.0,0.0,0.0,3.436471,0.1390896,1.023622,0.9892651,0.0122928,-3.449301,0.02301163,-0.703187,-0.001899134,0.7106301,1.721116,270.5731,357.9898,0.328695,0.005426299,-0.9444203,-0.1400441,0.0057338,0.008219238,-1.030168,0.1439362,-3.819073,-0.3863266,0.166103,2.024873,0.01104892,-0.03506212,0.9993242,-0.0296638,0.9989337,0.0353764,-0.999499,-0.03003462,0.009997108,moving,-15.924416978192557,2.0589980650872595,-10.80167682757453,4.689548220079757,-2.0194331,0.1316434,-0.36977199999999977,-0.27420521510702806,0.0345514611720063,0.9610502677569224,-15.473648667261898,2.4605102094114457,5.749008420134513,5.7586683155643765,5.176478660618231
1390,05/05/2023 15:32:09.856358,1573,True,True,True,True,Eyes,1.127048,0.01776666,-3.438798,-0.9650829,0.01772262,-0.2613442,0.0,0.0,0.0,0.0,0.0,0.0,0.0,3.430915,0.1159412,1.036672,0.977106,0.0144296,-3.45027,0.01671115,-0.7007731,-0.007332283,0.713151,0.7768754,270.99,358.0583,0.3271523,0.00537738,-0.9449561,-0.1316415,0.005389772,0.007726084,-1.04441,0.1337493,-3.808177,-0.3853614,0.1689578,2.025421,0.0177268,-0.0338795,0.9992688,-0.0129634,0.9993339,0.03411169,-0.999759,-0.01355862,0.01727577,moving,-16.19604280601786,1.2713144003236498,-10.772475319618822,4.76849382706613,-2.021516,0.11931969999999999,-0.357907,-0.27886144619751047,0.021306679582469755,0.960094893870141,-15.748552743255644,1.6883012659685492,6.42860692331531,6.453320712807914,5.852258772428723
1391,05/05/2023 15:32:09.876181,1574,True,True,True,True,Eyes,0.9464876,0.01770192,-3.446753,-0.9747456,0.07403954,-0.2106872,0.0,0.0,0.0,0.0,0.0,0.0,0.0,3.426188,0.1058679,1.046212,0.9663552,0.01539559,-3.451152,0.01424262,-0.698715,-0.009217398,0.715199,0.4292611,271.3288,358.1038,0.3255851,0.005330658,-0.9454975,-0.123743,0.005066385,0.007262519,-1.057326,0.1712403,-3.793692,-0.3845479,0.1713647,2.025883,0.02342459,-0.03308761,0.999178,-0.006718523,0.9994243,0.03325329,-0.9997031,-0.007491947,0.02318883,moving,-13.676359846463967,4.3399236002497075,-10.74787060251904,4.835006163568766,-2.0236812,0.15584471,-0.34254000000000007,-0.23579705454462674,0.07353972447271113,0.96901578544375,-13.203226489715137,4.7229099623954784,2.9678139090705327,2.9700430967249787,2.457913361187903
1392,05/05/2023 15:32:09.896215,1575,True,True,True,True,Eyes,0.9460236,0.01783059,-3.446815,-0.9747402,0.07411014,-0.2106875,0.0,0.0,0.0,0.0,0.0,0.0,0.0,3.42111,0.1100622,1.05452,0.9552198,0.01791961,-3.451862,0.01566144,-0.6966586,-0.008601195,0.7171803,0.6004683,271.6529,358.0424,0.3175529,0.005312165,-0.9482254,-0.658,0.004568177,-0.01703774,-1.069579,0.186759,-3.781736,-0.3836739,0.1739503,2.02638,0.02918574,-0.03415857,0.9989902,-0.009484133,0.9993615,0.03444834,-0.9995291,-0.01047996,0.02884317,moving,-14.01382233557167,4.494782218831908,-10.721440754175564,4.906406682222133,-2.0247988,0.16883939,-0.3298739999999998,-0.2414546928067049,0.07604955420456923,0.967427562988576,-13.543486994339784,4.867696590989504,3.313835228040739,3.318013136860312,2.8223117214064515
1393,05/05/2023 15:32:09.906808,1576,True,True,True,True,Eyes,0.9451398,0.01799831,-3.446895,-0.9747807,0.07437109,-0.2104079,0.0,0.0,0.0,0.0,0.0,0.0,0.0,3.415188,0.1050737,1.065594,0.9436434,0.02101499,-3.45241,0.01327781,-0.6943208,-0.01243089,0.7194359,0.1055976,272.0336,357.9183,0.3109282,0.005293045,-0.9504185,-0.61852,0.004294086,-0.01601548,-1.083567,0.1862754,-3.769695,-0.382767,0.1766355,2.026895,0.03552837,-0.03632457,0.9987084,-0.0005516756,0.9993383,0.03636711,-0.9993685,-0.001843027,0.03548482,moving,-14.361016755932704,3.977531517227757,-10.694028483410934,4.9805072005256115,-2.0272104,0.16526041,-0.31728500000000004,-0.2474700177116939,0.06720770449573114,0.9665617783115967,-13.89432107150741,4.357571418607382,3.8015085736345546,3.801678999086982,3.2603560599755532
1394,05/05/2023 15:32:09.927000,1577,True,True,True,True,Eyes,0.9438645,0.0181642,-3.446904,-0.9753532,0.07315312,-0.20817,0.0,0.0,0.0,0.0,0.0,0.0,0.0,3.408621,0.1057364,1.078572,0.932654,0.02208751,-3.45295,0.01230257,-0.6918006,-0.01474904,0.7218332,359.8484,272.437,357.8042,0.3054428,0.005275711,-0.9521956,-0.5814087,0.004036441,-0.01505455,-1.096148,0.2103283,-3.755322,-0.3818675,0.1792974,2.027406,0.0423888,-0.03831454,0.9983664,0.004270844,0.9992623,0.0381676,-0.9990921,0.002645982,0.04252119,moving,-14.622350142280354,3.613273600491782,-10.666847714400195,5.0539099451294,-2.0288019999999998,0.18824079,-0.3023720000000001,-0.25197689220782093,0.06098822221043179,0.965809543937558,-14.158365824833773,3.9980287079178933,4.209776616841825,4.2096831869460996,3.6476819903304296
1395,05/05/2023 15:32:09.946284,1578,True,True,True,True,Eyes,0.9422122,0.01832806,-3.446917,-0.975952,0.07196428,-0.2057638,0.0,0.0,0.0,0.0,0.0,0.0,0.0,3.402144,0.1083172,1.09063,0.9218445,0.02263878,-3.453329,0.01303763,-0.6893672,-0.01434892,0.7241526,359.9484,272.8204,357.7788,0.3008773,0.005260943,-0.9536481,-0.5465242,0.003794255,-0.01415127,-1.108802,0.2239234,-3.740102,-0.3809508,0.1820083,2.027927,0.04913377,-0.03875704,0.9980399,0.002806176,0.9992483,0.03866582,-0.9987883,0.000900878,0.04920559,moving,-14.867417327719203,3.630824655650657,-10.639155127929525,5.128607287992313,-2.0306465,0.20128462,-0.2867729999999997,-0.25610198320659455,0.0612154526154879,0.964709462920878,-14.405571689212753,4.010718593527191,4.48582944695964,4.485705523539696,3.928812650957221
1396,05/05/2023 15:32:09.956237,1579,True,True,True,True,Eyes,0.9401919,0.01848004,-3.447095,-0.9766048,0.07072056,-0.2030802,0.0,0.0,0.0,0.0,0.0,0.0,0.0,3.395664,0.1071721,1.102304,0.9111037,0.02275551,-3.453471,0.0130232,-0.6869798,-0.01410778,0.7264229,359.9735,273.1975,357.7999,0.2970515,0.005249225,-0.9548468,-0.5137328,0.003566599,-0.0133022,-1.122305,0.2238051,-3.725655,-0.3800246,0.1847492,2.028454,0.05571944,-0.03838979,0.9977083,0.00260308,0.9992628,0.03830424,-0.9984432,0.0004628164,0.05577832,moving,-15.083115419282878,3.5828818387650423,-10.61118182812636,5.204073900665577,-2.0334087,0.20104959,-0.2721840000000002,-0.25974569967895106,0.06034741361209632,0.9637895318950174,-14.623223454253921,3.9601356803530945,4.756745457750592,4.75672720946696,4.200459535066903
1397,05/05/2023 15:32:09.976505,1580,True,True,True,True,Eyes,0.9378498,0.01863461,-3.44725,-0.977308,0.06919899,-0.2002014,0.0,0.0,0.0,0.0,0.0,0.0,0.0,3.388077,0.1121944,1.115933,0.9005606,0.02240381,-3.453324,0.01442392,-0.6843688,-0.0129443,0.7288784,0.1896047,273.6042,357.7871,0.2936759,0.005241801,-0.9558904,-0.4829088,0.003352603,-0.01250407,-1.135332,0.2254788,-3.711392,-0.3791395,0.1873673,2.028957,0.06294344,-0.03861221,0.99727,-0.0008729236,0.9992487,0.03874392,-0.9980168,-0.003309221,0.06286245,moving,-15.328605431152223,3.699873016419582,-10.584461772113597,5.276106907868044,-2.0358926,0.20307499,-0.2580680000000002,-0.26384199886047655,0.06224353242917465,0.962555541229194,-14.87074402784121,4.06968777557336,4.999284446979604,4.999141160054111,4.452826371927391
1398,05/05/2023 15:32:09.996157,1581,True,True,True,True,Eyes,0.9351912,0.01881985,-3.447424,-0.9780626,0.06749474,-0.1970735,0.0,0.0,0.0,0.0,0.0,0.0,0.0,3.379279,0.1258168,1.131935,0.8904769,0.02269975,-3.452993,0.01798544,-0.6814852,-0.01052037,0.7315353,0.686134,274.0435,357.7128,0.2905729,0.005239467,-0.9568383,-0.4539343,0.003151447,-0.01175382,-1.148868,0.2202449,-3.695565,-0.3782177,0.1900961,2.029482,0.07093433,-0.03990568,0.9966826,-0.009121581,0.9991317,0.04065293,-0.9974394,-0.01197501,0.07050874,moving,-15.611961700477407,4.068621667739471,-10.556637107463139,5.3511279472225945,-2.0393449,0.19754515,-0.242572,-0.26849159785560245,0.06834599472268066,0.9608543285717093,-15.156181210315093,4.4238089461037475,5.214645016210125,5.215470170334456,4.69209190915057
1399,05/05/2023 15:32:10.006214,1582,True,True,True,True,Eyes,0.9322397,0.01901922,-3.447575,-0.97885,0.0658149,-0.193704,0.0,0.0,0.0,0.0,0.0,0.0,0.0,3.368926,0.1376419,1.152382,0.8802997,0.02362211,-3.452695,0.02048333,-0.6780965,-0.009700529,0.7346234,0.9705954,274.5623,357.5907,0.2877077,0.005242593,-0.9577036,-0.4266982,0.00296236,-0.01104859,-1.162839,0.2060289,-3.678095,-0.3773217,0.1927484,2.029991,0.08018208,-0.04203182,0.9958938,-0.01352687,0.9989727,0.04325086,-0.9966887,-0.01693928,0.07953114,moving,-15.952907773805618,4.210646486844928,-10.5296068111119,5.423994426322625,-2.0431387,0.18240678999999999,-0.22540000000000004,-0.2741611875751199,0.07061020595668197,0.959088111291223,-15.49997041497549,4.556030848722795,5.555458718938995,5.557374070025284,5.045579761202051
1400,05/05/2023 15:32:10.026518,1583,True,True,True,True,Eyes,0.9290097,0.01922374,-3.447713,-0.9796327,0.06443908,-0.1901773,0.0,0.0,0.0,0.0,0.0,0.0,0.0,3.358418,0.1437192,1.173519,0.8703076,0.0241741,-3.452355,0.02147417,-0.6746636,-0.009857276,0.7377472,1.053404,275.0917,357.5053,0.2850492,0.005251052,-0.9584981,-0.4010963,0.002784619,-0.01038568,-1.176312,0.2003015,-3.657614,-0.3764072,0.1954545,2.030511,0.08946384,-0.04352003,0.9950389,-0.01443133,0.9988834,0.0449857,-0.9958856,-0.01838433,0.08873592,moving,-16.28209161875726,4.178085319905651,-10.502025019868874,5.498281361162772,-2.0466196,0.1761274,-0.2052590000000003,-0.27967995799945433,0.0699492638765531,0.957541773998596,-15.83209015444745,4.518390971645488,5.927056684426021,5.928919587491142,5.419389219673972
1401,05/05/2023 15:32:10.046376,1584,True,True,True,True,Eyes,0.9255168,0.01943521,-3.447817,-0.9804394,0.06306694,-0.1864433,0.0,0.0,0.0,0.0,0.0,0.0,0.0,3.348088,0.1454993,1.193959,0.860432,0.02445299,-3.451878,0.02203992,-0.6713066,-0.009448811,0.7407917,1.144152,275.6092,357.5012,0.2825699,0.005264475,-0.9592319,-0.3770306,0.002617541,-0.009762537,-1.188821,0.2011291,-3.636839,-0.3754875,0.1981742,2.031033,0.09851635,-0.0435903,0.9941803,-0.01559189,0.9988499,0.04534009,-0.9950134,-0.01996789,0.09772337,moving,-16.582355497421375,4.177258382135621,-10.474300501364416,5.5728863207326444,-2.0492529999999998,0.17667611,-0.18496100000000038,-0.2846965974298852,0.0698279542572493,0.9560710561063477,-16.13499952447468,4.512185186973069,6.263466147038788,6.265469908781698,5.759218725261295
1402,05/05/2023 15:32:10.056354,1585,True,True,True,True,Eyes,0.9217824,0.01964136,-3.44788,-0.981232,0.06193355,-0.1826143,0.0,0.0,0.0,0.0,0.0,0.0,0.0,3.337841,0.1440094,1.213793,0.8506203,0.02484154,-3.451238,0.02218883,-0.6680119,-0.008875041,0.7437668,1.211859,276.117,357.5438,0.280246,0.005282579,-0.9599134,-0.3544087,0.002460489,-0.009176784,-1.201049,0.2010067,-3.616575,-0.3745241,0.2010256,2.03158,0.1073627,-0.04284671,0.9932962,-0.01644287,0.9988578,0.04486388,-0.9940839,-0.02114936,0.1065356,moving,-16.863890712814353,4.181989186982603,-10.445267611263112,5.651043244829905,-2.0516693,0.17616516000000002,-0.16533700000000007,-0.28939148751767707,0.06980430196521355,0.9546621975251495,-16.419009028482424,4.5117303229836665,6.582439684345774,6.584591281518154,6.081415990843515
1403,05/05/2023 15:32:10.076425,1586,True,True,True,True,Eyes,0.917834,0.01983425,-3.4479,-0.9820553,0.06061349,-0.1785872,0.0,0.0,0.0,0.0,0.0,0.0,0.0,3.326842,0.1421517,1.234771,0.8410945,0.02494833,-3.450316,0.02266414,-0.6645832,-0.007487618,0.746833,1.369521,276.6419,357.6319,0.2780551,0.005304774,-0.9605502,-0.3331442,0.00231286,-0.008626177,-1.212858,0.2010184,-3.596855,-0.3737306,0.2033722,2.032032,0.1165462,-0.04130842,0.992326,-0.01894042,0.9988605,0.04380495,-0.9930047,-0.02390037,0.115631,moving,-17.15313109199052,4.279616023249494,-10.421355117556358,5.7153110930319455,-2.0539525,0.17607007000000002,-0.1465390000000002,-0.2941754412433407,0.07132195303759466,0.9530865565183988,-16.71068707812789,4.601631755641258,6.880055358685116,6.883169916787371,6.387172940886877
1404,05/05/2023 15:32:10.096324,1587,True,True,True,True,Eyes,0.9136816,0.02005819,-3.447896,-0.9828884,0.05939995,-0.1743619,0.0,0.0,0.0,0.0,0.0,0.0,0.0,3.315792,0.1419618,1.255544,0.8320022,0.02487244,-3.449373,0.02397415,-0.6611697,-0.004952939,0.7498369,1.684964,277.1584,357.7565,0.2759794,0.005330295,-0.9611486,-0.3131555,0.002174088,-0.008108607,-1.224601,0.1976636,-3.576197,-0.3727995,0.2061294,2.032562,0.1256602,-0.03912975,0.9913014,-0.02427417,0.9988014,0.04250287,-0.9917763,-0.02940394,0.1245597,moving,-17.430018761256434,4.554139063401264,-10.393306772263992,5.790772435926626,-2.0566032,0.17279116,-0.12682400000000005,-0.29867947263359124,0.07577667261042506,0.9513403710563243,-16.989704665061147,4.864079176989736,7.138429442503589,7.144548811091812,6.661172986513549
1405,05/05/2023 15:32:10.116168,1588,True,True,True,True,Eyes,0.9093393,0.02029086,-3.447846,-0.9837369,0.05808353,-0.1699645,0.0,0.0,0.0,0.0,0.0,0.0,0.0,3.304497,0.1446271,1.275788,0.8230315,0.02578938,-3.448218,0.02635691,-0.6577572,-0.001520767,0.7527672,2.159453,277.6671,357.8802,0.274002,0.005359698,-0.961714,-0.2943662,0.002043643,-0.00762209,-1.236145,0.1881422,-3.555942,-0.3719143,0.2087472,2.033065,0.1347062,-0.03696246,0.990196,-0.03238333,0.998606,0.04168183,-0.9903564,-0.03768065,0.1333215,moving,-17.698245796290863,4.9828073578093734,-10.36665435952965,5.862364105001294,-2.0591765,0.16235282,-0.10772400000000015,-0.3029606236835023,0.08277480552138361,0.9494014473379115,-17.25981197096856,5.276843297712861,7.371408856687604,7.384162313161947,6.917980664320036
1406,05/05/2023 15:32:10.126779,1589,True,True,True,True,Eyes,0.9048362,0.02051336,-3.447766,-0.9845763,0.0570953,-0.1653773,0.0,0.0,0.0,0.0,0.0,0.0,0.0,3.293578,0.1421609,1.295612,0.8141277,0.02626428,-3.44717,0.02697977,-0.654442,0.000279078,0.7556306,2.357743,278.168,357.9987,0.272108,0.005392864,-0.9622514,-0.2767043,0.001921024,-0.007164765,-1.247757,0.1739905,-3.535665,-0.3710151,0.2114086,2.033576,0.1434111,-0.03489164,0.9890479,-0.03573516,0.998544,0.04040821,-0.9890177,-0.04113877,0.1419555,moving,-17.931828263079915,5.1547013244275135,-10.3395890572532,5.935094123075085,-2.0618847000000002,0.14772622,-0.08849499999999999,-0.3067574097497013,0.08551355509126435,0.9479384677384798,-17.49525837459345,5.440093221824368,7.616218114857428,7.632241419050714,7.172769985951294
1407,05/05/2023 15:32:10.146528,1590,True,True,True,True,Eyes,0.9001796,0.02075182,-3.447639,-0.9854225,0.05586004,-0.1606929,0.0,0.0,0.0,0.0,0.0,0.0,0.0,3.283104,0.1422627,1.31337,0.8058439,0.02620935,-3.44585,0.02850752,-0.6513613,0.003202666,0.7582253,2.716977,278.627,358.148,0.2702856,0.005429144,-0.9627646,-0.260102,0.001805763,-0.006734879,-1.258354,0.1692846,-3.515821,-0.3701059,0.2140985,2.034092,0.1514364,-0.03228071,0.9879398,-0.04199408,0.9983541,0.03905807,-0.9875746,-0.04740244,0.1498315,moving,-18.12397225368513,5.484437766053591,-10.3122352351341,6.008547748970139,-2.0641979,0.14307525000000001,-0.06997099999999978,-0.3097870110587503,0.09087365231193417,0.9464534023290516,-17.68872380749665,5.757851007860319,7.806136133024458,7.829299235640017,7.380747422463282
1408,05/05/2023 15:32:10.156183,1591,True,True,True,True,Eyes,0.8953691,0.02101323,-3.447413,-0.9862072,0.05531957,-0.1559972,0.0,0.0,0.0,0.0,0.0,0.0,0.0,3.273689,0.1456573,1.328216,0.7974998,0.02689578,-3.444659,0.03061681,-0.648563,0.006017269,0.7605212,3.116973,279.038,358.2461,0.268524,0.005468686,-0.9632571,-0.2444959,0.001697417,-0.006330786,-1.268543,0.1583589,-3.497178,-0.3691127,0.2170393,2.034657,0.1586596,-0.03056134,0.9868603,-0.04886638,0.9980528,0.03876431,-0.9861234,-0.05437462,0.1568572,moving,-18.27626696726395,5.881777879264896,-10.282358087279231,6.088784867709452,-2.0660428,0.13146312,-0.05251899999999976,-0.31210941347411586,0.0973571032140639,0.9450446185441583,-17.841912958076556,6.142181745312254,7.963343758444143,7.996588714868573,7.559743452732591
1409,05/05/2023 15:32:10.176403,1592,True,True,True,True,Eyes,0.8904115,0.0212783,-3.447134,-0.9869665,0.05495536,-0.1512515,0.0,0.0,0.0,0.0,0.0,0.0,0.0,3.264465,0.1398368,1.342155,0.7888107,0.0276816,-3.443062,0.02968971,-0.6459622,0.005773706,0.7627699,3.023873,279.4351,358.3044,0.2668135,0.005511838,-0.9637321,-0.2298261,0.001595572,-0.005950938,-1.278539,0.1465188,-3.480386,-0.3682967,0.2194537,2.035122,0.1653989,-0.02954885,0.9857839,-0.04716489,0.9981704,0.03783365,-0.9850983,-0.05275203,0.1637026,moving,-18.385900509641704,5.7840077390015034,-10.257815638949856,6.154605034346649,-2.0673497000000003,0.1188372,-0.03732400000000036,-0.31396836346464096,0.09568257662711543,0.9445997518740733,-17.952622056203573,6.044966997729633,8.106555596833166,8.13652911384743,7.695587456333807
1410,05/05/2023 15:32:10.196167,1593,True,True,True,True,Eyes,0.8853087,0.02154245,-3.446791,-0.9876607,0.05521299,-0.1465533,0.0,0.0,0.0,0.0,0.0,0.0,0.0,3.256506,0.1327339,1.353316,0.7803159,0.02799864,-3.441545,0.02799495,-0.6437289,0.004569632,0.7647278,2.791422,279.7797,358.3332,0.2651452,0.005558369,-0.9641922,-0.2160366,0.001499838,-0.005593882,-1.287737,0.1528971,-3.46358,-0.3673849,0.2221503,2.035639,0.1711845,-0.02905326,0.9848107,-0.04303136,0.9983908,0.03693382,-0.9842989,-0.04870024,0.1696588,moving,-18.44241718055729,5.575539987034364,-10.230413375981687,6.228070716051666,-2.0680528999999996,0.12489846,-0.022034999999999805,-0.31500358160845304,0.092211752728439,0.9446003062474181,-18.00987096094234,5.840871230768118,8.21406428432958,8.237888251164616,7.789087479134233
1411,05/05/2023 15:32:10.206458,1594,True,True,True,True,Eyes,0.8800527,0.02178787,-3.446376,-0.9883215,0.05567075,-0.1418495,0.0,0.0,0.0,0.0,0.0,0.0,0.0,3.249421,0.1284987,1.361354,0.77171,0.02815013,-3.439797,0.026758,-0.641808,0.003396273,0.7663909,2.600614,280.0736,358.3284,0.2635115,0.005607934,-0.9646397,-0.2030744,0.001409848,-0.005258249,-1.296257,0.1638371,-3.448751,-0.3665193,0.2247115,2.036131,0.1761418,-0.02914126,0.9839334,-0.03955275,0.9985449,0.03665467,-0.98357,-0.04537369,0.1747329,moving,-18.454259260671694,5.410454477824234,-10.20440219218359,6.2977910821601055,-2.067967,0.13568697000000002,-0.008954000000000129,-0.31527764316760937,0.08948112446364931,0.9447714202395523,-18.02200301290836,5.6798398399149805,8.278173239347964,8.297439840087872,7.841986121512133
1412,05/05/2023 15:32:10.227912,1595,True,True,True,True,Eyes,0.8746548,0.02200999,-3.445911,-0.9889256,0.05657995,-0.1372037,0.0,0.0,0.0,0.0,0.0,0.0,0.0,3.242481,0.1251292,1.367832,0.7627701,0.0278996,-3.437688,0.02511576,-0.6400279,0.001281361,0.7679401,2.304772,280.3472,358.2691,0.2619051,0.00565973,-0.9650767,-0.1908899,0.001325257,-0.004942754,-1.304872,0.1734796,-3.435323,-0.3656054,0.2274166,2.036652,0.1807253,-0.03018156,0.9830706,-0.03411759,0.9987351,0.03693458,-0.9829418,-0.04021501,0.1794669,moving,-18.44914024387277,5.149765350230135,-10.17694105953939,6.371367554193843,-2.0676421,0.14558000000000001,0.0023650000000001725,-0.3153125567125427,0.08518057608577778,0.9451572617338061,-18.017132110119164,5.425981017820937,8.34851166096205,8.361913135761146,7.89698369079906
1413,05/05/2023 15:32:10.246271,1596,True,True,True,True,Eyes,0.8691194,0.02219633,-3.445365,-0.9895036,0.05749319,-0.1325792,0.0,0.0,0.0,0.0,0.0,0.0,0.0,3.23598,0.1266573,1.373075,0.754057,0.02746132,-3.435635,0.02453612,-0.6383671,-0.0002347722,0.7693409,2.146432,280.597,358.1829,0.2603197,0.005712907,-0.9655054,-0.1794365,0.001245741,-0.004646189,-1.313401,0.186758,-3.422123,-0.3647094,0.2300663,2.03716,0.1849748,-0.03168734,0.9822323,-0.03096486,0.9987958,0.03805302,-0.9822553,-0.03745353,0.1837708,moving,-18.431462365381243,5.018316663674688,-10.150040481472526,6.443387580385421,-2.0674580000000002,0.15929668,0.013511999999999968,-0.31507862753541765,0.08301876300827488,0.9454276434719631,-17.99944637605038,5.298247925815491,8.392537798702147,8.403140813822946,7.9324975717804085
1414,05/05/2023 15:32:10.256124,1597,True,True,True,True,Eyes,0.8634495,0.0223482,-3.444733,-0.9900352,0.05854861,-0.1280713,0.0,0.0,0.0,0.0,0.0,0.0,0.0,3.229636,0.1305569,1.376685,0.7452186,0.02678089,-3.43319,0.02467199,-0.6368415,-0.001036549,0.7705992,2.103468,280.823,358.1064,0.2587501,0.005766333,-0.9659269,-0.1686703,0.001170997,-0.004367418,-1.32199,0.1953135,-3.40958,-0.3637432,0.232926,2.037709,0.1888638,-0.03302182,0.9814479,-0.02982677,0.9987805,0.03934467,-0.9815502,-0.0367042,0.1876485,moving,-18.403007605256782,5.014407875830281,-10.1210364244012,6.521049940735742,-2.0672086,0.16853261,0.02361000000000013,-0.31461037051188173,0.08296783241160322,0.9455879379555129,-17.970745398091076,5.2949519280824235,8.407971968203078,8.417898606675243,7.944888124338805
1415,05/05/2023 15:32:10.276188,1598,True,True,True,True,Eyes,0.8576516,0.02245779,-3.44401,-0.9905461,0.0595354,-0.1235874,0.0,0.0,0.0,0.0,0.0,0.0,0.0,3.223547,0.1344229,1.379556,0.7362663,0.02604845,-3.430704,0.02488911,-0.6353809,-0.001659661,0.771796,2.080844,281.0386,358.0394,0.2571912,0.005819052,-0.9663427,-0.1585501,0.001100737,-0.004105372,-1.330922,0.199061,-3.397643,-0.3629095,0.2353932,2.038183,0.1925768,-0.03418997,0.9806862,-0.02906629,0.9987556,0.04052766,-0.9808514,-0.0363096,0.1913434,moving,-18.365995569386268,5.030060587753738,-10.096016796975755,6.587998922272173,-2.0671882999999998,0.17301255,0.03306100000000001,-0.31399221144395756,0.08324409956863885,0.9457691031941515,-17.93338977554062,5.31086571029394,8.405832997834123,8.415445368504423,7.940748355556704
1416,05/05/2023 15:32:10.296213,1599,True,True,True,True,Eyes,0.8517286,0.02252865,-3.443192,-0.9910451,0.06058107,-0.1189939,0.0,0.0,0.0,0.0,0.0,0.0,0.0,3.217111,0.1412841,1.382123,0.7273911,0.02515131,-3.42787,0.02573323,-0.6339262,-0.001956756,0.772963,2.137673,281.2498,357.9555,0.2556391,0.005869965,-0.9667542,-0.1490371,0.001034693,-0.00385905,-1.340029,0.2021888,-3.385971,-0.3620003,0.2380843,2.0387,0.1962675,-0.03565093,0.9799021,-0.02960093,0.9986679,0.04226254,-0.9801036,-0.03730078,0.1949508,moving,-18.324895134282933,5.1234776715602095,-10.06873985793249,6.66096753223187,-2.0674200999999996,0.17703749,0.04189899999999991,-0.3132722715644652,0.08480724515551469,0.945869028751622,-17.891822283029715,5.402607355994199,8.387694069685343,8.398093534777843,7.923641142997704
1417,05/05/2023 15:32:10.306271,1600,True,True,True,True,Eyes,0.8456773,0.02256274,-3.442287,-0.991522,0.06154423,-0.1144398,0.0,0.0,0.0,0.0,0.0,0.0,0.0,3.210738,0.1486808,1.384554,0.7183965,0.02425773,-3.425092,0.02667621,-0.632464,-0.002236167,0.7741272,2.204882,281.4611,357.8662,0.2540906,0.005918172,-0.967162,-0.1400949,0.0009726112,-0.003627507,-1.349245,0.2023751,-3.373997,-0.3611042,0.2407348,2.03921,0.1999687,-0.03720563,0.9790956,-0.03028132,0.9985667,0.04413014,-0.9793343,-0.03847296,0.1985555,moving,-18.287478138351265,5.22060430205442,-10.041862789683426,6.732775306094145,-2.0676415,0.17811737,0.05109499999999967,-0.31261074273379574,0.08643037489911941,0.9459409867304386,-17.85396649926149,5.497896418408018,8.371831262046332,8.383127914069137,7.909101733854246
1418,05/05/2023 15:32:10.328125,1601,True,True,True,True,Eyes,0.8395135,0.0225404,-3.441263,-0.9919603,0.06267162,-0.1099406,0.0,0.0,0.0,0.0,0.0,0.0,0.0,3.204687,0.1546498,1.385906,0.7092598,0.02342017,-3.422144,0.02751264,-0.6311092,-0.002307474,0.7752026,2.277718,281.6568,357.803,0.252542,0.005962935,-0.9675672,-0.1316892,0.0009142545,-0.003409857,-1.358587,0.2023294,-3.361988,-0.3601719,0.243495,2.03974,0.2033918,-0.03830448,0.9783478,-0.03114944,0.9984755,0.04556828,-0.9786018,-0.03974321,0.2018886,moving,-18.23676174009979,5.3422153933417675,-10.013912388866792,6.807498020217597,-2.0678468,0.17890923,0.060155999999999654,-0.31171738088484535,0.08846527538540792,0.9460476064993508,-17.80266664135001,5.61727626084087,8.33980525591873,8.352383170670336,7.879170047794962
1419,05/05/2023 15:32:10.346377,1602,True,True,True,True,Eyes,0.6827257,0.02081435,-3.413446,-0.9962345,0.08669075,0.001190901,0.0,0.0,0.0,0.0,0.0,0.0,0.0,3.198786,0.1576369,1.38641,0.7002693,0.02200689,-3.418823,0.02765201,-0.6298882,-0.002626813,0.776189,2.270491,281.8362,357.7681,0.2509909,0.006003034,-0.9679704,-0.1237878,0.0008593993,-0.003205265,-1.368076,0.2018875,-3.350513,-0.3592687,0.2461672,2.040253,0.2064678,-0.03891316,0.9776794,-0.03075754,0.998457,0.04623557,-0.9779699,-0.03961717,0.2049524,moving,-12.083891129508613,6.884771787903673,-9.986845858725239,6.879779662466062,-2.0683453,0.17988061,0.06831000000000031,-0.20789958035699058,0.11725376638428625,0.9710969066612716,-11.593869957621392,7.230619843674666,2.0829273302671774,2.0970512127822007,1.644875462514861
1420,05/05/2023 15:32:10.356173,1603,True,True,True,True,Eyes,0.6823606,0.0207775,-3.413268,-0.9962336,0.08669928,0.001342869,0.0,0.0,0.0,0.0,0.0,0.0,0.0,3.193966,0.1623806,1.384579,0.6914051,0.02084111,-3.415606,0.02870676,-0.628922,-0.001819641,0.7769362,2.425357,281.9731,357.7666,0.2445126,0.005995757,-0.9696273,-0.5867242,-0.004370303,0.08043737,-1.377173,0.2034868,-3.339455,-0.3583904,0.2487665,2.040753,0.2089075,-0.03893613,0.97716,-0.03328114,0.9983453,0.04689547,-0.977369,-0.04231782,0.207266,moving,-12.222493031502289,7.037056625148449,-9.960528784582653,6.950030086659282,-2.0685781,0.18264569,0.07615099999999986,-0.21018442152971545,0.11977456790257676,0.9702971277132584,-11.733521313753112,7.376475708993545,2.2459957777164563,2.263637752102602,1.823556518812158
1421,05/05/2023 15:32:10.376606,1604,True,True,True,True,Eyes,0.681641,0.02069568,-3.412944,-0.9962233,0.08681482,0.001572037,0.0,0.0,0.0,0.0,0.0,0.0,0.0,3.188716,0.1662093,1.382168,0.6821284,0.01991674,-3.411777,0.02925855,-0.6279834,-0.001787904,0.7776744,2.479487,282.1082,357.7325,0.2391122,0.005990495,-0.9709732,-0.5515208,-0.004108085,0.07561113,-1.386715,0.1994042,-3.330051,-0.3574857,0.251442,2.041267,0.2112673,-0.03952858,0.9766287,-0.03396695,0.9982815,0.04775281,-0.976838,-0.0432617,0.2095616,moving,-12.3525579240845,7.088017533792694,-9.93343462122033,7.02228432935443,-2.0688434,0.17948746000000002,0.08172599999999974,-0.21236569047278392,0.12057937032792013,0.9697224224984138,-11.864674431109776,7.423780183760427,2.4015008384664056,2.420016200075151,1.9725329209944824
1422,05/05/2023 15:32:10.396169,1605,True,True,True,True,Eyes,0.6805886,0.02056438,-3.412423,-0.9961993,0.08708329,0.001913381,0.0,0.0,0.0,0.0,0.0,0.0,0.0,3.184089,0.1641053,1.379123,0.6728925,0.01873221,-3.40796,0.02828046,-0.627198,-0.002759285,0.7783414,2.324696,282.229,357.7188,0.234588,0.005985371,-0.9720762,-0.5184295,-0.0038616,0.07107446,-1.396339,0.1994474,-3.319975,-0.3565522,0.2542051,2.041797,0.2132302,-0.03977022,0.9761922,-0.03117956,0.9983852,0.04748494,-0.9765044,-0.04056246,0.2116458,moving,-12.44623383110174,6.943797878937252,-9.905489271250511,7.096845416355461,-2.0692315,0.18071519,0.0879850000000002,-0.2140152313460454,0.11809458326456551,0.969665589726702,-11.959337589892945,7.281603536116631,2.531130049269376,2.545349969478341,2.06214172131986
1423,05/05/2023 15:32:10.406713,1606,True,True,True,True,Eyes,0.6791892,0.02040532,-3.411743,-0.9961647,0.08746801,0.00229125,0.0,0.0,0.0,0.0,0.0,0.0,0.0,3.179507,0.1625916,1.375004,0.6636026,0.01742294,-3.403771,0.02778613,-0.6265002,-0.002954529,0.7789204,2.268608,282.3345,357.7391,0.2307038,0.005978244,-0.9730054,-0.4873237,-0.003629904,0.06681,-1.405286,0.2065539,-3.310674,-0.3556296,0.2569347,2.042322,0.2149775,-0.03941872,0.9758233,-0.03021334,0.9984384,0.04698839,-0.9761516,-0.03958433,0.2134508,moving,-12.525170844442352,6.912936541794412,-9.87787416610007,7.170435873054994,-2.0688886,0.18913096000000001,0.09309699999999976,-0.21536528361629703,0.11753654268024283,0.9694343545973909,-12.039004547648412,7.250120220878531,2.646917002881074,2.659790519714235,2.162598927526633
1424,05/05/2023 15:32:10.428356,1607,True,True,True,True,Eyes,0.6774708,0.02020052,-3.410845,-0.9961155,0.08801274,0.002774978,0.0,0.0,0.0,0.0,0.0,0.0,0.0,3.17551,0.1567577,1.36907,0.6538706,0.01656715,-3.39926,0.02630805,-0.6260083,-0.003821928,0.7793631,2.075818,282.4146,357.7694,0.2271703,0.005967342,-0.9738365,-0.4580843,-0.00341211,0.0628014,-1.414613,0.2097235,-3.301687,-0.3547336,0.2595869,2.042832,0.216198,-0.03889545,0.9755744,-0.02698078,0.9985865,0.04579216,-0.9759765,-0.03622192,0.214843,moving,-12.563095797873409,6.757716002186556,-9.851063753692571,7.241881025673717,-2.0684836,0.19315635,0.09757300000000013,-0.21607424324134178,0.11489138182930103,0.9695936901787745,-12.077438101500023,7.098229713513464,2.745954443807178,2.7549108113752094,2.231003907674843
1425,05/05/2023 15:32:10.446240,1608,True,True,True,True,Eyes,0.6754315,0.01995473,-3.409791,-0.9960593,0.08862708,0.003309965,0.0,0.0,0.0,0.0,0.0,0.0,0.0,3.171294,0.1509342,1.363077,0.6441607,0.01527017,-3.394509,0.02443552,-0.6255292,-0.005283503,0.7798001,1.805097,282.4941,357.7747,0.2239455,0.005951787,-0.9745833,-0.4305992,-0.003207383,0.05903332,-1.423951,0.2181473,-3.293464,-0.3538499,0.262201,2.043333,0.2173706,-0.03881041,0.9753172,-0.02233011,0.99875,0.04471961,-0.9758336,-0.03149967,0.2162323,moving,-12.59574238960843,6.523260667677557,-9.824639653405086,7.312248731356766,-2.0681117,0.20287713,0.10104500000000005,-0.2167253936260805,0.11090642898712356,0.9699122187399547,-12.110635920834747,6.869247387274533,2.8765983395499015,2.8812345512335384,2.328525096613951
1426,05/05/2023 15:32:10.466224,1609,True,True,True,True,Eyes,0.6730891,0.01965935,-3.408537,-0.9960001,0.08925842,0.004095054,0.0,0.0,0.0,0.0,0.0,0.0,0.0,3.166366,0.1509224,1.358063,0.6344118,0.01402322,-3.389736,0.02377654,-0.6248705,-0.006251181,0.7803413,1.678736,282.5938,357.7369,0.2209906,0.005930906,-0.9752576,-0.4047633,-0.00301494,0.05549132,-1.43293,0.2291421,-3.284948,-0.3529426,0.2648858,2.043849,0.2189954,-0.03947062,0.9749273,-0.01995841,0.9987912,0.04491998,-0.9755219,-0.02929527,0.217943,moving,-12.64796267678663,6.42459672193004,-9.797511346383601,7.384455420331306,-2.0673418,0.21511887999999998,0.1047880000000001,-0.2176503755805445,0.10921304808726451,0.9698973442304637,-12.163427104238496,6.772194509835939,3.0046275137881806,3.007723642207337,2.4438536772455746
1427,05/05/2023 15:32:10.478077,1610,True,True,True,True,Eyes,0.6704469,0.01931033,-3.40712,-0.9959344,0.08994738,0.004909372,0.0,0.0,0.0,0.0,0.0,0.0,0.0,3.161001,0.1477536,1.353364,0.6246018,0.0125535,-3.384534,0.02275279,-0.6241639,-0.006855604,0.7809321,1.545955,282.7022,357.7578,0.2182716,0.005903851,-0.97587,-0.3804775,-0.002834044,0.05216184,-1.44234,0.2352387,-3.275386,-0.3520479,0.2675333,2.044358,0.2207449,-0.03911046,0.9745471,-0.01769542,0.9988706,0.04409481,-0.9751711,-0.02697873,0.2198035,moving,-12.700781707077253,6.335736624816728,-9.770768071207469,7.455599565171747,-2.0669418,0.2226852,0.1091479999999998,-0.21858102290440273,0.10768574492671079,0.9698587933154511,-12.216811277677634,6.684681304767899,3.13476355431049,3.1367296522912937,2.564652477850155
1428,05/05/2023 15:32:10.496081,1611,True,True,True,True,Eyes,0.6675254,0.01891425,-3.405544,-0.9958809,0.09047307,0.005988312,0.0,0.0,0.0,0.0,0.0,0.0,0.0,3.155888,0.1451106,1.347699,0.6147535,0.01089618,-3.379192,0.02179514,-0.6235619,-0.007432062,0.7814349,1.420753,282.7948,357.7759,0.215758,0.00586973,-0.9764289,-0.3576488,-0.002664001,0.04903213,-1.45179,0.2409973,-3.265365,-0.3511525,0.2701831,2.044868,0.222231,-0.03879659,0.9742219,-0.0155659,0.9989395,0.04333167,-0.9748698,-0.02479427,0.2213914,moving,-12.72286802275126,6.244922919862025,-9.744010087603252,7.526744896102066,-2.0665435,0.23010112,0.11382700000000012,-0.21899151545851758,0.10613837619264749,0.9699367837735684,-12.239194256668853,6.595817713694549,3.241956381910514,3.2429403596992317,2.663187837254592
1429,05/05/2023 15:32:10.506721,1612,True,True,True,True,Eyes,0.6643265,0.01849009,-3.403799,-0.9958311,0.09093972,0.007095623,0.0,0.0,0.0,0.0,0.0,0.0,0.0,3.150452,0.1496722,1.34151,0.6052042,0.009371442,-3.373579,0.0224868,-0.6229905,-0.007199539,0.781873,1.500929,282.8754,357.7483,0.2134225,0.005827923,-0.9769423,-0.3361899,-0.002504161,0.0460902,-1.461318,0.2464073,-3.255729,-0.3502249,0.272927,2.045394,0.2236619,-0.03927638,0.9738752,-0.01675988,0.998885,0.04413414,-0.9745228,-0.02619316,0.2227542,moving,-12.748865534626203,6.346124726854819,-9.716310299222295,7.600362531299086,-2.0665221999999996,0.237035858,0.11784999999999979,-0.21939114616968253,0.10784148758499493,0.9696585475333339,-12.265306917889083,6.693936113497696,3.280217698076795,3.281692204621395,2.705363674788101
1430,05/05/2023 15:32:10.531832,1613,True,True,True,True,Eyes,0.6608738,0.01805541,-3.401892,-0.995798,0.09118266,0.008486534,0.0,0.0,0.0,0.0,0.0,0.0,0.0,3.144586,0.1569214,1.335502,0.595341,0.00829093,-3.367804,0.02345829,-0.6223423,-0.007423278,0.7823585,1.57388,282.9655,357.66,0.2112404,0.00577841,-0.9774168,-0.3160185,-0.002353912,0.04332479,-1.471327,0.244788,-3.245881,-0.3493247,0.2755923,2.045906,0.2252699,-0.0408135,0.9734412,-0.01758284,0.9987892,0.04594522,-0.9741378,-0.02746594,0.2242796,moving,-12.773677049144624,6.413461454295587,-9.689430817010631,7.6718070247645525,-2.066668,0.23649707,0.12192300000000023,-0.21978379198831283,0.10897112951901292,0.9694433110082288,-12.290261224507516,6.759086101613755,3.3293145509284083,3.3310671556051816,2.7563342127031065
1431,05/05/2023 15:32:10.546188,1614,True,True,True,True,Eyes,0.6571711,0.01761126,-3.399833,-0.9957538,0.09152166,0.009913635,0.0,0.0,0.0,0.0,0.0,0.0,0.0,3.138242,0.1631133,1.3305,0.5858467,0.007616911,-3.361863,0.02388508,-0.6216293,-0.008457738,0.7829017,1.540536,283.0673,357.5381,0.2091904,0.005721683,-0.9778579,-0.2970574,-0.002212677,0.0407253,-1.481525,0.24415,-3.235252,-0.3484496,0.2781809,2.046405,0.2270111,-0.04293849,0.9729452,-0.01645218,0.998716,0.04791449,-0.9737532,-0.02688419,0.2260131,moving,-12.805031057724287,6.372330459715792,-9.663303663086475,7.741131892742199,-2.0673717,0.236533089,0.12661100000000003,-0.22033147256046814,0.10826146292924663,0.9693985880257219,-12.3219376425991,6.71845435345756,3.4257469115611685,3.426961976047128,2.8485441871904347
1432,05/05/2023 15:32:10.563231,1615,True,True,True,True,Eyes,0.6532382,0.01718003,-3.397612,-0.9956893,0.09203345,0.01152334,0.0,0.0,0.0,0.0,0.0,0.0,0.0,3.131844,0.1716803,1.325832,0.5761333,0.006940753,-3.356155,0.02416572,-0.6208588,-0.01048727,0.7834798,1.42363,283.1777,357.3374,0.207253,0.005658197,-0.9782707,-0.279234,-0.002079916,0.03828178,-1.490871,0.2480696,-3.223891,-0.3475238,0.2809213,2.04693,0.2288489,-0.04644012,0.9723535,-0.01357387,0.9986121,0.05088892,-0.9733672,-0.02484448,0.2279009,moving,-12.8373187420244,6.239999200159139,-9.63568569576391,7.814472733693592,-2.0670043,0.241128847,0.13226400000000016,-0.2209316826770069,0.10600748013161367,0.9695110784121035,-12.35465853352231,6.588962874440261,3.5675601797752967,3.5678314240877054,2.9823963029072926
1433,05/05/2023 15:32:10.579056,1616,True,True,True,True,Eyes,0.649074,0.01684296,-3.395242,-0.9956106,0.09267567,0.01306958,0.0,0.0,0.0,0.0,0.0,0.0,0.0,3.126381,0.1749094,1.319245,0.5666405,0.006829683,-3.350244,0.02384807,-0.6203721,-0.0121489,0.7838508,1.278546,283.2498,357.2116,0.2054113,0.005589015,-0.9786595,-0.2624799,-0.001955121,0.03598487,-1.499948,0.2553217,-3.212167,-0.3466371,0.2835441,2.047433,0.2299818,-0.04863521,0.9719789,-0.0105435,0.9985673,0.05246034,-0.9731379,-0.02231298,0.2291395,moving,-12.824971244488365,6.104951017018264,-9.60924238629409,7.884604924025549,-2.0665885,0.24849201699999998,0.138077,-0.22077614386233518,0.10372575802824346,0.9697932367192651,-12.342354175899736,6.45762745844904,3.6756516924302494,3.675334014501233,3.083206892465138
1434,05/05/2023 15:32:10.596139,1617,True,True,True,True,Eyes,0.6446652,0.01654978,-3.39276,-0.9954762,0.09386825,0.01468909,0.0,0.0,0.0,0.0,0.0,0.0,0.0,3.123007,0.172581,1.3083,0.5569268,0.00872637,-3.344303,0.02290755,-0.6204306,-0.01384593,0.7838044,1.073167,283.2454,357.126,0.2036505,0.005517457,-0.9790279,-0.2467311,-0.001837814,0.03382578,-1.50882,0.2637254,-3.202022,-0.3457438,0.286186,2.047941,0.2297485,-0.05013007,0.971958,-0.00672009,0.998567,0.05309094,-0.9732267,-0.0187292,0.2290823,moving,-12.724791985702097,5.953679919441616,-9.582605441327212,7.95518387089133,-2.0657468000000003,0.25499903,0.1422810000000001,-0.21913737749439238,0.10120328948657195,0.970431134327165,-12.24146272860328,6.312068101746707,3.7259262355399154,3.725500549901905,3.1255961839164015
1435,05/05/2023 15:32:10.610959,1618,True,True,True,True,Eyes,0.6400704,0.01634483,-3.390135,-0.9953359,0.09509822,0.01620626,0.0,0.0,0.0,0.0,0.0,0.0,0.0,3.119732,0.1565984,1.298298,0.5468987,0.009282405,-3.33821,0.0174792,-0.6204582,-0.01903628,0.7838135,0.2164886,283.2649,357.0461,0.2019551,0.005445001,-0.9793794,-0.2319273,-0.001727545,0.03179624,-1.517855,0.2761165,-3.194863,-0.3448324,0.2888836,2.048459,0.2293384,-0.05153201,0.9719816,0.008151559,0.9986642,0.05102329,-0.9733126,-0.003778432,0.2294521,moving,-12.606727688186938,5.154027102963172,-9.55543943088037,8.027192435378888,-2.0647537,0.266834095,0.14334700000000034,-0.21741715260611438,0.08768454243372573,0.972132229128324,-12.123257961924958,5.535207928021131,4.186134195880911,4.191114297722321,3.5782228540557774
1436,05/05/2023 15:32:10.629627,1619,True,True,True,True,Eyes,0.6352475,0.01625426,-3.387382,-0.9951593,0.09664887,0.01780777,0.0,0.0,0.0,0.0,0.0,0.0,0.0,3.11732,0.1511812,1.285388,0.5378448,0.01117466,-3.33217,0.01657097,-0.6208222,-0.01965256,0.7835298,0.08973699,283.2153,357.0553,0.2003147,0.005374328,-0.9797166,-0.2180116,-0.001623892,0.02988846,-1.523896,0.3104682,-3.187469,-0.3439164,0.2915946,2.04898,0.2283873,-0.05137198,0.9722139,0.01022148,0.9986783,0.05036918,-0.9735166,-0.001566207,0.2286105,moving,-12.459904923318355,5.125290523213483,-9.528144021655942,8.099494660551304,-2.0617408,0.29929354,0.14470099999999997,-0.21493364982036928,0.08724609602925246,0.9727239063699878,-11.975174382123583,5.509854721112626,4.169830931843788,4.176255767439755,3.562891045343143
1437,05/05/2023 15:32:10.631421,1620,True,True,True,True,Eyes,0.6302388,0.01619244,-3.38449,-0.9949228,0.09875613,0.0193845,0.0,0.0,0.0,0.0,0.0,0.0,0.0,3.113938,0.1330121,1.275052,0.5276731,0.01367657,-3.325874,0.01189505,-0.6207795,-0.02328051,0.7835492,359.4119,283.2379,357.0621,0.1987177,0.005308589,-0.9800422,-0.2049309,-0.001526459,0.02809515,-1.532696,0.3193887,-3.182328,-0.3430393,0.2941902,2.049478,0.2281818,-0.05125125,0.9722686,0.02171444,0.9986331,0.04754483,-0.9733763,0.01026341,0.2289828,moving,-12.350308652473107,4.575537086700521,-9.502020671440993,8.168663656891173,-2.0603691,0.30571213,0.14354600000000017,-0.21323757780328217,0.07793857360445475,0.973886658790313,-11.865231159698363,4.976282281419866,4.5702365624479295,4.58511755272447,3.971909195621887
1438,05/05/2023 15:32:10.656351,1621,True,True,True,True,Eyes,0.6250727,0.01616876,-3.381482,-0.9947249,0.1003928,0.02106357,0.0,0.0,0.0,0.0,0.0,0.0,0.0,3.109214,0.1107284,1.268655,0.5181955,0.01416102,-3.319673,0.005506512,-0.6202854,-0.02803132,0.7838559,358.502,283.3271,357.0885,0.1971547,0.005248132,-0.9803581,-0.1926351,-0.001434871,0.02640945,-1.539375,0.3488332,-3.174941,-0.3420928,0.2969898,2.050016,0.2289206,-0.05077625,0.97212,0.03711382,0.9983678,0.04340746,-0.9727374,0.02614221,0.2304315,moving,-12.284941494209303,3.7684199793966364,-9.47383739079419,8.243201028950843,-2.0575704999999997,0.33467218,0.14473199999999986,-0.21233430664708924,0.06422523016273607,0.9750842409680502,-11.800196055235258,4.191202998603002,5.25511929036447,5.284502977734682,4.6723262593233805
1439,05/05/2023 15:32:10.676484,1622,True,True,True,True,Eyes,0.6197426,0.01620525,-3.37835,-0.9945118,0.1021006,0.02284341,0.0,0.0,0.0,0.0,0.0,0.0,0.0,3.102886,0.1136058,1.264655,0.509295,0.01507424,-3.313691,0.00676756,-0.6195192,-0.02697564,0.7844887,358.6932,283.4361,357.0926,0.1956187,0.005193573,-0.980666,-0.181077,-0.001348779,0.02482488,-1.543401,0.3840575,-3.165923,-0.341261,0.2994529,2.05049,0.2309367,-0.05070945,0.9716465,0.03393891,0.998453,0.044042,-0.9723768,0.02280571,0.2323004,moving,-12.307708155385612,4.060843322225359,-9.449072430019887,8.308721123981208,-2.052696,0.36898326,0.14776800000000012,-0.21265090463209285,0.06919608510933825,0.9746751093593813,-11.82283434150408,4.47565838483903,5.095755756483779,5.120182030844932,4.508560255182714
1440,05/05/2023 15:32:10.696309,1623,True,True,True,True,Eyes,0.6142973,0.016249,-3.375111,-0.9943266,0.1034386,0.02480128,0.0,0.0,0.0,0.0,0.0,0.0,0.0,3.093989,0.1109106,1.267112,0.5000091,0.01652839,-3.307621,0.005761985,-0.617878,-0.02844054,0.7857385,358.5049,283.6782,357.0289,0.1941023,0.005146077,-0.9809675,-0.1702123,-0.001267852,0.02333539,-1.553404,0.3808098,-3.154624,-0.3403425,0.3021696,2.051013,0.234836,-0.05181406,0.9706531,0.03757326,0.9983159,0.04420039,-0.9713086,0.02609074,0.2363874,moving,-12.431578328821024,3.9336772245729423,-9.421737166033987,8.380925872854945,-2.0534131,0.36428140999999997,0.15299700000000005,-0.21478985409587548,0.06700055361249464,0.9743594199884611,-11.947938521121078,4.3495514560399995,5.344001999407091,5.370024614920617,4.75748599314742
1441,05/05/2023 15:32:10.713490,1624,True,True,True,True,Eyes,0.6087536,0.01628452,-3.37178,-0.9941713,0.1044064,0.02688539,0.0,0.0,0.0,0.0,0.0,0.0,0.0,3.084256,0.1078602,1.273214,0.4917479,0.01676376,-3.302006,0.00493091,-0.6159076,-0.02914241,0.7872639,358.3878,283.967,357.0204,0.1926004,0.005105171,-0.9812637,-0.1599996,-0.001191781,0.02193526,-1.560923,0.3920914,-3.138619,-0.339398,0.3049646,2.051549,0.2396171,-0.0519595,0.9694762,0.03981156,0.9982528,0.04366191,-0.970051,0.0281342,0.2412671,moving,-12.59473586257135,3.866612095928823,-9.393646261358732,8.455153738112946,-2.0526709,0.37532763999999996,0.16338700000000017,-0.2175807643368548,0.06581834321721376,0.9738206462110124,-12.112608486673198,4.281285438451754,5.568475337487699,5.594791241596894,4.981358465880929
1442,05/05/2023 15:32:10.730012,1625,True,True,True,True,Eyes,0.6031076,0.01634349,-3.368399,-0.9940399,0.1050292,0.02921636,0.0,0.0,0.0,0.0,0.0,0.0,0.0,3.074008,0.1124003,1.280217,0.4838251,0.01666803,-3.296476,0.007459668,-0.6138594,-0.02613234,0.7889476,358.8361,284.2583,357.1109,0.1911095,0.005069987,-0.9815553,-0.1503996,-0.001120274,0.02061915,-1.567718,0.3991634,-3.12165,-0.338502,0.3076156,2.052059,0.2449877,-0.05039246,0.9682159,0.03207573,0.9985229,0.04385374,-0.9689955,0.02031259,0.2462422,moving,-12.776187616180348,4.367042767335821,-9.367000345312823,8.52548851420498,-2.0515431,0.38249537,0.17482600000000037,-0.22053243503306813,0.07427077107056325,0.9725478646314893,-12.295095529741596,4.765517682989856,5.360268772348014,5.377288245714503,4.765618748983549
1443,05/05/2023 15:32:10.746133,1626,True,True,True,True,Eyes,0.5973778,0.0164465,-3.364929,-0.993908,0.1055508,0.03171678,0.0,0.0,0.0,0.0,0.0,0.0,0.0,3.063384,0.107909,1.288901,0.4759766,0.01726815,-3.290954,0.007836474,-0.6115903,-0.02438548,0.7907599,359.001,284.5858,357.2396,0.189625,0.005040642,-0.9818434,-0.1413756,-0.001053058,0.019382,-1.577863,0.3852029,-3.104307,-0.3375992,0.3102877,2.052572,0.2507253,-0.04815154,0.9668599,0.02898069,0.9986879,0.04222138,-0.9676244,0.0174343,0.2517918,moving,-12.961545163416606,4.5869776522633,-9.340165357357842,8.596325935413638,-2.0538396,0.36793475000000003,0.18664700000000023,-0.2236146185787245,0.0779472839151797,0.9715558456755568,-12.481838242816611,4.976434094622407,5.389773463890706,5.402709075577804,4.793091430199695
1444,05/05/2023 15:32:10.756263,1627,True,True,True,True,Eyes,0.5915595,0.01660381,-3.36139,-0.9937533,0.106166,0.03439462,0.0,0.0,0.0,0.0,0.0,0.0,0.0,3.051412,0.102602,1.300693,0.4682128,0.01844065,-3.285404,0.007863875,-0.6089107,-0.02319044,0.7928608,359.0963,284.973,357.343,0.1881442,0.005017864,-0.9821283,-0.1328931,-0.0009898745,0.01821908,-1.585989,0.3818531,-3.086316,-0.336686,0.3129895,2.053091,0.25738,-0.04635037,0.9651981,0.02719678,0.9988008,0.04071173,-0.9659276,0.0157719,0.2583319,moving,-13.193155656057757,4.736724760535322,-9.313030274564484,8.667886580286721,-2.0542018,0.36341245,0.19908800000000015,-0.2274954587270031,0.08041204941586641,0.9704532700079713,-12.71532021299686,5.118145073744755,5.513547092938792,5.523532042921398,4.916934165557334
1445,05/05/2023 15:32:10.776403,1628,True,True,True,True,Eyes,0.4440699,0.02116124,-3.270984,-0.9859712,0.1275336,0.1076847,0.0,0.0,0.0,0.0,0.0,0.0,0.0,3.037966,0.09577553,1.315841,0.4603567,0.01987014,-3.279866,0.006640628,-0.6057597,-0.02384005,0.7952627,358.9503,285.4304,357.3651,0.186664,0.005002606,-0.9824108,-0.1249195,-0.000930482,0.01712593,-1.593255,0.38163,-3.066158,-0.335799,0.3156144,2.053595,0.2649735,-0.04596344,0.9631596,0.02987294,0.9987751,0.03944476,-0.9637929,0.01832059,0.266022,moving,-9.454270366442575,5.944382279489521,-9.286683291503937,8.737350676664603,-2.0536117000000003,0.36175986000000004,0.213708,-0.1634007674211752,0.10217111028399808,0.9812549487273917,-8.942146586886736,6.361830850521368,2.76536007793144,2.7979917611217573,2.400374967630696
1446,05/05/2023 15:32:10.796142,1629,True,True,True,True,Eyes,0.443765,0.02117215,-3.270806,-0.9859124,0.1276277,0.1081101,0.0,0.0,0.0,0.0,0.0,0.0,0.0,3.02289,0.08675594,1.3349,0.4524685,0.02059057,-3.274477,0.003973444,-0.6020582,-0.02620144,0.7980124,358.5555,285.9684,357.328,0.1800036,0.005188152,-0.9836521,-0.5598934,0.01279764,0.2873162,-1.598609,0.3907928,-3.043431,-0.3348956,0.318287,2.054109,0.273679,-0.04660263,0.9606915,0.03703366,0.9985954,0.0378913,-0.9611079,0.02520787,0.2750205,moving,-9.94439757108529,5.535882312312095,-9.259855372552328,8.808011942167488,-2.0510775,0.37020223,0.23104600000000008,-0.17191080038735573,0.09503292726270232,0.980517875129832,-9.437050009752937,5.955074810851893,3.3121766793802996,3.3429672951062397,2.8584345741492685
1447,05/05/2023 15:32:10.806837,1630,True,True,True,True,Eyes,0.4431784,0.02121234,-3.27043,-0.9858145,0.1277077,0.1089064,0.0,0.0,0.0,0.0,0.0,0.0,0.0,3.007303,0.08431596,1.355099,0.4450449,0.02080124,-3.269369,0.003197898,-0.59824,-0.02708347,0.8008528,358.4366,286.5172,357.2933,0.1745147,0.005339713,-0.9846399,-0.5262998,0.01202978,0.2700772,-1.601768,0.4085098,-3.018093,-0.3339743,0.3210132,2.054632,0.2827506,-0.04720597,0.9580312,0.03955352,0.9985125,0.03752693,-0.9583777,0.02728274,0.2841972,moving,-10.440333504119158,5.402836257390805,-9.232510723260281,8.88003169242626,-2.0468129,0.38770856,0.2512760000000003,-0.18043269494194636,0.09261222258647553,0.9792175998388097,-9.93750351551278,5.816548336332502,3.6549836335363515,3.6809949692159414,3.1435561248674158
1448,05/05/2023 15:32:10.830326,1631,True,True,True,True,Eyes,0.4423142,0.02126176,-3.269907,-0.9856709,0.1278354,0.1100496,0.0,0.0,0.0,0.0,0.0,0.0,0.0,2.990823,0.08737524,1.375263,0.4370097,0.02175074,-3.263825,0.003708715,-0.5942943,-0.02760837,0.8037652,358.4612,287.08,357.2025,0.1699715,0.005464804,-0.9854335,-0.4947218,0.01130799,0.2538726,-1.605937,0.4158573,-2.992223,-0.3330514,0.3237452,2.055158,0.2921042,-0.04878942,0.9551414,0.03997315,0.9984481,0.03877686,-0.9555509,0.02685312,0.2936011,moving,-10.944429145050034,5.405426145826283,-9.205119079324689,8.952131459139036,-2.0429467,0.39410656,0.2716020000000001,-0.18904277721948515,0.09250401234458297,0.9776020474310737,-10.446036044418145,5.810005162767675,3.9301779992509767,3.9502301305385257,3.3782884093287766
1449,05/05/2023 15:32:10.836713,1632,True,True,True,True,Eyes,0.441176,0.02135553,-3.269192,-0.9855167,0.1277061,0.1115716,0.0,0.0,0.0,0.0,0.0,0.0,0.0,2.974131,0.09119192,1.397137,0.4297696,0.02195519,-3.258923,0.004033537,-0.5902059,-0.02849433,0.8067396,358.4456,287.6615,357.0907,0.16619,0.005568934,-0.9860777,-0.4650385,0.01062951,0.2386402,-1.611262,0.4190721,-2.964867,-0.3321468,0.3264214,2.055672,0.30169,-0.05073624,0.9520552,0.04121378,0.9983436,0.04014307,-0.9525149,0.02712702,0.3032814,moving,-11.443840129507208,5.347360865165605,-9.178286956667291,9.022700585968751,-2.0410316,0.39711691,0.2940559999999999,-0.1975776747507596,0.09135653200661678,0.9760211485323802,-10.94991087638119,5.744458875944311,4.301490642183411,4.317505442067024,3.7263279541992023
1450,05/05/2023 15:32:10.856178,1633,True,True,True,True,Eyes,0.4397953,0.02149057,-3.26833,-0.9853104,0.127689,0.1133981,0.0,0.0,0.0,0.0,0.0,0.0,0.0,2.956897,0.1051471,1.419327,0.422696,0.02297367,-3.254164,0.007361789,-0.5860604,-0.027363,0.8097718,358.8454,288.2414,356.9645,0.1629519,0.005659681,-0.9866176,-0.4371362,0.009991742,0.2243218,-1.615146,0.4230493,-2.937488,-0.3312572,0.3290544,2.056178,0.311569,-0.05294448,0.9487474,0.03568666,0.9983941,0.04399548,-0.9495531,0.02015,0.3129581,moving,-11.955361064176802,5.707323049740231,-9.151906598245148,9.092067934648687,-2.037842,0.40007563,0.31667599999999974,-0.20616645944176065,0.09731051329325768,0.9736663952076305,-11.465532156975579,6.08591716762371,4.387403788435807,4.3949806459717315,3.793389732165094
1451,05/05/2023 15:32:10.876304,1634,True,True,True,True,Eyes,0.4382128,0.02163099,-3.267325,-0.9850775,0.1275405,0.1155676,0.0,0.0,0.0,0.0,0.0,0.0,0.0,2.939058,0.1139451,1.442851,0.4155749,0.02409623,-3.24955,0.009226897,-0.5816774,-0.02731094,0.8129087,359.039,288.8552,356.8388,0.159999,0.005745598,-0.9871002,-0.410908,0.009392237,0.2108625,-1.621339,0.4132914,-2.909252,-0.3302879,0.3319207,2.056728,0.3218112,-0.05513676,0.9451972,0.03366845,0.9983379,0.04677356,-0.9462051,0.01677106,0.3231327,moving,-12.4671410478884,5.851345373045783,-9.123178939657647,9.167515984157035,-2.0369139,0.38919517,0.3402980000000002,-0.2148069317306982,0.09956800595203585,0.9715679721910546,-11.981657637783275,6.217012509377078,4.705763847492932,4.709466010417852,4.1080860777649955
1452,05/05/2023 15:32:10.886645,1635,True,True,True,True,Eyes,0.4365674,0.02177086,-3.265876,-0.9847254,0.1292777,0.1166329,0.0,0.0,0.0,0.0,0.0,0.0,0.0,2.9217,0.1186249,1.465956,0.4091316,0.02439681,-3.24522,0.0106312,-0.5774137,-0.02651207,0.8159519,359.2398,289.4504,356.8157,0.157297,0.005827385,-0.9875339,-0.3862535,0.008828703,0.1982108,-1.625718,0.4104729,-2.880613,-0.3294962,0.3342638,2.057178,0.3317812,-0.05554235,0.9417198,0.03098795,0.9983682,0.04796596,-0.9428472,0.01326776,0.3329609,moving,-13.01953112224942,6.13453837108131,-9.099719507152567,9.229136634915633,-2.0348496,0.38607609,0.36460700000000035,-0.22405809671996707,0.10414653223139633,0.9689951184620387,-12.538594354304399,6.482950900935856,4.993625234543973,4.994142720465106,4.400840408363791
1453,05/05/2023 15:32:10.906673,1636,True,True,True,True,Eyes,0.4347277,0.02193113,-3.264305,-0.9843546,0.1308066,0.1180499,0.0,0.0,0.0,0.0,0.0,0.0,0.0,2.904458,0.1267536,1.488051,0.4026208,0.02486295,-3.240913,0.01349058,-0.5732207,-0.02412931,0.8189347,359.681,290.0279,356.8478,0.1548212,0.005905535,-0.9879246,-0.3630783,0.008298981,0.1863181,-1.629538,0.4063453,-2.853365,-0.3285894,0.3369467,2.057694,0.3416717,-0.0549868,0.9382095,0.02405449,0.9984716,0.04975864,-0.9395115,0.005567027,0.3424722,moving,-13.547914542262527,6.6606328694257755,-9.07285578874913,9.299630795220127,-2.0321588,0.38148235,0.3875479999999998,-0.23276328555803155,0.11280252095044455,0.9659694447539141,-13.071039785275056,6.9859440811593565,5.194770867438589,5.195234441268629,4.619374576812033
1454,05/05/2023 15:32:10.930808,1637,True,True,True,True,Eyes,0.4326276,0.02212086,-3.262814,-0.9839443,0.1323456,0.1197422,0.0,0.0,0.0,0.0,0.0,0.0,0.0,2.88736,0.1261717,1.509738,0.3960213,0.02553135,-3.236447,0.01435474,-0.5690445,-0.02269849,0.8218681,359.8718,290.6076,356.9247,0.1525434,0.005981081,-0.9882784,-0.3412936,0.007801042,0.175139,-1.63488,0.3934639,-2.826563,-0.3276777,0.339644,2.058211,0.3513464,-0.0536473,0.9347073,0.02097335,0.9985574,0.04942831,-0.9360107,0.002237485,0.3519647,moving,-14.03766712304811,6.9497964682113285,-9.045864164747382,9.370447001522393,-2.0309013,0.36793254999999997,0.4098839999999999,-0.24088129872395336,0.1174367231997282,0.9634234550662869,-13.564780615977735,7.258825276799793,5.544353145705297,5.5477604291208396,4.987940677425984
1455,05/05/2023 15:32:10.946326,1638,True,True,True,True,Eyes,0.4303488,0.0223328,-3.261191,-0.9835066,0.1337232,0.1217901,0.0,0.0,0.0,0.0,0.0,0.0,0.0,2.869758,0.1247201,1.532129,0.3896042,0.0259712,-3.23203,0.01485129,-0.5647563,-0.02158843,0.8248416,0.006618774,291.2021,356.997,0.150436,0.00605517,-0.9886009,-0.320816,0.007332979,0.1646307,-1.638597,0.3894542,-2.800383,-0.3267873,0.342279,2.058718,0.3611684,-0.05238878,0.9310279,0.01883935,0.9986268,0.04888431,-0.9323103,-0.0001155162,0.3616594,moving,-14.517040809933324,7.174559892309031,-9.019503367090977,9.439556607486162,-2.0282012000000003,0.363483,0.4316469999999999,-0.24882723370955262,0.12096456616144895,0.9609643783292043,-14.048123572601549,7.469157564141821,5.938290939336153,5.9458496495637,5.400878961917355
1456,05/05/2023 15:32:10.956632,1639,True,True,True,True,Eyes,0.4278588,0.02256726,-3.259536,-0.983006,0.1353199,0.1240476,0.0,0.0,0.0,0.0,0.0,0.0,0.0,2.851054,0.1249999,1.555213,0.3829806,0.02673637,-3.227295,0.01558367,-0.5602715,-0.02070196,0.8279036,0.1493196,291.821,357.0341,0.1484777,0.006128656,-0.9888965,-0.301567,0.006893001,0.1547528,-1.641441,0.387341,-2.773809,-0.325865,0.3450097,2.059243,0.3713344,-0.05174064,0.9270565,0.01681629,0.9986571,0.049001,-0.9283469,-0.002606115,0.3717059,moving,-15.013582044408842,7.413003734431375,-8.992208485880461,9.511112943882209,-2.0244216,0.36060463,0.45348599999999983,-0.2570264721954472,0.1246861348729566,0.9583271042806711,-14.548769892762719,7.692507903854757,6.36309530274488,6.376441153663001,5.8465972120598995
1457,05/05/2023 15:32:10.976402,1640,True,True,True,True,Eyes,0.4252101,0.02279946,-3.257762,-0.9824432,0.1369446,0.1266954,0.0,0.0,0.0,0.0,0.0,0.0,0.0,2.831465,0.1206565,1.579993,0.3763844,0.0272474,-3.222689,0.01469847,-0.5555271,-0.02131504,0.8310953,0.04294322,292.4792,357.033,0.1466467,0.006202321,-0.9891692,-0.283473,0.006479421,0.1454677,-1.644016,0.38553,-2.745834,-0.3249161,0.3478174,2.059783,0.3818707,-0.05176045,0.9227653,0.01909886,0.9986593,0.04811382,-0.9240184,-0.0007495024,0.3823473,moving,-15.510287759205609,7.394875566008651,-8.96413722979742,9.58461690060834,-2.0204003999999998,0.3582826,0.47685500000000003,-0.2653444821155684,0.12409324567476654,0.9561345936976041,-15.049870710869738,7.665915096839367,6.887218770485409,6.902684540533889,6.38103193961846
1458,05/05/2023 15:32:10.996142,1641,True,True,True,True,Eyes,0.4223754,0.02302669,-3.25592,-0.9817995,0.1388188,0.129611,0.0,0.0,0.0,0.0,0.0,0.0,0.0,2.810324,0.1192392,1.606905,0.3698896,0.02740667,-3.218184,0.01401468,-0.5504233,-0.02243412,0.8344666,359.9251,293.1834,356.9694,0.144926,0.006276128,-0.9894224,-0.2664646,0.006090655,0.1367396,-1.6444,0.3923679,-2.71712,-0.3240563,0.3503611,2.060271,0.3930618,-0.05286906,0.9179909,0.02201304,0.9986007,0.04808608,-0.9192485,0.00130697,0.3936755,moving,-16.04381560739913,7.363222155934165,-8.938716303986185,9.65115439847247,-2.0142896,0.36496122999999997,0.501064,-0.27426539293288893,0.12324463648467604,0.9537238502689436,-15.588133183709548,7.625484402838869,7.446780242046598,7.464386783775708,6.951121044231658
1459,05/05/2023 15:32:11.006446,1642,True,True,True,True,Eyes,0.4193848,0.02322917,-3.253961,-0.9810861,0.1407183,0.1329221,0.0,0.0,0.0,0.0,0.0,0.0,0.0,2.787975,0.1180552,1.634819,0.3631409,0.02734714,-3.213527,0.01351011,-0.5450594,-0.02323482,0.8379666,359.8461,293.9198,356.9236,0.1432997,0.006349917,-0.9896587,-0.2504767,0.005725216,0.1285352,-1.643732,0.3997838,-2.686554,-0.3231327,0.3530942,2.060795,0.4047407,-0.05366762,0.9128553,0.02421238,0.9985552,0.04797075,-0.914111,0.002686678,0.4054554,moving,-16.587039495705195,7.376980966157572,-8.911419422773143,9.722583351246424,-2.0068729,0.37243666000000003,0.5269729999999999,-0.2832990363963461,0.12313694137327419,0.9510934811482238,-16.13612601856701,7.629117740661728,8.005380528897785,8.026019813888572,7.5219002690814865
1460,05/05/2023 15:32:11.026638,1643,True,True,True,True,Eyes,0.4162591,0.02340186,-3.251869,-0.9803231,0.1426905,0.1364038,0.0,0.0,0.0,0.0,0.0,0.0,0.0,2.764802,0.1153743,1.663494,0.3563848,0.02693375,-3.208881,0.01258323,-0.5395158,-0.02426762,0.8415318,359.7131,294.679,356.8803,0.1417536,0.006422997,-0.9898808,-0.2354481,0.005381703,0.1208231,-1.642929,0.4054051,-2.654852,-0.3222384,0.3557401,2.061304,0.4166677,-0.05442164,0.9074284,0.02726623,0.9985055,0.0473639,-0.9086499,0.005007147,0.4175288,moving,-17.137539085573298,7.342225053509935,-8.884990955003738,9.791661717315137,-1.9993138000000001,0.37847135000000004,0.5540289999999999,-0.29245779819006806,0.12220814099113547,0.948437431985689,-16.691513200386016,7.585359501560727,8.585607235456267,8.608384901789666,8.112309106221925
1461,05/05/2023 15:32:11.046058,1644,True,True,True,True,Eyes,0.412988,0.02355573,-3.249653,-0.9795001,0.1445294,0.1403239,0.0,0.0,0.0,0.0,0.0,0.0,0.0,2.740345,0.1201153,1.692818,0.3497685,0.02641769,-3.204141,0.01334082,-0.5337869,-0.02447705,0.8451595,359.7948,295.4542,356.8118,0.1402767,0.006494545,-0.9900907,-0.2213213,0.005058801,0.1135737,-1.641203,0.4126401,-2.622618,-0.3213295,0.3584309,2.061821,0.4289449,-0.05561633,0.9016169,0.0271317,0.9984458,0.0486813,-0.9029231,0.003580804,0.4297872,moving,-17.70037113213591,7.506981315052483,-8.858141802973538,9.861850880184427,-1.9909715,0.38622241,0.5815229999999998,-0.3016713806553478,0.12456040850106656,0.9452402197341814,-17.259117063252994,7.735734687668821,9.121025762590929,9.15043333281457,8.665838412289057
1462,05/05/2023 15:32:11.056309,1645,True,True,True,True,Eyes,0.4095587,0.02368152,-3.247376,-0.9786123,0.1463268,0.1445905,0.0,0.0,0.0,0.0,0.0,0.0,0.0,2.713562,0.1259917,1.724267,0.3429756,0.02613437,-3.199074,0.01434381,-0.5275928,-0.02469357,0.8490174,359.9026,296.2878,356.7286,0.1388575,0.006564206,-0.9902903,-0.208042,0.004755273,0.1067593,-1.640009,0.412238,-2.589066,-0.3204008,0.3611773,2.062349,0.4420722,-0.05706592,0.8951625,0.02679516,0.998369,0.05041258,-0.8965792,0.001700012,0.4428803,moving,-18.3055931518886,7.6900798829695445,-8.83071871667287,9.933421782317946,-1.9829846,0.38610363,0.6100080000000001,-0.31153564963818137,0.1271552489566617,0.9416884094365109,-17.869463617424277,7.9032156916686045,9.699380651073788,9.736828459024874,9.263943337012012
1463,05/05/2023 15:32:11.076093,1646,True,True,True,True,Eyes,0.4060001,0.02377602,-3.244998,-0.977667,0.1478743,0.149334,0.0,0.0,0.0,0.0,0.0,0.0,0.0,2.684916,0.1346917,1.758033,0.3363163,0.02549048,-3.194344,0.01575905,-0.5209687,-0.02495151,0.8530656,0.05094127,297.1735,356.6181,0.1374857,0.006631334,-0.9904813,-0.1955595,0.004469956,0.1003537,-1.638035,0.4109918,-2.553195,-0.3195451,0.3637087,2.062835,0.4559381,-0.0589905,0.8880543,0.0261506,0.9982582,0.05288492,-0.8896272,-0.0008890916,0.4566866,moving,-18.942228465411567,7.888819676022103,-8.805462114233114,9.999332825046446,-1.9743513,0.38550132000000004,0.641149,-0.32186220013573064,0.12994766088716025,0.9378265002649648,-18.511482544776133,8.085368664014531,10.307157469343196,10.354143992169917,9.892931385986314
1464,05/05/2023 15:32:11.096183,1647,True,True,True,True,Eyes,0.402335,0.02382876,-3.242498,-0.9765804,0.1491434,0.1550707,0.0,0.0,0.0,0.0,0.0,0.0,0.0,2.654717,0.1496743,1.79267,0.3296343,0.02487455,-3.18972,0.01848537,-0.514063,-0.02473945,0.8571963,0.3584391,298.0865,356.4787,0.1361528,0.006695258,-0.990665,-0.1838259,0.004201759,0.09433252,-1.634995,0.4081311,-2.515665,-0.3186644,0.366315,2.063335,0.4702544,-0.06141841,0.8803912,0.02340784,0.9980925,0.05712645,-0.8822204,-0.006255902,0.470795,moving,-19.568779104603355,8.219200725372806,-8.779477276638719,10.067135537301617,-1.9646293,0.38325655000000003,0.6740550000000001,-0.33187850007003283,0.13485791024863114,0.9336326679486142,-19.14317991928976,8.395941627857823,10.884630543810388,10.946410233682062,10.497581700003778
1465,05/05/2023 15:32:11.111724,1648,True,True,True,True,Eyes,0.3985508,0.02384634,-3.239904,-0.9754122,0.1502048,0.161275,0.0,0.0,0.0,0.0,0.0,0.0,0.0,2.622994,0.1630106,1.828443,0.3230006,0.02404152,-3.185116,0.02086622,-0.5068595,-0.02457289,0.8614258,0.6325231,299.0351,356.3597,0.1348524,0.006755044,-0.9908425,-0.1727963,0.003949653,0.08867257,-1.631927,0.3997605,-2.476748,-0.3177625,0.3689846,2.063848,0.4849792,-0.06348792,0.8722182,0.02118297,0.9979215,0.0608594,-0.8742692,-0.01103938,0.4853161,moving,-20.198767537437057,8.508939153464226,-8.75287219119932,10.136517313691051,-1.9549276,0.37571898000000004,0.7083679999999997,-0.3419239858698672,0.13904559249362458,0.9293838704065396,-19.77839107680731,8.666860664343606,11.484194542505339,11.56103502912581,11.123037236468717
1466,05/05/2023 15:32:11.131226,1649,True,True,True,True,Eyes,0.3946437,0.02383151,-3.237218,-0.9740627,0.1510994,0.1684362,0.0,0.0,0.0,0.0,0.0,0.0,0.0,2.589062,0.1763185,1.865821,0.316312,0.02325351,-3.180412,0.02322816,-0.4992332,-0.0244536,0.8658111,0.9056723,300.0341,356.2419,0.1335774,0.00681007,-0.9910148,-0.1624286,0.003712674,0.08335222,-1.627604,0.3922805,-2.436987,-0.3168499,0.3716847,2.064367,0.5003364,-0.06553694,0.8633474,0.01915185,0.997725,0.0646385,-0.8656193,-0.01580631,0.5004532,moving,-20.8238335449018,8.786634976358613,-8.725961415093783,10.206625499795843,-1.943916,0.36902699,0.7434250000000002,-0.3518428569919606,0.14298799317253744,0.9250734908504917,-20.40864999933668,8.92613689990116,12.088138617061217,12.180922918885788,11.752653471061741
1467,05/05/2023 15:32:11.136387,1650,True,True,True,True,Eyes,0.3906211,0.02379739,-3.234437,-0.9725953,0.1518975,0.176027,0.0,0.0,0.0,0.0,0.0,0.0,0.0,2.553471,0.1870999,1.904341,0.309552,0.02240574,-3.175753,0.02508004,-0.4912741,-0.02447674,0.8702998,1.12334,301.0737,356.1434,0.1323219,0.00685984,-0.9911828,-0.1526828,0.003489913,0.07835108,-1.621997,0.3848743,-2.395587,-0.3159301,0.3744057,2.06489,0.5161012,-0.06724656,0.8538839,0.01796186,0.9975438,0.06770388,-0.8563393,-0.01960472,0.5160415,moving,-21.455826426920495,9.008684890330734,-8.69884848265488,10.277209572748445,-1.931549,0.36246856,0.7801659999999999,-0.36186574595826193,0.1459724993665558,0.9207307880961142,-21.045959390053042,9.131080971578909,12.712410565600004,12.819892399719365,12.400191874725548
1468,05/05/2023 15:32:11.156197,1651,True,True,True,True,Eyes,0.3864772,0.0237506,-3.231561,-0.9709128,0.1527809,0.1843541,0.0,0.0,0.0,0.0,0.0,0.0,0.0,2.515729,0.1926103,1.944368,0.3025184,0.02202392,-3.170892,0.02599265,-0.4828793,-0.02477628,0.8749503,1.235201,302.1696,356.0736,0.1310801,0.00690433,-0.9913475,-0.1435219,0.003280518,0.07365002,-1.614945,0.3793181,-2.353355,-0.3150044,0.3771477,2.065417,0.5324274,-0.06845866,0.8437029,0.0182534,0.9974211,0.06941246,-0.8462788,-0.02155666,0.5323039,moving,-22.084265226131187,9.140288959885535,-8.671568870047542,10.348270552266362,-1.9174634000000002,0.35729418,0.8175369999999997,-0.37185967747661947,0.14746089305995,0.916501919299903,-21.679785120826885,9.2479809448154,13.3484694806114,13.466983443519576,13.05466687615216
1469,05/05/2023 15:32:11.176265,1652,True,True,True,True,Eyes,0.3822155,0.02367561,-3.228607,-0.969071,0.1536843,0.1930869,0.0,0.0,0.0,0.0,0.0,0.0,0.0,2.476742,0.1914266,1.985048,0.2953272,0.02167986,-3.16601,0.02563116,-0.4742312,-0.02541183,0.8796602,1.202798,303.2996,356.0416,0.1298474,0.006943687,-0.9915094,-0.1349106,0.003083687,0.06923102,-1.606131,0.3780039,-2.309752,-0.3140412,0.3799964,2.065964,0.548918,-0.06901774,0.8330219,0.02039737,0.9973946,0.06919558,-0.8356273,-0.02099124,0.5488956,moving,-22.698814506037838,9.143631053823148,-8.64320029224755,10.422026797894912,-1.9014582,0.35632404,0.856258,-0.3817018562574938,0.14687815776930827,0.9125406937550664,-22.299743258407332,9.240184034186395,13.990459199890882,14.113631233859143,13.707586151642396
1470,05/05/2023 15:32:11.196191,1653,True,True,True,True,Eyes,0.3778304,0.02357837,-3.22559,-0.9670553,0.1545715,0.2022663,0.0,0.0,0.0,0.0,0.0,0.0,0.0,2.437193,0.186928,2.025539,0.2881658,0.02091895,-3.161358,0.0247755,-0.4654817,-0.02573196,0.8843365,1.138212,304.4396,356.067,0.12862,0.006977555,-0.9916691,-0.1268159,0.002898666,0.06507716,-1.595572,0.3813137,-2.26623,-0.3132327,0.3823883,2.066423,0.5653293,-0.0685765,0.8220098,0.02244633,0.9974481,0.06777526,-0.8245599,-0.01986425,0.5654259,moving,-23.283812700388623,9.138732936976272,-8.619396904134357,10.483900275224405,-1.8837378,0.36039475,0.8951279999999997,-0.3910399056780833,0.14617884999098268,0.9086910883070327,-22.88989930835004,9.224891377961244,14.598745282850473,14.725982677340117,14.325932509687226
1471,05/05/2023 15:32:11.206734,1654,True,True,True,True,Eyes,0.3733248,0.02346975,-3.222495,-0.964879,0.1554101,0.2117926,0.0,0.0,0.0,0.0,0.0,0.0,0.0,2.397399,0.1853858,2.06444,0.2810126,0.02025654,-3.156648,0.02480011,-0.4567875,-0.02518749,0.8888733,1.207749,305.5624,356.1325,0.1273928,0.007005838,-0.9918274,-0.119207,0.002724746,0.06117253,-1.58407,0.385417,-2.223271,-0.3123084,0.3851221,2.066949,0.5814216,-0.06743373,0.8108031,0.02212021,0.9975011,0.06709895,-0.8133017,-0.02107764,0.5814603,moving,-23.841250264309686,9.284809165115922,-8.59218832854584,10.554547145414633,-1.8650826,0.36516046,0.9333770000000001,-0.39975922769836825,0.14788947990457738,0.9046110494800118,-23.452082186510353,9.357166387762827,15.163039984268005,15.301834022736454,14.9080570883253
1472,05/05/2023 15:32:11.231062,1655,True,True,True,True,Eyes,0.3686572,0.02336262,-3.219371,-0.9625468,0.156354,0.2214881,0.0,0.0,0.0,0.0,0.0,0.0,0.0,2.357629,0.1826421,2.101799,0.2735519,0.01988154,-3.151842,0.02456996,-0.4481493,-0.02486834,0.893275,1.238029,306.6737,356.189,0.126162,0.007028758,-0.9919845,-0.1120546,0.002561261,0.05750217,-1.572942,0.3844405,-2.180998,-0.3114277,0.387729,2.06745,0.5970876,-0.06645055,0.799419,0.0224065,0.9975558,0.06618492,-0.8018631,-0.02160601,0.5971171,moving,-24.37224504425113,9.397067503992533,-8.566273222036914,10.62185391535173,-1.8464939,0.36455896000000004,0.9708439999999996,-0.408052770042434,0.14906369092039087,0.9007068595596106,-23.987627422299987,9.45697319765336,15.704693744012443,15.853354439931,15.465287338308235
1473,05/05/2023 15:32:11.246277,1656,True,True,True,True,Eyes,0.3638726,0.02325098,-3.216168,-0.9600436,0.1573098,0.2314519,0.0,0.0,0.0,0.0,0.0,0.0,0.0,2.3182,0.17868,2.137506,0.2658804,0.01964803,-3.147035,0.02401195,-0.4396241,-0.0249037,0.8975155,1.215085,307.7666,356.2255,0.1249237,0.007046882,-0.9921411,-0.1053313,0.002407586,0.05405204,-1.56133,0.3853377,-2.139401,-0.310505,0.390458,2.067973,0.6122209,-0.06581537,0.7879429,0.02359046,0.9976065,0.06499872,-0.7903349,-0.02120564,0.6123081,moving,-24.863363650288182,9.450278618110744,-8.539139623804486,10.69225387426244,-1.8272104000000002,0.36568967,1.007634,-0.4157413916827679,0.14932949368523957,0.8971398255835015,-24.483011687458315,9.499976193377007,16.216424295551093,16.371401668877372,15.98838898859102
1474,05/05/2023 15:32:11.256360,1657,True,True,True,True,Eyes,0.3589444,0.02314674,-3.212907,-0.9574215,0.1584477,0.2413261,0.0,0.0,0.0,0.0,0.0,0.0,0.0,2.281024,0.1720599,2.170458,0.2580687,0.01910997,-3.142705,0.02301966,-0.4315143,-0.02472983,0.9014733,1.155199,308.804,356.3038,0.1236744,0.00706058,-0.9922975,-0.0990114,0.00226313,0.05080892,-1.549177,0.3884814,-2.098819,-0.3095563,0.3932652,2.068513,0.6263677,-0.06445318,0.7768587,0.02471993,0.9977171,0.06284576,-0.7791357,-0.02016066,0.626531,moving,-25.292602100747057,9.499154882800793,-8.511242561501343,10.764589737829414,-1.8072457,0.36937143,1.0438859999999996,-0.42243416377146153,0.14958489923225604,0.8939651134351565,-24.91597566565501,9.539869295555691,16.66850014880231,16.829003338218055,16.450386268420523
1475,05/05/2023 15:32:11.276078,1658,True,True,True,True,Eyes,0.3538824,0.02302203,-3.209593,-0.9546248,0.1596891,0.2513778,0.0,0.0,0.0,0.0,0.0,0.0,0.0,2.245079,0.162283,2.200425,0.2500127,0.01909084,-3.137788,0.02128366,-0.4237583,-0.02534128,0.9051707,0.9771431,309.7952,356.3349,0.1224108,0.007070527,-0.9924541,-0.09307072,0.002127343,0.04776039,-1.537543,0.3921368,-2.06138,-0.308719,0.3957445,2.068989,0.6395735,-0.06391461,0.7660684,0.0278381,0.9978096,0.06000784,-0.7682259,-0.01705354,0.6399518,moving,-25.65458883073474,9.416255161378144,-8.486632390590923,10.828420768170226,-1.7875557,0.37304596,1.0764079999999998,-0.4281866719140101,0.14784901544363774,0.891513745488111,-25.28124381642236,9.452602047659163,17.067967237854635,17.225938001504648,16.8508709002347
1476,05/05/2023 15:32:11.296226,1659,True,True,True,True,Eyes,0.3486761,0.02287722,-3.206221,-0.9517388,0.1610483,0.2612599,0.0,0.0,0.0,0.0,0.0,0.0,0.0,2.210419,0.1527343,2.227961,0.2418678,0.01875574,-3.132769,0.01939989,-0.4163153,-0.02632584,0.9086322,0.7640635,310.7431,356.3306,0.1211299,0.007076477,-0.9926112,0.0,0.0,0.0,-1.525865,0.3984706,-2.026462,-0.3087003,0.3958,2.069,0.6519771,-0.06399394,0.7555333,0.03168805,0.9978611,0.05717442,-0.7575762,-0.01333503,0.6526105,moving,-25.981976966356605,9.290141564942962,-8.486081355767933,10.829847240554564,-1.7677328,0.37971486,1.1063070000000002,-0.4334275093831313,0.14548247311824936,0.8893680215926776,-25.611657250235087,9.323860161247497,17.409947600553092,17.56351493249932,17.191665038622475
1567,05/05/2023 15:32:12.806320,1750,True,True,True,True,Eyes,-0.1076286,0.008941253,-2.379009,-0.02628787,0.1854307,0.9823057,0.0,0.0,0.0,0.0,0.0,0.0,0.0,-0.2030195,0.01690784,2.393076,-0.1091114,0.008831423,-2.399236,0.005767112,0.06494365,-0.02086001,0.9976543,0.8145797,7.432326,357.6573,-0.02426753,0.005936659,-0.9996876,0.0,0.0,0.0,-0.1542601,0.3943723,-0.3170568,-0.3087002,0.3958001,2.069,0.9906944,-0.04087308,-0.1298232,0.04237123,0.9990632,0.008797717,0.129342,-0.01421662,0.9914981,moving,-9.452460768641334,11.264481735918569,-8.486078646823053,10.829849912039418,-0.045148700000000014,0.385540877,2.0821792,-0.16114844104833595,0.19278518624712862,0.9679179390710083,-8.93433748486536,11.544449986358085,1.0302770884093595,1.059622209892998,0.8435574978027782
1568,05/05/2023 15:32:12.826129,1751,True,True,True,True,Eyes,-0.1076463,0.0089162,-2.378546,-0.02612174,0.1853379,0.9823276,0.0,0.0,0.0,0.0,0.0,0.0,0.0,-0.2286733,0.01913879,2.379182,-0.1101839,0.008060285,-2.387668,0.006194815,0.07084435,-0.02029852,0.9972616,0.8727501,8.109511,357.7298,-0.02713742,0.00560536,-0.9996158,-0.08969765,-0.02014169,0.6860862,-0.1275567,0.3853433,-0.3049482,-0.3055501,0.3938026,2.068744,0.9891381,-0.03960814,-0.1415522,0.04136361,0.9990991,0.009479631,0.1410492,-0.01523177,0.9898854,moving,-10.110309822266183,11.322805582897733,-8.401749993285664,10.777779826661646,-0.017372799999999994,0.377283015,2.0827198,-0.17222951653489432,0.1934025594850127,0.9658842786884978,-9.597914918574746,11.589434928514388,1.7468361632464955,1.7933850016565485,1.4455429889337155
1569,05/05/2023 15:32:12.846147,1752,True,True,True,True,Eyes,-0.1077125,0.008859189,-2.377619,-0.0255412,0.1853276,0.9823448,0.0,0.0,0.0,0.0,0.0,0.0,0.0,-0.2530124,0.01631976,2.36499,-0.1114256,0.007470881,-2.375918,0.005602662,0.07659081,-0.02010177,0.9968443,0.8164458,8.771163,357.7521,-0.02949293,0.005339498,-0.9995505,-0.08431579,-0.01893319,0.644921,-0.1012484,0.3799227,-0.2936039,-0.3023097,0.391748,2.06848,0.9874595,-0.03921843,-0.1529234,0.04093488,0.9991291,0.008090742,0.152473,-0.01424918,0.9882049,moving,-10.72988342996614,11.265587310529268,-8.314946555115348,10.724192478772443,0.010177199999999997,0.372451819,2.0823141,-0.1827127102817515,0.19206856086833804,0.9642228537706946,-10.22300974831891,11.522552641681388,2.415901041589527,2.4748794866350785,2.068352991870143
1570,05/05/2023 15:32:12.856343,1753,True,True,True,True,Eyes,-0.1078221,0.008762989,-2.376263,-0.02486579,0.1852681,0.9823734,0.0,0.0,0.0,0.0,0.0,0.0,0.0,-0.2748154,0.01141925,2.350505,-0.1127482,0.006630803,-2.363846,0.004512319,0.08189476,-0.0202826,0.9964244,0.7055837,9.382996,357.7257,-0.03143699,0.005124214,-0.9994924,-0.07925685,-0.01779719,0.6062257,-0.07547666,0.3791056,-0.2832013,-0.2991023,0.3897142,2.068219,0.9857637,-0.03968108,-0.1633869,0.04115922,0.9991366,0.005670292,0.1630208,-0.01231445,0.9865458,moving,-11.298839387823131,11.143371494740935,-8.228966184812819,10.67111379476782,0.037271540000000006,0.37247479699999997,2.0806447,-0.19237038082761948,0.18965501008573804,0.9628212124517767,-10.797114218782005,11.393263209236673,3.038477702665872,3.10598596547774,2.667748882709447
1571,05/05/2023 15:32:12.876230,1754,True,True,True,True,Eyes,-0.1079703,0.00866652,-2.374493,-0.02386181,0.1850334,0.9824425,0.0,0.0,0.0,0.0,0.0,0.0,0.0,-0.2935577,0.006399556,2.336514,-0.1141308,0.005591186,-2.352117,0.003326227,0.0866038,-0.02035548,0.9960294,0.5816631,9.927,357.709,-0.03305078,0.004947442,-0.9994412,-0.07450144,-0.01672936,0.5698522,-0.05133863,0.3802413,-0.2731715,-0.2958788,0.3876702,2.067956,0.9841709,-0.03997319,-0.1726553,0.04112545,0.9991492,0.003100316,0.1723844,-0.01015176,0.9849775,moving,-11.776958964593504,11.000376590768093,-8.142497406289207,10.617740192324552,0.06279217000000001,0.374650114,2.0789454999999997,-0.20050431941351954,0.18694052442961073,0.9616918784729283,-11.279605641045618,11.245365467242625,3.5814428545723347,3.654548047598436,3.1992751620159954
1572,05/05/2023 15:32:12.896198,1755,True,True,True,True,Eyes,-0.1081549,0.008582268,-2.372316,-0.0226044,0.1848682,0.9825033,0.0,0.0,0.0,0.0,0.0,0.0,0.0,-0.3113592,0.01639418,2.322373,-0.1152826,0.005530283,-2.340366,0.00555269,0.09105077,-0.02071849,0.9956152,0.8497022,10.43343,357.6933,-0.03439838,0.00480122,-0.9993964,-0.07003135,-0.0157256,0.535661,-0.02996819,0.3816767,-0.2637305,-0.2927739,0.3857014,2.067704,0.9825609,-0.04024414,-0.1815332,0.04226645,0.9990798,0.007283815,0.181073,-0.01482956,0.9833579,moving,-12.233953512310926,11.254532093994115,-8.059148785598966,10.566293146653518,0.08531441000000001,0.37614641699999996,2.0766355,-0.20800698724223596,0.19089905482361627,0.9593177726422816,-11.740339297638513,11.484732600130643,4.137221645964191,4.231154376149967,3.794034082033706
1573,05/05/2023 15:32:12.906919,1756,True,True,True,True,Eyes,-0.1083687,0.008460993,-2.369759,-0.02098032,0.1848312,0.9825463,0.0,0.0,0.0,0.0,0.0,0.0,0.0,-0.3304966,0.01236749,2.307744,-0.1164174,0.005746581,-2.328406,0.004866631,0.09590022,-0.02118913,0.9951535,0.7878518,10.99263,357.6363,-0.03553321,0.004679565,-0.9993573,-0.06582947,-0.01478206,0.5035214,-0.009264268,0.3698671,-0.2519572,-0.2896083,0.3836942,2.067447,0.9807084,-0.04123945,-0.1910771,0.0431063,0.9990547,0.005622006,0.1906646,-0.01375018,0.9815589,moving,-12.70405423819818,11.177524585162981,-7.974114707350844,10.513812421624188,0.107153132,0.36412051900000003,2.0764488,-0.2159400271240724,0.189275970738189,0.9578854261085734,-12.214667026683518,11.401260842675063,4.674616325798087,4.7762790749182225,4.332418340029436
1574,05/05/2023 15:32:12.926569,1757,True,True,True,True,Eyes,-0.108604,0.008415623,-2.366858,-0.0187519,0.1843981,0.9826727,0.0,0.0,0.0,0.0,0.0,0.0,0.0,-0.3513036,0.005308321,2.292868,-0.117421,0.004712027,-2.316652,0.003247883,0.1011381,-0.02139781,0.994637,0.6181875,11.59919,357.5979,-0.03654781,0.004568343,-0.9993212,-0.0618797,-0.01389514,0.4733101,0.01328104,0.3704453,-0.2424663,-0.286419,0.3816719,2.067187,0.9786265,-0.04190914,-0.2013304,0.04322308,0.9990632,0.002132661,0.2010524,-0.0107892,0.9795211,moving,-13.172075826035408,10.972854086964352,-7.888390892260422,10.460910912890096,0.13070204,0.36573327299999997,2.0741857,-0.22392092742759223,0.18551054365676864,0.9567889970179668,-12.687040889532543,11.193463296381164,5.204948166830858,5.308428420246618,4.854242967845571
1575,05/05/2023 15:32:12.947096,1758,True,True,True,True,Eyes,-0.1088532,0.008472078,-2.363569,-0.01617095,0.1843744,0.9827231,0.0,0.0,0.0,0.0,0.0,0.0,0.0,-0.3703105,0.02112825,2.278477,-0.1185865,0.006604363,-2.305413,0.007260821,0.1059527,-0.02270033,0.9940856,1.102787,12.14354,357.501,-0.03747707,0.004466688,-0.9992873,-0.05816692,-0.01306143,0.4449115,0.03743179,0.3735332,-0.234238,-0.2831671,0.3796099,2.066923,0.9765174,-0.04359352,-0.2109818,0.04667074,0.9988639,0.009625431,0.2103225,-0.01924608,0.9774426,moving,-13.626323906413592,11.433985012315315,-7.8009215391848965,10.406933163470026,0.15601829,0.366928837,2.071175,-0.2311653501790386,0.19286936481984449,0.9536058406194168,-13.144771102174026,11.634505387095734,5.780358074605192,5.915247098839593,5.483033988229188
1576,05/05/2023 15:32:12.956398,1759,True,True,True,True,Eyes,-0.1091292,0.008584608,-2.359953,-0.01306743,0.1846778,0.9827123,0.0,0.0,0.0,0.0,0.0,0.0,0.0,-0.3904811,-0.005160729,2.262407,-0.1192609,0.009031626,-2.292746,0.002282801,0.1112519,-0.02416039,0.993496,0.567907,12.76526,357.2774,-0.03832883,0.004378222,-0.9992554,-0.05467691,-0.01227775,0.4182168,0.0603325,0.3561684,-0.2226742,-0.2799412,0.3775644,2.06666,0.9740786,-0.04749857,-0.2211669,0.04851443,0.9988222,-0.0008398732,0.2209463,-0.009911686,0.9752356,moving,-14.060525533008908,10.862647219610597,-7.714097368317612,10.35336069929251,0.17959340000000001,0.347136774,2.0700718,-0.23884405897290442,0.18300096292065657,0.9536583639723373,-13.583439530095854,11.07012633839552,6.2484012188168165,6.366829918363192,5.912945999535801
1577,05/05/2023 15:32:12.976439,1760,True,True,True,True,Eyes,-0.1094155,0.008800587,-2.356025,-0.009629025,0.1847511,0.9827382,0.0,0.0,0.0,0.0,0.0,0.0,0.0,-0.4112693,-0.02386853,2.247016,-0.1200522,0.01042455,-2.281288,-0.00131251,0.1166862,-0.02542541,0.9928426,0.1906438,13.4013,357.0885,-0.03911509,0.004303803,-0.9992252,-0.05139629,-0.01154108,0.3931238,0.08594311,0.3767958,-0.2166248,-0.2767528,0.3755427,2.066401,0.9714758,-0.05079316,-0.2316352,0.05018056,0.9987037,-0.008539819,0.2317687,-0.003327358,0.9727652,moving,-14.493229332326356,10.440961259703048,-7.628222289023805,10.30037558433855,0.20599531,0.36637125000000004,2.0646632,-0.2463752685690478,0.17563600290681342,0.9531271050250054,-14.020428623855734,10.65155789016921,6.757832368491909,6.866446390725797,6.401845893099425
1578,05/05/2023 15:32:12.996451,1761,True,True,True,True,Eyes,-0.1096904,0.00907478,-2.351774,-0.005634814,0.1852251,0.98268,0.0,0.0,0.0,0.0,0.0,0.0,0.0,-0.432758,-0.01506314,2.231432,-0.1206749,0.01318566,-2.269815,0.00147536,0.1221551,-0.02724812,0.9921359,0.5491604,14.02349,356.9212,-0.03984226,0.004246599,-0.9991968,-0.04831252,-0.01084862,0.3695364,0.1118213,0.3904638,-0.2112476,-0.2735381,0.3735043,2.066139,0.9686713,-0.05370722,-0.2424693,0.05442811,0.9985107,-0.003729478,0.2423085,-0.009584508,0.9701519,moving,-14.947576276081927,10.783461724355623,-7.5415852452192285,10.246925477311743,0.2324962,0.37727814000000004,2.0585674,-0.25367592606267403,0.180977673628457,0.9502082284336952,-14.478391995412712,10.977034078542731,7.291500529569869,7.425400615024799,6.975123400995953
1579,05/05/2023 15:32:13.008595,1762,True,True,True,True,Eyes,-0.1099625,0.009302379,-2.347276,-0.001397995,0.1856758,0.98261,0.0,0.0,0.0,0.0,0.0,0.0,0.0,-0.4556729,-0.044021,2.214176,-0.1210314,0.01478488,-2.257716,-0.004440708,0.1282067,-0.0272687,0.9913626,359.8961,14.74048,356.8354,-0.04051717,0.004207395,-0.9991697,-0.04541376,-0.0101977,0.3473642,0.1382591,0.3788233,-0.2014367,-0.2703338,0.3714724,2.065879,0.9656389,-0.05520499,-0.2539565,0.05292768,0.9984734,-0.01579676,0.2544408,0.001812644,0.9670867,moving,-15.366251863114986,10.131030169390286,-7.45516795719977,10.19360873789916,0.2592905,0.36403842,2.0562793,-0.2611403405844275,0.1697962969960867,0.950249866741125,-14.90148884576412,10.333936597477996,7.7991950514995345,7.911331407776276,7.447643028746997
1580,05/05/2023 15:32:13.008595,1763,True,True,True,True,Eyes,-0.1102133,0.009535011,-2.342526,0.003200143,0.1857791,0.9825863,0.0,0.0,0.0,0.0,0.0,0.0,0.0,-0.4770876,-0.04965366,2.198681,-0.1213112,0.01429716,-2.247077,-0.005794286,0.1337175,-0.02604527,0.9906603,359.7413,15.38132,356.9531,-0.04114432,0.00418256,-0.9991442,-0.04268894,-0.009585837,0.3265223,0.1661581,0.402146,-0.1980843,-0.2671198,0.3694345,2.065618,0.9628826,-0.05315362,-0.2646354,0.05005442,0.9985762,-0.01844575,0.265239,0.004514921,0.9641721,moving,-15.702744186910248,10.011919491419638,-7.368433673024986,10.140104260041294,0.2874693,0.38784884000000003,2.0489927,-0.2668205639431842,0.16755021419086086,0.949069894286695,-15.241078776250335,10.211852881412392,8.221542325871305,8.3352962200971,7.872972042755309
1581,05/05/2023 15:32:13.046603,1764,True,True,True,True,Eyes,-0.1104208,0.00980566,-2.337539,0.007963648,0.1859121,0.9825341,0.0,0.0,0.0,0.0,0.0,0.0,0.0,-0.4968168,-0.03447332,2.183631,-0.1211174,0.01427901,-2.236378,-0.002436309,0.1386807,-0.02455276,0.9900298,0.1137868,15.94511,357.1747,-0.04172964,0.004170896,-0.99912,-0.0401276,-0.009010687,0.306931,0.1908394,0.4044792,-0.1926773,-0.2638419,0.367356,2.065351,0.9603297,-0.04929167,-0.2744765,0.0479402,0.9987825,-0.01163403,0.2747158,-0.001985953,0.9615234,moving,-15.987710409744222,10.453432101792675,-7.279920203840182,10.08550531641307,0.3119568,0.39020019,2.0437007,-0.2711985952841045,0.17463669713424243,0.9465481140484404,-15.528058253515674,10.636828267861405,8.574566134707357,8.715559671612494,8.266543309225346
1582,05/05/2023 15:32:13.056251,1765,True,True,True,True,Eyes,-0.1105851,0.0101,-2.332315,0.01346261,0.1860866,0.9824411,0.0,0.0,0.0,0.0,0.0,0.0,0.0,-0.5153003,-0.0377629,2.168229,-0.1203588,0.01544222,-2.225635,-0.002970639,0.1434123,-0.02286763,0.9893944,0.03900303,16.49421,357.3576,-0.04227506,0.004172827,-0.999097,-0.03771995,-0.008470045,0.2885151,0.2137279,0.3876663,-0.1835777,-0.2602885,0.3651029,2.065062,0.95782,-0.04610226,-0.2836468,0.04439816,0.9989365,-0.01243726,0.2839185,-0.0006807295,0.9588481,moving,-16.177485871076552,10.440889171005496,-7.183900524763348,10.026280998283072,0.3340867,0.37222408,2.0420573,-0.27435048659380845,0.1742675309093111,0.9457074694181571,-15.719519261278617,10.621196448009602,8.857305147107262,9.003137082056888,8.55632582405987
1583,05/05/2023 15:32:13.076483,1766,True,True,True,True,Eyes,-0.1106835,0.01041267,-2.326873,0.01923536,0.1863214,0.9823006,0.0,0.0,0.0,0.0,0.0,0.0,0.0,-0.5365161,-0.04833186,2.151659,-0.1192986,0.01627091,-2.214797,-0.005096061,0.1488154,-0.02263446,0.9885929,359.8087,17.12563,357.348,-0.04278298,0.004188085,-0.9990754,-0.03545675,-0.007961842,0.2712042,0.2353262,0.3888957,-0.1772314,-0.257558,0.3633715,2.06484,0.9546834,-0.04626928,-0.2940049,0.04323579,0.9989235,-0.01681257,0.2944663,0.003339147,0.955656,moving,-16.451412673267203,10.223496891194857,-7.110071059758236,9.980743549792296,0.3546248,0.37262479000000004,2.0375655999999998,-0.2790584999485655,0.17043747083953317,0.9450278059787074,-15.996103165247284,10.404496729094612,9.203540606891238,9.344495295361671,8.896130245041993
1584,05/05/2023 15:32:13.096293,1767,True,True,True,True,Eyes,-0.1107016,0.01072357,-2.321228,0.02582523,0.1864171,0.9821312,0.0,0.0,0.0,0.0,0.0,0.0,0.0,-0.5607153,-0.05397736,2.134152,-0.1179153,0.01701742,-2.204025,-0.006006717,0.1548836,-0.02358773,0.987633,359.7388,17.83174,357.2227,-0.04325511,0.00421621,-0.999055,-0.03332935,-0.007484131,0.254932,0.2615498,0.3958061,-0.1731054,-0.2542387,0.3612668,2.064569,0.9509094,-0.04845272,-0.3056528,0.04473135,0.9988151,-0.01917156,0.3062196,0.004558158,0.95195,moving,-16.785922251754062,10.124964137104827,-7.020271599721162,9.925362962526375,0.3794651,0.37878868,2.0309196000000003,-0.2846661475466179,0.16852241758774525,0.9436977010154004,-16.333669743294443,10.30249470236436,9.624647677270442,9.76769027387968,9.321030701049507
1585,05/05/2023 15:32:13.106709,1768,True,True,True,True,Eyes,-0.1106482,0.0110329,-2.315401,0.03264958,0.1864834,0.9819155,0.0,0.0,0.0,0.0,0.0,0.0,0.0,-0.5862564,-0.06174023,2.115925,-0.1164718,0.01732803,-2.193349,-0.007528841,0.1613284,-0.02420711,0.986575,359.5963,18.58418,357.1228,-0.04369323,0.004256038,-0.9990349,-0.03132958,-0.007035084,0.239636,0.2914852,0.3974675,-0.1690277,-0.2511339,0.3592982,2.064317,0.9467744,-0.05019349,-0.3179606,0.04533502,0.9987147,-0.02266612,0.3186896,0.007044947,0.9478329,moving,-17.14084876070106,9.958438483212142,-6.936217467727589,9.873526499619093,0.407957,0.38013947,2.0243213,-0.290659019749417,0.16546765488204218,0.9424106812404726,-16.691909545304146,10.13389004586549,10.06329415073803,10.204984560031981,9.75916579881211
1586,05/05/2023 15:32:13.126278,1769,True,True,True,True,Eyes,-0.1105291,0.01132459,-2.30939,0.04002665,0.1862159,0.9816931,0.0,0.0,0.0,0.0,0.0,0.0,0.0,-0.6112272,-0.06151515,2.098092,-0.1148008,0.01760855,-2.18309,-0.007274889,0.1675832,-0.02442674,0.9855284,359.6475,19.30991,357.1004,-0.0440972,0.004306387,-0.9990162,-0.02944981,-0.006612978,0.2252579,0.3227774,0.4011265,-0.1662315,-0.2479379,0.3572716,2.064057,0.9426384,-0.05058479,-0.3299606,0.04570819,0.9987008,-0.02252624,0.3306713,0.006152202,0.9437259,moving,-17.442727351679537,9.9879424015905,-6.849643511370033,9.820135199242502,0.4375782,0.38351795,2.0168585,-0.29560909924343043,0.16568966063364324,0.940830502010983,-16.996413735754253,10.15720209097214,10.445137077513058,10.594412890999964,10.15236721538137
1587,05/05/2023 15:32:13.147543,1770,True,True,True,True,Eyes,-0.1103168,0.01163306,-2.303241,0.0476114,0.185678,0.9814565,0.0,0.0,0.0,0.0,0.0,0.0,0.0,-0.6376444,-0.05384267,2.079543,-0.1127447,0.0175088,-2.17278,-0.005461354,0.1741173,-0.02389855,0.9844197,359.8607,20.06409,357.194,-0.04446802,0.004365553,-0.9989991,-0.02768282,-0.0062162,0.2117424,0.3531356,0.3974973,-0.1626625,-0.244783,0.3552711,2.0638,0.9382241,-0.04895424,-0.342548,0.04515058,0.9987981,-0.01907483,0.34307,0.002430227,0.9393067,moving,-17.757951049899283,10.19936702947821,-6.764131754404662,9.767403029219082,0.4658803,0.3799885,2.0101175,-0.30061550856686525,0.1688833916326746,0.9386739276905158,-17.314175961962572,10.357492584827934,10.835811744123554,11.00230228631761,10.56653389078296
1588,05/05/2023 15:32:13.157174,1771,True,True,True,True,Eyes,-0.1099956,0.01195984,-2.296929,0.05561269,0.184865,0.9811891,0.0,0.0,0.0,0.0,0.0,0.0,0.0,-0.663494,-0.04407781,2.061353,-0.1102876,0.01811045,-2.163066,-0.002956067,0.1804563,-0.02358241,0.9832959,0.1545733,20.79495,357.2806,-0.0448053,0.004433486,-0.9989833,-0.02602185,-0.005843228,0.1990378,0.3846005,0.3870775,-0.1585208,-0.2414511,0.3531582,2.063529,0.9337588,-0.04744384,-0.3547444,0.04531008,0.9988703,-0.01432456,0.3550232,-0.00269781,0.9348536,moving,-18.034392073852285,10.473286230916052,-6.67376516005913,9.711673604152896,0.4948881,0.36896705,2.0045452000000004,-0.30491320355334,0.173120861290149,0.9365132114166049,-17.592743648916507,10.619359808244326,11.198660286748542,11.386127421895754,10.956641158914898
1589,05/05/2023 15:32:13.176105,1772,True,True,True,True,Eyes,-0.1095684,0.01226684,-2.290487,0.06388294,0.1839948,0.9808491,0.0,0.0,0.0,0.0,0.0,0.0,0.0,-0.6918854,-0.03203868,2.041426,-0.1075523,0.01910226,-2.152956,0.0002969101,0.1874543,-0.02387113,0.9819832,0.5461869,21.60197,357.3191,-0.04510804,0.004510223,-0.9989691,-0.02446054,-0.005492634,0.1870956,0.4157412,0.3745182,-0.1547608,-0.2381601,0.3510715,2.063262,0.9285821,-0.04677079,-0.3681682,0.04699342,0.9988601,-0.008366372,0.3681398,-0.009532616,0.9297216,moving,-18.389403363787117,10.827940605457243,-6.5844496390316,9.65659969568311,0.5232935,0.35541594000000004,1.9981952,-0.3104023822539237,0.17858100627996065,0.9336804906969082,-17.950482802503,10.958462298326689,11.647671322819889,11.862924258821248,11.440347726764847
1590,05/05/2023 15:32:13.196200,1773,True,True,True,True,Eyes,-0.1090388,0.01254263,-2.283942,0.07250963,0.1826515,0.9805003,0.0,0.0,0.0,0.0,0.0,0.0,0.0,-0.7217999,-0.02815515,2.020769,-0.1046935,0.01895567,-2.143356,0.00137523,0.1948861,-0.02389707,0.9805338,0.6882153,22.46672,357.3445,-0.04537533,0.004594137,-0.9989566,-0.02299291,-0.005163076,0.1758699,0.449944,0.3592264,-0.1512545,-0.2351897,0.3491881,2.06302,0.9228966,-0.04632774,-0.3822506,0.04739979,0.9988541,-0.006617497,0.3821192,-0.01201133,0.924035,moving,-18.757049784540413,10.90037170851043,-6.50379066417763,9.606868356251903,0.5546375,0.34027073,1.9921014999999997,-0.31633967519335193,0.1793906821175681,0.9315300576272543,-18.321285789470878,11.022409125762751,12.094229432398834,12.321343676444457,11.901972387233851
1591,05/05/2023 15:32:13.206340,1774,True,True,True,True,Eyes,-0.1083957,0.01282,-2.277288,0.08137754,0.1810901,0.980094,0.0,0.0,0.0,0.0,0.0,0.0,0.0,-0.7512854,-0.005131153,2.00033,-0.1018008,0.0186041,-2.13426,0.006999227,0.2021418,-0.02424768,0.979031,1.347025,23.30191,357.4402,-0.04560644,0.004683256,-0.9989457,-0.02161333,-0.004853291,0.1653177,0.485851,0.3517102,-0.1508985,-0.2320225,0.3471798,2.062762,0.9171015,-0.04464879,-0.3961456,0.05030813,0.9987261,0.003901981,0.3954668,-0.02350786,0.9181794,moving,-19.123429959040823,11.500539474844333,-6.417738250962662,9.553809838575956,0.5876518,0.33310609999999996,1.9833614999999998,-0.32171394545292575,0.1887776740318163,0.9278271952571291,-18.69021782735072,11.600474558156497,12.580833129845601,12.853962737516076,12.441968952992838
1592,05/05/2023 15:32:13.226619,1775,True,True,True,True,Eyes,-0.1076435,0.01308813,-2.270544,0.09042479,0.1795036,0.9795927,0.0,0.0,0.0,0.0,0.0,0.0,0.0,-0.7806931,0.007511919,1.97885,-0.09854381,0.01897956,-2.124927,0.01037148,0.2094878,-0.02443473,0.977451,1.748526,24.15533,357.5102,-0.0458002,0.004777235,-0.9989364,-0.02031653,-0.004562094,0.1553986,0.5212846,0.3251071,-0.1484772,-0.2289117,0.3452073,2.062509,0.9110357,-0.04342211,-0.4100349,0.0521129,0.9985907,0.01003768,0.4090212,-0.03051279,0.9120146,moving,-19.475396889625237,11.833930701975913,-6.333167701108879,9.501666297303744,0.61982841,0.30612754,1.9764498,-0.32708139005839326,0.19379575947406208,0.9249113529631552,-19.04490972338508,11.91891825896338,13.043785804469485,13.3475707638803,12.9395321510111
1593,05/05/2023 15:32:13.236593,1776,True,True,True,True,Eyes,-0.1067674,0.01335768,-2.263709,0.0996815,0.1778053,0.979004,0.0,0.0,0.0,0.0,0.0,0.0,0.0,-0.8094301,0.01524889,1.957441,-0.09511255,0.01906737,-2.116028,0.01251897,0.2167166,-0.02451045,0.9758466,2.009021,24.9995,357.5678,-0.04595565,0.004875286,-0.9989289,-0.01909754,-0.004288368,0.1460747,0.5573456,0.3084439,-0.1482086,-0.2255539,0.3430784,2.062236,0.9048663,-0.04241075,-0.423578,0.05326303,0.9984851,0.01380955,0.4223506,-0.03505684,0.9057544,moving,-19.79279150497606,12.015402590257453,-6.24182752131633,9.445355819786714,0.65245815,0.28937652999999997,1.9678194,-0.3320269174974838,0.19636486466931602,0.9226044245216151,-19.364895675114493,12.089991181864088,13.46804795408319,13.792525703758908,13.386897100059507
1594,05/05/2023 15:32:13.256426,1777,True,True,True,True,Eyes,-0.1057813,0.01363,-2.256776,0.10898,0.1763574,0.9782747,0.0,0.0,0.0,0.0,0.0,0.0,0.0,-0.8373755,0.02177677,1.93552,-0.0913701,0.01941344,-2.106937,0.01459108,0.2238048,-0.02527657,0.9741969,2.277718,25.82771,357.5498,-0.04607124,0.004977171,-0.9989232,-0.01795169,-0.004031066,0.1373102,0.592662,0.2967975,-0.1494496,-0.2224339,0.3410998,2.061983,0.898545,-0.0427176,-0.4367974,0.05577982,0.9982964,0.01711514,0.4353222,-0.0397432,0.8993971,moving,-20.107678527787737,12.194376452479567,-6.156903839385663,9.392987711568274,0.6840321,0.27738406,1.9574873999999998,-0.33691808598712775,0.19887914381181826,0.9202897647405944,-19.682354758344058,12.258675746030798,13.88396984837284,14.229261867161787,13.825700360994889
1595,05/05/2023 15:32:13.276267,1778,True,True,True,True,Eyes,-0.1046657,0.01386832,-2.249759,0.1184206,0.1751514,0.9773937,0.0,0.0,0.0,0.0,0.0,0.0,0.0,-0.8638529,0.01572112,1.913733,-0.0874265,0.01971401,-2.097816,0.01360251,0.2306621,-0.02589186,0.9725944,2.200927,26.63515,357.4712,-0.04614616,0.005082739,-0.9989194,-0.01687459,-0.003789202,0.1290716,0.627977,0.2854038,-0.1510113,-0.2193403,0.3391382,2.061731,0.8922492,-0.04408938,-0.4493856,0.05663972,0.9982891,0.0145149,0.4479769,-0.03840398,0.8932199,moving,-20.36631044222553,12.019782949355143,-6.072654666225585,9.341046440722753,0.7154035,0.26568979,1.9468047,-0.3412882721320055,0.19574582932994905,0.9193507392889236,-19.943460929299007,12.083943626899012,14.203193631817749,14.542497197024197,14.139404208157094
1596,05/05/2023 15:32:13.296001,1779,True,True,True,True,Eyes,-0.1034229,0.01407597,-2.242661,0.1278109,0.1742434,0.9763727,0.0,0.0,0.0,0.0,0.0,0.0,0.0,-0.8885215,0.004519956,1.892199,-0.0833044,0.0190998,-2.088685,0.01109352,0.2371526,-0.02636065,0.9710515,1.95117,27.40367,357.3658,-0.04617874,0.005190223,-0.9989175,-0.01586211,-0.00356185,0.1213273,0.6623144,0.2866013,-0.1544507,-0.2161315,0.3371035,2.061469,0.8861275,-0.04593336,-0.4611596,0.05645679,0.9983641,0.009041771,0.4599899,-0.03404776,0.8872712,moving,-20.573691335807478,11.679201142896089,-5.985220357128327,9.28714245364872,0.7456187999999999,0.2675015,1.9342343,-0.3450103644799871,0.19000227865433703,0.9191664813379602,-20.153051376836363,11.748435382318315,14.462928771254337,14.783282120982731,14.38003472470495
1597,05/05/2023 15:32:13.306665,1780,True,True,True,True,Eyes,-0.10204,0.01423831,-2.23548,0.1372865,0.1735374,0.9752113,0.0,0.0,0.0,0.0,0.0,0.0,0.0,-0.9116514,-0.0007833773,1.870975,-0.07895965,0.01855272,-2.079682,0.01008253,0.2432395,-0.02714646,0.969534,1.877167,28.12283,357.2625,-0.04616749,0.005298167,-0.9989175,-0.01491039,-0.003348139,0.1140477,0.6951783,0.2931321,-0.1586841,-0.2127908,0.3349853,2.061198,0.8801953,-0.0477339,-0.4722053,0.05754377,0.9983228,0.006344524,0.4711104,-0.03275689,0.8814659,moving,-20.745371605463767,11.526391288018596,-5.894133615037091,9.230986453887057,0.7741379500000001,0.27457938,1.9209979000000001,-0.3479445709852259,0.1873335831880834,0.9186079664691139,-20.32641557983325,11.59648767030891,14.713105279954469,15.027579751937669,14.624854143418787
1598,05/05/2023 15:32:13.326543,1781,True,True,True,True,Eyes,-0.1005176,0.01434394,-2.228229,0.1466977,0.1730634,0.9739245,0.0,0.0,0.0,0.0,0.0,0.0,0.0,-0.9334141,-0.01072402,1.849623,-0.07430285,0.01759567,-2.070423,0.007776232,0.2490573,-0.02773915,0.9680603,1.654531,28.81444,357.1424,-0.04611047,0.005404599,-0.9989197,-0.01401576,-0.003147251,0.1072048,0.7265132,0.2935588,-0.1618621,-0.2097585,0.3330624,2.060951,0.874402,-0.04983288,-0.4826364,0.05757979,0.9983401,0.001238445,0.4817736,-0.028873,0.8758199,moving,-20.878242840623162,11.231767979722576,-5.811411829585869,9.179984114861526,0.80081605,0.27596313,1.9085609,-0.35040277621517596,0.18242911454299385,0.9186607643155642,-20.460788438352676,11.307090047971851,14.908118140108623,15.205894046167073,14.803000191723205
1599,05/05/2023 15:32:13.346297,1782,True,True,True,True,Eyes,-0.09885193,0.01439986,-2.220906,0.1561521,0.1725961,0.9725364,0.0,0.0,0.0,0.0,0.0,0.0,0.0,-0.9543384,-0.01509517,1.828535,-0.06957396,0.01633442,-2.061413,0.006718894,0.2546555,-0.02818638,0.9665976,1.566924,29.47897,357.0717,-0.04600584,0.005507209,-0.998924,-0.01317482,-0.002958416,0.1007725,0.7569242,0.298879,-0.1655227,-0.2065648,0.3310375,2.060691,0.8687121,-0.05106777,-0.4926777,0.05791179,0.9983208,-0.001366702,0.4919202,-0.02734457,0.8702108,moving,-20.987302786406406,11.09014498587479,-5.7242388730822675,9.126246830641614,0.8264981600000001,0.28254458,1.8958903,-0.3523097360800559,0.18002015254153678,0.9184065199772391,-20.570968209677567,11.167166262676284,15.097217848198635,15.388892617285554,14.98635126113679
1600,05/05/2023 15:32:13.356486,1783,True,True,True,True,Eyes,-0.0970429,0.01439595,-2.213518,0.1654561,0.1722331,0.9710613,0.0,0.0,0.0,0.0,0.0,0.0,0.0,-0.9741346,-0.0154177,1.807493,-0.06454851,0.01520239,-2.052269,0.00669153,0.2599601,-0.02862349,0.9651719,1.592964,30.10744,357.0311,-0.04585173,0.005604211,-0.9989306,0.0,0.0,0.0,0.786507,0.2987261,-0.1687489,-0.2032067,0.328908,2.060419,0.8632029,-0.0517741,-0.5021954,0.05873223,0.9982719,-0.001964975,0.5014293,-0.02779888,0.864752,moving,-21.076521166603538,11.079525081719169,-5.632522393771922,9.06969534237522,0.8510555099999999,0.28352371,1.8835201,-0.3537575196341224,0.17974494614684444,0.917903797659369,-20.660984321257953,11.155216274370092,15.279779099124914,15.574225941483443,15.172477235563278
1601,05/05/2023 15:32:13.376586,1784,True,True,True,True,Eyes,-0.0950935,0.01432135,-2.206075,0.174746,0.1717881,0.9695116,0.0,0.0,0.0,0.0,0.0,0.0,0.0,-0.9924501,-0.01672739,1.787034,-0.05940963,0.01376191,-2.043284,0.006247389,0.2649089,-0.0287101,0.9638258,1.561727,30.69599,357.0163,-0.04564637,0.005693518,-0.9989394,0.0,0.0,0.0,0.8149333,0.2946832,-0.1708753,-0.2001259,0.3269548,2.060168,0.8579981,-0.05203309,-0.5110106,0.05865305,0.9982734,-0.003168331,0.5102931,-0.0272539,0.8595685,moving,-21.114578013780744,11.015451419758929,-5.548336645503486,9.017803444524201,0.87434293,0.28092129,1.8724086999999998,-0.35443773106551,0.17866913972177742,0.9178514540274931,-20.69944841674738,11.092114326301738,15.401327084606175,15.693899062005771,15.292447598046103
1602,05/05/2023 15:32:13.396380,1785,True,True,True,True,Eyes,-0.09298437,0.01418301,-2.198591,0.1838596,0.1711476,0.9679381,0.0,0.0,0.0,0.0,0.0,0.0,0.0,-1.00939,-0.0119043,1.767251,-0.0541577,0.01201249,-2.03448,0.007307823,0.2694587,-0.02897538,0.9625483,1.700994,31.23429,357.027,-0.04538817,0.005772728,-0.9989505,0.0,0.0,0.0,0.841858,0.2922193,-0.1730616,-0.1969063,0.3249132,2.059906,0.8531049,-0.0518421,-0.5191574,0.05971872,0.9982141,-0.001547072,0.5183104,-0.0296836,0.8546773,moving,-21.12734416333526,11.119229578634117,-5.460309629786032,8.963531954655474,0.8960157,0.28020681000000003,1.8614183999999998,-0.3545333671747709,0.18032432696581358,0.9174907343366342,-20.712210283340784,11.192980449934073,15.512592152279977,15.814645216426806,15.4139843693642
1603,05/05/2023 15:32:13.406777,1786,True,True,True,True,Eyes,-0.09073112,0.01398615,-2.191056,0.1929016,0.170417,0.9663059,0.0,0.0,0.0,0.0,0.0,0.0,0.0,-1.026043,-0.00616764,1.747339,-0.04862006,0.01040439,-2.025715,0.008638624,0.2739227,-0.02918013,0.9612702,1.867847,31.76274,357.054,-0.04507475,0.005839961,-0.9989641,0.0,0.0,0.0,0.8674052,0.283227,-0.1740812,-0.1937103,0.3228866,2.059646,0.8482297,-0.05136735,-0.5271316,0.06083261,0.9981478,0.0006219022,0.5261233,-0.0325943,0.8497835,moving,-21.13398959449534,11.251035101181051,-5.372879915435053,8.909629182345844,0.91602526,0.27282261,1.8516337999999999,-0.35449929663676927,0.1824370066794253,0.9170861796059613,-20.71876600093221,11.321259572173222,15.620598068093432,15.93407543574852,15.534226111596103
1604,05/05/2023 15:32:13.426751,1787,True,True,True,True,Eyes,-0.08828752,0.01373532,-2.183497,0.2038612,0.1683357,0.9644188,0.0,0.0,0.0,0.0,0.0,0.0,0.0,-1.040142,-2.694782e-05,1.728587,-0.04296029,0.008825734,-2.016924,0.009989185,0.2777241,-0.02904816,0.9601697,2.023957,32.21358,357.1188,-0.04470463,0.005893734,-0.99898,0.0,0.0,0.0,0.892929,0.2732082,-0.1751665,-0.1903326,0.3207448,2.059371,0.844051,-0.05023384,-0.5339049,0.0613308,0.9981129,0.003047879,0.5327442,-0.03531737,0.845539,moving,-20.93816352220316,11.30018275480806,-5.280428895683183,8.852631211050209,0.93588929,0.26438246600000004,1.8417575,-0.35129471980356936,0.18346042305847948,0.9181144871761394,-20.521159922032982,11.372658783060189,15.531706915841262,15.847875636623165,15.447667176024732
1605,05/05/2023 15:32:13.446907,1788,True,True,True,True,Eyes,-0.08569153,0.01344495,-2.175889,0.2145779,0.1663256,0.9624407,0.0,0.0,0.0,0.0,0.0,0.0,0.0,-1.052615,0.003603166,1.710552,-0.03694802,0.007617663,-2.008128,0.01068078,0.2810746,-0.02850872,0.9592031,2.09269,32.61325,357.2075,-0.04427418,0.005932886,-0.9989983,0.0,0.0,0.0,0.91562,0.263615,-0.1749861,-0.1871281,0.3187129,2.05911,0.8403687,-0.0486871,-0.5398241,0.06069548,0.9981464,0.004463924,0.5386062,-0.03651622,0.841766,moving,-20.689941110762312,11.274440094158074,-5.192670444831981,8.798527972547625,0.95256802,0.255997337,1.8331419000000002,-0.3473220063625111,0.18333745532763668,0.9196492716087838,-20.270780255309944,11.35204577342206,15.38119517143262,15.69380575026473,15.292803818012393
1606,05/05/2023 15:32:13.456278,1789,True,True,True,True,Eyes,-0.08297435,0.01312246,-2.168206,0.2250903,0.164486,0.9603534,0.0,0.0,0.0,0.0,0.0,0.0,0.0,-1.062997,0.005858462,1.693599,-0.03073031,0.006369238,-1.999322,0.01081568,0.2838565,-0.02734004,0.958416,2.077606,32.94756,357.3465,-0.04378333,0.005956951,-0.9990202,0.0,0.0,0.0,0.936537,0.2575577,-0.1742927,-0.184031,0.316749,2.058858,0.837356,-0.04626606,-0.5446966,0.05854646,0.9982711,0.005210536,0.5435138,-0.03625312,0.838617,moving,-20.36922543212691,11.192423838338495,-5.107808247682915,8.746206177539413,0.96726731,0.251188462,1.8250293,-0.34223054490947225,0.1823838209080776,0.9217452664611769,-19.94733213148065,11.277917502751986,15.152211689982636,15.456223190729611,15.053937402952526
1607,05/05/2023 15:32:13.476349,1790,True,True,True,True,Eyes,-0.08009045,0.01276698,-2.160484,0.2353109,0.1628363,0.9581822,0.0,0.0,0.0,0.0,0.0,0.0,0.0,-1.071763,0.005196458,1.677562,-0.02410218,0.005151988,-1.990555,0.01008741,0.286142,-0.02585781,0.9577852,1.955378,33.2246,357.4905,-0.04322936,0.005966027,-0.9990445,0.0,0.0,0.0,0.9551451,0.2542871,-0.172803,-0.1808402,0.3147259,2.058599,0.8349084,-0.04375959,-0.5486466,0.05530532,0.9984593,0.004525134,0.5476032,-0.03412115,0.8360421,moving,-19.99555831044525,11.01515151987384,-5.02033186641899,8.692275932683259,0.9792472799999999,0.249135112,1.817752,-0.3363661890765029,0.17993525195489163,0.9243814692016603,-19.570573332426207,11.111947656475271,14.865831204264316,15.154311533138989,14.750062303937378
1608,05/05/2023 15:32:13.496421,1791,True,True,True,True,Eyes,-0.07711817,0.01237683,-2.152667,0.2454307,0.1613356,0.9558946,0.0,0.0,0.0,0.0,0.0,0.0,0.0,-1.079702,0.001804146,1.662009,-0.01724518,0.003869479,-1.981848,0.008613641,0.2881775,-0.0244301,0.9572266,1.751852,33.47267,357.6029,-0.04261234,0.005959963,-0.9990714,0.0,0.0,0.0,0.9720242,0.2549137,-0.1708155,-0.1776494,0.3127025,2.058339,0.8327138,-0.04180577,-0.5521233,0.05173481,0.9986579,0.002410001,0.5512815,-0.03057082,0.8337591,moving,-19.595970266054916,10.753353901432645,-4.932812375949731,8.63831255504101,0.98926938,0.251044221,1.8110325,-0.3301427806497388,0.17612009471031442,0.9273550276259348,-19.167760379648172,10.864103488945783,14.547199033849424,14.81491138033232,14.407910672594099
1609,05/05/2023 15:32:13.517900,1792,True,True,True,True,Eyes,-0.07397578,0.01194835,-2.144819,0.2552391,0.1599996,0.9535477,0.0,0.0,0.0,0.0,0.0,0.0,0.0,-1.087236,0.0002925921,1.646644,-0.01020686,0.002455025,-1.973172,0.007591821,0.2900626,-0.0230749,0.9566994,1.599477,33.70184,357.7212,-0.04193145,0.00593856,-0.9991004,0.0,0.0,0.0,0.988243,0.2584116,-0.1689233,-0.1743153,0.3105884,2.058068,0.8306625,-0.03974729,-0.5553557,0.0485557,0.9988198,0.001139849,0.554655,-0.02791251,0.8316122,moving,-19.20055652535679,10.554177046695486,-4.841312480089527,8.58189647942061,0.99844986,0.255956575,1.8042487,-0.32390016297577384,0.1732909836813996,0.9300854830300601,-18.76908806539773,10.6771864016399,14.24225244320192,14.494060169172524,14.084501148882094
1610,05/05/2023 15:32:13.526111,1793,True,True,True,True,Eyes,-0.07069574,0.01149156,-2.136918,0.2649919,0.1587342,0.9510956,0.0,0.0,0.0,0.0,0.0,0.0,0.0,-1.094088,-0.001174126,1.631713,-0.003006358,0.001178237,-1.964563,0.006444355,0.2917293,-0.02123741,0.9562436,1.416261,33.90552,357.8872,-0.04118531,0.005901456,-0.9991319,0.0,0.0,0.0,1.003924,0.2600887,-0.1664222,-0.1712283,0.3086309,2.057817,0.828886,-0.03685626,-0.5582021,0.04437629,0.9990149,-6.640708e-05,0.5576547,-0.02471589,0.829705,moving,-18.77212976032265,10.342970080705227,-4.756550526361462,8.529631464222824,1.006930358,0.258910463,1.7981408,-0.3171057949180007,0.17027402593686108,0.9329795091936834,-18.337125496388293,10.479143891545364,13.897176427384167,14.132397468280828,13.719789182811969
1611,05/05/2023 15:32:13.546571,1794,True,True,True,True,Eyes,-0.06724364,0.01102156,-2.128999,0.274428,0.1575375,0.9486154,0.0,0.0,0.0,0.0,0.0,0.0,0.0,-1.100298,-0.001947185,1.617333,0.004573859,-4.88488e-05,-1.95612,0.005514458,0.2931058,-0.01956208,0.9558639,1.261163,34.07368,358.0417,-0.04037359,0.005848805,-0.9991655,0.0,0.0,0.0,1.018781,0.2627713,-0.1636668,-0.1679604,0.3065589,2.057551,0.8274126,-0.03416474,-0.5605544,0.04063002,0.9991739,-0.0009253805,0.5601229,-0.02200967,0.8281171,moving,-18.331876752347448,10.158516834627287,-4.666776852466507,8.474281123788806,1.014207141,0.2628201488,1.7924532000000002,-0.3100674965130483,0.16767953587755752,0.9358107121963436,-17.89320243514548,10.307376270581917,13.547748963207804,13.768500470399443,13.352848816314115
1612,05/05/2023 15:32:13.556111,1795,True,True,True,True,Eyes,-0.0636293,0.0105681,-2.121052,0.2839248,0.1563015,0.9460214,0.0,0.0,0.0,0.0,0.0,0.0,0.0,-1.106073,-0.001674062,1.603282,0.0121333,-0.0008414695,-1.947759,0.005250619,0.294356,-0.01882367,0.955496,1.209926,34.2247,358.1153,-0.03949391,0.005781421,-0.9992012,0.0,0.0,0.0,1.033079,0.264471,-0.1604678,-0.1645997,0.3044278,2.057278,0.8260004,-0.03288079,-0.5627097,0.03906299,0.9992362,-0.001047833,0.5623145,-0.02111561,0.8266539,moving,-17.8923683905563,10.048483456656696,-4.5744044332470235,8.41731808488579,1.0209457000000002,0.26531246950000004,1.7872912,-0.3029526866606556,0.1662817985698471,0.9383868995913773,-17.44994687779544,10.208091535467275,13.206596106235224,13.417483535978477,12.999479327752914
1613,05/05/2023 15:32:13.576047,1796,True,True,True,True,Eyes,-0.05984579,0.01010318,-2.113089,0.2931316,0.1553238,0.9433707,0.0,0.0,0.0,0.0,0.0,0.0,0.0,-1.111988,-0.002969816,1.589161,0.02005108,-0.0009224778,-1.939473,0.005001853,0.2955733,-0.01887507,0.9551205,1.186834,34.37094,358.1028,-0.03854306,0.005701309,-0.9992388,0.0,0.0,0.0,1.047092,0.2633995,-0.1566226,-0.1617023,0.3025909,2.057042,0.8245603,-0.03309911,-0.564805,0.03901276,0.9992374,-0.001603189,0.5644274,-0.02071268,0.8252228,moving,-17.48046164010778,9.95590242520898,-4.494728851105029,8.36819600113677,1.02704092,0.2643219778,1.7828504,-0.2962569180079039,0.1651288255846862,0.9407253610257198,-17.03451640298262,10.12531162938128,12.880161217317033,13.082433556354157,12.66229549399497
1614,05/05/2023 15:32:13.586460,1797,True,True,True,True,Eyes,-0.05588068,0.009665142,-2.105156,0.302375,0.1541223,0.9406465,0.0,0.0,0.0,0.0,0.0,0.0,0.0,-1.118355,-0.01317088,1.574504,0.02786617,-0.001717297,-1.931107,0.002114375,0.2970331,-0.01886686,0.9546785,0.873523,34.55021,358.0073,-0.03752024,0.005609162,-0.9992785,0.0,0.0,0.0,1.061989,0.2620525,-0.1531303,-0.1584989,0.3005595,2.056782,0.8228308,-0.0347675,-0.5672219,0.03727966,0.9992791,-0.007171068,0.5670624,-0.01524526,0.8235337,moving,-17.08717425022029,9.535740351789409,-4.406595046079178,8.31384112859071,1.03412283,0.26376979700000003,1.7779767,-0.29011031873068494,0.15853819409819575,0.9437699963034443,-16.638237711456057,9.723083062854382,12.561386558974025,12.73931421482921,12.31255640079489
1615,05/05/2023 15:32:13.606688,1798,True,True,True,True,Eyes,-0.0517542,0.009333781,-2.097214,0.3113251,0.1529554,0.9379133,0.0,0.0,0.0,0.0,0.0,0.0,0.0,-1.123847,-0.009004359,1.561355,0.03554296,-0.001414808,-1.923454,0.003848984,0.2980777,-0.02014527,0.9543213,1.109089,34.67183,357.9276,-0.0364225,0.005507281,-0.9993198,0.0,0.0,0.0,1.077398,0.2706345,-0.1515542,-0.1552832,0.2985203,2.05652,0.8214877,-0.03615553,-0.5690789,0.04074471,0.9991587,-0.004663375,0.5687687,-0.01935605,0.8222697,moving,-16.69525703911209,9.673478361892736,-4.318081490746583,8.259252525770439,1.0418550400000002,0.272049308,1.7718998,-0.28352702302334354,0.16113772768956974,0.9453290911246846,-16.242713790990074,9.864309447587733,12.276103963492497,12.457708829099065,12.032167851982617
1616,05/05/2023 15:32:13.626706,1799,True,True,True,True,Eyes,-0.0474329,0.009074062,-2.08928,0.3203286,0.1520957,0.9350168,0.0,0.0,0.0,0.0,0.0,0.0,0.0,-1.129218,-0.01347463,1.547532,0.04352111,0.0008122763,-1.915274,0.003632567,0.2991819,-0.02102618,0.9539576,1.118022,34.80391,357.8251,-0.03524803,0.005401555,-0.9993626,0.0,0.0,0.0,1.092097,0.2606394,-0.147381,-0.1522548,0.2966002,2.056274,0.8200961,-0.03794258,-0.5709664,0.04228977,0.9990894,-0.00565068,0.5706609,-0.01951194,0.820954,moving,-16.29352303350023,9.598433419507469,-4.2346824094641144,8.20782290838244,1.0485758900000002,0.2598271237,1.767893,-0.2769337418901643,0.16022034625537826,0.9474371079217918,-15.837525934024448,9.798429405255423,11.964087834534716,12.138757547193828,11.711362298354802
1617,05/05/2023 15:32:13.646305,1800,True,True,True,True,Eyes,-0.0429586,0.008880375,-2.081367,0.3290705,0.1512653,0.9321113,0.0,0.0,0.0,0.0,0.0,0.0,0.0,-1.135441,-0.03128758,1.53289,0.05197805,0.002230622,-1.907158,-0.001184544,0.3005251,-0.01990267,0.9535655,0.5559741,34.97471,357.7838,-0.03399315,0.005295635,-0.9994067,0.0,0.0,0.0,1.107001,0.2606763,-0.1439197,-0.1490881,0.2945924,2.056016,0.8185771,-0.03866898,-0.5730935,0.03724504,0.9992049,-0.01422158,0.5731878,-0.009703426,0.8193666,moving,-15.888736796028446,8.972879465737828,-4.1474356470003,8.15401983319473,1.05502295,0.258445678,1.7632382999999998,-0.27066669318596376,0.1501451789009355,0.950892226803128,-15.429878125498021,9.196324692435669,11.626204533140683,11.769820889460394,11.330485766294712
1618,05/05/2023 15:32:13.656492,1801,True,True,True,True,Eyes,-0.03833283,0.008755007,-2.073451,0.3379987,0.150561,0.9290255,0.0,0.0,0.0,0.0,0.0,0.0,0.0,-1.142608,-0.03357597,1.518566,0.06009827,0.00362045,-1.899762,-0.001306731,0.3020388,-0.02002426,0.9530843,0.550355,35.15679,357.7672,-0.03265798,0.005192709,-0.9994518,0.0,0.0,0.0,1.121892,0.2801614,-0.1433808,-0.1457491,0.2924752,2.055744,0.8167432,-0.03895899,-0.5756846,0.03738025,0.9991947,-0.01458706,0.5757892,-0.00960536,0.8175417,moving,-15.524002553286627,8.919704114365432,-4.0553971257054675,8.097254618206039,1.06179373,0.27654095,1.7563811999999999,-0.2646333116245617,0.14952247241887506,0.9526869140453774,-15.06199130829883,9.15108352257996,11.358932150596772,11.498057819791866,11.05692863592743
1619,05/05/2023 15:32:13.676184,1802,True,True,True,True,Eyes,-0.03356985,0.008664431,-2.065558,0.3467657,0.1500959,0.9258643,0.0,0.0,0.0,0.0,0.0,0.0,0.0,-1.151821,-0.04613133,1.501771,0.06859775,0.00506449,-1.891931,-0.004399249,0.304281,-0.01981363,0.9523661,0.2107591,35.43311,357.6836,-0.03124097,0.005095658,-0.9994977,0.0,0.0,0.0,1.137995,0.2796965,-0.1414409,-0.1426295,0.290497,2.05549,0.814041,-0.04041688,-0.5793996,0.03506245,0.9991761,-0.02043722,0.5797482,-0.003678434,0.8147874,moving,-15.244609724961524,8.52950503858139,-3.9693650791600485,8.044187596378007,1.0693972500000002,0.27463201000000004,1.7504901,-0.26023018693529876,0.1432086076248295,0.9548672559144372,-14.780576600158138,8.775995091700322,11.163521246112714,11.285684509252492,10.83595112401176
1620,05/05/2023 15:32:13.695933,1803,True,True,True,True,Eyes,-0.02867954,0.008576216,-2.057691,0.3557515,0.1494744,0.9225499,0.0,0.0,0.0,0.0,0.0,0.0,0.0,-1.162775,-0.05795533,1.483941,0.07660294,0.005755219,-1.884565,-0.007366351,0.3071631,-0.02005076,0.9514171,359.9026,35.78721,357.554,-0.02974257,0.005005579,-0.9995438,0.0,0.0,0.0,1.156778,0.2913232,-0.1425097,-0.1393602,0.2884238,2.055224,0.8104976,-0.04267862,-0.584185,0.03362794,0.9990875,-0.02633465,0.5847759,0.001699239,0.8111932,moving,-15.03623554370785,8.150124368885972,-3.8791622009884974,7.988542358933336,1.0801750600000002,0.285567981,1.7420553,-0.2569835065851395,0.13700614633061986,0.9566550251832991,-14.570793865228593,8.410168170325194,11.050663365871088,11.158243334896364,10.699941867534294
1621,05/05/2023 15:32:13.706417,1804,True,True,True,True,Eyes,-0.02368963,0.008487658,-2.049851,0.3646446,0.1488405,0.919174,0.0,0.0,0.0,0.0,0.0,0.0,0.0,-1.175168,-0.06289581,1.464993,0.0844038,0.005735483,-1.877238,-0.008194994,0.3105689,-0.02137907,0.9502751,359.8685,36.19987,357.3794,-0.02816248,0.004921833,-0.9995901,0.0,0.0,0.0,1.177513,0.3012438,-0.1455423,-0.1362373,0.2864436,2.054971,0.8061798,-0.04572222,-0.5899014,0.03554178,0.9989516,-0.02885435,0.5906022,0.002295649,0.8069596,moving,-14.916970584242103,8.033052918070881,-3.7929568169996397,7.935361571293522,1.0931092,0.295508317,1.7316957,-0.2550582060782061,0.13512240109991258,0.9574378670485997,-14.450610156091614,8.298267729532808,11.020712697141793,11.124442722807961,10.663830248833968
1622,05/05/2023 15:32:13.727666,1805,True,True,True,True,Eyes,-0.01860363,0.008421553,-2.042058,0.3736534,0.1478302,0.9157125,0.0,0.0,0.0,0.0,0.0,0.0,0.0,-1.18772,-0.06526474,1.44585,0.09171939,0.005643247,-1.87002,-0.008263104,0.3141801,-0.02281045,0.9490534,359.9226,36.63569,357.2207,-0.0265019,0.004843729,-0.9996359,0.0,0.0,0.0,1.200784,0.300645,-0.1489036,-0.1330276,0.2844085,2.05471,0.8015411,-0.04848889,-0.5959704,0.03810447,0.9988229,-0.03001744,0.5967244,0.001351075,0.8024451,moving,-14.816695565538641,7.986617240082808,-3.704317072058186,7.880682114497609,1.1090646100000001,0.295001753,1.7211164,-0.25340706765912835,0.13440670107535177,0.9579768842651127,-14.349504196086887,8.254835749708096,11.010283235484279,11.112883425700087,10.651760410764394
1623,05/05/2023 15:32:13.746444,1806,True,True,True,True,Eyes,-0.01341079,0.00841001,-2.034293,0.382531,0.1468438,0.9121989,0.0,0.0,0.0,0.0,0.0,0.0,0.0,-1.1995,-0.06174164,1.42782,0.098903,0.00619257,-1.863186,-0.00643825,0.3175101,-0.02423588,0.9479233,0.1824494,37.03233,357.1319,-0.02476352,0.004771826,-0.9996809,0.0,0.0,0.0,1.224347,0.2967704,-0.1525317,-0.1298408,0.282388,2.05445,0.7971999,-0.05003593,-0.6016384,0.04185909,0.9987424,-0.02759621,0.6022626,-0.003184338,0.7982917,moving,-14.691619205092254,8.1666906221362,-3.6162713924849177,7.826370171365976,1.125444,0.29057783,1.7106543,-0.25120759641787826,0.13749829137911196,0.9581173540284235,-14.223123700694241,8.432504119184252,10.971440189981681,11.08057521879792,10.624157107783338
1624,05/05/2023 15:32:13.756042,1807,True,True,True,True,Eyes,-0.008119229,0.008442514,-2.026548,0.3914448,0.1459553,0.9085528,0.0,0.0,0.0,0.0,0.0,0.0,0.0,-1.211027,-0.06463236,1.409129,0.1066025,0.007492008,-1.856068,-0.006556422,0.3207953,-0.02481162,0.9468009,0.2007445,37.42969,357.0657,-0.02294699,0.004708122,-0.9997246,0.0,0.0,0.0,1.246907,0.2859326,-0.1549464,-0.1265508,0.2803017,2.054182,0.7929496,-0.05118985,-0.607133,0.04277678,0.9986827,-0.02833415,0.6077838,-0.003503646,0.7940948,moving,-14.539468433916204,8.117332778045066,-3.525332430356765,7.770258461120478,1.1403045,0.278440592,1.7011216,-0.24868793170466583,0.13676472461922368,0.9588794992892766,-14.06968838132859,8.38715848600804,10.912209057096918,11.019603100219761,10.562386475674007
1625,05/05/2023 15:32:13.776327,1808,True,True,True,True,Eyes,-0.002739485,0.008483954,-2.018838,0.4002934,0.1451244,0.9048227,0.0,0.0,0.0,0.0,0.0,0.0,0.0,-1.223489,-0.07525641,1.388792,0.114265,0.008549648,-1.848838,-0.009302409,0.3245681,-0.02463322,0.9454957,359.9083,37.89487,356.9837,-0.02105363,0.004653984,-0.9997666,0.0,0.0,0.0,1.268994,0.2845557,-0.1580155,-0.1234088,0.2783092,2.053927,0.7880976,-0.05261974,-0.6132971,0.04054268,0.9986134,-0.03358109,0.6142137,0.001600464,0.7891381,moving,-14.432045991448117,7.755830093920168,-3.438443990407961,7.716638321704354,1.154729,0.276006052,1.6908225,-0.24709146071393653,0.13076719345039794,0.9601279951931248,-13.96172640577638,8.036931834802944,10.898154777946797,10.993671859405461,10.528155618537143
1626,05/05/2023 15:32:13.796515,1809,True,True,True,True,Eyes,0.00273219,0.008555592,-2.011171,0.4091956,0.1440664,0.9010016,0.0,0.0,0.0,0.0,0.0,0.0,0.0,-1.237259,-0.07790859,1.367743,0.1216886,0.008799158,-1.841932,-0.009812221,0.3287821,-0.02483335,0.9440283,359.8741,38.40732,356.9424,-0.01908437,0.004608903,-0.9998063,0.0,0.0,0.0,1.292121,0.2940577,-0.1637669,-0.1202068,0.2762792,2.053667,0.7825714,-0.05333893,-0.6202717,0.0404346,0.9985741,-0.03485554,0.6212464,0.002196511,0.7836123,moving,-14.382915892018568,7.648940116779862,-3.349858034457579,7.661982072782419,1.1704324000000002,0.285258542,1.6781651,-0.2463255284644702,0.12900172535718915,0.9605635526879245,-13.912283815262636,7.93368832924071,10.940171753806542,11.033065565875363,10.565919868369905
1627,05/05/2023 15:32:13.816130,1810,True,True,True,True,Eyes,0.008285895,0.008676619,-2.003539,0.4181333,0.1429873,0.8970615,0.0,0.0,0.0,0.0,0.0,0.0,0.0,-1.252331,-0.07660785,1.345476,0.1291818,0.009658898,-1.835137,-0.008752111,0.3334672,-0.0255184,0.9423756,0.02999691,38.97266,356.9084,-0.01704061,0.004573501,-0.9998435,0.0,0.0,0.0,1.316887,0.2934049,-0.1698458,-0.1170001,0.2742458,2.053406,0.7762969,-0.05393291,-0.628056,0.04225874,0.9985445,-0.03351464,0.6289493,-0.0005235436,0.7774461,moving,-14.397261332697859,7.731812202793367,-3.261104468487795,7.607208400012397,1.1877052,0.283746002,1.6652912,-0.2465210729647435,0.1303842586312885,0.9603267490796612,-13.926662395778234,8.014160352576482,11.039961450371662,11.136853945884377,10.67331887428103
1628,05/05/2023 15:32:13.826317,1811,True,True,True,True,Eyes,0.01391707,0.008827973,-1.995949,0.4271794,0.141741,0.8929878,0.0,0.0,0.0,0.0,0.0,0.0,0.0,-1.269076,-0.0791026,1.32087,0.1366104,0.01097826,-1.828312,-0.008442506,0.3389342,-0.02666083,0.9403944,0.1257052,39.63655,356.7974,-0.01492328,0.004549299,-0.9998775,0.0,0.0,0.0,1.34368,0.2865288,-0.1765899,-0.1137811,0.2722044,2.053144,0.7688256,-0.0558663,-0.6370135,0.04442049,0.9984359,-0.0339511,0.6379138,-0.002193969,0.7701046,moving,-14.505241816922307,7.7231596038712045,-3.171972006335457,7.552191047303195,1.2070696,0.27555053999999995,1.6517221,-0.2483372802051156,0.13017688925589901,0.9598867300771395,-14.035603645169695,8.003789384077582,11.235896981019343,11.33455931419013,10.87301399990167
1629,05/05/2023 15:32:13.846303,1812,True,True,True,True,Eyes,0.01961878,0.008997623,-1.9884,0.4363351,0.1404312,0.888758,0.0,0.0,0.0,0.0,0.0,0.0,0.0,-1.287539,-0.07939442,1.294209,0.1439116,0.0119267,-1.821588,-0.007465249,0.3451429,-0.02796569,0.9381037,0.3035521,40.38995,356.6966,-0.01273383,0.004536745,-0.9999078,0.0,0.0,0.0,1.373307,0.2822552,-0.1862555,-0.1103638,0.2700376,2.052866,0.7601885,-0.05762259,-0.6471422,0.04731627,0.9983243,-0.03331068,0.6479774,-0.00529796,0.7616413,moving,-14.69907825557498,7.793122131254097,-3.077306794795644,7.4937630277215606,1.2293954,0.27032849999999997,1.6353325,-0.2515477908237699,0.13123651587640495,0.9589059963425787,-14.231068602466925,8.068457401477874,11.521832253217402,11.625626338372175,11.168557475587152
1630,05/05/2023 15:32:13.857189,1813,True,True,True,True,Eyes,0.02536504,0.009174761,-1.98088,0.4454976,0.1389881,0.8844288,0.0,0.0,0.0,0.0,0.0,0.0,0.0,-1.306941,-0.07803498,1.266057,0.1511953,0.01256263,-1.814957,-0.006340891,0.3518076,-0.02861217,0.9356135,0.4736531,41.20059,356.6748,-0.01047408,0.004535654,-0.999934,0.0,0.0,0.0,1.405155,0.2748023,-0.197801,-0.1071863,0.268023,2.052608,0.7508255,-0.0580014,-0.657949,0.04907831,0.9982823,-0.0319972,0.6586747,-0.008266712,0.7523825,moving,-14.936341753673085,7.865957937060553,-2.989245634874829,7.439409132814454,1.2539597,0.26223967,1.617156,-0.25547955983203013,0.1323143808477247,0.9577177062922694,-14.470339869579053,8.135143397245724,11.84534468048252,11.954708258849655,11.502155058634113
1631,05/05/2023 15:32:13.876324,1814,True,True,True,True,Eyes,0.03117237,0.009354847,-1.973395,0.454724,0.1375149,0.8799521,0.0,0.0,0.0,0.0,0.0,0.0,0.0,-1.325252,-0.07405378,1.238319,0.1581755,0.0129502,-1.80832,-0.004753659,0.3582844,-0.02867463,0.9331599,0.668972,41.98927,356.7366,-0.008146483,0.004545322,-0.9999557,0.0,0.0,0.0,1.437947,0.2672227,-0.2108413,-0.1040704,0.266047,2.052354,0.7416201,-0.05692236,-0.6684006,0.05010971,0.9983103,-0.0294192,0.6689458,-0.0116755,0.7432194,moving,-15.136359699552203,7.984899981795106,-2.9028578327871433,7.3860736576449595,1.2797715,0.25427249999999996,1.5974787,-0.258755807323782,0.13418115110085663,0.9565776565746698,-14.671985689736617,8.247413745330768,12.13181041524396,12.248149284305747,11.800604953131797
1632,05/05/2023 15:32:13.896237,1815,True,True,True,True,Eyes,0.03702759,0.009533378,-1.965944,0.4637636,0.1359978,0.8754587,0.0,0.0,0.0,0.0,0.0,0.0,0.0,-1.34289,-0.06980908,1.210385,0.1653417,0.0132254,-1.801596,-0.003485685,0.3646409,-0.02795649,0.930722,0.796423,42.76704,356.8708,-0.005752493,0.004564892,-0.9999722,0.0,0.0,0.0,1.469279,0.2583656,-0.2234474,-0.1009586,0.2640741,2.052101,0.7325109,-0.05458149,-0.6785637,0.0494974,0.9984126,-0.02687657,0.6789534,-0.01389975,0.7340497,moving,-15.318915642246587,8.053198332398205,-2.8165482564674926,7.332793708705972,1.3039373,0.24514019999999997,1.5781486,-0.26176548046068276,0.13520767842693499,0.955613797843604,-14.856072670304165,8.31066348006151,12.401640214392764,12.523105568142032,12.07917122161534
1633,05/05/2023 15:32:13.906856,1816,True,True,True,True,Eyes,0.0429496,0.009727636,-1.958531,0.4728622,0.1344436,0.8708193,0.0,0.0,0.0,0.0,0.0,0.0,0.0,-1.359591,-0.0627373,1.183214,0.1724622,0.01340488,-1.795131,-0.001397464,0.370721,-0.02717621,0.9283457,1.005875,43.5112,357.0479,-0.003294186,0.004593362,-0.9999832,0.0,0.0,0.0,1.499804,0.2516728,-0.2361468,-0.0977633,0.2620474,2.051841,0.7236548,-0.05149398,-0.6882384,0.0494217,0.998519,-0.02274425,0.6883903,-0.01755492,0.7251281,moving,-15.462578767132301,8.214507829663312,-2.727887521157173,7.278034229092152,1.3273418,0.23826791999999997,1.5589842,-0.2640652218417828,0.13780801486564326,0.9546090847434517,-15.00081967571194,8.465219712112713,12.639213992033115,12.769077646207743,12.330217882965373
1634,05/05/2023 15:32:13.926674,1817,True,True,True,True,Eyes,0.04894408,0.009925663,-1.951162,0.4817508,0.1330499,0.8661488,0.0,0.0,0.0,0.0,0.0,0.0,0.0,-1.376226,-0.05915707,1.154975,0.1798804,0.01400352,-1.78855,-7.312789e-05,0.376958,-0.02672691,0.9258447,1.146819,44.279,357.1595,-0.0007722991,0.004630714,-0.9999881,0.0,0.0,0.0,1.529129,0.2419363,-0.2482575,-0.09462714,0.2600593,2.051586,0.7143766,-0.04954506,-0.6980054,0.0494348,0.9985713,-0.02028525,0.6980131,-0.02001444,0.7158052,moving,-15.642744948550144,8.299407211741443,-2.640832941477729,7.224291034155267,1.3492486,0.22793278,1.5402925,-0.2670167613493699,0.1391050224016169,0.9535993366363199,-15.182477175945088,8.544684357841307,12.910459163770684,13.046286469143675,12.610958672249428
1635,05/05/2023 15:32:13.946287,1818,True,True,True,True,Eyes,0.05501864,0.01011833,-1.943831,0.4907315,0.1317618,0.8612906,0.0,0.0,0.0,0.0,0.0,0.0,0.0,-1.392832,-0.06053339,1.125751,0.1873839,0.01431322,-1.782034,-0.0005258829,0.3833977,-0.02603571,0.9232162,1.088288,45.07834,357.2209,0.001812954,0.004676328,-0.9999866,0.0,0.0,0.0,1.559173,0.2351407,-0.261616,-0.09143007,0.2580321,2.051326,0.7046567,-0.04847642,-0.7078906,0.04766993,0.9986438,-0.02093507,0.7079453,-0.01899306,0.7060118,moving,-15.83453795626756,8.177447183621938,-2.552052819290944,7.1694638930723515,1.3717891,0.22082748000000002,1.5204179999999998,-0.2702895208335267,0.1369450543274688,0.9529898749213861,-15.376096561992872,8.422427346484298,13.186804616414914,13.320677224827268,12.885108277787909
1636,05/05/2023 15:32:13.956203,1819,True,True,True,True,Eyes,0.2085965,0.01476244,-1.761024,0.6956066,0.1010491,0.7112809,0.0,0.0,0.0,0.0,0.0,0.0,0.0,-1.409849,-0.0626166,1.095066,0.1952687,0.01436693,-1.775508,-0.001167119,0.3901231,-0.02558007,0.9204066,1.020509,45.91573,357.2484,0.00446116,0.004729166,-0.999978,0.0,0.0,0.0,1.589621,0.2351105,-0.2770577,-0.08796632,0.2558356,2.051044,0.6942993,-0.04799877,-0.718084,0.04617748,0.9986886,-0.0221072,0.7182034,-0.0178103,0.6956053,moving,-1.8840839667841256,6.740694105442583,-2.455828339652411,7.110028294137199,1.3943523,0.22074357,1.4984503,-0.032650520573929476,0.11731352065810555,0.9925580399433738,-1.3043904740955574,7.273708954148086,0.6756133040480978,0.6806609808452803,1.163013549662996
1637,05/05/2023 15:32:13.976407,1820,True,True,True,True,Eyes,0.2089205,0.01475476,-1.76076,0.6960512,0.1011511,0.7108313,0.0,0.0,0.0,0.0,0.0,0.0,0.0,-1.427149,-0.06577489,1.062529,0.2031354,0.01435864,-1.768778,-0.002194314,0.3972921,-0.02512059,0.9173458,0.9130204,46.81194,357.258,0.02100408,0.005275224,-0.9997646,0.4607336,0.01393233,0.548422,1.62089,0.2355247,-0.2935562,-0.08497274,0.2539375,2.050801,0.6830558,-0.04783211,-0.7287982,0.04434497,0.9987283,-0.02398632,0.7290187,-0.01593454,0.6843083,moving,-2.737766686008087,6.60178525488896,-2.3726320420207503,7.058639253321925,1.4177545999999999,0.22116606,1.4752218,-0.047448856058877,0.11483860776418164,0.9922502987340587,-2.1657481995407615,7.1230371775259,0.5843879678644738,0.5848409049681342,0.21667491068664538
1638,05/05/2023 15:32:13.996226,1821,True,True,True,True,Eyes,0.2095427,0.01472058,-1.760232,0.6967232,0.1012345,0.7101608,0.0,0.0,0.0,0.0,0.0,0.0,0.0,-1.444289,-0.06837866,1.029146,0.2111134,0.01414432,-1.762106,-0.003410826,0.4045955,-0.02419888,0.9141693,0.7646561,47.72872,357.3057,0.03445186,0.005713951,-0.9993892,0.4330896,0.01309639,0.5155166,1.653347,0.2371677,-0.3120413,-0.08174932,0.2518935,2.050538,0.6714339,-0.04700376,-0.7395723,0.04148373,0.9988056,-0.02581766,0.7399026,-0.01334537,0.6725817,moving,-3.5868517306420706,6.424740220592594,-2.2830163867083297,7.003278203948182,1.4422335999999998,0.22302338000000002,1.4500647,-0.06217010834762027,0.11168157013878822,0.991797412672825,-3.022510648700412,6.935297642409699,1.4211344129479642,1.4264265849583593,0.74261236204786
1639,05/05/2023 15:32:14.006391,1822,True,True,True,True,Eyes,0.2104737,0.01466255,-1.759462,0.6978324,0.1012614,0.709067,0.0,0.0,0.0,0.0,0.0,0.0,0.0,-1.461142,-0.06785751,0.9950664,0.2190385,0.01345611,-1.755431,-0.003568454,0.4120339,-0.02365028,0.9108546,0.7442214,48.66302,357.3618,0.0454396,0.006065883,-0.9989479,0.4071042,0.01231061,0.4845856,1.685799,0.2399772,-0.3315575,-0.07845545,0.2498051,2.050271,0.6593373,-0.04602459,-0.7504373,0.04014329,0.9988558,-0.02599012,0.7507749,-0.01298876,0.6604306,moving,-4.424075159211344,6.376246674777086,-2.191404956692447,6.946680598324938,1.4667605000000001,0.22652109,1.4238735,-0.07666361263119204,0.11073009030349718,0.9908892358424495,-3.8671624280409516,6.8730001528262585,2.293309188222374,2.3043895274779325,1.6773764964459286
1640,05/05/2023 15:32:14.026425,1823,True,True,True,True,Eyes,0.211697,0.01457543,-1.758453,0.6990607,0.1011608,0.7078705,0.0,0.0,0.0,0.0,0.0,0.0,0.0,-1.477556,-0.0660148,0.9604694,0.2272523,0.01283983,-1.748777,-0.002990133,0.4194725,-0.02355281,0.9074575,0.8212299,49.59892,357.4059,0.05447091,0.006347121,-0.9984944,0.3826779,0.01157197,0.4555105,1.718396,0.2378644,-0.3514148,-0.07537204,0.2478501,2.05002,0.6469761,-0.04525491,-0.7611663,0.04023779,0.9988727,-0.02518635,0.7614478,-0.01433267,0.6480677,moving,-5.260237295114808,6.419767207186628,-2.1056162780294,6.89367605598279,1.4911437,0.22502457,1.3973621999999999,-0.09110944436233792,0.11134674115064662,0.989596375748465,-4.710640078320235,6.900357467250516,3.172469841949298,3.190019335114488,2.605032368577833
1641,05/05/2023 15:32:14.046388,1824,True,True,True,True,Eyes,0.2132092,0.01446673,-1.757224,0.700729,0.1009648,0.7062471,0.0,0.0,0.0,0.0,0.0,0.0,0.0,-1.493525,-0.06535198,0.9249035,0.2354354,0.01207145,-1.742056,-0.002585782,0.4270872,-0.02386617,0.9038918,0.9002301,50.56087,357.4002,0.06194692,0.006569977,-0.998057,0.3597173,0.01087765,0.4281799,1.751233,0.2322728,-0.3716493,-0.07217443,0.2458224,2.04976,0.6340539,-0.04535357,-0.7719578,0.04093615,0.9988474,-0.0250604,0.7722046,-0.01571133,0.6351796,moving,-6.092727553357437,6.457260416011592,-2.0166177916840344,6.838673099367277,1.5157976,0.22020135,1.3704067,-0.10547203831034713,0.1118347473300015,0.9881136710737007,-5.550420290020814,6.921909289564925,4.0698968295949856,4.093915781282486,3.5347826468695196
1642,05/05/2023 15:32:14.056256,1825,True,True,True,True,Eyes,0.214985,0.01432341,-1.755752,0.7025463,0.1006823,0.7044798,0.0,0.0,0.0,0.0,0.0,0.0,0.0,-1.509084,-0.06467079,0.8886359,0.2437526,0.01146783,-1.735409,-0.001750102,0.434794,-0.02470303,0.9001892,1.050326,51.53718,357.3632,0.06818949,0.006744532,-0.9976488,0.3381342,0.01022499,0.4024891,1.784276,0.226559,-0.393063,-0.06904483,0.2438376,2.049505,0.6206879,-0.04599668,-0.7827073,0.04295294,0.9987734,-0.02463231,0.7828803,-0.01833062,0.6219022,moving,-6.935355861125048,6.557896148522277,-1.929481413757707,6.784809692089017,1.5405233999999999,0.21509117,1.342346,-0.11997076383129635,0.11338227012951993,0.9862816506612253,-6.400356824690311,7.004789208253522,4.979575104710951,5.0110147414530015,4.476283941799688
1643,05/05/2023 15:32:14.076345,1826,True,True,True,True,Eyes,0.2170181,0.01414664,-1.754067,0.7047669,0.100316,0.7023107,0.0,0.0,0.0,0.0,0.0,0.0,0.0,-1.523743,-0.06469509,0.8516212,0.2520319,0.01047323,-1.728469,-0.001390785,0.4425588,-0.02534953,0.8963801,1.142781,52.52605,357.3241,0.07353529,0.006880738,-0.9972681,0.3178462,0.009611495,0.3783397,1.817586,0.218441,-0.4154033,-0.06583923,0.2418053,2.049244,0.6069982,-0.04667663,-0.7933313,0.04421461,0.9987109,-0.02493065,0.7934722,-0.01994397,0.6082796,moving,-7.754704216859475,6.596443961828525,-1.8401970814189685,6.729630516360456,1.5655541,0.20796777,1.3130657000000001,-0.1340551237229446,0.11383861673094568,0.9844135287929108,-7.226878201013491,7.02760473189085,5.877956086968945,5.91600653426657,5.394916321623261
1644,05/05/2023 15:32:14.096682,1827,True,True,True,True,Eyes,0.2192953,0.01395222,-1.752149,0.7070715,0.09991555,0.7000477,0.0,0.0,0.0,0.0,0.0,0.0,0.0,-1.537036,-0.06457566,0.8153422,0.2601156,0.00957667,-1.721534,-0.0006711763,0.4500596,-0.02636945,0.8926089,1.29141,53.48431,357.2664,0.0784701,0.006993844,-0.9968911,0.2987754,0.009034805,0.3556393,1.850445,0.2119698,-0.4384349,-0.06259573,0.2397486,2.04898,0.593502,-0.04767935,-0.8034191,0.04647107,0.9986084,-0.02493384,0.8034898,-0.02253745,0.5948918,moving,-8.542075418736824,6.687530629530445,-1.7498248086609278,6.673761335873969,1.5903294,0.20239313,1.2830990999999998,-0.14754710125429327,0.1151799974233875,0.98232551968497,-8.021081695114212,7.102176202639842,6.746842786016682,6.792264566661415,6.285873227639399
1645,05/05/2023 15:32:14.106998,1828,True,True,True,True,Eyes,0.2218502,0.01372309,-1.750031,0.7097394,0.09967498,0.6973771,0.0,0.0,0.0,0.0,0.0,0.0,0.0,-1.549198,-0.06738622,0.778865,0.2684142,0.008924494,-1.714369,-0.001112551,0.4574263,-0.02706241,0.8888351,1.305332,54.43184,357.1834,0.08305059,0.007085257,-0.9965194,0.2808489,0.008492717,0.334301,1.88207,0.2035789,-0.4610314,-0.05932868,0.237677,2.048714,0.5800576,-0.04912586,-0.8130928,0.04709022,0.9985327,-0.02673587,0.8132132,-0.02278037,0.5815199,moving,-9.282140430822823,6.6498797011827735,-1.658764086700025,6.6174602335547865,1.6136557999999999,0.194654406,1.2533376,-0.16023900408759884,0.11430553489767205,0.9804374755258705,-8.767707144569684,7.052188458932187,7.573119094514427,7.62344527795749,7.12222296968952
1646,05/05/2023 15:32:14.126473,1829,True,True,True,True,Eyes,0.224644,0.0134622,-1.747696,0.7124597,0.09955726,0.6946146,0.0,0.0,0.0,0.0,0.0,0.0,0.0,-1.561262,-0.07250215,0.7411612,0.2774814,0.007764464,-1.707355,-0.003194817,0.4648758,-0.02690303,0.8849612,1.109233,55.39839,357.0998,0.08732963,0.007155254,-0.996153,0.2639979,0.007983154,0.3142429,1.912765,0.2003456,-0.4837823,-0.05616701,0.2356723,2.048457,0.5663334,-0.05058667,-0.8226223,0.04464589,0.9985321,-0.03066772,0.8229662,-0.01935856,0.5677605,moving,-10.020843441134208,6.407501817201788,-1.5706097361093754,6.5629498595947195,1.6352836000000002,0.192581136,1.2235727,-0.172952068359972,0.10991727125009584,0.9787776510561008,-9.513188854824747,6.802789996460403,8.400602339038299,8.451663372580661,7.946199490844991
1647,05/05/2023 15:32:14.146347,1830,True,True,True,True,Eyes,0.2276981,0.01317843,-1.745176,0.7155163,0.09954304,0.6914678,0.0,0.0,0.0,0.0,0.0,0.0,0.0,-1.571742,-0.07655074,0.7039371,0.2860286,0.00669078,-1.699972,-0.004923509,0.47217,-0.02676168,0.8810875,0.9509265,56.34858,357.0299,0.09135244,0.00720424,-0.9957919,0.2481581,0.007504164,0.2953883,1.943542,0.204051,-0.5081164,-0.05290407,0.2336033,2.048192,0.5526786,-0.05180822,-0.8317827,0.04250929,0.9985192,-0.03394821,0.8323098,-0.01659604,0.5540624,moving,-10.714279378594089,6.211705409075048,-1.4796005917257065,6.506663455549834,1.6575134,0.19736022,1.1918556,-0.1848574055620661,0.10633763142306554,0.9769954752030156,-10.212952413788585,6.599583105798844,9.187416917130433,9.239388104513043,8.733846123520348
1648,05/05/2023 15:32:14.156229,1831,True,True,True,True,Eyes,0.2308931,0.01288617,-1.742298,0.7203153,0.09989412,0.686416,0.0,0.0,0.0,0.0,0.0,0.0,0.0,-1.582151,-0.07988748,0.6660479,0.2951921,0.00583308,-1.692935,-0.006373645,0.4794866,-0.02659051,0.8771231,0.8204259,57.30551,356.9755,0.09516133,0.007233064,-0.9954349,0.2332686,0.007053914,0.277665,1.972909,0.2065188,-0.5317972,-0.04971731,0.2315827,2.047933,0.5387712,-0.05275846,-0.8407984,0.04053415,0.9985046,-0.03668053,0.8414764,-0.01431864,0.5401041,moving,-11.266774777777924,6.072132733703055,-1.390686419017294,6.45166813643638,1.6777169,0.20068572,1.1611378,-0.19432279442608225,0.10376400639975837,0.9754340440147522,-10.770470871334842,6.453681492211727,9.830506602616495,9.883378389598123,9.379784668399349
1649,05/05/2023 15:32:14.176037,1832,True,True,True,True,Eyes,0.3168121,0.004629335,-1.666076,0.8345103,0.1055017,0.5407975,0.0,0.0,0.0,0.0,0.0,0.0,0.0,-1.591328,-0.08259468,0.6273984,0.303933,0.00485432,-1.685341,-0.007898675,0.4869494,-0.02617051,0.8730023,0.670164,58.28653,356.9395,0.09878865,0.007243369,-0.9950814,0.2192725,0.00663068,0.2610051,2.002425,0.2082965,-0.556138,-0.04669112,0.2296636,2.047686,0.5243909,-0.05338633,-0.8498024,0.03800131,0.9985054,-0.03927854,0.8506292,-0.0116963,0.5256359,moving,-1.5919288337163364,6.653166948363319,-1.3062259667318445,6.3994145631160695,1.6984920000000001,0.20344218,1.129203,-0.0275938828046825,0.11581477149970482,0.9928874567892692,-1.0097606397830776,7.193698567803241,0.3801429951011178,0.38212092486780525,0.8478082154501279
1650,05/05/2023 15:32:14.196235,1833,True,True,True,True,Eyes,0.3172065,0.004581793,-1.665866,0.8349214,0.1053467,0.540193,0.0,0.0,0.0,0.0,0.0,0.0,0.0,-1.600461,-0.08112899,0.5882091,0.3129628,0.003626493,-1.67812,-0.007479154,0.4945137,-0.02632935,0.8687387,0.7474782,59.27994,356.9534,0.1116467,0.006665953,-0.9937249,0.4638731,-0.01853766,0.4740131,2.031371,0.2105328,-0.5811112,-0.04350513,0.2276435,2.047426,0.5095259,-0.05314373,-0.8588126,0.03834955,0.9985017,-0.03903531,0.8596002,-0.01304558,0.5108005,moving,-2.545310837049237,6.674819469639272,-1.2172773455775179,6.344385773150038,1.7184082,0.20690630699999998,1.0970088,-0.044109020344795635,0.11612112465982752,0.9922552228936914,-1.9715151616314477,7.197644921292164,1.3589940761031913,1.3685245274550633,1.1388265263217343
1651,05/05/2023 15:32:14.206304,1834,True,True,True,True,Eyes,0.3179477,0.004485209,-1.665374,0.8356768,0.105157,0.5390605,0.0,0.0,0.0,0.0,0.0,0.0,0.0,-1.608077,-0.07848021,0.5496156,0.321445,0.00271539,-1.670573,-0.006289017,0.5019461,-0.02670771,0.8644636,0.9132424,60.25874,356.9908,0.1219667,0.006182943,-0.9925142,0.4360408,-0.0174254,0.4455723,2.060864,0.2042722,-0.6067037,-0.04020846,0.2255532,2.047159,0.4946736,-0.05248919,-0.8674923,0.0398622,0.9984943,-0.03768492,0.8681642,-0.01593841,0.4960211,moving,-3.4503500421477384,6.788658553530917,-1.1252076084957163,6.287411397026159,1.739419,0.20155680999999998,1.0638693000000001,-0.05976313658459004,0.11799612324243129,0.9912140100769458,-2.8843974250124607,7.292264458867626,2.3614930715646394,2.378557556308729,2.025951254701946
1652,05/05/2023 15:32:14.226287,1835,True,True,True,True,Eyes,0.3190458,0.004348627,-1.664698,0.836711,0.1047022,0.5375427,0.0,0.0,0.0,0.0,0.0,0.0,0.0,-1.614958,-0.07622764,0.5113135,0.3303477,0.001456844,-1.663193,-0.005839828,0.5091487,-0.02653712,0.8602496,0.9726571,61.21421,357.0416,0.1302896,0.00577421,-0.9914585,0.4098783,-0.01637987,0.418838,2.089103,0.1952012,-0.631613,-0.03697926,0.2235056,2.046896,0.4801267,-0.05160376,-0.87568,0.0397104,0.9985234,-0.0370701,0.8762999,-0.01697525,0.481467,moving,-4.296223023080845,6.7867543434292,-1.034993993568293,6.231578744430116,1.7587553000000002,0.19374435599999998,1.03158,-0.0743909805250762,0.11784696790593638,0.990241423442296,-3.7377225378128864,7.275196511676742,3.2844966104829627,3.308146721150586,2.8972192923538485
1653,05/05/2023 15:32:14.246593,1836,True,True,True,True,Eyes,0.3204611,0.004236717,-1.663764,0.838025,0.1040942,0.5356104,0.0,0.0,0.0,0.0,0.0,0.0,0.0,-1.619999,-0.07241812,0.4757038,0.3386866,0.0006322311,-1.655665,-0.004097397,0.5157187,-0.02692571,0.8563251,1.189246,62.08665,357.1139,0.1370453,0.005423733,-0.9905492,0.3852856,-0.01539708,0.3937077,2.116381,0.1896255,-0.6564113,-0.03380591,0.2214934,2.046639,0.4666185,-0.05034052,-0.883025,0.0418881,0.9985164,-0.03478958,0.8834664,-0.02075477,0.4680349,moving,-5.036952624152718,6.942278933073043,-0.9463123876260617,6.176681442794961,1.7776944000000001,0.1889932689,0.9992536999999999,-0.08715942396616877,0.12040938509924097,0.9888907009779738,-4.48480116325801,7.413379171252098,4.130736126959475,4.161667581848767,3.74837619334617
1654,05/05/2023 15:32:14.266520,1837,True,True,True,True,Eyes,0.3221944,0.004111902,-1.662608,0.8395146,0.1035658,0.5333756,0.0,0.0,0.0,0.0,0.0,0.0,0.0,-1.624315,-0.07188691,0.4410722,0.3476136,0.001152999,-1.648416,-0.002416179,0.5218949,-0.02802097,0.852546,1.439892,62.91039,357.1159,0.1425767,0.005122141,-0.9897698,0.3621685,-0.01447326,0.3700853,2.141518,0.1788144,-0.678531,-0.03056872,0.219441,2.046376,0.4536811,-0.05030031,-0.8897434,0.04525635,0.9984179,-0.03336781,0.8900142,-0.0251282,0.4552397,moving,-5.720119689018185,7.134948089444542,-0.8558194501887106,6.120664025542408,1.7939044,0.17766140100000002,0.9698850000000001,-0.09890494765097513,0.12359774643406488,0.9873912991437277,-5.173768496069287,7.588781549757544,4.930226061879722,4.968922315327773,4.560707513942169
1655,05/05/2023 15:32:14.276479,1838,True,True,True,True,Eyes,0.3241949,0.003938572,-1.661216,0.8412449,0.1030585,0.5307409,0.0,0.0,0.0,0.0,0.0,0.0,0.0,-1.627339,-0.0763977,0.4058449,0.3563416,0.0007959418,-1.64067,-0.004151839,0.5281379,-0.02806161,0.8486846,1.294628,63.75445,357.0176,0.1473607,0.004853167,-0.9890702,0.3404384,-0.01360486,0.3478802,2.16611,0.1681779,-0.6998521,-0.02736193,0.2174077,2.046114,0.4405659,-0.0520164,-0.8962119,0.04324542,0.9983906,-0.036688,0.896678,-0.02259359,0.4421063,moving,-6.384165820424999,6.923126813922982,-0.7661497198095609,6.065146385414301,1.8097684000000003,0.1673819582,0.9408179000000001,-0.11039346120089011,0.11980081108618026,0.9866412663771219,-5.843901422837566,7.370492572536926,5.64145500262852,5.683153642343153,5.24285142130114
1656,05/05/2023 15:32:14.296540,1839,True,True,True,True,Eyes,0.3264493,0.003867478,-1.659604,0.8431567,0.1020741,0.5278898,0.0,0.0,0.0,0.0,0.0,0.0,0.0,-1.630056,-0.07742429,0.3718325,0.364674,-0.0005422914,-1.633508,-0.004546893,0.534205,-0.02845151,0.8448639,1.301578,64.57561,356.9649,0.1517935,0.004600909,-0.9884008,0.3200121,-0.01278857,0.3270074,2.189462,0.1709023,-0.7223786,-0.0242219,0.2154163,2.045858,0.4276311,-0.05293325,-0.9024022,0.04321736,0.9983397,-0.03808089,0.9029197,-0.02271486,0.4292088,moving,-7.011483212943086,6.8412849157724915,-0.6783206862160267,6.010746167604735,1.8247879999999999,0.1714445914,0.9111294,-0.12121194647257272,0.11824111611774811,0.9855590728522057,-6.476835934879418,7.279483855133478,6.341782166003749,6.387389310363659,5.935694938988833
1657,05/05/2023 15:32:14.306713,1840,True,True,True,True,Eyes,0.3290114,0.00392891,-1.657761,0.8452486,0.1017208,0.5246025,0.0,0.0,0.0,0.0,0.0,0.0,0.0,-1.631567,-0.07927791,0.3408481,0.3729338,0.001956013,-1.626465,7.264919e-05,0.5395852,-0.03252384,0.8413028,2.018432,65.29444,356.8655,0.1559276,0.004369777,-0.9877581,0.3008114,-0.01202125,0.3073869,2.211959,0.1670497,-0.7447931,-0.02089274,0.2133054,2.045588,0.4155801,-0.05464637,-0.9079136,0.05480317,0.9978844,-0.03497651,0.9079041,-0.035221,0.4176957,moving,-7.567392969814747,7.504115184829254,-0.5851736529336344,5.95305081739219,1.8390251999999998,0.165093687,0.8816719000000001,-0.13058370843355416,0.12947913953689202,0.9829461569574278,-7.036896351729054,7.9151834283037354,7.091921818603341,7.15242527126014,6.743492430851733
1658,05/05/2023 15:32:14.334501,1841,True,True,True,True,Eyes,0.3318064,0.004003062,-1.655696,0.8475059,0.101752,0.5209418,0.0,0.0,0.0,0.0,0.0,0.0,0.0,-1.632666,-0.09598191,0.3047773,0.3828038,0.005054566,-1.618992,-0.007573519,0.545666,-0.03055065,0.8374116,1.18362,66.14215,356.592,0.1598136,0.004165522,-0.9871377,0.2827627,-0.01129998,0.2889437,2.234079,0.1418082,-0.7633401,-0.01783061,0.2113639,2.045339,0.4026307,-0.05943216,-0.9134312,0.04290171,0.9980186,-0.04602521,0.9143566,-0.0206566,0.4043826,moving,-8.139387686797697,6.608094257064674,-0.49947359338442504,5.899963284860834,1.8512752,0.13675363399999999,0.8556519,-0.14065986565850025,0.11393338639149879,0.9834805868365415,-7.614936651000411,7.032035391723297,7.621935930075622,7.67266165216016,7.204956750698359
1659,05/05/2023 15:32:14.336136,1842,True,True,True,True,Eyes,0.3348468,0.00414665,-1.653435,0.8499703,0.1016666,0.5169278,0.0,0.0,0.0,0.0,0.0,0.0,0.0,-1.632792,-0.1087751,0.2703502,0.3912128,0.005296639,-1.611787,-0.01300707,0.5516322,-0.03051413,0.8334278,0.6866629,66.97744,356.2607,0.1634925,0.003986257,-0.9865358,0.2657969,-0.01062198,0.2716071,2.25581,0.1726352,-0.7882208,-0.01468199,0.2093674,2.045083,0.3895415,-0.06521288,-0.9186974,0.0365124,0.9977995,-0.05534605,0.920285,-0.01198424,0.3910654,moving,-8.699327746522469,6.030795568583474,-0.41132883608630827,5.845347614192015,1.8645972,0.167338561,0.8235662,-0.1504311349711558,0.1038674203295621,0.9831490179397332,-8.180457652211883,6.459588127799592,8.244791508598567,8.290073394317988,7.7933724388168235
1660,05/05/2023 15:32:14.356253,1843,True,True,True,True,Eyes,0.3381473,0.004363317,-1.650999,0.8525755,0.1018215,0.512589,0.0,0.0,0.0,0.0,0.0,0.0,0.0,-1.632536,-0.1186352,0.2365283,0.4000617,0.007125502,-1.60471,-0.01330179,0.5574723,-0.03345276,0.8294148,0.8727952,67.78152,355.967,0.1670019,0.003833627,-0.9859484,0.2498491,-0.009984662,0.2553107,2.276135,0.1884095,-0.8130703,-0.0114646,0.2073271,2.044821,0.3762111,-0.07032319,-0.9238614,0.04066166,0.9974079,-0.05936339,0.9256414,-0.01523257,0.3780954,moving,-9.257739108205048,6.152548340012485,-0.3212341379016438,5.789509695730726,1.8760733,0.181283998,0.7916397000000001,-0.15997303376714916,0.10579570158337799,0.9814356738866359,-8.743650261638162,6.568150875058347,8.89308198131122,8.94387601331209,8.45833171775153
1661,05/05/2023 15:32:14.376300,1844,True,True,True,True,Eyes,0.3416641,0.00455335,-1.648393,0.8553475,0.1022235,0.5078689,0.0,0.0,0.0,0.0,0.0,0.0,0.0,-1.631652,-0.1305971,0.2005361,0.4093467,0.009058589,-1.597471,-0.0184046,0.5635512,-0.03292722,0.8252195,0.3859867,68.64466,355.6936,0.170376,0.003709351,-0.9853715,0.2348582,-0.009385582,0.239992,2.297972,0.1809677,-0.8366947,-0.007749915,0.2049718,2.04452,0.3626519,-0.07508823,-0.9288948,0.0336005,0.9971541,-0.067488,0.9313188,-0.006736676,0.3641428,moving,-9.789629168380976,5.612989332126749,-0.21718315026882035,5.725015460882871,1.8886253000000002,0.171909111,0.7607763000000001,-0.1692392650023662,0.09639762402329599,0.980849314910212,-9.280831767950389,6.032972280978123,9.528144421869857,9.573101515349942,9.06887885396228
1662,05/05/2023 15:32:14.396438,1845,True,True,True,True,Eyes,0.3453662,0.004697571,-1.645638,0.8583285,0.1021201,0.5028356,0.0,0.0,0.0,0.0,0.0,0.0,0.0,-1.630875,-0.1343166,0.1646737,0.4179837,0.008549502,-1.590638,-0.02170969,0.569802,-0.03178959,0.8208799,0.03354328,69.53049,355.5878,0.173643,0.003609061,-0.9848015,0.2207667,-0.008822447,0.2255925,2.318204,0.1984403,-0.8619597,-0.00518167,0.2033431,2.04431,0.3486302,-0.07693132,-0.9340978,0.02745042,0.9970362,-0.07186963,0.9368583,-0.0005854421,0.3497088,moving,-10.313199571589069,5.203522543291699,-0.14522610858283724,5.680402914194988,1.9002203000000002,0.18989079799999997,0.7286783,-0.17831456818058616,0.08924030431340747,0.9799183905939524,-9.80947402631971,5.624672936658921,10.138190438167872,10.179150221533808,9.6644086030071
1663,05/05/2023 15:32:14.406863,1846,True,True,True,True,Eyes,0.3492583,0.004862056,-1.642763,0.8614389,0.1017574,0.4975626,0.0,0.0,0.0,0.0,0.0,0.0,0.0,-1.630098,-0.1305529,0.1316997,0.4261024,0.007662426,-1.584293,-0.01893991,0.5757228,-0.03300804,0.8167589,0.4049858,70.34367,355.6569,0.1768266,0.00352768,-0.9842351,0.2075207,-0.0082931,0.2120569,2.337821,0.2081745,-0.8884958,-0.001913846,0.2012709,2.044044,0.3349077,-0.07572749,-0.9392031,0.03211094,0.9971035,-0.06894563,0.9417037,-0.007068268,0.3363693,moving,-10.79875145764432,5.5384151411144344,-0.05364623579256119,5.623615760448318,1.9117186,0.200512074,0.6957972,-0.1865157639754798,0.09481950401025291,0.9778656447869628,-10.298925733013991,5.942176686473874,10.696464381715446,10.745443005023144,10.250230877388862
1664,05/05/2023 15:32:14.426653,1847,True,True,True,True,Eyes,0.3533581,0.005071016,-1.639784,0.8648918,0.1011515,0.491661,0.0,0.0,0.0,0.0,0.0,0.0,0.0,-1.629156,-0.1263257,0.1007324,0.4344918,0.008379009,-1.578417,-0.01568549,0.5811107,-0.03370218,0.8129752,0.7830045,71.08537,355.8117,0.179948,0.003464559,-0.9836695,0.1950694,-0.007795514,0.1993335,2.357555,0.1918265,-0.9117167,0.00122571,0.1992802,2.043788,0.322349,-0.07302807,-0.9437999,0.03656806,0.9972363,-0.06467322,0.9459144,-0.01366558,0.3241286,moving,-11.163151019910401,5.890282776934864,0.034361685990599064,5.569038939039204,1.9230632,0.18344749100000002,0.6667002999999999,-0.19261926424786313,0.10070205757816043,0.9760926724551446,-10.666138980011114,6.2783956215863075,11.144453615679625,11.202119817347084,10.723987197221811
1665,05/05/2023 15:32:14.446316,1848,True,True,True,True,Eyes,0.357656,0.005282416,-1.636706,0.8684403,0.1006833,0.4854629,0.0,0.0,0.0,0.0,0.0,0.0,0.0,-1.627457,-0.1276773,0.06806147,0.443435,0.009705547,-1.57252,-0.0161693,0.5866467,-0.03327639,0.8089975,0.7380546,71.86879,355.8241,0.1830269,0.003420558,-0.9831014,0.1833653,-0.007327783,0.1873735,2.376178,0.1766976,-0.9331672,0.00462234,0.1971267,2.043513,0.3094765,-0.07281235,-0.9481154,0.03486969,0.9972625,-0.06520481,0.9502677,-0.01288113,0.3111683,moving,-11.52678953871695,5.799828981445521,0.1296004095860726,5.509966806167964,1.9327429999999999,0.166992053,0.6393527999999999,-0.19884371949511803,0.09903541038410973,0.9750143955587465,-11.033081963795542,6.1837398485303,11.601926708776883,11.659993426565745,11.182998161567355
1666,05/05/2023 15:32:14.456422,1849,True,True,True,True,Eyes,0.3621404,0.005490609,-1.633568,0.8723065,0.09982076,0.4786618,0.0,0.0,0.0,0.0,0.0,0.0,0.0,-1.625493,-0.1292979,0.0339371,0.4524284,0.009949753,-1.566942,-0.01768158,0.5925011,-0.03259762,0.8047158,0.5827632,72.70599,355.7896,0.186081,0.003393951,-0.982528,0.1723634,-0.006888116,0.1761311,2.394256,0.1775126,-0.9566875,0.007634163,0.1952169,2.043268,0.2957598,-0.07341634,-0.952437,0.03151092,0.9972495,-0.06708553,0.9547426,-0.01017096,0.2972597,moving,-11.89748603121528,5.565671448384165,0.2140704423997332,5.457559378906711,1.9418275999999999,0.167562847,0.6102545,-0.2052303648843259,0.09492210595912605,0.9740996991982895,-11.407306709029054,5.948967826269724,12.05656310682012,12.112038987434461,11.63176208310206
1667,05/05/2023 15:32:14.479929,1850,True,True,True,True,Eyes,0.3668039,0.005725535,-1.630353,0.8762444,0.0988949,0.4716095,0.0,0.0,0.0,0.0,0.0,0.0,0.0,-1.623311,-0.1283188,0.00017941,0.4611886,0.01008537,-1.561669,-0.0166393,0.5984204,-0.0329278,0.8003324,0.7319969,73.54541,355.8351,0.1891245,0.003382844,-0.9819467,0.1620215,-0.006474829,0.1655632,2.412268,0.1810246,-0.9829262,0.01084393,0.1931817,2.043007,0.2816175,-0.07262095,-0.9567746,0.03279178,0.9972778,-0.06604327,0.9589661,-0.01277541,0.2832323,moving,-12.276312740280133,5.649496442762801,0.3041132936354176,5.4016866619586965,1.9510794,0.17093923,0.5787428,-0.2116400176621836,0.09621266183067084,0.9726004302358846,-11.789375639403177,6.023812961432953,12.523657385878776,12.582866481143409,12.10948040611258
1668,05/05/2023 15:32:14.496383,1851,True,True,True,True,Eyes,0.3716497,0.005945779,-1.627138,0.8803307,0.09771495,0.4641871,0.0,0.0,0.0,0.0,0.0,0.0,0.0,-1.62061,-0.1278286,-0.0331943,0.4701001,0.01098609,-1.556503,-0.01555115,0.6042058,-0.03315423,0.7959864,0.8770584,74.37033,355.8952,0.1921703,0.003387324,-0.9813551,0.1523003,-0.006086339,0.1556294,2.430335,0.173606,-1.009151,0.01403642,0.1911572,2.042746,0.2676723,-0.07157281,-0.9608481,0.03398845,0.9973179,-0.06482095,0.9629104,-0.01530695,0.269387,moving,-12.61523823744798,5.7200496054015,0.39369308201469855,5.34608687045484,1.9602349,0.16261991,0.5473520000000001,-0.21736681069715413,0.09728488440896833,0.9712298067374596,-12.131206856614094,6.086446932556111,12.951716347018488,13.014305290780054,12.54676259017513
1669,05/05/2023 15:32:14.516123,1852,True,True,True,True,Eyes,0.3766532,0.006169077,-1.623888,0.8844661,0.09630623,0.4565578,0.0,0.0,0.0,0.0,0.0,0.0,0.0,-1.618032,-0.1242674,-0.06620836,0.4789766,0.01113124,-1.551874,-0.01420924,0.6099331,-0.03264384,0.7916527,0.9926155,75.191,356.0418,0.1952292,0.003404979,-0.9807511,0.1431622,-0.005721159,0.1462917,2.447873,0.1671056,-1.03511,0.0172416,0.189125,2.042485,0.253832,-0.06901854,-0.9647828,0.03435179,0.997465,-0.06231868,0.9666381,-0.01732354,0.2555594,moving,-12.926262943603692,5.7688507797535475,0.4836497934059904,5.290248601625405,1.9688964,0.15597435999999998,0.516764,-0.2226202905701128,0.09799300796590586,0.9699679238733288,-12.44491601245395,6.128392949888701,13.35301079202674,13.418450717542749,12.955705297087325
1670,05/05/2023 15:32:14.526420,1853,True,True,True,True,Eyes,0.3818301,0.006417725,-1.620651,0.888673,0.09453157,0.4486916,0.0,0.0,0.0,0.0,0.0,0.0,0.0,-1.615329,-0.1196971,-0.09825468,0.4877383,0.01148955,-1.547659,-0.01057495,0.6155326,-0.03322231,0.7873399,1.389369,75.99026,356.2529,0.1983099,0.003434704,-0.9801328,0.1345725,-0.005377889,0.1375142,2.464689,0.1609474,-1.061366,0.02046427,0.1870814,2.042223,0.240032,-0.06533294,-0.968564,0.03929605,0.9975689,-0.05755097,0.9699692,-0.02424667,0.2420157,moving,-13.219283512181702,6.095363501230773,0.5741180366818583,5.234071353835586,1.9769507,0.14945785,0.48629299999999986,-0.227452773006542,0.10340044429806634,0.9682838709473691,-12.740150115234393,6.441196084802856,13.745430126922704,13.820265932729235,13.368877534678974
1671,05/05/2023 15:32:14.546721,1854,True,True,True,True,Eyes,0.3871589,0.006648579,-1.6174,0.8928978,0.09276786,0.4405993,0.0,0.0,0.0,0.0,0.0,0.0,0.0,-1.612271,-0.1176663,-0.1304206,0.4968907,0.01250343,-1.543766,-0.007364964,0.6210572,-0.03410459,0.7829883,1.766619,76.78675,356.4118,0.2014206,0.003476836,-0.979498,0.1264981,-0.005055216,0.1292633,2.481337,0.1450082,-1.087079,0.02370289,0.1850278,2.041959,0.2262496,-0.06255511,-0.9720588,0.04425886,0.9975653,-0.05389516,0.9730635,-0.03082844,0.2284673,moving,-13.50009551945147,6.393410213446341,0.6650547669197971,5.177596329784683,1.9844462999999999,0.13250477,0.45668700000000007,-0.23207355380702782,0.10831446296815839,0.9666488209218514,-13.023100146314162,6.726488564147652,14.132996476348074,14.217232010317213,13.775509140585726
1672,05/05/2023 15:32:14.556369,1855,True,True,True,True,Eyes,0.3926249,0.006850185,-1.614168,0.8971564,0.09066967,0.4323072,0.0,0.0,0.0,0.0,0.0,0.0,0.0,-1.608734,-0.114787,-0.1632972,0.505853,0.01231823,-1.540074,-0.006296176,0.6267226,-0.03362482,0.7784913,1.853487,77.61552,356.5443,0.2045677,0.003529092,-0.9788455,0.1189083,-0.004751903,0.1215075,2.497798,0.1303279,-1.113461,0.02705246,0.1829041,2.041688,0.2121765,-0.06024516,-0.9753726,0.04446134,0.9976594,-0.05194989,0.9762195,-0.03234382,0.2143585,moving,-13.777827497893554,6.375578063414177,0.759127293474345,5.1191625269671395,1.9919449999999999,0.11800967,0.4266129999999999,-0.23676752948061375,0.10788791535073422,0.9655575824339162,-13.303298293292993,6.704122348928474,14.505459419546277,14.591149187315564,14.15146321129375
1673,05/05/2023 15:32:14.576690,1856,True,True,True,True,Eyes,0.3982298,0.007054488,-1.610943,0.9014335,0.08835558,0.4238055,0.0,0.0,0.0,0.0,0.0,0.0,0.0,-1.604929,-0.1137362,-0.1946845,0.5145462,0.01194998,-1.536794,-0.002068897,0.6321784,-0.0358602,0.7739899,2.415014,78.41211,356.6647,0.2077554,0.00358871,-0.9781737,0.1117738,-0.004466788,0.1142171,2.513178,0.1250341,-1.141222,0.03008658,0.18098,2.041441,0.1981291,-0.05812668,-0.978451,0.05289504,0.9974195,-0.04854269,0.9787477,-0.04213747,0.2006924,moving,-14.053399466700142,6.8195245884271865,0.8443590880978821,5.0662017437895654,1.9986318,0.11308412000000001,0.39557200000000003,-0.24120844200218516,0.11523627728566503,0.9636074165207823,-13.58079803959262,7.131637693573177,14.900501072837255,15.000578354003084,14.572274490319575
1674,05/05/2023 15:32:14.596398,1857,True,True,True,True,Eyes,0.4039679,0.007243606,-1.607752,0.9056365,0.08611834,0.4152182,0.0,0.0,0.0,0.0,0.0,0.0,0.0,-1.600477,-0.1148257,-0.226982,0.5234834,0.01228549,-1.533638,0.0009869346,0.6377627,-0.03774764,0.7693069,2.846856,79.23705,356.7386,0.2109884,0.003655138,-0.9774812,0.1050673,-0.004198781,0.1073641,2.528409,0.1024867,-1.168411,0.03329745,0.1789441,2.04118,0.1836678,-0.05682017,-0.9813449,0.05933789,0.9971483,-0.04662956,0.9811958,-0.04966658,0.1865156,moving,-14.348988730239078,7.126664355191275,0.9345741937348552,5.0101393997660475,2.0049256,0.09020121,0.36522699999999997,-0.24602912302171648,0.1202498722414456,0.9617742100300499,-13.878645249950964,7.425522424260747,15.31772329169489,15.429419092694593,15.008848904623191
1675,05/05/2023 15:32:14.606305,1858,True,True,True,True,Eyes,0.409833,0.00741375,-1.604594,0.9098223,0.08377136,0.4064551,0.0,0.0,0.0,0.0,0.0,0.0,0.0,-1.595779,-0.1143339,-0.2593035,0.5323772,0.01217358,-1.530766,0.002457984,0.6433164,-0.03817463,0.7646442,3.030968,80.06579,356.8302,0.2142693,0.003726776,-0.9767669,0.09876329,-0.003946854,0.1009222,2.543225,0.08526817,-1.197025,0.03648072,0.1769256,2.040921,0.1693735,-0.0552175,-0.984004,0.06154255,0.9970733,-0.04535777,0.9836286,-0.0528757,0.172276,moving,-14.615779426301504,7.184801294724802,1.0240321526753668,4.954533098500566,2.0108478,0.07309459,0.33374100000000007,-0.25047926767690926,0.12108306613954184,0.9605201893806483,-14.147720306517652,7.477358442856801,15.68226361471292,15.798031600582028,15.38007543548326
1676,05/05/2023 15:32:14.626676,1859,True,True,True,True,Eyes,0.4158378,0.007582717,-1.601461,0.9138874,0.08181226,0.3976387,0.0,0.0,0.0,0.0,0.0,0.0,0.0,-1.591162,-0.1136423,-0.2900622,0.5412976,0.01192928,-1.5283,0.004746698,0.6485038,-0.0390157,0.7601961,3.314719,80.84494,356.9474,0.2176006,0.003801962,-0.9760299,0.0928375,-0.003710043,0.09486687,2.557115,0.07644344,-1.22622,0.03971347,0.1748758,2.040658,0.1558413,-0.05316265,-0.9863504,0.06547565,0.9969105,-0.0433868,0.9856097,-0.05782049,0.1588407,moving,-14.83998750874208,7.3747717612498045,1.1148987368572596,4.898040470617451,2.0158174,0.06451416,0.3020799999999999,-0.2541391370003429,0.12414460991921461,0.9591670221475947,-14.373689430493233,7.658386226662832,16.02200688874758,16.14597761041469,15.732637163257387
1677,05/05/2023 15:32:14.646272,1860,True,True,True,True,Eyes,0.4219848,0.007733607,-1.598383,0.9179019,0.08001789,0.3886557,0.0,0.0,0.0,0.0,0.0,0.0,0.0,-1.5863,-0.1137319,-0.3203455,0.5506504,0.01198614,-1.525957,0.00525718,0.6534446,-0.03895885,0.755953,3.374567,81.59214,357.0123,0.2209854,0.003880272,-0.9752688,0.08726725,-0.00348744,0.08917486,2.570342,0.06390741,-1.254138,0.04302549,0.1727755,2.040388,0.1429849,-0.05203155,-0.9883561,0.06577265,0.9969092,-0.04296653,0.9875369,-0.05886325,0.1459652,moving,-15.012442070794428,7.338802815893029,1.2080122499902237,4.840132275300158,2.0196916000000003,0.05192127,0.27181900000000003,-0.2570476178591783,0.12344422614344526,0.9584821641902991,-14.54770333335545,7.620245418141977,16.287389207653383,16.411779088297774,15.999112557585297
1678,05/05/2023 15:32:14.656370,1861,True,True,True,True,Eyes,0.4282675,0.007831411,-1.595367,0.9218011,0.07856884,0.3796178,0.0,0.0,0.0,0.0,0.0,0.0,0.0,-1.581445,-0.1132867,-0.3507432,0.560264,0.01173495,-1.524069,0.003547426,0.6583149,-0.03759075,0.7517952,3.14293,82.33282,357.0234,0.2244258,0.003960284,-0.9744825,0.08203121,-0.003278194,0.08382437,2.583189,0.05978695,-1.281084,0.04611421,0.1708172,2.040136,0.130417,-0.05185043,-0.9901026,0.06119173,0.9971487,-0.04415922,0.9895691,-0.05482697,0.1332179,moving,-15.1616187176844,7.017956508494513,1.2948645445357394,4.786117067241058,2.022925,0.048052,0.242985,-0.25971581181204517,0.11798779263978387,0.9584500939223689,-14.698554706079022,7.305009352032176,16.492011784832233,16.607135473984254,16.190561375947254
1679,05/05/2023 15:32:14.676516,1862,True,True,True,True,Eyes,0.4346871,0.007866493,-1.592418,0.9256517,0.0771594,0.3704259,0.0,0.0,0.0,0.0,0.0,0.0,0.0,-1.576109,-0.1135652,-0.38098,0.569815,0.01055663,-1.522289,0.002635758,0.6631634,-0.03728525,0.7475409,3.060655,83.07402,357.0007,0.2279232,0.004038595,-0.9736702,0.07710934,-0.003081502,0.0787949,2.595622,0.0656815,-1.308548,0.04925987,0.1688225,2.039881,0.1176485,-0.05224863,-0.9916799,0.05924038,0.9972057,-0.04551175,0.9912868,-0.0533931,0.120415,moving,-15.320876798269298,6.839970338723395,1.3833327642223792,4.731071469955477,2.0258070000000004,0.055124870000000006,0.21374099999999996,-0.2624739016518518,0.11492100891090459,0.9580712931586113,-14.859415628144252,7.128759489537709,16.72609834955842,16.83680704725005,16.418763143945313
1680,05/05/2023 15:32:14.696060,1863,True,True,True,True,Eyes,0.4412374,0.00786259,-1.589532,0.9293935,0.07589242,0.3612037,0.0,0.0,0.0,0.0,0.0,0.0,0.0,-1.57051,-0.1152864,-0.4112021,0.5795285,0.009092953,-1.520837,0.002231849,0.6679825,-0.03786004,0.74321,3.089576,83.81463,356.9406,0.2314789,0.00411155,-0.9728308,0.07248278,-0.002896612,0.07406721,2.607716,0.06521627,-1.336338,0.05249681,0.16677,2.039618,0.1047321,-0.05329426,-0.9930716,0.0592576,0.9971232,-0.04726223,0.9927336,-0.05389716,0.1075889,moving,-15.494153607243856,6.771207100783106,1.4743847668124133,4.674408712437366,2.0281875,0.056123317000000006,0.18449899999999997,-0.2654084053947048,0.11367642648808698,0.9574111439481655,-15.034295903884944,7.058657260701074,16.987719538223832,17.09759801940581,16.679963388057967
1681,05/05/2023 15:32:14.706850,1864,True,True,True,True,Eyes,0.4479318,0.007825378,-1.58672,0.9330673,0.07463913,0.3518725,0.0,0.0,0.0,0.0,0.0,0.0,0.0,-1.564523,-0.1180317,-0.4405957,0.5892366,0.008174367,-1.519381,0.002676686,0.6726219,-0.03903258,0.7389515,3.236882,84.53156,356.8947,0.2350934,0.004177284,-0.9719633,0.0,0.0,0.0,2.619664,0.06052735,-1.364448,0.05562153,0.1647887,2.039365,0.09211254,-0.05408557,-0.9942788,0.06128716,0.9969385,-0.04855245,0.9938609,-0.05646421,0.09514529,moving,-15.64779265522572,6.826179140315978,1.5622946680440768,4.619687013559403,2.0304274,0.052352983,0.154933,-0.26794886087028025,0.11451139261025833,0.9566035705732419,-15.189226293652064,7.109445208181543,17.23807105556703,17.350957125761408,16.93553513762802
1682,05/05/2023 15:32:14.731241,1865,True,True,True,True,Eyes,0.4547503,0.00774023,-1.583962,0.9375455,0.07322,0.3400696,0.0,0.0,0.0,0.0,0.0,0.0,0.0,-1.558783,-0.119265,-0.4694372,0.599399,0.007346502,-1.518245,0.002720105,0.6770111,-0.03943271,0.7349107,3.29006,85.21397,356.8835,0.2387678,0.00423446,-0.971067,0.0,0.0,0.0,2.631218,0.05217005,-1.391683,0.05874526,0.1628082,2.039111,0.08020222,-0.05427596,-0.9952999,0.06164212,0.9968753,-0.04939469,0.9948708,-0.05739083,0.08329732,moving,-15.605090466277353,6.793332188185312,1.6501920386901103,4.564967850621616,2.031819,0.044823548000000005,0.12656200000000006,-0.26725212373439,0.11398586802659835,0.9568613222740749,-15.146184950275012,7.078215272889462,17.2867815751441,17.398574135461846,16.983365171866648
1683,05/05/2023 15:32:14.746351,1866,True,True,True,True,Eyes,0.4617035,0.00759828,-1.581293,0.941834,0.07172041,0.3283366,0.0,0.0,0.0,0.0,0.0,0.0,0.0,-1.553423,-0.1181396,-0.4959929,0.609225,0.006026866,-1.5172,0.003035319,0.6809257,-0.03934366,0.7312888,3.326146,85.82605,356.9332,0.2425023,0.004280989,-0.9701409,0.0,0.0,0.0,2.642658,0.04704707,-1.418298,0.06224246,0.1605905,2.038826,0.06958479,-0.05340949,-0.9961453,0.0616768,0.9968857,-0.04914081,0.9956676,-0.05801959,0.07266221,moving,-15.491097398666833,6.7576686045947385,1.7486156159272164,4.503670285237559,2.033433,0.041020204000000005,0.09890200000000005,-0.2653641952637047,0.11345162568825953,0.9574500489147544,-15.03122800475623,7.045523670515348,17.27625139370356,17.386437623884554,16.971274865691118
1684,05/05/2023 15:32:14.756504,1867,True,True,True,True,Eyes,0.4687791,0.0074066,-1.578612,0.9459671,0.06996954,0.3166235,0.0,0.0,0.0,0.0,0.0,0.0,0.0,-1.548859,-0.1172455,-0.520619,0.6194187,0.004550152,-1.516592,0.004586667,0.6843202,-0.03994811,0.7280723,3.517502,86.35986,357.0198,0.2462968,0.004314438,-0.9691844,0.0,0.0,0.0,2.653304,0.04250404,-1.441797,0.06517567,0.1587304,2.038586,0.06022039,-0.05189273,-0.9968355,0.06444772,0.9967662,-0.04799573,0.9961025,-0.06135343,0.06337002,moving,-15.310721238233667,6.874955451747684,1.831180665191455,4.45223772427844,2.0338852999999997,0.037953888,0.07479499999999994,-0.2622859699109467,0.11551210413144349,0.9580516454500101,-14.84913127535888,7.163022961282815,17.199250256675832,17.31226045476568,16.899146813825453
1685,05/05/2023 15:32:14.776548,1868,True,True,True,True,Eyes,0.4759845,0.007168592,-1.576042,0.9499024,0.06811259,0.3050348,0.0,0.0,0.0,0.0,0.0,0.0,0.0,-1.544587,-0.1169468,-0.5435303,0.629511,0.003059936,-1.5161,0.00628106,0.6873338,-0.04079662,0.725168,3.737844,86.83663,357.0972,0.2501523,0.004333074,-0.9681964,0.0,0.0,0.0,2.664016,0.03211481,-1.463137,0.06841014,0.1566795,2.038324,0.05181573,-0.05053441,-0.9973773,0.06780315,0.9965924,-0.04697213,0.9963523,-0.06519143,0.05506554,moving,-15.08630840646394,7.013753827368634,1.9222368973697965,4.3955014642846955,2.0345050000000002,0.029054874,0.05296300000000009,-0.25845670263708853,0.11795873886271002,0.9587940302490368,-14.622585829301439,7.302269750786043,17.09268021960817,17.20888894697619,16.79822791035968
1686,05/05/2023 15:32:14.796186,1869,True,True,True,True,Eyes,0.483307,0.006900419,-1.573586,0.9536568,0.06613251,0.2935393,0.0,0.0,0.0,0.0,0.0,0.0,0.0,-1.540811,-0.1179549,-0.5656539,0.6398188,0.001750208,-1.516115,0.007967454,0.690119,-0.04197089,0.722434,3.981923,87.27975,357.1475,0.2540675,0.004335505,-0.9671764,0.0,0.0,0.0,2.674344,0.02076557,-1.482466,0.07151402,0.1547115,2.038072,0.04394836,-0.0496454,-0.9977997,0.07163937,0.9963499,-0.04641789,0.9964621,-0.06944173,0.04734451,moving,-14.840771645806566,7.162435290055462,2.0096302348926653,4.341037968323678,2.0345252,0.019015362,0.03364900000000004,-0.25426469339027885,0.12058501651875815,0.9595878496500194,-14.374719290652418,7.451524083440653,16.965477319497694,17.084973701710737,16.676991132922176
1687,05/05/2023 15:32:14.816191,1870,True,True,True,True,Eyes,0.4907692,0.006598221,-1.571241,0.9571991,0.0642446,0.2822102,0.0,0.0,0.0,0.0,0.0,0.0,0.0,-1.537109,-0.1201211,-0.5864878,0.649938,0.0008114455,-1.51614,0.009043692,0.6926439,-0.04311861,0.7199332,4.172148,87.68274,357.1519,0.2580411,0.004321466,-0.9661239,0.0,0.0,0.0,2.684639,0.008643477,-1.501292,0.07473409,0.1526697,2.037809,0.03677055,-0.04955691,-0.9980943,0.07461314,0.9961179,-0.04670998,0.9965345,-0.07275338,0.0403254,moving,-14.568977610260244,7.251793063413574,2.100309598342168,4.284512790005638,2.034701,0.0078320315,0.014847999999999972,-0.2496591491905384,0.12223279171504203,0.9605881201165326,-14.100430939201784,7.543460348568369,16.810757656088818,16.93132860303148,16.525275584821024
1688,05/05/2023 15:32:14.826320,1871,True,True,True,True,Eyes,0.4983533,0.006277909,-1.568893,0.9605373,0.06246728,0.2710463,0.0,0.0,0.0,0.0,0.0,0.0,0.0,-1.533973,-0.1212555,-0.6069337,0.6607463,-0.00031331,-1.51643,0.008423829,0.6948914,-0.04324884,0.7177637,4.140308,88.04014,357.1048,0.2620721,0.004290486,-0.9650384,0.0,0.0,0.0,2.69453,-0.001246152,-1.518815,0.07795261,0.1506287,2.037548,0.03051097,-0.0503776,-0.9982641,0.07379219,0.9961172,-0.04801386,0.9968069,-0.07219914,0.03410998,moving,-14.252604976901257,7.114181533166735,2.190956170953424,4.227982898083246,2.0337837,-0.0009328419999999999,-0.0023850000000000815,-0.24441562489953494,0.12009088742262325,0.9622054580850157,-13.781426640366742,7.415095709682503,16.580891862812017,16.69493473435562,16.287255776993742
1689,05/05/2023 15:32:14.836238,1872,True,True,True,True,Eyes,0.5060838,0.005915773,-1.566669,0.9636679,0.06090033,0.2600682,0.0,0.0,0.0,0.0,0.0,0.0,0.0,-1.530657,-0.1223579,-0.6272169,0.6712136,-0.001283632,-1.516823,0.008545156,0.697187,-0.04363042,0.7155094,4.190073,88.40761,357.0964,0.266161,0.004243139,-0.9639189,0.0,0.0,0.0,2.704962,-0.003527401,-1.535168,0.08123881,0.1485452,2.037281,0.02405326,-0.0505208,-0.9984334,0.07435109,0.9960467,-0.04860884,0.9969421,-0.07306539,0.02771443,moving,-13.962802604806186,7.080093149870424,2.2835220950791575,4.170253580526671,2.0337484000000003,-0.0022437689999999996,-0.018345000000000056,-0.23955800529973925,0.11966772052295932,0.9634789769877744,-13.489110185773663,7.387100508175695,16.393801309679027,16.50485481830795,16.09733000292053
1690,05/05/2023 15:32:14.856115,1873,True,True,True,True,Eyes,0.5139209,0.005509485,-1.564521,0.9665946,0.05946916,0.2493157,0.0,0.0,0.0,0.0,0.0,0.0,0.0,-1.52822,-0.1194622,-0.6471817,0.6824328,-0.002682202,-1.517515,0.007218669,0.699192,-0.04227282,0.7136465,3.980491,88.72734,357.1132,0.2703073,0.004178477,-0.9627648,0.0,0.0,0.0,2.714903,-0.008614228,-1.552035,0.08468404,0.1463606,2.037,0.01868695,-0.05024122,-0.9985623,0.07043017,0.9963218,-0.04881047,0.9973417,-0.06941678,0.0221567,moving,-13.618074729609303,6.802291189762839,2.380582085179549,4.109699732281556,2.0324702,-0.005932026,-0.034520000000000106,-0.23388230861943937,0.11515863156818205,0.9654209316650123,-13.141658581022943,7.122679020321526,16.122995172767233,16.223657683589447,15.811957484437789
1691,05/05/2023 15:32:14.876448,1874,True,True,True,True,Eyes,0.5218944,0.00506838,-1.562512,0.9693317,0.05809398,0.2387909,0.0,0.0,0.0,0.0,0.0,0.0,0.0,-1.526605,-0.1155727,-0.6648557,0.692764,-0.004276286,-1.518543,0.006676031,0.7008705,-0.04102109,0.7120768,3.842191,88.99662,357.1815,0.2745087,0.004095525,-0.9615756,0.0,0.0,0.0,2.725598,-0.004480732,-1.566903,0.08758789,0.1445192,2.036764,0.01419555,-0.04906226,-0.9986949,0.06777839,0.9965454,-0.04799325,0.9975995,-0.06700863,0.01747189,moving,-13.238993966255194,6.6125136485104905,2.4623993486563442,4.058637047936169,2.0328340000000003,-0.0002044460000000005,-0.04835999999999996,-0.22756907106231317,0.11213268150483675,0.967284099266762,-12.759452524620585,6.944624547658074,15.814666469821981,15.907735153707764,15.493020954627779
1692,05/05/2023 15:32:14.886313,1875,True,True,True,True,Eyes,0.5299923,0.004595935,-1.560624,0.9719032,0.0568906,0.2284023,0.0,0.0,0.0,0.0,0.0,0.0,0.0,-1.525279,-0.1139097,-0.682672,0.7039883,-0.005548698,-1.519822,0.006886343,0.7023937,-0.04066413,0.7105928,3.836597,89.24247,357.2358,0.2787637,0.003993968,-0.9603511,0.0,0.0,0.0,2.735335,-0.00312668,-1.58037,0.0906854,0.1425551,2.036511,0.009979066,-0.04811743,-0.9987919,0.06746513,0.996598,-0.04733769,0.9976718,-0.06691124,0.01319139,moving,-12.858950867789902,6.5623690435360515,2.549684460242556,4.004154182652932,2.0313467000000003,0.002422018,-0.060548000000000046,-0.22116509411910557,0.11145459072655652,0.9688466630654993,-12.376118610895212,6.9026111145984155,15.530100188078979,15.619555241642868,15.204625937678586
1693,05/05/2023 15:32:14.906324,1876,True,True,True,True,Eyes,0.5382178,0.004084957,-1.558884,0.9742977,0.05581445,0.2182401,0.0,0.0,0.0,0.0,0.0,0.0,0.0,-1.524086,-0.1081929,-0.7007743,0.7150324,-0.006843923,-1.521286,0.005807289,0.7039945,-0.03856048,0.7091342,3.584988,89.49961,357.3288,0.2830704,0.003873748,-0.959091,0.0,0.0,0.0,2.745915,-0.006272097,-1.593394,0.09389375,0.1405206,2.036251,0.005809715,-0.04651251,-0.9989009,0.0628657,0.9969587,-0.04605644,0.9980052,-0.06252903,0.008716111,moving,-12.484361991905638,6.2807366099863335,2.640100661688029,3.9476925437333668,2.0308826,0.0005718260000000001,-0.07210800000000006,-0.21493573949780342,0.10684324723380621,0.970766269865806,-11.99854731413757,6.634995210280551,15.22307266136915,15.303348168784103,14.883266112711098
1694,05/05/2023 15:32:14.926541,1877,True,True,True,True,Eyes,0.546554,0.003544069,-1.557335,0.9765493,0.05477991,0.2082084,0.0,0.0,0.0,0.0,0.0,0.0,0.0,-1.523283,-0.1033551,-0.7184924,0.7262953,-0.008287154,-1.523066,0.005692453,0.7054648,-0.03716007,0.7077474,3.467817,89.73743,357.4409,0.2874265,0.003734382,-0.9577952,0.0,0.0,0.0,2.756229,-0.0006109634,-1.606923,0.09711246,0.1384795,2.035989,0.00187718,-0.04456823,-0.9990047,0.06063153,0.9971735,-0.0443726,0.9981586,-0.06048787,0.00457412,moving,-12.108278986602544,6.139466506901372,2.730820356561703,3.8910277331092074,2.0299337,0.0076761906,-0.08385700000000007,-0.20860928212538926,0.10459599506692183,0.972389817371484,-11.61931086163704,6.504140450795706,14.933545130843987,15.008475813212666,14.58611065551256
1695,05/05/2023 15:32:14.946573,1878,True,True,True,True,Eyes,0.5550149,0.003010888,-1.55594,0.9786447,0.05372886,0.1984132,0.0,0.0,0.0,0.0,0.0,0.0,0.0,-1.522621,-0.1000573,-0.7355178,0.7372913,-0.009483604,-1.525019,0.005617951,0.7068422,-0.03620383,0.7064219,3.389192,89.96068,357.5192,0.2918279,0.00357598,-0.9564639,0.0,0.0,0.0,2.766741,0.0001924876,-1.619989,0.1002795,0.1364717,2.035732,-0.001873426,-0.04320834,-0.9990644,0.05909236,0.9973155,-0.04324351,0.9982508,-0.05911808,0.0006849262,moving,-11.739415969768908,6.027623791992682,2.820092045214268,3.8352643580895136,2.0294497000000002,0.009676091599999999,-0.09497,-0.20238223426433188,0.10283496762823138,0.9738924159558423,-11.247324890084023,6.401822595341616,14.653136229334455,14.72364470930291,14.299630779034954
1696,05/05/2023 15:32:14.956668,1879,True,True,True,True,Eyes,0.563597,0.002474106,-1.554716,0.9806193,0.05279161,0.1886763,0.0,0.0,0.0,0.0,0.0,0.0,0.0,-1.522245,-0.1008086,-0.752287,0.7487312,-0.009816215,-1.527296,0.006242416,0.7080821,-0.03648039,0.7051596,3.466562,90.16293,357.5535,0.2962722,0.00340093,-0.9550972,0.0,0.0,0.0,2.776951,-0.0002145916,-1.632833,0.103492,0.1344347,2.03547,-0.005422227,-0.04260869,-0.9990772,0.06028927,0.9972605,-0.04285842,0.9981663,-0.06046601,-0.002838523,moving,-11.369235215225705,6.069440755304059,2.9106560453954544,3.778670507830453,2.0282198,0.0096016234,-0.10553699999999999,-0.19606852351168097,0.10368144133406178,0.9750934337854055,-10.87383675240683,6.4492163529016775,14.393008485667835,14.462465997950517,14.040799720930792
1697,05/05/2023 15:32:14.976220,1880,True,True,True,True,Eyes,0.5722796,0.001904425,-1.553644,0.9824492,0.05195628,0.1791488,0.0,0.0,0.0,0.0,0.0,0.0,0.0,-1.521346,-0.09981614,-0.7702439,0.7602167,-0.01044314,-1.529606,0.004366871,0.7095552,-0.03546266,0.7037435,3.237315,90.40029,357.4904,0.3007567,0.003210716,-0.9536953,0.0,0.0,0.0,2.787613,-0.005380382,-1.645342,0.1066923,0.1324056,2.035209,-0.009452248,-0.04371615,-0.9989992,0.05611029,0.9974467,-0.04417911,0.9983798,-0.05647173,-0.006975164,moving,-11.038490475831312,5.789988825738545,3.000884814537478,3.7222743407247476,2.0273963,0.005062758,-0.11573600000000006,-0.19052715381491264,0.09903449890919296,0.9766738195725901,-10.540493295066767,6.182936058110371,14.12872786982925,14.190824561502888,13.763131082521745
1698,05/05/2023 15:32:14.996468,1881,True,True,True,True,Eyes,0.5810552,0.001377987,-1.552745,0.9841817,0.05086216,0.1697042,0.0,0.0,0.0,0.0,0.0,0.0,0.0,-1.520743,-0.09888555,-0.7874116,0.7712986,-0.01182111,-1.532127,0.003480722,0.7109342,-0.035056,0.7023758,3.137628,90.62426,357.4574,0.3052774,0.003004921,-0.9522585,0.0,0.0,0.0,2.798141,-0.0001452491,-1.659378,0.1099282,0.1303533,2.034946,-0.01331259,-0.04429584,-0.9989299,0.05419409,0.9975179,-0.04495546,0.9984417,-0.05473456,-0.01087896,moving,-10.704471246057572,5.63180332811253,3.0921242952283086,3.665209526144732,2.0268424000000005,0.0116758609,-0.127251,-0.18487745288406143,0.09644361556317546,0.9780179189895244,-10.203710117908114,6.0348466162373295,13.878544998383322,13.936051797828812,13.505346818215564
1699,05/05/2023 15:32:15.006709,1882,True,True,True,True,Eyes,0.5899584,0.0009353883,-1.551995,0.985769,0.05008532,0.1604713,0.0,0.0,0.0,0.0,0.0,0.0,0.0,-1.520365,-0.1045876,-0.803152,0.7823188,-0.01120845,-1.534716,0.005456626,0.7120584,-0.03699131,0.701124,3.45884,90.81015,357.4678,0.3098305,0.002787773,-0.9507875,0.0,0.0,0.0,2.808251,-0.000251851,-1.673121,0.1132139,0.1282698,2.034679,-0.01679074,-0.04410011,-0.998886,0.05964185,0.9972037,-0.04502838,0.9980786,-0.06033147,-0.0141135,moving,-10.368767920615316,5.922321043033339,3.1847759298014107,3.6072546474527334,2.0259321999999997,0.010956599000000001,-0.1384050000000001,-0.17905323373466236,0.10151259348755258,0.9785883872276346,-9.864723351725754,6.323892684393771,13.688588178355536,13.749839392557124,13.32927431341755
1700,05/05/2023 15:32:15.026586,1883,True,True,True,True,Eyes,0.5989466,0.0005518254,-1.551366,0.9872562,0.04945724,0.1512583,0.0,0.0,0.0,0.0,0.0,0.0,0.0,-1.520157,-0.09984861,-0.8209829,0.7942721,-0.009699127,-1.537498,0.003354368,0.7133843,-0.03416798,0.6999317,3.063658,91.02463,357.5294,0.3144139,0.002565544,-0.9492822,0.0,0.0,0.0,2.818417,-0.01312474,-1.685297,0.1163108,0.1263062,2.034427,-0.02016896,-0.04304459,-0.9988695,0.0526164,0.9976426,-0.04405413,0.9984111,-0.05344545,-0.0178566,moving,-10.015141194237389,5.51312365115588,3.2721112519617246,3.552614862074449,2.0241449,-0.0034256129999999992,-0.147799,-0.17312811601109412,0.09462296172885841,0.9803433311375434,-9.508442301228985,5.931632092708888,13.378858495274295,13.431108378726227,13.000087388538251
1701,05/05/2023 15:32:15.046262,1884,True,True,True,True,Eyes,0.6080279,0.0002719909,-1.550872,0.988602,0.04880621,0.1424212,0.0,0.0,0.0,0.0,0.0,0.0,0.0,-1.521567,-0.09379365,-0.8349271,0.8052575,-0.008739953,-1.540309,0.002220964,0.7140327,-0.03149298,0.6994002,2.755885,91.12983,357.6543,0.3190244,0.002342361,-0.9477434,0.0,0.0,0.0,2.829329,0.000395379,-1.698713,0.1195536,0.1242503,2.034163,-0.02166906,-0.04088071,-0.9989291,0.04722407,0.9980065,-0.04186735,0.9986494,-0.04808072,-0.0196953,moving,-9.575810500515502,5.203035428820184,3.36356816177102,3.4953855285977307,2.0240715,0.009135332,-0.158404,-0.16568585276848047,0.08943192929328878,0.9821150069942248,-9.065590980331056,5.637460295464421,13.006187213741697,13.051574171254803,12.612393955413326
1702,05/05/2023 15:32:15.056469,1885,True,True,True,True,Eyes,0.6171992,8.467761e-05,-1.55049,0.9898297,0.04831378,0.1338025,0.0,0.0,0.0,0.0,0.0,0.0,0.0,-1.524583,-0.09762849,-0.8450123,0.8165792,-0.006520462,-1.543077,0.002588775,0.7137716,-0.03189639,0.6996471,2.817564,91.08732,357.651,0.3236587,0.002124624,-0.9461712,0.0,0.0,0.0,2.839521,0.01041208,-1.708129,0.1227769,0.1222063,2.0339,-0.02097464,-0.04093685,-0.9989416,0.04832802,0.9979519,-0.04191103,0.9986113,-0.04915594,-0.01895336,moving,-9.035331883250288,5.253958106671697,3.4544826276220832,3.4384666872575638,2.0229418,0.016932542000000002,-0.16505199999999998,-0.15639988445193637,0.0904435360688469,0.9835442075844949,-8.52029484748952,5.696787198080869,12.577159445842915,12.621072680638694,12.185865053743434
1703,05/05/2023 15:32:15.076645,1886,True,True,True,True,Eyes,0.626442,-6.403042e-05,-1.550235,0.9909346,0.0479662,0.1254907,0.0,0.0,0.0,0.0,0.0,0.0,0.0,-1.527584,-0.09861843,-0.8555195,0.8278822,-0.004577853,-1.545879,-0.0003481618,0.7135609,-0.0305627,0.6999261,2.471895,91.05177,357.5172,0.3283141,0.001917392,-0.9445664,0.0,0.0,0.0,2.850573,0.008343685,-1.712421,0.1258939,0.12023,2.033648,-0.0202068,-0.04328014,-0.9988587,0.0422864,0.9981316,-0.04410408,0.9989012,-0.04312933,-0.01833884,moving,-8.509469636003958,4.886143082499823,3.542400618712195,3.3834088100621784,2.0226908,0.012921538,-0.16654199999999997,-0.14744684119615376,0.0842449832605551,0.9854756544039001,-7.990214775982954,5.347936972770271,12.108329133289038,12.14519604329509,11.698743041200315
1704,05/05/2023 15:32:15.096231,1887,True,True,True,True,Eyes,0.6357292,-0.0001561479,-1.550105,0.9919763,0.04731956,0.1172343,0.0,0.0,0.0,0.0,0.0,0.0,0.0,-1.529683,-0.1009406,-0.8671219,0.8388419,-0.003843636,-1.548661,-0.002449228,0.7136781,-0.03025528,0.6998159,2.278511,91.07147,357.3704,0.332987,0.001721958,-0.9429296,0.0,0.0,0.0,2.861426,0.02012376,-1.717318,0.1290826,0.1182079,2.033388,-0.0205038,-0.04584217,-0.9987383,0.03885033,0.9981572,-0.04661308,0.9990348,-0.03975704,-0.01868504,moving,-8.050562117682746,4.651818933019334,3.632350161775354,3.3270579116800563,2.0225840999999996,0.023967396000000002,-0.16865699999999983,-0.13959461494016467,0.08030631403741131,0.9869469291822157,-7.527528995867852,5.127923001385576,11.725339855669198,11.757781725018235,11.304247780569892
1705,05/05/2023 15:32:15.106809,1888,True,True,True,True,Eyes,0.645079,-0.0001834716,-1.550077,0.99292,0.04678845,0.1091823,0.0,0.0,0.0,0.0,0.0,0.0,0.0,-1.530308,-0.1115678,-0.8792168,0.8492007,-0.002514266,-1.551182,-0.001603249,0.7141203,-0.03307125,0.6992396,2.578699,91.14375,357.215,0.3376721,0.00154056,-0.9412623,0.0,0.0,0.0,2.87179,0.02512802,-1.724321,0.1324278,0.116087,2.033116,-0.02212315,-0.04853928,-0.9985764,0.04395963,0.9978074,-0.04947582,0.9987885,-0.04499159,-0.01994078,moving,-7.686199038437429,4.9160912255699944,3.726718444077737,3.2679301630923625,2.0225893,0.027642286000000002,-0.17313899999999993,-0.1332642178951675,0.08493237269177356,0.9874346562605689,-7.159659574798994,5.391917476936928,11.4971491153785,11.531310435096598,11.091643182110353
1706,05/05/2023 15:32:15.126620,1889,True,True,True,True,Eyes,0.6544582,-0.0001986323,-1.550112,0.9937992,0.04618401,0.1011442,0.0,0.0,0.0,0.0,0.0,0.0,0.0,-1.529844,-0.1142603,-0.8943142,0.8600422,-0.001016848,-1.553577,-0.003126058,0.7150724,-0.03281914,0.6982726,2.439844,91.30056,357.114,0.3423663,0.001375682,-0.9395652,0.0,0.0,0.0,2.881615,0.0132929,-1.732733,0.1355624,0.1140991,2.032862,-0.02481131,-0.05030413,-0.9984257,0.0413627,0.9978263,-0.05130181,0.998836,-0.04257044,-0.02267657,moving,-7.377029671688342,4.742669472442924,3.8151485984510956,3.2124880853208393,2.0215728,0.014309748,-0.1791560000000001,-0.12796560273182256,0.08200095222338485,0.9883828257542213,-6.847962261134101,5.228538680481467,11.26519457880806,11.296296273915457,10.852022539879432
1707,05/05/2023 15:32:15.146430,1890,True,True,True,True,Eyes,0.6638669,-0.0001798701,-1.550236,0.9945985,0.04546781,0.0933084,0.0,0.0,0.0,0.0,0.0,0.0,0.0,-1.529279,-0.112506,-0.90895,0.8700719,-0.0007955041,-1.5558,-0.003628037,0.7160966,-0.03194775,0.6972603,2.332353,91.46902,357.1461,0.3470657,0.001226404,-0.9378397,0.0,0.0,0.0,2.891455,0.01722207,-1.744074,0.1388774,0.1119968,2.032592,-0.0276302,-0.04974784,-0.9983796,0.03935574,0.9979324,-0.05081473,0.9988432,-0.04069599,-0.02561523,moving,-7.082174599262797,4.61069092826876,3.908674892777292,3.1538359300957586,2.0213831,0.0180175741,-0.18827399999999983,-0.12289978974723159,0.0797755208492248,0.9892074925981542,-6.550658702759412,5.105274435789136,11.058276928869335,11.086983315689599,10.639820087963214
1708,05/05/2023 15:32:15.156109,1891,True,True,True,True,Eyes,0.6733101,-8.391964e-05,-1.550467,0.9953358,0.04461106,0.08553658,0.0,0.0,0.0,0.0,0.0,0.0,0.0,-1.528589,-0.1141004,-0.9233538,0.8801757,8.00984e-05,-1.558035,-0.001743295,0.717109,-0.03249576,0.696201,2.532073,91.63455,357.2606,0.3517663,0.00109318,-0.936087,0.0,0.0,0.0,2.900458,0.01918902,-1.755266,0.1420485,0.1099863,2.032333,-0.03060244,-0.04774743,-0.9983907,0.0427469,0.9978819,-0.04903338,0.9986174,-0.04417863,-0.02849652,moving,-6.799534038337489,4.787064050620939,3.9981464761319434,3.0977253361553276,2.0202823,0.019108921600000002,-0.19723099999999993,-0.11798865551571996,0.08286993548706098,0.9895510390657084,-6.26533042863291,5.282171968460448,10.899602561151582,10.929033341734538,10.49336767982666
1709,05/05/2023 15:32:15.176454,1892,True,True,True,True,Eyes,0.6827985,5.620492e-05,-1.550781,0.9959804,0.04420782,0.07790241,0.0,0.0,0.0,0.0,0.0,0.0,0.0,-1.528142,-0.1160929,-0.9374484,0.8904636,0.002366098,-1.560312,-0.001111298,0.7179941,-0.03240764,0.6952935,2.578701,91.78017,357.3228,0.3564641,0.0009789751,-0.9343082,0.0,0.0,0.0,2.909585,0.01098798,-1.76641,0.1454132,0.1078531,2.03206,-0.03313166,-0.04666145,-0.9983612,0.04346983,0.997897,-0.04808234,0.9985052,-0.04499163,-0.03103366,moving,-6.501709049306495,4.83013603141389,4.0930803537507146,3.0381654958703264,2.0191214,0.008621881999999999,-0.20609800000000011,-0.112835860706621,0.0836642192753689,0.990085067541552,-5.96483391525503,5.329486991506456,10.716550218468573,10.745265045376481,10.315609222873535
1710,05/05/2023 15:32:15.196306,1893,True,True,True,True,Eyes,0.6923109,0.000220463,-1.551171,0.9965708,0.04373944,0.07023923,0.0,0.0,0.0,0.0,0.0,0.0,0.0,-1.526537,-0.1064425,-0.9549063,0.9010193,0.003470747,-1.562576,-0.004488157,0.7194529,-0.02831238,0.6939496,1.977655,92.02216,357.3761,0.3611564,0.000884469,-0.9325045,0.0,0.0,0.0,2.918941,0.00980104,-1.776564,0.1483437,0.1059948,2.031821,-0.03682801,-0.04575276,-0.9982738,0.03283668,0.9983565,-0.04696795,0.998782,-0.03450973,-0.03526511,moving,-6.264163888250629,4.216724399447079,4.175768401337188,2.986264303798372,2.0179216999999996,0.006330293000000001,-0.21398800000000007,-0.10882075199518854,0.0730926457131674,0.9913705445155196,-5.72588649520411,4.736202931035143,10.489652903697937,10.512193789031961,10.055100938791991
1711,05/05/2023 15:32:15.206404,1894,True,True,True,True,Eyes,0.7018488,0.0004044066,-1.551631,0.9970943,0.04327568,0.06269123,0.0,0.0,0.0,0.0,0.0,0.0,0.0,-1.52431,-0.1051965,-0.9714069,0.9111114,0.003955421,-1.564634,-0.00518893,0.720876,-0.02752339,0.692498,1.862169,92.25797,357.385,0.3658402,0.0008090701,-0.9306769,0.0,0.0,0.0,2.927918,0.03012359,-1.790526,0.1516912,0.1038721,2.031549,-0.04083939,-0.04560094,-0.9981247,0.03063863,0.9984311,-0.04686855,0.9986959,-0.03249525,-0.03937808,moving,-6.057859095341775,4.083765179974085,4.2702230198413655,2.926956193185792,2.0168066,0.026168168999999998,-0.22589199999999998,-0.10526773607172263,0.07081914076344706,0.9919190344653772,-5.517914222129105,4.610390789771349,10.371787869510278,10.392665067723485,9.931846893132741
1712,05/05/2023 15:32:15.226336,1895,True,True,True,True,Eyes,0.7113978,0.0006051071,-1.552169,0.9975644,0.0426487,0.05519282,0.0,0.0,0.0,0.0,0.0,0.0,0.0,-1.521363,-0.1065722,-0.9886659,0.9212392,0.004614998,-1.566735,-0.005133576,0.7224844,-0.02762059,0.6908162,1.88068,92.52434,357.3862,0.3705127,0.0007519772,-0.9288267,0.0,0.0,0.0,2.936549,0.03258567,-1.803971,0.1548654,0.1018593,2.031291,-0.04549324,-0.04557935,-0.9979244,0.03074364,0.9984215,-0.0470036,0.9984915,-0.03281817,-0.04402013,moving,-5.892432899435306,4.0731089646293785,4.3597897905499785,2.8706983236728187,2.0153098,0.027970671999999995,-0.237236,-0.10240458314965639,0.0706558836353887,0.992230285063024,-5.351043027207677,4.60298519082043,10.302203261790767,10.322492985443713,9.864131578833039
1713,05/05/2023 15:32:15.246412,1896,True,True,True,True,Eyes,0.7209669,0.0008287142,-1.552758,0.9979829,0.04183694,0.04774731,0.0,0.0,0.0,0.0,0.0,0.0,0.0,-1.517342,-0.1081328,-1.006847,0.9310616,0.005270919,-1.568712,-0.005261939,0.7243669,-0.02773176,0.6888367,1.886902,92.83713,357.3719,0.3751701,0.0007122885,-0.9269553,0.0,0.0,0.0,2.945096,0.03048745,-1.818487,0.1579778,0.09988556,2.031037,-0.05095294,-0.04582845,-0.997649,0.03058215,0.9984065,-0.04742516,0.9982327,-0.0329267,-0.04947023,moving,-5.776569554708354,4.03592620653596,4.447616339787334,2.815514314286612,2.0140344,0.025216531,-0.24977499999999986,-0.10040236413557535,0.07002631731776114,0.9924795635236577,-5.234201040816526,4.568847318043745,10.277126518087817,10.296765627707968,9.839296947110958
1714,05/05/2023 15:32:15.256403,1897,True,True,True,True,Eyes,0.7305518,0.001064029,-1.553359,0.9983534,0.04083514,0.04028618,0.0,0.0,0.0,0.0,0.0,0.0,0.0,-1.512061,-0.1154103,-1.025892,0.9410901,0.006090775,-1.570482,-0.003728788,0.7264563,-0.02976722,0.6865576,2.185167,93.18417,357.3448,0.3798106,0.0006895377,-0.9250636,0.0,0.0,0.0,2.953042,0.02877361,-1.834536,0.1610967,0.09790853,2.030784,-0.0572495,-0.04629142,-0.9972861,0.03545622,0.9982001,-0.04836922,0.9977301,-0.03812911,-0.0555052,moving,-5.710197561011635,4.277026538251573,4.535623930786924,2.7602173056911807,2.0119518999999997,0.022682835000000002,-0.264054,-0.09922249362546187,0.07421086030140456,0.9922941303975563,-5.166973310790151,4.80490943154127,10.336370907492709,10.357488512655067,9.915702653961162
1715,05/05/2023 15:32:15.276453,1898,True,True,True,True,Eyes,0.7401358,0.001298528,-1.553991,0.9986736,0.03961026,0.03289472,0.0,0.0,0.0,0.0,0.0,0.0,0.0,-1.505989,-0.1196759,-1.045729,0.9509552,0.006599431,-1.572105,-0.003267287,0.7287302,-0.03078452,0.6841009,2.315203,93.56423,357.3107,0.3844327,0.0006826444,-0.9231523,0.0,0.0,0.0,2.961001,0.01678091,-1.85166,0.1642807,0.09588962,2.030525,-0.0639907,-0.04688139,-0.9968489,0.0373575,0.9980833,-0.04933753,0.9972512,-0.04039691,-0.06211675,moving,-5.672021063212321,4.334968695639138,4.625470606178098,2.703730243118789,2.0100458,0.010181479,-0.279555,-0.09855383262776596,0.07521933339380485,0.9922848323925324,-5.128395407022155,4.862040512846773,10.404555148954625,10.425894377469303,9.98980507436838
1716,05/05/2023 15:32:15.296663,1899,True,True,True,True,Eyes,0.7497179,0.001545919,-1.554659,0.9989427,0.03813168,0.02567672,0.0,0.0,0.0,0.0,0.0,0.0,0.0,-1.500406,-0.126962,-1.063483,0.960494,0.006877461,-1.573448,-0.0009843959,0.7306625,-0.03307247,0.6819367,2.693151,93.88834,357.3293,0.3890343,0.0006899004,-0.9212226,0.0,0.0,0.0,2.968417,0.01036968,-1.869862,0.1675434,0.09382096,2.03026,-0.06992297,-0.04654517,-0.996466,0.04366814,0.9978105,-0.04967222,0.9965963,-0.04698703,-0.06773738,moving,-5.596690772874453,4.633246915815225,4.717537246324455,2.645830321634389,2.007923,0.0034922189999999995,-0.29641399999999996,-0.09720973077093253,0.08039473531547153,0.9920114876501527,-5.052066172026343,5.153963706422734,10.480679629447387,10.503957556599948,10.086420773879178
1717,05/05/2023 15:32:15.306837,1900,True,True,True,True,Eyes,0.7593045,0.001801273,-1.555357,0.9991571,0.03661628,0.01855353,0.0,0.0,0.0,0.0,0.0,0.0,0.0,-1.495534,-0.1340967,-1.08019,0.9700155,0.007530632,-1.574937,0.001628416,0.7323707,-0.03523337,0.6799921,3.085287,94.17738,357.3865,0.3936129,0.0007105623,-0.9192755,0.0,0.0,0.0,2.975658,-0.004846347,-1.88563,0.1707191,0.09180712,2.030002,-0.0752162,-0.04553162,-0.9961272,0.05030204,0.997512,-0.04939315,0.9958977,-0.05382238,-0.07273871,moving,-5.489025790886399,4.948542038628572,4.80714871921971,2.5894450718639694,2.0056425,-0.012376979,-0.3106929999999999,-0.09530178833600378,0.085868386561884,0.991737911570455,-4.943098319891809,5.46304548994026,10.53768087548014,10.562980073878618,10.164885473357346
1718,05/05/2023 15:32:15.326651,1901,True,True,True,True,Eyes,0.7688867,0.002056313,-1.556078,0.9993201,0.03497991,0.01164961,0.0,0.0,0.0,0.0,0.0,0.0,0.0,-1.490927,-0.1347997,-1.097054,0.9796914,0.008011471,-1.576294,0.003203224,0.734025,-0.03542501,0.6781904,3.230356,94.45807,357.5117,0.398167,0.0007436691,-0.9173122,0.0,0.0,0.0,2.982859,-0.02009989,-1.900287,0.1739499,0.0897584,2.029738,-0.0800954,-0.04334731,-0.9958444,0.05275229,0.9974696,-0.04766089,0.9953904,-0.05635048,-0.07760602,moving,-5.365749927113167,5.015935578289632,4.898317836809922,2.532065268571087,2.0031676,-0.028111360999999998,-0.323993,-0.09315816909600583,0.08705259088235137,0.9918383798442767,-4.818660911056279,5.5309141612539605,10.535071673701285,10.560336111029157,10.169206983222864
1719,05/05/2023 15:32:15.346660,1902,True,True,True,True,Eyes,0.7784799,0.002325606,-1.556828,0.9994313,0.0333744,0.00483383,0.0,0.0,0.0,0.0,0.0,0.0,0.0,-1.486871,-0.1354114,-1.113043,0.9891144,0.008306444,-1.577837,0.005326702,0.7355412,-0.03572897,0.6765164,3.426465,94.71764,357.6743,0.4026948,0.0007878743,-0.9153336,0.0,0.0,0.0,2.990246,-0.02654542,-1.914422,0.177184,0.08770736,2.029475,-0.08459473,-0.04050645,-0.9955919,0.05617848,0.9973902,-0.04535305,0.9948306,-0.05976745,-0.08209837,moving,-5.225398370075808,5.139670581849035,4.989575819815578,2.4745988587106402,2.0011316,-0.034851863999999996,-0.33658500000000013,-0.09071087419944468,0.08921459268684492,0.991873194345533,-4.676934047738596,5.653975098536384,10.531322363600086,10.55690792749558,10.175944491490249
1720,05/05/2023 15:32:15.356455,1903,True,True,True,True,Eyes,0.7880756,0.002590562,-1.557625,0.9994888,0.03191701,-0.001831925,0.0,0.0,0.0,0.0,0.0,0.0,0.0,-1.482253,-0.1350867,-1.129907,0.9989505,0.008936988,-1.579249,0.006282635,0.7371393,-0.03544512,0.6747814,3.481991,94.99036,357.7853,0.4071954,0.0008428021,-0.9133403,0.0,0.0,0.0,2.997391,-0.03483183,-1.927915,0.1803921,0.08567332,2.029214,-0.08926146,-0.03857306,-0.9952611,0.05709777,0.9974083,-0.04377718,0.9943703,-0.0607348,-0.08682768,moving,-5.104729132113,5.125327235016571,5.080098729074031,2.4175893378938906,1.9984405,-0.043768818,-0.34866600000000014,-0.08862354740565265,0.08898306345512777,0.9920825540575562,-4.555218152709752,5.642172722087908,10.51374163241218,10.538622447052838,10.16057426595602
1721,05/05/2023 15:32:15.376266,1904,True,True,True,True,Eyes,0.79768,0.002828709,-1.558438,0.9994987,0.0305139,-0.008434927,0.0,0.0,0.0,0.0,0.0,0.0,0.0,-1.477141,-0.1320624,-1.147488,1.008641,0.009118348,-1.58072,0.005704151,0.7388859,-0.03427673,0.6729342,3.343973,95.28595,357.8356,0.4116668,0.0009070393,-0.9113336,0.0,0.0,0.0,3.004904,-0.0378348,-1.941643,0.1834258,0.08374947,2.028967,-0.09425432,-0.03770252,-0.9948341,0.05456139,0.9975852,-0.04297613,0.9940519,-0.0583302,-0.09196961,moving,-5.007406795170423,4.914053391124166,5.165699111228318,2.363650446149545,1.996263,-0.046953148,-0.3609230000000001,-0.08696611913055202,0.08533675012162943,0.9925494600222423,-4.457276275131498,5.438110176541617,10.465112854614707,10.487928249398934,10.10217590028452
1722,05/05/2023 15:32:15.396188,1905,True,True,True,True,Eyes,0.8072835,0.003048984,-1.559281,0.9994633,0.02916078,-0.01492857,0.0,0.0,0.0,0.0,0.0,0.0,0.0,-1.471469,-0.131912,-1.164872,1.018435,0.008716163,-1.581854,0.005819711,0.7405981,-0.03417709,0.6710534,3.349909,95.57823,357.8616,0.4161088,0.0009780335,-0.9093139,0.0,0.0,0.0,3.012146,-0.03474198,-1.956491,0.1866449,0.08170879,2.028705,-0.09930727,-0.03724917,-0.9943595,0.05448944,0.9975961,-0.04281231,0.9935639,-0.05843365,-0.09703882,moving,-4.922042930654677,4.847237849668243,5.256528083645347,2.3064170610706625,1.993711,-0.043458143,-0.3746369999999999,-0.08549562201806005,0.08418999304774574,0.9927752238174101,-4.371235720094236,5.37455693198674,10.468990740712742,10.490904545029387,10.10481658062644
1723,05/05/2023 15:32:15.416493,1906,True,True,True,True,Eyes,0.8169,0.003250151,-1.560139,0.9993836,0.02785143,-0.02137415,0.0,0.0,0.0,0.0,0.0,0.0,0.0,-1.465937,-0.1344229,-1.181572,1.028039,0.008558299,-1.583103,0.006830815,0.7422301,-0.03487271,0.6692024,3.492021,95.85976,357.9024,0.42052,0.001054008,-0.9072822,0.0,0.0,0.0,3.019313,-0.03739711,-1.970878,0.189845,0.07967929,2.028445,-0.1042431,-0.03653372,-0.9938807,0.05681387,0.9974744,-0.04262475,0.9929278,-0.06090954,-0.1019042,moving,-4.833550594549997,4.920523185187638,5.346816764417659,2.2494773739450524,1.991274,-0.045955408999999996,-0.387775,-0.08395300833463765,0.08547100556804856,0.9927974294834663,-4.2818815668042784,5.447539530283853,10.502932862903805,10.524940156090706,10.145907209780825
1724,05/05/2023 15:32:15.426269,1907,True,True,True,True,Eyes,0.8265254,0.00342194,-1.561013,0.9992563,0.02675662,-0.02776753,0.0,0.0,0.0,0.0,0.0,0.0,0.0,-1.459773,-0.1340261,-1.199345,1.037946,0.008308297,-1.584276,0.007185106,0.7440112,-0.03469092,0.6672276,3.509213,96.16601,357.9559,0.4249005,0.001133304,-0.9052389,0.0,0.0,0.0,3.026151,-0.04462743,-1.985031,0.1931224,0.07760117,2.028179,-0.1095119,-0.03560187,-0.9933479,0.05698506,0.9974898,-0.04203264,0.9923508,-0.06120904,-0.1072082,moving,-4.766743412903928,4.881284035200439,5.439282048410934,2.19115362123343,1.988205,-0.052935727,-0.400755,-0.08280011280509764,0.08479927254476453,0.9929518267374091,-4.21453011640045,5.410516147718361,10.533228980757835,10.554608347122954,10.176462272833113
1725,05/05/2023 15:32:15.446380,1908,True,True,True,True,Eyes,0.8361688,0.003555828,-1.561905,0.9990856,0.02570312,-0.03416542,0.0,0.0,0.0,0.0,0.0,0.0,0.0,-1.452819,-0.1324854,-1.218062,1.047755,0.007775911,-1.585578,0.007324665,0.7460158,-0.03424198,0.6650071,3.487571,96.51113,358.0127,0.4292496,0.001213852,-0.9031847,0.0,0.0,0.0,3.033146,-0.04746672,-1.999938,0.1963846,0.07553291,2.027914,-0.115424,-0.03461368,-0.9927131,0.05647095,0.9975476,-0.0413482,0.9917098,-0.06083202,-0.1131863,moving,-4.736870858434488,4.804502350368013,5.53131499475696,2.1330871660381723,1.985391,-0.055242631,-0.41436000000000006,-0.08229165004860617,0.08347207019995681,0.9931064697491813,-4.1844808177706625,5.3362563559708125,10.589364366971765,10.609999990704477,10.230199466777911
1726,05/05/2023 15:32:15.456088,1909,True,True,True,True,Eyes,0.8458217,0.003654433,-1.56286,0.9988738,0.02477806,-0.04046182,0.0,0.0,0.0,0.0,0.0,0.0,0.0,-1.444897,-0.1303708,-1.237831,1.057807,0.007009561,-1.586802,0.007906538,0.7482124,-0.03376048,0.6625527,3.497043,96.89164,358.1108,0.4335676,0.001293326,-0.9011197,0.0,0.0,0.0,3.039654,-0.04932165,-2.016491,0.1998361,0.07334433,2.027632,-0.1219228,-0.03290465,-0.9919941,0.05656773,0.9975954,-0.04004302,0.9909263,-0.060997,-0.1197684,moving,-4.746510209274985,4.768261306150883,5.628687939495634,2.0716230388041197,1.9818470000000001,-0.056331211,-0.42968899999999977,-0.08246307395719782,0.08284271118160737,0.9931449572439697,-4.194245827428156,5.300778700071363,10.699606117351843,10.719915791235126,10.340090622139918
1727,05/05/2023 15:32:15.476372,1910,True,True,True,True,Eyes,0.8554938,0.003701928,-1.563822,0.9986187,0.02388102,-0.0468006,0.0,0.0,0.0,0.0,0.0,0.0,0.0,-1.436155,-0.1286542,-1.258306,1.067845,0.006325514,-1.58811,0.00814407,0.7505741,-0.03331074,0.6598961,3.483026,97.30148,358.1779,0.4378532,0.001369798,-0.8990451,0.0,0.0,0.0,3.046163,-0.05191424,-2.033483,0.202617,0.07158107,2.027406,-0.1289421,-0.0317378,-0.9911442,0.05618872,0.9976481,-0.03925589,0.9900591,-0.06075285,-0.1268556,moving,-4.784881998433924,4.7068235332602555,5.707134686531638,2.022086499386642,1.978318,-0.058239754,-0.445373,-0.08313554393352035,0.0817731352761854,0.9931774982087896,-4.23302467412797,5.240238844933546,10.810130663109497,10.83006126753899,10.44812292397337
1728,05/05/2023 15:32:15.496145,1911,True,True,True,True,Eyes,0.8651758,0.003707599,-1.564828,0.9983223,0.0227642,-0.0532385,0.0,0.0,0.0,0.0,0.0,0.0,0.0,-1.426442,-0.1283824,-1.279145,1.077963,0.005149445,-1.589151,0.008189943,0.7530177,-0.03334755,0.6571037,3.496403,97.72715,358.192,0.4421068,0.001440661,-0.8969609,0.0,0.0,0.0,3.052194,-0.05401137,-2.052045,0.2058753,0.06951525,2.027142,-0.1362954,-0.03149126,-0.9901676,0.05615994,0.9976417,-0.03945931,0.9890752,-0.06098587,-0.1342055,moving,-4.83835165122992,4.655493631645248,5.799041119567272,1.9640312737829873,1.974231,-0.059160815000000005,-0.46289400000000014,-0.0840685318885443,0.08087698807607499,0.9931723697863462,-4.287022989835969,5.189274060988509,10.952954248837132,10.972606553777359,10.589186949686622
1729,05/05/2023 15:32:15.506506,1912,True,True,True,True,Eyes,0.8748943,0.003665731,-1.565832,0.9979762,0.02175737,-0.0597494,0.0,0.0,0.0,0.0,0.0,0.0,0.0,-1.415866,-0.1307135,-1.300408,1.088004,0.004223518,-1.590299,0.008622156,0.7556044,-0.03404124,0.6540863,3.596106,98.18124,358.1912,0.4463274,0.00150411,-0.8948681,0.0,0.0,0.0,3.057989,-0.05773427,-2.070874,0.2090983,0.06747119,2.02688,-0.1441936,-0.03150194,-0.9890481,0.0575617,0.9975337,-0.04016415,0.987874,-0.06272269,-0.1420247,moving,-4.920755146859298,4.69481735590563,5.889948425995751,1.9065694395948158,1.969985,-0.061957788,-0.480575,-0.08549213845508075,0.08154869338510855,0.992995858292307,-4.370108022971497,5.226099333330425,11.144380745516958,11.164481097791896,10.783693108179532
1730,05/05/2023 15:32:15.526252,1913,True,True,True,True,Eyes,0.8846364,0.00357309,-1.566851,0.9975809,0.02027115,-0.06649277,0.0,0.0,0.0,0.0,0.0,0.0,0.0,-1.404255,-0.1286818,-1.322966,1.098588,0.003024514,-1.59117,0.007851877,0.7583372,-0.03352303,0.6509527,3.500998,98.65907,358.178,0.4505168,0.001558236,-0.8927663,0.0,0.0,0.0,3.063232,-0.06422468,-2.090624,0.2121868,0.06551319,2.026628,-0.1523983,-0.03173507,-0.9878097,0.05555255,0.9976291,-0.04062111,0.9867568,-0.06106592,-0.1502739,moving,-5.005918496733331,4.510418863465041,5.977058920894679,1.8515102994260975,1.9646440000000003,-0.06724919400000001,-0.49945400000000006,-0.08699045282219475,0.07834225756759736,0.9931238652989902,-4.456228840146984,5.044935480302096,11.281265476447608,11.300247241014088,10.911070428264802
1731,05/05/2023 15:32:15.546380,1914,True,True,True,True,Eyes,0.8944216,0.003451286,-1.567857,0.9971324,0.018885,-0.07328311,0.0,0.0,0.0,0.0,0.0,0.0,0.0,-1.392759,-0.1272057,-1.344793,1.108981,0.001755751,-1.592038,0.006918884,0.7609566,-0.03317364,0.6479174,3.408422,99.11901,358.1367,0.4546752,0.001601158,-0.8906556,0.0,0.0,0.0,3.06882,-0.06422395,-2.111027,0.2153934,0.06347954,2.026367,-0.1603107,-0.0324576,-0.986533,0.05351748,0.9977033,-0.04152165,0.9856149,-0.05945312,-0.1582054,moving,-5.072619967216807,4.332403244936957,6.067492084917505,1.7943051026816432,1.959839,-0.065979701,-0.5189889999999999,-0.08816762810256767,0.07524847979082863,0.9932593901947107,-4.523717996838228,4.870321553337297,11.407740338858241,11.425587018347374,11.028853439981352
1732,05/05/2023 15:32:15.556373,1915,True,True,True,True,Eyes,0.9042594,0.003284849,-1.568849,0.9966289,0.01731193,-0.0801934,0.0,0.0,0.0,0.0,0.0,0.0,0.0,-1.380678,-0.1274816,-1.366749,1.119795,0.0009209877,-1.592665,0.00594428,0.7635434,-0.03317727,0.6448764,3.344031,99.57571,358.0647,0.4588045,0.001632411,-0.8885355,0.0,0.0,0.0,3.074192,-0.06447998,-2.130768,0.2185804,0.06145848,2.026109,-0.1681985,-0.03371304,-0.9851766,0.0518679,0.9977279,-0.04299791,0.9843877,-0.05833121,-0.1660677,moving,-5.131686176684134,4.169292600325047,6.157361268348541,1.7374347191832848,1.954397,-0.0654009677,-0.5381030000000002,-0.08921029266893993,0.07241379200489996,0.993376874629407,-4.583487881512356,4.710364659053825,11.531209793529282,11.548009567465298,11.144691691000078
1733,05/05/2023 15:32:15.576335,1916,True,True,True,True,Eyes,0.9141449,0.003058673,-1.569814,0.9960701,0.01585153,-0.08713875,0.0,0.0,0.0,0.0,0.0,0.0,0.0,-1.368248,-0.1221481,-1.389308,1.130892,-0.0003393888,-1.593199,0.003561195,0.766165,-0.03174875,0.6418492,3.050784,100.0374,357.9742,0.4629066,0.001650736,-0.8864053,0.0,0.0,0.0,3.079796,-0.0654266,-2.150134,0.2217726,0.0594343,2.025849,-0.1760337,-0.03529889,-0.983751,0.04621274,0.9979587,-0.04407806,0.9832987,-0.05322106,-0.1740431,moving,-5.185114797395841,3.7819733236709285,6.247374371987438,1.6804599174350954,1.948904,-0.0650872112,-0.556935,-0.09017864643895568,0.06569121961480366,0.9937567872778886,-4.6378226941812235,4.3320958241543,11.60972056246734,11.624034033185508,11.203512313160076
1734,05/05/2023 15:32:15.596269,1917,True,True,True,True,Eyes,0.9240723,0.002769209,-1.570756,0.9954602,0.01408904,-0.09412993,0.0,0.0,0.0,0.0,0.0,0.0,0.0,-1.355422,-0.1214798,-1.411106,1.141917,-0.002015673,-1.593476,0.002350848,0.7686921,-0.03176213,0.6388254,2.97121,100.4881,357.8786,0.4669834,0.001654196,-0.8842642,0.0,0.0,0.0,3.085706,-0.05878347,-2.169568,0.2249537,0.05741773,2.025589,-0.1837931,-0.03696675,-0.9822695,0.04419506,0.9979713,-0.04582703,0.9819708,-0.05183416,-0.1817865,moving,-5.232416603520882,3.5907017017752985,6.337069471721016,1.6236822471348509,1.943789,-0.056767796999999995,-0.576092,-0.0910184697024049,0.06236859327562413,0.9938942354696595,-4.685756233950608,4.14491743372901,11.722375343400827,11.735509089091542,11.307489261712151
1735,05/05/2023 15:32:15.606196,1918,True,True,True,True,Eyes,0.9340469,0.002466973,-1.571661,0.9947971,0.01222858,-0.1011395,0.0,0.0,0.0,0.0,0.0,0.0,0.0,-1.342409,-0.124243,-1.43225,1.152874,-0.003783821,-1.593645,0.001887695,0.7711305,-0.03274508,0.635832,3.032475,100.9269,357.7773,0.4710367,0.001640881,-0.8821118,0.0,0.0,0.0,3.091222,-0.06020701,-2.188374,0.2282317,0.05533875,2.025321,-0.1914287,-0.03872941,-0.9807422,0.04455205,0.9978484,-0.04810094,0.9804949,-0.05290196,-0.1892913,moving,-5.272212674840652,3.534367429313139,6.429488499168714,1.565128750925573,1.9383480000000002,-0.056423189,-0.5947290000000001,-0.09171437120321091,0.06138741354842803,0.99389137553865,-4.725966167160322,4.089323549163163,11.853479130411626,11.866242511354205,11.437470358080583
1736,05/05/2023 15:32:15.626373,1919,True,True,True,True,Eyes,0.944091,0.002155938,-1.572502,0.9940829,0.01022601,-0.1081417,0.0,0.0,0.0,0.0,0.0,0.0,0.0,-1.328758,-0.13295,-1.452968,1.16398,-0.004359687,-1.593587,0.002227925,0.7735149,-0.03498319,0.6328079,3.264173,101.3604,357.6563,0.4750677,0.001611874,-0.8799474,0.0,0.0,0.0,3.096529,-0.0666374,-2.20645,0.2313656,0.05335191,2.025067,-0.1990984,-0.04082861,-0.9791286,0.04772194,0.9975424,-0.05130034,0.9788169,-0.05693974,-0.1966606,moving,-5.315402324870058,3.638432412257682,6.517829194148039,1.50915121183604,1.9325489999999999,-0.062277713,-0.6128629999999997,-0.09245313122784604,0.06318815759949442,0.9937100612840588,-4.76941916531706,4.189921918913321,12.00989655393001,12.023277698412873,11.601228689762616
1737,05/05/2023 15:32:15.646290,1920,True,True,True,True,Eyes,0.9541957,0.001832661,-1.573283,0.9933161,0.008386226,-0.1151211,0.0,0.0,0.0,0.0,0.0,0.0,0.0,-1.315149,-0.1335017,-1.474171,1.175572,-0.004911287,-1.593307,0.0001968319,0.7758407,-0.03501701,0.6299564,3.128944,101.7804,357.4851,0.47908,0.001568367,-0.8777695,0.0,0.0,0.0,3.101639,-0.07804237,-2.224104,0.2345811,0.05131296,2.024806,-0.2063099,-0.04381295,-0.9775054,0.04442379,0.9975476,-0.05408725,0.9774777,-0.05458323,-0.2038576,moving,-5.332028206427614,3.3808893445118042,6.608462022821488,1.4516881620617261,1.926067,-0.073131083,-0.630797,-0.092766842320614,0.05871911395672357,0.9939549535028954,-4.786481139745392,3.9387367577146573,12.083574750424999,12.095334807981136,11.66319597688682
1738,05/05/2023 15:32:15.656791,1921,True,True,True,True,Eyes,0.9643664,0.001501806,-1.574,0.9925053,0.006480879,-0.1220301,0.0,0.0,0.0,0.0,0.0,0.0,0.0,-1.302066,-0.1336844,-1.4941,1.187124,-0.005557119,-1.592572,-0.001771753,0.7779058,-0.0350258,0.6274016,2.996236,102.1557,357.3192,0.4830756,0.001511258,-0.875577,0.0,0.0,0.0,3.107648,-0.07668374,-2.24114,0.2377983,0.04927317,2.024544,-0.2127285,-0.046707,-0.9759946,0.04119398,0.9975401,-0.05671674,0.9762428,-0.05227035,-0.2102811,moving,-5.305849857232745,3.124406537496006,6.699135735217631,1.3941843039777024,1.9205240000000001,-0.071126621,-0.648568,-0.09233597199185845,0.05427131564100273,0.9942478615524535,-4.760360694500217,3.689354282445878,12.118852355189098,12.129029147145378,11.687081057850918
1739,05/05/2023 15:32:15.676364,1922,True,True,True,True,Eyes,0.9746056,0.001179935,-1.574657,0.9916518,0.004734663,-0.1288577,0.0,0.0,0.0,0.0,0.0,0.0,0.0,-1.290407,-0.1323413,-1.512759,1.198854,-0.006068336,-1.591796,-0.003294791,0.7796414,-0.03466141,0.6252577,2.861781,102.4726,357.2176,0.487057,0.00144161,-0.8733686,0.0,0.0,0.0,3.113976,-0.07553724,-2.25619,0.241059,0.04720493,2.024279,-0.2180841,-0.04848213,-0.9747251,0.03820711,0.9975755,-0.05816712,0.9751819,-0.04992675,-0.2157031,moving,-5.2215112688331935,2.8840479757572357,6.79102320142089,1.335859911276544,1.915122,-0.06946890400000001,-0.6643940000000002,-0.0908921563120576,0.050106613431536495,0.994599396509781,-4.675549631133963,3.4567252833584985,12.103171818085723,12.111889641259246,11.661061806318553
1740,05/05/2023 15:32:15.696369,1923,True,True,True,True,Eyes,0.9848862,0.0008870321,-1.575302,0.9907666,0.002793585,-0.1355494,0.0,0.0,0.0,0.0,0.0,0.0,0.0,-1.279448,-0.1295018,-1.530784,1.210733,-0.006194519,-1.590957,-0.004096261,0.7812153,-0.03386782,0.623329,2.740325,102.7607,357.2099,0.4910263,0.001361273,-0.8711433,0.0,0.0,0.0,3.121106,-0.07387881,-2.269073,0.2442331,0.04519284,2.024022,-0.2228884,-0.04862171,-0.9736308,0.03582147,0.9976724,-0.05802274,0.9741858,-0.04780947,-0.2206279,moving,-5.111036887241226,2.655265694869693,6.880456419405223,1.2791011246340123,1.910373,-0.06768429100000001,-0.6781160000000002,-0.08899126862651374,0.0461427350221663,0.9949629650122611,-4.564359564739272,3.2358433938454305,12.062785372568753,12.070200522266337,11.610885117812852
1741,05/05/2023 15:32:15.706305,1924,True,True,True,True,Eyes,0.9952302,0.0005878558,-1.575899,0.9898367,0.001165145,-0.1422042,0.0,0.0,0.0,0.0,0.0,0.0,0.0,-1.268793,-0.1287728,-1.548105,1.222259,-0.005676315,-1.590313,-0.003721269,0.7827436,-0.03347738,0.6214321,2.738829,103.0417,357.2781,0.494983,0.001272989,-0.8689013,0.0,0.0,0.0,3.128606,-0.07200442,-2.280987,0.2475624,0.04308177,2.023751,-0.2276168,-0.04743343,-0.9725948,0.03578223,0.9977309,-0.05703344,0.9730932,-0.04778338,-0.225403,moving,-4.99900823213984,2.57125310299927,6.974255633247439,1.2195328463750081,1.906347,-0.066328105,-0.690674,-0.08705143712977542,0.044691469399329005,0.9952008865470179,-4.451438711796674,3.1560171688824834,12.042494455351743,12.049323435046345,11.58863507052018
1742,05/05/2023 15:32:15.726561,1925,True,True,True,True,Eyes,0.9952302,0.0005878558,-1.575899,0.9898367,0.001165145,-0.1422042,0.0,0.0,0.0,0.0,0.0,0.0,0.0,-1.256848,-0.1171576,-1.567449,1.234123,-0.006176325,-1.589714,-0.004875838,0.7846066,-0.0306154,0.6192185,2.407341,103.3834,357.386,0.4989285,0.001177317,-0.866642,0.0,0.0,0.0,3.135739,-0.07320843,-2.29252,0.2506258,0.04113899,2.023501,-0.2330897,-0.04556647,-0.9713873,0.03026402,0.9980778,-0.05408051,0.9719843,-0.04200367,-0.2312626,moving,-5.319421541679001,2.2338072752182687,7.060554661295928,1.1646971394010535,1.901616,-0.06703210500000001,-0.702806,-0.09263826187622964,0.03880980788328834,0.9949432325394324,-4.775053576406497,2.8215309660273626,12.420420980368956,12.426053567755641,11.95101337483239
1743,05/05/2023 15:32:15.746452,1926,True,True,True,True,Eyes,0.9952302,0.0005878558,-1.575899,0.9898367,0.001165145,-0.1422042,0.0,0.0,0.0,0.0,0.0,0.0,0.0,-1.24469,-0.1222893,-1.584716,1.245332,-0.004712499,-1.588917,-0.003950374,0.7862785,-0.03146593,0.6170579,2.556627,103.6939,357.4157,0.5024704,0.001091195,-0.8645933,0.0,0.0,0.0,3.142706,-0.06367783,-2.306274,0.2538065,0.03912234,2.023242,-0.2384479,-0.04504479,-0.9701101,0.03262041,0.9979885,-0.05435719,0.9706073,-0.04460675,-0.236499,moving,-5.6359056788252975,2.371645014551644,7.1501446344453985,1.1077595557355895,1.897374,-0.058965331,-0.7173570000000002,-0.09812325579777109,0.04118150213401821,0.9943218771006862,-5.094170106674193,2.9501139616060255,12.842006835002714,12.848365229339347,12.382144936820467
1744,05/05/2023 15:32:15.756778,1927,True,True,True,True,Eyes,0.9952302,0.0005878558,-1.575899,0.9898367,0.001165145,-0.1422042,0.0,0.0,0.0,0.0,0.0,0.0,0.0,-1.232416,-0.1200915,-1.603581,1.257535,-0.001961728,-1.588503,-0.006298545,0.7879994,-0.03017969,0.6149038,2.281958,104.0139,357.3016,0.5056511,0.001013669,-0.8627371,0.0,0.0,0.0,3.148776,-0.06951807,-2.318703,0.2570197,0.03708499,2.022981,-0.2437076,-0.04704171,-0.9687074,0.02718871,0.998099,-0.05530914,0.9694678,-0.03981715,-0.2419653,moving,-5.946402165741332,2.0708155101001298,7.240635342565659,1.0502201646550628,1.8912409999999997,-0.067556342,-0.7302000000000002,-0.10353115645712824,0.03594050201904919,0.9939766922240524,-5.4077396239430335,2.6514759839307507,13.221249483074372,13.226472436165267,12.749329766390389
1745,05/05/2023 15:32:15.776368,1928,True,True,True,True,Eyes,0.9952302,0.0005878558,-1.575899,0.9898367,0.001165145,-0.1422042,0.0,0.0,0.0,0.0,0.0,0.0,0.0,-1.22028,-0.09806329,-1.623335,1.269692,1.028366e-05,-1.588016,-0.01282386,0.7897868,-0.02431208,0.6127655,1.299962,104.3544,357.1303,0.5085077,0.0009438834,-0.8610566,0.0,0.0,0.0,3.156009,-0.05979937,-2.33201,0.2602891,0.03501213,2.022715,-0.2487083,-0.05005143,-0.9672845,0.009538976,0.998489,-0.05411875,0.9685316,-0.02268668,-0.2478551,moving,-6.240676144950448,1.0548969911535733,7.332697018140976,0.9916606974218152,1.886317,-0.059809653659999996,-0.7439939999999998,-0.10868690698615507,0.018301323835435687,0.9939075925472419,-5.705748021850401,1.656524229980497,13.571384119625966,13.573520466458783,13.055385577523253
1746,05/05/2023 15:32:15.796656,1929,True,True,True,True,Eyes,1.00751,0.0007288943,-1.576376,0.9886101,-0.0002030049,-0.1504997,0.0,0.0,0.0,0.0,0.0,0.0,0.0,-1.20875,-0.1010757,-1.639967,1.281068,0.001566217,-1.58734,-0.01527463,0.791191,-0.02473754,0.6108777,1.173636,104.6247,356.8813,0.511074,0.0008810665,-0.8595359,0.0,0.0,0.0,3.163281,-0.02613688,-2.345958,0.2635027,0.03297412,2.022454,-0.2531902,-0.05439351,-0.9658861,0.006052923,0.9983095,-0.05780609,0.9673975,-0.02048237,-0.2524329,moving,-6.023757444994271,0.8343422031275196,7.423172277102097,0.9340684795145132,1.882213,-0.027703097000000003,-0.758618,-0.1049298315236723,0.014481119924999751,0.9943742546723646,-5.487166879760564,1.445571563144045,13.445688415206003,13.447299516304406,12.920467969457755
1747,05/05/2023 15:32:15.806386,1930,True,True,True,True,Eyes,1.019771,0.0009396576,-1.576818,0.9873196,-0.001071196,-0.1587417,0.0,0.0,0.0,0.0,0.0,0.0,0.0,-1.195522,-0.1047063,-1.658337,1.292878,0.004327521,-1.58706,-0.01852242,0.7928891,-0.02507937,0.608568,0.9870265,104.9556,356.5656,0.5138444,0.0008319547,-0.8578828,0.0,0.0,0.0,3.170003,-0.02344819,-2.357176,0.2666746,0.03096266,2.022195,-0.258604,-0.05989745,-0.9641247,0.001152561,0.9980559,-0.06231463,0.9659829,-0.01722602,-0.2580323,moving,-5.866957961017226,0.5737235246953497,7.512465011105722,0.8772107170100442,1.877125,-0.027775711,-0.770116,-0.10221381460949303,0.009960752906152746,0.9947126151951824,-5.329279511316298,1.1945093301155836,13.381686005206586,13.38286454922377,12.845663890552123
1748,05/05/2023 15:32:15.826273,1931,True,True,True,True,Eyes,1.032067,0.001152617,-1.576938,0.98567,-0.00415101,-0.168634,0.0,0.0,0.0,0.0,0.0,0.0,0.0,-1.180512,-0.09118314,-1.678587,1.304683,0.006097089,-1.586614,-0.02370154,0.7949845,-0.02161738,0.605781,0.3240143,105.3746,356.3376,0.5167933,0.0007988375,-0.8561097,0.0,0.0,0.0,3.176232,-0.01787766,-2.370895,0.2700018,0.02885304,2.021924,-0.2649353,-0.06387551,-0.9621482,-0.01149391,0.9979418,-0.06308685,0.9641977,-0.005655084,-0.2651242,moving,-5.659930951773732,-0.27827328266492973,7.606112226709143,0.817560510673135,1.8715490000000001,-0.023974749,-0.784281,-0.09862269492701897,-0.0048330886972162874,0.9951131649410518,-5.121387369404831,0.3682581296403759,13.310183037282325,13.311226589461757,12.735427695946575
1749,05/05/2023 15:32:15.846409,1932,True,True,True,True,Eyes,1.044314,0.00134093,-1.577047,0.9839428,-0.007092184,-0.1783434,0.0,0.0,0.0,0.0,0.0,0.0,0.0,-1.166887,-0.08064456,-1.696792,1.315842,0.006076113,-1.586113,-0.02609477,0.7968454,-0.01928367,0.6033115,359.9568,105.7409,356.2815,0.5199073,0.0007801555,-0.8542222,0.0,0.0,0.0,3.181339,0.004108148,-2.386997,0.2730211,0.02693865,2.02168,-0.2706688,-0.06485511,-0.9604856,-0.01831887,0.9978944,-0.06221876,0.9624984,0.0007543462,-0.271287,moving,-5.426893188676016,-0.8061047361410699,7.691072444502975,0.7634143937028587,1.865497,-0.0019679650000000003,-0.8008839999999999,-0.09456632292933281,-0.0140056702710626,0.9954200886244826,-4.886890793189645,-0.14173887685260167,13.209881605834848,13.211525750351893,12.610490143207926
1750,05/05/2023 15:32:15.856716,1933,True,True,True,True,Eyes,1.05645,0.001544883,-1.577278,0.9821382,-0.01036076,-0.1878755,0.0,0.0,0.0,0.0,0.0,0.0,0.0,-1.154403,-0.07684026,-1.713812,1.32687,0.005688428,-1.585902,-0.02544682,0.798543,-0.01854903,0.6011136,359.9445,106.0596,356.3914,0.5231631,0.0007730827,-0.8522321,0.0,0.0,0.0,3.186234,0.0145446,-2.401352,0.2762197,0.02491037,2.02142,-0.27603,-0.06294091,-0.9590862,-0.0183406,0.9980168,-0.06021726,0.9609742,0.0009684563,-0.2766369,moving,-5.179238140043836,-0.980362339502127,7.7810689839935305,0.7060318118936789,1.8593639999999998,0.008856171999999999,-0.8154500000000002,-0.09025859596874602,-0.017039880076557046,0.9957725749828599,-4.637250522462191,-0.3070382486581984,13.0677161332918,13.069563343250444,12.459573440210754
1751,05/05/2023 15:32:15.876492,1934,True,True,True,True,Eyes,1.068539,0.001776718,-1.577519,0.9802548,-0.01350426,-0.1972764,0.0,0.0,0.0,0.0,0.0,0.0,0.0,-1.142778,-0.08272566,-1.729523,1.337373,0.006708898,-1.586008,-0.02341066,0.8000742,-0.0197177,0.5991197,0.2005171,106.3399,356.4978,0.5265343,0.0007772084,-0.8501534,0.0,0.0,0.0,3.191592,0.01287131,-2.414425,0.2794534,0.02285988,2.021157,-0.2810154,-0.06108706,-0.9577572,-0.01383401,0.9981263,-0.05960283,0.9596037,-0.003499683,-0.2813339,moving,-4.916769124685436,-0.8788374280286126,7.8720379355737515,0.6480044838029249,1.854219,0.006162412000000001,-0.828417,-0.08569851018503827,-0.015281577091110377,0.9962038218717197,-4.372355636421346,-0.20341704889540568,12.878126722050748,12.879628575710584,12.273959938514434
1752,05/05/2023 15:32:15.896490,1935,True,True,True,True,Eyes,1.080544,0.002003066,-1.577793,0.9782759,-0.01681531,-0.2066243,0.0,0.0,0.0,0.0,0.0,0.0,0.0,-1.128131,-0.08338296,-1.747874,1.348301,0.007606355,-1.586418,-0.02370823,0.8021052,-0.01979451,0.5963836,0.1991698,106.7306,356.4659,0.5300023,0.0007927989,-0.8479957,0.0,0.0,0.0,3.19688,0.003094412,-2.426596,0.2827504,0.0207693,2.020888,-0.2875292,-0.06164322,-0.955786,-0.01442275,0.9980922,-0.06003295,0.9576632,-0.003476164,-0.2878697,moving,-4.747902367016315,-1.0630137364105177,7.964774183568577,0.5888259711277826,1.8485790000000002,-0.004511943000000001,-0.8401779999999999,-0.08275757867992145,-0.018488387330309726,0.9963982412803915,-4.20220873682904,-0.3797957500211835,12.817804577002244,12.819544434151753,12.205478336547442
1753,05/05/2023 15:32:15.906445,1936,True,True,True,True,Eyes,1.092482,0.002250862,-1.578068,0.9762192,-0.02025183,-0.215838,0.0,0.0,0.0,0.0,0.0,0.0,0.0,-1.112387,-0.08691423,-1.76576,1.358505,0.007840108,-1.58659,-0.02362429,0.8042548,-0.02070491,0.5934541,0.3016165,107.1438,356.4124,0.5335487,0.0008183322,-0.8457687,0.0,0.0,0.0,3.200929,0.001732444,-2.442434,0.2858461,0.01880651,2.020635,-0.2945086,-0.06257471,-0.9535981,-0.01342508,0.9980264,-0.06134389,0.9555546,-0.005264173,-0.2947675,moving,-4.6133469165512295,-1.154161509827411,8.051834293994018,0.5332494678097135,1.8424239999999998,-0.0061076640000000005,-0.855844,-0.08041491118774635,-0.02007732508224369,0.9965593050025663,-4.066570709740136,-0.46616758520437895,12.77527544594389,12.777095558200958,12.159546631366828
1754,05/05/2023 15:32:15.926171,1937,True,True,True,True,Eyes,1.104337,0.00250461,-1.578405,0.974104,-0.02335782,-0.2248906,0.0,0.0,0.0,0.0,0.0,0.0,0.0,-1.096696,-0.09922676,-1.782992,1.368806,0.008654543,-1.586803,-0.02224911,0.8062916,-0.02346784,0.5906336,0.6624516,107.5311,356.3533,0.5371587,0.0008538497,-0.8434806,0.0,0.0,0.0,3.203782,-0.004042696,-2.458671,0.2889081,0.01686448,2.020386,-0.301314,-0.06360034,-0.9514015,-0.00815676,0.9979084,-0.064126,0.9534901,-0.01156171,-0.3012026,moving,-4.477938247190363,-0.9674671605881452,8.137926345464102,0.4782457842900007,1.834976,-0.012697239,-0.8718679999999999,-0.07806416330968458,-0.01683315836818626,0.9968062016889857,-3.929759457398628,-0.2818635602420909,12.69710314208021,12.698430034424762,12.091600673701546
1755,05/05/2023 15:32:15.946187,1938,True,True,True,True,Eyes,1.116112,0.002755481,-1.578747,0.9719299,-0.02656158,-0.2337665,0.0,0.0,0.0,0.0,0.0,0.0,0.0,-1.082581,-0.09983607,-1.799762,1.379197,0.009175277,-1.58708,-0.02249985,0.8081182,-0.02360265,0.5881173,0.6693651,107.8871,356.323,0.5408166,0.0008985658,-0.8411399,0.0,0.0,0.0,3.206808,-0.01853227,-2.474207,0.2921909,0.01478358,2.020119,-0.307224,-0.06412732,-0.9494743,-0.008602816,0.9978733,-0.06461256,0.9515985,-0.01168237,-0.3071223,moving,-4.298698101564266,-1.135557035533446,8.230209123223093,0.41929293243505783,1.827611,-0.027707547,-0.8871269999999998,-0.07494143102862377,-0.019762182668936645,0.9969921076016092,-3.7491297141134723,-0.4423850623051342,12.623472016254645,12.625017808709046,12.010289253233648
1756,05/05/2023 15:32:15.957060,1939,True,True,True,True,Eyes,1.116112,0.002755481,-1.578747,0.9719299,-0.02656158,-0.2337665,0.0,0.0,0.0,0.0,0.0,0.0,0.0,-1.069855,-0.1091878,-1.814711,1.389037,0.009409335,-1.587505,-0.02074169,0.8096976,-0.02569231,0.5859177,0.9912755,108.1875,356.3475,0.5445101,0.0009513215,-0.8387535,0.0,0.0,0.0,3.210452,-0.02059685,-2.488663,0.2953337,0.01279084,2.019864,-0.3125406,-0.06369615,-0.9477666,-0.003481832,0.9978194,-0.06591184,0.9498981,-0.01730016,-0.3120808,moving,-4.61891535629947,-0.8323619297391991,8.318536453069429,0.3628221269044761,1.821415,-0.030006184999999998,-0.9011579999999999,-0.08051955043216813,-0.014479776869285045,0.9966478629026272,-4.0718262622471775,-0.15278596419769508,12.991602571033859,12.992541100531405,12.40108623954845
1757,05/05/2023 15:32:15.976390,1940,True,True,True,True,Eyes,1.116112,0.002755481,-1.578747,0.9719299,-0.02656158,-0.2337665,0.0,0.0,0.0,0.0,0.0,0.0,0.0,-1.057359,-0.1192481,-1.829557,1.399038,0.0100617,-1.588111,-0.01868025,0.8112309,-0.02778444,0.5837668,1.333356,108.4801,356.4015,0.5478253,0.0009987851,-0.836592,0.0,0.0,0.0,3.214086,-0.03385778,-2.501498,0.2986063,0.01071567,2.019598,-0.317735,-0.06274725,-0.9461012,0.002131273,0.9977582,-0.066889,0.9481773,-0.02326936,-0.316889,moving,-4.932721699299595,-0.5057486540228513,8.410495073298332,0.3039995604732565,1.815048,-0.04391948,-0.9133870000000002,-0.08598259938276298,-0.008794175615748006,0.9962578379350292,-4.388029096176676,0.1597412953881543,13.367323361308182,13.367764435814175,12.799337145480672
1758,05/05/2023 15:32:15.996302,1941,True,True,True,True,Eyes,1.116112,0.002755481,-1.578747,0.9719299,-0.02656158,-0.2337665,0.0,0.0,0.0,0.0,0.0,0.0,0.0,-1.045586,-0.1278651,-1.843608,1.408658,0.01103039,-1.588727,-0.01670702,0.8126587,-0.02942969,0.5817564,1.627061,108.7547,356.4786,0.5508016,0.001041488,-0.8346354,0.0,0.0,0.0,3.217854,-0.04719406,-2.514132,0.3018007,0.008689627,2.019338,-0.3225604,-0.06139604,-0.9445555,0.007087621,0.9977095,-0.06727143,0.9465222,-0.02839376,-0.3213864,moving,-5.225214048641158,-0.22359685592209888,8.500239065298707,0.24655400903956087,1.809196,-0.058224450000000004,-0.925405,-0.09107014181792411,-0.003886274596191286,0.9958369096932402,-4.682780220603114,0.429339639175499,13.733340806165229,13.733503013389765,13.184286407653754
1759,05/05/2023 15:32:16.006501,1942,True,True,True,True,Eyes,1.116112,0.002755481,-1.578747,0.9719299,-0.02656158,-0.2337665,0.0,0.0,0.0,0.0,0.0,0.0,0.0,-1.033407,-0.1354239,-1.858047,1.418434,0.01144229,-1.589504,-0.01535807,0.8141307,-0.03099316,0.5796505,1.871633,109.0421,356.5045,0.5534743,0.00107991,-0.8328654,0.0,0.0,0.0,3.221356,-0.05849864,-2.526321,0.3051733,0.006551202,2.019063,-0.3275386,-0.06093736,-0.9428707,0.01092346,0.9976071,-0.0682696,0.9447746,-0.03266035,-0.3260892,moving,-5.526988885559271,0.0044870993438634885,8.594970995576201,0.1859054958200401,1.8029220000000001,-0.06994093,-0.9368169999999998,-0.09631461907723343,7.795056877560498e-05,0.9953509494866988,-4.986956398334436,0.6461007301255667,14.123073803908904,14.123125132879753,13.58972153456934
1760,05/05/2023 15:32:16.026560,1943,True,True,True,True,Eyes,1.116112,0.002755481,-1.578747,0.9719299,-0.02656158,-0.2337665,0.0,0.0,0.0,0.0,0.0,0.0,0.0,-1.020993,-0.1426014,-1.871953,1.427646,0.0111964,-1.59018,-0.01364264,0.8156417,-0.03256005,0.5774794,2.140953,109.3384,356.5658,0.5558748,0.001114481,-0.8312651,0.0,0.0,0.0,3.22494,-0.06852508,-2.538565,0.308015,0.004749313,2.018831,-0.3326629,-0.05986052,-0.941144,0.0153505,0.9975074,-0.06887135,0.9429208,-0.03735798,-0.3309149,moving,-5.838693267336833,0.2605617025205239,8.674775166677195,0.1347884436585908,1.7972940000000002,-0.07972148,-0.9483850000000003,-0.10172710202319263,0.004524052375215337,0.9948020678669829,-5.301118093620934,0.8899503902644831,14.51392654861743,14.514013397326266,13.996280291164801
1761,05/05/2023 15:32:16.046201,1944,True,True,True,True,Eyes,1.116112,0.002755481,-1.578747,0.9719299,-0.02656158,-0.2337665,0.0,0.0,0.0,0.0,0.0,0.0,0.0,-1.00889,-0.1577026,-1.884729,1.436716,0.01157567,-1.5908,-0.01069412,0.8170093,-0.03566717,0.5754213,2.635019,109.6085,356.6415,0.5580313,0.001145585,-0.8298188,0.0,0.0,0.0,3.227508,-0.08013513,-2.551248,0.311223,0.002714947,2.018571,-0.3375523,-0.05852167,-0.9394861,0.0235729,0.997227,-0.07058804,0.9410118,-0.04597355,-0.3352366,moving,-6.137291699187961,0.7448025022298903,8.764839360907065,0.07706189720499487,1.7907919999999997,-0.0917108,-0.9604480000000002,-0.10690229820316272,0.012924400254941782,0.9941855375558872,-5.601801788203248,1.356304362192987,14.916469600694748,14.917083751452491,14.423482214484066
1762,05/05/2023 15:32:16.056389,1945,True,True,True,True,Eyes,1.116112,0.002755481,-1.578747,0.9719299,-0.02656158,-0.2337665,0.0,0.0,0.0,0.0,0.0,0.0,0.0,-0.9962555,-0.1636699,-1.898564,1.445911,0.01234043,-1.591555,-0.009388682,0.8185225,-0.03670025,0.5732242,2.826764,109.9103,356.7029,0.5599688,0.001173572,-0.8285125,0.0,0.0,0.0,3.229836,-0.09895454,-2.562888,0.3144595,0.0006631166,2.018309,-0.3426516,-0.05744464,-0.9377045,0.02670525,0.9971299,-0.07084359,0.9390827,-0.04931632,-0.3401342,moving,-6.4489696468703706,0.9244042992734852,8.85568162945059,0.018824561124178272,1.7839250000000002,-0.11129497,-0.971333,-0.1123038142197002,0.016031138946786094,0.9935446041643685,-5.91602282626704,1.5256583454026473,15.330417125057945,15.331419547841595,14.848360198369079
1763,05/05/2023 15:32:16.076584,1946,True,True,True,True,Eyes,1.116112,0.002755481,-1.578747,0.9719299,-0.02656158,-0.2337665,0.0,0.0,0.0,0.0,0.0,0.0,0.0,-0.9838338,-0.1613272,-1.912956,1.455031,0.01264275,-1.592508,-0.009490282,0.8200827,-0.03605953,0.5710291,2.768758,110.2218,356.743,0.5617098,0.001198752,-0.8273331,0.0,0.0,0.0,3.232142,-0.1067922,-2.575736,0.3176593,-0.001366064,2.018048,-0.3476714,-0.0567477,-0.9358975,0.02561644,0.9972193,-0.06998203,0.9372663,-0.04830512,-0.345251,moving,-6.755712235699311,0.8521550279032573,8.945481469721326,-0.03878485040480148,1.777111,-0.11943495,-0.983228,-0.11762357404644924,0.0147691226695516,0.9929484339141017,-6.225548296797707,1.4497598182403664,15.725542328762524,15.726450891472627,15.243881048051987
1764,05/05/2023 15:32:16.096315,1947,True,True,True,True,Eyes,1.130707,0.003138278,-1.579606,0.9690744,-0.02957352,-0.2449902,0.0,0.0,0.0,0.0,0.0,0.0,0.0,-0.9718277,-0.1581371,-1.927191,1.464276,0.01293295,-1.593501,-0.009862648,0.8215584,-0.0352631,0.5689476,2.677761,110.5175,356.7672,0.5632749,0.001221413,-0.8262683,0.0,0.0,0.0,3.234572,-0.1064544,-2.589248,0.3209091,-0.003426589,2.017782,-0.3524032,-0.05633119,-0.9341516,0.02392022,0.9973184,-0.06916405,0.9355427,-0.04671873,-0.3501108,moving,-6.372218538803738,0.6128957482363364,9.036667007928724,-0.09729936093054103,1.770296,-0.11938735,-0.9957469999999999,-0.11098079038152803,0.010630765481760857,0.9937656841067479,-5.838946092710046,1.2235819674849668,15.424761704132182,15.425243300686867,14.934141843562774
1765,05/05/2023 15:32:16.106152,1948,True,True,True,True,Eyes,1.145101,0.003501626,-1.580477,0.9661564,-0.0323179,-0.2559246,0.0,0.0,0.0,0.0,0.0,0.0,0.0,-0.9605598,-0.150742,-1.941553,1.473705,0.01308106,-1.594695,-0.01112899,0.822947,-0.03365103,0.5670116,2.45103,110.7969,356.7593,0.565167,0.001260855,-0.8249752,0.0,0.0,0.0,3.237428,-0.1049884,-2.602205,0.3240606,-0.005424857,2.017527,-0.3567481,-0.05647819,-0.9324919,0.01984391,0.9974875,-0.06800656,0.9339899,-0.04276549,-0.354731,moving,-5.981225353065905,0.2500351131282794,9.12506011577334,-0.1540602239704222,1.763723,-0.11806946,-1.0075100000000001,-0.10420159379789978,0.004340165864536529,0.9945467448123166,-5.44491736396771,0.8771324620846463,15.111564919472576,15.111689306875281,14.606423317018265
1766,05/05/2023 15:32:16.126489,1949,True,True,True,True,Eyes,1.145101,0.003501626,-1.580477,0.9661564,-0.0323179,-0.2559246,0.0,0.0,0.0,0.0,0.0,0.0,0.0,-0.9492875,-0.1437108,-1.955791,1.483294,0.0129454,-1.595803,-0.01270535,0.8242745,-0.03225913,0.565128,2.224806,111.0664,356.7065,0.5673397,0.001314223,-0.8234825,0.0,0.0,0.0,3.24092,-0.09909913,-2.614934,0.3272498,-0.007446937,2.017269,-0.360938,-0.05740646,-0.9308214,0.01551568,0.9975958,-0.06754104,0.9324608,-0.03882045,-0.3591795,moving,-6.237337709119267,0.0020625529159490085,9.214488561137165,-0.2115117627738658,1.7576260000000001,-0.11204452999999999,-1.0191309999999998,-0.10864718899971271,3.57852433030062e-05,0.9940803910390786,-5.703564315756019,0.630963287100051,15.453230534863826,15.453302206147047,14.9418227083392
1767,05/05/2023 15:32:16.146228,1950,True,True,True,True,Eyes,1.145101,0.003501626,-1.580477,0.9661564,-0.0323179,-0.2559246,0.0,0.0,0.0,0.0,0.0,0.0,0.0,-0.9391906,-0.138736,-1.96917,1.492656,0.01230613,-1.597117,-0.01364425,0.8254433,-0.03138064,0.5634469,2.087762,111.3047,356.6792,0.5692916,0.001362246,-0.8221342,0.0,0.0,0.0,3.244634,-0.09381241,-2.627263,0.3304983,-0.009506926,2.017004,-0.3646829,-0.05788775,-0.9293305,0.01283753,0.9976583,-0.0671815,0.9310432,-0.03643026,-0.3630857,moving,-6.46704126072699,-0.15256109813604882,9.305566789136055,-0.27005534062113673,1.751978,-0.10611854,-1.0301460000000002,-0.1126312621310997,-0.0026457472901200603,0.9936333506976114,-5.9354648782778785,0.4762051175523102,15.772918343024944,15.773045666313836,15.259290644015781
1768,05/05/2023 15:32:16.166196,1951,True,True,True,True,Eyes,1.145101,0.003501626,-1.580477,0.9661564,-0.0323179,-0.2559246,0.0,0.0,0.0,0.0,0.0,0.0,0.0,-0.9299482,-0.1382962,-1.981848,1.502003,0.01196016,-1.598592,-0.0139003,0.826463,-0.03138269,0.5619438,2.077479,111.5128,356.6586,0.5710457,0.001405461,-0.8209167,0.0,0.0,0.0,3.248518,-0.09194674,-2.638654,0.333635,-0.01149576,2.016748,-0.3680519,-0.05824678,-0.927979,0.01229445,0.9976438,-0.06749564,0.9297239,-0.03625089,-0.3664686,moving,-6.674065642557998,-0.17822903093822567,9.393488729170477,-0.3265908268135834,1.7465149999999998,-0.1039069,-1.0400619999999998,-0.11622062390864019,-0.0030895986995815167,0.993218635429628,-6.144341487484862,0.4474773276793734,16.068052557724947,16.068239315834393,15.557099644516256
1769,05/05/2023 15:32:16.176738,1952,True,True,True,True,Eyes,1.145101,0.003501626,-1.580477,0.9661564,-0.0323179,-0.2559246,0.0,0.0,0.0,0.0,0.0,0.0,0.0,-0.920311,-0.1365339,-1.995085,1.511599,0.01160294,-1.600285,-0.01461815,0.82754,-0.03115922,0.5603508,2.016564,111.7342,356.6089,0.5726222,0.001444349,-0.8198178,0.0,0.0,0.0,3.252623,-0.09427778,-2.649266,0.3368723,-0.0135488,2.016484,-0.3715869,-0.05911439,-0.9265144,0.01072598,0.9976308,-0.06795358,0.9283364,-0.03518842,-0.3700724,moving,-6.891163165775985,-0.2589788851687066,9.484206123732394,-0.3849657998084687,1.741024,-0.10588072000000001,-1.048981,-0.11998251678080807,-0.004487366337338261,0.9927658817751683,-6.363441908000658,0.364910198231745,16.375570481656318,16.375853934083395,15.865379357271268
1770,05/05/2023 15:32:16.197623,1953,True,True,True,True,Eyes,1.160883,0.003761212,-1.58152,0.9631077,-0.03420679,-0.2669337,0.0,0.0,0.0,0.0,0.0,0.0,0.0,-0.910159,-0.1333672,-2.008651,1.521318,0.01089895,-1.601975,-0.01530746,0.8286833,-0.03069902,0.5586657,1.935592,111.9696,356.5771,0.5740392,0.001479342,-0.8188262,0.0,0.0,0.0,3.25675,-0.09506477,-2.660552,0.3401826,-0.01564764,2.016216,-0.3753167,-0.05967105,-0.924974,0.008930907,0.9976465,-0.06798303,0.9268537,-0.03377602,-0.3739005,moving,-6.46092633085527,-0.4254282073481114,9.576935002182084,-0.44465758229119406,1.7354319999999999,-0.10596372000000001,-1.058577,-0.11252255270675432,-0.007377900016540798,0.9936218537254433,-5.9296029876453025,0.21050099928761168,16.03741311885272,16.037872861031026,15.520372199047815
1771,05/05/2023 15:32:16.206329,1954,True,True,True,True,Eyes,1.176425,0.003986803,-1.582611,0.960008,-0.03600724,-0.2776473,0.0,0.0,0.0,0.0,0.0,0.0,0.0,-0.8999356,-0.1368672,-2.021797,1.531012,0.01049814,-1.603799,-0.01515868,0.8297852,-0.03156044,0.5569838,2.033882,112.1965,356.54,0.5758201,0.001523153,-0.8175747,0.0,0.0,0.0,3.26075,-0.0953605,-2.672214,0.3434455,-0.01771661,2.015951,-0.3790787,-0.0603142,-0.9233969,0.01000042,0.9975483,-0.06926304,0.9253106,-0.03549049,-0.3775461,moving,-6.048534498960238,-0.40837757214102977,9.66831461925259,-0.5035146433860611,1.7297379999999998,-0.10585864,-1.068415,-0.1053682202316471,-0.007087795852516676,0.9944079675409263,-5.513559855277619,0.23452774662716913,15.716616182296166,15.717137056951321,15.199803259577024
1772,05/05/2023 15:32:16.226099,1955,True,True,True,True,Eyes,1.191759,0.004149913,-1.58371,0.9568744,-0.03734119,-0.2880922,0.0,0.0,0.0,0.0,0.0,0.0,0.0,-0.889275,-0.1357489,-2.035711,1.540807,0.009903688,-1.60598,-0.01556385,0.8310078,-0.03150149,0.55515,2.010087,112.4494,356.5096,0.5779126,0.001573058,-0.8160968,0.0,0.0,0.0,3.264608,-0.1015545,-2.683428,0.3465147,-0.01966292,2.015701,-0.3831327,-0.06084346,-0.9216874,0.009108758,0.9975308,-0.06963652,0.9236485,-0.03507544,-0.3816323,moving,-5.670669217849312,-0.48776423575023503,9.754249636937939,-0.5588956874022624,1.723801,-0.11145818800000001,-1.0774480000000002,-0.09880680844662537,-0.00847133231260527,0.9950706249710406,-5.132455828760433,0.16398892994434755,15.424422375927547,15.425082863964956,14.904246434907407
1773,05/05/2023 15:32:16.246210,1956,True,True,True,True,Eyes,1.20686,0.004262742,-1.584855,0.9536954,-0.03881761,-0.2982587,0.0,0.0,0.0,0.0,0.0,0.0,0.0,-0.8777927,-0.1321345,-2.050147,1.550733,0.008516464,-1.608178,-0.0156035,0.8323591,-0.03099637,0.5531494,1.967814,112.7281,356.5428,0.5802717,0.001625197,-0.8144211,0.0,0.0,0.0,3.268222,-0.1036441,-2.695879,0.3496268,-0.02163599,2.015448,-0.3875647,-0.06026667,-0.9198704,0.008315822,0.9975916,-0.06886235,0.921805,-0.03433809,-0.3861301,moving,-5.331888405902484,-0.5901070735981799,9.841359976761384,-0.6150509941102461,1.7174890000000003,-0.112160564,-1.087701,-0.09291986423566212,-0.010254570909636378,0.9956207699515149,-4.790806325228349,0.07038437462289782,15.172431641358818,15.173268885813044,14.648211915923193
1774,05/05/2023 15:32:16.256928,1957,True,True,True,True,Eyes,1.221714,0.004337208,-1.586127,0.9504722,-0.04007243,-0.3082156,0.0,0.0,0.0,0.0,0.0,0.0,0.0,-0.8666873,-0.1406307,-2.063191,1.560249,0.007470807,-1.610357,-0.01383306,0.8335732,-0.03282729,0.5512593,2.262435,112.9779,356.6003,0.5828547,0.001676743,-0.8125744,0.0,0.0,0.0,3.271325,-0.1056677,-2.709368,0.3529929,-0.02377047,2.015173,-0.3918437,-0.05925443,-0.9181218,0.01313097,0.997462,-0.06997909,0.9199383,-0.03947669,-0.3900712,moving,-4.995884323819194,-0.3405707123631041,9.935559412902723,-0.6758151515278911,1.711076,-0.113138507,-1.099011,-0.0870826595593841,-0.005921464542082873,0.9961835199219298,-4.451562245620446,0.3195137760059718,14.934413385017432,14.935206757754747,14.421509951843882
1775,05/05/2023 15:32:16.276675,1958,True,True,True,True,Eyes,1.236365,0.004365901,-1.587453,0.9472033,-0.04113416,-0.3179839,0.0,0.0,0.0,0.0,0.0,0.0,0.0,-0.8559347,-0.1446591,-2.076806,1.569959,0.006818849,-1.613026,-0.01263914,0.8348085,-0.03363158,0.549367,2.422317,113.2337,356.6689,0.5856218,0.001725797,-0.8105823,0.0,0.0,0.0,3.273995,-0.1188217,-2.72143,0.3560635,-0.02571689,2.014924,-0.3960724,-0.05805468,-0.9163822,0.01584963,0.9974183,-0.07003891,0.9180825,-0.0422648,-0.3941298,moving,-4.667826492047278,-0.21522384061496214,10.021455427037406,-0.7312381300348515,1.704036,-0.125640549,-1.1084039999999997,-0.08137827474332993,-0.0037438968203858877,0.9966761916216336,-4.120474079679926,0.4475208003076314,14.69744104955483,14.698342561160894,14.190970466773035
1776,05/05/2023 15:32:16.296523,1959,True,True,True,True,Eyes,1.250819,0.004345411,-1.588847,0.9439086,-0.04220807,-0.3274982,0.0,0.0,0.0,0.0,0.0,0.0,0.0,-0.8454782,-0.1427015,-2.09066,1.579736,0.005799783,-1.61569,-0.01238465,0.8360236,-0.03333376,0.5475401,2.417077,113.4865,356.7173,0.5885402,0.001770305,-0.8084658,0.0,0.0,0.0,3.276854,-0.12686,-2.734342,0.3592607,-0.02774432,2.014664,-0.4000931,-0.05721086,-0.9146871,0.01579541,0.997471,-0.06929781,0.9163384,-0.04217343,-0.3981776,moving,-4.340228308360495,-0.25840037931184445,10.110870717817331,-0.7889811720101149,1.6971180000000001,-0.132659783,-1.1186519999999998,-0.07567808454254965,-0.004496989108461747,0.9971221800457826,-3.7900391500318635,0.41135210681818835,14.459777330314274,14.460836042289465,13.952637569088141
1777,05/05/2023 15:32:16.306450,1960,True,True,True,True,Eyes,1.265093,0.004291778,-1.590305,0.9405966,-0.04322748,-0.3367632,0.0,0.0,0.0,0.0,0.0,0.0,0.0,-0.8351116,-0.1444727,-2.104324,1.589473,0.004567752,-1.618647,-0.01201437,0.8372026,-0.03389552,0.5457093,2.501304,113.7338,356.7229,0.5915809,0.001808288,-0.8062434,0.0,0.0,0.0,3.279978,-0.1297945,-2.747506,0.3627594,-0.02996304,2.014379,-0.4041143,-0.05711112,-0.9129239,0.01687727,0.9974135,-0.06986754,0.9145527,-0.04364213,-0.4021052,moving,-4.025523651615356,-0.21321696480361052,10.208689789507362,-0.8521877649011796,1.690505,-0.13436225200000002,-1.128859,-0.07020037084915431,-0.003712148675138832,0.9975260195693172,-3.4725119272372353,0.4610275671136473,14.247299937707666,14.24854785481019,13.744082905836029
1778,05/05/2023 15:32:16.326387,1961,True,True,True,True,Eyes,1.27921,0.004196879,-1.591818,0.9372722,-0.04395635,-0.3458161,0.0,0.0,0.0,0.0,0.0,0.0,0.0,-0.8250782,-0.1430852,-2.118162,1.599423,0.003716288,-1.621625,-0.01214891,0.8383371,-0.03375742,0.5439704,2.486438,113.9724,356.7238,0.5947186,0.001838787,-0.8039315,0.0,0.0,0.0,3.283037,-0.1361762,-2.760432,0.3660083,-0.03202342,2.014114,-0.4078973,-0.05709584,-0.9112407,0.01635631,0.9974257,-0.0698175,0.9128813,-0.04338291,-0.4059135,moving,-3.70847276289417,-0.2508436643402456,10.299497473952734,-0.9108979061939726,1.6836140000000002,-0.139892488,-1.1388070000000001,-0.06467926328945739,-0.0043688669651613735,0.9978965971077095,-3.1527109454484146,0.43007556941081204,14.022075465646141,14.0235124615261,13.518880176304647
1779,05/05/2023 15:32:16.346155,1962,True,True,True,True,Eyes,1.293165,0.004046117,-1.59341,0.9339477,-0.04457819,-0.3546188,0.0,0.0,0.0,0.0,0.0,0.0,0.0,-0.8156322,-0.1352355,-2.132502,1.609529,0.002558357,-1.624967,-0.01303547,0.8394658,-0.03239593,0.5422895,2.306925,114.2097,356.7285,0.5979314,0.001860561,-0.8015449,0.0,0.0,0.0,3.286839,-0.1384711,-2.772863,0.3688807,-0.03384493,2.013881,-0.4115046,-0.0570216,-0.9096223,0.01325028,0.9975612,-0.06852853,0.9113115,-0.04025255,-0.4097455,moving,-3.3947182376749994,-0.44728928230561354,10.379751730670373,-0.9628121592402074,1.67731,-0.14102945700000002,-1.147896,-0.05921255382830393,-0.007792893982233974,0.998214986335568,-2.8364139848848,0.2443504880697055,13.782495206100378,13.784113564008804,13.271182233624714
1780,05/05/2023 15:32:16.356725,1963,True,True,True,True,Eyes,1.306954,0.003858618,-1.595094,0.9306228,-0.04501107,-0.3632015,0.0,0.0,0.0,0.0,0.0,0.0,0.0,-0.8073293,-0.1291686,-2.146228,1.619598,0.001051525,-1.628392,-0.0131295,0.8404472,-0.03135159,0.5408264,2.206269,114.4157,356.7885,0.6011996,0.001871813,-0.7990964,0.0,0.0,0.0,3.291015,-0.1354441,-2.785968,0.3720025,-0.03582405,2.013628,-0.4146688,-0.05598084,-0.9082489,0.01184223,0.9976894,-0.06690028,0.9098954,-0.03849714,-0.4130478,moving,-3.067112382107553,-0.5501561505450783,10.466947359120649,-1.0192301442057825,1.6714169999999997,-0.136495625,-1.157576,-0.05350319059409303,-0.009588136272689961,0.9985217063958618,-2.5060384500654926,0.15003446670828147,13.540354585777667,13.542186067642948,13.025572560762194
1781,05/05/2023 15:32:16.376375,1964,True,True,True,True,Eyes,1.320602,0.003650295,-1.596871,0.9273072,-0.04532579,-0.3715465,0.0,0.0,0.0,0.0,0.0,0.0,0.0,-0.8003377,-0.1273346,-2.15922,1.629489,-2.318993e-07,-1.6321,-0.01268224,0.8412637,-0.03102815,0.5395851,2.207545,114.5873,356.855,0.6045049,0.001871893,-0.7965988,0.0,0.0,0.0,3.295521,-0.1352229,-2.798248,0.3751961,-0.03784917,2.013367,-0.4173745,-0.05482287,-0.9070796,0.01214643,0.9977528,-0.06589201,0.9086536,-0.03851942,-0.4157706,moving,-2.724252887567761,-0.5437018073383035,10.556131573922503,-1.0769731957720317,1.666032,-0.1352226681007,-1.166148,-0.04752713115133905,-0.009478520317417216,0.998824910347319,-2.1601519758972065,0.16248827945329258,13.28904481535407,13.291086856187274,12.776546171324357
1782,05/05/2023 15:32:16.396339,1965,True,True,True,True,Eyes,1.334098,0.003399936,-1.598767,0.9239823,-0.0454517,-0.3797248,0.0,0.0,0.0,0.0,0.0,0.0,0.0,-0.7926636,-0.1208407,-2.173166,1.639748,-0.00072941,-1.636092,-0.01297036,0.8421949,-0.0297624,0.5381948,2.07286,114.7838,356.9092,0.6078323,0.001861004,-0.7940629,0.0,0.0,0.0,3.300309,-0.1380492,-2.809665,0.3783553,-0.03985214,2.013111,-0.4203563,-0.05388308,-0.9057578,0.0101888,0.997892,-0.06409266,0.9073019,-0.03617033,-0.4189211,moving,-2.408090254178888,-0.6654655590353391,10.644315687504674,-1.1340960428504652,1.660561,-0.13731979,-1.1735729999999998,-0.04201390357324353,-0.01160404922364857,0.9990496731541296,-1.8413417024513683,0.049558012076446945,13.058537637418718,13.060816031047107,12.541637747164796
1783,05/05/2023 15:32:16.406154,1966,True,True,True,True,Eyes,1.347462,0.003118697,-1.600759,0.9206678,-0.04555729,-0.3876795,0.0,0.0,0.0,0.0,0.0,0.0,0.0,-0.7852076,-0.1139757,-2.187048,1.649853,-0.001967693,-1.640336,-0.01336616,0.8431194,-0.02856028,0.536801,1.937512,114.9798,356.9486,0.6111676,0.001838325,-0.7914987,0.0,0.0,0.0,3.305187,-0.1358981,-2.822242,0.3815708,-0.04189132,2.012849,-0.4233319,-0.0532009,-0.9044111,0.008123829,0.9980114,-0.06250938,0.9059381,-0.03380951,-0.4220579,moving,-2.1035878116861793,-0.7885867183066693,10.734049469252252,-1.1922649866227855,1.655334,-0.133930407,-1.1819060000000001,-0.036702814858715904,-0.013753727375795693,0.999231603640494,-1.5342958432246039,-0.0649042844598069,12.841451994138566,12.843982524951167,12.320034044553378
1784,05/05/2023 15:32:16.426122,1967,True,True,True,True,Eyes,1.360703,0.002853148,-1.602824,0.9172674,-0.04590677,-0.3956171,0.0,0.0,0.0,0.0,0.0,0.0,0.0,-0.7772375,-0.1123019,-2.200861,1.660059,-0.002993237,-1.644595,-0.01357034,0.8440428,-0.02842166,0.5353504,1.916811,115.1774,356.9407,0.6144989,0.001803679,-0.7889153,0.0,0.0,0.0,3.309874,-0.1343385,-2.835039,0.3848044,-0.04394174,2.012586,-0.4264319,-0.05333897,-0.9029458,0.007523199,0.9980161,-0.06250795,0.9044885,-0.03344842,-0.4251847,moving,-1.8042968985662533,-0.8132110789017172,10.824255705728822,-1.2507670736425172,1.6498150000000003,-0.131345263,-1.190444,-0.03148254577489412,-0.014185697613525476,0.9994035319838289,-1.2323966334104908,-0.08350943679192069,12.633354559436697,12.636130583686667,12.113024230870648
1785,05/05/2023 15:32:16.446197,1968,True,True,True,True,Eyes,1.373827,0.002601663,-1.604991,0.9138708,-0.04614864,-0.4033738,0.0,0.0,0.0,0.0,0.0,0.0,0.0,-0.7692522,-0.1172324,-2.214252,1.669999,-0.002910643,-1.64909,-0.0138577,0.8449289,-0.02950675,0.5338846,2.00951,115.3697,356.8496,0.6178168,0.001759144,-0.7863197,0.0,0.0,0.0,3.314374,-0.1368859,-2.847688,0.3880167,-0.04597841,2.012325,-0.4295507,-0.05492393,-0.9013711,0.008088855,0.9978747,-0.06465902,0.9030067,-0.03506538,-0.4281935,moving,-1.5146012953043628,-0.7208590019357386,10.913835915409791,-1.3088892508162662,1.644375,-0.13397525700000001,-1.1985980000000003,-0.026429609801250975,-0.012576636004275358,0.9995715394835425,-0.940045679228898,0.011665694021900763,12.439295876083266,12.442340257132608,11.92721150236091
1786,05/05/2023 15:32:16.457085,1969,True,True,True,True,Eyes,1.386835,0.002357289,-1.607246,0.9103965,-0.04687563,-0.411073,0.0,0.0,0.0,0.0,0.0,0.0,0.0,-0.7591903,-0.112888,-2.229105,1.680324,-0.002850975,-1.653639,-0.01563312,0.8460839,-0.02892929,0.5320346,1.852036,115.6219,356.7171,0.6211128,0.001706501,-0.7837189,0.0,0.0,0.0,3.318486,-0.1428373,-2.860147,0.3911884,-0.04798914,2.012068,-0.4333897,-0.05723663,-0.8993874,0.004328916,0.9978374,-0.06558793,0.9011964,-0.0323185,-0.4322047,moving,-1.2699145646625616,-0.9096493095430601,11.002250010181502,-1.3662828461168535,1.6381620000000001,-0.139986325,-1.206508,-0.022159585398138393,-0.01587181117222539,0.9996285118053825,-0.6934162148960161,-0.16784412855648534,12.277353563011454,12.280657048333428,11.756907068109655
1787,05/05/2023 15:32:16.476659,1970,True,True,True,True,Eyes,1.399723,0.002119883,-1.609602,0.9069002,-0.0474314,-0.4186674,0.0,0.0,0.0,0.0,0.0,0.0,0.0,-0.7466744,-0.1078872,-2.244655,1.690348,-0.002949071,-1.658418,-0.01672467,0.8475764,-0.02811243,0.5296643,1.715574,115.9462,356.666,0.6243796,0.001647011,-0.7811189,0.0,0.0,0.0,3.322201,-0.1403753,-2.874605,0.3944199,-0.05003877,2.011805,-0.4383523,-0.05813117,-0.8969215,0.001429415,0.99786,-0.06537179,0.8988022,-0.02993794,-0.4373312,moving,-1.104494636376458,-1.0696583950995684,11.092305973389955,-1.4247997852060277,1.6318530000000002,-0.137426229,-1.216187,-0.019272517271163747,-0.01866451012886313,0.9996400894464179,-0.5267193213849461,-0.3207422673419509,12.19837555137083,12.20196994429035,11.67136203719905
1788,05/05/2023 15:32:16.496196,1971,True,True,True,True,Eyes,1.412511,0.001937822,-1.612013,0.9033109,-0.04832017,-0.4262566,0.0,0.0,0.0,0.0,0.0,0.0,0.0,-0.7330037,-0.09912956,-2.260558,1.700339,-0.003050712,-1.663154,-0.01752379,0.8492207,-0.02643542,0.5270849,1.514272,116.3031,356.695,0.6276103,0.001581801,-0.7785256,0.0,0.0,0.0,3.323923,-0.1382854,-2.891412,0.3976846,-0.05210868,2.011539,-0.4437492,-0.05763055,-0.8942962,-0.001895711,0.9979882,-0.06337206,0.8961492,-0.02642597,-0.4429657,moving,-0.966245026554555,-1.313670984041517,11.18325633868515,-1.4839085224324935,1.6235840000000001,-0.135234688,-1.2282579999999998,-0.016858927694789916,-0.02292261818703908,0.9995951380752268,-0.38752652729468984,-0.5559612597352501,12.14677049778878,12.150693981968224,11.607932729560414
1789,05/05/2023 15:32:16.506205,1972,True,True,True,True,Eyes,1.425201,0.001817298,-1.614514,0.8996866,-0.04905071,-0.4337719,0.0,0.0,0.0,0.0,0.0,0.0,0.0,-0.7184513,-0.09903163,-2.276077,1.710154,-0.001959033,-1.667896,-0.01824072,0.850871,-0.02637427,0.5243952,1.475616,116.6652,356.6336,0.6308009,0.001514137,-0.7759429,0.0,0.0,0.0,3.324892,-0.1334163,-2.909259,0.4010056,-0.05421474,2.011269,-0.449354,-0.05870208,-0.891423,-0.003379919,0.9979433,-0.06401289,0.8933474,-0.02575151,-0.4486282,moving,-0.8439058920638359,-1.388202311898642,11.275738065592618,-1.544061872815059,1.6147380000000002,-0.131457267,-1.241363,-0.014724082073259481,-0.02422370448145938,0.9995981318254695,-0.26419372218804194,-0.6263658573668491,12.11639732542631,12.120646099242716,11.576363489602425
1790,05/05/2023 15:32:16.526159,1973,True,True,True,True,Eyes,1.437762,0.001752184,-1.617106,0.8960028,-0.04990329,-0.4412354,0.0,0.0,0.0,0.0,0.0,0.0,0.0,-0.7015229,-0.09353192,-2.292695,1.720478,-0.0006441856,-1.672508,-0.02065128,0.8527185,-0.02555946,0.5213363,1.263906,117.0792,356.452,0.633947,0.001447205,-0.7733749,0.0,0.0,0.0,3.325325,-0.1334889,-2.926676,0.4040431,-0.0561403,2.011021,-0.4555644,-0.0618696,-0.8880505,-0.008569313,0.9978405,-0.06512256,0.8901619,-0.02205752,-0.4551107,moving,-0.7600716782075582,-1.6470101927692866,11.360300429803242,-1.5990718410149294,1.604847,-0.13284471439999998,-1.254168,-0.013259885116189918,-0.028739265608924657,0.9994990066192107,-0.17991222574635746,-0.8769763724124819,12.115842707892831,12.120466910239683,11.562782104713524
1791,05/05/2023 15:32:16.546502,1974,True,True,True,True,Eyes,1.450226,0.001758408,-1.619771,0.8922906,-0.05072471,-0.4486028,0.0,0.0,0.0,0.0,0.0,0.0,0.0,-0.6844153,-0.09184127,-2.30837,1.730193,0.0006757416,-1.676861,-0.02216084,0.8545495,-0.02536385,0.5182767,1.167679,117.4896,356.3203,0.6370437,0.001383552,-0.770826,0.0,0.0,0.0,3.325224,-0.1284084,-2.945692,0.407491,-0.05832693,2.010741,-0.4617962,-0.06416606,-0.884662,-0.01158409,0.9977311,-0.06632022,0.8869103,-0.02037842,-0.4614917,moving,-0.6844530750913463,-1.7877338050105596,11.456244246297981,-1.6615516644764088,1.5950309999999999,-0.1290841416,-1.2688310000000003,-0.011939861926432871,-0.031194554456850716,0.9994420056662616,-0.1037858881900181,-1.012702594463217,12.136322332190353,12.141353029303602,11.578225331454195
1792,05/05/2023 15:32:16.556758,1975,True,True,True,True,Eyes,1.46258,0.001823031,-1.622516,0.8885809,-0.05155719,-0.4558133,0.0,0.0,0.0,0.0,0.0,0.0,0.0,-0.6684053,-0.09315944,-2.323756,1.740327,0.002393033,-1.681231,-0.02247233,0.8562203,-0.02541947,0.5154956,1.166654,117.8613,356.2902,0.640089,0.001326158,-0.7682993,0.0,0.0,0.0,3.324488,-0.1266879,-2.963794,0.4104341,-0.0601934,2.010501,-0.4675187,-0.06468977,-0.881613,-0.01227528,0.9976977,-0.06669809,0.883898,-0.02036055,-0.4672364,moving,-0.5871284463224153,-1.830674590928055,11.538116336998028,-1.714894868873337,1.5841610000000002,-0.12908093299999998,-1.2825630000000001,-0.010241915204344199,-0.031944186219857326,0.9994371397352081,-0.005652372815046158,-1.0527830800110642,12.120461737832876,12.12579754075907,11.562741372469153
1793,05/05/2023 15:32:16.576674,1976,True,True,True,True,Eyes,1.474827,0.00188736,-1.625327,0.8848807,-0.05209849,-0.4628952,0.0,0.0,0.0,0.0,0.0,0.0,0.0,-0.6552172,-0.07755321,-2.338613,1.750157,0.003864598,-1.685636,-0.02364327,0.857694,-0.02213835,0.5131394,0.7856234,118.1928,356.3717,0.6430795,0.001277077,-0.765798,0.0,0.0,0.0,3.324543,-0.1273917,-2.981025,0.4136604,-0.06223887,2.010238,-0.4722582,-0.06327749,-0.8791863,-0.01783725,0.9979018,-0.06224044,0.8812799,-0.01371128,-0.4723959,moving,-0.43717335075761743,-2.23300099021876,11.627833626515885,-1.7733650380762347,1.5743859999999998,-0.131256298,-1.295389,-0.0076242470029176945,-0.038962223016040694,0.9992116332945176,0.14517094554181775,-1.4420132968573012,12.067897660965256,12.073759090281712,11.487442544859293
1794,05/05/2023 15:32:16.596652,1977,True,True,True,True,Eyes,1.486958,0.001926851,-1.628194,0.8812002,-0.05273754,-0.4697924,0.0,0.0,0.0,0.0,0.0,0.0,0.0,-0.6438738,-0.06110118,-2.35264,1.75988,0.003869908,-1.689979,-0.02427788,0.858955,-0.01886236,0.5111275,0.43463,118.4766,356.5033,0.6460136,0.00123544,-0.7633245,0.0,0.0,0.0,3.325802,-0.1141923,-2.997623,0.4168403,-0.0642557,2.00998,-0.4763188,-0.06098935,-0.8771552,-0.02242506,0.9981096,-0.05722202,0.878987,-0.007585655,-0.476786,moving,-0.2543661924472143,-2.6088219710879033,11.716220133730806,-1.831026690966617,1.5659219999999998,-0.118062208,-1.307644,-0.004434911707620226,-0.04551635253228188,0.9989537191048214,0.32916548068027224,-1.8048323603577172,11.989415813471906,11.995828545384397,11.38708478121226
1795,05/05/2023 15:32:16.606321,1978,True,True,True,True,Eyes,1.498973,0.001954623,-1.631109,0.8775399,-0.05338565,-0.4765224,0.0,0.0,0.0,0.0,0.0,0.0,0.0,-0.6331623,-0.05497525,-2.365685,1.769203,0.003343302,-1.694192,-0.02404289,0.8600811,-0.0176659,0.5092843,0.3379825,118.7274,356.5974,0.6488898,0.001199353,-0.7608812,0.0,0.0,0.0,3.327745,-0.1032363,-3.01293,0.420162,-0.0663613,2.009711,-0.4801031,-0.0593516,-0.8752021,-0.02336374,0.9982197,-0.05487754,0.876901,-0.005898875,-0.480635,moving,-0.06238685124450079,-2.7307692853063394,11.808508992272962,-1.891237799542949,1.558542,-0.10657960200000001,-1.318738,-0.0010876192288254427,-0.04764284253592331,0.9988637935470497,0.5226985164387085,-1.9201748719734373,11.893820323243611,11.900545417888553,11.285847573426244
1796,05/05/2023 15:32:16.626394,1979,True,True,True,True,Eyes,1.510882,0.002034981,-1.634043,0.8738815,-0.05452253,-0.483072,0.0,0.0,0.0,0.0,0.0,0.0,0.0,-0.6229652,-0.05644364,-2.378151,1.778451,0.003096767,-1.698226,-0.0240452,0.8610627,-0.01808441,0.5076082,0.3857496,118.9486,356.5734,0.6517068,0.00116772,-0.7584698,0.0,0.0,0.0,3.329711,-0.1018046,-3.02666,0.423215,-0.06829747,2.009462,-0.4835119,-0.05976844,-0.8732951,-0.02304925,0.9981895,-0.05555471,0.8750345,-0.006732554,-0.4840142,moving,0.14863681785216382,-2.7357313929200675,11.893309511092601,-1.9466160722974952,1.55126,-0.104901367,-1.3284340000000001,0.002591242553103501,-0.04772922274265449,0.9988570199294113,0.7355751865666175,-1.9212134765055526,11.764283145456103,11.771152860301699,11.157763241285338
1797,05/05/2023 15:32:16.646477,1980,True,True,True,True,Eyes,1.522705,0.002173877,-1.637023,0.8702491,-0.05551224,-0.4894741,0.0,0.0,0.0,0.0,0.0,0.0,0.0,-0.6125464,-0.06853421,-2.390087,1.7875,0.004469584,-1.702131,-0.02455576,0.8619579,-0.02054458,0.505968,0.6055281,119.1551,356.3808,0.6544649,0.001142453,-0.7560912,0.0,0.0,0.0,3.332014,-0.1061175,-3.039189,0.4264179,-0.0703282,2.009202,-0.4867868,-0.06312186,-0.8712372,-0.02154226,0.9979498,-0.06026597,0.8732551,-0.01056826,-0.4871487,moving,0.36283139833409866,-2.558982537483116,11.982232348490733,-2.0047086254863,1.544514,-0.110587084,-1.3370579999999999,0.00632624555619099,-0.04464693029703828,0.9989827974713337,0.9518550677883029,-1.7451809180116644,11.625662275459957,11.632613550274124,11.033430000937305
1798,05/05/2023 15:32:16.666323,1981,True,True,True,True,Eyes,1.534435,0.002334341,-1.640027,0.866611,-0.05653005,-0.4957718,0.0,0.0,0.0,0.0,0.0,0.0,0.0,-0.6012431,-0.06411184,-2.403275,1.797273,0.005970237,-1.706196,-0.02753578,0.8629491,-0.02022325,0.5041348,0.4090827,119.3992,356.1057,0.6571643,0.001125504,-0.7537462,0.0,0.0,0.0,3.334215,-0.1161264,-3.050766,0.4296727,-0.07239169,2.008937,-0.4901799,-0.06791445,-0.8689716,-0.02713346,0.9976656,-0.06266677,0.8711991,-0.007139775,-0.4908784,moving,0.5653588649422325,-2.7997956917648072,12.072564270115329,-2.06375033915861,1.536942,-0.12209663700000001,-1.3445699999999998,0.009855436043500365,-0.04884383470440592,0.9987577783131424,1.1558954415800229,-1.9761271420677025,11.523444167199386,11.53072152980628,10.917020478893628
1799,05/05/2023 15:32:16.676814,1982,True,True,True,True,Eyes,1.546086,0.002504249,-1.64302,0.8629867,-0.05791332,-0.5018963,0.0,0.0,0.0,0.0,0.0,0.0,0.0,-0.5896952,-0.05352864,-2.416063,1.806609,0.006619886,-1.709997,-0.03068063,0.8639855,-0.01887131,0.5022267,0.1026628,119.6582,355.8728,0.6598054,0.001116951,-0.7514354,0.0,0.0,0.0,3.337073,-0.1120039,-3.063686,0.4328541,-0.07440931,2.008678,-0.4936543,-0.0719706,-0.8666753,-0.0340599,0.9974051,-0.06342635,0.8689912,-0.001791802,-0.4948246,moving,0.7535956028005574,-3.171657643432684,12.160823127247756,-2.1214903025948635,1.5304640000000003,-0.11862378600000001,-1.3536890000000001,0.01313220201300569,-0.05532282812666792,0.9983821026652864,1.3453718298142276,-2.334991858014995,11.447790121216881,11.455465561829783,10.817558397407588
1800,05/05/2023 15:32:16.696653,1983,True,True,True,True,Eyes,1.557637,0.0027192,-1.646052,0.8593847,-0.05927236,-0.5078825,0.0,0.0,0.0,0.0,0.0,0.0,0.0,-0.579589,-0.05653564,-2.427842,1.815784,0.006942349,-1.713597,-0.03130908,0.8648344,-0.01970187,0.5006927,0.1561454,119.8571,355.7629,0.6623901,0.001116315,-0.749158,0.0,0.0,0.0,3.339325,-0.1045031,-3.07677,0.435914,-0.07634937,2.00843,-0.4966535,-0.07388351,-0.8647989,-0.03442518,0.9972632,-0.06543016,0.8672662,-0.002725247,-0.4978376,moving,0.962906597887068,-3.1799199423589544,12.245670974073523,-2.177019513492078,1.523541,-0.111445449,-1.3631729999999997,0.016779230578737925,-0.055463773028150656,0.9983196564041883,1.5565170298722848,-2.3392761534777664,11.319453539407416,11.32724950015508,10.690385365366971
1801,05/05/2023 15:32:16.706331,1984,True,True,True,True,Eyes,1.569094,0.002960547,-1.649118,0.8557665,-0.06059464,-0.5138016,0.0,0.0,0.0,0.0,0.0,0.0,0.0,-0.5685741,-0.06163463,-2.439958,1.824976,0.00828045,-1.717516,-0.03191163,0.8657755,-0.02075457,0.4989829,0.2343912,120.0778,355.6431,0.6649185,0.001124731,-0.7469147,0.0,0.0,0.0,3.341878,-0.10931,-3.088147,0.439358,-0.0785332,2.00815,-0.4999957,-0.07596895,-0.8626897,-0.03454425,0.9971018,-0.0677843,0.8653389,-0.004090888,-0.5011709,moving,1.1463104891314582,-3.1622790755545145,12.341134519311613,-2.239538452523177,1.516902,-0.11759045,-1.3706310000000002,0.019975108233557526,-0.055153161337236294,0.9982781280420332,1.7415560839125699,-2.318792760208207,11.224774603276218,11.23278840377986,10.5998747281967
1802,05/05/2023 15:32:16.726402,1985,True,True,True,True,Eyes,1.580468,0.003212973,-1.652172,0.8520511,-0.06212821,-0.5197586,0.0,0.0,0.0,0.0,0.0,0.0,0.0,-0.5526129,-0.06264767,-2.45316,1.834176,0.009149208,-1.721341,-0.03275318,0.867218,-0.02116903,0.496399,0.2405875,120.4166,355.5364,0.6673909,0.001142374,-0.7447064,0.0,0.0,0.0,3.344035,-0.1138194,-3.10007,0.4424679,-0.08050524,2.007896,-0.5050303,-0.07782488,-0.8595856,-0.03579173,0.9969582,-0.06923363,0.8623591,-0.004199034,-0.5062796,moving,1.2224635011057934,-3.2368501702167296,12.427307295043722,-2.296005961857864,1.5098589999999998,-0.12296860800000001,-1.378729,0.02130037401762741,-0.05645083679543471,0.9981781358328675,1.818295939473539,-2.3900667504156266,11.235899912097537,11.244274644055603,10.609428324587578
1803,05/05/2023 15:32:16.746328,1986,True,True,True,True,Eyes,1.591736,0.003491187,-1.655247,0.8482693,-0.06386805,-0.5256995,0.0,0.0,0.0,0.0,0.0,0.0,0.0,-0.5330414,-0.07356305,-2.466322,1.842952,0.009655491,-1.725028,-0.0316887,0.8690022,-0.02315368,0.4932494,0.514542,120.8211,355.531,0.6698091,0.001168722,-0.7425321,0.0,0.0,0.0,3.34341,-0.1161804,-3.115067,0.4455727,-0.08247372,2.007643,-0.5114019,-0.07791617,-0.8558022,-0.03223402,0.9969195,-0.07150206,0.8587371,-0.008980329,-0.512338,moving,1.2087355670929052,-3.06321351519954,12.513300019654292,-2.3523806978941324,1.500458,-0.125835891,-1.3900389999999998,0.021064722285429327,-0.053425836315236425,0.99834956549427,1.8046423880586797,-2.2211651166843147,11.31802853730695,11.32689104548432,10.709461508380482
1804,05/05/2023 15:32:16.756698,1987,True,True,True,True,Eyes,1.602898,0.003785779,-1.658347,0.8444024,-0.06571508,-0.5316635,0.0,0.0,0.0,0.0,0.0,0.0,0.0,-0.5117331,-0.08980984,-2.479254,1.851664,0.01062106,-1.728544,-0.0296957,0.8709056,-0.02584633,0.4898711,0.912491,121.2506,355.5806,0.6721734,0.001203937,-0.7403924,0.0,0.0,0.0,3.340017,-0.127542,-3.131462,0.4487178,-0.08446836,2.007387,-0.518289,-0.07704705,-0.8517278,-0.02640156,0.9969003,-0.07411356,0.854798,-0.0159253,-0.5187166,moving,1.1617530947137247,-2.7748524383914357,12.600370903215481,-2.409514032842088,1.488353,-0.13816305999999998,-1.4029179999999999,0.02025126377289882,-0.04840145233048275,0.9986226253321704,1.7575704419940785,-1.9411025152237356,11.434928490937704,11.444450599287974,10.852913488630627
1805,05/05/2023 15:32:16.776420,1988,True,True,True,True,Eyes,1.613951,0.004079589,-1.661467,0.8404601,-0.06765234,-0.5376337,0.0,0.0,0.0,0.0,0.0,0.0,0.0,-0.4903033,-0.09790485,-2.492234,1.860334,0.01140706,-1.732121,-0.02817815,0.8728498,-0.02701111,0.4864254,1.131101,121.6968,355.671,0.6744841,0.001247743,-0.7382879,0.0,0.0,0.0,3.335411,-0.1423921,-3.148175,0.4519187,-0.08649819,2.007127,-0.5251926,-0.07546837,-0.8476304,-0.02291281,0.9969528,-0.07456642,0.8506749,-0.01974014,-0.5253214,moving,1.1137793127464286,-2.6722616642065073,12.688945355359387,-2.467664733799767,1.4750770000000002,-0.15379916,-1.4160540000000001,0.019416762532598164,-0.0466140682038904,0.9987242523106221,1.7092895178049972,-1.8420262914038035,11.566767880422352,11.576974078661141,10.997466334194701
1806,05/05/2023 15:32:16.796377,1989,True,True,True,True,Eyes,1.624891,0.004379354,-1.664609,0.8364421,-0.06981052,-0.5435909,0.0,0.0,0.0,0.0,0.0,0.0,0.0,-0.4680476,-0.1071772,-2.504851,1.868754,0.01173643,-1.735643,-0.02612297,0.8748605,-0.02831932,0.4828405,1.393826,122.1599,355.8093,0.6767419,0.001299152,-0.7362188,0.0,0.0,0.0,3.330462,-0.1508923,-3.165626,0.4552308,-0.08859822,2.006856,-0.5323656,-0.07305533,-0.8433564,-0.01836047,0.9970312,-0.07477735,0.8463156,-0.02432445,-0.5321264,moving,1.0466232084885354,-2.5401716836643313,12.780568287150032,-2.5278395563047344,1.4617079999999998,-0.16262873,-1.429983,0.01824806246271682,-0.04431245688481064,0.9988510280813043,1.6416905018771837,-1.7145583433144709,11.72295086957138,11.73395155906183,11.168528311583755
1807,05/05/2023 15:32:16.806718,1990,True,True,True,True,Eyes,1.63573,0.004688463,-1.667774,0.8323485,-0.07195947,-0.5495615,0.0,0.0,0.0,0.0,0.0,0.0,0.0,-0.4453928,-0.1207165,-2.516975,1.877011,0.01227086,-1.739192,-0.02368666,0.8768601,-0.03030942,0.4792043,1.745083,122.6251,355.9503,0.6789472,0.001357562,-0.7341855,0.0,0.0,0.0,3.324611,-0.1608832,-3.183208,0.4583762,-0.09059232,2.006601,-0.5396045,-0.07058857,-0.8389544,-0.01249097,0.9970406,-0.07585574,0.8418261,-0.03045274,-0.5388893,moving,0.9747344508443259,-2.3189234317190177,12.867526549818354,-2.5849859145140535,1.4476,-0.17315406,-1.444016,0.016997578244755507,-0.040455955637034205,0.9990367515985028,1.569417427072898,-1.5003217853644157,11.883856256004927,11.895767867362332,11.350055771780509
1808,05/05/2023 15:32:16.826344,1991,True,True,True,True,Eyes,1.646479,0.005011514,-1.670954,0.8281944,-0.07397234,-0.5555376,0.0,0.0,0.0,0.0,0.0,0.0,0.0,-0.4224712,-0.1249768,-2.52952,1.885441,0.01283375,-1.742847,-0.02250881,0.87889,-0.03077712,0.4754984,1.873538,123.1067,356.0508,0.6811003,0.001422565,-0.7321883,0.0,0.0,0.0,3.318166,-0.1736678,-3.200507,0.4614486,-0.09254061,2.006352,-0.5467895,-0.06883448,-0.834436,-0.01029659,0.9970922,-0.07550521,0.837207,-0.03269359,-0.5459083,moving,0.9063043651255376,-2.312162260337883,12.95242927985902,-2.640828334355435,1.4327250000000002,-0.18650155000000002,-1.45766,0.01580446034503502,-0.0403388511320961,0.9990610053508944,1.5003922506477263,-1.494966084911343,12.037975568469774,12.050607737768784,11.50922032168677
1809,05/05/2023 15:32:16.846183,1992,True,True,True,True,Eyes,1.657146,0.00534386,-1.674166,0.8239805,-0.07583532,-0.5615204,0.0,0.0,0.0,0.0,0.0,0.0,0.0,-0.3998238,-0.1256345,-2.541973,1.89385,0.01348771,-1.746545,-0.02207391,0.8808712,-0.03072527,0.4718418,1.908258,123.5833,356.1054,0.6832027,0.001494,-0.7302269,0.0,0.0,0.0,3.311834,-0.1790648,-3.218603,0.4646969,-0.09460025,2.006088,-0.5537563,-0.06788348,-0.8299072,-0.009893613,0.9971374,-0.0749608,0.8326201,-0.03329922,-0.5528428,moving,0.8529630711202596,-2.388950419365724,13.042157502559848,-2.6998729422216865,1.4179840000000001,-0.19255251,-1.4720579999999999,0.014873529105874639,-0.0416783601166968,0.9990203762615819,1.446494791101696,-1.5707287778040504,12.179848566770463,12.193159299486618,11.650509012997647
1810,05/05/2023 15:32:16.856912,1993,True,True,True,True,Eyes,1.667764,0.005671796,-1.677371,0.8196915,-0.07741035,-0.5675503,0.0,0.0,0.0,0.0,0.0,0.0,0.0,-0.37745,-0.1204798,-2.554809,1.902553,0.01402935,-1.750465,-0.02242529,0.882821,-0.02977223,0.4682284,1.808944,124.0579,356.1291,0.6852552,0.001571512,-0.7283009,0.0,0.0,0.0,3.305813,-0.1814015,-3.2365,0.4678704,-0.09661257,2.005829,-0.5605188,-0.06747543,-0.8253884,-0.01171463,0.9972214,-0.07356741,0.8280591,-0.03156679,-0.5597517,moving,0.8156263225657039,-2.5819909102373475,13.12978629916566,-2.7575719370112455,1.4032600000000002,-0.19543085,-1.486035,0.014220434387070324,-0.045044433256753696,0.9988836963169857,1.4086120862584188,-1.759451095084521,12.301539651474124,12.315411671002282,11.76359511987769
1811,05/05/2023 15:32:16.876455,1994,True,True,True,True,Eyes,1.678311,0.005971146,-1.680614,0.8153367,-0.07883416,-0.573595,0.0,0.0,0.0,0.0,0.0,0.0,0.0,-0.3545407,-0.1086128,-2.567762,1.911262,0.01410979,-1.754358,-0.02357736,0.8848119,-0.02783838,0.4645182,1.567764,124.5488,356.1232,0.6872603,0.001654203,-0.7264089,0.0,0.0,0.0,3.300403,-0.1794236,-3.254635,0.4710566,-0.09863283,2.005571,-0.5673341,-0.06758594,-0.8207095,-0.0158602,0.9973382,-0.07116769,0.8233351,-0.02735923,-0.5668959,moving,0.7753652914996938,-2.90837524447656,13.217712717359332,-2.815505119017209,1.3891410000000002,-0.19353339,-1.5002769999999999,0.013514837052172102,-0.05073429353682569,0.9986207307149039,1.3676293703262323,-2.078123203737746,12.428290235061091,12.442694013998688,11.873003302476269
1812,05/05/2023 15:32:16.896631,1995,True,True,True,True,Eyes,1.688807,0.006248313,-1.683875,0.8109504,-0.07990675,-0.5796331,0.0,0.0,0.0,0.0,0.0,0.0,0.0,-0.3307881,-0.1009945,-2.580595,1.920121,0.01370042,-1.75842,-0.02430928,0.886824,-0.0267457,0.4606918,1.434796,125.0489,356.1135,0.689219,0.001740249,-0.7245506,0.0,0.0,0.0,3.294845,-0.1731938,-3.273215,0.4742463,-0.1006554,2.00531,-0.5743445,-0.06775915,-0.8158048,-0.01847306,0.9973874,-0.06983563,0.8184054,-0.0250393,-0.5740957,moving,0.7182538114160608,-3.107178769706804,13.305712300319465,-2.8735175719690886,1.374724,-0.18689422,-1.514795,0.012517140800138937,-0.05419968053609797,0.9984517446463335,1.309791287110424,-2.2728152405554867,12.57450801953377,12.589627030424476,12.01095184596608
1813,05/05/2023 15:32:16.916299,1996,True,True,True,True,Eyes,1.699245,0.006491662,-1.687175,0.8064672,-0.08092348,-0.5857149,0.0,0.0,0.0,0.0,0.0,0.0,0.0,-0.3053924,-0.09692153,-2.59324,1.928964,0.01337403,-1.762518,-0.02492609,0.888923,-0.02634137,0.4566188,1.379096,125.5758,356.0785,0.6911327,0.001828289,-0.7227252,0.0,0.0,0.0,3.288577,-0.1714568,-3.292033,0.4777107,-0.1028521,2.005029,-0.5817562,-0.06837068,-0.8104848,-0.02025883,0.9973696,-0.06959434,0.8131111,-0.02406745,-0.581611,moving,0.6357838437658171,-3.2268684621003723,13.40122807187673,-2.936531328323986,1.3596130000000002,-0.18483083,-1.529515,0.01107870185433929,-0.05628625337445783,0.9983531531574635,1.2264603526082356,-2.3908944333903954,12.752730748832377,12.768745513646191,12.186988497543393
1814,05/05/2023 15:32:16.926473,1997,True,True,True,True,Eyes,1.709654,0.006686639,-1.690458,0.8017025,-0.08204245,-0.592066,0.0,0.0,0.0,0.0,0.0,0.0,0.0,-0.2775946,-0.09349579,-2.606014,1.938037,0.01279106,-1.766622,-0.02576782,0.8911665,-0.02623299,0.4521839,1.343843,126.146,356.0049,0.6930024,0.001916618,-0.7209323,0.0,0.0,0.0,3.281535,-0.1722299,-3.31085,0.4807237,-0.104762,2.004784,-0.5897316,-0.06965111,-0.8045903,-0.02220256,0.9972957,-0.07005952,0.8072942,-0.02345234,-0.5896833,moving,0.5335092512336591,-3.3332338472480894,13.484262546149587,-2.991327646537083,1.3434979999999999,-0.18502095999999998,-1.544228,0.009295607473515488,-0.05814058371469349,0.9982651324529295,1.123165350810198,-2.496349907573546,12.938383843930591,12.955265753965081,12.371003469189425
1815,05/05/2023 15:32:16.946175,1998,True,True,True,True,Eyes,1.720007,0.006836809,-1.693767,0.7968193,-0.08330554,-0.5984473,0.0,0.0,0.0,0.0,0.0,0.0,0.0,-0.2478503,-0.09740765,-2.618002,1.946887,0.01171984,-1.770408,-0.02601222,0.8934835,-0.02751711,0.4474972,1.483632,126.7396,355.9208,0.6948309,0.00200313,-0.71917,0.0,0.0,0.0,3.27323,-0.1744647,-3.330571,0.4839755,-0.1068246,2.004519,-0.5981397,-0.07111064,-0.798231,-0.02185532,0.9971324,-0.07245295,0.8010941,-0.02589137,-0.5979785,moving,0.40253520760317757,-3.2747195436911123,13.573839876601603,-3.0505145440766297,1.3263429999999998,-0.18618454,-1.560163,0.00701403560789482,-0.05712212009495844,0.9983425501423945,0.991103570471025,-2.441703627541631,13.155311912502153,13.173212765511376,12.597456238531205
1816,05/05/2023 15:32:16.956369,1999,True,True,True,True,Eyes,1.730305,0.006949319,-1.697109,0.7916791,-0.08465428,-0.6050436,0.0,0.0,0.0,0.0,0.0,0.0,0.0,-0.2170469,-0.1068727,-2.629619,1.955876,0.01082791,-1.774221,-0.02564893,0.8958146,-0.02966444,0.4426944,1.744262,127.3415,355.8567,0.6966191,0.002086095,-0.7174378,0.0,0.0,0.0,3.263264,-0.1835772,-3.350123,0.487488,-0.1090518,2.004234,-0.6067276,-0.07221793,-0.7916225,-0.0196888,0.9969243,-0.07585695,0.7946659,-0.03043841,-0.6062834,moving,0.2723332633693833,-3.1003536081067895,13.670541185335631,-3.11443315737189,1.307388,-0.19440511,-1.575902,0.00474613720636291,-0.054084363781374316,0.998525041336506,0.8599509891892231,-2.2741863391373114,13.379178628051376,13.398215319733694,12.838116524208518
1817,05/05/2023 15:32:16.976732,2000,True,True,True,True,Eyes,1.740569,0.007025247,-1.700489,0.7864177,-0.08600938,-0.6116776,0.0,0.0,0.0,0.0,0.0,0.0,0.0,-0.1857857,-0.1127721,-2.641138,1.965017,0.01008923,-1.778048,-0.02536842,0.898159,-0.03108307,0.4378363,1.926684,127.953,355.8235,0.698368,0.002164277,-0.7157353,0.0,0.0,0.0,3.253077,-0.1960916,-3.368959,0.4903268,-0.1108515,2.004003,-0.6153117,-0.07278835,-0.7849161,-0.01835117,0.9967806,-0.07804951,0.7880703,-0.03362064,-0.6146665,moving,0.1425311353442935,-3.005004394961649,13.748661623680574,-3.1660916384830595,1.2880600000000002,-0.20618083,-1.5909109999999997,0.002484214329612766,-0.05242301509498435,0.9986218277358803,0.7291128746239396,-2.1836361740818577,13.587071889350842,13.607084036106317,13.056564186974839
1818,05/05/2023 15:32:16.996646,2001,True,True,True,True,Eyes,1.750788,0.00705727,-1.703909,0.7809727,-0.08753811,-0.6184002,0.0,0.0,0.0,0.0,0.0,0.0,0.0,-0.153785,-0.1140534,-2.652911,1.974416,0.00930357,-1.782187,-0.0250875,0.9005687,-0.03156852,0.4328395,2.013875,128.5862,355.839,0.7000784,0.002236616,-0.7140621,0.0,0.0,0.0,3.24241,-0.2058179,-3.388344,0.4936688,-0.1129708,2.00373,-0.6240414,-0.07251424,-0.7780195,-0.01785784,0.9967481,-0.07857697,0.7811875,-0.03514152,-0.623307,moving,0.00665875396635569,-3.0156032060881777,13.840592816186186,-3.2269341270801775,1.267994,-0.21512147,-1.606157,0.0001160562532391829,-0.05260791031720075,0.998615281532736,0.5920318824617161,-2.1964046829822097,13.81442477965003,13.835548142231785,13.288579974916924
1819,05/05/2023 15:32:17.006202,2002,True,True,True,True,Eyes,1.760978,0.00704156,-1.707361,0.775385,-0.08902636,-0.625182,0.0,0.0,0.0,0.0,0.0,0.0,0.0,-0.12033,-0.1125203,-2.664361,1.983782,0.008325431,-1.786196,-0.02512105,0.9030532,-0.03166017,0.4276232,2.045719,129.2478,355.8427,0.7017512,0.002301877,-0.7124181,0.0,0.0,0.0,3.231694,-0.2115429,-3.408293,0.4965628,-0.1148061,2.003495,-0.633015,-0.07244853,-0.7707424,-0.01829403,0.9967331,-0.07866633,0.7739238,-0.03569695,-0.6322724,moving,-0.1449448851745477,-3.0805506846506585,13.920152681009494,-3.2796285268613494,1.2479120000000001,-0.219868331,-1.6220970000000001,-0.0025261073791771893,-0.05373968389148675,0.9985518460653916,0.43901995369386987,-2.262399991229957,14.044358011823434,14.066506372711581,13.519456109814595
1820,05/05/2023 15:32:17.026482,2003,True,True,True,True,Eyes,1.771128,0.006993602,-1.710852,0.7696747,-0.0906665,-0.6319656,0.0,0.0,0.0,0.0,0.0,0.0,0.0,-0.08569705,-0.1103768,-2.675629,1.993242,0.007176791,-1.790378,-0.02539803,0.9055808,-0.03177419,0.4222189,2.068892,129.9308,355.8206,0.7033876,0.002358826,-0.7108022,0.0,0.0,0.0,3.219877,-0.2158808,-3.428818,0.4998151,-0.116868,2.003232,-0.6421724,-0.07283125,-0.7630926,-0.0191686,0.9966906,-0.07899524,0.7663206,-0.03610114,-0.6414433,moving,-0.3105670855514591,-3.164253748528728,14.009512260520054,-3.3388354034609566,1.226635,-0.223057591,-1.6384400000000001,-0.005412128151719209,-0.055197770899657904,0.9984608117408907,0.27184490122562743,-2.3469182168606246,14.297805062333294,14.321143502947761,13.773431096850802
1821,05/05/2023 15:32:17.046402,2004,True,True,True,True,Eyes,1.781265,0.006926989,-1.714374,0.7638046,-0.09223236,-0.6388238,0.0,0.0,0.0,0.0,0.0,0.0,0.0,-0.04803932,-0.1102515,-2.686226,2.002737,0.00638372,-1.794234,-0.02593294,0.9082394,-0.03236897,0.4163905,2.131957,130.6619,355.7497,0.7049888,0.002407003,-0.7092141,0.0,0.0,0.0,3.207385,-0.2203038,-3.449655,0.5030606,-0.1189262,2.002967,-0.6518931,-0.0740629,-0.7546856,-0.02015039,0.9965594,-0.080394,0.7580433,-0.03720108,-0.6511426,moving,-0.5151408657858051,-3.207409816664342,14.098656329860939,-3.3979486044960816,1.2046479999999997,-0.22668752,-1.6554209999999998,-0.00897670104239312,-0.05594837767731376,0.9983933696356573,0.06542080811279194,-2.3926380383744212,14.59041008417068,14.615039291947218,14.069198575015204
1822,05/05/2023 15:32:17.056339,2005,True,True,True,True,Eyes,1.791394,0.006835196,-1.71792,0.7578356,-0.09364691,-0.64569,0.0,0.0,0.0,0.0,0.0,0.0,0.0,-0.00921905,-0.1054312,-2.696901,2.01255,0.005850233,-1.798357,-0.02706311,0.9109458,-0.03224047,0.4103732,2.09329,131.4182,355.6518,0.7065557,0.002446544,-0.707653,0.0,0.0,0.0,3.193356,-0.2260809,-3.470558,0.5061579,-0.1208899,2.002714,-0.6617231,-0.0757673,-0.7459103,-0.0228448,0.9964563,-0.08095059,0.7494004,-0.03652668,-0.661109,moving,-0.7320784484412163,-3.3458791720564403,14.183687539256175,-3.4543558069329654,1.180806,-0.231931133,-1.672201,-0.01275505658684839,-0.058358678842543026,0.9982142503566693,-0.1535831808405771,-2.53142987035079,14.890172855443835,14.916160436924258,14.366945534307554
1823,05/05/2023 15:32:17.076673,2006,True,True,True,True,Eyes,1.80152,0.006720805,-1.721489,0.7517213,-0.09496042,-0.6526083,0.0,0.0,0.0,0.0,0.0,0.0,0.0,0.03011632,-0.09788682,-2.707108,2.022545,0.005131439,-1.802279,-0.02820824,0.9136332,-0.0316332,0.4043243,2.005289,132.1794,355.574,0.7080901,0.002477332,-0.7061173,0.0,0.0,0.0,3.178843,-0.228469,-3.492273,0.5094997,-0.1230091,2.002443,-0.6714525,-0.0771241,-0.7370235,-0.02596382,0.9964072,-0.08061282,0.7405927,-0.03499173,-0.6710426,moving,-0.9434092547584296,-3.5280120149728216,14.275370182113306,-3.5152346426861936,1.156298,-0.233600439,-1.689994,-0.016433658359760905,-0.061528211829117864,0.9979700403775569,-0.3669801207505188,-2.712655747347895,15.191233307694404,15.218784800679474,14.664329349650423
1824,05/05/2023 15:32:17.096550,2007,True,True,True,True,Eyes,1.811647,0.006592264,-1.725081,0.745499,-0.09614148,-0.6595362,0.0,0.0,0.0,0.0,0.0,0.0,0.0,0.06795084,-0.09104849,-2.716805,2.032604,0.00446039,-1.80622,-0.0288157,0.9161673,-0.03092138,0.3985616,1.930582,132.904,355.5556,0.7095936,0.002499364,-0.7046065,0.0,0.0,0.0,3.164399,-0.2289999,-3.513568,0.5126162,-0.1249852,2.002189,-0.6806369,-0.07744814,-0.7285159,-0.02815185,0.996427,-0.07962795,0.73208,-0.03368865,-0.6803854,moving,-1.1188151675897056,-3.68550419086353,14.360835556678442,-3.572012606902856,1.1317949999999999,-0.23346029000000001,-1.7073479999999999,-0.019485401264059066,-0.06426762801577256,0.9977424183700098,-0.54410804661648,-2.869231758063352,15.450997801278366,15.480066759706345,14.921502764095102
1825,05/05/2023 15:32:17.106770,2008,True,True,True,True,Eyes,1.821787,0.006456336,-1.728699,0.7391621,-0.09717767,-0.6664801,0.0,0.0,0.0,0.0,0.0,0.0,0.0,0.1042719,-0.0838309,-2.726185,2.042917,0.003995693,-1.810099,-0.02920665,0.9185361,-0.02999012,0.3931148,1.84128,133.5889,355.5681,0.7110676,0.002512997,-0.7031189,0.0,0.0,0.0,3.150622,-0.2295369,-3.534009,0.5158809,-0.1270552,2.001924,-0.6892156,-0.07723383,-0.7204283,-0.0300756,0.9964951,-0.07805714,0.723932,-0.03213087,-0.6891229,moving,-1.2511309332128075,-3.845152927486387,14.450310906673845,-3.6314945161389605,1.1077049999999997,-0.23353259299999998,-1.7239100000000003,-0.021785489127671087,-0.06704429327925084,0.9975120493112863,-0.6777687361457776,-3.0271336143695757,15.672250358113297,15.702895458102072,15.140146821582709
1826,05/05/2023 15:32:17.126150,2009,True,True,True,True,Eyes,1.831928,0.006313962,-1.73234,0.732429,-0.09859496,-0.6736666,0.0,0.0,0.0,0.0,0.0,0.0,0.0,0.139594,-0.07422578,-2.73543,2.053357,0.003661477,-1.814189,-0.0297025,0.920805,-0.02859846,0.3878383,1.697788,134.2535,355.5886,0.712514,0.002518824,-0.7016528,0.0,0.0,0.0,3.138133,-0.2290185,-3.553355,0.5190476,-0.1290632,2.001667,-0.697399,-0.07688356,-0.7125478,-0.03251726,0.9965998,-0.07570672,0.7159455,-0.02962767,-0.6975276,moving,-1.3324693957286315,-4.076845082763069,14.537053928089167,-3.689202284855424,1.0847759999999997,-0.232679977,-1.7391659999999998,-0.023195070645640026,-0.07107521209919904,0.9972011818368242,-0.7600841700615475,-3.2542999028137896,15.841950987666412,15.874257068095085,15.30331905423786
1827,05/05/2023 15:32:17.146360,2010,True,True,True,True,Eyes,1.842088,0.006142735,-1.735999,0.7256191,-0.09986369,-0.6808114,0.0,0.0,0.0,0.0,0.0,0.0,0.0,0.1738204,-0.06769417,-2.744059,2.063819,0.003401106,-1.818047,-0.03021282,0.922911,-0.02782535,0.3828163,1.617601,134.881,355.578,0.7139336,0.002517412,-0.7002085,0.0,0.0,0.0,3.126307,-0.2264297,-3.572422,0.5222409,-0.1310882,2.001407,-0.7050778,-0.07707147,-0.7049294,-0.0344635,0.9966259,-0.07449255,0.7082921,-0.02822872,-0.705355,moving,-1.3788406424880557,-4.234573596347738,14.624485084324824,-3.747407570389195,1.062488,-0.229830806,-1.754375,-0.023997334628845124,-0.07381872198467107,0.9969829093070988,-0.8070412283516857,-3.4087854644444366,15.976911772726988,16.0107390540012,15.435241147110789
1828,05/05/2023 15:32:17.166028,2011,True,True,True,True,Eyes,1.852193,0.005978345,-1.739711,0.7186356,-0.1013001,-0.6879689,0.0,0.0,0.0,0.0,0.0,0.0,0.0,0.2067562,-0.05775974,-2.752617,2.07445,0.002513882,-1.821986,-0.03087736,0.9249009,-0.02656724,0.3780203,1.478371,135.4817,355.5707,0.7153281,0.002508395,-0.6987839,0.0,0.0,0.0,3.115279,-0.2262986,-3.590086,0.5255048,-0.133158,2.001141,-0.7122948,-0.0772029,-0.6976219,-0.03703108,0.9966815,-0.07248865,0.7009033,-0.02579958,-0.7127899,moving,-1.3861547266121665,-4.458009424330427,14.713802559973027,-3.806908650971975,1.040829,-0.22881248199999998,-1.7680999999999998,-0.024117460063215024,-0.0777058530674313,0.9966845999280525,-0.8146710313523189,-3.6265775110684677,16.077626491174502,16.113117539661147,15.529520642843668
1829,05/05/2023 15:32:17.176565,2012,True,True,True,True,Eyes,1.862329,0.005848415,-1.743448,0.7116151,-0.102599,-0.6950377,0.0,0.0,0.0,0.0,0.0,0.0,0.0,0.2367507,-0.06445352,-2.760163,2.084707,0.002762229,-1.825566,-0.03063229,0.9265666,-0.02797214,0.3738366,1.657978,135.9908,355.5429,0.7166967,0.002492864,-0.6973802,0.0,0.0,0.0,3.10531,-0.2246415,-3.607211,0.5286733,-0.1351668,2.000883,-0.7186159,-0.07767974,-0.6910554,-0.0358517,0.9965584,-0.07473903,0.6944827,-0.02893315,-0.7189277,moving,-1.3273911484400434,-4.34904535834817,14.80046059522963,-3.8646631030407947,1.020603,-0.227403729,-1.781645,-0.0230986069824477,-0.07581206038065713,0.9968545508882478,-0.7552673425556184,-3.5193730682855655,16.098987277599235,16.135124047711738,15.559559662229963
1830,05/05/2023 15:32:17.196374,2013,True,True,True,True,Eyes,1.872435,0.005676065,-1.747237,0.7045203,-0.103823,-0.7020484,0.0,0.0,0.0,0.0,0.0,0.0,0.0,0.2669673,-0.05488874,-2.768693,2.095637,0.003188765,-1.82982,-0.03227361,0.9282594,-0.0270176,0.3695444,1.507374,136.5242,355.4164,0.7180409,0.002472877,-0.6959962,0.0,0.0,0.0,3.096816,-0.2331563,-3.621165,0.5318666,-0.1371912,2.000624,-0.7247908,-0.07988496,-0.6843221,-0.03994817,0.996457,-0.07401174,0.68781,-0.02630561,-0.725414,moving,-1.2593730213730319,-4.5689497836916235,14.887742223385981,-3.9228712149675844,1.001179,-0.23634506500000002,-1.791345,-0.02190862653836395,-0.07963961075113667,0.9965829463051531,-0.686897477327659,-3.732370147570797,16.122458003711742,16.1600355273277,15.575804713199403
1831,05/05/2023 15:32:17.206501,2014,True,True,True,True,Eyes,1.882544,0.005522701,-1.751017,0.6974291,-0.1052486,-0.7088831,0.0,0.0,0.0,0.0,0.0,0.0,0.0,0.297012,-0.02856328,-2.776679,2.106348,0.00213019,-1.833648,-0.03438091,0.9299995,-0.02325485,0.36521,1.039488,137.0781,355.357,0.7193608,0.002447265,-0.694632,0.0,0.0,0.0,3.089128,-0.231025,-3.636864,0.5352383,-0.1393296,2.000349,-0.7308796,-0.08093425,-0.677691,-0.04696264,0.9965544,-0.06836649,0.6808891,-0.0181415,-0.7321621,moving,-1.1974437041617279,-5.117271442860261,14.97985878380382,-3.984367565923699,0.98278,-0.23315519,-1.8032160000000002,-0.02081455462663756,-0.08917521336176959,0.9957983743870832,-0.6250394228629084,-4.265405104495794,16.176825301010016,16.216922857975067,15.607428684396323
1832,05/05/2023 15:32:17.226355,2015,True,True,True,True,Eyes,1.892649,0.005468541,-1.754873,0.6903315,-0.1065633,-0.7156023,0.0,0.0,0.0,0.0,0.0,0.0,0.0,0.322881,-0.04449923,-2.783643,2.116531,0.002721073,-1.837169,-0.03386577,0.9312574,-0.02629814,0.3618302,1.402361,137.4761,355.2889,0.7206581,0.002417385,-0.6932861,0.0,0.0,0.0,3.081219,-0.2186719,-3.653322,0.5385337,-0.1414191,2.000081,-0.7358639,-0.08210642,-0.6721328,-0.04404457,0.996323,-0.073488,0.6756952,-0.02447337,-0.7367745,moving,-1.0500294327979087,-4.818676297514919,15.069833132725462,-4.044463663358594,0.9646879999999998,-0.221392973,-1.8161530000000001,-0.018260695630770818,-0.08398865060935504,0.9962993637096883,-0.4759909738055126,-3.9718767530358727,16.09854847037885,16.138443987393856,15.545993567821574
1833,05/05/2023 15:32:17.237045,2016,True,True,True,True,Eyes,1.902783,0.005475129,-1.758763,0.683257,-0.1073354,-0.7222458,0.0,0.0,0.0,0.0,0.0,0.0,0.0,0.3478625,-0.02742669,-2.792442,2.127654,0.005167559,-1.841889,-0.03673879,0.9325358,-0.02410379,0.3583941,1.066987,137.9084,355.0772,0.7219321,0.002387562,-0.6919594,0.0,0.0,0.0,3.075588,-0.2335174,-3.664079,0.541587,-0.1433552,1.999832,-0.7404078,-0.08579778,-0.6666595,-0.05124315,0.9961385,-0.07128922,0.6702017,-0.01862136,-0.7419454,moving,-0.8738058102190729,-5.189798831426506,15.153156056356421,-4.100155625326546,0.947934,-0.238684959,-1.82219,-0.015187693882507958,-0.09044483499192207,0.9957856584313795,-0.29863267422083695,-4.33023721844982,16.022648572344977,16.06396056361148,15.453501626294557
1834,05/05/2023 15:32:17.256791,2017,True,True,True,True,Eyes,1.912904,0.005553394,-1.762683,0.6760319,-0.1082924,-0.7288715,0.0,0.0,0.0,0.0,0.0,0.0,0.0,0.3735901,0.01336172,-2.800567,2.1385,0.006498725,-1.846537,-0.04156268,0.9339026,-0.01847634,0.3546227,0.2883173,138.4012,354.794,0.7231844,0.002360149,-0.6906506,0.0,0.0,0.0,3.07188,-0.2236088,-3.678266,0.544755,-0.1453641,1.999574,-0.7450305,-0.09073523,-0.6608301,-0.06452671,0.9958624,-0.06398834,0.6639018,-0.005032062,-0.7478027,moving,-0.701645307392711,-6.017657055734924,15.239559094141462,-4.157947384234384,0.9333800000000001,-0.230107525,-1.8317289999999997,-0.012178246625264177,-0.10482717149410306,0.9944159047668639,-0.12588697510087188,-5.133600836417859,16.00504282956478,16.04931518270375,15.396390244649954
1835,05/05/2023 15:32:17.276771,2018,True,True,True,True,Eyes,1.923046,0.005729832,-1.766642,0.6687821,-0.1090379,-0.7354191,0.0,0.0,0.0,0.0,0.0,0.0,0.0,0.4011704,0.006984979,-2.807419,2.148813,0.008413587,-1.850707,-0.04372828,0.9351698,-0.0208466,0.3508719,0.4757993,138.8452,354.467,0.7244149,0.002337669,-0.6893598,0.0,0.0,0.0,3.067145,-0.2000362,-3.694282,0.5479161,-0.1473688,1.999317,-0.749954,-0.09641569,-0.6544263,-0.06715775,0.9953065,-0.06967626,0.6580726,-0.008304175,-0.7529091,moving,-0.5624507787166976,-5.866080934051306,15.325722237750021,-4.215623768291358,0.9183319999999999,-0.208449787,-1.8435749999999997,-0.009765061351542925,-0.10219878304749556,0.9947160729987434,0.014703982546885097,-4.983439221721702,15.929460106192051,15.973667414128466,15.330258333821062
1836,05/05/2023 15:32:17.296394,2019,True,True,True,True,Eyes,1.933321,0.005950878,-1.770514,0.6595649,-0.1104961,-0.7434815,0.0,0.0,0.0,0.0,0.0,0.0,0.0,0.4316189,0.02555101,-2.814225,2.159542,0.01088831,-1.85555,-0.04731918,0.9366842,-0.01894727,0.346446,0.1551648,139.3968,354.1586,0.7256252,0.002323356,-0.6880859,0.0,0.0,0.0,3.061176,-0.2099076,-3.705986,0.5509624,-0.1492999,1.99907,-0.7554724,-0.1017746,-0.6472277,-0.07551784,0.9948038,-0.06828228,0.6508139,-0.002708128,-0.7592326,moving,-0.336348986290724,-6.25571862593468,15.408705142712671,-4.2711873648032235,0.901634,-0.22079591,-1.8504359999999997,-0.005835409412149717,-0.10896423391004141,0.9940285358051149,0.2423589276576128,-5.35893921418358,15.824257043033935,15.869628031294713,15.205303732604138
1837,05/05/2023 15:32:17.306434,2020,True,True,True,True,Eyes,1.943573,0.006191495,-1.774417,0.650324,-0.1120492,-0.7513478,0.0,0.0,0.0,0.0,0.0,0.0,0.0,0.463532,0.04946584,-2.819657,2.169718,0.01170455,-1.860097,-0.04934455,0.9383764,-0.0154999,0.3417234,359.7344,139.9941,354.0764,0.72682,0.002318051,-0.6868237,0.0,0.0,0.0,3.053171,-0.2014648,-3.721446,0.5541594,-0.151327,1.998811,-0.7615807,-0.1032009,-0.6398007,-0.08201414,0.9946497,-0.06281384,0.6428599,0.004634904,-0.7659699,moving,-0.1729633217018676,-6.753090982357542,15.495742417664074,-4.329518680798892,0.8834529999999998,-0.21316935,-1.861349,-0.0029978309060563757,-0.11759043364139996,0.9930575752127195,0.40662420511358705,-5.840517111592143,15.807761181532646,15.855032079681248,15.16458389439626
1838,05/05/2023 15:32:17.326366,2021,True,True,True,True,Eyes,1.953663,0.006431363,-1.778462,0.6408693,-0.1133406,-0.7592368,0.0,0.0,0.0,0.0,0.0,0.0,0.0,0.4950477,0.0373842,-2.824965,2.179427,0.01247147,-1.864628,-0.04748065,0.9400162,-0.01708479,0.3373771,0.004708562,140.5131,354.2151,0.7279989,0.002321539,-0.685574,0.0,0.0,0.0,3.042578,-0.1891176,-3.737912,0.5573997,-0.1533817,1.998546,-0.7678446,-0.1007932,-0.6326575,-0.07773713,0.9949074,-0.06415772,0.6359023,-8.218194e-05,-0.7717696,moving,-0.01887238164449454,-6.53855844757417,15.583925251680828,-4.3886558677269285,0.8631509999999998,-0.20158907,-1.8732840000000002,-0.0003272427000105549,-0.1138718318624249,0.9934954295745908,0.5623135813245833,-5.628758457816315,15.703400374484582,15.750218255292086,15.072712815181259
1839,05/05/2023 15:32:17.346541,2022,True,True,True,True,Eyes,1.9637,0.006622694,-1.782544,0.6313643,-0.1144928,-0.7669879,0.0,0.0,0.0,0.0,0.0,0.0,0.0,0.5265224,0.04167072,-2.829875,2.188891,0.01318191,-1.869687,-0.04572534,0.9417459,-0.01542825,0.3328453,359.9209,141.0735,354.4684,0.7291568,0.002332848,-0.6843424,0.0,0.0,0.0,3.03178,-0.1988069,-3.751533,0.5605856,-0.1554023,1.998287,-0.7742465,-0.09639374,-0.6255004,-0.07585286,0.9953423,-0.0594979,0.6283222,0.001379951,-0.777952,moving,0.11283731026010095,-6.673788224146303,15.670565085574895,-4.4468142155130925,0.842889,-0.21198881,-1.8818459999999997,0.001956036597790922,-0.11621614040291527,0.9932219801954738,0.6950312065093003,-5.758124054095275,15.668682154343362,15.716307033330994,15.032835675806606
1840,05/05/2023 15:32:17.356937,2023,True,True,True,True,Eyes,1.973656,0.006800576,-1.786659,0.6217268,-0.1160255,-0.7745927,0.0,0.0,0.0,0.0,0.0,0.0,0.0,0.5593209,0.04485051,-2.833625,2.197721,0.01221104,-1.874607,-0.04337043,0.9435624,-0.01396128,0.3280461,359.8792,141.6637,354.7785,0.7302933,0.002349306,-0.6831294,0.0,0.0,0.0,3.019716,-0.1951157,-3.767344,0.5638008,-0.1574412,1.998025,-0.7810098,-0.09100531,-0.617853,-0.07268552,0.9958481,-0.05480168,0.620275,0.002108324,-0.7843819,moving,0.2059142764619603,-6.793198653913874,15.757954640610496,-4.505506730139027,0.8219949999999998,-0.20732674,-1.8927370000000001,0.0035686440615033677,-0.11828534232205606,0.9929732241873882,0.7887936420774376,-5.87277400530812,15.670775146455618,15.719398647092387,15.031473673653942
1841,05/05/2023 15:32:17.376898,2024,True,True,True,True,Eyes,1.983552,0.007048217,-1.790836,0.6120305,-0.1176567,-0.782033,0.0,0.0,0.0,0.0,0.0,0.0,0.0,0.5919808,0.01401387,-2.83686,2.205906,0.01221648,-1.879427,-0.03971902,0.9452352,-0.01830581,0.3234467,0.510662,142.1973,355.0128,0.7314081,0.002369852,-0.6819356,0.0,0.0,0.0,3.005658,-0.1939708,-3.783192,0.5669814,-0.1594575,1.997768,-0.7876093,-0.08692954,-0.6100122,-0.06324573,0.9961746,-0.06030055,0.6129205,-0.008912616,-0.7900943,moving,0.3018277282190217,-6.243804541429656,15.844335913352548,-4.563549725144095,0.7997519999999998,-0.20618728,-1.9037650000000002,0.00523661582880075,-0.10875789699307027,0.9940544968815573,0.8861697562316239,-5.335855526270474,15.585054551106374,15.633068058848636,14.978090366748734
1842,05/05/2023 15:32:17.396400,2025,True,True,True,True,Eyes,2.227362,0.0133667,-1.898055,0.3395507,-0.1474402,-0.92896,0.0,0.0,0.0,0.0,0.0,0.0,0.0,0.627496,0.003552213,-2.839603,2.214417,0.0141743,-1.88501,-0.03926991,0.9470066,-0.02006821,0.3181724,0.7460265,142.8251,355.0,0.7324996,0.002396633,-0.6807628,0.0,0.0,0.0,2.99127,-0.2160948,-3.795776,0.5702837,-0.1615519,1.997497,-0.7944484,-0.08714803,-0.6010466,-0.06160742,0.9961103,-0.06299866,0.6041989,-0.01302025,-0.7967273,moving,17.653357748373626,-6.5801296912713765,15.93399929289021,-4.623856171100259,0.776853,-0.2302691,-1.910766,0.30144181450100765,-0.1092623124662146,0.9472035428520131,18.390144368525487,-5.351421555481299,2.5027837098728973,2.604457637237552,2.5616401037454404
1843,05/05/2023 15:32:17.406465,2026,True,True,True,True,Eyes,2.227675,0.01334755,-1.898267,0.3390946,-0.1476024,-0.9291009,0.0,0.0,0.0,0.0,0.0,0.0,0.0,0.6659117,0.02101579,-2.840968,2.222718,0.01477628,-1.890578,-0.04120151,0.9489593,-0.01797524,0.3121789,0.480778,143.5592,354.8696,0.7366661,0.00273785,-0.6762506,0.7314316,0.01895544,-0.3216566,2.975514,-0.2248465,-3.810714,0.5736148,-0.1636636,1.997227,-0.8016936,-0.08942008,-0.591009,-0.06697412,0.9959586,-0.05984003,0.5939714,-0.008391059,-0.8044425,moving,16.99962962029639,-6.849427579248343,16.024362562259835,-4.684659364584709,0.752796,-0.23962278,-1.9201359999999998,0.2904555378006387,-0.11411903418769634,0.9500592219502633,17.730355675970216,-5.625515932730845,2.267669309391,2.3743140604623587,1.9482360190313095
1844,05/05/2023 15:32:17.426477,2027,True,True,True,True,Eyes,2.228263,0.01333945,-1.898692,0.3382678,-0.1479009,-0.9293548,0.0,0.0,0.0,0.0,0.0,0.0,0.0,0.7040333,0.01353414,-2.841524,2.230634,0.01433362,-1.89583,-0.04093022,0.9508156,-0.01976198,0.3064051,0.7160748,144.2441,354.8392,0.7401097,0.003015739,-0.6724789,0.6875457,0.01781812,-0.3023572,2.957626,-0.2184943,-3.82795,0.5766926,-0.1656152,1.996977,-0.8088815,-0.08994452,-0.5810516,-0.06572384,0.9958684,-0.06266245,0.5842871,-0.01249754,-0.811451,moving,16.34590882574892,-6.656251969559818,16.107807586781387,-4.7408590503651284,0.7269920000000001,-0.23282792,-1.93212,0.27968751644205664,-0.11128644122594188,0.9536196024445124,17.07109452985907,-5.449090602836821,1.8491905847992547,1.9301352892735344,1.1956227108165907
1845,05/05/2023 15:32:17.446624,2028,True,True,True,True,Eyes,2.22911,0.01334169,-1.899338,0.337032,-0.1483277,-0.9297355,0.0,0.0,0.0,0.0,0.0,0.0,0.0,0.7399466,-0.003503233,-2.841866,2.238026,0.01466214,-1.901252,-0.03955223,0.9525349,-0.02259193,0.3010026,1.101783,144.8776,354.8958,0.7429604,0.00324187,-0.669327,0.646293,0.01674903,-0.2842158,2.939277,-0.2297002,-3.842489,0.5798509,-0.1676178,1.99672,-0.8156661,-0.08895022,-0.5716438,-0.06174929,0.9958504,-0.06684985,0.575218,-0.01922855,-0.8177741,moving,15.74193694035067,-6.342206105330354,16.19338744941556,-4.798533607447219,0.7012510000000001,-0.24436233999999998,-1.941237,0.26976572663467324,-0.10637101981685405,0.9570326193228367,16.46215639821205,-5.154024518469171,1.5631819323114402,1.6083321618545432,0.4456574196133024
1846,05/05/2023 15:32:17.456947,2029,True,True,True,True,Eyes,2.230153,0.0133323,-1.900213,0.3355002,-0.1489112,-0.9301962,0.0,0.0,0.0,0.0,0.0,0.0,0.0,0.7757624,-0.01287989,-2.841894,2.245218,0.01494607,-1.90712,-0.03853367,0.9542622,-0.02409716,0.2954967,1.330348,145.5302,354.9625,0.7453243,0.003425859,-0.6666928,0.6075154,0.01574409,-0.2671628,2.921344,-0.2445163,-3.855851,0.5830284,-0.1696328,1.996461,-0.822394,-0.0877837,-0.5621056,-0.05930119,0.995869,-0.06876317,0.5658198,-0.02321687,-0.8242024,moving,15.156183614648494,-6.1966613186651935,16.27943829976007,-4.856571418436244,0.676126,-0.25946237,-1.948731,0.2600270797310716,-0.10422837772232921,0.9599595112627523,15.871407770689773,-5.022776470220692,1.7300706272303343,1.7485828628694557,0.4405826050720315
1847,05/05/2023 15:32:17.476537,2030,True,True,True,True,Eyes,2.231407,0.0133647,-1.901291,0.3335465,-0.1498717,-0.9307445,0.0,0.0,0.0,0.0,0.0,0.0,0.0,0.8131697,-0.02806272,-2.840517,2.251878,0.01481624,-1.912955,-0.03690951,0.9560415,-0.02646352,0.289693,1.674168,146.2129,355.0697,0.7472869,0.003574927,-0.6644915,0.5710645,0.01479944,-0.2511331,2.902806,-0.2537884,-3.870095,0.5861932,-0.1716397,1.996204,-0.8294313,-0.08590664,-0.5519636,-0.05524145,0.9958748,-0.07198529,0.5558706,-0.02921558,-0.8307552,moving,14.550582365514277,-5.968390037958276,16.36508493340245,-4.914378614608263,0.650928,-0.26860464,-1.95714,0.24995809422798765,-0.10067911238635026,0.9630081961553596,15.26072945326844,-4.8112971890805944,2.0959024440875296,2.0984183685397664,1.1091558983257663
1848,05/05/2023 15:32:17.496332,2031,True,True,True,True,Eyes,2.232859,0.01339421,-1.902579,0.3313121,-0.1507674,-0.9313976,0.0,0.0,0.0,0.0,0.0,0.0,0.0,0.8513666,-0.05819046,-2.83796,2.258292,0.01594349,-1.918877,-0.03479367,0.9577389,-0.03125143,0.2838118,2.298848,146.8899,355.1554,0.7489195,0.003696859,-0.6626502,0.5368006,0.01391148,-0.2360651,2.882128,-0.267055,-3.883902,0.5893569,-0.1736451,1.995947,-0.8364806,-0.08438554,-0.5414605,-0.04890744,0.9956255,-0.07961113,0.5458098,-0.04011171,-0.8369486,moving,13.941244101391984,-5.447534621773219,16.450649424908516,-4.972147930014344,0.6238359999999998,-0.28299849,-1.965025,0.23990137105254508,-0.09216189565147447,0.966412708397383,14.646610279408293,-4.3148636385530805,2.552928385499139,2.5540375064580703,1.9200468427355908
1849,05/05/2023 15:32:17.511082,2032,True,True,True,True,Eyes,2.234475,0.01338936,-1.90404,0.3286582,-0.1519788,-0.9321407,0.0,0.0,0.0,0.0,0.0,0.0,0.0,0.8917456,-0.06113667,-2.834803,2.264642,0.01591081,-1.925148,-0.03409452,0.9596429,-0.03172641,0.2773385,2.406018,147.6611,355.2328,0.75028,0.003796655,-0.6611088,0.5045926,0.01307679,-0.2219012,2.86029,-0.2891808,-3.896121,0.5927877,-0.1758211,1.995667,-0.8438421,-0.08303504,-0.5301285,-0.04783921,0.995662,-0.0798035,0.5344553,-0.0419806,-0.8441539,moving,13.322357970972764,-5.462465522647907,16.54338768218219,-5.034839912922488,0.5956480000000002,-0.30509161,-1.9709729999999999,0.2294382525093426,-0.09265419020398617,0.9689031644061613,14.022256542879058,-4.340539225184936,3.2454395648575853,3.249291624737138,2.6149867430938807
1850,05/05/2023 15:32:17.526595,2033,True,True,True,True,Eyes,2.236263,0.01339495,-1.905672,0.3258919,-0.153447,-0.932871,0.0,0.0,0.0,0.0,0.0,0.0,0.0,0.9308068,-0.08763751,-2.829851,2.270281,0.01516229,-1.930734,-0.03164426,0.9613398,-0.03591352,0.2711731,2.974301,148.375,355.3868,0.7514157,0.003877321,-0.6598172,0.474317,0.01229218,-0.2085871,2.83684,-0.2942963,-3.911262,0.5958085,-0.1777361,1.995423,-0.8509277,-0.08031932,-0.5191061,-0.0413642,0.9954177,-0.08621232,0.5236519,-0.05188803,-0.8503509,moving,12.714016137403192,-5.045067199728489,16.624970987171853,-5.0900107449469205,0.5665589999999998,-0.30945859000000003,-1.9805279999999998,0.2192732471672009,-0.08579914962821478,0.9718835135629356,13.40902621641819,-3.944870708958338,3.896900036441499,3.9112130802585803,3.413743761702357
1851,05/05/2023 15:32:17.546684,2034,True,True,True,True,Eyes,2.238193,0.01342579,-1.907497,0.3227525,-0.1549028,-0.9337215,0.0,0.0,0.0,0.0,0.0,0.0,0.0,0.969375,-0.1198264,-2.824224,2.275763,0.01544156,-1.936737,-0.02939579,0.962907,-0.04114847,0.2650529,3.649998,149.0758,355.4929,0.7523928,0.003945492,-0.6587024,0.445858,0.01155465,-0.1960719,2.812782,-0.3154097,-3.922768,0.5989991,-0.1797594,1.995163,-0.8577659,-0.07842387,-0.5080234,-0.03479778,0.9948854,-0.09482716,0.5128618,-0.0636614,-0.8561077,moving,12.13848870359109,-4.504941154936369,16.711104550147166,-5.148311705379575,0.5370189999999999,-0.33085126000000004,-1.986031,0.20965429932127816,-0.07679944571710974,0.9747547451436124,12.829037334171982,-3.4290565481436133,4.587831818187177,4.617655394824665,4.24573717568949
1852,05/05/2023 15:32:17.556431,2035,True,True,True,True,Eyes,2.240273,0.01346474,-1.9095,0.3196161,-0.1559357,-0.9346281,0.0,0.0,0.0,0.0,0.0,0.0,0.0,1.006944,-0.1218704,-2.819781,2.281181,0.01608908,-1.94317,-0.0290784,0.9645752,-0.04149685,0.2588961,3.726687,149.8062,355.5409,0.753268,0.004007504,-0.657701,0.4191065,0.01086137,-0.1843075,2.788521,-0.3397477,-3.933337,0.602349,-0.1818835,1.99489,-0.8642545,-0.07758334,-0.4970362,-0.03460985,0.9948649,-0.09511023,0.5018628,-0.06499709,-0.8625015,moving,11.596251730262907,-4.525626882650293,16.801479259670003,-5.209522163231293,0.5073399999999997,-0.35583677999999996,-1.9901669999999998,0.20041232301345552,-0.07730413317808303,0.9766570795326501,12.28200136640579,-3.458959683149148,5.217178053724924,5.2499625129803045,4.846663741624261
1853,05/05/2023 15:32:17.576501,2036,True,True,True,True,Eyes,2.242474,0.01349759,-1.911697,0.3161679,-0.1568486,-0.9356476,0.0,0.0,0.0,0.0,0.0,0.0,0.0,1.042973,-0.1175794,-2.815589,2.286422,0.01623252,-1.949658,-0.02962973,0.9661481,-0.04124974,0.2529399,3.71064,150.5127,355.51,0.7540504,0.004064169,-0.6568035,0.3939601,0.01020969,-0.1732491,2.765342,-0.3434141,-3.94698,0.60542,-0.1838309,1.994638,-0.8702871,-0.07812082,-0.4863104,-0.03638599,0.9948411,-0.09469578,0.4911993,-0.06471761,-0.8686398,moving,11.11114078285672,-4.61385620567558,16.8842896676872,-5.265649370940602,0.47892,-0.35964662000000003,-1.997322,0.1921113636815125,-0.07894163680110025,0.9781929756554801,11.792518592675602,-3.553633153203954,5.775751004748465,5.8098263637311565,5.371883488136916
1854,05/05/2023 15:32:17.596226,2037,True,True,True,True,Eyes,2.24481,0.01351533,-1.914084,0.312758,-0.1573503,-0.9367087,0.0,0.0,0.0,0.0,0.0,0.0,0.0,1.077441,-0.1059731,-2.812016,2.291622,0.01605807,-1.956465,-0.03079437,0.967654,-0.04000326,0.2471784,3.565826,151.1994,355.4387,0.7547488,0.00411583,-0.6560006,0.3703225,0.009597107,-0.1628541,2.743052,-0.3453631,-3.960472,0.6087292,-0.1859295,1.99437,-0.8759093,-0.07937247,-0.4759026,-0.0398207,0.9949028,-0.09264204,0.4808301,-0.06219523,-0.8746054,moving,10.65822218392855,-4.798820950916406,16.973436891428946,-5.32612946610593,0.4514300000000002,-0.36142116999999996,-2.0040070000000005,0.18432380890916883,-0.08222391117026197,0.9794201519423933,11.335402900913026,-3.741962670872324,6.303445995118166,6.337191102690585,5.856365059773305
1855,05/05/2023 15:32:17.606712,2038,True,True,True,True,Eyes,2.247243,0.01350017,-1.916663,0.3090502,-0.157819,-0.9378599,0.0,0.0,0.0,0.0,0.0,0.0,0.0,1.11138,-0.08884775,-2.80852,2.296693,0.01558174,-1.96362,-0.03239162,0.9691339,-0.0380118,0.2414241,3.327133,151.8877,355.3382,0.7553695,0.004162381,-0.6552855,0.3481032,0.00902128,-0.1530829,2.722059,-0.3434419,-3.974284,0.6117957,-0.1878729,1.994122,-0.8813303,-0.08113755,-0.465482,-0.0444297,0.9950117,-0.08931725,0.470407,-0.05803679,-0.8805389,moving,10.233496958713813,-5.07105461562782,17.055989047879603,-5.382140211471144,0.4253659999999999,-0.35902364000000003,-2.0106640000000002,0.17698654249867726,-0.08699568957944943,0.9803609379601013,10.906630742619218,-4.014798342913498,6.797567145662271,6.829580701234226,6.299542154155776
1856,05/05/2023 15:32:17.626309,2039,True,True,True,True,Eyes,2.24973,0.01345937,-1.919454,0.3053592,-0.158244,-0.9389966,0.0,0.0,0.0,0.0,0.0,0.0,0.0,1.145049,-0.08134005,-2.804182,2.301543,0.01480974,-1.970753,-0.03335271,0.9705178,-0.03759675,0.2357321,3.282093,152.5594,355.262,0.7559194,0.00420324,-0.6546507,0.327217,0.008480003,-0.1438979,2.70107,-0.338969,-3.98859,0.6149656,-0.1898836,1.993864,-0.886636,-0.0824643,-0.4550565,-0.04701325,0.9949482,-0.08870123,0.4600723,-0.05725202,-0.886034,moving,9.80361354756805,-5.1527645172414305,17.14128295910056,-5.440098242144924,0.39952699999999997,-0.35377874000000004,-2.017837,0.16960337567802317,-0.08851037534941142,0.9815297386153542,10.47286925177341,-4.102127641510966,7.309150873713784,7.343293066629356,6.80131654168731
1857,05/05/2023 15:32:17.646664,2040,True,True,True,True,Eyes,2.252295,0.01338532,-1.922439,0.3013864,-0.1586737,-0.9402068,0.0,0.0,0.0,0.0,0.0,0.0,0.0,1.17794,-0.07753891,-2.79975,2.306199,0.01421932,-1.978231,-0.0339714,0.9718356,-0.03765133,0.230139,3.298937,153.2166,355.2104,0.7564017,0.004237996,-0.6540931,0.307584,0.007971203,-0.1352641,2.67964,-0.341279,-4.001443,0.6182092,-0.1919407,1.9936,-0.8917642,-0.08335931,-0.4447565,-0.04869916,0.9948567,-0.08881809,0.4498727,-0.05754551,-0.891237,moving,9.396906715442826,-5.17675826288744,17.228501776602563,-5.499397835395137,0.37344100000000013,-0.35549832,-2.023212,0.1626243653196016,-0.08902747605560107,0.9826633992647005,10.062553380586321,-4.132815790902066,7.8009220663115855,7.8382381627333535,7.2950916991288475
1858,05/05/2023 15:32:17.656385,2041,True,True,True,True,Eyes,2.254933,0.01327515,-1.925612,0.296757,-0.1591517,-0.9415976,0.0,0.0,0.0,0.0,0.0,0.0,0.0,1.210598,-0.07267779,-2.795048,2.310716,0.01334967,-1.985833,-0.03473959,0.9731154,-0.03766295,0.2245467,3.307772,153.8725,355.1432,0.756823,0.004266236,-0.6536055,0.2891289,0.007492931,-0.1271482,2.658278,-0.3452334,-4.013904,0.6213714,-0.1939453,1.993343,-0.8967441,-0.08452544,-0.434403,-0.05069707,0.9947492,-0.0889021,0.4396365,-0.05769946,-0.8963208,moving,9.032937293130843,-5.207752016300457,17.313471744838303,-5.557187035921604,0.3475619999999999,-0.35858307,-2.028071,0.15637002098959818,-0.08965075162925082,0.9836214618722351,9.69534345415064,-4.169554384422477,8.247679613698416,8.287904176500343,7.743474867840809
1859,05/05/2023 15:32:17.676289,2042,True,True,True,True,Eyes,2.257631,0.01312807,-1.92897,0.2919061,-0.1597474,-0.9430119,0.0,0.0,0.0,0.0,0.0,0.0,0.0,1.242393,-0.07638088,-2.790035,2.315007,0.01236517,-1.993552,-0.03494369,0.9742926,-0.03902484,0.2191122,3.481717,154.5019,355.1039,0.7571858,0.004287273,-0.6531851,0.2717812,0.007043355,-0.1195193,2.636837,-0.3493606,-4.026155,0.6245332,-0.1959502,1.993086,-0.9015379,-0.0851924,-0.4242313,-0.05098913,0.994512,-0.0913564,0.429686,-0.06073004,-0.9009341,moving,8.689578417855529,-5.083870960718708,17.398374636458925,-5.614988337027839,0.32182999999999984,-0.36172577,-2.032603,0.15050015105188033,-0.08760458249975012,0.98472076662574,9.34909979043021,-4.0550506630052885,8.679394975284882,8.724976632895833,8.199038424946274
1860,05/05/2023 15:32:17.696315,2043,True,True,True,True,Eyes,2.26037,0.01295378,-1.932521,0.2866485,-0.1606563,-0.9444693,0.0,0.0,0.0,0.0,0.0,0.0,0.0,1.272709,-0.08159429,-2.785284,2.319244,0.01136237,-2.001307,-0.03493397,0.9753817,-0.04052656,0.213935,3.675783,155.1001,355.0858,0.7574939,0.0043006,-0.6528277,0.2554743,0.006620754,-0.1123482,2.615286,-0.3591711,-4.037231,0.6279317,-0.1981051,1.992809,-0.906023,-0.08548799,-0.4145049,-0.0508078,0.9942744,-0.09400491,0.4201679,-0.06411053,-0.905179,moving,8.397866919700682,-4.95858624769329,17.489576366889246,-5.677120158850499,0.29604200000000036,-0.37053347000000003,-2.035924,0.1455112105106941,-0.08551569807172217,0.9856539052443551,9.054959964607152,-3.9382506917263225,9.069127643064073,9.120058752748289,8.611992851677412
1861,05/05/2023 15:32:17.716452,2044,True,True,True,True,Eyes,2.263159,0.01275056,-1.936268,0.2812864,-0.1615941,-0.9459203,0.0,0.0,0.0,0.0,0.0,0.0,0.0,1.299651,-0.08544005,-2.781932,2.323343,0.0105739,-2.009355,-0.03468587,0.9763552,-0.04148419,0.2093002,3.812242,155.6385,355.1076,0.7577515,0.004306123,-0.6525276,0.2401459,0.006223508,-0.1056073,2.594935,-0.3692162,-4.047671,0.6309811,-0.2000385,1.992562,-0.9099807,-0.08509673,-0.4058248,-0.05036615,0.9941519,-0.09552611,0.4115805,-0.06648707,-0.9089449,moving,8.173540672538701,-4.894238948354354,17.571340665301452,-5.7328644515317375,0.27159200000000006,-0.3797901,-2.0383160000000005,0.14166387696915833,-0.0844563019109519,0.9863054217439208,8.828730345613057,-3.8796011178042464,9.38030643594084,9.435143742336471,8.936879779098563
1862,05/05/2023 15:32:17.726458,2045,True,True,True,True,Eyes,2.266002,0.01252197,-1.940203,0.2757185,-0.1626315,-0.9473807,0.0,0.0,0.0,0.0,0.0,0.0,0.0,1.322287,-0.0884255,-2.780626,2.327381,0.009691963,-2.017759,-0.03436176,0.9771683,-0.04216939,0.2053851,3.91626,156.0941,355.1427,0.7579607,0.004303604,-0.652284,0.2257371,0.005850098,-0.09927083,2.576498,-0.3766807,-4.058285,0.634095,-0.202014,1.992306,-0.9132724,-0.08447636,-0.3984935,-0.04983251,0.994082,-0.09652796,0.4042896,-0.0682984,-0.9120773,moving,8.045053564060305,-4.863869271183513,17.654810496351047,-5.789836061531961,0.24911700000000003,-0.386372663,-2.040526,0.13945757773970022,-0.08396005546220196,0.9866621406868459,8.69914574947324,-3.8523272601617586,9.596304111861887,9.654265523308244,9.1628527988753
1863,05/05/2023 15:32:17.747923,2046,True,True,True,True,Eyes,2.268872,0.01224593,-1.944329,0.2701457,-0.1636519,-0.9488094,0.0,0.0,0.0,0.0,0.0,0.0,0.0,1.34048,-0.08623219,-2.781396,2.33115,0.00878658,-2.026364,-0.03427203,0.9778522,-0.04192484,0.2021701,3.906877,156.4727,355.1715,0.7581241,0.004292997,-0.6520939,0.2121929,0.005499092,-0.09331458,2.560794,-0.3831057,-4.068947,0.6373974,-0.2041076,1.992037,-0.9159052,-0.08397785,-0.3925113,-0.05007406,0.9941355,-0.09585015,0.3982587,-0.06813504,-0.914739,moving,8.003919538086729,-4.9397776726192975,17.74325123511346,-5.850210285636381,0.22964399999999996,-0.39189228,-2.0425829999999996,0.1387336359552999,-0.0852759197491604,0.9866513654255068,8.657564062422885,-3.92701338853838,9.722522823276325,9.781792752228737,9.287001545439809
1864,05/05/2023 15:32:17.758071,2047,True,True,True,True,Eyes,2.271763,0.01194115,-1.948648,0.2644717,-0.1648006,-0.9502081,0.0,0.0,0.0,0.0,0.0,0.0,0.0,1.356093,-0.08636329,-2.783127,2.334678,0.007378409,-2.035059,-0.03409334,0.9784208,-0.04215512,0.199383,3.950557,156.7982,355.1973,0.7582436,0.00427353,-0.651955,0.1994613,0.005169146,-0.08771571,2.547832,-0.3857674,-4.080048,0.6407676,-0.2062444,1.991763,-0.9181684,-0.08352528,-0.3872865,-0.04990523,0.9941211,-0.09608613,0.3930353,-0.06889562,-0.916939,moving,8.016115075742725,-4.966202042970115,17.833437933131727,-5.911832037059008,0.2131540000000003,-0.39314580899999996,-2.0449889999999997,0.13893823019298018,-0.08572846493880117,0.9865833718733246,8.66983729201668,-3.9525354113002074,9.801473974337615,9.862760474224906,9.370721422470838
1865,05/05/2023 15:32:17.776741,2048,True,True,True,True,Eyes,2.274669,0.01161485,-1.953172,0.258832,-0.1658772,-0.9515728,0.0,0.0,0.0,0.0,0.0,0.0,0.0,1.370465,-0.0899591,-2.785368,2.338038,0.00637814,-2.044034,-0.03393934,0.9789115,-0.04300377,0.1968025,4.061952,157.0952,355.2054,0.7583207,0.004245141,-0.6518655,0.1874936,0.004858998,-0.08245277,2.536547,-0.3906529,-4.090528,0.6439521,-0.2082635,1.991504,-0.9202338,-0.08337372,-0.3823855,-0.04952072,0.9939976,-0.09755246,0.3882236,-0.07083506,-0.918839,moving,8.04880297203908,-4.916797405435904,17.918595044518426,-5.970062761299325,0.19850900000000005,-0.39703104,-2.046494,0.13951135166810585,-0.08487082616223626,0.9865766919129788,8.702868651428721,-3.9038198857948725,9.861435232060806,9.925833137013651,9.444520769888914
1866,05/05/2023 15:32:17.786277,2049,True,True,True,True,Eyes,2.277629,0.01125615,-1.957875,0.2531258,-0.1668324,-0.9529398,0.0,0.0,0.0,0.0,0.0,0.0,0.0,1.383661,-0.08425558,-2.788728,2.341369,0.005527236,-2.053431,-0.03461601,0.9793968,-0.04255374,0.1943523,4.008162,157.3822,355.1497,0.7583568,0.004208022,-0.6518241,0.176244,0.004567458,-0.0775056,2.525953,-0.3976701,-4.100619,0.6471696,-0.2103037,1.991244,-0.9220579,-0.08434645,-0.3777499,-0.05126479,0.9939818,-0.09680939,0.3836421,-0.06989859,-0.9208329,moving,8.116009268461164,-5.015214616446782,18.004559787114086,-6.0288996904246845,0.18458400000000008,-0.403197336,-2.0471880000000002,0.14064806760643536,-0.08655128592200159,0.986269222232583,8.770556173669,-3.998484528658979,9.875383649349196,9.940371662526333,9.45459721311516
1867,05/05/2023 15:32:17.806732,2050,True,True,True,True,Eyes,2.280587,0.01086924,-1.962774,0.2474996,-0.1677417,-0.9542571,0.0,0.0,0.0,0.0,0.0,0.0,0.0,1.395478,-0.0726991,-2.792719,2.344497,0.004223639,-2.062824,-0.03559778,0.9798662,-0.04123773,0.1920794,3.849719,157.6528,355.0781,0.7583537,0.004161988,-0.6518281,0.1656694,0.004293411,-0.07285526,2.516594,-0.3994024,-4.111863,0.6501594,-0.2122,1.991,-0.9236768,-0.08560396,-0.3734883,-0.05392029,0.9940645,-0.09449011,0.3793601,-0.06713971,-0.9228101,moving,8.205957991896659,-5.212280681695489,18.084406278274713,-6.083596143146296,0.17209699999999994,-0.403626039,-2.0490389999999996,0.14215359978643652,-0.08992345487812176,0.9857515250558833,8.861075474577111,-4.188839149219525,9.853170084621604,9.916800450750673,9.415940483056987
1959,05/05/2023 15:32:19.346645,2142,True,True,True,True,Eyes,2.423065,0.01451091,-2.833738,-0.6722806,-0.2214047,-0.7064126,0.0,0.0,0.0,0.0,0.0,0.0,0.0,3.668571,0.2685666,-0.8932877,2.386992,0.01115863,-2.937795,-0.05892459,0.9452228,-0.02412344,-0.3201561,4.78024,217.1927,354.4749,0.659012,0.003953473,-0.7521216,0.02018007,0.00559802,-0.199094,0.7158385,-0.4231958,-4.126202,0.6501604,-0.2121998,1.991002,-0.7880561,-0.09594719,0.6080806,-0.1268403,0.9918919,-0.007873913,-0.6023948,-0.08333418,-0.7938365,moving,7.0365280079734545,-7.454332996810805,18.084415299242615,-6.083584387054846,-1.6711534999999997,-0.43435443,-1.1884070000000002,0.12148212766360594,-0.12877505685390037,0.9842047983767443,7.678824128491367,-6.393971447886608,11.092248809440374,11.132599218140141,10.410219389635749
1960,05/05/2023 15:32:19.366905,2143,True,True,True,True,Eyes,2.42075,0.01419131,-2.83868,-0.6765044,-0.2212868,-0.7024058,0.0,0.0,0.0,0.0,0.0,0.0,0.0,3.675304,0.2743001,-0.8776498,2.3816,0.01031427,-2.946395,-0.05912371,0.9440978,-0.02337915,-0.3234771,4.726229,217.5966,354.4427,0.6581033,0.003947344,-0.7529168,0.01896927,0.005262139,-0.1871483,0.7057704,-0.4271827,-4.124077,0.6455999,-0.2121999,1.991002,-0.783734,-0.09651188,0.6135524,-0.1267624,0.9919156,-0.005894087,-0.6080233,-0.08239473,-0.7896321,moving,6.985563968718142,-7.501683467554983,17.96574221752471,-6.083587232469199,-1.6758296000000001,-0.43749697000000004,-1.177682,0.12059352522274702,-0.1296025235139704,0.9842054391845236,7.627357970111994,-6.441014597237939,11.031643821153175,11.07137350591738,10.344561042801038
1961,05/05/2023 15:32:19.376478,2144,True,True,True,True,Eyes,2.418293,0.01383417,-2.843766,-0.6807227,-0.2210766,-0.6983851,0.0,0.0,0.0,0.0,0.0,0.0,0.0,3.681489,0.2784479,-0.8639779,2.376009,0.009247623,-2.954971,-0.05877768,0.9430953,-0.02218449,-0.3265337,4.601784,217.9723,354.4514,0.6571842,0.003933026,-0.7537193,0.01783111,0.004946411,-0.1759194,0.6952335,-0.4261214,-4.123766,0.6414051,-0.2122,1.991001,-0.7798417,-0.09637795,0.6185127,-0.1253539,0.9921061,-0.003458384,-0.6132968,-0.08022996,-0.7857671,moving,6.964666508382691,-7.616738573341967,17.85645281026904,-6.0835931105134025,-1.6807754999999998,-0.43536902299999997,-1.1687949999999998,0.1202028880545542,-0.13158491706599865,0.9839901831669556,7.606147052718798,-6.553471620799659,10.96087586879927,10.999161052378081,10.261069824228684
1962,05/05/2023 15:32:19.396699,2145,True,True,True,True,Eyes,2.418293,0.01383417,-2.843766,-0.6807227,-0.2210766,-0.6983851,0.0,0.0,0.0,0.0,0.0,0.0,0.0,3.687193,0.2802464,-0.8523388,2.370155,0.007945977,-2.963564,-0.05807095,0.9421909,-0.02102351,-0.3293358,4.465914,218.3187,354.4985,0.6562518,0.003910344,-0.7545315,0.01676125,0.004649626,-0.1653643,0.684993,-0.422381,-4.124877,0.6367229,-0.2121999,1.990998,-0.7763314,-0.09558024,0.6230362,-0.1232754,0.9923716,-0.001366629,-0.6181528,-0.07786601,-0.782192,moving,6.634071960189364,-7.782300837135161,17.73432170299117,-6.083599363001209,-1.685162,-0.430326977,-1.1613129999999998,0.11447782149276353,-0.13451930705652176,0.9842760739143078,7.272454597702773,-6.720700180379341,11.190650478435277,11.229475991817091,10.48124805451237
1963,05/05/2023 15:32:19.406329,2146,True,True,True,True,Eyes,2.418293,0.01383417,-2.843766,-0.6807227,-0.2210766,-0.6983851,0.0,0.0,0.0,0.0,0.0,0.0,0.0,3.693866,0.2777014,-0.8406749,2.364908,0.006696761,-2.972482,-0.05702362,0.941294,-0.02040066,-0.3321113,4.374911,218.6618,354.6019,0.6554118,0.003889927,-0.7552614,0.01575557,0.004370648,-0.1554424,0.6745241,-0.4181233,-4.126532,0.6325243,-0.2122,1.991,-0.7729011,-0.0938014,0.6275554,-0.1209026,0.9926643,-0.0005296617,-0.6229021,-0.07628241,-0.778572,moving,6.293614751154009,-7.90884994624713,17.62462380199644,-6.083596143146296,-1.6903838999999998,-0.42482006099999997,-1.1540500000000002,0.10859317980946204,-0.13678382548115542,0.9846307488853222,6.928856495344925,-6.850101368645152,11.437052232125287,11.477077918878441,10.723197682536327
1964,05/05/2023 15:32:19.426503,2147,True,True,True,True,Eyes,2.418293,0.01383417,-2.843766,-0.6807227,-0.2210766,-0.6983851,0.0,0.0,0.0,0.0,0.0,0.0,0.0,3.699294,0.2734902,-0.8303456,2.358685,0.005173068,-2.980876,-0.05618162,0.9404075,-0.02054198,-0.3347465,4.372984,218.9852,354.7108,0.6546555,0.003871554,-0.7559172,0.01481024,0.004108409,-0.1461159,0.6646964,-0.414767,-4.12817,0.628372,-0.2121999,1.991001,-0.7695767,-0.09191453,0.6319045,-0.11942,0.9928433,-0.00102246,-0.6272882,-0.07624887,-0.7750455,moving,5.961615898621652,-7.944965076695431,17.516012477762725,-6.083590265097683,-1.6939886,-0.419940068,-1.147294,0.10287584017638346,-0.13748846780234597,0.9851464297221134,6.593892958056667,-6.891253974776215,11.661370445241264,11.703366887238795,10.951941173631083
1965,05/05/2023 15:32:19.446603,2148,True,True,True,True,Eyes,2.418293,0.01383417,-2.843766,-0.6807227,-0.2210766,-0.6983851,0.0,0.0,0.0,0.0,0.0,0.0,0.0,3.704938,0.2693277,-0.8206077,2.353029,0.003974137,-2.989272,-0.05572826,0.9395199,-0.02121525,-0.3372636,4.442267,219.2917,354.7974,0.6539738,0.003855005,-0.756507,0.01392162,0.003861905,-0.1373489,0.6549256,-0.4146688,-4.129505,0.6239398,-0.2121999,1.990999,-0.7662951,-0.09040534,0.6360962,-0.1190259,0.9928886,-0.002274083,-0.631367,-0.07745452,-0.7716063,moving,5.641655312397842,-7.905889938429473,17.399961593251987,-6.083596330363688,-1.6981034,-0.418642937,-1.1402329999999998,0.0973809592610192,-0.1368926357094743,0.985787685217652,6.271158280801395,-6.858943307971276,11.85425139933645,11.898677262131764,11.155779941487575
1966,05/05/2023 15:32:19.456709,2149,True,True,True,True,Eyes,2.414714,0.01328817,-2.850308,-0.6859875,-0.2213191,-0.6931371,0.0,0.0,0.0,0.0,0.0,0.0,0.0,3.709803,0.2662628,-0.8130026,2.347094,0.003369789,-2.997607,-0.05585708,0.9386688,-0.02236516,-0.3395302,4.583811,219.5649,354.8385,0.6533599,0.003840114,-0.7570373,0.01308632,0.003630191,-0.129108,0.6463634,-0.4169528,-4.130868,0.6196986,-0.2122,1.990999,-0.7631987,-0.08967531,0.6399114,-0.1200499,0.9927596,-0.004056623,-0.6349143,-0.07991728,-0.7684383,moving,5.78302323544458,-7.771797005714298,17.288757804077896,-6.0835991757822026,-1.7007305999999998,-0.420322589,-1.1332610000000005,0.09984523759187569,-0.13455214091191742,0.9858634202990346,6.413922111389772,-6.725773891953037,11.585196360416308,11.628926858349015,10.893779863254657
1967,05/05/2023 15:32:19.476573,2150,True,True,True,True,Eyes,2.411023,0.0127633,-2.856923,-0.6911129,-0.2215011,-0.6879683,0.0,0.0,0.0,0.0,0.0,0.0,0.0,3.71333,0.2696487,-0.8075504,2.340425,0.002916669,-3.006005,-0.05599604,0.9379296,-0.02185341,-0.3415773,4.545334,219.8155,354.8136,0.652666,0.003811842,-0.7576358,0.01230114,0.003412379,-0.1213615,0.6388139,-0.4215915,-4.13293,0.6153591,-0.2121999,1.991,-0.7603788,-0.09011143,0.6431982,-0.1199699,0.9927738,-0.002739959,-0.6383034,-0.07924785,-0.7656948,moving,5.964955108846577,-7.806307062538193,17.174829255148623,-6.08359329772918,-1.7016111,-0.424508169,-1.126925,0.10296737266141792,-0.13510269900960561,0.9854669657274335,6.597417528215416,-6.756119909795716,11.300037408197019,11.34147349736327,10.598770253430432
1968,05/05/2023 15:32:19.496596,2151,True,True,True,True,Eyes,2.411023,0.0127633,-2.856923,-0.6911129,-0.2215011,-0.6879683,0.0,0.0,0.0,0.0,0.0,0.0,0.0,3.716575,0.2764615,-0.8030252,2.334132,0.003033853,-3.014304,-0.05665723,0.9372138,-0.02118481,-0.3434695,4.509792,220.0458,354.7253,0.651897,0.003772099,-0.7582978,0.01156308,0.003207637,-0.1140798,0.6303818,-0.420596,-4.136889,0.6110621,-0.2121999,1.991,-0.7576373,-0.09164722,0.6462094,-0.1207526,0.9926823,-0.0007893294,-0.6414082,-0.07862946,-0.7631598,moving,5.754795255284028,-7.848780364127577,17.061886446168643,-6.08359329772918,-1.7037502,-0.423629853,-1.122585,0.09934130637076327,-0.13588353458268573,0.9857317736232186,6.385358930585914,-6.801275077850583,11.401741190128561,11.444046337653507,10.700621801022281
1969,05/05/2023 15:32:19.506240,2152,True,True,True,True,Eyes,2.411023,0.0127633,-2.856923,-0.6911129,-0.2215011,-0.6879683,0.0,0.0,0.0,0.0,0.0,0.0,0.0,3.719542,0.2871799,-0.7971234,2.327101,0.002346408,-3.022822,-0.05620856,0.9365336,-0.01799029,-0.3455746,4.160208,220.3133,354.6584,0.651204,0.003736318,-0.7588931,0.01086929,0.003015178,-0.107235,0.6231754,-0.4197521,-4.141635,0.6065391,-0.2121999,1.990999,-0.7548377,-0.09284844,0.6493071,-0.1177164,0.9930339,0.005151473,-0.6452622,-0.07254554,-0.7605092,moving,5.538904847223816,-8.209907415141487,16.942863655034348,-6.083596330363688,-1.7039255999999998,-0.42209850800000004,-1.1188129999999998,0.09554150878371065,-0.14214684560593469,0.985223961359104,6.1671609139534365,-7.15695056054196,11.559464249743549,11.600494615295002,10.829028528339014
1970,05/05/2023 15:32:19.526426,2153,True,True,True,True,Eyes,2.406618,0.01230912,-2.86425,-0.6968632,-0.221294,-0.6822101,0.0,0.0,0.0,0.0,0.0,0.0,0.0,3.722042,0.2930786,-0.7943392,2.320415,0.002600688,-3.030863,-0.05654826,0.9359186,-0.01698177,-0.3472325,4.074751,220.5178,354.5893,0.6505804,0.003704135,-0.759428,0.01021713,0.002834267,-0.1008009,0.6127229,-0.4087365,-4.147008,0.6023043,-0.2121999,1.991,-0.752464,-0.0940559,0.6518832,-0.1176424,0.9930279,0.007483674,-0.648042,-0.07105789,-0.7582825,moving,5.825457843933521,-8.256351761450164,16.831272558295602,-6.08359329772918,-1.7076921,-0.411337188,-1.1161449999999995,0.1004570234982553,-0.14287590420193613,0.9846292890832572,6.456185477557434,-7.197040790353829,11.180562251517303,11.218236798558857,10.434663255310742
1971,05/05/2023 15:32:19.546347,2154,True,True,True,True,Eyes,2.402097,0.01191309,-2.871603,-0.7025529,-0.2208175,-0.676505,0.0,0.0,0.0,0.0,0.0,0.0,0.0,3.724699,0.3059217,-0.7866712,2.312786,0.004132286,-3.039214,-0.05730235,0.935035,-0.0146504,-0.3495875,3.868206,220.8108,354.4256,0.6498542,0.003662771,-0.7600497,0.0,0.0,0.0,0.6051127,-0.4058466,-4.152331,0.5980536,-0.2121999,1.991001,-0.7490103,-0.09691622,0.6554321,-0.1174026,0.9930037,0.01266709,-0.652074,-0.06746165,-0.7551482,moving,6.046508839846313,-8.404242642287471,16.71913023165363,-6.083590265097683,-1.7076733000000002,-0.409978886,-1.1131170000000004,0.10421691764626206,-0.1453603982204384,0.9838745597560534,6.679017036409068,-7.337133433126118,10.88781347001563,10.922008735970676,10.118065202766521
1972,05/05/2023 15:32:19.556904,2155,True,True,True,True,Eyes,2.397468,0.01156806,-2.878968,-0.7084605,-0.2203366,-0.6704741,0.0,0.0,0.0,0.0,0.0,0.0,0.0,3.72841,0.3210788,-0.7727337,2.305524,0.005083829,-3.047256,-0.05702373,0.9339751,-0.01032715,-0.3526078,3.411379,221.1965,354.2948,0.6490337,0.003614725,-0.7607508,0.0,0.0,0.0,0.5947365,-0.3984378,-4.156277,0.5936935,-0.2122,1.991001,-0.7448324,-0.09923463,0.6598316,-0.1138004,0.9932833,0.02092342,-0.657476,-0.05950462,-0.7511225,moving,6.223855518516738,-8.809163263087711,16.60397275509418,-6.0835931105134025,-1.7107875000000001,-0.403521629,-1.1090210000000003,0.10714918476802282,-0.15226222573746606,0.9825147749258744,6.857470270325388,-7.728398181170263,10.702533233482708,10.731988003240406,9.884315576005388
1973,05/05/2023 15:32:19.576335,2156,True,True,True,True,Eyes,2.392728,0.01128666,-2.886344,-0.7143049,-0.2197687,-0.6644322,0.0,0.0,0.0,0.0,0.0,0.0,0.0,3.733103,0.3253431,-0.7571883,2.298291,0.005969924,-3.055005,-0.05731786,0.9327311,-0.009621907,-0.3558579,3.367683,221.5967,354.2465,0.6481267,0.003562063,-0.7615239,0.0,0.0,0.0,0.5816365,-0.382653,-4.158281,0.5893956,-0.2121999,1.991002,-0.7401597,-0.1000762,0.6649424,-0.1137724,0.9932441,0.02284472,-0.6627364,-0.05874333,-0.7465453,moving,6.324972719607522,-8.80690285085706,16.49031499287898,-6.083587232469199,-1.7166544999999998,-0.38862292400000004,-1.1032759999999997,0.10888412890296056,-0.1521945952344546,0.9823344500296244,6.959480599156922,-7.724377610989185,10.495783564825853,10.523812592882626,9.671039101709756
1974,05/05/2023 15:32:19.596394,2157,True,True,True,True,Eyes,2.271893,0.005162985,-3.071056,-0.8468397,-0.2004594,-0.492624,0.0,0.0,0.0,0.0,0.0,0.0,0.0,3.738242,0.3296552,-0.7386589,2.290898,0.007194942,-3.062757,-0.05704883,0.931384,-0.00794928,-0.3594528,3.199935,222.045,354.2199,0.6471391,0.003506928,-0.7623636,0.0,0.0,0.0,0.569881,-0.3803058,-4.157189,0.585068,-0.2121999,1.991001,-0.7350785,-0.1005539,0.6704841,-0.1119835,0.9933645,0.02620506,-0.6686701,-0.05582039,-0.7414612,moving,18.331946854655417,-7.087191139823891,16.375752522088856,-6.083590265097683,-1.7210169999999998,-0.387500742,-1.0944319999999998,0.31235394468429706,-0.11720641997703785,0.9427075486473921,19.074139822588442,-5.833172211330025,2.1394088751061573,2.1986156968685413,2.709982144802845
1975,05/05/2023 15:32:19.606719,2158,True,True,True,True,Eyes,2.271614,0.00518228,-3.071333,-0.8470336,-0.2005261,-0.4922635,0.0,0.0,0.0,0.0,0.0,0.0,0.0,3.744072,0.3373795,-0.7141914,2.283625,0.007752317,-3.070336,-0.0563218,0.9297941,-0.004911905,-0.3637126,2.871951,222.5826,354.1866,0.6405211,0.003233262,-0.7679335,-0.3625045,-0.01837103,-0.5541358,0.5565822,-0.3731128,-4.155312,0.5805588,-0.2122,1.991001,-0.7290823,-0.1011623,0.6769089,-0.1083084,0.9936075,0.03183578,-0.6758024,-0.05010402,-0.7353783,moving,17.876283788992545,-7.430376091243159,16.256231085037307,-6.0835931105134025,-1.7270427999999998,-0.38086511700000003,-1.0849760000000002,0.3046251693458754,-0.12317498137946359,0.9444741499403703,18.614077540552547,-6.175681649962352,2.0278712024988557,2.1067499046578844,2.3596440847898275
1976,05/05/2023 15:32:19.626615,2159,True,True,True,True,Eyes,2.271103,0.005238092,-3.071917,-0.8474647,-0.2008753,-0.4913782,0.0,0.0,0.0,0.0,0.0,0.0,0.0,3.751055,0.3366772,-0.6853194,2.276637,0.008248112,-3.077383,-0.05655409,0.9278789,-0.005539039,-0.3685265,2.978572,223.1722,354.203,0.6349838,0.003005402,-0.7725193,-0.3407542,-0.01726877,-0.5208877,0.540805,-0.3611633,-4.151027,0.5764506,-0.2121999,1.991002,-0.7219797,-0.1008681,0.6845223,-0.1090333,0.993542,0.03140425,-0.6832693,-0.05196247,-0.7283151,moving,17.337713845914777,-7.374222424927761,16.147204162044478,-6.083587232469199,-1.735832,-0.369411412,-1.0736439999999998,0.2957548727913867,-0.12260755930968063,0.9473628032341643,18.07082732224371,-6.130665568977246,1.6831533646830708,1.7558623258676944,1.9241991664646467
1977,05/05/2023 15:32:19.646672,2160,True,True,True,True,Eyes,2.270353,0.005294993,-3.072744,-0.8481001,-0.2011235,-0.4901791,0.0,0.0,0.0,0.0,0.0,0.0,0.0,3.75887,0.3319716,-0.6540642,2.269781,0.009062924,-3.084659,-0.05595266,0.9258827,-0.005766959,-0.3736007,3.008663,223.7989,354.2931,0.6303376,0.002816363,-0.7763156,-0.320309,-0.01623264,-0.4896344,0.5264034,-0.3637365,-4.142566,0.5720127,-0.2121999,1.991,-0.7145838,-0.09930211,0.692466,-0.1079203,0.9936721,0.03112885,-0.6911754,-0.05248695,-0.7207787,moving,16.785641972230344,-7.4113877417178715,16.029315913355163,-6.08359329772918,-1.7433776,-0.372799424,-1.0579070000000006,0.28657810166741704,-0.12358233614798644,0.9500528352602167,17.513851298906083,-6.176799211821125,1.458637638379015,1.5280926649980702,1.4874584543356277
1978,05/05/2023 15:32:19.666189,2161,True,True,True,True,Eyes,2.269385,0.0053819,-3.073794,-0.8486864,-0.2013813,-0.4890572,0.0,0.0,0.0,0.0,0.0,0.0,0.0,3.766299,0.3222454,-0.6252885,2.26332,0.009111186,-3.09146,-0.05417735,0.9240998,-0.00550541,-0.3782517,2.932557,224.3792,354.4858,0.6264237,0.002659535,-0.7794778,-0.3010904,-0.01525868,-0.4602564,0.510863,-0.3626723,-4.133203,0.5677271,-0.2122,1.991,-0.7079812,-0.09596568,0.699681,-0.1042954,0.994069,0.03081025,-0.6984879,-0.05116044,-0.713791,moving,16.275457314953105,-7.581806249911372,15.915326029284373,-6.083596143146296,-1.7524570000000002,-0.371783486,-1.0417429999999999,0.277995529490161,-0.12674080398248905,0.9521844530319992,16.998981540719836,-6.351988406065786,1.4733418481686238,1.5408854814457935,1.1163976326826834
1979,05/05/2023 15:32:19.676696,2162,True,True,True,True,Eyes,2.268171,0.005523006,-3.075065,-0.8494345,-0.2014988,-0.4877082,0.0,0.0,0.0,0.0,0.0,0.0,0.0,3.772686,0.3030204,-0.6058836,2.257047,0.009916196,-3.098017,-0.05275447,0.9227234,-0.007921752,-0.3817536,3.146982,224.808,354.7532,0.6231088,0.002530195,-0.7821307,-0.283025,-0.01434316,-0.432641,0.4960714,-0.3577324,-4.125141,0.5631368,-0.2121999,1.991001,-0.7029623,-0.09130724,0.7053418,-0.1034039,0.9943084,0.02565924,-0.7036701,-0.05489758,-0.7084029,moving,15.882491727523497,-7.464489612026307,15.79308049439334,-6.083590265097683,-1.7609756,-0.367648596,-1.0271240000000001,0.27151781410765596,-0.1250313590101319,0.9542773498439587,16.60268687278187,-6.244771599271811,1.329969850549233,1.383790943371778,0.825494948751077
1980,05/05/2023 15:32:19.696646,2163,True,True,True,True,Eyes,2.266768,0.005713318,-3.076596,-0.8502447,-0.2011976,-0.486419,0.0,0.0,0.0,0.0,0.0,0.0,0.0,3.777868,0.2959701,-0.584651,2.249986,0.01131824,-3.104695,-0.05116786,0.9212719,-0.006867406,-0.3854775,2.986555,225.2773,354.8878,0.6201957,0.002421854,-0.784443,-0.2660435,-0.01348257,-0.4066826,0.4849505,-0.3614277,-4.119531,0.5591071,-0.2122,1.991001,-0.6975781,-0.08898457,0.7109619,-0.09957349,0.9946693,0.02679462,-0.7095563,-0.05210162,-0.7027202,moving,15.510019282787631,-7.658490321158211,15.685649339244623,-6.0835931105134025,-1.7650354999999998,-0.37274594,-1.0148360000000003,0.2651900576149055,-0.12849668651231563,0.9555955224792596,16.226715698447624,-6.440456703507931,1.5340391511922262,1.58465994485501,0.6481546336069465
1981,05/05/2023 15:32:19.706770,2164,True,True,True,True,Eyes,2.26515,0.005916591,-3.078324,-0.8512031,-0.200781,-0.4849128,0.0,0.0,0.0,0.0,0.0,0.0,0.0,3.782669,0.2979941,-0.5618935,2.243103,0.01244945,-3.111503,-0.04903313,0.9197968,-0.002699814,-0.3893099,2.472779,225.7724,354.941,0.6175244,0.002329282,-0.786548,-0.2500809,-0.01267362,-0.3822816,0.4720323,-0.3527693,-4.115727,0.553854,-0.2121999,1.991001,-0.6920668,-0.0880989,0.7164368,-0.09230316,0.9951769,0.03321161,-0.7159072,-0.04314473,-0.6968608,moving,15.17988837400879,-8.176064802934695,15.545432577961058,-6.083590265097683,-1.7710707,-0.36521875000000004,-1.0042239999999998,0.25936883162408975,-0.13734860730259973,0.955961986832343,15.893095054853687,-6.950590401189994,2.063981573201432,2.124163895875107,0.9341083629982136
1982,05/05/2023 15:32:19.726316,2165,True,True,True,True,Eyes,2.263358,0.006143987,-3.080267,-0.8521304,-0.2003326,-0.4834672,0.0,0.0,0.0,0.0,0.0,0.0,0.0,3.787031,0.3020543,-0.5393186,2.236374,0.0129357,-3.118038,-0.04850112,0.9182003,-0.0007978256,-0.3931352,2.269513,226.2565,354.9221,0.6150662,0.002251253,-0.788472,-0.235076,-0.0119132,-0.3593447,0.4564236,-0.3331154,-4.111692,0.550373,-0.2121999,1.990999,-0.6861849,-0.08844017,0.7220311,-0.08969479,0.995294,0.03666986,-0.7218764,-0.03960012,-0.6908883,moving,14.827109242043749,-8.36229234219928,15.452426439744189,-6.083596330363688,-1.7799504000000002,-0.3460511,-0.9936539999999998,0.25335798869097187,-0.14068685977838816,0.9570876865548531,15.536999383859927,-7.138349072270239,2.3073848104763774,2.362938237046276,1.0581379538773719
1983,05/05/2023 15:32:19.746403,2166,True,True,True,True,Eyes,2.261377,0.006382618,-3.082383,-0.8531686,-0.1999469,-0.4817931,0.0,0.0,0.0,0.0,0.0,0.0,0.0,3.79132,0.3067435,-0.5179448,2.229928,0.01367456,-3.124692,-0.04903125,0.9165811,-0.0004228122,-0.3968312,2.274629,226.718,354.8584,0.6127951,0.002186942,-0.7902386,-0.2209715,-0.01119841,-0.337784,0.4434034,-0.3254096,-4.107052,0.5461339,-0.2121999,1.991,-0.6802421,-0.08954666,0.7274973,-0.09021779,0.9951915,0.03813917,-0.7274144,-0.03968934,-0.6850498,moving,14.491758431310053,-8.331938208961244,15.339026964224333,-6.08359329772918,-1.7865246000000001,-0.33908416,-0.9823600000000003,0.24776244075685155,-0.1403896619248481,0.9585950812663364,15.198729124752152,-7.114810783636017,2.357094724768249,2.4026899106480295,1.0407175346848827
1984,05/05/2023 15:32:19.756914,2167,True,True,True,True,Eyes,2.261377,0.006382618,-3.082383,-0.8531686,-0.1999469,-0.4817931,0.0,0.0,0.0,0.0,0.0,0.0,0.0,3.7955,0.3097464,-0.495501,2.223451,0.01419392,-3.131028,-0.04954096,0.9148985,-0.0004996824,-0.4006326,2.327407,227.1917,354.8177,0.6106876,0.002135269,-0.7918684,-0.2077132,-0.01052651,-0.317517,0.4322134,-0.3250457,-4.10254,0.5418307,-0.2122,1.991002,-0.6740786,-0.09024951,0.7331259,-0.09105027,0.9950909,0.03878113,-0.7330269,-0.04060977,-0.6789867,moving,14.023406839944403,-8.289807854090668,15.223779627372924,-6.083590077883521,-1.7912375999999999,-0.33923962,-0.9715120000000002,0.23993287372356498,-0.13996859870106762,0.960646147932521,14.726299931140508,-7.082192671006273,2.4794390093441234,2.511631283618542,1.115658185626306
1985,05/05/2023 15:32:19.786248,2168,True,True,True,True,Eyes,2.261377,0.006382618,-3.082383,-0.8531686,-0.1999469,-0.4817931,0.0,0.0,0.0,0.0,0.0,0.0,0.0,3.800059,0.3089492,-0.4723005,2.217413,0.0150337,-3.137167,-0.05065327,0.9131287,-0.002484195,-0.4045048,2.608763,227.6671,354.8025,0.6087873,0.002088752,-0.7933306,-0.1952504,-0.009894916,-0.298466,0.4210178,-0.3263247,-4.097088,0.53747,-0.2121999,1.991001,-0.6676203,-0.09049617,0.7389815,-0.09451564,0.9948562,0.03644221,-0.7384782,-0.04551576,-0.6727395,moving,13.521965982880731,-8.026811497888275,15.106885641667343,-6.083590265097683,-1.7963952,-0.3413584,-0.9599210000000005,0.2316508812738342,-0.13583822786639882,0.9632683214496118,14.22073844961953,-6.835012564997192,2.4919195381426342,2.5076042519457604,1.1618486643106716
1986,05/05/2023 15:32:19.796466,2169,True,True,True,True,Eyes,2.25872,0.006736351,-3.085117,-0.8544015,-0.2002526,-0.4794757,0.0,0.0,0.0,0.0,0.0,0.0,0.0,3.80502,0.3095788,-0.4443092,2.211336,0.01655979,-3.143428,-0.05181621,0.9110813,-0.004071087,-0.4089369,2.854356,228.2152,354.7673,0.6070741,0.002046879,-0.7946423,-0.1835354,-0.009301221,-0.280558,0.4112322,-0.3349426,-4.090355,0.5331266,-0.2122,1.991001,-0.6601715,-0.09108792,0.7455715,-0.09774718,0.994597,0.03496094,-0.7447277,-0.0497973,-0.6655081,moving,13.109095313690041,-7.8104789222729,14.99031999062534,-6.0835931105134025,-1.8001038000000003,-0.35150239,-0.9469269999999996,0.2248086461155137,-0.1324182089528347,0.9653633846738404,13.804474750925575,-6.631697155891468,2.5470317644402343,2.553652461077383,1.3063869936119206
1987,05/05/2023 15:32:19.806263,2170,True,True,True,True,Eyes,2.25594,0.007109164,-3.087972,-0.8557366,-0.2007181,-0.4768931,0.0,0.0,0.0,0.0,0.0,0.0,0.0,3.809628,0.3081556,-0.4159164,2.20502,0.01746534,-3.149411,-0.05170827,0.9090889,-0.004204006,-0.4133596,2.888463,228.771,354.7987,0.6054513,0.002018405,-0.7958795,-0.1725232,-0.008743147,-0.2637245,0.4003966,-0.3417839,-4.081808,0.5285422,-0.2122,1.991001,-0.6529204,-0.09053928,0.7519959,-0.09749035,0.9946172,0.03510459,-0.7511264,-0.05039185,-0.6582325,moving,12.722787169850486,-7.830210030982804,14.867148619634362,-6.0835931105134025,-1.8046234,-0.35924923999999997,-0.9323969999999995,0.2182790024296158,-0.13295274726208345,0.9667873381300442,13.41474202282892,-6.657865979384011,2.7618459933709114,2.7656747267510005,1.5618176111072786
1988,05/05/2023 15:32:19.826376,2171,True,True,True,True,Eyes,2.253002,0.007509211,-3.090914,-0.8570337,-0.2013017,-0.4743109,0.0,0.0,0.0,0.0,0.0,0.0,0.0,3.814806,0.2995821,-0.3880873,2.199296,0.0183272,-3.155292,-0.05186899,0.907088,-0.006652848,-0.41768,3.175738,229.3075,354.9124,0.6039067,0.002002495,-0.7970522,-0.1621718,-0.008218559,-0.2479011,0.3887982,-0.3412662,-4.074177,0.5229067,-0.2122,1.991001,-0.6457059,-0.08854195,0.7584352,-0.09965699,0.9945307,0.03125983,-0.7570549,-0.05539871,-0.6509982,moving,12.314672158384386,-7.620887373675592,14.715544065168528,-6.0835931105134025,-1.8104977999999998,-0.3595934,-0.9188849999999995,0.21148133580033723,-0.12961818719613816,0.9687490579987587,13.003267982990494,-6.46129376750369,2.850641842346655,2.850869966227274,1.7534386695547277
1989,05/05/2023 15:32:19.844169,2172,True,True,True,True,Eyes,2.249942,0.007925409,-3.09396,-0.8584887,-0.2017765,-0.4714696,0.0,0.0,0.0,0.0,0.0,0.0,0.0,3.819559,0.2894132,-0.3591318,2.193027,0.01949264,-3.161016,-0.05104725,0.9050708,-0.007767972,-0.4221146,3.276624,229.8664,355.0673,0.602429,0.001998601,-0.7981696,-0.1524415,-0.007725445,-0.233027,0.3773045,-0.3490631,-4.063589,0.5201162,-0.2122,1.991,-0.6384269,-0.08584481,0.7648802,-0.0989607,0.9946676,0.02903445,-0.763294,-0.05715671,-0.6435179,moving,11.91867937365365,-7.598778741944542,14.640403683404232,-6.083596143146296,-1.8157225,-0.36855574,-0.9025730000000003,0.20478597199754495,-0.1294327836968554,0.970211341864031,12.603812374493767,-6.446878493271351,3.115772695107759,3.115054016544222,2.0687383172943896
1990,05/05/2023 15:32:19.856899,2173,True,True,True,True,Eyes,2.247034,0.008419909,-3.097555,-0.8588754,-0.2023029,-0.4705386,0.0,0.0,0.0,0.0,0.0,0.0,0.0,3.824396,0.2790909,-0.3279963,2.18704,0.02026351,-3.16669,-0.04932856,0.9029999,-0.007502376,-0.4267337,3.190136,230.456,355.2498,0.6010084,0.002005938,-0.7992399,-0.143295,-0.007261918,-0.2190454,0.3650849,-0.3496433,-4.053987,0.5156808,-0.2122,1.990998,-0.6309301,-0.08268433,0.771421,-0.09549039,0.9950208,0.02855102,-0.7699407,-0.0556496,-0.6356841,moving,11.383803274974298,-7.777737699770217,14.520867502196248,-6.08360220842112,-1.8219551,-0.36990681,-0.8872970000000002,0.19563422848096607,-0.1327156037522569,0.9716551895249987,12.064024100564279,-6.630831458879656,3.5661413979833263,3.5652863880429435,2.517049731868633
1991,05/05/2023 15:32:19.876334,2174,True,True,True,True,Eyes,2.243967,0.008932941,-3.101235,-0.8594953,-0.2026239,-0.4692666,0.0,0.0,0.0,0.0,0.0,0.0,0.0,3.828581,0.270525,-0.2954917,2.18072,0.02136349,-3.17215,-0.04817976,0.9007817,-0.007670596,-0.4315232,3.175837,231.0661,355.3941,0.5996345,0.0020254,-0.8002712,-0.1346973,-0.006826203,-0.2059027,0.3516581,-0.3439676,-4.043848,0.511456,-0.2122,1.990999,-0.622933,-0.08017882,0.7781554,-0.09341898,0.9952398,0.0277623,-0.7766772,-0.05540043,-0.627458,moving,10.847700840352884,-7.862369503166786,14.406866450516688,-6.0835991757822026,-1.8290619000000001,-0.36533108999999997,-0.8716979999999999,0.18649166744274082,-0.13439411738700244,0.9732208570694809,11.523104780435554,-6.722917475021383,3.9795843338691763,3.97890483904259,2.953778809858857
1992,05/05/2023 15:32:19.896581,2175,True,True,True,True,Eyes,2.240632,0.009414606,-3.104792,-0.8606192,-0.2027335,-0.4671551,0.0,0.0,0.0,0.0,0.0,0.0,0.0,3.832246,0.2681396,-0.2603059,2.173971,0.022284,-3.177912,-0.04664816,0.898407,-0.005601852,-0.4366432,2.912034,231.726,355.4673,0.5982992,0.002056247,-0.8012698,-0.1266155,-0.006416631,-0.1935485,0.3382381,-0.340794,-4.032642,0.5071837,-0.2122,1.991,-0.6143331,-0.07892605,0.7850894,-0.08871009,0.9955851,0.03067172,-0.7840441,-0.0508027,-0.6186225,moving,10.35315017145417,-8.168750211545916,14.291465235910557,-6.083596143146296,-1.8357329,-0.363078,-0.85473,0.17794946682123147,-0.13982129434519627,0.9740555219249946,11.023853788338593,-7.030273369701995,4.456830090862254,4.4562532508697945,3.4019821198211107
1993,05/05/2023 15:32:19.906183,2176,True,True,True,True,Eyes,2.237158,0.009874715,-3.108435,-0.8619263,-0.2027642,-0.4647255,0.0,0.0,0.0,0.0,0.0,0.0,0.0,3.835754,0.2690537,-0.2230721,2.167526,0.02251774,-3.183784,-0.04505675,0.8959011,-0.002720718,-0.4419545,2.562036,232.4143,355.503,0.5969958,0.00209653,-0.8022412,-0.1190186,-0.006031633,-0.1819356,0.3229036,-0.3298079,-4.021389,0.5027564,-0.2122,1.991,-0.6052925,-0.07832792,0.7921402,-0.08313765,0.9959249,0.03495108,-0.7916498,-0.04470105,-0.6093379,moving,9.86461398727492,-8.55000964286017,14.171759380805154,-6.083596143146296,-1.8446224,-0.35232564,-0.8376049999999999,0.16947167163106824,-0.1465220642923406,0.9745823182131219,10.530586036469478,-7.410464367054191,4.963746857767703,4.963335269008085,3.8753996706297467
1994,05/05/2023 15:32:19.926451,2177,True,True,True,True,Eyes,2.233766,0.01035403,-3.112475,-0.8634729,-0.2028651,-0.461801,0.0,0.0,0.0,0.0,0.0,0.0,0.0,3.838669,0.2694517,-0.1865644,2.160787,0.0224426,-3.189559,-0.04441384,0.8933209,-0.001689378,-0.4472165,2.449769,233.0916,355.5315,0.5957175,0.002144742,-0.8031908,-0.1118774,-0.005669735,-0.1710194,0.3073146,-0.316856,-4.009589,0.4984006,-0.2122,1.991,-0.5960498,-0.07784056,0.7991656,-0.08086263,0.9960491,0.03670688,-0.7988654,-0.0427435,-0.5999892,moving,9.394739949711498,-8.694993192027388,14.053863353695588,-6.083596143146296,-1.8534724,-0.3392986,-0.82003,0.1614084828384818,-0.1491921822752648,0.9755454145498013,10.05641053899943,-7.560151056787941,5.340996739101212,5.3410509677831355,4.261436778684101
1995,05/05/2023 15:32:19.946378,2178,True,True,True,True,Eyes,2.230232,0.01079568,-3.116581,-0.8651682,-0.2029435,-0.4585825,0.0,0.0,0.0,0.0,0.0,0.0,0.0,3.841443,0.2699071,-0.1497436,2.154164,0.02243149,-3.195469,-0.04376023,0.8906946,-0.0005933164,-0.4524911,2.33024,233.7726,355.5562,0.5944585,0.002200552,-0.8041229,-0.1051648,-0.005329551,-0.1607583,0.2929133,-0.31248,-3.997082,0.4940711,-0.2121999,1.991,-0.5866741,-0.07741706,0.8061145,-0.07849094,0.9961694,0.03854529,-0.8060107,-0.04065915,-0.5905033,moving,8.940993146189113,-8.8448531426534,13.936558692011966,-6.08359329772918,-1.8612507000000003,-0.33491149,-0.8016129999999997,0.1536128919038373,-0.15193445378423504,0.9763805554106278,9.598498830961127,-7.714298056739564,5.707197645599013,5.7079095169600675,4.634432151744109
1996,05/05/2023 15:32:19.956792,2179,True,True,True,True,Eyes,2.226472,0.01118303,-3.120605,-0.8669233,-0.2030354,-0.4552148,0.0,0.0,0.0,0.0,0.0,0.0,0.0,3.843664,0.2696016,-0.1134553,2.14739,0.02197075,-3.201179,-0.04336753,0.8880478,-0.000267588,-0.4577011,2.30242,234.4447,355.5929,0.5932136,0.00226221,-0.8050415,-0.09885491,-0.005009778,-0.1511128,0.2787804,-0.3078162,-3.984615,0.4896634,-0.2121999,1.991001,-0.5772579,-0.07677992,0.812944,-0.07726981,0.9962384,0.03922345,-0.8128976,-0.04017398,-0.5810192,moving,8.493977722827466,-8.905059793472388,13.817006021599779,-6.083590265097683,-1.8686096,-0.32978694999999997,-0.7834359999999996,0.1459631951135879,-0.1531397449488786,0.9773652644044166,9.14747862334281,-7.780988034111214,6.022776472654907,6.02455978218142,4.968465085851426
1997,05/05/2023 15:32:19.976760,2180,True,True,True,True,Eyes,2.222577,0.01153443,-3.124696,-0.868803,-0.2032183,-0.4515347,0.0,0.0,0.0,0.0,0.0,0.0,0.0,3.8456,0.2708744,-0.07625198,2.140679,0.02154503,-3.207,-0.04388599,0.8852565,-0.001171882,-0.4630268,2.448169,235.1289,355.6019,0.5919783,0.002327732,-0.80595,-0.09292362,-0.004709191,-0.142046,0.2651348,-0.3066826,-3.971748,0.4853513,-0.2121999,1.991,-0.5673608,-0.0766155,0.8198978,-0.07878594,0.9961453,0.03856595,-0.819692,-0.04271561,-0.57121,moving,8.041745196008213,-8.793167574629853,13.699940716138451,-6.08359329772918,-1.8755442,-0.32822763000000005,-0.764748,0.13828194857363246,-0.15139936652327832,0.9787523946754916,8.691388924080096,-7.680121348144112,6.269694407994472,6.2735133144087385,5.25685199235176
1998,05/05/2023 15:32:19.996508,2181,True,True,True,True,Eyes,2.218519,0.01183389,-3.128774,-0.8706635,-0.2035563,-0.4477833,0.0,0.0,0.0,0.0,0.0,0.0,0.0,3.846876,0.2737503,-0.03733969,2.13367,0.02105373,-3.212755,-0.04450151,0.8823137,-0.001856459,-0.4685496,2.577936,235.8415,355.5915,0.590749,0.002395769,-0.8068514,-0.0873482,-0.00442664,-0.1335233,0.2524621,-0.3117397,-3.958049,0.4810517,-0.2122,1.991,-0.556962,-0.07678889,0.8269807,-0.08026826,0.9960324,0.03842637,-0.8266503,-0.04497828,-0.5609158,moving,7.57020494256481,-8.705636704026116,13.583091870892094,-6.083596143146296,-1.8812079,-0.33279343,-0.7452939999999999,0.13024902690786566,-0.15006869294231015,0.9800584470576084,8.215794046775716,-7.603333571054067,6.553309336497925,6.559718432657616,5.578305099449843
1999,05/05/2023 15:32:20.016481,2182,True,True,True,True,Eyes,2.214332,0.01210815,-3.132922,-0.8726269,-0.2040584,-0.4437144,0.0,0.0,0.0,0.0,0.0,0.0,0.0,3.847916,0.2779751,0.001823425,2.126974,0.02039096,-3.218586,-0.04543431,0.8793131,-0.00283136,-0.4740636,2.754514,236.5542,355.5662,0.5895218,0.002464744,-0.8077483,-0.08210731,-0.004161041,-0.1255119,0.2395105,-0.3164376,-3.943728,0.4763894,-0.2122,1.991001,-0.5463989,-0.07721747,0.833958,-0.08258645,0.9958555,0.0380982,-0.8334434,-0.04805682,-0.5505115,moving,7.116392786266255,-8.579067403036058,13.456249295078953,-6.0835931105134025,-1.8874635000000002,-0.33682856,-0.725142,0.12252014990955462,-0.1480502251861794,0.9813612737773955,7.758127312967819,-7.4881975827291765,6.803819573014722,6.813308483914124,5.868688767210839
2000,05/05/2023 15:32:20.026298,2183,True,True,True,True,Eyes,2.210046,0.01234988,-3.137164,-0.8746454,-0.2045912,-0.4394746,0.0,0.0,0.0,0.0,0.0,0.0,0.0,3.84814,0.2846761,0.04216957,2.119767,0.0200955,-3.224465,-0.04694137,0.876138,-0.004122732,-0.4797519,2.995905,237.2904,355.5031,0.5882937,0.002533894,-0.8086432,-0.07718087,-0.003911379,-0.1179811,0.2269768,-0.3230906,-3.928751,0.4724309,-0.2122,1.991001,-0.5352697,-0.07829846,0.8410447,-0.08621002,0.995559,0.03781625,-0.8402706,-0.05226458,-0.5396426,moving,6.649440898007902,-8.387037267519236,13.348454263250542,-6.0835931105134025,-1.8927901999999999,-0.3431861,-0.7042860000000002,0.11457226283586253,-0.14489871878630192,0.9827907288871413,7.287278743992402,-7.309529095438057,7.070464852348811,7.083970288767721,6.183912007328966
2001,05/05/2023 15:32:20.046689,2184,True,True,True,True,Eyes,2.205639,0.01254042,-3.141472,-0.8767803,-0.2052026,-0.4349116,0.0,0.0,0.0,0.0,0.0,0.0,0.0,3.848237,0.2900249,0.08452892,2.11284,0.01951305,-3.230435,-0.04760405,0.8728724,-0.004318057,-0.4856017,3.082363,238.0547,355.4675,0.5870615,0.002602353,-0.8095379,-0.07255002,-0.003676696,-0.1109023,0.2145953,-0.3318617,-3.913341,0.467963,-0.2121999,1.991001,-0.5238498,-0.07891081,0.8481477,-0.08729822,0.9954304,0.03869499,-0.8473254,-0.05377143,-0.5283447,moving,6.185990328230831,-8.35935499385388,13.226671927589809,-6.083590265097683,-1.8982446999999998,-0.35137474999999996,-0.682906,0.10662451351105423,-0.1445524392978037,0.9837355878186961,6.819777487614018,-7.290897468427511,7.382706644565176,7.399344733434364,6.519653905553945
2002,05/05/2023 15:32:20.056400,2185,True,True,True,True,Eyes,2.201104,0.01269235,-3.145804,-0.8787588,-0.2060448,-0.4304979,0.0,0.0,0.0,0.0,0.0,0.0,0.0,3.847928,0.2927797,0.127377,2.105653,0.01849802,-3.236413,-0.04813122,0.8695216,-0.005111049,-0.4915178,3.221894,238.8295,355.4803,0.5858232,0.002668837,-0.8104342,-0.06819702,-0.003456094,-0.1042481,0.2016204,-0.3353384,-3.897603,0.4633366,-0.2122,1.991,-0.5121877,-0.07867793,0.8552625,-0.0887266,0.9953146,0.03842636,-0.8542785,-0.05620303,-0.5167686,moving,5.689647687579431,-8.299583549221838,13.100447335310701,-6.083596143146296,-1.9040326000000003,-0.35383642,-0.6611899999999999,0.09811169433718514,-0.14365257874742826,0.9847527416272525,6.31913055584528,-7.241597666137708,7.7146509364604094,7.735021111975024,6.879478526073738
2003,05/05/2023 15:32:20.076716,2186,True,True,True,True,Eyes,2.196441,0.01281968,-3.150202,-0.8808843,-0.2068102,-0.4257609,0.0,0.0,0.0,0.0,0.0,0.0,0.0,3.847307,0.2951419,0.1701107,2.098651,0.01787322,-3.242401,0.04858404,-0.8661551,0.005780346,0.4973744,3.344666,239.6001,355.495,0.5845761,0.002732568,-0.811334,-0.0641052,-0.003248729,-0.09799325,0.1883385,-0.3407487,-3.880588,0.4593517,-0.2122,1.991001,-0.5005165,-0.07841264,0.8621685,-0.08991262,0.9952124,0.03831556,-0.8610452,-0.05834227,-0.5051705,moving,5.2194119210961745,-8.251213763276814,12.991609406786573,-6.0835931105134025,-1.9103124999999999,-0.35862192000000004,-0.6381869999999998,0.09003596410045622,-0.14293070517962173,0.9856288812046331,5.844807609871331,-7.2029352847354255,8.044784496424846,8.068806172591993,7.233927206392322
2004,05/05/2023 15:32:20.096714,2187,True,True,True,True,Eyes,2.191806,0.01294156,-3.154951,-0.8821047,-0.2084276,-0.4224325,0.0,0.0,0.0,0.0,0.0,0.0,0.0,3.845744,0.2989235,0.2151675,2.091046,0.0173964,-3.24848,0.04839114,-0.8626261,0.004754624,0.5034996,3.263772,240.4138,355.4789,0.5833185,0.00279316,-0.8122384,-0.06025888,-0.003053805,-0.09211365,0.1756294,-0.3451518,-3.863998,0.4550487,-0.2122,1.991,-0.488293,-0.07869903,0.8691241,-0.08827484,0.9952714,0.04052692,-0.8682038,-0.05693277,-0.4929311,moving,4.637826741154065,-8.462713109841173,12.873989267925293,-6.083596143146296,-1.9154166,-0.3625482,-0.6155180000000002,0.07998226014524457,-0.14669427108148986,0.9859430065445105,5.257862267955527,-7.41942760065211,8.545692007918152,8.572897451189187,7.732388774662754
2005,05/05/2023 15:32:20.106295,2188,True,True,True,True,Eyes,2.187042,0.0130326,-3.159763,-0.8835074,-0.2099651,-0.4187234,0.0,0.0,0.0,0.0,0.0,0.0,0.0,3.843832,0.3038054,0.2619519,2.083673,0.01668855,-3.254841,0.04813401,-0.8589515,0.003349906,0.5097788,3.143115,241.2524,355.4463,0.5820476,0.002850755,-0.8131495,-0.05664335,-0.002870576,-0.08658683,0.1611333,-0.3426194,-3.846831,0.4506545,-0.2122,1.991,-0.4756176,-0.07927413,0.8760728,-0.08610497,0.9953438,0.04332058,-0.8754279,-0.0548302,-0.4802289,moving,4.0620620174049735,-8.709465895671713,12.7537557715657,-6.083596143146296,-1.9225397000000002,-0.35930795000000004,-0.59199,0.07002417797396188,-0.15105242321257006,0.9860424609118066,4.6767489957751325,-7.670157451560938,9.049066913752565,9.07968789515061,8.231355613841814
2006,05/05/2023 15:32:20.126303,2189,True,True,True,True,Eyes,2.182088,0.01307068,-3.164459,-0.8851801,-0.2110712,-0.4146144,0.0,0.0,0.0,0.0,0.0,0.0,0.0,3.841203,0.3090385,0.3087454,2.076007,0.01602606,-3.261227,0.04824815,-0.8551805,0.00254212,0.5160736,3.103921,242.0948,355.4106,0.5807616,0.002904849,-0.8140683,0.0,0.0,0.0,0.1466949,-0.3390711,-3.82917,0.4463094,-0.2121999,1.991,-0.4626804,-0.07989792,0.8829175,-0.08514561,0.9953312,0.04545126,-0.882427,-0.05414715,-0.4673232,moving,3.5014409179641564,-8.849626888373916,12.63475332296383,-6.08359329772918,-1.9293121000000002,-0.35509716,-0.5679430000000001,0.06034925298717486,-0.15356132858212257,0.9862945034931472,4.111032609527546,-7.816778315827559,9.508145328826942,9.54297319035823,8.698146073021736
2007,05/05/2023 15:32:20.146375,2190,True,True,True,True,Eyes,2.177024,0.01307903,-3.169225,-0.8870018,-0.2121126,-0.410166,0.0,0.0,0.0,0.0,0.0,0.0,0.0,3.838698,0.310034,0.35533,2.068745,0.01524172,-3.267728,0.04761314,-0.8514484,0.001482101,0.5222706,2.995513,242.9296,355.4321,0.5794599,0.002954432,-0.8149952,0.0,0.0,0.0,0.132688,-0.3382998,-3.81112,0.4419358,-0.2121999,1.991001,-0.449933,-0.07953215,0.889514,-0.08262838,0.9954616,0.04721002,-0.8892317,-0.05225775,-0.4544626,moving,2.9667477350514395,-9.05764804371699,12.514852230126403,-6.083590265097683,-1.936057,-0.35354152,-0.5433919999999999,0.051112701371123004,-0.15722237841024567,0.9862396824928368,3.5713961758586015,-8.029038995362745,9.961639450142199,10.000565939957433,9.152604927380475
2008,05/05/2023 15:32:20.156482,2191,True,True,True,True,Eyes,2.171857,0.01306938,-3.174051,-0.8889812,-0.2130031,-0.4053914,0.0,0.0,0.0,0.0,0.0,0.0,0.0,3.835779,0.3102909,0.39961,2.061151,0.0145341,-3.274235,0.04719526,-0.8477876,0.001017374,0.5282308,2.956916,243.7345,355.4658,0.5781412,0.002999183,-0.8159309,0.0,0.0,0.0,0.118936,-0.3348421,-3.793347,0.43758,-0.2122,1.991001,-0.4374894,-0.07894829,0.8957511,-0.08109792,0.9955431,0.04813495,-0.8955591,-0.05158501,-0.4419422,moving,2.473589984343338,-9.184705336736508,12.395334434494224,-6.0835931105134025,-1.9422150000000002,-0.34937619999999997,-0.5191119999999998,0.042606548554272705,-0.15947273594532346,0.9862825205119553,3.073752056764059,-8.161681538916437,10.351881399226492,10.39509066693169,9.55041096189437
2009,05/05/2023 15:32:20.177056,2192,True,True,True,True,Eyes,2.16658,0.01305565,-3.178944,-0.891089,-0.2138009,-0.4003119,0.0,0.0,0.0,0.0,0.0,0.0,0.0,3.832556,0.3111284,0.4429116,2.053696,0.01410505,-3.280792,0.04685031,-0.8441573,0.0004314844,0.5340443,2.910087,244.5231,355.4839,0.5768044,0.003039121,-0.8168762,0.0,0.0,0.0,0.1056824,-0.3336442,-3.776112,0.433428,-0.2121999,1.991,-0.4252033,-0.07863719,0.9016752,-0.07955892,0.9956098,0.04931179,-0.9015942,-0.05076876,-0.4295929,moving,2.0183201594557048,-9.311739881781332,12.281312519262663,-6.08359329772918,-1.9480136,-0.34774925,-0.49532,0.03475551634290641,-0.1617082719384345,0.9862264126020166,2.614329585364744,-8.293620511217707,10.711313639860707,10.758714725541502,9.916389430061402
2010,05/05/2023 15:32:20.196654,2193,True,True,True,True,Eyes,2.1611,0.01302221,-3.183664,-0.894245,-0.2131135,-0.393584,0.0,0.0,0.0,0.0,0.0,0.0,0.0,3.828754,0.3112842,0.4862351,2.045934,0.01397962,-3.287344,0.04628524,-0.8404845,-0.0005240471,0.5398551,2.813995,245.3158,355.4997,0.5754489,0.003074611,-0.8178316,0.0,0.0,0.0,0.09305076,-0.3319869,-3.759667,0.4290978,-0.2121999,1.990999,-0.4128287,-0.07836986,0.9074309,-0.07723822,0.9957148,0.05085554,-0.9075279,-0.04909373,-0.4171128,moving,1.6681869240047775,-9.393477690647495,12.162291188034269,-6.083596330363688,-1.95288324,-0.34596652,-0.4723229999999998,0.028721203052626265,-0.16314630967568694,0.9861836660063199,2.261020635095524,-8.379542695306295,10.953059032705497,11.00370569051518,10.163981910313746
2011,05/05/2023 15:32:20.206784,2194,True,True,True,True,Eyes,2.155524,0.01299726,-3.188468,-0.8974372,-0.2123052,-0.3866951,0.0,0.0,0.0,0.0,0.0,0.0,0.0,3.825033,0.3130643,0.5272765,2.038291,0.01400538,-3.294248,0.04564638,-0.8369426,-0.002204238,0.5453798,2.642247,246.0748,355.4749,0.5740744,0.003105617,-0.8187968,0.0,0.0,0.0,0.08006187,-0.328349,-3.74312,0.4248121,-0.2122,1.990999,-0.4009551,-0.07881107,0.9127016,-0.07400249,0.9958231,0.05347885,-0.9131041,-0.04609957,-0.4051126,moving,1.372808439315284,-9.539767019789643,12.044382036964105,-6.0835991757822026,-1.95822913,-0.34235438,-0.4488719999999997,0.023626606494317026,-0.16568585959612733,0.985895585571994,1.9628760840120973,-8.527363125156302,11.163908442147392,11.217289298934322,10.373463477530889
2012,05/05/2023 15:32:20.226190,2195,True,True,True,True,Eyes,2.149875,0.01297026,-3.193421,-0.9006097,-0.2113554,-0.3797776,0.0,0.0,0.0,0.0,0.0,0.0,0.0,3.821634,0.3147208,0.5628824,2.03045,0.01414751,-3.301188,0.04479534,-0.8337564,-0.00440052,0.5502948,2.405029,246.7552,355.4338,0.5726804,0.003132798,-0.8197724,0.0,0.0,0.0,0.06743857,-0.3222254,-3.728467,0.4204099,-0.2122,1.991001,-0.3903382,-0.07953996,0.9172293,-0.06985363,0.9959481,0.05663919,-0.9180177,-0.04196335,-0.3943128,moving,1.163338536207833,-9.737373303285926,11.923148185659505,-6.0835931105134025,-1.9630114300000001,-0.33637290999999997,-0.4272790000000004,0.020010316649724302,-0.16909843747941272,0.9853959955137874,1.7513390340123032,-8.723629020145033,11.30802390594683,11.363257164630665,10.508829193667497
2013,05/05/2023 15:32:20.246637,2196,True,True,True,True,Eyes,2.144136,0.01296642,-3.198445,-0.9037668,-0.210422,-0.3727308,0.0,0.0,0.0,0.0,0.0,0.0,0.0,3.818783,0.3129871,0.5959673,2.022573,0.01388312,-3.308361,0.04346933,-0.8307371,-0.006497359,0.5549271,2.146196,247.3999,355.4407,0.5712656,0.003156477,-0.8207589,0.0,0.0,0.0,0.05512427,-0.3138291,-3.716731,0.4159851,-0.2122,1.991001,-0.3803325,-0.07943428,0.9214321,-0.06501204,0.9961364,0.05903981,-0.9225618,-0.03744942,-0.3840273,moving,0.988999464459793,-9.955556059428298,11.801194507938396,-6.0835931105134025,-1.9674487299999999,-0.32771222000000005,-0.4083699999999997,0.017000611265950316,-0.17285923986700358,0.9847998570999421,1.575219086116263,-8.93930770608948,11.427770770410474,11.484583524707938,10.617235006304448
2014,05/05/2023 15:32:20.257149,2197,True,True,True,True,Eyes,2.138278,0.01297399,-3.20349,-0.9069427,-0.2093178,-0.3655692,0.0,0.0,0.0,0.0,0.0,0.0,0.0,3.81586,0.3105123,0.6265883,2.014719,0.01443047,-3.315195,0.04301494,-0.8278173,-0.006766056,0.5593053,2.115546,248.0054,355.4781,0.5698293,0.003177605,-0.8217566,0.0,0.0,0.0,0.04302331,-0.3047497,-3.706275,0.4115464,-0.2122,1.990999,-0.3706546,-0.07878561,0.9254231,-0.06364845,0.9962078,0.05931909,-0.9265873,-0.03691485,-0.3742636,moving,0.8345879593339907,-9.933296370502605,11.67876006012046,-6.0835991757822026,-1.97169569,-0.31918017,-0.3910800000000001,0.014347484637783403,-0.17248377982192906,0.9849077813946232,1.419472643931205,-8.920400459503151,11.449181615587229,11.50722542763953,10.64426699267263
2015,05/05/2023 15:32:20.280386,2198,True,True,True,True,Eyes,1.989884,0.01261462,-3.331479,-0.9689366,-0.1734027,-0.1763331,0.0,0.0,0.0,0.0,0.0,0.0,0.0,3.812528,0.3072638,0.6598186,2.006608,0.0148563,-3.322415,0.04164781,-0.824717,-0.00875222,0.5639423,1.864603,248.6553,355.4914,0.5683712,0.003196737,-0.8227658,0.0,0.0,0.0,0.03247051,-0.3025413,-3.696136,0.4071704,-0.2121999,1.990999,-0.3604694,-0.07856681,0.9294565,-0.05882382,0.9963777,0.06141013,-0.9309145,-0.03253771,-0.3637853,moving,11.572979165016632,-7.422822821189047,11.557937736384439,-6.083596330363688,-1.97413749,-0.3173976,-0.3737210000000002,0.19900157094606635,-0.12660668246393553,0.9717865589001189,12.255265325312214,-6.281688036063902,1.3125000097584887,1.3393109565383614,0.7249179885663237
2016,05/05/2023 15:32:20.286176,2199,True,True,True,True,Eyes,1.989557,0.01269169,-3.331712,-0.9689072,-0.1737929,-0.1761099,0.0,0.0,0.0,0.0,0.0,0.0,0.0,3.809549,0.2990951,0.6917691,1.99883,0.01426477,-3.329435,0.03945387,-0.8217499,-0.01074448,0.5683795,1.558121,249.2807,355.579,0.5621538,0.00320069,-0.8270262,-0.4451844,-0.001078097,-0.3839672,0.02047424,-0.2929974,-3.685437,0.4027138,-0.2121999,1.991,-0.3507763,-0.07705631,0.9332837,-0.05262853,0.9966559,0.0625081,-0.9349794,-0.02719099,-0.3536586,moving,10.987817869002832,-7.797390786466072,11.434777244431075,-6.08359329772918,-1.9783557600000001,-0.30726217,-0.3560019999999997,0.1889011444947033,-0.13322784649831917,0.9729165070581708,11.664528966014538,-6.657098321827527,1.7496565195306981,1.7711223886801508,0.6178137795781276
2017,05/05/2023 15:32:20.306773,2200,True,True,True,True,Eyes,1.988868,0.01287833,-3.332228,-0.9690309,-0.1736899,-0.1755306,0.0,0.0,0.0,0.0,0.0,0.0,0.0,3.806981,0.299854,0.7162528,1.99101,0.0163653,-3.336412,0.04048133,-0.8191313,-0.009279856,0.5721006,1.7831,249.794,355.5853,0.5568693,0.003207024,-0.8305936,-0.4184734,-0.001013411,-0.3609291,0.008632541,-0.2820779,-3.674823,0.3986045,-0.2122,1.991001,-0.3421243,-0.07693708,0.9364998,-0.05570103,0.9965503,0.06152163,-0.9380024,-0.03111595,-0.3452297,moving,10.489232091290864,-7.58999445926058,11.321119240993985,-6.0835931105134025,-1.9823774589999998,-0.2984432,-0.3384109999999998,0.18050791626802482,-0.1299136345109954,0.9749561004403735,11.161785175955416,-6.464029758023013,1.711166287440061,1.7208373698140382,0.41245531521616613
2018,05/05/2023 15:32:20.326544,2201,True,True,True,True,Eyes,1.987868,0.01310619,-3.333037,-0.9691688,-0.1737605,-0.1746977,0.0,0.0,0.0,0.0,0.0,0.0,0.0,3.802983,0.2992937,0.7456269,1.981648,0.01907224,-3.343789,0.03792202,-0.816228,-0.01558575,0.5762734,1.0465,250.4038,355.4182,0.5523559,0.003218187,-0.833602,-0.393365,-0.0009526067,-0.3392734,0.0003133044,-0.2874028,-3.667411,0.394456,-0.2122,1.991001,-0.3329421,-0.07986933,0.9395587,-0.04394272,0.9966381,0.06914994,-0.9419228,-0.01826384,-0.3353324,moving,10.032003434827873,-8.327886661267183,11.206291026571392,-6.0835931105134025,-1.9813346956,-0.30647504000000003,-0.32362199999999985,0.1724162821219778,-0.14266874628239898,0.9746375814283084,10.699699583260784,-7.191072290243673,2.519504867151103,2.532943917673229,1.2178444169809037
2019,05/05/2023 15:32:20.346314,2202,True,True,True,True,Eyes,1.986561,0.01339571,-3.334094,-0.9693681,-0.1738343,-0.1735142,0.0,0.0,0.0,0.0,0.0,0.0,0.0,3.798759,0.2983577,0.777081,1.973054,0.02016935,-3.351133,0.0355015,-0.8131539,-0.02101882,0.5805848,0.4033762,251.0364,355.2881,0.5483974,0.003234414,-0.8362113,-0.3697631,-0.0008954502,-0.318917,-0.01428812,-0.2599373,-3.659556,0.3901336,-0.2122,1.991001,-0.3233221,-0.08214278,0.9427171,-0.03332995,0.9965957,0.07540633,-0.9457019,-0.007040188,-0.3249592,moving,9.561394491901495,-8.98261590736774,11.08655228977953,-6.0835931105134025,-1.98734212,-0.28010664999999996,-0.3084229999999999,0.1641224163540197,-0.15401759707702023,0.9743420687810201,10.224209391965156,-7.837342089362755,3.2607978575231287,3.2757349534279045,1.954295462366435
2020,05/05/2023 15:32:20.356909,2203,True,True,True,True,Eyes,1.984944,0.01375894,-3.335398,-0.9695748,-0.1739697,-0.1722187,0.0,0.0,0.0,0.0,0.0,0.0,0.0,3.794118,0.3041747,0.8057494,1.964381,0.02193983,-3.358244,0.03616656,-0.8101248,-0.02191125,0.5847306,0.3892529,251.6255,355.1685,0.5447882,0.003256403,-0.838567,-0.3475773,-0.0008417232,-0.2997819,-0.02746057,-0.2370049,-3.650553,0.3856667,-0.2121999,1.991,-0.3135645,-0.08422319,0.9458246,-0.03297449,0.9964237,0.07779706,-0.9489944,-0.006793695,-0.3152203,moving,9.072717596379391,-9.014677680849456,10.962712887821851,-6.08359329772918,-1.9918415699999998,-0.25894473,-0.29230899999999993,0.15578771249267304,-0.1547744156856911,0.9755896159903881,9.731192435358327,-7.8773639507407225,3.4782504781465886,3.487597720874103,2.1758345020799306
2021,05/05/2023 15:32:20.386446,2204,True,True,True,True,Eyes,1.983103,0.01416209,-3.337153,-0.9694125,-0.1760506,-0.1710134,0.0,0.0,0.0,0.0,0.0,0.0,0.0,3.789688,0.2997237,0.8360324,1.955338,0.02402471,-3.3655,0.03401891,-0.8070279,-0.02602699,0.588958,359.889,252.2477,355.0914,0.5414867,0.003285483,-0.8407026,-0.3267227,-0.0007912198,-0.281795,-0.03763774,-0.2351436,-3.641692,0.3813226,-0.2121999,1.991,-0.3039428,-0.08556601,0.9488401,-0.02425081,0.9963307,0.08208042,-0.9523817,0.001937599,-0.3049026,moving,8.598997578313579,-9.657958878769088,10.84217312531294,-6.08359329772918,-1.99297574,-0.25916831,-0.276192,0.1474452941955418,-0.16593242028302818,0.9750519519568059,9.252576643989984,-8.51253756097044,4.209910252235378,4.219943819718297,2.9028584545869522
2022,05/05/2023 15:32:20.396311,2205,True,True,True,True,Eyes,1.980968,0.01460638,-3.339108,-0.9693514,-0.1778956,-0.1694432,0.0,0.0,0.0,0.0,0.0,0.0,0.0,3.785152,0.2934796,0.8658485,1.946443,0.0250904,-3.372527,0.03217229,-0.8039379,-0.02860835,0.5931529,359.5512,252.8598,355.0854,0.5384543,0.003321954,-0.8426479,-0.3071193,-0.0007437466,-0.2648873,-0.05030484,-0.2158,-3.632235,0.3770332,-0.2121999,1.991001,-0.2942692,-0.08566729,0.9518753,-0.01779079,0.996293,0.08416484,-0.955557,0.00783251,-0.2947026,moving,8.126780339192122,-10.134817065279101,10.723050521771528,-6.083590265097683,-1.9967478399999998,-0.2408904,-0.25970800000000027,0.1392012486294753,-0.17425177230450933,0.974812449364642,8.775664044765156,-8.985562801126912,4.802709239125441,4.811762405549454,3.4948188351751797
2023,05/05/2023 15:32:20.406253,2206,True,True,True,True,Eyes,1.978542,0.01507452,-3.341244,-0.9694044,-0.179441,-0.1674994,0.0,0.0,0.0,0.0,0.0,0.0,0.0,3.780113,0.2859321,0.8961444,1.937328,0.02648836,-3.37937,0.03064735,-0.8007593,-0.03018218,0.5974399,359.3286,253.4813,355.1152,0.5356576,0.003366137,-0.8444283,-0.2886921,-0.0006991219,-0.2489941,-0.06191504,-0.2026405,-3.622556,0.3725106,-0.2122001,1.991001,-0.2842528,-0.08514636,0.954961,-0.01301823,0.9962996,0.0849572,-0.958661,0.01171741,-0.2843094,moving,7.646567431994298,-10.483504742610608,10.59735559447891,-6.083595955929093,-1.9992430399999999,-0.22912886,-0.24318599999999968,0.13087916785075765,-0.18038734801660342,0.9748492500478985,8.290829510544617,-9.333874259215646,5.290506127692697,5.297768219823939,3.985520245173092
2024,05/05/2023 15:32:20.426379,2207,True,True,True,True,Eyes,1.975861,0.01549407,-3.343563,-0.9695178,-0.1808644,-0.1652978,0.0,0.0,0.0,0.0,0.0,0.0,0.0,3.774719,0.271345,0.9274554,1.927999,0.02748646,-3.385907,0.02800667,-0.7974916,-0.03197191,0.6018313,359.0096,254.1217,355.2294,0.5330662,0.003417879,-0.8460664,-0.2713706,-0.0006571746,-0.2340544,-0.07303581,-0.1928792,-3.612612,0.3673927,-0.2122,1.991,-0.2740299,-0.08315354,0.9581198,-0.006186784,0.9963869,0.08470522,-0.9617015,0.01728406,-0.2735542,moving,7.155772033755645,-10.931708485053683,10.45499635804365,-6.083596143146296,-2.00103481,-0.22036566,-0.22670499999999993,0.12234109322124431,-0.1882143073298237,0.974478368058945,7.795207353783672,-9.779319836320898,5.857948850893714,5.864219847663316,4.553334071147691
2025,05/05/2023 15:32:20.446262,2208,True,True,True,True,Eyes,1.972937,0.01587245,-3.346013,-0.9696587,-0.1824148,-0.1627479,0.0,0.0,0.0,0.0,0.0,0.0,0.0,3.769211,0.2521646,0.9590001,1.919105,0.02672485,-3.392128,0.02528369,-0.7942256,-0.03192579,0.6062569,358.8508,254.7566,355.4753,0.5306537,0.003475164,-0.8475813,-0.2550884,-0.0006177441,-0.2200112,-0.08518005,-0.1798015,-3.599781,0.3639914,-0.2122001,1.991,-0.2636271,-0.07887236,0.961395,-0.001451456,0.9966829,0.08136937,-0.9646238,0.02005573,-0.262867,moving,6.646383808287712,-11.239209655922899,10.360310145043654,-6.083598988563383,-2.00428505,-0.20652635,-0.2076530000000001,0.11355050965539015,-0.19364500771665563,0.9744782837203496,7.280986863776383,-10.088034084248903,6.349299715082751,6.354020002190789,5.051507923987899
2026,05/05/2023 15:32:20.456376,2209,True,True,True,True,Eyes,1.969795,0.01624398,-3.348644,-0.9698486,-0.1839447,-0.1598685,0.0,0.0,0.0,0.0,0.0,0.0,0.0,3.76284,0.2445741,0.9882312,1.910423,0.02617808,-3.397789,0.02541816,-0.791092,-0.02904514,0.6104783,359.1451,255.3465,355.6593,0.5283965,0.003536383,-0.8489902,-0.2397831,-0.0005806795,-0.2068105,-0.0959912,-0.1732142,-3.586907,0.3597446,-0.2122,1.991001,-0.2533407,-0.07567908,0.9644125,-0.00475336,0.9970206,0.07698924,-0.9673656,0.01492029,-0.2529455,moving,6.166783962330013,-11.079219554487066,10.242001353886051,-6.0835931105134025,-2.0064142,-0.19939228,-0.18911800000000012,0.10544335853404574,-0.19109477555178633,0.9758915829999624,6.797342905024002,-9.940804939139898,6.444155868977168,6.4469900229618595,5.171436446502351
2027,05/05/2023 15:32:20.476512,2210,True,True,True,True,Eyes,1.96642,0.01659767,-3.351378,-0.9700597,-0.1856021,-0.1566403,0.0,0.0,0.0,0.0,0.0,0.0,0.0,3.754678,0.2474092,1.020084,1.901712,0.02633639,-3.40326,0.0271531,-0.7876704,-0.02602948,0.6149477,359.564,255.9758,355.7108,0.5262735,0.003600954,-0.8503076,-0.2253961,-0.0005458387,-0.1944019,-0.1046277,-0.1825786,-3.575004,0.3553852,-0.2122,1.991001,-0.2422044,-0.07478891,0.9673386,-0.01076184,0.9971704,0.07440078,-0.9701656,0.007609841,-0.2423239,moving,5.684070659852325,-10.788242682078888,10.120469065133356,-6.0835931105134025,-2.0063397000000003,-0.20891499000000002,-0.1717439999999999,0.09730931236600149,-0.1862914351052197,0.9776638193192397,6.3107053901785575,-9.666030738162991,6.46417094721608,6.46647959879341,5.22954669307051
2028,05/05/2023 15:32:20.496615,2211,True,True,True,True,Eyes,1.96284,0.01692894,-3.354208,-0.9703039,-0.1873611,-0.1529907,0.0,0.0,0.0,0.0,0.0,0.0,0.0,3.74426,0.2581309,1.056314,1.892815,0.0262907,-3.408588,0.02910536,-0.7838188,-0.02502507,0.6198023,359.8195,256.6771,355.6041,0.5242655,0.003668098,-0.8515468,-0.2118723,-0.0005130884,-0.1827378,-0.1126227,-0.1963642,-3.561962,0.3510181,-0.2122,1.991001,-0.2299961,-0.07664784,0.9701685,-0.01460546,0.9970533,0.07530937,-0.973082,0.003151098,-0.2304379,moving,5.201038719587942,-10.654968481276175,9.998629773260616,-6.0835931105134025,-2.0054377,-0.2226549,-0.1533739999999999,0.08910019005814973,-0.18415888894913685,0.978849658623596,5.823569061468775,-9.544888672370902,6.623460074260974,6.626790527751465,5.423255379721871
2029,05/05/2023 15:32:20.512122,2212,True,True,True,True,Eyes,1.959053,0.01724532,-3.357124,-0.9705421,-0.1893358,-0.1489963,0.0,0.0,0.0,0.0,0.0,0.0,0.0,3.732869,0.2724093,1.094057,1.884377,0.02614667,-3.413783,0.03184793,-0.7798076,-0.02324346,0.6247764,0.2031042,257.3949,355.4853,0.5223568,0.003736969,-0.8527187,-0.19916,-0.0004823031,-0.1717735,-0.1212358,-0.2055855,-3.546993,0.3467205,-0.2122,1.991,-0.2172802,-0.07871445,0.9729303,-0.02062659,0.9968909,0.07604653,-0.9758914,-0.003544833,-0.2182282,moving,4.71290781646451,-10.407610232222348,9.878645091407542,-6.083596143146296,-2.0056127999999998,-0.23173217000000002,-0.13321000000000005,0.0808201438499701,-0.18005881767963827,0.9803299633142001,5.331417172412123,-9.312703084407856,6.73104935915923,6.736611866232465,5.577133079405134
2030,05/05/2023 15:32:20.528100,2213,True,True,True,True,Eyes,1.955072,0.01754327,-3.360088,-0.9708315,-0.1912234,-0.1446369,0.0,0.0,0.0,0.0,0.0,0.0,0.0,3.721369,0.2809981,1.131332,1.875728,0.02616824,-3.418833,0.03408868,-0.7757869,-0.02076416,0.6297313,0.6140094,258.1104,355.4662,0.5205324,0.003807022,-0.8538333,-0.1872104,-0.0004533649,-0.1614671,-0.1286137,-0.2193927,-3.531409,0.3422688,-0.2121999,1.991,-0.2045531,-0.07904278,0.9756589,-0.02673942,0.9968137,0.07515055,-0.9784902,-0.01071628,-0.2060148,moving,4.228231711692777,-10.136180570030103,9.754260657298158,-6.08359329772918,-2.0043417,-0.24556094,-0.11257600000000023,0.07258495919309105,-0.17552416106562257,0.9817956587409452,4.842777583042652,-9.057006142108655,6.8439296626595505,6.852770206805708,5.741415324797463
2031,05/05/2023 15:32:20.546576,2214,True,True,True,True,Eyes,1.950914,0.01781155,-3.363096,-0.9710992,-0.1933622,-0.1399193,0.0,0.0,0.0,0.0,0.0,0.0,0.0,3.709864,0.2802258,1.168624,1.86727,0.02610927,-3.423437,0.03505115,-0.7717937,-0.01815782,0.6346466,0.9432461,258.8245,355.5745,0.5187802,0.003877658,-0.8548988,-0.1759777,-0.000426163,-0.1517791,-0.1358784,-0.2333957,-3.515337,0.337842,-0.2122,1.991,-0.1919903,-0.0771521,0.9783596,-0.03105692,0.9968835,0.07251836,-0.9809054,-0.01646201,-0.1937881,moving,3.7528383243809103,-9.968519137715248,9.63047981800876,-6.083596143146296,-2.0031484,-0.25950497,-0.09190000000000031,0.06446856328008627,-0.17274694675158236,0.9828541620599558,4.36338575915965,-8.902228300329506,7.0329553055351175,7.045516035135143,5.973856967008072
2032,05/05/2023 15:32:20.561087,2215,True,True,True,True,Eyes,1.950914,0.01781155,-3.363096,-0.9710992,-0.1933622,-0.1399193,0.0,0.0,0.0,0.0,0.0,0.0,0.0,3.697598,0.2770368,1.206588,1.858938,0.02576838,-3.42761,0.03632118,-0.7676931,-0.01379614,0.6396387,1.448733,259.5486,355.7884,0.5170887,0.003948067,-0.8559225,-0.1654191,-0.0004005932,-0.1426723,-0.1431807,-0.2439475,-3.498221,0.3336567,-0.2121999,1.991,-0.1790861,-0.07341614,0.9810903,-0.03811795,0.9969808,0.06764728,-0.9830948,-0.02528247,-0.1813439,moving,2.954405534075018,-9.522862634731121,9.513368188910668,-6.08359329772918,-2.0021187,-0.26971588,-0.07061099999999998,0.05083284922282838,-0.16522726267209803,0.984944658471604,3.5584220402154916,-8.482450786209943,7.385198895013026,7.405981682395015,6.419961127911894
2033,05/05/2023 15:32:20.576710,2216,True,True,True,True,Eyes,1.950914,0.01781155,-3.363096,-0.9710992,-0.1933622,-0.1399193,0.0,0.0,0.0,0.0,0.0,0.0,0.0,3.684927,0.2701553,1.244646,1.850824,0.0258126,-3.431414,0.03745438,-0.7635547,-0.008528371,0.6445996,2.020806,260.2737,356.0874,0.5155647,0.00401142,-0.8568408,-0.1554939,-0.0003765576,-0.134112,-0.1493157,-0.2603155,-3.479796,0.3294548,-0.2121999,1.991,-0.166177,-0.0681917,0.9837351,-0.04620216,0.9970489,0.0613099,-0.9850129,-0.03526239,-0.1688371,moving,2.1420501374821037,-9.010175274259504,9.395711302481201,-6.08359329772918,-2.0001397,-0.2861281,-0.0483819999999997,0.036916538493308504,-0.156503115956524,0.9869873104673335,2.7394884824640595,-7.997625411733782,7.791867936990869,7.821795341350233,6.925952726026787
2034,05/05/2023 15:32:20.596445,2217,True,True,True,True,Eyes,1.94593,0.01817519,-3.366569,-0.9719802,-0.1923679,-0.1350894,0.0,0.0,0.0,0.0,0.0,0.0,0.0,3.671372,0.2646052,1.282993,1.842666,0.02679498,-3.434956,0.03887222,-0.7593164,-0.00321663,0.6495516,2.614405,261.0074,356.3721,0.5141918,0.00406843,-0.8576652,-0.1461643,-0.0003539642,-0.1260653,-0.154563,-0.2781404,-3.460728,0.3251388,-0.2122,1.990999,-0.1531438,-0.06321137,0.9861803,-0.0548539,0.9969572,0.0553839,-0.9866805,-0.04561415,-0.1561452,moving,1.609677537346164,-8.395413114768674,9.27478080025765,-6.0835991757822026,-1.997229,-0.30493538000000003,-0.025771999999999906,0.027789695112890644,-0.14594744747508814,0.9889019868297609,2.2031184621954507,-7.408328179404455,7.970024725072865,8.006140875577225,7.194672692805792
2035,05/05/2023 15:32:20.616636,2218,True,True,True,True,Eyes,1.940827,0.01851623,-3.370024,-0.9728406,-0.1915586,-0.1299478,0.0,0.0,0.0,0.0,0.0,0.0,0.0,3.656806,0.2542446,1.323031,1.834304,0.02753311,-3.438292,0.03833892,-0.7549939,-0.001048211,0.6546093,2.786317,261.7704,356.5984,0.5128211,0.004129039,-0.8584852,-0.1373944,-0.0003327263,-0.1185014,-0.1593024,-0.2958552,-3.441227,0.3207996,-0.2122,1.991,-0.1400336,-0.05926364,0.9883716,-0.05651896,0.997058,0.05177681,-0.9885323,-0.04861124,-0.1429711,moving,1.1084136170398948,-8.207909197857044,9.153106975731866,-6.083596143146296,-1.9936064,-0.32338831,-0.00293499999999991,0.019146180791508927,-0.14273939016829237,0.9895750861974262,1.6976505687330805,-7.234686017030137,8.279819770156008,8.320444530780625,7.5437946773767095
2036,05/05/2023 15:32:20.627532,2219,True,True,True,True,Eyes,1.940827,0.01851623,-3.370024,-0.9728406,-0.1915586,-0.1299478,0.0,0.0,0.0,0.0,0.0,0.0,0.0,3.642688,0.2482429,1.35992,1.826466,0.02740495,-3.441432,0.03835722,-0.7509164,0.001341806,0.6592811,3.014664,262.4799,356.7947,0.5114508,0.004192291,-0.8593019,-0.1291508,-0.0003127627,-0.1113913,-0.1661615,-0.2995718,-3.421326,0.3162858,-0.2121999,1.991,-0.1277543,-0.05583686,0.9902328,-0.05937537,0.9970539,0.0485612,-0.9900269,-0.05259154,-0.1306932,moving,0.36465427921907456,-8.021498202497693,9.026453624243926,-6.08359329772918,-1.9926275,-0.32697675,0.020105999999999735,0.0063021067521972784,-0.13954188014341629,0.9901960957828932,0.9475502604950259,-7.066469786941938,8.828810886569642,8.875936193630439,8.138471954478954
2037,05/05/2023 15:32:20.646723,2220,True,True,True,True,Eyes,1.940827,0.01851623,-3.370024,-0.9728406,-0.1915586,-0.1299478,0.0,0.0,0.0,0.0,0.0,0.0,0.0,3.629222,0.2463272,1.3927,1.818523,0.02778576,-3.444379,0.03883281,-0.7471412,0.00329008,0.663522,3.236018,263.1283,356.919,0.5102164,0.004249212,-0.8600352,-0.1214017,-0.000293997,-0.1047078,-0.1719246,-0.306295,-3.403095,0.311898,-0.2122,1.990999,-0.1164613,-0.05366109,0.9917446,-0.06239324,0.9969624,0.04661653,-0.9912336,-0.05644915,-0.1194556,moving,-0.30638432105947755,-7.835977414025746,8.903254793840897,-6.0835991757822026,-1.9904476,-0.33408076,0.0412840000000001,-0.005297459351980338,-0.13633574461155076,0.9906485060972878,0.2708101733678572,-6.8978128773044824,9.322325826638846,9.37487504538447,8.670757987470331
2038,05/05/2023 15:32:20.661156,2221,True,True,True,True,Eyes,1.934907,0.01885279,-3.373401,-0.9738759,-0.1902173,-0.1240292,0.0,0.0,0.0,0.0,0.0,0.0,0.0,3.616072,0.2420752,1.423463,1.810067,0.0281917,-3.447271,0.0378106,-0.7435914,0.002074035,0.6675612,3.07059,263.7497,356.931,0.5091049,0.004300417,-0.8606934,-0.1141176,-0.0002763571,-0.09842532,-0.177584,-0.312656,-3.387231,0.3074135,-0.2121999,1.991,-0.1058649,-0.05346218,0.9929425,-0.05900036,0.9971321,0.04739732,-0.9926288,-0.05356625,-0.1087156,moving,-0.5718664089695714,-7.937808577590582,8.777246147191605,-6.08359329772918,-1.987651,-0.3408477,0.060040000000000315,-0.009885165645500793,-0.13809139930992592,0.9903702243148913,0.0028753328227654196,-7.00178660308049,9.476786348137116,9.531212928680276,8.822282138655487
2039,05/05/2023 15:32:20.676695,2222,True,True,True,True,Eyes,1.928883,0.01916271,-3.37674,-0.9748925,-0.188871,-0.1179506,0.0,0.0,0.0,0.0,0.0,0.0,0.0,3.602866,0.240976,1.452782,1.801735,0.02797227,-3.449965,0.03682693,-0.7401556,-1.436153e-05,0.6714266,2.833394,264.3476,356.87,0.5079525,0.004355179,-0.8613738,-0.1072706,-0.0002597757,-0.0925198,-0.1858478,-0.3062665,-3.372599,0.3033238,-0.2122,1.991,-0.09566046,-0.0545346,0.9939191,-0.05449603,0.9972876,0.04947442,-0.9939212,-0.0494319,-0.09837294,moving,-0.7914446348759899,-8.110326645988676,8.662260199768568,-6.083596143146296,-1.9875828000000002,-0.33423877,0.07736600000000005,-0.01367474833685317,-0.1410664730273064,0.9899056705985525,-0.21883085164447924,-7.173794555497087,9.612321030007832,9.668514448028384,8.947754513942652
2040,05/05/2023 15:32:20.696363,2223,True,True,True,True,Eyes,1.928883,0.01916271,-3.37674,-0.9748925,-0.188871,-0.1179506,0.0,0.0,0.0,0.0,0.0,0.0,0.0,3.589421,0.2432208,1.480811,1.793242,0.02762357,-3.452451,0.03663616,-0.7367401,-0.001187734,0.6751819,2.73531,264.9309,356.8098,0.5067621,0.004412433,-0.8620744,-0.1008343,-0.0002441891,-0.08696862,-0.1942012,-0.2983771,-3.359137,0.299005,-0.2121999,1.991001,-0.08557476,-0.05558654,0.9947799,-0.05237878,0.9973128,0.05122225,-0.994954,-0.04772204,-0.08825631,moving,-1.3554284781897865,-8.243524658748003,8.540752293484557,-6.083590265097683,-1.9874432,-0.32600067,0.0933139999999999,-0.02341021007523697,-0.1433414791141851,0.9893963652991663,-0.7879317676586977,-7.313692896207844,10.067702283376791,10.12915151681179,9.409436688542643
2041,05/05/2023 15:32:20.706208,2224,True,True,True,True,Eyes,1.928883,0.01916271,-3.37674,-0.9748925,-0.188871,-0.1179506,0.0,0.0,0.0,0.0,0.0,0.0,0.0,3.575988,0.2451838,1.507861,1.784713,0.02703559,-3.454782,0.03646256,-0.7333807,-0.002144686,0.6788363,2.657098,265.5012,356.7637,0.5056897,0.004463965,-0.8627036,-0.09478427,-0.0002295378,-0.0817505,-0.2018074,-0.2953971,-3.345965,0.2946111,-0.2121999,1.991,-0.0757035,-0.05639366,0.9955344,-0.05057009,0.9973318,0.05264996,-0.9958472,-0.04635848,-0.07835334,moving,-1.9096439580273357,-8.35788128753559,8.417060535354333,-6.08359329772918,-1.9865204,-0.32243269,0.10881699999999972,-0.032969877938829384,-0.1452767406191651,0.9888415651768392,-1.3471570946691223,-7.435061178046881,10.507310360814717,10.574176637176384,9.857302438192269
2042,05/05/2023 15:32:20.726333,2225,True,True,True,True,Eyes,1.922058,0.01939124,-3.380149,-0.9759436,-0.187561,-0.1111531,0.0,0.0,0.0,0.0,0.0,0.0,0.0,3.56265,0.2509539,1.533151,1.776061,0.02645196,-3.457009,0.03713032,-0.730094,-0.002237337,0.6823338,2.717044,266.0487,356.7131,0.504724,0.004510333,-0.8632687,-0.08909722,-0.0002157655,-0.07684547,-0.2092705,-0.293273,-3.332881,0.2903716,-0.2121999,1.991,-0.06608418,-0.05727046,0.9961693,-0.05116401,0.9972327,0.05393747,-0.9965016,-0.04740361,-0.06883148,moving,-2.0550822628375647,-8.23272875794641,8.29763620767461,-6.08359329772918,-1.9853314999999998,-0.31972496,0.12412800000000024,-0.03549117598093682,-0.1431040846857573,0.989071103670162,-1.4937355809069668,-7.315759262073541,10.506363817699828,10.573436667235828,9.868596377698292
2043,05/05/2023 15:32:20.746476,2226,True,True,True,True,Eyes,1.915145,0.01958217,-3.383497,-0.9769434,-0.1863123,-0.1042558,0.0,0.0,0.0,0.0,0.0,0.0,0.0,3.549125,0.2547324,1.558167,1.767355,0.02598121,-3.459024,0.03744717,-0.7268246,-0.002600093,0.6857966,2.727316,266.5935,356.6711,0.5036846,0.004558026,-0.8638754,-0.08375138,-0.0002028196,-0.07223474,-0.2160197,-0.2959234,-3.320545,0.2860484,-0.2121999,1.991001,-0.05656167,-0.05800132,0.9967129,-0.05086878,0.9971819,0.05514191,-0.9971024,-0.04758266,-0.05935276,moving,-2.191292815646291,-8.160231886061007,8.175775237590624,-6.083590265097683,-1.9833747,-0.32190461,0.1384789999999998,-0.037849368718936904,-0.14184019997838074,0.9891656760756311,-1.6310642644284397,-7.247586010532545,10.505632545976543,10.573009999161195,9.875676539546644
2044,05/05/2023 15:32:20.761656,2227,True,True,True,True,Eyes,1.908151,0.01973198,-3.38682,-0.9778883,-0.1850882,-0.09734903,0.0,0.0,0.0,0.0,0.0,0.0,0.0,3.53589,0.2555633,1.582187,1.758381,0.02527246,-3.461012,0.0374449,-0.7236144,-0.002647043,0.6891831,2.738744,267.1285,356.6804,0.5025784,0.004605911,-0.8645191,-0.0787263,-0.0001906504,-0.06790066,-0.2230148,-0.2966959,-3.308136,0.2816859,-0.2121999,1.991,-0.0472495,-0.05783993,0.9972072,-0.05054274,0.9971817,0.05544365,-0.9976037,-0.0477819,-0.05003972,moving,-2.325113154359458,-8.085595260604277,8.05273909981727,-6.08359329772918,-1.9813958,-0.32196836,0.152876,-0.04016709502377014,-0.1405388159816798,0.9892600509359963,-1.7659792755445862,-7.177285325536301,10.501588848241349,10.569192460584524,9.879442939070877
2045,05/05/2023 15:32:20.776849,2228,True,True,True,True,Eyes,1.901078,0.01982505,-3.39007,-0.9787671,-0.1839722,-0.09038302,0.0,0.0,0.0,0.0,0.0,0.0,0.0,3.523055,0.2548294,1.604619,1.749466,0.02437652,-3.46272,0.03733552,-0.7205427,-0.002328997,0.6924008,2.771102,267.6388,356.7269,0.5014102,0.004652937,-0.8651969,0.0,0.0,0.0,-0.2302216,-0.2974983,-3.295947,0.2772333,-0.2121999,1.991,-0.03837451,-0.05702887,0.9976348,-0.05057847,0.9972013,0.05505856,-0.9979826,-0.048346,-0.04115156,moving,-2.4375456978206893,-7.993023476451868,7.927080590091951,-6.08359329772918,-1.9796875999999999,-0.32187482,0.16677300000000006,-0.04211791811519955,-0.138929125725883,0.9894062238121677,-1.8792979474718694,-7.089128408479846,10.471570244067548,10.539041782605604,9.857796958800924
2046,05/05/2023 15:32:20.796389,2229,True,True,True,True,Eyes,1.893925,0.01987369,-3.393256,-0.9795171,-0.183309,-0.08333087,0.0,0.0,0.0,0.0,0.0,0.0,0.0,3.511092,0.2536765,1.62451,1.74052,0.02312886,-3.464275,0.03735511,-0.7176801,-0.001349666,0.6953691,2.866783,268.1111,356.8147,0.5001854,0.004697737,-0.8659053,0.0,0.0,0.0,-0.237258,-0.2990507,-3.284061,0.2729201,-0.2121999,1.991,-0.03013295,-0.05549507,0.9980043,-0.05174101,0.9972056,0.05388844,-0.9982059,-0.05001393,-0.03292022,moving,-2.515376063189112,-7.858982676662155,7.805282903439189,-6.08359329772918,-1.977778,-0.32217956000000003,0.18021400000000032,-0.04347606682563632,-0.13660612820858703,0.9896709402208388,-1.9576630435045563,-6.959952041245952,10.40548452274441,10.472249469539635,9.802199661825075
2047,05/05/2023 15:32:20.806751,2230,True,True,True,True,Eyes,1.886684,0.019903,-3.396364,-0.9801943,-0.1827639,-0.07626667,0.0,0.0,0.0,0.0,0.0,0.0,0.0,3.499817,0.2540515,1.641908,1.731506,0.02155897,-3.465624,0.03775853,-0.7150061,0.0002543369,0.6980979,3.042805,268.5471,356.9208,0.4989084,0.004739405,-0.8666415,0.0,0.0,0.0,-0.2440165,-0.3029523,-3.273361,0.2684287,-0.2121999,1.991,-0.02246739,-0.05364004,0.9983076,-0.05435024,0.9971485,0.05235458,-0.9982691,-0.05308199,-0.02531865,moving,-2.5624722830135607,-7.648336578211746,7.678377670933681,-6.08359329772918,-1.9755225,-0.32451127,0.19226300000000007,-0.04431171179654536,-0.13296184258096183,0.9901301603646485,-2.0049371456126774,-6.755597702673785,10.294412123053766,10.35970218264389,9.706604749170081
2048,05/05/2023 15:32:20.826598,2231,True,True,True,True,Eyes,1.703619,0.01906757,-3.472547,-0.9790133,-0.1767931,0.1013764,0.0,0.0,0.0,0.0,0.0,0.0,0.0,3.489456,0.2568949,1.656378,1.722135,0.02117241,-3.466942,0.03855246,-0.7125545,0.001536286,0.7005552,3.222043,268.9417,356.9692,0.4975831,0.004777776,-0.8674029,0.0,0.0,0.0,-0.2504513,-0.3098947,-3.263374,0.2642154,-0.2122,1.991,-0.01547234,-0.05278894,0.9984859,-0.05709396,0.9970227,0.05182687,-0.998249,-0.05620562,-0.01844024,moving,7.269961595046561,-6.663463821019053,7.559261237628392,-6.083596143146296,-1.9725863,-0.33106711,0.20356799999999975,0.12570329712914796,-0.11511697030436789,0.9853663179245901,7.91520316997668,-5.619346216209231,0.646695573255098,0.6480283998711159,0.5849979947528906
2049,05/05/2023 15:32:20.845470,2232,True,True,True,True,Eyes,1.703233,0.01901893,-3.472585,-0.9789876,-0.1768244,0.1015698,0.0,0.0,0.0,0.0,0.0,0.0,0.0,3.480987,0.2547857,1.66726,1.712922,0.02022419,-3.468059,0.03835455,-0.7105337,0.002113669,0.702614,3.261924,269.2735,357.0412,0.4910559,0.004790094,-0.8711146,-0.5491955,-0.00250629,-0.2285478,-0.2572755,-0.3159893,-3.255745,0.2593011,-0.2121999,1.991,-0.009725194,-0.05153421,0.998624,-0.05747459,0.9970489,0.05089321,-0.9982997,-0.05690055,-0.01265843,moving,6.941927889626276,-6.644199551268817,7.420243446395795,-6.08359329772918,-1.9701975,-0.33621348999999995,0.21231399999999967,0.12006328603087091,-0.11486646142791668,0.9860986345430454,7.584301988400588,-5.6064795449470965,0.7367979189916325,0.7369295375783784,0.5045321974845025
2050,05/05/2023 15:32:20.856351,2233,True,True,True,True,Eyes,1.702484,0.01893016,-3.472612,-0.9789392,-0.1769246,0.1018611,0.0,0.0,0.0,0.0,0.0,0.0,0.0,3.474031,0.2534052,1.674175,1.703305,0.01902238,-3.469057,0.0382627,-0.7088544,0.002778672,0.7043109,3.315667,269.5479,357.1102,0.4855378,0.004801342,-0.8742023,-0.5162438,-0.002355912,-0.214835,-0.2649813,-0.3178049,-3.248924,0.2554884,-0.2121999,1.991001,-0.004964583,-0.05033127,0.9987203,-0.05815947,0.9970564,0.04995832,-0.998295,-0.05783701,-0.007877206,moving,6.676214852231812,-6.612336470728698,7.312323905711492,-6.083590265097683,-1.9682863,-0.33682728,0.2201329999999997,0.11549542869788809,-0.11438044095772106,0.986700499519088,7.316284531476448,-5.580218882291811,0.8272155128031289,0.827168228287335,0.5033869640588109
2051,05/05/2023 15:32:20.876519,2234,True,True,True,True,Eyes,1.701366,0.01879495,-3.472661,-0.9788929,-0.1769469,0.1022667,0.0,0.0,0.0,0.0,0.0,0.0,0.0,3.468627,0.2516209,1.677761,1.693804,0.01805934,-3.469909,0.03792622,-0.7075434,0.00277936,0.7056462,3.293916,269.764,357.1438,0.4808525,0.004810368,-0.876788,-0.4852692,-0.002214557,-0.2019449,-0.2732064,-0.3203522,-3.244412,0.251251,-0.2121999,1.991,-0.001250646,-0.0497464,0.9987611,-0.05759138,0.9971077,0.04959194,-0.9983395,-0.05745801,-0.004112003,moving,6.4834080386910875,-6.645039557124762,7.192329580887652,-6.08359329772918,-1.9670104000000002,-0.33841153999999996,0.22549699999999984,0.11216650719825155,-0.11498774646325594,0.9870139238355033,7.121742798681864,-5.615544280707682,0.9043135446051994,0.9043183373014432,0.47334171182873536
2052,05/05/2023 15:32:20.896627,2235,True,True,True,True,Eyes,1.701366,0.01879495,-3.472661,-0.9788929,-0.1769469,0.1022667,0.0,0.0,0.0,0.0,0.0,0.0,0.0,3.463997,0.2488448,1.679008,1.683882,0.01679293,-3.470523,0.03719574,-0.7064545,0.002131271,0.7067772,3.186686,269.9471,357.1559,0.4768079,0.004815815,-0.878994,-0.456153,-0.002081684,-0.1898282,-0.2819781,-0.320218,-3.241827,0.2470987,-0.2121999,1.991,0.001835015,-0.04954153,0.9987703,-0.05556687,0.9972239,0.04956691,-0.9984533,-0.05558949,-0.000922915,moving,6.307553145904204,-6.759111095102563,7.074679979966961,-6.08359329772918,-1.9658601,-0.33701093,0.22869600000000023,0.10911087185918444,-0.116992622169071,0.9871208320256663,6.944210774091351,-5.729830056337389,1.0222074317806078,1.0221584388475868,0.37705522757527005
2053,05/05/2023 15:32:20.906739,2236,True,True,True,True,Eyes,1.701366,0.01879495,-3.472661,-0.9788929,-0.1769469,0.1022667,0.0,0.0,0.0,0.0,0.0,0.0,0.0,3.460422,0.2482206,1.677612,1.674007,0.01572435,-3.471018,0.03688367,-0.7056085,0.001747963,0.7076393,3.133775,270.0868,357.154,0.4731591,0.004820631,-0.8809635,-0.4287839,-0.001956783,-0.1784385,-0.2918016,-0.3175229,-3.240427,0.2427503,-0.2122,1.991,0.004227275,-0.04957701,0.9987615,-0.05452472,0.9972731,0.04973391,-0.9985036,-0.05466742,0.001512611,moving,6.172699901062566,-6.81609438830114,6.951409865417388,-6.083596143146296,-1.9658086,-0.33324725,0.230591,0.1067743792974784,-0.11800440991986902,0.9872558858695204,6.808105725400519,-5.787765781412239,1.0691506448402825,1.0690850703945014,0.32871215290840305
2054,05/05/2023 15:32:20.926429,2237,True,True,True,True,Eyes,1.701366,0.01879495,-3.472661,-0.9788929,-0.1769469,0.1022667,0.0,0.0,0.0,0.0,0.0,0.0,0.0,3.457743,0.2458328,1.673841,1.663882,0.0146902,-3.471231,0.03623065,-0.7050027,0.001051749,0.7082779,3.026952,270.1903,357.1532,0.4698682,0.004824893,-0.8827231,-0.4030568,-0.001839376,-0.1677322,-0.3014352,-0.3165537,-3.240561,0.238294,-0.2122,1.991,0.005940291,-0.04959556,0.9987517,-0.05257528,0.9973725,0.04983977,-0.9985994,-0.05280571,0.003317159,moving,6.076937615345809,-6.9259995537872525,6.825013836154549,-6.083596143146296,-1.9653172,-0.3312439,0.23066999999999993,0.10509987358111467,-0.11991946513837895,0.9872048072578805,6.71137640605778,-5.896552417091851,1.1266448975805632,1.1266150799625414,0.21885799271520442
2055,05/05/2023 15:32:20.946576,2238,True,True,True,True,Eyes,1.701366,0.01879495,-3.472661,-0.9788929,-0.1769469,0.1022667,0.0,0.0,0.0,0.0,0.0,0.0,0.0,3.455187,0.2416422,1.669827,1.653834,0.01348622,-3.471265,0.03527823,-0.7044458,0.0002848098,0.7088805,2.889928,270.2882,357.1706,0.4669008,0.004828672,-0.8842961,-0.3788734,-0.001729014,-0.1576682,-0.311783,-0.3136904,-3.241562,0.2339333,-0.2121999,1.991,0.007512194,-0.0492994,0.9987559,-0.05010699,0.9975107,0.04961484,-0.9987157,-0.05041737,0.005023212,moving,5.9864477878689915,-7.06781570189613,6.701264698074086,-6.08359329772918,-1.965617,-0.32717662,0.22970299999999977,0.10350924594282074,-0.12238311006056772,0.9870705159182707,6.619930091321438,-6.036330381969191,1.2161947337253651,1.216411507664791,0.09406966281295846
2056,05/05/2023 15:32:20.958769,2239,True,True,True,True,Eyes,1.698264,0.01844713,-3.472706,-0.9789358,-0.1763644,0.1028603,0.0,0.0,0.0,0.0,0.0,0.0,0.0,3.451444,0.2395979,1.66726,1.643639,0.01230342,-3.471013,0.03477905,-0.7036909,-3.246229e-05,0.7096545,2.826776,270.4141,357.1883,0.4642257,0.004832027,-0.8857034,-0.356141,-0.001625273,-0.1482082,-0.3222504,-0.3098896,-3.242397,0.2296809,-0.2122,1.991,0.009638051,-0.04899348,0.9987526,-0.04890133,0.9975808,0.0494079,-0.9987571,-0.04931653,0.007218855,moving,5.895665145591377,-7.101553307818766,6.580528400345727,-6.083596143146296,-1.9658894,-0.32219302,0.22861600000000015,0.10193750967781495,-0.12298437119819297,0.9871593245199891,6.52830993979084,-6.070828663439798,1.226560691754818,1.226896273863743,0.05375663829498799
2057,05/05/2023 15:32:20.976428,2240,True,True,True,True,Eyes,1.694873,0.01807075,-3.472723,-0.9789788,-0.1757085,0.1035715,0.0,0.0,0.0,0.0,0.0,0.0,0.0,3.446436,0.2345124,1.666994,1.63317,0.01126543,-3.470506,0.03379504,-0.7026997,-0.0005780525,0.7106833,2.706671,270.5818,357.2274,0.4617502,0.004826187,-0.8869965,-0.3347725,-0.001527756,-0.1393157,-0.3323373,-0.3086125,-3.242068,0.2253379,-0.2122,1.991,0.01242559,-0.04831716,0.9987549,-0.04667391,0.9977151,0.04884754,-0.9988331,-0.04722275,0.01014208,moving,5.7708904864527035,-7.19112794807644,6.457159130552567,-6.083596143146296,-1.9655073,-0.31987793000000003,0.2284379999999997,0.09976780972844373,-0.12455505514495216,0.987184099250878,6.402335587719644,-6.160332058413584,1.3024286554952735,1.3029164788298937,0.09430812022653023
2058,05/05/2023 15:32:20.996352,2241,True,True,True,True,Eyes,1.691199,0.01767015,-3.472693,-0.9790199,-0.1749575,0.1044505,0.0,0.0,0.0,0.0,0.0,0.0,0.0,3.440491,0.2283871,1.668835,1.622862,0.01018428,-3.469923,0.03264046,-0.7015119,-0.001160681,0.711909,2.570327,270.7818,357.2777,0.4594489,0.004811348,-0.8881908,-0.3146862,-0.001436091,-0.1309567,-0.3428578,-0.305142,-3.240084,0.22087,-0.2121999,1.991,0.01575946,-0.04744794,0.9987494,-0.04414275,0.9978665,0.04810254,-0.9989009,-0.04484561,0.01363137,moving,5.6227170305698335,-7.293049358303816,6.330179126238016,-6.08359329772918,-1.9657198,-0.31532628,0.22983900000000013,0.09719235203142657,-0.12634327633175363,0.9872137669141714,6.2527424684712445,-6.262283911973212,1.400584842186961,1.4011732866665474,0.19474796939890682
2059,05/05/2023 15:32:21.006297,2242,True,True,True,True,Eyes,1.687256,0.0172857,-3.472625,-0.9790474,-0.1742221,0.1054178,0.0,0.0,0.0,0.0,0.0,0.0,0.0,3.434018,0.2256485,1.6707,1.612412,0.009224018,-3.469103,0.03209444,-0.7002639,-0.00139588,0.7131609,2.511622,270.9865,357.3069,0.4572995,0.004787801,-0.8892995,-0.295805,-0.001349925,-0.1230993,-0.3531776,-0.3011047,-3.237148,0.2161122,-0.2121999,1.991,0.01925695,-0.04694013,0.9987121,-0.04295819,0.997936,0.04773197,-0.9988913,-0.04382203,0.01720075,moving,5.47296052502311,-7.316126054069014,6.194891365018038,-6.08359329772918,-1.9655896,-0.310328718,0.23195500000000013,0.09460647766230712,-0.12677261021034716,0.9874099370660583,6.10164103431401,-6.287457484490619,1.427891024331661,1.4283981003860415,0.2241790151203133
2060,05/05/2023 15:32:21.026368,2243,True,True,True,True,Eyes,1.683033,0.01691818,-3.472524,-0.9790352,-0.1735649,0.1066085,0.0,0.0,0.0,0.0,0.0,0.0,0.0,3.427749,0.2272431,1.67144,1.602017,0.009220736,-3.468179,0.03219514,-0.6991045,-0.001880594,0.7142919,2.485353,271.1719,357.2632,0.4552816,0.004756847,-0.8903345,-0.2780567,-0.00126893,-0.1157134,-0.3631775,-0.29975,-3.233023,0.212236,-0.2122,1.991,0.0224987,-0.04770212,0.9986082,-0.04232894,0.9979199,0.04862291,-0.9988504,-0.04336398,0.0204327,moving,5.362930589712653,-7.303561091362571,6.084620491350919,-6.083596143146296,-1.9651945,-0.308970736,0.23515599999999992,0.09271241198789992,-0.1265787199579803,0.987614452071498,5.990656146976147,-6.277196177858725,1.4170253081864066,1.4174451626087654,0.21519821433839686
2061,05/05/2023 15:32:21.046673,2244,True,True,True,True,Eyes,1.678557,0.01653138,-3.472385,-0.9790533,-0.1726625,0.1079,0.0,0.0,0.0,0.0,0.0,0.0,0.0,3.420689,0.2268323,1.67329,1.591094,0.009203974,-3.467102,0.03124284,-0.6978435,-0.004534485,0.7155543,2.199734,271.3806,357.1265,0.4533767,0.004719676,-0.8913062,-0.2613733,-0.001192794,-0.1087706,-0.3730345,-0.2987922,-3.230218,0.2078866,-0.2122,1.991,0.02598794,-0.05009456,0.9984064,-0.03711588,0.9980067,0.05104061,-0.998973,-0.03838317,0.02407679,moving,5.262444749693827,-7.528273269778567,5.960834082394093,-6.083596143146296,-1.9641285,-0.307996174,0.23688400000000032,0.09093389977613359,-0.1304726177808384,0.9872730296265868,5.8890325462931905,-6.497907270513586,1.6036594926861039,1.604630692790088,0.42048682600862114
2062,05/05/2023 15:32:21.056892,2245,True,True,True,True,Eyes,1.673847,0.01617204,-3.472143,-0.97903,-0.1719257,0.1092795,0.0,0.0,0.0,0.0,0.0,0.0,0.0,3.412987,0.2255583,1.677158,1.580582,0.008276651,-3.466109,0.02966885,-0.6964369,-0.008215909,0.7169574,1.782122,271.6162,356.9543,0.451569,0.004676421,-0.8922237,-0.2456909,-0.001121226,-0.1022443,-0.3846981,-0.289185,-3.226883,0.2034377,-0.2122,1.991,0.02981618,-0.05310588,0.9981437,-0.02954406,0.9981045,0.05398633,-0.9991186,-0.03109888,0.02819071,moving,5.1555731945894925,-7.892843679940155,5.83415805026819,-6.083596143146296,-1.9652801,-0.29746165100000005,0.23922599999999994,0.08901585532911216,-0.13677570756021268,0.9865945366066899,5.780809688733249,-6.854976413895284,1.9303206686826893,1.9323183111876587,0.7732228461312076
2063,05/05/2023 15:32:21.076432,2246,True,True,True,True,Eyes,1.66889,0.01587692,-3.471858,-0.9790308,-0.1709494,0.1107927,0.0,0.0,0.0,0.0,0.0,0.0,0.0,3.405016,0.2367787,1.679642,1.570199,0.008701972,-3.464937,0.03111693,-0.6950142,-0.008849554,0.718268,1.856678,271.8333,356.79,0.4498447,0.004628416,-0.8930946,-0.2309495,-0.001053953,-0.09610967,-0.3964508,-0.2760249,-3.222471,0.1993361,-0.2122,1.991,0.03375399,-0.05596612,0.997862,-0.03054072,0.9979068,0.05700172,-0.9989635,-0.03239946,0.03197411,moving,5.041302550137121,-7.752159101463064,5.7173201290888285,-6.083596143146296,-1.9666498,-0.284726872,0.24246599999999985,0.08707686554051491,-0.1343759110684377,0.9870971386314806,5.6656908397344115,-6.719983370490001,1.7988524213577226,1.800306116447571,0.6384781019310306
2064,05/05/2023 15:32:21.096679,2247,True,True,True,True,Eyes,1.663712,0.01563099,-3.471557,-0.9790071,-0.1699811,0.1124791,0.0,0.0,0.0,0.0,0.0,0.0,0.0,3.395758,0.2316317,1.686311,1.559311,0.009876939,-3.463657,0.02937562,-0.693263,-0.0123053,0.7199807,1.446193,272.1238,356.6481,0.4481903,0.004577796,-0.8939261,-0.2170925,-0.0009907157,-0.09034309,-0.4056735,-0.2784751,-3.218781,0.1950093,-0.2122,1.991,0.03846999,-0.05844922,0.9975489,-0.02301091,0.9979713,0.05936137,-0.9989948,-0.02523814,0.03704692,moving,4.894520637639634,-8.10197064393525,5.594015463585839,-6.083596143146296,-1.9649845,-0.28835203899999995,0.2448760000000001,0.08447613664809794,-0.14043151186320757,0.9864800033235628,5.5172227154499724,-7.063392914970791,2.1340276370614695,2.136148084042998,0.9828015263744562
2065,05/05/2023 15:32:21.106385,2248,True,True,True,True,Eyes,1.658322,0.01544885,-3.471213,-0.9789788,-0.1689111,0.114323,0.0,0.0,0.0,0.0,0.0,0.0,0.0,3.386396,0.2235009,1.693854,1.54891,0.01072921,-3.462301,0.02734582,-0.6914558,-0.0152675,0.7217396,1.051982,272.4237,356.5679,0.4465949,0.004526122,-0.8947245,-0.2040669,-0.0009312727,-0.0849225,-0.4174798,-0.2632713,-3.212544,0.1904159,-0.2121999,1.991001,0.04331142,-0.05985517,0.9972671,-0.01577854,0.9980382,0.06058673,-0.9989371,-0.01835952,0.04228197,moving,4.73844805105815,-8.435564756151273,5.463053649975979,-6.083590265097683,-1.9663898,-0.27400051,0.24975700000000023,0.0817195977306277,-0.14620642939660744,0.9858731085852223,5.35940032976346,-7.391171306104546,2.458409742408107,2.4610642577043484,1.3116829607766007
2066,05/05/2023 15:32:21.126267,2249,True,True,True,True,Eyes,1.652714,0.01536737,-3.470813,-0.9789478,-0.167704,0.1163462,0.0,0.0,0.0,0.0,0.0,0.0,0.0,3.375732,0.2200008,1.703382,1.538473,0.01203905,-3.460988,0.02641662,-0.6893633,-0.01715005,0.7237308,0.8360789,272.7608,356.4883,0.4450482,0.004475155,-0.8954951,-0.1918229,-0.0008753964,-0.07982715,-0.4285593,-0.2487557,-3.205242,0.1862409,-0.2121999,1.991,0.0489681,-0.06124535,0.9969208,-0.01159726,0.9980161,0.06188228,-0.998733,-0.01459181,0.04816064,moving,4.5427944310837995,-8.5850287646582,5.343976262853711,-6.08359329772918,-1.9670323,-0.26079475,0.2557459999999998,0.07832170037065167,-0.14881841045196245,0.9857579099134236,5.1618553952937,-7.540290813265466,2.6243007996694936,2.626608406818305,1.4680380315817438
2067,05/05/2023 15:32:21.146390,2250,True,True,True,True,Eyes,1.646901,0.01534773,-3.470373,-0.9789513,-0.1661038,0.1185915,0.0,0.0,0.0,0.0,0.0,0.0,0.0,3.363962,0.2067282,1.715568,1.527621,0.01434149,-3.459525,0.0237773,-0.6869831,-0.02039186,0.7259979,0.3728161,273.1516,356.4294,0.4435412,0.004427454,-0.8962427,-0.1803136,-0.0008228726,-0.07503752,-0.4386366,-0.239933,-3.196889,0.1819032,-0.2122,1.991,0.05527662,-0.0622781,0.996527,-0.003060326,0.9980376,0.06254226,-0.9984664,-0.006506824,0.05497755,moving,4.31993739890145,-8.963015692818118,5.220206541456926,-6.083596143146296,-1.9662575999999998,-0.25427449,0.2626360000000001,0.07441104881181126,-0.15536496400106548,0.9850506524001967,4.936610433830844,-7.912515676540416,3.014550871265174,3.0168761114884797,1.8507764348757063
2068,05/05/2023 15:32:21.166414,2251,True,True,True,True,Eyes,1.646901,0.01534773,-3.470373,-0.9789513,-0.1661038,0.1185915,0.0,0.0,0.0,0.0,0.0,0.0,0.0,3.351604,0.1843494,1.730071,1.516916,0.01570057,-3.458192,0.01951161,-0.6843669,-0.02425463,0.7284731,359.7267,273.5847,356.4428,0.4420652,0.004384297,-0.8969719,-0.1694947,-0.0007735002,-0.07053527,-0.4498661,-0.2214492,-3.186491,0.1774621,-0.2122,1.991,0.06210722,-0.06204389,0.9961393,0.008631489,0.998062,0.0616255,-0.9980323,0.00477077,0.06252237,moving,3.9336785255216635,-9.631255606252232,5.093435831208562,-6.083596143146296,-1.9667820999999999,-0.23714977,0.27170099999999975,0.0676392293391807,-0.1669234430849194,0.9836470722883577,4.5461980261443635,-8.57042989283068,3.7305065129110937,3.7324153941193674,2.546332914970227
2069,05/05/2023 15:32:21.176914,2252,True,True,True,True,Eyes,1.646901,0.01534773,-3.470373,-0.9789513,-0.1661038,0.1185915,0.0,0.0,0.0,0.0,0.0,0.0,0.0,3.340266,0.1681428,1.74218,1.50673,0.01608196,-3.456927,0.01705287,-0.6819829,-0.02506665,0.7307395,359.469,273.9692,356.5661,0.4407361,0.004345454,-0.8976259,-0.1593251,-0.0007270902,-0.06630316,-0.4612412,-0.1973347,-3.17427,0.1731857,-0.2122,1.991,0.06854184,-0.05989391,0.9958488,0.01337485,0.9981617,0.05911246,-0.9975586,0.009267647,0.06921692,moving,3.547114021011808,-9.915854134688985,4.9713191775583745,-6.083596143146296,-1.9679712,-0.21341666,0.28265699999999994,0.06094851998931311,-0.17188154743975603,0.983230428525891,4.155908780595251,-8.854624506617524,4.08730809054228,4.088344608967868,2.8885103957987743
2070,05/05/2023 15:32:21.196383,2253,True,True,True,True,Eyes,1.640142,0.01534276,-3.469809,-0.978837,-0.1647708,0.1213621,0.0,0.0,0.0,0.0,0.0,0.0,0.0,3.330908,0.1599192,1.750495,1.497043,0.01615924,-3.455915,0.01656465,-0.6800217,-0.02331614,0.7326339,359.5738,274.2779,356.7499,0.439539,0.004310487,-0.8982129,-0.1497656,-0.0006834648,-0.06232497,-0.4706701,-0.1873927,-3.16345,0.1689108,-0.2121999,1.991001,0.07405366,-0.05669304,0.9956416,0.01163575,0.998364,0.05598262,-0.9971864,0.007439313,0.07459217,moving,3.355491442881083,-9.751693036606335,4.849197661746278,-6.083590265097683,-1.9677130999999999,-0.20355194,0.292465,0.05768802881795615,-0.16909655696766931,0.983909799814408,3.9627831283270094,-8.698152928220033,3.959986148357856,3.960572712452836,2.7607369748765147
2071,05/05/2023 15:32:21.206311,2254,True,True,True,True,Eyes,1.633291,0.01533271,-3.469225,-0.9786776,-0.1636617,0.1241161,0.0,0.0,0.0,0.0,0.0,0.0,0.0,3.324031,0.1499182,1.75427,1.487457,0.01610746,-3.4549,0.01570735,-0.6785674,-0.02180597,0.7340465,359.6256,274.5081,356.9429,0.4383235,0.004279239,-0.8988068,-0.1407796,-0.0006424569,-0.05858547,-0.4786464,-0.1902045,-3.155557,0.1644413,-0.2121999,1.991,0.07814167,-0.05333019,0.995515,0.0106962,0.9985555,0.0526535,-0.996885,0.006533794,0.0785992,moving,3.2452702920273984,-9.649444605845684,4.721474721679436,-6.08359329772918,-1.9661034000000002,-0.20631196,0.2993429999999999,0.05581194091315966,-0.167358285317661,0.9843150078378864,3.8517062091694214,-8.60052971286422,3.8588822434723604,3.859336091832439,2.6629806952335793
2072,05/05/2023 15:32:21.226266,2255,True,True,True,True,Eyes,1.626334,0.01538184,-3.468599,-0.9784868,-0.1628853,0.1266172,0.0,0.0,0.0,0.0,0.0,0.0,0.0,3.320686,0.1433675,1.751408,1.478384,0.0160307,-3.453847,0.01594833,-0.6778815,-0.01851226,0.7347652,359.9048,274.6141,357.2013,0.4370895,0.004251212,-0.8994077,-0.1323328,-0.0006039094,-0.05507034,-0.4870908,-0.1913222,-3.150072,0.1602287,-0.2121999,1.991001,0.08026798,-0.04882647,0.9955769,0.005582168,0.9988059,0.04853478,-0.9967579,0.001661682,0.08044469,moving,3.222378120069475,-9.33794545008367,4.601045421450693,-6.083590265097683,-1.9654748,-0.2073529,0.3037749999999999,0.055468881879431164,-0.16200754106013215,0.9852292696874493,3.8289627614356725,-8.297493838791235,3.534008704282504,3.5343388629194767,2.3446706948970357
2073,05/05/2023 15:32:21.246346,2256,True,True,True,True,Eyes,1.619261,0.01548446,-3.467951,-0.9783331,-0.1618891,0.1290591,0.0,0.0,0.0,0.0,0.0,0.0,0.0,3.319535,0.135433,1.743784,1.468843,0.01760712,-3.452625,0.01596493,-0.677668,-0.01595483,0.7350215,0.1057097,274.6473,357.4155,0.4358363,0.004227636,-0.9000158,-0.1243929,-0.0005676749,-0.05176612,-0.4948267,-0.2002225,-3.148709,0.1559616,-0.2122,1.991001,0.08102287,-0.04509214,0.9956918,0.001816439,0.9989812,0.0450933,-0.9967106,-0.001844981,0.08102223,moving,3.2820767508666533,-9.087006849183831,4.479018929377775,-6.0835931105134025,-1.9636696999999999,-0.21782962,0.30391599999999963,0.05653550461321566,-0.15768154151604366,0.9858703031994032,3.889469418398103,-8.051967773611185,3.232756084039355,3.233135423135448,2.054767003877004
2074,05/05/2023 15:32:21.266246,2257,True,True,True,True,Eyes,1.612086,0.01559653,-3.467253,-0.9781801,-0.1610209,0.1312867,0.0,0.0,0.0,0.0,0.0,0.0,0.0,3.31877,0.1166872,1.735985,1.458975,0.01893941,-3.451453,0.01301746,-0.6774811,-0.01730745,0.7352213,359.7531,274.6863,357.5305,0.4345642,0.004209486,-0.9006307,-0.1169293,-0.0005336144,-0.04866015,-0.5037179,-0.2048816,-3.150027,0.1515042,-0.2122,1.991001,0.08143945,-0.04308779,0.9957466,0.007811451,0.999062,0.04259238,-0.9966478,0.00430952,0.08169965,moving,3.3703122458622996,-9.392324079768398,4.351506940738009,-6.0835931105134025,-1.9626929,-0.22382101,0.30142599999999975,0.058003679908981975,-0.1629190508204116,0.984933090045462,3.9781386505686944,-8.347806317323903,3.449983325474213,3.4511510624948514,2.2947909111723113
2075,05/05/2023 15:32:21.276341,2258,True,True,True,True,Eyes,1.604816,0.01572715,-3.466533,-0.97802,-0.1602281,0.1334309,0.0,0.0,0.0,0.0,0.0,0.0,0.0,3.318037,0.1064879,1.727321,1.449272,0.01931325,-3.450157,0.01125874,-0.6773768,-0.01830754,0.7353223,359.5276,274.7076,357.5826,0.4332719,0.004196465,-0.9012532,-0.1099135,-0.0005015975,-0.04574054,-0.5150186,-0.1908246,-3.151234,0.1472196,-0.2122,1.991,0.08165101,-0.0421767,0.9957682,0.01167106,0.9990761,0.04135982,-0.9965928,0.008244593,0.08206785,moving,3.474731525797107,-9.571203988816828,4.228899587063261,-6.083596143146296,-1.9642906,-0.21013785000000001,0.2989229999999998,0.059767687652879875,-0.16597593185356813,0.9843169119050973,4.08327641092718,-8.520184602028994,3.565907062167577,3.5682177553810535,2.440936178475038
2076,05/05/2023 15:32:21.286386,2259,True,True,True,True,Eyes,1.420828,0.01914491,-3.448337,-0.9741033,-0.1399235,0.1776068,0.0,0.0,0.0,0.0,0.0,0.0,0.0,3.317238,0.1075503,1.718305,1.439736,0.01989913,-3.448909,0.0116259,-0.6773084,-0.01792349,0.7353889,359.5886,274.7172,357.5865,0.4319594,0.004188561,-0.9018831,-0.1033187,-0.0004715016,-0.04299611,-0.5257422,-0.1823084,-3.153108,0.1430339,-0.2122,1.991001,0.08186398,-0.04211011,0.9957535,0.01061283,0.9990872,0.04137858,-0.996587,0.007180351,0.0822362,moving,5.973415452478614,-8.253214475205091,4.109080666013757,-6.0835931105134025,-1.9654782,-0.20220753000000002,0.295801,0.10300071239916003,-0.14278465231078052,0.9843797014562699,6.605449744961652,-7.19132359050585,2.8293608154122634,2.8605945294902577,2.7311033291751268
2077,05/05/2023 15:32:21.306322,2260,True,True,True,True,Eyes,1.420455,0.01916244,-3.448287,-0.9740698,-0.1400869,0.1776619,0.0,0.0,0.0,0.0,0.0,0.0,0.0,3.316117,0.1073539,1.710187,1.430234,0.02018493,-3.447741,0.01151435,-0.6771477,-0.01825062,0.7355308,359.5543,274.7426,357.5675,0.4253101,0.004317368,-0.9050372,-0.649085,0.009810074,0.01417127,-0.5353698,-0.1836501,-3.155883,0.1386622,-0.2122,1.991001,0.08227608,-0.04244161,0.9957055,0.01125395,0.9990687,0.04165504,-0.9965461,0.007778403,0.0826771,moving,5.956660691701114,-8.29564461241641,3.9839011295069793,-6.0835931105134025,-1.9656038,-0.20383503,0.29185799999999995,0.10270184487176981,-0.14351805455944322,0.9843043048827264,6.588499695766236,-7.232958335031086,2.9315522431720016,2.9639419929040014,2.846923622208781
2078,05/05/2023 15:32:21.326329,2261,True,True,True,True,Eyes,1.420455,0.01916244,-3.448287,-0.9740698,-0.1400869,0.1776619,0.0,0.0,0.0,0.0,0.0,0.0,0.0,3.312641,0.1157946,1.706086,1.42092,0.02066021,-3.44649,0.01321325,-0.6765425,-0.01710624,0.7360862,359.7884,274.8318,357.532,0.4198244,0.004422612,-0.9075943,-0.6101399,0.00922147,0.01332099,-0.5452296,-0.1820294,-3.158273,0.1342733,-0.2122,1.991,0.08399511,-0.04306199,0.9955353,0.007304688,0.9990656,0.04259839,-0.9964394,0.003694018,0.08423117,moving,5.859085263051045,-8.060657116705782,3.858192689548292,-6.083596143146296,-1.9661496,-0.20268961000000002,0.28821699999999995,0.10108400190661532,-0.13950316216178374,0.9850487083594732,6.490329168354956,-7.005799635226824,2.7824944594130767,2.812888405868682,2.789014471792906
2079,05/05/2023 15:32:21.345716,2262,True,True,True,True,Eyes,1.420455,0.01916244,-3.448287,-0.9740698,-0.1400869,0.1776619,0.0,0.0,0.0,0.0,0.0,0.0,0.0,3.307498,0.1284606,1.704973,1.411626,0.02184536,-3.445259,0.01602919,-0.675581,-0.01488264,0.7369614,0.201506,274.9719,357.5014,0.4152978,0.004508377,-0.909674,-0.5735315,0.008668181,0.01252173,-0.5536154,-0.189588,-3.15833,0.130075,-0.2122,1.991,0.08673792,-0.04359389,0.995277,0.0002778334,0.9990432,0.04373465,-0.9962313,-0.003516936,0.08666702,moving,5.699787329836146,-7.648765333352074,3.737906734620185,-6.083596143146296,-1.9652414,-0.21143336000000001,0.2869290000000002,0.09844100763097902,-0.13245350418741642,0.9862887522324948,6.3300914839821525,-6.607419308625447,2.483485373420464,2.5097270895167756,2.644581721845132
2080,05/05/2023 15:32:21.356962,2263,True,True,True,True,Eyes,1.418998,0.01926286,-3.448112,-0.9739826,-0.1403981,0.177894,0.0,0.0,0.0,0.0,0.0,0.0,0.0,3.301101,0.1310708,1.707319,1.402215,0.02254759,-3.444223,0.01667293,-0.6742505,-0.01448507,0.7381725,0.2911706,275.1761,357.4857,0.4115558,0.004578403,-0.9113727,-0.5391196,0.008148091,0.01177043,-0.5610335,-0.2026297,-3.156967,0.1256119,-0.2122,1.991,0.09035312,-0.04386843,0.9949431,-0.001098499,0.9990244,0.04414813,-0.9959092,-0.005081866,0.0902168,moving,5.507876206013582,-7.581488481375544,3.6099977968050707,-6.083596143146296,-1.9632485,-0.22517729,0.2872560000000002,0.09515115586442685,-0.13133751910558966,0.9867607209628999,6.136565778038663,-6.545332921200535,2.3932264566700554,2.4177725106108956,2.568413248681508
2081,05/05/2023 15:32:21.376635,2264,True,True,True,True,Eyes,1.417232,0.01937883,-3.447897,-0.9738456,-0.1408928,0.1782526,0.0,0.0,0.0,0.0,0.0,0.0,0.0,3.295355,0.1368377,1.708802,1.39345,0.02290067,-3.443234,0.0184181,-0.6730597,-0.01219683,0.7392583,0.6195558,275.354,357.5453,0.4084237,0.004638513,-0.9127804,-0.5067724,0.007659205,0.0110642,-0.5694402,-0.2048884,-3.153198,0.1213858,-0.2122,1.991,0.09368394,-0.04282618,0.9946805,-0.006759744,0.9990241,0.04364986,-0.9955791,-0.01081308,0.09330302,moving,5.327541746171587,-7.292293002837015,3.4888478515918937,-6.083596143146296,-1.9628902,-0.22778907,0.29003599999999974,0.09210460509020535,-0.12639164503038774,0.9876952550891642,5.954968291031644,-6.266855810101731,2.1790280055726576,2.2003961771896545,2.4729201619452104
2082,05/05/2023 15:32:21.396687,2265,True,True,True,True,Eyes,1.415177,0.01951036,-3.447631,-0.9737867,-0.1408814,0.1785836,0.0,0.0,0.0,0.0,0.0,0.0,0.0,3.289709,0.1359388,1.709985,1.384242,0.02344257,-3.442097,0.01940761,-0.6718609,-0.009451962,0.7403629,0.9188654,275.5356,357.703,0.4056157,0.004694704,-0.9140314,-0.476366,0.007199653,0.01040035,-0.5763447,-0.2156351,-3.150272,0.1170807,-0.2121999,1.991,0.09702726,-0.04007419,0.9944748,-0.01208266,0.999068,0.04143815,-0.9952085,-0.01603654,0.09645266,moving,5.1303518597600695,-7.011338026661571,3.365401088774272,-6.08359329772918,-1.9605867,-0.23907767,0.2918249999999998,0.08875852826964176,-0.12158399226449546,0.9886048071075948,5.756357655833769,-5.996709345985342,1.9757139759052589,1.9939311688383825,2.3925346657124034
2083,05/05/2023 15:32:21.407940,2266,True,True,True,True,Eyes,1.412841,0.01965207,-3.447328,-0.9736997,-0.1409592,0.178995,0.0,0.0,0.0,0.0,0.0,0.0,0.0,3.285426,0.1258307,1.709262,1.375233,0.02399683,-3.440871,0.01881369,-0.6709371,-0.007415438,0.7412385,1.027958,275.6813,357.9229,0.4030408,0.004748921,-0.9151694,-0.4477841,0.006767674,0.009776328,-0.583745,-0.2249942,-3.147036,0.1124381,-0.2122,1.991,0.09957707,-0.03623882,0.9943697,-0.01425239,0.9991821,0.03784145,-0.9949277,-0.01794028,0.09897912,moving,4.97760998932123,-6.929117499174541,3.232241637496241,-6.083596143146296,-1.9589779999999999,-0.24899103,0.29383500000000007,0.08613742667640195,-0.12019293553765636,0.9890064781598438,5.60236299209517,-5.919361088349128,1.9222388674692477,1.9393857396227607,2.375804787593057
2084,05/05/2023 15:32:21.426688,2267,True,True,True,True,Eyes,1.410221,0.01981176,-3.446995,-0.9736532,-0.1406869,0.1794617,0.0,0.0,0.0,0.0,0.0,0.0,0.0,3.281668,0.1216794,1.707143,1.366161,0.02440887,-3.439693,0.01892718,-0.6701413,-0.005731112,0.7419702,1.16923,275.804,358.0585,0.4006706,0.004801655,-0.9162093,-0.420917,0.006361614,0.009189748,-0.5918648,-0.2276715,-3.144193,0.10825,-0.2122,1.991,0.1017558,-0.0338724,0.9942327,-0.01686314,0.9992178,0.03576812,-0.9946666,-0.0204055,0.1011051,moving,4.8591419073913,-6.785794796625534,3.112088158055718,-6.083596143146296,-1.9580258,-0.25208037,0.2955000000000001,0.08411722437413827,-0.1177390057840866,0.98947545626423,5.483012703990443,-5.781873601146459,1.8670579374666572,1.882891327723289,2.3900459608272446
2085,05/05/2023 15:32:21.446757,2268,True,True,True,True,Eyes,1.407328,0.01996605,-3.446631,-0.9736198,-0.1402377,0.1799945,0.0,0.0,0.0,0.0,0.0,0.0,0.0,3.277285,0.1184541,1.705899,1.356941,0.02505173,-3.43843,0.01873421,-0.6692367,-0.00532215,0.7427942,1.186552,275.9445,358.1095,0.3984784,0.004853567,-0.9171646,-0.395662,0.005979917,0.008638363,-0.6000751,-0.2317695,-3.142749,0.1038328,-0.2121999,1.991,0.1041882,-0.03298176,0.9940106,-0.01716871,0.9992414,0.03495488,-0.9944095,-0.02070777,0.1035429,moving,4.742119629428579,-6.749029931356838,2.9853322953716868,-6.08359329772918,-1.9570161,-0.25682123,0.2956810000000001,0.08210214766998569,-0.11712383367552365,0.989717834747209,5.365001107100484,-5.748163662904333,1.863161317726411,1.8785919329317995,2.4031930204279215
2086,05/05/2023 15:32:21.456557,2269,True,True,True,True,Eyes,1.404173,0.02010626,-3.446249,-0.9735991,-0.1397558,0.18048,0.0,0.0,0.0,0.0,0.0,0.0,0.0,3.274082,0.1076717,1.703028,1.347521,0.02503458,-3.437306,0.01671596,-0.6685399,-0.006610769,0.7434591,0.9176964,276.0596,358.1556,0.396441,0.004904617,-0.9180468,-0.3719223,0.005621122,0.008120062,-0.6089368,-0.2314923,-3.140964,0.09932482,-0.2121999,1.991,0.1060214,-0.03218025,0.9938431,-0.0125209,0.9993538,0.03369439,-0.9942852,-0.01601614,0.1055499,moving,4.660105232300344,-6.995458103303381,2.855941257277508,-6.08359329772918,-1.9564578,-0.25652688,0.2963420000000001,0.0806436800724375,-0.12139398518029842,0.9893230103362953,5.281987211569481,-5.9896972310375824,2.004136810165628,2.0215105917147893,2.4278623197530385
2087,05/05/2023 15:32:21.476705,2270,True,True,True,True,Eyes,1.400751,0.02022919,-3.445835,-0.9735807,-0.1392237,0.1809896,0.0,0.0,0.0,0.0,0.0,0.0,0.0,3.271648,0.102302,1.698213,1.337878,0.02473758,-3.43621,0.01575179,-0.6680065,-0.007051198,0.7439553,0.803128,276.1452,358.1926,0.3945368,0.004954544,-0.9188666,-0.349607,0.005283854,0.007632858,-0.6193541,-0.2219789,-3.139725,0.09516698,-0.2122,1.991,0.1074352,-0.03153615,0.9937119,-0.01055305,0.9994043,0.03285775,-0.9941562,-0.01401677,0.1070384,moving,4.603156709921813,-7.083248992872848,2.7365742887617084,-6.083596143146296,-1.9572321,-0.24671648000000002,0.2964850000000001,0.07964524122304267,-0.12291961737024296,0.9892154753027356,5.224438378264942,-6.076243133803566,2.099177912844896,2.117412514119612,2.487874955576777
2088,05/05/2023 15:32:21.496572,2271,True,True,True,True,Eyes,1.397078,0.02032227,-3.445323,-0.9735973,-0.138535,0.1814283,0.0,0.0,0.0,0.0,0.0,0.0,0.0,3.269849,0.09905721,1.691836,1.328066,0.02443004,-3.435065,0.01505173,-0.6676227,-0.007592982,0.744309,0.70291,276.2067,358.2004,0.3927474,0.005003008,-0.9196325,-0.3286305,0.004966823,0.007174887,-0.6294763,-0.2181117,-3.139688,0.09095338,-0.2122,1.991,0.1084447,-0.0314008,0.9936065,-0.008794704,0.9994316,0.03254477,-0.9940637,-0.01226779,0.1081069,moving,4.568539855938269,-7.14485580081261,2.6155822587388884,-6.083596143146296,-1.9575423,-0.24254174,0.2953769999999998,0.07903696656158254,-0.12398921487173703,0.9891307847526599,5.189447348056528,-6.1368801226028165,2.203575425188714,2.222682036965432,2.574416570890349
2089,05/05/2023 15:32:21.506290,2272,True,True,True,True,Eyes,1.393161,0.02036326,-3.444787,-0.9736081,-0.1378528,0.1818894,0.0,0.0,0.0,0.0,0.0,0.0,0.0,3.267735,0.09703489,1.685876,1.318124,0.02387779,-3.433899,0.01445152,-0.6671724,-0.00823614,0.7447177,0.6036084,276.2779,358.1919,0.3910563,0.005049392,-0.9203528,-0.3089127,0.004668814,0.006744394,-0.639857,-0.2147936,-3.140688,0.0865958,-0.2122,1.991,0.1096264,-0.03155051,0.9934722,-0.007016113,0.9994466,0.03251446,-0.9939483,-0.01053476,0.1093444,moving,4.5275021171457235,-7.204824744525823,2.4904313484674714,-6.083596143146296,-1.9579810000000002,-0.23867139,0.2932109999999999,0.07831816294535343,-0.12503154104448252,0.9890567525590817,5.147980723491565,-6.196037061453069,2.305325794445265,2.3252550168002855,2.6599269991487775
2090,05/05/2023 15:32:21.529580,2273,True,True,True,True,Eyes,1.38901,0.02034806,-3.444206,-0.9736192,-0.1372334,0.1822985,0.0,0.0,0.0,0.0,0.0,0.0,0.0,3.266017,0.09700613,1.679317,1.308344,0.02266402,-3.432798,0.01422675,-0.6668011,-0.008393545,0.7450528,0.5732941,276.3357,358.1959,0.3894482,0.005092518,-0.921034,-0.2903779,0.004388685,0.00633973,-0.6503148,-0.2117764,-3.141322,0.08230945,-0.2122,1.991001,0.1106118,-0.03148009,0.9933652,-0.006465551,0.9994543,0.032393,-0.9938428,-0.0100057,0.1103479,moving,4.492531559161202,-7.200240108973265,2.367301785756982,-6.0835931105134025,-1.9586587999999998,-0.23444042,0.29147599999999985,0.07771520722227315,-0.12495832679857219,0.9891136734049075,5.112707320192915,-6.19219987128246,2.3803514026889414,2.4007294951604132,2.747552907042228
2091,05/05/2023 15:32:21.546468,2274,True,True,True,True,Eyes,1.384628,0.02031116,-3.4436,-0.9735963,-0.1368205,0.1827304,0.0,0.0,0.0,0.0,0.0,0.0,0.0,3.264389,0.1010843,1.672347,1.298491,0.02134809,-3.431715,0.01494021,-0.66645,-0.007630381,0.7453611,0.6933629,276.3874,358.2069,0.3879097,0.005131232,-0.9216828,-0.2729553,0.004125364,0.005959346,-0.6604071,-0.2117942,-3.142575,0.07791102,-0.2122,1.991001,0.1115726,-0.03128858,0.9932635,-0.008539028,0.9994372,0.03244223,-0.9937196,-0.01210117,0.1112426,moving,4.45863127426599,-7.057651319373762,2.2409311612240197,-6.0835931105134025,-1.9588981,-0.23314228999999997,0.2891400000000002,0.07715377168408805,-0.12250174275167888,0.9894648160575603,5.078668830947734,-6.053906382046124,2.4022467434351844,2.4221856216307245,2.837892947948542
2092,05/05/2023 15:32:21.556320,2275,True,True,True,True,Eyes,1.38001,0.02024399,-3.442961,-0.9735458,-0.1364582,0.1832693,0.0,0.0,0.0,0.0,0.0,0.0,0.0,3.262091,0.1109144,1.666065,1.28856,0.02083259,-3.430523,0.01682478,-0.6659807,-0.006334678,0.7457524,0.9544026,276.4531,358.1741,0.386429,0.005165392,-0.9223044,-0.2565779,0.003877842,0.005601785,-0.6699762,-0.2171302,-3.143961,0.07364938,-0.2122,1.991,0.1128593,-0.03185816,0.9931002,-0.01296175,0.9993536,0.03353179,-0.9935266,-0.0166567,0.1123734,moving,4.416884008658152,-6.773877718468445,2.1184708702618096,-6.083596143146296,-1.9585362,-0.23796279,0.286562,0.07647839265410789,-0.11760578651337394,0.9901110219581362,5.0368730409371025,-5.778218525561491,2.3815057405212117,2.399831579086781,2.934335822485905
2093,05/05/2023 15:32:21.576184,2276,True,True,True,True,Eyes,1.375169,0.02012161,-3.442301,-0.9734656,-0.1361763,0.1839047,0.0,0.0,0.0,0.0,0.0,0.0,0.0,3.258398,0.1165417,1.662488,1.278251,0.02003026,-3.429325,0.01750374,-0.6651835,-0.0064732,0.7464467,1.003844,276.5729,358.1115,0.3849947,0.00519467,-0.922904,-0.2411833,0.003645172,0.005265678,-0.678982,-0.2266007,-3.145105,0.06927618,-0.2122,1.991,0.114978,-0.0329502,0.9928215,-0.0136226,0.9993035,0.03474295,-0.9932748,-0.01751949,0.114449,moving,4.339084084678977,-6.705209083682472,1.992783570376333,-6.083596143146296,-1.957233,-0.24663095999999998,0.2842199999999999,0.07514437053197998,-0.1164309203956389,0.9903521404532416,4.958465129711542,-5.712724049207058,2.4092580184495396,2.427247154959479,2.988781226761804
2094,05/05/2023 15:32:21.596617,2277,True,True,True,True,Eyes,1.370114,0.01996477,-3.44165,-0.9734423,-0.1360015,0.1841569,0.0,0.0,0.0,0.0,0.0,0.0,0.0,3.252949,0.1236442,1.662521,1.268071,0.01859773,-3.428205,0.01841194,-0.6639772,-0.006345791,0.7474992,1.094353,276.7543,358.0548,0.383597,0.005218074,-0.9234856,-0.2267123,0.003426461,0.004949737,-0.6889985,-0.2290441,-3.144323,0.06497273,-0.2122,1.991001,0.1181881,-0.03393717,0.9924111,-0.01496327,0.9992415,0.03595275,-0.9928786,-0.01909891,0.1175907,moving,4.17518271552284,-6.604358658774989,1.8690812325116493,-6.0835931105134025,-1.9570694999999998,-0.24764183,0.2838820000000002,0.07232560825589268,-0.11471151393141006,0.9907625135273987,4.793233633669035,-5.617428138686943,2.347335964705336,2.364170215150043,2.9610770078051782
2095,05/05/2023 15:32:21.606838,2278,True,True,True,True,Eyes,1.364835,0.01978878,-3.440986,-0.9733931,-0.1358371,0.1845376,0.0,0.0,0.0,0.0,0.0,0.0,0.0,3.247563,0.1370127,1.662406,1.257941,0.01760484,-3.427289,0.0208239,-0.662741,-0.004900742,0.7485431,1.414165,276.9336,357.9972,0.3822278,0.005235259,-0.9240531,-0.2131095,0.003220874,0.004652753,-0.6984341,-0.2335179,-3.141744,0.06042561,-0.2122,1.991001,0.1215008,-0.03493853,0.9919763,-0.02026487,0.9990847,0.03767102,-0.9923846,-0.02467933,0.1206816,moving,4.011226603278678,-6.274960820214867,1.738356757850935,-6.0835931105134025,-1.9563750999999998,-0.25112274,0.28554499999999994,0.06953487280744602,-0.10903536392135177,0.9916028244997948,4.628203961832635,-5.299493246874072,2.2667706478781398,2.280911864709182,2.994332890398138
2096,05/05/2023 15:32:21.626605,2279,True,True,True,True,Eyes,1.35934,0.01958049,-3.440345,-0.973423,-0.135545,0.1845951,0.0,0.0,0.0,0.0,0.0,0.0,0.0,3.241608,0.141283,1.663661,1.247285,0.01696938,-3.426331,0.02120307,-0.6613487,-0.005379148,0.7497596,1.414171,277.1446,357.9299,0.3808782,0.005246347,-0.92461,-0.200323,0.003027621,0.004373588,-0.7067701,-0.2455004,-3.139273,0.05618256,-0.2122,1.991,0.125178,-0.03611138,0.9914769,-0.01997912,0.999043,0.03890939,-0.991933,-0.02467943,0.1243367,moving,3.810673637546164,-6.258990233630897,1.6163583997491873,-6.083596143146296,-1.9540551,-0.26246978,0.2870579999999996,0.06606536792514489,-0.10878467490817612,0.9918676305657159,4.425902596682546,-5.287542393585088,2.1877905672174247,2.201313800848239,2.920143860619262
2097,05/05/2023 15:32:21.646878,2280,True,True,True,True,Eyes,1.353631,0.01934605,-3.439696,-0.9734174,-0.1352975,0.1848058,0.0,0.0,0.0,0.0,0.0,0.0,0.0,3.235855,0.1438255,1.66517,1.236715,0.01590925,-3.425567,0.02138914,-0.6599398,-0.005539046,0.7509937,1.42196,277.3589,357.9047,0.3795412,0.005251075,-0.9251596,-0.1883036,0.002845964,0.004111172,-0.7169205,-0.2460374,-3.135603,0.0518724,-0.2122,1.990999,0.1288978,-0.03655066,0.9909841,-0.01991151,0.9990236,0.03943709,-0.9914581,-0.02481534,0.1280442,moving,3.6111808012939965,-6.24085967417494,1.4924153171694559,-6.0835991757822026,-1.9536354999999999,-0.26194665,0.2899639999999999,0.06261347370949588,-0.1084949927861293,0.992123188567336,4.224673127399917,-5.273468331628208,2.1116734057400013,2.124593617864892,2.8498324031800575
2098,05/05/2023 15:32:21.656740,2281,True,True,True,True,Eyes,1.347706,0.0190936,-3.43909,-0.9734243,-0.1351535,0.1848748,0.0,0.0,0.0,0.0,0.0,0.0,0.0,3.229707,0.1458691,1.667241,1.225882,0.01505532,-3.424757,0.02168836,-0.6584252,-0.00530423,0.752315,1.469688,277.5884,357.9052,0.3782099,0.005249376,-0.9257048,-0.1770054,0.002675206,0.003864502,-0.7269422,-0.2472234,-3.132028,0.04739982,-0.2122,1.990999,0.1328964,-0.03654122,0.990456,-0.02057941,0.9990029,0.03961783,-0.9909163,-0.02564807,0.1320119,moving,3.3839998115832115,-6.191263576362801,1.3637860817755918,-6.0835991757822026,-1.9528241999999998,-0.26227872,0.292729,0.05868451355990839,-0.1076619013439891,0.9924540648992346,3.9955470320177184,-5.2292400154404,2.011078097577296,2.0230806057237545,2.766964993287644
2099,05/05/2023 15:32:21.676630,2282,True,True,True,True,Eyes,1.341569,0.01883228,-3.438476,-0.9733989,-0.134995,0.1851244,0.0,0.0,0.0,0.0,0.0,0.0,0.0,3.223372,0.1445254,1.670206,1.214961,0.0142778,-3.424072,0.02136589,-0.656816,-0.00540268,0.7537288,1.438908,277.8347,357.9241,0.3768786,0.005241402,-0.9262477,-0.1663851,0.002514694,0.003632632,-0.7369191,-0.2495785,-3.127499,0.0432421,-0.2122,1.991,0.137127,-0.03621122,0.9898915,-0.0199226,0.9990286,0.0393053,-0.9903532,-0.02511103,0.1362724,moving,3.151982716852413,-6.2206039653727965,1.2441990824550968,-6.083596143146296,-1.9518801,-0.2638563,0.296573,0.05466195910595101,-0.1081948560374772,0.9926258385591715,3.7614534572122844,-5.261994828515816,1.9012022140846432,1.912696928168569,2.6479422779654262
2100,05/05/2023 15:32:21.696278,2283,True,True,True,True,Eyes,1.335221,0.01856159,-3.437859,-0.9734093,-0.1346828,0.1852971,0.0,0.0,0.0,0.0,0.0,0.0,0.0,3.216475,0.1425826,1.673932,1.203714,0.01379979,-3.423299,0.02102093,-0.6550737,-0.005445117,0.7552529,1.410669,278.1008,357.9497,0.3755419,0.00522754,-0.9267904,-0.1564019,0.002363812,0.003414674,-0.7472646,-0.2491223,-3.122545,0.03894237,-0.2122,1.991,0.1416975,-0.03576539,0.9892637,-0.01931564,0.9990569,0.03888613,-0.9897215,-0.02461832,0.1408731,moving,2.8942807433091,-6.2395329583514005,1.12051681661732,-6.083596143146296,-1.9509786,-0.26292209,0.30075399999999997,0.05019489570005908,-0.10854827785357592,0.9928231871946902,3.5014604949159907,-5.28506929769626,1.7698306391860166,1.7806051662199998,2.51128212714836
2101,05/05/2023 15:32:21.706375,2284,True,True,True,True,Eyes,1.32867,0.01827666,-3.437246,-0.9733982,-0.1342601,0.1856615,0.0,0.0,0.0,0.0,0.0,0.0,0.0,3.208859,0.1374362,1.67956,1.192338,0.01327089,-3.42268,0.02006416,-0.6531092,-0.005806744,0.7569758,1.305958,278.4027,357.9937,0.374195,0.005208123,-0.9273351,-0.1470178,0.002221984,0.003209793,-0.7578311,-0.2484497,-3.116922,0.03452033,-0.2121999,1.991,0.1468295,-0.0349993,0.9885426,-0.01741704,0.9991274,0.03796104,-0.9890087,-0.02279129,0.1460918,moving,2.612849193937372,-6.329990076185716,0.9933054049496787,-6.08359329772918,-1.9501690999999999,-0.26172059,0.305758,0.04530966305499384,-0.11014132932144956,0.9928826440252877,3.217448511205041,-5.3782498215660794,1.6279637197294807,1.638179922011735,2.3333070900481787
2102,05/05/2023 15:32:21.726800,2285,True,True,True,True,Eyes,1.321902,0.01797847,-3.436682,-0.9734094,-0.133782,0.1859477,0.0,0.0,0.0,0.0,0.0,0.0,0.0,3.202278,0.1275887,1.683824,1.180909,0.01261858,-3.422196,0.018366,-0.6513147,-0.006222772,0.7585599,1.132092,278.681,358.0876,0.3728341,0.005183321,-0.9278832,-0.1381968,0.002088665,0.003017206,-0.7686856,-0.2451694,-3.110266,0.02994353,-0.2122,1.991,0.1515009,-0.03336478,0.9878938,-0.0144834,0.9992479,0.03596938,-0.9883509,-0.01975745,0.1509037,moving,2.346896488490366,-6.487603743184546,0.8616316222264362,-6.083596143146296,-1.9495946,-0.25778798,0.3119299999999998,0.04068782582138336,-0.11289468340788214,0.9927735501894743,2.948976169069031,-5.536572659808932,1.5293854630070047,1.539231582266514,2.157832697072704
2103,05/05/2023 15:32:21.746789,2286,True,True,True,True,Eyes,1.314926,0.01767824,-3.436126,-0.9734165,-0.133192,0.1863333,0.0,0.0,0.0,0.0,0.0,0.0,0.0,3.197752,0.1171465,1.684281,1.169093,0.01196294,-3.421875,0.01649904,-0.6499227,-0.006826938,0.7597905,0.928098,278.8981,358.1763,0.3714542,0.005153293,-0.9284367,-0.129905,0.001963345,0.002836173,-0.7799047,-0.2396222,-3.103817,0.02587497,-0.2121999,1.991,0.1551078,-0.03182028,0.9873849,-0.01107211,0.9993623,0.03394559,-0.9878354,-0.01619766,0.1546566,moving,2.148499853876673,-6.666187513221188,0.7445721349236243,-6.08359329772918,-1.9489977,-0.25158514,0.3180580000000002,0.03723650475894508,-0.1160040945786113,0.9925504434432908,2.7486313097038506,-5.714108579626239,1.5104074622297496,1.5200095591704217,2.037835158429752
2104,05/05/2023 15:32:21.756374,2287,True,True,True,True,Eyes,1.135113,0.01015772,-3.422395,-0.9753981,-0.1105599,0.1907229,0.0,0.0,0.0,0.0,0.0,0.0,0.0,3.195863,0.1091791,1.679695,1.157147,0.01153933,-3.421653,0.01490771,-0.6491011,-0.007729833,0.7605169,0.7242517,279.0272,358.2171,0.3700522,0.005118507,-0.9289966,-0.1221107,0.001845544,0.002666003,-0.7919928,-0.2330374,-3.099865,0.02156374,-0.2121999,1.990999,0.1572159,-0.03111056,0.9870743,-0.007595888,0.999436,0.03271001,-0.9875352,-0.01264024,0.1568909,moving,2.208151419234217,-5.561911086325462,0.620524162255817,-6.083596330363688,-1.9491398,-0.24457673000000002,0.3217880000000002,0.03834884643833175,-0.09684998814767831,0.9945600109237619,2.81005024383777,-4.637302440269977,1.6645420115893759,1.671142064861029,2.6240789771746624
2105,05/05/2023 15:32:21.776425,2288,True,True,True,True,Eyes,1.134624,0.01015261,-3.42239,-0.9754031,-0.1104101,0.1907834,0.0,0.0,0.0,0.0,0.0,0.0,0.0,3.194688,0.09872986,1.673573,1.144745,0.01118333,-3.421412,0.01266067,-0.6484152,-0.009342545,0.7611243,0.4100685,279.1372,358.2441,0.362747,0.004824123,-0.9318749,-0.6542227,-0.02082674,0.04369834,-0.8047191,-0.2262428,-3.099246,0.01720098,-0.2122,1.991,0.158941,-0.03064041,0.9868125,-0.002197061,0.9995049,0.03138838,-0.9872856,-0.007156985,0.1587949,moving,2.1096389544894456,-5.871206012966276,0.4949869606739752,-6.083596143146296,-1.9494641,-0.23742612999999999,0.3221660000000002,0.036618982584139204,-0.10222402344635499,0.9940871201922501,2.7103222678290635,-4.940374512206993,1.6203548223103774,1.6285609072215137,2.4929232279746305
2106,05/05/2023 15:32:21.796434,2289,True,True,True,True,Eyes,1.13365,0.01016928,-3.422402,-0.9754437,-0.1103497,0.190611,0.0,0.0,0.0,0.0,0.0,0.0,0.0,3.194293,0.0920014,1.666166,1.132532,0.01102075,-3.421306,0.01116485,-0.6478844,-0.0105052,0.7615845,0.1944418,279.221,358.254,0.356728,0.004579512,-0.9341968,-0.6149694,-0.01957714,0.04107644,-0.8184616,-0.2155492,-3.099413,0.01266614,-0.2122,1.991,0.1602709,-0.03046826,0.9866027,0.001534128,0.99953,0.03061826,-0.9870719,-0.003393641,0.1602423,moving,2.0219723055298178,-6.086131314437479,0.36449350816487824,-6.083596143146296,-1.9509936,-0.22656995,0.32189299999999976,0.035084129049092805,-0.10595811368576831,0.9937514797542697,2.62164177007676,-5.151321145045662,1.6481462090032533,1.6574807361800021,2.4421005197033487
2107,05/05/2023 15:32:21.806453,2290,True,True,True,True,Eyes,1.132207,0.01015349,-3.42241,-0.975508,-0.1099474,0.1905141,0.0,0.0,0.0,0.0,0.0,0.0,0.0,3.194301,0.08926065,1.657696,1.120011,0.01152425,-3.421245,0.01049966,-0.647429,-0.01131369,0.7619697,0.07741894,279.2911,358.2329,0.3517466,0.004376352,-0.9360847,-0.5780712,-0.01840251,0.03861185,-0.8316883,-0.2080957,-3.100358,0.008516043,-0.2122,1.991,0.1614155,-0.03083695,0.9864048,0.003645814,0.9995235,0.03065047,-0.9868799,-0.001351218,0.161451,moving,1.9512901787485195,-6.181243396822992,0.24506797915588088,-6.083596143146296,-1.9516993,-0.21961995,0.3208869999999999,0.03385212452421049,-0.10761218240457165,0.9936164063625826,2.5502301400197958,-5.245246001658579,1.699073768059075,1.7090140960604574,2.4528765862984763
2108,05/05/2023 15:32:21.826615,2291,True,True,True,True,Eyes,1.13034,0.01010835,-3.422484,-0.9755738,-0.1099306,0.1901864,0.0,0.0,0.0,0.0,0.0,0.0,0.0,3.193956,0.07745416,1.650297,1.1073,0.01064654,-3.4212,0.007350283,-0.6468433,-0.01432709,0.7624531,359.5802,279.386,358.2031,0.3475991,0.004206387,-0.9376336,-0.5433869,-0.01729836,0.03629514,-0.844963,-0.2033943,-3.10216,0.004196882,-0.2122,1.991,0.1627772,-0.03135643,0.9861645,0.01233851,0.9994814,0.02974325,-0.9865857,0.007326275,0.1630797,moving,1.857898781246137,-6.679436390615366,0.12077512283289865,-6.083596143146296,-1.9522629999999999,-0.21404084,0.31903999999999977,0.03220093773121502,-0.116253950028196,0.9926973161643144,2.4554558793888197,-5.732241439333128,1.825161991970299,1.8364705837891866,2.360971063550794
2109,05/05/2023 15:32:21.846151,2292,True,True,True,True,Eyes,1.128051,0.01014073,-3.422544,-0.9756088,-0.1100707,0.1899261,0.0,0.0,0.0,0.0,0.0,0.0,0.0,3.194285,0.08053169,1.641753,1.095613,0.009841865,-3.421232,0.00793069,-0.6464848,-0.01371371,0.7627624,359.6772,279.4387,358.2135,0.3441183,0.004062857,-0.9389173,-0.5107837,-0.01626046,0.03411743,-0.8596041,-0.1868579,-3.102783,3.680587e-05,-0.2122,1.991,0.1637388,-0.03117474,0.986011,0.01066646,0.9994981,0.02982987,-0.9864461,0.00563294,0.1639891,moving,1.7857171392155557,-6.592741168360418,0.0010591768016408592,-6.083596143146296,-1.9552171,-0.196699765,0.31844899999999976,0.030955734777236454,-0.11475627683925449,0.9929112510730924,2.382736007564092,-5.649085278791368,1.844502483807446,1.8558644076299529,2.4209882728822003
2110,05/05/2023 15:32:21.856796,2293,True,True,True,True,Eyes,1.125338,0.01022146,-3.422591,-0.9757683,-0.1099059,0.1892007,0.0,0.0,0.0,0.0,0.0,0.0,0.0,3.193181,0.08898733,1.634635,1.083179,0.01176547,-3.420956,0.009813216,-0.6458449,-0.01293487,0.763296,359.901,279.5307,358.142,0.3410255,0.003938145,-0.9400455,-0.4801367,-0.01528483,0.03207039,-0.8713885,-0.1908984,-3.105423,-0.004425198,-0.2121999,1.991,0.1654343,-0.03242189,0.9856877,0.007070638,0.9994728,0.03168861,-0.9861954,0.001727061,0.1655763,moving,1.6508060637367847,-6.36127111941837,-0.1273454301408787,-6.08359329772918,-1.9545675,-0.20266387,0.31553299999999984,0.02863079083628639,-0.11075175138393192,0.993435611603324,2.2468970451021577,-5.426024586065641,1.7889521212622006,1.7997021164174418,2.4636200887732316
2111,05/05/2023 15:32:21.876518,2294,True,True,True,True,Eyes,1.122261,0.0103377,-3.422622,-0.9758784,-0.1098498,0.1886653,0.0,0.0,0.0,0.0,0.0,0.0,0.0,3.189334,0.07409526,1.633614,1.070337,0.01288806,-3.420562,0.005747261,-0.6444615,-0.01767033,0.7644112,359.1985,279.7465,358.0272,0.3381714,0.003828192,-0.9410765,-0.4513285,-0.01436774,0.03014616,-0.883267,-0.1966036,-3.106546,-0.008651406,-0.2122,1.990999,0.1687145,-0.03442256,0.9850639,0.01960701,0.9993094,0.03156222,-0.9854701,0.01398914,0.1692729,moving,1.442558832237598,-7.064792814402021,-0.2489634253671206,-6.0835991757822026,-1.9536040000000001,-0.20949166,0.3140160000000001,0.02498372978363439,-0.12295330700977847,0.9920980410786765,2.0360244274819728,-6.11510710258287,1.9447851545476176,1.9555021105690895,2.2852050755061755
2112,05/05/2023 15:32:21.896645,2295,True,True,True,True,Eyes,1.118828,0.01053909,-3.422633,-0.9759852,-0.1101177,0.1879552,0.0,0.0,0.0,0.0,0.0,0.0,0.0,3.183548,0.08332844,1.636105,1.058574,0.01387106,-3.420233,0.007322185,-0.642755,-0.0176074,0.7658346,359.3457,279.9993,357.9149,0.3355234,0.003732508,-0.9420243,-0.4242488,-0.01350567,0.02833739,-0.8980772,-0.1708675,-3.102987,-0.01294321,-0.2122,1.991,0.1731119,-0.03638146,0.98423,0.01755597,0.9992727,0.03384966,-0.9847457,0.01141933,0.1736247,moving,1.1568984213484599,-6.940238781368183,-0.3724665292710442,-6.083596143146296,-1.9566512,-0.18473856,0.3172459999999999,0.020042435974493233,-0.12080976056992171,0.9924734143495312,1.7479881618147899,-5.998910096513211,1.7437004523453095,1.7529386075396807,2.1221450995260103
2113,05/05/2023 15:32:21.907452,2296,True,True,True,True,Eyes,1.115056,0.0108151,-3.422619,-0.9760534,-0.110237,0.1875306,0.0,0.0,0.0,0.0,0.0,0.0,0.0,3.176294,0.09336296,1.641216,1.046595,0.01615944,-3.419872,0.00922726,-0.6406921,-0.01754383,0.7675421,359.5235,280.3036,357.7789,0.3330521,0.003652044,-0.9429011,-0.3987938,-0.01269533,0.02663715,-0.9088555,-0.1747924,-3.099213,-0.01776451,-0.2121999,1.991001,0.1784116,-0.03875492,0.9831924,0.01510759,0.9992142,0.03664501,-0.9838399,0.008315771,0.1788569,moving,0.8373241798961422,-6.778799397147321,-0.5112023749912915,-6.083590265097683,-1.9554505,-0.19095183999999998,0.3206589999999996,0.014511406822766637,-0.1180241235619306,0.9929047724159566,1.4257808562728813,-5.847391081915312,1.5094173551700008,1.5171814678942597,1.951331364052404
2114,05/05/2023 15:32:21.926652,2297,True,True,True,True,Eyes,1.111132,0.01103068,-3.421947,-0.976066,-0.1121288,0.1863391,0.0,0.0,0.0,0.0,0.0,0.0,0.0,3.166864,0.09176489,1.650816,1.03472,0.01818472,-3.419309,0.008503594,-0.6380975,-0.01946856,0.7696624,359.3264,280.6921,357.6603,0.3307323,0.00358738,-0.9437175,-0.3748662,-0.01193361,0.02503892,-0.9193166,-0.178474,-3.09293,-0.02175188,-0.2121999,1.991,0.1849051,-0.04082069,0.9819082,0.0191162,0.9990973,0.03793548,-0.9825704,0.01175589,0.1855184,moving,0.40795614904365396,-7.101097058256372,-0.6259373878187828,-6.08359329772918,-1.9540366000000002,-0.19665872,0.3263790000000002,0.007065506095941754,-0.12361738927871216,0.992304783836989,0.9922686935776985,-6.169080206675922,1.4458574391037569,1.4506032359859458,1.6204625677471924
2115,05/05/2023 15:32:21.946299,2298,True,True,True,True,Eyes,1.106937,0.01122996,-3.421275,-0.9760024,-0.1140774,0.1854875,0.0,0.0,0.0,0.0,0.0,0.0,0.0,3.156605,0.09407599,1.662405,1.023545,0.01839469,-3.418861,0.009196079,-0.6353346,-0.01879666,0.7719534,359.445,281.101,357.667,0.3285503,0.00353532,-0.9444796,-0.3523743,-0.0112176,0.02353659,-0.9304528,-0.1693538,-3.083583,-0.02606338,-0.2122,1.990999,0.1919933,-0.04070547,0.9805517,0.01733512,0.9991242,0.03808223,-0.981243,0.009686452,0.1925308,moving,-0.04978460430907737,-7.113361251709434,-0.7499935369780563,-6.0835991757822026,-1.9539977999999998,-0.18774849,0.3352780000000002,-0.0008622172492778191,-0.12383283395138453,0.9923026939748547,0.5304826144181137,-6.189259827912263,1.2430910779092217,1.245272051564393,1.2848281393645211
2116,05/05/2023 15:32:21.956509,2299,True,True,True,True,Eyes,1.102451,0.01146088,-3.420784,-0.9758887,-0.1159674,0.1849127,0.0,0.0,0.0,0.0,0.0,0.0,0.0,3.145865,0.09300528,1.674798,1.012731,0.01820971,-3.418202,0.009780609,-0.6324999,-0.01701836,0.7743118,359.6343,281.5195,357.7805,0.3264856,0.003494164,-0.9451955,-0.3312318,-0.01054454,0.02212439,-0.9396552,-0.1730897,-3.073581,-0.03056148,-0.2121999,1.990999,0.1993086,-0.0387275,0.9791713,0.01398256,0.9992294,0.0366747,-0.9798372,0.006381739,0.1996965,moving,-0.5167535711199761,-7.0506531514636634,-0.879410945893601,-6.083596330363688,-1.9523862,-0.19129941,0.34462100000000007,-0.00895073306942401,-0.12274184700698743,0.9923982177747871,0.05947136675317766,-6.136570992961539,1.032386908191678,1.0328210235629822,0.9403756227584377
2117,05/05/2023 15:32:21.976646,2300,True,True,True,True,Eyes,1.09773,0.01172341,-3.420266,-0.9757023,-0.117877,0.1846892,0.0,0.0,0.0,0.0,0.0,0.0,0.0,3.135179,0.0924989,1.686433,1.002299,0.0189038,-3.417162,0.01138287,-0.6297686,-0.01332476,0.776585,0.05136612,281.9187,357.9924,0.3245178,0.003463702,-0.945873,-0.3113579,-0.009911869,0.02079693,-0.9480309,-0.1797722,-3.062483,-0.03481942,-0.2122,1.991,0.2064278,-0.03503276,0.9778344,0.006358457,0.9993858,0.03446256,-0.9784411,-0.0008965081,0.2065237,moving,-0.962829891494557,-6.757078556256515,-1.0019098248538365,-6.083596143146296,-1.9503299,-0.198676,0.35467899999999997,-0.01668707387821361,-0.11764370534057872,0.9929156893261641,-0.3902035656492293,-5.858607301462839,0.6745790694443065,0.6746152992336673,0.6517703018948913
2118,05/05/2023 15:32:21.996463,2301,True,True,True,True,Eyes,1.092776,0.01199567,-3.419773,-0.975468,-0.1196892,0.1847614,0.0,0.0,0.0,0.0,0.0,0.0,0.0,3.123111,0.08320722,1.700881,0.9918582,0.01992163,-3.416074,0.01104265,-0.6266873,-0.01118787,0.7791123,0.1824498,282.3735,358.2079,0.3226313,0.003443759,-0.9465182,-0.2926764,-0.009317157,0.01954911,-0.9552152,-0.193578,-3.051604,-0.03918648,-0.2122,1.990999,0.2142757,-0.0312738,0.9762725,0.003592632,0.9995058,0.03122953,-0.9767666,-0.00318434,0.2142821,moving,-1.4366604921402808,-6.7421265262684,-1.1275395276913869,-6.0835991757822026,-1.9470734,-0.21349963,0.36446999999999985,-0.024898555748381013,-0.11736454031866658,0.9927767750849297,-0.8681905924008795,-5.85256355334913,0.7258075117016756,0.7274709904870337,0.3473317277032967
2119,05/05/2023 15:32:22.006976,2302,True,True,True,True,Eyes,1.087631,0.01228068,-3.419247,-0.9751611,-0.1215499,0.185166,0.0,0.0,0.0,0.0,0.0,0.0,0.0,3.110111,0.07048856,1.71717,0.9815799,0.02031292,-3.415044,0.00942021,-0.6233868,-0.01063675,0.7817847,0.08408303,282.8618,358.3739,0.320812,0.003433569,-0.9471364,-0.2751158,-0.008758128,0.01837616,-0.9629682,-0.1971529,-3.038539,-0.04350612,-0.2122,1.991,0.2225515,-0.02837617,0.974508,0.004886433,0.9995962,0.02799077,-0.9749088,-0.001467526,0.2226003,moving,-1.9125747482987643,-6.958444598731394,-1.2517932842917592,-6.083596143146296,-1.9445481,-0.21746582,0.37650499999999987,-0.03312897100242268,-0.12108293801124398,0.9920894063047472,-1.3485397380477333,-6.071849558736293,1.091864083684514,1.0963539407576703,0.09745695747178935
2120,05/05/2023 15:32:22.026701,2303,True,True,True,True,Eyes,1.082312,0.01259225,-3.418618,-0.9749215,-0.1230654,0.1854266,0.0,0.0,0.0,0.0,0.0,0.0,0.0,3.096592,0.06843559,1.733527,0.9717605,0.0209203,-3.413785,0.009918926,-0.6200797,-0.008959382,0.7844251,0.2549812,283.3446,358.4897,0.319048,0.003432529,-0.9477321,-0.2586089,-0.00823264,0.01727359,-0.9711552,-0.1933647,-3.024442,-0.04787645,-0.2122,1.991,0.2308418,-0.02635698,0.9726343,0.001754878,0.9996427,0.02667237,-0.9729897,-0.004450247,0.2308056,moving,-2.3932287964196375,-6.885730973249358,-1.3774937155786093,-6.083596143146296,-1.9429157,-0.214285,0.3893429999999998,-0.041456910024089744,-0.11978653025051703,0.9919337475904156,-1.8333453444832746,-6.009659944437011,1.2865655884035754,1.2942712390050235,0.46180869313452233
2121,05/05/2023 15:32:22.046502,2304,True,True,True,True,Eyes,1.076828,0.01291722,-3.417956,-0.9746305,-0.1244884,0.1860058,0.0,0.0,0.0,0.0,0.0,0.0,0.0,3.082548,0.0627277,1.750624,0.9617111,0.02192145,-3.412529,0.009291355,-0.6166347,-0.008797708,0.7871456,0.2164269,283.8483,358.5497,0.3173305,0.003440489,-0.9483085,-0.2430924,-0.007738682,0.01623718,-0.9778748,-0.1986896,-3.010642,-0.05215895,-0.2122,1.991,0.2393685,-0.0253089,0.970599,0.002391409,0.9996725,0.02547724,-0.9709259,-0.003777356,0.2393507,moving,-2.864949412561288,-7.018504915754581,-1.5006551039780116,-6.083596143146296,-1.9395859,-0.22061105,0.4018870000000003,-0.049608366460455855,-0.12203946269306787,0.9912847776603663,-2.3093699519332844,-6.147485829543776,1.6428023913030931,1.653890375306855,0.8112346130012503
2122,05/05/2023 15:32:22.056747,2305,True,True,True,True,Eyes,1.071171,0.01325442,-3.417306,-0.9743654,-0.1257919,0.1865165,0.0,0.0,0.0,0.0,0.0,0.0,0.0,3.068811,0.05905224,1.766886,0.952198,0.02255723,-3.411127,0.008798042,-0.6133295,-0.008925995,0.7897277,0.1688488,284.3296,358.5737,0.3156509,0.003456941,-0.9488689,-0.2285068,-0.00727436,0.01526295,-0.9854649,-0.1962966,-2.99635,-0.05662727,-0.2122,1.991,0.2474945,-0.02489041,0.9685696,0.003306015,0.9996858,0.02484527,-0.9688836,-0.002946963,0.247499,moving,-3.31431846744091,-7.154462882435999,-1.6291457289881508,-6.083596143146296,-1.9376628999999999,-0.21885383,0.41477699999999995,-0.05736486444355171,-0.12433959449217351,0.9905800710512576,-2.7628497188014043,-6.288011447796553,1.982114531012725,1.9966378569338339,1.1519853963022912
2123,05/05/2023 15:32:22.076437,2306,True,True,True,True,Eyes,1.065384,0.0136242,-3.416612,-0.9740284,-0.1272434,0.1872909,0.0,0.0,0.0,0.0,0.0,0.0,0.0,3.05571,0.0615661,1.781144,0.9426828,0.02313017,-3.409463,0.01002987,-0.6102363,-0.00711247,0.7921242,0.4130622,284.7753,358.6529,0.3140004,0.003481397,-0.9494163,-0.2147964,-0.006837899,0.01434717,-0.9925985,-0.1939301,-2.982517,-0.06079924,-0.2121999,1.991,0.2551223,-0.0235091,0.9666231,-0.0009732626,0.9996976,0.02457038,-0.9669083,-0.00720923,0.2550223,moving,-3.7238533864276437,-7.002272161137537,-1.749099770175244,-6.08359329772918,-1.9352813000000002,-0.21706027,0.42694600000000005,-0.06446535388765678,-0.12165513306959339,0.9904768219493522,-3.1758204287650953,-6.1471199739978095,2.1613535466499623,2.177985927175656,1.4281342640819168
2124,05/05/2023 15:32:22.096684,2307,True,True,True,True,Eyes,1.059363,0.01403948,-3.416204,-0.9740676,-0.1273074,0.1870431,0.0,0.0,0.0,0.0,0.0,0.0,0.0,3.043574,0.06164481,1.7939,0.9337092,0.02431213,-3.407758,0.01122111,-0.6073826,-0.004696337,0.7943164,0.6945149,285.1852,358.7914,0.312373,0.003513986,-0.9499528,-0.2019086,-0.006427625,0.01348634,-0.998853,-0.2018269,-2.96993,-0.06517777,-0.2122,1.991,0.2621288,-0.02109176,0.9648024,-0.006170256,0.9997041,0.02353116,-0.9650132,-0.01212127,0.2619211,moving,-4.168181269243252,-6.728445293475041,-1.8749763895064924,-6.083596143146296,-1.9325622,-0.22613903000000002,0.43782799999999966,-0.07218634688807718,-0.11685813401628026,0.9905217274544348,-3.6237537347756117,-5.8883621292269925,2.3645163231537607,2.3821458912350844,1.7596415895055308
2125,05/05/2023 15:32:22.106688,2308,True,True,True,True,Eyes,1.05323,0.01446252,-3.415731,-0.9740535,-0.1274078,0.1870484,0.0,0.0,0.0,0.0,0.0,0.0,0.0,3.032951,0.05339731,1.804149,0.9246172,0.02528903,-3.406029,0.01058248,-0.6048478,-0.003566039,0.7962629,0.7184533,285.5522,358.941,0.3107581,0.003555155,-0.9504821,-0.1897941,-0.006041967,0.01267716,-1.004544,-0.2104923,-2.958334,-0.0695141,-0.2122,1.991,0.2682929,-0.01848059,0.9631602,-0.00712257,0.9997506,0.0211667,-0.9633111,-0.01253905,0.2680944,moving,-4.551766306002435,-6.709913048827992,-1.999621979016222,-6.083596143146296,-1.9291612000000002,-0.23578132999999998,0.4476950000000004,-0.07881958350709362,-0.11647906409811429,0.990060691669074,-4.010696336986432,-5.877207648003421,2.608396768262458,2.6278724345201008,2.0216370307779363
2126,05/05/2023 15:32:22.126579,2309,True,True,True,True,Eyes,1.047085,0.01488128,-3.414908,-0.9740041,-0.127981,0.1869141,0.0,0.0,0.0,0.0,0.0,0.0,0.0,3.022691,0.04715562,1.813334,0.9158034,0.02591214,-3.404071,0.01019092,-0.6024611,-0.002441377,0.7980796,0.7634696,285.8964,359.0731,0.3091519,0.003604289,-0.9510056,-0.1784065,-0.005679449,0.01191653,-1.01165,-0.2104576,-2.947921,-0.07389843,-0.2122,1.991,0.2740695,-0.01617609,0.9615739,-0.008382441,0.9997804,0.019208,-0.9616734,-0.01332466,0.2738737,moving,-4.917633824950724,-6.697165278791883,-2.1256280520939046,-6.083596143146296,-1.9274534,-0.23636974,0.45615000000000006,-0.08514287610834681,-0.11619811794302437,0.9895699530559309,-4.37977188095769,-5.871369477332569,2.8374397377774083,2.858629622718319,2.264112311456103
2127,05/05/2023 15:32:22.146620,2310,True,True,True,True,Eyes,1.040827,0.01531071,-3.414038,-0.9739295,-0.128465,0.1869708,0.0,0.0,0.0,0.0,0.0,0.0,0.0,3.01354,0.04591665,1.820808,0.9069037,0.02659295,-3.402307,0.01059499,-0.6002733,-0.001257367,0.7997238,0.8844874,286.2097,359.1559,0.3075555,0.00366053,-0.9515228,-0.1677021,-0.005338682,0.01120154,-1.018531,-0.2115064,-2.938019,-0.07815826,-0.2122,1.991,0.2793407,-0.01473087,0.9600791,-0.01070869,0.9997723,0.01845566,-0.9601324,-0.0154366,0.2791194,moving,-5.236090462824553,-6.60531326712403,-2.2480362942170955,-6.083596143146296,-1.9254347,-0.23809935000000002,0.4642879999999998,-0.09065908927478122,-0.11455557768122926,0.9892714270622985,-4.700930005252509,-5.7876190547987285,3.0114691224066394,3.033258391892125,2.4706861383963337
2128,05/05/2023 15:32:22.156704,2311,True,True,True,True,Eyes,1.034476,0.01573876,-3.413035,-0.973869,-0.1288863,0.1869965,0.0,0.0,0.0,0.0,0.0,0.0,0.0,3.005709,0.04163849,1.825719,0.8978862,0.0272626,-3.400342,0.009867082,-0.5984069,-0.001723454,0.8011299,0.7876683,286.4782,359.1651,0.3059652,0.003723488,-0.9520352,-0.15764,-0.005018361,0.01052945,-1.02547,-0.2150788,-2.929626,-0.0824199,-0.2121999,1.991,0.2838126,-0.01457048,0.9587691,-0.009047639,0.9997994,0.01787228,-0.9588372,-0.01374698,0.2836239,moving,-5.502383489325414,-6.7328418984364,-2.370476005733131,-6.08359329772918,-1.9233562000000002,-0.24234139999999998,0.47071600000000036,-0.09523191274370602,-0.11670717175591425,0.9885901665285015,-4.969711828880851,-5.916640609983218,3.1742993842983043,3.1984946820811864,2.6045921109225545
2129,05/05/2023 15:32:22.176197,2312,True,True,True,True,Eyes,1.02801,0.01615791,-3.411987,-0.9738043,-0.1292006,0.1871158,0.0,0.0,0.0,0.0,0.0,0.0,0.0,3.000547,0.04009611,1.826059,0.8885741,0.02772764,-3.398389,0.009370436,-0.5971012,-0.002578902,0.8021072,0.6848414,286.6656,359.1217,0.3043787,0.003792493,-0.9525434,-0.1481816,-0.00471726,0.009897679,-1.033857,-0.2110011,-2.922604,-0.08674076,-0.2121999,1.991,0.286927,-0.01532731,0.9578299,-0.007053084,0.9998111,0.01811192,-0.9579266,-0.01195245,0.2867647,moving,-5.676257852614598,-6.863043676497069,-2.4945950290259025,-6.08359329772918,-1.9224311,-0.23872874,0.4757849999999997,-0.09820555886525478,-0.11891884397148637,0.9880353784682704,-5.145264022378477,-6.0466040748163525,3.2496405114173204,3.275747428598212,2.6509270670715264
2130,05/05/2023 15:32:22.196657,2313,True,True,True,True,Eyes,0.8635524,0.02617922,-3.384359,-0.9727442,-0.132492,0.1903015,0.0,0.0,0.0,0.0,0.0,0.0,0.0,2.996619,0.03979052,1.824105,0.8793257,0.02792336,-3.396273,0.008891199,-0.5960985,-0.003754272,0.8028534,0.561555,286.8094,359.0472,0.3027929,0.003866707,-0.9530483,-0.1392907,-0.004434224,0.009303818,-1.043294,-0.2068336,-2.918521,-0.09107834,-0.2122,1.991,0.289305,-0.01662832,0.9570926,-0.004571801,0.9998137,0.01875249,-0.9572262,-0.009800827,0.289175,moving,-5.614871757283033,-7.18318861164648,-2.619170782072502,-6.083596143146296,-1.9226196999999998,-0.23475696000000001,0.47775199999999973,-0.09708057450764268,-0.12445149881276152,0.987465065760006,-5.0836973416735916,-6.357369943821864,3.1628535605646153,3.191132703235585,2.4796861206442093
2131,05/05/2023 15:32:22.207005,2314,True,True,True,True,Eyes,0.8631733,0.02615906,-3.384262,-0.9727551,-0.132328,0.1903597,0.0,0.0,0.0,0.0,0.0,0.0,0.0,2.994153,0.03369629,1.819897,0.8699491,0.02785693,-3.394189,0.007200128,-0.5953874,-0.005606317,0.803387,0.2803561,286.9135,358.9926,0.295739,0.004307561,-0.9552588,-0.624305,0.02589578,0.09162942,-1.053215,-0.20216,-2.916056,-0.09565577,-0.2122,1.991,0.2909648,-0.01758181,0.9565722,0.0004343539,0.9998335,0.01824484,-0.9567336,-0.004893116,0.290924,moving,-5.707644157232229,-7.463152761587495,-2.7506081600309553,-6.083596143146296,-1.9231641000000002,-0.23001693,0.4781329999999997,-0.09861823124326197,-0.129255399035206,0.9866952345232036,-5.177601708908525,-6.631766140507116,3.2318828266851303,3.263010627048133,2.4881294243467122
2132,05/05/2023 15:32:22.226468,2315,True,True,True,True,Eyes,0.8624271,0.0261177,-3.384065,-0.9727731,-0.1321172,0.1904144,0.0,0.0,0.0,0.0,0.0,0.0,0.0,2.992177,0.02829477,1.814212,0.8604654,0.02732003,-3.391776,0.005702836,-0.5948406,-0.007043112,0.8037927,0.04519126,286.9936,358.9625,0.289908,0.004676546,-0.9570428,-0.5868467,0.02434203,0.08613165,-1.06405,-0.1922945,-2.914335,-0.09983918,-0.2122,1.991,0.2922302,-0.01810696,0.9561766,0.004537847,0.9998357,0.01754685,-0.9563372,-0.0007887374,0.2922644,moving,-5.779978994599317,-7.6913716974820545,-2.8707062582521607,-6.083596143146296,-1.9245154,-0.21961453,0.4774410000000002,-0.0998116805005329,-0.13316862092783013,0.986054688738231,-5.250830312268521,-6.855387055183069,3.290655617440485,3.32397504316331,2.502129437980743
2133,05/05/2023 15:32:22.246626,2316,True,True,True,True,Eyes,0.8613228,0.02604547,-3.383765,-0.9727969,-0.1317946,0.190516,0.0,0.0,0.0,0.0,0.0,0.0,0.0,2.990779,0.02410358,1.807533,0.8508545,0.02675827,-3.389373,0.004630286,-0.594408,-0.007867314,0.8041118,359.8908,287.0566,358.9596,0.2850673,0.004985681,-0.9584944,-0.5516359,0.02288151,0.08096375,-1.075039,-0.1845272,-2.913313,-0.1042819,-0.2122,1.990999,0.2932345,-0.01815696,0.9558681,0.007147843,0.9998333,0.01679932,-0.9560137,0.001906252,0.2933154,moving,-5.836765315018907,-7.829096987267628,-2.9982225177274637,-6.0835991757822026,-1.9258935,-0.21128547,0.4760599999999999,-0.10075641646645905,-0.13552549253719293,0.9856373353866821,-5.30827167672032,-6.990573746592494,3.297876480114822,3.332279673430119,2.481719159989727
2134,05/05/2023 15:32:22.256421,2317,True,True,True,True,Eyes,0.859847,0.02593897,-3.38342,-0.9727189,-0.1317028,0.190977,0.0,0.0,0.0,0.0,0.0,0.0,0.0,2.988932,0.02044905,1.800881,0.8411472,0.02592055,-3.386606,0.003507596,-0.5939415,-0.008895905,0.8044516,359.7179,287.1243,358.9411,0.2810259,0.005244466,-0.9596856,-0.5185378,0.02150862,0.07610593,-1.085956,-0.1796376,-2.912837,-0.1086861,-0.2122,1.990999,0.2943089,-0.01847926,0.9555318,0.01014603,0.9998171,0.01621067,-0.9556566,0.00492391,0.2944425,moving,-5.874350385120177,-7.999754689767564,-3.1246024057645583,-6.0835991757822026,-1.9271032,-0.20555815,0.4737689999999999,-0.10136152998401404,-0.13845208683778215,0.9851683918821255,-5.346379716057588,-7.15749628737855,3.3159843217050127,3.3515318741952633,2.4677012426199223
2135,05/05/2023 15:32:22.276487,2318,True,True,True,True,Eyes,0.858039,0.02577682,-3.382974,-0.9726313,-0.1316475,0.1914609,0.0,0.0,0.0,0.0,0.0,0.0,0.0,2.987223,0.02060379,1.794052,0.8311906,0.02494873,-3.38394,0.003055148,-0.5934706,-0.009666261,0.8047919,359.6244,287.1919,358.9007,0.2775691,0.005463372,-0.9606898,-0.4874255,0.0202181,0.07153957,-1.0969,-0.1743536,-2.911544,-0.112746,-0.2122,1.991,0.2953984,-0.01918494,0.9551815,0.01193238,0.9997945,0.0163908,-0.9552997,0.006555769,0.2955666,moving,-5.907526533223043,-8.095367719216101,-3.2410739498693033,-6.083596143146296,-1.9280906,-0.19930233,0.4723959999999998,-0.1019082816274488,-0.14008804507802608,0.9848807176438713,-5.379955598549286,-7.251234600700504,3.304264436485661,3.340238652185832,2.43684104418396
2136,05/05/2023 15:32:22.296609,2319,True,True,True,True,Eyes,0.8559222,0.0255661,-3.382395,-0.9724053,-0.1322253,0.1922092,0.0,0.0,0.0,0.0,0.0,0.0,0.0,2.985179,0.02553941,1.787416,0.8213978,0.02346266,-3.381059,0.003590852,-0.5929911,-0.009656451,0.8051431,359.6751,287.2596,358.865,0.2744096,0.005655881,-0.961596,-0.45818,0.01900502,0.0672472,-1.107922,-0.1719094,-2.910754,-0.1170562,-0.2122,1.991001,0.2965367,-0.01980833,0.9548159,0.01129096,0.9997877,0.01723468,-0.9549546,0.005670078,0.2966974,moving,-5.924899991853007,-8.082585073084536,-3.364696785855778,-6.0835931105134025,-1.9293198,-0.19537206,0.4703050000000002,-0.10221018582910124,-0.1398639596351658,0.9848812744187866,-5.397467696411551,-7.2390948180877395,3.212989396634243,3.2481701498570663,2.3382347553248275
2137,05/05/2023 15:32:22.311592,2320,True,True,True,True,Eyes,0.8535005,0.02529741,-3.381711,-0.9721595,-0.1329445,0.1929553,0.0,0.0,0.0,0.0,0.0,0.0,0.0,2.983569,0.03157648,1.779998,0.8115523,0.02220192,-3.37816,0.004651802,-0.5926101,-0.008894883,0.805427,359.8253,287.3126,358.8631,0.271511,0.005823275,-0.9624174,-0.4306892,0.01786472,0.06321236,-1.118333,-0.174997,-2.909973,-0.1214699,-0.2122,1.991,0.2974683,-0.01984177,0.9545254,0.008814948,0.9997985,0.01803577,-0.9546909,0.003049023,0.2975833,moving,-5.932521856547547,-7.974709428145998,-3.491259061231542,-6.083596143146296,-1.9298853,-0.19719892,0.4681869999999999,-0.10236813089990981,-0.13800714719334212,0.9851268316405782,-5.405035361594199,-7.134144599847208,3.0546372985511283,3.088053350008137,2.183160962390645
2138,05/05/2023 15:32:22.326823,2321,True,True,True,True,Eyes,0.8507808,0.02497702,-3.380974,-0.9717593,-0.134288,0.1940375,0.0,0.0,0.0,0.0,0.0,0.0,0.0,2.981789,0.03953175,1.772355,0.8017989,0.02057675,-3.37499,0.00621622,-0.5922557,-0.007537577,0.8056909,0.06235831,287.3609,358.8821,0.2688397,0.005966468,-0.9631661,-0.4048478,0.01679283,0.05941962,-1.128524,-0.1813889,-2.909564,-0.1257846,-0.2122,1.990999,0.2983528,-0.0195091,0.9542564,0.004782733,0.9998091,0.01894505,-0.9544438,-0.001088357,0.2983891,moving,-5.917297257829692,-7.81327094821875,-3.6149497323138826,-6.0835991757822026,-1.9303229000000002,-0.20196565,0.4654259999999999,-0.10214578220949178,-0.1352339757909711,0.9855343557965484,-5.389495101484859,-6.976605136272075,2.848740922523724,2.87968202560848,1.9865726547792293
2139,05/05/2023 15:32:22.346541,2322,True,True,True,True,Eyes,0.847782,0.02462539,-3.38013,-0.9713494,-0.1357769,0.1950516,0.0,0.0,0.0,0.0,0.0,0.0,0.0,2.981005,0.04964735,1.763215,0.7922703,0.01906283,-3.371903,0.008550004,-0.5921215,-0.005236106,0.8057863,0.4341991,287.3763,358.9363,0.266366,0.006086404,-0.9638524,-0.380557,0.01578526,0.05585445,-1.13835,-0.1912101,-2.909135,-0.130171,-0.2122,1.991,0.2987294,-0.01856365,0.9541573,-0.001686917,0.999799,0.01997977,-0.9543363,-0.00757813,0.298638,moving,-5.878088668555623,-7.521050206497515,-3.7406576138874312,-6.083596143146296,-1.9306203,-0.21027293,0.46276800000000007,-0.10154019300681433,-0.13021393018442806,0.9862728180917255,-5.349612520796979,-6.69123249451442,2.5487853600671153,2.575827187080863,1.7198714568165492
2140,05/05/2023 15:32:22.356767,2323,True,True,True,True,Eyes,0.8445042,0.02425354,-3.379178,-0.9709326,-0.1372031,0.1961258,0.0,0.0,0.0,0.0,0.0,0.0,0.0,2.981433,0.05702903,1.751371,0.7825691,0.0180016,-3.368495,0.01032957,-0.5923105,-0.003438763,0.8056362,0.7202339,287.3463,358.9813,0.2640634,0.006184547,-0.9644851,-0.3577236,0.01483815,0.05250318,-1.14766,-0.2056842,-2.909968,-0.1345837,-0.2122,1.991,0.2983129,-0.01777741,0.9543025,-0.006695844,0.999763,0.02071738,-0.9544446,-0.01257012,0.2981231,moving,-5.78816153874891,-7.310389347034836,-3.867084655040769,-6.083596143146296,-1.9302291,-0.22368580000000002,0.4585269999999997,-0.10003920012457534,-0.12660615131805614,0.986895726358603,-5.25865642936732,-6.48439942267657,2.2559695712495884,2.279376660015824,1.4481420068434476
2141,05/05/2023 15:32:22.376455,2324,True,True,True,True,Eyes,0.8409583,0.02387417,-3.378109,-0.9705437,-0.13858,0.19708,0.0,0.0,0.0,0.0,0.0,0.0,0.0,2.983696,0.05848589,1.736403,0.7725514,0.01717997,-3.365089,0.01060515,-0.592898,-0.003086287,0.8052018,0.7688672,287.2622,358.9946,0.2619081,0.006262536,-0.9650721,-0.3362601,0.01394786,0.04935299,-1.157737,-0.2167063,-2.911857,-0.1388755,-0.2122,1.991,0.2969248,-0.01754571,0.9547396,-0.007605373,0.999756,0.02073827,-0.9548706,-0.01341886,0.296719,moving,-5.646156080242776,-7.3359640653141405,-3.990011666670518,-6.083596143146296,-1.9302884,-0.23388626999999998,0.4532320000000003,-0.09758697221426926,-0.1270777372864954,0.9870805681148249,-5.115429027973062,-6.506759134140136,2.0549599975193846,2.0763525064597306,1.2023440248398267
2142,05/05/2023 15:32:22.396497,2325,True,True,True,True,Eyes,0.8371509,0.02349126,-3.376906,-0.9701594,-0.1398735,0.1980556,0.0,0.0,0.0,0.0,0.0,0.0,0.0,2.986332,0.05938096,1.719871,0.7625871,0.01662263,-3.361226,0.01070952,-0.593687,-0.003029951,0.8046191,0.781337,287.1497,358.9919,0.2598792,0.006322187,-0.9656201,-0.3160845,0.01311099,0.04639181,-1.169472,-0.2191743,-2.915347,-0.1431015,-0.2122,1.990999,0.2950531,-0.01759212,0.9553189,-0.007840289,0.9997523,0.02083185,-0.9554487,-0.01363648,0.294842,moving,-5.4724695362209665,-7.393525192643424,-4.11102013878134,-6.0835991757822026,-1.9320591,-0.23579693,0.4458789999999997,-0.09458166059330259,-0.12810664783267747,0.9872400287480537,-4.940277486671672,-6.559708694608846,1.8702234224083203,1.889298978838084,0.9562154688915278
2143,05/05/2023 15:32:22.406432,2326,True,True,True,True,Eyes,0.8330852,0.0230696,-3.375575,-0.9698316,-0.1409032,0.1989293,0.0,0.0,0.0,0.0,0.0,0.0,0.0,2.9886,0.05251218,1.703761,0.7523792,0.01614745,-3.357224,0.0090024,-0.5944073,-0.00431458,0.8041023,0.5356352,287.0503,358.9892,0.2579574,0.006365273,-0.966135,-0.2971195,0.01232433,0.0436083,-1.181548,-0.2200813,-2.919463,-0.1474343,-0.2121999,1.991,0.2933226,-0.01764091,0.9558508,-0.003763457,0.9998007,0.01960693,-0.9560062,-0.009348461,0.2931978,moving,-5.317154437031429,-7.694478090064544,-4.235044446232958,-6.08359329772918,-1.9339272,-0.23622875000000002,0.43776100000000007,-0.09184139112473805,-0.13332480318985063,0.9868077656048062,-4.783932940948836,-6.850089292345356,1.9227809688048803,1.9405957452192917,0.9427590834322962
2144,05/05/2023 15:32:22.426627,2327,True,True,True,True,Eyes,0.8288062,0.02260421,-3.374074,-0.9695075,-0.1418253,0.1998521,0.0,0.0,0.0,0.0,0.0,0.0,0.0,2.99071,0.04454832,1.687061,0.742143,0.01474732,-3.352835,0.006832475,-0.5951843,-0.005875467,0.8035389,0.2284015,286.943,358.993,0.2561263,0.006392351,-0.9666219,-0.2792923,0.01158487,0.0409918,-1.194778,-0.2119438,-2.922796,-0.1518733,-0.2121999,1.991,0.2914425,-0.01757549,0.956427,0.001309169,0.9998376,0.01797429,-0.9565876,-0.003986348,0.2914181,moving,-5.151920938171693,-8.049814101630998,-4.362069553847101,-6.08359329772918,-1.936921,-0.22669112,0.43003899999999984,-0.08891910147049381,-0.13947931661494148,0.9862246112225447,-4.617643804877688,-7.193268938765248,2.103146806030721,2.1189359261232483,1.1387265809221527
2145,05/05/2023 15:32:22.446364,2328,True,True,True,True,Eyes,0.8242974,0.02210661,-3.372443,-0.9692019,-0.1426923,0.2007153,0.0,0.0,0.0,0.0,0.0,0.0,0.0,2.991689,0.04663782,1.672192,0.7323569,0.01330634,-3.348444,0.006791779,-0.5957511,-0.006215589,0.8031165,0.2007242,286.8622,358.9643,0.2543719,0.006403793,-0.9670849,-0.2625347,0.01088978,0.03853229,-1.208227,-0.2026095,-2.925841,-0.1562115,-0.2121999,1.991,0.2900841,-0.0180761,0.9568305,0.001891263,0.9998304,0.01831507,-0.9569994,-0.003503293,0.2900691,moving,-5.013541975949799,-8.126266437675758,-4.48616871073905,-6.08359329772918,-1.9405839,-0.21591584,0.42260300000000006,-0.08652029832397401,-0.1408250136655225,0.9862467240001489,-4.47813206251769,-7.265256415752756,2.0968493241488093,2.109653079896849,1.1816904468649283
2146,05/05/2023 15:32:22.456752,2329,True,True,True,True,Eyes,0.8195665,0.02158626,-3.370685,-0.9689081,-0.1437388,0.2013857,0.0,0.0,0.0,0.0,0.0,0.0,0.0,2.990777,0.0495374,1.659817,0.7223409,0.01203822,-3.343691,0.006867229,-0.5959384,-0.006649224,0.8029733,0.1778089,286.8353,358.9192,0.252681,0.006400251,-0.9675281,-0.2467826,0.01023639,0.03622036,-1.219945,-0.2029343,-2.928229,-0.1603481,-0.2122,1.991001,0.2896263,-0.01886319,0.9569541,0.002493407,0.9998173,0.01895346,-0.9571367,-0.003103348,0.2896204,moving,-4.937514317030318,-8.211681830152731,-4.604459313438771,-6.0835931105134025,-1.9422859,-0.21497252,0.4154620000000002,-0.08519323883700508,-0.1423114603575671,0.9861488271771647,-4.401530860737755,-7.347096656999732,2.1431486664170376,2.153993322662241,1.2796957329377792
2147,05/05/2023 15:32:22.476611,2330,True,True,True,True,Eyes,0.8146265,0.02105395,-3.368799,-0.9686251,-0.1447074,0.2020526,0.0,0.0,0.0,0.0,0.0,0.0,0.0,2.988241,0.05128768,1.650633,0.7122254,0.01099487,-3.339075,0.006641394,-0.5956925,-0.007418084,0.8031508,0.1048678,286.8707,358.8639,0.2510418,0.006382577,-0.9679548,-0.2319757,0.009622206,0.03404713,-1.231543,-0.2031954,-2.928669,-0.1646788,-0.2122,1.991,0.2901908,-0.01982814,0.9567633,0.004003224,0.9998017,0.01950587,-0.9569604,-0.001830288,0.2902127,moving,-4.9221561155223785,-8.345336799892708,-4.728262978389876,-6.083596143146296,-1.9437684000000002,-0.21419027,0.4104059999999996,-0.08490024941273672,-0.144615117902794,0.985838974911799,-4.386187715536206,-7.477020723825278,2.260145034507409,2.2700364197533873,1.4347987829297897
2148,05/05/2023 15:32:22.496475,2331,True,True,True,True,Eyes,0.8094773,0.02053769,-3.366816,-0.968338,-0.1458063,0.2026376,0.0,0.0,0.0,0.0,0.0,0.0,0.0,2.984926,0.05559246,1.642188,0.7022617,0.01018204,-3.334124,0.00680581,-0.5953497,-0.008312682,0.803395,0.05945019,286.9193,358.7703,0.2494442,0.006351843,-0.9683679,-0.2180571,0.009044874,0.0320043,-1.243001,-0.2014544,-2.927179,-0.1690896,-0.2122,1.991,0.2909794,-0.0214604,0.9564887,0.005253059,0.9997692,0.02083341,-0.956715,-0.001037603,0.291025,moving,-4.918790788211192,-8.462847055250357,-4.854308675448762,-6.083596143146296,-1.9452627,-0.21163644,0.4069449999999999,-0.08481681229404264,-0.14663774721061007,0.9855472772742688,-4.382924913145901,-7.591433072481411,2.3710544617304774,2.380124544139301,1.5798021574961694
2149,05/05/2023 15:32:22.506876,2332,True,True,True,True,Eyes,0.8041254,0.02002674,-3.364703,-0.9680826,-0.1466404,0.203255,0.0,0.0,0.0,0.0,0.0,0.0,0.0,2.981229,0.05844758,1.634438,0.6923229,0.01004242,-3.329131,0.006680722,-0.5949163,-0.009561513,0.8037032,359.9634,286.9813,358.6638,0.247879,0.006309828,-0.96877,-0.2049737,0.008502181,0.03008405,-1.254151,-0.2003118,-2.925045,-0.1734796,-0.2122,1.991,0.2919665,-0.02331818,0.9561443,0.007420296,0.9997279,0.02211523,-0.9563999,0.0006379642,0.2920601,moving,-4.924865986940036,-8.617059386328075,-4.979713232409077,-6.083596143146296,-1.9464739,-0.21035422,0.40408599999999995,-0.08488725854734325,-0.1492889247013392,0.9851430823275137,-4.389227062998177,-7.741768616042053,2.525502349436749,2.5340568708868156,1.7601732488976163
2150,05/05/2023 15:32:22.526596,2333,True,True,True,True,Eyes,0.7985916,0.0194852,-3.362473,-0.9678596,-0.1472268,0.2038924,0.0,0.0,0.0,0.0,0.0,0.0,0.0,2.976624,0.05732408,1.627914,0.6821,0.009628663,-3.323902,0.005233414,-0.5942768,-0.01217039,0.8041517,359.6535,287.0749,358.5219,0.2463381,0.006257813,-0.9691634,-0.1926753,0.00799205,0.028279,-1.265341,-0.1966848,-2.922287,-0.1777503,-0.2122,1.991001,0.293374,-0.02579387,0.9556499,0.01335349,0.999649,0.02288208,-0.9559046,0.006048244,0.2936155,moving,-4.953500037235442,-8.97494162776574,-5.101661450371313,-6.0835931105134025,-1.947441,-0.206313463,0.40161500000000006,-0.08529778783279934,-0.1554339365093329,0.9841568094060028,-4.418515820017432,-8.090915369988966,2.886031150685745,2.895142147211377,2.120384541930469
2151,05/05/2023 15:32:22.546854,2334,True,True,True,True,Eyes,0.7928923,0.01897501,-3.360125,-0.9676161,-0.1479175,0.2045472,0.0,0.0,0.0,0.0,0.0,0.0,0.0,2.971519,0.05696391,1.622751,0.6722071,0.008344786,-3.318818,0.003853056,-0.5934958,-0.01457545,0.8046961,359.364,287.1884,358.3936,0.2448143,0.006195914,-0.9695498,-0.1811148,0.007512527,0.02658226,-1.277357,-0.1857582,-2.918173,-0.1820796,-0.2122,1.991001,0.2951007,-0.02803115,0.9550549,0.01888406,0.9995454,0.02350201,-0.9552796,0.01109985,0.2954959,moving,-5.001747093839422,-9.318125479070105,-5.225238200245294,-6.0835931105134025,-1.9495641,-0.194102986,0.4006449999999999,-0.08604423529279698,-0.16131551402605498,0.9831448292701779,-4.467573792642744,-8.426096393171711,3.2323563403127924,3.2422442717789712,2.461986389851227
2152,05/05/2023 15:32:22.557032,2335,True,True,True,True,Eyes,0.786994,0.01853669,-3.357688,-0.9673727,-0.1484401,0.2053182,0.0,0.0,0.0,0.0,0.0,0.0,0.0,2.966526,0.06816515,1.616869,0.6625181,0.008633232,-3.313636,0.005814205,-0.592821,-0.01439661,0.8051845,359.5585,287.2816,358.2764,0.2433018,0.006126009,-0.9699309,-0.1702479,0.007061775,0.02498733,-1.288918,-0.1764198,-2.913977,-0.1869042,-0.2122,1.991,0.296712,-0.03007742,0.9544932,0.01629029,0.9995179,0.02643224,-0.954828,0.007706212,0.2970589,moving,-5.031473370561695,-9.166188970341322,-5.362898147634327,-6.083596143146296,-1.9514361,-0.18505303199999998,0.39965899999999976,-0.08659147498966596,-0.15870029358744295,0.9835222928428788,-4.497390997847846,-8.278621733582092,3.0917983907662943,3.1003581923919485,2.3594999404533867
2153,05/05/2023 15:32:22.576761,2336,True,True,True,True,Eyes,0.7809301,0.01814922,-3.355128,-0.9671509,-0.1487011,0.2061728,0.0,0.0,0.0,0.0,0.0,0.0,0.0,2.960495,0.0625592,1.613275,0.6520434,0.009862397,-3.30845,0.003807924,-0.5917403,-0.01716548,0.8059369,359.1877,287.4389,358.156,0.2417945,0.006050989,-0.9703083,-0.160033,0.006638068,0.02348809,-1.298558,-0.1823882,-2.90974,-0.1906136,-0.2122,1.991,0.2990977,-0.03217519,0.9536798,0.02316199,0.9993817,0.0264529,-0.9539412,0.01417712,0.299658,moving,-5.111521208775876,-9.566905880925539,-5.468694047288385,-6.083596143146296,-1.9506014,-0.192250597,0.3987099999999999,-0.08786511002467712,-0.16555641992499098,0.9822784219526719,-4.578594544087255,-8.670420647511795,3.491420635813682,3.5015738127131892,2.735678735155996
2154,05/05/2023 15:32:22.586700,2337,True,True,True,True,Eyes,0.7747261,0.01783077,-3.35242,-0.9669431,-0.1487671,0.2070973,0.0,0.0,0.0,0.0,0.0,0.0,0.0,2.954051,0.05384138,1.610063,0.6419935,0.010645,-3.30293,0.001538723,-0.5906354,-0.01923047,0.806708,358.8406,287.5992,358.1174,0.2402872,0.005972808,-0.9706833,-0.150431,0.006239784,0.0220788,-1.310554,-0.1676989,-2.903611,-0.1952084,-0.2122,1.990999,0.30156,-0.03284439,0.9528815,0.02920909,0.9992557,0.02519899,-0.9529998,0.02023379,0.3022949,moving,-5.204629438286047,-9.925699635835723,-5.599693337807471,-6.0835991757822026,-1.9525475,-0.1783439,0.39931899999999976,-0.08936618430423021,-0.1716812543963105,0.9810907870014483,-4.672926359091282,-9.021614917180125,3.850721503446926,3.8623582731083546,3.0807196447487266
2155,05/05/2023 15:32:22.606764,2338,True,True,True,True,Eyes,0.7683589,0.01757315,-3.349594,-0.9667529,-0.1485256,0.208156,0.0,0.0,0.0,0.0,0.0,0.0,0.0,2.947667,0.04989571,1.606894,0.6321138,0.01203285,-3.297518,0.001030891,-0.5895506,-0.01941275,0.8074975,358.7838,287.7538,358.1333,0.2387767,0.005893796,-0.9710564,-0.1414052,0.005865397,0.02075407,-1.321776,-0.1545604,-2.896472,-0.1994615,-0.2122,1.990999,0.3041064,-0.03256701,0.9520813,0.03013596,0.9992442,0.02455448,-0.9521613,0.02122471,0.304858,moving,-5.299442143942875,-9.9712673089972,-5.720895832055301,-6.0835991757822026,-1.9538898,-0.16659325,0.401046,-0.09097738725132504,-0.172436211479391,0.9808102833011728,-4.768625374001044,-9.067709965041018,3.8983688158252345,3.910445847373283,3.1323691078565017
2156,05/05/2023 15:32:22.627576,2339,True,True,True,True,Eyes,0.6059909,0.01177179,-3.276394,-0.9618911,-0.1467821,0.2306956,0.0,0.0,0.0,0.0,0.0,0.0,0.0,2.939509,0.03460213,1.606636,0.6218039,0.01316124,-3.291866,-0.002291923,-0.5879625,-0.02150765,0.808599,358.3383,287.9821,358.1605,0.2372596,0.005815832,-0.9714286,-0.1329209,0.005513473,0.01950883,-1.332004,-0.1511119,-2.889769,-0.2037777,-0.2122,1.991,0.3076751,-0.032087,0.9509503,0.03747726,0.9990643,0.02158489,-0.9507531,0.02899788,0.3085897,moving,-4.187605489674136,-10.263470814722844,-5.843841097502417,-6.083596143146296,-1.9538079,-0.16427313999999998,0.40209700000000037,-0.07186008708174829,-0.17771426082115482,0.9814548906518193,-3.6473249098959375,-9.332364361274625,4.494027820749943,4.496050339878933,3.9216295461884236
2157,05/05/2023 15:32:22.646412,2340,True,True,True,True,Eyes,0.6056089,0.01180119,-3.276173,-0.9618446,-0.1468385,0.2308534,0.0,0.0,0.0,0.0,0.0,0.0,0.0,2.930993,0.02526895,1.607355,0.6122755,0.01349298,-3.286318,-0.004096509,-0.5863494,-0.02218219,0.8097442,358.1291,288.2113,358.2157,0.2298252,0.005549747,-0.9732158,-0.6120496,-0.01222141,0.2379376,-1.343098,-0.134431,-2.879852,-0.2080106,-0.2122,1.991,0.3114048,-0.03111982,0.9497677,0.04072776,0.9989823,0.01937877,-0.9494042,0.03264727,0.3123553,moving,-4.414604424792626,-10.481097107029766,-5.964363972307032,-6.083596143146296,-1.9553734999999999,-0.14792397999999998,0.406466,-0.07569628673133544,-0.1813891931673426,0.9804937045693652,-3.876567894801793,-9.5484480501071,4.659303888718507,4.662592560203831,4.045255393472232
2158,05/05/2023 15:32:22.656922,2341,True,True,True,True,Eyes,0.6056089,0.01180119,-3.276173,-0.9618446,-0.1468385,0.2308534,0.0,0.0,0.0,0.0,0.0,0.0,0.0,2.922151,0.02554324,1.60862,0.6026809,0.0142381,-3.280831,-0.003665408,-0.5846804,-0.02163562,0.810967,358.2095,288.4469,358.2338,0.2237283,0.005323223,-0.9746368,-0.5753266,-0.01148813,0.2236613,-1.352823,-0.1268754,-2.870416,-0.2125625,-0.2122,1.991,0.3153614,-0.03080537,0.9484715,0.03937773,0.999037,0.0193548,-0.9481543,0.0312449,0.3162707,moving,-4.656106775075811,-10.409436065904819,-6.0939105821258925,-6.083596143146296,-1.9555039,-0.1411135,0.410415,-0.07984756302548818,-0.1801042166874951,0.9804013003526894,-4.120116668877707,-9.482982689349992,4.554275831944287,4.558527264906855,3.9308639384346895
2159,05/05/2023 15:32:22.676573,2342,True,True,True,True,Eyes,0.6056089,0.01180119,-3.276173,-0.9618446,-0.1468385,0.2308534,0.0,0.0,0.0,0.0,0.0,0.0,0.0,2.912952,0.02498195,1.611014,0.5930128,0.01494762,-3.275575,-0.004009041,-0.5828275,-0.02242489,0.8122767,358.1288,288.7091,358.1792,0.2187278,0.005129056,-0.9757722,-0.540807,-0.01079884,0.2102416,-1.361791,-0.1288731,-2.860785,-0.2167082,-0.2122,1.991,0.3196185,-0.03175727,0.947014,0.04110359,0.9989621,0.01962679,-0.9466545,0.03265259,0.3205921,moving,-4.908402193902136,-10.50591403900474,-6.211842421009017,-6.083596143146296,-1.9548038,-0.14382071999999999,0.41479,-0.08413889639839311,-0.1816904433665259,0.979749509224223,-4.374742678529746,-9.581504431686477,4.604376602735095,4.610406923219499,3.9509869474418045
2160,05/05/2023 15:32:22.686531,2343,True,True,True,True,Eyes,0.6041634,0.01180375,-3.275329,-0.9617896,-0.1470739,0.230933,0.0,0.0,0.0,0.0,0.0,0.0,0.0,2.904049,0.02951344,1.613293,0.5839791,0.01441286,-3.27045,-0.003370447,-0.5810941,-0.02249727,0.8135185,358.1874,288.9534,358.1259,0.2146187,0.004962118,-0.976685,-0.5083586,-0.01015091,0.1976271,-1.371254,-0.1249905,-2.851088,-0.2213765,-0.2122,1.991,0.3236469,-0.0326868,0.9456132,0.04052099,0.998965,0.02066223,-0.9453099,0.03162991,0.3246365,moving,-5.139530115136499,-10.476356625013082,-6.344577277252027,-6.083596143146296,-1.9552331,-0.13940336,0.419362,-0.0880998426695942,-0.18112274885283755,0.9795065006358841,-4.607873005564045,-9.556867828672289,4.547630399994652,4.555050308610565,3.883266399408603
2161,05/05/2023 15:32:22.706297,2344,True,True,True,True,Eyes,0.6024355,0.01184701,-3.274317,-0.9616645,-0.1476102,0.2311116,0.0,0.0,0.0,0.0,0.0,0.0,0.0,2.895641,0.04172436,1.615012,0.5754035,0.01369598,-3.265496,-0.0006680283,-0.5795281,-0.02086443,0.814685,358.5519,289.1716,358.0956,0.211197,0.004818339,-0.9774314,-0.4778571,-0.009541855,0.1857695,-1.379769,-0.127216,-2.841879,-0.2256688,-0.2122,1.991,0.3274237,-0.03322159,0.9442936,0.03477016,0.9991285,0.02309459,-0.9442378,0.02527151,0.3282935,moving,-5.346488219724238,-10.155760499061595,-6.4665609602936085,-6.083596143146296,-1.9551725,-0.14091198,0.42361700000000013,-0.0917309241127997,-0.17558134643661816,0.9801819125569327,-4.8162933073261565,-9.248280531895087,4.215716785336284,4.223397386672682,3.569119023907863
2162,05/05/2023 15:32:22.726460,2345,True,True,True,True,Eyes,0.6004196,0.01195904,-3.273134,-0.9616506,-0.1479933,0.2309246,0.0,0.0,0.0,0.0,0.0,0.0,0.0,2.888006,0.05621043,1.615026,0.566848,0.01479544,-3.260447,0.002846703,-0.5781735,-0.01897313,0.8156884,359.009,289.3577,358.0373,0.208181,0.004692538,-0.9780788,-0.4491857,-0.008969344,0.1746233,-1.387173,-0.1403712,-2.833703,-0.2297359,-0.2121999,1.991,0.3307109,-0.0342441,0.9431106,0.02766054,0.9992638,0.02658357,-0.9433267,0.01729548,0.3314146,moving,-5.5406005820913515,-9.736249431148092,-6.582090365343353,-6.08359329772918,-1.954021,-0.15516664,0.42674400000000023,-0.09517311388024047,-0.16834532986485226,0.981122822340528,-5.011643477968784,-8.84310399715175,3.7908697348963596,3.7982361429512386,3.175090979214945
2163,05/05/2023 15:32:22.736735,2346,True,True,True,True,Eyes,0.5981293,0.01211869,-3.271789,-0.9616308,-0.1481069,0.2309341,0.0,0.0,0.0,0.0,0.0,0.0,0.0,2.879382,0.0560246,1.616769,0.5578505,0.01656339,-3.255219,0.002357807,-0.5764672,-0.0205928,0.8168574,358.8603,289.5984,357.9158,0.2054129,0.004582816,-0.9786644,-0.4222345,-0.008431183,0.1641459,-1.394585,-0.1547984,-2.826968,-0.2340417,-0.2121999,1.991,0.334523,-0.03636115,0.9416859,0.03092436,0.9991407,0.02759413,-0.94188,0.01989016,0.33536,moving,-5.757515239458326,-9.915063926935964,-6.70434166915624,-6.08359329772918,-1.9524355,-0.17136179,0.42825099999999994,-0.0988349639685771,-0.17134503448014823,0.980241060625083,-5.230669716281876,-9.021197724099592,3.936988576768305,3.9467261712017385,3.2865222942374177
2164,05/05/2023 15:32:22.766641,2347,True,True,True,True,Eyes,0.5955291,0.01229866,-3.270426,-0.9615997,-0.1480632,0.2310916,0.0,0.0,0.0,0.0,0.0,0.0,0.0,2.869509,0.05288375,1.620961,0.5489309,0.01783481,-3.250038,0.0006479667,-0.5744016,-0.02357519,0.818234,358.5088,289.8915,357.7455,0.202861,0.004489026,-0.979197,-0.3969005,-0.007925312,0.1542972,-1.403777,-0.147181,-2.81796,-0.2384957,-0.2122,1.991,0.339014,-0.03932443,0.9399592,0.03783565,0.9988875,0.02814363,-0.9400202,0.02602288,0.3401248,moving,-6.005469996281935,-10.295635650013454,-6.830736195183631,-6.083596143146296,-1.9527079,-0.16501581,0.4320780000000002,-0.10295683398960442,-0.17777748379479852,0.9786700559510935,-5.481236356668124,-9.39639195156576,4.278282874589315,4.292125476551144,3.5771169791376622
2165,05/05/2023 15:32:22.786577,2348,True,True,True,True,Eyes,0.5926901,0.01250172,-3.268918,-0.9615108,-0.1480013,0.2315009,0.0,0.0,0.0,0.0,0.0,0.0,0.0,2.857206,0.05317742,1.630124,0.5399542,0.0183842,-3.245285,-0.0002886142,-0.5716285,-0.02593373,0.8201026,358.2739,290.2819,357.5799,0.200495,0.004410213,-0.9796845,-0.3730865,-0.007449793,0.1450393,-1.412955,-0.1327737,-2.806947,-0.2426965,-0.2121999,1.991,0.3451366,-0.04220667,0.937603,0.04286659,0.9986547,0.02917552,-0.937573,0.0301223,0.3464816,moving,-6.338332445153424,-10.56484001758243,-6.9498843148589415,-6.08359329772918,-1.9529092000000001,-0.15115789999999998,0.4383379999999999,-0.10855003384633977,-0.18226473035185572,0.9772392379764865,-5.817333254056845,-9.664624482573418,4.50330516881359,4.5227831977153,3.755856260847968
2166,05/05/2023 15:32:22.796838,2349,True,True,True,True,Eyes,0.5895557,0.01266931,-3.267367,-0.961342,-0.1479793,0.2322145,0.0,0.0,0.0,0.0,0.0,0.0,0.0,2.843963,0.05765394,1.640514,0.5313299,0.01914988,-3.240379,0.0001676511,-0.5687159,-0.02694832,0.8220926,358.2593,290.6885,357.4484,0.1982903,0.004345599,-0.9801334,-0.3507013,-0.007002805,0.136337,-1.421111,-0.1231302,-2.793252,-0.2470358,-0.2122,1.991,0.3516724,-0.04449871,0.935065,0.04411733,0.9985475,0.03092751,-0.935083,0.03037621,0.3531247,moving,-6.679819532086561,-10.614658020072754,-7.072897332947604,-6.083596143146296,-1.9524409,-0.14228008,0.44712700000000005,-0.11435671319038365,-0.18299438328233422,0.9764402111948023,-6.161884004715497,-9.719296416775867,4.523324521016155,4.5480800223903355,3.7481010877358525
2167,05/05/2023 15:32:22.817447,2350,True,True,True,True,Eyes,0.5862173,0.01286865,-3.265692,-0.9610866,-0.1480877,0.2332003,0.0,0.0,0.0,0.0,0.0,0.0,0.0,2.831527,0.06500196,1.653126,0.5210457,0.01847408,-3.23771,0.0009787319,-0.5653591,-0.02771243,0.8243787,358.2968,291.1552,357.3165,0.196222,0.004292713,-0.9805498,-0.3296592,-0.006582637,0.1281568,-1.428496,-0.1210375,-2.779751,-0.2522614,-0.2121999,1.991,0.3592022,-0.04679774,0.9320858,0.04458439,0.9984621,0.03294864,-0.9321942,0.02972125,0.3607363,moving,-7.0658238708831655,-10.624929133250397,-7.220948666253373,-6.08359329772918,-1.9495417,-0.13951158,0.4579589999999998,-0.12093166659334936,-0.18302579721529968,0.9756417831763866,-6.551299612272644,-9.736244300898504,4.512964066145569,4.5439844710482715,3.7135278653123307
2168,05/05/2023 15:32:22.826328,2351,True,True,True,True,Eyes,0.5862173,0.01286865,-3.265692,-0.9610866,-0.1480877,0.2332003,0.0,0.0,0.0,0.0,0.0,0.0,0.0,2.814642,0.07795652,1.669967,0.5127385,0.01949568,-3.233233,0.003400534,-0.5615325,-0.02776732,0.8269817,358.5353,291.6823,357.1477,0.1942717,0.004251373,-0.9809384,-0.3098796,-0.006187679,0.1204674,-1.436744,-0.1221955,-2.766062,-0.2570427,-0.2122,1.991,0.3678204,-0.04974515,0.9285654,0.04210711,0.9984348,0.03680886,-0.9289431,0.02556014,0.3693394,moving,-7.570417978061334,-10.443708203225594,-7.356327296706986,-6.083596143146296,-1.9494825,-0.14169118,0.467171,-0.12959900257166512,-0.17974065593684813,0.9751395770077029,-7.060134089620562,-9.568782617163253,4.3259524339335895,4.365365047311817,3.497750016023857
2169,05/05/2023 15:32:22.846192,2352,True,True,True,True,Eyes,0.5826855,0.01288139,-3.262908,-0.9637166,-0.1454104,0.2238441,0.0,0.0,0.0,0.0,0.0,0.0,0.0,2.796581,0.09105193,1.687974,0.5046414,0.0211881,-3.228513,0.00638005,-0.557502,-0.02694645,0.8297136,358.8851,292.233,357.0285,0.1925154,0.004214149,-0.9812847,-0.2912869,-0.005816418,0.1132393,-1.441659,-0.1285071,-2.747883,-0.2608258,-0.2122,1.991,0.3769309,-0.05182946,0.9247901,0.03760189,0.9984664,0.04063263,-0.9254777,0.01945817,0.3783016,moving,-8.683008075589662,-10.036020167836025,-7.463384282392705,-6.083596143146296,-1.9463004000000002,-0.14969520000000003,0.4806300000000001,-0.14870908983460107,-0.17232958743311508,0.973749541999495,-8.182064746359925,-9.191642262892776,4.07394058952117,4.1363193624134835,3.190055217666191
2170,05/05/2023 15:32:22.856843,2353,True,True,True,True,Eyes,0.5826855,0.01288139,-3.262908,-0.9637166,-0.1454104,0.2238441,0.0,0.0,0.0,0.0,0.0,0.0,0.0,2.779326,0.0918292,1.705677,0.4963998,0.02216806,-3.224208,0.006839836,-0.5534798,-0.02679547,0.8324034,358.9529,292.7861,357.0084,0.190846,0.00418142,-0.9816109,-0.2738096,-0.005467433,0.106445,-1.445724,-0.1382279,-2.728695,-0.2646631,-0.2121999,1.991,0.3858843,-0.0521807,0.9210703,0.03703786,0.9984704,0.04104851,-0.9218034,0.0182745,0.3872267,moving,-9.2360768306045,-10.01354183920744,-7.571921540918325,-6.08359329772918,-1.9421238,-0.16039595999999998,0.49551299999999987,-0.15811932076714846,-0.17169351626335289,0.9723783561565896,-8.739979349244628,-9.179691846158127,4.1927354153267435,4.267775575971349,3.30910641490658
2171,05/05/2023 15:32:22.876648,2354,True,True,True,True,Eyes,0.5826855,0.01288139,-3.262908,-0.9637166,-0.1454104,0.2238441,0.0,0.0,0.0,0.0,0.0,0.0,0.0,2.763412,0.09650899,1.721027,0.4887184,0.02274747,-3.219989,0.00883058,-0.5498574,-0.02458758,0.8348497,359.2955,293.2776,357.0899,0.1893429,0.004151952,-0.981902,-0.2573811,-0.005139387,0.1000583,-1.450547,-0.1392896,-2.709657,-0.2689331,-0.2121999,1.990999,0.3941045,-0.05076499,0.9176625,0.03134275,0.9986349,0.04178374,-0.918531,0.01229491,0.3951577,moving,-9.750693679697775,-9.696545648585566,-7.692637193789733,-6.083596330363688,-1.9392654,-0.16203707,0.510332,-0.16700984159632803,-0.1660643955506902,0.9718695282746977,-9.25877213565736,-8.88014465178737,4.076265242756642,4.158004241848256,3.205224043681865
2172,05/05/2023 15:32:22.896438,2355,True,True,True,True,Eyes,0.5826855,0.01288139,-3.262908,-0.9637166,-0.1454104,0.2238441,0.0,0.0,0.0,0.0,0.0,0.0,0.0,2.747368,0.09825875,1.736046,0.4808553,0.02340772,-3.215551,0.01010731,-0.5462114,-0.0228637,0.8372743,359.5387,293.7731,357.1725,0.1879899,0.004125424,-0.9821621,-0.2419382,-0.004831024,0.09405477,-1.454442,-0.1508089,-2.692907,-0.2733139,-0.2122,1.990999,0.4022607,-0.04932784,0.9141954,0.02724491,0.9987502,0.04190202,-0.9151198,0.008051636,0.4031019,moving,-10.265659729336617,-9.47816723561289,-7.816410008175498,-6.0835991757822026,-1.9352973,-0.17421662,0.5226440000000001,-0.17585535494749915,-0.1621055283838161,0.970977210058106,-9.778028114533452,-8.676672462828478,4.097657287593375,4.185918836937775,3.2514573143721783
2173,05/05/2023 15:32:22.906767,2356,True,True,True,True,Eyes,0.5826855,0.01288139,-3.262908,-0.9637166,-0.1454104,0.2238441,0.0,0.0,0.0,0.0,0.0,0.0,0.0,2.72945,0.09698963,1.752849,0.4739561,0.02423492,-3.210384,0.01062351,-0.5423509,-0.02175922,0.8398031,359.67,294.2986,357.2447,0.186772,0.004101545,-0.9823945,-0.2274219,-0.004541162,0.08841148,-1.458578,-0.1588051,-2.675605,-0.2775534,-0.2122,1.991,0.4107641,-0.04807025,0.9104735,0.02502356,0.9988273,0.04144558,-0.9113981,0.005758942,0.4114853,moving,-10.805982098347155,-9.374795770561748,-7.9361168288716915,-6.083596143146296,-1.9325340999999998,-0.18304002,0.5347789999999999,-0.18506614804308757,-0.16007817582276612,0.9696007163375446,-10.322993086886068,-8.585690576557658,4.270554752987703,4.36670604145059,3.4579842140734014
2174,05/05/2023 15:32:22.926483,2357,True,True,True,True,Eyes,0.5826855,0.01288139,-3.262908,-0.9637166,-0.1454104,0.2238441,0.0,0.0,0.0,0.0,0.0,0.0,0.0,2.711402,0.09938159,1.770301,0.4664684,0.02475416,-3.205828,0.01200725,-0.5382967,-0.01996782,0.8424332,359.9274,294.8463,357.3308,0.1856756,0.004080049,-0.9826024,-0.2137766,-0.004268693,0.08310679,-1.461657,-0.1627091,-2.656384,-0.281692,-0.2121999,1.991,0.4196759,-0.04657004,0.9064785,0.02071618,0.9989142,0.04172784,-0.9074376,0.001266606,0.420185,moving,-11.371932797729508,-9.144208970572418,-8.052911197029164,-6.08359329772918,-1.9281253999999999,-0.18746326,0.5494439999999998,-0.194766936351484,-0.1558765173384051,0.9683844290854934,-10.893669029744107,-8.371242515303365,4.41481408418707,4.514783791364669,3.6473612388683248
2175,05/05/2023 15:32:22.946446,2358,True,True,True,True,Eyes,0.5826855,0.01288139,-3.262908,-0.9637166,-0.1454104,0.2238441,0.0,0.0,0.0,0.0,0.0,0.0,0.0,2.691752,0.09421355,1.789283,0.4591156,0.02593622,-3.2007,0.01133836,-0.5339625,-0.02014274,0.8451922,359.8657,295.4366,357.3544,0.184689,0.004060702,-0.9827884,-0.20095,-0.004012571,0.07812039,-1.464725,-0.1713677,-2.637482,-0.2861478,-0.2122,1.990999,0.4289566,-0.0461575,0.902145,0.02194045,0.9989314,0.04067713,-0.9030586,0.002344738,0.429511,moving,-11.965451282993778,-9.247428288844377,-8.178585943611402,-6.0835991757822026,-1.9238406000000001,-0.19730392000000002,0.563218,-0.20474106459785563,-0.1572940638754035,0.9660950908608466,-11.492530995485737,-8.482468222954514,4.8225545948619795,4.934588509214865,4.091063982917375
2176,05/05/2023 15:32:22.966558,2359,True,True,True,True,Eyes,0.5767362,0.01335132,-3.259966,-0.962979,-0.1451877,0.2271385,0.0,0.0,0.0,0.0,0.0,0.0,0.0,2.67274,0.08603355,1.808293,0.4500718,0.02587299,-3.196502,0.009388281,-0.5294069,-0.02155746,0.8480422,359.6046,296.0587,357.3345,0.1838003,0.004043278,-0.982955,-0.188893,-0.003771817,0.07343317,-1.468186,-0.1679551,-2.616342,-0.2906045,-0.2122,1.991,0.4385274,-0.0465037,0.8975139,0.02662282,0.9988943,0.03874864,-0.8983234,0.00690201,0.4392806,moving,-12.386753830774065,-9.533028831858616,-8.304198764330813,-6.083596143146296,-1.9182578000000001,-0.19382809,0.5801600000000002,-0.2116808282399456,-0.1618630756066013,0.9638420475188672,-11.917865365114318,-8.76826371232805,5.217390904930312,5.344702212892555,4.50178034322361
2177,05/05/2023 15:32:22.976696,2360,True,True,True,True,Eyes,0.5706667,0.01377623,-3.256963,-0.9621661,-0.1448021,0.2308001,0.0,0.0,0.0,0.0,0.0,0.0,0.0,2.650448,0.08054025,1.830449,0.4422269,0.0256004,-3.191502,0.007876334,-0.5244007,-0.02299785,0.8511246,359.3862,296.7379,357.2825,0.1828421,0.004042255,-0.9831337,-0.1775594,-0.003545508,0.06902718,-1.473423,-0.1586406,-2.594715,-0.2948118,-0.2122,1.991,0.44895,-0.04740879,0.8922984,0.03088737,0.9988181,0.03752767,-0.8930231,0.0107127,0.4498837,moving,-12.839970976633348,-9.777159667355267,-8.4227123238358,-6.083596143146296,-1.9156499,-0.184241,0.596787,-0.2191571164916779,-0.16568834399627064,0.9615183145777606,-12.375348777909652,-9.014235376334227,5.61515340414754,5.758001868103362,4.920567167834808
2178,05/05/2023 15:32:22.996749,2361,True,True,True,True,Eyes,0.5646422,0.01409735,-3.253698,-0.9613312,-0.1442411,0.2345993,0.0,0.0,0.0,0.0,0.0,0.0,0.0,2.62564,0.0746426,1.8557,0.4345449,0.02513755,-3.18649,0.006114906,-0.5188448,-0.02484064,0.8544858,359.1218,297.4891,357.2027,0.1818169,0.004054679,-0.9833238,-0.1669058,-0.003332777,0.06488555,-1.476632,-0.1508382,-2.570662,-0.2991327,-0.2121999,1.991001,0.4603661,-0.04879731,0.8863871,0.03610657,0.9986911,0.03622707,-0.8869947,0.01532667,0.4615255,moving,-13.353146263336955,-10.070048557298662,-8.54434607706831,-6.083590265097683,-1.9111769,-0.17597575000000001,0.615828,-0.2275800895844271,-0.17026382337707113,0.9587583302672813,-12.89337324896204,-9.30878314863765,6.084070276397893,6.246311627425843,5.414416540857087
2179,05/05/2023 15:32:23.006334,2362,True,True,True,True,Eyes,0.5585611,0.01435791,-3.250362,-0.9603587,-0.1438223,0.2388017,0.0,0.0,0.0,0.0,0.0,0.0,0.0,2.598836,0.07306074,1.884493,0.4264399,0.02343221,-3.182484,0.004968854,-0.5126417,-0.02652881,0.8581784,358.9301,298.3223,357.0975,0.1807348,0.004076112,-0.9835232,-0.1568915,-0.003132811,0.06099242,-1.479098,-0.1414324,-2.544786,-0.3040505,-0.2122,1.991001,0.4729895,-0.0506274,0.8796123,0.04043842,0.9985431,0.03572788,-0.8801396,0.01867123,0.4743476,moving,-13.92027490751687,-10.312232083833173,-8.682692956962406,-6.0835931105134025,-1.9055379000000001,-0.16486461000000002,0.6376979999999999,-0.23690531814850696,-0.1739162670528956,0.9558393907206435,-13.465769240581752,-9.554906526362,6.549556547211524,6.731541595760424,5.909977628212506
2180,05/05/2023 15:32:23.026428,2363,True,True,True,True,Eyes,0.5524329,0.01458934,-3.246959,-0.9592844,-0.1437628,0.2431168,0.0,0.0,0.0,0.0,0.0,0.0,0.0,2.569121,0.08267406,1.91454,0.4188899,0.02227368,-3.177533,0.006578178,-0.506143,-0.02649493,0.8620175,359.1131,299.1837,356.9996,0.179599,0.00410386,-0.9837311,-0.147478,-0.002944842,0.05733287,-1.480098,-0.1356998,-2.516406,-0.3078257,-0.2122,1.991,0.4862345,-0.05233718,0.8722597,0.03901919,0.9985095,0.03816146,-0.8729568,0.01547944,0.487552,moving,-14.511449771994062,-10.205814965939577,-8.788831620191292,-6.083596143146296,-1.8989878999999998,-0.15797348,0.661127,-0.24685222683876346,-0.17170132441489688,0.953720459300499,-14.062031164110245,-9.461872288666829,6.86417037101953,7.052733266920972,6.262538075363704
2181,05/05/2023 15:32:23.046596,2364,True,True,True,True,Eyes,0.5462452,0.01479191,-3.243484,-0.9580522,-0.1437954,0.2479092,0.0,0.0,0.0,0.0,0.0,0.0,0.0,2.536248,0.09480035,1.946951,0.4117551,0.02186455,-3.172088,0.008833724,-0.49914,-0.02627484,0.866078,359.3738,300.1054,356.8854,0.1784129,0.004136454,-0.9839467,-0.1386293,-0.002768152,0.0538929,-1.479268,-0.1424488,-2.487267,-0.3122383,-0.2122,1.991,0.5003378,-0.05433065,0.864124,0.0366936,0.9984632,0.04153103,-0.8650524,0.01092826,0.5015625,moving,-15.131931379244874,-10.038037185225356,-8.912808522010678,-6.083596143146296,-1.8910231,-0.16431335,0.6848209999999999,-0.25731306648384694,-0.1684328592570407,0.9515358449211553,-14.6877889353799,-9.309590505667783,7.1782750833921245,7.369877412050498,6.614940544087948
2182,05/05/2023 15:32:23.056807,2365,True,True,True,True,Eyes,0.5462452,0.01479191,-3.243484,-0.9580522,-0.1437954,0.2479092,0.0,0.0,0.0,0.0,0.0,0.0,0.0,2.500306,0.105473,1.982616,0.4040167,0.0214058,-3.166975,0.01045589,-0.4913758,-0.02700016,0.8704662,359.5226,301.1245,356.7161,0.1771809,0.00417253,-0.9841691,-0.1303115,-0.002602063,0.05065932,-1.47671,-0.1510552,-2.455789,-0.316505,-0.2122,1.991,0.5156415,-0.05728099,0.8548875,0.03672991,0.9983233,0.04473745,-0.8560168,0.008331452,0.5168808,moving,-16.127267854904506,-10.0388464505987,-9.032606253613626,-6.083596143146296,-1.8807266999999999,-0.172461,0.7111859999999997,-0.27384033753175435,-0.1676526515701548,0.9470502438585986,-15.691892704763983,-9.328279898832855,7.915188447897051,8.122698334385785,7.407703335912621
2183,05/05/2023 15:32:23.076450,2366,True,True,True,True,Eyes,0.5462452,0.01479191,-3.243484,-0.9580522,-0.1437954,0.2479092,0.0,0.0,0.0,0.0,0.0,0.0,0.0,2.46077,0.1178037,2.021175,0.3967468,0.02054106,-3.161738,0.01243669,-0.4829912,-0.02742615,0.8751072,359.7292,302.2176,356.5593,0.1760717,0.004204994,-0.984368,-0.1224928,-0.002445939,0.04761976,-1.473534,-0.1554736,-2.421623,-0.3208187,-0.2122,1.991,0.5319345,-0.06001526,0.8446561,0.03598802,0.9981863,0.04826006,-0.8460205,0.004726306,0.5331296,moving,-17.199410014132265,-9.996778017146314,-9.153642714579913,-6.083596143146296,-1.8702808,-0.17601466,0.7401150000000003,-0.2915932054751324,-0.16604888439399754,0.9420197858553108,-16.773430395542622,-9.306581231319578,8.72564950436526,8.946919236114086,8.273378824974618
2184,05/05/2023 15:32:23.096722,2367,True,True,True,True,Eyes,0.3744054,0.01668794,-3.145772,-0.9030388,-0.1485361,0.4030607,0.0,0.0,0.0,0.0,0.0,0.0,0.0,2.419448,0.1298711,2.060567,0.3891115,0.01979122,-3.156696,0.01472403,-0.474221,-0.02702209,0.879868,0.01613067,303.353,356.4731,0.1750736,0.004234198,-0.9845459,-0.1151433,-0.002299183,0.04476257,-1.468305,-0.1623466,-2.385206,-0.325207,-0.2122,1.991,0.5487686,-0.06151663,0.8337079,0.03358684,0.9981061,0.05153929,-0.8352994,-0.0002815317,0.5497954,moving,-8.759973697601895,-9.185243897174052,-9.27668785020254,-6.083596143146296,-1.8574165,-0.18213782,0.77149,-0.15038705363370092,-0.1578115448383551,0.9759504216958189,-8.258751363671307,-8.3642409074617,3.1176363470280526,3.1443937898366405,2.497505802117548
2185,05/05/2023 15:32:23.106202,2368,True,True,True,True,Eyes,0.3741148,0.01667971,-3.145561,-0.9026807,-0.1486318,0.403827,0.0,0.0,0.0,0.0,0.0,0.0,0.0,2.376511,0.1366546,2.101212,0.3808088,0.01848516,-3.152176,0.01619862,-0.4649814,-0.0261401,0.8847862,0.2495413,304.5458,356.4843,0.1664405,0.004368357,-0.9860415,-0.6237538,0.003526859,0.3352129,-1.462028,-0.1722851,-2.347867,-0.3297035,-0.2122,1.991,0.5662181,-0.06132092,0.8219712,0.03119269,0.9981086,0.05297395,-0.823665,-0.004355302,0.5670599,moving,-9.912802308348736,-9.056502416175228,-9.402677357372946,-6.083596143146296,-1.8428368000000002,-0.19077026,0.8043089999999999,-0.1700655877005261,-0.1551154009047655,0.9731479909730885,-9.421588666449928,-8.259560639254332,2.9644868888368725,3.016355279774388,2.176046673657002
2186,05/05/2023 15:32:23.126352,2369,True,True,True,True,Eyes,0.3735641,0.01663226,-3.145099,-0.9022471,-0.1486497,0.4047879,0.0,0.0,0.0,0.0,0.0,0.0,0.0,2.331218,0.1370585,2.142505,0.3733997,0.0182982,-3.14705,0.01672782,-0.455495,-0.02540632,0.8897185,0.3793699,305.7678,356.5344,0.1594827,0.004480198,-0.9871902,-0.5863286,0.003315248,0.3151002,-1.454908,-0.1814967,-2.309032,-0.3341132,-0.2121999,1.990999,0.5837576,-0.06044783,0.8096747,0.02997007,0.9981494,0.05291102,-0.8113747,-0.006621206,0.5844889,moving,-11.084410654396057,-9.024300782270192,-9.526150429219753,-6.083596330363688,-1.8283077,-0.1997949,0.8380179999999999,-0.1899615878849048,-0.1539972817345987,0.9696387157604165,-10.603479685527022,-8.249262627504384,3.2491665947500485,3.328050120239964,2.418832122547298
2187,05/05/2023 15:32:23.146886,2370,True,True,True,True,Eyes,0.3727325,0.01655537,-3.144445,-0.9014465,-0.148774,0.4065224,0.0,0.0,0.0,0.0,0.0,0.0,0.0,2.283693,0.1339744,2.184385,0.3655539,0.01743698,-3.141784,0.01657348,-0.4455872,-0.0246081,0.894747,0.4427882,307.04,356.6286,0.1538635,0.004572548,-0.9880813,-0.5511488,0.003116333,0.2961942,-1.445784,-0.1862535,-2.268325,-0.3381162,-0.2122,1.990999,0.601693,-0.05880589,0.7965598,0.02926617,0.9982395,0.05158824,-0.7981911,-0.007728036,0.6023547,moving,-12.260497536733277,-9.05756573156988,-9.638154314657026,-6.0835991757822026,-1.8113378999999998,-0.20369047999999998,0.873459,-0.20982604748737976,-0.15392220591490677,0.9655469649178767,-11.789962316297679,-8.30281957792877,3.862211367540361,3.964991935592414,3.0911513824509322
2188,05/05/2023 15:32:23.156888,2371,True,True,True,True,Eyes,0.3718984,0.01642037,-3.143321,-0.9010919,-0.1495827,0.4070115,0.0,0.0,0.0,0.0,0.0,0.0,0.0,2.234511,0.1336191,2.226192,0.3578001,0.01666883,-3.136642,0.01697434,-0.4354389,-0.02354707,0.8997503,0.5751862,308.3337,356.7233,0.1493112,0.004647878,-0.9887791,-0.5180799,0.002929353,0.2784225,-1.435901,-0.1896382,-2.22622,-0.3424441,-0.2122,1.991,0.6196771,-0.05715553,0.7827731,0.02759038,0.9983147,0.05105195,-0.7843719,-0.01003872,0.6202098,moving,-13.533219716528373,-9.072676630210731,-9.759160458570362,-6.083596143146296,-1.7937011,-0.20630703,0.9104220000000001,-0.23123891721556578,-0.15341336912109624,0.960725173427363,-13.073910937752139,-8.340429697923922,4.690883134541316,4.814366566925283,4.010095813469553
2189,05/05/2023 15:32:23.176637,2372,True,True,True,True,Eyes,0.3708113,0.0162672,-3.142038,-0.9003862,-0.1503569,0.4082862,0.0,0.0,0.0,0.0,0.0,0.0,0.0,2.183692,0.1310137,2.267739,0.3505372,0.01594022,-3.131323,0.01682292,-0.4251328,-0.02297607,0.9046831,0.6247118,309.6426,356.7967,0.1456168,0.004707247,-0.9893297,-0.4869951,0.002753592,0.2617171,-1.424713,-0.1953326,-2.184192,-0.3469145,-0.2122,1.991,0.6374685,-0.05587607,0.7684476,0.02726817,0.9983782,0.04997458,-0.7699938,-0.01090306,0.6379583,moving,-14.765923663576253,-9.171939798385665,-9.884063493727618,-6.083596143146296,-1.7752502,-0.21127282,0.9471310000000002,-0.25181994817188147,-0.15426100131870332,0.9554006409948406,-14.317583514436992,-8.459297211771714,5.6322689076975045,5.776714053059213,5.029916037221575
2190,05/05/2023 15:32:23.196466,2373,True,True,True,True,Eyes,0.3694196,0.01612014,-3.140649,-0.8995196,-0.1509721,0.4099658,0.0,0.0,0.0,0.0,0.0,0.0,0.0,2.133939,0.1260045,2.306809,0.3430477,0.01533423,-3.126184,0.01615491,-0.4150581,-0.0227592,0.9093668,0.6009695,310.9172,356.8582,0.1426028,0.004752612,-0.9897683,-0.4577754,0.002588376,0.2460141,-1.412205,-0.1979982,-2.141655,-0.3512304,-0.2122,1.991,0.6544176,-0.05480337,0.7541447,0.02798246,0.9984421,0.04827426,-0.7556154,-0.0104887,0.6549316,moving,-15.937043029847324,-9.334391575318078,-10.004559852906338,-6.083596143146296,-1.7552527,-0.21333243000000002,0.9845289999999998,-0.27121420512253236,-0.15611688064520046,0.949773877009457,-15.499200175604763,-8.638612454189538,6.59750308077076,6.764763675585182,6.059635354171113
2191,05/05/2023 15:32:23.206196,2374,True,True,True,True,Eyes,0.3677781,0.01597406,-3.139099,-0.8983604,-0.1514433,0.4123269,0.0,0.0,0.0,0.0,0.0,0.0,0.0,2.087035,0.125055,2.34147,0.334993,0.01518692,-3.121119,0.01631977,-0.405549,-0.02225102,0.9136568,0.6745923,312.1114,356.9102,0.1400285,0.004787251,-0.9901357,-0.4303088,0.002433074,0.2312533,-1.400034,-0.1979298,-2.100636,-0.3556051,-0.2122,1.991,0.6700699,-0.05389652,0.7403388,0.02742266,0.9984771,0.04786909,-0.7417914,-0.01177358,0.6705275,moving,-16.98503338245478,-9.383686995961353,-10.126606679405267,-6.083596143146296,-1.735027,-0.21311671999999998,1.020483,-0.28854035842346487,-0.1561103831798686,0.9446554735409902,-16.556476101549247,-8.70548171787875,7.428183352380609,7.611085105156572,6.943882541691808
2192,05/05/2023 15:32:23.226181,2375,True,True,True,True,Eyes,0.3658538,0.01582164,-3.137429,-0.8971552,-0.1514472,0.4149414,0.0,0.0,0.0,0.0,0.0,0.0,0.0,2.04084,0.1130347,2.374219,0.3270786,0.01502546,-3.115688,0.01431317,-0.3962513,-0.02272727,0.9177493,0.4732898,313.2815,356.9584,0.1376656,0.004814059,-0.9904668,-0.4044903,0.002287089,0.2173781,-1.389209,-0.200708,-2.063058,-0.3603759,-0.2121999,1.991,0.6849368,-0.05305909,0.726668,0.03037265,0.9985572,0.04428321,-0.7279692,-0.008260375,0.6855601,moving,-17.994116641076854,-9.677901937174099,-10.259598221555471,-6.08359329772918,-1.7162875999999998,-0.21573346,1.0526300000000002,-0.30493439703887304,-0.1601027269459169,0.9388195795976246,-17.57477772424364,-9.010240130465084,8.316513824317209,8.528882094243297,7.878903022636603
2193,05/05/2023 15:32:23.246607,2376,True,True,True,True,Eyes,0.3636972,0.0156703,-3.135605,-0.895685,-0.1514592,0.418101,0.0,0.0,0.0,0.0,0.0,0.0,0.0,1.996925,0.1040601,2.403699,0.318827,0.01457419,-3.110377,0.01294374,-0.3873903,-0.0226175,0.9215475,0.3628532,314.3898,357.0356,0.1354841,0.004833646,-0.9907675,-0.3802209,0.002149864,0.2043354,-1.378182,-0.1939926,-2.02476,-0.364163,-0.2122,1.991,0.6988344,-0.05171476,0.7134116,0.03165764,0.9986418,0.04138014,-0.7145826,-0.006332939,0.6995225,moving,-18.9124262206485,-9.863715018972279,-10.365088562569703,-6.083596143146296,-1.697009,-0.20856679,1.085617,-0.31982478670466336,-0.1623076857025711,0.9334710898907537,-18.50138426198454,-9.207766075973822,9.110185848958732,9.34592316235201,8.715488826078543
2194,05/05/2023 15:32:23.256401,2377,True,True,True,True,Eyes,0.3612524,0.01551949,-3.133684,-0.8938381,-0.1513113,0.4220881,0.0,0.0,0.0,0.0,0.0,0.0,0.0,1.95448,0.1022235,2.430321,0.3108578,0.01444918,-3.104844,0.01274985,-0.3789493,-0.02272758,0.9250506,0.3645938,315.4374,357.0358,0.1334595,0.004846794,-0.9910422,-0.3574076,0.002020872,0.1920753,-1.368018,-0.190899,-1.98917,-0.3683175,-0.2122,1.991,0.7117618,-0.05171141,0.7005148,0.03238522,0.9986418,0.04081371,-0.7016739,-0.006363321,0.7124698,moving,-19.706150774329853,-9.942618240888411,-10.480731204556042,-6.083596143146296,-1.6788758,-0.20534818000000002,1.1156739999999998,-0.3326963784494713,-0.16282595435470087,0.9288707396812528,-19.302188254003614,-9.298904894710573,9.748846854956046,10.00002088943956,9.38915943219275
2195,05/05/2023 15:32:23.276423,2378,True,True,True,True,Eyes,0.3585962,0.01538164,-3.131632,-0.8917545,-0.1511596,0.4265261,0.0,0.0,0.0,0.0,0.0,0.0,0.0,1.913184,0.1007536,2.455377,0.302307,0.01420139,-3.09963,0.01200852,-0.3706447,-0.02483915,0.9283649,0.222513,316.4657,356.8459,0.1315676,0.004854178,-0.991295,-0.3359631,0.00189962,0.1805507,-1.358322,-0.190859,-1.956061,-0.3727018,-0.2122,1.991,0.7240111,-0.05502138,0.6875904,0.03721781,0.9984776,0.04070957,-0.6887836,-0.003883571,0.7249567,moving,-20.422097713391143,-10.229814319073373,-10.602676847245545,-6.083596143146296,-1.6606290000000001,-0.20506039,1.1435689999999998,-0.34404784356018614,-0.16675492261238004,0.9240258135191597,-20.02476387732976,-9.591553833582116,10.378208128937004,10.658900098456858,10.053929140409187
2196,05/05/2023 15:32:23.296074,2379,True,True,True,True,Eyes,0.3556933,0.0152796,-3.129477,-0.8894992,-0.1508662,0.4313126,0.0,0.0,0.0,0.0,0.0,0.0,0.0,1.869948,0.1110612,2.480603,0.294367,0.01443005,-3.094441,0.01324701,-0.362145,-0.02732854,0.931627,0.2801069,317.507,356.5306,0.1297892,0.004856806,-0.9915295,-0.3158053,0.001785643,0.1697177,-1.349995,-0.1846582,-1.924182,-0.3771161,-0.2122,1.991,0.7362083,-0.06051468,0.674044,0.04132532,0.9981553,0.04447633,-0.675492,-0.004888767,0.7373511,moving,-21.108307656719553,-10.362772472630045,-10.72535882175814,-6.083596143146296,-1.644362,-0.19908825,1.1702590000000002,-0.3550034764281828,-0.16816354837893543,0.919615978951187,-20.71716712474688,-9.733416741385733,10.930352780369025,11.230181502016812,10.637547817190182
2197,05/05/2023 15:32:23.306183,2380,True,True,True,True,Eyes,0.3525738,0.01512248,-3.127199,-0.8870226,-0.1502623,0.4365914,0.0,0.0,0.0,0.0,0.0,0.0,0.0,1.826844,0.1232819,2.504773,0.285748,0.01519406,-3.089427,0.01490719,-0.3535957,-0.02988384,0.9348021,0.3860009,318.5482,356.1919,0.1281053,0.004856307,-0.9917485,-0.296857,0.001678504,0.1595346,-1.340104,-0.1840311,-1.892901,-0.3814104,-0.2122,1.991,0.748154,-0.06641319,0.660193,0.04532872,0.9977695,0.04900413,-0.661975,-0.006736937,0.7494957,moving,-21.76075249302377,-10.444103985127617,-10.84461035893784,-6.083596143146296,-1.625852,-0.19922516,1.1965260000000002,-0.36541565087261174,-0.16873994139124976,0.9154223814953584,-21.375449815428183,-9.824380180514277,11.439855987082806,11.754836780302256,11.175510944587764
2198,05/05/2023 15:32:23.326295,2381,True,True,True,True,Eyes,0.3525738,0.01512248,-3.127199,-0.8870226,-0.1502623,0.4365914,0.0,0.0,0.0,0.0,0.0,0.0,0.0,1.782088,0.1115808,2.530022,0.2772257,0.01368894,-3.084195,0.01194564,-0.3446648,-0.03352069,0.9380512,359.9601,319.6521,355.9215,0.1264997,0.004851262,-0.9919545,-0.2790456,0.001577794,0.1499626,-1.330435,-0.1843295,-1.862224,-0.3857119,-0.2121999,1.991,0.7601651,-0.07112273,0.6458255,0.05465377,0.9974673,0.04551805,-0.6474271,0.0006955602,0.762127,moving,-22.821596387795434,-11.133953896377756,-10.963966579677049,-6.08359329772918,-1.6076607,-0.19801844000000002,1.2219709999999997,-0.3816347409854609,-0.17848806459131947,0.906916113837115,-22.44641292826561,-10.515478180438402,12.501044105802485,12.88834849167106,12.30805337012321
2199,05/05/2023 15:32:23.347317,2382,True,True,True,True,Eyes,0.3525738,0.01512248,-3.127199,-0.8870226,-0.1502623,0.4365914,0.0,0.0,0.0,0.0,0.0,0.0,0.0,1.73789,0.1389494,2.553474,0.269394,0.01357295,-3.080104,0.01677616,-0.336063,-0.03338706,0.941098,0.5234445,320.6776,355.7494,0.1250546,0.004846712,-0.9921377,-0.2623029,0.001483126,0.1409648,-1.319905,-0.168847,-1.828366,-0.3900535,-0.2122,1.991,0.771894,-0.07411671,0.6314163,0.05156532,0.9972078,0.05401633,-0.6336567,-0.009135702,0.7735605,moving,-23.822137177641206,-10.805631569227932,-11.08433786701296,-6.083596143146296,-1.589299,-0.18241995,1.251738,-0.39787948535526996,-0.1719992467826665,0.9011703926037689,-23.45539667119043,-10.213636907783329,13.211672985887997,13.584886817453114,13.04225182451177
2200,05/05/2023 15:32:23.356696,2383,True,True,True,True,Eyes,0.3485806,0.01506775,-3.124449,-0.8831921,-0.1497139,0.4444745,0.0,0.0,0.0,0.0,0.0,0.0,0.0,1.691764,0.1487978,2.576233,0.2608224,0.01578476,-3.074558,0.01854541,-0.3270772,-0.03535782,0.9441537,0.6812613,321.7585,355.4745,0.1237537,0.004842609,-0.9923009,-0.2465647,0.001394139,0.1325069,-1.307584,-0.186993,-1.80043,-0.3943875,-0.2122,1.991,0.7835406,-0.078898,0.6163109,0.05463487,0.9968118,0.05814891,-0.6189338,-0.01188997,0.7853532,moving,-24.35509046595829,-10.827049138419225,-11.204399701008906,-6.083596143146296,-1.5684064000000002,-0.20277776,1.2741280000000001,-0.40627024889451624,-0.17164396394648346,0.8974870210815286,-23.99306801139499,-10.244086001454702,13.59760193322214,13.980021956838579,13.448409311668065
2201,05/05/2023 15:32:23.386460,2384,True,True,True,True,Eyes,0.3444533,0.01507476,-3.121641,-0.8790427,-0.1496325,0.4526523,0.0,0.0,0.0,0.0,0.0,0.0,0.0,1.640977,0.120299,2.603695,0.252205,0.0161191,-3.069632,0.01283751,-0.3169235,-0.04062856,0.9474936,359.9183,323.0147,355.1166,0.1224671,0.004837659,-0.9924605,-0.2317708,0.00131049,0.1245565,-1.29551,-0.1879505,-1.769017,-0.3987564,-0.2122,1.991,0.7958177,-0.08512762,0.5995227,0.06885359,0.9963691,0.05007921,-0.6016091,0.001425367,0.7987894,moving,-25.017819532625104,-11.860014997697649,-11.325327548871444,-6.083596143146296,-1.547715,-0.2040696,1.3006149999999999,-0.41544447958596675,-0.18694595752698392,0.8902006243093148,-24.662795822525176,-11.262271094261138,14.370130964719984,14.861068316523365,14.307576111977324
2202,05/05/2023 15:32:23.396485,2385,True,True,True,True,Eyes,0.3401091,0.01519976,-3.118783,-0.874385,-0.1494497,0.4616446,0.0,0.0,0.0,0.0,0.0,0.0,0.0,1.588789,0.1497701,2.628936,0.244605,0.01723863,-3.065592,0.01812514,-0.3070243,-0.04132586,0.9506313,0.5205145,324.1789,354.8534,0.121189,0.004833922,-0.9926174,-0.2178646,0.001231861,0.1170831,-1.281106,-0.1581465,-1.731614,-0.4032296,-0.2122,1.991,0.8080565,-0.08970103,0.5822357,0.0674416,0.9959273,0.05983675,-0.5852319,-0.009084564,0.8108151,moving,-25.557847908298196,-11.478132071708757,-11.449036499306525,-6.083596143146296,-1.525711,-0.17538513,1.333978,-0.4243607692589859,-0.18018764534267065,0.8873840362233454,-25.207150967727664,-10.899971368111354,14.643290942205603,15.104952077350157,14.576802942821047
2203,05/05/2023 15:32:23.412020,2386,True,True,True,True,Eyes,0.3356251,0.01536397,-3.115843,-0.8694514,-0.1487532,0.4710909,0.0,0.0,0.0,0.0,0.0,0.0,0.0,1.532626,0.1454839,2.655488,0.2363229,0.02048598,-3.060303,0.0177015,-0.2961954,-0.04408543,0.9539452,0.438702,325.4806,354.5717,0.1199125,0.004835048,-0.9927723,-0.2047927,0.001157949,0.1100581,-1.264256,-0.1756235,-1.701269,-0.4075875,-0.2122,1.991,0.8206494,-0.09459638,0.5635477,0.07362396,0.9954862,0.05988834,-0.5666692,-0.007656725,0.8239098,moving,-26.198944994489736,-11.776901008415258,-11.569452816723905,-6.083596143146296,-1.5005789,-0.19610948,1.3590340000000003,-0.43396122475655186,-0.18388137896789025,0.881966655498761,-25.854230517402556,-11.202547864060298,15.196155783365125,15.698272569560222,15.174272327820352
2204,05/05/2023 15:32:23.426480,2387,True,True,True,True,Eyes,0.3309903,0.01552786,-3.112881,-0.8640696,-0.1484138,0.480996,0.0,0.0,0.0,0.0,0.0,0.0,0.0,1.477463,0.1075496,2.682148,0.2282501,0.0215064,-3.055458,0.01117751,-0.2852758,-0.04755014,0.9572001,359.6716,326.8246,354.41,0.1186317,0.004841829,-0.9929262,-0.1925051,0.001088472,0.1034546,-1.245614,-0.1670307,-1.664767,-0.4119606,-0.2121999,1.991,0.8327135,-0.09740733,0.5450689,0.08465265,0.9952281,0.04852803,-0.5471949,0.005731575,0.8369856,moving,-26.858562163962503,-12.726251017831657,-11.690185066127402,-6.08359329772918,-1.4738641000000001,-0.1885371,1.3906909999999997,-0.44288981651377424,-0.1975095618031585,0.8745505503487606,-26.520724979898382,-12.139222425540456,15.942176189602863,16.559123327295,16.01922464626645
2205,05/05/2023 15:32:23.446467,2388,True,True,True,True,Eyes,0.3262355,0.0157249,-3.109848,-0.8583736,-0.1481844,0.4911579,0.0,0.0,0.0,0.0,0.0,0.0,0.0,1.423623,0.1083457,2.705954,0.22062,0.0215688,-3.051473,0.01177305,-0.2749402,-0.04735176,0.9602224,359.8036,328.0536,354.4099,0.1173429,0.004853703,-0.9930792,-0.1809548,0.001023164,0.09724736,-1.225809,-0.1377219,-1.626211,-0.4162669,-0.2121999,1.991,0.8443314,-0.09741022,0.5268926,0.08446267,0.9952384,0.0486473,-0.5291225,0.003428303,0.8485386,moving,-27.417367748843432,-12.695176458154029,-11.808970321819286,-6.08359329772918,-1.446429,-0.1592907,1.425262,-0.45152966314878956,-0.1960858319072859,0.8704431320509673,-27.084417271270908,-12.119001147834913,16.326770814856896,16.95096168738362,16.42453735794798
2206,05/05/2023 15:32:23.456975,2389,True,True,True,True,Eyes,0.3214192,0.01591406,-3.10674,-0.8524104,-0.1480401,0.5014784,0.0,0.0,0.0,0.0,0.0,0.0,0.0,1.370399,0.104357,2.727523,0.2127761,0.0225687,-3.046717,0.01186342,-0.2647281,-0.04642605,0.9631319,359.901,329.267,354.5078,0.1160427,0.004871251,-0.993232,-0.1700975,0.0009617741,0.09141252,-1.206061,-0.141807,-1.594061,-0.420777,-0.2122,1.990999,0.8555273,-0.09570998,0.5088346,0.08314766,0.9954078,0.04743264,-0.5110376,0.001728479,0.8595566,moving,-27.96107176459663,-12.649422392189178,-11.933272711658978,-6.0835991757822026,-1.4188371,-0.16437569999999999,1.4526560000000002,-0.4599219499861825,-0.19444974399406606,0.8664069735893629,-27.632858476910226,-12.084208196291014,16.69148441133966,17.320518958462472,16.807269314718894
2207,05/05/2023 15:32:23.476425,2390,True,True,True,True,Eyes,0.3165135,0.01604371,-3.103612,-0.8461571,-0.148188,0.5119164,0.0,0.0,0.0,0.0,0.0,0.0,0.0,1.318263,0.08619937,2.748451,0.2051272,0.02269831,-3.042472,0.009399395,-0.2546012,-0.04559715,0.9659249,359.7101,330.4808,354.671,0.1147306,0.004893673,-0.9933842,-0.1598917,0.0009040677,0.08592777,-1.185791,-0.1445556,-1.561569,-0.4248222,-0.2122,1.991,0.8661983,-0.09287303,0.490994,0.08330064,0.9956651,0.04137639,-0.4927084,0.00505996,0.8701798,moving,-28.500449571034903,-12.869218849463875,-12.044654159731651,-6.083596143146296,-1.3909182,-0.16725391,1.480903,-0.46782925062462233,-0.19684979425389892,0.8616181709873415,-28.177234037520176,-12.308024064682938,17.1346837509766,17.799940396842956,17.29172161653177
2208,05/05/2023 15:32:23.496534,2391,True,True,True,True,Eyes,0.3115281,0.01612222,-3.100489,-0.8397142,-0.1491036,0.5221571,0.0,0.0,0.0,0.0,0.0,0.0,0.0,1.271079,0.09349756,2.765852,0.1978711,0.02142408,-3.038867,0.01129372,-0.2455866,-0.0426106,0.9683718,0.05407824,331.5363,354.9472,0.1134045,0.004918595,-0.9935364,-0.1502982,0.0008498236,0.0807721,-1.165284,-0.1386485,-1.529448,-0.4291769,-0.2122,1.991,0.8757431,-0.08807297,0.4746759,0.07697863,0.9961136,0.04280222,-0.4766008,-0.0009438403,0.8791193,moving,-28.898933816327954,-12.51862128738259,-12.16446049791971,-6.083596143146296,-1.3631551,-0.16007258000000002,1.5094190000000003,-0.4743865630818306,-0.1908146899631107,0.8593875733082835,-28.578833595399523,-11.973655384948477,17.2989898739557,17.929086587204345,17.43916402971221
2209,05/05/2023 15:32:23.506707,2392,True,True,True,True,Eyes,0.3064925,0.01621835,-3.097353,-0.8330287,-0.1505623,0.5323478,0.0,0.0,0.0,0.0,0.0,0.0,0.0,1.227655,0.1181159,2.78045,0.1910737,0.02033858,-3.035633,0.01622197,-0.237388,-0.03861095,0.9705119,0.753786,332.4793,355.2589,0.112062,0.004944159,-0.9936886,-0.1412803,0.0007988341,0.07592577,-1.147236,-0.1536281,-1.503517,-0.4337577,-0.2122,1.991,0.8843123,-0.08264655,0.459523,0.06724296,0.996492,0.04981877,-0.4620284,-0.01315567,0.8867676,moving,-29.176969527707378,-11.80563842743482,-12.29037081995096,-6.083596143146296,-1.3383097,-0.17396667999999998,1.5321159999999998,-0.4795880739577324,-0.17952853496972995,0.8589323522949612,-28.858516195864635,-11.284102012923032,17.27955334563018,17.829721922116075,17.36515771592622
2210,05/05/2023 15:32:23.526303,2393,True,True,True,True,Eyes,0.3014145,0.01633357,-3.094199,-0.8262914,-0.152104,0.5423161,0.0,0.0,0.0,0.0,0.0,0.0,0.0,1.187002,0.1474302,2.79245,0.1846564,0.02095116,-3.032153,0.02210257,-0.229746,-0.03490889,0.9723732,1.543938,333.3523,355.5222,0.1107044,0.00497084,-0.9938406,-0.1328035,0.0007509041,0.07137023,-1.130474,-0.1811059,-1.481948,-0.4380583,-0.2122,1.991,0.8919963,-0.0780449,0.4452545,0.05773298,0.9965857,0.05902424,-0.4483408,-0.02694354,0.8934565,moving,-29.381493642073572,-11.018515545710638,-12.408469814611045,-6.083596143146296,-1.3151304,-0.20205705999999998,1.550205,-0.4837092159570854,-0.1672791373860452,0.85909425643682,-29.063956363077796,-10.521002875476317,17.2119061798717,17.675886607393043,17.236467465066173
2211,05/05/2023 15:32:23.547840,2394,True,True,True,True,Eyes,0.2962988,0.01644468,-3.091029,-0.8193595,-0.1537008,0.5522918,0.0,0.0,0.0,0.0,0.0,0.0,0.0,1.146609,0.1498017,2.80483,0.1783907,0.02154546,-3.02852,0.02315475,-0.2220085,-0.03290484,0.9742144,1.748083,334.2596,355.7316,0.1093302,0.004999179,-0.9939926,-0.1248353,0.0007058498,0.06708802,-1.114713,-0.2096548,-1.462713,-0.4422343,-0.2122,1.991,0.899259,-0.07439385,0.431044,0.05383163,0.9967622,0.05972569,-0.4340915,-0.03050507,0.9003522,moving,-29.606190572311665,-10.846684025395504,-12.52304475606382,-6.083596143146296,-1.2931037,-0.23120026,1.565807,-0.4873200829863436,-0.16432460572659408,0.8576227137728528,-29.290439041401672,-10.357653977916447,17.286977573972766,17.73473645570228,17.30355690298791
2212,05/05/2023 15:32:23.556747,2395,True,True,True,True,Eyes,0.2911371,0.01655681,-3.087848,-0.8124517,-0.1551097,0.562017,0.0,0.0,0.0,0.0,0.0,0.0,0.0,1.108592,0.1494389,2.815865,0.1722046,0.02155808,-3.024944,0.02355461,-0.214684,-0.03128792,0.9758982,1.86472,335.1202,355.916,0.1079402,0.005028882,-0.9941444,-0.1173451,0.0006634988,0.06306273,-1.099055,-0.2174674,-1.441163,-0.4467529,-0.2122,1.991,0.9058638,-0.07118124,0.4175454,0.05095405,0.9969325,0.05940782,-0.4204933,-0.03253977,0.906712,moving,-29.793664647152564,-10.754931343779822,-12.64690488096383,-6.083596143146296,-1.2712595999999998,-0.23902548,1.583781,-0.49026200807000986,-0.16264339250575058,0.8562652524033438,-29.47946109104644,-10.271644607233775,17.331837634036727,17.771683742292588,17.345740067899555
2213,05/05/2023 15:32:23.576681,2396,True,True,True,True,Eyes,0.2859644,0.0166947,-3.084635,-0.8054087,-0.1564894,0.5716888,0.0,0.0,0.0,0.0,0.0,0.0,0.0,1.073149,0.1494501,2.825253,0.1664411,0.02162979,-3.021236,0.02392335,-0.2078895,-0.03015847,0.9773946,1.961379,335.9168,356.0468,0.1065339,0.005059855,-0.994296,-0.1103044,0.0006236889,0.05927897,-1.084302,-0.222679,-1.420576,-0.4509425,-0.2122,1.991,0.9117448,-0.06890027,0.4049371,0.04900662,0.9970363,0.05930435,-0.407823,-0.03422585,0.9124193,moving,-29.907407295816697,-10.697105419129546,-12.761639498685849,-6.083596143146296,-1.2507431000000002,-0.24430879,1.60066,-0.4920470585054568,-0.16159232964902953,0.8554401215796559,-29.594140485869676,-10.217359007792044,17.320779392736032,17.755613793747393,17.332659487357063
2214,05/05/2023 15:32:23.596508,2397,True,True,True,True,Eyes,0.280737,0.01686435,-3.081405,-0.7983444,-0.1574548,0.5812523,0.0,0.0,0.0,0.0,0.0,0.0,0.0,1.040557,0.1457393,2.832997,0.1608759,0.02238056,-3.017199,0.02368336,-0.2016214,-0.02954692,0.9787313,1.973927,336.6529,356.1338,0.1051124,0.005092817,-0.994447,-0.1036862,0.0005862676,0.05572223,-1.071032,-0.2267161,-1.401553,-0.4552786,-0.2122,1.991,0.9169515,-0.06738713,0.3932668,0.04828684,0.9971322,0.05827386,-0.3960659,-0.0344447,0.9175758,moving,-29.961389342752238,-10.708665230789878,-12.880276596085691,-6.083596143146296,-1.2319079,-0.24909666,1.6156460000000001,-0.49284551558800516,-0.16168095394761864,0.8549635069434668,-29.648610978809764,-10.229590886475444,17.259430530636553,17.696205150534695,17.273283138493365
2215,05/05/2023 15:32:23.606761,2398,True,True,True,True,Eyes,0.2755193,0.01703836,-3.078124,-0.7911262,-0.1583603,0.5907972,0.0,0.0,0.0,0.0,0.0,0.0,0.0,1.00735,0.1370715,2.840637,0.1557629,0.02313586,-3.012966,0.02248533,-0.1953126,-0.02981231,0.9800301,1.858265,337.3955,356.1438,0.1036751,0.005128611,-0.9945977,-0.097465,0.0005510915,0.0523789,-1.059357,-0.2268199,-1.383412,-0.4595878,-0.2122,1.991,0.9219285,-0.06721724,0.3814836,0.04965057,0.9972113,0.05571802,-0.384165,-0.03242715,0.9226949,moving,-30.008781719406354,-10.88645842992556,-12.998066506118745,-6.083596143146296,-1.2151199000000001,-0.24995576,1.629554,-0.4933377544350206,-0.16428049127048056,0.8541836808949881,-29.69662072749451,-10.403640870618505,17.21872721641292,17.675743781050375,17.248318745071558
2216,05/05/2023 15:32:23.626534,2399,True,True,True,True,Eyes,0.2702907,0.01724835,-3.074827,-0.7837321,-0.1597651,0.6001992,0.0,0.0,0.0,0.0,0.0,0.0,0.0,0.9706793,0.1327076,2.84857,0.1506479,0.02340916,-3.008477,0.02194938,-0.1884451,-0.03006104,0.9813783,1.819537,338.1993,356.1406,0.1022242,0.005167104,-0.9947478,-0.0916171,0.000518026,0.04923617,-1.047408,-0.2218469,-1.364708,-0.4639869,-0.2122,1.990999,0.9271696,-0.067275,0.3685521,0.05072999,0.9972292,0.05441099,-0.3711914,-0.03175157,0.9280133,moving,-30.11228298015793,-11.040197479257685,-13.118204936484888,-6.0835991757822026,-1.1980559,-0.24525606,1.643769,-0.4946997016067131,-0.16642369563978648,0.8529802636573045,-29.801206482948917,-10.555267565523017,17.226567683565893,17.702162446900836,17.271895054889846
2217,05/05/2023 15:32:23.636512,2400,True,True,True,True,Eyes,0.2650928,0.01745929,-3.07147,-0.7761599,-0.1611065,0.6096069,0.0,0.0,0.0,0.0,0.0,0.0,0.0,0.9324856,0.1435675,2.856137,0.1463373,0.02440017,-3.004271,0.02418553,-0.1814952,-0.02965838,0.9826469,2.10701,339.0,356.1519,0.1007594,0.005209231,-0.994897,0.0,0.0,0.0,-1.033299,-0.2199192,-1.344921,-0.4682425,-0.2122,1.991,0.9323598,-0.06706654,0.3552568,0.04950831,0.9970708,0.05829738,-0.3581261,-0.03676596,0.9329491,moving,-30.202639916098633,-10.856841766686681,-13.234300302343483,-6.083596143146296,-1.1796362999999999,-0.24431937,1.65935,-0.4962884029770404,-0.16352248413444326,0.8526184876548653,-29.892153011840016,-10.378276256856644,17.170832940831584,17.626923243447216,17.202567662136374
2218,05/05/2023 15:32:23.656851,2401,True,True,True,True,Eyes,0.2599304,0.017649,-3.06809,-0.7685015,-0.1622949,0.6189232,0.0,0.0,0.0,0.0,0.0,0.0,0.0,0.8916892,0.1404313,2.864086,0.1417447,0.02463226,-2.99952,0.0238547,-0.1740183,-0.03006496,0.9839943,2.090733,339.8713,356.1288,0.09928326,0.005254676,-0.9950451,0.0,0.0,0.0,-1.017663,-0.2286956,-1.326972,-0.4724206,-0.2122,1.990999,0.9376275,-0.06746979,0.3410316,0.05086518,0.9970541,0.05740948,-0.3439004,-0.03648207,0.9382972,moving,-30.364954900478303,-10.997937018081577,-13.348186583708708,-6.0835991757822026,-1.1594077,-0.25332786,1.672548,-0.49854573015602555,-0.1653747087086339,0.8509426997332019,-30.056056269684323,-10.51864372821626,17.23828034664927,17.71217435480097,17.286484015716383
2219,05/05/2023 15:32:23.676338,2402,True,True,True,True,Eyes,0.2548246,0.01784774,-3.064664,-0.7606693,-0.163675,0.6281661,0.0,0.0,0.0,0.0,0.0,0.0,0.0,0.8511461,0.1477909,2.871546,0.1378318,0.02428732,-2.99541,0.02526264,-0.1667069,-0.02989111,0.9852295,2.281714,340.7154,356.1367,0.0977978,0.005302436,-0.9951919,0.0,0.0,0.0,-1.000815,-0.2274088,-1.306157,-0.4767994,-0.2122,1.990999,0.9426307,-0.06732212,0.3269788,0.0504763,0.9969366,0.0597451,-0.3299993,-0.03981289,0.9431412,moving,-30.49670513353025,-10.92326730944827,-13.467421625652674,-6.0835991757822026,-1.1386468,-0.25169611999999997,1.6892530000000001,-0.5006142357652326,-0.164039522331035,0.8499860944976089,-30.18888290556301,-10.4482735844889,17.236686760432587,17.703640428897494,17.281714325539575
2220,05/05/2023 15:32:23.696243,2403,True,True,True,True,Eyes,0.2497357,0.01806895,-3.061175,-0.7528131,-0.1644557,0.6373592,0.0,0.0,0.0,0.0,0.0,0.0,0.0,0.8113989,0.1617799,2.87739,0.1339575,0.02462061,-2.99088,0.02794071,-0.1595839,-0.0293647,0.9863519,2.621995,341.5314,356.1631,0.09630544,0.005352597,-0.9953371,0.0,0.0,0.0,-0.9833915,-0.2341425,-1.287598,-0.4810831,-0.2122,1.991,0.9473414,-0.06684563,0.3131709,0.04901008,0.9967141,0.06449102,-0.3164527,-0.04574649,0.9475046,moving,-30.604582772162075,-10.645496946672502,-13.583945637385588,-6.083596143146296,-1.117349,-0.25876311,1.7032820000000002,-0.5025755698377288,-0.15970680011172553,0.8496537678484666,-30.297398260934905,-10.179623145013649,17.18449082740225,17.621379838563875,17.20804857616499
2221,05/05/2023 15:32:23.706355,2404,True,True,True,True,Eyes,0.2447029,0.01827859,-3.057621,-0.7448466,-0.1650594,0.6464974,0.0,0.0,0.0,0.0,0.0,0.0,0.0,0.7748623,0.1501761,2.882476,0.1299465,0.02526367,-2.98565,0.02626262,-0.1528865,-0.02965586,0.9874495,2.452897,342.3157,356.1779,0.09480667,0.005405697,-0.9954808,0.0,0.0,0.0,-0.9665957,-0.2454984,-1.270182,-0.4856707,-0.2122,1.991,0.9514925,-0.06659772,0.3003778,0.05053692,0.9968616,0.06093398,-0.3034931,-0.04279805,0.951872,moving,-30.686312474537978,-10.860543658127112,-13.708616325618504,-6.083596143146296,-1.0965422,-0.27076207,1.7154680000000002,-0.5035299560889255,-0.16278997649512816,0.8485027743858478,-30.380089659250746,-10.390581274153572,17.174767666905264,17.63693267226239,17.218831087873784
2222,05/05/2023 15:32:23.726827,2405,True,True,True,True,Eyes,0.239726,0.01847497,-3.053997,-0.7368482,-0.165347,0.6555266,0.0,0.0,0.0,0.0,0.0,0.0,0.0,0.7409706,0.1373994,2.886604,0.1261613,0.02529581,-2.980578,0.02424143,-0.1466608,-0.0302266,0.9884278,2.238296,343.0453,356.1632,0.09330421,0.005461077,-0.9956225,0.0,0.0,0.0,-0.9511164,-0.2388586,-1.250542,-0.4898454,-0.2121999,1.991,0.9551539,-0.06686414,0.2884617,0.05264307,0.9969974,0.05678792,-0.2913927,-0.03905569,0.9558059,moving,-30.71551020481193,-11.106329475184667,-13.821951350893697,-6.08359329772918,-1.0772777,-0.26415441,1.730036,-0.5036533575433718,-0.1664145027546908,0.8477260950731651,-30.409820984925332,-10.630539187402933,17.133188160053987,17.624420826203608,17.199771391482205
2223,05/05/2023 15:32:23.746647,2406,True,True,True,True,Eyes,0.234809,0.01865853,-3.050273,-0.7287571,-0.165453,0.6644835,0.0,0.0,0.0,0.0,0.0,0.0,0.0,0.7078118,0.1294319,2.889601,0.1227824,0.02510073,-2.975204,0.02298454,-0.1406592,-0.03090542,0.9893087,2.108007,343.7445,356.1203,0.09180042,0.005518092,-0.9957619,0.0,0.0,0.0,-0.9372155,-0.2309822,-1.232178,-0.4942064,-0.2122,1.991,0.9585197,-0.06761599,0.2768899,0.05468404,0.9970331,0.05417187,-0.2797313,-0.03678335,0.9593734,moving,-30.709239137240232,-11.266445937310802,-13.940226357623136,-6.083596143146296,-1.0599979,-0.25608293,1.7430260000000002,-0.5033519287806977,-0.16881717925568895,0.847429952009347,-30.403674769695595,-10.786404206619457,17.041162256861252,17.551687143742978,17.12196067332358
2224,05/05/2023 15:32:23.756736,2407,True,True,True,True,Eyes,0.229957,0.01883108,-3.046464,-0.7207835,-0.1650524,0.6732227,0.0,0.0,0.0,0.0,0.0,0.0,0.0,0.6750993,0.1161399,2.891603,0.1192086,0.02494085,-2.969139,0.02081001,-0.1346923,-0.0318943,0.9901555,1.869232,344.4427,356.0547,0.09029646,0.005576223,-0.9958991,0.0,0.0,0.0,-0.9235498,-0.2260015,-1.214605,-0.4984595,-0.2122,1.991,0.9616814,-0.06876651,0.2654052,0.05755472,0.9970993,0.04980212,-0.2680601,-0.03261846,0.9628499,moving,-30.716939787658667,-11.515911541535848,-14.055458380111538,-6.083596143146296,-1.0427583999999999,-0.25094235,1.7545340000000003,-0.5031373034120368,-0.1725302299923639,0.8468093800067082,-30.41172381959266,-11.029560169402105,16.983479952464222,17.52469723794448,17.087714278854882
2225,05/05/2023 15:32:23.776657,2408,True,True,True,True,Eyes,0.2251737,0.01898049,-3.042551,-0.712725,-0.1645534,0.681869,0.0,0.0,0.0,0.0,0.0,0.0,0.0,0.6427921,0.1062304,2.893146,0.1161108,0.0247688,-2.963219,0.01922126,-0.1288667,-0.03274269,0.9909348,1.699364,345.1216,355.9931,0.08879468,0.005635015,-0.9960338,0.0,0.0,0.0,-0.9102863,-0.2170082,-1.19613,-0.5028424,-0.2121999,1.991,0.9646426,-0.06984571,0.2541384,0.05993778,0.9971169,0.04653293,-0.2566558,-0.02965515,0.9660478,moving,-30.705704695751567,-11.684573811738042,-14.174085865784429,-6.08359329772918,-1.0263971,-0.24177700000000002,1.7670890000000001,-0.502742505884925,-0.17506878222041833,0.8465228729963332,-30.400579471146326,-11.193660828784042,16.892219004387226,17.45466710818717,17.012109948410032
2226,05/05/2023 15:32:23.796222,2409,True,True,True,True,Eyes,0.2203913,0.01911885,-3.038559,-0.7047669,-0.1638963,0.6902475,0.0,0.0,0.0,0.0,0.0,0.0,0.0,0.6115156,0.09662658,2.893601,0.112883,0.02433826,-2.956836,0.01766617,-0.123199,-0.03329483,0.991666,1.537665,345.7822,355.9623,0.08729664,0.00569369,-0.9961659,0.0,0.0,0.0,-0.8968368,-0.2104399,-1.178581,-0.5071591,-0.2121999,1.991,0.967427,-0.0703876,0.2431682,0.06168178,0.9971587,0.04324166,-0.2455209,-0.0268341,0.9690198,moving,-30.696692553286795,-11.816470232847616,-14.290800449110048,-6.08359329772918,-1.0097198,-0.23477816,1.778255,-0.5024280241556769,-0.17705446213481793,0.8462965140698164,-30.391636299775858,-11.321985934947746,16.79924178128427,17.37869884908251,16.93155847852616
2227,05/05/2023 15:32:23.816710,2410,True,True,True,True,Eyes,0.215687,0.01923287,-3.034443,-0.6967357,-0.1631907,0.6985185,0.0,0.0,0.0,0.0,0.0,0.0,0.0,0.5814465,0.08779746,2.893539,0.1101154,0.02396191,-2.950535,0.01627348,-0.1177951,-0.03352147,0.9923387,1.398171,346.4116,355.964,0.08580195,0.005751923,-0.9962954,0.0,0.0,0.0,-0.8839455,-0.2046772,-1.161092,-0.5115709,-0.2121999,1.991,0.9700013,-0.07036318,0.2326943,0.06269543,0.997223,0.04019494,-0.2348763,-0.02440027,0.971719,moving,-30.662937702658986,-11.89869901891676,-14.40996130634691,-6.08359329772918,-0.9940609,-0.22863911,1.789443,-0.5018107032377878,-0.17834274771540692,0.8463922362099889,-30.357676638236327,-11.401482209568858,16.671807797982755,17.261943583723884,16.810995413289728
2228,05/05/2023 15:32:23.826557,2411,True,True,True,True,Eyes,0.2110637,0.01932235,-3.030221,-0.688818,-0.1624582,0.7064964,0.0,0.0,0.0,0.0,0.0,0.0,0.0,0.5520678,0.07960975,2.892226,0.1072024,0.02347566,-2.943474,0.0149986,-0.1124995,-0.0333456,0.9929789,1.276877,347.028,356.0081,0.08431297,0.005808983,-0.9964221,0.0,0.0,0.0,-0.8713216,-0.1999243,-1.144436,-0.515973,-0.2122,1.991,0.9724639,-0.06959762,0.2224189,0.06284827,0.9973262,0.03728931,-0.2244195,-0.02228386,0.9742378,moving,-30.639453186940724,-11.937879753503857,-14.528733373675054,-6.083596143146296,-0.9785240000000001,-0.22339996,1.7990380000000001,-0.5014057215439465,-0.1789700854467448,0.8464998984065976,-30.33402935059143,-11.43922784126523,16.545848605842494,17.14140978718064,16.688024802349293
2229,05/05/2023 15:32:23.836583,2412,True,True,True,True,Eyes,0.2065269,0.01937915,-3.025874,-0.680833,-0.1617667,0.7143515,0.0,0.0,0.0,0.0,0.0,0.0,0.0,0.5217148,0.07290353,2.891045,0.1047882,0.02289962,-2.936688,0.01395952,-0.1071001,-0.03318876,0.9935961,1.182166,347.6548,356.0459,0.0828313,0.005864225,-0.996546,0.0,0.0,0.0,-0.8590676,-0.1963024,-1.127437,-0.5204455,-0.2122,1.991,0.9748562,-0.06894258,0.2119018,0.06296232,0.9974073,0.03484929,-0.213755,-0.02063121,0.9766694,moving,-30.62699131014602,-11.95976860421162,-14.649274333939946,-6.083596143146296,-0.9638558,-0.21920202,1.8092510000000002,-0.5011891949027117,-0.1793194626387559,0.8465542073026747,-30.321482334946413,-11.460326787500327,16.42503686843383,17.024007829060885,16.5688664684325
2230,05/05/2023 15:32:23.856377,2413,True,True,True,True,Eyes,0.202002,0.01940454,-3.021426,-0.6729382,-0.1613081,0.721896,0.0,0.0,0.0,0.0,0.0,0.0,0.0,0.4923698,0.06996857,2.888826,0.1022915,0.02228108,-2.929451,0.01356013,-0.1018783,-0.03285104,0.9941619,1.161369,348.2583,356.0954,0.08135857,0.005916802,-0.9966671,0.0,0.0,0.0,-0.8466258,-0.1935848,-1.110928,-0.5256851,-0.2121999,1.991,0.9770832,-0.06808148,0.2016761,0.06255554,0.9974739,0.03365555,-0.203458,-0.02026832,0.9788738,moving,-30.60661590711837,-11.9159301181988,-14.790321338260227,-6.08359329772918,-0.9489173,-0.21586588,1.818523,-0.500945385416328,-0.17870081938484492,0.8468292017532941,-30.30087817086549,-11.417254979935318,16.263347897104143,16.857381963884468,16.401991348543987
2231,05/05/2023 15:32:23.876668,2414,True,True,True,True,Eyes,0.197564,0.01937834,-3.016854,-0.6650237,-0.16095,0.7292726,0.0,0.0,0.0,0.0,0.0,0.0,0.0,0.4656304,0.07199278,2.885788,0.09999226,0.02124891,-2.922211,0.01394005,-0.09714737,-0.03221519,0.9946509,1.230334,348.8021,356.1693,0.07989442,0.005965957,-0.9967852,0.0,0.0,0.0,-0.8330235,-0.1937164,-1.094358,-0.5290809,-0.2122,1.991,0.9790491,-0.06679421,0.1923572,0.06137725,0.9975357,0.03399022,-0.1941536,-0.02147174,0.9807361,moving,-30.53356114032591,-11.76558696890364,-14.881636600049116,-6.083596143146296,-0.93301576,-0.21496531000000002,1.827853,-0.5000594903013202,-0.1765825732414175,0.8477965853667222,-30.227010884967463,-11.269483986239553,16.076715956176198,16.651359150487075,16.197961126801598
2232,05/05/2023 15:32:23.886778,2415,True,True,True,True,Eyes,0.193183,0.01932633,-3.012174,-0.6572694,-0.1607398,0.736315,0.0,0.0,0.0,0.0,0.0,0.0,0.0,0.4419445,0.07648954,2.881729,0.09757142,0.02000781,-2.914723,0.0146924,-0.09292486,-0.03152796,0.9950655,1.339717,349.2858,356.2448,0.0784405,0.006010361,-0.9969005,0.0,0.0,0.0,-0.8214419,-0.1975759,-1.079308,-0.5330174,-0.2122,1.990999,0.980742,-0.06547533,0.1840062,0.06001418,0.9975802,0.03509926,-0.1858591,-0.02338034,0.9822982,moving,-30.419012509996634,-11.576483684243069,-14.987402080459452,-6.0835991757822026,-0.9190133199999999,-0.21758370999999999,1.835415,-0.49860067081034487,-0.17395222325859513,0.8491985173069171,-30.111240686208674,-11.083208457641176,15.829804659492872,16.380060459970533,15.928797416754378
2233,05/05/2023 15:32:23.906942,2416,True,True,True,True,Eyes,0.188891,0.01924846,-3.007353,-0.6495768,-0.1604926,0.7431636,0.0,0.0,0.0,0.0,0.0,0.0,0.0,0.4221469,0.08514623,2.876875,0.09553018,0.01928018,-2.907296,0.01621702,-0.08943868,-0.03105037,0.9953762,1.53169,349.6814,356.2882,0.07699732,0.00604966,-0.9970127,0.0,0.0,0.0,-0.8123432,-0.2030369,-1.065316,-0.5374852,-0.2122,1.991,0.9820731,-0.06471445,0.1770432,0.05891274,0.9975457,0.03783827,-0.1790573,-0.02672985,0.9834754,moving,-30.219994845120443,-11.306704516302036,-15.10730058728788,-6.083596143146296,-0.9078733800000001,-0.22231708,1.8419800000000002,-0.49597375272922034,-0.17024702937340613,0.8514845951109071,-29.910166758555395,-10.816823171135239,15.474244069917379,15.989821412650453,15.541180295683505
2234,05/05/2023 15:32:23.926684,2417,True,True,True,True,Eyes,0.1847364,0.01912843,-3.002393,-0.6421496,-0.1604301,0.7496039,0.0,0.0,0.0,0.0,0.0,0.0,0.0,0.4061195,0.08140355,2.871003,0.09332862,0.01857409,-2.899166,0.01557094,-0.08651758,-0.03099639,0.9956463,1.469387,350.02,356.3054,0.07556705,0.006083519,-0.9971219,0.0,0.0,0.0,-0.8055627,-0.2105557,-1.053148,-0.5418013,-0.2122,1.991,0.9831079,-0.0644172,0.1713165,0.05902856,0.9975935,0.03636977,-0.1732471,-0.02564284,0.9845445,moving,-29.992321615410997,-11.3105596333511,-15.22300649058227,-6.083596143146296,-0.8988913199999999,-0.22912979,1.8460180000000002,-0.4925483353786441,-0.1706862818034373,0.8533828350636216,-29.680492642477308,-10.816483957380473,15.152629736654527,15.66696577466194,15.2124663646091
2235,05/05/2023 15:32:23.946344,2418,True,True,True,True,Eyes,0.1806773,0.01896687,-2.997297,-0.6348328,-0.1603193,0.755834,0.0,0.0,0.0,0.0,0.0,0.0,0.0,0.3926799,0.07655817,2.864749,0.09144925,0.01753611,-2.89105,0.0146541,-0.08408247,-0.03107017,0.9958665,1.373061,350.3035,356.3095,0.07415231,0.006111111,-0.9972279,0.0,0.0,0.0,-0.8010046,-0.208992,-1.040211,-0.5460971,-0.2122,1.991,0.9839296,-0.0643478,0.1665592,0.05941919,0.9976398,0.03441197,-0.1683804,-0.02396214,0.9854308,moving,-29.721333709589636,-11.34476492673245,-15.338042056963044,-6.083596143146296,-0.89245385,-0.22652811,1.850839,-0.4884234542570942,-0.17165242172893128,0.8555571125941805,-29.407156493256668,-10.844931423748783,14.798989907661078,15.315318336028776,14.852955755533497
2236,05/05/2023 15:32:23.956772,2419,True,True,True,True,Eyes,0.1767989,0.01876519,-2.99205,-0.6278748,-0.1598647,0.7617195,0.0,0.0,0.0,0.0,0.0,0.0,0.0,0.3816535,0.07308222,2.857841,0.089651,0.0163692,-2.882698,0.01394753,-0.08208218,-0.03092976,0.996048,1.301141,350.5364,356.3351,0.07275461,0.006131696,-0.9973308,0.0,0.0,0.0,-0.7981334,-0.2064432,-1.028064,-0.5505766,-0.2122,1.990999,0.9846117,-0.06390472,0.1626528,0.05932534,0.9976977,0.03286237,-0.1643784,-0.02270725,0.986136,moving,-29.432628086369455,-11.317251862525179,-15.457869444020256,-6.0835991757822026,-0.8877844,-0.2228124,1.854634,-0.48410101756285373,-0.17171361237744737,0.8579980906623728,-29.115877163375732,-10.812937164578322,14.411965428962635,14.922633800953692,14.4536435778057
2237,05/05/2023 15:32:23.976354,2420,True,True,True,True,Eyes,0.1730148,0.01851854,-2.98665,-0.6210482,-0.1592627,0.7674207,0.0,0.0,0.0,0.0,0.0,0.0,0.0,0.3725742,0.06939009,2.850471,0.08811137,0.01536943,-2.874162,0.01323429,-0.08045654,-0.03050057,0.9962036,1.22967,350.7266,356.3929,0.07137848,0.006144641,-0.9974301,0.0,0.0,0.0,-0.7965519,-0.2050931,-1.016527,-0.5548755,-0.2122,1.991,0.9851929,-0.06289912,0.1594949,0.05863998,0.9977891,0.03127603,-0.1611095,-0.02146015,0.9867032,moving,-29.11934573643927,-11.25799690502972,-15.572721108647253,-6.083596143146296,-0.88466327,-0.22046253,1.8576350000000001,-0.4794351732281479,-0.17132696861861899,0.8606909954325485,-28.79976894790492,-10.749579459795026,14.000280700546181,14.501222777782605,14.025911551598178
2238,05/05/2023 15:32:23.996360,2421,True,True,True,True,Eyes,0.1693385,0.01822379,-2.981115,-0.6145071,-0.1584969,0.7728258,0.0,0.0,0.0,0.0,0.0,0.0,0.0,0.3644756,0.05720178,2.842583,0.08657014,0.01400768,-2.865084,0.01095491,-0.07896595,-0.03030896,0.9963563,0.9765524,350.9066,356.4376,0.0700243,0.006149222,-0.9975261,0.0,0.0,0.0,-0.7960431,-0.2039139,-1.005466,-0.5592225,-0.2121999,1.991,0.9856915,-0.06212716,0.1566924,0.05866691,0.9979227,0.02661673,-0.1580205,-0.01704323,0.9872887,moving,-28.822367796389727,-11.379332085995745,-15.68873495447967,-6.08359329772918,-0.88261324,-0.21792158,1.859618,-0.47477156102930784,-0.17364878882837204,0.862808219352304,-28.500311854148777,-10.862437269199937,13.648052805310488,14.161114396107726,13.673838245342727
2239,05/05/2023 15:32:24.006795,2422,True,True,True,True,Eyes,0.1657571,0.01788917,-2.975426,-0.6081106,-0.1576467,0.7780418,0.0,0.0,0.0,0.0,0.0,0.0,0.0,0.358069,0.05437333,2.834637,0.08533327,0.01256545,-2.856379,0.01028853,-0.07785666,-0.02988187,0.9964637,0.90825,351.037,356.4935,0.06869344,0.006144661,-0.9976187,0.0,0.0,0.0,-0.7961795,-0.1966605,-0.9933752,-0.5637481,-0.2122,1.991,0.9860908,-0.06115445,0.1545478,0.05795033,0.9980024,0.0251573,-0.1557775,-0.01585129,0.987665,moving,-28.48694002904545,-11.301268955995251,-15.809375268386333,-6.083596143146296,-0.8815127700000001,-0.20922595,1.8630038,-0.46976689392165594,-0.17299856992225376,0.865673487280594,-28.161842022715174,-10.780359258260367,13.208422490491445,13.709294578593349,13.215257041627883
2240,05/05/2023 15:32:24.026260,2423,True,True,True,True,Eyes,0.162305,0.01750333,-2.969586,-0.6019115,-0.1566476,0.783048,0.0,0.0,0.0,0.0,0.0,0.0,0.0,0.3518212,0.04622909,2.826057,0.08401276,0.01124972,-2.846987,0.0086975,-0.07674487,-0.02964982,0.996572,0.7325135,351.1707,356.5352,0.06738679,0.006130531,-0.9977078,0.0,0.0,0.0,-0.7972239,-0.1960343,-0.9830604,-0.5680075,-0.2121999,1.991,0.9864623,-0.06043132,0.1524478,0.05776137,0.9980905,0.02188631,-0.1534793,-0.01278442,0.9880692,moving,-28.172170940383406,-11.33276774710269,-15.9227881724114,-6.08359329772918,-0.88123666,-0.20728401999999999,1.8639266,-0.46492261379347044,-0.17397768134028246,0.8680891799238813,-27.844336045725477,-10.805382778473117,12.824769385114442,13.326710419163659,12.822581627589022
2241,05/05/2023 15:32:24.049227,2424,True,True,True,True,Eyes,0.1589539,0.01706345,-2.963598,-0.5958638,-0.1556425,0.787859,0.0,0.0,0.0,0.0,0.0,0.0,0.0,0.3459166,0.0374436,2.817438,0.08297923,0.009680497,-2.837611,0.006949198,-0.07573415,-0.02916836,0.9966771,0.5405439,351.2933,356.6062,0.06610588,0.006106053,-0.9977937,0.0,0.0,0.0,-0.79847,-0.1914081,-0.971646,-0.5723975,-0.2121999,1.991,0.9868271,-0.05919546,0.1505596,0.05709029,0.9982018,0.0182703,-0.1513704,-0.00943413,0.9884321,moving,-27.86519851368746,-11.367160003325877,-16.0395445999196,-6.08359329772918,-0.88144923,-0.201088597,1.8659649999999999,-0.460181479659667,-0.1749862493741832,0.870409603661337,-27.534698653777074,-10.833365196425385,12.448883878331499,12.952303564258482,12.437801245057747
2242,05/05/2023 15:32:24.056706,2425,True,True,True,True,Eyes,0.1557243,0.01658287,-2.957467,-0.5898848,-0.1547716,0.7925161,0.0,0.0,0.0,0.0,0.0,0.0,0.0,0.341089,0.03384085,2.808461,0.08204003,0.007934127,-2.8281,0.006083644,-0.07495616,-0.02836914,0.9967647,0.4512112,351.386,356.7055,0.06485184,0.006070433,-0.9978763,0.0,0.0,0.0,-0.7996287,-0.1867825,-0.9603499,-0.576712,-0.2122,1.991,0.9871535,-0.05746674,0.1490821,0.05564271,0.9983163,0.01638081,-0.1497725,-0.007875039,0.9886891,moving,-27.538476453039486,-11.292760710957719,-16.154159895852562,-6.083596143146296,-0.88166873,-0.19471662699999998,1.8677501,-0.455262670652672,-0.17435174924102279,0.8731193861343376,-27.20501532493291,-10.75501289240278,12.027663206978831,12.519507137614575,11.997647276014936
2243,05/05/2023 15:32:24.076543,2426,True,True,True,True,Eyes,0.1526013,0.01608153,-2.951186,-0.5840908,-0.1539337,0.7969582,0.0,0.0,0.0,0.0,0.0,0.0,0.0,0.3381217,0.03277309,2.799236,0.08134043,0.006528263,-2.818592,0.005718813,-0.07455722,-0.02745203,0.9968224,0.4187092,351.4334,356.8136,0.06362582,0.006023382,-0.9979554,0.0,0.0,0.0,-0.8014832,-0.1862006,-0.9497101,-0.5809824,-0.2121999,1.991,0.9873752,-0.05558236,0.1483266,0.05387685,0.9984273,0.01549478,-0.1489546,-0.007307788,0.988817,moving,-27.182331673534243,-11.157507187692648,-16.267473027394725,-6.08359329772918,-0.88282363,-0.192728863,1.8688819000000003,-0.4499506581022521,-0.17281189562942478,0.8761737688323503,-26.845581694560614,-10.616850140260564,11.563501674826487,12.036558537554278,11.508553365854794
2244,05/05/2023 15:32:24.097012,2427,True,True,True,True,Eyes,0.1496049,0.01555355,-2.944757,-0.5783111,-0.1533109,0.8012816,0.0,0.0,0.0,0.0,0.0,0.0,0.0,0.3361624,0.0324355,2.7895,0.08076987,0.005529142,-2.808703,0.00553811,-0.07437064,-0.02678935,0.9968554,0.404323,351.4557,356.891,0.06242811,0.005965294,-0.9980314,0.0,0.0,0.0,-0.8046031,-0.1873537,-0.939966,-0.5853319,-0.2122,1.991,0.9875027,-0.05423396,0.1479768,0.05258647,0.9985033,0.01502607,-0.1485703,-0.007056708,0.9888767,moving,-26.799795021232264,-11.032667458904042,-16.382750750930725,-6.083596143146296,-0.88537297,-0.192882842,1.8687369999999999,-0.44419799892717204,-0.17145266713537932,0.8793703904623132,-26.459535458591443,-10.48835735323459,11.077390553343292,11.532914558682823,10.99743203490903
2245,05/05/2023 15:32:24.106908,2428,True,True,True,True,Eyes,0.1467151,0.01498542,-2.938194,-0.5727513,-0.1526795,0.8053849,0.0,0.0,0.0,0.0,0.0,0.0,0.0,0.335779,0.0268416,2.779616,0.08032681,0.004411167,-2.798797,0.004376719,-0.07446438,-0.02638316,0.996865,0.2748366,351.4487,356.9474,0.06126002,0.005896325,-0.9981042,0.0,0.0,0.0,-0.8084742,-0.188424,-0.9302933,-0.5896509,-0.2122,1.991,0.987518,-0.05325272,0.1482309,0.05194909,0.9985695,0.01265521,-0.1486928,-0.004796785,0.9888719,moving,-26.405303684128704,-11.032365041842574,-16.497085331543886,-6.083596143146296,-0.88880101,-0.192835167,1.8685037,-0.43808865403470926,-0.17202268833759088,0.8823187884337015,-26.061569315738883,-10.480967858391974,10.623268647860073,11.075337671385112,10.526928891465227
2246,05/05/2023 15:32:24.126766,2429,True,True,True,True,Eyes,0.143982,0.01442302,-2.931496,-0.5672953,-0.1522593,0.8093165,0.0,0.0,0.0,0.0,0.0,0.0,0.0,0.3365351,0.02608925,2.769665,0.08000833,0.002872564,-2.789009,0.003983489,-0.07480887,-0.02622543,0.9968451,0.2302181,351.4104,356.9687,0.06012192,0.005816138,-0.9981738,0.0,0.0,0.0,-0.8132887,-0.1854058,-0.9206818,-0.5939584,-0.2122,1.991,0.9874317,-0.05288137,0.1489368,0.05168936,0.9985927,0.01186563,-0.1493547,-0.004018053,0.9887756,moving,-25.981926129513855,-10.976762469245422,-16.61098103701069,-6.083596143146296,-0.8932970299999999,-0.188278364,1.8683272,-0.43157672482146847,-0.1717651163165522,0.8855723146191764,-25.63440034463807,-10.419188079095598,10.129431665985962,10.571550909000042,10.010966658436699
2247,05/05/2023 15:32:24.146766,2430,True,True,True,True,Eyes,0.1413521,0.01390272,-2.92465,-0.5620942,-0.1516625,0.813049,0.0,0.0,0.0,0.0,0.0,0.0,0.0,0.339133,0.03358649,2.759439,0.07987064,0.00257827,-2.779255,0.005286991,-0.07555322,-0.02609522,0.9967863,0.3779741,351.3209,356.9721,0.05901573,0.005725968,-0.9982405,0.0,0.0,0.0,-0.8191055,-0.1853898,-0.9119837,-0.5982999,-0.2121999,1.991,0.9872215,-0.05282161,0.1503449,0.05122381,0.9985822,0.01448315,-0.1508968,-0.006596843,0.9885275,moving,-25.51961429291324,-10.723893851002222,-16.72563921700399,-6.08359329772918,-0.89897614,-0.18796807,1.8672713,-0.4246626698940513,-0.16846456174200825,0.8895399868563634,-25.167732312533747,-10.164540917529733,9.532609980655856,9.943157791185815,9.376730203495619
2248,05/05/2023 15:32:24.156780,2431,True,True,True,True,Eyes,0.1388675,0.01339975,-2.917666,-0.5570315,-0.1507023,0.8167036,0.0,0.0,0.0,0.0,0.0,0.0,0.0,0.3425532,0.02169436,2.748657,0.07973465,0.003029892,-2.768856,0.00317673,-0.0763754,-0.02707257,0.9967065,0.1258891,351.2328,356.8786,0.05794227,0.005628238,-0.9983038,0.0,0.0,0.0,-0.8265443,-0.1906136,-0.9048005,-0.6028128,-0.2121999,1.991,0.9868678,-0.05445207,0.1520757,0.05348158,0.9985139,0.01046789,-0.1524197,-0.002197177,0.9883134,moving,-25.062198116835177,-10.892095929062114,-16.844678030440654,-6.08359329772918,-0.90627895,-0.193643492,1.8640555,-0.417309599961662,-0.17172010188447406,0.8923928226174407,-24.706476641474755,-10.320168749232078,9.09648610399521,9.520994376945781,8.930646614704598
2249,05/05/2023 15:32:24.176233,2432,True,True,True,True,Eyes,0.1364852,0.01296707,-2.91056,-0.5522739,-0.1497303,0.8201063,0.0,0.0,0.0,0.0,0.0,0.0,0.0,0.3476738,0.004037944,2.737941,0.07957342,0.002981434,-2.758781,-0.0001030612,-0.07746846,-0.02820579,0.9965958,359.7379,351.1177,356.778,0.05690253,0.005524189,-0.9983642,0.0,0.0,0.0,-0.8340657,-0.1801794,-0.895648,-0.6069545,-0.2122,1.991,0.9864061,-0.05620356,0.1544153,0.0562355,0.9984089,0.004164696,-0.1544037,0.004575538,0.9879973,moving,-24.601025459009133,-11.196841497742293,-16.95379392728752,-6.083596143146296,-0.91363912,-0.183160834,1.863133,-0.40971404879744056,-0.1771339631513417,0.8948507830779933,-24.24158497537268,-10.608743162716447,8.747171275681216,9.199208017870605,8.578394599764856
2250,05/05/2023 15:32:24.196764,2433,True,True,True,True,Eyes,0.1342375,0.01262591,-2.90331,-0.5477356,-0.1481417,0.8234317,0.0,0.0,0.0,0.0,0.0,0.0,0.0,0.3561,0.001725915,2.726717,0.07968153,0.004230879,-2.748714,-0.0003705897,-0.0792916,-0.02881391,0.9964349,359.6959,350.9092,356.7115,0.05589676,0.005416831,-0.9984216,0.0,0.0,0.0,-0.8427655,-0.1654139,-0.8869562,-0.611298,-0.2121999,1.991,0.9857652,-0.05736361,0.1580392,0.05748115,0.9983392,0.003830866,-0.1579965,0.00530794,0.9874254,moving,-24.059596893537048,-11.092755673792109,-17.068090422392,-6.08359329772918,-0.92244703,-0.169644779,1.8617578000000001,-0.4013062794749529,-0.17622568245398143,0.8988313491688749,-23.695270734601863,-10.49761017962118,8.165970300319351,8.600748249183177,7.962604091889134
2251,05/05/2023 15:32:24.216753,2434,True,True,True,True,Eyes,0.1320904,0.01232383,-2.895942,-0.5434264,-0.146254,0.8266182,0.0,0.0,0.0,0.0,0.0,0.0,0.0,0.3630581,-0.02488219,2.715074,0.07984374,0.006063411,-2.738183,-0.004977509,-0.08074766,-0.02964124,0.9962813,359.1574,350.7573,356.6598,0.05492579,0.005309565,-0.9984761,0.0,0.0,0.0,-0.8539566,-0.1617336,-0.8808572,-0.6156332,-0.2122,1.990999,0.9852024,-0.05825819,0.1611898,0.05986587,0.9981932,-0.005131076,-0.1605997,0.01470492,0.9869101,moving,-23.60102634461912,-11.467591963683113,-17.18203719366052,-6.0835991757822026,-0.9338003399999999,-0.167797011,1.8573258,-0.39362205283202467,-0.18276389077849153,0.9009212912657855,-23.23308292706931,-10.854510422098437,7.91162886255484,8.377994990467185,7.705630966250037
2252,05/05/2023 15:32:24.226442,2435,True,True,True,True,Eyes,0.1301002,0.01208332,-2.888469,-0.5393212,-0.1440656,0.8296854,0.0,0.0,0.0,0.0,0.0,0.0,0.0,0.3651291,-0.05105987,2.703444,0.08133401,0.007042741,-2.727246,-0.00965432,-0.08157206,-0.03023813,0.9961619,358.6151,350.6781,356.6356,0.05399014,0.005203769,-0.9985277,0.0,0.0,0.0,-0.8634461,-0.1403552,-0.8720947,-0.620007,-0.2122,1.991,0.9848633,-0.05866911,0.1631018,0.0618192,0.9979849,-0.01430135,-0.1619341,0.02416771,0.9865056,moving,-23.234214816031844,-11.828729104109275,-17.296840390624418,-6.083596143146296,-0.94478011,-0.147397941,1.8551513000000002,-0.3873822814611688,-0.18898131845846974,0.9023420338926907,-22.863446895960195,-11.199715886498602,7.766603338934833,8.261898559448998,7.560541595253998
2253,05/05/2023 15:32:24.246773,2436,True,True,True,True,Eyes,0.1282503,0.01193176,-2.880865,-0.5353441,-0.1417582,0.8326532,0.0,0.0,0.0,0.0,0.0,0.0,0.0,0.3650346,-0.05056475,2.693633,0.08191025,0.008366963,-2.717478,-0.009360995,-0.08194622,-0.03044245,0.9961278,358.6455,350.6344,356.61,0.05309163,0.005101403,-0.9985763,0.0,0.0,0.0,-0.8690355,-0.1199851,-0.8619018,-0.6242905,-0.2122,1.991,0.9847162,-0.05911494,0.1638277,0.06218334,0.9979712,-0.0136602,-0.1626879,0.02363878,0.9863944,moving,-22.902944761744784,-11.621298307332774,-17.409142652484768,-6.083596143146296,-0.9509457499999999,-0.128352063,1.8555761999999998,-0.38237026696454857,-0.18613430095744474,0.9050674257152523,-22.529025895423608,-10.991688854475074,7.331329866339758,7.8005132443285685,7.092431070114436
2254,05/05/2023 15:32:24.256961,2437,True,True,True,True,Eyes,0.126475,0.01183385,-2.873174,-0.531438,-0.1397735,0.8354861,0.0,0.0,0.0,0.0,0.0,0.0,0.0,0.3605931,-0.06332905,2.683857,0.08223879,0.009891173,-2.707447,-0.01146924,-0.08140108,-0.03090579,0.9961362,358.4023,350.7045,356.5757,0.05223023,0.005005064,-0.9986224,0.0,0.0,0.0,-0.8746434,-0.1191507,-0.8537261,-0.6290614,-0.2121999,1.991,0.9848374,-0.05970553,0.162882,0.06343997,0.9978266,-0.01781832,-0.1614642,0.02788138,0.9864846,moving,-22.69553460709799,-11.725807900738221,-17.534060958937623,-6.08359329772918,-0.95688219,-0.129041873,1.8537209000000001,-0.3789490950277682,-0.18807107456084407,0.9061053231995855,-22.319906527620336,-11.089766850071504,7.172108934887824,7.6469206774401925,6.92575565865933
2255,05/05/2023 15:32:24.276250,2438,True,True,True,True,Eyes,0.124798,0.01177028,-2.865422,-0.5274913,-0.1380026,0.838277,0.0,0.0,0.0,0.0,0.0,0.0,0.0,0.3529936,-0.07703698,2.674595,0.08278364,0.01099197,-2.697596,-0.01381141,-0.08029851,-0.03110242,0.9961898,358.1368,350.839,356.5727,0.05140534,0.004916082,-0.9986655,0.0,0.0,0.0,-0.8759679,-0.1085502,-0.8426574,-0.6328655,-0.2121999,1.991,0.9851696,-0.05974974,0.1608442,0.06418589,0.9976838,-0.02252262,-0.159126,0.03251253,0.9867228,moving,-22.557460706334584,-11.861904407644335,-17.633542058837143,-6.08359329772918,-0.9587515400000001,-0.11954217,1.8549385999999999,-0.3765907370004586,-0.19042064328020128,0.906597768213476,-22.18076961589868,-11.219862313833778,7.107665248279169,7.591696393438158,6.859922584220315
2256,05/05/2023 15:32:24.296625,2439,True,True,True,True,Eyes,0.1231787,0.01174076,-2.857596,-0.5234991,-0.1362374,0.8410637,0.0,0.0,0.0,0.0,0.0,0.0,0.0,0.3365733,-0.06984877,2.667607,0.08341737,0.01178011,-2.688344,-0.01224849,-0.07767014,-0.03057678,0.9964349,358.329,351.1352,356.6143,0.05061718,0.004834976,-0.9987062,0.0,0.0,0.0,-0.8754436,-0.09790925,-0.8307479,-0.6372377,-0.2122,1.991,0.9860648,-0.05903286,0.1555355,0.06283822,0.9978301,-0.01965985,-0.1540374,0.02915946,0.9876347,moving,-22.581778301869672,-11.546951757544377,-17.747744049261588,-6.083596143146296,-0.95886097,-0.10968936,1.8575960999999999,-0.37734630516275586,-0.18537270059064714,0.9073294948214825,-22.20494715738912,-10.913487846780408,6.837654747522932,7.294939459979312,6.572253298217847
2257,05/05/2023 15:32:24.306934,2440,True,True,True,True,Eyes,0.1216502,0.01173166,-2.849714,-0.5194096,-0.1345131,0.843872,0.0,0.0,0.0,0.0,0.0,0.0,0.0,0.3191843,-0.07950304,2.659746,0.08393072,0.01248084,-2.678665,-0.01385466,-0.07473384,-0.03045545,0.9966421,358.1566,351.4774,356.6367,0.04986287,0.004762038,-0.9987445,0.0,0.0,0.0,-0.869211,-0.1040306,-0.8175746,-0.6415458,-0.2122,1.991,0.9869747,-0.05863554,0.1498097,0.06277718,0.997761,-0.02306417,-0.1481219,0.03216838,0.9884458,moving,-22.648516840557356,-11.609528149969803,-17.860129410759306,-6.083596143146296,-0.95314172,-0.11651144,1.8610904000000001,-0.37833667201140153,-0.18628220584919147,0.9067305892176942,-22.272343873169856,-10.975647064325138,6.846709027881794,7.311947669525846,6.587852357006157
2258,05/05/2023 15:32:24.326432,2441,True,True,True,True,Eyes,0.1202253,0.01176189,-2.841765,-0.5152302,-0.1331337,0.8466483,0.0,0.0,0.0,0.0,0.0,0.0,0.0,0.2982656,-0.08319756,2.652777,0.08451495,0.01295467,-2.66942,-0.01437781,-0.07114941,-0.03039279,0.9968989,358.1094,351.8908,356.6415,0.04914243,0.004697218,-0.9987805,0.0,0.0,0.0,-0.861921,-0.09731615,-0.8025582,-0.6460347,-0.2121999,1.991,0.9880281,-0.05855113,0.1427315,0.06264301,0.9977391,-0.02434159,-0.1409836,0.0329913,0.9894621,moving,-22.777819681227825,-11.584673819529232,-17.977080350282886,-6.08359329772918,-0.94643595,-0.11027082,1.8668618000000001,-0.3804234070218635,-0.18571703599042777,0.9059731226109455,-22.40275758919094,-10.953760664711494,6.834338707901974,7.301300228795526,6.580664799654231
2259,05/05/2023 15:32:24.346336,2442,True,True,True,True,Eyes,0.1188841,0.01182831,-2.83375,-0.5108987,-0.131598,0.8495084,0.0,0.0,0.0,0.0,0.0,0.0,0.0,0.2748764,-0.08243199,2.645808,0.08507004,0.0139901,-2.659929,-0.0139399,-0.0671038,-0.03009144,0.9971948,358.1754,352.3536,356.6651,0.04845502,0.004641017,-0.9988143,0.0,0.0,0.0,-0.8518123,-0.09501463,-0.7870281,-0.6501194,-0.2122,1.991,0.9891832,-0.05814321,0.1346701,0.06188489,0.9978004,-0.02376308,-0.1329922,0.03184008,0.9906055,moving,-22.94890808483512,-11.434983043084058,-18.08336609518949,-6.083596143146296,-0.9368823399999999,-0.10900473000000001,1.8729008999999999,-0.38331754052294215,-0.18311238102038827,0.9052831358093097,-22.575184487977726,-10.811016076515802,6.774584832822483,7.232623355728561,6.521114298968393
2260,05/05/2023 15:32:24.356904,2443,True,True,True,True,Eyes,0.1176097,0.01190088,-2.825679,-0.5064554,-0.1304474,0.8523418,0.0,0.0,0.0,0.0,0.0,0.0,0.0,0.2497057,-0.09952889,2.638062,0.08565883,0.01487555,-2.650297,-0.01690197,-0.06260087,-0.03015649,0.9974397,357.8513,352.8799,356.6702,0.04780146,0.004593983,-0.9988461,0.0,0.0,0.0,-0.8359767,-0.0965471,-0.7701482,-0.6501601,-0.2122,1.991,0.9903434,-0.05804241,0.1259006,0.06227472,0.9976098,-0.02994175,-0.1238618,0.03749304,0.9915909,moving,-23.181271966622784,-11.71158200040253,-18.084424481368902,-6.083596143146296,-0.92163553,-0.11142265,1.8801488000000002,-0.38668295013315107,-0.18719558085180846,0.9030139816021882,-22.809905998206695,-11.084644604845833,7.103570237812633,7.592896621014605,6.880455019999979
2352,05/05/2023 15:32:25.886457,2535,True,True,True,True,Eyes,0.2427359,0.00383202,-1.976081,0.3966462,-0.1653118,0.9029639,0.0,0.0,0.0,0.0,0.0,0.0,0.0,-1.694337,-0.03883797,0.7183557,0.365502,0.007632329,-1.80407,0.007243681,0.4662808,-0.02226759,0.8843269,1.924208,55.57143,358.1292,0.09543253,0.002319269,-0.9954324,0.0,0.0,0.0,1.61066,-0.2500693,-0.1391055,-0.65016,-0.2121999,1.991,0.5641727,-0.03262847,-0.8250118,0.04613883,0.9989033,-0.007954331,0.8243667,-0.03357746,0.5650595,moving,-31.46738586664631,-10.35636256679587,-18.084421880927106,-6.08359329772918,1.245158,-0.257701629,1.6649645,-0.5157849710694179,-0.15401219912638942,0.842761004102624,-31.16747526467947,-9.913479696170224,13.623089389082077,14.048497509333085,13.632106061320016
2353,05/05/2023 15:32:25.906682,2536,True,True,True,True,Eyes,0.2486808,0.003948905,-1.968671,0.4045262,-0.1657218,0.8993858,0.0,0.0,0.0,0.0,0.0,0.0,0.0,-1.698535,-0.03631343,0.695812,0.3733567,0.00810501,-1.797508,0.008985868,0.4694975,-0.02282995,0.8825929,2.137567,55.98762,358.1729,0.09808443,0.002279888,-0.9951748,0.0,0.0,0.0,1.632354,-0.2480442,-0.1434894,-0.6469333,-0.2101539,1.991263,0.5581018,-0.03186141,-0.8291605,0.04873678,0.9987961,-0.00557548,0.8283399,-0.03729893,0.5589827,moving,-31.37545471753833,-10.13163490276289,-17.99824924063512,-6.024579818616752,1.2589973,-0.25614921,1.6540186000000001,-0.514688282077918,-0.1508214896292849,0.8440076002507354,-31.07448168256569,-9.692907373587417,13.592007624842022,13.993481619507701,13.581033904896733
2354,05/05/2023 15:32:25.926645,2537,True,True,True,True,Eyes,0.3995203,0.007430428,-1.784808,0.5892392,-0.1767752,0.7883829,0.0,0.0,0.0,0.0,0.0,0.0,0.0,-1.702389,-0.03610225,0.6728112,0.3812407,0.008964475,-1.79072,0.01030605,0.4727888,-0.02365688,0.880798,2.322518,56.41431,358.1688,0.1008119,0.002250978,-0.9949023,0.0,0.0,0.0,1.653566,-0.253574,-0.1493187,-0.6437889,-0.2081601,1.991518,0.5518221,-0.03192869,-0.8333504,0.05141902,0.9986683,-0.004214329,0.8323752,-0.04052451,0.552729,moving,-19.263338559628384,-9.103512247901639,-17.9142262213303,-5.967078452741516,1.2723253,-0.26253847500000005,1.6414013,-0.32619957996627225,-0.14956417637329683,0.9333939652363814,-18.854532239156455,-8.473524003855497,3.21393195392747,3.414281923446079,2.6770216113918743
2355,05/05/2023 15:32:25.937114,2538,True,True,True,True,Eyes,0.3998353,0.007452762,-1.784537,0.5894883,-0.1768907,0.7881709,0.0,0.0,0.0,0.0,0.0,0.0,0.0,-1.706532,-0.03652137,0.648687,0.3890828,0.009741645,-1.784068,0.01163139,0.4763869,-0.02473291,0.8788111,2.522314,56.88167,358.1421,0.1179391,0.002551471,-0.9930168,0.4525186,0.01044457,0.5515898,1.675077,-0.2571367,-0.1551272,-0.6405585,-0.2061119,1.991781,0.5448877,-0.03238902,-0.8378834,0.05455319,0.998506,-0.003121275,0.8367326,-0.04400846,0.5458406,moving,-19.701476137992252,-8.96599180088343,-17.82783595417142,-5.908007888877298,1.2859942,-0.266878345,1.6289408,-0.33346084074128945,-0.1469280673396324,0.9312444114786099,-19.296374024995682,-8.347438026524717,3.38010659898851,3.586334220972229,2.847353764800354
2356,05/05/2023 15:32:25.956880,2539,True,True,True,True,Eyes,0.4004752,0.007469953,-1.784062,0.589915,-0.1772843,0.7877629,0.0,0.0,0.0,0.0,0.0,0.0,0.0,-1.710459,-0.03626103,0.6238448,0.3969704,0.01032517,-1.777209,0.01290043,0.4801129,-0.02548777,0.8767416,2.699325,57.36748,358.1467,0.1318689,0.002789702,-0.9912625,0.4253674,0.009817895,0.5184944,1.69752,-0.2610098,-0.1621277,-0.6372759,-0.2040301,1.992048,0.5376841,-0.03230505,-0.8425272,0.05707969,0.9983679,-0.001853335,0.8412121,-0.04709468,0.5386506,moving,-20.1467444324089,-8.858908115960222,-17.73998928826454,-5.84797228049402,1.3005495999999999,-0.27133497,1.6150813,-0.3407966490598894,-0.14478277395874237,0.9289216378264973,-19.745443562879746,-8.251130333301447,3.6449444896562024,3.854634214703116,3.1300184463267287
2357,05/05/2023 15:32:25.976788,2540,True,True,True,True,Eyes,0.4013994,0.007490584,-1.783347,0.5905626,-0.1778576,0.7871484,0.0,0.0,0.0,0.0,0.0,0.0,0.0,-1.714335,-0.03427414,0.5988536,0.4047281,0.01034417,-1.770546,0.01400177,0.4839064,-0.02553288,0.8746353,2.820316,57.86462,358.2149,0.1432571,0.002978681,-0.9896803,0.3998454,0.009228822,0.4873848,1.7204,-0.2647468,-0.1693742,-0.6341715,-0.2020619,1.992301,0.5303655,-0.03111283,-0.8471981,0.05821501,0.9983041,-0.0002181583,0.845768,-0.04920394,0.5312772,moving,-20.594738408218586,-8.795774488063175,-17.65684970323245,-5.791214007899527,1.3156719,-0.27509097,1.6011718,-0.3481228908997741,-0.14334809172063182,0.9264242502496993,-20.197312219524953,-8.197685705983917,3.9890161220677736,4.202210575619257,3.499293618770566
2358,05/05/2023 15:32:25.996125,2541,True,True,True,True,Eyes,0.4025968,0.007507011,-1.782406,0.5913604,-0.1787912,0.7863374,0.0,0.0,0.0,0.0,0.0,0.0,0.0,-1.717851,-0.02937651,0.5745296,0.4124983,0.01046739,-1.764,0.01637546,0.4875098,-0.0257208,0.872585,3.075753,58.33928,358.3403,0.1526218,0.003129053,-0.988279,0.3758547,0.008675093,0.4581417,1.743676,-0.2677651,-0.177335,-0.6309804,-0.2000383,1.99256,0.5233452,-0.02892078,-0.8516298,0.06085356,0.9981406,0.003499666,0.8499451,-0.05365624,0.5241321,moving,-21.00986514840927,-8.595386248527378,-17.57133892310652,-5.732864473885338,1.3311777,-0.27823249,1.586665,-0.35501186234523474,-0.13972043961727226,0.924361779214007,-20.615869792213815,-8.009943082203005,4.270293389839217,4.474091361650383,3.8018752217037766
2359,05/05/2023 15:32:26.006868,2542,True,True,True,True,Eyes,0.4040691,0.007529835,-1.781255,0.5923573,-0.1798543,0.7853441,0.0,0.0,0.0,0.0,0.0,0.0,0.0,-1.721258,-0.02309764,0.550377,0.4203718,0.01041049,-1.757657,0.01869619,0.4910473,-0.02530616,0.8705646,3.290903,58.80849,358.5249,0.160376,0.003248792,-0.98705,0.3533034,0.008154587,0.4306532,1.76569,-0.2759459,-0.1855538,-0.6277818,-0.1980102,1.992821,0.5164644,-0.02569986,-0.8559229,0.0624227,0.9980201,0.007699443,0.8540303,-0.05740551,0.5170461,moving,-21.411028716181903,-8.417341746175635,-17.485556853743493,-5.674384405041643,1.3453182,-0.28635639,1.5721032,-0.36164037347072475,-0.13647494819641035,0.9222748637403773,-21.020366342652306,-7.8437155326392585,4.5942459288833195,4.788856264086086,4.147393839996839
2360,05/05/2023 15:32:26.026362,2543,True,True,True,True,Eyes,0.4058506,0.007561191,-1.779984,0.5933261,-0.1805848,0.7844446,0.0,0.0,0.0,0.0,0.0,0.0,0.0,-1.724338,-0.0178421,0.5265904,0.4284638,0.01059267,-1.75136,0.02080267,0.4944406,-0.02493697,0.8686047,3.485635,59.2604,358.694,0.166851,0.003344769,-0.9859759,0.3321052,0.007665311,0.404814,1.787686,-0.283573,-0.1940194,-0.6246285,-0.1960108,1.993077,0.5098135,-0.02274937,-0.8599842,0.0638921,0.9978908,0.0114789,0.8579091,-0.06079829,0.5101916,moving,-21.797634993963793,-8.241798669993123,-17.400943102966096,-5.616738939752165,1.3592222,-0.29416567000000005,1.5573406,-0.36801615205294685,-0.13329050948015836,0.9202161774887855,-21.410180203767368,-7.679662941205809,4.935884214210808,5.120726332435433,4.508839935750093
2361,05/05/2023 15:32:26.036760,2544,True,True,True,True,Eyes,0.407896,0.007580631,-1.778512,0.5945122,-0.1812105,0.7834016,0.0,0.0,0.0,0.0,0.0,0.0,0.0,-1.72703,-0.01772411,0.5029713,0.4365537,0.01095834,-1.745058,0.02137598,0.4978212,-0.02492043,0.866658,3.546763,59.70844,358.742,0.1724229,0.003424973,-0.9850165,0.3121789,0.007205393,0.3805252,1.809404,-0.2899903,-0.2022436,-0.621356,-0.1939357,1.993343,0.5031061,-0.02191215,-0.8639468,0.06447782,0.9978442,0.01223949,0.861816,-0.06186317,0.5034342,moving,-22.153475424339494,-8.237800487361543,-17.313068296627545,-5.556913685295102,1.3728503,-0.30094864,1.5428144,-0.3737439507800623,-0.13289854129516418,0.9179616032920865,-21.769150186755166,-7.682167863983226,5.344120969903087,5.533235509853043,4.936939450262144
2362,05/05/2023 15:32:26.056432,2545,True,True,True,True,Eyes,0.4102077,0.007582043,-1.776867,0.5958746,-0.1816394,0.7822664,0.0,0.0,0.0,0.0,0.0,0.0,0.0,-1.7295,-0.02014787,0.4790292,0.4449611,0.01067598,-1.73866,0.02036296,0.5012159,-0.02453455,0.8647347,3.428984,60.15688,358.736,0.177558,0.003498371,-0.9841035,0.2934482,0.006773069,0.3576937,1.831291,-0.2903302,-0.2096913,-0.6181728,-0.1919173,1.993602,0.4963614,-0.02201927,-0.8678367,0.06284423,0.9979668,0.01062291,0.8658383,-0.05981133,0.496736,moving,-22.49732991576114,-8.420951958965846,-17.227531152315578,-5.498726016046923,1.3863299,-0.30100617999999996,1.5289687,-0.37911076941786226,-0.13551287443098015,0.9153750141342784,-22.116239154132337,-7.866769468050524,5.816622787923438,6.025793181704858,5.432043420077231
2363,05/05/2023 15:32:26.076441,2546,True,True,True,True,Eyes,0.4127738,0.007570254,-1.77503,0.597425,-0.1820049,0.7809978,0.0,0.0,0.0,0.0,0.0,0.0,0.0,-1.731519,-0.0235123,0.4556006,0.4533856,0.0102799,-1.732229,0.01947285,0.5044649,-0.02472464,0.8628585,3.356591,60.58614,358.6786,0.1823169,0.003564696,-0.9832328,0.2758413,0.006366685,0.336232,1.854117,-0.2845646,-0.2165257,-0.6150128,-0.1899134,1.993859,0.4898077,-0.02302098,-0.8715266,0.06231447,0.998019,0.008659204,0.8696007,-0.05855005,0.4902719,moving,-22.801273092441953,-8.573196343634574,-17.142561942076398,-5.440960440949837,1.4007314,-0.2948445,1.5157033,-0.38384690499785434,-0.13765331375424272,0.9130789103850192,-22.423030528073696,-8.02054506363215,6.240929170552126,6.467759552838891,5.876870367234873
2364,05/05/2023 15:32:26.086286,2547,True,True,True,True,Eyes,0.4155816,0.007543318,-1.772994,0.5994465,-0.1817686,0.7795025,0.0,0.0,0.0,0.0,0.0,0.0,0.0,-1.733458,-0.02717144,0.4314051,0.4620982,0.009957508,-1.725714,0.01870077,0.5078233,-0.02512309,0.8608916,3.308657,61.03083,358.6074,0.1867532,0.00362397,-0.9823996,0.2592908,0.005984684,0.3160581,1.876098,-0.2799,-0.2229885,-0.6118074,-0.1878807,1.99412,0.4829685,-0.02426313,-0.8753015,0.0622499,0.9980382,0.006682504,0.8734221,-0.05771486,0.4835314,moving,-23.089997665111213,-8.668581243074625,-17.056312409356565,-5.382367718373547,1.4139998,-0.289857508,1.5027255,-0.38837563907684935,-0.1388875038554591,0.9109745891400639,-22.71440531039632,-8.118657161225487,6.630788332567527,6.8705572623652085,6.2850055840754395
2365,05/05/2023 15:32:26.106239,2548,True,True,True,True,Eyes,0.4186273,0.007485826,-1.770778,0.6016402,-0.1815612,0.777859,0.0,0.0,0.0,0.0,0.0,0.0,0.0,-1.735216,-0.03113861,0.4063512,0.4709033,0.009520618,-1.719077,0.01728701,0.5113552,-0.02507048,0.8588299,3.17197,61.49958,358.5433,0.1909149,0.003676106,-0.9815991,0.2437333,0.005625603,0.2970946,1.898515,-0.2758796,-0.2298808,-0.6086258,-0.1858636,1.994378,0.4757747,-0.02538295,-0.8792009,0.06074216,0.9981452,0.004053357,0.8774673,-0.05533304,0.4764341,moving,-23.39306577333198,-8.853779897780747,-16.970655293115957,-5.32423131352544,1.4276117,-0.285400218,1.4891961999999999,-0.393040428745237,-0.14152659423378244,0.9085645095307356,-23.02035097272925,-8.30451949343253,7.067295443205873,7.328374279811809,6.743955475181139
2366,05/05/2023 15:32:26.126828,2549,True,True,True,True,Eyes,0.4219029,0.007403357,-1.768363,0.6041867,-0.181079,0.7759954,0.0,0.0,0.0,0.0,0.0,0.0,0.0,-1.736844,-0.03228155,0.3808526,0.4797022,0.008738972,-1.712462,0.01733882,0.5149652,-0.02547365,0.8566571,3.206968,61.98154,358.5201,0.1948446,0.00372017,-0.9808264,0.2291093,0.005288067,0.279269,1.921912,-0.2689838,-0.2372047,-0.6054405,-0.1838439,1.994637,0.468324,-0.02578659,-0.8831804,0.06150214,0.9981009,0.003470756,0.8814137,-0.05594292,0.4690205,moving,-23.686136652505486,-8.832700363950723,-16.884836836574397,-5.266022274560668,1.4422098,-0.277722772,1.4752573,-0.3977194983993591,-0.1408830481248214,0.9066262740860049,-23.31597935281363,-8.289255675088244,7.4159375804716,7.679770294710601,7.1063024322248936
2367,05/05/2023 15:32:26.136437,2550,True,True,True,True,Eyes,0.4254047,0.007274888,-1.765783,0.6068979,-0.1805707,0.7739956,0.0,0.0,0.0,0.0,0.0,0.0,0.0,-1.738162,-0.03361535,0.354742,0.4887755,0.008011153,-1.705641,0.01709711,0.5186372,-0.02564231,0.8544387,3.199626,62.473,358.5029,0.1985804,0.003755624,-0.9800768,0.2153628,0.004970783,0.2625128,1.944807,-0.2688009,-0.245559,-0.6022397,-0.1818145,1.994898,0.4607159,-0.02608518,-0.8871643,0.06155397,0.9981003,0.002618751,0.8854106,-0.05581498,0.4614463,moving,-23.978550914933777,-8.849843511299296,-16.798538704027536,-5.207535958867632,1.4560315,-0.276812053,1.4600819999999999,-0.4023436173511728,-0.140843797210702,0.9045897776927969,-23.6109883224405,-8.311214756510058,7.780943464718879,8.051023516004873,7.486139985489858
2368,05/05/2023 15:32:26.156744,2551,True,True,True,True,Eyes,0.4291172,0.007081916,-1.763022,0.6098464,-0.1799497,0.7718196,0.0,0.0,0.0,0.0,0.0,0.0,0.0,-1.739269,-0.03474768,0.3288037,0.4977422,0.006771634,-1.698995,0.01640058,0.5222989,-0.02552463,0.8522226,3.130874,62.96414,358.4865,0.2021562,0.003780821,-0.9793454,0.202441,0.004672536,0.246762,1.968294,-0.2671266,-0.2540631,-0.5989738,-0.1797435,1.995163,0.4531046,-0.02637332,-0.8910671,0.06063733,0.998159,0.001290911,0.8893927,-0.05461685,0.4538697,moving,-24.256029624935895,-8.919249971952144,-16.710438072129143,-5.147858775995717,1.4705518,-0.273898234,1.4449319,-0.4066729143975169,-0.14164259651997646,0.9025267511900791,-23.890988976444195,-8.383817644878055,8.154407816348362,8.43559976733879,7.876023177375621
2369,05/05/2023 15:32:26.176430,2552,True,True,True,True,Eyes,0.4330356,0.006829375,-1.76011,0.6129322,-0.179456,0.7694866,0.0,0.0,0.0,0.0,0.0,0.0,0.0,-1.740132,-0.03577862,0.3017769,0.5067562,0.004987497,-1.692212,0.01581158,0.5261871,-0.02567794,0.8498341,3.089581,63.48685,358.4503,0.2056016,0.003793245,-0.9786278,0.1902945,0.004392183,0.2319563,1.991731,-0.2638895,-0.2626832,-0.5957783,-0.1777173,1.995424,0.4449355,-0.02700427,-0.8951555,0.06028368,0.9981812,-0.000148364,0.8935314,-0.05389724,0.4457542,moving,-24.54931061435584,-8.980929438220185,-16.624166943786587,-5.089472640707034,1.4849747999999998,-0.268876997,1.4295288,-0.41124852077899277,-0.14229398290550704,0.9003482892183321,-24.186922397143565,-8.449177467375181,8.53728836550835,8.829005504929487,8.275438753904107
2370,05/05/2023 15:32:26.186496,2553,True,True,True,True,Eyes,0.4371209,0.006542383,-1.756963,0.6161757,-0.1791283,0.7669685,0.0,0.0,0.0,0.0,0.0,0.0,0.0,-1.740766,-0.03596814,0.2747257,0.5156649,0.003335473,-1.68556,0.01675791,0.5300964,-0.02681293,0.8473477,3.25767,64.01461,358.4117,0.2089431,0.003790889,-0.9779198,0.1788769,0.004128652,0.2180389,2.015662,-0.2619944,-0.2720757,-0.5926676,-0.1757446,1.995677,0.4365577,-0.02767312,-0.8992506,0.06320635,0.9980005,-2.731505e-05,0.8974532,-0.05682642,0.437434,moving,-24.826337877470483,-8.845073027920165,-16.54014075884697,-5.032635411660895,1.4999970999999999,-0.265329873,1.4134843,-0.41574347659970784,-0.13984486159109819,0.8986661768838219,-24.466236767064828,-8.321814959164803,8.83775218352985,9.12117006017064,8.581474233906729
2371,05/05/2023 15:32:26.207014,2554,True,True,True,True,Eyes,0.4413985,0.006190271,-1.753672,0.6195772,-0.1788556,0.7642871,0.0,0.0,0.0,0.0,0.0,0.0,0.0,-1.740895,-0.03674968,0.2470803,0.524741,0.002115157,-1.678617,0.01778487,0.5340791,-0.02803051,0.8447827,3.439222,64.55399,358.3718,0.2122028,0.003773339,-0.9772178,0.1681443,0.003880933,0.2049566,2.038658,-0.2670885,-0.282463,-0.589378,-0.1736588,1.995944,0.4279477,-0.02836232,-0.9033585,0.06635642,0.997796,0.0001076792,0.9013644,-0.05998971,0.4288865,moving,-25.10138175601155,-8.70049428120896,-16.45122993669778,-4.972545685086978,1.5139169999999997,-0.269203657,1.3961540000000001,-0.4202056676315129,-0.13726617722221085,0.89698673185213,-24.743540473743113,-8.185919896739069,9.144822071760032,9.41927424128341,8.89315398870973
2372,05/05/2023 15:32:26.226885,2555,True,True,True,True,Eyes,0.4458008,0.005803216,-1.750135,0.6231362,-0.1786816,0.7614291,0.0,0.0,0.0,0.0,0.0,0.0,0.0,-1.740837,-0.03683506,0.2185426,0.5336633,0.0002116021,-1.671776,0.01804107,0.5383119,-0.02855257,0.8420687,3.504332,65.12904,358.3544,0.2154016,0.003738494,-0.9765178,0.1580556,0.003648077,0.1926592,2.06179,-0.2722809,-0.2929352,-0.5862087,-0.171649,1.996202,0.4188102,-0.02866301,-0.9076213,0.0675099,0.9977186,-0.000356739,0.9055609,-0.06112401,0.4197898,moving,-25.404500330297786,-8.671624769383389,-16.36551002030426,-4.914648487423644,1.5281266999999998,-0.2724925021,1.3788407999999999,-0.4249919597887051,-0.13647771928150382,0.8948495842936314,-25.049296282124118,-8.163248161170483,9.512357432886228,9.788677980573521,9.271544837902654
2373,05/05/2023 15:32:26.236513,2556,True,True,True,True,Eyes,0.5608,-0.003997592,-1.65834,0.7120188,-0.1749643,0.6800123,0.0,0.0,0.0,0.0,0.0,0.0,0.0,-1.740537,-0.03615426,0.1900178,0.5423662,-0.001143589,-1.665149,0.02105202,0.5425713,-0.03081805,0.8391804,3.943621,65.71219,358.3412,0.2185561,0.003686136,-0.9758168,0.1485723,0.003429192,0.1810997,2.085942,-0.2743635,-0.3044386,-0.5830438,-0.1696423,1.996459,0.4093332,-0.02887936,-0.9119279,0.07456823,0.9972141,0.0018909,0.9093327,-0.06877486,0.4103464,moving,-19.02468247781617,-7.292062613698967,-16.279860974042055,-4.856846943737969,1.5435758000000002,-0.273219911,1.3607103999999999,-0.3236160862169646,-0.12009705102964757,0.938535738826613,-18.611736849521265,-6.704604147068987,3.5285424458102495,3.6693760296274336,2.9752061745538905
2374,05/05/2023 15:32:26.256459,2557,True,True,True,True,Eyes,0.5611709,-0.004028101,-1.658073,0.7122914,-0.1746538,0.6798066,0.0,0.0,0.0,0.0,0.0,0.0,0.0,-1.739834,-0.0387711,0.1590153,0.5517158,-0.001635893,-1.658137,0.0215009,0.5472948,-0.03179205,0.8360595,4.057141,66.35822,358.2981,0.2328988,0.002905682,-0.972496,0.4846556,-0.02617898,0.4456175,2.108243,-0.2888211,-0.3174131,-0.5797643,-0.167563,1.996727,0.3989153,-0.02962542,-0.9165092,0.07669476,0.9970539,0.001152824,0.913775,-0.07075132,0.4000122,moving,-19.639928580932,-7.2354654338693365,-16.191041919932356,-4.7969553859839404,1.5565271999999999,-0.287185207,1.3407239,-0.3337306985061591,-0.11872656335337546,0.9351619249097178,-19.23233805105189,-6.660535030917115,4.082192562216488,4.223878603139455,3.5668489244951074
2375,05/05/2023 15:32:26.276414,2558,True,True,True,True,Eyes,0.5618947,-0.004124184,-1.657542,0.7128719,-0.17432,0.6792835,0.0,0.0,0.0,0.0,0.0,0.0,0.0,-1.738521,-0.04141815,0.1278023,0.5608685,-0.00233752,-1.651037,0.01974779,0.5521232,-0.03112753,0.8329474,3.857211,67.01909,358.2742,0.2445111,0.002259536,-0.9696432,0.4555762,-0.02460825,0.4188804,2.133768,-0.2909461,-0.3310004,-0.5766574,-0.1655928,1.99698,0.3883821,-0.03004876,-0.9210085,0.07366161,0.9972822,-0.001474734,0.9185497,-0.06727019,0.38954,moving,-20.25022107422823,-7.484843413254837,-16.10685244871769,-4.740213667100017,1.5728995,-0.28860858,1.3200366000000001,-0.3435208245536556,-0.12233670722915818,0.9311428755804149,-19.848286147216392,-6.914443199028938,4.80634125019827,4.969959357011179,4.327308652935857
2376,05/05/2023 15:32:26.286747,2559,True,True,True,True,Eyes,0.5629427,-0.00422141,-1.656734,0.7136207,-0.1740414,0.6785684,0.0,0.0,0.0,0.0,0.0,0.0,0.0,-1.736892,-0.04151857,0.09665251,0.5700648,-0.004017696,-1.64404,0.01918349,0.5568922,-0.03085367,0.8297899,3.795806,67.67626,358.2864,0.2539614,0.001719024,-0.9672122,0.4282416,-0.02313175,0.3937476,2.160661,-0.2825823,-0.3446287,-0.5734617,-0.1635664,1.99724,0.3778383,-0.02983787,-0.9253907,0.0725704,0.9973601,-0.00252781,0.9230232,-0.06620087,0.3790062,moving,-20.844879264108457,-7.585978957881882,-16.02020615568214,-4.681859173321484,1.5905962000000002,-0.278564604,1.2994113,-0.3531145699955893,-0.12350950274803842,0.927391766757055,-20.448295511833788,-7.023659491494106,5.455640299530754,5.631286027742438,5.00919195841574
2377,05/05/2023 15:32:26.306918,2560,True,True,True,True,Eyes,0.5643291,-0.004279461,-1.655675,0.7146361,-0.1736817,0.6775913,0.0,0.0,0.0,0.0,0.0,0.0,0.0,-1.734505,-0.04380892,0.06711853,0.579085,-0.004275028,-1.63694,0.0197005,0.5613128,-0.03169309,0.8267621,3.908008,68.28809,358.2603,0.2617024,0.001264296,-0.9651472,0.4025472,-0.02174385,0.3701227,2.186613,-0.2803504,-0.3588507,-0.5702636,-0.1615385,1.997499,0.367847,-0.030289,-0.929393,0.07452158,0.9972149,-0.003004213,0.9268956,-0.06815472,0.3690796,moving,-21.366452294133126,-7.517631651871737,-15.933451056001482,-4.623469696771347,1.6075279999999998,-0.276075372,1.2780893,-0.36161105599081456,-0.12197780962576465,0.9243153770861434,-20.974385403201016,-6.966459261474654,5.980839095407605,6.1557839367452205,5.5588325386797335
2378,05/05/2023 15:32:26.326517,2561,True,True,True,True,Eyes,0.5660478,-0.004303738,-1.654361,0.7158206,-0.1729387,0.6765301,0.0,0.0,0.0,0.0,0.0,0.0,0.0,-1.731681,-0.05032545,0.03741181,0.5885993,-0.00339967,-1.629783,0.0182092,0.5657115,-0.03215804,0.8237748,3.806374,68.89538,358.1404,0.2680981,0.0008815455,-0.9633906,0.3783943,-0.02043922,0.3479154,2.210328,-0.2823114,-0.3721183,-0.5670474,-0.159499,1.997761,0.3578728,-0.03237965,-0.9332088,0.07358426,0.9972686,-0.006383787,0.9308665,-0.0663849,0.3592779,moving,-21.866864654639684,-7.675843009878472,-15.846140406971594,-4.5647483310501125,1.6217287,-0.27891172999999997,1.2576646999999999,-0.36957140178185793,-0.12411202132353295,0.9208762602521794,-21.47938306603231,-7.129581079545394,6.585627071150908,6.77702224926941,6.189651838642889
2379,05/05/2023 15:32:26.336589,2562,True,True,True,True,Eyes,0.5680632,-0.004309161,-1.652822,0.7172691,-0.1720107,0.6752315,0.0,0.0,0.0,0.0,0.0,0.0,0.0,-1.728111,-0.05864765,0.008576035,0.5980753,-0.002401568,-1.622399,0.01598485,0.5699006,-0.03275169,0.8209051,3.645008,69.47445,357.9584,0.2737053,0.0005472082,-0.9618129,0.3556907,-0.01921286,0.3270404,2.235114,-0.274825,-0.384739,-0.5638542,-0.1574745,1.998021,0.3482813,-0.03555251,-0.9367157,0.07199159,0.9973436,-0.01108632,0.9346215,-0.06357449,0.3499157,moving,-22.31304955405577,-7.904708738951953,-15.759402984926904,-4.506464738610872,1.6370386999999997,-0.27242343199999997,1.23766,-0.3765730598442264,-0.1274022567564015,0.9175846647010194,-21.929755127364153,-7.360555732164242,7.168538217114512,7.382299481794863,6.798461661373285
2380,05/05/2023 15:32:26.356440,2563,True,True,True,True,Eyes,0.570322,-0.004206976,-1.650934,0.7192074,-0.1713765,0.6733282,0.0,0.0,0.0,0.0,0.0,0.0,0.0,-1.724289,-0.06392787,-0.02068973,0.6074132,-0.002262939,-1.615157,0.01199043,0.5742109,-0.03142061,0.8180163,3.193078,70.07406,357.8398,0.2788759,0.0002458612,-0.9603265,0.3343492,-0.01806009,0.307418,2.259282,-0.2645073,-0.396325,-0.5605971,-0.1554092,1.998286,0.3385893,-0.03763508,-0.9401812,0.06517523,0.9977379,-0.01646738,0.9386742,-0.05570086,0.3402762,moving,-22.745291254579033,-8.416520800604353,-15.670878218738256,-4.447013082527629,1.6518688,-0.262244361,1.218832,-0.3830851036813564,-0.13520228722569944,0.9137648487158138,-22.36637941809498,-7.866912409884833,7.851444768502729,8.111985658613099,7.518340755768228
2381,05/05/2023 15:32:26.376447,2564,True,True,True,True,Eyes,0.5729101,-0.004009708,-1.648831,0.7213855,-0.1703372,0.6712586,0.0,0.0,0.0,0.0,0.0,0.0,0.0,-1.720492,-0.06908297,-0.0455066,0.6166857,0.0002030749,-1.608301,0.01387765,0.5775214,-0.03331575,0.8155775,3.503971,70.53835,357.8001,0.2836737,-1.966549e-05,-0.9589202,0.3142883,-0.01697649,0.2889729,2.284657,-0.2456575,-0.4084907,-0.5574282,-0.1533999,1.998543,0.3307182,-0.03831386,-0.9429516,0.07037243,0.9973949,-0.01584451,0.9411023,-0.06111772,0.3325529,moving,-23.027319686864786,-8.09325059421777,-15.584705595607776,-4.389181145843223,1.6679713,-0.2458605749,1.1998103,-0.3878626227408686,-0.129763585843003,0.9125370716073895,-22.65052821869928,-7.557070285503414,8.075874597605011,8.313400928005285,7.743472795985576
2382,05/05/2023 15:32:26.396566,2565,True,True,True,True,Eyes,0.5757612,-0.003743294,-1.646541,0.7239683,-0.169452,0.6686971,0.0,0.0,0.0,0.0,0.0,0.0,0.0,-1.716161,-0.07585286,-0.07394719,0.6271337,0.002591709,-1.600977,0.008657753,0.5813902,-0.03105923,0.8129858,2.877017,71.08109,357.6797,0.2881574,-0.0002474949,-0.9575824,0.295431,-0.0159579,0.2716346,2.303807,-0.2517164,-0.4185609,-0.5542541,-0.1513872,1.998802,0.3220416,-0.04043435,-0.9458616,0.06056848,0.9979208,-0.02203779,0.9447861,-0.05019232,0.323821,moving,-23.353227393223904,-8.754445627752487,-15.498329624621254,-4.33125389922988,1.6766733,-0.254308109,1.1824161000000002,-0.3924953608216595,-0.13998661505379228,0.9090385198640134,-22.98004999559371,-8.207036305712153,8.716265841135538,9.014657177201455,8.426020945370462
2383,05/05/2023 15:32:26.411543,2566,True,True,True,True,Eyes,0.5788887,-0.003416596,-1.644075,0.7266803,-0.1686647,0.6659489,0.0,0.0,0.0,0.0,0.0,0.0,0.0,-1.711982,-0.08132031,-0.09968758,0.6363795,0.004483183,-1.594501,0.008408223,0.5849547,-0.03186785,0.8103961,2.918217,71.58337,357.6004,0.2923761,-0.0004374225,-0.9563027,0.2777051,-0.01500042,0.2553365,2.329309,-0.2245153,-0.4291212,-0.5510596,-0.1493618,1.999061,0.3136249,-0.04181431,-0.9486259,0.06148802,0.9978275,-0.02365452,0.9475541,-0.05091048,0.3155146,moving,-23.621269172553713,-8.733113348894031,-15.41136038919422,-4.272970815305421,1.6929295,-0.228998483,1.1653798,-0.3967786596788028,-0.13936884018875137,0.9072722846275668,-23.250428548840848,-8.191076128918358,9.042439008268119,9.343204677786394,8.763705772111903
2384,05/05/2023 15:32:26.426453,2567,True,True,True,True,Eyes,0.5822762,-0.003048033,-1.641481,0.7296913,-0.1680121,0.6628141,0.0,0.0,0.0,0.0,0.0,0.0,0.0,-1.707224,-0.08676808,-0.1273561,0.6461167,0.006273294,-1.58772,0.008704093,0.5888513,-0.03302211,0.8075196,3.035097,72.13429,357.5274,0.2963745,-0.0005897722,-0.955071,0.2610428,-0.0141004,0.2400163,2.349963,-0.2214086,-0.4404848,-0.5478616,-0.1473338,1.999322,0.3043274,-0.04308116,-0.9515929,0.06358283,0.9976676,-0.02483277,0.9504432,-0.05294767,0.3063568,moving,-23.909038108160537,-8.645919768173405,-15.324232969055972,-4.2146156662344145,1.7038463,-0.22768189400000002,1.1472352,-0.4014259464250728,-0.13768389166153452,0.9054834872677577,-23.540633929621883,-8.111311811312772,9.363656376151987,9.661021442904342,9.093595855977819
2385,05/05/2023 15:32:26.436306,2568,True,True,True,True,Eyes,0.5858985,-0.002701258,-1.638745,0.7328408,-0.1673283,0.6595041,0.0,0.0,0.0,0.0,0.0,0.0,0.0,-1.702663,-0.08871894,-0.1547697,0.6555616,0.007666121,-1.581476,0.007311962,0.5927634,-0.03208157,0.8047043,2.854596,72.69096,357.5345,0.3001907,-0.0007058638,-0.9538784,0.2453803,-0.01325437,0.2256153,2.371618,-0.2210927,-0.4532441,-0.5446471,-0.1452956,1.999584,0.2952048,-0.04296384,-0.9544676,0.06030089,0.9978346,-0.02626563,0.9535292,-0.04980149,0.2971563,moving,-24.204302602824686,-8.81802695617656,-15.236608250895626,-4.155974188124585,1.7160563999999998,-0.228758821,1.1282319,-0.40594809607431714,-0.14009731617887858,0.9030940932900915,-23.838692524308158,-8.284280715073434,9.789908059706635,10.107139951624369,9.54142382599891
2386,05/05/2023 15:32:26.456733,2569,True,True,True,True,Eyes,0.5897359,-0.002373771,-1.635893,0.7362249,-0.1668273,0.6558518,0.0,0.0,0.0,0.0,0.0,0.0,0.0,-1.697744,-0.08897224,-0.182325,0.6647953,0.00747568,-1.575273,0.006535843,0.5967487,-0.03151127,0.8017826,2.756375,73.25996,357.5482,0.3038583,-0.000790559,-0.9527164,0.2306575,-0.01245911,0.2120784,2.394021,-0.2115846,-0.4667148,-0.5413821,-0.1432252,1.999849,0.2857963,-0.04272987,-0.9573371,0.05833089,0.9979287,-0.02712796,0.9565133,-0.04808926,0.2876968,moving,-24.487399097787108,-8.91545763470111,-15.147563748508095,-4.096415406568674,1.7292257,-0.21906028000000002,1.1085582,-0.4103327149622953,-0.14132901716917814,0.9009179801215013,-24.124391960776826,-8.384284492343323,10.179191792580262,10.509790309428892,9.948329812050149
2387,05/05/2023 15:32:26.476540,2570,True,True,True,True,Eyes,0.6912501,0.007306081,-1.56199,0.8173038,-0.1573958,0.5542933,0.0,0.0,0.0,0.0,0.0,0.0,0.0,-1.693042,-0.08983906,-0.2095806,0.673856,0.007352574,-1.569793,0.00780555,0.60078,-0.03232122,0.7987227,2.940841,73.83695,357.5752,0.3074056,-0.0008480718,-0.9515777,0.216818,-0.01171156,0.1993537,2.415813,-0.2067128,-0.4806378,-0.5383481,-0.1413016,2.000095,0.2760376,-0.04225255,-0.9602177,0.06101022,0.9977888,-0.02636694,0.9592085,-0.05130482,0.2780051,moving,-17.591922193996858,-7.335510332836983,-15.064774935565332,-4.041086210394261,1.741957,-0.214065374,1.0891552,-0.2999852984432953,-0.12179891117353085,0.946136273341108,-17.166406456702834,-6.72116076114135,3.9869474989589015,4.1520722012424685,3.4058265734181097
2388,05/05/2023 15:32:26.486798,2571,True,True,True,True,Eyes,0.6916693,0.00737998,-1.5618,0.8176242,-0.1572012,0.5538759,0.0,0.0,0.0,0.0,0.0,0.0,0.0,-1.687653,-0.0942664,-0.2382054,0.683256,0.009207383,-1.56425,0.009236184,0.6050892,-0.0337013,0.7953905,3.18025,74.45612,357.5642,0.32131,-0.0002087045,-0.9469736,0.5083517,0.01803068,0.4091021,2.436396,-0.2116284,-0.4961534,-0.5351477,-0.1392724,2.000356,0.2654626,-0.04243395,-0.9631869,0.06478882,0.9975579,-0.02609184,0.9619418,-0.05547733,0.2675635,moving,-18.177214389842433,-7.147014837039643,-14.977387033215582,-3.982723207224653,1.7531399999999997,-0.220835783,1.0680965999999998,-0.309766668715452,-0.1182960262524585,0.9434249961887267,-17.75664158591747,-6.548063891711855,4.339017219724464,4.500181844185276,3.7822253629575604
2389,05/05/2023 15:32:26.506926,2572,True,True,True,True,Eyes,0.6924638,0.007456878,-1.56141,0.8182546,-0.1567747,0.553065,0.0,0.0,0.0,0.0,0.0,0.0,0.0,-1.681642,-0.09978835,-0.2710308,0.6935733,0.01102865,-1.5589,0.005214907,0.6101299,-0.03240976,0.7916212,2.740057,75.18369,357.4208,0.3325024,0.000330351,-0.9431018,0.4778506,0.01694884,0.384556,2.457655,-0.2160749,-0.5130807,-0.531876,-0.1371978,2.000621,0.2533823,-0.04494897,-0.9663214,0.05767605,0.9978448,-0.03129187,0.9656454,-0.04780479,0.2554287,moving,-18.823530804638697,-7.676288973467869,-14.888014992324594,-3.923065211739631,1.7640817,-0.22710355,1.0458193,-0.32006036342742167,-0.12654957353383645,0.9389070030665234,-18.409245684593138,-7.075281404310358,5.238264157496784,5.4382877189953645,4.7260482977725795
2390,05/05/2023 15:32:26.526850,2573,True,True,True,True,Eyes,0.6936235,0.007516104,-1.56089,0.8191184,-0.1565166,0.5518583,0.0,0.0,0.0,0.0,0.0,0.0,0.0,-1.675013,-0.1027122,-0.3038808,0.7033458,0.01113051,-1.553623,0.002119767,0.61528,-0.03144441,0.7876785,2.409059,75.93237,357.3079,0.3415545,0.0007872526,-0.9398611,0.4491796,0.01593191,0.3614826,2.483946,-0.1957624,-0.5326746,-0.5287197,-0.1351962,2.000879,0.2408836,-0.04692766,-0.9694188,0.05214466,0.9980136,-0.03535484,0.9691522,-0.04203362,0.2428521,moving,-19.46832668154792,-8.10072431007267,-14.80173085017884,-3.8655088582242607,1.7806001999999999,-0.20689291,1.0209484,-0.33032463798135114,-0.13300388845597272,0.9344493468193397,-19.060197940117735,-7.500342622652171,6.066964550128834,6.301917690427796,5.598799733078315
2391,05/05/2023 15:32:26.537431,2574,True,True,True,True,Eyes,0.695112,0.007582258,-1.560206,0.8202106,-0.1564077,0.5502647,0.0,0.0,0.0,0.0,0.0,0.0,0.0,-1.66807,-0.1060582,-0.3366666,0.7130064,0.01086513,-1.548726,0.002336491,0.6205193,-0.03251344,0.7835134,2.522504,76.69565,357.2432,0.3489208,0.001175618,-0.937151,0.4222288,0.014976,0.3397937,2.509219,-0.1812291,-0.5534796,-0.5255253,-0.1331708,2.001138,0.2277973,-0.04804975,-0.9725223,0.0538491,0.9978749,-0.03668909,0.9722185,-0.04401178,0.2299007,moving,-20.108576667613015,-8.077191862441216,-14.714372742488743,-3.807279210071724,1.7962125999999998,-0.19209423,0.9952464000000001,-0.3407875057849069,-0.1320964109452898,0.9308138649343463,-19.70606043344731,-7.488933280917919,6.639079584650294,6.879650430413683,6.202541632383101
2392,05/05/2023 15:32:26.556714,2575,True,True,True,True,Eyes,0.6969373,0.007651921,-1.559425,0.8214645,-0.1565435,0.5483522,0.0,0.0,0.0,0.0,0.0,0.0,0.0,-1.660921,-0.1075492,-0.3683685,0.7223874,0.01112498,-1.544006,0.003660444,0.625596,-0.03333974,0.779426,2.718014,77.43911,357.2806,0.354965,0.001507973,-0.9348779,0.3968951,0.01407744,0.319406,2.532795,-0.1829197,-0.5759298,-0.5222121,-0.13107,2.001408,0.2150362,-0.0473918,-0.9754556,0.05655164,0.9977502,-0.03600833,0.9749675,-0.04742051,0.2172325,moving,-20.720405072343986,-7.9477460764295635,-14.623706167483046,-3.746886903880374,1.8104076,-0.19404468,0.9680761999999999,-0.35082954600394295,-0.1294813827015614,0.9274444072728559,-20.323131901842807,-7.373837067750403,7.166233602521628,7.40384733257806,6.7556066487532505
2393,05/05/2023 15:32:26.576456,2576,True,True,True,True,Eyes,0.6990715,0.007753392,-1.558518,0.8229176,-0.1569354,0.5460566,0.0,0.0,0.0,0.0,0.0,0.0,0.0,-1.653718,-0.1074468,-0.4008226,0.7321102,0.01138057,-1.539764,0.005032697,0.6307903,-0.03361654,0.7752086,2.878189,78.20477,357.3733,0.3603262,0.001805541,-0.9328243,0.3730814,0.01323279,0.3002417,2.555,-0.1880269,-0.5981265,-0.5191468,-0.1291261,2.001658,0.2019472,-0.0457705,-0.9783263,0.0584688,0.9976892,-0.03460719,0.9776496,-0.05021274,0.2041567,moving,-21.334682394688343,-7.848604879429611,-14.539777103562402,-3.691011828474001,1.8228898,-0.19940747,0.9416374999999999,-0.3608526350962993,-0.12735522933764967,0.9238863176121244,-20.94270794044746,-7.288306180226536,7.730000487360119,7.965947394549231,7.34425285206632
2394,05/05/2023 15:32:26.586744,2577,True,True,True,True,Eyes,0.7015148,0.007871692,-1.557464,0.8245093,-0.1572589,0.5435569,0.0,0.0,0.0,0.0,0.0,0.0,0.0,-1.646049,-0.108921,-0.4328465,0.7416857,0.01229106,-1.535724,0.007845934,0.6359625,-0.03482151,0.7708939,3.232459,78.97225,357.4909,0.3652675,0.002079248,-0.9308999,0.3506965,0.01243882,0.2822272,2.577665,-0.1923194,-0.6219136,-0.5159293,-0.1270861,2.001919,0.188678,-0.04370794,-0.981066,0.06366683,0.9974518,-0.03219359,0.9799732,-0.05638712,0.19098,moving,-21.938383933340567,-7.5400307729862055,-14.451644448773852,-3.632384384304986,1.8359793,-0.20461046,0.9138104000000001,-0.37082473911258046,-0.12186332738978489,0.920672793805099,-21.551379498418846,-6.998565558580501,8.227144074035742,8.445174267517732,7.857315920414839
2395,05/05/2023 15:32:26.606877,2578,True,True,True,True,Eyes,0.7042282,0.007982716,-1.556314,0.8263096,-0.1577497,0.5406731,0.0,0.0,0.0,0.0,0.0,0.0,0.0,-1.637752,-0.1102899,-0.4666072,0.7517186,0.01277184,-1.531951,0.008995683,0.6414196,-0.03528569,0.7663257,3.385463,79.78693,357.5576,0.3698505,0.002332472,-0.929088,0.3296548,0.01169249,0.2652936,2.599071,-0.2029231,-0.6463189,-0.5127109,-0.1250451,2.002181,0.1746717,-0.04254064,-0.9837074,0.06562066,0.997348,-0.03147861,0.9824377,-0.0590531,0.177,moving,-22.556742757743983,-7.464819583495291,-14.363433820857262,-3.5737343248198954,1.8473524,-0.21569494,0.8856321,-0.3808203316146589,-0.12012800184148548,0.9168124465605456,-22.17509990104395,-6.936419546002996,8.853010129172429,9.070328319611633,8.50469157848199
2396,05/05/2023 15:32:26.626865,2579,True,True,True,True,Eyes,0.7072039,0.008123353,-1.554948,0.8292419,-0.1573159,0.5362925,0.0,0.0,0.0,0.0,0.0,0.0,0.0,-1.628841,-0.1119358,-0.4993762,0.7609245,0.01274124,-1.528352,0.01076857,0.6468502,-0.03625251,0.7616788,3.629494,80.60354,357.6286,0.3741274,0.002566831,-0.9273733,0.3098755,0.01099094,0.249376,2.621942,-0.2064569,-0.6724982,-0.5094484,-0.1229764,2.002448,0.1605411,-0.04129422,-0.9861649,0.06915682,0.9971396,-0.0304955,0.9846033,-0.06330425,0.1629377,moving,-23.072084631516866,-7.226593434261569,-14.273957394216074,-3.514293763079438,1.8610175000000002,-0.21919813999999999,0.8558537999999999,-0.38924919818806614,-0.11587267137583733,0.9138154367282513,-22.69471269117208,-6.713619400264361,9.345514243312643,9.549251893860221,9.008041091378375
2397,05/05/2023 15:32:26.636308,2580,True,True,True,True,Eyes,0.7104571,0.008268433,-1.553507,0.8323299,-0.1569532,0.5315943,0.0,0.0,0.0,0.0,0.0,0.0,0.0,-1.619695,-0.1162401,-0.5315629,0.7705159,0.01310837,-1.524997,0.01418456,0.652108,-0.03855871,0.7570121,4.115349,81.40242,357.7086,0.3781473,0.002785971,-0.9257408,0.2912829,0.01033149,0.2344134,2.643134,-0.2137849,-0.6990182,-0.5063335,-0.1210015,2.0027,0.1465371,-0.03987909,-0.988401,0.07687853,0.9966241,-0.02881311,0.9862133,-0.07176463,0.1491082,moving,-23.548695445280526,-6.742719589229157,-14.188504744647302,-3.457561088410488,1.8726181,-0.22689327,0.8259787999999999,-0.3972021756541833,-0.10775191449178048,0.9113834680285127,-23.174977016841815,-6.25082443624504,9.74763197703025,9.919951427689647,9.41057936735442
2398,05/05/2023 15:32:26.656730,2581,True,True,True,True,Eyes,0.7139611,0.00840226,-1.552031,0.8355152,-0.1568387,0.5266079,0.0,0.0,0.0,0.0,0.0,0.0,0.0,-1.610032,-0.1160885,-0.5646801,0.7803899,0.01336866,-1.521629,0.01474917,0.6574572,-0.03823518,0.7523767,4.155859,82.21703,357.8084,0.3819516,0.002991662,-0.9241771,0.2738059,0.009711599,0.2203486,2.662988,-0.2291391,-0.7256144,-0.5031325,-0.1189719,2.00296,0.1325764,-0.03814062,-0.9904387,0.0769284,0.996641,-0.02808212,0.9881829,-0.07246984,0.1350652,moving,-24.026003122190325,-6.708964149788769,-14.100638318182153,-3.3992631314584187,1.8825981,-0.24250776000000002,0.7960145999999999,-0.40482138730807227,-0.10682530636427963,0.9081342994784887,-23.656450595685595,-6.226525840377206,10.289025083199673,10.462647242614134,9.965287888873473
2399,05/05/2023 15:32:26.676524,2582,True,True,True,True,Eyes,0.7177125,0.008531745,-1.550507,0.8387803,-0.1568972,0.5213739,0.0,0.0,0.0,0.0,0.0,0.0,0.0,-1.600685,-0.1174712,-0.5955861,0.7898561,0.01327623,-1.518771,0.01678321,0.6624274,-0.03908039,0.7479178,4.409294,82.98217,357.918,0.3855751,0.003184571,-0.9226706,0.2573776,0.009128903,0.2071277,2.684671,-0.2292669,-0.7526605,-0.4998991,-0.1169215,2.003223,0.1193254,-0.03622253,-0.9921942,0.08069315,0.9963821,-0.02667092,0.9895707,-0.07688075,0.1218167,moving,-24.438384633915632,-6.460674145947694,-14.011834451075174,-3.3403753734933357,1.8948148999999999,-0.24254313,0.7661105000000001,-0.41153319341508454,-0.10255125580868563,0.9056067233003433,-24.072184885858352,-5.992070234797849,10.723747425880921,10.883437561022278,10.403948121175482
2400,05/05/2023 15:32:26.696268,2583,True,True,True,True,Eyes,0.7217053,0.008659952,-1.548961,0.8420942,-0.1567294,0.5160555,0.0,0.0,0.0,0.0,0.0,0.0,0.0,-1.59128,-0.1202102,-0.6253753,0.7995217,0.01333612,-1.516015,0.01838374,0.6671049,-0.04009158,0.7436571,4.636448,83.7063,357.9818,0.3890494,0.003365705,-0.9212104,0.2419349,0.008581169,0.1947,2.70389,-0.2372724,-0.7787695,-0.4967571,-0.1149293,2.003479,0.1067274,-0.03510101,-0.9936687,0.08415654,0.9961094,-0.02614818,0.9907206,-0.08083297,0.1092662,moving,-24.800634678835138,-6.238367332353362,-13.925494439557168,-3.283166408588295,1.9043682999999998,-0.25060852,0.7372454999999999,-0.41741210165601084,-0.09874581363254928,0.9033362758460484,-24.437375402010893,-5.7820246008124885,11.121781621575131,11.269511423472839,10.804810670883734
2401,05/05/2023 15:32:26.707005,2584,True,True,True,True,Eyes,0.7259393,0.008776655,-1.547382,0.8454716,-0.1565561,0.5105565,0.0,0.0,0.0,0.0,0.0,0.0,0.0,-1.582178,-0.1221817,-0.6538752,0.8092682,0.01340732,-1.513497,0.01851271,0.6714559,-0.04030035,0.7397163,4.675259,84.37976,358.0013,0.3924014,0.003536132,-0.919787,0.2274188,0.008066298,0.183018,2.72253,-0.243672,-0.8038541,-0.4933934,-0.1127963,2.003753,0.0950457,-0.0347607,-0.9948658,0.08448259,0.9960663,-0.0267315,0.9918815,-0.08150812,0.09760851,moving,-25.09897768405975,-6.21624927646235,-13.833015610842716,-3.221923257469263,1.9132618,-0.25707932,0.7096429000000001,-0.4221347047991124,-0.09816057935662008,0.9012029572801897,-24.738321174136004,-5.765843922675634,11.507886254971417,11.657096111089745,11.19809009517514
2402,05/05/2023 15:32:26.726620,2585,True,True,True,True,Eyes,0.7304107,0.008872441,-1.545829,0.848819,-0.1562341,0.5050716,0.0,0.0,0.0,0.0,0.0,0.0,0.0,-1.573079,-0.1245199,-0.6816086,0.8192684,0.01324518,-1.511059,0.01802,0.6755716,-0.04047932,0.735962,4.658546,85.01794,357.9741,0.3956558,0.003696231,-0.9183912,0.2137737,0.00758232,0.1720369,2.741038,-0.2432917,-0.8271428,-0.4903014,-0.1108356,2.004004,0.08392917,-0.03523488,-0.9958486,0.08393008,0.9960734,-0.02816927,0.9929309,-0.08121742,0.0865569,moving,-25.360777068104767,-6.257905687576664,-13.747969837517855,-3.1656368569539053,1.9217696000000002,-0.25653688,0.6839162,-0.4262292524560784,-0.09860671047275217,0.8992249167426611,-25.00247319644466,-5.811132047830608,11.862786963635836,12.017463055720732,11.561249528534816
2403,05/05/2023 15:32:26.736551,2586,True,True,True,True,Eyes,0.735103,0.008925566,-1.54426,0.8522099,-0.1558597,0.4994457,0.0,0.0,0.0,0.0,0.0,0.0,0.0,-1.564302,-0.1260173,-0.7083282,0.8293378,0.01285832,-1.508868,0.01696938,0.6794301,-0.04030114,0.7324362,4.566814,85.6174,357.9316,0.398833,0.003845772,-0.9170153,0.2009473,0.007127381,0.1617147,2.759359,-0.2407273,-0.849474,-0.4870591,-0.1087796,2.004268,0.07350101,-0.03597701,-0.9966461,0.08209504,0.9961757,-0.02990565,0.9939107,-0.07962159,0.07617347,moving,-25.575425540424753,-6.372873471657331,-13.658741321386236,-3.106621989564202,1.9300211999999999,-0.25358562,0.6593940000000001,-0.42952465802087664,-0.10023769335632643,0.8974747572902771,-25.219141481381083,-5.9269886029444265,12.191020041571182,12.3562033618971,11.899467202067441
2404,05/05/2023 15:32:26.756730,2587,True,True,True,True,Eyes,0.7400119,0.008942483,-1.542674,0.8555743,-0.1552008,0.493868,0.0,0.0,0.0,0.0,0.0,0.0,0.0,-1.5557,-0.1256122,-0.7342716,0.8393248,0.01187275,-1.506828,0.01608133,0.6831153,-0.03980969,0.7290474,4.464266,86.19327,357.9263,0.4019513,0.00398328,-0.915652,0.1888904,0.006699738,0.1520118,2.777313,-0.2357314,-0.8706591,-0.4839465,-0.106806,2.004521,0.0635373,-0.03607548,-0.9973273,0.0800171,0.9963132,-0.03094111,0.9947665,-0.07783732,0.0661897,moving,-25.774567881264247,-6.460713960057755,-13.573043576125823,-3.0499813625897794,1.9379882,-0.24760415,0.6361689,-0.43258808672170146,-0.10144884691540637,0.895866034209983,-25.420136554919207,-6.016140166774981,12.495400525601775,12.669265654342967,12.212768322531174
2405,05/05/2023 15:32:26.776629,2588,True,True,True,True,Eyes,0.7451338,0.008926863,-1.541087,0.8589355,-0.1545885,0.4881929,0.0,0.0,0.0,0.0,0.0,0.0,0.0,-1.547829,-0.1261199,-0.7585334,0.8494431,0.01096715,-1.505118,0.01639668,0.6864074,-0.03997652,0.7259325,4.513048,86.71345,357.9575,0.4050274,0.004107822,-0.9142951,0.177557,0.006297754,0.1428911,2.794708,-0.2311525,-0.891547,-0.4806291,-0.1047026,2.004792,0.05449341,-0.03553089,-0.9978819,0.08055011,0.9962661,-0.03107459,0.9952599,-0.07868613,0.05715192,moving,-25.91581692752029,-6.3754618521228315,-13.481654063103804,-2.989622734736468,1.9452649,-0.24211965000000002,0.613571,-0.43485963274342554,-0.09999432150198659,0.8949292377504047,-25.562533762269194,-5.935631990867873,12.716592765749855,12.886904696926164,12.434895449617514
2406,05/05/2023 15:32:26.789446,2589,True,True,True,True,Eyes,0.7504621,0.008872095,-1.539496,0.8622704,-0.1539268,0.4824899,0.0,0.0,0.0,0.0,0.0,0.0,0.0,-1.539927,-0.1271115,-0.7822776,0.8596704,0.01017452,-1.503448,0.01642621,0.6895604,-0.04016629,0.7229269,4.539369,87.21284,357.9637,0.4080748,0.004218754,-0.9129385,0.1669036,0.005919889,0.1343177,2.810675,-0.2322156,-0.9107683,-0.4775758,-0.1027664,2.005039,0.04578632,-0.03542087,-0.9983231,0.08072832,0.9962337,-0.03164427,0.995684,-0.07914406,0.04847338,moving,-26.03402416896194,-6.318600036170899,-13.397515772101375,-2.9340741760222913,1.9510045999999999,-0.24239012,0.5926796999999999,-0.43674846113080273,-0.09900547176781788,0.894119066084779,-25.681718155922514,-5.882365875373601,12.913384632541424,13.081909637432227,12.633053951881182
2407,05/05/2023 15:32:26.806987,2590,True,True,True,True,Eyes,0.7559893,0.008773101,-1.537916,0.8655828,-0.15327,0.4767334,0.0,0.0,0.0,0.0,0.0,0.0,0.0,-1.532551,-0.1287926,-0.8048752,0.8699642,0.009147715,-1.502066,0.01653203,0.6924403,-0.04066027,0.7201388,4.595483,87.67104,357.9494,0.4111056,0.00431512,-0.9115773,0.1568894,0.005564695,0.1262586,2.826469,-0.2320675,-0.9295116,-0.4743406,-0.1007151,2.005303,0.03774635,-0.0356672,-0.9986507,0.08145697,0.9961469,-0.03249892,0.9959618,-0.08012033,0.04050623,moving,-26.107360533226412,-6.236779416365411,-13.308308706089257,-2.875229052691875,1.9565047999999998,-0.241215215,0.5725543999999999,-0.4379507861153763,-0.09766499954672794,0.893678168042535,-25.755608402659494,-5.803979087118133,13.068151396993683,13.233130715037037,12.787214180594198
2408,05/05/2023 15:32:26.826513,2591,True,True,True,True,Eyes,0.7617156,0.008607077,-1.536528,0.8691424,-0.1520434,0.4706107,0.0,0.0,0.0,0.0,0.0,0.0,0.0,-1.525259,-0.1296011,-0.8268828,0.8802592,0.007983541,-1.500675,0.01604355,0.6951715,-0.04076941,0.7175075,4.571678,88.10526,357.9189,0.4141303,0.004395774,-0.9102067,0.147476,0.005230813,0.1186831,2.8416,-0.2330598,-0.9470821,-0.4711741,-0.09870714,2.00556,0.03014878,-0.03619869,-0.9988898,0.08081075,0.996161,-0.03366073,0.9962734,-0.07970619,0.03295829,moving,-26.13327145343144,-6.199747402667793,-13.220963921359843,-2.817638333426556,1.9613408,-0.24104334100000002,0.5535928999999999,-0.4383807834916543,-0.09706473930341156,0.893532799042662,-25.781705881931877,-5.768370275290952,13.18356117238957,13.347896746642773,12.902676373249614
2409,05/05/2023 15:32:26.836406,2592,True,True,True,True,Eyes,0.7676378,0.00838608,-1.535164,0.8726424,-0.1508511,0.4644772,0.0,0.0,0.0,0.0,0.0,0.0,0.0,-1.518697,-0.1287045,-0.8482213,0.890705,0.006421433,-1.499696,0.01506459,0.6976948,-0.04036628,0.7150984,4.466259,88.50616,357.8897,0.4171534,0.004458298,-0.9088249,0.1386275,0.004916965,0.1115621,2.856681,-0.2312664,-0.9638467,-0.4679855,-0.0966854,2.005819,0.02318507,-0.03671074,-0.999057,0.07875269,0.9962872,-0.03478135,0.9966246,-0.07787201,0.02599006,moving,-26.127922748653216,-6.241594642895577,-13.132967602277573,-2.7596612177471367,1.965976,-0.23768783300000002,0.5358493,-0.4382689334030401,-0.09772323960211368,0.893515748279928,-25.77635713465213,-5.809039660407838,13.284347456246516,13.453353471662028,13.005922026289499
2410,05/05/2023 15:32:26.856370,2593,True,True,True,True,Eyes,0.7737663,0.008120972,-1.534076,0.8770884,-0.1497758,0.4563806,0.0,0.0,0.0,0.0,0.0,0.0,0.0,-1.512432,-0.1280274,-0.8690343,0.9013522,0.004877472,-1.498867,0.0148347,0.7000614,-0.0402372,0.7127938,4.444028,88.88573,357.8967,0.420183,0.004501283,-0.907428,0.1303098,0.004621947,0.1048684,2.871801,-0.2269672,-0.9800417,-0.4646647,-0.09457974,2.00609,0.01659006,-0.03659125,-0.9991927,0.07813204,0.9963217,-0.03518885,0.996805,-0.07748518,0.01938801,moving,-25.9786273072058,-6.171888169806007,-13.041272114364988,-2.699285769482734,1.9704488,-0.231844672,0.5188252999999999,-0.4359806740692936,-0.09675569034049789,0.8947397900850154,-25.625668380444232,-5.738449879918833,13.229687617449818,13.395302416013463,12.946178890772059
2411,05/05/2023 15:32:26.876725,2594,True,True,True,True,Eyes,0.7800946,0.007818912,-1.533016,0.8814262,-0.1485729,0.4483459,0.0,0.0,0.0,0.0,0.0,0.0,0.0,-1.506617,-0.1258678,-0.8898284,0.9123687,0.003793407,-1.498366,0.01392121,0.7023283,-0.03936403,0.7106278,4.305735,89.24828,357.9085,0.4232202,0.004524033,-0.9060153,0.1224912,0.00434463,0.09857626,2.886383,-0.2260005,-0.9954618,-0.4616188,-0.09264851,2.006338,0.01037098,-0.03639183,-0.9992839,0.07550085,0.9965133,-0.03550735,0.9970919,-0.07507853,0.01308245,moving,-25.820205514782653,-6.206446179486451,-12.957132803615647,-2.6439215291437237,1.9740142999999999,-0.229793907,0.5029042000000001,-0.43347658891262986,-0.0974260204754713,0.8958829812573985,-25.465890162565458,-5.769265438035539,13.178134164777758,13.34729266394758,12.893284500620013
2412,05/05/2023 15:32:26.896388,2595,True,True,True,True,Eyes,0.7866223,0.007466118,-1.531825,0.8857187,-0.1475094,0.4401628,0.0,0.0,0.0,0.0,0.0,0.0,0.0,-1.500702,-0.1219791,-0.9109173,0.9235451,0.002568043,-1.497936,0.01227903,0.7046096,-0.03787075,0.7084775,4.058044,89.61234,357.9112,0.4262719,0.004526422,-0.9045835,0.1151417,0.004083952,0.09266169,2.901533,-0.2204877,-1.010792,-0.4584325,-0.09062798,2.006597,0.004182113,-0.03635732,-0.9993302,0.070965,0.9968301,-0.03596937,0.99747,-0.07076703,0.006748947,moving,-25.656302179133974,-6.363223873802589,-12.869079184070396,-2.586007213618835,1.9779879,-0.223055743,0.487144,-0.43080058622506157,-0.1000191560721814,0.8968873688756254,-25.300719584640404,-5.919042985729906,13.152205064234956,13.333433077173053,12.870695805093698
2413,05/05/2023 15:32:26.906408,2596,True,True,True,True,Eyes,0.7933257,0.007067378,-1.530683,0.8898445,-0.1465517,0.4320872,0.0,0.0,0.0,0.0,0.0,0.0,0.0,-1.495002,-0.1179837,-0.9316327,0.9347439,0.0007503293,-1.497712,0.01134843,0.7068033,-0.03672552,0.706365,3.896119,89.96551,357.9413,0.4293477,0.004507584,-0.9031277,0.1082332,0.003838915,0.08710199,2.917133,-0.2112188,-1.026277,-0.4552334,-0.08859952,2.006857,-0.001839188,-0.03584102,-0.9993558,0.06792547,0.9970449,-0.03588315,0.9976887,-0.06794771,0.000600686,moving,-25.49306321990764,-6.4285275602555,-12.780632725240999,-2.527875341146905,1.9823891000000002,-0.2119691293,0.4714349999999998,-0.42819304256316637,-0.10118018541248305,0.8980051624224518,-25.13611635292136,-5.979722876165894,13.110418124709756,13.297404890284687,12.828609709508436
2414,05/05/2023 15:32:26.926573,2597,True,True,True,True,Eyes,0.8002148,0.006632549,-1.529578,0.8938593,-0.145873,0.4239535,0.0,0.0,0.0,0.0,0.0,0.0,0.0,-1.490659,-0.1147,-0.949843,0.9456907,-0.0007557366,-1.497695,0.01262097,0.7084967,-0.03623152,0.7046705,3.96385,90.2443,358.0941,0.4324511,0.004466984,-0.9016461,0.1017392,0.00360858,0.08187587,2.932189,-0.2056629,-1.041795,-0.4518996,-0.08648566,2.007128,-0.006560588,-0.03317874,-0.999428,0.06894641,0.9970559,-0.03355258,0.9975989,-0.06912708,-0.004253694,moving,-25.264100834646204,-6.216945878914258,-12.688420312755715,-2.4673064855635465,1.9864983,-0.2049071634,0.45589999999999997,-0.42473523437032024,-0.09803990355026387,0.899993393577966,-24.904899423300428,-5.769492245913491,12.949508213559538,13.12278690556329,12.654911799543815
2415,05/05/2023 15:32:26.946576,2598,True,True,True,True,Eyes,0.8072754,0.006165014,-1.528541,0.8977236,-0.1451292,0.4159686,0.0,0.0,0.0,0.0,0.0,0.0,0.0,-1.486947,-0.1092057,-0.967842,0.9570162,-0.002077702,-1.497922,0.01330834,0.7100328,-0.03490496,0.703177,3.915407,90.49663,358.2659,0.4355853,0.004404732,-0.9001364,0.09563489,0.003392065,0.07696331,2.945375,-0.2088626,-1.05492,-0.4487355,-0.08447938,2.007385,-0.01073003,-0.03019002,-0.9994867,0.06798745,0.9972091,-0.0308511,0.9976286,-0.06828357,-0.008647507,moving,-25.02294054587416,-6.108617154095277,-12.600864215410747,-2.4098304129570263,1.9883587999999999,-0.20678489800000002,0.4430019999999999,-0.4210060924086956,-0.09652330305232386,0.9019075035712862,-24.661493287232723,-5.659626332124666,12.794229169081413,12.961057199020438,12.490794495319987
2416,05/05/2023 15:32:26.956307,2599,True,True,True,True,Eyes,0.814512,0.005670552,-1.527538,0.9015363,-0.1444872,0.4078673,0.0,0.0,0.0,0.0,0.0,0.0,0.0,-1.484044,-0.1027728,-0.9848189,0.9682035,-0.003365512,-1.498462,0.01311095,0.7113494,-0.03312739,0.7019351,3.75765,90.71084,358.4005,0.4387519,0.00432113,-0.8985976,0.08989679,0.003188541,0.07234552,2.959077,-0.2079327,-1.067438,-0.44553,-0.08244641,2.007647,-0.01423077,-0.02785363,-0.9995108,0.06515948,0.9974614,-0.02872424,0.9977734,-0.06553636,-0.01237969,moving,-24.7367478495339,-6.130590872663567,-12.512114469162913,-2.351597935076865,1.9908735000000002,-0.204567188,0.43102399999999985,-0.4164726549905858,-0.09709243537163728,0.9039488769999753,-24.372804674981428,-5.675884926057609,12.626417190538591,12.795407336494243,12.317745579317792
2417,05/05/2023 15:32:26.976545,2600,True,True,True,True,Eyes,0.8219158,0.005162942,-1.526605,0.9051762,-0.1438457,0.3999557,0.0,0.0,0.0,0.0,0.0,0.0,0.0,-1.48162,-0.1013714,-1.000792,0.9796007,-0.004545153,-1.499139,0.01378283,0.7124147,-0.03295119,0.7008494,3.79973,90.88715,358.4753,0.4419532,0.004216803,-0.8970279,0.08450298,0.002997229,0.06800479,2.972687,-0.2028867,-1.078832,-0.4423926,-0.08045707,2.007901,-0.01724092,-0.02654946,-0.999499,0.06582582,0.9974485,-0.02763045,0.9976822,-0.0662692,-0.01544928,moving,-24.419201926652164,-5.979734196665053,-12.425228105353664,-2.294627916585934,1.9930863,-0.198341547,0.420307,-0.4115420345271118,-0.0949456799239721,0.9064317801679733,-24.052292310001537,-5.523216525646679,12.387690296718075,12.547327058838958,12.066996578501241
2418,05/05/2023 15:32:26.986511,2601,True,True,True,True,Eyes,0.8294738,0.004661294,-1.525718,0.9087542,-0.1433213,0.39195,0.0,0.0,0.0,0.0,0.0,0.0,0.0,-1.47914,-0.1007777,-1.016746,0.9909816,-0.005292733,-1.499904,0.0136941,0.7134838,-0.03272779,0.6997731,3.776636,91.06194,358.4918,0.4451898,0.004093122,-0.8954266,0.0794328,0.002817395,0.0639245,2.985513,-0.2042155,-1.088985,-0.4392317,-0.07845278,2.008158,-0.02026035,-0.02626301,-0.9994498,0.06534509,0.9974828,-0.02753596,0.9976571,-0.06586701,-0.01849319,moving,-24.092042850695112,-5.928290196116296,-12.337647899624939,-2.2372385360250258,1.9945314,-0.198922767,0.4109189999999998,-0.4063819237147326,-0.09437062655661506,0.9088167639698088,-23.72219393488881,-5.467218309969696,12.163440499480652,12.320294762026048,11.833877545806109
2419,05/05/2023 15:32:27.006802,2602,True,True,True,True,Eyes,0.8371783,0.004169329,-1.524907,0.9121567,-0.14279,0.3841631,0.0,0.0,0.0,0.0,0.0,0.0,0.0,-1.478027,-0.1047305,-1.03023,1.002223,-0.005745167,-1.500807,0.01379383,0.7140306,-0.03375936,0.6991642,3.870334,91.15205,358.4201,0.4484619,0.003952436,-0.8937929,0.0,0.0,0.0,2.998536,-0.202351,-1.099167,-0.4360146,-0.0764131,2.00842,-0.02195878,-0.02750823,-0.9993804,0.06690509,0.99734,-0.02892214,0.9975178,-0.06749873,-0.02005994,moving,-23.687558172388435,-5.792121767812265,-12.248470860650569,-2.1788457927189584,1.996313,-0.196605833,0.40164,-0.400026787843409,-0.09249307521375136,0.9118243892886873,-23.3139936251168,-5.327294911924494,11.847568325932082,11.996186135507765,11.504717550081207
2420,05/05/2023 15:32:27.026662,2603,True,True,True,True,Eyes,0.8450217,0.003699149,-1.524144,0.9155477,-0.1421955,0.3762349,0.0,0.0,0.0,0.0,0.0,0.0,0.0,-1.476275,-0.1104635,-1.044499,1.013453,-0.00599184,-1.501814,0.01266296,0.7147712,-0.03499162,0.6983678,3.882398,91.27019,358.2326,0.4517688,0.003797074,-0.8921267,0.0,0.0,0.0,3.010441,-0.2036301,-1.106367,-0.4328502,-0.07440667,2.008677,-0.02424441,-0.03077181,-0.9992325,0.06697626,0.9972305,-0.0323352,0.9974601,-0.0677088,-0.02211632,moving,-23.295182175960363,-5.784674324739162,-12.160722693613168,-2.121416157259564,1.9969880000000002,-0.19763826,0.3954469999999999,-0.3937673273983478,-0.09264734733064678,0.9145291750839368,-22.91815341763401,-5.312983118502603,11.573130524501915,11.72158898638053,11.220891918658056
2421,05/05/2023 15:32:27.036700,2604,True,True,True,True,Eyes,0.8530071,0.003294356,-1.523452,0.9187859,-0.1415406,0.3685085,0.0,0.0,0.0,0.0,0.0,0.0,0.0,-1.474229,-0.1141033,-1.059201,1.024584,-0.005984772,-1.502821,0.01041441,0.7156155,-0.03537038,0.6975206,3.735564,91.40274,358.0223,0.4551097,0.003629834,-0.8904276,0.0,0.0,0.0,3.02286,-0.2009555,-1.11461,-0.4296246,-0.07236148,2.00894,-0.02671322,-0.0344377,-0.9990498,0.06424855,0.997281,-0.03609465,0.9975764,-0.06515171,-0.02442795,moving,-22.929965890933065,-5.942440639481169,-12.0712349419346,-2.06288677545941,1.9982760000000002,-0.194970728,0.38821099999999986,-0.3878276733635359,-0.09542625896781112,0.9167787688053506,-22.549897947029944,-5.4601031359468,11.37244316321639,11.530957289253276,11.015600636112266
2422,05/05/2023 15:32:27.056983,2605,True,True,True,True,Eyes,0.8611518,0.002975946,-1.522823,0.9220769,-0.1404087,0.3606378,0.0,0.0,0.0,0.0,0.0,0.0,0.0,-1.471933,-0.1189058,-1.074256,1.035983,-0.004824334,-1.503818,0.008866762,0.7164988,-0.03588648,0.6966084,3.656724,91.54448,357.8585,0.4584838,0.003455726,-0.8886957,0.0,0.0,0.0,3.035786,-0.1923476,-1.123337,-0.4264315,-0.07033655,2.0092,-0.02931679,-0.03729159,-0.9988744,0.06270369,0.9972671,-0.03907192,0.9976017,-0.06377855,-0.0268983,moving,-22.56998045439253,-5.981179910562665,-11.982615042043157,-2.004948442520468,1.9998029999999998,-0.18752326600000002,0.38048100000000007,-0.38202781812333075,-0.09629816705257882,0.9191199293565453,-22.18678552454373,-5.491366773319044,11.148273412910754,11.309408607971543,10.783330098502239
2423,05/05/2023 15:32:27.076454,2606,True,True,True,True,Eyes,0.8694317,0.002722486,-1.522268,0.9252712,-0.1389858,0.3529251,0.0,0.0,0.0,0.0,0.0,0.0,0.0,-1.469253,-0.1124769,-1.09158,1.047895,-0.003185264,-1.504928,0.004677746,0.7176998,-0.03272923,0.6955674,3.066036,91.73478,357.7722,0.4618908,0.00328045,-0.8869304,0.0,0.0,0.0,3.048747,-0.1853258,-1.132439,-0.4232372,-0.06831095,2.00946,-0.0323284,-0.03881633,-0.9987233,0.0522452,0.9978138,-0.04047215,0.9981109,-0.05348689,-0.03022981,moving,-22.27624206874226,-6.485924885142911,-11.893927114025747,-1.9470019202351638,2.000852,-0.18214053600000002,0.37248900000000007,-0.3769920484204552,-0.10462460997197973,0.9202883563193935,-21.891027742051545,-5.977782339845221,11.137513532266215,11.331120222656589,10.77910997058596
2424,05/05/2023 15:32:27.096153,2607,True,True,True,True,Eyes,0.8778511,0.002518611,-1.521736,0.9285609,-0.1371509,0.344912,0.0,0.0,0.0,0.0,0.0,0.0,0.0,-1.466419,-0.1054963,-1.108704,1.059419,-0.001953445,-1.506109,0.001602084,0.7189493,-0.02979293,0.694422,2.582866,91.93785,357.7584,0.4653288,0.00310789,-0.885132,0.0,0.0,0.0,3.063938,-0.1604936,-1.14353,-0.4200063,-0.06626253,2.009722,-0.03555143,-0.0390741,-0.9986038,0.04368136,0.9982196,-0.04061417,0.998413,-0.04506426,-0.03378131,moving,-21.98534053890342,-6.828082238683233,-11.804193100194189,-1.8884146537340016,2.0045189999999997,-0.158540155,0.362579,-0.37208282790972363,-0.11035423065225038,0.9216161430202232,-21.597948937019453,-6.30586383824309,11.09991873277485,11.316186593483412,10.743905746471762
2425,05/05/2023 15:32:27.106759,2608,True,True,True,True,Eyes,0.8863914,0.002362223,-1.521269,0.9317628,-0.1352179,0.3369485,0.0,0.0,0.0,0.0,0.0,0.0,0.0,-1.461415,-0.09783061,-1.128601,1.071082,-0.001130426,-1.507259,-0.001595664,0.7208145,-0.02682605,0.6926069,2.089632,92.24532,357.737,0.4687982,0.002940638,-0.8833,0.0,0.0,0.0,3.078223,-0.1403696,-1.155167,-0.4168148,-0.06423885,2.009982,-0.04058639,-0.03946017,-0.9983966,0.03485945,0.9985556,-0.04088354,0.9985678,-0.03646287,-0.03915217,moving,-21.80262660898922,-7.189039539311611,-11.715511876476892,-1.8305450408501056,2.007141,-0.13923917400000002,0.35209199999999985,-0.3688893126611454,-0.11631749937957897,0.9221664719230305,-21.414031734060327,-6.654205091640119,11.181032023522704,11.422055284269527,10.831850428875379
2426,05/05/2023 15:32:27.126526,2609,True,True,True,True,Eyes,0.8950374,0.002247522,-1.520855,0.9348919,-0.1335906,0.3288323,0.0,0.0,0.0,0.0,0.0,0.0,0.0,-1.454635,-0.09421018,-1.149726,1.082524,-3.831647e-05,-1.50826,-0.003094808,0.723069,-0.02520576,0.690309,1.843996,92.61934,357.748,0.4722964,0.002780911,-0.881435,0.0,0.0,0.0,3.09306,-0.1202682,-1.170399,-0.4136826,-0.0622527,2.010237,-0.04692793,-0.03927504,-0.9981259,0.030324,0.9987102,-0.04072374,0.9984379,-0.03217825,-0.04567651,moving,-21.681280285501117,-7.315761223872527,-11.628446291848421,-1.7737597247932875,2.010536,-0.12022988353000001,0.33786099999999997,-0.366841859576909,-0.11845991367965628,0.9227102977264443,-21.291759183085507,-6.775468895705152,11.229156308003883,11.479253108096177,10.881025257958585
2427,05/05/2023 15:32:27.136775,2610,True,True,True,True,Eyes,0.9037752,0.002176217,-1.520485,0.9379133,-0.1319283,0.3208012,0.0,0.0,0.0,0.0,0.0,0.0,0.0,-1.447289,-0.08722346,-1.171042,1.093696,0.0008153589,-1.509112,-0.0040226,0.7254354,-0.02285732,0.687899,1.583211,93.01316,357.8625,0.4758211,0.002630347,-0.8795376,0.0,0.0,0.0,3.107326,-0.1086524,-1.188109,-0.4103058,-0.06011163,2.010511,-0.05355797,-0.03728332,-0.9978686,0.02561078,0.9989227,-0.0386973,0.9982364,-0.02762873,-0.05254533,moving,-21.59843534915569,-7.418109707206317,-11.534550414483462,-1.7125581373085519,2.01363,-0.10946775889999999,0.3210029999999999,-0.3654312104073627,-0.12017962695743133,0.923047524401535,-21.208299705807324,-6.873681936485459,11.310954045252842,11.568712058612466,10.96442539405596
2428,05/05/2023 15:32:27.157139,2611,True,True,True,True,Eyes,0.9126017,0.002157939,-1.520137,0.9408275,-0.1305842,0.3127162,0.0,0.0,0.0,0.0,0.0,0.0,0.0,-1.441258,-0.07971804,-1.189971,1.104647,0.00160715,-1.509756,-0.003909321,0.7273112,-0.02055578,0.6859889,1.40603,93.32565,358.0574,0.4793698,0.002490508,-0.877609,0.0,0.0,0.0,3.121236,-0.09761508,-1.206225,-0.4071628,-0.05811846,2.010768,-0.05880829,-0.03388866,-0.997694,0.02251549,0.9991243,-0.0352644,0.9980154,-0.0245374,-0.0579937,moving,-21.441643908355108,-7.418536798813907,-11.447111230121761,-1.6555940990900462,2.016589,-0.09922223000000001,0.303531,-0.36289796870827035,-0.12031441514102031,0.9240289744402044,-21.050127811436532,-6.871278107410452,11.279321297998347,11.536992329744125,10.928004718870488
2429,05/05/2023 15:32:27.176749,2612,True,True,True,True,Eyes,0.9215262,0.002178134,-1.519833,0.9436328,-0.1290535,0.304799,0.0,0.0,0.0,0.0,0.0,0.0,0.0,-1.436874,-0.07553498,-1.206435,1.115563,0.002843036,-1.5104,-0.003063708,0.7286326,-0.01913304,0.6846308,1.357286,93.54583,358.2424,0.4829407,0.002363319,-0.8756494,0.0,0.0,0.0,3.134178,-0.09007122,-1.221404,-0.4039336,-0.05607077,2.011031,-0.06254278,-0.03066277,-0.9975711,0.02173349,0.9992491,-0.03207693,0.9978056,-0.02368689,-0.06182949,moving,-21.20189043103351,-7.277521353507546,-11.357246686003036,-1.5970844725394306,2.0186149999999996,-0.092914256,0.28899600000000003,-0.35911899240177697,-0.11822516531098974,0.9257734372310602,-20.808104114186865,-6.729595654333415,11.118550283371114,11.36593038977586,10.754597954321572
2430,05/05/2023 15:32:27.196384,2613,True,True,True,True,Eyes,0.9305381,0.002225161,-1.519527,0.9463114,-0.1275294,0.2970371,0.0,0.0,0.0,0.0,0.0,0.0,0.0,-1.433345,-0.06478056,-1.222555,1.126833,0.00372684,-1.511142,-0.004290129,0.7297403,-0.01581681,0.6835281,0.9866526,93.73191,358.4019,0.4865314,0.002249685,-0.8736598,0.0,0.0,0.0,3.146324,-0.08658286,-1.233142,-0.4008515,-0.05411681,2.01128,-0.0655419,-0.02788383,-0.9974601,0.01536111,0.9994628,-0.02894918,0.9977316,-0.01721948,-0.06507832,moving,-20.940522799282792,-7.468264501442297,-11.271455867509745,-1.5412657004402512,2.019491,-0.09030969999999999,0.278,-0.354749801689638,-0.12152348521872247,0.9270300281825758,-20.54464902879838,-6.910707835964193,11.081954368029752,11.341083286802313,10.715550394324604
2431,05/05/2023 15:32:27.206876,2614,True,True,True,True,Eyes,0.9396335,0.002314561,-1.519254,0.9488552,-0.1259724,0.2894906,0.0,0.0,0.0,0.0,0.0,0.0,0.0,-1.43069,-0.05701578,-1.236943,1.137805,0.004342236,-1.511798,-0.005441152,0.7305199,-0.01341903,0.6827381,0.6976485,93.86366,358.4944,0.4901408,0.002149747,-0.8716403,0.0,0.0,0.0,3.159075,-0.07183169,-1.243986,-0.397567,-0.05203436,2.011548,-0.06767854,-0.0262731,-0.9973612,0.01037362,0.9995807,-0.02703549,0.9976533,-0.01217596,-0.06737766,moving,-20.631066276901624,-7.599618605362091,-11.179983875670207,-1.481786415471195,2.0212700000000003,-0.076173926,0.26781199999999994,-0.34963405839658773,-0.12390302758465949,0.9286571534111212,-20.23261471650679,-7.0331011749195955,10.992147702762976,11.2583670778018,10.619191150880342
2432,05/05/2023 15:32:27.226580,2615,True,True,True,True,Eyes,0.9488109,0.002434205,-1.519003,0.9512464,-0.1246777,0.2821098,0.0,0.0,0.0,0.0,0.0,0.0,0.0,-1.42817,-0.05542289,-1.250764,1.148903,0.005428723,-1.512331,-0.006201941,0.7311546,-0.01260235,0.6820673,0.5711477,93.97116,358.4951,0.4937667,0.002064486,-0.8695917,0.0,0.0,0.0,3.171065,-0.05972489,-1.252757,-0.3942825,-0.0499513,2.011814,-0.06949163,-0.02626045,-0.9972368,0.008122137,0.9996054,-0.0268888,0.9975495,-0.009968245,-0.06925095,moving,-20.29525349723076,-7.619143208765225,-11.088489266207802,-1.422303835450583,2.022162,-0.065153613,0.2595740000000002,-0.3441598192717228,-0.12448794207093544,0.9306218097186898,-19.89386623961533,-7.046081544765078,10.832617669739351,11.09798746729813,10.448039977316231
2433,05/05/2023 15:32:27.236352,2616,True,True,True,True,Eyes,0.9580498,0.00256178,-1.518785,0.9535015,-0.1235069,0.27492,0.0,0.0,0.0,0.0,0.0,0.0,0.0,-1.4256,-0.05421897,-1.26455,1.159993,0.006272195,-1.512858,-0.007053522,0.7317823,-0.01195832,0.6813971,0.452027,94.07788,358.4745,0.4974073,0.001994095,-0.8675147,0.0,0.0,0.0,3.182833,-0.05234844,-1.260232,-0.3912256,-0.04801313,2.012064,-0.07129657,-0.02662002,-0.9971,0.005973447,0.9996145,-0.02711427,0.9974374,-0.007889277,-0.07111008,moving,-19.968544888746617,-7.6481751639506,-11.00329207397703,-1.3669683148480405,2.02284,-0.058620635000000004,0.252626,-0.3388163299548556,-0.1252178550434065,0.9324827368826252,-19.56431281151846,-7.068487260044558,10.681714046106283,10.946657823918079,10.285834645328944
2434,05/05/2023 15:32:27.257524,2617,True,True,True,True,Eyes,0.9673367,0.00270549,-1.518547,0.9556476,-0.1227395,0.2677177,0.0,0.0,0.0,0.0,0.0,0.0,0.0,-1.422512,-0.05700237,-1.278354,1.17071,0.006608072,-1.513397,-0.006358589,0.7325324,-0.01264953,0.680585,0.5659348,94.20309,358.4795,0.5010595,0.00193749,-0.8654105,0.0,0.0,0.0,3.19455,-0.04526125,-1.267772,-0.3880596,-0.04600557,2.012321,-0.07352743,-0.02653391,-0.9969402,0.007902421,0.9995991,-0.02718751,0.9972619,-0.009877265,-0.07328831,moving,-19.660031249804142,-7.462125677291928,-10.915034767442727,-1.3096647606178324,2.02384,-0.051869322,0.2456250000000002,-0.333908000555348,-0.12241694637720812,0.9346227182901716,-19.2528727002456,-6.881698150592092,10.44123890235807,10.692415012882533,10.028314788271983
2435,05/05/2023 15:32:27.276394,2618,True,True,True,True,Eyes,0.9766763,0.002878828,-1.518336,0.9576567,-0.1222207,0.2606833,0.0,0.0,0.0,0.0,0.0,0.0,0.0,-1.418975,-0.06542452,-1.29185,1.181011,0.007170007,-1.513872,-0.003742261,0.7333527,-0.01490902,0.6796749,0.9614736,94.33861,358.524,0.5047215,0.001894151,-0.8632799,0.0,0.0,0.0,3.205732,-0.04697105,-1.276097,-0.3847829,-0.04392766,2.012588,-0.07605668,-0.02575536,-0.996771,0.01477777,0.9995275,-0.02695418,0.9969942,-0.01678009,-0.0756401,moving,-19.37393170149881,-6.998474541551868,-10.823654711466054,-1.2503651826165756,2.0247209999999995,-0.054141057,0.23777500000000007,-0.3295296431517621,-0.1150374117569299,0.9371107968873309,-18.963731869551815,-6.424885899524696,10.081192248305223,10.302815042917306,9.645544089853143
2436,05/05/2023 15:32:27.286672,2619,True,True,True,True,Eyes,0.9860539,0.003052044,-1.518138,0.9595606,-0.1219224,0.2537292,0.0,0.0,0.0,0.0,0.0,0.0,0.0,-1.414832,-0.07401866,-1.306078,1.19162,0.008105818,-1.51428,-0.00184777,0.7342739,-0.01701402,0.6786378,1.288001,94.49331,358.5209,0.5083908,0.001864344,-0.8611242,0.0,0.0,0.0,3.216209,-0.0587194,-1.284539,-0.3816858,-0.04196405,2.01284,-0.07889505,-0.02580625,-0.996549,0.02037917,0.9994142,-0.02749383,0.9966748,-0.02247796,-0.07832287,moving,-19.109342360837093,-6.636021142579079,-10.737256251670585,-1.1943396880534003,2.024589,-0.06682521799999999,0.22974099999999997,-0.32541165590311166,-0.10927191870722883,0.9392374702976855,-18.696404514790924,-6.06704250571099,9.785607615008393,9.9851751547896,9.332270560991024
2437,05/05/2023 15:32:27.306677,2620,True,True,True,True,Eyes,0.9954513,0.003220132,-1.517964,0.9613212,-0.1220103,0.246931,0.0,0.0,0.0,0.0,0.0,0.0,0.0,-1.40989,-0.08053987,-1.32065,1.201887,0.008347381,-1.514526,-0.0002423576,0.7353569,-0.01870671,0.6774219,1.557713,94.6765,358.5267,0.5120648,0.001846653,-0.8589447,0.0,0.0,0.0,3.227074,-0.06724139,-1.293754,-0.3784078,-0.03988532,2.013107,-0.08219937,-0.02570111,-0.9962845,0.02498824,0.9993,-0.02784058,0.9963027,-0.02718387,-0.08149959,moving,-18.88557531762049,-6.353839269649221,-10.645779588640508,-1.1350422736342134,2.025187,-0.075588771,0.22077199999999997,-0.32189755985611146,-0.10477788031364069,0.9409587867660261,-18.470349280263797,-5.788129981297161,9.570182714643826,9.753464806976647,9.103577103220129
2438,05/05/2023 15:32:27.326638,2621,True,True,True,True,Eyes,1.004869,0.003398261,-1.517803,0.9629886,-0.1222809,0.240209,0.0,0.0,0.0,0.0,0.0,0.0,0.0,-1.405547,-0.09166197,-1.333909,1.211767,0.00848059,-1.514868,0.003411426,0.7362711,-0.02173041,0.6763291,2.098265,94.83405,358.6026,0.5157397,0.001839531,-0.8567431,0.0,0.0,0.0,3.237704,-0.07464032,-1.303629,-0.3753236,-0.03792962,2.013358,-0.08513461,-0.02437036,-0.9960715,0.03441729,0.9990323,-0.02738446,0.9957749,-0.03661345,-0.08421342,moving,-18.646797880929178,-5.787588459238955,-10.559684257159676,-1.0792666299536318,2.025937,-0.08312090999999999,0.21123900000000018,-0.31826897870340976,-0.09559710784487246,0.9431681059506598,-18.228831953836526,-5.232221115744243,9.205053900036653,9.357868411763599,8.721402258495603
2439,05/05/2023 15:32:27.346747,2622,True,True,True,True,Eyes,1.01429,0.00358287,-1.517668,0.9645416,-0.1227703,0.2336388,0.0,0.0,0.0,0.0,0.0,0.0,0.0,-1.401286,-0.0995146,-1.347043,1.221661,0.008991223,-1.515088,0.006472714,0.73714,-0.02372046,0.6752927,2.505343,94.9863,358.7098,0.5194131,0.001842418,-0.854521,0.0,0.0,0.0,3.247323,-0.09202215,-1.312831,-0.3720906,-0.03587986,2.013621,-0.08787593,-0.02249391,-0.9958774,0.0415791,0.9987909,-0.02622864,0.9952633,-0.04371255,-0.08683437,moving,-18.41621996004415,-5.358621823801897,-10.469406995390953,-1.020821206869653,2.025662,-0.10101337299999999,0.2022569999999999,-0.3146739826917511,-0.08864512072637624,0.9450515651256326,-17.99574076491342,-4.810195398908463,8.922325698055156,9.053637417493473,8.426449832375678
2440,05/05/2023 15:32:27.356701,2623,True,True,True,True,Eyes,1.023717,0.003784748,-1.517565,0.9660375,-0.123138,0.2271751,0.0,0.0,0.0,0.0,0.0,0.0,0.0,-1.397458,-0.1048091,-1.359738,1.231176,0.009386191,-1.515545,0.00915642,0.7379729,-0.02502087,0.6743042,2.824558,95.13393,358.8395,0.523081,0.00185461,-0.8522807,0.0,0.0,0.0,3.257011,-0.1045466,-1.321715,-0.3688808,-0.03384441,2.013882,-0.09046008,-0.02022897,-0.9956946,0.04725773,0.9985803,-0.02458102,0.9947783,-0.04927787,-0.0893757,moving,-18.189948537236535,-5.003850416333869,-10.379749441286796,-0.9627968912036785,2.025835,-0.113932791,0.19382999999999995,-0.3110938664387024,-0.08289462629751387,0.9467571133640742,-17.76707745144165,-4.460524578655025,8.67904288539703,8.793709314694297,8.173537429117347
2441,05/05/2023 15:32:27.376640,2624,True,True,True,True,Eyes,1.033161,0.004016072,-1.51749,0.9674671,-0.1234751,0.2208197,0.0,0.0,0.0,0.0,0.0,0.0,0.0,-1.393299,-0.1107232,-1.372699,1.240773,0.01007657,-1.51599,0.01168419,0.7388578,-0.02635995,0.6732443,3.134791,95.29206,358.954,0.5267405,0.001876061,-0.8500237,0.0,0.0,0.0,3.266376,-0.1142654,-1.330628,-0.3657241,-0.03184261,2.014138,-0.09321142,-0.01822745,-0.9954796,0.05275928,0.9983373,-0.02321987,0.9942476,-0.05468513,-0.09209475,moving,-17.979372561005107,-4.663296021536212,-10.29155103470565,-0.9057448807436216,2.0256030000000003,-0.12434197,0.18536200000000003,-0.30774969007083747,-0.07735433598287814,0.9483177024481098,-17.554263811530873,-4.124985573903128,8.457256689137424,8.556973202944192,7.944212202550638
2442,05/05/2023 15:32:27.396666,2625,True,True,True,True,Eyes,1.0426,0.004275307,-1.517545,0.9688637,-0.1212093,0.215897,0.0,0.0,0.0,0.0,0.0,0.0,0.0,-1.388181,-0.1101533,-1.387425,1.25062,0.01101173,-1.51656,0.01185716,0.7400377,-0.02582643,0.6719648,3.104673,95.49352,359.0154,0.5303893,0.001907382,-0.8477518,0.0,0.0,0.0,3.275805,-0.1231683,-1.340043,-0.3624106,-0.029742,2.014408,-0.09664545,-0.01715942,-0.995171,0.0522584,0.9983848,-0.02228987,0.9939462,-0.05416025,-0.09559265,moving,-17.895435190968907,-4.530757810431046,-10.19893633512254,-0.8458898410841795,2.025185,-0.13418003,0.1765169999999998,-0.3064108655287186,-0.07519458323032774,0.9489247780155913,-17.469438099708107,-3.9943635771844574,8.438473726322442,8.533132284780482,7.922946596800656
2443,05/05/2023 15:32:27.407229,2626,True,True,True,True,Eyes,1.052058,0.004535481,-1.517619,0.9702266,-0.1189185,0.2109949,0.0,0.0,0.0,0.0,0.0,0.0,0.0,-1.382049,-0.1040061,-1.403438,1.260565,0.01139394,-1.517023,0.01076004,0.7414546,-0.02396023,0.6704889,2.863678,95.73145,359.0721,0.5340217,0.001949015,-0.8454683,0.0,0.0,0.0,3.286358,-0.1196587,-1.350969,-0.3592945,-0.02776601,2.014662,-0.100658,-0.01617397,-0.9947898,0.0480863,0.9986203,-0.02110186,0.9937586,-0.04995981,-0.09974127,moving,-17.85039035269649,-4.611521700052273,-10.111812172145203,-0.7895986886949062,2.025793,-0.13105264,0.16605399999999992,-0.3056330833153407,-0.07655221080196009,0.949067063078427,-17.42408736685664,-4.072229770198787,8.53218019451182,8.63091465380393,8.015300078003786
2444,05/05/2023 15:32:27.431280,2627,True,True,True,True,Eyes,1.061542,0.004769659,-1.517757,0.9715406,-0.1163644,0.2063206,0.0,0.0,0.0,0.0,0.0,0.0,0.0,-1.375493,-0.09985009,-1.419604,1.270512,0.0116497,-1.517527,0.009904012,0.7429282,-0.02266371,0.668914,2.689586,95.98083,359.1049,0.5376366,0.001999898,-0.8431741,0.0,0.0,0.0,3.297517,-0.1091847,-1.363259,-0.3560484,-0.02570756,2.014926,-0.1049119,-0.01560421,-0.9943591,0.0450361,0.9987766,-0.02042516,0.9934613,-0.04692489,-0.1040808,moving,-17.82848731679861,-4.618773358784547,-10.02102930461332,-0.730972142646151,2.027005,-0.1208344,0.15426800000000007,-0.3052671861192849,-0.07668177594649628,0.9491742997661625,-17.40199957691403,-4.078900065189086,8.622160470513464,8.721891933992504,8.10477288609184
2445,05/05/2023 15:32:27.446614,2628,True,True,True,True,Eyes,1.071041,0.004949659,-1.51791,0.9728234,-0.1138554,0.2016222,0.0,0.0,0.0,0.0,0.0,0.0,0.0,-1.367777,-0.09231283,-1.437131,1.280738,0.01119357,-1.517981,0.008034812,0.7446383,-0.02067734,0.6670995,2.379279,96.26895,359.1041,0.5412319,0.002057608,-0.8408706,0.0,0.0,0.0,3.308474,-0.1010467,-1.375943,-0.3528328,-0.02366863,2.015188,-0.1098274,-0.01562163,-0.9938279,0.03955374,0.9990158,-0.02007424,0.9931633,-0.04151432,-0.1091015,moving,-17.84283895781517,-4.777840424861577,-9.931070423123595,-0.6729150101068481,2.027736,-0.11224027,0.1420380000000001,-0.3054418681458715,-0.07931194783151002,0.9489018976397362,-17.416656523632746,-4.2341137106714,8.80595276582091,8.913276277959467,8.289519615335887
2446,05/05/2023 15:32:27.456444,2629,True,True,True,True,Eyes,1.080567,0.005101658,-1.518019,0.9741018,-0.1110827,0.1969424,0.0,0.0,0.0,0.0,0.0,0.0,0.0,-1.359568,-0.08980992,-1.454316,1.290634,0.01005997,-1.518449,0.007480798,0.7463946,-0.0201969,0.6651551,2.298263,96.56981,359.0996,0.5448068,0.002118468,-0.8385587,0.0,0.0,0.0,3.319948,-0.08855239,-1.390093,-0.3495019,-0.02155662,2.015458,-0.1150255,-0.01570089,-0.9932386,0.0380354,0.9990723,-0.02019793,0.9926342,-0.04010149,-0.1143217,moving,-17.869250319466406,-4.693768405698731,-9.837865116121431,-0.6127918579870292,2.0293140000000003,-0.09861236,0.12835599999999991,-0.305913246701998,-0.07790712634336067,0.9488664590328041,-17.443205945628183,-4.152689774425032,8.904292385485068,9.008746742332228,8.388807209118859
2447,05/05/2023 15:32:27.476277,2630,True,True,True,True,Eyes,1.090128,0.005234985,-1.51814,0.9753447,-0.1083988,0.19223,0.0,0.0,0.0,0.0,0.0,0.0,0.0,-1.35092,-0.09565666,-1.471101,1.300602,0.009484369,-1.518755,0.008527074,0.7481156,-0.02170536,0.6631587,2.509546,96.86982,359.0807,0.5483624,0.002180603,-0.8362378,0.0,0.0,0.0,3.330597,-0.08497993,-1.404312,-0.3465199,-0.01966624,2.0157,-0.1202961,-0.01602972,-0.9926088,0.04154667,0.9989123,-0.02116663,0.9918685,-0.04378584,-0.1194993,moving,-17.890267404592787,-4.327465672468244,-9.754397949072196,-0.5589903258632365,2.029995,-0.094464299,0.11444300000000007,-0.30640150125133986,-0.07182744332301408,0.9491885455356774,-17.46399615368031,-3.796233151502295,8.87647487112105,8.966257760919136,8.3616771995006
2448,05/05/2023 15:32:27.496419,2631,True,True,True,True,Eyes,1.099715,0.005330911,-1.518278,0.9765657,-0.1055052,0.1875846,0.0,0.0,0.0,0.0,0.0,0.0,0.0,-1.341896,-0.09627666,-1.488845,1.311,0.009166479,-1.519147,0.008087691,0.749926,-0.02180061,0.6611131,2.486927,97.18227,359.0425,0.5518981,0.00224283,-0.8339084,0.0,0.0,0.0,3.340736,-0.09082347,-1.418632,-0.3431947,-0.01755725,2.015972,-0.1257284,-0.016695,-0.9919243,0.04095568,0.9989187,-0.02200393,0.9912191,-0.04339144,-0.1249086,moving,-17.928812780685565,-4.18934262748111,-9.661288739900721,-0.4989805874105071,2.029736,-0.09998994900000001,0.10051500000000013,-0.3070902491588654,-0.06952280824094871,0.9491375315551099,-17.502725668230838,-3.6623735187925,8.968774611825895,9.053768593892237,8.455482714741768
2449,05/05/2023 15:32:27.506855,2632,True,True,True,True,Eyes,1.109331,0.005369572,-1.518421,0.9777479,-0.1027927,0.1828736,0.0,0.0,0.0,0.0,0.0,0.0,0.0,-1.332058,-0.09774818,-1.506743,1.321248,0.008375768,-1.519355,0.007377272,0.7518246,-0.02223065,0.6589469,2.473056,97.51069,358.9559,0.5554139,0.002303103,-0.8315707,0.0,0.0,0.0,3.35164,-0.08823106,-1.433277,-0.3401175,-0.01560589,2.016222,-0.131469,-0.0182048,-0.991153,0.04039047,0.9989027,-0.02370463,0.9904971,-0.04314956,-0.1305894,moving,-17.976828442512126,-4.069800489442252,-9.575108254548237,-0.4434699040757273,2.030392,-0.096606828,0.0860780000000001,-0.30792796083376217,-0.06752316622378873,0.9490105593008623,-17.551029775774722,-3.546784839784994,9.06990483662775,9.150911191307928,8.558381137981646
2450,05/05/2023 15:32:27.526670,2633,True,True,True,True,Eyes,1.118973,0.005359151,-1.518587,0.9788774,-0.1001766,0.1782237,0.0,0.0,0.0,0.0,0.0,0.0,0.0,-1.321224,-0.1023633,-1.525156,1.331562,0.007060024,-1.519574,0.007358995,0.7538691,-0.02357193,0.6565605,2.590856,97.86766,358.861,0.5589092,0.002358532,-0.8292252,0.0,0.0,0.0,3.362312,-0.08603016,-1.448482,-0.3368638,-0.01354285,2.016486,-0.1377486,-0.01985736,-0.9902683,0.04204823,0.9987804,-0.02587705,0.9895744,-0.04520355,-0.1367456,moving,-18.057090538209792,-3.829164404013632,-9.483961928955818,-0.3847963642589287,2.0307500000000003,-0.09309018399999999,0.07109199999999993,-0.30933880891793347,-0.06350626735916685,0.9488289930031388,-17.63172813077005,-3.313812174995034,9.166556186861424,9.239166918293696,8.658246225360445
2451,05/05/2023 15:32:27.546546,2634,True,True,True,True,Eyes,1.128653,0.005301429,-1.518753,0.9799805,-0.09768896,0.1734795,0.0,0.0,0.0,0.0,0.0,0.0,0.0,-1.309839,-0.1050453,-1.543794,1.341941,0.005923061,-1.519595,0.007477495,0.7559627,-0.02438236,0.6541179,2.673625,98.2346,358.8188,0.5623838,0.002406985,-0.8268725,0.0,0.0,0.0,3.37276,-0.08899761,-1.464607,-0.333696,-0.0115341,2.016743,-0.1441481,-0.02059245,-0.989342,0.04320329,0.9986992,-0.02708197,0.9886127,-0.04664663,-0.1430709,moving,-18.146072854617536,-3.6146477135212995,-9.395198442441783,-0.32768084249423496,2.030819,-0.09492067100000001,0.05498800000000004,-0.31088103509134524,-0.05992167921213089,0.9485580765495141,-17.721252886178203,-3.1064406087080885,9.282303238490229,9.34783152334817,8.777510378142075
2452,05/05/2023 15:32:27.557364,2635,True,True,True,True,Eyes,1.13837,0.00520314,-1.518892,0.9810616,-0.09519769,0.1686883,0.0,0.0,0.0,0.0,0.0,0.0,0.0,-1.297456,-0.1065386,-1.563413,1.352558,0.004737933,-1.519726,0.00740039,0.7582419,-0.02490375,0.6514557,2.717307,98.63502,358.7824,0.5658376,0.002446656,-0.8245128,0.0,0.0,0.0,3.383205,-0.09082247,-1.480985,-0.3304504,-0.009476009,2.017008,-0.1511018,-0.0212248,-0.9882905,0.04366995,0.9986501,-0.02812408,0.9875533,-0.04740818,-0.1499709,moving,-18.266755510997132,-3.438842959124641,-9.304223566719852,-0.2691765862504873,2.030647,-0.095560403,0.038740999999999914,-0.31293248237878596,-0.05697048167483647,0.9480653096821832,-17.84280072063109,-2.937350488174706,9.446372811505338,9.506511650838066,8.945750487477529
2453,05/05/2023 15:32:27.576626,2636,True,True,True,True,Eyes,1.148126,0.005066495,-1.519029,0.9821231,-0.09288372,0.1637277,0.0,0.0,0.0,0.0,0.0,0.0,0.0,-1.283345,-0.1108442,-1.583779,1.363083,0.003655766,-1.519739,0.007843717,0.7607782,-0.02607401,0.6484405,2.857118,99.08424,358.7447,0.569272,0.002476308,-0.8221452,0.0,0.0,0.0,3.393845,-0.09144189,-1.49854,-0.3273384,-0.007502947,2.017262,-0.1589267,-0.02188023,-0.987048,0.04574955,0.9985172,-0.02950071,0.9862298,-0.04984545,-0.1576901,moving,-18.42715492050527,-3.1804609464675595,-9.21697192584215,-0.21310331266490076,2.0307619999999997,-0.095097656,0.021198999999999968,-0.31566037619350246,-0.05264439065782916,0.9474106943536056,-18.004322236396135,-2.6885318523997324,9.62414704047723,9.676398199850428,9.129363172517946
2454,05/05/2023 15:32:27.586564,2637,True,True,True,True,Eyes,1.157914,0.004891846,-1.519167,0.9831783,-0.09048487,0.1586604,0.0,0.0,0.0,0.0,0.0,0.0,0.0,-1.267078,-0.1145016,-1.605757,1.3738,0.002617188,-1.519776,0.00822001,0.7636909,-0.02705711,0.6449625,2.976694,99.60226,358.7178,0.572687,0.002494956,-0.8197699,0.0,0.0,0.0,3.404076,-0.09514779,-1.518006,-0.3239171,-0.005333685,2.01754,-0.1679115,-0.02234655,-0.9855487,0.04745674,0.9984007,-0.03072334,0.9846591,-0.05192973,-0.1665825,moving,-18.651425363203348,-2.937171233569479,-9.121029525030666,-0.1514700713850339,2.0302759999999997,-0.097764978,0.0017700000000000493,-0.3194326425489941,-0.048556303823876906,0.9463642406870076,-18.23029430120295,-2.455564128974483,9.883760020623331,9.929178002093373,9.396145709206094
2455,05/05/2023 15:32:27.606486,2638,True,True,True,True,Eyes,1.167741,0.004699099,-1.519299,0.9842135,-0.08828368,0.1533939,0.0,0.0,0.0,0.0,0.0,0.0,0.0,-1.249432,-0.117617,-1.628103,1.384408,0.001556456,-1.519554,0.00915833,0.7667668,-0.02787953,0.6412548,3.124158,100.1539,358.7541,0.5760828,0.002501754,-0.8173871,0.0,0.0,0.0,3.414347,-0.09837593,-1.539593,-0.3208437,-0.003385064,2.017789,-0.1774172,-0.02171116,-0.9838963,0.04980037,0.9982777,-0.03100855,0.982875,-0.05449984,-0.1760304,moving,-18.90106826358456,-2.6577169167434698,-9.03482492523098,-0.09611991076996693,2.0299389999999997,-0.099932386,-0.020038999999999918,-0.32362311762806834,-0.04387396285686784,0.9451682725386661,-18.48182161585855,-2.187822898652967,10.155416661973897,10.193357485765855,9.675792880288775
2456,05/05/2023 15:32:27.626412,2639,True,True,True,True,Eyes,1.177605,0.004477421,-1.51945,0.9852635,-0.08644818,0.1475894,0.0,0.0,0.0,0.0,0.0,0.0,0.0,-1.230861,-0.1199191,-1.651028,1.395193,0.0009472454,-1.51945,0.01028935,0.7699727,-0.02835983,0.6373632,3.255504,100.7328,358.8346,0.5794594,0.002496997,-0.8149968,0.0,0.0,0.0,3.424189,-0.1029123,-1.562174,-0.3176902,-0.001385402,2.018045,-0.1873245,-0.02030598,-0.9820882,0.05199606,0.9981797,-0.03055649,0.980921,-0.0567887,-0.1859277,moving,-19.148114073236172,-2.4005001464009146,-8.946350643186626,-0.039333946992741876,2.0289960000000002,-0.1038595454,-0.042723999999999984,-0.3277544084036558,-0.039570808142719224,0.9439339395131547,-18.730753976798,-1.9416977146982646,10.439774573923698,10.471441300218604,9.967624416051404
2457,05/05/2023 15:32:27.646217,2640,True,True,True,True,Eyes,1.187508,0.004243317,-1.519587,0.9862843,-0.08473891,0.1416429,0.0,0.0,0.0,0.0,0.0,0.0,0.0,-1.211542,-0.116085,-1.674428,1.406176,7.299613e-05,-1.519107,0.0106496,0.7732391,-0.02744051,0.6334314,3.206095,101.3225,358.9501,0.5828167,0.002480396,-0.8125994,0.0,0.0,0.0,3.433942,-0.1066881,-1.585793,-0.3145676,0.0005947663,2.018299,-0.1973032,-0.01829397,-0.980172,0.05123273,0.9982672,-0.02894455,0.9790032,-0.05592772,-0.1960241,moving,-19.39767070776522,-2.3185200838021895,-8.858720817294087,0.01688431585219765,2.0277659999999997,-0.10676109613,-0.06668600000000002,-0.33188087730685284,-0.03816184552749792,0.9425491346549828,-18.982416366983355,-1.866324912116093,10.764395661134127,10.794608770297632,10.297363185743388
2458,05/05/2023 15:32:27.656746,2641,True,True,True,True,Eyes,1.197468,0.004005642,-1.519705,0.9873136,-0.08294708,0.1353947,0.0,0.0,0.0,0.0,0.0,0.0,0.0,-1.193411,-0.1159273,-1.696223,1.417052,-0.000455061,-1.518816,0.01152664,0.7761832,-0.02729554,0.6298109,3.261426,101.8599,359.0537,0.5861551,0.002452563,-0.8101947,0.0,0.0,0.0,3.443918,-0.1044832,-1.609711,-0.311332,0.00264656,2.018564,-0.2064108,-0.01648849,-0.9783264,0.05227563,0.9982442,-0.02785347,0.9770679,-0.05689189,-0.2051865,moving,-19.57798227938977,-2.1263075827386606,-8.767891322286092,0.0751210421566421,2.026866,-0.10402813899999999,-0.09089499999999995,-0.3348847055812796,-0.034960217908756926,0.9416103784183181,-19.164099841859578,-1.682323570256567,11.005860511709878,11.031969656020774,10.543707277241367
2459,05/05/2023 15:32:27.676342,2642,True,True,True,True,Eyes,1.207477,0.003756551,-1.519811,0.9883164,-0.08108644,0.1290573,0.0,0.0,0.0,0.0,0.0,0.0,0.0,-1.175667,-0.1113347,-1.718003,1.428388,-0.0008049076,-1.518495,0.01100221,0.7789915,-0.02613173,0.6263933,3.12395,102.3695,359.105,0.5894759,0.002414514,-0.8077819,0.0,0.0,0.0,3.45343,-0.1055873,-1.631686,-0.3081734,0.004649162,2.01882,-0.215021,-0.01559623,-0.976485,0.04987872,0.9983922,-0.02692937,0.9753349,-0.0544962,-0.2138974,moving,-19.723109149090348,-2.138905662465124,-8.679214918710313,0.1319468253595873,2.025042,-0.1047823924,-0.11319100000000004,-0.33726660082453286,-0.03513553528957715,0.9407533354032308,-19.31051907945177,-1.697206112281604,11.247973774159636,11.274944380939584,10.78751262467303
2460,05/05/2023 15:32:27.696257,2643,True,True,True,True,Eyes,1.217543,0.003511047,-1.519878,0.9893182,-0.07912435,0.1224286,0.0,0.0,0.0,0.0,0.0,0.0,0.0,-1.158515,-0.1053873,-1.739073,1.439607,-0.00135966,-1.518277,0.0097733,0.7816512,-0.02477218,0.6231472,2.918006,102.8522,359.1053,0.5927798,0.00236676,-0.8053607,0.0,0.0,0.0,3.463575,-0.09940962,-1.652755,-0.3049676,0.00668187,2.01908,-0.2231843,-0.0155948,-0.9746516,0.04615205,0.9985817,-0.02654599,0.9736831,-0.05090681,-0.222148,moving,-19.82319612691494,-2.229669874938575,-8.589192809999004,0.18961187899764803,2.023968,-0.09804996,-0.13447799999999988,-0.3388915452371532,-0.036603056350177875,0.9401131115694128,-19.41158965243233,-1.787424325707076,11.461798932841239,11.491551450061344,11.001497423979341
2461,05/05/2023 15:32:27.706939,2644,True,True,True,True,Eyes,1.227665,0.003297397,-1.519931,0.9902757,-0.07717295,0.1157503,0.0,0.0,0.0,0.0,0.0,0.0,0.0,-1.141094,-0.1058804,-1.759474,1.450913,-0.001550962,-1.517861,0.008775167,0.7842057,-0.02487679,0.6199403,2.860086,103.3205,359.0201,0.596068,0.00231054,-0.8029303,0.0,0.0,0.0,3.473551,-0.09072158,-1.673035,-0.3017162,0.008743664,2.019345,-0.2311946,-0.01708118,-0.9727578,0.04460732,0.9986083,-0.02813688,0.9718846,-0.0498972,-0.2301108,moving,-19.904140015522085,-2.20311745354022,-8.49786484273566,0.24808634179739594,2.022638,-0.089170618,-0.15517400000000015,-0.34022493940687537,-0.03614887030823569,0.9396488748214986,-19.493216587124397,-1.7630139952331518,11.637038367223674,11.666683906046375,11.17775847602894
2462,05/05/2023 15:32:27.726633,2645,True,True,True,True,Eyes,1.23785,0.003030418,-1.51997,0.9912289,-0.07477354,0.1089692,0.0,0.0,0.0,0.0,0.0,0.0,0.0,-1.124067,-0.1088237,-1.779372,1.462397,-0.001004356,-1.517539,0.007080963,0.7866153,-0.02547741,0.6168771,2.798178,103.7633,358.8358,0.5993415,0.002248409,-0.8004901,0.0,0.0,0.0,3.483238,-0.08650285,-1.692454,-0.2985752,0.01073541,2.0196,-0.2388253,-0.02029286,-0.9708506,0.04257284,0.9986015,-0.03134566,0.9701291,-0.04881799,-0.2376273,moving,-19.951562698466095,-2.1877014264835655,-8.409623434095295,0.30455926477200124,2.020841,-0.08549849400000001,-0.17491499999999993,-0.34100585366730873,-0.035885254072704195,0.939376046816582,-19.541039604773104,-1.7488493316525338,11.778174775828443,11.8079517840988,11.319227572087135
2463,05/05/2023 15:32:27.746638,2646,True,True,True,True,Eyes,1.248047,0.00277782,-1.519992,0.9921042,-0.07273773,0.1021688,0.0,0.0,0.0,0.0,0.0,0.0,0.0,-1.105191,-0.09371579,-1.801174,1.474114,-0.002638292,-1.517049,0.002569154,0.7893584,-0.02263564,0.61351,2.228661,104.263,358.6399,0.6026005,0.002178312,-0.7980399,0.0,0.0,0.0,3.493008,-0.08086109,-1.711161,-0.2953621,0.01277302,2.019863,-0.2471981,-0.02371841,-0.9686748,0.03183034,0.9989621,-0.03258286,0.9684421,-0.03888766,-0.2461867,moving,-20.04923126716153,-2.7094404560001712,-8.319329249270663,0.3623168415986514,2.0188940000000004,-0.078222798,-0.19411199999999984,-0.34248917282781466,-0.04441216559092101,0.9384714757305506,-19.640155190049374,-2.2588591164079403,12.080723001799894,12.125439960870363,11.620312533845205
2464,05/05/2023 15:32:27.756737,2647,True,True,True,True,Eyes,1.258324,0.002643096,-1.519998,0.9929184,-0.07079624,0.09539888,0.0,0.0,0.0,0.0,0.0,0.0,0.0,-1.088692,-0.1102448,-1.818488,1.484634,-0.002476115,-1.516626,0.003771879,0.7915015,-0.02630354,0.6105894,2.650573,104.6698,358.4999,0.6058443,0.002101864,-0.7955801,0.0,0.0,0.0,3.503163,-0.0594142,-1.731958,-0.2920534,0.01487068,2.020132,-0.2543329,-0.02615044,-0.9667633,0.03809223,0.9985878,-0.03703245,0.9663665,-0.04624473,-0.2529775,moving,-20.068050901719992,-2.2211404802431325,-8.226336934394382,0.42176046572238424,2.018529,-0.056938085,-0.21533200000000008,-0.3429085075850903,-0.0364066523832492,0.938663046066033,-19.65859138212692,-1.7835190902990532,12.10137016480245,12.13305876908786,11.643010765171805
2465,05/05/2023 15:32:27.776642,2648,True,True,True,True,Eyes,1.268654,0.00254745,-1.520005,0.9937247,-0.06842055,0.08848641,0.0,0.0,0.0,0.0,0.0,0.0,0.0,-1.069982,-0.1184898,-1.838805,1.496765,0.0002099238,-1.516509,0.001471331,0.7939702,-0.02780149,0.607319,2.632765,105.1328,358.1969,0.6090744,0.002025758,-0.7931102,0.0,0.0,0.0,3.511187,-0.07150184,-1.749075,-0.2888914,0.01687581,2.020389,-0.2623232,-0.03143236,-0.9644681,0.03610513,0.9984499,-0.04235997,0.9643044,-0.04593424,-0.2607817,moving,-20.12649447200689,-2.208388408552591,-8.13745032127887,0.47856635684000776,2.014422,-0.0717117638,-0.23256599999999983,-0.343868574733633,-0.036184210937854185,0.9383203621346738,-19.717535349289346,-1.7721477344614294,12.25457540776427,12.286452114397049,11.796782746865148
2466,05/05/2023 15:32:27.796133,2649,True,True,True,True,Eyes,1.278988,0.00251869,-1.520046,0.9944739,-0.06692462,0.08088653,0.0,0.0,0.0,0.0,0.0,0.0,0.0,-1.04811,-0.1034874,-1.861646,1.508385,0.0009540832,-1.51649,-0.004605249,0.7970761,-0.02482035,0.6033512,1.949019,105.7154,357.8616,0.6122905,0.00195198,-0.7906301,0.0,0.0,0.0,3.520915,-0.06476663,-1.768692,-0.2857168,0.01888886,2.020647,-0.2718926,-0.03729224,-0.961605,0.0226093,0.9987255,-0.04512458,0.9620622,-0.03401024,-0.270703,moving,-20.247372295958314,-2.932454604905093,-8.048192678807988,0.5355811459039591,2.01253,-0.0657207132,-0.25220200000000004,-0.34567501813709045,-0.04800493193737708,0.9371254887283802,-19.84029216362839,-2.479672390502379,12.629077923974089,12.68255712781873,12.171498024019579
2467,05/05/2023 15:32:27.806323,2650,True,True,True,True,Eyes,1.289377,0.002576927,-1.520082,0.9951862,-0.0653244,0.07305527,0.0,0.0,0.0,0.0,0.0,0.0,0.0,-1.023161,-0.1295675,-1.882323,1.519165,0.002724787,-1.516217,-0.003879321,0.800294,-0.03043531,0.5988222,2.525748,106.3345,357.5526,0.6154901,0.001883696,-0.788142,0.0,0.0,0.0,3.52991,-0.03634868,-1.792833,-0.2825134,0.02091991,2.020908,-0.2827938,-0.04265987,-0.9582316,0.03024149,0.9981173,-0.05336044,0.9587039,-0.04406834,-0.2809713,moving,-20.420971905836886,-2.385051083407463,-7.95810596763599,0.5930897098514936,2.010745,-0.039073467,-0.276616,-0.34864958046419203,-0.039003763202689445,0.9364411881579882,-20.014805074735982,-1.949540220536278,12.776029940393565,12.813756279016749,12.32188947856819
2468,05/05/2023 15:32:27.826737,2651,True,True,True,True,Eyes,1.289377,0.002576927,-1.520082,0.9951862,-0.0653244,0.07305527,0.0,0.0,0.0,0.0,0.0,0.0,0.0,-0.9938526,-0.1306414,-1.907197,1.530943,0.004855076,-1.516047,-0.007180313,0.8042505,-0.03067855,0.5934548,2.339698,107.0967,357.2486,0.6186737,0.001824731,-0.7856457,0.0,0.0,0.0,3.536536,-0.05148293,-1.817755,-0.2792443,0.02299283,2.021174,-0.2955198,-0.0479622,-0.954132,0.02486312,0.9980146,-0.05786886,0.9550131,-0.04082409,-0.2937405,moving,-21.16340701374535,-2.7456935483567166,-7.866156142251537,0.6517673853470314,2.005593,-0.056338006,-0.3017080000000001,-0.36066851317029036,-0.044678891527087414,0.9316232836506478,-20.76418476617318,-2.3142135062268263,13.674869572412,13.724416983445456,13.234658478127923
2469,05/05/2023 15:32:27.846568,2652,True,True,True,True,Eyes,1.289377,0.002576927,-1.520082,0.9951862,-0.0653244,0.07305527,0.0,0.0,0.0,0.0,0.0,0.0,0.0,-0.9646256,-0.1237678,-1.930985,1.541752,0.005045884,-1.515751,-0.01008917,0.8082008,-0.02952762,0.5880797,2.055183,107.8652,357.0726,0.6215302,0.001771636,-0.783388,0.0,0.0,0.0,3.543662,-0.03953119,-1.847759,-0.2761734,0.02494011,2.021422,-0.3081208,-0.05103734,-0.9499772,0.01842103,0.9980527,-0.05959496,0.9511688,-0.03586201,-0.3065807,moving,-21.912758181638882,-3.1640702723440053,-7.779773090040557,0.7068739445729076,2.0019099999999996,-0.044577074,-0.33200799999999986,-0.37270453285383076,-0.05121855420046705,0.9265354355211646,-21.520606364766795,-2.7352531321579505,14.588354643464628,14.65351414268342,14.16540637949323
2470,05/05/2023 15:32:27.856784,2653,True,True,True,True,Eyes,1.300605,0.002698491,-1.520091,0.9958726,-0.06482918,0.06352215,0.0,0.0,0.0,0.0,0.0,0.0,0.0,-0.9337603,-0.1457095,-1.952614,1.551859,0.005405854,-1.515766,-0.006848841,0.8121907,-0.03407544,0.5823559,2.715379,108.6484,357.0841,0.624094,0.00172383,-0.7813471,0.0,0.0,0.0,3.549287,-0.02652187,-1.877998,-0.2728261,0.02706265,2.021694,-0.3216293,-0.05081318,-0.9455011,0.02856293,0.9975839,-0.06332842,0.9464347,-0.04737457,-0.3194009,moving,-22.171110520175674,-2.490749961534698,-7.6855923406413575,0.7669227006463943,1.997428,-0.031927724,-0.3622320000000001,-0.3770681099339814,-0.040250263401356734,0.9253105847864229,-21.78047684076771,-2.0839831157794517,14.80361651657709,14.847311814047053,14.380314080229015
2471,05/05/2023 15:32:27.876603,2654,True,True,True,True,Eyes,1.311778,0.002826789,-1.520115,0.9964734,-0.0644225,0.05376398,0.0,0.0,0.0,0.0,0.0,0.0,0.0,-0.901475,-0.151235,-1.975677,1.562165,0.00655022,-1.516057,-0.004607441,0.8164917,-0.03470425,0.5762949,2.944062,109.4996,357.2725,0.6267288,0.001686417,-0.7792352,0.0,0.0,0.0,3.553098,-0.04776696,-1.908306,-0.2698084,0.02897586,2.021939,-0.3357262,-0.04752364,-0.9407602,0.03247589,0.9975488,-0.06198195,0.9413998,-0.05136097,-0.3333599,moving,-22.476026144001704,-2.185109339132638,-7.60067202157392,0.8210340907894885,1.9909329999999998,-0.05431718,-0.39224900000000007,-0.3820594444617092,-0.03523562546791407,0.9234658047565949,-22.087734239035264,-1.791726513701307,15.140435897417303,15.176068614397249,14.720784274928258
2472,05/05/2023 15:32:27.886572,2655,True,True,True,True,Eyes,1.322898,0.002968799,-1.520121,0.9969651,-0.06443392,0.04369289,0.0,0.0,0.0,0.0,0.0,0.0,0.0,-0.8683636,-0.1504421,-1.998469,1.572058,0.006845419,-1.516296,-0.003201231,0.8208612,-0.03417742,0.5700952,3.007107,110.3727,357.4618,0.6294221,0.001658647,-0.7770614,0.0,0.0,0.0,3.556378,-0.0537127,-1.941285,-0.2666079,0.03100511,2.022201,-0.3499623,-0.04422431,-0.9357193,0.03371324,0.9976433,-0.05975985,0.936157,-0.05245983,-0.3476466,moving,-22.777248794399764,-2.0684644635054577,-7.510585435281325,0.8784105841592844,1.98432,-0.060558119,-0.42498899999999984,-0.38693505633562236,-0.033282232327028954,0.9215062476679186,-22.39147870347604,-1.6835141163317031,15.515291556514677,15.548475252165357,15.099815980017393
2473,05/05/2023 15:32:27.906933,2656,True,True,True,True,Eyes,1.333969,0.003173732,-1.520159,0.9973609,-0.06446104,0.03340723,0.0,0.0,0.0,0.0,0.0,0.0,0.0,-0.8352916,-0.1631389,-2.019292,1.581597,0.007330338,-1.516696,-0.0006794574,0.8250107,-0.03649638,0.5639368,3.408444,111.2186,357.5723,0.6321633,0.001640196,-0.774833,0.0,0.0,0.0,3.558683,-0.05461714,-1.974947,-0.2633567,0.03306684,2.022466,-0.3639493,-0.04228443,-0.9304583,0.04004219,0.9973351,-0.06098615,0.9305574,-0.05945347,-0.3612863,moving,-23.046851701959888,-1.643315703889543,-7.419061594231768,0.9366889646529781,1.977086,-0.061947478,-0.45825099999999996,-0.39134737040998807,-0.026390120561858788,0.919864571963114,-22.66297795830183,-1.2742033031252284,15.81591823420174,15.839325987582493,15.403409711310172
2474,05/05/2023 15:32:27.926794,2657,True,True,True,True,Eyes,1.344986,0.003395505,-1.520257,0.9976681,-0.0642416,0.02305449,0.0,0.0,0.0,0.0,0.0,0.0,0.0,-0.8005489,-0.1651132,-2.041426,1.591559,0.009047825,-1.517372,-0.0007913433,0.8293647,-0.03654635,0.5575107,3.424781,112.1087,357.585,0.6349416,0.001633194,-0.772558,0.0,0.0,0.0,3.559922,-0.06686484,-2.007657,-0.2600543,0.03516082,2.022734,-0.3783625,-0.04206258,-0.9247015,0.03943734,0.9973274,-0.06150285,0.9248172,-0.05973812,-0.3756924,moving,-23.342831827764197,-1.6314972994295234,-7.326086209230334,0.9958618969327783,1.9683629999999999,-0.07591266499999999,-0.4902850000000001,-0.39609658705699585,-0.02614246552944473,0.9178366933475537,-22.96155162416252,-1.2680135568963022,16.207088428767655,16.23080886941662,15.79850976554404
2475,05/05/2023 15:32:27.936560,2658,True,True,True,True,Eyes,1.355931,0.003596347,-1.520379,0.9978724,-0.0639763,0.01255973,0.0,0.0,0.0,0.0,0.0,0.0,0.0,-0.7659068,-0.1462769,-2.064462,1.601621,0.00965719,-1.518134,-0.004205913,0.8337467,-0.03277544,0.5511574,2.866936,113.0038,357.5243,0.6377471,0.001637254,-0.7702437,0.0,0.0,0.0,3.561152,-0.06399807,-2.042015,-0.2570088,0.03709188,2.022981,-0.3924156,-0.04314218,-0.9187756,0.02911552,0.9978161,-0.05928907,0.919327,-0.05001659,-0.3903026,moving,-23.61651386500184,-2.221943722860377,-7.240331531669463,1.0504152407711138,1.959531,-0.07365526,-0.523881,-0.4003602295212817,-0.03552766539534559,0.9156688877920587,-23.238308184951183,-1.8481203885071458,16.660397817947626,16.69993056876006,16.258436757362084
2476,05/05/2023 15:32:27.956792,2659,True,True,True,True,Eyes,1.366809,0.003782366,-1.52055,0.997956,-0.06386542,0.002250147,0.0,0.0,0.0,0.0,0.0,0.0,0.0,-0.733724,-0.1439197,-2.083853,1.610878,0.009502172,-1.518713,-0.005141392,0.8375776,-0.03250317,0.5453265,2.799462,113.8038,357.4716,0.6405707,0.001650165,-0.7678971,0.0,0.0,0.0,3.562368,-0.04152966,-2.076977,-0.2537689,0.03914633,2.023245,-0.4051852,-0.04406232,-0.9131722,0.02683705,0.9978342,-0.06005534,0.9138407,-0.04884038,-0.4031251,moving,-23.82067769795531,-2.32268777938583,-7.149085850996575,1.1084370264547432,1.9514900000000002,-0.051031832,-0.5582639999999999,-0.40359773443401226,-0.03708004262707065,0.9141848676103785,-23.44438348994613,-1.9499323027432247,16.97779910858417,17.021004439951117,16.579817492835492
2477,05/05/2023 15:32:27.976581,2660,True,True,True,True,Eyes,1.377611,0.003971867,-1.52076,0.997928,-0.06381796,-0.00817914,0.0,0.0,0.0,0.0,0.0,0.0,0.0,-0.7013603,-0.1485386,-2.102628,1.62037,0.009405442,-1.519647,-0.005249411,0.8413123,-0.033647,0.5394758,2.920565,114.5954,357.4096,0.6434043,0.00167025,-0.7655244,0.0,0.0,0.0,3.562687,-0.03722852,-2.108051,-0.2506179,0.04114418,2.023501,-0.417877,-0.04513628,-0.907382,0.0274707,0.9976806,-0.06227913,0.9080884,-0.05095141,-0.4156679,moving,-24.01456735279469,-2.242510243723189,-7.060334351037943,1.164844034421151,1.9423169999999998,-0.046633962,-0.5884040000000001,-0.40670877955914136,-0.035746782390670355,0.9128581815988335,-23.639890643212762,-1.8753142696417004,17.251747469467496,17.29323798062833,16.855985564752835
2478,05/05/2023 15:32:27.986495,2661,True,True,True,True,Eyes,1.388347,0.004154637,-1.520985,0.9977848,-0.06390611,-0.01847697,0.0,0.0,0.0,0.0,0.0,0.0,0.0,-0.6698228,-0.1513212,-2.120388,1.629453,0.009536383,-1.520657,-0.005215609,0.8449112,-0.03427605,0.5337816,3.000947,115.3656,357.394,0.6462407,0.001696899,-0.7631314,0.0,0.0,0.0,3.562706,-0.03947749,-2.139029,-0.2474353,0.04316237,2.023761,-0.4300996,-0.04540531,-0.9016387,0.0277784,0.9975959,-0.06348843,0.9023538,-0.05235244,-0.4278044,moving,-24.194472970617635,-2.190096257137682,-6.970676140822958,1.2218076962332187,1.9332529999999999,-0.049013873,-0.6183719999999999,-0.40958589148303937,-0.034862531179937165,0.9116051216642681,-23.821321821580373,-1.8274906571891454,17.51786881952239,17.558481307364634,17.124324229195526
2479,05/05/2023 15:32:28.007257,2662,True,True,True,True,Eyes,1.399,0.004359051,-1.521255,0.9975166,-0.06424548,-0.02886324,0.0,0.0,0.0,0.0,0.0,0.0,0.0,-0.6388751,-0.1618245,-2.136786,1.63834,0.009565691,-1.521826,-0.003959867,0.8483269,-0.0363862,0.5282063,3.299283,116.1088,357.4075,0.6490742,0.001729066,-0.7607228,0.0,0.0,0.0,3.562117,-0.04021726,-2.16926,-0.2441731,0.04523105,2.024026,-0.4419649,-0.04515737,-0.8958951,0.03172032,0.9973207,-0.06591804,0.8964714,-0.05755153,-0.4393483,moving,-24.34939392302281,-1.9201563002069715,-6.878768852295198,1.2801797003019446,1.9237770000000003,-0.049782951,-0.6474340000000001,-0.4121077176869146,-0.03052920025268045,0.9106234856152692,-23.977303629635866,-1.5673142949658887,17.727650640041187,17.761331337433283,17.334016083557053
2480,05/05/2023 15:32:28.026731,2663,True,True,True,True,Eyes,1.409571,0.004600166,-1.521592,0.9971291,-0.06490035,-0.0390079,0.0,0.0,0.0,0.0,0.0,0.0,0.0,-0.6079288,-0.1752992,-2.152275,1.647057,0.0103452,-1.523053,-0.002233547,0.8516607,-0.03885525,0.5226467,3.660725,116.8453,357.4489,0.6518987,0.001767189,-0.7583036,0.0,0.0,0.0,3.561082,-0.04896598,-2.198344,-0.2410518,0.04720991,2.024279,-0.4536712,-0.04441958,-0.8900616,0.03681069,0.9969705,-0.06851769,0.8904088,-0.06384826,-0.4506618,moving,-24.512977860762263,-1.5949182229596812,-6.79082225999351,1.3360007900228756,1.9140249999999999,-0.05931118,-0.6752910000000001,-0.4147662867212131,-0.025326008489682906,0.9095755243259458,-24.14196252757945,-1.2534249502597277,17.936814317655994,17.96288076558217,17.5432948515916
2481,05/05/2023 15:32:28.036450,2664,True,True,True,True,Eyes,1.420058,0.004837677,-1.521983,0.9966322,-0.06557161,-0.04924096,0.0,0.0,0.0,0.0,0.0,0.0,0.0,-0.5768008,-0.1822291,-2.168098,1.655937,0.0115489,-1.524564,-0.001542719,0.8550149,-0.03997085,0.5170586,3.827682,117.5898,357.4741,0.6547083,0.001812374,-0.755879,0.0,0.0,0.0,3.559435,-0.05924853,-2.22713,-0.2378279,0.0492548,2.024543,-0.465296,-0.04397263,-0.8840622,0.03869644,0.9967999,-0.06994669,0.8843088,-0.06675598,-0.4621054,moving,-24.67227962241383,-1.472424881523919,-6.6999653105585235,1.393665417991631,1.9034980000000001,-0.07079743,-0.7025659999999998,-0.41731366367507317,-0.023351411048274394,0.9084624747168681,-24.302529563277286,-1.1369628214197687,18.175631893820626,18.199410851153843,17.783541479615327
2482,05/05/2023 15:32:28.056734,2665,True,True,True,True,Eyes,1.430443,0.005066536,-1.522434,0.9960402,-0.06616496,-0.05938046,0.0,0.0,0.0,0.0,0.0,0.0,0.0,-0.5467947,-0.1833148,-2.183401,1.664494,0.011706,-1.526155,-0.001137582,0.8582492,-0.04004645,0.5116674,3.874746,118.3118,357.5337,0.6574981,0.001863661,-0.7534535,0.0,0.0,0.0,3.557562,-0.06205339,-2.256612,-0.2344061,0.05142371,2.02482,-0.4763906,-0.04293358,-0.8781849,0.03902826,0.99679,-0.06990379,0.8783671,-0.06757553,-0.4731857,moving,-24.811019697455333,-1.4473334194170329,-6.603530343115024,1.4548099759909754,1.893068,-0.07375939,-0.7304570000000001,-0.41951633963256335,-0.022927935230898915,0.907458137626743,-24.44246336500419,-1.1150151473638914,18.413578565821098,18.437329114487436,18.023083324561135
2483,05/05/2023 15:32:28.076413,2666,True,True,True,True,Eyes,1.44074,0.005308065,-1.522938,0.9953353,-0.06684876,-0.06956194,0.0,0.0,0.0,0.0,0.0,0.0,0.0,-0.5182616,-0.1954504,-2.196526,1.672715,0.01182692,-1.527549,0.0003928647,0.8611361,-0.04233837,0.5066084,4.204484,118.9741,357.5736,0.6602631,0.001919948,-0.7510316,0.0,0.0,0.0,3.555575,-0.0620654,-2.284869,-0.2314348,0.05330799,2.025061,-0.4866957,-0.04222133,-0.8725508,0.04357457,0.9964145,-0.07252014,0.8724843,-0.07331626,-0.483111,moving,-24.896237710641216,-1.149217886049773,-6.519781004712188,1.5079138980453977,1.8828600000000002,-0.07389232,-0.75732,-0.4209065724145559,-0.018193141522293503,0.9069215217073476,-24.528096638839834,-0.8261378836752462,18.54961085905376,18.567566086672016,18.158943518225932
2484,05/05/2023 15:32:28.096531,2667,True,True,True,True,Eyes,1.44074,0.005308065,-1.522938,0.9953353,-0.06684876,-0.06956194,0.0,0.0,0.0,0.0,0.0,0.0,0.0,-0.4896256,-0.203003,-2.209857,1.680994,0.01240083,-1.52922,0.0005449957,0.8640158,-0.04387019,0.5015497,4.379124,119.6361,357.5246,0.6629998,0.001981275,-0.7486165,0.0,0.0,0.0,3.553277,-0.07189918,-2.310851,-0.2282556,0.05532391,2.025321,-0.4968955,-0.04306439,-0.8667414,0.04494793,0.9961502,-0.07526238,0.8666459,-0.07635575,-0.493047,moving,-25.560636051961527,-1.0554490580975435,-6.430156144448451,1.5647092444743629,1.872283,-0.08430001,-0.781631,-0.4314064772423563,-0.01661776142538567,0.9020045903623445,-25.19824117751066,-0.7467419237268877,19.292272999863112,19.309077943348253,18.909886893136953
2485,05/05/2023 15:32:28.106950,2668,True,True,True,True,Eyes,1.44074,0.005308065,-1.522938,0.9953353,-0.06684876,-0.06956194,0.0,0.0,0.0,0.0,0.0,0.0,0.0,-0.4610121,-0.2014755,-2.22376,1.689502,0.01291051,-1.530898,-0.0004300149,0.8669066,-0.04367815,0.4965531,4.318616,120.2973,357.4639,0.6654553,0.002036447,-0.7464345,0.0,0.0,0.0,3.550864,-0.07544141,-2.337176,-0.225058,0.05735138,2.025582,-0.5068698,-0.04412261,-0.8608927,0.04263148,0.9961841,-0.07615682,0.8609678,-0.07530271,-0.5030546,moving,-26.215525417693666,-1.2047508700710636,-6.3400054716409535,1.6218125787417108,1.8613619999999997,-0.08835192,-0.8062779999999998,-0.4416703612388122,-0.018863441706974265,0.8969790645306814,-25.85906637454832,-0.9039627442959641,20.055069404083213,20.07550134009369,19.68180071827456
2486,05/05/2023 15:32:28.126657,2669,True,True,True,True,Eyes,1.451641,0.005577232,-1.523648,0.9944245,-0.06701964,-0.08141422,0.0,0.0,0.0,0.0,0.0,0.0,0.0,-0.4338175,-0.1993196,-2.237019,1.697935,0.01331827,-1.532651,-0.001527997,0.8695982,-0.04341972,0.4918451,4.244476,120.9183,357.3925,0.667659,0.002086081,-0.7444638,0.0,0.0,0.0,3.548652,-0.07067087,-2.363578,-0.221812,0.05941004,2.025846,-0.5161725,-0.04536903,-0.8552824,0.04005406,0.9962248,-0.07701848,0.8555478,-0.07401234,-0.5124066,moving,-26.14955330794626,-1.3191036906956455,-6.248484678455862,1.6797768634209156,1.8507170000000002,-0.08398913999999999,-0.830927,-0.44062156282414683,-0.020665492068024198,0.8974550514517041,-25.792641831960307,-1.0141732930725185,20.102443180772678,20.125750102133964,19.728949447108175
2487,05/05/2023 15:32:28.146849,2670,True,True,True,True,Eyes,1.462447,0.005829848,-1.524418,0.993388,-0.06705341,-0.09318932,0.0,0.0,0.0,0.0,0.0,0.0,0.0,-0.407865,-0.1913504,-2.250425,1.706639,0.01343761,-1.534466,-0.00301157,0.8721559,-0.04203002,0.48741,4.035683,121.5086,357.344,0.6698995,0.002142581,-0.7424482,0.0,0.0,0.0,3.546674,-0.06552367,-2.388581,-0.2186297,0.06142765,2.026104,-0.5248449,-0.04622482,-0.8499418,0.03571859,0.9964488,-0.0762492,0.8504481,-0.07037773,-0.52133,moving,-26.05274895564391,-1.545198331930124,-6.158754448564512,1.7365679699785677,1.8400349999999999,-0.07896128000000001,-0.8541149999999997,-0.4390695423947407,-0.024227264919662796,0.8981264411398188,-25.695239170241088,-1.2326828668688103,20.133849152900016,20.162862086222994,19.760837173875533
2488,05/05/2023 15:32:28.162490,2671,True,True,True,True,Eyes,1.473157,0.006057068,-1.525256,0.9921729,-0.0669733,-0.1053921,0.0,0.0,0.0,0.0,0.0,0.0,0.0,-0.3836603,-0.1810867,-2.26351,1.715286,0.01312363,-1.536583,-0.004391231,0.8745385,-0.04019313,0.4832677,3.787522,122.0618,357.3273,0.6721666,0.002204394,-0.7403963,0.0,0.0,0.0,3.545263,-0.0559472,-2.412665,-0.2153671,0.06349665,2.026369,-0.5328662,-0.04652869,-0.8449194,0.03116748,0.9967304,-0.07454517,0.8456254,-0.06605661,-0.5296738,moving,-25.893657898034178,-1.78180367512841,-6.0667508132276895,1.7947866453549421,1.8299769999999997,-0.06907083,-0.876082,-0.43653130208080587,-0.027974327404441546,0.8992540466740283,-25.535013037201498,-1.460311242781518,20.111375126460878,20.146916460593292,19.738513021065092
2489,05/05/2023 15:32:28.176374,2672,True,True,True,True,Eyes,1.483788,0.006257694,-1.526165,0.9908263,-0.06680386,-0.1174756,0.0,0.0,0.0,0.0,0.0,0.0,0.0,-0.3598886,-0.1763187,-2.275802,1.723943,0.01274922,-1.538745,-0.005037189,0.8767912,-0.03939846,0.4792282,3.684396,122.5945,357.3238,0.6744503,0.002269697,-0.7383164,0.0,0.0,0.0,3.544158,-0.04557183,-2.435645,-0.2121784,0.06551857,2.026628,-0.5406302,-0.04659483,-0.8399692,0.02892858,0.9968448,-0.07391637,0.840763,-0.06426053,-0.5375766,moving,-25.725969904610963,-1.8602135159343745,-5.976824015361266,1.8516622412161716,1.820215,-0.05832105,-0.8969,-0.43388178744082917,-0.029246513967619098,0.9004950111054715,-25.36593632722271,-1.5336785067977203,20.056876730755373,20.09494426445095,19.682434001467914
2490,05/05/2023 15:32:28.186623,2673,True,True,True,True,Eyes,1.494341,0.006407503,-1.52713,0.9892986,-0.0665127,-0.1298625,0.0,0.0,0.0,0.0,0.0,0.0,0.0,-0.3357701,-0.1703686,-2.288279,1.732734,0.01229172,-1.541256,-0.005820765,0.8790718,-0.03840996,0.4751037,3.554577,123.1378,357.3163,0.6767429,0.002336819,-0.7362154,0.0,0.0,0.0,3.543037,-0.04046378,-2.457753,-0.2090396,0.06750845,2.026884,-0.5484851,-0.04673116,-0.8348534,0.02626368,0.9969816,-0.07306115,0.8357478,-0.06199928,-0.5456022,moving,-25.549862961775847,-1.958783289403077,-5.88829502614826,1.907617775756623,1.810303,-0.0527555,-0.9164969999999999,-0.4310912419773519,-0.030841401784052598,0.9017810583261987,-25.188389192361605,-1.626533199451616,19.99690805474695,20.03812144099259,19.621005528266583
2491,05/05/2023 15:32:28.206974,2674,True,True,True,True,Eyes,1.50481,0.006510691,-1.528158,0.9876293,-0.06635647,-0.1420743,0.0,0.0,0.0,0.0,0.0,0.0,0.0,-0.3117551,-0.1656527,-2.300167,1.741418,0.01119253,-1.543611,-0.006115986,0.8812916,-0.03768904,0.4710278,3.478183,123.6726,357.3422,0.6790375,0.002403136,-0.7340993,0.0,0.0,0.0,3.541456,-0.03421063,-2.480876,-0.205439,0.06979143,2.027177,-0.5561908,-0.04628511,-0.8297648,0.02472524,0.9970843,-0.07219167,0.8306868,-0.06066846,-0.5534247,moving,-25.376416412836015,-1.9969177437872836,-5.786735795906055,1.9717940894984487,1.8000380000000002,-0.04540316,-0.9372649999999998,-0.42835075867519623,-0.0314870407160039,0.9030637385363081,-25.013457910525513,-1.660562540021778,19.944927030596986,19.987652695826583,19.566830554712137
2492,05/05/2023 15:32:28.226722,2675,True,True,True,True,Eyes,1.764547,0.008291757,-1.556158,0.8928763,-0.06102756,-0.4461474,0.0,0.0,0.0,0.0,0.0,0.0,0.0,-0.2892448,-0.1711819,-2.310791,1.749897,0.01020241,-1.546117,-0.005185835,0.8832691,-0.03882978,0.4672269,3.654991,124.1613,357.39,0.6813275,0.002466502,-0.7319741,0.0,0.0,0.0,3.540049,-0.03109135,-2.502615,-0.2026767,0.07154314,2.027401,-0.5633443,-0.04544562,-0.8249716,0.02712367,0.9969307,-0.07344022,0.8257771,-0.06374838,-0.5603826,moving,-7.59473885460186,-0.22294676394077104,-5.708819143262592,2.0210208875033677,1.7901519999999997,-0.04129376,-0.9564980000000001,-0.13216438580666623,-0.0038570113170925714,0.9912202839409866,-7.073173784014498,0.387357216889718,2.9218458863414014,2.931225678508175,2.1284549735486835
2493,05/05/2023 15:32:28.236473,2676,True,True,True,True,Eyes,1.764889,0.008261082,-1.556275,0.8927423,-0.06105202,-0.4464123,0.0,0.0,0.0,0.0,0.0,0.0,0.0,-0.2675247,-0.1739735,-2.321782,1.758783,0.009540267,-1.548903,-0.00458565,0.8851582,-0.03936973,0.4635989,3.752409,124.6297,357.437,0.6915547,0.002603373,-0.7223189,0.779211,0.005343198,-0.08400035,3.53866,-0.03664165,-2.523231,-0.1994693,0.07357697,2.027663,-0.5701101,-0.04462157,-0.8203555,0.02838547,0.996858,-0.07394867,0.8210778,-0.06544507,-0.5670522,moving,-8.049043666424355,-0.14510894596136417,-5.618337274196171,2.0781564978946383,1.7798770000000002,-0.046181916999999996,-0.9743280000000001,-0.14002026014339053,-0.0025076764924379675,0.9901455162018596,-7.531392321149495,0.4550124634548888,3.2860711509053457,3.2941224626694106,2.5088595355680896
2494,05/05/2023 15:32:28.256765,2677,True,True,True,True,Eyes,1.765577,0.008191959,-1.556498,0.8922814,-0.06121206,-0.4473108,0.0,0.0,0.0,0.0,0.0,0.0,0.0,-0.2477496,-0.1738391,-2.332407,1.767388,0.008774664,-1.551767,-0.004152203,0.886876,-0.03931378,0.460313,3.779121,125.0564,357.498,0.6999429,0.00271789,-0.7141931,0.7324584,0.005022606,-0.07896033,3.537825,-0.03895219,-2.543576,-0.1961,0.07571365,2.027937,-0.5761895,-0.04355827,-0.8161547,0.02882832,0.9968743,-0.07355554,0.8168076,-0.06591029,-0.5731328,moving,-8.417337548110869,-0.1387516472027789,-5.523286378202476,2.1381623941874355,1.7704370000000003,-0.047726854,-0.9918089999999999,-0.14638195040229074,-0.002395584792553091,0.9892252274593317,-7.902922785368849,0.45458170453449553,3.674834457672049,3.682372839071032,2.914980852232816
2495,05/05/2023 15:32:28.276371,2678,True,True,True,True,Eyes,1.766586,0.008075303,-1.556843,0.8917263,-0.0613826,-0.448393,0.0,0.0,0.0,0.0,0.0,0.0,0.0,-0.228742,-0.1727238,-2.34311,1.776256,0.007754203,-1.554726,-0.00360001,0.8884997,-0.0390336,0.4571999,3.788339,125.4616,357.5825,0.7068424,0.002811967,-0.7073651,0.6885108,0.004721249,-0.07422271,3.537492,-0.03908423,-2.562348,-0.1930403,0.07765358,2.028185,-0.5819106,-0.04208953,-0.8121629,0.0292951,0.9969268,-0.07265452,0.8127251,-0.06607082,-0.5788894,moving,-8.751760782949127,-0.14451940381970485,-5.436967577696182,2.192625550646691,1.7612359999999998,-0.046838433,-1.007622,-0.15215327950293167,-0.0024929688312392614,0.9883537144091477,-8.240297925627832,0.44294845707081,4.04861841766786,4.055872351514385,3.304547014557174
2496,05/05/2023 15:32:28.286890,2679,True,True,True,True,Eyes,1.767915,0.007923787,-1.557293,0.8909383,-0.06155675,-0.449933,0.0,0.0,0.0,0.0,0.0,0.0,0.0,-0.2120992,-0.1711426,-2.353539,1.785009,0.006491613,-1.557922,-0.002606919,0.8899152,-0.03850885,0.45449,3.794011,125.8167,357.723,0.7125347,0.002886684,-0.7016304,0.6472002,0.004437975,-0.06976935,3.537661,-0.03887638,-2.580522,-0.1899044,0.07964192,2.028441,-0.5868642,-0.03964365,-0.8087144,0.0303639,0.9970205,-0.07090887,0.8091159,-0.06616959,-0.5839119,moving,-9.006847923435982,-0.1401980328804656,-5.348490498528838,2.2484278696888413,1.7526519999999999,-0.045367993,-1.0226000000000002,-0.15655205347622753,-0.002416743655947675,0.9876667485892854,-8.497626874932518,0.44257040861439867,4.362092487059456,4.369108919539346,3.630176453962966
2497,05/05/2023 15:32:28.306765,2680,True,True,True,True,Eyes,1.769542,0.007742684,-1.557875,0.8900985,-0.06171807,-0.4515701,0.0,0.0,0.0,0.0,0.0,0.0,0.0,-0.1982238,-0.1719657,-2.363512,1.793766,0.005469457,-1.561225,-0.001177442,0.8910432,-0.03827875,0.4523,3.850362,126.1037,357.8906,0.7172487,0.002943326,-0.6968106,0.6083682,0.004171696,-0.06558318,3.538468,-0.03886464,-2.597387,-0.1866148,0.08172799,2.028709,-0.5908468,-0.03672526,-0.8059477,0.03252865,0.9970667,-0.06928115,0.8061279,-0.06715092,-0.587919,moving,-9.18967917218905,-0.07533829607120751,-5.255674812666603,2.3069538956840194,1.744702,-0.044334096999999996,-1.0361619999999998,-0.15970323651256396,-0.0012980242894444507,0.9871642246663626,-8.681995453746627,0.5024654587954241,4.592713238013139,4.599098432045083,3.872447760055088
2498,05/05/2023 15:32:28.326623,2681,True,True,True,True,Eyes,1.771477,0.00752309,-1.558569,0.8890854,-0.06183226,-0.4535459,0.0,0.0,0.0,0.0,0.0,0.0,0.0,-0.185747,-0.1699209,-2.373837,1.802599,0.004570411,-1.564957,-0.00042164,0.8920631,-0.03762186,0.450342,3.826901,126.3613,358.0106,0.7211685,0.002983107,-0.6927527,0.5718661,0.003921394,-0.06164819,3.540518,-0.04058733,-2.611988,-0.1835117,0.08369582,2.028961,-0.594384,-0.03463767,-0.8034354,0.03313315,0.9971688,-0.06750191,0.8034987,-0.06674238,-0.5915536,moving,-9.318458836829484,-0.09195826172584577,-5.168120358923995,2.362144982178409,1.737919,-0.045157741,-1.0470310000000003,-0.161921539230664,-0.001583793901597717,0.98680234444732,-8.811928032420889,0.4839589908975855,4.815151853036472,4.821610956197548,4.099380072557116
2499,05/05/2023 15:32:28.346622,2682,True,True,True,True,Eyes,1.773691,0.007271794,-1.559403,0.8880345,-0.06195983,-0.4555829,0.0,0.0,0.0,0.0,0.0,0.0,0.0,-0.1737921,-0.1655695,-2.384337,1.8115,0.003362945,-1.568802,-8.402087e-05,0.8930343,-0.0366781,0.4484911,3.751787,126.6053,358.102,0.7244451,0.003006621,-0.6893255,0.5375541,0.00368611,-0.0579493,3.54309,-0.039136,-2.626269,-0.1803098,0.08572587,2.029222,-0.5977113,-0.03304967,-0.8010297,0.03274954,0.9973094,-0.06558497,0.8010421,-0.06543425,-0.5950208,moving,-9.427863355065806,-0.1644257297671869,-5.0777732491919085,2.419060943645712,1.7315899999999997,-0.042498944999999996,-1.0574670000000002,-0.16380506965986968,-0.002831003805509342,0.9864887009324874,-8.922377631130939,0.4113970161096816,5.05241447704565,5.059415709439581,4.337245358468229
2500,05/05/2023 15:32:28.356751,2683,True,True,True,True,Eyes,1.776185,0.006991026,-1.560376,0.886824,-0.06203992,-0.4579238,0.0,0.0,0.0,0.0,0.0,0.0,0.0,-0.1623281,-0.1654316,-2.394702,1.820444,0.002352132,-1.572989,0.0004166802,0.8939326,-0.03656818,0.4467067,3.769989,126.8362,358.1665,0.7271999,0.003014589,-0.6864187,0.5053009,0.003464944,-0.05447234,3.545853,-0.03596732,-2.640413,-0.17695,0.08785643,2.029495,-0.6009058,-0.03192554,-0.798682,0.03341547,0.9973252,-0.0650067,0.7986211,-0.06575125,-0.5982317,moving,-9.507809701412413,-0.14361974713054865,-4.982970622308587,2.478775120457809,1.7254090000000002,-0.038319452,-1.0674240000000002,-0.16518153234063998,-0.002472201599144858,0.9862600645108255,-9.003004700825693,0.4302273813373749,5.223009833427653,5.229830162953565,4.511897808228188
2501,05/05/2023 15:32:28.376617,2684,True,True,True,True,Eyes,1.778947,0.006668693,-1.561495,0.8855937,-0.0619866,-0.4603059,0.0,0.0,0.0,0.0,0.0,0.0,0.0,-0.1508576,-0.1591157,-2.40567,1.829517,0.001228902,-1.577398,0.0002016416,0.8948708,-0.03538723,0.4449204,3.641502,127.071,358.2126,0.7296491,0.003009001,-0.6838148,0.4749828,0.003257047,-0.051204,3.548954,-0.03602462,-2.65416,-0.1739346,0.08976827,2.029739,-0.6040921,-0.03112812,-0.7963068,0.03184989,0.9974954,-0.06315458,0.7962782,-0.06351344,-0.6015875,moving,-9.584809424387062,-0.26467101998962533,-4.897886693223201,2.532342090727633,1.719437,-0.037253522,-1.076762,-0.1665056059706459,-0.004554880469625708,0.9860300187511104,-9.080818743088184,0.31092018380170305,5.4502728798745474,5.458069899646279,4.736204791007046
2502,05/05/2023 15:32:28.386507,2685,True,True,True,True,Eyes,1.781976,0.00629674,-1.562752,0.8842019,-0.0618935,-0.4629862,0.0,0.0,0.0,0.0,0.0,0.0,0.0,-0.1401798,-0.1501256,-2.416943,1.838757,-0.0001203241,-1.582015,-0.0005443661,0.8957382,-0.03388524,0.4432883,3.452555,127.286,358.2193,0.7318737,0.00298997,-0.6814333,0.4464839,0.003061624,-0.04813176,3.552026,-0.03082233,-2.66846,-0.170736,0.09179632,2.030001,-0.6069905,-0.03101709,-0.7941036,0.02906665,0.997703,-0.06118724,0.7941775,-0.060222,-0.6046947,moving,-9.620888454933299,-0.4487365852618052,-4.807624720190964,2.5891421431460637,1.7132690000000002,-0.0307020059,-1.086445,-0.16712322215358494,-0.007721703905168232,0.9859057919507849,-9.117422558441598,0.13096342999592947,5.682375676497381,5.691767295726235,4.961552175718229
2503,05/05/2023 15:32:28.406465,2686,True,True,True,True,Eyes,1.78524,0.005894247,-1.564159,0.8827744,-0.06186008,-0.4657067,0.0,0.0,0.0,0.0,0.0,0.0,0.0,-0.1289204,-0.1497753,-2.427713,1.847818,-0.001646283,-1.586949,-0.0002619734,0.8966246,-0.03393027,0.4414896,3.475063,127.5166,358.253,0.7338995,0.002956755,-0.6792513,0.4196948,0.002877927,-0.04524386,3.555506,-0.02351378,-2.682501,-0.1674247,0.09389614,2.030271,-0.6101737,-0.03042951,-0.7916831,0.02948994,0.9976973,-0.06107675,0.7917187,-0.06061412,-0.6078714,moving,-9.675955497263855,-0.42085937550702246,-4.714184640421576,2.647933118598208,1.7076879999999999,-0.021867497000000003,-1.0955519999999999,-0.16807130595866143,-0.007240827603197399,0.9857482679400593,-9.172943247635704,0.15712969893657436,5.824956768021987,5.834094394821356,5.1073114250850375
2504,05/05/2023 15:32:28.426973,2687,True,True,True,True,Eyes,1.788746,0.005462821,-1.565696,0.8811449,-0.06170955,-0.4688023,0.0,0.0,0.0,0.0,0.0,0.0,0.0,-0.1168737,-0.1519319,-2.438273,1.856792,-0.002770875,-1.591927,0.0004669719,0.8975697,-0.03425241,0.4395398,3.548783,127.766,358.3194,0.7357483,0.002909505,-0.6772484,0.3945131,0.002705251,-0.04252923,3.558483,-0.02404853,-2.697057,-0.1642668,0.09589854,2.030526,-0.6136094,-0.02927231,-0.7890673,0.03094887,0.9976532,-0.06107734,0.7890033,-0.06189835,-0.6112633,moving,-9.72726160382332,-0.32908911319749234,-4.625078669308842,2.7039800509543737,1.7016909999999998,-0.021277655,-1.10513,-0.16895565545080748,-0.00566108417424727,0.9856073957005713,-9.224598015655827,0.24560516571997293,5.927288451031016,5.935636381364652,5.215283817183054
2505,05/05/2023 15:32:28.447679,2688,True,True,True,True,Eyes,1.792461,0.005018699,-1.567391,0.8794883,-0.06162422,-0.4719139,0.0,0.0,0.0,0.0,0.0,0.0,0.0,-0.1052871,-0.1525609,-2.448826,1.865583,-0.003941754,-1.597088,0.001188463,0.8984983,-0.03423832,0.4376383,3.587132,128.0106,358.402,0.7374406,0.002848428,-0.6754056,0.3708423,0.002542936,-0.03997747,3.560968,-0.02607957,-2.712134,-0.1610981,0.0979076,2.030785,-0.6169428,-0.02783234,-0.786516,0.03210367,0.9976527,-0.06048592,0.7863532,-0.06256638,-0.6146011,moving,-9.771124299565765,-0.27329203146538894,-4.535660958720182,2.7601897707943275,1.695385,-0.022137816,-1.1150459999999998,-0.16971097579035438,-0.004700635845079908,0.9854826391467509,-9.268784274712816,0.29917114863620564,6.042897240953375,6.050792364474163,5.334704207639086
2506,05/05/2023 15:32:28.456711,2689,True,True,True,True,Eyes,1.796409,0.004580642,-1.569227,0.877651,-0.06151573,-0.4753363,0.0,0.0,0.0,0.0,0.0,0.0,0.0,-0.09371376,-0.1558935,-2.459358,1.874378,-0.004676914,-1.602563,0.001356893,0.8993981,-0.03495896,0.4357282,3.673257,128.2511,358.3908,0.7389926,0.00277443,-0.6737074,0.3485918,0.00239036,-0.03757882,3.563237,-0.02682208,-2.727368,-0.1577353,0.1000403,2.031058,-0.6202784,-0.02802444,-0.7838811,0.03290598,0.997552,-0.06170158,0.7836913,-0.06406652,-0.6178378,moving,-9.791162953074133,-0.18350880253431356,-4.440770732178824,2.819839889378455,1.6888589999999999,-0.022145166,-1.1248049999999998,-0.1700566703679411,-0.003156175961708408,0.9854292609582846,-9.28889843775862,0.3862732850810546,6.128498409160431,6.135698842237221,5.424627975000867
2507,05/05/2023 15:32:28.476422,2690,True,True,True,True,Eyes,1.80056,0.004171814,-1.571226,0.8757817,-0.06134149,-0.4787939,0.0,0.0,0.0,0.0,0.0,0.0,0.0,-0.08061326,-0.1550089,-2.470522,1.883466,-0.005007111,-1.60827,0.0003685117,0.9004311,-0.03516212,0.4335752,3.648867,128.522,358.2873,0.7404206,0.002689081,-0.6721382,0.3276763,0.002246938,-0.0353241,3.565579,-0.02873506,-2.742649,-0.1546497,0.1019965,2.031309,-0.624025,-0.02982721,-0.780835,0.03115448,0.9975269,-0.06300259,0.7807832,-0.0636417,-0.6215525,moving,-9.83561982233069,-0.21748449144869328,-4.353702310341525,2.8745331176662643,1.682113,-0.023727948999999998,-1.134379,-0.1708208798867767,-0.0037400208037657126,0.9852949824121786,-9.333785071773306,0.3523762397983408,6.286318034039531,6.293805883829788,5.582338186395237
2508,05/05/2023 15:32:28.496580,2691,True,True,True,True,Eyes,1.804907,0.00376463,-1.573399,0.873778,-0.06081899,-0.482507,0.0,0.0,0.0,0.0,0.0,0.0,0.0,-0.06668127,-0.1521026,-2.481804,1.892494,-0.004730854,-1.614119,-0.001536864,0.9015306,-0.03520481,0.4312782,3.563275,128.8094,358.0974,0.7417371,0.0025948,-0.6706854,0.3080157,0.002112122,-0.03320465,3.567433,-0.02601772,-2.759288,-0.1514562,0.1040216,2.031568,-0.6279935,-0.03313719,-0.7775127,0.02759507,0.9975165,-0.06480206,0.7777291,-0.0621508,-0.6255195,moving,-9.878452740721297,-0.3075721059412495,-4.263592276227203,2.9311341668340467,1.674939,-0.021286866,-1.145169,-0.17155621384161207,-0.005288534047404725,0.9851601112395795,-9.377096561658423,0.26384684538453906,6.473732865359919,6.481965470214485,5.767351882128291
2509,05/05/2023 15:32:28.506747,2692,True,True,True,True,Eyes,1.809432,0.003363086,-1.575718,0.8717297,-0.06021356,-0.4862734,0.0,0.0,0.0,0.0,0.0,0.0,0.0,-0.05055356,-0.1343878,-2.494235,1.901848,-0.005147865,-1.620115,-0.00528262,0.9028716,-0.0329973,0.4286096,3.156089,129.1511,357.829,0.7429539,0.002492569,-0.6693375,0.2895347,0.001985395,-0.03121237,3.568724,-0.02029745,-2.776688,-0.1482338,0.1060646,2.03183,-0.6325319,-0.03782497,-0.7736103,0.01874686,0.9977666,-0.06411301,0.7743075,-0.05505628,-0.63041,moving,-9.959194462677278,-0.7306877402117016,-4.172667308760657,2.9882140518037428,1.666876,-0.015149585000000002,-1.156573,-0.17293313356613288,-0.012560426632641479,0.9848535572435771,-9.45902529504783,-0.14978431394674807,6.866520417989029,6.878526516752704,6.147569804616694
2510,05/05/2023 15:32:28.526690,2693,True,True,True,True,Eyes,1.814146,0.0030332,-1.578189,0.8696051,-0.0592704,-0.4901775,0.0,0.0,0.0,0.0,0.0,0.0,0.0,-0.03444469,-0.1283659,-2.505287,1.910659,-0.005436998,-1.625879,-0.007510724,0.9041368,-0.03269485,0.4259242,3.022221,129.4885,357.6221,0.7440807,0.002383539,-0.668085,0.2721627,0.001866271,-0.02933963,3.569089,-0.003704296,-2.795873,-0.1450596,0.1080773,2.032088,-0.6370645,-0.04143249,-0.7696962,0.01426961,0.9977493,-0.06551923,0.7706785,-0.05272324,-0.6350394,moving,-10.036152369668853,-0.8502457125599352,-4.08310488039169,3.044427353365202,1.6584299999999998,0.001732702,-1.1699939999999998,-0.17425092900596445,-0.014612024098952616,0.9845928571042499,-9.536795473505528,-0.2676360574472805,7.100682734974508,7.113877472942014,6.380635166083482
2511,05/05/2023 15:32:28.546660,2694,True,True,True,True,Eyes,1.819046,0.002789513,-1.580814,0.8674189,-0.05807073,-0.4941784,0.0,0.0,0.0,0.0,0.0,0.0,0.0,-0.01656771,-0.130486,-2.516377,1.919909,-0.004084533,-1.631989,-0.008899253,0.9054881,-0.03345661,0.4229572,3.041607,129.8574,357.4506,0.7451277,0.00227133,-0.6669173,0.2558329,0.001754295,-0.02757925,3.568886,0.003152516,-2.814533,-0.1418507,0.1101122,2.032349,-0.6420559,-0.04441776,-0.7653698,0.01218509,0.9976029,-0.06811713,0.7665607,-0.05306112,-0.6399756,moving,-10.144971522375968,-0.7974392957303519,-3.9925658156454373,3.1012399798688364,1.648977,0.007237049,-1.182544,-0.17612288352825284,-0.013699936690529243,0.9842728739627399,-9.64651365437921,-0.218151673918479,7.27094013464797,7.283666389545654,6.556331833758507
2512,05/05/2023 15:32:28.556765,2695,True,True,True,True,Eyes,1.824089,0.002599991,-1.58361,0.8651613,-0.05640975,-0.498311,0.0,0.0,0.0,0.0,0.0,0.0,0.0,0.002511978,-0.113788,-2.528468,1.929296,-0.002326824,-1.638266,-0.01176041,0.9070432,-0.0307291,0.4197501,2.629217,130.2716,357.2957,0.7461026,0.002159955,-0.6658269,0.2404829,0.001649037,-0.0259245,3.568446,0.0060636,-2.834285,-0.1387028,0.1121083,2.032605,-0.6473432,-0.04713148,-0.7607401,0.004462695,0.9978349,-0.06561811,0.7621856,-0.04587238,-0.6457312,moving,-10.273497747900304,-1.14884404051499,-3.903751126109381,3.156949277866047,1.6391499999999999,0.008390424,-1.196019,-0.1783123865799603,-0.019728448418400043,0.9837761273526174,-9.77656709739623,-0.5627849128924995,7.672103525246426,7.688532247863155,6.951718484123191
2513,05/05/2023 15:32:28.576821,2696,True,True,True,True,Eyes,1.829295,0.002482637,-1.586546,0.8628171,-0.05473344,-0.5025445,0.0,0.0,0.0,0.0,0.0,0.0,0.0,0.02262175,-0.1013245,-2.539858,1.938446,-0.001237858,-1.644408,-0.01398262,0.9086331,-0.02882522,0.4163648,2.334838,130.7047,357.1653,0.7470111,0.002051667,-0.664808,0.226054,0.001550095,-0.02436903,3.566953,0.02468624,-2.855341,-0.1355217,0.1141251,2.032863,-0.6528898,-0.04941376,-0.7558395,-0.001406535,0.9979472,-0.06402684,0.7574518,-0.04073935,-0.651619,moving,-10.417962617187833,-1.378362807166236,-3.814004684133874,3.2132170106105624,1.628507,0.025924098000000003,-1.210933,-0.18077688609125353,-0.023658328544034598,0.9832395806376728,-9.922562476786815,-0.7889693133145164,8.024182867231103,8.043311855483507,7.302874343544048
2514,05/05/2023 15:32:28.596698,2697,True,True,True,True,Eyes,1.834616,0.002413059,-1.589668,0.8603948,-0.05275827,-0.5068899,0.0,0.0,0.0,0.0,0.0,0.0,0.0,0.04416323,-0.09737092,-2.550781,1.947623,0.0003604982,-1.650661,-0.01548605,0.9102681,-0.0283594,0.4127563,2.226238,131.1591,357.0398,0.747861,0.001949018,-0.6638522,0.2124907,0.001457089,-0.02290688,3.56466,0.03839609,-2.876665,-0.1323085,0.1161628,2.033125,-0.6587846,-0.05160395,-0.7505594,-0.004781865,0.9979119,-0.06441325,0.7523162,-0.03884539,-0.6576557,moving,-10.585047073183594,-1.405556810315275,-3.723354174211441,3.2700449127212172,1.6170369999999998,0.0380355918,-1.226004,-0.18364141497944958,-0.024111974359918825,0.9826975430106942,-10.091149107351866,-0.8184654116572831,8.283630539637402,8.303257247145044,7.567346231214644
2515,05/05/2023 15:32:28.606886,2698,True,True,True,True,Eyes,1.840071,0.002358141,-1.5929,0.857855,-0.05076154,-0.5113785,0.0,0.0,0.0,0.0,0.0,0.0,0.0,0.06815445,-0.08177446,-2.561952,1.956877,0.001472362,-1.656973,-0.01776819,0.9121318,-0.02588982,0.4086925,1.874273,131.6789,356.9272,0.748655,0.001853574,-0.6629568,0.1997413,0.001369664,-0.02153247,3.561806,0.0460338,-2.898717,-0.1290157,0.1182505,2.033393,-0.6653095,-0.05357582,-0.7446429,-0.01125191,0.998028,-0.06175332,0.7464829,-0.03270641,-0.6646003,moving,-10.795400651269725,-1.6762492230607013,-3.6304637464045126,3.328246062948492,1.6049289999999998,0.044561438,-1.241744,-0.18722511135759107,-0.028734633105893602,0.9818966258052977,-10.303659815922039,-1.0859442130753156,8.716420018411734,8.73963923273654,8.001038781006333
2516,05/05/2023 15:32:28.626938,2699,True,True,True,True,Eyes,1.845644,0.002321279,-1.596231,0.8552227,-0.04887345,-0.5159511,0.0,0.0,0.0,0.0,0.0,0.0,0.0,0.09392357,-0.07455774,-2.5718,1.965629,0.001748711,-1.662781,-0.01882521,0.9140672,-0.02487232,0.4043612,1.733208,132.2258,356.8727,0.7493997,0.001765134,-0.6621152,0.1877568,0.001287484,-0.02024052,3.557337,0.06172364,-2.922253,-0.1258476,0.1202594,2.03365,-0.672275,-0.0545298,-0.7382903,-0.0143002,0.9980539,-0.0606943,0.7401631,-0.03024557,-0.6717465,moving,-11.036990002106943,-1.7335737546326702,-3.541097671977062,3.3842309162408624,1.591708,0.059974929,-1.259472,-0.19135828008831923,-0.02969290546676514,0.9810710261280702,-10.547441428101358,-1.1461319964432584,9.05201365168105,9.076360860725785,8.343442991331914
2517,05/05/2023 15:32:28.646855,2700,True,True,True,True,Eyes,1.851336,0.002309796,-1.599645,0.8524907,-0.04714811,-0.5206119,0.0,0.0,0.0,0.0,0.0,0.0,0.0,0.120349,-0.08717773,-2.580483,1.974255,0.002179845,-1.668318,-0.01796943,0.9159234,-0.02718188,0.4000287,2.029638,132.7579,356.8644,0.7500997,0.001683772,-0.6613222,0.1764914,0.001210235,-0.01902609,3.551768,0.06896263,-2.945916,-0.1226609,0.12228,2.033909,-0.6793087,-0.05466429,-0.7318143,-0.01117017,0.9978765,-0.0641696,0.733768,-0.03541646,-0.6784767,moving,-11.279081069197629,-1.3533910077616493,-3.451211479595069,3.440520185308452,1.577513,0.066782785,-1.277598,-0.1955356372908844,-0.023163007893523702,0.980423060672914,-10.791237106797345,-0.7801301252709796,9.159252845333356,9.17916809078401,8.466986787055973
2518,05/05/2023 15:32:28.656779,2701,True,True,True,True,Eyes,1.857141,0.002350158,-1.603129,0.849744,-0.04555081,-0.525224,0.0,0.0,0.0,0.0,0.0,0.0,0.0,0.1445392,-0.09240003,-2.589097,1.982865,0.002794008,-1.673646,-0.0171545,0.9176201,-0.02785034,0.3961105,2.150352,133.2454,356.9284,0.7507598,0.001609823,-0.660573,0.1659019,0.001137621,-0.01788453,3.546525,0.0608047,-2.969142,-0.1192999,0.1244112,2.034184,-0.6856043,-0.05354625,-0.7260025,-0.009419,0.9978602,-0.06470221,0.7279134,-0.0375219,-0.6846414,moving,-11.471064904537942,-1.1385813078049407,-3.356412230516734,3.4998646507456406,1.5636599999999998,0.058010692,-1.2954960000000002,-0.1988353205535875,-0.01947392502905531,0.9798394121221965,-10.984670233070227,-0.5743255971061054,9.32915553005207,9.346805279366516,8.648083390509813
2519,05/05/2023 15:32:28.676761,2702,True,True,True,True,Eyes,1.86306,0.002431104,-1.606697,0.8469412,-0.04390436,-0.5298707,0.0,0.0,0.0,0.0,0.0,0.0,0.0,0.164835,-0.1008898,-2.597468,1.991325,0.004065216,-1.678927,-0.01583463,0.9189941,-0.02879135,0.3929002,2.319697,133.6433,357.0324,0.7513843,0.001544663,-0.6598626,0.1559478,0.001069364,-0.01681145,3.542273,0.05875303,-2.990273,-0.1162584,0.1263399,2.034431,-0.6907577,-0.05172812,-0.7212339,-0.006479616,0.9978406,-0.06536102,0.7230575,-0.0404753,-0.6896012,moving,-11.573264646827873,-0.8576805171754162,-3.2706338943753273,3.553553344559173,1.5509479999999998,0.054687814,-1.3113460000000001,-0.20059923195111506,-0.014664524726686196,0.9795636006192261,-11.087454163448617,-0.3025235279461027,9.387020623143753,9.40173715833859,8.71619228595062
2520,05/05/2023 15:32:28.696774,2703,True,True,True,True,Eyes,1.86907,0.002541709,-1.610351,0.8441694,-0.04218321,-0.5344142,0.0,0.0,0.0,0.0,0.0,0.0,0.0,0.1843183,-0.09382225,-2.606715,2.000045,0.005088164,-1.684498,-0.01552522,0.9203773,-0.02693446,0.3897938,2.147746,134.0399,357.1563,0.751977,0.001489041,-0.6591871,0.1465909,0.001005202,-0.01580277,3.53979,0.05564883,-3.008898,-0.1130613,0.1283671,2.034691,-0.6956394,-0.04957588,-0.7166784,-0.007580333,0.998067,-0.061683,0.7183511,-0.03747647,-0.6946706,moving,-11.663747186249624,-0.9089782147704508,-3.180473298630357,3.609962489485915,1.539745,0.050560666000000004,-1.3243999999999998,-0.20214326239542085,-0.015536499727689158,0.9792326868054656,-11.178791318981736,-0.3541226140283422,9.59636477276822,9.611803209645313,8.926760995040768
2521,05/05/2023 15:32:28.707141,2704,True,True,True,True,Eyes,1.875175,0.002665432,-1.614082,0.8413602,-0.04039215,-0.5389634,0.0,0.0,0.0,0.0,0.0,0.0,0.0,0.2016321,-0.0822527,-2.615823,2.008433,0.00585067,-1.690002,-0.01520698,0.9216211,-0.02415846,0.38704,1.877258,134.3956,357.3201,0.7525408,0.001443185,-0.6585435,0.1377955,0.0009448896,-0.0148546,3.537242,0.0644598,-3.027489,-0.109786,0.1304441,2.034958,-0.6999381,-0.04673072,-0.7126737,-0.009329556,0.9983702,-0.05630131,0.7141432,-0.03275848,-0.6992332,moving,-11.708903935618244,-1.0434320028785655,-3.088113982690477,3.6677340595276915,1.5288089999999999,0.058609129999999995,-1.337487,-0.2029072068489402,-0.017831506334348914,0.9790356281851197,-11.224497005942862,-0.48591320799193816,9.807051464713094,9.824108360562235,9.135289504117695
2522,05/05/2023 15:32:28.736614,2705,True,True,True,True,Eyes,1.881372,0.002796628,-1.617882,0.838535,-0.03866604,-0.5434742,0.0,0.0,0.0,0.0,0.0,0.0,0.0,0.2187514,-0.0730156,-2.624817,2.016876,0.006250761,-1.695589,-0.01493922,0.9228084,-0.02199091,0.3843409,1.667732,134.7403,357.4498,0.7530786,0.001406617,-0.6579285,0.1295277,0.0008881962,-0.01396332,3.53526,0.07639781,-3.044564,-0.106621,0.1324511,2.035216,-0.7041178,-0.04447608,-0.708689,-0.01066805,0.9985864,-0.0520703,0.7100031,-0.02910329,-0.7035969,moving,-11.747046905313653,-1.1270734590930351,-2.9988727586803985,3.7235370982043725,1.5183840000000002,0.070147049,-1.3489749999999998,-0.2035535547895111,-0.019258064159653192,0.978874502802733,-11.263069990554488,-0.5680787147911361,9.984806397185265,10.002948249310677,9.31208473832087
2523,05/05/2023 15:32:28.746883,2706,True,True,True,True,Eyes,1.887644,0.002921999,-1.621752,0.8356382,-0.03704555,-0.5480295,0.0,0.0,0.0,0.0,0.0,0.0,0.0,0.2365221,-0.07026003,-2.63334,2.025126,0.006573671,-1.701229,-0.01476964,0.9239914,-0.02128225,0.381535,1.607871,135.0915,357.5039,0.7535931,0.001378671,-0.6573392,0.1217561,0.0008349044,-0.01312553,3.533482,0.08587844,-3.061422,-0.1034595,0.1344552,2.035474,-0.708426,-0.04353389,-0.7044414,-0.0110542,0.9986578,-0.05059951,0.7056987,-0.02805897,-0.7079564,moving,-11.791762149551946,-1.0830620245070814,-2.909737863414408,3.7792376438133215,1.5083559999999996,0.079304769,-1.3601929999999998,-0.2043203159102044,-0.018503119416227936,0.9787291504918589,-11.308129562320834,-0.5260090789875527,10.108036304114911,10.125824089133967,9.437591455050809
2524,05/05/2023 15:32:28.756761,2707,True,True,True,True,Eyes,1.893955,0.003053765,-1.625695,0.8327244,-0.03563683,-0.5525398,0.0,0.0,0.0,0.0,0.0,0.0,0.0,0.2576922,-0.07284895,-2.641076,2.033251,0.006499832,-1.706705,-0.01439478,0.9253705,-0.02170651,0.378168,1.678195,135.5074,357.5311,0.7540863,0.001358223,-0.6567734,0.1144507,0.0007848102,-0.01233799,3.531254,0.09012173,-3.078721,-0.1002551,0.1364873,2.035734,-0.7135633,-0.04305842,-0.6992661,-0.01022359,0.9986433,-0.05106041,0.700516,-0.02928583,-0.7130354,moving,-11.906836878786327,-0.9304263094474978,-2.8194042024859813,3.8356976991578757,1.4980030000000002,0.083621898,-1.372016,-0.2062949144641153,-0.015889002156297037,0.9783609193281225,-11.42404613648754,-0.3793882709858063,10.245101218890063,10.261450711848488,9.581587162264935
2525,05/05/2023 15:32:28.776563,2708,True,True,True,True,Eyes,1.90033,0.003211718,-1.629694,0.8297371,-0.03447755,-0.5570885,0.0,0.0,0.0,0.0,0.0,0.0,0.0,0.2791349,-0.08886319,-2.647814,2.04108,0.006868921,-1.71192,-0.01293427,0.9266967,-0.02431207,0.3748,2.026647,135.9157,357.5801,0.7545589,0.001344761,-0.6562304,0.1075837,0.0007377216,-0.01159771,3.527051,0.0896346,-3.097986,-0.09662455,0.1387893,2.036028,-0.7187156,-0.04219661,-0.6940229,-0.005747966,0.9984832,-0.05475535,0.6952807,-0.03536429,-0.7178681,moving,-12.020738974907035,-0.5091260775349769,-2.7170688814929185,3.8996312652463208,1.4859710000000002,0.082765679,-1.386066,-0.2082578603369291,-0.008690978563752203,0.9780353183306576,-11.538477580096856,0.028973756915046445,10.282993672462323,10.295407641983694,9.633236266935763
2526,05/05/2023 15:32:28.796759,2709,True,True,True,True,Eyes,1.906757,0.003371799,-1.63374,0.8266758,-0.0333984,-0.5616864,0.0,0.0,0.0,0.0,0.0,0.0,0.0,0.3008989,-0.101947,-2.654557,2.049076,0.007698335,-1.717217,-0.01200895,0.9280198,-0.02646188,0.3713961,2.303576,136.3288,357.5941,0.755013,0.00133859,-0.6557079,0.1011286,0.0006934582,-0.01090185,3.523498,0.07914848,-3.116235,-0.09385955,0.1405428,2.036253,-0.7238417,-0.04194475,-0.6886902,-0.002633404,0.9983111,-0.05803443,0.6899613,-0.04019414,-0.7227297,moving,-12.131400513938802,-0.1712317808812697,-2.6391377988399474,3.948310377649304,1.4744220000000001,0.07145014499999999,-1.399018,-0.2101534950290228,-0.0029218146471256933,0.9776640092073625,-11.64973373299458,0.3561439906355406,10.337843597196429,10.347641231138942,9.700231875609754
2527,05/05/2023 15:32:28.806770,2710,True,True,True,True,Eyes,1.913223,0.003541913,-1.637829,0.8235527,-0.0326371,-0.5663001,0.0,0.0,0.0,0.0,0.0,0.0,0.0,0.3223881,-0.1073412,-2.661139,2.056735,0.007897692,-1.722468,-0.01130785,0.9293612,-0.02721998,0.3679934,2.422727,136.7467,357.6451,0.7554512,0.001339018,-0.6552029,0.0,0.0,0.0,3.519489,0.07193262,-3.134846,-0.09073329,0.1425249,2.036509,-0.7289064,-0.0410517,-0.6833819,-0.0009846106,0.9982624,-0.05891682,0.684613,-0.04227196,-0.7276802,moving,-12.23685711263553,-0.0015638621094130173,-2.5510316453226642,4.003312588121871,1.4627539999999999,0.064034928,-1.412378,-0.21195350624546,-2.667440449986066e-05,0.9772797673708599,-11.755928309068462,0.5195297386516484,10.472328268067441,10.481137837318219,9.842096602477614
2528,05/05/2023 15:32:28.826482,2711,True,True,True,True,Eyes,1.919746,0.003739552,-1.641954,0.82032,-0.0317947,-0.5710204,0.0,0.0,0.0,0.0,0.0,0.0,0.0,0.3430445,-0.1258312,-2.666803,2.064175,0.008365746,-1.727559,-0.009425585,0.9305686,-0.0300383,0.3647617,2.810293,137.1364,357.736,0.7558731,0.001345741,-0.6547163,0.0,0.0,0.0,3.514815,0.0696773,-3.153257,-0.08756512,0.1445342,2.036767,-0.7337204,-0.03945595,-0.6783054,0.004371335,0.9980177,-0.06278157,0.6794379,-0.0490292,-0.7320935,moving,-12.31645881858309,0.45179630297263124,-2.4617563711086157,4.059050937079315,1.45064,0.061311554,-1.425698,-0.2133047251875173,0.007703778339713336,0.9769553974344071,-11.835721205171268,0.9597399107116086,10.487774757154515,10.494162487952222,9.873041352511784
2529,05/05/2023 15:32:28.846448,2712,True,True,True,True,Eyes,1.926295,0.003940235,-1.64613,0.817022,-0.03102608,-0.5757712,0.0,0.0,0.0,0.0,0.0,0.0,0.0,0.3645124,-0.1352083,-2.6728,2.071625,0.009181367,-1.733002,-0.008305389,0.9318719,-0.03124835,0.361344,2.994306,137.5542,357.8157,0.7562816,0.001359193,-0.6542443,0.0,0.0,0.0,3.510708,0.05812873,-3.170876,-0.08430499,0.1466013,2.037032,-0.7387232,-0.03806192,-0.6729334,0.007103689,0.9979091,-0.06424113,0.6739715,-0.05223672,-0.7369083,moving,-12.41150552241112,0.6940933024138,-2.369901470443681,4.116370755970372,1.4390830000000001,0.04894736300000001,-1.4378739999999999,-0.21491640967070175,0.011830844798048343,0.976560806524215,-11.931332515056445,1.194064658566957,10.603114927711069,10.608760290703648,9.998041635630745
2530,05/05/2023 15:32:28.856518,2713,True,True,True,True,Eyes,1.932856,0.004141217,-1.650354,0.8136767,-0.03011289,-0.5805373,0.0,0.0,0.0,0.0,0.0,0.0,0.0,0.3858526,-0.1379513,-2.678757,2.078856,0.00945965,-1.738368,-0.007490212,0.9331942,-0.03132555,0.3579262,3.044054,137.9759,357.9108,0.7566777,0.001378801,-0.6537861,0.0,0.0,0.0,3.505651,0.05418392,-3.189291,-0.08107543,0.148649,2.037294,-0.7436653,-0.03640411,-0.6675599,0.008444822,0.9979252,-0.06382753,0.6684985,-0.05310375,-0.741815,moving,-12.502624677090136,0.8143246478321241,-2.2789200064604964,4.173130832188534,1.4267949999999998,0.044724269999999997,-1.450923,-0.21646350961300487,0.013875208217334827,0.9761921647715057,-12.023118972468685,1.3095495176480256,10.755771640099718,10.761306434458838,10.156254793679636
2531,05/05/2023 15:32:28.876559,2714,True,True,True,True,Eyes,1.93944,0.004359428,-1.65463,0.8102579,-0.02923459,-0.585344,0.0,0.0,0.0,0.0,0.0,0.0,0.0,0.4074252,-0.148246,-2.683866,2.085811,0.009689696,-1.743677,-0.006148308,0.9344789,-0.03270597,0.35446,3.254283,138.3987,358.0096,0.7570598,0.001403801,-0.6533438,0.0,0.0,0.0,3.500206,0.05440454,-3.207418,-0.07796592,0.1506205,2.037546,-0.7486408,-0.03467685,-0.6620686,0.01169499,0.997785,-0.06548475,0.6628729,-0.05676743,-0.746577,moving,-12.596187080384869,1.09422558766497,-2.191332049434395,4.227757702418119,1.4143949999999998,0.044714844000000004,-1.4637410000000002,-0.21804043158662756,0.018637208477353843,0.9757618299331896,-12.117190615398915,1.5805329217936286,10.861277537638774,10.866463625728692,10.272802310503382
2532,05/05/2023 15:32:28.896284,2715,True,True,True,True,Eyes,1.94605,0.004581998,-1.658954,0.8067031,-0.02798487,-0.590294,0.0,0.0,0.0,0.0,0.0,0.0,0.0,0.4299828,-0.1484106,-2.689516,2.092998,0.01031956,-1.749187,-0.006047781,0.9358487,-0.03255246,0.3508436,3.249535,138.843,358.0392,0.7574304,0.001434427,-0.652914,0.0,0.0,0.0,3.49444,0.04885698,-3.22548,-0.07486045,0.1525899,2.037798,-0.7537445,-0.03416126,-0.6562793,0.01152203,0.9978076,-0.065172,0.6570668,-0.0566847,-0.7516984,moving,-12.69362141280126,1.1654121798110422,-2.103868948465656,4.2823046503983715,1.4014419999999999,0.03853742,-1.476293,-0.21969434487903783,0.01984197358652564,0.9753669780379531,-12.215403032305657,1.6481271486121933,11.03353039884657,11.038925487976897,10.44901969753979
2533,05/05/2023 15:32:28.906753,2716,True,True,True,True,Eyes,1.952677,0.00480237,-1.663328,0.803075,-0.02675007,-0.5952772,0.0,0.0,0.0,0.0,0.0,0.0,0.0,0.4531213,-0.1397946,-2.695352,2.100104,0.01058996,-1.754774,-0.006920915,0.9372773,-0.03118367,0.3471184,3.075437,139.3027,358.013,0.7577887,0.001470117,-0.6524979,0.0,0.0,0.0,3.487892,0.05155639,-3.244286,-0.07160056,0.154657,2.038064,-0.7589222,-0.03462248,-0.6502607,0.008675219,0.9979594,-0.06326024,0.6511239,-0.05365074,-0.757073,moving,-12.796876857862067,1.0534568437609084,-2.012068007084797,4.33953156825372,1.387788,0.04096643,-1.4895119999999997,-0.22145973751705422,0.017928739452115917,0.9750046726402803,-12.319693812519876,1.5372085709059462,11.268425509561505,11.274324327548603,10.681767827767807
2534,05/05/2023 15:32:28.926532,2717,True,True,True,True,Eyes,1.959354,0.005040543,-1.667747,0.7990236,-0.02513843,-0.6007739,0.0,0.0,0.0,0.0,0.0,0.0,0.0,0.476084,-0.1368355,-2.700709,2.107215,0.01075224,-1.760323,-0.007648378,0.9386283,-0.03095772,0.3434529,3.030175,139.7498,357.9557,0.7581351,0.001510205,-0.6520953,0.0,0.0,0.0,3.480534,0.0600023,-3.263414,-0.06834066,0.1567239,2.03833,-0.7639632,-0.035623,-0.6442757,0.006907069,0.9979662,-0.0633693,0.6452228,-0.05286188,-0.7621634,moving,-12.856097066124976,1.0874134675232696,-1.9202804128818558,4.396729291119403,1.373319,0.04925006,-1.503091,-0.22246504328240851,0.018502234179641336,0.9747650510706426,-12.379397408903523,1.5692224200262108,11.419407856404431,11.42557031809149,10.834570754882193
2535,05/05/2023 15:32:28.946508,2718,True,True,True,True,Eyes,1.96606,0.005259293,-1.672228,0.7948802,-0.0233672,-0.6063164,0.0,0.0,0.0,0.0,0.0,0.0,0.0,0.5003039,-0.130252,-2.706285,2.114566,0.01131752,-1.766275,-0.009077495,0.940047,-0.0303049,0.3395745,2.912515,140.2224,357.8396,0.7584715,0.001554978,-0.651704,0.0,0.0,0.0,3.473456,0.06370963,-3.282116,-0.06519049,0.1587213,2.038585,-0.7692136,-0.03764809,-0.6378819,0.003515003,0.9979984,-0.06314104,0.6389822,-0.0508111,-0.7675418,moving,-12.934083990720739,1.0439364740352655,-1.8315976633282096,4.4519856791250065,1.3588900000000002,0.052392110000000006,-1.5158409999999998,-0.22379466459296582,0.017757017815788763,0.9744746131710419,-12.458120098996282,1.5254666226722051,11.60721066277051,11.613785000345532,11.022136492692253
2536,05/05/2023 15:32:28.956348,2719,True,True,True,True,Eyes,1.97278,0.005444612,-1.67677,0.7904102,-0.021356,-0.6122057,0.0,0.0,0.0,0.0,0.0,0.0,0.0,0.5264608,-0.1131266,-2.711764,2.122011,0.01102366,-1.772164,-0.01135299,0.9415975,-0.02814674,0.3353702,2.6016,140.7386,357.6903,0.7587982,0.001603226,-0.6513234,0.0,0.0,0.0,3.465561,0.07051652,-3.301822,-0.06193495,0.1607853,2.03885,-0.7747959,-0.04025904,-0.6309283,-0.002500735,0.9981577,-0.0606207,0.6322066,-0.04539089,-0.7734693,moving,-13.021132565380706,0.8126937335473925,-1.7399614032246051,4.509057966819042,1.34355,0.05949286,-1.529658,-0.22528892480814577,0.013819072453064254,0.9741940852355122,-12.54619543116417,1.2986354367310153,11.863803210191438,11.871307060929405,11.27304336407413
2537,05/05/2023 15:32:28.976620,2720,True,True,True,True,Eyes,1.979529,0.005607518,-1.681361,0.7858433,-0.01948301,-0.6181187,0.0,0.0,0.0,0.0,0.0,0.0,0.0,0.5535625,-0.1104444,-2.71605,2.129428,0.01039574,-1.777915,-0.01256942,0.9430997,-0.02850033,0.331048,2.604139,141.2602,357.5572,0.7591136,0.001653023,-0.6509557,0.0,0.0,0.0,3.456274,0.08332754,-3.322143,-0.05876648,0.1627949,2.039109,-0.7804985,-0.04257838,-0.6237059,-0.004838478,0.9980595,-0.06207947,0.6251388,-0.04543514,-0.77919,moving,-13.12178161257043,0.8898620148114318,-1.6507894105700236,4.5646009669417635,1.3268460000000002,0.0729318,-1.5442280000000002,-0.22699559058415958,0.015124988905931367,0.9737783339596259,-12.647644148645005,1.371998922780708,12.037552541460542,12.045221810521301,11.450917951968021
2538,05/05/2023 15:32:28.996752,2721,True,True,True,True,Eyes,1.986285,0.005762924,-1.686031,0.7810956,-0.01743739,-0.6241678,0.0,0.0,0.0,0.0,0.0,0.0,0.0,0.5807467,-0.1122666,-2.719785,2.136516,0.009996911,-1.783898,-0.01332808,0.9445865,-0.02949107,0.3266635,2.694246,141.7865,357.4497,0.759419,0.001703424,-0.6505992,0.0,0.0,0.0,3.44692,0.08458148,-3.342514,-0.05560935,0.1647966,2.039365,-0.7862269,-0.04444636,-0.6163378,-0.005911736,0.9979053,-0.06442133,0.61791,-0.04700614,-0.7848427,moving,-13.219538481620383,1.0707040499990148,-1.5619527263239286,4.619907523522381,1.3104040000000001,0.074584569,-1.558616,-0.22864499859419934,0.018191221325699794,0.9733398099074906,-12.74605861239721,1.546408439898802,12.178228069635368,12.185899677026768,11.59873359845522
2539,05/05/2023 15:32:29.006948,2722,True,True,True,True,Eyes,1.993063,0.005899195,-1.690764,0.7762536,-0.01545561,-0.6302313,0.0,0.0,0.0,0.0,0.0,0.0,0.0,0.6077774,-0.1084133,-2.724021,2.144259,0.009999502,-1.789829,-0.01439882,0.9460365,-0.02940485,0.3224019,2.65671,142.3011,357.3489,0.7597141,0.001754085,-0.6502543,0.0,0.0,0.0,3.437025,0.08293999,-3.363144,-0.05238831,0.1668391,2.039628,-0.7916996,-0.04620398,-0.6091611,-0.008283257,0.9978561,-0.06492054,0.6108546,-0.04635172,-0.7903851,moving,-13.295585698238522,1.1223462437832994,-1.4713316500900486,4.676314107712131,1.2927660000000003,0.072940488,-1.5733150000000002,-0.22993297289833275,0.019062569544621235,0.973019766145382,-12.82271752916596,1.5953480935903959,12.338818953031772,12.346808145144008,11.762070946727755
2540,05/05/2023 15:32:29.026730,2723,True,True,True,True,Eyes,1.999881,0.006001764,-1.695554,0.7712163,-0.01342974,-0.6364315,0.0,0.0,0.0,0.0,0.0,0.0,0.0,0.6360476,-0.1048748,-2.72782,2.152117,0.009718917,-1.795787,-0.01557184,0.9475191,-0.02952927,0.3179519,2.639799,142.8365,357.2293,0.7599995,0.001804386,-0.6499193,0.0,0.0,0.0,3.42789,0.08621667,-3.383113,-0.04920423,0.168858,2.039887,-0.7973285,-0.04828699,-0.6016113,-0.01073145,0.9977711,-0.06586128,0.6034505,-0.0460569,-0.7960694,moving,-13.38111161699168,1.1921059399561267,-1.38176680586114,4.7320479470503205,1.275773,0.076497753,-1.5873259999999998,-0.231379792195205,0.02024010651898396,0.9726529305698988,-12.908918254407709,1.6617664784079826,12.502295284364918,12.510614106029946,11.929033859220025
2541,05/05/2023 15:32:29.046881,2724,True,True,True,True,Eyes,2.006747,0.006058513,-1.700389,0.7660779,-0.01143861,-0.6426458,0.0,0.0,0.0,0.0,0.0,0.0,0.0,0.6653663,-0.09706791,-2.731395,2.160105,0.008985501,-1.80181,-0.01691153,0.9490522,-0.02898123,0.3133276,2.54544,143.3949,357.1162,0.7602749,0.001852855,-0.6495958,0.0,0.0,0.0,3.418061,0.0885067,-3.403492,-0.04596448,0.1709122,2.040151,-0.8030797,-0.05026109,-0.5937482,-0.01393862,0.9977482,-0.06560709,0.5957087,-0.04441169,-0.8019718,moving,-13.481058253572334,1.182649372185571,-1.2906521373108584,4.788731446065265,1.2579559999999996,0.07952119899999999,-1.601682,-0.23307690597752995,0.02007120659163754,0.9722510568215801,-13.009755802616457,1.6507568099827212,12.703806019293868,12.712585464921824,12.131952667846859
2542,05/05/2023 15:32:29.056789,2725,True,True,True,True,Eyes,2.18039,0.006793827,-1.822188,0.6147478,0.03941493,-0.7877384,0.0,0.0,0.0,0.0,0.0,0.0,0.0,0.6951215,-0.09074689,-2.734512,2.168219,0.00793667,-1.807692,-0.01792433,0.9505688,-0.02862933,0.3086714,2.485287,143.956,357.0308,0.7605413,0.001897906,-0.6492828,0.0,0.0,0.0,3.407514,0.09307947,-3.424129,-0.04274577,0.1729531,2.040411,-0.8088014,-0.05175073,-0.5858006,-0.0164025,0.9977182,-0.06549375,0.5878532,-0.04336284,-0.8078046,moving,-2.1728987907967405,4.639799866844374,-1.200147425415023,4.845029533781083,1.2392949999999998,0.08514279999999999,-1.6164370000000001,-0.03779107864422249,0.08083352972868714,0.9960110220237587,-1.5981119180016419,5.22192389827827,0.9913806525294591,0.9941651950470546,0.5481104809702726
2543,05/05/2023 15:32:29.076782,2726,True,True,True,True,Eyes,2.180727,0.006766388,-1.822435,0.6144251,0.03949008,-0.7879862,0.0,0.0,0.0,0.0,0.0,0.0,0.0,0.725122,-0.08703142,-2.737542,2.176642,0.007233582,-1.813751,-0.01876331,0.9520494,-0.0286552,0.3040208,2.473279,144.5142,356.9504,0.7613418,0.001949543,-0.6483441,0.5209293,0.002205941,-0.3653959,3.397011,0.09603004,-3.444394,-0.03962696,0.1749308,2.040664,-0.8144384,-0.05315075,-0.5778103,-0.01830364,0.9976537,-0.0659712,0.579961,-0.04315345,-0.8135003,moving,-2.714321210185785,4.601501151234298,-1.1124674335482438,4.899559114593821,1.2203689999999998,0.088796458,-1.630643,-0.047203823477785845,0.08013560818068757,0.995665608861452,-2.144345967173998,5.174877682049225,1.6247229034846273,1.6293477441141841,1.0679764144134143
2544,05/05/2023 15:32:29.096478,2727,True,True,True,True,Eyes,2.181418,0.006695383,-1.82291,0.613717,0.03967818,-0.7885284,0.0,0.0,0.0,0.0,0.0,0.0,0.0,0.7555749,-0.08012608,-2.74036,2.185081,0.00657685,-1.819962,-0.01973665,0.9535472,-0.02810577,0.29928,2.394904,145.0847,356.8752,0.7620224,0.001994279,-0.6475443,0.4896736,0.002073584,-0.3434722,3.38668,0.09767659,-3.464713,-0.03636551,0.1769986,2.04093,-0.8200841,-0.05446263,-0.5696456,-0.02081666,0.9976411,-0.06541391,0.5718645,-0.04178679,-0.8192833,moving,-3.236203732438856,4.503167471965248,-1.0207943349283677,4.9565454227005,1.2015990000000003,0.09109974,-1.644751,-0.056278665548884166,0.07838976893130342,0.9953329631809678,-2.6709355442926075,5.069699697347298,2.255229461021968,2.2613249135828934,1.6540162939683873
2545,05/05/2023 15:32:29.116420,2728,True,True,True,True,Eyes,2.182419,0.006602375,-1.823607,0.6127159,0.0397223,-0.7893043,0.0,0.0,0.0,0.0,0.0,0.0,0.0,0.7876015,-0.07331109,-2.742596,2.193687,0.00530315,-1.826262,-0.02012454,0.9551139,-0.02734871,0.2942866,2.315237,145.6869,356.871,0.762603,0.002031322,-0.6468606,0.4602932,0.001949169,-0.3228638,3.375694,0.1017983,-3.485217,-0.03298336,0.1791431,2.041205,-0.8259808,-0.05453917,-0.5610536,-0.02234574,0.9976941,-0.06408703,0.5632552,-0.0403975,-0.8252949,moving,-3.76178345499691,4.39819065981266,-0.925748696495705,5.015621548587445,1.182007,0.09649514999999999,-1.658955,-0.06541596760975249,0.07652328043040253,0.9949195203444549,-3.201262356244613,4.957983796284513,2.895014237113317,2.902466891084239,2.2762435120598155
2546,05/05/2023 15:32:29.126930,2729,True,True,True,True,Eyes,2.183748,0.006511022,-1.824532,0.6114139,0.03981651,-0.7903086,0.0,0.0,0.0,0.0,0.0,0.0,0.0,0.8198451,-0.08020256,-2.743746,2.202172,0.00471375,-1.832249,-0.01992507,0.9565824,-0.0289391,0.2893363,2.512376,146.2731,356.8518,0.7631009,0.002060764,-0.6462733,0.4326756,0.001832219,-0.303492,3.364273,0.105091,-3.505834,-0.02999365,0.1810389,2.041449,-0.8317751,-0.05486622,-0.5523949,-0.02137369,0.997531,-0.06689537,0.5547013,-0.04383519,-0.8308942,moving,-4.2677015130267355,4.573489905581037,-0.8417481494954652,5.067822199694049,1.1621009999999998,0.10037725,-1.673585,-0.07418094113592433,0.07951802401064456,0.9940694475967871,-3.711439105259207,5.119653047124584,3.4512094664381334,3.461433354275979,2.87015898833803
2547,05/05/2023 15:32:29.146633,2730,True,True,True,True,Eyes,2.185371,0.006394745,-1.825669,0.609828,0.0399862,-0.7915244,0.0,0.0,0.0,0.0,0.0,0.0,0.0,0.8534269,-0.07702571,-2.745189,2.211127,0.004599391,-1.838811,-0.02062582,0.9581226,-0.02892718,0.2841464,2.5052,146.8926,356.7888,0.7635321,0.002083491,-0.645764,0.406715,0.001722286,-0.2852825,3.35304,0.09933227,-3.526173,-0.02673966,0.1831023,2.041713,-0.8376711,-0.05596324,-0.5433009,-0.02308502,0.9974756,-0.06715308,0.5456875,-0.04371006,-0.8368483,moving,-4.778114086411265,4.544554229822204,-0.750341540444158,5.124617856903006,1.1419130000000002,0.094732879,-1.687362,-0.08303711799266555,0.07896065207629503,0.9934133148035404,-4.226379659831995,5.082285566323517,4.057382841853791,4.069327400628817,3.476295877836499
2548,05/05/2023 15:32:29.156827,2731,True,True,True,True,Eyes,2.187301,0.0062702,-1.827007,0.6079894,0.04013156,-0.7929302,0.0,0.0,0.0,0.0,0.0,0.0,0.0,0.8859957,-0.06912309,-2.746301,2.219909,0.003866989,-1.844972,-0.02103174,0.9596173,-0.02786666,0.2791343,2.392295,147.4956,356.7914,0.7639246,0.002099735,-0.6453,0.3823121,0.001618949,-0.2681655,3.340634,0.10148,-3.547452,-0.02327108,0.1853018,2.041996,-0.8432835,-0.05592191,-0.534552,-0.02480775,0.9975623,-0.06522401,0.5368963,-0.0417413,-0.8426152,moving,-5.2417464062261745,4.415515530576534,-0.6529282874347924,5.185128411195396,1.1207250000000002,0.097613011,-1.7024799999999998,-0.09108926425579611,0.07666895850342634,0.9928869882477922,-4.6942405325670284,4.948243844007316,4.640083377251078,4.65290830700139,4.048248875850846
2549,05/05/2023 15:32:29.176836,2732,True,True,True,True,Eyes,2.189512,0.006146988,-1.828556,0.6058997,0.04037498,-0.7945158,0.0,0.0,0.0,0.0,0.0,0.0,0.0,0.9173958,-0.07133678,-2.747427,2.228774,0.003488513,-1.851381,-0.02086606,0.9609773,-0.02845277,0.2743682,2.477954,148.0617,356.803,0.7642816,0.002109776,-0.6448771,0.3593734,0.001521812,-0.2520756,3.328947,0.106421,-3.567078,-0.02041298,0.1871139,2.04223,-0.8485736,-0.05571669,-0.5261357,-0.02449055,0.9975101,-0.06613489,0.5285105,-0.04323497,-0.8478253,moving,-5.663008893421303,4.494359853414085,-0.5726772465760711,5.234957727475017,1.1001729999999998,0.102932487,-1.715697,-0.09837681534428261,0.07798084687718942,0.9920891752472478,-5.119124594184949,5.0174738430141534,5.128975919986933,5.143924716200428,4.55164615546727
2550,05/05/2023 15:32:29.186433,2733,True,True,True,True,Eyes,2.192016,0.005995505,-1.830289,0.6035818,0.04068172,-0.7962625,0.0,0.0,0.0,0.0,0.0,0.0,0.0,0.9487742,-0.06191638,-2.748765,2.2378,0.003373947,-1.857944,-0.02163734,0.962349,-0.02719668,0.2695863,2.331387,148.6356,356.7693,0.7646073,0.002114275,-0.6444911,0.337811,0.001430503,-0.2369511,3.318223,0.1048142,-3.586508,-0.01721048,0.1891447,2.04249,-0.8537102,-0.05630904,-0.5176952,-0.02698162,0.9975843,-0.06401166,0.5200491,-0.04067913,-0.8531672,moving,-6.064795399082065,4.340818353014272,-0.4827756956262797,5.290783649233169,1.0804230000000001,0.101440253,-1.7285639999999998,-0.10535339102059721,0.07526789395045187,0.991582254621558,-5.524622506929393,4.86067495497938,5.646959381309326,5.66227675354966,5.060159360881836
2551,05/05/2023 15:32:29.206894,2734,True,True,True,True,Eyes,2.194772,0.005879649,-1.832206,0.6010397,0.04074647,-0.7981799,0.0,0.0,0.0,0.0,0.0,0.0,0.0,0.9814823,-0.05234198,-2.749149,2.246723,0.002446187,-1.86443,-0.02242508,0.9637525,-0.0261142,0.2645684,2.204674,149.2357,356.7275,0.7649066,0.002112801,-0.6441359,0.3175423,0.001344673,-0.222734,3.306845,0.1118382,-3.6058,-0.01390517,0.1912408,2.042758,-0.8590015,-0.05704244,-0.5087855,-0.02940647,0.9976303,-0.06220118,0.5111281,-0.03846931,-0.8586434,moving,-6.477535319245095,4.191330619750004,-0.39000960923119277,5.348380116780346,1.0601220000000002,0.109392013,-1.7413699999999999,-0.11251576111871489,0.07262319017866337,0.9909925450303403,-5.941165746596619,4.707628056849987,6.180814877724165,6.196509727956411,5.588013749420704
2552,05/05/2023 15:32:29.226856,2735,True,True,True,True,Eyes,2.197794,0.005765685,-1.834334,0.5979563,0.04132856,-0.8004625,0.0,0.0,0.0,0.0,0.0,0.0,0.0,1.013947,-0.06580912,-2.748607,2.255596,0.003237457,-1.870704,-0.02253253,0.9649848,-0.02901987,0.2597202,2.539215,149.7978,356.6395,0.7651823,0.002107173,-0.6438072,0.2984898,0.001263993,-0.2093699,3.294649,0.1171581,-3.625102,-0.01090932,0.1931402,2.043001,-0.8640756,-0.05856118,-0.4999443,-0.028413,0.9973002,-0.06771176,0.5025598,-0.04430316,-0.8634067,moving,-6.850572836986337,4.5304228999143215,-0.30594799145503426,5.400548880227218,1.039053,0.113920643,-1.7543980000000001,-0.118912965990318,0.07842797954758393,0.989802383827743,-6.317107396056696,5.031246498216307,6.582258785753059,6.602214294489471,6.022492975246209
2553,05/05/2023 15:32:29.246645,2736,True,True,True,True,Eyes,2.201037,0.005628345,-1.836618,0.5946602,0.04195688,-0.8028816,0.0,0.0,0.0,0.0,0.0,0.0,0.0,1.049287,-0.03628916,-2.748528,2.265047,0.003068808,-1.877838,-0.02494203,0.9665114,-0.02480868,0.2542013,2.021536,150.4672,356.5106,0.7654372,0.002097862,-0.6435033,0.2805804,0.001188153,-0.1968077,3.283618,0.1077781,-3.644197,-0.007762432,0.1951356,2.043257,-0.8695195,-0.0608263,-0.4901393,-0.03560071,0.9975249,-0.06063633,0.4926144,-0.03527515,-0.8695328,moving,-7.261681465993977,4.009658738468079,-0.2176683856685154,5.455329430668227,1.0185710000000001,0.104709292,-1.7663590000000002,-0.12609674657420636,0.06936649672864063,0.9895897617179202,-6.732422555157784,4.516549189357345,7.173772583293812,7.190833333215466,6.582046051977571
2554,05/05/2023 15:32:29.256736,2737,True,True,True,True,Eyes,2.204489,0.005587148,-1.839104,0.5909807,0.04229444,-0.8055762,0.0,0.0,0.0,0.0,0.0,0.0,0.0,1.081519,-0.02881321,-2.747345,2.273684,0.002354286,-1.883819,-0.02529824,0.9678009,-0.02385744,0.2493037,1.923472,151.0509,356.5087,0.7656739,0.002084414,-0.6432211,0.2637456,0.001116864,-0.1849993,3.268544,0.1280156,-3.664545,-0.004425347,0.1972517,2.04353,-0.8744153,-0.06086282,-0.4813456,-0.03707182,0.9975816,-0.05879239,0.4837599,-0.0335646,-0.874557,moving,-7.578146127985818,3.9128150708489065,-0.12407613767830224,5.513393625593018,0.9948600000000001,0.125661314,-1.780726,-0.1315762356817031,0.0676451757062829,0.988995372001984,-7.051783387146356,4.416517126283674,7.606472720118093,7.623976070942893,7.014004974981794
2555,05/05/2023 15:32:29.276437,2738,True,True,True,True,Eyes,2.20817,0.005611124,-1.841797,0.5870135,0.04318826,-0.8084243,0.0,0.0,0.0,0.0,0.0,0.0,0.0,1.113702,-0.0436094,-2.7466,2.282688,0.004726418,-1.890861,-0.02586892,0.9689236,-0.02706989,0.2445107,2.281367,151.6015,356.364,0.7658937,0.002070585,-0.642959,0.2479209,0.001049852,-0.1738993,3.256122,0.1325947,-3.682321,-0.001284897,0.1992429,2.043785,-0.879091,-0.06336775,-0.4724237,-0.03689224,0.9971961,-0.06510777,0.4752248,-0.03980685,-0.8789638,moving,-7.887752594960949,4.2867957249354935,-0.03602099316211019,5.568011234471394,0.9734340000000001,0.127868282,-1.79146,-0.13685608508612074,0.0740455956247677,0.987819611851294,-7.363696080282747,4.775262956151628,7.933585740259088,7.955576806779122,7.370432281432845
2556,05/05/2023 15:32:29.286624,2739,True,True,True,True,Eyes,2.212048,0.005643388,-1.844642,0.5827178,0.04401323,-0.8114818,0.0,0.0,0.0,0.0,0.0,0.0,0.0,1.150105,0.0007916763,-2.744913,2.291975,0.006183932,-1.898447,-0.02968127,0.9704279,-0.0205446,0.2386769,1.472987,152.315,356.1332,0.766098,0.002058665,-0.6427154,0.2330456,0.0009868609,-0.1634654,3.24491,0.1239785,-3.701544,0.001972914,0.2013088,2.04405,-0.8843048,-0.0674141,-0.4620179,-0.04780002,0.9973939,-0.05404257,0.4644571,-0.02570563,-0.8852226,moving,-8.256563915721115,3.469904430034905,0.05530178343945007,5.624651512323211,0.9529350000000001,0.117794568,-1.8030970000000002,-0.1433481367950507,0.059899166647449396,0.9878579412524058,-7.736674456391594,3.972853462368187,8.57005407066375,8.586620195950902,7.965132172156765
2557,05/05/2023 15:32:29.306972,2740,True,True,True,True,Eyes,2.216126,0.005771985,-1.847653,0.5782011,0.0445617,-0.8146765,0.0,0.0,0.0,0.0,0.0,0.0,0.0,1.188187,0.005424209,-2.740383,2.300589,0.006410494,-1.904932,-0.03096462,0.9718269,-0.0207795,0.2327275,1.488455,153.0134,355.9929,0.7662885,0.002048732,-0.6424881,0.2190629,0.0009276493,-0.1536574,3.227243,0.1560492,-3.721451,0.005095422,0.2032887,2.044304,-0.8897583,-0.06985641,-0.4510548,-0.05051256,0.9972188,-0.05480079,0.4536286,-0.02597552,-0.8908123,moving,-8.648845336721768,3.472097421549326,0.1428092743859887,5.678909739568245,0.9266540000000001,0.149638706,-1.816519,-0.150108412484088,0.05987625028390637,0.9868547795667789,-8.132408412789802,3.967934620441267,9.046540430782677,9.064392500767624,8.45024636495402
2558,05/05/2023 15:32:29.326578,2741,True,True,True,True,Eyes,2.220427,0.005966276,-1.85083,0.5733737,0.04543004,-0.8180335,0.0,0.0,0.0,0.0,0.0,0.0,0.0,1.225962,-0.008145206,-2.736091,2.309525,0.008906866,-1.911873,-0.03164881,0.9730937,-0.0239143,0.2269699,1.843813,153.6746,355.8431,0.7664666,0.002043905,-0.6422756,0.2059191,0.0008719903,-0.144438,3.210311,0.1574678,-3.741245,0.008292675,0.2053162,2.044563,-0.8949662,-0.07245016,-0.4402122,-0.05073886,0.9968529,-0.06090836,0.4432397,-0.03217505,-0.8958258,moving,-9.013950363199196,3.832603222305365,0.23238837489473999,5.734450948894159,0.9007860000000001,0.14856093399999998,-1.8293720000000002,-0.15633313419822664,0.06601981590820848,0.985495525391946,-8.500323621918264,4.312555755214337,9.417803766562344,9.4399049166137,8.847714098064626
2559,05/05/2023 15:32:29.346752,2742,True,True,True,True,Eyes,2.224887,0.006131779,-1.854141,0.5683572,0.04621256,-0.8214831,0.0,0.0,0.0,0.0,0.0,0.0,0.0,1.264074,0.02101751,-2.731582,2.318681,0.01052567,-1.919237,-0.03355579,0.974528,-0.01924015,0.2209056,1.299282,154.408,355.7607,0.7666338,0.002045913,-0.642076,0.193564,0.0008196709,-0.1357717,3.195078,0.148967,-3.761359,0.01147908,0.2073365,2.044823,-0.9001496,-0.07390264,-0.4292661,-0.0569016,0.9970076,-0.05232545,0.4318486,-0.0226748,-0.9016613,moving,-9.360670260607282,3.2952495974832123,0.32163953940632567,5.789764778617897,0.8763969999999999,0.13844132999999997,-1.842122,-0.1623868784363829,0.05671831472032964,0.985095693608584,-8.85070160674049,3.7828558102071366,9.979496449389261,9.998486338058925,9.389330418554104
2560,05/05/2023 15:32:29.357669,2743,True,True,True,True,Eyes,2.229489,0.006296488,-1.857583,0.5632613,0.04663887,-0.8249615,0.0,0.0,0.0,0.0,0.0,0.0,0.0,1.300048,0.01765532,-2.726395,2.327056,0.0100147,-1.925713,-0.03232892,0.975805,-0.01940192,0.2153675,1.37178,155.0587,355.9015,0.7667912,0.00205304,-0.6418881,0.1819501,0.0007704906,-0.1276254,3.176619,0.1718705,-3.780526,0.01479155,0.2094367,2.045093,-0.9051436,-0.07145053,-0.4190589,-0.05473636,0.9971568,-0.05179018,0.4215678,-0.02393978,-0.9064811,moving,-9.656648194608245,3.3960044054762855,0.4143961227672676,5.847240609830005,0.8495630000000003,0.16185580000000002,-1.854813,-0.16745721601691937,0.058400296567518314,0.9841480777400855,-9.149173033877924,3.8756831890284524,10.344165968994872,10.365061146567156,9.764675810156367
2561,05/05/2023 15:32:29.376647,2744,True,True,True,True,Eyes,2.234214,0.0064773,-1.861176,0.5580549,0.04702752,-0.8284704,0.0,0.0,0.0,0.0,0.0,0.0,0.0,1.331898,-0.01030029,-2.722539,2.335001,0.01023213,-1.93234,-0.0291738,0.9768583,-0.02299609,0.2106369,1.870333,155.6011,356.1743,0.7669395,0.00206471,-0.6417109,0.1710331,0.0007242612,-0.1199679,3.161544,0.1705711,-3.798224,0.01788896,0.2114008,2.045345,-0.9095622,-0.066685,-0.4101831,-0.0473097,0.9972402,-0.057218,0.4128667,-0.03263768,-0.9102068,moving,-9.862966782874501,3.951586953737382,0.5011065487814128,5.900968846910361,0.826543,0.16033897,-1.8658839999999999,-0.17089702564512627,0.06789974805018291,0.9829465364748435,-9.356683895350258,4.413194527747212,10.518914082960551,10.545809868823351,9.969428512466251
2562,05/05/2023 15:32:29.396385,2745,True,True,True,True,Eyes,2.238995,0.006625088,-1.864921,0.5528103,0.04733761,-0.8319615,0.0,0.0,0.0,0.0,0.0,0.0,0.0,1.361248,-0.01512216,-2.719744,2.342757,0.01080816,-1.939485,-0.02740933,0.977873,-0.02269534,0.2061506,1.896002,156.1312,356.3881,0.7670788,0.00208099,-0.6415445,0.1607711,0.0006808055,-0.1127698,3.150264,0.1549153,-3.815137,0.02111149,0.2134439,2.045607,-0.9135016,-0.062963,-0.4019341,-0.04424836,0.9974673,-0.05568723,0.4044223,-0.03308543,-0.9139739,moving,-10.020208375429494,4.022677117974402,0.5912945809607866,5.9568334397279585,0.8075069999999998,0.14410714,-1.875652,-0.17357978173949512,0.0690863851011089,0.9823935796582665,-9.515230430740537,4.479619190399128,10.757725848423718,10.786331891354859,10.213912558396247
2563,05/05/2023 15:32:29.406892,2746,True,True,True,True,Eyes,2.243858,0.006766188,-1.868796,0.5474351,0.04743108,-0.8355029,0.0,0.0,0.0,0.0,0.0,0.0,0.0,1.39029,-0.0193155,-2.716193,2.349937,0.01027494,-1.94645,-0.0263641,0.9788362,-0.02304635,0.2016277,1.976279,156.6609,356.5061,0.7672082,0.002100249,-0.64139,0.1511249,0.0006399571,-0.1060036,3.138247,0.1566173,-3.831215,0.02448928,0.215586,2.045882,-0.9173027,-0.06090583,-0.3935058,-0.04231868,0.9975476,-0.05574866,0.3959362,-0.03448573,-0.9176306,moving,-10.178753776587461,4.120328788105798,0.6857997570995712,6.0153765399279555,0.7883099999999996,0.14634235999999998,-1.8847649999999998,-0.17627722408396893,0.07072618419032124,0.9817963837321431,-9.675062383995085,4.571895353565072,10.997884854134016,11.028586920727316,10.460932188010405
2564,05/05/2023 15:32:29.426848,2747,True,True,True,True,Eyes,2.248749,0.006935743,-1.872829,0.5419771,0.04755812,-0.8390465,0.0,0.0,0.0,0.0,0.0,0.0,0.0,1.42109,-0.03110754,-2.711138,2.356858,0.0103026,-1.953419,-0.02602507,0.9797707,-0.02544838,0.1967853,2.270908,157.2173,356.4993,0.7673275,0.00212193,-0.6412473,0.1420574,0.0006015597,-0.0996434,3.125547,0.155059,-3.847036,0.02760404,0.2175613,2.046135,-0.9211964,-0.06101292,-0.3842843,-0.04098146,0.9973502,-0.06010985,0.3869335,-0.03962445,-0.9212558,moving,-10.384510244602872,4.4108892274010625,0.7729201879207394,6.069337652021662,0.7686890000000002,0.1447564,-1.893617,-0.17973662070851798,0.07565604574149512,0.9808011474216564,-9.882304247243395,4.851244931439802,11.24472219240469,11.280013520990591,10.724623892689822
2565,05/05/2023 15:32:29.446768,2748,True,True,True,True,Eyes,2.253713,0.007119863,-1.877003,0.5362946,0.04777179,-0.8426779,0.0,0.0,0.0,0.0,0.0,0.0,0.0,1.455101,-0.02662244,-2.704437,2.363764,0.0112776,-1.96074,-0.02767142,0.9808076,-0.02587763,0.1912621,2.302591,157.857,356.3173,0.7674357,0.002146735,-0.641118,0.1335339,0.0005654661,-0.0936648,3.1113,0.1463453,-3.863711,0.03080612,0.2195915,2.046395,-0.9253062,-0.06417949,-0.3737505,-0.04438185,0.9971293,-0.06134695,0.3766148,-0.04017697,-0.9254984,moving,-10.65410778867875,4.407279812691494,0.8624568304693487,6.124773452305845,0.7475359999999998,0.1350677,-1.902971,-0.18435143692861822,0.07552860762758482,0.9799541122876958,-10.154280319727283,4.842880122267088,11.60725851922243,11.643927388520144,11.091066132077675
2566,05/05/2023 15:32:29.456785,2749,True,True,True,True,Eyes,2.258613,0.007289574,-1.881343,0.5290037,0.04902356,-0.8472023,0.0,0.0,0.0,0.0,0.0,0.0,0.0,1.491195,-0.01284841,-2.696337,2.37062,0.01179673,-1.968268,-0.02996385,0.9819101,-0.02502839,0.1852792,2.18051,158.5543,356.0912,0.7675322,0.002174812,-0.6410025,0.1255219,0.0005315382,-0.0880449,3.093228,0.147872,-3.881239,0.03404301,0.221644,2.046657,-0.9295477,-0.0681181,-0.3623551,-0.04956914,0.9969515,-0.0602546,0.3653549,-0.03804789,-0.9300905,moving,-10.870994717791154,4.303460166291271,0.9529398134194159,6.180794719388737,0.7226079999999997,0.13607527,-1.912971,-0.188085413549619,0.0736997020225845,0.9793835777190181,-10.373194238152728,4.737843291538716,11.935395438805724,11.972042967789891,11.4176802099777
2567,05/05/2023 15:32:29.476493,2750,True,True,True,True,Eyes,2.263548,0.007461151,-1.885796,0.5215661,0.05005059,-0.8517416,0.0,0.0,0.0,0.0,0.0,0.0,0.0,1.526944,-0.007293083,-2.687342,2.377079,0.0115836,-1.975546,-0.03095135,0.9829817,-0.02500967,0.1793419,2.181569,159.2443,355.9935,0.7676148,0.002205316,-0.6409037,0.1179906,0.0004996459,-0.08276221,3.072906,0.1542849,-3.898987,0.03709048,0.2235767,2.046906,-0.933757,-0.06981979,-0.3510314,-0.05187867,0.9968331,-0.06026985,0.3541277,-0.03806635,-0.934422,moving,-11.072525310357664,4.333809925498067,1.0381011237970341,6.233515272540325,0.695827,0.1427013,-1.923441,-0.19152243308126746,0.07416826647226633,0.9786818876806951,-10.576465668151748,4.763784064935156,12.220470319120729,12.258717430189321,11.707188884922287
2568,05/05/2023 15:32:29.496652,2751,True,True,True,True,Eyes,2.268523,0.007642618,-1.890361,0.5140134,0.05101726,-0.8562636,0.0,0.0,0.0,0.0,0.0,0.0,0.0,1.562621,-0.01592651,-2.677321,2.383006,0.01184162,-1.982731,-0.03091497,0.9839926,-0.027038,0.1734127,2.435132,159.9247,355.9699,0.7676835,0.002238033,-0.6408216,0.1109111,0.0004696671,-0.07779648,3.052723,0.1557264,-3.916197,0.04027826,0.2255975,2.047164,-0.9379448,-0.07021766,-0.3396017,-0.05146274,0.9966265,-0.06393247,0.3429453,-0.04248829,-0.9383942,moving,-11.275274296261827,4.6278298934629785,1.1271576603443338,6.288621153275661,0.6697169999999999,0.14388478,-1.933466,-0.19490974764845823,0.0791356629610195,0.9776234581891753,-10.78066967005378,5.046557839595864,12.469614017839946,12.513134940809834,11.972429703521566
2569,05/05/2023 15:32:29.507051,2752,True,True,True,True,Eyes,2.273505,0.007851191,-1.895038,0.5062386,0.05179226,-0.8608369,0.0,0.0,0.0,0.0,0.0,0.0,0.0,1.600947,-0.02058531,-2.665185,2.388697,0.0122485,-1.990135,-0.03095083,0.9850804,-0.02828919,0.1669089,2.602255,160.6748,355.9576,0.7677382,0.002273045,-0.6407562,0.1042565,0.0004414871,-0.07312869,3.032577,0.1487091,-3.933384,0.04357362,0.2276871,2.047433,-0.9423672,-0.07042152,-0.3270861,-0.05153466,0.9964836,-0.06606617,0.3305884,-0.0454023,-0.9426825,moving,-11.52651425904322,4.822980378281868,1.2191889567444247,6.345569468592823,0.6438799999999998,0.13646060000000002,-1.9432490000000002,-0.19914197914903142,0.08239350058059923,0.9765008499382677,-11.03390293048711,5.232145583451313,12.788361346065274,12.836324551945289,12.303575640639712
2570,05/05/2023 15:32:29.526454,2753,True,True,True,True,Eyes,2.278516,0.008114375,-1.89982,0.4982606,0.05244202,-0.8654399,0.0,0.0,0.0,0.0,0.0,0.0,0.0,1.642405,-0.02849688,-2.650125,2.394024,0.01314233,-1.997482,-0.0307728,0.986219,-0.02998429,0.1597691,2.826347,161.4963,355.9651,0.7677788,0.002311007,-0.6407077,0.09800108,0.0004149979,-0.06874097,3.009667,0.144927,-3.950963,0.04683512,0.2297549,2.047699,-0.9470541,-0.07027856,-0.3132892,-0.05111632,0.996308,-0.06897523,0.31698,-0.04930906,-0.9471499,moving,-11.841252535339091,5.068042290661611,1.3102447783584255,6.401897150351695,0.6156429999999999,0.13178467,-1.9534809999999998,-0.20443213367574398,0.08647307600163343,0.9750538043275608,-11.351137627266104,5.465212642275076,13.165211923236376,13.218965556310065,12.695982919377652
2571,05/05/2023 15:32:29.546454,2754,True,True,True,True,Eyes,2.28352,0.008390055,-1.90471,0.4900455,0.05315594,-0.8700746,0.0,0.0,0.0,0.0,0.0,0.0,0.0,1.685606,-0.04006267,-2.633157,2.399202,0.01467353,-2.004993,-0.03004701,0.9873688,-0.03186717,0.152265,3.082801,162.3599,356.0354,0.7678052,0.002353426,-0.6406762,0.09212101,0.000390098,-0.06461652,2.984046,0.1395171,-3.968827,0.04993749,0.2317224,2.047953,-0.9518254,-0.06903946,-0.2987683,-0.04963045,0.9961633,-0.07207949,0.3025983,-0.05377907,-0.9516,moving,-12.183247519170514,5.36107397134147,1.396829195955709,6.455464686551248,0.5848440000000004,0.12484357,-1.9638340000000003,-0.2101567034852376,0.09134536901097523,0.9733910514963449,-11.695815141816258,5.744519346760846,13.563138991970428,13.624102709031916,13.111932696271822
2572,05/05/2023 15:32:29.556768,2755,True,True,True,True,Eyes,2.409216,0.01509304,-2.028828,0.265517,0.07138492,-0.9614598,0.0,0.0,0.0,0.0,0.0,0.0,0.0,1.727617,-0.03532254,-2.616205,2.404176,0.01522187,-2.012496,-0.02924559,0.9885595,-0.03039891,0.1448132,2.95961,163.2333,356.1747,0.7678171,0.002400232,-0.640662,0.08659375,0.0003666921,-0.06073952,2.95667,0.1337897,-3.986857,0.05328238,0.2338436,2.048224,-0.9563478,-0.06662634,-0.2845348,-0.04901769,0.9964412,-0.06857255,0.2880909,-0.05163196,-0.9562102,moving,0.8595822695255932,7.126437170252287,1.4901529949073435,6.513198275394428,0.5524939999999998,0.11856783000000001,-1.974361,0.014886110756785309,0.12404559669163256,0.9921648677293503,1.463874334391529,7.6988260234151245,0.8773709757424994,0.8795915994795283,1.185918936890348
2573,05/05/2023 15:32:29.576520,2756,True,True,True,True,Eyes,2.409386,0.01510694,-2.029126,0.264969,0.07120878,-0.961624,0.0,0.0,0.0,0.0,0.0,0.0,0.0,1.767064,-0.04439101,-2.599252,2.408695,0.01519345,-2.019544,-0.02813071,0.9895493,-0.0316878,0.1378285,3.150499,164.0395,356.3015,0.7674643,0.002690152,-0.6410836,0.458486,0.02045365,-0.4294498,2.928892,0.1406398,-4.003461,0.05633116,0.2357767,2.048472,-0.9604238,-0.06440841,-0.2709933,-0.04693849,0.9964091,-0.0704677,0.2745589,-0.05495885,-0.9599983,moving,0.0880663805542073,7.254646754817746,1.57518605873424,6.565784128500387,0.520197,0.12544635,-1.983917,0.0015247431980484338,0.12627927334818845,0.9919935478454089,0.6857075506849297,7.809846021814232,1.6301560354458084,1.638919355907158,1.5293338453971568
2574,05/05/2023 15:32:29.596518,2757,True,True,True,True,Eyes,2.409698,0.01514035,-2.029716,0.2640077,0.07125773,-0.9618847,0.0,0.0,0.0,0.0,0.0,0.0,0.0,1.807202,-0.05314416,-2.5813,2.413096,0.01558028,-2.026978,-0.02793701,0.9904642,-0.0336586,0.1306423,3.403983,164.8626,356.3163,0.7671659,0.002933764,-0.6414399,0.4309768,0.01922643,-0.4036828,2.902836,0.135726,-4.019219,0.05955034,0.237818,2.048731,-0.9643042,-0.06413568,-0.2569124,-0.04654674,0.9961732,-0.07397477,0.2606736,-0.05937576,-0.9635994,moving,-0.6953920281082366,7.461558018611656,1.6649441649603585,6.621296685365012,0.4897400000000003,0.12014572000000001,-1.9922409999999995,-0.012033826904501804,0.12985155449028446,0.9914603706879171,-0.10441841942099206,7.997318648942472,2.4894129070712565,2.505439293309454,2.2414460509359175
2575,05/05/2023 15:32:29.607294,2758,True,True,True,True,Eyes,2.410164,0.01517058,-2.030588,0.2624952,0.07133661,-0.9622928,0.0,0.0,0.0,0.0,0.0,0.0,0.0,1.847567,-0.04454201,-2.562735,2.417357,0.0160925,-2.034508,-0.02900224,0.9914004,-0.03304093,0.1232582,3.345915,165.7157,356.2293,0.7669089,0.003139554,-0.6417449,0.4051182,0.01807284,-0.3794618,2.875558,0.128814,-4.035242,0.06273174,0.2398352,2.04899,-0.9679327,-0.06565079,-0.2424799,-0.04936053,0.9961344,-0.07266311,0.246313,-0.05836406,-0.9674315,moving,-1.4689533360442788,7.357993399967714,1.7536159593118565,6.676117931421926,0.45820099999999986,0.11272150000000002,-2.000734,-0.025424303517155175,0.128027121534417,0.9914447719482167,-0.8849093156748249,7.882518510659138,3.27044918792377,3.293919704239415,2.9012442131484595
2576,05/05/2023 15:32:29.626406,2759,True,True,True,True,Eyes,2.410748,0.01519187,-2.031735,0.2606331,0.07164244,-0.9627761,0.0,0.0,0.0,0.0,0.0,0.0,0.0,1.888083,-0.03414614,-2.543409,2.421663,0.01604556,-2.042117,-0.03049139,0.9922704,-0.0325744,0.1157962,3.301126,166.5749,356.0912,0.7666847,0.003313802,-0.6420112,0.3808111,0.01698847,-0.3566941,2.846362,0.1330885,-4.05058,0.06592801,0.2418618,2.049252,-0.9713232,-0.06805538,-0.2278157,-0.05296742,0.9960184,-0.0717068,0.2317887,-0.05758366,-0.9710605,moving,-2.2358391462731784,7.278049840340878,1.8426695716271264,6.731162492139816,0.42469899999999994,0.11704294,-2.008463,-0.038699000950852616,0.12658970869760494,0.9912000321495328,-1.6586393532314412,7.790848937269675,4.084581299258717,4.1150114378469445,3.658155211207722
2577,05/05/2023 15:32:29.646704,2760,True,True,True,True,Eyes,2.411467,0.01519628,-2.033153,0.2583025,0.07197031,-0.9633795,0.0,0.0,0.0,0.0,0.0,0.0,0.0,1.926549,-0.02600301,-2.524686,2.425781,0.01588113,-2.049791,-0.03163241,0.99305,-0.03229359,0.1086653,3.282759,167.3954,355.9884,0.7664809,0.003464281,-0.6422532,0.3579624,0.01596916,-0.3352924,2.81657,0.1362897,-4.065585,0.06921241,0.2439445,2.04952,-0.9743823,-0.06984352,-0.2137772,-0.05580675,0.995913,-0.07101299,0.2178633,-0.05726361,-0.9742979,moving,-2.933065114064966,7.229027756043749,1.9341467965950785,6.7877072353244445,0.39078899999999983,0.12040857000000002,-2.0157939999999996,-0.05076359844329645,0.12567360994067314,0.9907720065108641,-2.3620612445849565,7.7305544137015705,4.850495932359068,4.887178693814966,4.398450219665298
2578,05/05/2023 15:32:29.656913,2761,True,True,True,True,Eyes,2.412323,0.01519115,-2.034823,0.2556908,0.07240008,-0.9640438,0.0,0.0,0.0,0.0,0.0,0.0,0.0,1.963587,-0.01744232,-2.506498,2.429836,0.01547651,-2.057708,-0.03251997,0.9937718,-0.03173115,0.1017518,3.236015,168.1924,355.9167,0.7662848,0.003599629,-0.642486,0.3364847,0.01501101,-0.3151749,2.7881,0.1383964,-4.079823,0.0723812,0.2459534,2.049777,-0.9771783,-0.07109225,-0.2001724,-0.05817743,0.9958712,-0.06968496,0.2043,-0.0564491,-0.9772797,moving,-3.584084675251775,7.160260118567455,2.0223735798854863,6.8422267127979435,0.35826400000000014,0.12291989,-2.0221150000000003,-0.062027657005826686,0.12440506848750799,0.9902908430395952,-3.0188919763897983,7.651855734524117,5.573260582086551,5.6154714329058875,5.105865016009417
2579,05/05/2023 15:32:29.676491,2762,True,True,True,True,Eyes,2.413283,0.01517243,-2.036748,0.2526586,0.07280956,-0.9648121,0.0,0.0,0.0,0.0,0.0,0.0,0.0,1.999408,-0.01344395,-2.488208,2.433581,0.01518729,-2.065537,-0.03316987,0.9944108,-0.03190957,0.09501986,3.276747,168.9651,355.8625,0.7660935,0.003721015,-0.6427131,0.3162956,0.01411035,-0.2962644,2.760453,0.141296,-4.093552,0.07550323,0.2479332,2.050031,-0.9797421,-0.07203304,-0.1868607,-0.05990487,0.9957631,-0.06976603,0.1910944,-0.05715885,-0.979906,moving,-4.190315965665638,7.181082741130478,2.109266626617173,6.895928491689107,0.32687199999999983,0.12610871,-2.028015,-0.07249949961761316,0.12467670223569241,0.9895451131517912,-3.630439203623781,7.661237117679085,6.258075970970091,6.3060331257429265,5.790502595692076
2580,05/05/2023 15:32:29.696437,2763,True,True,True,True,Eyes,2.414598,0.01514194,-2.038889,0.2472724,0.07280181,-0.9662071,0.0,0.0,0.0,0.0,0.0,0.0,0.0,2.034756,-0.007983595,-2.469738,2.437189,0.01484577,-2.073593,-0.03382701,0.9950112,-0.03179266,0.08830471,3.284499,169.7367,355.8107,0.7659039,0.003829369,-0.6429381,0.2973179,0.01326373,-0.2784885,2.733206,0.14128,-4.106804,0.07879493,0.2500205,2.050298,-0.9821159,-0.07293138,-0.1735774,-0.06170162,0.9956899,-0.06924226,0.1778792,-0.05729393,-0.982383,moving,-4.650361852600164,7.154015908347332,2.200848997983849,6.952521263783096,0.296017,0.12643422999999998,-2.0332110000000005,-0.08044796742096641,0.1241332940242743,0.9889989652592991,-4.094567367399521,7.626596015131783,6.801977287399851,6.854173196742856,6.331401423377178
2581,05/05/2023 15:32:29.706524,2764,True,True,True,True,Eyes,2.415989,0.01507942,-2.041272,0.2416116,0.07273728,-0.9676431,0.0,0.0,0.0,0.0,0.0,0.0,0.0,2.06947,-0.001636386,-2.451191,2.440754,0.01392182,-2.081722,-0.03413453,0.9955845,-0.03126537,0.0816641,3.249238,170.5024,355.8027,0.7657173,0.00392556,-0.6431597,0.2794788,0.01246791,-0.2617792,2.706103,0.1422111,-4.11964,0.081754,0.2518968,2.050538,-0.9843319,-0.07307413,-0.1604726,-0.0628611,0.9957147,-0.06782977,0.1647415,-0.05667951,-0.9847072,moving,-5.079151896221285,7.085458332893614,2.283146946937978,7.003369041199032,0.26534900000000006,0.12828928,-2.0379180000000003,-0.08786101115106972,0.122872597190131,0.9885255756495286,-4.527211068387025,7.552098748125706,7.307154796397947,7.362756474839783,6.8324286010294575
2582,05/05/2023 15:32:29.726570,2765,True,True,True,True,Eyes,2.417394,0.01498102,-2.043903,0.2357775,0.07253809,-0.9690961,0.0,0.0,0.0,0.0,0.0,0.0,0.0,2.102441,-0.00234592,-2.43333,2.444109,0.01310685,-2.089859,-0.03398356,0.9960703,-0.03178937,0.07535645,3.33691,171.2258,355.8358,0.7655304,0.004009761,-0.6433815,0.2627101,0.01171983,-0.2460725,2.679064,0.1442893,-4.132002,0.08491096,0.2538985,2.050797,-0.9863331,-0.07249109,-0.14796,-0.06290895,0.9956691,-0.06845065,0.1522813,-0.05820713,-0.9866218,moving,-5.460367730105108,7.13929294450042,2.3709135923349858,7.057579739638947,0.2349549999999998,0.13118245,-2.042143,-0.0944260471828515,0.12372667666550963,0.9878134875253722,-4.911723896162664,7.5976857177136905,7.771684577582713,7.8317076170556685,7.302638102523186
2583,05/05/2023 15:32:29.736654,2766,True,True,True,True,Eyes,2.418865,0.01485778,-2.046769,0.2297898,0.07229046,-0.9705518,0.0,0.0,0.0,0.0,0.0,0.0,0.0,2.131021,-0.005995199,-2.419198,2.447711,0.01235773,-2.09818,-0.03356111,0.9964493,-0.03261347,0.06999239,3.456878,171.8402,355.8953,0.7653398,0.004082016,-0.6436077,0.2469475,0.01101664,-0.2313081,2.653373,0.1421895,-4.14405,0.0881775,0.2559698,2.051063,-0.9879495,-0.07144928,-0.1372986,-0.0623185,0.99562,-0.06969339,0.1416768,-0.0602973,-0.9880749,moving,-5.722826817207316,7.233447804179041,2.461694005666247,7.113654476167653,0.20566200000000023,0.12983176999999999,-2.04587,-0.09893037150679695,0.12529470594235548,0.9871747958343734,-5.176388683612012,7.684686576097708,8.121229102630773,8.185397457758969,7.6593984638091985
2584,05/05/2023 15:32:29.756923,2767,True,True,True,True,Eyes,2.420386,0.01469742,-2.049865,0.2237456,0.07201754,-0.9719833,0.0,0.0,0.0,0.0,0.0,0.0,0.0,2.157256,-0.009683117,-2.406441,2.450856,0.01165589,-2.10665,-0.03289943,0.9967914,-0.03315638,0.06500215,3.544454,172.4136,355.9842,0.765143,0.004142713,-0.6438411,0.2321306,0.01035564,-0.2174296,2.631999,0.1389988,-4.155561,0.09135994,0.2579877,2.051321,-0.9893848,-0.0698982,-0.1274055,-0.06127725,0.9956365,-0.07037706,0.1317688,-0.06182292,-0.9893508,moving,-5.934854969806662,7.300210284244578,2.5501040998672884,7.168260356351821,0.18114300000000005,0.12734291,-2.0489109999999995,-0.10256834670955937,0.12639809580103162,0.9866627644220908,-5.390209176723756,7.745910083868279,8.418315992020473,8.485984986877666,7.96129726477462
2585,05/05/2023 15:32:29.776724,2768,True,True,True,True,Eyes,2.421958,0.01451011,-2.053184,0.2176201,0.07169981,-0.9733964,0.0,0.0,0.0,0.0,0.0,0.0,0.0,2.180292,-0.01360054,-2.396273,2.453929,0.01065253,-2.115205,-0.03211201,0.9970753,-0.03363721,0.06064896,3.622506,172.9145,356.0864,0.7649378,0.004191817,-0.6440844,0.2182028,0.009734306,-0.2043839,2.611642,0.1371265,-4.166744,0.09461817,0.260054,2.051586,-0.9905813,-0.06811629,-0.1187828,-0.05995605,0.9956747,-0.07097277,0.1231035,-0.06318254,-0.9903808,moving,-6.067100834231428,7.361701838556714,2.640582963072337,7.224145358800006,0.15771299999999977,0.12647397000000002,-2.0515389999999996,-0.10483149101280849,0.12742668975089808,0.9862924107191364,-5.523550630822454,7.8034337856801645,8.638201421501876,8.708770228852613,8.184659578777774
2586,05/05/2023 15:32:29.796708,2769,True,True,True,True,Eyes,2.423575,0.01428926,-2.056736,0.2115372,0.0714296,-0.9747564,0.0,0.0,0.0,0.0,0.0,0.0,0.0,2.201921,-0.01601671,-2.387048,2.456803,0.00966054,-2.123848,-0.03171721,0.997312,-0.0341619,0.05653249,3.701247,173.3867,356.143,0.7647223,0.004229623,-0.6443398,0.2051106,0.009150247,-0.1921208,2.593972,0.1352633,-4.177518,0.09775589,0.2620434,2.051841,-0.9915964,-0.06712642,-0.110594,-0.0594014,0.995654,-0.07172626,0.1149281,-0.06455404,-0.9912743,moving,-6.179523894552541,7.42379881471333,2.727681072342844,7.277924325336554,0.1371690000000001,0.12560276,-2.05367,-0.10675208304184783,0.12846917320101217,0.9859512555822596,-5.636894011392558,7.861903772032616,8.835059009526065,8.908399389841968,8.384935797345772
2587,05/05/2023 15:32:29.806404,2770,True,True,True,True,Eyes,2.425229,0.01403939,-2.060509,0.2054255,0.07116257,-0.976082,0.0,0.0,0.0,0.0,0.0,0.0,0.0,2.21849,-0.01567662,-2.382712,2.459618,0.008673541,-2.132948,-0.03171483,0.9974746,-0.03440268,0.05343435,3.740764,173.7416,356.1532,0.7644945,0.004256193,-0.6446096,0.192804,0.008601232,-0.1805936,2.576855,0.1333363,-4.188149,0.1009545,0.2640716,2.052103,-0.9922779,-0.06694605,-0.1044167,-0.05959291,0.9956213,-0.07202091,0.108781,-0.06524227,-0.9919224,moving,-6.175925625608174,7.449211126356299,2.816431318120067,7.332717975629115,0.11723700000000026,0.12466275899999998,-2.0552010000000003,-0.1066840243898883,0.12890737927493814,0.9859012245918453,-5.633235469380333,7.886723945904055,8.918392725752442,8.993111478102772,8.467809128392515
2588,05/05/2023 15:32:29.827145,2771,True,True,True,True,Eyes,2.426922,0.01375996,-2.064501,0.1993185,0.07095143,-0.9773628,0.0,0.0,0.0,0.0,0.0,0.0,0.0,2.234711,-0.0138409,-2.37843,2.462265,0.007874053,-2.142019,-0.03167989,0.9976408,-0.03423386,0.05037223,3.733434,174.0941,356.1697,0.7642527,0.004271732,-0.6448958,0.1812358,0.008085159,-0.1697579,2.563616,0.1327643,-4.198784,0.1042058,0.2661332,2.052365,-0.9929182,-0.06665916,-0.09833772,-0.05976142,0.9956489,-0.07149776,0.1026758,-0.06511461,-0.9925814,moving,-6.166434855489944,7.431823525098101,2.9066125497310993,7.388401167517923,0.10135100000000019,0.124890247,-2.056765,-0.1065248656230004,0.1286104008763224,0.9859573167615162,-5.623680665709157,7.869956466611757,8.99765259073292,9.07315131134305,8.543874873116495
2589,05/05/2023 15:32:29.836600,2772,True,True,True,True,Eyes,2.428639,0.01345124,-2.068719,0.1932696,0.07074809,-0.9785916,0.0,0.0,0.0,0.0,0.0,0.0,0.0,2.249307,-0.01270242,-2.375586,2.464746,0.006866463,-2.151262,-0.03166986,0.9977751,-0.03426588,0.04762238,3.747689,174.4099,356.181,0.7639956,0.00427641,-0.6451999,0.1703616,0.007600049,-0.1595725,2.550189,0.1341415,-4.209187,0.1075622,0.2682614,2.052638,-0.9934585,-0.06646244,-0.09286245,-0.05993515,0.9956457,-0.07139566,0.09720324,-0.06536289,-0.9931162,moving,-6.126319964722353,7.4378454460329415,2.999665979296323,7.445844484141911,0.08544300000000016,0.127275037,-2.057925,-0.10583296384910607,0.12872358672519493,0.98601702424293,-5.583205691841396,7.8765441971855985,9.0495807406178,9.125989449645289,8.593671413664493
2590,05/05/2023 15:32:29.856781,2773,True,True,True,True,Eyes,2.430329,0.01310995,-2.073158,0.1872765,0.07062596,-0.9797651,0.0,0.0,0.0,0.0,0.0,0.0,0.0,2.261653,-0.01214495,-2.375062,2.467107,0.005856241,-2.160902,-0.03146959,0.997891,-0.03419066,0.04532376,3.748928,174.6749,356.213,0.7637215,0.004270397,-0.6455237,0.1601399,0.007144046,-0.1499981,2.538173,0.1343715,-4.219586,0.1106484,0.2702183,2.05289,-0.9939107,-0.06590573,-0.08830439,-0.05970715,0.9956813,-0.07108973,0.09260826,-0.06538446,-0.9935534,moving,-6.0357459890469185,7.440490311771187,3.0851910712381185,7.498633882923175,0.07106600000000007,0.128515259,-2.0586839999999995,-0.10427322115382759,0.1287904535090904,0.9861745683657177,-5.49183101503465,7.880749664545786,9.044337993908577,9.121122383377353,8.585529706370828
2591,05/05/2023 15:32:29.876633,2774,True,True,True,True,Eyes,2.432038,0.01273226,-2.07781,0.1813639,0.07050477,-0.9808854,0.0,0.0,0.0,0.0,0.0,0.0,0.0,2.273039,-0.0104264,-2.375284,2.469303,0.004823023,-2.170554,-0.03132463,0.9979997,-0.03390888,0.04319323,3.725479,174.9212,356.2392,0.7634297,0.004253785,-0.6458696,0.1505315,0.006715403,-0.1409982,2.527774,0.1352139,-4.230236,0.1139078,0.2722851,2.053154,-0.9943063,-0.06545319,-0.08408929,-0.05959466,0.9957379,-0.07038812,0.08833802,-0.06497607,-0.993969,moving,-5.930372683131374,7.418640667875434,3.175481470047231,7.554367809168285,0.05847099999999994,0.130390877,-2.0596819999999996,-0.10246406458375178,0.1284386310553139,0.9864099493976816,-5.385554212725289,7.861359916205117,9.030073292628582,9.10686563620237,8.56653816401277
2592,05/05/2023 15:32:29.896501,2775,True,True,True,True,Eyes,2.433762,0.01232897,-2.082677,0.1752732,0.07055778,-0.9819883,0.0,0.0,0.0,0.0,0.0,0.0,0.0,2.28364,-0.009820491,-2.376338,2.471495,0.003572986,-2.180317,-0.03115997,0.9980884,-0.03388571,0.04123949,3.730976,175.1463,356.2655,0.7631174,0.004226455,-0.6462392,0.1414996,0.006312479,-0.1325383,2.518065,0.1367945,-4.240708,0.1169548,0.2742172,2.053402,-0.9946569,-0.06499567,-0.08020954,-0.05940595,0.9957616,-0.07021189,0.08443305,-0.06507181,-0.9943024,moving,-5.796698374844996,7.437499669667693,3.2598508968081576,7.60643900729949,0.04657,0.133221514,-2.0603909999999996,-0.10015779439116443,0.12879371431052178,0.9866005836560487,-5.250681362774878,7.88213557585026,8.981069201472778,9.058124817514978,8.514996649401231
2593,05/05/2023 15:32:29.906999,2776,True,True,True,True,Eyes,2.435482,0.01190722,-2.087755,0.1692553,0.07065865,-0.9830362,0.0,0.0,0.0,0.0,0.0,0.0,0.0,2.293968,-0.009884551,-2.377568,2.473371,0.002521126,-2.190354,-0.03090095,0.9981759,-0.033859,0.0392867,3.736413,175.3715,356.3026,0.7627846,0.004188763,-0.6466328,0.1330096,0.00593373,-0.124586,2.508913,0.1372339,-4.251323,0.1202096,0.2762809,2.053668,-0.9950033,-0.06434958,-0.07633751,-0.05902875,0.9957975,-0.07002246,0.08052262,-0.06516648,-0.9946201,moving,-5.666707857022546,7.459724407130089,3.3499342581593954,7.662024971815102,0.03554199999999996,0.13471277399999998,-2.060969,-0.09791389079868847,0.1292053996201106,0.9867720134894495,-5.119520962640912,7.906123721631777,8.941430953173695,9.018911273083052,8.472972084033067
2594,05/05/2023 15:32:29.926740,2777,True,True,True,True,Eyes,2.437197,0.0114689,-2.093049,0.1630569,0.07080968,-0.9840724,0.0,0.0,0.0,0.0,0.0,0.0,0.0,2.304636,-0.006602883,-2.378336,2.475032,0.001645844,-2.200473,-0.03073281,0.9982844,-0.0331617,0.03720572,3.665001,175.6138,356.3329,0.7624305,0.004141239,-0.6470513,0.1250291,0.005577707,-0.1171109,2.499553,0.137864,-4.262138,0.1233937,0.2783,2.053926,-0.9953426,-0.06382776,-0.07224546,-0.05889254,0.9959116,-0.06849648,0.07632206,-0.06392274,-0.9950321,moving,-5.538828763580456,7.406887142526756,3.4380259498702728,7.716390019632869,0.024521000000000015,0.13621815599999998,-2.061665,-0.09572231628860671,0.12832283423611532,0.9871020921054858,-4.990575006112348,7.856952079159459,8.905229948864614,8.98218862957907,8.429772936904618
2595,05/05/2023 15:32:29.946879,2778,True,True,True,True,Eyes,2.43889,0.01100454,-2.098554,0.1568744,0.07102872,-0.985061,0.0,0.0,0.0,0.0,0.0,0.0,0.0,2.316415,-0.001090363,-2.37801,2.476362,0.0007560877,-2.21096,-0.03056319,0.9984141,-0.0319933,0.03481162,3.54068,175.8938,356.3663,0.7620521,0.004084155,-0.6474977,0.1175273,0.005243044,-0.1100842,2.489263,0.1414588,-4.27281,0.1266285,0.280351,2.05419,-0.9957082,-0.0632569,-0.0675572,-0.05880195,0.9960846,-0.06601302,0.07146847,-0.0617572,-0.9955292,moving,-5.44610073093775,7.303058864910846,3.527477756639524,7.771578512955511,0.01290099999999983,0.1407027123,-2.0618499999999997,-0.09414622851802096,0.1265529441766977,0.9874819847152859,-4.897147051926636,7.75747524020618,8.909640248375801,8.985801106930507,8.424636613374528
2596,05/05/2023 15:32:29.956795,2779,True,True,True,True,Eyes,2.440549,0.01055708,-2.104261,0.150433,0.07114565,-0.9860569,0.0,0.0,0.0,0.0,0.0,0.0,0.0,2.330256,0.004466444,-2.37558,2.477563,-0.0003495663,-2.221525,-0.03047812,0.9985437,-0.03098089,0.03196476,3.435399,176.2247,356.3902,0.7616487,0.004017655,-0.6479732,0.1104757,0.004928462,-0.1034792,2.47732,0.1469378,-4.283634,0.1298226,0.2823765,2.054449,-0.9960988,-0.06284807,-0.06194794,-0.05888688,0.9962226,-0.06382,0.06572489,-0.05992309,-0.9960369,moving,-5.392022868933774,7.209350318160021,3.6157675938707206,7.826059161087948,-0.00024299999999977118,0.1472873663,-2.062109,-0.09323328385409192,0.12494851869669935,0.9877729615138366,-4.842698296351076,7.667161439165947,8.95303887044049,9.028876941166995,8.459958256520984
2597,05/05/2023 15:32:29.976310,2780,True,True,True,True,Eyes,2.442182,0.0101354,-2.110184,0.1439544,0.0714082,-0.9870046,0.0,0.0,0.0,0.0,0.0,0.0,0.0,2.345065,0.005174741,-2.371955,2.4786,-0.0003725579,-2.232054,-0.03101181,0.9986053,-0.03144979,0.02892641,3.498231,176.5697,356.3377,0.7612207,0.003943508,-0.6484768,0.1038471,0.004632754,-0.09727042,2.463413,0.151466,-4.294473,0.132968,0.2843708,2.054705,-0.9964035,-0.06375659,-0.0558215,-0.06011766,0.9960984,-0.06460597,0.05972277,-0.06101773,-0.9963486,moving,-5.373189868672751,7.284138003653807,3.7026710397571136,7.879669540825888,-0.015187000000000062,0.15183855789999998,-2.062419,-0.0928932722481806,0.12624177791755545,0.9876405895906667,-4.823615310825439,7.740354737509218,9.017525396161092,9.095378444074324,8.527424438044203
2598,05/05/2023 15:32:29.996692,2781,True,True,True,True,Eyes,2.443788,0.009694359,-2.116301,0.1371812,0.07181899,-0.987939,0.0,0.0,0.0,0.0,0.0,0.0,0.0,2.361504,0.02085258,-2.367177,2.479686,-0.0002139406,-2.24317,-0.03227194,0.9987219,-0.02941694,0.02545407,3.274274,176.9718,356.2119,0.7607667,0.003863224,-0.6490103,0.0976163,0.004354789,-0.0914342,2.44835,0.1508842,-4.305633,0.1362481,0.2864508,2.054972,-0.9966215,-0.06595894,-0.0489444,-0.06296381,0.9961863,-0.06040158,0.05274177,-0.05711577,-0.9969738,moving,-5.382727232432675,7.071937820935716,3.793254779446931,7.93555467980259,-0.03133600000000003,0.15109814059999999,-2.062463,-0.09310073581982739,0.12258071938487614,0.9880821508882514,-4.833475338065724,7.533467933936192,9.139848860527033,9.21653296859818,8.636095545534529
2599,05/05/2023 15:32:30.006728,2782,True,True,True,True,Eyes,2.445359,0.009287296,-2.122601,0.1304138,0.07214735,-0.9888312,0.0,0.0,0.0,0.0,0.0,0.0,0.0,2.378173,0.04091498,-2.361398,2.480627,-0.001184938,-2.2539,-0.03299253,0.9988745,-0.02613456,0.02187292,2.909986,177.3933,356.1502,0.7602859,0.003776821,-0.6495743,0.09175932,0.004093502,-0.08594815,2.430886,0.1606121,-4.316443,0.1395021,0.2885143,2.055239,-0.9968662,-0.06705406,-0.04197211,-0.0647675,0.996457,-0.05365357,0.04542109,-0.050767,-0.9976772,moving,-5.392584945745187,6.719589226096822,3.883071728342711,7.99095901646041,-0.049741000000000035,0.161797038,-2.062543,-0.09333954709778944,0.11649947240644891,0.9887950967275784,-4.843816162570579,7.190049484890937,9.288456102489123,9.362381528190385,8.763562536909738
2600,05/05/2023 15:32:30.026580,2783,True,True,True,True,Eyes,2.483185,0.001084358,-2.285239,-0.04734363,0.08347774,-0.9953844,0.0,0.0,0.0,0.0,0.0,0.0,0.0,2.394149,0.03856465,-2.356367,2.481437,-0.0007616617,-2.264591,-0.0331913,0.9989154,-0.02684835,0.0185866,3.00394,177.7667,356.1353,0.759778,0.003686022,-0.6501691,0.08625376,0.003847892,-0.08079126,2.412978,0.174376,-4.326192,0.142644,0.2905064,2.055494,-0.9971057,-0.06730865,-0.03535063,-0.06531256,0.996355,-0.05487228,0.03891515,-0.05240463,-0.9978674,moving,4.447681980153427,8.12317583678241,3.969759622129109,8.04442903605626,-0.06845900000000027,0.1751376617,-2.061601,0.07677528887699883,0.14088462067408825,0.9870446468198975,5.084697121530045,8.73433286968665,0.4788972364736828,0.48436643042651983,1.3111265870343418
2601,05/05/2023 15:32:30.046627,2784,True,True,True,True,Eyes,2.483204,0.001113123,-2.285693,-0.04767388,0.08384287,-0.9953378,0.0,0.0,0.0,0.0,0.0,0.0,0.0,2.411038,0.05639452,-2.350419,2.482036,0.0007798942,-2.276017,-0.0338358,0.999041,-0.02343953,0.01492451,2.626449,178.1983,356.0792,0.7570531,0.003306918,-0.6533421,0.1945539,-0.0209918,-0.5638576,2.396842,0.1731962,-4.337175,0.1459088,0.2925764,2.055757,-0.9972649,-0.06830636,-0.02823421,-0.06690706,0.9966115,-0.04784406,0.03140659,-0.04582414,-0.9984557,moving,4.0460915315294805,7.741224503101206,4.059800262078596,8.099968649707234,-0.08519399999999999,0.1724163058,-2.0611580000000003,0.06991905402168797,0.1343694967371022,0.9884613932897236,4.679140097882808,8.355031566100337,0.358006283471207,0.3590059776902828,0.6698051384790524
2602,05/05/2023 15:32:30.056972,2785,True,True,True,True,Eyes,2.48322,0.001173459,-2.28657,-0.04844508,0.08413747,-0.9952758,0.0,0.0,0.0,0.0,0.0,0.0,0.0,2.429083,0.07985441,-2.342752,2.482594,0.001413731,-2.287363,-0.03415931,0.9991814,-0.01869887,0.01096896,2.098511,178.6699,356.0596,0.754741,0.002984497,-0.6560135,0.1828806,-0.01973229,-0.5300261,2.378233,0.1899668,-4.34716,0.1490732,0.2945829,2.056015,-0.997426,-0.06867291,-0.02064248,-0.06785248,0.996967,-0.03811651,0.02319744,-0.03661774,-0.9990603,moving,3.645722668076512,7.201288050005275,4.147024604692175,8.153764331185135,-0.10436100000000037,0.188553069,-2.0597969999999997,0.06308735757115926,0.12510582717617283,0.9901355841606245,4.274637731105154,7.8218506809589545,1.0683799849125515,1.076343206354195,0.3556005922933235
2603,05/05/2023 15:32:30.076600,2786,True,True,True,True,Eyes,2.483243,0.001276983,-2.287865,-0.04956647,0.08461628,-0.99518,0.0,0.0,0.0,0.0,0.0,0.0,0.0,2.448475,0.08422173,-2.333546,2.482928,0.002246655,-2.298394,-0.0343135,0.9992279,-0.01787848,0.006825426,2.020722,179.1476,356.0515,0.7527679,0.002710628,-0.6582781,0.1719078,-0.01854835,-0.4982246,2.358419,0.2113012,-4.356139,0.1521457,0.296531,2.056266,-0.9975522,-0.06881806,-0.01241337,-0.06832995,0.9970059,-0.03619776,0.01486726,-0.03526094,-0.9992677,moving,3.233730872016119,7.121131503100613,4.231675427311842,8.205965508806827,-0.12450899999999976,0.20905454499999998,-2.0577449999999997,0.05597553502514389,0.12377308990114452,0.9907305102217614,3.8589271820538613,7.736356365510199,1.4600278628640782,1.4740278679119228,0.5995615079461795
2604,05/05/2023 15:32:30.096551,2787,True,True,True,True,Eyes,2.483253,0.001393501,-2.289544,-0.05108545,0.08511047,-0.995061,0.0,0.0,0.0,0.0,0.0,0.0,0.0,2.470238,0.09596696,-2.321589,2.483218,0.003341577,-2.309692,-0.03430605,0.9992927,-0.01526472,0.00211458,1.739925,179.6977,356.063,0.7510585,0.002477434,-0.6602288,0.1615933,-0.01743545,-0.4683311,2.338128,0.2167122,-4.36615,0.1553547,0.2985658,2.056527,-0.9976376,-0.06862812,-0.003178826,-0.06849901,0.9971801,-0.03065292,0.005273514,-0.03036275,-0.9995254,moving,2.787491654733604,6.834978008420297,4.3200475729858105,8.260466288521535,-0.14508999999999972,0.21337062299999998,-2.056458,0.04828690031701323,0.11887130331704451,0.9917347919337133,3.4084358923605382,7.449573733082764,2.0730024705031704,2.093022809067271,1.220074830786396
2605,05/05/2023 15:32:30.106861,2788,True,True,True,True,Eyes,2.48327,0.001519318,-2.291585,-0.05292962,0.08551569,-0.9949299,0.0,0.0,0.0,0.0,0.0,0.0,0.0,2.493583,0.1037946,-2.307364,2.483427,0.00377686,-2.32061,-0.0337903,0.9993387,-0.01311033,-0.002923195,1.512835,180.2841,356.1306,0.7494916,0.002270994,-0.6620079,0.1518977,-0.01638932,-0.4402312,2.315241,0.2297862,-4.375227,0.158605,0.300627,2.056793,-0.9976995,-0.06745926,0.006728528,-0.06761256,0.9973727,-0.02600577,-0.00495652,-0.02640088,-0.9996393,moving,2.327585142696461,6.594231235515347,4.409509724234538,8.315638302198463,-0.16818599999999995,0.22600934,-2.054617,0.04034460891779347,0.11474363475983439,0.9925755359855002,2.9442080031674456,7.206778353389284,2.6758170966754844,2.7014167121047925,1.837574357634346
2606,05/05/2023 15:32:30.126859,2789,True,True,True,True,Eyes,2.483294,0.00168083,-2.293955,-0.05504885,0.08575333,-0.9947945,0.0,0.0,0.0,0.0,0.0,0.0,0.0,2.51731,0.09607588,-2.292991,2.483701,0.004143904,-2.331332,-0.03289336,0.9993306,-0.01391499,-0.007917214,1.623532,180.8546,356.2416,0.7480487,0.002088912,-0.6636385,0.1427839,-0.01540596,-0.4138173,2.291301,0.2404332,-4.383704,0.1618381,0.3026771,2.057055,-0.9977105,-0.06552235,0.01673925,-0.06596302,0.9974488,-0.0272905,-0.01490841,-0.02833219,-0.9994873,moving,1.8839433761774502,6.683010623566292,4.498459791870822,8.37049395420604,-0.19240000000000013,0.236289296,-2.0523719999999996,0.03265195129687042,0.11631418887214481,0.9926756601560164,2.496758731739952,7.28528412851457,3.0810224086532685,3.1117994921133865,2.276946969058866
2607,05/05/2023 15:32:30.146811,2790,True,True,True,True,Eyes,2.483327,0.001869293,-2.296642,-0.05742986,0.08592373,-0.9946451,0.0,0.0,0.0,0.0,0.0,0.0,0.0,2.539588,0.08849678,-2.279379,2.483899,0.005180508,-2.341606,-0.03211049,0.9992974,-0.0146495,-0.01262157,1.724232,181.3922,356.34,0.746713,0.00192978,-0.6651416,0.1342168,-0.01448161,-0.3889883,2.268308,0.2389499,-4.393141,0.1650014,0.3046827,2.05731,-0.9976195,-0.06380604,0.0261662,-0.06454564,0.9975086,-0.02846784,-0.02428459,-0.03008898,-0.9992524,moving,1.487862019863394,6.7634816044643715,4.585449540436513,8.424135728718381,-0.21559099999999987,0.233769392,-2.051535,0.025784594998360867,0.11773190244992071,0.9927105846907425,2.097279412256535,7.3565516206397525,3.479223174987684,3.514657958893322,2.7075314244878506
2608,05/05/2023 15:32:30.166960,2791,True,True,True,True,Eyes,2.483369,0.002061355,-2.299615,-0.05974185,0.08604188,-0.9944987,0.0,0.0,0.0,0.0,0.0,0.0,0.0,2.56064,0.08299043,-2.266901,2.484199,0.006030455,-2.351876,-0.03164303,0.9992364,-0.01530299,-0.0170645,1.814434,181.8998,356.4025,0.7454699,0.001792105,-0.6665351,0.1261638,-0.01361271,-0.365649,2.246258,0.2385274,-4.401974,0.1682744,0.3067585,2.057577,-0.9974151,-0.06271545,0.03507141,-0.06376,0.9975291,-0.02950266,-0.03313448,-0.03166254,-0.9989493,moving,1.1145283993609667,6.834449531450981,4.675403875789619,8.479612927875037,-0.23794099999999974,0.232496945,-2.050098,0.019312798910607717,0.11897877776747975,0.9927089323141208,1.7207374901224355,7.418970808066684,3.8826033360132968,3.922549777831317,3.1392698445503426
2609,05/05/2023 15:32:30.176534,2792,True,True,True,True,Eyes,2.483421,0.002270208,-2.302856,-0.06222367,0.08604848,-0.994346,0.0,0.0,0.0,0.0,0.0,0.0,0.0,2.579469,0.07626079,-2.25637,2.484499,0.006328863,-2.361758,-0.03086205,0.9991751,-0.01597247,-0.02101477,1.90347,182.3516,356.5007,0.7443061,0.001673808,-0.6678349,0.118594,-0.01279595,-0.34371,2.225374,0.2381008,-4.410643,0.1713977,0.3087387,2.057833,-0.9972121,-0.06100187,0.04298076,-0.0623445,0.9975848,-0.03062148,-0.04100899,-0.03321571,-0.9986067,moving,0.8116777505472659,6.902501110540342,4.761197816140966,8.532501520741949,-0.25912500000000005,0.231771937,-2.0488850000000003,0.01406332279689786,0.12016829577835718,0.9926539665846376,1.4152960353984252,7.479816659283583,4.228792239736634,4.272658433081759,3.507592357147524
2610,05/05/2023 15:32:30.196443,2793,True,True,True,True,Eyes,2.483519,0.002537467,-2.306365,-0.06464527,0.08614124,-0.9941834,0.0,0.0,0.0,0.0,0.0,0.0,0.0,2.596423,0.06334029,-2.247815,2.48483,0.006968316,-2.371426,-0.02959981,0.999111,-0.01735307,-0.02449793,2.070292,182.7487,356.6558,0.7432107,0.001573485,-0.6690541,0.1114783,-0.01202819,-0.3230874,2.206615,0.2373338,-4.418993,0.1745968,0.3107672,2.058092,-0.9970476,-0.05829676,0.04997959,-0.05999722,0.9976454,-0.03322502,-0.047925,-0.03612555,-0.9981976,moving,0.5625468645964405,7.056875017354179,4.849037139659316,8.586664655208077,-0.2782149999999999,0.230365484,-2.0475670000000004,0.009743768667839887,0.12284870565743114,0.9923775549094769,1.1641445655962217,7.625719741536992,4.503700747003208,4.551291598468919,3.8081292532548927
2611,05/05/2023 15:32:30.206851,2794,True,True,True,True,Eyes,2.483622,0.002823185,-2.310137,-0.06724105,0.0865841,-0.9939728,0.0,0.0,0.0,0.0,0.0,0.0,0.0,2.611044,0.06237672,-2.241544,2.485036,0.008546911,-2.381277,-0.02927059,0.9990477,-0.01693969,-0.02757264,2.032205,183.1032,356.6986,0.7421734,0.00149102,-0.6702048,0.1047896,-0.0113065,-0.3037022,2.190021,0.2343717,-4.427582,0.1779159,0.3128715,2.058363,-0.9967663,-0.05755127,0.05608442,-0.05941956,0.9977126,-0.03223298,-0.05410108,-0.03546125,-0.997906,moving,0.36336534177480595,7.031938139041722,4.940118403695868,8.642811395076928,-0.2950149999999998,0.225824789,-2.0463050000000003,0.006294178070762272,0.1224201757981338,0.9924584506152989,0.9631807132685744,7.597845163184713,4.801211807382211,4.851966739046475,4.111932370472086
2612,05/05/2023 15:32:30.226603,2795,True,True,True,True,Eyes,2.483754,0.003104446,-2.314151,-0.06978357,0.08718566,-0.9937449,0.0,0.0,0.0,0.0,0.0,0.0,0.0,2.625938,0.08438382,-2.23444,2.485306,0.009192418,-2.391351,-0.02949102,0.9990122,-0.01237669,-0.03085099,1.5213,183.4933,356.6646,0.7411852,0.001425173,-0.6712977,0.09850226,-0.01062811,-0.2854801,2.174516,0.2392503,-4.435576,0.1810244,0.3148428,2.058616,-0.9963571,-0.05816011,0.06237103,-0.05968744,0.9979542,-0.02290927,-0.06091102,-0.02654858,-0.9977902,moving,0.14289407135464988,6.5424215998436495,5.0253780102674055,8.695384494618887,-0.3107899999999999,0.230057882,-2.0442250000000004,0.002477728249121385,0.11393847084055155,0.9934847245694478,0.7402170876525878,7.117016391668947,5.283277383369211,5.336093949699535,4.566601581166773
2613,05/05/2023 15:32:30.236801,2796,True,True,True,True,Eyes,2.48389,0.003393258,-2.318404,-0.07243542,0.08769701,-0.9935101,0.0,0.0,0.0,0.0,0.0,0.0,0.0,2.640257,0.09077896,-2.228465,2.485875,0.009343117,-2.401165,-0.0297093,0.998922,-0.0112924,-0.03383315,1.407943,183.8384,356.6401,0.740238,0.001374127,-0.6723423,0.09259213,-0.009990422,-0.2683513,2.157501,0.2600029,-4.441443,0.1841576,0.3168293,2.05887,-0.9959453,-0.05859043,0.06826433,-0.06011866,0.9979797,-0.02055013,-0.06692237,-0.02457077,-0.9974555,moving,-0.04715422274069892,6.447419359185074,5.11127381021037,8.74833895678546,-0.32837400000000017,0.25065978299999997,-2.0402779999999994,-0.0008177911582979216,0.11229132107951721,0.993674979489453,0.548388101396621,7.021051746810041,5.592867511424362,5.64832813899449,4.878877647312075
2614,05/05/2023 15:32:30.256404,2797,True,True,True,True,Eyes,2.484029,0.003673293,-2.32286,-0.07528667,0.0882576,-0.9932485,0.0,0.0,0.0,0.0,0.0,0.0,0.0,2.653125,0.08859269,-2.2243,2.486134,0.009827552,-2.411113,-0.02997959,0.9988118,-0.0120312,-0.03649144,1.502571,184.1403,356.6158,0.7393242,0.001336587,-0.6733472,0.0870366,-0.009390997,-0.2522502,2.142122,0.266087,-4.448823,0.1875348,0.3189709,2.059144,-0.9955395,-0.05900987,0.07361756,-0.06076601,0.9979129,-0.02184581,-0.07217479,-0.0262218,-0.9970475,moving,-0.19480831753442454,6.5659760985186955,5.203808728393669,8.805395738634639,-0.34401199999999976,0.256259448,-2.03771,-0.003377738978225693,0.11434658826638631,0.9934352107817256,0.3995668913517597,7.133888508391812,5.786061901317229,5.844661353160027,5.086715644651062
2615,05/05/2023 15:32:30.276647,2798,True,True,True,True,Eyes,2.484189,0.003975955,-2.327503,-0.07821389,0.0884407,-0.9930059,0.0,0.0,0.0,0.0,0.0,0.0,0.0,2.666095,0.08969034,-2.219558,2.486695,0.009905074,-2.420493,-0.03029328,0.9987001,-0.01220438,-0.03913383,1.532732,184.4422,356.5847,0.7384378,0.001310946,-0.6743192,0.08181441,-0.008827537,-0.2371152,2.127959,0.2649823,-4.457409,0.1908771,0.3210901,2.059415,-0.995102,-0.05955259,0.07890534,-0.06146301,0.9978667,-0.02200605,-0.07742652,-0.02674802,-0.9966394,moving,-0.33393176416197184,6.598627912546911,5.295336797420855,8.861824044382253,-0.35873599999999994,0.255077226,-2.036916,-0.005789568092014974,0.11491142934183828,0.993358813192975,0.25925484470936755,7.163194220998799,6.005742808163345,6.06718396536476,5.314834401118633
2616,05/05/2023 15:32:30.296637,2799,True,True,True,True,Eyes,2.484383,0.004329677,-2.332337,-0.08179146,0.08865375,-0.9926987,0.0,0.0,0.0,0.0,0.0,0.0,0.0,2.678996,0.07173608,-2.215438,2.487388,0.0108316,-2.429633,-0.0308482,0.998521,-0.01656123,-0.04159315,2.042432,184.7089,356.5449,0.7375743,0.001296662,-0.6752637,0.07690554,-0.008297885,-0.2228883,2.114676,0.2654434,-4.465039,0.1936539,0.3228511,2.059644,-0.9946367,-0.06022748,0.08408503,-0.06298281,0.9975482,-0.03050732,-0.08204149,-0.03563962,-0.9959914,moving,-0.4306150801879501,7.115843292112359,5.371329902957456,8.908673831340703,-0.3727120000000004,0.2546118,-2.035406,-0.007457696494827429,0.1238724268386014,0.9922701466494851,0.1623017115410268,7.665301879369983,6.007229749343135,6.0726276791711795,5.355366328265378
2617,05/05/2023 15:32:30.306888,2800,True,True,True,True,Eyes,2.4846,0.004691774,-2.337352,-0.08543324,0.08889997,-0.9923698,0.0,0.0,0.0,0.0,0.0,0.0,0.0,2.69196,0.06363054,-2.211009,2.488049,0.01240659,-2.438999,-0.0316322,0.9983459,-0.0189126,-0.0441277,2.32423,184.9901,356.4717,0.7367289,0.001294065,-0.676186,0.07229121,-0.007800012,-0.209515,2.102082,0.249672,-4.474636,0.1969008,0.32491,2.059906,-0.9941043,-0.06149061,0.0893059,-0.0648289,0.9972835,-0.03497092,-0.08691291,-0.04055434,-0.9953902,moving,-0.5293356324424499,7.406408368618979,5.4601580337969144,8.963445108110017,-0.3859670000000004,0.23726541,-2.0356370000000004,-0.00916144482052264,0.12890109271539163,0.9916150661121064,0.06303848352973318,7.946581006829476,6.1196356763766175,6.188569930609684,5.492077206335441
2618,05/05/2023 15:32:30.326657,2801,True,True,True,True,Eyes,2.484869,0.005066306,-2.342518,-0.08965012,0.0890715,-0.9919825,0.0,0.0,0.0,0.0,0.0,0.0,0.0,2.704971,0.06756636,-2.206287,2.488885,0.012959,-2.448349,-0.03186444,0.9982325,-0.01828636,-0.04671541,2.262923,185.2886,356.4479,0.7358973,0.001302202,-0.6770908,0.06795374,-0.007332011,-0.1969441,2.088961,0.2425591,-4.483229,0.200021,0.3268883,2.060158,-0.9936048,-0.06190772,0.09443104,-0.06532475,0.9973006,-0.03353095,-0.09210031,-0.03948518,-0.9949667,moving,-0.5841500397632552,7.3514974818471,5.545473256517353,9.016042471241553,-0.39992399999999995,0.2296001,-2.03488,-0.010111368364049536,0.12794954123391913,0.9917292128208943,0.007679541860896033,7.892103613014553,6.2806819855742715,6.351613320726012,5.650698875636638
2619,05/05/2023 15:32:30.336444,2802,True,True,True,True,Eyes,2.485149,0.005472274,-2.347854,-0.093871,0.08917911,-0.9915822,0.0,0.0,0.0,0.0,0.0,0.0,0.0,2.716635,0.0502211,-2.203057,2.489702,0.01361591,-2.457088,-0.03182089,0.9980593,-0.02187854,-0.0488519,2.681343,185.522,356.4771,0.735077,0.001320336,-0.6779813,0.06387651,-0.006892091,-0.1851274,2.07561,0.2471071,-4.490237,0.2033192,0.3289795,2.060429,-0.993202,-0.06138065,0.09890658,-0.06565588,0.9970175,-0.04056314,-0.0961218,-0.04678118,-0.9942697,moving,-0.5965020679152692,7.776268643257171,5.635593446748226,9.071590889564504,-0.4140919999999997,0.23349119,-2.0331489999999994,-0.010315009449193807,0.13529800004166864,0.990751224790068,-0.004303532102181151,8.305673224230901,6.290976755857184,6.36528665699099,5.691666522391841
2620,05/05/2023 15:32:30.356765,2803,True,True,True,True,Eyes,2.485487,0.005897282,-2.353344,-0.09845752,0.08946267,-0.9911118,0.0,0.0,0.0,0.0,0.0,0.0,0.0,2.728387,0.0438566,-2.199803,2.490278,0.01479312,-2.466464,-0.03142056,0.9979425,-0.02259715,-0.05111837,2.769246,185.7809,356.5331,0.7342637,0.001348383,-0.678862,0.06004392,-0.006478565,-0.1740198,2.064747,0.234576,-4.498969,0.2065486,0.331027,2.06069,-0.9927996,-0.06040157,0.1034464,-0.06502209,0.9970043,-0.04188897,-0.1006063,-0.04831365,-0.9937527,moving,-0.5889624102942279,7.881246122760794,5.7237956854753405,9.125966585322619,-0.4255309999999999,0.21978288,-2.0325049999999996,-0.01018206980656896,0.13711322367104026,0.9905030752179971,0.0034205998974450313,8.408072866981787,6.3578833270824076,6.434302122656687,5.765246092798948
2621,05/05/2023 15:32:30.376730,2804,True,True,True,True,Eyes,2.48584,0.006332099,-2.358984,-0.1030519,0.08966524,-0.9906263,0.0,0.0,0.0,0.0,0.0,0.0,0.0,2.740609,0.04148681,-2.195628,2.490974,0.0155555,-2.47553,-0.03082682,0.9978421,-0.02234004,-0.05349757,2.744484,186.0564,356.6062,0.7334563,0.00138585,-0.6797341,0.05644128,-0.006089851,-0.1635786,2.053169,0.2345397,-4.506792,0.209624,0.3329772,2.06094,-0.9923754,-0.05913031,0.1081416,-0.06391086,0.9971012,-0.04128533,-0.1053869,-0.04788198,-0.9932778,moving,-0.5878785276267059,7.868320953874915,5.807741739594899,9.177723921032593,-0.437805,0.2189842,-2.031262,-0.010163648998438378,0.13688979892919392,0.9905341482239363,0.004499491755402096,8.39550127881619,6.450129070715057,6.528284210487246,5.855723085077131
2622,05/05/2023 15:32:30.396647,2805,True,True,True,True,Eyes,2.486268,0.006787114,-2.364782,-0.1080055,0.09006538,-0.9900621,0.0,0.0,0.0,0.0,0.0,0.0,0.0,2.753727,0.03407245,-2.190573,2.491704,0.01624791,-2.484739,-0.03028944,0.9976988,-0.02324478,-0.05603039,2.853181,186.346,356.6804,0.7326529,0.001432017,-0.6805999,0.05305481,-0.00572446,-0.1537639,2.041156,0.2383026,-4.513691,0.2128072,0.3349959,2.0612,-0.9918864,-0.05783464,0.113211,-0.06304429,0.9970844,-0.04298831,-0.1103948,-0.04977683,-0.9926406,moving,-0.5881852658280146,8.00041203576925,5.894579004033277,9.231264720000267,-0.45054799999999995,0.22205469,-2.028952,-0.01016568488944572,0.1391730252541279,0.9902158605342304,0.004338616061797751,8.52417258019894,6.518124321953669,6.59857794595691,5.932529909090996
2623,05/05/2023 15:32:30.406761,2806,True,True,True,True,Eyes,2.486702,0.007230453,-2.370732,-0.1130013,0.09055986,-0.9894592,0.0,0.0,0.0,0.0,0.0,0.0,0.0,2.767766,0.03481328,-2.184204,2.492333,0.01700538,-2.494087,-0.02967271,0.9975766,-0.02231334,-0.0588447,2.751868,186.6736,356.753,0.7318512,0.001486601,-0.6814619,0.04987152,-0.005380993,-0.1445381,2.028519,0.2372445,-4.521061,0.2161118,0.3370915,2.061469,-0.9913138,-0.05657556,0.1187284,-0.06182764,0.9972433,-0.04102637,-0.11608,-0.04801069,-0.992079,moving,-0.6120834100874541,7.926257104370238,5.984678774533718,9.286817615750799,-0.4638139999999997,0.22023912,-2.0269740000000005,-0.010580620279264291,0.13789072865682614,0.9903908763385015,-0.01985341283735309,8.451504584446587,6.653175284022937,6.735606596705009,6.062355536377082
2624,05/05/2023 15:32:30.426583,2807,True,True,True,True,Eyes,2.487192,0.007665659,-2.376826,-0.1182845,0.0912092,-0.9887819,0.0,0.0,0.0,0.0,0.0,0.0,0.0,2.783197,0.03766134,-2.176214,2.492972,0.01715177,-2.503658,-0.02895402,0.9974369,-0.02096076,-0.06198329,2.602318,187.0399,356.8346,0.7310486,0.001548404,-0.6823226,0.04687923,-0.005058133,-0.1358658,2.014614,0.243809,-4.527359,0.2193311,0.3391324,2.061731,-0.9906395,-0.05516118,0.1248627,-0.06035805,0.9974446,-0.03822474,-0.1224351,-0.0454034,-0.9914375,moving,-0.6544359551094867,7.811832961183249,6.072401858180713,9.340889504203451,-0.47835800000000006,0.22665723,-2.0237009999999995,-0.011315830541810706,0.1359114795512489,0.9906563524138119,-0.06270767001035538,8.339276346537627,6.8140296690774464,6.898431769472231,6.216333150701476
2625,05/05/2023 15:32:30.446672,2808,True,True,True,True,Eyes,2.487681,0.008084872,-2.383069,-0.1236137,0.09188141,-0.9880675,0.0,0.0,0.0,0.0,0.0,0.0,0.0,2.799137,0.03446921,-2.167308,2.493624,0.0172566,-2.51299,-0.02813239,0.9972588,-0.02079226,-0.06520081,2.587156,187.4121,356.9359,0.7302445,0.001616398,-0.6831829,0.04406647,-0.004754645,-0.1277138,1.999472,0.2515455,-4.533247,0.2225319,0.3411621,2.061991,-0.9899148,-0.05339919,0.131214,-0.05882188,0.9975525,-0.03780202,-0.1288743,-0.04513904,-0.9906331,moving,-0.7048965428060144,7.8331513096241405,6.159571888479198,9.394636908098452,-0.49415200000000015,0.23428889999999997,-2.0202570000000004,-0.012187679512074515,0.13627866826268156,0.9905955329659978,-0.11358871023127282,8.359136133010779,6.952899809090387,7.03982699491642,6.358050467904505
2626,05/05/2023 15:32:30.456781,2809,True,True,True,True,Eyes,2.488206,0.008480153,-2.389448,-0.1291695,0.09263761,-0.987286,0.0,0.0,0.0,0.0,0.0,0.0,0.0,2.815663,0.03401076,-2.157846,2.494155,0.01729155,-2.522757,-0.02746012,0.9970621,-0.02022317,-0.06858558,2.527234,187.8043,357.0172,0.7294372,0.001689447,-0.6840446,0.04142249,-0.004469366,-0.120051,1.984186,0.2544796,-4.539278,0.2257553,0.3432063,2.062253,-0.9890839,-0.05198485,0.1378789,-0.05753293,0.997674,-0.03656078,-0.1356575,-0.04409425,-0.989774,moving,-0.7623809923886902,7.814215568507091,6.247305786956483,9.448737087590914,-0.5099690000000001,0.23718804999999998,-2.0165210000000005,-0.013182133696133427,0.1359495767604244,0.9906281220733849,-0.17160074885809484,8.339655985992536,7.1083185065425685,7.197733625306969,6.514017347646979
2627,05/05/2023 15:32:30.476466,2810,True,True,True,True,Eyes,2.488736,0.008851821,-2.395972,-0.1348003,0.09331679,-0.9864689,0.0,0.0,0.0,0.0,0.0,0.0,0.0,2.832641,0.03445545,-2.147466,2.494805,0.01700389,-2.532255,-0.02719773,0.9968284,-0.02000084,-0.07206403,2.510058,188.2053,357.0543,0.7286256,0.001766314,-0.6849088,0.03893714,-0.004201205,-0.1128479,1.968045,0.2588747,-4.545232,0.228952,0.3452331,2.062511,-0.9881339,-0.05134027,0.1447589,-0.05710563,0.9977205,-0.03595485,-0.142583,-0.04379476,-0.9888133,moving,-0.8322968413577329,7.832896586354277,6.334267503722705,9.50235443392961,-0.5267599999999999,0.24187081000000002,-2.0129770000000002,-0.014390308461398008,0.136270282307482,0.99056719308961,-0.24211136796568966,8.356596709774518,7.266268610843011,7.3584464404525685,6.675441545429829
2628,05/05/2023 15:32:30.496733,2811,True,True,True,True,Eyes,2.489313,0.00919162,-2.402636,-0.140718,0.09408519,-0.9855691,0.0,0.0,0.0,0.0,0.0,0.0,0.0,2.851309,0.0331099,-2.135291,2.495504,0.01682135,-2.542183,-0.0272529,0.996532,-0.02051493,-0.07589857,2.580585,188.6446,357.062,0.7278086,0.001845859,-0.6857767,0.03660091,-0.003949132,-0.1060771,1.951489,0.2612013,-4.550833,0.2321253,0.3472448,2.062769,-0.9869935,-0.05120265,0.1523889,-0.05743087,0.9976729,-0.03675066,-0.1501525,-0.04502448,-0.9876373,moving,-0.9325603755387196,7.942894414093748,6.420536351623111,9.555533721065382,-0.5440149999999999,0.24437995,-2.00865,-0.016119428648892646,0.13816809913846215,0.9902776225769433,-0.3431342533464449,8.461948104172471,7.432220700237032,7.527857398582148,6.851508560456179
2629,05/05/2023 15:32:30.507109,2812,True,True,True,True,Eyes,2.489895,0.009487408,-2.409436,-0.1467059,0.09481876,-0.9846252,0.0,0.0,0.0,0.0,0.0,0.0,0.0,2.870114,0.03787963,-2.122459,2.496195,0.01625897,-2.551973,-0.02741009,0.9962333,-0.01992891,-0.07981768,2.526607,189.0964,357.049,0.7269845,0.001926955,-0.68665,0.03440485,-0.003712184,-0.09971244,1.933409,0.2603481,-4.556684,0.2353277,0.3492758,2.063031,-0.9857557,-0.05143232,0.1601266,-0.05779504,0.9977031,-0.03533207,-0.1579416,-0.0440833,-0.9864641,moving,-1.0369979432579428,7.925816249972888,6.507539705183776,9.609185894384838,-0.5627860000000002,0.24408913000000002,-2.004711,-0.017925213433450674,0.13786867973670078,0.990288299783862,-0.44851085845975436,8.443433071863005,7.631383787636036,7.730057030092476,7.0530574283202245
2630,05/05/2023 15:32:30.526801,2813,True,True,True,True,Eyes,2.490471,0.00972255,-2.416365,-0.1525898,0.09551331,-0.9836634,0.0,0.0,0.0,0.0,0.0,0.0,0.0,2.889025,0.04201654,-2.109682,2.496996,0.01549307,-2.561984,-0.02782404,0.9959028,-0.01981882,-0.08373041,2.529552,189.5457,357.0106,0.7261529,0.002008079,-0.6875291,0.0,0.0,0.0,1.91487,0.2635388,-4.561553,0.2385395,0.3513122,2.063293,-0.9844301,-0.0521012,0.1678776,-0.05873895,0.9976661,-0.0348158,-0.1656718,-0.04413467,-0.985193,moving,-1.1512072150712416,7.962664931580797,6.594748431595769,9.66295317069173,-0.5821260000000001,0.24804573000000002,-1.9995690000000002,-0.019897376223025523,0.13850037701727702,0.9901625441998237,-0.5636845794996372,8.477275251663077,7.828285904862905,7.930372562256549,7.255962741222736
2631,05/05/2023 15:32:30.547000,2814,True,True,True,True,Eyes,2.49105,0.00989442,-2.423424,-0.1585679,0.09618202,-0.9826521,0.0,0.0,0.0,0.0,0.0,0.0,0.0,2.908623,0.04619331,-2.095719,2.497787,0.01426481,-2.571985,-0.02842476,0.9955296,-0.0200287,-0.08781734,2.571764,190.0138,356.9544,0.7253127,0.002087454,-0.6884152,0.0,0.0,0.0,1.896358,0.2643604,-4.566698,0.2417738,0.3533631,2.063556,-0.9829605,-0.05307763,0.1759881,-0.0601131,0.9975817,-0.03488594,-0.1737109,-0.04487069,-0.9837741,moving,-1.2831917117281941,8.036074625363174,6.682517400805736,9.71707613668451,-0.6014290000000002,0.25009559,-1.9947129999999995,-0.022174251755653254,0.13976218753489492,0.9899367368729367,-0.6967489594006784,8.546413735939337,8.03522209257497,8.14114781505475,7.471547528550726
2632,05/05/2023 15:32:30.562669,2815,True,True,True,True,Eyes,2.491628,0.01002396,-2.430606,-0.1644794,0.09676905,-0.9816223,0.0,0.0,0.0,0.0,0.0,0.0,0.0,2.92853,0.05242253,-2.081145,2.498532,0.01290891,-2.582125,-0.02899274,0.9951392,-0.01979974,-0.09200695,2.564388,190.4952,356.8979,0.7244629,0.002163426,-0.6893091,0.0,0.0,0.0,1.877115,0.2631912,-4.571599,0.2449757,0.3553934,2.063817,-0.9813884,-0.0540602,0.1842676,-0.06134706,0.9975348,-0.03407194,-0.1819714,-0.04474207,-0.9822855,moving,-1.4291164050111154,8.054171560740206,6.7693520276561365,9.770621670994037,-0.6214169999999999,0.25028229,-1.989474,-0.024694342851378615,0.14006658719781667,0.9898341287819123,-0.8439385243980579,8.561418461618054,8.26655629813502,8.376221440627736,7.708720090362786
2633,05/05/2023 15:32:30.578521,2816,True,True,True,True,Eyes,2.492212,0.01012037,-2.437933,-0.1705753,0.09740371,-0.9805185,0.0,0.0,0.0,0.0,0.0,0.0,0.0,2.949998,0.05612017,-2.06425,2.49937,0.01202559,-2.592252,-0.03009412,0.9946592,-0.02066188,-0.09654215,2.688949,191.0123,356.7933,0.723603,0.002235094,-0.6902117,0.0,0.0,0.0,1.857507,0.2636486,-4.57609,0.2481166,0.3573848,2.064072,-0.9795479,-0.0558773,0.1932967,-0.06385627,0.9973348,-0.03529236,-0.1908095,-0.04691377,-0.9805053,moving,-1.6145265701747502,8.203924744303142,6.854484064490084,9.823116065715272,-0.6418629999999999,0.25162301000000004,-1.983838,-0.02788696926420811,0.14264123158963837,0.9893814939293903,-1.0308132528550709,8.703966268128632,8.507844170070143,8.622408112899922,7.964321066630156
2634,05/05/2023 15:32:30.596469,2817,True,True,True,True,Eyes,2.506848,0.01121483,-2.624374,-0.3206841,0.1124481,-0.9404877,0.0,0.0,0.0,0.0,0.0,0.0,0.0,2.974095,0.07137173,-2.043634,2.500216,0.01128564,-2.602991,-0.0314349,0.9941209,-0.01935017,-0.1017904,2.57186,191.6171,356.6394,0.7227325,0.002301875,-0.6911229,0.0,0.0,0.0,1.83627,0.2596364,-4.580441,0.2513919,0.3594619,2.064339,-0.9773015,-0.05856086,0.2036004,-0.0664395,0.9972749,-0.03207328,-0.2011673,-0.04487236,-0.9785289,moving,6.713895605418382,9.4804731885316,6.943200526919805,9.877833193969451,-0.6639459999999999,0.24835076,-1.9774500000000006,0.1153361840317703,0.16361226198209558,0.9797594467111822,7.372396891786276,10.097304738759423,0.4509472662400654,0.45877632997610424,0.4820552650755822
2635,05/05/2023 15:32:30.606795,2818,True,True,True,True,Eyes,2.506891,0.01117762,-2.624802,-0.3211867,0.112351,-0.9403278,0.0,0.0,0.0,0.0,0.0,0.0,0.0,3.000993,0.08778881,-2.018121,2.501148,0.01002159,-2.613547,-0.03280368,0.9934722,-0.01798888,-0.1077652,2.45376,192.3063,356.4822,0.7193109,0.002383235,-0.6946831,0.04390812,0.00328339,-0.5593214,1.812225,0.2641455,-4.583035,0.2544283,0.361387,2.064586,-0.9746214,-0.06130195,0.2153036,-0.06905624,0.9972007,-0.02867272,-0.2129433,-0.0428131,-0.9761264,moving,6.030952189757771,9.326006008306278,7.025397438694979,9.928519481300365,-0.6889230000000002,0.25412390999999995,-1.9694879999999997,0.10369200687253208,0.16117818290310168,0.9814629773850524,6.683264750433917,9.934547513538277,1.1393787476558643,1.1627311977723744,0.3421857880587711
2636,05/05/2023 15:32:30.627079,2819,True,True,True,True,Eyes,2.506921,0.01109897,-2.625632,-0.3219034,0.1122575,-0.9400939,0.0,0.0,0.0,0.0,0.0,0.0,0.0,3.030257,0.09494675,-1.989153,2.502374,0.009092184,-2.624165,-0.03427527,0.9926869,-0.0187185,-0.1142269,2.57881,193.0457,356.3399,0.7163804,0.00245401,-0.6977045,0.04127363,0.003086386,-0.5257621,1.785102,0.2683149,-4.584032,0.2577871,0.3635168,2.064861,-0.9715549,-0.06377291,0.2280663,-0.07232554,0.9969497,-0.02933289,-0.2254999,-0.04499353,-0.9732038,moving,5.3026521517758844,9.407407805122505,7.116259081099467,9.984554715632854,-0.7172720000000001,0.259222716,-1.9598669999999996,0.09118417772875471,0.16277258249076662,0.9824411525258079,5.948641794317915,10.000746836081895,1.8681396632285474,1.9032258537551856,1.1677295548010034
2637,05/05/2023 15:32:30.636615,2820,True,True,True,True,Eyes,2.506998,0.01097419,-2.626851,-0.3231234,0.1121389,-0.9396893,0.0,0.0,0.0,0.0,0.0,0.0,0.0,3.059356,0.1013481,-1.959603,2.503413,0.008119103,-2.634923,-0.03504688,0.9918884,-0.01880031,-0.1207306,2.622659,193.7942,356.2701,0.7138407,0.002514502,-0.7003024,0.03879721,0.002901203,-0.4942164,1.756726,0.2639417,-4.585153,0.2609506,0.365523,2.065118,-0.9683919,-0.06498564,0.2408203,-0.07406473,0.9968365,-0.02883314,-0.2381848,-0.04575806,-0.9701415,moving,4.611505309397081,9.399949788874885,7.201789442427865,10.037316455957344,-0.7466870000000001,0.255822597,-1.95023,0.07932634025184569,0.1628103986722089,0.9834632432794347,5.251399317516189,9.981051373426267,2.620699493437838,2.667547217602501,1.951201526973883
2638,05/05/2023 15:32:30.657218,2821,True,True,True,True,Eyes,2.507086,0.01083416,-2.628435,-0.324603,0.1118632,-0.9392122,0.0,0.0,0.0,0.0,0.0,0.0,0.0,3.091118,0.1005909,-1.925336,2.504786,0.00690379,-2.645381,-0.03461678,0.9910076,-0.01907449,-0.127836,2.67419,194.6153,356.3418,0.7115316,0.002565406,-0.7026482,0.03646938,0.002727131,-0.4645634,1.728569,0.2627688,-4.585632,0.2640336,0.3674778,2.065368,-0.9649194,-0.06373417,0.2546934,-0.07348778,0.9968756,-0.02895539,-0.2520522,-0.04665647,-0.9665885,moving,3.8862907677280467,9.376891048058338,7.285093461525653,10.088699235753806,-0.7762170000000002,0.25586501,-1.9402510000000004,0.06687501684489404,0.16256330355760912,0.9844292479454844,4.5197715453337475,9.945545725808723,3.413436208866039,3.472539509845233,2.769024779156169
2639,05/05/2023 15:32:30.676567,2822,True,True,True,True,Eyes,2.507216,0.01069919,-2.630406,-0.3265581,0.1116723,-0.9385568,0.0,0.0,0.0,0.0,0.0,0.0,0.0,3.121843,0.0905441,-1.892049,2.505983,0.006513493,-2.655928,-0.03412095,0.9900742,-0.02109346,-0.1347003,2.921079,195.4045,356.4475,0.7094271,0.002607239,-0.7047729,0.03428122,0.002563503,-0.4366896,1.69921,0.2618037,-4.584641,0.2671528,0.3694555,2.065621,-0.9613834,-0.06188195,0.268166,-0.07324713,0.9967816,-0.03257597,-0.265287,-0.05096038,-0.962822,moving,3.2174074996824924,9.558893437276572,7.369323379162405,10.140654276735805,-0.806773,0.255290207,-1.9287130000000006,0.05534797492793059,0.16580673521886619,0.9846037224775143,3.8452018162592694,10.110813942547077,4.123497465663484,4.192475538939466,3.52424789645441
2640,05/05/2023 15:32:30.696794,2823,True,True,True,True,Eyes,2.507377,0.01056631,-2.632718,-0.329231,0.1116144,-0.9376296,0.0,0.0,0.0,0.0,0.0,0.0,0.0,3.153124,0.09401389,-1.857193,2.507303,0.006490301,-2.66713,-0.03361559,0.9891148,-0.02008442,-0.1418407,2.823975,196.2353,356.5099,0.7075031,0.002641029,-0.7067043,0.03222434,0.002409693,-0.4104882,1.670798,0.2548003,-4.584604,0.270363,0.3714911,2.065882,-0.9575027,-0.06080177,0.2819437,-0.07219692,0.9969332,-0.03019547,-0.2792431,-0.04926771,-0.9589559,moving,2.5616728243797144,9.4108485356189,7.45595345902864,10.194096632454446,-0.8365049999999998,0.24830999899999998,-1.917474,0.044094374236519046,0.16335372967809475,0.9855817254827047,3.1835252782819383,9.954802341103703,4.875126334895654,4.956557324584877,4.279124246561628
2641,05/05/2023 15:32:30.706987,2824,True,True,True,True,Eyes,2.50758,0.01046839,-2.635388,-0.3323201,0.1115484,-0.936547,0.0,0.0,0.0,0.0,0.0,0.0,0.0,3.183187,0.09702488,-1.82249,2.508693,0.006423576,-2.677682,-0.03316864,0.9881282,-0.01923739,-0.1487703,2.744775,197.0417,356.5663,0.7057382,0.002667627,-0.7084667,0.03029088,0.002265112,-0.385859,1.641429,0.2604452,-4.582615,0.2735763,0.3735285,2.066144,-0.9535346,-0.05982583,0.2952844,-0.07127365,0.9970596,-0.028149,-0.2927321,-0.04788704,-0.9549948,moving,1.9543897845352411,9.285863695886889,7.542608270994649,10.247551052497235,-0.867264,0.254021624,-1.9049329999999998,0.03365751861587468,0.16126890965701285,0.9863363968921711,2.570753047344798,9.822126148441303,5.577750852596178,5.670364046890717,4.990023117574237
2642,05/05/2023 15:32:30.726834,2825,True,True,True,True,Eyes,2.507777,0.01033392,-2.638385,-0.3359903,0.1119944,-0.9351833,0.0,0.0,0.0,0.0,0.0,0.0,0.0,3.212944,0.1011321,-1.788145,2.510051,0.007164141,-2.68892,-0.03362237,0.9870517,-0.01910327,-0.1556715,2.761575,197.8414,356.5317,0.7041128,0.002688698,-0.710082,0.02847343,0.002129205,-0.3627074,1.613122,0.2653561,-4.579934,0.2767614,0.3755482,2.066403,-0.949272,-0.06042636,0.3085961,-0.07232169,0.9970092,-0.02724374,-0.3060269,-0.04817991,-0.9508031,moving,1.3693944562618994,9.292906431465086,7.628449245699827,10.300513452660812,-0.8969289999999999,0.25819195899999997,-1.8910139999999998,0.02358469632026733,0.1614367263080929,0.9866012251273292,1.98061331871225,9.818465751423583,6.236848470615541,6.339640271052357,5.668370192960206
2643,05/05/2023 15:32:30.746687,2826,True,True,True,True,Eyes,2.50801,0.01021763,-2.641664,-0.3399848,0.1122665,-0.9337059,0.0,0.0,0.0,0.0,0.0,0.0,0.0,3.243193,0.1266385,-1.750139,2.511292,0.006134909,-2.70013,-0.03284037,0.9859854,-0.01304793,-0.1630467,2.088273,198.7161,356.5289,0.7026091,0.002703777,-0.7115698,0.02676502,0.002001452,-0.340945,1.584427,0.2671807,-4.57778,0.2800621,0.3776412,2.066672,-0.9446747,-0.06050539,0.3223802,-0.06901509,0.9975025,-0.01502111,-0.3206663,-0.03643916,-0.9464912,moving,0.7749983982406496,8.597305892759987,7.717344494139533,10.355362280319987,-0.926865,0.26104579099999997,-1.8776499999999996,0.013373905016484583,0.14947549182427866,0.9886750502347066,1.3801997942578057,9.130154791499763,7.048138652489223,7.161489480344364,6.454497372987321
2644,05/05/2023 15:32:30.756766,2827,True,True,True,True,Eyes,2.508216,0.01021998,-2.645262,-0.3442663,0.112549,-0.9321016,0.0,0.0,0.0,0.0,0.0,0.0,0.0,3.270037,0.1211448,-1.717568,2.512544,0.006494046,-2.710154,-0.03312757,0.9848865,-0.01487289,-0.1693516,2.322068,199.4432,356.5449,0.7012123,0.002713949,-0.7129463,0.02515912,0.001881365,-0.3204883,1.554663,0.2924236,-4.570837,0.283302,0.3796957,2.066936,-0.9404453,-0.06021629,0.3345697,-0.07029128,0.9973627,-0.01807581,-0.3325989,-0.04051664,-0.9421977,moving,0.29764394940949834,8.818308259806852,7.804543604439503,10.409169904984031,-0.9578810000000002,0.28592955400000003,-1.8606829999999999,0.0051334391352587105,0.15329958304010494,0.988166403538202,0.8988896299445504,9.33685955267301,7.55191620688036,7.673616044915555,6.98841228800443
2645,05/05/2023 15:32:30.776614,2828,True,True,True,True,Eyes,2.508439,0.01028023,-2.649176,-0.3489465,0.1133927,-0.9302572,0.0,0.0,0.0,0.0,0.0,0.0,0.0,3.297646,0.138697,-1.682477,2.513197,0.009393531,-2.721798,-0.03468679,0.9836579,-0.01268972,-0.1762185,2.131299,200.2451,356.3414,0.6999075,0.002722949,-0.7142273,0.02364957,0.001768483,-0.301259,1.528819,0.2861518,-4.568927,0.2864102,0.3816663,2.067187,-0.9354879,-0.06376754,0.3475578,-0.07271219,0.9972716,-0.01273978,-0.3457972,-0.0371896,-0.9375721,moving,-0.23840751812629088,8.64480646247922,7.888151578620957,10.460760815559382,-0.984378,0.276758269,-1.8471290000000002,-0.004113712634037731,0.15030725507075293,0.9886307849085221,0.3579217728676956,9.158201553057074,8.196817601553471,8.326983425310528,7.642056108128582
2646,05/05/2023 15:32:30.796649,2829,True,True,True,True,Eyes,2.508635,0.0103502,-2.653333,-0.3538198,0.1141164,-0.928326,0.0,0.0,0.0,0.0,0.0,0.0,0.0,3.325602,0.1820935,-1.642702,2.513993,0.01068935,-2.733308,-0.0359042,0.9823347,-0.004636358,-0.1835976,1.277387,201.1288,356.0518,0.6986812,0.002732469,-0.715427,0.0222306,0.001662374,-0.2831835,1.499396,0.296719,-4.564396,0.2896674,0.3837315,2.067452,-0.9300058,-0.06883743,0.3610415,-0.07224233,0.9973788,0.00407494,-0.3603757,-0.02229276,-0.9325411,moving,-0.8076353523276529,7.793801109229584,7.975701996286323,10.514786843693022,-1.0145970000000002,0.28602965,-1.8310880000000003,-0.013965249657504647,0.1355951684628411,0.9906659820487114,-0.21727664497687915,8.318955299591963,9.059470176550866,9.195149718558731,8.482132702703034
2647,05/05/2023 15:32:30.816462,2830,True,True,True,True,Eyes,2.508787,0.0104973,-2.657738,-0.35884,0.114605,-0.9263366,0.0,0.0,0.0,0.0,0.0,0.0,0.0,3.354709,0.1965114,-1.600749,2.515123,0.01116182,-2.743924,-0.03858101,0.980783,-0.005243582,-0.1911773,1.434679,202.007,355.7736,0.6975228,0.002742702,-0.7165565,0.02089676,0.001562632,-0.2661924,1.468593,0.3291895,-4.554222,0.2928775,0.3857673,2.067714,-0.9239257,-0.07367429,0.3754115,-0.07768411,0.996968,0.004465997,-0.3746023,-0.02503726,-0.9268476,moving,-1.4266757342678873,7.9343671682210175,8.061924606294372,10.568007854309982,-1.04653,0.31802768000000003,-1.8102980000000004,-0.024659412113106127,0.137996669209848,0.9901256388993185,-0.841611102686779,8.444754644325483,9.70221344169195,9.847314338759649,9.153204483393342
2648,05/05/2023 15:32:30.826834,2831,True,True,True,True,Eyes,2.508945,0.01067762,-2.662397,-0.3642451,0.1152717,-0.9241417,0.0,0.0,0.0,0.0,0.0,0.0,0.0,3.383327,0.2021422,-1.559641,2.515908,0.01331008,-2.755044,-0.04067597,0.9792054,-0.00671775,-0.1986383,1.679908,202.8696,355.5824,0.6964211,0.002755679,-0.7176272,0.01964296,0.001468874,-0.2502209,1.436753,0.3242051,-4.547731,0.2961004,0.3878105,2.067976,-0.9177768,-0.07699145,0.3895619,-0.08232907,0.9966006,0.003003494,-0.3884689,-0.02931572,-0.9209957,moving,-2.0025656288543185,8.173853239496633,8.148436155992163,10.621395007200595,-1.079155,0.31089502,-1.792687,-0.03458968285324074,0.14209215392416855,0.9892488630304774,-1.4223037706917914,8.667693194665864,10.286714794404562,10.441901069279094,9.768112075346181
2649,05/05/2023 15:32:30.846637,2832,True,True,True,True,Eyes,2.509113,0.01085132,-2.667247,-0.3699862,0.1156757,-0.9218076,0.0,0.0,0.0,0.0,0.0,0.0,0.0,3.412583,0.2177951,-1.513064,2.516422,0.01431072,-2.765851,-0.0406355,0.9775612,-0.003278958,-0.2066694,1.329782,203.8226,355.5199,0.695368,0.002772006,-0.7186477,0.01846438,0.001380742,-0.2352076,1.405681,0.3181468,-4.542115,0.2992958,0.3898369,2.068236,-0.9112732,-0.07809205,0.4043304,-0.08080269,0.9966761,0.01038546,-0.4037974,-0.02320699,-0.9145542,moving,-2.5794971907933597,7.801915752130137,8.234150067906862,10.67431063783993,-1.110741,0.30383608,-1.7762639999999998,-0.04458973975002431,0.13561367490301018,0.9897578458729268,-2.0047349543596003,8.294993405843817,11.027848029882476,11.188637960674507,10.51170381002367
2650,05/05/2023 15:32:30.856936,2833,True,True,True,True,Eyes,2.509236,0.01104869,-2.672266,-0.3757682,0.1156692,-0.9194667,0.0,0.0,0.0,0.0,0.0,0.0,0.0,3.44127,0.2021625,-1.467861,2.516958,0.01438409,-2.775343,-0.04001362,0.9759145,-0.006381796,-0.2143573,1.69681,204.7123,355.676,0.6943558,0.002791151,-0.7196257,0.01735652,0.001297897,-0.2210952,1.373472,0.3334568,-4.531097,0.3028738,0.3921058,2.068528,-0.9048999,-0.07536378,0.4188997,-0.08083571,0.9967164,0.00469825,-0.4178782,-0.0296106,-0.9080207,moving,-3.1181423736552754,8.137568845222921,8.330053857282854,10.733516576961486,-1.1434859999999998,0.31907271,-1.755754,-0.053848890300424335,0.1413449924150802,0.9884948186517537,-2.5477467194703163,8.61228311517657,11.566624206418412,11.738830502566454,11.082697180154641
2651,05/05/2023 15:32:30.876520,2834,True,True,True,True,Eyes,2.509345,0.01126869,-2.677464,-0.3818975,0.115604,-0.9169461,0.0,0.0,0.0,0.0,0.0,0.0,0.0,3.469045,0.1773217,-1.423408,2.517049,0.01534146,-2.784965,-0.03890138,0.9742377,-0.0107328,-0.2218842,2.187844,205.5828,355.9236,0.6933777,0.002813465,-0.7205681,0.01631512,0.001220023,-0.2078295,1.344056,0.3226619,-4.523928,0.3056446,0.3938626,2.068753,-0.8985085,-0.07103551,0.4331709,-0.08056127,0.996743,-0.003649384,-0.4315008,-0.03817579,-0.9013048,moving,-3.6105611244637648,8.60550046079705,8.404275324807852,10.779337667113909,-1.1729930000000002,0.30732044000000003,-1.7389629999999996,-0.062268284449311206,0.14933990928884286,0.9868233823095197,-3.0439761402923597,9.059263616832785,12.02513487649057,12.209908398604522,11.57674895411573
2652,05/05/2023 15:32:30.896577,2835,True,True,True,True,Eyes,2.509462,0.01150078,-2.682821,-0.3889391,0.1154169,-0.9140051,0.0,0.0,0.0,0.0,0.0,0.0,0.0,3.496561,0.171517,-1.374539,2.516943,0.01611947,-2.794538,-0.03832097,0.9723885,-0.0115104,-0.2299126,2.292792,206.526,356.0269,0.6924282,0.002839214,-0.7214804,0.01533622,0.001146822,-0.1953597,1.315017,0.308938,-4.517489,0.3087,0.3958001,2.069002,-0.8913437,-0.06923296,0.4480109,-0.0798185,0.996798,-0.00476421,-0.4462465,-0.0400061,-0.8940156,moving,-4.106557628520522,8.674730283614508,8.48606514531285,10.82983969093767,-1.2019259999999998,0.29281852999999997,-1.7229510000000001,-0.07079653226926022,0.15044638789444606,0.9860799878958052,-3.544263248955607,9.117783544280021,12.58175850572034,12.77570525965591,12.151540541151565
2743,05/05/2023 15:32:32.406821,2926,True,True,True,True,Eyes,1.893604,0.01916293,-3.396122,-0.9925939,0.1197685,-0.02031772,0.0,0.0,0.0,0.0,0.0,0.0,0.0,3.642677,0.3147697,1.311339,1.910719,0.01860408,-3.381803,0.04566145,-0.7629985,-0.0003803794,0.6447855,3.342424,260.2825,355.9694,0.5489984,0.003802046,-0.8358145,0.0,0.0,0.0,-0.1945869,0.2565446,-3.417598,0.3086999,0.3958001,2.069,-0.1643338,-0.07016976,0.983906,-0.06918871,0.9958298,0.05946413,-0.9839754,-0.05830321,-0.1685035,moving,7.882025276787498,10.862645190958684,8.486070519988186,10.829849912039418,-2.1053059000000003,0.23794052000000002,-0.0357949999999998,0.1347216000177086,0.18673714256074395,0.9731286059572885,8.552369357335856,11.464759352961078,0.5954368037894768,0.6049348610823896,0.6383616012928004
2744,05/05/2023 15:32:32.426604,2927,True,True,True,True,Eyes,1.893251,0.01919513,-3.39637,-0.9926499,0.1193753,-0.01989503,0.0,0.0,0.0,0.0,0.0,0.0,0.0,3.635,0.3051279,1.33743,1.901809,0.01799295,-3.387897,0.04419621,-0.7599143,-0.0004087868,0.648519,3.250579,260.8452,356.1118,0.5414491,0.003954907,-0.8407239,-0.5290596,0.01448022,-0.3675613,-0.2030518,0.2677402,-3.403332,0.3087005,0.3930661,2.069,-0.1549394,-0.06770086,0.9856014,-0.06664044,0.996093,0.05794544,-0.9856737,-0.05670287,-0.1588458,moving,7.3712967298065895,10.683684127632652,8.486086773657577,10.756793740820555,-2.1048608,0.24974724999999998,-0.015434999999999643,0.1261104904285561,0.18390671185733662,0.9748202726536275,8.036941311267887,11.281238628027305,1.0965923166365086,1.1171847910752153,0.6904882954131442
2745,05/05/2023 15:32:32.446565,2928,True,True,True,True,Eyes,1.892522,0.01931655,-3.396838,-0.9927038,0.1190593,-0.01907754,0.0,0.0,0.0,0.0,0.0,0.0,0.0,3.628001,0.3131855,1.356416,1.892989,0.01883347,-3.393608,0.04659051,-0.7571495,0.002865587,0.651572,3.729924,261.3028,356.1606,0.5350972,0.004080086,-0.8447803,-0.4973161,0.0136114,-0.3455077,-0.2113934,0.2686078,-3.389675,0.3086997,0.3903575,2.069,-0.1465669,-0.06681768,0.9869416,-0.07428623,0.9956422,0.05637477,-0.9864076,-0.06505349,-0.1508918,moving,6.946658764659679,11.102860009048866,8.486065102098083,10.684381372329286,-2.1043824,0.24977433000000002,0.003932999999999964,0.11871372082019821,0.19120917877457022,0.9743438850964073,7.609034816448619,11.68194265589944,1.5786325009130078,1.595273092964399,1.3282735548163696
2746,05/05/2023 15:32:32.456391,2929,True,True,True,True,Eyes,1.891439,0.01946211,-3.397537,-0.9927319,0.1190304,-0.01774609,0.0,0.0,0.0,0.0,0.0,0.0,0.0,3.618178,0.3225328,1.381437,1.883324,0.02104945,-3.399449,0.04732119,-0.7539481,0.0006414425,0.6552271,3.610848,261.8575,355.9484,0.5297325,0.004185225,-0.8481542,-0.4674771,0.01279472,-0.3247772,-0.2219339,0.2496324,-3.379277,0.3086998,0.3877107,2.069,-0.1368762,-0.07051485,0.9880751,-0.07219602,0.9955206,0.06104502,-0.9879537,-0.06297947,-0.141354,moving,6.429093235285144,10.966714177372078,8.486067811043153,10.613587802422197,-2.1052579,0.22858295,0.02017200000000008,0.1099535881523071,0.18908519912693644,0.9757852125522386,7.086757726253038,11.540007520503663,2.060290563666448,2.087065557667052,1.678190158309082
2747,05/05/2023 15:32:32.476967,2930,True,True,True,True,Eyes,1.890042,0.01958276,-3.398425,-0.992771,0.118943,-0.01607275,0.0,0.0,0.0,0.0,0.0,0.0,0.0,3.606405,0.3276522,1.411795,1.873748,0.02158352,-3.405185,0.04598714,-0.7504266,-0.005046282,0.6593328,3.041998,262.4903,355.6539,0.5251784,0.004275041,-0.850981,-0.4394284,0.01202704,-0.3052905,-0.230809,0.2523523,-3.363384,0.3086995,0.3851004,2.069,-0.1263309,-0.0756743,0.9890975,-0.06236558,0.9957194,0.06821538,-0.9900258,-0.05306793,-0.1305096,moving,5.864383322990515,10.379353275588121,8.486059684207827,10.543738369395259,-2.104557,0.23076877999999998,0.04180099999999998,0.10051928395107546,0.1792521885673048,0.978654461712793,6.516413545132102,10.957672343942615,2.580897930787183,2.6268249660058482,2.012671669314318
2748,05/05/2023 15:32:32.486866,2931,True,True,True,True,Eyes,1.888334,0.01971775,-3.399488,-0.9928353,0.1186517,-0.01413359,0.0,0.0,0.0,0.0,0.0,0.0,0.0,3.596113,0.3369055,1.437216,1.864943,0.02110466,-3.410668,0.04704434,-0.7471587,-0.00536047,0.6629572,3.116508,263.0446,355.5539,0.5212889,0.00435213,-0.8533688,-0.4130628,0.01130541,-0.2869731,-0.2374653,0.2692494,-3.343785,0.3086996,0.3824612,2.068999,-0.1165496,-0.07740668,0.990164,-0.06319164,0.9955161,0.070387,-0.9911727,-0.05436651,-0.1209185,moving,5.397765924140678,10.406970834684822,8.486066434963863,10.473088305204431,-2.1024083,0.24814474000000003,0.0668829999999998,0.09253536103685484,0.17986375257764542,0.9793294413381712,6.045717495183942,10.976183973950544,3.0379276589301107,3.0890081846862523,2.491667754696859
2749,05/05/2023 15:32:32.506818,2932,True,True,True,True,Eyes,1.886322,0.01987107,-3.400696,-0.9928981,0.1183751,-0.01186433,0.0,0.0,0.0,0.0,0.0,0.0,0.0,3.586333,0.3424215,1.460649,1.855804,0.02160935,-3.415853,0.04833073,-0.7439908,-0.003996077,0.6664279,3.352099,263.5747,355.5624,0.5177575,0.004424311,-0.8555156,-0.388279,0.01062709,-0.2697547,-0.2457681,0.2627703,-3.328455,0.3087001,0.3797481,2.069,-0.1070764,-0.07724142,0.991246,-0.06658904,0.9952964,0.07036397,-0.9920185,-0.05847179,-0.1117162,moving,4.984177739327586,10.589495718116563,8.486075937878136,10.40041634536274,-2.1015721,0.24116095,0.08739799999999986,0.08541187044209769,0.18309959812981969,0.97937705362248,5.628691937547644,11.146552640874328,3.4540315025899653,3.506999002311316,2.953195336719947
2750,05/05/2023 15:32:32.530755,2933,True,True,True,True,Eyes,1.884035,0.02001255,-3.402008,-0.9929811,0.1179085,-0.009287953,0.0,0.0,0.0,0.0,0.0,0.0,0.0,3.574925,0.3417779,1.48804,1.84661,0.02220451,-3.42063,0.04823128,-0.7405528,-0.004170888,0.6702523,3.352382,264.165,355.5747,0.5145199,0.004493151,-0.8574662,-0.3649822,0.009989463,-0.2535695,-0.2548501,0.2521517,-3.31446,0.3086995,0.3771388,2.069,-0.09687144,-0.07702671,0.9923118,-0.06584451,0.9953127,0.07083176,-0.9931166,-0.05847671,-0.1014892,moving,4.54356341428558,10.52328920502946,8.486059684207827,10.330497557556908,-2.1014601,0.22994718999999997,0.1061700000000001,0.07789284118710216,0.1820802969406956,0.9801936625780535,5.184122457547329,11.074133007706145,3.887719250583504,3.947207298544886,3.384639291198558
2751,05/05/2023 15:32:32.546744,2934,True,True,True,True,Eyes,1.881488,0.02016376,-3.403435,-0.993087,0.1172076,-0.006363153,0.0,0.0,0.0,0.0,0.0,0.0,0.0,3.560877,0.3435402,1.520494,1.83785,0.02217251,-3.42514,0.04895111,-0.7365646,-0.002676294,0.6745883,3.560426,264.8352,355.6489,0.5115417,0.004558693,-0.859246,-0.3430833,0.009390095,-0.2383553,-0.2627067,0.2501048,-3.297763,0.3086999,0.3744218,2.069,-0.08506882,-0.07572208,0.9934936,-0.06850049,0.9951932,0.06998621,-0.9940175,-0.06210116,-0.0898469,moving,4.042157984184304,10.641870850321519,8.486070519988186,10.257659771482489,-2.1005567,0.22793229,0.12737699999999963,0.06928393559294233,0.18422584125272298,0.9804389203139279,4.678434290416567,11.180631842502452,4.396124433012144,4.460490643301198,3.9179039167173624
2752,05/05/2023 15:32:32.556767,2935,True,True,True,True,Eyes,1.878674,0.02035032,-3.404963,-0.993211,0.1162842,-0.003166509,0.0,0.0,0.0,0.0,0.0,0.0,0.0,3.546225,0.3441605,1.553496,1.829184,0.02264498,-3.429443,0.05018538,-0.7324305,0.0005903213,0.6789896,3.957438,265.5188,355.8202,0.5087912,0.004621536,-0.8608772,-0.3224983,0.00882669,-0.224054,-0.2704937,0.2402106,-3.278329,0.3086998,0.3716874,2.069,-0.07290938,-0.07271295,0.9946845,-0.07431623,0.9949622,0.06728595,-0.994566,-0.06901544,-0.07794578,moving,3.550540801287977,10.93224063090367,8.486067811043153,10.184321671971022,-2.0996777,0.21756562,0.1511140000000002,0.06080929430181381,0.1892970167939407,0.9800352042805998,4.182813791803717,11.454654508076565,4.924477775841987,4.991874360713996,4.486840833881709
2753,05/05/2023 15:32:32.576739,2936,True,True,True,True,Eyes,1.875626,0.02052967,-3.406577,-0.9933284,0.1153195,0.0003496647,0.0,0.0,0.0,0.0,0.0,0.0,0.0,3.53119,0.3408511,1.586841,1.820059,0.0237821,-3.433709,0.05077141,-0.7282389,0.003330188,0.6834322,4.258013,266.2157,356.0097,0.5062403,0.004682864,-0.8623793,-0.3031484,0.008297089,-0.2106107,-0.2785074,0.2246104,-3.258821,0.3086996,0.3690641,2.069,-0.06068584,-0.0693955,0.9957418,-0.07849933,0.9948223,0.06454727,-0.9950654,-0.07424796,-0.0658191,moving,3.0743455447880916,11.12721322483341,8.486062393152974,10.113931617943637,-2.0985664,0.2008283,0.1748879999999997,0.05262631113376848,0.1927205936029168,0.979841448281304,3.7026437534262717,11.636023156478744,5.433710222222325,5.505762332478351,5.0197466603968195
2754,05/05/2023 15:32:32.596475,2937,True,True,True,True,Eyes,1.872367,0.02069677,-3.40825,-0.9934613,0.1140984,0.00404222,0.0,0.0,0.0,0.0,0.0,0.0,0.0,3.516191,0.3297399,1.62044,1.811481,0.0238492,-3.437458,0.04999138,-0.7241491,0.005661178,0.687806,4.414297,266.9078,356.2842,0.5038642,0.004742654,-0.8637694,-0.2849595,0.007799263,-0.1979741,-0.2862223,0.2131852,-3.238857,0.3087004,0.3663413,2.069,-0.04884795,-0.06461484,0.9967141,-0.08019001,0.9949376,0.06056966,-0.9955821,-0.07696781,-0.05378218,moving,2.6396682886190828,11.164646668131628,8.486084064712776,10.040839076336614,-2.0977033,0.189336,0.19860100000000003,0.045184814657092065,0.19343128294931405,0.9800728597016471,3.264180197620603,11.664671392544808,5.875563246829327,5.953446139030177,5.468556609226447
2755,05/05/2023 15:32:32.616943,2938,True,True,True,True,Eyes,1.868892,0.02088527,-3.409989,-0.9935859,0.1127937,0.008023215,0.0,0.0,0.0,0.0,0.0,0.0,0.0,3.501763,0.3288305,1.65003,1.803259,0.0238659,-3.441041,0.05121502,-0.7202408,0.009866195,0.6917608,4.880001,267.5415,356.5405,0.5016411,0.004800751,-0.8650621,-0.267862,0.007331308,-0.1860956,-0.2926206,0.2064809,-3.21902,0.3086998,0.3636657,2.069001,-0.03768827,-0.06012419,0.9974792,-0.08742438,0.9945593,0.056645,-0.9954579,-0.08506914,-0.04273953,moving,2.261537725227129,11.516344889209133,8.486063769233581,9.96897669714461,-2.0958796,0.182615,0.2220209999999998,0.03866778810023502,0.19949813261298258,0.9791348368150344,2.88311482374876,12.000478340974773,6.333784844576197,6.413974804622143,5.959868774947493
2756,05/05/2023 15:32:32.626544,2939,True,True,True,True,Eyes,1.865214,0.02106952,-3.411769,-0.9936724,0.1116606,0.01212995,0.0,0.0,0.0,0.0,0.0,0.0,0.0,3.486135,0.3300822,1.680349,1.794682,0.02461405,-3.444441,0.05194176,-0.7162812,0.01146917,0.6957814,5.089428,268.187,356.6359,0.4995508,0.004857895,-0.8662706,-0.2517903,0.006891429,-0.1749299,-0.2995261,0.188191,-3.201106,0.3087004,0.3608569,2.069,-0.02638073,-0.05844974,0.9979418,-0.09036989,0.994341,0.05584992,-0.9955589,-0.08871052,-0.03151349,moving,1.8600278032281525,11.630897163271763,8.486084064712776,9.89351235803504,-2.0942081000000003,0.16357695,0.24333500000000008,0.031792120401186064,0.201504230011276,0.9789715880295414,2.478197458273132,12.104848567507224,6.764663205679257,6.850045805819624,6.401930123576769
2757,05/05/2023 15:32:32.646539,2940,True,True,True,True,Eyes,1.861333,0.02125182,-3.413611,-0.993734,0.1105495,0.01648045,0.0,0.0,0.0,0.0,0.0,0.0,0.0,3.470875,0.3284832,1.709753,1.786176,0.02449186,-3.447768,0.05144048,-0.7125296,0.01088601,0.6996692,5.019562,268.8099,356.658,0.4975761,0.004914074,-0.867406,-0.2366828,0.006477943,-0.1644341,-0.305647,0.1792373,-3.18157,0.3087003,0.358236,2.069,-0.01563411,-0.05807252,0.99819,-0.08853894,0.9944708,0.05646943,-0.9959501,-0.08749585,-0.02068931,moving,1.4948777830828297,11.473696854208123,8.486081355767933,9.823060650686026,-2.0918229999999998,0.15474543999999998,0.26619800000000016,0.025566593410045857,0.19885303689711087,0.9796958094003737,2.1096545902301695,11.94514434717352,7.091510813123857,7.183420304499995,6.720272130737297
2758,05/05/2023 15:32:32.657088,2941,True,True,True,True,Eyes,1.857257,0.02141854,-3.415512,-0.9937509,0.1095497,0.02139976,0.0,0.0,0.0,0.0,0.0,0.0,0.0,3.45624,0.3324663,1.736293,1.7775,0.02463079,-3.451192,0.05186662,-0.7089279,0.01067136,0.7032904,5.05345,269.3939,356.6315,0.4957007,0.00496935,-0.8684788,-0.2224819,0.006089266,-0.1545681,-0.3107321,0.1789066,-3.162368,0.3086997,0.3553353,2.069,-0.005385295,-0.05852925,0.9982712,-0.08854952,0.994392,0.05782413,-0.9960573,-0.08808504,-0.01053779,moving,1.1868608027808938,11.432290758641342,8.486065102098083,9.745052734783043,-2.0882321,0.15427581,0.28882399999999997,0.020302361200249475,0.1981689102291577,0.9799575679065091,1.7988781936900422,11.899268847752086,7.395454483991486,7.491672413575209,7.025604302076751
2759,05/05/2023 15:32:32.676504,2942,True,True,True,True,Eyes,1.852987,0.02158847,-3.417452,-0.9937269,0.1086506,0.02649028,0.0,0.0,0.0,0.0,0.0,0.0,0.0,3.442289,0.3369745,1.760247,1.768822,0.02462045,-3.454278,0.05220979,-0.7055759,0.009998802,0.7066377,5.042614,269.9352,356.573,0.4939105,0.005023418,-0.8694978,-0.209133,0.00572391,-0.145294,-0.3162587,0.1752838,-3.14442,0.3087004,0.3529483,2.069,0.004125242,-0.05954488,0.9982171,-0.08780701,0.9943483,0.05967699,-0.996129,-0.08789664,-0.001126523,moving,0.9277074897955796,11.355644357775418,8.486084064712776,9.680832258726879,-2.0850807,0.15066335,0.30985799999999974,0.015873968519111548,0.19687357746746822,0.9803002862475677,1.5373561940260407,11.819942736470898,7.641704957815925,7.741708597937304,7.270530424725066
2760,05/05/2023 15:32:32.686925,2943,True,True,True,True,Eyes,1.848516,0.02173614,-3.419501,-0.9936463,0.1079288,0.03191242,0.0,0.0,0.0,0.0,0.0,0.0,0.0,3.428857,0.340571,1.782562,1.759948,0.02483989,-3.457244,0.05222791,-0.7023935,0.008561734,0.7098186,4.943428,270.4504,356.4774,0.4921927,0.00507649,-0.870471,-0.196585,0.005380476,-0.1365763,-0.3216555,0.1727088,-3.127554,0.3087005,0.3503079,2.069,0.01314003,-0.06121454,0.9980383,-0.08552364,0.9943979,0.06211727,-0.9962496,-0.08617209,0.007831126,moving,0.711800771235234,11.20390179229208,8.486086773657577,9.609765629817407,-2.0816035,0.14786891,0.32969000000000026,0.012186225549773055,0.19428672495887797,0.980869085217283,1.3193772199541165,11.66823931768828,7.833111136403829,7.936043910662884,7.456476362921107
2761,05/05/2023 15:32:32.706951,2944,True,True,True,True,Eyes,1.843861,0.02185225,-3.421575,-0.9935226,0.1072862,0.03744791,0.0,0.0,0.0,0.0,0.0,0.0,0.0,3.415576,0.3412228,1.804432,1.750802,0.02425857,-3.460155,0.05170086,-0.6992507,0.006971665,0.7129705,4.788179,270.9632,356.412,0.4905352,0.005128094,-0.871406,-0.1847899,0.005057647,-0.1283818,-0.3269704,0.1733793,-3.11135,0.3087002,0.3476741,2.069,0.02199986,-0.06236254,0.9978111,-0.0822449,0.9945568,0.0639725,-0.9963694,-0.08347227,0.01675108,moving,0.5146995884644401,11.000494330950367,8.486078646823053,9.538846890848886,-2.0777723999999997,0.14912072999999998,0.34880500000000003,0.008818034568183253,0.19081002955789791,0.9815872891755663,1.1203113026278553,11.466544642966882,7.9988266924472455,8.104276484128206,7.613839188762339
2762,05/05/2023 15:32:32.726783,2945,True,True,True,True,Eyes,1.839018,0.02193147,-3.423676,-0.9933617,0.1066356,0.04314525,0.0,0.0,0.0,0.0,0.0,0.0,0.0,3.40337,0.3426862,1.823694,1.741801,0.0235983,-3.462917,0.0514942,-0.6963302,0.006034234,0.7158467,4.710866,271.4343,356.3714,0.4889278,0.005177577,-0.8723086,-0.1737025,0.004754188,-0.1206788,-0.3322716,0.1754506,-3.0954,0.3087,0.3450255,2.069,0.03017572,-0.06307475,0.9975526,-0.0803531,0.9946238,0.06532025,-0.9963096,-0.08212753,0.02494521,moving,0.3697849758182186,10.877162122915385,8.48607322893318,9.467499878812367,-2.0740726,0.15185230000000002,0.36751699999999987,0.006337974573426497,0.18870024520860226,0.9820143473230586,0.9739816478116938,11.343794023646959,8.131193777165848,8.237795982549061,7.742867662636168
2763,05/05/2023 15:32:32.746644,2946,True,True,True,True,Eyes,1.833995,0.02197049,-3.42579,-0.993155,0.1060568,0.04893887,0.0,0.0,0.0,0.0,0.0,0.0,0.0,3.390983,0.3457042,1.842499,1.732527,0.02276653,-3.465676,0.05160108,-0.6933723,0.005477657,0.7187088,4.690221,271.9058,356.3364,0.4873618,0.005224201,-0.8731843,-0.1632803,0.004468937,-0.1134381,-0.3377594,0.1747346,-3.080997,0.3086997,0.3423699,2.069001,0.03840964,-0.06368384,0.9972308,-0.07943119,0.9946147,0.06657618,-0.9961002,-0.08176841,0.03314436,moving,0.22762884596113322,10.814664979526823,8.486061060289764,9.395930082077985,-2.0702864,0.15196806999999998,0.3846790000000002,0.0039023023114459487,0.18763129009816362,0.9822317358245383,0.8305031927777216,11.280355627485626,8.271917893738491,8.379409964186026,7.884074194159415
2764,05/05/2023 15:32:32.756318,2947,True,True,True,True,Eyes,1.828793,0.02195973,-3.427917,-0.992911,0.1054297,0.054883,0.0,0.0,0.0,0.0,0.0,0.0,0.0,3.378588,0.3465523,1.860983,1.723235,0.02182557,-3.468169,0.05133643,-0.6904631,0.00470266,0.7215285,4.62164,272.3719,356.3125,0.4858292,0.005267235,-0.8740377,-0.1534835,0.004200801,-0.1066318,-0.3435284,0.171774,-3.06664,0.3087002,0.3396748,2.069,0.04647725,-0.06410562,0.9968603,-0.07767802,0.9946849,0.06758735,-0.9958946,-0.08057541,0.04125058,moving,0.10519935847051905,10.702319800191695,8.486078646823053,9.32327446867104,-2.0667634,0.14994843000000002,0.401529,0.0018041360879942903,0.18570608039716646,0.9826035904924153,0.706869057112759,11.168712439492749,8.385551056535611,8.493580144575395,7.995107450484399
2765,05/05/2023 15:32:32.776532,2948,True,True,True,True,Eyes,1.82342,0.02190059,-3.430049,-0.9926357,0.1047374,0.06086376,0.0,0.0,0.0,0.0,0.0,0.0,0.0,3.366316,0.3521655,1.878003,1.713839,0.02062738,-3.470638,0.05208937,-0.6875602,0.00521434,0.724238,4.73921,272.8238,356.3136,0.4843225,0.005305775,-0.8748732,-0.1442745,0.003948753,-0.1002339,-0.3491007,0.1705263,-3.052314,0.3087002,0.3369918,2.069001,0.05446781,-0.06407629,0.9964575,-0.07918199,0.994519,0.06827984,-0.995371,-0.08262054,0.04909557,moving,-0.007563043891891886,10.772975159110189,8.486074605008472,9.250906153155782,-2.0629397,0.14989892,0.41832400000000014,-0.0001296735828817952,0.18691796997197413,0.9823754927933135,0.5931929714549888,11.2355134902032,8.520770294836968,8.628938206390444,8.138565399598896
2766,05/05/2023 15:32:32.796500,2949,True,True,True,True,Eyes,1.817888,0.02180693,-3.432189,-0.9923291,0.1039447,0.0669208,0.0,0.0,0.0,0.0,0.0,0.0,0.0,3.355578,0.356665,1.891987,1.704427,0.01943403,-3.472936,0.05279571,-0.6849613,0.006030136,0.7266391,4.875316,273.2266,356.3424,0.4828357,0.005339033,-0.8756944,-0.135618,0.003711828,-0.09421989,-0.3552396,0.162368,-3.038627,0.3087001,0.3342952,2.069,0.06158337,-0.06356256,0.996076,-0.0810895,0.9943525,0.06846604,-0.9948025,-0.08498767,0.05608131,moving,-0.061829909756091025,10.859835944551604,8.486075937878136,9.17814980525086,-2.0596666,0.14293397000000002,0.43430899999999983,-0.0010598090749677214,0.18840693667079134,0.9820904438271423,0.5385458456337472,11.31915313027889,8.604454695192434,8.711760020290713,8.23086446279558
2767,05/05/2023 15:32:32.806854,2950,True,True,True,True,Eyes,1.812179,0.02166932,-3.43432,-0.9919798,0.103193,0.07298796,0.0,0.0,0.0,0.0,0.0,0.0,0.0,3.346519,0.3619956,1.902835,1.695132,0.01851794,-3.475226,0.05350045,-0.6827126,0.006327461,0.7286984,4.968674,273.5728,356.3265,0.4813632,0.005366662,-0.8765045,-0.127481,0.003489118,-0.0885667,-0.3617007,0.1537344,-3.026709,0.3086998,0.3316346,2.069,0.06772724,-0.06382922,0.99566,-0.08227247,0.9941953,0.0693317,-0.9943058,-0.08661105,0.06208271,moving,-0.0641542007870139,10.910017433433287,8.486067811043153,9.106331153477194,-2.0568327,0.13521645999999998,0.4485170000000003,-0.0010994639050713184,0.18926700493636336,0.9819250242169927,0.5362575231047497,11.367995735893505,8.632797792862407,8.738396915229186,8.26526528900117
2768,05/05/2023 15:32:32.826476,2951,True,True,True,True,Eyes,1.806304,0.02147109,-3.436466,-0.991593,0.1024096,0.07909286,0.0,0.0,0.0,0.0,0.0,0.0,0.0,3.336796,0.3647721,1.91421,1.685225,0.01731771,-3.477237,0.05358657,-0.6804001,0.005846929,0.7308558,4.949898,273.935,356.2953,0.4799006,0.005388093,-0.877306,-0.1198321,0.003279771,-0.0832527,-0.3682432,0.1466533,-3.016611,0.3086998,0.3289471,2.069,0.0740431,-0.06437408,0.9951753,-0.08146712,0.9941885,0.0703716,-0.993922,-0.0862846,0.06836845,moving,-0.07595682037410455,10.845582378560938,8.486067811043153,9.033757069937726,-2.0534682,0.12933559,0.460626,-0.0013020165489349145,0.1881625746328794,0.98213707525201,0.5242784817325769,11.305013916271532,8.64747431804581,8.751627090887924,8.279414048490505
2769,05/05/2023 15:32:32.839714,2952,True,True,True,True,Eyes,1.800264,0.02122875,-3.4386,-0.991175,0.1016056,0.08513768,0.0,0.0,0.0,0.0,0.0,0.0,0.0,3.328542,0.3657248,1.923319,1.675498,0.0156189,-3.479162,0.05357751,-0.6783355,0.006057811,0.7327712,4.976007,274.2587,356.3277,0.4784431,0.005402394,-0.8781016,-0.1126422,0.003082984,-0.07825754,-0.3749126,0.1431775,-3.00562,0.3087002,0.3261502,2.069,0.07964815,-0.06380909,0.9947787,-0.08156504,0.9941855,0.07030164,-0.9934804,-0.08673856,0.07398045,moving,-0.042919786172369245,10.827071594278397,8.486078646823053,8.958197665949488,-2.0504105999999998,0.12755860000000002,0.47354200000000013,-0.0007357566478600752,0.1878453624871149,0.9821983412663566,0.5575856689488101,11.287575763408437,8.62952764763102,8.731351787096079,8.263595054280106
2770,05/05/2023 15:32:32.856623,2953,True,True,True,True,Eyes,1.794045,0.02095164,-3.44076,-0.9907058,0.1009369,0.09117873,0.0,0.0,0.0,0.0,0.0,0.0,0.0,3.321912,0.3692808,1.928907,1.665544,0.01433103,-3.481078,0.05403413,-0.6765805,0.006409427,0.7343556,5.050486,274.5279,356.3333,0.4769865,0.005409154,-0.8788937,-0.1058836,0.002898005,-0.07356209,-0.3818104,0.138061,-2.996267,0.3087,0.3234829,2.069,0.08439535,-0.06370329,0.9943941,-0.08253047,0.9940785,0.07068753,-0.9930088,-0.08803351,0.07863813,moving,0.036544413678649273,10.868051499788347,8.48607322893318,8.886110178098214,-2.0473543999999997,0.12372997,0.4848110000000001,0.0006263802964683873,0.18854781126701467,0.9820637103843132,0.6377958368370891,11.32892558568997,8.58014009054944,8.678861019882703,8.219659672933805
2771,05/05/2023 15:32:32.876486,2954,True,True,True,True,Eyes,1.787669,0.02061505,-3.442895,-0.9901955,0.10039,0.09713288,0.0,0.0,0.0,0.0,0.0,0.0,0.0,3.316008,0.3651013,1.933875,1.655215,0.01308994,-3.482697,0.05308229,-0.6750107,0.005553114,0.7358751,4.911717,274.7836,356.3464,0.475527,0.005408234,-0.8796842,-0.09953061,0.002724125,-0.06914836,-0.3894038,0.1313028,-2.988739,0.3086997,0.3206772,2.069,0.08865947,-0.06348942,0.9940366,-0.07983502,0.9943029,0.07062703,-0.9928575,-0.08562069,0.08308566,moving,0.1393381581604245,10.703757954841654,8.486065102098083,8.81025162360002,-2.0446188000000003,0.11821286,0.4939580000000001,0.002389593885921082,0.18573054011234624,0.9825978490755924,0.7413101503303111,11.170727404543571,8.46341138573543,8.558809315734697,8.096485359423093
2772,05/05/2023 15:32:32.886576,2955,True,True,True,True,Eyes,1.781133,0.02022789,-3.444998,-0.9896658,0.09975497,0.103008,0.0,0.0,0.0,0.0,0.0,0.0,0.0,3.310907,0.3583565,1.938085,1.64511,0.01131737,-3.484276,0.0518436,-0.6735574,0.005135978,0.7372967,4.782127,275.0238,356.4176,0.4740612,0.005398876,-0.880475,-0.09355878,0.002560677,-0.06499946,-0.3970502,0.1328267,-2.981452,0.3087004,0.3182985,2.069001,0.09258801,-0.06226581,0.9937559,-0.07741277,0.9945717,0.06952947,-0.9926907,-0.08336698,0.08726523,moving,0.2635463220916271,10.543977862728818,8.48608002289569,8.745909428393222,-2.0421602,0.12150933,0.5028239999999999,0.00452206894337015,0.1829883153461354,0.983104737620868,0.8664325661816232,11.017311149996678,8.324756818412933,8.416834948804247,7.950993217549131
2773,05/05/2023 15:32:32.906441,2956,True,True,True,True,Eyes,1.774428,0.0197991,-3.447054,-0.9891087,0.09916971,0.108763,0.0,0.0,0.0,0.0,0.0,0.0,0.0,3.30706,0.3527244,1.939161,1.63477,0.009725999,-3.485518,0.0511582,-0.6723437,0.005900226,0.7384458,4.789145,275.2206,356.5436,0.4725873,0.00538063,-0.8812672,-0.08794525,0.002407037,-0.06109949,-0.4046104,0.133415,-2.975014,0.3087004,0.3155181,2.069001,0.09583829,-0.06007779,0.9935823,-0.07750577,0.994696,0.06762115,-0.9923748,-0.08348907,0.09067359,moving,0.42614392093045445,10.525021469640556,8.48608002289569,8.670678248792472,-2.0393804,0.123689001,0.5105040000000001,0.007312417839453411,0.18266002251916935,0.9831489646461576,1.0304409159988894,11.00176904254735,8.182764292381602,8.270499304665215,7.81156442596601
2774,05/05/2023 15:32:32.926971,2957,True,True,True,True,Eyes,1.767566,0.01932196,-3.44905,-0.9885049,0.09839292,0.1147908,0.0,0.0,0.0,0.0,0.0,0.0,0.0,3.303262,0.3453267,1.939703,1.624057,0.008321623,-3.48649,0.05024752,-0.6711666,0.006612859,0.739572,4.772526,275.4138,356.6826,0.4711028,0.005353319,-0.8820618,-0.08266854,0.002262614,-0.05743352,-0.4131265,0.1297587,-2.970032,0.3086998,0.3129776,2.069,0.09898335,-0.05766754,0.9934167,-0.07723029,0.9948629,0.06544667,-0.9920875,-0.08319999,0.09402122,moving,0.6127156843743291,10.471866981152111,8.486067811043153,8.601915945223764,-2.0371835000000003,0.121437077,0.5164580000000001,0.010515610850111823,0.1817426654872766,0.9832899151648027,1.2185961189310164,10.9533439586234,8.009092187288491,8.092366192115257,7.638413349502095
2775,05/05/2023 15:32:32.946559,2958,True,True,True,True,Eyes,1.76055,0.01881475,-3.450987,-0.9878849,0.09754571,0.120699,0.0,0.0,0.0,0.0,0.0,0.0,0.0,3.29895,0.341013,1.940174,1.61346,0.006742299,-3.487168,0.04990603,-0.6699366,0.007876486,0.7406972,4.846354,275.6089,356.8243,0.4696055,0.005316603,-0.8828601,0.0,0.0,0.0,-0.4219827,0.1271145,-2.964982,0.3087002,0.3103299,2.069,0.1022459,-0.05519956,0.9932265,-0.07853593,0.9948947,0.06337702,-0.991654,-0.084484,0.0973888,moving,0.7861038353202215,10.503658077575427,8.486078646823053,8.530221238296066,-2.0354427,0.12037220099999998,0.522186,0.013489815075281741,0.18228171295756923,0.9831537986494802,1.3935471343648405,10.987431696934213,7.870041017793079,7.948840485026918,7.506123266590648
2776,05/05/2023 15:32:32.957477,2959,True,True,True,True,Eyes,1.753377,0.01828194,-3.452859,-0.9872417,0.09639449,0.1267355,0.0,0.0,0.0,0.0,0.0,0.0,0.0,3.294185,0.3408827,1.940449,1.602776,0.005562801,-3.487732,0.05030537,-0.6686389,0.009498268,0.7418229,5.010436,275.8065,356.9398,0.4680942,0.005270652,-0.8836626,0.0,0.0,0.0,-0.4308636,0.1208978,-2.959569,0.3086999,0.3075631,2.069,0.1056636,-0.05318019,0.9929789,-0.08136433,0.9947584,0.06193354,-0.9910677,-0.08733718,0.1007828,moving,0.9562529433805188,10.608047975375841,8.486070519988186,8.455272766271472,-2.0336396,0.115334999,0.5281629999999997,0.016403841491623494,0.18406464210722706,0.982777228262721,1.5653122317408292,11.092183463410283,7.757433665483984,7.831512870315934,7.406091635203386
2777,05/05/2023 15:32:32.976850,2960,True,True,True,True,Eyes,1.746057,0.0177378,-3.454658,-0.9865717,0.09526177,0.1326704,0.0,0.0,0.0,0.0,0.0,0.0,0.0,3.288444,0.3397164,1.941845,1.591894,0.004451993,-3.487963,0.05022398,-0.6672548,0.01000051,0.743067,5.047717,276.0216,356.9983,0.4665677,0.005215741,-0.8844699,0.0,0.0,0.0,-0.4399301,0.1117214,-2.953798,0.3087,0.3048739,2.069,0.1093421,-0.05216228,0.9926346,-0.08188649,0.994755,0.0612938,-0.9906256,-0.08798535,0.1044972,moving,1.0988095932404138,10.58613785926622,8.48607322893318,8.382398416068147,-2.0318240999999997,0.107269407,0.5341650000000002,0.018850396040534234,0.1836808870504396,0.982805145184976,1.7090998006959581,11.073403545344545,7.638674030076536,7.708964363436611,7.291699215740131
2778,05/05/2023 15:32:32.996765,2961,True,True,True,True,Eyes,1.738593,0.0171899,-3.456359,-0.9858545,0.09392814,0.1388105,0.0,0.0,0.0,0.0,0.0,0.0,0.0,3.282494,0.343576,1.942537,1.58109,0.00363349,-3.488037,0.05066613,-0.665918,0.009838839,0.7442375,5.078412,276.223,356.9595,0.4650248,0.005152475,-0.8852824,0.0,0.0,0.0,-0.4487067,0.1069698,-2.946806,0.3086994,0.3022472,2.069,0.1129129,-0.05283412,0.9921994,-0.08212384,0.9946723,0.06231156,-0.9902053,-0.088519,0.1079724,moving,1.2501757432072336,10.549299592564084,8.486056975262642,8.311191364258793,-2.0297967000000003,0.10333631,0.5412309999999998,0.021449349466534373,0.18303936458696196,0.9828715389019173,1.8617576692218711,11.040239774677868,7.50760026469325,7.574107580832183,7.164429253082419
2779,05/05/2023 15:32:33.006527,2962,True,True,True,True,Eyes,1.730983,0.0166639,-3.457992,-0.9850968,0.09270602,0.1448787,0.0,0.0,0.0,0.0,0.0,0.0,0.0,3.275393,0.3509647,1.944479,1.570107,0.003053607,-3.48814,0.05129356,-0.6644204,0.008632652,0.7455468,5.045966,276.4459,356.8182,0.4634648,0.005081588,-0.8861005,0.0,0.0,0.0,-0.4573899,0.1021424,-2.939683,0.3087002,0.2995606,2.069,0.116942,-0.05528888,0.9915986,-0.08103307,0.9945889,0.06501208,-0.9898275,-0.08795493,0.111829,moving,1.3597887335942678,10.457031342535956,8.486078646823053,8.238333732098669,-2.0274969,0.099088793,0.548457,0.023336644708388254,0.18144865448134856,0.9831234591997249,1.9722322963692784,10.95232783662379,7.400030465323893,7.463687226428131,7.05662513363981
2780,05/05/2023 15:32:33.026767,2963,True,True,True,True,Eyes,1.723214,0.01617211,-3.459523,-0.9842785,0.0914553,0.1511018,0.0,0.0,0.0,0.0,0.0,0.0,0.0,3.267878,0.3580751,1.946981,1.559011,0.002997224,-3.488188,0.05166668,-0.6628887,0.006513401,0.7469047,4.922921,276.6755,356.6184,0.4618872,0.00500443,-0.8869243,0.0,0.0,0.0,-0.4658046,0.09929354,-2.931358,0.3087,0.2968929,2.069001,0.1210721,-0.05876875,0.9909025,-0.07822831,0.9945763,0.06854485,-0.9895564,-0.0858155,0.115818,moving,1.4665781644243663,10.274920372249332,8.486069187121103,8.165958198096416,-2.0248156,0.09629631599999999,0.5568300000000002,0.025183642248764293,0.17831495703527755,0.9836511331179227,2.0797574486207377,10.776844633475756,7.268140475619929,7.329459439121543,6.917915731583856
2781,05/05/2023 15:32:33.046453,2964,True,True,True,True,Eyes,1.715285,0.01566301,-3.460985,-0.9833846,0.09062,0.1572984,0.0,0.0,0.0,0.0,0.0,0.0,0.0,3.259123,0.3607991,1.951513,1.547368,0.003313944,-3.487993,0.05096187,-0.6611943,0.002732434,0.7484769,4.58287,276.9404,356.359,0.4602909,0.004922502,-0.8877543,0.0,0.0,0.0,-0.474017,0.09984595,-2.922507,0.3087,0.2941383,2.069,0.1256292,-0.06330107,0.9900557,-0.07148172,0.9947909,0.07267422,-0.9894988,-0.07990091,0.12045,moving,1.538889170120356,9.900266089389799,8.48607322893318,8.09120541548448,-2.021385,0.096532006,0.5654859999999999,0.02645581903727806,0.1718734993069235,0.9847637444761967,2.1522839531920637,10.413174847094925,7.118468892112116,7.1788625052228,6.745993524368854
2782,05/05/2023 15:32:33.056508,2965,True,True,True,True,Eyes,1.707233,0.01514685,-3.46235,-0.9824499,0.08964052,0.163575,0.0,0.0,0.0,0.0,0.0,0.0,0.0,3.249831,0.3530637,1.958949,1.535634,0.00226297,-3.487888,0.04833427,-0.6593232,-0.001944579,0.750302,4.012056,277.2514,356.1688,0.4586746,0.004835821,-0.8885909,0.0,0.0,0.0,-0.4819636,0.1084939,-2.911964,0.3087001,0.2915547,2.069,0.1305784,-0.06665385,0.9891949,-0.06081776,0.9953201,0.0750948,-0.9895709,-0.06996638,0.1259135,moving,1.599401985267074,9.283304363205133,8.486075937878136,8.021064264682442,-2.0175975999999998,0.10623093,0.5759239999999997,0.027545925192516973,0.1612550381157063,0.9865282784332492,2.2126358296770263,9.81324854219513,6.94050231648087,7.001394732186598,6.524413787900797
2783,05/05/2023 15:32:33.076918,2966,True,True,True,True,Eyes,1.699046,0.01469112,-3.463654,-0.9814754,0.08869509,0.1698213,0.0,0.0,0.0,0.0,0.0,0.0,0.0,3.241054,0.3554978,1.963942,1.524558,0.001640897,-3.487635,0.04829978,-0.6574919,-0.003043825,0.7519058,3.935371,277.5304,356.0864,0.4570383,0.004744682,-0.8894341,0.0,0.0,0.0,-0.4890445,0.1243861,-2.900321,0.3086995,0.2888113,2.069,0.1353903,-0.06809077,0.9884499,-0.05893609,0.9953157,0.07663635,-0.9890379,-0.06863119,0.1307431,moving,1.6796821881298287,9.160759860140749,8.486059684207827,7.946558269872464,-2.0136025,0.122745203,0.5873140000000001,0.028938245215007152,0.15913841998236544,0.9868321007032304,2.293485270037087,9.695315377837497,6.854894231846695,6.913831074080927,6.434759459195061
2784,05/05/2023 15:32:33.096885,2967,True,True,True,True,Eyes,1.690734,0.01429775,-3.464856,-0.9804317,0.08779235,0.1761996,0.0,0.0,0.0,0.0,0.0,0.0,0.0,3.231017,0.361288,1.97047,1.513178,0.002611664,-3.487555,0.04893684,-0.6553926,-0.004173276,0.7536898,3.916129,277.8425,355.9515,0.4553818,0.004651097,-0.8902839,0.0,0.0,0.0,-0.4968206,0.1232532,-2.890078,0.3086995,0.2859694,2.069,0.1408863,-0.07043639,0.9875169,-0.05785497,0.9951755,0.07923666,-0.9883338,-0.06829613,0.1361315,moving,1.7228496216317997,9.097953733169112,8.486059684207827,7.869348655541446,-2.0099986,0.120641536,0.597477,0.02968697204703652,0.15805311813001532,0.9869843006165956,2.336962260221499,9.634909013845572,6.816732576350623,6.873898514475037,6.3975466007283055
2785,05/05/2023 15:32:33.116205,2968,True,True,True,True,Eyes,1.682299,0.01401566,-3.465998,-0.979358,0.08687209,0.1825134,0.0,0.0,0.0,0.0,0.0,0.0,0.0,3.220981,0.353259,1.979136,1.501742,0.003764665,-3.487297,0.04721269,-0.6532604,-0.006800989,0.7556294,3.581308,278.1822,355.8652,0.4537049,0.004556928,-0.89114,0.0,0.0,0.0,-0.5045972,0.1217375,-2.878585,0.3087004,0.2835422,2.069,0.1464092,-0.07196242,0.9866033,-0.0514063,0.9954494,0.08023622,-0.9878877,-0.06246495,0.1420437,moving,1.7641142332697894,8.71596765055268,8.486084064712776,7.803382947720638,-2.0063391999999998,0.117972835,0.6087119999999997,0.03042955666583208,0.15146612096112805,0.987993952231813,2.3781606847993295,9.263538571729887,6.726507642382922,6.783633926935672,6.280030450660182
2786,05/05/2023 15:32:33.126382,2969,True,True,True,True,Eyes,1.673731,0.01380346,-3.467037,-0.9782107,0.08609644,0.1889211,0.0,0.0,0.0,0.0,0.0,0.0,0.0,3.212383,0.3549207,1.983811,1.490378,0.006222039,-3.487063,0.0478697,-0.6513491,-0.006725607,0.757237,3.654279,278.465,355.8313,0.452007,0.004465093,-0.8920029,0.0,0.0,0.0,-0.51144,0.1319192,-2.866307,0.3086998,0.2808874,2.069,0.1513983,-0.07254554,0.9858072,-0.05217402,0.9953265,0.08125884,-0.9870951,-0.06373598,0.1469058,moving,1.849234655857391,8.752131740870283,8.486067811043153,7.731207758689844,-2.001818,0.12569716099999997,0.6207560000000001,0.03189426151751329,0.15208274366339272,0.9878529990653674,2.464071475971605,9.300298783752048,6.660313925784671,6.714896879860789,6.223060862995469
2787,05/05/2023 15:32:33.146663,2970,True,True,True,True,Eyes,1.665072,0.0135765,-3.468022,-0.9770086,0.08566385,0.1952327,0.0,0.0,0.0,0.0,0.0,0.0,0.0,3.203519,0.3283086,1.993312,1.478434,0.007736668,-3.486801,0.04350223,-0.6492506,-0.009710269,0.7592675,3.063969,278.823,355.9093,0.4502884,0.004377203,-0.8928722,0.0,0.0,0.0,-0.519697,0.1287933,-2.856194,0.308701,0.2781358,2.069001,0.1567588,-0.07123308,0.9850648,-0.04174232,0.9960266,0.07866845,-0.9867545,-0.05345087,0.1531625,moving,1.9137935966388406,8.137090091983245,8.48609627655642,7.6563711837939685,-1.9981309999999999,0.121056632,0.6306069999999999,0.03305993571751986,0.14146471084843132,0.9893910667956305,2.528507273699298,8.702315695616441,6.534533029226306,6.589859875986932,6.0487078495142805
2788,05/05/2023 15:32:33.157048,2971,True,True,True,True,Eyes,1.656358,0.01331389,-3.468953,-0.9759224,0.08479647,0.2009602,0.0,0.0,0.0,0.0,0.0,0.0,0.0,3.197453,0.300555,1.998915,1.467606,0.007054751,-3.486515,0.03934609,-0.6476347,-0.01053168,0.7608614,2.649871,279.1031,356.1548,0.4485489,0.004292462,-0.8937477,0.0,0.0,0.0,-0.5262659,0.1494472,-2.844155,0.3087,0.2753843,2.069001,0.1609167,-0.06699008,0.9846919,-0.03493749,0.9966819,0.0735152,-0.9863493,-0.04623248,0.1580423,moving,2.033182133899792,7.670015572611287,8.486069187121103,7.581514734449582,-1.9938718999999998,0.142392449,0.6423599999999996,0.03516125160128958,0.1333850277236923,0.990440354032105,2.6484219972702805,8.249461218075254,6.398551260789024,6.453493915700745,5.875736312851447
2789,05/05/2023 15:32:33.176498,2972,True,True,True,True,Eyes,1.437166,0.007137322,-3.491055,-0.9389903,0.05759934,0.3390863,0.0,0.0,0.0,0.0,0.0,0.0,0.0,3.19243,0.2993612,1.999664,1.457546,0.006077658,-3.486461,0.04007775,-0.6462735,-0.007422932,0.7620165,2.951198,279.3034,356.3766,0.44679,0.004209642,-0.8946286,0.0,0.0,0.0,-0.5330061,0.1625972,-2.835498,0.3086999,0.2727824,2.069,0.164551,-0.06311518,0.9843472,-0.04048958,0.9966773,0.07067431,-0.9855371,-0.05148533,0.1614487,moving,10.189066611699822,6.965814116275429,8.486070519988186,7.510707882828214,-1.9905521,0.156519542,0.650963,0.17563161917938208,0.1193919755920474,0.977189376128738,10.875347057527726,7.710144738717814,1.7840829197577077,1.7880449952988287,2.3975857507759892
2790,05/05/2023 15:32:33.196710,2973,True,True,True,True,Eyes,1.436759,0.007181169,-3.491009,-0.9391285,0.05713931,0.3387813,0.0,0.0,0.0,0.0,0.0,0.0,0.0,3.187517,0.3023678,1.999362,1.447502,0.006278289,-3.486236,0.04151092,-0.6449816,-0.004483989,0.7630568,3.300125,279.4871,356.532,0.4384542,0.003920632,-0.8987446,-0.6575772,-0.0185297,-0.06630564,-0.541669,0.1492802,-2.829466,0.3086998,0.2701068,2.068999,0.1679572,-0.06039064,0.9839429,-0.04670449,0.9965135,0.06913457,-0.9846874,-0.0575662,0.1645512,moving,9.991436645577481,7.24462506606992,8.486071852856547,7.437871153915165,-1.989171,0.143001911,0.6567699999999999,0.17215710439396426,0.12422308538897547,0.9772054880895551,10.676290055228971,7.978194680020281,1.5096684129045717,1.517717763495978,2.2558823743418364
2791,05/05/2023 15:32:33.207008,2974,True,True,True,True,Eyes,1.435962,0.007275712,-3.490978,-0.9392216,0.0567091,0.3385953,0.0,0.0,0.0,0.0,0.0,0.0,0.0,3.183141,0.3125736,1.997091,1.437119,0.007573854,-3.486128,0.04374732,-0.6438333,-0.002684701,0.7639096,3.633898,279.6406,356.5283,0.4314846,0.003679554,-0.9021124,-0.6181225,-0.01741792,-0.0623273,-0.5504524,0.1349057,-2.823556,0.3086998,0.2673064,2.069,0.1709431,-0.06043369,0.9834259,-0.05223022,0.9961579,0.070295,-0.9838956,-0.06338099,0.1671299,moving,9.813082958485888,7.541037811860771,8.486067811043153,7.3616038710780005,-1.9875714,0.127331846,0.6625719999999999,0.16900270883760804,0.1293485133971656,0.9770910702687613,10.496698903872687,8.263738131928564,1.3246183507129219,1.3390913862195133,2.203743092116974
2792,05/05/2023 15:32:33.226502,2975,True,True,True,True,Eyes,1.43479,0.007386689,-3.490947,-0.9394151,0.05610036,0.3381598,0.0,0.0,0.0,0.0,0.0,0.0,0.0,3.179431,0.3183482,1.995445,1.426975,0.008862527,-3.486487,0.04434841,-0.6428178,-0.00405763,0.7647236,3.589746,279.7861,356.3681,0.4256353,0.003479533,-0.9048877,-0.5810351,-0.01637284,-0.05858766,-0.5596149,0.1214355,-2.818148,0.3087001,0.2646697,2.069,0.1735378,-0.06322182,0.9827958,-0.05080996,0.9960335,0.07304518,-0.9835156,-0.06261192,0.1696371,moving,9.622327609340749,7.4759834336099,8.486075937878136,7.289774223081017,-1.9865899000000002,0.112572973,0.668339,0.1657712925274129,0.1283104197083897,0.9777813383391132,10.304190317854346,8.196934546795648,1.1385266546209856,1.1514085855973857,2.031866076196537
2793,05/05/2023 15:32:33.236562,2976,True,True,True,True,Eyes,1.433282,0.007518792,-3.49092,-0.9396017,0.05545306,0.3377478,0.0,0.0,0.0,0.0,0.0,0.0,0.0,3.177536,0.3219879,1.990939,1.416737,0.009421057,-3.486691,0.04464747,-0.642146,-0.005141384,0.7652639,3.539185,279.8831,356.254,0.420703,0.003314113,-0.9071919,-0.546173,-0.01539047,-0.0550724,-0.5676593,0.1207541,-2.812982,0.3086999,0.2619914,2.069,0.1752443,-0.06520942,0.9823632,-0.04947136,0.9959604,0.07493723,-0.9832813,-0.06173116,0.1713103,moving,9.48854297811814,7.397667973954925,8.486070519988186,7.216787704135851,-1.9843962999999998,0.111333043,0.6737090000000001,0.1635150691209335,0.12702229442766094,0.9783292553122405,10.169139302061664,8.118237263762833,1.0071509333573156,1.018660248227511,1.9092752116292666
2794,05/05/2023 15:32:33.257013,2977,True,True,True,True,Eyes,1.431447,0.00770548,-3.490869,-0.9398919,0.05448402,0.3370976,0.0,0.0,0.0,0.0,0.0,0.0,0.0,3.178949,0.3205373,1.982243,1.407154,0.01008326,-3.48677,0.04493931,-0.6420278,-0.004101775,0.7653523,3.641988,279.8988,356.3241,0.4165198,0.003178111,-0.9091207,-0.5134026,-0.01446704,-0.05176806,-0.5764067,0.1199203,-2.809556,0.3086995,0.259399,2.069,0.1755671,-0.06398317,0.9823861,-0.05142596,0.9959272,0.07405571,-0.9831235,-0.0635219,0.1715616,moving,9.439120943401178,7.4281450740081265,8.486059684207827,7.146119616434855,-1.9835607,0.10983704,0.6772139999999998,0.16265979576445877,0.1275609598525374,0.978401797019044,10.119316262766077,8.147037746560347,0.9806413084920013,0.9939135387419921,1.9155584445841665
2795,05/05/2023 15:32:33.276813,2978,True,True,True,True,Eyes,1.429312,0.007913752,-3.490808,-0.9401506,0.05362564,0.3365134,0.0,0.0,0.0,0.0,0.0,0.0,0.0,3.181837,0.3167232,1.970728,1.397417,0.01168339,-3.486439,0.04528709,-0.6422148,-0.002326598,0.7651823,3.802497,279.869,356.4532,0.4128371,0.003064735,-0.9107993,-0.4825985,-0.01359902,-0.04866198,-0.5859264,0.1144538,-2.809544,0.3086996,0.256594,2.069001,0.1751095,-0.06172862,0.982612,-0.05460754,0.9958873,0.0722941,-0.9830334,-0.0663174,0.1710185,moving,9.444669749590961,7.516739732045196,8.486058351345907,7.06962811189703,-1.9833433999999999,0.10277040999999999,0.676895,0.1627224630449845,0.12907232982087943,0.9781931619166602,10.125013583080895,8.233442222434334,1.0408642966956032,1.057754514864794,2.010133710855381
2796,05/05/2023 15:32:33.296780,2979,True,True,True,True,Eyes,1.426905,0.008147287,-3.49073,-0.9404067,0.05256324,0.3359647,0.0,0.0,0.0,0.0,0.0,0.0,0.0,3.181425,0.3069822,1.965778,1.388082,0.01240359,-3.486124,0.04413132,-0.6418021,-0.002186413,0.7655964,3.713479,279.9418,356.5532,0.4094697,0.002968224,-0.9123185,-0.4536426,-0.01278308,-0.04574226,-0.5963017,0.1085184,-2.810896,0.3087005,0.2541467,2.069001,0.1761707,-0.05999496,0.9825296,-0.05329932,0.9960953,0.07038004,-0.9829156,-0.06476706,0.1722851,moving,9.35597776356552,7.342428501076018,8.48608273183924,7.0028732568063505,-1.9843837,0.09611481,0.6752279999999997,0.16126965799011983,0.1261262426881838,0.9788177580976904,10.03534439668022,8.062041435127576,0.9202510077510966,0.9338175036553443,1.8767122678008334
2797,05/05/2023 15:32:33.306920,2980,True,True,True,True,Eyes,1.424223,0.008441179,-3.490641,-0.9406142,0.05141263,0.3355616,0.0,0.0,0.0,0.0,0.0,0.0,0.0,3.178352,0.3121345,1.962998,1.379141,0.01333304,-3.485756,0.0457615,-0.6409132,-2.541492e-05,0.7662483,4.019543,280.0613,356.6266,0.406381,0.002887587,-0.9136987,-0.426424,-0.0120161,-0.04299772,-0.6045845,0.1102705,-2.808668,0.3086998,0.2513719,2.069,0.1784607,-0.05869723,0.9821948,-0.05861934,0.9958118,0.0701619,-0.9821995,-0.07009676,0.1742724,moving,9.210497593747322,7.558959869707198,8.486067811043153,6.927165408476906,-1.9837254999999998,0.09693745999999999,0.6770879999999999,0.1587062873358822,0.12987911813325195,0.9787459569227891,9.88882645135619,8.270359495259843,0.9430941021104354,0.9612298119128866,1.9421385526634105
2798,05/05/2023 15:32:33.326492,2981,True,True,True,True,Eyes,1.421274,0.008772717,-3.490569,-0.9407376,0.05045952,0.3353602,0.0,0.0,0.0,0.0,0.0,0.0,0.0,3.17314,0.3128037,1.96426,1.369862,0.0151146,-3.485431,0.04667922,-0.6395687,0.001536609,0.767314,4.220829,280.255,356.7033,0.4035378,0.002822847,-0.9149582,-0.4008386,-0.01129513,-0.04041786,-0.6125232,0.09794713,-2.804527,0.3086999,0.2488061,2.069,0.1818992,-0.05735099,0.9816432,-0.06206724,0.9956374,0.06966969,-0.9813564,-0.07360075,0.177546,moving,9.00731576503623,7.678342864032635,8.486070519988186,6.857135188025587,-1.9823852,0.08283252999999999,0.680904,0.15519076508337504,0.1319928177238858,0.9790268543092044,9.6839893785438,8.383002493183714,0.9542787419229856,0.9726657455766056,1.9399176850149362
2799,05/05/2023 15:32:33.346633,2982,True,True,True,True,Eyes,1.418098,0.009107059,-3.490487,-0.9408261,0.04960596,0.3352395,0.0,0.0,0.0,0.0,0.0,0.0,0.0,3.169694,0.2940036,1.965899,1.360656,0.01629053,-3.485184,0.04398197,-0.6385255,0.0007391839,0.7683427,3.929583,280.4354,356.8379,0.4009097,0.002773429,-0.916113,-0.3767883,-0.01061742,-0.03799279,-0.6196898,0.09019274,-2.797907,0.3086995,0.2461362,2.069,0.1845693,-0.05503133,0.9812777,-0.0573031,0.99613,0.06664246,-0.9811476,-0.06853041,0.1807015,moving,8.84747383093476,7.305301245759505,8.486059684207827,6.784241831921122,-1.9803458,0.07390221,0.6872769999999999,0.1525853092137992,0.12566742115656596,0.980268048413784,9.522320079986054,8.016728435826536,0.622435394506317,0.6341317672250433,1.6102356463153922
2800,05/05/2023 15:32:33.357009,2983,True,True,True,True,Eyes,1.414689,0.009461185,-3.490362,-0.9408669,0.04882209,0.3352399,0.0,0.0,0.0,0.0,0.0,0.0,0.0,3.16758,0.2806381,1.964789,1.352043,0.01670079,-3.484884,0.04251201,-0.6377425,0.001652953,0.7690739,3.870297,280.5663,357.0308,0.3984709,0.002737893,-0.9171765,-0.354181,-0.009980378,-0.03571322,-0.6263118,0.1000171,-2.792169,0.3086998,0.2434463,2.069,0.1865639,-0.05168093,0.9810825,-0.0567659,0.99638,0.06328144,-0.9808015,-0.06749806,0.1829548,moving,8.742995765527823,7.163188410193159,8.486067811043153,6.710780118285836,-1.9783548,0.08331631,0.6927150000000002,0.15084327553466625,0.12326897692204711,0.9808419730487435,9.416761992823739,7.876409874888846,0.5110502480440717,0.5202741934616579,1.49160463577941
2801,05/05/2023 15:32:33.376999,2984,True,True,True,True,Eyes,1.411047,0.009836515,-3.490206,-0.9408683,0.04824969,0.3353191,0.0,0.0,0.0,0.0,0.0,0.0,0.0,3.165805,0.2674493,1.961979,1.342925,0.01760227,-3.484172,0.04125933,-0.6370748,0.002909002,0.7696916,3.854352,280.6778,357.2372,0.3961979,0.002715395,-0.9181608,-0.3329301,-0.009381555,-0.03357042,-0.6333074,0.1009335,-2.788258,0.3086999,0.2407115,2.069,0.1882547,-0.04809248,0.980942,-0.05704862,0.9965785,0.05980741,-0.980462,-0.06722042,0.184867,moving,8.662097327526464,7.076742288259062,8.486070519988186,6.636069447746376,-1.9762323999999998,0.08333122999999999,0.6959140000000001,0.14948529424536944,0.12181439475705602,0.9812316186248502,9.335053818509424,7.790743243189918,0.466740504114802,0.4745292291710148,1.4331937116286817
2802,05/05/2023 15:32:33.397014,2985,True,True,True,True,Eyes,1.407181,0.01021151,-3.490042,-0.9408237,0.04775894,0.3355145,0.0,0.0,0.0,0.0,0.0,0.0,0.0,3.162994,0.2509448,1.960804,1.333706,0.01845881,-3.483267,0.0389275,-0.636288,0.00238234,0.7704652,3.612961,280.8138,357.3658,0.394069,0.002705206,-0.9190765,-0.3129543,-0.008818662,-0.0315562,-0.6411148,0.1008816,-2.78463,0.3086996,0.2380189,2.069,0.1902639,-0.04586718,0.9806609,-0.05320922,0.996958,0.05695285,-0.9802899,-0.06301627,0.1872445,moving,8.560237855804825,6.781308678436837,8.486062393152974,6.562489464732027,-1.9748208,0.08242279,0.6986370000000002,0.14783063894682885,0.11678265768821793,0.9820937040800704,9.231964946857085,7.501114007880245,0.22746297931155138,0.23104944827029383,1.198910610772344
2803,05/05/2023 15:32:33.406859,2986,True,True,True,True,Eyes,1.403107,0.01058475,-3.489848,-0.9407293,0.0473385,0.3358385,0.0,0.0,0.0,0.0,0.0,0.0,0.0,3.158311,0.2428507,1.961571,1.324627,0.01879166,-3.482338,0.03766686,-0.6351885,0.001753085,0.7714361,3.459458,280.9867,357.4077,0.3920651,0.002706105,-0.9199331,-0.2941771,-0.008289542,-0.02966283,-0.6483014,0.1085402,-2.779725,0.3086995,0.2353371,2.068999,0.1930652,-0.04514632,0.9801466,-0.0505559,0.9971563,0.05588808,-0.9798825,-0.06034223,0.1902337,moving,8.41594443105277,6.589340904509684,8.486063726017463,6.489186103192346,-1.9729284,0.08974854,0.7026129999999999,0.14541200962516587,0.11353266674325481,0.9828355552084622,9.086184755949702,7.311513073053325,0.12209274114735673,0.12226078583610105,1.018021068508737
2804,05/05/2023 15:32:33.426654,2987,True,True,True,True,Eyes,1.398807,0.01095079,-3.489649,-0.9405564,0.04692426,0.3363803,0.0,0.0,0.0,0.0,0.0,0.0,0.0,3.152158,0.2413398,1.964022,1.315549,0.01910744,-3.481478,0.0373065,-0.6338155,0.001053741,0.7725834,3.381298,281.1927,357.3782,0.3901691,0.002716954,-0.9207388,-0.2765264,-0.00779217,-0.02788305,-0.654915,0.1120603,-2.773168,0.3086995,0.2327151,2.068999,0.1965538,-0.04566266,0.9794291,-0.04891907,0.9972143,0.056309,-0.9792719,-0.05898051,0.1937724,moving,8.241511425896308,6.482355413476616,8.486063726017463,6.417493583642259,-1.9704640000000002,0.09295286,0.70831,0.14244819198576458,0.11174593140502195,0.9834740939140232,8.910095111948376,7.204155758178352,0.2524139038063423,0.25300767668987545,0.8936666006404992
2805,05/05/2023 15:32:33.446513,2988,True,True,True,True,Eyes,1.394305,0.01128854,-3.489422,-0.9403332,0.04660812,0.3370476,2.177125,-0.6529188,0.1127603,-2.755627,0.9608773,-0.2697597,0.06280545,0.3127016,0.2226504,2.055301,1.306002,0.0192439,-3.480541,0.03625589,-0.6323406,-0.0005284096,0.7738416,3.178357,281.4181,357.3209,0.3883653,0.002736583,-0.921501,-0.2599348,-0.00732464,-0.02621007,-0.6611347,0.1122445,-2.765268,0.3086996,0.2299042,2.068999,0.2002902,-0.04666995,0.9786245,-0.04503433,0.9973705,0.05678089,-0.9787011,-0.05544436,0.1976618,moving,8.056377497930006,6.259643658632704,8.486066434963863,6.340613617344232,-1.9671367000000002,0.09300059999999999,0.7152730000000003,0.13932813436587826,0.10797069231953868,0.9843423840880257,8.723080138790825,6.983870993573761,0.4334082547729095,0.4372513199786052,0.6855330392296729
2806,05/05/2023 15:32:33.457088,2989,True,True,True,True,Eyes,1.389592,0.01159554,-3.489176,-0.9400206,0.04620735,0.3379737,2.180679,-0.6602904,0.1123589,-2.752164,0.8799382,-0.3897622,-0.2716505,0.3076885,0.2181179,2.055587,1.296672,0.01887661,-3.479658,0.03566835,-0.6308692,-0.00161704,0.7750674,3.05247,281.6393,357.2729,0.3866402,0.002763379,-0.9222261,-0.2443388,-0.006885161,-0.02463747,-0.6673367,0.116809,-2.756572,0.3087002,0.2272841,2.069,0.2040029,-0.04751075,0.9778168,-0.04249749,0.9974502,0.05733102,-0.9780475,-0.05325046,0.2014637,moving,7.8904086270694584,6.1084444231628625,8.486078646823053,6.268928495157482,-1.9640087,0.09793239,0.7230860000000003,0.1365138714248128,0.10541442316417737,0.9850136201127602,8.555479448969763,6.833594989046472,0.6109161122265343,0.6169099689559424,0.5689153897193251
2807,05/05/2023 15:32:33.476518,2990,True,True,True,True,Eyes,1.384679,0.01187281,-3.488895,-0.9396609,0.04581849,0.339025,2.184886,-0.6683736,0.111981,-2.748164,0.7742229,-0.1698319,-0.6097016,0.3023102,0.2184168,2.05592,1.287025,0.01844998,-3.478625,0.03575168,-0.6292518,-0.001608728,0.7763773,3.066156,281.8777,357.274,0.3849812,0.002795822,-0.9229198,-0.2296784,-0.006472052,-0.02315922,-0.6734842,0.1182033,-2.748093,0.3087,0.2247415,2.069,0.2080793,-0.04749157,0.9769585,-0.04249565,0.9974385,0.05753817,-0.9771885,-0.05348899,0.2055281,moving,7.715677386096458,6.089930209184226,8.48607322893318,6.199347853765453,-1.9605092000000002,0.09975331999999999,0.7305320000000002,0.13351320442026116,0.10513949401848363,0.9854541098816634,8.37918844693621,6.812416799615106,0.7721477315353148,0.7781272232776627,0.6223165504690875
2808,05/05/2023 15:32:33.496619,2991,True,True,True,True,Eyes,1.379572,0.01210612,-3.488581,-0.9392201,0.04535181,0.3403069,2.191833,-0.6790422,0.1115097,-2.742685,0.4892195,0.02931519,-0.8716679,0.2974763,0.2185547,2.059068,1.277302,0.01801948,-3.47753,0.03565192,-0.6275602,-0.001410289,0.7777501,3.077489,282.1281,357.3056,0.3833775,0.002832572,-0.923587,-0.2158977,-0.006083728,-0.02176967,-0.6799769,0.1145266,-2.739029,0.3086997,0.2219745,2.069,0.2123324,-0.04694116,0.9760695,-0.04255375,0.9974539,0.05722666,-0.9762707,-0.05368649,0.2097942,moving,7.546389013178432,6.060739405508998,8.486065102098083,6.123605437435861,-1.9572789,0.09650712,0.7385009999999999,0.13060735882451563,0.1046782947257088,0.98589256084834,8.208376242724176,6.780935876380032,0.9357260564502435,0.9417766667621155,0.7135785931366758
2809,05/05/2023 15:32:33.506830,2992,True,True,True,True,Eyes,1.37428,0.01231113,-3.48824,-0.9387258,0.04474604,0.3417478,0.0,0.0,0.0,0.0,0.0,0.0,0.0,3.114908,0.2401527,1.983153,1.267573,0.01723453,-3.476519,0.0363237,-0.6255952,-0.001226918,0.7793008,3.157397,282.4125,357.2813,0.381819,0.002872047,-0.9242323,-0.2029438,-0.005718705,-0.02046349,-0.6863822,0.1110706,-2.729611,0.3087,0.2191773,2.069001,0.2172584,-0.04736014,0.9749644,-0.04353559,0.9973581,0.05814929,-0.9751428,-0.05507907,0.2146226,moving,7.344705117960128,6.098042809491191,8.486069187121103,6.047011598119742,-1.9539552000000002,0.09383607000000001,0.7469080000000003,0.12712684871477892,0.10536819820256997,0.9862738978750047,8.004957980696958,6.813647800997599,1.1370613738593076,1.1425043207383228,0.9050961609187593
2810,05/05/2023 15:32:33.526551,2993,True,True,True,True,Eyes,1.368784,0.01248896,-3.487888,-0.9381741,0.04397574,0.3433592,2.197929,-0.6932558,0.1091445,-2.733209,-0.05953078,0.289977,-0.9551803,0.2835894,0.2279483,2.057718,1.257882,0.01678718,-3.475583,0.03821024,-0.6233751,-0.0006579399,0.7809886,3.374565,282.7248,357.2057,0.3802969,0.002913244,-0.9248595,-0.1907672,-0.005375582,-0.01923568,-0.6923648,0.1047982,-2.718892,0.3086998,0.2167149,2.069,0.222806,-0.04866631,0.9736474,-0.04661093,0.9970791,0.06050379,-0.9737478,-0.05886322,0.2198869,moving,7.115436255998724,6.268159912359037,8.486067811043153,5.979572849415566,-1.9502468,0.08801102,0.756691,0.12313957004950676,0.10835099426447486,0.9864566671546804,7.773861175334667,6.975244369209247,1.3968123416193936,1.4006831735199246,1.2241732178394764
2811,05/05/2023 15:32:33.546339,2994,True,True,True,True,Eyes,1.363102,0.0126282,-3.487519,-0.9375592,0.043196,0.3451329,0.0,0.0,0.0,0.0,0.0,0.0,0.0,3.093019,0.2624952,1.998629,1.247622,0.0162969,-3.474674,0.03949512,-0.6209184,-0.001133424,0.7828789,3.464625,283.0743,357.0816,0.3788031,0.002955265,-0.9254722,-0.1793212,-0.005053047,-0.01808153,-0.6979988,0.09340915,-2.70712,0.3087003,0.2140585,2.069,0.2289181,-0.05082116,0.9721183,-0.04727182,0.9968777,0.06324732,-0.9722972,-0.06043226,0.2258009,moving,6.857733865430133,6.314592475915117,8.486081355767933,5.906799168202843,-1.9456208,0.07711225,0.7675539999999996,0.1186902640588775,0.1092099835238155,0.986907121921517,7.513941305102075,7.015841996630536,1.674659506022729,1.6786336500571908,1.4747990620404916
2812,05/05/2023 15:32:33.557022,2995,True,True,True,True,Eyes,1.357229,0.01272315,-3.487135,-0.9369261,0.04234717,0.3469527,0.0,0.0,0.0,0.0,0.0,0.0,0.0,3.082103,0.2716288,2.006667,1.237515,0.01549975,-3.473927,0.04045492,-0.6185597,-0.00194669,0.7846935,3.501871,283.4106,356.9503,0.3773304,0.002997017,-0.9260735,-0.1685619,-0.004749864,-0.01699664,-0.7033827,0.086224,-2.694035,0.3086996,0.2113097,2.069,0.2347604,-0.05310267,0.9706018,-0.04699245,0.9967192,0.0658977,-0.9709167,-0.06108113,0.2314948,moving,6.617396857353945,6.305111551232501,8.486062393152974,5.83147399505142,-1.9408976999999998,0.07072424999999999,0.7798920000000003,0.11455087756864207,0.10910006127457939,0.9874083495614394,7.271476875797182,7.002283691458452,1.9232606632174034,1.9277560580395692,1.6870131369290406
2813,05/05/2023 15:32:33.577047,2996,True,True,True,True,Eyes,1.351157,0.01277255,-3.486736,-0.9362339,0.04152955,0.3489146,0.0,0.0,0.0,0.0,0.0,0.0,0.0,3.071778,0.2791428,2.013829,1.227094,0.01453211,-3.473222,0.04115179,-0.6162813,-0.002795712,0.7864452,3.513366,283.7363,356.8343,0.3758725,0.003037348,-0.9266661,-0.1584482,-0.004464873,-0.01597684,-0.7086459,0.08070196,-2.68159,0.3086997,0.2086564,2.069,0.2403792,-0.0551195,0.9691128,-0.04632481,0.9965975,0.06817316,-0.969573,-0.06128137,0.2370079,moving,6.399257021799557,6.270247966369666,8.486065102098083,5.758746607998816,-1.9357399,0.06616985,0.7916319999999999,0.11079750398485783,0.10854570624129553,0.9878976464659058,7.051376571545474,6.964398026368319,2.1434421214594637,2.1485813002105467,1.8740134797582428
2814,05/05/2023 15:32:33.596877,2997,True,True,True,True,Eyes,1.344882,0.01279209,-3.486365,-0.9356701,0.04078515,0.3505111,0.0,0.0,0.0,0.0,0.0,0.0,0.0,3.06184,0.2828586,2.020649,1.216302,0.01348084,-3.47251,0.04140681,-0.6140201,-0.003315878,0.7881965,3.508774,284.0628,356.7793,0.3744223,0.003075214,-0.9272528,-0.1489413,-0.004196981,-0.01501823,-0.7142895,0.07599504,-2.669647,0.3086995,0.2059703,2.069,0.2459366,-0.05607635,0.9676624,-0.0456221,0.9965489,0.06934542,-0.9682116,-0.06120137,0.2425295,moving,6.1653320304757635,6.214840523478877,8.486059684207827,5.685101197219425,-1.9305915,0.0625142,0.8028630000000003,0.10677384000595525,0.10763798451522644,0.9884398854243109,6.8153289785667415,6.906215622039159,2.3744123464256437,2.380420256295629,2.0694109135874372
2815,05/05/2023 15:32:33.606808,2998,True,True,True,True,Eyes,1.338405,0.01278499,-3.485986,-0.9350456,0.04010908,0.3522512,0.0,0.0,0.0,0.0,0.0,0.0,0.0,3.052781,0.285967,2.026314,1.205465,0.01271541,-3.47187,0.04172284,-0.6118883,-0.003524027,0.7898352,3.531409,284.3695,356.7477,0.3729744,0.003110056,-0.9278361,-0.1400048,-0.003945162,-0.01411714,-0.7202767,0.07202433,-2.657909,0.3087002,0.2031811,2.069,0.2511605,-0.05662623,0.9662877,-0.04549263,0.9964936,0.07022095,-0.9668759,-0.0615957,0.2477038,moving,5.961317398357024,6.189540448268185,8.486078646823053,5.608609122531212,-1.9257417000000001,0.05930892,0.8139609999999999,0.1032580514784211,0.1072415341829673,0.9888563841277505,6.6094890410471026,6.877900311551964,2.584306985537512,2.59073359629628,2.265543791462008
2816,05/05/2023 15:32:33.627002,2999,True,True,True,True,Eyes,1.331724,0.01273764,-3.48563,-0.9345247,0.03952628,0.3536964,0.0,0.0,0.0,0.0,0.0,0.0,0.0,3.043816,0.2853468,2.03233,1.194166,0.01205689,-3.471371,0.04140425,-0.6097042,-0.004070631,0.7915366,3.47323,284.6882,356.7302,0.3715241,0.00314146,-0.9284178,-0.1316045,-0.003708452,-0.01327011,-0.7265981,0.06780349,-2.646985,0.308699,0.2007138,2.068999,0.2564885,-0.0569328,0.9648691,-0.04404458,0.9965382,0.07050971,-0.9655434,-0.06058219,0.2530931,moving,5.732415266736873,6.085559334301117,8.486050181284893,5.540930885295369,-1.9207641,0.05574659999999999,0.8243860000000001,0.0993253830878803,0.10548921599186149,0.9894475118355476,6.378453915126437,6.772490094398713,2.7993099553240475,2.8069779817597946,2.4410448800979307
2817,05/05/2023 15:32:33.646659,3000,True,True,True,True,Eyes,1.324861,0.01264955,-3.485276,-0.9339615,0.0388925,0.3552509,0.0,0.0,0.0,0.0,0.0,0.0,0.0,3.035605,0.2843502,2.037267,1.182877,0.01100437,-3.470863,0.04118802,-0.6076344,-0.003987628,0.7931381,3.467912,284.9895,356.762,0.3700657,0.003168711,-0.9289999,-0.1237083,-0.003485945,-0.01247391,-0.733081,0.06634555,-2.635914,0.3086998,0.1978934,2.069,0.2615291,-0.05637999,0.9635474,-0.04372903,0.9965753,0.0701816,-0.9642044,-0.06048952,0.258168,moving,5.530656390723785,6.028097009912412,8.486067811043153,5.463542389108485,-1.9159579999999998,0.055341180000000004,0.8349489999999999,0.09585031343862882,0.10453262534602331,0.9898916908638513,6.1748534280017155,6.712884427703769,3.0005892642130494,3.0088500433263876,2.627273768334589
2818,05/05/2023 15:32:33.657105,3001,True,True,True,True,Eyes,1.317818,0.01253023,-3.48492,-0.933496,0.03837121,0.3565289,0.0,0.0,0.0,0.0,0.0,0.0,0.0,3.029014,0.2849356,2.040084,1.171678,0.009971397,-3.470608,0.04155585,-0.6057963,-0.00285925,0.7945288,3.587361,285.2531,356.8471,0.3685958,0.003191127,-0.9295841,-0.1162858,-0.003276788,-0.01172547,-0.7398667,0.06303672,-2.625563,0.3086995,0.1952584,2.069,0.2660055,-0.05489226,0.9624075,-0.04580523,0.9965299,0.06949887,-0.9628827,-0.06257039,0.2625681,moving,5.349320498245344,6.098203516197515,8.486059684207827,5.391225463891557,-1.9115446999999999,0.053065323000000005,0.8450449999999998,0.09270467434740937,0.10577541754089327,0.9900592874703336,5.991999276840154,6.777917523774159,3.207553977015147,3.2154238736432412,2.853638411666842
2819,05/05/2023 15:32:33.676448,3002,True,True,True,True,Eyes,1.310588,0.0123956,-3.484563,-0.9330006,0.03786371,0.3578774,0.0,0.0,0.0,0.0,0.0,0.0,0.0,3.024467,0.2835283,2.039993,1.160314,0.009156272,-3.470295,0.04161863,-0.6043399,-0.001898987,0.7956365,3.665496,285.4637,356.937,0.3671107,0.003208362,-0.9301715,-0.1093086,-0.003080181,-0.01102194,-0.7472397,0.05565817,-2.616864,0.3086995,0.192759,2.069,0.2695394,-0.05332539,0.9615117,-0.04728178,0.9965286,0.06852186,-0.9618278,-0.06393132,0.2660824,moving,5.2280953738551625,6.131340028325814,8.486059684207827,5.322614118878944,-1.9075537,0.046501898,0.853431,0.09060395805063926,0.10636864499732686,0.9901902078454798,5.869743736289014,6.808017305970735,3.349301392832799,3.356839144812033,3.0085763689088516
2820,05/05/2023 15:32:33.686614,3003,True,True,True,True,Eyes,1.303161,0.01225354,-3.484246,-0.9325464,0.03748694,0.3590988,0.0,0.0,0.0,0.0,0.0,0.0,0.0,3.020594,0.2819069,2.038742,1.148636,0.008663995,-3.469941,0.04148848,-0.6030174,-0.001568153,0.7966468,3.681615,285.6556,356.9823,0.3656073,0.00322052,-0.9307634,-0.1027501,-0.00289537,-0.01036063,-0.7554796,0.04966942,-2.609939,0.3087001,0.1899078,2.069,0.272735,-0.05253508,0.9606538,-0.04753802,0.9965525,0.06799457,-0.960914,-0.06421208,0.2692973,moving,5.115602994265654,6.115059580100792,8.486075937878136,5.244326781336317,-1.9041156,0.041005425,0.8600020000000002,0.08866218525631858,0.10610589573133546,0.9903941451672607,5.756242274092216,6.790134505220233,3.4737203777316417,3.4811296256341855,3.137118638361965
2821,05/05/2023 15:32:33.706952,3004,True,True,True,True,Eyes,1.112941,0.008384478,-3.476485,-0.9198691,0.03109199,0.3909912,0.0,0.0,0.0,0.0,0.0,0.0,0.0,3.017238,0.2799652,2.036893,1.136825,0.008286912,-3.469668,0.04117132,-0.6017796,-0.00170021,0.7975985,3.648198,285.8361,356.998,0.3640824,0.003227903,-0.9313609,0.0,0.0,0.0,-0.7642075,0.04629057,-2.603473,0.3086996,0.1873447,2.068999,0.2757169,-0.05226428,0.9598171,-0.04683994,0.996604,0.06772266,-0.9600971,-0.06363006,0.2723325,moving,6.929214448991533,5.813129339857217,8.486066434963863,5.173935715345432,-1.9010325,0.038003658,0.8661949999999998,0.12003157571185286,0.10055199347641447,0.9876647755663148,7.585487450512635,6.528626151836592,1.6819118004812075,1.6829606637834713,1.626723297293002
2822,05/05/2023 15:32:33.726713,3005,True,True,True,True,Eyes,1.112471,0.008363239,-3.476479,-0.9198944,0.03108728,0.3909321,0.0,0.0,0.0,0.0,0.0,0.0,0.0,3.014489,0.2740177,2.034927,1.124868,0.007804157,-3.469549,0.04003631,-0.6006142,-0.00246871,0.7985322,3.495783,286.0116,357.0117,0.3575379,0.003120144,-0.9338931,-0.5706607,-0.01160719,0.02328229,-0.7731537,0.04458677,-2.597408,0.3086997,0.1847117,2.069,0.2785129,-0.05203543,0.9590219,-0.04415006,0.996782,0.06690603,-0.9594172,-0.06097506,0.2753192,moving,6.756825528851298,5.648969910705997,8.486065102098083,5.101603615406216,-1.8980217000000001,0.036782613,0.872141,0.11709217438619751,0.09775635395725531,0.988298108314523,7.411395590649186,6.3656094820566596,1.8117654972362023,1.8138024597273348,1.6591037911368143
2823,05/05/2023 15:32:33.746790,3006,True,True,True,True,Eyes,1.111542,0.00836414,-3.476464,-0.9198839,0.03094006,0.3909684,0.0,0.0,0.0,0.0,0.0,0.0,0.0,3.012554,0.2757882,2.030883,1.113155,0.007311944,-3.469417,0.04053402,-0.5996057,-0.001749569,0.7992666,3.594623,286.1533,357.0476,0.3519821,0.003030422,-0.9360015,-0.5364211,-0.01091076,0.02188535,-0.7822266,0.04703943,-2.591683,0.3086999,0.1820418,2.069,0.2809399,-0.05140561,0.9583477,-0.04581212,0.9967079,0.06689309,-0.9586314,-0.06269688,0.27766,moving,6.616808123853266,5.727150082137826,8.486070519988186,5.028243693914796,-1.8953815999999999,0.039727486,0.8777339999999998,0.11466096173460621,0.09913309729211886,0.9884459820677813,7.270232918311046,6.439250666427932,1.9940587932931633,1.9956482769022756,1.8625793272053421
2824,05/05/2023 15:32:33.766360,3007,True,True,True,True,Eyes,1.11016,0.008346611,-3.476459,-0.9198102,0.03101603,0.3911357,0.0,0.0,0.0,0.0,0.0,0.0,0.0,3.010248,0.2832983,2.026403,1.101229,0.007873973,-3.469206,0.04207212,-0.5985439,-0.0009015989,0.7999839,3.797752,286.294,357.0238,0.3472376,0.002956002,-0.9377723,-0.5042358,-0.01025611,0.02057223,-0.7917378,0.04036544,-2.587107,0.3087,0.1792323,2.069,0.2834886,-0.05180656,0.9575753,-0.0489215,0.9964583,0.06839335,-0.957727,-0.06623475,0.2799501,moving,6.475306753687905,5.929682081158654,8.48607322893318,4.951030184266178,-1.8929668,0.032491467,0.8820989999999997,0.11217919480396382,0.10265574568084693,0.9883711651436087,7.1277130705243685,6.634002768241891,2.2354919799071564,2.2362784605816755,2.1627619005258762
2825,05/05/2023 15:32:33.776869,3008,True,True,True,True,Eyes,1.108379,0.008358065,-3.47645,-0.9197115,0.03087387,0.391379,0.0,0.0,0.0,0.0,0.0,0.0,0.0,3.006927,0.2728709,2.024659,1.088288,0.007343499,-3.468557,0.03992414,-0.5972954,-0.002682167,0.8010227,3.483218,286.4879,357.0143,0.342965,0.002889367,-0.9393435,-0.4739816,-0.009640746,0.0193379,-0.8014381,0.03088713,-2.582302,0.3086999,0.1766713,2.069,0.286462,-0.05198997,0.9566801,-0.04339606,0.9967978,0.06716437,-0.9571084,-0.06075618,0.2832885,moving,6.308082856013942,5.598604894396496,8.486070519988186,4.880630484546068,-1.8897260999999999,0.023543631,0.8862550000000002,0.10935668501414464,0.09697356385869063,0.9892609383157149,6.958643989858689,6.308475690153989,2.290963646512126,2.293276589865264,2.0908786995234707
2826,05/05/2023 15:32:33.796936,3009,True,True,True,True,Eyes,1.106118,0.008488175,-3.476405,-0.919561,0.03078182,0.3917397,0.0,0.0,0.0,0.0,0.0,0.0,0.0,3.005176,0.2813681,2.019939,1.076956,0.008104732,-3.468501,0.04196749,-0.5962981,-0.0008942031,0.8016648,3.796979,286.6164,357.0424,0.33907,0.002829698,-0.9407567,-0.4455428,-0.009062301,0.01817762,-0.8110882,0.03901787,-2.57542,0.3087,0.1739853,2.069,0.2888556,-0.05148396,0.9559873,-0.04861656,0.9964758,0.06835413,-0.9561374,-0.06622129,0.2853347,moving,6.191821761503433,5.897515620862424,8.48607322893318,4.80677877038293,-1.8880442,0.030913138000000003,0.893081,0.10729317828872659,0.10215627439354685,0.9889652244716881,6.841695118445544,6.5975692856576735,2.539318897740226,2.54033396875243,2.4312363192106328
2827,05/05/2023 15:32:33.816636,3010,True,True,True,True,Eyes,1.103445,0.008643841,-3.476336,-0.919312,0.03129087,0.3922836,0.0,0.0,0.0,0.0,0.0,0.0,0.0,3.001206,0.2785546,2.018189,1.064172,0.01100205,-3.467757,0.04134846,-0.5949687,-0.002883675,0.8026794,3.609025,286.8088,356.9081,0.3355042,0.002779572,-0.9420344,-0.4188102,-0.008518564,0.01708697,-0.820447,0.02583657,-2.571326,0.3086995,0.1712402,2.069,0.2920077,-0.05383141,0.9548998,-0.04457274,0.996564,0.06981049,-0.9553768,-0.06294771,0.288605,moving,6.026141551603889,5.744510535749268,8.486059684207827,4.7312855549238035,-1.8846189999999998,0.01483452,0.8964310000000002,0.10446077250604585,0.09954513217134055,0.9895346423378757,6.674383600898378,6.4455393002711485,2.6587613734758744,2.6604176515882636,2.4941604066845553
2828,05/05/2023 15:32:33.829914,3011,True,True,True,True,Eyes,1.100438,0.008824568,-3.476223,-0.9189661,0.03138677,0.3930854,0.0,0.0,0.0,0.0,0.0,0.0,0.0,2.994722,0.2539122,2.023554,1.051643,0.01159945,-3.467205,0.03588472,-0.5930901,-0.008499052,0.8042912,2.730726,287.1124,356.7725,0.3322254,0.002738753,-0.9431958,-0.3936816,-0.00800745,0.01606175,-0.8298756,0.03219344,-2.564084,0.3086999,0.1686273,2.068999,0.2963438,-0.05623717,0.9534244,-0.02889431,0.9972801,0.06780493,-0.9546443,-0.04764212,0.2939128,moving,5.799261431242443,4.872518862341184,8.486074561802832,4.659414922281489,-1.8815186000000002,0.020593989999999996,0.9031210000000001,0.10068202268439302,0.08450742345553364,0.9913231459329945,6.444524506261461,5.592006272626669,2.6883181156657368,2.695251025010599,2.2444717097837574
2829,05/05/2023 15:32:33.846717,3012,True,True,True,True,Eyes,1.097062,0.009105044,-3.476088,-0.9185459,0.03142097,0.3940635,0.0,0.0,0.0,0.0,0.0,0.0,0.0,2.987594,0.2739828,2.025129,1.040362,0.01249386,-3.466904,0.03938053,-0.5911633,-0.007443244,0.8055556,3.132549,287.3613,356.6382,0.3291978,0.002707018,-0.9442569,-0.3700607,-0.007527003,0.01509804,-0.8368283,0.06113909,-2.553528,0.3086994,0.1659228,2.069,0.3009412,-0.05855253,0.9518435,-0.03456875,0.9967875,0.07224675,-0.9530159,-0.05464606,0.2979503,moving,5.579508968273137,5.277233226954916,8.486056975262642,4.585004691596539,-1.8771903,0.04864523,0.913376,0.09681871666739655,0.09154282354272542,0.9910832141427401,6.223291768932315,5.982307431173013,2.9834565723242936,2.987842308773853,2.6594287591524326
2830,05/05/2023 15:32:33.857681,3013,True,True,True,True,Eyes,1.093349,0.009423809,-3.475924,-0.9179795,0.03166223,0.395362,0.0,0.0,0.0,0.0,0.0,0.0,0.0,2.979011,0.2795599,2.029783,1.028186,0.0151601,-3.466307,0.04044192,-0.5888873,-0.008004144,0.8071631,3.202173,287.6755,356.523,0.3263876,0.00268621,-0.945232,-0.347857,-0.007075383,0.01419216,-0.8441656,0.0439153,-2.544828,0.3086997,0.1630832,2.069,0.3062956,-0.06055275,0.9500087,-0.03471015,0.9966007,0.07471351,-0.9513035,-0.05585936,0.3031526,moving,5.331006294429161,5.356763726822909,8.486065102098083,4.5068630643675425,-1.8723516,0.028755199999999998,0.9214790000000002,0.09250713709187192,0.09295670598390351,0.9913634301670153,5.972689867099378,6.055312942228854,3.263290816461426,3.267526161470067,2.9520758960693247
2831,05/05/2023 15:32:33.876675,3014,True,True,True,True,Eyes,1.089343,0.009741187,-3.475735,-0.9173708,0.0317704,0.3967638,0.0,0.0,0.0,0.0,0.0,0.0,0.0,2.970885,0.2608387,2.03702,1.016397,0.01633475,-3.46559,0.0370675,-0.5866309,-0.01035997,0.8089393,2.740686,288.0191,356.5418,0.3237655,0.002676304,-0.9461333,-0.3269856,-0.00665086,0.01334063,-0.8510829,0.04097591,-2.533816,0.3086998,0.1606275,2.069,0.3115135,-0.06025107,0.9483297,-0.02672872,0.9970373,0.07212569,-0.9498657,-0.04781577,0.3089802,moving,5.100064233371501,4.884532183019561,8.486067811043153,4.439272241822746,-1.8674799,0.02464116,0.9317740000000003,0.08857511367902321,0.08481327075683831,0.9924521219381393,5.7391826704022515,5.591134070688445,3.4081329033070342,3.415153970649027,2.9786177412806127
2832,05/05/2023 15:32:33.896652,3015,True,True,True,True,Eyes,1.085051,0.01006809,-3.475501,-0.9166926,0.0316368,0.3983389,0.0,0.0,0.0,0.0,0.0,0.0,0.0,2.96487,0.2588547,2.039341,1.005383,0.01667996,-3.464867,0.03761703,-0.5848107,-0.008268164,0.810255,2.939884,288.2748,356.7053,0.3213055,0.00267619,-0.9469715,-0.3073665,-0.006251808,0.01254019,-0.8569328,0.0562896,-2.522169,0.3086996,0.1579531,2.069,0.3158563,-0.05739632,0.9470694,-0.03059903,0.9970332,0.07062939,-0.9483135,-0.05128814,0.3131629,moving,4.946650031738023,5.051590750161709,8.486062393152974,4.36564782845248,-1.8623158,0.03960964,0.942698,0.08589566965529088,0.08772728256395566,0.9924343540459607,5.584605172087717,5.75111539948721,3.599306835952651,3.605268028313561,3.215272056305748
2833,05/05/2023 15:32:33.907026,3016,True,True,True,True,Eyes,1.080497,0.01039764,-3.475224,-0.9159719,0.03152282,0.4000023,0.0,0.0,0.0,0.0,0.0,0.0,0.0,2.959688,0.2486943,2.040629,0.9942104,0.01730377,-3.463671,0.03694722,-0.5831765,-0.006351396,0.8114799,3.012619,288.5129,356.9346,0.3189847,0.002685167,-0.9477558,-0.2889245,-0.0058767,0.01178778,-0.8639216,0.04757918,-2.513611,0.3087,0.155193,2.069,0.3197295,-0.05340156,0.9460027,-0.03278545,0.9971891,0.06737182,-0.9469414,-0.05255588,0.31708,moving,4.829234806971044,5.09032776839901,8.48607322893318,4.2896490052894505,-1.858132,0.03027541,0.9500600000000001,0.08385660215890661,0.08841364546094772,0.99254780607602,5.466199385630419,5.786739447766388,3.737925750893859,3.743468141447603,3.3705960633721714
2834,05/05/2023 15:32:33.926882,3017,True,True,True,True,Eyes,1.075715,0.01073091,-3.474866,-0.9152109,0.03109268,0.4017737,0.0,0.0,0.0,0.0,0.0,0.0,0.0,2.953683,0.2380798,2.043163,0.9833946,0.01773149,-3.462378,0.03597029,-0.5814321,-0.005016236,0.8127838,3.017384,288.7677,357.131,0.3167834,0.002702417,-0.9484938,-0.271589,-0.005524098,0.01108051,-0.8713142,0.04426386,-2.50532,0.3086997,0.1526122,2.068999,0.3238231,-0.0499828,0.9447964,-0.03367433,0.997362,0.06430534,-0.9455181,-0.05263894,0.3212857,moving,4.7029391756054215,5.046249428512088,8.486069143910223,4.218575515762194,-1.8547088,0.026532370000000003,0.957058,0.08167396214289513,0.08766597593940073,0.9927959975798433,5.338741835554378,5.741529019334611,3.8670107824367546,3.872611065280453,3.4964348356527317
2835,05/05/2023 15:32:33.946545,3018,True,True,True,True,Eyes,1.070699,0.01109991,-3.474454,-0.9144,0.03059139,0.4036544,0.0,0.0,0.0,0.0,0.0,0.0,0.0,2.946382,0.2426252,2.04549,0.9729163,0.01828705,-3.460804,0.03753593,-0.5795556,-0.002895955,0.8140625,3.311044,289.0236,357.2313,0.3146842,0.002727238,-0.9491923,-0.2552937,-0.005192652,0.01041568,-0.8779655,0.04289341,-2.496341,0.3086993,0.1498969,2.068999,0.3282137,-0.04822329,0.9433717,-0.03879334,0.9971654,0.06446992,-0.9438065,-0.05775645,0.3254126,moving,4.562106821613316,5.295409314354763,8.48605830812455,4.143781773857629,-1.8508817999999998,0.02460636,0.9644629999999998,0.0792023454312119,0.09200088421574154,0.9926040970916896,5.1969493390984445,5.981715811884718,4.084934980013298,4.0894548854982125,3.7677897152397626
2836,05/05/2023 15:32:33.957506,3019,True,True,True,True,Eyes,1.065479,0.0114928,-3.473931,-0.9135435,0.03010499,0.4056253,0.0,0.0,0.0,0.0,0.0,0.0,0.0,2.938044,0.2444099,2.04944,0.9622932,0.01954025,-3.45914,0.03831658,-0.577494,-0.002115362,0.8154926,3.442715,289.309,357.2607,0.3126717,0.002759872,-0.949857,-0.239976,-0.004881093,0.009790742,-0.8842101,0.03069993,-2.486816,0.3086998,0.1472147,2.068999,0.3329925,-0.04770531,0.9417219,-0.04080506,0.9970548,0.06493699,-0.9420462,-0.06005055,0.3300652,moving,4.397977627475396,5.388454277370384,8.486071852856547,4.069885888067262,-1.8465033,0.011159680000000002,0.972324,0.07634693872176246,0.09363360396016088,0.9926750797579675,5.031479232638407,6.06940391711612,4.291210452927998,4.295478668654303,3.991526339654677
2837,05/05/2023 15:32:33.976341,3020,True,True,True,True,Eyes,1.060047,0.01189962,-3.473341,-0.9126368,0.02970292,0.4076908,0.0,0.0,0.0,0.0,0.0,0.0,0.0,2.929384,0.2408724,2.054023,0.9517312,0.02058775,-3.457181,0.03768023,-0.5754459,-0.003003866,0.8169659,3.331323,289.6,357.2283,0.3107328,0.002800221,-0.9504929,-0.2255775,-0.004588227,0.009203297,-0.8899056,0.02474596,-2.476136,0.3086997,0.1446028,2.069,0.337706,-0.04827398,0.940013,-0.03845775,0.9971424,0.06502404,-0.9404657,-0.0581098,0.3348844,moving,4.238362794429968,5.248398332955069,8.486065102098083,3.997911836345921,-1.8416367999999999,0.0041582100000000025,0.981045,0.07359776901896264,0.09122570436531963,0.9931068521734651,4.870301076514408,5.9300974509392965,4.423166652800141,4.427944373269705,4.099645196592828
2838,05/05/2023 15:32:33.996577,3021,True,True,True,True,Eyes,1.054424,0.01229573,-3.472658,-0.9116758,0.0292833,0.4098654,0.0,0.0,0.0,0.0,0.0,0.0,0.0,2.921101,0.2403535,2.057468,0.9412311,0.02130124,-3.455055,0.03733684,-0.5735244,-0.004191542,0.8183265,3.227434,289.8702,357.1474,0.3088552,0.002847923,-0.9511045,-0.2120428,-0.004312933,0.008651099,-0.8952997,0.0269511,-2.464896,0.3086997,0.1419002,2.069,0.3421043,-0.04968728,0.9383475,-0.03596709,0.9971768,0.06591536,-0.9389734,-0.05629956,0.3393514,moving,4.102253610784285,5.119550911061572,8.486065102098083,3.9234271626798147,-1.8365308,0.00564986,0.9901590000000002,0.0712527424239141,0.0890073579786474,0.9934790682266144,4.732848201125677,5.802132538828987,4.538928211273568,4.544063733357812,4.197162255157252
2839,05/05/2023 15:32:34.016767,3022,True,True,True,True,Eyes,1.048622,0.01269306,-3.471899,-0.9106611,0.02881985,0.4121476,0.0,0.0,0.0,0.0,0.0,0.0,0.0,2.911929,0.2405735,2.061711,0.9308479,0.02147455,-3.452669,0.03716744,-0.5714657,-0.00497876,0.8197688,3.167035,290.1584,357.0927,0.3070287,0.002901969,-0.9516956,-0.1993203,-0.004054158,0.008132033,-0.9009023,0.02823208,-2.454097,0.3086997,0.1391459,2.069,0.3468043,-0.0506427,0.9365695,-0.03431698,0.9971876,0.06662781,-0.9373097,-0.05524704,0.344091,moving,3.9558792273432606,5.028868132013467,8.486065102098083,3.847503951186328,-1.8317502,0.006757530000000001,0.9985720000000002,0.0687239688536781,0.08745040464363457,0.9937954064220943,4.585082639767853,5.711161178730516,4.676316199841896,4.681688305255861,4.323295321069995
2840,05/05/2023 15:32:34.027298,3023,True,True,True,True,Eyes,1.042653,0.01307331,-3.471047,-0.9095947,0.02823312,0.4145362,0.0,0.0,0.0,0.0,0.0,0.0,0.0,2.90181,0.2435098,2.066913,0.9207365,0.02191436,-3.450172,0.03781975,-0.5692288,-0.004713033,0.8212953,3.253673,290.4665,357.0836,0.3052437,0.002961794,-0.9522694,-0.1873611,-0.003810908,0.007644111,-0.9060726,0.02767223,-2.442529,0.3087003,0.1365212,2.069001,0.3519127,-0.05079776,0.9346533,-0.0353146,0.9970949,0.06748796,-0.9353663,-0.05675678,0.3490965,moving,3.7942508310616745,5.073961107796642,8.4860773139521,3.77513879011184,-1.8268091,0.005757869999999998,1.0076429999999998,0.06591559285160797,0.08824927492541035,0.9939150308439977,4.422081424780184,5.752181726744984,4.863009349675834,4.868282567648272,4.519376213649096
2841,05/05/2023 15:32:34.046722,3024,True,True,True,True,Eyes,1.036544,0.01347717,-3.470112,-0.9084718,0.02735409,0.41705,0.0,0.0,0.0,0.0,0.0,0.0,0.0,2.889726,0.2455166,2.074239,0.9107532,0.02194086,-3.447217,0.03852541,-0.5666603,-0.003745535,0.8230419,3.392239,290.8208,357.1389,0.3034926,0.003026366,-0.9528287,-0.1761194,-0.003582254,0.007185464,-0.9106264,0.02221499,-2.430334,0.3086998,0.1338004,2.069,0.3577642,-0.0498271,0.9324818,-0.03749618,0.9970036,0.06766095,-0.9330589,-0.05917117,0.3548238,moving,3.5983614964698702,5.148063787522718,8.486067811043153,3.7001150467581567,-1.8213796,0.0002741300000000009,1.016883,0.06250979588916877,0.08955433392917792,0.994018363425628,4.224550147219007,5.8208459614928305,5.0924397319102805,5.097668935248858,4.760045421190493
2842,05/05/2023 15:32:34.057518,3025,True,True,True,True,Eyes,1.030294,0.01388772,-3.469055,-0.9072922,0.02633909,0.4196751,0.0,0.0,0.0,0.0,0.0,0.0,0.0,2.87714,0.257695,2.081351,0.9013119,0.02299688,-3.444338,0.04151431,-0.5639954,-0.001063179,0.8247331,3.857614,291.1733,357.2091,0.3017688,0.003095901,-0.9533759,-0.1655522,-0.003367318,0.006754336,-0.9142159,0.01475897,-2.416365,0.3087,0.1310174,2.068999,0.3638161,-0.04858144,0.9302032,-0.04507408,0.9965509,0.06967571,-0.9303797,-0.0672772,0.3603715,moving,3.399171630054907,5.540713693763999,8.486077270749078,3.623362931362733,-1.8155278,-0.008237910000000001,1.0279730000000002,0.059015889065691274,0.09638476065315421,0.9935930636606205,4.024047541625264,6.199764317998115,5.4316025624079085,5.4362526563255775,5.152431795632181
2843,05/05/2023 15:32:34.076617,3026,True,True,True,True,Eyes,1.023921,0.01427377,-3.467908,-0.9060243,0.02525312,0.4224716,0.0,0.0,0.0,0.0,0.0,0.0,0.0,2.860872,0.2608049,2.093533,0.8914635,0.02365521,-3.440962,0.04238849,-0.5606772,-0.0003224701,0.8269487,3.999319,291.6284,357.2383,0.3000666,0.003170112,-0.9539127,-0.1556191,-0.003165279,0.006349076,-0.9171261,-0.003128315,-2.402622,0.3087002,0.1285117,2.069,0.3712819,-0.04806586,0.9272753,-0.04699919,0.9964062,0.07046782,-0.92733,-0.06974461,0.3676885,moving,3.1185724472051333,5.604362322948509,8.486078646823053,3.5542439794835547,-1.8085896,-0.026783525,1.0383399999999998,0.054143204780603305,0.09751542564556404,0.9937601623148489,3.741048579662661,6.256721216682852,5.740581371285674,5.7457034404107805,5.460649554387875
2844,05/05/2023 15:32:34.096696,3027,True,True,True,True,Eyes,1.01746,0.01464164,-3.466611,-0.9047211,0.0236256,0.4253486,0.0,0.0,0.0,0.0,0.0,0.0,0.0,2.844934,0.2636199,2.105591,0.8821539,0.02348975,-3.437719,0.04325689,-0.5574167,0.0008877339,0.8291048,4.170154,292.0754,357.3132,0.2983812,0.003247885,-0.954441,-0.146282,-0.002975363,0.005968132,-0.9184842,-0.01005004,-2.385093,0.3087001,0.1258867,2.069,0.3785717,-0.04675218,0.9243906,-0.04969627,0.9962561,0.07073932,-0.9242369,-0.07271867,0.374831,moving,2.8559177031626954,5.664815943077741,8.486075937878136,3.481824896727784,-1.8006381,-0.03353979,1.052626,0.04958180121357114,0.09858727806158465,0.9938923799261946,3.4761485079295023,6.310888419538724,6.032983989542671,6.0385537719207365,5.75351833832579
2845,05/05/2023 15:32:34.116699,3028,True,True,True,True,Eyes,1.010874,0.01500464,-3.465218,-0.9033262,0.02205608,0.428387,0.0,0.0,0.0,0.0,0.0,0.0,0.0,2.828633,0.2760687,2.116506,0.8729578,0.02365436,-3.434291,0.04594672,-0.5541263,0.003028972,0.8311582,4.573324,292.5125,357.3616,0.2967092,0.003328408,-0.9549618,-0.1375051,-0.002796841,0.005610044,-0.9193516,-0.01862101,-2.368116,0.3087,0.123238,2.069,0.3858698,-0.04588546,0.9214115,-0.05595567,0.9957595,0.07302113,-0.9208549,-0.07973485,0.3816659,moving,2.6013997325972733,5.963562729880381,8.48607322893318,3.4087406821197144,-1.7923094000000002,-0.04227537,1.0661749999999999,0.04514226854353448,0.10379006681149194,0.9935743120987054,3.2197248845408453,6.59733577419327,6.4094754126798,6.415333027536627,6.156424574838828
2846,05/05/2023 15:32:34.126994,3029,True,True,True,True,Eyes,1.004191,0.01534047,-3.463693,-0.9019012,0.02047004,0.431457,0.0,0.0,0.0,0.0,0.0,0.0,0.0,2.812361,0.2763201,2.128314,0.8633821,0.02390271,-3.430663,0.0460261,-0.5508758,0.002913694,0.833312,4.583875,292.9596,357.3634,0.2950468,0.00341129,-0.9554765,-0.1292547,-0.00262903,0.005273441,-0.9199132,-0.03553142,-2.351389,0.3086994,0.1204612,2.069,0.3930548,-0.04585329,0.918371,-0.05556536,0.9957462,0.07349804,-0.9178346,-0.07991837,0.388835,moving,2.350780164133554,5.871277060987426,8.486056975262642,3.332109948319755,-1.7832953,-0.05943413,1.0792739999999998,0.040802533823988685,0.10220867921129709,0.9939257915334856,2.9667942003562304,6.502928114255997,6.633488713679284,6.639954154603131,6.365245432809241
2847,05/05/2023 15:32:34.146976,3030,True,True,True,True,Eyes,0.9973984,0.01563889,-3.462069,-0.9003784,0.01894292,0.4346952,0.0,0.0,0.0,0.0,0.0,0.0,0.0,2.795319,0.2751795,2.140846,0.8540249,0.02362982,-3.426782,0.04554693,-0.5475592,0.002022363,0.835524,4.492342,293.4176,357.3266,0.2933912,0.003495579,-0.9559858,-0.1214995,-0.002471289,0.004957034,-0.9208283,-0.03828637,-2.334003,0.3086996,0.1178181,2.069,0.4003497,-0.04649982,0.9151819,-0.05325875,0.9958428,0.07389638,-0.9148135,-0.07832584,0.3962088,moving,2.10081832366843,5.6819047810331025,8.486062393152974,3.2591578117255007,-1.7748532,-0.061916189999999996,1.0927790000000002,0.03647811727854483,0.09893959300773651,0.9944246166517619,2.71441784285017,6.313955147735086,6.822323652123262,6.829424917529785,6.530211909205651
2848,05/05/2023 15:32:34.166623,3031,True,True,True,True,Eyes,0.9904951,0.01589667,-3.460364,-0.898853,0.01728287,0.4379093,0.0,0.0,0.0,0.0,0.0,0.0,0.0,2.777566,0.2788561,2.153432,0.8445876,0.02302585,-3.422871,0.04583614,-0.544112,0.001392717,0.8377584,4.491709,293.8865,357.2664,0.2917393,0.003580122,-0.9564909,-0.1142095,-0.002323011,0.004659612,-0.9212646,-0.03818869,-2.316007,0.3086995,0.1150705,2.069,0.4078803,-0.04754647,0.9117965,-0.05221351,0.9957943,0.07528364,-0.9115411,-0.07831482,0.4036823,moving,1.8331586914189304,5.575603260803932,8.486059684207827,3.183310160504876,-1.7658521999999999,-0.06121454,1.1068640000000003,0.03183800449125662,0.09710986257478646,0.9947642857942016,2.4442812514843286,6.205587451221422,7.062235803658,7.069947517315101,6.755534520088234
2849,05/05/2023 15:32:34.178509,3032,True,True,True,True,Eyes,0.9834905,0.01612343,-3.45855,-0.8972358,0.01563129,0.441275,0.0,0.0,0.0,0.0,0.0,0.0,0.0,2.759813,0.2849929,2.165165,0.8353193,0.02230228,-3.418695,0.04666516,-0.5407113,0.001283903,0.8399119,4.575788,294.3444,357.2222,0.2900877,0.003663813,-0.9569927,-0.1073569,-0.002183631,0.004380036,-0.9213512,-0.04167784,-2.297714,0.3086991,0.1124802,2.068999,0.4152591,-0.04830803,0.9084197,-0.05262149,0.9956414,0.0770008,-0.90818,-0.07977768,0.4109071,moving,1.584542662731844,5.55448295210158,8.486052890231484,3.111796051789798,-1.7566705,-0.06398012,1.120981,0.02752222384623859,0.0967555745829564,0.9949276001978153,2.1934517935223075,6.180541716986408,7.312791508776614,7.321035631195693,7.001001965430985
2850,05/05/2023 15:32:34.196567,3033,True,True,True,True,Eyes,0.9763947,0.01631422,-3.456633,-0.8956121,0.0139625,0.4446167,0.0,0.0,0.0,0.0,0.0,0.0,0.0,2.742057,0.2914973,2.17638,0.8258877,0.02179149,-3.414368,0.04752553,-0.537327,0.0009934682,0.8420332,4.652015,294.7982,357.1591,0.2884347,0.003745891,-0.9574921,-0.1009155,-0.002052613,0.004117234,-0.9212867,-0.04844593,-2.279652,0.3086997,0.1097026,2.068999,0.4225573,-0.04940044,0.9049889,-0.05274657,0.9954807,0.07896852,-0.9048,-0.08110377,0.418042,moving,1.3376532086583697,5.524799679627353,8.486069143910223,3.035098458968089,-1.7471744,-0.07023742,1.134716,0.023235947267909562,0.0962505928402191,0.995085880275677,1.9443544860596453,6.147185405057354,7.560830420079224,7.569574793310048,7.244247084739469
2851,05/05/2023 15:32:34.206855,3034,True,True,True,True,Eyes,0.9692038,0.01646147,-3.45461,-0.8939087,0.01238042,0.4480781,0.0,0.0,0.0,0.0,0.0,0.0,0.0,2.725397,0.2970392,2.18606,0.8166675,0.02113475,-3.40991,0.04820334,-0.5341871,0.0006331804,0.8439907,4.705997,295.2189,357.0995,0.2867783,0.003825536,-0.9579892,0.0,0.0,0.0,-0.9213473,-0.05468322,-2.261615,0.3086997,0.1070628,2.069,0.4292877,-0.05043039,0.9017588,-0.05256799,0.9953521,0.08068986,-0.9016368,-0.08204281,0.4246413,moving,1.133413168277055,5.47939254483126,8.486065102098083,2.962194398424981,-1.7380148,-0.07581797,1.148295,0.01969015188262485,0.09546922310550854,0.9952376338308084,1.7382645404033539,6.099278704287722,7.762501423490865,7.77160066962999,7.441378256915718
2852,05/05/2023 15:32:34.226451,3035,True,True,True,True,Eyes,0.9619135,0.016549,-3.452498,-0.8921911,0.01082215,0.4515285,0.0,0.0,0.0,0.0,0.0,0.0,0.0,2.709139,0.300212,2.195261,0.8072004,0.02022406,-3.405401,0.04829517,-0.53112,-0.0003039031,0.845919,4.668169,295.6322,357.02,0.2851166,0.003901816,-0.9584846,0.0,0.0,0.0,-0.9217917,-0.06014959,-2.244521,0.3086997,0.1045159,2.069,0.435823,-0.05181522,0.8985395,-0.0507869,0.995335,0.08203042,-0.8985983,-0.08138479,0.4311583,moving,0.9390896734239823,5.343973881978763,8.486065102098083,2.891848291642253,-1.7289921000000001,-0.08037365,1.1608799999999997,0.016318255820291172,0.09312236988954999,0.9955209706054514,1.5420772430084497,5.96386542368966,7.925994676165998,7.935348639586908,7.593171711924932
2853,05/05/2023 15:32:34.246395,3036,True,True,True,True,Eyes,0.9545423,0.01657129,-3.450281,-0.8904084,0.009340279,0.4550666,0.0,0.0,0.0,0.0,0.0,0.0,0.0,2.693333,0.3044703,2.203336,0.7978447,0.01883962,-3.400665,0.04856528,-0.5281782,-0.001014946,0.847743,4.661547,296.0267,356.9505,0.2834477,0.003973431,-0.9589792,0.0,0.0,0.0,-0.9226275,-0.06289659,-2.227609,0.3087003,0.1017344,2.069,0.4420535,-0.05302307,0.8954203,-0.04958142,0.9952808,0.0834139,-0.8956174,-0.08126961,0.4373384,moving,0.7694243883119928,5.244783914208902,8.486081355767933,2.815012503345211,-1.7204722000000001,-0.08173621,1.1730559999999999,0.013372373091998901,0.09140278751803516,0.9957241988169911,1.370806078241313,5.864187882009707,8.080671151129327,8.090153512909184,7.741098937801744
2854,05/05/2023 15:32:34.258633,3037,True,True,True,True,Eyes,0.7683598,0.01554301,-3.392007,-0.8421885,-0.03030297,0.5383309,0.0,0.0,0.0,0.0,0.0,0.0,0.0,2.678632,0.3058173,2.210479,0.7885413,0.01729067,-3.395985,0.04847914,-0.525405,-0.00141456,0.8494689,4.638955,296.4013,356.932,0.2817704,0.004039043,-0.9594731,0.0,0.0,0.0,-0.9236397,-0.06703634,-2.211129,0.3086998,0.09910681,2.069,0.4478953,-0.05334561,0.8924933,-0.04853911,0.9952955,0.08384947,-0.8927675,-0.0808766,0.4431988,moving,6.028606563353748,3.2198318115685884,8.486067811043153,2.7424189911176233,-1.712181,-0.08432701000000001,1.184856,0.10486101867267161,0.0558574338814467,0.9929169206237703,6.674030793052505,3.9861622995359127,2.50254525626808,2.503405437604168,2.197811541466582
2855,05/05/2023 15:32:34.276736,3038,True,True,True,True,Eyes,0.7679856,0.01545872,-3.391796,-0.8420901,-0.03026699,0.538487,0.0,0.0,0.0,0.0,0.0,0.0,0.0,2.665947,0.309182,2.214345,0.7792807,0.01576119,-3.390968,0.04898993,-0.5230439,-0.001001234,0.8508961,4.722122,296.7165,356.9543,0.2748842,0.004079902,-0.9614685,-0.5585477,-0.003084831,0.1748228,-0.925016,-0.07041465,-2.195399,0.3086998,0.09655037,2.069,0.4528481,-0.05295166,0.8900139,-0.04954388,0.995198,0.08441805,-0.8902101,-0.08232329,0.4480501,moving,5.721144582924854,3.287227360490491,8.486067811043153,2.671782709487747,-1.7042967,-0.08617584,1.1955689999999999,0.09952456814095778,0.057056778391810066,0.9933979367537331,6.363936654763533,4.046286143097973,2.831812094597883,2.8325911416644662,2.528378993240328
2856,05/05/2023 15:32:34.286701,3039,True,True,True,True,Eyes,0.7672517,0.01530129,-3.391406,-0.841983,-0.03032679,0.5386509,0.0,0.0,0.0,0.0,0.0,0.0,0.0,2.655432,0.3064138,2.216069,0.7699322,0.01365247,-3.385732,0.04838485,-0.5210992,-0.0008981828,0.8521231,4.676149,296.9839,357.0118,0.2690577,0.004115443,-0.9631149,-0.5250348,-0.002899741,0.1643334,-0.9274203,-0.07750083,-2.181281,0.3087001,0.0938618,2.069,0.4569096,-0.05195734,0.8879945,-0.04889589,0.9953162,0.08339579,-0.8881683,-0.08152362,0.4522291,moving,5.470520746334389,3.219480106143551,8.486075937878136,2.597486815137759,-1.6973525,-0.0911533,1.2044510000000002,0.09518449462527101,0.05590596968752301,0.9938884812129297,6.11102926344816,3.9757825569163843,3.078083344247972,3.079033739227724,2.7460054365434123
2857,05/05/2023 15:32:34.306780,3040,True,True,True,True,Eyes,0.7661771,0.01510024,-3.3908,-0.8418278,-0.03035815,0.5388917,0.0,0.0,0.0,0.0,0.0,0.0,0.0,2.647624,0.3045326,2.214479,0.7609302,0.01172808,-3.380446,0.048267,-0.5196632,0.0001471984,0.8530067,4.732116,297.1807,357.1292,0.2641022,0.004143926,-0.9644855,-0.4935327,-0.002725757,0.1544734,-0.9310872,-0.0805318,-2.168361,0.3087,0.09095334,2.069,0.4599003,-0.04991404,0.8865666,-0.05041628,0.9953406,0.08219115,-0.8865381,-0.08249713,0.4552409,moving,5.294173395306163,3.2537783541371104,8.48607322893318,2.5171046483293096,-1.6920174000000001,-0.09225988,1.212085,0.09212184360270753,0.056517271687846676,0.9941424899808643,5.933167316215393,4.0060226779014485,3.2750025980681294,3.275807182472249,2.9553689275578465
2858,05/05/2023 15:32:34.326627,3041,True,True,True,True,Eyes,0.7647576,0.0148671,-3.389983,-0.8413151,-0.03053673,0.5396819,0.0,0.0,0.0,0.0,0.0,0.0,0.0,2.641867,0.295926,2.210575,0.7516839,0.01049787,-3.37469,0.04729557,-0.518625,0.001357973,0.8536916,4.712747,297.3313,357.312,0.2597547,0.004164292,-0.9656653,-0.4639207,-0.002562211,0.145205,-0.9358102,-0.08623369,-2.157592,0.3087001,0.08854585,2.069,0.4620525,-0.04673875,0.8856201,-0.05137591,0.9955226,0.07934312,-0.8853632,-0.08216023,0.4575824,moving,5.209016127321223,3.20297782107979,8.486075937878136,2.4505604567999404,-1.6874940999999999,-0.09673156,1.217098,0.09064863987964894,0.05564336636383175,0.9943273014568107,5.84720289338569,3.955003680320905,3.36154428220135,3.3623284925832495,3.037597793939642
2859,05/05/2023 15:32:34.346644,3042,True,True,True,True,Eyes,0.7630179,0.01457902,-3.388942,-0.8407728,-0.0305589,0.540525,0.0,0.0,0.0,0.0,0.0,0.0,0.0,2.636167,0.2791253,2.206862,0.7421722,0.009477833,-3.368474,0.04467366,-0.5176643,0.001311326,0.8544157,4.456226,297.4808,357.4699,0.2558039,0.004175984,-0.9667194,-0.4360855,-0.002408479,0.1364927,-0.9419079,-0.08844277,-2.147749,0.3087002,0.08586156,2.069,0.464044,-0.04401108,0.8847182,-0.04849275,0.9960051,0.07498211,-0.8844838,-0.07769741,0.460056,moving,5.135857120022675,2.9272981238834683,8.486078646823053,2.3763575866301783,-1.6840801,-0.09792060300000001,1.2207249999999998,0.08940175383435889,0.05086426947090193,0.9946960217657363,5.773089481684822,3.685133937974051,3.3940605451159565,3.395220133397185,3.0121762478305305
2860,05/05/2023 15:32:34.359167,3043,True,True,True,True,Eyes,0.7609839,0.01422652,-3.387676,-0.8399392,-0.03084939,0.541803,0.0,0.0,0.0,0.0,0.0,0.0,0.0,2.630176,0.2652233,2.202839,0.7327523,0.007858329,-3.362095,0.04248912,-0.5166836,0.001544987,0.8551201,4.258885,297.6291,357.6285,0.2522038,0.004178331,-0.9676649,-0.4099203,-0.00226397,0.1283032,-0.9485955,-0.08227745,-2.137289,0.3087,0.08291813,2.069,0.4660713,-0.04126456,0.8837844,-0.04654916,0.9963846,0.07107005,-0.8835218,-0.07426312,0.4624654,moving,5.0908873274988995,2.6968641299220013,8.48607322893318,2.294982048851019,-1.6813478000000002,-0.090135779,1.224806,0.0886383741306056,0.04686657918208307,0.9949607016140207,5.727464448336071,3.4598473777135426,3.4174603466237214,3.4188881982866954,2.9944671710962973
2861,05/05/2023 15:32:34.386526,3044,True,True,True,True,Eyes,0.7586497,0.01382152,-3.3862,-0.838865,-0.0313658,0.543435,0.0,0.0,0.0,0.0,0.0,0.0,0.0,2.623512,0.255021,2.198804,0.7236856,0.005993484,-3.355418,0.04098131,-0.5156492,0.0022312,0.8558164,4.154488,297.78,357.7909,0.248913,0.004170449,-0.9685166,-0.3853251,-0.002128132,0.120605,-0.9551219,-0.07838429,-2.126713,0.3086998,0.08043693,2.069,0.4682019,-0.03844497,0.8827849,-0.04608296,0.9966311,0.06784392,-0.8824192,-0.07244599,0.4648529,moving,5.064103673126521,2.5470125130500967,8.486067811043153,2.226378342916544,-1.6788075,-0.08437777399999999,1.2287049999999997,0.08818372209707864,0.04426598786343232,0.9951201205559155,5.700276358537441,3.3133873936009755,3.4354104388842788,3.436952841143554,2.9903549443375033
2862,05/05/2023 15:32:34.396561,3045,True,True,True,True,Eyes,0.7560567,0.0133636,-3.384501,-0.8377692,-0.03177041,0.5450996,0.0,0.0,0.0,0.0,0.0,0.0,0.0,2.616629,0.2514191,2.193896,0.714538,0.004483503,-3.348515,0.04062486,-0.5146152,0.003149825,0.8564526,4.176458,297.9231,357.9074,0.2458944,0.00415188,-0.9692876,-0.3622056,-0.002000444,0.1133687,-0.9610901,-0.07824057,-2.115845,0.3086998,0.07778667,2.069,0.4703227,-0.03641698,0.8817429,-0.04720768,0.9966794,0.06634463,-0.881231,-0.07282842,0.4670417,moving,5.04039706686885,2.5344068837457003,8.486067811043153,2.1530931780634712,-1.6756281,-0.082724073,1.2326699999999997,0.087772830906099,0.044048661278365625,0.9951662227661677,5.67634677968606,3.3006812306956643,3.465415557566144,3.4667054993754243,3.035043757937357
2863,05/05/2023 15:32:34.412314,3046,True,True,True,True,Eyes,0.7532216,0.01288415,-3.382588,-0.8366688,-0.03225347,0.5467587,0.0,0.0,0.0,0.0,0.0,0.0,0.0,2.608301,0.242979,2.191035,0.7056386,0.002610807,-3.341402,0.03915384,-0.5133671,0.003195266,0.8572696,4.037622,298.1,358.0052,0.2431151,0.00412219,-0.9699885,-0.3404733,-0.001880417,0.1065665,-0.9670846,-0.08260808,-2.105031,0.3086996,0.07508162,2.069,0.4728881,-0.03472218,0.8804382,-0.045679,0.9969136,0.06385011,-0.8799377,-0.07041148,0.4698425,moving,4.9869796426874045,2.357257169444959,8.486062393152974,2.078285689135855,-1.6727232,-0.08521888700000001,1.236371,0.08685635382914159,0.04097485656838071,0.9953778569844112,5.622259641858479,3.1271497387308083,3.5087320346428177,3.5101859183569672,3.049833109016728
2864,05/05/2023 15:32:34.426392,3047,True,True,True,True,Eyes,0.7501239,0.01241152,-3.38048,-0.8354197,-0.03294945,0.5486239,0.0,0.0,0.0,0.0,0.0,0.0,0.0,2.601988,0.2451214,2.184809,0.6970001,0.00164994,-3.334368,0.03988806,-0.5125055,0.00445263,0.8577455,4.185833,298.2133,358.0896,0.2405464,0.004081889,-0.9706287,-0.3200449,-0.001767592,0.1001726,-0.9722766,-0.08166352,-2.092888,0.3087,0.07234905,2.069,0.4746366,-0.03324725,0.8795537,-0.04852414,0.9967782,0.0638636,-0.8788432,-0.07299159,0.4714942,moving,5.00245981754653,2.4584522459386005,8.48607322893318,2.0027099442992764,-1.6692767000000002,-0.08331346,1.2414800000000001,0.08711885892166432,0.04273182968323627,0.9952809755072747,5.637989972758421,3.226007554824142,3.51235889642274,3.5132980866269286,3.0996830931595025
2865,05/05/2023 15:32:34.446508,3048,True,True,True,True,Eyes,0.7467989,0.01189368,-3.37816,-0.8341812,-0.03331014,0.5504835,0.0,0.0,0.0,0.0,0.0,0.0,0.0,2.595817,0.2403059,2.178459,0.6880313,0.001327285,-3.326907,0.03886498,-0.5117714,0.003453137,0.8582352,4.028061,298.3158,358.0552,0.2381611,0.004032242,-0.971217,-0.3008422,-0.001661537,0.0941622,-0.9781873,-0.09017993,-2.082878,0.3087001,0.06967764,2.069,0.4761562,-0.03385276,0.8787088,-0.04570718,0.9969552,0.06317616,-0.878172,-0.07024502,0.4731591,moving,5.031931350426171,2.2838485720887745,8.486075937878136,1.9288189832394653,-1.6662186,-0.091507215,1.2440289999999998,0.0876417761259572,0.03969677988330546,0.995360742834925,5.667524696499992,3.0564470449139676,3.4713278358758157,3.4723422699932986,3.035749684303709
2866,05/05/2023 15:32:34.459649,3049,True,True,True,True,Eyes,0.7432724,0.01138919,-3.375653,-0.832763,-0.03417071,0.5525741,0.0,0.0,0.0,0.0,0.0,0.0,0.0,2.589387,0.2276505,2.173431,0.6792611,-0.000362318,-3.319512,0.03580674,-0.511021,0.0007771075,0.8588218,3.571694,298.4294,357.9753,0.2359361,0.00397289,-0.9717602,-0.2827917,-0.001561844,0.08851247,-0.9849742,-0.08777713,-2.072458,0.3087,0.06688655,2.069,0.477714,-0.0352612,0.8778074,-0.03793078,0.9974346,0.06070898,-0.8776962,-0.06229745,0.4751509,moving,5.07610009238437,1.7863508835663422,8.48607322893318,1.8516108313279422,-1.6642353,-0.087414812,1.2470539999999999,0.08843614489594342,0.031050514331364947,0.9955977608539585,5.711522912404306,2.5726029483123973,3.4086765953517726,3.410597550689083,2.86669829101428
2867,05/05/2023 15:32:34.476712,3050,True,True,True,True,Eyes,0.7395374,0.01095753,-3.372946,-0.8313325,-0.03481404,0.5546839,0.0,0.0,0.0,0.0,0.0,0.0,0.0,2.582836,0.2426101,2.166118,0.6709961,-0.0005360991,-3.31236,0.03824369,-0.510253,0.000802218,0.8591733,3.814969,298.5168,357.8376,0.2338507,0.003905179,-0.9722644,-0.2658242,-0.001468134,0.08320172,-0.9916652,-0.07588945,-2.061535,0.3086995,0.06441665,2.069,0.4792824,-0.03764943,0.8768529,-0.04040641,0.9970735,0.06489725,-0.8767301,-0.06653459,0.4763586,moving,5.123224916921838,2.0066889554785043,8.486059684207827,1.7832819349468478,-1.6626613,-0.07535335089999999,1.2508249999999999,0.089243708703095,0.034876448310081694,0.9953989982247184,5.759310603140066,2.788093301971683,3.3692184928351168,3.3702475233861158,2.905994913004185
2868,05/05/2023 15:32:34.496569,3051,True,True,True,True,Eyes,0.7356198,0.01059314,-3.370041,-0.8297159,-0.03533146,0.5570665,0.0,0.0,0.0,0.0,0.0,0.0,0.0,2.573509,0.2381204,2.163673,0.662268,0.0007044133,-3.304925,0.03687419,-0.5089502,-0.00195688,0.8600035,3.52201,298.6937,357.6515,0.231887,0.003832071,-0.9727349,-0.2498747,-0.001380046,0.07820962,-0.9974989,-0.08825417,-2.052083,0.3086996,0.06174503,2.069,0.4819318,-0.0409001,0.8752536,-0.0341684,0.997273,0.06541578,-0.8755422,-0.06143196,0.4792201,moving,5.117136344675276,1.7004487151062153,8.486062393152974,1.7093668201704828,-1.6597669,-0.0889585833,1.2528419999999998,0.08915322325791236,0.029555905846806684,0.9955792401477096,5.752823974753392,2.489659195569608,3.367457801342195,3.368937852307384,2.8424370605030918
2869,05/05/2023 15:32:34.506487,3052,True,True,True,True,Eyes,0.7315359,0.01031459,-3.36697,-0.8280819,-0.03574272,0.5594667,0.0,0.0,0.0,0.0,0.0,0.0,0.0,2.56415,0.2215842,2.162691,0.6538262,0.001933579,-3.29753,0.03378965,-0.5075625,-0.004154722,0.8609422,3.09343,298.8934,357.6207,0.2300284,0.00375604,-0.9731765,-0.2348822,-0.001297243,0.07351704,-1.002472,-0.0801979,-2.03937,0.3086997,0.05898714,2.069,0.484726,-0.04145468,0.8736832,-0.02714677,0.997682,0.06239944,-0.8742447,-0.05396431,0.4824771,moving,5.100689125621951,1.2500997393126072,8.486065102098083,1.6330589248667982,-1.6562982000000002,-0.08213147900000001,1.2581600000000002,0.08888529056241912,0.02173027413300846,0.9958048824228757,5.735725385760122,2.050654948079629,3.404484943735267,3.4069676018274744,2.7818617855438372
2870,05/05/2023 15:32:34.526807,3053,True,True,True,True,Eyes,0.7273198,0.01011105,-3.363671,-0.8263286,-0.03610019,0.56203,0.0,0.0,0.0,0.0,0.0,0.0,0.0,2.55504,0.2099152,2.161568,0.6457611,0.003715895,-3.290539,0.03245377,-0.5061126,-0.003758577,0.8618485,2.988524,299.0947,357.743,0.2282602,0.003679846,-0.9735929,-0.2207893,-0.001219408,0.06910602,-1.006883,-0.06622361,-2.026058,0.3086998,0.05642281,2.069,0.4876718,-0.03932917,0.8721408,-0.02637187,0.9978653,0.05974499,-0.8726287,-0.05213594,0.4855936,moving,5.084702130044743,1.112959557437788,8.486067811043153,1.562101424620295,-1.6526440999999998,-0.069939505,1.264481,0.08861175915017283,0.019347178479101647,0.9958782770104012,5.719443342539661,1.9167720133660997,3.428337210858649,3.430891562368296,2.789265526306796
2871,05/05/2023 15:32:34.546768,3054,True,True,True,True,Eyes,0.7229553,0.009955259,-3.360213,-0.8245518,-0.0363644,0.5646167,0.0,0.0,0.0,0.0,0.0,0.0,0.0,2.54558,0.1880559,2.161169,0.63751,0.005398225,-3.283221,0.02896018,-0.5046256,-0.004847401,0.862839,2.583981,299.3095,357.8434,0.2265716,0.003605719,-0.9739876,-0.2075419,-0.001146244,0.06495966,-1.010579,-0.06272227,-2.013408,0.3087001,0.05368662,2.069,0.4906591,-0.03759314,0.8705404,-0.02086304,0.9982756,0.05486819,-0.871102,-0.0450837,0.4890288,moving,5.067019141865738,0.6833858318701013,8.486075937878136,1.4863831108614345,-1.648089,-0.068120495,1.269813,0.08831470579487999,0.011880446893533583,0.9960218000181842,5.701121466557638,1.4979837963846947,3.5083899513237986,3.5120868446588913,2.7849786324553083
2872,05/05/2023 15:32:34.567052,3055,True,True,True,True,Eyes,0.7185109,0.00983476,-3.356535,-0.8226181,-0.03716305,0.5673784,0.0,0.0,0.0,0.0,0.0,0.0,0.0,2.534801,0.1832626,2.160963,0.6295884,0.006366466,-3.275994,0.02816286,-0.5029494,-0.005610239,0.8638388,2.465225,299.5349,357.819,0.2249513,0.003534843,-0.9743634,-0.1950894,-0.001077469,0.06106208,-1.014397,-0.04857964,-1.999887,0.3086998,0.05099323,2.069,0.4940209,-0.03802167,0.8686184,-0.01863631,0.9983508,0.05429968,-0.8692504,-0.04301301,0.4924975,moving,5.040578169719325,0.5198137905211105,8.486067811043153,1.4118441238075203,-1.6439854,-0.054946106,1.2761069999999999,0.08785765522884331,0.009037254764016563,0.9960919836859911,5.67426364565265,1.3381641936930655,3.5552457354094544,3.55908934756812,2.8127693464998247
2873,05/05/2023 15:32:34.576707,3056,True,True,True,True,Eyes,0.7139409,0.009753107,-3.352731,-0.820629,-0.0380018,0.5701964,0.0,0.0,0.0,0.0,0.0,0.0,0.0,2.521283,0.1954966,2.162737,0.6218126,0.007352086,-3.268916,0.03041431,-0.5007531,-0.005407807,0.8650389,2.705548,299.8147,357.7155,0.223391,0.003467921,-0.9747225,-0.183384,-0.001012821,0.05739835,-1.017287,-0.04613886,-1.986251,0.3086996,0.04830555,2.069,0.4984342,-0.03981604,0.8660128,-0.02110419,0.9980915,0.05803508,-0.8666707,-0.04720317,0.4966427,moving,4.950063217028943,0.7177937490172821,8.486062393152974,1.3374583944976084,-1.6390996000000002,-0.053490946,1.282665,0.08628074539559555,0.012480819843504163,0.9961926967847207,5.583174156314047,1.5293989017842353,3.5872721664035376,3.5898850185497695,2.909226920320115
2874,05/05/2023 15:32:34.591941,3057,True,True,True,True,Eyes,0.70927,0.009687633,-3.348841,-0.818511,-0.03921293,0.573151,0.0,0.0,0.0,0.0,0.0,0.0,0.0,2.505926,0.2067257,2.167528,0.6143547,0.008179717,-3.262373,0.0321708,-0.498142,-0.006093575,0.8664772,2.847603,300.1496,357.5548,0.2218813,0.003405676,-0.9750675,-0.172381,-0.000952052,0.05395445,-1.018426,-0.05704617,-1.971375,0.3086998,0.04564342,2.069,0.5036349,-0.04261113,0.8628651,-0.02149136,0.9978558,0.06182144,-0.8636493,-0.04967958,0.5016393,moving,4.8185362398653435,0.7989788503056359,8.486067811043153,1.2637753548286077,-1.6327807,-0.065225887,1.290998,0.08399211239481902,0.01389508599024247,0.996369525548611,5.450580070564262,1.6061200448401747,3.6949089077045083,3.6968667295701567,3.0547316918801157
2875,05/05/2023 15:32:34.607764,3058,True,True,True,True,Eyes,0.7045035,0.009675635,-3.344858,-0.8163224,-0.04066386,0.5761634,0.0,0.0,0.0,0.0,0.0,0.0,0.0,2.490187,0.2213207,2.173188,0.6072982,0.008569523,-3.256359,0.0344743,-0.4954108,-0.006560795,0.8679497,3.0578,300.4962,357.3857,0.2204154,0.003348154,-0.9754001,-0.1620381,-0.0008949288,0.05071719,-1.017979,-0.06522986,-1.95548,0.3086998,0.04262291,2.069,0.5090502,-0.04554676,0.859531,-0.022769,0.997537,0.06634449,-0.8604356,-0.05334333,0.5067593,moving,4.67732127281871,0.9341164376477392,8.486067811043153,1.1801679420138425,-1.6252772,-0.073799383,1.3008789999999997,0.08153325279456042,0.016248408000801448,0.996538203822411,5.308273349246207,1.7352248831779167,3.8154260717791315,3.8166859361542316,3.225905430939004
2876,05/05/2023 15:32:34.627092,3059,True,True,True,True,Eyes,0.6996351,0.009739149,-3.340774,-0.8142685,-0.04225154,0.5789487,0.0,0.0,0.0,0.0,0.0,0.0,0.0,2.474507,0.2411955,2.177849,0.6002291,0.009891916,-3.250233,0.03809386,-0.4927007,-0.006138111,0.8693432,3.450418,300.8318,357.2317,0.2189861,0.003296431,-0.9757221,-0.1523158,-0.0008412331,0.04767416,-1.016718,-0.07560539,-1.93986,0.3086997,0.04035209,2.069,0.5144167,-0.04820999,0.8561842,-0.02686549,0.9970224,0.07228176,-0.8571195,-0.06018476,0.5115898,moving,4.523530306039702,1.2414024722496273,8.486065102098083,1.1173085433118128,-1.6169471,-0.085497306,1.3103730000000002,0.07885010745002685,0.021597411193664658,0.9966524932699276,5.1534734826044595,2.03180233183015,3.9639193034750457,3.9644774325467735,3.4557872896863535
2877,05/05/2023 15:32:34.646629,3060,True,True,True,True,Eyes,0.6946604,0.009836353,-3.336604,-0.8121422,-0.0434472,0.5818397,0.0,0.0,0.0,0.0,0.0,0.0,0.0,2.458793,0.2393392,2.184535,0.5927175,0.01181169,-3.244023,0.03762422,-0.4898964,-0.007765276,0.8709339,3.320891,301.201,357.1068,0.2175874,0.00325216,-0.9760351,-0.1431769,-0.0007907591,0.04481371,-1.015365,-0.09187788,-1.924721,0.3087001,0.03774729,2.069,0.5198825,-0.05039002,0.8527503,-0.02333786,0.9970483,0.07314477,-0.853919,-0.05792805,0.517172,moving,4.36714653109356,1.0454873561061562,8.486075937878136,1.0452008185541157,-1.6080825,-0.10368957,1.319302,0.07613470298001895,0.018193225721724854,0.9969315735017891,4.9954920166463905,1.8381386409341423,4.118262231709857,4.1189294167512145,3.579514841612249
2878,05/05/2023 15:32:34.662371,3061,True,True,True,True,Eyes,0.6895923,0.009947129,-3.332366,-0.8101038,-0.044635,0.584585,0.0,0.0,0.0,0.0,0.0,0.0,0.0,2.443366,0.2223507,2.192473,0.5851847,0.01263456,-3.237872,0.03416939,-0.487077,-0.01049572,0.8726273,2.832128,301.5886,357.0384,0.216213,0.003215589,-0.9763407,-0.1345863,-0.0007433136,0.04212489,-1.014368,-0.08877991,-1.908196,0.3087,0.03492001,2.069,0.5252916,-0.05160394,0.8493561,-0.01496855,0.9974446,0.06985871,-0.8507906,-0.04940983,0.5231768,moving,4.202741217425777,0.4850868049418328,8.48607322893318,0.966930520998852,-1.5995526999999998,-0.10141447,1.3296759999999999,0.07328330205632011,0.00844349667977868,0.9972754570468386,4.829008422384547,1.2892663948776537,4.308972815447687,4.310348766342195,3.67124276163887
2879,05/05/2023 15:32:34.678234,3062,True,True,True,True,Eyes,0.6844305,0.01008156,-3.328056,-0.8079821,-0.04572211,0.5874303,0.0,0.0,0.0,0.0,0.0,0.0,0.0,2.428924,0.2189904,2.198255,0.5779135,0.01308546,-3.231995,0.03359672,-0.4844325,-0.01103294,0.8741139,2.753852,301.9382,357.0251,0.214858,0.003186365,-0.9766399,-0.1265111,-0.0006987147,0.03959739,-1.013429,-0.07319874,-1.890959,0.3087001,0.03240861,2.069,0.5304069,-0.05183877,0.8461569,-0.01326261,0.997499,0.06942414,-0.8476395,-0.04804529,0.5283929,moving,4.063962556107187,0.3383249642222833,8.486075937878136,0.8974019955868789,-1.5913424999999999,-0.0862842,1.341036,0.07086883649674147,0.005890003181178036,0.9974682243046521,4.688842409495631,1.1438021019152496,4.455930351123216,4.457314649902691,3.8052195050313293
2880,05/05/2023 15:32:34.686391,3063,True,True,True,True,Eyes,0.6791977,0.01023726,-3.323684,-0.805848,-0.04686961,0.5902646,0.0,0.0,0.0,0.0,0.0,0.0,0.0,2.41303,0.2165396,2.205282,0.570495,0.0137705,-3.226022,0.0331087,-0.4815038,-0.01186839,0.8757381,2.668642,302.3233,356.9775,0.213518,0.003164474,-0.9769338,-0.1189204,-0.0006567918,0.03722155,-1.01251,-0.07266795,-1.875479,0.3086999,0.02972923,2.069,0.5360265,-0.05267112,0.8425564,-0.01109673,0.9975259,0.06941844,-0.8441283,-0.04655975,0.534116,moving,3.890181045471895,0.181695319946296,8.486070519988186,0.8232200066154227,-1.583005,-0.08643845,1.350543,0.06784397581903989,0.0031638697743169887,0.9976909553222525,4.5133541627761575,0.9880955430112628,4.639072421168799,4.640447606166409,3.976136214638757
2881,05/05/2023 15:32:34.706398,3064,True,True,True,True,Eyes,0.6738926,0.01041953,-3.319267,-0.8035833,-0.04821814,0.5932359,0.0,0.0,0.0,0.0,0.0,0.0,0.0,2.39456,0.2210093,2.214979,0.5633986,0.01449869,-3.220445,0.03394601,-0.4780471,-0.01210682,0.8775945,2.751623,302.7695,356.9179,0.2121895,0.003149828,-0.9772232,-0.1117852,-0.0006173843,0.03498825,-1.010835,-0.07184581,-1.858962,0.3086997,0.02704227,2.069,0.5426488,-0.05370533,0.838241,-0.01120583,0.9974022,0.07115693,-0.8398849,-0.04800641,0.5406373,moving,3.6580142487639593,0.17940226880070648,8.486065102098083,0.7488253841496232,-1.5742336,-0.08634449999999999,1.3614829999999998,0.0638007154761902,0.0031247758380405395,0.9979577378794393,4.279139987896972,0.9816862612461209,4.860429078935368,4.861513933608956,4.2133648197821865
2882,05/05/2023 15:32:34.726778,3065,True,True,True,True,Eyes,0.6685169,0.01061423,-3.314816,-0.8013698,-0.04966683,0.5961037,0.0,0.0,0.0,0.0,0.0,0.0,0.0,2.37471,0.2341153,2.22529,0.5563425,0.01537357,-3.214999,0.03668598,-0.4743015,-0.01091672,0.8795302,3.105646,303.2429,356.8997,0.2108691,0.003142506,-0.977509,-0.1050781,-0.0005803413,0.03288896,-1.007081,-0.07706561,-1.841365,0.3087,0.02440318,2.069,0.5498379,-0.0540036,0.8335239,-0.01559725,0.9970699,0.07488848,-0.8351258,-0.05417721,0.5473846,moving,3.3782218696335726,0.4373096848019784,8.48607322893318,0.6757536924088312,-1.5634234999999999,-0.09243918000000001,1.3736340000000002,0.05892522699793151,0.007619157538057697,0.9982333081848307,3.997173420241153,1.2278952948013826,5.112867776727026,5.113413835537122,4.522729468094231
2883,05/05/2023 15:32:34.746587,3066,True,True,True,True,Eyes,0.6630835,0.01081973,-3.310338,-0.7990535,-0.05129833,0.5990675,0.0,0.0,0.0,0.0,0.0,0.0,0.0,2.355801,0.2370974,2.2359,0.5492213,0.01593772,-3.209885,0.03767517,-0.4706199,-0.00989353,0.8814759,3.273789,303.7177,356.9625,0.2095535,0.003142165,-0.9777919,-0.0987734,-0.0005455208,0.03091562,-1.002137,-0.0917078,-1.823523,0.3087,0.02174592,2.069,0.556838,-0.05290319,0.8289347,-0.01801955,0.9969654,0.07573169,-0.8304256,-0.05710733,0.554195,moving,3.1161455744227977,0.49487461535297944,8.48607322893318,0.6021766852052807,-1.5513583,-0.10764552000000001,1.3863619999999999,0.05435816709955943,0.008624313618164656,0.9984841986548816,3.7328536430665205,1.2792588777043084,5.370642071520273,5.370999604251518,4.801201591983584
2884,05/05/2023 15:32:34.761528,3067,True,True,True,True,Eyes,0.657595,0.01104239,-3.305815,-0.7968289,-0.05296473,0.6018791,0.0,0.0,0.0,0.0,0.0,0.0,0.0,2.339262,0.246466,2.243262,0.5423869,0.0164662,-3.204787,0.04003661,-0.4674256,-0.007831112,0.8830906,3.634473,304.1215,357.0558,0.2082405,0.003148452,-0.9780723,0.0,0.0,0.0,-0.9973761,-0.09960335,-1.805925,0.3087001,0.01900288,2.069,0.5629039,-0.05125943,0.8249314,-0.02359711,0.9966715,0.07803283,-0.8261855,-0.06339097,0.5598207,moving,2.90556704583812,0.7447207480553297,8.486075937878136,0.5262224305616893,-1.539763,-0.11606955,1.398862,0.05068570811509743,0.01298075689876143,0.9986302961853296,3.52070145738987,1.5188597998680102,5.584631636421411,5.58478477731105,5.063622485773154
2885,05/05/2023 15:32:34.776945,3068,True,True,True,True,Eyes,0.6520552,0.0112639,-3.301266,-0.7945237,-0.05464745,0.6047691,0.0,0.0,0.0,0.0,0.0,0.0,0.0,2.324065,0.2496713,2.249505,0.5353469,0.01719331,-3.19953,0.04123142,-0.4644729,-0.006372185,0.8846042,3.843277,304.4998,357.1519,0.2069282,0.003161238,-0.9783508,0.0,0.0,0.0,-0.9936078,-0.1142355,-1.790588,0.3087001,0.01633234,2.069,0.5684488,-0.04957546,0.8212237,-0.02702802,0.9965187,0.07886638,-0.8222746,-0.06702755,0.5651299,moving,2.7351361162511947,0.8439925121018784,8.486075937878136,0.4522739079074619,-1.5289546999999999,-0.13142881,1.4089420000000001,0.047713834697837965,0.014713138191646352,0.9987526377992616,3.3488811165568855,1.6125004208241762,5.764162184601912,5.7642651133380856,5.26658297129028
2886,05/05/2023 15:32:34.796695,3069,True,True,True,True,Eyes,0.646485,0.01147686,-3.296683,-0.7923024,-0.05647952,0.6075088,0.0,0.0,0.0,0.0,0.0,0.0,0.0,2.30964,0.2502132,2.25546,0.5285612,0.01741472,-3.194443,0.04182158,-0.4616607,-0.005170758,0.8860551,3.975975,304.863,357.2549,0.2056146,0.003179865,-0.9786277,0.0,0.0,0.0,-0.9908292,-0.1231547,-1.775686,0.3086997,0.01368359,2.069,0.5736852,-0.04777791,0.8176812,-0.0294516,0.9964484,0.07888672,-0.8185463,-0.06933817,0.5702406,moving,2.574576870303475,0.8591914199222238,8.486065102098083,0.37892727162106515,-1.5193903999999998,-0.14056942,1.418757,0.04491468218917938,0.014980024238873502,0.9988784918598846,3.1869248462575523,1.6244188253437026,5.930872771073199,5.930965078871193,5.443540820225754
2887,05/05/2023 15:32:34.806366,3070,True,True,True,True,Eyes,0.6408731,0.01169883,-3.292074,-0.7900046,-0.05842652,0.6103106,0.0,0.0,0.0,0.0,0.0,0.0,0.0,2.29596,0.2593212,2.259882,0.5218887,0.01754445,-3.189525,0.04402502,-0.4589846,-0.003249886,0.8873469,4.309705,305.1991,357.3456,0.2042986,0.003203525,-0.9789031,0.0,0.0,0.0,-0.9882304,-0.1301112,-1.761351,0.3086998,0.01072187,2.069,0.5786451,-0.04618116,0.814271,-0.03464606,0.9961025,0.08111422,-0.8148432,-0.07514762,0.5747898,moving,2.4376035847118467,1.0711219290009635,8.486067811043153,0.29691271168274025,-1.5101190999999998,-0.14765565,1.428174,0.04252395592155511,0.018676605756359023,0.9989208438625322,3.048983534549577,1.8284079436410738,6.097631568988631,6.097812674179986,5.648660290299354
2888,05/05/2023 15:32:34.826503,3071,True,True,True,True,Eyes,0.6352165,0.01192316,-3.287437,-0.7877076,-0.06029519,0.6130915,0.0,0.0,0.0,0.0,0.0,0.0,0.0,2.282006,0.2670392,2.264317,0.5152535,0.01802989,-3.184365,0.04592269,-0.4562937,-0.001758141,0.8886419,4.589323,305.5377,357.4106,0.2029788,0.003232011,-0.9791776,0.0,0.0,0.0,-0.98568,-0.1439781,-1.748251,0.3087001,0.008246161,2.069,0.583586,-0.04503318,0.8108017,-0.03878374,0.9957761,0.0832221,-0.8111247,-0.08001318,0.5793744,moving,2.299609778655427,1.2348103886454025,8.486075937878136,0.2283555924629199,-1.5009335,-0.16200799,1.4361140000000001,0.040115683559195814,0.0215324914873001,0.9989629843743332,2.9099584558962883,1.9853836093659352,6.267467201386652,6.267799836941708,5.846386373226262
2889,05/05/2023 15:32:34.846812,3072,True,True,True,True,Eyes,0.6295245,0.012142,-3.282771,-0.7853053,-0.06215702,0.6159807,0.0,0.0,0.0,0.0,0.0,0.0,0.0,2.266496,0.2676315,2.270969,0.5084693,0.01833951,-3.179159,0.04615532,-0.4533069,-0.001710255,0.8901571,4.624229,305.9214,357.4187,0.2016544,0.003264928,-0.9794511,0.0,0.0,0.0,-0.9830274,-0.1558511,-1.73488,0.3086997,0.005591661,2.069,0.5890198,-0.04488984,0.8068709,-0.03880026,0.9957335,0.08372151,-0.8071867,-0.08062043,0.584765,moving,2.1350016992224723,1.1553355040483755,8.486065102098083,0.15484668717081704,-1.4914967,-0.17419061,1.4442789999999999,0.03724662583156979,0.020149052324830354,0.9991030160451098,2.7438112116722397,1.9050025127670753,6.429034737202434,6.429384435546142,6.003042991348575
2890,05/05/2023 15:32:34.862425,3073,True,True,True,True,Eyes,0.62375,0.01234719,-3.278102,-0.7828407,-0.06370123,0.6189527,0.0,0.0,0.0,0.0,0.0,0.0,0.0,2.248915,0.2719074,2.279066,0.5019032,0.01844059,-3.17387,0.0469563,-0.4499642,-0.001651676,0.8918099,4.718814,306.3463,357.4003,0.2003241,0.003301707,-0.9797239,0.0,0.0,0.0,-0.9798836,-0.159387,-1.719953,0.3087001,0.002947226,2.069,0.595059,-0.04520326,0.8024098,-0.03931133,0.9955847,0.08523855,-0.80272,-0.08226578,0.5906547,moving,1.931433492912878,1.1531324910054621,8.486075937878136,0.08161599654760814,-1.4817868,-0.17782759,1.453917,0.033696669333293516,0.020113169904525007,0.9992296272576828,2.538447609322666,1.8991952851389096,6.64121692570598,6.641647775908881,6.219154058628198
2891,05/05/2023 15:32:34.876730,3074,True,True,True,True,Eyes,0.6179399,0.01252099,-3.273398,-0.7802405,-0.06511532,0.622081,0.0,0.0,0.0,0.0,0.0,0.0,0.0,2.229305,0.2702779,2.289175,0.4948668,0.01822773,-3.168272,0.04638751,-0.4462339,-0.002699873,0.8937094,4.617556,306.8264,357.3419,0.1989854,0.003341586,-0.9799965,0.0,0.0,0.0,-0.9752405,-0.1654501,-1.704078,0.3086997,0.0002726167,2.069,0.601736,-0.04622516,0.7973563,-0.03657355,0.9956818,0.08532345,-0.7978572,-0.08050434,0.597447,moving,1.692496007531986,0.961894031707124,8.486065102098083,0.007549437527496614,-1.4701073,-0.18367783,1.464194,0.029531173842474945,0.016780107747723597,0.999423009068439,2.2971906045282173,1.7086026480333014,6.859908267600743,6.860273656865555,6.418391509688604
2892,05/05/2023 15:32:34.886649,3075,True,True,True,True,Eyes,0.6120452,0.01266782,-3.268697,-0.7775611,-0.06639995,0.6252917,0.0,0.0,0.0,0.0,0.0,0.0,0.0,2.207709,0.2699211,2.30117,0.4881866,0.01762378,-3.162844,0.04585786,-0.4421479,-0.004072695,0.8957599,4.505443,307.3498,357.2489,0.1976383,0.003383326,-0.9802689,0.0,0.0,0.0,-0.9700572,-0.1649667,-1.686213,0.3086998,-0.002371535,2.069,0.6089773,-0.04784823,0.7917432,-0.0332556,0.9957609,0.08575675,-0.7924902,-0.0785538,0.6048046,moving,1.4172204788565137,0.7658861628662172,8.486067811043153,-0.06567370080254889,-1.4582438,-0.18259048,1.4766310000000002,0.024730432220095522,0.013362748508929791,0.9996048070895801,2.0192701464734,1.5127103433767854,7.117286270221423,7.1175904920574755,6.656633400256073
2893,05/05/2023 15:32:34.906769,3076,True,True,True,True,Eyes,0.606111,0.01279204,-3.263957,-0.7747226,-0.06770194,0.6286663,0.0,0.0,0.0,0.0,0.0,0.0,0.0,2.184598,0.2763599,2.313381,0.4810483,0.01703116,-3.157354,0.0465946,-0.4377352,-0.005003513,0.8978819,4.547899,307.906,357.1378,0.1962811,0.003425934,-0.9805414,0.0,0.0,0.0,-0.9633165,-0.1647098,-1.667526,0.3086997,-0.005056441,2.069,0.6167256,-0.04977732,0.7856027,-0.03180707,0.9956078,0.08805333,-0.7865353,-0.07929248,0.6124337,moving,1.1151669264920376,0.7216941539530773,8.486065102098083,-0.14002520631816728,-1.4443648,-0.18174095999999998,1.4898280000000002,0.01946056221436937,0.012593220670241004,0.9997313007491889,1.714506567164682,1.464228192105831,7.420740955300787,7.421098312987021,6.958996620087148
2894,05/05/2023 15:32:34.926878,3077,True,True,True,True,Eyes,0.6001549,0.01288468,-3.259146,-0.7717754,-0.06895287,0.6321458,0.0,0.0,0.0,0.0,0.0,0.0,0.0,2.160507,0.2844399,2.325988,0.4741516,0.01661534,-3.151796,0.04766564,-0.4331746,-0.00584487,0.90003,4.630947,308.4775,357.0201,0.1949126,0.003468689,-0.9808143,0.0,0.0,0.0,-0.9556649,-0.1700564,-1.648391,0.3086998,-0.007698983,2.069,0.6246513,-0.0518162,0.7791829,-0.03077397,0.9953877,0.0908647,-0.7802973,-0.08073732,0.6201755,moving,0.8044895799048067,0.7194653002403117,8.486067811043153,-0.21320309156462264,-1.4298165,-0.18667174,1.503405,0.014039424445429771,0.01255547128426953,0.999822651016723,1.4010904362918302,1.456469442560183,7.737543116172106,7.737991628980385,7.279059745045983
2895,05/05/2023 15:32:34.946817,3078,True,True,True,True,Eyes,0.5941643,0.01293085,-3.254298,-0.7686364,-0.07030611,0.6358106,0.0,0.0,0.0,0.0,0.0,0.0,0.0,2.134727,0.2926311,2.339599,0.4670465,0.01601925,-3.146113,0.04876753,-0.4282789,-0.006579388,0.9023059,4.724853,309.09,356.9144,0.1935332,0.003510641,-0.9810871,0.0,0.0,0.0,-0.9471345,-0.1767442,-1.629061,0.3087,-0.01036617,2.069,0.6330678,-0.05364544,0.7722353,-0.02989896,0.9951569,0.09364206,-0.7735188,-0.08237082,0.6283978,moving,0.4680275508383727,0.7193587733390817,8.48607322893318,-0.2870627457856123,-1.414181,-0.19276345,1.517052,0.008167887080005487,0.012554430345168822,0.9998878214479904,1.0616649124502058,1.4503144269311683,8.080408632666918,8.0809616240997,7.6249798878514365
2896,05/05/2023 15:32:34.962768,3079,True,True,True,True,Eyes,0.5881513,0.01293275,-3.249399,-0.7653866,-0.0718875,0.6395432,0.0,0.0,0.0,0.0,0.0,0.0,0.0,2.107191,0.3047182,2.354033,0.4601954,0.01497797,-3.140474,0.05064262,-0.4230654,-0.006654288,0.9046584,4.933425,309.7374,356.8417,0.1921426,0.003550485,-0.9813603,0.0,0.0,0.0,-0.9375409,-0.1841294,-1.608808,0.3086997,-0.01322718,2.069,0.6419429,-0.05489,0.7647853,-0.03081056,0.994782,0.09725895,-0.7661332,-0.08599814,0.636902,moving,0.09882793983658283,0.8176902722795789,8.486065102098083,-0.36628867293388623,-1.3977363,-0.19910737,1.5316660000000002,0.0017246964064354109,0.014270881593274679,0.9998966607319512,0.6893241859976496,1.5394642480047462,8.469620446156963,8.470392751149685,8.026273301380956
2897,05/05/2023 15:32:34.977185,3080,True,True,True,True,Eyes,0.5820962,0.01290287,-3.244477,-0.7619327,-0.07358477,0.6434624,0.0,0.0,0.0,0.0,0.0,0.0,0.0,2.079741,0.3190518,2.367656,0.4533143,0.01399584,-3.13484,0.05300298,-0.4178618,-0.006397912,0.9069408,5.2093,310.379,356.7821,0.1907413,0.003587096,-0.9816335,0.0,0.0,0.0,-0.9262806,-0.1955917,-1.588169,0.3086999,-0.01577732,2.069,0.6507012,-0.05590089,0.7572735,-0.03269079,0.9942995,0.101488,-0.7586299,-0.09079424,0.6451645,moving,-0.25215080073838647,0.9767532712240167,8.486070519988186,-0.4369049428627261,-1.3795949,-0.20958754000000002,1.5466710000000001,-0.004400208060402311,0.017046569973336666,0.9998450232611915,0.33543311480413485,1.6881034942960307,8.850753470850272,8.85183265749276,8.42309628158086
2898,05/05/2023 15:32:34.996950,3081,True,True,True,True,Eyes,0.5760174,0.01283205,-3.239504,-0.7583674,-0.07542514,0.6474488,0.0,0.0,0.0,0.0,0.0,0.0,0.0,2.05059,0.3335154,2.382544,0.4461631,0.01334189,-3.129445,0.05529268,-0.4122908,-0.006632638,0.9093488,5.456586,311.0635,356.6797,0.189328,0.003619852,-0.981907,0.0,0.0,0.0,-0.9148154,-0.2094918,-1.568101,0.3086997,-0.01848316,2.069,0.6599446,-0.05765608,0.7490988,-0.03353056,0.9937974,0.1060298,-0.7505658,-0.09509151,0.653918,moving,-0.6377624808314725,1.095631672988599,8.486065102098083,-0.5118312662990214,-1.3609784999999999,-0.22283369,1.561344,-0.011128790592233206,0.019120030718989746,0.9997552641489208,-0.0534411200416165,1.7969739562343523,9.262955019539685,9.264349241269425,8.846114857583526
2899,05/05/2023 15:32:35.006828,3082,True,True,True,True,Eyes,0.5698861,0.01274153,-3.234485,-0.7545661,-0.07731787,0.6516532,0.0,0.0,0.0,0.0,0.0,0.0,0.0,2.020049,0.3491685,2.397585,0.4391043,0.01237443,-3.123774,0.05770401,-0.4065267,-0.006987002,0.9117881,5.713077,311.7684,356.5627,0.1879037,0.003647884,-0.9821804,0.0,0.0,0.0,-0.9023212,-0.2222838,-1.547491,0.3087,-0.02121456,2.069,0.6693744,-0.05965777,0.7405261,-0.03417511,0.9932429,0.1109084,-0.7421389,-0.09954683,0.6628126,moving,-1.0263701480866407,1.2187283808711609,8.48607322893318,-0.5874635851008799,-1.3414255000000002,-0.23465823,1.576283,-0.017908529091752667,0.021265807442240124,0.9996134229692931,-0.4453329847096763,1.9098998077729894,9.680638639795854,9.682401996351432,9.273987323107828
2900,05/05/2023 15:32:35.026658,3083,True,True,True,True,Eyes,0.5637116,0.0126149,-3.229419,-0.7504422,-0.07937988,0.656152,0.0,0.0,0.0,0.0,0.0,0.0,0.0,1.986668,0.360145,2.414635,0.4317057,0.01172564,-3.117773,0.05931481,-0.4002211,-0.007658646,0.9144651,5.874645,312.5444,356.4563,0.186467,0.003671078,-0.9824541,0.0,0.0,0.0,-0.8889304,-0.2356797,-1.526458,0.3086998,-0.02383643,2.069,0.6795289,-0.06148521,0.7310679,-0.03347095,0.9928463,0.114613,-0.7328849,-0.1023523,0.6726096,moving,-1.4543689700931537,1.2328951203487164,8.486067811043153,-0.6600611016082762,-1.3206361,-0.24740534,1.591315,-0.02537493066108426,0.021509491616906275,0.999446628218827,-0.8770854546111784,1.916002844217451,10.117080081271542,10.119069456131488,9.71106299686685
2901,05/05/2023 15:32:35.046653,3084,True,True,True,True,Eyes,0.5574933,0.01247314,-3.22433,-0.7460775,-0.08146565,0.6608568,0.0,0.0,0.0,0.0,0.0,0.0,0.0,1.951766,0.3654911,2.433393,0.4241826,0.01077008,-3.111965,0.05973443,-0.3936025,-0.009094647,0.9172929,5.879037,313.3639,356.328,0.1850177,0.003688806,-0.9827279,0.0,0.0,0.0,-0.8739736,-0.245396,-1.503508,0.3087,-0.02656423,2.069,0.6899888,-0.06370816,0.721011,-0.03033833,0.9926981,0.1167473,-0.7231841,-0.1024286,0.6830178,moving,-1.897753578829364,1.0845335843883384,8.48607322893318,-0.7355894834996888,-1.2981562,-0.25616608,1.608457,-0.03311006647788073,0.018917173797610536,0.9992726666309621,-1.3245420179937353,1.7635018914390812,10.540174149979437,10.542139590987505,10.123913730545524
2902,05/05/2023 15:32:35.062774,3085,True,True,True,True,Eyes,0.5512415,0.01231186,-3.219175,-0.7414779,-0.08356805,0.6657529,0.0,0.0,0.0,0.0,0.0,0.0,0.0,1.916586,0.3760797,2.451376,0.4168489,0.01027895,-3.106464,0.06120121,-0.3869368,-0.01020828,0.9200165,6.010592,314.1788,356.1864,0.183555,0.003701149,-0.9830022,0.0,0.0,0.0,-0.858199,-0.2498449,-1.479639,0.3086997,-0.02923703,2.069,0.7003514,-0.06614557,0.7107269,-0.02857843,0.9923004,0.1205122,-0.7132259,-0.1047123,0.6930687,moving,-2.327193167511529,1.0607329043016787,8.486065102098083,-0.8095925260979416,-1.2750479000000001,-0.26012385,1.626825,-0.04059906932370483,0.01849696131596759,0.9990043028034201,-1.7577906463784159,1.732592970510548,10.971666335145752,10.973817550008757,10.554586097747347
2903,05/05/2023 15:32:35.076673,3086,True,True,True,True,Eyes,0.5449314,0.01212335,-3.213986,-0.736612,-0.08554535,0.6708835,0.0,0.0,0.0,0.0,0.0,0.0,0.0,1.880737,0.3769228,2.470108,0.4089759,0.009723198,-3.100535,0.06084823,-0.3801218,-0.01213082,0.9228532,5.916879,315.022,356.0425,0.1820797,0.003708034,-0.9832765,0.0,0.0,0.0,-0.841709,-0.2583129,-1.456932,0.3087,-0.03176752,2.069,0.7107205,-0.0686494,0.7001169,-0.02386954,0.9923006,0.1215303,-0.7030694,-0.1030856,0.7036099,moving,-2.7490034787917237,0.8162032081212521,8.48607322893318,-0.8796528809925827,-1.2506849,-0.268036098,1.643603,-0.04795589883315038,0.01422856147126459,0.9987480642426476,-2.1835910588416985,1.4867976048559635,11.360370063563469,11.362344674557585,10.928944318450498
2904,05/05/2023 15:32:35.096616,3087,True,True,True,True,Eyes,0.538563,0.01191482,-3.208761,-0.7315707,-0.08755197,0.6761205,0.0,0.0,0.0,0.0,0.0,0.0,0.0,1.842112,0.3774064,2.490444,0.4011836,0.008864812,-3.094688,0.06047263,-0.3727803,-0.01379622,0.9258443,5.836529,315.9292,355.9286,0.1805899,0.003709164,-0.9835512,0.0,0.0,0.0,-0.8254531,-0.2589268,-1.432825,0.3087003,-0.03443904,2.069,0.7216891,-0.07063232,0.6886044,-0.0195397,0.9923054,0.1222624,-0.6919416,-0.1016906,0.7147558,moving,-3.222058038535059,0.5784934168876275,8.486081355767933,-0.9536150009912583,-1.2266367,-0.267791612,1.661863,-0.05620302925157494,0.010080484279293658,0.9983684542338378,-2.6610793808880384,1.246724240971246,11.806090444288305,11.807958514517441,11.362248248853069
2905,05/05/2023 15:32:35.106768,3088,True,True,True,True,Eyes,0.5321236,0.01169205,-3.203506,-0.7262397,-0.08938809,0.6816052,0.0,0.0,0.0,0.0,0.0,0.0,0.0,1.802368,0.3789935,2.510677,0.393172,0.008204015,-3.088853,0.06060767,-0.3651533,-0.0143899,0.928861,5.85914,316.869,355.9075,0.1790851,0.003704483,-0.9838263,0.0,0.0,0.0,-0.8069285,-0.2603831,-1.407851,0.3086998,-0.03733322,2.069,0.7329119,-0.07099461,0.676609,-0.01752975,0.9922393,0.1231012,-0.6800976,-0.1020832,0.7259795,moving,-3.7122434093605974,0.45605431276159136,8.486067811043153,-1.0337379594067513,-1.2001005,-0.268587115,1.6810019999999999,-0.06474350616416913,0.007942865542844152,0.9978703174528825,-3.1557197468702363,1.1186339742990525,12.286982910071627,12.288949411729245,11.83908452899089
2906,05/05/2023 15:32:35.126713,3089,True,True,True,True,Eyes,0.5256064,0.01145552,-3.198225,-0.7207565,-0.09123947,0.6871575,0.0,0.0,0.0,0.0,0.0,0.0,0.0,1.76217,0.3710748,2.531838,0.3849398,0.007619696,-3.083003,0.05921045,-0.3573484,-0.01486758,0.9319738,5.724162,317.8413,355.9641,0.1775647,0.003694117,-0.984102,0.0,0.0,0.0,-0.7870019,-0.2644295,-1.382834,0.3087,-0.03981645,2.069,0.7441622,-0.07002989,0.664318,-0.01460513,0.9925461,0.120991,-0.6678393,-0.09973938,0.7375925,moving,-4.213857872902291,0.1785137138829513,8.48607322893318,-1.1024808989030876,-1.1719417,-0.272049196,1.7001690000000003,-0.07347905634985324,0.0031072246906667725,0.9972919213635685,-3.6620643109356603,0.8392456939683567,12.76245829542413,12.764372181558903,12.302339121038514
2907,05/05/2023 15:32:35.146911,3090,True,True,True,True,Eyes,0.5190198,0.01121091,-3.192916,-0.7149731,-0.09301521,0.692937,0.0,0.0,0.0,0.0,0.0,0.0,0.0,1.722385,0.3637507,2.551854,0.376543,0.00703675,-3.077182,0.05790332,-0.3496068,-0.01540926,0.9349786,5.595364,318.8013,356.0071,0.1760269,0.003678186,-0.9843783,0.0,0.0,0.0,-0.766476,-0.2625502,-1.356992,0.3087,-0.0425078,2.069,0.7550753,-0.06930144,0.6519651,-0.01167211,0.9928195,0.1190511,-0.655534,-0.09750235,0.7488447,moving,-4.682939971712769,-0.08664317912114934,8.48607322893318,-1.1769816071052348,-1.143019,-0.26958695,1.72019,-0.08164166184211608,-0.0015071600782494768,0.996660632564621,-4.135576054784404,0.5725061198934842,13.212062035021697,13.214073806602038,12.742320744200711
2908,05/05/2023 15:32:35.162670,3091,True,True,True,True,Eyes,0.5123683,0.0109638,-3.187567,-0.7091033,-0.09484874,0.6986961,0.0,0.0,0.0,0.0,0.0,0.0,0.0,1.679956,0.3628855,2.571877,0.3681923,0.006595466,-3.071299,0.05768137,-0.3414505,-0.01605744,0.9379907,5.580463,319.7993,355.9949,0.1744708,0.003656975,-0.9846553,0.0,0.0,0.0,-0.7461376,-0.2609555,-1.331941,0.3087,-0.04519102,2.069,0.7663074,-0.06951414,0.6387025,-0.009267206,0.99283,0.1191748,-0.6424074,-0.09724354,0.7601688,moving,-5.194661534497183,-0.24913121389975643,8.48607322893318,-1.2512533023970973,-1.1143299,-0.267550966,1.7393579999999997,-0.09053894121351025,-0.004330288078634781,0.9958835084661155,-4.6519873352289105,0.4050147726534958,13.715146748950202,13.71738868544543,13.242048909591857
2909,05/05/2023 15:32:35.177007,3092,True,True,True,True,Eyes,0.5056425,0.01069073,-3.182218,-0.7029026,-0.09665025,0.704689,0.0,0.0,0.0,0.0,0.0,0.0,0.0,1.635327,0.3619251,2.592511,0.3594486,0.006348311,-3.065478,0.05732721,-0.3328754,-0.01740973,0.9410657,5.526538,320.8431,355.9134,0.1728959,0.003630914,-0.9849332,0.0,0.0,0.0,-0.7239456,-0.2635916,-1.307048,0.3087001,-0.04787447,2.069,0.7777817,-0.07093302,0.6245192,-0.00539825,0.992821,0.1194879,-0.6285114,-0.09630679,0.7718151,moving,-5.725386223136333,-0.45837617525046725,8.486075937878136,-1.325527158024131,-1.0833941999999999,-0.269939911,1.7584300000000002,-0.09975745786446855,-0.007960181650753892,0.9949799031846462,-5.18762169870653,0.1916332928500255,14.235327093261919,14.23789336878428,13.757608182036504
2910,05/05/2023 15:32:35.196558,3093,True,True,True,True,Eyes,0.4988711,0.01043653,-3.176861,-0.6963233,-0.09897951,0.7108705,0.0,0.0,0.0,0.0,0.0,0.0,0.0,1.588607,0.3677278,2.613291,0.3508204,0.005453565,-3.060242,0.05789723,-0.3239592,-0.01925959,0.9441015,5.557408,321.915,355.7432,0.1713009,0.003599651,-0.985212,0.0,0.0,0.0,-0.7005674,-0.2650052,-1.281845,0.3086997,-0.05056082,2.069,0.7893591,-0.07387867,0.6094705,-0.001146671,0.9925539,0.1218003,-0.6139308,-0.09684305,0.7833967,moving,-6.262774647330624,-0.6259677005022823,8.486065102098083,-1.3998768184691823,-1.0513877999999999,-0.270458765,1.7783970000000002,-0.10908207097264316,-0.010859787647368599,0.9939733980834461,-5.729931640291604,0.018708752723376132,14.766147789862382,14.76913028167876,14.286600309465857
2911,05/05/2023 15:32:35.206510,3094,True,True,True,True,Eyes,0.4920212,0.01019185,-3.171495,-0.6893526,-0.1012659,0.7173131,0.0,0.0,0.0,0.0,0.0,0.0,0.0,1.538028,0.3923567,2.632835,0.3423034,0.005826584,-3.055173,0.06208778,-0.31443,-0.02001992,0.9470367,6.027689,323.0323,355.5613,0.1696861,0.00356427,-0.9854915,0.0,0.0,0.0,-0.6756664,-0.2705147,-1.257729,0.3087,-0.05318965,2.069,0.801466,-0.07696372,0.5930674,-0.001125314,0.9914886,0.1301885,-0.5980393,-0.1050091,0.7945578,moving,-6.850915722139655,-0.36023403965658835,8.48607322893318,-1.4726299444599056,-1.0179698,-0.276341284,1.7974439999999998,-0.11928398555496134,-0.006242338544950793,0.9928404892331874,-6.322953869353564,0.2669961137120556,15.374139901731555,15.377277221093252,14.910854516762681
2912,05/05/2023 15:32:35.226913,3095,True,True,True,True,Eyes,0.4851049,0.009913274,-3.16614,-0.681917,-0.1036129,0.7240536,0.0,0.0,0.0,0.0,0.0,0.0,0.0,1.483974,0.3970205,2.65557,0.3334241,0.005814767,-3.049697,0.06265488,-0.3042209,-0.02202852,0.9502835,6.066156,324.2518,355.3862,0.1680502,0.003525451,-0.9857719,0.0,0.0,0.0,-0.6475644,-0.2905864,-1.235427,0.3086999,-0.05586608,2.069,0.8139288,-0.07998853,0.5754318,0.003744842,0.9911783,0.1324829,-0.5809526,-0.1056767,0.807048,moving,-7.475728881267141,-0.5390334957227506,8.486070519988186,-1.5466955243435336,-0.9809885,-0.296401167,1.81427,-0.13010053620535517,-0.009327812249770293,0.9914569511613112,-6.953471141160116,0.08158101638000037,15.989999197664918,15.993574425057053,15.525164449995517
2913,05/05/2023 15:32:35.248026,3096,True,True,True,True,Eyes,0.4781355,0.009702472,-3.160801,-0.6740796,-0.1062859,0.730972,0.0,0.0,0.0,0.0,0.0,0.0,0.0,1.429155,0.3920511,2.679531,0.3247092,0.004745794,-3.044769,0.06137783,-0.2938207,-0.02447382,0.9535739,5.893218,325.5034,355.2285,0.1663922,0.00348244,-0.9860532,0.0,0.0,0.0,-0.6175262,-0.2955492,-1.210035,0.3087,-0.05854279,2.069,0.8261408,-0.08274336,0.5573553,0.01060704,0.9912676,0.1314384,-0.563364,-0.1026748,0.8198043,moving,-8.088249135162146,-0.9508659933069783,8.48607322893318,-1.620763681842589,-0.9422354,-0.30029499400000004,1.834734,-0.14067919675057805,-0.01642994786148836,0.9899189284349759,-7.57184933296562,-0.33062264414855025,16.583319084345764,16.58785473598246,16.109666070439843
2914,05/05/2023 15:32:35.263007,3097,True,True,True,True,Eyes,0.471052,0.009548728,-3.155453,-0.6658465,-0.1087782,0.7381164,0.0,0.0,0.0,0.0,0.0,0.0,0.0,1.370954,0.4216223,2.698881,0.3163077,0.006247094,-3.039926,0.06650197,-0.2830914,-0.02615472,0.9564271,6.453696,326.7381,354.9375,0.1647118,0.003437747,-0.9863355,0.0,0.0,0.0,-0.5865117,-0.2940115,-1.184598,0.3086995,-0.06131573,2.069,0.8383504,-0.08768243,0.538034,0.01237789,0.9897868,0.1420169,-0.5449913,-0.1124002,0.8308735,moving,-8.716904256756152,-0.6425000714454696,8.486059684207827,-1.6974889356130967,-0.9028194,-0.300258594,1.8553279999999999,-0.15154315005068758,-0.011083998327406294,0.9883885354253372,-8.205694485642892,-0.041533614129659946,17.230838104706706,17.23528270315357,16.773695039957
2915,05/05/2023 15:32:35.276597,3098,True,True,True,True,Eyes,0.4639177,0.009420249,-3.15015,-0.657168,-0.1111451,0.7455046,0.0,0.0,0.0,0.0,0.0,0.0,0.0,1.307699,0.4026016,2.725457,0.3069236,0.00733204,-3.034143,0.06282718,-0.2712727,-0.03162313,0.959929,5.938581,328.1559,354.5308,0.1630077,0.003393319,-0.9866188,0.0,0.0,0.0,-0.5532714,-0.3166188,-1.163832,0.3087,-0.06389493,2.069,0.8508222,-0.09479853,0.5168316,0.02662531,0.9901055,0.1377763,-0.5247787,-0.1034623,0.8449277,moving,-9.401207822854508,-1.4421529941004148,8.48607322893318,-1.768848082871145,-0.860195,-0.32395083999999996,1.8703109999999998,-0.1632964084963863,-0.02482983779874027,0.9862646116667877,-8.896924403417357,-0.8328244120232544,17.883331295146196,17.890264198906337,17.408180462032554
2916,05/05/2023 15:32:35.296530,3099,True,True,True,True,Eyes,0.4566893,0.009377809,-3.144887,-0.6481662,-0.1137515,0.752955,0.0,0.0,0.0,0.0,0.0,0.0,0.0,1.244392,0.4009128,2.749755,0.2984016,0.007788932,-3.030065,0.06235531,-0.2594657,-0.03511356,0.9630973,5.847839,329.5492,354.2311,0.161279,0.003349889,-0.986903,0.0,0.0,0.0,-0.5179681,-0.3019423,-1.135619,0.3087,-0.06660563,2.069,0.8628892,-0.09999368,0.4954023,0.03527742,0.9897577,0.13833,-0.5041604,-0.1018869,0.8575788,moving,-10.078144290047476,-1.8214971515280536,8.48607322893318,-1.8438395423212643,-0.8163697000000001,-0.309731232,1.894446,-0.17490545916625333,-0.03129579852610964,0.9840877562230641,-9.580249611626664,-1.2145380048642527,18.55491285247562,18.564230963723077,18.077279701447893
2917,05/05/2023 15:32:35.316987,3100,True,True,True,True,Eyes,0.4493657,0.00944123,-3.139632,-0.6390568,-0.1160202,0.760359,0.0,0.0,0.0,0.0,0.0,0.0,0.0,1.183154,0.4187823,2.767973,0.2897288,0.009761229,-3.025371,0.06581607,-0.2481185,-0.03648125,0.9658026,6.259248,330.8582,354.0451,0.1595244,0.003310047,-0.9871882,0.0,0.0,0.0,-0.480778,-0.302501,-1.112394,0.3087001,-0.06932789,2.069,0.8742126,-0.1031277,0.4744648,0.037807,0.9886748,0.145234,-0.484069,-0.1090273,0.8682109,moving,-10.72050500763243,-1.6584752918400463,8.486075937878136,-1.919144449141998,-0.7705067999999999,-0.312262229,1.9129769999999997,-0.18594304046989052,-0.02843708377383139,0.9821489740780328,-10.228084541590539,-1.0672827068155053,19.19925574701427,19.208349747597218,18.733538664100458
2918,05/05/2023 15:32:35.326725,3101,True,True,True,True,Eyes,0.4419908,0.00954213,-3.134381,-0.6295472,-0.11798,0.7679524,0.0,0.0,0.0,0.0,0.0,0.0,0.0,1.124762,0.3839544,2.790653,0.2806273,0.01202929,-3.020159,0.06021865,-0.2368805,-0.03995629,0.9688472,5.609943,332.222,353.8886,0.1577426,0.003276768,-0.9874746,0.0,0.0,0.0,-0.444657,-0.318685,-1.09301,0.3086998,-0.0718469,2.069,0.8845822,-0.1059523,0.4541898,0.04889383,0.9895544,0.1356151,-0.4638143,-0.0977556,0.8805227,moving,-11.289955979786031,-2.535426383752101,8.486067811043153,-1.9888210215032884,-0.7252843,-0.33071429,1.927149,-0.19558990723505515,-0.04338268878413258,0.979725663946414,-10.803537244083444,-1.931808071800409,19.76769655543631,19.78357638035856,19.289689309556007
2919,05/05/2023 15:32:35.336820,3102,True,True,True,True,Eyes,0.434574,0.009642312,-3.129164,-0.6196653,-0.11991,0.7756522,0.0,0.0,0.0,0.0,0.0,0.0,0.0,1.065965,0.3644812,2.810009,0.2718695,0.01296382,-3.015162,0.05710165,-0.2257251,-0.04292525,0.9715684,5.254377,333.5518,353.7049,0.1559342,0.003250596,-0.9877619,0.0,0.0,0.0,-0.4095778,-0.296685,-1.068256,0.3086997,-0.07452902,2.069,0.8944113,-0.1091882,0.4337124,0.05763109,0.9897936,0.1303349,-0.4435168,-0.09157769,0.8915752,moving,-11.83092134592108,-3.1217058477906146,8.486065102098083,-2.0630027924162704,-0.6814473,-0.30964882,1.946906,-0.20473280682371692,-0.053303572747952874,0.97736535360699,-11.349926533664457,-2.5126627196719227,20.321787298594153,20.34455186256147,19.841087627048598
2920,05/05/2023 15:32:35.363314,3103,True,True,True,True,Eyes,0.434574,0.009642312,-3.129164,-0.6196653,-0.11991,0.7756522,0.0,0.0,0.0,0.0,0.0,0.0,0.0,1.009118,0.3635624,2.825708,0.2632975,0.01320928,-3.010918,0.05719632,-0.214987,-0.04440127,0.973929,5.297027,334.8075,353.5949,0.1540991,0.0032308,-0.9880499,0.0,0.0,0.0,-0.3741382,-0.2870925,-1.046728,0.3086999,-0.07766843,2.069,0.9036183,-0.1110803,0.413685,0.06189444,0.9895142,0.1305017,-0.4238433,-0.09231892,0.9010184,moving,-13.067431454709379,-3.282590145177579,8.486070519988186,-2.149823431730428,-0.6374356999999999,-0.30030177999999996,1.96419,-0.22574556843853819,-0.05578255381631003,0.9725878225173408,-12.597508100564703,-2.6916270456250233,21.556293483438992,21.583248314384598,21.09053907810476
2921,05/05/2023 15:32:35.379000,3104,True,True,True,True,Eyes,0.434574,0.009642312,-3.129164,-0.6196653,-0.11991,0.7756522,0.0,0.0,0.0,0.0,0.0,0.0,0.0,0.9551669,0.36664,2.838334,0.2547125,0.01387123,-3.006299,0.05813211,-0.2047723,-0.04515992,0.9760377,5.450357,335.9947,353.5422,0.1524469,0.003212974,-0.9883062,0.0,0.0,0.0,-0.3396308,-0.2911218,-1.02943,0.3086998,-0.07987034,2.069,0.9120578,-0.1119633,0.3944805,0.06434788,0.9891625,0.1319733,-0.4049814,-0.09498326,0.9093779,moving,-14.250002830791404,-3.3189922850034907,8.486067811043153,-2.210711563103048,-0.5943433,-0.30499303,1.9768689999999998,-0.24576539969927855,-0.056119270471884974,0.9677033756690564,-13.790535865410025,-2.748356720195078,22.733522119103245,22.76306645399577,22.283090756731028
2922,05/05/2023 15:32:35.386738,3105,True,True,True,True,Eyes,0.4264866,0.009687439,-3.123662,-0.6083237,-0.1226823,0.7841501,0.0,0.0,0.0,0.0,0.0,0.0,0.0,0.9028416,0.3677455,2.850323,0.246547,0.01351834,-3.002287,0.05856457,-0.1948479,-0.04589888,0.9780071,5.547246,337.15,353.5042,0.1509598,0.003196925,-0.9885345,0.0,0.0,0.0,-0.3069495,-0.2988034,-1.013907,0.3086999,-0.08248517,2.069,0.9198552,-0.1126012,0.3757491,0.06695648,0.988927,0.1324397,-0.3865013,-0.09666652,0.917209,moving,-14.568554986939644,-3.4472221776472756,8.486070519988186,-2.283011430710354,-0.5534965,-0.31232174,1.98838,-0.2511118221780066,-0.05820243558877598,0.9662066959501813,-14.112037877455357,-2.8790012868426507,23.05168202154079,23.084001904521898,22.605966182652335
2923,05/05/2023 15:32:35.406492,3106,True,True,True,True,Eyes,0.4184389,0.009742196,-3.118243,-0.5967628,-0.1259985,0.7924636,0.0,0.0,0.0,0.0,0.0,0.0,0.0,0.8534525,0.3879915,2.85858,0.2387805,0.01207375,-2.998872,0.06215253,-0.1855761,-0.04531584,0.9796149,6.024401,338.2061,353.5421,0.1493937,0.00318455,-0.9887724,0.0,0.0,0.0,-0.2748733,-0.3055565,-0.9998797,0.3087,-0.08525586,2.069,0.927016,-0.1118522,0.3579531,0.06571609,0.988167,0.1385902,-0.3692191,-0.104952,0.9233972,moving,-14.822325490816226,-3.1956901607337107,8.48607322893318,-2.359612874580235,-0.5136537999999999,-0.31763025,1.9989922999999998,-0.25545063105295707,-0.05389685331211336,0.9653186640113974,-14.367760553773246,-2.638534861026398,23.294026354903664,23.32338903562768,22.85553578549618
2924,05/05/2023 15:32:35.426575,3107,True,True,True,True,Eyes,0.4103749,0.009843882,-3.11287,-0.5851555,-0.1294722,0.8005186,0.0,0.0,0.0,0.0,0.0,0.0,0.0,0.8052423,0.4297854,2.862509,0.2315511,0.01250914,-2.99555,0.06972495,-0.1767332,-0.04418019,0.9807916,6.95877,339.1786,353.5616,0.1477563,0.003175785,-0.9890185,0.0,0.0,0.0,-0.2447363,-0.3263988,-0.9900368,0.3086998,-0.08783746,2.069,0.933627,-0.1113085,0.3405159,0.06201769,0.9863731,0.1523875,-0.3528377,-0.1211551,0.9278076,moving,-15.043091524506966,-2.4929693179087584,8.486067811043153,-2.4309789458288367,-0.4762874,-0.33890793999999996,2.0055132,-0.25931632205400856,-0.04200887709377732,0.9648784058422863,-14.589680618095153,-1.9579482650658515,23.508120764924108,23.529240995916886,23.080596257242192
2925,05/05/2023 15:32:35.446767,3108,True,True,True,True,Eyes,0.4023526,0.009970543,-3.107536,-0.5733293,-0.1326683,0.8085126,0.0,0.0,0.0,0.0,0.0,0.0,0.0,0.7582158,0.438353,2.868741,0.2239458,0.01368585,-2.99105,0.07172302,-0.167843,-0.04437885,0.9821993,7.238233,340.1977,353.5609,0.1460528,0.003171766,-0.9892715,0.0,0.0,0.0,-0.2158723,-0.3617874,-0.9845895,0.3086999,-0.09049901,2.069,0.9397185,-0.1112541,0.3233444,0.06310133,0.9857727,0.1557899,-0.3360764,-0.1259952,0.9333691,moving,-15.23633971213463,-2.435319221464329,8.486070519988186,-2.504547261415822,-0.4398181,-0.37547325,2.0064605,-0.26258020084803435,-0.04100052053076882,0.9640386837990225,-14.784565991279306,-1.9052638497063392,23.701398888997655,23.722511244441232,23.27835183699838
2926,05/05/2023 15:32:35.463169,3109,True,True,True,True,Eyes,0.3943508,0.01010688,-3.102248,-0.5614683,-0.1358335,0.8162736,0.0,0.0,0.0,0.0,0.0,0.0,0.0,0.7130457,0.42232,2.877719,0.2167944,0.01437742,-2.986778,0.0694217,-0.1591329,-0.04531301,0.9837704,7.017266,341.2281,353.5642,0.1442902,0.003172827,-0.9895301,0.0,0.0,0.0,-0.1871848,-0.3731956,-0.9746093,0.3086998,-0.09317896,2.069,0.9452469,-0.1112497,0.306809,0.06706065,0.9862547,0.1510116,-0.3193918,-0.1221684,0.9397147,moving,-15.39578270256799,-2.8744360531081576,8.486067811043153,-2.5786158250837126,-0.4039792,-0.38757302,2.0121687,-0.2651746278243916,-0.048352076662234816,0.9629872663357211,-14.945907147908128,-2.3358980465729475,23.85673034269041,23.883682579572547,23.4332320091985
2927,05/05/2023 15:32:35.476736,3110,True,True,True,True,Eyes,0.3864021,0.0102598,-3.096982,-0.5494699,-0.1387881,0.8239058,0.0,0.0,0.0,0.0,0.0,0.0,0.0,0.6721932,0.422801,2.882568,0.2096661,0.01472418,-2.982554,0.06989387,-0.1512582,-0.04543369,0.9849729,7.119703,342.1404,353.5979,0.1424737,0.003178782,-0.9897932,0.0,0.0,0.0,-0.1586616,-0.3673281,-0.9622811,0.3087,-0.09591457,2.069,0.9501135,-0.110646,0.2916194,0.06835788,0.9861013,0.1514316,-0.3043215,-0.1239427,0.9444717,moving,-15.471830604896379,-2.9529875007008526,8.48607322893318,-2.6542138262920356,-0.36832770000000004,-0.38205227999999997,2.0202729,-0.26643552176345753,-0.049654360762486735,0.962572923045918,-15.022713186448486,-2.4137868274035483,23.93120113843312,23.95976673132576,23.510015820195186
2928,05/05/2023 15:32:35.496898,3111,True,True,True,True,Eyes,0.1888067,0.01401247,-2.965959,-0.1979457,-0.1966552,0.9602834,0.0,0.0,0.0,0.0,0.0,0.0,0.0,0.6344539,0.4110075,2.887586,0.2028833,0.01526137,-2.977955,0.06832858,-0.1438483,-0.04541371,0.986193,6.990511,343.0162,353.6819,0.1406092,0.003189688,-0.9900597,0.0,0.0,0.0,-0.1334147,-0.3730899,-0.9533492,0.3086999,-0.09859058,2.069,0.9544906,-0.1092313,0.2775183,0.06991547,0.9865376,0.1478357,-0.2899305,-0.121705,0.9492778,moving,5.696293748708035,-3.7962491948190453,8.486070519988186,-2.7281558490410704,-0.336298,-0.38835126999999997,2.0246058000000002,0.0990397347660378,-0.06588306363898927,0.9929000599325712,6.330900094689581,-2.8545450680263156,2.987058245980119,2.987252555253655,2.1588732701938453
2929,05/05/2023 15:32:35.506801,3112,True,True,True,True,Eyes,0.1885636,0.01402259,-2.965766,-0.1974718,-0.1967468,0.9603623,0.0,0.0,0.0,0.0,0.0,0.0,0.0,0.6018224,0.3997498,2.890907,0.1962648,0.01530924,-2.973311,0.06678724,-0.1372903,-0.04467646,0.9872664,6.869381,343.7962,353.8389,0.1297574,0.003419194,-0.9915395,-0.5927862,0.01125804,0.3930709,-0.1094133,-0.3701904,-0.9432042,0.3086999,-0.1012882,2.069,0.9583108,-0.1065536,0.2651165,0.06987666,0.987087,0.1441409,-0.2770518,-0.1196063,0.9533817,moving,4.964723686645137,-4.004691325937668,8.486070519988186,-2.802685783118568,-0.3056781,-0.38549964,2.0301067999999995,0.0863326577189064,-0.06957740873525048,0.9938338989849598,5.592652323683097,-3.07075665669049,3.720078560486101,3.7208467914794547,2.9058098444266798
2930,05/05/2023 15:32:35.526846,3113,True,True,True,True,Eyes,0.1880696,0.01408374,-2.965374,-0.196232,-0.1968706,0.960591,0.0,0.0,0.0,0.0,0.0,0.0,0.0,0.5723362,0.4019734,2.891318,0.1900962,0.01560181,-2.968584,0.06758352,-0.1314149,-0.04332717,0.9880715,7.017186,344.4812,354.021,0.1208549,0.003604653,-0.9926633,-0.557219,0.01058255,0.3694867,-0.0883842,-0.3675971,-0.9338982,0.3086998,-0.1038893,2.069,0.9617058,-0.1033837,0.2538382,0.06785773,0.9871104,0.1449424,-0.265551,-0.122167,0.9563252,moving,4.3384414673221725,-3.934396437389113,8.486067811043153,-2.874540074597978,-0.27848039999999996,-0.38319891,2.0346858,0.07547049040118019,-0.06841853740156605,0.9947980745195456,4.960933211765553,-3.0135423711053404,4.278882680368438,4.280899414477887,3.5278740880958837
2931,05/05/2023 15:32:35.546498,3114,True,True,True,True,Eyes,0.1873662,0.01414205,-2.964779,-0.1945924,-0.1968441,0.9609299,0.0,0.0,0.0,0.0,0.0,0.0,0.0,0.5443776,0.4012041,2.891045,0.1840615,0.01686042,-2.963324,0.06801721,-0.125804,-0.04216708,0.988822,7.117482,345.137,354.1868,0.1135256,0.003756633,-0.9935277,-0.5237859,0.009947601,0.3473175,-0.06968603,-0.374332,-0.9270431,0.3086997,-0.1066301,2.069,0.9647906,-0.1005052,0.2430594,0.0662778,0.9871912,0.1451234,-0.2545317,-0.1239043,0.959094,moving,3.7703241361494104,-3.8941146549753025,8.486065102098083,-2.9502437250418527,-0.25374753,-0.39119242,2.0362809,0.06560592932723547,-0.06776650140729265,0.9955418815302075,4.387857516743729,-2.984519328113631,4.805809087759112,4.809272833838808,4.09835091587115
2932,05/05/2023 15:32:35.563069,3115,True,True,True,True,Eyes,0.1864364,0.0141673,-2.964018,-0.1926534,-0.1970759,0.961273,0.0,0.0,0.0,0.0,0.0,0.0,0.0,0.5173705,0.3864032,2.892183,0.1782457,0.01683871,-2.95798,0.0658381,-0.1202753,-0.04106551,0.9897035,6.917616,345.8024,354.3855,0.1074677,0.003881856,-0.9942006,-0.4923587,0.009350745,0.3264785,-0.05198584,-0.3785383,-0.9198051,0.3087,-0.1094163,2.069,0.967695,-0.09712273,0.2326664,0.06544796,0.987958,0.1401987,-0.2434811,-0.120442,0.9623984,moving,3.2398332480284204,-4.16665452295528,8.48607322893318,-3.02719080144838,-0.23023154,-0.39537701,2.0381749,0.056366729999996465,-0.07254224394327119,0.9957712779620389,3.8523878245911725,-3.259555475583454,5.364159728893,5.368557675006754,4.639507923066631
2933,05/05/2023 15:32:35.581418,3116,True,True,True,True,Eyes,0.1853352,0.01418564,-2.963089,-0.1904644,-0.1976146,0.9615986,0.0,0.0,0.0,0.0,0.0,0.0,0.0,0.4950768,0.3976202,2.889279,0.1725054,0.01606946,-2.953154,0.06796306,-0.1156872,-0.03894544,0.9901923,7.214369,346.3336,354.6297,0.1024357,0.003984652,-0.9947313,-0.4628172,0.0087897,0.3068897,-0.0341174,-0.3729583,-0.9106519,0.3086999,-0.111969,2.069,0.9701995,-0.09285184,0.2238113,0.06140203,0.9877285,0.143604,-0.2343988,-0.125582,0.963995,moving,2.802481346644163,-3.9494936122739377,8.486070519988186,-3.0976796727096105,-0.2066228,-0.38902776,2.0425021,0.04877719093716677,-0.06879510875868076,0.9964377070231938,3.411428207932076,-3.055873435019665,5.740891835453578,5.747066458549917,5.074814514523656
2934,05/05/2023 15:32:35.596842,3117,True,True,True,True,Eyes,0.1840485,0.01421412,-2.961988,-0.1881384,-0.1982526,0.961925,0.0,0.0,0.0,0.0,0.0,0.0,0.0,0.4753568,0.4180369,2.884371,0.1672272,0.01601843,-2.948236,0.07174663,-0.111679,-0.03713519,0.990455,7.690923,346.7847,354.8134,0.09823258,0.004069254,-0.9951548,-0.4350482,0.008262319,0.2884763,-0.02000558,-0.3856783,-0.9060243,0.3086999,-0.1146623,2.069,0.9722975,-0.08958666,0.2158974,0.05753629,0.9869468,0.1504181,-0.2265547,-0.1338292,0.9647605,moving,2.4411272918920464,-3.546269694663255,8.486070519988186,-3.172040817337534,-0.18723278,-0.40169672999999995,2.0422117,0.042511406488190184,-0.06179864968267999,0.9971828136315392,3.0473450525231005,-2.6695708918061682,6.048271985149901,6.056515985575357,5.461887103970276
2935,05/05/2023 15:32:35.606481,3118,True,True,True,True,Eyes,0.1826187,0.01425246,-2.960712,-0.1856199,-0.1989709,0.962266,0.0,0.0,0.0,0.0,0.0,0.0,0.0,0.4572168,0.4278359,2.880191,0.162056,0.01628138,-2.942969,0.07372856,-0.1079215,-0.0361865,0.9907611,7.948572,347.214,354.9245,0.094616,0.004141542,-0.9955049,-0.4089453,0.007766579,0.2711678,-0.008121539,-0.4044054,-0.903159,0.3086999,-0.1174085,2.069,0.974087,-0.08761815,0.2085129,0.05579056,0.9865093,0.1539054,-0.2191848,-0.1382842,0.9658341,moving,2.1394883744328372,-3.3586110097033863,8.486070519988186,-3.2478514996684154,-0.17017753900000002,-0.42068678000000004,2.03981,0.03726840689026191,-0.05854455646257001,0.997588904226226,2.743260524670987,-2.492187722365047,6.337779754681991,6.347548550373216,5.792313388158786
2936,05/05/2023 15:32:35.626645,3119,True,True,True,True,Eyes,0.1810098,0.01429695,-2.959251,-0.1829386,-0.1996225,0.9626445,0.0,0.0,0.0,0.0,0.0,0.0,0.0,0.4393565,0.4331102,2.876347,0.1571363,0.01658387,-2.93752,0.07490554,-0.1042677,-0.03609324,0.9910675,8.102602,347.6303,354.9491,0.09131467,0.004208074,-0.9958128,-0.3844086,0.007300585,0.2548977,0.002568539,-0.4152545,-0.8987583,0.3086999,-0.1199971,2.069,0.9756511,-0.08716212,0.2012654,0.05592122,0.9861729,0.1559996,-0.2120798,-0.1409462,0.9670348,moving,1.8747899653705946,-3.2647997894837943,8.486070519988186,-3.319301111997287,-0.154567761,-0.43183837,2.0387617000000002,0.0326623800850224,-0.05692029185897984,0.9978443548762149,2.476336306034443,-2.4055618951393214,6.60051439654973,6.611505196702216,6.078801253437261
2937,05/05/2023 15:32:35.646743,3120,True,True,True,True,Eyes,0.1792786,0.01433386,-2.957607,-0.1800923,-0.2001054,0.9630808,0.0,0.0,0.0,0.0,0.0,0.0,0.0,0.4220265,0.429182,2.87318,0.1520702,0.01667245,-2.931563,0.07444376,-0.1006661,-0.03673149,0.9914511,8.060546,348.046,354.9112,0.08829182,0.004269671,-0.9960852,-0.361344,0.00686255,0.2396038,0.012666,-0.4229298,-0.8937338,0.3086999,-0.1226855,2.069,0.9770343,-0.08782288,0.1941422,0.05784703,0.9862178,0.15501,-0.2050799,-0.1402195,0.9686489,moving,1.6412379845577962,-3.3538416074274835,8.486070519988186,-3.3934944263330427,-0.13940419999999998,-0.43960225,2.0378292,0.028592075952395823,-0.058478239690477885,0.9978791628411355,2.2406271799405677,-2.496502591362426,6.833092243595174,6.844947390895971,6.309529052611542
2938,05/05/2023 15:32:35.666877,3121,True,True,True,True,Eyes,0.1774534,0.0143546,-2.955773,-0.176643,-0.2005291,0.9636313,0.0,0.0,0.0,0.0,0.0,0.0,0.0,0.4055465,0.4167015,2.871057,0.1473543,0.01649311,-2.925592,0.07247172,-0.09718108,-0.03719855,0.9919275,7.847876,348.4596,354.9104,0.08551599,0.004326607,-0.9963271,-0.3396634,0.006450796,0.2252276,0.02212,-0.4241616,-0.8869252,0.3086999,-0.1253363,2.069,0.9783442,-0.08788229,0.1874015,0.05971077,0.9867282,0.1510034,-0.1981848,-0.1365434,0.9706073,moving,1.4578524471981134,-3.607660371649077,8.486070519988186,-3.4666389188683917,-0.1252343,-0.44065471,2.0386668,0.025391194768521336,-0.0629036651233412,0.9976965309540662,2.055341009917119,-2.747058872928828,7.017208041440771,7.029632730721953,6.4708637347894475
2939,05/05/2023 15:32:35.676609,3122,True,True,True,True,Eyes,0.1755195,0.01436467,-2.95373,-0.1730643,-0.2007453,0.9642355,0.0,0.0,0.0,0.0,0.0,0.0,0.0,0.3904756,0.403728,2.868424,0.1426799,0.0161574,-2.919368,0.07039464,-0.09391777,-0.03736365,0.9923851,7.625583,348.8502,354.9422,0.08295964,0.004378843,-0.996543,-0.3192836,0.006063749,0.2117139,0.0316776,-0.4195128,-0.8788935,0.3086999,-0.128068,2.069,0.9795668,-0.08738088,0.1811448,0.06093565,0.9872971,0.1467354,-0.1916656,-0.1326989,0.9724481,moving,1.3024979349155408,-3.857250355933832,8.486070519988186,-3.542003877565367,-0.1110023,-0.4356702,2.0404745,0.022679455096159054,-0.06725357560220259,0.9974781329693848,1.898337503176858,-2.9929915435108696,7.177414162894726,7.190486452746503,6.6105703871700845
2940,05/05/2023 15:32:35.696864,3123,True,True,True,True,Eyes,0.1735101,0.01434647,-2.951483,-0.1673098,-0.2016557,0.9650608,0.0,0.0,0.0,0.0,0.0,0.0,0.0,0.3745459,0.3900946,2.865295,0.1382551,0.01598852,-2.91256,0.06824454,-0.09054789,-0.03753532,0.9928419,7.395319,349.2529,354.9732,0.08059744,0.004426532,-0.9967367,-0.3001266,0.005699924,0.1990111,0.04054112,-0.4145813,-0.8706572,0.3086998,-0.1308727,2.069,0.9807844,-0.08689206,0.1746763,0.06217447,0.9878675,0.1423096,-0.1849226,-0.1287146,0.9742876,moving,1.2639538947888658,-4.145623530277216,8.486067811043153,-3.619370066666022,-0.09771397999999999,-0.43056982,2.0419028,0.02200068017461705,-0.07227416453004021,0.997142092897752,1.8591296520201135,-3.27460411717992,7.2277595754118575,7.241261777295212,6.635900309938412
2941,05/05/2023 15:32:35.706818,3124,True,True,True,True,Eyes,0.1714179,0.01430108,-2.949039,-0.1614602,-0.2024667,0.9658871,0.0,0.0,0.0,0.0,0.0,0.0,0.0,0.3563372,0.3731663,2.862417,0.1338128,0.01528936,-2.905429,0.06544446,-0.08675838,-0.03776057,0.99336,7.092278,349.7075,355.0066,0.07840803,0.004469208,-0.9969112,-0.2821189,0.005357928,0.1870704,0.05011898,-0.4090089,-0.8618321,0.3086999,-0.1334829,2.069,0.9820942,-0.08637541,0.1674222,0.06366398,0.9885823,0.1365719,-0.1773071,-0.1234677,0.97638,moving,1.1857533372011593,-4.504526714993145,8.486070519988186,-3.691359209382693,-0.08369382,-0.42429826,2.0435969,0.020629929879252246,-0.07852114560793043,0.9966989948951166,1.7798366845461235,-3.6256368748678316,7.331481080507359,7.3454661092047955,6.706555873239411
2942,05/05/2023 15:32:35.726879,3125,True,True,True,True,Eyes,0.1693428,0.01420939,-2.946393,-0.1553978,-0.203033,0.9667622,0.0,0.0,0.0,0.0,0.0,0.0,0.0,0.3363338,0.3667436,2.858248,0.1296675,0.01458702,-2.898306,0.06448635,-0.08273838,-0.03744495,0.9937775,7.006036,350.1802,355.0817,0.07637153,0.004506488,-0.997069,-0.2651918,0.005036452,0.1758462,0.06146808,-0.401438,-0.852212,0.3086998,-0.1361632,2.069,0.9835045,-0.08509488,0.1596177,0.06375289,0.9888788,0.1343664,-0.1692765,-0.1219739,0.9779918,moving,1.0781698332281917,-4.634315563443587,8.486067811043153,-3.765269560007777,-0.06819941999999998,-0.41602502,2.046094,0.018755007454322237,-0.08078169012038866,0.9965553647035181,1.6711596687051997,-3.754005847702154,7.443848343175906,7.458699176518835,6.814917450689996
2943,05/05/2023 15:32:35.746855,3126,True,True,True,True,Eyes,0.1672029,0.01407728,-2.943546,-0.1492481,-0.2035182,0.9676287,0.0,0.0,0.0,0.0,0.0,0.0,0.0,0.316137,0.3602303,2.853863,0.1257338,0.01363109,-2.891063,0.06348266,-0.07868344,-0.03670857,0.9941989,6.918193,350.6598,355.205,0.07447349,0.004537378,-0.9972125,-0.2492803,0.004734265,0.1652954,0.07419997,-0.4011992,-0.8442039,0.3086998,-0.1386959,2.069,0.9849228,-0.08298131,0.1517933,0.06300117,0.9892449,0.1320055,-0.1611147,-0.1204521,0.9795578,moving,0.9642140756721335,-4.761689320736688,8.486067811043153,-3.835098255659775,-0.05153383,-0.41483029,2.0468591,0.0167698518926208,-0.08299984692173913,0.9964084261120073,1.556056992205578,-3.880136758634211,7.562960756291957,7.578710617129759,6.930157171086094
2944,05/05/2023 15:32:35.763390,3127,True,True,True,True,Eyes,0.1649604,0.0139002,-2.9405,-0.1429363,-0.2040646,0.9684663,0.0,0.0,0.0,0.0,0.0,0.0,0.0,0.2965599,0.3548524,2.848747,0.1219678,0.01253275,-2.883434,0.06266306,-0.07474145,-0.03553656,0.9945975,6.853839,351.1278,355.3751,0.07269839,0.00456117,-0.9973433,-0.2343235,0.004450209,0.1553777,0.0875278,-0.4010311,-0.8361591,0.3086998,-0.1413509,2.069,0.9863017,-0.08005623,0.1442217,0.06132211,0.989621,0.1299612,-0.153129,-0.1193369,0.9809741,moving,0.8644278703194276,-4.867879289300547,8.486067811043153,-3.908286615372832,-0.03444,-0.41356384999999996,2.0472748999999997,0.015032136593619266,-0.08484876353755741,0.996280504306954,1.455272491243584,-3.985376596925323,7.665121170616988,7.681810560401168,7.031217938179081
2945,05/05/2023 15:32:35.776568,3128,True,True,True,True,Eyes,0.1626699,0.01370225,-2.937247,-0.1365782,-0.2046593,0.969258,0.0,0.0,0.0,0.0,0.0,0.0,0.0,0.2775338,0.3579935,2.842132,0.1183091,0.01123803,-2.875548,0.06329108,-0.07095729,-0.03430565,0.9948781,6.953592,351.5695,355.5371,0.0710308,0.004577076,-0.9974633,-0.2202641,0.004183197,0.1460551,0.10078,-0.4016711,-0.8280022,0.3086998,-0.1440778,2.069,0.9875764,-0.0772418,0.1368452,0.05927796,0.9896348,0.1308023,-0.1455302,-0.1210653,0.9819186,moving,0.7799984648971497,-4.810506505290291,8.486067811043153,-3.983443689993776,-0.017529100000000006,-0.41290913,2.0475458,0.013565178185507454,-0.08385286017827519,0.9963858630753687,1.3701640051496145,-3.931005229140638,7.732614214277779,7.7503250040277205,7.116097017811574
2946,05/05/2023 15:32:35.796555,3129,True,True,True,True,Eyes,0.1022245,0.0078153,-2.851113,0.02442385,-0.2172813,0.9758034,0.0,0.0,0.0,0.0,0.0,0.0,0.0,0.2592498,0.3618436,2.83496,0.1148021,0.01057011,-2.867376,0.06414271,-0.06733403,-0.03342172,0.9951055,7.07432,351.9893,355.6568,0.06945853,0.004585199,-0.9975741,-0.2070483,0.003932205,0.1372918,0.1133741,-0.4082965,-0.8209062,0.3086998,-0.1467267,2.069,0.9886982,-0.07515424,0.1297214,0.0578783,0.9895374,0.1321583,-0.1382964,-0.1231567,0.9827037,moving,9.651884666129934,-4.924337534694291,8.486067811043153,-4.056437836293928,-0.0014279999999999987,-0.41886661000000003,2.0464698,0.1670600030661282,-0.08463379699635984,0.982307507357852,10.320060938678193,-3.8823338254806297,1.4357173284494062,1.45340249968406,1.8422385835699546
2947,05/05/2023 15:32:35.806725,3130,True,True,True,True,Eyes,0.1020938,0.007763788,-2.85077,0.02465387,-0.2173249,0.9757879,0.0,0.0,0.0,0.0,0.0,0.0,0.0,0.2423241,0.3580213,2.828541,0.1114875,0.009264521,-2.859201,0.06352909,-0.06391571,-0.032551,0.9953992,7.025585,352.3932,355.7864,0.06575025,0.004388439,-0.9978263,-0.3759615,-0.01396459,0.3874561,0.125226,-0.4153599,-0.8138729,0.3086999,-0.1494827,2.069,0.9897104,-0.07292347,0.1231074,0.05668145,0.989809,0.1306346,-0.1313791,-0.1223126,0.9837577,moving,9.263477147241922,-5.012436741528201,8.486070519988186,-4.132369271851001,0.0137385,-0.42462442100000003,2.0453281,0.16037497565517933,-0.08624104593366895,0.9832813943283298,9.928133451129202,-3.9751413392684913,1.157753835392851,1.1742571333749938,1.4506088791108342
2948,05/05/2023 15:32:35.826641,3131,True,True,True,True,Eyes,0.1018586,0.00766529,-2.850082,0.02493648,-0.2174327,0.9757568,0.0,0.0,0.0,0.0,0.0,0.0,0.0,0.2291782,0.3610625,2.820519,0.1081731,0.008011311,-2.850693,0.06411988,-0.06117699,-0.03141433,0.9955698,7.113077,352.7143,355.9319,0.06269525,0.004219738,-0.9980236,-0.3534038,-0.01312671,0.3642088,0.1365711,-0.4167773,-0.8056617,0.3086998,-0.152015,2.069,0.990541,-0.07039564,0.1177834,0.054705,0.9898036,0.1315153,-0.1258405,-0.123828,0.984292,moving,8.94606113111992,-4.966307687752306,8.486067811043153,-4.202124667930314,0.028398000000000007,-0.42478861100000004,2.0450313,0.15493482705995845,-0.08552457134302434,0.9842158741205168,9.607973688773935,-3.9359133212638264,0.8789959246479236,0.8919470512869622,1.153057361791191
2949,05/05/2023 15:32:35.846524,3132,True,True,True,True,Eyes,0.1015214,0.007526523,-2.849046,0.02538472,-0.217434,0.9757449,0.0,0.0,0.0,0.0,0.0,0.0,0.0,0.2189257,0.3625196,2.812015,0.1051244,0.006851258,-2.841774,0.06443651,-0.05899071,-0.0305384,0.9957085,7.164414,352.9713,356.046,0.05999896,0.004066656,-0.9981899,-0.3321996,-0.01233911,0.3423562,0.1451324,-0.4229311,-0.7981641,0.3086999,-0.1545875,2.069,0.9911751,-0.068417,0.1135395,0.05321237,0.9898307,0.1319229,-0.1214107,-0.124717,0.9847361,moving,8.706458510355114,-4.9412512272434626,8.486070519988186,-4.272974646885818,0.04000799999999999,-0.42978235800000003,2.0436099,0.15082249892456012,-0.08514893943508554,0.9848869326845185,9.366288959389687,-3.915813748769027,0.6939201678699844,0.7036792267450279,0.9499202114946322
2950,05/05/2023 15:32:35.857132,3133,True,True,True,True,Eyes,0.1011131,0.007332492,-2.847688,0.02580439,-0.2173963,0.9757422,0.0,0.0,0.0,0.0,0.0,0.0,0.0,0.2092161,0.3547852,2.804197,0.1022996,0.005737967,-2.832431,0.06313443,-0.05689054,-0.0298571,0.9959348,7.028232,353.2248,356.1491,0.05756176,0.003924109,-0.9983339,-0.3122676,-0.01159876,0.3218149,0.151524,-0.4281394,-0.790074,0.3086999,-0.1574319,2.069,0.9917441,-0.06665494,0.1095485,0.05228794,0.9902452,0.1291527,-0.1170886,-0.1223584,0.9855551,moving,8.484635336437364,-5.098702187615401,8.486070519988186,-4.351297857208056,0.04922439999999999,-0.433877367,2.042357,0.14697299193225485,-0.08790662694804706,0.9852264832204319,9.14233500074645,-4.07318441995972,0.739351178513729,0.7474057083428489,0.7127623395515491
2951,05/05/2023 15:32:35.876522,3134,True,True,True,True,Eyes,0.1006227,0.007099958,-2.845984,0.02638641,-0.217241,0.9757613,0.0,0.0,0.0,0.0,0.0,0.0,0.0,0.1995638,0.3508569,2.796201,0.1001029,0.004225899,-2.823407,0.06241404,-0.0549486,-0.02969556,0.996094,6.954266,353.4533,356.1866,0.05535537,0.003789114,-0.9984592,-0.2935315,-0.01090284,0.302506,0.1578281,-0.4264463,-0.7801662,0.3086998,-0.1600093,2.069,0.9921976,-0.06601827,0.1057611,0.05230001,0.9904453,0.127604,-0.1131748,-0.121077,0.9861704,moving,8.29652395526147,-5.17573682514414,8.486067811043153,-4.422254912577504,0.057725200000000004,-0.430672199,2.0432408,0.14372000496768247,-0.08927430938314715,0.9855834146066123,8.9524801950213,-4.151611049477468,0.7713189459745552,0.7769567979171451,0.5392481919875943
2952,05/05/2023 15:32:35.896501,3135,True,True,True,True,Eyes,0.1000238,0.00681398,-2.843945,0.02704259,-0.2169543,0.9758071,0.0,0.0,0.0,0.0,0.0,0.0,0.0,0.1886412,0.3416194,2.787953,0.09760257,0.003044151,-2.813438,0.06082148,-0.05271147,-0.02974085,0.9963121,6.780095,353.7183,356.2079,0.0533543,0.003659593,-0.9985686,-0.2759196,-0.01024867,0.2843556,0.163729,-0.4277557,-0.7711267,0.3086998,-0.1626475,2.069,0.992674,-0.06567431,0.1014164,0.05285035,0.9908324,0.1243297,-0.1086519,-0.118059,0.9870445,moving,8.0857459476584,-5.343830916906502,8.486067811043153,-4.494871745280488,0.06612643000000001,-0.430799851,2.0423113,0.14005562175013095,-0.09221433644669713,0.9858402027421524,8.739656712093023,-4.319151104110978,0.9345473677927013,0.9386102862166859,0.3085207845003385
2953,05/05/2023 15:32:35.907420,3136,True,True,True,True,Eyes,0.09936346,0.006465956,-2.841585,0.02786613,-0.2166041,0.9758617,0.0,0.0,0.0,0.0,0.0,0.0,0.0,0.1762844,0.3307821,2.779846,0.09530863,0.00137565,-2.803383,0.05886075,-0.05021488,-0.02944793,0.9965674,6.566711,354.0169,356.2713,0.05153454,0.003533134,-0.9986646,-0.2593645,-0.009633747,0.2672943,0.1705017,-0.4253197,-0.7604928,0.3086999,-0.165342,2.069,0.9932226,-0.06460506,0.09661836,0.05278232,0.9913365,0.1202748,-0.1035517,-0.11436,0.9880277,moving,7.850370141096753,-5.553993226678916,8.486070519988186,-4.5690233083493625,0.07519307,-0.42669535000000003,2.0428902000000004,0.13595717073717775,-0.09588506234177731,0.9860636984544823,8.50197147161811,-4.528114395287016,1.1693661467945693,1.1722971942885636,0.04389053919331361
2954,05/05/2023 15:32:35.926812,3137,True,True,True,True,Eyes,0.09867257,0.006063767,-2.83891,0.02874592,-0.2163129,0.9759008,0.0,0.0,0.0,0.0,0.0,0.0,0.0,0.1653932,0.3260093,2.770891,0.09313528,-0.0004533557,-2.793349,0.05795233,-0.0479705,-0.02826361,0.9967656,6.477794,354.2872,356.428,0.04987627,0.003407267,-0.9987493,-0.2438026,-0.009055723,0.2512566,0.1787979,-0.4217722,-0.7495393,0.3086999,-0.1680495,2.069,0.9938,-0.06190439,0.09235479,0.05078438,0.9916854,0.1182414,-0.09890655,-0.1128181,0.9886807,moving,7.626914535048706,-5.654291649549547,8.486070519988186,-4.643517179783318,0.08566262000000001,-0.4213188443,2.0438097,0.13208752753772982,-0.09766262163736623,0.9864151597920535,8.276434983268675,-4.629839155487075,1.3250736944904098,1.3265798261652137,0.21008128570704654
2955,05/05/2023 15:32:35.947302,3138,True,True,True,True,Eyes,0.0979463,0.005623365,-2.83592,0.02978144,-0.2159917,0.9759409,0.0,0.0,0.0,0.0,0.0,0.0,0.0,0.1549287,0.3255611,2.761227,0.09164019,-0.002118886,-2.783158,0.05784878,-0.04592641,-0.0269411,0.9969046,6.480484,354.5317,356.5941,0.04836269,0.003280034,-0.9988241,-0.2291744,-0.008512379,0.2361812,0.1866147,-0.4222625,-0.7394425,0.3086998,-0.1706979,2.069,0.9943299,-0.05902898,0.08845147,0.04840183,0.9918554,0.117814,-0.09468552,-0.1128648,0.9890885,moving,7.42947665021626,-5.660379002602387,8.486067811043153,-4.716369762876142,0.09497451,-0.420143614,2.0437155,0.12868573147758047,-0.09781154774650752,0.9868499747031897,8.077251326187053,-4.639320068149024,1.4165047826327897,1.4168762563562294,0.4160139105217997
2956,05/05/2023 15:32:35.963245,3139,True,True,True,True,Eyes,0.09721626,0.005152528,-2.832639,0.03089088,-0.215775,0.9759544,0.0,0.0,0.0,0.0,0.0,0.0,0.0,0.1433159,0.3225639,2.751587,0.09002419,-0.003466437,-2.772671,0.05734138,-0.04365458,-0.02608786,0.9970585,6.434524,354.801,356.71,0.04697895,0.003150269,-0.9988906,-0.215424,-0.008001636,0.2220103,0.1942909,-0.425879,-0.7298615,0.3086998,-0.1734332,2.069,0.9948274,-0.05702867,0.08406051,0.04701581,0.9920628,0.1166231,-0.09004417,-0.1120677,0.9896125,moving,7.22063489967082,-5.714585355139167,8.486067811043153,-4.791596759372097,0.10426670999999998,-0.422412563,2.0428094999999997,0.12507568405987973,-0.09879112783181278,0.9872165285742565,7.86650924443717,-4.695881307622978,1.5663178139299911,1.566278519644679,0.6269084982343104
2957,05/05/2023 15:32:35.977825,3140,True,True,True,True,Eyes,0.0964659,0.004684995,-2.829049,0.03220738,-0.2155321,0.9759655,0.0,0.0,0.0,0.0,0.0,0.0,0.0,0.1290223,0.3206221,2.742188,0.08913565,-0.004656289,-2.76244,0.0570496,-0.0410607,-0.02606959,0.9971859,6.409704,355.101,356.7304,0.04571168,0.003017088,-0.9989498,-0.2024985,-0.007521538,0.2086897,0.2025503,-0.4275592,-0.7197413,0.3086998,-0.176017,2.069,0.9952688,-0.05667745,0.07891579,0.04730746,0.9921314,0.115919,-0.08486483,-0.1116372,0.9901188,moving,7.00124241545622,-5.734406223586819,8.486067811043153,-4.8626419591463,0.11341464999999999,-0.422902911,2.0426987,0.1212898927194284,-0.09917959107842297,0.9876498515591194,7.645162177561305,-4.719135606205616,1.72180238724812,1.721824435921215,0.8530629271957865
2958,05/05/2023 15:32:35.996820,3141,True,True,True,True,Eyes,0.09570193,0.004207807,-2.825159,0.03361011,-0.2152063,0.9759901,0.0,0.0,0.0,0.0,0.0,0.0,0.0,0.1128211,0.317184,2.732231,0.08785005,-0.005256314,-2.751486,0.05661177,-0.03803139,-0.02610724,0.9973301,6.369242,355.4514,356.7478,0.04454843,0.00288088,-0.9990027,-0.1903486,-0.007070245,0.1961683,0.2123309,-0.4305275,-0.7102507,0.3086998,-0.1788044,2.068999,0.995744,-0.05638111,0.07290374,0.04776902,0.992227,0.114907,-0.07881565,-0.1109354,0.9906975,moving,6.73858417215018,-5.766062252921736,8.486071852856547,-4.93927099166355,0.12448084999999999,-0.425271186,2.0412353,0.11675395750624878,-0.09977988290963732,0.9881358989152658,7.38015497914947,-4.754697283962016,1.9325851015152058,1.9332089860936972,1.1212134431609024
2959,05/05/2023 15:32:36.016808,3142,True,True,True,True,Eyes,0.0949345,0.003764705,-2.820986,0.0350628,-0.2150436,0.9759749,0.0,0.0,0.0,0.0,0.0,0.0,0.0,0.09497388,0.2979409,2.724003,0.08669221,-0.006082284,-2.740516,0.05324314,-0.03463645,-0.02643185,0.9976307,5.992769,355.8528,356.7475,0.04347984,0.002741725,-0.9990502,-0.1789277,-0.006646031,0.1843982,0.2234971,-0.432263,-0.7000823,0.3086998,-0.1814871,2.069,0.9962034,-0.05642675,0.06629413,0.04905014,0.992933,0.108065,-0.07192338,-0.1044029,0.991931,moving,6.453832099251816,-6.142740627496083,8.486067811043153,-5.013000311350898,0.13680489,-0.426180716,2.0404337,0.11176529738588817,-0.10633536040647486,0.988029080899079,7.092471310783316,-5.126760594153286,2.3246786574419755,2.325144118157811,1.3982319576807505
2960,05/05/2023 15:32:36.026449,3143,True,True,True,True,Eyes,0.09416439,0.003357589,-2.816533,0.03673276,-0.2148121,0.9759644,0.0,0.0,0.0,0.0,0.0,0.0,0.0,0.07765948,0.2947079,2.71392,0.08572119,-0.005668063,-2.729627,0.05301737,-0.03138173,-0.02601063,0.9977615,5.979051,356.2307,356.8165,0.04249547,0.002600947,-0.9990929,-0.168192,-0.006247269,0.1733343,0.2363834,-0.422251,-0.6876351,0.3086999,-0.1840407,2.069,0.9966772,-0.05523236,0.05986493,0.04857725,0.9930252,0.1074299,-0.06538099,-0.1041649,0.9924087,moving,6.172078830442461,-6.159497850880329,8.486070519988186,-5.083168348054478,0.15066221,-0.416582937,2.0419918999999997,0.10690131568340179,-0.10668172155170205,0.9885297987531331,6.808217665074089,-5.148151989793451,2.550612467417515,2.55206636628831,1.6791107993331005
2961,05/05/2023 15:32:36.036680,3144,True,True,True,True,Eyes,0.09341477,0.003002332,-2.81181,0.03866055,-0.214426,0.9759749,0.0,0.0,0.0,0.0,0.0,0.0,0.0,0.05922601,0.2869361,2.703985,0.08480699,-0.004950805,-2.718485,0.05201709,-0.0279003,-0.02588343,0.9979208,5.875867,356.6356,356.8557,0.0415878,0.002460054,-0.9991315,-0.1581005,-0.005872433,0.1629343,0.2490489,-0.4237098,-0.6779189,0.3086998,-0.1867772,2.069,0.9971032,-0.05456181,0.05299182,0.04875664,0.9932485,0.1052622,-0.05837734,-0.1023735,0.9930316,moving,5.887220314630215,-6.253514923475751,8.486067811043153,-5.15834515542139,0.16424191,-0.418758995,2.0405661,0.10196670991341575,-0.10836011287249545,0.9888685600422366,6.520744528147084,-5.244862085138721,2.81768736686492,2.8201782089917717,1.9672266736248507
2962,05/05/2023 15:32:36.057122,3145,True,True,True,True,Eyes,0.09264687,0.002697769,-2.806849,0.04081684,-0.2142132,0.9759337,0.0,0.0,0.0,0.0,0.0,0.0,0.0,0.03778788,0.2726446,2.694676,0.08447583,-0.004088398,-2.707376,0.04984181,-0.02389628,-0.02548275,0.9981461,5.640188,357.106,356.9325,0.04075005,0.002320857,-0.9991664,-0.1486145,-0.005520087,0.1531582,0.2625601,-0.4224441,-0.6675571,0.3086998,-0.1901228,2.069,0.9975592,-0.05325307,0.04516373,0.04848894,0.9937328,0.1007167,-0.05024416,-0.09828091,0.9938896,moving,5.555922461502284,-6.495398290293315,8.486067811043153,-5.2502308708425485,0.17808427000000002,-0.418355702,2.0398189,0.09620153406934337,-0.11259872841173871,0.9889725413176443,6.186256734800569,-5.4864516640276255,3.180407538311592,3.1837389453122036,2.3119107356342847
2963,05/05/2023 15:32:36.076544,3146,True,True,True,True,Eyes,0.09192108,0.002440839,-2.801666,0.04328497,-0.2141143,0.9758492,0.0,0.0,0.0,0.0,0.0,0.0,0.0,0.0138822,0.2757608,2.683958,0.08433853,-0.003208637,-2.696803,0.05089267,-0.01953217,-0.02528849,0.9981929,5.774501,357.6055,356.9767,0.03997442,0.002184895,-0.999198,-0.1396976,-0.005188881,0.1439687,0.2791581,-0.4146488,-0.656413,0.3086998,-0.1919812,2.069,0.9979579,-0.05247368,0.03641975,0.0484975,0.9935408,0.1025893,-0.04156775,-0.1006135,0.9940569,moving,5.19390803287834,-6.371263262358404,8.486067811043153,-5.30125949981971,0.19481957000000003,-0.41144016299999997,2.04039,0.08997212077374986,-0.11052043866286707,0.9897931265442653,5.821193495386582,-5.3720360534927485,3.4556290540862045,3.4616793694409593,2.665814029296851
2964,05/05/2023 15:32:36.086819,3147,True,True,True,True,Eyes,0.09125498,0.00222356,-2.796274,0.0458144,-0.2142752,0.9756983,0.0,0.0,0.0,0.0,0.0,0.0,0.0,-0.01449607,0.2792597,2.673154,0.08453083,-0.0023002,-2.68641,0.05205726,-0.01439147,-0.02565188,0.9982109,5.92289,358.1908,356.9623,0.03925692,0.002053608,-0.9992268,-0.1313157,-0.004877549,0.1353306,0.2969626,-0.4210053,-0.6488293,0.3086999,-0.1946862,2.069,0.9982697,-0.05271033,0.02606071,0.04971361,0.993264,0.1046666,-0.03140218,-0.1031899,0.9941658,moving,4.75792729746782,-6.2462471829189194,8.486070519988186,-5.375519290946049,0.21243177000000002,-0.41870510000000005,2.0375807,0.08245703439768036,-0.10843125323033768,0.990678299957422,5.381513485022288,-5.2580924427049585,3.8186953856714254,3.828474754975414,3.1067770193633275
2965,05/05/2023 15:32:36.106765,3148,True,True,True,True,Eyes,0.0906248,0.002026135,-2.790694,0.04874409,-0.2144594,0.9755158,0.0,0.0,0.0,0.0,0.0,0.0,0.0,-0.04617837,0.2823312,2.662094,0.08469951,-0.00149684,-2.676081,0.05316129,-0.008606962,-0.02640218,0.9981999,6.066154,358.8481,356.9088,0.03859441,0.001927991,-0.9992529,-0.1234368,-0.004584896,0.1272108,0.317912,-0.4281417,-0.6420969,0.3086998,-0.1973996,2.069,0.9984577,-0.0536244,0.01437579,0.05179417,0.9929536,0.1065857,-0.01999008,-0.1056767,0.9941996,moving,4.279212228486841,-6.1275281267709785,8.486067811043153,-5.449991492264889,0.23321248999999997,-0.42664486,2.0339841,0.07419297425054319,-0.10644759888285299,0.9915463720229432,4.898715677946431,-5.151051664522707,4.247103708865206,4.261066742446431,3.5997861530157773
2966,05/05/2023 15:32:36.126796,3149,True,True,True,True,Eyes,0.09007101,0.001866958,-2.784952,0.051842,-0.2147546,0.9752911,0.0,0.0,0.0,0.0,0.0,0.0,0.0,-0.08124914,0.2803957,2.651439,0.08481245,-0.001219333,-2.666113,0.05325347,-0.0021044,-0.02710553,0.998211,6.096439,359.5916,356.8674,0.03798121,0.001807857,-0.9992766,-0.1160306,-0.004309802,0.1195781,0.3412001,-0.4353795,-0.6359715,0.3086998,-0.2000937,2.069,0.9985217,-0.0543382,0.001314343,0.05388993,0.9928588,0.1064305,-0.007088196,-0.1062023,0.9943193,moving,3.7318867970611587,-6.1337947399541175,8.486067811043153,-5.523915715277825,0.25638765,-0.434160167,2.0301415,0.0647166075931327,-0.1066265426058347,0.9921907085021169,4.346562653019911,-5.166999902889034,4.775289776996562,4.793139841319776,4.15486363800717
2967,05/05/2023 15:32:36.146718,3150,True,True,True,True,Eyes,0.08955736,0.001770137,-2.779035,0.05530403,-0.2149612,0.9750555,0.0,0.0,0.0,0.0,0.0,0.0,0.0,-0.1147551,0.2884906,2.639672,0.08495218,-0.0003349604,-2.65651,0.05534229,0.004114336,-0.02754399,0.998079,6.355589,0.2977162,356.8549,0.03741622,0.00169419,-0.9992981,-0.1090688,-0.004051214,0.1124034,0.3674669,-0.4389797,-0.6300343,0.3086998,-0.2027011,2.069,0.9984488,-0.05452675,-0.01126156,0.05543754,0.9923571,0.1102453,0.00516417,-0.1106986,0.9938406,moving,3.2249641947735004,-5.907246063089115,8.486067811043153,-5.595443390446392,0.28251472,-0.4386447396,2.0264756999999998,0.05595873502054095,-0.10275707334117602,0.9931312527421478,3.8354301529875245,-4.955423972637733,5.247512232366167,5.27033510962944,4.694470734992101
2968,05/05/2023 15:32:36.163237,3151,True,True,True,True,Eyes,0.08906423,0.001728415,-2.772952,0.05880188,-0.214949,0.9748534,0.0,0.0,0.0,0.0,0.0,0.0,0.0,-0.1481334,0.2781001,2.629074,0.08528332,0.001039137,-2.646514,0.05405784,0.01040963,-0.02819887,0.9980853,6.22861,1.021978,356.8189,0.03689567,0.001588456,-0.9993176,-0.1025246,-0.003808141,0.1056592,0.3924582,-0.4502615,-0.6264002,0.3086998,-0.2056304,2.069,0.9981929,-0.05516431,-0.02382813,0.0574152,0.9925652,0.1073216,0.01773065,-0.1084957,0.9939388,moving,2.7276807919007626,-6.054253337424974,8.486067811043153,-5.675780733506122,0.30717488,-0.451300637,2.0201138,0.04732419405757117,-0.10535195179804892,0.9933082462625775,3.3336016072899515,-5.107575033901668,5.7449277267623335,5.770811257886078,5.183701929883885
2969,05/05/2023 15:32:36.176649,3152,True,True,True,True,Eyes,0.08861299,0.001724529,-2.766703,0.06264384,-0.2147597,0.9746559,0.0,0.0,0.0,0.0,0.0,0.0,0.0,-0.179785,0.2598477,2.618971,0.0855311,0.002241763,-2.636576,0.05122837,0.01649077,-0.02876601,0.9981363,5.92431,1.726798,356.7878,0.03641732,0.0014921,-0.9993353,-0.09637315,-0.003579653,0.09931967,0.4181584,-0.447082,-0.6197512,0.3086998,-0.208162,2.069,0.9978011,-0.05573522,-0.03586734,0.0591144,0.9930964,0.1013171,0.0299728,-0.1032145,0.9942074,moving,2.2788175872719756,-6.367849452968672,8.486067811043153,-5.745192957788159,0.33262729999999996,-0.449323763,2.0168247999999998,0.03951744958290363,-0.11082464955657627,0.9930540625101788,2.8804323546180814,-5.421138148019279,6.210274206729345,6.2384017545760715,5.614994246663505
2970,05/05/2023 15:32:36.196513,3153,True,True,True,True,Eyes,0.0881734,0.00176471,-2.760302,0.06646144,-0.2146063,0.9744368,0.0,0.0,0.0,0.0,0.0,0.0,0.0,-0.2113157,0.2450645,2.607888,0.08605084,0.003152744,-2.626476,0.04898062,0.02254493,-0.02902465,0.9981234,5.686547,2.428375,356.7893,0.03597725,0.001405276,-0.9993514,-0.09059076,-0.003364874,0.09336049,0.4431058,-0.437839,-0.6119887,0.3086999,-0.2107796,2.069,0.9972986,-0.05573184,-0.04784853,0.0601489,0.9935169,0.09646867,0.04216195,-0.09908611,0.9941853,moving,1.8239693940570998,-6.61933747451389,8.486070519988186,-5.8169453670152595,0.35705496,-0.44099174399999996,2.0144873,0.031616934516700015,-0.11521478421623937,0.9928373417386029,2.4212952543903175,-5.674306165255366,6.679116289222113,6.710247723170013,6.066452419996912
2971,05/05/2023 15:32:36.216737,3154,True,True,True,True,Eyes,0.08778521,0.001835487,-2.753762,0.07059935,-0.2144288,0.9741848,0.0,0.0,0.0,0.0,0.0,0.0,0.0,-0.2418832,0.2320468,2.596426,0.08650377,0.004123999,-2.616539,0.04703321,0.02848835,-0.02882967,0.9980707,5.481685,3.11864,356.8402,0.03557223,0.001328647,-0.9993652,-0.08515532,-0.003162981,0.08775886,0.4683096,-0.4311495,-0.6048712,0.3086998,-0.2134727,2.069,0.9967145,-0.05486829,-0.05957867,0.06022789,0.9939134,0.09224232,0.05415487,-0.09552756,0.9939526,moving,1.3903925355342128,-6.8369961772786265,8.486067811043153,-5.890748241079157,0.38180583,-0.435273499,2.0116677999999997,0.024092097627137793,-0.1190105530156909,0.9926006559254968,1.9836548833824967,-5.894136713949175,7.12397123046685,7.158490956355999,6.502413810544267
2972,05/05/2023 15:32:36.226872,3155,True,True,True,True,Eyes,0.08010721,0.004141249,-2.587075,0.1727791,-0.2134282,0.961559,0.0,0.0,0.0,0.0,0.0,0.0,0.0,-0.2731059,0.2261683,2.584039,0.08722913,0.004926245,-2.606792,0.0464266,0.0345059,-0.02880976,0.9979098,5.431022,3.812464,356.8735,0.03520121,0.001262403,-0.9993778,-0.080046,-0.002973202,0.08249333,0.4932148,-0.4253404,-0.598386,0.3086999,-0.216196,2.069,0.9959587,-0.0542951,-0.07154263,0.06070307,0.9940291,0.09067091,0.06619248,-0.09464734,0.9933078,moving,6.640353085038831,-6.617649673372066,8.486070519988186,-5.96535878502921,0.40598567,-0.430266645,2.008406,0.11487649375559017,-0.11448020930598952,0.986761165273912,7.280100937489867,-5.586039721301344,1.9543613468154974,1.9575893983905654,1.2642173808402386
2973,05/05/2023 15:32:36.246617,3156,True,True,True,True,Eyes,0.0801472,0.004194649,-2.586686,0.1733168,-0.2136105,0.9614218,0.0,0.0,0.0,0.0,0.0,0.0,0.0,-0.3074879,0.2241,2.57052,0.08780739,0.00561987,-2.597037,0.04660656,0.0411628,-0.0295147,0.9976283,5.475601,4.573798,356.8297,0.03458565,0.001308131,-0.9993994,-0.09827722,0.004122477,0.5776048,0.518349,-0.4251998,-0.5935663,0.3086998,-0.2188466,2.069,0.994869,-0.05505249,-0.08488151,0.06272631,0.9939135,0.09056223,0.07937919,-0.09542187,0.9922669,moving,5.926807282231412,-6.602289102592985,8.486067811043153,-6.037958067846765,0.43054160999999996,-0.43081967000000004,2.0034707,0.1025803652496132,-0.11437030509847915,0.988127895752704,6.560287886652393,-5.58390925068179,2.6125877095928804,2.620741111043113,1.9785824838897654
2974,05/05/2023 15:32:36.263236,3157,True,True,True,True,Eyes,0.08021351,0.004274967,-2.585913,0.1739884,-0.2139388,0.9612274,0.0,0.0,0.0,0.0,0.0,0.0,0.0,-0.3446829,0.230756,2.555483,0.08866611,0.006989988,-2.587399,0.04865878,0.04831822,-0.03039167,0.9971831,5.738041,5.386685,356.7788,0.03412167,0.001345851,-0.9994155,-0.09238058,0.003875128,0.5429485,0.5452445,-0.4292786,-0.590329,0.3086998,-0.2218262,2.069,0.9934834,-0.05590991,-0.09932188,0.06531433,0.9934174,0.09410649,0.0934066,-0.09998038,0.9905954,moving,5.157716683286008,-6.381808103011175,8.486067811043153,-6.119545341451523,0.45657839,-0.436268588,1.99707,0.08934499333711182,-0.1107088591411739,0.9898287269341152,5.784671532144895,-5.382959231692036,3.322701517390949,3.3386678459743724,2.800018027216248
2975,05/05/2023 15:32:36.276824,3158,True,True,True,True,Eyes,0.08030457,0.004368355,-2.5848,0.1751664,-0.2143643,0.9609186,0.0,0.0,0.0,0.0,0.0,0.0,0.0,-0.3823062,0.2295593,2.540186,0.08908188,0.007752539,-2.577481,0.04908924,0.05576038,-0.03114577,0.9967502,5.815926,6.238066,356.7377,0.03377709,0.001378584,-0.9994267,-0.08683775,0.003642621,0.5103716,0.573972,-0.4398068,-0.5896132,0.3086998,-0.2241536,2.069,0.9918414,-0.05661464,-0.1142162,0.06756358,0.9932404,0.09438601,0.1081005,-0.1013328,0.9889621,moving,4.392529495603844,-6.355918853854926,8.486067811043153,-6.183256796191447,0.48489012000000004,-0.447559339,1.9878678,0.07612099506870726,-0.11038312714102734,0.9909697452403515,5.012774108843378,-5.371500991971703,4.07538975094766,4.097178068637764,3.5668917319460456
2976,05/05/2023 15:32:36.296892,3159,True,True,True,True,Eyes,0.08044786,0.004480576,-2.583358,0.1771357,-0.2151509,0.9603817,0.0,0.0,0.0,0.0,0.0,0.0,0.0,-0.4171209,0.233219,2.525075,0.08962609,0.00819326,-2.568324,0.05031793,0.06268319,-0.03113117,0.996278,5.979009,7.032531,356.7882,0.03350468,0.001409645,-0.9994357,-0.08162748,0.003424064,0.4797493,0.6035977,-0.4446784,-0.5879859,0.3086998,-0.2268296,2.069,0.9902033,-0.05572243,-0.1280327,0.06833878,0.9929979,0.0963585,0.1217669,-0.1041641,0.9870778,moving,3.716232775859069,-6.270652100154736,8.486067811043153,-6.2564920316144494,0.51397161,-0.45287165999999995,1.9803381,0.06442885808328938,-0.10899823436541042,0.9919517542862133,4.330616834924385,-5.300601337729356,4.742214701537745,4.769856053426625,4.263976997309267
2977,05/05/2023 15:32:36.307025,3160,True,True,True,True,Eyes,0.08063172,0.004627333,-2.581582,0.1795409,-0.2159442,0.9597569,0.0,0.0,0.0,0.0,0.0,0.0,0.0,-0.4494377,0.2445428,2.508859,0.09013887,0.0089077,-2.558899,0.05304751,0.06917709,-0.03051441,0.9957257,6.307436,7.778549,356.9186,0.03326678,0.001442036,-0.9994435,-0.07672983,0.00321862,0.4509643,0.6315497,-0.452472,-0.587703,0.3086998,-0.2295556,2.069,0.9885668,-0.05342862,-0.1410002,0.06810731,0.9925097,0.1014197,0.1345254,-0.1098633,0.984801,moving,3.0953041478597827,-6.0220828538914635,8.486067811043153,-6.331074538840594,0.54141083,-0.4613797,1.971196,0.05369985959954329,-0.10476039504502829,0.9930466877710531,3.70449897271686,-5.069624410446114,5.365612937059031,5.399611905837853,4.94516501060172
2978,05/05/2023 15:32:36.326761,3161,True,True,True,True,Eyes,0.08086501,0.004774351,-2.5795,0.1824939,-0.2168757,0.9589895,0.0,0.0,0.0,0.0,0.0,0.0,0.0,-0.4819932,0.2435049,2.493,0.09116037,0.009906697,-2.549167,0.05342695,0.0757553,-0.02997725,0.9952428,6.366475,8.540151,357.0253,0.03306192,0.001476989,-0.9994502,-0.07212605,0.003025503,0.4239064,0.6578307,-0.4653119,-0.5884185,0.3087,-0.2321579,2.069,0.986725,-0.05157453,-0.153993,0.06776404,0.9924939,0.1018037,0.1475866,-0.1108874,0.9828134,moving,2.511637302655023,-6.047487543469359,8.48607322893318,-6.402252563075781,0.56667033,-0.475218597,1.9607485000000002,0.04357889117646088,-0.10525261225859361,0.9934901719466191,3.1156629337843302,-5.104869645408169,5.94672180483279,5.98495972052774,5.5248990192850105
2979,05/05/2023 15:32:36.346555,3162,True,True,True,True,Eyes,0.08113424,0.004930483,-2.577122,0.1858683,-0.2178397,0.9581226,0.0,0.0,0.0,0.0,0.0,0.0,0.0,-0.5155615,0.2424629,2.476708,0.09191577,0.01013599,-2.53971,0.05369921,0.08262152,-0.02983014,0.994686,6.416605,9.333291,357.0888,0.03288909,0.001514287,-0.9994559,-0.06779848,0.002843973,0.3984721,0.6852022,-0.468562,-0.5871763,0.3086998,-0.2348846,2.069,0.9845677,-0.05046982,-0.1675687,0.06821666,0.9924531,0.1018985,0.1611612,-0.1117569,0.9805802,moving,1.9273357384388206,-6.081579781604343,8.486067811043153,-6.476811885104401,0.59328643,-0.47869798999999996,1.9525337,0.03344294543178085,-0.10588513445711756,0.9938158703570723,2.526176814611576,-5.148589290280581,6.5280552701820564,6.570629712276123,6.106101534591994
2980,05/05/2023 15:32:36.363449,3163,True,True,True,True,Eyes,0.08146064,0.005086047,-2.574447,0.1894769,-0.2188957,0.9571746,0.0,0.0,0.0,0.0,0.0,0.0,0.0,-0.5503594,0.2425572,2.459555,0.09290285,0.01052741,-2.530296,0.05430569,0.08972711,-0.03016557,0.9940271,6.509964,10.15097,357.1024,0.03274687,0.001554081,-0.9994606,-0.06373057,0.002673334,0.3745638,0.7130879,-0.4724477,-0.5868261,0.3086998,-0.2375715,2.069,0.9820781,-0.0502254,-0.1816587,0.06971618,0.9922819,0.1025493,0.175106,-0.113376,0.9779999,moving,1.3366702282012737,-6.077149204181556,8.486067811043153,-6.550261367529498,0.62018505,-0.48297511000000004,1.9434698999999998,0.023196158516189183,-0.10583901597478751,0.994112709366921,1.930314026210106,-5.154896304673699,7.117916088932766,7.165034606800798,6.702607801892588
2981,05/05/2023 15:32:36.376987,3164,True,True,True,True,Eyes,0.0818261,0.005226836,-2.571478,0.1934908,-0.2198345,0.9561559,0.0,0.0,0.0,0.0,0.0,0.0,0.0,-0.5851479,0.2350934,2.442015,0.09368268,0.01072997,-2.52036,0.05340871,0.09699439,-0.03069809,0.9933767,6.434369,10.9893,357.0795,0.03263479,0.001596132,-0.9994643,-0.05990673,0.002512934,0.3520899,0.7416161,-0.4779369,-0.5875292,0.3086999,-0.240239,2.069,0.9792994,-0.05062885,-0.195983,0.07135022,0.9924103,0.1001549,0.1894248,-0.112065,0.9754792,moving,0.762271738428176,-6.234978525299338,8.486070519988186,-6.623159146125535,0.64793342,-0.48866687,1.9328308,0.013225079197282857,-0.10859675713447706,0.9939979093538384,1.3506790341164296,-5.3189765951829155,7.6822253451315134,7.733547168823173,7.253599367406111
2982,05/05/2023 15:32:36.396631,3165,True,True,True,True,Eyes,0.08228181,0.005343893,-2.568246,0.1977461,-0.2208656,0.955047,0.0,0.0,0.0,0.0,0.0,0.0,0.0,-0.6195045,0.2260342,2.424112,0.09483762,0.01049447,-2.510397,0.05208883,0.1041911,-0.03111907,0.9927047,6.309684,11.82136,357.0629,0.03255176,0.001639678,-0.999467,-0.05631233,0.002362158,0.3309645,0.7705811,-0.47782,-0.5869213,0.3086998,-0.2429019,2.069,0.9763516,-0.05092971,-0.2101039,0.07263847,0.9926367,0.09693299,0.20362,-0.1099023,0.9728619,moving,0.21099520654992074,-6.447947899699892,8.486067811043153,-6.695909738831963,0.6757434800000001,-0.48831447,1.9234757000000002,0.0036592581109847894,-0.11229976931963598,0.9936675888738666,0.7943076290347267,-5.536355843381355,8.2230696806535,8.278786848524376,7.778672118940673
2983,05/05/2023 15:32:36.406812,3166,True,True,True,True,Eyes,0.0827665,0.005435158,-2.564737,0.20237,-0.2218859,0.9538412,0.0,0.0,0.0,0.0,0.0,0.0,0.0,-0.6527317,0.2242988,2.405252,0.09572033,0.01018237,-2.500468,0.05223651,0.1112448,-0.0316284,0.9919151,6.353673,12.63445,357.0515,0.03249875,0.001683678,-0.9994688,-0.05293359,0.002220429,0.3111067,0.7996758,-0.4765594,-0.5862268,0.3086998,-0.2457536,2.069,0.9732485,-0.0511233,-0.2239951,0.07436746,0.992542,0.09659138,0.2173865,-0.1106654,0.9697919,moving,-0.3088538375386935,-6.491171367315912,8.486067811043153,-6.7737943097388245,0.70395547,-0.48674177,1.9142412000000002,-0.00535593438779472,-0.11304849297409275,0.9935750382026362,0.2698314228299305,-5.587811522212777,8.739098211950397,8.799461491038949,8.301391182163812
2984,05/05/2023 15:32:36.426506,3167,True,True,True,True,Eyes,0.08328796,0.005471996,-2.560971,0.2071656,-0.2229448,0.9525639,0.0,0.0,0.0,0.0,0.0,0.0,0.0,-0.6862059,0.2221479,2.385594,0.09675728,0.009830259,-2.490347,0.05230463,0.1184117,-0.03209412,0.9910666,6.388841,13.46175,357.0452,0.03247428,0.001727118,-0.9994696,-0.04975757,0.002087203,0.2924403,0.8274734,-0.4809564,-0.5870942,0.3086998,-0.2482419,2.069,0.9698973,-0.05122786,-0.2380652,0.07600179,0.9924684,0.0960741,0.2313505,-0.1112754,0.9664858,moving,-0.8317634073337448,-6.546864805481932,8.486067811043153,-6.841733303706182,0.7307161200000001,-0.490786659,1.9032527999999997,-0.014421856459093857,-0.11400400274004067,0.9933755838901684,-0.25774628962488866,-5.651469893596769,9.257515655676151,9.32249569833122,8.824455338007358
2985,05/05/2023 15:32:36.446609,3168,True,True,True,True,Eyes,0.08383337,0.005482382,-2.556947,0.2122985,-0.2241096,0.9511595,0.0,0.0,0.0,0.0,0.0,0.0,0.0,-0.7198233,0.2211787,2.365357,0.09789464,0.00858983,-2.480387,0.05246101,0.125648,-0.03266131,0.9901482,6.436157,14.2971,357.0294,0.03247733,0.001767962,-0.9994696,-0.04677212,0.001961971,0.2748939,0.8557544,-0.4852897,-0.5882904,0.3086998,-0.2509674,2.069,0.9662917,-0.05149583,-0.2522472,0.07786231,0.9923622,0.0956807,0.2453934,-0.112096,0.9629208,moving,-1.340799430952241,-6.597352276309195,8.486067811043153,-6.91612647519795,0.75785976,-0.49387953,1.8920966,-0.023244366824515986,-0.11486021224535657,0.9931097579867694,-0.7713224100364289,-5.709807345844876,9.762305608590626,9.832036247984409,9.335656353314588
2986,05/05/2023 15:32:36.463563,3169,True,True,True,True,Eyes,0.08443502,0.005464114,-2.552668,0.2178164,-0.2253709,0.9496125,0.0,0.0,0.0,0.0,0.0,0.0,0.0,-0.7529972,0.225451,2.343922,0.09887737,0.007823471,-2.470216,0.05387168,0.1328749,-0.03359008,0.9890975,6.632191,15.12821,356.9916,0.03250648,0.001805461,-0.9994687,-0.04396579,0.001844252,0.2584002,0.8841599,-0.4909203,-0.59024,0.3086998,-0.2536239,2.069,0.962432,-0.05213135,-0.2664716,0.08076412,0.9919391,0.09764215,0.2592334,-0.1154953,0.9588842,moving,-1.8261743117588352,-6.505413247758304,8.486067811043153,-6.988613733543257,0.78528253,-0.498743771,1.879976,-0.03166237454661022,-0.11324027604566834,0.9930629691772777,-1.2608688046971364,-5.6289741666394715,10.249678667931585,10.323556572652397,9.841310539920435
2987,05/05/2023 15:32:36.476764,3170,True,True,True,True,Eyes,0.08507694,0.005401425,-2.548141,0.2236522,-0.2266621,0.9479473,0.0,0.0,0.0,0.0,0.0,0.0,0.0,-0.7866079,0.2238336,2.321974,0.1003264,0.007172744,-2.459736,0.05417255,0.1402304,-0.03472314,0.988026,6.706663,15.97534,356.9166,0.03256173,0.001838853,-0.9994669,-0.04132784,0.001733597,0.2428962,0.9116398,-0.5013906,-0.5935628,0.3086998,-0.2562269,2.069,0.9582595,-0.05342146,-0.2808645,0.083808,0.9917193,0.09730928,0.2733403,-0.1167862,0.9548016,moving,-2.297012830830493,-6.539467552309761,8.486067811043153,-7.05961935015821,0.8113134,-0.508563344,1.8661732,-0.03981934241593506,-0.11379727843721496,0.9927057454796896,-1.7358925151327103,-5.670616234793945,10.717299718388022,10.7956188345993,10.31590047278496
2988,05/05/2023 15:32:36.497020,3171,True,True,True,True,Eyes,0.08573437,0.005292862,-2.543373,0.2303415,-0.2283063,0.9459487,0.0,0.0,0.0,0.0,0.0,0.0,0.0,-0.82011,0.2233562,2.299336,0.1017919,0.006053798,-2.449289,0.0546408,0.1476423,-0.03587021,0.9868787,6.802057,16.82971,356.8441,0.03264248,0.001866824,-0.9994643,-0.03884817,0.001629581,0.2283224,0.9399861,-0.5076825,-0.5961452,0.3086999,-0.258877,2.069,0.9538301,-0.05466449,-0.2953301,0.08693366,0.9914554,0.09725576,0.2874902,-0.1184396,0.9504322,moving,-2.7220885778099726,-6.572456706980222,8.486070519988186,-7.1318873938178164,0.8381942,-0.5137362980000001,1.8531437999999998,-0.047180113752465155,-0.11433213473713777,0.9923215789784999,-2.1647492018295473,-5.710397645116163,11.139561049266332,11.222111791233022,10.745259133791304
2989,05/05/2023 15:32:36.506794,3172,True,True,True,True,Eyes,0.08643046,0.005140155,-2.538367,0.2373193,-0.229968,0.9438189,0.0,0.0,0.0,0.0,0.0,0.0,0.0,-0.8533381,0.2291302,2.275419,0.1028513,0.004898313,-2.438774,0.05642435,0.1551448,-0.0369591,0.9855864,7.047385,17.69456,356.8032,0.0327472,0.001888127,-0.9994609,-0.03651728,0.001531807,0.2146231,0.9683165,-0.515213,-0.5994527,0.3086997,-0.2615754,2.069,0.9491283,-0.05534489,-0.3099878,0.09036065,0.9909006,0.0997541,0.3016463,-0.1226901,0.9454928,moving,-3.1497569923707798,-6.45651136431957,8.486065102098083,-7.2054491433825145,0.8654652,-0.520111313,1.8393213,-0.054598487988979,-0.11228130173413978,0.9921752675630974,-2.5960538828765483,-5.605140816104149,11.573955216319366,11.659899811363625,11.19706872085242
2990,05/05/2023 15:32:36.526693,3173,True,True,True,True,Eyes,0.08719958,0.00493454,-2.533147,0.2448022,-0.2317297,0.941474,0.0,0.0,0.0,0.0,0.0,0.0,0.0,-0.8867725,0.2295763,2.251101,0.1043245,0.00370214,-2.428092,0.05702512,0.1627801,-0.0375506,0.9842972,7.150976,18.58093,356.8018,0.03287546,0.001901695,-0.9994566,-0.03432624,0.001439898,0.2017457,0.9960726,-0.5279078,-0.6046056,0.3086998,-0.2642801,2.069,0.9441851,-0.05535678,-0.3247306,0.09248699,0.9906762,0.1000343,0.3161653,-0.1244843,0.9405015,moving,-3.5635327591790094,-6.486205164056142,8.486067811043153,-7.279158681972852,0.8917480999999999,-0.5316099400000001,1.8234864,-0.061758962780356474,-0.11274835873567207,0.9917024260238738,-3.0135073589920562,-5.64150881994346,11.985556123402063,12.07566350903646,11.61559839878666
2991,05/05/2023 15:32:36.546818,3174,True,True,True,True,Eyes,0.08801058,0.004700528,-2.527692,0.252528,-0.2334834,0.9389969,0.0,0.0,0.0,0.0,0.0,0.0,0.0,-0.9190909,0.2282835,2.226516,0.105472,0.002363506,-2.417247,0.05715147,0.1703908,-0.03774624,0.9829935,7.19359,19.46889,356.8376,0.03302822,0.001906208,-0.9994516,-0.03226667,0.001353504,0.189641,1.025248,-0.5354407,-0.6091468,0.3087,-0.2669856,2.069,0.9390844,-0.05473244,-0.3393006,0.09368477,0.9906179,0.09949581,0.3306715,-0.1252223,0.9354014,moving,-3.9640316612215925,-6.573567221063789,8.48607322893318,-7.352865794961545,0.9197759999999999,-0.537804206,1.8081002000000002,-0.06867789244090543,-0.11420856288698589,0.9910801270948453,-3.417631894957389,-5.733815700148367,12.379766686193644,12.474470651820656,12.013305909950562
2992,05/05/2023 15:32:36.563574,3175,True,True,True,True,Eyes,0.08886805,0.00444381,-2.522001,0.2605798,-0.2352742,0.9363462,0.0,0.0,0.0,0.0,0.0,0.0,0.0,-0.9505327,0.2280292,2.201268,0.1071466,0.001462399,-2.40616,0.05759959,0.1778243,-0.03792001,0.981643,7.271468,20.33733,356.8816,0.03320513,0.001901436,-0.9994457,-0.03033067,0.001272294,0.1782625,1.054267,-0.5407099,-0.61347,0.3087001,-0.2696223,2.069,0.9338812,-0.05396261,-0.3534882,0.09493303,0.9904887,0.09959827,0.3447515,-0.1265707,0.9301216,moving,-4.326601415153951,-6.624664740817261,8.486075937878136,-7.424675023773461,0.9471204000000001,-0.542172299,1.79269,-0.07494082254438436,-0.11504035944432597,0.9905299472622784,-3.7834524363904,-5.79011324895823,12.738780145267729,12.837628963548408,12.37792869274451
2993,05/05/2023 15:32:36.576970,3176,True,True,True,True,Eyes,0.08976416,0.004135396,-2.516083,0.2688872,-0.2369438,0.9335724,0.0,0.0,0.0,0.0,0.0,0.0,0.0,-0.9820197,0.2210776,2.175516,0.1086102,0.0006993655,-2.394642,0.05670195,0.1854938,-0.03826921,0.9802615,7.201711,21.23427,356.8803,0.03340614,0.001887384,-0.9994389,-0.02851083,0.001195956,0.1675667,1.082876,-0.5467868,-0.6179818,0.3086998,-0.2723064,2.069,0.928255,-0.05399195,-0.3680046,0.09606337,0.9906407,0.09696808,0.3593249,-0.1253629,0.924754,moving,-4.688860051360603,-6.820609762881393,8.486067811043153,-7.497751082049384,0.9742658,-0.5474861655000001,1.7766602000000002,-0.08117004245248123,-0.1183692655180982,0.9896465318046683,-4.149122031299838,-5.987508715399746,13.087811306974267,13.19231763359522,12.725126889664834
2994,05/05/2023 15:32:36.597063,3177,True,True,True,True,Eyes,0.09071589,0.003781296,-2.509963,0.2774022,-0.2387385,0.9306191,0.0,0.0,0.0,0.0,0.0,0.0,0.0,-1.013895,0.2147858,2.148943,0.1102839,-0.0008621011,-2.383256,0.05568193,0.1933315,-0.03822511,0.9788061,7.11053,22.15487,356.921,0.03363087,0.0018629,-0.9994313,-0.02680018,0.001124199,0.1575127,1.112189,-0.5477594,-0.621595,0.3086998,-0.2749893,2.069,0.9223236,-0.05329981,-0.3827249,0.09636009,0.9908767,0.09422339,0.3742111,-0.1237838,0.919045,moving,-5.063092403576298,-7.043053225670584,8.486067811043153,-7.570769961165908,1.0019051,-0.5468972989,1.7616609999999997,-0.08759186788224682,-0.12214384822855623,0.9886397252046466,-4.526900603258468,-6.21093304248156,13.448542239713538,13.559433154610426,13.083826022881404
2995,05/05/2023 15:32:36.616909,3178,True,True,True,True,Eyes,0.09170303,0.003403034,-2.50362,0.2861087,-0.2405284,0.9275171,0.0,0.0,0.0,0.0,0.0,0.0,0.0,-1.043743,0.2197625,2.12148,0.1115931,-0.002199261,-2.3719,0.05710705,0.2008419,-0.03808192,0.9772161,7.290996,23.03831,357.0245,0.03387965,0.001827163,-0.9994227,-0.02519217,0.001056747,0.148062,1.14249,-0.5485747,-0.6260636,0.3086998,-0.2776836,2.069,0.9164246,-0.05148955,-0.3968813,0.0973675,0.9905771,0.09631497,0.3881823,-0.1269087,0.9128027,moving,-5.406747116768326,-6.98465761799134,8.486067811043153,-7.644074221279636,1.0308969000000001,-0.546375439,1.7458364,-0.09353242145081134,-0.12107048269411957,0.988227552020495,-4.873516362579145,-6.160227434835669,13.794280478525154,13.908455589141223,13.4417368884285
2996,05/05/2023 15:32:36.626886,3179,True,True,True,True,Eyes,0.0927455,0.003000849,-2.497066,0.2947356,-0.2423544,0.924335,0.0,0.0,0.0,0.0,0.0,0.0,0.0,-1.072412,0.221133,2.093831,0.1132971,-0.00314021,-2.360138,0.05779843,0.2081951,-0.03773953,0.9756485,7.382706,23.90663,357.1347,0.03415205,0.00178028,-0.9994134,-0.02368064,0.0009933423,0.1391783,1.170349,-0.5583363,-0.6328271,0.3086997,-0.2803094,2.069,0.9104611,-0.04957434,-0.410613,0.09770774,0.9904702,0.09706754,0.4018879,-0.1284963,0.9066283,moving,-5.734835097280757,-7.014824297043994,8.486065102098083,-7.71549057860135,1.0570519,-0.55519609,1.7273109,-0.09918411637878456,-0.1215239467653382,0.987620556060097,-5.204527892729402,-6.195515007237282,14.119831776792601,14.238150712743721,13.774710969293075
2997,05/05/2023 15:32:36.646417,3180,True,True,True,True,Eyes,0.09382402,0.002574875,-2.490302,0.303528,-0.2440976,0.921025,0.0,0.0,0.0,0.0,0.0,0.0,0.0,-1.100037,0.2178389,2.06635,0.1149116,-0.004061036,-2.348216,0.05737043,0.2155132,-0.03705709,0.9741096,7.339175,24.77451,357.2568,0.03444846,0.001722344,-0.999403,-0.0222598,0.0009337417,0.1308276,1.198197,-0.5647444,-0.6385636,0.3086997,-0.2831401,2.069,0.9043616,-0.04746716,-0.424119,0.09692351,0.9906708,0.0957976,0.415615,-0.1277428,0.9005253,moving,-6.0475468345363685,-7.172295447584987,8.486065102098083,-7.792452780520873,1.0832853999999998,-0.5606833640000001,1.7096524,-0.10453839765958083,-0.12416940117591913,0.9867388808398808,-5.520170934561742,-6.35453997014133,14.422663148385858,14.546837149094559,14.079852313319266
2998,05/05/2023 15:32:36.666876,3181,True,True,True,True,Eyes,0.09493311,0.002137919,-2.483322,0.3121369,-0.2457447,0.9177037,0.0,0.0,0.0,0.0,0.0,0.0,0.0,-1.126061,0.2154453,2.039058,0.116731,-0.005059356,-2.336351,0.05713292,0.222515,-0.03650251,0.9725691,7.317994,25.60546,357.3663,0.03476851,0.001653432,-0.9993917,-0.02092421,0.0008777172,0.1229779,1.226287,-0.5662279,-0.6433411,0.3086999,-0.285881,2.069,0.8983092,-0.04557657,-0.4369934,0.09642829,0.9908068,0.09488669,0.4286514,-0.1273761,0.8944458,moving,-6.333662627839923,-7.300428241943925,8.486070519988186,-7.866946514339212,1.109556,-0.561168544,1.6930099,-0.1094347242534736,-0.12630882461344792,0.9859361565870912,-5.808950792673412,-6.484506582934776,14.700938485302915,14.830557424648372,14.361712101744374
2999,05/05/2023 15:32:36.679470,3182,True,True,True,True,Eyes,0.09608206,0.001709313,-2.476118,0.3208526,-0.2471983,0.9143012,0.0,0.0,0.0,0.0,0.0,0.0,0.0,-1.149437,0.2077323,2.012792,0.1184379,-0.005767013,-2.324141,0.05584539,0.2290729,-0.0363315,0.9711266,7.187167,26.38183,357.4016,0.0351117,0.001574117,-0.9993795,-0.01966876,0.0008250542,0.1155992,1.253117,-0.5683308,-0.6479994,0.3086998,-0.2883113,2.069,0.8924114,-0.04497965,-0.4489754,0.0961503,0.9911226,0.09182077,0.4408596,-0.125111,0.8888139,moving,-6.5469903508946174,-7.529806322207232,8.486067811043153,-7.932976213301871,1.1346791,-0.562563787,1.6761416,-0.11304746565328141,-0.13020191461881084,0.9850217290547738,-6.024415374245863,-6.711792426223874,14.902464344155092,15.038463474081688,14.561779153399401
3000,05/05/2023 15:32:36.696727,3183,True,True,True,True,Eyes,0.09725273,0.001249803,-2.468694,0.3294269,-0.2482949,0.9109486,0.0,0.0,0.0,0.0,0.0,0.0,0.0,-1.1715,0.1953043,1.986767,0.1204328,-0.006028073,-2.311549,0.0537431,0.2354036,-0.03673634,0.9697151,6.980223,27.12799,357.347,0.03547795,0.001485685,-0.9993663,-0.01848863,0.000775551,0.1086633,1.278092,-0.5668405,-0.6504956,0.3086998,-0.2909162,2.069,0.8864712,-0.04594494,-0.4604974,0.0965502,0.9915242,0.08693524,0.4526001,-0.1215267,0.8833937,moving,-6.726464899391965,-7.822831856554197,8.486067811043153,-8.003726138424549,1.1576591999999999,-0.560812427,1.6610534,-0.11605416277730497,-0.13519063833137998,0.9839993466772183,-6.205800205765294,-7.000471730351286,15.070102694027288,15.213608191591888,14.726082480776663
3001,05/05/2023 15:32:36.706805,3184,True,True,True,True,Eyes,0.1273969,-0.00961498,-2.27876,0.5352231,-0.2745247,0.7988569,0.0,0.0,0.0,0.0,0.0,0.0,0.0,-1.192335,0.1795878,1.961274,0.1223511,-0.007300912,-2.299019,0.05047517,0.2416,-0.03666417,0.9683686,6.630921,27.8618,357.3099,0.03586655,0.001387704,-0.9993521,-0.01737931,0.0007290179,0.1021435,1.302153,-0.56292,-0.6515011,0.3086997,-0.2937598,2.069,0.8805704,-0.04661926,-0.4716169,0.09539846,0.992216,0.08004101,0.4642144,-0.1154733,0.8781634,moving,6.240389346955589,-9.10833825870392,8.486065102098083,-8.080931187420363,1.1798019,-0.5556190879999999,1.6475179,0.10734539817624633,-0.1573870569437973,0.9816853896021183,6.8738132348005285,-8.019542801813305,2.4615438958912184,2.4695394079378983,1.613420161486738
3002,05/05/2023 15:32:36.726826,3185,True,True,True,True,Eyes,0.1274839,-0.009622985,-2.278252,0.535885,-0.2745616,0.7984004,0.0,0.0,0.0,0.0,0.0,0.0,0.0,-1.212359,0.1875716,1.934394,0.1243067,-0.007079305,-2.28722,0.05338207,0.2473946,-0.03806312,0.9666941,7.009937,28.54297,357.2755,0.03851147,0.0006249341,-0.9992547,0.0740958,-0.03190907,0.6658155,1.326382,-0.5545411,-0.6513982,0.3086998,-0.2962406,2.069,0.8746942,-0.0471779,-0.4823736,0.1000036,0.9914031,0.08437502,0.4742461,-0.1220415,0.8718925,moving,5.605892930323433,-8.740284057548568,8.486067811043153,-8.14826193952794,1.2020753,-0.547461795,1.6358218,0.09656150802599231,-0.15124569628053094,0.9837685798317015,6.234142472101566,-7.6724133584145395,2.9201519519162975,2.9403907107312257,2.301651494973732
3003,05/05/2023 15:32:36.746569,3186,True,True,True,True,Eyes,0.1276544,-0.009620619,-2.277299,0.5369655,-0.2746045,0.7976594,0.0,0.0,0.0,0.0,0.0,0.0,0.0,-1.235001,0.178666,1.906006,0.1266261,-0.00729575,-2.274626,0.05234141,0.2540869,-0.03925723,0.9649658,6.947791,29.33125,357.161,0.04069522,9.679886e-07,-0.9991687,0.06965005,-0.02999453,0.6258665,1.345643,-0.5705329,-0.657408,0.3087,-0.2989561,2.069,0.8677974,-0.04916523,-0.49448,0.1023623,0.9914385,0.08106586,0.4862609,-0.1209648,0.8654004,moving,4.936979643430101,-8.81128861559421,8.48607322893318,-8.221936651566915,1.2190169,-0.56323715,1.617218,0.08505169711488547,-0.15262550147246318,0.9846175720232789,5.55925790047885,-7.753612955886892,3.5694181734705994,3.5976938469194297,2.9640470729748234
3004,05/05/2023 15:32:36.756963,3187,True,True,True,True,Eyes,0.1279215,-0.009468519,-2.275882,0.5386652,-0.2752377,0.796294,0.0,0.0,0.0,0.0,0.0,0.0,0.0,-1.258257,0.1716666,1.877478,0.1286804,-0.007047492,-2.262961,0.05182384,0.2610047,-0.04039767,0.9630987,6.944674,30.14857,357.0688,0.04251092,-0.000510864,-0.9990932,0.06547105,-0.02819486,0.5883145,1.369712,-0.5718091,-0.6612111,0.3086998,-0.3016424,2.069,0.8604892,-0.05076136,-0.5069336,0.1048664,0.9913647,0.07873496,0.4985594,-0.1209109,0.8583817,moving,4.284345299282268,-8.864445584338643,8.486067811043153,-8.294792206720723,1.2410316000000001,-0.564761608,1.6017498999999997,0.07381884769527677,-0.15367686717300627,0.9853599960670018,4.900815721047989,-7.8171335095139245,4.203497323654472,4.2401623832666715,3.616931072032198
3005,05/05/2023 15:32:36.776761,3188,True,True,True,True,Eyes,0.1283183,-0.009228539,-2.273969,0.5408959,-0.2750265,0.7948535,0.0,0.0,0.0,0.0,0.0,0.0,0.0,-1.279518,0.1730815,1.847787,0.1312277,-0.0032218,-2.250379,0.05486873,0.2673979,-0.04367962,0.9610307,7.401453,30.89323,356.8431,0.04403368,-0.0009255257,-0.9990272,0.06154279,-0.02650316,0.5530156,1.393923,-0.5745414,-0.6674181,0.3086996,-0.304287,2.069,0.8531809,-0.05461135,-0.5187485,0.1132985,0.990163,0.08210139,0.5091619,-0.1288207,0.8509755,moving,3.7191362601937508,-8.399878232598969,8.486062393152974,-8.366490433910482,1.2626953,-0.5713195999999999,1.5829609000000002,0.06417264501384393,-0.1457798284972523,0.9872335843337933,4.331151130768615,-7.374739440285392,4.717811565616288,4.767043056464965,4.271634070428404
3006,05/05/2023 15:32:36.796547,3189,True,True,True,True,Eyes,0.1288122,-0.008989329,-2.27169,0.5435976,-0.2749921,0.7930201,0.0,0.0,0.0,0.0,0.0,0.0,0.0,-1.302956,0.1175997,1.818994,0.1345786,-0.001080058,-2.236548,0.04307899,0.2751293,-0.0437656,0.959444,6.127779,31.81536,356.5244,0.04532553,-0.001257126,-0.9989693,0.05785022,-0.02491297,0.5198347,1.413271,-0.5906492,-0.6750587,0.3087,-0.3070593,2.069,0.8447769,-0.0602767,-0.5317129,0.1076859,0.9924576,0.05858134,0.5241715,-0.1067461,0.8448962,moving,3.1479826318545188,-9.681473080346017,8.48607322893318,-8.441622432915391,1.2786924,-0.589569142,1.5614892999999999,0.05413522352796499,-0.1679240250485945,0.9843123407624413,3.7535256693523333,-8.633480032417001,5.433988157050698,5.480186205828571,4.7364349190273
3007,05/05/2023 15:32:36.806738,3190,True,True,True,True,Eyes,0.1294092,-0.008688373,-2.269022,0.5465943,-0.2754084,0.7908128,0.0,0.0,0.0,0.0,0.0,0.0,0.0,-1.325364,0.1038019,1.78954,0.1367526,-0.0008195015,-2.225111,0.04090597,0.2822879,-0.04488508,0.9574057,5.950444,32.66759,356.3769,0.04645434,-0.00152647,-0.9989172,0.05437921,-0.0234182,0.4886446,1.446527,-0.5478567,-0.6707376,0.3086998,-0.309647,2.069,0.8365977,-0.06285194,-0.5442002,0.109041,0.992624,0.05298617,0.5368559,-0.1036682,0.8372805,moving,2.573283530168553,-9.90656868946823,8.486067811043153,-8.511725222473078,1.3097743999999998,-0.5470371985,1.5543734,0.044229057904894176,-0.17187367976719567,0.9841256164062688,3.1735117626877516,-8.863093331860812,6.021110832804319,6.075080760745228,5.324162968506155
3008,05/05/2023 15:32:36.826883,3191,True,True,True,True,Eyes,0.1301477,-0.008342342,-2.266026,0.5500963,-0.2757966,0.788245,0.0,0.0,0.0,0.0,0.0,0.0,0.0,-1.349701,0.1156167,1.755536,0.1397178,0.001063555,-2.213017,0.04583554,0.2897547,-0.04732777,0.9548306,6.601159,33.5496,356.3166,0.04750312,-0.001756114,-0.9988676,0.05111646,-0.0220131,0.4593259,1.471711,-0.5447136,-0.67732,0.3086998,-0.3123056,2.069,0.8276045,-0.06381787,-0.557672,0.1169421,0.9913184,0.06010344,0.5489947,-0.1149572,0.8278826,moving,1.9326514712441607,-9.31058818779518,8.486067811043153,-8.583722017447899,1.3319931999999999,-0.545777155,1.5356969999999999,0.033280933588127004,-0.16169655495875376,0.9862791123430645,2.5279076691585995,-8.294039330373586,6.525402649746831,6.593602971997915,5.96519809692288
3009,05/05/2023 15:32:36.846564,3192,True,True,True,True,Eyes,0.130969,-0.008019555,-2.26273,0.5539528,-0.276264,0.7853754,0.0,0.0,0.0,0.0,0.0,0.0,0.0,-1.373719,0.1002211,1.723133,0.1427367,0.002559511,-2.201353,0.04259403,0.2976705,-0.04566463,0.9526242,6.219531,34.51215,356.4448,0.04848652,-0.001947964,-0.9988202,0.04804947,-0.02069232,0.4317664,1.49423,-0.5687711,-0.6912149,0.3086997,-0.3150225,2.069,0.8186139,-0.06164449,-0.5710263,0.1123604,0.992201,0.05396618,0.5632461,-0.1083382,0.8191561,moving,1.2810772673821402,-9.76017292179011,8.486065102098083,-8.657269410444792,1.3514933,-0.5713306109999999,1.5101381000000003,0.022033713860919846,-0.16948333366903334,0.985286727968527,1.8700891010902891,-8.743721797173501,7.212332296415821,7.2889125288854,6.616540822898486
3010,05/05/2023 15:32:36.863717,3193,True,True,True,True,Eyes,0.1318941,-0.007685981,-2.259172,0.5579818,-0.2771772,0.782195,0.0,0.0,0.0,0.0,0.0,0.0,0.0,-1.395853,0.1093743,1.691235,0.1454314,0.002348879,-2.190773,0.04457233,0.3049171,-0.04337587,0.9503461,6.382786,35.39974,356.8123,0.04941621,-0.002106958,-0.9987745,0.0451665,-0.01945078,0.4058604,1.525112,-0.5557569,-0.6999351,0.3086998,-0.317612,2.069,0.8102882,-0.05526242,-0.5834202,0.1096259,0.9922637,0.0582662,0.5756868,-0.1111704,0.8100777,moving,0.6449250557001437,-9.688904074148246,8.486067811043153,-8.727341298027307,1.3796806,-0.558105779,1.4908379,0.011095295131381466,-0.16828811728342655,0.9856753579973615,1.228414162698207,-8.6857362382042,7.812431993710564,7.899881181517198,7.2577728994738875
3011,05/05/2023 15:32:36.876791,3194,True,True,True,True,Eyes,0.1329377,-0.007284785,-2.255338,0.5623091,-0.2779915,0.7787998,0.0,0.0,0.0,0.0,0.0,0.0,0.0,-1.414742,0.1271161,1.661156,0.1484739,0.003059053,-2.180605,0.0489325,0.3111945,-0.04129735,0.9481868,6.805387,36.17533,357.2373,0.05030216,-0.002235784,-0.9987301,0.04245651,-0.01828373,0.3815087,1.551547,-0.562567,-0.7134886,0.3087,-0.320323,2.069,0.802905,-0.04786015,-0.5941826,0.1087703,0.9918002,0.06709129,0.5860995,-0.1184973,0.8015271,moving,0.11823773325806042,-9.340376247392996,8.48607322893318,-8.800672792415458,1.4030731,-0.565626053,1.4671163999999999,0.0020362757830142963,-0.16229887417429023,0.9867395074272612,0.6974800566876344,-8.35568951760152,8.288385145592905,8.385222161755474,7.801294361682173
3012,05/05/2023 15:32:36.896654,3195,True,True,True,True,Eyes,0.1623646,0.003904675,-2.153286,0.6688617,-0.2935087,0.682991,0.0,0.0,0.0,0.0,0.0,0.0,0.0,-1.433657,0.1261561,1.631267,0.152259,0.005068404,-2.170048,0.04887203,0.3176978,-0.03885577,0.9461343,6.728676,36.97845,357.5489,0.05115576,-0.002334601,-0.9986867,0.03990912,-0.01718671,0.3586182,1.573838,-0.577235,-0.7273399,0.3087001,-0.3229972,2.069,0.7951168,-0.04247247,-0.6049674,0.1045786,0.9922035,0.06779023,0.5973715,-0.1171678,0.7933593,moving,7.652006622688234,-10.165668756735727,8.486075937878136,-8.87298040110122,1.4215790000000001,-0.582303404,1.4427081,0.1311019160691398,-0.1749716418887185,0.9758059483941189,8.296674079823184,-9.024155810894506,1.538202183042407,1.5384130808513024,0.24233668389419702
3013,05/05/2023 15:32:36.906763,3196,True,True,True,True,Eyes,0.1625278,0.003914904,-2.152889,0.66935,-0.293375,0.68257,0.0,0.0,0.0,0.0,0.0,0.0,0.0,-1.455049,0.113412,1.599704,0.1563339,0.006625044,-2.159768,0.04638923,0.3249686,-0.03792091,0.9438249,6.442892,37.8637,357.6104,0.05452387,-0.001817389,-0.9985096,0.1257952,0.01741288,0.6432592,1.599598,-0.5737502,-0.7374291,0.3086994,-0.3258275,2.069,0.7859148,-0.04143133,-0.6169451,0.1017315,0.9928201,0.06292042,0.6099086,-0.1122128,0.7844869,moving,6.837171279920642,-10.455716984013007,8.486056975262642,-8.94947776583567,1.4432641000000002,-0.580375244,1.4223389000000002,0.11709873917827829,-0.18022703820616587,0.9766300312847699,7.474335889555785,-9.321361676973222,2.232358768177286,2.2332891928003735,1.077904076727991
3014,05/05/2023 15:32:36.926720,3197,True,True,True,True,Eyes,0.1628455,0.003950004,-2.152145,0.6700683,-0.2933941,0.6818566,0.0,0.0,0.0,0.0,0.0,0.0,0.0,-1.478816,0.1012299,1.565263,0.1602977,0.006849404,-2.149756,0.04419764,0.3330438,-0.03811897,0.9411034,6.233445,38.84354,357.5608,0.05725085,-0.00138482,-0.9983578,0.1182475,0.0163681,0.6046636,1.627443,-0.5643237,-0.7477761,0.3086999,-0.3283481,2.069,0.7752575,-0.04230828,-0.6302268,0.1011873,0.993187,0.0577985,0.6234877,-0.1085797,0.7742568,moving,5.966246774278254,-10.669955890461903,8.486070519988186,-9.017577495405495,1.4671452999999999,-0.571173104,1.4019799,0.1021643261143893,-0.184182545246763,0.9775680477794252,6.595499796966431,-9.545726485407092,3.0054309743172762,3.013281611448359,1.9629567021171679
3015,05/05/2023 15:32:36.946740,3198,True,True,True,True,Eyes,0.1633311,0.004044847,-2.151048,0.6711652,-0.293532,0.6807174,0.0,0.0,0.0,0.0,0.0,0.0,0.0,-1.501749,0.09825438,1.530938,0.1641624,0.007537378,-2.140483,0.0450031,0.340834,-0.03960018,0.9382103,6.398271,39.78958,357.4837,0.05947445,-0.001020297,-0.9982284,0.1111527,0.01538602,0.5683838,1.656123,-0.5596088,-0.7615012,0.3087001,-0.3310014,2.069,0.764528,-0.04362944,-0.6431123,0.1049838,0.9928131,0.05745057,0.6359837,-0.1114389,0.7636138,moving,5.143374412181637,-10.519146394516978,8.486075937878136,-9.089234668915832,1.4919606,-0.567146178,1.3789818,0.08815347197753237,-0.1818533423026162,0.9793662576633289,5.765549638523506,-9.413614375605158,3.614244060843428,3.635698149311264,2.739796623764627
3016,05/05/2023 15:32:36.963718,3199,True,True,True,True,Eyes,0.1639978,0.004146806,-2.149639,0.6724624,-0.2936339,0.679392,0.0,0.0,0.0,0.0,0.0,0.0,0.0,-1.524079,0.09159786,1.495902,0.1685847,0.009092379,-2.130828,0.04545292,0.3485965,-0.04175439,0.9352386,6.553419,40.73109,357.3224,0.06130547,-0.0007086957,-0.9981179,0.1044835,0.01446286,0.5342808,1.68099,-0.5677871,-0.7782654,0.3086997,-0.3336871,2.069,0.7534741,-0.04641116,-0.6558375,0.1097901,0.9923812,0.05590779,0.6482461,-0.1141295,0.7528291,moving,4.35726731132912,-10.374854570059664,8.486065102098083,-9.161737672088243,1.5124053,-0.576879479,1.3525626000000002,0.0747402245449495,-0.17958377279401594,0.980899385100739,4.972681219307354,-9.287190249590802,4.2668750817526275,4.30332706230917,3.515622940113984
3017,05/05/2023 15:32:36.977061,3200,True,True,True,True,Eyes,0.1648214,0.004276297,-2.147938,0.6741388,-0.2940361,0.6775541,0.0,0.0,0.0,0.0,0.0,0.0,0.0,-1.547985,0.07356378,1.459289,0.1732635,0.009377263,-2.121576,0.04233145,0.3570739,-0.04315026,0.9321182,6.299839,41.76208,357.1044,0.06283285,-0.0004401109,-0.9980232,0.09821451,0.01359509,0.5022239,1.705464,-0.5752549,-0.794492,0.3086998,-0.3364495,2.069,0.7412726,-0.05021137,-0.6693233,0.1106732,0.9926922,0.04810016,0.6620169,-0.1097315,0.7414126,moving,3.5574410678777113,-10.663007367638606,8.486067811043153,-9.236280401118467,1.5322005,-0.584632163,1.3270840000000002,0.06098175479756757,-0.18468778403455124,0.9809034387775775,4.165486452165633,-9.582279741228833,5.083410511604912,5.130975678215727,4.334413319243646
3018,05/05/2023 15:32:36.997026,3201,True,True,True,True,Eyes,0.1658199,0.004449167,-2.145936,0.6759342,-0.2946718,0.675486,0.0,0.0,0.0,0.0,0.0,0.0,0.0,-1.572463,0.07302556,1.420819,0.177771,0.009700083,-2.113055,0.04421609,0.3656662,-0.04538601,0.9285867,6.62146,42.81437,357.002,0.06420064,-0.0001976761,-0.9979362,0.09232163,0.01277938,0.4720905,1.734278,-0.5697798,-0.8105243,0.3086998,-0.3391005,2.069,0.7284567,-0.05195304,-0.6831191,0.1166264,0.9919701,0.04892468,0.6750919,-0.1153092,0.7286664,moving,2.6957486103884976,-10.405835204059295,8.486067811043153,-9.307787383416256,1.5565069999999999,-0.579479883,1.3025307000000002,0.046260460950127036,-0.18042593210684132,0.9825000261663809,3.296493919096524,-9.347252380996355,5.827775967535452,5.89351384675466,5.189723948921376
3019,05/05/2023 15:32:37.006863,3202,True,True,True,True,Eyes,0.1669804,0.004613804,-2.143672,0.6782236,-0.2952122,0.6729506,0.0,0.0,0.0,0.0,0.0,0.0,0.0,-1.598036,0.06681316,1.378705,0.1831214,0.01122397,-2.103652,0.04500902,0.3749672,-0.04748284,0.9247265,6.825801,43.95792,356.8787,0.06548473,2.871359e-05,-0.9978528,0.08678234,0.01201262,0.443765,1.759547,-0.5839707,-0.8330458,0.3086998,-0.3418027,2.069,0.71429,-0.05406349,-0.6977584,0.1215711,0.9914391,0.04763304,0.6892099,-0.1188511,0.7147475,moving,1.7966972665635175,-10.268583393034785,8.486067811043153,-9.380645318355715,1.5764255999999999,-0.5951946699999999,1.2706062,0.03085144038546539,-0.17817784522709382,0.9835145391719087,2.3896785873377167,-9.229717592575719,6.665145435976787,6.74804507289456,6.098257189174699
3020,05/05/2023 15:32:37.026584,3203,True,True,True,True,Eyes,0.1682621,0.004754672,-2.141148,0.6807439,-0.2961168,0.670002,0.0,0.0,0.0,0.0,0.0,0.0,0.0,-1.623584,0.05563953,1.336092,0.1880648,0.01141657,-2.094938,0.04332932,0.3846384,-0.04797776,0.9208007,6.701892,45.1567,356.8241,0.06670249,0.0002403966,-0.9977721,0.08157539,0.01129186,0.4171391,1.787719,-0.5928944,-0.8566453,0.3086998,-0.3444752,2.068999,0.6995028,-0.05502367,-0.7125083,0.1216882,0.9916414,0.04288716,0.704193,-0.1167035,0.7003517,moving,0.8795404057620837,-10.491488535303786,8.486071852856547,-9.452676860127948,1.5996542,-0.60431097,1.2382927,0.015093706427550369,-0.18206872374361202,0.9831700038620488,1.4641932030965603,-9.463356118846018,7.578613375010785,7.677138161588511,7.021886770556892
3021,05/05/2023 15:32:37.046610,3204,True,True,True,True,Eyes,0.1697075,0.004910124,-2.138406,0.6836275,-0.2972848,0.6665397,0.0,0.0,0.0,0.0,0.0,0.0,0.0,-1.64863,0.06201778,1.292586,0.192946,0.01100736,-2.086926,0.04688223,0.3940428,-0.04968997,0.9165497,7.186514,46.33117,356.8719,0.06786729,0.0004377903,-0.9976935,0.07668087,0.01061435,0.3921108,1.818706,-0.5914896,-0.8807593,0.3087,-0.3473642,2.069,0.6845224,-0.05413943,-0.7269787,0.1280338,0.990666,0.04677982,0.7176604,-0.1250997,0.6850647,moving,-0.029508057038816392,-10.125325380474134,8.48607322893318,-9.530500456587426,1.6257599999999999,-0.60249696,1.2061667,-0.0005069916963053034,-0.1758018463402268,0.9844254347212729,0.5475501619202849,-9.123006638595173,8.420550279250113,8.536330671200203,7.948974757614828
3022,05/05/2023 15:32:37.063930,3205,True,True,True,True,Eyes,0.171335,0.005072268,-2.135468,0.6869262,-0.2986372,0.6625316,0.0,0.0,0.0,0.0,0.0,0.0,0.0,-1.672422,0.06604557,1.24873,0.1982075,0.01157846,-2.078765,0.05002245,0.4033289,-0.05112534,0.9122552,7.614496,47.49889,356.939,0.06899207,0.0006228836,-0.9976163,0.07208002,0.009977488,0.3685842,1.8443,-0.6111543,-0.9103125,0.3086997,-0.3498834,2.069,0.6694239,-0.05292771,-0.7409927,0.1336297,0.9897679,0.05002584,0.7307631,-0.1325071,0.6696471,moving,-0.8885524438145412,-9.826426580493884,8.486065102098083,-9.598337378482588,1.6460925,-0.62273276,1.1684525000000003,-0.015280090153746373,-0.17064404865933508,0.9852142051203301,-0.3187240473222205,-8.84728355837258,9.247275833929603,9.377391898401548,8.836763763191327
3023,05/05/2023 15:32:37.076981,3206,True,True,True,True,Eyes,0.1731278,0.005231878,-2.132324,0.6905743,-0.2999947,0.6581111,0.0,0.0,0.0,0.0,0.0,0.0,0.0,-1.695418,0.06064026,1.204596,0.2037854,0.01197123,-2.070627,0.05011729,0.4127567,-0.0517137,0.9079902,7.683588,48.68734,356.9611,0.07009073,0.0007973466,-0.9975396,0.06775521,0.009378838,0.3464691,1.869713,-0.6277355,-0.9396399,0.3086999,-0.352424,2.069,0.6539153,-0.05253856,-0.7547414,0.1352835,0.9896279,0.04832165,0.7443745,-0.1337023,0.6542404,moving,-1.7081078276822501,-9.888586777125616,8.486070519988186,-9.66672305762967,1.6659275999999998,-0.63970673,1.1309871,-0.029365236806061956,-0.17165879641975218,0.9847186624974851,-1.145567542423083,-8.92257668757074,10.052476110742607,10.19659235696619,9.660341897953787
3024,05/05/2023 15:32:37.096764,3207,True,True,True,True,Eyes,0.1750725,0.005377662,-2.128972,0.6946417,-0.3011764,0.653273,0.0,0.0,0.0,0.0,0.0,0.0,0.0,-1.716314,0.05496046,1.16139,0.2094365,0.01207868,-2.062419,0.0500766,0.4217621,-0.05236762,0.9038069,7.740837,49.82707,356.9675,0.07117448,0.0009621559,-0.9974627,0.0636899,0.008816108,0.325681,1.897717,-0.6323214,-0.9671533,0.3086999,-0.3551273,2.069,0.6387488,-0.05241961,-0.7676277,0.1369013,0.9895,0.04634579,0.7571381,-0.1346925,0.6392182,moving,-2.442757934499731,-9.95022749791687,8.486070519988186,-9.739457628929763,1.6882805,-0.64440008,1.0952656999999997,-0.0419812919602367,-0.17264027489260372,0.98408985079372,-1.8867573766098065,-8.99583675373724,10.773613941199253,10.930860685476583,10.399448570884111
3025,05/05/2023 15:32:37.106896,3208,True,True,True,True,Eyes,0.1771844,0.005493931,-2.125436,0.6989605,-0.3022858,0.6481339,0.0,0.0,0.0,0.0,0.0,0.0,0.0,-1.734785,0.04782484,1.120406,0.2152623,0.01185131,-2.05441,0.04918014,0.4301139,-0.05252958,0.8999024,7.683571,50.88857,356.9785,0.07225294,0.001117672,-0.997385,0.05986851,0.008287142,0.3061401,1.924151,-0.6368439,-0.9934263,0.3086999,-0.3578191,2.069,0.6244853,-0.05223686,-0.7792878,0.1368491,0.9896439,0.04332723,0.7689542,-0.133702,0.6251668,moving,-3.0744340284944265,-10.117441371704185,8.486070519988186,-9.811851302417294,1.7088887,-0.64869521,1.0609837,-0.05280158433577964,-0.17542136273229536,0.9830764853051243,-2.524184997875394,-9.170089159927748,11.394502045576465,11.564542823040345,11.02894306886105
3026,05/05/2023 15:32:37.126503,3209,True,True,True,True,Eyes,0.1794435,0.005569178,-2.121711,0.7033868,-0.3033528,0.6428251,0.0,0.0,0.0,0.0,0.0,0.0,0.0,-1.750931,0.04087529,1.081273,0.2212818,0.01124907,-2.046336,0.0481873,0.4378228,-0.05273072,0.8962191,7.616751,51.87159,356.9741,0.0733354,0.00126348,-0.9973058,0.0562764,0.007789914,0.2877717,1.949676,-0.6376499,-1.017124,0.3087,-0.3604793,2.069,0.6110612,-0.05232156,-0.7898523,0.1367116,0.9897949,0.04019933,0.7796885,-0.1325462,0.6119784,moving,-3.615610047076782,-10.288165851049277,8.48607322893318,-9.883364051910007,1.7283941999999999,-0.64889897,1.0292120000000002,-0.06205244183830666,-0.17825481692497938,0.9820258324387579,-3.0703194165876315,-9.346133793754118,11.926390386678227,12.108451701577934,11.56887320907813
3027,05/05/2023 15:32:37.146652,3210,True,True,True,True,Eyes,0.240007,0.006662816,-2.024576,0.8060486,-0.3270583,0.4932732,0.0,0.0,0.0,0.0,0.0,0.0,0.0,-1.765723,0.03766702,1.043342,0.2274461,0.01030813,-2.038607,0.04859827,0.4450337,-0.05366109,0.8925827,7.730744,52.79546,356.9608,0.0744295,0.001398672,-0.9972246,0.05289981,0.007322519,0.2705054,1.973435,-0.6386572,-1.038582,0.3087001,-0.3632232,2.069,0.5981311,-0.05253818,-0.7996743,0.1390496,0.9895174,0.03899397,0.789243,-0.1345179,0.5991665,moving,6.13331623013582,-11.150121155694137,8.486075937878136,-9.95709429047673,1.7459889,-0.64896533,1.000025,0.10484784888858717,-0.1923144409348089,0.9757161530847267,6.763500663504011,-10.010475804388337,2.6237858802092506,2.637952111677954,1.7234022054971916
3028,05/05/2023 15:32:37.163561,3211,True,True,True,True,Eyes,0.2402655,0.006629472,-2.024269,0.8062242,-0.3270293,0.4930054,0.0,0.0,0.0,0.0,0.0,0.0,0.0,-1.778745,0.0350361,1.006759,0.2337028,0.009619219,-2.030767,0.04934339,0.4517749,-0.05474903,0.8890823,7.886384,53.66301,356.9463,0.07973071,0.001624849,-0.9968144,0.2314165,0.01016408,0.5456796,1.994168,-0.6461936,-1.060055,0.3087,-0.3658001,2.069,0.5858039,-0.05276859,-0.8087332,0.141937,0.9891356,0.03827218,0.7979271,-0.1372091,0.5869293,moving,5.308888199617422,-11.009068949581565,8.48607322893318,-10.026306823393352,1.7604652,-0.655812819,0.970712,0.09083648811811573,-0.19017488196314727,0.9775388456987067,5.931970161039743,-9.887896758513827,3.2944038062365375,3.3257068582751166,2.557850626499252
3029,05/05/2023 15:32:37.176849,3212,True,True,True,True,Eyes,0.2407821,0.006561501,-2.023667,0.8066369,-0.3270537,0.4923138,0.0,0.0,0.0,0.0,0.0,0.0,0.0,-1.790345,0.03208457,0.9718372,0.2401831,0.008788301,-2.023133,0.04981637,0.4580407,-0.05564751,0.8857881,8.003359,54.47247,356.935,0.08409145,0.00180963,-0.9964557,0.2175315,0.009554235,0.5129388,2.013156,-0.6549976,-1.080167,0.3087003,-0.3684444,2.069,0.5742041,-0.05294795,-0.8169983,0.1442197,0.9888434,0.03727584,0.8059097,-0.1392311,0.5754341,moving,4.571543363187664,-10.9120146256204,8.486081355767933,-10.097298919506441,1.7729728999999999,-0.663785901,0.942966,0.07827164321695079,-0.18872059536022662,0.9789066224879369,5.188240349345087,-9.806612162178522,3.951090244120545,3.998420860432669,3.310627447256769
3030,05/05/2023 15:32:37.196861,3213,True,True,True,True,Eyes,0.2415718,0.006449105,-2.022815,0.8070162,-0.3271196,0.491648,0.0,0.0,0.0,0.0,0.0,0.0,0.0,-1.800299,0.02941139,0.9385223,0.2468149,0.007901302,-2.015387,0.05009335,0.4638222,-0.05619346,0.8827242,8.080529,55.22311,356.9466,0.08770799,0.001959066,-0.9961436,0.2044796,0.008980981,0.4821625,2.031348,-0.6625774,-1.0986,0.3086998,-0.3710916,2.069,0.5634224,-0.05273783,-0.8244841,0.1456755,0.9886659,0.03630966,0.8132244,-0.1405648,0.5647192,moving,3.8873880150298312,-10.860364948257391,8.486067811043153,-10.16833750633461,1.7845331,-0.670478702,0.916787,0.0665868463717591,-0.18799796425540966,0.9799097371680136,4.498117423034366,-9.76860199360436,4.58856873353349,4.650457810434937,4.007934228172557
3031,05/05/2023 15:32:37.207122,3214,True,True,True,True,Eyes,0.2426165,0.006299417,-2.0217,0.8076021,-0.3272536,0.4905955,0.0,0.0,0.0,0.0,0.0,0.0,0.0,-1.809341,0.02777083,0.906575,0.2537749,0.006769682,-2.007964,0.05030606,0.4691973,-0.05633625,0.8798577,8.128284,55.92519,356.9931,0.0907996,0.002079834,-0.9958663,0.1922108,0.008442122,0.4532327,2.048842,-0.6688343,-1.115076,0.3086999,-0.3738644,2.069,0.5533602,-0.05192883,-0.8313219,0.1463427,0.988591,0.03565871,0.8199857,-0.14139,0.5546464,moving,3.271181256512952,-10.843967061865653,8.486070519988186,-10.242712748122909,1.7950671,-0.675603982,0.8928879999999999,0.05604615778282018,-0.18783932389655206,0.9805994247670602,3.8765018926450328,-9.763710384907725,5.174530994729626,5.249435853508787,4.634389516878352
3032,05/05/2023 15:32:37.226542,3215,True,True,True,True,Eyes,0.2439222,0.006096095,-2.020352,0.8085164,-0.3272766,0.4890719,0.0,0.0,0.0,0.0,0.0,0.0,0.0,-1.817774,0.02786852,0.8745323,0.2608755,0.005742387,-2.000449,0.05110218,0.4744725,-0.05649926,0.8769677,8.235642,56.61906,357.0692,0.09363831,0.002181305,-0.9956032,0.1806782,0.007935595,0.4260388,2.066053,-0.6739796,-1.130454,0.3087001,-0.3764781,2.069001,0.5433674,-0.0506029,-0.8379686,0.1475892,0.9883928,0.03601524,0.8264197,-0.1432446,0.5445289,moving,2.6869280299460674,-10.762225180751477,8.486071896064805,-10.31278362181966,1.8051775,-0.679721987,0.8699950000000001,0.04605575326295902,-0.1865355144357744,0.9813681443738088,3.287194816584787,-9.694589098315264,5.728675779170608,5.8165339588828715,5.23550258871424
3033,05/05/2023 15:32:37.246849,3216,True,True,True,True,Eyes,0.2454682,0.005838723,-2.018769,0.8096038,-0.3273392,0.4872277,0.0,0.0,0.0,0.0,0.0,0.0,0.0,-1.825828,0.02905962,0.8427236,0.2682249,0.004284915,-1.993166,0.05183101,0.479623,-0.0562734,0.8741331,8.313794,57.30085,357.1811,0.09626372,0.002262805,-0.9953526,0.1698375,0.007459459,0.4004765,2.082512,-0.6810332,-1.146156,0.3087002,-0.3791825,2.069001,0.5335901,-0.04866218,-0.8443421,0.1480996,0.9882937,0.03663436,0.8326752,-0.1445944,0.5345506,moving,2.1310943077839073,-10.712450576051461,8.486074605008472,-10.385258271899083,1.8142871,-0.6853181150000001,0.84701,0.03653884913937028,-0.18575602065183877,0.981916345608695,2.7265215946029207,-9.656097681899546,6.263514660873885,6.363397628783617,5.805525475413929
3034,05/05/2023 15:32:37.263517,3217,True,True,True,True,Eyes,0.2454682,0.005838723,-2.018769,0.8096038,-0.3273392,0.4872277,0.0,0.0,0.0,0.0,0.0,0.0,0.0,-1.832576,0.03145291,0.8125506,0.2754838,0.002741436,-1.985866,0.05261976,0.4843529,-0.05571535,0.8715097,8.377184,57.93158,357.3269,0.09871071,0.002323702,-0.9951128,0.1596472,0.007011891,0.3764479,2.099206,-0.6872231,-1.161816,0.3086996,-0.3817896,2.068999,0.5245962,-0.04613987,-0.8501001,0.148086,0.988254,0.03774547,0.8383732,-0.145689,0.5252668,moving,1.4942877752206372,-10.677074921794155,8.486066434963863,-10.455103489838402,1.8237222000000002,-0.689964536,0.82405,0.02562610967041068,-0.18521260402046666,0.982364336839183,2.0841462030116498,-9.633089324143151,6.882298485366976,6.995301290398096,6.454478286033871
3035,05/05/2023 15:32:37.276715,3218,True,True,True,True,Eyes,0.2454682,0.005838723,-2.018769,0.8096038,-0.3273392,0.4872277,0.0,0.0,0.0,0.0,0.0,0.0,0.0,-1.83795,0.03541347,0.7850512,0.2830563,0.001343896,-1.978761,0.05382667,0.488349,-0.05507561,0.8692437,8.474501,58.46995,357.4981,0.1009122,0.002378491,-0.9948919,0.1500684,0.006591178,0.353861,2.115076,-0.69295,-1.176029,0.3086998,-0.3845342,2.069,0.516964,-0.04317585,-0.8549176,0.1483206,0.9881387,0.03978475,0.8430594,-0.1473692,0.5172359,moving,0.9402448207143407,-10.603726061830011,8.486067811043153,-10.52858314155277,1.8320197000000003,-0.6942938959999999,0.802732,0.01612948469947728,-0.1839913431103307,0.982795564632928,1.5253060349836136,-9.571600788284988,7.421410187320623,7.54619712569468,7.026237949821902
3036,05/05/2023 15:32:37.296854,3219,True,True,True,True,Eyes,0.2479109,0.005428098,-2.016434,0.8111326,-0.3279776,0.4842464,0.0,0.0,0.0,0.0,0.0,0.0,0.0,-1.84182,0.03831996,0.7601557,0.2908683,0.0001417762,-1.971547,0.05436677,0.4917096,-0.05399425,0.8673815,8.477001,58.92425,357.6705,0.1028934,0.002427796,-0.9946889,0.1410643,0.006195707,0.3326293,2.129511,-0.6994472,-1.187916,0.3086997,-0.3871479,2.069,0.5106125,-0.0402019,-0.8588706,0.1471325,0.9882578,0.04121446,0.8471287,-0.1474124,0.5105318,moving,0.6678399374157672,-10.651604748506657,8.486065102098083,-10.598530438736008,1.8386426999999999,-0.6995889762,0.783631,0.01145493136662451,-0.18482444973605333,0.9827047797404015,1.250448107687007,-9.623141095909869,7.687196826774169,7.818405311061166,7.301064145719388
3037,05/05/2023 15:32:37.306755,3220,True,True,True,True,Eyes,0.2505952,0.004970201,-2.013923,0.8127373,-0.3285544,0.481155,0.0,0.0,0.0,0.0,0.0,0.0,0.0,-1.845078,0.04171984,0.7372134,0.2990304,-0.001274058,-1.964718,0.05466981,0.4945838,-0.05256054,0.8658149,8.433364,59.31524,357.86,0.1048083,0.002452236,-0.994489,0.1326004,0.005823965,0.3126716,2.143846,-0.7025182,-1.196457,0.3086998,-0.3898309,2.069,0.5052485,-0.03693779,-0.862183,0.145093,0.9884972,0.04267668,0.8506891,-0.146659,0.5047961,moving,0.4622661235004586,-10.738354927348961,8.486067811043153,-10.670299102450862,1.8448156,-0.701244142,0.7682609999999999,0.00792670336943907,-0.1863185047895274,0.9824574437309423,1.0429661424298868,-9.711346201805485,7.887536792033822,8.024090298365014,7.504622116733778
3038,05/05/2023 15:32:37.326544,3221,True,True,True,True,Eyes,0.253491,0.004482817,-2.011186,0.8145172,-0.3293632,0.4775789,0.0,0.0,0.0,0.0,0.0,0.0,0.0,-1.848439,0.04386855,0.7136685,0.3074813,-0.002874086,-1.957912,0.05475528,0.4975533,-0.05141969,0.8641751,8.383861,59.71682,358.0083,0.1066766,0.002451954,-0.9942903,0.1246444,0.005474527,0.2939113,2.158134,-0.7040585,-1.2032,0.3086998,-0.3924585,2.069,0.4995936,-0.0343839,-0.8655773,0.1433586,0.9887158,0.04346823,0.8543153,-0.1458044,0.4988853,moving,0.2841499556405373,-10.843164929920963,8.486067811043153,-10.740553031726154,1.8506527,-0.701184414,0.754712,0.004870789184622193,-0.18811905494786205,0.982134150161541,0.863163343219245,-9.816650501191273,8.061082170725406,8.202559704654602,7.67868923785163
3039,05/05/2023 15:32:37.346865,3222,True,True,True,True,Eyes,0.2566246,0.003946302,-2.008292,0.8163821,-0.3300486,0.4739075,0.0,0.0,0.0,0.0,0.0,0.0,0.0,-1.851532,0.04161183,0.6907915,0.316196,-0.004153634,-1.951178,0.05406724,0.5004009,-0.05099009,0.8625982,8.297185,60.09457,358.0392,0.1085157,0.00242794,-0.9940913,0.1171657,0.005146055,0.2762766,2.172627,-0.7059081,-1.210101,0.3087002,-0.3952101,2.069,0.4939979,-0.03385735,-0.8688037,0.1420785,0.9889535,0.04224563,0.8577762,-0.1443076,0.4933514,moving,0.15950914483319362,-10.975692868088343,8.486078646823053,-10.814087322438558,1.856431,-0.701754466,0.741077,0.00273303272572073,-0.1903918345289177,0.9817044412629766,0.7372757083617201,-9.947994538575102,8.182505911858096,8.328137608364333,7.797054808667651
3040,05/05/2023 15:32:37.363716,3223,True,True,True,True,Eyes,0.260011,0.00336125,-2.005301,0.8183689,-0.3307818,0.4699529,0.0,0.0,0.0,0.0,0.0,0.0,0.0,-1.854704,0.0394986,0.6671444,0.3249815,-0.005890029,-1.944459,0.05302147,0.5034192,-0.05025304,0.8609486,8.157472,60.49504,358.0811,0.1103408,0.002380101,-0.9938905,0.1101358,0.004837292,0.2597,2.186889,-0.7067475,-1.215446,0.3086997,-0.3979659,2.069,0.4880874,-0.03314652,-0.8721652,0.1399146,0.9893267,0.04070083,0.8615072,-0.1418942,0.4875156,moving,0.030566395954288443,-11.16423908805117,8.486065102098083,-10.887697735686741,1.8619074999999998,-0.700857471,0.7290129999999999,0.0005233886716048963,-0.19362202645000207,0.9810760525334172,0.6069852420043534,-10.13398627842338,8.310057426158133,8.46001970973868,7.915047719536799
3041,05/05/2023 15:32:37.377242,3224,True,True,True,True,Eyes,0.2636238,0.002736502,-2.002174,0.820378,-0.3314609,0.4659546,0.0,0.0,0.0,0.0,0.0,0.0,0.0,-1.857594,0.03937174,0.6441796,0.3338251,-0.007573482,-1.937956,0.05262218,0.5062281,-0.0495347,0.8593661,8.08229,60.87197,358.156,0.1121668,0.002308361,-0.9936864,0.1035276,0.004547055,0.244118,2.202069,-0.7059755,-1.221329,0.3086997,-0.4005492,2.069,0.4825588,-0.03185923,-0.8752839,0.1384145,0.9895545,0.04029172,0.8648574,-0.1405952,0.481928,moving,-0.0819090375988075,-11.284006239083297,8.486065102098083,-10.956667470772302,1.8682439,-0.698402018,0.7166269999999999,-0.0014019472235349273,-0.19567221969240028,0.9806683931679461,0.49338448262031276,-10.252680573624083,8.420212831603996,8.57422483538623,8.023623934129262
3042,05/05/2023 15:32:37.396879,3225,True,True,True,True,Eyes,0.2674974,0.002084957,-1.998989,0.8223854,-0.3320834,0.4619556,0.0,0.0,0.0,0.0,0.0,0.0,0.0,-1.859993,0.03903834,0.6224581,0.3428538,-0.009274698,-1.931558,0.05239877,0.5087035,-0.04916,0.8579386,8.043537,61.20421,358.2035,0.1140057,0.002213083,-0.9934773,0.09731598,0.004274231,0.2294709,2.216367,-0.707326,-1.227295,0.3086998,-0.4032383,2.069,0.4776082,-0.03104166,-0.8780245,0.1376634,0.9896753,0.03989412,0.8677207,-0.1399256,0.4769503,moving,-0.14738010394238682,-11.362382990794814,8.486067811043153,-11.028427752807398,1.8735132,-0.698051302,0.7042630000000001,-0.0025218511760222717,-0.1970130940043111,0.9803976683558435,0.4272486315784748,-10.330208950543165,8.48259282222479,8.639904455591358,8.08900958480969
3043,05/05/2023 15:32:37.407039,3226,True,True,True,True,Eyes,0.2716022,0.001422327,-1.995704,0.8244104,-0.3326233,0.4579402,0.0,0.0,0.0,0.0,0.0,0.0,0.0,-1.86233,0.03702245,0.6009048,0.3521389,-0.01048805,-1.925258,0.05127446,0.5111781,-0.04822764,0.8565874,7.882843,61.53384,358.2528,0.1158703,0.002095192,-0.9932618,0.09147702,0.004017777,0.2157027,2.229741,-0.7099733,-1.231983,0.3086997,-0.4057998,2.069,0.472742,-0.03020162,-0.8806831,0.1350432,0.99009,0.03853628,0.8707918,-0.1371479,0.4721357,moving,-0.20591115072653918,-11.557425564611329,8.486065102098083,-11.096750390569602,1.8776021000000003,-0.6994852500000001,0.6932749999999999,-0.0035209538346385183,-0.20034873604936462,0.9797183171476412,0.36798270886669737,-10.52126277905825,8.543732196483472,8.70417559540509,8.138454873887087
3135,05/05/2023 15:32:38.946802,3318,True,True,True,True,Eyes,1.003007,-0.008957408,-1.606431,0.8989694,-0.3967787,-0.1855281,0.0,0.0,0.0,0.0,0.0,0.0,0.0,-1.255866,-0.2207317,-1.543763,1.225094,-0.01435527,-1.583686,0.02416967,0.7826071,-0.05906555,0.6192361,7.029693,103.1693,357.9605,0.4928173,-0.003282812,-0.8701264,0.0,0.0,0.0,3.096095,-0.6867633,-2.320938,0.3087004,-0.4057999,2.069001,-0.2319252,-0.03532033,-0.9720923,0.1109817,0.9918542,-0.06251678,0.9663818,-0.1223837,-0.226116,moving,-0.8438397619948212,-16.391968290176493,8.48608002289569,-11.096747827015074,1.8710010000000001,-0.6724080299999999,-0.737252,-0.014128761258774991,-0.28217880816091967,0.9592577824181752,-0.28100188743245214,-15.242316305932349,10.553857404455954,10.72784987525342,9.697807135419607
3136,05/05/2023 15:32:38.964358,3319,True,True,True,True,Eyes,1.0131,-0.009197676,-1.605866,0.8974621,-0.3974446,-0.1913104,0.0,0.0,0.0,0.0,0.0,0.0,0.0,-1.249369,-0.2111454,-1.562019,1.2367,-0.01318055,-1.58613,0.02043192,0.7840304,-0.05594945,0.6178581,6.48714,103.3987,357.8602,0.4965383,-0.003427818,-0.8680078,0.0,0.0,0.0,3.108642,-0.6787671,-2.323144,0.3054461,-0.4037319,2.068742,-0.2356681,-0.03709915,-0.9711254,0.1011761,0.9929044,-0.06248409,0.9665528,-0.1129802,-0.2302424,moving,-0.6572689884936284,-16.97092900145931,8.398939093966073,-11.0429391621393,1.8719420000000002,-0.66558655,-0.7370140000000001,-0.010971779320990693,-0.2918688982157681,0.9563954550637384,-0.09343906240249122,-15.802956696435226,10.661470406524321,10.823861065622086,9.735412352723976
3137,05/05/2023 15:32:38.980215,3320,True,True,True,True,Eyes,1.023263,-0.009339814,-1.605417,0.8960191,-0.3978586,-0.197125,0.0,0.0,0.0,0.0,0.0,0.0,0.0,-1.240751,-0.2087872,-1.580346,1.247668,-0.01150307,-1.588629,0.0198724,0.7857707,-0.05457921,0.6157846,6.329596,103.7158,357.925,0.5002832,-0.003569772,-0.865854,0.0,0.0,0.0,3.124117,-0.6569815,-2.330862,0.3023084,-0.4017373,2.068494,-0.2408288,-0.03598778,-0.9699002,0.09844838,0.9932524,-0.06129925,0.9655618,-0.1102477,-0.2356609,moving,-0.6162811783458978,-17.151202718425754,8.314855808650261,-10.990999504371707,1.876449,-0.64547843,-0.7422330000000001,-0.010277662153898415,-0.2948787765047552,0.9554793747703186,-0.05229300942343329,-15.977833572012704,10.692423482890298,10.849576559429988,9.74051812595084
3138,05/05/2023 15:32:38.997048,3321,True,True,True,True,Eyes,1.033375,-0.009459562,-1.605363,0.895198,-0.3962207,-0.2040332,0.0,0.0,0.0,0.0,0.0,0.0,0.0,-1.230339,-0.2012202,-1.601003,1.259514,-0.009343478,-1.590903,0.01846025,0.7878271,-0.05180266,0.6134364,5.985194,104.0844,358.0139,0.5040466,-0.003703722,-0.8636681,0.0,0.0,0.0,3.133309,-0.6472577,-2.341588,0.2990579,-0.3996707,2.068236,-0.2467098,-0.03446832,-0.9684761,0.09264223,0.9939514,-0.0589747,0.9646509,-0.1042714,-0.2420244,moving,-0.5761506310699681,-17.389863126622124,8.22769466519337,-10.937157921279562,1.873795,-0.637914222,-0.7506849999999998,-0.009595991559914807,-0.29885817824271266,0.9542492102475952,-0.012077437687157966,-16.20960338911287,10.763645993961994,10.915360574327956,9.782255645743685
3139,05/05/2023 15:32:39.006817,3322,True,True,True,True,Eyes,1.043496,-0.009582532,-1.605389,0.8943127,-0.3946573,-0.2108323,0.0,0.0,0.0,0.0,0.0,0.0,0.0,-1.22234,-0.1851693,-1.619707,1.270386,-0.008747308,-1.593078,0.01630578,0.7895193,-0.0474098,0.6116745,5.44036,104.3788,358.1435,0.5078117,-0.003829171,-0.8614593,0.0,0.0,0.0,3.144574,-0.6303785,-2.354449,0.2958193,-0.3976127,2.067978,-0.2511765,-0.03225128,-0.9674037,0.08374618,0.9949729,-0.05491423,0.9643115,-0.09480955,-0.247213,moving,-0.4780374235938792,-17.83097578165776,8.140796489763092,-10.883513113688572,1.874188,-0.6216311919999999,-0.7613709999999998,-0.007942479985819761,-0.30620032772300776,0.9519338868124547,0.0864037740945488,-16.637549694466408,10.92681651050001,11.070299704563457,9.898594798815838
3140,05/05/2023 15:32:39.026738,3323,True,True,True,True,Eyes,1.043496,-0.009582532,-1.605389,0.8943127,-0.3946573,-0.2108323,0.0,0.0,0.0,0.0,0.0,0.0,0.0,-1.21518,-0.1844195,-1.635147,1.280767,-0.008964879,-1.594971,0.01751756,0.790756,-0.0469862,0.6100742,5.490646,104.6173,358.2945,0.5115733,-0.003947077,-0.8592303,0.0,0.0,0.0,3.157678,-0.607846,-2.365648,0.2926652,-0.3956084,2.067727,-0.2550054,-0.02962591,-0.9664858,0.08503436,0.9949708,-0.05293522,0.9631934,-0.09568325,-0.2512037,moving,-0.7579471368573282,-17.787586804646928,8.056107468718428,-10.831235258916994,1.8769110000000002,-0.598881121,-0.7706770000000003,-0.012596018821457056,-0.3054647593888231,0.9521199869917902,-0.19592243203052173,-16.600316380466033,11.076583931805795,11.228463181479933,10.068678884037777
3141,05/05/2023 15:32:39.046884,3324,True,True,True,True,Eyes,1.043496,-0.009582532,-1.605389,0.8943127,-0.3946573,-0.2108323,0.0,0.0,0.0,0.0,0.0,0.0,0.0,-1.209324,-0.1928616,-1.648181,1.29078,-0.008635648,-1.596864,0.01998853,0.7916135,-0.04865257,0.608754,5.817736,104.7984,358.4109,0.5149502,-0.004053126,-0.8572102,0.0,0.0,0.0,3.164862,-0.6069555,-2.373255,0.2894622,-0.3935718,2.067473,-0.2580381,-0.02758851,-0.9657407,0.09088127,0.9944667,-0.05269188,0.9618508,-0.1013643,-0.254103,moving,-0.9772495997801052,-17.465284689289728,7.970044733767331,-10.778077897444998,1.8740819999999998,-0.5983198519999999,-0.7763909999999998,-0.016269336781059407,-0.3000881446240911,0.9537726472722126,-0.41679389579449677,-16.290289202636025,11.012090585935933,11.170175046436128,10.03611158125428
3142,05/05/2023 15:32:39.064235,3325,True,True,True,True,Eyes,1.043496,-0.009582532,-1.605389,0.8943127,-0.3946573,-0.2108323,0.0,0.0,0.0,0.0,0.0,0.0,0.0,-1.204828,-0.1952368,-1.660643,1.3008,-0.008360383,-1.598534,0.0208996,0.79225,-0.04887558,0.6078771,5.90343,104.9253,358.4846,0.5179826,-0.004148516,-0.8553808,0.0,0.0,0.0,3.169691,-0.6154369,-2.377961,0.2862477,-0.3915284,2.067219,-0.2600976,-0.02630527,-0.9652241,0.09253609,0.9943488,-0.05203457,0.9611382,-0.1028521,-0.2561936,moving,-1.1243483122096747,-17.382699683524738,7.883611881361857,-10.724706738402599,1.8688909999999999,-0.607076517,-0.7794270000000001,-0.01872650090682465,-0.2987002373776547,0.9541631594765065,-0.5650952897182933,-16.212484395945843,11.04053243056541,11.201438162408676,10.07454001338483
3143,05/05/2023 15:32:39.076674,3326,True,True,True,True,Eyes,1.043496,-0.009582532,-1.605389,0.8943127,-0.3946573,-0.2108323,0.0,0.0,0.0,0.0,0.0,0.0,0.0,-1.202507,-0.2043921,-1.67025,1.31023,-0.007817195,-1.600242,0.02241208,0.7924104,-0.05067819,0.6074662,6.173815,104.9711,358.4985,0.5207063,-0.004234325,-0.8537251,0.0,0.0,0.0,3.177777,-0.6156882,-2.381009,0.2830433,-0.3894918,2.066965,-0.2609649,-0.02605144,-0.9649966,0.09708971,0.9938589,-0.05308667,0.9604534,-0.107545,-0.256833,moving,-1.1781125235585597,-17.11374122718238,7.797396465017085,-10.671485647540921,1.8675469999999998,-0.607871005,-0.7807670000000002,-0.019650483879291192,-0.2942127016672808,0.955537855455669,-0.6190305269402527,-15.951444868923689,10.88814865971466,11.048186211203344,9.935502639042122
3144,05/05/2023 15:32:39.096788,3327,True,True,True,True,Eyes,1.055195,-0.009558872,-1.605758,0.8932751,-0.3936728,-0.2169826,0.0,0.0,0.0,0.0,0.0,0.0,0.0,-1.200667,-0.2121688,-1.680177,1.320347,-0.006586002,-1.601953,0.0228004,0.7924666,-0.0519867,0.6072679,6.320351,104.9881,358.4432,0.5231529,-0.004311511,-0.8522276,0.0,0.0,0.0,3.184551,-0.6224802,-2.380563,0.2798876,-0.3874863,2.066715,-0.261412,-0.02700259,-0.9648497,0.09927681,0.9935551,-0.05470355,0.9601084,-0.1100874,-0.2570465,moving,-0.8100089880087642,-16.89453622826671,7.7124353584791985,-10.619045659312304,1.864204,-0.615894198,-0.77861,-0.013526839729056717,-0.29058437959352373,0.9567538185896105,-0.24743839326977657,-15.73128552481831,10.440844617398794,10.583659079922231,9.460157852078957
3145,05/05/2023 15:32:39.106889,3328,True,True,True,True,Eyes,1.066811,-0.009522262,-1.606183,0.8923006,-0.3925839,-0.2228845,0.0,0.0,0.0,0.0,0.0,0.0,0.0,-1.199232,-0.210816,-1.690929,1.330467,-0.004974684,-1.603644,0.02099036,0.7925804,-0.05107695,0.6072621,6.1112,104.994,358.3425,0.5257768,-0.004378034,-0.850611,0.0,0.0,0.0,3.193808,-0.6244323,-2.378885,0.2765613,-0.3853721,2.066451,-0.2615848,-0.02876108,-0.964752,0.09530727,0.9939011,-0.05547187,0.9604635,-0.1064585,-0.2572482,moving,-0.4250094474008323,-17.02508760496921,7.622823728476539,-10.563732383393418,1.8633410000000001,-0.619457616,-0.7752409999999998,-0.007092692322175687,-0.2927830378616416,0.9561525851536204,0.14080518199291647,-15.851538250253247,10.195896095562427,10.320694265704088,9.16195898351014
3146,05/05/2023 15:32:39.126577,3329,True,True,True,True,Eyes,1.066811,-0.009522262,-1.606183,0.8923006,-0.3925839,-0.2228845,0.0,0.0,0.0,0.0,0.0,0.0,0.0,-1.198222,-0.2074163,-1.701284,1.340075,-0.004647445,-1.605398,0.01936745,0.7926706,-0.05000463,0.6072875,5.90029,104.9973,358.27,0.5285511,-0.004434287,-0.8488896,0.0,0.0,0.0,3.206907,-0.613867,-2.377725,0.27346,-0.3834007,2.066205,-0.261654,-0.03003035,-0.9646946,0.09143837,0.9942489,-0.05575117,0.9608207,-0.1027976,-0.2574033,moving,-0.40007561848942497,-17.236474724037084,7.539218702617875,-10.51212361464431,1.8668320000000003,-0.609219555,-0.7723269999999998,-0.006669006032872682,-0.29630953162163043,0.9550686705512457,0.16572086544284143,-16.057013044487405,10.283833001745668,10.40429200664603,9.225739490361224
3147,05/05/2023 15:32:39.146551,3330,True,True,True,True,Eyes,1.066811,-0.009522262,-1.606183,0.8923006,-0.3925839,-0.2228845,0.0,0.0,0.0,0.0,0.0,0.0,0.0,-1.195532,-0.2095328,-1.712204,1.349617,-0.004145355,-1.607284,0.01892778,0.7930059,-0.05016785,0.6068498,5.885422,105.0583,358.2217,0.5310431,-0.00448487,-0.8473327,0.0,0.0,0.0,3.219509,-0.604279,-2.37659,0.2702113,-0.3813356,2.065948,-0.2627503,-0.030869,-0.9643699,0.09090837,0.9942498,-0.05659415,0.9605717,-0.1025394,-0.2584332,moving,-0.44339215137758103,-17.253687149166964,7.451581587997503,-10.45802677719257,1.8698919999999999,-0.600133645,-0.7693060000000003,-0.007390365814273603,-0.29659492966855444,0.9549747692100856,0.12200346506206622,-16.07455961061637,10.297815608579883,10.416890622284818,9.234075835141345
3148,05/05/2023 15:32:39.164333,3331,True,True,True,True,Eyes,1.079076,-0.009374459,-1.606841,0.8911904,-0.3919458,-0.2283812,0.0,0.0,0.0,0.0,0.0,0.0,0.0,-1.189209,-0.2154175,-1.724886,1.359079,-0.003460607,-1.608958,0.01859614,0.7938784,-0.05117327,0.6056342,5.956628,105.2241,358.1299,0.5332819,-0.004530363,-0.8459252,0.0,0.0,0.0,3.229275,-0.6011831,-2.376961,0.2668025,-0.3791688,2.065676,-0.2657232,-0.0324584,-0.9635029,0.09151068,0.9940709,-0.05872578,0.9596964,-0.1037756,-0.2611774,moving,-0.24234221265893702,-17.137094154428777,7.359572666764559,-10.401242618800936,1.870196,-0.597722493,-0.768003,-0.004041873263092244,-0.2946566237872889,0.9555945526330933,0.3249552757825599,-15.957364421485122,10.047920523119119,10.156810805760847,8.964169304724726
3149,05/05/2023 15:32:39.176792,3332,True,True,True,True,Eyes,1.09124,-0.009186596,-1.607535,0.8900372,-0.3913447,-0.2338446,0.0,0.0,0.0,0.0,0.0,0.0,0.0,-1.180115,-0.2277987,-1.738391,1.368431,-0.002036697,-1.610577,0.01926576,0.7951193,-0.05348471,0.603783,6.21837,105.4704,358.043,0.5357238,-0.004561825,-0.8443807,0.0,0.0,0.0,3.236633,-0.6014389,-2.380491,0.2638739,-0.3773078,2.065444,-0.2701503,-0.03394915,-0.9622196,0.09522345,0.9935365,-0.06178876,0.9580979,-0.1083181,-0.2651714,moving,-0.1285825994470711,-16.834877773463116,7.280469361215899,-10.352436040936912,1.868202,-0.599402203,-0.7699140000000002,-0.0021480101820872677,-0.2896138535230386,0.9571412594026458,0.4400567275604649,-15.660913711666774,9.74145893684137,9.844597593167592,8.658589964844763
3150,05/05/2023 15:32:39.196698,3333,True,True,True,True,Eyes,1.09124,-0.009186596,-1.607535,0.8900372,-0.3913447,-0.2338446,0.0,0.0,0.0,0.0,0.0,0.0,0.0,-1.168805,-0.2315345,-1.754605,1.378211,-0.0008793669,-1.612105,0.01896531,0.7968186,-0.05382708,0.6015174,6.23443,105.7934,358.0093,0.538339,-0.004578658,-0.8427157,0.0,0.0,0.0,3.240926,-0.6074439,-2.38586,0.2606916,-0.3752849,2.065192,-0.2756345,-0.03453203,-0.9606422,0.09497967,0.9934859,-0.0629649,0.9565588,-0.1085968,-0.2705591,moving,-0.4291939026433173,-16.83062380501823,7.194461326588927,-10.299352903863198,1.862715,-0.6065645331,-0.7737550000000002,-0.007169925877462402,-0.2895360145229595,0.957140364318715,0.136802587617725,-15.662176168773241,9.927734751136752,10.03880563804652,8.863995726896365
3151,05/05/2023 15:32:39.207033,3334,True,True,True,True,Eyes,1.09124,-0.009186596,-1.607535,0.8900372,-0.3913447,-0.2338446,0.0,0.0,0.0,0.0,0.0,0.0,0.0,-1.158315,-0.2334012,-1.769571,1.387249,-0.0002636472,-1.61341,0.01989065,0.7983973,-0.05379982,0.5993928,6.301013,106.1017,358.1128,0.5406881,-0.00459377,-0.8412104,0.0,0.0,0.0,3.247023,-0.6048318,-2.394643,0.2574854,-0.3732467,2.064938,-0.2806653,-0.03273317,-0.9592474,0.09625571,0.9934199,-0.06206263,0.9549669,-0.1097519,-0.2756677,moving,-0.7586832971493647,-16.77467218984541,7.107753496156651,-10.245837541058838,1.859774,-0.6045681528,-0.7812329999999998,-0.012677780602513566,-0.2885854149217816,0.9573703153558227,-0.19552584135863882,-15.613596619700681,10.10255363204956,10.222842544726722,9.0637038018748
3152,05/05/2023 15:32:39.226497,3335,True,True,True,True,Eyes,1.104018,-0.008909546,-1.608377,0.8887931,-0.3907804,-0.2394524,0.0,0.0,0.0,0.0,0.0,0.0,0.0,-1.148768,-0.2391094,-1.783592,1.396509,0.0005339226,-1.614869,0.02221847,0.7997659,-0.05452471,0.5974177,6.532191,106.3838,358.2922,0.5427986,-0.00460734,-0.8398499,0.0,0.0,0.0,3.251829,-0.6040219,-2.403547,0.2543772,-0.371271,2.064691,-0.285197,-0.02960891,-0.9580116,0.1006872,0.9930668,-0.0606666,0.9531658,-0.1137614,-0.2802384,moving,-0.7477207441159928,-16.503650371974278,7.023646898645873,-10.193937174974526,1.8553199999999999,-0.6045558226,-0.788678,-0.012512272954622206,-0.2840541860993829,0.9587265563665465,-0.18416191530082726,-15.349382958915223,9.892701749780318,10.010326451587828,8.861779117624161
3153,05/05/2023 15:32:39.246440,3336,True,True,True,True,Eyes,1.116651,-0.008618209,-1.609257,0.8875135,-0.3902179,-0.2450505,0.0,0.0,0.0,0.0,0.0,0.0,0.0,-1.139004,-0.2371129,-1.799019,1.405881,0.001426142,-1.616639,0.02362267,0.8013153,-0.05344653,0.5953816,6.533495,106.69,358.5129,0.5451297,-0.004603466,-0.8383389,0.0,0.0,0.0,3.255441,-0.6084476,-2.411654,0.2511982,-0.3692505,2.064439,-0.2899255,-0.02578375,-0.9567019,0.1015006,0.9931708,-0.05752603,0.9516518,-0.113784,-0.2853285,moving,-0.7654250504681539,-16.463017677999087,6.937570090114725,-10.140826708099695,1.8495599999999999,-0.609873742,-0.795015,-0.01281120933487423,-0.28337314088948184,0.9589241396746242,-0.20197645159980626,-15.310118941191346,9.849708482935723,9.965251266060523,8.81446010895787
3154,05/05/2023 15:32:39.259147,3337,True,True,True,True,Eyes,1.129173,-0.008297454,-1.610117,0.8864182,-0.3892345,-0.2505183,0.0,0.0,0.0,0.0,0.0,0.0,0.0,-1.129019,-0.2354326,-1.814291,1.415112,0.002028529,-1.618399,0.02463307,0.8028613,-0.05253715,0.5933352,6.522388,106.9944,358.6856,0.5476475,-0.00458329,-0.8366963,0.0,0.0,0.0,3.261137,-0.6044424,-2.421595,0.2478387,-0.3671155,2.064172,-0.2946931,-0.02279039,-0.95532,0.1018981,0.9932662,-0.05512876,0.9501435,-0.1135914,-0.2903865,moving,-0.7779998276945432,-16.409602487214404,6.846551151559438,-10.084676719916361,1.8460250000000002,-0.606470929,-0.803196,-0.01302525067984689,-0.2824782836062312,0.9591853324837618,-0.21460190406885582,-15.258310571913487,9.793315243208212,9.90648593584393,8.753648936845675
3155,05/05/2023 15:32:39.276854,3338,True,True,True,True,Eyes,1.14158,-0.00796781,-1.611016,0.8853424,-0.3881218,-0.2559888,0.0,0.0,0.0,0.0,0.0,0.0,0.0,-1.117717,-0.2369152,-1.830004,1.424474,0.002934665,-1.620247,0.02472526,0.8045362,-0.05236173,0.5910739,6.516119,107.3197,358.7246,0.5503254,-0.004547083,-0.8349375,0.0,0.0,0.0,3.266828,-0.6006323,-2.431342,0.2446675,-0.3650997,2.06392,-0.3000404,-0.02211459,-0.95367,0.101684,0.9932938,-0.05502492,0.9484913,-0.1134827,-0.2957796,moving,-0.7718561853684626,-16.345662718228166,6.7605802181911425,-10.031629907271384,1.8423539999999998,-0.603566965,-0.8110949999999999,-0.012926635767224304,-0.2814080311605489,0.959501112393584,-0.2083322382111663,-15.195913012372712,9.718410423459545,9.828764343065142,8.673843485712334
3156,05/05/2023 15:32:39.296801,3339,True,True,True,True,Eyes,1.14158,-0.00796781,-1.611016,0.8853424,-0.3881218,-0.2559888,0.0,0.0,0.0,0.0,0.0,0.0,0.0,-1.105358,-0.2311944,-1.847364,1.434189,0.003445626,-1.622069,0.02292096,0.8064119,-0.05076398,0.5887254,6.249698,107.6652,358.6855,0.5531377,-0.004496136,-0.8330774,0.0,0.0,0.0,3.272435,-0.5973169,-2.441069,0.241604,-0.3631524,2.063676,-0.3057542,-0.02280462,-0.9518374,0.09673956,0.9937953,-0.05488506,0.9471832,-0.1088616,-0.301651,moving,-1.0874986291840898,-16.622420850489064,6.6774818052285685,-9.98035956224408,1.8382460000000003,-0.600762526,-0.8190000000000002,-0.018186428563064627,-0.28601603762698974,0.9580522128958928,-0.5270659618750331,-15.471194359484551,10.099689438225903,10.218214095604672,9.058409093161133
3157,05/05/2023 15:32:39.307039,3340,True,True,True,True,Eyes,1.14158,-0.00796781,-1.611016,0.8853424,-0.3881218,-0.2559888,0.0,0.0,0.0,0.0,0.0,0.0,0.0,-1.092932,-0.2270664,-1.864365,1.443927,0.003790813,-1.623877,0.02130207,0.8082322,-0.04958992,0.5863853,6.035393,108.005,358.633,0.5556633,-0.004450241,-0.8313953,0.0,0.0,0.0,3.280789,-0.5855232,-2.451642,0.2384447,-0.3611442,2.063426,-0.3113971,-0.02372355,-0.9499837,0.09259162,0.9941741,-0.0551779,0.9457582,-0.1051428,-0.3073863,moving,-1.394975234936871,-16.848324027720377,6.591729466049784,-9.927448471475884,1.836862,-0.589314013,-0.8277650000000001,-0.023300106578382662,-0.28976041793232543,0.9568155349029195,-0.8375047301560161,-15.69678837833395,10.441251774783934,10.568158328005161,9.406317223171813
3158,05/05/2023 15:32:39.326765,3341,True,True,True,True,Eyes,1.154706,-0.007656917,-1.612042,0.8843376,-0.3866006,-0.2617002,0.0,0.0,0.0,0.0,0.0,0.0,0.0,-1.080377,-0.2228646,-1.881405,1.453967,0.003476096,-1.625588,0.02002821,0.8100081,-0.04853847,0.5840634,5.855996,108.3409,358.603,0.557932,-0.0044089,-0.8298746,0.0,0.0,0.0,3.288704,-0.5756925,-2.461672,0.23518,-0.3590686,2.063169,-0.316938,-0.02425305,-0.9481362,0.08914509,0.9944858,-0.05523761,0.9442477,-0.1020286,-0.3130282,moving,-1.3642267785505253,-16.933064596219015,6.5030590698562145,-9.872723572869058,1.834737,-0.579168596,-0.836084,-0.022776367012433074,-0.29117875455358033,0.9563975007163605,-0.8065807665724343,-15.778785581090782,10.44792382267943,10.570837336111992,9.397467902752563
3159,05/05/2023 15:32:39.336890,3342,True,True,True,True,Eyes,1.167704,-0.007383186,-1.613104,0.8832937,-0.3851013,-0.2673745,0.0,0.0,0.0,0.0,0.0,0.0,0.0,-1.06894,-0.2185687,-1.897885,1.464131,0.003149661,-1.627477,0.0195484,0.8116149,-0.04740277,0.5819384,5.721751,108.6505,358.6502,0.560393,-0.004354315,-0.8282151,0.0,0.0,0.0,3.296493,-0.5677474,-2.471642,0.2320625,-0.3570876,2.062921,-0.3219312,-0.02343943,-0.946473,0.08690254,0.9947417,-0.05419363,0.9427664,-0.09969751,-0.3182015,moving,-1.3342021838615081,-16.971637756786222,6.418344812641905,-9.820475847120143,1.8323619999999998,-0.570897061,-0.844165,-0.02227059177010826,-0.29182587211631816,0.9562120978514073,-0.7763351151460709,-15.815821720430838,10.427962012685402,10.547089721399601,9.365233120640339
3160,05/05/2023 15:32:39.356813,3343,True,True,True,True,Eyes,1.180593,-0.00714399,-1.614182,0.882313,-0.3835023,-0.2728549,0.0,0.0,0.0,0.0,0.0,0.0,0.0,-1.057256,-0.2171135,-1.913867,1.474125,0.002521805,-1.629344,0.01927097,0.8131922,-0.04698303,0.5797756,5.667664,108.9592,358.6677,0.5630165,-0.004289828,-0.8264343,0.0,0.0,0.0,3.304273,-0.5609072,-2.480998,0.2286559,-0.3549224,2.062651,-0.3269781,-0.02313722,-0.9447489,0.08582125,0.9948425,-0.05406679,0.9411272,-0.09875816,-0.323306,moving,-1.308334709382872,-16.9250359637036,6.3257160556039755,-9.763331785945484,1.8301479999999999,-0.563429005,-0.8516540000000001,-0.021844279372907283,-0.2910507954112679,0.9564582073867348,-0.7501874005115747,-15.769959256746018,10.352173079061822,10.467508672655319,9.281593790575172
3161,05/05/2023 15:32:39.380228,3344,True,True,True,True,Eyes,1.193377,-0.006927348,-1.615291,0.8812598,-0.3820052,-0.2783039,0.0,0.0,0.0,0.0,0.0,0.0,0.0,-1.0446,-0.2201551,-1.929851,1.484275,0.001916496,-1.631229,0.01915944,0.8148189,-0.04757013,0.5774429,5.718961,109.2832,358.6343,0.5657773,-0.004218278,-0.8245469,0.0,0.0,0.0,3.31104,-0.5575668,-2.490227,0.225646,-0.3530084,2.062413,-0.3323855,-0.02371512,-0.9428455,0.08616101,0.99474,-0.05539512,0.9391999,-0.09964905,-0.3285939,moving,-1.284395329059154,-16.781068269219553,6.243824436159425,-9.712785480779853,1.8267650000000002,-0.559483296,-0.8589979999999999,-0.021460951870563794,-0.28864894885912595,0.9571943797085423,-0.7258752532871755,-15.629282262610273,10.21435697767194,10.326408592089534,9.142299925646814
3162,05/05/2023 15:32:39.396779,3345,True,True,True,True,Eyes,1.206085,-0.006749337,-1.616385,0.8802139,-0.3805825,-0.2835144,0.0,0.0,0.0,0.0,0.0,0.0,0.0,-1.0305,-0.2247327,-1.94634,1.494602,0.001610249,-1.633046,0.01858124,0.8165822,-0.04849274,0.5748886,5.771471,109.6338,358.5366,0.5686529,-0.004141597,-0.8225669,0.0,0.0,0.0,3.316872,-0.5579876,-2.499142,0.2224573,-0.3509824,2.06216,-0.3383157,-0.02540963,-0.9406894,0.08610204,0.9946064,-0.05783233,0.9370852,-0.1005609,-0.3343032,moving,-1.2810658846440288,-16.643208776118737,6.157022111944658,-9.659256978151898,1.82227,-0.559597849,-0.866096,-0.02142079034765021,-0.28634526851955056,0.9578869980348249,-0.7223614330543784,-15.494926254311027,10.093570087919446,10.202976808820107,9.021139277270423
3163,05/05/2023 15:32:39.406832,3346,True,True,True,True,Eyes,1.218704,-0.006615697,-1.617501,0.8790988,-0.3792516,-0.2887103,0.0,0.0,0.0,0.0,0.0,0.0,0.0,-1.015767,-0.2271565,-1.963254,1.505101,0.0008233506,-1.634753,0.01766393,0.8184005,-0.04907927,0.5722761,5.77086,109.9936,358.4299,0.5716241,-0.004062325,-0.8205051,0.0,0.0,0.0,3.322588,-0.5583149,-2.508337,0.2191685,-0.3488917,2.061898,-0.3443763,-0.02726145,-0.938436,0.08508613,0.9945584,-0.06011572,0.9349682,-0.1005503,-0.3401828,moving,-1.2832237632373948,-16.564731845808637,6.067445915558741,-9.603991627757047,1.817487,-0.5591382506,-0.8735840000000001,-0.021465630673358105,-0.28503274801291956,0.9582774508721823,-0.7244500533243128,-15.41851658926125,10.016576260232046,10.123450454759672,8.940836167836055
3164,05/05/2023 15:32:39.426635,3347,True,True,True,True,Eyes,1.231235,-0.006532104,-1.618654,0.8779849,-0.3779615,-0.2937476,0.0,0.0,0.0,0.0,0.0,0.0,0.0,-1.001172,-0.2303913,-1.979787,1.515659,-9.464752e-05,-1.636386,0.01729377,0.8201483,-0.04981378,0.5697161,5.820625,110.3453,358.3646,0.5746738,-0.003982992,-0.8183725,0.0,0.0,0.0,3.328792,-0.5573207,-2.517891,0.2159484,-0.3468456,2.061642,-0.3502491,-0.02839252,-0.9362262,0.08512633,0.994439,-0.06200429,0.9327803,-0.1014144,-0.3458844,moving,-1.3004445523852506,-16.437751438304375,5.979688438272936,-9.549872280983871,1.8131329999999999,-0.55722605248,-0.8815050000000002,-0.021767939983330653,-0.28290642905920604,0.9589004858700777,-0.7416796977703219,-15.295128060409636,9.917155513958875,10.02213628162778,8.842214292316307
3165,05/05/2023 15:32:39.446815,3348,True,True,True,True,Eyes,1.243693,-0.006483165,-1.619823,0.8768174,-0.3767325,-0.2987705,0.0,0.0,0.0,0.0,0.0,0.0,0.0,-0.9872067,-0.2343213,-1.995717,1.526287,-0.001171698,-1.637931,0.01731135,0.8217543,-0.05068879,0.5673192,5.909044,110.6731,358.3257,0.5777854,-0.003906128,-0.8161789,0.0,0.0,0.0,3.334625,-0.5580633,-2.527162,0.2127188,-0.344792,2.061387,-0.3556988,-0.02906209,-0.9341488,0.08596479,0.994262,-0.06366533,0.9306389,-0.1029496,-0.3511594,moving,-1.3035432540934735,-16.274582085074513,5.8916168797578665,-9.495514970153437,1.808338,-0.556891602,-0.8892310000000001,-0.021838036782652337,-0.2801740468091823,0.959700757951824,-0.744622173044061,-15.136232005865763,9.783012341397697,9.885650221425397,8.709612933013078
3166,05/05/2023 15:32:39.464598,3349,True,True,True,True,Eyes,1.256099,-0.006461503,-1.62099,0.8757242,-0.3753217,-0.3037116,0.0,0.0,0.0,0.0,0.0,0.0,0.0,-0.9730703,-0.2359309,-2.01194,1.537054,-0.001948569,-1.639479,0.01695156,0.8233806,-0.05102263,0.5649371,5.922042,111.0019,358.287,0.580946,-0.003833219,-0.8139327,0.0,0.0,0.0,3.340502,-0.5601722,-2.535517,0.2094105,-0.3426892,2.061124,-0.3611178,-0.02973396,-0.9320461,0.0855643,0.9942186,-0.06486895,0.9285865,-0.1031752,-0.3564859,moving,-1.3129341494211417,-16.175897950926906,5.801352574799062,-9.439832049286322,1.803448,-0.558223631,-0.8960380000000001,-0.022006362226882403,-0.27851965732213513,0.9601783737607241,-0.7539847873009227,-15.040267533956682,9.696889960460945,9.797329198595952,8.621909623099683
3167,05/05/2023 15:32:39.476753,3350,True,True,True,True,Eyes,1.268459,-0.006453196,-1.622178,0.8745923,-0.3739019,-0.3086838,0.0,0.0,0.0,0.0,0.0,0.0,0.0,-0.9580085,-0.2388913,-2.028455,1.54802,-0.002605417,-1.641068,0.01647663,0.825079,-0.05165043,0.5624105,5.955997,111.3472,358.2192,0.5841441,-0.003765236,-0.8116407,0.0,0.0,0.0,3.3471,-0.5594692,-2.544349,0.2063185,-0.3407242,2.06088,-0.3668461,-0.03090845,-0.9297683,0.08528654,0.9941215,-0.06669811,0.9263642,-0.1037646,-0.3620535,moving,-1.3284431608756964,-16.0569704245662,5.716937889812142,-9.387761102473078,1.7990800000000002,-0.556863783,-0.903281,-0.022279628467307244,-0.2765243676022884,0.9607486157694183,-0.7694966347963628,-14.924692950805893,9.602678117410306,9.701327080935116,8.52827339706669
3168,05/05/2023 15:32:39.497084,3351,True,True,True,True,Eyes,1.280798,-0.0064823,-1.623326,0.8735167,-0.3721768,-0.3137723,0.0,0.0,0.0,0.0,0.0,0.0,0.0,-0.9412992,-0.2372223,-2.04639,1.55933,-0.002926542,-1.642715,0.0152339,0.82702,-0.05128424,0.5596213,5.847244,111.735,358.145,0.5873704,-0.003702342,-0.8093094,0.0,0.0,0.0,3.353515,-0.5593923,-2.553374,0.203103,-0.3386803,2.060624,-0.3731843,-0.03220201,-0.9271984,0.08259697,0.9942757,-0.06777575,0.9240733,-0.1018766,-0.3683883,moving,-1.3755304763917928,-16.06358718798247,5.629110019278109,-9.333579473006118,1.7941849999999997,-0.556465758,-0.9106589999999999,-0.023068459783343376,-0.2766303724843764,0.9606995030012242,-0.8170061117710463,-14.931985546983483,9.61604473255635,9.71380421447848,8.537831325583728
3169,05/05/2023 15:32:39.506895,3352,True,True,True,True,Eyes,1.293087,-0.006557172,-1.624487,0.8723725,-0.3705027,-0.3188948,0.0,0.0,0.0,0.0,0.0,0.0,0.0,-0.9244325,-0.2295591,-2.064709,1.570572,-0.003985523,-1.644258,0.01395945,0.8290184,-0.04976938,0.5568275,5.627782,112.1324,358.1412,0.5906179,-0.003645855,-0.8069428,0.0,0.0,0.0,3.360888,-0.5539253,-2.564181,0.1998121,-0.3365884,2.060363,-0.3794966,-0.03228063,-0.9246298,0.07857119,0.9946563,-0.06697343,0.9218508,-0.09806547,-0.3749323,moving,-1.4464340868080532,-16.18286711651777,5.539169906171442,-9.278089542438131,1.790316,-0.549939777,-0.919923,-0.024242778674680276,-0.27862201988344265,0.9600947769094368,-0.8886683579761832,-15.049457547460664,9.72456583235634,9.822149280796141,8.63862219334994
3170,05/05/2023 15:32:39.526845,3353,True,True,True,True,Eyes,1.305296,-0.006667584,-1.625746,0.8713251,-0.3687791,-0.3237197,0.0,0.0,0.0,0.0,0.0,0.0,0.0,-0.9075632,-0.2280326,-2.081939,1.581728,-0.005164983,-1.645676,0.01391473,0.8309015,-0.04946416,0.554042,5.602041,112.5203,358.1754,0.5938786,-0.003597334,-0.8045464,0.0,0.0,0.0,3.368737,-0.5452142,-2.576168,0.1967452,-0.3346393,2.060119,-0.3856879,-0.03168691,-0.9220852,0.07793398,0.9947193,-0.06678101,0.9193321,-0.09761838,-0.3811817,moving,-1.543343505102241,-16.105117501892266,5.455308523195356,-9.226362664930365,1.7870089999999998,-0.540049217,-0.9304920000000001,-0.02587688045555986,-0.2773075612698563,0.960432611990744,-0.9863438561084241,-14.975460497316513,9.714642287567948,9.813174731972362,8.634061110632537
3171,05/05/2023 15:32:39.546702,3354,True,True,True,True,Eyes,1.317476,-0.006783173,-1.627018,0.8702253,-0.3670446,-0.3286123,0.0,0.0,0.0,0.0,0.0,0.0,0.0,-0.8899759,-0.2306159,-2.098931,1.592977,-0.006036272,-1.647161,0.01428146,0.8327998,-0.04993043,0.551133,5.67618,112.9189,358.2004,0.5971421,-0.003557658,-0.8021273,0.0,0.0,0.0,3.374861,-0.543223,-2.587106,0.1935387,-0.3326011,2.059865,-0.392097,-0.03124943,-0.919393,0.07882379,0.994606,-0.06742214,0.9165407,-0.09890606,-0.3875189,moving,-1.645799032399337,-15.92740839440576,5.367580723593619,-9.172236779522036,1.781884,-0.537186728,-0.9399449999999998,-0.027618935797873723,-0.2743145482072013,0.9612432459517268,-1.089501884973249,-14.804187433597487,9.638003352462754,9.737547902234041,8.568126048547466
3172,05/05/2023 15:32:39.564655,3355,True,True,True,True,Eyes,1.3292,-0.006955465,-1.629226,0.8700117,-0.3641178,-0.3324122,0.0,0.0,0.0,0.0,0.0,0.0,0.0,-0.8715702,-0.2268209,-2.116971,1.604496,-0.006294822,-1.648697,0.0135288,0.8348356,-0.04904782,0.5481432,5.55062,113.3361,358.2047,0.6004034,-0.003526152,-0.7996893,0.0,0.0,0.0,3.380018,-0.5444554,-2.59798,0.1903072,-0.3305473,2.059609,-0.3987124,-0.03118181,-0.916546,0.07635909,0.9948226,-0.06706229,0.9138917,-0.09672515,-0.394267,moving,-1.838514456056541,-15.880822716582676,5.279121545351491,-9.117666651233272,1.7755220000000003,-0.5381605780000001,-0.9492830000000001,-0.030859314451851194,-0.27350697914635397,0.9613748676725267,-1.2838622461474622,-14.762271864264415,9.714888480826446,9.818402223010226,8.656461416679239
3173,05/05/2023 15:32:39.576676,3356,True,True,True,True,Eyes,1.340919,-0.007151354,-1.631399,0.8697333,-0.3611859,-0.3363163,0.0,0.0,0.0,0.0,0.0,0.0,0.0,-0.8530428,-0.2192086,-2.135129,1.616112,-0.006778972,-1.650045,0.01199027,0.836854,-0.04754581,0.5452257,5.316228,113.7451,358.1711,0.6036227,-0.003504582,-0.7972621,0.0,0.0,0.0,3.386821,-0.5381581,-2.610128,0.1871454,-0.328537,2.059358,-0.4051704,-0.03177819,-0.9136888,0.07191461,0.9951913,-0.066503,0.9114084,-0.09265261,-0.4009368,moving,-2.0038976557144217,-15.943649466820455,5.192525912130042,-9.064224851977398,1.7707089999999999,-0.531379128,-0.960083,-0.03362391403399484,-0.27453648594787955,0.9609885906824363,-1.4507727131202925,-14.826449084623397,9.848921536861154,9.955651420129966,8.794125580837798
3174,05/05/2023 15:32:39.586568,3357,True,True,True,True,Eyes,1.352908,-0.007299221,-1.632946,0.8692807,-0.358357,-0.3404869,0.0,0.0,0.0,0.0,0.0,0.0,0.0,-0.8345388,-0.2128039,-2.153049,1.627929,-0.007550575,-1.651407,0.01070892,0.8388065,-0.04635049,0.5423474,5.1276,114.1457,358.141,0.6068019,-0.003493015,-0.7948452,0.0,0.0,0.0,3.394823,-0.5282751,-2.621885,0.1838502,-0.3264428,2.059097,-0.4114895,-0.03231071,-0.9108418,0.06824155,0.9954739,-0.06614228,0.9088563,-0.08937409,-0.407422,moving,-2.1452769591794083,-15.966282179080904,5.102227463571359,-9.008519829491469,1.7668940000000002,-0.520724525,-0.9704779999999997,-0.03599126601796221,-0.27489340099232995,0.9608008382460926,-1.5934226639934759,-14.851039486335074,9.937658188614911,10.046729680406267,8.886324694234558
3175,05/05/2023 15:32:39.606504,3358,True,True,True,True,Eyes,1.36489,-0.007439526,-1.634487,0.868745,-0.3555768,-0.3447425,0.0,0.0,0.0,0.0,0.0,0.0,0.0,-0.8162836,-0.217816,-2.169127,1.639391,-0.007397416,-1.65264,0.01062676,0.8405751,-0.04724565,0.5395262,5.215032,114.5242,358.0944,0.6099643,-0.003488168,-0.7924209,0.0,0.0,0.0,3.402654,-0.520323,-2.633295,0.1806321,-0.3243973,2.058841,-0.4175972,-0.03311535,-0.9080286,0.0688457,0.9953099,-0.06796022,0.9060203,-0.09089386,-0.4133588,moving,-2.2607221513841615,-15.715824028079167,5.013997825515123,-8.954084562132714,1.763263,-0.512925584,-0.9806549999999998,-0.03797433678686707,-0.2706709585369145,0.9619227146604844,-1.7096029421468193,-14.609131399885005,9.821650291161896,9.931901698448055,8.785576931543906
3176,05/05/2023 15:32:39.626741,3359,True,True,True,True,Eyes,1.376898,-0.007591359,-1.635901,0.8681118,-0.3527773,-0.3491849,0.0,0.0,0.0,0.0,0.0,0.0,0.0,-0.7963314,-0.2159517,-2.186751,1.651303,-0.007350604,-1.654027,0.009410899,0.8425795,-0.04689255,0.5364442,5.112883,114.9442,358.0178,0.613108,-0.003488964,-0.7899911,0.0,0.0,0.0,3.40819,-0.5212972,-2.64286,0.1775211,-0.3224198,2.058594,-0.4242781,-0.03445161,-0.9048764,0.06616933,0.995425,-0.06892455,0.9031112,-0.08911823,-0.4200574,moving,-2.3924671908418187,-15.656632256710894,4.928659828085774,-8.90142846532141,1.7568869999999999,-0.513946596,-0.9888330000000003,-0.04019797936006614,-0.2696535716836541,0.9621180222904859,-1.8424417468715493,-14.553839029391415,9.84924280898307,9.961509880057063,8.820292609840092
3177,05/05/2023 15:32:39.636702,3360,True,True,True,True,Eyes,1.388888,-0.007619763,-1.637313,0.8672865,-0.3504148,-0.3535869,0.0,0.0,0.0,0.0,0.0,0.0,0.0,-0.7766335,-0.2096154,-2.203871,1.66261,-0.007970605,-1.655236,0.008256825,0.8445815,-0.04572399,0.5334074,4.936048,115.3636,357.9964,0.6162353,-0.003495343,-0.7875541,0.0,0.0,0.0,3.414991,-0.5158156,-2.654442,0.174475,-0.3204834,2.058352,-0.4308172,-0.03483189,-0.9017669,0.06272614,0.9956824,-0.06842677,0.9002567,-0.08604377,-0.4267722,moving,-2.534992529502722,-15.697049242869351,4.845061363421119,-8.849840383303437,1.7523810000000002,-0.507844995,-0.999206,-0.04258307352967067,-0.2703054715548444,0.9618324879568063,-1.9862678287380857,-14.595774631998214,9.952359382415608,10.067247122673521,8.926523339014476
3178,05/05/2023 15:32:39.661411,3361,True,True,True,True,Eyes,1.400988,-0.007515042,-1.638605,0.8665817,-0.3475538,-0.3581096,0.0,0.0,0.0,0.0,0.0,0.0,0.0,-0.7584382,-0.233923,-2.21757,1.674263,-0.004942821,-1.656618,0.009727987,0.8460481,-0.04986409,0.5306804,5.434038,115.7047,357.9009,0.6193437,-0.003500949,-0.7851117,0.0,0.0,0.0,3.421672,-0.5080848,-2.666218,0.1712563,-0.3184375,2.058098,-0.4365675,-0.03646309,-0.8989323,0.06938448,0.9948379,-0.07404993,0.896992,-0.09469973,-0.4317839,moving,-2.595159092336951,-15.032239824900486,4.756678213452714,-8.795299096414299,1.747409,-0.503141979,-1.0096000000000003,-0.04373216879193109,-0.25911438391932806,0.9648560544145182,-2.0462165885558026,-13.949231165556244,9.52792402834995,9.641003133567091,8.53477553662217
3179,05/05/2023 15:32:39.676849,3362,True,True,True,True,Eyes,1.413064,-0.007361718,-1.639906,0.8658886,-0.3444505,-0.3627544,0.0,0.0,0.0,0.0,0.0,0.0,0.0,-0.7368898,-0.2104013,-2.238376,1.687131,-0.001979643,-1.658671,0.004403951,0.8483667,-0.04516037,0.5274611,4.661623,116.1645,357.6902,0.6224378,-0.003499682,-0.782661,0.0,0.0,0.0,3.424849,-0.5206564,-2.672722,0.1679646,-0.3163455,2.057836,-0.4435311,-0.04016834,-0.8953586,0.055113,0.9958823,-0.07197928,0.894563,-0.08127093,-0.4394909,moving,-2.7029526093837037,-15.633189994008166,4.666249546976326,-8.739507810828528,1.737718,-0.518676757,-1.0140509999999998,-0.04541706216097702,-0.26919963641243594,0.9620128977823781,-2.1556353867531284,-14.536586752590951,9.975342784651481,10.09098580238768,8.952331445275597
3180,05/05/2023 15:32:39.696647,3363,True,True,True,True,Eyes,1.425173,-0.007127903,-1.641103,0.8649458,-0.3418535,-0.3674302,0.0,0.0,0.0,0.0,0.0,0.0,0.0,-0.7157058,-0.1923436,-2.256653,1.698717,-0.0007216493,-1.660142,0.0005371188,0.8505297,-0.04178918,0.5242641,4.108708,116.6124,357.5347,0.6255146,-0.003490029,-0.7802042,0.0,0.0,0.0,3.43732,-0.4889133,-2.687959,0.1648778,-0.314383,2.057591,-0.450294,-0.04290346,-0.8918493,0.04473081,0.9965068,-0.07052269,0.8917595,-0.07164906,-0.4468018,moving,-2.810103917440314,-16.043342005236177,4.581406190711547,-8.687138783121615,1.7386030000000001,-0.4881916507,-1.0278170000000002,-0.0471208143126165,-0.2760574478585903,0.9599853741657983,-2.264191727236124,-14.938064344270837,10.31015919774699,10.428237987501042,9.270182372814366
3181,05/05/2023 15:32:39.706822,3364,True,True,True,True,Eyes,1.437274,-0.006799021,-1.642328,0.8639932,-0.3390714,-0.3722183,0.0,0.0,0.0,0.0,0.0,0.0,0.0,-0.6948394,-0.2128843,-2.271021,1.710114,0.001312089,-1.661676,0.0008620963,0.8522558,-0.04562731,0.5211311,4.512167,117.0063,357.3503,0.6285756,-0.0034692,-0.7777402,0.0,0.0,0.0,3.44664,-0.4662429,-2.701426,0.1615608,-0.312275,2.057329,-0.4568436,-0.04608617,-0.8883528,0.04902508,0.9958348,-0.07687375,0.8881954,-0.0786708,-0.4526813,moving,-2.879843376667212,-15.485895626543039,4.490187855782713,-8.630852101407891,1.736526,-0.46755498900000003,-1.0397500000000002,-0.048421987997386506,-0.2666879691645996,0.9625658237130241,-2.33391844855049,-14.396280986514133,9.948660283940658,10.065236316092369,8.933565754056863
3182,05/05/2023 15:32:39.726747,3365,True,True,True,True,Eyes,1.449355,-0.00645088,-1.64353,0.862944,-0.3365102,-0.3769463,0.0,0.0,0.0,0.0,0.0,0.0,0.0,-0.6725932,-0.1997707,-2.289255,1.722072,0.003867635,-1.663559,-0.002626365,0.8544362,-0.04304353,0.5177639,4.062018,117.4707,357.1808,0.6316184,-0.003434045,-0.7752714,0.0,0.0,0.0,3.449589,-0.4768539,-2.709817,0.1584882,-0.3103218,2.057086,-0.4638278,-0.04906088,-0.8845661,0.04008463,0.9962807,-0.07627555,0.8850183,-0.07083621,-0.4601361,moving,-2.9970039919385463,-15.798846296640011,4.405650128521322,-8.578671999636729,1.727517,-0.480721535,-1.0462580000000001,-0.050313736919589236,-0.2719160396477355,0.9610047711552774,-2.452462929525063,-14.703249694451824,10.221456752073394,10.340706209261933,9.194790191014308
3183,05/05/2023 15:32:39.746692,3366,True,True,True,True,Eyes,1.461394,-0.006096814,-1.644757,0.8617794,-0.3340985,-0.3817255,0.0,0.0,0.0,0.0,0.0,0.0,0.0,-0.6512356,-0.1918828,-2.305548,1.733195,0.00458948,-1.665079,-0.004468277,0.8564484,-0.04161598,0.5145333,3.823647,117.9103,357.1001,0.6346415,-0.003385247,-0.7727987,0.0,0.0,0.0,3.458037,-0.4565638,-2.723795,0.1552495,-0.3082633,2.056829,-0.4704712,-0.05047931,-0.8809705,0.03517191,0.9964963,-0.07588202,0.8817142,-0.06668571,-0.4670474,moving,-3.1163394959493127,-15.90399425355356,4.316501792673399,-8.523653590914693,1.724842,-0.46115328,-1.058716,-0.052288453701950455,-0.27365138837303504,0.9604065465040468,-2.572967736798458,-14.807826047346808,10.35318448014222,10.474567194803575,9.324999402664925
3184,05/05/2023 15:32:39.757168,3367,True,True,True,True,Eyes,1.473414,-0.005742867,-1.645961,0.8604987,-0.3318309,-0.3865622,0.0,0.0,0.0,0.0,0.0,0.0,0.0,-0.6303012,-0.1951986,-2.320689,1.744295,0.005096456,-1.666849,-0.004248803,0.8583287,-0.042107,0.5113521,3.895563,118.3326,357.1069,0.6376418,-0.003324039,-0.7703252,0.0,0.0,0.0,3.464256,-0.4452945,-2.736194,0.1519161,-0.3061447,2.056564,-0.4770023,-0.05035673,-0.8774585,0.03576926,0.9964179,-0.07662856,0.8781741,-0.06793801,-0.4734924,moving,-3.2484543695257835,-15.70260538243496,4.224702597740676,-8.466999973486178,1.7199609999999999,-0.450390956,-1.0693449999999998,-0.05455747212216455,-0.27024114551079736,0.9612457016153524,-2.7060197025148645,-14.614018710716486,10.279124467597633,10.402021952073168,9.26394899376718
3185,05/05/2023 15:32:39.776913,3368,True,True,True,True,Eyes,1.485367,-0.005389687,-1.647205,0.8590971,-0.329728,-0.3914481,0.0,0.0,0.0,0.0,0.0,0.0,0.0,-0.6101552,-0.1901113,-2.336025,1.755083,0.005327888,-1.668861,-0.004252443,0.8602281,-0.04090619,0.5082483,3.787415,118.7554,357.1911,0.6406184,-0.003251806,-0.7678519,0.0,0.0,0.0,3.468222,-0.4452039,-2.747796,0.1488448,-0.3041923,2.056321,-0.4833314,-0.04889715,-0.8740709,0.03426487,0.9966173,-0.07469991,0.8747668,-0.06605472,-0.4800209,moving,-3.3909066812311544,-15.686491651440646,4.1400788957444945,-8.414758127365493,1.713139,-0.450531788,-1.0789350000000002,-0.056952292286371775,-0.2699346258570169,0.9611928684570958,-2.849708533610884,-14.60088347745038,10.343129151384023,10.46870823959545,9.334092090532282
3186,05/05/2023 15:32:39.796793,3369,True,True,True,True,Eyes,1.49726,-0.00502044,-1.648454,0.8575938,-0.3278943,-0.3962553,0.0,0.0,0.0,0.0,0.0,0.0,0.0,-0.5895575,-0.1944465,-2.350285,1.765467,0.00567814,-1.671024,-0.003428722,0.8620909,-0.04147091,0.5050424,3.901424,119.18,357.2538,0.6435679,-0.003169822,-0.7653819,0.0,0.0,0.0,3.472926,-0.4387225,-2.760523,0.1456157,-0.3021396,2.056064,-0.489841,-0.04780087,-0.8705005,0.03597739,0.9965369,-0.07496668,0.8710693,-0.06804009,-0.4864248,moving,-3.5372022532856704,-15.466255255478522,4.051069208669569,-8.359810034590566,1.7074590000000003,-0.44440064,-1.089499,-0.059470490978784374,-0.26619881081578073,0.9620818646934506,-2.9970448957122926,-14.38897082173502,10.268893956324037,10.396317975985804,9.275057532200371
3187,05/05/2023 15:32:39.807053,3370,True,True,True,True,Eyes,1.50909,-0.004635898,-1.649752,0.8559849,-0.326158,-0.4011368,0.0,0.0,0.0,0.0,0.0,0.0,0.0,-0.568387,-0.2073384,-2.363439,1.775489,0.006424118,-1.673169,-0.002475364,0.8638981,-0.04373906,0.5017577,4.191379,119.6021,357.2316,0.6464884,-0.003078469,-0.762917,0.0,0.0,0.0,3.475665,-0.4400671,-2.772488,0.1424069,-0.3001,2.055809,-0.496466,-0.04816975,-0.8667184,0.0396159,0.9961615,-0.07805625,0.8671516,-0.07308812,-0.492652,moving,-3.656327187726973,-15.080627812933571,3.9625768903022704,-8.30518222118731,1.7001759999999997,-0.44649121799999997,-1.0993190000000002,-0.061583865338946386,-0.2596842084309815,0.9637278981785986,-3.1167852990920295,-14.0154534524034,10.068361612283875,10.195801210151386,9.0953046426538
3188,05/05/2023 15:32:39.826561,3371,True,True,True,True,Eyes,1.520848,-0.004233326,-1.651084,0.8543476,-0.3246976,-0.4057853,0.0,0.0,0.0,0.0,0.0,0.0,0.0,-0.5441912,-0.2104284,-2.378347,1.785849,0.007182276,-1.675604,-0.003520768,0.8660513,-0.04449812,0.4979588,4.219,120.0975,357.1024,0.6493769,-0.002978144,-0.7604603,0.0,0.0,0.0,3.477068,-0.4474091,-2.78319,0.1391612,-0.2980376,2.055551,-0.5040495,-0.05041478,-0.8622022,0.03821813,0.9960151,-0.08058169,0.8628289,-0.0735689,-0.5001141,moving,-3.8217329073853734,-14.986412549612343,3.873025461847717,-8.249915079893535,1.691219,-0.454591376,-1.1075859999999997,-0.06439490467157644,-0.25805327578705145,0.9639822954160102,-3.283541857768756,-13.926648254762094,10.0966997939077,10.226910800452432,9.13464587922574
3189,05/05/2023 15:32:39.837089,3372,True,True,True,True,Eyes,1.532543,-0.003819095,-1.652475,0.8526093,-0.3232613,-0.41056,0.0,0.0,0.0,0.0,0.0,0.0,0.0,-0.5196079,-0.215891,-2.39242,1.795718,0.008017816,-1.677976,-0.004734887,0.8681833,-0.04582213,0.4941011,4.294614,120.5945,356.9244,0.6522313,-0.002869081,-0.758014,0.0,0.0,0.0,3.479438,-0.4456071,-2.796743,0.1358229,-0.295916,2.055286,-0.5116836,-0.05350302,-0.8575066,0.03706003,0.9957559,-0.08424304,0.8583745,-0.07488498,-0.5075291,moving,-3.9688303191139704,-14.849394246481951,3.7808752327846653,-8.193029312471085,1.68372,-0.453624916,-1.1187670000000003,-0.06691275708233974,-0.25570478871933394,0.964436490438754,-3.4317807178904287,-13.795817108290313,10.08389802354893,10.215925326462505,9.13310664274702
3190,05/05/2023 15:32:39.857670,3373,True,True,True,True,Eyes,1.544158,-0.00342172,-1.65391,0.8508652,-0.3217643,-0.4153267,0.0,0.0,0.0,0.0,0.0,0.0,0.0,-0.4931388,-0.2146136,-2.407715,1.805959,0.00870348,-1.680706,-0.00605515,0.8705621,-0.04578953,0.4898861,4.23185,121.1473,356.8152,0.6550494,-0.002751776,-0.7555805,0.0,0.0,0.0,3.480905,-0.4456744,-2.810019,0.1327257,-0.2939468,2.055041,-0.5199501,-0.05540607,-0.8523979,0.03432054,0.9957333,-0.08565792,0.853507,-0.07379258,-0.51583,moving,-4.185193485850981,-14.847777038710309,3.695339978432815,-8.140198334898153,1.6749459999999998,-0.45437788,-1.129313,-0.07055599529701562,-0.25561326063037204,0.9642011375102069,-3.650047675096846,-13.798132975729134,10.211606811947389,10.34864337725149,9.271836073860515
3191,05/05/2023 15:32:39.877020,3374,True,True,True,True,Eyes,1.555683,-0.003051141,-1.65541,0.8489422,-0.3205087,-0.4202041,0.0,0.0,0.0,0.0,0.0,0.0,0.0,-0.468116,-0.2113939,-2.422047,1.815444,0.008653923,-1.683514,-0.006017916,0.8728727,-0.04507891,0.4858242,4.177641,121.6872,356.8786,0.6578287,-0.002627969,-0.7531624,0.0,0.0,0.0,3.482436,-0.4406708,-2.825912,0.1293855,-0.2918234,2.054776,-0.5278774,-0.0543066,-0.8475828,0.0332951,0.9958634,-0.0845436,0.8486679,-0.072849,-0.5238856,moving,-4.423721478879887,-14.83905992523142,3.603053816254828,-8.083203803486894,1.6669919999999998,-0.449324723,-1.1423980000000002,-0.07457395520533067,-0.2553917000738238,0.9639574555506979,-3.8906666890256822,-13.793931086999796,10.348830923942431,10.491459077568667,9.421690565812499
3192,05/05/2023 15:32:39.896716,3375,True,True,True,True,Eyes,1.567167,-0.002640796,-1.656865,0.847032,-0.3191548,-0.4250612,0.0,0.0,0.0,0.0,0.0,0.0,0.0,-0.4428759,-0.2208868,-2.435056,1.824858,0.008422924,-1.68649,-0.003685489,0.8751025,-0.04634692,0.481699,4.448675,122.2248,357.062,0.6605672,-0.002499618,-0.7507623,0.0,0.0,0.0,3.482631,-0.4366892,-2.842578,0.1265168,-0.2900003,2.054548,-0.5359049,-0.05110089,-0.8427304,0.03820017,0.9956767,-0.08466721,0.8434137,-0.07756602,-0.531636,moving,-4.7034942833906355,-14.490509497492043,3.523761421048096,-8.034246925190677,1.657773,-0.445112124,-1.156088,-0.07940753601661626,-0.24942950395601993,0.9651317966539616,-4.172511562605123,-13.459421612085906,10.310842838023884,10.45806209719177,9.416216768014591
3193,05/05/2023 15:32:39.906932,3376,True,True,True,True,Eyes,1.578561,-0.00219176,-1.658412,0.844947,-0.3179971,-0.4300491,0.0,0.0,0.0,0.0,0.0,0.0,0.0,-0.4186704,-0.2394071,-2.446227,1.833494,0.009625386,-1.689623,-0.0003457007,0.8771729,-0.0488527,0.4776829,4.897547,122.7408,357.2802,0.6632663,-0.002365569,-0.7483793,0.0,0.0,0.0,3.480502,-0.4437891,-2.857982,0.1230931,-0.2878242,2.054276,-0.5436381,-0.04727868,-0.8379874,0.04606572,0.9952266,-0.0860348,0.838055,-0.08537426,-0.5388651,moving,-4.960810259285124,-13.96970280863064,3.4290876343116348,-7.975780456631506,1.647008,-0.453414486,-1.1683589999999997,-0.08393501182309782,-0.24055688518459112,0.9669990256503694,-4.4315080817596,-12.956704437179296,10.162529586226947,10.311037378788527,9.305835196881228
3194,05/05/2023 15:32:39.926729,3377,True,True,True,True,Eyes,1.589845,-0.001764005,-1.660035,0.8428594,-0.3167306,-0.4350514,0.0,0.0,0.0,0.0,0.0,0.0,0.0,-0.3917682,-0.2486545,-2.459215,1.842775,0.01104354,-1.693254,0.001379357,0.8795357,-0.04984644,0.4732129,5.105442,123.3224,357.425,0.6659232,-0.002224854,-0.7460166,0.0,0.0,0.0,3.476429,-0.4559717,-2.872516,0.1200997,-0.2859216,2.054039,-0.5521353,-0.04474957,-0.8325527,0.04960234,0.9950268,-0.086378,0.8322776,-0.08898891,-0.5471699,moving,-5.254354605621842,-13.692327989833956,3.3462754528764926,-7.924632762418342,1.633654,-0.46701524,-1.179262,-0.08899566045486318,-0.23576879289564442,0.9677255863639309,-4.72732584131372,-12.691778518371319,10.202861188303796,10.355536955633827,9.375964831208057
3195,05/05/2023 15:32:39.946647,3378,True,True,True,True,Eyes,1.601009,-0.001343487,-1.661736,0.8405644,-0.315829,-0.4401177,0.0,0.0,0.0,0.0,0.0,0.0,0.0,-0.3640876,-0.2476771,-2.472373,1.851322,0.01095927,-1.696767,0.002477522,0.8820587,-0.04919824,0.4685572,5.112592,123.9375,357.5986,0.6685356,-0.002079209,-0.7436769,0.0,0.0,0.0,3.473491,-0.4593979,-2.889792,0.1168568,-0.28386,2.053782,-0.5608961,-0.04173374,-0.8268337,0.05047502,0.9951468,-0.08446974,0.826346,-0.0891132,-0.5560674,moving,-5.571986080003643,-13.635511162803128,3.256523900866868,-7.869183715485595,1.6221690000000002,-0.47035717000000005,-1.193025,-0.0943843672217588,-0.23469208010459697,0.9674767575512997,-5.047690938928374,-12.642142857535188,10.385381552931316,10.544814873292834,9.578158647524603
3196,05/05/2023 15:32:39.964527,3379,True,True,True,True,Eyes,1.612061,-0.000916619,-1.663538,0.8384212,-0.3147528,-0.44495,0.0,0.0,0.0,0.0,0.0,0.0,0.0,-0.3389682,-0.2673826,-2.482516,1.859638,0.01128956,-1.700265,0.005457751,0.8840996,-0.05214527,0.4643477,5.582093,124.4723,357.7671,0.6711009,-0.001929608,-0.7413633,0.0,0.0,0.0,3.470274,-0.4572355,-2.908833,0.1136519,-0.281823,2.053527,-0.5687025,-0.03877668,-0.8216285,0.05807747,0.9945022,-0.08713464,0.8204901,-0.09727181,-0.563324,moving,-5.833797115260799,-13.101245399871749,3.1677878056699953,-7.814372111650756,1.610636,-0.46852506,-1.208568,-0.09902374845956557,-0.22555839149773932,0.9691840101256567,-5.311206969940915,-12.126395339288516,10.280992352816636,10.439327576737561,9.512460077210557
3197,05/05/2023 15:32:39.986646,3380,True,True,True,True,Eyes,1.623008,-0.0005047001,-1.665434,0.8362023,-0.3136298,-0.4498913,0.0,0.0,0.0,0.0,0.0,0.0,0.0,-0.3138075,-0.2687804,-2.494761,1.868138,0.01187717,-1.704251,0.00602978,0.8862985,-0.05199334,0.460147,5.607457,125.0205,357.8601,0.6736169,-0.001776297,-0.7390783,0.0,0.0,0.0,3.465276,-0.4709545,-2.923276,0.1104298,-0.2797747,2.053271,-0.5764568,-0.03716079,-0.8162823,0.05853754,0.9945206,-0.08661407,0.8150283,-0.09771241,-0.5711229,moving,-6.075021065799331,-13.014416181486492,3.078537371144075,-7.759226650671239,1.5971379999999997,-0.48283167,-1.219025,-0.10314144351221044,-0.2239951827669666,0.9691171861629686,-5.554457832485626,-12.04614885828463,10.39293378566235,10.55484007758185,9.6387918433807
3198,05/05/2023 15:32:39.996700,3381,True,True,True,True,Eyes,1.633834,-0.0001069001,-1.667445,0.8340991,-0.3123248,-0.4546778,0.0,0.0,0.0,0.0,0.0,0.0,0.0,-0.2904146,-0.2627849,-2.507329,1.876585,0.01190922,-1.708327,0.00538949,0.8883579,-0.05083876,0.4562969,5.46539,125.5251,357.8803,0.6760821,-0.001620429,-0.7368242,0.0,0.0,0.0,3.463319,-0.4689488,-2.940269,0.1072551,-0.2777568,2.05302,-0.5835285,-0.03681954,-0.8112578,0.05597072,0.9947727,-0.0854076,0.8101618,-0.09524444,-0.5784174,moving,-6.267089971321319,-13.088668824891554,2.990561691612127,-7.7048675827090145,1.5867339999999999,-0.48085802,-1.2319419999999999,-0.10635989750361707,-0.22517414045207423,0.968495828490438,-5.748301889348522,-12.12193657785939,10.542866553375845,10.709315110105813,9.791743215309474
3199,05/05/2023 15:32:40.007081,3382,True,True,True,True,Eyes,1.644565,0.0002686883,-1.669554,0.831923,-0.3110132,-0.4595377,0.0,0.0,0.0,0.0,0.0,0.0,0.0,-0.2665383,-0.2634445,-2.518973,1.884826,0.01198459,-1.712587,0.005125109,0.8903739,-0.05095033,0.4523408,5.472401,126.034,357.8717,0.6784942,-0.001463023,-0.734604,0.0,0.0,0.0,3.463574,-0.4616342,-2.95645,0.1039308,-0.275644,2.052756,-0.5907233,-0.0369673,-0.8060271,0.05522035,0.9947556,-0.08609309,0.8049827,-0.09536628,-0.5855839,moving,-6.453214777942092,-13.016719654877255,2.8984038372178023,-7.647927250842523,1.578748,-0.47361879,-1.2438629999999997,-0.10953899291998992,-0.2238800230440996,0.9684414956704288,-5.935985060348015,-12.055194575094273,10.614523406273452,10.783167558793942,9.87271150499453
3200,05/05/2023 15:32:40.026514,3383,True,True,True,True,Eyes,1.655156,0.0006111077,-1.671809,0.8297939,-0.3097507,-0.4642159,0.0,0.0,0.0,0.0,0.0,0.0,0.0,-0.2442307,-0.2597126,-2.530942,1.893285,0.01180975,-1.717003,0.004088383,0.8922436,-0.05048271,0.4487052,5.379648,126.502,357.8121,0.6808523,-0.001305293,-0.7324192,0.0,0.0,0.0,3.462425,-0.4596745,-2.972161,0.1007617,-0.2736294,2.052506,-0.5972941,-0.03800803,-0.8011214,0.05259937,0.9948696,-0.0864168,0.8002958,-0.0937547,-0.5922305,moving,-6.597553876276365,-13.051031039079463,2.8105101603970066,-7.5935992949369915,1.56914,-0.47148425,-1.2551579999999998,-0.11196461273915737,-0.22439887134972458,0.9680438453250194,-6.081634009470478,-12.091215012442436,10.704941162086723,10.876361071614017,9.964877073002974
3201,05/05/2023 15:32:40.046450,3384,True,True,True,True,Eyes,1.66566,0.0009180147,-1.67417,0.8276076,-0.3085025,-0.4689264,0.0,0.0,0.0,0.0,0.0,0.0,0.0,-0.2235122,-0.2559266,-2.542428,1.901474,0.01141487,-1.721528,0.002963879,0.8939599,-0.05009676,0.4453284,5.290689,126.9348,357.7369,0.6831536,-0.001148825,-0.7302735,0.0,0.0,0.0,3.463144,-0.4544979,-2.987083,0.09754491,-0.2715854,2.05225,-0.603348,-0.03931984,-0.7965083,0.0499182,0.994963,-0.08692919,0.7959145,-0.09220879,-0.5983461,moving,-6.701097144380875,-13.08170738642475,2.721261340818196,-7.53845947174569,1.5616699999999997,-0.46591277000000003,-1.2655550000000002,-0.11370112524121673,-0.22487253240444144,0.9677316254984457,-6.186123732468891,-12.122960660951888,10.758938817311998,10.931991441050284,10.017941904286063
3202,05/05/2023 15:32:40.057051,3385,True,True,True,True,Eyes,1.67606,0.001190899,-1.676662,0.8254615,-0.3069236,-0.4737206,0.0,0.0,0.0,0.0,0.0,0.0,0.0,-0.2039618,-0.2534646,-2.553885,1.909894,0.01085884,-1.726371,0.001901703,0.8955413,-0.05000151,0.4421564,5.234862,127.3387,357.6512,0.6853978,-0.0009951048,-0.7281678,0.0,0.0,0.0,3.464221,-0.449805,-3.001168,0.09449887,-0.2696492,2.052008,-0.6089883,-0.04081087,-0.7921286,0.04762308,0.9949924,-0.08787513,0.7917483,-0.09123853,-0.6039953,moving,-6.772758323625383,-13.058419997946022,2.636716676055093,-7.486200257706929,1.5543270000000002,-0.46066384,-1.2747969999999997,-0.11492295300233218,-0.22444740917641526,0.9676859337981454,-6.258389872945181,-12.101564020707578,10.762560310016571,10.935623100816986,10.0212026814593
3203,05/05/2023 15:32:40.076849,3386,True,True,True,True,Eyes,1.686381,0.001408079,-1.679265,0.8232586,-0.3053537,-0.4785441,0.0,0.0,0.0,0.0,0.0,0.0,0.0,-0.1847091,-0.2495372,-2.565415,1.918256,0.01029686,-1.731454,0.0004459385,0.8970943,-0.04976835,0.4390269,5.145508,127.7359,357.5313,0.6875842,-0.0008453812,-0.7261038,0.0,0.0,0.0,3.466006,-0.4463613,-3.014449,0.09132874,-0.2676339,2.051757,-0.6145102,-0.0428992,-0.7877415,0.04449939,0.9950458,-0.08890226,0.7876527,-0.08968538,-0.6095569,moving,-6.826958866377286,-13.0725857502505,2.548693372235886,-7.431776505998307,1.5477500000000002,-0.45665816000000004,-1.2829949999999999,-0.11583241598311972,-0.22466276632388052,0.9675275464076849,-6.31308371702034,-12.116338411832348,10.768582276722679,10.941735869113876,10.023782391355969
3204,05/05/2023 15:32:40.096618,3387,True,True,True,True,Eyes,1.696592,0.001566936,-1.681994,0.8210311,-0.3035099,-0.483518,0.0,0.0,0.0,0.0,0.0,0.0,0.0,-0.1652073,-0.2451556,-2.576991,1.926711,0.009163441,-1.736656,-0.0007396616,0.8986582,-0.04946609,0.4358511,5.063596,128.1399,357.4424,0.6897127,-0.0007016944,-0.7240825,0.0,0.0,0.0,3.46819,-0.4417127,-3.027721,0.08806312,-0.2655581,2.051497,-0.6200668,-0.0444491,-0.7832891,0.04179029,0.9951051,-0.08955097,0.7834355,-0.08826144,-0.6151741,moving,-6.887934413856375,-13.059457704147311,2.457985258705998,-7.375696112404767,1.5414789999999998,-0.450876141,-1.2910650000000001,-0.11686889622074292,-0.22441362806291507,0.9674606800924804,-6.374581538794045,-12.10464633709722,10.765566313335722,10.938526425335183,10.018842570872096
3205,05/05/2023 15:32:40.106812,3388,True,True,True,True,Eyes,1.706728,0.001678185,-1.684834,0.8187217,-0.3018001,-0.4884787,0.0,0.0,0.0,0.0,0.0,0.0,0.0,-0.1469741,-0.2486798,-2.587258,1.934761,0.007938569,-1.741834,-0.0009119135,0.9000485,-0.05042838,0.4328614,5.162831,128.5137,357.3931,0.6917827,-0.0005659458,-0.7221052,0.0,0.0,0.0,3.470111,-0.4378678,-3.041377,0.08483255,-0.2635048,2.051241,-0.6252605,-0.04529852,-0.7791004,0.04201545,0.9949123,-0.09156542,0.7792844,-0.08998649,-0.620176,moving,-6.929983968624142,-12.866781055455874,2.368214558490328,-7.32019143726061,1.5353500000000002,-0.445806369,-1.2995430000000001,-0.11766920506661727,-0.22113790119239393,0.9681177354019517,-6.416784737968747,-11.91770621368242,10.65754057089521,10.826871766226159,9.915309110572565
3206,05/05/2023 15:32:40.126694,3389,True,True,True,True,Eyes,1.716759,0.00173924,-1.687812,0.8163981,-0.299992,-0.493456,0.0,0.0,0.0,0.0,0.0,0.0,0.0,-0.128647,-0.252065,-2.597839,1.943122,0.006921657,-1.747308,-0.0009912344,0.9014361,-0.05127091,0.4298644,5.254666,128.889,357.36,0.6937945,-0.0004393786,-0.7201725,0.0,0.0,0.0,3.471017,-0.4404824,-3.053489,0.08166397,-0.2614907,2.05099,-0.6304313,-0.04586614,-0.7748888,0.04229201,0.9947407,-0.09328709,0.7750922,-0.0915827,-0.6251757,moving,-6.976796201073257,-12.673868463758762,2.2801332532003094,-7.265719127137441,1.5278949999999998,-0.447404057,-1.3061809999999998,-0.1185498809180508,-0.2178540491963816,0.9687545719462008,-6.4637922965379095,-11.730621902240083,10.55511231031382,10.720952484205643,9.817921919147864
3207,05/05/2023 15:32:40.146580,3390,True,True,True,True,Eyes,1.726721,0.001749075,-1.690904,0.8140106,-0.2982918,-0.4984061,0.0,0.0,0.0,0.0,0.0,0.0,0.0,-0.1119058,-0.2551137,-2.608121,1.951202,0.005803688,-1.752907,-0.0008990765,0.9027063,-0.05198484,0.4271045,5.341172,129.2352,357.3503,0.6957477,-0.0003231963,-0.7182859,0.0,0.0,0.0,3.472161,-0.4426167,-3.066014,0.07851577,-0.2594896,2.05074,-0.6351621,-0.04602913,-0.7710064,0.04278272,0.9945936,-0.09462209,0.7711933,-0.09308609,-0.6297588,moving,-6.999804223851515,-12.487723305942545,2.1925870954992,-7.211574274500653,1.5209589999999997,-0.44842038799999995,-1.313107,-0.11902421631087223,-0.21469330183050683,0.9694018348742216,-6.486793602272325,-11.549701984628117,10.437102896253478,10.598953097832805,9.70314388877258
3208,05/05/2023 15:32:40.164662,3391,True,True,True,True,Eyes,1.736591,0.001701448,-1.694128,0.8117288,-0.2962012,-0.5033499,0.0,0.0,0.0,0.0,0.0,0.0,0.0,-0.0953505,-0.2567026,-2.61877,1.959557,0.004592907,-1.758709,-0.0008804469,0.9039574,-0.05243605,0.4243947,5.396793,129.5762,357.346,0.6976428,-0.0002185024,-0.7164454,0.0,0.0,0.0,3.473708,-0.4445554,-3.077878,0.07525313,-0.2574157,2.050482,-0.6397767,-0.04609893,-0.767177,0.04291539,0.9944993,-0.09554721,0.7673616,-0.09405258,-0.6342792,moving,-7.023836826577809,-12.308212830699137,2.101824105326792,-7.155428247659602,1.5141509999999998,-0.44914830699999997,-1.319169,-0.11951221402436984,-0.21164257589203528,0.9700124577703462,-6.510835973989297,-11.375263684628578,10.321965043979946,10.479927309065644,9.590877163062
3209,05/05/2023 15:32:40.176699,3392,True,True,True,True,Eyes,1.746396,0.001616319,-1.697476,0.8094064,-0.294228,-0.5082235,0.0,0.0,0.0,0.0,0.0,0.0,0.0,-0.08112228,-0.257936,-2.629156,1.967633,0.003157982,-1.764649,-0.0006229174,0.9050405,-0.05274689,0.4220417,5.448462,129.8734,357.3716,0.6994798,-0.0001265216,-0.7146521,0.0,0.0,0.0,3.475753,-0.4455491,-3.090018,0.07207417,-0.2553949,2.050229,-0.6437607,-0.04565031,-0.7638639,0.04339525,0.9944347,-0.09600193,0.7639954,-0.09495033,-0.6381971,moving,-7.013732024948765,-12.132888818105531,2.0133584544395515,-7.100698394892383,1.5081200000000001,-0.448707082,-1.3253690000000002,-0.1194190158326296,-0.20867573147262156,0.9706665236058895,-6.500444986173004,-11.204289677990626,10.181571318270175,10.334955393156823,9.45115392130009
3210,05/05/2023 15:32:40.197065,3393,True,True,True,True,Eyes,1.756128,0.001493858,-1.700955,0.8071269,-0.2921003,-0.5130531,0.0,0.0,0.0,0.0,0.0,0.0,0.0,-0.06836736,-0.2599837,-2.639728,1.975906,0.002181311,-1.770938,-0.000496217,0.9059919,-0.05316962,0.4199422,5.504603,130.1369,357.3769,0.7012594,-4.749585e-05,-0.7129058,0.0,0.0,0.0,3.478504,-0.4465462,-3.101183,0.06881988,-0.253327,2.04997,-0.6472964,-0.04555546,-0.7608756,0.04375719,0.9943455,-0.09675924,0.7609812,-0.09592571,-0.6416429,moving,-6.970834624018405,-11.94386983126423,1.9227639205265403,-7.044665795424509,1.502598,-0.448727511,-1.330245,-0.11877412051607583,-0.20548837191394762,0.971425312974239,-6.456957176769094,-11.019384909828617,10.00588295741456,10.1537330699758,9.274595285341077
3211,05/05/2023 15:32:40.206747,3394,True,True,True,True,Eyes,1.765802,0.001315341,-1.704562,0.8048447,-0.2899756,-0.5178214,0.0,0.0,0.0,0.0,0.0,0.0,0.0,-0.05646551,-0.254078,-2.651005,1.98407,0.001115911,-1.777367,-0.00106317,0.9069536,-0.05227074,0.4179737,5.38948,130.3907,357.3734,0.7029821,1.835863e-05,-0.7112072,0.0,0.0,0.0,3.482334,-0.4471847,-3.111611,0.06545091,-0.2511855,2.049703,-0.650594,-0.04562408,-0.7580543,0.04176709,0.9945332,-0.09570301,0.7582766,-0.09392551,-0.6451318,moving,-6.916541908016152,-11.9265555660153,1.8289416120499684,-6.9866055830350575,1.4982639999999998,-0.448300611,-1.334244,-0.11786040340878151,-0.20521729993037152,0.9715938591453825,-6.402166806469277,-11.001541730163478,9.89933577365939,10.044231570114988,9.15810340970972
3212,05/05/2023 15:32:40.226893,3395,True,True,True,True,Eyes,1.775393,0.00108246,-1.708315,0.8025512,-0.288021,-0.5224515,0.0,0.0,0.0,0.0,0.0,0.0,0.0,-0.04551554,-0.2476309,-2.662504,1.992385,-0.0004260624,-1.784019,-0.001608033,0.9078375,-0.05134933,0.4161633,5.272651,130.6244,357.3719,0.7046487,7.012019e-05,-0.709556,0.0,0.0,0.0,3.487091,-0.4421449,-3.123024,0.06244898,-0.2492773,2.049466,-0.6536111,-0.04565908,-0.755452,0.03981975,0.9947214,-0.0945721,0.7557824,-0.09189529,-0.6483428,moving,-6.8490867376406115,-11.919994444278016,1.7453113284823059,-6.934842622503647,1.4947059999999999,-0.4417188376,-1.339005,-0.11671855007455273,-0.20513391896428304,0.9717494277196872,-6.334110148203343,-10.99393702323764,9.793586612395663,9.935563235424434,9.041753079574743
3213,05/05/2023 15:32:40.246660,3396,True,True,True,True,Eyes,1.784928,0.0008168279,-1.712205,0.8002645,-0.2860755,-0.5270082,0.0,0.0,0.0,0.0,0.0,0.0,0.0,-0.03565383,-0.2433637,-2.673585,2.000435,-0.001966501,-1.790756,-0.001908943,0.9086263,-0.05077214,0.414508,5.202916,130.8367,357.3779,0.7062589,0.0001070423,-0.7079532,0.0,0.0,0.0,3.492567,-0.4373877,-3.133994,0.05925679,-0.2472482,2.049213,-0.656359,-0.04555995,-0.7530719,0.03862189,0.9948371,-0.09384834,0.7534596,-0.09068325,-0.6512107,moving,-6.767219834413227,-11.864883656712616,1.6563520343293918,-6.879777709025883,1.4921320000000002,-0.435421199,-1.343238,-0.11535217575045842,-0.20423195355983137,0.9721025096266906,-6.251460222094306,-10.938778358687365,9.650232762655715,9.78814815670123,8.888699621249286
3214,05/05/2023 15:32:40.266689,3397,True,True,True,True,Eyes,1.79442,0.0005120884,-1.716249,0.7981064,-0.2836503,-0.531572,0.0,0.0,0.0,0.0,0.0,0.0,0.0,-0.0265646,-0.238163,-2.685195,2.008718,-0.003117725,-1.797984,-0.002258026,0.9093767,-0.04994019,0.4129588,5.104006,131.0369,357.3902,0.7078136,0.0001293622,-0.7063987,0.0,0.0,0.0,3.498012,-0.4342384,-3.144221,0.05600309,-0.2451804,2.048954,-0.6589198,-0.04535327,-0.7508447,0.03713968,0.9950017,-0.09269381,0.7512957,-0.08896393,-0.6539419,moving,-6.68007971539948,-11.80897511441161,1.5656486219558958,-6.823639309898192,1.4892940000000001,-0.431120675,-1.346237,-0.11389572654638191,-0.2033176825621138,0.9724658312902794,-6.16348973933358,-10.882747721249421,9.501891796463116,9.635642630215637,8.730174162240916
3215,05/05/2023 15:32:40.276819,3398,True,True,True,True,Eyes,1.803871,0.0001504213,-1.720446,0.7959571,-0.2811032,-0.536128,0.0,0.0,0.0,0.0,0.0,0.0,0.0,-0.01645243,-0.220229,-2.698479,2.017403,-0.004638387,-1.805719,-0.003423242,0.9103206,-0.04696755,0.4112159,4.743531,131.2732,357.42,0.7093139,0.0001370523,-0.7048922,0.0,0.0,0.0,3.504087,-0.429689,-3.154808,0.05278134,-0.2431325,2.048698,-0.6617792,-0.0448601,-0.7483552,0.03239511,0.9955646,-0.08832644,0.7489983,-0.08269568,-0.6573908,moving,-6.627646494860316,-12.007969614986811,1.4758052148320746,-6.768012539508789,1.4866840000000003,-0.42505061299999997,-1.349089,-0.11292355271563786,-0.20671699951364747,0.9718622843946582,-6.110818526442166,-11.07565564459291,9.515944304347393,9.650030039547477,8.724256352976152
3216,05/05/2023 15:32:40.296590,3399,True,True,True,True,Eyes,1.813299,-0.0002738584,-1.72477,0.7938098,-0.2785158,-0.5406433,0.0,0.0,0.0,0.0,0.0,0.0,0.0,-0.005322814,-0.2037751,-2.711321,2.025808,-0.006333891,-1.813526,-0.004333024,0.9113293,-0.04425194,0.4092701,4.422435,131.5332,357.4637,0.7107603,0.0001293835,-0.7034338,0.0,0.0,0.0,3.511035,-0.4163183,-3.168189,0.0496242,-0.2411255,2.048447,-0.6649587,-0.04411961,-0.7455761,0.02832437,0.996046,-0.08420294,0.7463431,-0.07710943,-0.6610797,moving,-6.604893700999131,-12.165944474202474,1.3877348135334568,-6.713471160082326,1.485227,-0.409984409,-1.354663,-0.11247181515089683,-0.20940663850959237,0.971338858383286,-6.088043014140881,-11.229137994116256,9.54086629884898,9.675307530642721,8.733756413178767
3217,05/05/2023 15:32:40.306847,3400,True,True,True,True,Eyes,1.822679,-0.0007290855,-1.729243,0.7916297,-0.2760467,-0.5450877,0.0,0.0,0.0,0.0,0.0,0.0,0.0,0.006712437,-0.1969707,-2.723176,2.033971,-0.00818448,-1.821379,-0.004801816,0.9123117,-0.04334076,0.4071682,4.311006,131.8019,357.4678,0.712154,0.0001055063,-0.7020228,0.0,0.0,0.0,3.51687,-0.4044091,-3.181966,0.04634428,-0.2390411,2.048188,-0.668382,-0.04405546,-0.7425123,0.02653245,0.996197,-0.08299085,0.7433448,-0.07517026,-0.6646712,moving,-6.5888245198569635,-12.127195245972725,1.2962084677746806,-6.65679388386934,1.4828989999999997,-0.39622462,-1.360587,-0.11221534194552019,-0.20875573641621928,0.9715084779556182,-6.071788722747388,-11.191101345267834,9.464664862283021,9.596824280903645,8.651434953464953
3218,05/05/2023 15:32:40.326669,3401,True,True,True,True,Eyes,1.832011,-0.001197546,-1.733862,0.789368,-0.2738955,-0.5494356,0.0,0.0,0.0,0.0,0.0,0.0,0.0,0.0177995,-0.197535,-2.734605,2.04222,-0.009376648,-1.829385,-0.00515978,0.9131447,-0.04372699,0.4052507,4.340072,132.0393,357.4212,0.7134959,6.594209e-05,-0.7006589,0.0,0.0,0.0,3.521105,-0.4002027,-3.195022,0.043244,-0.2370703,2.047942,-0.6714907,-0.04486404,-0.7396538,0.02601753,0.9961227,-0.08404015,0.7405563,-0.07567613,-0.6677198,moving,-6.535396074346091,-11.970721585564954,1.2096683094504095,-6.603183859380156,1.478885,-0.39082605200000003,-1.3656369999999998,-0.11137294365843536,-0.20612145713683297,0.9721677196966859,-6.017713721074202,-11.037711278475017,9.295688142728551,9.423188608489705,8.479391749757418
3219,05/05/2023 15:32:40.346516,3402,True,True,True,True,Eyes,1.841296,-0.001670466,-1.73863,0.7870985,-0.2717656,-0.5537322,0.0,0.0,0.0,0.0,0.0,0.0,0.0,0.02921033,-0.1974718,-2.746092,2.050348,-0.0101794,-1.837618,-0.006129322,0.9139946,-0.04418654,0.4032666,4.348857,132.2823,357.3074,0.7147867,1.186864e-05,-0.699342,0.0,0.0,0.0,3.525664,-0.4002378,-3.20651,0.04001272,-0.2350163,2.047686,-0.6746772,-0.04684224,-0.7366253,0.02443357,0.99602,-0.08571602,0.7377086,-0.07582901,-0.6708474,moving,-6.475914523012148,-11.843756507457837,1.1194432450542358,-6.547283320685317,1.4753159999999998,-0.39005839999999997,-1.3688920000000002,-0.11041401950371199,-0.2039886173301488,0.9727267487116913,-5.9575654896888075,-10.912958197437304,9.136564535917344,9.259702362556078,8.31523720414113
3220,05/05/2023 15:32:40.364734,3403,True,True,True,True,Eyes,1.850542,-0.002154281,-1.743543,0.7847984,-0.2695194,-0.5580778,0.0,0.0,0.0,0.0,0.0,0.0,0.0,0.04111063,-0.1927744,-2.75792,2.0585,-0.0107691,-1.845924,-0.00792922,0.914889,-0.04406491,0.401215,4.25907,132.5347,357.1337,0.7160266,-5.526725e-05,-0.6980726,0.0,0.0,0.0,3.530276,-0.3991604,-3.218222,0.03673494,-0.232933,2.047426,-0.6779276,-0.04986772,-0.7334357,0.0208503,0.9959908,-0.08699165,0.7348332,-0.07426637,-0.6741698,moving,-6.408596984327194,-11.815085010815775,1.0278912228292763,-6.490559388591737,1.4717760000000002,-0.38839130000000005,-1.372298,-0.10928179464036086,-0.20352746154168905,0.9729512465845029,-5.889622807550558,-10.88381709544713,9.026226297331897,9.146142900529027,8.194675932539747
3221,05/05/2023 15:32:40.376894,3404,True,True,True,True,Eyes,1.859736,-0.002604997,-1.748598,0.7824478,-0.267378,-0.5623916,0.0,0.0,0.0,0.0,0.0,0.0,0.0,0.05543649,-0.1764493,-2.770548,2.066589,-0.01160291,-1.854513,-0.01078469,0.9160408,-0.04219381,0.3987137,3.939466,132.8515,356.9314,0.7172168,-0.0001344679,-0.6968496,0.0,0.0,0.0,3.535238,-0.3944983,-3.230625,0.03360415,-0.2309428,2.047179,-0.6818219,-0.05340493,-0.7295659,0.01388806,0.9962068,-0.0859025,0.731386,-0.06870248,-0.678494,moving,-6.3916878621009925,-12.03012902495712,0.9404175540171675,-6.436340671215518,1.468649,-0.38289539,-1.3761119999999998,-0.10890917543285888,-0.20718622808817277,0.9722204095556368,-5.872806620992072,-11.092998585759476,9.101308183272181,9.222268591812128,8.25254424962479
3222,05/05/2023 15:32:40.396833,3405,True,True,True,True,Eyes,1.868903,-0.002981071,-1.753796,0.7800835,-0.2651959,-0.5666929,0.0,0.0,0.0,0.0,0.0,0.0,0.0,0.07102919,-0.177868,-2.781737,2.074602,-0.01125108,-1.862966,-0.01240385,0.9171283,-0.04307284,0.3960641,3.966959,133.1723,356.7319,0.7183579,-0.0002230659,-0.6956734,0.0,0.0,0.0,3.539783,-0.3818834,-3.245844,0.03038609,-0.2288975,2.046922,-0.6859589,-0.05687105,-0.7254146,0.01136737,0.9959818,-0.08883207,0.7275517,-0.0691812,-0.6825562,moving,-6.390137973989759,-11.896776149068545,0.8504803034696704,-6.380604946360486,1.4651809999999998,-0.37063231999999996,-1.382878,-0.10893594096590398,-0.20492228442657986,0.9726971745464954,-5.871093099064453,-10.96306471370798,8.984419128428321,9.102455590524198,8.135016074047586
3223,05/05/2023 15:32:40.406770,3406,True,True,True,True,Eyes,1.878027,-0.003266061,-1.759138,0.7776629,-0.2629611,-0.5710444,0.0,0.0,0.0,0.0,0.0,0.0,0.0,0.0901444,-0.1665562,-2.793941,2.082906,-0.0098951,-1.871731,-0.01509007,0.9185401,-0.04176656,0.3928257,3.719561,133.5778,356.5221,0.7194507,-0.0003170828,-0.6945431,0.0,0.0,0.0,3.542414,-0.3803585,-3.259518,0.02721286,-0.2268805,2.04667,-0.6909205,-0.06053561,-0.7203917,0.005092295,0.9960557,-0.08858405,0.7229128,-0.06487299,-0.6878871,moving,-6.4567841424447385,-12.042943769399711,0.7617691932161169,-6.325610396586149,1.459508,-0.3704634,-1.3877869999999999,-0.11000910701795635,-0.20737839352853676,0.9720555700121345,-5.9384906469116245,-11.106652848557172,9.088245279143653,9.208442493476742,8.231151125618926
3224,05/05/2023 15:32:40.426803,3407,True,True,True,True,Eyes,1.887105,-0.003471361,-1.764617,0.775162,-0.2607082,-0.5754608,0.0,0.0,0.0,0.0,0.0,0.0,0.0,0.1092476,-0.1576342,-2.805743,2.091073,-0.008024831,-1.880511,-0.01698254,0.9199421,-0.0404937,0.3895874,3.512791,133.9849,356.3928,0.7204958,-0.0004122864,-0.6934588,0.0,0.0,0.0,3.544458,-0.368168,-3.276921,0.02415931,-0.2249397,2.046429,-0.6958666,-0.06279759,-0.7154204,0.0003057632,0.9961437,-0.0877361,0.7181712,-0.06127135,-0.693164,moving,-6.5375816320947155,-12.139032772416401,0.6763792913558523,-6.272665137857918,1.453385,-0.360143169,-1.3964100000000002,-0.11134104148690821,-0.20897713600086457,0.9715615025500788,-6.020107829215976,-11.201711298530373,9.175962152931447,9.298145053120383,8.31495254406327
3225,05/05/2023 15:32:40.436973,3408,True,True,True,True,Eyes,1.89614,-0.003573124,-1.770234,0.7725835,-0.2583644,-0.5799677,0.0,0.0,0.0,0.0,0.0,0.0,0.0,0.1293478,-0.1478625,-2.817194,2.099039,-0.006353471,-1.889226,-0.01802685,0.9214364,-0.03872816,0.3861738,3.293346,134.4186,356.3744,0.7214946,-0.0005054431,-0.6924195,0.0,0.0,0.0,3.545929,-0.3567519,-3.294277,0.02094972,-0.2228992,2.046174,-0.7010896,-0.0631328,-0.7102729,-0.003309587,0.9963503,-0.08529408,0.7130654,-0.05744809,-0.6987399,moving,-6.661491479202532,-12.232396386687926,0.5866014319633027,-6.2169798809206265,1.4468900000000002,-0.350398429,-1.405051,-0.11340374925768681,-0.2105105885217113,0.970991679921843,-6.145214013956228,-11.294890177301967,9.293916164551765,9.419134067776618,8.432230557569948
3226,05/05/2023 15:32:40.466921,3409,True,True,True,True,Eyes,1.905151,-0.003601848,-1.775962,0.7698786,-0.2559587,-0.5846127,0.0,0.0,0.0,0.0,0.0,0.0,0.0,0.1509316,-0.1360336,-2.828679,2.107086,-0.004012986,-1.898125,-0.01924881,0.9230221,-0.03654271,0.3825239,3.022791,134.8831,356.3547,0.7224467,-0.000592618,-0.6914259,0.0,0.0,0.0,3.546266,-0.344996,-3.312487,0.01764798,-0.2208005,2.045912,-0.7066101,-0.06349108,-0.7047492,-0.007577227,0.9965882,-0.08218572,0.7075627,-0.05273321,-0.7046804,moving,-6.803389387389017,-12.375205008853834,0.49421954263902174,-6.159678742146563,1.4391800000000003,-0.34098301400000003,-1.414362,-0.11574754482645344,-0.2128721726404064,0.9701999112692916,-6.2885223001243595,-11.436559533113861,9.456407381545217,9.585815712173535,8.593663816304012
3227,05/05/2023 15:32:40.476806,3410,True,True,True,True,Eyes,1.91411,-0.00358781,-1.781796,0.7670339,-0.2535737,-0.5893722,0.0,0.0,0.0,0.0,0.0,0.0,0.0,0.1759428,-0.1142138,-2.840024,2.115074,-0.002416262,-1.90688,-0.02129435,0.9248473,-0.0330006,0.3783057,2.575136,135.4232,356.3063,0.7233548,-0.0006716425,-0.6904758,0.0,0.0,0.0,3.545972,-0.3308183,-3.331856,0.01443863,-0.2187609,2.045657,-0.7128628,-0.06435667,-0.6983445,-0.01441941,0.996915,-0.07715257,0.7011554,-0.04492948,-0.7115917,moving,-6.997519904774467,-12.705499571051197,0.40439762075056535,-6.103966415987723,1.430898,-0.328402038,-1.4249760000000002,-0.11888596800086076,-0.21838003230457587,0.9685951183631327,-6.484734099181204,-11.761808129126132,9.780423474754684,9.918095737190528,8.914668176970975
3228,05/05/2023 15:32:40.486511,3411,True,True,True,True,Eyes,1.923021,-0.003546438,-1.787699,0.7640088,-0.251635,-0.5941132,0.0,0.0,0.0,0.0,0.0,0.0,0.0,0.2037247,-0.1079955,-2.849803,2.122865,-0.001394501,-1.915199,-0.02200532,0.9267211,-0.03201916,0.3737361,2.458589,135.993,356.2859,0.7242196,-0.0007416841,-0.6895686,0.0,0.0,0.0,3.544248,-0.3111884,-3.353591,0.01136899,-0.2168099,2.045414,-0.7196741,-0.06471901,-0.691289,-0.01685216,0.9969811,-0.07579401,0.6941074,-0.04289729,-0.7185921,moving,-7.232513272705075,-12.73191885544454,0.31846288148644175,-6.050647668478051,1.421383,-0.309793899,-1.4383920000000001,-0.1228479598476922,-0.21872030194540326,0.9680237199546566,-6.721826875191612,-11.79177086974375,9.939151909707475,10.082491039170703,9.084391860223624
3229,05/05/2023 15:32:40.506794,3412,True,True,True,True,Eyes,1.931867,-0.003480237,-1.793676,0.7608591,-0.249848,-0.5988901,0.0,0.0,0.0,0.0,0.0,0.0,0.0,0.2306385,-0.1128206,-2.858367,2.130363,-0.0006919308,-1.92295,-0.0212178,0.9284606,-0.03251972,0.3693959,2.562608,136.5275,356.3599,0.7250427,-0.000802581,-0.688703,0.0,0.0,0.0,3.540337,-0.3035994,-3.37402,0.007907748,-0.2146101,2.045138,-0.7261931,-0.06342507,-0.684559,-0.01537447,0.9969845,-0.0760621,0.687319,-0.04471103,-0.7249784,moving,-7.455116038288403,-12.532214824618878,0.22153924474622178,-5.990507515497819,1.409974,-0.3029074692,-1.4510699999999999,-0.12670831516407038,-0.21523957769094507,0.9683061871631958,-6.9461655961182345,-11.60123224136612,9.940634308103261,10.085879775842626,9.102539460789043
3230,05/05/2023 15:32:40.526439,3413,True,True,True,True,Eyes,1.940627,-0.003377043,-1.799729,0.7577969,-0.2483639,-0.6033732,0.0,0.0,0.0,0.0,0.0,0.0,0.0,0.2536018,-0.1184455,-2.866892,2.137727,-1.229998e-05,-1.930682,-0.01960976,0.9299508,-0.03273599,0.3656988,2.667691,136.9852,356.5326,0.7258258,-0.0008543478,-0.6878777,0.0,0.0,0.0,3.535519,-0.304547,-3.392692,0.004982591,-0.2127506,2.044907,-0.7317598,-0.06041523,-0.6788797,-0.0125292,0.9970876,-0.07522823,0.6814474,-0.04654318,-0.7303857,moving,-7.638151308888273,-12.33070467832717,0.13960579643911694,-5.939641147011924,1.397792,-0.30453470002,-1.4620099999999998,-0.12990250654631408,-0.21174445934978472,0.9686535034152883,-7.1305863016825946,-11.408222563456011,9.92074516135241,10.06673723958157,9.097311462837192
3231,05/05/2023 15:32:40.546711,3414,True,True,True,True,Eyes,1.949318,-0.003208595,-1.80586,0.7546663,-0.2469699,-0.6078525,0.0,0.0,0.0,0.0,0.0,0.0,0.0,0.2723513,-0.1303729,-2.875005,2.144767,0.001070523,-1.938245,-0.01740794,0.9311327,-0.03375573,0.3626979,2.879435,137.3537,356.7337,0.7265691,-0.0008964973,-0.6870925,0.0,0.0,0.0,3.532361,-0.3054142,-3.409452,0.00182116,-0.2107408,2.044656,-0.7362947,-0.05690446,-0.6742644,-0.007931949,0.997115,-0.07548975,0.6766148,-0.05023446,-0.7346219,moving,-7.738252810675912,-12.015210650157675,0.05103291420398358,-5.884643645421238,1.387594,-0.306484723,-1.471207,-0.13174972680182,-0.20635673270681407,0.9695663597568576,-7.231214604052984,-11.102683679152284,9.770009141684893,9.912458015214028,8.958742696984865
3232,05/05/2023 15:32:40.557033,3415,True,True,True,True,Eyes,1.957941,-0.002997686,-1.812063,0.7516817,-0.2455191,-0.6121234,0.0,0.0,0.0,0.0,0.0,0.0,0.0,0.2900043,-0.1343507,-2.88378,2.151862,0.002811758,-1.946233,-0.01630762,0.9322686,-0.03363358,0.359831,2.921923,137.7095,356.8654,0.7272733,-0.0009275664,-0.686347,0.0,0.0,0.0,3.530735,-0.3096301,-3.423398,-0.001414776,-0.2086838,2.0444,-0.7405117,-0.05461098,-0.6698213,-0.006201354,0.9972057,-0.07444704,0.6720152,-0.05097509,-0.7387812,moving,-7.8203180758173625,-11.873840074158517,-0.03965010801039507,-5.828326740176695,1.378873,-0.312441858,-1.477165,-0.13320770084727374,-0.2039237255714928,0.9698818928051423,-7.313843654688987,-10.966443158625342,9.712146217225081,9.853274861517333,8.905848195656157
3233,05/05/2023 15:32:40.576880,3416,True,True,True,True,Eyes,1.966505,-0.002762448,-1.818335,0.7486574,-0.2439858,-0.6164276,0.0,0.0,0.0,0.0,0.0,0.0,0.0,0.3085291,-0.1191872,-2.893086,2.158958,0.004018486,-1.954029,-0.01652947,0.9335318,-0.03059549,0.3568041,2.598003,138.0968,356.9763,0.7279406,-0.0009471702,-0.6856393,0.0,0.0,0.0,3.530316,-0.3071505,-3.437876,-0.004699588,-0.206596,2.04414,-0.7448353,-0.05269475,-0.6651645,-0.00902837,0.9975814,-0.06891929,0.6671874,-0.04532816,-0.7435095,moving,-7.9174956237894305,-12.097881322228591,-0.13172585216065635,-5.771141068814311,1.3713579999999999,-0.311168986,-1.4838470000000001,-0.13474393244738264,-0.2076711055247728,0.9688739566202065,-7.41212907108244,-11.186441163644337,9.88601431550715,10.032240685459104,9.073574055858737
3234,05/05/2023 15:32:40.596861,3417,True,True,True,True,Eyes,1.974975,-0.002517904,-1.824687,0.745818,-0.2425967,-0.6204049,0.0,0.0,0.0,0.0,0.0,0.0,0.0,0.3263575,-0.1090981,-2.902217,2.166137,0.004804069,-1.961913,-0.01680631,0.9346845,-0.02865295,0.3539232,2.388014,138.4593,357.034,0.7285715,-0.0009555916,-0.6849688,0.0,0.0,0.0,3.530304,-0.2923184,-3.454364,-0.007841468,-0.2045991,2.043891,-0.748912,-0.05169907,-0.6606498,-0.01113531,0.9977931,-0.06545921,0.662576,-0.04166664,-0.7478349,moving,-8.003698390085301,-12.223535056132452,-0.21981642723076394,-5.716421658996622,1.3641670000000001,-0.297122469,-1.492451,-0.13613954324552874,-0.2097550129781259,0.9682296975482341,-7.499232388509034,-11.31039737471803,9.995966723763294,10.145508522239622,9.18054797086719
3235,05/05/2023 15:32:40.612533,3418,True,True,True,True,Eyes,1.983382,-0.002290369,-1.83109,0.7429317,-0.2412402,-0.6243842,0.0,0.0,0.0,0.0,0.0,0.0,0.0,0.3426508,-0.09971839,-2.911079,2.173201,0.005350806,-1.969493,-0.01736601,0.9357013,-0.02704399,0.3513263,2.201154,138.7841,357.0457,0.7291663,-0.0009536795,-0.6843356,0.0,0.0,0.0,3.530783,-0.2818379,-3.469604,-0.01112378,-0.2025129,2.043629,-0.7525366,-0.05150132,-0.6565336,-0.01349626,0.9979341,-0.06281247,0.6584122,-0.03840793,-0.7516769,moving,-8.041831165638905,-12.330774696285744,-0.31186646497113435,-5.659234943798213,1.3575819999999998,-0.28718870599999996,-1.500111,-0.13672982042150922,-0.2115495137752002,0.9677560299990633,-7.537821630295449,-11.415550920979392,10.05958913748286,10.210866610753035,9.238484815186334
3236,05/05/2023 15:32:40.628419,3419,True,True,True,True,Eyes,1.991706,-0.002060171,-1.837526,0.7400279,-0.2404724,-0.6281175,0.0,0.0,0.0,0.0,0.0,0.0,0.0,0.3592255,-0.09742817,-2.919489,2.18014,0.0051631,-1.977097,-0.01724514,0.9366999,-0.0265933,0.3486959,2.16591,139.1083,357.083,0.7297271,-0.0009431611,-0.6837376,0.0,0.0,0.0,3.532014,-0.2725127,-3.483508,-0.01424396,-0.2005293,2.043381,-0.7562277,-0.050853,-0.6523296,-0.0137611,0.9979908,-0.06184651,0.6541641,-0.03779326,-0.7554081,moving,-8.096572690801308,-12.319170245932158,-0.399389821600022,-5.604833551990492,1.351874,-0.2776758,-1.506411,-0.13766117408034695,-0.21132596950056234,0.9676727739850325,-7.593032237469508,-11.405230942011755,10.062605276874837,10.214153971892985,9.24083876547806
3237,05/05/2023 15:32:40.647080,3420,True,True,True,True,Eyes,1.999957,-0.001790439,-1.843995,0.7370247,-0.2400514,-0.6317989,0.0,0.0,0.0,0.0,0.0,0.0,0.0,0.376389,-0.1173634,-2.926299,2.18661,0.005557628,-1.984281,-0.01551469,0.9376316,-0.02944597,0.346034,2.549455,139.4236,357.1614,0.7302541,-0.0009248869,-0.6831747,0.0,0.0,0.0,3.532649,-0.2692179,-3.496793,-0.01750958,-0.1984538,2.043123,-0.7600398,-0.04947273,-0.647991,-0.008715508,0.9977844,-0.06595615,0.6498184,-0.04448171,-0.7587871,moving,-8.156865623286258,-11.903933946144654,-0.49101325544125174,-5.547882731860421,1.3460390000000002,-0.274775528,-1.5125119999999999,-0.13889200908938465,-0.20427208422123877,0.9690107628464636,-7.65338917718389,-11.001811950486255,9.813043848122387,9.958146391984753,9.002498140301908
3238,05/05/2023 15:32:40.664590,3421,True,True,True,True,Eyes,2.008098,-0.00151086,-1.850508,0.7340662,-0.2397721,-0.6353394,0.0,0.0,0.0,0.0,0.0,0.0,0.0,0.3945522,-0.1421266,-2.932616,2.193158,0.006848495,-1.991512,-0.01393899,0.9385592,-0.03310973,0.3432434,3.014114,139.7499,357.1935,0.7307495,-0.0008982198,-0.6826448,0.0,0.0,0.0,3.53168,-0.2801512,-3.507891,-0.02088678,-0.1963074,2.042856,-0.7639794,-0.04889454,-0.6433856,-0.003435738,0.9974189,-0.07171982,0.6452317,-0.05258195,-0.7621755,moving,-8.227175557513249,-11.424032875330067,-0.5857890344799608,-5.488960241989626,1.3385220000000002,-0.286999695,-1.516379,-0.14031970590906756,-0.1961088595402789,0.9704904401675545,-7.723778613875055,-10.535579784955317,9.537969724854301,9.675529709396866,8.741811256655923
3239,05/05/2023 15:32:40.681148,3422,True,True,True,True,Eyes,2.016149,-0.001231206,-1.857018,0.7309981,-0.2399195,-0.6388118,0.0,0.0,0.0,0.0,0.0,0.0,0.0,0.4141582,-0.15349,-2.938815,2.199488,0.007484475,-1.998478,-0.01309946,0.9396223,-0.03472092,0.3401954,3.229545,140.1158,357.2305,0.7312136,-0.0008637058,-0.6821477,0.0,0.0,0.0,3.530055,-0.293269,-3.519017,-0.02391291,-0.1943837,2.042616,-0.768191,-0.0482409,-0.6384008,-0.0009932957,0.9972457,-0.07416187,0.64022,-0.05633635,-0.7661232,moving,-8.32957348633697,-11.220506749395277,-0.6707311756608287,-5.43613012640179,1.3305669999999998,-0.300753475,-1.5205389999999999,-0.14215437989731433,-0.1926093304441638,0.9709242414343976,-7.826849500325153,-10.339155980010355,9.462236961645722,9.597753823496236,8.674658033476048
3240,05/05/2023 15:32:40.697025,3423,True,True,True,True,Eyes,2.024117,-0.000929391,-1.863525,0.7279153,-0.2402162,-0.6422113,0.0,0.0,0.0,0.0,0.0,0.0,0.0,0.4317744,-0.185353,-2.943278,2.205431,0.007857384,-2.004913,-0.01063168,0.9404368,-0.03940053,0.3375105,3.837721,140.4255,357.3235,0.7316468,-0.0008223032,-0.6816831,0.0,0.0,0.0,3.528071,-0.298083,-3.531601,-0.02711815,-0.1923463,2.04236,-0.7719475,-0.04659304,-0.6339768,0.006599331,0.9966692,-0.08128402,0.6356524,-0.0669308,-0.7690688,moving,-8.396509489250553,-10.621513963177762,-0.7607200704825493,-5.380158595653986,1.3226400000000003,-0.305940384,-1.526688,-0.1435728399649991,-0.1824108013714111,0.9726834015915172,-7.893701346366173,-9.756849678022796,9.136277627071342,9.261591987149925,8.36868249562576
3241,05/05/2023 15:32:40.706772,3424,True,True,True,True,Eyes,2.031993,-0.0006071212,-1.870037,0.7247602,-0.2406527,-0.6456074,0.0,0.0,0.0,0.0,0.0,0.0,0.0,0.4489812,-0.2100691,-2.947937,2.211333,0.008760618,-2.01146,-0.008558916,0.9412569,-0.04279802,0.3348591,4.291788,140.7368,357.4265,0.7320517,-0.0007739137,-0.6812483,0.0,0.0,0.0,3.525676,-0.3170632,-3.54072,-0.03035498,-0.1902891,2.042105,-0.7755924,-0.04477489,-0.6296442,0.01255034,0.9961901,-0.08629993,0.6311094,-0.07483581,-0.7720755,moving,-8.459390158097667,-10.182738599873781,-0.8516134882013725,-5.323609384517435,1.3143429999999996,-0.325823818,-1.5292599999999998,-0.14484025663596,-0.17492400136304073,0.9738700520402411,-7.956642339212543,-9.330546596211722,8.909417270823575,9.02714808732791,8.15702033785386
3242,05/05/2023 15:32:40.726443,3425,True,True,True,True,Eyes,2.039768,-0.0002531875,-1.876552,0.721599,-0.2408764,-0.6490557,0.0,0.0,0.0,0.0,0.0,0.0,0.0,0.4656813,-0.2229417,-2.953197,2.217024,0.0096014,-2.018079,-0.00675127,0.9421452,-0.04407505,0.3322265,4.506046,141.0569,357.585,0.7324291,-0.0007186156,-0.6808427,0.0,0.0,0.0,3.523601,-0.3301024,-3.550572,-0.03351951,-0.1882774,2.041854,-0.7791603,-0.04200715,-0.625416,0.01656444,0.9960237,-0.0875361,0.6266063,-0.07856429,-0.7753662,moving,-8.53318129862467,-9.962797909578057,-0.9404952362097228,-5.268291380128502,1.3065770000000003,-0.3397038,-1.5324929999999997,-0.1461927586875631,-0.17114990985946518,0.9743383622966237,-8.03083602268266,-9.11761801652076,8.812428480123256,8.926772832184918,8.067852751628566
3243,05/05/2023 15:32:40.746565,3426,True,True,True,True,Eyes,2.047458,0.0001321274,-1.883091,0.7183732,-0.2409939,-0.6525809,0.0,0.0,0.0,0.0,0.0,0.0,0.0,0.4838989,-0.2329191,-2.958107,2.222515,0.01073542,-2.024627,-0.005142795,0.9431328,-0.04484831,0.3293371,4.658027,141.4104,357.7436,0.7327806,-0.0006559208,-0.6804643,0.0,0.0,0.0,3.522013,-0.3345858,-3.56164,-0.03696966,-0.1860849,2.04158,-0.7830215,-0.03924109,-0.6207559,0.01983974,0.9959244,-0.08798324,0.6216784,-0.08120839,-0.7790515,moving,-8.632335524370466,-9.800405695757574,-1.037419060148354,-5.20797612189012,1.2994979999999998,-0.34532122,-1.537013,-0.14795126653126667,-0.16834318039394966,0.9745619229720115,-8.130680900979073,-8.961206564825819,8.763044350354038,8.875424806139959,8.025029738285367
3244,05/05/2023 15:32:40.764427,3427,True,True,True,True,Eyes,2.055031,0.0005213669,-1.889656,0.7151625,-0.2405236,-0.6562705,0.0,0.0,0.0,0.0,0.0,0.0,0.0,0.5039032,-0.2267836,-2.964372,2.2282,0.01184563,-2.031707,-0.004750698,0.9443207,-0.04322385,0.3261404,4.504395,141.8092,357.8634,0.7331061,-0.0005857163,-0.6801139,0.0,0.0,0.0,3.519237,-0.3368788,-3.573905,-0.03999662,-0.1841604,2.04134,-0.7872198,-0.03716646,-0.6155515,0.01922172,0.9962183,-0.08473315,0.6163729,-0.07853558,-0.7835284,moving,-8.76059105308052,-9.91633949489968,-1.1224706989532858,-5.155009325210527,1.2910369999999998,-0.34872443,-1.542198,-0.15008229780986648,-0.17025948679968828,0.9739029642486344,-8.260196426627601,-9.076450395576325,8.884263600098881,9.000619285856105,8.144005687120773
3245,05/05/2023 15:32:40.778655,3428,True,True,True,True,Eyes,2.062519,0.0009024694,-1.89624,0.7118461,-0.2399618,-0.6600709,0.0,0.0,0.0,0.0,0.0,0.0,0.0,0.5263062,-0.2130576,-2.970193,2.233607,0.01230613,-2.038451,-0.00519198,0.9456504,-0.04076356,0.3225784,4.229203,142.2525,357.9245,0.7334067,-0.000508428,-0.6797896,0.0,0.0,0.0,3.516831,-0.328233,-3.588885,-0.04327279,-0.1820782,2.041079,-0.7918326,-0.03611848,-0.6096694,0.01647929,0.9966227,-0.08044578,0.610516,-0.07374651,-0.7885632,moving,-8.913495599810744,-10.159311196523097,-1.2145423389299064,-5.097681582245452,1.2832239999999997,-0.34053913,-1.550434,-0.15257075333580267,-0.1743207496971928,0.9727972913319685,-8.414720946203243,-9.315891789111676,9.090401489222526,9.213792686259017,8.344810922120825
3246,05/05/2023 15:32:40.796880,3429,True,True,True,True,Eyes,2.069685,0.001279539,-1.902997,0.7090539,-0.2372134,-0.6640575,0.0,0.0,0.0,0.0,0.0,0.0,0.0,0.5521334,-0.2040343,-2.975114,2.239142,0.01246407,-2.045452,-0.005579043,0.9470991,-0.03924033,0.3184844,4.058518,142.7547,357.9568,0.7336819,-0.000425374,-0.6794916,0.0,0.0,0.0,3.513261,-0.3160754,-3.605065,-0.04629481,-0.1801572,2.04084,-0.7970731,-0.03556268,-0.6028348,0.01442705,0.9968581,-0.07788264,0.6037104,-0.07077528,-0.7940558,moving,-9.140310407022543,-10.1773034579188,-1.2994857016085002,-5.044765545922232,1.2741189999999998,-0.32853947,-1.5596130000000001,-0.15641490915332562,-0.17451999739968366,0.9721507806164594,-8.643553651217701,-9.337498235986619,9.243832245709568,9.371311406580901,8.506637878552521
3247,05/05/2023 15:32:40.806419,3430,True,True,True,True,Eyes,2.076776,0.001633711,-1.909766,0.7061071,-0.2344894,-0.6681523,0.0,0.0,0.0,0.0,0.0,0.0,0.0,0.5786448,-0.1935558,-2.979542,2.244573,0.01258801,-2.052242,-0.006123361,0.9485606,-0.03755059,0.3143013,3.864025,143.267,357.977,0.7339265,-0.0003373271,-0.6792266,0.0,0.0,0.0,3.508024,-0.3076935,-3.622018,-0.04959655,-0.1780584,2.040578,-0.8023545,-0.03522115,-0.5958077,0.01198764,0.9971049,-0.07508717,0.5967274,-0.06738886,-0.7996094,moving,-9.364513011935076,-10.222332983945064,-1.3923082715571156,-4.986929917930379,1.2634509999999999,-0.32028151,-1.569776,-0.16019883661206114,-0.1751763061782164,0.9714162886630827,-8.869781556140309,-9.385396113441015,9.405452851519973,9.537583220404464,8.675200954139632
3248,05/05/2023 15:32:40.826772,3431,True,True,True,True,Eyes,2.084094,0.001983059,-1.916345,0.702916,-0.2315751,-0.6725193,0.0,0.0,0.0,0.0,0.0,0.0,0.0,0.6066169,-0.186103,-2.983399,2.249961,0.012366,-2.059321,-0.006333767,0.9500667,-0.0363206,0.3098615,3.731952,143.8082,358.0162,0.7341422,-0.0002456898,-0.6789929,0.0,0.0,0.0,3.502182,-0.2987034,-3.639158,-0.05258757,-0.1761574,2.040339,-0.8078917,-0.03454371,-0.588318,0.01047371,0.9972814,-0.07293917,0.5892382,-0.0650888,-0.8053336,moving,-9.600947084689423,-10.191145436098711,-1.476410977307844,-4.934527421099567,1.252221,-0.3110694,-1.579837,-0.16422520370499422,-0.17453041471104036,0.9708601112814069,-9.108262934970686,-9.359266942649086,9.541328751957698,9.67678251877971,8.821761963306672
3249,05/05/2023 15:32:40.836765,3432,True,True,True,True,Eyes,2.091336,0.002301028,-1.922952,0.6995488,-0.2287699,-0.6769755,0.0,0.0,0.0,0.0,0.0,0.0,0.0,0.6362559,-0.1811018,-2.986487,2.255387,0.01204642,-2.066353,-0.0064303,0.9516104,-0.03551844,0.3051796,3.650759,144.376,358.0524,0.734339,-0.0001510783,-0.6787797,0.0,0.0,0.0,3.495343,-0.2921097,-3.656718,-0.05583847,-0.1740913,2.040082,-0.813648,-0.03391729,-0.5803673,0.009440719,0.9973942,-0.07152423,0.5812809,-0.06367464,-0.8112076,moving,-9.852791673960441,-10.117185861554571,-1.5678340861766595,-4.877543947568591,1.2399560000000003,-0.30415612000000003,-1.5903650000000003,-0.16853274285069036,-0.1731493617172502,0.9703690181842326,-9.362242451680675,-9.291748464831226,9.664760943016736,9.802773567627415,8.957566817415366
3250,05/05/2023 15:32:40.862198,3433,True,True,True,True,Eyes,2.098551,0.002587225,-1.929555,0.6960589,-0.2261426,-0.6814408,0.0,0.0,0.0,0.0,0.0,0.0,0.0,0.666734,-0.1792751,-2.9891,2.26088,0.01160853,-2.073567,-0.006434854,0.9531475,-0.03528766,0.3003722,3.635162,144.9559,358.0783,0.734517,-5.497766e-05,-0.6785868,0.0,0.0,0.0,3.487456,-0.2874948,-3.674551,-0.05896491,-0.1721039,2.039834,-0.8194704,-0.03346559,-0.5721439,0.008932138,0.9974267,-0.07113439,0.5730522,-0.06340298,-0.8170627,moving,-10.109556612528065,-9.990436766207472,-1.655771963464933,-4.82271021242985,1.226576,-0.29910333,-1.600984,-0.17294951933590813,-0.17086952265284072,0.9699959287020119,-9.62112628057953,-9.172893451261302,9.768883365906943,9.908172012402378,9.075845063055354
3251,05/05/2023 15:32:40.876779,3434,True,True,True,True,Eyes,2.105694,0.002847837,-1.936189,0.6923813,-0.2236826,-0.6859842,0.0,0.0,0.0,0.0,0.0,0.0,0.0,0.6982157,-0.179928,-2.991019,2.266377,0.01108406,-2.080741,-0.006606419,0.9546766,-0.03564378,0.2954297,3.678228,145.548,358.0663,0.7346779,4.12742e-05,-0.6784126,0.0,0.0,0.0,3.479089,-0.2852584,-3.692366,-0.06216574,-0.1700695,2.03958,-0.8253555,-0.03367445,-0.5636086,0.008446475,0.9973718,-0.07196002,0.5645505,-0.0641531,-0.8229018,moving,-10.361275280512437,-9.821877714913025,-1.7458163703113883,-4.766557041565884,1.2127120000000002,-0.29634246000000003,-1.6116249999999996,-0.1773016537805981,-0.16788309502721172,0.9697316550225835,-9.874872370028715,-9.013218420352304,9.849901445801004,9.989114041982585,9.171460315163364
3252,05/05/2023 15:32:40.896964,3435,True,True,True,True,Eyes,2.112728,0.003066444,-1.942876,0.6887439,-0.2213952,-0.6903738,0.0,0.0,0.0,0.0,0.0,0.0,0.0,0.7306947,-0.1827445,-2.992354,2.271853,0.01074455,-2.088076,-0.006931319,0.956206,-0.03646916,0.290331,3.768155,146.1554,358.0225,0.7348214,0.0001367021,-0.678257,0.0,0.0,0.0,3.470202,-0.2851446,-3.70998,-0.06535578,-0.1680419,2.039328,-0.8313199,-0.03443179,-0.5547268,0.007920718,0.9972439,-0.07376883,0.555738,-0.06571931,-0.828756,moving,-10.63108743866994,-9.624665698821135,-1.8355699407811703,-4.710565861771714,1.1983489999999999,-0.29588915000000005,-1.6219039999999998,-0.18197444775980742,-0.1644016169118664,0.9694624215594781,-10.14683908103266,-8.825956450694196,9.936779367283915,10.075192567100476,9.27435358508012
3253,05/05/2023 15:32:40.906753,3436,True,True,True,True,Eyes,2.119708,0.00324905,-1.949597,0.6849203,-0.2192374,-0.6948519,0.0,0.0,0.0,0.0,0.0,0.0,0.0,0.7641702,-0.1840338,-2.99325,2.277435,0.01005911,-2.095368,-0.007208997,0.9577559,-0.03705371,0.2850945,3.834019,146.7795,357.9934,0.7349467,0.0002298669,-0.6781212,0.0,0.0,0.0,3.460833,-0.2863565,-3.727613,-0.06869727,-0.1659179,2.039063,-0.8373383,-0.03493653,-0.5455675,0.007318697,0.9971501,-0.0750873,0.5466359,-0.06686632,-0.8346962,moving,-10.90866473262992,-9.457527221042227,-1.9295997375291705,-4.651890441512573,1.183398,-0.29641561,-1.6322449999999997,-0.18676199480482508,-0.16142532208715063,0.9690520319002704,-10.426673142934776,-8.668130339884774,10.045985079610416,10.184191329850975,9.39842749496574
3254,05/05/2023 15:32:40.926803,3437,True,True,True,True,Eyes,2.12663,0.003391457,-1.956347,0.6811668,-0.2169482,-0.6992463,0.0,0.0,0.0,0.0,0.0,0.0,0.0,0.7975668,-0.1845191,-2.994104,2.283173,0.009386604,-2.10282,-0.007593411,0.9592681,-0.03755055,0.2798878,3.887147,147.3991,357.9558,0.7350544,0.0003196965,-0.6780046,0.0,0.0,0.0,3.450859,-0.2872277,-3.745668,-0.07181686,-0.1639351,2.038814,-0.8432103,-0.03558811,-0.5364044,0.006451643,0.9970646,-0.07629268,0.537545,-0.06779148,-0.8405055,moving,-11.18759915890265,-9.297545067166105,-2.017399515402847,-4.597096697714008,1.1676859999999998,-0.296614304,-1.6428480000000003,-0.19156724757817753,-0.15856934523404628,0.9685855002923268,-10.707884338819875,-8.517299985664275,10.166753599447146,10.30469681143161,9.53375688199032
3255,05/05/2023 15:32:40.946810,3438,True,True,True,True,Eyes,2.133503,0.003503731,-1.963135,0.6772349,-0.214748,-0.7037302,0.0,0.0,0.0,0.0,0.0,0.0,0.0,0.8306561,-0.1854058,-2.994638,2.288911,0.008579545,-2.11022,-0.007861911,0.9607315,-0.038083,0.2747416,3.94823,148.0106,357.9301,0.7351446,0.000405094,-0.6779069,0.0,0.0,0.0,3.441211,-0.2875581,-3.763643,-0.07502955,-0.1618932,2.038558,-0.8489106,-0.03603234,-0.5273071,0.005819599,0.9969758,-0.07749506,0.5285047,-0.06885508,-0.8461336,moving,-11.449877600883806,-9.131612521421934,-2.107831619456244,-4.540646016801908,1.1522999999999999,-0.296137645,-1.653423,-0.19609211089171524,-0.15562170256827615,0.9681579299937755,-10.97228616108039,-8.360373487591772,10.272165272726868,10.409168870070745,9.652402409329383
3256,05/05/2023 15:32:40.965098,3439,True,True,True,True,Eyes,2.140328,0.003587659,-1.969972,0.6733929,-0.2124507,-0.7081008,0.0,0.0,0.0,0.0,0.0,0.0,0.0,0.8637125,-0.182978,-2.995239,2.29468,0.007968089,-2.117855,-0.008234316,0.9621894,-0.03802001,0.2695893,3.940766,148.6242,357.9122,0.7352178,0.0004854334,-0.6778277,0.0,0.0,0.0,3.431718,-0.2882634,-3.78121,-0.07832026,-0.1598011,2.038299,-0.854508,-0.03634551,-0.5181656,0.00465363,0.9969733,-0.07760467,0.5194179,-0.06872515,-0.8517525,moving,-11.724112974900537,-9.028027136575997,-2.200469043413238,-4.482776411254213,1.137038,-0.296231489,-1.6633550000000001,-0.2007841867222352,-0.15372204447674018,0.9674995008090296,-11.248820347987733,-8.264397657929557,10.414851525426496,10.552682023532837,9.806799711644025
3257,05/05/2023 15:32:40.976653,3440,True,True,True,True,Eyes,2.147114,0.0036414,-1.976857,0.6693552,-0.2102442,-0.7125736,0.0,0.0,0.0,0.0,0.0,0.0,0.0,0.8974249,-0.1790009,-2.995724,2.300685,0.007381567,-2.125693,-0.008620549,0.9636515,-0.03767525,0.2643526,3.902216,149.248,357.9015,0.7352741,0.0005602231,-0.6777667,0.0,0.0,0.0,3.422096,-0.2865122,-3.799352,-0.08138931,-0.1578505,2.038057,-0.8600868,-0.0365335,-0.5088379,0.003304688,0.9970126,-0.07716934,0.510137,-0.06805388,-0.8573966,moving,-11.997369257844085,-8.959548538252191,-2.286877826468362,-4.428800446931593,1.1214109999999997,-0.293893767,-1.6736589999999998,-0.205438191209457,-0.15241526033144695,0.966728959340892,-11.524406305454471,-8.202603572723937,10.575912486312605,10.715471156502012,9.97865333761623
3258,05/05/2023 15:32:40.996996,3441,True,True,True,True,Eyes,2.153877,0.003671456,-1.983783,0.6653415,-0.2080018,-0.7169769,0.0,0.0,0.0,0.0,0.0,0.0,0.0,0.9321972,-0.1768483,-2.995496,2.306658,0.006709041,-2.13367,-0.008706643,0.9651266,-0.03751203,0.2589363,3.893309,149.8925,357.9188,0.7353139,0.0006289672,-0.6777236,0.0,0.0,0.0,3.412558,-0.2834972,-3.817783,-0.08468109,-0.155758,2.037795,-0.8657526,-0.03623248,-0.4991593,0.002620426,0.9970341,-0.07691664,0.5004657,-0.06789877,-0.86309,moving,-12.299690217058895,-8.855707566869057,-2.3795716214978304,-4.3708800074280765,1.1059,-0.29020624100000003,-1.684113,-0.21059893844532146,-0.15049396397531592,0.9659190387873096,-11.829273152692448,-8.106883879838568,10.74632946496896,10.886800778370006,10.16142627603665
3259,05/05/2023 15:32:41.006740,3442,True,True,True,True,Eyes,2.160607,0.003672577,-1.990747,0.6611308,-0.2058638,-0.7214749,0.0,0.0,0.0,0.0,0.0,0.0,0.0,0.9674698,-0.1753291,-2.994821,2.312818,0.006157649,-2.141618,-0.0085626,0.9665851,-0.03730335,0.2534728,3.886083,150.5427,357.963,0.7353379,0.0006914514,-0.6776978,0.0,0.0,0.0,3.402154,-0.2816421,-3.836498,-0.08799839,-0.1536494,2.037532,-0.8713566,-0.03546373,-0.4893672,0.002357805,0.9970703,-0.0764545,0.4906448,-0.06777296,-0.8687202,moving,-12.599439952757763,-8.749998906247127,-2.4729942917620096,-4.312487650693985,1.0893359999999999,-0.287799749,-1.6948800000000004,-0.21571373877439598,-0.1485418630302508,0.9650921033873215,-12.131544029865301,-8.009298530126367,10.914933859901202,11.056057519218164,10.341856396300654
3260,05/05/2023 15:32:41.026545,3443,True,True,True,True,Eyes,2.167296,0.003657782,-1.997766,0.6569495,-0.2037837,-0.7258716,0.0,0.0,0.0,0.0,0.0,0.0,0.0,1.002348,-0.1751606,-2.993663,2.31887,0.005464048,-2.149468,-0.008068266,0.9679965,-0.03714899,0.2480679,3.894368,151.1859,358.0441,0.7353464,0.0007473127,-0.6776887,0.0,0.0,0.0,3.391383,-0.2799515,-3.855296,-0.09105051,-0.1517095,2.03729,-0.8767944,-0.03405105,-0.4796582,0.002810836,0.9971097,-0.07592314,0.4808571,-0.06791723,-0.8741645,moving,-12.90298683719612,-8.623552744648109,-2.558958615559656,-4.258745852368229,1.0725129999999998,-0.285415548,-1.705828,-0.22090033230140954,-0.14623767975794472,0.9642705044906432,-12.437622175339307,-7.89157998962332,11.086268750492193,11.227219560376717,10.525468046416002
3261,05/05/2023 15:32:41.046875,3444,True,True,True,True,Eyes,2.173971,0.003641264,-2.004838,0.6525898,-0.2017169,-0.7303675,0.0,0.0,0.0,0.0,0.0,0.0,0.0,1.037136,-0.1756825,-2.992386,2.325047,0.005087324,-2.157549,-0.007322252,0.9693768,-0.03689168,0.2426816,3.897393,151.8272,358.1561,0.7353396,0.0007966756,-0.6776962,0.0,0.0,0.0,3.380609,-0.2789211,-3.873601,-0.09424824,-0.1496772,2.037036,-0.8821043,-0.0321019,-0.4699596,0.003709822,0.9971707,-0.0750778,0.4710401,-0.0679699,-0.8794895,moving,-13.197563674604158,-8.494253577428843,-2.6490342344730933,-4.202423483266694,1.0555620000000001,-0.284008424,-1.716052,-0.22593356624993866,-0.14389082026896824,0.9634569504393062,-12.734648061674092,-7.770920861852421,11.24782373615884,11.388207888270555,10.698307333985184
3262,05/05/2023 15:32:41.057045,3445,True,True,True,True,Eyes,2.180661,0.003609385,-2.01196,0.6479703,-0.1998816,-0.7349706,0.0,0.0,0.0,0.0,0.0,0.0,0.0,1.071186,-0.1704272,-2.991716,2.331488,0.005007277,-2.165868,-0.00673607,0.9707283,-0.03557837,0.2374354,3.777098,152.4544,358.2787,0.7353181,0.0008401365,-0.6777197,0.0,0.0,0.0,3.369883,-0.2774339,-3.891984,-0.09747148,-0.1476282,2.03678,-0.8871582,-0.02997291,-0.4604911,0.00381734,0.9973776,-0.07227262,0.4614498,-0.06587508,-0.8847173,moving,-13.463883470593794,-8.496035043156724,-2.739837869725063,-4.145615658034303,1.0383950000000004,-0.282441177,-1.7261159999999998,-0.23041365664965616,-0.14376566563682255,0.9624141139750318,-13.003315461533797,-7.777446020470297,11.429018888197762,11.572869258570277,10.887109995727608
3263,05/05/2023 15:32:41.076744,3446,True,True,True,True,Eyes,2.187337,0.003559401,-2.019134,0.6432242,-0.1980031,-0.7396333,0.0,0.0,0.0,0.0,0.0,0.0,0.0,1.104411,-0.1607984,-2.991526,2.338099,0.00454812,-2.174414,-0.006287367,0.9720353,-0.03359024,0.232335,3.576447,153.065,358.4021,0.7352827,0.0008777725,-0.6777583,0.0,0.0,0.0,3.360003,-0.2713408,-3.910735,-0.1006763,-0.1455911,2.036526,-0.8919618,-0.02783147,-0.4512532,0.003385293,0.9976643,-0.06822335,0.452098,-0.06238025,-0.8897843,moving,-13.70716799233701,-8.572322422607796,-2.8301308156404374,-4.089114473159862,1.0219039999999997,-0.27588892,-1.7363209999999998,-0.2344587921324626,-0.1449028685906033,0.9612659626815783,-13.248828502459206,-7.856136991331118,11.614999613778991,11.764739319731335,11.078795969857557
3264,05/05/2023 15:32:41.097061,3447,True,True,True,True,Eyes,2.194023,0.003491198,-2.02635,0.6383911,-0.1960715,-0.7443204,0.0,0.0,0.0,0.0,0.0,0.0,0.0,1.134968,-0.1518265,-2.991661,2.344499,0.004032774,-2.182784,-0.005927611,0.9732025,-0.03178276,0.2276656,3.391776,153.6224,358.507,0.7352338,0.0009095665,-0.6778114,0.0,0.0,0.0,3.350849,-0.2628155,-3.929595,-0.1038616,-0.1435663,2.036273,-0.8962666,-0.02600921,-0.4427527,0.002934149,0.9979094,-0.06456114,0.4435063,-0.05916309,-0.8943165,moving,-13.89139183181952,-8.628528148507355,-2.919882964018629,-4.032933628606636,1.0063500000000003,-0.266848274,-1.7468110000000001,-0.23751903586404566,-0.1457342851944769,0.9603886261554169,-13.434738100659143,-7.9142031736380645,11.740758552743833,11.895103859469875,11.208319759255794
3265,05/05/2023 15:32:41.106843,3448,True,True,True,True,Eyes,2.200704,0.003418948,-2.033621,0.633463,-0.1941805,-0.7490118,0.0,0.0,0.0,0.0,0.0,0.0,0.0,1.163625,-0.1437718,-2.992359,2.351063,0.003479232,-2.191209,-0.005934162,0.9742472,-0.03039149,0.2233467,3.242776,154.1352,358.5572,0.7351723,0.0009355047,-0.677878,0.0,0.0,0.0,3.343135,-0.2547925,-3.94703,-0.1071877,-0.1414523,2.036008,-0.9001623,-0.02513836,-0.434829,0.002012998,0.9980823,-0.0618684,0.4355504,-0.0565669,-0.8983855,moving,-14.01929406524416,-8.660578528959604,-3.0136121272550707,-3.9742562806402595,0.9920720000000003,-0.258271732,-1.7558209999999996,-0.23964594709164624,-0.1461928077337129,0.959790393001499,-13.56380287491334,-7.947725433530829,11.80439361232065,11.96188326039308,11.273641023242982
3266,05/05/2023 15:32:41.126914,3449,True,True,True,True,Eyes,2.207417,0.003346596,-2.040927,0.6285853,-0.1920281,-0.7536616,0.0,0.0,0.0,0.0,0.0,0.0,0.0,1.191704,-0.1403054,-2.992946,2.357688,0.003300895,-2.199742,-0.006039603,0.9752166,-0.02985852,0.2191456,3.186711,154.6306,358.5729,0.7350987,0.0009560541,-0.6779578,0.0,0.0,0.0,3.336698,-0.2481492,-3.963543,-0.1102433,-0.1395103,2.035767,-0.9038777,-0.02486657,-0.4270682,0.001306885,0.998144,-0.06088415,0.4277895,-0.05558994,-0.9021676,moving,-14.128810237571365,-8.59139160681253,-3.0997221933400625,-3.920327549604799,0.9790100000000002,-0.251450095,-1.763801,-0.24152419526733437,-0.1449641661909107,0.9595058788258154,-13.674205791068145,-7.882296480548975,11.82081465562043,11.977463108435936,11.29233816215168
3267,05/05/2023 15:32:41.146890,3450,True,True,True,True,Eyes,2.214119,0.00330231,-2.048282,0.6236125,-0.189963,-0.7583017,0.0,0.0,0.0,0.0,0.0,0.0,0.0,1.219946,-0.1341344,-2.993331,2.364274,0.003160379,-2.208278,-0.006408221,0.9761794,-0.02899539,0.2149236,3.087149,155.1282,358.5668,0.7350142,0.0009717666,-0.6780494,0.0,0.0,0.0,3.330824,-0.2442486,-3.979294,-0.1134504,-0.1374718,2.035513,-0.9075335,-0.02497473,-0.4192362,-4.756113e-05,0.9982364,-0.05936395,0.4199795,-0.05385484,-0.9059343,moving,-14.234028752916197,-8.576091431825558,-3.190110180528618,-3.863699758612663,0.9665499999999998,-0.247408979,-1.771016,-0.24329741603627383,-0.1446418562362386,0.9591063864466484,-13.780333805745181,-7.869284127859631,11.849490846788164,12.00727998821105,11.322435363968772
3268,05/05/2023 15:32:41.157096,3451,True,True,True,True,Eyes,2.380506,0.001753852,-2.234027,0.4896138,-0.1345622,-0.8614937,0.0,0.0,0.0,0.0,0.0,0.0,0.0,1.248276,-0.1330396,-2.993109,2.370777,0.00379044,-2.216753,-0.007083693,0.9770886,-0.02916087,0.2107068,3.095498,155.6208,358.5004,0.734919,0.0009840736,-0.6781526,0.0,0.0,0.0,3.324916,-0.2387304,-3.995142,-0.1166552,-0.1354346,2.035259,-0.911105,-0.02613158,-0.4113452,-0.001554005,0.9981989,-0.05997068,0.4121715,-0.05400035,-0.9095047,moving,-5.0779134097818845,-4.803730593636165,-3.280440293698656,-3.8070867055103377,0.9541390000000001,-0.24252084000000002,-1.7783889999999998,-0.08820185732007538,-0.08341635110336487,0.9926037470677103,-4.53933355746272,-4.029758528284696,2.044791703688538,2.05528797076724,1.2784345858150863
3269,05/05/2023 15:32:41.177304,3452,True,True,True,True,Eyes,2.380755,0.001797179,-2.234362,0.489304,-0.1346683,-0.8616531,0.0,0.0,0.0,0.0,0.0,0.0,0.0,1.278783,-0.1044213,-2.993093,2.377334,0.003293055,-2.225549,-0.008755538,0.9781721,-0.02508931,0.206091,2.606392,156.1689,358.4243,0.7340933,0.0009101396,-0.6790466,0.4991605,-0.004645375,-0.5572336,3.318946,-0.2361365,-4.010302,-0.1198438,-0.133408,2.035005,-0.9148997,-0.0274702,-0.4027455,-0.00678748,0.9985877,-0.05269219,0.4036242,-0.04547444,-0.9137942,moving,-5.586838891759672,-5.326670549625004,-3.370322091644681,-3.750749238621978,0.9416120000000001,-0.239429555,-1.7847530000000003,-0.09693783342875167,-0.09239686934678301,0.9909923789644159,-5.05332953442915,-4.54833462032536,2.7031567524983195,2.719646062204693,1.8624329500883636
3270,05/05/2023 15:32:41.196790,3453,True,True,True,True,Eyes,2.38123,0.001924161,-2.235071,0.4887275,-0.1344286,-0.8620176,0.0,0.0,0.0,0.0,0.0,0.0,0.0,1.308104,-0.1121556,-2.991394,2.383642,0.00440121,-2.233916,-0.008855931,0.9790468,-0.02644637,0.2017173,2.763396,156.6773,358.3931,0.7334106,0.0008521026,-0.6797841,0.4692109,-0.004366653,-0.5237995,3.312083,-0.2170372,-4.028409,-0.1230548,-0.131367,2.03475,-0.9184636,-0.02801012,-0.3945129,-0.006671361,0.9984443,-0.05535725,0.3954497,-0.04821167,-0.9172217,moving,-6.053768502083968,-5.17858327631729,-3.4608398708215753,-3.6939884493370543,0.9284409999999998,-0.22143841,-1.7944930000000001,-0.10503599750241868,-0.08976103597588272,0.9904091862019345,-5.524205052212026,-4.412472768268227,2.9702129880789236,2.9878588800538655,2.1848788498048215
3271,05/05/2023 15:32:41.206848,3454,True,True,True,True,Eyes,2.381936,0.002088083,-2.236112,0.4877933,-0.1338186,-0.8626415,0.0,0.0,0.0,0.0,0.0,0.0,0.0,1.341499,-0.09221279,-2.989542,2.390172,0.006517871,-2.243328,-0.01110664,0.9801223,-0.02397113,0.1966272,2.442775,157.2742,358.2105,0.732845,0.0008097296,-0.680394,0.4410582,-0.004104653,-0.4923716,3.305056,-0.2192431,-4.043007,-0.1263112,-0.1292972,2.034493,-0.9224287,-0.03119849,-0.3849049,-0.01234499,0.9986041,-0.05135702,0.3859699,-0.04262155,-0.9215263,moving,-6.561248990050029,-5.50736860426012,-3.552640178866575,-3.6364019253513864,0.9148839999999998,-0.225760971,-1.7996790000000003,-0.11374465403399497,-0.09535090173845209,0.9889238787537952,-6.036524940893924,-4.741886714133582,3.519548617273138,3.5429145194765126,2.7187828396656606
3272,05/05/2023 15:32:41.226671,3455,True,True,True,True,Eyes,2.382878,0.002346276,-2.237454,0.4865286,-0.1336457,-0.8633822,0.0,0.0,0.0,0.0,0.0,0.0,0.0,1.378826,-0.05934287,-2.985224,2.396508,0.007487958,-2.252318,-0.01378455,0.9813251,-0.01965193,0.1908525,1.908775,157.9555,358.0186,0.7323719,0.0007814032,-0.6809033,0.4145947,-0.003858374,-0.4628293,3.296274,-0.2032959,-4.061589,-0.1294118,-0.1273263,2.034246,-0.9267705,-0.03455549,-0.3740351,-0.01955301,0.9988476,-0.0438315,0.3751186,-0.03330824,-0.9263782,moving,-7.125021566503663,-6.0830941879344715,-3.6400570556104923,-3.5815506601141998,0.8997660000000001,-0.210783858,-1.8092709999999999,-0.12334707671009526,-0.10516144397943193,0.9867758835675527,-6.605910444275925,-5.312870462050171,4.256745285613681,4.2898365544347214,3.4342036310670108
3273,05/05/2023 15:32:41.246692,3456,True,True,True,True,Eyes,2.384031,0.002708554,-2.239118,0.4848757,-0.1331437,-0.8643891,0.0,0.0,0.0,0.0,0.0,0.0,0.0,1.418099,-0.07121207,-2.978138,2.402712,0.009999413,-2.261029,-0.01534465,0.9823835,-0.02266836,0.1848604,2.22735,158.643,357.7902,0.7319744,0.0007677861,-0.6813307,0.389719,-0.003626872,-0.4350595,3.284935,-0.1807588,-4.081429,-0.1327116,-0.1252286,2.033983,-0.9311826,-0.03852962,-0.3625119,-0.0217677,0.9985014,-0.05021127,0.3639032,-0.0388648,-0.9306258,moving,-7.683327370024599,-5.79642882065756,-3.7330949933126285,-3.5231488094384886,0.8822229999999998,-0.190758213,-1.8203999999999998,-0.1330263562461175,-0.10009671101610122,0.9860450509417052,-7.168811087082518,-5.043655848262809,4.524297380894197,4.557646085363769,3.757138103943443
3274,05/05/2023 15:32:41.257022,3457,True,True,True,True,Eyes,2.38537,0.003099489,-2.241068,0.4829237,-0.1324241,-0.8655914,0.0,0.0,0.0,0.0,0.0,0.0,0.0,1.460339,-0.04139895,-2.970503,2.409024,0.01278918,-2.270381,-0.0184231,0.983631,-0.01897144,0.1782437,1.762363,159.4198,357.534,0.7316366,0.0007698462,-0.6816934,0.3663359,-0.003409259,-0.4089559,3.27195,-0.1868782,-4.098253,-0.1358176,-0.1232545,2.033738,-0.9357797,-0.04300614,-0.3499531,-0.02947998,0.9986014,-0.04388939,0.3513511,-0.03075419,-0.9357387,moving,-8.288033598145418,-6.293208439546209,-3.8206679306527156,-3.468163338015375,0.8629259999999999,-0.19966738,-1.8278719999999997,-0.14329876501617098,-0.1084851866099549,0.983715579965827,-7.779401972247449,-5.538470399286702,5.241205021846419,5.2856632349002215,4.4674093768123475
3275,05/05/2023 15:32:41.276667,3458,True,True,True,True,Eyes,2.386884,0.003514,-2.243277,0.4805602,-0.1319182,-0.8669831,0.0,0.0,0.0,0.0,0.0,0.0,0.0,1.50385,-0.01633363,-2.960624,2.415065,0.01385632,-2.279121,-0.02013939,0.984875,-0.01552832,0.1713903,1.357092,160.2257,357.4205,0.7313436,0.0007863385,-0.6820066,0.3443557,-0.003204704,-0.3844186,3.257311,-0.1647015,-4.119151,-0.1391938,-0.1211085,2.033471,-0.9404396,-0.04499238,-0.3369706,-0.03434677,0.9987065,-0.0374903,0.3382215,-0.02368351,-0.9407686,moving,-8.910757297081819,-6.727336189359889,-3.9158640523062265,-3.408368687697347,0.8422460000000003,-0.17855782,-1.8400299999999996,-0.15385474209561514,-0.11574980001316267,0.9812904336293586,-8.408098551182569,-5.972576536955714,5.940550970609255,5.997041254134987,5.172555721023506
3276,05/05/2023 15:32:41.296499,3459,True,True,True,True,Eyes,2.388557,0.003976712,-2.24574,0.4781016,-0.1313787,-0.8684231,0.0,0.0,0.0,0.0,0.0,0.0,0.0,1.547821,-0.02918626,-2.949083,2.420914,0.01487756,-2.287497,-0.01967081,0.9860134,-0.01760248,0.1645633,1.618155,161.0135,357.4436,0.7310779,0.0008149829,-0.6822906,0.3236944,-0.003012422,-0.3613535,3.240573,-0.1469429,-4.139534,-0.1422012,-0.1191974,2.033231,-0.9450642,-0.0445848,-0.3238307,-0.03299791,0.9986064,-0.04118674,0.3252157,-0.02823837,-0.9452183,moving,-9.542860895596197,-6.473588649777589,-4.0006684840584015,-3.3551033077241756,0.8196590000000001,-0.16182046,-1.8520370000000002,-0.16475710390093845,-0.11120445373263202,0.9800453303465416,-9.045483982905575,-5.736756144778218,6.302038054436094,6.3593118774840045,5.578748394905099
3277,05/05/2023 15:32:41.307020,3460,True,True,True,True,Eyes,2.390363,0.004425442,-2.248444,0.4752512,-0.1308477,-0.8700662,0.0,0.0,0.0,0.0,0.0,0.0,0.0,1.590293,-0.03380011,-2.937618,2.426448,0.01651068,-2.296051,-0.01860934,0.9871261,-0.01754329,0.1578867,1.64797,161.7906,357.5759,0.7308253,0.0008547812,-0.6825604,0.3042727,-0.002831676,-0.3396722,3.223341,-0.1530547,-4.157197,-0.1453908,-0.1171698,2.032979,-0.9494511,-0.04227923,-0.3110551,-0.03119982,0.9986919,-0.04051119,0.312361,-0.02875853,-0.9495281,moving,-10.144472904400109,-6.42981871261673,-4.09060828758362,-3.2985665317658226,0.7968929999999999,-0.16956538,-1.8611460000000002,-0.17505699726394638,-0.11025685352560567,0.9783652130154333,-9.652345435341797,-5.704937507216923,6.754543175877496,6.815718378779028,6.059995162724698
3278,05/05/2023 15:32:41.326569,3461,True,True,True,True,Eyes,2.392245,0.004830536,-2.251363,0.4722734,-0.1306444,-0.8717166,0.0,0.0,0.0,0.0,0.0,0.0,0.0,1.63274,-0.03368225,-2.925191,2.431583,0.0166158,-2.304527,-0.0175546,0.9882157,-0.01686762,0.1511195,1.606327,162.5792,357.7185,0.7305826,0.0009041565,-0.6828196,0.2860163,-0.002661776,-0.3192919,3.206072,-0.1506439,-4.175293,-0.1486,-0.1151297,2.032724,-0.9537096,-0.03979352,-0.2980851,-0.02959741,0.9988146,-0.03864339,0.2992695,-0.02803202,-0.9537569,moving,-10.749480533925764,-6.473018622958018,-4.181105865307102,-3.241662871732327,0.774489,-0.1672597,-1.8707659999999997,-0.1853670832258319,-0.11078153517112571,0.9764048597973878,-10.262730231095862,-5.757901807906804,7.253328968414693,7.3201916490164844,6.581611756285538
3279,05/05/2023 15:32:41.346740,3462,True,True,True,True,Eyes,2.394225,0.005251432,-2.254478,0.4689297,-0.1307793,-0.8734997,0.0,0.0,0.0,0.0,0.0,0.0,0.0,1.675039,-0.04931975,-2.911131,2.436327,0.01610629,-2.312341,-0.01654151,0.9891961,-0.01930953,0.1443762,1.915493,163.3556,357.8037,0.7303467,0.0009607873,-0.6830714,0.2688554,-0.002502069,-0.3001344,3.187896,-0.1473266,-4.193413,-0.1517303,-0.11314,2.032476,-0.957764,-0.03830126,-0.2849939,-0.02714992,0.9987071,-0.04297823,0.2862716,-0.03342543,-0.9575654,moving,-11.319176186381064,-6.192815391200227,-4.269378723483564,-3.1861439782505134,0.7515689999999999,-0.16343289,-1.8810719999999996,-0.1951727277543639,-0.10580014342953009,0.9750456146980414,-10.837128306470321,-5.495187143159161,7.599463752374668,7.664184056592394,6.961825545231226
3280,05/05/2023 15:32:41.356887,3463,True,True,True,True,Eyes,2.396299,0.005719815,-2.257799,0.4655238,-0.1308548,-0.8753083,0.0,0.0,0.0,0.0,0.0,0.0,0.0,1.716755,-0.0730452,-2.896275,2.44081,0.01697917,-2.320163,-0.01576405,0.990077,-0.02320545,0.1376972,2.38471,164.1196,357.843,0.7301154,0.001024394,-0.6833182,0.2527241,-0.002351945,-0.2821263,3.169475,-0.1568663,-4.209405,-0.1549067,-0.1111214,2.032223,-0.9615819,-0.0376059,-0.27193,-0.0248246,0.998426,-0.05029168,0.2733933,-0.04160902,-0.9610019,moving,-11.869870171937388,-5.756935722606727,-4.3589557194340145,-3.1298008624330835,0.7286649999999999,-0.17384546999999997,-1.8892420000000003,-0.2046957485593218,-0.09818453588742705,0.9738888306848371,-11.392182267811949,-5.080478191527338,7.89905498384369,7.95711464579741,7.298727130332417
3281,05/05/2023 15:32:41.376812,3464,True,True,True,True,Eyes,2.398457,0.006195928,-2.261321,0.4617948,-0.130731,-0.8772999,0.0,0.0,0.0,0.0,0.0,0.0,0.0,1.758639,-0.07376442,-2.881534,2.445335,0.01862153,-2.328408,-0.01624799,0.9909809,-0.02359943,0.1309042,2.436912,164.9033,357.7984,0.7298864,0.001095682,-0.6835623,0.2375606,-0.002210828,-0.2651987,3.151098,-0.1705234,-4.224402,-0.1581295,-0.1090727,2.031967,-0.9652001,-0.03838142,-0.2586802,-0.02602437,0.9983582,-0.05102703,0.260214,-0.04251931,-0.9646142,moving,-12.40353944002692,-5.743873524405412,-4.449840686863846,-3.0725958863597587,0.7057630000000001,-0.18914493,-1.8959940000000004,-0.21376663483098213,-0.09776826706081039,0.971980111934917,-11.930537114029178,-5.07735162077133,8.329301271686045,8.390294874174007,7.74466684822919
3282,05/05/2023 15:32:41.396634,3465,True,True,True,True,Eyes,2.40069,0.006643266,-2.265013,0.4579943,-0.1306284,-0.8793051,0.0,0.0,0.0,0.0,0.0,0.0,0.0,1.798278,-0.05596644,-2.867856,2.449648,0.01924036,-2.336747,-0.01727753,0.9918594,-0.0211007,0.1243835,2.152523,165.6618,357.7333,0.7296578,0.001174074,-0.6838059,0.223307,-0.002078179,-0.2492868,3.132648,-0.1683396,-4.24099,-0.1614723,-0.1069477,2.031702,-0.9684605,-0.03952291,-0.2460128,-0.02902459,0.9985124,-0.04615594,0.2474711,-0.03755978,-0.9681671,moving,-12.900405612624338,-6.072296998129024,-4.544109026365348,-3.0132379156386326,0.6830000000000003,-0.18757996000000002,-1.9042430000000001,-0.22206630771706382,-0.10314204586254024,0.9695608748073841,-12.43214879523189,-5.406222167954722,8.82576608276672,8.898625461704219,8.243030087719742
3283,05/05/2023 15:32:41.406451,3466,True,True,True,True,Eyes,2.402972,0.007082894,-2.268876,0.4539034,-0.1306893,-0.8814148,0.0,0.0,0.0,0.0,0.0,0.0,0.0,1.83604,-0.05466387,-2.853679,2.453645,0.01900121,-2.344521,-0.01773988,0.9926016,-0.02144921,0.1181838,2.200006,166.3757,357.6894,0.7294281,0.001257944,-0.6840506,0.2099086,-0.001953488,-0.2343296,3.114793,-0.1553846,-4.258206,-0.1645617,-0.104984,2.031457,-0.971436,-0.04028715,-0.2338578,-0.03014736,0.9984505,-0.04677416,0.2353798,-0.03838791,-0.9711453,moving,-13.342597624273347,-6.071392591467877,-4.631231537840829,-2.958366202486594,0.6611480000000003,-0.17438581,-1.9136850000000005,-0.22954715936649062,-0.10294333893434632,0.9678382147450643,-12.878234376959384,-5.4132939255629395,9.174901745321357,9.250882789785008,8.604633981405502
3284,05/05/2023 15:32:41.426783,3467,True,True,True,True,Eyes,2.405265,0.007515639,-2.272916,0.449473,-0.1305521,-0.8837025,0.0,0.0,0.0,0.0,0.0,0.0,0.0,1.872833,-0.06449775,-2.839207,2.457235,0.01929069,-2.352526,-0.01753289,0.9932709,-0.0232719,0.1120896,2.42434,167.0743,357.7028,0.7291954,0.001346467,-0.6842982,0.197314,-0.001836279,-0.2202698,3.097823,-0.1550039,-4.273067,-0.1677622,-0.1029497,2.031204,-0.9742571,-0.04004689,-0.2218546,-0.02961274,0.998302,-0.0501611,0.2234866,-0.04230008,-0.9737887,moving,-13.756505759409427,-5.86677889778567,-4.721484767083202,-2.9015008703873293,0.6405880000000002,-0.17429459,-1.920541,-0.23662056835335876,-0.09931306017212498,0.9665130934245231,-13.29555785937331,-5.22141314981603,9.436137192101839,9.509178624442121,8.882382697011954
3285,05/05/2023 15:32:41.446943,3468,True,True,True,True,Eyes,2.40758,0.007933148,-2.277115,0.4447269,-0.1305494,-0.8861009,0.0,0.0,0.0,0.0,0.0,0.0,0.0,1.911095,-0.06754947,-2.823271,2.460593,0.01960388,-2.360678,-0.01720998,0.9939718,-0.02370649,0.1056502,2.492619,167.8166,357.7501,0.7289577,0.001438927,-0.6845509,0.1854752,-0.001726102,-0.2070536,3.080637,-0.1605436,-4.287262,-0.1709223,-0.100941,2.030954,-0.9770837,-0.03922165,-0.2092106,-0.02920327,0.9982836,-0.05076364,0.2108426,-0.04349069,-0.9765521,moving,-14.194936597416593,-5.819601481753141,-4.8105982038386745,-2.845331881084887,0.620044,-0.18014748,-1.926584,-0.24403330307631393,-0.09833110859028944,0.9647687321207339,-13.737797097390548,-5.183340309136791,9.769808758375943,9.84439367064523,9.22828063588638
3286,05/05/2023 15:32:41.457422,3469,True,True,True,True,Eyes,2.409901,0.008368209,-2.281462,0.4395407,-0.1303417,-0.8887154,0.0,0.0,0.0,0.0,0.0,0.0,0.0,1.950478,-0.07604553,-2.805398,2.463579,0.01967957,-2.368712,-0.01661644,0.99464,-0.02501102,0.09894282,2.663251,168.5876,357.8196,0.7287135,0.001534426,-0.6848104,0.1743467,-0.001622536,-0.1946304,3.061786,-0.1606097,-4.302308,-0.1741385,-0.0988969,2.030697,-0.9798683,-0.03800407,-0.1959938,-0.02810543,0.9981967,-0.05304208,0.1976562,-0.04646577,-0.9791695,moving,-14.63772824429055,-5.652104854770671,-4.901298359540365,-2.7881567440752746,0.5982069999999999,-0.18028927,-1.933596,-0.2515558557656581,-0.09532082529837801,0.9631373939407526,-14.184300227756045,-5.028136673185905,10.076450013114023,10.148904654267485,9.549431070389183
3287,05/05/2023 15:32:41.476999,3470,True,True,True,True,Eyes,2.412225,0.008831948,-2.285969,0.4340405,-0.1302262,-0.8914315,0.0,0.0,0.0,0.0,0.0,0.0,0.0,1.989573,-0.09445932,-2.786439,2.466332,0.02057574,-2.376626,-0.01580559,0.9952198,-0.02788239,0.092251,3.014119,169.353,357.8994,0.7284612,0.001633148,-0.6850782,0.1638859,-0.001525184,-0.1829526,3.041388,-0.1646235,-4.316969,-0.1773256,-0.09687071,2.030445,-0.9824798,-0.03660442,-0.1827386,-0.0263157,0.9979455,-0.05841437,0.1845014,-0.05258205,-0.9814246,moving,-15.058691857743103,-5.305002143166772,-4.991169680529688,-2.7314591014881575,0.575056,-0.18519924000000001,-1.9403430000000004,-0.25877020189884614,-0.08930832071214748,0.9618015099071879,-14.608581070562156,-4.697576799340235,10.326541544129203,10.391252406522343,9.816324192228647
3288,05/05/2023 15:32:41.497000,3471,True,True,True,True,Eyes,2.414569,0.009283192,-2.290616,0.4282236,-0.1296398,-0.8943254,0.0,0.0,0.0,0.0,0.0,0.0,0.0,2.030114,-0.09973568,-2.766321,2.468847,0.02174294,-2.384986,-0.0155731,0.9958309,-0.02867823,0.08518151,3.122116,170.1657,357.9395,0.7281995,0.001735588,-0.6853557,0.1540527,-0.001433673,-0.1719754,3.020783,-0.174196,-4.330572,-0.1805468,-0.09482384,2.030189,-0.9850033,-0.03590206,-0.1687595,-0.02613064,0.9978701,-0.05977041,0.170546,-0.05446425,-0.9838434,moving,-15.499915122080234,-5.1843274510355934,-5.0820034626727,-2.6741649318041785,0.5519360000000004,-0.19593893999999998,-1.945586,-0.2662213319849914,-0.08709923373002455,0.9599686329802342,-15.05355466600231,-4.587956647006573,10.652482601042633,10.716053341420695,10.153542836360197
3289,05/05/2023 15:32:41.506552,3472,True,True,True,True,Eyes,2.416891,0.009712651,-2.295387,0.4221066,-0.1293033,-0.8972775,0.0,0.0,0.0,0.0,0.0,0.0,0.0,2.071141,-0.09782613,-2.744881,2.471087,0.02180544,-2.393077,-0.01511865,0.9964488,-0.02810904,0.07791711,3.076109,171.0045,358.0195,0.7279276,0.001840952,-0.6856439,0.1448096,-0.001347652,-0.1616569,2.998537,-0.1747575,-4.345553,-0.1838267,-0.09273916,2.029929,-0.9874008,-0.03451027,-0.1544309,-0.02574957,0.9979626,-0.05837444,0.1561308,-0.05366244,-0.9862776,moving,-15.950897745546447,-5.2215686812122,-5.174488042821404,-2.615791123274292,0.52745,-0.19656294000000002,-1.9524759999999999,-0.2737587035217384,-0.08753084974093323,0.9578072664948976,-15.508551185244638,-4.632346159103695,11.019872073723418,11.086978071703728,10.528976932452615
3290,05/05/2023 15:32:41.526566,3473,True,True,True,True,Eyes,2.419233,0.0101377,-2.300296,0.4157661,-0.1287749,-0.9003086,0.0,0.0,0.0,0.0,0.0,0.0,0.0,2.111014,-0.113146,-2.722383,2.473019,0.0217574,-2.400885,-0.01437173,0.9969148,-0.03064198,0.07081947,3.385819,171.8172,358.1059,0.7276444,0.001948247,-0.6859438,0.136121,-0.001266793,-0.1519575,2.974962,-0.1711958,-4.360727,-0.1869999,-0.09072203,2.029677,-0.9895563,-0.03299488,-0.1403212,-0.02431468,0.997709,-0.06313048,0.1420827,-0.0590593,-0.9880915,moving,-16.366816697853253,-4.886396842469595,-5.2639619648771205,-2.5592899266862204,0.5019430000000003,-0.19295320000000002,-1.9598419999999996,-0.2808425901757422,-0.08175218607614246,0.9562656637296625,-15.927756355032976,-4.313318043485066,11.284909316712476,11.344109035929499,10.807086815143126
3291,05/05/2023 15:32:41.546650,3474,True,True,True,True,Eyes,2.421537,0.01054377,-2.305339,0.4091391,-0.1282362,-0.9034162,0.0,0.0,0.0,0.0,0.0,0.0,0.0,2.151214,-0.1126065,-2.699866,2.474872,0.02198791,-2.409192,-0.01441057,0.9974001,-0.03073903,0.06356471,3.410322,172.6511,358.1254,0.7273492,0.002057103,-0.6862559,0.1279537,-0.001190786,-0.14284,2.951709,-0.1803258,-4.373858,-0.1901737,-0.08870472,2.029427,-0.9915038,-0.03265404,-0.125913,-0.02483837,0.9976948,-0.06315023,0.1276848,-0.05948622,-0.9900293,moving,-16.77855403697283,-4.854791542653322,-5.35344390583504,-2.502762179547573,0.4768370000000002,-0.20231371,-1.9646660000000002,-0.2877236999458454,-0.08105200951942829,0.9542776329790118,-16.343084506416893,-4.289934733673144,11.604442659373834,11.664698180130468,11.134010340761177
3292,05/05/2023 15:32:41.566839,3475,True,True,True,True,Eyes,2.423822,0.01092025,-2.31052,0.4024128,-0.1274965,-0.9065366,0.0,0.0,0.0,0.0,0.0,0.0,0.0,2.190537,-0.1080748,-2.677143,2.476404,0.02192951,-2.417473,-0.01446011,0.9978513,-0.03011899,0.05635992,3.352491,173.4804,358.1486,0.7270423,0.002166516,-0.6865814,0.1202765,-0.001119338,-0.1342696,2.927988,-0.1787804,-4.388287,-0.1935165,-0.08657987,2.029161,-0.9932288,-0.03225308,-0.1116066,-0.02546306,0.9977675,-0.06173849,0.1133487,-0.05847861,-0.9918327,moving,-17.180493698667483,-4.891509444849761,-5.447693306491223,-2.4432038960164095,0.451584,-0.20070991,-1.9708139999999998,-0.2944004090104084,-0.08149032706490301,0.9522015291024318,-16.7486055315027,-4.332932410990313,11.922126643693163,11.98552481550556,11.457822261569577
3293,05/05/2023 15:32:41.577075,3476,True,True,True,True,Eyes,2.426055,0.01127114,-2.31584,0.3954375,-0.1268041,-0.9096977,0.0,0.0,0.0,0.0,0.0,0.0,0.0,2.229368,-0.1060101,-2.654048,2.477759,0.02152098,-2.426014,-0.0146128,0.9982283,-0.03014212,0.04917533,3.367507,174.3052,358.1551,0.7267217,0.002275599,-0.6869211,0.1130599,-0.001052178,-0.1262134,2.903803,-0.1748085,-4.402652,-0.1966002,-0.08461972,2.028916,-0.9947364,-0.03213832,-0.09729548,-0.02620933,0.9977558,-0.0616146,0.09905732,-0.05874025,-0.9933464,moving,-17.56327280634066,-4.862086236758797,-5.534632113631893,-2.3882430687932104,0.4260440000000001,-0.19632948,-1.976638,-0.3007713656890031,-0.08083301023744315,0.9502644956041847,-17.134722857271708,-4.311153979197336,12.215994797948538,12.280394819955067,11.758388139112832
3294,05/05/2023 15:32:41.596806,3477,True,True,True,True,Eyes,2.428278,0.01159581,-2.321298,0.3884387,-0.125763,-0.9128521,0.0,0.0,0.0,0.0,0.0,0.0,0.0,2.26591,-0.1042681,-2.632012,2.478857,0.0212606,-2.434651,-0.01477348,0.9985379,-0.03019401,0.04233357,3.385222,175.0903,358.1595,0.7263854,0.002383841,-0.687277,0.1062763,-0.0009890475,-0.1186406,2.87965,-0.1736056,-4.416645,-0.1998252,-0.08257003,2.028658,-0.9959793,-0.0320602,-0.0836512,-0.02694732,0.9977401,-0.06155056,0.08543549,-0.05904891,-0.9945924,moving,-17.906421183651805,-4.806566082440442,-5.625554587512887,-2.3307547938826545,0.40079299999999973,-0.1948662,-1.9819939999999998,-0.30648370925119184,-0.07975962052699441,0.9485283607769043,-17.480831055229473,-4.263240394359697,12.463493149314623,12.527941805768052,12.011747613151291
3295,05/05/2023 15:32:41.616603,3478,True,True,True,True,Eyes,2.482178,0.0186252,-2.461161,0.2006975,-0.09843697,-0.9746952,0.0,0.0,0.0,0.0,0.0,0.0,0.0,2.3012,-0.09912432,-2.61055,2.47979,0.02083935,-2.443464,-0.01535769,0.9987957,-0.02999905,0.03565848,3.372692,175.8552,358.1161,0.7260339,0.002490191,-0.6876487,0.09989973,-0.0009297046,-0.1115222,2.856742,-0.1722156,-4.43012,-0.2032397,-0.08039971,2.028388,-0.9969855,-0.03281783,-0.07030965,-0.02853894,0.9977283,-0.06102112,0.07215251,-0.05883059,-0.9956574,moving,-7.380526466288717,-2.5697066539033275,-5.721805000392016,-2.269858554690664,0.3769520000000002,-0.19305495,-1.9866559999999995,-0.12833149866278845,-0.044464084409949305,0.9907340854743109,-6.859714152315202,-1.8948915007111924,1.6824221340252632,1.6856054651157093,1.1980974624798217
3296,05/05/2023 15:32:41.630017,3479,True,True,True,True,Eyes,2.482187,0.01859253,-2.461519,0.2005268,-0.0981666,-0.9747576,0.0,0.0,0.0,0.0,0.0,0.0,0.0,2.335462,-0.09364324,-2.589158,2.480444,0.02007631,-2.452322,-0.01610884,0.9989976,-0.02996578,0.02909228,3.378639,176.6064,358.0522,0.7242353,0.002803025,-0.6895421,0.2556065,0.02021425,-0.5244199,2.833892,-0.1700873,-4.443527,-0.2061454,-0.0785526,2.028159,-0.9977884,-0.03392893,-0.05716081,-0.03044184,0.9976851,-0.06080877,0.05909166,-0.0589342,-0.9965115,moving,-8.115914943454039,-2.5919112230997454,-5.80370549288006,-2.218013465855914,0.3534480000000002,-0.19016360999999998,-1.9912049999999994,-0.141034673489594,-0.04476994956146528,0.9889918756600113,-7.601604505801754,-1.9297480325677188,2.3379786074291,2.342245093109512,1.8208618345974614
3297,05/05/2023 15:32:41.636691,3480,True,True,True,True,Eyes,2.482204,0.01851758,-2.462218,0.1998837,-0.09800263,-0.9749061,0.0,0.0,0.0,0.0,0.0,0.0,0.0,2.368829,-0.09095373,-2.56781,2.480947,0.01923324,-2.461261,-0.01705253,0.9991267,-0.03069331,0.02264808,3.471992,177.3412,357.9638,0.7227105,0.003070183,-0.6911392,0.2402701,0.0190014,-0.4929547,2.811486,-0.1686765,-4.456534,-0.2093435,-0.07651967,2.027906,-0.9983926,-0.03546558,-0.04420982,-0.03268499,0.9975342,-0.06210543,0.04630341,-0.0605606,-0.99709,moving,-8.808525376472334,-2.537217778698426,-5.8938442304194645,-2.160936030598574,0.3305389999999999,-0.18790974,-1.9952730000000005,-0.1529862677413088,-0.04374721781126933,0.987259487493625,-8.30025356141842,-1.888924835649715,2.9341675550322908,2.938869533869979,2.4217340808801344
3298,05/05/2023 15:32:41.657045,3481,True,True,True,True,Eyes,2.482294,0.01841083,-2.463257,0.1985151,-0.09830938,-0.9751549,0.0,0.0,0.0,0.0,0.0,0.0,0.0,2.400582,-0.09146038,-2.54704,2.481277,0.01816545,-2.470121,-0.01777126,0.9991979,-0.03188914,0.01645943,3.620185,178.0462,357.9004,0.7214097,0.003297457,-0.6924961,0.2258539,0.01786131,-0.4633774,2.789559,-0.1702655,-4.46898,-0.2126341,-0.07442814,2.027643,-0.9988268,-0.03656376,-0.03175904,-0.03446425,0.9973345,-0.06431213,0.03402588,-0.06314211,-0.9974246,moving,-9.431213782430916,-2.4502309139153553,-5.986590863850032,-2.1021967754651554,0.30828200000000017,-0.18843094999999999,-1.9988590000000004,-0.1637176133454191,-0.042174728207881235,0.9856053436843144,-8.92832843398991,-1.8153853902503494,3.457394841051042,3.4621604256214735,2.9556861643722097
3299,05/05/2023 15:32:41.676951,3482,True,True,True,True,Eyes,2.482375,0.01828058,-2.464623,0.1967762,-0.09869748,-0.975468,0.0,0.0,0.0,0.0,0.0,0.0,0.0,2.430761,-0.09379452,-2.527425,2.481538,0.01718412,-2.479303,-0.01830359,0.9992239,-0.03324798,0.01053957,3.787634,178.7206,357.8589,0.7202594,0.003494169,-0.6936919,0.2123026,0.01678963,-0.4355748,2.768226,-0.174235,-4.480787,-0.2157202,-0.07246688,2.0274,-0.9991078,-0.0372796,-0.01984567,-0.03587792,0.9971191,-0.06683018,0.0222799,-0.06605853,-0.997567,moving,-10.003213811631348,-2.3442323006603494,-6.073555989775056,-2.0470945510666456,0.28668799999999983,-0.19141912,-2.0014840000000005,-0.17356241801651043,-0.040282362946424746,0.9839986294484891,-9.505247111394308,-1.7224139819174864,3.9363091265195123,3.940875719825473,3.4470163077919165
3300,05/05/2023 15:32:41.697809,3483,True,True,True,True,Eyes,2.482422,0.01812093,-2.466312,0.1947068,-0.09924733,-0.9758274,0.0,0.0,0.0,0.0,0.0,0.0,0.0,2.458579,-0.09353695,-2.509472,2.481523,0.01650883,-2.488489,-0.01925762,0.9992089,-0.0344344,0.005011092,3.934804,179.3487,357.7694,0.7192041,0.003667337,-0.6947853,0.1995645,0.01578226,-0.4094403,2.747869,-0.1788536,-4.492471,-0.2188336,-0.07048808,2.027154,-0.9992083,-0.03882989,-0.008688007,-0.03813966,0.9968868,-0.06900731,0.01134051,-0.0686213,-0.9975785,moving,-10.507240435137835,-2.2746487456021187,-6.161285645113675,-1.991483117532215,0.26634599999999997,-0.19536243,-2.003982,-0.18222085024991277,-0.03902518044040484,0.9824828151651924,-10.013634666595669,-1.663693886474514,4.350579228542359,4.355170009294031,3.8662693599011795
3301,05/05/2023 15:32:41.706527,3484,True,True,True,True,Eyes,2.482455,0.01793008,-2.468324,0.1923192,-0.09980038,-0.9762444,0.0,0.0,0.0,0.0,0.0,0.0,0.0,2.485696,-0.09279799,-2.491977,2.481446,0.01566685,-2.497885,-0.02008228,0.9991701,-0.03543558,-0.0004145295,4.061604,179.9658,357.6959,0.7182297,0.00381847,-0.6957921,0.1875906,0.01483532,-0.3848739,2.729055,-0.1821449,-4.503822,-0.2221132,-0.0684033,2.026892,-0.9991932,-0.04010184,0.002251625,-0.0401606,0.996682,-0.07079569,0.0005948835,-0.070829,-0.9974884,moving,-10.981856324659729,-2.2229620651971844,-6.253698933105486,-1.9328772914337162,0.24760899999999975,-0.19781175,-2.0059370000000003,-0.19035996703226277,-0.038079004187534383,0.9809755305101677,-10.492372582812385,-1.6218791211929529,4.73231801062694,4.737047761557658,4.25006754894704
3302,05/05/2023 15:32:41.726608,3485,True,True,True,True,Eyes,2.482473,0.01769891,-2.470642,0.189544,-0.1004012,-0.9767255,0.0,0.0,0.0,0.0,0.0,0.0,0.0,2.511142,-0.09080026,-2.476086,2.481253,0.01473222,-2.507636,-0.02035618,0.999142,-0.0356418,-0.005561028,4.097208,180.555,357.6855,0.7173237,0.003948804,-0.6967257,0.1763352,0.0139452,-0.3617814,2.710381,-0.1850384,-4.515244,-0.2252441,-0.06641318,2.026644,-0.9991097,-0.04028101,0.01256357,-0.04107383,0.9966305,-0.07099603,-0.009661449,-0.07144884,-0.9973978,moving,-11.405341891957665,-2.2511047125772725,-6.341907357482468,-1.8769126171820047,0.22912799999999978,-0.19977061999999998,-2.007608,-0.1976020909750498,-0.0385045897541965,0.9795258248039401,-10.919619633475321,-1.6569106965231541,5.071722449015263,5.0772422641796755,4.582995802624006
3303,05/05/2023 15:32:41.736895,3486,True,True,True,True,Eyes,2.482461,0.01742873,-2.473261,0.1865236,-0.1009984,-0.9772452,0.0,0.0,0.0,0.0,0.0,0.0,0.0,2.533815,-0.08866295,-2.462228,2.480695,0.01349105,-2.517265,-0.02061038,0.9990927,-0.03583791,-0.01023532,4.130747,181.0901,357.6757,0.7164747,0.004059284,-0.6975985,0.1657551,0.01310849,-0.3400746,2.692657,-0.1849429,-4.527051,-0.2285448,-0.06431518,2.026384,-0.9989411,-0.04044974,0.02192933,-0.04191699,0.9965817,-0.07118888,-0.0189748,-0.07203269,-0.9972218,moving,-11.760743717308753,-2.2772797189619727,-6.434885761194517,-1.8178942162382656,0.2119620000000002,-0.19843395,-2.009786,-0.20367102755394256,-0.03890268134876354,0.9782661217693054,-11.278181084515037,-1.6888010094899113,5.339328422426543,5.345633546065239,4.8450154432083075
3304,05/05/2023 15:32:41.757044,3487,True,True,True,True,Eyes,2.482455,0.01712883,-2.476177,0.1833285,-0.1014006,-0.9778081,0.0,0.0,0.0,0.0,0.0,0.0,0.0,2.55586,-0.08555781,-2.44892,2.480022,0.01228801,-2.527109,-0.02105162,0.9990197,-0.03601496,-0.0148115,4.162356,181.6132,357.6443,0.7156729,0.004150665,-0.6984205,0.1558098,0.01232198,-0.3196701,2.676235,-0.1852375,-4.538415,-0.2316173,-0.06236228,2.02614,-0.9986752,-0.0409951,0.03111032,-0.04312885,0.9965195,-0.0713357,-0.02807762,-0.07258294,-0.9969673,moving,-12.09361456485931,-2.2976121364490627,-6.521433103039448,-1.7629422328809914,0.1962130000000002,-0.19752551,-2.011306,-0.2093485542430192,-0.039201797740047714,0.9770550152926529,-11.614006545913602,-1.714594533825304,5.590738236169011,5.5977743924912176,5.092802938566453
3305,05/05/2023 15:32:41.777027,3488,True,True,True,True,Eyes,2.482409,0.01678942,-2.479386,0.179929,-0.1017413,-0.9784039,0.0,0.0,0.0,0.0,0.0,0.0,0.0,2.576886,-0.08072546,-2.436426,2.479185,0.0111877,-2.537034,-0.02167295,0.9989319,-0.03599978,-0.01922291,4.172292,182.1171,357.5913,0.7149089,0.004224123,-0.6992023,0.1464612,0.01158266,-0.3004899,2.660255,-0.1852436,-4.549851,-0.2348245,-0.06032358,2.025885,-0.9983218,-0.04191557,0.0399652,-0.04468365,0.9964686,-0.07108943,-0.03684431,-0.0727559,-0.9966693,moving,-12.394126235969493,-2.3393196350096868,-6.6117660536089256,-1.7055586050206466,0.18106999999999962,-0.1964313,-2.0128170000000005,-0.21446455101195377,-0.03986773521857254,0.975917746918091,-11.917211869562342,-1.7606286632612291,5.808950928126335,5.816987392257413,5.305731619421796
3306,05/05/2023 15:32:41.797060,3489,True,True,True,True,Eyes,2.482364,0.01642185,-2.482879,0.1763767,-0.1020365,-0.9790198,0.0,0.0,0.0,0.0,0.0,0.0,0.0,2.59692,-0.07332553,-2.4251,2.478284,0.009887938,-2.547249,-0.0221487,0.9988541,-0.03535031,-0.02346085,4.109272,182.6032,357.5529,0.7141744,0.00428026,-0.6999523,0.1376735,0.0108877,-0.2824605,2.644767,-0.1843064,-4.561286,-0.2380094,-0.05829951,2.025633,-0.9979184,-0.04258795,0.04843386,-0.04590535,0.9965196,-0.06958035,-0.045302,-0.07165886,-0.9964002,moving,-12.666278397753368,-2.4469683669655855,-6.701456722039747,-1.648568138352774,0.16648299999999994,-0.19419433800000002,-2.014037,-0.21908166886911856,-0.04165747021236003,0.9748168207249036,-12.19188207344652,-1.870389546820626,6.0081146198922175,6.0180179916740055,5.494904482939156
3307,05/05/2023 15:32:41.806486,3490,True,True,True,True,Eyes,2.482271,0.01601736,-2.486658,0.1726696,-0.1022349,-0.9796597,0.0,0.0,0.0,0.0,0.0,0.0,0.0,2.614637,-0.07173785,-2.415628,2.477142,0.0087681,-2.557424,-0.02227567,0.9987513,-0.03545386,-0.02725289,4.130784,183.0379,357.5542,0.713463,0.004319973,-0.7006775,0.1294131,0.01023444,-0.2655129,2.63006,-0.1808774,-4.573108,-0.2414556,-0.05610874,2.025361,-0.9975225,-0.04256327,0.05601725,-0.04642816,0.9964936,-0.06960504,-0.05285821,-0.07203334,-0.9960009,moving,-12.883071792373329,-2.451798439639637,-6.798491634255658,-1.58686375660336,0.15291799999999967,-0.1896455,-2.0156840000000003,-0.22276812414379665,-0.04170392323017764,0.9739789725650781,-12.41059029906701,-1.8789937843039137,6.135180230550563,6.145748750679474,5.619696733513446
3308,05/05/2023 15:32:41.826989,3491,True,True,True,True,Eyes,2.482123,0.01556242,-2.490704,0.1688384,-0.1023709,-0.9803131,0.0,0.0,0.0,0.0,0.0,0.0,0.0,2.630885,-0.06373713,-2.407434,2.475308,0.0073224,-2.567909,-0.02230777,0.9986871,-0.03421843,-0.03090999,3.998255,183.4604,357.5616,0.7127672,0.004343868,-0.7013854,0.1216483,0.009620372,-0.2495821,2.616488,-0.1806978,-4.584368,-0.2444814,-0.0541856,2.025121,-0.9970939,-0.04244158,0.06326548,-0.04667235,0.996663,-0.06696795,-0.06021213,-0.06972608,-0.9957473,moving,-13.076079200790364,-2.6041640767142638,-6.883682492958667,-1.5326815647022851,0.14117999999999986,-0.1880202,-2.0164590000000002,-0.2260229463263954,-0.04425980638271236,0.9731159631749343,-12.605468979073228,-2.030892327418478,6.271128790767132,6.284413398298391,5.743435779807193
3309,05/05/2023 15:32:41.836834,3492,True,True,True,True,Eyes,2.481874,0.01505839,-2.495003,0.1648715,-0.1025376,-0.9809707,0.0,0.0,0.0,0.0,0.0,0.0,0.0,2.647411,-0.05888313,-2.398957,2.473755,0.005644021,-2.578322,-0.02230215,0.998588,-0.0336282,-0.0345513,3.939471,183.8799,357.5746,0.7120815,0.004352069,-0.7020815,0.1143494,0.00904315,-0.2346072,2.603153,-0.1750688,-4.59635,-0.2480633,-0.05190882,2.024834,-0.9966179,-0.04221753,0.07050499,-0.04686512,0.9967435,-0.06562031,-0.06750506,-0.06870258,-0.995351,moving,-13.260952860583805,-2.682663693777149,-6.984526664776932,-1.4685179204480743,0.12939799999999968,-0.180712821,-2.018028,-0.22914828943213908,-0.04555882227060465,0.972324812163168,-12.792059194999371,-2.110687839816953,6.377562659073874,6.392783098956478,5.842928742927992
3310,05/05/2023 15:32:41.857257,3493,True,True,True,True,Eyes,2.481562,0.0145207,-2.499562,0.1607917,-0.102578,-0.9816434,0.0,0.0,0.0,0.0,0.0,0.0,0.0,2.664239,-0.05712739,-2.38966,2.471835,0.004103377,-2.588808,-0.02271147,0.9984269,-0.03406438,-0.03830724,4.000296,184.3087,357.5443,0.7113994,0.004344768,-0.7027727,0.1074884,0.00850056,-0.2205307,2.589573,-0.1727391,-4.607922,-0.2509923,-0.05004713,2.024601,-0.9960334,-0.04274167,0.07804126,-0.04796132,0.9966476,-0.06628156,-0.07494664,-0.06976163,-0.9947443,moving,-13.45093874194296,-2.64480793164342,-7.06697233622513,-1.4160348020936238,0.11773800000000012,-0.176842477,-2.019114,-0.23237826001892103,-0.04488103935334837,0.971589428829684,-12.983675792167109,-2.0772274464634566,6.4858728053031545,6.501146858304112,5.953533026575441
3311,05/05/2023 15:32:41.876997,3494,True,True,True,True,Eyes,2.481183,0.01395448,-2.504373,0.1565709,-0.1026076,-0.9823224,0.0,0.0,0.0,0.0,0.0,0.0,0.0,2.681471,-0.05100393,-2.380141,2.469893,0.00273735,-2.599535,-0.02319398,0.9982738,-0.03366965,-0.0421647,3.966833,184.7507,357.5027,0.7107165,0.004322566,-0.7034636,0.1010391,0.007990527,-0.2072989,2.575686,-0.1740478,-4.619174,-0.2542774,-0.0479589,2.02434,-0.9953684,-0.04346855,0.0857457,-0.04914723,0.9966568,-0.06526712,-0.08262196,-0.06917899,-0.994177,moving,-13.642524592701358,-2.703895172293758,-7.159427953642297,-1.3571478307286708,0.10579300000000025,-0.17678515,-2.019639,-0.23561543124660778,-0.04584623086151857,0.9707644181368605,-13.177015483110033,-2.1382330678782955,6.6045084214537795,6.621500617940885,6.068068376551033
3312,05/05/2023 15:32:41.886523,3495,True,True,True,True,Eyes,2.480728,0.01336794,-2.509431,0.1522485,-0.1025641,-0.9830061,0.0,0.0,0.0,0.0,0.0,0.0,0.0,2.698729,-0.04643979,-2.370529,2.46794,0.00148249,-2.610357,-0.02358223,0.9981011,-0.03347065,-0.04601977,3.955672,185.1925,357.4725,0.710029,0.004286189,-0.7041578,0.09497678,0.007511095,-0.194861,2.560941,-0.1720487,-4.630901,-0.2572097,-0.04609506,2.024107,-0.9946525,-0.04399428,0.0934434,-0.05015553,0.9966472,-0.06464368,-0.09028615,-0.06898468,-0.9935241,moving,-13.829530347536647,-2.733511154637991,-7.241942995920045,-1.304573313906279,0.09300100000000011,-0.17353119,-2.0205439999999997,-0.23877748062470616,-0.0463111874901696,0.9699693715051204,-13.365701592527,-2.1704468255212905,6.722565488332038,6.740784113725498,6.184671073519924
3313,05/05/2023 15:32:41.907020,3496,True,True,True,True,Eyes,2.480199,0.01278931,-2.514735,0.1477937,-0.1024783,-0.9836947,0.0,0.0,0.0,0.0,0.0,0.0,0.0,2.715443,-0.03737706,-2.361359,2.465725,0.0003931932,-2.621306,-0.02410376,0.9979386,-0.03247123,-0.04983137,3.853802,185.6306,357.4223,0.7093322,0.004236481,-0.70486,0.08927817,0.00706043,-0.1831693,2.546568,-0.1705001,-4.642598,-0.2605402,-0.04397807,2.023845,-0.9938717,-0.04487198,0.1010227,-0.05134432,0.9967293,-0.06240635,-0.09789195,-0.06721084,-0.9929249,moving,-14.001535440108027,-2.855620961480974,-7.335640329300668,-1.244839062288842,0.08084300000000022,-0.1708932932,-2.0212919999999994,-0.24166501962992035,-0.04834269880923832,0.9691548092527733,-13.539358950668046,-2.2924938601076104,6.836464638590434,6.857752981483838,6.291558257577612
3314,05/05/2023 15:32:41.926919,3497,True,True,True,True,Eyes,2.479603,0.01223638,-2.520293,0.1432317,-0.1022985,-0.984388,0.0,0.0,0.0,0.0,0.0,0.0,0.0,2.732499,-0.02956407,-2.351862,2.463474,-1.093186e-05,-2.632485,-0.02488936,0.9977379,-0.03186628,-0.05370427,3.7993,186.0739,357.3437,0.7086217,0.004174938,-0.7055746,0.08392148,0.006636804,-0.1721791,2.531783,-0.1656755,-4.654598,-0.2636097,-0.04202692,2.023601,-0.9929929,-0.04624341,0.1087518,-0.05308883,0.9967301,-0.06091505,-0.1055793,-0.06626171,-0.9922008,moving,-14.173136287593358,-2.93237541403598,-7.421990666332431,-1.1897696362754593,0.06830899999999973,-0.16566456814,-2.022113,-0.24455140716344886,-0.049603944470052834,0.96836671539171,-13.712557491755001,-2.370350606211842,6.948786517882474,6.972420103246429,6.400390801481025
3315,05/05/2023 15:32:41.946941,3498,True,True,True,True,Eyes,2.478931,0.01165238,-2.526099,0.1384897,-0.101795,-0.9851185,0.0,0.0,0.0,0.0,0.0,0.0,0.0,2.750721,-0.01517841,-2.34125,2.461095,6.138347e-06,-2.644081,-0.02581445,0.9975384,-0.03002309,-0.05787405,3.605501,186.554,357.2418,0.7078958,0.004103591,-0.7063035,0.07888619,0.006238596,-0.1618484,2.516907,-0.1616103,-4.666629,-0.2668026,-0.03999762,2.023346,-0.9919683,-0.04802669,0.1170132,-0.05497693,0.9968645,-0.0569104,-0.1139131,-0.06288634,-0.9914984,moving,-14.36566891459055,-3.1375124225090936,-7.511802945538658,-1.1324787620877022,0.05581199999999997,-0.161616438347,-2.0225480000000005,-0.2477604282180229,-0.05302607241106922,0.9673691559726401,-13.90701656118568,-2.573647957972687,7.112194386626668,7.1411230700185,6.555587375737191
3316,05/05/2023 15:32:41.957140,3499,True,True,True,True,Eyes,2.478242,0.0110591,-2.532124,0.1336766,-0.1013705,-0.9858268,0.0,0.0,0.0,0.0,0.0,0.0,0.0,2.770008,0.01143147,-2.32922,2.458711,-0.001406142,-2.655762,-0.02646564,0.9973709,-0.02575384,-0.06235076,3.134069,187.0765,357.1538,0.7071507,0.004022489,-0.7070502,0.07415301,0.00586428,-0.1521375,2.500655,-0.152028,-4.679415,-0.2701019,-0.03790065,2.023085,-0.990824,-0.04958058,0.1257369,-0.05600366,0.9972726,-0.04807195,-0.1230105,-0.05467256,-0.9908984,moving,-14.58705191487239,-3.624647803168519,-7.604583622170644,-1.0732585595061415,0.04194399999999998,-0.150621858,-2.0236529999999995,-0.251378718218443,-0.06118978170337697,0.9659526085155502,-14.130897268573634,-3.052173516046554,7.392179417422745,7.434006358032075,6.819741506570849
3317,05/05/2023 15:32:41.977090,3500,True,True,True,True,Eyes,2.477473,0.01052154,-2.538375,0.1287138,-0.1009683,-0.9865283,0.0,0.0,0.0,0.0,0.0,0.0,0.0,2.788725,0.0142882,-2.316889,2.456303,-0.002312749,-2.666782,-0.02691377,0.9970799,-0.02592928,-0.06659696,3.169607,187.5627,357.1172,0.7063855,0.003932425,-0.7078153,0.06970383,0.005512423,-0.1430092,2.482632,-0.1342549,-4.692818,-0.2732476,-0.03590081,2.022836,-0.9896814,-0.05021673,0.1342007,-0.05712398,0.9972066,-0.04812237,-0.1314093,-0.05529187,-0.9897854,moving,-14.784044205370819,-3.5908137911590274,-7.6930303764776715,-1.016765059171666,0.026329000000000047,-0.131942151,-2.026036,-0.25470806040555793,-0.060564823526993015,0.9651194914267367,-14.32958650683063,-3.022756929123176,7.501475411460624,7.543752646806468,6.933100363736053
3318,05/05/2023 15:32:41.996722,3501,True,True,True,True,Eyes,2.476629,0.01003475,-2.544855,0.1236132,-0.100276,-0.987251,0.0,0.0,0.0,0.0,0.0,0.0,0.0,2.807723,0.01735127,-2.304546,2.453689,-0.001517095,-2.678423,-0.02752652,0.9967656,-0.02589729,-0.07092336,3.183364,188.0582,357.0605,0.7055979,0.003835881,-0.708601,0.06552161,0.005181678,-0.1344287,2.466085,-0.1340075,-4.704179,-0.276488,-0.03384136,2.022581,-0.9884244,-0.05120153,0.1428136,-0.05854842,0.9971433,-0.04772251,-0.1399622,-0.0555316,-0.9885985,moving,-14.981574096448263,-3.5672444636490788,-7.784118295896296,-0.9585703574041508,0.012396000000000296,-0.132490405,-2.025756,-0.2580409126235134,-0.060112805347586395,0.9642620880429282,-14.528829625348711,-3.0033493758912906,7.612594861205671,7.655622155872893,7.047854436074073
3319,05/05/2023 15:32:42.016632,3502,True,True,True,True,Eyes,2.47571,0.009576017,-2.551534,0.1183687,-0.09953416,-0.9879686,0.0,0.0,0.0,0.0,0.0,0.0,0.0,2.827024,0.03964879,-2.291564,2.450971,-0.0008921819,-2.690285,-0.02749235,0.9965416,-0.02137398,-0.07544718,2.679471,188.5899,357.0407,0.7047857,0.003734928,-0.7094094,0.06159031,0.004870777,-0.126363,2.449011,-0.1311739,-4.716122,-0.2797495,-0.03176841,2.022321,-0.9871041,-0.05156933,0.1515478,-0.05801975,0.9975747,-0.03845168,-0.1491973,-0.04674856,-0.9877021,moving,-15.191337458160918,-4.050044151764351,-7.875795398860841,-0.8999788432755774,-0.0019599999999999618,-0.1302817181,-2.0258370000000006,-0.26143368330552286,-0.06817142862385506,0.9628111124645613,-14.740983478302134,-3.477442331280061,7.906700023652929,7.964927310976094,7.333084303217785
3320,05/05/2023 15:32:42.026553,3503,True,True,True,True,Eyes,2.452685,-0.0004558973,-2.723785,-0.01440737,-0.07955161,-0.9967266,0.0,0.0,0.0,0.0,0.0,0.0,0.0,2.845759,0.04410639,-2.278834,2.448307,-0.0006924523,-2.701697,-0.02720862,0.9962383,-0.02023752,-0.07974569,2.559814,189.0878,357.0746,0.7039477,0.003630829,-0.7102414,0.05789489,0.00457853,-0.1187812,2.43029,-0.1105061,-4.729218,-0.2829287,-0.02974772,2.022069,-0.9858007,-0.05098483,0.1599927,-0.05744024,0.9977003,-0.03598324,-0.1577902,-0.04466233,-0.9864622,moving,-8.125336930270347,-2.4706489943104457,-7.965137181677116,-0.8428475290522225,-0.01801699999999995,-0.1098136477,-2.0275210000000006,-0.14121025282210276,-0.04267564222275945,0.9890593511869051,-7.610973091587251,-1.8117896192666798,1.6190975066041355,1.6356654822261651,1.0316399453774285
3321,05/05/2023 15:32:42.046670,3504,True,True,True,True,Eyes,2.452567,-0.0003987049,-2.724241,-0.01475143,-0.07946879,-0.9967282,0.0,0.0,0.0,0.0,0.0,0.0,0.0,2.864007,0.04282547,-2.266656,2.445507,0.000135161,-2.713224,-0.02648129,0.9959267,-0.01964246,-0.08392268,2.497147,189.5716,357.1629,0.6997585,0.003190277,-0.7143714,-0.01465176,-0.02579192,-0.6284073,2.413017,-0.1039995,-4.74093,-0.2862067,-0.02766418,2.021808,-0.9845117,-0.04944994,0.168202,-0.05604373,0.9978258,-0.03468014,-0.1661214,-0.04356966,-0.9851426,moving,-8.58885247256016,-2.544744672050297,-8.057242531882373,-0.7839230287364984,-0.03249000000000013,-0.10413466099999999,-2.027706,-0.1491989727699659,-0.043902616694627805,0.9878320832601561,-8.078654363347267,-1.8923063760671512,1.8193833106981327,1.839321067293512,1.1085901457105702
3322,05/05/2023 15:32:42.057100,3505,True,True,True,True,Eyes,2.452316,-0.000293769,-2.725131,-0.01530318,-0.07940844,-0.9967247,0.0,0.0,0.0,0.0,0.0,0.0,0.0,2.882252,0.04276974,-2.253996,2.442641,0.001559752,-2.724556,-0.0255103,0.9956124,-0.01841993,-0.0881248,2.359787,190.0603,357.2722,0.6962349,0.002818087,-0.7178076,-0.01377266,-0.02424441,-0.5907028,2.396225,-0.0990767,-4.752553,-0.2895953,-0.02551004,2.021539,-0.9831666,-0.04755023,0.1764161,-0.05404324,0.9980199,-0.03218205,-0.1745365,-0.0411744,-0.9837897,moving,-9.04358179534283,-2.689859010976799,-8.152433249992594,-0.7229838508735277,-0.046416000000000235,-0.100636452,-2.0279969999999996,-0.1570167863347265,-0.0463475346604413,0.986507805388001,-8.53755190670787,-2.0418480984697007,2.135428140247162,2.1593387009246854,1.3739429694632883
3323,05/05/2023 15:32:42.076689,3506,True,True,True,True,Eyes,2.451961,-0.0001520927,-2.726417,-0.01614101,-0.07936803,-0.9967147,0.0,0.0,0.0,0.0,0.0,0.0,0.0,2.900446,0.04140293,-2.241305,2.439771,0.002848443,-2.73592,-0.02479074,0.9952634,-0.01775008,-0.09231015,2.287218,190.5452,357.3574,0.6932583,0.002504489,-0.720684,-0.0129463,-0.02278974,-0.5552607,2.378654,-0.09141007,-4.763934,-0.2924491,-0.02369636,2.021314,-0.9817285,-0.0460696,0.1846259,-0.05262365,0.9981408,-0.03075514,-0.1828658,-0.03990889,-0.9823275,moving,-9.480063708512214,-2.772830150194738,-8.23257897664754,-0.6716617134302912,-0.061116999999999866,-0.094258513,-2.0280139999999998,-0.16451679937876373,-0.04771696785125617,0.9852194290041386,-8.977971434128184,-2.1305247079762606,2.416760739157642,2.4435889498626047,1.638258573157689
3324,05/05/2023 15:32:42.096957,3507,True,True,True,True,Eyes,2.451472,2.713394e-05,-2.728061,-0.0170105,-0.07968622,-0.9966748,0.0,0.0,0.0,0.0,0.0,0.0,0.0,2.917,0.03627656,-2.230024,2.437016,0.003887361,-2.746662,-0.02402857,0.9949207,-0.01782098,-0.09611318,2.297022,190.9847,357.4539,0.690729,0.002241098,-0.7231093,-0.01216952,-0.02142236,-0.521945,2.36156,-0.08582251,-4.775177,-0.2956325,-0.02167267,2.02106,-0.9803696,-0.04438739,0.1921064,-0.05123871,0.9982101,-0.030842,-0.1903936,-0.04007985,-0.9808893,moving,-9.872198147941695,-2.788613686506075,-8.321976146488796,-0.6143830108920614,-0.07545599999999997,-0.08970987100000001,-2.028515,-0.1712539935836263,-0.04793254558414254,0.984060185394502,-9.373577332792474,-2.152952780583665,2.6416255259235975,2.670293482853449,1.8636153013012575
3325,05/05/2023 15:32:42.106815,3508,True,True,True,True,Eyes,2.450895,0.0002391365,-2.730047,-0.01808324,-0.08004545,-0.9966272,0.0,0.0,0.0,0.0,0.0,0.0,0.0,2.931074,0.02520608,-2.2216,2.434292,0.005086443,-2.757088,-0.02355687,0.9945871,-0.01933495,-0.09933683,2.472548,191.354,357.5322,0.6885242,0.002017785,-0.7252098,-0.01143935,-0.02013702,-0.4906283,2.34645,-0.08329626,-4.78568,-0.2990515,-0.01949973,2.020788,-0.9791544,-0.04301737,0.1985092,-0.05070006,0.9981425,-0.03378045,-0.1966873,-0.04314071,-0.9795167,moving,-10.187597825934272,-2.638701802236324,-8.417965799848963,-0.5528623266027564,-0.0878420000000002,-0.08838270299999999,-2.028592,-0.17669002392031996,-0.045313424624172684,0.9832229566127445,-9.691586272673524,-2.012588226240962,2.7078467781054076,2.7353836706864563,1.9372425792534158
3326,05/05/2023 15:32:42.127275,3509,True,True,True,True,Eyes,2.450215,0.0004729868,-2.73234,-0.01917555,-0.08058742,-0.9965631,0.0,0.0,0.0,0.0,0.0,0.0,0.0,2.943855,0.01849277,-2.214478,2.431655,0.006105391,-2.767228,-0.02299123,0.9942902,-0.01989919,-0.1022863,2.537572,191.6942,357.6107,0.6864997,0.001822575,-0.7271272,-0.01075299,-0.0189288,-0.4611906,2.333552,-0.08662723,-4.79562,-0.3020818,-0.01757326,2.020547,-0.978018,-0.04164909,0.2043196,-0.04979075,0.9981508,-0.03486776,-0.2024895,-0.04427452,-0.9782832,moving,-10.46814176240464,-2.6073614902331053,-8.503024078948524,-0.49830478771699016,-0.09810300000000005,-0.092732621,-2.0283920000000006,-0.18150688473533677,-0.044735712850350016,0.9823716267539047,-9.974565839147033,-1.9871035522190992,2.85453488060906,2.8826737040914083,2.0933124260824356
3327,05/05/2023 15:32:42.146966,3510,True,True,True,True,Eyes,2.449455,0.0007484381,-2.734926,-0.02041748,-0.08113338,-0.9964941,0.0,0.0,0.0,0.0,0.0,0.0,0.0,2.955279,0.01057339,-2.208785,2.429109,0.006935177,-2.77703,-0.02229719,0.9940176,-0.02058899,-0.1049184,2.614191,191.9981,357.7047,0.6846325,0.00165325,-0.7288859,-0.01010781,-0.01779307,-0.4335192,2.321944,-0.08611483,-4.805485,-0.305316,-0.01551765,2.020291,-0.9769899,-0.04000728,0.2094996,-0.04864794,0.9981578,-0.03625288,-0.2076632,-0.04561042,-0.9771366,moving,-10.704882473115298,-2.5585482151585377,-8.59378131250966,-0.4400744096539584,-0.10716500000000018,-0.093050007,-2.028455,-0.18557155760886568,-0.04386488319413694,0.9816511901910827,-10.213336732812028,-1.943809755327682,2.962316957465606,2.990765683720395,2.210018042745183
3328,05/05/2023 15:32:42.157199,3511,True,True,True,True,Eyes,2.448582,0.001080869,-2.737798,-0.02157073,-0.08148061,-0.9964415,0.0,0.0,0.0,0.0,0.0,0.0,0.0,2.965475,0.006265916,-2.204332,2.426478,0.008219318,-2.786628,-0.02195182,0.9937647,-0.02083131,-0.1073126,2.64309,192.2747,357.7534,0.6829026,0.001508348,-0.7305073,-0.00950134,-0.01672548,-0.407508,2.311824,-0.08622417,-4.815049,-0.3086505,-0.01339802,2.020027,-0.9760042,-0.03915895,0.2142016,-0.0481008,0.9981684,-0.03669142,-0.2123725,-0.04611425,-0.9761001,moving,-10.916406731892915,-2.552644045176707,-8.687331985288855,-0.3800141005471398,-0.11465399999999981,-0.094443488,-2.0284210000000003,-0.18919544053854565,-0.043732939147556084,0.9809651188670759,-10.426717341996671,-1.9418624417317014,3.0831173365442006,3.1127311323416653,2.337697940280254
3329,05/05/2023 15:32:42.176925,3512,True,True,True,True,Eyes,2.447634,0.001447317,-2.740955,-0.02289217,-0.08146247,-0.9964134,0.0,0.0,0.0,0.0,0.0,0.0,0.0,2.975315,0.01521929,-2.200764,2.423866,0.009940821,-2.796581,-0.02180712,0.9935566,-0.01855838,-0.1096603,2.387653,192.5497,357.7479,0.6812914,0.001386987,-0.7320104,-0.00893126,-0.01572195,-0.3830576,2.302332,-0.08413369,-4.824492,-0.3117308,-0.01144025,2.019783,-0.9749982,-0.03926299,0.2187168,-0.04740346,0.9983601,-0.03209484,-0.217098,-0.04166034,-0.9752605,moving,-11.106810436387155,-2.819116708374568,-8.773731786822372,-0.32452547230298423,-0.12153400000000003,-0.094074511,-2.027911,-0.19241409346504845,-0.048263971813327845,0.9801261423032219,-10.619097723322303,-2.2048717679908267,3.3793155542609816,3.4155880050351772,2.6345924981486717
3330,05/05/2023 15:32:42.196740,3513,True,True,True,True,Eyes,2.446595,0.0018129,-2.744371,-0.02429645,-0.08124703,-0.9963978,0.0,0.0,0.0,0.0,0.0,0.0,0.0,2.985631,0.03603482,-2.196238,2.421145,0.01103965,-2.806542,-0.02166841,0.9933506,-0.01407114,-0.1121924,1.880625,192.8502,357.7126,0.6797822,0.001287694,-0.7334125,-0.008395384,-0.01477864,-0.3600741,2.292914,-0.07123277,-4.834723,-0.3149109,-0.009419031,2.019531,-0.973887,-0.0398913,0.2235025,-0.046206,0.998665,-0.02309308,-0.2222829,-0.0328172,-0.97443,moving,-11.309768833971443,-3.3325482899122187,-8.862911012679573,-0.26722383086539453,-0.12823099999999998,-0.08227242,-2.0281810000000005,-0.1957944192081965,-0.05700601918860929,0.9789866354524235,-10.824421129696942,-2.7086824630249136,3.8734641274101356,3.9221584920612145,3.131811327603839
3331,05/05/2023 15:32:42.206971,3514,True,True,True,True,Eyes,2.445487,0.002189718,-2.748031,-0.02585392,-0.0810061,-0.9963782,0.0,0.0,0.0,0.0,0.0,0.0,0.0,2.995988,0.04752494,-2.191387,2.418411,0.01136708,-2.816298,-0.02149102,0.9931008,-0.01155728,-0.1146976,1.597902,193.1443,357.7047,0.6783604,0.001208258,-0.7347278,-0.007891661,-0.01389192,-0.3384697,2.282466,-0.04989369,-4.845118,-0.3181385,-0.007367216,2.019274,-0.9727654,-0.04003431,0.2283093,-0.04533668,0.9988092,-0.01802515,-0.2273158,-0.02788503,-0.9734221,moving,-11.506001330361585,-3.614300183303369,-8.953406167139283,-0.20903973935593637,-0.13594499999999998,-0.06126077,-2.02882,-0.19908956540253958,-0.06177763697250295,0.9780321054902734,-11.022698824449334,-2.9866809153409983,4.198994925904552,4.255765590163414,3.463706483541146
3332,05/05/2023 15:32:42.228668,3515,True,True,True,True,Eyes,2.444335,0.00256027,-2.751929,-0.0277339,-0.08025368,-0.9963886,0.0,0.0,0.0,0.0,0.0,0.0,0.0,3.007004,0.05105123,-2.185448,2.415726,0.01200323,-2.82577,-0.02178399,0.9927946,-0.01108085,-0.1173102,1.55365,193.4462,357.6692,0.6770135,0.001146978,-0.7359694,-0.007418161,-0.0130584,-0.3181615,2.272234,-0.03743079,-4.854918,-0.3212869,-0.005366169,2.019027,-0.9715277,-0.04065426,0.2334126,-0.04585386,0.9988054,-0.01689105,-0.2324471,-0.02711299,-0.9722311,moving,-11.698024096242547,-3.633100180780949,-9.041643263361314,-0.15228033696644738,-0.14349199999999973,-0.049434019999999995,-2.0291479999999997,-0.2023627584873637,-0.06205605351558332,0.9773425319570249,-11.216433967182013,-3.0084484880650244,4.319442836781954,4.378637449526006,3.5899040534218734
3333,05/05/2023 15:32:42.246953,3516,True,True,True,True,Eyes,2.443117,0.002954043,-2.756023,-0.02981105,-0.07976615,-0.9963678,0.0,0.0,0.0,0.0,0.0,0.0,0.0,3.02111,0.05287348,-2.175305,2.413083,0.01216269,-2.835266,-0.02208731,0.9923931,-0.01107364,-0.1206052,1.564741,193.8261,357.6397,0.67573,0.001101852,-0.7371481,-0.006973071,-0.0122749,-0.2990718,2.262064,-0.03273155,-4.8642,-0.3246888,-0.003204066,2.018756,-0.9699333,-0.04116751,0.2398647,-0.04650966,0.9987791,-0.01665111,-0.2388863,-0.02730649,-0.9706638,moving,-11.957704474163103,-3.6151599328123525,-9.13697890428225,-0.09093684671824218,-0.1510189999999998,-0.04489424,-2.0289340000000005,-0.20679494023041606,-0.0616916216026035,0.9764374669091233,-11.478381291383064,-2.9956422865015266,4.452958543403834,4.5140493020278765,3.7308817765010986
3334,05/05/2023 15:32:42.256961,3517,True,True,True,True,Eyes,2.441825,0.003373623,-2.76032,-0.03215413,-0.07916412,-0.9963428,0.0,0.0,0.0,0.0,0.0,0.0,0.0,3.036209,0.03940547,-2.163047,2.410384,0.01316844,-2.844074,-0.02239665,0.9919196,-0.01394741,-0.1240942,1.904175,194.2229,357.6506,0.6745004,0.001071889,-0.7382734,-0.006554687,-0.01153841,-0.2811275,2.248816,-0.03073793,-4.873153,-0.3277234,-0.001275182,2.018516,-0.9681982,-0.04096977,0.2468077,-0.04789295,0.9986077,-0.02211083,-0.2455582,-0.03322801,-0.9688123,moving,-12.23117183575867,-3.254349248598021,-9.221991992990514,-0.036196164405602534,-0.16156799999999993,-0.04390637,-2.0290790000000003,-0.21153016187950802,-0.05548397945259413,0.9757952345254635,-11.753851397901297,-2.6490760528907176,4.351570794476653,4.405867973443979,3.6383311226282267
3335,05/05/2023 15:32:42.276914,3518,True,True,True,True,Eyes,2.440471,0.003806158,-2.764792,-0.03471913,-0.07872964,-0.9962913,0.0,0.0,0.0,0.0,0.0,0.0,0.0,3.052972,0.02974383,-2.148846,2.407775,0.01425382,-2.853326,-0.02264997,0.9913937,-0.0160064,-0.1279432,2.150994,194.6633,357.6592,0.6733157,0.001056256,-0.7393539,-0.006161406,-0.0108461,-0.2642598,2.235051,-0.03964657,-4.881063,-0.3308231,0.0006952658,2.01827,-0.9662353,-0.04081425,0.2544093,-0.0490059,0.9984615,-0.02594146,-0.2529591,-0.0375331,-0.9667488,moving,-12.532220552818503,-2.9982086466467033,-9.30881127917823,0.019737594278271684,-0.1727240000000001,-0.05390039,-2.027737,-0.2167055554863864,-0.05106182069302828,0.9749007751289492,-12.05726350492832,-2.404970458637399,4.366065003578621,4.415695512431004,3.6651328460377437
3336,05/05/2023 15:32:42.286658,3519,True,True,True,True,Eyes,2.439045,0.004252535,-2.769416,-0.03750594,-0.07832722,-0.9962219,0.0,0.0,0.0,0.0,0.0,0.0,0.0,3.069943,0.02112249,-2.133161,2.405017,0.01503201,-2.861998,-0.02269441,0.9908421,-0.01770265,-0.1319226,2.353735,195.1202,357.6883,0.6721684,0.001053852,-0.7403971,-0.005791721,-0.01019534,-0.2484042,2.22009,-0.04500402,-4.889325,-0.33421,0.002847806,2.018,-0.964163,-0.04030239,0.2622323,-0.0496439,0.9983432,-0.02909326,-0.2606253,-0.04106888,-0.9645663,moving,-12.836654823179579,-2.7835575055791884,-9.403655140366867,0.08085587530066915,-0.18492700000000006,-0.06003603,-2.0273270000000005,-0.2219230726191455,-0.047352171096575114,0.9739136741516365,-12.364137646962572,-2.2013428028866935,4.425222602077692,4.471057015824754,3.7380325678863917
3337,05/05/2023 15:32:42.307077,3520,True,True,True,True,Eyes,2.437561,0.004721386,-2.774196,-0.0405442,-0.0780636,-0.9961236,0.0,0.0,0.0,0.0,0.0,0.0,0.0,3.08797,0.004856832,-2.115416,2.402323,0.01587809,-2.870394,-0.02290433,0.9902024,-0.02110384,-0.1361217,2.752959,195.6,357.7271,0.6710516,0.001063707,-0.7414094,-0.005444218,-0.009583616,-0.2335,2.204067,-0.04946877,-4.896838,-0.3372531,0.004782155,2.01776,-0.9618925,-0.03961447,0.2705428,-0.05110523,0.99806,-0.03555859,-0.2686094,-0.0480297,-0.962051,moving,-13.155136866719662,-2.3788492600378497,-9.488836866330079,0.1357925548431343,-0.19825599999999977,-0.06534686,-2.0264439999999997,-0.22740249233322585,-0.040419381015052505,0.9729616459010895,-12.684969528312525,-1.8128232487208193,4.40901503449359,4.445804668449187,3.7433097043779573
3338,05/05/2023 15:32:42.326907,3521,True,True,True,True,Eyes,2.435995,0.005196045,-2.77911,-0.0437713,-0.07779498,-0.996008,0.0,0.0,0.0,0.0,0.0,0.0,0.0,3.107233,-0.002095103,-2.09557,2.399559,0.01691533,-2.878912,-0.02300656,0.9895312,-0.02252039,-0.1406833,2.925793,196.1258,357.7508,0.6699592,0.001085186,-0.7423967,-0.005117565,-0.009008599,-0.21949,2.1875,-0.06075608,-4.903677,-0.340418,0.006793775,2.017507,-0.959358,-0.03919492,0.2794573,-0.05186789,0.9979271,-0.03809597,-0.2773848,-0.05104253,-0.9594023,moving,-13.501074965209899,-2.2053665744440814,-9.577420392965731,0.1929377014104897,-0.212059,-0.07767141,-2.024765,-0.23330009061686396,-0.03741950013614101,0.9716845014759753,-13.033759344223046,-1.6500463774172465,4.56502055747951,4.598578976365947,3.916997480314614
3339,05/05/2023 15:32:42.336714,3522,True,True,True,True,Eyes,2.434379,0.005693091,-2.784154,-0.04722267,-0.07766642,-0.9958604,0.0,0.0,0.0,0.0,0.0,0.0,0.0,3.126914,-0.006573156,-2.074797,2.396994,0.01757452,-2.887303,-0.02281692,0.9888453,-0.0232079,-0.1453469,3.011178,196.6658,357.7975,0.6688856,0.001117275,-0.7433641,-0.004810511,-0.008468082,-0.2063206,2.169186,-0.06378204,-4.910628,-0.3436039,0.008819148,2.017255,-0.9567075,-0.03837842,0.2885103,-0.0518712,0.9978815,-0.0392653,-0.2863922,-0.05253078,-0.9566715,moving,-13.84591745944688,-2.121805502685868,-9.666554870542164,0.2504872909232384,-0.227808,-0.08135656,-2.023325,-0.23915696694506766,-0.035949624791544156,0.9703151855375078,-13.381545042083662,-1.5748471397170842,4.773176494024408,4.805709598815354,4.139202551015226
3340,05/05/2023 15:32:42.357202,3523,True,True,True,True,Eyes,2.43267,0.006212845,-2.789327,-0.050829,-0.07707987,-0.9957284,0.0,0.0,0.0,0.0,0.0,0.0,0.0,3.14541,-0.01593591,-2.054968,2.394278,0.01864105,-2.895485,-0.02255764,0.9881541,-0.02470263,-0.1497749,3.185978,197.1781,357.8659,0.6678268,0.001159486,-0.7443154,-0.00452188,-0.007959997,-0.1939414,2.15059,-0.06422454,-4.917398,-0.346827,0.0108678,2.016999,-0.9541172,-0.03718118,0.2971159,-0.05198053,0.9977619,-0.04206287,-0.2948869,-0.05557715,-0.9539144,moving,-14.158915904222098,-1.913776262943378,-9.756709740417698,0.3087126205289666,-0.24368800000000013,-0.08286558999999999,-2.0219130000000005,-0.24448388869424306,-0.03238204437190526,0.9691124658872229,-13.697066234847913,-1.3778242496911113,4.902943159090107,4.931417235014252,4.28611898082754
3341,05/05/2023 15:32:42.376925,3524,True,True,True,True,Eyes,2.430906,0.006737469,-2.794637,-0.05467379,-0.0763078,-0.9955842,0.0,0.0,0.0,0.0,0.0,0.0,0.0,3.163897,-0.01075242,-2.035314,2.39138,0.0196976,-2.904096,-0.02209486,0.9875064,-0.02306138,-0.1543084,3.001688,197.7076,357.9042,0.6667781,0.001211405,-0.7452548,-0.004250567,-0.007482397,-0.1823049,2.132783,-0.06761348,-4.923807,-0.3499427,0.01284824,2.016751,-0.9514016,-0.0365205,0.3057801,-0.05075475,0.99796,-0.03872768,-0.303742,-0.05236536,-0.9513143,moving,-14.464365617029522,-2.060736944310771,-9.843838406326064,0.36501281870612434,-0.25859699999999997,-0.08731108,-2.019711,-0.24962635914603115,-0.03482051267115346,0.9677159788182992,-14.005371471037362,-1.526479809006576,5.1854082123402065,5.218575822734359,4.571225416600773
3342,05/05/2023 15:32:42.396813,3525,True,True,True,True,Eyes,2.429085,0.007249692,-2.800079,-0.05854113,-0.07501838,-0.9954623,0.0,0.0,0.0,0.0,0.0,0.0,0.0,3.182622,0.0008222088,-2.014813,2.388403,0.02029195,-2.912675,-0.02170572,0.9868352,-0.02031196,-0.1589737,2.693343,198.2537,357.9127,0.6657361,0.001272173,-0.7461858,-0.003995534,-0.007033453,-0.1713666,2.114106,-0.0581511,-4.930978,-0.3531386,0.01487948,2.016498,-0.9485127,-0.03638181,0.3146434,-0.04929808,0.9982326,-0.03318783,-0.3128799,-0.04699038,-0.9486297,moving,-14.782658978832432,-2.309315129057295,-9.933177635178367,0.4227705324031615,-0.2742969999999998,-0.07844305,-2.0183029999999995,-0.2549593856172795,-0.0389625873257426,0.9661664662134233,-14.326747766281601,-1.7743572747921519,5.5250911474308655,5.566126243987522,4.91231402681805
3343,05/05/2023 15:32:42.406773,3526,True,True,True,True,Eyes,2.427208,0.007749031,-2.805654,-0.06267507,-0.07365394,-0.9953125,0.0,0.0,0.0,0.0,0.0,0.0,0.0,3.202455,0.009114273,-1.992368,2.385486,0.02043221,-2.921363,-0.02160195,0.986065,-0.01863669,-0.1638959,2.512361,198.828,357.9066,0.6646974,0.001340537,-0.747111,-0.003755802,-0.006611446,-0.1610846,2.094935,-0.04444904,-4.938086,-0.3565693,0.01705979,2.016227,-0.9453433,-0.03649291,0.3240292,-0.04871081,0.9983721,-0.02967303,-0.3224188,-0.04383491,-0.945582,moving,-15.117046330087446,-2.4307755333287595,-10.029048325945485,0.4847820415084064,-0.2905510000000002,-0.06488125,-2.0167230000000003,-0.2605730221503793,-0.04094714209385207,0.9645854402877134,-14.664216827531176,-1.8986921241435408,5.818186237194796,5.864145262725247,5.212075991044488
3344,05/05/2023 15:32:42.426833,3527,True,True,True,True,Eyes,2.425288,0.008223001,-2.811363,-0.06687605,-0.07198913,-0.9951609,0.0,0.0,0.0,0.0,0.0,0.0,0.0,3.223065,0.01809347,-1.968118,2.382385,0.02059292,-2.93015,-0.02158089,0.9852208,-0.01691537,-0.1690804,2.328485,199.4332,357.8891,0.6636596,0.001415342,-0.7480329,-0.003530453,-0.006214759,-0.1514195,2.074556,-0.03582999,-4.94474,-0.3596444,0.01901473,2.015984,-0.9418924,-0.03680377,0.3338932,-0.048244,0.9984963,-0.02603293,-0.3324329,-0.04062855,-0.9422515,moving,-15.478801712602815,-2.5420897055720593,-10.11495594710161,0.5403968842140225,-0.30782900000000035,-0.05642291,-2.0145900000000005,-0.2666378864405393,-0.042747550159391016,0.9628483485266315,-15.029283551245278,-2.0136352110569042,6.135845014811832,6.186482439342751,5.538383856733158
3345,05/05/2023 15:32:42.446819,3528,True,True,True,True,Eyes,2.423322,0.008661774,-2.817203,-0.07134429,-0.07041787,-0.994963,0.0,0.0,0.0,0.0,0.0,0.0,0.0,3.244282,0.02519336,-1.942491,2.379024,0.02037727,-2.939233,-0.02162917,0.9842972,-0.01572649,-0.1744822,2.206828,200.0633,357.8728,0.6626198,0.001495264,-0.748954,-0.003318626,-0.005841874,-0.1423344,2.05307,-0.02690733,-4.951182,-0.3628815,0.02107204,2.015726,-0.9381765,-0.03709107,0.3441651,-0.04806704,0.9985697,-0.02341127,-0.3428045,-0.0385069,-0.9386176,moving,-15.85153709430606,-2.5972098938264465,-10.205372909147625,0.598938040348917,-0.32595399999999985,-0.047284599999999996,-2.011949,-0.2728859743219518,-0.04359449985136249,0.9610581772718079,-15.405363778115353,-2.074034279225562,6.434170957947491,6.48802987222618,5.846767145915691
3346,05/05/2023 15:32:42.457104,3529,True,True,True,True,Eyes,2.421303,0.009070306,-2.823184,-0.07583992,-0.06897974,-0.9947311,0.0,0.0,0.0,0.0,0.0,0.0,0.0,3.265841,0.02670051,-1.916172,2.376065,0.01997577,-2.948229,-0.0218677,0.983314,-0.01592756,-0.1798938,2.246072,200.6929,357.8622,0.661576,0.001578804,-0.749876,-0.003119509,-0.005491361,-0.1337943,2.030479,-0.02055956,-4.957532,-0.3661131,0.02312619,2.015471,-0.9343202,-0.03727509,0.3544808,-0.04873617,0.9985363,-0.02345586,-0.3530876,-0.03919131,-0.9347693,moving,-16.22606138523442,-2.4979315665110553,-10.295595298818265,0.6574021339737707,-0.34558599999999995,-0.04053533,-2.0093029999999996,-0.27918304427124463,-0.0418503532449488,0.9593254062246016,-15.783075016478875,-1.9840578671426332,6.665446652286142,6.717630442614971,6.090135022249871
3347,05/05/2023 15:32:42.476906,3530,True,True,True,True,Eyes,2.419231,0.009448347,-2.829292,-0.08058307,-0.06766628,-0.9944484,0.0,0.0,0.0,0.0,0.0,0.0,0.0,3.287221,0.0282137,-1.889943,2.373199,0.01961406,-2.95737,-0.02215063,0.9823059,-0.01617399,-0.1852653,2.291473,201.3183,357.8478,0.6605252,0.001664818,-0.7508016,-0.002932338,-0.005161879,-0.1257666,2.008275,-0.02016614,-4.963472,-0.3692353,0.02511076,2.015223,-0.9303724,-0.03752442,0.3646909,-0.04951033,0.9984955,-0.02356812,-0.3632579,-0.03998309,-0.9308305,moving,-16.58184884576879,-2.400027986816066,-10.38274427747636,0.7138992127902459,-0.36492400000000025,-0.0397802,-2.0061020000000003,-0.28515478282010376,-0.040137505879445534,0.9576406984557517,-16.141885946805925,-1.8950836881087745,6.886788352156409,6.9372501795071555,6.322539406329674
3348,05/05/2023 15:32:42.496938,3531,True,True,True,True,Eyes,2.417135,0.00979578,-2.835539,-0.08536386,-0.06647889,-0.9941295,0.0,0.0,0.0,0.0,0.0,0.0,0.0,3.307994,0.0287583,-1.863817,2.369992,0.01927447,-2.966516,-0.02265754,0.9812622,-0.01687595,-0.1905955,2.393156,201.9384,357.8185,0.6594664,0.001752161,-0.7517316,-0.002756398,-0.004852166,-0.1182206,1.986386,-0.01988557,-4.96942,-0.3724141,0.02713129,2.01497,-0.9263202,-0.03803302,0.374813,-0.05089894,0.9984037,-0.02448261,-0.3732835,-0.04175632,-0.9267774,moving,-16.930822579006584,-2.2576901235911113,-10.471447818636198,0.7714330608195367,-0.3836059999999999,-0.03916004,-2.0029040000000005,-0.2910099550871086,-0.037688959420328745,0.9559773232446434,-16.49377316256431,-1.762701209682219,7.087029706697991,7.134361188028265,6.53377678292198
3349,05/05/2023 15:32:42.506834,3532,True,True,True,True,Eyes,2.363468,0.01699096,-2.994761,-0.2104885,-0.03830979,-0.9768454,0.0,0.0,0.0,0.0,0.0,0.0,0.0,3.329068,0.03311782,-1.837066,2.366912,0.01882685,-2.975899,-0.02335245,0.9801744,-0.01705814,-0.1960152,2.441239,202.5699,357.7576,0.6583985,0.001839846,-0.7526669,-0.002591014,-0.004561036,-0.1111274,1.964385,-0.02144896,-4.975207,-0.3756127,0.02916453,2.014716,-0.9220653,-0.03909163,0.3850549,-0.05246625,0.9983274,-0.02428503,-0.3834615,-0.04259477,-0.922574,moving,-10.40228413290822,-0.20268946006200672,-10.560672180233057,0.8293415930265587,-0.4025270000000001,-0.040275809999999995,-1.999308,-0.1805572614075471,-0.0034794488617404017,0.9835583119123542,-9.905423613973365,0.3565974406600917,1.0269409001996148,1.044114394151555,0.8079837357163021
3350,05/05/2023 15:32:42.526545,3533,True,True,True,True,Eyes,2.363306,0.01694848,-2.995124,-0.2105999,-0.0383357,-0.9768203,0.0,0.0,0.0,0.0,0.0,0.0,0.0,3.350191,0.03828807,-1.809247,2.36367,0.01768878,-2.985191,-0.02413051,0.9790274,-0.01732747,-0.2015518,2.502055,203.2154,357.6902,0.65386,0.002132422,-0.7566122,-0.163436,0.01729817,-0.5821261,1.942075,-0.02103948,-4.981004,-0.3787897,0.03118395,2.014464,-0.9175894,-0.04026409,0.3954856,-0.05423362,0.998235,-0.02420104,-0.393813,-0.04365522,-0.9181534,moving,-11.042180561342015,-0.1871778168350506,-10.649263542257614,0.8868691756492053,-0.42159499999999994,-0.03872826,-1.9958130000000005,-0.1915306077366417,-0.00320638250223672,0.9814813231426626,-10.5509384568026,0.36019965684215516,1.1260780188123551,1.1436611062507311,0.5357691708844263
3351,05/05/2023 15:32:42.547012,3534,True,True,True,True,Eyes,2.363018,0.01687489,-2.995854,-0.2111566,-0.03845106,-0.9766957,0.0,0.0,0.0,0.0,0.0,0.0,0.0,3.371715,0.04025809,-1.780766,2.36065,0.01669034,-2.994707,-0.02530938,0.9778035,-0.01872029,-0.207146,2.699344,203.8659,357.6051,0.6500384,0.002382225,-0.7598972,-0.1536299,0.01626028,-0.5471986,1.919219,-0.02165532,-4.986442,-0.3820585,0.03326183,2.014203,-0.9128997,-0.04173953,0.4060437,-0.05725087,0.998018,-0.02612406,-0.4041485,-0.04709501,-0.9134801,moving,-11.666305953877405,-0.04508949506110964,-10.74039309382137,0.9460760768137674,-0.44143100000000013,-0.038345660000000004,-1.9917350000000003,-0.20221135521757932,-0.0007707030040315721,0.9793416451755345,-11.180400999018108,0.4873904637126534,1.343600815385499,1.3563641897688097,0.6356095092913312
3352,05/05/2023 15:32:42.565652,3535,True,True,True,True,Eyes,2.362551,0.01675639,-2.996918,-0.2118027,-0.03849782,-0.9765539,0.0,0.0,0.0,0.0,0.0,0.0,0.0,3.393115,0.04353254,-1.751591,2.357415,0.01588959,-3.004253,-0.0263759,0.9765374,-0.01969103,-0.2128179,2.847889,204.5271,357.5248,0.646807,0.002595056,-0.762649,-0.1444121,0.01528466,-0.5143667,1.89643,-0.02682581,-4.991776,-0.3852949,0.03531868,2.013947,-0.9080258,-0.04313289,0.4166879,-0.0598953,0.9978331,-0.02723152,-0.4146104,-0.04968457,-0.9086416,moving,-12.294435339157651,0.05070275091484338,-10.83057582122505,1.0046956984146873,-0.460985,-0.0427154,-1.987523,-0.21293541184786777,0.0008646350859936817,0.9770658873712658,-11.813954868608802,0.5694098350036598,1.7381378441103923,1.747279952417845,1.0754106814230822
3353,05/05/2023 15:32:42.576958,3536,True,True,True,True,Eyes,2.36197,0.01660505,-2.998326,-0.2128757,-0.03864116,-0.9763149,0.0,0.0,0.0,0.0,0.0,0.0,0.0,3.414788,0.04918438,-1.72162,2.354234,0.01479926,-3.014056,-0.02685107,0.9752491,-0.01953353,-0.2186019,2.856777,205.2053,357.4846,0.6440585,0.002775372,-0.764971,-0.1357474,0.01436758,-0.4835047,1.873015,-0.03015215,-4.996865,-0.3884639,0.03733314,2.013695,-0.9029845,-0.04383283,0.4274315,-0.0609131,0.9977949,-0.02636072,-0.4253335,-0.0498395,-0.9036634,moving,-12.908257024316532,0.008660153509776636,-10.918857089352901,1.0621202984188025,-0.48121899999999984,-0.04495141,-1.9828089999999996,-0.22339058483932325,0.00014732852671787023,0.9747289940071011,-12.433230047774144,0.5174144131834957,2.242179470626528,2.2511086997621956,1.6093570016026544
3354,05/05/2023 15:32:42.597164,3537,True,True,True,True,Eyes,2.36122,0.01642602,-3.000045,-0.2139257,-0.03858283,-0.9760877,0.0,0.0,0.0,0.0,0.0,0.0,0.0,3.436014,0.04918948,-1.691747,2.351009,0.01388221,-3.023768,-0.02739761,0.9739181,-0.02059668,-0.2242964,3.004209,205.8721,357.4674,0.6415641,0.002933026,-0.7670636,-0.1276025,0.01350553,-0.4544944,1.849104,-0.02911295,-5.001971,-0.3916476,0.03935656,2.013443,-0.8978813,-0.04412653,0.4380212,-0.06260557,0.9976503,-0.02782858,-0.435764,-0.05240932,-0.8985341,moving,-13.51884745562125,0.12162294246697948,-11.007511048749876,1.1198120119682184,-0.5019049999999998,-0.04299516,-1.9782030000000002,-0.23376471901046594,0.0020639054714667255,0.9722910235226649,-13.049071177928223,0.6164759433570894,2.695965613637926,2.7024418526490765,2.102692312017052
3355,05/05/2023 15:32:42.607070,3538,True,True,True,True,Eyes,2.360366,0.01621184,-3.002098,-0.2154037,-0.0385005,-0.9757658,0.0,0.0,0.0,0.0,0.0,0.0,0.0,3.457222,0.05448231,-1.661552,2.347799,0.01313281,-3.033771,-0.02753668,0.9725836,-0.02003902,-0.2300468,2.960568,206.5496,357.4551,0.63928,0.003070101,-0.7689677,-0.1199464,0.0126952,-0.4272247,1.82567,-0.03290968,-5.006791,-0.3948495,0.04139188,2.01319,-0.8926406,-0.04434362,0.4485831,-0.06278326,0.9976804,-0.02630978,-0.4463759,-0.05164868,-0.893354,moving,-14.106600368652252,0.046360687402654255,-11.096638013447018,1.1778550148119071,-0.5221290000000003,-0.04604249,-1.9730199999999996,-0.243726655155959,0.0007847458736660526,0.9698436166021728,-13.642085347831298,0.532588363686162,3.2082148572862197,3.2156107962114997,2.625961001838959
3356,05/05/2023 15:32:42.626779,3539,True,True,True,True,Eyes,2.359379,0.01595527,-3.004443,-0.2168899,-0.03839317,-0.9754408,0.0,0.0,0.0,0.0,0.0,0.0,0.0,3.478592,0.05780002,-1.630471,2.344543,0.01206763,-3.043904,-0.0273397,0.9711986,-0.01954216,-0.2358898,2.915146,207.2398,357.4815,0.6371804,0.003187709,-0.7707078,-0.1127496,0.01193348,-0.4015912,1.80179,-0.02991209,-5.011703,-0.3979682,0.04337418,2.012943,-0.887217,-0.04388495,0.4592602,-0.06232413,0.9977413,-0.02506032,-0.457123,-0.05085694,-0.8879481,moving,-14.706510103540444,-0.020384004544200994,-11.183421432645966,1.2343980632367053,-0.5427529999999998,-0.04197972,-1.9677989999999999,-0.2538678338816139,-0.0003441126454713549,0.9672388655528912,-14.24735383049737,0.4567795474139635,3.7316098650389034,3.7398705620127473,3.161071384001605
3357,05/05/2023 15:32:42.637116,3540,True,True,True,True,Eyes,2.358301,0.01568034,-3.007085,-0.2187547,-0.0384776,-0.975021,0.0,0.0,0.0,0.0,0.0,0.0,0.0,3.499208,0.05300225,-1.600322,2.341406,0.01087419,-3.053849,-0.02723673,0.9697943,-0.02086993,-0.2414988,3.074498,207.901,357.5464,0.6352416,0.003286695,-0.7723061,-0.1059846,0.01121747,-0.3774958,1.77757,-0.02739638,-5.016436,-0.401145,0.04539352,2.012689,-0.881873,-0.04274792,0.4695452,-0.06290817,0.9976452,-0.0273238,-0.4672715,-0.05363436,-0.8824856,moving,-15.263481009943508,0.1197167485266767,-11.27180314935229,1.2920109648822184,-0.563836,-0.038270570000000004,-1.9625869999999996,-0.2632576877181726,0.0020157458208669024,0.9647234948631223,-14.809072661746935,0.5832419278279943,4.154133648544555,4.160260313061519,3.6075794033123394
3358,05/05/2023 15:32:42.656998,3541,True,True,True,True,Eyes,2.357125,0.01541044,-3.010011,-0.2207493,-0.0383754,-0.9745753,0.0,0.0,0.0,0.0,0.0,0.0,0.0,3.519373,0.04498523,-1.570275,2.33825,0.01019607,-3.063699,-0.02735872,0.9683495,-0.02305198,-0.2470215,3.334269,208.5518,357.6119,0.6334431,0.003368422,-0.7737816,-0.09962553,0.01054443,-0.354846,1.754845,-0.03231005,-5.02104,-0.4045661,0.0475681,2.012417,-0.8764641,-0.04159693,0.4796675,-0.06437427,0.9974402,-0.03112837,-0.4771448,-0.05816112,-0.8768983,moving,-15.807273916354134,0.37338561211194615,-11.366937278841803,1.3540652607319557,-0.583405,-0.04250612,-1.957341,-0.27239703883380634,0.00627033020978292,0.9621644746816288,-15.35736969720155,0.82057393822126,4.544155854200004,4.547342303769509,4.025936397496939
3359,05/05/2023 15:32:42.676842,3542,True,True,True,True,Eyes,2.355865,0.01514244,-3.013225,-0.2231329,-0.03822774,-0.9740381,0.0,0.0,0.0,0.0,0.0,0.0,0.0,3.539424,0.04352241,-1.539638,2.33502,0.0100631,-3.073675,-0.0275934,0.9668757,-0.02390589,-0.2526236,3.449543,209.2142,357.6299,0.6317663,0.003434729,-0.775151,-0.09364799,0.009911761,-0.3335553,1.732193,-0.04052356,-5.025218,-0.4075798,0.04948359,2.01218,-0.8708401,-0.04128039,0.4898304,-0.06543715,0.9973342,-0.03228655,-0.4871919,-0.06016952,-0.8712199,moving,-16.33370473458565,0.47309138727819083,-11.45069667442504,1.4087355620693764,-0.602827,-0.05058666,-1.9515429999999996,-0.28122242730331637,0.00792368074720354,0.959609833778591,-15.88832489237059,0.908234723036091,4.96949907874816,4.971840477872772,4.465763685035252
3360,05/05/2023 15:32:42.696951,3543,True,True,True,True,Eyes,2.354581,0.01490406,-3.016759,-0.2256896,-0.03790541,-0.9734615,0.0,0.0,0.0,0.0,0.0,0.0,0.0,3.559898,0.04795308,-1.507516,2.331844,0.009828852,-3.083858,-0.02748099,0.9653616,-0.02311518,-0.2584332,3.37283,209.9045,357.6398,0.6301944,0.003487208,-0.7764294,-0.08802912,0.009317055,-0.3135419,1.709115,-0.04270627,-5.029348,-0.4107066,0.05147073,2.011933,-0.8649144,-0.04111072,0.5002335,-0.06500563,0.997421,-0.030425,-0.4976926,-0.058833,-0.8653562,moving,-16.870140573826,0.3880361386169764,-11.537574049429127,1.4654625616688537,-0.6227289999999999,-0.052535122,-1.9454899999999995,-0.29019740698550234,0.006481015693816589,0.9569448098255957,-16.429581029818106,0.8157302105032344,5.437056732952853,5.4403229163541855,4.934965493732018
3361,05/05/2023 15:32:42.707100,3544,True,True,True,True,Eyes,2.353214,0.01469975,-3.020569,-0.2286036,-0.03744013,-0.9727994,0.0,0.0,0.0,0.0,0.0,0.0,0.0,3.57965,0.05074014,-1.476612,2.328598,0.01016608,-3.09425,-0.02735375,0.9638575,-0.02251389,-0.2640522,3.316183,210.5731,357.6554,0.6287124,0.003528,-0.7776296,-0.08274737,0.008758032,-0.2947294,1.685267,-0.03805867,-5.033409,-0.4140286,0.05358223,2.011671,-0.8590565,-0.04084056,0.510249,-0.06461992,0.9974898,-0.02895472,-0.5077856,-0.05784599,-0.8595392,moving,-17.365263286867574,0.3357806482771309,-11.629837104549871,1.525751438842396,-0.6433309999999999,-0.048224750000000004,-1.9391589999999996,-0.2984575474853508,0.005593342464135221,0.9544065427148145,-16.929123287271832,0.755920667915637,5.853537438256733,5.857571508331242,5.354911153535003
3362,05/05/2023 15:32:42.726920,3545,True,True,True,True,Eyes,2.351784,0.0144786,-3.024646,-0.2317443,-0.03656787,-0.9720892,0.0,0.0,0.0,0.0,0.0,0.0,0.0,3.599188,0.05860221,-1.445346,2.325315,0.01074391,-3.104739,-0.02693787,0.9623488,-0.02040804,-0.2697091,3.08458,211.2491,357.6561,0.6273071,0.003559153,-0.7787636,-0.07778253,0.00823255,-0.2770457,1.661937,-0.03376659,-5.037575,-0.4170858,0.05552566,2.011427,-0.853063,-0.04083878,0.5202079,-0.06285571,0.9977158,-0.02474853,-0.5180088,-0.05381008,-0.8536814,moving,-17.848625085803633,0.12880562041704016,-11.714729337673898,1.5812546144566435,-0.6633779999999998,-0.0445105,-1.9328360000000004,-0.30650254113400355,0.002139879864410275,0.9518674569749882,-17.41697506140068,0.545602266533439,6.296620366669755,6.303513712939054,5.795531216335499
3363,05/05/2023 15:32:42.746557,3546,True,True,True,True,Eyes,2.350282,0.01430279,-3.028949,-0.2351962,-0.03593516,-0.9712833,0.0,0.0,0.0,0.0,0.0,0.0,0.0,3.618826,0.06766673,-1.41258,2.322095,0.01002718,-3.115067,-0.0258645,0.9607936,-0.01745082,-0.2755035,2.738909,211.9451,357.7,0.6259666,0.003581179,-0.7798413,-0.07311557,0.007738597,-0.2604229,1.638485,-0.02283565,-5.041732,-0.4203585,0.05760604,2.011166,-0.8468577,-0.04008537,0.5303066,-0.05931641,0.998053,-0.01928175,-0.5285012,-0.04778478,-0.8475865,moving,-18.328306651490635,-0.192309331645859,-11.805569455049362,1.6406804713559606,-0.68361,-0.032862829999999996,-1.9266649999999998,-0.3144598540823471,-0.003186155597517686,0.9492653399658986,-17.901242563037368,0.22416039556241518,6.762763917680386,6.7753931363240625,6.258095538146913
3364,05/05/2023 15:32:42.757033,3547,True,True,True,True,Eyes,2.348681,0.01425007,-3.033508,-0.2390488,-0.03490862,-0.9703798,0.0,0.0,0.0,0.0,0.0,0.0,0.0,3.637715,0.05814443,-1.380624,2.318972,0.01098256,-3.124855,-0.02614231,0.9591427,-0.0198467,-0.2810124,3.024574,212.6003,357.7621,0.6246807,0.003596169,-0.7808717,-0.06872864,0.007274281,-0.2447975,1.614487,-0.009556965,-5.045259,-0.4235651,0.05964419,2.010911,-0.8406973,-0.03899407,0.5400996,-0.06130274,0.9978454,-0.02337902,-0.5380243,-0.05276427,-0.8412763,moving,-18.770239132144663,0.1517369529230058,-11.894535149192157,1.6989109747862643,-0.704485,-0.020539525000000003,-1.9204039999999996,-0.3217729101985662,0.0025074609781169654,0.946813499946834,-18.34668039304048,0.5513657209170664,7.040418352566786,7.047627452917577,6.553398992690148
3365,05/05/2023 15:32:42.786417,3548,True,True,True,True,Eyes,2.346957,0.01424896,-3.038333,-0.2432473,-0.03341035,-0.9693887,0.0,0.0,0.0,0.0,0.0,0.0,0.0,3.657301,0.06827309,-1.346139,2.315168,0.01384219,-3.135668,-0.02660078,0.9573864,-0.01790713,-0.2870245,2.840641,213.3196,357.6671,0.6234394,0.003608026,-0.7818631,-0.06460492,0.006837824,-0.2301097,1.592207,-0.0169073,-5.048321,-0.4267868,0.06169168,2.010655,-0.8338187,-0.04065488,0.5505393,-0.06121401,0.9979435,-0.01901793,-0.5486339,-0.04955823,-0.8345926,moving,-19.23868595365474,-0.0009543551672722135,-11.983882759046356,1.7574195129930206,-0.722961,-0.03074949,-1.9126529999999997,-0.32950420414215753,-1.5726434564516945e-05,0.944154082413154,-18.819424773302188,0.3941961692349631,7.4548582893408994,7.464854188309978,6.97015154165414
3366,05/05/2023 15:32:42.797056,3549,True,True,True,True,Eyes,2.345156,0.01432293,-3.043372,-0.2477564,-0.03202845,-0.9682928,0.0,0.0,0.0,0.0,0.0,0.0,0.0,3.677472,0.09280661,-1.307822,2.311582,0.01504392,-3.146295,-0.02589019,0.9555442,-0.011675,-0.2934772,2.149573,214.1008,357.5553,0.6222328,0.003618398,-0.7828235,-0.06072863,0.006427554,-0.2163031,1.566865,-0.004680272,-5.051496,-0.4300368,0.06375735,2.010398,-0.8264018,-0.04262574,0.5614653,-0.05633113,0.9983868,-0.007115604,-0.5602563,-0.03750832,-0.8274699,moving,-19.72902657257041,-0.6775048212575108,-12.07397107534557,1.816457791504343,-0.7447170000000001,-0.019724192,-1.9052010000000004,-0.3375512622909427,-0.011130405675193886,0.9412413406122255,-19.31484496901426,-0.2736856919335344,8.025770575769787,8.051069753731252,7.536508112207576
3367,05/05/2023 15:32:42.807061,3550,True,True,True,True,Eyes,2.343267,0.01449659,-3.048648,-0.2525916,-0.03048881,-0.9670925,0.0,0.0,0.0,0.0,0.0,0.0,0.0,3.696392,0.09149075,-1.274111,2.307532,0.01688773,-3.157539,-0.02663057,0.9536923,-0.01275557,-0.2993312,2.308069,214.8007,357.5244,0.6210539,0.003629376,-0.783759,-0.05708491,0.006041901,-0.2033249,1.53974,0.02382532,-5.053363,-0.433275,0.06581594,2.010142,-0.8193832,-0.04315846,0.5716192,-0.05843102,0.9982562,-0.008387052,-0.5702603,-0.0402725,-0.8204762,moving,-20.153301969085977,-0.46173894256630477,-12.16369456785416,1.8753047865941552,-0.767792,0.00693759,-1.8958240000000002,-0.34452331827738786,-0.0075654011337783315,0.9387472691575987,-19.742614479051735,-0.07112744497619417,8.303848178894055,8.324397865180789,7.8248722323398345
3368,05/05/2023 15:32:42.826693,3551,True,True,True,True,Eyes,2.341302,0.01470574,-3.054124,-0.2577769,-0.02879156,-0.9657754,0.0,0.0,0.0,0.0,0.0,0.0,0.0,3.71585,0.1005621,-1.236674,2.303643,0.01940779,-3.168575,-0.02623628,0.95175,-0.009930833,-0.3055895,2.00223,215.5578,357.484,0.6198953,0.003643479,-0.7846757,-0.05365982,0.005679387,-0.1911254,1.515032,0.02250011,-5.05666,-0.436455,0.06783721,2.009889,-0.8118535,-0.04387124,0.5822106,-0.05601027,0.9984261,-0.002868284,-0.5811685,-0.03493841,-0.813033,moving,-20.59549403097661,-0.7062246952341131,-12.251778246359466,1.9330972608624055,-0.7886110000000002,0.003092319999999999,-1.8880849999999998,-0.3517446178240117,-0.011537976826980496,0.9360248961798953,-20.188976104100533,-0.31724656708748356,8.723621684145094,8.75120640154273,8.250039828808195
3369,05/05/2023 15:32:42.846646,3552,True,True,True,True,Eyes,2.339269,0.01493856,-3.059764,-0.2632357,-0.02731358,-0.9643448,0.0,0.0,0.0,0.0,0.0,0.0,0.0,3.735202,0.1102505,-1.196296,2.299857,0.02036362,-3.178877,-0.02481781,0.9497139,-0.005881097,-0.3120787,1.52774,216.3481,357.5078,0.6187517,0.003661293,-0.7855777,-0.05044023,0.005338624,-0.1796579,1.488742,0.03825447,-5.058656,-0.439671,0.06988114,2.009634,-0.8039818,-0.04346889,0.5930629,-0.05081035,0.9986989,0.004319498,-0.5924791,-0.02666094,-0.8051446,moving,-21.048103504863413,-1.1092976906557004,-12.340816712354563,1.9915475992212202,-0.8111149999999998,0.01789085,-1.879779,-0.35909298618128016,-0.018068430580200495,0.9331268497828822,-20.646025256631606,-0.7180411569462777,9.202201231881066,9.242947841395132,8.736038014539643
3370,05/05/2023 15:32:42.866918,3553,True,True,True,True,Eyes,2.337136,0.01519714,-3.065551,-0.2687591,-0.02592716,-0.9628584,0.0,0.0,0.0,0.0,0.0,0.0,0.0,3.753639,0.09968205,-1.157891,2.296358,0.0212719,-3.188533,-0.02445511,0.9476829,-0.007667772,-0.3181829,1.724613,217.083,357.6221,0.6176178,0.003683056,-0.7864695,-0.04741381,0.005018306,-0.1688784,1.461825,0.05792892,-5.059108,-0.4429659,0.07197546,2.009372,-0.7963233,-0.04147187,0.6034479,-0.05123089,0.9986863,0.001029161,-0.6026978,-0.03009563,-0.7974017,moving,-21.46741807355022,-0.8074830742756821,-12.432004732514857,2.0514507543756824,-0.8345330000000002,0.03665702,-1.870575,-0.3659405921252179,-0.013115271707897721,0.9305457767311117,-21.068693466730355,-0.4315691227665255,9.4447045063401,9.476929718002925,8.986533258270857
3371,05/05/2023 15:32:42.876751,3554,True,True,True,True,Eyes,2.334929,0.0154224,-3.071473,-0.2745232,-0.02456199,-0.9612667,0.0,0.0,0.0,0.0,0.0,0.0,0.0,3.771643,0.09003986,-1.119557,2.293108,0.0224482,-3.198118,-0.0231039,0.9456753,-0.007814896,-0.3241966,1.705438,217.8125,357.7851,0.6164899,0.003709017,-0.7873539,-0.04456898,0.004717208,-0.1587457,1.436851,0.05312438,-5.05969,-0.4460218,0.07391824,2.009129,-0.7887255,-0.03863043,0.6135305,-0.04876469,0.9988102,0.0001997021,-0.6128083,-0.02976112,-0.7896709,moving,-21.858650015328042,-0.6999331125228985,-12.516542425911585,2.1070293743899797,-0.856257,0.030676179999999997,-1.8615719999999998,-0.37229413212037926,-0.011337695514510662,0.9280455177786505,-21.463250204679614,-0.33383536553875093,9.724777015724753,9.75469182574051,9.273694018960068
3372,05/05/2023 15:32:42.896628,3555,True,True,True,True,Eyes,2.332666,0.01562604,-3.077534,-0.2803298,-0.02354856,-0.9596149,0.0,0.0,0.0,0.0,0.0,0.0,0.0,3.787927,0.08438084,-1.082678,2.28912,0.02177709,-3.20736,-0.02167189,0.9436983,-0.007347259,-0.3300153,1.61431,218.5208,357.933,0.6153643,0.003737879,-0.7882338,-0.04189484,0.004434175,-0.149221,1.412621,0.05584348,-5.060038,-0.449172,0.0759204,2.00888,-0.7812406,-0.03605403,0.6231881,-0.04575286,0.9989527,0.0004369185,-0.6225512,-0.0281713,-0.782072,moving,-22.221605491682897,-0.6880876784940926,-12.603643161695555,2.1643151036861594,-0.8764990000000001,0.03406639,-1.8526779999999996,-0.37816653855485033,-0.011117282102677485,0.9256708718028325,-21.829389073232417,-0.3288238346255845,10.001507212911608,10.032018790495021,9.556679830880876
3373,05/05/2023 15:32:42.907051,3556,True,True,True,True,Eyes,2.330319,0.01585299,-3.0837,-0.2863697,-0.02283169,-0.9578471,0.0,0.0,0.0,0.0,0.0,0.0,0.0,3.803204,0.07334177,-1.048184,2.284654,0.02121136,-3.216884,-0.02216874,0.9416977,-0.01076645,-0.3355564,2.014661,219.1903,358.0201,0.6142389,0.003768759,-0.789111,-0.03938115,0.004168125,-0.1402677,1.38855,0.05942305,-5.060169,-0.4524442,0.07800063,2.00862,-0.7738207,-0.03452699,0.6324627,-0.04897799,0.9987853,-0.005399762,-0.6315081,-0.03515521,-0.7745717,moving,-22.54555752125066,-0.2237054288635221,-12.694085589090788,2.2238464524182264,-0.8961040000000002,0.03821169,-1.8432850000000003,-0.38341541361957654,-0.003605997440796765,0.9235689338138988,-22.15567200136078,0.117728904660522,10.131886392701535,10.150961010746698,9.69315988529154
3374,05/05/2023 15:32:42.926949,3557,True,True,True,True,Eyes,2.269082,0.02188818,-3.242695,-0.4374966,-0.0008921072,-0.8992197,0.0,0.0,0.0,0.0,0.0,0.0,0.0,3.818544,0.06907593,-1.009611,2.280351,0.02205639,-3.22566,-0.02356001,0.9394959,-0.01371142,-0.3414739,2.398752,219.907,357.9979,0.6131105,0.003802055,-0.7899878,-0.03701828,0.003918037,-0.1318517,1.364951,0.04621637,-5.061067,-0.4555554,0.07997799,2.008373,-0.7656808,-0.03490487,0.6422727,-0.05363324,0.9985139,-0.009673385,-0.6409805,-0.04185389,-0.766415,moving,-14.042936714159742,1.847219584355354,-12.780038854055098,2.2804435752433427,-0.9154,0.02415998,-1.8354070000000005,-0.24253029413016852,0.031272083206603477,0.9696397542262588,-13.575835535354615,2.288044005913986,1.3339906827456303,1.3351382068302162,0.795832975261584
3375,05/05/2023 15:32:42.946744,3558,True,True,True,True,Eyes,2.268897,0.02187286,-3.243031,-0.4379905,-0.0009143908,-0.8989792,0.0,0.0,0.0,0.0,0.0,0.0,0.0,3.833954,0.07948043,-0.9692707,2.274545,0.02254199,-3.235882,-0.02435651,0.9371468,-0.01264442,-0.3478545,2.329394,220.6853,357.8862,0.6081285,0.004026475,-0.7938281,-0.2185078,0.02178853,-0.6009253,1.340019,0.03588755,-5.06013,-0.458719,0.08198916,2.008121,-0.7568083,-0.03685441,0.6525974,-0.05444808,0.9984937,-0.006754311,-0.6513655,-0.04064439,-0.757675,moving,-14.789612825335729,1.7191179900603033,-12.867406694939701,2.3380190429089716,-0.9345259999999997,0.013345559999999996,-1.8242479999999999,-0.2551630792118468,0.02900671787966801,0.9664628961105562,-14.329232041594176,2.1498246468916955,2.0177646243476834,2.0193847877383995,1.4738895734802466
3376,05/05/2023 15:32:42.957027,3559,True,True,True,True,Eyes,2.268575,0.02185924,-3.243718,-0.4388087,-0.001165469,-0.8985798,0.0,0.0,0.0,0.0,0.0,0.0,0.0,3.849019,0.08334552,-0.9259624,2.270005,0.02216491,-3.244361,-0.02478709,0.9347246,-0.01272074,-0.3542793,2.369505,221.4711,357.8591,0.6039767,0.004210813,-0.7969905,-0.2053973,0.02048122,-0.5648698,1.311819,0.04195894,-5.059301,-0.4620748,0.08412221,2.007855,-0.7477437,-0.03732482,0.6629378,-0.05535159,0.9984476,-0.006217662,-0.6616765,-0.04134388,-0.748649,moving,-15.524646369895525,1.7075777204462879,-12.96003173307208,2.399092780841983,-0.9581859999999998,0.01979403,-1.8149399999999996,-0.2675425312574679,0.02871217233190073,0.9631182147639251,-15.070752342182644,2.1253631493701937,2.655015244039744,2.6562080705703592,2.128395969003359
3377,05/05/2023 15:32:42.976932,3560,True,True,True,True,Eyes,2.268066,0.02187924,-3.24468,-0.4400651,-0.001564243,-0.8979645,0.0,0.0,0.0,0.0,0.0,0.0,0.0,3.863089,0.07618264,-0.8838863,2.265297,0.02212631,-3.252452,-0.02532184,0.9323036,-0.01535856,-0.3604625,2.687747,222.228,357.9264,0.6005052,0.004362364,-0.7996085,-0.1930735,0.01925234,-0.5309776,1.284623,0.0424319,-5.056227,-0.4650983,0.08604353,2.007618,-0.7388515,-0.0361429,0.6728988,-0.05828765,0.9982458,-0.01038253,-0.6713433,-0.04689283,-0.7396621,moving,-16.21220991197669,1.9939538956564264,-13.043430141386143,2.454110257563848,-0.9806739999999998,0.020305590000000002,-1.803775,-0.2790398536189986,0.03341200028264706,0.9596980674586272,-15.76404948082316,2.3919713561595444,3.202131736476039,3.2020164134350955,2.721328872662481
3378,05/05/2023 15:32:42.996994,3561,True,True,True,True,Eyes,2.26739,0.02189828,-3.245929,-0.4415802,-0.00187769,-0.8972198,0.0,0.0,0.0,0.0,0.0,0.0,0.0,3.876293,0.06617637,-0.8413897,2.260412,0.02298803,-3.260057,-0.0250207,0.9298769,-0.01722142,-0.3666148,2.887413,222.9858,358.0545,0.5975887,0.004487923,-0.8017899,-0.1814891,0.01809721,-0.499119,1.258547,0.03285307,-5.053263,-0.4683124,0.08808602,2.007364,-0.7299351,-0.03390508,0.6826751,-0.0591596,0.9981548,-0.01368169,-0.6809515,-0.05037352,-0.7305939,moving,-16.876796728582235,2.1873105220312166,-13.132058883248273,2.512609310828065,-1.001865,0.009865039999999999,-1.793206,-0.2901209659975545,0.036524955801686604,0.9562926962787839,-16.434272147426807,2.56837759933424,3.7584805197635873,3.7588403573800706,3.302684142348395
3379,05/05/2023 15:32:43.007341,3562,True,True,True,True,Eyes,2.266529,0.02192153,-3.24741,-0.4435128,-0.002489382,-0.8962646,0.0,0.0,0.0,0.0,0.0,0.0,0.0,3.889021,0.05467042,-0.7974529,2.255135,0.022948,-3.267604,-0.02434765,0.9273466,-0.01909361,-0.3729222,3.070939,223.7664,358.2258,0.5951197,0.00459239,-0.8036236,-0.1705997,0.01701137,-0.4691718,1.232568,0.02787589,-5.049611,-0.4715904,0.09016978,2.007103,-0.7206727,-0.03091657,0.6925861,-0.05939829,0.9980852,-0.01725323,-0.6907266,-0.05357235,-0.7211292,moving,-17.53383175424045,2.363292501167053,-13.222419298881887,2.572302624293014,-1.022567,0.004927890000000001,-1.7820069999999997,-0.3010358858426868,0.03932274041111168,0.9528017377824262,-17.09689605243697,2.7279941100203766,4.3149741572424745,4.31647571425927,3.8776036353096663
3380,05/05/2023 15:32:43.027185,3563,True,True,True,True,Eyes,2.265451,0.02197044,-3.249063,-0.44562,-0.003209469,-0.8952165,0.0,0.0,0.0,0.0,0.0,0.0,0.0,3.901094,0.03742128,-0.7528501,2.249967,0.02314408,-3.274725,-0.02409217,0.9247254,-0.02288874,-0.3791817,3.47438,224.5446,358.4385,0.5928611,0.004686868,-0.8052908,-0.1603637,0.01599069,-0.4410215,1.20566,0.02215703,-5.045238,-0.4748117,0.09221751,2.006847,-0.711282,-0.02719931,0.7023807,-0.06191527,0.9977913,-0.02406097,-0.700175,-0.06060221,-0.711395,moving,-18.183626577630807,2.770569969007542,-13.311171316492405,2.630972833146566,-1.0443069999999999,-0.0009870499999999997,-1.7705130000000002,-0.3117341373547939,0.04592807777048649,0.9490587475196054,-17.751955847179172,3.1130578443559127,4.867982840344992,4.8744545984280006,4.466875105263141
3381,05/05/2023 15:32:43.047079,3564,True,True,True,True,Eyes,2.264232,0.02205152,-3.250871,-0.4480945,-0.004090092,-0.8939768,0.0,0.0,0.0,0.0,0.0,0.0,0.0,3.911732,0.01815326,-0.7104683,2.244585,0.02395075,-3.281463,-0.02453049,0.9221318,-0.0281047,-0.3850734,4.055604,225.2819,358.6445,0.5907871,0.004773,-0.8068131,-0.1507419,0.01503125,-0.4145602,1.179162,0.008580948,-5.040214,-0.4780051,0.09424762,2.006594,-0.7022337,-0.02359595,0.7115557,-0.06688545,0.9972167,-0.03294041,-0.708798,-0.07072456,-0.7018576,moving,-18.77447230057956,3.350266319600549,-13.399107770952122,2.6891464646565586,-1.0654229999999998,-0.015369802,-1.7587509999999997,-0.32135067148563906,0.05534022577226264,0.9453418080611172,-18.347353428642087,3.66714400744259,5.397230979346533,5.415867731857746,5.043968108795208
3382,05/05/2023 15:32:43.056858,3565,True,True,True,True,Eyes,2.262842,0.02211646,-3.252846,-0.4506811,-0.004808781,-0.8926721,0.0,0.0,0.0,0.0,0.0,0.0,0.0,3.921549,0.0109207,-0.6669736,2.240103,0.02484534,-3.287072,-0.02479471,0.9195744,-0.03032005,-0.3909589,4.309871,226.0184,358.7419,0.5888757,0.004852436,-0.8082088,-0.1416974,0.01412937,-0.3896866,1.154029,-0.01052794,-5.035256,-0.4812825,0.09633023,2.006335,-0.6930726,-0.02189338,0.7205351,-0.06930895,0.9969319,-0.03637566,-0.717528,-0.07515051,-0.6924636,moving,-19.3487321472077,3.579133606397044,-13.489309305424477,2.7488332398710646,-1.086074,-0.03537328,-1.7481840000000002,-0.330741547427013,0.05891374009432918,0.9418807018003974,-18.926413635158482,3.879767561799863,5.893453757214353,5.917958663041179,5.553477823213919
3383,05/05/2023 15:32:43.076892,3566,True,True,True,True,Eyes,2.261311,0.0222027,-3.254952,-0.4535584,-0.005743744,-0.8912081,0.0,0.0,0.0,0.0,0.0,0.0,0.0,3.929923,0.005775481,-0.6287203,2.234687,0.02454963,-3.293201,-0.02542158,0.9171711,-0.03286675,-0.3963217,4.613806,226.692,358.8169,0.5871062,0.004925433,-0.8094947,-0.1331955,0.01328161,-0.3663054,1.129575,-0.01731242,-5.028802,-0.4843781,0.09829773,2.006088,-0.6845661,-0.02058026,0.7286608,-0.07268348,0.996547,-0.04013861,-0.7253187,-0.08043911,-0.6836981,moving,-19.843612529674893,3.8402382851108636,-13.574481566458852,2.805232914481684,-1.105112,-0.04186205,-1.735601,-0.33877939977337257,0.06301414486981996,0.9387533361574943,-19.425358988570522,4.125222875623294,6.321838690176698,6.353993952718662,5.997927984403509
3384,05/05/2023 15:32:43.096992,3567,True,True,True,True,Eyes,2.259613,0.02231512,-3.2572,-0.4564757,-0.006089231,-0.889715,0.0,0.0,0.0,0.0,0.0,0.0,0.0,3.937432,0.005789265,-0.5912247,2.229866,0.02520216,-3.298486,-0.0270572,0.9147872,-0.0356117,-0.4014525,4.984061,227.336,358.7973,0.5854608,0.004993171,-0.810685,-0.1252038,0.01248471,-0.3443271,1.106322,-0.02676277,-5.023907,-0.4876012,0.1003464,2.005832,-0.6762075,-0.02091034,0.7364143,-0.07809597,0.9959994,-0.04342989,-0.7325601,-0.08687861,-0.6751353,moving,-20.316650726699965,4.170632520024202,-13.66311150314857,2.8639666602208638,-1.1235439999999999,-0.051964930000000006,-1.7254210000000003,-0.3463991921207933,0.06822426956649062,0.9356029998828785,-19.90219185180386,4.438569592992025,6.737326008795078,6.780631229355604,6.434710404739917
3385,05/05/2023 15:32:43.107230,3568,True,True,True,True,Eyes,2.257732,0.02242536,-3.2596,-0.4596543,-0.006202828,-0.8880762,0.0,0.0,0.0,0.0,0.0,0.0,0.0,3.944265,0.01533732,-0.5560017,2.224275,0.02590263,-3.304318,-0.02793101,0.9125503,-0.03488312,-0.4065159,4.95504,227.967,358.6992,0.5839233,0.005056834,-0.8117929,-0.1176916,0.01173563,-0.3236674,1.084559,-0.03679365,-5.018416,-0.4908191,0.1023923,2.005576,-0.6679297,-0.02261582,0.743881,-0.07933798,0.9960061,-0.04095642,-0.7399837,-0.08637401,-0.6670563,moving,-20.747733007879745,4.0865087194664005,-13.75155727438777,2.9226304459309693,-1.139716,-0.06269628,-1.7140980000000003,-0.35346601122117965,0.06666238648707852,0.9330690182024928,-20.337165486615365,4.348867227847186,7.053137839347731,7.0923259604666935,6.738277738639917
3386,05/05/2023 15:32:43.127094,3569,True,True,True,True,Eyes,2.255683,0.02251696,-3.262137,-0.4628969,-0.005861663,-0.8863927,0.0,0.0,0.0,0.0,0.0,0.0,0.0,3.950263,0.02805366,-0.5232201,2.218063,0.02591354,-3.310384,-0.02786351,0.910464,-0.03201585,-0.4114051,4.658978,228.5759,358.5975,0.5824782,0.005116763,-0.81283,-0.1106301,0.01103149,-0.3042474,1.062029,-0.03214872,-5.013721,-0.4939808,0.1044018,2.005326,-0.6599392,-0.02439449,0.7509232,-0.07708041,0.9963973,-0.03537215,-0.7473549,-0.08122493,-0.6594419,moving,-21.1408509108326,3.760771171036803,-13.838405146578754,2.9802569695726246,-1.156034,-0.05806226,-1.7033370000000003,-0.35998597599712606,0.061193363435699984,0.9309486490096262,-20.73411211883018,4.024479084885572,7.316843361624755,7.344039525939127,6.974322509983716
3387,05/05/2023 15:32:43.147038,3570,True,True,True,True,Eyes,2.253448,0.02259374,-3.264797,-0.4663607,-0.005476053,-0.8845776,0.0,0.0,0.0,0.0,0.0,0.0,0.0,3.955582,0.03940023,-0.4914184,2.21189,0.02546356,-3.316106,-0.02807642,0.9083869,-0.03000351,-0.4161069,4.46644,229.164,358.5034,0.5811117,0.005172875,-0.8138071,-0.1039923,0.0103696,-0.2859925,1.03947,-0.01876565,-5.009723,-0.4971836,0.1064375,2.005072,-0.6521336,-0.02603915,0.7576569,-0.07597783,0.996623,-0.03114401,-0.7542873,-0.07787517,-0.6519098,moving,-21.502455633604374,3.5438279700975484,-13.926342968890136,3.038644448633029,-1.17242,-0.04422921,-1.6936170000000002,-0.36593410651668135,0.057524795494869274,0.9288611024657133,-21.099145657840797,3.80663995687414,7.5728408850367135,7.5929370798659175,7.213800351776888
3388,05/05/2023 15:32:43.157121,3571,True,True,True,True,Eyes,2.251024,0.02266106,-3.267572,-0.4699495,-0.004792519,-0.8826803,0.0,0.0,0.0,0.0,0.0,0.0,0.0,3.960245,0.04723222,-0.4607172,2.20525,0.0251727,-3.321787,-0.02848928,0.9063003,-0.02908918,-0.4206688,4.398685,229.7378,358.4387,0.5798116,0.005225173,-0.8147336,-0.09775275,0.009747427,-0.268833,1.017791,-0.009492723,-5.005602,-0.5004354,0.1085045,2.004815,-0.6444525,-0.02716587,0.7641618,-0.07611348,0.9966844,-0.02875795,-0.7608469,-0.07669614,-0.6443835,moving,-21.845934908748305,3.4813258397931,-14.01557455514857,3.097936942671932,-1.187459,-0.034665423,-1.6838149999999996,-0.3715202761717984,0.05637694499162638,0.9267115717758935,-21.44572040878163,3.7395759223120253,7.822004175979918,7.839740449381112,7.457799138248101
3389,05/05/2023 15:32:43.176866,3572,True,True,True,True,Eyes,2.248415,0.02271045,-3.270447,-0.4737616,-0.004164525,-0.8806432,0.0,0.0,0.0,0.0,0.0,0.0,0.0,3.964544,0.05646897,-0.4285045,2.198329,0.02494333,-3.327332,-0.02912539,0.9040956,-0.02819388,-0.4254032,4.344891,230.3342,358.352,0.5785669,0.0052738,-0.8156175,-0.09188759,0.009162582,-0.252703,0.9961993,-0.004759235,-5.001482,-0.50357,0.1104969,2.004566,-0.6363674,-0.02867675,0.7708527,-0.07665181,0.9967136,-0.02619985,-0.767568,-0.07576,-0.6364743,moving,-22.198531866518383,3.4193386286380014,-14.101554639339561,3.1550996209999993,-1.2021297000000002,-0.029702565,-1.67415,-0.3772402174167832,0.055236575203391626,0.9244666471714454,-21.80149256681482,3.6728495165920396,8.085703454245643,8.101287704470812,7.717325251753844
3390,05/05/2023 15:32:43.196613,3573,True,True,True,True,Eyes,2.245662,0.02274262,-3.273455,-0.4776992,-0.003391545,-0.8785169,0.0,0.0,0.0,0.0,0.0,0.0,0.0,3.968498,0.06337453,-0.3954792,2.191337,0.02456967,-3.332692,-0.02999399,0.9017987,-0.02828465,-0.4301856,4.405807,230.9393,358.2895,0.577368,0.005318673,-0.8164664,-0.08637433,0.008612826,-0.2375408,0.9738013,-0.0001571365,-4.996676,-0.5068481,0.1125809,2.004304,-0.6280815,-0.02976177,0.7775784,-0.07843237,0.9966007,-0.02520816,-0.7741848,-0.07682008,-0.6282808,moving,-22.556084252757234,3.489987429164118,-14.19143524324536,3.2149012874008145,-1.2175357,-0.024726806499999997,-1.6639839999999997,-0.3829806297205632,0.05623284820991154,0.9220432071680692,-22.16211462106254,3.7352416504894252,8.352504082823067,8.369171132060702,7.987645700544012
3391,05/05/2023 15:32:43.207051,3574,True,True,True,True,Eyes,2.242722,0.02274474,-3.276543,-0.4818175,-0.002657671,-0.8762676,0.0,0.0,0.0,0.0,0.0,0.0,0.0,3.972003,0.06604117,-0.362927,2.18433,0.02406027,-3.337814,-0.03019794,0.8995396,-0.02833453,-0.4348723,4.429969,231.5358,358.2939,0.5762054,0.005359756,-0.817287,-0.08119187,0.008096057,-0.2232884,0.9511765,5.406328e-06,-4.99127,-0.5100217,0.1145976,2.004053,-0.6199486,-0.02968468,0.7840808,-0.07897227,0.9965705,-0.02471157,-0.7806583,-0.07724054,-0.6201667,moving,-22.887147974027226,3.549643237931562,-14.27838700289719,3.272775812022635,-1.2331535000000002,-0.024054863672,-1.6534560000000003,-0.38828377777876943,0.05705561145942,0.9197719491515234,-22.49602707647701,3.7874013337631376,8.59570091509334,8.613212004216614,8.233738385844648
3392,05/05/2023 15:32:43.226974,3575,True,True,True,True,Eyes,2.239638,0.02271993,-3.279745,-0.4861046,-0.001958149,-0.8738985,0.0,0.0,0.0,0.0,0.0,0.0,0.0,3.97494,0.06542253,-0.3321276,2.176988,0.02334351,-3.342889,-0.02989047,0.8973634,-0.0283614,-0.4393649,4.42572,232.1106,358.3491,0.5750722,0.005396654,-0.8180846,-0.07632036,0.007610294,-0.2098911,0.9289524,0.0006930977,-4.985727,-0.5131333,0.1165755,2.003807,-0.6121305,-0.02872321,0.7902352,-0.07856722,0.9966044,-0.02463532,-0.7868443,-0.0771666,-0.6123086,moving,-23.180374968544747,3.601874419319091,-14.363595363114108,3.329544173169589,-1.2480356000000001,-0.022650412300000002,-1.6428379999999998,-0.39296971414821236,0.05776913816249647,0.9177350572083157,-22.79177791033148,3.8330087903913452,8.802827212462716,8.820984433367146,8.443206598799637
3393,05/05/2023 15:32:43.236743,3576,True,True,True,True,Eyes,2.236375,0.02266015,-3.282999,-0.4905235,-0.001373846,-0.8714269,0.0,0.0,0.0,0.0,0.0,0.0,0.0,3.977283,0.06297226,-0.3027949,2.16962,0.0225558,-3.347637,-0.02987903,0.8952265,-0.02933804,-0.4436394,4.533355,232.66,358.4212,0.5739624,0.005429083,-0.8188635,-0.07174113,0.007153676,-0.1972976,0.9073339,0.001864661,-4.980731,-0.5164697,0.1186961,2.003543,-0.6045824,-0.02746598,0.7960688,-0.07952803,0.996493,-0.02601735,-0.7925624,-0.07903942,-0.6046464,moving,-23.44323469111086,3.768058183397839,-14.45491240403311,3.3904168498302134,-1.2622861,-0.020691139,-1.6330939999999994,-0.3971160343008425,0.06031356228355968,0.9157844522891456,-23.056765850233255,3.9901695590731694,8.97443482566163,8.996252025882631,8.622736573858068
3394,05/05/2023 15:32:43.257001,3577,True,True,True,True,Eyes,2.232935,0.02256934,-3.286298,-0.4950137,-0.000960144,-0.8688847,0.0,0.0,0.0,0.0,0.0,0.0,0.0,3.979058,0.06180043,-0.2752357,2.162139,0.02167834,-3.352187,-0.03004106,0.8931634,-0.03030468,-0.4477037,4.647946,233.1833,358.4749,0.5728685,0.00545666,-0.8196289,-0.06743667,0.006724455,-0.1854597,0.8865172,-0.001152518,-4.975809,-0.5197443,0.1207782,2.003281,-0.597318,-0.0265281,0.8015657,-0.08079816,0.9963583,-0.02723506,-0.7979243,-0.08103303,-0.5972862,moving,-23.67525161179126,3.924401554229102,-14.544508551431719,3.4501973203026357,-1.2756217999999997,-0.022830858000000002,-1.6236220000000001,-0.40076206931505187,0.06270368167491329,0.9140339813491672,-23.290650409171366,4.138298992304994,9.117554923360002,9.143048643082771,8.773168259341546
3395,05/05/2023 15:32:43.276637,3578,True,True,True,True,Eyes,2.229318,0.02243976,-3.289627,-0.499601,-0.0006601578,-0.8662554,0.0,0.0,0.0,0.0,0.0,0.0,0.0,3.980351,0.06005896,-0.2489667,2.15449,0.0208273,-3.356564,-0.03055608,0.891122,-0.03200004,-0.4516016,4.854762,233.6875,358.5303,0.5717863,0.005479072,-0.820384,-0.06339046,0.006320988,-0.1743322,0.8661133,-0.004617766,-4.970829,-0.5226103,0.1226,2.003053,-0.5902448,-0.02555585,0.8068199,-0.08336093,0.9960846,-0.02943353,-0.8029087,-0.08463022,-0.5900641,moving,-23.88512292982501,4.168067824122132,-14.622875491577314,3.5025086449973966,-1.2883767000000002,-0.025445066,-1.614265,-0.40400826261330636,0.0664865779223894,0.9123359423670806,-23.502096106120593,4.371892506640734,9.25356962723237,9.286129259720822,8.921680728462334
3396,05/05/2023 15:32:43.287072,3579,True,True,True,True,Eyes,2.225492,0.02227992,-3.292926,-0.5040923,-0.0003638899,-0.8636497,0.0,0.0,0.0,0.0,0.0,0.0,0.0,3.981116,0.05868553,-0.2240977,2.146713,0.01979128,-3.360681,-0.03074802,0.8891708,-0.0330953,-0.4553401,4.982782,234.1721,358.5884,0.570711,0.005495882,-0.8211324,-0.05958704,0.005941729,-0.1638722,0.8463876,-0.01109089,-4.966243,-0.5258046,0.1246299,2.002801,-0.5834399,-0.02454124,0.8117855,-0.08481972,0.9959186,-0.03085313,-0.8077151,-0.08685635,-0.5831403,moving,-24.076447292316338,4.334758836844829,-14.710159607951004,3.560798883472669,-1.3003254000000002,-0.03088217,-1.6055620000000004,-0.4069817324992249,0.06904085921249001,0.9108233708114705,-23.694918070808956,4.530833970334964,9.360823688646262,9.39821041452667,9.036971434371226
3397,05/05/2023 15:32:43.307001,3580,True,True,True,True,Eyes,2.221484,0.02209453,-3.296244,-0.5086414,-7.972251e-05,-0.8609785,0.0,0.0,0.0,0.0,0.0,0.0,0.0,3.981426,0.05572951,-0.2020855,2.138844,0.01896112,-3.364624,-0.03082901,0.8873723,-0.03431833,-0.4587395,5.117084,234.615,358.6637,0.5696384,0.005506908,-0.8218767,-0.05601181,0.005585225,-0.1540399,0.8272289,-0.01489577,-4.961932,-0.5291815,0.1267764,2.002534,-0.5772148,-0.02322728,0.8162616,-0.08619998,0.9957436,-0.0326213,-0.8120297,-0.08919125,-0.5767603,moving,-24.22033506611371,4.516482752899802,-14.802385457406839,3.622446258724478,-1.3116151,-0.03385689,-1.597308,-0.4091863885638535,0.07185174890649146,0.9096174378303431,-23.83986874342386,4.705272913072205,9.417313936671345,9.460289429243652,9.102121604790991
3398,05/05/2023 15:32:43.327013,3581,True,True,True,True,Eyes,2.21729,0.02188133,-3.299566,-0.5131124,0.00037174,-0.8583213,0.0,0.0,0.0,0.0,0.0,0.0,0.0,3.981187,0.05504485,-0.1819482,2.130527,0.01816275,-3.368458,-0.0305274,0.8856965,-0.03428765,-0.4619891,5.102835,235.0367,358.7116,0.5685655,0.005512093,-0.8226191,-0.05265111,0.005250111,-0.1447975,0.8090408,-0.01909637,-4.958105,-0.5322312,0.1287149,2.00229,-0.5712681,-0.022395,0.8204578,-0.08575707,0.9957849,-0.03253024,-0.8162709,-0.08894355,-0.5707807,moving,-24.34176071960145,4.548677911488105,-14.885649361790808,3.678132060449088,-1.3214861999999998,-0.03725912,-1.5896469999999998,-0.4110999826615015,0.07229460885285373,0.9087190000460011,-23.962327637973274,4.734452067147197,9.453154338152759,9.496098782662102,9.13793743061712
3399,05/05/2023 15:32:43.346846,3582,True,True,True,True,Eyes,2.212911,0.0216414,-3.302891,-0.5175943,0.0008757667,-0.8556257,0.0,0.0,0.0,0.0,0.0,0.0,0.0,3.980595,0.05408178,-0.1645594,2.122096,0.01723292,-3.372172,-0.02965726,0.8842121,-0.03334484,-0.4649489,4.964934,235.4204,358.7669,0.5674884,0.005511342,-0.8233627,-0.04949204,0.004935104,-0.1361096,0.7909718,-0.01773268,-4.954714,-0.5354062,0.1307335,2.002037,-0.5658861,-0.02143933,0.8242048,-0.08345391,0.9960171,-0.0313896,-0.8202491,-0.08654604,-0.5654214,moving,-24.416788681450917,4.465074342229994,-14.972280167409751,3.736123847089438,-1.3311242,-0.0349656,-1.5825420000000001,-0.41233022945675285,0.07092529964875244,0.9082694251190936,-24.03811043512157,4.651660094427447,9.434349427224536,9.472597843050329,9.111941893095539
3400,05/05/2023 15:32:43.357025,3583,True,True,True,True,Eyes,2.208329,0.0213737,-3.306194,-0.5219736,0.001535463,-0.8529603,0.0,0.0,0.0,0.0,0.0,0.0,0.0,3.979419,0.05230726,-0.1498771,2.113304,0.01633573,-3.375597,-0.02877709,0.8828645,-0.03254267,-0.4676143,4.840068,235.7669,358.8282,0.5664046,0.005504589,-0.8241085,-0.04652252,0.004638998,-0.1279431,0.7739028,-0.01216057,-4.952194,-0.5387076,0.1328318,2.001776,-0.5610176,-0.0203777,0.8275532,-0.08124737,0.9962257,-0.03054838,-0.8238073,-0.08437469,-0.5605558,moving,-24.46142402430744,4.408017767312183,-15.062293902361787,3.796408960022336,-1.3394011999999997,-0.028496300000000002,-1.5765970000000005,-0.41306490277318103,0.06999520791417699,0.9080077791988944,-24.083203073926004,4.595275543430468,9.384397832239493,9.419008036009982,9.056212790106999
3401,05/05/2023 15:32:43.376678,3584,True,True,True,True,Eyes,2.203564,0.02105785,-3.309484,-0.5263505,0.002277166,-0.8502647,0.0,0.0,0.0,0.0,0.0,0.0,0.0,3.978004,0.05063455,-0.1369309,2.104285,0.01535835,-3.378992,-0.02736043,0.8816401,-0.03078341,-0.4701217,4.588867,236.0918,358.8906,0.5653108,0.005491747,-0.8248595,-0.04373117,0.004360659,-0.1202665,0.7574556,-0.007189759,-4.950082,-0.5418365,0.1348204,2.001529,-0.5564738,-0.01930022,0.8306408,-0.077188,0.9966076,-0.02855431,-0.8272718,-0.08000523,-0.5560758,moving,-24.478021472489882,4.230877638930057,-15.14755320527551,3.8535484027575664,-1.3468293999999998,-0.022548109,-1.5710899999999999,-0.41340822457946524,0.06717611665730042,0.9080644820728486,-24.100145934605795,4.422415593881508,9.310991882117479,9.338094850555164,8.970648051194223
3402,05/05/2023 15:32:43.396845,3585,True,True,True,True,Eyes,2.198603,0.02071563,-3.312754,-0.5306609,0.003059155,-0.8475786,0.0,0.0,0.0,0.0,0.0,0.0,0.0,3.976217,0.04770292,-0.123775,2.095167,0.01386211,-3.382008,-0.02601785,0.8803818,-0.02959784,-0.4726255,4.399378,236.4181,358.9751,0.5642056,0.005472238,-0.8256159,-0.0411073,0.004099019,-0.1130505,0.7414667,0.002207085,-4.948554,-0.5451158,0.1369043,2.001269,-0.5518965,-0.01783388,0.8337221,-0.07378867,0.9968941,-0.02752141,-0.8306417,-0.07670821,-0.5514983,moving,-24.501756740108622,4.128077657640643,-15.236867827352194,3.91343530865922,-1.3537002999999999,-0.011655025,-1.5665459999999998,-0.4138296251726342,0.0655329701824199,0.9079924578677021,-24.124205869694197,4.3218458890788405,9.244848839086721,9.267374919776001,8.896717185628534
3403,05/05/2023 15:32:43.406932,3586,True,True,True,True,Eyes,2.069825,0.01130717,-3.393934,-0.633788,0.02430681,-0.7731248,0.0,0.0,0.0,0.0,0.0,0.0,0.0,3.97422,0.04273435,-0.1122627,2.08568,0.01285605,-3.385058,-0.02482121,0.8791761,-0.02903373,-0.4749637,4.279956,236.7246,359.077,0.5630867,0.005446081,-0.8263797,-0.03864086,0.003853078,-0.1062674,0.7253817,0.008629652,-4.946501,-0.5482794,0.1389155,2.001018,-0.547587,-0.01606448,0.8365948,-0.07122436,0.9970819,-0.02747318,-0.8337122,-0.07462987,-0.5471333,moving,-17.53981280919605,5.451128310132334,-15.322982676555666,3.9712397448851764,-1.3602983,-0.004226398000000001,-1.5614429999999997,-0.3001285411674558,0.09061720939462885,0.949584849536702,-17.099456867088364,5.735908588163922,2.5993776600299014,2.665409162311046,2.503980166867851
3404,05/05/2023 15:32:43.427093,3587,True,True,True,True,Eyes,2.06944,0.01124716,-3.394038,-0.6339359,0.02429784,-0.7730038,0.0,0.0,0.0,0.0,0.0,0.0,0.0,3.971792,0.03821625,-0.101368,2.07599,0.01163704,-3.387773,-0.02338451,0.8780147,-0.02798755,-0.4772421,4.098258,237.0228,359.1757,0.5585589,0.005167145,-0.8294485,-0.4226578,-0.02460348,-0.3434295,0.7095589,0.01293313,-4.944977,-0.5514749,0.1409461,2.000766,-0.5433863,-0.01435022,0.83936,-0.06777755,0.9973397,-0.02682682,-0.8367421,-0.0714671,-0.5429134,moving,-17.811728152536027,5.2975230064467596,-15.40990459118418,4.029605405809054,-1.3664311,0.0012960899999999997,-1.5572039999999996,-0.3047051836852691,0.08793706222620593,0.9483785158228049,-17.373939854551953,5.581383268304275,2.6605646022374456,2.7159476176597637,2.503087903027449
3405,05/05/2023 15:32:43.447090,3588,True,True,True,True,Eyes,2.068685,0.01114396,-3.39422,-0.6342193,0.02421044,-0.7727741,0.0,0.0,0.0,0.0,0.0,0.0,0.0,3.969192,0.03631396,-0.09235048,2.066377,0.01012033,-3.390327,-0.02263941,0.8769297,-0.02754263,-0.4792946,4.014435,237.2917,359.2358,0.5547231,0.004928879,-0.83202,-0.3972983,-0.02312727,-0.3228238,0.6938169,0.01925739,-4.943324,-0.5547229,0.1430109,2.000507,-0.5395284,-0.01330427,0.8418623,-0.06610841,0.9974577,-0.02660401,-0.8393681,-0.07000779,-0.5390362,moving,-18.05183519477904,5.225968633939044,-15.498223645731866,4.088966178550715,-1.3725601000000003,0.009137059999999999,-1.5529969999999995,-0.30871219412417794,0.08663499742825115,0.9472017915671063,-17.6162421072043,5.507360113280784,2.746056644729913,2.795300793651053,2.5490868084898772
3406,05/05/2023 15:32:43.456757,3589,True,True,True,True,Eyes,2.067587,0.01104151,-3.394532,-0.6347111,0.0239313,-0.7723788,0.0,0.0,0.0,0.0,0.0,0.0,0.0,3.966177,0.03611232,-0.08355045,2.056751,0.008998083,-3.392423,-0.02297386,0.8758055,-0.02844153,-0.4812776,4.124969,237.5532,359.261,0.5513343,0.004716659,-0.8342708,-0.3734604,-0.02173964,-0.3034543,0.6788548,0.02218536,-4.942088,-0.5579216,0.1450443,2.000252,-0.5356883,-0.01286473,0.844318,-0.0676178,0.9973266,-0.02770488,-0.8417043,-0.07193209,-0.535126,moving,-18.279683803917802,5.326488958342353,-15.585150232895339,4.14743053726957,-1.3778962000000003,0.013187277,-1.549665,-0.3124338360025358,0.08818375544555714,0.9458375239271273,-17.84598442708396,5.601184369760991,2.8890282339727564,2.941205522514486,2.6878934984660385
3407,05/05/2023 15:32:43.476945,3590,True,True,True,True,Eyes,2.06612,0.01093345,-3.394902,-0.6353559,0.02381597,-0.7718521,0.0,0.0,0.0,0.0,0.0,0.0,0.0,3.96307,0.03447085,-0.07385492,2.046709,0.008877547,-3.394623,-0.02294662,0.8746215,-0.02882839,-0.4834044,4.164075,237.8333,359.2952,0.5482534,0.004523043,-0.8362998,-0.3510528,-0.02043526,-0.2852471,0.6639448,0.01899121,-4.940455,-0.5610503,0.147033,2.000005,-0.5315876,-0.01226767,0.8469147,-0.06801075,0.9972848,-0.02824287,-0.8442686,-0.07261284,-0.5309786,moving,-18.511258285913378,5.368635511618003,-15.670106808566938,4.204610715780093,-1.3827642,0.010113663000000002,-1.5458319999999999,-0.316237817826016,0.08876164007164816,0.9445183948418852,-18.07955108882009,5.6380766791474155,3.0182020042953757,3.0703575431133987,2.803613098802549
3408,05/05/2023 15:32:43.496932,3591,True,True,True,True,Eyes,2.0643,0.01078477,-3.395326,-0.6362386,0.02383838,-0.771124,0.0,0.0,0.0,0.0,0.0,0.0,0.0,3.959552,0.03054764,-0.06058836,2.036412,0.008601665,-3.396411,-0.02135957,0.8733004,-0.02715711,-0.4859554,3.910162,238.1668,359.3733,0.5454435,0.004346041,-0.8381361,-0.3299896,-0.01920914,-0.2681323,0.6482247,0.01929231,-4.938579,-0.5643095,0.1491042,1.999747,-0.5267822,-0.01091236,0.8499302,-0.06370094,0.9976125,-0.02667304,-0.8476099,-0.06819223,-0.5262197,moving,-18.763545960480304,5.1409166309381975,-15.758559387049763,4.264170672381676,-1.3881872999999998,0.010690645,-1.5421679999999998,-0.3205025503714478,0.084878674610427,0.9434372123616699,-18.33431689389771,5.411706457225376,3.091784622808092,3.1302759914012404,2.8198165031754114
3409,05/05/2023 15:32:43.506986,3592,True,True,True,True,Eyes,2.062145,0.0106479,-3.395776,-0.6373462,0.02379725,-0.77021,0.0,0.0,0.0,0.0,0.0,0.0,0.0,3.955951,0.02748662,-0.04320574,2.026137,0.007444414,-3.39807,-0.01971186,0.8717139,-0.02541738,-0.4889583,3.645894,238.5602,359.454,0.5428721,0.004183015,-0.8398047,-0.3101902,-0.01805659,-0.2520443,0.6310227,0.02930989,-4.93507,-0.5676446,0.1512241,1.999483,-0.5210626,-0.009510132,0.8534657,-0.05922228,0.9979308,-0.02503681,-0.8514616,-0.06358992,-0.5205476,moving,-19.05914267498697,4.900653384090336,-15.84901566544869,4.325137268230023,-1.3951143,0.021865476000000002,-1.5369999999999995,-0.3254768933382033,0.08077671147467279,0.942093332238506,-18.632787290203726,5.172337203842417,3.2352682023438817,3.261308666315122,2.909833704817673
3410,05/05/2023 15:32:43.526979,3593,True,True,True,True,Eyes,2.059651,0.01056671,-3.396303,-0.6387764,0.02385154,-0.7690226,0.0,0.0,0.0,0.0,0.0,0.0,0.0,3.951918,0.02591886,-0.01889753,2.015981,0.007605898,-3.399183,-0.01985096,0.8696145,-0.02613014,-0.4926396,3.727143,239.047,359.4959,0.5405093,0.00403286,-0.8413281,-0.2915788,-0.0169732,-0.2369217,0.6121749,0.03860607,-4.929698,-0.5707252,0.1531823,1.999238,-0.5138243,-0.008779877,0.8578507,-0.06027086,0.9978464,-0.02588756,-0.8557758,-0.06500504,-0.5132468,moving,-19.44024204461981,4.9991697408613955,-15.932527162099117,4.381461574835665,-1.4038061000000002,0.031000172,-1.5305150000000003,-0.331696978935929,0.08220788517432762,0.9397972772082467,-19.017132373992336,5.261453088387688,3.53286337319463,3.5616887954216385,3.207674294120647
3411,05/05/2023 15:32:43.546736,3594,True,True,True,True,Eyes,2.056825,0.01051165,-3.396857,-0.6404539,0.02430228,-0.767612,0.0,0.0,0.0,0.0,0.0,0.0,0.0,3.947825,0.0269834,0.009870052,2.005014,0.008790491,-3.400879,0.01885564,-0.8672348,0.02395165,0.4969657,3.456149,239.614,359.4892,0.5383282,0.003895716,-0.8427259,-0.2740841,-0.0159548,-0.2227063,0.5908242,0.03756269,-4.921489,-0.5738943,0.1551965,1.998986,-0.5053396,-0.008898246,0.8628751,-0.05651082,0.9981415,-0.02280219,-0.8610685,-0.06028461,-0.5049032,moving,-19.874273834990277,4.7527979837834335,-16.01838637118555,4.4394021613939385,-1.4141898,0.028772199000000005,-1.52061,-0.338922841381592,0.0779529202855667,0.9375791332955257,-19.455263977484798,5.013643472750065,3.850042299547736,3.8686024705334665,3.4845201627124007
3412,05/05/2023 15:32:43.556801,3595,True,True,True,True,Eyes,2.053663,0.01050449,-3.397394,-0.6423418,0.02470365,-0.7660201,0.0,0.0,0.0,0.0,0.0,0.0,0.0,3.943281,0.03029008,0.04032993,1.994323,0.009272162,-3.402146,0.0166743,-0.864805,0.01927284,0.5014607,2.869283,240.2013,359.4544,0.5363048,0.003770947,-0.8440158,-0.2576391,-0.01499752,-0.209344,0.5667725,0.05044382,-4.911684,-0.5772063,0.1573018,1.998724,-0.4965183,-0.00951088,0.8679742,-0.04816917,0.998701,-0.01661149,-0.8666888,-0.0500575,-0.4963314,moving,-20.303769343692682,4.1772076907026126,-16.10805092077215,4.499966089507894,-1.4275505000000002,0.041171658,-1.509538,-0.3461861748723205,0.06833736997604353,0.9356736547250871,-19.88918962140866,4.445206480599787,4.204454013819599,4.208114312662395,3.781535202562437
3413,05/05/2023 15:32:43.577015,3596,True,True,True,True,Eyes,2.050182,0.0105739,-3.397962,-0.6444508,0.0253546,-0.7642253,0.0,0.0,0.0,0.0,0.0,0.0,0.0,3.938687,0.03079259,0.06873655,1.983762,0.01045269,-3.403455,0.01663662,-0.8623704,0.0188804,0.5056522,2.830904,240.757,359.4493,0.5344174,0.003658538,-0.8452126,-0.2421807,-0.01409766,-0.1967833,0.542732,0.07382559,-4.900399,-0.5803174,0.1592797,1.998477,-0.4880781,-0.00960002,0.8727471,-0.04778768,0.9987335,-0.01573911,-0.8714906,-0.04938849,-0.4879188,moving,-20.701432254359382,4.176376966651331,-16.192231069911298,4.556872283740151,-1.44103,0.0633729,-1.496944,-0.3526764340767771,0.06814752403188777,0.9332605457947429,-20.290355865515057,4.437245293848249,4.521815645764162,4.5252261830934515,4.0998704195441285
3414,05/05/2023 15:32:43.596711,3597,True,True,True,True,Eyes,2.046387,0.0106812,-3.398508,-0.646582,0.02620129,-0.7623943,0.0,0.0,0.0,0.0,0.0,0.0,0.0,3.933689,0.03188453,0.09791756,1.972726,0.01229988,-3.404807,0.01524621,-0.8598942,0.01574184,0.5100017,2.442906,241.3318,359.4171,0.5326466,0.003559191,-0.84633,-0.2276499,-0.0132518,-0.1849763,0.5194265,0.07847805,-4.890232,-0.5835235,0.161317,1.998222,-0.4793318,-0.01016353,0.877575,-0.042277,0.9990395,-0.01152145,-0.876615,-0.04262383,-0.479301,moving,-21.10613357975748,3.8276759758571597,-16.27893191547666,4.615494101227147,-1.4532995,0.06617817,-1.4854250000000002,-0.3593972552557231,0.062295546663669134,0.9311029678691186,-20.699013767875204,4.090278936074628,4.891507720359206,4.891066683893911,4.451176760319581
3415,05/05/2023 15:32:43.607257,3598,True,True,True,True,Eyes,2.042318,0.01083457,-3.399067,-0.6489081,0.02699639,-0.7603877,0.0,0.0,0.0,0.0,0.0,0.0,0.0,3.92849,0.02967817,0.1267958,1.961964,0.01330365,-3.405951,0.01341049,-0.8574273,0.0128509,0.5142701,2.053384,241.8992,359.4393,0.5309758,0.003472593,-0.8473796,-0.2139909,-0.0124567,-0.1738778,0.4955973,0.09628525,-4.879197,-0.5867062,0.1633403,1.99797,-0.4706933,-0.009779371,0.8822431,-0.0362147,0.9993101,-0.008244194,-0.8815537,-0.03583064,-0.4707226,moving,-21.485411763518407,3.495439842595753,-16.364937278786368,4.67371539675954,-1.4663667,0.0829816,-1.4732459999999996,-0.3656741227682983,0.056746557459455546,0.9290114346896216,-21.082006097181814,3.7598090886248907,5.2551664938776,5.25429274311318,4.804785424712213
3416,05/05/2023 15:32:43.626707,3599,True,True,True,True,Eyes,2.037991,0.0110463,-3.399644,-0.6512696,0.02761829,-0.7583438,0.0,0.0,0.0,0.0,0.0,0.0,0.0,3.923055,0.02959619,0.1538806,1.951385,0.01456672,-3.406875,0.01361947,-0.8550001,0.01298726,0.5182863,2.081772,242.4368,359.4366,0.5293893,0.003398611,-0.848372,-0.2011514,-0.01170929,-0.1634451,0.4725639,0.1127752,-4.868152,-0.5899396,0.1653958,1.997714,-0.4623877,-0.009827064,0.8866236,-0.03675154,0.9992917,-0.008090641,-0.8859161,-0.03632579,-0.4624214,moving,-21.846239078118952,3.561201442120409,-16.452257198921053,4.732868368724044,-1.4788211,0.09820848,-1.4612770000000004,-0.3714977579883347,0.05766937652316463,0.9266411601295261,-21.445937420264293,3.817381445594153,5.520874020997342,5.519768464348129,5.076904417010084
3417,05/05/2023 15:32:43.646601,3600,True,True,True,True,Eyes,2.033427,0.0112797,-3.400237,-0.6538457,0.0283046,-0.7560983,0.0,0.0,0.0,0.0,0.0,0.0,0.0,3.917189,0.04019218,0.1851912,1.940853,0.01620966,-3.407801,0.01466456,-0.8522621,0.01174094,0.5227775,2.02556,243.037,359.2707,0.5278739,0.003337478,-0.8493159,-0.1890823,-0.01100674,-0.1536384,0.4498993,0.1151334,-4.857771,-0.5931189,0.167416,1.997462,-0.4529771,-0.01272031,0.8914314,-0.0372719,0.9992942,-0.004680104,-0.8907427,-0.03534532,-0.4531315,moving,-22.258819753706593,3.4800980717630234,-16.538063562622998,4.791011346537731,-1.4909537,0.09892374,-1.4499699999999995,-0.37819255759277104,0.05619331929993482,0.9240198533040478,-21.862243100275453,3.7309541890454185,5.8699816791168375,5.86903271517563,5.428683903701503
3418,05/05/2023 15:32:43.657143,3601,True,True,True,True,Eyes,2.028641,0.01149373,-3.400808,-0.6563182,0.02875409,-0.7539361,0.0,0.0,0.0,0.0,0.0,0.0,0.0,3.911341,0.04962678,0.2161155,1.930628,0.01694476,-3.408834,0.01534914,-0.8495401,0.01037173,0.5271987,1.937339,243.6303,359.1318,0.5264181,0.00328848,-0.8502192,-0.1777374,-0.01034633,-0.1444201,0.4257383,0.1226387,-4.845307,-0.5964797,0.1695527,1.997194,-0.4436519,-0.0151435,0.8960713,-0.03701535,0.9993137,-0.001438307,-0.8954346,-0.0338065,-0.4439079,moving,-22.668809151625265,3.3610583071050053,-16.628721742188155,4.852516035855628,-1.5048897,0.10569394,-1.4364729999999999,-0.38483909697723034,0.05411259124450282,0.9213960696316941,-22.27597734747225,3.607617714441905,6.221860609939948,6.221503200215416,5.782842527863899
3419,05/05/2023 15:32:43.676987,3602,True,True,True,True,Eyes,2.023673,0.01168933,-3.401385,-0.6589602,0.0290254,-0.7516176,0.0,0.0,0.0,0.0,0.0,0.0,0.0,3.905374,0.05819092,0.2465796,1.920905,0.0167373,-3.409688,0.01661005,-0.8468294,0.01053501,0.5315008,2.034384,244.2105,359.0291,0.5250122,0.003249926,-0.8510882,-0.1670732,-0.009725552,-0.1357549,0.4021944,0.1299827,-4.83289,-0.599676,0.1715841,1.996941,-0.4344621,-0.01693303,0.900531,-0.0393305,0.9992262,-0.0001862051,-0.899831,-0.03549923,-0.4347919,moving,-23.057040642163983,3.4297119079098737,-16.714870758714177,4.910990201952124,-1.5187106000000001,0.11324540000000001,-1.4232019999999999,-0.39105323457082297,0.05506012160064721,0.9187196451584014,-22.66755095494184,3.667514458946767,6.513692697436168,6.512856839739259,6.081170400671548
3420,05/05/2023 15:32:43.696996,3603,True,True,True,True,Eyes,2.018527,0.01194118,-3.401973,-0.661535,0.02887872,-0.7493581,0.0,0.0,0.0,0.0,0.0,0.0,0.0,3.899681,0.06242518,0.272872,1.911618,0.01652761,-3.410469,0.01805279,-0.8443877,0.01218875,0.5352896,2.28734,244.7244,359.0,0.5236473,0.003220316,-0.8519288,-0.1570488,-0.009142019,-0.1276096,0.3792126,0.1293984,-4.820573,-0.602646,0.1734722,1.996705,-0.4262785,-0.01743808,0.9044241,-0.04353613,0.9990511,-0.001257121,-0.9035439,-0.03991101,-0.4266331,moving,-23.38608279578596,3.6589759920901614,-16.794877497836094,4.965345643957629,-1.5324054,0.11287079,-1.4101040000000005,-0.39624301599021505,0.05859402201217032,0.9162741465264989,-22.999233277803167,3.8849347746030634,6.720964559047403,6.719418795330643,6.297723262499736
3421,05/05/2023 15:32:43.706775,3604,True,True,True,True,Eyes,2.013177,0.01225151,-3.402579,-0.6642557,0.02895887,-0.7469443,0.0,0.0,0.0,0.0,0.0,0.0,0.0,3.894163,0.06311634,0.296288,1.90219,0.018215,-3.411394,0.01965341,-0.8420987,0.01458348,0.5387679,2.62155,245.1988,359.0027,0.522316,0.003200189,-0.8527458,-0.1476258,-0.008593498,-0.119953,0.3583534,0.1227484,-4.81038,-0.6058416,0.175503,1.996452,-0.4186858,-0.017386,0.9079649,-0.04881444,0.9988022,-0.0033842,-0.9068184,-0.0457387,-0.419033,moving,-23.66622221629819,3.997638165546322,-16.880899965189098,5.023811439241133,-1.5438366000000001,0.1045334,-1.3989860000000003,-0.40058813031161805,0.06387726699605854,0.9140289290012722,-23.281459117752156,4.209804991292603,6.863010136841065,6.862479846166523,6.452113139333541
3422,05/05/2023 15:32:43.726522,3605,True,True,True,True,Eyes,2.007644,0.01256562,-3.403177,-0.6668648,0.02920564,-0.7446062,0.0,0.0,0.0,0.0,0.0,0.0,0.0,3.888206,0.06558786,0.3204856,1.892024,0.0198815,-3.412479,0.01877803,-0.8397956,0.01189024,0.5424474,2.312108,245.6975,358.9311,0.5210106,0.00319009,-0.8535441,-0.1387683,-0.008077888,-0.1127558,0.3383586,0.1148627,-4.801507,-0.6090991,0.1775739,1.996194,-0.4107963,-0.01863976,0.9115366,-0.04443908,0.999012,0.0004014465,-0.9106435,-0.04034294,-0.4112187,moving,-23.95570402797101,3.669811326812159,-16.96853132280595,5.083436162951912,-1.5536653999999999,0.0949812,-1.3890280000000002,-0.40533458804741573,0.0585127261395568,0.9122938981366906,-23.573859238079983,3.8852454482525793,7.13043897702429,7.128738849835554,6.713122809623706
3423,05/05/2023 15:32:43.746835,3606,True,True,True,True,Eyes,2.001957,0.01287777,-3.403783,-0.669664,0.02941247,-0.7420815,0.0,0.0,0.0,0.0,0.0,0.0,0.0,3.88199,0.0704803,0.3481922,1.88235,0.02029052,-3.413563,0.01794527,-0.8372468,0.008953266,0.5464572,1.983107,246.2435,358.8382,0.5197254,0.00318913,-0.8543272,-0.1304422,-0.007593215,-0.1059905,0.3179828,0.1302027,-4.791307,-0.612299,0.1796076,1.995939,-0.4021246,-0.02026409,0.9153605,-0.03983439,0.9991956,0.004620461,-0.9147177,-0.03460483,-0.4026084,moving,-24.277066504941487,3.3092783705070836,-17.054568198862295,5.141998280560233,-1.5643672,0.10991218,-1.3777439999999999,-0.4105795623729814,0.05263571709844207,0.9103042475880766,-23.898457596184965,3.5282517976521337,7.4511043178895555,7.4513987982137975,7.031571644652702
3424,05/05/2023 15:32:43.766633,3607,True,True,True,True,Eyes,1.996122,0.01319627,-3.404418,-0.6725671,0.02969669,-0.73944,0.0,0.0,0.0,0.0,0.0,0.0,0.0,3.875242,0.0802993,0.3781452,1.873021,0.02056748,-3.414425,0.01935564,-0.8344628,0.008922659,0.5506521,2.075002,246.8174,358.7112,0.5184551,0.003196357,-0.8550987,-0.1226157,-0.007137622,-0.09963106,0.2971321,0.1451966,-4.779604,-0.6154964,0.1816401,1.995685,-0.3928156,-0.02247655,0.9193429,-0.04212968,0.9990914,0.00642519,-0.918652,-0.03620769,-0.3934056,moving,-24.63669814953013,3.357703692717905,-17.1404742114451,5.200527828746817,-1.5758889,0.12462912000000001,-1.365179,-0.41627153469833095,0.05325370150552115,0.907679438830264,-24.261202216718285,3.568957485962005,7.719563212808957,7.71941540055008,7.305257634644845
3425,05/05/2023 15:32:43.776735,3608,True,True,True,True,Eyes,1.990161,0.01352279,-3.405061,-0.6757061,0.02989992,-0.7365645,0.0,0.0,0.0,0.0,0.0,0.0,0.0,3.86799,0.09202318,0.4125051,1.863574,0.02104268,-3.415645,0.02055473,-0.8313269,0.007930378,0.5553469,2.063982,247.4616,358.5455,0.5171947,0.003211129,-0.8558615,-0.1152587,-0.006709364,-0.0936532,0.2752152,0.1457395,-4.767064,-0.6187091,0.1836824,1.99543,-0.3823344,-0.02536717,0.9236755,-0.04298362,0.9990292,0.009644537,-0.9230235,-0.03601548,-0.3830536,moving,-25.044871391756697,3.2774823406288087,-17.226731596573355,5.25934304047965,-1.5883588,0.12469681999999999,-1.3514190000000004,-0.4227593342427174,0.051811365262253446,0.9047597079853755,-24.673060653072813,3.4834687167802274,8.064811679679433,8.065425078112293,7.65516466388823
3426,05/05/2023 15:32:43.797052,3609,True,True,True,True,Eyes,1.984058,0.01387323,-3.40566,-0.6792865,0.02973651,-0.7332704,0.0,0.0,0.0,0.0,0.0,0.0,0.0,3.859989,0.1047427,0.4504271,1.854663,0.02158321,-3.416596,0.0225661,-0.8279064,0.008216463,0.5603518,2.229073,248.1512,358.3853,0.5159402,0.003232917,-0.8566183,-0.1083432,-0.006306802,-0.08803401,0.2517752,0.1505016,-4.752563,-0.6219165,0.1857202,1.995177,-0.3709929,-0.02815702,0.9282086,-0.04657346,0.9988465,0.01168499,-0.927467,-0.03889484,-0.3718765,moving,-25.47097222612678,3.3499050723665444,-17.31277550667478,5.318028751522791,-1.6028878,0.12891839000000002,-1.3359670000000001,-0.42945452820701946,0.05277067917692143,0.9015453134740832,-25.102832897826318,3.5463560914086414,8.392423084010357,8.392239541965715,7.9889810471693234
3427,05/05/2023 15:32:43.806988,3610,True,True,True,True,Eyes,1.97785,0.01423137,-3.40628,-0.6830919,0.02956885,-0.7297336,0.0,0.0,0.0,0.0,0.0,0.0,0.0,3.851782,0.1167503,0.4897256,1.845773,0.02266337,-3.417938,0.02504504,-0.8243082,0.009485554,0.5655076,2.519784,248.8647,358.247,0.5146892,0.003261635,-0.8573704,-0.1018426,-0.005928394,-0.08275197,0.2276793,0.1492438,-4.736657,-0.6252863,0.1878628,1.994908,-0.3591477,-0.03056136,0.9327801,-0.05201797,0.9985656,0.01268828,-0.9318299,-0.04396436,-0.3602222,moving,-25.908451089145153,3.5553423241470927,-17.40313899268146,5.379744544508279,-1.6180937000000002,0.12658043000000002,-1.3187190000000002,-0.43625369617357346,0.05580042105564183,0.8980918735239735,-25.54393378003895,3.7386152204660417,8.700517128077085,8.698780220232631,8.304567732766003
3428,05/05/2023 15:32:43.826606,3611,True,True,True,True,Eyes,1.971537,0.01458765,-3.406857,-0.68716,0.02944178,-0.7259094,0.0,0.0,0.0,0.0,0.0,0.0,0.0,3.84293,0.1237388,0.5314722,1.837074,0.02321468,-3.419138,0.02593122,-0.8205644,0.009247828,0.5708905,2.566831,249.6138,358.1645,0.513439,0.003296797,-0.8581195,-0.09573206,-0.005572691,-0.07778685,0.2028542,0.1436664,-4.720107,-0.6282853,0.1897685,1.994671,-0.3468231,-0.03199749,0.9373845,-0.05311548,0.9984841,0.0144309,-0.9364253,-0.04478466,-0.3479969,moving,-26.34386221020738,3.544271300860938,-17.48348488487478,5.434633986904493,-1.6342198000000001,0.12045172,-1.3009689999999998,-0.4430753803110806,0.055420452823552555,0.8947697590938978,-25.9831922176547,3.7199995251926308,9.061570344049011,9.05978793526945,8.670928213300042
3429,05/05/2023 15:32:43.837124,3612,True,True,True,True,Eyes,1.965133,0.01496142,-3.407461,-0.6914063,0.02920371,-0.7218757,0.0,0.0,0.0,0.0,0.0,0.0,0.0,3.834471,0.126017,0.5700893,1.828759,0.02366947,-3.420399,0.02725562,-0.8169983,0.01124835,0.5758857,2.852905,250.3134,358.188,0.5121871,0.003337748,-0.8588672,-0.08998813,-0.005238329,-0.07311964,0.1782457,0.1455588,-4.702293,-0.6314042,0.191751,1.994423,-0.3352256,-0.03158006,0.9416085,-0.05749112,0.9982612,0.01301248,-0.9403822,-0.04977201,-0.3364582,moving,-26.722281395076497,3.818447737160855,-17.567000610082044,5.491742669858904,-1.6505133,0.12188932999999999,-1.2818939999999999,-0.44886947480871975,0.059509261980550794,0.8916136477933805,-26.36463594451088,3.980283265590062,9.309493889919668,9.306937314921683,8.926527712853611
3430,05/05/2023 15:32:43.856881,3613,True,True,True,True,Eyes,1.802429,0.02443635,-3.421925,-0.795328,0.03151774,-0.6053594,0.0,0.0,0.0,0.0,0.0,0.0,0.0,3.825518,0.128052,0.6092973,1.820193,0.0244877,-3.421772,0.02813593,-0.8133495,0.01236607,0.580963,3.027069,251.0276,358.1981,0.5109314,0.003384367,-0.8596146,-0.08458885,-0.004924029,-0.06873246,0.1551193,0.1379891,-4.686494,-0.634729,0.1938652,1.994159,-0.3233809,-0.03140023,0.9457479,-0.06013715,0.9981109,0.01257599,-0.9443561,-0.05280774,-0.3246583,moving,-18.489381039728737,4.333011939908672,-17.655964725849326,5.5526474270184085,-1.6650737,0.1135014,-1.264722,-0.3163132731460394,0.07167396163446313,0.9459433149731162,-18.058645935366503,4.629615158757221,1.4450362720476866,1.4771910755409234,1.0070455425399634
3431,05/05/2023 15:32:43.876753,3614,True,True,True,True,Eyes,1.802094,0.02446175,-3.421978,-0.7956179,0.03145077,-0.6049817,0.0,0.0,0.0,0.0,0.0,0.0,0.0,3.816342,0.1263211,0.648838,1.811608,0.02506802,-3.423282,0.02773456,-0.8096932,0.01207807,0.5860733,2.984628,251.7497,358.2352,0.5058197,0.003713932,-0.862631,-0.567627,0.0237962,-0.1079988,0.1317294,0.1347167,-4.669916,-0.6378732,0.1958635,1.993911,-0.3114979,-0.0307557,0.9497491,-0.05907023,0.9981698,0.01294991,-0.9484092,-0.05206802,-0.3127446,moving,-19.17979634872539,4.282846483532228,-17.740023380306177,5.61021238208566,-1.6798786,0.10964868,-1.2466339999999998,-0.327714828575723,0.07055608808295703,0.9421383553570608,-18.755198469299586,4.568329305906717,1.935617280972196,1.9582763924515947,1.4546823728020053
3432,05/05/2023 15:32:43.886702,3615,True,True,True,True,Eyes,1.801421,0.02451201,-3.422089,-0.7961473,0.03173585,-0.6042701,0.0,0.0,0.0,0.0,0.0,0.0,0.0,3.807217,0.1240054,0.6861024,1.803222,0.0257101,-3.424725,0.02776219,-0.8061605,0.01280328,0.5909065,3.064076,252.4365,358.2996,0.5015306,0.003993655,-0.8651304,-0.5335693,0.02236842,-0.1015189,0.1087765,0.1384521,-4.652999,-0.6409814,0.1978385,1.993665,-0.3001174,-0.02963048,0.9534419,-0.05989264,0.9981307,0.01216672,-0.95202,-0.05345271,-0.301331,moving,-19.81712706693112,4.388271811961319,-17.82306966819818,5.667111558968857,-1.6944455,0.112742,-1.2282740000000003,-0.33813909059664965,0.07200791144449503,0.9383372833509255,-19.398023877743757,4.659567280439514,2.356927528354901,2.3689018569725278,1.8696593901998697
3433,05/05/2023 15:32:43.907052,3616,True,True,True,True,Eyes,1.800435,0.02454657,-3.422258,-0.7969131,0.03204489,-0.6032435,0.0,0.0,0.0,0.0,0.0,0.0,0.0,3.798472,0.1194565,0.7208066,1.794466,0.02633854,-3.426576,0.02670982,-0.8028112,0.01195241,0.5955148,2.923539,253.0931,358.3561,0.4979138,0.004232679,-0.8672159,-0.5015551,0.02102632,-0.09542773,0.08684924,0.1378112,-4.637253,-0.6442831,0.1999371,1.993402,-0.2892972,-0.02865021,0.9568104,-0.05712155,0.9982875,0.01262114,-0.9555334,-0.05100323,-0.2904383,moving,-20.390400923010187,4.275060968581599,-17.911237865911286,5.727579291597192,-1.7076167599999998,0.11147266,-1.2106770000000004,-0.3475628727347091,0.06989731745757015,0.9350478590572806,-19.976474148155475,4.5389724046305595,2.861492436810039,2.87333585617484,2.3828527510616997
3434,05/05/2023 15:32:43.927096,3617,True,True,True,True,Eyes,1.799155,0.02457826,-3.422512,-0.7978089,0.03247083,-0.6020354,0.0,0.0,0.0,0.0,0.0,0.0,0.0,3.789773,0.1158026,0.7533693,1.785949,0.02598017,-3.428273,0.02590961,-0.7995977,0.01162493,0.5998643,2.847341,253.7158,358.4229,0.4947106,0.004444486,-0.8690461,-0.4714618,0.01976474,-0.08970206,0.06567872,0.1447634,-4.622301,-0.6473418,0.2018816,1.993158,-0.2789832,-0.02748777,0.9599027,-0.05538128,0.9983871,0.01249397,-0.9586979,-0.04967503,-0.2800556,moving,-20.92009563482354,4.239731258488781,-17.992862589554175,5.783610601863267,-1.72027028,0.11878322999999999,-1.1940280000000003,-0.3562126449890253,0.06908033068263104,0.9318478835281858,-20.510873859199478,4.495029373524767,3.299346930253476,3.3094193944278794,2.828572490866569
3435,05/05/2023 15:32:43.946870,3618,True,True,True,True,Eyes,1.797579,0.02461271,-3.422819,-0.798911,0.03284581,-0.6005516,0.0,0.0,0.0,0.0,0.0,0.0,0.0,3.781423,0.1146326,0.7831616,1.777439,0.02591946,-3.430114,0.02631703,-0.7965103,0.012974,0.6039128,3.006786,254.2992,358.4936,0.4917939,0.004635941,-0.8706989,-0.4431741,0.01857886,-0.08431994,0.04554606,0.1484376,-4.608287,-0.6505208,0.2039026,1.992907,-0.2691936,-0.02625323,0.9627283,-0.05759389,0.9982782,0.01111853,-0.9613625,-0.05245423,-0.2702422,moving,-21.402590617820046,4.441179611281548,-18.077616801510207,5.841841487454117,-1.73189294,0.12251814,-1.1781729999999997,-0.3639684769334496,0.07212439349312823,0.9286144932533145,-20.99739182529849,4.682593096602433,3.6042196416689087,3.607950189582622,3.1414873899524225
3436,05/05/2023 15:32:43.957009,3619,True,True,True,True,Eyes,1.795724,0.02463206,-3.423248,-0.8001781,0.03341269,-0.5988312,0.0,0.0,0.0,0.0,0.0,0.0,0.0,3.772646,0.1139704,0.8127413,1.768726,0.02602333,-3.43181,0.02633455,-0.7934239,0.01330824,0.6079541,3.046049,254.8826,358.5306,0.4891295,0.004809168,-0.8721974,-0.4165837,0.01746412,-0.07926074,0.02493302,0.142073,-4.592774,-0.6506118,0.2039601,1.992901,-0.259397,-0.02560733,0.9654314,-0.05797052,0.9982588,0.01090224,-0.9640296,-0.05313854,-0.2604299,moving,-21.865049590934767,4.522667266796587,-18.080031981656617,5.8434949443937905,-1.74379298,0.11604967000000001,-1.1609640000000003,-0.37142232365435807,0.07321263651054423,0.9255731051691478,-21.463832236146484,4.75365718850573,4.008367124847628,4.008858198596267,3.5549754565179223
3528,05/05/2023 15:32:45.497047,3711,True,True,True,True,Eyes,0.9277207,0.0189217,-3.473025,-0.9833803,0.04569399,-0.1757133,0.0,0.0,0.0,0.0,0.0,0.0,0.0,3.250108,0.1621381,1.49308,0.8987101,0.02210128,-3.465633,0.03123687,-0.6412742,0.005803741,0.7666538,3.172329,280.1283,358.2114,0.2881945,0.00484403,-0.9575594,-0.3923711,0.005062908,0.1102755,-1.175706,0.1416223,-3.757191,-0.6506112,0.2039601,1.992899,0.1774675,-0.03116388,0.9836331,-0.04896172,0.9979811,0.04045215,-0.982908,-0.0553393,0.1755833,moving,-20.49318695678065,5.304395377262821,-18.080033356811416,5.843500768128935,-2.0744160999999997,0.11952102,-0.2915580000000002,-0.34877946051623115,0.08664174535274004,0.933191306662968,-20.079007763370225,5.539852185059038,2.4734774442371315,2.4726392619032365,2.021905324212164
3529,05/05/2023 15:32:45.506763,3712,True,True,True,True,Eyes,0.9255298,0.01908945,-3.472366,-0.9836701,0.04574447,-0.1740704,0.0,0.0,0.0,0.0,0.0,0.0,0.0,3.242692,0.1595691,1.497962,0.8898898,0.02299626,-3.462941,0.03105096,-0.6396317,0.005875922,0.7680318,3.165087,280.3749,358.2383,0.2851944,0.004886202,-0.9584571,-0.3688288,0.004759134,0.103659,-1.18478,0.1354998,-3.743016,-0.6461293,0.2039601,1.992899,0.1816736,-0.03069656,0.9828798,-0.04874814,0.9980026,0.04017939,-0.98215,-0.0552131,0.1798143,moving,-20.641906764481476,5.307655798387335,-17.963512238573912,5.843500768128935,-2.0746697999999997,0.11250354,-0.2800750000000001,-0.3512014605835424,0.08661114140613219,0.9322853482673985,-20.229033747404618,5.540353617831109,2.731950428063879,2.7314697633341978,2.2857134338556633
3530,05/05/2023 15:32:45.526954,3713,True,True,True,True,Eyes,0.9230636,0.01925026,-3.471616,-0.9840069,0.04618427,-0.1720395,0.0,0.0,0.0,0.0,0.0,0.0,0.0,3.23396,0.1512986,1.505865,0.8808268,0.02354295,-3.460145,0.0291334,-0.6376842,0.004290075,0.7697348,2.884423,280.676,358.247,0.2824399,0.004928966,-0.9592721,-0.3466991,0.004473586,0.09743945,-1.193994,0.1362187,-3.727297,-0.6418923,0.2039601,1.9929,0.1866809,-0.03055137,0.9819455,-0.04376025,0.9982657,0.03937856,-0.9814455,-0.05032141,0.1850202,moving,-20.80860918762954,5.054070729759248,-17.853208188933692,5.843497856259917,-2.0748208,0.11267574999999999,-0.2671520000000003,-0.35403967189059493,0.08238990139026563,0.9315943164703159,-20.39748960456029,5.29032503579282,3.06041934817885,3.0590178572782984,2.603721968875786
3531,05/05/2023 15:32:45.546653,3714,True,True,True,True,Eyes,0.9203343,0.01939078,-3.470789,-0.9843616,0.04669655,-0.1698576,0.0,0.0,0.0,0.0,0.0,0.0,0.0,3.224547,0.1459515,1.515163,0.8716851,0.02348932,-3.457505,0.02760683,-0.6355228,0.002780388,0.7715833,2.644334,281.0053,358.2332,0.2799004,0.004972103,-0.9600158,-0.3258972,0.004205171,0.09159309,-1.203038,0.1463413,-3.709414,-0.6375371,0.20396,1.9929,0.192206,-0.03079894,0.9808711,-0.03938015,0.9984602,0.03906794,-0.9805642,-0.04613594,0.1906972,moving,-20.999502523177313,4.836753760690434,-17.739692925446395,5.843495011065728,-2.0747231,0.12285198,-0.2519090000000004,-0.35724682371559846,0.07875296643321805,0.9306839468032673,-20.590308643469143,5.075192031143554,3.4128557896694653,3.411727796683935,2.952337961818674
3532,05/05/2023 15:32:45.556858,3715,True,True,True,True,Eyes,0.917339,0.01951837,-3.469885,-0.9847411,0.04748488,-0.1674221,0.0,0.0,0.0,0.0,0.0,0.0,0.0,3.214823,0.1440613,1.524796,0.8626186,0.02312454,-3.45488,0.02684591,-0.6332754,0.001858939,0.7734585,2.515109,281.3424,358.2146,0.2775483,0.005015043,-0.9606983,-0.3063433,0.00395286,0.0860975,-1.212217,0.1546928,-3.69058,-0.6331967,0.20396,1.9929,0.1979175,-0.03112608,0.9797245,-0.03687733,0.9985517,0.03917395,-0.9795248,-0.04388283,0.1964829,moving,-21.1911841533512,4.7456195250258135,-17.626420072375428,5.843495011065728,-2.0748356,0.13156826,-0.23570000000000002,-0.3604030994893405,0.0771721485247675,0.9295988773642008,-20.7837810009596,4.982966036443143,3.7311338515609345,3.7299964525267892,3.2725277920156617
3533,05/05/2023 15:32:45.576851,3716,True,True,True,True,Eyes,0.9140988,0.01960738,-3.468911,-0.9851429,0.04825379,-0.164818,0.0,0.0,0.0,0.0,0.0,0.0,0.0,3.204366,0.1432476,1.535733,0.8531876,0.02290795,-3.452318,0.02631578,-0.630805,0.001025761,0.7754946,2.413416,281.7104,358.187,0.2753586,0.005057471,-0.961328,-0.2879627,0.003715689,0.08093165,-1.221456,0.1589084,-3.671407,-0.6288384,0.2039601,1.9929,0.2041683,-0.0316093,0.9784254,-0.03479119,0.9986128,0.03952138,-0.9783175,-0.0421096,0.2027853,moving,-21.406134423211483,4.6770020085857364,-17.512536714142307,5.843497856259917,-2.0746436,0.13600045,-0.21908899999999987,-0.3639223414265498,0.07594730837926483,0.9283277818498898,-21.000701610920107,4.912256268723614,4.065867202948227,4.064580628147244,3.610333120567964
3534,05/05/2023 15:32:45.596809,3717,True,True,True,True,Eyes,0.9106218,0.01965695,-3.467856,-0.9855531,0.04862463,-0.1622366,0.0,0.0,0.0,0.0,0.0,0.0,0.0,3.1933,0.1452985,1.547656,0.8440412,0.02207036,-3.449727,0.02638282,-0.6282009,0.0007229524,0.7776035,2.403635,282.0942,358.1633,0.2733096,0.005098389,-0.9619124,-0.2706849,0.003492747,0.07607575,-1.231104,0.1624054,-3.651169,-0.6245164,0.20396,1.992901,0.2107261,-0.03202307,0.9770206,-0.03427175,0.9986068,0.04012241,-0.9769443,-0.04193905,0.2093351,moving,-21.642202732120126,4.676970768411216,-17.399452429910262,5.843492099201,-2.0751452,0.14033504,-0.20144199999999968,-0.36774757340018394,0.07582420062843882,0.9268292155511402,-21.238849116521994,4.907980166712756,4.40187534186143,4.4001934209861115,3.9517274062102303
3535,05/05/2023 15:32:45.606835,3718,True,True,True,True,Eyes,0.9069185,0.01967636,-3.466739,-0.9859931,0.04888548,-0.1594611,0.0,0.0,0.0,0.0,0.0,0.0,0.0,3.181876,0.1520156,1.559992,0.8347327,0.0212078,-3.447287,0.02732033,-0.6254736,0.0007356706,0.7797666,2.494716,282.4905,358.1054,0.271381,0.005136882,-0.9624581,-0.2544438,0.003283183,0.0715112,-1.240568,0.1620227,-3.630188,-0.6200774,0.2039601,1.992901,0.2175644,-0.03302899,0.9754871,-0.0353236,0.9985061,0.04168668,-0.9754067,-0.04352725,0.2160728,moving,-21.887824755169678,4.757313485838742,-17.28316956813289,5.8434949443937905,-2.0753006999999997,0.1408149,-0.18290099999999976,-0.37168401147509633,0.07699386322764572,0.9251610489286248,-21.486544082842777,4.981828709561325,4.732820165787953,4.731029438971349,4.290783845774909
3536,05/05/2023 15:32:45.626556,3719,True,True,True,True,Eyes,0.9029784,0.01968017,-3.465572,-0.986448,0.04892126,-0.1566111,0.0,0.0,0.0,0.0,0.0,0.0,0.0,3.169484,0.1627452,1.573582,0.8255634,0.02053393,-3.444749,0.02901114,-0.6225493,0.0009622723,0.7820423,2.669458,282.9102,358.0141,0.2695557,0.005172365,-0.9629706,-0.2391772,0.003086192,0.06722053,-1.250335,0.1584568,-3.608875,-0.6157962,0.20396,1.9929,0.2248631,-0.03461665,0.9737754,-0.0376268,0.9983149,0.04417774,-0.9736637,-0.04657399,0.2231816,moving,-22.159937634147283,4.893076084741688,-17.17088919871902,5.843495011065728,-2.0758984,0.13792287,-0.164126,-0.376013324607893,0.07903696977007882,0.9232373043557551,-21.76090089090899,5.109188215991654,5.079557728879463,5.078769578014358,4.648377545308962
3537,05/05/2023 15:32:45.646723,3720,True,True,True,True,Eyes,0.8988187,0.0196465,-3.464354,-0.9869312,0.04895734,-0.1535251,0.0,0.0,0.0,0.0,0.0,0.0,0.0,3.156017,0.1735877,1.589209,0.8159207,0.02017926,-3.442386,0.03064062,-0.6192998,0.0009188432,0.784556,2.821046,283.3759,357.9052,0.2678176,0.005204724,-0.9634554,-0.2248266,0.00290102,0.0631873,-1.260053,0.1525046,-3.586524,-0.6116036,0.20396,1.992901,0.2329339,-0.03650969,0.9718071,-0.03939322,0.9981206,0.04694048,-0.9716944,-0.04921664,0.2310579,moving,-22.464761719058103,4.996929664845075,-17.060784467453992,5.843492099201,-2.0759737,0.13232533999999999,-0.14413799999999988,-0.3808738851677227,0.08053719134402776,0.9211128136178462,-22.06829289583458,5.204875173177644,5.468921803474839,5.4698846506226575,5.048066188007657
3538,05/05/2023 15:32:45.657038,3721,True,True,True,True,Eyes,0.894441,0.01956917,-3.463107,-0.9874187,0.04880238,-0.1504087,0.0,0.0,0.0,0.0,0.0,0.0,0.0,3.141652,0.1834579,1.606497,0.8064488,0.0192598,-3.44002,0.03166641,-0.6158669,9.546614e-05,0.7872136,2.864495,283.8694,357.7705,0.2661525,0.005233242,-0.9639165,-0.211337,0.002726959,0.05939606,-1.27005,0.1478423,-3.562456,-0.6072389,0.20396,1.9929,0.2414159,-0.03885427,0.9696435,-0.03915488,0.9979945,0.04973885,-0.9696314,-0.04997403,0.2394105,moving,-22.790055892038225,4.968129677428653,-16.946038450597516,5.843495011065728,-2.0764988,0.12858250000000002,-0.12243599999999999,-0.38611763720940717,0.07988561694813925,0.9189840025156498,-22.396484474980873,5.170969212841488,5.907780094907622,5.909213511390222,5.491780477585889
3539,05/05/2023 15:32:45.676884,3722,True,True,True,True,Eyes,0.8898504,0.01946656,-3.461815,-0.98794,0.04855742,-0.147027,0.0,0.0,0.0,0.0,0.0,0.0,0.0,3.126827,0.1964726,1.62438,0.7968805,0.01814208,-3.437864,0.03363271,-0.6122639,0.0003110868,0.7899379,3.067732,284.3805,357.6645,0.2645475,0.005257093,-0.9643581,-0.1986568,0.002563341,0.0558323,-1.279469,0.1466434,-3.537368,-0.6029162,0.2039601,1.9929,0.2502658,-0.04069272,0.9673217,-0.04167567,0.9977375,0.05275457,-0.9672799,-0.05351644,0.2480037,moving,-23.126606307121506,5.103977167890079,-16.832250392333325,5.843497856259917,-2.0763495,0.12850132,-0.09950400000000004,-0.39144593238333136,0.08186426292122889,0.916552524323055,-22.73584625452397,5.297252512726901,6.333039932946164,6.3376499769674846,5.928813378696113
3540,05/05/2023 15:32:45.696768,3723,True,True,True,True,Eyes,0.8850396,0.01934667,-3.460484,-0.9884602,0.04827087,-0.1435834,0.0,0.0,0.0,0.0,0.0,0.0,0.0,3.11062,0.2080801,1.644222,0.7871341,0.01746414,-3.435525,0.03540019,-0.6083625,0.0004290591,0.7928694,3.247974,284.9335,357.5665,0.2629911,0.005276052,-0.9647835,-0.1867373,0.002409541,0.05248236,-1.289085,0.1393407,-3.51176,-0.5984588,0.20396,1.9929,0.2597899,-0.04239191,0.9647343,-0.04375266,0.9974933,0.0556134,-0.9646735,-0.05665749,0.2572839,moving,-23.499915454238952,5.215188588482982,-16.714773220202517,5.843495011065728,-2.0762191,0.12187656000000001,-0.07623500000000005,-0.3973580900033969,0.0834124751220221,0.9138647295595927,-23.112318225486245,5.398875428142981,6.80600555201941,6.8141708297315,6.412976584094875
3541,05/05/2023 15:32:45.707266,3724,True,True,True,True,Eyes,0.8800178,0.01919077,-3.459115,-0.9890069,0.04807954,-0.1398346,0.0,0.0,0.0,0.0,0.0,0.0,0.0,3.093263,0.2108195,1.667086,0.7769986,0.0169167,-3.433348,0.03534188,-0.6041155,-0.000451032,0.7961128,3.194593,285.5457,357.5076,0.2614727,0.005290138,-0.9651961,-0.1755331,0.002264968,0.04933342,-1.29863,0.1331854,-3.484593,-0.5941037,0.2039601,1.9929,0.2700887,-0.04341929,0.9618561,-0.041983,0.9975015,0.05681719,-0.9619198,-0.05572728,0.267591,moving,-23.894678534004733,5.1130505339807035,-16.59985231936976,5.843497856259917,-2.0756286,0.1162687,-0.05124499999999976,-0.4037079991954111,0.08153587726681392,0.9112473637138002,-23.510673039869214,5.292277635766535,7.3239886276495145,7.331305667638643,6.932769054451863
3542,05/05/2023 15:32:45.727047,3725,True,True,True,True,Eyes,0.8747827,0.01900903,-3.457714,-0.9895465,0.04784231,-0.1360472,0.0,0.0,0.0,0.0,0.0,0.0,0.0,3.075175,0.2085087,1.691457,0.7668591,0.01587764,-3.431163,0.03444036,-0.5996814,-0.001287174,0.7994964,3.068286,286.1881,357.511,0.2599832,0.005298834,-0.9655983,-0.1650011,0.00212907,0.04637341,-1.307888,0.1349194,-3.455835,-0.5898578,0.20396,1.9929,0.280761,-0.04336467,0.9587976,-0.0392483,0.9976244,0.05661367,-0.9589749,-0.05352609,0.278392,moving,-24.306936190222853,4.961181088093492,-16.4876804828729,5.843495011065728,-2.0747470999999997,0.11904176,-0.024671999999999805,-0.4103426196517745,0.07886454443621818,0.9085148986364575,-23.92673244680717,5.13691926052324,7.863294069303661,7.86887779010422,7.472532597009462
3543,05/05/2023 15:32:45.747148,3726,True,True,True,True,Eyes,0.8693352,0.01880107,-3.456282,-0.9901072,0.04766018,-0.1319699,0.0,0.0,0.0,0.0,0.0,0.0,0.0,3.057125,0.2061627,1.715313,0.7564542,0.01505708,-3.429047,0.03404611,-0.5952043,-0.001069835,0.8028523,3.060732,286.8315,357.5753,0.258514,0.005301963,-0.9659927,-0.155101,0.002001326,0.04359101,-1.316673,0.138071,-3.426184,-0.5855002,0.20396,1.9929,0.2914615,-0.04224661,0.9556493,-0.03881093,0.9976795,0.05594153,-0.955795,-0.05339444,0.2891456,moving,-24.708487595529473,4.959882657340861,-16.372422335916802,5.843495011065728,-2.0731272,0.12301392,0.00286300000000006,-0.4167086131772138,0.07859396887276773,0.905636093867858,-24.33182195933825,5.128432521999889,8.376005666655171,8.38276534349951,7.991455232220882
3544,05/05/2023 15:32:45.756848,3727,True,True,True,True,Eyes,0.8636772,0.01857172,-3.454855,-0.990666,0.04738517,-0.1278103,0.0,0.0,0.0,0.0,0.0,0.0,0.0,3.039083,0.1999089,1.739093,0.745851,0.01420103,-3.426942,0.03290112,-0.5907157,-0.001155045,0.806208,2.962691,287.4784,357.6624,0.257058,0.005299351,-0.9663812,-0.145795,0.001881246,0.04097555,-1.325619,0.1366815,-3.39668,-0.5810506,0.2039601,1.9929,0.3021074,-0.04073282,0.9524034,-0.03700799,0.9978324,0.05441489,-0.9525554,-0.05168568,0.2999451,moving,-25.10027130676267,4.873931840541812,-16.254590054815413,5.843497856259917,-2.07147,0.12248047000000001,0.03026200000000001,-0.42294459868450984,0.07699023642401144,0.902878906950978,-24.72715295858781,5.037657146546617,8.892384571012652,8.898659172588122,8.510799105125873
3545,05/05/2023 15:32:45.776696,3728,True,True,True,True,Eyes,0.8578187,0.01830984,-3.453403,-0.9912394,0.04712508,-0.1233843,0.0,0.0,0.0,0.0,0.0,0.0,0.0,3.021091,0.1921578,1.762976,0.7353211,0.01339242,-3.425072,0.0315328,-0.5861994,-0.001229315,0.8095521,2.84382,288.1277,357.7645,0.2556071,0.005290969,-0.966766,-0.1370473,0.001768372,0.03851702,-1.334315,0.1382112,-3.367476,-0.5768482,0.20396,1.992901,0.3127376,-0.0389594,0.9490402,-0.03497862,0.9980083,0.05249613,-0.9491953,-0.04961364,0.310752,moving,-25.47703599334448,4.776887734135491,-16.143166415178847,5.843492099201,-2.0696361,0.12481878,0.0575960000000002,-0.4289304791214566,0.07522621326752575,0.9001997932025552,-25.107345130495183,4.936345334552003,9.389058543111805,9.394613678793965,9.009962002846827
3546,05/05/2023 15:32:45.796630,3729,True,True,True,True,Eyes,0.8517755,0.01803021,-3.451906,-0.9918515,0.04670238,-0.1185304,0.0,0.0,0.0,0.0,0.0,0.0,0.0,3.003268,0.1858538,1.785608,0.7246023,0.01233881,-3.423063,0.03058138,-0.5817471,-0.0007905805,0.8127942,2.796738,288.7629,357.8847,0.2541561,0.005276481,-0.9671485,-0.1288245,0.001662269,0.036206,-1.342559,0.1403818,-3.338548,-0.5726635,0.20396,1.992901,0.3231395,-0.03686642,0.945633,-0.0342961,0.9981284,0.05063257,-0.9457296,-0.0487929,0.3212703,moving,-25.818948297038805,4.752532101513478,-16.03209499846401,5.843492099201,-2.0671613,0.12804299,0.08451500000000012,-0.43431424698971954,0.07463010799947846,0.8976644405989431,-25.452296205224865,4.9064699764883315,9.841396802329148,9.847471310157683,9.466689032302243
3547,05/05/2023 15:32:45.806975,3730,True,True,True,True,Eyes,0.8455338,0.01773361,-3.45039,-0.9924622,0.04632551,-0.1134583,0.0,0.0,0.0,0.0,0.0,0.0,0.0,2.986052,0.1830533,1.806752,0.7138355,0.01168324,-3.421209,0.0301819,-0.5774265,-0.0004809025,0.8158846,2.791093,289.3737,357.9551,0.2527004,0.005256006,-0.96753,-0.121095,0.001562533,0.03403364,-1.350748,0.1396256,-3.309793,-0.5682088,0.2039601,1.9929,0.3331569,-0.03564037,0.9421977,-0.03407092,0.9981776,0.04980525,-0.9422557,-0.04869451,0.3313355,moving,-26.13053101227885,4.750655285975409,-15.913728636252609,5.843497856259917,-2.0645835,0.12794235999999998,0.11141600000000018,-0.4391968785595807,0.07440437727189392,0.8953044999612103,-25.766625282805634,4.899037882723543,10.26811231863858,10.275084217377564,9.898059252665048
3548,05/05/2023 15:32:45.826983,3731,True,True,True,True,Eyes,0.8390988,0.01743342,-3.448881,-0.9930822,0.04585023,-0.1080999,0.0,0.0,0.0,0.0,0.0,0.0,0.0,2.969145,0.1835681,1.826541,0.702776,0.01097405,-3.419321,0.02997141,-0.5732056,-0.0009166103,0.8188629,2.753213,289.9664,357.9425,0.2512339,0.005229643,-0.967912,-0.1138293,0.001468781,0.03199162,-1.358818,0.1383277,-3.282084,-0.5639493,0.20396,1.9929,0.342869,-0.03586072,0.9386985,-0.03285841,0.9982017,0.05013577,-0.9388085,-0.04803414,0.3410741,moving,-26.410590903582253,4.670779347897184,-15.800411070197233,5.843495011065728,-2.061594,0.12735364999999998,0.13723700000000028,-0.44361468246800045,0.07297919826434474,0.8932413660637373,-26.049241626875233,4.816189707551787,10.668432638641182,10.674791713350242,10.300188540319276
3549,05/05/2023 15:32:45.846953,3732,True,True,True,True,Eyes,0.8324737,0.01713318,-3.447355,-0.9936894,0.0454345,-0.1025523,0.0,0.0,0.0,0.0,0.0,0.0,0.0,2.952645,0.1851715,1.845665,0.691819,0.01058367,-3.417624,0.03001832,-0.5690499,-0.001268343,0.8217542,2.745051,290.5464,357.9203,0.2497529,0.005197882,-0.9682953,-0.1069995,0.001380654,0.03007212,-1.366752,0.1389083,-3.254678,-0.5596144,0.2039601,1.9929,0.3523614,-0.03624837,0.9351618,-0.03207931,0.9981946,0.05077885,-0.9353141,-0.04789184,0.3505624,moving,-26.67014783873057,4.619849270839576,-15.684957231494744,5.843497856259917,-2.0585709999999997,0.12832463000000002,0.1629459999999998,-0.44768780249470363,0.07202184234046442,0.8912846781030451,-26.311141880194175,4.761907950575854,11.046879882486214,11.053132069142368,10.681087815027695
3550,05/05/2023 15:32:45.856900,3733,True,True,True,True,Eyes,0.6624343,0.01037292,-3.408396,-0.9988023,0.02891226,0.03947387,0.0,0.0,0.0,0.0,0.0,0.0,0.0,2.936126,0.183332,1.864423,0.6805837,0.01027249,-3.415732,0.02952095,-0.5648969,-0.001674649,0.8246317,2.682181,291.1269,357.9281,0.2482538,0.00516126,-0.968681,-0.1005796,0.001297815,0.0282678,-1.374197,0.1388419,-3.227446,-0.5547861,0.2039601,1.992901,0.3617775,-0.03611451,0.9315647,-0.03059064,0.9982514,0.05057982,-0.9317625,-0.0467958,0.3600401,moving,-19.04021151376911,3.7240989389497896,-15.556201013660644,5.8434949443937905,-2.0547807,0.12856941,0.18828600000000018,-0.32561591655491845,0.06141228897886736,0.9435056678816781,-18.615012675523168,4.026534577935182,4.063443855326648,4.078010371830609,3.55776246481234
3551,05/05/2023 15:32:45.876925,3734,True,True,True,True,Eyes,0.6619721,0.01033937,-3.408317,-0.9987782,0.0291514,0.03990514,0.0,0.0,0.0,0.0,0.0,0.0,0.0,2.919341,0.1848356,1.882812,0.669393,0.01077876,-3.413721,0.02991967,-0.5607118,-0.001508602,0.8274691,2.741125,291.7056,357.9317,0.2411358,0.004898026,-0.9704787,-0.6046628,-0.01906082,0.1434481,-1.381892,0.1405144,-3.201152,-0.5509657,0.20396,1.9929,0.3712,-0.03604927,0.927853,-0.03105598,0.9982051,0.05120698,-0.9280335,-0.04782342,0.3694142,moving,-19.598084435206015,3.7823687193052407,-15.454221416128455,5.843495011065728,-2.051285,0.12973564,0.21256899999999979,-0.33477144635394723,0.062160524368904166,0.9402469170552431,-19.177733502335826,4.073264913573077,4.619871466325903,4.628157550415168,4.122894232720652
3552,05/05/2023 15:32:45.886830,3735,True,True,True,True,Eyes,0.6610964,0.01031605,-3.408171,-0.9987415,0.02927351,0.04072292,0.0,0.0,0.0,0.0,0.0,0.0,0.0,2.901698,0.1762729,1.903281,0.6577814,0.009889869,-3.411836,0.0275522,-0.5563017,-0.00364002,0.8305157,2.390797,292.3256,357.8949,0.2352228,0.004677018,-0.97193,-0.568383,-0.01791717,0.1348412,-1.389297,0.138768,-3.174184,-0.5465446,0.2039601,1.9929,0.3810305,-0.03670086,0.9238338,-0.02460848,0.9984553,0.04981497,-0.9242349,-0.04171517,0.3795387,moving,-20.153817787759237,3.4090234733929488,-15.336073093564174,5.843497856259917,-2.0470784,0.128878131,0.2376520000000002,-0.34400414062824813,0.055834407381715884,0.9373065392955761,-19.738781357612602,3.699575001737238,5.3854955828228706,5.39790046770781,4.896962861250328
3553,05/05/2023 15:32:45.907541,3736,True,True,True,True,Eyes,0.6597791,0.01037843,-3.407942,-0.9986877,0.0294674,0.04188497,0.0,0.0,0.0,0.0,0.0,0.0,0.0,2.885476,0.1812668,1.92066,0.6469131,0.01016324,-3.410157,0.02838109,-0.5522272,-0.003665535,0.8332024,2.478585,292.8825,357.8515,0.2302854,0.004491041,-0.9731125,-0.5342801,-0.01684214,0.1267507,-1.395646,0.1502908,-3.145967,-0.541953,0.20396,1.9929,0.3900633,-0.03745389,0.920026,-0.02523736,0.9983621,0.0513428,-0.9204422,-0.04324597,0.3884791,moving,-20.65186390571401,3.4776262032032705,-15.2132267650566,5.843495011065728,-2.0425591,0.14012756,0.2641899999999997,-0.35211992148651106,0.05677386312097816,0.9342312828548426,-20.241136837358255,3.757447183012716,5.923396312037209,5.930945048114569,5.443480066655624
3554,05/05/2023 15:32:45.926573,3737,True,True,True,True,Eyes,0.6580367,0.01048071,-3.407621,-0.9986092,0.03017655,0.04323461,0.0,0.0,0.0,0.0,0.0,0.0,0.0,2.87009,0.1786087,1.936089,0.6349463,0.01227035,-3.407998,0.0279068,-0.5483173,-0.004652397,0.8357918,2.381128,293.4209,357.7985,0.2261343,0.004336399,-0.9740862,-0.5022233,-0.01583162,0.1191457,-1.402372,0.1477483,-3.120304,-0.5378317,0.2039601,1.9929,0.3986531,-0.03838042,0.9162983,-0.02282668,0.9983991,0.05175052,-0.9168177,-0.04154656,0.3971389,moving,-21.111829521160388,3.389073022779494,-15.102840951215383,5.843497856259917,-2.0373183,0.13547795,0.2876940000000001,-0.35964106607637214,0.05516059408875368,0.9314589644464328,-20.705253176935894,3.6629104633097875,6.484150228596424,6.490927891829883,6.011820367009955
3555,05/05/2023 15:32:45.946920,3738,True,True,True,True,Eyes,0.6559174,0.0106278,-3.407228,-0.9985153,0.03086617,0.04488196,0.0,0.0,0.0,0.0,0.0,0.0,0.0,2.854544,0.1505771,1.952872,0.6228654,0.01341846,-3.405388,0.02165379,-0.544408,-0.00962565,0.8384857,1.480242,293.9813,357.7229,0.2224948,0.004204996,-0.9749246,-0.4720899,-0.01488172,0.1119969,-1.409539,0.1535839,-3.094881,-0.533556,0.2039601,1.9929,0.4070547,-0.03971893,0.9125398,-0.007435047,0.9988769,0.04679334,-0.9133735,-0.02583222,0.4063022,moving,-21.53185861361352,2.4861427088963777,-14.98819821716483,5.843497856259917,-2.0324044,0.14016544,0.31050699999999987,-0.36671951998382085,0.04035569759940049,0.9294558227544234,-21.12999719197615,2.775764722431717,7.328767556268821,7.35468048045457,6.865324553681402
3556,05/05/2023 15:32:45.957063,3739,True,True,True,True,Eyes,0.6534166,0.01087324,-3.406758,-0.9983709,0.03160355,0.04750468,0.0,0.0,0.0,0.0,0.0,0.0,0.0,2.840552,0.1533357,1.966132,0.6117702,0.01443774,-3.403447,0.02199486,-0.5408365,-0.01030023,0.8407772,1.480921,294.4666,357.643,0.21916,0.004090989,-0.9756801,-0.4437645,-0.01398882,0.1052771,-1.414298,0.1866849,-3.068976,-0.52913,0.2039601,1.9929,0.4147796,-0.04111164,0.9089927,-0.006470858,0.9988202,0.04812703,-0.909899,-0.02584408,0.4140243,moving,-21.87140822347949,2.489357837136365,-14.869396036485504,5.843497856259917,-2.0260682,0.17224715999999998,0.33447099999999974,-0.3722218916430294,0.04031283043108044,0.9272678534520834,-21.47253375445644,2.7727899745771443,7.7411102901659605,7.763918465227366,7.282216325894137
3557,05/05/2023 15:32:45.976953,3740,True,True,True,True,Eyes,0.6505536,0.01119203,-3.406212,-0.9981958,0.03262322,0.05040734,0.0,0.0,0.0,0.0,0.0,0.0,0.0,2.825329,0.1574783,1.980009,0.6001575,0.01703361,-3.401065,0.02248228,-0.5370512,-0.01175826,0.8431679,1.448769,294.9784,357.4787,0.2160899,0.003995511,-0.976365,-0.4171386,-0.01314949,0.0989605,-1.420438,0.1882155,-3.045287,-0.5244982,0.2039601,1.9929,0.4228755,-0.04397663,0.90512,-0.004319897,0.9987126,0.05054224,-0.9061774,-0.0252831,0.4221411,moving,-22.22326387984581,2.4415610756985004,-14.744929582737347,5.843497856259917,-2.0205955,0.17118189,0.3557779999999999,-0.37792240332129456,0.039441024036240044,0.9249968066093599,-21.82754212197214,2.719900558915398,8.194365619894409,8.215756673505204,7.7408178157675245
3558,05/05/2023 15:32:45.996821,3741,True,True,True,True,Eyes,0.6473614,0.01151691,-3.405612,-0.9979739,0.03361519,0.05401862,0.0,0.0,0.0,0.0,0.0,0.0,0.0,2.809346,0.1499335,1.995824,0.5885488,0.0190594,-3.398745,0.02026618,-0.5330532,-0.01512549,0.8457037,1.040146,295.5284,357.2948,0.2132488,0.003918849,-0.9769897,-0.3921103,-0.01236052,0.09302288,-1.426734,0.1932323,-3.020547,-0.5204577,0.20396,1.992901,0.4312511,-0.04718927,0.900997,0.003977471,0.998721,0.05040375,-0.9022231,-0.01815298,0.4308873,moving,-22.550235764584386,2.005674817543053,-14.63622921300101,5.843492099201,-2.0152828,0.1741729,0.3781979999999998,-0.3832928879525836,0.03232553438145764,0.9230609509986716,-22.15788404303731,2.2894004387884275,8.763548942861028,8.79547276648032,8.319065988007463
3559,05/05/2023 15:32:46.006993,3742,True,True,True,True,Eyes,0.6438718,0.01184683,-3.404945,-0.9977345,0.03439489,0.0578173,0.0,0.0,0.0,0.0,0.0,0.0,0.0,2.793549,0.1536263,2.011046,0.5775219,0.01952614,-3.39675,0.02063397,-0.52911,-0.01591832,0.848153,1.040345,296.0596,357.2002,0.2106052,0.003859319,-0.9775633,-0.3685837,-0.01161889,0.0874415,-1.431213,0.210932,-2.99468,-0.5160176,0.20396,1.992899,0.4395786,-0.04883762,0.8968754,0.005167065,0.9986417,0.05184662,-0.8981892,-0.01815645,0.4392338,moving,-22.867965058742588,2.0019279509954013,-14.516675950213575,5.843497922933348,-2.0087349000000003,0.19140586,0.40207000000000015,-0.38840744166057106,0.03219044638656181,0.9209253040023253,-22.478415938531857,2.280036084996631,9.163054709009138,9.192480058370027,8.72281857612651
3560,05/05/2023 15:32:46.026853,3743,True,True,True,True,Eyes,0.6401163,0.01218069,-3.404213,-0.9974607,0.03497697,0.06203885,0.0,0.0,0.0,0.0,0.0,0.0,0.0,2.779253,0.15698,2.023743,0.5668482,0.02000875,-3.394511,0.02193091,-0.5255215,-0.01431921,0.8503771,1.274879,296.5388,357.2823,0.2081311,0.003815364,-0.9780931,-0.3464687,-0.01092175,0.08219501,-1.436396,0.2120197,-2.969836,-0.5117884,0.2039601,1.992899,0.4472443,-0.04740378,0.8931547,0.001303121,0.998628,0.05234919,-0.8944109,-0.02224899,0.4466924,moving,-23.117831600179173,2.2976989259162823,-14.40266765342679,5.843500768128935,-2.0032442,0.19201095,0.42467500000000014,-0.39235632000905457,0.036876846791964166,0.919073811890986,-22.73015051245193,2.5636682015337815,9.389673560913266,9.408867802398502,8.950099018014031
3561,05/05/2023 15:32:46.036513,3744,True,True,True,True,Eyes,0.6361217,0.01250208,-3.40341,-0.9971688,0.03528946,0.06640015,0.0,0.0,0.0,0.0,0.0,0.0,0.0,2.765931,0.156055,2.035261,0.5567552,0.0206607,-3.39214,0.02275321,-0.5221779,-0.01228943,0.8524444,1.487402,296.9863,357.4363,0.2058029,0.003785571,-0.9785858,-0.3256805,-0.01026645,0.07726331,-1.442362,0.2034094,-2.946954,-0.5075642,0.2039601,1.9929,0.4543584,-0.04471456,0.8896961,-0.002810339,0.9986626,0.05162623,-0.8908145,-0.02595715,0.453625,moving,-23.32303118173294,2.588117093617721,-14.288670838978696,5.843497856259917,-1.9991172,0.1827487,0.4451860000000001,-0.3955740178932496,0.041472629526113164,0.9174972255917371,-22.936830744499062,2.842889200780069,9.59164151416794,9.60297717963088,9.153923861098617
3562,05/05/2023 15:32:46.056795,3745,True,True,True,True,Eyes,0.6318967,0.01283588,-3.402539,-0.9968435,0.03524571,0.07113811,0.0,0.0,0.0,0.0,0.0,0.0,0.0,2.752089,0.1605095,2.046877,0.5469741,0.0207262,-3.389668,0.02449433,-0.5187873,-0.009841026,0.8544958,1.813703,297.4355,357.5783,0.2035997,0.003768184,-0.9790466,-0.3061397,-0.009650461,0.07262751,-1.447706,0.1951135,-2.92518,-0.503092,0.20396,1.9929,0.4615258,-0.04223292,0.886121,-0.008596466,0.9986063,0.0520714,-0.8870852,-0.0316498,0.4605195,moving,-23.513830732991252,2.966831100866432,-14.167862678805546,5.843495011065728,-1.9946801,0.1743873,0.4644879999999998,-0.3985206219346564,0.04747017876849366,0.9159299920193292,-23.128884811431078,3.20838276975636,9.774393008323969,9.778666275218868,9.34043543876318
3563,05/05/2023 15:32:46.076587,3746,True,True,True,True,Eyes,0.627463,0.01319143,-3.401583,-0.9964851,0.03508629,0.07606928,0.0,0.0,0.0,0.0,0.0,0.0,0.0,2.73566,0.1704184,2.060781,0.5374202,0.02120732,-3.386802,0.0268902,-0.5149788,-0.008046192,0.8567434,2.165651,297.9358,357.6208,0.2015026,0.003762343,-0.9794804,-0.2877713,-0.009071434,0.06826986,-1.452907,0.1823972,-2.903367,-0.4989029,0.20396,1.9929,0.4694642,-0.0414828,0.8819765,-0.01390872,0.9984244,0.05436323,-0.8828419,-0.03778876,0.4681476,moving,-23.749890948508924,3.3202349949242307,-14.054585145186344,5.843495011065728,-1.9903271999999999,0.16118988,0.48343500000000006,-0.402178362057147,0.05302620879427675,0.9140245751081468,-23.36662664051565,3.5484064269185893,10.017812404599308,10.018273091156923,9.590701143285479
3564,05/05/2023 15:32:46.086825,3747,True,True,True,True,Eyes,0.6228402,0.01357514,-3.400508,-0.9960764,0.03493347,0.08131089,0.0,0.0,0.0,0.0,0.0,0.0,0.0,2.717407,0.1770329,2.077074,0.5279239,0.02211242,-3.383886,0.0283214,-0.5108128,-0.007509595,0.8591927,2.349503,298.4856,357.6001,0.199496,0.003767546,-0.9798911,-0.270505,-0.008527148,0.06417367,-1.457018,0.1700532,-2.878946,-0.4945753,0.2039601,1.9929,0.4780279,-0.04183824,0.8773478,-0.01602948,0.998283,0.05633906,-0.8781984,-0.04099508,0.4765365,moving,-24.010331462421128,3.4772546630359478,-13.93744456910004,5.843497856259917,-1.9849419,0.14794078,0.5049399999999999,-0.4062759876659082,0.055421059087693195,0.9120681612968857,-23.629184371632096,3.6966834806227498,10.347426842554846,10.347084478978537,9.926662700194186
3565,05/05/2023 15:32:46.107115,3748,True,True,True,True,Eyes,0.6180255,0.01394798,-3.399335,-0.9956144,0.03496505,0.08677189,0.0,0.0,0.0,0.0,0.0,0.0,0.0,2.697291,0.1731314,2.096034,0.5182937,0.02321817,-3.380761,0.02729629,-0.5062861,-0.009056807,0.861886,2.170993,299.0916,357.5193,0.1975663,0.003783529,-0.9802819,-0.2542747,-0.008015519,0.06032325,-1.459832,0.164532,-2.852774,-0.4901916,0.20396,1.9929,0.4871846,-0.04325133,0.8722273,-0.0120276,0.9983457,0.05622325,-0.8732162,-0.03788191,0.4858585,moving,-24.294522721296676,3.25467863489083,-13.818664154060887,5.843495011065728,-1.9781257,0.14131383,0.527987,-0.410875708893118,0.051760650113779644,0.91022081718911,-23.916128966260764,3.474749396444601,10.790462055442514,10.790995456874162,10.371583843386773
3566,05/05/2023 15:32:46.126898,3749,True,True,True,True,Eyes,0.6130198,0.01430237,-3.398123,-0.9950897,0.03498918,0.0925862,0.0,0.0,0.0,0.0,0.0,0.0,0.0,2.676246,0.1660911,2.115578,0.5088059,0.02329507,-3.377295,0.02559137,-0.5016372,-0.0106944,0.8646335,1.921195,299.7152,357.4671,0.1957005,0.003808929,-0.980656,-0.2390182,-0.007534588,0.05670385,-1.461119,0.1723621,-2.824848,-0.4859082,0.2039601,1.9929,0.4964916,-0.04416863,0.8669171,-0.007181696,0.9984614,0.05498372,-0.8680118,-0.03352489,0.4954105,moving,-24.569546721473266,2.9725089723755724,-13.70248432362904,5.843497856259917,-1.9699249,0.14906703,0.5524470000000004,-0.41533457336461993,0.047172506985770836,0.9084447726451563,-24.193892587475876,3.19492691463303,11.237492616179933,11.239912025012801,10.820562618992787
3567,05/05/2023 15:32:46.146893,3750,True,True,True,True,Eyes,0.6078666,0.01465602,-3.396821,-0.9945194,0.03482122,0.09858432,0.0,0.0,0.0,0.0,0.0,0.0,0.0,2.655221,0.1689917,2.13446,0.499883,0.02312481,-3.374056,0.02630428,-0.4970188,-0.0100781,0.8672826,2.040646,300.3235,357.4979,0.1938868,0.003842293,-0.981016,-0.2246771,-0.007082513,0.05330162,-1.461606,0.181399,-2.796242,-0.4815516,0.20396,1.9929,0.5057414,-0.04362855,0.8615813,-0.008666323,0.998413,0.05564449,-0.8626418,-0.03560847,0.5045607,moving,-24.837904412653792,3.086180957688327,-13.584201117965886,5.843495011065728,-1.961489,0.15827419,0.577814,-0.41955067365296383,0.04887045624465935,0.9064155411467159,-24.464485979611137,3.3008343379793077,11.585247311952624,11.586570615752615,11.173438233999734
3568,05/05/2023 15:32:46.156806,3751,True,True,True,True,Eyes,0.6025833,0.01502068,-3.39543,-0.9938927,0.03464174,0.1047722,0.0,0.0,0.0,0.0,0.0,0.0,0.0,2.63385,0.1747029,2.153017,0.4911345,0.02349907,-3.370668,0.02791988,-0.4923701,-0.008491361,0.8698967,2.304659,300.9307,357.5756,0.1921165,0.003882824,-0.9813641,-0.2111965,-0.006657562,0.05010352,-1.462249,0.1766051,-2.768086,-0.4769353,0.2039601,1.9929,0.5149993,-0.04226704,0.856148,-0.01272061,0.9982967,0.0569366,-0.8570963,-0.04021304,0.5135844,moving,-25.101191924344878,3.3663475303794916,-13.45873808732795,5.843497856259917,-1.9533835,0.15310602999999998,0.6025820000000004,-0.42361771092857886,0.05319103217074556,0.9042780060582032,-24.72977727882756,3.5690240166948137,11.902834334561057,11.903067045265253,11.498241417851087
3569,05/05/2023 15:32:46.176667,3752,True,True,True,True,Eyes,0.5971743,0.01540694,-3.393938,-0.9932127,0.03426097,0.111152,0.0,0.0,0.0,0.0,0.0,0.0,0.0,2.611797,0.1803759,2.171714,0.4828186,0.0241515,-3.366997,0.02971997,-0.4876697,-0.006500502,0.872498,2.609065,301.5426,357.6862,0.1903814,0.003930161,-0.9817021,-0.1985247,-0.006258108,0.04709731,-1.463047,0.166954,-2.740299,-0.4727756,0.2039601,1.992901,0.524272,-0.04033041,0.8505953,-0.01764371,0.998149,0.05820143,-0.8513681,-0.04552104,0.52259,moving,-25.3581839733208,3.690729483941804,-13.345565420058241,5.8434949443937905,-1.9458655999999999,0.1428025,0.6266980000000002,-0.4275500311816219,0.05819070928627626,0.9021168775718504,-24.9886679388518,3.8803994293499917,12.202975005045273,12.20399129932101,11.807437497794432
3570,05/05/2023 15:32:46.187136,3753,True,True,True,True,Eyes,0.5916432,0.01579291,-3.392374,-0.9924605,0.03400448,0.1177528,0.0,0.0,0.0,0.0,0.0,0.0,0.0,2.588336,0.1865053,2.191374,0.4743302,0.02509822,-3.363148,0.0315153,-0.4827094,-0.004798008,0.8752003,2.896522,302.1865,357.7722,0.188675,0.003984275,-0.9820313,-0.1866132,-0.005882622,0.04427147,-1.463095,0.1559101,-2.712163,-0.4685034,0.20396,1.9929,0.5339373,-0.0388239,0.8446323,-0.02202702,0.9979675,0.05979648,-0.8452373,-0.0505323,0.5319968,moving,-25.634522963453836,3.9948074970822267,-13.229234574259557,5.843495011065728,-1.9374252,0.13081188,0.6509849999999999,-0.43177405750097747,0.06283752020458608,0.8997902421963917,-25.26709877342599,4.171647760609575,12.538534476698844,12.54228151268488,12.153404778350414
3571,05/05/2023 15:32:46.207630,3754,True,True,True,True,Eyes,0.586023,0.01616454,-3.390707,-0.9916504,0.03354038,0.1245171,0.0,0.0,0.0,0.0,0.0,0.0,0.0,2.564109,0.1877564,2.211814,0.4663582,0.02542125,-3.359151,0.03211469,-0.4776886,-0.003930884,0.8779333,3.017079,302.8415,357.8431,0.1869912,0.004044501,-0.982353,-0.1754164,-0.005529664,0.04161518,-1.462443,0.1459567,-2.682742,-0.4641149,0.20396,1.9929,0.5435964,-0.03758375,0.8385049,-0.02377953,0.9979064,0.06014458,-0.8390098,-0.05263362,0.5415646,moving,-25.901199817065816,4.112329067387325,-13.109614535427408,5.843495011065728,-1.9288011999999999,0.12053544999999999,0.676409,-0.4359098984859742,0.06454017176530606,0.8976731630908696,-25.53599219442283,4.281335495372611,12.902467222096138,12.908198539764575,12.524184766939964
3572,05/05/2023 15:32:46.226805,3755,True,True,True,True,Eyes,0.5803171,0.01653547,-3.388947,-0.9907762,0.03314514,0.1313923,0.0,0.0,0.0,0.0,0.0,0.0,0.0,2.540369,0.1976581,2.230475,0.4585523,0.02549598,-3.355092,0.0342746,-0.4728152,-0.002422002,0.8804916,3.328847,303.4681,357.8946,0.1853253,0.004109853,-0.9826683,-0.1648915,-0.005197885,0.03911828,-1.460499,0.1413417,-2.653143,-0.4597985,0.2039601,1.9929,0.5528799,-0.03667621,0.8324535,-0.028146,0.9976388,0.06264731,-0.8327855,-0.05806667,0.5505421,moving,-26.14688637021428,4.41770693677406,-12.991846186264887,5.843497856259917,-1.9190513,0.11584571999999999,0.7019489999999999,-0.43961799052293615,0.06918462688627781,0.895516345525045,-25.783499160021076,4.574401366039272,13.220972701364415,13.232080788274065,12.854454158092281
3573,05/05/2023 15:32:46.246909,3756,True,True,True,True,Eyes,0.5745388,0.0168977,-3.387095,-0.9898379,0.03271631,0.1383854,0.0,0.0,0.0,0.0,0.0,0.0,0.0,2.516837,0.2055369,2.248691,0.4508426,0.02585047,-3.351029,0.03584061,-0.4680147,-0.001750117,0.882992,3.534858,304.085,357.8963,0.1836729,0.004179845,-0.9829783,-0.154998,-0.004886012,0.03677118,-1.458644,0.1299569,-2.624263,-0.4554297,0.2039601,1.9929,0.5619184,-0.03663854,0.8263809,-0.03045718,0.9974248,0.0649321,-0.8266318,-0.06165578,0.5593554,moving,-26.37172983600563,4.591485936329683,-12.872534314364227,5.843497856259917,-1.9094866000000001,0.10410642999999999,0.726766,-0.4430478278262678,0.07176538101673785,0.8936208908119452,-26.01012747415549,4.739644769355959,13.541814304802486,13.55713146573237,13.183885833458266
3574,05/05/2023 15:32:46.257141,3757,True,True,True,True,Eyes,0.5686867,0.01725511,-3.385142,-0.988777,0.03223971,0.1458786,0.0,0.0,0.0,0.0,0.0,0.0,0.0,2.494895,0.207738,2.26545,0.4432789,0.02601471,-3.34705,0.03631298,-0.463528,-0.001532069,0.8853367,3.605028,304.6646,357.9112,0.1820314,0.004253767,-0.9832832,-0.1456981,-0.004592851,0.03456491,-1.456189,0.1229354,-2.595743,-0.4509991,0.20396,1.9929,0.5702789,-0.03637696,0.8206454,-0.03095138,0.997358,0.06571874,-0.8208679,-0.06287812,0.5676463,moving,-26.519796504278414,4.634561244759325,-12.751418602170899,5.843495011065728,-1.8994678999999999,0.09692069,0.7513069999999997,-0.4453369686063618,0.07234548652675432,0.8924354517496198,-26.15944978608322,4.77894370885354,13.804359250548341,13.821351269197898,13.45022563765407
3575,05/05/2023 15:32:46.276754,3758,True,True,True,True,Eyes,0.5627608,0.01760694,-3.383085,-0.9876525,0.03187011,0.153385,0.0,0.0,0.0,0.0,0.0,0.0,0.0,2.475247,0.2068815,2.279138,0.4356448,0.02622812,-3.3427,0.03617146,-0.4595444,-0.001723468,0.8874163,3.589882,305.1803,357.9154,0.180398,0.00433111,-0.9835839,-0.1369562,-0.00431728,0.03249101,-1.453664,0.1203744,-2.568936,-0.4466635,0.2039601,1.9929,0.577632,-0.03630365,0.8154896,-0.03018592,0.9973773,0.06578231,-0.815739,-0.06261426,0.5750212,moving,-26.59780142958937,4.595628905109055,-12.63278753712107,5.843497856259917,-1.8893088,0.09414628,0.7737639999999999,-0.4465727998323417,0.07168973606575907,0.8918707524554145,-26.238185524016473,4.739614772292974,14.003896628308354,14.02065583116849,13.650106675220009
3576,05/05/2023 15:32:46.296583,3759,True,True,True,True,Eyes,0.5567908,0.01793685,-3.380878,-0.9863989,0.03194328,0.1612352,0.0,0.0,0.0,0.0,0.0,0.0,0.0,2.457598,0.2012864,2.290677,0.4279132,0.02642635,-3.338218,0.03512115,-0.4559545,-0.002371403,0.8893067,3.457289,305.648,357.9191,0.1787691,0.004411439,-0.9838809,-0.1287388,-0.004058243,0.03054155,-1.451462,0.1209124,-2.543701,-0.4419152,0.2039601,1.9929,0.5841998,-0.0362451,0.8108001,-0.02780948,0.9975218,0.06462945,-0.8111332,-0.06030444,0.5817441,moving,-26.60081086117934,4.469110503397665,-12.502737730419419,5.843497856259917,-1.8793752000000001,0.09448605,0.7945169999999999,-0.44668225195210776,0.0697159024125677,0.8919723154443773,-26.24136375749187,4.616312468527186,14.15025230734829,14.164907574564776,13.79332552677625
3577,05/05/2023 15:32:46.307310,3760,True,True,True,True,Eyes,0.5507526,0.01824248,-3.378549,-0.9850858,0.03209911,0.1690428,0.0,0.0,0.0,0.0,0.0,0.0,0.0,2.441149,0.1944011,2.300262,0.4202114,0.02624271,-3.333308,0.03366264,-0.4526709,-0.003444253,0.8910355,3.260226,306.0765,357.8983,0.1771441,0.004493827,-0.9841744,-0.1210145,-0.003814749,0.02870906,-1.450219,0.1255801,-2.520911,-0.4381248,0.2039601,1.9929,0.5901545,-0.0366141,0.8064596,-0.02433829,0.9977099,0.06310744,-0.8069234,-0.05687099,0.5879119,moving,-26.563979571618084,4.2722567612007705,-12.39882945653951,5.843497856259917,-1.8704304,0.09933739,0.8123970000000003,-0.4462018943886821,0.06666875637694429,0.8924455170055902,-26.204429481188452,4.425209370208803,14.240650775518606,14.252027096575183,13.87826121206299
3578,05/05/2023 15:32:46.327115,3761,True,True,True,True,Eyes,0.5446384,0.018512,-3.376112,-0.9836431,0.03250838,0.1771711,0.0,0.0,0.0,0.0,0.0,0.0,0.0,2.425138,0.1908297,2.308504,0.4125003,0.02594816,-3.328073,0.03281679,-0.4495176,-0.004240301,0.8926585,3.140017,306.4846,357.8722,0.1755208,0.004577403,-0.9844648,-0.1137536,-0.003585864,0.02698652,-1.448881,0.1322808,-2.498632,-0.4338035,0.2039601,1.9929,0.5958319,-0.03707373,0.8022531,-0.02193317,0.9978101,0.06240055,-0.8028097,-0.05477619,0.5937139,moving,-26.49376883599933,4.167008838884146,-12.28026621267495,5.843497856259917,-1.8613813000000001,0.10633264,0.8294409999999997,-0.44515517654994413,0.0650671693405979,0.8930863753791309,-26.13371874084721,4.323944609492251,14.302036090490178,14.312032428995911,13.93654150139426
3579,05/05/2023 15:32:46.346856,3762,True,True,True,True,Eyes,0.5384769,0.01873154,-3.373551,-0.9821389,0.03292619,0.185254,0.0,0.0,0.0,0.0,0.0,0.0,0.0,2.408745,0.1865619,2.316844,0.4048913,0.02526225,-3.322657,0.03178854,-0.4463221,-0.005070939,0.8942933,2.999659,306.8982,357.8511,0.1738971,0.004661025,-0.9847525,-0.1069284,-0.003370712,0.02536732,-1.447746,0.1362178,-2.476625,-0.429405,0.2039601,1.9929,0.6015419,-0.03744566,0.7979633,-0.01930603,0.9979275,0.06138309,-0.7986081,-0.05233001,0.5995722,moving,-26.429365608483415,4.044494201898291,-12.159475053646611,5.843497856259917,-1.8526373,0.11095555,0.8460320000000001,-0.4442046644725205,0.06319062770641351,0.8936941076386548,-26.068886078026186,4.205754993131073,14.374302318495253,14.382843619932295,14.005495947336586
3580,05/05/2023 15:32:46.356929,3763,True,True,True,True,Eyes,0.5322732,0.01891471,-3.370866,-0.9805404,0.03334545,0.193465,0.0,0.0,0.0,0.0,0.0,0.0,0.0,2.391571,0.185609,2.325527,0.3975555,0.02425965,-3.317152,0.03144927,-0.4430111,-0.005302588,0.8959487,2.960968,307.3234,357.8557,0.1722717,0.004743265,-0.9850378,-0.1005127,-0.003168469,0.02384528,-1.446254,0.140426,-2.454392,-0.4250104,0.2039601,1.9929,0.6074261,-0.03736644,0.7934969,-0.01836305,0.9979656,0.06105206,-0.7941639,-0.05165564,0.6055042,moving,-26.373641432706236,4.036411698801787,-12.038681303605816,5.843497856259917,-1.8438094999999999,0.11616635,0.8627600000000002,-0.4433379913637321,0.06309477115148936,0.8941311853188967,-26.012680204416544,4.198883599723996,14.439656667506656,14.448413140666192,14.070444247878623
3581,05/05/2023 15:32:46.377055,3764,True,True,True,True,Eyes,0.5260186,0.01905752,-3.368045,-0.9788823,0.0337486,0.2016194,0.0,0.0,0.0,0.0,0.0,0.0,0.0,2.375193,0.1905916,2.332749,0.3902716,0.02355901,-3.311604,0.03231226,-0.4398637,-0.004943227,0.8974695,3.075386,307.7222,357.8593,0.1706436,0.004823241,-0.9853207,0.0,0.0,0.0,-1.444426,0.1405805,-2.431818,-0.4207045,0.20396,1.9929,0.6129911,-0.03729876,0.7892089,-0.01955318,0.997863,0.06234721,-0.7898478,-0.05364983,0.6109517,moving,-26.30397183591939,4.180661137471798,-11.920220183514411,5.843495011065728,-1.8346976,0.11702149,0.8797860000000002,-0.4421849965193566,0.06538715686238837,0.8945372302382054,-25.942234756918577,4.3406575098002556,14.468350911976897,14.479548614830312,14.102319428092978
3582,05/05/2023 15:32:46.397017,3765,True,True,True,True,Eyes,0.519765,0.01914243,-3.365068,-0.977146,0.03410549,0.2098148,0.0,0.0,0.0,0.0,0.0,0.0,0.0,2.358075,0.1912279,2.340255,0.3827619,0.02274983,-3.305579,0.03230008,-0.4366091,-0.005071227,0.8990571,3.075449,308.1373,357.8579,0.1690121,0.004900019,-0.9856016,0.0,0.0,0.0,-1.442972,0.1356907,-2.409843,-0.4162666,0.2039601,1.9929,0.6186935,-0.03732367,0.7847455,-0.01908638,0.997862,0.06250753,-0.7854006,-0.05365095,0.6166584,moving,-26.240114354378512,4.204626919260156,-11.79801926951934,5.843497856259917,-1.8257339,0.11294087,0.8957359999999999,-0.44117576945664244,0.06579774099347244,0.8950052166259568,-25.877787898792132,4.365152300466349,14.522858674357106,14.53478614869362,14.157167451018895
3583,05/05/2023 15:32:46.407244,3766,True,True,True,True,Eyes,0.36257,0.0200662,-3.28721,-0.9127388,0.03837555,0.4067374,0.0,0.0,0.0,0.0,0.0,0.0,0.0,2.343241,0.1935533,2.345779,0.3756945,0.02151029,-3.299896,0.03286632,-0.4337632,-0.00411401,0.9004179,3.188313,308.4991,357.9382,0.1673781,0.004972237,-0.98588,0.0,0.0,0.0,-1.44122,0.134728,-2.38716,-0.4119395,0.2039601,1.9929,0.6236652,-0.03592106,0.7808659,-0.02110374,0.9978057,0.06275586,-0.7814067,-0.05561784,0.6215387,moving,-14.707952884570064,4.92621533929995,-11.67876438078978,5.843497856259917,-1.8169145,0.11321770999999999,0.9127359999999998,-0.25301450898193467,0.08307870383295626,0.9638888419501852,-14.243245831610029,5.275494233060316,3.1648753584851645,3.165026099000615,2.626631536315858
3584,05/05/2023 15:32:46.427016,3767,True,True,True,True,Eyes,0.3622932,0.02002366,-3.286954,-0.9126341,0.03835132,0.4069745,0.0,0.0,0.0,0.0,0.0,0.0,0.0,2.330499,0.197084,2.348069,0.3685515,0.02042111,-3.293517,0.03384909,-0.4313906,-0.002611725,0.9015262,3.369693,308.7994,358.0532,0.1613897,0.005085072,-0.9868774,-0.4715849,0.002771314,0.2335746,-1.440173,0.1288287,-2.366827,-0.4077466,0.2039601,1.9929,0.6277907,-0.03391343,0.777643,-0.02449528,0.9976948,0.06328503,-0.7779966,-0.05877833,0.6255128,moving,-14.994703672873143,5.1287643772316684,-11.563110061478904,5.843497856259917,-1.8087244999999998,0.10840759,0.9266900000000002,-0.257762845207587,0.08637354037780887,0.9623398542260916,-14.532294356422712,5.467650634400991,3.5025092365939843,3.505235892176956,2.9928776305622713
3585,05/05/2023 15:32:46.436776,3768,True,True,True,True,Eyes,0.3617579,0.01994189,-3.286445,-0.9124758,0.03826287,0.4073377,0.0,0.0,0.0,0.0,0.0,0.0,0.0,2.319589,0.1985726,2.348707,0.3616418,0.01934478,-3.287125,0.03427391,-0.4294005,-0.001787665,0.9024619,3.458555,309.0522,358.1249,0.156224,0.005182741,-0.9877079,-0.4432898,0.002605035,0.2195601,-1.440141,0.1204511,-2.347697,-0.4033633,0.20396,1.992899,0.6312242,-0.03266106,0.7749125,-0.02620786,0.9976442,0.06339704,-0.7751576,-0.06032654,0.6288812,moving,-15.223916756927979,5.225854702133573,-11.442107252642733,5.843497922933348,-1.8017827999999998,0.10110632,0.9394279999999999,-0.2615753332135023,0.08791077483742597,0.9611712518429252,-14.763417026525985,5.558109009350142,3.8268393797291442,3.8319141789583617,3.3335484766369636
3586,05/05/2023 15:32:46.456811,3769,True,True,True,True,Eyes,0.3610094,0.01982921,-3.285626,-0.9122085,0.03833419,0.407929,0.0,0.0,0.0,0.0,0.0,0.0,0.0,2.309985,0.2004494,2.347822,0.3548792,0.01833321,-3.28058,0.03472145,-0.4276976,-0.001120172,0.9032542,3.541208,309.2679,358.1786,0.1515569,0.005268155,-0.9884343,-0.4166924,0.002448733,0.2063865,-1.440345,0.1156299,-2.330053,-0.3989553,0.20396,1.9929,0.6341471,-0.03172415,0.7725614,-0.02767695,0.9975863,0.06368276,-0.772717,-0.06176639,0.6317384,moving,-15.40293210766605,5.323092817397359,-11.320306960711086,5.843495011065728,-1.7952242,0.09729668999999999,0.9505270000000001,-0.26454031365260994,0.08946686538958837,0.9602156159353719,-14.943899682697142,5.649614156754435,4.107971476068057,4.115658699858856,3.6287758267077876
3587,05/05/2023 15:32:46.476658,3770,True,True,True,True,Eyes,0.3600145,0.01969068,-3.284551,-0.9118962,0.03856682,0.4086047,0.0,0.0,0.0,0.0,0.0,0.0,0.0,2.30122,0.1992536,2.345668,0.3479539,0.01754619,-3.273545,0.0344569,-0.4262131,-0.001207696,0.9039657,3.512496,309.4574,358.1883,0.1473341,0.005341684,-0.9890721,-0.3916909,0.002301809,0.1940033,-1.441054,0.1112304,-2.313582,-0.3947673,0.2039601,1.9929,0.636682,-0.03155539,0.7704806,-0.02718853,0.9976225,0.06332517,-0.7706471,-0.06126622,0.6343103,moving,-15.54826749112318,5.307496682033423,-11.204494818233128,5.843497856259917,-1.7890079,0.09368420999999999,0.9599630000000001,-0.2669828974438775,0.08914319896860412,0.9595694360449163,-15.090532642463478,5.631807302131111,4.368310379641754,4.37671775335337,3.8917994375425247
3588,05/05/2023 15:32:46.496950,3771,True,True,True,True,Eyes,0.3588006,0.01951313,-3.283187,-0.9114893,0.03896384,0.4094742,0.0,0.0,0.0,0.0,0.0,0.0,0.0,2.293146,0.189673,2.343301,0.34102,0.01675099,-3.26634,0.03253742,-0.424877,-0.002162259,0.9046636,3.269551,309.6339,358.1884,0.1435051,0.005403806,-0.9896346,-0.3681894,0.002163701,0.1823631,-1.441991,0.1112439,-2.297328,-0.390426,0.2039601,1.9929,0.6389498,-0.03156104,0.7686008,-0.02373657,0.9978732,0.06070822,-0.7688822,-0.05703345,0.6368417,moving,-15.657649625400182,5.085367067463739,-11.08434545773034,5.843497856259917,-1.7830110000000001,0.09449291000000001,0.9690120000000002,-0.26890340621874914,0.08537505366351081,0.959375892777999,-15.201127986502637,5.413452020600785,4.629978808304183,4.635717129306649,4.139183229813896
3589,05/05/2023 15:32:46.507367,3772,True,True,True,True,Eyes,0.3573622,0.01929583,-3.281557,-0.9110485,0.0394845,0.4104043,0.0,0.0,0.0,0.0,0.0,0.0,0.0,2.28539,0.1784084,2.340015,0.3340858,0.01561181,-3.258627,0.0302258,-0.4236681,-0.003292381,0.9053071,2.97714,309.7953,358.1883,0.1400255,0.005454542,-0.9901326,-0.3460981,0.002033879,0.1714213,-1.442717,0.1187957,-2.281423,-0.3859307,0.2039601,1.9929,0.6409889,-0.03157265,0.7669004,-0.01965019,0.9981511,0.05751701,-0.7672985,-0.05193751,0.6391834,moving,-15.745769230676656,4.821511537499873,-10.95982990117086,5.843497856259917,-1.7768028,0.10318389,0.977204,-0.270479485361608,0.08091899651728537,0.9593190546174641,-15.290320462256801,5.154831751640837,4.89068010045006,4.893840138525481,4.384907011933737
3590,05/05/2023 15:32:46.527228,3773,True,True,True,True,Eyes,0.3557229,0.01902828,-3.279649,-0.9104546,0.03999971,0.4116703,0.0,0.0,0.0,0.0,0.0,0.0,0.0,2.277463,0.1709094,2.336183,0.3272364,0.01441009,-3.250617,0.02861157,-0.4224741,-0.004120735,0.9059141,2.771757,309.952,358.1847,0.1368547,0.005493888,-0.9905756,-0.3253322,0.001911846,0.1611361,-1.443661,0.1277361,-2.265702,-0.3815811,0.2039601,1.9929,0.6429973,-0.03164135,0.7652147,-0.01670923,0.9983287,0.05532104,-0.7656863,-0.04835742,0.641394,moving,-15.812969476142177,4.644031808763441,-10.839250238230333,5.843497856259917,-1.7708974,0.11332600999999999,0.984915,-0.2716695500942569,0.07791988207701553,0.9592310143505692,-15.358312184149137,4.980730892468135,5.11431103869678,5.116307443525183,4.600683395416591
3591,05/05/2023 15:32:46.546798,3774,True,True,True,True,Eyes,0.3538947,0.01870756,-3.277487,-0.9098228,0.04052585,0.4130136,0.0,0.0,0.0,0.0,0.0,0.0,0.0,2.268504,0.166249,2.332892,0.3205515,0.01298371,-3.242409,0.02744704,-0.4211276,-0.004857438,0.906573,2.617855,310.1259,358.1686,0.133957,0.005521515,-0.9909715,-0.3058123,0.001797135,0.1514679,-1.444682,0.1335947,-2.249781,-0.377256,0.2039601,1.9929,0.645256,-0.03192465,0.7632992,-0.01431017,0.9984462,0.05385669,-0.7638324,-0.04567429,0.6437965,moving,-15.896221457660236,4.514925581509279,-10.719253329219667,5.843497856259917,-1.7652335,0.12061099000000002,0.9926279999999998,-0.27310935793595403,0.07572614207074142,0.9589978809767598,-15.442442610938887,4.853464497025442,5.343258664393593,5.344726680769142,4.825834958154331
3592,05/05/2023 15:32:46.556557,3775,True,True,True,True,Eyes,0.351862,0.01833613,-3.275104,-0.9089667,0.04058174,0.4148889,0.0,0.0,0.0,0.0,0.0,0.0,0.0,2.258037,0.1675409,2.330544,0.3141519,0.01132126,-3.234101,0.02736687,-0.4195376,-0.005142613,0.907311,2.598995,310.3266,358.1474,0.1313004,0.005537026,-0.9913269,-0.2874635,0.001689307,0.1423798,-1.445234,0.1375077,-2.233047,-0.3729143,0.20396,1.9929,0.6479236,-0.03229476,0.7610205,-0.01363096,0.9984493,0.05397555,-0.7615834,-0.04534547,0.6464785,moving,-15.97955553552268,4.491499089374431,-10.598700093960783,5.843495011065728,-1.7593858999999998,0.12618644,1.0010539999999999,-0.27451271854110165,0.07530274498027262,0.9586304828405666,-15.526536998133704,4.8291447715618485,5.546375635806778,5.5481076283050035,5.031151256174886
3593,05/05/2023 15:32:46.577286,3776,True,True,True,True,Eyes,0.3496654,0.01794124,-3.272472,-0.9080742,0.04050359,0.4168463,0.0,0.0,0.0,0.0,0.0,0.0,0.0,2.245703,0.1746832,2.329364,0.3079253,0.009695159,-3.225635,0.02832826,-0.4176342,-0.005202501,0.9081587,2.700068,310.5627,358.1004,0.1288559,0.005540126,-0.9916475,-0.2702157,0.001587949,0.133837,-1.445168,0.1364977,-2.215186,-0.3685322,0.20396,1.9929,0.6511092,-0.0331111,0.7582615,-0.01421231,0.9983409,0.05579861,-0.7588509,-0.04710763,0.6495584,moving,-16.10109474946488,4.571875546773324,-10.476928768958263,5.843495011065728,-1.7530933,0.126802541,1.010449,-0.27651816279671926,0.07660165414596704,0.9579509504968649,-15.64905626335316,4.905257801502554,5.763195150284369,5.7661303348307404,5.256538012768909
3594,05/05/2023 15:32:46.596748,3777,True,True,True,True,Eyes,0.3473086,0.01755317,-3.269595,-0.9069365,0.04030052,0.4193352,0.0,0.0,0.0,0.0,0.0,0.0,0.0,2.232978,0.1861477,2.328034,0.3017609,0.008772118,-3.217056,0.03020876,-0.4156758,-0.005007892,0.9089973,2.909357,310.8018,358.0365,0.1265976,0.005531379,-0.9919385,-0.2540028,0.001492672,0.1258068,-1.444501,0.1314991,-2.196,-0.3643215,0.2039601,1.9929,0.6543772,-0.03421842,0.7553937,-0.01600978,0.9981247,0.05908268,-0.7559988,-0.05075604,0.6526021,moving,-16.199207128293327,4.748713685154483,-10.359830109956388,5.843497856259917,-1.7462619,0.12272698200000001,1.0210559999999997,-0.2780943586035513,0.07952024250794379,0.9572565046255456,-15.747833871241735,5.075760519923156,5.9357101649468,5.94111743223315,5.442426402738994
3595,05/05/2023 15:32:46.606975,3778,True,True,True,True,Eyes,0.344797,0.01714167,-3.26646,-0.9057525,0.04029375,0.4218872,0.0,0.0,0.0,0.0,0.0,0.0,0.0,2.220446,0.1887962,2.326906,0.2956141,0.008555803,-3.208279,0.03049917,-0.4137637,-0.005581474,0.9098563,2.916519,311.0403,357.9689,0.1245034,0.005512204,-0.9922037,-0.2387626,0.001403111,0.1182584,-1.443632,0.1235125,-2.176286,-0.3598801,0.2039601,1.9929,0.657537,-0.03539557,0.7525904,-0.01508221,0.9980773,0.06011854,-0.7532713,-0.05088089,0.6557389,moving,-16.282010024086006,4.733948703790248,-10.236220857468455,5.843497856259917,-1.7392461,0.114956697,1.031993,-0.279483733543887,0.07924027177335252,0.9568750227081944,-15.831382656320148,5.059887977499468,6.140896038741735,6.146760607745864,5.649768136607049
3596,05/05/2023 15:32:46.626827,3779,True,True,True,True,Eyes,0.3421426,0.01669125,-3.263095,-0.9043622,0.04040926,0.4248484,0.0,0.0,0.0,0.0,0.0,0.0,0.0,2.206952,0.17891,2.326921,0.2893534,0.007541538,-3.198973,0.02838464,-0.4116872,-0.006769055,0.910858,2.644295,311.3089,357.9518,0.1225525,0.005482952,-0.9924467,-0.2244369,0.001318925,0.1111629,-1.442503,0.1233113,-2.156847,-0.3556408,0.20396,1.9929,0.6609357,-0.03570247,0.7495928,-0.01103989,0.998297,0.05728221,-0.7503613,-0.04613528,0.6594159,moving,-16.349172370679035,4.461448134405945,-10.118146356836014,5.843495011065728,-1.7318564,0.115769762,1.042126,-0.28070469574527784,0.07466075569814654,0.9568859416933034,-15.899443016387053,4.793223038959994,6.378992914625835,6.382455542694638,5.8759222494113095
3597,05/05/2023 15:32:46.646731,3780,True,True,True,True,Eyes,0.3393791,0.01625011,-3.259492,-0.9029453,0.0404411,0.4278485,0.0,0.0,0.0,0.0,0.0,0.0,0.0,2.193019,0.1716356,2.327385,0.2835271,0.006119252,-3.189842,0.02688927,-0.4095321,-0.007193176,0.911871,2.472933,311.5857,357.9842,0.1207272,0.005443464,-0.9926706,-0.2109707,0.001239789,0.1044931,-1.440473,0.1317532,-2.136463,-0.351289,0.2039601,1.9929,0.6644635,-0.03514254,0.746494,-0.008905541,0.9984505,0.05493077,-0.7472677,-0.04314742,0.6631209,moving,-16.42387732610673,4.2991748196493305,-9.99684807523219,5.843497856259917,-1.7240000999999998,0.125633948,1.053379,-0.28200899987370015,0.07192169496694821,0.9567121981541087,-15.974988442856432,4.633800569823764,6.6073785583272535,6.609965100740177,6.099305680143396
3598,05/05/2023 15:32:46.658564,3781,True,True,True,True,Eyes,0.3365241,0.01586158,-3.255616,-0.9013338,0.04064722,0.4312135,0.0,0.0,0.0,0.0,0.0,0.0,0.0,2.179219,0.1742411,2.326766,0.278111,0.005916169,-3.180537,0.02759439,-0.4074762,-0.006560646,0.9127753,2.580806,311.8421,358.0229,0.1190123,0.005395059,-0.9928778,-0.1983124,0.001165402,0.09822354,-1.437916,0.1359602,-2.115944,-0.3467412,0.2039601,1.9929,0.6678401,-0.0344649,0.7435064,-0.01051132,0.998391,0.05572156,-0.7442306,-0.04502833,0.6664034,moving,-16.470226269260557,4.429670680962976,-9.86998986556476,5.843497856259917,-1.716027,0.130044031,1.0645930000000003,-0.2827379397311573,0.07408391986873449,0.9563319132769137,-16.02159883241764,4.760089818258675,6.745812099452453,6.7499650270412035,6.246284164034685
3599,05/05/2023 15:32:46.677053,3782,True,True,True,True,Eyes,0.3335742,0.01554293,-3.25151,-0.8996693,0.0409437,0.434648,0.0,0.0,0.0,0.0,0.0,0.0,0.0,2.163339,0.1652382,2.32827,0.2724356,0.00682216,-3.17079,0.02597012,-0.4050278,-0.007634096,0.9139037,2.36609,312.1542,357.993,0.1173946,0.005340246,-0.9930707,-0.1864137,0.001095478,0.09233013,-1.436104,0.1316236,-2.095925,-0.3427384,0.2039601,1.9929,0.6717885,-0.03499089,0.7399163,-0.007083584,0.9985345,0.05365241,-0.7407092,-0.04128433,0.6705562,moving,-16.554517569430065,4.2214902462653825,-9.75825314019541,5.843497856259917,-1.7085396,0.12480144000000001,1.0748650000000004,-0.2842170569237048,0.07057649243129047,0.9561588482600074,-16.10686666712383,4.555774417600399,6.984287654086073,6.987139534813973,6.4778951341289535
3600,05/05/2023 15:32:46.697074,3783,True,True,True,True,Eyes,0.330544,0.01530825,-3.247163,-0.8978465,0.04135086,0.4383627,0.0,0.0,0.0,0.0,0.0,0.0,0.0,2.146297,0.1604252,2.330736,0.2671636,0.008164023,-3.161204,0.02512345,-0.4023799,-0.008672782,0.9150868,2.235146,312.4877,357.9301,0.1158622,0.005281814,-0.993251,-0.1752288,0.001029749,0.08679032,-1.432275,0.1400369,-2.073634,-0.3380627,0.2039601,1.9929,0.6760305,-0.03609104,0.7359893,-0.00434564,0.9985872,0.05295978,-0.7368609,-0.03900077,0.6749185,moving,-16.64881584924119,4.09372012770437,-9.627637734754131,5.843497856259917,-1.6994386,0.131872877,1.08757,-0.28583357218836203,0.06840975911563432,0.9558343799027428,-16.20213917927338,4.4296109286048155,7.23348025562814,7.235928704368296,6.7248156471519485
3601,05/05/2023 15:32:46.707194,3784,True,True,True,True,Eyes,0.3274218,0.01517427,-3.242596,-0.8959304,0.04200644,0.4422038,0.0,0.0,0.0,0.0,0.0,0.0,0.0,2.127456,0.1542363,2.334598,0.2618458,0.009961417,-3.151435,0.02373409,-0.3994021,-0.01086262,0.9164043,1.99561,312.8625,357.7711,0.1144042,0.005222695,-0.9934203,-0.1647151,0.000967964,0.0815829,-1.427806,0.146155,-2.05096,-0.3337032,0.2039601,1.9929,0.6807199,-0.038868,0.731512,0.00095021,0.9986374,0.05217715,-0.7325433,-0.03482294,0.6798293,moving,-16.77583431546686,3.842308989260199,-9.505764258542248,5.843497856259917,-1.6896518,0.136193583,1.1004750000000003,-0.28803312265829384,0.06417080768749289,0.95546797490681,-16.330559119709594,4.182413798174152,7.538886768074826,7.540469183943094,7.024031972097143
3602,05/05/2023 15:32:46.726942,3785,True,True,True,True,Eyes,0.3241984,0.01510787,-3.237838,-0.8938235,0.04291989,0.4463602,0.0,0.0,0.0,0.0,0.0,0.0,0.0,2.105799,0.143946,2.341083,0.2564493,0.01220219,-3.141634,0.02153832,-0.3958373,-0.01365363,0.9179665,1.646546,313.3128,357.5851,0.1130111,0.005166067,-0.9935799,-0.1548322,0.0009098861,0.07668793,-1.422247,0.1570579,-2.027107,-0.3296532,0.20396,1.9929,0.6862528,-0.04211849,0.7261428,0.00801581,0.9986994,0.05035214,-0.727319,-0.02873368,0.6856979,moving,-16.95192773048898,3.486163774983173,-9.392465247659013,5.843495011065728,-1.6786963,0.14485571,1.1145269999999998,-0.2910754491204449,0.05817454167453129,0.9549297355691629,-16.50860402986705,3.8323071283820647,7.917363287375432,7.91848998142476,7.394883898148699
3603,05/05/2023 15:32:46.746912,3786,True,True,True,True,Eyes,0.3208976,0.01509044,-3.232892,-0.8916086,0.04391626,0.4506723,0.0,0.0,0.0,0.0,0.0,0.0,0.0,2.081878,0.1273497,2.34994,0.2510955,0.01365652,-3.131999,0.01830449,-0.3917539,-0.01602929,0.9197483,1.209718,313.8317,357.4875,0.1116737,0.005113775,-0.9937314,-0.1455423,0.000855293,0.07208665,-1.414629,0.1723348,-2.001051,-0.3253008,0.20396,1.9929,0.6925439,-0.04382752,0.720043,0.01514411,0.9988161,0.04623012,-0.7212167,-0.02111198,0.6923877,moving,-17.17472270421203,3.0713226167885836,-9.270623918640318,5.843495011065728,-1.6657245,0.15867828,1.130948,-0.29489935174213844,0.05119627629873882,0.9541558411018858,-16.73382783659508,3.4241817519512456,8.374247973685568,8.37613976696118,7.8455394567042
3604,05/05/2023 15:32:46.766612,3787,True,True,True,True,Eyes,0.317521,0.01511921,-3.227794,-0.8892087,0.04475247,0.4553077,0.0,0.0,0.0,0.0,0.0,0.0,0.0,2.056881,0.1190606,2.359283,0.2458584,0.01478895,-3.122577,0.01693691,-0.3874456,-0.01684559,0.9215831,1.04078,314.3719,357.4678,0.1103847,0.005066934,-0.9938757,-0.1368097,0.0008039754,0.06776146,-1.40521,0.1893554,-1.97361,-0.320675,0.2039601,1.9929,0.6992043,-0.04417349,0.713556,0.01792497,0.9988587,0.04427104,-0.7146973,-0.01816404,0.6991981,moving,-17.408726752494342,2.9383615260403024,-9.14103625135628,5.843497856259917,-1.6510684,0.17456645,1.148967,-0.29882792384799395,0.04891931012840555,0.9530523440143985,-16.97004240814566,3.2904488691009766,8.760858683458613,8.763248445626225,8.234767545831474
3605,05/05/2023 15:32:46.776839,3788,True,True,True,True,Eyes,0.3140909,0.01516585,-3.222548,-0.8867146,0.045511,0.4600715,0.0,0.0,0.0,0.0,0.0,0.0,0.0,2.032109,0.117924,2.368456,0.240869,0.0159143,-3.113629,0.01693247,-0.3831645,-0.01717043,0.9233652,1.03777,314.9033,357.4385,0.1091371,0.00502644,-0.9940137,-0.1286011,0.0007557368,0.06369577,-1.396241,0.1963067,-1.946097,-0.316697,0.20396,1.9929,0.7057802,-0.04468501,0.7070202,0.01873332,0.9988369,0.04442792,-0.7081831,-0.01811151,0.7057965,moving,-17.6347348222468,2.9641429867896094,-9.029520589833782,5.843495011065728,-1.63711,0.1803924,1.167532,-0.30257948205217405,0.049286979968825154,0.9518488686409209,-17.198012037674985,3.311499199068841,9.071839039156496,9.074160019826989,8.55191530158155
3606,05/05/2023 15:32:46.796837,3789,True,True,True,True,Eyes,0.310605,0.01523015,-3.21719,-0.8841487,0.04583267,0.4649521,0.0,0.0,0.0,0.0,0.0,0.0,0.0,2.007468,0.120046,2.377336,0.2360816,0.01640154,-3.104844,0.01747793,-0.3789185,-0.01716803,0.9251058,1.107441,315.4276,357.4198,0.1079251,0.004992232,-0.9941462,-0.1208851,0.0007103926,0.05987403,-1.387041,0.1974964,-1.918767,-0.3122689,0.20396,1.9929,0.712252,-0.04500991,0.7004793,0.01851907,0.9987995,0.04534843,-0.7016795,-0.0193273,0.7122306,moving,-17.848511895007647,3.0400949547712917,-8.905306084172732,5.843495011065728,-1.6231225999999999,0.18109486,1.186077,-0.30611045294060457,0.05048889258676947,0.95065623385706,-17.413586518983795,3.3816432125241627,9.370047509732624,9.372298653509876,8.857287972927779
3607,05/05/2023 15:32:46.811846,3790,True,True,True,True,Eyes,0.3070788,0.01532762,-3.211702,-0.8814971,0.04602294,0.4699411,0.0,0.0,0.0,0.0,0.0,0.0,0.0,1.983097,0.1298457,2.385999,0.2315411,0.01693108,-3.09655,0.01962653,-0.3747062,-0.01623039,0.9267938,1.387624,315.9416,357.4319,0.1067433,0.004964249,-0.9942739,-0.113632,0.0006677691,0.05628159,-1.37764,0.1954466,-1.891691,-0.307647,0.20396,1.992899,0.7186637,-0.04479281,0.6939136,0.01537608,0.9987027,0.04854274,-0.6951879,-0.02421623,0.7184201,moving,-18.055367054251754,3.329163430789169,-8.775569491630366,5.843497922933348,-1.6091811,0.17851551999999998,1.2048590000000001,-0.3094629515596881,0.05522149401178344,0.9493066701519255,-17.62193842816215,3.6595196312173757,9.611828611871351,9.614391334953023,9.111970398323356
3608,05/05/2023 15:32:46.826949,3791,True,True,True,True,Eyes,0.3035001,0.01549334,-3.206104,-0.8787802,0.04607217,0.4749977,0.0,0.0,0.0,0.0,0.0,0.0,0.0,1.958891,0.1346558,2.394157,0.2269772,0.0178507,-3.087966,0.02088947,-0.370532,-0.01563386,0.9284532,1.558872,316.4529,357.4479,0.1055879,0.004942935,-0.9943974,-0.106814,0.0006277029,0.05290469,-1.368901,0.1859621,-1.865536,-0.3035328,0.20396,1.9929,0.7249232,-0.04451105,0.68739,0.01355018,0.9986385,0.05037548,-0.6886964,-0.02720409,0.7245393,moving,-18.247230290994715,3.5024633881112828,-8.659999431389132,5.843495011065728,-1.5958782,0.1681114,1.2224300000000001,-0.3125902581037435,0.058030045602633716,0.9481138877328138,-17.81529658007151,3.8248895212240703,9.865387053069986,9.86891202793126,9.375192478252945
3609,05/05/2023 15:32:46.836845,3792,True,True,True,True,Eyes,0.2998724,0.01570972,-3.200365,-0.8759271,0.04644169,0.4802031,0.0,0.0,0.0,0.0,0.0,0.0,0.0,1.933643,0.1320849,2.403499,0.2223601,0.0196564,-3.079513,0.0206984,-0.3661018,-0.01616377,0.9302043,1.528392,316.9991,357.4069,0.1044538,0.00492976,-0.9945172,-0.1004052,0.0005900408,0.04973041,-1.359741,0.1806407,-1.839502,-0.2993128,0.20396,1.9929,0.7314164,-0.04522665,0.6804298,0.01491577,0.9986206,0.05034265,-0.6817679,-0.02667231,0.7310821,moving,-18.454228163405507,3.4738207158119514,-8.541388035097365,5.843495011065728,-1.5821011,0.1609843,1.240011,-0.3160234981060696,0.05748719339587315,0.9470081855899373,-18.02414979209539,3.7932643590949455,10.18824154164768,10.192141859049189,9.701866638243633
3610,05/05/2023 15:32:46.856961,3793,True,True,True,True,Eyes,0.2962053,0.01594705,-3.194495,-0.8729219,0.04710304,0.4855806,0.0,0.0,0.0,0.0,0.0,0.0,0.0,1.906041,0.1136577,2.414422,0.2174768,0.0210213,-3.070441,0.01721834,-0.3612008,-0.01841824,0.9321472,1.07692,317.6128,357.3185,0.1033379,0.004925537,-0.9946338,-0.09438089,0.0005546383,0.04674659,-1.348819,0.1835068,-1.812773,-0.2946698,0.2039601,1.9929,0.7383894,-0.04677558,0.6727504,0.02189846,0.9987286,0.04540543,-0.6740189,-0.0187947,0.738475,moving,-18.692298520494564,3.0238006241153554,-8.410802159310785,5.843497856259917,-1.5662958,0.1624855,1.2576680000000002,-0.32008517998783936,0.04997549413578097,0.9460696520400856,-18.264823085556397,3.350594620668241,10.65785338038588,10.661137833552242,10.164462354542412
3611,05/05/2023 15:32:46.876927,3794,True,True,True,True,Eyes,0.2924997,0.01618093,-3.188504,-0.869756,0.04789572,0.4911522,0.0,0.0,0.0,0.0,0.0,0.0,0.0,1.875756,0.09428352,2.427459,0.2124872,0.02173644,-3.061744,0.01336978,-0.3556992,-0.02104547,0.934268,0.5735522,318.2998,357.2007,0.1022379,0.004930074,-0.9947475,0.0,0.0,0.0,-1.335994,0.200866,-1.785074,-0.2907482,0.20396,1.9929,0.7460704,-0.04883545,0.6640739,0.02981296,0.9987566,0.03995363,-0.6651994,-0.01001021,0.7465987,moving,-18.987241129889124,2.5169292178205005,-8.30043723085071,5.843495011065728,-1.5484812,0.17912956,1.27667,-0.3250768988351954,0.041529467853240715,0.9447752622918726,-18.562933472470394,2.851520206215764,11.187984069981656,11.192578682023724,10.689749405019517
3612,05/05/2023 15:32:46.892823,3795,True,True,True,True,Eyes,0.2887943,0.01640107,-3.18239,-0.866439,0.04863844,0.4969082,0.0,0.0,0.0,0.0,0.0,0.0,0.0,1.843592,0.08690532,2.440792,0.2077571,0.02185846,-3.052901,0.01182438,-0.3499305,-0.02255124,0.9364297,0.3645564,319.0108,357.1046,0.1011501,0.004942437,-0.9948586,0.0,0.0,0.0,-1.320799,0.2194811,-1.755905,-0.2864227,0.20396,1.9929,0.7540802,-0.05051071,0.6548372,0.03395987,0.9987032,0.03792813,-0.6559038,-0.006362671,0.7548177,moving,-19.30921436777508,2.3073125388004225,-8.178633460991014,5.843495011065728,-1.5285561,0.19762264000000002,1.2969959999999998,-0.3304273689552802,0.037998008632039525,0.9430662240686833,-18.887978233774614,2.641530994681902,11.672985859116379,11.678802070401844,11.177774332333081
3613,05/05/2023 15:32:46.907110,3796,True,True,True,True,Eyes,0.2850708,0.01663444,-3.176178,-0.8629322,0.04915736,0.5029229,0.0,0.0,0.0,0.0,0.0,0.0,0.0,1.809128,0.08738801,2.455693,0.2031501,0.02184633,-3.044546,0.01178955,-0.343709,-0.02347098,0.938709,0.3437501,319.7705,357.0095,0.1000738,0.004961461,-0.9949673,0.0,0.0,0.0,-1.305087,0.2271158,-1.725526,-0.2819588,0.20396,1.9929,0.7626265,-0.05216919,0.6447319,0.03596049,0.9986203,0.03826829,-0.6458388,-0.00599954,0.7634502,moving,-19.6725064761627,2.270244417916815,-8.052854344201112,5.843495011065728,-1.5082371,0.20526947,1.31902,-0.33640911392478456,0.0373040708123557,0.9409767189216678,-19.254511712771087,2.5988872241614587,12.150484379959355,12.15666218454879,11.662101332679194
3614,05/05/2023 15:32:46.926939,3797,True,True,True,True,Eyes,0.2812797,0.01690288,-3.169905,-0.8591911,0.0493088,0.5092732,0.0,0.0,0.0,0.0,0.0,0.0,0.0,1.77043,0.1015917,2.472383,0.1988627,0.02245137,-3.036012,0.01447465,-0.3368123,-0.02355169,0.9411661,0.6521023,320.6011,356.8996,0.09900576,0.004986971,-0.9950741,0.0,0.0,0.0,-1.288403,0.2280568,-1.694314,-0.2777185,0.2039601,1.9929,0.7720056,-0.05408258,0.6333108,0.03458163,0.9984716,0.04311109,-0.6346744,-0.01138109,0.772696,moving,-20.10458426344747,2.531162113142922,-7.933303173643964,5.843497856259917,-1.4872657,0.20560543,1.3416979999999998,-0.3434390216474613,0.04147654233142591,0.9382586163531641,-19.69010155012567,2.845289887172862,12.608569282894173,12.613946703634786,12.133077066067784
3615,05/05/2023 15:32:46.946737,3798,True,True,True,True,Eyes,0.2774764,0.01717694,-3.16354,-0.8551849,0.04941903,0.5159618,0.0,0.0,0.0,0.0,0.0,0.0,0.0,1.727362,0.114442,2.491463,0.1943835,0.02352859,-3.027528,0.01696935,-0.3290502,-0.02385617,0.9438587,0.9358873,321.5343,356.7778,0.09794498,0.005019412,-0.9951789,0.0,0.0,0.0,-1.269898,0.2181979,-1.660383,-0.2732772,0.20396,1.9929,0.7823138,-0.05620123,0.6203439,0.03386616,0.9982858,0.04773309,-0.6219632,-0.01633359,0.7828761,moving,-20.614788799989466,2.75542142474302,-7.80801042980134,5.843495011065728,-1.4642815,0.19466931,1.3671450000000003,-0.3517265720772505,0.04500093386784981,0.9350205170044127,-20.204547464779097,3.054576601893962,13.168154369675868,13.173829006695906,12.70638407858791
3616,05/05/2023 15:32:46.957066,3799,True,True,True,True,Eyes,0.2736261,0.01743992,-3.157126,-0.850952,0.04903888,0.5229493,0.0,0.0,0.0,0.0,0.0,0.0,0.0,1.679886,0.1173627,2.513019,0.1901359,0.02395172,-3.018995,0.01758852,-0.3204603,-0.02449674,0.9467818,1.008717,322.5717,356.694,0.09688878,0.005058364,-0.9952821,0.0,0.0,0.0,-1.248453,0.2096909,-1.624305,-0.2687324,0.20396,1.9929,0.7934102,-0.05765897,0.6059502,0.03511329,0.9981812,0.04900544,-0.6076736,-0.01760451,0.7939917,moving,-21.18998117829009,2.747319375168914,-7.679720039914435,5.843495011065728,-1.4385889,0.18573918,1.3946899999999998,-0.36110029947079936,0.04469732294452801,0.9314552117358277,-20.78481493785871,3.0363391843572574,13.854097416360293,13.860499976387015,13.402374271730675
3617,05/05/2023 15:32:46.977128,3800,True,True,True,True,Eyes,0.2697784,0.0176821,-3.150635,-0.8464468,0.04837298,0.5302715,0.0,0.0,0.0,0.0,0.0,0.0,0.0,1.630713,0.1321056,2.534535,0.1858777,0.02395496,-3.010884,0.02057382,-0.3115695,-0.0236161,0.9497072,1.395983,323.6336,356.6925,0.09583492,0.005102876,-0.9953839,0.0,0.0,0.0,-1.223714,0.2077165,-1.587021,-0.2646542,0.2039601,1.9929,0.8047335,-0.05767711,0.5908277,0.03203641,0.9980379,0.05379432,-0.5927712,-0.0243621,0.8050023,moving,-21.784301873181143,3.0666230239229217,-7.564534789175718,5.843497856259917,-1.4095917,0.18376154,1.4238629999999999,-0.37065505343158023,0.04968655047661466,0.9274406030598067,-21.384010963069905,3.3367007269632034,14.480199738925576,14.488368084702666,14.044997457040688
3618,05/05/2023 15:32:46.996623,3801,True,True,True,True,Eyes,0.2659066,0.01791633,-3.144106,-0.841791,0.04729152,0.5377279,0.0,0.0,0.0,0.0,0.0,0.0,0.0,1.579689,0.1467689,2.555903,0.1819416,0.02376411,-3.002654,0.02369642,-0.3023974,-0.02199082,0.9526337,1.825068,324.7263,356.7749,0.09478339,0.005151775,-0.9954844,0.0,0.0,0.0,-1.198189,0.1939623,-1.549265,-0.2600452,0.2039601,1.9929,0.8161445,-0.05622986,0.5751056,0.02756693,0.9979097,0.05844793,-0.57719,-0.03184807,0.8159886,moving,-22.39672293845493,3.43532199496396,-7.434283524691122,5.843497856259917,-1.3801306,0.17019819,1.4533890000000003,-0.38043197787434657,0.055416175109132416,0.9231470238971728,-22.00141122151662,3.6848552977625246,15.143040845833243,15.154996014169095,14.726199341003664
3619,05/05/2023 15:32:47.007153,3802,True,True,True,True,Eyes,0.2620447,0.01814987,-3.137505,-0.8368572,0.04593998,0.5454902,0.0,0.0,0.0,0.0,0.0,0.0,0.0,1.528669,0.1621107,2.576411,0.1780763,0.02384447,-2.994783,0.02704631,-0.2932025,-0.01998547,0.9554588,2.29036,325.8185,356.8991,0.09373249,0.005204431,-0.9955836,0.0,0.0,0.0,-1.171533,0.1782146,-1.511693,-0.2558561,0.2039601,1.9929,0.8272657,-0.05405067,0.5592047,0.0223305,0.9977381,0.06340284,-0.5613668,-0.03996368,0.8266016,moving,-22.985026354579773,3.843719057130972,-7.315831610165563,5.843497856259917,-1.3496093,0.15437013,1.48309,-0.38974574012301477,0.06173426611053747,0.9188509953708694,-22.594436766829453,4.072115605330417,15.778114296697966,15.79629004493851,15.380948300158364
3620,05/05/2023 15:32:47.027035,3803,True,True,True,True,Eyes,0.2581562,0.01838613,-3.130858,-0.8317279,0.04466514,0.5533839,0.0,0.0,0.0,0.0,0.0,0.0,0.0,1.47669,0.1768348,2.595894,0.174307,0.02413052,-2.986567,0.03024847,-0.2838853,-0.01820184,0.9582082,2.730271,326.9232,357.0126,0.09268279,0.005260468,-0.9956816,0.0,0.0,0.0,-1.144074,0.1612867,-1.475089,-0.2513783,0.20396,1.9929,0.8381557,-0.0520565,0.5429412,0.01770812,0.9975075,0.06830312,-0.5451435,-0.04763418,0.8369883,moving,-23.572116922664325,4.229265962204902,-7.18914681064151,5.843495011065728,-1.318381,0.13715618000000002,1.5114779999999999,-0.3989876299168279,0.06762333059693224,0.9144593875515579,-23.18626448178281,4.437138195066178,16.436001124439557,16.46230376082336,16.05881730633516
3621,05/05/2023 15:32:47.046905,3804,True,True,True,True,Eyes,0.2542806,0.01860842,-3.12414,-0.8262956,0.04340063,0.5615622,0.0,0.0,0.0,0.0,0.0,0.0,0.0,1.424212,0.1802363,2.615282,0.1704229,0.02440491,-2.978409,0.03122157,-0.274431,-0.01755003,0.9609396,2.887298,328.0492,357.0807,0.09163315,0.00531967,-0.9957784,0.0,0.0,0.0,-1.115611,0.1455155,-1.438766,-0.2471061,0.2039601,1.992899,0.8487593,-0.05086537,0.5263274,0.01659271,0.9974344,0.06963663,-0.5285192,-0.05037154,0.8474257,moving,-24.137874874407423,4.31439945998996,-7.068216380587014,5.843500768128935,-1.2860338999999998,0.12111058999999999,1.539643,-0.4079681063624406,0.0686841011478078,0.9104090598039756,-23.756909572092095,4.509896068513249,17.10835745079693,17.138010150137255,16.74189302125136
3622,05/05/2023 15:32:47.056828,3805,True,True,True,True,Eyes,0.2503338,0.01884196,-3.11739,-0.8194753,0.0437707,0.5714406,0.0,0.0,0.0,0.0,0.0,0.0,0.0,1.370963,0.1796863,2.634028,0.166712,0.02430093,-2.970109,0.0313619,-0.2648783,-0.01727977,0.9636169,2.939855,329.1868,357.135,0.09058299,0.005381363,-0.9958742,0.0,0.0,0.0,-1.085366,0.1397949,-1.403046,-0.242575,0.2039601,1.9929,0.8590818,-0.04991633,0.5093985,0.01668799,0.9974356,0.06959578,-0.5115662,-0.05128764,0.8577119,moving,-24.588844077155226,4.397186960483642,-6.939881016199046,5.843497856259917,-1.252078,0.11549397,1.5670629999999999,-0.41509024494687286,0.06975292026340754,0.9071023202933681,-24.211757554962993,4.582433049847404,17.675211444340185,17.70812560194435,17.317852165216006
3623,05/05/2023 15:32:47.077061,3806,True,True,True,True,Eyes,0.2463964,0.01905668,-3.11055,-0.812345,0.04422935,0.5814975,0.0,0.0,0.0,0.0,0.0,0.0,0.0,1.317237,0.1763686,2.651945,0.162789,0.02424855,-2.961746,0.03101502,-0.2552076,-0.0170948,0.9662375,2.935419,330.3374,357.1954,0.08952951,0.005445716,-0.9959691,0.0,0.0,0.0,-1.054317,0.1374343,-1.368097,-0.2385487,0.2039601,1.9929,0.8691537,-0.04886581,0.4921219,0.01720474,0.9974917,0.0686612,-0.4942428,-0.05121031,0.8678143,moving,-25.02958422938752,4.432774709593272,-6.82578755031404,5.843497856259917,-1.217106,0.11318575,1.5936490000000003,-0.4220462955120696,0.07006854146546325,0.9038624347068055,-24.65633948140005,4.609174258166555,18.223253976749604,18.25837762041271,17.873224021199007
3624,05/05/2023 15:32:47.096976,3807,True,True,True,True,Eyes,0.2426114,0.01922756,-3.103561,-0.8050061,0.04484611,0.5915692,0.0,0.0,0.0,0.0,0.0,0.0,0.0,1.261872,0.1669412,2.669308,0.158942,0.02399031,-2.95289,0.02949187,-0.2452841,-0.01738474,0.9688467,2.786693,331.5185,357.2366,0.0884738,0.005511872,-0.9960631,0.0,0.0,0.0,-1.022218,0.1370835,-1.333521,-0.2341813,0.2039601,1.9929,0.879067,-0.04815406,0.4742599,0.01921852,0.997656,0.0656746,-0.4763108,-0.0486178,0.8779319,moving,-25.48378956413457,4.325544708167162,-6.7019668178943705,5.843497856259917,-1.18116,0.11309319,1.619369,-0.42925628335271515,0.0681210299871974,0.900610171763388,-25.11466581284944,4.496547070372495,18.808938476970212,18.843063642385506,18.461900246139948
3625,05/05/2023 15:32:47.107172,3808,True,True,True,True,Eyes,0.2388327,0.01935221,-3.096504,-0.7973514,0.04534912,0.601809,0.0,0.0,0.0,0.0,0.0,0.0,0.0,1.204563,0.1638968,2.686146,0.1549739,0.02338415,-2.944257,0.02900841,-0.235,-0.0177172,0.971401,2.753005,332.7345,357.2424,0.08742025,0.005578341,-0.9961557,0.0,0.0,0.0,-0.9882964,0.1416427,-1.298801,-0.2296967,0.20396,1.9929,0.8889222,-0.04805496,0.4555306,0.02078705,0.9976892,0.06468468,-0.4575863,-0.04803051,0.887867,moving,-25.96498508945691,4.309615461574494,-6.574757869018968,5.843495011065728,-1.1432703,0.11825855000000002,1.6454559999999998,-0.4368203173624985,0.06759755463738681,0.897005268208669,-25.600117363001875,4.472375297391343,19.41556346605598,19.450801992014622,19.074702439212835
3626,05/05/2023 15:32:47.126937,3809,True,True,True,True,Eyes,0.2350553,0.01943868,-3.089386,-0.7895355,0.04577494,0.6119954,0.0,0.0,0.0,0.0,0.0,0.0,0.0,1.147421,0.1684029,2.701172,0.1511703,0.02241919,-2.935628,0.02987748,-0.2247921,-0.01747309,0.9737918,2.885103,333.9342,357.2761,0.08636934,0.005643598,-0.996247,0.0,0.0,0.0,-0.9531295,0.1419875,-1.26434,-0.2254633,0.20396,1.9929,0.8983265,-0.04746276,0.4367573,0.02059787,0.997604,0.06604452,-0.4388455,-0.05033328,0.8971516,moving,-26.43781676359017,4.4695593893307946,-6.4546146035257115,5.843495011065728,-1.1042998,0.11956830999999998,1.6712879999999999,-0.44413970768768185,0.06982146478486549,0.8932328384154996,-26.076933591477264,4.61968118732836,19.98990066870175,20.030378620053018,19.66044563940743
3627,05/05/2023 15:32:47.147022,3810,True,True,True,True,Eyes,0.2312866,0.01949895,-3.082191,-0.7814168,0.04603893,0.6223088,0.0,0.0,0.0,0.0,0.0,0.0,0.0,1.091725,0.174244,2.714337,0.1472938,0.0216182,-2.927061,0.03103954,-0.2148212,-0.01700225,0.9760121,3.054454,335.1029,357.3296,0.08531989,0.005706611,-0.9963371,0.0,0.0,0.0,-0.9177567,0.1360719,-1.230758,-0.2210254,0.20396,1.9929,0.9071256,-0.0465247,0.4182806,0.0198529,0.9974949,0.06789481,-0.4203916,-0.05328503,0.9057768,moving,-26.864360740118503,4.668872394559468,-6.328606447168872,5.843495011065728,-1.0650505,0.11445369999999999,1.6963030000000001,-0.45068543252665505,0.07266174590692596,0.889720716036917,-26.507010166651835,4.8061710311768575,20.522177889397085,20.569320423183825,20.205049312132257
3628,05/05/2023 15:32:47.166906,3811,True,True,True,True,Eyes,0.2275411,0.01952931,-3.074917,-0.7731977,0.04622833,0.632478,0.0,0.0,0.0,0.0,0.0,0.0,0.0,1.035948,0.1816152,2.725929,0.1437338,0.02100238,-2.918178,0.03246169,-0.2049108,-0.01677037,0.9780986,3.246316,336.2604,357.3529,0.08427132,0.005766813,-0.9964259,0.0,0.0,0.0,-0.8831451,0.1289635,-1.198786,-0.2168275,0.2039601,1.9929,0.9154606,-0.04610964,0.3997571,0.01950264,0.99733,0.07037431,-0.4019347,-0.05662859,0.9139156,moving,-27.28621855100109,4.871921473450896,-6.209356145311392,5.843497856259917,-1.0268789,0.10796112000000001,1.7193920000000003,-0.4571261317924168,0.07553570067791959,0.8861885915647278,-26.932355100979255,4.996384659711569,21.044767046430835,21.09924381431733,20.74030584355924
3629,05/05/2023 15:32:47.176711,3812,True,True,True,True,Eyes,0.2238016,0.01951316,-3.067575,-0.7646555,0.04635137,0.6427703,0.0,0.0,0.0,0.0,0.0,0.0,0.0,0.978892,0.1879362,2.736737,0.1396534,0.02046686,-2.909184,0.03363019,-0.1946894,-0.01714705,0.9801383,3.396637,337.4511,357.3181,0.08322472,0.005823503,-0.9965135,0.0,0.0,0.0,-0.8473233,0.1213351,-1.167205,-0.2119364,0.20396,1.9929,0.923604,-0.04670785,0.3804917,0.02051809,0.9971499,0.07260116,-0.3827983,-0.05924777,0.9219301,moving,-27.72467531905214,4.998878400756655,-6.070345936251732,5.843495011065728,-0.9869767,0.10086824,1.7419790000000002,-0.46383509255758604,0.0771958819061827,0.8825519500131649,-27.374530768645915,5.112174420472843,21.610715143244132,21.670795053186744,21.316733360884346
3630,05/05/2023 15:32:47.196759,3813,True,True,True,True,Eyes,0.2200859,0.01946122,-3.060158,-0.7560334,0.04640668,0.6528859,0.0,0.0,0.0,0.0,0.0,0.0,0.0,0.9213113,0.1910315,2.746815,0.1358743,0.01916654,-2.900254,0.0341597,-0.1843847,-0.01723269,0.9821092,3.482417,338.6526,357.333,0.08217949,0.005875563,-0.9965999,0.0,0.0,0.0,-0.811192,0.1154881,-1.136222,-0.2080454,0.20396,1.9929,0.9314106,-0.04644581,0.3609945,0.0212517,0.9970723,0.073452,-0.3633492,-0.06074223,0.9296708,moving,-28.16997788266693,5.0821440712604975,-5.959708286680096,5.843495011065728,-0.9470663,0.09632156,1.7640319999999998,-0.47064474365972375,0.07815958256166958,0.8788541888176051,-27.82366166589911,5.185279126218125,22.15896668995173,22.22331502679021,21.873858953548368
3631,05/05/2023 15:32:47.207252,3814,True,True,True,True,Eyes,0.2163618,0.01935911,-3.052672,-0.7471052,0.04646495,0.6630799,0.0,0.0,0.0,0.0,0.0,0.0,0.0,0.8652268,0.195228,2.755099,0.131804,0.0181524,-2.891298,0.03490175,-0.1742894,-0.01756144,0.983919,3.586734,339.8258,357.3167,0.08113562,0.005922323,-0.9966851,0.0,0.0,0.0,-0.7736943,0.1109401,-1.106088,-0.2037603,0.20396,1.9929,0.9386295,-0.04672408,0.3417476,0.02239206,0.9969469,0.07480254,-0.3441993,-0.06255944,0.9368101,moving,-28.575897280525467,5.169094488610054,-5.837813100593109,5.843495011065728,-0.9054983,0.0927877,1.78521,-0.47682020152520355,0.0791939256585179,0.8754261492472167,-28.23305838757453,5.262681639241462,22.679244965620285,22.748083177234484,22.40277562350151
3632,05/05/2023 15:32:47.226859,3815,True,True,True,True,Eyes,0.2125555,0.01923449,-3.045133,-0.7359554,0.04654858,0.6754279,0.0,0.0,0.0,0.0,0.0,0.0,0.0,0.810402,0.1954122,2.76203,0.1276853,0.0172109,-2.882212,0.03491943,-0.1643872,-0.01826436,0.9856083,3.602205,340.9761,357.273,0.08009253,0.005962677,-0.9967693,0.0,0.0,0.0,-0.7368687,0.1061379,-1.077261,-0.1995304,0.2039601,1.9929,0.9452865,-0.04748362,0.3227673,0.02452239,0.9968941,0.07483861,-0.3253184,-0.06282891,0.9435149,moving,-28.77647976415096,5.160018787861945,-5.717436113641336,5.843497856259917,-0.864554,0.08892699999999999,1.804951,-0.47989298958858456,0.07890470901995719,0.8737715574598394,-28.43541770039185,5.25023306574402,22.999601843763024,23.069170720098423,22.725726621773862
3633,05/05/2023 15:32:47.247200,3816,True,True,True,True,Eyes,0.2087263,0.01907254,-3.037519,-0.7245439,0.04668189,0.6876459,0.0,0.0,0.0,0.0,0.0,0.0,0.0,0.7575436,0.1942609,2.767369,0.1233006,0.01642966,-2.873059,0.03473172,-0.1547612,-0.01905096,0.9871573,3.593348,342.0929,357.2225,0.07904687,0.005996537,-0.9968526,0.0,0.0,0.0,-0.7001781,0.1045955,-1.049628,-0.195219,0.2039601,1.9929,0.9513721,-0.04836283,0.304224,0.02686234,0.9968616,0.07446804,-0.3068707,-0.06267464,0.9496853,moving,-28.937473080411554,5.12702771896673,-5.59468762075729,5.843497856259917,-0.8234787,0.08816584,1.823431,-0.4823700914960316,0.07828008311784224,0.8724627608586892,-28.597866063783204,5.215199291702825,23.284394920458876,23.35377833398869,23.01175737678278
3634,05/05/2023 15:32:47.257044,3817,True,True,True,True,Eyes,0.2048831,0.01886607,-3.029831,-0.7129329,0.04682062,0.6996675,0.0,0.0,0.0,0.0,0.0,0.0,0.0,0.7069348,0.1906735,2.771065,0.1187582,0.01536163,-2.863665,0.03405793,-0.1454844,-0.02001643,0.9885715,3.526676,343.1687,357.1582,0.07799865,0.006023303,-0.9969351,0.0,0.0,0.0,-0.6640003,0.1040574,-1.023192,-0.1904799,0.20396,1.9929,0.9568672,-0.04948514,0.2862801,0.02966554,0.9968788,0.07316156,-0.289007,-0.06151325,0.9553487,moving,-29.053709073750483,5.0299789846203184,-5.4597027947610135,5.843495011065728,-0.7827585,0.08869577,1.840473,-0.4841982295928026,0.07671370157757623,0.8715888843745694,-28.715234952304424,5.11856855873814,23.54104962402095,23.608027037816566,23.26682819577735
3635,05/05/2023 15:32:47.276665,3818,True,True,True,True,Eyes,0.2010034,0.01860137,-3.022081,-0.701112,0.04691435,0.7115062,0.0,0.0,0.0,0.0,0.0,0.0,0.0,0.6587333,0.1868951,2.773427,0.1139905,0.01411994,-2.854394,0.03335887,-0.1365449,-0.02063052,0.989857,3.463177,344.2052,357.1315,0.07694624,0.006042242,-0.9970167,0.0,0.0,0.0,-0.6297446,0.1053314,-0.9982608,-0.1866418,0.2039601,1.9929,0.9618597,-0.04995251,0.2689435,0.03173257,0.9969231,0.07167502,-0.2716964,-0.06040705,0.9604853,moving,-29.12718567687888,4.9551122018613025,-5.350336708443797,5.843497856259917,-0.7437351,0.09121146000000001,1.8561332000000001,-0.4853599425688764,0.07551913738097228,0.8710468709875109,-28.789442900859363,5.044315446868871,23.72826569073068,23.79343976684989,23.45272674174186
3636,05/05/2023 15:32:47.286754,3819,True,True,True,True,Eyes,0.1970494,0.01829452,-3.01428,-0.6891561,0.04697752,0.7230885,0.0,0.0,0.0,0.0,0.0,0.0,0.0,0.6131328,0.1884523,2.774079,0.1090798,0.01246556,-2.845155,0.03359483,-0.1280092,-0.02049552,0.990992,3.516568,345.1926,357.1733,0.07588911,0.006052188,-0.9970977,0.0,0.0,0.0,-0.5962776,0.10617,-0.974633,-0.1822269,0.2039601,1.9929,0.9663872,-0.04922268,0.2523351,0.03202089,0.9969026,0.07183163,-0.2550893,-0.06133717,0.9649701,moving,-29.161895011054423,5.034687578176754,-5.224486465389642,5.843497856259917,-0.7053574,0.09370444,1.8705220000000002,-0.48584339166267704,0.07670524826358038,0.8706735898437138,-28.82436843683484,5.1212097302316515,23.882532957243896,23.951068910342983,23.610932408592962
3637,05/05/2023 15:32:47.307080,3820,True,True,True,True,Eyes,0.1930548,0.01795695,-3.006418,-0.6770445,0.0469499,0.7344429,0.0,0.0,0.0,0.0,0.0,0.0,0.0,0.5696625,0.1912761,2.773538,0.1040457,0.01110225,-2.83596,0.03412723,-0.1197851,-0.02002697,0.9920111,3.606934,346.1431,357.2485,0.07482404,0.006052624,-0.9971781,0.0,0.0,0.0,-0.5646303,0.1023094,-0.9522937,-0.1778517,0.2039601,1.9929,0.9705009,-0.0479098,0.2362893,0.03155807,0.9968685,0.07250703,-0.2390232,-0.06291131,0.9689738,moving,-29.162725129985585,5.165032903101786,-5.099718006358728,5.843497856259917,-0.668676,0.09120715,1.8836663,-0.4857806557909143,0.07868892660277711,0.8705315208193913,-28.825059266381142,5.248170985662033,23.998876246537673,24.072570002481676,23.732809188702838
3638,05/05/2023 15:32:47.326806,3821,True,True,True,True,Eyes,0.09265563,0.009229302,-2.808048,-0.3199816,0.04338167,0.94643,1.967891,-0.5370332,0.09459969,-0.9455774,-0.1846252,-0.1840025,-0.9654308,-0.207406,0.2032522,1.966149,0.09893987,0.01004503,-2.826657,0.03483669,-0.1120405,-0.01917165,0.9929078,3.720149,347.0383,357.3649,0.07375006,0.006043442,-0.9972582,0.0,0.0,0.0,-0.5342749,0.09736131,-0.9311062,-0.1735268,0.20396,1.9929,0.9741588,-0.0458776,0.221156,0.03026512,0.9968377,0.07347525,-0.2238275,-0.06488323,0.9724666,moving,-6.024502027655985,5.9503034725997175,-4.97633627864732,5.843495011065728,-0.63321477,0.08731628000000001,1.8955508,-0.10439445670636317,0.10309937136580553,0.9891775652346284,-5.482164050190586,6.4292830982993046,1.0470851481830183,1.053593605167644,0.7739569869244665
3639,05/05/2023 15:32:47.346891,3822,True,True,True,True,Eyes,0.09244607,0.009206025,-2.807663,-0.3194431,0.04344774,0.9466089,0.0,0.0,0.0,0.0,0.0,0.0,0.0,0.4909159,0.1909297,2.769035,0.09367821,0.009462236,-2.817116,0.03433033,-0.1045987,-0.01853996,0.9937489,3.689702,347.9012,357.4712,0.06838658,0.005656919,-0.9976426,-0.3011975,-0.02618295,0.5951107,-0.5057907,0.09181725,-0.9110638,-0.1692102,0.20396,1.9929,0.9774308,-0.04402994,0.2066167,0.02966631,0.9969554,0.07210997,-0.2091626,-0.06435294,0.9757611,moving,-6.845018451080127,5.901808628280354,-4.853145181376021,5.843495011065728,-0.59946891,0.082355014,1.9060522,-0.11856130179106633,0.10209869203647944,0.9876836966407693,-6.309961679611544,6.36728481790351,1.9818812926949225,1.9927266748137782,1.5481182355616037
3640,05/05/2023 15:32:47.357057,3823,True,True,True,True,Eyes,0.09201619,0.009132658,-2.806911,-0.3186134,0.04368518,0.9468776,0.0,0.0,0.0,0.0,0.0,0.0,0.0,0.4549556,0.1843431,2.765697,0.08831029,0.008863031,-2.80752,0.03326708,-0.09752141,-0.0183838,0.9945075,3.58809,348.7215,357.5276,0.06395255,0.005342692,-0.9979384,-0.2831256,-0.02461197,0.559404,-0.4783317,0.09181479,-0.8918947,-0.1649432,0.2039601,1.9929,0.9803032,-0.04305415,0.1927484,0.03007715,0.9971107,0.06975433,-0.1951947,-0.06258307,0.9787658,moving,-7.606759792427978,5.791219200126108,-4.731325387763422,5.843497856259917,-0.56664199,0.08295175899999999,1.9156252999999999,-0.1317094795463204,0.10002479310711876,0.9862290488291592,-7.07853640629566,6.245854027117513,2.862008654717444,2.875909608005051,2.381447050376374
3641,05/05/2023 15:32:47.377158,3824,True,True,True,True,Eyes,0.09138911,0.009052326,-2.805819,-0.3173377,0.04377933,0.9473015,0.0,0.0,0.0,0.0,0.0,0.0,0.0,0.4208558,0.1772271,2.761642,0.08273403,0.007544939,-2.797909,0.03194657,-0.09071189,-0.01855841,0.9951917,3.452383,349.5098,357.5463,0.06026614,0.005084764,-0.9981691,-0.2661381,-0.02313525,0.5258397,-0.4520342,0.09442821,-0.8736739,-0.1606396,0.2039601,1.9929,0.9828539,-0.04273422,0.1793657,0.03114248,0.99727,0.06695286,-0.1817372,-0.06021898,0.9815015,moving,-8.310558235168763,5.6368690506614545,-4.608417251269917,5.843497856259917,-0.53476823,0.086883271,1.9242351000000002,-0.14385411034395745,0.09720166390468991,0.984813590965365,-7.788707122863663,6.082835731704354,3.692068055553956,3.7079028207285263,3.189283036355353
3642,05/05/2023 15:32:47.387026,3825,True,True,True,True,Eyes,0.09050833,0.00902925,-2.804383,-0.3157113,0.04376969,0.9478453,0.0,0.0,0.0,0.0,0.0,0.0,0.0,0.3891875,0.1849114,2.756294,0.07726209,0.007326855,-2.78869,0.0334814,-0.08435069,-0.01846035,0.9957024,3.644217,350.238,357.5644,0.05718172,0.00487178,-0.9983517,-0.2501698,-0.02174714,0.4942894,-0.4264899,0.09760724,-0.8562126,-0.1560678,0.2039601,1.9929,0.9850883,-0.04241038,0.1667402,0.03111367,0.9970765,0.06978931,-0.1692125,-0.06356073,0.9835279,moving,-8.951324977872298,5.807598481009611,-4.477802938550037,5.843497856259917,-0.50375199,0.09028038499999999,1.9324773999999998,-0.15481590324124023,0.09996824970264565,0.9828725800415149,-8.434925370302619,6.237628044177846,4.451632734402186,4.47366608068208,3.9767017168638237
3643,05/05/2023 15:32:47.408928,3826,True,True,True,True,Eyes,0.08944495,0.008993338,-2.802607,-0.3136341,0.0441722,0.948516,0.0,0.0,0.0,0.0,0.0,0.0,0.0,0.3578379,0.1872042,2.750235,0.071692,0.008594215,-2.77879,0.03431419,-0.07799188,-0.01862069,0.9961894,3.7534,350.9669,357.5617,0.05457853,0.004696875,-0.9984983,-0.2351596,-0.02044231,0.464632,-0.4031737,0.09045929,-0.8396978,-0.151822,0.2039601,1.9929,0.9871411,-0.04245193,0.1541114,0.03174702,0.9969516,0.07127138,-0.1566672,-0.06546234,0.9854796,moving,-9.564649011283523,5.917764804452777,-4.356460493095376,5.843497856259917,-0.47486570000000006,0.081865075,1.9390921999999997,-0.16529914762074321,0.10168264004979036,0.9809877505351489,-9.053527323858368,6.33391622770692,5.181227036570478,5.208718001637324,4.722599601036132
3644,05/05/2023 15:32:47.426996,3827,True,True,True,True,Eyes,0.08839094,0.008992943,-2.800523,-0.3090457,0.04446181,0.9500073,0.0,0.0,0.0,0.0,0.0,0.0,0.0,0.3258736,0.1574799,2.745969,0.06612611,0.008155618,-2.768917,0.02903228,-0.07137721,-0.01925933,0.9968408,3.16042,351.7415,357.5581,0.05231154,0.004548007,-0.9986203,-0.22105,-0.01921577,0.4367541,-0.3795644,0.08773028,-0.8230079,-0.1474049,0.20396,1.9929,0.9890687,-0.04254145,0.1411851,0.03425248,0.9975724,0.06063047,-0.1434217,-0.05513176,0.9881248,moving,-10.029807032585644,5.323189938714567,-4.230180841203672,5.843495011065728,-0.44569051000000004,0.07957466199999999,1.9459091000000002,-0.1734320046321124,0.09136768342102873,0.980598416012293,-9.523450928568604,5.746343984946865,5.802142861283863,5.822918626262787,5.294161552093806
3645,05/05/2023 15:32:47.447005,3828,True,True,True,True,Eyes,0.08717439,0.00915026,-2.798101,-0.3041324,0.04478744,0.9515764,0.0,0.0,0.0,0.0,0.0,0.0,0.0,0.2957999,0.1683843,2.739586,0.0609793,0.009287813,-2.75996,0.03139778,-0.06524639,-0.01916124,0.997191,3.44663,352.4398,357.5706,0.05023606,0.004414251,-0.9987274,-0.207787,-0.01806282,0.4105488,-0.3542815,0.1078376,-0.8075253,-0.1431332,0.2039601,1.9929,0.9907516,-0.04231202,0.128923,0.03411765,0.9972941,0.06511958,-0.1313295,-0.06011877,0.9895141,moving,-10.449965144458659,5.616197931808336,-4.1080188163482525,5.843497856259917,-0.41526080000000004,0.098549787,1.9524347,-0.18053460627740428,0.0962562141920894,0.9788473188981734,-9.946980016216822,6.024221856621078,6.318176028442766,6.346018317361585,5.841757360407666
3646,05/05/2023 15:32:47.456753,3829,True,True,True,True,Eyes,0.08577957,0.009375536,-2.795356,-0.298676,0.04572083,0.9532587,0.0,0.0,0.0,0.0,0.0,0.0,0.0,0.2641491,0.1608314,2.732553,0.05573965,0.01323122,-2.749401,0.03088263,-0.05877274,-0.02084117,0.9975759,3.391929,353.1797,357.4041,0.04832721,0.004299753,-0.998822,-0.1953198,-0.01697906,0.3859159,-0.3307992,0.09873659,-0.7925044,-0.1382896,0.2039601,1.9929,0.9922228,-0.04521141,0.1159733,0.03795118,0.9972238,0.06406532,-0.1185478,-0.05916575,0.9911841,moving,-10.878516089301748,5.569770482454511,-3.969456384611676,5.843497856259917,-0.38653885,0.08550537,1.9568966000000003,-0.18786771095605467,0.0953296164170484,0.9775571000261262,-10.37935762261151,5.971287000816335,6.8848243316540945,6.914479928247855,6.411174927139195
3647,05/05/2023 15:32:47.476937,3830,True,True,True,True,Eyes,0.08424841,0.009643392,-2.792366,-0.292895,0.04637808,0.9550192,0.0,0.0,0.0,0.0,0.0,0.0,0.0,0.2299034,0.1043521,2.727704,0.05046201,0.01489337,-2.738859,0.02098997,-0.05158372,-0.02387041,0.9981627,2.260341,354.0269,357.1422,0.04656243,0.00420508,-0.9989063,-0.1836006,-0.01596031,0.362761,-0.3061465,0.1047909,-0.7765927,-0.1344182,0.2039601,1.9929,0.9935387,-0.0498186,0.1019758,0.04548764,0.9979793,0.04436547,-0.10398,-0.03944017,0.9937971,moving,-11.331335429625415,4.405800589351943,-3.858672464242097,5.843497856259917,-0.35660851,0.08989753,1.9622663,-0.19592413690135613,0.07533112833209149,0.9777213475125716,-10.83747427791919,4.829259249582059,7.594745956242868,7.609708616332564,7.052117037163983
3648,05/05/2023 15:32:47.496852,3831,True,True,True,True,Eyes,0.08254201,0.009987228,-2.789097,-0.2866181,0.04685975,0.9568982,0.0,0.0,0.0,0.0,0.0,0.0,0.0,0.1955533,0.1189808,2.720795,0.04553025,0.0162519,-2.729979,0.02405786,-0.04464487,-0.02585897,0.9983784,2.620978,354.8086,356.9138,0.04492267,0.004129822,-0.9989817,-0.1725846,-0.01500269,0.3409953,-0.2767803,0.1463243,-0.7625428,-0.1301392,0.20396,1.9929,0.9946763,-0.0537822,0.08790073,0.04948596,0.9975051,0.05034663,-0.09038917,-0.04572875,0.9948561,moving,-11.780735324001284,4.730060634925643,-3.736191074175159,5.843495011065728,-0.32231055,0.13007239999999998,1.9674362000000003,-0.2035004106995111,0.08073587141744565,0.9757403540350826,-11.290467544342317,5.137055465859217,8.100258795535092,8.1212331759026,7.587235980167794
3649,05/05/2023 15:32:47.506914,3832,True,True,True,True,Eyes,0.08072298,0.01033491,-2.785586,-0.2799773,0.04769013,0.9588213,0.0,0.0,0.0,0.0,0.0,0.0,0.0,0.1594412,0.1171175,2.713048,0.04068945,0.01836354,-2.719885,0.02430576,-0.03728295,-0.02732252,0.9986356,2.665665,355.6485,356.7643,0.04338919,0.004074811,-0.9990497,-0.1622295,-0.01410253,0.3205356,-0.2496269,0.1353352,-0.7481182,-0.1257834,0.20396,1.9929,0.9957269,-0.05638286,0.07313596,0.0527581,0.9973254,0.05058251,-0.07579234,-0.04650785,0.9960384,moving,-12.242358513706046,4.770788717551964,-3.6114762488941894,5.843495011065728,-0.29031635,0.11697165999999999,1.9717668000000002,-0.2113455381660679,0.08129109590617044,0.9740250220461824,-11.756110653331438,5.168428561653407,8.673653396731444,8.697288512012687,8.172562896244056
3650,05/05/2023 15:32:47.527071,3833,True,True,True,True,Eyes,0.03269469,0.01820151,-2.692611,-0.102078,0.05813015,0.9930765,0.0,0.0,0.0,0.0,0.0,0.0,0.0,0.1220603,0.08966061,2.706613,0.03602163,0.01872099,-2.710543,0.01954362,-0.02951745,-0.02790159,0.9989837,2.143382,356.554,356.7358,0.04194744,0.004038227,-0.9991115,-0.1524958,-0.01325638,0.3013035,-0.2205717,0.1359428,-0.7334493,-0.1214943,0.20396,1.9929,0.9967004,-0.05690021,0.05788429,0.0545927,0.9976791,0.04069468,-0.06006548,-0.03740034,0.9974936,moving,-2.7381517451903514,5.332803098587701,-3.488637671959935,5.843495011065728,-0.25659333,0.11722181000000001,1.9770937,-0.04756527057526058,0.09283544857679529,0.9945446655620448,-2.1675638863696953,5.886848492786805,0.9021795729660388,0.9077639317298664,1.3217849565459074
3651,05/05/2023 15:32:47.546627,3834,True,True,True,True,Eyes,0.03253358,0.0181972,-2.692245,-0.1014899,0.05813509,0.9931365,1.992094,-0.1696438,0.1340078,-0.7138233,-0.583876,-0.7332234,-0.3485286,-0.1209898,0.1922835,1.988548,0.03158975,0.01831074,-2.7018,0.021469,-0.02228953,-0.02746896,0.9991435,2.38859,357.3772,356.7957,0.03794739,0.004365123,-0.99927,-0.2874309,0.0111388,0.56215,-0.1892872,0.154337,-0.7211181,-0.1171256,0.2039601,1.9929,0.9974973,-0.05584793,0.04336141,0.0539338,0.9975691,0.04412576,-0.04572033,-0.04167668,0.9980845,moving,-3.5377329382392686,5.539109098391598,-3.3634863627552662,5.843497856259917,-0.22087695,0.13602626,1.9806819,-0.06141881842242412,0.09634293843003312,0.993451439720044,-2.9739553223437207,6.073441533702288,0.3507385238195768,0.3507340659025305,0.4523367398739814
3652,05/05/2023 15:32:47.557376,3835,True,True,True,True,Eyes,0.03219312,0.01821647,-2.691529,-0.1004681,0.05800863,0.9932478,0.0,0.0,0.0,0.0,0.0,0.0,0.0,0.05047643,0.09644112,2.690615,0.02742823,0.0181274,-2.692615,0.02115129,-0.01485653,-0.02714976,0.9992973,2.376516,358.2312,356.8507,0.0347017,0.004639915,-0.9993867,-0.270185,0.01047047,0.528421,-0.1608932,0.1450088,-0.7086028,-0.1126492,0.2039601,1.9929,0.9980843,-0.05488984,0.02854367,0.0536329,0.9976311,0.04307955,-0.03084068,-0.04146614,0.9986638,moving,-4.327193108692365,5.482478464620626,-3.23521641413327,5.843497856259917,-0.18832142999999998,0.1268814,1.9840122,-0.07510878651808346,0.09527147772600192,0.9926137457221776,-3.770432322570315,6.004076300294992,1.14706614790022,1.1501078656368757,0.558785741883968
3653,05/05/2023 15:32:47.576972,3836,True,True,True,True,Eyes,0.03172056,0.01825909,-2.690468,-0.09883939,0.05789205,0.9934179,0.0,0.0,0.0,0.0,0.0,0.0,0.0,0.01286278,0.09171959,2.682079,0.02354797,0.01866786,-2.683509,0.02061497,-0.007153045,-0.02726504,0.9993901,2.339162,359.1156,356.8565,0.03205517,0.004872732,-0.999474,-0.2539739,0.009842243,0.4967157,-0.1314028,0.1449228,-0.6966887,-0.1085155,0.20396,1.9929,0.9984109,-0.05479173,0.01317323,0.05420189,0.9976633,0.04159486,-0.0154215,-0.04081474,0.9990477,moving,-5.115298908663818,5.399061432854174,-3.116737567896476,5.843495011065728,-0.15495077,0.12625493999999998,1.9868202999999998,-0.08876781061902657,0.09372055460336422,0.9916332850161528,-4.5655731506706605,5.9086413965898625,2.0408717879849294,2.0473809216293093,1.4502994854372215
3654,05/05/2023 15:32:47.596929,3837,True,True,True,True,Eyes,0.03112026,0.01831318,-2.689086,-0.09690808,0.05760439,0.993625,0.0,0.0,0.0,0.0,0.0,0.0,0.0,-0.02681313,0.08846938,2.672694,0.01975311,0.0193433,-2.67415,0.02039484,0.0009587397,-0.02791362,0.9994019,2.339395,0.04459867,356.8012,0.02988486,0.005071861,-0.9995402,-0.2387355,0.009251708,0.4669128,-0.1000782,0.1465162,-0.6853947,-0.1041132,0.2039601,1.9929,0.9984398,-0.05575474,-0.00305492,0.05583295,0.9976098,0.04071175,0.0007777456,-0.0408188,0.9991663,moving,-5.937735569236555,5.336387617352648,-2.9905308705197013,5.843497856259917,-0.11983131000000001,0.1271729,1.9887553,-0.1030040479061637,0.09250825268305765,0.99036986608137,-5.395323876870189,5.832796104912585,2.980351016097502,2.990514392298303,2.404816818569372
3655,05/05/2023 15:32:47.607335,3838,True,True,True,True,Eyes,0.03041399,0.01835365,-2.687407,-0.09445244,0.05724903,0.9938819,0.0,0.0,0.0,0.0,0.0,0.0,0.0,-0.06672546,0.08249962,2.663071,0.01621162,0.01966923,-2.665061,0.01959699,0.009146249,-0.02785271,0.9993781,2.274042,0.9857085,356.8267,0.02805415,0.005245696,-0.9995924,-0.2244114,0.008696605,0.438898,-0.06676568,0.1470219,-0.6743038,-0.09961186,0.2039601,1.9929,0.9982812,-0.05531231,-0.01937278,0.05602926,0.9976804,0.03866011,0.01718947,-0.0396791,0.9990646,moving,-6.729906948174597,5.2135859166139005,-2.8614548279049967,5.843497856259917,-0.08297729999999999,0.12735267,1.9907572,-0.11671092004065631,0.09024771491470546,0.9890570545228629,-6.194610387660733,5.698921420169988,3.9064526285214387,3.9194018495845735,3.3362896054454025
3656,05/05/2023 15:32:47.627224,3839,True,True,True,True,Eyes,0.02961547,0.01839353,-2.685449,-0.09188382,0.0565828,0.9941608,0.0,0.0,0.0,0.0,0.0,0.0,0.0,-0.1039423,0.08550754,2.652933,0.01282289,0.019399,-2.656243,0.02033573,0.01681629,-0.02683814,0.9992915,2.381054,1.865038,356.9619,0.026381,0.005404057,-0.9996371,-0.2109467,0.008174809,0.4125641,-0.03327261,0.1493528,-0.6642938,-0.0953327,0.2039601,1.9929,0.9979938,-0.0529543,-0.03470029,0.05432219,0.9977323,0.03974,0.03251721,-0.04154528,0.9986073,moving,-7.454070797294541,5.26371312664264,-2.7387228249109987,5.843497856259917,-0.0460955,0.1299538,1.9919491999999999,-0.12919346185466518,0.09097111355954815,0.9874377204674811,-6.925095900431967,5.734728924206663,4.733814386488051,4.750858536449908,4.187785835979068
3657,05/05/2023 15:32:47.646987,3840,True,True,True,True,Eyes,0.02874679,0.01844161,-2.683221,-0.08887628,0.05577098,0.99448,0.0,0.0,0.0,0.0,0.0,0.0,0.0,-0.1382407,0.09243129,2.642445,0.00972309,0.01947602,-2.647583,0.02185105,0.02392125,-0.02555119,0.9991484,2.572718,2.678534,357.1303,0.0248461,0.005548565,-0.9996756,-0.1982899,0.00768432,0.3878103,-0.002022609,0.1449151,-0.6548588,-0.09091097,0.2039601,1.9929,0.9975498,-0.05001344,-0.04891838,0.05210426,0.9977393,0.04244245,0.0466851,-0.04488732,0.9979006,moving,-8.088871130140102,5.402443011384187,-2.61187530891227,5.843497856259917,-0.011745699,0.12543907999999998,1.9927242,-0.14009618062713539,0.09322223193535376,0.9857395910703185,-7.565331179304854,5.858456114320246,5.472724765576647,5.4947258896086435,4.953478455531119
3658,05/05/2023 15:32:47.660554,3841,True,True,True,True,Eyes,0.02780084,0.01850314,-2.680738,-0.0858402,0.05478341,0.9948016,0.0,0.0,0.0,0.0,0.0,0.0,0.0,-0.1719122,0.1013607,2.631405,0.007044815,0.01975755,-2.638879,0.02377291,0.03087772,-0.02402098,0.9989517,2.807436,3.475479,357.3302,0.0234333,0.005680968,-0.9997091,-0.1863925,0.007223261,0.3645417,0.02700709,0.13785,-0.6459742,-0.08659409,0.2039601,1.9929,0.9969391,-0.0465235,-0.0628328,0.04945971,0.9977157,0.04601254,0.0605486,-0.04897939,0.9969628,moving,-8.704242384710957,5.583492269783291,-2.488010925194273,5.843497856259917,0.019962275,0.11809245,1.9929048000000003,-0.15063233178063418,0.09618599250721091,0.9838994566405449,-8.1859186621247,6.023758245782043,6.193877128795369,6.2216666949688,5.700758404510956
3659,05/05/2023 15:32:47.676902,3842,True,True,True,True,Eyes,0.02680859,0.01858953,-2.678014,-0.08242261,0.05357357,0.9951565,0.0,0.0,0.0,0.0,0.0,0.0,0.0,-0.2054234,0.1092557,2.620058,0.004613783,0.02015783,-2.630287,0.02551205,0.03781774,-0.02238038,0.9987083,3.018071,4.272446,357.5451,0.02212729,0.005803071,-0.9997381,-0.1752089,0.006789865,0.3426692,0.05568857,0.1294725,-0.6374719,-0.08236345,0.2039601,1.9929,0.9961379,-0.04277332,-0.07667971,0.04663254,0.9976965,0.04926543,0.07439583,-0.05265093,0.9958379,moving,-9.293482491774492,5.735269421663866,-2.3665984393845214,5.843497856259917,0.051074786999999996,0.10931466999999999,1.9928151,-0.16070411013630553,0.09863340188879346,0.9820619708303285,-8.780177771086178,6.16101485683805,6.894292362548657,6.927729503185702,6.421434177011145
3660,05/05/2023 15:32:47.696780,3843,True,True,True,True,Eyes,0.02580626,0.01868254,-2.67507,-0.07914507,0.05227454,0.9954916,0.0,0.0,0.0,0.0,0.0,0.0,0.0,-0.2365614,0.1238818,2.608238,0.002393402,0.02089913,-2.621788,0.0285843,0.04429415,-0.02070725,0.9983948,3.377322,5.01486,357.7716,0.02091609,0.005916867,-0.9997635,-0.1646964,0.006382473,0.322109,0.08461089,0.1220598,-0.6296473,-0.07807902,0.20396,1.992899,0.9952185,-0.03881578,-0.0896299,0.04388025,0.9975083,0.05524242,0.0872623,-0.05891126,0.994442,moving,-9.842622951665824,6.038479614043499,-2.2436217204988758,5.843497922933348,0.08221748799999999,0.10116067,1.9921407,-0.17002152839267504,0.10366473929771859,0.9799726511578943,-9.333813738768706,6.446511486359288,7.559578938113177,7.601502323300636,7.115788657177282
3661,05/05/2023 15:32:47.707018,3844,True,True,True,True,Eyes,0.02477631,0.01876444,-2.671922,-0.07558189,0.05076331,0.9958466,0.0,0.0,0.0,0.0,0.0,0.0,0.0,-0.2646656,0.1350565,2.596585,0.000300929,0.02124792,-2.613444,0.03092579,0.05022148,-0.01932767,0.9980721,3.650702,5.696287,357.9629,0.01978984,0.006023502,-0.9997858,-0.1548146,0.005999525,0.3027825,0.1118625,0.109809,-0.6220884,-0.07373829,0.2039601,1.9929,0.9942085,-0.03547454,-0.1014448,0.04168709,0.99734,0.059791,0.09905387,-0.06367366,0.9930428,moving,-10.311307250792748,6.24362817140944,-2.119005658331383,5.843497856259917,0.111561571,0.08856108,1.9913556,-0.1779683759545485,0.10702016158793534,0.9781993297091754,-9.806395222334148,6.637928155888405,8.153134832466224,8.202067401024369,7.728329561406295
3662,05/05/2023 15:32:47.726784,3845,True,True,True,True,Eyes,0.02372733,0.01885103,-2.668588,-0.07211126,0.04912864,0.9961859,0.0,0.0,0.0,0.0,0.0,0.0,0.0,-0.2899373,0.1509444,2.584903,-0.001488063,0.02111953,-2.605403,0.03408176,0.05556626,-0.0181145,0.9977088,4.015162,6.310295,358.1411,0.01873787,0.006123445,-0.9998055,-0.1455257,0.005639554,0.2846155,0.1371575,0.1002341,-0.6151688,-0.0694526,0.2039601,1.9929,0.9931685,-0.03235839,-0.1121126,0.03993358,0.9970205,0.06599423,0.1096431,-0.07002044,0.9915017,moving,-10.722984529328228,6.534837803470325,-1.995951140478881,5.843497856259917,0.138645563,0.07911457000000001,1.9902342,-0.18489337128368888,0.11184511997498711,0.976373450498824,-10.221370804700802,6.9142066773032775,8.696463048652594,8.75437391780247,8.294814406123185
3663,05/05/2023 15:32:47.747078,3846,True,True,True,True,Eyes,0.02266856,0.01895377,-2.665063,-0.06838024,0.04747783,0.996529,0.0,0.0,0.0,0.0,0.0,0.0,0.0,-0.3138669,0.1693502,2.573056,-0.00302469,0.02138251,-2.597565,0.03783771,0.06062113,-0.01746387,0.9972906,4.449922,6.889435,358.2615,0.0177538,0.006217432,-0.9998228,-0.1367942,0.00530118,0.2675386,0.1605496,0.08703339,-0.6086852,-0.06505944,0.2039601,1.9929,0.9920402,-0.03024558,-0.1222354,0.03942063,0.9965267,0.07335301,0.1195922,-0.07758773,0.9897867,moving,-11.094094841530525,6.887802748090003,-1.8697917366639645,5.843497856259917,0.16357428999999998,0.06565088,1.9888797999999999,-0.19108299590054179,0.11771573759813189,0.9744897860954563,-10.595352672124237,7.251373865905188,9.214400533722483,9.283228989826283,8.83841210268932
3664,05/05/2023 15:32:47.757065,3847,True,True,True,True,Eyes,0.02158197,0.01905733,-2.66135,-0.06443223,0.04632113,0.9968465,0.0,0.0,0.0,0.0,0.0,0.0,0.0,-0.3373382,0.1725822,2.561676,-0.004408561,0.02189169,-2.589453,0.03878028,0.06562357,-0.01767498,0.996934,4.568019,7.46303,358.2667,0.01682923,0.006306844,-0.9998383,-0.1285865,0.004983109,0.2514863,0.1831019,0.0718465,-0.6026344,-0.06073226,0.2039601,1.9929,0.9907623,-0.03015178,-0.1322156,0.04033138,0.9963674,0.07500295,0.1294739,-0.07964253,0.9883793,moving,-11.444941836939186,6.931722262257251,-1.7455093567629598,5.843497856259917,0.18751046100000002,0.049954809999999995,1.9868185999999999,-0.19703234106549705,0.11832065662256108,0.9732310017154997,-10.949240340779786,7.287848202596736,9.687393951663754,9.760288048787588,9.316373325984452
3665,05/05/2023 15:32:47.777273,3848,True,True,True,True,Eyes,0.02049945,0.0191567,-2.657444,-0.06022523,0.0453275,0.9971551,0.0,0.0,0.0,0.0,0.0,0.0,0.0,-0.3606133,0.1668403,2.550621,-0.005700443,0.02197213,-2.581284,0.03795651,0.07061117,-0.01864522,0.9966072,4.4902,8.033769,358.1719,0.01595799,0.006392146,-0.9998521,-0.1208714,0.004684123,0.2363971,0.2060499,0.06808926,-0.5969682,-0.05631627,0.20396,1.9929,0.9893328,-0.03180362,-0.1421586,0.04252423,0.9964233,0.07302234,0.1393278,-0.07828858,0.9871467,moving,-11.779326846118687,6.769056306782446,-1.6186593010898245,5.843495011065728,0.211750343,0.04611713,1.9843158,-0.20277853772608362,0.11541893271834278,0.9723987292508373,-11.286753383599965,7.123372917005261,10.130920471411997,10.202736332608604,9.75244229115865
3666,05/05/2023 15:32:47.797082,3849,True,True,True,True,Eyes,0.01940918,0.01923982,-2.653357,-0.0529619,0.04494472,0.9975845,0.0,0.0,0.0,0.0,0.0,0.0,0.0,-0.3844629,0.1574608,2.539093,-0.006778114,0.02194706,-2.572755,0.03645398,0.07571562,-0.02015033,0.9962592,4.340674,8.616807,358.0098,0.01513347,0.006473791,-0.9998643,-0.1136191,0.004403075,0.2222133,0.2292335,0.0708339,-0.5917194,-0.05195986,0.2039601,1.9929,0.9877222,-0.03462964,-0.1523339,0.04567018,0.9965302,0.06958383,0.1493956,-0.0756866,0.9858766,moving,-11.954345398968613,6.559318298367258,-1.493505131126905,5.843497856259917,0.236011614,0.04888684,1.9810355999999998,-0.20583396034506113,0.11178573387475929,0.9721811332352048,-11.463549299210921,6.915908480226432,10.416796466517678,10.485302952925933,10.027554301021876
3667,05/05/2023 15:32:47.817027,3850,True,True,True,True,Eyes,0.01847424,0.01927751,-2.649123,-0.0456722,0.04465328,0.997958,0.0,0.0,0.0,0.0,0.0,0.0,0.0,-0.4084583,0.1456057,2.527548,-0.007673506,0.02130871,-2.564376,0.03430937,0.08087376,-0.02113123,0.9959096,4.114851,9.209708,357.9005,0.01435234,0.006551432,-0.9998753,-0.1068019,0.004138891,0.2088805,0.2532894,0.07601064,-0.5865648,-0.04756179,0.20396,1.9929,0.9860258,-0.03654014,-0.1625359,0.04763905,0.9967527,0.06492014,0.1596359,-0.071756,0.9845646,moving,-12.126944071477157,6.288570817131783,-1.3671396635167947,5.843495011065728,0.260962906,0.05470193,1.9778112,-0.20886958712295373,0.1071200574131484,0.9720590640009945,-11.637972639419775,6.6490550526222405,10.70517908135895,10.769005681617434,10.302375308609593
3668,05/05/2023 15:32:47.831551,3851,True,True,True,True,Eyes,0.0175606,0.01929079,-2.644722,-0.03825127,0.0443772,0.9982823,0.0,0.0,0.0,0.0,0.0,0.0,0.0,-0.4322903,0.1428301,2.515144,-0.008432813,0.02049017,-2.555921,0.03388369,0.08599044,-0.02180992,0.9954809,4.083604,9.796985,357.8399,0.01361464,0.006623946,-0.9998851,-0.1003938,0.003890557,0.1963477,0.2774961,0.08318577,-0.5819606,-0.04329008,0.2039601,1.9929,0.98426,-0.03759537,-0.1726817,0.04925007,0.9967524,0.06371024,0.1697257,-0.07121202,0.9829151,moving,-12.292406319191228,6.2235017151743435,-1.24439202750104,5.843497856259917,0.285928913,0.0626956,1.9739604000000002,-0.21170257555030392,0.10594999138017924,0.9715743228706955,-11.804965372655403,6.582692018729237,10.990678431325051,11.054547603686931,10.58641192228101
3669,05/05/2023 15:32:47.836695,3852,True,True,True,True,Eyes,0.01667206,0.0192689,-2.640156,-0.03071159,0.04415389,0.9985525,0.0,0.0,0.0,0.0,0.0,0.0,0.0,-0.4567918,0.1411501,2.502282,-0.008923378,0.01991891,-2.547454,0.03371621,0.09122969,-0.02231203,0.9950088,4.081012,10.39899,357.8024,0.01291709,0.006690944,-0.9998939,-0.09437017,0.003657124,0.1845668,0.3014995,0.08333462,-0.5773458,-0.03897232,0.2039601,1.9929,0.9823586,-0.0382495,-0.1830532,0.05055317,0.9967307,0.06302481,0.1800441,-0.07116688,0.9810808,moving,-12.465343078725526,6.194600209098466,-1.1203095373686418,5.843497856259917,0.31042287799999996,0.06341571,1.9701082,-0.21464693694669085,0.10539055807975849,0.9709888700421598,-11.979457771117394,6.551427299450649,11.285695062963997,11.350465140983495,10.882199431138218
3670,05/05/2023 15:32:47.856805,3853,True,True,True,True,Eyes,0.01584399,0.01920408,-2.635445,-0.02314437,0.04390048,0.9987677,0.0,0.0,0.0,0.0,0.0,0.0,0.0,-0.4807458,0.1376365,2.489251,-0.009296406,0.01904362,-2.538894,0.03309152,0.09639923,-0.02240798,0.9945401,4.022138,10.99554,357.8058,0.01225758,0.006751602,-0.9999018,-0.08870796,0.003437696,0.1734928,0.3271422,0.08267077,-0.5732439,-0.03364876,0.2039601,1.9929,0.9804102,-0.03819128,-0.1932288,0.05095126,0.9968057,0.06150145,0.1902628,-0.0701419,0.9792243,moving,-12.623504414023484,6.116718493826811,-0.9673083245923424,5.843497856259917,0.336438606,0.06362715000000001,1.9656501,-0.21735830469747974,0.10400668800924935,0.9705348055575348,-12.13909969992994,6.472714136423949,11.594802611669058,11.65939778856791,11.189496667021757
3671,05/05/2023 15:32:47.877063,3854,True,True,True,True,Eyes,0.01505363,0.01910421,-2.63058,-0.01550608,0.04361441,0.9989281,0.0,0.0,0.0,0.0,0.0,0.0,0.0,-0.5033004,0.1397369,2.476092,-0.009527829,0.01803292,-2.530504,0.03352545,0.1012779,-0.02231484,0.9940428,4.081275,11.55807,357.8412,0.01163365,0.006805051,-0.9999089,-0.08338548,0.003231434,0.1630832,0.3506055,0.08372197,-0.5690076,-0.03025743,0.2039601,1.9929,0.9784897,-0.03757302,-0.2028453,0.05115458,0.9967562,0.06213146,0.1998528,-0.07117146,0.9772376,moving,-12.747385817847414,6.163233162682595,-0.8698328313053932,5.843497856259917,0.360133329,0.06568905,1.9614964000000001,-0.21943915706716563,0.10474457838915782,0.9699871307857407,-12.264019868442967,6.515798506460764,11.815031668616681,11.881855731083697,11.414003960115592
3672,05/05/2023 15:32:47.887000,3855,True,True,True,True,Eyes,0.01424762,0.01897463,-2.625557,-0.007858243,0.04333947,0.9990295,0.0,0.0,0.0,0.0,0.0,0.0,0.0,-0.5249271,0.142116,2.46264,-0.009489428,0.01709609,-2.521896,0.03399801,0.1059741,-0.02188363,0.9935466,4.140094,12.10123,357.9155,0.01104243,0.006850768,-0.9999152,-0.07838235,0.003037548,0.1532982,0.3736134,0.080476,-0.5649927,-0.0261412,0.2039601,1.9929,0.9765812,-0.036279,-0.2120685,0.05069064,0.9967304,0.062919,0.2090925,-0.0721954,0.9752272,moving,-12.847315124647654,6.219567357332402,-0.7515151475503564,5.843497856259917,0.383102828,0.06337991000000001,1.9569033,-0.22110910124329586,0.10565738010367891,0.9695087863914315,-12.364765938746162,6.568879365669932,12.032348412068245,12.101644737620745,11.63588296062675
3673,05/05/2023 15:32:47.907039,3856,True,True,True,True,Eyes,-0.004652891,0.01508299,-2.496491,0.1833562,0.03318734,0.9824861,0.0,0.0,0.0,0.0,0.0,0.0,0.0,-0.5450442,0.1478992,2.44921,-0.009202089,0.01618952,-2.51341,0.03513209,0.1103428,-0.02127453,0.9930446,4.270797,12.60696,358.0174,0.01048166,0.006888306,-0.999921,-0.07367941,0.002855296,0.1441003,0.3962938,0.07730076,-0.5609168,-0.02176571,0.2039601,1.9929,0.9747438,-0.03449997,-0.2206454,0.05000625,0.9966263,0.06508049,0.2176557,-0.07447045,0.9731804,moving,-2.259395370388074,6.100151086781838,-0.62573824066356,5.843497856259917,0.405495889,0.06111124,1.9524932,-0.039200779618484546,0.10618500298457673,0.9935732868421905,-1.6837278416733337,6.642972618191038,1.644267988899748,1.6536948020227542,1.3260851747944558
3674,05/05/2023 15:32:47.927051,3857,True,True,True,True,Eyes,-0.004610911,0.01504747,-2.49615,0.1835587,0.03311226,0.982451,0.0,0.0,0.0,0.0,0.0,0.0,0.0,-0.562608,0.1546219,2.436039,-0.008823194,0.0154292,-2.504877,0.03649008,0.1142081,-0.02077888,0.9925691,4.426725,13.05441,358.1082,0.009115796,0.006797655,-0.999935,-0.1259602,-0.008990941,0.5226523,0.4177501,0.07165149,-0.5568343,-0.01745391,0.20396,1.9929,0.9730495,-0.03291401,-0.2282353,0.04958386,0.9964735,0.06769162,0.2252024,-0.07718407,0.97125,moving,-2.6930919118161882,6.241498177221268,-0.5017862469180565,5.843495011065728,0.426573294,0.056222289999999994,1.9480427,-0.04670811860541825,0.10860072242765133,0.9929876234140744,-2.1210851724713917,6.772866200317602,2.2140080625530785,2.2271567159237984,1.8670457460141756
3675,05/05/2023 15:32:47.947167,3858,True,True,True,True,Eyes,-0.004538813,0.01498626,-2.495481,0.1839964,0.03299189,0.9823731,0.0,0.0,0.0,0.0,0.0,0.0,0.0,-0.5780459,0.1567769,2.423345,-0.008315042,0.0145887,-2.496204,0.0369424,0.1176602,-0.02056943,0.9921533,4.481975,13.45406,358.1535,0.008002951,0.006719997,-0.9999451,-0.1184026,-0.008451484,0.4912931,0.4373159,0.06528214,-0.5524689,-0.01313388,0.2039601,1.9929,0.9714659,-0.03212276,-0.2349938,0.04950937,0.9964243,0.06846465,0.2319542,-0.07814547,0.9695826,moving,-3.0659352019604755,6.280499010293086,-0.37759295416738986,5.843497856259917,0.445630942,0.050693440000000006,1.9437351,-0.05316503735195417,0.10924129183538808,0.9925924977471081,-2.497168399377048,6.804153391427407,2.7074006123213428,2.723628838497548,2.3271139046431863
3676,05/05/2023 15:32:47.956832,3859,True,True,True,True,Eyes,-0.0044439,0.01490581,-2.494474,0.184615,0.03288508,0.9822606,0.0,0.0,0.0,0.0,0.0,0.0,0.0,-0.5918918,0.159323,2.41098,-0.007571522,0.01397481,-2.487628,0.03751934,0.1207608,-0.02040366,0.9917625,4.551116,13.81299,358.1944,0.007021109,0.006648573,-0.999953,-0.1112984,-0.007944395,0.4618155,0.4556532,0.06236083,-0.5479285,-0.008637726,0.2039601,1.9929,0.9700011,-0.03140943,-0.241063,0.04953289,0.996352,0.06949261,0.2380009,-0.07934846,0.9680183,moving,-3.388311811243055,6.336072464618573,-0.24833265360780088,5.843497856259917,0.463224722,0.04838602,1.9396995,-0.058742965104900416,0.11016949493658738,0.9921753672915228,-2.8223218228986955,6.852492477141991,3.1592087694200606,3.178379910454929,2.7646863092574874
3677,05/05/2023 15:32:47.976849,3860,True,True,True,True,Eyes,-0.004303883,0.01479787,-2.493151,0.1853957,0.03295352,0.9821113,0.0,0.0,0.0,0.0,0.0,0.0,0.0,-0.6040617,0.155569,2.39885,-0.006642956,0.01340189,-2.478578,0.03679955,0.1235566,-0.02002029,0.9914529,4.468864,14.13872,358.2408,0.006141405,0.00658132,-0.9999592,-0.1046205,-0.007467731,0.4341066,0.472556,0.05919612,-0.543225,-0.004419863,0.2039601,1.9929,0.9686658,-0.0306047,-0.2464746,0.04879201,0.9964899,0.06802277,0.2435277,-0.07791733,0.9667591,moving,-3.6617347212262445,6.252445323478761,-0.12707064113994124,5.843497856259917,0.47919895599999995,0.04579423,1.935353,-0.06348747631342899,0.1086895960162671,0.9920463788128774,-3.0982469497319407,6.766109424823643,3.5372876286100654,3.558242289389111,3.1111253210351393
3678,05/05/2023 15:32:47.996612,3861,True,True,True,True,Eyes,-0.004068568,0.01465552,-2.491531,0.186249,0.03310058,0.9819449,0.0,0.0,0.0,0.0,0.0,0.0,0.0,-0.6143126,0.1454922,2.387637,-0.005461071,0.01253724,-2.469651,0.03466272,0.1259524,-0.01925128,0.9912435,4.218942,14.42067,358.3087,0.005355974,0.006516845,-0.9999642,-0.09834328,-0.007019667,0.4080602,0.48872,0.06136195,-0.5380721,8.779764e-05,0.2039601,1.9929,0.9675308,-0.02943371,-0.2510337,0.04689713,0.9968558,0.06386892,0.2483644,-0.0735679,0.9658689,moving,-3.878667419184686,6.008958001266229,0.0025241779416701883,5.843497856259917,0.49418107099999997,0.04882471,1.9315788999999999,-0.0672738490409093,0.10444680226396769,0.9922525987697888,-3.3173641256688713,6.525014197267306,3.8634711503180714,3.8847168845605395,3.3891183029676286
3679,05/05/2023 15:32:48.007093,3862,True,True,True,True,Eyes,-0.003767441,0.01448437,-2.489609,0.1872387,0.03339883,0.9817465,0.0,0.0,0.0,0.0,0.0,0.0,0.0,-0.6231016,0.1390867,2.37636,-0.004052591,0.01159663,-2.460597,0.03323387,0.1280115,-0.01844273,0.9910441,4.048119,14.66315,358.3888,0.004657194,0.006453386,-0.9999681,-0.09244268,-0.006598487,0.3835766,0.5034888,0.06910813,-0.5328904,0.004567593,0.2039601,1.9929,0.9665458,-0.02804649,-0.254956,0.04506376,0.9971108,0.06115071,0.2525043,-0.07059424,0.9650171,moving,-4.050218000605171,5.855886716716934,0.1313178499650777,5.843497856259917,0.507541391,0.05751150000000001,1.9277066,-0.0702640306646152,0.10177449674933943,0.9923229921207558,-3.4905977922387796,6.372814145400307,4.159806300654563,4.181554203100527,3.6603891395847974
3680,05/05/2023 15:32:48.027185,3863,True,True,True,True,Eyes,-0.003405284,0.01427848,-2.487395,0.1889503,0.03383894,0.9814035,0.0,0.0,0.0,0.0,0.0,0.0,0.0,-0.6332093,0.131526,2.364712,-0.002296794,0.01077451,-2.451529,0.03161131,0.1302909,-0.01783878,0.9908112,3.858357,14.93028,358.4428,0.004040901,0.006389917,-0.9999712,-0.08689612,-0.006202578,0.360562,0.5166616,0.07403913,-0.5271327,0.008594632,0.2039601,1.9929,0.9654121,-0.02711239,-0.2593152,0.04358706,0.997365,0.05799321,0.2570596,-0.06729013,0.96405,moving,-4.206709643806955,5.691080568707828,0.24709372633080512,5.843497856259917,0.5189583940000001,0.06326462,1.9243962999999997,-0.07299535784338207,0.09890030676693498,0.9924165086279985,-3.648653087946342,6.209453384254229,4.434474244629312,4.456410606014128,3.9128974800549194
3681,05/05/2023 15:32:48.046817,3864,True,True,True,True,Eyes,-0.002967305,0.01402544,-2.484893,0.1908085,0.03435016,0.9810261,0.0,0.0,0.0,0.0,0.0,0.0,0.0,-0.6435559,0.1192448,2.35287,-0.00020466,0.009600989,-2.442189,0.02893437,0.1325978,-0.01726551,0.9905971,3.54907,15.20098,358.4767,0.003501057,0.006325094,-0.9999737,-0.08168235,-0.005830423,0.3389283,0.5314723,0.07974119,-0.5218263,0.01303601,0.20396,1.9929,0.9642395,-0.02653306,-0.2637011,0.04187959,0.9977294,0.05274587,0.2617029,-0.06190334,0.9631612,moving,-4.356406070946258,5.409776667232632,0.3747793176516629,5.843495011065728,0.53167696,0.070140201,1.9203627,-0.0756239952709922,0.09400821643005051,0.9926950652785476,-3.79998434514302,5.932728291667402,4.729800879793386,4.751023761576002,4.175717210079942
3682,05/05/2023 15:32:48.056860,3865,True,True,True,True,Eyes,-0.002620328,0.01373902,-2.482074,0.1946453,0.03388667,0.9802881,0.0,0.0,0.0,0.0,0.0,0.0,0.0,-0.656208,0.1149723,2.339801,0.002008088,0.008192219,-2.432782,0.02784817,0.1353682,-0.01662415,0.9902644,3.420003,15.52456,358.5428,0.003032554,0.006257155,-0.9999756,-0.07678141,-0.005480598,0.3185925,0.5465335,0.08927265,-0.5165007,0.01726639,0.20396,1.9929,0.9627982,-0.0253851,-0.2690265,0.04046412,0.9978962,0.05065335,0.2671747,-0.05965487,0.9617999,moving,-4.445087246777255,5.256793301837127,0.4963954649674262,5.843495011065728,0.544525412,0.081080431,1.9162813,-0.07717957166735015,0.09134639716281015,0.9928237545808459,-3.8896186384864375,5.782104285953688,4.955075997268054,4.9761903386107855,4.386443723202884
3683,05/05/2023 15:32:48.076874,3866,True,True,True,True,Eyes,-0.002180238,0.01341327,-2.478992,0.1985126,0.03347691,0.9795264,0.0,0.0,0.0,0.0,0.0,0.0,0.0,-0.6681201,0.1164108,2.326878,0.004389677,0.00706429,-2.423681,0.02791007,0.1379542,-0.01540087,0.9899256,3.411516,15.82812,358.6917,0.00262373,0.006184961,-0.9999764,-0.07217453,-0.005151762,0.299477,0.5635506,0.09228761,-0.511502,0.02164221,0.2039601,1.9929,0.9614629,-0.02279079,-0.2739885,0.03819204,0.9979677,0.05100854,0.2722691,-0.05950699,0.9603793,moving,-4.508394886540989,5.234639777004566,0.622188042657082,5.843497856259917,0.559160923,0.08522332,1.912179,-0.07827934271638098,0.09095469329332823,0.9927736461201396,-3.953508773865181,5.759384798247898,5.144714154965706,5.166583915320952,4.576469858226983
3684,05/05/2023 15:32:48.096988,3867,True,True,True,True,Eyes,-0.001564908,0.01305502,-2.475699,0.2023416,0.03308589,0.978756,0.0,0.0,0.0,0.0,0.0,0.0,0.0,-0.6793418,0.1166481,2.313796,0.007018935,0.005790291,-2.414266,0.02765749,0.1403931,-0.0139868,0.9896107,3.363337,16.11543,358.8568,0.00227341,0.006107533,-0.9999772,-0.06784406,-0.004842656,0.2815084,0.5797496,0.09142657,-0.506452,0.02596605,0.2039601,1.9929,0.9601883,-0.01991713,-0.2786427,0.03544882,0.9980788,0.050813,0.2770953,-0.0586676,0.9590496,moving,-4.555107775824658,5.175759816937085,0.746480453920837,5.843497856259917,0.572730665,0.085636279,1.9078140000000001,-0.07909612634109343,0.08992861470961086,0.9928024747138257,-4.000699307776822,5.701186628092257,5.321200688940954,5.343473762163961,4.749312389760694
3685,05/05/2023 15:32:48.107009,3868,True,True,True,True,Eyes,-0.0008491862,0.01269109,-2.472163,0.2061494,0.03275534,0.9779721,0.0,0.0,0.0,0.0,0.0,0.0,0.0,-0.687859,0.1179264,2.301852,0.009864073,0.004758197,-2.405298,0.0277002,0.1421932,-0.01291187,0.989367,3.352758,16.32756,358.9857,0.001982859,0.006024099,-0.9999781,-0.06377341,-0.004552097,0.2646179,0.5957667,0.09183223,-0.5011135,0.030509,0.2039601,1.9929,0.9592288,-0.0176716,-0.2820778,0.03342672,0.9981319,0.05113937,0.2806472,-0.05848329,0.9580276,moving,-4.532035063181472,5.156512945367965,0.8770637760372293,5.843497856259917,0.585902627,0.087074033,1.9041845000000002,-0.07869867098441204,0.08959792474026029,0.9928638611938757,-3.9774450303404087,5.682852206667053,5.429833992233212,5.452549726525227,4.857166126038016
3686,05/05/2023 15:32:48.126885,3869,True,True,True,True,Eyes,2.532615e-07,0.01232815,-2.468407,0.2099324,0.03246898,0.9771765,0.0,0.0,0.0,0.0,0.0,0.0,0.0,-0.6961356,0.1157484,2.289667,0.01295883,0.004246579,-2.395912,0.02720263,0.143926,-0.01236584,0.9891372,3.289083,16.53023,359.0454,0.001750224,0.005935042,-0.9999789,-0.059947,-0.004278971,0.2487408,0.6093591,0.09117103,-0.4954295,0.03479433,0.2039601,1.9929,0.9582648,-0.01663268,-0.2853979,0.03229335,0.9982142,0.05025472,0.2840524,-0.05737379,0.9570906,moving,-4.5058102648166365,5.081332606347564,1.000233697646893,5.843497856259917,0.5964002700000001,0.086924451,1.9004825,-0.0782533323608633,0.0882981651781939,0.9930154124608715,-3.951073814222653,5.610086764868738,5.535840162361113,5.558544412411854,4.956806110256907
3687,05/05/2023 15:32:48.147208,3870,True,True,True,True,Eyes,0.0009508665,0.0120067,-2.464433,0.2136726,0.03222955,0.9763736,0.0,0.0,0.0,0.0,0.0,0.0,0.0,-0.7037653,0.1070222,2.278043,0.01625233,0.003916104,-2.386617,0.02537602,0.1454948,-0.01202312,0.9889605,3.077711,16.71323,359.0591,0.001575212,0.005840968,-0.9999797,-0.05635018,-0.004022233,0.2338163,0.6230817,0.09285222,-0.4894289,0.03907913,0.2039601,1.9929,0.9573735,-0.01639663,-0.2883873,0.03116494,0.998423,0.04669316,0.2871669,-0.05369036,0.9563747,moving,-4.463020085943002,4.857780298874521,1.1233791426499387,5.843497856259917,0.6068293699999999,0.088936116,1.8971881000000002,-0.07753781998442567,0.08442778098986657,0.9934082579333195,-3.9081581940728416,5.393082370585786,5.651087245106205,5.672697369343938,5.05165735977515
3688,05/05/2023 15:32:48.156862,3871,True,True,True,True,Eyes,0.02781922,0.003917704,-2.35968,0.3076692,0.03267209,0.9509323,0.0,0.0,0.0,0.0,0.0,0.0,0.0,-0.7106815,0.1028772,2.266448,0.01960766,0.004583732,-2.377401,0.02484137,0.1468789,-0.01246911,0.9887639,3.025902,16.87246,359.0039,0.001456273,0.005744065,-0.9999805,-0.05296917,-0.003780899,0.2197874,0.6367437,0.09983843,-0.483738,0.04370302,0.2039601,1.9929,0.9565423,-0.01736067,-0.2910765,0.03195536,0.9984548,0.0454616,0.2898375,-0.05278739,0.955619,moving,0.9740609105755803,4.916076416188551,1.256258379974338,5.843497856259917,0.61713604,0.095254698,1.8936629999999999,0.016937232271421188,0.08568418972506497,0.9961783931962394,1.5768752275050026,5.547657120816399,0.968384695049389,0.969404940795698,0.43625325634115714
3689,05/05/2023 15:32:48.176988,3872,True,True,True,True,Eyes,0.02795063,0.003925435,-2.359328,0.3077764,0.03274316,0.9508951,0.0,0.0,0.0,0.0,0.0,0.0,0.0,-0.7195078,0.08237492,2.254538,0.0232038,0.004158244,-2.367882,0.02057797,0.1486985,-0.0128915,0.9885845,2.551652,17.08336,358.8891,0.002513145,0.005318366,-0.9999809,0.03081404,-0.02782103,0.5208592,0.6494935,0.1021983,-0.4775972,0.04782951,0.2039601,1.9929,0.9554451,-0.01936885,-0.2945326,0.0316085,0.9988207,0.03685222,0.2934715,-0.04452001,0.9549307,moving,0.7677847563837752,4.44386925233566,1.3748321945632545,5.843497856259917,0.6262897,0.098040056,1.8902847999999999,0.013359693475236967,0.07747549379402718,0.9969047018543826,1.3682512090162602,5.083945613386208,1.5234582735205682,1.5256037562628226,0.7595807521424246
3690,05/05/2023 15:32:48.196698,3873,True,True,True,True,Eyes,0.02820079,0.004036009,-2.358607,0.3081036,0.03272964,0.9507896,0.0,0.0,0.0,0.0,0.0,0.0,0.0,-0.7261736,0.07644087,2.243379,0.02646677,0.004338047,-2.359068,0.01955885,0.1500527,-0.0135222,0.9883921,2.448519,17.23931,358.8036,0.003446049,0.004953075,-0.9999802,0.0289652,-0.02615177,0.4896076,0.6643062,0.1181444,-0.4726351,0.05211842,0.2039601,1.9929,0.9546027,-0.02086075,-0.2971507,0.03260018,0.9988692,0.03460554,0.2960928,-0.04272171,0.9542032,moving,0.6266724111285341,4.338222893031074,1.4980606173664512,5.843497856259917,0.63783943,0.113806353,1.8864329000000002,0.010905945652861126,0.0756394459359538,0.9970755516527162,1.2257772013405077,4.978492085987713,1.736075888797843,1.7393016187234835,0.9068479703053685
3691,05/05/2023 15:32:48.207029,3874,True,True,True,True,Eyes,0.02858894,0.004239059,-2.357514,0.3085429,0.03325132,0.9506291,0.0,0.0,0.0,0.0,0.0,0.0,0.0,-0.7322485,0.07109246,2.231714,0.03003874,0.006897384,-2.349647,0.01926633,0.1512605,-0.01468826,0.9881971,2.437029,17.3768,358.6693,0.00429664,0.004629038,-0.9999785,0.02722729,-0.02458266,0.4602312,0.6770997,0.1217495,-0.4671568,0.05646366,0.20396,1.9929,0.953809,-0.02320133,-0.2995162,0.03485827,0.9988261,0.03363435,0.2983842,-0.04252136,0.9534982,moving,0.5051308744533066,4.355480193008292,1.622893366599992,5.843495011065728,0.64706096,0.11485211599999999,1.8824902000000001,0.008790624638482736,0.07594134570774591,0.9970735650490009,1.1031846022162681,4.9931174080818534,1.8566697433657637,1.861069877142842,0.9966139008833145
3692,05/05/2023 15:32:48.227239,3875,True,True,True,True,Eyes,0.02910135,0.004473263,-2.356099,0.3091608,0.03396549,0.950403,0.0,0.0,0.0,0.0,0.0,0.0,0.0,-0.7392564,0.03613951,2.219744,0.03371116,0.009200465,-2.339625,0.01238849,0.1528096,-0.01511701,0.9880623,1.667614,17.56119,358.5045,0.005078603,0.004346295,-0.9999763,0.02559365,-0.0231077,0.4326173,0.689848,0.1244651,-0.4607892,0.06086087,0.20396,1.9929,0.9528414,-0.02608693,-0.3023454,0.03365925,0.999236,0.01986114,0.3015963,-0.02910124,0.9529915,moving,0.36428317700750407,3.624830907663004,1.7492034501860243,5.843495011065728,0.65613684,0.11526463499999999,1.8788357999999998,0.006345178795564427,0.0632217641837989,0.9979792905747696,0.9602746265116413,4.278820664865172,2.610652483799272,2.6154300921241767,1.7523168944236032
3693,05/05/2023 15:32:48.247276,3876,True,True,True,True,Eyes,0.02973928,0.004752217,-2.354376,0.3099124,0.03460265,0.9501352,0.0,0.0,0.0,0.0,0.0,0.0,0.0,-0.7475207,0.02261157,2.207611,0.03732628,0.01013405,-2.330526,0.009818286,0.1545449,-0.01555735,0.9878145,1.387032,17.76462,358.4122,0.005805898,0.00410149,-0.9999734,0.02405803,-0.02172124,0.4066603,0.7036752,0.1533101,-0.4560463,0.06511861,0.20396,1.9929,0.9517477,-0.02770082,-0.305629,0.03377028,0.9993231,0.01458867,0.305018,-0.02420591,0.9520389,moving,0.20726369476682968,3.377057679364968,1.8714910586527524,5.843495011065728,0.6663489199999999,0.14317605,1.8744796999999997,0.00361114429559678,0.05890626867656067,0.9982569551409618,0.8015935289840923,4.034627846775471,2.9697642602299026,2.9753933907827808,2.1015901460652544
3694,05/05/2023 15:32:48.256853,3877,True,True,True,True,Eyes,0.03053312,0.005028378,-2.352366,0.3108948,0.03523156,0.9497911,0.0,0.0,0.0,0.0,0.0,0.0,0.0,-0.7573642,0.02334309,2.194677,0.0409423,0.01149829,-2.321409,0.01038714,0.1566108,-0.01566316,0.9874816,1.45663,18.0035,358.4133,0.006488271,0.00389321,-0.9999701,0.02261455,-0.02041797,0.3822607,0.7182904,0.1637892,-0.4514925,0.06956261,0.2039601,1.9929,0.9504554,-0.02768068,-0.309626,0.03418763,0.9992935,0.01560818,0.3089752,-0.02542026,0.9507303,moving,0.02505390573073896,3.4776938115517133,1.9991100800206656,5.843497856259917,0.6773481,0.15229091,1.8699165,0.00043646788298559724,0.060659938046756,0.9981583814897484,0.6178921214177496,4.129385728128479,3.0742411838904973,3.0812216014447706,2.2013503667009697
3695,05/05/2023 15:32:48.276928,3878,True,True,True,True,Eyes,0.03142915,0.005258101,-2.350101,0.312045,0.03586527,0.9493901,0.0,0.0,0.0,0.0,0.0,0.0,0.0,-0.7693663,0.007164575,2.180929,0.04465954,0.01170699,-2.312207,0.00686389,0.1592271,-0.01500222,0.9871042,1.050191,18.31219,358.4278,0.007137103,0.003717694,-0.9999664,0.02125768,-0.01919289,0.359325,0.7338063,0.1626117,-0.4463634,0.07379049,0.2039601,1.9929,0.9488434,-0.02743168,-0.3145535,0.03180335,0.9994556,0.008773228,0.3141416,-0.01832827,0.9491992,moving,-0.20288904020913276,3.1011797998871367,2.1205043526099288,5.843497856259917,0.6891467600000001,0.15090471,1.8658435999999998,-0.0035358886612847085,0.05409903500501009,0.9985292952628302,0.3875181088321177,3.7585042399529964,3.5864959216067773,3.5942266456225958,2.7111694342411985
3696,05/05/2023 15:32:48.296891,3879,True,True,True,True,Eyes,0.03238619,0.005476629,-2.34758,0.3135128,0.03611404,0.948897,0.0,0.0,0.0,0.0,0.0,0.0,0.0,-0.7818217,0.006504753,2.167612,0.04796384,0.01081386,-2.303782,0.006526494,0.1619491,-0.01457579,0.98667,1.008461,18.62905,358.4727,0.007760146,0.003569768,-0.9999625,0.01998222,-0.01804132,0.3377655,0.7513309,0.1768864,-0.4433338,0.07812893,0.2039601,1.9929,0.9471201,-0.02664906,-0.3197709,0.03087691,0.9994899,0.00815792,0.3193904,-0.01760006,0.9474598,moving,-0.42791210046350814,3.067846051630323,2.2450533053894595,5.843497856259917,0.70336706,0.16607254,1.8604482,-0.0074577030309962156,0.05351694557927633,0.9985391006161589,0.160475676794326,3.721985074322332,3.84451007139647,3.853438334971801,2.9742697210515163
3697,05/05/2023 15:32:48.316866,3880,True,True,True,True,Eyes,0.03343643,0.005694237,-2.34481,0.3151073,0.03650761,0.9483536,0.0,0.0,0.0,0.0,0.0,0.0,0.0,-0.7941045,0.01773269,2.154248,0.05119437,0.01078962,-2.295423,0.009118427,0.1646319,-0.01472285,0.9862031,1.308345,18.93753,358.5076,0.008363285,0.00344612,-0.9999582,0.01878328,-0.01695884,0.3174996,0.7689872,0.1773941,-0.4403323,0.08257955,0.2039601,1.9929,0.9453591,-0.02603708,-0.3249895,0.03204181,0.9994002,0.01313754,0.3244525,-0.02283294,0.9456264,moving,-0.646629295470788,3.385003787656948,2.372800682531523,5.843497856259917,0.7177928299999999,0.16660448,1.8550906999999999,-0.011265883230634238,0.05904135085574694,0.9981919482235493,-0.05981115026413508,4.027011369705017,3.8829633762949074,3.893732204121775,3.0359880574360005
3698,05/05/2023 15:32:48.326834,3881,True,True,True,True,Eyes,0.03456166,0.005939174,-2.341819,0.3168166,0.0365666,0.9477817,0.0,0.0,0.0,0.0,0.0,0.0,0.0,-0.8048121,0.009299403,2.141026,0.05443973,0.01094873,-2.286639,0.007241397,0.1670752,-0.0140838,0.985817,1.087739,19.22426,358.5472,0.008952568,0.003344372,-0.9999535,0.01765629,-0.01594131,0.2984496,0.7863106,0.1668657,-0.4363869,0.0867179,0.2039601,1.9929,0.9437751,-0.02534839,-0.3296151,0.03018782,0.9994984,0.009571276,0.3292071,-0.01898349,0.9440669,moving,-0.8221263192570525,3.163727301270028,2.491563739399647,5.843497856259917,0.73187087,0.15591697000000002,1.8502521,-0.014326455216725043,0.05518373960987388,0.9983734435017803,-0.23710272835928214,3.8082980939630677,4.2502264395073395,4.261656019932986,3.4040650353254334
3699,05/05/2023 15:32:48.337005,3882,True,True,True,True,Eyes,0.03578771,0.006206716,-2.338591,0.3186471,0.03673028,0.9471615,0.0,0.0,0.0,0.0,0.0,0.0,0.0,-0.813741,0.01262766,2.128973,0.05765787,0.01199497,-2.278463,0.008233354,0.1690536,-0.01379734,0.985476,1.19714,19.45351,358.601,0.009531873,0.003263683,-0.9999484,0.01659691,-0.01498483,0.2805426,0.8027565,0.1746622,-0.4333211,0.09121126,0.20396,1.9929,0.942461,-0.02441013,-0.3334236,0.02997764,0.9994837,0.01156257,0.3329692,-0.02089252,0.9427062,moving,-0.9406702466820344,3.280422971301418,2.6204906446608422,5.843495011065728,0.74509863,0.16266723,1.8451418999999998,-0.016390162084465476,0.05721521980220852,0.9982273168469037,-0.3565594776407761,3.9198454347808265,4.374942206303703,4.387619533990108,3.5444682426334646
3700,05/05/2023 15:32:48.356838,3883,True,True,True,True,Eyes,0.03711654,0.006475782,-2.335163,0.320642,0.03686913,0.9464827,0.0,0.0,0.0,0.0,0.0,0.0,0.0,-0.8246707,0.005186815,2.115324,0.06126101,0.01277996,-2.269534,0.006831793,0.171524,-0.0138364,0.9850591,1.043184,19.74226,358.5721,0.01010844,0.003202733,-0.999943,0.01560109,-0.01408574,0.2637101,0.817449,0.1718793,-0.429262,0.09560347,0.2039601,1.9929,0.9407761,-0.02491571,-0.3381117,0.02960297,0.9995238,0.008712889,0.3377336,-0.01820599,0.9410657,moving,-1.106556276341281,3.129921905859388,2.7464896261468743,5.843497856259917,0.75618799,0.15909934,1.8402720000000001,-0.019283054096718877,0.054590128485214356,0.9983226973313377,-0.5240758114017463,3.770251044014457,4.699249219313918,4.712691074669854,3.872331419929545
3701,05/05/2023 15:32:48.377305,3884,True,True,True,True,Eyes,0.07281408,0.01340101,-2.244922,0.3745677,0.0358388,0.9265067,0.0,0.0,0.0,0.0,0.0,0.0,0.0,-0.837701,-0.004312477,2.10138,0.06486438,0.01294784,-2.261235,0.004715574,0.1744677,-0.01337322,0.9845608,0.7994125,20.08753,358.5852,0.01068661,0.003159762,-0.9999371,0.01466503,-0.01324059,0.2478875,0.8346571,0.177863,-0.4261951,0.1002248,0.2039601,1.9929,0.9387643,-0.02468806,-0.3436742,0.02797892,0.9995978,0.004619151,0.3434219,-0.01395193,0.9390776,moving,1.8550444796057333,2.9010083228473,2.8790326374621693,5.843497856259917,0.7697927200000001,0.16491516,1.8350399000000002,0.03232953744183176,0.05058406132029448,0.9981964237377139,2.4633516555491006,3.600518522085728,3.1090741730961677,3.1155732059563324,2.2811722802665964
3702,05/05/2023 15:32:48.387042,3885,True,True,True,True,Eyes,0.07298385,0.01343795,-2.244593,0.3748645,0.03568241,0.9263927,0.0,0.0,0.0,0.0,0.0,0.0,0.0,-0.8531978,0.004135568,2.086609,0.06861237,0.0134549,-2.253223,0.006853023,0.1779108,-0.01348778,0.9839303,1.047714,20.48593,358.6186,0.01293496,0.003446684,-0.9999096,0.1208777,0.008329538,0.5037378,0.852639,0.1864527,-0.424559,0.104033,0.2039601,1.9929,0.9363316,-0.02410362,-0.3502885,0.02898053,0.9995422,0.008686548,0.3499188,-0.01828504,0.9366015,moving,1.4709985012776376,3.1296156323631514,2.988231395332273,5.843497856259917,0.7840266300000001,0.1729978,1.8286640000000003,0.02563268670331953,0.05457700302422809,0.9981805340068551,2.0761803254620137,3.8163097999461675,3.1008812644452424,3.109204460948855,2.2229099328836073
3703,05/05/2023 15:32:48.407233,3886,True,True,True,True,Eyes,0.07329755,0.01348582,-2.243961,0.3755785,0.03553817,0.926109,0.0,0.0,0.0,0.0,0.0,0.0,0.0,-0.8734975,0.002156443,2.069296,0.07259089,0.01441623,-2.244886,0.006719201,0.1825427,-0.01341899,0.9830835,1.037692,21.02578,358.6285,0.01489157,0.003700444,-0.9998814,0.1136251,0.007829766,0.4735135,0.8733351,0.1782695,-0.4228548,0.1083577,0.2039601,1.9929,0.9329962,-0.02393088,-0.3590897,0.02883705,0.9995496,0.008311995,0.3587291,-0.01811015,0.933266,moving,0.9758838738639949,3.0988267711231607,3.112214217323185,5.843497856259917,0.8007442100000001,0.16385327,1.8220312,0.017006666912884327,0.054050549484110394,0.9983933906287535,1.5766703685711823,3.777412166744835,3.46757983457924,3.478092394110634,2.5742192967692414
3704,05/05/2023 15:32:48.427185,3887,True,True,True,True,Eyes,0.07373139,0.01356649,-2.243038,0.3766428,0.03511977,0.9256927,0.0,0.0,0.0,0.0,0.0,0.0,0.0,-0.8977992,2.206862e-05,2.050339,0.07626493,0.01472558,-2.23694,0.00650353,0.188221,-0.01375693,0.9820089,1.028614,21.68787,358.5918,0.01666717,0.003931093,-0.9998525,0.1068076,0.00735998,0.4451027,0.8985457,0.1794953,-0.4237595,0.1127144,0.2039601,1.9929,0.9287672,-0.02457065,-0.3698484,0.02946705,0.9995369,0.007594363,0.3694905,-0.01795173,0.9290611,moving,0.3778155156681119,3.051483106121308,3.2370849374240698,5.843497856259917,0.82228077,0.16476972,1.8131805,0.0065847281893724185,0.05323210377552646,0.9985605421567018,0.9732813009628827,3.72053602056578,3.9835690735896723,3.996344328405676,3.1035099259175434
3705,05/05/2023 15:32:48.446591,3888,True,True,True,True,Eyes,0.07429548,0.01367205,-2.241834,0.3781382,0.03471074,0.9250982,0.0,0.0,0.0,0.0,0.0,0.0,0.0,-0.9235315,0.00931227,2.030451,0.07990161,0.01564989,-2.229147,0.009197444,0.1942721,-0.01464437,0.9807953,1.359848,22.39069,358.5583,0.01828546,0.004142457,-0.9998234,0.1003991,0.006918381,0.4183966,0.9272947,0.1799405,-0.427136,0.116996,0.20396,1.9929,0.9240878,-0.02515264,-0.3813517,0.03229987,0.9994019,0.01235163,0.3808129,-0.0237316,0.9243475,moving,-0.24265505569732368,3.344006122451908,3.3597731804147255,5.843495011065728,0.8473930900000001,0.16429061,1.8020110000000003,-0.00422790607410739,0.05833026711471854,0.9982883942841275,0.34767496492510686,3.9943388477752118,4.369229102719921,4.3846247160551055,3.5344185060616473
3706,05/05/2023 15:32:48.456767,3889,True,True,True,True,Eyes,0.07496653,0.01377508,-2.240366,0.3798822,0.03424778,0.9244006,0.0,0.0,0.0,0.0,0.0,0.0,0.0,-0.9495843,0.007624453,2.00973,0.08348627,0.01635477,-2.221159,0.009174137,0.2005482,-0.0148358,0.9795286,1.370832,23.1242,358.545,0.01976943,0.004337789,-0.9997943,0.09437517,0.006503278,0.3932928,0.9575897,0.1691399,-0.4307896,0.1213936,0.2039601,1.9929,0.9191206,-0.02538446,-0.3931577,0.03274389,0.9993915,0.01202208,0.3926132,-0.02392325,0.9193925,moving,-0.8693374053092147,3.3127165673795873,3.4857532629722625,5.843497856259917,0.87410343,0.15278513000000002,1.7903694,-0.0151468701442794,0.05777897041070071,0.99821442009983,-0.28456205439802607,3.9525872277978604,5.019527946534996,5.037029745901764,4.217916618098061
3707,05/05/2023 15:32:48.476819,3890,True,True,True,True,Eyes,0.07576189,0.01388241,-2.238661,0.3820188,0.03356913,0.9235447,0.0,0.0,0.0,0.0,0.0,0.0,0.0,-0.9752284,0.01104167,1.989087,0.08715343,0.0164074,-2.213548,0.01011596,0.2067333,-0.01474243,0.978234,1.483385,23.84753,358.5864,0.02113659,0.004518509,-0.9997656,0.08871266,0.006113081,0.3696952,0.9880995,0.1693243,-0.4358536,0.1256592,0.2039601,1.9929,0.914088,-0.02466049,-0.4047653,0.03302572,0.9993606,0.01369606,0.4041687,-0.02588707,0.9143181,moving,-1.4607430592894703,3.372776893482611,3.6079196588893456,5.843497856259917,0.90094607,0.15291690000000002,1.7776944,-0.025447888676249975,0.05881301946228854,0.9979446360616085,-0.8811089380212216,4.000458744049047,5.619163578641264,5.638776802336042,4.852645764221811
3708,05/05/2023 15:32:48.496684,3891,True,True,True,True,Eyes,0.07669063,0.01400372,-2.236719,0.384414,0.03300557,0.9225706,0.0,0.0,0.0,0.0,0.0,0.0,0.0,-1.000578,0.02260142,1.968205,0.09082743,0.0166725,-2.206121,0.01305189,0.2128797,-0.01476714,0.9768798,1.821596,24.56594,358.6645,0.02240503,0.004686407,-0.9997371,0.0833899,0.005746296,0.3475135,1.018316,0.1654375,-0.4412856,0.1301389,0.2039601,1.9929,0.9089284,-0.02329448,-0.4163012,0.03440841,0.9992232,0.019213,0.4155302,-0.0317875,0.9090238,moving,-2.0346481951964615,3.6678598035389696,3.7361824858125927,5.843497856259917,0.92748857,0.14876499999999998,1.7648354,-0.03543121450982095,0.06393234798530716,0.9973250658390321,-1.4597368363780825,4.277592772931062,6.1449116729237865,6.1673241916833605,5.426751913687372
3709,05/05/2023 15:32:48.507017,3892,True,True,True,True,Eyes,0.07774319,0.01413214,-2.234553,0.3872,0.03250697,0.9214226,0.0,0.0,0.0,0.0,0.0,0.0,0.0,-1.0266,0.02224738,1.946207,0.09478465,0.01715379,-2.198374,0.01319682,0.2192928,-0.01450078,0.9754621,1.839845,25.31924,358.71,0.02359139,0.00484351,-0.9997091,0.07838651,0.005401518,0.3266627,1.048167,0.1539927,-0.4465834,0.1344565,0.2039601,1.9929,0.9034008,-0.02250199,-0.4282064,0.03407787,0.9992312,0.01938617,0.4274409,-0.03210584,0.903473,moving,-2.6127784362378423,3.646795356481735,3.859768599332228,5.843497856259917,0.95338235,0.13683891,1.7517905999999999,-0.0454936717807185,0.06353976916233472,0.9969419112726912,-2.0429826262304394,4.246675170144935,6.81080808097636,6.8351566917078515,6.114925569602057
3710,05/05/2023 15:32:48.527017,3893,True,True,True,True,Eyes,0.07871179,0.01429865,-2.232047,0.392261,0.03351472,0.9192432,0.0,0.0,0.0,0.0,0.0,0.0,0.0,-1.052539,0.01901857,1.923908,0.09869875,0.01744294,-2.190794,0.01263411,0.2257782,-0.01430841,0.9739917,1.780586,26.08238,358.7292,0.02470915,0.004991202,-0.9996814,0.07368331,0.005077427,0.3070629,1.078963,0.1538503,-0.4533178,0.1387873,0.2039601,1.9929,0.897639,-0.02216754,-0.4401737,0.03357757,0.9992713,0.01814998,0.4394506,-0.03107209,0.8977292,moving,-3.0592197315552596,3.637042950873105,3.9836964210694177,5.843497856259917,0.9802642499999998,0.13640736,1.7374762,-0.05326090848398021,0.0633457129462154,0.9965694083217261,-2.493366902828651,4.22914563239679,7.354465185069733,7.380454673149013,6.67521403435705
3711,05/05/2023 15:32:48.546811,3894,True,True,True,True,Eyes,0.07981679,0.01446288,-2.229317,0.3976121,0.03471499,0.9168967,0.0,0.0,0.0,0.0,0.0,0.0,0.0,-1.078532,0.012475,1.900636,0.1028425,0.01793231,-2.182866,0.01139272,0.2323722,-0.01434977,0.9724544,1.651881,26.85945,358.7036,0.02576191,0.005132219,-0.9996542,0.06926232,0.004772781,0.2886391,1.109771,0.1561589,-0.4609918,0.1430897,0.2039601,1.9929,0.8915945,-0.0226143,-0.4522696,0.0332037,0.9993286,0.01548882,0.4516157,-0.02882677,0.8917468,moving,-3.5017319852010735,3.5667438297626344,4.106774609520805,5.843497856259917,1.0069285000000001,0.13822658999999998,1.7218742000000002,-0.060960845111406065,0.06209552384011003,0.9962068019996277,-2.939855630352983,4.152705042026891,7.914510610011787,7.941850004822423,7.246639088444088
3712,05/05/2023 15:32:48.557129,3895,True,True,True,True,Eyes,0.08110824,0.01461784,-2.226407,0.4030736,0.03613399,0.9144539,0.0,0.0,0.0,0.0,0.0,0.0,0.0,-1.104601,-0.0001532678,1.876504,0.1070696,0.0179855,-2.17477,0.008430635,0.2391127,-0.01390005,0.9708557,1.318906,27.65695,358.6841,0.02676382,0.005267354,-0.9996271,0.06510658,0.004486415,0.2713208,1.141213,0.1609693,-0.4692873,0.1475714,0.2039601,1.9929,0.8852638,-0.02295815,-0.4645223,0.03102164,0.9994714,0.009722498,0.4640536,-0.02301722,0.8855081,moving,-3.9508849762590237,3.3047170260861134,4.234941633334773,5.843497856259917,1.0341434,0.1429838,1.7054827000000001,-0.06878727980270904,0.05750967206628093,0.9959723265390774,-3.3932592212419666,3.8893730747383066,8.542649036920793,8.570482214320958,7.874519156083258
3713,05/05/2023 15:32:48.576691,3896,True,True,True,True,Eyes,0.08253507,0.01476326,-2.223283,0.4088476,0.03760879,0.9118274,0.0,0.0,0.0,0.0,0.0,0.0,0.0,-1.130586,-0.00971051,1.851853,0.1113689,0.01793316,-2.166785,0.00627341,0.2459003,-0.01388245,0.9691754,1.087967,28.4605,358.6346,0.0277277,0.005396708,-0.9996002,0.06120018,0.00421723,0.2550415,1.172598,0.1724815,-0.478576,0.151807,0.2039601,1.9929,0.8786806,-0.02382379,-0.4768152,0.02999432,0.9995359,0.005332675,0.4764668,-0.01898747,0.8789874,moving,-4.389560689510771,3.1458241081029397,4.3560317319318544,5.843497856259917,1.0612291,0.15454834,1.688209,-0.0764227029980784,0.054716918019195024,0.9955730098042697,-3.8359772604891633,3.7266976420941775,9.123594954975259,9.152203584574044,8.461078801110348
3714,05/05/2023 15:32:48.596989,3897,True,True,True,True,Eyes,0.08407848,0.01489533,-2.219944,0.4146609,0.03894798,0.9091421,0.0,0.0,0.0,0.0,0.0,0.0,0.0,-1.157913,-0.01803486,1.825334,0.1158922,0.01781556,-2.158514,0.004557917,0.253141,-0.0144215,0.9673112,0.9236019,29.31853,358.5333,0.02866409,0.005520535,-0.9995731,0.05752817,0.003964196,0.239739,1.204312,0.1802365,-0.4884552,0.1562284,0.20396,1.9929,0.8714232,-0.02559256,-0.4898638,0.03020775,0.9995425,0.001516502,0.4896009,-0.0161192,0.8717976,moving,-4.883281400690735,3.039636822961602,4.482392008245025,5.843495011065728,1.0884198,0.16242093999999999,1.6700587999999998,-0.08500729101896459,0.05283484820684898,0.9949784944489388,-4.334165825610304,3.614375537833379,9.746705213259617,9.77637249402072,9.093990634680653
3715,05/05/2023 15:32:48.607047,3898,True,True,True,True,Eyes,0.08574097,0.01501161,-2.216401,0.4208312,0.04020872,0.9062474,0.0,0.0,0.0,0.0,0.0,0.0,0.0,-1.186491,-0.0260065,1.797179,0.1204106,0.01760858,-2.150228,0.003091302,0.260857,-0.01553958,0.9652473,0.8064627,30.23428,358.3732,0.02958189,0.005638918,-0.9995458,0.05407648,0.003726344,0.2253547,1.237727,0.1854483,-0.4994704,0.1605975,0.2039601,1.9929,0.8634242,-0.02838631,-0.5036792,0.03161186,0.9994979,-0.002139474,0.503487,-0.01407496,0.8638881,moving,-5.41500212114199,2.9682963708905095,4.607214689666319,5.843497856259917,1.1173164,0.16783972000000003,1.6507576,-0.09424349828708986,0.0515528949590567,0.994213484175401,-4.870649890899529,3.535316125600803,10.395605071713279,10.426486147514854,9.754876724453935
3716,05/05/2023 15:32:48.627247,3899,True,True,True,True,Eyes,0.08758246,0.01508851,-2.212702,0.4269052,0.04126656,0.9033543,0.0,0.0,0.0,0.0,0.0,0.0,0.0,-1.215405,-0.02998672,1.767797,0.1247565,0.0173358,-2.14181,0.002779296,0.2688588,-0.01719873,0.9630222,0.8366114,31.18435,358.1872,0.03048862,0.005751736,-0.9995179,0.05083189,0.003502763,0.2118334,1.272635,0.1887354,-0.5120785,0.1648995,0.20396,1.9929,0.8548384,-0.03163104,-0.5179294,0.03461999,0.999393,-0.003895011,0.5177382,-0.0146011,0.8554146,moving,-5.991913870294734,3.0260507789576048,4.730077560353176,5.843495011065728,1.1478785,0.17139959999999999,1.6297315,-0.1042441319864563,0.05250238506559109,0.9931649563887051,-5.452577808734796,3.58120199842289,11.05321567033388,11.085986299825857,10.43093668088675
3717,05/05/2023 15:32:48.647406,3900,True,True,True,True,Eyes,0.08952324,0.01512553,-2.208813,0.4332978,0.04215995,0.9002641,0.0,0.0,0.0,0.0,0.0,0.0,0.0,-1.24381,-0.03434653,1.737632,0.1290837,0.01660728,-2.13323,0.002122876,0.2769085,-0.01839893,0.9607178,0.8175589,32.14325,358.0412,0.03139481,0.005857934,-0.9994892,0.04778198,0.003292598,0.1991234,1.308306,0.1867197,-0.525513,0.1692581,0.2039601,1.9929,0.8459663,-0.03417667,-0.53214,0.03652804,0.999314,-0.006110671,0.5319838,-0.01426861,0.8466343,moving,-6.5522445238888904,3.0266972055229373,4.854512444530641,5.843497856259917,1.1792223,0.17011242,1.607717,-0.11395202878999677,0.052457329225322306,0.9921003267627937,-6.017842823607771,3.5717542150746677,11.715046789843086,11.749402982389354,11.107156623001348
3718,05/05/2023 15:32:48.656850,3901,True,True,True,True,Eyes,0.09160319,0.01512539,-2.204763,0.4395221,0.04286769,0.8972083,0.0,0.0,0.0,0.0,0.0,0.0,0.0,-1.270584,-0.03120079,1.708017,0.1332568,0.01571214,-2.124777,0.003263892,0.2846395,-0.01948556,0.9584311,0.9940826,33.06359,357.9657,0.03230447,0.005956306,-0.9994596,0.04491506,0.003095042,0.187176,1.343641,0.1860562,-0.5396339,0.1736676,0.2039601,1.9929,0.8372014,-0.03549305,-0.5457417,0.03920918,0.9992193,-0.004836284,0.5454873,-0.01734914,0.8379395,moving,-7.087722439423779,3.2192042378251875,4.980353787944725,5.843497856259917,1.2103842,0.17034406000000002,1.5851430999999998,-0.12319708585441419,0.05572837275882546,0.9908162671907793,-6.557820423550463,3.7496548373941514,12.313013842791934,12.350116632053888,11.726621112770102
3719,05/05/2023 15:32:48.676709,3902,True,True,True,True,Eyes,0.09378333,0.01510245,-2.20052,0.4460489,0.04353293,0.8939492,0.0,0.0,0.0,0.0,0.0,0.0,0.0,-1.296504,-0.0285549,1.677983,0.1376534,0.01493588,-2.116174,0.004189669,0.2922584,-0.02016352,0.9561178,1.13439,33.97335,357.9303,0.03322475,0.006046074,-0.9994289,0.04222015,0.002909339,0.1759454,1.377295,0.1786236,-0.5529218,0.177901,0.20396,1.9929,0.828357,-0.03610846,-0.5590357,0.04100632,0.9991518,-0.00377428,0.5586978,-0.01979754,0.829135,moving,-7.5886009804532595,3.378233413611238,5.101124176795359,5.843495011065728,1.2396416,0.16368771999999998,1.5632522,-0.1318336896808837,0.05841281171787988,0.9895492565095335,-7.062931569335641,3.895565199067911,12.887225081393765,12.9269733236513,12.319037411561524
3720,05/05/2023 15:32:48.696967,3903,True,True,True,True,Eyes,0.09609421,0.01504036,-2.19611,0.4525875,0.04411554,0.890628,0.0,0.0,0.0,0.0,0.0,0.0,0.0,-1.321776,-0.02998089,1.647074,0.142101,0.01436815,-2.107236,0.004092631,0.2999242,-0.02066796,0.9537305,1.157693,34.89269,357.881,0.0341593,0.006127077,-0.999397,0.03968694,0.002734779,0.1653887,1.410413,0.1726877,-0.5664448,0.1822492,0.20396,1.9929,0.8192366,-0.03696837,-0.5722628,0.04187829,0.9991122,-0.004591112,0.5719244,-0.02020418,0.8200575,moving,-8.092552390421766,3.412935436538963,5.225122272737559,5.843495011065728,1.2683119999999999,0.15831955,1.5407912,-0.1405277949140518,0.05894098712848203,0.9883206763508774,-7.571282480148675,3.9203067259515585,13.49603999865458,13.537654090686447,12.940116992503961
3721,05/05/2023 15:32:48.716755,3904,True,True,True,True,Eyes,0.09849036,0.0149556,-2.191507,0.4594123,0.04467493,0.887099,0.0,0.0,0.0,0.0,0.0,0.0,0.0,-1.346547,-0.03463398,1.615399,0.1465782,0.01343955,-2.098151,0.003155314,0.3076571,-0.0213503,0.9512527,1.096716,35.82359,357.783,0.03511475,0.006198577,-0.9993634,0.03730573,0.002570692,0.1554654,1.443337,0.1709823,-0.5806899,0.1866445,0.2039601,1.9929,0.8097826,-0.03867754,-0.5854538,0.04256056,0.9990684,-0.007134138,0.5851844,-0.01914014,0.8106744,moving,-8.58690793324897,3.3543568588359025,5.350413658380343,5.843497856259917,1.2967588,0.15754275,1.5174611000000002,-0.14905930489026312,0.05785746697934117,0.9871342278044873,-8.070057922205367,3.854351331391377,14.115119741698708,14.157851392550837,13.56708374495806
3722,05/05/2023 15:32:48.727107,3905,True,True,True,True,Eyes,0.1009757,0.01484548,-2.186708,0.4670146,0.04534091,0.8830864,0.0,0.0,0.0,0.0,0.0,0.0,0.0,-1.370147,-0.03813545,1.583461,0.150895,0.01280963,-2.08882,0.002694227,0.3153004,-0.02230131,0.9487262,1.098736,36.74518,357.6718,0.03609299,0.006260477,-0.9993283,0.03506738,0.002416451,0.1461375,1.476036,0.1716828,-0.5957584,0.1908695,0.20396,1.9929,0.8001766,-0.04061669,-0.5983877,0.04401465,0.9989908,-0.00895106,0.5981473,-0.01917539,0.8011568,moving,-9.023453919196955,3.363458055273103,5.470802171378731,5.843495011065728,1.325141,0.15887317,1.4930616,-0.15657522829707046,0.05794607755897769,0.9859647430699524,-8.51043853209428,3.855366037890268,14.660660859776094,14.704898602890381,14.121888982088416
3723,05/05/2023 15:32:48.746680,3906,True,True,True,True,Eyes,0.103537,0.01469252,-2.181722,0.4748188,0.04602455,0.8788792,0.0,0.0,0.0,0.0,0.0,0.0,0.0,-1.392728,-0.04572402,1.550936,0.1553038,0.01208219,-2.079163,0.0008492906,0.322888,-0.02255369,0.9461681,0.9266148,37.66576,357.5851,0.03709638,0.006312608,-0.9992912,0.03296334,0.002271464,0.1373692,1.508035,0.1704249,-0.6107663,0.1951005,0.2039601,1.9929,0.7904695,-0.04213072,-0.6110508,0.04322762,0.9989812,-0.01295749,0.6109742,-0.01617177,0.7914853,moving,-9.433245199174868,3.2026717747966744,5.591313112292956,5.843497856259917,1.3527312,0.15834271,1.4683967,-0.16364924289419658,0.05511487747567601,0.984977703204382,-8.924019869136885,3.691365666189714,15.210624051529706,15.254878395032632,14.674009831171617
3724,05/05/2023 15:32:48.756980,3907,True,True,True,True,Eyes,0.1061716,0.01449452,-2.176549,0.4829572,0.04659481,0.8744034,0.0,0.0,0.0,0.0,0.0,0.0,0.0,-1.413755,-0.04919702,1.519099,0.1595728,0.01089051,-2.06959,-2.104643e-05,0.3301701,-0.02292729,0.943643,0.8652043,38.55,357.519,0.03812658,0.00635402,-0.9992522,0.03098554,0.002135176,0.1291271,1.539812,0.1751802,-0.6266557,0.1999843,0.20396,1.9929,0.7809241,-0.04328425,-0.6231244,0.04325646,0.9989487,-0.01517953,0.6231263,-0.01510009,0.7819754,moving,-9.78639497896674,3.150633562648864,5.730355912185858,5.843495011065728,1.3802391999999999,0.16428969000000002,1.4429342999999997,-0.1697259970068632,0.054163805726734744,0.9840017313864641,-9.280338528414788,3.6343211572826477,15.703548952758496,15.748684421197051,15.172389287957184
3725,05/05/2023 15:32:48.777146,3908,True,True,True,True,Eyes,0.1088707,0.01426791,-2.171196,0.4912597,0.04705298,0.8697413,0.0,0.0,0.0,0.0,0.0,0.0,0.0,-1.434234,-0.04803244,1.486828,0.1638408,0.009620192,-2.059868,0.0003196404,0.3374553,-0.02332907,0.9410524,0.936635,39.43454,357.4955,0.03918563,0.006383769,-0.9992111,0.02912641,0.002007065,0.1213794,1.569775,0.1756997,-0.6415988,0.2043111,0.2039601,1.9929,0.7711593,-0.04369202,-0.6351412,0.04412348,0.9989113,-0.01514344,0.6351114,-0.01634663,0.7722476,moving,-10.13080217999849,3.232240591378994,5.85348430957031,5.843497856259917,1.4059342,0.166079508,1.4182691999999997,-0.1756247906758256,0.05550696731825158,0.9828910998558608,-9.627687296974548,3.7076246883807378,16.149125233539127,16.196174828767596,15.627815858287969
3726,05/05/2023 15:32:48.786777,3909,True,True,True,True,Eyes,0.1116591,0.01400778,-2.165684,0.4996782,0.04740683,0.8649129,0.0,0.0,0.0,0.0,0.0,0.0,0.0,-1.453692,-0.04581558,1.454607,0.1679723,0.008728074,-2.0501,0.001142551,0.34464,-0.02393115,0.9384293,1.068036,40.30814,357.4704,0.04027536,0.006401735,-0.9991676,0.02737882,0.001886641,0.1140967,1.599048,0.1716878,-0.6561304,0.2081209,0.2039601,1.9929,0.7613012,-0.04412785,-0.6468952,0.04570293,0.998852,-0.01435086,0.6467858,-0.01863967,0.762444,moving,-10.456991252863759,3.3680305505987684,5.961855499331412,5.843497856259917,1.4310757,0.162959726,1.3939696000000001,-0.1811942148131386,0.05777691657525116,0.9817487051693041,-9.956596541926125,3.834038291977177,16.554980312453555,16.604411072165952,16.044782427016692
3727,05/05/2023 15:32:48.807002,3910,True,True,True,True,Eyes,0.1144879,0.01369729,-2.16,0.508208,0.0476937,0.8599127,0.0,0.0,0.0,0.0,0.0,0.0,0.0,-1.472369,-0.04656494,1.421812,0.1721345,0.007735005,-2.040073,0.0009639678,0.3518333,-0.02412418,0.9357513,1.076046,41.18759,357.4507,0.04139693,0.006407532,-0.9991217,0.02573609,0.001773443,0.1072509,1.627988,0.1659334,-0.6709651,0.2124187,0.2039601,1.9929,0.7512628,-0.04447016,-0.6585034,0.04582679,0.9988342,-0.01517131,0.6584103,-0.01877945,0.7524249,moving,-10.771459939666205,3.3776054570796563,6.084056625158076,5.843497856259917,1.4558535,0.15819839500000002,1.3691079,-0.18657865493569528,0.05788162899482893,0.9807334166083418,-10.273824129280426,3.837710014448674,16.98421700616894,17.03493657139353,16.48039585819428
3728,05/05/2023 15:32:48.827026,3911,True,True,True,True,Eyes,0.1173588,0.0133624,-2.154152,0.5166691,0.04776077,0.854852,0.0,0.0,0.0,0.0,0.0,0.0,0.0,-1.489002,-0.04363682,1.390517,0.1758399,0.006228389,-2.030175,0.001541008,0.3585892,-0.02413454,0.9331821,1.156585,42.01461,357.4812,0.04254983,0.006400052,-0.9990734,0.02419193,0.001667036,0.1008158,1.656558,0.1643872,-0.6864736,0.2168764,0.2039601,1.9929,0.7416625,-0.04393866,-0.6693326,0.04614902,0.9988303,-0.01443269,0.6691839,-0.02018486,0.7428227,moving,-11.035692990873775,3.458317962109606,6.210745567065279,5.843497856259917,1.4807181,0.158158811,1.3437013999999998,-0.19108462453974184,0.05921086476767254,0.9797860642547296,-10.54029362369193,3.911584068876739,17.35792532010474,17.410592352364862,16.862075935428745
3729,05/05/2023 15:32:48.836983,3912,True,True,True,True,Eyes,0.1900158,0.004409389,-2.003725,0.7132608,0.04659723,0.699348,0.0,0.0,0.0,0.0,0.0,0.0,0.0,-1.503312,-0.03581095,1.360912,0.1794881,0.005379173,-2.020165,0.004075681,0.3647361,-0.02502082,0.9307657,1.480631,42.76481,357.5001,0.04373459,0.006379473,-0.9990224,0.0,0.0,0.0,1.682804,0.1600114,-0.700695,0.2210379,0.2039601,1.9929,0.7326831,-0.04360395,-0.6791717,0.04955015,0.9987147,-0.01066498,0.6787637,-0.025839,0.7339019,moving,2.6199961472972753,4.272403546119202,6.328961454648102,5.843497856259917,1.5033159,0.154632227,1.31947,0.04558486004404322,0.07442097770568283,0.9961844379312536,3.2365830236126483,4.950223789574788,4.002698376093006,4.027997142810375,3.218810792660153
3730,05/05/2023 15:32:48.856810,3913,True,True,True,True,Eyes,0.190189,0.004425191,-2.003374,0.713448,0.04635813,0.699173,0.0,0.0,0.0,0.0,0.0,0.0,0.0,-1.515868,-0.03462824,1.33216,0.1831656,0.004476068,-2.010009,0.004521104,0.3705257,-0.02537061,0.9284647,1.558425,43.47713,357.4909,0.04882528,0.005959559,-0.9987891,0.2179708,-0.02685905,0.4512792,1.707522,0.1477499,-0.7128996,0.2254989,0.2039601,1.9929,0.7241341,-0.04376105,-0.6882693,0.0504618,0.9986718,-0.01040555,0.6878105,-0.02719629,0.7253806,moving,1.918524546143205,4.304956075390834,6.4556251654565,5.843497856259917,1.5243564,0.143273832,1.2971094,0.03338396454932846,0.07502314201278783,0.9966228212937905,2.528969853402955,4.96931899791855,4.763051921866808,4.7908655628448695,4.022786424364253
3731,05/05/2023 15:32:48.876633,3914,True,True,True,True,Eyes,0.1905234,0.004408855,-2.002619,0.7140083,0.04639534,0.6985984,0.0,0.0,0.0,0.0,0.0,0.0,0.0,-1.527505,-0.02673158,1.304632,0.1865883,0.005042038,-2.000303,0.008002696,0.3760383,-0.02714942,0.9261718,2.019646,44.15088,357.461,0.05339985,0.005583941,-0.9985572,0.2048925,-0.02524751,0.4242024,1.730559,0.143912,-0.7246445,0.2297422,0.2039601,1.9929,0.7157164,-0.0442714,-0.6969864,0.05630868,0.9983978,-0.005594694,0.6961174,-0.03524217,0.7170624,moving,1.2683640770823945,4.7401871840597005,6.576048838818456,5.843497856259917,1.5439707,0.138869962,1.2756585,0.022059649202012144,0.08261742356444973,0.9963372108507349,1.8735726323063522,5.381607256860943,5.39162551488876,5.421144894702232,4.725105861102543
3732,05/05/2023 15:32:48.896612,3915,True,True,True,True,Eyes,0.1907742,0.004413627,-2.00132,0.7170867,0.04654424,0.6954281,0.0,0.0,0.0,0.0,0.0,0.0,0.0,-1.540494,-0.03744523,1.273184,0.190715,0.004194211,-1.989757,0.004555081,0.3824046,-0.0263249,0.9236088,1.635887,44.94538,357.4115,0.05753602,0.005245056,-0.9983293,0.192599,-0.02373266,0.3987503,1.753015,0.128071,-0.7356731,0.2342407,0.20396,1.9929,0.7061476,-0.04514404,-0.7066242,0.05211158,0.9985725,-0.0117193,0.7061446,-0.02854775,0.707492,moving,0.739050451254277,4.341595958069049,6.703651299682544,5.843495011065728,1.5623,0.12387678899999999,1.2540839,0.012861498726192522,0.07569638619262063,0.9970479340691557,1.3391487999774294,4.983799074622738,6.118437493300832,6.150785644652521,5.43295169981098
3733,05/05/2023 15:32:48.907028,3916,True,True,True,True,Eyes,0.1911844,0.004529539,-1.999666,0.7203845,0.04658533,0.6920086,0.0,0.0,0.0,0.0,0.0,0.0,0.0,-1.552095,-0.037227,1.244673,0.1937056,0.004103054,-1.980418,0.004947161,0.3883153,-0.02661613,0.9211289,1.706798,45.67852,357.4087,0.06127631,0.004940353,-0.9981083,0.1810431,-0.0223087,0.3748253,1.777165,0.1401951,-0.7508463,0.2386845,0.20396,1.9929,0.6970057,-0.04519165,-0.7156401,0.05287589,0.9985342,-0.01155695,0.7151134,-0.02978484,0.6983736,moving,0.2745476109512615,4.3938139425663545,6.829636613346135,5.843495011065728,1.5834594000000002,0.136092046,1.2295717000000002,0.004777658779553051,0.07661050150545556,0.9970496117651753,0.8706136007917866,5.02631329332209,6.679172811686007,6.713476523358348,6.014793531283242
3734,05/05/2023 15:32:48.926988,3917,True,True,True,True,Eyes,0.1917828,0.004727445,-1.997673,0.7239953,0.04737556,0.6881761,0.0,0.0,0.0,0.0,0.0,0.0,0.0,-1.562878,-0.04287694,1.215084,0.1978118,0.006893518,-1.970198,0.005298419,0.3941163,-0.02835912,0.9186078,1.838818,46.39809,357.2516,0.0646697,0.004672028,-0.9978954,0.1701805,-0.02097018,0.3523358,1.798945,0.1374287,-0.7648188,0.2429041,0.2039601,1.9929,0.6877362,-0.04792542,-0.7243772,0.0562782,0.9983354,-0.01261925,0.7237761,-0.03208792,0.6892884,moving,-0.16389912551722757,4.551659063285041,6.949204307216308,5.843497856259917,1.6011332,0.130535182,1.2053791999999999,-0.002851553812199925,0.07935758173237464,0.9968421267086671,0.4284827933042059,5.172193036071669,7.1932192692690995,7.229459724751249,6.555185674228008
3735,05/05/2023 15:32:48.946873,3918,True,True,True,True,Eyes,0.1925115,0.004978886,-1.995381,0.727874,0.04816778,0.6840169,0.0,0.0,0.0,0.0,0.0,0.0,0.0,-1.574944,-0.07783049,1.180932,0.2024213,0.008833097,-1.959605,-0.004933731,0.4009332,-0.02682985,0.9157012,0.7149729,47.27273,356.9564,0.06776225,0.004440565,-0.9976913,0.1599696,-0.01971197,0.3311956,1.821772,0.1347147,-0.7782182,0.2472873,0.2039601,1.9929,0.6770656,-0.05309244,-0.7340051,0.04518005,0.9985116,-0.0305496,0.7345346,-0.01247831,0.6784565,moving,-0.6779496123410975,3.444934387030562,7.073343424435989,5.843497856259917,1.6193507,0.12588160299999998,1.1813868,-0.011810798056545002,0.06008503104322742,0.9981232932286176,-0.09133991497583138,4.084829601589389,8.07635737595248,8.113917084732288,7.377370899177511
3736,05/05/2023 15:32:48.957266,3919,True,True,True,True,Eyes,0.1934118,0.005352974,-1.992791,0.7321045,0.04907966,0.679422,0.0,0.0,0.0,0.0,0.0,0.0,0.0,-1.587711,-0.09097604,1.147286,0.2061256,0.01033037,-1.95007,-0.00692755,0.4079757,-0.02906196,0.9125039,0.6342953,48.1597,356.6351,0.07059183,0.004245029,-0.9974959,0.1503715,-0.01852925,0.3113239,1.845801,0.1742665,-0.7983737,0.2515429,0.2039601,1.9929,0.6654226,-0.05869085,-0.7441561,0.04738577,0.9982148,-0.03635598,0.7449614,-0.01107031,0.6670157,moving,-1.2236391622302696,3.382169810669763,7.193804891693636,5.843497856259917,1.6396754,0.16393612999999999,1.1516963,-0.021317731215580338,0.05898231820646998,0.9980314155900989,-0.6419061942034989,4.013873169287246,8.730824619812024,8.769920190568872,8.046483375787904
3737,05/05/2023 15:32:48.976938,3920,True,True,True,True,Eyes,0.1944708,0.005748664,-1.989919,0.7365429,0.05048041,0.6745045,0.0,0.0,0.0,0.0,0.0,0.0,0.0,-1.602531,-0.1086736,1.107969,0.2106426,0.01363605,-1.939833,-0.00924373,0.4162495,-0.03208828,0.908637,0.5681006,49.20655,356.2151,0.07319517,0.004088004,-0.9973089,0.1413492,-0.01741749,0.2926444,1.870681,0.1768475,-0.8185915,0.2558635,0.2039601,1.9929,0.6514134,-0.06600858,-0.7558461,0.05061779,0.9977698,-0.04351185,0.7570325,-0.009915063,0.6533018,moving,-1.914995248159349,3.3441639652695176,7.316040909947801,5.843497856259917,1.6600384,0.16321144999999998,1.1212415,-0.03335991005871769,0.05830107104020408,0.9977415183156746,-1.3393941148920196,3.9644157084253,9.522538722688001,9.56340412462711,8.857059624250853
3738,05/05/2023 15:32:48.997206,3921,True,True,True,True,Eyes,0.1956579,0.006173593,-1.986787,0.7412571,0.05185218,0.6692154,0.0,0.0,0.0,0.0,0.0,0.0,0.0,-1.617843,-0.1388782,1.064595,0.2150728,0.01516917,-1.929658,-0.01842116,0.4252688,-0.03094454,0.9043503,359.599,50.38469,355.8919,0.07560413,0.003966823,-0.9971297,0.1328682,-0.01637244,0.2750857,1.899155,0.1802061,-0.8434141,0.2602003,0.2039601,1.9929,0.6363778,-0.0716373,-0.7680438,0.04030152,0.9974061,-0.05963786,0.770324,0.006998867,0.6376143,moving,-2.6377895554287387,2.391362490953598,7.438667946153053,5.843497856259917,1.6840822,0.16503693,1.0862439,-0.04598185695399237,0.041680898668033046,0.9980723220216112,-2.069626027024971,3.023242659137263,10.61066113576367,10.651395887938001,9.917736317188053
3739,05/05/2023 15:32:49.006845,3922,True,True,True,True,Eyes,0.1969805,0.006614537,-1.983403,0.7462222,0.05319714,0.663568,0.0,0.0,0.0,0.0,0.0,0.0,0.0,-1.632346,-0.1426081,1.02466,0.218962,0.01558106,-1.92006,-0.01935803,0.4337742,-0.03098134,0.9002809,359.5429,51.46809,355.8378,0.07784595,0.003879466,-0.9969575,0.1248961,-0.0153901,0.2585806,1.927011,0.2135756,-0.8745316,0.2648433,0.2039601,1.992899,0.6217602,-0.07257783,-0.7798377,0.03898978,0.9973309,-0.06173313,0.7822366,0.007977512,0.6229305,moving,-3.2913619311442677,2.3643508048046153,7.569880877687225,5.843500768128935,1.708049,0.19799454,1.0455284000000002,-0.05736479780009046,0.04118606195564327,0.9975033766233379,-2.72898509384948,2.9851747196520813,11.362868217776434,11.404870881324936,10.688155505000756
3740,05/05/2023 15:32:49.026973,3923,True,True,True,True,Eyes,0.1984685,0.007010961,-1.979841,0.7512017,0.05444844,0.6578231,0.0,0.0,0.0,0.0,0.0,0.0,0.0,-1.646393,-0.1429894,0.9844596,0.2235045,0.01652614,-1.910494,-0.01952362,0.4421653,-0.03038517,0.8962063,359.5345,52.53783,355.8866,0.07994568,0.003823457,-0.9967916,0.1174024,-0.01446669,0.2430658,1.953499,0.2153234,-0.9015073,0.2696638,0.20396,1.992899,0.6071332,-0.07172807,-0.7913561,0.03719741,0.9973912,-0.0618649,0.7937289,0.008123838,0.6082174,moving,-3.925382606763715,2.387090555428942,7.706021728365463,5.843497922933348,1.7299945,0.19879726,1.0089867,-0.06839813682182388,0.0415529938422319,0.9967923059378941,-3.3685643039013113,2.9959238874942753,12.090706005972246,12.134097358163917,11.434821103689602
3741,05/05/2023 15:32:49.036832,3924,True,True,True,True,Eyes,0.2000758,0.007346244,-1.976089,0.7564258,0.0554562,0.6517243,0.0,0.0,0.0,0.0,0.0,0.0,0.0,-1.660198,-0.1397937,0.9441535,0.2278189,0.01590085,-1.901334,-0.02081771,0.4505537,-0.02716472,0.8920932,359.2744,53.61674,356.145,0.08192688,0.003793529,-0.9966309,0.1103582,-0.01359869,0.2284818,1.978923,0.2165314,-0.9273783,0.2734321,0.2039601,1.9929,0.5925269,-0.0672259,-0.8027407,0.02970792,0.9976574,-0.061621,0.8050027,0.01266435,0.593136,moving,-4.516533121492339,2.163734153768245,7.812381558809015,5.843497856259917,1.7511041,0.20063055000000002,0.9739557000000001,-0.0786909606051438,0.03763823149596457,0.9961882555438336,-3.9651725626237937,2.767708963500707,12.822398630168856,12.86634361815063,12.172561702291752
3742,05/05/2023 15:32:49.057381,3925,True,True,True,True,Eyes,0.2017978,0.00768972,-1.972195,0.7615618,0.05552614,0.6457094,0.0,0.0,0.0,0.0,0.0,0.0,0.0,-1.673583,-0.1293001,0.9053813,0.2321511,0.01482314,-1.892934,-0.01802276,0.458779,-0.02687561,0.887961,359.579,54.66124,356.3152,0.08380866,0.003784101,-0.9964744,0.1037367,-0.01278277,0.2147729,2.002708,0.2259538,-0.9547563,0.2776918,0.2039601,1.9929,0.577599,-0.06426591,-0.813787,0.03119205,0.9979057,-0.05666694,0.8157245,0.007347084,0.578394,moving,-5.119992266179137,2.4498197476222074,7.932550171462289,5.843497856259917,1.7705569,0.21113066,0.9381776999999999,-0.08916093319825147,0.042574156094437876,0.9951069921947903,-4.57362488479843,3.035546710565927,13.440523720616506,13.486508636095452,12.817527225422305
3743,05/05/2023 15:32:49.076828,3926,True,True,True,True,Eyes,0.2479792,0.01706408,-1.870565,0.8790587,0.05485029,0.4735476,0.0,0.0,0.0,0.0,0.0,0.0,0.0,-1.686445,-0.1114337,0.8677979,0.2362373,0.01561526,-1.885083,-0.01077201,0.4668951,-0.0286208,0.8837838,0.4403543,55.68083,356.5229,0.08560815,0.003793626,-0.9963214,0.09751252,-0.0120158,0.2018865,2.027086,0.2148714,-0.9813453,0.2820578,0.20396,1.9929,0.5623795,-0.06064799,-0.8246521,0.04053039,0.9981296,-0.04576608,0.8258853,-0.007685563,0.5637857,moving,5.783181819109137,3.959635489597906,8.05564471482739,5.843495011065728,1.7908487000000002,0.19925614,0.9037377000000001,0.10052617078160397,0.06870388451398521,0.9925594929601,6.427276545051871,4.702429736094931,2.9217718597827167,2.951781548326562,1.9883693967877927
3744,05/05/2023 15:32:49.096951,3927,True,True,True,True,Eyes,0.2481581,0.01707477,-1.870238,0.8791329,0.05473957,0.4734228,0.0,0.0,0.0,0.0,0.0,0.0,0.0,-1.697421,-0.111031,0.8289012,0.2409782,0.01676015,-1.876777,-0.01022986,0.4748095,-0.02849718,0.8795676,0.5194371,56.70669,356.5689,0.09069043,0.004354581,-0.9958694,0.2302059,0.01682822,0.4946643,2.051258,0.1865312,-1.006709,0.2860122,0.2039601,1.9929,0.5474878,-0.05984486,-0.8346711,0.04041593,0.9981666,-0.04505716,0.8358371,-0.009065761,0.5489026,moving,4.765816700924383,3.9609614882559834,8.167070114676825,5.843497856259917,1.8102797999999998,0.16977105,0.8700679999999998,0.08288622691305642,0.06883908252306106,0.9941786952311618,5.400952518365325,4.68542423174064,3.854870461252639,3.887475782743873,2.9987565883931504
3745,05/05/2023 15:32:49.106823,3928,True,True,True,True,Eyes,0.2485313,0.0170962,-1.869622,0.8794954,0.05445964,0.4727812,0.0,0.0,0.0,0.0,0.0,0.0,0.0,-1.706585,-0.1103659,0.7927804,0.245541,0.01704026,-1.868832,-0.009863314,0.4820269,-0.02841383,0.8756401,0.5797879,57.64706,356.602,0.09491093,0.004833857,-0.9954737,0.2163936,0.01581853,0.4649844,2.074041,0.1848903,-1.034584,0.2905642,0.2039601,1.9929,0.5336856,-0.05926934,-0.8436036,0.04025182,0.9981908,-0.04466588,0.8447246,-0.01011903,0.5351056,moving,3.8684219603230146,3.945135715788774,8.295257419503502,5.843497856259917,1.8284999999999998,0.16785004,0.8342480000000001,0.06730627666887545,0.06864519835676094,0.9953681610073049,4.495636212483821,4.653867949287077,4.781672608707831,4.816705409201594,3.981499796860211
3746,05/05/2023 15:32:49.127023,3929,True,True,True,True,Eyes,0.2491131,0.01712439,-1.868756,0.8798109,0.05403271,0.4722428,0.0,0.0,0.0,0.0,0.0,0.0,0.0,-1.714481,-0.1077757,0.7588894,0.250484,0.01735972,-1.861164,-0.008108418,0.4886241,-0.02931095,0.8719643,0.831022,58.50552,356.6149,0.09860329,0.005257276,-0.9951127,0.2034099,0.01486942,0.4370854,2.09455,0.1829906,-1.060251,0.2948319,0.20396,1.9929,0.5207747,-0.05904013,-0.8516502,0.04319226,0.9981503,-0.04278457,0.8526008,-0.01450356,0.5223615,moving,3.034885168780114,4.119063093993213,8.415362765339278,5.843495011065728,1.844066,0.16563088,0.800913,0.05280759792708867,0.07172908016179971,0.9960252568689747,3.6549536989885523,4.808308596058569,5.613665752185276,5.650062353965084,4.871663513914889
3747,05/05/2023 15:32:49.147052,3930,True,True,True,True,Eyes,0.2498846,0.01713908,-1.867643,0.8803719,0.05355238,0.4712511,0.0,0.0,0.0,0.0,0.0,0.0,0.0,-1.721282,-0.1099632,0.7256759,0.2556387,0.01760895,-1.853604,-0.008328399,0.4949209,-0.02970187,0.8683904,0.8557757,59.33452,356.5696,0.1019616,0.005640157,-0.9947721,0.1912053,0.01397725,0.4108603,2.114282,0.1743707,-1.08373,0.2992477,0.2039601,1.9929,0.5083422,-0.05982943,-0.8590743,0.04334184,0.9980969,-0.04386476,0.8600638,-0.01493555,0.5099679,moving,2.2687196501844613,4.07093453013959,8.539557691137356,5.843497856259917,1.8586433000000002,0.15676174999999998,0.769874,0.039486560789513236,0.07093608409214877,0.9966990631354943,2.881986079630189,4.74764462518498,6.477607309912269,6.516547435641721,5.762725990656607
3748,05/05/2023 15:32:49.157202,3931,True,True,True,True,Eyes,0.2508585,0.01718583,-1.866351,0.8808613,0.05277629,0.4704232,0.0,0.0,0.0,0.0,0.0,0.0,0.0,-1.727407,-0.1094397,0.6941937,0.2608843,0.01731599,-1.846471,-0.007784576,0.5008004,-0.03013103,0.8650032,0.9575662,60.10935,356.5641,0.1050311,0.005985961,-0.9944507,0.179733,0.01313861,0.3862087,2.132808,0.1732544,-1.10701,0.3035523,0.2039601,1.9929,0.4965822,-0.05992392,-0.8659188,0.04432984,0.998063,-0.04364664,0.866857,-0.0167119,0.4982767,moving,1.5458934851804145,4.083827726802248,8.660547344452517,5.843497856259917,1.8719236999999997,0.15593841,0.7394609999999999,0.026909208484078517,0.07119011420478293,0.99709970206613,2.152808155123009,4.747204591321553,7.287880710157636,7.329033940551851,6.599433936261829
3749,05/05/2023 15:32:49.177209,3932,True,True,True,True,Eyes,0.2520334,0.01725861,-1.864846,0.8815737,0.05196238,0.4691778,0.0,0.0,0.0,0.0,0.0,0.0,0.0,-1.733569,-0.102613,0.6647398,0.2663439,0.01831472,-1.840216,-0.003546786,0.5062979,-0.03188165,0.8617619,1.499616,60.82579,356.6428,0.107853,0.006300211,-0.9941467,0.168949,0.0123503,0.3630361,2.150363,0.1691276,-1.128941,0.3078615,0.2039601,1.992899,0.4852921,-0.05854024,-0.8723902,0.05135733,0.997942,-0.03839619,0.8728426,-0.02617026,0.4872998,moving,0.8893453439956852,4.5383027223349,8.78159272220958,5.843500768128935,1.8840191,0.15081287999999998,0.7112750000000001,0.01547272868377697,0.07911605725345625,0.9967453685026789,1.4909886465347177,5.178124443227906,7.956950999910852,7.999444394310688,7.320903867828461
3750,05/05/2023 15:32:49.196886,3933,True,True,True,True,Eyes,0.2533942,0.01730487,-1.86319,0.8826991,0.05132411,0.4671274,0.0,0.0,0.0,0.0,0.0,0.0,0.0,-1.739102,-0.09979545,0.6338472,0.2722816,0.01903,-1.833493,-0.002453649,0.5118764,-0.03146166,0.8584794,1.604271,61.56641,356.7581,0.1104639,0.006587497,-0.993858,0.1588121,0.01160928,0.341254,2.167885,0.1514156,-1.149394,0.312345,0.2039601,1.9929,0.4739855,-0.05653031,-0.8787162,0.05150644,0.9980083,-0.03642178,0.879025,-0.02799615,0.4759531,moving,0.2881322419154859,4.569825762329838,8.907441513733026,5.843497856259917,1.8956034000000002,0.13238560000000002,0.684099,0.005012848404498393,0.07967296369998106,0.9968083885306127,0.8845158399748785,5.198019913275272,8.667982621481286,8.712906112549133,8.048849491792435
3751,05/05/2023 15:32:49.217341,3934,True,True,True,True,Eyes,0.2549236,0.0173469,-1.861374,0.883999,0.05030628,0.4647742,0.0,0.0,0.0,0.0,0.0,0.0,0.0,-1.744583,-0.09259316,0.6050265,0.2778633,0.0184969,-1.827745,-0.0004170302,0.517108,-0.0308363,0.8553645,1.786656,62.26229,356.9499,0.1128958,0.006849185,-0.993583,0.1492834,0.01091272,0.3207787,2.184685,0.1488898,-1.170644,0.3166541,0.2039601,1.9929,0.4632969,-0.05318385,-0.8846058,0.05232126,0.998098,-0.03260482,0.8846573,-0.03117797,0.4651983,moving,-0.24508561781718557,4.6638330193846205,9.028317592343063,5.843497856259917,1.9068217,0.13039289999999998,0.6571009999999999,-0.0042633749055959735,0.08130864352816758,0.9966798577858901,0.34670741754896894,5.2800074097452505,9.300955415889733,9.348134371390392,8.699877971006355
3752,05/05/2023 15:32:49.226847,3935,True,True,True,True,Eyes,0.2549236,0.0173469,-1.861374,0.883999,0.05030628,0.4647742,0.0,0.0,0.0,0.0,0.0,0.0,0.0,-1.749176,-0.08306082,0.5777535,0.2833931,0.01853304,-1.821993,0.004510032,0.5219806,-0.03238361,0.8523304,2.37819,62.90778,357.1031,0.115177,0.007087696,-0.9933195,0.1403264,0.01025796,0.301532,2.200286,0.1428625,-1.191259,0.3209993,0.2039601,1.9929,0.4529751,-0.05049478,-0.8900921,0.05991138,0.9978619,-0.02611916,0.8895078,-0.04149532,0.4550318,moving,-0.9092308592683344,5.222989941764228,9.150124318023643,5.843497856259917,1.9168929000000001,0.12432946,0.6307339999999999,-0.01580253630925793,0.09102080518161688,0.9957236080682043,-0.32265836568720285,5.812766757772863,10.027900678014976,10.078474917112345,9.47283253167849
3753,05/05/2023 15:32:49.236838,3936,True,True,True,True,Eyes,0.2549236,0.0173469,-1.861374,0.883999,0.05030628,0.4647742,0.0,0.0,0.0,0.0,0.0,0.0,0.0,-1.753506,-0.08168809,0.5494403,0.2896102,0.01879369,-1.816346,0.005525926,0.526901,-0.03254268,0.8492855,2.50346,63.56934,357.1627,0.1172299,0.007302366,-0.9930777,0.1319068,0.009642482,0.2834401,2.215683,0.1229332,-1.210068,0.3253374,0.20396,1.9929,0.4426326,-0.04945282,-0.8953384,0.06109928,0.9978209,-0.02490736,0.894619,-0.04367972,0.4446896,moving,-1.5729169076982832,5.317037672625153,9.271648855409888,5.843495011065728,1.9260727999999998,0.10413951,0.6062780000000001,-0.027331110857831742,0.092632059035874,0.9953252346907162,-0.9920840242936826,5.89244722213302,10.803192858195432,10.85733687050263,10.263849616244215
3754,05/05/2023 15:32:49.256837,3937,True,True,True,True,Eyes,0.2571053,0.01737214,-1.858968,0.8864032,0.04945519,0.4602647,0.0,0.0,0.0,0.0,0.0,0.0,0.0,-1.757008,-0.07940432,0.5232725,0.2953087,0.01838402,-1.810981,0.006788989,0.5314175,-0.03288844,0.8464442,2.662231,64.1785,357.2193,0.1190766,0.007495489,-0.9928566,0.1239924,0.009063933,0.2664337,2.231015,0.118942,-1.23064,0.3299717,0.2039601,1.9929,0.4330275,-0.04846088,-0.9000771,0.06289203,0.9977446,-0.02346198,0.899184,-0.04644798,0.4350987,moving,-1.8899678465002736,5.413534369875466,9.40137800328054,5.843497856259917,1.9357063,0.10055798,0.580341,-0.03283323839372565,0.09429261781497292,0.9950029766470282,-1.3118188449601913,5.980747556729327,11.243098162874821,11.299529180412176,10.714075983930396
3755,05/05/2023 15:32:49.277087,3938,True,True,True,True,Eyes,0.2594583,0.01739776,-1.856459,0.8888677,0.04863147,0.4555754,0.0,0.0,0.0,0.0,0.0,0.0,0.0,-1.760089,-0.07841501,0.4980096,0.301397,0.01817483,-1.805798,0.008476473,0.5356413,-0.0341276,0.8437132,2.915535,64.74895,357.2161,0.12087,0.007671684,-0.9926385,0.1165528,0.008520097,0.2504477,2.244756,0.1131313,-1.249295,0.3340119,0.2039601,1.9929,0.4238475,-0.04850712,-0.9044337,0.06666851,0.9975269,-0.02225688,0.9032766,-0.05086373,0.4260332,moving,-2.168197272580113,5.6067580147969185,9.514397095777607,5.843497856259917,1.943359,0.09495647,0.556503,-0.03765240438519668,0.09763099410694509,0.9945100494698453,-1.5922814443733546,6.163972861958192,11.626081098641135,11.684992808218558,11.111301112989747
3756,05/05/2023 15:32:49.296766,3939,True,True,True,True,Eyes,0.2618898,0.01744349,-1.853649,0.8922887,0.04884636,0.4488151,0.0,0.0,0.0,0.0,0.0,0.0,0.0,-1.762735,-0.0822911,0.4729321,0.3078178,0.01820919,-1.800719,0.007963141,0.539743,-0.03477477,0.8410736,2.919571,65.30611,357.136,0.1226255,0.007832699,-0.9924219,0.1095597,0.008008892,0.2354208,2.258505,0.1038562,-1.267228,0.3382586,0.20396,1.9929,0.4149364,-0.04990019,-0.9084811,0.06709239,0.9974546,-0.02414371,0.9073734,-0.05093406,0.4172281,moving,-2.2996981170262765,5.614212994147331,9.633112227572214,5.843495011065728,1.9506872,0.08564701,0.5334909999999999,-0.039934356889830436,0.09775174226946723,0.994409336764307,-1.7249320922096183,6.168870114507551,11.874861977194502,11.935012901687157,11.362703891594998
3757,05/05/2023 15:32:49.307018,3940,True,True,True,True,Eyes,0.264497,0.01747485,-1.850762,0.8956996,0.04912288,0.441938,0.0,0.0,0.0,0.0,0.0,0.0,0.0,-1.765201,-0.08740516,0.4476672,0.314309,0.01796443,-1.795792,0.006953481,0.543871,-0.03549788,0.838389,2.881587,65.8687,357.0179,0.1243533,0.007981268,-0.9922056,0.1029861,0.007528358,0.2212956,2.271978,0.1030461,-1.285426,0.3426343,0.2039601,1.9929,0.4058886,-0.05195846,-0.9124445,0.06708565,0.9973831,-0.02695308,0.9114571,-0.05027197,0.4083121,moving,-2.4325230964402063,5.581303182810471,9.755346222067208,5.843497856259917,1.9576689999999999,0.08508167,0.5103660000000001,-0.042241931451604986,0.09717132073235912,0.9943708464541894,-1.8589639359384005,6.134422102941648,12.12943793994737,12.190689257453808,11.617953234699286
3758,05/05/2023 15:32:49.327179,3941,True,True,True,True,Eyes,0.2673269,0.01746903,-1.847895,0.8990598,0.04952589,0.4350157,0.0,0.0,0.0,0.0,0.0,0.0,0.0,-1.767577,-0.09249428,0.4219906,0.3210391,0.01762144,-1.790972,0.00545185,0.5480311,-0.03573382,0.8356766,2.767227,66.43867,356.9154,0.1260664,0.008117897,-0.9919883,0.09680691,0.007076656,0.2080178,2.285277,0.1031744,-1.304179,0.3469968,0.2039601,1.9929,0.3967701,-0.05374826,-0.916343,0.0656994,0.9973868,-0.03005452,0.9155638,-0.04827845,0.3992645,moving,-2.5659716181438332,5.479225434489662,9.877122282217067,5.843497856259917,1.9642378999999996,0.08555296,0.48679300000000003,-0.04456553355055548,0.09538996307568273,0.9944418862691757,-1.9937026076130568,6.032582779027338,12.386378929253574,12.448424808402908,11.872330717808882
3759,05/05/2023 15:32:49.347259,3942,True,True,True,True,Eyes,0.2703321,0.01743844,-1.844956,0.902409,0.0499716,0.4279731,0.0,0.0,0.0,0.0,0.0,0.0,0.0,-1.769984,-0.09540825,0.3948888,0.3281489,0.01688346,-1.786034,0.003796239,0.5524018,-0.03511553,0.8328293,2.586007,67.04097,356.8843,0.1277784,0.008241785,-0.9917683,0.0909985,0.006652057,0.1955367,2.298444,0.1059537,-1.323301,0.3512799,0.2039601,1.9929,0.3872382,-0.05429639,-0.9203796,0.06268459,0.9975049,-0.03247253,0.9198463,-0.045119,0.3896756,moving,-2.714934825810673,5.314337501978507,9.996594334494294,5.843497856259917,1.9702951,0.08907024,0.46273299999999984,-0.04716367496511403,0.09251668814451644,0.9945935796041143,-2.144163253394762,5.869277745629138,12.659945291723533,12.72253843672035,12.140784958584085
3760,05/05/2023 15:32:49.357063,3943,True,True,True,True,Eyes,0.2735272,0.0173825,-1.841998,0.9056865,0.05046135,0.4209344,0.0,0.0,0.0,0.0,0.0,0.0,0.0,-1.772376,-0.0951677,0.3679765,0.3352931,0.01624885,-1.781319,0.003282114,0.5567298,-0.03442418,0.8299737,2.5091,67.63862,356.931,0.129499,0.008352866,-0.9915441,0.08553859,0.006252934,0.1838045,2.311881,0.1110976,-1.343556,0.3558139,0.2039601,1.9929,0.3777339,-0.05348781,-0.924368,0.06079682,0.9976084,-0.03288179,0.9239161,-0.04377806,0.3800823,moving,-2.860156065347339,5.260015190956069,10.122969308041453,5.843497856259917,1.9765879000000002,0.09484875000000001,0.4377630000000001,-0.049688808024150655,0.09156244651771958,0.994558944444351,-2.2907246196196063,5.813747754654754,12.932639136529213,12.99623008729231,12.41372957648887
3761,05/05/2023 15:32:49.376743,3944,True,True,True,True,Eyes,0.2769001,0.01730534,-1.838983,0.9089403,0.05093964,0.4138027,0.0,0.0,0.0,0.0,0.0,0.0,0.0,-1.774689,-0.09310721,0.3420091,0.342644,0.01566571,-1.776938,0.00364925,0.5608129,-0.03390834,0.8272398,2.525849,68.20345,357.0159,0.1312386,0.008451094,-0.9913145,0.08040627,0.005877758,0.1727763,2.324971,0.1132173,-1.363382,0.3600551,0.2039601,1.9929,0.3686782,-0.05200758,-0.928101,0.06019377,0.9976738,-0.03199487,0.9276061,-0.04407009,0.3709511,moving,-2.9700936752442546,5.3026821861234055,10.241093138960807,5.843497856259917,1.9823270000000002,0.09755159000000001,0.4135559999999998,-0.05159354432839908,0.09229411539041057,0.9943942341258043,-2.4015825123506733,5.85333468290173,13.157426348852102,13.222251647464997,12.642679478157412
3762,05/05/2023 15:32:49.397073,3945,True,True,True,True,Eyes,0.2804526,0.01718098,-1.835942,0.9121457,0.05131151,0.4066416,0.0,0.0,0.0,0.0,0.0,0.0,0.0,-1.77654,-0.09278788,0.3160077,0.3502285,0.01507985,-1.772477,0.003601873,0.5648312,-0.03366312,0.8245117,2.519966,68.7612,357.0484,0.1330056,0.008536614,-0.9910783,0.07558189,0.005525093,0.1624097,2.3379,0.1123716,-1.382412,0.3644179,0.20396,1.992899,0.3596652,-0.05144236,-0.9316623,0.05958017,0.9977077,-0.03208838,0.9311773,-0.04396752,0.3619056,moving,-3.0757018301934482,5.31455259791086,10.362517043016206,5.843497922933348,1.9876714999999998,0.09729175,0.3900650000000001,-0.05342535313025448,0.09249121057185694,0.9942792100548972,-2.5081074558534278,5.862998916587776,13.38270083582765,13.448624823421587,12.87063927237714
3763,05/05/2023 15:32:49.407193,3946,True,True,True,True,Eyes,0.2841677,0.01701935,-1.832866,0.9153135,0.05148742,0.3994373,0.0,0.0,0.0,0.0,0.0,0.0,0.0,-1.778605,-0.09059902,0.2899592,0.3579179,0.01387548,-1.768452,0.004161599,0.5688568,-0.03351862,0.8217428,2.577697,69.32133,357.1109,0.1348066,0.00860811,-0.9908342,0.07104698,0.005193587,0.1526651,2.350755,0.1119793,-1.401346,0.3687657,0.2039601,1.9929,0.350557,-0.05035266,-0.9351869,0.05982207,0.9977184,-0.03129506,0.934629,-0.04497411,0.3527693,moving,-3.1824329307606307,5.380462219013701,10.483419773387153,5.843497856259917,1.9928371,0.09810382000000001,0.36710599999999993,-0.055271522875442014,0.0936254799099224,0.9940720510116269,-2.6157044568590635,5.925285368835891,13.606395153881447,13.673694896874924,13.099379557698025
3764,05/05/2023 15:32:49.427083,3947,True,True,True,True,Eyes,0.2880995,0.01680972,-1.829898,0.9194207,0.04948435,0.3901497,0.0,0.0,0.0,0.0,0.0,0.0,0.0,-1.780246,-0.08475004,0.2659013,0.365485,0.0128708,-1.764488,0.006788913,0.5724496,-0.03386653,0.8192121,2.860069,69.82184,357.2617,0.1366481,0.008664989,-0.9905815,0.06678416,0.004881972,0.1435052,2.36353,0.1089552,-1.42071,0.3730901,0.20396,1.9929,0.342309,-0.04771513,-0.9383751,0.06326037,0.9976139,-0.02765064,0.9374555,-0.04989688,0.3445107,moving,-3.0951987854857705,5.559608975916894,10.60358327318386,5.843495011065728,1.9980449999999998,0.0960844,0.34377800000000014,-0.053741875258057736,0.0967412725591241,0.9938575601769556,-2.5275005125173395,6.101370475222765,13.633320285571228,13.701723292049124,13.133615691884668
3765,05/05/2023 15:32:49.447231,3948,True,True,True,True,Eyes,0.2922008,0.01657053,-1.826902,0.9233798,0.04758014,0.3809276,0.0,0.0,0.0,0.0,0.0,0.0,0.0,-1.781753,-0.08050913,0.2424558,0.3736286,0.01216019,-1.760728,0.008160094,0.5757719,-0.03348794,0.8168835,2.974673,70.28786,357.3993,0.1385373,0.00870603,-0.9903187,0.06277711,0.004589053,0.1348949,2.375886,0.09888916,-1.437849,0.3775643,0.2039601,1.9929,0.3347306,-0.04531477,-0.9412236,0.06410818,0.997624,-0.02523113,0.9401305,-0.05189451,0.3368403,moving,-2.9724374913622493,5.576896498649187,10.727810062577175,5.843497856259917,2.0022574,0.08672897,0.32287900000000014,-0.051610757730448265,0.09705206609308072,0.9939402332966367,-2.4036385600937287,6.120419005412498,13.634324669721416,13.702841286503434,13.134368209118152
3766,05/05/2023 15:32:49.457336,3949,True,True,True,True,Eyes,0.2964329,0.01631316,-1.823745,0.9271558,0.04579569,0.3718668,0.0,0.0,0.0,0.0,0.0,0.0,0.0,-1.782797,-0.07675485,0.2206234,0.3817841,0.01120761,-1.757,0.008627321,0.5787073,-0.03255691,0.8148397,2.9659,70.7015,357.5281,0.140479,0.008731188,-0.990045,0.05901048,0.00431371,0.1268012,2.388063,0.0949176,-1.453868,0.3817186,0.2039601,1.9929,0.3280759,-0.04307193,-0.943669,0.06304269,0.9977312,-0.02362207,0.9425455,-0.0517416,0.3300469,moving,-2.805008490586443,5.478445093012812,10.843063508478954,5.843497856259917,2.0062789,0.08370999000000001,0.30313199999999996,-0.04871407703862274,0.0953579286359806,0.9942503929005944,-2.2348456647668913,6.027523548961103,13.585119934277138,13.652953263364937,13.079203867179455
3767,05/05/2023 15:32:49.476646,3950,True,True,True,True,Eyes,0.3008496,0.01603074,-1.820582,0.9307818,0.04415699,0.3628984,0.0,0.0,0.0,0.0,0.0,0.0,0.0,-1.784006,-0.07251349,0.1997553,0.3902524,0.01027681,-1.753691,0.009674464,0.5813794,-0.03196202,0.8129472,3.032004,71.07908,357.6631,0.1424764,0.008741095,-0.9897594,0.05546986,0.004054888,0.1191931,2.399698,0.09496074,-1.46838,0.3860601,0.20396,1.9929,0.321953,-0.04071779,-0.9458797,0.06321593,0.9977697,-0.02143446,0.9446429,-0.05289377,0.3238089,moving,-2.6132995716597023,5.463886575013055,10.96341562997956,5.843495011065728,2.0094456,0.08468393,0.2853110000000001,-0.04538812925922847,0.09512020049324203,0.9944304464768432,-2.0414646518205055,6.016789205928024,13.514538147896431,13.582021139401343,13.00603483087467
3768,05/05/2023 15:32:49.496753,3951,True,True,True,True,Eyes,0.3054358,0.01571652,-1.817362,0.9342275,0.04267258,0.3541159,0.0,0.0,0.0,0.0,0.0,0.0,0.0,-1.784975,-0.06914152,0.1790795,0.3990629,0.009384828,-1.750327,0.009570151,0.583922,-0.03064866,0.8111746,2.941653,71.43946,357.788,0.1445348,0.008735869,-0.9894609,0.05214166,0.003811594,0.1120415,2.411426,0.09247234,-1.482048,0.3904344,0.2039601,1.9929,0.3161914,-0.03854638,-0.947912,0.06089927,0.9979382,-0.02026673,0.9467388,-0.05131898,0.3178869,moving,-2.412890815753896,5.30070302736823,11.084578030945446,5.843497856259917,2.0123631,0.083087512,0.26827899999999993,-0.041920720615505724,0.09230159703224383,0.99484828483608,-1.8394743384311154,5.8614279291326,13.441830224350328,13.508378566426497,12.924064806936753
3769,05/05/2023 15:32:49.516732,3952,True,True,True,True,Eyes,0.3102205,0.01535815,-1.814188,0.9374952,0.04121797,0.3455485,0.0,0.0,0.0,0.0,0.0,0.0,0.0,-1.786351,-0.06539855,0.1585066,0.4081858,0.008183931,-1.747504,0.009103505,0.5864025,-0.02901008,0.8094491,2.794896,71.79183,357.9179,0.1466578,0.008715269,-0.9891487,0.04901316,0.003582899,0.105319,2.423136,0.09542487,-1.495372,0.3950028,0.2039601,1.9929,0.3105811,-0.03628773,-0.9498541,0.057641,0.9981511,-0.01928552,0.9487978,-0.04876081,0.3120985,moving,-2.2178921960806957,5.0820170907624655,11.211009647907154,5.843497856259917,2.0149502,0.08724093899999999,0.252132,-0.03854794770902453,0.08851583309458079,0.9953285587911189,-1.6430042348810672,5.651901577158745,13.384847262916805,13.450474255270068,12.855441728430717
3770,05/05/2023 15:32:49.526989,3953,True,True,True,True,Eyes,0.3151899,0.01496837,-1.811034,0.940636,0.03988223,0.3370656,0.0,0.0,0.0,0.0,0.0,0.0,0.0,-1.787759,-0.06104303,0.1384178,0.4175289,0.006805811,-1.744876,0.009356238,0.5887315,-0.02785716,0.8077945,2.74647,72.12338,358.05,0.1488497,0.008678352,-0.9888216,0.04607238,0.003367925,0.0989999,2.434756,0.1001088,-1.508548,0.3991057,0.2039601,1.9929,0.3052385,-0.03398909,-0.9516692,0.05602234,0.998273,-0.01768494,0.9506268,-0.04791661,0.3066154,moving,-2.0140144475354758,4.9681573999134985,11.324464284432576,5.843497856259917,2.0172271000000004,0.093302989,0.2363280000000001,-0.0350120687949701,0.08654898475880753,0.9956321226964551,-1.4374589008385572,5.544651633530026,13.302095097305834,13.367170074390497,12.76542174985225
3771,05/05/2023 15:32:49.546699,3954,True,True,True,True,Eyes,0.3203492,0.0145473,-1.807915,0.943643,0.03869513,0.3286952,0.0,0.0,0.0,0.0,0.0,0.0,0.0,-1.788939,-0.05713452,0.1176684,0.4268961,0.005519999,-1.742166,0.009375781,0.5911942,-0.0266448,0.8060345,2.672035,72.47448,358.1718,0.1511141,0.008624959,-0.9884785,0.04330803,0.003165849,0.0930599,2.446596,0.101209,-1.521343,0.4034117,0.2039601,1.992901,0.2995592,-0.03186743,-0.9535453,0.05403906,0.9984043,-0.01639009,0.9525461,-0.0466189,0.3008032,moving,-1.8392968663328764,4.834781137650197,11.44343280285561,5.8434949443937905,2.0196999,0.095689001,0.2208230000000002,-0.03198218686596921,0.0842396267625672,0.9959321181907579,-1.2613525115409874,5.4178651356823195,13.256277005457514,13.320976353430526,12.711912940976712
3772,05/05/2023 15:32:49.558632,3955,True,True,True,True,Eyes,0.3256904,0.01409537,-1.804823,0.9464948,0.03752943,0.3205295,0.0,0.0,0.0,0.0,0.0,0.0,0.0,-1.790297,-0.05329496,0.098225,0.436578,0.004338291,-1.739837,0.009091459,0.5933159,-0.02519113,0.8045241,2.55172,72.77765,358.2938,0.1534534,0.00855496,-0.9881186,0.0,0.0,0.0,2.458791,0.1032114,-1.536115,0.4090804,0.2039601,1.9929,0.2946834,-0.02974552,-0.9551318,0.05132195,0.9985655,-0.015264,0.9542157,-0.04452119,0.2957872,moving,-1.6298191777252928,4.657063624612051,11.59991117142964,5.843497856259917,2.0222130000000003,0.098873109,0.20372200000000018,-0.02834805021364345,0.08115899562737025,0.9962979626553776,-1.050229737700624,5.248508668539118,13.218411385820616,13.282823167436092,12.664125597701396
3773,05/05/2023 15:32:49.577127,3956,True,True,True,True,Eyes,0.3312266,0.01361269,-1.80177,0.9492069,0.03653659,0.312524,0.0,0.0,0.0,0.0,0.0,0.0,0.0,-1.791446,-0.04911627,0.08094418,0.4462803,0.003289805,-1.737546,0.009537734,0.5949448,-0.02420258,0.8033455,2.528859,73.01125,358.4205,0.1558703,0.008468243,-0.987741,0.0,0.0,0.0,2.470134,0.107022,-1.547064,0.4120771,0.20396,1.992899,0.2909099,-0.02753722,-0.9563541,0.05023493,0.9986465,-0.0134742,0.9554308,-0.04412259,0.2918995,moving,-1.365623909760139,4.58753285351324,11.682563923952088,5.843497922933348,2.0238536999999996,0.103732195,0.19048200000000004,-0.023756067391094537,0.07995945490559245,0.9965149506283126,-0.783785783103736,5.185526645292751,13.044618488345272,13.108495489545673,12.48370142308806
3774,05/05/2023 15:32:49.596851,3957,True,True,True,True,Eyes,0.3369486,0.01307855,-1.798785,0.9517657,0.03544477,0.3047718,0.0,0.0,0.0,0.0,0.0,0.0,0.0,-1.792682,-0.04633007,0.06387913,0.456475,0.002047249,-1.735386,0.008700823,0.5964293,-0.02275653,0.8022959,2.355898,73.22365,358.5011,0.1583678,0.008364704,-0.9873445,0.0,0.0,0.0,2.48179,0.1075706,-1.556962,0.4165759,0.2039601,1.9929,0.2875084,-0.02613608,-0.9574216,0.04689378,0.9988129,-0.01318405,0.9566295,-0.04110659,0.2883926,moving,-1.096477690564139,4.360423048025941,11.806539621670067,5.843497856259917,2.025315,0.105523351,0.17842400000000014,-0.019080610289001487,0.07601646106524264,0.9969240479846992,-0.5125245026172878,4.969127701458179,12.924472756230033,12.987970074135292,12.350055225217083
3775,05/05/2023 15:32:49.607192,3958,True,True,True,True,Eyes,0.3428444,0.01255298,-1.795843,0.9541888,0.03425539,0.2972377,0.0,0.0,0.0,0.0,0.0,0.0,0.0,-1.794141,-0.0433962,0.0485847,0.466523,0.0003065141,-1.733649,0.00858668,0.5975687,-0.02204596,0.8014687,2.298857,73.38699,358.562,0.1609473,0.008243116,-0.9869284,0.0,0.0,0.0,2.49352,0.1128431,-1.56632,0.4209053,0.2039601,1.9929,0.2848514,-0.02507604,-0.9582437,0.04560056,0.9988804,-0.01258404,0.9574866,-0.04011186,0.285676,moving,-0.7976567276375666,4.243494257404879,11.925746770014136,5.843497856259917,2.026997,0.1125365859,0.16732900000000006,-0.01388312959545357,0.07398812208681822,0.9971624564700998,-0.2112031977298049,4.860595533518895,12.760356814613564,12.823611350957446,12.17668474978183
3776,05/05/2023 15:32:49.627175,3959,True,True,True,True,Eyes,0.3489426,0.01205754,-1.792964,0.9564677,0.03310861,0.2899538,0.0,0.0,0.0,0.0,0.0,0.0,0.0,-1.795217,-0.04474581,0.03518939,0.4765812,1.566857e-05,-1.731738,0.00973115,0.5982827,-0.02333745,0.8008862,2.493834,73.48923,358.5238,0.16361,0.008105647,-0.9864916,0.0,0.0,0.0,2.505105,0.1134381,-1.574295,0.4251553,0.2039601,1.9929,0.2830265,-0.02573733,-0.9587668,0.04902524,0.9987213,-0.0123377,0.9578584,-0.04351187,0.2839263,moving,-0.46801552023371307,4.380661698823375,12.042665887793213,5.843497856259917,2.0285238,0.11342243143,0.157443,-0.00814445888630111,0.0763799622996102,0.997045443539271,0.12149558406266792,5.000146068653565,12.53300259240698,12.595913580072478,11.950964130487792
3777,05/05/2023 15:32:49.637001,3960,True,True,True,True,Eyes,0.3552243,0.01153835,-1.790128,0.9586309,0.03223501,0.2828208,0.0,0.0,0.0,0.0,0.0,0.0,0.0,-1.796509,-0.05107253,0.02074432,0.4874282,0.0002348572,-1.729999,0.007732959,0.5990945,-0.02374113,0.8002889,2.339669,73.60325,358.3521,0.1663579,0.007955446,-0.9860331,0.0,0.0,0.0,2.517022,0.1059491,-1.58009,0.4293773,0.2039601,1.992901,0.2810442,-0.02873398,-0.9592645,0.04726508,0.9987531,-0.01606916,0.9585302,-0.04082357,0.2820518,moving,-0.16134488299223004,4.184027780574056,12.158708090568751,5.8434949443937905,2.0295938,0.10571424280000001,0.14990900000000007,-0.002808490603968705,0.07295988383272062,0.9973308733558754,0.43064605382440435,4.814110151027722,12.36848582161643,12.431312744000317,11.773150478548096
3778,05/05/2023 15:32:49.657039,3961,True,True,True,True,Eyes,0.3616705,0.01101807,-1.787359,0.9607045,0.03109315,0.2758261,0.0,0.0,0.0,0.0,0.0,0.0,0.0,-1.797592,-0.05748777,0.004685998,0.4980927,-0.0009288499,-1.728168,0.003954678,0.6002774,-0.02332793,0.7994419,1.967324,73.77156,358.1335,0.169192,0.007792406,-0.985552,0.0,0.0,0.0,2.529229,0.1101197,-1.587265,0.4337588,0.2039601,1.9929,0.2782458,-0.03255085,-0.9599583,0.04204646,0.9988803,-0.02168339,0.9595893,-0.03432953,0.2793029,moving,0.08718296649739346,3.75394209816942,12.279039221356573,5.843497856259917,2.0311363,0.1110485499,0.140903,0.0015183644295358456,0.06547170750230519,0.9978532496437412,0.6808790803012276,4.3996109904203085,12.30610225028534,12.369624173972227,11.687691300633716
3779,05/05/2023 15:32:49.676926,3962,True,True,True,True,Eyes,0.3683062,0.01062399,-1.784627,0.9626729,0.02994858,0.2690055,0.0,0.0,0.0,0.0,0.0,0.0,0.0,-1.798992,-0.06230178,-0.01006103,0.5084176,-0.001447441,-1.726807,0.003803262,0.601271,-0.02489477,0.7986482,2.063779,73.91297,357.982,0.1721124,0.007617644,-0.9850476,0.0,0.0,0.0,2.540895,0.1201315,-1.596394,0.4379629,0.20396,1.9929,0.2757069,-0.03519075,-0.9605973,0.04433791,0.9987316,-0.02386207,0.9602187,-0.03601195,0.2769175,moving,0.3419836707473449,3.7943578446560955,12.394389354046753,5.843495011065728,2.0324774,0.121578941,0.1304129999999999,0.005955622569798258,0.06617446840456853,0.9977902881667347,0.9379693868539127,4.443564648712041,12.16180937123716,12.225360766929914,11.541636083508028
3780,05/05/2023 15:32:49.696987,3963,True,True,True,True,Eyes,0.3751535,0.01031565,-1.781941,0.9645597,0.02943782,0.2622173,0.0,0.0,0.0,0.0,0.0,0.0,0.0,-1.799892,-0.07196373,-0.02511811,0.5195866,0.001179993,-1.724949,0.002916947,0.6021457,-0.02648853,0.7979413,2.094915,74.03752,357.7772,0.1751202,0.007439186,-0.9845186,0.0,0.0,0.0,2.553033,0.1149199,-1.604703,0.4423265,0.2039601,1.9929,0.2734376,-0.03875973,-0.9611085,0.04578544,0.9985797,-0.02724481,0.9607995,-0.03655502,0.2748239,moving,0.6079314978109865,3.808301372574522,12.514007906725547,5.843497856259917,2.0334464,0.113739907,0.12024600000000008,0.010586780473299862,0.06641474235308584,0.9977358942160575,1.2062752204737568,4.461930817140035,12.015145989205141,12.078769812448504,11.391819257138415
3781,05/05/2023 15:32:49.707068,3964,True,True,True,True,Eyes,0.3821623,0.01003676,-1.779302,0.9663736,0.02907519,0.2554934,0.0,0.0,0.0,0.0,0.0,0.0,0.0,-1.800872,-0.08329764,-0.04347932,0.53145,0.002773362,-1.72323,-0.005104977,0.6035147,-0.02383937,0.7969791,1.182537,74.24374,357.4684,0.1782177,0.007262042,-0.983964,0.0,0.0,0.0,2.565849,0.1146856,-1.612145,0.4467089,0.20396,1.9929,0.2704031,-0.04416081,-0.9617339,0.0318371,0.9988112,-0.03691194,0.9622207,-0.0206377,0.2714877,moving,0.8209797945899576,2.887873211490461,12.634030348348725,5.843495011065728,2.034399,0.111912238,0.1110850000000001,0.01431011886428274,0.05037640329670387,0.9986278673174678,1.420164716761831,3.569125355243586,12.110347540371022,12.177186194182335,11.44218247252727
3782,05/05/2023 15:32:49.726912,3965,True,True,True,True,Eyes,0.3893574,0.009837069,-1.776736,0.9681951,0.02850433,0.2485676,0.0,0.0,0.0,0.0,0.0,0.0,0.0,-1.801581,-0.09216557,-0.06304765,0.5423049,0.003148009,-1.721644,-0.008187043,0.6053897,-0.0244191,0.7955124,0.947736,74.51958,357.2045,0.1814039,0.007087651,-0.9833829,0.0,0.0,0.0,2.577522,0.1454427,-1.623515,0.451065,0.2039601,1.9929,0.2658141,-0.04876411,-0.9627901,0.0289387,0.9986733,-0.04259193,0.9635898,-0.01654035,0.2668727,moving,0.9551057981843947,2.6310415831567333,12.753220908962637,5.843497856259917,2.0352171,0.142294691,0.09812899999999991,0.01665140291981182,0.045897839503185336,0.9988073985370056,1.5551831684436772,3.321344504700838,12.159252357739431,12.22764881217047,11.47855856660006
3783,05/05/2023 15:32:49.747090,3966,True,True,True,True,Eyes,0.3967143,0.00968014,-1.774201,0.9699754,0.02829419,0.2415519,0.0,0.0,0.0,0.0,0.0,0.0,0.0,-1.802214,-0.1008542,-0.08622479,0.5537797,0.004910216,-1.720141,-0.008401158,0.6079811,-0.02648626,0.7934651,1.081478,74.89296,357.0045,0.1846792,0.006920026,-0.9827743,0.0,0.0,0.0,2.589597,0.151667,-1.636936,0.4554007,0.2039601,1.9929,0.2593148,-0.05224733,-0.9643787,0.03181636,0.9984558,-0.04553834,0.9652687,-0.01887424,0.2605767,moving,0.9811317220140051,2.7580658657442005,12.871741944015643,5.843497856259917,2.0358172999999997,0.146756784,0.08320499999999997,0.017103314172416062,0.048111707204025245,0.9986955984987418,1.581581179900966,3.4455535631750642,12.21587271930348,12.2844007594863,11.542004458164653
3784,05/05/2023 15:32:49.756857,3967,True,True,True,True,Eyes,0.4041837,0.009515077,-1.771691,0.9718493,0.02820984,0.2339085,0.0,0.0,0.0,0.0,0.0,0.0,0.0,-1.802048,-0.106214,-0.1138446,0.5649759,0.00568785,-1.718251,-0.01299169,0.6114579,-0.02477809,0.7907823,0.5588907,75.40926,356.8427,0.1880427,0.006760806,-0.9821373,0.0,0.0,0.0,2.603227,0.1469091,-1.653702,0.4599607,0.2039601,1.9929,0.2510107,-0.05507588,-0.9664162,0.02330041,0.9984345,-0.0508487,0.9677039,-0.009754322,0.251901,moving,0.9368442074779595,2.230595853486117,12.996273666440437,5.843497856259917,2.0382511,0.14122125,0.06454899999999997,0.016337902058255527,0.03891621427720021,0.9991089252820392,1.5363103544501169,2.930920982888441,12.517622320241491,12.58899915630067,11.824291232689701
3785,05/05/2023 15:32:49.776919,3968,True,True,True,True,Eyes,0.4117683,0.009375968,-1.769219,0.97368,0.02780684,0.2262165,0.0,0.0,0.0,0.0,0.0,0.0,0.0,-1.801973,-0.1087462,-0.1393943,0.5752187,0.005321937,-1.716816,-0.01143861,0.6148435,-0.02669814,0.7881141,0.8480369,75.89499,356.7809,0.1914911,0.00660868,-0.9814719,0.0,0.0,0.0,2.614747,0.1643313,-1.675075,0.4640501,0.2039601,1.992901,0.2425094,-0.05614827,-0.9685228,0.02801645,0.9983128,-0.05086022,0.9697444,-0.01480049,0.2436733,moving,0.8872048782835903,2.4953767687029016,13.107841017413817,5.8434949443937905,2.0395282999999997,0.15900936300000001,0.041740999999999806,0.015469347046547899,0.04353356079154722,0.9989321278294125,1.4865316305861458,3.1879651347018934,12.600109187372375,12.670984293392815,11.920850239581538
3786,05/05/2023 15:32:49.796706,3969,True,True,True,True,Eyes,0.4194532,0.009264607,-1.766793,0.9755143,0.0274332,0.2182184,0.0,0.0,0.0,0.0,0.0,0.0,0.0,-1.801394,-0.1107325,-0.165628,0.5855205,0.00588294,-1.715181,-0.008264207,0.6183818,-0.02913046,0.7852944,1.32066,76.40049,356.7905,0.1950215,0.006464327,-0.9807774,0.0,0.0,0.0,2.62715,0.1531369,-1.69532,0.4684938,0.2039601,1.992899,0.2335106,-0.05597284,-0.9707419,0.0355311,0.9981663,-0.04900717,0.971705,-0.02304783,0.2350712,moving,0.827553909237162,2.943723453605651,13.228979433514247,5.843500768128935,2.0416295,0.14725396,0.01986100000000013,0.014423984039687365,0.051349723694483984,0.9985765642284083,1.4268595479397261,3.6236502263946213,12.666164222416919,12.73593591017225,12.00907033125844
3787,05/05/2023 15:32:49.807271,3970,True,True,True,True,Eyes,0.4272224,0.009154963,-1.764401,0.9772817,0.02694466,0.2102246,0.0,0.0,0.0,0.0,0.0,0.0,0.0,-1.80077,-0.1098616,-0.191111,0.5955632,0.006478775,-1.71366,-0.006881144,0.6217543,-0.02939226,0.7826303,1.477178,76.88986,356.8712,0.1986304,0.006328454,-0.9800538,0.0,0.0,0.0,2.639787,0.1370478,-1.716107,0.4732507,0.2039601,1.9929,0.2251153,-0.05456331,-0.9728031,0.03744979,0.9981775,-0.04732032,0.9736121,-0.02577875,0.2267483,moving,0.80467837827666,3.069767507831815,13.35850253540517,5.843497856259917,2.0442238,0.130569025,-0.002447000000000088,0.014023676873425206,0.053546652785779816,0.9984668300774717,1.4039243046584535,3.7460249045689205,12.786607176099858,12.856596789737727,12.137188037520003
3788,05/05/2023 15:32:49.826832,3971,True,True,True,True,Eyes,0.4350718,0.009056582,-1.762071,0.9789875,0.02670705,0.2021639,0.0,0.0,0.0,0.0,0.0,0.0,0.0,-1.799951,-0.107027,-0.2150433,0.6053164,0.006452765,-1.712037,-0.004788846,0.6248425,-0.0296418,0.7801733,1.69452,77.33832,357.0044,0.2023139,0.006200274,-0.9793008,0.0,0.0,0.0,2.650949,0.1326522,-1.735696,0.4772517,0.2039601,1.9929,0.2173865,-0.05223603,-0.9746869,0.04026693,0.9981969,-0.04451517,0.9752547,-0.02957065,0.2190979,moving,0.8251208821385378,3.272580467147248,13.467341504012486,5.843497856259917,2.0456326000000002,0.126199435,-0.023658999999999875,0.014377099713054953,0.05708035357756598,0.9982660799498615,1.4247749606576887,3.9439632518685253,12.831196411387575,12.90098284913893,12.191457692351998
3789,05/05/2023 15:32:49.836907,3972,True,True,True,True,Eyes,0.4429965,0.00900689,-1.75978,0.9806107,0.02645089,0.194173,0.0,0.0,0.0,0.0,0.0,0.0,0.0,-1.799509,-0.1020703,-0.2365916,0.6149936,0.006688077,-1.710662,-0.002561763,0.6274278,-0.02917494,0.778124,1.869526,77.71532,357.2118,0.2060677,0.006079609,-0.9785187,0.0,0.0,0.0,2.661782,0.1259629,-1.753773,0.4814848,0.20396,1.9929,0.2109665,-0.04861809,-0.9762837,0.0421888,0.9982845,-0.04059708,0.9765826,-0.0326236,0.2126558,moving,0.9196980900210481,3.4341371217136203,13.582386553099639,5.843495011065728,2.0467884,0.11927482299999999,-0.04311100000000012,0.01602225643060201,0.05989343473039484,0.9980762557241556,1.5203668575628755,4.1030449857470215,12.820197184308313,12.889867514911348,12.186939132782632
3790,05/05/2023 15:32:49.856846,3973,True,True,True,True,Eyes,0.4510047,0.008997833,-1.757514,0.9821237,0.02669346,0.1863342,0.0,0.0,0.0,0.0,0.0,0.0,0.0,-1.79882,-0.09962027,-0.2574867,0.6246973,0.007824954,-1.709288,-0.001375685,0.6298476,-0.02857564,0.7761917,1.940464,78.07104,357.3566,0.2098876,0.005968362,-0.977707,0.0,0.0,0.0,2.672322,0.1216628,-1.769443,0.4858248,0.2039601,1.9929,0.2049506,-0.04609328,-0.9776865,0.0426274,0.9983631,-0.03813219,0.9778438,-0.033861,0.20658,moving,1.0264593929199037,3.5213024562121618,13.700221098784022,5.843497856259917,2.0476247,0.113837846,-0.06015500000000018,0.01788032668535533,0.06140981899211626,0.9979524362649164,1.6281664917588279,4.189877381468602,12.814957384901074,12.884751734241165,12.184784081371621
3791,05/05/2023 15:32:49.877076,3974,True,True,True,True,Eyes,0.4590688,0.008980659,-1.755288,0.9835688,0.02697955,0.1785066,0.0,0.0,0.0,0.0,0.0,0.0,0.0,-1.797682,-0.09918729,-0.2803175,0.6347528,0.008690862,-1.707949,-0.003671025,0.6325476,-0.02664338,0.7740545,1.605825,78.47363,357.3687,0.2137706,0.005867815,-0.9768661,0.0,0.0,0.0,2.68261,0.1213733,-1.784662,0.4902286,0.2039601,1.992901,0.1983475,-0.04589105,-0.979057,0.03660266,0.9985533,-0.03938955,0.9794481,-0.02802327,0.1997403,moving,1.0951067004606674,3.2056884264972663,13.819660543348002,5.8434949443937905,2.0478572,0.112682438,-0.07671300000000003,0.01908215939277813,0.055910452026859875,0.9982534644278795,1.697063433441862,3.8836558962713994,12.923507597459551,12.995087291988316,12.27999714102776
3792,05/05/2023 15:32:49.897018,3975,True,True,True,True,Eyes,0.4671861,0.008969937,-1.753113,0.9849232,0.02725134,0.1708317,0.0,0.0,0.0,0.0,0.0,0.0,0.0,-1.79604,-0.09944741,-0.3030522,0.6441253,0.008465381,-1.706611,-0.004370407,0.6353885,-0.02626042,0.7717338,1.525712,78.89584,357.3576,0.2177123,0.005776421,-0.9759957,0.0,0.0,0.0,2.692231,0.1338181,-1.802002,0.4944367,0.2039601,1.992901,0.1911838,-0.04608592,-0.9804718,0.0349783,0.9985826,-0.04011672,0.9809309,-0.02662556,0.1925248,moving,1.1218876265939466,3.142582411730039,13.933684219119964,5.8434949443937905,2.0481057,0.125352719,-0.095391,0.019549947778638777,0.054810431359886905,0.9983052796168721,1.724009255506539,3.8226626859220048,13.020991756101221,13.093397589524326,12.37577980306569
3793,05/05/2023 15:32:49.907239,3976,True,True,True,True,Eyes,0.4753484,0.008968418,-1.750972,0.986225,0.02748063,0.1631105,0.0,0.0,0.0,0.0,0.0,0.0,0.0,-1.793872,-0.1029313,-0.325972,0.6534414,0.008639867,-1.705218,-0.003528166,0.6383111,-0.02765062,0.7692736,1.711745,79.32863,357.3023,0.2217085,0.00569359,-0.9750961,0.0,0.0,0.0,2.701527,0.1360846,-1.820213,0.4988439,0.2039601,1.9929,0.1835887,-0.04704593,-0.9818768,0.03803766,0.9984459,-0.04072765,0.982267,-0.02987115,0.185093,moving,1.1257026241004495,3.3433708209922055,14.052988921812785,5.843497856259917,2.0480856000000003,0.127444733,-0.11499500000000018,0.019612527523970358,0.058308500531941185,0.9981059254359153,1.7280836820670822,4.018329768984186,13.094679097867271,13.166828251917682,12.459314897518276
3794,05/05/2023 15:32:49.927308,3977,True,True,True,True,Eyes,0.4835418,0.008997547,-1.748857,0.9874566,0.02760069,0.1554592,0.0,0.0,0.0,0.0,0.0,0.0,0.0,-1.79106,-0.1064114,-0.3507556,0.6626479,0.008860687,-1.703839,-0.003882135,0.6416271,-0.02833188,0.7664836,1.742393,79.82351,357.2237,0.2257549,0.005618954,-0.9741677,0.0,0.0,0.0,2.711133,0.1290813,-1.83869,0.5031564,0.2039601,1.992901,0.1750241,-0.0484136,-0.9833732,0.03845008,0.9983645,-0.04230819,0.9838132,-0.03040582,0.1765993,moving,1.0686568600021,3.3799098725446712,14.1695964169878,5.8434949443937905,2.0484850999999997,0.120220613,-0.13485099999999983,0.01861806828730722,0.05894612626089763,0.998087480919764,1.6705765856531893,4.052898403019205,13.25791812370008,13.33056145411852,12.626627923482916
3795,05/05/2023 15:32:49.947017,3978,True,True,True,True,Eyes,0.4917702,0.00903727,-1.746769,0.98865,0.02766191,0.1476682,0.0,0.0,0.0,0.0,0.0,0.0,0.0,-1.787402,-0.1123263,-0.3769251,0.6715899,0.009634105,-1.702459,-0.002291525,0.6453357,-0.03064082,0.763281,2.065907,80.37599,357.1475,0.2298472,0.005553359,-0.9732107,0.0,0.0,0.0,2.719956,0.1273218,-1.859579,0.507494,0.2039601,1.992901,0.1652059,-0.04973271,-0.9850045,0.0438175,0.9981118,-0.04304538,0.9852853,-0.03604908,0.1670732,moving,0.9474852144150857,3.7028652103432416,14.286768640283515,5.8434949443937905,2.0483661,0.11768769500000001,-0.15712000000000015,0.016501470825422138,0.06457341467708819,0.9977764662656793,1.5487009568966577,4.365326793692224,13.43782983183858,13.509951072226336,12.823546677432615
3796,05/05/2023 15:32:49.956891,3979,True,True,True,True,Eyes,0.5000501,0.009052196,-1.745136,0.9901025,0.02881096,0.1373573,0.0,0.0,0.0,0.0,0.0,0.0,0.0,-1.782878,-0.1143681,-0.4058625,0.6806108,0.009940034,-1.70092,-0.002011648,0.6495657,-0.03114491,0.7596646,2.143648,81.01186,357.1359,0.2339817,0.005496461,-0.9722252,0.0,0.0,0.0,2.728675,0.1159075,-1.882525,0.5119233,0.2039601,1.992901,0.1541888,-0.04993277,-0.9867789,0.04470598,0.9980519,-0.04351769,0.9870295,-0.03740498,0.1561207,moving,0.900620156172963,3.8445150076818635,14.406292157376283,5.8434949443937905,2.0480642,0.105967466,-0.18160500000000002,0.01568277802525858,0.06704086180706165,0.997627000991472,1.5015824515230585,4.5024723911580615,13.58053727035199,13.65280546230203,12.974200325285151
3797,05/05/2023 15:32:49.976696,3980,True,True,True,True,Eyes,0.5083345,0.009085425,-1.743516,0.9914538,0.02969063,0.1270353,0.0,0.0,0.0,0.0,0.0,0.0,0.0,-1.778274,-0.114153,-0.4334428,0.689123,0.009894527,-1.699463,-0.0003092253,0.6536266,-0.03179199,0.7561491,2.355092,81.62407,357.2187,0.2381492,0.005445893,-0.9712132,0.0,0.0,0.0,2.736372,0.1131835,-1.908031,0.5161927,0.2039601,1.9929,0.1435231,-0.0484832,-0.9884586,0.04767473,0.9979784,-0.04202782,0.9884979,-0.04109253,0.1455444,moving,0.878216448974023,4.104009419776977,14.521386689868255,5.843497856259917,2.047249,0.103288973,-0.2085680000000001,0.015287876383766386,0.07155888379543607,0.9973192796070639,1.4792732804528848,4.754856514769909,13.681638458635932,13.753614588270235,13.087469662026093
3798,05/05/2023 15:32:49.996999,3981,True,True,True,True,Eyes,0.5083345,0.009085425,-1.743516,0.9914538,0.02969063,0.1270353,0.0,0.0,0.0,0.0,0.0,0.0,0.0,-1.773353,-0.1150477,-0.460544,0.6975883,0.01040641,-1.698052,0.002539161,0.6576136,-0.03314428,0.7526217,2.717659,82.2282,357.3289,0.2423454,0.005402011,-0.9701747,0.0,0.0,0.0,2.743539,0.1063096,-1.93255,0.5205787,0.2039601,1.992899,0.1328917,-0.04655063,-0.9900368,0.05322977,0.99779,-0.0397702,0.9897001,-0.04741431,0.1350759,moving,0.26459571871812554,4.436172200476447,14.639499857610511,5.843500768128935,2.0459507,0.09590319,-0.2344980000000001,0.004604215547730384,0.07734766162806836,0.9969936203056602,0.8606216984264791,5.067397699486699,14.370421413026282,14.443629831163504,13.800718071853893
3799,05/05/2023 15:32:50.007108,3982,True,True,True,True,Eyes,0.5083345,0.009085425,-1.743516,0.9914538,0.02969063,0.1270353,0.0,0.0,0.0,0.0,0.0,0.0,0.0,-1.768124,-0.1140524,-0.4877782,0.706281,0.01098797,-1.696539,0.003369553,0.6615298,-0.03285152,0.7491914,2.780705,82.82612,357.4312,0.2461182,0.005362431,-0.9692248,0.0,0.0,0.0,2.750577,0.09498784,-1.956673,0.524932,0.2039601,1.9929,0.122598,-0.04476602,-0.9914463,0.05368226,0.9978188,-0.03841563,0.9910035,-0.04851339,0.1247338,moving,-0.32915650780020694,4.471919139479043,14.756592785985411,5.843497856259917,2.0442959999999997,0.08399987,-0.2601340000000001,-0.0057273450017085725,0.07796922025284253,0.9969393846682564,0.2616802294308786,5.09154207328535,15.072576080598989,15.147972139242913,14.514404139395843
3800,05/05/2023 15:32:50.026925,3983,True,True,True,True,Eyes,0.5173107,0.00917559,-1.741805,0.9928201,0.0300047,0.1157931,0.0,0.0,0.0,0.0,0.0,0.0,0.0,-1.762412,-0.1139003,-0.5147285,0.714597,0.01155198,-1.695061,0.004171056,0.6654634,-0.03279931,0.745698,2.858766,83.42955,357.5115,0.2495106,0.005326739,-0.9683572,0.0,0.0,0.0,2.757087,0.0941282,-1.98052,0.5292552,0.2039601,1.9929,0.1121655,-0.04336539,-0.9927429,0.05446813,0.9978136,-0.03743279,0.9921957,-0.04987417,0.1142823,moving,-0.28128534252389936,4.570323748136828,14.872758443970017,5.843497856259917,2.04249,0.08257621999999999,-0.28545900000000013,-0.004893725907088975,0.07968168250449495,0.9968083847529117,0.3100836945482884,5.188264098323902,15.13174425456135,15.2074328994926,14.577408107581546
3801,05/05/2023 15:32:50.047141,3984,True,True,True,True,Eyes,0.5262721,0.009275054,-1.740105,0.9940476,0.03045306,0.1046036,0.0,0.0,0.0,0.0,0.0,0.0,0.0,-1.756572,-0.1117269,-0.5415019,0.7233958,0.01189454,-1.693461,0.00416075,0.6692294,-0.03181689,0.7423629,2.795032,84.01007,357.6089,0.2530454,0.005299359,-0.9674397,0.0,0.0,0.0,2.762916,0.09252751,-2.004775,0.533706,0.2039601,1.9929,0.1022395,-0.04167035,-0.9938867,0.05280834,0.9979408,-0.03640803,0.9933572,-0.04876316,0.1042294,moving,-0.2070297304376903,4.5354822724833666,14.992222196050259,5.843497856259917,2.0395202,0.08063297,-0.31131399999999987,-0.003602027622957027,0.07907593844205307,0.9968620538562976,0.3849541232315067,5.155658679301422,15.179375657154473,15.255430636080057,14.623453876719719
3802,05/05/2023 15:32:50.056791,3985,True,True,True,True,Eyes,0.5352243,0.009377499,-1.738306,0.9951565,0.03075432,0.09336833,0.0,0.0,0.0,0.0,0.0,0.0,0.0,-1.750726,-0.1089167,-0.5673533,0.7320683,0.01217771,-1.691957,0.003130983,0.6728085,-0.03021993,0.7391926,2.596,84.56393,357.6786,0.2567062,0.005279948,-0.9664748,0.0,0.0,0.0,2.76885,0.09582894,-2.028044,0.5381663,0.2039601,1.9929,0.0928309,-0.04046359,-0.9948594,0.0488898,0.9981539,-0.03603565,0.994481,-0.04529325,0.0946378,moving,-0.10064076629254298,4.357882065779799,15.111807246319223,5.843497856259917,2.0367817,0.08365123000000001,-0.336087,-0.0017514334982863256,0.07598595825026036,0.9971073158729666,0.4920803550033155,4.9845624440613285,15.208260782906967,15.284816937514806,14.644937159953752
3803,05/05/2023 15:32:50.077150,3986,True,True,True,True,Eyes,0.5441803,0.009477779,-1.73652,0.9961289,0.0311716,0.08219189,0.0,0.0,0.0,0.0,0.0,0.0,0.0,-1.744649,-0.1075185,-0.5926821,0.7409953,0.01215736,-1.690388,0.002473646,0.6762304,-0.02933278,0.736102,2.482436,85.09562,357.7147,0.2604803,0.005267883,-0.9654645,0.0,0.0,0.0,2.774279,0.1035549,-2.050167,0.5422513,0.2039601,1.9929,0.08370431,-0.03983833,-0.995694,0.04652934,0.9982669,-0.03602972,0.9954038,-0.04331314,0.0854129,moving,0.017263395917962585,4.272806979591325,15.221212021820596,5.843497856259917,2.0332837,0.09139754,-0.35977900000000007,0.00030046564867608483,0.07450544179539814,0.9972205421604634,0.610927268335749,4.903806858438079,15.207963032969944,15.28486583680526,14.64047266140336
3804,05/05/2023 15:32:50.096927,3987,True,True,True,True,Eyes,0.5531385,0.009561153,-1.734727,0.9969724,0.03144736,0.07111427,0.0,0.0,0.0,0.0,0.0,0.0,0.0,-1.738137,-0.1067239,-0.618423,0.750086,0.01217772,-1.68884,0.001009294,0.6796934,-0.02828445,0.7329502,2.288374,85.636,357.7006,0.2643552,0.005262286,-0.9644107,0.0,0.0,0.0,2.779977,0.1076703,-2.071746,0.5465821,0.2039601,1.992901,0.07443382,-0.04009017,-0.9964198,0.04283421,0.9983979,-0.03696999,0.9963056,-0.03992904,0.0760318,moving,0.1199475678094008,4.098570221343751,15.337068463972141,5.8434949443937905,2.029891,0.09549258,-0.3829060000000002,0.0020881246993861846,0.07147240309116781,0.9974404631565612,0.7143198609565123,4.73592050352419,15.239277314281022,15.316838141651298,14.66463425555043
3805,05/05/2023 15:32:50.107073,3988,True,True,True,True,Eyes,0.5621001,0.009617613,-1.732938,0.9976886,0.03168784,0.06011179,0.0,0.0,0.0,0.0,0.0,0.0,0.0,-1.731199,-0.106898,-0.6436394,0.7591271,0.01183921,-1.687108,0.0001501067,0.6830645,-0.02792118,0.7298241,2.19858,86.16434,357.6743,0.2683197,0.005261563,-0.9633153,0.0,0.0,0.0,2.785377,0.1141445,-2.09394,0.5510571,0.2039601,1.9929,0.06528638,-0.04055004,-0.9970425,0.04096017,0.9984407,-0.03792484,0.9970257,-0.03836305,0.06684555,moving,0.22496608021224943,4.026895037884398,15.456662548895155,5.843497856259917,2.0262499,0.10230529,-0.40683199999999986,0.003916695556262451,0.07022419403758826,0.9975235892641943,0.8201827056680278,4.667986715262739,15.261582509635666,15.339642209445994,14.683608842645
3806,05/05/2023 15:32:50.127382,3989,True,True,True,True,Eyes,0.5710664,0.009643465,-1.731074,0.9982889,0.0317332,0.04911485,0.0,0.0,0.0,0.0,0.0,0.0,0.0,-1.724078,-0.1078773,-0.6682289,0.7682089,0.01125587,-1.685331,0.0001097557,0.6863117,-0.02821995,0.7267599,2.229076,86.67519,357.656,0.2723634,0.00526373,-0.9621798,0.0,0.0,0.0,2.790706,0.1165109,-2.115263,0.5552791,0.2039601,1.992901,0.0563597,-0.0408676,-0.9975738,0.04116891,0.9984072,-0.03857584,0.9975615,-0.0388949,0.05795237,moving,0.34297001821374057,4.064977452169669,15.569354484528052,5.8434949443937905,2.0224971000000003,0.10525503,-0.4299320000000002,0.005970862040831415,0.07088647268628741,0.9974665152939013,0.9392687899701251,4.707207074147443,15.251679050014543,15.329902425852714,14.674145888404459
3807,05/05/2023 15:32:50.147155,3990,True,True,True,True,Eyes,0.5800378,0.009632648,-1.729215,0.9987673,0.03169306,0.03820204,0.0,0.0,0.0,0.0,0.0,0.0,0.0,-1.716623,-0.1081062,-0.6927188,0.7773505,0.01045029,-1.683436,-0.0002970876,0.6895164,-0.02822051,0.7237201,2.205687,87.18159,357.6337,0.2764787,0.00526682,-0.9610054,0.0,0.0,0.0,2.796184,0.1145087,-2.13593,0.5595824,0.2039601,1.992901,0.04754145,-0.04125719,-0.998017,0.04043781,0.998407,-0.03934703,0.9980505,-0.038487,0.04913406,moving,0.46233869565719626,4.044410696194172,15.684096987505248,5.8434949443937905,2.0188334999999995,0.10405841,-0.4524940000000002,0.008049151101899576,0.07052739142474893,0.9974773499618796,1.059665670321113,4.68931875951489,15.249156031532596,15.327707905214169,14.669905044572637
3808,05/05/2023 15:32:50.156834,3991,True,True,True,True,Eyes,0.5890222,0.009596128,-1.727364,0.9991266,0.03151117,0.02744565,0.0,0.0,0.0,0.0,0.0,0.0,0.0,-1.708984,-0.1101683,-0.7166942,0.7864696,0.009578634,-1.681603,0.000126404,0.6926417,-0.02909948,0.7206947,2.320725,87.67726,357.6042,0.280657,0.005268713,-0.9597934,0.0,0.0,0.0,2.801426,0.114116,-2.156416,0.5639926,0.2039601,1.9929,0.03880161,-0.04176857,-0.9983737,0.04211878,0.9983064,-0.04012883,0.9983589,-0.04049322,0.0404952,moving,0.5773764844305881,4.1542647765149185,15.80156364131883,5.843497856259917,2.0149564,0.10453736599999999,-0.47481300000000015,0.010050477736679553,0.07243843498825173,0.9973223357570853,1.1758402034351587,4.798402298822233,15.23911421466268,15.317616752800213,14.663015065314355
3809,05/05/2023 15:32:50.177284,3992,True,True,True,True,Eyes,0.5980285,0.009514392,-1.725507,0.9993681,0.0313531,0.0167419,0.0,0.0,0.0,0.0,0.0,0.0,0.0,-1.700803,-0.1133857,-0.7408827,0.7957879,0.008980893,-1.679623,0.0005702767,0.6957784,-0.03022457,0.7176203,2.457463,88.1769,357.557,0.2848914,0.005268103,-0.9585451,0.0,0.0,0.0,2.806741,0.1087569,-2.17647,0.5683097,0.2039601,1.9929,0.02995806,-0.04258595,-0.9986436,0.04417309,0.9981723,-0.04124071,0.9985747,-0.04287767,0.03178445,moving,0.6828744722761575,4.287191651174046,15.91641138328039,5.843497856259917,2.0109531,0.099776007,-0.49684700000000004,0.011884781456615201,0.07475052314996988,0.997131394878009,1.2824168644221947,4.929790678953953,15.23446735940746,15.312829125374487,14.66249147941209
3810,05/05/2023 15:32:50.196670,3993,True,True,True,True,Eyes,0.6070479,0.009383439,-1.723606,0.9995008,0.03099001,0.006152772,0.0,0.0,0.0,0.0,0.0,0.0,0.0,-1.69188,-0.114151,-0.7662802,0.8053395,0.008039233,-1.677509,-4.914275e-05,0.6990964,-0.03033765,0.7143835,2.427068,88.70795,357.5095,0.289176,0.005262751,-0.9572612,0.0,0.0,0.0,2.812011,0.1027316,-2.196536,0.5726211,0.2039601,1.9929,0.02068773,-0.04341414,-0.998843,0.04327672,0.9981592,-0.0424881,0.9988489,-0.04234767,0.02252843,moving,0.7576117680880088,4.239922742334086,16.03097660215648,5.843497856259917,2.0066715,0.094692367,-0.5190270000000001,0.013186254253910956,0.07392666664143892,0.9971765426351348,1.357759241988064,4.88508771159354,15.27846700764914,15.357315081112377,14.704484271954156
3811,05/05/2023 15:32:50.207250,3994,True,True,True,True,Eyes,0.6160951,0.009220251,-1.721691,0.9995202,0.03065989,-0.004391765,0.0,0.0,0.0,0.0,0.0,0.0,0.0,-1.68278,-0.1158342,-0.7909335,0.8146578,0.006638249,-1.67542,0.0003701793,0.7023314,-0.03122548,0.711165,2.544069,89.22795,357.4818,0.2935056,0.00525044,-0.9559427,0.0,0.0,0.0,2.816707,0.1021815,-2.217558,0.5769475,0.20396,1.992899,0.01151125,-0.04389296,-0.9989699,0.04493291,0.9980496,-0.04333476,0.9989237,-0.04438779,0.01346101,moving,0.8359289354049723,4.342004958431245,16.145815911308866,5.843497922933348,2.0020492,0.095543251,-0.542138,0.014547330638962241,0.07570175431315838,0.9970243558849795,1.436880997249831,4.9859398548795735,15.304505782155669,15.383339050329774,14.733912316357424
3812,05/05/2023 15:32:50.227227,3995,True,True,True,True,Eyes,0.6251728,0.009019044,-1.719728,0.9994289,0.03035747,-0.01483806,0.0,0.0,0.0,0.0,0.0,0.0,0.0,-1.672771,-0.1160406,-0.8166937,0.8244284,0.005540622,-1.672992,-0.0001785717,0.7056913,-0.03125991,0.7078297,2.514194,89.77061,357.4467,0.2978759,0.0052301,-0.95459,0.0,0.0,0.0,2.821268,0.09622556,-2.238124,0.581291,0.2039601,1.9929,0.002045411,-0.04450541,-0.9990071,0.04400134,0.9980456,-0.04437248,0.9990295,-0.04386688,0.003999759,moving,0.8915787656010918,4.297876945012067,16.260959840150676,5.843497856259917,1.9968396,0.090684938,-0.565132,0.015516609443591844,0.07493274968453982,0.9970677950975368,1.4929713297559037,4.943953311187787,15.367542151250202,15.446903204720664,14.795359577641937
3813,05/05/2023 15:32:50.246820,3996,True,True,True,True,Eyes,0.6342846,0.008784368,-1.71774,0.9992281,0.03009656,-0.02524913,0.0,0.0,0.0,0.0,0.0,0.0,0.0,-1.662533,-0.1147264,-0.8422542,0.8342237,0.004364399,-1.670515,-0.001492245,0.708994,-0.03064744,0.7045467,2.370142,90.30676,357.4013,0.3022836,0.005200463,-0.9532036,0.0,0.0,0.0,2.825566,0.09561116,-2.25923,0.5857402,0.2039601,1.9929,-0.007223524,-0.04530109,-0.9989473,0.04106911,0.998117,-0.04556041,0.9991302,-0.04135499,-0.005349544,moving,0.9560139541518567,4.1425215005665885,16.37877387095205,5.843497856259917,1.9913423,0.091246761,-0.5887150000000001,0.01664124006629153,0.07222766659090085,0.9972493923924396,1.5577992987399218,4.793772324802526,15.435971739717834,15.51627674456364,14.858102535705962
3814,05/05/2023 15:32:50.256900,3997,True,True,True,True,Eyes,0.6434366,0.008508322,-1.715773,0.9989173,0.03002886,-0.03553211,0.0,0.0,0.0,0.0,0.0,0.0,0.0,-1.651559,-0.1151372,-0.8680374,0.8441728,0.003319283,-1.667859,-0.002406457,0.7123355,-0.03064359,0.7011657,2.308635,90.85188,357.3383,0.3067254,0.005160637,-0.9517839,0.0,0.0,0.0,2.829504,0.09879637,-2.279849,0.5900013,0.2039601,1.9929,-0.01672192,-0.04640087,-0.9987831,0.03954406,0.9981104,-0.04703169,0.999078,-0.04028238,-0.01485534,moving,0.9990611268477773,4.080343975601766,16.491473717822203,5.843497856259917,1.9853312,0.09547708699999999,-0.61199,0.01739184027926044,0.07114449482682761,0.997314403917229,1.6011556759209995,4.733976151957732,15.511457327216098,15.592419937131721,14.931597697543491
3815,05/05/2023 15:32:50.276912,3998,True,True,True,True,Eyes,0.6526174,0.008190346,-1.713774,0.9985031,0.02990565,-0.04579544,0.0,0.0,0.0,0.0,0.0,0.0,0.0,-1.6398,-0.1127257,-0.8950403,0.8543639,0.002105873,-1.665174,-0.003640567,0.7158813,-0.0298144,0.6975757,2.155288,91.43348,357.3152,0.311198,0.005109375,-0.9503311,0.0,0.0,0.0,2.833364,0.099044,-2.300529,0.594195,0.20396,1.9929,-0.02675002,-0.04680802,-0.9985457,0.03638317,0.9981957,-0.04776628,0.9989798,-0.037608,-0.02499872,moving,1.0119279367800509,3.9208585642709406,16.60226292718393,5.843495011065728,1.9790001,0.096938127,-0.6353550000000001,0.01761923367936663,0.06836787966349639,0.9975045897494387,1.6139564349795024,4.578844496151488,15.626346279547061,15.708439643056696,15.04156482647767
3816,05/05/2023 15:32:50.297138,3999,True,True,True,True,Eyes,0.6618341,0.007838597,-1.71175,0.9979933,0.02958317,-0.05598503,0.0,0.0,0.0,0.0,0.0,0.0,0.0,-1.627675,-0.1124759,-0.9210619,0.8642683,0.0007942813,-1.662339,-0.003028652,0.7193341,-0.03020215,0.694001,2.24927,92.00163,357.3455,0.3156984,0.005045553,-0.948846,0.0,0.0,0.0,2.83664,0.1027311,-2.322434,0.5985681,0.2039601,1.9929,-0.03670716,-0.04627786,-0.998254,0.03756341,0.9981573,-0.04765464,0.9986199,-0.03924709,-0.03490113,moving,1.0272725004098258,3.996513878632112,16.717655615685647,5.843497856259917,1.9723717,0.1019368187,-0.6600949999999999,0.017884745414606884,0.06968463403838929,0.9974087938436431,1.6295212354475272,4.652820257815867,15.716443824232357,15.79871742002326,15.135042524537552
3817,05/05/2023 15:32:50.307169,4000,True,True,True,True,Eyes,0.6710897,0.007473495,-1.709689,0.9973804,0.0292762,-0.06614535,0.0,0.0,0.0,0.0,0.0,0.0,0.0,-1.615353,-0.1126151,-0.946606,0.8743942,-0.0003255047,-1.65938,-0.001996366,0.7226622,-0.03075176,0.6905141,2.389309,92.55211,357.3982,0.3202248,0.004968598,-0.9473283,0.0,0.0,0.0,2.839942,0.0982536,-2.343644,0.6030836,0.2039601,1.992901,-0.04637275,-0.04535444,-0.9978941,0.03958365,0.9981007,-0.0472033,0.9981397,-0.04168923,-0.04448941,moving,1.0585894621226235,4.119392066504332,16.83665150748012,5.8434949443937905,1.9655478000000002,0.0985791047,-0.6842639999999998,0.01842710712401019,0.07182283109589965,0.997247155009044,1.6612522222263697,4.773085547887088,15.78974239218633,15.871980740937706,15.21310355394355
3818,05/05/2023 15:32:50.327236,4001,True,True,True,True,Eyes,0.6803896,0.007090254,-1.707557,0.9966416,0.02904724,-0.07656131,0.0,0.0,0.0,0.0,0.0,0.0,0.0,-1.602614,-0.1114132,-0.9722223,0.8846236,-0.001012449,-1.656333,-0.001861651,0.7259836,-0.03054246,0.6870311,2.395009,93.10457,357.4375,0.3247751,0.004879122,-0.9457784,0.0,0.0,0.0,2.843505,0.09262714,-2.363556,0.6071635,0.2039601,1.992901,-0.05596986,-0.04467029,-0.9974328,0.03926418,0.9981274,-0.04690467,0.9976602,-0.04178862,-0.05411115,moving,1.1078910908389217,4.11333483288635,16.94404682973352,5.8434949443937905,1.9588814,0.093639589,-0.7072229999999999,0.019285354417060308,0.07171623806552294,0.9972385429243253,1.7109812603057297,4.768071566212092,15.847752350808939,15.930388651818125,15.270979735590842
3819,05/05/2023 15:32:50.346768,4002,True,True,True,True,Eyes,0.6897354,0.006713283,-1.705379,0.9958017,0.0288446,-0.0868727,0.0,0.0,0.0,0.0,0.0,0.0,0.0,-1.590012,-0.1101458,-0.9965785,0.8949615,-0.00185864,-1.653021,-0.001622875,0.7290325,-0.0303921,0.6838022,2.412533,93.61418,357.4799,0.3293489,0.004777415,-0.9441959,0.0,0.0,0.0,2.846643,0.09196872,-2.383679,0.6115116,0.2039601,1.992901,-0.06482392,-0.04393063,-0.9969294,0.03919812,0.9981473,-0.04653311,0.9971267,-0.0420942,-0.06298187,moving,1.1941788178632058,4.122130147536477,17.058367110798763,5.8434949443937905,1.9516814999999998,0.09382736,-0.7306579999999998,0.020786952255835267,0.07186715910756211,0.9971975314525512,1.7980388549773991,4.778191419078344,15.874386596537947,15.95730450162474,15.297466786251553
3820,05/05/2023 15:32:50.356823,4003,True,True,True,True,Eyes,0.6991469,0.006323882,-1.703102,0.9948379,0.02887153,-0.0972842,0.0,0.0,0.0,0.0,0.0,0.0,0.0,-1.577944,-0.1096568,-1.019457,0.9054348,-0.00208933,-1.649668,-0.001830144,0.7317509,-0.03017451,0.6809015,2.388101,94.07068,357.4892,0.3339448,0.004665076,-0.9425809,0.0,0.0,0.0,2.8502,0.09077372,-2.402115,0.6159789,0.2039601,1.992901,-0.0727397,-0.04377016,-0.9963902,0.03841332,0.9981723,-0.04665275,0.996611,-0.04166815,-0.0709254,moving,1.3388395974375573,4.105419783228015,17.175675780452288,5.8434949443937905,1.9447652,0.09286305,-0.7524469999999999,0.023305113630321728,0.07157235875121298,0.9971632249697419,1.943954933889773,4.764514693271508,15.848732440564142,15.931926611477534,15.269889270388276
3821,05/05/2023 15:32:50.377146,4004,True,True,True,True,Eyes,0.7085982,0.00595183,-1.700783,0.9937857,0.02875119,-0.1075331,0.0,0.0,0.0,0.0,0.0,0.0,0.0,-1.565935,-0.1053732,-1.042246,0.916292,-0.002886722,-1.646188,-0.00301404,0.734356,-0.02884328,0.6781447,2.193507,94.51001,357.5023,0.338564,0.004542522,-0.9409321,0.0,0.0,0.0,2.854305,0.09131225,-2.418469,0.6201772,0.2039601,1.992901,-0.0802214,-0.04354659,-0.9958254,0.03469308,0.998318,-0.04645039,0.9961731,-0.03827457,-0.07857575,moving,1.4996150637915768,3.9105225429395505,17.28578552070211,5.8434949443937905,1.9380130000000002,0.09419897199999999,-0.772281,0.026109343700360665,0.06817526844185676,0.9973316654909405,2.105927220530302,4.577546651525669,15.819762829346963,15.904073691963914,15.232554713294506
3822,05/05/2023 15:32:50.396822,4005,True,True,True,True,Eyes,0.7181058,0.00558749,-1.698429,0.9926254,0.02868978,-0.1177786,0.0,0.0,0.0,0.0,0.0,0.0,0.0,-1.554662,-0.1088544,-1.062434,0.9267166,-0.002808488,-1.642796,-0.001510901,0.736576,-0.03005268,0.6756851,2.420342,94.88574,357.5426,0.343205,0.00441175,-0.9392499,0.0,0.0,0.0,2.858539,0.09725557,-2.434206,0.6245574,0.2039601,1.9929,-0.08689465,-0.04283809,-0.9952961,0.03838652,0.9981892,-0.04631396,0.9954777,-0.04223038,-0.08509289,moving,1.7087823211026445,4.141965769258966,17.40053397173612,5.843497856259917,1.9318224,0.100064058,-0.7914100000000002,0.029741642949699387,0.072196042341726,0.9969469659738242,2.3171970159239623,4.8067694357510575,15.700547859578226,15.783734707231119,15.118923888308306
3823,05/05/2023 15:32:50.407250,4006,True,True,True,True,Eyes,0.7276382,0.005207063,-1.696037,0.9913766,0.02867727,-0.1278672,0.0,0.0,0.0,0.0,0.0,0.0,0.0,-1.542802,-0.1086539,-1.083749,0.9376132,-0.0029712,-1.639338,-0.002004068,0.7389105,-0.02984412,0.6731395,2.373081,95.28238,357.5254,0.347867,0.004274021,-0.9375339,0.0,0.0,0.0,2.863781,0.08967847,-2.447812,0.6289464,0.2039601,1.9929,-0.09375884,-0.04314016,-0.99466,0.03721686,0.9982106,-0.0468023,0.9948992,-0.04140623,-0.09198543,moving,1.8957966669738306,4.102749548395212,17.515360509261537,5.843497856259917,1.9261678,0.09264966999999999,-0.8084739999999999,0.03299717136024488,0.0715063486728021,0.996894176159014,2.5058143758109006,4.771930305708579,15.6327708298669,15.716264800983579,15.047748407904006
3824,05/05/2023 15:32:50.426862,4007,True,True,True,True,Eyes,0.7372054,0.00493555,-1.693611,0.9900529,0.02817649,-0.1378453,0.0,0.0,0.0,0.0,0.0,0.0,0.0,-1.530928,-0.1049382,-1.104698,0.9479588,-0.003912026,-1.635992,-0.00285797,0.7412777,-0.02883292,0.6705729,2.230139,95.68599,357.539,0.3525481,0.004129183,-0.9357843,0.0,0.0,0.0,2.86857,0.09078892,-2.462024,0.6332038,0.2039601,1.9929,-0.1006479,-0.04290624,-0.9939966,0.03443205,0.998321,-0.04657936,0.9943262,-0.03891345,-0.09900165,moving,2.0772938648277415,3.938426827790653,17.626605479934522,5.843497856259917,1.9206112000000002,0.094700946,-0.8260320000000001,0.03616218587744979,0.0686394723006094,0.9969859102685845,2.688725287169233,4.615119178235435,15.580994566216374,15.665579699685791,14.988301399092384
3825,05/05/2023 15:32:50.446851,4008,True,True,True,True,Eyes,0.7468625,0.004792153,-1.691158,0.9886298,0.02815569,-0.14771,0.0,0.0,0.0,0.0,0.0,0.0,0.0,-1.520256,-0.1209932,-1.12148,0.9581906,-0.001318849,-1.632606,-0.0001844254,0.7429173,-0.03295617,0.6685714,2.792603,95.96816,357.4556,0.3572467,0.003983878,-0.9340013,0.0,0.0,0.0,2.87239,0.09479316,-2.476677,0.6377125,0.2039601,1.992901,-0.1060245,-0.04434113,-0.9933745,0.04379308,0.9978278,-0.04921402,0.9933988,-0.04872081,-0.1038524,moving,2.3377610806443725,4.5152362116408655,17.744259047896364,5.8434949443937905,1.9141994000000002,0.096112009,-0.844071,0.040663919606562016,0.07865907578035361,0.9960718166211853,2.952135299853502,5.181703790247671,15.382638231961593,15.463649338887445,14.806920426243927
3826,05/05/2023 15:32:50.457022,4009,True,True,True,True,Eyes,0.7565611,0.004697947,-1.68871,0.9871081,0.0284212,-0.1575112,0.0,0.0,0.0,0.0,0.0,0.0,0.0,-1.507664,-0.1155488,-1.144413,0.9700223,0.001503768,-1.629459,-0.006239709,0.7453336,-0.02943427,0.6660125,2.038169,96.38406,357.2178,0.3619635,0.003845103,-0.9321841,0.0,0.0,0.0,2.878816,0.07664217,-2.487207,0.6418489,0.2039601,1.992901,-0.112777,-0.04850851,-0.9924356,0.02990586,0.9981893,-0.05218815,0.9931703,-0.03556526,-0.1111221,moving,2.5054049228627333,3.7942201067599246,17.85206932156238,5.8434949443937905,1.9087937,0.07513840199999999,-0.8577480000000002,0.04361799857474158,0.06611026356600976,0.9968584889903163,3.1204447244139093,4.482339426212493,15.3970896537175,15.48288201616464,14.794374188048144
3827,05/05/2023 15:32:50.476791,4010,True,True,True,True,Eyes,0.7662966,0.004715066,-1.686237,0.9855165,0.0283615,-0.1671907,0.0,0.0,0.0,0.0,0.0,0.0,0.0,-1.494444,-0.1110779,-1.166534,0.9808548,0.002569431,-1.626167,-0.01095504,0.7478136,-0.02704111,0.6632674,1.484767,96.81883,357.0036,0.3666966,0.003714865,-0.9303329,0.0,0.0,0.0,2.882515,0.1028616,-2.503049,0.64638,0.2039601,1.992901,-0.1199129,-0.05225562,-0.9914083,0.01948632,0.9982975,-0.05497565,0.9925933,-0.02591117,-0.1186904,moving,2.646316047369393,3.254377676758968,17.970017169454902,5.8434949443937905,1.9016602000000002,0.100292169,-0.8768819999999999,0.04609620656544189,0.05670872063775831,0.997325993527139,3.2619897517408125,3.9589850104137767,15.450659333481209,15.54089264825446,14.828265178755696
3828,05/05/2023 15:32:50.496811,4011,True,True,True,True,Eyes,0.7761109,0.004812184,-1.683739,0.9838002,0.02867811,-0.1769595,0.0,0.0,0.0,0.0,0.0,0.0,0.0,-1.4808,-0.128833,-1.186569,0.9915056,0.005331893,-1.623022,-0.01059217,0.7500745,-0.03112636,0.6605353,1.873973,97.21053,356.73,0.3714443,0.003598332,-0.928448,0.0,0.0,0.0,2.884955,0.1205471,-2.518915,0.6505867,0.2039601,1.9929,-0.1271614,-0.05700996,-0.9902422,0.02523028,0.997838,-0.06068718,0.991561,-0.03270116,-0.1254481,moving,2.7854683814053374,3.6839322020636858,18.07938833990843,5.843497856259917,1.8934494000000002,0.115215207,-0.8958929999999998,0.048496265202692235,0.06417685033737451,0.9967594375252368,3.402850788065309,4.379939139717671,15.358433228217951,15.445637297045506,14.749330785748487
3829,05/05/2023 15:32:50.507169,4012,True,True,True,True,Eyes,0.785939,0.004913052,-1.681217,0.9819927,0.02908109,-0.1866671,0.0,0.0,0.0,0.0,0.0,0.0,0.0,-1.464805,-0.1223811,-1.21247,1.00324,0.007244172,-1.619929,-0.0163747,0.7531674,-0.02794783,0.6570311,1.179311,97.76364,356.4796,0.3762072,0.00349844,-0.9265287,0.0,0.0,0.0,2.890001,0.1065895,-2.529668,0.6506107,0.20396,1.9929,-0.1360843,-0.06139097,-0.9887934,0.01205941,0.9979016,-0.06361616,0.990624,-0.02058142,-0.1350584,moving,2.821507152901531,3.0266926172754087,18.080011884490578,5.843495011065728,1.886761,0.09934532800000001,-0.9097390000000001,0.04915618809750699,0.05273735443185857,0.9973978240855247,3.43846776591547,3.7403359065592894,15.423785532700258,15.516325027840457,14.791825188091215
3921,05/05/2023 15:32:52.036619,4104,True,True,True,True,Eyes,1.707693,0.003544398,-1.760349,0.7164533,0.01806637,-0.6974011,0.0,0.0,0.0,0.0,0.0,0.0,0.0,-0.341152,-0.1478354,-2.639994,1.945758,0.01014471,-1.822561,-0.01617622,0.8891042,-0.03324953,0.456209,2.542768,125.599,356.6084,0.6785764,0.001112027,-0.7345286,0.0,0.0,0.0,3.19757,0.09513628,-3.503207,0.6506112,0.2039601,1.992901,-0.5832235,-0.05910216,-0.810159,0.001572784,0.9972656,-0.07388406,0.8123104,-0.04436512,-0.5815358,moving,8.421356230934922,4.0965275767340765,18.080016393107456,5.8434949443937905,1.2518119999999997,0.08499157,-1.680646,0.1460855853580072,0.07067061551519349,0.9867444881733005,9.088840529260102,4.8832308160787345,9.74121213577015,9.815376259319185,9.042308920334447
3922,05/05/2023 15:32:52.056817,4105,True,True,True,True,Eyes,1.718203,0.003866882,-1.763429,0.7120305,0.01813885,-0.7019141,0.0,0.0,0.0,0.0,0.0,0.0,0.0,-0.3024622,-0.1508857,-2.654109,1.955284,0.01102332,-1.826277,-0.01748892,0.8921071,-0.03430023,0.4501807,2.605141,126.3655,356.4367,0.6803659,0.001145373,-0.7328714,0.0,0.0,0.0,3.187552,0.08482721,-3.521074,0.647409,0.2019244,1.993155,-0.594063,-0.06208658,-0.8020189,-0.0003213737,0.9970353,-0.0769453,0.8044185,-0.04545261,-0.5923217,moving,8.001045917358853,4.1614970877305915,17.99463533335383,5.784837091890459,1.2322680000000001,0.07380389,-1.694797,0.13883126836092863,0.07186523268622899,0.9877049771286124,8.664901422357422,4.938961761369355,10.053537474432224,10.124577136087836,9.368000849956223
3923,05/05/2023 15:32:52.076819,4106,True,True,True,True,Eyes,1.72867,0.004188575,-1.766547,0.7074217,0.01827996,-0.7065552,0.0,0.0,0.0,0.0,0.0,0.0,0.0,-0.2650846,-0.1500419,-2.667908,1.964844,0.01162855,-1.830237,-0.01850205,0.8949947,-0.03453163,0.4443533,2.600309,127.1092,356.3379,0.6821335,0.001187925,-0.7312263,0.0,0.0,0.0,3.175965,0.07979665,-3.539173,0.6443441,0.1999765,1.993398,-0.6044157,-0.06380696,-0.7941099,-0.002429976,0.9969305,-0.07825414,0.7966655,-0.04536837,-0.6027155,moving,7.624582058617397,4.153730089723731,17.912858971964344,5.7287118920524005,1.2111210000000001,0.0681681,-1.708936,0.1323392347356125,0.07179569125104784,0.9886008167520948,8.285113138628455,4.924624851307158,10.338719228480095,10.40813189402278,9.661265227723074
3924,05/05/2023 15:32:52.086987,4107,True,True,True,True,Eyes,1.739081,0.00449727,-1.7697,0.702896,0.01816568,-0.7110606,0.0,0.0,0.0,0.0,0.0,0.0,0.0,-0.2309314,-0.1431856,-2.681181,1.974352,0.01191545,-1.834219,-0.01967419,0.8976098,-0.03369131,0.4390608,2.476349,127.7888,356.2751,0.6838777,0.001238626,-0.7295952,0.0,0.0,0.0,3.165113,0.0776094,-3.556475,0.6411517,0.197947,1.993651,-0.6136768,-0.06490455,-0.7868848,-0.00573442,0.9969556,-0.07775962,0.7895362,-0.04320696,-0.6121808,moving,7.313560711373718,4.01041059463837,17.827622548269133,5.670238867457809,1.1907609999999997,0.06569395,-1.7222559999999998,0.12699268550427628,0.06937148748207417,0.9894748153294043,7.971191291346915,4.779416156227446,10.574513241777456,10.644271990385784,9.896605591073996
3925,05/05/2023 15:32:52.107057,4108,True,True,True,True,Eyes,1.74943,0.004824122,-1.772916,0.6981921,0.01792477,-0.715686,0.0,0.0,0.0,0.0,0.0,0.0,0.0,-0.1978005,-0.1543359,-2.69262,1.983336,0.01213938,-1.838308,-0.01900143,0.9000232,-0.03573393,0.433959,2.741564,128.427,356.2564,0.6855978,0.001296047,-0.7279789,0.0,0.0,0.0,3.156036,0.079639,-3.572027,0.6378876,0.1958725,1.993909,-0.6226375,-0.06521757,-0.7797882,-0.003189338,0.9967241,-0.08081441,0.7825042,-0.04783105,-0.6208057,moving,7.03787279222326,4.245593832635567,17.74041543112104,5.610474120412303,1.1726999999999999,0.06749962,-1.7337189999999998,0.12219419484202187,0.07347701900379973,0.989782634169335,7.693339775428846,5.003562200162739,10.72490131725145,10.789222267493917,10.065389774377529
3926,05/05/2023 15:32:52.127167,4109,True,True,True,True,Eyes,1.759727,0.005177079,-1.77619,0.6934291,0.01756635,-0.7203108,0.0,0.0,0.0,0.0,0.0,0.0,0.0,-0.1634537,-0.1633659,-2.704167,1.992277,0.01293244,-1.842984,-0.0179264,0.9025626,-0.03706934,0.4285854,2.954839,129.1032,356.318,0.6872922,0.001360153,-0.7263793,0.0,0.0,0.0,3.147962,0.06858048,-3.5869,0.6347108,0.1938533,1.994161,-0.6319864,-0.06413413,-0.7723211,-0.000584639,0.996609,-0.08228077,0.7749791,-0.05154881,-0.6298809,moving,6.735689493976926,4.410212926057597,17.655473302465946,5.552303185762804,1.155685,0.055648039999999996,-1.743916,0.11694683794470223,0.07636910429323147,0.9901976262241583,7.388680159332162,5.158491510173121,10.91886196330971,10.97934645529744,10.274343243231154
3927,05/05/2023 15:32:52.147074,4110,True,True,True,True,Eyes,1.769948,0.005515269,-1.779537,0.6884618,0.01718016,-0.7250692,0.0,0.0,0.0,0.0,0.0,0.0,0.0,-0.1283331,-0.1717558,-2.715416,2.001173,0.01391981,-1.847854,-0.01664597,0.90514,-0.03813908,0.4230721,3.150421,129.7977,356.4167,0.6889599,0.001431232,-0.7247975,0.0,0.0,0.0,3.138678,0.06079901,-3.602752,0.6315267,0.1918292,1.994414,-0.6414658,-0.06240502,-0.7646091,0.002137297,0.9965367,-0.0831273,0.7671486,-0.05495751,-0.6391107,moving,6.43331068440703,4.551881112227444,17.570273559923717,5.49399325557888,1.137505,0.0468792,-1.754898,0.11169768733972152,0.0788651470086503,0.9906079284842049,7.083797496851437,5.291059627133664,11.11943450532694,11.176740015822464,10.48843945870604
3928,05/05/2023 15:32:52.157168,4111,True,True,True,True,Eyes,1.780085,0.005840317,-1.782942,0.6833007,0.01633749,-0.7299544,0.0,0.0,0.0,0.0,0.0,0.0,0.0,-0.09178972,-0.17407,-2.726404,2.009666,0.01391445,-1.85285,-0.01589704,0.9078339,-0.0384087,0.4172647,3.237266,130.5316,356.502,0.6905989,0.001507878,-0.7232359,0.0,0.0,0.0,3.128857,0.05412535,-3.618736,0.628153,0.1896851,1.99468,-0.6512752,-0.06091693,-0.7563929,0.00318945,0.9965441,-0.08300399,0.7588352,-0.05647089,-0.6488302,moving,6.1109147361503915,4.559733891413442,17.47995351623435,5.432235485359925,1.1191909999999998,0.0402109,-1.765886,0.10612037310976569,0.0790494952609902,0.9912062499749372,6.758570892133075,5.29291116435976,11.346562885878846,11.402469110437972,10.722287845362242
3929,05/05/2023 15:32:52.177214,4112,True,True,True,True,Eyes,1.790141,0.006165925,-1.786421,0.6779267,0.01533715,-0.7349696,0.0,0.0,0.0,0.0,0.0,0.0,0.0,-0.05481029,-0.1933757,-2.735361,2.017698,0.01397891,-1.857767,-0.01370629,0.9104052,-0.04141571,0.4114112,3.677035,131.2548,356.6086,0.6922084,0.001588943,-0.7216954,0.0,0.0,0.0,3.116979,0.05026891,-3.635613,0.6250887,0.1877369,1.994925,-0.6611059,-0.05903433,-0.7479665,0.009121211,0.9961938,-0.086688,0.750237,-0.06413232,-0.6580512,moving,5.797505417444242,4.911105091429361,17.397831953040143,5.376114787962376,1.099281,0.03629,-1.7778460000000003,0.10064590556361125,0.08517533884510811,0.9912697488640891,6.442796424744111,5.6295635508222,11.558473531252659,11.609642963946829,10.957966951110205
3930,05/05/2023 15:32:52.197115,4113,True,True,True,True,Eyes,1.800127,0.006483256,-1.78995,0.6723553,0.01446209,-0.7400873,0.0,0.0,0.0,0.0,0.0,0.0,0.0,-0.01584041,-0.206543,-2.744486,2.02591,0.01436273,-1.862954,-0.01242939,0.9130957,-0.04350853,0.405227,3.978461,132.0215,356.6692,0.6937865,0.001673894,-0.7201782,0.0,0.0,0.0,3.1051,0.03431945,-3.651964,0.6219106,0.1857169,1.995178,-0.6712733,-0.05796012,-0.7389404,0.01256321,0.995905,-0.08952835,0.7411036,-0.06938146,-0.6677963,moving,5.456287446739894,5.135472530902146,17.312612921347466,5.317932148904095,1.07919,0.01995672,-1.78901,0.09470804841800184,0.08910859824804841,0.9915089794800999,6.098825539508337,5.8419948081840065,11.809355230200161,11.85772934722453,11.226026417034035
3931,05/05/2023 15:32:52.207046,4114,True,True,True,True,Eyes,1.810023,0.006780858,-1.793554,0.6666182,0.0134906,-0.7452773,0.0,0.0,0.0,0.0,0.0,0.0,0.0,0.02172482,-0.2129493,-2.753333,2.033865,0.01445606,-1.868112,-0.01155046,0.9156893,-0.04446687,0.3992524,4.14108,132.7666,356.7433,0.6953328,0.001761922,-0.7186852,0.0,0.0,0.0,3.091785,0.02293014,-3.669057,0.6186119,0.1836206,1.995439,-0.6809286,-0.05666027,-0.730155,0.01435374,0.9957786,-0.09065877,0.7322095,-0.07221258,-0.6772408,moving,5.15518973204441,5.217274608580085,17.2241123058875,5.257559870699686,1.0579199999999997,0.008474080000000002,-1.800945,0.08948441364169779,0.09056803515302325,0.9918619084724509,5.795167923111032,5.9162672642312675,12.022028648814128,12.068989808420726,11.44791095068838
3932,05/05/2023 15:32:52.227254,4115,True,True,True,True,Eyes,1.819867,0.007073221,-1.797219,0.6608232,0.01294189,-0.7504301,0.0,0.0,0.0,0.0,0.0,0.0,0.0,0.05664527,-0.2223789,-2.76146,2.041678,0.01431312,-1.873411,-0.01019255,0.9180393,-0.04582648,0.3937003,4.365313,133.4558,356.8496,0.6968462,0.001851874,-0.7172176,0.0,0.0,0.0,3.078687,0.01629112,-3.685483,0.6154096,0.1815851,1.995694,-0.6897922,-0.05479812,-0.7219304,0.01736946,0.9955921,-0.09216662,0.7237988,-0.07611539,-0.6857999,moving,4.910157048718827,5.386231662387575,17.138125859441182,5.198938440094302,1.0370089999999998,0.001977999999999999,-1.8120720000000001,0.08521837001832028,0.09352761264255752,0.9919629752394121,5.5481671524824066,6.076450257054031,12.184527774524785,12.2294030920203,11.623130809636166
3933,05/05/2023 15:32:52.246829,4116,True,True,True,True,Eyes,1.82962,0.007337356,-1.800977,0.6548984,0.01244041,-0.7556145,0.0,0.0,0.0,0.0,0.0,0.0,0.0,0.08815277,-0.2221993,-2.770482,2.049675,0.01444355,-1.879186,-0.00978195,0.9201866,-0.0456132,0.3886904,4.378278,134.0837,356.9265,0.6983265,0.00194325,-0.7157761,0.0,0.0,0.0,3.067164,0.007602248,-3.700753,0.6122094,0.1795508,1.995947,-0.6976479,-0.05346126,-0.7144431,0.01745639,0.9956475,-0.0915496,0.7162279,-0.076341,-0.6936782,moving,4.740789765113912,5.354122363970467,17.052152949137355,5.140360369791639,1.0174889999999999,-0.006841302,-1.8215670000000002,0.08228986138859107,0.09299464828072052,0.9922602102460674,5.377272060122288,6.042124856542818,12.269118092238585,12.313218817152691,11.709655117135386
3934,05/05/2023 15:32:52.256836,4117,True,True,True,True,Eyes,1.839305,0.007572736,-1.804817,0.6489643,0.01231034,-0.7607192,0.0,0.0,0.0,0.0,0.0,0.0,0.0,0.1176071,-0.2160348,-2.7795,2.057319,0.01398222,-1.885037,-0.01032005,0.9221918,-0.04475826,0.3839955,4.279716,134.6721,356.9299,0.6997726,0.002034749,-0.7143623,0.0,0.0,0.0,3.057665,0.006212786,-3.71523,0.6089672,0.17749,1.996202,-0.704882,-0.05340806,-0.7073112,0.01533981,0.9957804,-0.09047709,0.7091588,-0.07462569,-0.7010883,moving,4.605692655774482,5.240328804470602,16.96500377137298,5.081026663698087,1.000346,-0.007769434,-1.830193,0.07996448963829167,0.09104105087217726,0.9926314098632092,5.24085710406274,5.928842899677696,12.316611966166462,12.360337714812298,11.754761054423541
3935,05/05/2023 15:32:52.277007,4118,True,True,True,True,Eyes,1.848906,0.00777558,-1.808763,0.6429328,0.01222132,-0.7658251,0.0,0.0,0.0,0.0,0.0,0.0,0.0,0.1464815,-0.2152484,-2.788039,2.065005,0.01347562,-1.891169,-0.01080054,0.9240738,-0.04495168,0.3794079,4.294425,135.2391,356.8917,0.7011842,0.002125186,-0.7129765,0.0,0.0,0.0,3.048828,0.007353296,-3.729064,0.6057587,0.1754508,1.996458,-0.7118663,-0.05407104,-0.7002307,0.01414904,0.9957254,-0.09127297,0.7021728,-0.07488172,-0.7080583,moving,4.487250973873101,5.246630049366392,16.878673581682083,5.0223098298538895,0.9838229999999997,-0.006122324000000001,-1.837895,0.07791147222929234,0.09116508873234247,0.9927833393343588,5.121379339172035,5.932851107245428,12.350968126843565,12.393452860530907,11.792499875886952
3936,05/05/2023 15:32:52.297081,4119,True,True,True,True,Eyes,1.858442,0.007931713,-1.812801,0.6369736,0.01234536,-0.7707868,0.0,0.0,0.0,0.0,0.0,0.0,0.0,0.1744473,-0.2097033,-2.796887,2.072662,0.0128845,-1.897599,-0.01202289,0.9258929,-0.04457355,0.374955,4.216453,135.7896,356.7989,0.7025598,0.002213336,-0.7116207,0.0,0.0,0.0,3.040594,0.004022079,-3.742678,0.6025058,0.1733833,1.996717,-0.7185288,-0.05568996,-0.6932643,0.01116233,0.9957373,-0.09155674,0.695408,-0.07352458,-0.7148443,moving,4.375764675597803,5.177095013617686,16.791095015840398,4.9627840678854325,0.9679320000000002,-0.008862421,-1.8450790000000001,0.07598783422385924,0.08997356299045399,0.9930411235580832,5.008832923368533,5.863108327182514,12.37547411113532,12.417179898785752,11.816610503337168
3937,05/05/2023 15:32:52.307364,4120,True,True,True,True,Eyes,1.867895,0.008038409,-1.816956,0.6309392,0.01245999,-0.7757322,0.0,0.0,0.0,0.0,0.0,0.0,0.0,0.2009145,-0.2012088,-2.805817,2.08026,0.01184216,-1.904163,-0.01363637,0.927598,-0.04389892,0.370741,4.090381,136.3102,356.6752,0.7038989,0.002297546,-0.710296,0.0,0.0,0.0,3.032531,0.003403832,-3.75641,0.5994822,0.1714608,1.996958,-0.7247304,-0.05784839,-0.6865999,0.007252121,0.9957739,-0.09155222,0.6889944,-0.07132999,-0.721248,moving,4.297019253913085,5.062888781450136,16.709635793099736,4.907436841498562,0.9522710000000001,-0.008438327999999998,-1.8522469999999998,0.0746361478798554,0.08800298674544299,0.9933201353631251,4.9292655059111965,5.750437844847195,12.372402495569784,12.413589918090766,11.810494265479383
3938,05/05/2023 15:32:52.327126,4121,True,True,True,True,Eyes,1.877281,0.008108552,-1.821221,0.6245434,0.01203834,-0.7808974,0.0,0.0,0.0,0.0,0.0,0.0,0.0,0.2266248,-0.1975219,-2.814351,2.087767,0.01075577,-1.911035,-0.01489694,0.929204,-0.04402206,0.3666334,4.064965,136.8125,356.5536,0.7052006,0.002376297,-0.7090035,0.0,0.0,0.0,3.025408,0.003601284,-3.76957,0.5962871,0.1694304,1.99721,-0.7307163,-0.05996452,-0.6800429,0.004595323,0.9956803,-0.0927344,0.6826661,-0.07088754,-0.7272842,moving,4.2576250063474195,5.020490998524103,16.62352293009649,4.84899390330719,0.9376410000000002,-0.007154486,-1.8585349999999998,0.07395794175113551,0.08727235354930826,0.993435397294749,4.889476610002981,5.708427448992514,12.327092033142756,12.367087074741953,11.765477850965057
3939,05/05/2023 15:32:52.347009,4122,True,True,True,True,Eyes,1.886589,0.008121541,-1.825609,0.6180999,0.01166643,-0.7860129,0.0,0.0,0.0,0.0,0.0,0.0,0.0,0.251833,-0.1927145,-2.822974,2.095351,0.009913398,-1.91811,-0.01614961,0.9307677,-0.04388267,0.3626089,4.012675,137.3055,356.4431,0.7064642,0.002448696,-0.7077442,0.0,0.0,0.0,3.018761,0.0002678549,-3.782604,0.5930843,0.1673945,1.997464,-0.7365083,-0.06188756,-0.6735919,0.001761423,0.995627,-0.09340112,0.6764266,-0.06997716,-0.7331784,moving,4.230458115774143,4.953783624225892,16.537135845417392,4.790394161679682,0.9234100000000001,-0.0096455431,-1.864494,0.07349429125108436,0.0861186229229381,0.99357035124581,4.8619954217843535,5.6429557192390005,12.268844690760625,12.307762300993964,11.706227621269724
3940,05/05/2023 15:32:52.356913,4123,True,True,True,True,Eyes,1.895804,0.008069801,-1.830133,0.6114889,0.01099075,-0.7911767,0.0,0.0,0.0,0.0,0.0,0.0,0.0,0.2758702,-0.1868431,-2.831621,2.102841,0.008542674,-1.925377,-0.01705276,0.9322665,-0.04347006,0.3587464,3.945992,137.7807,356.3802,0.7076896,0.002513223,-0.7065187,0.0,0.0,0.0,3.012639,-0.001854345,-3.795458,0.589704,0.1652458,1.997733,-0.7420207,-0.06298488,-0.6674119,-0.0006059738,0.9956391,-0.09328658,0.670377,-0.06881613,-0.7388229,moving,4.236558345063854,4.853482007174995,16.445893871928607,4.728550761314174,0.9097979999999999,-0.010397019,-1.870081,0.07361108093763785,0.08437843257594652,0.9937110902625977,4.868036568404203,5.545356390440093,12.172124584996943,12.209974685631176,11.606633929634603
3941,05/05/2023 15:32:52.377138,4124,True,True,True,True,Eyes,1.904937,0.00797017,-1.834785,0.6048762,0.01024551,-0.7962537,0.0,0.0,0.0,0.0,0.0,0.0,0.0,0.2985394,-0.1862632,-2.839894,2.110225,0.006980281,-1.932801,-0.0172255,0.9336434,-0.04376531,0.3551027,3.984623,138.2258,356.365,0.7088748,0.002568174,-0.7053291,0.0,0.0,0.0,3.006785,-0.003274089,-3.808338,0.586709,0.1633419,1.99797,-0.7472107,-0.06324732,-0.6615708,-0.001082595,0.9955757,-0.09395604,0.6645864,-0.06948875,-0.7439734,moving,4.2682133804319085,4.8525125232390005,16.365011200043284,4.673760975323895,0.89656,-0.010254369999999999,-1.875537,0.07416021111346466,0.08435818104562516,0.9936720298687942,4.899969313757698,5.544981278766084,12.061798351917826,12.098118432402476,11.498095941129247
3942,05/05/2023 15:32:52.396750,4125,True,True,True,True,Eyes,1.913998,0.007833872,-1.839568,0.5981469,0.009350887,-0.8013319,0.0,0.0,0.0,0.0,0.0,0.0,0.0,0.3193843,-0.1912403,-2.847876,2.117429,0.005752792,-1.940472,-0.01701674,0.9348646,-0.044874,0.3517458,4.124909,138.6308,356.3564,0.7100195,0.002612719,-0.7041767,0.0,0.0,0.0,3.002032,-0.008180518,-3.820619,0.5835162,0.1613127,1.998223,-0.7519709,-0.06338519,-0.6561422,-0.0002482202,0.9953935,-0.09587336,0.6591967,-0.07193109,-0.7485226,moving,4.340652792061239,4.946828698095257,16.278731331537596,4.615369304271249,0.8846029999999998,-0.013933309999999999,-1.8801470000000002,0.07540592068636137,0.08598571387929556,0.9934386599881325,4.9731528107092675,5.638162404933276,11.90863048058687,11.94267911921191,11.351749266847674
3943,05/05/2023 15:32:52.407001,4126,True,True,True,True,Eyes,1.922982,0.00766518,-1.844485,0.5914444,0.008479054,-0.8063012,0.0,0.0,0.0,0.0,0.0,0.0,0.0,0.339538,-0.1898139,-2.856499,2.124773,0.004736126,-1.94839,-0.01724684,0.9360763,-0.04490186,0.3484932,4.1313,139.0284,356.3449,0.7111237,0.002646569,-0.7030614,0.0,0.0,0.0,2.998448,-0.01627334,-3.832377,0.580255,0.15924,1.998483,-0.7565098,-0.0635847,-0.6508837,-0.000992717,0.9953727,-0.09608395,0.6539813,-0.07204234,-0.7530724,moving,4.422852993038321,4.909278194270828,16.190535121460577,4.555727658319498,0.873675,-0.021009466,-1.883987,0.07683547320370848,0.08532527742020862,0.9933860804643186,5.05603475304135,5.603060862942572,11.740493712492594,11.772992001061585,11.183649015229062
3944,05/05/2023 15:32:52.427036,4127,True,True,True,True,Eyes,1.931856,0.007446617,-1.849565,0.5846969,0.007541454,-0.8112167,0.0,0.0,0.0,0.0,0.0,0.0,0.0,0.3575227,-0.1891438,-2.865199,2.131937,0.003792354,-1.956473,-0.0173803,0.9371507,-0.04499887,0.3455747,4.147771,139.3845,356.3395,0.7121866,0.002669608,-0.7019845,0.0,0.0,0.0,2.995151,-0.01943201,-3.844328,0.5771223,0.1572488,1.99873,-0.7605524,-0.06367685,-0.6461468,-0.001474978,0.9953461,-0.09635383,0.6492752,-0.07232907,-0.7571067,moving,4.547064003696699,4.880256936891012,16.105782456217586,4.498442682841265,0.8632139999999997,-0.023224364,-1.887855,0.0789923416552506,0.08480775450356359,0.9932611577489664,5.181307106392583,5.5770236661348696,11.53417797762592,11.565022887536472,10.977590746901466
3945,05/05/2023 15:32:52.447034,4128,True,True,True,True,Eyes,1.940654,0.007178541,-1.854781,0.57803,0.006694639,-0.8159881,0.0,0.0,0.0,0.0,0.0,0.0,0.0,0.3735373,-0.183158,-2.874536,2.139142,0.002462958,-1.964712,-0.01743989,0.9381545,-0.04408551,0.3429559,4.0574,139.7106,356.3811,0.7132065,0.002681097,-0.7009484,0.0,0.0,0.0,2.993097,-0.02284348,-3.855712,0.5739256,0.1552168,1.998983,-0.7641547,-0.06296138,-0.6419533,-0.002483849,0.9955046,-0.09468026,0.6450288,-0.07075581,-0.7608758,moving,4.70238962724085,4.747425806979148,16.01923799594332,4.439987158686129,0.853955,-0.025306438,-1.891,0.08170070352755213,0.08248675118967876,0.9932376399201883,5.337851357307649,5.450419447386172,11.291328153613081,11.321023607548392,10.7290723706233
3946,05/05/2023 15:32:52.457125,4129,True,True,True,True,Eyes,1.949378,0.006858348,-1.860142,0.5713999,0.005848872,-0.8206509,0.0,0.0,0.0,0.0,0.0,0.0,0.0,0.3862276,-0.1793535,-2.884081,2.146136,0.0009978721,-1.973161,-0.01697327,0.9389678,-0.04332762,0.3408433,4.002272,139.9751,356.4706,0.7141841,0.00268042,-0.6999524,0.0,0.0,0.0,2.992423,-0.02258803,-3.866595,0.5704587,0.153013,1.99926,-0.7670754,-0.06141055,-0.6386109,-0.002338845,0.9956692,-0.09293692,0.6415526,-0.06979602,-0.763897,moving,4.915728579304784,4.649041517726911,15.925298498166816,4.3765899515988345,0.8462870000000002,-0.0235859021,-1.8934339999999998,0.08541055744604509,0.08075589479322476,0.9930677100920124,5.552958629345932,5.3584150592461315,10.98483019070297,11.01294055437499,10.418705048917445
3947,05/05/2023 15:32:52.477137,4130,True,True,True,True,Eyes,1.958014,0.006482645,-1.865643,0.5649017,0.00508933,-0.8251426,0.0,0.0,0.0,0.0,0.0,0.0,0.0,0.396403,-0.1746799,-2.894196,2.153105,-0.0005820887,-1.981959,-0.01642214,0.9396498,-0.04235986,0.339108,3.926062,140.1948,356.5756,0.7151185,0.00266693,-0.6989977,0.0,0.0,0.0,2.993204,-0.02290101,-3.877058,0.5675523,0.1511658,1.999489,-0.769472,-0.05959124,-0.6358943,-0.002132979,0.9958719,-0.09074461,0.6386769,-0.0684691,-0.7664227,moving,5.163805619751752,4.5345087204988745,15.84652285786106,4.323463237948368,0.8400989999999999,-0.0223189213,-1.8950989999999999,0.08972400878699727,0.07874064790520931,0.9928492609113215,5.803091781618404,5.251304328225544,10.657969552756278,10.684801719503398,10.086198335946179
3948,05/05/2023 15:32:52.497171,4131,True,True,True,True,Eyes,1.966544,0.006057758,-1.871299,0.5585485,0.004290096,-0.8294607,0.0,0.0,0.0,0.0,0.0,0.0,0.0,0.4038559,-0.1720265,-2.904303,2.159685,-0.002410678,-1.990834,-0.01541944,0.9401844,-0.0415783,0.3377677,3.885692,140.3664,356.7201,0.7160095,0.002639952,-0.6980852,0.0,0.0,0.0,2.995732,-0.02262362,-3.887,0.5643402,0.1491244,1.999743,-0.7713508,-0.05708184,-0.6338456,-0.0009066206,0.996067,-0.08859891,0.6364101,-0.06776615,-0.7683687,moving,5.448565395803236,4.450895286486596,15.75940406441724,4.264754731866308,0.8360469999999998,-0.020212942,-1.896166,0.09466835269250243,0.07725613261205419,0.9925065629973164,6.090265526424649,5.17497349892293,10.287317188825124,10.312518720286532,9.711886442437205
3949,05/05/2023 15:32:52.507033,4132,True,True,True,True,Eyes,1.97498,0.005615138,-1.8771,0.5523515,0.003489353,-0.833604,0.0,0.0,0.0,0.0,0.0,0.0,0.0,0.4094146,-0.1734326,-2.91439,2.166078,-0.003965857,-1.999862,-0.01413158,0.940592,-0.04136038,0.3367144,3.915768,140.5002,356.8721,0.7168562,0.00259913,-0.6972158,0.0,0.0,0.0,2.999603,-0.02351047,-3.896225,0.5610569,0.1470373,2.000005,-0.7728478,-0.05443738,-0.6322526,0.001269159,0.9961793,-0.08732311,0.6345905,-0.06828987,-0.7698259,moving,5.754852970991235,4.436689407615003,15.670282090383044,4.204733239182762,0.8335249999999998,-0.019544613,-1.8963629999999998,0.09997486829857075,0.07696991157377724,0.9920083882576887,6.399234738874541,5.166643367881643,9.895063575839735,9.918141876670086,9.32081488334611
3950,05/05/2023 15:32:52.527417,4133,True,True,True,True,Eyes,1.983279,0.005175099,-1.88308,0.5463182,0.002609352,-0.8375736,0.0,0.0,0.0,0.0,0.0,0.0,0.0,0.414053,-0.1772782,-2.924455,2.172261,-0.004710681,-2.00912,-0.01339809,0.9409169,-0.04173203,0.335789,3.987273,140.6131,356.9408,0.7176585,0.002545334,-0.6963902,0.0,0.0,0.0,3.004511,-0.0265122,-3.90505,0.5578061,0.1449708,2.000264,-0.7741324,-0.05323929,-0.6307808,0.002813337,0.9961579,-0.08753061,0.6330173,-0.06953488,-0.7710083,moving,6.060639898231269,4.466852007661273,15.581991647503717,4.1453114073930735,0.8322499999999997,-0.021801519,-1.8959300000000003,0.1052638311643043,0.07744963285361799,0.99142372374556,6.707748795589646,5.201525884081814,9.506069115770245,9.526779492094605,8.936877263088872
3951,05/05/2023 15:32:52.547178,4134,True,True,True,True,Eyes,1.991485,0.004753096,-1.889209,0.5403946,0.00184924,-0.8414097,0.0,0.0,0.0,0.0,0.0,0.0,0.0,0.4200561,-0.1739418,-2.934864,2.178445,-0.004974965,-2.018533,-0.01395867,0.9413369,-0.04132368,0.3346381,3.925354,140.754,356.9009,0.7184148,0.002480066,-0.6956101,0.0,0.0,0.0,3.009681,-0.03095166,-3.913885,0.5546126,0.1429411,2.000516,-0.7756453,-0.05393658,-0.6288607,0.001377322,0.996195,-0.08714121,0.6311679,-0.06845679,-0.7726197,moving,6.32644929167253,4.379962839850482,15.495223739737556,4.086958897751798,0.8312360000000001,-0.025976695,-1.895352,0.10987521431051239,0.07590794808229624,0.991042606223356,6.975801568850647,5.12166317040316,9.154096775281511,9.173454975611724,8.582025813154047
3952,05/05/2023 15:32:52.566912,4135,True,True,True,True,Eyes,1.999576,0.004342539,-1.89549,0.5344878,0.001169784,-0.8451754,0.0,0.0,0.0,0.0,0.0,0.0,0.0,0.4272014,-0.1655242,-2.945414,2.184429,-0.004984642,-2.028203,-0.01527855,0.9418498,-0.04031183,0.333258,3.77003,140.9238,356.803,0.7191256,0.002405238,-0.6948756,0.0,0.0,0.0,3.013759,-0.03131117,-3.923407,0.5514135,0.1409075,2.000769,-0.7774116,-0.05564866,-0.626526,-0.001911708,0.996283,-0.08611876,0.6289897,-0.06575197,-0.7746285,moving,6.560164152479648,4.2097069078204,15.40824841730388,4.02849945714127,0.8293299999999997,-0.026326528,-1.895204,0.11394224205664971,0.07292908658850776,0.9908070181993447,7.21138337486129,4.960011322385134,8.831150310334973,8.849939621128035,8.249624893236508
3953,05/05/2023 15:32:52.576886,4136,True,True,True,True,Eyes,2.007573,0.004006314,-1.901908,0.5286857,0.0004250995,-0.8488175,0.0,0.0,0.0,0.0,0.0,0.0,0.0,0.4352707,-0.1511006,-2.955937,2.190281,-0.005085768,-2.037767,-0.01711781,0.9424391,-0.03847642,0.3317158,3.506792,141.1167,356.6807,0.7197899,0.002322371,-0.6941876,0.0,0.0,0.0,3.016549,-0.0286703,-3.93372,0.5482748,0.1389124,2.00102,-0.7793435,-0.05779145,-0.6239265,-0.006738511,0.9964531,-0.08387985,0.626561,-0.06116686,-0.7769688,moving,6.766343789712493,3.92983807903776,15.322845566013884,3.971147450910198,0.8262679999999998,-0.023584532,-1.895953,0.11754746564882687,0.06805971074690259,0.9907322380405873,7.419064159327502,4.691084611078104,8.537294399728621,8.556601493119413,7.936502380726159
3954,05/05/2023 15:32:52.596859,4137,True,True,True,True,Eyes,2.015444,0.0037428,-1.90849,0.5228555,-0.0001297207,-0.8524214,0.0,0.0,0.0,0.0,0.0,0.0,0.0,0.4432604,-0.1549423,-2.965505,2.196054,-0.003616738,-2.047447,-0.0187315,0.9428748,-0.03968513,0.3302445,3.58127,141.2836,356.4652,0.7204081,0.002235101,-0.6935463,0.0,0.0,0.0,3.018471,-0.02260074,-3.944265,0.5450827,0.1368832,2.001273,-0.7811755,-0.0615345,-0.6212717,-0.00911132,0.9961485,-0.08720816,0.6242451,-0.06246427,-0.7787275,moving,6.9754790078733775,4.011706580387383,15.2359565955521,3.9128262384629173,0.8224169999999997,-0.018984002,-1.8968180000000001,0.12115136497498583,0.06944497327912733,0.9902019371505133,7.630133405277189,4.774598271669474,8.24410195389975,8.261069379841908,7.654488711791309
3955,05/05/2023 15:32:52.606882,4138,True,True,True,True,Eyes,2.023203,0.00353604,-1.915193,0.5170401,-0.0006649522,-0.8559608,0.0,0.0,0.0,0.0,0.0,0.0,0.0,0.455794,-0.1365066,-2.975576,2.201753,-0.002061968,-2.057355,-0.02155703,0.9437081,-0.03736532,0.3279549,3.232304,141.5679,356.256,0.7209799,0.00214653,-0.6929521,0.0,0.0,0.0,3.021067,-0.02772631,-3.954431,0.541759,0.1347709,2.001537,-0.783962,-0.06519536,-0.6173763,-0.01617881,0.9962782,-0.08466338,0.6205983,-0.05638444,-0.7820991,moving,7.088489882875756,3.6652806340735444,15.145428396780659,3.852122462907943,0.8193139999999999,-0.025664342,-1.8970760000000002,0.12315353082710895,0.0634409452668507,0.9903576387419564,7.743749990194627,4.43915916527812,8.040727278544045,8.059104670237652,7.424921233552016
3956,05/05/2023 15:32:52.626828,4139,True,True,True,True,Eyes,2.030806,0.003399963,-1.922039,0.5111426,-0.001535562,-0.8594946,0.0,0.0,0.0,0.0,0.0,0.0,0.0,0.4708107,-0.1340833,-2.983794,2.2069,-0.0009033456,-2.066944,-0.02291078,0.9445969,-0.03739184,0.3252904,3.195043,141.8874,356.1173,0.7215054,0.002058961,-0.6924052,0.0,0.0,0.0,3.019624,-0.01774681,-3.966741,0.5386523,0.1327964,2.001782,-0.7873228,-0.0676093,-0.6128231,-0.01895649,0.9961539,-0.08554573,0.6162498,-0.05573512,-0.7855763,moving,7.159391772853673,3.600237094867881,15.060774869100381,3.7953888224533086,0.8127239999999998,-0.016843464399999997,-1.899797,0.12438789671507847,0.06230696795340753,0.9902755050034446,7.815203190458165,4.377072023178714,7.88615244830413,7.903792699105462,7.268883290874076
3957,05/05/2023 15:32:52.646814,4140,True,True,True,True,Eyes,2.038296,0.003323476,-1.92898,0.5051195,-0.002408297,-0.8630461,0.0,0.0,0.0,0.0,0.0,0.0,0.0,0.4922272,-0.1402351,-2.990343,2.211927,0.0008512819,-2.076409,-0.02445849,0.9457293,-0.03907017,0.32167,3.334461,142.3112,355.8988,0.7219847,0.001974757,-0.6919057,0.0,0.0,0.0,3.016545,-0.01839128,-3.97906,0.5355192,0.1308047,2.002031,-0.7918606,-0.07139761,-0.6065142,-0.02112681,0.9957506,-0.08963472,0.6103366,-0.05816448,-0.7900041,moving,7.116878103600293,3.7145853231473023,14.975341057011045,3.7381640161999257,0.8046179999999996,-0.0192425619,-1.902651,0.12363749756714737,0.06428926369944847,0.9902427680464103,7.772443692412749,4.487699996455525,7.842861319192154,7.8584983263277035,7.241790844165191
3958,05/05/2023 15:32:52.657181,4141,True,True,True,True,Eyes,2.045668,0.003291524,-1.935992,0.4989196,-0.003520674,-0.8666412,0.0,0.0,0.0,0.0,0.0,0.0,0.0,0.5201402,-0.1370152,-2.995775,2.216798,0.002223366,-2.085613,-0.02664586,0.9472268,-0.03947869,0.317006,3.319096,142.8668,355.6622,0.7224192,0.001895678,-0.6914523,0.0,0.0,0.0,3.009857,-0.02546372,-3.992549,0.5321947,0.1286917,2.002295,-0.7975945,-0.07550931,-0.5984494,-0.02544938,0.9954628,-0.09168436,0.6026572,-0.05789676,-0.7958974,moving,6.962166184381359,3.6535638572001083,14.884638312537742,3.6774617632069355,0.793059,-0.027687086,-1.906936,0.12097117479627562,0.06325553293670813,0.9906386043196157,7.616300523146308,4.425473319870409,7.907226307733866,7.9225081717424715,7.306726730184841
3959,05/05/2023 15:32:52.677284,4142,True,True,True,True,Eyes,2.052929,0.00329124,-1.943055,0.4925166,-0.00473178,-0.8702902,0.0,0.0,0.0,0.0,0.0,0.0,0.0,0.5544722,-0.141941,-2.998916,2.221444,0.003312114,-2.094338,-0.02823829,0.9489668,-0.0412195,0.3113929,3.476863,143.5283,355.4453,0.7228083,0.001823145,-0.6910458,0.0,0.0,0.0,2.998329,-0.02746623,-4.007744,0.5291953,0.126785,2.002533,-0.8044741,-0.07926532,-0.5886751,-0.02792349,0.9950071,-0.09581827,0.593331,-0.06064546,-0.8026708,moving,6.702997638996946,3.7483129718110697,14.802761592364995,3.6226931407409246,0.776885,-0.030778344000000003,-1.9134059999999997,0.1164764031613402,0.06492877973249778,0.9910688796963679,7.354955927084673,4.513112253129235,8.086628745595393,8.100738018368357,7.500843647449801
3960,05/05/2023 15:32:52.697043,4143,True,True,True,True,Eyes,2.060059,0.003312882,-1.950158,0.4858791,-0.005949873,-0.8740058,0.0,0.0,0.0,0.0,0.0,0.0,0.0,0.5912164,-0.1478262,-3.000908,2.226159,0.004110122,-2.102626,-0.02909694,0.9507962,-0.04283733,0.3054586,3.651256,144.2297,355.3156,0.7231544,0.001757527,-0.6906838,0.0,0.0,0.0,2.983263,-0.03579994,-4.023419,0.5258387,0.1246518,2.002799,-0.811697,-0.08150057,-0.5783648,-0.02916047,0.9946367,-0.09923495,0.5833506,-0.06368331,-0.8097202,moving,6.421468580464555,3.845392778719928,14.71108628215014,3.5614265250170276,0.757104,-0.039910062,-1.9207929999999998,0.11159263394984209,0.0666455107198628,0.991516766972799,7.071056499961394,4.602619483408452,8.281470515712652,8.294480000177291,7.71065093551348
3961,05/05/2023 15:32:52.707186,4144,True,True,True,True,Eyes,2.067079,0.003386878,-1.957294,0.4790891,-0.007157663,-0.8777372,0.0,0.0,0.0,0.0,0.0,0.0,0.0,0.6269927,-0.1508064,-3.002321,2.230651,0.004724023,-2.110441,-0.02912685,0.9526033,-0.04349758,0.2996777,3.750655,144.9205,355.3115,0.7234607,0.00169856,-0.690363,0.0,0.0,0.0,2.966859,-0.04409766,-4.038969,0.5226181,0.1226045,2.003054,-0.8186901,-0.08156316,-0.568414,-0.02942215,0.9945192,-0.1003292,0.5734818,-0.06541453,-0.8166027,moving,6.172199269497988,3.855270392531355,14.623077397003957,3.5026351392862396,0.736208,-0.048821683,-1.928528,0.1072764770366117,0.06684839941902988,0.9919794549848294,6.819602869621239,4.607758694360922,8.445701356679299,8.458232247212774,7.881339529007226
3962,05/05/2023 15:32:52.727047,4145,True,True,True,True,Eyes,2.074375,0.003580229,-1.964246,0.4739402,-0.007085604,-0.8805285,0.0,0.0,0.0,0.0,0.0,0.0,0.0,0.660107,-0.1554302,-3.003923,2.235154,0.006057405,-2.118372,-0.0282338,0.9542851,-0.04378671,0.294322,3.838845,145.5647,355.4206,0.7237272,0.001647678,-0.6900828,0.0,0.0,0.0,2.950827,-0.04884337,-4.053621,0.5192984,0.1204947,2.003318,-0.8251551,-0.07966098,-0.5592617,-0.0281114,0.9945711,-0.1001897,0.5642067,-0.06695037,-0.8229148,moving,5.864242704582392,3.910888330170775,14.532301997732954,3.442054822297576,0.7156729999999998,-0.054900775,-1.9352489999999998,0.10193628943199229,0.06784960106342547,0.9924743738780896,6.5089965444228035,4.65640045691818,8.668776613325488,8.680729045862366,8.114682108218322
3963,05/05/2023 15:32:52.746983,4146,True,True,True,True,Eyes,2.08156,0.003812643,-1.971263,0.4685788,-0.006564504,-0.8833973,0.0,0.0,0.0,0.0,0.0,0.0,0.0,0.6911919,-0.1403468,-3.006993,2.239732,0.007890503,-2.126731,-0.02776433,0.9560153,-0.04051744,0.2891751,3.520926,146.2058,355.6031,0.7239662,0.001608234,-0.6898314,0.0,0.0,0.0,2.936176,-0.05124283,-4.067779,0.5163409,0.1186145,2.003553,-0.8312141,-0.07651951,-0.5506617,-0.02965298,0.9951749,-0.09352809,0.5551614,-0.06141308,-0.8294725,moving,5.604168663548713,3.5828861169593558,14.451389423279608,3.388074600733216,0.6964440000000001,-0.059133333,-1.9410479999999999,0.097466249642859,0.062194874763975644,0.993293562801625,6.2462630051737875,4.332198968807235,8.835979545635476,8.849365327427027,8.259265727623081
3964,05/05/2023 15:32:52.756788,4147,True,True,True,True,Eyes,2.088727,0.004059512,-1.978284,0.4631995,-0.005967404,-0.8862339,0.0,0.0,0.0,0.0,0.0,0.0,0.0,0.7226442,-0.1077108,-3.010358,2.244316,0.008975389,-2.13519,-0.02834816,0.957808,-0.03472466,0.2838914,2.890281,146.8734,355.7497,0.7241777,0.001580401,-0.6896091,0.0,0.0,0.0,2.922115,-0.03837498,-4.082344,0.5132152,0.1166278,2.0038,-0.8372042,-0.07402025,-0.5418582,-0.03458811,0.9959812,-0.08261471,0.5457956,-0.05042353,-0.8363998,moving,5.3353265058027795,2.950533226909243,14.365841137200407,3.331046174956471,0.6777989999999998,-0.047350369,-1.9471539999999998,0.09286229212604596,0.0512513396184167,0.994358993074621,5.974341818308874,3.7113559053785723,9.022053305832422,9.038527790050669,8.400112874837504
3965,05/05/2023 15:32:52.777138,4148,True,True,True,True,Eyes,2.095771,0.004310513,-1.985365,0.457568,-0.005304044,-0.8891588,0.0,0.0,0.0,0.0,0.0,0.0,0.0,0.7571391,-0.0898527,-3.011628,2.248617,0.009281168,-2.143564,-0.02839715,0.959593,-0.03155474,0.2781715,2.565466,147.5752,355.8638,0.724364,0.001563469,-0.6894132,0.0,0.0,0.0,2.907177,-0.01569861,-4.097199,0.5100073,0.1145889,2.004055,-0.8436285,-0.07205466,-0.5320706,-0.03694414,0.9963958,-0.07635797,0.5356548,-0.04476086,-0.8432499,moving,5.022764912519147,2.6296979600005557,14.27798668306659,3.2725246312453806,0.65856,-0.024979778,-1.9536349999999998,0.08746005276536942,0.04570496126630755,0.9951189752035273,5.658666505665641,3.393192129420474,9.259812757044202,9.27751885750059,8.620164787616705
3966,05/05/2023 15:32:52.796850,4149,True,True,True,True,Eyes,2.102597,0.004552363,-1.992552,0.4521459,-0.005078591,-0.8919296,0.0,0.0,0.0,0.0,0.0,0.0,0.0,0.7943312,-0.08293326,-3.011282,2.25275,0.009627305,-2.151901,-0.02808211,0.9613945,-0.03022254,0.272064,2.454803,148.3115,355.957,0.7245246,0.001556438,-0.6892443,0.0,0.0,0.0,2.890562,-0.004829147,-4.111923,0.5067599,0.1125244,2.004311,-0.8503854,-0.0704409,-0.5214242,-0.03755105,0.996596,-0.07339181,0.5248191,-0.04283129,-0.8501359,moving,4.646598775392502,2.4967884152033304,14.189017889814854,3.2132800357776095,0.6378120000000003,-0.014456451999999998,-1.960022,0.08093318356790766,0.0434204820796061,0.9957733677213166,5.279037816713845,3.256952686572135,9.551528031023794,9.56928016089226,8.910087104146879
3967,05/05/2023 15:32:52.807030,4150,True,True,True,True,Eyes,2.109304,0.004837361,-1.999777,0.4464216,-0.005094959,-0.8948082,0.0,0.0,0.0,0.0,0.0,0.0,0.0,0.8351488,-0.08406997,-3.00916,2.256867,0.01000625,-2.1601,-0.02775858,0.9632505,-0.03040509,0.2654312,2.512621,149.1004,356.0041,0.7246566,0.001557948,-0.6891055,0.0,0.0,0.0,2.872495,-0.001636598,-4.126688,0.5034732,0.1104356,2.004574,-0.8575517,-0.06961784,-0.5096653,-0.037336,0.99661,-0.07331142,0.5130413,-0.04383946,-0.8572439,moving,4.22358732215625,2.520311701299141,14.098898027651243,3.153340250948085,0.6156279999999996,-0.011642847999999999,-1.9665879999999998,0.07357790385411678,0.04385435994673283,0.9963247490246881,4.852327165016856,3.272260120911844,9.878620485741125,9.895579148020325,9.24733554345204
3968,05/05/2023 15:32:52.827041,4151,True,True,True,True,Eyes,2.115795,0.005140716,-2.007113,0.4408977,-0.005454013,-0.8975407,0.0,0.0,0.0,0.0,0.0,0.0,0.0,0.8765306,-0.09641466,-3.005744,2.260738,0.01119693,-2.168187,-0.02731807,0.9650141,-0.03245896,0.2587431,2.780509,149.8844,356.0088,0.7247605,0.00156858,-0.6889963,0.0,0.0,0.0,2.85229,-0.004629531,-4.141686,0.5003586,0.108456,2.00482,-0.8646113,-0.0695217,-0.497608,-0.03592757,0.9964003,-0.07678343,0.5011549,-0.04850999,-0.8639968,moving,3.776934547979995,2.7366245881155837,14.0134748283144,3.096547195714037,0.5915520000000001,-0.015826461,-1.973499,0.06579740871120729,0.04764148397489217,0.996694951472688,4.40198380474506,3.474948781721559,10.227345555835603,10.242865868221124,9.61893691924669
3969,05/05/2023 15:32:52.847134,4152,True,True,True,True,Eyes,2.122169,0.005440458,-2.014476,0.4350128,-0.005846573,-0.9004053,0.0,0.0,0.0,0.0,0.0,0.0,0.0,0.9248997,-0.09789109,-3.000302,2.264805,0.01247018,-2.176542,-0.02809104,0.9670351,-0.03326489,0.2508934,2.879805,150.8085,355.9221,0.7248338,0.001587994,-0.6889194,0.0,0.0,0.0,2.831996,-0.01464156,-4.156085,0.4970741,0.1063682,2.00508,-0.872527,-0.07102193,-0.4833765,-0.03763817,0.9962087,-0.07843235,0.4871143,-0.05024092,-0.8718921,moving,3.219171262114275,2.779922110676973,13.923341776504206,3.036657639604556,0.5671910000000002,-0.027111740000000002,-1.979543,0.056089706238491716,0.04842340888405111,0.9972507915132995,3.839356739674005,3.507095831275346,10.692164596720778,10.707248924581352,10.094952516738147
3970,05/05/2023 15:32:52.856925,4153,True,True,True,True,Eyes,2.122169,0.005440458,-2.014476,0.4350128,-0.005846573,-0.9004053,0.0,0.0,0.0,0.0,0.0,0.0,0.0,0.9719281,-0.09794991,-2.993957,2.268461,0.01269364,-2.184477,-0.02824701,0.9689794,-0.03362848,0.2432084,2.948067,151.7152,355.9175,0.7248772,0.001615127,-0.6888738,0.0,0.0,0.0,2.806708,-0.01936986,-4.171925,0.4939574,0.104387,2.005328,-0.8801036,-0.07109901,-0.4694281,-0.03838409,0.9961425,-0.07891043,0.4732277,-0.05143079,-0.8794377,moving,2.308627966271223,2.7838996817400488,13.837761543020141,2.979832283226078,0.5382470000000001,-0.0320635,-1.987448,0.04023479452955586,0.04852977164924415,0.9980110447387899,2.920798346219704,3.4945945437955706,11.515491198004216,11.5307983511483,10.92909262588628
3971,05/05/2023 15:32:52.876912,4154,True,True,True,True,Eyes,2.122169,0.005440458,-2.014476,0.4350128,-0.005846573,-0.9004053,0.0,0.0,0.0,0.0,0.0,0.0,0.0,1.02016,-0.1124148,-2.98617,2.272286,0.01315039,-2.192513,-0.02767934,0.9708288,-0.03620641,0.2354028,3.28306,152.6238,355.934,0.7249164,0.001639546,-0.6888327,0.0,0.0,0.0,2.781755,-0.0234156,-4.186691,0.4907103,0.1023233,2.005585,-0.8876391,-0.07078998,-0.4550672,-0.03669764,0.995846,-0.08333202,0.4590759,-0.05726885,-0.8865497,moving,1.37859814212946,3.053118568838898,13.748565294519487,2.9206512747082156,0.5094690000000002,-0.03656599,-1.9941779999999998,0.02402462572146269,0.05324638449830782,0.9982923733779483,1.9828801171214507,3.740128204270488,12.355436029581954,12.370676413811111,11.794188828899115
3972,05/05/2023 15:32:52.896844,4155,True,True,True,True,Eyes,2.128752,0.00576982,-2.022501,0.4283482,-0.006960043,-0.903587,0.0,0.0,0.0,0.0,0.0,0.0,0.0,1.069798,-0.1183904,-2.977153,2.275783,0.01342734,-2.200579,-0.02685318,0.9727587,-0.03707091,0.2272566,3.435046,153.5817,356.031,0.7249516,0.001661523,-0.6887957,0.0,0.0,0.0,2.756617,-0.03630733,-4.201036,0.4876029,0.1003482,2.005833,-0.8952671,-0.06909254,-0.4401406,-0.03539412,0.9958093,-0.08432721,0.4441225,-0.05991697,-0.8939608,moving,0.8435296609484904,3.101842605723075,13.663150797095122,2.8640165226629466,0.48083399999999976,-0.049734669999999995,-2.0004570000000004,0.014700274892847698,0.05410508089788996,0.9984270786341432,1.443153843511039,3.7779696689063407,12.806593004395149,12.821826988386684,12.254127300592746
3973,05/05/2023 15:32:52.907289,4156,True,True,True,True,Eyes,2.13519,0.006112343,-2.03054,0.4213124,-0.008123634,-0.9068791,0.0,0.0,0.0,0.0,0.0,0.0,0.0,1.118878,-0.1312127,-2.967026,2.279122,0.01379228,-2.208563,-0.02539845,0.9745803,-0.03878585,0.2191896,3.696174,154.5261,356.1786,0.7249531,0.001691867,-0.6887943,0.0,0.0,0.0,2.729675,-0.04239343,-4.215395,0.4843054,0.09825197,2.006095,-0.902622,-0.06650854,-0.4252655,-0.03250274,0.9957012,-0.08673397,0.4292059,-0.06446566,-0.9009035,moving,0.3396795837632554,3.2604979452147487,13.572473946110836,2.8039193260555955,0.45055299999999976,-0.05618571,-2.006832,0.005918895604274416,0.05687471462858007,0.9983636949281958,0.9350445694349948,3.9234624142954884,13.225427299387183,13.240668815118488,12.686922320913583
3974,05/05/2023 15:32:52.927771,4157,True,True,True,True,Eyes,2.141398,0.006437726,-2.038648,0.4161842,-0.009623867,-0.9092294,0.0,0.0,0.0,0.0,0.0,0.0,0.0,1.169318,-0.1378146,-2.955767,2.28217,0.01448245,-2.216831,-0.02459878,0.9764146,-0.03969489,0.2107937,3.850124,155.5101,356.2778,0.7249218,0.001730121,-0.6888273,0.0,0.0,0.0,2.702821,-0.05170902,-4.229054,0.4811618,0.09625408,2.006343,-0.909922,-0.06477207,-0.4096912,-0.03130234,0.9956385,-0.08788785,0.413597,-0.06714679,-0.9079809,moving,-0.3195808892728579,3.2849436252343387,13.485998121170365,2.7466526537545346,0.42065100000000033,-0.06619147,-2.0122229999999997,-0.005568545447280637,0.05730078922979108,0.9983414344928685,0.27000518220274566,3.9354194813086387,13.800438237521018,13.816069230557842,13.269349491709644
3975,05/05/2023 15:32:52.946645,4158,True,True,True,True,Eyes,2.147478,0.006749722,-2.046772,0.4105785,-0.01101912,-0.9117587,0.0,0.0,0.0,0.0,0.0,0.0,0.0,1.22117,-0.1284846,-2.944088,2.285467,0.01477714,-2.225273,-0.02499346,0.9782881,-0.03847317,0.2021081,3.736783,156.5337,356.2967,0.7248564,0.001774847,-0.6888961,0.0,0.0,0.0,2.674196,-0.05738052,-4.242897,0.4780024,0.09424564,2.006595,-0.9170554,-0.06445309,-0.3935166,-0.03335014,0.9957903,-0.08537844,0.3973629,-0.06517293,-0.9153443,moving,-0.9766441020398559,3.0488096878742907,13.399028379134101,2.689088714523428,0.38872899999999966,-0.07215766,-2.017624,-0.01702071174946443,0.0531789560572189,0.9984399564809695,-0.39311066884889745,3.693571858290663,14.364495048982585,14.380172407334019,13.828668985300427
3976,05/05/2023 15:32:52.957259,4159,True,True,True,True,Eyes,2.147478,0.006749722,-2.046772,0.4105785,-0.01101912,-0.9117587,0.0,0.0,0.0,0.0,0.0,0.0,0.0,1.274893,-0.1188508,-2.930512,2.288608,0.01475436,-2.233704,-0.02602306,0.9801154,-0.03771332,0.193066,3.66246,157.5923,356.2325,0.7247581,0.001824883,-0.6889992,0.0,0.0,0.0,2.644605,-0.05490404,-4.256872,0.4746099,0.09208962,2.006862,-0.9240966,-0.06557351,-0.3764911,-0.03644887,0.995801,-0.08397514,0.3804168,-0.06387847,-0.9226065,moving,-2.032602885737821,2.903782531435179,13.305619273349322,2.6273096275155092,0.3559969999999999,-0.0696584,-2.0231680000000005,-0.03542268959840858,0.05062708186885516,0.9980892667174485,-1.4585328778909619,3.5333020019693473,15.324579766686535,15.340713681837414,14.791923841324413
3977,05/05/2023 15:32:52.977030,4160,True,True,True,True,Eyes,2.147478,0.006749722,-2.046772,0.4105785,-0.01101912,-0.9117587,0.0,0.0,0.0,0.0,0.0,0.0,0.0,1.329483,-0.1095785,-2.915772,2.291986,0.01431446,-2.242287,-0.02673842,0.9818943,-0.03690761,0.1838654,3.591714,158.6686,356.2036,0.7246697,0.001869915,-0.6890921,0.0,0.0,0.0,2.613132,-0.05462987,-4.270564,0.4715176,0.09012416,2.007107,-0.9309574,-0.06608067,-0.3590992,-0.03893654,0.9958458,-0.08231129,0.3630466,-0.06264621,-0.9296629,moving,-3.1043019912143466,2.7603568983919815,13.220424402281141,2.570997837506329,0.3211459999999997,-0.06894433,-2.028277,-0.05409113747575561,0.04808817864057169,0.9973774253586881,-2.5398322396754374,3.3743091847813655,16.3093737583858,16.32582459407266,15.780716033849583
3978,05/05/2023 15:32:52.996925,4161,True,True,True,True,Eyes,2.147478,0.006749722,-2.046772,0.4105785,-0.01101912,-0.9117587,0.0,0.0,0.0,0.0,0.0,0.0,0.0,1.38275,-0.1134383,-2.89994,2.295333,0.01371248,-2.250727,-0.02622151,0.9835115,-0.03776722,0.1749037,3.733543,159.711,356.2773,0.7245901,0.001910444,-0.6891757,0.0,0.0,0.0,2.581327,-0.05465522,-4.283884,0.4683291,0.08809732,2.007361,-0.9374426,-0.06478957,-0.342059,-0.03836707,0.9957721,-0.08346146,0.3460202,-0.0651165,-0.9359651,moving,-4.151432479304116,2.8373610138011394,13.132529888881765,2.5129349752235868,0.2859940000000001,-0.0683677,-2.0331569999999997,-0.07230450196458882,0.04937149103526665,0.9961599106379062,-3.596098677597346,3.430490356605861,17.26970447238499,17.287006895335377,16.75377335387836
3979,05/05/2023 15:32:53.007021,4162,True,True,True,True,Eyes,2.147478,0.006749722,-2.046772,0.4105785,-0.01101912,-0.9117587,0.0,0.0,0.0,0.0,0.0,0.0,0.0,1.434649,-0.1154975,-2.883693,2.298354,0.01329797,-2.259343,-0.02601893,0.9850197,-0.03845925,0.1660727,3.848826,160.7364,356.3204,0.7245185,0.001946919,-0.6892509,0.0,0.0,0.0,2.55071,-0.06147299,-4.296056,0.4650932,0.08604053,2.007618,-0.9434859,-0.06403238,-0.3251683,-0.03848426,0.9956878,-0.0844083,0.329171,-0.06712417,-0.9418816,moving,-5.181329839253272,2.888528732035875,13.043292005164822,2.4540247969848368,0.25235600000000025,-0.07477096,-2.036713,-0.09019425765723799,0.050187593265272626,0.9946588631593313,-4.635009265778613,3.4618128816868703,18.21163665031619,18.229800740590008,17.70700349155406
3980,05/05/2023 15:32:53.026904,4163,True,True,True,True,Eyes,2.153961,0.006948883,-2.056289,0.4008386,-0.01307474,-0.9160554,0.0,0.0,0.0,0.0,0.0,0.0,0.0,1.486267,-0.1174887,-2.866459,2.301193,0.01266453,-2.26798,-0.02597066,0.9864392,-0.0392965,0.1572236,3.977275,161.7612,356.3451,0.724454,0.001979748,-0.6893186,0.0,0.0,0.0,2.520958,-0.06781094,-4.307593,0.4611964,0.08356341,2.007928,-0.9492127,-0.06359363,-0.308142,-0.03888027,0.9955627,-0.08569361,0.3122242,-0.06936081,-0.9474731,moving,-5.594996879819265,2.873837950369592,12.935769863127055,2.3830881808059456,0.21976499999999977,-0.08047547,-2.0396129999999997,-0.09737454451673982,0.04989864614293191,0.9939961524766823,-5.052336184013573,3.4400620563418762,18.51938269764406,18.53726386006878,18.019132968507186
3981,05/05/2023 15:32:53.047058,4164,True,True,True,True,Eyes,2.160299,0.007132567,-2.065785,0.390781,-0.01514969,-0.920359,0.0,0.0,0.0,0.0,0.0,0.0,0.0,1.539001,-0.1235774,-2.847662,2.304255,0.01230575,-2.27667,-0.02637059,0.9877449,-0.04122623,0.1482065,4.222246,162.797,356.3024,0.72434,0.002015121,-0.6894382,0.0,0.0,0.0,2.489642,-0.07420989,-4.318978,0.4586447,0.08194155,2.00813,-0.9546791,-0.06431483,-0.2906062,-0.03987484,0.99521,-0.0892586,0.2949548,-0.07362542,-0.9526708,moving,-6.014093399449701,2.9677974869201824,12.865336141694538,2.3366524312755996,0.18538699999999997,-0.08651564,-2.0423080000000002,-0.10463410541198578,0.05149047589618716,0.9931769363138242,-5.475018201175827,3.524055528793039,18.87150379632237,18.889976280564632,18.378751958118315
3982,05/05/2023 15:32:53.056819,4165,True,True,True,True,Eyes,2.166494,0.007286611,-2.07526,0.3800333,-0.01751093,-0.924807,0.0,0.0,0.0,0.0,0.0,0.0,0.0,1.59172,-0.1222615,-2.828217,2.307253,0.01213397,-2.285556,-0.0274099,0.9889986,-0.04219711,0.1391039,4.349496,163.8435,356.2073,0.7241798,0.002052232,-0.6896062,0.0,0.0,0.0,2.458531,-0.08526273,-4.329515,0.4555602,0.07998119,2.008373,-0.9597976,-0.06595626,-0.2728338,-0.04247714,0.9949362,-0.09109141,0.2774603,-0.07584012,-0.9577389,moving,-6.397443269198948,2.9229924591033143,12.780169089812963,2.2805347217533662,0.15127799999999958,-0.0973967,-2.0439589999999996,-0.11128141295361749,0.05067698908053246,0.9924959541157499,-5.861794801183745,3.4735140961554656,19.17020170034731,19.188370637883956,18.68009682793357
3983,05/05/2023 15:32:53.076801,4166,True,True,True,True,Eyes,2.172566,0.007398844,-2.084714,0.3689978,-0.01984769,-0.9292183,0.0,0.0,0.0,0.0,0.0,0.0,0.0,1.643933,-0.1152903,-2.808199,2.310263,0.01162284,-2.294414,-0.02861281,0.9901962,-0.04229045,0.1300175,4.376572,164.8904,356.1089,0.7239765,0.00208989,-0.6898192,0.0,0.0,0.0,2.427074,-0.09247946,-4.339818,0.4523685,0.07795233,2.008627,-0.9645539,-0.06766157,-0.2550655,-0.04566758,0.9947857,-0.09119199,0.2599057,-0.07631134,-0.9626142,moving,-6.759389431459144,2.7786747919561927,12.691987705806152,2.22246303323534,0.11681100000000022,-0.1041023,-2.045404,-0.11756366169822338,0.04814183644160679,0.991897729249443,-6.227091104270552,3.3264171509115226,19.442124739644964,19.459327944630218,18.95126005615003
3984,05/05/2023 15:32:53.096958,4167,True,True,True,True,Eyes,2.178436,0.007469393,-2.094167,0.3575656,-0.02240269,-0.9336193,0.0,0.0,0.0,0.0,0.0,0.0,0.0,1.696155,-0.1119004,-2.787165,2.313521,0.01074285,-2.303314,-0.02935631,0.9913023,-0.04282249,0.1209311,4.462114,165.9358,356.0568,0.7237331,0.002126628,-0.6900738,0.0,0.0,0.0,2.39562,-0.09651911,-4.349692,0.4492163,0.0759488,2.008877,-0.969028,-0.0685591,-0.2372444,-0.04784481,0.9946089,-0.09200025,0.2422728,-0.07779988,-0.9670839,moving,-7.099506805764356,2.6859862099892746,12.604864710550427,2.1651271819146305,0.08209899999999992,-0.10726196,-2.0463780000000003,-0.12345922455047392,0.04650362298659781,0.9912594358076003,-6.570308295562678,3.2300073815614434,19.694744363744125,19.711254424315165,19.20471894233208
3985,05/05/2023 15:32:53.107075,4168,True,True,True,True,Eyes,2.184202,0.007511386,-2.103616,0.3458546,-0.02477188,-0.9379611,0.0,0.0,0.0,0.0,0.0,0.0,0.0,1.747229,-0.1059332,-2.765733,2.316619,0.01000499,-2.312247,-0.02996189,0.9923422,-0.04272452,0.1119546,4.478555,166.9711,356.0295,0.7234508,0.00216115,-0.6903687,0.0,0.0,0.0,2.364879,-0.1028192,-4.358855,0.4456835,0.07370318,2.009158,-0.973137,-0.06903131,-0.2196343,-0.04989849,0.9945539,-0.09150343,0.2247548,-0.07808594,-0.9712817,moving,-7.410070042916898,2.5391106464627486,12.507172832068616,2.1008743226225666,0.04825999999999997,-0.11282419,-2.046608,-0.12884537323002027,0.043932073596298485,0.9906911315843352,-6.883771997511869,3.081342773658685,19.906671920022557,19.922063518036833,19.41571682342198
3986,05/05/2023 15:32:53.127280,4169,True,True,True,True,Eyes,2.184202,0.007511386,-2.103616,0.3458546,-0.02477188,-0.9379611,0.0,0.0,0.0,0.0,0.0,0.0,0.0,1.79904,-0.09235866,-2.743593,2.320037,0.009339509,-2.321577,-0.03076082,0.9933689,-0.0412967,0.1027942,4.342687,168.0322,355.9973,0.7231346,0.002192596,-0.6907003,0.0,0.0,0.0,2.333833,-0.1060357,-4.367741,0.4427161,0.07181709,2.009394,-0.9769744,-0.06960381,-0.2016845,-0.05262356,0.9946967,-0.08836978,0.2067658,-0.07572164,-0.9754559,moving,-8.459636845831604,2.3203454350305375,12.425079991865118,2.0469183310534365,0.013795999999999697,-0.11537520899999999,-2.0461639999999996,-0.14699463508404925,0.04004680609686643,0.9883263155815749,-7.942828862561779,2.849355788087109,20.871967620315143,20.88650664357164,20.3837095979778
3987,05/05/2023 15:32:53.146924,4170,True,True,True,True,Eyes,2.184202,0.007511386,-2.103616,0.3458546,-0.02477188,-0.9379611,0.0,0.0,0.0,0.0,0.0,0.0,0.0,1.851006,-0.07713895,-2.720294,2.323392,0.008748393,-2.331081,-0.0314778,0.9943362,-0.03947521,0.09352202,4.164228,169.1074,355.9764,0.7228478,0.002221033,-0.6909995,0.0,0.0,0.0,2.302468,-0.1039986,-4.376714,0.4395421,0.06979949,2.009645,-0.9805257,-0.06998263,-0.1834995,-0.05521543,0.9949017,-0.08439101,0.1884699,-0.07261552,-0.9793908,moving,-9.518963196205219,2.0577709723226083,12.337244064116202,1.9892116411081713,-0.020923999999999943,-0.11274699299999999,-2.0456329999999996,-0.16527030330522063,0.03541337547168847,0.9856123452839894,-9.011780504548367,2.574516399332552,21.843080038906926,21.856314789735787,21.3570464178323
3988,05/05/2023 15:32:53.156908,4171,True,True,True,True,Eyes,2.184202,0.007511386,-2.103616,0.3458546,-0.02477188,-0.9379611,0.0,0.0,0.0,0.0,0.0,0.0,0.0,1.902102,-0.06309721,-2.69667,2.326909,0.008177988,-2.340818,-0.03189793,0.9952121,-0.03762846,0.08437671,3.986058,170.168,355.9854,0.7225896,0.002246627,-0.6912688,0.0,0.0,0.0,2.270727,-0.1003817,-4.385325,0.4362293,0.06769395,2.009906,-0.9837263,-0.06984033,-0.1655449,-0.05714048,0.9951333,-0.08027949,0.170346,-0.06951373,-0.9829294,moving,-10.562553591775917,1.800372461757653,12.24553337621074,1.9290016907306844,-0.056182000000000176,-0.108559688,-2.044507,-0.18322145714642094,0.030885415902231688,0.9825864156494293,-10.064851776539186,2.305002185612465,22.796617849227335,22.808449675893996,22.313553326088513
3989,05/05/2023 15:32:53.177247,4172,True,True,True,True,Eyes,2.184202,0.007511386,-2.103616,0.3458546,-0.02477188,-0.9379611,0.0,0.0,0.0,0.0,0.0,0.0,0.0,1.951975,-0.04642121,-2.672928,2.330668,0.007032034,-2.350497,-0.03167714,0.99604,-0.03481591,0.07542405,3.702602,171.2122,356.0723,0.7223573,0.002269661,-0.6915112,0.0,0.0,0.0,2.239455,-0.09637932,-4.393641,0.4331683,0.06574831,2.01015,-0.9866158,-0.06835531,-0.148045,-0.05785149,0.9955688,-0.07413452,0.1524565,-0.06457765,-0.9861984,moving,-11.579875444249856,1.4543956115497503,12.160741295843877,1.8733717169258932,-0.09121300000000021,-0.10341135400000001,-2.043144,-0.20067178740795819,0.024864974812257995,0.9793429645732821,-11.091522771258708,1.949671625055769,23.734325719557383,23.744313512436932,23.252389251908088
3990,05/05/2023 15:32:53.197054,4173,True,True,True,True,Eyes,2.184202,0.007511386,-2.103616,0.3458546,-0.02477188,-0.9379611,0.0,0.0,0.0,0.0,0.0,0.0,0.0,2.000946,-0.04188447,-2.648645,2.334499,0.005939138,-2.360283,-0.03124525,0.9966992,-0.03419669,0.06667017,3.669518,172.2232,356.1594,0.7221482,0.002290392,-0.6917293,0.0,0.0,0.0,2.209337,-0.08879153,-4.401524,0.4299023,0.06367213,2.010409,-0.9891576,-0.06684402,-0.1307633,-0.05772443,0.9957087,-0.07233388,0.1350372,-0.06400137,-0.9887713,moving,-12.583179765963262,1.3630566132926267,12.070241424661269,1.8140215635420118,-0.125162,-0.09473066799999999,-2.0412410000000003,-0.21779802072101817,0.023216534848143792,0.9757177307873198,-12.10376638280899,1.8426491923622668,24.648164019004362,24.657545412889096,24.174024758338543
3991,05/05/2023 15:32:53.207129,4174,True,True,True,True,Eyes,2.184202,0.007511386,-2.103616,0.3458546,-0.02477188,-0.9379611,0.0,0.0,0.0,0.0,0.0,0.0,0.0,2.048251,-0.04045506,-2.624257,2.338158,0.00531764,-2.369954,-0.03099764,0.9972375,-0.03424139,0.05817237,3.708892,173.2006,356.2188,0.7219601,0.002309049,-0.6919256,0.0,0.0,0.0,2.180366,-0.08988716,-4.408626,0.4267159,0.06164677,2.010662,-0.9913103,-0.06580782,-0.1139005,-0.05784021,0.9957334,-0.0719,0.1181461,-0.06468718,-0.990887,moving,-13.558940517273816,1.3420670959095462,11.981908968652728,1.756134846874799,-0.15779200000000015,-0.09520479999999999,-2.038672,-0.23438475292277744,0.022768921552793867,0.9718772758438977,-13.088144712407772,1.8046532301122995,25.535103115071024,25.5442056945434,25.070100630128454
3992,05/05/2023 15:32:53.227162,4175,True,True,True,True,Eyes,2.184202,0.007511386,-2.103616,0.3458546,-0.02477188,-0.9379611,0.0,0.0,0.0,0.0,0.0,0.0,0.0,2.093763,-0.03424485,-2.600835,2.342138,0.004932758,-2.379858,-0.0310895,0.9977011,-0.03356053,0.04999747,3.661283,174.1422,356.243,0.7217907,0.002325841,-0.6921023,0.0,0.0,0.0,2.152461,-0.09327753,-4.415068,0.4235108,0.0596099,2.010915,-0.9930677,-0.06539194,-0.0976783,-0.05868018,0.9958143,-0.07007553,0.1018518,-0.06385796,-0.9927481,moving,-14.49364150082049,1.2289390657050836,11.89303074294476,1.6979314514982178,-0.18967699999999965,-0.09821028799999999,-2.0352099999999997,-0.25021860665641316,0.020765134215353327,0.9679667006550615,-14.031205271148558,1.6776387894631533,26.382498257858277,26.390839811529744,25.924243956315205
3993,05/05/2023 15:32:53.247187,4176,True,True,True,True,Eyes,2.184202,0.007511386,-2.103616,0.3458546,-0.02477188,-0.9379611,0.0,0.0,0.0,0.0,0.0,0.0,0.0,2.136298,-0.0245772,-2.5795,2.346508,0.004522041,-2.389993,-0.03134859,0.998086,-0.0323064,0.04240287,3.544893,175.0184,356.2478,0.7216383,0.002340954,-0.6922613,0.0,0.0,0.0,2.126147,-0.0936154,-4.421535,0.420365,0.05761034,2.011165,-0.9944386,-0.06531693,-0.0826179,-0.0598374,0.9959471,-0.06714766,0.08666893,-0.06183058,-0.9943168,moving,-15.358742997079599,1.0467127486747936,11.805752586656782,1.640803688325147,-0.22036100000000003,-0.098137441,-2.0315420000000004,-0.26482074531720207,0.01761537340498913,0.9641367885121637,-14.904131063585345,1.4845638417930578,27.16371763925199,27.170991228945038,26.710340609941987
3994,05/05/2023 15:32:53.256993,4177,True,True,True,True,Eyes,2.184202,0.007511386,-2.103616,0.3458546,-0.02477188,-0.9379611,0.0,0.0,0.0,0.0,0.0,0.0,0.0,2.174193,-0.01553848,-2.561225,2.350846,0.004101887,-2.400154,-0.03143543,0.9983886,-0.03097218,0.03567255,3.416956,175.796,356.2677,0.7215012,0.002354556,-0.6924044,0.0,0.0,0.0,2.102767,-0.09179877,-4.428173,0.4170666,0.05551345,2.011428,-0.9954785,-0.06497926,-0.0692829,-0.06055984,0.9961051,-0.06408731,0.07317739,-0.05960178,-0.9955363,moving,-16.124512177077843,0.8643053366361609,11.714199305581053,1.580906290115562,-0.24807900000000016,-0.095900657,-2.028019,-0.2776965155264586,0.014491115530335575,0.9605595912426537,-15.676849878303816,1.2930989636471288,27.84166380775353,27.847933028166594,27.39256118823446
3995,05/05/2023 15:32:53.277102,4178,True,True,True,True,Eyes,2.184202,0.007511386,-2.103616,0.3458546,-0.02477188,-0.9379611,0.0,0.0,0.0,0.0,0.0,0.0,0.0,2.20917,-0.004228413,-2.545159,2.355354,0.003233451,-2.410515,-0.03122848,0.9986567,-0.02896413,0.0295056,3.21068,176.5122,356.3201,0.7213777,0.002366797,-0.6925333,0.0,0.0,0.0,2.08271,-0.08935814,-4.43496,0.4139733,0.0535475,2.011673,-0.9963083,-0.06408226,-0.05712292,-0.06066385,0.9963717,-0.05969328,0.06074094,-0.05600762,-0.9965809,moving,-16.823639438256322,0.6181651291827909,11.628314819107775,1.5247614555503617,-0.2726440000000001,-0.092591591,-2.024445,-0.2894113259653339,0.010327099075892163,0.9571491581361645,-16.382411509225133,1.0407471921148925,28.46113911747203,28.466394537456303,28.014907803667164
3996,05/05/2023 15:32:53.297076,4179,True,True,True,True,Eyes,2.184202,0.007511386,-2.103616,0.3458546,-0.02477188,-0.9379611,0.0,0.0,0.0,0.0,0.0,0.0,0.0,2.24169,-0.004391909,-2.530181,2.359571,0.002964539,-2.420624,-0.03121473,0.9987991,-0.02929883,0.02382847,3.269907,177.1622,356.3389,0.7212666,0.002377814,-0.6926492,0.0,0.0,0.0,2.065196,-0.08445551,-4.442101,0.4107569,0.05150334,2.011926,-0.9969159,-0.06375078,-0.0457706,-0.0609582,0.9963344,-0.06001488,0.04942882,-0.05703968,-0.9971478,moving,-17.475277314208824,0.6323989899088244,11.538988251312409,1.4663957204029097,-0.29437500000000005,-0.087420049,-2.021477,-0.3002776191838049,0.010527873584823016,0.95379378839883,-17.03977264900514,1.042893484684214,29.02128339608017,29.026249445167146,28.58189862030124
3997,05/05/2023 15:32:53.307056,4180,True,True,True,True,Eyes,2.184202,0.007511386,-2.103616,0.3458546,-0.02477188,-0.9379611,0.0,0.0,0.0,0.0,0.0,0.0,0.0,2.274688,-5.756319e-05,-2.514814,2.364012,0.002967933,-2.431034,-0.03165736,0.9989119,-0.02910358,0.01806035,3.267649,177.823,356.3075,0.7211666,0.002387729,-0.6927535,0.0,0.0,0.0,2.049722,-0.08850758,-4.448688,0.4075504,0.04946505,2.012182,-0.9973434,-0.06429707,-0.0342387,-0.06219459,0.9963017,-0.05928729,0.03792407,-0.05700032,-0.9976538,moving,-18.134108695124134,0.567859323908107,11.449881436197433,1.4082065650428426,-0.31428999999999974,-0.09147551300000001,-2.017654,-0.3112284313444368,0.009418631842195054,0.9502884974523299,-17.704479247567818,0.9681729982796177,29.591416856813684,29.595922955295965,29.157681259300357
3998,05/05/2023 15:32:53.327028,4181,True,True,True,True,Eyes,2.184202,0.007511386,-2.103616,0.3458546,-0.02477188,-0.9379611,0.0,0.0,0.0,0.0,0.0,0.0,0.0,2.307515,0.01191197,-2.498995,2.368466,0.002192849,-2.441331,-0.03211397,0.9990295,-0.02754336,0.01226244,3.109574,178.4924,356.2768,0.7210766,0.002396653,-0.6928474,0.0,0.0,0.0,2.034081,-0.09047079,-4.455404,0.4043744,0.04744623,2.012435,-0.9976369,-0.06484109,-0.02273202,-0.06349009,0.9964201,-0.05582084,0.02627012,-0.05424566,-0.9981822,moving,-18.790848568033976,0.3459565621588548,11.361592300394824,1.350585341319908,-0.33438500000000015,-0.09266363899999999,-2.014073,-0.3221092393420513,0.00571623200473336,0.9466852899011676,-18.367252905022266,0.7401945215342922,30.165320149765616,30.169172499556794,29.735110798524513
3999,05/05/2023 15:32:53.347271,4182,True,True,True,True,Eyes,2.184202,0.007511386,-2.103616,0.3458546,-0.02477188,-0.9379611,0.0,0.0,0.0,0.0,0.0,0.0,0.0,2.338131,0.002219185,-2.484485,2.372823,0.003122423,-2.451373,-0.03248204,0.9989996,-0.02992086,0.007027412,3.401089,179.0825,356.2482,0.7209956,0.002404685,-0.6929319,0.0,0.0,0.0,2.018244,-0.08775729,-4.462014,0.4011611,0.04540374,2.01269,-0.9977911,-0.06531961,-0.01209698,-0.06447855,0.9960994,-0.06023839,0.01598454,-0.05932533,-0.9981107,moving,-19.39878299898764,0.5786443995312994,11.27223850399299,1.2923011106678433,-0.35457899999999976,-0.090879713,-2.010641,-0.33212603991893486,0.009525804669168383,0.9431869529135121,-18.980279986319232,0.9559342389819279,30.675372080910133,30.679323101034196,30.254388403652296
4000,05/05/2023 15:32:53.357172,4183,True,True,True,True,Eyes,2.184202,0.007511386,-2.103616,0.3458546,-0.02477188,-0.9379611,0.0,0.0,0.0,0.0,0.0,0.0,0.0,2.368351,0.009501621,-2.470679,2.377004,0.006654121,-2.462364,-0.03403914,0.9989844,-0.02947236,0.001732615,3.369037,179.6862,356.0877,0.7209227,0.002411913,-0.6930079,0.0,0.0,0.0,2.005152,-0.09910759,-4.46794,0.3979309,0.04335044,2.012946,-0.9976768,-0.06811126,-0.001455283,-0.067907,0.9959455,-0.05900282,0.005468139,-0.05876691,-0.9982569,moving,-19.99923751268738,0.4380874150067292,11.182383425380129,1.2337208106172874,-0.37185200000000007,-0.105761711,-2.0055759999999996,-0.34199882294284384,0.007184943122717788,0.9396729522504824,-19.586181063297797,0.8082112176962364,31.18839108534439,31.19177001751489,30.771506610947732
4001,05/05/2023 15:32:53.376945,4184,True,True,True,True,Eyes,2.184202,0.007511386,-2.103616,0.3458546,-0.02477188,-0.9379611,0.0,0.0,0.0,0.0,0.0,0.0,0.0,2.400545,0.04641141,-2.454282,2.381093,0.009185882,-2.473576,-0.03569369,0.9990808,-0.02336272,-0.004213317,2.692934,180.3872,355.9169,0.7208571,0.002418419,-0.6930764,0.0,0.0,0.0,1.991397,-0.09739427,-4.475066,0.3947267,0.04131394,2.0132,-0.9974166,-0.07112491,0.01008669,-0.07151864,0.9963603,-0.04638171,-0.006751085,-0.04698326,-0.9988731,moving,-20.650480851109638,-0.3620244197573838,11.093218787261815,1.175631924753363,-0.3896959999999998,-0.10658015200000001,-2.00149,-0.3526600826174044,-0.005912523688259346,0.9357328591457212,-20.24406009299446,0.01706795506637382,31.777039745590283,31.78091964945253,31.358688079873698
4002,05/05/2023 15:32:53.396909,4185,True,True,True,True,Eyes,2.366476,0.00888125,-2.502683,-0.1777947,-0.09107745,-0.9798438,0.0,0.0,0.0,0.0,0.0,0.0,0.0,2.432308,0.05382165,-2.437266,2.384881,0.01098382,-2.484251,-0.03674251,0.9990149,-0.02280881,-0.009946896,2.653952,181.0439,355.8116,0.720798,0.002424274,-0.693138,0.0,0.0,0.0,1.974178,-0.07412444,-4.482633,0.3915243,0.03927839,2.013454,-0.9971022,-0.07295887,0.0215503,-0.07386638,0.9962595,-0.04484175,-0.01819809,-0.04630365,-0.9987617,moving,9.375308980882144,-1.9553734443928739,11.004071575467423,1.1175823018892974,-0.41070300000000004,-0.08510826,-1.9983819999999999,0.16280844730554503,-0.03366582530279197,0.9860831361186906,10.044388546926973,-0.9950851160128882,3.4366675155721267,3.4779195804573724,2.3204213268141753
4003,05/05/2023 15:32:53.416893,4186,True,True,True,True,Eyes,2.366606,0.008925728,-2.503092,-0.1782806,-0.09086657,-0.9797751,0.0,0.0,0.0,0.0,0.0,0.0,0.0,2.465209,0.06004589,-2.41873,2.38864,0.01273147,-2.495065,-0.03687897,0.9989587,-0.02163366,-0.015921,2.544572,181.7331,355.81,0.710314,0.002462553,-0.7038779,0.5468216,0.004109594,-1.1972,1.958207,-0.0734422,-4.488761,0.3883997,0.03729243,2.013702,-0.9967732,-0.0729923,0.03340449,-0.07437001,0.9963439,-0.04204797,-0.03021318,-0.04439656,-0.9985572,moving,8.72590377399019,-2.0917602421631463,10.917058895076261,1.060958684757816,-0.43043300000000007,-0.08617367,-1.9936960000000004,0.15160893972152267,-0.03607807343227388,0.9877818860830897,9.389110335863299,-1.1396261149307392,3.803622507629236,3.8393746101191244,2.6790297236539367
4004,05/05/2023 15:32:53.427129,4187,True,True,True,True,Eyes,2.3673,0.009028604,-2.503923,-0.1787687,-0.09097343,-0.9796762,0.0,0.0,0.0,0.0,0.0,0.0,0.0,2.497745,0.06932122,-2.399203,2.392007,0.01375676,-2.505558,-0.03593621,0.9989344,-0.01890607,-0.02194237,2.255107,182.4365,355.9274,0.7020466,0.002493517,-0.7121242,0.5140123,0.003863018,-1.125368,1.941155,-0.06963672,-4.494723,0.3852559,0.035294,2.01395,-0.9964545,-0.07096615,0.0451968,-0.07262552,0.9967023,-0.03619478,-0.04247915,-0.03934889,-0.9983225,moving,8.073188750063176,-2.4445812305914667,10.829489712559122,1.0039922852936678,-0.45085200000000003,-0.08339347999999999,-1.9891649999999994,0.1403126422189427,-0.04223108888896634,0.9892061299228214,8.730249731107396,-1.4950664836505823,4.381552029764061,4.414731508293617,3.263756000433028
4005,05/05/2023 15:32:53.437067,4188,True,True,True,True,Eyes,2.368062,0.009106492,-2.505119,-0.1797695,-0.09108511,-0.9794828,0.0,0.0,0.0,0.0,0.0,0.0,0.0,2.531826,0.06354662,-2.37709,2.394925,0.01375662,-2.515728,-0.03415751,0.9988424,-0.01861337,-0.02829527,2.24179,183.1698,356.1449,0.6956296,0.002520176,-0.718394,0.4831716,0.003631237,-1.057846,1.923364,-0.05948207,-4.500323,0.3820217,0.03323821,2.014208,-0.9960653,-0.0671826,0.05779659,-0.06928928,0.9969736,-0.03525065,-0.05525345,-0.03911664,-0.9977058,moving,7.394150597567881,-2.5328813657069236,10.739356598406015,0.9454020217289067,-0.4715610000000001,-0.07323869,-1.9845949999999997,0.12857071111810922,-0.04382594044410936,0.9907315403662968,8.045131667061579,-1.5932967004618979,4.798256395391117,4.825853138187645,3.7018696874324406
4006,05/05/2023 15:32:53.456817,4189,True,True,True,True,Eyes,2.368913,0.009207304,-2.506656,-0.1807092,-0.09158896,-0.9792628,0.0,0.0,0.0,0.0,0.0,0.0,0.0,2.566722,0.05185506,-2.353086,2.397432,0.0131884,-2.52585,-0.03169985,0.9987082,-0.01893928,-0.03490464,2.294885,183.9321,356.4428,0.6907315,0.002543227,-0.7231049,0.4541813,0.003413363,-0.9943752,1.90453,-0.05960506,-4.504817,0.3784313,0.03095615,2.014492,-0.9955535,-0.06199567,0.07091985,-0.06463995,0.9972728,-0.03561669,-0.06851836,-0.04004258,-0.9968458,moving,6.675800855565252,-2.584063353265291,10.639273148352084,0.8803793494794988,-0.49290199999999973,-0.07279346,-1.978967,0.11613464033377198,-0.04478005597509616,0.9922235009934878,7.320397525493599,-1.6560752079042715,5.241974251040907,5.264169056583435,4.1771446134503405
4007,05/05/2023 15:32:53.477208,4190,True,True,True,True,Eyes,2.36979,0.009351755,-2.508546,-0.1821661,-0.09209551,-0.9789454,0.0,0.0,0.0,0.0,0.0,0.0,0.0,2.601793,0.02776156,-2.327364,2.399442,0.0136361,-2.535587,-0.0292152,0.9984734,-0.0215461,-0.04163189,2.605505,184.7014,356.755,0.6870653,0.002564237,-0.7265893,0.4269304,0.003208561,-0.9347126,1.883573,-0.06169464,-4.508611,0.3755995,0.02915641,2.014715,-0.9948266,-0.05654718,0.08439562,-0.0601352,0.9973645,-0.04059384,-0.08187772,-0.04545897,-0.9956053,moving,5.963837911134085,-2.371727376180888,10.560314522936359,0.829111131119466,-0.5158690000000001,-0.07533074000000001,-1.9730240000000001,0.10381271646305026,-0.04115903856884608,0.9937449474473723,6.602402814095726,-1.4620322442826539,5.585022315767801,5.601157415451031,4.573226766914888
4008,05/05/2023 15:32:53.486952,4191,True,True,True,True,Eyes,2.370761,0.009517427,-2.510771,-0.1837899,-0.09270072,-0.9785846,0.0,0.0,0.0,0.0,0.0,0.0,0.0,2.637069,0.02247626,-2.300735,2.401078,0.01481536,-2.5461,-0.02835075,0.9981759,-0.02178981,-0.04864573,2.651358,185.5078,356.8737,0.6843853,0.002585064,-0.7291142,0.4013146,0.003016048,-0.8786299,1.862242,-0.07190385,-4.511358,0.3725124,0.02719429,2.014962,-0.9936597,-0.0544781,0.09834951,-0.05871803,0.9974429,-0.04074183,-0.09587848,-0.0462584,-0.9943177,moving,5.250566141705688,-2.40589160145736,10.474191297659523,0.7732272132579373,-0.5388360000000001,-0.08671921,-1.9652580000000004,0.09143146589070861,-0.041802558627968514,0.9949335672922688,5.8828105091672125,-1.5081415342333666,6.102056558628003,6.114986198511859,5.126930944236163
4009,05/05/2023 15:32:53.507232,4192,True,True,True,True,Eyes,2.371746,0.009687617,-2.513296,-0.1859439,-0.09342199,-0.978109,0.0,0.0,0.0,0.0,0.0,0.0,0.0,2.673973,0.03509226,-2.270577,2.402619,0.01527547,-2.556184,-0.02867014,0.9978119,-0.01974182,-0.0562134,2.442716,186.3816,356.8445,0.6824865,0.002606748,-0.7308918,0.3772357,0.002835085,-0.8259121,1.839502,-0.07347963,-4.514581,0.3692256,0.02510488,2.015223,-0.9920363,-0.05499529,0.1133128,-0.05943431,0.9975766,-0.03617395,-0.1110488,-0.04262053,-0.9929007,moving,4.522746161729391,-2.6886070354825624,10.382477449450565,0.7137320616137962,-0.5631170000000001,-0.0887551,-1.9583969999999997,0.07876859902090377,-0.04676208016313741,0.9957955782744118,5.14826231304779,-1.7966391794134107,6.7643288749051615,6.775866150975011,5.80508155514842
4010,05/05/2023 15:32:53.526949,4193,True,True,True,True,Eyes,2.372764,0.009883554,-2.516121,-0.1882033,-0.09410988,-0.9776108,0.0,0.0,0.0,0.0,0.0,0.0,0.0,2.711536,0.0338333,-2.238495,2.404041,0.01559249,-2.566081,-0.02950519,0.9972933,-0.02115567,-0.06393925,2.634809,187.2626,356.778,0.6811988,0.002629691,-0.7320921,0.3546015,0.00266498,-0.7763574,1.814332,-0.06774664,-4.516711,0.3660141,0.02306349,2.015476,-0.9900827,-0.05614529,0.1287808,-0.061556,0.9973638,-0.03842374,-0.126284,-0.0459699,-0.9909287,moving,3.772154321697484,-2.568294003139698,10.29284581597786,0.6556183069966997,-0.5897089999999998,-0.08333913,-1.9506299999999999,0.06572316509112326,-0.044713293173124155,0.9968356007412476,4.391194984621724,-1.6929353074178288,7.265425064445138,7.274134185387938,6.351786096447684
4011,05/05/2023 15:32:53.546806,4194,True,True,True,True,Eyes,2.373766,0.01006476,-2.519227,-0.1909693,-0.0947593,-0.9770115,0.0,0.0,0.0,0.0,0.0,0.0,0.0,2.748208,0.03625612,-2.206004,2.405036,0.01631824,-2.576034,-0.03017581,0.9967398,-0.02155992,-0.07165451,2.711316,188.1462,356.725,0.6803806,0.002654778,-0.7328525,0.3333254,0.002505081,-0.7297759,1.788863,-0.07640232,-4.51759,0.3629248,0.02109984,2.015722,-0.9879102,-0.05706513,0.144143,-0.0632446,0.9972492,-0.0386548,-0.1415406,-0.04730373,-0.9888017,moving,3.0548401880937797,-2.5630129027788944,10.206584872706426,0.5997293419119651,-0.6161729999999999,-0.09272056,-1.9415560000000003,0.05323860461755195,-0.0446546798825347,0.9975829189366636,3.667569077099401,-1.700691548205071,7.81277892516364,7.8198715168625,6.931858614173044
4012,05/05/2023 15:32:53.557043,4195,True,True,True,True,Eyes,2.374774,0.01027003,-2.522582,-0.1937497,-0.09570919,-0.9763713,0.0,0.0,0.0,0.0,0.0,0.0,0.0,2.78391,0.04114796,-2.173406,2.405784,0.01614345,-2.586015,-0.03038522,0.9961632,-0.02114089,-0.07930253,2.690383,189.0261,356.7182,0.6799185,0.00268157,-0.7332812,0.3133259,0.002354776,-0.6859893,1.763175,-0.08059534,-4.518332,0.3596625,0.01902636,2.015981,-0.985576,-0.05718423,0.1592813,-0.06389033,0.9972596,-0.03730029,-0.1567118,-0.04693879,-0.9865287,moving,2.3472057705575975,-2.676016790703039,10.115469237503598,0.5407281927427448,-0.6426090000000002,-0.09673879,-1.9323169999999998,0.04091042704789029,-0.04664924127462127,0.9980732919037048,2.953575103083776,-1.823501281666124,8.401673438473201,8.407934679837345,7.542036104415086
4013,05/05/2023 15:32:53.577015,4196,True,True,True,True,Eyes,2.375726,0.01051431,-2.526211,-0.1970233,-0.09672107,-0.9756162,0.0,0.0,0.0,0.0,0.0,0.0,0.0,2.81802,0.01984757,-2.140763,2.406024,0.01690208,-2.595237,-0.03017423,0.9954566,-0.0255593,-0.08661585,3.216756,189.856,356.805,0.6797178,0.00271084,-0.7334668,0.2945264,0.002213489,-0.64483,1.737324,-0.0818854,-4.518927,0.3565468,0.01704604,2.01623,-0.9831743,-0.05564659,0.1739871,-0.06450196,0.9968724,-0.04565921,-0.1709022,-0.05611348,-0.9836888,moving,1.6829242023756756,-2.245491174098744,10.028413707249433,0.48439061052446486,-0.6686999999999999,-0.09878748,-1.9236899999999997,0.02934581489621446,-0.03916431012296133,0.9988018300884037,2.2839271195766253,-1.4160508549897233,8.77633908761141,8.780629227679281,7.974255468097929
4014,05/05/2023 15:32:53.596796,4197,True,True,True,True,Eyes,2.376648,0.01075013,-2.530074,-0.2011348,-0.09755515,-0.9746937,0.0,0.0,0.0,0.0,0.0,0.0,0.0,2.85292,0.01326773,-2.106513,2.405723,0.0180979,-2.605551,-0.0298207,0.9947329,-0.02665837,-0.09437428,3.363162,190.7478,356.8822,0.6797041,0.002743529,-0.7334795,0.2768548,0.00208068,-0.6061402,1.713116,-0.1009948,-4.518054,0.3532652,0.01496007,2.016488,-0.9804085,-0.05429553,0.1893443,-0.06435899,0.9968001,-0.04740731,-0.1861645,-0.05866453,-0.9807657,moving,1.0285918470317383,-2.1833074813038884,9.93671600575647,0.4250623594109819,-0.692607,-0.1190927,-1.912503,0.01793832287804513,-0.03809055331352405,0.9991132819669876,1.6239016985233543,-1.367242588007501,9.278508736790814,9.28214787930068,8.503836706515498
4015,05/05/2023 15:32:53.607220,4198,True,True,True,True,Eyes,2.377505,0.01097373,-2.534147,-0.2056821,-0.09872094,-0.9736267,0.0,0.0,0.0,0.0,0.0,0.0,0.0,2.887997,0.01403396,-2.069495,2.40527,0.01801765,-2.614936,-0.02895379,0.9939836,-0.02591592,-0.1024048,3.293457,191.678,356.9999,0.6798174,0.002779167,-0.7333744,0.2602435,0.001955839,-0.5697718,1.686233,-0.1063325,-4.51783,0.3500702,0.01292945,2.016741,-0.9773498,-0.05225136,0.205078,-0.06286701,0.9969801,-0.04558999,-0.2020766,-0.05745002,-0.9776832,moving,0.373438172782783,-2.355832234587798,9.847402635278655,0.367321717193491,-0.7190369999999997,-0.12435014999999999,-1.9028939999999999,0.006512170782302082,-0.04110457097297043,0.999133578198938,0.9627837460207722,-1.547090841514649,9.853820270380822,9.857564104875847,9.088532788756249
4016,05/05/2023 15:32:53.626865,4199,True,True,True,True,Eyes,2.378794,0.01126142,-2.538569,-0.21234,-0.09851126,-0.9722177,0.0,0.0,0.0,0.0,0.0,0.0,0.0,2.922455,-0.006340325,-2.031836,2.404685,0.01802216,-2.624177,-0.02874663,0.9930198,-0.03039875,-0.1102781,3.825236,192.5771,357.1053,0.6800098,0.00281719,-0.7331955,0.2446289,0.001838489,-0.5355855,1.657998,-0.1051293,-4.516283,0.3468554,0.01088599,2.016996,-0.9740249,-0.0503873,0.2207644,-0.06379657,0.9964991,-0.05403288,-0.217269,-0.06671337,-0.9738296,moving,-0.16297116104587217,-1.83883589894264,9.757507547318847,0.30922977873964447,-0.7466870000000001,-0.12315145999999999,-1.8921059999999996,-0.002842914781288175,-0.032088101985576115,0.9994810011633976,0.42223148055133,-1.0531050019086605,10.147989137908688,10.15037358715207,9.434157900805268
4017,05/05/2023 15:32:53.646956,4200,True,True,True,True,Eyes,2.379994,0.01154974,-2.543197,-0.2193343,-0.09835809,-0.9706792,0.0,0.0,0.0,0.0,0.0,0.0,0.0,2.956477,-0.01408213,-1.993211,2.403788,0.01861981,-2.633496,-0.02920496,0.9920048,-0.03286244,-0.1182947,4.135129,193.4965,357.1169,0.6802493,0.002859204,-0.7329727,0.2299512,0.00172818,-0.5034503,1.631117,-0.1250573,-4.51325,0.3436434,0.008844376,2.017252,-0.9703069,-0.050168,0.2366173,-0.06571782,0.9961343,-0.0582898,-0.2327784,-0.07210898,-0.9698529,moving,-0.6834306700471878,-1.5463087162825555,9.667659253030559,0.2512041977211899,-0.7726710000000001,-0.14367711,-1.8797540000000001,-0.011923489292494371,-0.026982983431141853,0.9995647589555288,-0.10248294527235124,-0.7774994252417842,10.504301646664473,10.50600377268407,9.82414931273728
4018,05/05/2023 15:32:53.656903,4201,True,True,True,True,Eyes,2.381145,0.01182036,-2.548025,-0.2265687,-0.09825879,-0.9690263,0.0,0.0,0.0,0.0,0.0,0.0,0.0,2.989522,-0.008576885,-1.955222,2.403029,0.01892273,-2.642972,-0.03005373,0.9909971,-0.03301592,-0.1262206,4.187703,194.4094,357.0555,0.6805056,0.002904868,-0.732734,0.2161541,0.001624489,-0.4732433,1.603331,-0.1371306,-4.51001,0.3404864,0.006837614,2.017503,-0.9663303,-0.05123175,0.2521529,-0.0679009,0.9960135,-0.05785056,-0.2481839,-0.07302415,-0.9659568,moving,-1.1675280955715925,-1.5144829027383049,9.57932776148294,0.19418306895479764,-0.799698,-0.15605333,-1.8670380000000004,-0.020368685783280757,-0.026424153804697436,0.9994433533016323,-0.5908082434204529,-0.755202691762423,10.880264859110957,10.881840387320945,10.214352631512432
4019,05/05/2023 15:32:53.677152,4202,True,True,True,True,Eyes,2.382194,0.01208264,-2.553056,-0.2340152,-0.09818523,-0.9672624,0.0,0.0,0.0,0.0,0.0,0.0,0.0,3.019372,-0.003023461,-1.920292,2.401993,0.01865415,-2.65221,-0.03129982,0.9899777,-0.03372633,-0.1335182,4.308968,195.2477,356.9552,0.6807323,0.002953319,-0.732523,0.2031848,0.00152702,-0.4448487,1.575984,-0.1409089,-4.507262,0.3373009,0.004812866,2.017755,-0.9623863,-0.05296608,0.2664713,-0.0709784,0.9957657,-0.05841842,-0.2622488,-0.07513481,-0.9620708,moving,-1.5668022812331752,-1.4132132690739936,9.490180378056534,0.13666495000381246,-0.826009,-0.15956305,-1.8550519999999997,-0.027334139953825984,-0.024653508592765282,0.9993222968502226,-0.9934851205178032,-0.6637315690613719,11.163730102045651,11.165078952779739,10.514175044849196
4020,05/05/2023 15:32:53.697007,4203,True,True,True,True,Eyes,2.382828,0.01229459,-2.55817,-0.2411933,-0.09799537,-0.9655169,0.0,0.0,0.0,0.0,0.0,0.0,0.0,3.0463,0.006402731,-1.889508,2.40074,0.01869904,-2.662014,-0.03251484,0.9890251,-0.03345769,-0.1401893,4.318312,196.0162,356.8419,0.6808804,0.00300401,-0.7323852,0.1909938,0.001435398,-0.4181578,1.551134,-0.1479523,-4.504839,0.3340071,0.002719335,2.018016,-0.9585799,-0.05493517,0.2794772,-0.07369681,0.9956467,-0.05706451,-0.2751257,-0.07529744,-0.9584554,moving,-1.906220540613073,-1.4159525433514757,9.397974846296735,0.07720767539806309,-0.8496059999999999,-0.16665134,-1.8428249999999995,-0.03325354460641891,-0.0246968545754093,0.9991418577144725,-1.3358958726211465,-0.6725044489009675,11.401061598858691,11.402383995651487,10.760020858704857
4021,05/05/2023 15:32:53.716911,4204,True,True,True,True,Eyes,2.383369,0.01246959,-2.563469,-0.2485373,-0.09780832,-0.9636715,0.0,0.0,0.0,0.0,0.0,0.0,0.0,3.070365,0.02089876,-1.861626,2.399097,0.01827105,-2.67156,-0.03359399,0.9881456,-0.0319942,-0.1463428,4.189897,196.7284,356.722,0.6809503,0.003055282,-0.7323201,0.1795341,0.001349274,-0.3930683,1.528447,-0.1508456,-4.504066,0.3306645,0.0005943552,2.018281,-0.9549105,-0.05702727,0.2913657,-0.07575575,0.9956957,-0.05339737,-0.2870664,-0.07306233,-0.9551203,moving,-2.1712280699654256,-1.5541163366265476,9.304376779930042,0.016872795962129816,-0.8706499999999999,-0.16911665,-1.832506,-0.03787209361739072,-0.027101664484200285,0.9989150219973585,-1.603392838607124,-0.8118631509485048,11.581075919963606,11.58263845268668,10.93920661294887
4022,05/05/2023 15:32:53.727396,4205,True,True,True,True,Eyes,2.383369,0.01246959,-2.563469,-0.2485373,-0.09780832,-0.9636715,0.0,0.0,0.0,0.0,0.0,0.0,0.0,3.093996,0.03472304,-1.834121,2.397524,0.01754917,-2.68134,-0.03512786,0.9871985,-0.03129299,-0.1524007,4.157121,197.4269,356.5616,0.6809461,0.003105999,-0.7323241,0.1687621,0.001268318,-0.3694842,1.506887,-0.149217,-4.503959,0.3276341,-0.001331724,2.018523,-0.9510803,-0.05981819,0.303098,-0.07889448,0.9955736,-0.05107776,-0.298701,-0.0724918,-0.9515898,moving,-2.858962339256891,-1.6377660287755298,9.2194908647877,-0.03780098299872873,-0.8906370000000001,-0.16676617,-1.822619,-0.049857277871975816,-0.028544973323705897,0.9983483626499859,-2.2972783797294447,-0.9057195274654195,12.18208853997465,12.183961586856823,11.549426671107323
4023,05/05/2023 15:32:53.747361,4206,True,True,True,True,Eyes,2.383369,0.01246959,-2.563469,-0.2485373,-0.09780832,-0.9636715,0.0,0.0,0.0,0.0,0.0,0.0,0.0,3.115863,0.04499394,-1.808164,2.395592,0.01648596,-2.690901,-0.03693008,0.9862176,-0.03176347,-0.1581209,4.26274,198.0831,356.3896,0.6809422,0.003151644,-0.7323278,0.1586364,0.001192219,-0.3473152,1.486244,-0.1515696,-4.503889,0.3244058,-0.003383577,2.018778,-0.9472681,-0.06279724,0.3142294,-0.08288712,0.9952545,-0.05097255,-0.3095372,-0.07433021,-0.9479778,moving,-3.512347695037465,-1.5858508920392584,9.129051427727523,-0.0960306186347164,-0.9093480000000003,-0.16805556,-1.8129879999999998,-0.061240267404489665,-0.027622841773960377,0.9977407604810578,-2.956360009703398,-0.8668973652496941,12.726975587553486,12.728885898934383,12.10997131099091
4024,05/05/2023 15:32:53.757066,4207,True,True,True,True,Eyes,2.383369,0.01246959,-2.563469,-0.2485373,-0.09780832,-0.9636715,0.0,0.0,0.0,0.0,0.0,0.0,0.0,3.1365,0.05330142,-1.784198,2.393733,0.01581289,-2.70067,-0.03836577,0.9852739,-0.03212471,-0.1634979,4.349989,198.7016,356.2568,0.6809387,0.003192725,-0.732331,0.1491182,0.001120686,-0.3264762,1.467081,-0.1593133,-4.50379,0.3209249,-0.005595848,2.019055,-0.9435932,-0.06509693,0.3246454,-0.08610622,0.9949921,-0.05075782,-0.3197154,-0.07584871,-0.9444731,moving,-4.128446454855199,-1.5514291125006419,9.031500699786388,-0.1587958982181181,-0.926652,-0.17512619,-1.8031200000000003,-0.07196639584148255,-0.02700403568046366,0.9970414418625327,-3.5778463185562606,-0.8444457990413807,13.231437280643348,13.23342874626535,12.6279748184531
4025,05/05/2023 15:32:53.776753,4208,True,True,True,True,Eyes,2.383369,0.01246959,-2.563469,-0.2485373,-0.09780832,-0.9636715,0.0,0.0,0.0,0.0,0.0,0.0,0.0,3.15515,0.06068903,-1.762817,2.39149,0.01506136,-2.710485,-0.0391248,0.9844178,-0.03184252,-0.168454,4.351451,199.276,356.1873,0.6809355,0.003229698,-0.732334,0.1401711,0.001053445,-0.3068877,1.448591,-0.1653927,-4.504169,0.318128,-0.007373892,2.019276,-0.9401848,-0.06630231,0.33415,-0.0877583,0.9949107,-0.04951122,-0.3291666,-0.07587415,-0.9412185,moving,-4.697006699421239,-1.597631266430518,8.95310672745558,-0.20922895739849806,-0.9428990000000002,-0.18045406,-1.7936840000000003,-0.08185482341512339,-0.027786753870562855,0.9962568449239272,-4.151466097214785,-0.8996792386757351,13.71824422156386,13.720541444794673,13.122749350193535
4026,05/05/2023 15:32:53.787143,4209,True,True,True,True,Eyes,2.383369,0.01246959,-2.563469,-0.2485373,-0.09780832,-0.9636715,0.0,0.0,0.0,0.0,0.0,0.0,0.0,3.171676,0.06507759,-1.744639,2.389004,0.01395352,-2.720294,-0.03918192,0.983663,-0.03138641,-0.1728782,4.318155,199.7922,356.1916,0.6809327,0.003262973,-0.7323366,0.1317608,0.0009902379,-0.2884744,1.431591,-0.1684843,-4.505654,0.3147964,-0.009491391,2.01954,-0.9371558,-0.06623155,0.3425674,-0.08793566,0.9949594,-0.04819989,-0.3376483,-0.07529469,-0.938256,moving,-5.207582654627338,-1.6693359297040897,8.859700779440763,-0.26927549943819906,-0.9574129999999998,-0.18243782,-1.7853599999999998,-0.090726173986949,-0.029011145654436687,0.9954532292610584,-4.666619575273042,-0.9787131611701967,14.134080191649215,14.136782958749954,13.54491211245864
4027,05/05/2023 15:32:53.807019,4210,True,True,True,True,Eyes,2.383369,0.01246959,-2.563469,-0.2485373,-0.09780832,-0.9636715,0.0,0.0,0.0,0.0,0.0,0.0,0.0,3.186147,0.06423362,-1.730095,2.386325,0.01271993,-2.730233,-0.03904215,0.9829724,-0.03181784,-0.1767165,4.378846,200.2392,356.2329,0.6809301,0.003292921,-0.732339,0.1238552,0.0009308236,-0.2711659,1.415903,-0.1701597,-4.50803,0.3117208,-0.01144622,2.019782,-0.9344941,-0.06550922,0.3498994,-0.08800017,0.9949266,-0.04875333,-0.3449305,-0.0763509,-0.935518,moving,-5.656482760945725,-1.638752414816865,8.773458989852479,-0.3246949803701914,-0.9704219999999999,-0.18287963,-1.7777969999999996,-0.09852403715768172,-0.028458588722951053,0.9947276711215045,-5.119438952553242,-0.9569935947389847,14.486863306163551,14.48965030193806,13.907279201045538
4028,05/05/2023 15:32:53.827431,4211,True,True,True,True,Eyes,2.383369,0.01246959,-2.563469,-0.2485373,-0.09780832,-0.9636715,0.0,0.0,0.0,0.0,0.0,0.0,0.0,3.199931,0.06631769,-1.715886,2.383309,0.01127399,-2.740059,-0.03886341,0.9822988,-0.0315905,-0.1805016,4.363994,200.682,356.2654,0.6809279,0.003319874,-0.7323411,0.1164239,0.0008749742,-0.254896,1.402393,-0.1751139,-4.511392,0.3085568,-0.01345734,2.020035,-0.9318178,-0.06494669,0.3570685,-0.08775524,0.9949833,-0.04803281,-0.3521577,-0.07609245,-0.9328427,moving,-6.096206151425769,-1.6839014659473102,8.684701034883314,-0.3816950592656235,-0.9809160000000001,-0.18638789,-1.7713329999999998,-0.10615288759377388,-0.029219361642658925,0.9939204244935614,-5.563085967596485,-1.0088840316274301,14.835020376290002,14.838158874196163,14.26158478133074
4029,05/05/2023 15:32:53.847164,4212,True,True,True,True,Eyes,2.383369,0.01246959,-2.563469,-0.2485373,-0.09780832,-0.9636715,0.0,0.0,0.0,0.0,0.0,0.0,0.0,3.213874,0.06615998,-1.700786,2.380074,0.009699618,-2.749762,-0.03879428,0.9815656,-0.03203022,-0.1843863,4.426822,201.1349,356.2996,0.6809258,0.003344132,-0.732343,0.1094384,0.0008224757,-0.2396022,1.388668,-0.1776984,-4.514892,0.3053606,-0.01548918,2.020289,-0.9289936,-0.06434637,0.3644597,-0.08797012,0.9949381,-0.04857324,-0.3594893,-0.07718577,-0.9299517,moving,-6.550735828316102,-1.6519966600328981,8.595026310518431,-0.4392674782321616,-0.991406,-0.187398018,-1.7651299999999996,-0.11403618508886275,-0.02864072464323287,0.9930636808619331,-6.0215830115826785,-0.9859785740037181,15.191000289670178,15.19423650054667,14.626830179405678
4030,05/05/2023 15:32:53.857152,4213,True,True,True,True,Eyes,2.383369,0.01246959,-2.563469,-0.2485373,-0.09780832,-0.9636715,0.0,0.0,0.0,0.0,0.0,0.0,0.0,3.225535,0.0618401,-1.69015,2.37688,0.008171184,-2.759508,-0.03872761,0.9809248,-0.03332667,-0.1875526,4.583326,201.5024,356.3489,0.6809239,0.003365964,-0.7323447,0.1028721,0.0007731271,-0.2252261,1.37465,-0.1831975,-4.517836,0.302052,-0.01759247,2.020552,-0.9266483,-0.06347675,0.3705314,-0.08847876,0.994779,-0.050855,-0.3653687,-0.07990886,-0.9274266,moving,-6.926556450447461,-1.5181211254300742,8.502176794472534,-0.4988482417758762,-1.00223,-0.191368684,-1.7583280000000001,-0.12055525275847476,-0.026299887778298683,0.9923581832181118,-6.400563086724117,-0.862322530734734,15.459435932762847,15.462364849991488,14.907171748032669
4031,05/05/2023 15:32:53.877049,4214,True,True,True,True,Eyes,2.383369,0.01246959,-2.563469,-0.2485373,-0.09780832,-0.9636715,0.0,0.0,0.0,0.0,0.0,0.0,0.0,3.236364,0.06139873,-1.680289,2.373141,0.007073386,-2.769358,-0.03856154,0.980327,-0.03352761,-0.1906524,4.613841,201.8652,356.3865,0.6809223,0.003385613,-0.7323463,0.0966998,0.0007267395,-0.2117125,1.363244,-0.1917408,-4.52188,0.29896,-0.01955754,2.020796,-0.9243296,-0.06282158,0.3763891,-0.08839004,0.9947778,-0.05103232,-0.3712175,-0.08043971,-0.9250553,moving,-7.289562678631449,-1.5107136518746531,8.415394227126171,-0.5544990762234647,-1.009897,-0.19881418599999998,-1.7525220000000004,-0.12684052493481776,-0.02615093473410708,0.9915783512721295,-6.766758145516812,-0.8616351615483029,15.730965508467781,15.734040095486973,15.185258747912648
4032,05/05/2023 15:32:53.896781,4215,True,True,True,True,Eyes,2.383369,0.01246959,-2.563469,-0.2485373,-0.09780832,-0.9636715,0.0,0.0,0.0,0.0,0.0,0.0,0.0,3.246169,0.06435969,-1.672347,2.369319,0.005898897,-2.779351,-0.03819375,0.9798117,-0.03271479,-0.1934949,4.524723,202.2009,356.4236,0.6809208,0.003403297,-0.7323477,0.09089781,0.0006831352,-0.1990098,1.351473,-0.1955899,-4.526541,0.2957047,-0.02162658,2.021055,-0.9222021,-0.06218506,0.381676,-0.08750565,0.9949419,-0.04932807,-0.376678,-0.07888925,-0.9229791,moving,-7.618625697358845,-1.6204588022969386,8.324000387658115,-0.6130780549106262,-1.017846,-0.201488797,-1.7471899999999998,-0.13252651920256792,-0.02802913914872207,0.9907830771321217,-7.098842804150233,-0.9744618129002318,15.970741133989186,15.974421506172542,15.427076532501154
4033,05/05/2023 15:32:53.907042,4216,True,True,True,True,Eyes,2.383369,0.01246959,-2.563469,-0.2485373,-0.09780832,-0.9636715,0.0,0.0,0.0,0.0,0.0,0.0,0.0,3.255181,0.07192768,-1.665798,2.36519,0.004454913,-2.789644,-0.03777082,0.9793501,-0.0308568,-0.1962007,4.316191,202.523,356.4425,0.6809194,0.003419213,-0.732349,0.08544394,0.0006421471,-0.1870692,1.340185,-0.1952464,-4.532135,0.2925822,-0.02361151,2.021302,-0.9201575,-0.06187345,0.3866293,-0.08608995,0.9952424,-0.04561789,-0.3819674,-0.07526053,-0.9211064,moving,-7.926868882490285,-1.8506327500669708,8.236322637740068,-0.669260873764484,-1.0250050000000002,-0.199701313,-1.7424910000000002,-0.1378384672798016,-0.03198576373681746,0.9899381216626066,-7.410059706801129,-1.204229999133902,16.201397346106535,16.20630740266779,15.65552530056622
4034,05/05/2023 15:32:53.926891,4217,True,True,True,True,Eyes,2.383369,0.01246959,-2.563469,-0.2485373,-0.09780832,-0.9636715,0.0,0.0,0.0,0.0,0.0,0.0,0.0,3.263586,0.0775414,-1.65934,2.360641,0.002886928,-2.799603,-0.03717179,0.9788888,-0.0292294,-0.1988492,4.129317,202.8386,356.4851,0.6809182,0.003433537,-0.7323501,0.0803173,0.0006036183,-0.175845,1.329,-0.191146,-4.53868,0.2893322,-0.02567746,2.02156,-0.9181548,-0.06114961,0.3914754,-0.08439858,0.9955279,-0.04244148,-0.3871294,-0.07200781,-0.9192095,moving,-8.231165374584753,-2.055299338967694,8.145042641922478,-0.7277206586182161,-1.0316410000000003,-0.19403292800000002,-1.7390770000000004,-0.1430770744640452,-0.03549506270629862,0.9890748546753418,-7.717266467716351,-1.4090791546525256,16.42371437094304,16.429931653918533,15.876936092642344
4035,05/05/2023 15:32:53.946903,4218,True,True,True,True,Eyes,2.383369,0.01246959,-2.563469,-0.2485373,-0.09780832,-0.9636715,0.0,0.0,0.0,0.0,0.0,0.0,0.0,3.271898,0.07947353,-1.653387,2.355949,0.001467436,-2.809772,-0.03655066,0.9784098,-0.02834496,-0.2014322,4.024954,203.1453,356.5457,0.6809171,0.003446428,-0.7323511,0.07549827,0.0005674012,-0.1652943,1.317576,-0.1877921,-4.544889,0.2861176,-0.02772058,2.021816,-0.9161783,-0.06010387,0.3962385,-0.08294222,0.9957212,-0.04074101,-0.3920944,-0.07019093,-0.9172434,moving,-8.532191831964479,-2.173972030096396,8.054735673915795,-0.7855179341305477,-1.0383729999999998,-0.18925953599999998,-1.7351170000000002,-0.14826063362634312,-0.03751463367416942,0.9882365372934611,-8.021077675074038,-1.5300983541509048,16.637758308586175,16.644938235449597,16.0930474066734
4036,05/05/2023 15:32:53.957145,4219,True,True,True,True,Eyes,2.383369,0.01246959,-2.563469,-0.2485373,-0.09780832,-0.9636715,0.0,0.0,0.0,0.0,0.0,0.0,0.0,3.279539,0.08368751,-1.647255,2.350644,0.0001274403,-2.819626,-0.0360177,0.977927,-0.02704826,-0.204035,3.876161,203.4547,356.5864,0.6809161,0.003458031,-0.732352,0.07096837,0.0005333571,-0.1553767,1.306399,-0.1871117,-4.551199,0.2828887,-0.02977274,2.022071,-0.9141451,-0.05940777,0.401011,-0.08148293,0.9959422,-0.0382047,-0.3971142,-0.06760018,-0.9152765,moving,-8.833183438356452,-2.3398391916864014,7.9640177571235125,-0.843555488613818,-1.0442449999999999,-0.1872391403,-1.7315730000000005,-0.1534331404749156,-0.04034312216476031,0.9873351613118851,-8.32490680456346,-1.6970915240907476,16.855165010171888,16.863713497374004,16.311271781813545
4037,05/05/2023 15:32:53.976874,4220,True,True,True,True,Eyes,2.383369,0.01246959,-2.563469,-0.2485373,-0.09780832,-0.9636715,0.0,0.0,0.0,0.0,0.0,0.0,0.0,3.288578,0.08822729,-1.638189,2.345132,-0.0007561231,-2.829583,-0.03642171,0.9772758,-0.0267932,-0.2070937,3.867772,203.8124,356.5471,0.6809152,0.003468473,-0.7323529,0.06671027,0.0005013557,-0.1460541,1.294567,-0.1849376,-4.557287,0.2795813,-0.03187505,2.022334,-0.9115717,-0.06009069,0.4067269,-0.0822855,0.9959112,-0.03728328,-0.4028235,-0.06745409,-0.912789,moving,-9.186508779325425,-2.3819396501515975,7.871069467801016,-0.9029935835158334,-1.050565,-0.1841814769,-1.7277039999999997,-0.1595143190115,-0.041028556526797696,0.9863426668477783,-8.681391394180315,-1.7444583058370724,17.112357522434564,17.121572857797226,16.573835508606173
4038,05/05/2023 15:32:53.997362,4221,True,True,True,True,Eyes,2.383369,0.01246959,-2.563469,-0.2485373,-0.09780832,-0.9636715,0.0,0.0,0.0,0.0,0.0,0.0,0.0,3.298137,0.09443462,-1.627542,2.339397,-0.0008997126,-2.839495,-0.03780657,0.9765059,-0.02726605,-0.2103897,3.965693,204.1931,356.4159,0.6809145,0.003477871,-0.7323536,0.06270766,0.0004712743,-0.1372908,1.281216,-0.1875543,-4.562093,0.2764022,-0.03389579,2.022588,-0.9086139,-0.06236367,0.4129552,-0.08530966,0.9956545,-0.03734268,-0.4088319,-0.06915914,-0.9099855,moving,-9.564816257171358,-2.3360406116005326,7.781705720099328,-0.9601084987969192,-1.058181,-0.18665458740000002,-1.722598,-0.16602896266720665,-0.04019458819054703,0.9853013729314529,-9.062979175910568,-1.7065494856539165,17.391723445070753,17.401006117089295,16.861215359300882
4039,05/05/2023 15:32:54.007151,4222,True,True,True,True,Eyes,2.383369,0.01246959,-2.563469,-0.2485373,-0.09780832,-0.9636715,0.0,0.0,0.0,0.0,0.0,0.0,0.0,3.307829,0.1156412,-1.616947,2.333884,-0.001243707,-2.850019,-0.03933173,0.9757774,-0.02468606,-0.2137806,3.726446,204.5913,356.196,0.6809137,0.003486329,-0.7323543,0.05894519,0.0004429979,-0.1290534,1.267319,-0.1936671,-4.566134,0.2731015,-0.0359937,2.022849,-0.9055018,-0.06620321,0.4191465,-0.08731283,0.9956872,-0.03135948,-0.4152628,-0.06499293,-0.907377,moving,-9.93737861344453,-2.645530888282997,7.688917464966368,-1.0193887397304962,-1.0665649999999998,-0.192423393,-1.7161149999999998,-0.1723932736979906,-0.04546576940991564,0.9839783736751618,-9.439170945885,-2.0147406232626555,17.68899592881652,17.701148316736468,17.15698510758787
4040,05/05/2023 15:32:54.026987,4223,True,True,True,True,Eyes,2.380231,0.01192405,-2.575771,-0.2599384,-0.09979168,-0.9604549,0.0,0.0,0.0,0.0,0.0,0.0,0.0,3.315732,0.123008,-1.60949,2.328444,-0.001119554,-2.859721,-0.04105621,0.9750822,-0.02525662,-0.2165442,3.843734,204.9085,356.0272,0.6809131,0.003493941,-0.7323549,0.05540848,0.000416418,-0.1213102,1.252531,-0.1883655,-4.571332,0.270072,-0.03791935,2.023088,-0.9028463,-0.06912801,0.4243706,-0.09100469,0.995353,-0.0314736,-0.4202228,-0.06703551,-0.9049417,moving,-9.565658758728755,-2.641284437793104,7.603740509020697,-1.0737863842799829,-1.0759130000000001,-0.187245946,-1.711611,-0.1660060642613932,-0.04544337212647725,0.9850770795648474,-9.06417240838788,-2.0039185828361274,17.2290015594944,17.240803965104494,16.693845181057196
4041,05/05/2023 15:32:54.046746,4224,True,True,True,True,Eyes,2.376971,0.0114616,-2.587988,-0.2711267,-0.1012696,-0.9572016,0.0,0.0,0.0,0.0,0.0,0.0,0.0,3.322773,0.1239818,-1.603834,2.3225,0.001498749,-2.869575,-0.04335392,0.9743636,-0.02737979,-0.2190586,4.148965,205.1903,355.8321,0.6806893,0.003484538,-0.7325624,0.04266906,-0.00124519,-0.150938,1.241006,-0.1950479,-4.576281,0.2667375,-0.04003883,2.023354,-0.9002678,-0.0724894,0.4292595,-0.09648051,0.9947416,-0.03436163,-0.4245114,-0.07234982,-0.9025276,moving,-9.183617641993722,-2.420203851977436,7.509961630278871,-1.1336407823451697,-1.0814939999999997,-0.196546649,-1.7067059999999996,-0.15946020241246023,-0.04168763422097851,0.9863238349443074,-8.678517829390268,-1.781681465362114,16.73324514100677,16.743083152507808,16.201445118969318
4042,05/05/2023 15:32:54.057321,4225,True,True,True,True,Eyes,2.373786,0.01105422,-2.600151,-0.2819499,-0.1028332,-0.9539022,0.0,0.0,0.0,0.0,0.0,0.0,0.0,3.330715,0.1542751,-1.594216,2.316347,0.002990202,-2.879845,-0.04406534,0.973756,-0.02139033,-0.2222618,3.511335,205.5807,355.6153,0.6802657,0.003462279,-0.7329561,0.03032994,-0.002557845,-0.1785329,1.230245,-0.205855,-4.581357,0.2635533,-0.04206248,2.023607,-0.8973162,-0.07630926,0.4347425,-0.09532627,0.9952014,-0.02206985,-0.4309723,-0.061246,-0.9002846,moving,-8.863724233674454,-3.156629860965155,7.4203986541600395,-1.1907725099535902,-1.086102,-0.208845202,-1.7015119999999997,-0.15385658327804677,-0.05441005556211614,0.9865938971698655,-8.35663523883752,-2.493319225329325,16.386829817113362,16.402355115977137,15.830711494008405
4043,05/05/2023 15:32:54.077083,4226,True,True,True,True,Eyes,2.370501,0.01071863,-2.61219,-0.292542,-0.104634,-0.9505109,0.0,0.0,0.0,0.0,0.0,0.0,0.0,3.339132,0.1577742,-1.583901,2.310733,0.003514385,-2.888587,-0.0458166,0.9729452,-0.02279103,-0.2252981,3.726487,205.928,355.4659,0.679664,0.00343005,-0.7335144,0.01895576,-0.00362649,-0.2043083,1.214558,-0.184627,-4.587656,0.2605116,-0.04399635,2.023847,-0.8942832,-0.07888452,0.4404938,-0.09942362,0.9947628,-0.02370406,-0.436317,-0.06499363,-0.8974427,moving,-8.570716418108354,-3.0415633534643316,7.334836681928212,-1.2453551010143133,-1.096175,-0.18814138500000002,-1.6990690000000002,-0.14882469606207507,-0.052469465694183516,0.9874706232342345,-8.060917353047955,-2.3759572121666173,15.992472904153617,16.006654350745894,15.437211647160474
4044,05/05/2023 15:32:54.086857,4227,True,True,True,True,Eyes,2.367148,0.01044166,-2.624103,-0.3028263,-0.106222,-0.9471078,0.0,0.0,0.0,0.0,0.0,0.0,0.0,3.349147,0.1571276,-1.571264,2.305034,0.005000282,-2.897781,-0.04827816,0.971951,-0.02582054,-0.2287225,4.144793,206.3134,355.282,0.6789024,0.003390928,-0.7342196,0.00796219,-0.004415673,-0.2281688,1.202087,-0.1941482,-4.590685,0.2572724,-0.04605507,2.024104,-0.8907105,-0.08203654,0.4471071,-0.1056595,0.994005,-0.02810798,-0.4421209,-0.07227718,-0.8940387,moving,-8.34736947740068,-2.720807733521822,7.243700237233877,-1.3034438466332372,-1.1029470000000001,-0.199148482,-1.6929039999999995,-0.14501403885419273,-0.04696744085251271,0.9883142486635974,-7.835242536805939,-2.0594755427427627,15.643874128982336,15.655362507283272,15.09788392816324
4045,05/05/2023 15:32:54.106903,4228,True,True,True,True,Eyes,2.363732,0.01018857,-2.635862,-0.3129425,-0.107924,-0.9436204,0.0,0.0,0.0,0.0,0.0,0.0,0.0,3.360452,0.1688214,-1.55424,2.299701,0.00610285,-2.906568,-0.04946173,0.9709773,-0.02468466,-0.2326963,4.068875,206.7809,355.1367,0.6779985,0.00334733,-0.7350546,-0.002572753,-0.004981659,-0.2502171,1.188755,-0.2099318,-4.592661,0.2541203,-0.04805848,2.024353,-0.8868122,-0.08456435,0.4543274,-0.1075405,0.9938884,-0.02491737,-0.4494436,-0.0709556,-0.8904864,moving,-8.17769158161608,-2.9010495524669553,7.155005035719541,-1.3599559725203019,-1.1109460000000002,-0.21603465,-1.6860929999999996,-0.14206493875089776,-0.05009790366644615,0.9885887975312795,-7.664272929876269,-2.232006864074336,15.3972122409317,15.409949869529362,14.844914017233434
4046,05/05/2023 15:32:54.127007,4229,True,True,True,True,Eyes,2.279299,0.005023775,-2.927561,-0.5514766,-0.1426473,-0.8219035,0.0,0.0,0.0,0.0,0.0,0.0,0.0,3.371891,0.1659921,-1.537698,2.294756,0.006469669,-2.914751,-0.05040594,0.9699687,-0.02658093,-0.2364605,4.324398,207.2157,355.0977,0.6769676,0.00330041,-0.7360044,-0.01266872,-0.005442023,-0.2704812,1.17253,-0.2085042,-4.594153,0.2510207,-0.05002877,2.024599,-0.8830913,-0.08521367,0.4613982,-0.110355,0.9935054,-0.02772731,-0.4560388,-0.07540335,-0.8867597,moving,6.900049904223063,-3.353471450331896,7.067770794923338,-1.4155169329137303,-1.122226,-0.214973869,-1.6794020000000005,0.11993495189141118,-0.05807347224691248,0.9910818003540839,7.545756277501585,-2.4015626975639024,1.9317543441332956,1.9451987067543433,1.0957902954215748
4047,05/05/2023 15:32:54.146998,4230,True,True,True,True,Eyes,2.279094,0.005066234,-2.927872,-0.5516916,-0.1426433,-0.8217599,0.0,0.0,0.0,0.0,0.0,0.0,0.0,3.382556,0.1594819,-1.523202,2.289862,0.007095082,-2.922968,-0.05056466,0.9690714,-0.0282038,-0.2398927,4.526672,207.6158,355.1393,0.65863,0.002715962,-0.7524611,-0.265205,-0.02060989,-1.129349,1.158228,-0.2190451,-4.594513,0.2478355,-0.05205321,2.024851,-0.8797895,-0.08446975,0.4677985,-0.1115333,0.9932956,-0.0304028,-0.462094,-0.07892316,-0.8833122,moving,6.4984203983018265,-3.1830906267395043,6.978117935193208,-1.472588607736614,-1.1316339999999998,-0.226140182,-1.671545,0.11300344859406208,-0.05517116848529842,0.9920617060280457,7.140781065772018,-2.2428091173843216,1.767230585604148,1.7764928606421764,0.7872095829775406
4048,05/05/2023 15:32:54.157522,4231,True,True,True,True,Eyes,2.27872,0.005184527,-2.928514,-0.5520042,-0.1423379,-0.8216029,0.0,0.0,0.0,0.0,0.0,0.0,0.0,3.391644,0.1577361,-1.510517,2.284746,0.008151016,-2.930813,-0.05029732,0.9683078,-0.02811714,-0.2430224,4.525273,207.9873,355.1813,0.644256,0.002266748,-0.7648057,-0.2492927,-0.01937329,-1.061588,1.145125,-0.227271,-4.595823,0.2443656,-0.05425901,2.025126,-0.8768207,-0.08374036,0.4734692,-0.1110727,0.9933592,-0.03000534,-0.4678124,-0.07889882,-0.8802992,moving,6.147535502598338,-3.195734230301962,6.880436435821006,-1.5347532433469044,-1.1396210000000002,-0.235422016,-1.66501,0.10692436348201964,-0.055427580577493835,0.9927210099961372,6.786791545941986,-2.261436547908849,1.8085603148922071,1.8154893601849764,0.7326922891156438
4049,05/05/2023 15:32:54.176974,4232,True,True,True,True,Eyes,2.278143,0.005341131,-2.929461,-0.5526272,-0.1416688,-0.8212997,0.0,0.0,0.0,0.0,0.0,0.0,0.0,3.40135,0.1626097,-1.495926,2.279462,0.009950872,-2.938941,-0.05048326,0.9674562,-0.02702248,-0.2464751,4.426022,208.3983,355.1463,0.6331506,0.001927627,-0.7740253,-0.2343351,-0.0182109,-0.9978929,1.131838,-0.22764,-4.597764,0.2413886,-0.05615116,2.025363,-0.8734032,-0.08435993,0.479636,-0.1110014,0.9934425,-0.0274004,-0.4741792,-0.07717185,-0.8770398,moving,5.788457918467304,-3.278196304007689,6.796616164410787,-1.5880612948148485,-1.1476240000000002,-0.237590872,-1.658823,0.1006925216565733,-0.056893476563853504,0.9932895935729362,6.424458655435808,-2.3482251395675533,1.9627557990611169,1.9679785055134937,0.8463747883506905
4050,05/05/2023 15:32:54.197262,4233,True,True,True,True,Eyes,2.277385,0.005496764,-2.930683,-0.5532604,-0.140736,-0.8210337,0.0,0.0,0.0,0.0,0.0,0.0,0.0,3.412675,0.1818726,-1.476011,2.274069,0.01105407,-2.947291,-0.04991416,0.9665211,-0.02201552,-0.2507206,3.875344,208.9183,355.087,0.6247005,0.001677385,-0.7808617,-0.220275,-0.01711824,-0.9380193,1.117412,-0.2242863,-4.599669,0.238153,-0.05820751,2.02562,-0.8692954,-0.08544667,0.4868513,-0.1075257,0.9940478,-0.01752792,-0.4824558,-0.06758595,-0.8733089,moving,5.362388656060813,-3.801873454662982,6.705505797536304,-1.6459785923188004,-1.1566569999999998,-0.23534037,-1.6523779999999997,0.09325089047684207,-0.0660176061314692,0.9934515466522743,5.994047821529051,-2.86602920904774,2.5346828249451177,2.540048486389056,1.4123370557359893
4051,05/05/2023 15:32:54.206906,4234,True,True,True,True,Eyes,2.276453,0.005677749,-2.932173,-0.5541676,-0.1398717,-0.8205694,0.0,0.0,0.0,0.0,0.0,0.0,0.0,3.424745,0.1928053,-1.454648,2.269058,0.01113599,-2.955216,-0.04955321,0.9654616,-0.01933137,-0.2550585,3.589369,209.4423,355.067,0.6183816,0.001497934,-0.7858757,-0.2070585,-0.01609115,-0.8817381,1.098983,-0.205871,-4.601107,0.2348711,-0.06029398,2.02588,-0.8649794,-0.08582217,0.4944142,-0.1055447,0.9943415,-0.01204946,-0.4905825,-0.06260533,-0.869143,moving,4.925557575859917,-4.069365969072364,6.613082688892163,-1.7047264083031026,-1.1700749999999998,-0.21700699,-1.6458909999999998,0.08564646861389866,-0.07070338509286178,0.9938137025204419,5.553068518864543,-3.1344640019078986,2.900773568814185,2.9050406639958664,1.7798257294539197
4052,05/05/2023 15:32:54.226945,4235,True,True,True,True,Eyes,2.275369,0.005874787,-2.933925,-0.5552177,-0.1389879,-0.8200095,0.0,0.0,0.0,0.0,0.0,0.0,0.0,3.437554,0.1941238,-1.432459,2.263972,0.01182606,-2.963222,-0.04980488,0.9642602,-0.01942237,-0.2595086,3.629595,209.9692,355.0583,0.6137545,0.001375315,-0.7894949,-0.194635,-0.01512568,-0.8288338,1.081189,-0.1975249,-4.600879,0.2317502,-0.0622776,2.026127,-0.8603497,-0.08596917,0.5024022,-0.1061303,0.9942845,-0.01160684,-0.498533,-0.06330601,-0.8645563,moving,4.464707164749976,-4.011785463124817,6.525184288304046,-1.7605611792557234,-1.182783,-0.20935096,-1.637657,0.07765540663437298,-0.06975039713293954,0.9945372948010535,5.088223948764918,-3.086660182497745,3.0494319421313385,3.0518153209150074,1.9553499901060905
4053,05/05/2023 15:32:54.247015,4236,True,True,True,True,Eyes,2.274127,0.006086332,-2.935896,-0.5565816,-0.138284,-0.8192036,0.0,0.0,0.0,0.0,0.0,0.0,0.0,3.451931,0.2014517,-1.404847,2.258861,0.01233892,-2.971094,-0.0498447,0.9628799,-0.01800711,-0.2646766,3.50082,210.5878,355.0309,0.6104553,0.001298096,-0.7920486,-0.1829569,-0.01421814,-0.7791038,1.064003,-0.2000832,-4.599608,0.228487,-0.06435174,2.026387,-0.8549238,-0.0864568,0.5114987,-0.105521,0.9943826,-0.00829191,-0.5079084,-0.06106281,-0.8592442,moving,3.9535499746176685,-4.137725347528403,6.433262550781846,-1.8189242141918198,-1.194858,-0.21242212,-1.628514,0.06876886074302521,-0.07198336177339569,0.9950323209762718,4.572423117711578,-3.218537918443161,3.393532356454229,3.39496880049726,2.32844195048909
4054,05/05/2023 15:32:54.257072,4237,True,True,True,True,Eyes,2.272752,0.00633826,-2.938099,-0.5580964,-0.1379238,-0.8182331,0.0,0.0,0.0,0.0,0.0,0.0,0.0,3.467276,0.1981969,-1.374636,2.253859,0.01293036,-2.978399,-0.05032158,0.9613156,-0.01951203,-0.2701103,3.709582,211.228,355.044,0.608187,0.001257078,-0.7937918,-0.1719795,-0.01336505,-0.7323576,1.044044,-0.1969847,-4.596773,0.2251405,-0.06647904,2.026652,-0.8490166,-0.08620903,0.5212861,-0.1072906,0.994174,-0.01032968,-0.5173587,-0.06469917,-0.8533196,moving,3.401369769197034,-3.9514115843291586,6.338989357372799,-1.8787651520912327,-1.2098149999999999,-0.20991506000000001,-1.6183739999999998,0.05918969528278484,-0.06878966862516994,0.9958737538954323,4.015589157549258,-3.0469708721708186,3.594604006615729,3.5952012569399443,2.600556304517695
4055,05/05/2023 15:32:54.277277,4238,True,True,True,True,Eyes,2.271222,0.006615264,-2.940511,-0.5599672,-0.137598,-0.817009,0.0,0.0,0.0,0.0,0.0,0.0,0.0,3.483447,0.1935888,-1.342179,2.248806,0.01413995,-2.985967,-0.05103239,0.9596033,-0.02153195,-0.275851,3.984059,211.9038,355.0509,0.606708,0.001245575,-0.7949228,-0.1616607,-0.01256315,-0.6884161,1.023919,-0.2053161,-4.591446,0.2221943,-0.06835167,2.026886,-0.8426038,-0.08606248,0.5316126,-0.1098209,0.9938641,-0.01316959,-0.5272173,-0.06947894,-0.8468852,moving,2.8340429087618157,-3.7025426677337916,6.255982611083283,-1.9314251970140788,-1.224887,-0.21945605,-1.6054790000000003,0.04934026842128664,-0.06449794692340168,0.9966974132180848,3.4435454952283715,-2.814737996946355,3.8525598129866343,3.8531193105602797,2.947888063200923
4056,05/05/2023 15:32:54.296850,4239,True,True,True,True,Eyes,2.269583,0.006893564,-2.943121,-0.5619819,-0.1373485,-0.8156665,0.0,0.0,0.0,0.0,0.0,0.0,0.0,3.50005,0.1947713,-1.306472,2.243638,0.0150213,-2.993496,-0.05106355,0.957814,-0.02147709,-0.2819993,4.01065,212.6383,355.0713,0.6058226,0.001257904,-0.7955978,-0.1519611,-0.01180936,-0.6471112,1.003289,-0.2155182,-4.585389,0.2189689,-0.07040147,2.027142,-0.8357379,-0.0857057,0.5423992,-0.1099318,0.9938625,-0.01234234,-0.5380124,-0.06994188,-0.8400303,moving,2.241186039032213,-3.710080837634844,6.1651019203416135,-1.9890498772989198,-1.2403489999999997,-0.23053949999999998,-1.5918930000000002,0.039024271598210425,-0.06465859735625601,0.9971441608996465,2.8454585856661154,-2.8327438042998843,4.283679394698381,4.2847477650413595,3.425179018958538
4057,05/05/2023 15:32:54.307161,4240,True,True,True,True,Eyes,2.267801,0.007169326,-2.945893,-0.5643088,-0.1373462,-0.8140587,0.0,0.0,0.0,0.0,0.0,0.0,0.0,3.516757,0.1851883,-1.270327,2.238794,0.01529433,-3.000529,-0.05088343,0.9559612,-0.0236975,-0.2880753,4.279636,213.3601,355.1892,0.6053744,0.001288936,-0.7959389,-0.1428434,-0.0111008,-0.6082845,0.9806606,-0.2173577,-4.578746,0.2155958,-0.07254563,2.027409,-0.8288469,-0.08363184,0.5531893,-0.1109385,0.9936985,-0.01599125,-0.548366,-0.0746243,-0.8329021,moving,1.6582130321346138,-3.4905966611666734,6.070052945681139,-2.0493081502763095,-1.2581334,-0.23265202999999998,-1.578217,0.028883597207266853,-0.06085932240312754,0.9977283438624817,2.2575979248199065,-2.6294175329913996,4.6394310290482315,4.641297662764884,3.8563376644173815
4058,05/05/2023 15:32:54.327066,4241,True,True,True,True,Eyes,2.265893,0.007460343,-2.948831,-0.5667396,-0.1373682,-0.8123646,0.0,0.0,0.0,0.0,0.0,0.0,0.0,3.533032,0.1686599,-1.234018,2.233675,0.01554986,-3.007327,-0.05023392,0.9540759,-0.02686275,-0.2940992,4.63488,214.0779,355.3933,0.6052386,0.001334429,-0.796042,-0.1342728,-0.01043475,-0.5717875,0.9589903,-0.2278053,-4.570591,0.2125505,-0.07448092,2.027651,-0.8219645,-0.0800533,0.5638846,-0.1116545,0.9935099,-0.0217107,-0.5584869,-0.08080571,-0.8255682,moving,1.0764040479017745,-3.1855899327526513,5.984230798008526,-2.103677896626937,-1.2746847,-0.24335516,-1.5632640000000002,0.01875667204281123,-0.055560617327231346,0.9982791418078688,1.6710077267428751,-2.3427583446915996,5.022864945719299,5.025663843013885,4.319844062364416
4059,05/05/2023 15:32:54.346863,4242,True,True,True,True,Eyes,2.263839,0.007765864,-2.951905,-0.5695001,-0.1375021,-0.8104089,0.0,0.0,0.0,0.0,0.0,0.0,0.0,3.549181,0.1551624,-1.195906,2.228427,0.0161866,-3.014101,-0.04914212,0.9521382,-0.02868784,-0.3003249,4.826963,214.8275,355.6057,0.6053165,0.001391441,-0.7959827,-0.1262164,-0.009808663,-0.5374802,0.9375583,-0.2410786,-4.561771,0.209379,-0.0764975,2.027902,-0.8147801,-0.07634882,0.574721,-0.1108115,0.9935241,-0.02511238,-0.5690819,-0.08414677,-0.817964,moving,0.5024180534372297,-3.0470071647989263,5.894848203346095,-2.160314794274389,-1.2908686999999999,-0.2572652,-1.54767,0.00875634014268073,-0.0531532001887382,0.9985478658635408,1.092122240477559,-2.2180807277934167,5.461163203666443,5.464844579820416,4.8030733470858875
4060,05/05/2023 15:32:54.357207,4243,True,True,True,True,Eyes,2.261686,0.008096972,-2.955154,-0.5722204,-0.1375315,-0.8084855,0.0,0.0,0.0,0.0,0.0,0.0,0.0,3.564813,0.1450227,-1.156113,2.22296,0.01685564,-3.020543,-0.04837907,0.950088,-0.03021759,-0.3067236,4.996605,215.5996,355.7751,0.6055297,0.001457631,-0.79582,-0.1186434,-0.009220144,-0.5052314,0.9149401,-0.248232,-4.552583,0.2061936,-0.07852173,2.028155,-0.8071606,-0.07339185,0.5857524,-0.1104656,0.9934927,-0.02774073,-0.5799049,-0.08709672,-0.8100154,moving,-0.092088579592486,-2.923235644208218,5.8050645937770495,-2.21714705806913,-1.3080199000000001,-0.26508764,-1.5320400000000003,-0.0016051567338139505,-0.05099788688798781,0.9986974228381085,0.49251872264833296,-2.108200582115288,5.934728237872496,5.939274083729281,5.313662857904097
4061,05/05/2023 15:32:54.377246,4244,True,True,True,True,Eyes,2.25938,0.008444154,-2.958538,-0.5753222,-0.1374107,-0.8063019,0.0,0.0,0.0,0.0,0.0,0.0,0.0,3.580605,0.1449622,-1.113533,2.217414,0.01766823,-3.027287,-0.0479343,0.947897,-0.02988951,-0.3135288,4.975049,216.4241,355.8479,0.6057531,0.001529451,-0.7956494,-0.1115248,-0.008666935,-0.4749176,0.8918301,-0.2548122,-4.542525,0.2028692,-0.08063497,2.028419,-0.7988041,-0.0721311,0.5972514,-0.109616,0.9936178,-0.02660679,-0.5915205,-0.08672191,-0.8016127,moving,-0.6932996020765876,-2.981866935633185,5.711356631549885,-2.276458723325842,-1.3255839000000003,-0.27248043,-1.5152380000000005,-0.012083685494971463,-0.05201610997898138,0.9985731806324729,-0.11405338343018334,-2.1761291149701116,6.437887975451579,6.443385927982357,5.826273927043157
4062,05/05/2023 15:32:54.397345,4245,True,True,True,True,Eyes,2.256949,0.008775645,-2.962078,-0.5783756,-0.1371938,-0.8041514,0.0,0.0,0.0,0.0,0.0,0.0,0.0,3.59587,0.1533552,-1.069006,2.211539,0.01836576,-3.034027,-0.0475227,0.9456146,-0.0276873,-0.3206062,4.751549,217.2857,355.8498,0.6058713,0.00160334,-0.7955593,-0.1048333,-0.008146919,-0.4464225,0.866947,-0.2547846,-4.532021,0.199707,-0.08264509,2.02867,-0.7899069,-0.07212286,0.6089714,-0.1076297,0.99395,-0.02189087,-0.6037082,-0.08283515,-0.7928905,moving,-1.3170165580643072,-3.240352525053951,5.62221525861181,-2.3328574344512845,-1.344592,-0.27315036000000004,-1.4979940000000003,-0.022947522687386868,-0.0565097912957206,0.9981382681001595,-0.7435544210837746,-2.439150919304791,6.991487355977517,6.99832019452083,6.366657044309354
4063,05/05/2023 15:32:54.412793,4246,True,True,True,True,Eyes,2.254363,0.009090195,-2.965738,-0.5818002,-0.1368978,-0.8017278,0.0,0.0,0.0,0.0,0.0,0.0,0.0,3.611126,0.1629972,-1.022753,2.205679,0.01821286,-3.040965,-0.04684177,0.9432246,-0.02498886,-0.3278855,4.465436,218.1757,355.8598,0.6058904,0.00167866,-0.7955446,-0.09854333,-0.007658104,-0.4196372,0.8405519,-0.2480386,-4.521219,0.1965089,-0.08467773,2.028924,-0.7805941,-0.07197765,0.6208804,-0.1047516,0.9943628,-0.01642274,-0.6161984,-0.0778577,-0.7837335,moving,-1.9391931732573637,-3.5575131218612244,5.532056132811605,-2.3898689892227947,-1.3651271,-0.26625146,-1.4802540000000004,-0.033773711019035646,-0.06201502855656012,0.9975035931438302,-1.3715675437936166,-2.759303408273574,7.553311391954588,7.5619414844285195,6.9135014036422655
4064,05/05/2023 15:32:54.428858,4247,True,True,True,True,Eyes,2.251649,0.009381481,-2.969544,-0.5851233,-0.1366795,-0.799343,0.0,0.0,0.0,0.0,0.0,0.0,0.0,3.625481,0.1689922,-0.9764032,2.199478,0.01809868,-3.04762,-0.04649794,0.9407345,-0.02356987,-0.3351136,4.330536,219.0584,355.8773,0.6058163,0.001754807,-0.7956009,-0.09263073,-0.007198618,-0.3944589,0.8134486,-0.2398816,-4.509819,0.1933607,-0.0866787,2.029175,-0.7710739,-0.07168726,0.6326978,-0.1032816,0.9945648,-0.01318181,-0.6283138,-0.07551016,-0.7742869,moving,-2.5714900362415625,-3.7287248771606976,5.443296396351086,-2.4459725466901223,-1.3860294,-0.25798028,-1.462199,-0.04477111315326554,-0.0649673820210844,0.9968824305164997,-2.0096258979003085,-2.9374615240147555,8.106324024165813,8.11678847213594,7.469110531983115
4065,05/05/2023 15:32:54.447064,4248,True,True,True,True,Eyes,2.248782,0.009635402,-2.973456,-0.5888274,-0.1364559,-0.7966567,0.0,0.0,0.0,0.0,0.0,0.0,0.0,3.640023,0.1742133,-0.9275036,2.19318,0.01775179,-3.054509,-0.04632735,0.9380455,-0.02264304,-0.3426542,4.256918,219.9804,355.8944,0.6056542,0.001831064,-0.795724,-0.08707289,-0.006766701,-0.3707914,0.786984,-0.2370701,-4.497573,0.1900485,-0.08878419,2.029437,-0.760884,-0.07139686,0.6449484,-0.1024318,0.9946822,-0.01073188,-0.6407524,-0.07422891,-0.7641511,moving,-3.219214621247353,-3.8400415508580563,5.349913737951647,-2.504989205882999,-1.406196,-0.25482189,-1.4430640000000001,-0.05603065237659022,-0.0668659899951361,0.9961873933486026,-2.663180488466198,-3.0575501805616896,8.660128709272168,8.672503998283998,8.032123175860095
4066,05/05/2023 15:32:54.457067,4249,True,True,True,True,Eyes,2.245786,0.009844908,-2.977492,-0.5927488,-0.1367636,-0.7936904,0.0,0.0,0.0,0.0,0.0,0.0,0.0,3.65387,0.1803056,-0.8769073,2.186739,0.01710415,-3.061064,-0.04644579,0.9352092,-0.0220043,-0.3503462,4.226615,220.922,355.8913,0.605409,0.001906413,-0.79591,-0.08184851,-0.006360698,-0.3485439,0.7599571,-0.236712,-4.484172,0.1866257,-0.09096008,2.029708,-0.7502008,-0.0714548,0.657338,-0.1022913,0.9947172,-0.008613034,-0.65325,-0.07370146,-0.7535469,moving,-3.8663046250735005,-3.940911773266635,5.253407614837536,-2.565957270930507,-1.4267819000000002,-0.25381615,-1.423108,-0.06726982605257681,-0.06857197996608051,0.9953755709805959,-3.316083159583042,-3.167450990711276,9.208355922913189,9.222778931660326,8.590574301396567
4067,05/05/2023 15:32:54.477003,4250,True,True,True,True,Eyes,2.242636,0.0100316,-2.981625,-0.5970207,-0.1372138,-0.7904041,0.0,0.0,0.0,0.0,0.0,0.0,0.0,3.667679,0.1866203,-0.8238726,2.180325,0.01625185,-3.067797,-0.04720716,0.9321371,-0.02234595,-0.3583191,4.329344,221.8976,355.8597,0.605085,0.001979746,-0.7961554,-0.0769376,-0.005979056,-0.3276313,0.7322721,-0.2378927,-4.469081,0.1838199,-0.09274319,2.029931,-0.7387578,-0.07199313,0.6701149,-0.104021,0.9945443,-0.007828513,-0.6658953,-0.07548942,-0.7422162,moving,-4.5260846402534405,-3.9213502218736496,5.174292600173833,-2.615902061390055,-1.4480529,-0.25414455,-1.401284,-0.07872934698056511,-0.06817478262981078,0.9945621515888948,-3.981652158030121,-3.1602611522686086,9.771841629812755,9.787824758663666,9.172112692019468
4068,05/05/2023 15:32:54.497409,4251,True,True,True,True,Eyes,2.239357,0.01019372,-2.985886,-0.6013956,-0.1380903,-0.7869271,0.0,0.0,0.0,0.0,0.0,0.0,0.0,3.680513,0.1928378,-0.7701702,2.173612,0.0159252,-3.074358,-0.04853456,0.928921,-0.02346271,-0.366333,4.539688,222.8785,355.8017,0.6046869,0.00205068,-0.7964579,-0.07232135,-0.005620313,-0.3079734,0.7049277,-0.2443202,-4.452919,0.1805293,-0.09483458,2.030192,-0.7268893,-0.0729792,0.6828663,-0.1073599,0.9941878,-0.008030385,-0.6783113,-0.07914963,-0.7304994,moving,-5.183149156318892,-3.822977712908578,5.081505984885124,-2.674463428781538,-1.4686842999999998,-0.26024539999999996,-1.3785609999999995,-0.09014028984177852,-0.06640262053916296,0.9937128757848679,-4.6443931012894515,-3.076248608082481,10.311666971752055,10.32870903011068,9.734194592505192
4069,05/05/2023 15:32:54.516836,4252,True,True,True,True,Eyes,2.235937,0.01031398,-2.990252,-0.6061083,-0.1390288,-0.783137,0.0,0.0,0.0,0.0,0.0,0.0,0.0,3.692496,0.1999695,-0.7162547,2.166613,0.01547726,-3.081084,-0.04949345,0.9256545,-0.02384782,-0.3743598,4.657914,223.8668,355.7553,0.6042184,0.002118661,-0.7968134,-0.06798207,-0.005283094,-0.289495,0.6778621,-0.2540476,-4.435748,0.1772994,-0.09688766,2.030447,-0.7148102,-0.07377236,0.6954165,-0.109483,0.9939634,-0.007092958,-0.6906952,-0.08120642,-0.7185719,moving,-5.815198621502715,-3.8197314990899742,4.990431064722802,-2.7319336289863956,-1.4887508999999999,-0.26952486,-1.354664,-0.10109742232299018,-0.0662762007619833,0.9926664171510661,-5.282005664119402,-3.0844536599485304,10.841701760286174,10.860245721070958,10.2784836780673
4070,05/05/2023 15:32:54.527340,4253,True,True,True,True,Eyes,2.23238,0.01039795,-2.994732,-0.6107285,-0.1403915,-0.7792951,0.0,0.0,0.0,0.0,0.0,0.0,0.0,3.704234,0.2039388,-0.6617618,2.159814,0.01462119,-3.088018,-0.04995393,0.9223242,-0.02436118,-0.3823993,4.76922,224.8619,355.7694,0.6036816,0.002183051,-0.7972201,-0.06390315,-0.004966108,-0.2721253,0.65037,-0.2605741,-4.418485,0.17414,-0.09889589,2.030698,-0.702551,-0.07351604,0.7078261,-0.1107788,0.9938223,-0.006733126,-0.7029583,-0.0831425,-0.7063548,moving,-6.457517584053375,-3.8442677098225353,4.901337970975063,-2.788126943696956,-1.5094439999999998,-0.27519529,-1.3304670000000005,-0.1122166235080474,-0.06662132618791818,0.991447908452041,-5.930009419632146,-3.119907717890403,11.387586394624902,11.40784961497445,10.836427676044261
4071,05/05/2023 15:32:54.547238,4254,True,True,True,True,Eyes,2.22867,0.01044747,-2.999312,-0.6156806,-0.1417183,-0.7751473,0.0,0.0,0.0,0.0,0.0,0.0,0.0,3.714881,0.2048983,-0.608098,2.152687,0.01383885,-3.094811,-0.05015532,0.9189798,-0.02518959,-0.3902898,4.901768,225.843,355.8259,0.6030809,0.002243061,-0.7976746,-0.06006896,-0.004668142,-0.2557978,0.6232596,-0.2671363,-4.400949,0.1708951,-0.100959,2.030955,-0.6903167,-0.07252097,0.7198636,-0.1118459,0.9936998,-0.007147228,-0.71481,-0.08544765,-0.6940787,moving,-7.064107845772904,-3.8376602048603257,4.809833896093875,-2.8458370333946936,-1.5294273999999999,-0.28097515,-1.3061379999999998,-0.12270821875841847,-0.06642393400134507,0.9902174349654023,-6.5419347676737,-3.1243804788910343,11.893620004211742,11.915292933566612,11.355185522338438
4072,05/05/2023 15:32:54.557134,4255,True,True,True,True,Eyes,2.224823,0.01047108,-3.004004,-0.6205671,-0.1430579,-0.7709935,0.0,0.0,0.0,0.0,0.0,0.0,0.0,3.725139,0.2052472,-0.5532446,2.145449,0.01306581,-3.101893,-0.04971539,0.9155596,-0.02516459,-0.3983037,4.915302,226.8463,355.9142,0.6024172,0.002298367,-0.798176,-0.05646482,-0.004388053,-0.2404499,0.5967994,-0.2744563,-4.383486,0.1672923,-0.1032487,2.03124,-0.6777653,-0.07098851,0.7318437,-0.1110811,0.9937902,-0.006475708,-0.7268394,-0.085683,-0.6814421,moving,-7.6894903448434695,-3.9485030912454504,4.7082364104903265,-2.9098618425172167,-1.5486496,-0.28752211,-1.2815930000000004,-0.13349247413413265,-0.06824353922820198,0.988697448211649,-7.1729499624628,-3.2436057738878636,12.416965548959002,12.441157676980032,11.88587290191906
4073,05/05/2023 15:32:54.577389,4256,True,True,True,True,Eyes,2.220821,0.01046926,-3.008797,-0.6257653,-0.1442915,-0.7665493,0.0,0.0,0.0,0.0,0.0,0.0,0.0,3.734532,0.2058268,-0.4978018,2.138051,0.01245492,-3.108936,-0.04896158,0.9120772,-0.0245211,-0.4063456,4.848475,227.8584,356.007,0.6016936,0.002348668,-0.7987216,-0.05307693,-0.00412477,-0.2260229,0.5690377,-0.2770131,-4.365105,0.1645553,-0.1049879,2.031458,-0.6649721,-0.0693854,0.7436382,-0.1092416,0.994003,-0.004939625,-0.7388358,-0.0845209,-0.668564,moving,-8.295250947927455,-4.130585130389929,4.631049937441658,-2.958474452429148,-1.5690133,-0.28946802,-1.2561689999999999,-0.14390720260077283,-0.07128013645534984,0.9870207374586194,-7.784250565603804,-3.4318759480776784,12.951773360930195,12.979333496774169,12.424322740375153
4074,05/05/2023 15:32:54.596760,4257,True,True,True,True,Eyes,2.216672,0.01042749,-3.013702,-0.6299673,-0.1458667,-0.7628002,0.0,0.0,0.0,0.0,0.0,0.0,0.0,3.743062,0.2056282,-0.4441638,2.130483,0.01183184,-3.116244,-0.04803546,0.9086298,-0.02374668,-0.4141508,4.757676,228.845,356.1091,0.6009132,0.002393728,-0.799309,-0.04989231,-0.003877284,-0.2124615,0.5413685,-0.276864,-4.346776,0.1613188,-0.1070453,2.031715,-0.6523436,-0.06762348,0.7549008,-0.1069623,0.9942574,-0.00336603,-0.7503381,-0.08294173,-0.6558307,moving,-8.943361122421347,-4.358532136133534,4.5397784107222385,-3.015963446526951,-1.5891145,-0.28869584,-1.2305320000000002,-0.155019264493103,-0.07507869342473972,0.9850544430577791,-8.43832531696024,-3.6655872339844136,13.51785898473189,13.549817059891671,12.994352135897982
4075,05/05/2023 15:32:54.607034,4258,True,True,True,True,Eyes,2.109019,0.008771908,-3.139001,-0.7359992,-0.1804948,-0.6524774,0.0,0.0,0.0,0.0,0.0,0.0,0.0,3.75088,0.204652,-0.3911495,2.122784,0.0110829,-3.123723,-0.04678384,0.9051732,-0.02262247,-0.4218545,4.613078,229.8235,356.226,0.600076,0.002433096,-0.7999377,-0.04689877,-0.003644647,-0.1997139,0.5142403,-0.2757625,-4.329018,0.1582699,-0.1089835,2.031957,-0.6397004,-0.06560817,0.7658194,-0.1037817,0.994599,-0.001482569,-0.761586,-0.08042646,-0.6430542,moving,-0.9802963902034516,-5.864957734822761,4.453797552081107,-3.0701029967299447,-1.6085436999999998,-0.28684540000000003,-1.2052949999999996,-0.01701903573328145,-0.10216935228453405,0.9946213996365192,-0.40682052305976757,-4.989859974043242,6.0994062839726775,6.110694721601923,5.225999897084697
4076,05/05/2023 15:32:54.627125,4259,True,True,True,True,Eyes,2.108581,0.008712771,-3.13914,-0.7363074,-0.1805232,-0.6521217,0.0,0.0,0.0,0.0,0.0,0.0,0.0,3.758099,0.20162,-0.3380985,2.114848,0.01041848,-3.131386,-0.04550557,0.9016308,-0.02192584,-0.4295469,4.509914,230.8041,356.364,0.5942128,0.002391556,-0.8043028,-0.3670443,-0.008392707,-0.5636272,0.4873667,-0.2729189,-4.311576,0.1551286,-0.1109803,2.032207,-0.6268373,-0.06322208,0.7765809,-0.1008948,0.994897,-0.0004444683,-0.7725899,-0.07863157,-0.6300174,moving,-1.9285504465595231,-6.031858181540211,4.365209933340369,-3.125859143908242,-1.6274813,-0.28333738,-1.1801899999999996,-0.0334670907137144,-0.10502256277515393,0.9939065045522083,-1.363614001066707,-5.169500683456208,6.915816738395513,6.932261544857894,6.082425043812817
4077,05/05/2023 15:32:54.636785,4260,True,True,True,True,Eyes,2.107837,0.008626853,-3.139567,-0.7370049,-0.1805242,-0.6513332,0.0,0.0,0.0,0.0,0.0,0.0,0.0,3.76485,0.1903739,-0.28686,2.106969,0.00937103,-3.138983,-0.04309786,0.8981979,-0.02149903,-0.4369451,4.374976,231.7541,356.6288,0.5894092,0.002361641,-0.8078297,-0.3450216,-0.007889144,-0.5298096,0.4607916,-0.27147,-4.293881,0.1518744,-0.1130476,2.032465,-0.6144432,-0.05863301,0.7867795,-0.09620859,0.9953607,-0.0009579782,-0.7830731,-0.07628355,-0.6172337,moving,-2.8265445177302415,-6.216562398754486,4.273441430418817,-3.1835644438087436,-1.6461773999999998,-0.28084103,-1.1548979999999998,-0.04902323106605283,-0.10815653698223923,0.9929244851224809,-2.2697248552828473,-5.365581053325439,7.698524770904173,7.720678536153357,6.897406869726452
4078,05/05/2023 15:32:54.657054,4261,True,True,True,True,Eyes,2.106824,0.008528846,-3.140339,-0.7384307,-0.1803666,-0.6497599,0.0,0.0,0.0,0.0,0.0,0.0,0.0,3.770511,0.1739981,-0.2426553,2.098953,0.008617936,-3.146463,-0.04054423,0.895108,-0.02198561,-0.4434576,4.319509,232.5947,356.9484,0.585465,0.002339794,-0.810693,-0.3243203,-0.007415795,-0.498021,0.4349831,-0.2690144,-4.276642,0.1485764,-0.1151447,2.032725,-0.6034033,-0.05308357,0.7956676,-0.0920823,0.9957455,-0.003399686,-0.792102,-0.07531827,-0.6057242,moving,-3.5672699807754964,-6.292471098720015,4.180442145453326,-3.2420827285433402,-1.6639699,-0.277632336,-1.130179,-0.061846971100523396,-0.1093938755773751,0.9920725119152899,-3.017059601469432,-5.452849567583293,8.299570056387612,8.326578673129934,7.529377226142602
4079,05/05/2023 15:32:54.677345,4262,True,True,True,True,Eyes,2.105514,0.008415585,-3.141387,-0.7401767,-0.1801628,-0.647827,0.0,0.0,0.0,0.0,0.0,0.0,0.0,3.775123,0.1662299,-0.1996441,2.090513,0.008055225,-3.154162,-0.03840474,0.8920236,-0.0208127,-0.4498731,4.110795,233.4235,357.1387,0.582213,0.002323491,-0.8130319,-0.3048611,-0.006970847,-0.4681397,0.4117193,-0.2689231,-4.261852,0.1453365,-0.1172039,2.032983,-0.5922784,-0.04978973,0.8041933,-0.08724201,0.9961838,-0.002576314,-0.8009961,-0.07168535,-0.594362,moving,-4.249151903952471,-6.519411822993893,4.0890777079287615,-3.299517917299658,-1.6787937,-0.276978325,-1.1076900000000003,-0.0736172028637958,-0.11323174773074188,0.9908375661045976,-3.7052024129700554,-5.686187964334302,8.905479339693738,8.938332608735251,8.151502715232992
4080,05/05/2023 15:32:54.696914,4263,True,True,True,True,Eyes,2.103835,0.00826903,-3.142583,-0.7436285,-0.1802814,-0.6438286,0.0,0.0,0.0,0.0,0.0,0.0,0.0,3.778952,0.1679458,-0.1570244,2.082151,0.00756173,-3.161951,-0.03795005,0.8888229,-0.02001642,-0.456238,4.026084,234.244,357.1731,0.5795148,0.002310625,-0.8149573,-0.2865694,-0.006552597,-0.4400513,0.3880209,-0.2634619,-4.24789,0.1422995,-0.1191344,2.033223,-0.5808132,-0.04919722,0.8125487,-0.08572623,0.9963183,-0.0009536021,-0.8095102,-0.07021061,-0.5828924,moving,-4.756191866390271,-6.641011151207007,4.003440753677465,-3.3533472299373774,-1.6941301000000002,-0.27102363,-1.0859389999999998,-0.08236334518973976,-0.11525522678983874,0.9899154041850994,-4.2168448721569884,-5.813763289911945,9.319003199779859,9.35627584553666,8.5806027153389
4081,05/05/2023 15:32:54.707234,4264,True,True,True,True,Eyes,2.101897,0.008112431,-3.144046,-0.7472493,-0.180454,-0.6395739,0.0,0.0,0.0,0.0,0.0,0.0,0.0,3.782212,0.1759681,-0.1144824,2.073674,0.006924883,-3.170021,-0.03814444,0.8855449,-0.01869677,-0.4626075,3.922408,235.0661,357.1124,0.5772144,0.002298298,-0.8165883,-0.2693753,-0.006159441,-0.4136483,0.3656279,-0.2627758,-4.234109,0.1390983,-0.1211688,2.033476,-0.5690787,-0.05025871,0.8207457,-0.08485577,0.9963909,0.002178149,-0.817893,-0.06840547,-0.5712895,moving,-5.235510346742622,-6.792499386097034,3.913176160177856,-3.4100533479321533,-1.7080461,-0.269700683,-1.064088,-0.09061457677455553,-0.11778739919199974,0.9888958808162026,-4.700555309824472,-5.96995639108873,9.711882622511263,9.753943100254691,8.986071078489797
4082,05/05/2023 15:32:54.727201,4265,True,True,True,True,Eyes,2.099756,0.007995596,-3.145862,-0.7509968,-0.1807823,-0.6350761,0.0,0.0,0.0,0.0,0.0,0.0,0.0,3.785164,0.1825511,-0.07538128,2.065553,0.006543134,-3.178037,-0.03897086,0.8824005,-0.01879583,-0.4685056,3.996011,235.829,357.0601,0.5750876,0.002283041,-0.8180876,-0.2532127,-0.005789874,-0.3888294,0.3434088,-0.2617726,-4.220586,0.1359141,-0.123193,2.033729,-0.5579678,-0.05116391,0.8282841,-0.08638771,0.996256,0.003345233,-0.8253541,-0.06968703,-0.5602987,moving,-5.648310617962771,-6.771939137025838,3.823391381016248,-3.466452360563572,-1.7221442,-0.26831573400000003,-1.0425490000000002,-0.09774195389699114,-0.1173530357285968,0.9882686182655105,-5.116968177511302,-5.95735175850796,9.987008330329356,10.0319181409554,9.28087328037802
4083,05/05/2023 15:32:54.747057,4266,True,True,True,True,Eyes,2.097345,0.007848883,-3.147924,-0.7549945,-0.1808747,-0.6302918,0.0,0.0,0.0,0.0,0.0,0.0,0.0,3.787649,0.1866463,-0.03560114,2.057054,0.007233777,-3.186041,-0.04021694,0.8791174,-0.02005582,-0.4744819,4.210862,236.6045,357.0297,0.5731098,0.002266194,-0.8194745,-0.23802,-0.005442481,-0.3654996,0.323615,-0.2668017,-4.208249,0.1326228,-0.1252857,2.033991,-0.5464994,-0.05167858,0.8358637,-0.08974308,0.9959608,0.002901571,-0.8326374,-0.07342727,-0.5489297,moving,-6.060455298684818,-6.595026117422694,3.7305895289939768,-3.5247373684419316,-1.733439,-0.27403547699999997,-1.0222080000000004,-0.1048868498247007,-0.11421742180123531,0.9879034540725672,-5.532543829172288,-5.7924239397759925,10.215163240391393,10.261151583508235,9.536668285988636
4084,05/05/2023 15:32:54.757108,4267,True,True,True,True,Eyes,2.094758,0.007718302,-3.150257,-0.7590864,-0.1812875,-0.6252382,0.0,0.0,0.0,0.0,0.0,0.0,0.0,3.78972,0.1893435,0.01134634,2.04825,0.006315392,-3.194148,-0.03875514,0.8755397,-0.01726286,-0.4812799,3.87229,237.4952,357.0558,0.5712586,0.002247125,-0.820766,-0.2237388,-0.005115933,-0.3435696,0.3039844,-0.2756529,-4.194924,0.1293823,-0.1273455,2.034249,-0.5337358,-0.05124681,0.8440974,-0.08447987,0.9964001,0.007075502,-0.8414213,-0.06753277,-0.5361436,moving,-6.555061151618753,-6.991105386570292,3.6392241659381095,-3.582084060257381,-1.7442655999999999,-0.28196829199999995,-1.000776,-0.1133201711846114,-0.12093124053835365,0.986171537271785,-6.031951376156664,-6.187160877257693,10.694885086381593,10.749180412431995,10.01589045409766
4085,05/05/2023 15:32:54.777925,4268,True,True,True,True,Eyes,2.091903,0.007695128,-3.152806,-0.7633378,-0.181875,-0.6198685,0.0,0.0,0.0,0.0,0.0,0.0,0.0,3.791287,0.1885266,0.05735064,2.040503,0.006507305,-3.201405,-0.04011477,0.8718019,-0.02032724,-0.4877902,4.276966,238.3481,357.1195,0.5695151,0.002226477,-0.8219768,-0.2103145,-0.004808977,-0.3229555,0.279922,-0.2664182,-4.179274,0.1262535,-0.1293339,2.034497,-0.5209033,-0.05011341,0.8521436,-0.08977512,0.9959552,0.00369253,-0.848882,-0.07457783,-0.5232953,moving,-7.024130977643462,-6.64727674188914,3.551014493277189,-3.6374241866100725,-1.7605810000000002,-0.272925505,-0.9778690000000005,-0.12147746811186927,-0.11489950901125975,0.9859215979966114,-6.504765807323442,-5.860655629226733,10.941774732192101,10.995131383282944,10.298615222513513
4086,05/05/2023 15:32:54.797106,4269,True,True,True,True,Eyes,2.088794,0.007708585,-3.155547,-0.7677404,-0.1820455,-0.6143566,0.0,0.0,0.0,0.0,0.0,0.0,0.0,3.791798,0.1915963,0.1051421,2.031279,0.009103883,-3.209254,0.04158378,-0.8678271,0.02189756,0.4946388,4.539393,239.2489,357.0955,0.5678614,0.002207246,-0.8231202,-0.1976956,-0.004520438,-0.3035781,0.2609654,-0.2822794,-4.161861,0.1229919,-0.131407,2.034756,-0.5072068,-0.05051229,0.8603431,-0.09383783,0.9955826,0.003131301,-0.8567007,-0.0791445,-0.5097061,moving,-7.514018423318903,-6.4347961233808375,3.459064968622263,-3.695099252101031,-1.7703136000000002,-0.291383283,-0.952607,-0.12995887689309948,-0.11112198591136913,0.9852728111491593,-6.998728936807201,-5.66247775306964,11.256147247046528,11.30992918072414,10.6412420108985
4087,05/05/2023 15:32:54.816985,4270,True,True,True,True,Eyes,2.085486,0.007755591,-3.158455,-0.7722778,-0.1825579,-0.6084897,0.0,0.0,0.0,0.0,0.0,0.0,0.0,3.791223,0.1982403,0.1610107,2.022318,0.009909127,-3.216944,0.03933772,-0.8636315,0.01601049,0.5023313,3.851772,240.2686,357.0205,0.5662816,0.00219026,-0.8242079,-0.1858339,-0.004249212,-0.2853634,0.2396581,-0.2908708,-4.143887,0.1197702,-0.1334543,2.035012,-0.4922317,-0.05186145,0.8689179,-0.08403174,0.9963924,0.01186681,-0.8663987,-0.06717548,-0.4948139,moving,-8.059791614151852,-7.206406890836661,3.368245474087831,-3.7520343703090773,-1.7826598999999999,-0.300779927,-0.9269430000000005,-0.13912042080325926,-0.1242242933619675,0.982453019581895,-7.5501768396698825,-6.42395976625324,11.869202250224946,11.938706847927786,11.240601903059003
4088,05/05/2023 15:32:54.827336,4271,True,True,True,True,Eyes,2.081944,0.007927258,-3.161528,-0.7766539,-0.1835577,-0.6025904,0.0,0.0,0.0,0.0,0.0,0.0,0.0,3.789657,0.2101062,0.2150693,2.014295,0.01084024,-3.224034,0.04247475,-0.8590963,0.01884606,0.5097004,4.340292,241.244,356.909,0.564763,0.002176181,-0.8252492,-0.1746838,-0.003994259,-0.2682416,0.2129754,-0.2678591,-4.124343,0.1165653,-0.1354919,2.035265,-0.476803,-0.05376811,0.8773642,-0.0921915,0.9956814,0.01091762,-0.8741623,-0.07567997,-0.479701,moving,-8.600914938828318,-6.83804706241051,3.2779081041718983,-3.8086814821862607,-1.8013196000000002,-0.27869934,-0.9003089999999996,-0.1485108625585827,-0.1177429916514492,0.9818762709250753,-8.095651787148318,-6.074853287915443,12.191487003392728,12.259016791960125,11.59712892290716
4089,05/05/2023 15:32:54.846929,4272,True,True,True,True,Eyes,2.07819,0.00816531,-3.164768,-0.7812978,-0.1841177,-0.5963844,0.0,0.0,0.0,0.0,0.0,0.0,0.0,3.787128,0.2206346,0.2712216,2.005349,0.01409582,-3.231556,0.0449681,-0.8543481,0.02024609,0.5173562,4.653145,242.2639,356.7856,0.5632931,0.002168007,-0.8262532,-0.1642028,-0.003754603,-0.2521471,0.1935707,-0.2862644,-4.102559,0.1133149,-0.1375577,2.035523,-0.4606411,-0.05588794,0.8858255,-0.0977857,0.9951359,0.01193464,-0.8821837,-0.08112346,-0.4638655,moving,-9.157044147242617,-6.626199772256199,3.186292292098486,-3.8660877575793715,-1.8117782999999998,-0.30036021999999996,-0.8710030000000004,-0.15810467503442704,-0.11394002479337378,0.980826444782069,-8.656440813179968,-5.878483722680354,12.580451075354913,12.648168752366063,12.012496198676317
4090,05/05/2023 15:32:54.856878,4273,True,True,True,True,Eyes,2.07428,0.008395685,-3.168156,-0.7858182,-0.1850027,-0.5901388,0.0,0.0,0.0,0.0,0.0,0.0,0.0,3.784356,0.2211635,0.3271799,1.99657,0.01583103,-3.238945,0.04254048,-0.8499781,0.01527704,0.5248753,4.050013,243.2776,356.7656,0.5618613,0.002166901,-0.8272275,-0.1543506,-0.003529327,-0.2370183,0.1724859,-0.2962996,-4.080293,0.1098063,-0.1397873,2.035802,-0.4453925,-0.05627987,0.8935649,-0.08835404,0.9959139,0.01868659,-0.8909653,-0.0706272,-0.4485451,moving,-9.686407234575796,-7.332939692948821,3.087405860943039,-3.9280197597459816,-1.8240840999999999,-0.31213063,-0.841348,-0.16691790292077635,-0.12584422177508386,0.9779067906780914,-9.19126112040058,-6.576476523389466,13.134483837585762,13.219825291991212,12.561050356862157
4091,05/05/2023 15:32:54.877939,4274,True,True,True,True,Eyes,2.070203,0.008624054,-3.171662,-0.790404,-0.1861158,-0.5836288,0.0,0.0,0.0,0.0,0.0,0.0,0.0,3.781442,0.218709,0.3768024,1.988782,0.01586147,-3.245551,0.04234609,-0.8458215,0.01601453,0.5315415,4.135089,244.1798,356.8614,0.560459,0.002171947,-0.8281783,-0.1450896,-0.003317568,-0.2227972,0.1473971,-0.2749864,-4.059233,0.1069943,-0.1415756,2.036025,-0.4313411,-0.05460969,0.9005348,-0.08865925,0.9959007,0.01792653,-0.8978222,-0.07210829,-0.4344146,moving,-10.129672127289787,-7.336558404147598,3.0081595571424704,-3.977676307050572,-1.8413849,-0.29084787,-0.813682,-0.17448070441106545,-0.12573868157670692,0.9765994153995027,-9.638434119740763,-6.587973781891007,13.471310820300296,13.560409666034099,12.913170971350969
4092,05/05/2023 15:32:54.897021,4275,True,True,True,True,Eyes,2.065979,0.008847092,-3.175294,-0.794916,-0.187099,-0.5771505,0.0,0.0,0.0,0.0,0.0,0.0,0.0,3.778176,0.2172859,0.4211955,1.980753,0.01610065,-3.252013,0.04341681,-0.8418558,0.0189191,0.5376206,4.504526,245.0064,356.9664,0.5590792,0.002182472,-0.8291104,-0.1363842,-0.003118513,-0.2094294,0.1285014,-0.2796216,-4.039182,0.1038591,-0.1435677,2.036273,-0.4181584,-0.05275879,0.9068409,-0.09344398,0.9955141,0.01482924,-0.9035553,-0.07853784,-0.4212125,moving,-10.512038634566109,-7.040170188878603,2.9198128026134165,-4.032972826359269,-1.8522516,-0.29572225,-0.7871690000000005,-0.18111188981917853,-0.12053827874999734,0.9760477392163581,-10.023834953079554,-6.306123380414432,13.678770992968413,13.764369546317946,13.14173621196442
4093,05/05/2023 15:32:54.907199,4276,True,True,True,True,Eyes,2.061624,0.009041126,-3.17901,-0.7994748,-0.1882446,-0.570442,0.0,0.0,0.0,0.0,0.0,0.0,0.0,3.773961,0.2198538,0.4656749,1.972762,0.01614899,-3.258207,0.04343406,-0.8379722,0.0185637,0.543665,4.493091,245.8312,356.9751,0.5577145,0.002197792,-0.8300289,-0.1282012,-0.002931403,-0.1968636,0.1122023,-0.2941756,-4.020819,0.100535,-0.1456804,2.036538,-0.405084,-0.0526082,0.9127648,-0.09297793,0.9955378,0.01611542,-0.9095396,-0.07833888,-0.4081678,moving,-10.855621350236802,-7.149434064108778,2.8261485226822605,-4.091590036126376,-1.8605596999999998,-0.31032458999999996,-0.7626120000000003,-0.18692185179047371,-0.12226401395148374,0.9747367813127252,-10.370566648972742,-6.418742332047113,13.92867032970189,14.019316565189023,13.40033317235801
4094,05/05/2023 15:32:54.929763,4277,True,True,True,True,Eyes,2.057144,0.009262982,-3.182804,-0.8038311,-0.1895243,-0.5638582,0.0,0.0,0.0,0.0,0.0,0.0,0.0,3.768914,0.2298887,0.5091381,1.965324,0.01569143,-3.264051,0.04534175,-0.834002,0.02003185,0.5495306,4.775202,246.6338,356.916,0.5563608,0.00221665,-0.8309368,-0.1205091,-0.002755518,-0.1850518,0.09448777,-0.2955302,-4.003004,0.09743208,-0.147653,2.036783,-0.3919208,-0.05361398,0.9184356,-0.09764644,0.9950857,0.01642014,-0.9148024,-0.08324656,-0.3952301,moving,-11.18955166351982,-6.986724849031547,2.7387280290266043,-4.146303563778826,-1.87083623,-0.31122163,-0.738953,-0.19266815770213497,-0.11936033124926027,0.9739774430943832,-10.707255038644597,-6.266244501710372,14.125643809932495,14.21495579562307,13.61207589739415
4095,05/05/2023 15:32:54.948432,4278,True,True,True,True,Eyes,2.052516,0.0095202,-3.186668,-0.8082768,-0.1907029,-0.5570647,0.0,0.0,0.0,0.0,0.0,0.0,0.0,3.763387,0.2429608,0.5502396,1.957826,0.01666592,-3.269789,0.04883253,-0.8300039,0.0234929,0.555119,5.348541,247.4025,356.8345,0.5550133,0.002239431,-0.8318375,-0.1132785,-0.002590187,-0.1739487,0.07950614,-0.3078636,-3.98502,0.094275,-0.14966,2.037034,-0.3789165,-0.05497967,0.9237963,-0.1071451,0.994127,0.01521734,-0.9192075,-0.09321412,-0.382582,moving,-11.484363212674639,-6.5289345117484565,2.6497879035391603,-4.201946406701059,-1.87831986,-0.32452952,-0.7152310000000002,-0.19785995361778036,-0.11145704615271988,0.9738731062566724,-11.004148246808548,-5.825589199171622,14.2437772885902,14.324423249017736,13.750134119902743
4096,05/05/2023 15:32:54.957188,4279,True,True,True,True,Eyes,2.047769,0.0097768,-3.190587,-0.8127013,-0.1916339,-0.5502663,0.0,0.0,0.0,0.0,0.0,0.0,0.0,3.757119,0.2496084,0.5933137,1.949715,0.01775772,-3.275449,0.04912513,-0.8261054,0.022175,0.5609322,5.264264,248.2046,356.7596,0.5536677,0.002266672,-0.8327336,-0.1064818,-0.002434776,-0.1635117,0.06688501,-0.3290567,-3.967406,0.09106028,-0.151703,2.037289,-0.3658837,-0.05628772,0.9289568,-0.1060424,0.99419,0.01847395,-0.9245994,-0.0917495,-0.3697267,moving,-11.793043027669912,-6.715589290482014,2.559234089163246,-4.258566140116503,-1.88282999,-0.34681441999999996,-0.6919569999999999,-0.20303292672711848,-0.11450529967048143,0.9724536608901135,-11.315756678500428,-6.012970943893343,14.474159205045781,14.561072117114342,13.985467636738766
4097,05/05/2023 15:32:54.982792,4280,True,True,True,True,Eyes,2.042904,0.01004209,-3.194543,-0.8171245,-0.1927267,-0.54329,0.0,0.0,0.0,0.0,0.0,0.0,0.0,3.75128,0.2519434,0.6329727,1.942186,0.01798132,-3.280828,0.04891343,-0.8224894,0.02132924,0.5662717,5.191381,248.9467,356.7589,0.5523211,0.00229791,-0.8336273,-0.1000929,-0.002288689,-0.153701,0.04997906,-0.327005,-3.950054,0.08780938,-0.1537697,2.037546,-0.3538876,-0.05630526,0.9335915,-0.1046178,0.9943051,0.02031042,-0.9294184,-0.09048273,-0.3577628,moving,-12.041870104743872,-6.8792229160336635,2.467672235004127,-4.315821823802126,-1.89220694,-0.34498632,-0.6692260000000001,-0.20718920587353729,-0.117177781602222,0.97125797497957,-11.566959329726709,-6.176850134972366,14.641724013333597,14.734240532467007,14.157482457439821
4098,05/05/2023 15:32:54.997153,4281,True,True,True,True,Eyes,1.918476,0.01696944,-3.295089,-0.9160271,-0.2117834,-0.3406497,0.0,0.0,0.0,0.0,0.0,0.0,0.0,3.744973,0.2556381,0.6699643,1.934515,0.0184999,-3.285778,0.05020709,-0.8188701,0.02319249,0.5713081,5.471507,249.6519,356.7908,0.5509709,0.002332967,-0.8345202,-0.09408735,-0.002151368,-0.144479,0.03458261,-0.3260969,-3.934071,0.08458847,-0.155817,2.037801,-0.3421722,-0.05572606,0.9379833,-0.1087263,0.9938827,0.01938418,-0.9333256,-0.09535073,-0.346138,moving,0.3298705321962234,-6.747654580575762,2.376964959672633,-4.372516421066226,-1.89993239,-0.34459680000000004,-0.6482929999999998,0.005717417364614785,-0.1174948297600555,0.9930570732230823,0.9138928610953724,-5.826177802890437,3.131970011381957,3.1355823815940975,2.062452757917704
4099,05/05/2023 15:32:55.007471,4282,True,True,True,True,Eyes,1.918175,0.01697319,-3.295253,-0.9161817,-0.2118963,-0.3401629,0.0,0.0,0.0,0.0,0.0,0.0,0.0,3.73799,0.2544289,0.7089963,1.92659,0.01897506,-3.290573,0.04999081,-0.8151948,0.02335761,0.5765526,5.493145,250.3895,356.8573,0.5449098,0.002592734,-0.8384897,-0.4617269,0.01875977,-0.4374479,0.021664,-0.3372566,-3.917954,0.08137846,-0.1578572,2.038055,-0.3301762,-0.05457073,0.9423407,-0.1084383,0.9939107,0.01956267,-0.93767,-0.09572666,-0.3340832,moving,-0.37415617893083986,-6.771718799272549,2.2865755281477265,-4.428992009431978,-1.9049260000000001,-0.35623166,-0.6273809999999997,-0.00648465607907911,-0.11791133198656106,0.9930028272516052,0.20363839949776746,-5.862281877589016,3.53769162795185,3.5451180557056112,2.5284277581275987
4100,05/05/2023 15:32:55.027130,4283,True,True,True,True,Eyes,1.917587,0.01699169,-3.295577,-0.916586,-0.2120481,-0.3389774,0.0,0.0,0.0,0.0,0.0,0.0,0.0,3.730156,0.2544172,0.7484813,1.91912,0.01909712,-3.294788,0.05038013,-0.8114186,0.02461473,0.5817696,5.65654,251.1282,356.9402,0.5398868,0.002810307,-0.841732,-0.4340233,0.01763419,-0.411201,0.006846372,-0.3393162,-3.900973,0.07820064,-0.1598769,2.038308,-0.3180121,-0.05311855,0.9465976,-0.110399,0.9937119,0.01867356,-0.9416372,-0.09856496,-0.3218766,moving,-1.0456497686191526,-6.654012463224223,2.1971018303731777,-4.484874374966056,-1.912273628,-0.35841332000000004,-0.606185,-0.018126132612956147,-0.1158545083140418,0.9931007733559468,-0.473636955896132,-5.759694748927855,3.889705249429232,3.9013584786199296,2.9593939667356506
4101,05/05/2023 15:32:55.046813,4284,True,True,True,True,Eyes,1.916711,0.01704974,-3.296037,-0.9171108,-0.2124092,-0.3373278,0.0,0.0,0.0,0.0,0.0,0.0,0.0,3.721532,0.2572647,0.7876964,1.911577,0.01950608,-3.298779,0.05204251,-0.8074756,0.02774717,0.5869454,6.079169,251.8684,357.0327,0.5357111,0.002993429,-0.8443951,-0.4079819,0.01657613,-0.386529,-0.006395876,-0.3467979,-3.883128,0.07485163,-0.1620057,2.038574,-0.3055736,-0.05147396,0.9507762,-0.1166183,0.9930434,0.01628188,-0.9450001,-0.1059026,-0.3094507,moving,-1.7032916005341656,-6.287636863473195,2.1028212531970243,-4.543752601975172,-1.917972876,-0.36630398,-0.584349,-0.02954502412542498,-0.10947201965430836,0.9935506533822793,-1.13665887407429,-5.414616787190697,4.1711571934020695,4.186600933076651,3.3544948835967645
4102,05/05/2023 15:32:55.057370,4285,True,True,True,True,Eyes,1.915552,0.01711831,-3.296602,-0.9177977,-0.2127169,-0.3352596,0.0,0.0,0.0,0.0,0.0,0.0,0.0,3.711844,0.2601579,0.8287373,1.903865,0.02056486,-3.302597,0.05334402,-0.8033867,0.02992714,0.5923079,6.38901,252.6382,357.1011,0.5322236,0.003149155,-0.846597,-0.383503,0.01558157,-0.3633372,-0.01788586,-0.3629882,-3.864226,0.07166761,-0.1640294,2.038827,-0.2926517,-0.05025959,0.9548975,-0.1211639,0.9925176,0.01510604,-0.9485118,-0.1112783,-0.2965515,moving,-2.3543460351841565,-6.031398798302773,2.013197577518457,-4.5997005277256555,-1.92175086,-0.38355306,-0.5616289999999999,-0.04085251276489971,-0.10498574636949251,0.9936343202220297,-1.7931592494957715,-5.176711073277872,4.577583558134267,4.59621552441059,3.8498433038548847
4103,05/05/2023 15:32:55.079038,4286,True,True,True,True,Eyes,1.914138,0.01719965,-3.297277,-0.9185956,-0.2131633,-0.3327814,0.0,0.0,0.0,0.0,0.0,0.0,0.0,3.701219,0.2620131,0.8715081,1.89608,0.02091422,-3.306303,0.05351226,-0.7992478,0.03014424,0.5978553,6.440455,253.434,357.1449,0.5292703,0.003283408,-0.848446,-0.3604928,0.01464667,-0.341537,-0.0301869,-0.3745147,-3.84427,0.06861699,-0.1659686,2.039069,-0.2794113,-0.04949532,0.9588951,-0.1215829,0.9924555,0.01579974,-0.9524427,-0.1121706,-0.283321,moving,-2.990772126239792,-6.042680270788881,1.9273408315613025,-4.653292058920781,-1.9262669,-0.39542891999999996,-0.5379669999999996,-0.05188600254431547,-0.10512746479830877,0.9931042180341709,-2.4352033245695717,-5.199147015980556,5.088400882224699,5.110600225899994,4.396561059321066
4104,05/05/2023 15:32:55.097254,4287,True,True,True,True,Eyes,1.912457,0.01730017,-3.298055,-0.9195326,-0.2135562,-0.3299296,0.0,0.0,0.0,0.0,0.0,0.0,0.0,3.690592,0.2655761,0.9112077,1.888572,0.02133699,-3.309704,0.05446163,-0.7952396,0.0315555,0.6030192,6.653876,254.1821,357.1976,0.5265719,0.003406357,-0.8501228,-0.3388633,0.01376787,-0.3210448,-0.04408952,-0.377854,-3.824084,0.06534368,-0.1680492,2.039329,-0.2668034,-0.04856294,0.9625266,-0.1246772,0.9920764,0.01549446,-0.9556523,-0.1158712,-0.2707441,moving,-3.56535353422868,-5.884746244055618,1.8352294356084786,-4.710767275537583,-1.93266152,-0.39919099,-0.5143800000000001,-0.06186054730429619,-0.10233135399464549,0.9928250403037766,-3.014667703894343,-5.055629036230871,5.502225484357804,5.526709964582709,4.862142727002791
4105,05/05/2023 15:32:55.107099,4288,True,True,True,True,Eyes,1.91052,0.01740194,-3.298929,-0.920616,-0.2137955,-0.3267379,0.0,0.0,0.0,0.0,0.0,0.0,0.0,3.679719,0.2672825,0.9499807,1.880552,0.02188163,-3.313198,0.05447596,-0.7913482,0.03134354,0.6081268,6.653456,254.921,357.2245,0.5240976,0.003519639,-0.8516499,-0.3185315,0.0129418,-0.3017821,-0.05594681,-0.3867175,-3.804683,0.06219056,-0.1700535,2.039578,-0.2544284,-0.04809719,0.9658949,-0.1243406,0.9920999,0.01664928,-0.959065,-0.1158639,-0.2583988,moving,-4.097916638940148,-5.931414860083798,1.74651467667075,-4.766115325757105,-1.93649881,-0.40859913,-0.49148499999999995,-0.07108053245994955,-0.10307652417763256,0.9921304242090996,-3.551973824059451,-5.110669475313477,5.931966368490553,5.959471487270942,5.309679647054677
4106,05/05/2023 15:32:55.127166,4289,True,True,True,True,Eyes,1.908332,0.01748646,-3.299899,-0.9218006,-0.213808,-0.3233725,0.0,0.0,0.0,0.0,0.0,0.0,0.0,3.668617,0.2678949,0.9875813,1.872524,0.0219798,-3.316474,0.05360315,-0.7876328,0.02950235,0.6130995,6.442277,255.6382,357.216,0.5218197,0.003624266,-0.8530471,-0.2994196,0.01216529,-0.2836751,-0.06939629,-0.388012,-3.78615,0.05901456,-0.172072,2.039829,-0.2424715,-0.04826344,0.9689574,-0.120615,0.9925126,0.01925409,-0.9626317,-0.1122022,-0.2464774,moving,-4.5866057199410095,-6.176468287258696,1.6571694495393787,-4.821832286390019,-1.94192029,-0.4099918,-0.4696760000000002,-0.07950465953666469,-0.10725046188392089,0.9910480958653092,-4.045242627199053,-5.358177843899895,6.357166921008539,6.3890349084873,5.727579772468725
4107,05/05/2023 15:32:55.147141,4290,True,True,True,True,Eyes,1.905895,0.0175606,-3.300952,-0.9230756,-0.2138044,-0.3197172,0.0,0.0,0.0,0.0,0.0,0.0,0.0,3.657246,0.2714925,1.023175,1.864304,0.02145223,-3.319631,0.0533637,-0.7839524,0.02830258,0.6178755,6.333762,256.3317,357.1918,0.5197132,0.003720655,-0.8543317,-0.2814544,0.01143537,-0.2666546,-0.08385897,-0.382418,-3.768579,0.05581486,-0.1741057,2.040084,-0.2307647,-0.04869425,0.9717905,-0.1186441,0.9927025,0.02156849,-0.9657491,-0.11032,-0.2348579,moving,-5.037234691650047,-6.317759058585551,1.5671699590016488,-4.877940689056585,-1.94816297,-0.40387023,-0.4489479999999997,-0.08727395442446662,-0.10962250316274164,0.9901344032150436,-4.499999405416209,-5.503921085032518,6.723944996679156,6.759529401281039,6.099376652796315
4108,05/05/2023 15:32:55.166886,4291,True,True,True,True,Eyes,1.90321,0.01760381,-3.30207,-0.9243672,-0.2136298,-0.3160815,0.0,0.0,0.0,0.0,0.0,0.0,0.0,3.645881,0.2780979,1.056371,1.855905,0.02127143,-3.32278,0.05377103,-0.7803597,0.02745352,0.6224096,6.302775,256.9933,357.1312,0.5177554,0.003809381,-0.8555193,-0.2645671,0.01074925,-0.2506553,-0.09739599,-0.3810501,-3.751482,0.05262247,-0.1761353,2.040338,-0.21943,-0.04974682,0.9743593,-0.1180962,0.9927099,0.02408797,-0.9684544,-0.1097824,-0.2237052,moving,-5.456976444713649,-6.3740580572281536,1.4773910943871562,-4.933913817440828,-1.95330099,-0.40232153,-0.42870200000000036,-0.09451567392393417,-0.11052197564414436,0.9893692974863078,-4.923501336075736,-5.56631389969825,7.043797492710456,7.082334967983904,6.4320567294137225
4109,05/05/2023 15:32:55.179536,4292,True,True,True,True,Eyes,1.900289,0.01762651,-3.303278,-0.925729,-0.2134583,-0.312188,0.0,0.0,0.0,0.0,0.0,0.0,0.0,3.635411,0.2775661,1.086558,1.847382,0.02069085,-3.325751,0.05338555,-0.7770351,0.02721779,0.6265985,6.269257,257.6109,357.1828,0.5159263,0.003890394,-0.8566232,-0.2486931,0.0101043,-0.235616,-0.110115,-0.3820867,-3.735421,0.04940885,-0.1781779,2.040592,-0.2090485,-0.04885564,0.9766842,-0.1170741,0.9928184,0.02460428,-0.970872,-0.109201,-0.2132669,moving,-5.830643457065388,-6.419016635800296,1.3870315787086145,-4.990225828293753,-1.957497,-0.40277755,-0.4096700000000002,-0.100958013312685,-0.11122754426222158,0.9886535730827264,-5.300509970032797,-5.616830768739534,7.316582631444712,7.357735799391715,6.716833012479448
4110,05/05/2023 15:32:55.196993,4293,True,True,True,True,Eyes,1.897133,0.01762535,-3.304547,-0.927132,-0.2130347,-0.3082894,0.0,0.0,0.0,0.0,0.0,0.0,0.0,3.625501,0.2751909,1.11597,1.838835,0.02022071,-3.329211,0.0528835,-0.7737395,0.02729102,0.6307027,6.254205,258.22,357.2662,0.5142074,0.003963948,-0.8576558,-0.2337715,0.009498039,-0.221479,-0.1225244,-0.3835056,-3.72057,0.04593995,-0.1803827,2.040867,-0.1988351,-0.04741106,0.9788856,-0.1162611,0.992917,0.02447525,-0.9731127,-0.1089398,-0.2029388,moving,-6.200287770114668,-6.426494204069633,1.289511177210477,-5.050980878357736,-1.9613594,-0.40372631,-0.391359,-0.10733351529376073,-0.11128184037896885,0.9879755824295475,-5.673418319687546,-5.630763081211794,7.571712632007106,7.615059105520052,6.987026161502392
4111,05/05/2023 15:32:55.208725,4294,True,True,True,True,Eyes,1.893743,0.01759445,-3.305879,-0.9285563,-0.21266,-0.304235,0.0,0.0,0.0,0.0,0.0,0.0,0.0,3.616501,0.2725648,1.138842,1.830009,0.01961114,-3.331818,0.05251813,-0.7709573,0.0277182,0.6341124,6.277496,258.7297,357.3576,0.512583,0.00403016,-0.8586273,-0.2197452,0.008928156,-0.2081903,-0.1346542,-0.3854149,-3.706275,0.04252863,-0.1825511,2.041138,-0.1902867,-0.04582556,0.9806585,-0.1161314,0.9929471,0.0238657,-0.9748357,-0.1093439,-0.1942665,moving,-6.465450204025528,-6.389424253573545,1.1936275177195999,-5.110704483641032,-1.9646632,-0.40502604,-0.37445700000000004,-0.11191340707925485,-0.11058640011292026,0.9875454675713258,-5.940874467495422,-5.599420232174285,7.720755316101773,7.765088267222002,7.151220990844956
4112,05/05/2023 15:32:55.227044,4295,True,True,True,True,Eyes,1.890105,0.01752589,-3.307191,-0.9298242,-0.2123969,-0.3005234,0.0,0.0,0.0,0.0,0.0,0.0,0.0,3.608396,0.2724623,1.158639,1.821052,0.01887431,-3.334759,0.05248718,-0.768379,0.02808643,0.6372204,6.31842,259.1953,357.4128,0.5110384,0.004088989,-0.8595473,-0.2065605,0.008392467,-0.1956989,-0.1461569,-0.3883804,-3.693706,0.03984639,-0.1842558,2.041351,-0.1823904,-0.0448656,0.9822019,-0.1164546,0.9929125,0.02372975,-0.9763052,-0.1100538,-0.1863225,moving,-6.705124332207152,-6.343399350317232,1.1182496716799375,-5.157637715798426,-1.9672089,-0.40725471,-0.3589470000000001,-0.1160543535671178,-0.1097405788217786,0.9871616850145619,-6.182607750688784,-5.5588954910989035,7.867682762501927,7.912724654541759,7.31187574456757
4113,05/05/2023 15:32:55.247040,4296,True,True,True,True,Eyes,1.886251,0.01741959,-3.308539,-0.9310827,-0.2122198,-0.2967284,0.0,0.0,0.0,0.0,0.0,0.0,0.0,3.60067,0.2737821,1.176082,1.811769,0.01802811,-3.337681,0.0526653,-0.7659446,0.02846842,0.6401132,6.374923,259.6301,357.4491,0.5095603,0.004140234,-0.8604242,-0.1941669,0.007888919,-0.183957,-0.1571408,-0.3925126,-3.683729,0.03650063,-0.1863826,2.041616,-0.1749631,-0.04423138,0.9835811,-0.1171234,0.9928318,0.02381305,-0.9775839,-0.111034,-0.1788894,moving,-6.9081158626571195,-6.28640660805836,1.024242203825392,-5.216170483569475,-1.9689098,-0.41054071,-0.34604800000000013,-0.11956459609983561,-0.1087129944824532,0.9868565110025023,-6.387323020103858,-5.5070266719933265,7.958957474482689,8.004230747364243,7.417270144123234
4114,05/05/2023 15:32:55.256967,4297,True,True,True,True,Eyes,1.882159,0.01727721,-3.309851,-0.9322106,-0.2121352,-0.293227,0.0,0.0,0.0,0.0,0.0,0.0,0.0,3.594164,0.2763214,1.187927,1.802741,0.01703287,-3.339967,0.0531646,-0.7639886,0.02918394,0.6423731,6.482251,259.9724,357.4769,0.5081381,0.004183643,-0.8612646,-0.1825169,0.007415584,-0.1729195,-0.1680878,-0.3972265,-3.67468,0.03330305,-0.1884154,2.041869,-0.1690605,-0.04374034,0.9846346,-0.1187283,0.9926437,0.02371063,-0.9784284,-0.1128954,-0.1730101,moving,-7.038946677260871,-6.179840682783142,0.9344159874936093,-5.2720925688348546,-1.9708288,-0.41425936999999996,-0.3347129999999998,-0.121842484380638,-0.10684751305527843,0.9867816563527394,-6.519186265818541,-5.405568222982592,7.980478649697031,8.024868772888272,7.454797267587504
4115,05/05/2023 15:32:55.279574,4298,True,True,True,True,Eyes,1.877842,0.01709795,-3.311191,-0.9333086,-0.2121063,-0.2897343,0.0,0.0,0.0,0.0,0.0,0.0,0.0,3.588142,0.2777477,1.198475,1.793225,0.01616086,-3.342503,0.05352934,-0.762106,0.02988376,0.6445433,6.577853,260.3022,357.5153,0.5067617,0.004219075,-0.862075,-0.1715658,0.006970649,-0.1625444,-0.177856,-0.4037092,-3.667862,0.03038701,-0.1902687,2.042101,-0.1633972,-0.04306731,0.98562,-0.1201128,0.9924831,0.02345479,-0.9792215,-0.1145532,-0.1673419,moving,-7.159083174612408,-6.086087974756838,0.8525136316992943,-5.323052310612288,-1.971081,-0.41987006,-0.3253590000000002,-0.12393309764652544,-0.10520525840772071,0.9866977403649211,-6.640275415685003,-5.3163994613200245,8.00426942139023,8.047851067934868,7.492792000917001
4116,05/05/2023 15:32:55.286784,4299,True,True,True,True,Eyes,1.873315,0.01687454,-3.31256,-0.9344251,-0.2120266,-0.2861721,0.0,0.0,0.0,0.0,0.0,0.0,0.0,3.584622,0.2782921,1.200126,1.783504,0.0151071,-3.34457,0.05377517,-0.761018,0.03049266,0.6457786,6.653499,260.4916,357.5497,0.5054219,0.004246369,-0.8628612,-0.1612719,0.00655241,-0.1527917,-0.1880287,-0.4098543,-3.662039,0.02713788,-0.1923335,2.042359,-0.1601565,-0.04246474,0.9861777,-0.1212308,0.9923569,0.02304278,-0.9796187,-0.1158646,-0.1640805,moving,-7.136218674559226,-5.99951778661478,0.7612738452848049,-5.3798052835425105,-1.9715327,-0.4249614,-0.317469,-0.12355872830752251,-0.10371918393909317,0.9869020158952033,-6.617112171212459,-5.231655705903248,7.879746146643798,7.921769479570616,7.379873203910556
4117,05/05/2023 15:32:55.307022,4300,True,True,True,True,Eyes,1.868573,0.01661292,-3.313941,-0.9354954,-0.2120359,-0.2826466,0.0,0.0,0.0,0.0,0.0,0.0,0.0,3.581455,0.2799225,1.20134,1.773949,0.01383478,-3.346836,0.05404691,-0.7599801,0.03085222,0.64696,6.708988,260.6717,357.563,0.5041105,0.004265183,-0.863628,-0.1515956,0.006159265,-0.1436242,-0.1977599,-0.4154125,-3.660517,0.02401438,-0.1943192,2.042606,-0.1570431,-0.04222884,0.9866883,-0.1220695,0.9922542,0.02303823,-0.9800185,-0.1168265,-0.1609816,moving,-7.104006134067158,-5.940512956341387,0.6735803347048374,-5.434363566831908,-1.9717088999999999,-0.42924728,-0.3136809999999999,-0.12301680882460259,-0.10270975452227829,0.9870752442818707,-6.584549556852934,-5.173596680754867,7.753258649127118,7.794038650386978,7.262812739675914
4118,05/05/2023 15:32:55.326983,4301,True,True,True,True,Eyes,1.863608,0.01632235,-3.315324,-0.936601,-0.2121587,-0.2788674,0.0,0.0,0.0,0.0,0.0,0.0,0.0,3.578247,0.2832992,1.200314,1.764048,0.01267555,-3.348557,0.05477993,-0.7590649,0.03164747,0.6479338,6.836268,260.8224,357.5668,0.5028198,0.004275373,-0.86438,-0.1424998,0.005789709,-0.1350067,-0.2073815,-0.4205748,-3.659751,0.02074945,-0.1963938,2.042865,-0.1543621,-0.04215211,0.9871149,-0.124174,0.9919952,0.02294257,-0.9801803,-0.1190325,-0.1583606,moving,-7.029241021091319,-5.814648074079032,0.5819351899598109,-5.491337267824907,-1.9714295000000002,-0.43325035,-0.31119399999999997,-0.12175557624527555,-0.10055689103920315,0.9874531205516345,-6.508984391909358,-5.049640484307436,7.579565126319441,7.618039983690774,7.104663015590909
4119,05/05/2023 15:32:55.346753,4302,True,True,True,True,Eyes,1.858423,0.01599492,-3.31671,-0.9376977,-0.2121449,-0.2751684,0.0,0.0,0.0,0.0,0.0,0.0,0.0,3.575639,0.2819986,1.198742,1.753797,0.01171566,-3.350486,0.05440856,-0.7583031,0.03125024,0.6488757,6.776869,260.9634,357.5782,0.5015432,0.004277046,-0.8651214,-0.1339499,0.005442327,-0.1269063,-0.2166518,-0.4280811,-3.659301,0.01758403,-0.1984065,2.043117,-0.1520005,-0.04196133,0.9874895,-0.1230714,0.9921263,0.02321448,-0.9806884,-0.1180031,-0.1559678,moving,-6.945069800930902,-5.865916738217541,0.49310236835797183,-5.546584868559537,-1.9704488,-0.43979676,-0.30881500000000006,-0.12029376093988081,-0.10145866137942552,0.9875401939414383,-6.424129499671472,-5.098070153730153,7.406705899448721,7.445023711376804,6.931757509138689
4120,05/05/2023 15:32:55.357014,4303,True,True,True,True,Eyes,1.853019,0.01561382,-3.318094,-0.9388337,-0.2120177,-0.2713663,0.0,0.0,0.0,0.0,0.0,0.0,0.0,3.573666,0.2758451,1.195002,1.743346,0.01047109,-3.351991,0.05305266,-0.7578323,0.03018188,0.6495881,6.584612,261.0674,357.6231,0.5002751,0.00427009,-0.8658553,-0.1259129,0.005115787,-0.119292,-0.2276199,-0.4289194,-3.659712,0.01430851,-0.2004884,2.043378,-0.1504415,-0.04119845,0.9877602,-0.1196216,0.9925489,0.02317915,-0.9813553,-0.1146704,-0.1542487,moving,-6.818210119560221,-6.036312704405042,0.40120028455741696,-5.603705840347775,-1.9709659,-0.43939049,-0.3077209999999999,-0.11807050149947257,-0.10442317793373508,0.9874993907494586,-6.296344153028133,-5.2617801980377505,7.1930055277557745,7.232360284299411,6.706266818305267
4121,05/05/2023 15:32:55.379800,4304,True,True,True,True,Eyes,1.8474,0.01518193,-3.319466,-0.9399417,-0.2117895,-0.2676842,0.0,0.0,0.0,0.0,0.0,0.0,0.0,3.572294,0.267659,1.189847,1.732709,0.008776253,-3.35355,0.05125628,-0.7575089,0.02889146,0.650168,6.339612,261.1508,357.6885,0.4990101,0.004253964,-0.866585,-0.1183581,0.00480884,-0.1121344,-0.2396297,-0.4253328,-3.660922,0.01112744,-0.2025106,2.04363,-0.1493089,-0.04008558,0.9879777,-0.1152228,0.9930761,0.02287931,-0.9820543,-0.1104215,-0.152894,moving,-6.679589997146065,-6.250479752728018,0.31196892210760985,-5.659168336173832,-1.9723387000000001,-0.434109053,-0.307372,-0.11563476042409399,-0.1081448431026381,0.9873871164496469,-6.156744015509468,-5.4679184277343165,6.975686236987563,7.016519458587921,6.471539507472135
4122,05/05/2023 15:32:55.397937,4305,True,True,True,True,Eyes,1.841565,0.01470358,-3.32082,-0.9410343,-0.2115931,-0.2639751,0.0,0.0,0.0,0.0,0.0,0.0,0.0,3.571277,0.2613053,1.181821,1.721961,0.00709709,-3.354668,0.04998344,-0.7573758,0.0282085,0.650452,6.185776,261.192,357.7509,0.4977432,0.004228245,-0.8673134,-0.1112566,0.00452031,-0.1054064,-0.2521096,-0.4203597,-3.662897,0.007925391,-0.2045459,2.043883,-0.1488275,-0.03901594,0.9880933,-0.112409,0.9934118,0.02229479,-0.9824533,-0.1077525,-0.1522328,moving,-6.500701495180625,-6.373461005379021,0.22216984994775552,-5.714967332339412,-1.9740706000000001,-0.42745679000000003,-0.30822899999999986,-0.11252453421268122,-0.11030359508937504,0.9875076674510879,-5.976418278876621,-5.584503590427357,6.714165784495077,6.755043526179641,6.199960933647581
4123,05/05/2023 15:32:55.417014,4306,True,True,True,True,Eyes,1.835512,0.01419356,-3.322145,-0.9420946,-0.2113236,-0.2603844,0.0,0.0,0.0,0.0,0.0,0.0,0.0,3.57016,0.254824,1.173379,1.710968,0.005490702,-3.355645,0.048833,-0.7572398,0.02784845,0.6507134,6.069139,261.2312,357.8264,0.4964709,0.004192684,-0.8680426,-0.1045812,0.004249091,-0.09908199,-0.2637666,-0.418664,-3.665953,0.004563898,-0.2066824,2.04415,-0.1483751,-0.03771386,0.9882119,-0.1101993,0.9936796,0.02137667,-0.9827721,-0.1057285,-0.1515933,moving,-6.329854272454586,-6.45441524297577,0.12792195241818669,-5.773510248426447,-1.9747346000000001,-0.424154702,-0.31030800000000003,-0.1095617943293945,-0.11173595858897872,0.9876797172216332,-5.804157376524914,-5.660292665693359,6.453209541398584,6.493574160825012,5.9331596460835225
4124,05/05/2023 15:32:55.427183,4307,True,True,True,True,Eyes,1.829246,0.0136422,-3.323442,-0.9432068,-0.210992,-0.2565994,0.0,0.0,0.0,0.0,0.0,0.0,0.0,3.56887,0.2469119,1.164368,1.699659,0.004196038,-3.356292,0.04756306,-0.7571401,0.02758466,0.6509345,5.9518,261.265,357.9193,0.4951886,0.00414741,-0.868775,-0.09830635,0.003994146,-0.09313706,-0.2754341,-0.4180336,-3.668549,0.001490176,-0.2086361,2.044394,-0.148044,-0.03611217,0.9883213,-0.1079354,0.9939537,0.02014996,-0.9830732,-0.1036918,-0.1510466,moving,-6.144344829806961,-6.530163567238576,0.041763368710013765,-5.827020679399595,-1.9750931,-0.422229638,-0.31225700000000023,-0.10634707545107885,-0.11308133058369033,0.9878779559879982,-5.617099262235283,-5.7307466901992585,6.186269507828197,6.225941259317941,5.6596815243355945
4125,05/05/2023 15:32:55.447053,4308,True,True,True,True,Eyes,1.822775,0.01304442,-3.324697,-0.9442831,-0.2106265,-0.252915,0.0,0.0,0.0,0.0,0.0,0.0,0.0,3.566861,0.2359019,1.157808,1.688291,0.002610522,-3.356834,0.04529349,-0.7569148,0.02614365,0.6514176,5.65781,261.3338,358.0129,0.4938939,0.004092335,-0.8695118,-0.09240797,0.003754497,-0.08754884,-0.2873843,-0.4171622,-3.671081,-0.001727462,-0.2106812,2.044649,-0.1472071,-0.03450575,0.9885035,-0.1026275,0.99453,0.01943292,-0.983767,-0.09858698,-0.1499432,moving,-5.9959230771860605,-6.783445689764908,-0.04840745688835716,-5.883011071992239,-1.9756753,-0.419772722,-0.31424699999999994,-0.10373436038996431,-0.11747983706272333,0.9876425279578948,-5.467655160164644,-5.974812673967421,5.974098456425956,6.015290895257567,5.42002520322466
4126,05/05/2023 15:32:55.457482,4309,True,True,True,True,Eyes,1.816107,0.01243985,-3.325922,-0.9453294,-0.2105002,-0.2490825,0.0,0.0,0.0,0.0,0.0,0.0,0.0,3.564363,0.231164,1.150608,1.676925,0.000883827,-3.357074,0.04447101,-0.7565983,0.0260681,0.6518449,5.59077,261.3992,358.0821,0.4925837,0.004027186,-0.8702551,-0.0868635,0.003529227,-0.08229591,-0.3008085,-0.4106068,-3.672851,-0.005316079,-0.2129619,2.044933,-0.1462411,-0.03330867,0.9886881,-0.1012781,0.9946855,0.01853025,-0.984051,-0.09742257,-0.1488374,moving,-5.838291447415106,-6.826534206321428,-0.14894776704831053,-5.9454230023690116,-1.9777335,-0.411490627,-0.3157770000000002,-0.10100740835162436,-0.11825590481227255,0.9878325490414706,-5.3086836586038135,-6.013952455136645,5.71710261630219,5.757168441782824,5.160190961243846
4127,05/05/2023 15:32:55.480299,4310,True,True,True,True,Eyes,1.809246,0.01182906,-3.327095,-0.9463232,-0.2103838,-0.2453794,0.0,0.0,0.0,0.0,0.0,0.0,0.0,3.562021,0.2345974,1.140828,1.665455,0.0001579998,-3.357197,0.04577904,-0.7563058,0.02786626,0.6520194,5.845624,261.4332,358.1043,0.4912556,0.003952792,-0.8710058,-0.08165169,0.003317473,-0.07735816,-0.3126822,-0.4116648,-3.673429,-0.008073062,-0.2147147,2.045152,-0.14555,-0.03290722,0.9888036,-0.1055846,0.9942555,0.01754682,-0.9837008,-0.1018485,-0.1481884,moving,-5.659103570618161,-6.552449754961275,-0.22616899763964185,-5.993365285849164,-1.9781372,-0.4118227998,-0.31623199999999985,-0.09797154305411715,-0.11356373071391634,0.9886884483612484,-5.12760932684905,-5.743729804440802,5.426224373134188,5.4616255380488745,4.907793310071077
4128,05/05/2023 15:32:55.496937,4311,True,True,True,True,Eyes,1.802222,0.01119834,-3.328227,-0.9472717,-0.2104283,-0.2416529,0.0,0.0,0.0,0.0,0.0,0.0,0.0,3.559499,0.2361589,1.131413,1.653957,-0.0005988926,-3.357131,0.04602363,-0.756108,0.02778133,0.6522353,5.857106,261.4652,358.0783,0.4899078,0.003869906,-0.871765,-0.07675259,0.003118425,-0.07271667,-0.3220862,-0.423298,-3.675255,-0.01127577,-0.2167507,2.045407,-0.144942,-0.03335774,0.9888776,-0.1058376,0.99422,0.0180251,-0.9837633,-0.1020478,-0.1476347,moving,-5.466272496749488,-6.535676708281815,-0.3158527800669699,-6.049028336452871,-1.9760431999999999,-0.4226991074,-0.3181240000000001,-0.09464627056211034,-0.11331090734099974,0.9890412473129887,-4.933061036721315,-5.723922252942927,5.1398834785367615,5.173359633332656,4.628639762484464
4129,05/05/2023 15:32:55.506821,4312,True,True,True,True,Eyes,1.795026,0.01064191,-3.329297,-0.9481245,-0.2107068,-0.2380391,0.0,0.0,0.0,0.0,0.0,0.0,0.0,3.556608,0.2413218,1.122371,1.642977,-0.00168755,-3.356789,0.04705451,-0.7558398,0.02843637,0.6524442,5.991882,261.4992,358.0394,0.4885389,0.003778826,-0.8725333,0.0,0.0,0.0,-0.3332261,-0.426428,-3.677461,-0.01453677,-0.2188231,2.045665,-0.144205,-0.03402505,0.9889629,-0.1082376,0.9939545,0.01841421,-0.9836106,-0.1043876,-0.147016,moving,-5.283818971544358,-6.411138325363837,-0.40714464468109823,-6.105665144095386,-1.9762031,-0.42474045,-0.32067200000000007,-0.09151831347981354,-0.11119351907338387,0.9895758868369761,-4.748860490379438,-5.599321501419281,4.855714299607751,4.886232327137289,4.371141769522759
4130,05/05/2023 15:32:55.526992,4313,True,True,True,True,Eyes,1.609954,-0.001029872,-3.353568,-0.9662763,-0.2112967,-0.147186,0.0,0.0,0.0,0.0,0.0,0.0,0.0,3.553098,0.2507402,1.113533,1.631617,-0.0004024524,-3.35636,0.04957128,-0.7553827,0.0302797,0.6527042,6.34162,261.5457,357.9609,0.487148,0.003682336,-0.8733111,0.0,0.0,0.0,-0.342959,-0.4341236,-3.679095,-0.01765314,-0.2208038,2.045912,-0.1430399,-0.03536319,0.989085,-0.114418,0.9932517,0.01896524,-0.983081,-0.1104563,-0.1461208,moving,0.006257375445752145,-5.860275683109669,-0.49436403771956633,-6.159770094640946,-1.974576,-0.4337211476,-0.32273499999999977,0.0001086410408396854,-0.10210285905013033,0.9947737915423251,0.5884275387297407,-4.967555853869547,0.5808911490640727,0.5833684100618634,1.6105317115560622
4131,05/05/2023 15:32:55.546773,4314,True,True,True,True,Eyes,1.609493,-0.0009910262,-3.353546,-0.9663588,-0.2109775,-0.147103,0.0,0.0,0.0,0.0,0.0,0.0,0.0,3.548506,0.2437081,1.110615,1.619385,0.001280461,-3.355941,0.04732564,-0.7548466,0.02656405,0.6536524,5.852772,261.6731,357.8846,0.4812579,0.003246766,-0.8765725,-0.5552155,-0.03501534,-0.07281518,-0.3514506,-0.4470096,-3.680197,-0.02085087,-0.2228364,2.046166,-0.1409978,-0.03671988,0.9893288,-0.1061745,0.9941092,0.02176548,-0.9843002,-0.1019726,-0.1440659,moving,-0.08829647397043927,-6.334565484016509,-0.5838360627457385,-6.215266118643261,-1.9708356,-0.448290061,-0.3242560000000001,-0.001531654849435904,-0.11033380701203191,0.9938934719155486,0.4925074720868424,-5.431286850207703,0.5068856304761706,0.5096977757672211,1.3315926172492276
4132,05/05/2023 15:32:55.557511,4315,True,True,True,True,Eyes,1.608606,-0.0009139481,-3.353588,-0.9664854,-0.2106238,-0.1467776,0.0,0.0,0.0,0.0,0.0,0.0,0.0,3.543922,0.2343333,1.108905,1.607855,0.002179251,-3.355409,0.04479977,-0.7542446,0.02332965,0.6546479,5.385058,261.8125,357.8682,0.476243,0.002879234,-0.8793085,-0.5219026,-0.03291442,-0.06844627,-0.367636,-0.4300775,-3.679477,-0.02407831,-0.2248879,2.046422,-0.1388582,-0.03703456,0.9896196,-0.09812537,0.9948974,0.02346363,-0.9854389,-0.09384867,-0.1417837,moving,-0.18747420492180217,-6.78574318424098,-0.6741140795095865,-6.27125343480041,-1.975491,-0.432256751,-0.324068,-0.0032491158566548273,-0.1181562675434201,0.9929897366477247,0.39194879366808,-5.872586302949755,0.7063012520899453,0.7081794051073746,1.1381676201622715
4133,05/05/2023 15:32:55.580858,4316,True,True,True,True,Eyes,1.607304,-0.0007674552,-3.353607,-0.9666387,-0.2102113,-0.1463588,0.0,0.0,0.0,0.0,0.0,0.0,0.0,3.539297,0.2347103,1.105543,1.596556,0.003045604,-3.354837,0.04490811,-0.7535405,0.0228884,0.6554666,5.357291,261.9352,357.8314,0.4719178,0.002566935,-0.8816383,-0.4905884,-0.03093956,-0.0643395,-0.3829578,-0.4146859,-3.67797,-0.02733409,-0.2269573,2.04668,-0.136694,-0.03767499,0.9898968,-0.09768531,0.9949188,0.02437686,-0.9857852,-0.09336618,-0.1396798,moving,-0.2785088606146707,-6.793188998326736,-0.765158642150526,-6.3277036101425175,-1.9795138,-0.417731504,-0.32313300000000034,-0.004826753007315665,-0.1182845552562148,0.9929680416640132,0.3001039797522111,-5.8814769099979864,0.6714606782422251,0.6734275436020627,1.154947064390819
4134,05/05/2023 15:32:55.597206,4317,True,True,True,True,Eyes,1.605619,-0.0005567865,-3.353735,-0.9668191,-0.2098199,-0.1457276,0.0,0.0,0.0,0.0,0.0,0.0,0.0,3.533981,0.2336106,1.105072,1.585289,0.004842293,-3.354342,0.04465194,-0.7526153,0.02183909,0.6565818,5.250376,262.1012,357.7823,0.4679871,0.002289747,-0.8837319,-0.4611531,-0.02908318,-0.06047913,-0.3947362,-0.4147557,-3.676576,-0.03055003,-0.2290014,2.046935,-0.1338134,-0.03853317,0.9902573,-0.09588975,0.9950585,0.02576244,-0.9863566,-0.09150817,-0.136847,moving,-0.39530248463417994,-6.882415188738038,-0.8550627327348744,-6.383437089599035,-1.9800252,-0.419597993,-0.3222339999999999,-0.006849562805703591,-0.11982933785511163,0.9927709248568657,0.18218134733126656,-5.970497323520119,0.6768155435229035,0.6784973317220818,1.1164204100792698
4135,05/05/2023 15:32:55.607203,4318,True,True,True,True,Eyes,1.603561,-0.0002995468,-3.353849,-0.9670318,-0.2093491,-0.1449912,0.0,0.0,0.0,0.0,0.0,0.0,0.0,3.52809,0.232823,1.106766,1.574085,0.006372841,-3.353919,0.04402298,-0.7515295,0.01995865,0.6579263,5.044347,262.2999,357.704,0.464404,0.00204591,-0.8856207,-0.4334839,-0.02733819,-0.05685038,-0.4072997,-0.4110849,-3.673866,-0.03374884,-0.2310347,2.047189,-0.1303898,-0.03990648,0.9906593,-0.09243177,0.9953272,0.02792872,-0.9871446,-0.08792678,-0.1334691,moving,-0.5306631118702102,-7.0676407440519915,-0.9444613824542091,-6.438849216438799,-1.9813847,-0.417457741,-0.319947,-0.00919131793710981,-0.12303581460116947,0.9923596646173684,0.04542021221000314,-6.153369655614828,0.7516331795797794,0.7527335477686915,1.0302252914305738
4136,05/05/2023 15:32:55.626787,4319,True,True,True,True,Eyes,1.601165,-7.070979e-06,-3.353955,-0.9671412,-0.2091177,-0.1445954,0.0,0.0,0.0,0.0,0.0,0.0,0.0,3.522515,0.2314828,1.108684,1.5631,0.007723858,-3.353734,0.04355288,-0.7504071,0.01870372,0.6592743,4.904629,262.5019,357.6587,0.4611274,0.001833353,-0.8873317,-0.4074749,-0.0256979,-0.05343936,-0.4206824,-0.4041239,-3.670245,-0.03689253,-0.2330332,2.047438,-0.1269212,-0.04070302,0.9910774,-0.09002654,0.9955066,0.02935579,-0.987819,-0.08549741,-0.1300152,moving,-0.6955048861167108,-7.20174670098105,-1.0322937940819348,-6.493289838129673,-1.9837824,-0.41184775799999995,-0.31651099999999976,-0.01204280442481731,-0.12535439674958304,0.9920390057699461,-0.12102422916935174,-6.286973934503363,0.7838757789467687,0.7844347615000389,0.9343331697125545
4137,05/05/2023 15:32:55.637265,4320,True,True,True,True,Eyes,1.598441,0.0003269996,-3.354055,-0.9672692,-0.2088302,-0.1441532,0.0,0.0,0.0,0.0,0.0,0.0,0.0,3.518452,0.2280581,1.106922,1.552588,0.008878893,-3.353533,0.04340613,-0.749617,0.01891837,0.6601761,4.914808,262.6407,357.6935,0.4581199,0.001649883,-0.8888886,-0.3830264,-0.02415603,-0.050233,-0.4333817,-0.3998177,-3.666754,-0.04024345,-0.235163,2.047704,-0.1245671,-0.04009704,0.9914008,-0.09005484,0.995516,0.02894831,-0.988116,-0.08567443,-0.1276194,moving,-0.811411244855122,-7.179130848863982,-1.1258868694750048,-6.551277607987159,-1.9859697,-0.408696593,-0.31322099999999997,-0.014050325032817668,-0.12495951982936468,0.9920623012399008,-0.23792599195320074,-6.267027218836058,0.7016844856339061,0.7022069570714853,0.932348005704868
4138,05/05/2023 15:32:55.657019,4321,True,True,True,True,Eyes,1.595408,0.0006683563,-3.354114,-0.9672834,-0.2088332,-0.1440543,0.0,0.0,0.0,0.0,0.0,0.0,0.0,3.515903,0.2194461,1.101908,1.54198,0.01019818,-3.353524,0.04234542,-0.7491942,0.01871102,0.6607307,4.81819,262.7258,357.7729,0.455349,0.001493754,-0.8903115,-0.3600448,-0.02270667,-0.04721902,-0.4442744,-0.4008861,-3.664685,-0.0433034,-0.2371078,2.047947,-0.1232839,-0.03872399,0.9916158,-0.08817577,0.9957135,0.02792147,-0.9884465,-0.08399421,-0.1261699,moving,-0.895866336536482,-7.278045848415715,-1.211326459719991,-6.604203149301064,-1.9862544,-0.41108428,-0.3111609999999998,-0.015509239760253646,-0.1266693036052876,0.9918238118196703,-0.32323616888782725,-6.3649044012263225,0.7435796449346422,0.7440289459887115,0.9197653263199782
4139,05/05/2023 15:32:55.676973,4322,True,True,True,True,Eyes,1.592087,0.001049087,-3.35417,-0.9672879,-0.2088953,-0.1439331,0.0,0.0,0.0,0.0,0.0,0.0,0.0,3.513834,0.2094125,1.095531,1.531624,0.01076116,-3.353369,0.04070633,-0.7489647,0.01792858,0.6611153,4.627591,262.7834,357.8571,0.4527851,0.001362425,-0.8916183,-0.3384421,-0.02134426,-0.04438587,-0.4557337,-0.3981761,-3.664772,-0.04653874,-0.2391643,2.048205,-0.1225391,-0.03726948,0.9917638,-0.08468094,0.9960431,0.02696742,-0.9888446,-0.08067892,-0.1252102,moving,-0.9495672721998761,-7.4728839555135025,-1.3016346746170817,-6.660139148527457,-1.9873577,-0.40893725999999997,-0.3114030000000003,-0.016431597180236956,-0.1300393947277684,0.9913725957262749,-0.37762920951560697,-6.555672178882041,0.8852953303208557,0.8857231944166207,0.9298921697080199
4140,05/05/2023 15:32:55.686939,4323,True,True,True,True,Eyes,1.58847,0.001467262,-3.354213,-0.9672375,-0.2089658,-0.1441702,0.0,0.0,0.0,0.0,0.0,0.0,0.0,3.512074,0.2065762,1.087314,1.521377,0.01210127,-3.353335,0.04095075,-0.7487656,0.01870478,0.6613043,4.71347,262.8148,357.8962,0.4504015,0.001254471,-0.8928249,-0.3181356,-0.02006361,-0.04172272,-0.4674803,-0.3927873,-3.665506,-0.04955775,-0.2410831,2.048444,-0.1219994,-0.03658591,0.9918557,-0.08606412,0.9959463,0.02615082,-0.9887919,-0.0821728,-0.1246536,moving,-1.0023691624331919,-7.392385519275642,-1.3858793013042758,-6.712311162884673,-1.9888573,-0.40488857,-0.3121710000000002,-0.01734839159249213,-0.12864444994060897,0.9915390927001122,-0.43080561279004037,-6.478204087813451,0.7800567653803596,0.7807567846887455,0.9833472800036567
4141,05/05/2023 15:32:55.707003,4324,True,True,True,True,Eyes,1.584581,0.001898936,-3.354267,-0.9672381,-0.2088259,-0.1443684,0.0,0.0,0.0,0.0,0.0,0.0,0.0,3.510195,0.2036369,1.079233,1.51066,0.01342903,-3.353417,0.03993647,-0.7486368,0.01671444,0.6615654,4.465985,262.8492,357.834,0.4481742,0.001168583,-0.8939452,-0.2990474,-0.01885979,-0.03921936,-0.4769877,-0.3965128,-3.667509,-0.05286655,-0.2431861,2.048707,-0.1214728,-0.03768042,0.9918795,-0.08191121,0.9962514,0.02781509,-0.9892094,-0.07786725,-0.1241039,moving,-1.031023880491087,-7.634441784740227,-1.4781802022774997,-6.769461280294701,-1.9876477,-0.40994183,-0.31409200000000004,-0.017834342005920212,-0.132831081143772,0.990978240754242,-0.45998494902963216,-6.714519084142518,0.9730076977968651,0.9737248323753437,1.019676526480096
4142,05/05/2023 15:32:55.727032,4325,True,True,True,True,Eyes,1.580447,0.002323657,-3.354338,-0.9671633,-0.2088656,-0.1448116,0.0,0.0,0.0,0.0,0.0,0.0,0.0,3.508019,0.2017448,1.073184,1.500275,0.01413553,-3.353744,0.03874366,-0.7483519,0.01424443,0.6620163,4.164345,262.9123,357.7516,0.446082,0.001102938,-0.8949911,-0.2811046,-0.01772821,-0.0368662,-0.489303,-0.3882428,-3.670025,-0.05596089,-0.2451532,2.048952,-0.1204669,-0.03912769,0.991946,-0.07684788,0.996592,0.02997818,-0.9897385,-0.07261758,-0.1230632,moving,-1.0970185250682905,-7.94343472066369,-1.5644709718496126,-6.822896037779602,-1.989578,-0.40237833,-0.31628100000000003,-0.018961782054096932,-0.13817055055633012,0.9902269623702956,-0.5269083659054352,-7.0167121408081705,1.2136437086876246,1.2141329127576819,1.0555097550694892
4143,05/05/2023 15:32:55.746942,4326,True,True,True,True,Eyes,1.576072,0.002743927,-3.354427,-0.9670982,-0.2089024,-0.145192,0.0,0.0,0.0,0.0,0.0,0.0,0.0,3.506283,0.2045397,1.06522,1.490213,0.01442926,-3.354044,0.03946759,-0.7481108,0.0145868,0.6622385,4.249455,262.9467,357.7166,0.4441061,0.001055336,-0.8959733,-0.2642383,-0.01666451,-0.03465422,-0.5017791,-0.3787032,-3.672021,-0.05916169,-0.2471877,2.049206,-0.1197651,-0.03973238,0.992007,-0.07837214,0.996459,0.03044883,-0.9897042,-0.074099,-0.1224549,moving,-1.1514731893397827,-7.863712121727205,-1.6537009121519877,-6.878133671838466,-1.9919921,-0.39313246,-0.31797699999999995,-0.01990674629172967,-0.13679006506530245,0.9903999482958928,-0.5817529725464223,-6.940029558360239,1.1054163924790683,1.1061634447251558,1.0737334333962658
4144,05/05/2023 15:32:55.757372,4327,True,True,True,True,Eyes,1.571474,0.003188221,-3.354497,-0.9669486,-0.2093274,-0.145576,0.0,0.0,0.0,0.0,0.0,0.0,0.0,3.504187,0.2053815,1.059427,1.480037,0.01474228,-3.354573,0.03965268,-0.7476929,0.01440119,0.6627033,4.249011,263.0174,357.6892,0.4422292,0.001023861,-0.8969011,-0.248384,-0.01566464,-0.03257497,-0.5111367,-0.3833477,-3.674551,-0.06244925,-0.2492775,2.049466,-0.118504,-0.04020863,0.9921391,-0.07838348,0.9964405,0.0310206,-0.989855,-0.07409126,-0.1212339,moving,-1.2395437238688038,-7.893773281372359,-1.7453188697200637,-6.9348481322808455,-1.9911737,-0.39808998,-0.3199780000000003,-0.021427545050025754,-0.13730536285463507,0.9902969377177766,-0.6706329946212026,-6.970897644563828,1.0833728391340272,1.08413372778502,1.0752903317117875
4145,05/05/2023 15:32:55.781553,4328,True,True,True,True,Eyes,1.566644,0.003655445,-3.354596,-0.9668137,-0.2097699,-0.1458344,0.0,0.0,0.0,0.0,0.0,0.0,0.0,3.501159,0.2102834,1.055966,1.470156,0.01589909,-3.354964,0.04160981,-0.7469382,0.01649027,0.6633854,4.579431,263.1265,357.6841,0.4404366,0.00100756,-0.8977829,-0.233481,-0.01472476,-0.03062047,-0.5214111,-0.3848902,-3.675979,-0.06563044,-0.2512997,2.049718,-0.116377,-0.0402811,0.992388,-0.0840387,0.9959934,0.03057225,-0.9896434,-0.07984108,-0.119296,moving,-1.373501529594736,-7.595322616185554,-1.833941514234504,-6.98969994150321,-1.9915671000000001,-0.40078929,-0.32101500000000005,-0.02375964181943374,-0.13213814572382532,0.9909464180985479,-0.8054349577139195,-6.6825704926785665,0.7596391963722026,0.7607784194786713,1.0733844768493532
4146,05/05/2023 15:32:55.797310,4329,True,True,True,True,Eyes,1.561626,0.004101954,-3.354732,-0.9666811,-0.2103245,-0.1459157,0.0,0.0,0.0,0.0,0.0,0.0,0.0,3.497835,0.2090383,1.055375,1.459764,0.01692463,-3.355766,0.04182132,-0.7459968,0.0168518,0.6644214,4.629766,263.2867,357.6998,0.4387147,0.001005553,-0.8986256,-0.2194721,-0.01384128,-0.02878325,-0.5292879,-0.3973007,-3.675538,-0.0688006,-0.2533143,2.049969,-0.1135904,-0.04000375,0.992722,-0.08479054,0.9959339,0.03043118,-0.989903,-0.08071674,-0.1165206,moving,-1.5396762965101511,-7.584666455282284,-1.9222265962663376,-7.044319576464908,-1.9890519000000002,-0.41422533,-0.31977199999999995,-0.026634274777786737,-0.13194430002202348,0.9908993152700781,-0.9730613167127424,-6.6751784097505755,0.6612607401843993,0.6620570075841119,1.0184203105168674
4147,05/05/2023 15:32:55.807043,4330,True,True,True,True,Eyes,1.556428,0.004527296,-3.354895,-0.9665102,-0.2111253,-0.1458909,0.0,0.0,0.0,0.0,0.0,0.0,0.0,3.494794,0.2037176,1.055491,1.450168,0.01688899,-3.356468,0.04133385,-0.7450992,0.01739285,0.6654444,4.641998,263.4462,357.7893,0.4370517,0.001015863,-0.8994355,-0.2063038,-0.0130108,-0.02705625,-0.5399162,-0.4000737,-3.674044,-0.07213616,-0.2554344,2.050235,-0.1109507,-0.03844769,0.993082,-0.08474357,0.9959779,0.02909195,-0.9902064,-0.08092954,-0.1137627,moving,-1.7072431870420943,-7.6240664697824485,-2.0150827970166785,-7.101764822287696,-1.9900841999999999,-0.41696268999999997,-0.31757599999999986,-0.029529466934899107,-0.13261487158467214,0.9907276720290301,-1.1421483590521815,-6.7165736974516745,0.6058521946768874,0.606270761661023,0.9541418844369173
4148,05/05/2023 15:32:55.827150,4331,True,True,True,True,Eyes,1.551048,0.004958748,-3.355085,-0.9662448,-0.2124463,-0.145731,0.0,0.0,0.0,0.0,0.0,0.0,0.0,3.492437,0.2028345,1.053059,1.440663,0.016869,-3.35729,0.04277959,-0.7442749,0.02062129,0.6661829,5.030952,263.5704,357.9171,0.4354372,0.001036707,-0.9002182,-0.1939256,-0.01223015,-0.02543288,-0.550067,-0.40255,-3.67197,-0.07526553,-0.2574235,2.050483,-0.1087407,-0.03620445,0.9934107,-0.09115465,0.9954894,0.02630225,-0.9898821,-0.08769388,-0.1115503,moving,-1.8493420820778308,-7.314095225867241,-2.102169103029671,-7.155639364558951,-1.99073,-0.41941900000000004,-0.31468000000000007,-0.032009185543458774,-0.1272433806473574,0.9913548821658194,-1.2851501564473502,-6.417170165280192,0.2972106952735942,0.2983785557079034,1.1012977423739216
4149,05/05/2023 15:32:55.846843,4332,True,True,True,True,Eyes,1.545493,0.005385812,-3.355293,-0.9659972,-0.2137609,-0.1454501,0.0,0.0,0.0,0.0,0.0,0.0,0.0,3.489958,0.1937267,1.051548,1.430838,0.0175201,-3.357899,0.04314539,-0.7434084,0.02396295,0.6670145,5.346906,263.7128,358.1477,0.433862,0.001067208,-0.9009784,-0.18229,-0.01149634,-0.0239069,-0.5571419,-0.4184049,-3.670807,-0.07844993,-0.2594475,2.050735,-0.1064604,-0.03218202,0.9937961,-0.09611654,0.9951285,0.02192868,-0.9896605,-0.09318571,-0.1090351,moving,-2.0111959821279823,-7.073094780168348,-2.1907556132098525,-7.210433967451261,-1.9879799,-0.435925,-0.31290799999999974,-0.0348280338511478,-0.12306077816284694,0.9917878287732098,-1.4481585223308338,-6.1853099800932085,0.22440843336688884,0.22606130468921143,1.265831595765746
4150,05/05/2023 15:32:55.857249,4333,True,True,True,True,Eyes,1.53978,0.005797998,-3.355536,-0.965744,-0.2151823,-0.1450345,0.0,0.0,0.0,0.0,0.0,0.0,0.0,3.487212,0.183385,1.051491,1.421109,0.01785416,-3.358577,0.04236305,-0.7425206,0.02535979,0.6680011,5.408585,263.8727,358.329,0.4323181,0.00110629,-0.9017201,-0.1713526,-0.01080656,-0.02247249,-0.5651248,-0.4311468,-3.668345,-0.08159065,-0.2614438,2.050984,-0.1039598,-0.02903013,0.9941578,-0.0967916,0.9951245,0.01893679,-0.9898605,-0.09425747,-0.1062628,moving,-2.168071197046422,-7.093610733582179,-2.2780949064441174,-7.264450921352212,-1.9862338,-0.44900096,-0.30976800000000004,-0.03754179013018716,-0.1234037574740308,0.9916461206472054,-1.6064384834976193,-6.208117029223857,0.20218761396684015,0.2032033129329558,1.2517841835333778
4151,05/05/2023 15:32:55.877093,4334,True,True,True,True,Eyes,1.533896,0.006209441,-3.355802,-0.9655333,-0.2164911,-0.1444889,0.0,0.0,0.0,0.0,0.0,0.0,0.0,3.483982,0.178401,1.052029,1.41155,0.01794826,-3.359155,0.04262367,-0.7415024,0.02733793,0.6690367,5.599596,264.0431,358.4667,0.4307982,0.001152715,-0.9024472,-0.1610715,-0.01015817,-0.02112414,-0.5750057,-0.4352695,-3.665911,-0.08486819,-0.2635272,2.051244,-0.1011463,-0.02663094,0.9945152,-0.09979124,0.9948717,0.01649132,-0.9898542,-0.09757587,-0.1032852,moving,-2.3251885087173187,-6.97928424010315,-2.36920490235635,-7.32079637056009,-1.9865557,-0.45321775999999997,-0.30675600000000003,-0.0402709206225611,-0.12141190213967942,0.9917849540007888,-1.764811015096072,-6.099571366133894,0.3437972175989139,0.34433701247211906,1.3626013659149736
4152,05/05/2023 15:32:55.896854,4335,True,True,True,True,Eyes,1.527841,0.006587603,-3.356078,-0.9652711,-0.2177635,-0.1443288,0.0,0.0,0.0,0.0,0.0,0.0,0.0,3.480239,0.1717452,1.054798,1.401549,0.01833028,-3.359982,0.04166074,-0.7403493,0.02718075,0.6703793,5.514837,264.2511,358.5467,0.4292956,0.001205745,-0.9031629,-0.1514072,-0.009548678,-0.01985669,-0.5837281,-0.4440596,-3.662971,-0.08803135,-0.2655376,2.051495,-0.09771185,-0.02524417,0.9948946,-0.09812984,0.9950511,0.0156105,-0.9903651,-0.09610352,-0.0997055,moving,-2.5285914488309236,-7.142422100964003,-2.457101985696121,-7.37514011836258,-1.9852770999999998,-0.46238988,-0.3029890000000002,-0.043776232975716645,-0.12421697972986018,0.9912889711432018,-1.9701889006228293,-6.262150657541703,0.24345255477006214,0.24345106071082684,1.2148373933633825
4153,05/05/2023 15:32:55.907148,4336,True,True,True,True,Eyes,1.521635,0.00691946,-3.35638,-0.965045,-0.2189621,-0.1440271,0.0,0.0,0.0,0.0,0.0,0.0,0.0,3.476285,0.1644897,1.058111,1.391394,0.01793078,-3.36079,0.04003797,-0.7391773,0.02607871,0.671814,5.298799,264.469,358.6102,0.4278046,0.001263821,-0.90387,-0.1423227,-0.008975757,-0.01866529,-0.5952595,-0.4428015,-3.659507,-0.0912427,-0.267579,2.05175,-0.0941263,-0.02415024,0.9952675,-0.09423041,0.9954337,0.01524255,-0.991091,-0.09234972,-0.09597213,moving,-2.7295063079921027,-7.432920265145595,-2.54630410824564,-7.4302941217203164,-1.9866535,-0.46073228,-0.2987169999999999,-0.047221594247770615,-0.12922104559604172,0.9904908385278404,-2.1732000348701828,-6.548753520704609,0.18167305983299326,0.1832210212318251,0.9572463010158324
4154,05/05/2023 15:32:55.926929,4337,True,True,True,True,Eyes,1.515268,0.007209423,-3.356627,-0.9647406,-0.220283,-0.1440517,0.0,0.0,0.0,0.0,0.0,0.0,0.0,3.47258,0.1607932,1.061039,1.381602,0.01714643,-3.361748,0.03944766,-0.7379759,0.02615324,0.6731654,5.262019,264.6799,358.6758,0.4263198,0.001325217,-0.9045713,-0.1337834,-0.008437212,-0.01754537,-0.6080328,-0.4376759,-3.655836,-0.09444785,-0.2696168,2.052005,-0.09058467,-0.02301192,0.9956229,-0.09343375,0.9955198,0.01450867,-0.9914963,-0.09171051,-0.09232894,moving,-2.9466477300635514,-7.551513495584866,-2.635298965768735,-7.485321765074069,-1.9896348000000001,-0.45482233,-0.2940879999999999,-0.050961358827844305,-0.13124676172961913,0.9900389614010945,-2.3923873036804943,-6.6681866478635206,0.31527352623945204,0.31830708163018184,0.8524763195286824
4155,05/05/2023 15:32:55.946931,4338,True,True,True,True,Eyes,1.508743,0.007458428,-3.356902,-0.9644772,-0.2215297,-0.1439036,0.0,0.0,0.0,0.0,0.0,0.0,0.0,3.46842,0.1581945,1.064572,1.371418,0.01656784,-3.36262,0.03947521,-0.73662,0.02711878,0.6746091,5.348483,264.91,358.7588,0.4248375,0.001388465,-0.9052683,-0.1257564,-0.007930979,-0.01649265,-0.6189833,-0.4392011,-3.652307,-0.09756321,-0.2715964,2.052252,-0.08668869,-0.0215673,0.9960021,-0.0947456,0.9954126,0.0133082,-0.99172,-0.09321313,-0.08833449,moving,-3.1769098109424037,-7.541647251017953,-2.721768449378736,-7.538754027280873,-1.9904013,-0.45576894,-0.2896869999999998,-0.05494118941439419,-0.1310485794975335,0.9898523419744482,-2.624666311352118,-6.662716668799156,0.45121612359405855,0.4551505572331227,0.8814024498859553
4156,05/05/2023 15:32:55.957132,4339,True,True,True,True,Eyes,1.502084,0.007660638,-3.357232,-0.9641762,-0.2228566,-0.1438725,0.0,0.0,0.0,0.0,0.0,0.0,0.0,3.464065,0.1547887,1.069134,1.361138,0.01582764,-3.3636,0.03892276,-0.735201,0.02718405,0.6761846,5.313743,265.1566,358.8221,0.4233534,0.001452279,-0.9059631,-0.118211,-0.00745512,-0.01550309,-0.6294265,-0.4449996,-3.648002,-0.1008364,-0.2736767,2.052511,-0.08251884,-0.02046922,0.9963793,-0.09399497,0.9954922,0.01266645,-0.992147,-0.09260941,-0.08407091,moving,-3.425944822571224,-7.659206425740515,-2.8125835558816794,-7.594878329604501,-1.9905645,-0.46082723999999997,-0.28440200000000004,-0.05922713089439585,-0.13304662642590714,0.989338590791319,-2.8760269081365903,-6.781716071919492,0.6108891398737132,0.6167253419695731,0.8156334447953449
4157,05/05/2023 15:32:55.981965,4340,True,True,True,True,Eyes,1.495279,0.007822449,-3.357597,-0.9638877,-0.2242142,-0.143696,0.0,0.0,0.0,0.0,0.0,0.0,0.0,3.460257,0.1559445,1.072549,1.35121,0.01493059,-3.364828,0.03932436,-0.7338458,0.02783778,0.6776055,5.402404,265.3821,358.8495,0.4218633,0.001515364,-0.9066579,-0.1111183,-0.007007813,-0.01457291,-0.6410083,-0.4465902,-3.643288,-0.1039947,-0.2756842,2.052762,-0.07860905,-0.01998997,0.9967052,-0.09544209,0.9953573,0.01243554,-0.9923264,-0.09415007,-0.08015198,moving,-3.6427077810199515,-7.656231857789002,-2.9001743653075773,-7.649007329775126,-1.9922183,-0.46152079,-0.27845999999999993,-0.06297028724953407,-0.13296473294727626,0.9891183795809784,-3.094695651567311,-6.782716854174132,0.735943379047138,0.7425685606423886,0.887861317394298
4158,05/05/2023 15:32:55.997135,4341,True,True,True,True,Eyes,1.48833,0.007943187,-3.357962,-0.9635566,-0.225606,-0.1437381,0.0,0.0,0.0,0.0,0.0,0.0,0.0,3.456545,0.1590108,1.074983,1.340896,0.01414221,-3.366062,0.04008576,-0.7325191,0.02857655,0.6789642,5.526108,265.5989,358.8531,0.4203644,0.001576672,-0.9073538,-0.1044512,-0.006587344,-0.01369853,-0.651114,-0.4526891,-3.639745,-0.1072628,-0.2777615,2.05302,-0.07480178,-0.01992226,0.9969994,-0.09753206,0.995153,0.01256784,-0.9924175,-0.09629931,-0.07638224,moving,-3.860580267082125,-7.622001183070293,-2.9907759986294535,-7.704996392768765,-1.99201,-0.46683131,-0.2736830000000001,-0.06673665395882145,-0.13234130471977856,0.9889550182463394,-3.314448540689165,-6.7532893860179914,0.866719220985243,0.8737549257379784,1.0052413347957354
4159,05/05/2023 15:32:56.007140,4342,True,True,True,True,Eyes,1.481246,0.008022348,-3.358367,-0.9632519,-0.2269764,-0.143623,0.0,0.0,0.0,0.0,0.0,0.0,0.0,3.453146,0.1604141,1.077179,1.330553,0.01334934,-3.367449,0.04034822,-0.731251,0.0287953,0.6803049,5.567097,265.8104,358.8584,0.4188541,0.001635269,-0.9080518,0.0,0.0,0.0,-0.6612579,-0.4598224,-3.636538,-0.1104576,-0.2797925,2.053274,-0.0711145,-0.01983019,0.997271,-0.09818852,0.9950857,0.01278501,-0.9926236,-0.09701136,-0.07271203,moving,-4.0633585845317635,-7.668791929732488,-3.079306391577648,-7.759703099367966,-1.9918109,-0.47317174,-0.2690889999999997,-0.07022893001640718,-0.13311690589190156,0.9886090541230579,-3.51906544551281,-6.802517646363126,0.9801821419827771,0.9882426621140652,1.0533717373093086
4160,05/05/2023 15:32:56.026759,4343,True,True,True,True,Eyes,1.474025,0.008056935,-3.35883,-0.9629382,-0.2283172,-0.1436009,0.0,0.0,0.0,0.0,0.0,0.0,0.0,3.44936,0.1633109,1.080539,1.320189,0.01231105,-3.368866,0.04076307,-0.7298498,0.02894856,0.681777,5.614734,266.0425,358.8468,0.4173293,0.001690318,-0.9087535,0.0,0.0,0.0,-0.6720684,-0.4640998,-3.633792,-0.1137321,-0.2818736,2.053534,-0.06703727,-0.0200289,0.9975496,-0.09897474,0.9950007,0.01332645,-0.9928295,-0.09783883,-0.06868438,moving,-4.289484414683668,-7.709584438252396,-3.1700078567271763,-7.81573149401146,-1.9922574000000002,-0.47641085,-0.264926,-0.07412334441147789,-0.1337829099901241,0.9882346897998073,-3.7472287489852825,-6.846322612941163,1.1152756929450696,1.124497648401468,1.1282453355353206
4161,05/05/2023 15:32:56.046835,4344,True,True,True,True,Eyes,1.290134,0.007680639,-3.371571,-0.9555904,-0.2602427,-0.138278,0.0,0.0,0.0,0.0,0.0,0.0,0.0,3.444981,0.1652675,1.085538,1.309682,0.01128613,-3.370193,0.04115441,-0.7282645,0.0293688,0.6834287,5.683243,266.3052,358.8599,0.4157874,0.001740957,-0.9094599,0.0,0.0,0.0,-0.6829344,-0.4687549,-3.630324,-0.1168983,-0.2838866,2.053785,-0.06246313,-0.01979962,0.997851,-0.1000855,0.9948876,0.01347571,-0.9930164,-0.09902872,-0.06412547,moving,-4.252784362971275,-9.530830492452715,-3.257673169456801,-7.869900531020923,-1.9926164000000002,-0.48004103,-0.2601309999999999,-0.07313885491137628,-0.16513484544226253,0.9835554236963278,-3.7122538358263366,-8.619833416166871,1.9190136770511235,1.9362165747249498,0.876950919071471
4162,05/05/2023 15:32:56.066913,4345,True,True,True,True,Eyes,1.289703,0.007641654,-3.371622,-0.9555722,-0.260262,-0.1383669,0.0,0.0,0.0,0.0,0.0,0.0,0.0,3.44036,0.1684864,1.092117,1.299092,0.0102064,-3.37186,0.04139099,-0.726528,0.02910207,0.6852714,5.682456,266.5944,358.8335,0.4095276,0.001779221,-0.9122957,-0.5516717,-0.001128887,-0.03822112,-0.6939006,-0.4741282,-3.62548,-0.1199768,-0.2858433,2.05403,-0.05737977,-0.02025779,0.9981469,-0.1000291,0.9948797,0.01444119,-0.9933286,-0.09901506,-0.05911231,moving,-4.536624020878476,-9.546497637246803,-3.342873537648997,-7.922524424062939,-1.9929926,-0.4843346,-0.2536200000000002,-0.0780076501261639,-0.16534257485108803,0.9831462640603669,-3.9986110203946392,-8.640200432888273,1.9944046946891594,2.0155220696755816,0.9721370787708145
4163,05/05/2023 15:32:56.077026,4346,True,True,True,True,Eyes,1.288852,0.007569864,-3.371748,-0.955609,-0.2602052,-0.13822,0.0,0.0,0.0,0.0,0.0,0.0,0.0,3.435452,0.1720987,1.099748,1.288315,0.009265361,-3.373656,0.04150667,-0.7246777,0.02842568,0.6872493,5.638392,266.9032,358.7859,0.4041895,0.001813003,-0.9146733,-0.5185714,-0.001061154,-0.03592785,-0.7056215,-0.4771228,-3.620427,-0.1232042,-0.2878939,2.054285,-0.05193162,-0.02108686,0.9984281,-0.09922897,0.9949384,0.01585194,-0.9937087,-0.09824976,-0.05376118,moving,-4.821950023678516,-9.603513280127832,-3.432160226068779,-7.977652520891271,-1.9939365000000002,-0.48638816100000004,-0.24677099999999985,-0.08288972071971956,-0.166255107296098,0.982592799121289,-4.28651414582256,-8.700873911784909,2.113707587105985,2.1389106783513423,1.1193613359611707
4164,05/05/2023 15:32:56.086954,4347,True,True,True,True,Eyes,1.287596,0.007451346,-3.37195,-0.9556875,-0.2600126,-0.1380392,0.0,0.0,0.0,0.0,0.0,0.0,0.0,3.429771,0.1751049,1.11033,1.277394,0.008390809,-3.375651,0.04129873,-0.7225397,0.0272884,0.689555,5.531293,267.2625,358.7308,0.3995211,0.001841637,-0.9167219,-0.4874572,-0.0009974848,-0.03377218,-0.7179624,-0.4784258,-3.614974,-0.1264654,-0.2899672,2.054544,-0.04561665,-0.02204624,0.9987159,-0.09731364,0.9950995,0.01752159,-0.9942079,-0.09638939,-0.04753848,moving,-5.1528671812672195,-9.719135282981384,-3.522340267329212,-8.033357321259475,-1.9953564,-0.486816609,-0.23932300000000017,-0.08853441063053047,-0.16815563623913998,0.9817766093602782,-4.620475883317798,-8.819458858399113,2.314839180107388,2.345307091470854,1.3505026685630555
4165,05/05/2023 15:32:56.107135,4348,True,True,True,True,Eyes,1.285957,0.007286133,-3.372232,-0.9557935,-0.2598552,-0.1376016,0.0,0.0,0.0,0.0,0.0,0.0,0.0,3.423953,0.174983,1.122175,1.2664,0.007147701,-3.377799,0.04074765,-0.7202702,0.02657247,0.6919858,5.43246,267.6454,358.7381,0.395279,0.001864099,-0.918559,-0.4582097,-0.0009376357,-0.03174585,-0.7311695,-0.4774412,-3.608046,-0.1297615,-0.2920625,2.054806,-0.03899064,-0.02192309,0.9989991,-0.09547418,0.9952671,0.01811487,-0.9946679,-0.0946723,-0.04089919,moving,-5.502760335288784,-9.824330177888953,-3.6134441309050356,-8.089622444585899,-1.9975695,-0.484588901,-0.23024699999999987,-0.09450013454114464,-0.16986435531367086,0.980926075347896,-4.97356902005763,-8.9282274966185,2.528701407318609,2.5649028519864903,1.597873007277787
4166,05/05/2023 15:32:56.127125,4349,True,True,True,True,Eyes,1.283949,0.007064192,-3.372519,-0.9558402,-0.2598525,-0.1372813,0.0,0.0,0.0,0.0,0.0,0.0,0.0,3.418555,0.1722442,1.133673,1.25556,0.005864443,-3.380079,0.04043312,-0.7180002,0.02720213,0.6943349,5.463438,268.0244,358.8322,0.3914123,0.001879724,-0.9202133,-0.4307171,-0.0008813775,-0.0298411,-0.7444407,-0.4771428,-3.599913,-0.1328707,-0.2940386,2.055052,-0.03252864,-0.0202872,0.9992649,-0.09583677,0.9952504,0.01708598,-0.9948654,-0.09521054,-0.03431839,moving,-5.871308233893285,-9.800993192113225,-3.6993461078042937,-8.142663442621181,-2.0000007,-0.483007243,-0.21983400000000008,-0.10081670276163618,-0.16935927610471185,0.9803843088623667,-5.3453366412232715,-8.9121220245473,2.69122033226782,2.732668482493871,1.8169621199696606
4167,05/05/2023 15:32:56.136929,4350,True,True,True,True,Eyes,1.28159,0.006807472,-3.372888,-0.9559151,-0.259887,-0.1366939,0.0,0.0,0.0,0.0,0.0,0.0,0.0,3.41328,0.1651046,1.145665,1.24471,0.004371225,-3.38245,0.03967773,-0.7156882,0.02840085,0.6967134,5.505443,268.413,359.0088,0.3878759,0.001887634,-0.9217094,-0.4048741,-0.0008284948,-0.02805064,-0.7563939,-0.4816108,-3.591451,-0.1358813,-0.2959523,2.05529,-0.02603252,-0.01721925,0.9995129,-0.09636826,0.9952382,0.0146357,-0.9950054,-0.09594031,-0.02756796,moving,-6.247535014390323,-9.759226295092585,-3.7824888436797557,-8.194004973301377,-2.0011039,-0.485982025,-0.20900100000000021,-0.10726755038800573,-0.16853018809424036,0.9798425392933791,-5.724830047410247,-8.87820111795473,2.8736612766317973,2.9199949332018793,2.059323606446477
4168,05/05/2023 15:32:56.157300,4351,True,True,True,True,Eyes,1.278885,0.006544135,-3.373297,-0.9559525,-0.2600479,-0.1361248,0.0,0.0,0.0,0.0,0.0,0.0,0.0,3.408111,0.1566273,1.157556,1.233887,0.003274239,-3.384848,0.03879547,-0.7133905,0.02963971,0.699064,5.539411,268.799,359.1991,0.3846284,0.001887644,-0.9230692,-0.3805817,-0.0007787852,-0.0263676,-0.7682303,-0.4870333,-3.582528,-0.1391178,-0.2980093,2.055547,-0.01960906,-0.01391254,0.999711,-0.09679275,0.9952328,0.01195166,-0.9951115,-0.09653041,-0.02086217,moving,-6.624393100401667,-9.729812202556833,-3.8718287729315466,-8.249158326342119,-2.0021173,-0.490307539,-0.19768000000000008,-0.11372229894638192,-0.16790585443163822,0.9792215870249346,-6.1049742126241515,-8.856325077007138,3.074653940260141,3.1255313593068768,2.3142147735102276
4169,05/05/2023 15:32:56.182102,4352,True,True,True,True,Eyes,1.275838,0.006244949,-3.373812,-0.9560655,-0.2600508,-0.1353223,0.0,0.0,0.0,0.0,0.0,0.0,0.0,3.402936,0.1527596,1.169348,1.222835,0.002904753,-3.387528,0.03851249,-0.7110407,0.03041516,0.7014363,5.582617,269.1869,359.3034,0.381633,0.001880366,-0.9243118,-0.3577468,-0.000732058,-0.02478554,-0.7800319,-0.4917808,-3.573558,-0.1422768,-0.3000176,2.055799,-0.01300808,-0.01209931,0.9998422,-0.09743649,0.9951833,0.01077528,-0.9951568,-0.09728096,-0.01412429,moving,-6.974374612909711,-9.689645659661394,-3.9589874751625294,-8.30297344530468,-2.0028669,-0.494685553,-0.1860299999999997,-0.11971814236394052,-0.16710071689046624,0.9786443176924904,-6.457992996677715,-8.823491139897492,3.2644232804787263,3.3189485414149003,2.55263927474048
4170,05/05/2023 15:32:56.197169,4353,True,True,True,True,Eyes,1.272505,0.005923682,-3.374402,-0.9560665,-0.2603928,-0.1346568,0.0,0.0,0.0,0.0,0.0,0.0,0.0,3.398212,0.1485139,1.18085,1.211567,0.001707327,-3.390636,0.0370157,-0.7088012,0.02903322,0.7038378,5.351392,269.5662,359.3322,0.378856,0.001865538,-0.9254534,-0.336282,-0.0006881345,-0.02329841,-0.7919358,-0.4959573,-3.565295,-0.1454945,-0.3020625,2.056053,-0.006484241,-0.01160418,0.9999117,-0.09334292,0.9955738,0.01094853,-0.9956129,-0.09326367,-0.007538795,moving,-7.314144013575502,-9.952830967455808,-4.047730186744476,-8.357750996485732,-2.0035028,-0.49766462699999997,-0.17465899999999968,-0.1254238717063278,-0.17147251846524125,0.9771724741915891,-6.801050908850375,-9.085984411549054,3.572335651438682,3.635070756106792,2.8479991056165272
4171,05/05/2023 15:32:56.207371,4354,True,True,True,True,Eyes,1.268878,0.005645415,-3.375097,-0.9560276,-0.2609741,-0.1338052,0.0,0.0,0.0,0.0,0.0,0.0,0.0,3.394897,0.1515878,1.188724,1.201301,0.0009416472,-3.393854,0.03840459,-0.7067779,0.03115945,0.7057047,5.63842,269.8837,359.4065,0.3762683,0.001843303,-0.9265085,-0.3161051,-0.0006468464,-0.0219005,-0.8063716,-0.4912044,-3.558322,-0.1488665,-0.3042057,2.056321,-0.001011897,-0.01030829,0.9999464,-0.09826579,0.9951084,0.01015898,-0.9951597,-0.09825023,-0.002019907,moving,-7.584982685405753,-9.703256976794856,-4.140680376314475,-8.415123498951216,-2.0076726,-0.4921460472,-0.16446799999999984,-0.1301404446592906,-0.16711203603636643,0.9773111666482033,-7.073994282493524,-8.847732370926444,3.6160974673312967,3.6772960518773923,2.9650431545417795
4172,05/05/2023 15:32:56.227077,4355,True,True,True,True,Eyes,1.264958,0.005369575,-3.375841,-0.9560797,-0.2611804,-0.1330281,0.0,0.0,0.0,0.0,0.0,0.0,0.0,3.392241,0.1511807,1.19482,1.190553,0.001738545,-3.397106,0.0399039,-0.7048729,0.0340931,0.7073893,5.999385,270.18,359.5379,0.3738433,0.001815594,-0.9274897,-0.2971388,-0.0006080357,-0.02058647,-0.8150704,-0.5042104,-3.553047,-0.1519371,-0.3061579,2.056564,0.003983731,-0.008020175,0.99996,-0.1044886,0.9944907,0.008392587,-0.9945182,-0.1045178,0.003123786,moving,-7.8463440415324035,-9.348537725676158,-4.22528448123374,-8.4673597518665,-2.0056234,-0.505948945,-0.15594099999999989,-0.13473688402031048,-0.16095855535319387,0.9777210159493197,-7.337258611508782,-8.506882394744409,3.6701538068289907,3.726734087744609,3.1122250925665957
4173,05/05/2023 15:32:56.237260,4356,True,True,True,True,Eyes,1.260782,0.005167854,-3.376676,-0.9561172,-0.2615094,-0.132109,0.0,0.0,0.0,0.0,0.0,0.0,0.0,3.389795,0.1310732,1.202004,1.179583,0.001476782,-3.400189,0.03598226,-0.7032867,0.03238849,0.7092562,5.543304,270.4713,359.7313,0.3715574,0.001783028,-0.9284078,-0.2793104,-0.0005715535,-0.01935128,-0.8234074,-0.5185412,-3.548487,-0.1552254,-0.3082481,2.056826,0.008677766,-0.004668222,0.9999516,-0.09655514,0.9953125,0.005484505,-0.9952899,-0.09659805,0.00818636,moving,-8.117431331858619,-9.808056238863944,-4.315840527903151,-8.523251724589667,-2.0029904,-0.520017982,-0.14829800000000004,-0.13917887576543692,-0.16869010447822927,0.9757934942891315,-7.611250316402172,-8.95939884822206,3.9444846604577966,4.01283132969956,3.3241465051330055
4174,05/05/2023 15:32:56.257185,4357,True,True,True,True,Eyes,1.256293,0.005103257,-3.377604,-0.9562432,-0.261511,-0.1311902,0.0,0.0,0.0,0.0,0.0,0.0,0.0,3.388188,0.1264475,1.205541,1.169211,0.003067714,-3.403244,0.03641866,-0.7017918,0.03416369,0.7106298,5.722586,270.7097,359.8525,0.3693899,0.001748145,-0.9292724,-0.2625518,-0.0005372603,-0.01819021,-0.8392258,-0.5053805,-3.543562,-0.1585185,-0.3103414,2.057087,0.01264206,-0.002561164,0.9999169,-0.09967212,0.9950131,0.003808772,-0.99494,-0.09971198,0.01232374,moving,-8.313530735064072,-9.619449959731966,-4.406486956297165,-8.579201659807104,-2.0084368,-0.5084482140000001,-0.14031800000000016,-0.14259847806971693,-0.16539574931074133,0.975863642834089,-7.808864729464213,-8.779194458257573,3.97756314382164,4.0431556505652555,3.4082505234758216
4175,05/05/2023 15:32:56.281997,4358,True,True,True,True,Eyes,1.251523,0.005104215,-3.378616,-0.9565856,-0.2607943,-0.1301165,0.0,0.0,0.0,0.0,0.0,0.0,0.0,3.385822,0.1202981,1.20976,1.157196,0.006243979,-3.406265,0.03466156,-0.7002882,0.03134624,0.7123289,5.352543,270.9662,359.7762,0.3673206,0.001714982,-0.9300925,-0.2467987,-0.0005050247,-0.01709879,-0.8486267,-0.5124074,-3.540676,-0.1616098,-0.3123058,2.057333,0.01722774,-0.003888512,0.9998441,-0.09320383,0.9956319,0.005478071,-0.9954979,-0.09328366,0.01679008,moving,-8.496177130869441,-9.965413305158945,-4.491535422488665,-8.631674020351516,-2.0058227,-0.5186513789999999,-0.13441100000000006,-0.14556191108483635,-0.17121049393869014,0.9744222274859602,-7.993508883859169,-9.119500292934147,4.146404978717569,4.220902236766629,3.5357874082536656
4176,05/05/2023 15:32:56.297157,4359,True,True,True,True,Eyes,1.251523,0.005104215,-3.378616,-0.9565856,-0.2607943,-0.1301165,0.0,0.0,0.0,0.0,0.0,0.0,0.0,3.382294,0.1064824,1.218537,1.145716,0.007673978,-3.409304,0.02913794,-0.6985999,0.02382144,0.7145221,4.296782,271.2767,359.6168,0.365332,0.001685187,-0.9308754,-0.2319908,-0.0004747232,-0.01607287,-0.864664,-0.4979541,-3.538119,-0.1647046,-0.314273,2.057577,0.0227816,-0.006669639,0.9997182,-0.0747534,0.9971671,0.0083561,-0.9969418,-0.0749227,0.02221849,moving,-8.795458474684306,-11.058357409489236,-4.5766450012300695,-8.684203757998464,-2.01038,-0.505628078,-0.1288149999999999,-0.15013295204864863,-0.18963471490495282,0.9703085860818583,-8.296655379928048,-10.189576747396899,4.738581189979938,4.840970221421111,4.013056821779509
4177,05/05/2023 15:32:56.307029,4360,True,True,True,True,Eyes,1.251523,0.005104215,-3.378616,-0.9565856,-0.2607943,-0.1301165,0.0,0.0,0.0,0.0,0.0,0.0,0.0,3.378798,0.1194337,1.225502,1.135321,0.009456232,-3.412235,0.03140401,-0.6966614,0.02376551,0.7163184,4.479567,271.5722,359.442,0.3635409,0.001658365,-0.9315764,-0.2180713,-0.0004462398,-0.01510849,-0.8860042,-0.4608241,-3.534128,-0.1679499,-0.3163359,2.057835,0.02819627,-0.009708584,0.9995554,-0.07780328,0.9968979,0.01187752,-0.9965701,-0.07810357,0.02735346,moving,-9.048846172943907,-10.916556280622503,-4.665845224592609,-8.739250872450503,-2.0213252,-0.470280332,-0.12189300000000003,-0.1544989136995722,-0.18710529785105978,0.9701142581128361,-8.552115294454268,-10.055998022865333,4.791199267556457,4.894012275597949,4.103281383725483
4178,05/05/2023 15:32:56.326920,4361,True,True,True,True,Eyes,1.245625,0.005372303,-3.379901,-0.9570937,-0.2597616,-0.1284349,0.0,0.0,0.0,0.0,0.0,0.0,0.0,3.374091,0.1225825,1.235302,1.123721,0.01296778,-3.415051,0.03147398,-0.6944454,0.02176022,0.7185274,4.327217,271.9258,359.285,0.3619277,0.00163422,-0.9322044,-0.2049871,-0.0004194654,-0.01420198,-0.8957629,-0.4670036,-3.530787,-0.1711419,-0.3183649,2.058088,0.03454424,-0.01244329,0.9993258,-0.07498455,0.9970717,0.01500726,-0.9965863,-0.0754524,0.03351003,moving,-9.269960215897422,-11.044595649867492,-4.753538286743031,-8.793367272340054,-2.0194839,-0.47997138,-0.11573600000000006,-0.15817814855321805,-0.18916118375636948,0.9691221196693558,-8.775320796997356,-10.184704574187828,4.937703096232104,5.046394381133077,4.255649662190325
4179,05/05/2023 15:32:56.347213,4362,True,True,True,True,Eyes,1.239562,0.005654946,-3.381233,-0.9575844,-0.2588711,-0.1265615,0.0,0.0,0.0,0.0,0.0,0.0,0.0,3.367838,0.1113199,1.250398,1.1126,0.01432451,-3.41762,0.02768353,-0.6919106,0.01711851,0.7212491,3.647759,272.3538,359.2183,0.3603202,0.001619964,-0.9328269,-0.1926878,-0.0003942975,-0.01334986,-0.9095914,-0.4596272,-3.525103,-0.1743371,-0.3203956,2.058342,0.04193319,-0.01361564,0.9990278,-0.06300248,0.9978812,0.01624449,-0.9971321,-0.06362241,0.04098657,moving,-9.580473406096647,-11.698540887101672,-4.8412735831020095,-8.847496537120893,-2.0221914,-0.47395171,-0.10748300000000022,-0.16306843580251829,-0.20004832944483764,0.9661207450169309,-9.089304317273152,-10.827331320259498,5.400969665528404,5.530684301949418,4.686737765971988
4180,05/05/2023 15:32:56.357080,4363,True,True,True,True,Eyes,1.233316,0.005955015,-3.382661,-0.9579664,-0.2585198,-0.1243696,0.0,0.0,0.0,0.0,0.0,0.0,0.0,3.362478,0.1127128,1.262623,1.102548,0.01497491,-3.420137,0.02846044,-0.6894905,0.01809357,0.7235093,3.791936,272.7335,359.2498,0.3587135,0.001615016,-0.933446,-0.1811266,-0.0003706396,-0.01254887,-0.9272234,-0.435989,-3.515866,-0.1775553,-0.3224413,2.058597,0.04855103,-0.01306467,0.9987354,-0.06542813,0.9977252,0.01623209,-0.9966756,-0.06613347,0.04758578,moving,-9.828503301821772,-11.542469624630973,-4.929597522907083,-8.901999770172116,-2.0297714,-0.45096391,-0.09572899999999995,-0.16734521292777937,-0.1972725680116913,0.9659601552576527,-9.339343190893233,-10.679754954038943,5.435341757365624,5.565191720236574,4.754605172891646
4181,05/05/2023 15:32:56.382292,4364,True,True,True,True,Eyes,1.226909,0.006258416,-3.384109,-0.9584002,-0.2580575,-0.1219642,0.0,0.0,0.0,0.0,0.0,0.0,0.0,3.356116,0.1079254,1.276371,1.091965,0.01565097,-3.422229,0.02786595,-0.6869125,0.01820432,0.7259776,3.75382,273.1452,359.3195,0.3571012,0.001618931,-0.934064,-0.170259,-0.0003484013,-0.01179594,-0.9370027,-0.4425499,-3.507943,-0.1807399,-0.3244653,2.05885,0.05563969,-0.01185108,0.9983807,-0.0647148,0.9977841,0.01545056,-0.9963515,-0.06546965,0.05474948,moving,-10.10687074422672,-11.55650416466799,-5.0169530586849485,-8.95589257691118,-2.0289677,-0.45820087,-0.08571399999999985,-0.17203362086866197,-0.19734744400443469,0.9651208744937931,-9.620178127448721,-10.698433147893791,5.58104209999697,5.715806388950372,4.922004538317253
4182,05/05/2023 15:32:56.397577,4365,True,True,True,True,Eyes,1.22036,0.006583969,-3.385572,-0.9587054,-0.2581765,-0.1192843,0.0,0.0,0.0,0.0,0.0,0.0,0.0,3.349069,0.10129,1.291967,1.081645,0.0159999,-3.42425,0.02639792,-0.6841968,0.01721736,0.7286161,3.556227,273.5819,359.3666,0.3554801,0.00163092,-0.9346821,-0.1600434,-0.0003274972,-0.01108818,-0.9487383,-0.4428062,-3.498264,-0.1840226,-0.3265525,2.05911,0.0631565,-0.01103306,0.9979426,-0.06121244,0.9980134,0.01490778,-0.9961246,-0.06202802,0.06235567,moving,-10.393757084004958,-11.769099707324742,-5.1069545629205155,-9.011441482925033,-2.0303833,-0.4588061,-0.07401400000000002,-0.17673896357453844,-0.20075718146718874,0.9635661815422167,-9.909830314643532,-10.910693190985855,5.817265812452118,5.962797982452884,5.164762582835815
4183,05/05/2023 15:32:56.416947,4366,True,True,True,True,Eyes,1.213652,0.006936764,-3.387036,-0.9590705,-0.2581637,-0.1163415,0.0,0.0,0.0,0.0,0.0,0.0,0.0,3.340615,0.1062567,1.309269,1.071666,0.01691723,-3.425847,0.02770627,-0.6811701,0.01811671,0.7313763,3.738828,274.0501,359.3543,0.3538471,0.001650798,-0.9353015,-0.1504408,-0.0003078473,-0.01042289,-0.9614555,-0.4376506,-3.487644,-0.1872936,-0.3286312,2.059369,0.07135814,-0.01124509,0.9973873,-0.06424564,0.9978083,0.0158463,-0.9953795,-0.06520855,0.07047934,moving,-10.674689748113943,-11.605342389051419,-5.196587751281978,-9.066733008001325,-2.0331215,-0.45456783,-0.06179699999999988,-0.1815718382313175,-0.1978253655423324,0.9632740300140625,-10.193053101796194,-10.756221190206869,5.892601751106717,6.037726316855535,5.274375443282487
4184,05/05/2023 15:32:56.426843,4367,True,True,True,True,Eyes,1.042607,0.01571117,-3.424247,-0.9651601,-0.2589637,-0.03746805,0.0,0.0,0.0,0.0,0.0,0.0,0.0,3.329843,0.1067138,1.331925,1.061085,0.01790119,-3.427396,0.02704821,-0.6775847,0.01638275,0.7347647,3.551721,274.6144,359.2778,0.3521995,0.001678539,-0.9359231,-0.1414144,-0.0002893765,-0.009797518,-0.9707808,-0.4451358,-3.475842,-0.1904137,-0.3306143,2.059616,0.08122127,-0.01257998,0.9966168,-0.06072984,0.998,0.01754674,-0.9948442,-0.06194954,0.0802948,moving,-6.592444187842003,-11.640454900872925,-5.282041298893627,-9.119453223617532,-2.0318658000000003,-0.46303699000000004,-0.04844600000000021,-0.11247511952006517,-0.2004892079404758,0.9732181134303091,-6.074892829325918,-10.717007266633123,2.79873795931549,2.841233040088186,1.7834776336316331
4185,05/05/2023 15:32:56.447037,4368,True,True,True,True,Eyes,1.042207,0.01572269,-3.424295,-0.9651562,-0.2590357,-0.03706861,0.0,0.0,0.0,0.0,0.0,0.0,0.0,3.318118,0.1086165,1.356252,1.051089,0.01820332,-3.428703,0.02679371,-0.6738198,0.01525418,0.7382522,3.446596,275.2017,359.2202,0.3441504,0.002037284,-0.938912,-0.6460643,0.0260512,-0.1208439,-0.9837049,-0.4393396,-3.460931,-0.19375,-0.332735,2.059881,0.09146824,-0.0135854,0.9957153,-0.05863113,0.9980988,0.01900388,-0.9940805,-0.06011817,0.09049781,moving,-7.137460702166036,-11.781292096017927,-5.373365118263078,-9.175796515517474,-2.0347939,-0.45754292,-0.03222799999999992,-0.12167197043248784,-0.20265947722589817,0.9716610180622991,-6.624867954270485,-10.864006207803595,3.089464055794421,3.1465283169158527,2.101502156473645
4186,05/05/2023 15:32:56.457362,4369,True,True,True,True,Eyes,1.04143,0.01574568,-3.424368,-0.9650967,-0.2593572,-0.03636251,0.0,0.0,0.0,0.0,0.0,0.0,0.0,3.305834,0.1142145,1.381064,1.041041,0.01851111,-3.429986,0.02778485,-0.6698958,0.01555207,0.7417722,3.557867,275.8043,359.1875,0.3375131,0.00233285,-0.9413176,-0.6073005,0.02448813,-0.1135933,-0.995222,-0.4370305,-3.444614,-0.1968309,-0.3346932,2.060126,0.1019958,-0.01415372,0.9946842,-0.06029809,0.9979723,0.02038353,-0.9929558,-0.06205659,0.1009355,moving,-7.681868103777659,-11.719919434043105,-5.457652017228085,-9.22779236678804,-2.036263,-0.45554161,-0.014628000000000085,-0.13093407594457634,-0.20137901157729576,0.9707228188978154,-7.174001174426248,-10.814011016931136,3.2702441884289137,3.3403344920847715,2.3370802372782644
4187,05/05/2023 15:32:56.477204,4370,True,True,True,True,Eyes,1.040292,0.01577966,-3.424469,-0.9650297,-0.2597548,-0.03528619,0.0,0.0,0.0,0.0,0.0,0.0,0.0,3.293227,0.1178364,1.405529,1.031142,0.01887837,-3.430908,0.02850967,-0.6660043,0.0159149,0.7452331,3.651725,276.4005,359.1816,0.3320213,0.002577249,-0.9432681,-0.5708624,0.02301884,-0.1067777,-1.00491,-0.4425031,-3.427758,-0.1999363,-0.3366671,2.060372,0.11237,-0.0142545,0.9935643,-0.06169574,0.9978679,0.0212939,-0.9917493,-0.06369148,0.111251,moving,-8.203649744341353,-11.677437364867892,-5.542567472148985,-9.280181344339864,-2.0360519999999998,-0.46138146999999996,0.003150000000000208,-0.139796943105374,-0.20041412325513858,0.9696860250143413,-7.700330604537852,-10.782011216124772,3.4998319372468973,3.581647007639694,2.628960764119938
4188,05/05/2023 15:32:56.497089,4371,True,True,True,True,Eyes,1.038809,0.01581498,-3.424628,-0.964888,-0.2604657,-0.03389309,0.0,0.0,0.0,0.0,0.0,0.0,0.0,3.280266,0.1231817,1.430099,1.021264,0.01919737,-3.431786,0.02955458,-0.6620527,0.01641986,0.7486944,3.784061,277.0013,359.1647,0.3274556,0.002780282,-0.9448622,-0.5366107,0.02163771,-0.100371,-1.014409,-0.4474353,-3.41068,-0.2031139,-0.3386869,2.060625,0.1228332,-0.01454645,0.9923207,-0.06372029,0.9977139,0.02251306,-0.9903796,-0.06599631,0.1216255,moving,-8.707896124205506,-11.617613432856894,-5.6294074639641885,-9.333753709501718,-2.035673,-0.46663266999999997,0.021105999999999625,-0.1483644029020108,-0.19915033245703062,0.9686728673830098,-8.208950828332133,-10.732802431245869,3.741356215634159,3.8331589671181607,2.9345155127326623
4189,05/05/2023 15:32:56.506853,4372,True,True,True,True,Eyes,1.037001,0.01587237,-3.424799,-0.964688,-0.2614258,-0.03214848,0.0,0.0,0.0,0.0,0.0,0.0,0.0,3.266538,0.1303585,1.45497,1.011606,0.01930495,-3.43227,0.03130641,-0.6580028,0.01793069,0.7521508,4.053687,277.6104,359.1828,0.3236359,0.00294966,-0.9461768,-0.504414,0.02033945,-0.09434877,-1.023448,-0.4538647,-3.393707,-0.206491,-0.3408337,2.060893,0.1334217,-0.01422624,0.9909573,-0.06817257,0.9973968,0.02349739,-0.988712,-0.07069116,0.1321045,moving,-9.203576391672518,-11.431045610058769,-5.721650187147924,-9.39066617450305,-2.0350539999999997,-0.47316965,0.0385629999999999,-0.15684898260043795,-0.1957354021958413,0.968032003603388,-8.70878694400505,-10.559971745469793,3.93812337226633,4.0357103878739515,3.2078437496955443
4190,05/05/2023 15:32:56.527054,4373,True,True,True,True,Eyes,1.034883,0.01592425,-3.424996,-0.9643202,-0.2630087,-0.03021462,0.0,0.0,0.0,0.0,0.0,0.0,0.0,3.252862,0.1371793,1.479414,1.001928,0.01994999,-3.432832,0.03359223,-0.6539232,0.02056773,0.755535,4.454054,278.2182,359.2613,0.3202697,0.003098449,-0.9473211,-0.4741492,0.01911908,-0.08868784,-1.030844,-0.4652702,-3.375642,-0.2094967,-0.342744,2.061131,0.143923,-0.0128542,0.9895055,-0.07501275,0.996897,0.02386078,-0.9867418,-0.07765963,0.1425122,moving,-9.694271543097965,-11.141674855135744,-5.803704721353974,-9.441282925615575,-2.032772,-0.48522019000000005,0.05718999999999985,-0.16530459041956913,-0.19057723916343836,0.967654202680138,-9.203478414007812,-10.286905700278526,4.147083248165952,4.245920737417559,3.5033611058938505
4191,05/05/2023 15:32:56.547202,4374,True,True,True,True,Eyes,1.032494,0.01598267,-3.425195,-0.9638646,-0.2649186,-0.02798503,0.0,0.0,0.0,0.0,0.0,0.0,0.0,3.23838,0.1407722,1.50443,0.9924619,0.0199263,-3.432908,0.03491227,-0.6498109,0.02244501,0.758962,4.712974,278.834,359.3502,0.3171814,0.003233835,-0.9483591,-0.4457002,0.01797193,-0.08336657,-1.036877,-0.4811168,-3.357761,-0.2127073,-0.3447844,2.061385,0.154484,-0.01130293,0.9879307,-0.07944257,0.9965547,0.02382415,-0.9847963,-0.0821642,0.1530539,moving,-10.178129123344112,-11.011107735767474,-5.89130628323133,-9.495318523521581,-2.0293389,-0.5010431,0.07514699999999985,-0.17355473875773503,-0.1881007333687963,0.9666937780000844,-9.691450699168403,-10.168415592889605,4.4445587795679,4.546918406841456,3.85929491575463
4192,05/05/2023 15:32:56.557045,4375,True,True,True,True,Eyes,1.02983,0.01605751,-3.425388,-0.9633361,-0.26704,-0.02594798,0.0,0.0,0.0,0.0,0.0,0.0,0.0,3.225105,0.1520495,1.52659,0.9834908,0.02022566,-3.433254,0.03826467,-0.6459013,0.02610203,0.7620144,5.280698,279.4036,359.4447,0.3143369,0.003357355,-0.9493053,-0.4189582,0.01689362,-0.07836457,-1.043665,-0.4927542,-3.339095,-0.2160736,-0.3469241,2.061652,0.1642604,-0.009650146,0.9863698,-0.08921065,0.995709,0.02459779,-0.9823747,-0.09203514,0.1626947,moving,-10.61946364415721,-10.581516312472147,-5.983101319573572,-9.551948360704955,-2.0271558,-0.51297986,0.09415899999999988,-0.18125523823925127,-0.18059255280540118,0.966712454306528,-10.136189089396769,-9.757865528175438,4.655006283617855,4.74930160888153,4.1581894982929875
4193,05/05/2023 15:32:56.582477,4376,True,True,True,True,Eyes,1.026901,0.01614447,-3.425578,-0.9628197,-0.2691068,-0.0236614,0.0,0.0,0.0,0.0,0.0,0.0,0.0,3.211354,0.1622204,1.548216,0.9741907,0.02077944,-3.433161,0.04075335,-0.6420405,0.0281608,0.7650688,5.653892,279.9674,359.468,0.3117051,0.00347067,-0.9501723,-0.3938207,0.01588,-0.0736627,-1.046945,-0.5148331,-3.322576,-0.2191878,-0.3489039,2.061899,0.1739821,-0.009240687,0.9847055,-0.09542049,0.9950922,0.02619748,-0.9801149,-0.09851896,0.1722465,moving,-11.030471200684516,-10.35517329188889,-6.067973308447774,-9.604316632060511,-2.0211357,-0.53561254,0.11058499999999993,-0.1883261153437103,-0.17653323935890664,0.9661104471256321,-10.550562007299758,-9.544764914150372,4.9278340572333725,5.018981077276815,4.482984257186453
4194,05/05/2023 15:32:56.597038,4377,True,True,True,True,Eyes,1.023719,0.01624173,-3.425767,-0.9623393,-0.2709905,-0.02161276,0.0,0.0,0.0,0.0,0.0,0.0,0.0,3.199361,0.1652886,1.567189,0.9648846,0.02116464,-3.433346,0.04121566,-0.6386473,0.02816179,0.7678788,5.69703,280.4723,359.459,0.3092583,0.003575155,-0.9509711,-0.3701915,0.0149272,-0.06924294,-1.05216,-0.5295389,-3.306138,-0.2223828,-0.3509344,2.062153,0.1826733,-0.009394854,0.9831288,-0.09589421,0.9950163,0.02732637,-0.978486,-0.09926815,0.180862,moving,-11.399585600667015,-10.452025946974368,-6.154996713743375,-9.65799303696824,-2.0170446,-0.55070354,0.127208,-0.19449572711433621,-0.17794780510980185,0.9646273278320636,-10.923036297707942,-9.645752633637608,5.206331911136311,5.304356780516912,4.7680552955819095
4195,05/05/2023 15:32:56.617151,4378,True,True,True,True,Eyes,1.020281,0.01634136,-3.425934,-0.9619118,-0.2726717,-0.01938865,0.0,0.0,0.0,0.0,0.0,0.0,0.0,3.188357,0.1705764,1.582896,0.9556938,0.02152863,-3.433142,0.04196052,-0.63561,0.02798692,0.7703611,5.752243,280.9197,359.4114,0.3069721,0.003671987,-0.9517112,-0.34798,0.01403157,-0.06508836,-1.060522,-0.5326895,-3.291808,-0.2256342,-0.3530014,2.062411,0.1904335,-0.01022097,0.981647,-0.09646111,0.994912,0.02907196,-0.9769495,-0.100227,0.1884787,moving,-11.69501838627161,-10.528903387427269,-6.243506505191934,-9.71260578841816,-2.0162158,-0.5542181300000001,0.14133400000000007,-0.19942608792489364,-0.17906097099119278,0.9634139768716337,-11.2211575597506,-9.725956296003652,5.409127399951824,5.512288414052816,4.9776689581572
4196,05/05/2023 15:32:56.626957,4379,True,True,True,True,Eyes,1.016588,0.0164314,-3.426124,-0.9615877,-0.2739531,-0.0172878,0.0,0.0,0.0,0.0,0.0,0.0,0.0,3.178721,0.1708104,1.595687,0.9460829,0.02165928,-3.432801,0.04125661,-0.6329859,0.02631567,0.7726154,5.570234,281.3137,359.3342,0.3048236,0.003762027,-0.9524011,-0.3271012,0.01318967,-0.06118306,-1.068743,-0.5360562,-3.279267,-0.2287707,-0.3549951,2.062659,0.1972728,-0.01156592,0.9802805,-0.09289347,0.9952108,0.03043609,-0.9759377,-0.09706586,0.1952536,moving,-11.946706048707698,-10.822678313012602,-6.328841861310646,-9.765255997560242,-2.0148259,-0.5577154799999999,0.15353400000000006,-0.20347360039968931,-0.18384203807669802,0.9616655722214106,-11.47539236197571,-10.01666436823266,5.600457018908778,5.71651467078105,5.152687475943013
4197,05/05/2023 15:32:56.647094,4380,True,True,True,True,Eyes,1.012663,0.01649049,-3.426276,-0.9612806,-0.275159,-0.01506939,0.0,0.0,0.0,0.0,0.0,0.0,0.0,3.170601,0.1689295,1.6059,0.936509,0.02146036,-3.432587,0.04003645,-0.630708,0.02428097,0.7746065,5.316272,281.6585,359.2585,0.3027933,0.003845666,-0.9530482,-0.3074751,0.01239829,-0.05751208,-1.07981,-0.5312804,-3.268374,-0.2320742,-0.3570948,2.062922,0.2032359,-0.0128862,0.9790451,-0.08811901,0.9956151,0.03139658,-0.9751567,-0.09265339,0.2012092,moving,-12.145543409586212,-11.180516884302707,-6.418662623184713,-9.820665335190919,-2.016319,-0.5527407599999999,0.16421299999999972,-0.20657461827298118,-0.18971849204891628,0.9598613309183723,-11.676383438856826,-10.36882967350012,5.754991090865634,5.886115848101904,5.286219094716544
4198,05/05/2023 15:32:56.657284,4381,True,True,True,True,Eyes,1.008517,0.01652579,-3.426378,-0.9610503,-0.2760634,-0.01308494,0.0,0.0,0.0,0.0,0.0,0.0,0.0,3.162688,0.1734037,1.613951,0.9270234,0.02077265,-3.431865,0.04030933,-0.628547,0.02354596,0.7763695,5.289572,281.9754,359.188,0.3008628,0.003922729,-0.9536591,-0.2890266,0.0116544,-0.05406135,-1.091609,-0.5243003,-3.259198,-0.2353986,-0.359208,2.063186,0.2087485,-0.01411188,0.9778676,-0.08723334,0.9956415,0.03299038,-0.9740711,-0.09218935,0.2066077,moving,-12.325571070966875,-11.291583419545502,-6.508998646526443,-9.876401188850954,-2.0186324,-0.54507295,0.17266700000000013,-0.20951752558809456,-0.1914562336553296,0.9588778924714094,-11.858121603767398,-10.480263166007745,5.84978393662568,5.986255550411663,5.383100008279423
4199,05/05/2023 15:32:56.677195,4382,True,True,True,True,Eyes,1.00415,0.01653517,-3.426449,-0.9608297,-0.2769218,-0.01097639,0.0,0.0,0.0,0.0,0.0,0.0,0.0,3.155315,0.178473,1.621323,0.9173632,0.02028549,-3.431412,0.0408112,-0.6264288,0.02303912,0.7780684,5.300114,282.2837,359.1208,0.2990177,0.003993194,-0.954239,-0.271685,0.01095513,-0.05081767,-1.101144,-0.5255817,-3.250506,-0.2383227,-0.361066,2.063418,0.2141123,-0.0152786,0.9766896,-0.08698265,0.9956073,0.03464308,-0.9729285,-0.09237255,0.2118428,moving,-12.489462243993035,-11.361412689854896,-6.5884117918993494,-9.925379309261501,-2.0185072,-0.5458671900000001,0.1809059999999998,-0.21221489195397963,-0.1925100961874121,0.9580733684607021,-12.02353477894829,-10.551235072723355,5.933036976435793,6.073268338245363,5.471038047848527
4200,05/05/2023 15:32:56.696926,4383,True,True,True,True,Eyes,0.9995717,0.01650908,-3.42646,-0.9606236,-0.2777104,-0.008906389,0.0,0.0,0.0,0.0,0.0,0.0,0.0,3.147589,0.1826328,1.629123,0.9076958,0.01967256,-3.430803,0.04113817,-0.6242562,0.02249935,0.7798114,5.293103,282.6006,359.0637,0.2972433,0.004057033,-0.9547929,-0.2553839,0.01029782,-0.04776861,-1.11057,-0.5281545,-3.242707,-0.24152,-0.3630985,2.063671,0.2195959,-0.01627101,0.9754554,-0.08645201,0.9956028,0.03606931,-0.9717531,-0.09225073,0.2172237,moving,-12.666390836761558,-11.443867146918949,-6.675197184051654,-9.978931719931287,-2.0182658,-0.5478270599999999,0.18809600000000026,-0.21511835210881775,-0.19376268659451132,0.9571730286525018,-12.202114400056749,-10.634740309826183,6.023066592538537,6.167693020045255,5.565689428916551
4201,05/05/2023 15:32:56.707191,4384,True,True,True,True,Eyes,0.994785,0.01646169,-3.426437,-0.9604012,-0.2785402,-0.006711292,0.0,0.0,0.0,0.0,0.0,0.0,0.0,3.139541,0.1862247,1.636484,0.8979451,0.01881127,-3.429696,0.04152123,-0.6220936,0.02235641,0.7815215,5.31982,282.9155,359.0381,0.2955278,0.004113918,-0.9553251,-0.2400609,0.009679954,-0.0449025,-1.120108,-0.5302881,-3.23438,-0.2447473,-0.3651499,2.063927,0.2249994,-0.01671616,0.9742156,-0.08660422,0.9955524,0.0370839,-0.9705024,-0.09271502,0.222551,moving,-12.838878738512523,-11.488096186719407,-6.762742084766209,-10.032947865017057,-2.0180531000000004,-0.5490993700000001,0.19531600000000005,-0.21797199438547205,-0.1943754537844228,0.9564029182554329,-12.376171226462038,-10.680928307134362,6.100608379802546,6.2479511260214435,5.650704857113536
4202,05/05/2023 15:32:56.727119,4385,True,True,True,True,Eyes,0.9897959,0.01637282,-3.426359,-0.9601372,-0.279498,-0.004176521,0.0,0.0,0.0,0.0,0.0,0.0,0.0,3.13223,0.1873407,1.643334,0.8881429,0.01826661,-3.428903,0.04197797,-0.6199762,0.02312736,0.7831556,5.418363,283.2239,359.0891,0.2938604,0.004163951,-0.955839,-0.2256572,0.009099158,-0.04220835,-1.129328,-0.5339556,-3.22545,-0.2479154,-0.3671638,2.064178,0.2301892,-0.01582606,0.9730173,-0.08827533,0.995406,0.03707375,-0.9691339,-0.09442739,0.2277347,moving,-12.997564348158312,-11.449556288058545,-6.848630151494212,-10.085947568797819,-2.0174709,-0.5522222099999999,0.2034530000000001,-0.22065391789121325,-0.19361240348139086,0.9559425212286148,-12.536211106654116,-10.646238527838008,6.152104118831851,6.2983188625338,5.7151118169533515
4203,05/05/2023 15:32:56.747029,4386,True,True,True,True,Eyes,0.9846275,0.01624984,-3.426235,-0.9598404,-0.2805421,-0.001577687,0.0,0.0,0.0,0.0,0.0,0.0,0.0,3.125146,0.1847248,1.648679,0.8783172,0.01718524,-3.427399,0.04190965,-0.6180491,0.02417099,0.7846496,5.488529,283.5085,359.2014,0.2922305,0.00420669,-0.9563384,-0.2121178,0.008553208,-0.03967585,-1.137772,-0.5401782,-3.216753,-0.2510809,-0.3691758,2.064429,0.2348621,-0.01387294,0.9719298,-0.08973594,0.9953187,0.03589104,-0.9678779,-0.09564648,0.2325178,moving,-13.141297853612704,-11.42857146333468,-6.934395321105453,-10.138865857946408,-2.0160892,-0.55736344,0.21064599999999967,-0.22307188833166736,-0.19315325176162929,0.9554740741699341,-12.68118693699316,-10.628381150063566,6.193986419214698,6.339477864667946,5.767602543315013
4204,05/05/2023 15:32:56.757393,4387,True,True,True,True,Eyes,0.9792863,0.01608649,-3.426043,-0.9594935,-0.2817287,0.001053953,0.0,0.0,0.0,0.0,0.0,0.0,0.0,3.119567,0.1849496,1.651671,0.8688217,0.01626764,-3.426194,0.04254225,-0.6163987,0.02572238,0.7858634,5.657134,283.7475,359.3081,0.2906311,0.00424189,-0.9568255,-0.1993907,0.008040016,-0.0372953,-1.146462,-0.546259,-3.207821,-0.2543132,-0.3712302,2.064686,0.238782,-0.01201743,0.9709989,-0.0928745,0.995057,0.03515431,-0.9666218,-0.09857525,0.2364856,moving,-13.233709591607925,-11.315063546748675,-7.021914263625009,-10.192864588795759,-2.0152837000000003,-0.5625266400000001,0.21837300000000015,-0.2247008323171949,-0.19118657734437233,0.9554879258065854,-12.774284923998115,-10.519469180977648,6.172779697793742,6.312347558395449,5.761635078166234
4205,05/05/2023 15:32:56.782658,4388,True,True,True,True,Eyes,0.9792863,0.01608649,-3.426043,-0.9594935,-0.2817287,0.001053953,0.0,0.0,0.0,0.0,0.0,0.0,0.0,3.114113,0.189987,1.652696,0.8593088,0.01517483,-3.424406,0.04403759,-0.614891,0.02755968,0.7868992,5.923396,283.959,359.3788,0.2890545,0.004269199,-0.9573029,-0.1874273,0.007557615,-0.03505758,-1.154008,-0.5555894,-3.201002,-0.2574821,-0.3732445,2.064937,0.2422991,-0.01078325,0.9701417,-0.09753001,0.9946023,0.03541389,-0.965287,-0.1031987,0.2399395,moving,-13.44473858130095,-11.049582807422587,-7.107666739904817,-10.245783285709122,-2.0133168,-0.57076423,0.22340399999999994,-0.2284240227332618,-0.1865912880041233,0.9555135293873039,-12.986873953809901,-10.264645873879712,6.259020308090813,6.38784573969367,5.879237472773666
4206,05/05/2023 15:32:56.797077,4389,True,True,True,True,Eyes,0.9733884,0.01586329,-3.42569,-0.9590914,-0.2830702,0.003853011,0.0,0.0,0.0,0.0,0.0,0.0,0.0,3.110033,0.1916346,1.652037,0.8495629,0.01452773,-3.422906,0.04466963,-0.6136618,0.02843785,0.7877914,6.043478,284.1349,359.4228,0.2876346,0.004293771,-0.9577304,-0.1761817,0.007104158,-0.03295412,-1.160753,-0.5683861,-3.195065,-0.2606728,-0.3752726,2.06519,0.2452211,-0.01001791,0.9694155,-0.09963026,0.9943918,0.03547825,-0.9643342,-0.1052831,0.2428477,moving,-13.454286899548284,-11.002149585642064,-7.1939548215869795,-10.299032326535626,-2.0103159,-0.58291383,0.22784099999999974,-0.22861851519858667,-0.1857914693307841,0.9556228344949005,-12.9964530198688,-10.21861042224987,6.175387471698175,6.299692977154098,5.803055490321692
4207,05/05/2023 15:32:56.817168,4390,True,True,True,True,Eyes,0.9673302,0.01563055,-3.42527,-0.9586989,-0.2843465,0.006604361,0.0,0.0,0.0,0.0,0.0,0.0,0.0,3.106609,0.1912751,1.649158,0.8398743,0.01355384,-3.420783,0.04467997,-0.6127579,0.0286845,0.7884851,6.062444,284.267,359.4514,0.2862067,0.004309862,-0.958158,-0.1656108,0.006677908,-0.03097687,-1.169389,-0.5756161,-3.190722,-0.2640952,-0.377448,2.065462,0.24741,-0.009521409,0.9688641,-0.0999906,0.9943618,0.03530567,-0.9637375,-0.1056123,0.245063,moving,-13.424596806992986,-11.052145036541381,-7.286446774696974,-10.356111276415735,-2.0092632999999998,-0.58916994,0.23006100000000007,-0.22808557265129664,-0.18664924683876494,0.955583152169674,-12.966557663447583,-10.26677962684108,6.054241755707969,6.177487257308603,5.680813309035861
4208,05/05/2023 15:32:56.826910,4391,True,True,True,True,Eyes,0.9611025,0.01537657,-3.424787,-0.9583801,-0.2853411,0.009379292,0.0,0.0,0.0,0.0,0.0,0.0,0.0,3.104375,0.1904753,1.644193,0.8299605,0.01308958,-3.418741,0.04456699,-0.6121147,0.02859116,0.7889942,6.046084,284.3615,359.4559,0.2847666,0.004318069,-0.9585868,-0.1556741,0.006277234,-0.02911826,-1.179084,-0.5793223,-3.186791,-0.267159,-0.3793953,2.065704,0.2489964,-0.009443685,0.9684583,-0.09967674,0.9943927,0.03532405,-0.9633614,-0.1053283,0.2466589,moving,-13.35407177948685,-11.122718390188718,-7.369199672695216,-10.407182183494436,-2.0090445,-0.59241188,0.23194999999999988,-0.22685489436258838,-0.18788157050864812,0.9556345027836655,-12.895490864290661,-10.334260427686017,5.904818340249178,6.02749418894311,5.526772287400267
4209,05/05/2023 15:32:56.837333,4392,True,True,True,True,Eyes,0.9547317,0.01507681,-3.424233,-0.958101,-0.2861746,0.01211138,0.0,0.0,0.0,0.0,0.0,0.0,0.0,3.101693,0.1860685,1.639323,0.8198562,0.01225575,-3.416165,0.04315802,-0.6115437,0.02699304,0.7895716,5.806406,284.4529,359.4149,0.2833122,0.004318582,-0.9590177,-0.1463337,0.0059006,-0.02737117,-1.189612,-0.5812746,-3.184495,-0.2703952,-0.3814525,2.06596,0.2505715,-0.01016017,0.9680448,-0.09541189,0.9948176,0.03513785,-0.963385,-0.1011675,0.2483035,moving,-13.282580704573675,-11.41696009436245,-7.456553100468072,-10.461102541567042,-2.0094681999999997,-0.59353035,0.23166999999999982,-0.22544091032721214,-0.19285171918356062,0.9549789127360073,-12.823701071218402,-10.619610870010709,5.771951797541681,5.903919147908151,5.369488078962034
4210,05/05/2023 15:32:56.857350,4393,True,True,True,True,Eyes,0.9482313,0.01473017,-3.423546,-0.9577545,-0.2872076,0.01476533,0.0,0.0,0.0,0.0,0.0,0.0,0.0,3.099382,0.1826288,1.634573,0.8100532,0.01083018,-3.413949,0.04201963,-0.6109643,0.02589477,0.7901182,5.626459,284.544,359.3998,0.2818412,0.004310888,-0.9594511,-0.1375536,0.005546564,-0.0257289,-1.202727,-0.5756319,-3.181652,-0.2738088,-0.3836222,2.066232,0.2521043,-0.01042513,0.967644,-0.09226483,0.9951276,0.03475938,-0.9632916,-0.09804249,0.249914,moving,-13.217594412859624,-11.658077145912738,-7.548626695584084,-10.51792686436851,-2.0127802,-0.58646208,0.23229699999999998,-0.22417238610271878,-0.19692794143391779,0.9544454043734674,-12.758413602145575,-10.853326803097884,5.643591112118954,5.782485420994819,5.2205720692927144
4211,05/05/2023 15:32:56.876894,4394,True,True,True,True,Eyes,0.9415964,0.01435416,-3.422778,-0.9574164,-0.2881885,0.01735423,0.0,0.0,0.0,0.0,0.0,0.0,0.0,3.097317,0.1810595,1.627766,0.8001481,0.009384487,-3.411077,0.04181951,-0.6105182,0.02619874,0.7904634,5.629954,284.6109,359.4447,0.2803524,0.004294493,-0.9598872,-0.1293004,0.00521377,-0.02418516,-1.214791,-0.5725765,-3.178824,-0.2768725,-0.3855693,2.066475,0.2531624,-0.009644838,0.9673758,-0.09248143,0.9951295,0.03412396,-0.9629933,-0.0981032,0.2510374,moving,-13.13805716368794,-11.697602121374468,-7.6312126804129985,-10.568896239692629,-2.0149391,-0.5819609870000001,0.23225300000000004,-0.2228142230218947,-0.1976494531021756,0.9546142988284132,-12.67822028616024,-10.890399673949679,5.484733080233417,5.621326634373672,5.057237410949735
4212,05/05/2023 15:32:56.887007,4395,True,True,True,True,Eyes,0.9348289,0.01395484,-3.42191,-0.9571592,-0.2888791,0.01987495,0.0,0.0,0.0,0.0,0.0,0.0,0.0,3.096294,0.175847,1.619734,0.7902803,0.008296455,-3.408355,0.04116697,-0.6102781,0.02662374,0.790669,5.600676,284.6515,359.5311,0.2788444,0.004269438,-0.9603264,-0.1215424,0.004900944,-0.02273405,-1.22508,-0.5762057,-3.176142,-0.2797923,-0.3874251,2.066707,0.253704,-0.008145467,0.9672477,-0.09234771,0.9951929,0.03260313,-0.9628637,-0.09759464,0.2517321,moving,-13.046863364552488,-11.741386268708686,-7.709870397229686,-10.61744677592434,-2.0153603,-0.584502155,0.23221299999999978,-0.22125797871922165,-0.1984509998493107,0.9548099233412097,-12.586272545975703,-10.9314119843492,5.319716542087612,5.454056647734178,4.886498958190418
4213,05/05/2023 15:32:56.906828,4396,True,True,True,True,Eyes,0.9279354,0.01353376,-3.420953,-0.9569322,-0.2894513,0.02232892,0.0,0.0,0.0,0.0,0.0,0.0,0.0,3.095483,0.1686483,1.610285,0.7803748,0.007296665,-3.40506,0.04004698,-0.6102383,0.02665964,0.790756,5.501523,284.6656,359.6136,0.2773162,0.004235936,-0.960769,-0.1142499,0.004606887,-0.02137001,-1.235761,-0.5787318,-3.174489,-0.2830273,-0.3894814,2.066964,0.2537971,-0.006713863,0.9672343,-0.09103893,0.995371,0.03079731,-0.9629638,-0.09587224,0.2520111,moving,-12.93602977472861,-11.847327305973142,-7.796964837722337,-10.671212291454832,-2.0161358000000003,-0.586028465,0.2305710000000003,-0.2193260922010405,-0.20030569487303468,0.9548683495739857,-12.474581946927346,-11.032621345789849,5.137742217897435,5.271928959512134,4.691558197963951
4214,05/05/2023 15:32:56.926983,4397,True,True,True,True,Eyes,0.7520555,0.002382605,-3.39518,-0.9502907,-0.2988331,0.08744323,0.0,0.0,0.0,0.0,0.0,0.0,0.0,3.094643,0.1601233,1.601413,0.7704596,0.006328093,-3.40196,0.03858301,-0.6101573,0.02641739,0.7908993,5.351645,284.6873,359.6952,0.2757669,0.00419421,-0.961215,-0.1073949,0.004330474,-0.02008781,-1.247274,-0.5786573,-3.17298,-0.286201,-0.3914991,2.067216,0.2540205,-0.005296414,0.9671844,-0.08887039,0.995627,0.02879303,-0.9631073,-0.09326807,0.252439,moving,-9.137064467809955,-12.306408546474291,-7.882353169821068,-10.723937971367754,-2.0177336,-0.5849853930000001,0.22897999999999996,-0.15523685269694776,-0.21055583023031665,0.965177557009953,-8.64267374819963,-11.411512264349016,1.963079788863722,2.01953300601376,1.025107696915107
4215,05/05/2023 15:32:56.947183,4398,True,True,True,True,Eyes,0.7516515,0.002364926,-3.395042,-0.9502968,-0.2988036,0.08747859,0.0,0.0,0.0,0.0,0.0,0.0,0.0,3.09261,0.1489736,1.593722,0.7602959,0.005215131,-3.39828,0.03664651,-0.6099048,0.02613114,0.7911956,5.155789,284.7366,359.8072,0.2682455,0.003762441,-0.9633429,-0.6285911,-0.02938281,0.05843518,-1.259278,-0.5767846,-3.171292,-0.2894084,-0.3935376,2.06747,0.2546667,-0.003352082,0.9670231,-0.08605144,0.9959484,0.0261141,-0.9631927,-0.08986412,0.2533464,moving,-9.213064741678268,-12.485652254936564,-7.968593850113709,-10.777178528607987,-2.0195739,-0.581999731,0.22698799999999997,-0.15641352694005428,-0.21353413503504892,0.9643329741000224,-8.719544988334109,-11.58748977604736,2.0549441836957842,2.1136674936012394,1.1047768687482855
4216,05/05/2023 15:32:56.957357,4399,True,True,True,True,Eyes,0.7505977,0.002337296,-3.395621,-0.9513051,-0.2955762,0.08748372,0.0,0.0,0.0,0.0,0.0,0.0,0.0,3.091408,0.1410718,1.584596,0.7501972,0.004761994,-3.394825,0.0356489,-0.6097785,0.02652852,0.7913252,5.09301,284.762,359.9143,0.2620171,0.003401584,-0.9650569,-0.5908756,-0.02761984,0.05492907,-1.271822,-0.5736428,-3.167803,-0.2926959,-0.3956273,2.067731,0.2549328,-0.001490493,0.9669575,-0.08546122,0.9960508,0.02406669,-0.9631747,-0.08877277,0.2537986,moving,-9.271487673269304,-12.33751426220627,-8.056926061297919,-10.831720016703537,-2.0220192,-0.578404794,0.22702199999999984,-0.15748530309501185,-0.21100374983374537,0.9647154406469602,-8.778315865198108,-11.444231556177561,1.8790095322344513,1.9345739115018774,0.9463475234605905
4217,05/05/2023 15:32:56.982952,4400,True,True,True,True,Eyes,0.7491731,0.002288299,-3.396033,-0.9523224,-0.2922974,0.08743253,0.0,0.0,0.0,0.0,0.0,0.0,0.0,3.091428,0.1343275,1.572174,0.7399,0.004803093,-3.391052,0.03463967,-0.6100504,0.02630155,0.7911682,4.985414,284.7285,359.9629,0.256825,0.003098759,-0.9664526,-0.555423,-0.02596265,0.05163332,-1.28307,-0.5744416,-3.165622,-0.2958538,-0.3976346,2.067981,0.2542936,-0.0006460021,0.9671269,-0.08388177,0.9962166,0.02272107,-0.9634827,-0.08690213,0.2532773,moving,-9.264296599239156,-12.237554254892958,-8.141721530897835,-10.88408283426801,-2.02297,-0.579244693,0.22543000000000024,-0.15742241254519113,-0.20932249159964084,0.9650919383300696,-8.770949030122988,-11.346725964247453,1.7074689035817838,1.758425338338263,0.7810031443587895
4218,05/05/2023 15:32:56.998125,4401,True,True,True,True,Eyes,0.7491731,0.002288299,-3.396033,-0.9523224,-0.2922974,0.08743253,0.0,0.0,0.0,0.0,0.0,0.0,0.0,3.092929,0.1291928,1.556913,0.7295619,0.004179522,-3.387418,0.03308447,-0.610726,0.02458947,0.7907684,4.724184,284.6371,359.9125,0.2524698,0.002843074,-0.9676002,-0.5220976,-0.02440489,0.04853532,-1.295341,-0.5729181,-3.165555,-0.2990913,-0.3996923,2.068238,0.2528184,-0.001521939,0.9675125,-0.07930023,0.9966015,0.02228944,-0.9642584,-0.08235915,0.2518385,moving,-9.172938604532968,-12.502183661766447,-8.228593136804381,-10.937724436684194,-2.0249029,-0.577097622,0.22186299999999992,-0.15572761960776804,-0.21383583145615126,0.9643771651006031,-8.679084034978068,-11.602872217070491,1.7788904725672119,1.827380920707143,0.8033452676714743
4219,05/05/2023 15:32:57.007011,4402,True,True,True,True,Eyes,0.7491731,0.002288299,-3.396033,-0.9523224,-0.2922974,0.08743253,0.0,0.0,0.0,0.0,0.0,0.0,0.0,3.09438,0.1345428,1.540343,0.7198387,0.003608444,-3.383455,0.03370729,-0.6114777,0.02392181,0.7901815,4.73372,284.5233,359.8035,0.2487809,0.002624707,-0.9685559,-0.4907718,-0.0229406,0.0456232,-1.309592,-0.5661397,-3.168006,-0.3023838,-0.401785,2.068499,0.2510456,-0.00341737,0.9679692,-0.07902765,0.9965832,0.02401444,-0.9647439,-0.08252504,0.2499178,moving,-9.037593307944721,-12.50373351727712,-8.316880823634126,-10.992246804102686,-2.0294307000000003,-0.5697481440000001,0.215449,-0.15344555911240093,-0.21393922431924492,0.9647199798786602,-8.5425484336028,-11.601947838080413,1.634218000941734,1.6745203997395797,0.6501240043426197
4220,05/05/2023 15:32:57.026976,4403,True,True,True,True,Eyes,0.7491731,0.002288299,-3.396033,-0.9523224,-0.2922974,0.08743253,0.0,0.0,0.0,0.0,0.0,0.0,0.0,3.094977,0.1472813,1.524077,0.7097263,0.005404437,-3.379296,0.03647542,-0.6120011,0.02443609,0.7896376,5.020636,284.4305,359.6518,0.2454576,0.002428137,-0.9694039,-0.4613255,-0.02156416,0.04288581,-1.320766,-0.5684791,-3.171883,-0.3055346,-0.4037877,2.068749,0.2497153,-0.006054685,0.9683004,-0.08323729,0.9961449,0.02769489,-0.9647352,-0.08751454,0.2482486,moving,-8.905993106097778,-12.235046377062625,-8.401309855328677,-11.044391435748016,-2.0304923,-0.573883537,0.2074130000000003,-0.15137886305124676,-0.20948040061972995,0.9660241055316532,-8.409486973621465,-11.337838850373497,1.2639208649505138,1.2931992781020885,0.2935613230893219
4221,05/05/2023 15:32:57.047033,4404,True,True,True,True,Eyes,0.7491731,0.002288299,-3.396033,-0.9523224,-0.2922974,0.08743253,0.0,0.0,0.0,0.0,0.0,0.0,0.0,3.094098,0.1405494,1.512002,0.6991131,0.007235202,-3.374986,0.03398093,-0.6123213,0.02061489,0.7896096,4.525869,284.3942,359.4793,0.2424643,0.002251204,-0.9701574,-0.433646,-0.02027031,0.04031266,-1.32962,-0.5780296,-3.175822,-0.3086997,-0.4058,2.069,0.2492756,-0.009059066,0.9683903,-0.0741699,0.9968406,0.02841747,-0.9655882,-0.07890918,0.2478161,moving,-8.84612715385032,-12.753426018400674,-8.486065102098083,-11.096755723905014,-2.0287331,-0.5852648020000001,0.19916399999999967,-0.1500739746969687,-0.21825566503182173,0.9642833803871618,-8.349676781048288,-11.841742834203597,1.6660720072303765,1.6953469101562568,0.7573688458273252
4312,05/05/2023 15:32:58.566874,4495,True,True,True,True,Eyes,0.1161206,0.006549477,-2.938084,-0.500795,-0.2924822,0.8146523,0.0,0.0,0.0,0.0,0.0,0.0,0.0,0.75659,0.3449889,2.725023,0.09243414,-0.0001303079,-2.84757,0.06022312,-0.150768,-0.007040211,0.986708,6.702981,342.5166,358.1505,0.04733415,0.002996035,-0.9988744,-0.1531201,0.001456152,0.1389283,-0.8232367,-0.6386058,-1.043059,-0.3087002,-0.4057999,2.069,0.9544389,-0.0320527,0.29668,-0.004266174,0.9926472,0.1209681,-0.2983759,-0.1167224,0.9472844,moving,-13.362221849911684,-11.228813692130588,-8.486078646823053,-11.096753057237331,-0.91567084,-0.6384754921,1.8045110000000002,-0.22691233666906024,-0.1896481926782151,0.9552717904965078,-12.903832042504288,-10.437759977849078,4.787448472023424,4.877931175028596,4.4666337373613585
4313,05/05/2023 15:32:58.577634,4496,True,True,True,True,Eyes,0.1150948,0.006106214,-2.933321,-0.4983349,-0.2924206,0.8161817,0.0,0.0,0.0,0.0,0.0,0.0,0.0,0.7416725,0.3321078,2.720182,0.09131263,-0.001285089,-2.837503,0.05775709,-0.1484755,-0.00859418,0.9871905,6.40078,342.7834,358.0325,0.04654994,0.002919172,-0.9989114,-0.1439329,0.001368783,0.1305926,-0.8169758,-0.6322134,-1.027629,-0.3077764,-0.403401,2.069125,0.9557623,-0.03411921,0.2921546,-0.0001828434,0.9931805,0.1165866,-0.29414,-0.1114824,0.9492382,moving,-13.434267243627069,-11.563432100790074,-8.46054803356725,-11.032118221334324,-0.90828843,-0.630928311,1.809874,-0.22786139045531373,-0.19517949791110556,0.9539309186792302,-12.976888321445086,-10.76502496739067,4.892703835875855,5.00201731494608,4.524231249860098
4314,05/05/2023 15:32:58.597005,4497,True,True,True,True,Eyes,0.1141168,0.005715256,-2.928324,-0.4956358,-0.2922281,0.8178923,0.0,0.0,0.0,0.0,0.0,0.0,0.0,0.726052,0.3311369,2.714476,0.09053977,-0.00166304,-2.827893,0.05762738,-0.1460669,-0.009409216,0.9875501,6.377062,343.0592,357.9576,0.0458166,0.002835367,-0.9989456,-0.1352969,0.001286656,0.1227571,-0.8104408,-0.6194893,-1.009611,-0.3067421,-0.4007157,2.069266,0.9571519,-0.03541904,0.2874122,0.001749243,0.993181,0.1165686,-0.2895811,-0.1110711,0.9506872,moving,-13.50285370121295,-11.601573223988392,-8.431959020457303,-10.959736731355845,-0.90098057,-0.6178262600000001,1.818282,-0.2289760212216522,-0.19576187014485363,0.9535445427317126,-13.046121749012045,-10.803413748328165,4.996393897441366,5.111352751140424,4.616809998322047
4315,05/05/2023 15:32:58.606841,4498,True,True,True,True,Eyes,0.1131465,0.005400208,-2.923107,-0.492864,-0.2917317,0.8197425,0.0,0.0,0.0,0.0,0.0,0.0,0.0,0.7083224,0.3271563,2.708856,0.08971523,-0.0007368755,-2.817553,0.05721339,-0.1432732,-0.01019996,0.9879755,6.3227,343.3809,357.8926,0.04512901,0.002746852,-0.9989771,-0.1271791,0.001209456,0.1153917,-0.8020103,-0.6159575,-0.9947839,-0.3056901,-0.3979839,2.069409,0.9587375,-0.0365489,0.2819336,0.00376033,0.9932452,0.1159736,-0.2842679,-0.1101281,0.9523988,moving,-13.611794872365593,-11.653781037421183,-8.402882074025282,-10.886077887207831,-0.89172553,-0.6152206245,1.8227691000000001,-0.23075176389662794,-0.19654595280380843,0.9529550805164835,-13.156081133503257,-10.856231402745767,5.143109268278836,5.265181921601664,4.7532927651952015
4316,05/05/2023 15:32:58.626894,4499,True,True,True,True,Eyes,0.1122153,0.005129206,-2.917671,-0.4899074,-0.2914781,0.8216029,0.0,0.0,0.0,0.0,0.0,0.0,0.0,0.689216,0.3030855,2.705655,0.08887862,0.0007042298,-2.807054,0.05322741,-0.1401717,-0.0115068,0.9886285,5.855412,343.7493,357.8296,0.04448447,0.002656833,-0.9990063,-0.1195484,0.001136889,0.1084682,-0.7921965,-0.6102372,-0.9782783,-0.3046921,-0.3953922,2.069545,0.960439,-0.03767385,0.2759306,0.007829936,0.9940689,0.1084701,-0.2783805,-0.1020184,0.9550375,moving,-13.760561411290029,-12.13667629355456,-8.375295997371047,-10.816170651246853,-0.88107512,-0.6109414298,1.8287757,-0.2328397371751672,-0.20446588510578798,0.9507783270893829,-13.306701044240885,-11.32932043303529,5.393870909465235,5.54480105411533,4.958031709745595
4317,05/05/2023 15:32:58.636988,4500,True,True,True,True,Eyes,0.1113014,0.004912042,-2.912036,-0.4868456,-0.2910206,0.8235826,0.0,0.0,0.0,0.0,0.0,0.0,0.0,0.6685791,0.2834912,2.702028,0.08834067,0.001481839,-2.796518,0.04993869,-0.1368261,-0.0126169,0.9892551,5.471555,344.1442,357.7761,0.04388086,0.002567054,-0.9990332,-0.1123755,0.001068676,0.1019601,-0.7819912,-0.5893525,-0.9568043,-0.3036472,-0.3926792,2.069687,0.9622388,-0.0386285,0.2694517,0.01129683,0.9946939,0.1022569,-0.271972,-0.09535158,0.9575694,moving,-13.928521732698387,-12.523967610110542,-8.346414790790101,-10.7429683016276,-0.87033187,-0.5908343389999999,1.8397137,-0.2353043674848364,-0.21075926894372965,0.94879518974505,-13.476576259225967,-11.709621873860932,5.68297144612465,5.8593409567729875,5.220438278625225
4318,05/05/2023 15:32:58.657172,4501,True,True,True,True,Eyes,0.1104556,0.004741143,-2.906194,-0.4835191,-0.2903643,0.825771,0.0,0.0,0.0,0.0,0.0,0.0,0.0,0.6464135,0.2670729,2.698306,0.08778258,0.002513991,-2.786094,0.04724549,-0.1331821,-0.01385928,0.9898679,5.154515,344.5706,357.697,0.04331252,0.002478964,-0.9990582,-0.1056329,0.001004555,0.09584247,-0.7702186,-0.5721993,-0.9359554,-0.3026468,-0.3900809,2.069824,0.964141,-0.04002222,0.2623557,0.01485321,0.9951516,0.0972252,-0.2649749,-0.08984195,0.9600608,moving,-14.102524993236367,-12.840264195042433,-8.3187591310864,-10.672831873699588,-0.85800118,-0.574713291,1.8501385999999997,-0.2379137445116565,-0.21585255413173438,0.9469976854605027,-13.652467787821877,-12.02087232244615,5.977795729770499,6.17654518446785,5.501423550899512
4319,05/05/2023 15:32:58.677198,4502,True,True,True,True,Eyes,0.109622,0.004577622,-2.900179,-0.4800172,-0.2895142,0.8281093,0.0,0.0,0.0,0.0,0.0,0.0,0.0,0.6211957,0.2544545,2.69461,0.08725327,0.003522363,-2.775595,0.04521077,-0.1289852,-0.01538146,0.9904959,4.910196,345.0571,357.5763,0.04278039,0.00239427,-0.9990814,-0.09929495,0.0009442819,0.09009191,-0.7572564,-0.5569006,-0.9155967,-0.301612,-0.3873943,2.069964,0.9662525,-0.04213359,0.2541278,0.0188075,0.9954388,0.09353014,-0.2569094,-0.08559422,0.9626376,moving,-14.312940979408483,-13.088327128418664,-8.290158998787359,-10.600295960533325,-0.8445096700000001,-0.5604229629999999,1.8599983,-0.24117390544252923,-0.2197684190236622,0.9452708534475228,-13.865016002544735,-12.266307689153331,6.297444552512531,6.51645623621178,5.818472797241738
4320,05/05/2023 15:32:58.696977,4503,True,True,True,True,Eyes,0.10882,0.004426577,-2.894024,-0.4761315,-0.288991,0.8305318,0.0,0.0,0.0,0.0,0.0,0.0,0.0,0.5923525,0.238984,2.692032,0.08662677,0.003498845,-2.765414,0.04246741,-0.1240541,-0.01698631,0.9912208,4.587113,345.6309,357.4579,0.04228002,0.002312652,-0.999103,-0.09333725,0.000887625,0.0846864,-0.7422509,-0.5439694,-0.8952046,-0.300583,-0.3847222,2.070104,0.9686441,-0.04421087,0.2444872,0.02313785,0.995816,0.0884036,-0.2473727,-0.07997473,0.9656143,moving,-14.587051296331213,-13.44334230107372,-8.261715791021237,-10.5281234061528,-0.82887767,-0.547468245,1.8702093999999998,-0.2453709827273379,-0.22537651761804567,0.9428672124569151,-14.141939823315159,-12.61707635241789,6.717781003156039,6.964795076672318,6.240253126410547
4321,05/05/2023 15:32:58.707053,4504,True,True,True,True,Eyes,0.1080224,0.004317636,-2.887733,-0.4720489,-0.2886724,0.8329695,0.0,0.0,0.0,0.0,0.0,0.0,0.0,0.5627385,0.2529678,2.687364,0.08613583,0.003742474,-2.755932,0.04526791,-0.1190038,-0.01715529,0.9917129,4.91642,346.204,357.4228,0.04180976,0.002234269,-0.9991229,-0.08773701,0.0008343675,0.07960521,-0.7244948,-0.5292732,-0.8733676,-0.2995527,-0.3820468,2.070244,0.9710876,-0.04480034,0.234482,0.02325213,0.995313,0.09386864,-0.2375883,-0.08570246,0.9675778,moving,-14.858971550395793,-13.140135364825174,-8.233237089138308,-10.455838490276255,-0.81063063,-0.533015674,1.8825644000000001,-0.25015178447086533,-0.2201058309932516,0.9428560941798234,-14.415913983699957,-12.32659711202038,6.908647388190786,7.1488325523688205,6.459507055757153
4322,05/05/2023 15:32:58.726709,4505,True,True,True,True,Eyes,0.1071724,0.004222813,-2.881349,-0.4678677,-0.288518,0.8353785,0.0,0.0,0.0,0.0,0.0,0.0,0.0,0.53461,0.2627131,2.682327,0.0853461,0.004681641,-2.746343,0.04747063,-0.1141127,-0.01692455,0.9921887,5.182997,346.7626,357.4437,0.04136743,0.002160339,-0.9991413,-0.08247279,0.0007843054,0.0748289,-0.7044787,-0.5379212,-0.8582846,-0.2985252,-0.3793789,2.070384,0.9733837,-0.04441871,0.2248359,0.02275069,0.9949202,0.09806227,-0.2280496,-0.09033704,0.9694496,moving,-15.124828697243759,-12.89360059771472,-8.204834051610305,-10.383730495001078,-0.7898248,-0.542602841,1.8880584,-0.25477619164315146,-0.21577759937607505,0.9426182573390198,-14.683835376035637,-12.091216145384717,7.125676344976481,7.3610986834909,6.700221295462653
4323,05/05/2023 15:32:58.747073,4506,True,True,True,True,Eyes,0.1063383,0.004141261,-2.874877,-0.4635809,-0.2886366,0.8377241,0.0,0.0,0.0,0.0,0.0,0.0,0.0,0.5114336,0.2632981,2.677611,0.08450713,0.004862638,-2.737394,0.0478745,-0.1100204,-0.0162721,0.9926423,5.247834,347.2378,357.5344,0.04094763,0.002090761,-0.999158,-0.07752442,0.0007372471,0.07033917,-0.68499,-0.5439562,-0.8429059,-0.2975019,-0.3767212,2.070523,0.9752614,-0.04283909,0.2168639,0.0217704,0.9948865,0.09862503,-0.2199799,-0.09146398,0.9712071,moving,-15.321420338464085,-12.835820355049211,-8.176548562561468,-10.311877069301564,-0.76949713,-0.548818838,1.8944881000000002,-0.2580756447752427,-0.21463243245724392,0.941981892573583,-14.882093503760608,-12.0384650795384,7.338419403303435,7.577564411059826,6.924264518021749
4324,05/05/2023 15:32:58.766883,4507,True,True,True,True,Eyes,0.1055012,0.004114943,-2.868315,-0.4594366,-0.2892439,0.8397952,0.0,0.0,0.0,0.0,0.0,0.0,0.0,0.491809,0.2782662,2.670988,0.08398297,0.005146474,-2.72881,0.05098401,-0.1066282,-0.01493534,0.9928787,5.627285,347.6259,357.6659,0.04054921,0.002025636,-0.9991737,0.0,0.0,0.0,-0.668273,-0.5439495,-0.8275326,-0.2964669,-0.374034,2.070664,0.9768147,-0.04053061,0.2102148,0.01878529,0.9943551,0.1044269,-0.2132606,-0.09805682,0.9720621,moving,-15.449015449504747,-12.474421750216333,-8.147937855460285,-10.239200332958807,-0.75225597,-0.549095974,1.9012774000000001,-0.2605238344031088,-0.2085445822804492,0.9426751773326721,-15.010405934861998,-11.68870262120738,7.4116828251630675,7.635571283042601,7.013880881826072
4325,05/05/2023 15:32:58.777416,4508,True,True,True,True,Eyes,0.1046657,0.00417348,-2.861649,-0.455264,-0.2896544,0.8419234,0.0,0.0,0.0,0.0,0.0,0.0,0.0,0.4745859,0.2819512,2.664655,0.08344582,0.006465858,-2.719947,0.05219668,-0.103629,-0.01376246,0.9931501,5.786732,347.9751,357.8022,0.04016997,0.001966437,-0.9991886,0.0,0.0,0.0,-0.6532015,-0.5551993,-0.8167455,-0.2954372,-0.3713599,2.070804,0.9781433,-0.03815455,0.2044015,0.0165182,0.9941722,0.1065307,-0.2072749,-0.1008259,0.9730731,moving,-15.539689195697353,-12.313185001126582,-8.119474539543331,-10.166856150803387,-0.73664732,-0.5616651579999999,1.9032014999999998,-0.26217128642669185,-0.20579584065758644,0.9428225077629037,-15.101696941705569,-11.533264247287367,7.505350070697021,7.724397263031766,7.114668000644386
4326,05/05/2023 15:32:58.796925,4509,True,True,True,True,Eyes,0.1038169,0.004297223,-2.854881,-0.4512115,-0.2894897,0.8441586,0.0,0.0,0.0,0.0,0.0,0.0,0.0,0.4588411,0.2660893,2.659704,0.08259621,0.00851994,-2.710806,0.04982191,-0.1008389,-0.01400811,0.9935558,5.519042,348.3043,357.8188,0.03980805,0.001915538,-0.9992028,0.0,0.0,0.0,-0.6398653,-0.5576273,-0.8042167,-0.2944011,-0.3686695,2.070945,0.9792706,-0.03788365,0.1989823,0.01778771,0.9946431,0.1018268,-0.2017739,-0.09617656,0.9746985,moving,-15.599740294658673,-12.57191629168854,-8.090833624354897,-10.094047094913265,-0.72246151,-0.56614724,1.9065892999999998,-0.26291858924000255,-0.21000696858851928,0.9416850506770337,-15.162567935692351,-11.786387917357917,7.669676802260885,7.90718123857423,7.2714127670941675
4327,05/05/2023 15:32:58.807026,4510,True,True,True,True,Eyes,0.102962,0.004446388,-2.84802,-0.4471102,-0.2890575,0.8464858,0.0,0.0,0.0,0.0,0.0,0.0,0.0,0.441471,0.2391718,2.655735,0.08165349,0.01013632,-2.701529,0.0452295,-0.09772447,-0.01534814,0.9940667,4.986586,348.6722,357.736,0.0394613,0.001874406,-0.9992163,0.0,0.0,0.0,-0.6290296,-0.5434249,-0.7877266,-0.2933058,-0.3658252,2.071094,0.9804287,-0.03935421,0.1929009,0.0216741,0.9954374,0.09292205,-0.1956777,-0.08692249,0.9768084,moving,-15.67869957827585,-13.108721205375502,-8.060556274763382,-10.017048379560583,-0.71068309,-0.55356122,1.9138023999999998,-0.26369616795393575,-0.21877216380327935,0.939469557890606,-15.242826399403071,-12.310737681355015,7.948753764437976,8.221590372594239,7.539629616662748
4328,05/05/2023 15:32:58.826801,4511,True,True,True,True,Eyes,0.102085,0.004590113,-2.841088,-0.4430458,-0.2885038,0.8488086,0.0,0.0,0.0,0.0,0.0,0.0,0.0,0.4240761,0.2181402,2.65113,0.08059923,0.01083489,-2.692453,0.04158465,-0.09455003,-0.01604089,0.994522,4.570192,349.0471,357.7135,0.03912802,0.001842986,-0.9992293,0.0,0.0,0.0,-0.6181472,-0.5200921,-0.7684995,-0.2923548,-0.3633557,2.071224,0.981606,-0.03976968,0.18673,0.02404236,0.9960268,0.08574703,-0.1893982,-0.07968036,0.9786621,moving,-15.778015776990769,-13.507481751417714,-8.034265251857732,-9.950172298552621,-0.69874643,-0.53092699,1.9239535,-0.2649246651095768,-0.22522659594774763,0.9375969097860813,-15.343465811064364,-12.700977338357555,8.221039156642828,8.521744113674238,7.809695332195922
4329,05/05/2023 15:32:58.846827,4512,True,True,True,True,Eyes,0.1011932,0.004747667,-2.834075,-0.4389359,-0.2879547,0.851127,0.0,0.0,0.0,0.0,0.0,0.0,0.0,0.4098379,0.2074827,2.645391,0.07939667,0.0108191,-2.683782,0.03973701,-0.09193325,-0.01637004,0.9948373,4.361774,349.3532,357.7079,0.03880606,0.001820144,-0.9992417,0.0,0.0,0.0,-0.6063492,-0.5018696,-0.7506133,-0.2913228,-0.3606763,2.071364,0.9825606,-0.03987735,0.1816163,0.02526474,0.9963059,0.08207362,-0.1842183,-0.07605382,0.9799385,moving,-15.807282994995276,-13.685874372108549,-8.005738903217452,-9.87759537576086,-0.6857458700000001,-0.5126887,1.9331687,-0.2652197432068059,-0.22812551931869313,0.9368121684408204,-15.373191438713246,-12.875285270823955,8.36733556276761,8.681421492473248,7.953961375927519
4330,05/05/2023 15:32:58.857345,4513,True,True,True,True,Eyes,0.1002827,0.004945497,-2.826994,-0.4347063,-0.2877455,0.8533657,0.0,0.0,0.0,0.0,0.0,0.0,0.0,0.3941371,0.2045829,2.638854,0.07809722,0.01130458,-2.674794,0.03944755,-0.08903825,-0.01652087,0.9951097,4.333819,349.6873,357.7065,0.03849376,0.001805544,-0.9992536,0.0,0.0,0.0,-0.5965103,-0.4918866,-0.7359516,-0.2903152,-0.3580598,2.071501,0.9835985,-0.03990485,0.1759022,0.02585549,0.9963419,0.08145125,-0.1785091,-0.07556729,0.9810321,moving,-15.855269622443704,-13.707229617964392,-7.977885701801426,-9.806699456290858,-0.67460752,-0.50319118,1.9388424,-0.26598512175039957,-0.22842473720830564,0.9365223501898776,-15.421624724782568,-12.89695156614849,8.471416536758104,8.790182761201184,8.05970897394762
4331,05/05/2023 15:32:58.877054,4514,True,True,True,True,Eyes,0.09935411,0.005134365,-2.819847,-0.4303764,-0.2876174,0.8556005,0.0,0.0,0.0,0.0,0.0,0.0,0.0,0.3776076,0.2104941,2.631907,0.07696846,0.01250352,-2.666036,0.04097525,-0.0860061,-0.01619678,0.99532,4.518497,350.0335,357.7412,0.03818948,0.001799817,-0.9992652,0.0,0.0,0.0,-0.5853997,-0.4876888,-0.7222599,-0.2892472,-0.3552867,2.071646,0.9846812,-0.03929019,0.1698798,0.02519371,0.9961174,0.08435301,-0.1725345,-0.07878093,0.9818479,moving,-15.912844427920692,-13.512791805392776,-7.9483635397706625,-9.731538397736715,-0.66236816,-0.50019232,1.9437761,-0.267133776229048,-0.2251710072098733,0.9369831338768432,-15.479487931851917,-12.708575021435701,8.505330721354824,8.816509124966506,8.098183849965762
4332,05/05/2023 15:32:58.896884,4515,True,True,True,True,Eyes,0.09842134,0.0053112,-2.812678,-0.4261503,-0.2881798,0.8575246,0.0,0.0,0.0,0.0,0.0,0.0,0.0,0.3590801,0.2127511,2.625407,0.07553848,0.01248568,-2.657274,0.04162056,-0.0824959,-0.01544075,0.9956023,4.607387,350.4395,357.8375,0.03789173,0.001801802,-0.9992765,0.0,0.0,0.0,-0.5731921,-0.4906825,-0.7105733,-0.288237,-0.3526631,2.071784,0.985912,-0.03761275,0.1629809,0.02387865,0.9960586,0.08542264,-0.1655515,-0.08032744,0.9829243,moving,-16.05579247682151,-13.44878821551821,-7.9204358081479755,-9.660404133485603,-0.64873058,-0.5031681800000001,1.9467007,-0.2695473615768496,-0.22396785648516263,0.9365803404149,-15.62362300414955,-12.64879669257081,8.660811203483487,8.974178629798327,8.262540956862994
4333,05/05/2023 15:32:58.907120,4516,True,True,True,True,Eyes,0.09747489,0.005515898,-2.805461,-0.4218493,-0.2890745,0.8593481,0.0,0.0,0.0,0.0,0.0,0.0,0.0,0.3432838,0.2362466,2.617638,0.07438169,0.01249286,-2.649527,0.04632515,-0.07953006,-0.01360493,0.9956626,5.168464,350.7767,358.0171,0.03759961,0.001810337,-0.9992874,0.0,0.0,0.0,-0.5589769,-0.4917219,-0.6974289,-0.2871945,-0.3499566,2.071926,0.9869798,-0.03446032,0.1571097,0.01972336,0.9953377,0.09441244,-0.1596307,-0.09008443,0.9830579,moving,-16.133498662911276,-12.902568664597805,-7.891616599508025,-9.587002238279934,-0.63335859,-0.50421476,1.9520981,-0.2713832074508146,-0.21491391330503767,0.9381701444919106,-15.701399245853239,-12.1180932547237,8.598795040446445,8.883783015943965,8.209697114795233
4334,05/05/2023 15:32:58.926735,4517,True,True,True,True,Eyes,0.09647833,0.005740201,-2.7982,-0.4173749,-0.2899438,0.8612379,0.0,0.0,0.0,0.0,0.0,0.0,0.0,0.3280473,0.2566218,2.609135,0.0730461,0.01343424,-2.641124,0.05062751,-0.07662725,-0.01210674,0.9957001,5.679529,351.1075,358.1648,0.03731201,0.001825797,-0.9992982,0.0,0.0,0.0,-0.5456846,-0.5100015,-0.6903201,-0.286177,-0.3473146,2.072064,0.9879634,-0.03186826,0.1513696,0.01635047,0.9945806,0.102675,-0.1538214,-0.09896421,0.9831302,moving,-16.18681716815588,-12.410685981550056,-7.863490661732253,-9.51533145390572,-0.6187307,-0.52343574,1.9508039,-0.2727458529555575,-0.20676911517972768,0.9396042610632404,-15.754634126443516,-11.639883585807171,8.553393446054692,8.812538906199773,8.172139679534503
4335,05/05/2023 15:32:58.948598,4518,True,True,True,True,Eyes,0.09547232,0.005964036,-2.790905,-0.4128486,-0.2909117,0.8630913,0.0,0.0,0.0,0.0,0.0,0.0,0.0,0.3123356,0.2551897,2.602623,0.07178316,0.01410757,-2.632673,0.05071445,-0.07358913,-0.01121355,0.9959353,5.702675,351.4628,358.2838,0.03702663,0.001848234,-0.9993088,0.0,0.0,0.0,-0.5330509,-0.5253189,-0.6824246,-0.2851449,-0.3446338,2.072205,0.9889178,-0.0298,0.1454426,0.01487187,0.9946046,0.102667,-0.1477174,-0.09936623,0.9840254,moving,-16.268182000851777,-12.421846284727833,-7.83495727093534,-9.44258279973788,-0.60483406,-0.53942647,1.9502484,-0.2740738982917301,-0.20687095845076825,0.9391954432807769,-15.836728128530083,-11.652218759597,8.68022799574265,8.944008623557371,8.301254599911692
4336,05/05/2023 15:32:58.956971,4519,True,True,True,True,Eyes,0.09442336,0.006202931,-2.783565,-0.4080771,-0.2918109,0.8650546,0.0,0.0,0.0,0.0,0.0,0.0,0.0,0.2979085,0.2611442,2.595453,0.07049438,0.01434148,-2.624528,0.05213002,-0.07077436,-0.01005941,0.9960786,5.878961,351.7905,358.4205,0.03674279,0.00187698,-0.9993192,0.0,0.0,0.0,-0.5203092,-0.5232579,-0.6698198,-0.2840347,-0.3417514,2.072356,0.9897796,-0.02741887,0.1399449,0.01266099,0.9943625,0.1052751,-0.1420424,-0.1024273,0.9845469,moving,-16.30587070677,-12.265698634248032,-7.804267191162822,-9.364342786862762,-0.59080358,-0.5375993800000001,1.9547082000000002,-0.27484536472917415,-0.20426381262465382,0.9395404739676237,-15.874573155375472,-11.500785010646748,8.725364400386406,8.983046704194578,8.348306638568886
4337,05/05/2023 15:32:58.977114,4520,True,True,True,True,Eyes,0.09337171,0.006442306,-2.776169,-0.4032374,-0.2925199,0.8670823,0.0,0.0,0.0,0.0,0.0,0.0,0.0,0.2825562,0.2608827,2.58854,0.06938416,0.01490533,-2.61599,0.05241838,-0.06780236,-0.009141715,0.9962789,5.923873,352.1379,358.5411,0.03645873,0.001911995,-0.9993295,0.0,0.0,0.0,-0.5083714,-0.5275419,-0.6594025,-0.2830825,-0.3392789,2.072485,0.9906386,-0.02532357,0.1341417,0.01110722,0.9943375,0.1056863,-0.1360585,-0.103207,0.9853103,moving,-16.358609647572095,-12.23485999958779,-7.777946685902627,-9.297212431167628,-0.5777555600000001,-0.5424472300000001,1.9565875,-0.27574294408765576,-0.20370362200826841,0.9393991009121975,-15.9277419076436,-11.4716919924024,8.8106163987169,9.069594814434167,8.434899140982052
4338,05/05/2023 15:32:58.996985,4521,True,True,True,True,Eyes,0.09231722,0.00666422,-2.768721,-0.3984168,-0.2931364,0.8691002,0.0,0.0,0.0,0.0,0.0,0.0,0.0,0.2654505,0.2472707,2.582836,0.06820658,0.0151156,-2.607253,0.05006336,-0.06444895,-0.008458589,0.9966285,5.66425,352.5336,358.6576,0.03617427,0.001952721,-0.9993398,0.0,0.0,0.0,-0.4957647,-0.526559,-0.6472202,-0.2820522,-0.3366035,2.072625,0.9915496,-0.0233132,0.1276164,0.01040708,0.9948442,0.1008794,-0.1293103,-0.09869885,0.98668,moving,-16.469875601281124,-12.50890366532358,-7.7494657790897294,-9.224551771750367,-0.56397128,-0.5416746,1.9600328,-0.27730461871346246,-0.20809706433210529,0.9379753799667563,-16.040296050999263,-11.740653341432814,9.038461629517439,9.318396580302329,8.664215700602682
4339,05/05/2023 15:32:59.007926,4522,True,True,True,True,Eyes,0.09126452,0.006878986,-2.761211,-0.3934441,-0.2937042,0.8711714,0.0,0.0,0.0,0.0,0.0,0.0,0.0,0.2450548,0.2399251,2.576755,0.06726363,0.01489591,-2.598564,0.04881371,-0.06050919,-0.007959556,0.9969417,5.529922,352.9929,358.7463,0.03588927,0.001998011,-0.99935,0.0,0.0,0.0,-0.4819609,-0.5151576,-0.6316545,-0.2810371,-0.3339675,2.072763,0.9925506,-0.02177778,0.1198712,0.009963071,0.9951077,0.09829209,-0.1214253,-0.09636558,0.9879118,moving,-16.62476947741686,-12.668538487861447,-7.721404804348677,-9.152941221608652,-0.54922453,-0.53005351,1.9669095,-0.2796886065547621,-0.21055798778404303,0.9367174826190662,-16.196733691136767,-11.89894770878285,9.277099245282903,9.572320859651677,8.909082521047127
4340,05/05/2023 15:32:59.027048,4523,True,True,True,True,Eyes,0.09023965,0.007079826,-2.753628,-0.3883035,-0.2940405,0.8733617,0.0,0.0,0.0,0.0,0.0,0.0,0.0,0.2210141,0.2359602,2.570182,0.06617158,0.01493008,-2.589548,0.04825898,-0.05583627,-0.007719071,0.9972431,5.473759,353.5334,358.8036,0.03560376,0.002047202,-0.9993601,0.0,0.0,0.0,-0.46566,-0.5084315,-0.6168458,-0.2800058,-0.3312895,2.072904,0.9936455,-0.02078478,0.1106196,0.01000638,0.995223,0.09711388,-0.1121097,-0.09538987,0.9891068,moving,-16.838769693550304,-12.75232195446,-7.6928930892624585,-9.080166457412256,-0.53183158,-0.52336158,1.9727022,-0.28311348192736296,-0.21170583098150517,0.9354290353943401,-16.412712937100615,-11.984414333577286,9.548098949674257,9.855545893321066,9.190751541901312
4341,05/05/2023 15:32:59.046725,4524,True,True,True,True,Eyes,0.08921076,0.007250025,-2.745983,-0.3829837,-0.2942804,0.8756269,0.0,0.0,0.0,0.0,0.0,0.0,0.0,0.1945412,0.2240362,2.564042,0.06515364,0.01478307,-2.580288,0.04611501,-0.05068209,-0.007880545,0.9976185,5.233312,354.1298,358.8263,0.03531874,0.002099452,-0.9993701,0.0,0.0,0.0,-0.4467101,-0.5040182,-0.6018512,-0.2789579,-0.3285683,2.073046,0.9947384,-0.02039796,0.100396,0.01104914,0.9956226,0.09280919,-0.1018496,-0.09121158,0.9906095,moving,-17.09722034366803,-13.029097110712213,-7.663927128850996,-9.006203048700383,-0.51186374,-0.51880127,1.9784367999999999,-0.2870564913670838,-0.21595765051269328,0.9332528061798244,-16.67375117193114,-12.258683674891937,9.922064417264487,10.255276569204906,9.578912230050781
4342,05/05/2023 15:32:59.057377,4525,True,True,True,True,Eyes,0.08823242,0.007383696,-2.738262,-0.3775498,-0.2943252,0.8779686,0.0,0.0,0.0,0.0,0.0,0.0,0.0,0.1674179,0.2171976,2.557334,0.0639364,0.01419702,-2.571161,0.04486157,-0.04534079,-0.008150077,0.9979305,5.094484,354.7451,358.8302,0.03503391,0.00215339,-0.99938,0.0,0.0,0.0,-0.4260048,-0.492959,-0.5846901,-0.2778673,-0.3257365,2.073195,0.9957556,-0.02033454,0.08976264,0.0121983,0.995842,0.09027652,-0.09122515,-0.08879839,0.9918633,moving,-17.359084062872597,-13.199326323573374,-7.633776471310727,-8.929206895915248,-0.4899412,-0.5071560199999999,1.9864709,-0.2911535563769598,-0.2184469262831334,0.9314024825109389,-16.93811270307683,-12.429222434807528,10.268533052652138,10.621465420409478,9.940864222301945
4343,05/05/2023 15:32:59.077080,4526,True,True,True,True,Eyes,0.08725026,0.007472795,-2.730476,-0.3718964,-0.2943323,0.8803759,0.0,0.0,0.0,0.0,0.0,0.0,0.0,0.1384683,0.2154939,2.549681,0.06279343,0.01349857,-2.56171,0.04459305,-0.0396397,-0.008505817,0.9981824,5.06867,355.3995,358.8198,0.03475104,0.002207559,-0.9993897,0.0,0.0,0.0,-0.4048903,-0.4862106,-0.5687488,-0.2769194,-0.323275,2.073324,0.9967127,-0.02051602,0.07837669,0.0134454,0.9958782,0.08969831,-0.07989389,-0.08834964,0.9928803,moving,-17.63788111685476,-13.262063646381517,-7.607572781634163,-8.862263867886943,-0.46768372999999996,-0.49970917,1.9929612,-0.29563439691808635,-0.21915119790272852,0.9298242932262734,-17.219435811476387,-12.495352278180366,10.586811422347756,10.952868272303684,10.27556530325491
4344,05/05/2023 15:32:59.096872,4527,True,True,True,True,Eyes,0.08623042,0.007521413,-2.722624,-0.3659537,-0.2943175,0.8828675,0.0,0.0,0.0,0.0,0.0,0.0,0.0,0.10777,0.2123228,2.541965,0.06161468,0.01250949,-2.552318,0.04398304,-0.03355187,-0.009029921,0.998428,5.003801,356.0979,358.7931,0.03446972,0.002260343,-0.9993993,0.0,0.0,0.0,-0.3821402,-0.4832688,-0.5533819,-0.2758732,-0.3205585,2.073466,0.9975855,-0.02098288,0.06620391,0.01508002,0.9959679,0.08843374,-0.06779258,-0.08722186,0.9938795,moving,-17.940667080749684,-13.371175196775836,-7.578653126659763,-8.78836872932655,-0.44375487999999996,-0.49577829,1.9989361,-0.30044518505915013,-0.22057411940719418,0.9279437873754552,-17.525011268622247,-12.607089115978136,10.946894713740855,11.330200717677036,10.65423228954634
4345,05/05/2023 15:32:59.107180,4528,True,True,True,True,Eyes,0.06061605,0.007899042,-2.524485,-0.2061294,-0.2923151,0.933843,0.0,0.0,0.0,0.0,0.0,0.0,0.0,0.07541393,0.2190965,2.533034,0.06062034,0.01155487,-2.542861,0.04534743,-0.02714803,-0.009455944,0.9985577,5.166519,356.8299,358.7719,0.03418833,0.002310426,-0.9994088,0.0,0.0,0.0,-0.35787,-0.4790311,-0.5376841,-0.2747812,-0.3177228,2.073615,0.9983472,-0.0213468,0.05336013,0.01642242,0.9957084,0.09107747,-0.05507534,-0.09005062,0.9944132,moving,-8.807373359239103,-12.226728989823396,-7.548464704662251,-8.711207249755414,-0.41849034,-0.49058597,2.0051769,-0.1497187260000537,-0.2093937083853921,0.9663015957013132,-8.309989282906436,-11.327962781172845,3.665421282873672,3.734132309581318,2.7253126782946766
4346,05/05/2023 15:32:59.126959,4529,True,True,True,True,Eyes,0.06061605,0.007899042,-2.524485,-0.2061294,-0.2923151,0.933843,0.0,0.0,0.0,0.0,0.0,0.0,0.0,0.0413663,0.2241008,2.523607,0.05936534,0.01078625,-2.533157,0.04642379,-0.02031727,-0.01004396,0.9986648,5.296828,357.6106,358.737,0.03299189,0.002400735,-0.9994492,-0.07684312,0.001132887,0.5944169,-0.3321198,-0.4831759,-0.5240163,-0.2738042,-0.315186,2.073747,0.9989727,-0.02194751,0.03964773,0.01817469,0.9954879,0.09313174,-0.04151284,-0.09231548,0.9948641,moving,-9.561262982975189,-12.15576082074227,-7.521460261948112,-8.64216676897029,-0.39148514,-0.49396215,2.0091407,-0.16247730304875938,-0.20777207710396903,0.9645890761621109,-9.070438938761166,-11.272387626660151,3.967771987375356,4.062774704725442,3.0524411053201845
4347,05/05/2023 15:32:59.146871,4530,True,True,True,True,Eyes,0.06061605,0.007899042,-2.524485,-0.2061294,-0.2923151,0.933843,0.0,0.0,0.0,0.0,0.0,0.0,0.0,0.006143279,0.2207269,2.514349,0.05813451,0.009783287,-2.523338,0.04581568,-0.01320388,-0.01098022,0.9988024,5.234466,358.4243,358.6683,0.03199,0.002478414,-0.999482,-0.07223253,0.001064914,0.5587518,-0.3049281,-0.4858455,-0.5098513,-0.2727998,-0.3125778,2.073884,0.9994102,-0.02314403,0.02537,0.02072425,0.9955607,0.09181155,-0.02738227,-0.09123164,0.9954532,moving,-10.342793807360488,-12.289849843039201,-7.493693921886572,-8.571160659043061,-0.36306260999999995,-0.49562878699999996,2.0134866999999996,-0.17555088066972396,-0.2095517195833127,0.9619096428444462,-9.859003873726303,-11.417066511024403,4.560029901991813,4.684657874869558,3.7005231098607836
4348,05/05/2023 15:32:59.157241,4531,True,True,True,True,Eyes,0.06047427,0.007766522,-2.523301,-0.2037116,-0.2922141,0.934405,0.0,0.0,0.0,0.0,0.0,0.0,0.0,-0.02927897,0.2211559,2.504222,0.05662452,0.008427272,-2.513487,0.04590611,-0.00594832,-0.01190554,0.9988571,5.253685,359.2534,358.6,0.03114806,0.002545445,-0.9995087,-0.06789858,0.001001019,0.5252267,-0.2766897,-0.4816726,-0.4940915,-0.2717705,-0.3099049,2.074024,0.9996458,-0.02433,0.01078997,0.02323774,0.9955018,0.09184892,-0.01297612,-0.09156565,0.9957145,moving,-10.993171855462041,-12.330709193749728,-7.465240772659591,-8.498376961854191,-0.33331422,-0.490099872,2.0193955,-0.18644766667354856,-0.20980935834547393,0.9598007610858728,-10.515156053632218,-11.46856673368661,5.06126550934906,5.208941165018961,4.257230379226411
4349,05/05/2023 15:32:59.177334,4532,True,True,True,True,Eyes,0.06027442,0.007602734,-2.521749,-0.2008267,-0.2920296,0.9350868,0.0,0.0,0.0,0.0,0.0,0.0,0.0,-0.06472177,0.2198265,2.493641,0.05518567,0.007480775,-2.503529,0.04573848,0.001370365,-0.01260868,0.9988731,5.244637,0.09115174,358.5578,0.03042942,0.002598596,-0.9995309,-0.06382466,0.0009409578,0.4937131,-0.2480678,-0.480741,-0.4793493,-0.2707346,-0.3072149,2.074165,0.9996783,-0.02506359,-0.003891045,0.0253143,0.995498,0.09133931,0.001584237,-0.09140842,0.9958122,moving,-11.630148847313464,-12.391907648630925,-7.4366049552202025,-8.425109228982318,-0.30325347,-0.48822177499999997,2.0241797,-0.19708124868706295,-0.2103885144586679,0.9575466717832155,-11.157812023640103,-11.539639322519085,5.60223516246023,5.77246048726532,4.852595156161739
4350,05/05/2023 15:32:59.197240,4533,True,True,True,True,Eyes,0.06004921,0.007409963,-2.519843,-0.1933878,-0.2915379,0.9368068,0.0,0.0,0.0,0.0,0.0,0.0,0.0,-0.1007625,0.2126257,2.482563,0.05346325,0.006546686,-2.493106,0.04441109,0.008945817,-0.01327189,0.9988852,5.103814,0.9602819,358.5204,0.02977685,0.002640088,-0.9995506,-0.05999518,0.0008845003,0.4640903,-0.2188629,-0.4785563,-0.46468,-0.2697119,-0.3045593,2.074304,0.9994877,-0.0257196,-0.01905053,0.02730878,0.995703,0.0884857,0.01669285,-0.0889606,0.9958952,moving,-12.028878733063678,-12.546034539287014,-7.408334902993358,-8.352761773515399,-0.27232615,-0.485102986,2.028426,-0.2036371419052693,-0.21267235488173514,0.9556686417148995,-11.560227053818537,-11.696953496699576,6.051424289244871,6.239628336188209,5.331212499375473
4351,05/05/2023 15:32:59.207204,4534,True,True,True,True,Eyes,0.0597701,0.007187511,-2.517603,-0.1856544,-0.2911516,0.9384899,0.0,0.0,0.0,0.0,0.0,0.0,0.0,-0.1366388,0.2088602,2.470866,0.05184027,0.005384929,-2.482893,0.0437151,0.0165392,-0.01359764,0.9988146,5.035695,1.832274,358.5207,0.02918185,0.00267005,-0.9995683,-0.05639547,0.0008314303,0.4362449,-0.1886686,-0.4716076,-0.4487613,-0.2686557,-0.3018167,2.074448,0.9990831,-0.02571703,-0.03422803,0.02860908,0.9958082,0.08687676,0.03185034,-0.08777634,0.9956309,moving,-12.420714355984739,-12.62619574688821,-7.379137422409384,-8.278024406490891,-0.24050886999999999,-0.476992529,2.0341316999999997,-0.21011928827922027,-0.2137095779777105,0.9540326010140079,-11.955603910337615,-11.782089845242373,6.453582841306341,6.657634113002283,5.763897996510935
4352,05/05/2023 15:32:59.226822,4535,True,True,True,True,Eyes,0.05952961,0.006920545,-2.51505,-0.1779798,-0.2907658,0.9400948,0.0,0.0,0.0,0.0,0.0,0.0,0.0,-0.1725413,0.2123286,2.4579,0.05013203,0.00446467,-2.472569,0.04452411,0.02421919,-0.01360823,0.9986221,5.139714,2.713983,358.5604,0.02863757,0.002688441,-0.9995842,-0.05301174,0.0007815445,0.4100702,-0.1580467,-0.467779,-0.4342043,-0.2676487,-0.2992018,2.074585,0.9984565,-0.02502227,-0.04958342,0.02933562,0.9956648,0.08826634,0.04715984,-0.08958466,0.9948621,moving,-12.831134815823672,-12.528112100209299,-7.351301231191673,-8.206751323237505,-0.20817873,-0.47224367,2.0383647,-0.21704257374676392,-0.2117477075701718,0.9529193156636492,-12.369528815256244,-11.693922823606794,6.764597731052503,6.978734489863549,6.110889719055183
4353,05/05/2023 15:32:59.246808,4536,True,True,True,True,Eyes,0.0592241,0.00662498,-2.512195,-0.1700379,-0.2904728,0.9416542,0.0,0.0,0.0,0.0,0.0,0.0,0.0,-0.2075134,0.2132502,2.444642,0.0481068,0.003289127,-2.462212,0.04474901,0.03186822,-0.01323668,0.9984022,5.175037,3.59512,358.6434,0.02814226,0.00269466,-0.9995984,-0.04983104,0.0007346518,0.385466,-0.1269279,-0.4699637,-0.4214558,-0.2666166,-0.2965216,2.074725,0.9976184,-0.02357892,-0.06481925,0.0292832,0.9956446,0.08851136,0.06244994,-0.09019867,0.9939638,moving,-13.236338347682912,-12.49345336765874,-7.322772850680288,-8.133683244537025,-0.17503470000000002,-0.473252827,2.0407562,-0.2238212208954255,-0.21083986121424186,0.9515516703542327,-12.778262178926466,-11.66744749558693,7.121187598057158,7.3469621214352685,6.499988737883031
4354,05/05/2023 15:32:59.257030,4537,True,True,True,True,Eyes,0.05878175,0.006326314,-2.509031,-0.1623221,-0.2903056,0.9430664,0.0,0.0,0.0,0.0,0.0,0.0,0.0,-0.2403739,0.2164787,2.431027,0.0461147,0.00231121,-2.452021,0.04546373,0.0391528,-0.01264765,0.9981183,5.264104,4.435363,358.752,0.02768573,0.002688847,-0.9996114,-0.04684117,0.0006905727,0.362338,-0.09588668,-0.4701895,-0.4086672,-0.2655957,-0.293871,2.074864,0.9966142,-0.02168763,-0.07930826,0.02880776,0.9955462,0.08976597,0.07700822,-0.09174675,0.9928002,moving,-13.619408626398135,-12.404144922202219,-7.294552440758717,-8.061403528985016,-0.14200138,-0.47250071,2.0433537999999998,-0.23026943166301445,-0.20903348618489992,0.9504109799679871,-13.16460588672019,-11.587336964746747,7.438106223572722,7.672236217517244,6.847607907281688
4355,05/05/2023 15:32:59.277789,4538,True,True,True,True,Eyes,0.05827439,0.006015614,-2.505572,-0.154379,-0.2899914,0.9444957,0.0,0.0,0.0,0.0,0.0,0.0,0.0,-0.2710578,0.2212972,2.41671,0.04391806,0.001895801,-2.441516,0.04661809,0.04610702,-0.0120157,0.9977759,5.40164,5.238057,358.8674,0.02725932,0.002672034,-0.9996225,-0.0440307,0.0006491384,0.3405977,-0.06616937,-0.4722671,-0.3971177,-0.2645822,-0.2912389,2.075002,0.9954595,-0.01967912,-0.09312925,0.0282768,0.9953647,0.09192079,0.09088864,-0.09413682,0.9914017,moving,-13.95221930212115,-12.250358815252998,-7.2665367807043495,-7.989612425739565,-0.11008743000000001,-0.47416290099999997,2.0443983,-0.2359314271643134,-0.2061937828979036,0.9496423013976961,-13.500174813576267,-11.443511463234458,7.690188606509649,7.927944914852137,7.126546266325325
4356,05/05/2023 15:32:59.286819,4539,True,True,True,True,Eyes,0.04780665,-0.001176662,-2.412932,-0.003003272,-0.2941402,0.9557575,0.0,0.0,0.0,0.0,0.0,0.0,0.0,-0.3000599,0.2098294,2.403547,0.04173309,0.001251847,-2.430918,0.04436225,0.05281104,-0.01141879,0.9975533,5.147125,6.014088,358.9589,0.02685854,0.002644854,-0.9996328,-0.04138886,0.00061019,0.3201619,-0.03800149,-0.4755183,-0.3861995,-0.2635626,-0.2885913,2.075141,0.9941612,-0.01809608,-0.1063768,0.02746734,0.9958032,0.08730134,0.1043505,-0.0897135,0.990486,moving,-5.830670067518596,-12.156981796255744,-7.2383521519581855,-7.917382005866104,-0.07973458,-0.476770147,2.0447185,-0.09933336192517463,-0.20954933283346763,0.9727393463938255,-5.3069903586376075,-11.206482632628244,4.461626138345839,4.467188739411406,3.814228796187453
4357,05/05/2023 15:32:59.306816,4540,True,True,True,True,Eyes,0.04772737,-0.001172264,-2.412493,-0.00247682,-0.2939075,0.9558307,0.0,0.0,0.0,0.0,0.0,0.0,0.0,-0.3272859,0.2150629,2.389118,0.03967592,0.001782426,-2.420677,0.04588002,0.05908681,-0.01213138,0.9971243,5.332176,6.732141,358.9197,0.0260078,0.002278822,-0.9996566,-0.07030874,-0.02100325,0.5788698,-0.01051494,-0.4647803,-0.3724023,-0.2624878,-0.2858003,2.075288,0.9927232,-0.01877118,-0.118947,0.0296148,0.9954957,0.09006254,0.1167206,-0.09292976,0.9888076,moving,-6.492536456538718,-11.996293976497117,-7.208640282750127,-7.84122071869636,-0.050190860000000004,-0.466562726,2.0482747,-0.11063493709833258,-0.2065724718237433,0.9721562656455648,-5.974505380522283,-11.061851852625411,4.201200576765304,4.216329976129195,3.448993165799268
4358,05/05/2023 15:32:59.326846,4541,True,True,True,True,Eyes,0.04734573,-0.001169524,-2.411636,-0.001496955,-0.2932453,0.9560361,0.0,0.0,0.0,0.0,0.0,0.0,0.0,-0.3578675,0.198153,2.37491,0.03758972,0.001861823,-2.409588,0.04279875,0.06616646,-0.01364611,0.996797,4.99847,7.541256,358.761,0.02530857,0.001974747,-0.9996754,-0.06609022,-0.01974305,0.5441377,0.01392812,-0.468154,-0.3628905,-0.2615066,-0.2832527,2.07542,0.9908716,-0.02154112,-0.1330771,0.03286849,0.9959641,0.0835175,0.130741,-0.08712916,0.9875805,moving,-7.195025095888125,-12.349429780951619,-7.181523699662844,-7.77169450248308,-0.023661599999999998,-0.470015823,2.0466974999999996,-0.12239297374328742,-0.21226526472455898,0.9695171420450803,-6.683578333771023,-11.418494074492934,4.543692134819665,4.5777551886744074,3.6806380840588484
4359,05/05/2023 15:32:59.346883,4542,True,True,True,True,Eyes,0.04689647,-0.001066119,-2.410389,-8.857176e-05,-0.2928306,0.9561644,0.0,0.0,0.0,0.0,0.0,0.0,0.0,-0.386963,0.1866907,2.36103,0.03522744,0.001519921,-2.399544,0.04067842,0.07305465,-0.01449807,0.9963926,4.771471,8.331771,358.6805,0.0247188,0.001720977,-0.9996908,-0.0621248,-0.01855847,0.5114894,0.04164314,-0.452783,-0.3485719,-0.2604641,-0.2805458,2.075562,0.9889056,-0.02294805,-0.1467617,0.03483503,0.9962702,0.07894504,0.1444027,-0.08318166,0.9860165,moving,-7.870609045181068,-12.60427623319367,-7.1527072773431035,-7.6977989099498325,0.006415700000000003,-0.45430292099999997,2.0509721,-0.13369603664925256,-0.2162570321010886,0.9671392835676706,-7.365399088088021,-11.678903628992424,4.901879653723947,4.958719862199405,3.9867822351291204
4360,05/05/2023 15:32:59.357395,4543,True,True,True,True,Eyes,0.04639476,-0.0008801896,-2.40872,0.001638549,-0.2914651,0.95658,0.0,0.0,0.0,0.0,0.0,0.0,0.0,-0.4144301,0.1953761,2.344792,0.03305348,0.004096439,-2.388904,0.0434892,0.07957005,-0.01617978,0.9957487,5.116636,9.072528,358.5444,0.02419222,0.001504677,-0.9997043,-0.05839732,-0.01744496,0.4808,0.06872308,-0.4420353,-0.3367294,-0.2594395,-0.277885,2.075702,0.9868137,-0.02530112,-0.1598708,0.03914287,0.9956938,0.08403379,0.1570563,-0.08918349,0.9835546,moving,-8.465451071696148,-12.237714101689125,-7.124384449707098,-7.625145020617391,0.0356696,-0.446131739,2.0521746000000003,-0.14393791845959572,-0.20976082451821487,0.9670998696555557,-7.96506788446597,-11.33251450754728,4.729596599555392,4.803566717791277,3.801491437593509
4361,05/05/2023 15:32:59.377107,4544,True,True,True,True,Eyes,0.04583538,-0.0006719436,-2.40671,0.003824382,-0.2900221,0.9570123,0.0,0.0,0.0,0.0,0.0,0.0,0.0,-0.4439325,0.1512661,2.330618,0.03121448,0.00629322,-2.377125,0.0350919,0.08672795,-0.01759427,0.9954584,4.18154,9.897775,358.3371,0.02369953,0.001317958,-0.9997165,-0.05489348,-0.01639826,0.451952,0.09328032,-0.4485733,-0.3290191,-0.2584298,-0.2752631,2.075839,0.9843374,-0.02894182,-0.1739029,0.04111561,0.996918,0.06681321,0.1714333,-0.07291687,0.9824936,moving,-9.109969061154537,-13.165020153526983,-7.0964770759280436,-7.553542187761308,0.06206584,-0.45486652,2.0481059,-0.1542689983357112,-0.22502994425051429,0.9620616337223354,-8.616305388515816,-12.247443341728935,5.853529039367264,5.9617811881051965,4.933820643574513
4362,05/05/2023 15:32:59.386821,4545,True,True,True,True,Eyes,0.04523828,-0.0004223453,-2.404361,0.006007645,-0.2889117,0.9573369,0.0,0.0,0.0,0.0,0.0,0.0,0.0,-0.472466,0.1397808,2.315218,0.02915598,0.007009381,-2.366876,0.03319857,0.09366516,-0.01874146,0.9948735,3.989152,10.69467,358.2151,0.02323432,0.001158446,-0.9997278,-0.05159987,-0.01541437,0.4248349,0.1225732,-0.4092818,-0.3109335,-0.2573615,-0.272489,2.075985,0.9817511,-0.03107167,-0.1876144,0.04350986,0.9970932,0.0625459,0.1851256,-0.0695676,0.9802494,moving,-9.740656109533955,-13.361263719168502,-7.0669468321452005,-7.4777635692789195,0.09341722,-0.41629118099999995,2.0559425,-0.16473518938084467,-0.22793298773531592,0.9596399703944473,-9.25276790315855,-12.449957298203277,6.326153710696852,6.462530101573643,5.431438504893584
4363,05/05/2023 15:32:59.407855,4546,True,True,True,True,Eyes,0.04460477,-0.0001332751,-2.401705,0.008622011,-0.2878656,0.9576319,0.0,0.0,0.0,0.0,0.0,0.0,0.0,-0.5009992,0.147423,2.297878,0.02741697,0.008130144,-2.356301,0.03544342,0.1005698,-0.01953699,0.9941065,4.266676,11.48557,358.1775,0.02279218,0.001025069,-0.9997383,-0.04850388,-0.01448951,0.3993448,0.150155,-0.3983768,-0.3005352,-0.2562881,-0.269702,2.076131,0.9790081,-0.03171462,-0.2013391,0.04597276,0.9967241,0.06653942,0.1985693,-0.07439873,0.977259,moving,-10.355593549499032,-13.0797963128833,-7.037278334345627,-7.401619197075211,0.12273803000000001,-0.406506944,2.0557658,-0.17523818686366965,-0.22280595361568964,0.9589832550846707,-9.872804809326635,-12.186824804925312,6.419903158598971,6.576694551642584,5.562230047356749
4364,05/05/2023 15:32:59.427160,4547,True,True,True,True,Eyes,0.0439248,0.0001452242,-2.398777,0.01106484,-0.2873576,0.9577595,0.0,0.0,0.0,0.0,0.0,0.0,0.0,-0.5278696,0.1450236,2.281643,0.02579828,0.009368045,-2.346236,0.03547683,0.1072016,-0.01952045,0.9934124,4.282348,12.2512,358.2084,0.02236985,0.0009170139,-0.9997472,-0.04559364,-0.01362014,0.3753841,0.1774629,-0.4045392,-0.2936278,-0.255313,-0.2671704,2.076263,0.9762536,-0.03117737,-0.2143758,0.04639006,0.9967207,0.06630101,0.2116057,-0.0746715,0.9744985,moving,-10.971811622863694,-13.0812315129744,-7.0103292565351,-7.3324413282219165,0.15166462,-0.413907245,2.0526082000000003,-0.18555935257542192,-0.22240155840920073,0.9571339270400904,-10.49445181126012,-12.199305540157578,6.800513751353983,6.981542173978388,5.985438767021489
4365,05/05/2023 15:32:59.446752,4548,True,True,True,True,Eyes,0.04323075,0.0003951045,-2.395591,0.01388453,-0.2870624,0.9578112,0.0,0.0,0.0,0.0,0.0,0.0,0.0,-0.5529552,0.1533685,2.265382,0.02443246,0.009447801,-2.336782,0.03753893,0.1133951,-0.01929414,0.9926531,4.525455,12.96612,358.2875,0.02196369,0.0008313655,-0.9997556,-0.04285802,-0.01280293,0.3528611,0.2046708,-0.4013611,-0.2858069,-0.2542756,-0.2644758,2.076404,0.9735386,-0.02979131,-0.2265725,0.04681824,0.9964371,0.07015055,0.2236754,-0.07890199,0.9714648,moving,-11.522803796074193,-12.853962188014066,-6.981656832511092,-7.25879367824319,0.18023834000000002,-0.410808901,2.0509751,-0.19494462906976057,-0.21819860775538635,0.9562352512237693,-11.050041212560956,-11.987820176625666,7.00933203238218,7.2061034129000685,6.238224353631194
4366,05/05/2023 15:32:59.457338,4549,True,True,True,True,Eyes,0.0425791,0.0006397986,-2.392184,0.01661013,-0.2869111,0.9578133,0.0,0.0,0.0,0.0,0.0,0.0,0.0,-0.5778814,0.1630935,2.248715,0.02329751,0.009050459,-2.327368,0.03982846,0.1195583,-0.01915997,0.991843,4.79487,13.67814,358.3621,0.02157163,0.0007647193,-0.9997637,-0.04028654,-0.01203475,0.3316894,0.2301496,-0.4076144,-0.2804755,-0.2532042,-0.2616939,2.07655,0.9706774,-0.02848371,-0.2386923,0.047531,0.9960932,0.07442569,0.2356399,-0.08358862,0.9682389,moving,-12.073112405668011,-12.610422208958072,-6.952043834507399,-7.1827436960898385,0.20685209000000002,-0.416664859,2.0468925,-0.20432730479085304,-0.2137147858729414,0.9552887187625035,-11.604922730028909,-11.760472425772958,7.252336556618365,7.462240772688892,6.527241556657429
4367,05/05/2023 15:32:59.477341,4550,True,True,True,True,Eyes,0.04193731,0.0009258344,-2.388535,0.01969614,-0.2867795,0.9577941,0.0,0.0,0.0,0.0,0.0,0.0,0.0,-0.6019725,0.1705498,2.232371,0.02247188,0.009285384,-2.318264,0.04182069,0.1255154,-0.01936173,0.9910207,5.034222,14.36596,358.3963,0.02119411,0.0007149884,-0.9997715,-0.03786935,-0.01131267,0.3117881,0.2555662,-0.4153417,-0.2757196,-0.2521665,-0.2589988,2.076692,0.967742,-0.02787748,-0.2503962,0.04887404,0.9957523,0.07802996,0.2471573,-0.08775073,0.9649938,moving,-12.569203498794305,-12.40263157899323,-6.923360744663615,-7.109050648834823,0.23309432000000002,-0.424627084,2.0425444,-0.21277249901886774,-0.20986209389631788,0.9542985501155697,-12.105149420198272,-11.566974884368634,7.5191467138002475,7.739350067577171,6.835497228999432
4368,05/05/2023 15:32:59.496630,4551,True,True,True,True,Eyes,0.04135115,0.001221797,-2.384664,0.02283091,-0.2863247,0.9578606,0.0,0.0,0.0,0.0,0.0,0.0,0.0,-0.627317,0.1671053,2.2157,0.02197183,0.01057055,-2.308719,0.04180696,0.1317779,-0.0203603,0.990188,5.057737,15.08672,358.3143,0.0208302,0.0006822452,-0.9997789,-0.03559719,-0.01063391,0.2930808,0.2801693,-0.4212916,-0.2712552,-0.2511752,-0.2564253,2.076826,0.9644401,-0.02930258,-0.2626721,0.05133951,0.9956753,0.07742742,0.2592674,-0.08815956,0.9617735,moving,-13.075018011723298,-12.420052269122433,-6.895966032597981,-7.038675230874253,0.25819747,-0.43186215,2.0374638,-0.22119423510488695,-0.20974962014561427,0.952406541619183,-12.615438466080834,-11.593042320841048,7.9568099688266,8.193894201691723,7.311266956386074
4369,05/05/2023 15:32:59.506841,4552,True,True,True,True,Eyes,0.04078548,0.001502155,-2.380592,0.02635979,-0.2858705,0.9579057,0.0,0.0,0.0,0.0,0.0,0.0,0.0,-0.6546453,0.1513096,2.198986,0.02177142,0.01111232,-2.299217,0.03894574,0.1385301,-0.02142471,0.9893602,4.760951,15.8659,358.1827,0.02048097,0.0006652485,-0.9997859,-0.03346135,-0.009995873,0.2754959,0.3061772,-0.417872,-0.2650892,-0.2501511,-0.2537657,2.076966,0.9607008,-0.03160319,-0.2757812,0.05318383,0.9960484,0.0711268,0.2724436,-0.08299868,0.9585853,moving,-13.610962743474834,-12.775098739459542,-6.867660144049941,-6.965927381474464,0.28440578,-0.42898432000000003,2.0341278000000003,-0.22981403524223318,-0.21520618170681965,0.9491427289677971,-13.156502832316376,-11.94855054345586,8.63268917246524,8.900483234849933,8.02347031726769
4370,05/05/2023 15:32:59.526983,4553,True,True,True,True,Eyes,0.04031641,0.001775228,-2.376363,0.02983888,-0.2852773,0.9579805,0.0,0.0,0.0,0.0,0.0,0.0,0.0,-0.682475,0.1470508,2.181363,0.02159783,0.01101952,-2.29023,0.03847292,0.145393,-0.02244528,0.9883709,4.736754,16.65789,358.092,0.02014587,0.0006618145,-0.9997926,-0.03145367,-0.009396121,0.2589661,0.3349651,-0.4035457,-0.2572905,-0.2491348,-0.251127,2.077104,0.9567141,-0.03318114,-0.2891316,0.05555592,0.9960321,0.06952427,0.2856774,-0.08257781,0.9547614,moving,-14.166494963545317,-12.845695942813707,-6.839573333483872,-6.8937415486851314,0.31336727000000003,-0.41456522,2.0329395000000003,-0.23896919501592725,-0.21588474518003037,0.946724688421712,-13.717007280052757,-12.027314166198638,9.150734427660007,9.439785044313705,8.582113114420162
4371,05/05/2023 15:32:59.546927,4554,True,True,True,True,Eyes,0.03988693,0.002049481,-2.371959,0.03372041,-0.2847423,0.9580109,0.0,0.0,0.0,0.0,0.0,0.0,0.0,-0.7106152,0.1507613,2.162921,0.02164471,0.0112526,-2.28152,0.03986821,0.1523026,-0.02354895,0.9872487,4.927367,17.45471,358.024,0.01982759,0.0006703258,-0.9997989,-0.02956645,-0.008832353,0.2434282,0.3638488,-0.3997542,-0.2524957,-0.2481069,-0.2484578,2.077244,0.9524988,-0.03435327,-0.3025988,0.0586414,0.9957119,0.07154655,0.2988433,-0.08589281,0.9504289,moving,-14.70350104460893,-12.70138709845614,-6.811164998047313,-6.8207074058068295,0.34220409,-0.4110068,2.0290243,-0.24799243736146176,-0.21300153547581147,0.9450556728971773,-14.258580713735496,-11.896393398640217,9.542261816332774,9.842325026099973,9.01257949424716
4372,05/05/2023 15:32:59.557293,4555,True,True,True,True,Eyes,0.03954997,0.002318225,-2.367423,0.03752308,-0.2841739,0.9580382,0.0,0.0,0.0,0.0,0.0,0.0,0.0,-0.7393585,0.1490231,2.144156,0.02207322,0.01156512,-2.272805,0.04002813,0.1593835,-0.02422473,0.9861075,4.97184,18.27505,357.9857,0.0195262,0.0006896855,-0.9998048,-0.02779246,-0.008302412,0.2288225,0.3927623,-0.4032908,-0.2499336,-0.2470256,-0.2456499,2.077391,0.9480202,-0.03501673,-0.3162778,0.06053602,0.9956218,0.07122203,0.3123991,-0.08666611,0.9459893,moving,-15.277629161099757,-12.699465009865758,-6.7812822179199035,-6.7438656541536695,0.37068908,-0.41485592,2.0228714,-0.25748275040381235,-0.21242482270786395,0.9426443165771258,-14.83776327732167,-11.904846639267577,10.057910841883942,10.375792743913108,9.5677903294965
4373,05/05/2023 15:32:59.577033,4556,True,True,True,True,Eyes,0.03252819,0.009600213,-2.250346,0.1424894,-0.2749635,0.9508374,0.0,0.0,0.0,0.0,0.0,0.0,0.0,-0.7692879,0.1549732,2.124356,0.02273703,0.01179624,-2.264521,0.04183065,0.1667203,-0.02443454,0.9848136,5.194571,19.12792,358.0332,0.01924394,0.0007186251,-0.9998103,-0.02612492,-0.007804267,0.2150932,0.4231381,-0.4018646,-0.2469848,-0.2460273,-0.2430578,2.077527,0.9432146,-0.0341789,-0.330421,0.06207497,0.9953063,0.0742433,0.3263325,-0.09053823,0.9409091,moving,-10.002343289366395,-11.36840573798783,-6.753692773768749,-6.672916605817201,0.40040107,-0.41366084000000003,2.0175362,-0.17038056937289534,-0.19423458161098905,0.9660451881614762,-9.514518495407492,-10.513316733933202,5.586290707221784,5.7097590459515315,4.729781370137047
4374,05/05/2023 15:32:59.596998,4557,True,True,True,True,Eyes,0.03237243,0.009633894,-2.249937,0.1455503,-0.2736613,0.9507495,0.0,0.0,0.0,0.0,0.0,0.0,0.0,-0.7989386,0.1645859,2.103714,0.02371695,0.01266697,-2.256165,0.04459838,0.1740091,-0.02446691,0.9834294,5.522328,19.97772,358.123,0.0186999,0.001102522,-0.9998206,-0.04562277,0.01450995,0.5534189,0.4547468,-0.4071791,-0.2465194,-0.2449919,-0.2403687,2.077668,0.9382444,-0.03260189,-0.3444338,0.063644,0.9948247,0.07920378,0.340069,-0.09623364,0.9354636,moving,-10.67738636009325,-11.003323702294816,-6.7250786841129955,-6.599300917826471,0.43102985,-0.41984607,2.0096456000000003,-0.1819864665827129,-0.18767867607070382,0.9652241445525058,-10.195096367949526,-10.1698118603332,5.781907122083173,5.917444773863863,4.9789126440115945
4375,05/05/2023 15:32:59.607123,4558,True,True,True,True,Eyes,0.03227203,0.009647761,-2.249253,0.1490521,-0.2726586,0.9504951,0.0,0.0,0.0,0.0,0.0,0.0,0.0,-0.8298937,0.1623034,2.083138,0.02488972,0.01280905,-2.248054,0.04448507,0.1816898,-0.02422142,0.9820505,5.518938,20.87646,358.1917,0.01824512,0.001430876,-0.9998291,-0.04288541,0.01363936,0.5202137,0.4862998,-0.41578,-0.2472486,-0.2439546,-0.2376753,2.077809,0.9328042,-0.03140835,-0.3590122,0.06373829,0.9948688,0.0785716,0.3547022,-0.09617474,0.9300198,moving,-11.368544694041459,-10.99284568003698,-6.696413427885339,-6.525556292279974,0.46141008,-0.42858904999999997,2.0008054000000004,-0.19363906136366563,-0.18707728593360795,0.9630712220777307,-10.892330264699723,-10.17203509829214,6.310579411883012,6.464169323444424,5.559004028075383
4376,05/05/2023 15:32:59.626720,4559,True,True,True,True,Eyes,0.03239274,0.009667254,-2.248377,0.1530051,-0.2716164,0.9501653,0.0,0.0,0.0,0.0,0.0,0.0,0.0,-0.8599949,0.1735005,2.062012,0.02600131,0.01239945,-2.240705,0.04740108,0.189134,-0.02446761,0.9805014,5.866385,21.74726,358.2689,0.01785532,0.001716628,-0.999836,-0.04031228,0.01282099,0.4890009,0.520341,-0.4132508,-0.2467719,-0.2429439,-0.2350505,2.077946,0.9272593,-0.03005074,-0.3732119,0.06591136,0.9943089,0.08369832,0.3685727,-0.1022089,0.923963,moving,-12.004579916810002,-10.62368139764024,-6.668484973955371,-6.453679909792222,0.49433969000000005,-0.42565024999999995,1.9939331000000002,-0.2045752342794344,-0.18045860428168287,0.962072654407806,-11.533552137985565,-9.823851942112906,6.613794364336455,6.772209510035366,5.918356024941497
4377,05/05/2023 15:32:59.647129,4560,True,True,True,True,Eyes,0.03256817,0.009708161,-2.247236,0.157371,-0.2706883,0.9497169,0.0,0.0,0.0,0.0,0.0,0.0,0.0,-0.8904659,0.1858332,2.039824,0.02729429,0.01277766,-2.233257,0.05098147,0.1966864,-0.02554729,0.9788067,6.306764,22.62882,358.2729,0.01751034,0.001974882,-0.999841,-0.03789354,0.01205174,0.4596608,0.5523326,-0.4236992,-0.249795,-0.2418804,-0.2322898,2.078091,0.9213235,-0.02995699,-0.3876409,0.07006645,0.9934965,0.08975241,0.3824311,-0.1098516,0.9174306,moving,-12.610936571338318,-10.183344050936169,-6.639095379457579,-6.378067558213253,0.52503831,-0.43647686,1.983462,-0.2150504531174029,-0.1726620559685737,0.9612185467344065,-12.144754001288092,-9.405801622114238,6.924270403497308,7.081173377845876,6.283267495646117
4378,05/05/2023 15:32:59.657132,4561,True,True,True,True,Eyes,0.03280513,0.009760652,-2.245849,0.1620222,-0.2694774,0.949279,0.0,0.0,0.0,0.0,0.0,0.0,0.0,-0.9202886,0.1846921,2.01827,0.02869616,0.01335181,-2.225636,0.05153924,0.2042267,-0.0265528,0.9772053,6.406082,23.50922,358.2214,0.0172084,0.002209349,-0.9998455,-0.03561993,0.01132863,0.4320812,0.5840189,-0.4365711,-0.2538675,-0.2409076,-0.2297637,2.078223,0.9151728,-0.03084368,-0.4018799,0.07294646,0.9932773,0.08988326,0.3964059,-0.1115744,0.9112703,moving,-13.194009589391243,-10.079016255774334,-6.612214776595448,-6.30887236005909,0.55532274,-0.44992291,1.9717685,-0.22490607706032037,-0.1705225644650625,0.9593431053352055,-12.73284507160673,-9.314656991706316,7.420648504037023,7.585117530542592,6.818860349065417
4379,05/05/2023 15:32:59.676896,4562,True,True,True,True,Eyes,0.03310517,0.00982185,-2.24421,0.1669988,-0.2681964,0.9487793,0.0,0.0,0.0,0.0,0.0,0.0,0.0,-0.9480245,0.1775871,1.997781,0.03017871,0.01364001,-2.21818,0.05058517,0.2113601,-0.02727607,0.9757174,6.329368,24.34364,358.164,0.01694809,0.002422972,-0.9998493,-0.03348274,0.01064891,0.4061563,0.6164995,-0.4366542,-0.2556958,-0.239858,-0.2270379,2.078366,0.9091659,-0.03184409,-0.4152149,0.07461084,0.9933943,0.08718351,0.4096959,-0.1102438,0.9055361,moving,-13.714218977960975,-10.143767333061138,-6.5832107541105795,-6.2341944145161525,0.5863207899999999,-0.45029421,1.9624841999999998,-0.2335771510475664,-0.17124697910846495,0.9571396214438193,-13.257709008317848,-9.387090319628149,7.9552969313682835,8.132406697530708,7.381712506856919
4380,05/05/2023 15:32:59.687190,4563,True,True,True,True,Eyes,0.03344882,0.009874149,-2.242317,0.1720749,-0.2666737,0.9483013,0.0,0.0,0.0,0.0,0.0,0.0,0.0,-0.972752,0.1670108,1.978104,0.0319164,0.01388761,-2.210389,0.04872966,0.2178537,-0.02771246,0.9743702,6.144481,25.10489,358.1111,0.01672824,0.002618276,-0.9998525,-0.03147377,0.01000998,0.3817869,0.6479667,-0.4305448,-0.2564194,-0.2387357,-0.2241239,2.078519,0.9035436,-0.03277251,-0.4272411,0.07523625,0.9937149,0.08288693,0.4218394,-0.107036,0.9003304,moving,-14.160837738805126,-10.294882868598052,-6.5521981523564445,-6.154347886942917,0.6160503,-0.44443241,1.9539696000000002,-0.24093656082923962,-0.17344957217083773,0.9549161264911811,-13.708431305914445,-9.542332253115633,8.469884750223784,8.662299134224346,7.917708697187175
4381,05/05/2023 15:32:59.706813,4564,True,True,True,True,Eyes,0.03386861,0.009899656,-2.240197,0.1774152,-0.2650979,0.947759,0.0,0.0,0.0,0.0,0.0,0.0,0.0,-0.9953917,0.1503613,1.959536,0.03395228,0.01360142,-2.202693,0.04522588,0.2238783,-0.02785955,0.9731686,5.767912,25.81248,358.0432,0.01654694,0.00279675,-0.9998552,-0.02958535,0.009409379,0.3588797,0.6772593,-0.4210435,-0.2557011,-0.2377741,-0.2216262,2.07865,0.8982047,-0.0339739,-0.4382626,0.07447427,0.9943569,0.07555051,0.4332227,-0.1004991,0.8956662,moving,-14.539688446694589,-10.632120793485345,-6.525627036812007,-6.085899053298871,0.64330702,-0.43464492,1.9469919,-0.24700569264385203,-0.17878539986727923,0.952378149923799,-14.090998019936523,-9.877666918763536,8.998674571164463,9.213756692702132,8.462407556828781
4382,05/05/2023 15:32:59.727018,4565,True,True,True,True,Eyes,0.03437268,0.009911215,-2.237854,0.1828415,-0.2636695,0.9471259,0.0,0.0,0.0,0.0,0.0,0.0,0.0,-1.017795,0.1410647,1.940068,0.03612813,0.01296397,-2.195039,0.04344535,0.2298333,-0.02842653,0.9718443,5.595859,26.51176,357.9684,0.01640392,0.00295893,-0.9998572,-0.02781023,0.008844816,0.3373469,0.7055241,-0.405112,-0.253571,-0.2367928,-0.2190786,2.078783,0.8927372,-0.03528194,-0.4491943,0.07522269,0.9946089,0.07137751,0.4442543,-0.09751096,0.8905783,moving,-14.901229408879129,-10.775962137472032,-6.498514232823224,-6.01607541989003,0.66939597,-0.41807597,1.941468,-0.252911330215595,-0.18089072920009538,0.9504285838196082,-14.455885018440126,-10.024292565262382,9.427548185287902,9.657232724447194,8.909857153975379
4383,05/05/2023 15:32:59.746762,4566,True,True,True,True,Eyes,0.03496988,0.009903607,-2.235301,0.1885433,-0.2622098,0.9464129,0.0,0.0,0.0,0.0,0.0,0.0,0.0,-1.040877,0.1373434,1.919289,0.03870418,0.01262426,-2.187304,0.04310694,0.2359246,-0.02917574,0.9703764,5.590993,27.22799,357.9107,0.0162993,0.003105869,-0.9998587,-0.02614161,0.008314127,0.3171061,0.7329459,-0.3966735,-0.2531383,-0.235763,-0.2164045,2.078923,0.8869768,-0.03628294,-0.4603866,0.07696287,0.9945811,0.06989336,0.4553559,-0.09742645,0.8849628,moving,-15.264478162632987,-10.748141438491183,-6.470060670792755,-5.94277391963314,0.6942417200000001,-0.40929776,1.9341657,-0.2589685463729242,-0.1801301211941087,0.9489406535212991,-14.822301779888257,-10.00372396941875,9.785038033278058,10.021643378811747,9.287154938479201
4384,05/05/2023 15:32:59.757051,4567,True,True,True,True,Eyes,0.03496988,0.009903607,-2.235301,0.1885433,-0.2622098,0.9464129,0.0,0.0,0.0,0.0,0.0,0.0,0.0,-1.064348,0.1295178,1.898163,0.04146186,0.01213833,-2.179626,0.04165107,0.2421901,-0.02947665,0.9688862,5.450639,27.96773,357.8732,0.0162336,0.003238278,-0.9998596,-0.02457312,0.007815279,0.2980797,0.7607809,-0.3939536,-0.2542834,-0.2347199,-0.2136962,2.079065,0.8809502,-0.03694408,-0.4717647,0.07729398,0.9947926,0.06643237,0.4668537,-0.09498817,0.8792183,moving,-15.9840937510947,-10.982644670203323,-6.441239677494609,-5.868524515773902,0.71931904,-0.40609193,1.9253425999999998,-0.27069981080768124,-0.18339865875126776,0.9450325268869116,-15.548519099944198,-10.245108036328848,10.56340768604277,10.826831892292734,10.104307091085802
4385,05/05/2023 15:32:59.777281,4568,True,True,True,True,Eyes,0.03496988,0.009903607,-2.235301,0.1885433,-0.2622098,0.9464129,0.0,0.0,0.0,0.0,0.0,0.0,0.0,-1.086903,0.1266067,1.876726,0.04427875,0.01125794,-2.171957,0.04118196,0.2482768,-0.02949787,0.9673638,5.412363,28.68922,357.8919,0.01617447,0.003357447,-0.9998604,-0.02309873,0.007346362,0.2801949,0.7899635,-0.3866572,-0.2553214,-0.2336927,-0.2110281,2.079205,0.8749771,-0.03662129,-0.4827774,0.07751938,0.9948679,0.0650286,0.4779183,-0.09432314,0.8733254,moving,-16.69495288134273,-11.100911356437562,-6.412858148514421,-5.795367489924019,0.74568475,-0.39791514,1.9166356,-0.2823332945743571,-0.18470444217416146,0.9413671506342574,-16.265772107310397,-10.373102532538214,11.28523009805763,11.570231968908624,10.864417683420248
4386,05/05/2023 15:32:59.796787,4569,True,True,True,True,Eyes,0.03496988,0.009903607,-2.235301,0.1885433,-0.2622098,0.9464129,0.0,0.0,0.0,0.0,0.0,0.0,0.0,-1.10984,0.1283731,1.854283,0.0474095,0.01059593,-2.164308,0.04188991,0.2544533,-0.02949431,0.9657271,5.504176,29.42336,357.9476,0.01612125,0.003464698,-0.9998611,-0.02171281,0.00690558,0.2633832,0.8183036,-0.38365,-0.2572363,-0.2326681,-0.2083677,2.079345,0.8687672,-0.03564885,-0.4939359,0.07828495,0.9947506,0.06589859,0.4889939,-0.09591829,0.8669975,moving,-17.42248840442709,-11.082368090959088,-6.384548037716993,-5.722411415178083,0.7708941,-0.39424592999999997,1.9070717000000001,-0.2943196169434201,-0.18370598248393072,0.9378848583697427,-16.999694512682293,-10.368123236855713,11.971077516118175,12.27050378367969,11.58723319067341
4387,05/05/2023 15:32:59.807221,4570,True,True,True,True,Eyes,0.03496988,0.009903607,-2.235301,0.1885433,-0.2622098,0.9464129,0.0,0.0,0.0,0.0,0.0,0.0,0.0,-1.131886,0.130519,1.831992,0.05054913,0.009681366,-2.15679,0.04251511,0.2604813,-0.02910596,0.9641032,5.574561,30.14312,358.0438,0.01607336,0.003561224,-0.9998618,-0.02041004,0.006491246,0.2475802,0.8469547,-0.3851483,-0.2605465,-0.2316097,-0.2056193,2.079488,0.8626047,-0.03397352,-0.5047365,0.07827108,0.9946906,0.06681479,0.4997868,-0.09714101,0.8606839,moving,-18.14307987000783,-11.072256124851123,-6.355309640994724,-5.64703728498115,0.7964055699999999,-0.394829666,1.8962435,-0.3061426166360283,-0.18282577442712628,0.9342651481039564,-17.72662118382271,-10.371232421695765,12.662421606934112,12.976306347820547,12.313600037917872
4388,05/05/2023 15:32:59.827137,4571,True,True,True,True,Eyes,0.03496988,0.009903607,-2.235301,0.1885433,-0.2622098,0.9464129,0.0,0.0,0.0,0.0,0.0,0.0,0.0,-1.152402,0.138344,1.809958,0.05377469,0.008595975,-2.149454,0.04439274,0.2661322,-0.02847056,0.9624929,5.774255,30.822,358.2043,0.01603025,0.003648098,-0.9998624,-0.01918544,0.006101771,0.2327254,0.8750851,-0.3864841,-0.2640561,-0.2306246,-0.2030621,2.079622,0.8567262,-0.03117674,-0.5148284,0.07843409,0.9944375,0.07030153,0.5097728,-0.1006093,0.8544059,moving,-18.830749193010693,-10.907364818609915,-6.328094062943241,-5.576895929050949,0.8213104099999999,-0.395080075,1.8853979,-0.31753537632601697,-0.17942875870229721,0.9311157488784022,-18.42016167022903,-10.222970869755741,13.274172719390505,13.591551930664798,12.95392262497408
4389,05/05/2023 15:32:59.846949,4572,True,True,True,True,Eyes,0.03496988,0.009903607,-2.235301,0.1885433,-0.2622098,0.9464129,0.0,0.0,0.0,0.0,0.0,0.0,0.0,-1.170096,0.1458694,1.789361,0.05730946,0.007740189,-2.142165,0.04626777,0.2710365,-0.02792591,0.9610509,5.973545,31.41316,358.3524,0.01599145,0.003726284,-0.9998629,-0.01803431,0.005735665,0.2187619,0.9015825,-0.3927211,-0.2683822,-0.2295784,-0.2003455,2.079765,0.8515187,-0.02859593,-0.523544,0.07875696,0.9941589,0.07379349,0.5183756,-0.1040693,0.848797,moving,-19.42873222915819,-10.734498201992414,-6.2991890932748245,-5.502372229623053,0.8442730399999999,-0.400461289,1.8737827999999999,-0.32744230944303293,-0.17599001614642118,0.9283366742086278,-19.023216991728493,-10.065327151094921,13.815753123949746,14.133649392416809,13.517449595837656
4390,05/05/2023 15:32:59.857205,4573,True,True,True,True,Eyes,0.03496988,0.009903607,-2.235301,0.1885433,-0.2622098,0.9464129,0.0,0.0,0.0,0.0,0.0,0.0,0.0,-1.18522,0.1484368,1.770334,0.06096822,0.007092772,-2.134735,0.04706512,0.2753197,-0.0276966,0.9598005,6.061568,31.92803,358.4297,0.01595654,0.003796652,-0.9998634,-0.01695225,0.005391525,0.2056362,0.9253025,-0.3986888,-0.2716799,-0.2285465,-0.1976648,2.079905,0.8468639,-0.0272505,-0.5311111,0.07908231,0.9940355,0.0750954,0.5258968,-0.1055971,0.8439679,moving,-19.942530708314923,-10.686435672856947,-6.270683078341263,-5.428827981905173,0.86433428,-0.40578157200000003,1.8630551,-0.3358344017609104,-0.17466416558207162,0.9255850130229802,-19.541486672683515,-10.027747556432274,14.323281965348933,14.647930101183976,14.045080608261946
4391,05/05/2023 15:32:59.877185,4574,True,True,True,True,Eyes,0.03496988,0.009903607,-2.235301,0.1885433,-0.2622098,0.9464129,0.0,0.0,0.0,0.0,0.0,0.0,0.0,-1.199108,0.1493774,1.752088,0.0650357,0.006152891,-2.127374,0.04732524,0.2792371,-0.02728702,0.9586671,6.08348,32.39991,358.5081,0.01592511,0.003859983,-0.9998638,-0.01593512,0.005068033,0.193298,0.9467729,-0.4001561,-0.2730517,-0.2275066,-0.1949645,2.080047,0.8425641,-0.02588841,-0.5379735,0.07874826,0.9940315,0.0754992,0.5328081,-0.1059774,0.8395739,moving,-20.416352939923964,-10.69841310459468,-6.241954071304678,-5.354735383347703,0.8817372,-0.406308991,1.8543223000000002,-0.34349699229869546,-0.1743439372501431,0.922829312659285,-20.0194955445093,-10.047937052190557,14.81353563959906,15.148216887649417,14.55495760730009
4392,05/05/2023 15:32:59.887021,4575,True,True,True,True,Eyes,0.03496988,0.009903607,-2.235301,0.1885433,-0.2622098,0.9464129,0.0,0.0,0.0,0.0,0.0,0.0,0.0,-1.211253,0.1490235,1.734853,0.06915671,0.005225533,-2.119965,0.04719007,0.2827382,-0.02670274,0.9576634,6.055064,32.82262,358.5906,0.01589683,0.003916981,-0.9998642,-0.01497901,0.004763951,0.1817001,0.9674875,-0.3994092,-0.2735982,-0.2264095,-0.1921163,2.080196,0.8386921,-0.02445961,-0.5440563,0.07782935,0.9941201,0.07528463,0.5390158,-0.1054842,0.8356644,moving,-20.84452949579918,-10.75262512210472,-6.211648055486799,-5.276578071046813,0.8983307899999999,-0.404634733,1.8463668000000002,-0.3503585213232674,-0.17474348721389088,0.9201703932912872,-20.451504219898816,-10.10844852883658,15.276894900166612,15.62396590343305,15.037302806820257
4393,05/05/2023 15:32:59.907190,4576,True,True,True,True,Eyes,0.03496988,0.009903607,-2.235301,0.1885433,-0.2622098,0.9464129,0.0,0.0,0.0,0.0,0.0,0.0,0.0,-1.221953,0.1468276,1.718583,0.07367322,0.004417366,-2.112536,0.04672102,0.2857888,-0.02646178,0.9567873,6.000037,33.18911,358.6211,0.01587138,0.003968278,-0.9998646,-0.01408027,0.004478114,0.1707981,0.9866269,-0.3972513,-0.2731248,-0.2254654,-0.1896655,2.080324,0.8352491,-0.02393191,-0.5493507,0.07734127,0.9942338,0.07427918,0.5444054,-0.1045291,0.8322839,moving,-21.21031890684282,-10.845128627588634,-6.185569805945843,-5.209319503527428,0.91295368,-0.40166866599999995,1.8394112,-0.3561567789448562,-0.1758169090284824,0.9177367246594392,-20.82061934514018,-10.205139715015282,15.685820958756253,16.0469757283968,15.46424568481059
4394,05/05/2023 15:32:59.927064,4577,True,True,True,True,Eyes,0.03496988,0.009903607,-2.235301,0.1885433,-0.2622098,0.9464129,0.0,0.0,0.0,0.0,0.0,0.0,0.0,-1.23235,0.1416588,1.702569,0.078361,0.003396336,-2.105075,0.045394,0.2887787,-0.02607496,0.9559637,5.845701,33.54765,358.6385,0.01584847,0.004014446,-0.9998649,-0.01323545,0.004209427,0.1605502,1.004344,-0.3936474,-0.2715895,-0.2244571,-0.1870462,2.080461,0.831854,-0.02363579,-0.554491,0.07607106,0.9945189,0.07173024,0.5497565,-0.1018498,0.8290925,moving,-21.570563940219767,-11.041090169145788,-6.157718036359132,-5.137429451518268,0.9259829999999999,-0.397043736,1.8334854999999999,-0.36173946979992605,-0.1785435181394003,0.9150227869275247,-21.18425762107855,-10.40251505947423,16.12151389010396,16.50481834874325,15.922249161165789
4395,05/05/2023 15:32:59.937609,4578,True,True,True,True,Eyes,0.03496988,0.009903607,-2.235301,0.1885433,-0.2622098,0.9464129,0.0,0.0,0.0,0.0,0.0,0.0,0.0,-1.243237,0.1395995,1.685905,0.0833617,0.00211557,-2.097725,0.04468637,0.2918568,-0.02542409,0.9550793,5.750598,33.91958,358.7054,0.01582785,0.004055998,-0.9998652,-0.01244133,0.003956861,0.1509172,1.022294,-0.3866085,-0.2693991,-0.2234333,-0.1843878,2.080601,0.8283464,-0.02248,-0.5597649,0.07464809,0.9947134,0.07051767,0.5552204,-0.1001984,0.8256454,moving,-21.950243119643442,-11.16124239752466,-6.129436268523419,-5.064457034276533,0.9389323,-0.38872407000000003,1.8283259,-0.3676950993902426,-0.18001040827831777,0.9123576597328553,-21.567415945022855,-10.526390116245773,16.554283049577663,16.954902570818945,16.375711571834664
4396,05/05/2023 15:32:59.957519,4579,True,True,True,True,Eyes,0.03742203,0.009418674,-2.228855,0.1983344,-0.2609141,0.9447683,0.0,0.0,0.0,0.0,0.0,0.0,0.0,-1.253892,0.1403887,1.669203,0.08849916,0.0007574167,-2.090541,0.04456059,0.294857,-0.02447609,0.9541881,5.708781,34.28504,358.8234,0.0158093,0.004093394,-0.9998654,-0.01169485,0.00371945,0.1418622,1.040871,-0.3820522,-0.2680981,-0.2223751,-0.1816396,2.080745,0.8249207,-0.02043158,-0.5648793,0.07298757,0.9948305,0.07060447,0.5605167,-0.09947225,0.8221475,moving,-21.757837103028784,-11.045163621674396,-6.100207122050103,-4.989014377262624,0.9523718400000001,-0.3828096167,1.8224429,-0.36473898753577816,-0.1783845213984177,0.9138622850210493,-21.373184765728276,-10.409851314811206,16.397882265519467,16.788040990295197,16.206459181690008
4397,05/05/2023 15:32:59.977236,4580,True,True,True,True,Eyes,0.04000236,0.008906156,-2.22239,0.2079599,-0.259681,0.9430369,0.0,0.0,0.0,0.0,0.0,0.0,0.0,-1.264851,0.1413187,1.65225,0.09396224,-0.0002995785,-2.083488,0.04464049,0.2978781,-0.0237979,0.9532627,5.698054,34.65242,358.9188,0.0159071,0.004106571,-0.9998639,-0.01099316,0.003496283,0.1333504,1.059205,-0.3797747,-0.2673467,-0.2213546,-0.1789899,2.080884,0.8214047,-0.01877646,-0.5700367,0.07196613,0.9948818,0.07093046,0.5657873,-0.09928595,0.8185518,moving,-21.57026592060191,-10.91349679588151,-6.072019744668498,-4.916268791370533,0.96524276,-0.3794751215,1.8161413,-0.36187054836109955,-0.17649577991471324,0.9153682769419933,-21.183813471189815,-10.278214334328807,16.239415298515823,16.618134018833924,16.034861073254707
4398,05/05/2023 15:32:59.996968,4581,True,True,True,True,Eyes,0.04283787,0.008364903,-2.216009,0.2173334,-0.2588148,0.9411594,0.0,0.0,0.0,0.0,0.0,0.0,0.0,-1.275815,0.1424165,1.63526,0.09955913,-0.001467207,-2.076571,0.04490457,0.3008682,-0.02359356,0.9523157,5.723264,35.01454,358.9683,0.01611605,0.004096592,-0.9998604,-0.01033357,0.003286506,0.1253494,1.077737,-0.3781397,-0.2669807,-0.2203038,-0.1762621,2.081027,0.8178433,-0.01791631,-0.575162,0.07195775,0.9948539,0.07132956,0.5709241,-0.09972376,0.8149238,moving,-21.379537556910897,-10.788568555242238,-6.042996665321993,-4.841372806801586,0.9781778699999999,-0.376672493,1.8095903,-0.35893741494462233,-0.17471159563763847,0.9168640652602664,-20.991264767598523,-10.153084979751405,16.081294457229,16.449274263311715,15.863953021419384
4399,05/05/2023 15:33:00.006925,4582,True,True,True,True,Eyes,0.04578915,0.007829198,-2.209615,0.2264874,-0.2580311,0.9392142,0.0,0.0,0.0,0.0,0.0,0.0,0.0,-1.286611,0.1420165,1.618446,0.1052941,-0.002464424,-2.069737,0.04503511,0.3037851,-0.02394664,0.9513743,5.752977,35.36513,358.9518,0.01643718,0.004064335,-0.9998549,-0.009713552,0.003089315,0.1178285,1.095956,-0.3777007,-0.2668512,-0.2192448,-0.1735122,2.081171,0.8142824,-0.01820244,-0.5801835,0.07292642,0.9947968,0.07114121,0.5758698,-0.1002397,0.8113729,moving,-21.177897158541775,-10.689856768469566,-6.013748320936799,-4.765864025377144,0.9906618999999999,-0.375236276,1.8028857999999999,-0.35579511567777433,-0.1733547473355785,0.9183451810967743,-20.787737407943393,-10.053298189331906,15.92103944111282,16.280205772325115,15.691644706057614
4400,05/05/2023 15:33:00.027218,4583,True,True,True,True,Eyes,0.04899883,0.007315973,-2.203287,0.2353958,-0.2572592,0.9372334,0.0,0.0,0.0,0.0,0.0,0.0,0.0,-1.295488,0.1419885,1.603044,0.1109937,-0.002850503,-2.062976,0.04563462,0.3061439,-0.02491173,0.9505647,5.854952,35.64669,358.8815,0.01686527,0.004012148,-0.9998473,-0.009130739,0.002903956,0.1107587,1.113676,-0.3771532,-0.2665577,-0.2182472,-0.1709211,2.081306,0.8113106,-0.01941889,-0.5842927,0.07530192,0.9945937,0.07150416,0.5797454,-0.1020104,0.8083868,moving,-20.91045423924088,-10.532975965812037,-5.9861984562286965,-4.694711600860563,1.0026823,-0.374302697,1.7964183,-0.35164369737616963,-0.17112658041061946,0.9203598906354105,-20.517762551218038,-9.895662471124629,15.68034116680996,16.025565246562596,15.43425557005209
4401,05/05/2023 15:33:00.043598,4584,True,True,True,True,Eyes,0.05232484,0.006803214,-2.196945,0.2441496,-0.2562456,0.9352695,0.0,0.0,0.0,0.0,0.0,0.0,0.0,-1.304156,0.1338454,1.587933,0.1172266,-0.002656365,-2.05585,0.04424448,0.3084449,-0.02575351,0.9498637,5.735688,35.91745,358.7543,0.01740119,0.00394302,-0.9998386,-0.008582895,0.002729719,0.1041132,1.128821,-0.3782557,-0.265479,-0.2172004,-0.1682028,2.081449,0.8083971,-0.0216307,-0.58824,0.07621861,0.9947583,0.06816536,0.5836822,-0.09993951,0.8058084,moving,-20.64260821865775,-10.602252015824334,-5.957286919763812,-4.620057515874833,1.0115944000000001,-0.375599335,1.790371,-0.3472504082811749,-0.17254072495239134,0.9217628352842344,-20.247635403668053,-9.958330698775388,15.509640174548771,15.857027233595016,15.254875298300522
4402,05/05/2023 15:33:00.057013,4585,True,True,True,True,Eyes,0.05232484,0.006803214,-2.196945,0.2441496,-0.2562456,0.9352695,0.0,0.0,0.0,0.0,0.0,0.0,0.0,-1.312992,0.1198475,1.573474,0.1233167,-0.003206762,-2.049125,0.04076831,0.3108575,-0.02573822,0.9492329,5.359185,36.20212,358.6465,0.01804055,0.003858512,-0.9998279,0.0,0.0,0.0,1.144849,-0.3706651,-0.2626123,-0.2161667,-0.1655191,2.08159,0.8054103,-0.02351686,-0.5922509,0.0742094,0.995351,0.0613954,0.5880538,-0.09339907,0.8034111,moving,-20.918996382550354,-11.053850034520094,-5.928738697417852,-4.546348698529531,1.0215323,-0.36745833800000005,1.7865127,-0.35124754461981755,-0.17951486318156673,0.9189121005978879,-20.526965761090366,-10.403226720897289,15.955948610788205,16.34182973551594,15.729311923012878
4403,05/05/2023 15:33:00.076807,4586,True,True,True,True,Eyes,0.05232484,0.006803214,-2.196945,0.2441496,-0.2562456,0.9352695,0.0,0.0,0.0,0.0,0.0,0.0,0.0,-1.32193,0.1127945,1.558569,0.1293405,-0.004205523,-2.042697,0.03915136,0.3132534,-0.02618236,0.9485009,5.202361,36.48709,358.5535,0.01861628,0.003782411,-0.9998178,0.0,0.0,0.0,1.162076,-0.3547868,-0.2592084,-0.2151841,-0.1629671,2.081723,0.8023736,-0.02513939,-0.5962923,0.07419657,0.9955633,0.05786676,0.5921921,-0.09067362,0.800679,moving,-21.18916953191608,-11.282215456566428,-5.901605475178498,-4.476254654828435,1.0327355,-0.350581277,1.7834886,-0.3553530630772643,-0.18287262406743002,0.9166687931079949,-20.799775293694065,-10.630548441322864,16.3249394189547,16.73411835812239,16.119267847883542
4404,05/05/2023 15:33:00.097054,4587,True,True,True,True,Eyes,0.05232484,0.006803214,-2.196945,0.2441496,-0.2562456,0.9352695,0.0,0.0,0.0,0.0,0.0,0.0,0.0,-1.330562,0.110536,1.543285,0.1355266,-0.003592039,-2.036163,0.03966089,0.3155119,-0.02770269,0.9476876,5.31627,36.75467,358.4185,0.01913417,0.003713953,-0.9998084,0.0,0.0,0.0,1.178463,-0.3472098,-0.2573656,-0.2141681,-0.1603298,2.081861,0.7993697,-0.02748005,-0.6002108,0.07753397,0.9953192,0.05769122,0.595816,-0.09265334,0.7977585,moving,-21.42375386988701,-11.2553642464975,-5.873549465599453,-4.403811871648322,1.0429364,-0.343617761,1.7787974000000002,-0.35915152076403334,-0.18215943624092856,0.9153294473854967,-21.036395523401037,-10.60861025618774,16.579649239217524,16.992722764772733,16.38326657188279
4405,05/05/2023 15:33:00.107021,4588,True,True,True,True,Eyes,0.05232484,0.006803214,-2.196945,0.2441496,-0.2562456,0.9352695,0.0,0.0,0.0,0.0,0.0,0.0,0.0,-1.34003,0.09690464,1.527511,0.1420652,-0.00168346,-2.029328,0.03739887,0.3181112,-0.02891807,0.9468741,5.118872,37.06086,358.2182,0.01960091,0.003652256,-0.9997998,0.0,0.0,0.0,1.193442,-0.3474966,-0.256404,-0.2131148,-0.1575939,2.082005,0.795938,-0.03096952,-0.6045855,0.07855753,0.9955301,0.05242571,0.6002595,-0.08922236,0.7948132,moving,-21.697129404913046,-11.57116607910989,-5.844461787119394,-4.32865419211446,1.0513768,-0.34581313999999996,1.772924,-0.36318649938538683,-0.18688826539414619,0.9127804857970648,-21.31253398709949,-10.921165942982839,16.98452615330314,17.428742038182605,16.814353058299172
4406,05/05/2023 15:33:00.127448,4589,True,True,True,True,Eyes,0.05232484,0.006803214,-2.196945,0.2441496,-0.2562456,0.9352695,0.0,0.0,0.0,0.0,0.0,0.0,0.0,-1.350813,0.07996224,1.51062,0.1485829,-2.81008e-05,-2.022618,0.03382257,0.3212095,-0.02927138,0.9459513,4.749155,37.43086,358.065,0.02002185,0.003596608,-0.999791,0.0,0.0,0.0,1.210898,-0.3351578,-0.2543045,-0.2121012,-0.1549619,2.082143,0.7919354,-0.03365035,-0.609677,0.07710685,0.9959984,0.04518451,0.6057169,-0.08279349,0.7913611,moving,-22.047838251336444,-12.0524831988863,-5.816472987044158,-4.256347545603676,1.0623151,-0.3351296992,1.7683135,-0.3682388999160011,-0.1941349189260804,0.9092368328284925,-21.66687302864711,-11.396349544235825,17.51512252107043,18.006580726702634,17.38432656214551
4407,05/05/2023 15:33:00.147167,4590,True,True,True,True,Eyes,0.05232484,0.006803214,-2.196945,0.2441496,-0.2562456,0.9352695,0.0,0.0,0.0,0.0,0.0,0.0,0.0,-1.362378,0.06481282,1.492685,0.1552883,0.001611552,-2.016003,0.03045839,0.3245592,-0.02905956,0.9449282,4.383108,37.83532,357.9799,0.02040068,0.003546525,-0.999783,0.0,0.0,0.0,1.230994,-0.3169205,-0.2529888,-0.2110388,-0.1522032,2.082287,0.7876338,-0.03514729,-0.6151404,0.07468949,0.9964557,0.03869889,0.6116,-0.07642507,0.7874672,moving,-22.44523238928053,-12.511208377662033,-5.787139430321056,-4.180557179076663,1.0757056999999999,-0.318532052,1.7630142,-0.37401525124160206,-0.2009080853450003,0.9053995832843404,-22.068283131058223,-11.850364787626969,18.084761086616684,18.625031823377565,17.99726615228629
4408,05/05/2023 15:33:00.157256,4591,True,True,True,True,Eyes,0.05232484,0.006803214,-2.196945,0.2441496,-0.2562456,0.9352695,0.0,0.0,0.0,0.0,0.0,0.0,0.0,-1.374319,0.04916369,1.474119,0.1621032,0.00394121,-2.009453,0.02712196,0.3280586,-0.02887193,0.9438266,4.022039,38.25917,357.8913,0.02074164,0.00350145,-0.9997759,0.0,0.0,0.0,1.252318,-0.2991659,-0.2527594,-0.2100129,-0.1495393,2.082427,0.783088,-0.03670499,-0.6208269,0.07229535,0.9968616,0.03225347,0.6176947,-0.07014021,0.7832839,moving,-22.861850767649596,-12.971537028699808,-5.758812021609627,-4.107365445076959,1.0902148,-0.30310710999999996,1.7566936000000002,-0.38004427110952266,-0.20762483073842614,0.9013646065757418,-22.489088594011964,-12.306287803449727,18.671621026961635,19.26363081593009,18.63127698328001
4409,05/05/2023 15:33:00.177162,4592,True,True,True,True,Eyes,0.05232484,0.006803214,-2.196945,0.2441496,-0.2562456,0.9352695,0.0,0.0,0.0,0.0,0.0,0.0,0.0,-1.389402,0.02574613,1.451861,0.1691398,0.004337443,-2.002592,0.02048913,0.33273,-0.02722276,0.9424065,3.252356,38.8312,357.8374,0.0210485,0.003460883,-0.9997694,0.0,0.0,0.0,1.274213,-0.2808889,-0.2532027,-0.208993,-0.1468906,2.082565,0.7770993,-0.03767512,-0.6282494,0.06494451,0.9976782,0.02050253,0.6260182,-0.05673384,0.7777419,moving,-23.453626773883148,-13.850747074531355,-5.730654490519488,-4.0345900994625055,1.1050732,-0.285226343,1.7493892999999998,-0.3881998069805025,-0.2206191048253098,0.8947781807666914,-23.087065498036694,-13.173415247286558,19.569710262093736,20.25982932593632,19.615379887842238
4410,05/05/2023 15:33:00.187201,4593,True,True,True,True,Eyes,0.05232484,0.006803214,-2.196945,0.2441496,-0.2562456,0.9352695,0.0,0.0,0.0,0.0,0.0,0.0,0.0,-1.404707,0.01954366,1.429448,0.1756086,0.003985046,-1.996509,0.01871303,0.3374013,-0.02656067,0.9408001,3.045768,39.40196,357.8565,0.02132467,0.003424372,-0.9997637,0.0,0.0,0.0,1.301994,-0.2498277,-0.255096,-0.2079468,-0.1441742,2.082708,0.7709097,-0.03734895,-0.6358483,0.06260415,0.9978887,0.01728723,0.6338603,-0.05313364,0.7716203,moving,-24.03373900219163,-14.141637443165289,-5.701767937231569,-3.9599483213313627,1.1263854000000002,-0.25381274600000003,1.741413,-0.39690173411848845,-0.22425159186948962,0.8900450041023243,-23.672614207194933,-13.467220011107269,20.23242314461299,20.969691378277467,20.33075332204566
4411,05/05/2023 15:33:00.206825,4594,True,True,True,True,Eyes,0.05232484,0.006803214,-2.196945,0.2441496,-0.2562456,0.9352695,0.0,0.0,0.0,0.0,0.0,0.0,0.0,-1.419145,0.02334182,1.407416,0.1816435,0.003470483,-1.990561,0.02009061,0.3418685,-0.02691594,0.9391474,3.218249,39.94567,357.8866,0.02157323,0.003391512,-0.9997585,0.0,0.0,0.0,1.327495,-0.240097,-0.2602315,-0.2068933,-0.1414384,2.082851,0.7648029,-0.03681938,-0.6432113,0.06429276,0.9977438,0.01933265,0.6410483,-0.0561395,0.7654446,moving,-24.568410611021896,-14.047833876076083,-5.672683593692798,-3.884772118122198,1.1458515,-0.243567483,1.7303295,-0.4054148117924373,-0.2218891551139813,0.8867941731607601,-24.211889411643615,-13.385457085224624,20.70948497663659,21.45544974614621,20.831830625378736
4412,05/05/2023 15:33:00.226972,4595,True,True,True,True,Eyes,0.05908841,0.006493058,-2.188746,0.2567702,-0.2557983,0.9320067,0.0,0.0,0.0,0.0,0.0,0.0,0.0,-1.431606,0.02745792,1.387328,0.1873949,0.0028585,-1.984894,0.02157988,0.3457633,-0.02739049,0.9376736,3.406007,40.42027,357.9078,0.02179692,0.003361939,-0.9997538,0.0,0.0,0.0,1.350511,-0.2444994,-0.2663845,-0.2059265,-0.1389278,2.082983,0.759395,-0.03644361,-0.6496084,0.06628974,0.9975681,0.02152853,0.647244,-0.05941102,0.7599641,moving,-24.26898810628219,-13.773483240721385,-5.645991670819395,-3.815779996665403,1.1631161,-0.24735790000000002,1.7185095,-0.4011271820031889,-0.21809028306349082,0.8896818571980025,-23.90952119121152,-13.112812720805168,20.40650485205331,21.118045603983884,20.493689956080637
4413,05/05/2023 15:33:00.237178,4596,True,True,True,True,Eyes,0.06582003,0.006254322,-2.180657,0.2690588,-0.2555602,0.9285991,0.0,0.0,0.0,0.0,0.0,0.0,0.0,-1.442397,0.03608572,1.368895,0.1931195,0.002651497,-1.979491,0.02481471,0.3490593,-0.02862595,0.9363346,3.810345,40.82091,357.916,0.02231549,0.003322328,-0.9997427,0.0,0.0,0.0,1.371064,-0.2493318,-0.2716309,-0.2048867,-0.1362279,2.083124,0.7546764,-0.03628333,-0.6550931,0.07093055,0.9971296,0.02648544,0.6522518,-0.06645405,0.7550838,moving,-23.899152834579603,-13.293840510488737,-5.61728794820787,-3.741584951622811,1.1779445000000002,-0.251983297,1.7078601,-0.3959940984417532,-0.2111477979963817,0.8936471471463848,-23.535889152412015,-12.638916242607836,19.970181820424102,20.626976753403216,20.005968439864326
4414,05/05/2023 15:33:00.257057,4597,True,True,True,True,Eyes,0.06582003,0.006254322,-2.180657,0.2690588,-0.2555602,0.9285991,0.0,0.0,0.0,0.0,0.0,0.0,0.0,-1.45232,0.04015063,1.350918,0.1991808,0.004187372,-1.973863,0.02729502,0.3521177,-0.02984578,0.9350815,4.132579,41.19322,357.8974,0.02310055,0.003276806,-0.9997253,0.0,0.0,0.0,1.38861,-0.2615723,-0.2764423,-0.2038599,-0.1335626,2.083264,0.7502448,-0.03659434,-0.6601466,0.07503857,0.9967284,0.03002769,0.6568881,-0.07206458,0.7505363,moving,-24.24654853828086,-13.0421773147271,-5.588942094854938,-3.668336845212608,1.1894292,-0.265759672,1.6974207,-0.4017996505096526,-0.2066506467879535,0.8921056513859393,-23.88606148096873,-12.4000058702284,20.236287883254178,20.88001827934248,20.273791500163984
4415,05/05/2023 15:33:00.276998,4598,True,True,True,True,Eyes,0.06582003,0.006254322,-2.180657,0.2690588,-0.2555602,0.9285991,0.0,0.0,0.0,0.0,0.0,0.0,0.0,-1.462374,0.02613397,1.332474,0.2055643,0.005895319,-1.967845,0.02383899,0.3554728,-0.02923569,0.9339251,3.744804,41.60518,357.8371,0.02380761,0.003235805,-0.9997091,0.0,0.0,0.0,1.405755,-0.2689768,-0.2802278,-0.2028252,-0.1308749,2.083405,0.7455686,-0.03765967,-0.665364,0.07155611,0.9971539,0.02374267,0.6625761,-0.06531264,0.7461415,moving,-24.661322216798418,-13.5234039934394,-5.560379436208811,-3.594471253934827,1.2001907,-0.274872119,1.6876172,-0.40763010599085747,-0.21353263419156984,0.8878296306315653,-24.305029501165468,-12.876253568911864,20.824335738074904,21.527417877046098,20.91682071922739
4416,05/05/2023 15:33:00.287185,4599,True,True,True,True,Eyes,0.07275287,0.006104043,-2.172016,0.2814877,-0.2544296,0.9252189,0.0,0.0,0.0,0.0,0.0,0.0,0.0,-1.472858,0.01368942,1.313516,0.2117554,0.005484326,-1.96213,0.01986038,0.3590136,-0.0280018,0.9327008,3.276448,42.0429,357.8201,0.02444394,0.003198904,-0.9996941,0.0,0.0,0.0,1.426434,-0.250451,-0.281997,-0.2018065,-0.1282295,2.083544,0.7406504,-0.03797432,-0.6708167,0.06649489,0.9976429,0.01694152,0.6685922,-0.05715362,0.7414297,moving,-24.365892059031964,-13.869629748034479,-5.532259046503833,-3.52176589565162,1.2146786,-0.25593532599999996,1.6801329999999999,-0.4025065931171298,-0.21943777476563534,0.8887267662379748,-24.007386758277747,-13.208216862143447,20.75880442228052,21.48916049449213,20.860433271929107
4417,05/05/2023 15:33:00.307089,4600,True,True,True,True,Eyes,0.07965268,0.006001306,-2.163515,0.2937202,-0.2534254,0.9216854,0.0,0.0,0.0,0.0,0.0,0.0,0.0,-1.484343,0.01683268,1.293911,0.2177189,0.005538625,-1.957123,0.0212313,0.3627144,-0.02831323,0.9312282,3.444496,42.49749,357.8568,0.02534779,0.003159876,-0.9996719,0.0,0.0,0.0,1.447889,-0.2311056,-0.2846954,-0.2007234,-0.1254174,2.083691,0.7352733,-0.03733035,-0.676742,0.06813394,0.9974952,0.01900314,0.6743374,-0.06008159,0.735975,moving,-24.071756419931436,-13.573003767226531,-5.502364196328896,-3.444478448058139,1.2301701,-0.23664422499999999,1.6724276,-0.39831809015592406,-0.21526338719870958,0.891630158200493,-23.71032691403626,-12.913968004790462,20.457425805649724,21.15205315554558,20.523185395900015
4418,05/05/2023 15:33:00.327158,4601,True,True,True,True,Eyes,0.07965268,0.006001306,-2.163515,0.2937202,-0.2534254,0.9216854,0.0,0.0,0.0,0.0,0.0,0.0,0.0,-1.497782,0.01605629,1.271198,0.2239073,0.006615344,-1.951762,0.02215312,0.3672579,-0.02923159,0.9293958,3.591882,43.05513,357.8143,0.02649188,0.003121119,-0.9996424,0.0,0.0,0.0,1.467686,-0.2347575,-0.2906435,-0.1997391,-0.1228607,2.083824,0.7285342,-0.0380636,-0.6839511,0.07060724,0.9973095,0.01970697,0.6813608,-0.06264909,0.7292617,moving,-24.606740199681074,-13.537428592767919,-5.475198938079352,-3.3742099993735684,1.2437787,-0.241372844,1.6611185,-0.40675604659432174,-0.21384116615877644,0.8881562025010984,-24.24998252886125,-12.88893401006727,20.955563515990164,21.66349194431696,21.048099008707755
4419,05/05/2023 15:33:00.337172,4602,True,True,True,True,Eyes,0.07965268,0.006001306,-2.163515,0.2937202,-0.2534254,0.9216854,0.0,0.0,0.0,0.0,0.0,0.0,0.0,-1.513259,0.008754889,1.245644,0.2300004,0.007199494,-1.94646,0.02117413,0.3727306,-0.03028641,0.9272035,3.545594,43.72793,357.6814,0.02752211,0.003086214,-0.9996148,0.0,0.0,0.0,1.490563,-0.2363018,-0.2984552,-0.1987323,-0.1202468,2.083961,0.7203093,-0.04037884,-0.6924769,0.07194781,0.9972688,0.01668811,0.6899117,-0.06184279,0.7212471,moving,-25.247740750299354,-13.758085697467562,-5.447411251789507,-3.302366612675492,1.2605626,-0.243501294,1.6480048,-0.4164433319320153,-0.21621952323109572,0.8830764603868902,-24.896876839612396,-13.115415956826462,21.641482129834376,22.39140705336858,21.784803168324668
4420,05/05/2023 15:33:00.357175,4603,True,True,True,True,Eyes,0.07965268,0.006001306,-2.163515,0.2937202,-0.2534254,0.9216854,0.0,0.0,0.0,0.0,0.0,0.0,0.0,-1.529664,0.009440346,1.218734,0.2356432,0.008137327,-1.941566,0.02336767,0.3786097,-0.03262607,0.924686,3.894563,44.44968,357.5503,0.02844896,0.003054808,-0.9995891,0.0,0.0,0.0,1.516979,-0.2309583,-0.308365,-0.1977035,-0.1175753,2.084102,0.7111805,-0.04264328,-0.7017149,0.0780322,0.996779,0.01851043,0.6986653,-0.06792061,0.7122174,moving,-25.916427862361235,-13.60054328422456,-5.4190148833245635,-3.228937585638148,1.2813358000000001,-0.239095627,1.633201,-0.4270654710761369,-0.2126286963458936,0.8788652267163171,-25.571276195434475,-12.973971951649995,22.218001642267744,22.972029592531243,22.38480133452861
4421,05/05/2023 15:33:00.376923,4604,True,True,True,True,Eyes,0.07965268,0.006001306,-2.163515,0.2937202,-0.2534254,0.9216854,0.0,0.0,0.0,0.0,0.0,0.0,0.0,-1.546259,0.005789969,1.190101,0.2416285,0.009019135,-1.936188,0.02359472,0.3848256,-0.03362,0.922075,3.978829,45.21867,357.4812,0.02928323,0.003026536,-0.9995652,0.0,0.0,0.0,1.542999,-0.2395584,-0.3212538,-0.196669,-0.1148894,2.084243,0.7015579,-0.04384063,-0.7112625,0.08016003,0.996626,0.01763652,0.7080895,-0.06938788,0.7027051,moving,-26.657849132178487,-13.693678463351677,-5.390464377153303,-3.1551132200388357,1.3013705,-0.24857753500000002,1.6149342,-0.43838828898605575,-0.212770386446977,0.8732379037567269,-26.319332251465838,-13.078034192511701,22.94926471811526,23.735269362403265,23.162078298943147
4422,05/05/2023 15:33:00.387267,4605,True,True,True,True,Eyes,0.08727275,0.006029693,-2.154233,0.3073729,-0.2520668,0.917597,0.0,0.0,0.0,0.0,0.0,0.0,0.0,-1.562871,0.002447089,1.161168,0.2472342,0.009424625,-1.931235,0.02315928,0.3912236,-0.03353565,0.9193929,3.946492,46.01562,357.4984,0.03003338,0.003001112,-0.9995431,0.0,0.0,0.0,1.571309,-0.2388752,-0.3343098,-0.1956406,-0.1122191,2.084382,0.6916389,-0.04354395,-0.7209297,0.07978578,0.996678,0.01634507,0.717823,-0.06882482,0.6928155,moving,-26.62268499625478,-13.620676529627142,-5.3620863773081435,-3.0817188828401076,1.3240748,-0.248299825,1.5969252,-0.43795575591705227,-0.21170726018348873,0.8737132353183018,-26.283776302948993,-13.006286774037347,22.950406930503387,23.72936328511,23.156298434154905
4423,05/05/2023 15:33:00.407143,4606,True,True,True,True,Eyes,0.09482391,0.006082283,-2.145137,0.3209671,-0.2507808,0.9132848,0.0,0.0,0.0,0.0,0.0,0.0,0.0,-1.579074,0.00617614,1.131857,0.2530403,0.009581633,-1.926264,0.02481208,0.3975068,-0.03353173,0.9166505,4.137267,46.80141,357.6011,0.03107824,0.002980682,-0.9995113,0.0,0.0,0.0,1.600213,-0.2347476,-0.3485363,-0.1946101,-0.1095433,2.084522,0.6817279,-0.04174782,-0.7304137,0.08119969,0.9965199,0.01882983,0.7270857,-0.07214619,0.6827455,moving,-26.580333354810858,-13.287990356073617,-5.3336497574559525,-3.0081720123572455,1.3471727000000002,-0.244329233,1.5777277,-0.4377939917848104,-0.20664863842212747,0.8750044433244282,-26.240677475938817,-12.68143811529372,22.859055269189295,23.602886032557915,23.036403476229328
4424,05/05/2023 15:33:00.427207,4607,True,True,True,True,Eyes,0.09482391,0.006082283,-2.145137,0.3209671,-0.2507808,0.9132848,0.0,0.0,0.0,0.0,0.0,0.0,0.0,-1.595301,0.007374931,1.101709,0.2590054,0.01017297,-1.921357,0.02522037,0.4039792,-0.03246865,0.9138439,4.147727,47.61608,357.761,0.03238634,0.002965902,-0.9994699,0.0,0.0,0.0,1.628122,-0.2392329,-0.3635891,-0.1935801,-0.1068675,2.084663,0.6714932,-0.03896555,-0.7399856,0.07971955,0.9966195,0.01986164,0.73671,-0.07232827,0.6723295,moving,-27.41378730192296,-13.354444258836883,-5.305225416458637,-2.9346236933053125,1.3691166000000001,-0.24940587,1.5577679,-0.45051845366567667,-0.20620633160191837,0.8686265518368965,-27.08154677445873,-12.761163932295586,23.666941349701297,24.440973165184737,23.890773636602606
4425,05/05/2023 15:33:00.437005,4608,True,True,True,True,Eyes,0.09482391,0.006082283,-2.145137,0.3209671,-0.2507808,0.9132848,0.0,0.0,0.0,0.0,0.0,0.0,0.0,-1.611384,0.007289741,1.070757,0.2651573,0.0106524,-1.916431,0.02495292,0.4105735,-0.0310116,0.9109584,4.067245,48.44918,357.9311,0.0335636,0.002952595,-0.9994311,0.0,0.0,0.0,1.657286,-0.2369866,-0.379261,-0.1925623,-0.1042252,2.084801,0.6609354,-0.03601053,-0.7495784,0.07699056,0.9968313,0.01999706,0.746483,-0.07092722,0.6616135,moving,-28.27276218599101,-13.509667756517668,-5.277142303899855,-2.861998126908533,1.3921287,-0.247639,1.53717,-0.46340918032530976,-0.20701169689389384,0.8616252687691006,-27.94826162450226,-12.927823837465052,24.52597228378321,25.341101047565527,24.805251429572174
4426,05/05/2023 15:33:00.457309,4609,True,True,True,True,Eyes,0.1027666,0.006191113,-2.13577,0.3350346,-0.2488665,0.9087449,0.0,0.0,0.0,0.0,0.0,0.0,0.0,-1.627289,0.005140193,1.038925,0.271489,0.01128199,-1.911446,0.02434194,0.4172972,-0.02997048,0.9079496,3.96894,49.2995,358.0407,0.03462261,0.00294062,-0.9993951,0.0,0.0,0.0,1.687152,-0.2314782,-0.3954875,-0.1915008,-0.1014687,2.084946,0.6499298,-0.03410772,-0.7592286,0.07473902,0.9970185,0.01918932,0.7563105,-0.0692157,0.6505411,moving,-28.28355410812946,-13.42129165310454,-5.2478519837309,-2.786232748241781,1.415663,-0.24276019,1.5159585,-0.46370790123873873,-0.2056461592658024,0.8617915355835241,-27.959049198593586,-12.841926153728112,24.564923928534732,25.37219049025766,24.83778268681663
4427,05/05/2023 15:33:00.477091,4610,True,True,True,True,Eyes,0.1106487,0.006283519,-2.126588,0.3490662,-0.2469176,0.9039825,0.0,0.0,0.0,0.0,0.0,0.0,0.0,-1.643358,0.0002474431,1.005473,0.2779909,0.01134104,-1.906356,0.02249667,0.4243558,-0.02863698,0.904763,3.727592,50.19427,358.1206,0.03596655,0.002936124,-0.9993477,0.0,0.0,0.0,1.717258,-0.2251126,-0.4122798,-0.1904989,-0.09886637,2.085082,0.6382042,-0.03272616,-0.7691712,0.07091255,0.9973476,0.01640378,0.7665944,-0.06501284,0.6388321,moving,-28.34053166853549,-13.49621535668145,-5.220209577817298,-2.714706773060805,1.4392671,-0.23645364,1.4940761999999999,-0.4644611626117102,-0.20668079609859868,0.861138055382456,-28.016612853830814,-12.915937981196581,24.69126257853683,25.510590367869522,24.97480971868421
4428,05/05/2023 15:33:00.486966,4611,True,True,True,True,Eyes,0.118246,0.006391792,-2.117283,0.3619306,-0.2437731,0.8997671,0.0,0.0,0.0,0.0,0.0,0.0,0.0,-1.659092,-0.003053207,0.9714434,0.2844872,0.01099638,-1.901379,0.02117653,0.431469,-0.0276171,0.9014563,3.555266,51.09869,358.1904,0.03756642,0.002937619,-0.9992889,0.0,0.0,0.0,1.748779,-0.2139355,-0.4300995,-0.1894584,-0.09616552,2.085224,0.6261437,-0.03151719,-0.7790704,0.06806525,0.9975777,0.0143476,0.7767311,-0.06201129,0.6267722,moving,-28.481178975093354,-13.444897645955765,-5.191501553552403,-2.6404727795127947,1.4642918,-0.22493188,1.4712794999999999,-0.46667840423068846,-0.20563822856011232,0.8601884117574108,-28.158441188023964,-12.868476250751284,24.854883878457773,25.673812944205338,25.141447276979246
4429,05/05/2023 15:33:00.506969,4612,True,True,True,True,Eyes,0.1258133,0.006496559,-2.108142,0.3748183,-0.2407202,0.8953016,0.0,0.0,0.0,0.0,0.0,0.0,0.0,-1.674534,-0.00512293,0.9362759,0.2912225,0.01091324,-1.896252,0.0206854,0.4386994,-0.02716123,0.8979852,3.496157,52.02081,358.2414,0.0393865,0.002945316,-0.9992189,0.0,0.0,0.0,1.780001,-0.2053817,-0.4489418,-0.188325,-0.09322245,2.085377,0.6136101,-0.03063142,-0.7890148,0.06693009,0.9976687,0.01331912,0.7867674,-0.06098158,0.6142298,moving,-28.621990933621795,-13.298211030066092,-5.160235968058563,-2.5595848139655355,1.4887785,-0.21629494,1.4473102,-0.46904012327431605,-0.20314775840364369,0.8594953628030108,-28.30032836204167,-12.728113652769208,24.99499465928654,25.802558769882747,25.275736482794265
4430,05/05/2023 15:33:00.526792,4613,True,True,True,True,Eyes,0.1332569,0.006592414,-2.099013,0.3876709,-0.2377726,0.890604,0.0,0.0,0.0,0.0,0.0,0.0,0.0,-1.689594,-0.007715302,0.8998399,0.2980296,0.010923,-1.890914,0.02015116,0.4461272,-0.02685025,0.8943398,3.439883,52.97137,358.2751,0.04140576,0.002958454,-0.9991372,0.0,0.0,0.0,1.810948,-0.2011662,-0.4686134,-0.1874132,-0.09085472,2.085502,0.6004993,-0.03004653,-0.7990607,0.06600645,0.9977461,0.01208672,0.7968964,-0.06000123,0.601129,moving,-28.784854085597072,-13.168880572537338,-5.135079768788951,-2.4945085238654867,1.5129184,-0.21208919999999998,1.4223006,-0.47170626402263854,-0.20088340519156336,0.8585680397231296,-28.464480465087274,-12.605055183559918,25.14890293237227,25.94713941592452,25.426051415945473
4431,05/05/2023 15:33:00.546978,4614,True,True,True,True,Eyes,0.1406703,0.006667493,-2.090041,0.4004922,-0.2350733,0.8856335,0.0,0.0,0.0,0.0,0.0,0.0,0.0,-1.704034,-0.009487558,0.8628753,0.3049047,0.01057033,-1.88555,0.02005362,0.4535655,-0.0269553,0.8905896,3.449631,53.92673,358.288,0.04360182,0.002976112,-0.9990437,0.0,0.0,0.0,1.842333,-0.1965808,-0.489314,-0.186376,-0.0881613,2.085643,0.5871035,-0.02982097,-0.8089624,0.06620347,0.9977425,0.01126709,0.8068002,-0.06017106,0.5877525,moving,-28.939676468925718,-13.000795420717791,-5.106467988050882,-2.4204837982533647,1.5374283,-0.20715113,1.396236,-0.474303635295788,-0.1980501364699767,0.8577950570768078,-28.620477392987652,-12.444099131072248,25.291747656427283,26.076135076373955,25.561328264309285
4432,05/05/2023 15:33:00.557313,4615,True,True,True,True,Eyes,0.1482098,0.006712907,-2.081441,0.414984,-0.2314569,0.8798954,0.0,0.0,0.0,0.0,0.0,0.0,0.0,-1.717325,-0.008699674,0.8265246,0.3115046,0.01017806,-1.880236,0.02139306,0.4607837,-0.0278953,0.886816,3.64939,54.85773,358.2911,0.04595762,0.002996863,-0.9989381,0.0,0.0,0.0,1.873228,-0.1947301,-0.510643,-0.1853579,-0.08551736,2.085781,0.5738006,-0.02976086,-0.8184543,0.06919115,0.9975284,0.01223602,0.8160672,-0.06365082,0.5744416,moving,-28.953404144661153,-12.563948768282751,-5.078385348349478,-2.347821288519544,1.5617234,-0.20490815999999998,1.369593,-0.4751477178661026,-0.19140519574488646,0.8588356239719371,-28.633834649072373,-12.018790894616176,25.23235082230757,25.96893881557367,25.463441340105064
4433,05/05/2023 15:33:00.577293,4616,True,True,True,True,Eyes,0.1557313,0.006734461,-2.072988,0.4293567,-0.2280702,0.8738632,0.0,0.0,0.0,0.0,0.0,0.0,0.0,-1.730037,-0.008006638,0.7895842,0.3183622,0.009702323,-1.874856,0.02253001,0.4680079,-0.02857482,0.8829749,3.814897,55.79416,358.313,0.04846575,0.003018958,-0.9988195,0.0,0.0,0.0,1.902255,-0.1997514,-0.532144,-0.1843306,-0.08284948,2.085921,0.5603042,-0.02937325,-0.827766,0.07155013,0.9973518,0.01304038,0.8251909,-0.06653334,0.560922,moving,-28.97836798795631,-12.167422563571465,-5.05004841497927,-2.27450211389752,1.5838928,-0.209453723,1.3427120000000001,-0.4760845946799467,-0.18535017805881512,0.8596446094050529,-28.6585723835727,-11.632962992579492,25.198164421818316,25.892747104355173,25.39573180661411
4434,05/05/2023 15:33:00.597056,4617,True,True,True,True,Eyes,0.1632385,0.006733383,-2.064658,0.4439193,-0.2250524,0.8673449,0.0,0.0,0.0,0.0,0.0,0.0,0.0,-1.742262,-0.007043147,0.7525707,0.3254577,0.009167713,-1.869728,0.02356249,0.4751541,-0.02897886,0.8791097,3.954649,56.72533,358.3595,0.05111201,0.00304111,-0.9986875,0.0,0.0,0.0,1.931338,-0.2036165,-0.554069,-0.1832799,-0.08012164,2.086065,0.5467776,-0.02855956,-0.8367907,0.07334282,0.99721,0.01388917,0.8340595,-0.06896687,0.5473467,moving,-28.98178076405292,-11.803102919704765,-5.021065448958358,-2.1995366802103358,1.6058803,-0.212784213,1.3156590000000001,-0.47663345612649455,-0.17981952844428306,0.8605147232356042,-28.66160546379389,-11.278121588458148,25.15702171238927,25.813646835101864,25.323819540687477
4435,05/05/2023 15:33:00.607063,4618,True,True,True,True,Eyes,0.3506879,0.005965874,-1.859417,0.7667307,-0.1341058,0.6278055,0.0,0.0,0.0,0.0,0.0,0.0,0.0,-1.752851,-0.006922869,0.7160796,0.332498,0.008620141,-1.864048,0.02417948,0.4820413,-0.02920397,0.8753279,4.041842,57.62659,358.4021,0.05388453,0.003062216,-0.9985417,0.0,0.0,0.0,1.960171,-0.2066618,-0.5764433,-0.18222,-0.07737027,2.086208,0.5335666,-0.02781508,-0.8453006,0.0744371,0.9971249,0.01417489,0.842476,-0.07048497,0.534103,moving,-6.783815951589389,-3.911950807040556,-4.991835532566723,-2.123929737386736,1.6276730000000001,-0.215281941,1.2876047,-0.1178520977888523,-0.06774795184391441,0.9907175055554945,-6.259257769937029,-3.191709805544887,2.516082670519787,2.5314448774734637,1.6572608128283781
4436,05/05/2023 15:33:00.627144,4619,True,True,True,True,Eyes,0.3509698,0.005930616,-1.859165,0.7672859,-0.1340652,0.6271355,0.0,0.0,0.0,0.0,0.0,0.0,0.0,-1.762788,-0.007986294,0.6799104,0.3397875,0.007873259,-1.858561,0.02405996,0.4887743,-0.02909481,0.8715932,4.035961,58.51085,358.4376,0.07795399,0.003065662,-0.9969514,0.5623482,-0.002302527,0.6157233,1.987933,-0.2079584,-0.5975977,-0.1812222,-0.07477832,2.086345,0.5205066,-0.02719788,-0.8534244,0.07423744,0.9971492,0.01349941,0.8506244,-0.07038257,0.5210419,moving,-7.613972614335861,-3.94851228779567,-4.964313859719394,-2.0527040758713326,1.6481455,-0.21583165899999998,1.2609632999999998,-0.1321891121946387,-0.06825572693604245,0.9888717105407181,-7.096767123109712,-3.2422565524894242,3.2393670696195405,3.2580331938633527,2.441800977797382
4437,05/05/2023 15:33:00.647080,4620,True,True,True,True,Eyes,0.3515387,0.005870622,-1.858687,0.7681867,-0.1339428,0.626058,0.0,0.0,0.0,0.0,0.0,0.0,0.0,-1.771145,-0.01035894,0.6444321,0.3470525,0.006931562,-1.852528,0.02318413,0.495232,-0.02873421,0.867976,3.93971,59.36149,358.4539,0.09692597,0.003067508,-0.995286,0.5286074,-0.002164375,0.5787799,2.01549,-0.205876,-0.6186371,-0.180153,-0.0720018,2.08649,0.5078392,-0.02691817,-0.8610313,0.07284426,0.9972736,0.01178633,0.8583666,-0.06870673,0.5084155,moving,-8.37749032181576,-4.071110051563776,-4.934828513961305,-1.9764115142461283,1.6684374999999998,-0.212807562,1.2338909,-0.14533451620715454,-0.07024072568340861,0.9868861220764182,-7.867147367083621,-3.3754172376338474,4.007060912366378,4.029848915964518,3.248955350639367
4438,05/05/2023 15:33:00.657381,4621,True,True,True,True,Eyes,0.3523469,0.005796975,-1.857895,0.7694588,-0.1337024,0.6245454,0.0,0.0,0.0,0.0,0.0,0.0,0.0,-1.778564,-0.01275051,0.6097314,0.3545133,0.006255058,-1.846484,0.02213671,0.5014133,-0.02812258,0.8644674,3.811548,60.17918,358.4825,0.1119288,0.003066808,-0.9937107,0.4968909,-0.002034513,0.5440531,2.042107,-0.200823,-0.6382184,-0.1791513,-0.06940088,2.086626,0.4955875,-0.02642283,-0.8681561,0.0708214,0.9974382,0.01007084,0.8656659,-0.06647501,0.4961892,moving,-9.076418938063275,-4.21454387681907,-4.907205596914836,-1.904947146305834,1.6875937,-0.207078058,1.2082656,-0.15733566760401752,-0.07257603520964956,0.9848747839889123,-8.572393088676057,-3.527713788367964,4.738895113699122,4.76619103075061,4.0083626238593375
4439,05/05/2023 15:33:00.677274,4622,True,True,True,True,Eyes,0.3534348,0.005682801,-1.856882,0.7710267,-0.1333282,0.6226888,0.0,0.0,0.0,0.0,0.0,0.0,0.0,-1.784538,-0.01487454,0.5762028,0.3621067,0.005680542,-1.840014,0.02057132,0.5071981,-0.02684297,0.8611657,3.592509,60.94769,358.5437,0.1238298,0.003063207,-0.9922979,0.4670775,-0.001912442,0.5114099,2.067975,-0.1942501,-0.6571072,-0.1780973,-0.06666373,2.08677,0.4840591,-0.02536503,-0.8746675,0.06709995,0.9977126,0.00820121,0.8724588,-0.06266002,0.4846538,moving,-9.70242631505913,-4.432206571993425,-4.878139780006769,-1.8297425379558812,1.7058683000000001,-0.19993064200000002,1.1829068,-0.16804136990096696,-0.07618054859745951,0.982831900525602,-9.204158806227133,-3.75100907349246,5.448279890206636,5.4814742196553725,4.733466564347244
4440,05/05/2023 15:33:00.686867,4623,True,True,True,True,Eyes,0.3547817,0.005526664,-1.85566,0.7728614,-0.1328219,0.6205188,0.0,0.0,0.0,0.0,0.0,0.0,0.0,-1.790004,-0.0150096,0.5427515,0.3698849,0.004551788,-1.833599,0.019146,0.5128793,-0.02521848,0.8578767,3.366223,61.7061,358.6437,0.1333038,0.003054836,-0.9910697,0.4390528,-0.001797696,0.4807253,2.092824,-0.1845022,-0.6742154,-0.1770932,-0.06405565,2.086905,0.4726379,-0.02362952,-0.8809398,0.06290786,0.9979949,0.006981746,0.8790086,-0.05871787,0.4731767,moving,-10.299005908035369,-4.640261549705234,-4.8504564777293515,-1.7580898398847604,1.7229390999999998,-0.189053988,1.1593836,-0.17821777686127638,-0.07960422495125573,0.9807658095914356,-9.806226749915734,-3.9644157232116664,6.1244740077123945,6.163895250519553,5.4247150057974975
4441,05/05/2023 15:33:00.707223,4624,True,True,True,True,Eyes,0.3563826,0.005358952,-1.854224,0.7749158,-0.1324167,0.6180384,0.0,0.0,0.0,0.0,0.0,0.0,0.0,-1.794493,-0.01228897,0.5103545,0.3773794,0.003380266,-1.827126,0.01986836,0.5182834,-0.02488886,0.8546159,3.425956,62.43192,358.7402,0.1408786,0.003039921,-0.9900213,0.4127097,-0.001689834,0.4518818,2.117345,-0.1750794,-0.6913894,-0.1760573,-0.06136747,2.087047,0.4615258,-0.02194595,-0.8868555,0.06313571,0.9979716,0.00816066,0.8848774,-0.05975858,0.4619752,moving,-10.844067074998152,-4.565123928806835,-4.821891550654852,-1.6842381720043567,1.7399656,-0.178459666,1.1357366,-0.18756093246601296,-0.07817964913935883,0.9791368558460134,-10.35600401185337,-3.901023125235806,6.63522086687427,6.675784657232953,5.961588400926893
4442,05/05/2023 15:33:00.727144,4625,True,True,True,True,Eyes,0.358221,0.005169177,-1.852561,0.7770876,-0.1320166,0.6153914,0.0,0.0,0.0,0.0,0.0,0.0,0.0,-1.798222,-0.01220185,0.4780318,0.3850724,0.00295061,-1.820433,0.02063557,0.5235922,-0.02533149,0.8513424,3.53525,63.14652,358.7644,0.1469708,0.003018497,-0.9891354,0.3879471,-0.001588444,0.4247689,2.13979,-0.1761069,-0.7081445,-0.1750381,-0.05872039,2.087185,0.4504192,-0.0215223,-0.8925577,0.06474078,0.997865,0.00860913,0.8904668,-0.06166261,0.4508509,moving,-11.360855555938185,-4.452918273767202,-4.793792485410766,-1.6115213938538493,1.7547176000000002,-0.17905751,1.1122885,-0.19641594308949178,-0.07612750216019859,0.9775609836007134,-10.877217886523368,-3.8010121382894484,7.114706554040042,7.155407298083482,6.465441541833874
4443,05/05/2023 15:33:00.747001,4626,True,True,True,True,Eyes,0.3602916,0.004959153,-1.850685,0.7794382,-0.1316561,0.612489,0.0,0.0,0.0,0.0,0.0,0.0,0.0,-1.801055,-0.01250698,0.4462758,0.3927454,0.002205517,-1.813522,0.02039335,0.5287428,-0.02498963,0.8481691,3.498373,63.84175,358.8045,0.1519101,0.002990016,-0.988389,0.3646702,-0.001493137,0.3992827,2.161748,-0.1779854,-0.7245159,-0.174026,-0.05609144,2.087323,0.4396132,-0.02082518,-0.8979459,0.06395654,0.9979192,0.008167853,0.8959073,-0.06102019,0.4400304,moving,-11.840653065563613,-4.484132555927209,-4.765888370057078,-1.5393063373845044,1.7690025999999999,-0.18019091699999998,1.0890061000000002,-0.20458878185348056,-0.07652928170396547,0.9758517873063685,-11.361276299239622,-3.8400487190989736,7.61969514729277,7.66317799311762,6.98516695887965
4444,05/05/2023 15:33:00.757242,4627,True,True,True,True,Eyes,0.3625771,0.004737118,-1.848582,0.781822,-0.1315984,0.6094557,0.0,0.0,0.0,0.0,0.0,0.0,0.0,-1.802859,-0.01106323,0.4160624,0.4003803,0.001507702,-1.806439,0.02076109,0.5334875,-0.02460825,0.8451951,3.517347,64.486,358.8837,0.1559592,0.002954076,-0.9877582,0.34279,-0.001403549,0.3753258,2.183479,-0.1747798,-0.7401008,-0.1729583,-0.05332045,2.087469,0.4295711,-0.01944598,-0.9028237,0.0637491,0.9979268,0.008837953,0.9007801,-0.06135073,0.4299201,moving,-12.265365250964093,-4.46589808746094,-4.73645193137054,-1.4631942254820856,1.7830987,-0.176287502,1.0663382,-0.2118237206669203,-0.07609878949438018,0.9743406562539423,-11.789708610610099,-3.8299239856187253,8.060498994371322,8.105600918913781,7.439747276672366
4445,05/05/2023 15:33:00.777303,4628,True,True,True,True,Eyes,0.3650875,0.004479233,-1.846276,0.7843345,-0.1314432,0.6062525,0.0,0.0,0.0,0.0,0.0,0.0,0.0,-1.803632,-0.009573238,0.3882933,0.4080372,0.0009767972,-1.799294,0.02118148,0.5376381,-0.02422575,0.8425614,3.539852,65.05185,358.9639,0.1596206,0.002910308,-0.9871734,0.3222226,-0.001319336,0.3528062,2.203767,-0.1737834,-0.754155,-0.1719358,-0.05066342,2.087607,0.4207167,-0.01804742,-0.9070125,0.0635993,0.9979289,0.009644018,0.90496,-0.06174276,0.4209931,moving,-12.600125372218296,-4.432919622835969,-4.708267249568216,-1.3902187805339639,1.7957298000000002,-0.1747601972,1.0451389999999998,-0.2175237205384109,-0.07544112720884291,0.9731351826962822,-12.12738002615562,-3.8038185752878393,8.412046014836081,8.458099848298279,7.801839421633748
4446,05/05/2023 15:33:00.797226,4629,True,True,True,True,Eyes,0.3677844,0.004223922,-1.843763,0.7869591,-0.1312617,0.6028811,0.0,0.0,0.0,0.0,0.0,0.0,0.0,-1.803761,-0.009314466,0.361639,0.4159286,-0.0001688907,-1.792045,0.02018366,0.5414882,-0.0231729,0.8401467,3.382999,65.57593,359.0197,0.1630666,0.002857425,-0.9866102,0.3028893,-0.001240176,0.3316378,2.222408,-0.17274,-0.7658128,-0.1709087,-0.04799736,2.087747,0.4125072,-0.01707884,-0.9107943,0.06079569,0.9981112,0.008818765,0.9089234,-0.05901017,0.4127664,moving,-12.879952388645528,-4.579953236524364,-4.6799541455886375,-1.3169995238872116,1.8064794000000002,-0.1725711093,1.0262322000000001,-0.22223245347974246,-0.07785340320367624,0.9718803753172971,-12.409836977187565,-3.9520843596748705,8.774427991788091,8.825352010936937,8.16668602812952
4447,05/05/2023 15:33:00.807205,4630,True,True,True,True,Eyes,0.3707017,0.004019599,-1.841056,0.7896676,-0.1311145,0.5993615,0.0,0.0,0.0,0.0,0.0,0.0,0.0,-1.803294,-0.00827112,0.337433,0.4233598,-0.0003552223,-1.785095,0.02226443,0.5448349,-0.02446937,0.8378906,3.667936,66.03675,359.0386,0.1663304,0.002796482,-0.9860654,0.2847159,-0.001165765,0.3117396,2.240841,-0.1656573,-0.7759284,-0.1698576,-0.04526807,2.08789,0.4051124,-0.01674444,-0.9141136,0.0652662,0.9978111,0.01064678,0.9119344,-0.06397385,0.4053186,moving,-13.084468882217537,-4.292042263390506,-4.650981617762171,-1.2420496599161268,1.8174812,-0.1653020777,1.0091666000000001,-0.22578481460577293,-0.07290764943389219,0.9714452277044349,-12.61583092485017,-3.6752934642509683,8.922460890474254,8.968063465485693,8.328235100905477
4448,05/05/2023 15:33:00.826977,4631,True,True,True,True,Eyes,0.3738162,0.00378115,-1.838147,0.7925836,-0.1303928,0.5956584,0.0,0.0,0.0,0.0,0.0,0.0,0.0,-1.802541,-0.01381686,0.3113238,0.431553,0.0006759046,-1.777647,0.02204178,0.5484964,-0.02552424,0.8354727,3.717122,66.5362,358.9395,0.1694444,0.002730984,-0.9855352,0.2676329,-0.001095819,0.2930352,2.256318,-0.1736592,-0.784887,-0.1688475,-0.04264541,2.088027,0.3970005,-0.01846993,-0.9176327,0.06682928,0.9977253,0.00883071,0.9153822,-0.06483052,0.3973319,moving,-13.304495200694316,-4.234560677524781,-4.623141637855583,-1.170033890419962,1.8247649999999997,-0.1743351046,0.99276,-0.22953100864053333,-0.07186833850635986,0.9706443389646666,-12.837730465653651,-3.623254806346748,9.160837348434764,9.206368671300089,8.573083603472293
4449,05/05/2023 15:33:00.836967,4632,True,True,True,True,Eyes,0.3770951,0.003568883,-1.835079,0.7955567,-0.1299862,0.5917711,0.0,0.0,0.0,0.0,0.0,0.0,0.0,-1.801943,-0.02001762,0.2828959,0.4395833,-0.0005066432,-1.770366,0.01734094,0.552797,-0.02350995,0.8328038,3.145724,67.11918,358.8531,0.172436,0.002659567,-0.9850164,0.251575,-0.00103007,0.2754531,2.273737,-0.1714558,-0.7943181,-0.1678079,-0.03994489,2.088169,0.3877256,-0.01998631,-0.9215581,0.05833039,0.9982931,0.00289074,0.9199275,-0.05487565,0.3882296,moving,-13.596382354498132,-4.817734605934827,-4.5944879325603765,-1.0958856831085209,1.8341537,-0.1709491568,0.9760479000000001,-0.23429584108582718,-0.08164854801519109,0.9687305525054095,-13.132844304351734,-4.196604538472705,9.67968786835113,9.74095799128902,9.083941157433873
4450,05/05/2023 15:33:00.857315,4633,True,True,True,True,Eyes,0.3805828,0.003473749,-1.831819,0.7987026,-0.1293009,0.5876694,0.0,0.0,0.0,0.0,0.0,0.0,0.0,-1.800866,-0.0202623,0.2562922,0.4468014,-2.492499e-05,-1.763401,0.02020138,0.5567433,-0.0256443,0.830043,3.559819,67.66689,358.8473,0.175328,0.002584205,-0.984506,0.2364805,-0.0009682658,0.2589259,2.293821,-0.1490439,-0.8060127,-0.1668036,-0.03733764,2.088306,0.3787585,-0.02007777,-0.9252778,0.0650657,0.9978685,0.004981436,0.9232056,-0.06209061,0.3792576,moving,-13.845477184872353,-4.377949551923061,-4.566809076219329,-1.0243045201664367,1.8470195999999999,-0.14901897501,0.9573883,-0.23864576440936047,-0.07412971969267919,0.9682731399102669,-13.383638396397956,-3.772666910779442,9.814388964199377,9.866134849552816,9.23525717515747
4451,05/05/2023 15:33:00.877276,4634,True,True,True,True,Eyes,0.3842645,0.003457577,-1.828397,0.8020329,-0.1281088,0.5833791,0.0,0.0,0.0,0.0,0.0,0.0,0.0,-1.799525,-0.02871185,0.2274361,0.4554771,0.002632,-1.755955,0.01857133,0.5609755,-0.0259015,0.8272187,3.42749,68.24823,358.7362,0.1781437,0.002511541,-0.9840005,0.2222916,-0.0009101699,0.2433903,2.309859,-0.1608201,-0.8181753,-0.1657194,-0.03452275,2.088453,0.3692712,-0.02201628,-0.9290609,0.06368853,0.9979684,0.001664895,0.9271368,-0.05978532,0.3699232,moving,-14.105470198641282,-4.481617206924006,-4.536931773123002,-0.9470300445717486,1.8543819,-0.1634521,0.9377796999999999,-0.24300650346825647,-0.07579698251651668,0.9670586685150925,-13.646037883534934,-3.8783309381766795,10.144676724866626,10.200501654766066,9.569134707986564
4452,05/05/2023 15:33:00.886806,4635,True,True,True,True,Eyes,0.3881119,0.00353875,-1.824824,0.8055194,-0.1270884,0.5787807,0.0,0.0,0.0,0.0,0.0,0.0,0.0,-1.797886,-0.03994927,0.1964073,0.4637714,0.004393189,-1.74856,0.01214225,0.5658163,-0.02339806,0.8241099,2.664705,68.91221,358.576,0.1809031,0.002445529,-0.9834972,0.2089541,-0.0008555597,0.2287869,2.328997,-0.1505806,-0.8303178,-0.1647626,-0.03203845,2.088584,0.3586088,-0.02482458,-0.9331579,0.05230572,0.9986101,-0.006464908,0.9320214,-0.04649112,0.3594089,moving,-14.421300782912777,-5.242804829822593,-4.510563932940418,-0.8788365726323744,1.8652256000000003,-0.154973789,0.9182421999999999,-0.2480722902297372,-0.0885202761143288,0.9646887391382913,-13.965506247131625,-4.625523723089751,10.750473339217054,10.82898535686349,10.170231008590012
4453,05/05/2023 15:33:00.907044,4636,True,True,True,True,Eyes,0.4891517,0.007712207,-1.731863,0.887525,-0.09460516,0.4509426,0.0,0.0,0.0,0.0,0.0,0.0,0.0,-1.795957,-0.04751215,0.1655092,0.4716191,0.00682906,-1.741448,0.01352905,0.5706689,-0.02610102,0.8206538,2.980463,69.5873,358.4279,0.1836224,0.002390735,-0.9829933,0.1964169,-0.0008042261,0.2150597,2.350271,-0.117906,-0.8448992,-0.1637073,-0.02929658,2.088727,0.3473114,-0.0273986,-0.9373495,0.05828104,0.9982714,-0.007584749,0.935937,-0.05199543,0.3483079,moving,-6.428913040910378,-2.6610496025413113,-4.481486385801439,-0.803580518724542,1.8786519000000002,-0.12473506,0.8965488000000001,-0.11185117039826198,-0.04613604842799445,0.9926533992962369,-5.899822166580204,-1.9667587450731303,2.680701128071087,2.6912194214452114,1.8343009494869584
4454,05/05/2023 15:33:00.927043,4637,True,True,True,True,Eyes,0.4894422,0.007725545,-1.731573,0.8878059,-0.09430778,0.4504517,0.0,0.0,0.0,0.0,0.0,0.0,0.0,-1.793776,-0.05566436,0.1310552,0.4802805,0.008996807,-1.734115,0.01014462,0.5761475,-0.02508472,0.8168977,2.606667,70.35142,358.3196,0.1972451,0.002688468,-0.98035,0.4877512,0.0117644,0.4810408,2.368606,-0.1239454,-0.8611758,-0.1626943,-0.02666667,2.088865,0.3348496,-0.0292937,-0.9418162,0.05267289,0.9985357,-0.01233076,0.9407983,-0.04547923,0.3359022,moving,-7.144557487129392,-3.059561259605344,-4.453574380202536,-0.731404208066453,1.8883255,-0.132942207,0.8729392,-0.12419860515843695,-0.05296078843214123,0.9908430091803511,-6.622217830557516,-2.367840559708825,3.543056062463832,3.558329009295792,2.7167882412407764
4455,05/05/2023 15:33:00.947225,4638,True,True,True,True,Eyes,0.4900201,0.007766813,-1.731035,0.8882556,-0.09437311,0.4495506,0.0,0.0,0.0,0.0,0.0,0.0,0.0,-1.791475,-0.05486079,0.09901392,0.4877366,0.009120945,-1.727491,0.008271433,0.5813298,-0.0229501,0.8133023,2.300328,71.0807,358.4106,0.2080988,0.002925147,-0.9781029,0.4584862,0.01105854,0.4521783,2.390212,-0.105248,-0.8798543,-0.1616706,-0.02400959,2.089004,0.323058,-0.02771388,-0.9459733,0.0469476,0.9988098,-0.0132288,0.945214,-0.0401375,0.3239747,moving,-7.811949171913127,-3.3854276777827685,-4.425370109407695,-0.6584896950514574,1.9024754,-0.114368945,0.8476367000000001,-0.13568936517231672,-0.05850633439667901,0.9890224677920061,-7.295854044173803,-2.697287033066541,4.327764746561555,4.348000518429463,3.5208482792144995
4456,05/05/2023 15:33:00.958872,4639,True,True,True,True,Eyes,0.4908823,0.007841625,-1.730236,0.8890384,-0.09437316,0.4480005,0.0,0.0,0.0,0.0,0.0,0.0,0.0,-1.788746,-0.04903044,0.069188,0.4951905,0.009908518,-1.720899,0.01269486,0.5860052,-0.02382207,0.8098576,2.778891,71.74529,358.64,0.2167746,0.003115069,-0.9762162,0.430977,0.01039502,0.4250476,2.40953,-0.0915768,-0.898422,-0.1606358,-0.02132191,2.089145,0.312061,-0.02370644,-0.9497662,0.05346347,0.9985427,-0.007357644,0.9485565,-0.04848177,0.3128736,moving,-8.395599004148304,-2.8970226318248504,-4.3968606166485005,-0.5847430597477694,1.9143395,-0.101485318,0.8224769999999999,-0.14582441285681552,-0.05000078304065049,0.9880461428058318,-7.884095033618022,-2.2320030777335425,4.602762329132075,4.619149868873005,3.856717444375625
4457,05/05/2023 15:33:00.977066,4640,True,True,True,True,Eyes,0.4920105,0.007895335,-1.729228,0.8899964,-0.09428459,0.4461129,0.0,0.0,0.0,0.0,0.0,0.0,0.0,-1.786045,-0.04323199,0.03945899,0.5031261,0.01081433,-1.714681,0.01293369,0.5905753,-0.02133326,0.8065969,2.640112,72.39649,358.9023,0.223741,0.003270013,-0.9746426,0.4051184,0.009771324,0.3995448,2.4262,-0.1061834,-0.9155045,-0.1595914,-0.01861008,2.089287,0.3015316,-0.01913805,-0.9532641,0.04969131,0.9987552,-0.004333245,0.9521604,-0.04606234,0.3021073,moving,-8.934552978750048,-3.0100244834449033,-4.368088968625835,-0.5103419691465078,1.9230739000000001,-0.11699773,0.7991764999999998,-0.15509704381233824,-0.051875254004382254,0.9865362438823484,-8.427922916605805,-2.351777123484355,5.18699295140247,5.205862678562397,4.457929464762972
4458,05/05/2023 15:33:00.997415,4641,True,True,True,True,Eyes,0.4933948,0.007953443,-1.728056,0.8911079,-0.09446692,0.44385,0.0,0.0,0.0,0.0,0.0,0.0,0.0,-1.782836,-0.03779254,0.01070142,0.5105927,0.0103401,-1.708577,0.01277544,0.5950252,-0.01919361,0.8033764,2.485602,73.03195,359.1032,0.2293695,0.003396435,-0.973333,0.3808113,0.009185044,0.3755721,2.444007,-0.09824188,-0.9322547,-0.1585348,-0.015866,2.08943,0.2911533,-0.01563596,-0.9565487,0.0460428,0.9989368,-0.002314391,0.9555679,-0.04336833,0.2915636,moving,-9.432192823964984,-3.159024340523151,-4.3389843255098945,-0.43506476222681517,1.9334143,-0.10858198000000001,0.7763223,-0.16363791730580102,-0.05436462618204941,0.9850214364959792,-8.930113285072984,-2.5058756741972386,5.753899763767387,5.77587470370744,5.036538787349367
4459,05/05/2023 15:33:01.007287,4642,True,True,True,True,Eyes,0.4950483,0.008047301,-1.726694,0.8923751,-0.09457573,0.4412733,0.0,0.0,0.0,0.0,0.0,0.0,0.0,-1.779526,-0.03760595,-0.01693869,0.5179998,0.01057067,-1.702932,0.01542097,0.599277,-0.02073154,0.8001247,2.83875,73.64403,359.1571,0.2339564,0.003500755,-0.9722403,0.3579626,0.008633941,0.3530377,2.460846,-0.09103335,-0.9486295,-0.1575195,-0.01322939,2.089568,0.2808747,-0.01469278,-0.9596321,0.0516585,0.9986648,-0.0001704739,0.9583532,-0.04952526,0.2812587,moving,-9.882386244944634,-2.8174251521035925,-4.311017741943912,-0.3627439189087511,1.9428462,-0.10160402,0.7543024999999999,-0.17142489704001967,-0.048425920711470394,0.9840063251707268,-9.383887565553351,-2.1812027652798913,6.069556207440071,6.088153000116493,5.388951736955224
4460,05/05/2023 15:33:01.027196,4643,True,True,True,True,Eyes,0.496944,0.008137065,-1.725139,0.8938788,-0.09432305,0.4382739,0.0,0.0,0.0,0.0,0.0,0.0,0.0,-1.775518,-0.04315716,-0.04658687,0.5260796,0.01150799,-1.696939,0.01414254,0.6038526,-0.02109614,0.7966914,2.751966,74.29786,359.0515,0.2381411,0.003598997,-0.9712234,0.3364848,0.008115905,0.3318555,2.476176,-0.1011847,-0.9650022,-0.1564972,-0.01057553,2.089708,0.2698341,-0.0165342,-0.962765,0.05069424,0.9987099,-0.002943426,0.9615715,-0.04801239,0.2703241,moving,-10.336102623526507,-2.923493269892932,-4.282857854223851,-0.2899582440530424,1.9500964,-0.11269269,0.7319367999999999,-0.179196139513227,-0.050176891913547024,0.9825330434002739,-9.841719327595474,-2.2926893077360577,6.580276720614435,6.601308883048534,5.9086269634811295
4461,05/05/2023 15:33:01.047189,4644,True,True,True,True,Eyes,0.4990684,0.008202111,-1.723441,0.895501,-0.09416995,0.4349827,0.0,0.0,0.0,0.0,0.0,0.0,0.0,-1.771229,-0.0479245,-0.07620347,0.5338826,0.01142072,-1.691211,0.01159714,0.6084836,-0.02068651,0.7932122,2.497327,74.9612,358.9272,0.2420253,0.003692621,-0.9702625,0.3162957,0.007628951,0.3119442,2.493271,-0.09412866,-0.982309,-0.1554589,-0.00787854,2.089849,0.2586395,-0.01870424,-0.965793,0.04693092,0.9988751,-0.006776817,0.9648333,-0.04357279,0.2592264,moving,-10.778487659851884,-3.2084970724662143,-4.2542613928404,-0.2159988363970303,1.9593884,-0.10554938,0.708902,-0.18672957021833209,-0.05498514510514269,0.980871383621286,-10.28832119772774,-2.57828264793707,7.151436289856278,7.177783367867812,6.479989393141101
4462,05/05/2023 15:33:01.057255,4645,True,True,True,True,Eyes,0.5014147,0.008268524,-1.721579,0.8972424,-0.09408793,0.431397,0.0,0.0,0.0,0.0,0.0,0.0,0.0,-1.766991,-0.05038018,-0.1049298,0.5414611,0.01091272,-1.685973,0.01211843,0.6129779,-0.0218014,0.7897063,2.628939,75.61217,358.8771,0.2456535,0.00378074,-0.96935,0.297318,0.007171214,0.2932275,2.510184,-0.08197668,-1.000242,-0.1544368,-0.005225276,2.089989,0.2475656,-0.01957674,-0.9686734,0.04929006,0.9987557,-0.007587546,0.9676166,-0.04586755,0.2482225,moving,-11.19726681586773,-3.0980500046761437,-4.226110382960074,-0.14324747058453433,1.9687229000000002,-0.0928894,0.6857309999999999,-0.19391441657944586,-0.053018969731921786,0.979584617289218,-10.71066451242631,-2.4782221028955442,7.545718995576813,7.5715176832352435,6.892136736275156
4463,05/05/2023 15:33:01.082413,4646,True,True,True,True,Eyes,0.5039761,0.008321242,-1.719609,0.8990899,-0.09409332,0.4275321,0.0,0.0,0.0,0.0,0.0,0.0,0.0,-1.76243,-0.05174265,-0.1331122,0.5492432,0.01098968,-1.680704,0.01299069,0.6173047,-0.0225586,0.7862936,2.767318,76.24269,358.885,0.2490656,0.003864015,-0.9684786,0.2794789,0.006740941,0.2756338,2.525798,-0.08451132,-1.018531,-0.1534112,-0.002561455,2.090128,0.2368521,-0.01943692,-0.9713514,0.05151379,0.9986447,-0.007422057,0.9701791,-0.04828005,0.2375324,moving,-11.581573894880922,-2.9736633201679528,-4.1978676718505,-0.07021602860770898,1.9765548,-0.095501,0.6621729999999999,-0.20050341753841888,-0.0508234517427936,0.9783737803055663,-11.098216460756039,-2.36396227205936,7.909152041881112,7.934048384203785,7.271594408236662
4464,05/05/2023 15:33:01.096979,4647,True,True,True,True,Eyes,0.5067449,0.008354793,-1.717552,0.9010048,-0.09424195,0.4234487,0.0,0.0,0.0,0.0,0.0,0.0,0.0,-1.757999,-0.05203648,-0.1618912,0.5569281,0.010733,-1.676065,0.01382886,0.6218116,-0.02301057,0.7827068,2.88115,76.90273,358.9201,0.2522962,0.003942183,-0.9676417,0.2627102,0.006336485,0.2590958,2.541087,-0.08687681,-1.036174,-0.1523902,8.984003e-05,2.090267,0.2256418,-0.01882317,-0.9740286,0.05321895,0.9985585,-0.006968595,0.9727557,-0.05026436,0.2263184,moving,-11.98309930346051,-2.8773214137556,-4.1697520963888035,0.0024625823146799328,1.9841589000000002,-0.09760980999999999,0.639891,-0.2073726677936989,-0.04910643183563039,0.977028725933393,-11.503169930582708,-2.2773319937634144,8.302756004394881,8.327157404677646,7.679614602308393
4465,05/05/2023 15:33:01.107170,4648,True,True,True,True,Eyes,0.5097017,0.008403181,-1.715418,0.9029984,-0.09474942,0.419066,0.0,0.0,0.0,0.0,0.0,0.0,0.0,-1.753093,-0.0511363,-0.1915052,0.56458,0.01035867,-1.671456,0.01663322,0.6264986,-0.02432467,0.7788653,3.232557,77.59695,359.0215,0.2553762,0.004014703,-0.9668331,0.2469476,0.005956295,0.2435501,2.556396,-0.08863515,-1.055593,-0.1513229,0.002860863,2.090413,0.2138156,-0.0170499,-0.9767252,0.05873267,0.9982633,-0.004568668,0.9751068,-0.05638883,0.2144456,moving,-12.40524397206947,-2.5505583212088148,-4.140362016381727,0.0784128654621203,1.991816,-0.09899382,0.615863,-0.2146216922386282,-0.04346394272278211,0.9757296194399936,-11.92866510680038,-1.9666072457528303,8.6526151194907,8.672932793570975,8.05231471587508
4466,05/05/2023 15:33:01.127098,4649,True,True,True,True,Eyes,0.5128449,0.00846108,-1.713202,0.9050418,-0.09527953,0.4145133,0.0,0.0,0.0,0.0,0.0,0.0,0.0,-1.748158,-0.05062693,-0.2209426,0.5720181,0.01084711,-1.667367,0.02072869,0.6312079,-0.02620819,0.7748936,3.73895,78.30363,359.1703,0.2583318,0.004082981,-0.9660474,0.2321308,0.005598918,0.2289371,2.571265,-0.09952382,-1.076344,-0.1503268,0.005447455,2.090548,0.2017795,-0.01444888,-0.9793243,0.06678533,0.9977669,-0.0009605739,0.9771513,-0.06521068,0.2022939,moving,-12.831446086323439,-2.0583484876554627,-4.112936765366813,0.14929840126696342,1.9992469,-0.11037093,0.5910230000000001,-0.22194744233665298,-0.03502140864146154,0.974429555297938,-12.35806738492528,-1.4947851638168435,8.979494647118544,8.993670527975574,8.407448465649924
4467,05/05/2023 15:33:01.147068,4650,True,True,True,True,Eyes,0.5161514,0.008489016,-1.710934,0.9071621,-0.09604497,0.4096735,0.0,0.0,0.0,0.0,0.0,0.0,0.0,-1.742577,-0.04948809,-0.2509724,0.5796179,0.01117549,-1.663108,0.02379069,0.6359957,-0.02718499,0.7708467,4.086189,79.02557,359.3308,0.2611862,0.004147975,-0.9652792,0.2182029,0.005262983,0.2152008,2.585349,-0.115248,-1.098224,-0.1493049,0.008100755,2.090686,0.1895411,-0.01164936,-0.9818037,0.07217246,0.99739,0.002098889,0.9792167,-0.07125702,0.1898871,moving,-13.253223429897805,-1.734478929367082,-4.084803858651097,0.2220021321481554,2.0057310999999998,-0.12642349,0.5648839999999999,-0.22915564096084035,-0.029462315128107874,0.9729438589888315,-12.783195255294185,-1.186872552259366,9.364051807193905,9.374845896252774,8.811750153378096
4468,05/05/2023 15:33:01.157799,4651,True,True,True,True,Eyes,0.5195999,0.008524106,-1.708587,0.9092784,-0.09689356,0.4047524,0.0,0.0,0.0,0.0,0.0,0.0,0.0,-1.737127,-0.04644562,-0.2802287,0.5868114,0.01054368,-1.659469,0.02704337,0.6406921,-0.02789636,0.7668143,4.428814,79.7411,359.5328,0.2639595,0.004208351,-0.9645244,0.2051107,0.004947204,0.2022888,2.599667,-0.1253182,-1.120494,-0.1482679,0.0107934,2.090827,0.1774709,-0.008129697,-0.9840924,0.07743559,0.9969809,0.005728533,0.9810748,-0.07722043,0.1775646,moving,-13.663719514385102,-1.4077121773289367,-4.056255170890614,0.2957732865033193,2.0128556,-0.13586188,0.538975,-0.2361555918123402,-0.023871877599186526,0.9714220225511909,-13.196939248866753,-0.8759347405096753,9.749568257164238,9.75731693843168,9.21547639104638
4469,05/05/2023 15:33:01.176926,4652,True,True,True,True,Eyes,0.5232173,0.008583379,-1.706196,0.9114478,-0.09779665,0.3996233,0.0,0.0,0.0,0.0,0.0,0.0,0.0,-1.731271,-0.04703795,-0.3070171,0.5937409,0.01081126,-1.655635,0.03181213,0.6448867,-0.03034128,0.7630129,5.030124,80.39464,359.6968,0.2666681,0.004264976,-0.9637787,0.1928041,0.004650372,0.1901515,2.613119,-0.1362965,-1.143214,-0.1472375,0.0134689,2.090967,0.1664013,-0.005271133,-0.986044,0.08733199,0.9961348,0.009412761,0.9821831,-0.08767948,0.1662185,moving,-13.998030486443175,-0.830170251554725,-4.027890194159322,0.3690639075290165,2.0193781,-0.14710775999999998,0.512421,-0.24186464426453597,-0.014058528276882724,0.9702081789061716,-13.533545083669466,-0.3193335584804866,10.038738797696963,10.04200478072657,9.530549089621038
4470,05/05/2023 15:33:01.197202,4653,True,True,True,True,Eyes,0.5232173,0.008583379,-1.706196,0.9114478,-0.09779665,0.3996233,0.0,0.0,0.0,0.0,0.0,0.0,0.0,-1.725579,-0.04877697,-0.3335563,0.6013787,0.01147117,-1.652112,0.03277757,0.6489539,-0.03074949,0.7594991,5.146296,81.01369,359.7603,0.2693282,0.004319584,-0.9630385,0.1812358,0.004371349,0.1787424,2.624672,-0.1556831,-1.163736,-0.146207,0.01614463,2.091108,0.1558267,-0.004166173,-0.9877756,0.08925068,0.9959602,0.009879059,0.983744,-0.08969907,0.155569,moving,-14.614925136659792,-0.7168505628490953,-3.9995224050738134,0.44234959743730307,2.0232932999999997,-0.16715427,0.4883759999999999,-0.25230294717808327,-0.012106321891697955,0.9675725908656467,-14.155745555465966,-0.22003773449587527,10.675701724410182,10.678507394077652,10.17780062970714
4471,05/05/2023 15:33:01.217437,4654,True,True,True,True,Eyes,0.5232173,0.008583379,-1.706196,0.9114478,-0.09779665,0.3996233,0.0,0.0,0.0,0.0,0.0,0.0,0.0,-1.719653,-0.04969786,-0.3584915,0.6088523,0.01141071,-1.648442,0.03127638,0.6527272,-0.02976327,0.7563619,4.943141,81.57684,359.7588,0.2717207,0.004368705,-0.9623659,0.1703617,0.004109068,0.1680178,2.637715,-0.1566295,-1.183239,-0.1451255,0.01895485,2.091254,0.1461226,-0.004193708,-0.9892578,0.08585349,0.9962718,0.008457931,0.9855342,-0.08616712,0.1459378,moving,-15.175087190142996,-0.9380789304322384,-3.9697564241727523,0.5193071560070872,2.0288627,-0.16804021,0.46520300000000003,-0.26173688153408425,-0.01580110086322471,0.9650099423504792,-14.72109002997287,-0.44562230445698003,11.295030072541564,11.299708482069182,10.794547844485125
4472,05/05/2023 15:33:01.226791,4655,True,True,True,True,Eyes,0.5276285,0.008623064,-1.703537,0.9141234,-0.09764703,0.3935015,0.0,0.0,0.0,0.0,0.0,0.0,0.0,-1.714104,-0.05065158,-0.3823351,0.6165966,0.01107513,-1.645169,0.03042377,0.6562009,-0.02927757,0.753404,4.83386,82.10036,359.7592,0.2738725,0.00441289,-0.9617556,0.16014,0.003862524,0.1579368,2.650766,-0.1467901,-1.200445,-0.1441512,0.02148352,2.091388,0.1370862,-0.004187465,-0.9905503,0.08404391,0.9964345,0.007418838,0.9869874,-0.08426674,0.1369493,moving,-15.313536384286765,-1.0427837152173558,-3.942937969799216,0.5885429828209966,2.0341693999999997,-0.15786523,0.4447240000000001,-0.2640602296163997,-0.0175530521615893,0.9643464361381638,-14.860876371949598,-0.550110698409721,11.481194615824945,11.487024640840616,10.977154055534172
4473,05/05/2023 15:33:01.246966,4656,True,True,True,True,Eyes,0.5321893,0.008634336,-1.700869,0.916794,-0.09735066,0.3873133,0.0,0.0,0.0,0.0,0.0,0.0,0.0,-1.708392,-0.05086249,-0.4056051,0.6246392,0.01092048,-1.64177,0.02864815,0.6594924,-0.0280305,0.7506421,4.587462,82.59332,359.7531,0.2760776,0.00445523,-0.9611247,0.1505316,0.003630773,0.1484606,2.663316,-0.1405157,-1.216782,-0.1431276,0.02414205,2.091527,0.1285682,-0.004295264,-0.9916915,0.07986822,0.9967871,0.006037216,0.9884795,-0.07998082,0.1284982,moving,-15.418522060191307,-1.27656027058605,-3.914767650327157,0.6613235910375893,2.0386768,-0.15143618,0.4249879999999999,-0.26580644139226306,-0.021476904766777723,0.963787144587095,-14.967049635421455,-0.7797328029980606,11.657388698766397,11.66583727743578,11.145832432296432
4474,05/05/2023 15:33:01.257042,4657,True,True,True,True,Eyes,0.5369005,0.008620604,-1.698183,0.9195493,-0.09661796,0.3809118,0.0,0.0,0.0,0.0,0.0,0.0,0.0,-1.703108,-0.05007085,-0.4280316,0.6327698,0.01021481,-1.638839,0.02711301,0.6625772,-0.02681725,0.7480221,4.364387,83.05808,359.7592,0.278338,0.004494293,-0.9604725,0.1414997,0.003412926,0.1395529,2.676108,-0.1288867,-1.23197,-0.1420412,0.02696322,2.091676,0.1205446,-0.004190875,-0.9926991,0.07604873,0.9970914,0.005025262,0.9897907,-0.07609927,0.1205126,moving,-15.483413520636647,-1.4562703531232473,-3.8848683197930103,0.7385432281935936,2.0433382,-0.13910150999999998,0.4068689999999999,-0.26687928845351805,-0.024492206812674916,0.9634185600787856,-15.032714746268116,-0.9559648429221212,11.79350906703853,11.804382975519975,11.275896308114495
4475,05/05/2023 15:33:01.276942,4658,True,True,True,True,Eyes,0.5417662,0.008578691,-1.695498,0.9222792,-0.0958645,0.3744475,0.0,0.0,0.0,0.0,0.0,0.0,0.0,-1.697525,-0.05089097,-0.4502578,0.6411011,0.009530762,-1.63579,0.02656605,0.6655695,-0.02664996,0.7453869,4.305748,83.51506,359.7491,0.2806567,0.004528999,-0.9597973,0.1330097,0.003208151,0.1311798,2.688453,-0.119012,-1.246549,-0.1410823,0.02945254,2.091806,0.1126143,-0.00436595,-0.9936293,0.07509216,0.9971681,0.004129177,0.9907974,-0.07507877,0.1126232,moving,-15.537194749412881,-1.474419482157154,-3.8584825383998296,0.8066688487652978,2.0473519,-0.128542762,0.38924100000000017,-0.2677815351569414,-0.024790940918082465,0.9631605858041162,-15.086990063419206,-0.9746121079240617,11.88796130167202,11.899398425178305,11.368920049243064
4476,05/05/2023 15:33:01.297017,4659,True,True,True,True,Eyes,0.5467751,0.008496976,-1.692825,0.9250461,-0.09481466,0.3678315,0.0,0.0,0.0,0.0,0.0,0.0,0.0,-1.691962,-0.05184392,-0.4729897,0.6496602,0.008801023,-1.633098,0.02588241,0.6686358,-0.02647436,0.7426679,4.235004,83.98443,359.7293,0.2830357,0.004558183,-0.9590983,0.1250291,0.003015662,0.123309,2.700442,-0.1148422,-1.260911,-0.1400368,0.03216757,2.091948,0.1044506,-0.004711496,-0.9945189,0.07393512,0.9972584,0.003040655,0.9917781,-0.07384748,0.1045125,moving,-15.59472747826895,-1.4898224406951186,-3.829715205439137,0.8809591615133413,2.0507817999999998,-0.12364322300000001,0.37218700000000005,-0.2687468911139724,-0.025042883035200462,0.9628852900497729,-15.145046833183024,-0.9906516553191249,11.989494640485006,12.00150487169031,11.469073933648934
4477,05/05/2023 15:33:01.307041,4660,True,True,True,True,Eyes,0.5519325,0.008376616,-1.690166,0.9277579,-0.09390604,0.3611742,0.0,0.0,0.0,0.0,0.0,0.0,0.0,-1.686245,-0.05112295,-0.4951386,0.6580738,0.007714344,-1.630361,0.02589471,0.6715862,-0.02624174,0.7400089,4.219166,84.44128,359.7669,0.2854763,0.004580137,-0.9583746,0.1175274,0.002834722,0.1159104,2.71261,-0.1102609,-1.276109,-0.1389943,0.03487442,2.09209,0.096567,-0.004057189,-0.9953183,0.07361929,0.9972817,0.003077448,0.9926002,-0.0735718,0.09660316,moving,-15.639910922142258,-1.4422737069646856,-3.801031643680466,0.9550124654801004,2.0545362000000003,-0.11797524399999999,0.354252,-0.26951145044291214,-0.02423841262126663,0.9626920304751103,-15.190574749798827,-0.9451445723037815,12.067375830567496,12.079157402840108,11.546960159902168
4478,05/05/2023 15:33:01.327099,4661,True,True,True,True,Eyes,0.5572343,0.008226051,-1.687543,0.9304596,-0.09288606,0.3544249,0.0,0.0,0.0,0.0,0.0,0.0,0.0,-1.680866,-0.05037007,-0.5169126,0.6667873,0.006689008,-1.628004,0.02716975,0.6743831,-0.02657915,0.7374029,4.354036,84.88264,359.8533,0.2879795,0.004593385,-0.9576254,0.1104757,0.002664639,0.1089558,2.724249,-0.1082943,-1.290779,-0.1379977,0.03746206,2.092225,0.08900215,-0.002553433,-0.9960282,0.07584472,0.9971107,0.004221058,0.9931397,-0.07591915,0.08893861,moving,-15.665700827021517,-1.2229973244010077,-3.7736141854407945,1.025792441948951,2.0574617,-0.11498330799999999,0.3372250000000001,-0.2699670554569864,-0.020551206726137798,0.9626501617848915,-15.21634517593976,-0.7319998311344353,12.093350229613065,12.102841819345693,11.576956689745241
4479,05/05/2023 15:33:01.337232,4662,True,True,True,True,Eyes,0.5626775,0.008036346,-1.684946,0.9330937,-0.0920269,0.3476597,0.0,0.0,0.0,0.0,0.0,0.0,0.0,-1.675329,-0.04924043,-0.538426,0.6755056,0.005800028,-1.625642,0.02870372,0.6771172,-0.02685354,0.7348248,4.505248,85.31778,359.9659,0.290546,0.004597066,-0.9568498,0.1038472,0.002504761,0.1024185,2.735659,-0.111751,-1.305334,-0.1369522,0.04017717,2.092368,0.08158245,-0.0005937226,-0.9966665,0.07833686,0.99691,0.00581842,0.9935834,-0.0785504,0.08137681,moving,-15.685647594024484,-0.9893717163632595,-3.7448509267503365,1.100045219866341,2.0601534,-0.117551028,0.32030800000000004,-0.2703219349803413,-0.016624088263808456,0.9626264911507845,-15.236204862307048,-0.5047716720401938,12.114892353454197,12.122222905993294,11.602872598144964
4480,05/05/2023 15:33:01.356829,4663,True,True,True,True,Eyes,0.5682516,0.007808715,-1.682369,0.9356827,-0.09113983,0.3408687,0.0,0.0,0.0,0.0,0.0,0.0,0.0,-1.670174,-0.04804986,-0.5591996,0.6843374,0.004697328,-1.623624,0.03032296,0.6796651,-0.02719354,0.732391,4.667979,85.72642,0.07969391,0.2931759,0.004589902,-0.9560472,0.09761636,0.002354475,0.09627336,2.746841,-0.1158503,-1.31961,-0.1359546,0.04276808,2.092504,0.07463156,0.001386311,-0.9972103,0.08105151,0.9966821,0.007451512,0.9939119,-0.0813815,0.07427161,moving,-15.678148251230406,-0.7414463246655787,-3.7174081655913866,1.170888730645455,2.0625036,-0.120547628,0.304014,-0.2702123031414772,-0.012458948825159473,0.9627201774952885,-15.228360625334275,-0.2631197311809832,12.107319320894883,12.112651599050619,11.599931327342015
4481,05/05/2023 15:33:01.377149,4664,True,True,True,True,Eyes,0.5739723,0.007558898,-1.679825,0.938179,-0.09038089,0.334143,0.0,0.0,0.0,0.0,0.0,0.0,0.0,-1.665373,-0.0480453,-0.5777019,0.6930397,0.003548119,-1.62148,0.03250073,0.6817355,-0.02816358,0.7303337,4.926228,86.0656,0.1826564,0.2958697,0.004570811,-0.9552171,0.09175938,0.002213206,0.09049696,2.757855,-0.1204949,-1.333315,-0.1349223,0.04544814,2.092644,0.06888718,0.003176179,-0.9976195,0.08545144,0.9963011,0.00907254,0.9939581,-0.085873,0.06836093,moving,-15.605510047187545,-0.4072818407821459,-3.689014091475602,1.244156824576747,2.0648153000000002,-0.124043019,0.288165,-0.26900615210242995,-0.006846324846880273,0.9631141696259733,-15.154706825447837,0.0637137281868243,12.027255573001655,12.030383432290986,11.526298441983807
4482,05/05/2023 15:33:01.387041,4665,True,True,True,True,Eyes,0.5798404,0.007281982,-1.677328,0.9406122,-0.08942377,0.3274935,0.0,0.0,0.0,0.0,0.0,0.0,0.0,-1.661341,-0.04795101,-0.5952096,0.7022747,0.002786539,-1.6197,0.03370365,0.6834983,-0.02853112,0.7286153,5.055227,86.35146,0.2586284,0.2986272,0.004539703,-0.9543588,0.08625381,0.002080414,0.08506714,2.768062,-0.1286784,-1.344393,-0.1339048,0.0480901,2.092782,0.06403223,0.004496345,-0.9979378,0.08764919,0.9961001,0.01011204,0.9940915,-0.08811593,0.0633884,moving,-15.485361890950319,-0.19735823710602057,-3.6610290305139115,1.3163697622326114,2.0657873,-0.131464939,0.27530699999999997,-0.2669906934721747,-0.0033195040479056907,0.963693345657334,-15.033264366385549,0.2703721233793233,11.91868181091023,11.920831348961277,11.420238508671092
4483,05/05/2023 15:33:01.406835,4666,True,True,True,True,Eyes,0.5858597,0.00696915,-1.674877,0.9429466,-0.08848117,0.3209716,0.0,0.0,0.0,0.0,0.0,0.0,0.0,-1.657791,-0.04525081,-0.6114222,0.7116601,0.001807216,-1.617928,0.03380854,0.6849485,-0.02769593,0.7272795,4.997777,86.58132,0.3467482,0.3014483,0.004496223,-0.9534717,0.08107859,0.001955589,0.07996311,2.778781,-0.1316055,-1.353941,-0.1328522,0.05082355,2.092925,0.06015702,0.006028854,-0.9981708,0.08659957,0.9961799,0.01123595,0.9944254,-0.08711709,0.05940508,moving,-15.319076046540724,-0.17096962847568234,-3.6320802168788444,1.3910688301104326,2.0671209,-0.133412716,0.26398699999999997,-0.26419307761034666,-0.0028779571539995254,0.9644655053489897,-14.865484286978976,0.299069281915337,11.788732676228621,11.790921748049907,11.286355922768008
4484,05/05/2023 15:33:01.427181,4667,True,True,True,True,Eyes,0.59203,0.006633222,-1.672507,0.9451996,-0.08738375,0.3145821,0.0,0.0,0.0,0.0,0.0,0.0,0.0,-1.654996,-0.04291909,-0.6265635,0.7213075,0.0006265258,-1.616524,0.03395573,0.686111,-0.02707048,0.7261996,4.960216,86.7663,0.4185502,0.3043335,0.004439543,-0.952555,0.07621387,0.001838254,0.07516532,2.789747,-0.1281148,-1.361378,-0.1318531,0.0534183,2.093061,0.05703769,0.007277655,-0.9983456,0.08591194,0.9962284,0.01217056,0.9946688,-0.08646398,0.05619735,moving,-15.116708385634068,-0.11998055430653526,-3.6046042516287526,1.4619635446578363,2.0684395,-0.1287413258,0.2551460000000001,-0.26078552546467737,-0.0020215932369627536,0.9653946986147837,-14.661276933639568,0.35237996661370713,11.618185437307439,11.620287807297652,11.11220889444531
4485,05/05/2023 15:33:01.446975,4668,True,True,True,True,Eyes,0.5983534,0.006269097,-1.670188,0.9473594,-0.08621446,0.3083457,0.0,0.0,0.0,0.0,0.0,0.0,0.0,-1.652533,-0.04190351,-0.6406773,0.7310593,-0.000308482,-1.615128,0.03397291,0.6870399,-0.02673389,0.7253326,4.934556,86.91349,0.4543006,0.3072821,0.004369644,-0.9516082,0.07164104,0.001727958,0.07065541,2.800705,-0.1254382,-1.3676,-0.1308259,0.05608546,2.093201,0.0545231,0.007899568,-0.9984812,0.0854634,0.9962623,0.01254883,0.9948484,-0.08601781,0.05364423,moving,-14.886538579308214,-0.06274064324370368,-3.5763572101198506,1.5348222526162247,2.0696456999999997,-0.125129718,0.24752799999999997,-0.25690557490488175,-0.0010582774387728477,0.9664358448555165,-14.429015538296087,0.4122799371477046,11.420453847791386,11.422452005159133,10.910558832532386
4486,05/05/2023 15:33:01.457469,4669,True,True,True,True,Eyes,0.6048275,0.005878257,-1.667912,0.949466,-0.08481611,0.3021929,0.0,0.0,0.0,0.0,0.0,0.0,0.0,-1.650468,-0.03965479,-0.6547374,0.7410541,-0.001375539,-1.614043,0.03300863,0.6879206,-0.02567199,0.7245803,4.769961,87.04626,0.4721415,0.3102947,0.004286218,-0.9506305,0.0,0.0,0.0,2.81158,-0.1227338,-1.372543,-0.129748,0.05888478,2.093347,0.05221245,0.00821179,-0.9986023,0.08261746,0.9965028,0.01251422,0.9952127,-0.08315538,0.05135138,moving,-14.648817881143792,-0.1359295118441077,-3.54671969519245,1.611276066821299,2.0705259000000003,-0.12135826100000001,0.24149999999999983,-0.2528931212092271,-0.00229529810905707,0.9674915024606615,-14.189283441440637,0.34525822718833765,11.236242215998049,11.238741542745059,10.717600676607853
4487,05/05/2023 15:33:01.487167,4670,True,True,True,True,Eyes,0.6114585,0.005458772,-1.665742,0.9514979,-0.08331051,0.2961606,0.0,0.0,0.0,0.0,0.0,0.0,0.0,-1.648444,-0.0378686,-0.6688036,0.751132,-0.002493268,-1.613038,0.03207156,0.6887875,-0.02479529,0.723829,4.622251,87.17725,0.4763007,0.3133702,0.00418911,-0.9496216,0.0,0.0,0.0,2.822879,-0.1152068,-1.377219,-0.1287307,0.06152558,2.093486,0.04991383,0.008285883,-0.9987192,0.08007608,0.9967132,0.01227127,0.9955383,-0.08058602,0.04908632,moving,-14.417150313125811,-0.18991167518393196,-3.5187484370153452,1.683384402707553,2.071747,-0.112713532,0.235819,-0.24897851802210846,-0.0032101985939840365,0.9685036850532537,-13.95563618545371,0.2968379063626071,11.055288183923793,11.058227780646035,10.528586660137687
4488,05/05/2023 15:33:01.497231,4671,True,True,True,True,Eyes,0.6182346,0.005012725,-1.663631,0.9534438,-0.08180081,0.2902645,0.0,0.0,0.0,0.0,0.0,0.0,0.0,-1.646802,-0.0354875,-0.6829559,0.7614859,-0.003652354,-1.61238,0.03164713,0.689603,-0.02396541,0.7230989,4.520814,87.30388,0.5166572,0.3165086,0.004078018,-0.9485806,0.0,0.0,0.0,2.834185,-0.1082656,-1.38195,-0.1276958,0.06421384,2.093626,0.04774689,0.008989197,-0.9988191,0.07830663,0.9968483,0.01271478,0.9957854,-0.07882125,0.04689247,moving,-14.189769656485794,-0.1886078289752514,-3.4902976809094497,1.756774600216671,2.0726991000000003,-0.10461324600000001,0.2304299999999999,-0.24513302777260948,-0.0031913862695316306,0.9694841648959807,-13.72625141693502,0.30219747362242544,10.871787290083505,10.874889119064719,10.338788299567168
4489,05/05/2023 15:33:01.507094,4672,True,True,True,True,Eyes,0.6251612,0.004537662,-1.661595,0.9553074,-0.08029783,0.2844996,0.0,0.0,0.0,0.0,0.0,0.0,0.0,-1.644871,-0.03302141,-0.6973861,0.7717474,-0.004751994,-1.611652,0.03131641,0.690498,-0.02313758,0.7222856,4.427163,87.44395,0.5645641,0.3197085,0.003952846,-0.9475074,0.0,0.0,0.0,2.845628,-0.1030743,-1.386858,-0.1266378,0.06696099,2.09377,0.04535439,0.009823944,-0.9989227,0.07667172,0.9969679,0.01328587,0.9960244,-0.07719169,0.0444637,moving,-13.984280825570657,-0.1788777827103276,-3.461212584453533,1.8317555974369928,2.0738806,-0.098322306,0.22479400000000016,-0.2416545747133777,-0.0030294723660994546,0.9703576048111895,-13.518941808435068,0.3153717195014751,10.710205677419525,10.713431373587571,10.171397996745334
4490,05/05/2023 15:33:01.527006,4673,True,True,True,True,Eyes,0.632228,0.004032094,-1.659587,0.9575989,-0.07957197,0.2768984,0.0,0.0,0.0,0.0,0.0,0.0,0.0,-1.643364,-0.02989094,-0.7120743,0.7822868,-0.005938515,-1.611391,0.03121589,0.6913846,-0.02223026,0.7214699,4.346153,87.58443,0.6371084,0.3229695,0.003813341,-0.9464014,0.0,0.0,0.0,2.857051,-0.09768236,-1.392341,-0.12541,0.070149,2.093938,0.04298628,0.01108744,-0.9990143,0.07524128,0.9970628,0.01430333,0.9962385,-0.07578196,0.04202579,moving,-13.670933304283736,-0.19616378661585285,-3.427460902695153,1.9187478466065366,2.0747641999999997,-0.09174384499999999,0.21904999999999997,-0.2363439405917656,-0.0033267022059713866,0.9716638052389516,-13.20285393395806,0.30416805043782036,10.456002555615767,10.459520928725482,9.907834114167418
4491,05/05/2023 15:33:01.547293,4674,True,True,True,True,Eyes,0.6394401,0.003514724,-1.657658,0.959765,-0.07887856,0.2694984,0.0,0.0,0.0,0.0,0.0,0.0,0.0,-1.641957,-0.02726108,-0.7262992,0.7926793,-0.00714385,-1.611175,0.0318117,0.6921887,-0.02174641,0.7206872,4.356256,87.71668,0.7294786,0.3262906,0.003659239,-0.9452621,0.0,0.0,0.0,2.868533,-0.09400687,-1.397863,-0.1246139,0.07221629,2.094046,0.04080392,0.01269468,-0.9990866,0.0753841,0.9970302,0.01574733,0.9963194,-0.07595779,0.03972574,moving,-13.361362875775683,-0.12068884313791148,-3.405579593719243,1.9751473732732712,2.0758537,-0.08686302000000001,0.21331199999999995,-0.23109138706786264,-0.002049399831607745,0.9729299259651825,-12.890472089726993,0.3832597316472329,10.170785876815314,10.173993817832566,9.61755124365791
4492,05/05/2023 15:33:01.557202,4675,True,True,True,True,Eyes,0.6467915,0.002990935,-1.65565,0.9618291,-0.07814033,0.2622574,0.0,0.0,0.0,0.0,0.0,0.0,0.0,-1.640787,-0.02590086,-0.7405492,0.8033794,-0.007943789,-1.611143,0.03220736,0.6929473,-0.02144125,0.7199494,4.363891,87.84042,0.7908663,0.3296709,0.003491318,-0.9440892,0.0,0.0,0.0,2.879772,-0.09303638,-1.403359,-0.1235541,0.07496867,2.094191,0.03872885,0.01376276,-0.9991551,0.07550924,0.9970059,0.01666003,0.9963927,-0.07609065,0.03757365,moving,-13.053504505145577,-0.053533145849348825,-3.3764503122801326,2.050221261554589,2.0763926,-0.085092591,0.20778399999999997,-0.22586076655802212,-0.0009101860986110918,0.9741592058412052,-12.579826738985588,0.45421640965625604,9.900075021649247,9.903088430299215,9.340737076854303
4493,05/05/2023 15:33:01.576964,4676,True,True,True,True,Eyes,0.6542861,0.002501078,-1.653723,0.9637761,-0.07741419,0.2552304,0.0,0.0,0.0,0.0,0.0,0.0,0.0,-1.639458,-0.02329251,-0.7550895,0.8140596,-0.008664807,-1.611135,0.03229161,0.693776,-0.02063399,0.7191706,4.305651,87.97337,0.869232,0.3331118,0.003310629,-0.9428813,0.0,0.0,0.0,2.891268,-0.09160719,-1.408727,-0.1225347,0.07761423,2.094329,0.0364981,0.01512756,-0.9992193,0.074485,0.997063,0.01781561,0.996554,-0.07507709,0.03526414,moving,-12.769314286057629,-0.05010488157529975,-3.3484359567028505,2.1223664871507117,2.0772084,-0.08294238300000001,0.20240799999999992,-0.22102611519539833,-0.0008528668837212254,0.9752674575973685,-12.293129670868776,0.4626671988062968,9.664981796677798,9.668121862308146,9.09737035455688
4494,05/05/2023 15:33:01.597249,4677,True,True,True,True,Eyes,0.6619346,0.002034306,-1.652006,0.965607,-0.07657692,0.2484737,0.0,0.0,0.0,0.0,0.0,0.0,0.0,-1.638733,-0.02230658,-0.7684616,0.8249861,-0.008339748,-1.611151,0.03255984,0.6943098,-0.02007618,0.7186591,4.282665,88.06062,0.9398742,0.3366117,0.003120363,-0.9416381,0.0,0.0,0.0,2.902846,-0.08776996,-1.414408,-0.1215335,0.0802153,2.094465,0.03506179,0.01635736,-0.9992513,0.07406908,0.9970736,0.01892066,0.9966366,-0.07467701,0.03374762,moving,-12.455673642658034,-0.007623206952291273,-3.3209230589190177,2.19328229174442,2.0778599,-0.079430212,0.1967429999999999,-0.21568425383878137,-0.00012991848812260107,0.9764631936148802,-11.976678871344278,0.5096916170549586,9.393089222729618,9.396150980125517,8.817969508012318
4495,05/05/2023 15:33:01.607157,4678,True,True,True,True,Eyes,0.6697242,0.001539683,-1.650366,0.9673587,-0.07545813,0.2419159,0.0,0.0,0.0,0.0,0.0,0.0,0.0,-1.637988,-0.02056514,-0.7822319,0.8362807,-0.008277669,-1.611174,0.03020125,0.6949056,-0.01849064,0.7182286,3.961222,88.13952,0.8852513,0.3401667,0.002922795,-0.9403603,0.0,0.0,0.0,2.914459,-0.08409432,-1.418477,-0.1205084,0.08287793,2.094604,0.03352869,0.01541303,-0.9993189,0.06853504,0.997492,0.0176843,0.9970851,-0.0690813,0.03238823,moving,-12.150609689967613,-0.27503991763521574,-3.292755891139276,2.2658602080939496,2.0781783,-0.075816651,0.19269700000000012,-0.2104798539824374,-0.004692797774522268,0.977586975792014,-11.669228847016518,0.25467359035797354,9.210373905236727,9.215082602470153,8.614532534728921
4496,05/05/2023 15:33:01.627068,4679,True,True,True,True,Eyes,0.6776294,0.001060599,-1.648861,0.9689883,-0.07470614,0.2355433,0.0,0.0,0.0,0.0,0.0,0.0,0.0,-1.63719,-0.01767675,-0.7962351,0.8474528,-0.009511942,-1.611343,0.02666942,0.6955835,-0.01660334,0.7177581,3.519165,88.22565,0.7616163,0.3437755,0.002717122,-0.9390477,0.0,0.0,0.0,2.92677,-0.06953834,-1.422401,-0.119497,0.08550309,2.094742,0.0317759,0.01326726,-0.999407,0.06093598,0.9980261,0.01518637,0.9976358,-0.06138239,0.03090473,moving,-11.865734772317728,-0.6987936347818418,-3.2649659331284733,2.337399153283823,2.0793171999999998,-0.060026398,0.18894199999999994,-0.20560431179220762,-0.011935383328871582,0.978562411225122,-11.382321505506308,-0.1530035732990409,9.112952001796216,9.120947937109982,8.49079308598348
4497,05/05/2023 15:33:01.646736,4680,True,True,True,True,Eyes,0.6856802,0.0006810229,-1.64742,0.9705294,-0.0739759,0.2293478,0.0,0.0,0.0,0.0,0.0,0.0,0.0,-1.636618,-0.02701226,-0.8086778,0.8581317,-0.009549253,-1.611436,0.02692892,0.6960051,-0.01917711,0.7172755,3.74555,88.29421,0.5727458,0.3474343,0.002505042,-0.9377006,0.0,0.0,0.0,2.939001,-0.05158996,-1.426894,-0.1184368,0.08825665,2.094886,0.03041834,0.009974785,-0.9994876,0.06499587,0.9978141,0.01193617,0.9974219,-0.06532563,0.0297035,moving,-11.563423976998884,-0.4676485423747001,-3.235838406090192,2.412420058869276,2.0808693000000003,-0.042040707,0.18454199999999998,-0.2004461545546944,-0.007996268493105632,0.9796721707920624,-11.077088149682558,0.07760396207146703,8.805239879794922,8.811553585417164,8.18147686834434
4498,05/05/2023 15:33:01.657377,4681,True,True,True,True,Eyes,0.6938461,0.0004081072,-1.646114,0.9719857,-0.0732625,0.2233301,0.0,0.0,0.0,0.0,0.0,0.0,0.0,-1.63555,-0.03873774,-0.8227465,0.8696816,-0.007531169,-1.611531,0.02511019,0.696663,-0.02114177,0.7166473,3.752558,88.38859,0.2689679,0.3511421,0.002292836,-0.936319,0.0,0.0,0.0,2.950093,-0.05686744,-1.430767,-0.1174143,0.09091056,2.095025,0.02842754,0.004684296,-0.999585,0.06528906,0.997845,0.006532927,0.9974614,-0.06544767,0.02806046,moving,-11.300573838648894,-0.47827744249849624,-3.207748657224349,2.484708156598455,2.0804114,-0.049336271,0.18076400000000015,-0.19594939342236412,-0.008185595871223694,0.9805798079271215,-10.81193492438016,0.07197713398025518,8.611654284658114,8.618184442071028,7.977776618400975
4499,05/05/2023 15:33:01.677177,4682,True,True,True,True,Eyes,0.7021317,0.0002093424,-1.644873,0.9733812,-0.0724672,0.2174336,0.0,0.0,0.0,0.0,0.0,0.0,0.0,-1.634407,-0.04786543,-0.8364651,0.8806207,-0.005206159,-1.611747,0.02240071,0.6973755,-0.0220145,0.7160176,3.599588,88.48817,359.9838,0.3548955,0.002086511,-0.9349033,0.0,0.0,0.0,2.962321,-0.05189003,-1.435764,-0.1164131,0.09351144,2.095162,0.02636559,-0.0002821159,-0.9996524,0.06276894,0.9980271,0.001373864,0.9976799,-0.06278335,0.02633126,moving,-11.05113998822261,-0.6379353390648504,-3.1802448135636374,2.5555338763391164,2.0817003,-0.046683870999999995,0.175983,-0.19167362016233874,-0.010927405393518698,0.9813977996426674,-10.560483764709149,-0.07906790972457223,8.486189985725526,8.4940706660707,7.836392891320303
4500,05/05/2023 15:33:01.687515,4683,True,True,True,True,Eyes,0.7105101,6.44448e-05,-1.643679,0.9747345,-0.07161969,0.2115734,0.0,0.0,0.0,0.0,0.0,0.0,0.0,-1.632429,-0.05375991,-0.8522002,0.8917838,-0.003637492,-1.612039,0.02027468,0.6984429,-0.02236194,0.715029,3.453074,88.64908,359.7901,0.3586923,0.001889666,-0.9334535,0.0,0.0,0.0,2.974066,-0.04065152,-1.441129,-0.1153536,0.09626235,2.095307,0.02335505,-0.003657459,-0.9997205,0.06030027,0.9981777,-0.002243106,0.997907,-0.06023103,0.02353301,moving,-10.865480626261737,-0.7693727534088806,-3.1511417035368936,2.6304264230738004,2.0822822,-0.037014028,0.1709099999999999,-0.18848741334003583,-0.013187001272331416,0.9819870809146791,-10.373337044745563,-0.20376888756944045,8.421164626599857,8.430282287982996,7.758399874036421
4501,05/05/2023 15:33:01.712536,4684,True,True,True,True,Eyes,0.7189802,-5.764659e-05,-1.642545,0.9760486,-0.07064231,0.205764,0.0,0.0,0.0,0.0,0.0,0.0,0.0,-1.630121,-0.05522564,-0.8682376,0.9023908,-0.002528889,-1.61241,0.01806209,0.6996685,-0.02158846,0.7139131,3.210189,88.83637,359.6815,0.3625298,0.001704396,-0.9319702,0.0,0.0,0.0,2.986158,-0.030529,-1.448713,-0.1142678,0.09908248,2.095454,0.01999621,-0.00554961,-0.9997846,0.05609951,0.9984154,-0.004419992,0.998225,-0.05599905,0.02027584,moving,-10.709898620117562,-0.9729115360230591,-3.1213210342839623,2.7071854908676936,2.0837672,-0.028000111,0.16369699999999998,-0.18581050883792483,-0.01668400264524081,0.9824439567126568,-10.216613678718588,-0.3992485107436181,8.422757199540678,8.43383802924542,7.745521926670595
4502,05/05/2023 15:33:01.727354,4685,True,True,True,True,Eyes,0.7275071,-0.0001904592,-1.641473,0.977327,-0.06969282,0.1999368,0.0,0.0,0.0,0.0,0.0,0.0,0.0,-1.626543,-0.05604326,-0.8863764,0.9130678,-0.002134943,-1.612684,0.01594859,0.7013232,-0.02088011,0.7123591,2.981279,89.09444,359.5767,0.3664052,0.001530828,-0.9304537,0.0,0.0,0.0,2.997684,-0.01786895,-1.457073,-0.1133198,0.1015426,2.095582,0.01541963,-0.007378031,-0.9998539,0.05211851,0.9986193,-0.006565157,0.9985219,-0.05200966,0.01578282,moving,-10.623830103744526,-1.16436341521493,-3.095287480676216,2.7741292935643598,2.0846162,-0.015734007,0.15561099999999994,-0.18432336581338443,-0.01997239552482733,0.9826626472574489,-10.130002445302809,-0.5842038448132563,8.483440717098013,8.496509803705512,7.795230343092279
4503,05/05/2023 15:33:01.746778,4686,True,True,True,True,Eyes,0.7360712,-0.0003128651,-1.640435,0.9785405,-0.06899823,0.1941589,0.0,0.0,0.0,0.0,0.0,0.0,0.0,-1.621853,-0.05878942,-0.9049871,0.9229905,-0.002506196,-1.612746,0.01517879,0.7032385,-0.02133401,0.7104717,2.956284,89.40042,359.4856,0.3703141,0.001367213,-0.9289052,0.0,0.0,0.0,3.009392,-0.006232468,-1.468017,-0.112291,0.1042157,2.095722,0.01000088,-0.008965801,-0.9999097,0.05166303,0.9986289,-0.008437595,0.9986144,-0.05157399,0.01045036,moving,-10.589615013533653,-1.1651128336557197,-3.06703559214835,2.846849511019576,2.0864015,-0.0037262719999999997,0.1447290000000001,-0.18373647095954626,-0.019987483580093054,0.9827722798655143,-10.095486850022962,-0.5843185368229109,8.512254047590671,8.525552357832431,7.821255734014483
4504,05/05/2023 15:33:01.757327,4687,True,True,True,True,Eyes,0.744666,-0.0004063509,-1.639449,0.9796783,-0.06864391,0.1884629,0.0,0.0,0.0,0.0,0.0,0.0,0.0,-1.617426,-0.06684367,-0.9214088,0.9324678,-0.002324636,-1.61246,0.01666316,0.7047898,-0.02374341,0.708823,3.272835,89.65639,359.4162,0.374252,0.00121316,-0.9273259,0.0,0.0,0.0,3.020363,-0.00281683,-1.48051,-0.1112452,0.1069306,2.095864,0.005415172,-0.0101717,-0.9999338,0.05714781,0.9983171,-0.009845765,0.9983512,-0.0570907,0.005987321,moving,-10.513421322953032,-0.8390281619729889,-3.0383196585440357,2.920687799487059,2.0878952,-0.000492194,0.13195,-0.18244691562282522,-0.014397502117757477,0.9831101959901927,-10.018255336244138,-0.2652920991509582,8.356895556088514,8.367353763532865,7.672676845753136
4505,05/05/2023 15:33:01.777315,4688,True,True,True,True,Eyes,0.7532987,-0.000441908,-1.638499,0.9807506,-0.06831779,0.1829238,0.0,0.0,0.0,0.0,0.0,0.0,0.0,-1.614411,-0.07152955,-0.9354247,0.9418435,-0.001657931,-1.612261,0.01800502,0.7058299,-0.02502958,0.7077101,3.486762,89.83009,359.4254,0.3782142,0.001069336,-0.9257171,0.0,0.0,0.0,3.03068,-0.01147035,-1.490772,-0.110225,0.1095798,2.096003,0.002355291,-0.0100104,-0.9999472,0.06084434,0.9980987,-0.009848576,0.9981446,-0.06081792,0.002959899,moving,-10.36566501515864,-0.6008984502990847,-3.010308253224557,2.99271959551434,2.0888364999999998,-0.009812419000000001,0.12148899999999996,-0.17992014024914926,-0.01031632249396347,0.983627212443927,-9.868929844331042,-0.030660131436246574,8.177659800125051,8.186291208754142,7.495432949691956
4506,05/05/2023 15:33:01.797397,4689,True,True,True,True,Eyes,0.761978,-0.0004342795,-1.637585,0.9817656,-0.06784237,0.1775776,0.0,0.0,0.0,0.0,0.0,0.0,0.0,-1.612852,-0.07221474,-0.9474544,0.951389,-0.0003039716,-1.612152,0.01848261,0.7063887,-0.02478974,0.7071486,3.506528,89.92267,359.4863,0.3821973,0.0009379484,-0.9240799,0.0,0.0,0.0,3.040675,-0.01597066,-1.497987,-0.1091808,0.1122911,2.096146,0.0008010548,-0.008948239,-0.9999598,0.06117186,0.9980877,-0.00888248,0.9981271,-0.06116227,0.001346822,moving,-10.147581737643042,-0.5374572943045715,-2.981639204523651,3.066419114151159,2.0892859999999995,-0.0156666884,0.11416500000000007,-0.17617675075719963,-0.009233541303519636,0.9843152842153617,-9.648854454785623,0.035063420254331956,8.012889551438711,8.021138170820482,7.3239932097351454
4507,05/05/2023 15:33:01.807312,4690,True,True,True,True,Eyes,0.770685,-0.0003969815,-1.636716,0.9827375,-0.06716381,0.172383,0.0,0.0,0.0,0.0,0.0,0.0,0.0,-1.610948,-0.07052867,-0.9604052,0.9611924,0.000728691,-1.612022,0.01708215,0.7070842,-0.02350065,0.7065323,3.288983,90.02983,359.4806,0.3861983,0.0008201522,-0.922415,0.0,0.0,0.0,3.050706,-0.01270583,-1.502242,-0.1081129,0.1150647,2.096292,-0.001040709,-0.009050881,-0.9999585,0.05736496,0.9983119,-0.009095684,0.9983527,-0.05737205,-0.0005198079,moving,-9.950866943642712,-0.7122413685660828,-2.9523223057045738,3.1417916089873863,2.0895136,-0.013434521,0.10977999999999999,-0.17279064420272666,-0.012243661477169644,0.9848824071931659,-9.450603684935759,-0.13166497067163263,7.9798652955395095,7.989568025949985,7.276206351016694
4508,05/05/2023 15:33:01.827323,4691,True,True,True,True,Eyes,0.7794229,-0.0003392979,-1.635894,0.9836481,-0.06652305,0.1673649,0.0,0.0,0.0,0.0,0.0,0.0,0.0,-1.609763,-0.06685691,-0.972334,0.9705644,0.00142874,-1.612217,0.01504093,0.7076377,-0.02163377,0.7060842,2.972582,90.11213,359.4685,0.3902133,0.0007162341,-0.9207238,0.0,0.0,0.0,3.061024,-0.001141827,-1.507063,-0.1071227,0.1176347,2.096426,-0.002438199,-0.009263469,-0.9999542,0.05183758,0.9986115,-0.00937742,0.9986526,-0.05185807,-0.001954653,moving,-9.739193206671473,-0.9889093871179123,-2.9251426773806695,3.2116141636979925,2.0904596,-0.002570567,0.10515399999999997,-0.16913912821123545,-0.0170102045249175,0.985445340349675,-9.23737681170056,-0.3973747947134112,7.992680901716837,8.004728772212543,7.271114155919202
4509,05/05/2023 15:33:01.847318,4692,True,True,True,True,Eyes,0.7881778,-0.000271324,-1.635114,0.9845225,-0.06594241,0.1623799,0.0,0.0,0.0,0.0,0.0,0.0,0.0,-1.607303,-0.06861943,-0.9857879,0.9800599,0.001962394,-1.612261,0.0140915,0.7085186,-0.02158024,0.7052215,2.892102,90.25208,359.3994,0.3942395,0.0006259188,-0.9190071,0.0,0.0,0.0,3.070802,0.0138477,-1.511362,-0.1060859,0.1203272,2.096567,-0.004928443,-0.01046953,-0.999933,0.05040588,0.9986715,-0.01070476,0.9987167,-0.05045526,-0.004394276,moving,-9.587731338441268,-1.0440883236767564,-2.8966852979223874,3.2847440621124693,2.0907421,0.011885305999999998,0.10089899999999985,-0.1665307418856885,-0.017967328120710224,0.9858726456769523,-9.084643009801901,-0.4484034477875998,7.956652356949659,7.96924632199313,7.226839625637353
4510,05/05/2023 15:33:01.857630,4693,True,True,True,True,Eyes,0.7969253,-0.0001852183,-1.634374,0.9853486,-0.06571159,0.1573855,0.0,0.0,0.0,0.0,0.0,0.0,0.0,-1.60321,-0.073026,-1.001532,0.9892414,0.002291669,-1.612476,0.01385799,0.7099805,-0.0224668,0.7037265,2.946671,90.48931,359.3148,0.3982728,0.0005484117,-0.9172665,0.0,0.0,0.0,3.080801,0.02018458,-1.517772,-0.1050271,0.1230762,2.096711,-0.00915418,-0.01194315,-0.9998869,0.05129876,0.9986064,-0.0123975,0.9986415,-0.05140644,-0.008528738,moving,-9.5336478556959,-0.9891109261032086,-2.867626540617806,3.359387269285625,2.0915596,0.017892911,0.09470400000000012,-0.165602792681441,-0.017024035724600022,0.9860456224010596,-9.03002135549018,-0.39387440794791106,7.946693866428106,7.958974602822616,7.215405953385839
4511,05/05/2023 15:33:01.877234,4694,True,True,True,True,Eyes,0.8056751,-5.758067e-05,-1.633662,0.9861439,-0.06571075,0.1523231,0.0,0.0,0.0,0.0,0.0,0.0,0.0,-1.597472,-0.08270937,-1.01857,0.9978424,0.002893331,-1.612621,0.01565693,0.7118857,-0.02516285,0.7016698,3.313436,90.80654,359.2527,0.4023092,0.0004834121,-0.9155034,0.0,0.0,0.0,3.090639,0.02124406,-1.527903,-0.1040257,0.1256766,2.096847,-0.01482881,-0.01302013,-0.9998053,0.05760391,0.9982434,-0.01385415,0.9982294,-0.05779813,-0.01405272,moving,-9.559459055134772,-0.6333235666919609,-2.8401457012858162,3.4299759788519704,2.0927966,0.018350729,0.08471800000000007,-0.16606117708785378,-0.010899885644518412,0.9860552210315179,-9.055659728552595,-0.047747581322127974,7.842721954361998,7.852361119053963,7.1223012983262715
4512,05/05/2023 15:33:01.897311,4695,True,True,True,True,Eyes,0.814418,0.0001039453,-1.633014,0.9869168,-0.0656988,0.1472372,0.0,0.0,0.0,0.0,0.0,0.0,0.0,-1.590116,-0.09232601,-1.037635,1.006682,0.00407247,-1.61253,0.01715982,0.7141973,-0.02756132,0.6991912,3.632948,91.19105,359.1945,0.4063455,0.0004319362,-0.9137191,0.0,0.0,0.0,3.100042,0.01120189,-1.540909,-0.1029791,0.1283954,2.09699,-0.02167462,-0.01403027,-0.9996666,0.06305226,0.9978918,-0.01537246,0.9977749,-0.06336443,-0.02074426,moving,-9.651795210469706,-0.32525402701546247,-2.8114257237975857,3.5037564110265302,2.09336,0.007129420000000001,0.07162099999999993,-0.16765738158874544,-0.005596370707825621,0.9858293861217704,-9.148462641905315,0.2506983803054008,7.831422135211285,7.839131051897878,7.12323125082287
4513,05/05/2023 15:33:01.907203,4696,True,True,True,True,Eyes,0.8231519,0.0002770135,-1.632396,0.9876691,-0.06578641,0.1420629,0.0,0.0,0.0,0.0,0.0,0.0,0.0,-1.582293,-0.09600845,-1.057526,1.015343,0.005104366,-1.612539,0.01722088,0.7166988,-0.02805708,0.6966055,3.681453,91.60249,359.1729,0.4103776,0.0003944652,-0.9119152,0.0,0.0,0.0,3.109614,0.003362356,-1.556112,-0.101969,0.1310187,2.097127,-0.02888874,-0.01440507,-0.999479,0.0637738,0.9978325,-0.01622463,0.9975463,-0.06420926,-0.02790739,moving,-9.763147718465591,-0.28844194470979706,-2.7837110665717186,3.574926348431092,2.094271,-0.00174201,0.056427000000000005,-0.16957356633939075,-0.004961332070099741,0.9855050284879012,-9.26075447946595,0.28455628547946077,7.969624470563045,7.977352351892568,7.264889987032486
4514,05/05/2023 15:33:01.926959,4697,True,True,True,True,Eyes,0.8318732,0.0004764258,-1.631783,0.9884111,-0.06578836,0.136804,0.0,0.0,0.0,0.0,0.0,0.0,0.0,-1.574331,-0.09757148,-1.077382,1.023903,0.005567912,-1.612569,0.01854713,0.7192039,-0.02839389,0.6939709,3.817826,92.02151,359.269,0.4144024,0.0003701989,-0.9100933,0.0,0.0,0.0,3.118931,0.005529173,-1.572445,-0.1008494,0.1339271,2.09728,-0.03612112,-0.01273073,-0.9992664,0.0660874,0.9976996,-0.01509967,0.99716,-0.06658433,-0.03519671,moving,-9.879047409327004,-0.1384859426980835,-2.7529932019712584,3.6538053127422248,2.095028,-3.873900000000031e-05,0.040123999999999826,-0.17156835139761356,-0.0023811940063232975,0.9851693133895867,-9.377506294972669,0.4285518082521867,8.065258472657762,8.07230583738386,7.367932809653762
4515,05/05/2023 15:33:01.946823,4698,True,True,True,True,Eyes,0.8405926,0.0006978399,-1.631212,0.9891402,-0.06578124,0.131433,0.0,0.0,0.0,0.0,0.0,0.0,0.0,-1.566574,-0.09895767,-1.096946,1.032301,0.006391354,-1.612933,0.02038571,0.7216834,-0.02867106,0.6913288,3.989251,92.44086,359.4131,0.4184178,0.0003592197,-0.9082542,0.0,0.0,0.0,3.127979,0.003268891,-1.588626,-0.09989752,0.1363976,2.09741,-0.04329785,-0.0102182,-0.9990101,0.06906632,0.9975248,-0.01319639,0.9966722,-0.06956932,-0.04248492,moving,-9.98896141364839,0.056048781997521516,-2.726879363581304,3.720787972110467,2.095678,-0.0031224630000000002,0.024306999999999856,-0.17345837337066444,0.0009634068246811758,0.9848408017724848,-9.488169567148812,0.6160814438915644,8.12824766156949,8.134380679157834,7.440043537723622
4516,05/05/2023 15:33:01.963276,4699,True,True,True,True,Eyes,0.8493021,0.0009410215,-1.630667,0.9898571,-0.06563777,0.1259946,0.0,0.0,0.0,0.0,0.0,0.0,0.0,-1.557738,-0.09718473,-1.118233,1.041011,0.007129123,-1.613282,0.02095605,0.724454,-0.0278489,0.6884416,3.968299,92.90424,359.5416,0.4224211,0.000361358,-0.9063993,0.0,0.0,0.0,3.136751,0.0001642387,-1.605096,-0.0988832,0.1390315,2.097547,-0.05121838,-0.00798129,-0.9986557,0.06870808,0.9975706,-0.01149646,0.9963214,-0.06920453,-0.05054553,moving,-10.136862805033026,0.06311461414429108,-2.6990568264571064,3.7921834135339108,2.09574,-0.0069648843,0.008186000000000027,-0.17599999633178465,0.0010843624895178726,0.9843895874852324,-9.637365646718406,0.6203046453341972,8.313899581281376,8.320271142548231,7.628954332375564
4517,05/05/2023 15:33:01.976976,4700,True,True,True,True,Eyes,0.8580208,0.001203559,-1.630162,0.9905669,-0.06542511,0.1204024,0.0,0.0,0.0,0.0,0.0,0.0,0.0,-1.548167,-0.09615497,-1.140092,1.049476,0.007865479,-1.613819,0.02096579,0.7274123,-0.02711718,0.6853442,3.909935,93.39816,359.6171,0.4264103,0.00037644,-0.9045295,0.0,0.0,0.0,3.145726,0.004064649,-1.623203,-0.09786795,0.1416679,2.097685,-0.05972785,-0.006667661,-0.9981926,0.06767075,0.9976501,-0.01071318,0.9959185,-0.0681883,-0.05913625,moving,-10.306444715200703,0.027436188651878402,-2.6712100316282266,3.8636238781148355,2.0962499999999995,-0.00380083,-0.009384000000000059,-0.17891285998092427,0.00047112548932955883,0.9838647940108949,-9.808481270186617,0.5824985117887814,8.53788726683888,8.54477294385376,7.855343684543732
4518,05/05/2023 15:33:01.987637,4701,True,True,True,True,Eyes,0.8667527,0.001467487,-1.629628,0.9912727,-0.06488881,0.1147514,0.0,0.0,0.0,0.0,0.0,0.0,0.0,-1.537238,-0.09571306,-1.163503,1.05845,0.008574108,-1.61419,0.02028323,0.7306131,-0.02641624,0.6819789,3.799523,93.93155,359.6329,0.430384,0.0004041707,-0.9026456,0.0,0.0,0.0,3.154291,0.009470683,-1.642761,-0.09683648,0.1443459,2.097826,-0.0689866,-0.006392253,-0.9975971,0.06566903,0.9977816,-0.01093464,0.9954539,-0.06626558,-0.06841378,moving,-10.512240349010238,-0.0526625407999485,-2.6429198047861195,3.936168132731979,2.095841,0.0008965750000000001,-0.028570999999999902,-0.18244550455517727,-0.0009037078179796147,0.9832155554151145,-10.016179528059066,0.5007689405381766,8.814791553458177,8.822526620524132,8.134305536219111
4519,05/05/2023 15:33:02.007270,4702,True,True,True,True,Eyes,0.8754911,0.001717413,-1.62913,0.9919623,-0.06432649,0.1089621,0.0,0.0,0.0,0.0,0.0,0.0,0.0,-1.526034,-0.09211199,-1.187111,1.067335,0.008767299,-1.614687,0.01853717,0.7338562,-0.02486475,0.6785965,3.534688,94.46932,359.6246,0.4343423,0.0004433037,-0.9007475,0.0,0.0,0.0,3.163152,0.01696539,-1.663795,-0.09576479,0.1471288,2.097971,-0.07832622,-0.00653903,-0.9969063,0.06095349,0.9980763,-0.01133578,0.9950626,-0.06165281,-0.077777,moving,-10.713810964584031,-0.2900662164782395,-2.613530986034763,4.011533200904907,2.0958170000000003,0.008198091000000001,-0.04910799999999993,-0.18590115088389214,-0.004974339728003329,0.9825557791890162,-10.219792478391383,0.2658763964395853,9.161823116926302,9.171602546911698,8.47851159030549
4520,05/05/2023 15:33:02.026892,4703,True,True,True,True,Eyes,0.8842384,0.001959678,-1.628688,0.9926602,-0.06330734,0.103043,0.0,0.0,0.0,0.0,0.0,0.0,0.0,-1.514615,-0.0924303,-1.209943,1.076252,0.008670716,-1.614982,0.0178903,0.7369558,-0.02462705,0.6752554,3.466167,94.99143,359.6045,0.4382841,0.0004918856,-0.8988361,0.0,0.0,0.0,3.171628,0.02942305,-1.685078,-0.09478317,0.1496779,2.098104,-0.08742053,-0.006890361,-0.9961478,0.05962782,0.9981469,-0.01213703,0.9943855,-0.06045913,-0.08684769,moving,-10.893917476229747,-0.30635460542697784,-2.58661427245656,4.080544933933885,2.095376,0.020752333999999997,-0.07009600000000016,-0.18898858750308234,-0.005250516488759767,0.9819652222360556,-10.401503590158228,0.246769825552543,9.384178206269265,9.394475721819969,8.70461524879601
4521,05/05/2023 15:33:02.047222,4704,True,True,True,True,Eyes,0.8930129,0.002188034,-1.628278,0.9933391,-0.06223835,0.09697397,0.0,0.0,0.0,0.0,0.0,0.0,0.0,-1.502811,-0.09473655,-1.232978,1.085284,0.008715766,-1.615467,0.01771656,0.7400949,-0.02494718,0.6718062,3.481758,95.52535,359.5812,0.4422076,0.0005484996,-0.8969123,0.0,0.0,0.0,3.179994,0.03450483,-1.705658,-0.0937623,0.1523283,2.098244,-0.09672542,-0.007295471,-0.9952844,0.05974321,0.9981275,-0.01312238,0.9935164,-0.06073075,-0.09610848,moving,-11.078005290978608,-0.23640109385275457,-2.5586216559413484,4.152273926860537,2.09471,0.025789064,-0.09019099999999991,-0.19214369105923834,-0.004049086078681215,0.9813585163155985,-10.587134073102776,0.31160438839062005,9.573151497431432,9.583337934058962,8.899873826984624
4522,05/05/2023 15:33:02.062565,4705,True,True,True,True,Eyes,0.9018044,0.002402285,-1.627906,0.9940027,-0.06089299,0.09083305,0.0,0.0,0.0,0.0,0.0,0.0,0.0,-1.490047,-0.09422143,-1.257007,1.094739,0.008591119,-1.615752,0.0165728,0.7433546,-0.0244382,0.6682457,3.352678,96.078,359.5396,0.4461125,0.000611535,-0.8949764,0.0,0.0,0.0,3.188298,0.03674732,-1.726911,-0.09270175,0.1550823,2.098388,-0.1063464,-0.008022503,-0.9942969,0.05730037,0.9982563,-0.01418308,0.9926769,-0.05848189,-0.1057012,moving,-11.276127797839653,-0.29903550555445974,-2.5295453971251427,4.22678569911908,2.093559,0.028156201,-0.11115900000000001,-0.19553499099918054,-0.005118384061249565,0.9806833516738644,-10.787071981004926,0.24702572126377192,9.837004170632111,9.848134913229076,9.166527955819488
4523,05/05/2023 15:33:02.077153,4706,True,True,True,True,Eyes,0.9106274,0.002586049,-1.627555,0.9946353,-0.05956858,0.08457097,0.0,0.0,0.0,0.0,0.0,0.0,0.0,-1.477401,-0.09575897,-1.280068,1.103978,0.008432364,-1.61605,0.01553142,0.7464693,-0.02451088,0.664787,3.281599,96.60962,359.4604,0.4499982,0.0006795386,-0.8930289,0.0,0.0,0.0,3.196688,0.04409681,-1.748664,-0.09166607,0.1577713,2.098529,-0.1156345,-0.009401573,-0.9932474,0.05577648,0.998316,-0.01594307,0.9917247,-0.05724341,-0.1149154,moving,-11.446715905237514,-0.31213105990963,-2.5011531238399174,4.299514348965512,2.0927100000000003,0.035664446,-0.132614,-0.19845371069013557,-0.005339334786892063,0.9800957406873048,-10.959177264573357,0.2312006449465469,10.052625855839693,10.064311543922173,9.38559261632094
4524,05/05/2023 15:33:02.098106,4707,True,True,True,True,Eyes,0.9194788,0.002732689,-1.627212,0.9952353,-0.05805818,0.07833315,0.0,0.0,0.0,0.0,0.0,0.0,0.0,-1.464392,-0.09733208,-1.303078,1.113584,0.007880035,-1.616106,0.01467833,0.7495067,-0.02473095,0.6613718,3.23823,97.13166,359.3854,0.453865,0.0007503248,-0.8910698,0.0,0.0,0.0,3.204708,0.04930082,-1.769744,-0.09064549,0.1604213,2.098668,-0.1247439,-0.01070969,-0.9921312,0.05471571,0.9983459,-0.01765636,0.9906791,-0.05648768,-0.1239515,moving,-11.609877995192981,-0.28604150195908074,-2.473177268202608,4.371164947644922,2.091124,0.041420785,-0.15363799999999994,-0.20124440784931064,-0.004890207525581574,0.9795289231052151,-11.12374705450058,0.25368138831353204,10.243261643677387,10.25518756965564,9.580502517560111
4525,05/05/2023 15:33:02.108742,4708,True,True,True,True,Eyes,0.9283667,0.002846507,-1.626883,0.9957923,-0.05668588,0.07200285,0.0,0.0,0.0,0.0,0.0,0.0,0.0,-1.451632,-0.09750021,-1.325455,1.123072,0.007078825,-1.616239,0.01396618,0.7524285,-0.02468793,0.6580631,3.183447,97.63675,359.3415,0.4577134,0.0008215855,-0.8890991,0.0,0.0,0.0,3.212932,0.05311654,-1.790228,-0.08961289,0.1631034,2.098808,-0.1335162,-0.01147533,-0.9909803,0.05350953,0.9983909,-0.01877055,0.9896012,-0.05553306,-0.1326873,moving,-11.751029347019406,-0.27282187684103176,-2.4448752355210472,4.443661299444402,2.08986,0.04603771499999999,-0.17398899999999995,-0.20365712752413062,-0.004661829269337092,0.9790311771824582,-11.266126722597333,0.2640207196304372,10.420843957926168,10.433106819118711,9.761345869022017
4526,05/05/2023 15:33:02.127477,4709,True,True,True,True,Eyes,0.9372929,0.002921751,-1.626573,0.9963101,-0.05523469,0.06569222,0.0,0.0,0.0,0.0,0.0,0.0,0.0,-1.438726,-0.1018611,-1.347255,1.132861,0.006424524,-1.616164,0.01419155,0.7552032,-0.025786,0.6548295,3.298246,98.12313,359.292,0.4615437,0.0008914814,-0.8871167,0.0,0.0,0.0,3.220888,0.05698659,-1.810046,-0.08860627,0.1657185,2.098945,-0.1419937,-0.01233586,-0.9897907,0.05520589,0.9982674,-0.02036125,0.9883268,-0.05753344,-0.1410666,moving,-11.876930400663795,-0.08632414943831324,-2.417287160306985,4.514322564720025,2.0880270000000003,0.050562065999999996,-0.1938820000000001,-0.20580997354120156,-0.0014743859931731166,0.9785909436975428,-11.392926888638192,0.44343357089338703,10.507862271972037,10.519068419937394,9.855670739876427
4527,05/05/2023 15:33:02.147202,4710,True,True,True,True,Eyes,0.9462548,0.002949794,-1.626263,0.9967872,-0.053845,0.05929647,0.0,0.0,0.0,0.0,0.0,0.0,0.0,-1.425269,-0.1025405,-1.369626,1.142746,0.005543794,-1.616132,0.01325307,0.7580687,-0.02588101,0.651526,3.239431,98.62272,359.2177,0.4653565,0.0009580617,-0.8851225,0.0,0.0,0.0,3.229182,0.05496052,-1.829072,-0.08752887,0.1685162,2.099092,-0.1506762,-0.01363082,-0.9884892,0.05381778,0.998309,-0.02196972,0.9871172,-0.05650861,-0.1496879,moving,-12.009409100069309,-0.08269990144238103,-2.387761573798758,4.58989137842818,2.086436,0.049416726,-0.21294000000000013,-0.2080721198910942,-0.0014117944607286497,0.978112507446729,-11.52656831230948,0.44458152142381674,10.684593093585196,10.696224118281675,10.035007843266818
4528,05/05/2023 15:33:02.157399,4711,True,True,True,True,Eyes,0.9552775,0.002940098,-1.625902,0.9972262,-0.05230007,0.05295743,0.0,0.0,0.0,0.0,0.0,0.0,0.0,-1.4117,-0.1043796,-1.391188,1.152588,0.004442549,-1.615772,0.01274719,0.7607939,-0.0263836,0.6483317,3.24891,99.10209,359.1498,0.4691525,0.001019129,-0.8831162,0.0,0.0,0.0,3.237178,0.05897337,-1.848609,-0.08650853,0.1711644,2.09923,-0.1590068,-0.01481468,-0.9871662,0.05360662,0.9982828,-0.02361615,0.9858209,-0.05667378,-0.1579397,moving,-12.126391105991754,-0.00017498336232119803,-2.3598036933675526,4.6614000879455215,2.0845900000000004,0.054530821,-0.23283699999999996,-0.2100689065095247,-2.985889647722298e-06,0.9776865219433203,-11.64448781569993,0.522869440079365,10.810606349887133,10.822038247662416,10.165273984247468
4529,05/05/2023 15:33:02.176950,4712,True,True,True,True,Eyes,0.964361,0.002898868,-1.625539,0.9976299,-0.05068078,0.04654021,0.0,0.0,0.0,0.0,0.0,0.0,0.0,-1.397983,-0.1047978,-1.412994,1.162823,0.003437032,-1.615463,0.01188698,0.7634897,-0.02647662,0.6451677,3.196898,99.57708,359.0811,0.4729342,0.001073224,-0.8810968,0.0,0.0,0.0,3.2451,0.06025022,-1.867062,-0.08548567,0.1738188,2.099368,-0.1672349,-0.01601254,-0.9857872,0.05231488,0.9983154,-0.02509105,0.9845282,-0.05576743,-0.1661153,moving,-12.234055076535418,0.025077601781146486,-2.33177970251609,4.7330529061912525,2.082277,0.056813188,-0.2515989999999999,-0.2119056842324769,0.0004277468823720722,0.9772900019977859,-11.753071630248112,0.5455329737064547,10.95282370302537,10.964492192976612,10.30999829158599
4530,05/05/2023 15:33:02.188646,4713,True,True,True,True,Eyes,0.9735056,0.002828584,-1.62516,0.9979955,-0.04886479,0.04021562,0.0,0.0,0.0,0.0,0.0,0.0,0.0,-1.383935,-0.101718,-1.435033,1.173376,0.002608759,-1.614969,0.01028011,0.7661662,-0.02560613,0.6420499,3.005843,100.048,359.0172,0.4767033,0.001119377,-0.8790632,0.0,0.0,0.0,3.253208,0.06396645,-1.885424,-0.08443105,0.1765593,2.099513,-0.1753327,-0.01712827,-0.9843603,0.04863338,0.9984773,-0.02603641,0.9833074,-0.0524378,-0.1742328,moving,-12.341086085462322,-0.07633851912889257,-2.3028852753794125,4.806998708042754,2.0798319999999997,0.06135769099999999,-0.2704549999999999,-0.21373078628408776,-0.0013015708340435358,0.9768917743136794,-11.861159373890944,0.44481329240762574,11.150089549439434,11.162995027224085,10.50662959005676
4531,05/05/2023 15:33:02.207221,4714,True,True,True,True,Eyes,0.9827178,0.002705214,-1.624769,0.9983228,-0.04700696,0.03379194,0.0,0.0,0.0,0.0,0.0,0.0,0.0,-1.369366,-0.09859473,-1.457145,1.183922,0.001760953,-1.61446,0.008838569,0.7688824,-0.024773,0.638849,2.830879,100.5294,358.9639,0.4804612,0.001156853,-0.8770149,0.0,0.0,0.0,3.26132,0.07288598,-1.903362,-0.08340541,0.1792227,2.099653,-0.1835876,-0.01806077,-0.9828373,0.04524405,0.9986164,-0.02680202,0.9819615,-0.04938806,-0.1825164,moving,-12.453285401972948,-0.15721996594687088,-2.2747886437383866,4.878841122924254,2.077398,0.07112502700000001,-0.288902,-0.21564276682409705,-0.0026794425516199647,0.9764686273512866,-11.97443784922349,0.36400455746310834,11.34217587934019,11.356218893110212,10.69892255894456
4532,05/05/2023 15:33:02.226969,4715,True,True,True,True,Eyes,0.991982,0.002527194,-1.624356,0.9985999,-0.04521616,0.02745554,0.0,0.0,0.0,0.0,0.0,0.0,0.0,-1.353729,-0.09386291,-1.479886,1.194773,0.0003368352,-1.613683,0.007793512,0.771701,-0.02373084,0.6354949,2.667033,101.033,358.9599,0.484209,0.001183737,-0.8749512,0.0,0.0,0.0,3.269189,0.08107745,-1.921573,-0.08241901,0.1817839,2.099787,-0.192171,-0.01813313,-0.9811939,0.04219018,0.9987522,-0.02672075,0.9804541,-0.0465317,-0.1911663,moving,-12.592931149180284,-0.22087607835500203,-2.2477701523222255,4.94790474083843,2.074416,0.0807406148,-0.30789,-0.218021300673782,-0.0037622694279557762,0.975936793989811,-12.115385115023086,0.29948229810916355,11.549432832334192,11.564542844737753,10.907687942831288
4533,05/05/2023 15:33:02.236794,4716,True,True,True,True,Eyes,1.001305,0.002317609,-1.623921,0.9988268,-0.04361827,0.02103487,0.0,0.0,0.0,0.0,0.0,0.0,0.0,-1.337931,-0.09366129,-1.501679,1.205254,-0.001180839,-1.612834,0.008404491,0.7744457,-0.02394119,0.6321315,2.734493,101.5312,359.0105,0.487948,0.001198244,-0.8728715,0.0,0.0,0.0,3.277074,0.0882192,-1.940143,-0.0814307,0.1843487,2.09992,-0.2006784,-0.01725032,-0.9795052,0.04328561,0.9987124,-0.02645682,0.9787003,-0.04770779,-0.1996733,moving,-12.726325321654569,-0.051913803617459175,-2.220703129947758,5.017044987113766,2.0718199999999998,0.089400039,-0.32730899999999985,-0.22029431716714265,-0.0008838077413250781,0.9754330465694141,-12.249764117507938,0.4616781864457161,11.650404248133565,11.664580612135783,11.015145526992834
4534,05/05/2023 15:33:02.257100,4717,True,True,True,True,Eyes,1.010686,0.002082119,-1.623463,0.9990146,-0.04197837,0.01441281,0.0,0.0,0.0,0.0,0.0,0.0,0.0,-1.321876,-0.0973857,-1.523033,1.21599,-0.002120024,-1.611779,0.009453473,0.7770885,-0.02498579,0.6288244,2.907374,102.0157,359.0401,0.491679,0.001199999,-0.8707753,0.0,0.0,0.0,3.284817,0.08697063,-1.958427,-0.08033437,0.1871964,2.100069,-0.2089814,-0.01673097,-0.9777766,0.04611571,0.9985727,-0.02694318,0.9768318,-0.05072148,-0.2079115,moving,-12.836347244203502,0.22115911562258161,-2.1906790709333177,5.093780839898204,2.0688269999999997,0.08909065399999999,-0.34664799999999985,-0.22216550327679124,0.003763481309005094,0.9750017482114173,-12.360447925745287,0.7257140361939097,11.695225171650971,11.707804803773442,11.068161823985363
4535,05/05/2023 15:33:02.277091,4718,True,True,True,True,Eyes,1.020133,0.001831509,-1.622975,0.999155,-0.04036556,0.007735717,0.0,0.0,0.0,0.0,0.0,0.0,0.0,-1.305902,-0.09696728,-1.544225,1.226803,-0.003010204,-1.610701,0.009463166,0.7796708,-0.0249445,0.625621,2.908306,102.4877,359.0559,0.4954029,0.001188971,-0.8686621,0.0,0.0,0.0,3.292871,0.0822651,-1.976004,-0.0793111,0.1898549,2.100209,-0.2170177,-0.0164553,-0.9760289,0.04596791,0.9985764,-0.02705629,0.9750847,-0.05073771,-0.2159524,moving,-12.927830474230896,0.3181313425543876,-2.1626576321799034,5.165389843691232,2.0660679999999996,0.085275304,-0.36530300000000016,-0.22372028028993513,0.00541167588626997,0.9746383348338565,-12.452627824834934,0.8185344259628394,11.793775928476508,11.806136594842348,11.1704359175622
4536,05/05/2023 15:33:02.288737,4719,True,True,True,True,Eyes,1.029644,0.001566638,-1.622492,0.9992604,-0.03844908,0.0006113052,0.0,0.0,0.0,0.0,0.0,0.0,0.0,-1.289818,-0.09566905,-1.565154,1.237817,-0.003632524,-1.609436,0.009062802,0.7821725,-0.02461491,0.6225097,2.853912,102.9458,359.0552,0.4991208,0.001165709,-0.8665313,0.0,0.0,0.0,3.300659,0.08382396,-1.993022,-0.07833582,0.1923856,2.100343,-0.2247993,-0.01646868,-0.9742659,0.04482338,0.998624,-0.02722284,0.9733736,-0.04978957,-0.2237518,moving,-12.979350867549869,0.3749816560168709,-2.1359523001913825,5.233530742264177,2.062842,0.087456484,-0.383586,-0.22459531974647806,0.0063774169044197365,0.9744312820084642,-12.504538041733378,0.8729886938186805,11.869743700392087,11.882120674108078,11.248195287954829
4537,05/05/2023 15:33:02.307303,4720,True,True,True,True,Eyes,1.039225,0.001301048,-1.62197,0.9993104,-0.03655473,-0.006517792,0.0,0.0,0.0,0.0,0.0,0.0,0.0,-1.273651,-0.09160158,-1.586156,1.249112,-0.004283542,-1.608156,0.007743431,0.7846314,-0.02361213,0.6194645,2.673657,103.3951,359.019,0.5028329,0.001130752,-0.8643826,0.0,0.0,0.0,3.308493,0.08781248,-2.009401,-0.07732096,0.195022,2.100481,-0.2324079,-0.01710227,-0.9724682,0.04140522,0.998765,-0.02746007,0.9717368,-0.04664719,-0.2314128,moving,-13.019742404315457,0.29674787691663973,-2.1081672541363443,5.304496666565043,2.059381,0.092096022,-0.4012450000000001,-0.22528391201916265,0.00504606337561231,0.9742800940570632,-12.54537331550802,0.7960506472821025,11.992513694467382,12.005832757382194,11.369316420802168
4538,05/05/2023 15:33:02.327135,4721,True,True,True,True,Eyes,1.048869,0.00105957,-1.621437,0.9993078,-0.0344669,-0.01400003,0.0,0.0,0.0,0.0,0.0,0.0,0.0,-1.257979,-0.09084389,-1.605962,1.260393,-0.004577751,-1.606631,0.006964402,0.7868659,-0.02336656,0.6166422,2.599931,103.8074,358.9757,0.5065408,0.001085297,-0.8622151,0.0,0.0,0.0,3.316278,0.09654513,-2.025529,-0.07626817,0.1977567,2.100623,-0.2394079,-0.01785751,-0.9707549,0.03977771,0.998811,-0.0281836,0.9701039,-0.04536178,-0.2384129,moving,-13.005212098642986,0.33629252308393587,-2.0793477076200575,5.378084426247492,2.055885,0.10112288100000001,-0.4188980000000002,-0.22503601549728663,0.005718831289985784,0.9743336871289182,-12.530670558550165,0.8348344777143072,12.019642789399105,12.033045262352687,11.39610764380631
4539,05/05/2023 15:33:02.347020,4722,True,True,True,True,Eyes,1.058581,0.0007752221,-1.62086,0.9992493,-0.03222539,-0.02150122,0.0,0.0,0.0,0.0,0.0,0.0,0.0,-1.241358,-0.09313484,-1.626081,1.271719,-0.004260719,-1.605146,0.006257989,0.7892097,-0.02372953,0.6136333,2.586945,104.2429,358.8962,0.5102443,0.00103171,-0.8600287,0.0,0.0,0.0,3.324338,0.1016547,-2.040087,-0.07524124,0.2004216,2.100764,-0.2468303,-0.01924473,-0.9688679,0.03900019,0.9987955,-0.02977493,0.9682739,-0.04513538,-0.2457823,moving,-13.014577805248445,0.4366134104895002,-2.051236376699799,5.449760497032943,2.052619,0.105915419,-0.43494100000000024,-0.22519274317253796,0.007424535183354534,0.9742859161829084,-12.540005921364324,0.9323938494278103,12.042032964789097,12.055144088323875,11.420196495243736
4540,05/05/2023 15:33:02.357421,4723,True,True,True,True,Eyes,1.06832,0.0005272571,-1.620237,0.999121,-0.03016313,-0.02911044,0.0,0.0,0.0,0.0,0.0,0.0,0.0,-1.223975,-0.08348893,-1.646914,1.283098,-0.005626971,-1.603446,0.004109816,0.7916788,-0.02163089,0.6105406,2.250462,104.699,358.8585,0.5139446,0.0009686516,-0.8578227,0.0,0.0,0.0,3.332207,0.1051883,-2.055655,-0.07421353,0.2030905,2.100904,-0.2544467,-0.01990576,-0.9668818,0.03292038,0.9990305,-0.02923102,0.9665263,-0.03926786,-0.2535446,moving,-13.030961371326708,0.21221656038593015,-2.023107547843783,5.5215205352916525,2.0491089999999996,0.11081527099999999,-0.45220899999999986,-0.22547608203415914,0.003608489811702832,0.9742420233192547,-12.55678616626509,0.7135025070954204,12.206264041342346,12.221356491695895,11.57909420445512
4541,05/05/2023 15:33:02.376784,4724,True,True,True,True,Eyes,1.078161,0.0004239105,-1.619582,0.9989334,-0.02801072,-0.03670852,0.0,0.0,0.0,0.0,0.0,0.0,0.0,-1.208477,-0.09609324,-1.663891,1.293532,-0.004960388,-1.601541,0.005526414,0.7936068,-0.0244154,0.6079159,2.606232,105.0673,358.8004,0.5176413,0.0008990151,-0.8555971,0.0,0.0,0.0,3.339206,0.11897,-2.071442,-0.07315359,0.205844,2.101048,-0.2608156,-0.02091342,-0.9651622,0.03845661,0.9987467,-0.03203326,0.9646224,-0.04547163,-0.2596844,moving,-12.975655262844064,0.6829938561048602,-1.9940998466438704,5.595528186024929,2.045674,0.123930388,-0.4699009999999997,-0.22452188555203978,0.011615875269905446,0.9743998398301073,-12.500463463907082,1.1731059213498414,12.017937815027615,12.030276509778112,11.399188354670084
4542,05/05/2023 15:33:02.397196,4725,True,True,True,True,Eyes,1.08809,0.0003846716,-1.618889,0.9987031,-0.02503775,-0.04433031,0.0,0.0,0.0,0.0,0.0,0.0,0.0,-1.191537,-0.09761044,-1.684088,1.305861,-0.001626118,-1.600051,0.00269199,0.7957993,-0.02395289,0.6050807,2.371641,105.4761,358.5833,0.5213363,0.0008309578,-0.8533508,0.0,0.0,0.0,3.347213,0.109278,-2.084262,-0.07211664,0.2085359,2.101187,-0.2677403,-0.0247023,-0.9631744,0.03327143,0.998838,-0.03486565,0.9629165,-0.04138113,-0.2666074,moving,-12.949223963476483,0.574114307311143,-1.9657259320273521,5.667857035550058,2.041352,0.110904118,-0.48421099999999995,-0.2240767799760034,0.009765222926680472,0.9745225417383361,-12.473921829858329,1.067516034112086,12.09386486470336,12.107164985591538,11.471064395107504
4543,05/05/2023 15:33:02.407275,4726,True,True,True,True,Eyes,1.098069,0.0003878129,-1.61815,0.9984015,-0.02223956,-0.0519615,0.0,0.0,0.0,0.0,0.0,0.0,0.0,-1.173081,-0.07092736,-1.706091,1.31788,-0.0003332328,-1.598464,-0.004862527,0.7983618,-0.01742922,0.6019062,1.259238,105.9547,358.3524,0.5250311,0.000767632,-0.8510826,0.0,0.0,0.0,3.355325,0.1240932,-2.099156,-0.07110539,0.2111634,2.101326,-0.2753706,-0.02874562,-0.9609083,0.0132174,0.9993452,-0.03368322,0.9612473,-0.02197608,-0.2748103,moving,-12.965648190773017,-0.4279407828414216,-1.9380547543923838,5.738419799155153,2.037445,0.1244264328,-0.5006919999999997,-0.22436090200160302,-0.0072784954290698875,0.9744790197181312,-12.491617733689932,0.09106647500144271,12.612583903966971,12.634548659343013,11.969556847512345
4544,05/05/2023 15:33:02.427265,4727,True,True,True,True,Eyes,1.108112,0.0004878225,-1.617372,0.9980291,-0.01950369,-0.05964345,0.0,0.0,0.0,0.0,0.0,0.0,0.0,-1.154558,-0.07841522,-1.725177,1.329067,0.0007059779,-1.596548,-0.005742962,0.8006626,-0.01903261,0.5987855,1.352294,106.3955,358.1663,0.5287251,0.0007107493,-0.8487926,0.0,0.0,0.0,3.360029,0.1692665,-2.115866,-0.07004732,0.2139083,2.10147,-0.282846,-0.03198925,-0.9586319,0.01359656,0.9992096,-0.03735501,0.9590691,-0.0235998,-0.2821874,moving,-12.97288331815461,-0.2169909700183307,-1.9091066792722102,5.812110103154727,2.0309619999999997,0.1685605221,-0.519318,-0.22448833475654284,-0.003690535972742364,0.9744696952706109,-12.498679326894042,0.2964335761019327,12.57958176163647,12.599889414816959,11.939921959977026
4545,05/05/2023 15:33:02.447041,4728,True,True,True,True,Eyes,1.118209,0.0006251982,-1.616564,0.997588,-0.01660824,-0.06739669,0.0,0.0,0.0,0.0,0.0,0.0,0.0,-1.13451,-0.08359055,-1.745607,1.340631,0.0030971,-1.594974,-0.007257743,0.8032151,-0.01980181,0.5953158,1.3276,106.8874,357.9802,0.532419,0.0006646027,-0.8464805,0.0,0.0,0.0,3.367123,0.169702,-2.131513,-0.06902742,0.2165566,2.101609,-0.2910932,-0.03523571,-0.9560457,0.0119176,0.9991105,-0.04045152,0.9566206,-0.02316892,-0.2904143,moving,-13.024741707585893,-0.11634213422848237,-1.8812055671035672,5.88317902170014,2.026492,0.1666049,-0.5365390000000001,-0.22537134504703848,-0.0019783117337475566,0.9742709111521428,-12.550881256178096,0.3935481920126517,12.636055192783427,12.655933462794074,11.999084379913468
4546,05/05/2023 15:33:02.457092,4729,True,True,True,True,Eyes,1.128331,0.0007520627,-1.615701,0.9970721,-0.01412222,-0.07515131,0.0,0.0,0.0,0.0,0.0,0.0,0.0,-1.113025,-0.07409804,-1.767059,1.352051,0.00407172,-1.593347,-0.00986055,0.8060439,-0.01749824,0.5915149,0.9479091,107.4365,357.9024,0.5361122,0.0006299961,-0.8441463,0.0,0.0,0.0,3.373617,0.1757553,-2.149177,-0.06802887,0.2191512,2.101746,-0.3000257,-0.03659701,-0.9532288,0.004804874,0.9991931,-0.03987403,0.953919,-0.01654338,-0.2996078,moving,-13.120437190484402,-0.37202028268487874,-1.8538904296604803,5.952777837510516,2.021566,0.17168358,-0.5558299999999998,-0.22699416012949974,-0.0063234422048652275,0.973875553875668,-12.647707136594713,0.1427576856969126,12.897469606496486,12.92045460404003,12.258173325066535
4547,05/05/2023 15:33:02.476946,4730,True,True,True,True,Eyes,1.138462,0.0008712523,-1.614801,0.9964913,-0.01201527,-0.08282983,0.0,0.0,0.0,0.0,0.0,0.0,0.0,-1.093398,-0.08140658,-1.785349,1.362661,0.003956156,-1.591464,-0.008056344,0.8084419,-0.01918478,0.588208,1.234359,107.9001,357.9596,0.539804,0.0006052057,-0.8417904,0.0,0.0,0.0,3.378247,0.1933892,-2.168065,-0.06700194,0.2218167,2.101885,-0.3078927,-0.03559546,-0.9507549,0.009543116,0.9991341,-0.04049718,0.9513732,-0.02154195,-0.3072864,moving,-13.157818000825236,0.050551986956563,-1.8258034418006555,6.02425566844948,2.015586,0.18943304400000002,-0.5766009999999999,-0.22763396776227274,0.0008591353444315731,0.9737464233741538,-12.684941905792105,0.5537351010480147,12.790662897017247,12.810140110093531,12.159255053600159
4548,05/05/2023 15:33:02.497406,4731,True,True,True,True,Eyes,1.148584,0.0009862916,-1.613898,0.9958604,-0.01023161,-0.09031868,0.0,0.0,0.0,0.0,0.0,0.0,0.0,-1.077335,-0.09070397,-1.800921,1.373055,0.003953007,-1.589622,-0.00498014,0.8102328,-0.02116511,0.5857046,1.631062,108.248,358.116,0.5434925,0.0005888296,-0.8394136,0.0,0.0,0.0,3.384922,0.1853835,-2.183783,-0.06594706,0.2245561,2.102027,-0.3138503,-0.03286315,-0.9489034,0.01672286,0.9990545,-0.04013111,0.949325,-0.02846354,-0.313004,moving,-13.092440353530632,0.5915689365245596,-1.796955632137334,6.097688200172448,2.011867,0.181430493,-0.5941609999999999,-0.2265113538257149,0.010056290028881356,0.9739566539159692,-12.618379960769648,1.0819437644415475,12.550272844446845,12.566038533951097,11.927318086849231
4549,05/05/2023 15:33:02.507092,4732,True,True,True,True,Eyes,1.158693,0.00110705,-1.612973,0.9951805,-0.008839141,-0.09766108,0.0,0.0,0.0,0.0,0.0,0.0,0.0,-1.064393,-0.09682266,-1.814557,1.383182,0.00404162,-1.587991,-0.002763,0.8115445,-0.02238815,0.583855,1.8975,108.5057,358.2439,0.5471748,0.0005797857,-0.837018,0.0,0.0,0.0,3.392868,0.1732745,-2.195132,-0.06491375,0.2272382,2.102167,-0.3182113,-0.03062747,-0.947525,0.02165828,0.9989823,-0.03956434,0.9477724,-0.03311157,-0.3172241,moving,-12.938294556964617,0.9751993786761296,-1.768699832655708,6.1695528366306425,2.0096860000000003,0.16923288,-0.6071410000000002,-0.2238707630693751,0.01658764096181338,0.9744776940241846,-12.46244505888509,1.4584305033065885,12.304447692562162,12.318325947606413,11.68549787570253
4550,05/05/2023 15:33:02.527283,4733,True,True,True,True,Eyes,1.1688,0.001261676,-1.61204,0.9944609,-0.007713025,-0.1048246,0.0,0.0,0.0,0.0,0.0,0.0,0.0,-1.052351,-0.1106918,-1.827,1.39302,0.004371869,-1.586537,-4.45519e-05,0.8126683,-0.02531626,0.5821764,2.355265,108.7313,358.3053,0.5508485,0.0005775991,-0.8346049,0.0,0.0,0.0,3.401,0.1660516,-2.203452,-0.0638901,0.2298978,2.102307,-0.3221415,-0.02954947,-0.9462305,0.02940465,0.9987182,-0.04119932,0.9462349,-0.04109557,-0.3208596,moving,-12.768636942555965,1.519234063405275,-1.7407099645154076,6.240782460960416,2.00798,0.161679731,-0.6169149999999999,-0.22094079974860859,0.025857333536528755,0.9749444755766584,-12.29068131131277,1.991454366769715,11.983894471740456,11.996174086076373,11.373595942810864
4551,05/05/2023 15:33:02.547253,4734,True,True,True,True,Eyes,1.178909,0.001456066,-1.611097,0.9937016,-0.006550708,-0.1118673,0.0,0.0,0.0,0.0,0.0,0.0,0.0,-1.039516,-0.1193566,-1.840428,1.40312,0.005373418,-1.58532,0.00137738,0.813947,-0.02693587,0.5803128,2.604839,108.9873,358.3353,0.5545118,0.0005832547,-0.8321754,0.0,0.0,0.0,3.409518,0.152089,-2.211224,-0.06286496,0.2325589,2.102448,-0.3264705,-0.02902023,-0.9447619,0.03350469,0.9985451,-0.04225012,0.9446136,-0.04544736,-0.3250232,moving,-12.62942646632408,1.848603157920445,-1.712681609806807,6.312020646813587,2.006398,0.146715582,-0.625904,-0.2185360841253684,0.03147888824279237,0.9753210414818798,-12.149874300210655,2.3148136839320994,11.781890794413643,11.793956670365272,11.176433007034388
4552,05/05/2023 15:33:02.556859,4735,True,True,True,True,Eyes,1.189014,0.001656966,-1.610155,0.9929159,-0.005206432,-0.1187053,0.0,0.0,0.0,0.0,0.0,0.0,0.0,-1.027225,-0.1165721,-1.854203,1.413285,0.006502796,-1.584118,0.0008911687,0.8152002,-0.02599654,0.578595,2.488337,109.2332,358.3578,0.5581629,0.0005979206,-0.8297309,0.0,0.0,0.0,3.417318,0.146606,-2.220273,-0.06179464,0.235339,2.102594,-0.3304544,-0.02862998,-0.9433879,0.0315359,0.9986467,-0.04135352,0.9432953,-0.04341602,-0.3291043,moving,-12.47907296315303,1.8207000507429674,-1.683422096913769,6.3864172917540785,2.0040329999999997,0.14010320399999998,-0.6361550000000002,-0.21597901565228156,0.031021984097980914,0.9759050880877537,-11.998227947865379,2.2903359062046222,11.709212704987554,11.72142702705599,11.098337824191075
4553,05/05/2023 15:33:02.577091,4736,True,True,True,True,Eyes,1.199098,0.001844906,-1.609221,0.9920969,-0.003951294,-0.1254116,0.0,0.0,0.0,0.0,0.0,0.0,0.0,-1.015839,-0.1084074,-1.867769,1.423318,0.006797024,-1.583149,0.000212,0.8163771,-0.02401275,0.5770197,2.260996,109.4633,358.4307,0.5617995,0.0006209691,-0.8272729,0.0,0.0,0.0,3.424375,0.1545185,-2.228601,-0.06081313,0.2378886,2.102727,-0.3340966,-0.02736552,-0.9421417,0.02805781,0.9988467,-0.03896227,0.9421213,-0.03945158,-0.3329434,moving,-12.314681368126589,1.6877627288127992,-1.65659389406833,6.454620307520268,2.001057,0.147721476,-0.6454519999999999,-0.21319240887979557,0.0287756438606677,0.9765863506341249,-11.832537996746227,2.1637912910270405,11.66310280148924,11.675519679241622,11.043597784671684
4554,05/05/2023 15:33:02.597105,4737,True,True,True,True,Eyes,1.209142,0.002043215,-1.608335,0.9912452,-0.002883398,-0.1320028,0.0,0.0,0.0,0.0,0.0,0.0,0.0,-1.004922,-0.1067643,-1.880402,1.432917,0.006676437,-1.582367,0.001640446,0.8174866,-0.02342588,0.5754687,2.303266,109.6848,358.6076,0.5654196,0.0006508654,-0.8248029,0.0,0.0,0.0,3.431196,0.1657778,-2.236342,-0.05977494,0.240584,2.102869,-0.3376664,-0.02427964,-0.9409528,0.02964381,0.9988971,-0.03641264,0.9407991,-0.04018874,-0.3365743,moving,-12.153694647233616,1.8353703588358332,-1.6282183043889293,6.526689901010285,1.998279,0.159101363,-0.653975,-0.2104315844058246,0.03131063207677941,0.9771071038112009,-11.669967376478656,2.3104789216445836,11.51124705578564,11.523633597549477,10.89096687394369
4555,05/05/2023 15:33:02.607235,4738,True,True,True,True,Eyes,1.219161,0.002269893,-1.607474,0.9903609,-0.002015338,-0.1384961,0.0,0.0,0.0,0.0,0.0,0.0,0.0,-0.9934926,-0.1110618,-1.892938,1.442308,0.007170914,-1.581857,0.004475727,0.81868,-0.02389913,0.5737351,2.537155,109.9286,358.8474,0.5690192,0.0006873894,-0.8223236,0.0,0.0,0.0,3.438472,0.1665707,-2.243764,-0.05874652,0.2432534,2.103008,-0.3416162,-0.02009516,-0.9396247,0.03475191,0.9988176,-0.03399572,0.9391968,-0.04426725,-0.340514,moving,-12.022268649052888,2.1745139022499522,-1.6001140019392497,6.598039351232891,1.996164,0.159399786,-0.661907,-0.20814834566786755,0.03711225346713476,0.9773929048185258,-11.537002411470665,2.6432200365025915,11.309480225442972,11.322053033180515,10.694968306434742
4556,05/05/2023 15:33:02.627349,4739,True,True,True,True,Eyes,1.229144,0.002497315,-1.606636,0.9894459,-0.001132901,-0.1448987,0.0,0.0,0.0,0.0,0.0,0.0,0.0,-0.9816705,-0.1153311,-1.905801,1.451735,0.0081034,-1.581599,0.007192864,0.8199471,-0.02424155,0.5718806,2.750136,110.1896,359.0861,0.572596,0.0007312307,-0.8198371,0.0,0.0,0.0,3.445841,0.1608594,-2.252134,-0.05771977,0.2459199,2.103148,-0.3458019,-0.01593101,-0.9381725,0.03952208,0.9987212,-0.03152665,0.937475,-0.04798049,-0.3447301,moving,-11.910348726969719,2.4917723641355574,-1.5720573586085778,6.6692777445608336,1.9941060000000002,0.152756,-0.6705349999999999,-0.20619409254037724,0.04254167733532311,0.9775859592097893,-11.42373993585164,2.9542909358483236,11.13718858393469,11.150417912374971,10.528854476706496
4557,05/05/2023 15:33:02.647471,4740,True,True,True,True,Eyes,1.239074,0.002722394,-1.605836,0.9884942,-0.0005430772,-0.1512578,0.0,0.0,0.0,0.0,0.0,0.0,0.0,-0.9683619,-0.1165403,-1.919327,1.460792,0.008350288,-1.581499,0.009139943,0.821467,-0.0241011,0.5696735,2.866561,110.5008,359.2861,0.5761477,0.0007816376,-0.8173448,0.0,0.0,0.0,3.452941,0.1563891,-2.261327,-0.05668068,0.2486174,2.103288,-0.3507774,-0.01244319,-0.9363765,0.04247583,0.9986712,-0.02918294,0.9354954,-0.05001007,-0.3497828,moving,-11.84802221900906,2.685576532546599,-1.5436677857461965,6.741318788173523,1.992149,0.148038812,-0.6798280000000001,-0.2051004057906714,0.04585889851552825,0.9776659886683028,-11.360646516447297,3.1442066300734304,11.05981491153975,11.073787316468643,10.455251660146171
4558,05/05/2023 15:33:02.657163,4741,True,True,True,True,Eyes,1.248945,0.002966276,-1.605122,0.9875135,-2.073343e-05,-0.1575339,0.0,0.0,0.0,0.0,0.0,0.0,0.0,-0.9545743,-0.1250383,-1.932337,1.469481,0.008567889,-1.581558,0.01264749,0.8230311,-0.02542662,0.567286,3.221909,110.8328,359.5392,0.5796714,0.0008377752,-0.8148496,0.0,0.0,0.0,3.458729,0.1549229,-2.272513,-0.05560607,0.2514077,2.103436,-0.3560533,-0.008029767,-0.934431,0.04966688,0.998387,-0.02750431,0.9331446,-0.05620328,-0.3550802,moving,-11.811606027838902,3.124727538176626,-1.5143086155857612,6.815795371329507,1.989248,0.146355011,-0.690955,-0.20440270675531524,0.053358878279403284,0.9774314330638236,-11.323415673930539,3.5726614906302006,10.922764307972397,10.938844351453728,10.33133576311452
4559,05/05/2023 15:33:02.677220,4742,True,True,True,True,Eyes,1.258774,0.003220339,-1.604457,0.9864961,0.0004390828,-0.1637847,0.0,0.0,0.0,0.0,0.0,0.0,0.0,-0.9405257,-0.1294839,-1.94595,1.478421,0.009315562,-1.581854,0.0152023,0.8246514,-0.02577234,0.5648494,3.421469,111.1743,359.768,0.5831631,0.0008999331,-0.8123543,0.0,0.0,0.0,3.464479,0.1442985,-2.284424,-0.05463552,0.2539289,2.103567,-0.3614283,-0.004041791,-0.9323913,0.05418817,0.9982094,-0.02533238,0.930824,-0.05968041,-0.360562,moving,-11.781621296920965,3.398976930155747,-1.4877971975599653,6.883069279247872,1.9860579999999999,0.134982938,-0.7025699999999999,-0.20383782617058394,0.05804377163854453,0.9772825779983131,-11.292858402884987,3.840361412155386,10.849555302555864,10.86746125300604,10.26631854194269
4560,05/05/2023 15:33:02.697273,4743,True,True,True,True,Eyes,1.268541,0.003472799,-1.603864,0.9854452,0.001103628,-0.1699895,0.0,0.0,0.0,0.0,0.0,0.0,0.0,-0.9262302,-0.1302754,-1.959822,1.487256,0.009814782,-1.582324,0.01638781,0.8263242,-0.02550588,0.5623782,3.473365,111.5205,359.9079,0.5866207,0.0009679456,-0.8098609,0.0,0.0,0.0,3.46988,0.1401492,-2.296899,-0.0535962,0.2566266,2.103708,-0.3669242,-0.001604622,-0.9302493,0.05577118,0.9981617,-0.02371996,0.9285774,-0.06058453,-0.3661602,moving,-11.7605146668068,3.5188497095367985,-1.4594097242743018,6.955019680441462,1.982624,0.130334418,-0.7145749999999997,-0.2034530546247138,0.060093192270455925,0.9772387390574895,-11.271431054976038,3.9575153449497034,10.840149856628424,10.859098816477104,10.259668358940154
4561,05/05/2023 15:33:02.707262,4744,True,True,True,True,Eyes,1.278274,0.00372349,-1.60332,0.9843599,0.001763866,-0.1761603,0.0,0.0,0.0,0.0,0.0,0.0,0.0,-0.9123023,-0.1326704,-1.973109,1.495799,0.01003351,-1.58289,0.01691009,0.8279267,-0.02577823,0.5599883,3.533027,111.8516,359.95,0.5900414,0.001041076,-0.8073721,0.0,0.0,0.0,3.474591,0.1412778,-2.309926,-0.0525611,0.2593161,2.103848,-0.3722543,-0.000870387,-0.9281304,0.05687165,0.9980991,-0.02374607,0.9263868,-0.06162389,-0.3714972,moving,-11.731419443705267,3.625902323328041,-1.431140874390647,7.026721736182708,1.978792,0.13124429,-0.727036,-0.20293401263540373,0.061925793988980356,0.9772322946986014,-11.241959173849583,4.062324159423555,10.827247553189292,10.847179877015556,10.248893047451217
4562,05/05/2023 15:33:02.727464,4745,True,True,True,True,Eyes,1.287977,0.003968975,-1.602823,0.9832331,0.002769372,-0.1823324,0.0,0.0,0.0,0.0,0.0,0.0,0.0,-0.8984172,-0.1338132,-1.98666,1.504771,0.01024167,-1.583488,0.01621258,0.8294801,-0.02595679,0.5576972,3.505521,112.1669,359.882,0.593424,0.00111866,-0.804889,0.0,0.0,0.0,3.478989,0.1418808,-2.322896,-0.05154383,0.2619562,2.103986,-0.3774219,-0.002056037,-0.926039,0.05584808,0.9981268,-0.02497786,0.9243557,-0.0611447,-0.3766001,moving,-11.691691205836271,3.643221075857418,-1.4033616784731204,7.09707409712521,1.9742179999999998,0.13163913,-0.7394080000000001,-0.20225253909953972,0.06223014125727565,0.977354297270715,-11.201861552655794,4.079909769428744,10.832363948862744,10.85259531891488,10.252506052896626
4563,05/05/2023 15:33:02.747518,4746,True,True,True,True,Eyes,1.29766,0.004194264,-1.602382,0.9820787,0.003825794,-0.1884325,0.0,0.0,0.0,0.0,0.0,0.0,0.0,-0.8858905,-0.1312896,-1.999817,1.513719,0.01032444,-1.584253,0.01435425,0.8308598,-0.0255277,0.5557107,3.346457,112.4402,359.7406,0.5967674,0.001199925,-0.8024131,0.0,0.0,0.0,3.483576,0.1458658,-2.335752,-0.05049813,0.2646725,2.104129,-0.3819593,-0.00451929,-0.9241682,0.05222476,0.9982846,-0.02646625,0.9227024,-0.05837348,-0.381068,moving,-11.61602504867032,3.5171342874478118,-1.3748084913724585,7.169421504127053,1.9698569999999997,0.13554136,-0.7514989999999999,-0.20098797937468987,0.06009516386713324,0.9777486487724398,-11.125670780045008,3.9584428967721923,10.85355408245799,10.87298112233211,10.265948518746185
4564,05/05/2023 15:33:02.757225,4747,True,True,True,True,Eyes,1.307302,0.004386817,-1.602039,0.9808971,0.005198933,-0.1944575,0.0,0.0,0.0,0.0,0.0,0.0,0.0,-0.8739738,-0.129246,-2.012832,1.522925,0.01005273,-1.585127,0.01281539,0.8321312,-0.0252554,0.5538553,3.223291,112.6949,359.6185,0.6000713,0.001283458,-0.7999452,0.0,0.0,0.0,3.488191,0.1545922,-2.347477,-0.04947245,0.2673362,2.104269,-0.3861602,-0.006647506,-0.9224079,0.04930386,0.9983959,-0.02783587,0.9211133,-0.05622736,-0.385213,moving,-11.525060843823725,3.4498288096789786,-1.346805231403414,7.240336864996175,1.965266,0.14453947,-0.7623500000000001,-0.19944887412962625,0.05896548109909905,0.9781324489281475,-11.033981110954427,3.894513101345306,10.842105671667976,10.861161937343082,10.248702999832018
4565,05/05/2023 15:33:02.776931,4748,True,True,True,True,Eyes,1.316929,0.004537722,-1.601759,0.9796934,0.006569255,-0.2003939,0.0,0.0,0.0,0.0,0.0,0.0,0.0,-0.8632041,-0.1260184,-2.025429,1.532033,0.009447857,-1.586238,0.01153739,0.833272,-0.0247582,0.5521883,3.095607,112.9246,359.5344,0.6033334,0.001367384,-0.7974875,0.0,0.0,0.0,3.493345,0.1615864,-2.358588,-0.0484581,0.2699699,2.104408,-0.38991,-0.008114811,-0.9208173,0.04656994,0.9985078,-0.028519,0.9196748,-0.05400226,-0.3889503,moving,-11.411342311755611,3.3859928976679763,-1.3191139938245198,7.310420366185904,1.9613120000000002,0.152138543,-0.7723500000000001,-0.19751949097042298,0.05789874353766705,0.9785876631429448,-10.919332804622822,3.8343724257583798,10.809710153737456,10.828398006026019,10.21014742789525
4566,05/05/2023 15:33:02.796923,4749,True,True,True,True,Eyes,1.32654,0.004664751,-1.601558,0.9784535,0.007989468,-0.2063125,0.0,0.0,0.0,0.0,0.0,0.0,0.0,-0.8525079,-0.1238313,-2.038037,1.541287,0.008591157,-1.587469,0.0108352,0.8343909,-0.02446341,0.5505235,3.023995,113.1537,359.492,0.6065536,0.001449598,-0.7950409,0.0,0.0,0.0,3.498722,0.168411,-2.368902,-0.04743189,0.2726353,2.104547,-0.3936133,-0.008853779,-0.9192337,0.04501694,0.9985682,-0.02889403,0.9181734,-0.05275415,-0.3926512,moving,-11.296311891765553,3.3897499935974125,-1.291103076231087,7.3813214080280405,1.9574349999999998,0.15981984300000002,-0.7814329999999998,-0.19555341935170156,0.05798621182229539,0.9789772164538768,-10.803285033475932,3.8401012217672648,10.753304179207014,10.772040001733577,10.149967782969322
4567,05/05/2023 15:33:02.816902,4750,True,True,True,True,Eyes,1.336152,0.004768766,-1.601425,0.9771712,0.009518327,-0.21224,0.0,0.0,0.0,0.0,0.0,0.0,0.0,-0.8411753,-0.1255048,-2.050878,1.550645,0.008124311,-1.588981,0.01074177,0.8355892,-0.02485287,0.5486872,3.056536,113.4042,359.4651,0.6097313,0.001529074,-0.7926065,0.0,0.0,0.0,3.50441,0.1729257,-2.379194,-0.04638654,0.2753492,2.10469,-0.3976539,-0.009321494,-0.9174882,0.04522431,0.9985339,-0.02974583,0.9164203,-0.05332132,-0.3966493,moving,-11.20308539025278,3.5070251193391493,-1.262572048219312,7.453474458099804,1.953765,0.164801389,-0.790213,-0.1939370291783583,0.060009528563032245,0.9791768254270697,-10.709105543084217,3.9560217145721674,10.675726530563358,10.695245106426958,10.073190694254405
4568,05/05/2023 15:33:02.827049,4751,True,True,True,True,Eyes,1.345753,0.004835417,-1.601367,0.9758716,0.01097828,-0.2180692,0.0,0.0,0.0,0.0,0.0,0.0,0.0,-0.829409,-0.1228537,-2.064279,1.560258,0.007781195,-1.590533,0.01036518,0.8368496,-0.02427567,0.5467963,2.978742,113.6652,359.4722,0.6128665,0.001604942,-0.7901846,0.0,0.0,0.0,3.510158,0.1740231,-2.390553,-0.04532039,0.2781166,2.104834,-0.401813,-0.009199494,-0.9156756,0.04389588,0.9986064,-0.02929487,0.9146692,-0.05196544,-0.4008491,moving,-11.12136043882826,3.516481221362162,-1.2334777494682414,7.527021748876015,1.9499000000000002,0.166241905,-0.8000200000000002,-0.19253810182781422,0.06018803367577317,0.9794419626775979,-10.626650167269885,3.9667032137636564,10.65058249075023,10.670269884186464,10.045275314396026
4569,05/05/2023 15:33:02.847354,4752,True,True,True,True,Eyes,1.355351,0.0048585,-1.601387,0.9745687,0.01229518,-0.223751,0.0,0.0,0.0,0.0,0.0,0.0,0.0,-0.8196597,-0.1214863,-2.076619,1.56962,0.006788259,-1.592229,0.0109479,0.837855,-0.02395569,0.5452571,2.985409,113.878,359.5537,0.6159589,0.001675741,-0.7877763,0.0,0.0,0.0,3.515737,0.179167,-2.401965,-0.04430509,0.2807553,2.104972,-0.4051496,-0.007778512,-0.9142172,0.04446953,0.9986125,-0.02820395,0.9131682,-0.05208163,-0.4042415,moving,-10.996612488831584,3.616686571650215,-1.205773714389048,7.597113591352959,1.946117,0.172378741,-0.8097360000000002,-0.1903848256188258,0.06192738856154381,0.979754280006961,-10.50069080312002,4.066562057940688,10.548730949034525,10.569026595023171,9.94285058805888
4570,05/05/2023 15:33:02.857051,4753,True,True,True,True,Eyes,1.36493,0.004843324,-1.601523,0.9732866,0.01350286,-0.2291961,0.0,0.0,0.0,0.0,0.0,0.0,0.0,-0.8124049,-0.1236061,-2.087973,1.579173,0.005775252,-1.594079,0.01231133,0.8385133,-0.02426985,0.5442013,3.101266,114.0233,359.669,0.6190085,0.001739874,-0.785382,0.0,0.0,0.0,3.522061,0.1807915,-2.411743,-0.04317093,0.2836995,2.105126,-0.4073871,-0.005768932,-0.9132375,0.04706179,0.9985188,-0.02730149,0.9120424,-0.05410085,-0.4065122,moving,-10.817142035672665,3.8259238757273497,-1.1748301155304341,7.675282514212851,1.942888,0.17501624799999999,-0.817664,-0.18727161805669262,0.0655448616995057,0.9801189710428881,-10.319404340424986,4.273618799551784,10.3607133137873,10.38228014903277,9.756769638678957
4571,05/05/2023 15:33:02.876918,4754,True,True,True,True,Eyes,1.374518,0.004787463,-1.601745,0.9720165,0.0146176,-0.2344576,0.0,0.0,0.0,0.0,0.0,0.0,0.0,-0.8075604,-0.1256566,-2.098511,1.588655,0.004848477,-1.596197,0.01337157,0.8388843,-0.02460264,0.5435891,3.199617,114.1074,359.7525,0.6220142,0.001796183,-0.7830036,0.0,0.0,0.0,3.529938,0.1776141,-2.419045,-0.04231834,0.2859136,2.105243,-0.4086643,-0.004313048,-0.9126745,0.04918186,0.9984319,-0.02674026,0.9113585,-0.05581482,-0.4078113,moving,-10.58777581788514,4.005562792061882,-1.1515705228637863,7.73403642049385,1.941283,0.172765623,-0.822848,-0.1833079143758114,0.06866970369744549,0.9806542698734686,-10.087815947870677,4.4527395778899255,10.123620758713892,10.146106936539832,9.519631887065753
4572,05/05/2023 15:33:02.897079,4755,True,True,True,True,Eyes,1.384104,0.004697149,-1.602064,0.9707574,0.01562006,-0.2395542,0.0,0.0,0.0,0.0,0.0,0.0,0.0,-0.8034294,-0.1271848,-2.109178,1.598502,0.003823753,-1.598462,0.01383533,0.8391551,-0.0249536,0.5431435,3.262409,114.1677,359.7769,0.624976,0.001843513,-0.7806414,0.0,0.0,0.0,3.538479,0.1756654,-2.424836,-0.04128218,0.2886031,2.105383,-0.4096077,-0.003886805,-0.9122537,0.05032674,0.9983718,-0.02685075,0.9108726,-0.05690902,-0.4087452,moving,-10.34692162193835,4.131600903345377,-1.123307077301418,7.805382630120939,1.939977,0.171841647,-0.8263739999999999,-0.17915614161474258,0.07088188400011557,0.9812639635231265,-9.844698682612975,4.579851624411476,9.905299599747185,9.928330043065046,9.298748399757464
4573,05/05/2023 15:33:02.907358,4756,True,True,True,True,Eyes,1.393703,0.004573169,-1.602475,0.9695207,0.01660857,-0.2444456,0.0,0.0,0.0,0.0,0.0,0.0,0.0,-0.8005844,-0.1320031,-2.119105,1.608124,0.002918934,-1.600904,0.01449556,0.8392693,-0.02597592,0.5429019,3.401982,114.1978,359.7777,0.6278939,0.001881148,-0.7782962,0.0,0.0,0.0,3.547508,0.1750236,-2.43021,-0.04022807,0.2913413,2.105526,-0.4100952,-0.003873392,-0.9120347,0.05253611,0.9982302,-0.02786224,0.9105286,-0.05934092,-0.4091659,moving,-10.090394382409253,4.329140726877508,-1.094557004957227,7.877984263109656,1.939384,0.172104666,-0.8293060000000001,-0.17471706906488838,0.07432481007776628,0.9818093766457792,-9.585689915457198,4.77689909964625,9.646401007118435,9.670541896203108,9.039693982366249
4574,05/05/2023 15:33:02.927083,4757,True,True,True,True,Eyes,1.403315,0.00441016,-1.602978,0.9683049,0.01767702,-0.2491446,0.0,0.0,0.0,0.0,0.0,0.0,0.0,-0.798753,-0.1309215,-2.129353,1.618028,0.001985177,-1.603518,0.01402585,0.8392904,-0.02591142,0.5428845,3.366531,114.1997,359.7365,0.630768,0.001908487,-0.7759687,0.0,0.0,0.0,3.556917,0.171589,-2.434903,-0.03920722,0.2939907,2.105667,-0.4101598,-0.004590283,-0.9120023,0.05167734,0.9982637,-0.02826558,0.9105486,-0.05872325,-0.4092104,moving,-9.816706414987173,4.3490305001418275,-1.0667159988697124,7.948187987183537,1.9388889999999999,0.169603823,-0.8313849999999998,-0.1700200930821943,0.07472796058853122,0.9826030673490955,-9.309569082724522,4.801197021854939,9.437665099214207,9.461303657460519,8.823161513758803
4575,05/05/2023 15:33:02.946682,4758,True,True,True,True,Eyes,1.412946,0.004204312,-1.60358,0.9671239,0.01873765,-0.2536144,0.0,0.0,0.0,0.0,0.0,0.0,0.0,-0.798508,-0.1296353,-2.139078,1.627938,0.001083149,-1.606203,0.01362576,0.8391204,-0.02578421,0.5431635,3.329277,114.1614,359.7048,0.6335987,0.001924761,-0.773659,0.0,0.0,0.0,3.566458,0.1746288,-2.438795,-0.03818601,0.2966431,2.105806,-0.4095758,-0.005142774,-0.9122618,0.0508774,0.998299,-0.02847009,0.9108564,-0.05807415,-0.4086174,moving,-9.515313700362942,4.368623449266771,-1.0388694120478155,8.018445856660144,1.9385199999999998,0.173545651,-0.8325919999999998,-0.16484398624727453,0.07513093349668883,0.983454017428429,-9.005499828251857,4.825704059799217,9.20581689935703,9.22883044477581,8.582587044114968
4576,05/05/2023 15:33:02.957112,4759,True,True,True,True,Eyes,1.422592,0.003967087,-1.604309,0.9659794,0.01988385,-0.2578537,0.0,0.0,0.0,0.0,0.0,0.0,0.0,-0.7992847,-0.1278776,-2.148818,1.637988,-0.0001548855,-1.60923,0.01304233,0.8388546,-0.02566811,0.5435937,3.281581,114.1021,359.6542,0.6363864,0.001929113,-0.7713676,0.0,0.0,0.0,3.5766,0.1777589,-2.441345,-0.03716546,0.2992946,2.105944,-0.4086716,-0.006024812,-0.9126617,0.04978729,0.998342,-0.02888416,0.9113226,-0.05724308,-0.4076942,moving,-9.207499683347702,4.379979804711908,-1.011044441239799,8.088649981163165,1.938612,0.1779137855,-0.8321150000000002,-0.15955500768167724,0.07539225759507619,0.9843060023881242,-8.69496197981634,4.842302888489751,8.97417685672101,8.99645002284663,8.3415441127979
4577,05/05/2023 15:33:02.976973,4760,True,True,True,True,Eyes,1.43226,0.00368465,-1.605151,0.9648622,0.02101818,-0.2619146,0.0,0.0,0.0,0.0,0.0,0.0,0.0,-0.7991437,-0.1221483,-2.15947,1.648277,-0.00138494,-1.612463,0.01205521,0.8387421,-0.02475549,0.5438324,3.132142,114.0715,359.6154,0.6391306,0.001921325,-0.7690954,0.0,0.0,0.0,3.587114,0.1809338,-2.443596,-0.03614992,0.3019301,2.106082,-0.4082022,-0.006703254,-0.9128671,0.0471481,0.9984837,-0.02841492,0.9116734,-0.05463897,-0.4072672,moving,-8.936017103349657,4.29106262536156,-0.9833588964861373,8.158393956182008,1.9388370000000001,0.18231874,-0.8311329999999999,-0.1549064511924208,0.0739200017662457,0.9851598404778595,-8.421188334573836,4.760566614706536,8.822252700928072,8.843134296025315,8.177196181611533
4578,05/05/2023 15:33:02.996911,4761,True,True,True,True,Eyes,1.441963,0.00337565,-1.606089,0.9636582,0.0225178,-0.2661875,0.0,0.0,0.0,0.0,0.0,0.0,0.0,-0.7984611,-0.1191326,-2.170316,1.658462,-0.002762952,-1.616014,0.01198468,0.8387283,-0.02427957,0.5438766,3.081954,114.0672,359.6382,0.6418317,0.001900574,-0.7668428,0.0,0.0,0.0,3.597162,0.1879066,-2.446852,-0.03512222,0.3045998,2.106222,-0.4081092,-0.006306388,-0.9129114,0.04651396,0.9985338,-0.02769154,0.9117474,-0.0537643,-0.4072175,moving,-8.67534515126713,4.3321861300727065,-0.9553449154083582,8.229008046343719,1.9386999999999999,0.19066955200000002,-0.8308379999999997,-0.15041425169598371,0.07467948476584371,0.9857984024851003,-8.158174273401448,4.8053153311443015,8.627239903357403,8.647752580225083,7.975112699421664
4579,05/05/2023 15:33:03.007363,4762,True,True,True,True,Eyes,1.451696,0.003045324,-1.607148,0.9624659,0.02403706,-0.2703361,0.0,0.0,0.0,0.0,0.0,0.0,0.0,-0.7965678,-0.1162855,-2.181858,1.66872,-0.003778368,-1.619847,0.01216801,0.8388966,-0.02370221,0.5436385,3.037951,114.1022,359.6927,0.6444902,0.001867007,-0.76461,0.0,0.0,0.0,3.607136,0.1910568,-2.451159,-0.03408068,0.3073026,2.106364,-0.4086186,-0.005355465,-0.9126897,0.04618628,0.9985803,-0.02653742,0.911536,-0.05299741,-0.407791,moving,-8.458805636485721,4.384918400749492,-0.9269569541346471,8.300461420767007,1.9384160000000001,0.194835168,-0.831312,-0.14667699973688458,0.07562965688553028,0.986289008671914,-7.939668287599405,4.8605790341945685,8.468463377571041,8.488829231139091,7.810948154990939
4580,05/05/2023 15:33:03.027278,4763,True,True,True,True,Eyes,1.461466,0.002688344,-1.608317,0.9611899,0.0259729,-0.2746623,0.0,0.0,0.0,0.0,0.0,0.0,0.0,-0.7928163,-0.1107929,-2.194441,1.679173,-0.004644804,-1.623809,0.01201487,0.8393117,-0.02258594,0.5430484,2.921207,114.1866,359.7498,0.6471062,0.001821013,-0.7623975,0.0,0.0,0.0,3.616698,0.1942552,-2.456904,-0.03306699,0.3099356,2.106502,-0.4099084,-0.004362087,-0.9121165,0.04469896,0.9986911,-0.02486398,0.9110311,-0.0509626,-0.4091769,moving,-8.279523720240556,4.38886625755451,-0.8993313904113427,8.370036560727604,1.937525,0.198900004,-0.8330950000000001,-0.14358900778255185,0.07573227837266305,0.9867354322685578,-7.758802913335337,4.867649218261906,8.365537872257146,8.385520604478728,7.7018872148629365
4581,05/05/2023 15:33:03.036790,4764,True,True,True,True,Eyes,1.471257,0.002303562,-1.609601,0.9599279,0.02789108,-0.2788558,0.0,0.0,0.0,0.0,0.0,0.0,0.0,-0.7881713,-0.1032029,-2.207599,1.689665,-0.005714749,-1.627993,0.0116476,0.8398619,-0.02111161,0.5422642,2.756638,114.2981,359.8089,0.6496802,0.001762706,-0.7602053,0.0,0.0,0.0,3.62549,0.2004075,-2.464378,-0.03200984,0.3126822,2.106647,-0.4116275,-0.003331385,-0.911346,0.0424609,0.9988373,-0.02282952,0.9103624,-0.04809384,-0.4110074,moving,-8.134074407034362,4.343849904241547,-0.8705243965940681,8.442573172432954,1.9358250000000001,0.20612224899999998,-0.8363849999999999,-0.14109165396981255,0.07498419636745043,0.9871527532306268,-7.612123191828831,4.826412332702805,8.320785369840488,8.340185320685677,7.650213953525003
4582,05/05/2023 15:33:03.056901,4765,True,True,True,True,Eyes,1.481068,0.001925715,-1.611013,0.9586138,0.02992128,-0.283133,0.0,0.0,0.0,0.0,0.0,0.0,0.0,-0.7848421,-0.09903334,-2.219838,1.699973,-0.00678265,-1.632026,0.01139447,0.8402176,-0.02037482,0.5417467,2.670056,114.3707,359.832,0.6522126,0.001692146,-0.7580339,0.0,0.0,0.0,3.633744,0.2080758,-2.472872,-0.03097153,0.3153775,2.106786,-0.4127617,-0.002928312,-0.9108346,0.04122366,0.9989101,-0.02189273,0.909906,-0.0465844,-0.412191,moving,-7.948031808093328,4.3778654405780655,-0.8422355834948729,8.513731887399095,1.9337710000000001,0.21485845,-0.8408460000000002,-0.13787909291295591,0.07560478057216659,0.9875592484141968,-7.4244037730404955,4.862894603266573,8.202594415607342,8.221783945802617,7.526855316178094
4583,05/05/2023 15:33:03.076965,4766,True,True,True,True,Eyes,1.490919,0.001565604,-1.612554,0.9573124,0.03196939,-0.2872821,0.0,0.0,0.0,0.0,0.0,0.0,0.0,-0.783258,-0.1021986,-2.231347,1.710385,-0.006994455,-1.63627,0.01111792,0.8403406,-0.0210599,0.5415353,2.71893,114.397,359.7635,0.6547028,0.001611001,-0.7558845,0.0,0.0,0.0,3.642549,0.2128364,-2.480164,-0.02995056,0.3180279,2.106925,-0.4132317,-0.004123686,-0.9106166,0.04149504,0.9988658,-0.02335349,0.90968,-0.04743647,-0.412592,moving,-7.731653316504692,4.535706963990504,-0.8144215416547145,8.583660961145096,1.9321639999999998,0.21983085500000002,-0.8438939999999999,-0.13411990745931085,0.0783658841866809,0.9878616890485671,-7.205942011263699,5.020547820133818,7.994944275332578,8.014613340022962,7.317602692759283
4584,05/05/2023 15:33:03.096989,4767,True,True,True,True,Eyes,1.500817,0.00119629,-1.614178,0.9559436,0.03426278,-0.2915439,0.0,0.0,0.0,0.0,0.0,0.0,0.0,-0.7804844,-0.09918766,-2.244131,1.721199,-0.006939071,-1.640897,0.009504732,0.8406534,-0.02066254,0.5410958,2.580673,114.4562,359.6341,0.6571509,0.001521253,-0.7537572,0.0,0.0,0.0,3.652401,0.2134817,-2.48677,-0.02893263,0.3206723,2.107064,-0.4142502,-0.006380458,-0.9101409,0.0383412,0.9989654,-0.02445413,0.9093553,-0.04502601,-0.4135769,moving,-7.543121849846553,4.513015796326113,-0.7866934345263341,8.653395597726657,1.9312019999999999,0.220420771,-0.8458729999999999,-0.13087230129959437,0.0780088038148184,0.9883253600821077,-7.015775582729313,5.0018338923165935,7.905130746175596,7.924144738152635,7.2204824837041395
4585,05/05/2023 15:33:03.111947,4768,True,True,True,True,Eyes,1.510723,0.0008201132,-1.615911,0.954594,0.03647763,-0.2956681,0.0,0.0,0.0,0.0,0.0,0.0,0.0,-0.7769096,-0.09210433,-2.257118,1.73175,-0.007609106,-1.645491,0.007519401,0.841082,-0.01965028,0.5404982,2.360305,114.5384,359.5072,0.6595588,0.001423458,-0.7516513,0.0,0.0,0.0,3.661344,0.2214796,-2.494943,-0.02786058,0.3234548,2.10721,-0.4156104,-0.008593015,-0.9095021,0.03389075,0.9991146,-0.02492655,0.9089111,-0.04118344,-0.4149513,moving,-7.3837912020619605,4.404675035845196,-0.7574948120281726,8.7267352687279,1.9295940000000003,0.229088706,-0.8494520000000001,-0.1281417185177281,0.07616722757841451,0.9888266790001008,-6.855163488943175,4.899159050866006,7.893295042506278,7.911258338926931,7.199437686164964
4586,05/05/2023 15:33:03.127076,4769,True,True,True,True,Eyes,1.520648,0.0005280869,-1.617762,0.95323,0.03851968,-0.2997814,0.0,0.0,0.0,0.0,0.0,0.0,0.0,-0.774708,-0.09267847,-2.268785,1.741849,-0.008145626,-1.649861,0.006722989,0.8413085,-0.01998703,0.5401438,2.343666,114.5847,359.4105,0.6619259,0.001318238,-0.7495679,0.0,0.0,0.0,3.669353,0.2316068,-2.503638,-0.02685702,0.3260615,2.107347,-0.4163989,-0.01027953,-0.9091239,0.03290396,0.9991106,-0.02636776,0.9085864,-0.04089328,-0.4156903,moving,-7.190020096581335,4.494736941386547,-0.7301647964674662,8.79540502837964,1.927504,0.239752426,-0.853777,-0.12478150462681309,0.07775502293554741,0.9891328621295644,-6.659584459241231,4.990378011860937,7.74251752659454,7.7605074893907595,7.045299719225959
4587,05/05/2023 15:33:03.146982,4770,True,True,True,True,Eyes,1.530609,0.0003596801,-1.619731,0.9518732,0.04065058,-0.3037843,0.0,0.0,0.0,0.0,0.0,0.0,0.0,-0.7735934,-0.1057944,-2.279963,1.752248,-0.006393158,-1.654527,0.006440874,0.8413619,-0.02238839,0.5399699,2.557917,114.5998,359.2349,0.6642521,0.001210248,-0.7475074,0.0,0.0,0.0,3.678252,0.2343981,-2.511117,-0.02582085,0.3287528,2.107487,-0.4167823,-0.0133399,-0.9089085,0.03501632,0.9989145,-0.03071772,0.9083316,-0.04462923,-0.4158628,moving,-6.98306946922344,4.812029018769178,-0.7019505739755593,8.86627336549601,1.926004,0.240791258,-0.85659,-0.12115382280961295,0.08326911601585592,0.9891349579281995,-6.450454261658289,5.30319077731848,7.456477376127346,7.475918124164177,6.763198368928404
4588,05/05/2023 15:33:03.157176,4771,True,True,True,True,Eyes,1.540581,0.0002613298,-1.62184,0.9504765,0.04294597,-0.307815,0.0,0.0,0.0,0.0,0.0,0.0,0.0,-0.77054,-0.1027985,-2.292914,1.763066,-0.003615262,-1.659319,0.003495358,0.8417021,-0.02178502,0.5394911,2.317927,114.6637,358.9895,0.6665379,0.001105404,-0.7454699,0.0,0.0,0.0,3.688599,0.2310791,-2.518715,-0.0247376,0.3315643,2.107634,-0.4178741,-0.01762154,-0.908334,0.02938975,0.9990264,-0.03290156,0.9080294,-0.04044442,-0.4169494,moving,-6.8186601505664886,4.67703083664951,-0.6724578343524645,8.940264488523074,1.925533,0.23469436200000002,-0.8593959999999998,-0.11833755426411513,0.08096602325650656,0.9896669813352899,-6.28474874867749,5.174638889411198,7.461945923051849,7.480037705941183,6.758531309367584
4589,05/05/2023 15:33:03.177154,4772,True,True,True,True,Eyes,1.550556,0.0002134668,-1.624053,0.9490784,0.04519805,-0.311781,0.0,0.0,0.0,0.0,0.0,0.0,0.0,-0.7659777,-0.09200848,-2.306561,1.773579,-0.002079176,-1.664278,0.0002247156,0.8422783,-0.01990047,0.5386755,1.934993,114.7781,358.7925,0.6687825,0.001006586,-0.7434571,0.0,0.0,0.0,3.69673,0.2453174,-2.527555,-0.02376646,0.3340865,2.107766,-0.4196575,-0.02106124,-0.9074382,0.02181833,0.9992079,-0.03328137,0.9074203,-0.03376557,-0.4188656,moving,-6.699222688205331,4.4027649083889004,-0.6460205480589485,9.006607140449612,1.923151,0.24739657599999998,-0.8632770000000001,-0.11631768141974608,0.07624605435645797,0.9902811728067789,-6.164567815451352,4.909610205018199,7.588797202973929,7.60503908255431,6.873117766441846
4590,05/05/2023 15:33:03.197024,4773,True,True,True,True,Eyes,1.560538,0.0002102334,-1.626374,0.9476296,0.04753044,-0.315815,0.0,0.0,0.0,0.0,0.0,0.0,0.0,-0.7602528,-0.09288041,-2.319527,1.783636,-0.0009128796,-1.668968,-0.001274942,0.8429247,-0.02014932,0.5376527,1.868045,114.9149,358.6346,0.6709861,0.000915467,-0.741469,0.0,0.0,0.0,3.703222,0.2637515,-2.537797,-0.02272403,0.3367936,2.107908,-0.4218563,-0.02381603,-0.9063501,0.01951731,0.9991848,-0.03533967,0.9064528,-0.03259777,-0.4210475,moving,-6.60356572746549,4.454064355871603,-0.6176458263252653,9.077775609110573,1.9195859999999998,0.26466437960000005,-0.8688289999999999,-0.11465624415695375,0.07714766953060626,0.9904051183781167,-6.068010663137075,4.961304057303707,7.547338771087617,7.5637254588063465,6.8302133854799765
4591,05/05/2023 15:33:03.207242,4774,True,True,True,True,Eyes,1.570514,0.0002007104,-1.628779,0.9461311,0.04989699,-0.3199159,0.0,0.0,0.0,0.0,0.0,0.0,0.0,-0.7503443,-0.08680587,-2.334336,1.793848,0.0001018737,-1.673853,-0.003734785,0.8440799,-0.01923122,0.5358596,1.631014,115.1596,358.4571,0.6731486,0.0008332761,-0.7395064,0.0,0.0,0.0,3.710259,0.2700908,-2.548896,-0.02168888,0.3394817,2.10805,-0.4256813,-0.02691538,-0.904473,0.01430556,0.9992324,-0.03646801,0.9047603,-0.02846273,-0.4249695,moving,-6.607233331531911,4.333360390198062,-0.5894724703086662,9.148402902310782,1.916411,0.26998892630000004,-0.875043,-0.11473796357653238,0.0750603124349763,0.9905559551497101,-6.0718463263636275,4.843654062018249,7.690968535843667,7.707014997800582,6.970458067842805
4592,05/05/2023 15:33:03.227179,4775,True,True,True,True,Eyes,1.580447,0.0001765206,-1.631264,0.9445888,0.05178886,-0.3241449,0.0,0.0,0.0,0.0,0.0,0.0,0.0,-0.7360398,-0.0811622,-2.349817,1.803713,-7.539894e-05,-1.678274,-0.005697562,0.8456855,-0.01856577,0.5333282,1.451128,115.5038,358.3124,0.6752705,0.0007588399,-0.7375695,0.0,0.0,0.0,3.714954,0.2824498,-2.563521,-0.02069646,0.3420581,2.108186,-0.4310573,-0.02943998,-0.9018442,0.0101666,0.9992457,-0.03747893,0.9022673,-0.02532426,-0.4304329,moving,-6.700757535187334,4.244022024591059,-0.562465416113516,9.21606058194432,1.9112410000000002,0.28252519894,-0.8852470000000001,-0.11636824961474318,0.07350166542531493,0.9904826797894324,-6.166294720158095,4.754942871414169,7.883096566476592,7.899354249234,7.162714157082811
4593,05/05/2023 15:33:03.237101,4776,True,True,True,True,Eyes,1.590342,0.0001644637,-1.633794,0.9430439,0.05328714,-0.3283727,0.0,0.0,0.0,0.0,0.0,0.0,0.0,-0.7212098,-0.09607834,-2.363678,1.812875,-0.0003855918,-1.68221,-0.004484141,0.8472385,-0.02141017,0.530762,1.806206,115.8415,358.2613,0.677351,0.0006907501,-0.7356594,0.0,0.0,0.0,3.717964,0.2916234,-2.580966,-0.01965135,0.3447721,2.108327,-0.4365432,-0.03032568,-0.8991719,0.01512913,0.999043,-0.04103906,0.899556,-0.03151902,-0.4356667,moving,-6.800962453257253,4.677650607788874,-0.5340285506243699,9.287304043050717,1.9050889999999998,0.29200899179999995,-0.8987560000000001,-0.11803172209022766,0.08097969441730136,0.9897023534347968,-6.266894482591933,5.175560932476174,7.760316643670314,7.779676428566341,7.054940340022127
4594,05/05/2023 15:33:03.257157,4777,True,True,True,True,Eyes,1.600206,0.0001870804,-1.636358,0.9415859,0.05492751,-0.3322632,0.0,0.0,0.0,0.0,0.0,0.0,0.0,-0.7093146,-0.1149722,-2.375911,1.821901,-3.695395e-05,-1.685816,-0.002165248,0.8484025,-0.02461589,0.5287747,2.26254,116.0991,358.2964,0.6793909,0.0006289082,-0.733776,0.0,0.0,0.0,3.722949,0.2807978,-2.598298,-0.01863623,0.3474074,2.108464,-0.4407855,-0.02970653,-0.8971211,0.02235852,0.9987787,-0.04405823,0.8973342,-0.03947851,-0.4395829,moving,-6.83888935468818,5.232378053235135,-0.5064110746210582,9.35644439035578,1.9010479999999998,0.28083475394999996,-0.9124820000000002,-0.11858870363466151,0.09055181435681392,0.9888058256274532,-6.304531516375041,5.715267781691712,7.5332577309295665,7.556997043832526,6.84663185461054
4595,05/05/2023 15:33:03.277232,4778,True,True,True,True,Eyes,1.610024,0.0002513677,-1.638979,0.9401447,0.05644833,-0.3360677,0.0,0.0,0.0,0.0,0.0,0.0,0.0,-0.7017981,-0.124002,-2.387243,1.830817,0.0007794127,-1.689655,-0.0003069224,0.8491557,-0.02575037,0.5275146,2.487895,116.2666,358.4119,0.6813912,0.0005742068,-0.7319188,0.0,0.0,0.0,3.729619,0.2668196,-2.612319,-0.01763648,0.3500045,2.108601,-0.4434569,-0.02768864,-0.8958681,0.02664614,0.9986737,-0.04405596,0.8958998,-0.04340834,-0.4421308,moving,-6.77389099831077,5.56072145847128,-0.4792145628760965,9.424538124097516,1.898802,0.2660401873,-0.9226639999999999,-0.11740406835163564,0.09623046486882743,0.9884108215953437,-6.238591398808663,6.036293222449574,7.3595060506657655,7.3859346498860665,6.682112319605223
4596,05/05/2023 15:33:03.296879,4779,True,True,True,True,Eyes,1.619817,0.0003804918,-1.641656,0.9388054,0.05840016,-0.3394612,0.0,0.0,0.0,0.0,0.0,0.0,0.0,-0.6961933,-0.1270025,-2.39824,1.839561,0.00184549,-1.693628,0.0009325973,0.849746,-0.02573039,0.5265633,2.56259,116.3966,358.5366,0.6833521,0.0005277418,-0.7300885,0.0,0.0,0.0,3.736797,0.2619366,-2.622664,-0.01659727,0.3527025,2.108743,-0.4454606,-0.02551241,-0.8949381,0.02868229,0.9986742,-0.04274644,0.894842,-0.04471073,-0.4441382,moving,-6.6887051241531355,5.764356700478857,-0.45094821259419,9.495240988029547,1.8972360000000001,0.26009111,-0.929036,-0.11589391333775445,0.09976058521729965,0.9882390857231809,-6.152426223213409,6.236197002489259,7.240279912819312,7.268363560994594,6.567207869807443
4597,05/05/2023 15:33:03.307257,4780,True,True,True,True,Eyes,1.629586,0.0005237864,-1.644398,0.9374343,0.06063297,-0.3428419,0.0,0.0,0.0,0.0,0.0,0.0,0.0,-0.6893841,-0.1190856,-2.410618,1.848677,0.003430113,-1.697908,0.0002199715,0.8505173,-0.02388008,0.5254045,2.341299,116.5599,358.5824,0.6852738,0.0004914832,-0.7282851,0.0,0.0,0.0,3.743799,0.2629307,-2.631553,-0.01553953,0.3554499,2.108887,-0.4478999,-0.02471923,-0.8937418,0.02546759,0.9988593,-0.04038971,0.8937208,-0.040852,-0.4467596,moving,-6.633783148988831,5.678208518056757,-0.4221816393931902,9.567201323958473,1.8951220000000002,0.259500587,-0.9336449999999998,-0.11496352040028163,0.09828528056997701,0.9884955158540558,-6.0971174167734885,6.153263328300106,7.30134397635707,7.328591840071744,6.622678364196076
4598,05/05/2023 15:33:03.327048,4781,True,True,True,True,Eyes,1.639294,0.0006716017,-1.647213,0.9361286,0.06305073,-0.3459594,0.0,0.0,0.0,0.0,0.0,0.0,0.0,-0.6805459,-0.09800817,-2.424121,1.85787,0.003831832,-1.702179,-0.00220827,0.8515384,-0.0200651,0.5239037,1.82567,116.7741,358.579,0.6871573,0.0004649714,-0.7265082,0.0,0.0,0.0,3.749173,0.2753876,-2.641649,-0.01449364,0.3581658,2.109027,-0.4510403,-0.02478521,-0.8921594,0.0172635,0.999185,-0.03648624,0.8923367,-0.03185856,-0.4502448,moving,-6.640049415053489,5.301548980993508,-0.39374144063854544,9.638307557470762,1.891303,0.27155576800000003,-0.93947,-0.11514341103767661,0.0917829622672258,0.9890995599391981,-6.103862505259166,5.786226913286374,7.579796357113925,7.604198725828299,6.887961081620899
4599,05/05/2023 15:33:03.347348,4782,True,True,True,True,Eyes,1.648952,0.0008312713,-1.650081,0.9347976,0.06523102,-0.3491394,0.0,0.0,0.0,0.0,0.0,0.0,0.0,-0.6711253,-0.09564528,-2.436229,1.866455,0.004079943,-1.706194,-0.003009378,0.8525208,-0.01971275,0.5223126,1.745923,116.9885,358.5253,0.6890016,0.0004473874,-0.7247593,0.0,0.0,0.0,3.752264,0.2974817,-2.652961,-0.01347733,0.3608049,2.109166,-0.4543607,-0.02572355,-0.8904462,0.01546132,0.9992048,-0.03675473,0.8906835,-0.03046739,-0.4536016,moving,-6.662496030595141,5.341289972497317,-0.3661085085931403,9.707351958773856,1.8858089999999998,0.29340175700000004,-0.9467669999999999,-0.11552357382151668,0.0924648771485965,0.9889916632377443,-6.126462121339675,5.824536987041017,7.63690670606079,7.662048883636252,6.946792486363382
4600,05/05/2023 15:33:03.357167,4783,True,True,True,True,Eyes,1.658555,0.001004548,-1.652986,0.9334583,0.06738525,-0.3522993,0.0,0.0,0.0,0.0,0.0,0.0,0.0,-0.658771,-0.1060612,-2.448539,1.874951,0.004538329,-1.710294,-0.002831395,0.8537551,-0.02166933,0.5202162,1.951569,117.2631,358.4301,0.6908073,0.0004382954,-0.7230385,0.0,0.0,0.0,3.756457,0.3033107,-2.665249,-0.01245308,0.3634645,2.109305,-0.4587345,-0.02738011,-0.8881517,0.01771084,0.9990448,-0.03994647,0.8883972,-0.03405472,-0.4578113,moving,-6.760825296279481,5.6588692026335075,-0.338263378763317,9.776899603711025,1.8815060000000001,0.298772371,-0.9549550000000002,-0.11715919517729734,0.09792632323865012,0.9882733046780681,-6.225300233466503,6.132139048950411,7.6006531755634255,7.629382410688794,6.9239788005288165
4601,05/05/2023 15:33:03.377025,4784,True,True,True,True,Eyes,1.6681,0.001207506,-1.655923,0.932058,0.06920243,-0.3556389,0.0,0.0,0.0,0.0,0.0,0.0,0.0,-0.641812,-0.1172404,-2.461579,1.883236,0.005057344,-1.714187,-0.002761247,0.8554354,-0.02380239,0.517355,2.170065,117.6382,358.3168,0.6925747,0.0004373774,-0.7213457,0.0,0.0,0.0,3.760704,0.2987763,-2.680491,-0.01143324,0.3661111,2.109444,-0.4646725,-0.0293527,-0.8849959,0.01990443,0.9988517,-0.0435799,0.8852588,-0.03786572,-0.4635546,moving,-6.952118682945431,5.965506170345412,-0.3105415377785457,9.84606623294618,1.8774680000000001,0.293718956,-0.966304,-0.12039390314757525,0.10317375373344696,0.9873502942221453,-6.41793355096971,6.42740972969376,7.658937058307427,7.692157914048254,6.999103477590633
4602,05/05/2023 15:33:03.392293,4785,True,True,True,True,Eyes,1.67759,0.00144533,-1.65888,0.9306065,0.07100431,-0.3590681,0.0,0.0,0.0,0.0,0.0,0.0,0.0,-0.6209772,-0.1350113,-2.474828,1.891454,0.006064994,-1.717842,-0.001886978,0.8574381,-0.02694246,0.5138779,2.536947,118.0907,358.226,0.6943043,0.0004450241,-0.719681,0.0,0.0,0.0,3.762936,0.2938784,-2.698974,-0.01039034,0.3688206,2.109587,-0.4718519,-0.0309262,-0.8811353,0.02445433,0.9985411,-0.04814233,0.8813387,-0.04426362,-0.4704072,moving,-7.220762349838899,6.420260009011783,-0.2821963805665893,9.916834041200863,1.8714819999999999,0.287813406,-0.9811320000000001,-0.12491678686048902,0.11094445994582505,0.9859447720264136,-6.688431819544703,6.865577647657463,7.729259627036687,7.769795857840975,7.0957746637529695
4603,05/05/2023 15:33:03.407073,4786,True,True,True,True,Eyes,1.687019,0.001694533,-1.661866,0.9290859,0.07271166,-0.3626465,0.0,0.0,0.0,0.0,0.0,0.0,0.0,-0.6004176,-0.1411852,-2.488265,1.899557,0.007121566,-1.72149,-0.001636773,0.8594555,-0.02787527,0.5104476,2.650539,118.5447,358.2061,0.6959972,0.0004617934,-0.7180439,0.0,0.0,0.0,3.76434,0.2839113,-2.719904,-0.009364963,0.3714828,2.109725,-0.4788812,-0.0312712,-0.8773227,0.02564427,0.9984406,-0.04958608,0.8775051,-0.04624413,-0.4773324,moving,-7.463264446975689,6.625008888817561,-0.25433140858564884,9.986338970275096,1.8647829999999999,0.27678973399999995,-0.9984140000000001,-0.12903764550832697,0.11440620442696559,0.9850180635253845,-6.932839460548849,7.060672838909656,7.908794409388787,7.954071628323621,7.2912270649292035
4604,05/05/2023 15:33:03.427241,4787,True,True,True,True,Eyes,1.696357,0.001953464,-1.664918,0.9275495,0.07437979,-0.3662234,0.0,0.0,0.0,0.0,0.0,0.0,0.0,-0.5796005,-0.142194,-2.501765,1.907595,0.00764233,-1.725109,-0.0009979471,0.8615156,-0.02773767,0.5069722,2.681332,119.0092,358.2879,0.6976539,0.000487182,-0.7164344,0.0,0.0,0.0,3.764565,0.2833535,-2.739824,-0.008347929,0.3741231,2.109863,-0.4859568,-0.02984394,-0.8734733,0.02640495,0.9984592,-0.04880473,0.8735841,-0.046781,-0.48442,moving,-7.700605599014723,6.758069437652342,-0.22669652175863997,10.055228543513033,1.8569700000000002,0.27571117,-1.014715,-0.13308218305543112,0.11663052019746153,0.98421870594392,-7.172121330196584,7.18602550400074,8.119618211269403,8.168878445934357,7.514735647486997
4605,05/05/2023 15:33:03.437130,4788,True,True,True,True,Eyes,1.705627,0.00223116,-1.668004,0.925941,0.07595268,-0.3699521,0.0,0.0,0.0,0.0,0.0,0.0,0.0,-0.5587517,-0.1470285,-2.51475,1.915355,0.008163374,-1.72891,0.0007821385,0.8635728,-0.02800864,0.5034453,2.81794,119.4795,358.4595,0.6992736,0.0005206638,-0.7148535,0.0,0.0,0.0,3.764366,0.2853791,-2.759239,-0.007314861,0.3768072,2.110005,-0.4930848,-0.02685077,-0.869567,0.0295525,0.9984298,-0.04758746,0.8694795,-0.04916252,-0.491517,moving,-7.927417505219074,7.004695626672922,-0.19862937956517984,10.12521355965428,1.849011,0.277215726,-1.030329,-0.13690848606631884,0.1208023682447375,0.9831901930166327,-7.400653489774744,7.422197754967034,8.279897501657546,8.334974388761305,7.692557814175263
4606,05/05/2023 15:33:03.457057,4789,True,True,True,True,Eyes,1.714831,0.002538501,-1.671136,0.9242924,0.07756069,-0.3737217,0.0,0.0,0.0,0.0,0.0,0.0,0.0,-0.5368259,-0.147669,-2.527969,1.923042,0.008879609,-1.732757,0.002165074,0.865736,-0.02749618,0.4997406,2.852951,119.9753,358.6384,0.7008565,0.000562132,-0.7133017,0.0,0.0,0.0,3.764381,0.2836168,-2.778734,-0.006230116,0.3796228,2.110154,-0.5005094,-0.02373315,-0.8654058,0.03123068,0.9984785,-0.04544491,0.8651677,-0.04977281,-0.4990067,moving,-8.170611085515755,7.154050103558816,-0.16916221066558249,10.19858417571547,1.8413390000000003,0.274737191,-1.045977,-0.14103689107903072,0.12329270606707715,0.9822970601438983,-7.645821006757009,7.563317930471815,8.501244411016378,8.56109641420793,7.927487302827541
4607,05/05/2023 15:33:03.476812,4790,True,True,True,True,Eyes,1.72398,0.002859761,-1.674312,0.9225451,0.0792787,-0.3776579,0.0,0.0,0.0,0.0,0.0,0.0,0.0,-0.5138295,-0.1440366,-2.54166,1.930801,0.009843869,-1.736868,0.002780918,0.8680037,-0.02630327,0.4958529,2.775377,120.4956,358.7805,0.702403,0.0006119536,-0.7117787,0.0,0.0,0.0,3.763362,0.2855195,-2.798613,-0.005264163,0.3821312,2.110285,-0.5082444,-0.02125741,-0.8609506,0.0309128,0.9986008,-0.04290482,0.860658,-0.04842052,-0.5068762,moving,-8.426923567345682,7.193497252725513,-0.14292557496086175,10.263920709672746,1.8325609999999999,0.275675631,-1.061745,-0.1454188779499041,0.12388956435457264,0.9815827978423091,-7.904346583250781,7.597135698492461,8.771686460519465,8.834711254070928,8.206789772120395
4608,05/05/2023 15:33:03.497003,4791,True,True,True,True,Eyes,1.733081,0.003183264,-1.677529,0.9207072,0.08133036,-0.3816852,0.0,0.0,0.0,0.0,0.0,0.0,0.0,-0.4901395,-0.1329565,-2.555805,1.938718,0.01045261,-1.741067,0.002113011,0.8703218,-0.02410054,0.4918892,2.523502,121.0261,358.8511,0.7039136,0.0006697758,-0.7102848,0.0,0.0,0.0,3.761202,0.2920169,-2.819457,-0.004233837,0.3848093,2.110425,-0.5160815,-0.02003159,-0.8563054,0.02738759,0.9988294,-0.03987171,0.8561018,-0.04402918,-0.5149286,moving,-8.68906658911256,7.068789734594375,-0.11494398797036581,10.333638055327551,1.822484,0.28156429000000005,-1.07839,-0.1499498206545205,0.12166953659681756,0.9811786497058536,-8.168938678222812,7.470936974417714,9.111181081354847,9.174683260844029,8.547624696326867
4609,05/05/2023 15:33:03.507453,4792,True,True,True,True,Eyes,1.742136,0.003489827,-1.680796,0.918758,0.08344974,-0.3859012,0.0,0.0,0.0,0.0,0.0,0.0,0.0,-0.4655464,-0.1215779,-2.569911,1.946658,0.01074123,-1.745384,0.0009434966,0.8726808,-0.02209064,0.4877905,2.262431,121.5709,358.8586,0.7053887,0.0007347863,-0.7088198,0.0,0.0,0.0,3.757842,0.3046169,-2.840563,-0.003204346,0.3874801,2.110565,-0.5241193,-0.01990447,-0.8514124,0.02319795,0.9990222,-0.0376357,0.8513289,-0.03947661,-0.523145,moving,-8.960253029966902,6.9299911444408036,-0.08698872616284996,10.403123523573788,1.8111840000000001,0.29387567000000003,-1.095179,-0.15463869507311023,0.11920510083466639,0.9807532185787564,-8.442669690172227,7.330848756373786,9.464972959274661,9.528770536021169,8.90259943036204
4610,05/05/2023 15:33:03.526969,4793,True,True,True,True,Eyes,1.751147,0.003776943,-1.684107,0.9167657,0.0856421,-0.390136,0.0,0.0,0.0,0.0,0.0,0.0,0.0,-0.4395144,-0.1121908,-2.584008,1.954719,0.01061105,-1.749805,-0.000291991,0.8751177,-0.02061388,0.4834709,2.051444,122.1409,358.8279,0.7068292,0.0008054865,-0.7073832,0.0,0.0,0.0,3.753743,0.3173052,-2.862449,-0.002147138,0.3902264,2.110709,-0.5325117,-0.02044347,-0.8461757,0.01942137,0.9991499,-0.03636149,0.8461998,-0.03579681,-0.531662,moving,-9.260971532724557,6.839630207692987,-0.05828463468775443,10.474531189487964,1.799024,0.30669415,-1.1126439999999997,-0.15981562744554895,0.11756006535692043,0.9801217336343291,-8.746138388112254,7.237415053233782,9.829408225034058,9.894541489667539,9.271338831069079
4611,05/05/2023 15:33:03.547312,4794,True,True,True,True,Eyes,1.76012,0.004038787,-1.687464,0.9146634,0.08775365,-0.3945759,0.0,0.0,0.0,0.0,0.0,0.0,0.0,-0.4120684,-0.1086531,-2.597698,1.962726,0.01038665,-1.754206,-0.0009332312,0.877619,-0.02014926,0.4789344,1.975539,122.7349,358.7995,0.7082358,0.0008804137,-0.7059749,0.0,0.0,0.0,3.749147,0.3276184,-2.885395,-0.001125455,0.3928799,2.110847,-0.5412422,-0.02093839,-0.8406063,0.0176623,0.9991863,-0.03626066,0.8406814,-0.03447283,-0.540432,moving,-9.577060340077127,6.880039532949823,-0.030548787013677497,10.543490973212588,1.7864209999999998,0.31723175,-1.131189,-0.16520874373567906,0.11814488455941673,0.979156696598871,-9.064965685396345,7.271095054859205,10.156508248206185,10.225299960780477,9.608811775669153
4612,05/05/2023 15:33:03.557107,4795,True,True,True,True,Eyes,1.769066,0.004276236,-1.69085,0.9123012,0.0898134,-0.3995498,0.0,0.0,0.0,0.0,0.0,0.0,0.0,-0.3836379,-0.1078257,-2.61123,1.970893,0.01004028,-1.758639,-0.001006101,0.880154,-0.02006082,0.4742631,1.969008,123.3443,358.8075,0.7096092,0.0009580306,-0.7045944,0.0,0.0,0.0,3.744421,0.3329201,-2.909341,-6.741285e-05,0.3956258,2.110991,-0.550147,-0.02079926,-0.8348087,0.01725716,0.9991931,-0.03626753,0.8348894,-0.0343589,-0.5493441,moving,-9.87263694713488,6.993237556128696,-0.0018296959999523999,10.614804197603327,1.773528,0.32287982,-1.150702,-0.1702201463616334,0.11997534917083355,0.9780751435268156,-9.36301825591863,7.3760512369628195,10.44051765309451,10.514208516464743,9.905623251184652
4613,05/05/2023 15:33:03.577237,4796,True,True,True,True,Eyes,1.777977,0.004484946,-1.694285,0.909831,0.09169102,-0.4047225,0.0,0.0,0.0,0.0,0.0,0.0,0.0,-0.3550576,-0.1099193,-2.624251,1.978956,0.009644173,-1.763087,-0.0008746565,0.8826497,-0.02049721,0.4695836,2.026531,123.9516,358.8077,0.7109504,0.001036985,-0.7032409,0.0,0.0,0.0,3.740175,0.3329893,-2.93266,5.960464e-08,0.3958001,2.111,-0.5589812,-0.02079433,-0.8289196,0.01770627,0.9991582,-0.03700515,0.8289914,-0.03536225,-0.5581424,moving,-10.156350712502752,7.1590175221039845,1.6177613981035745e-06,10.619330150951129,1.7612189999999999,0.323345127,-1.1695729999999998,-0.17500247616461284,0.12270037052170227,0.9768923922960913,-9.649044363869804,7.5324435865709205,10.650458226015573,10.729643803305917,10.130792516727617
