Time,Frame,EyeTrackingEnabled,EyeCalibrationValid,EyeTrackingEnabledAndValid,EyeTrackingDataValid,GazeInputSource,EyeGazeOrigin.x,EyeGazeOrigin.y,EyeGazeOrigin.z,EyeGazeDirection.x,EyeGazeDirection.y,EyeGazeDirection.z,EyeHitInfo.distance,EyeHitPosition.x,EyeHitPosition.y,EyeHitPosition.z,EyeHitNormal.x,EyeHitNormal.y,EyeHitNormal.z,LocalEyeHitPosition.x,LocalEyeHitPosition.y,LocalEyeHitPosition.z,HeadGazeOrigin.x,HeadGazeOrigin.y,HeadGazeOrigin.z,HeadRotation.x,HeadRotation.y,HeadRotation.z,HeadRotation.w,HeadEulerAngles.x,HeadEulerAngles.y,HeadEulerAngles.z,HeadMovementDirection.x,HeadMovementDirection.y,HeadMovementDirection.z,HeadVelocity.x,HeadVelocity.y,HeadVelocity.z,transform.position.x,transform.position.y,transform.position.z,localTransform.position.x,localTransform.position.y,localTransform.position.z,localXAxis.x,localXAxis.y,localXAxis.z,localYAxis.x,localYAxis.y,localYAxis.z,localZAxis.x,localZAxis.y,localZAxis.z,Movement,GazeAngleX,GazeAngleY,TargetAngleX,TargetAngleY,globalTargetVector.x,globalTargetVector.y,globalTargetVector.z,localEyeGazeX,localEyeGazeY,localEyeGazeZ,CalibratedGazeAngleX,CalibratedGazeAngleY,cosineError,euclideanError,recalibratedEuclideanError
05/10/2023 16:34:47.891976,182,True,True,True,True,Eyes,1.357367,-0.3537012,-2.933036,-0.3224728,0.3214139,0.8903396,0.0,0.0,0.0,0.0,0.0,0.0,0.0,-1.192077,-0.04697007,3.038336,1.371292,-0.3554033,-2.940746,-0.06792475,-0.02979314,0.001897291,0.9972438,352.2205,356.5468,0.4528852,0.4175732,-0.1087879,-0.9021071,0,0,0,0.6785438,0.2963746,-1.135452,-0.5796,0.4008,1.915,0.9982176,0.007831505,0.0591643,0.0002632594,0.9907652,-0.1355881,-0.05967979,0.135362,0.9889972,moving,-15.78755745871896,11.833556336934668,-16.839131587459715,11.821088380307142,-0.6927481999999999,0.6517778999999999,1.805294,-0.26670453938775135,0.19764137965376113,0.9432957006685312,-14.905628313035258,11.77520272535243,1.0334334248475048,1.0516480391173393,1.934047674060988
05/10/2023 16:34:47.902178,183,True,True,True,True,Eyes,1.357291,-0.3537019,-2.933038,-0.3224154,0.321472,0.8903394,0.0,0.0,0.0,0.0,0.0,0.0,0.0,-1.192421,-0.04803658,3.038201,1.371369,-0.3552998,-2.94074,-0.06800429,-0.02975936,0.001704783,0.9972396,352.2106,356.5521,0.4306988,0.4175657,-0.1087883,-0.9021106,0,0,0,0.6829044,0.2943318,-1.134908,-0.5756371,0.3980596,1.915,0.998223,0.007447681,0.05912256,0.0006473738,0.990745,-0.1357346,-0.05958629,0.1355317,0.9889796,moving,-15.793230715975007,11.821574527950311,-16.730451448272333,11.742515432918974,-0.6884646000000001,0.6496316,1.8058319999999999,-0.26680908178765345,0.19743818125044893,0.9433086783199146,-14.91173200792494,11.76368313790591,0.9279571546052973,0.9405493296766051,1.8188426194786484
05/10/2023 16:34:47.922193,184,True,True,True,True,Eyes,1.357217,-0.3537037,-2.933039,-0.3223407,0.3215232,0.8903478,0.0,0.0,0.0,0.0,0.0,0.0,0.0,-1.193017,-0.05000952,3.037911,1.371399,-0.3553064,-2.9407,-0.06814507,-0.02969013,0.001255069,0.9972328,352.1929,356.5635,0.3787817,0.417557,-0.1087887,-0.9021146,0,0,0,0.6874752,0.2928239,-1.134396,-0.571818,0.3954186,1.915,0.9982339,0.006549663,0.05904489,0.001543279,0.9907093,-0.1359875,-0.05938699,0.1358384,0.9889495,moving,-15.809019182358586,11.79366234631034,-16.62559752780423,11.666750074861366,-0.6839238000000001,0.6481303,1.8063040000000001,-0.26709504389347016,0.19696239581874567,0.9433270653068612,-14.928430138262245,11.736867187523899,0.8182069360503217,0.8263818239137921,1.6986151882085865
05/10/2023 16:34:47.941915,185,True,True,True,True,Eyes,1.357124,-0.3537081,-2.933042,-0.3222775,0.3215322,0.8903674,2.020177,0.7060662,0.2958441,-1.134341,0.9170349,0.3934224,-0.06531369,-0.5542223,0.3987394,1.914018,1.371372,-0.3553484,-2.940701,-0.06790768,-0.02957198,0.000723749,0.9972529,352.2183,356.5815,0.3157356,0.4175473,-0.1087892,-0.902119,0,0,0,0.6923146,0.2899445,-1.133362,-0.5679243,0.3927262,1.915,0.9982499,0.005459852,0.05888321,0.002572808,0.9907761,-0.1354851,-0.0590798,0.1353994,0.9890281,moving,-15.835935328589779,11.803869206131488,-16.518577353972244,11.5894675344687,-0.6790574,0.6452929000000001,1.8073389999999998,-0.26753029812639784,0.1971057353397591,0.9431737476766536,-14.95383101951411,11.746920538843213,0.7127625062733922,0.7155195396563763,1.5726482568542546
05/10/2023 16:34:47.952023,186,True,True,True,True,Eyes,1.357034,-0.3537139,-2.933046,-0.3222366,0.3215215,0.8903861,2.015795,0.7074707,0.2944075,-1.138211,0.7536474,0.5340535,-0.3831481,-0.5530332,0.3987808,1.909725,1.371264,-0.3553808,-2.94073,-0.06764958,-0.02956715,0.0006651051,0.9972708,352.2477,356.5827,0.3080308,0.4175361,-0.1087899,-0.9021241,0,0,0,0.6961594,0.2863921,-1.13246,-0.5640288,0.3900323,1.915,0.9982507,0.005326991,0.05888292,0.002673831,0.9908462,-0.1349692,-0.05906289,0.1348905,0.9890986,moving,-15.83747214719614,11.830379219481777,-16.41138892664706,11.512099123359057,-0.6751046,0.6417729,1.8082699999999998,-0.26753163769829225,0.1975420384767467,0.9430821142827068,-14.953905783278879,11.772514487003223,0.656821930501064,0.6562641917118474,1.4805651876308308
05/10/2023 16:34:47.977469,187,True,True,True,True,Eyes,1.356934,-0.3537191,-2.933052,-0.3221962,0.3214832,0.8904146,2.01932,0.706317,0.2954584,-1.13502,0.483685,0.8505905,-0.2062634,-0.5529517,0.4003924,1.913222,1.371233,-0.3554109,-2.940773,-0.06745438,-0.02977687,0.0008755037,0.9972776,352.2709,356.557,0.3332479,0.4175237,-0.1087909,-0.9021298,0,0,0,0.6990567,0.2826908,-1.131924,-0.5600892,0.3873078,1.915,0.9982252,0.0057634,0.0592735,0.00227092,0.9908983,-0.1345936,-0.05950973,0.1344893,0.9891265,moving,-15.806248476152208,11.855207244806289,-16.302866778405633,11.433808577510167,-0.6721763,0.6381017,1.8088490000000002,-0.2669935307500156,0.19798135682745255,0.9431425321531426,-14.922494477823218,11.796237411925885,0.6520797211017834,0.65131142699328,1.4271588377721403
05/10/2023 16:34:47.992169,188,True,True,True,True,Eyes,1.356839,-0.3537251,-2.933058,-0.3221636,0.3214309,0.8904454,2.018093,0.706683,0.2949524,-1.136057,0.5077598,0.8163726,-0.2751647,-0.5520908,0.4005184,1.912171,1.371223,-0.3553791,-2.940793,-0.06731752,-0.02992065,0.0008867572,0.9972825,352.2867,356.5404,0.3351818,0.41751,-0.108792,-0.902136,0,0,0,0.7023321,0.2795824,-1.131374,-0.556244,0.384649,1.915,0.998208,0.005797064,0.0595593,0.002259674,0.9909351,-0.1343222,-0.05979808,0.1342161,0.9891462,moving,-15.788395827021027,11.866375621287514,-16.196828937408007,11.357364225296743,-0.6688909000000001,0.6349615,1.809419,-0.26668861274939226,0.1981825790187169,0.943186656088934,-14.9046951637041,11.806879872146288,0.6509948380811763,0.6526179639795824,1.3680913733771096
05/10/2023 16:34:48.002033,189,True,True,True,True,Eyes,1.356745,-0.3537303,-2.933065,-0.3221497,0.3213529,0.8904784,0.0,0.0,0.0,0.0,0.0,0.0,0.0,-1.191229,-0.04458183,3.038724,1.371225,-0.3553958,-2.940798,-0.06714296,-0.02996818,0.001009988,0.9972928,352.3072,356.5341,0.3491428,0.4174951,-0.1087933,-0.9021427,0,0,0,0.7060351,0.2760397,-1.130602,-0.5522234,0.3818687,1.915,0.9982018,0.006038811,0.05963847,0.002009798,0.9909816,-0.1339829,-0.05990972,0.1338618,0.9891875,moving,-15.779397524364164,11.884996127812604,-16.085832100245145,11.277382728541498,-0.6651898999999999,0.6314355,1.810196,-0.26652305295511175,0.1984984912617014,0.9431668503639083,-14.895034506291424,11.824780681634603,0.6734760917652434,0.6805117135429376,1.3105889625723595
05/10/2023 16:34:48.022238,190,True,True,True,True,Eyes,1.356655,-0.3537356,-2.933073,-0.3221438,0.3212731,0.8905094,0.0,0.0,0.0,0.0,0.0,0.0,0.0,-1.190967,-0.04395458,3.038841,1.371196,-0.3553733,-2.940819,-0.06710982,-0.02999682,0.001189099,0.9972939,352.3116,356.5295,0.3699019,0.4174792,-0.1087948,-0.9021499,0,0,0,0.7095613,0.2731028,-1.130023,-0.548368,0.3792027,1.915,0.9981976,0.006397924,0.05967169,0.001654399,0.9909897,-0.1339277,-0.05999089,0.1337851,0.9891929,moving,-15.770344508204866,11.889504038204773,-15.979279330315206,11.200647478398214,-0.6616347000000001,0.6284761,1.8107959999999999,-0.26636947456064175,0.19858145748625186,0.9431928391985032,-14.88606984162261,11.829062338612777,0.7062276093544763,0.719845205498243,1.2609568679007288
05/10/2023 16:34:48.042344,191,True,True,True,True,Eyes,1.356561,-0.3537396,-2.933083,-0.3221501,0.3211863,0.8905384,0.0,0.0,0.0,0.0,0.0,0.0,0.0,-1.190592,-0.04346618,3.039036,1.371198,-0.3553751,-2.940861,-0.06709794,-0.03004971,0.001357353,0.9972929,352.3136,356.5221,0.3896722,0.4174626,-0.1087964,-0.9021574,0,0,0,0.7128568,0.2703593,-1.129552,-0.5446987,0.3766654,1.915,0.9981904,0.006739904,0.05975457,0.001325189,0.9909921,-0.1339142,-0.06011887,0.133751,0.9891898,moving,-15.759455738194328,11.89064057421071,-15.877764336882567,11.127578764947767,-0.6583412,0.6257344,1.811309,-0.2661886171180484,0.19861045537731176,0.94323776177794,-14.875514699861508,11.830076708485953,0.7516865418880654,0.7721788971988365,1.223931246265175
05/10/2023 16:34:48.052251,192,True,True,True,True,Eyes,1.35647,-0.3537439,-2.933094,-0.322154,0.3211125,0.8905637,0.0,0.0,0.0,0.0,0.0,0.0,0.0,-1.190845,-0.04346564,3.038963,1.371155,-0.3553373,-2.940912,-0.06713635,-0.02999494,0.001461392,0.9972918,352.3095,356.5276,0.4013821,0.4174451,-0.108798,-0.9021653,0,0,0,0.7168129,0.2677647,-1.128978,-0.5407879,0.3739611,1.915,0.9981963,0.006942371,0.05963119,0.001112633,0.9909812,-0.1339967,-0.06002364,0.1338214,0.989186,moving,-15.762187201929665,11.885643161122065,-15.769455251672165,11.04966044462859,-0.6543420999999999,0.623102,1.811934,-0.2662382901580652,0.19852537718476926,0.9432417445158455,-14.878412478495873,11.825274844055663,0.8073061760566059,0.836014310178283,1.1813276091873568
05/10/2023 16:34:48.072195,193,True,True,True,True,Eyes,1.356367,-0.3537497,-2.933106,-0.3221296,0.3210493,0.8905953,0.0,0.0,0.0,0.0,0.0,0.0,0.0,-1.19118,-0.04414451,3.038825,1.371134,-0.3553463,-2.940924,-0.06730989,-0.02992901,0.001596749,0.9972819,352.29,356.534,0.4170976,0.4174269,-0.1087997,-0.9021735,0,0,0,0.7207301,0.2656365,-1.128531,-0.5369537,0.3713096,1.915,0.9982034,0.007213854,0.05948036,0.000844218,0.9909337,-0.1343494,-0.05991026,0.1341583,0.9891473,moving,-15.762589115345177,11.866910706259443,-15.663155208304472,10.973223233604577,-0.6504039,0.6209828,1.812393,-0.26626193360332856,0.19821563510307996,0.9433001989415881,-14.879793679713563,11.807200955868662,0.8630688931191725,0.8992020911061216,1.1441914724857367
05/10/2023 16:34:48.092202,194,True,True,True,True,Eyes,1.356269,-0.3537545,-2.933117,-0.322103,0.3209951,0.8906244,0.0,0.0,0.0,0.0,0.0,0.0,0.0,-1.190866,-0.04449755,3.038986,1.371117,-0.3553588,-2.940976,-0.06744075,-0.02996837,0.001767317,0.9972716,352.2756,356.528,0.4375412,0.4174077,-0.1088015,-0.9021821,0,0,0,0.7243606,0.2632092,-1.128183,-0.5329854,0.3685656,1.915,0.9981976,0.007567167,0.05953483,0.0005171886,0.9908973,-0.1346194,-0.06001158,0.1344076,0.9891073,moving,-15.750265520637411,11.853836957218478,-15.553020771877444,10.894077784348351,-0.6467563999999999,0.618568,1.812793,-0.26607023488493853,0.19801125018010152,0.9433971558250304,-14.868609530903669,11.79449145971024,0.9367126850240933,0.9798179222803252,1.1310011200480612
05/10/2023 16:34:48.102431,195,True,True,True,True,Eyes,1.356149,-0.3537632,-2.93313,-0.3220604,0.3209577,0.8906533,0.0,0.0,0.0,0.0,0.0,0.0,0.0,-1.191166,-0.04501531,3.038835,1.371116,-0.355339,-2.940952,-0.06753527,-0.02991799,0.001790065,0.9972667,352.2648,356.5335,0.4401091,0.4173879,-0.1088034,-0.902191,0,0,0,0.7284113,0.2609153,-1.127616,-0.529092,0.3658732,1.915,0.9982034,0.007611383,0.05943065,0.0004706964,0.9908715,-0.1348085,-0.05991422,0.1345942,0.9890878,moving,-15.751809867150365,11.841660346009055,-15.444850423753975,10.816379712084382,-0.6427047,0.6162543,1.8133359999999998,-0.26610676970065056,0.19780868660109685,0.943429360293061,-14.870744022703537,11.782752643973001,1.0198919840321758,1.0702450552052094,1.1240439507484092
05/10/2023 16:34:48.127325,196,True,True,True,True,Eyes,1.356034,-0.3537736,-2.933142,-0.3220206,0.320915,0.8906831,0.0,0.0,0.0,0.0,0.0,0.0,0.0,-1.191224,-0.04532009,3.03885,1.371108,-0.3553993,-2.940991,-0.06760092,-0.02990593,0.001803186,0.9972625,352.2574,356.5348,0.4417622,0.4173668,-0.1088055,-0.9022005,0,0,0,0.732245,0.2584956,-1.127138,-0.5252753,0.3632339,1.915,0.9982048,0.007639835,0.05940433,0.0004468381,0.9908537,-0.1349396,-0.05989192,0.1347239,0.9890715,moving,-15.74966772043482,11.83178222203638,-15.338701380671738,10.740174915160882,-0.638863,0.6138949,1.813853,-0.2660803261863844,0.19764753209425978,0.9434706152014306,-14.869203444995065,11.773203986702885,1.1093936782889566,1.166404665989572,1.1347146664494958
05/10/2023 16:34:48.142185,197,True,True,True,True,Eyes,1.355915,-0.3537827,-2.933158,-0.3219534,0.3208549,0.890729,0.0,0.0,0.0,0.0,0.0,0.0,0.0,-1.191214,-0.04466936,3.038844,1.371095,-0.3554473,-2.940971,-0.06752528,-0.02990262,0.00185982,0.9972677,352.2662,356.5348,0.4479981,0.4173447,-0.1088078,-0.9022104,0,0,0,0.7360149,0.2555059,-1.126433,-0.5214403,0.3605818,1.915,0.9982048,0.007747842,0.05939066,0.0003288887,0.9908738,-0.1347928,-0.059893,0.1345703,0.9890924,moving,-15.74445579142062,11.838114099619332,-15.231934612030374,10.663561793745277,-0.6350800999999999,0.6109532,1.8145379999999998,-0.26598850109193933,0.1977569862644657,0.9434735299609782,-14.863844139092304,11.779274847843732,1.2176248247112003,1.2815034446140319,1.17486433912749
05/10/2023 16:34:48.151859,198,True,True,True,True,Eyes,1.3558,-0.3537922,-2.933172,-0.3218919,0.3207885,0.8907751,0.0,0.0,0.0,0.0,0.0,0.0,0.0,-1.190798,-0.0442946,3.039109,1.371077,-0.3554094,-2.941085,-0.06744605,-0.02996783,0.001845245,0.9972711,352.2753,356.5274,0.4465429,0.4173217,-0.1088103,-0.9022208,0,0,0,0.7401044,0.2523198,-1.125868,-0.5170945,0.3575767,1.915,0.9981971,0.007722843,0.05952319,0.000362003,0.9908953,-0.1346346,-0.06002101,0.1344134,0.9891059,moving,-15.733977183494105,11.84146629301585,-15.110816066044686,10.576704674053845,-0.6309726000000001,0.6077292,1.815217,-0.2658123727647158,0.197822146790654,0.9435094681677546,-14.85356677183159,11.782430443815482,1.3388942727926467,1.4099474213956351,1.2328632654274472
05/10/2023 16:34:48.172097,199,True,True,True,True,Eyes,1.355704,-0.3538002,-2.933186,-0.3218145,0.3207048,0.8908332,0.0,0.0,0.0,0.0,0.0,0.0,0.0,-1.190544,-0.04355356,3.039182,1.371052,-0.3554244,-2.941055,-0.06732572,-0.03000571,0.001847202,0.9972782,352.2891,356.5232,0.4466333,0.4172978,-0.1088129,-0.9022315,0,0,0,0.7432356,0.2496161,-1.125235,-0.5137866,0.3552893,1.915,0.9981925,0.00772466,0.05959934,0.0003559639,0.9909277,-0.1343958,-0.0600968,0.1341741,0.9891338,moving,-15.725317597848175,11.849110100052789,-15.018531225108038,10.510558411350175,-0.6278163999999999,0.6050405,1.81582,-0.26566241727368867,0.19795650529425662,0.9435235203403867,-14.844814933204852,11.789741236593889,1.4371664630057523,1.513693363934644,1.2909244944887688
05/10/2023 16:34:48.192139,200,True,True,True,True,Eyes,1.355612,-0.3538042,-2.9332,-0.3217387,0.3206383,0.8908846,0.0,0.0,0.0,0.0,0.0,0.0,0.0,-1.189996,-0.04259384,3.039437,1.371088,-0.3554081,-2.941069,-0.06724488,-0.03009101,0.002045545,0.9972805,352.2991,356.5118,0.4698799,0.4172737,-0.1088156,-0.9022422,0,0,0,0.746618,0.246486,-1.124658,-0.5099243,0.3526185,1.915,0.9981807,0.008126898,0.05974325,-3.303305e-05,0.9909479,-0.1342471,-0.06029345,0.1340009,0.9891453,moving,-15.705354616817997,11.859558296387625,-14.910678565930278,10.433289254729331,-0.6244700000000001,0.6018941,1.8164110000000002,-0.26532321846320295,0.19814777097360203,0.9435788952834101,-14.8250198414949,11.799672750085907,1.5502644425006171,1.6327135097889558,1.3690658397077733
05/10/2023 16:34:48.202127,201,True,True,True,True,Eyes,1.355545,-0.3538112,-2.933211,-0.3212729,0.3202929,0.8911769,0.0,0.0,0.0,0.0,0.0,0.0,0.0,-1.189807,-0.04397881,3.039494,1.371102,-0.3553257,-2.941075,-0.06736093,-0.03013699,0.001812484,0.9972718,352.285,356.5082,0.4437773,0.4172495,-0.1088183,-0.9022531,0,0,0,0.7506591,0.2445591,-1.124265,-0.5059439,0.349866,1.915,0.9981769,0.007675189,0.05986536,0.0004450341,0.9909185,-0.1344636,-0.06035372,0.1342451,0.9891085,moving,-15.675897821283515,11.813264265818558,-14.799414790927008,10.353616256278496,-0.6204429,0.5998848,1.81681,-0.26487827390849533,0.19741035501702509,0.9438584305401625,-14.799084786219401,11.754775841363307,1.616807447786116,1.702584745102925,1.4011596239465887
05/10/2023 16:34:48.222309,202,True,True,True,True,Eyes,1.355479,-0.3538184,-2.933221,-0.3208297,0.3199583,0.8914567,0.0,0.0,0.0,0.0,0.0,0.0,0.0,-1.190456,-0.04426533,3.039248,1.371112,-0.3554291,-2.941071,-0.06736827,-0.03003911,0.00167034,0.9972746,352.2837,356.5206,0.4266493,0.4172259,-0.1088209,-0.9022637,0,0,0,0.7550415,0.2420186,-1.123562,-0.5020605,0.3471806,1.915,0.9981897,0.00737894,0.05968942,0.0007157896,0.9909175,-0.1344696,-0.06013953,0.134269,0.9891183,moving,-15.662185075265512,11.784561081880291,-14.690752300757778,10.27584647752531,-0.6160705000000001,0.5974477,1.817509,-0.264677430570219,0.19694875011825616,0.9440111787947604,-14.787390942703224,11.726973336803301,1.7043207824525846,1.7944083684551304,1.4543411528369359
05/10/2023 16:34:48.247058,203,True,True,True,True,Eyes,1.355446,-0.3538238,-2.933227,-0.3201834,0.3193134,0.8919201,0.0,0.0,0.0,0.0,0.0,0.0,0.0,-1.190196,-0.04397967,3.039333,1.371079,-0.3554374,-2.941063,-0.06735744,-0.03007223,0.001755344,0.9972742,352.2852,356.5162,0.4366713,0.4172029,-0.1088236,-0.902274,0,0,0,0.7586508,0.239261,-1.12299,-0.4982068,0.3445157,1.915,0.9981852,0.007552295,0.05974404,0.0005500577,0.9909198,-0.1344532,-0.06021697,0.1342421,0.9891173,moving,-15.613169681000443,11.743562041624415,-14.582813925940227,10.198632526168963,-0.6124282,0.5946984,1.8180730000000003,-0.2639038679242538,0.19631632619196335,0.9443593438962938,-14.742323945741008,11.6870381272846,1.764541786802231,1.8569976278151583,1.4969284150717586
05/10/2023 16:34:48.255810,204,True,True,True,True,Eyes,1.355414,-0.3538294,-2.933232,-0.3195617,0.3186907,0.8923656,0.0,0.0,0.0,0.0,0.0,0.0,0.0,-1.189691,-0.04400355,3.039475,1.371042,-0.3554271,-2.941024,-0.06744127,-0.03013932,0.001950151,0.997266,352.2763,356.5068,0.4599604,0.4171812,-0.1088262,-0.9022837,0,0,0,0.7622293,0.2366117,-1.122504,-0.4941523,0.341712,1.915,0.9981757,0.007954908,0.05985079,0.0001756286,0.9908957,-0.1346313,-0.06037688,0.1343962,0.9890866,moving,-15.558094706325809,11.696747746031413,-14.469137022133111,10.117356493313691,-0.6088127000000001,0.5920388,1.8185200000000001,-0.2630347552547297,0.1955927696951506,0.944751815244514,-14.691725108749445,11.641445309918387,1.8238249453805437,1.9184122516090167,1.5402571789162427
05/10/2023 16:34:48.277041,205,True,True,True,True,Eyes,1.355431,-0.3538347,-2.933233,-0.3187425,0.3178418,0.8929613,0.0,0.0,0.0,0.0,0.0,0.0,0.0,-1.189875,-0.04358342,3.039389,1.371065,-0.3554327,-2.940992,-0.06739035,-0.03011093,0.00198877,0.9972703,352.2823,356.5099,0.4640099,0.4171608,-0.1088287,-0.9022928,0,0,0,0.7660771,0.2338296,-1.1218,-0.4903889,0.3391094,1.915,0.9981788,0.008025052,0.05978942,9.168954e-05,0.9909092,-0.1345325,-0.06032551,0.134293,0.9891037,moving,-15.506199815130373,11.645403744948407,-14.363517468608114,10.041873268181776,-0.6049879,0.5892623,1.8191920000000001,-0.26222165872654485,0.1947907790309213,0.945143602068176,-14.644431626639745,11.591505363367164,1.8728834502100076,1.9690182667951646,1.5748880578032443
05/10/2023 16:34:48.291990,206,True,True,True,True,Eyes,1.355449,-0.3538394,-2.933234,-0.3179488,0.3170322,0.8935319,0.0,0.0,0.0,0.0,0.0,0.0,0.0,-1.190322,-0.0425396,3.039267,1.371174,-0.3554814,-2.940974,-0.06726466,-0.03005066,0.002077062,0.9972804,352.297,356.5162,0.4732719,0.4171429,-0.1088311,-0.9023008,0,0,0,0.7700403,0.2307066,-1.120989,-0.4866673,0.3365359,1.915,0.9981853,0.008185522,0.05965844,-0.0001001305,0.9909423,-0.1342883,-0.06021729,0.1340386,0.9891448,moving,-15.458752219842344,11.607201830299154,-14.258972872931372,9.967199382825084,-0.6011336999999999,0.586188,1.8199850000000002,-0.26147002369695205,0.19420159636766213,0.94547304469882,-14.600727311847585,11.554281259910583,1.9337586715848383,2.032013412602155,1.6234608036821112
05/10/2023 16:34:48.302217,207,True,True,True,True,Eyes,1.355529,-0.3538392,-2.933233,-0.3169675,0.3160577,0.8942254,0.0,0.0,0.0,0.0,0.0,0.0,0.0,-1.190887,-0.04302993,3.039068,1.371206,-0.3554719,-2.940991,-0.06733792,-0.02996392,0.002055973,0.9972781,352.2885,356.5263,0.4704279,0.4171272,-0.1088334,-0.9023078,0,0,0,0.7743034,0.2283784,-1.120395,-0.4827719,0.3338423,1.915,0.9981959,0.008136169,0.05948784,-6.533577e-05,0.9909227,-0.1344325,-0.06004162,0.1341861,0.9891356,moving,-15.403944304884938,11.53143086330833,-14.149442068416539,9.88900396832802,-0.5969026,0.5838503,1.8205959999999999,-0.26062862423208066,0.1929965505653114,0.9459518927997785,-14.55192213455793,11.48074710467963,1.9680071615860897,2.066722518060632,1.64183933920577
05/10/2023 16:34:48.322076,208,True,True,True,True,Eyes,1.355606,-0.3538363,-2.933231,-0.3160156,0.3151351,0.8948877,0.0,0.0,0.0,0.0,0.0,0.0,0.0,-1.191439,-0.04372123,3.038885,1.371258,-0.3554466,-2.941015,-0.06740573,-0.02988697,0.001950632,0.9972761,352.2803,356.536,0.4579228,0.4171151,-0.1088354,-0.9023132,0,0,0,0.778493,0.2262261,-1.119838,-0.4790112,0.3312416,1.915,0.998206,0.007919742,0.05934815,0.0001384687,0.9909053,-0.1345608,-0.05987408,0.1343276,0.9891265,moving,-15.352625805530566,11.45693127771355,-14.043598492834965,9.813470122550804,-0.5927650000000001,0.5816727,1.8211770000000003,-0.2598429335015093,0.19180846944012891,0.9464096086087805,-14.506412683779754,11.408466244002193,2.001999503962184,2.1010752185278703,1.6607858389283234
05/10/2023 16:34:48.341963,209,True,True,True,True,Eyes,1.355735,-0.3538307,-2.933225,-0.3148631,0.3140822,0.8956639,0.0,0.0,0.0,0.0,0.0,0.0,0.0,-1.192055,-0.04495662,3.038589,1.371261,-0.3553827,-2.940984,-0.06755491,-0.02979266,0.001834933,0.997269,352.2627,356.5476,0.4443753,0.4171062,-0.1088369,-0.9023171,0,0,0,0.7828255,0.2243442,-1.119285,-0.4751335,0.3285602,1.915,0.9982181,0.007685125,0.05917466,0.0003654365,0.9908659,-0.1348502,-0.0596705,0.1346315,0.9890975,moving,-15.290168553051847,11.36364398347951,-13.93435947636957,9.735556371400392,-0.5884355000000001,0.5797269,1.8216989999999997,-0.2588876573378718,0.19031787211667422,0.9469722859158812,-14.451164208733054,11.317970848015628,2.020316425209567,2.1186994890780375,1.6646689482280745
05/10/2023 16:34:48.351995,210,True,True,True,True,Eyes,1.355859,-0.353826,-2.933218,-0.3137494,0.3130757,0.8964068,0.0,0.0,0.0,0.0,0.0,0.0,0.0,-1.19268,-0.04586712,3.038316,1.371266,-0.3553911,-2.940966,-0.06762389,-0.02970143,0.001630522,0.9972674,352.254,356.5597,0.4203327,0.4171016,-0.108838,-0.9023191,0,0,0,0.7872695,0.2221563,-1.118652,-0.4712118,0.3258483,1.915,0.9982303,0.007269185,0.05902,0.000764919,0.9908487,-0.134975,-0.05946105,0.1347813,0.9890897,moving,-15.233107332468522,11.279823699297538,-13.823775719699224,9.656719382842141,-0.5839965000000001,0.5775474,1.822314,-0.25801242836958543,0.18897810791186453,0.9474793362147649,-14.400614291098321,11.236652003717639,2.051330707381867,2.1495774507672554,1.6819422772379176
05/10/2023 16:34:48.372112,211,True,True,True,True,Eyes,1.356031,-0.3538187,-2.93321,-0.3124812,0.3119675,0.8972357,0.0,0.0,0.0,0.0,0.0,0.0,0.0,-1.193112,-0.04633525,3.038122,1.371285,-0.35541,-2.940938,-0.06766488,-0.02963879,0.001530675,0.9972667,352.249,356.5677,0.4084724,0.4171006,-0.1088387,-0.9023195,0,0,0,0.7914378,0.219798,-1.118019,-0.4673768,0.3231964,1.915,0.9982384,0.007063993,0.05890841,0.0009580285,0.9908383,-0.1350506,-0.0593227,0.1348691,0.989086,moving,-15.160109752021713,11.19521785560915,-13.715535042520651,9.579590921256438,-0.5798472000000001,0.5752079999999999,1.822919,-0.2568722788693788,0.18763777168422427,0.9480552841211378,-14.334746224264544,11.154454501253314,2.0697829883202794,2.1672670537651832,1.6922227345114014
05/10/2023 16:34:48.392200,212,True,True,True,True,Eyes,1.356195,-0.353813,-2.933202,-0.3112647,0.3109007,0.8980285,0.0,0.0,0.0,0.0,0.0,0.0,0.0,-1.193159,-0.04632849,3.038114,1.37126,-0.3554129,-2.940959,-0.06763957,-0.02962989,0.001473167,0.9972687,352.2516,356.5692,0.401681,0.4171043,-0.1088388,-0.9023178,0,0,0,0.7953179,0.2171652,-1.117419,-0.4635468,0.3205478,1.915,0.9982398,0.006946592,0.05889862,0.00107002,0.9908454,-0.134997,-0.0592972,0.1348224,0.9890939,moving,-15.083692639937432,11.12215109561493,-13.607335777575116,9.502523441346385,-0.5759420999999999,0.5725781,1.82354,-0.25566446212783395,0.18649037958454437,0.9486080152866767,-14.26497014281362,11.083366407403052,2.0944271849757663,2.1915344677909427,1.7121762297361474
05/10/2023 16:34:48.402072,213,True,True,True,True,Eyes,1.35641,-0.3538055,-2.933191,-0.3098968,0.3097072,0.8989135,0.0,0.0,0.0,0.0,0.0,0.0,0.0,-1.192973,-0.04616031,3.038208,1.371249,-0.3554482,-2.940978,-0.06761163,-0.0296591,0.001462624,0.9972697,352.2548,356.5659,0.400595,0.4171118,-0.1088386,-0.9023144,0,0,0,0.7990792,0.2144031,-1.11685,-0.4596656,0.3178639,1.915,0.9982364,0.006927861,0.05895845,0.001093337,0.990853,-0.1349408,-0.05935401,0.1347673,0.989098,moving,-14.991918979468137,11.041912793542892,-13.497589088080504,9.424393406634055,-0.5721698,0.5698513000000001,1.824128,-0.2542060978045174,0.18523537709837073,0.9492455803292184,-14.180773548301035,11.005241531909846,2.106057798187756,2.20213323650512,1.7221561490976367
05/10/2023 16:34:48.422100,214,True,True,True,True,Eyes,1.356616,-0.3537995,-2.93318,-0.3085876,0.3085439,0.8997635,0.0,0.0,0.0,0.0,0.0,0.0,0.0,-1.19272,-0.04582965,3.038289,1.371214,-0.3554724,-2.940968,-0.06757467,-0.02969323,0.001497436,0.9972712,352.2592,356.5617,0.4047459,0.4171242,-0.1088379,-0.9023088,0,0,0,0.8028745,0.2114917,-1.116225,-0.4556662,0.3150983,1.915,0.9982321,0.00699972,0.05902204,0.001026322,0.9908628,-0.1348695,-0.0594268,0.1346916,0.9891039,moving,-14.902211901511333,10.966516940543036,-13.384394454590534,9.343848019313503,-0.5683394999999999,0.5669641000000001,1.8247429999999998,-0.25277647839837075,0.18405736209020773,0.9498562735814995,-14.09831186269162,10.931805285923495,2.1264536815161095,2.221896539018274,1.7410589726282248
05/10/2023 16:34:48.442315,215,True,True,True,True,Eyes,1.356924,-0.3537878,-2.933166,-0.3071477,0.3071043,0.9007481,0.0,0.0,0.0,0.0,0.0,0.0,0.0,-1.192481,-0.04430714,3.038391,1.371185,-0.3554969,-2.940964,-0.06740229,-0.02971821,0.001679217,0.9972818,352.2796,356.5576,0.4252956,0.4171407,-0.1088368,-0.9023013,0,0,0,0.8063859,0.2080628,-1.115467,-0.45186,0.3124663,1.915,0.998228,0.007355457,0.0590485,0.0006568452,0.9909082,-0.134538,-0.05950123,0.1343383,0.9891475,moving,-14.801277021598422,10.893451862612961,-13.276569002202475,9.267158975177564,-0.5647991000000001,0.5635597,1.8254970000000001,-0.2511567313532197,0.18292562105191804,0.9505042944701129,-14.00490490969929,10.860533292134228,2.134852239215697,2.2292516906202566,1.751946034581638
05/10/2023 16:34:48.452019,216,True,True,True,True,Eyes,1.357221,-0.3537753,-2.933153,-0.3057554,0.3057152,0.9016939,0.0,0.0,0.0,0.0,0.0,0.0,0.0,-1.192553,-0.0423646,3.038411,1.371226,-0.3555226,-2.940963,-0.06718821,-0.02969999,0.001923734,0.9972964,352.3051,356.558,0.4525941,0.4171636,-0.1088351,-0.9022909,0,0,0,0.8101428,0.2043749,-1.114605,-0.4479858,0.3097873,1.915,0.9982284,0.007828044,0.05898088,0.0001539134,0.9909641,-0.1341274,-0.05949789,0.1338988,0.9892073,moving,-14.707010319148445,10.831035660684876,-13.166718759634344,9.189066070580683,-0.5610832,0.5598975,1.826358,-0.249637885056885,0.18196389474516755,0.9510889047775214,-13.917359934471964,10.799587983825228,2.15730126677469,2.25134675764026,1.7768632492126322
05/10/2023 16:34:48.477298,217,True,True,True,True,Eyes,1.357221,-0.3537753,-2.933153,-0.3057554,0.3057152,0.9016939,0.0,0.0,0.0,0.0,0.0,0.0,0.0,-1.193311,-0.04185516,3.038141,1.371246,-0.3554903,-2.940979,-0.06711955,-0.02957608,0.001965822,0.9973045,352.313,356.572,0.4562437,0.4171919,-0.1088328,-0.9022781,0,0,0,0.8144658,0.2014878,-1.113814,-0.4440992,0.3070997,1.915,0.9982428,0.007891312,0.05872882,4.922074e-05,0.9909822,-0.1339936,-0.0592566,0.133761,0.9892405,moving,-14.720249324264524,10.841187136700276,-13.056417823812115,9.110687857849673,-0.5567802,0.5569781,1.827165,-0.2498501983937782,0.18212210314731497,0.9510028682108158,-13.9295814143454,10.809484396085159,2.301337354534876,2.4006172156343815,1.910058725315494
05/10/2023 16:34:48.492227,218,True,True,True,True,Eyes,1.357221,-0.3537753,-2.933153,-0.3057554,0.3057152,0.9016939,0.0,0.0,0.0,0.0,0.0,0.0,0.0,-1.194214,-0.04157537,3.037815,1.371239,-0.3554745,-2.941009,-0.06709556,-0.02942331,0.002015419,0.9973106,352.3159,356.5893,0.4606942,0.4172173,-0.1088308,-0.9022665,0,0,0,0.8188182,0.1987755,-1.113066,-0.4402589,0.304444,1.915,0.9982604,0.007968344,0.0584179,-7.165174e-05,0.9909883,-0.1339488,-0.0589588,0.1337116,0.9892649,moving,-14.736271681814744,10.846722659719932,-12.9473340500959,9.033206147485135,-0.5524208,0.55425,1.827943,-0.2501124003670756,0.1822012426629715,0.9509187829631395,-13.944730446453617,10.814947447790008,2.4431323517579555,2.5473790433164996,2.041911269541225
05/10/2023 16:34:48.502211,219,True,True,True,True,Eyes,1.357221,-0.3537753,-2.933153,-0.3057554,0.3057152,0.9016939,0.0,0.0,0.0,0.0,0.0,0.0,0.0,-1.19446,-0.04171455,3.037656,1.3712,-0.3554324,-2.940971,-0.06712394,-0.02937547,0.002038633,0.9973101,352.3127,356.5946,0.4631,0.4172403,-0.1088289,-0.9022561,0,0,0,0.8229786,0.1961618,-1.112394,-0.4362113,0.3016451,1.915,0.9982659,0.008009895,0.05831923,-0.0001227041,0.9909804,-0.1340065,-0.05886659,0.133767,0.9892629,moving,-14.740858077283155,10.844612965082922,-12.832258476473752,8.951510418650937,-0.5482214,0.5515942,1.8285769999999997,-0.25019034778879223,0.18216243958451828,0.9509057118954277,-13.949262846044535,10.812946284752236,2.5794644783502116,2.6882317027215263,2.1708620972435155
05/10/2023 16:34:48.522182,220,True,True,True,True,Eyes,1.357221,-0.3537753,-2.933153,-0.3057554,0.3057152,0.9016939,0.0,0.0,0.0,0.0,0.0,0.0,0.0,-1.194546,-0.04224521,3.037594,1.371162,-0.3554401,-2.940965,-0.06724527,-0.02935124,0.00211145,0.9973025,352.299,356.5967,0.4717346,0.4172609,-0.1088272,-0.9022468,0,0,0,0.8266203,0.1940578,-1.111941,-0.4325562,0.2991176,1.915,0.9982681,0.008158974,0.05826017,-0.0002640443,0.9909472,-0.1342517,-0.0588281,0.1340038,0.9892331,moving,-14.740828603708238,10.833310268284304,-12.728251323887436,8.877704897364326,-0.5445417,0.5494979,1.8290239999999998,-0.2501987158539078,0.18197444513068425,0.9509395045647464,-13.949834089765485,10.802038892659125,2.6939455622564945,2.806218037505632,2.279325729100057
05/10/2023 16:34:48.542002,221,True,True,True,True,Eyes,1.357637,-0.353754,-2.933139,-0.3041917,0.3037239,0.9028949,0.0,0.0,0.0,0.0,0.0,0.0,0.0,-1.194081,-0.04237592,3.037852,1.371187,-0.3554836,-2.941027,-0.06731035,-0.02942642,0.002205201,0.9972957,352.2919,356.5872,0.483359,0.4172794,-0.1088257,-0.9022384,0,0,0,0.8301643,0.1915291,-1.111566,-0.428673,0.2964323,1.915,0.9982585,0.008359881,0.05839683,-0.0004370695,0.9909289,-0.1343864,-0.05899056,0.1341269,0.9892068,moving,-14.62609988368304,10.695029035552917,-12.617660000454666,8.799258911346774,-0.5410227,0.5470127,1.829461,-0.2483966582709114,0.17976494687560782,0.9518317405197014,-13.846592284801964,10.66772854845679,2.653932047692132,2.7618427052196464,2.2363929315558795
05/10/2023 16:34:48.552170,222,True,True,True,True,Eyes,1.358036,-0.3537323,-2.933124,-0.3026848,0.3018103,0.9040424,0.0,0.0,0.0,0.0,0.0,0.0,0.0,-1.193815,-0.04288968,3.037992,1.371201,-0.355502,-2.941064,-0.06742357,-0.02946878,0.002268467,0.9972866,352.2791,356.5818,0.4913834,0.4173069,-0.1088232,-0.902226,0,0,0,0.8340933,0.1890697,-1.111144,-0.4245431,0.2935762,1.915,0.9982529,0.008498404,0.05847174,-0.0005508424,0.9908978,-0.1346149,-0.05908353,0.1343475,0.9891713,moving,-14.519689511720976,10.555968622603498,-12.499937860681241,8.715786824912138,-0.5371076999999999,0.5445717,1.82992,-0.24673013911698968,0.17753229395086828,0.9526839609181751,-13.751409231378434,10.532729234735715,2.628320966885016,2.732337054690058,2.206232152854775
05/10/2023 16:34:48.578824,223,True,True,True,True,Eyes,1.358484,-0.3537076,-2.933106,-0.3011423,0.299994,0.9051613,0.0,0.0,0.0,0.0,0.0,0.0,0.0,-1.194077,-0.04294929,3.037819,1.371197,-0.3554725,-2.940997,-0.06742267,-0.0294268,0.002247907,0.997288,352.2791,356.5868,0.4886821,0.4173419,-0.1088197,-0.9022102,0,0,0,0.8378823,0.1866658,-1.110484,-0.4209184,0.2910699,1.915,0.9982581,0.008451687,0.05839086,-0.000515554,0.9908983,-0.1346119,-0.0589971,0.1343473,0.9891765,moving,-14.424173215020065,10.434027384241793,-12.396527888381593,8.642507217211916,-0.5333147,0.5421383,1.8305129999999998,-0.24522911448142184,0.17557329244192751,0.9534341950521489,-13.665817898206523,10.414332459674242,2.6051159943618543,2.7057143381210063,2.179555417709779
05/10/2023 16:34:48.592240,224,True,True,True,True,Eyes,1.358913,-0.3536829,-2.933088,-0.2996594,0.2982458,0.9062304,0.0,0.0,0.0,0.0,0.0,0.0,0.0,-1.194483,-0.04216412,3.037675,1.371188,-0.3554939,-2.941005,-0.06730677,-0.02935698,0.002269281,0.9972978,352.2924,356.5948,0.4901964,0.4173851,-0.1088153,-0.9021907,0,0,0,0.8418303,0.1836816,-1.109727,-0.4171968,0.2884962,1.915,0.9982661,0.008478145,0.05824983,-0.0005744505,0.9909293,-0.134383,-0.05886078,0.1341166,0.9892159,moving,-14.335383745717653,10.331512984254283,-12.290268003301328,8.56722729769561,-0.5293577,0.5391755,1.8312780000000002,-0.2438234708911396,0.17393066826561415,0.9540954296030532,-13.585679366675658,10.314733599348857,2.602686810945049,2.70096323256628,2.175285929407247
05/10/2023 16:34:48.612496,225,True,True,True,True,Eyes,1.359394,-0.3536547,-2.933067,-0.2980116,0.2965802,0.9073198,0.0,0.0,0.0,0.0,0.0,0.0,0.0,-1.194549,-0.04191345,3.037614,1.371178,-0.3554652,-2.940971,-0.06729225,-0.02934114,0.002341279,0.9972991,352.2944,356.5961,0.4983254,0.4174351,-0.10881,-0.9021683,0,0,0,0.8462979,0.1805562,-1.108981,-0.4127135,0.2853962,1.915,0.9982672,0.008618774,0.05820869,-0.0007210473,0.9909325,-0.1343584,-0.05883889,0.1340836,0.9892217,moving,-14.228931928803252,10.223056627309445,-12.16214584379295,8.476513708465424,-0.5248801,0.5360214,1.8319899999999998,-0.24212517185717464,0.17219983853691476,0.9548416439387393,-13.488832706177803,10.209267066554817,2.609771851619531,2.7059225577529746,2.182322668808312
05/10/2023 16:34:48.622328,226,True,True,True,True,Eyes,1.359855,-0.3536316,-2.933048,-0.2964294,0.294968,0.908363,0.0,0.0,0.0,0.0,0.0,0.0,0.0,-1.194797,-0.04175419,3.037492,1.371167,-0.3554816,-2.940948,-0.06729826,-0.02929508,0.002406682,0.9972998,352.2939,356.6009,0.505531,0.4174926,-0.1088038,-0.9021424,0,0,0,0.8496535,0.1783035,-1.108422,-0.4094607,0.2831469,1.915,0.998272,0.008743383,0.05810803,-0.0008573503,0.9909303,-0.1343741,-0.05875589,0.1340921,0.9892255,moving,-14.130368226132461,10.116144522249401,-12.069111037898372,8.410666847661863,-0.5215135000000001,0.5337851,1.832526,-0.24055497336258672,0.1704864148187531,0.9555456750622301,-13.399506861175182,10.105350434394007,2.5822865140442546,2.67533835141711,2.1545081818669662
05/10/2023 16:34:48.642266,227,True,True,True,True,Eyes,1.360322,-0.3536075,-2.93303,-0.2947355,0.2934974,0.9093901,0.0,0.0,0.0,0.0,0.0,0.0,0.0,-1.194723,-0.04069728,3.03758,1.371181,-0.3555813,-2.940975,-0.06715822,-0.02930657,0.00245415,0.9973089,352.3101,356.5993,0.5106031,0.4175563,-0.1087969,-0.9021137,0,0,0,0.8536068,0.1749161,-1.107701,-0.4054336,0.280362,1.915,0.9982702,0.008831443,0.05812577,-0.0009587359,0.9909675,-0.1340988,-0.05878503,0.1338111,0.9892617,moving,-14.020374983887118,10.033278487501244,-11.953840613275169,8.329109631511233,-0.5175742,0.5304974,1.8332739999999998,-0.2387746678500803,0.16918083445241933,0.9562241348094529,-13.29788923053938,10.024551915882537,2.587029624472309,2.678573462619016,2.163559850155299
05/10/2023 16:34:48.652033,228,True,True,True,True,Eyes,1.360769,-0.3535817,-2.933015,-0.2931154,0.2920783,0.9103701,0.0,0.0,0.0,0.0,0.0,0.0,0.0,-1.19445,-0.03967753,3.037703,1.371145,-0.3555759,-2.940995,-0.06698871,-0.02934487,0.002460013,0.9973191,352.3296,356.595,0.510981,0.4176256,-0.1087894,-0.9020825,0,0,0,0.8573521,0.171623,-1.106986,-0.4014978,0.2776403,1.915,0.9982656,0.008838384,0.05820281,-0.000975285,0.9910129,-0.1337626,-0.05886198,0.1334739,0.9893028,moving,-13.913433038324277,9.956078781664528,-11.841088562077584,8.249370399562247,-0.5137929000000001,0.5271989,1.834009,-0.23703943817034268,0.1679657593713419,0.9568698440502534,-13.198911888764835,9.949244527001088,2.594426741854814,2.6846722574214468,2.175604797667075
05/10/2023 16:34:48.677182,229,True,True,True,True,Eyes,1.361207,-0.353557,-2.933,-0.2913756,0.2907484,0.9113538,0.0,0.0,0.0,0.0,0.0,0.0,0.0,-1.193809,-0.03930107,3.037966,1.371109,-0.3555074,-2.941026,-0.06692579,-0.02944241,0.002494542,0.9973204,352.337,356.5836,0.5154955,0.4176997,-0.1087812,-0.9020492,0,0,0,0.8606781,0.1688776,-1.106483,-0.3977391,0.275041,1.915,0.9982539,0.008916628,0.05839313,-0.001034802,0.9910294,-0.1336398,-0.05906093,0.133346,0.9893082,moving,-13.791600193486603,9.872278162217127,-11.733323101226217,8.173187135316835,-0.5104308999999999,0.524385,1.8345429999999998,-0.2350575195029536,0.16664861126863217,0.957588807390581,-13.085932563123489,9.867454539826324,2.5807014607763485,2.6689726312229123,2.167970109202926
05/10/2023 16:34:48.692109,230,True,True,True,True,Eyes,1.361629,-0.3535309,-2.932983,-0.2897061,0.2894654,0.9122939,0.0,0.0,0.0,0.0,0.0,0.0,0.0,-1.193496,-0.03958106,3.038114,1.371133,-0.3555262,-2.941042,-0.06700912,-0.02949333,0.002578314,0.9973131,352.3278,356.5769,0.5258435,0.4177776,-0.1087726,-0.9020141,0,0,0,0.8642401,0.16652,-1.106062,-0.3939419,0.2724152,1.915,0.998247,0.009095416,0.05848262,-0.001190127,0.9910063,-0.1338102,-0.0591737,0.1335061,0.9892799,moving,-13.67760279919456,9.777066952636323,-11.624368249819112,8.096197624339814,-0.5068929,0.5220462,1.8349799999999998,-0.2332120980774793,0.1651325702523056,0.9583023289670891,-12.98111059811339,9.774712555834018,2.567464617261857,2.6535059475262077,2.1582775944961443
05/10/2023 16:34:48.702017,231,True,True,True,True,Eyes,1.362069,-0.3535032,-2.932964,-0.2879322,0.2882365,0.9132441,0.0,0.0,0.0,0.0,0.0,0.0,0.0,-1.193431,-0.0391638,3.038075,1.371175,-0.3554663,-2.940957,-0.06696754,-0.02950726,0.002663376,0.9973152,352.3328,356.5747,0.5356134,0.4178587,-0.1087635,-0.9019777,0,0,0,0.8683259,0.1635308,-1.105315,-0.3897744,0.2695335,1.915,0.9982445,0.009264508,0.05849935,-0.001360395,0.9910165,-0.1337327,-0.05921279,0.1334183,0.9892893,moving,-13.562368449787801,9.699353931342308,-11.504690036128364,8.011671144098928,-0.5028491,0.5189971,1.835642,-0.2313321609519457,0.1639082644095251,0.9589679504975441,-12.874168082235359,9.698847066838873,2.5764241059798167,2.6612616640228373,2.1730238638916086
05/10/2023 16:34:48.721985,232,True,True,True,True,Eyes,1.362489,-0.3534782,-2.932947,-0.2862198,0.2870541,0.9141544,0.0,0.0,0.0,0.0,0.0,0.0,0.0,-1.19386,-0.03980318,3.037879,1.371179,-0.3554647,-2.940937,-0.06709544,-0.02943505,0.002708458,0.9973086,352.3183,356.5826,0.5407049,0.417943,-0.1087539,-0.9019397,0,0,0,0.8720473,0.1616158,-1.104828,-0.3862897,0.2671236,1.915,0.9982525,0.009352251,0.05834819,-0.001452423,0.9909817,-0.1339892,-0.05907509,0.1336703,0.9892636,moving,-13.46113636960564,9.605046546442724,-11.404541586008936,7.940956598120112,-0.49913169999999996,0.5170805,1.836109,-0.22969575417541363,0.16239429556682455,0.9596187006094414,-12.78160166598303,9.60707387266407,2.562889401177291,2.645520262637489,2.1615367765532123
05/10/2023 16:34:48.742264,233,True,True,True,True,Eyes,1.362887,-0.3534578,-2.932932,-0.2844028,0.2858613,0.9150947,0.0,0.0,0.0,0.0,0.0,0.0,0.0,-1.194431,-0.0396657,3.037633,1.371117,-0.3555028,-2.940937,-0.06707511,-0.02933174,0.002692007,0.9973131,352.3205,356.5946,0.5379357,0.4180299,-0.108744,-0.9019006,0,0,0,0.8763938,0.1588119,-1.1041,-0.3822773,0.2643492,1.915,0.9982648,0.009304405,0.05814471,-0.001434688,0.9909874,-0.1339477,-0.05886698,0.1336318,0.9892812,moving,-13.359509574046829,9.525019820293169,-11.28913981314074,7.85951625149792,-0.4947231999999999,0.5143147,1.8368369999999998,-0.2280416119638176,0.16111815177351976,0.9602280509522979,-12.687897170850114,9.529078611639244,2.5756816677930408,2.657128729388933,2.178063502321909
05/10/2023 16:34:48.761753,234,True,True,True,True,Eyes,1.363272,-0.3534332,-2.932918,-0.2826527,0.2847301,0.9159892,0.0,0.0,0.0,0.0,0.0,0.0,0.0,-1.194069,-0.03862396,3.037845,1.371134,-0.3555803,-2.940978,-0.06704963,-0.02937604,0.003014586,0.9973126,352.3245,356.5871,0.5753881,0.4181183,-0.1087339,-0.9018608,0,0,0,0.879849,0.1557489,-1.103565,-0.3784208,0.2616822,1.915,0.998256,0.009952274,0.05818994,-0.002073663,0.9909905,-0.133916,-0.05899845,0.1335618,0.9892828,moving,-13.236895690319907,9.458790106315044,-11.178134383670482,7.781198405088237,-0.4912850000000001,0.5113292,1.837413,-0.22602467293447306,0.16008536551208657,0.960877471977393,-12.573232858846072,9.464238741837464,2.5753909690770618,2.655713093273048,2.186075142935899
05/10/2023 16:34:48.777294,235,True,True,True,True,Eyes,1.363665,-0.3534065,-2.932904,-0.2807874,0.2836221,0.9169062,0.0,0.0,0.0,0.0,0.0,0.0,0.0,-1.194476,-0.03994307,3.037701,1.371195,-0.3554588,-2.940998,-0.06726156,-0.02931781,0.003041098,0.9972999,352.3003,356.5934,0.5787413,0.4182078,-0.1087236,-0.9018205,0,0,0,0.8839731,0.1540279,-1.103162,-0.3745558,0.2590095,1.915,0.9982625,0.0100097,0.0580682,-0.002121851,0.9909332,-0.1343382,-0.0588864,0.1339816,0.9892327,moving,-13.125631289905188,9.358482789449328,-11.066798947742924,7.7026838132908875,-0.4872219,0.5094867000000001,1.837836,-0.22421744943970057,0.15847082379041832,0.9615682880479948,-12.471315383358206,9.366599664511812,2.56391943736123,2.6420561808146115,2.1774485936199985
05/10/2023 16:34:48.792448,236,True,True,True,True,Eyes,1.36404,-0.3533825,-2.932885,-0.2789733,0.282569,0.9177846,0.0,0.0,0.0,0.0,0.0,0.0,0.0,-1.195001,-0.04320499,3.03744,1.371242,-0.3554216,-2.94097,-0.06769513,-0.02925321,0.002793846,0.9972733,352.2496,356.6023,0.5512478,0.4182985,-0.108713,-0.9017797,0,0,0,0.8884386,0.1531996,-1.102923,-0.3705714,0.2562542,1.915,0.9982729,0.009533054,0.05796862,-0.001611856,0.9908192,-0.1351845,-0.05872514,0.1348576,0.9891232,moving,-13.02444915569492,9.228831209520095,-10.95193541702192,7.621712246441923,-0.4828034000000001,0.5086212,1.838047,-0.2225950315674452,0.1563541653783835,0.9622914011677375,-12.380672250047134,9.240719491621373,2.5474510132363615,2.622621695646133,2.1592761282398483
05/10/2023 16:34:48.802185,237,True,True,True,True,Eyes,1.364415,-0.35336,-2.932869,-0.2770424,0.2814893,0.9187009,0.0,0.0,0.0,0.0,0.0,0.0,0.0,-1.196322,-0.0445987,3.036792,1.371221,-0.3554614,-2.940864,-0.06774905,-0.02905745,0.002340796,0.9972766,352.2418,356.6284,0.4976529,0.41839,-0.1087022,-0.9017386,0,0,0,0.8933485,0.151152,-1.102116,-0.3667162,0.2535884,1.915,0.9983004,0.008606072,0.05763946,-0.0007316121,0.9908092,-0.1352651,-0.0582738,0.134993,0.9891315,moving,-12.937954158739423,9.135482545084418,-10.840711598133261,7.543341703906282,-0.47787250000000003,0.5066134,1.8387479999999998,-0.2211956134297043,0.15483672772051196,0.9628593611848623,-12.302258906046244,9.149982982169183,2.5594656218541636,2.6331233955447884,2.1719614937392278
05/10/2023 16:34:48.827150,238,True,True,True,True,Eyes,1.364772,-0.3533386,-2.932852,-0.2751977,0.2804308,0.9195787,0.0,0.0,0.0,0.0,0.0,0.0,0.0,-1.19745,-0.04295117,3.036384,1.371161,-0.3554944,-2.940901,-0.06748834,-0.02886072,0.002346587,0.9972999,352.2716,356.6513,0.4958803,0.418482,-0.1086914,-0.9016972,0,0,0,0.8978207,0.1475819,-1.101128,-0.3629071,0.2509544,1.915,0.9983231,0.008576025,0.05724885,-0.0007849763,0.9908797,-0.1347477,-0.05788232,0.1344768,0.9892248,moving,-12.846801763179089,9.09308615841782,-10.730736501696457,7.465878138189526,-0.47334030000000005,0.5030763,1.839773,-0.21968642757365736,0.15417812544765275,0.963310527473354,-12.216653443347463,9.108380479260772,2.595506905275717,2.6693703624541962,2.2148957307083332
05/10/2023 16:34:48.842399,239,True,True,True,True,Eyes,1.365075,-0.3533233,-2.932836,-0.2732941,0.2793407,0.9204777,0.0,0.0,0.0,0.0,0.0,0.0,0.0,-1.196876,-0.04086685,3.036586,1.371095,-0.355498,-2.940876,-0.06730014,-0.02892448,0.002720257,0.9973098,352.2945,356.6412,0.5388194,0.418574,-0.1086806,-0.9016557,0,0,0,0.9010205,0.1439999,-1.10039,-0.3591164,0.2483332,1.915,0.998312,0.00931912,0.05732718,-0.001532634,0.9909266,-0.1343955,-0.05805948,0.1340808,0.9892681,moving,-12.713136332598449,9.049098682240986,-10.621213157929185,7.388763749504146,-0.47007449999999995,0.49949789999999994,1.8404859999999998,-0.21746116790045822,0.15351690715366104,0.9639207890910606,-12.090157363862637,9.064920874324866,2.597379175303654,2.6707404699042883,2.228743993201714
05/10/2023 16:34:48.851876,240,True,True,True,True,Eyes,1.365365,-0.3533088,-2.932822,-0.2714686,0.2782739,0.9213406,0.0,0.0,0.0,0.0,0.0,0.0,0.0,-1.195894,-0.03872502,3.037001,1.371089,-0.3555359,-2.940876,-0.06703765,-0.02907304,0.002936379,0.9973225,352.3255,356.6227,0.5639816,0.4186648,-0.10867,-0.9016148,0,0,0,0.9044622,0.1399805,-1.099632,-0.3549464,0.2454495,1.915,0.9982923,0.009755009,0.05759669,-0.001959057,0.9909946,-0.1338871,-0.05838408,0.1335456,0.9893214,moving,-12.579060115818924,9.010444890805935,-10.500640097495182,7.303895645307014,-0.4666268,0.4955164,1.8412439999999999,-0.21522426893723098,0.15294420491390542,0.9645136855738324,-11.962982387048738,9.02660519824884,2.6159855619834613,2.689263858360091,2.2596843088391267
05/10/2023 16:34:48.871816,241,True,True,True,True,Eyes,1.365581,-0.3533019,-2.932809,-0.2695762,0.2771626,0.9222308,0.0,0.0,0.0,0.0,0.0,0.0,0.0,-1.195571,-0.03726676,3.037163,1.371057,-0.3555388,-2.940907,-0.06678328,-0.02912173,0.002912448,0.9973382,352.3546,356.6175,0.5607096,0.4187539,-0.1086597,-0.9015747,0,0,0,0.907777,0.1366735,-1.098929,-0.351431,0.2430185,1.915,0.9982869,0.00969908,0.05769943,-0.001919701,0.991063,-0.1333807,-0.05847744,0.1330414,0.9893838,moving,-12.458188163300058,8.961884061551983,-10.398921238964377,7.232325572272017,-0.46328,0.4922123,1.8419780000000001,-0.21321398132381553,0.15219536006689008,0.9650784701028191,-11.849059586476075,8.978829087404598,2.6167030329253205,2.689229040729579,2.2700607382390507
05/10/2023 16:34:48.892191,242,True,True,True,True,Eyes,1.36579,-0.3532944,-2.932801,-0.2677701,0.2760875,0.923079,0.0,0.0,0.0,0.0,0.0,0.0,0.0,-1.195334,-0.03578469,3.037268,1.371044,-0.355556,-2.940904,-0.06657883,-0.02915329,0.003006471,0.9973508,352.3784,356.6133,0.5710791,0.4188398,-0.1086499,-0.9015359,0,0,0,0.911401,0.1332324,-1.098176,-0.3476039,0.2403721,1.915,0.9982821,0.009878994,0.05775177,-0.002115028,0.9911165,-0.1329802,-0.05855244,0.1326296,0.9894347,moving,-12.341539394920995,8.913759672999921,-10.28810788828334,7.154388200104782,-0.4596429999999999,0.4887884,1.8427280000000001,-0.21127319132359781,0.15145001461241475,0.9656223413183345,-11.739184031997688,8.931506100762308,2.6320085133796685,2.704065260323685,2.2942907417531706
05/10/2023 16:34:48.901914,243,True,True,True,True,Eyes,1.366019,-0.3532843,-2.932794,-0.2659341,0.2749808,0.9239397,0.0,0.0,0.0,0.0,0.0,0.0,0.0,-1.19451,-0.03515232,3.037715,1.37109,-0.3555356,-2.941005,-0.06652217,-0.0292881,0.003143476,0.9973501,352.3855,356.5968,0.5877136,0.4189225,-0.1086406,-0.9014986,0,0,0,0.9147145,0.1303075,-1.09776,-0.343731,0.2376939,1.915,0.9982647,0.01016691,0.05800275,-0.002373676,0.9911298,-0.1328759,-0.05883919,0.1325077,0.989434,moving,-12.209781212204955,8.847384348909939,-10.17588914281245,7.075487203224406,-0.45637549999999993,0.48584309999999997,1.843245,-0.2090858624251797,0.1504035929009369,0.9662617743261648,-11.615713961806359,8.86645652248079,2.626663691271415,2.697468525270734,2.297970106835274
05/10/2023 16:34:48.927016,244,True,True,True,True,Eyes,1.366238,-0.3532741,-2.932787,-0.2641641,0.273917,0.9247631,0.0,0.0,0.0,0.0,0.0,0.0,0.0,-1.194285,-0.03594306,3.037875,1.371123,-0.3554772,-2.94108,-0.06660795,-0.02933421,0.003066075,0.9973432,352.3754,356.5919,0.5794452,0.4190028,-0.1086316,-0.9014624,0,0,0,0.9186119,0.1280552,-1.097366,-0.3397496,0.2349407,1.915,0.9982602,0.01002364,0.0581041,-0.002208075,0.9911079,-0.1330419,-0.058921,0.1326821,0.9894058,moving,-12.096961658694903,8.762513230711841,-10.060444269877035,6.99434854912154,-0.45251110000000005,0.4835324,1.8437139999999999,-0.20722633437605859,0.14903241296540853,0.9668746412882021,-11.511478645385493,8.78370170024125,2.627660293515733,2.6970000771562614,2.3037546436913066
05/10/2023 16:34:48.942325,245,True,True,True,True,Eyes,1.366478,-0.3532653,-2.932781,-0.2623603,0.2728319,0.925597,0.0,0.0,0.0,0.0,0.0,0.0,0.0,-1.19478,-0.03590047,3.037656,1.371121,-0.3554645,-2.941057,-0.06661159,-0.02925139,0.003088803,0.9973454,352.375,356.6013,0.5814418,0.4190808,-0.1086229,-0.9014272,0,0,0,0.9227384,0.1254784,-1.096696,-0.3359139,0.2322883,1.915,0.9982696,0.01005817,0.05793598,-0.002264243,0.9911067,-0.1330502,-0.05875898,0.1326888,0.9894145,moving,-11.994671594815228,8.68918467186259,-9.949145994595781,6.916153861634338,-0.4483826000000001,0.4809429,1.844361,-0.20553677012074822,0.1478486984790252,0.9674168582204307,-11.416779513925855,8.71216519128921,2.638706048344083,2.7069933940022426,2.3193975173113044
05/10/2023 16:34:48.962018,246,True,True,True,True,Eyes,1.366708,-0.3532562,-2.932774,-0.2606306,0.2718065,0.926387,0.0,0.0,0.0,0.0,0.0,0.0,0.0,-1.194763,-0.03581685,3.037715,1.371127,-0.3555181,-2.9411,-0.06664532,-0.02924961,0.003182097,0.9973428,352.3715,356.6008,0.5923041,0.4191571,-0.1086145,-0.9013928,0,0,0,0.9267658,0.1227224,-1.096155,-0.3318336,0.2294667,1.915,0.9982687,0.01024598,0.05791963,-0.002448584,0.9910966,-0.1331226,-0.05876791,0.1327503,0.9894057,moving,-11.886102875246376,8.617917223134413,-9.830667007331808,6.832942612540241,-0.4443612,0.4782405,1.844945,-0.20373843908832756,0.14670159560787058,0.967971718156872,-11.315919521576484,8.642570155891276,2.6549323041795683,2.722306185493382,2.341095230170023
05/10/2023 16:34:48.971818,247,True,True,True,True,Eyes,1.366967,-0.3532455,-2.932766,-0.2588454,0.2707219,0.9272048,0.0,0.0,0.0,0.0,0.0,0.0,0.0,-1.194407,-0.03716409,3.037822,1.371122,-0.3554817,-2.941089,-0.06682397,-0.02931274,0.00309388,0.9973294,352.3507,356.594,0.5832469,0.4192316,-0.1086064,-0.9013591,0,0,0,0.9301861,0.1210588,-1.095834,-0.3282354,0.2269785,1.915,0.9982624,0.01008882,0.05805541,-0.002253648,0.9910499,-0.1334724,-0.05888239,0.1331096,0.9893507,moving,-11.770659414241516,8.521213111349033,-9.72611614503867,6.759539547135604,-0.44093589999999994,0.47654050000000003,1.8452549999999999,-0.2018351031172499,0.14512605030635606,0.9686077895907802,-11.209783008713059,8.548376570245766,2.633509778986515,2.6988239895352764,2.3240493234040938
05/10/2023 16:34:48.994266,248,True,True,True,True,Eyes,1.367218,-0.3532349,-2.932759,-0.2571355,0.2696713,0.9279864,0.0,0.0,0.0,0.0,0.0,0.0,0.0,-1.194007,-0.03817064,3.037984,1.371125,-0.3555099,-2.941103,-0.06693807,-0.02938621,0.002964054,0.99732,352.3372,356.5864,0.5692459,0.4193054,-0.1085984,-0.9013257,0,0,0,0.9343163,0.1186381,-1.095376,-0.3239231,0.2239966,1.915,0.9982554,0.009846334,0.05821809,-0.001978107,0.991021,-0.1336916,-0.05901173,0.1333432,0.9893115,moving,-11.659989184074824,8.43329743941954,-9.600729927355387,6.671542746078906,-0.43680869999999994,0.474148,1.8457270000000001,-0.2000060234303308,0.14369464995624093,0.9692004292995536,-11.10778078416466,8.462699999383288,2.645981172697056,2.710042118841042,2.3408217768712047
05/10/2023 16:34:49.001879,249,True,True,True,True,Eyes,1.367218,-0.3532349,-2.932759,-0.2571355,0.2696713,0.9279864,0.0,0.0,0.0,0.0,0.0,0.0,0.0,-1.193636,-0.03750625,3.038148,1.371154,-0.3555323,-2.941097,-0.06683724,-0.02945096,0.002982392,0.9973247,352.3488,356.5789,0.5715045,0.4193783,-0.1085906,-0.9012927,0,0,0,0.937372,0.1160043,-1.094835,-0.3206393,0.2217258,1.915,0.9982475,0.009885669,0.05834566,-0.002011985,0.9910478,-0.1334925,-0.059143,0.1331412,0.9893309,moving,-11.652591687388677,8.444924094414333,-9.505186437582932,6.604509493423659,-0.433782,0.47153660000000003,1.846262,-0.19987500046792575,0.14389524696327394,0.9691976971073678,-11.100034070362568,8.47386381401304,2.761809659957071,2.8281575646404384,2.4572392125491156
05/10/2023 16:34:49.022309,250,True,True,True,True,Eyes,1.367218,-0.3532349,-2.932759,-0.2571355,0.2696713,0.9279864,0.0,0.0,0.0,0.0,0.0,0.0,0.0,-1.193394,-0.03740332,3.038258,1.37116,-0.3554894,-2.941114,-0.06680491,-0.02949253,0.002967166,0.9973257,352.3525,356.5742,0.5699551,0.4194438,-0.1085836,-0.9012631,0,0,0,0.941705,0.1129133,-1.094183,-0.316165,0.2186316,1.915,0.9982428,0.009858952,0.05843087,-0.001977969,0.9910566,-0.1334275,-0.05922376,0.1330775,0.9893346,moving,-11.648365417154325,8.447984575237658,-9.374919042933561,6.513140543465724,-0.4294549999999999,0.4684027,1.8469309999999999,-0.19980192516091255,0.14394920645748835,0.9692047516655873,-11.09579832484266,8.4767852163544,2.916214290847618,2.985327426554919,2.6110009391549545
05/10/2023 16:34:49.042144,251,True,True,True,True,Eyes,1.367218,-0.3532349,-2.932759,-0.2571355,0.2696713,0.9279864,0.0,0.0,0.0,0.0,0.0,0.0,0.0,-1.193361,-0.03726444,3.038327,1.371197,-0.3555329,-2.941146,-0.0667843,-0.02950413,0.002958677,0.9973267,352.3549,356.573,0.5689927,0.4195028,-0.1085772,-0.9012364,0,0,0,0.945033,0.1105492,-1.093705,-0.3128347,0.2163288,1.915,0.9982415,0.009842361,0.05845533,-0.00196071,0.9910622,-0.1333861,-0.0592457,0.133037,0.9893387,moving,-11.647330379685606,8.45004943287336,-9.277895133212752,6.4451192990227435,-0.426164,0.4660821,1.8474409999999999,-0.1997833744107151,0.1439846909491283,0.9692033048180615,-11.094691183642498,8.478769984140678,3.032718112329128,3.1038634359214528,2.7269915654320913
05/10/2023 16:34:49.061976,252,True,True,True,True,Eyes,1.367218,-0.3532349,-2.932759,-0.2571355,0.2696713,0.9279864,0.0,0.0,0.0,0.0,0.0,0.0,0.0,-1.193565,-0.03569183,3.038296,1.37126,-0.3555753,-2.941144,-0.06662535,-0.02946838,0.003180268,0.9973378,352.3739,356.5756,0.5937057,0.4195559,-0.1085715,-0.9012123,0,0,0,0.9490659,0.1070598,-1.092916,-0.3088459,0.2135706,1.915,0.998243,0.01027028,0.05835608,-0.00241692,0.9911019,-0.1330834,-0.05920362,0.1327085,0.9893854,moving,-11.646687234367203,8.47418557863863,-9.161616047306154,6.363622220057062,-0.4221940999999999,0.46263509999999997,1.848228,-0.19976046530509062,0.14439364840455765,0.9691471842761628,-11.092790791289904,8.5020566405436,3.1862280983296443,3.260376741321181,2.8813777368686493
05/10/2023 16:34:49.077372,253,True,True,True,True,Eyes,1.367218,-0.3532349,-2.932759,-0.2571355,0.2696713,0.9279864,0.0,0.0,0.0,0.0,0.0,0.0,0.0,-1.193702,-0.03657359,3.038228,1.371271,-0.3555685,-2.941135,-0.06672162,-0.02945442,0.003063207,0.9973322,352.3624,356.578,0.5804409,0.4196037,-0.1085664,-0.9011907,0,0,0,0.9529489,0.1049858,-1.092427,-0.3051051,0.2109837,1.915,0.9982461,0.01004056,0.05834292,-0.002179576,0.9910777,-0.1332677,-0.05916044,0.1329068,0.9893613,moving,-11.650704408537894,8.460214687794755,-9.052497279903397,6.287163065222375,-0.4183220999999999,0.4605543,1.848708,-0.19983543883677182,0.14415507997813748,0.9691672426832799,-11.097403843985989,8.488605045980732,3.311220512566661,3.387157161640359,3.0046613204275365
05/10/2023 16:34:49.092258,254,True,True,True,True,Eyes,1.367218,-0.3532349,-2.932759,-0.2571355,0.2696713,0.9279864,0.0,0.0,0.0,0.0,0.0,0.0,0.0,-1.194484,-0.03677475,3.037944,1.371261,-0.3555433,-2.94117,-0.06663932,-0.0293383,0.002794047,0.9973418,352.3708,356.5935,0.5482203,0.4196467,-0.1085617,-0.9011713,0,0,0,0.9578917,0.1019732,-1.091644,-0.300766,0.2079831,1.915,0.9982629,0.009483408,0.05814824,-0.00166307,0.9911028,-0.1330883,-0.05889301,0.1327604,0.9893969,moving,-11.670593068742088,8.463198276610308,-8.92584320582829,6.198448321113819,-0.41336930000000005,0.4575165,1.849526,-0.20017065605246054,0.14419547697720908,0.9690920528328272,-11.116414696341552,8.491634721997547,3.4797789828675176,3.5584749782577734,3.1713257991331583
05/10/2023 16:34:49.102219,255,True,True,True,True,Eyes,1.367493,-0.3532199,-2.932756,-0.2554165,0.2676514,0.9290453,0.0,0.0,0.0,0.0,0.0,0.0,0.0,-1.194643,-0.03622022,3.037888,1.371271,-0.3555347,-2.941166,-0.06659015,-0.0293081,0.00289606,0.9973457,352.3768,356.5963,0.559578,0.4196855,-0.1085576,-0.9011537,0,0,0,0.96182,0.09910904,-1.090986,-0.2968912,0.2053037,1.915,0.9982653,0.009680008,0.05807492,-0.001873485,0.9911147,-0.1329966,-0.05884631,0.132657,0.9894136,moving,-11.56416619446544,8.34172278439227,-8.81266717544124,6.119204831531098,-0.4094509999999999,0.45464373999999996,1.85018,-0.1984283344701833,0.142191944570288,0.9697461919621074,-11.02028279073281,8.373604835620728,3.4610392047857266,3.536994897152291,3.1552949281039493
05/10/2023 16:34:49.122136,256,True,True,True,True,Eyes,1.367762,-0.3532056,-2.932754,-0.2537688,0.2657054,0.9300548,0.0,0.0,0.0,0.0,0.0,0.0,0.0,-1.194214,-0.03582007,3.038048,1.371271,-0.3555398,-2.941152,-0.06659693,-0.02936922,0.003070166,0.997343,352.3767,356.5879,0.5801471,0.4197273,-0.108553,-0.9011348,0,0,0,0.9649107,0.09668157,-1.090507,-0.2934545,0.2029271,1.915,0.998256,0.01003582,0.05817344,-0.002212218,0.9911108,-0.1330203,-0.05899129,0.1326596,0.9894046,moving,-11.450167577180423,8.220199060375153,-8.712229202225014,6.048896997195163,-0.4063602999999999,0.45222137,1.8506450000000003,-0.19655518739824207,0.14018874994685537,0.970419016271229,-10.916855625869967,8.255471110761292,3.4214605427592133,3.4944039827448607,3.1191901170806635
05/10/2023 16:34:49.142323,257,True,True,True,True,Eyes,1.367983,-0.353198,-2.93275,-0.2520992,0.2638266,0.9310433,0.0,0.0,0.0,0.0,0.0,0.0,0.0,-1.193959,-0.03542626,3.0382,1.371364,-0.3555439,-2.941156,-0.06654178,-0.02942496,0.003097064,0.997345,352.3831,356.5813,0.5834823,0.4197718,-0.1085481,-0.9011147,0,0,0,0.9684329,0.09397992,-1.089956,-0.2897974,0.2003981,1.915,0.9982492,0.01009366,0.05828149,-0.002261703,0.9911252,-0.1329125,-0.05910583,0.132548,0.9894127,moving,-11.339487421999754,8.106150087453713,-8.605290731846996,5.974060576066695,-0.4029311,0.44952382,1.8512,-0.1947322493611644,0.1383081214341961,0.971056292182474,-10.816230306308697,8.14457567521524,3.3968669878799624,3.4672232730253807,3.0982881721287168
05/10/2023 16:34:49.152073,258,True,True,True,True,Eyes,1.368199,-0.3531894,-2.932746,-0.2504921,0.2620182,0.9319872,0.0,0.0,0.0,0.0,0.0,0.0,0.0,-1.194131,-0.03429455,3.038129,1.3714,-0.3555536,-2.941121,-0.06636389,-0.02940163,0.00311379,0.9973574,352.4036,356.5841,0.5846035,0.4198175,-0.1085431,-0.901094,0,0,0,0.9725285,0.09060515,-1.089144,-0.2858124,0.1976426,1.915,0.9982517,0.01011354,0.05823458,-0.002308709,0.9911723,-0.1325601,-0.05906116,0.1321939,0.9894627,moving,-11.242481318222655,8.010983235300136,-8.488695237771118,5.892498437291553,-0.39887149999999993,0.44615875000000005,1.851977,-0.1931303559310478,0.136739153434092,0.9715981884470373,-10.727782580241772,8.052005067550905,3.4057292000424018,3.4743798894597155,3.110784629855689
05/10/2023 16:34:49.172435,259,True,True,True,True,Eyes,1.368491,-0.3531767,-2.93274,-0.2488179,0.2603295,0.9329084,0.0,0.0,0.0,0.0,0.0,0.0,0.0,-1.194346,-0.03417081,3.038071,1.371448,-0.3555203,-2.941129,-0.06631851,-0.02937665,0.003066856,0.9973614,352.4086,356.5873,0.5788405,0.4198642,-0.1085381,-0.9010729,0,0,0,0.9764937,0.08794013,-1.088524,-0.2820186,0.195019,1.915,0.9982553,0.01001396,0.05819149,-0.002221095,0.9911849,-0.1324672,-0.05900505,0.1321068,0.9894777,moving,-11.143031313481222,7.906275651803675,-8.377628124659367,5.81481822288938,-0.3949543,0.44346043,1.852605,-0.19148951981716036,0.13500756201959563,0.9721649040769462,-10.637485538896525,7.950209105154187,3.400632601806136,3.467224967276695,3.109155794221693
05/10/2023 16:34:49.182018,260,True,True,True,True,Eyes,1.368772,-0.3531656,-2.932735,-0.2472027,0.2587139,0.9337869,0.0,0.0,0.0,0.0,0.0,0.0,0.0,-1.194669,-0.03476661,3.03795,1.371476,-0.3555158,-2.94113,-0.06635383,-0.02933653,0.002915885,0.9973606,352.4041,356.5931,0.5612506,0.4199137,-0.1085328,-0.9010505,0,0,0,0.9806493,0.08555838,-1.087947,-0.2781371,0.192335,1.915,0.9982617,0.009709558,0.05813123,-0.001923195,0.9911773,-0.1325285,-0.05890514,0.1321863,0.9894731,moving,-11.051175544080847,7.7946684791231915,-8.263927849083029,5.7353274691723515,-0.39082669999999997,0.44107418,1.8531829999999998,-0.1899788161243317,0.13315343509716243,0.9727169391441342,-10.55487404373667,7.841812463212527,3.400980550342218,3.465492044217674,3.112187895502846
05/10/2023 16:34:49.202209,261,True,True,True,True,Eyes,1.369056,-0.3531556,-2.932729,-0.2454589,0.2571698,0.934673,0.0,0.0,0.0,0.0,0.0,0.0,0.0,-1.195077,-0.03547955,3.037808,1.371466,-0.3555438,-2.941159,-0.06642391,-0.02927443,0.002788207,0.9973581,352.3955,356.6012,0.5462995,0.4199654,-0.1085273,-0.9010271,0,0,0,0.9850473,0.08311282,-1.08738,-0.2740415,0.1895029,1.915,0.9982705,0.009450725,0.05802375,-0.001672639,0.9911602,-0.1326601,-0.05876458,0.1323336,0.9894618,moving,-10.953720494749438,7.683849929910446,-8.143884881159158,5.651426487155063,-0.3864187000000001,0.43865662000000005,1.8537789999999998,-0.18837068063578458,0.13131322973388743,0.9732796704565018,-10.46682399574875,7.734134478458374,3.405318376749746,3.4678410035729597,3.119890816539732
05/10/2023 16:34:49.222205,262,True,True,True,True,Eyes,1.369327,-0.3531439,-2.932723,-0.2437834,0.2556942,0.935516,0.0,0.0,0.0,0.0,0.0,0.0,0.0,-1.195229,-0.036026,3.037753,1.371466,-0.3555502,-2.94117,-0.06648573,-0.02925313,0.002716593,0.9973548,352.3882,356.6041,0.5380955,0.4200192,-0.1085217,-0.9010027,0,0,0,0.988773,0.08095008,-1.086891,-0.2704387,0.1870114,1.915,0.9982738,0.009308646,0.05799026,-0.001528982,0.9911445,-0.1327787,-0.05871273,0.1324608,0.9894478,moving,-10.854725586271433,7.579757938725973,-8.038226412976307,5.5775956599183765,-0.38269300000000006,0.43650027999999996,1.854279,-0.18673158092301248,0.1295860968031997,0.9738268924642122,-10.376932927021771,7.632936009934566,3.395124019819982,3.455621707283967,3.113514431192404
05/10/2023 16:34:49.242270,263,True,True,True,True,Eyes,1.369576,-0.3531362,-2.932718,-0.2420073,0.2542751,0.9363635,0.0,0.0,0.0,0.0,0.0,0.0,0.0,-1.195159,-0.03681239,3.037737,1.371432,-0.3555002,-2.941156,-0.06658859,-0.02926197,0.002670458,0.9973478,352.3762,356.6033,0.5332043,0.4200745,-0.108516,-0.9009776,0,0,0,0.9926393,0.07877281,-1.08639,-0.2665321,0.1843099,1.915,0.9982733,0.009223778,0.05801309,-0.001429723,0.9911177,-0.1329803,-0.05872437,0.1326677,0.9894194,moving,-10.74583972245702,7.474696313867673,-7.923596274331299,5.49752089063943,-0.3787927,0.43427300999999996,1.854766,-0.18492270211431108,0.12784469831392092,0.9744020172502283,-10.277560173318724,7.530726995470867,3.3873845569950842,3.4459078244645984,3.110477954022485
05/10/2023 16:34:49.259418,264,True,True,True,True,Eyes,1.369815,-0.3531296,-2.932708,-0.2402988,0.2529027,0.9371749,0.0,0.0,0.0,0.0,0.0,0.0,0.0,-1.195138,-0.03652415,3.037765,1.371419,-0.3555349,-2.941175,-0.06654631,-0.02926309,0.002671317,0.9973506,352.3811,356.6032,0.5331637,0.4201307,-0.1085102,-0.9009521,0,0,0,0.9965603,0.0759142,-1.085782,-0.2625902,0.1815842,1.915,0.9982731,0.009223179,0.05801558,-0.001433778,0.9911289,-0.1328964,-0.05872665,0.1325837,0.9894305,moving,-10.64148210051183,7.390615088714809,-7.807865598701092,5.416706975781811,-0.3748587,0.4314491,1.8553929999999998,-0.18318050623119955,0.12645660321014027,0.9749121559300484,-10.181438752182562,7.448798455145386,3.396204869119949,3.453360061973966,3.1246192240703525
05/10/2023 16:34:49.272323,265,True,True,True,True,Eyes,1.370056,-0.3531242,-2.932699,-0.2385313,0.2515119,0.9380003,0.0,0.0,0.0,0.0,0.0,0.0,0.0,-1.195359,-0.03571418,3.037589,1.37143,-0.3555543,-2.941066,-0.06644427,-0.02922604,0.002732035,0.9973584,352.393,356.6072,0.5395228,0.4201874,-0.1085045,-0.9009264,0,0,0,1.000576,0.07283621,-1.08497,-0.2586851,0.1788836,1.915,0.9982768,0.00933344,0.0579346,-0.00156583,0.9911554,-0.1326972,-0.05866072,0.1323778,0.989462,moving,-10.536903833052719,7.31380819908739,-7.693152087296786,5.33661592182719,-0.370854,0.42839051,1.8560960000000002,-0.18143010500887893,0.12519089725187021,0.9754026532479441,-10.084718736734514,7.37388802190407,3.407596495022684,3.463555007899729,3.141666539983908
05/10/2023 16:34:49.292428,266,True,True,True,True,Eyes,1.370286,-0.3531193,-2.932692,-0.236834,0.2501734,0.9387881,0.0,0.0,0.0,0.0,0.0,0.0,0.0,-1.195569,-0.03493577,3.037543,1.37141,-0.3555748,-2.941101,-0.06630581,-0.02918913,0.002701984,0.9973688,352.4088,356.6118,0.5352905,0.4202447,-0.1084989,-0.9009003,0,0,0,1.004593,0.06969208,-1.08428,-0.2548003,0.1761973,1.915,0.9982814,0.009260567,0.05786634,-0.001518932,0.9911925,-0.1324204,-0.05858297,0.1321049,0.989503,moving,-10.438771672861549,7.242506846610836,-7.578973293260407,5.256928203549165,-0.36681699999999995,0.42526688,1.8568210000000003,-0.1797860112623209,0.12401503996385704,0.9758572796994025,-9.993919536420563,7.304339241438376,3.4265679816386125,3.4815182492343686,3.1660475857800883
05/10/2023 16:34:49.302314,267,True,True,True,True,Eyes,1.370511,-0.3531142,-2.932684,-0.2350353,0.2488319,0.9395963,0.0,0.0,0.0,0.0,0.0,0.0,0.0,-1.195565,-0.03459048,3.03757,1.371392,-0.355582,-2.941131,-0.0663014,-0.0291799,0.002824512,0.9973689,352.4097,356.6119,0.5493319,0.4203022,-0.1084934,-0.9008742,0,0,0,1.008415,0.06697036,-1.083716,-0.2509209,0.1735147,1.915,0.9982812,0.009503497,0.0578317,-0.001764825,0.9911923,-0.1324188,-0.05858077,0.1320891,0.9895053,moving,-10.327900302891848,7.1590107755978485,-7.464892755981191,5.17732988580996,-0.3629769999999999,0.42255236,1.857415,-0.17792806760446,0.12263489848179693,0.9763720592634205,-9.891488972128991,7.222926089523708,3.4283865793654202,3.4819350026411886,3.1737726800876773
05/10/2023 16:34:49.322048,268,True,True,True,True,Eyes,1.370727,-0.3531091,-2.932676,-0.2333056,0.247546,0.9403666,0.0,0.0,0.0,0.0,0.0,0.0,0.0,-1.19581,-0.03408119,3.037459,1.371411,-0.3555571,-2.941103,-0.06629206,-0.02913294,0.003006192,0.9973704,352.4113,356.616,0.5698876,0.4203596,-0.108488,-0.900848,0,0,0,1.012331,0.06426357,-1.083071,-0.2470908,0.1708661,1.915,0.9982845,0.009859138,0.05771409,-0.002134007,0.9911926,-0.1324106,-0.05851124,0.1320603,0.9895133,moving,-10.224417667538725,7.081307351523506,-7.3522035423769285,5.098720752619702,-0.35907999999999984,0.41982067,1.8580320000000001,-0.17619237007191563,0.12134912816060649,0.9768472272192934,-9.795872516385197,7.147158785776319,3.437682221564818,3.4900234387367517,3.1886700096142238
05/10/2023 16:34:49.341922,269,True,True,True,True,Eyes,1.370917,-0.3531061,-2.932668,-0.2314849,0.2462673,0.941152,0.0,0.0,0.0,0.0,0.0,0.0,0.0,-1.195989,-0.0342499,3.037401,1.371431,-0.3555534,-2.94111,-0.06634291,-0.02910385,0.00305938,0.9973677,352.4057,356.6189,0.5759752,0.420417,-0.1084828,-0.9008219,0,0,0,1.016303,0.06180987,-1.08252,-0.2432163,0.1681869,1.915,0.9982872,0.009964323,0.05764854,-0.002240986,0.9911786,-0.1325146,-0.05846041,0.1321585,0.9895031,moving,-10.116227400717996,6.993848766448095,-7.238149772003033,5.019183842152544,-0.3551280000000001,0.41736327,1.8585900000000002,-0.17437849280358858,0.1198972150811232,0.9773518957594749,-9.69623628672274,7.061942072022343,3.4394558283507566,3.4903627891886395,3.1960992630936342
05/10/2023 16:34:49.352606,270,True,True,True,True,Eyes,1.371098,-0.3531014,-2.932658,-0.2297343,0.2450341,0.9419025,0.0,0.0,0.0,0.0,0.0,0.0,0.0,-1.196535,-0.0341624,3.037164,1.371417,-0.3555532,-2.941092,-0.06632532,-0.02901246,0.003044622,0.9973716,352.4076,356.6295,0.5735125,0.4204734,-0.1084777,-0.9007962,0,0,0,1.020515,0.05914041,-1.081845,-0.2393416,0.1655076,1.915,0.998298,0.00992176,0.05746852,-0.002224719,0.9911834,-0.1324786,-0.05827626,0.1321253,0.9895184,moving,-10.021085939714112,6.915990460475711,-7.124032410591426,4.939624563168563,-0.35090200000000005,0.41469361,1.8592469999999999,-0.1727823765396889,0.11860286950883733,0.9777931723872472,-9.608667461614058,6.986088423040784,3.4571749180133575,3.506984646479208,3.21891684678765
05/10/2023 16:34:49.378197,271,True,True,True,True,Eyes,1.371271,-0.3530965,-2.932649,-0.2279096,0.2437544,0.9426776,0.0,0.0,0.0,0.0,0.0,0.0,0.0,-1.196609,-0.03383568,3.037053,1.371357,-0.3555057,-2.941038,-0.06627281,-0.02898983,0.00306286,0.9973756,352.4137,356.6321,0.5752593,0.4205289,-0.1084727,-0.9007708,0,0,0,1.024372,0.05638576,-1.081159,-0.2354986,0.1628501,1.915,0.9983004,0.009952119,0.05742152,-0.002267169,0.991197,-0.1323754,-0.05823347,0.1320202,0.989535,moving,-9.913175431516299,6.839671664535579,-7.010792525582168,4.860693745852964,-0.3469849999999999,0.41189146,1.8598789999999998,-0.17096638441403886,0.11733807330085774,0.9782649553100189,-9.50870986152346,6.911623788402317,3.4642218961207503,3.512859253555716,3.232012539676716
05/10/2023 16:34:49.392062,272,True,True,True,True,Eyes,1.371438,-0.3530939,-2.932643,-0.2261572,0.2425246,0.9434165,0.0,0.0,0.0,0.0,0.0,0.0,0.0,-1.196149,-0.03459972,3.037249,1.371355,-0.3554824,-2.941066,-0.06638249,-0.02906661,0.003038316,0.9973662,352.401,356.6233,0.5733995,0.4205834,-0.1084679,-0.900746,0,0,0,1.027956,0.05422252,-1.080755,-0.2316378,0.1601802,1.915,0.9982919,0.009919656,0.05757673,-0.0022016,0.9911683,-0.1325919,-0.05838349,0.1322387,0.989497,moving,-9.798928406260627,6.746802610748046,-6.896972681689691,4.7813760071633205,-0.343399,0.40970492,1.8603110000000003,-0.1690462882318345,0.1157911889630083,0.9787827676164014,-9.403523036246074,6.821140109634806,3.4577985774799056,3.504889265219176,3.231629971648678
05/10/2023 16:34:49.402041,273,True,True,True,True,Eyes,1.371577,-0.3530932,-2.932638,-0.2243098,0.2412718,0.9441785,0.0,0.0,0.0,0.0,0.0,0.0,0.0,-1.196092,-0.03468654,3.037332,1.371392,-0.3555322,-2.941106,-0.06637,-0.02908587,0.002959272,0.9973668,352.4022,356.6217,0.5643893,0.4206367,-0.1084633,-0.9007217,0,0,0,1.032029,0.0514237,-1.080193,-0.2275723,0.1573689,1.915,0.9982905,0.009763817,0.05762575,-0.0020421,0.9911726,-0.1325626,-0.05841138,0.1322183,0.9894981,moving,-9.687077942407855,6.665372195028739,-6.777058959706386,4.697837685728538,-0.33936299999999986,0.40695590000000004,1.860913,-0.16716163264161737,0.11443730548172677,0.979265591859635,-9.300039208135868,6.741712918569774,3.466860200785555,3.512748571271516,3.246976332126107
05/10/2023 16:34:49.422760,274,True,True,True,True,Eyes,1.371708,-0.3530928,-2.932633,-0.2225339,0.2400682,0.9449053,0.0,0.0,0.0,0.0,0.0,0.0,0.0,-1.196088,-0.0350365,3.037366,1.371412,-0.3555229,-2.941135,-0.06641167,-0.02909165,0.002925948,0.9973639,352.3973,356.6212,0.5607369,0.4206882,-0.1084589,-0.9006982,0,0,0,1.035722,0.04912329,-1.079711,-0.2238958,0.1548263,1.915,0.9982902,0.009700518,0.05764127,-0.00197242,0.9911618,-0.1326434,-0.05841854,0.1323029,0.9894863,moving,-9.580082396299963,6.58216477074559,-6.66856755168656,4.6222665830900365,-0.33569000000000004,0.40464618999999996,1.861424,-0.16535908067601338,0.11304989682745853,0.9797327179051561,-9.201328937233697,6.660607640366951,3.465138532785377,3.509717879884326,3.2511097339061665
05/10/2023 16:34:49.442043,275,True,True,True,True,Eyes,1.371819,-0.3530948,-2.932629,-0.2206578,0.238819,0.9456614,0.0,0.0,0.0,0.0,0.0,0.0,0.0,-1.196105,-0.03515047,3.037334,1.37137,-0.3555285,-2.94113,-0.06640736,-0.02908522,0.002868509,0.9973645,352.3976,356.6224,0.5540497,0.4207379,-0.1084548,-0.9006755,0,0,0,1.039635,0.04649866,-1.079117,-0.2199957,0.1521296,1.915,0.9982917,0.009584844,0.05763615,-0.001858953,0.9911637,-0.1326316,-0.05839812,0.1322978,0.9894883,moving,-9.469175649639581,6.500834565250131,-6.553425321083864,4.542097713263524,-0.3317349999999999,0.40202716000000005,1.8620129999999997,-0.1634875147639698,0.11169437984970362,0.9802020510782922,-9.098749368685572,6.581284293758835,3.469218533163893,3.512584523367826,3.261434717631445
05/10/2023 16:34:49.452036,276,True,True,True,True,Eyes,1.371926,-0.3530958,-2.932623,-0.2188517,0.2376195,0.9463831,0.0,0.0,0.0,0.0,0.0,0.0,0.0,-1.196115,-0.03530681,3.037347,1.371383,-0.355515,-2.941145,-0.06640239,-0.02908904,0.002802036,0.9973649,352.3979,356.6225,0.546397,0.4207855,-0.1084511,-0.9006537,0,0,0,1.043715,0.04379472,-1.078527,-0.2159493,0.1493314,1.915,0.998292,0.009452467,0.05765264,-0.001726141,0.9911657,-0.1326178,-0.05839689,0.1322918,0.9894891,moving,-9.361585313199923,6.422683750472465,-6.433907683943804,4.458892558561475,-0.32766800000000007,0.39930972000000003,1.862618,-0.1616703079869567,0.11039079718870114,0.9806511350884145,-8.999197552980151,6.505054172840573,3.4830091394206693,3.5253045465993305,3.2813852964761336
05/10/2023 16:34:49.472569,277,True,True,True,True,Eyes,1.372019,-0.353098,-2.932619,-0.2169311,0.2363888,0.9471332,0.0,0.0,0.0,0.0,0.0,0.0,0.0,-1.196443,-0.03531793,3.037183,1.371383,-0.3554945,-2.941111,-0.06642356,-0.02903287,0.002849465,0.9973649,352.3957,356.6286,0.5515091,0.4208312,-0.1084475,-0.9006328,0,0,0,1.047616,0.04135948,-1.077918,-0.2122326,0.1467613,1.915,0.998298,0.009540848,0.05753419,-0.001826981,0.9911596,-0.1326625,-0.05829128,0.1323316,0.98949,moving,-9.251749887744888,6.342182978859644,-6.324078734133608,4.38245339748867,-0.3237669999999999,0.39685398,1.8631929999999999,-0.15981397509522294,0.1090462667564536,0.9811057387079305,-8.897606543557577,6.426539341385758,3.481956345439583,3.5230382364924813,3.2865381074796898
05/10/2023 16:34:49.491920,278,True,True,True,True,Eyes,1.372111,-0.3531016,-2.932615,-0.2150814,0.2352025,0.9478501,0.0,0.0,0.0,0.0,0.0,0.0,0.0,-1.196412,-0.03571332,3.037217,1.371398,-0.3554731,-2.941134,-0.06648173,-0.02904074,0.002841797,0.9973609,352.3889,356.6277,0.5508877,0.4208747,-0.1084443,-0.9006129,0,0,0,1.051405,0.03903416,-1.077425,-0.208432,0.144133,1.915,0.9982972,0.009529951,0.05755034,-0.001807238,0.9911442,-0.1327776,-0.05830605,0.1324475,0.9894736,moving,-9.14002176701911,6.259006894169597,-6.211722258206536,4.304267102086056,-0.31999299999999997,0.39450725999999997,1.8637089999999998,-0.15792457759637032,0.10765502911775353,0.9815652088368267,-8.794333246909508,6.345428495225057,3.480938588963633,3.5207876488176293,3.2918413315058923
05/10/2023 16:34:49.502966,279,True,True,True,True,Eyes,1.372181,-0.3531082,-2.93261,-0.2131279,0.23396,0.9485986,0.0,0.0,0.0,0.0,0.0,0.0,0.0,-1.196898,-0.03524593,3.037082,1.371473,-0.3555122,-2.941147,-0.06644928,-0.02896806,0.002928147,0.997365,352.3929,356.6354,0.5601736,0.4209161,-0.1084414,-0.9005939,0,0,0,1.055567,0.03622195,-1.076788,-0.2045708,0.141463,1.915,0.9983046,0.009690676,0.05739431,-0.00199105,0.9911519,-0.132718,-0.0581726,0.1323787,0.9894907,moving,-9.029697800024303,6.184942954466219,-6.097525143229101,4.224823874284308,-0.315906,0.39173415,1.8643589999999999,-0.15605516878660833,0.10641812838089605,0.9819990089237666,-8.691929871641806,6.273121547787123,3.488175786068953,3.5269963563563005,3.3055195134936426
05/10/2023 16:34:49.527595,280,True,True,True,True,Eyes,1.372248,-0.3531128,-2.932604,-0.2112389,0.2327688,0.9493138,0.0,0.0,0.0,0.0,0.0,0.0,0.0,-1.197728,-0.03513107,3.036754,1.371526,-0.3555258,-2.941118,-0.06643961,-0.02883982,0.002934076,0.9973693,352.394,356.6502,0.5598398,0.4209553,-0.1084389,-0.9005759,0,0,0,1.060038,0.03351364,-1.076085,-0.2006322,0.1387396,1.915,0.9983193,0.009684925,0.05713801,-0.002020502,0.9911544,-0.1326989,-0.05791777,0.1323604,0.9895081,moving,-8.931208076730368,6.110132877395338,-5.980988764781422,4.143775015057445,-0.311488,0.38903944,1.865033,-0.1543876141736908,0.10516373713097515,0.9823975422299736,-8.600972195051657,6.200184121755654,3.507582070622938,3.5454699591696666,3.330635313119993
05/10/2023 16:34:49.543284,281,True,True,True,True,Eyes,1.372304,-0.3531196,-2.932598,-0.2092576,0.2313513,0.9500989,0.0,0.0,0.0,0.0,0.0,0.0,0.0,-1.19869,-0.0354431,3.036333,1.371554,-0.3554799,-2.941072,-0.06646886,-0.02868905,0.002885224,0.9973719,352.3904,356.6679,0.5531512,0.4209923,-0.1084368,-0.9005588,0,0,0,1.064439,0.03114715,-1.075407,-0.196853,0.1361262,1.915,0.9983372,0.00956914,0.05684375,-0.001941425,0.9911472,-0.1327539,-0.05761086,0.1324228,0.9895177,moving,-8.830645144622924,6.016167106032213,-5.869122033686726,4.065984148301992,-0.307115,0.38662705,1.8656650000000001,-0.15268864695635528,0.10358013184183938,0.9828313285243429,-8.509032595037366,6.108745650025085,3.509369888604525,3.5459600540940395,3.3379637992124236
05/10/2023 16:34:49.552212,282,True,True,True,True,Eyes,1.372357,-0.3531277,-2.932591,-0.2073602,0.2299745,0.9508488,0.0,0.0,0.0,0.0,0.0,0.0,0.0,-1.199491,-0.03568384,3.036006,1.371544,-0.3555088,-2.941065,-0.06641285,-0.0285688,0.002639669,0.9973797,352.3959,356.6837,0.5237225,0.421027,-0.108435,-0.9005428,0,0,0,1.069041,0.02830991,-1.074689,-0.192821,0.1333379,1.915,0.9983537,0.009060176,0.05663728,-0.001470833,0.9911647,-0.1326285,-0.05733851,0.1323268,0.9895462,moving,-8.735660414121106,5.930614385565678,-5.74972275203191,3.9829706285919957,-0.3025030000000002,0.38381871,1.866376,-0.1510817434741866,0.10213798345128894,0.9832304423587758,-8.422023048284235,6.025468031639512,3.5294395708261987,3.5649880681372914,3.3634780384010408
05/10/2023 16:34:49.572354,283,True,True,True,True,Eyes,1.372357,-0.3531277,-2.932591,-0.2073602,0.2299745,0.9508488,0.0,0.0,0.0,0.0,0.0,0.0,0.0,-1.199113,-0.03420335,3.036153,1.371534,-0.3555484,-2.941045,-0.06625526,-0.02861872,0.002834696,0.9973882,352.4147,356.6767,0.5460519,0.4210597,-0.1084335,-0.9005277,0,0,0,1.072519,0.02502447,-1.074014,-0.1890414,0.1307244,1.915,0.9983459,0.009446866,0.05671231,-0.001862304,0.9912044,-0.1323267,-0.05746356,0.1320022,0.9895825,moving,-8.726567943252553,5.9524496575479136,-5.637752232562601,3.905146053767507,-0.29901500000000003,0.38057287,1.8670309999999999,-0.15091982134167048,0.10251524756900673,0.9832160470607636,-8.412101073881505,6.046470396193441,3.668985582428841,3.705702975233891,3.504608599086837
05/10/2023 16:34:49.592078,284,True,True,True,True,Eyes,1.372357,-0.3531277,-2.932591,-0.2073602,0.2299745,0.9508488,0.0,0.0,0.0,0.0,0.0,0.0,0.0,-1.198691,-0.03524369,3.036274,1.371534,-0.355369,-2.941032,-0.06632856,-0.02869758,0.002675365,0.9973816,352.4058,356.6687,0.5285363,0.4210891,-0.1084322,-0.9005141,0,0,0,1.076041,0.02302498,-1.073552,-0.1853022,0.1281386,1.915,0.9983386,0.009143659,0.05688997,-0.001529782,0.9911867,-0.1324633,-0.05759978,0.1321562,0.9895539,moving,-8.720515955566908,5.940532139834053,-5.5269360307316235,3.8281321200732896,-0.295493,0.37839398,1.8674799999999998,-0.15081913372345784,0.10231232687331601,0.9832526330137152,-8.40690030010387,6.034924126616685,3.7916776658398534,3.8289928936727233,3.6282399525120494
05/10/2023 16:34:49.602034,285,True,True,True,True,Eyes,1.372357,-0.3531277,-2.932591,-0.2073602,0.2299745,0.9508488,0.0,0.0,0.0,0.0,0.0,0.0,0.0,-1.197657,-0.03823352,3.036653,1.371509,-0.3554164,-2.941046,-0.06678688,-0.02886933,0.002579227,0.9973462,352.3529,356.6492,0.5203511,0.4211156,-0.1084311,-0.9005019,0,0,0,1.079397,0.0220452,-1.073422,-0.1813189,0.1253842,1.915,0.9983198,0.009000948,0.05724091,-0.00128858,0.9910657,-0.1333682,-0.05792994,0.1330703,0.9894121,moving,-8.701909499888327,5.885582377021391,-5.408839971815838,3.7460814700166183,-0.29211200000000015,0.3774616,1.867624,-0.15051435322129333,0.10137405045682146,0.9833965095647247,-8.391882268670619,5.981756488509451,3.8898917633642425,3.927056282738231,3.727839070176927
05/10/2023 16:34:49.626920,286,True,True,True,True,Eyes,1.372357,-0.3531277,-2.932591,-0.2073602,0.2299745,0.9508488,0.0,0.0,0.0,0.0,0.0,0.0,0.0,-1.197345,-0.04116997,3.036625,1.371449,-0.3554153,-2.940957,-0.06708083,-0.02893659,0.002124121,0.9973256,352.3177,356.6446,0.4694062,0.4211395,-0.10843,-0.9004909,0,0,0,1.083228,0.02071002,-1.073016,-0.1773993,0.1226738,1.915,0.9983163,0.008119062,0.05743342,-0.0003546995,0.9909913,-0.1339258,-0.05800338,0.1336799,0.9893256,moving,-8.702355570407494,5.842431631503053,-5.2925874597592175,3.6653265087139055,-0.28822099999999984,0.37612532,1.867941,-0.1505333906206124,0.10063310859888469,0.9834696942040041,-8.394601512634031,5.94011913996105,4.00824867230447,4.04552904872387,3.8467093338864498
05/10/2023 16:34:49.642371,287,True,True,True,True,Eyes,1.372387,-0.353135,-2.93258,-0.2053029,0.2283078,0.9516966,0.0,0.0,0.0,0.0,0.0,0.0,0.0,-1.19613,-0.03973502,3.037026,1.371315,-0.3554965,-2.94091,-0.06683556,-0.02911699,0.002087598,0.9973369,352.3458,356.6243,0.4657398,0.4211609,-0.1084291,-0.900481,0,0,0,1.086145,0.01719633,-1.07233,-0.1736779,0.1201003,1.915,0.9982957,0.008056178,0.05779983,-0.0002719775,0.9910573,-0.1334367,-0.05835794,0.1331936,0.9893704,moving,-8.559818164243366,5.764414114044067,-5.182172944667737,3.5886369083123113,-0.28517000000000015,0.37269283,1.8685800000000001,-0.14810579701415677,0.0993306918188361,0.983970648593952,-8.26135984431109,5.863753211267784,3.9818454838441952,4.017772228275762,3.8285174878677273
05/10/2023 16:34:49.652343,288,True,True,True,True,Eyes,1.372415,-0.3531423,-2.932571,-0.2033627,0.2266837,0.952501,0.0,0.0,0.0,0.0,0.0,0.0,0.0,-1.193673,-0.03649202,3.038018,1.371227,-0.3555347,-2.940931,-0.0664401,-0.02948777,0.002438087,0.9973517,352.3926,356.5792,0.507623,0.4211811,-0.1084284,-0.9004716,0,0,0,1.088396,0.01284251,-1.071672,-0.1697577,0.1173895,1.915,0.9982491,0.008781602,0.05849537,-0.0009449206,0.9911596,-0.1326721,-0.05914332,0.1323845,0.9894324,moving,-8.395720193542862,5.713726558333984,-5.06581826046582,3.5078418841879717,-0.28283100000000005,0.36837720999999995,1.869259,-0.14529907770219946,0.09850160521529865,0.9844722720254137,-8.105887655140103,5.813597710522351,3.9593513835795093,3.9942676524667804,3.8155644215646785
05/10/2023 16:34:49.672162,289,True,True,True,True,Eyes,1.372415,-0.3531423,-2.932571,-0.2033627,0.2266837,0.952501,0.0,0.0,0.0,0.0,0.0,0.0,0.0,-1.190951,-0.0342921,3.039137,1.371198,-0.3555397,-2.94097,-0.0662093,-0.02991165,0.002786223,0.9973535,352.4205,356.5279,0.5501885,0.4212001,-0.1084281,-0.9004628,0,0,0,1.090397,0.00922212,-1.071201,-0.1659524,0.114758,1.915,0.9981951,0.009518557,0.05929603,-0.001596838,0.9912171,-0.1322348,-0.06003393,0.1319015,0.9894432,moving,-8.341449396502089,5.745639443613668,-4.952833808730212,3.4293970193295507,-0.28080099999999986,0.36476182,1.869769,-0.14435842159967943,0.0990637101583868,0.9845542494148732,-8.051887126683111,5.8439831721232,4.068855803208274,4.104594324625043,3.9286585187284615
05/10/2023 16:34:49.692112,290,True,True,True,True,Eyes,1.372415,-0.3531423,-2.932571,-0.2033627,0.2266837,0.952501,0.0,0.0,0.0,0.0,0.0,0.0,0.0,-1.189505,-0.03300133,3.039714,1.371232,-0.3555491,-2.940949,-0.06607438,-0.03014434,0.002985871,0.9973549,352.4368,356.4996,0.5744978,0.4212171,-0.1084277,-0.9004549,0,0,0,1.093296,0.006009936,-1.070629,-0.1621093,0.1121003,1.915,0.9981648,0.009939485,0.05973463,-0.001972409,0.9912505,-0.1319792,-0.06052379,0.1316192,0.9894511,moving,-8.311502786551888,5.764251916649175,-4.838687821336374,3.350158067798923,-0.27793599999999996,0.361559036,1.8703199999999998,-0.14383908818065058,0.09939113172185839,0.984597258905583,-8.02203644042907,5.861717715804875,4.192977432245341,4.229455389725898,4.054829256105755
05/10/2023 16:34:49.702348,291,True,True,True,True,Eyes,1.372415,-0.3531511,-2.932565,-0.2011971,0.2249908,0.9533619,0.0,0.0,0.0,0.0,0.0,0.0,0.0,-1.189948,-0.0323436,3.039583,1.371308,-0.3555443,-2.940951,-0.06606276,-0.0300713,0.003212443,0.9973572,352.4389,356.5063,0.6000205,0.4212325,-0.1084275,-0.9004477,0,0,0,1.097481,0.003213584,-1.069984,-0.1581682,0.1093751,1.915,0.9981708,0.01038109,0.0595592,-0.002434719,0.9912508,-0.1319695,-0.06040809,0.1315831,0.9894629,moving,-8.186350518456043,5.663940485244073,-4.7215910916348935,3.268893290953624,-0.27382700000000004,0.35875788399999997,1.870967,-0.14171195413094834,0.09769746598867134,0.9850751101821832,-7.9067337404759375,5.763969580020463,4.17706472198671,4.211983968229767,4.0460523206861385
05/10/2023 16:34:49.726992,292,True,True,True,True,Eyes,1.372415,-0.3531579,-2.93256,-0.1990872,0.223373,0.9541849,0.0,0.0,0.0,0.0,0.0,0.0,0.0,-1.191113,-0.03152639,3.039223,1.371368,-0.3555119,-2.941018,-0.0660361,-0.02987418,0.003470786,0.997364,352.4427,356.5272,0.6282066,0.4212464,-0.1084275,-0.9004412,0,0,0,1.10198,0.0004692972,-1.069347,-0.1543547,0.1067379,1.915,0.998191,0.01086882,0.05913246,-0.002977724,0.9912544,-0.1319314,-0.06004925,0.1315167,0.9894935,moving,-8.078324803250378,5.571032691658657,-4.6082479179726015,3.190240111204002,-0.26938799999999996,0.3559811972,1.871671,-0.13987594905185963,0.09612533963054963,0.9854920962030099,-7.807545210624916,5.673495593060065,4.174696000041626,4.208278377304317,4.049945796543531
05/10/2023 16:34:49.743820,293,True,True,True,True,Eyes,1.372382,-0.3531668,-2.932558,-0.1967349,0.2217707,0.9550462,0.0,0.0,0.0,0.0,0.0,0.0,0.0,-1.193488,-0.03177118,3.038296,1.371375,-0.3554721,-2.941026,-0.06617434,-0.02947244,0.003686175,0.9973659,352.4274,356.5717,0.6504689,0.4212589,-0.1084277,-0.9004353,0,0,0,1.107259,-0.001639336,-1.068661,-0.1505065,0.1040768,1.915,0.9982356,0.01125357,0.05830175,-0.003452292,0.9912147,-0.1322174,-0.05927747,0.1317828,0.9895047,moving,-7.980084634316158,5.459434475730106,-4.493836757257632,3.110861924543222,-0.264116,0.353832764,1.8723649999999998,-0.13821119621604594,0.09422790226100607,0.9859101764699256,-7.718779810788408,5.565059284416858,4.171450259915051,4.203536283712031,4.052572316409312
05/10/2023 16:34:49.751897,294,True,True,True,True,Eyes,1.37235,-0.3531761,-2.932555,-0.1944656,0.2202383,0.9558652,0.0,0.0,0.0,0.0,0.0,0.0,0.0,-1.195529,-0.03210509,3.037517,1.371381,-0.3554529,-2.941054,-0.06619632,-0.02914222,0.003591504,0.9973745,352.4243,356.6105,0.6371089,0.4212694,-0.1084283,-0.9004304,0,0,0,1.112536,-0.004165649,-1.067939,-0.1465304,0.1013275,1.915,0.9982757,0.01102236,0.05765592,-0.003305933,0.9912103,-0.1322544,-0.0586069,0.1318357,0.9895375,moving,-7.88469327563004,5.359434770769611,-4.3755852679979865,3.0288402595818398,-0.258845,0.351287251,1.8731149999999999,-0.13659143723960265,0.09252801113737884,0.9862968140316941,-7.63214481397774,5.46783716388255,4.181731670429983,4.212541962379244,4.068646700771683
05/10/2023 16:34:49.782385,295,True,True,True,True,Eyes,1.372285,-0.3531876,-2.932556,-0.1920184,0.218743,0.9567029,0.0,0.0,0.0,0.0,0.0,0.0,0.0,-1.196243,-0.03259662,3.037237,1.37136,-0.3554753,-2.941068,-0.0662993,-0.02901931,0.003624287,0.9973711,352.4125,356.6244,0.6403099,0.421278,-0.1084291,-0.9004263,0,0,0,1.116791,-0.006386399,-1.067392,-0.1427076,0.09868389,1.915,0.9982895,0.01107744,0.05740546,-0.003381599,0.9911825,-0.1324604,-0.05836661,0.1320397,0.9895245,moving,-7.753032113465834,5.253847077347928,-4.261857768580429,2.9499599892861603,-0.2545689999999998,0.349088901,1.8736760000000001,-0.1343468595336188,0.0907383550058562,0.986771238494645,-7.510848619626878,5.364948152078755,4.153561203827766,4.182845206426336,4.048222989981145
05/10/2023 16:34:49.792995,296,True,True,True,True,Eyes,1.372222,-0.3531974,-2.932553,-0.1896822,0.2173192,0.9574931,0.0,0.0,0.0,0.0,0.0,0.0,0.0,-1.195613,-0.03461772,3.037457,1.371203,-0.3548678,-2.941208,-0.06647022,-0.02910528,0.00348558,0.9973578,352.3925,356.6153,0.6255738,0.4212841,-0.1084302,-0.9004233,0,0,0,1.120246,-0.007696241,-1.067119,-0.1388338,0.09600499,1.915,0.9982815,0.01082201,0.05759337,-0.003083472,0.9911392,-0.1327921,-0.05852012,0.1323863,0.9894692,moving,-7.607288606955862,5.1413677221751986,-4.146578702757397,2.870015315096752,-0.2509569999999999,0.347171559,1.8740890000000001,-0.13185913695802004,0.08883095582517118,0.9872802223892477,-7.376345170334693,5.255302086554,4.111852405126577,4.139511420223213,4.015094571386291
05/10/2023 16:34:49.802119,297,True,True,True,True,Eyes,1.37213,-0.3532112,-2.932551,-0.1872639,0.2158844,0.9582933,0.0,0.0,0.0,0.0,0.0,0.0,0.0,-1.194343,-0.03617612,3.037831,1.371176,-0.3548383,-2.941113,-0.0666296,-0.02932285,0.003274125,0.9973414,352.3736,356.5916,0.6034238,0.421288,-0.1084317,-0.9004213,0,0,0,1.123552,-0.009734035,-1.066638,-0.1347705,0.09319532,1.915,0.9982589,0.01043838,0.05805347,-0.002623302,0.9910995,-0.1330969,-0.05892608,0.1327129,0.9894014,moving,-7.443142226651966,5.027918709945512,-4.025624239431331,2.786156143753839,-0.24762399999999984,0.345104265,1.8744750000000001,-0.1290521086664559,0.08690827511332241,0.9878220468267694,-7.224156056690022,5.144581043812506,4.061149969582738,4.087166328418119,3.974012304363553
05/10/2023 16:34:49.822374,298,True,True,True,True,Eyes,1.372041,-0.3532282,-2.932549,-0.1849618,0.2144995,0.9590511,0.0,0.0,0.0,0.0,0.0,0.0,0.0,-1.192335,-0.03685281,3.038625,1.371135,-0.3548792,-2.941141,-0.06667585,-0.02965461,0.003128706,0.9973291,352.368,356.5544,0.5893726,0.4212892,-0.1084336,-0.9004204,0,0,0,1.125934,-0.0119988,-1.066319,-0.1311541,0.09069464,1.915,0.9982216,0.01019519,0.05873358,-0.002286207,0.9910891,-0.1331811,-0.05956801,0.13281,0.9893499,moving,-7.27193094492746,4.931804386243808,-3.917942621947615,2.711509221253958,-0.245201,0.34288040000000003,1.874822,-0.1261175003682461,0.08528352530069301,0.9883425579139308,-7.064237959252006,5.05053461843452,3.997759677453672,4.022306339696476,3.920486469584998
05/10/2023 16:34:49.842071,299,True,True,True,True,Eyes,1.371958,-0.3532461,-2.932548,-0.1825987,0.2130417,0.9598286,0.0,0.0,0.0,0.0,0.0,0.0,0.0,-1.190653,-0.03646442,3.039278,1.371106,-0.3549676,-2.941132,-0.06660636,-0.02992817,0.003102602,0.9973256,352.376,356.5231,0.5882187,0.4212881,-0.1084359,-0.9004207,0,0,0,1.128643,-0.01489103,-1.065826,-0.1273899,0.08809167,1.915,0.9981894,0.01017542,0.05928294,-0.002201797,0.9911079,-0.1330422,-0.06010956,0.1326708,0.9893358,moving,-7.101891109062072,4.847008098540332,-3.805830684400815,2.6337990935416906,-0.24246299999999987,0.34007657,1.8753060000000001,-0.1231988197277083,0.08385169832116206,0.9888331184102281,-6.904848463152417,4.967419028741205,3.9469079660743316,3.970177379264713,3.879393405544106
05/10/2023 16:34:49.851999,300,True,True,True,True,Eyes,1.37188,-0.3532613,-2.932545,-0.1803392,0.2116348,0.9605667,0.0,0.0,0.0,0.0,0.0,0.0,0.0,-1.189482,-0.03553098,3.039757,1.371107,-0.3549899,-2.941139,-0.06642214,-0.03012418,0.003040294,0.9973322,352.3971,356.5012,0.5818756,0.4212849,-0.1084386,-0.9004219,0,0,0,1.131896,-0.01827288,-1.065202,-0.1234204,0.08534676,1.915,0.9981666,0.01006619,0.05968375,-0.002062541,0.9911577,-0.1326731,-0.06049152,0.1323067,0.9893612,moving,-6.947643001086831,4.778367556263487,-3.6875725371195713,2.551840931113911,-0.23921100000000006,0.33671702000000003,1.8759370000000002,-0.1205479971169032,0.082694123037184,0.9892571774734737,-6.7598222698863655,4.900013322861537,3.9255632293398084,3.9478450124760047,3.866863328571544
05/10/2023 16:34:49.877283,301,True,True,True,True,Eyes,1.371816,-0.3532751,-2.932542,-0.178038,0.2101856,0.9613139,0.0,0.0,0.0,0.0,0.0,0.0,0.0,-1.188789,-0.03474733,3.040045,1.371169,-0.3549403,-2.941124,-0.06637397,-0.03023654,0.003260319,0.9973313,352.4035,356.4866,0.6079308,0.4212801,-0.1084417,-0.9004237,0,0,0,1.135333,-0.02111742,-1.064615,-0.119526,0.08265367,1.915,0.9981502,0.01051707,0.05987889,-0.002489398,0.9911677,-0.1325908,-0.0607445,0.1321965,0.9893605,moving,-6.795590007287908,4.696776226418646,-3.5715211573322434,2.471419863199364,-0.23583600000000016,0.33382288,1.8765089999999998,-0.11793572775690814,0.08131099073424251,0.9896866257198967,-6.617598866094354,4.820126640777157,3.896313047510433,3.917503145190185,3.8464285947950843
05/10/2023 16:34:49.893225,302,True,True,True,True,Eyes,1.371756,-0.3532866,-2.932538,-0.1758139,0.208794,0.9620263,0.0,0.0,0.0,0.0,0.0,0.0,0.0,-1.188772,-0.03581938,3.040056,1.371212,-0.3549187,-2.941124,-0.06651716,-0.03025062,0.003187386,0.9973217,352.3868,356.4854,0.6001498,0.4212742,-0.108445,-0.900426,0,0,0,1.139189,-0.02312002,-1.064137,-0.1156891,0.08000028,1.915,0.9981495,0.01038207,0.05991517,-0.002333326,0.9911306,-0.1328708,-0.06076323,0.1324851,0.9893208,moving,-6.664101756985218,4.592282674752547,-3.4571545439596933,2.3921747845662304,-0.2320230000000001,0.33179867999999996,1.8769869999999997,-0.11568089409564765,0.07952714751537464,0.9900976857412606,-6.496411279749991,4.7182947906246095,3.869088430881801,3.889085388056203,3.8272595664041043
05/10/2023 16:34:49.902625,303,True,True,True,True,Eyes,1.371712,-0.3532974,-2.932534,-0.1735351,0.2073626,0.9627494,0.0,0.0,0.0,0.0,0.0,0.0,0.0,-1.189763,-0.03631312,3.039636,1.371222,-0.3548761,-2.941097,-0.06651205,-0.03010059,0.002986015,0.997327,352.3866,356.5042,0.575761,0.4212674,-0.1084484,-0.9004288,0,0,0,1.14387,-0.02573729,-1.063429,-0.1116682,0.07721972,1.915,0.9981701,0.00996017,0.05964305,-0.001951963,0.9911345,-0.1328483,-0.06043747,0.1324888,0.9893402,moving,-6.550453372560604,4.500770148912001,-3.3372738464499503,2.3091218755899856,-0.227352,0.32913881,1.8776680000000001,-0.11373086384039227,0.07796333802865266,0.9904479262155472,-6.391729469158664,4.629124699172858,3.8704074201644696,3.889453023366146,3.8356371377555223
05/10/2023 16:34:49.928026,304,True,True,True,True,Eyes,1.371671,-0.3533077,-2.932528,-0.17135,0.205986,0.963436,0.0,0.0,0.0,0.0,0.0,0.0,0.0,-1.189988,-0.03620431,3.039551,1.371186,-0.3548807,-2.941115,-0.06651142,-0.03005517,0.003023037,0.9973284,352.3867,356.5092,0.5796784,0.4212602,-0.1084518,-0.9004318,0,0,0,1.147639,-0.02821973,-1.062874,-0.1080186,0.07469615,1.915,0.9981751,0.01002794,0.05954761,-0.002031897,0.9911342,-0.1328492,-0.06035187,0.1324857,0.9893458,moving,-6.426555912892978,4.4159897239755725,-3.2284378740873945,2.233736619677738,-0.22354699999999994,0.32666097,1.8782409999999998,-0.11160137860222505,0.0765162773964987,0.9908028927993019,-6.276812203188663,4.546373571218708,3.853605975206366,3.8717163637528,3.8263397287690384
05/10/2023 16:34:49.941977,305,True,True,True,True,Eyes,1.371638,-0.3533215,-2.932521,-0.169118,0.2045442,0.9641374,0.0,0.0,0.0,0.0,0.0,0.0,0.0,-1.189728,-0.03592563,3.039617,1.371201,-0.354876,-2.941069,-0.06651186,-0.03009487,0.00313546,0.9973268,352.3871,356.5037,0.5929477,0.4212528,-0.1084553,-0.9004349,0,0,0,1.151352,-0.03088176,-1.062254,-0.1041236,0.07200268,1.915,0.9981689,0.01025749,0.05961175,-0.002250825,0.9911327,-0.1328568,-0.06044593,0.1324794,0.989341,moving,-6.289086880084998,4.328255595820696,-3.112258030035298,2.1532675009589965,-0.21984899999999996,0.32399424000000004,1.8788150000000001,-0.10923631276591514,0.07501885873980477,0.9911809888022893,-6.148971051515863,4.46066940769944,3.8328953552375116,3.850040877094453,3.813886408122174
05/10/2023 16:34:49.952312,306,True,True,True,True,Eyes,1.371606,-0.3533313,-2.932511,-0.1669696,0.2031514,0.964806,0.0,0.0,0.0,0.0,0.0,0.0,0.0,-1.189763,-0.03551361,3.039596,1.371245,-0.3550704,-2.941013,-0.06649139,-0.03009468,0.003170088,0.9973281,352.3896,356.5035,0.5968648,0.4212452,-0.1084589,-0.900438,0,0,0,1.15526,-0.03378239,-1.061597,-0.1002459,0.06932124,1.915,0.9981685,0.01032531,0.05960697,-0.002321161,0.9911377,-0.1328182,-0.0604501,0.1324366,0.9893464,moving,-6.162470430372224,4.2449238627950034,-2.9965687546359274,2.0731493430244186,-0.2159850000000001,0.32128801,1.879416,-0.10705704346489342,0.0735947339758431,0.9915253707584595,-6.031356302483782,4.379295701696788,3.8229283520180943,3.8392105940094825,3.8115936940065134
05/10/2023 16:34:49.972178,307,True,True,True,True,Eyes,1.371566,-0.3533477,-2.932501,-0.164758,0.2017283,0.9654846,0.0,0.0,0.0,0.0,0.0,0.0,0.0,-1.190077,-0.03512532,3.0394,1.371239,-0.3549816,-2.940946,-0.06639511,-0.03004521,0.003122619,0.9973361,352.4004,356.5097,0.5906645,0.4212378,-0.1084626,-0.900441,0,0,0,1.159294,-0.03662995,-1.060867,-0.09641109,0.0666694,1.915,0.9981751,0.01021831,0.05951568,-0.002238891,0.9911638,-0.1326241,-0.06034499,0.1322488,0.989378,moving,-6.0392439609779425,4.167319841023207,-2.882135020801351,1.9939076180179445,-0.21194500000000005,0.31835165,1.8800789999999998,-0.10493452585004838,0.0722681435130873,0.9918498269092186,-5.916705016738288,4.303474922426918,3.8173963148514174,3.832891539197481,3.813491339158336
05/10/2023 16:34:49.992149,308,True,True,True,True,Eyes,1.371527,-0.3533626,-2.932491,-0.1626407,0.2003694,0.9661263,0.0,0.0,0.0,0.0,0.0,0.0,0.0,-1.189837,-0.03434163,3.039528,1.371229,-0.3550056,-2.940973,-0.06624371,-0.03008561,0.003067889,0.9973451,352.4176,356.5056,0.5841172,0.4212302,-0.1084664,-0.9004441,0,0,0,1.162896,-0.03973994,-1.060249,-0.09266564,0.06407931,1.915,0.9981709,0.01010545,0.05960502,-0.002133522,0.9912047,-0.1323203,-0.06041793,0.1319511,0.9894132,moving,-5.911558247026468,4.099817846896881,-2.7703456332298626,1.9165037241673941,-0.2083330000000001,0.31526566,1.880724,-0.1027324181006933,0.07111599626676629,0.9921635382590459,-5.7972198586999975,4.237368916820301,3.8106698428840446,3.825451247053729,3.814234237600418
05/10/2023 16:34:50.002289,309,True,True,True,True,Eyes,1.371488,-0.3533771,-2.932481,-0.1604273,0.1989423,0.9667912,0.0,0.0,0.0,0.0,0.0,0.0,0.0,-1.189216,-0.03537539,3.039733,1.371208,-0.3549854,-2.940959,-0.06634653,-0.03019265,0.002920439,0.9973356,352.4054,356.4943,0.5683075,0.4212224,-0.1084704,-0.9004472,0,0,0,1.166397,-0.04190764,-1.059759,-0.08879095,0.06139988,1.915,0.9981598,0.009831669,0.05983687,-0.001818959,0.9911792,-0.1325159,-0.06061192,0.1321631,0.9893731,moving,-5.771913875041936,3.9976690190041797,-2.654676648300825,1.8364225754135661,-0.20481100000000008,0.31307776,1.8812,-0.10032637946318596,0.06936414996501063,0.9925338351892393,-5.6680468202561425,4.137738022498885,3.779359058685974,3.793172039034572,3.791629277793851
05/10/2023 16:34:50.022598,310,True,True,True,True,Eyes,1.37145,-0.3533934,-2.932472,-0.1583074,0.1975849,0.9674188,0.0,0.0,0.0,0.0,0.0,0.0,0.0,-1.18852,-0.03668791,3.039987,1.371216,-0.3549393,-2.940957,-0.06648941,-0.03031713,0.002770141,0.9973227,352.3885,356.4809,0.5524509,0.4212146,-0.1084746,-0.9004505,0,0,0,1.169835,-0.04388219,-1.059315,-0.08494163,0.05873814,1.915,0.9981464,0.009556985,0.06010355,-0.001493911,0.991143,-0.1327908,-0.06084029,0.1324548,0.98932,moving,-5.635817639556551,3.8953315750537287,-2.5397435720479007,1.75686302667084,-0.20138100000000003,0.31105711,1.881642,-0.09798034965340037,0.06760713054425767,0.9928893630095847,-5.542303563272944,4.037951960911827,3.7499151937641453,3.762807776637332,3.7707735581471895
05/10/2023 16:34:50.041910,311,True,True,True,True,Eyes,1.371424,-0.353411,-2.932461,-0.1561083,0.1961532,0.9680672,0.0,0.0,0.0,0.0,0.0,0.0,0.0,-1.187962,-0.03805202,3.040209,1.371184,-0.355002,-2.940986,-0.06666067,-0.03041161,0.002623594,0.9973087,352.3684,356.4709,0.5369027,0.4212066,-0.1084789,-0.9004536,0,0,0,1.173367,-0.04587615,-1.058899,-0.08106911,0.05606019,1.915,0.9981365,0.009287583,0.06030975,-0.00117855,0.9910989,-0.1331221,-0.06100931,0.1328029,0.9892629,moving,-5.498452675759916,3.7855664261701882,-2.424097150025883,1.6768121210966418,-0.1978169999999999,0.30912585,1.882087,-0.09561171921058437,0.0657200694892851,0.9932468245762934,-5.415731545062397,3.9309885199365713,3.7161082714023186,3.7280700929271164,3.7458226854260523
05/10/2023 16:34:50.052302,312,True,True,True,True,Eyes,1.371399,-0.3534275,-2.932449,-0.1540024,0.1947746,0.9686826,0.0,0.0,0.0,0.0,0.0,0.0,0.0,-1.187729,-0.03812057,3.040248,1.371158,-0.3550422,-2.940941,-0.06665148,-0.03044935,0.002559965,0.9973084,352.3693,356.4671,0.5298231,0.4211989,-0.1084833,-0.9004567,0,0,0,1.177161,-0.04860178,-1.058263,-0.07712396,0.05333224,1.915,0.9981325,0.009165136,0.06039352,-0.001047161,0.9911021,-0.1331,-0.06107603,0.1327882,0.9892609,moving,-5.371960382494847,3.701213186604684,-2.30626143271668,1.595259853855203,-0.1939970000000002,0.30644042,1.882678,-0.09342752013389789,0.06427108244328897,0.9935493898125438,-5.298290655642945,3.8486299935761377,3.7080921621897236,3.719347992644625,3.745652928052824
05/10/2023 16:34:50.076898,313,True,True,True,True,Eyes,1.371379,-0.3534456,-2.932436,-0.1518087,0.1933095,0.9693222,0.0,0.0,0.0,0.0,0.0,0.0,0.0,-1.187283,-0.03781682,3.040403,1.371178,-0.3550314,-2.940908,-0.06662263,-0.0305233,0.002618783,0.9973079,352.3728,356.4581,0.5370688,0.4211915,-0.1084879,-0.9004596,0,0,0,1.180705,-0.05130732,-1.057657,-0.07329455,0.05068409,1.915,0.9981229,0.00929055,0.06053331,-0.001156381,0.9911091,-0.1330464,-0.0612312,0.1327267,0.9892595,moving,-5.234464414338953,3.6156709965644556,-2.1918640138911876,1.5160870254179373,-0.19047300000000011,0.30372408,1.8832509999999998,-0.09105151641167336,0.06280153290316479,0.9938639546854124,-5.170307252421382,3.7650408594480824,3.68617716849804,3.696710706655349,3.7321464966886175
05/10/2023 16:34:50.091913,314,True,True,True,True,Eyes,1.371361,-0.3534643,-2.932425,-0.1496952,0.191885,0.9699337,0.0,0.0,0.0,0.0,0.0,0.0,0.0,-1.187236,-0.03786084,3.040408,1.371171,-0.3550732,-2.940894,-0.06667456,-0.03052516,0.00270715,0.9973041,352.3672,356.4572,0.5474617,0.4211844,-0.1084927,-0.9004623,0,0,0,1.184598,-0.05384016,-1.057073,-0.06935287,0.04795831,1.915,0.9981218,0.009470206,0.06052474,-0.0013292,0.9910944,-0.1331549,-0.06124673,0.1328244,0.9892454,moving,-5.10947105651629,3.5240232559534994,-2.074094456751951,1.4345872153641583,-0.18657299999999988,0.30123303999999995,1.8838210000000002,-0.08889186899897926,0.06122370291894222,0.9941578256748229,-5.05469807207968,3.675654438831219,3.6751632186100047,3.6850039443819576,3.72912593134143
05/10/2023 16:34:50.101969,315,True,True,True,True,Eyes,1.371361,-0.3534643,-2.932425,-0.1496952,0.191885,0.9699337,0.0,0.0,0.0,0.0,0.0,0.0,0.0,-1.187781,-0.03630441,3.040237,1.371191,-0.3551001,-2.940905,-0.06646879,-0.03043257,0.002815049,0.9973204,352.3911,356.4673,0.5584398,0.4211777,-0.1084976,-0.9004649,0,0,0,1.188834,-0.05730972,-1.05633,-0.06544805,0.0452581,1.915,0.9981319,0.009660642,0.06032781,-0.001569378,0.9911479,-0.1327527,-0.06107626,0.13241,0.9893115,moving,-5.118598246665656,3.549221402814437,-1.957408909145124,1.3538462123312385,-0.1823570000000001,0.29779037999999997,1.884575,-0.08904784025195789,0.061660055804984,0.9941168986534321,-5.062158208087416,3.7000398635641263,3.8386270758173167,3.8487387875306167,3.891541193199445
05/10/2023 16:34:50.127238,316,True,True,True,True,Eyes,1.371361,-0.3534643,-2.932425,-0.1496952,0.191885,0.9699337,0.0,0.0,0.0,0.0,0.0,0.0,0.0,-1.189224,-0.03605926,3.0397,1.371204,-0.3550209,-2.940934,-0.06645592,-0.03019246,0.002895311,0.9973283,352.3927,356.4944,0.5658049,0.4211716,-0.108502,-0.9004672,0,0,0,1.193468,-0.05981889,-1.055696,-0.06170863,0.04267231,1.915,0.9981601,0.009788085,0.05983876,-0.001762215,0.9911504,-0.1327316,-0.06060841,0.1323819,0.9893441,moving,-5.144787314383644,3.5522388000682836,-1.845650676516629,1.276521521883828,-0.17773600000000012,0.29520200999999996,1.885238,-0.08950195114516184,0.061709887498169455,0.9940730250086773,-5.087239742844389,3.7031498393852758,3.997599239159119,4.00789117685894,4.049249889329576
05/10/2023 16:34:50.142394,317,True,True,True,True,Eyes,1.371361,-0.3534643,-2.932425,-0.1496952,0.191885,0.9699337,0.0,0.0,0.0,0.0,0.0,0.0,0.0,-1.190379,-0.03566182,3.039237,1.371159,-0.3550171,-2.940938,-0.0664479,-0.02998814,0.003018665,0.9973347,352.394,356.517,0.5784312,0.4211662,-0.108506,-0.9004692,0,0,0,1.198025,-0.06248164,-1.055038,-0.05784089,0.03999779,1.915,0.9981832,0.01000654,0.05941525,-0.002035941,0.9911511,-0.1327226,-0.06021758,0.1323605,0.9893708,moving,-5.16626386873463,3.555228100156557,-1.7300426342700217,1.1965385863107496,-0.17313400000000012,0.29253545999999997,1.8859000000000001,-0.08987428250619273,0.06175967217075699,0.9940363397588078,-5.107780740691312,3.706197042227076,4.157404768807284,4.167857074674184,4.2080280751110495
05/10/2023 16:34:50.152324,318,True,True,True,True,Eyes,1.371361,-0.3534643,-2.932425,-0.1496952,0.191885,0.9699337,0.0,0.0,0.0,0.0,0.0,0.0,0.0,-1.191347,-0.03489947,3.038863,1.371145,-0.3550822,-2.940934,-0.06635635,-0.02982372,0.0030638,0.9973456,352.4045,356.5357,0.5820463,0.4211613,-0.1085095,-0.900471,0,0,0,1.202796,-0.06571898,-1.054294,-0.05366617,0.03711092,1.915,0.9982023,0.01006932,0.0590825,-0.002153347,0.9911749,-0.1325432,-0.05989571,0.1321777,0.9894148,moving,-5.184401032629521,3.56663920598637,-1.6052430698650828,1.1101999862945005,-0.16834900000000008,0.28936322000000003,1.8866399999999999,-0.0901878445827517,0.061955881228931364,0.9939957293642633,-5.12465634925764,3.717346068493195,4.330376595158164,4.341021234970002,4.379895035852877
05/10/2023 16:34:50.172144,319,True,True,True,True,Eyes,1.371361,-0.3534643,-2.932425,-0.1496952,0.191885,0.9699337,0.0,0.0,0.0,0.0,0.0,0.0,0.0,-1.192102,-0.03481126,3.038585,1.371128,-0.3550994,-2.940958,-0.0663256,-0.02969902,0.003011364,0.9973514,352.4078,356.5506,0.5749357,0.4211569,-0.1085127,-0.9004727,0,0,0,1.206899,-0.06829065,-1.053712,-0.05003512,0.03459978,1.915,0.9982178,0.009946387,0.05884127,-0.002067164,0.9911837,-0.1324788,-0.05964019,0.132121,0.9894378,moving,-5.199398259306256,3.5696786682500323,-1.4966836075749879,1.0350943559219687,-0.16422899999999996,0.28680875,1.8872460000000002,-0.09044773235944123,0.062007143797565986,0.9939689182025928,-5.138949762422681,3.720392649799734,4.476352821945873,4.487116382315588,4.525144160118199
05/10/2023 16:34:50.192453,320,True,True,True,True,Eyes,1.371361,-0.3534643,-2.932425,-0.1496952,0.191885,0.9699337,0.0,0.0,0.0,0.0,0.0,0.0,0.0,-1.192194,-0.03491682,3.038538,1.371088,-0.3550608,-2.94097,-0.06631016,-0.02968078,0.002948101,0.9973533,352.4094,356.5532,0.5674468,0.4211529,-0.1085156,-0.9004742,0,0,0,1.210825,-0.07091591,-1.053127,-0.04615814,0.03191867,1.915,0.9982207,0.009816871,0.05881347,-0.001944321,0.9911886,-0.1324443,-0.05959542,0.1320943,0.989444,moving,-5.20241578644531,3.5706154116381206,-1.3807595963546906,0.9549011758919128,-0.16026300000000004,0.28414489,1.8878430000000002,-0.09049999049520159,0.06202309877611188,0.9939631660490783,-5.14180842591741,3.721319445976043,4.620257736048817,4.6310924195424255,4.668892624960481
05/10/2023 16:34:50.202131,321,True,True,True,True,Eyes,1.371361,-0.3534643,-2.932425,-0.1496952,0.191885,0.9699337,0.0,0.0,0.0,0.0,0.0,0.0,0.0,-1.191621,-0.03553382,3.03882,1.371022,-0.3551207,-2.941061,-0.06641864,-0.02976342,0.002949622,0.9973435,352.397,356.5435,0.5686421,0.4211493,-0.1085182,-0.9004756,0,0,0,1.2144,-0.07324061,-1.052709,-0.04220014,0.02918178,1.915,0.9982109,0.009837262,0.05897688,-0.001929881,0.9911598,-0.13266,-0.05976052,0.1323088,0.9894054,moving,-5.192897600465306,3.5580594386848583,-1.2624013810287793,0.8730357343993271,-0.15662200000000004,0.28188009,1.888352,-0.09033608622320029,0.06180620065525233,0.9939915862874128,-5.133300723860344,3.7091308350024175,4.74926576053318,4.7600580693495775,4.79867660318954
05/10/2023 16:34:50.222094,322,True,True,True,True,Eyes,1.371361,-0.3534643,-2.932425,-0.1496952,0.191885,0.9699337,0.0,0.0,0.0,0.0,0.0,0.0,0.0,-1.190794,-0.03564012,3.039137,1.370975,-0.355175,-2.94107,-0.06644809,-0.02989076,0.002966157,0.9973376,352.3937,356.5287,0.5716308,0.4211461,-0.1085206,-0.9004768,0,0,0,1.217684,-0.07577243,-1.052198,-0.0383767,0.02653793,1.915,0.9981955,0.009888889,0.05922817,-0.001944152,0.9911517,-0.1327197,-0.06001656,0.132365,0.9893824,moving,-5.178126193344396,3.5546720791660453,-1.148056741902102,0.7939499024238803,-0.15329100000000007,0.27940257,1.8888719999999999,-0.09008014281036207,0.06174887254025786,0.9940183766586017,-5.119243417991205,3.7057502395435966,4.874206249052973,4.884981752330749,4.924317700920414
05/10/2023 16:34:50.242465,323,True,True,True,True,Eyes,1.371361,-0.3534643,-2.932425,-0.1496952,0.191885,0.9699337,0.0,0.0,0.0,0.0,0.0,0.0,0.0,-1.190347,-0.03602648,3.039259,1.370945,-0.3551466,-2.941037,-0.06651553,-0.02995878,0.00298812,0.9973311,352.3861,356.5206,0.5749272,0.4211432,-0.1085227,-0.9004778,0,0,0,1.221207,-0.07807425,-1.051646,-0.03455651,0.02389634,1.915,0.9981871,0.009945738,0.05936013,-0.001974841,0.9911335,-0.1328551,-0.06015515,0.132497,0.9893563,moving,-5.1700059397883225,3.547123502513503,-1.0338001625341295,0.7149286522631596,-0.14973800000000015,0.27707234999999997,1.889391,-0.08993998944477649,0.06161869622970592,0.9940391456564248,-5.1118174135958085,3.6984043735265346,5.002188656212084,5.012935856519165,5.05285583401354
05/10/2023 16:34:50.260933,324,True,True,True,True,Eyes,1.371361,-0.3534643,-2.932425,-0.1496952,0.191885,0.9699337,0.0,0.0,0.0,0.0,0.0,0.0,0.0,-1.190271,-0.03655699,3.039275,1.370939,-0.3551567,-2.941032,-0.06661014,-0.02996973,0.002999901,0.9973245,352.3753,356.5191,0.57671,0.4211406,-0.1085246,-0.9004788,0,0,0,1.225019,-0.08033881,-1.051111,-0.03069046,0.02122301,1.915,0.9981856,0.009976325,0.05937945,-0.001991173,0.9911081,-0.1330436,-0.06017874,0.132684,0.9893298,moving,-5.1685167120509785,3.53643318587693,-0.9181636056654872,0.6349551549916485,-0.14591999999999983,0.27481789,1.889921,-0.08991518159060784,0.06143336428790443,0.9940528609664215,-5.110949223957165,3.6880768861088535,5.135554025095207,5.146268190900152,5.186617736634699
05/10/2023 16:34:50.272222,325,True,True,True,True,Eyes,1.371512,-0.3534776,-2.932411,-0.1464019,0.1891451,0.9709741,0.0,0.0,0.0,0.0,0.0,0.0,0.0,-1.190634,-0.03670964,3.039144,1.370976,-0.355173,-2.941025,-0.06664935,-0.02991502,0.0030218,0.9973233,352.3708,356.5252,0.5789552,0.4211383,-0.1085263,-0.9004797,0,0,0,1.229251,-0.08290634,-1.050506,-0.02669639,0.01846084,1.915,0.9981919,0.01001506,0.05926709,-0.00203979,0.9910975,-0.1331227,-0.0600727,0.1327611,0.9893259,moving,-4.98211722243985,3.3664743759337723,-0.7986900254322554,0.5523213861555146,-0.14172499999999988,0.27226666,1.8905189999999998,-0.08669608107050955,0.058501162782300706,0.9945157070295896,-4.940310116947729,3.522655168570005,5.032467372642311,5.041876650865303,5.096655742876638
05/10/2023 16:34:50.292327,326,True,True,True,True,Eyes,1.371657,-0.3534919,-2.932396,-0.1432238,0.1865062,0.971958,0.0,0.0,0.0,0.0,0.0,0.0,0.0,-1.191639,-0.0367763,3.038723,1.370974,-0.3551686,-2.941,-0.06666695,-0.02974926,0.00302524,0.9973271,352.3687,356.5443,0.5781392,0.4211401,-0.1085281,-0.9004787,0,0,0,1.233665,-0.0853892,-1.049871,-0.02290977,0.01584241,1.915,0.9982117,0.01000089,0.05893612,-0.002067723,0.9910927,-0.1331575,-0.05974285,0.1327975,0.989341,moving,-4.815614932869017,3.2053275614222865,-0.6854154120761392,0.47398565204754584,-0.1373089999999999,0.2697794,1.8911289999999998,-0.08381900566261878,0.055717579678625284,0.9949220566925663,-4.788380874059368,3.3658876384263547,4.943350835730607,4.951643838914968,5.019703445528326
05/10/2023 16:34:50.302386,327,True,True,True,True,Eyes,1.371809,-0.3535047,-2.932381,-0.1400707,0.1839802,0.9728985,0.0,0.0,0.0,0.0,0.0,0.0,0.0,-1.192659,-0.03634286,3.038284,1.370983,-0.3552052,-2.940945,-0.06660574,-0.02958339,0.003021464,0.9973361,352.3756,356.5635,0.5762096,0.4211455,-0.1085299,-0.9004759,0,0,0,1.238221,-0.08829778,-1.049149,-0.0189953,0.0131354,1.915,0.9982314,0.009967678,0.05860668,-0.002085983,0.9911091,-0.1330354,-0.05941166,0.1326779,0.989377,moving,-4.650970056373815,3.060016409030857,-0.5683106152013737,0.3929980049678377,-0.13276200000000005,0.26690742,1.891796,-0.08097076642887457,0.05320669495096689,0.9952953274727534,-4.637401706079648,3.224415670453644,4.869251759783842,4.876586437274062,4.957260160843894
05/10/2023 16:34:50.322330,328,True,True,True,True,Eyes,1.371957,-0.3535186,-2.93237,-0.1370315,0.1815486,0.9737877,0.0,0.0,0.0,0.0,0.0,0.0,0.0,-1.193548,-0.03582326,3.037927,1.370963,-0.3551936,-2.940942,-0.06653038,-0.02943239,0.00304057,0.9973456,352.3843,356.5809,0.5769852,0.4211545,-0.1085318,-0.9004715,0,0,0,1.242591,-0.091153,-1.048492,-0.01517381,0.01049292,1.915,0.998249,0.009981296,0.05830396,-0.002148702,0.9911289,-0.1328866,-0.05911312,0.1325286,0.9894149,moving,-4.4911448320018525,2.922514159133723,-0.45398280835483423,0.31393943302992877,-0.12837199999999993,0.2640406,1.8924500000000002,-0.0782037995445425,0.0508292312443754,0.9956407815137963,-4.490653536485296,3.0905158091976155,4.800104394755737,4.806593316148681,4.899396589380961
05/10/2023 16:34:50.342110,329,True,True,True,True,Eyes,1.372133,-0.3535315,-2.932358,-0.1340713,0.1791648,0.9746408,0.0,0.0,0.0,0.0,0.0,0.0,0.0,-1.19428,-0.03544009,3.037705,1.370971,-0.3552325,-2.940997,-0.06648675,-0.02931122,0.003066498,0.9973521,352.3893,356.5947,0.5788904,0.4211663,-0.1085338,-0.9004657,0,0,0,1.246904,-0.09395906,-1.047915,-0.01132369,0.00783053,1.915,0.9982629,0.01001437,0.05805944,-0.002219141,0.9911402,-0.1328011,-0.05887496,0.1324416,0.9894407,moving,-4.332582313887791,2.784528650440533,-0.33879482184268983,0.23428397901596779,-0.12406699999999993,0.26127344,1.893082,-0.07545708674600943,0.04844156088308778,0.9959716217374797,-4.3451480306189945,2.9561591551069233,4.732865281340128,4.73857430201799,4.843497755516395
05/10/2023 16:34:50.352280,330,True,True,True,True,Eyes,1.372305,-0.3535419,-2.932346,-0.1312156,0.1768686,0.9754486,0.0,0.0,0.0,0.0,0.0,0.0,0.0,-1.195137,-0.03484845,3.03737,1.370981,-0.3552697,-2.940982,-0.06641405,-0.02916968,0.003101201,0.9973609,352.3977,356.6109,0.5815508,0.4211816,-0.1085357,-0.9004584,0,0,0,1.251288,-0.09687027,-1.047253,-0.007480092,0.005172312,1.915,0.9982791,0.01006059,0.05777348,-0.002311479,0.9911591,-0.1326585,-0.05859733,0.1322966,0.9894766,moving,-4.182480007480258,2.655454474864597,-0.2237992283812931,0.1547524424484018,-0.11969300000000005,0.25839943000000004,1.893729,-0.0728553335487486,0.04620671305956546,0.9962715727315579,-4.207323889136186,2.830466007483178,4.6773437407822,4.682378046008041,4.798740647810996
05/10/2023 16:34:50.372181,331,True,True,True,True,Eyes,1.375426,-0.3539037,-2.932104,-0.05935202,0.1208164,0.990899,0.0,0.0,0.0,0.0,0.0,0.0,0.0,-1.196074,-0.03439963,3.037018,1.37103,-0.3552198,-2.940977,-0.06635087,-0.02902151,0.003136129,0.9973693,352.405,356.6278,0.5842217,0.4211998,-0.1085376,-0.9004496,0,0,0,1.255722,-0.0996471,-1.046609,-0.003651761,0.002525121,1.915,0.9982958,0.01010696,0.05747415,-0.002404552,0.9911755,-0.1325347,-0.0583065,0.1321706,0.9895107,moving,-0.06180933650160502,-0.6552207032470813,-0.10925861069368513,0.07555023091828991,-0.11530799999999997,0.2555727,1.8943680000000003,-0.001078705732861538,-0.011435503224101445,0.9999340771510857,-0.41137167077626213,-0.3955357075518964,0.732309187275331,0.7323097649507921,0.5596376171209321
05/10/2023 16:34:50.392333,332,True,True,True,True,Eyes,1.375426,-0.3539061,-2.932102,-0.05935052,0.1208013,0.9909009,0.0,0.0,0.0,0.0,0.0,0.0,0.0,-1.196795,-0.03607684,3.036714,1.371011,-0.3552457,-2.940983,-0.0665279,-0.02891378,0.002879346,0.9973615,352.3837,356.642,0.5544029,0.4212973,-0.1085466,-0.9004029,0,0,0,1.260019,-0.1015629,-1.046108,0.0001892895,-0.0001308918,1.915,0.9983114,0.009590644,0.05729185,-0.001896353,0.9911315,-0.1328712,-0.05805808,0.1325382,0.9894761,moving,-0.07570378969346395,-0.6772339738770814,0.0056634409508197125,-0.0039162128987945645,-0.11099199999999998,0.2536828,1.894875,-0.0013211877252533484,-0.011819677294451054,0.9999292883091385,-0.42593134847033776,-0.41667350580048346,0.6782155464047357,0.6782163618429841,0.5971956506029024
05/10/2023 16:34:50.402850,333,True,True,True,True,Eyes,1.375386,-0.3539096,-2.932103,-0.05925105,0.1207587,0.9909121,0.0,0.0,0.0,0.0,0.0,0.0,0.0,-1.196916,-0.03481761,3.036667,1.371021,-0.355303,-2.940957,-0.06633795,-0.02889421,0.002900012,0.9973746,352.4056,356.6443,0.5559769,0.421385,-0.1085548,-0.9003608,0,0,0,1.264097,-0.1050472,-1.045385,0.004188575,-0.002896428,1.915,0.9983134,0.009618361,0.05725193,-0.001951231,0.9911817,-0.1324952,-0.05802145,0.13216,0.9895288,moving,-0.0720818964571801,-0.6578629291478156,0.1253197320999291,-0.08665951619667865,-0.10692400000000002,0.2502558,1.895572,-0.0012579832542114235,-0.011481613581121139,0.9999333630327114,-0.42141277784193126,-0.39800773984447624,0.6043495812416313,0.6043515052715812,0.6291694158141871
05/10/2023 16:34:50.421995,334,True,True,True,True,Eyes,1.375348,-0.3539117,-2.932103,-0.05915843,0.1207486,0.9909188,0.0,0.0,0.0,0.0,0.0,0.0,0.0,-1.196289,-0.0355657,3.03691,1.371033,-0.3552425,-2.940964,-0.0663887,-0.02900723,0.002759147,0.9973683,352.3993,356.6323,0.540777,0.4214629,-0.1085623,-0.9003235,0,0,0,1.267487,-0.1073345,-1.044879,0.007965684,-0.005508259,1.915,0.998302,0.009355274,0.05749542,-0.001652266,0.9911699,-0.132588,-0.05822812,0.1322679,0.9895023,moving,-0.054723237508493,-0.6648675045161355,0.23832764588846148,-0.16480371947432262,-0.10354599999999992,0.24790800000000002,1.8960850000000002,-0.0009550362284868052,-0.01160386139821748,0.9999322230741033,-0.4050537268615238,-0.40489854736935127,0.5796021782529539,0.5796055636120826,0.6867205524691968
05/10/2023 16:34:50.442237,335,True,True,True,True,Eyes,1.375276,-0.353918,-2.932102,-0.05890629,0.120748,0.9909339,0.0,0.0,0.0,0.0,0.0,0.0,0.0,-1.196121,-0.03853482,3.036953,1.371077,-0.3552123,-2.94096,-0.06676933,-0.02905639,0.002508837,0.9973422,352.3548,356.6281,0.513616,0.4215321,-0.1085691,-0.9002903,0,0,0,1.271273,-0.1084526,-1.044495,0.01183855,-0.00818634,1.915,0.9982989,0.00888449,0.0576233,-0.001124187,0.9910711,-0.1333295,-0.05829335,0.1330379,0.9893951,moving,-0.036238108277483395,-0.7096068140782036,0.3541985952194105,-0.24492943840193435,-0.099804,0.24675969999999997,1.896465,-0.0006324257635520261,-0.012384656361808903,0.9999231195443116,-0.3896109292666909,-0.4482121198088139,0.6069256030606862,0.6069315306547404,0.7710878401817858
05/10/2023 16:34:50.452330,336,True,True,True,True,Eyes,1.375204,-0.3539262,-2.9321,-0.05865206,0.1207337,0.9909507,0.0,0.0,0.0,0.0,0.0,0.0,0.0,-1.196277,-0.04092023,3.036814,1.371074,-0.3552411,-2.94091,-0.06694492,-0.02905957,0.001976396,0.9973316,352.3329,356.6317,0.4528525,0.4215925,-0.1085756,-0.9002612,0,0,0,1.275279,-0.1104091,-1.043946,0.01573886,-0.01088373,1.915,0.9983033,0.007833025,0.05769943,-5.146376e-05,0.991029,-0.1336474,-0.05822867,0.1334177,0.9893479,moving,-0.02461370230770973,-0.7325103869716371,0.47088770186687884,-0.3256318956900048,-0.09579499999999985,0.244832,1.896964,-0.0004295550213707852,-0.012784368480158237,0.9999181744990293,-0.37962218398101966,-0.4704021632765746,0.6411385779315159,0.6411487722881534,0.8627430071012413
05/10/2023 16:34:50.477195,337,True,True,True,True,Eyes,1.37511,-0.3539368,-2.932099,-0.05826064,0.120699,0.9909781,0.0,0.0,0.0,0.0,0.0,0.0,0.0,-1.197151,-0.0404065,3.036427,1.371024,-0.3552884,-2.940876,-0.06676485,-0.0289209,0.001724256,0.9973481,352.3526,356.6498,0.4220838,0.4216451,-0.1085818,-0.9002358,0,0,0,1.279773,-0.1138073,-1.043204,0.01970242,-0.01362455,1.915,0.9983212,0.007301166,0.05745817,0.0004224318,0.991079,-0.1332753,-0.05791865,0.1330758,0.9894121,moving,-0.019585868921646758,-0.7147993551900967,0.5894651089304249,-0.40763239781410493,-0.09125099999999997,0.2414811,1.8976719999999998,-0.0003418113161601753,-0.012475278801755862,0.9999221949920214,-0.3738366062534969,-0.45334895819336074,0.6821080445940351,0.6821250862753759,0.9643859177576142
05/10/2023 16:34:50.492194,338,True,True,True,True,Eyes,1.375019,-0.3539451,-2.932098,-0.05788747,0.1206567,0.9910051,0.0,0.0,0.0,0.0,0.0,0.0,0.0,-1.197337,-0.03905874,3.036359,1.370974,-0.3553019,-2.940886,-0.06663303,-0.02887077,0.001932513,0.997358,352.3684,356.6541,0.4452579,0.4216901,-0.1085879,-0.900214,0,0,0,1.283499,-0.1168017,-1.042598,0.02333953,-0.0161397,1.915,0.9983255,0.007702307,0.05733144,-7.320108e-06,0.9911126,-0.1330256,-0.05784651,0.1328024,0.989453,moving,-0.0026045863819510713,-0.7015572761238503,0.6982717275175352,-0.48287979022243327,-0.08747499999999997,0.2385002,1.898288,-4.545520272340384e-05,-0.0122441790383893,0.9999250895329115,-0.35676711727132837,-0.44069876921726103,0.7341730454969938,0.7341985087328192,1.0558817180662132
05/10/2023 16:34:50.502498,339,True,True,True,True,Eyes,1.374913,-0.3539565,-2.932096,-0.05736428,0.1205615,0.991047,0.0,0.0,0.0,0.0,0.0,0.0,0.0,-1.197135,-0.03805998,3.036449,1.370971,-0.3552524,-2.940891,-0.06652412,-0.02889516,0.002087748,0.9973642,352.3815,356.6502,0.4629703,0.4217283,-0.1085937,-0.9001954,0,0,0,1.287494,-0.119976,-1.041939,0.02747132,-0.0189967,1.915,0.9983214,0.008008941,0.05736023,-0.0003200403,0.9911404,-0.1328182,-0.05791577,0.1325769,0.9894792,moving,0.03118573667788937,-0.6942896329847177,0.8218708810214047,-0.5683524983341047,-0.08347700000000002,0.23527640000000002,1.8989520000000002,0.0005442537676696238,-0.012117341058517445,0.9999263802624054,-0.3238136592389506,-0.4339411382301831,0.8006133377627013,0.8006517091529451,1.153542144664237
05/10/2023 16:34:50.522013,340,True,True,True,True,Eyes,1.374809,-0.3539679,-2.932096,-0.05686144,0.1204536,0.9910892,0.0,0.0,0.0,0.0,0.0,0.0,0.0,-1.197578,-0.03608668,3.036266,1.370957,-0.3552841,-2.94086,-0.06622782,-0.02881668,0.002142966,0.997386,352.4156,356.6591,0.467715,0.42176,-0.1085994,-0.9001799,0,0,0,1.291599,-0.1237373,-1.041186,0.03130785,-0.02164964,1.915,0.9983301,0.008091661,0.05719886,-0.0004577972,0.9912186,-0.1322329,-0.05776656,0.1319859,0.9895669,moving,0.05141849331363267,-0.6665220071054733,0.9366307462349703,-0.6477180979503733,-0.07935800000000004,0.2315468,1.8996739999999999,0.0008973612052439184,-0.011632737058235781,0.9999319825067479,-0.30283969010163053,-0.40729831444509046,0.8853555833201896,0.8854119491635425,1.2625722295588364
05/10/2023 16:34:50.542012,341,True,True,True,True,Eyes,1.374706,-0.3539789,-2.932099,-0.05626018,0.1202751,0.9911451,0.0,0.0,0.0,0.0,0.0,0.0,0.0,-1.197573,-0.03478003,3.036306,1.370912,-0.3552943,-2.940904,-0.06602029,-0.02880852,0.002163512,0.9974,352.4395,356.6601,0.4693078,0.4217858,-0.108605,-0.900167,0,0,0,1.295267,-0.127039,-1.040585,0.03499793,-0.02420153,1.915,0.9983308,0.008119668,0.05718157,-0.000511881,0.9912733,-0.1318219,-0.05775291,0.1315726,0.9896228,moving,0.08512125387135872,-0.6532074997196096,1.0470028593822176,-0.7240583345854207,-0.07564499999999996,0.2282553,1.900319,0.001485548988647785,-0.011400361552215486,0.9999338686574896,-0.26964981767009233,-0.3947047612222414,0.964409306359572,0.9644874617232356,1.3572207072823894
05/10/2023 16:34:50.552433,342,True,True,True,True,Eyes,1.374608,-0.3539903,-2.932104,-0.05569388,0.1201,0.9911984,0.0,0.0,0.0,0.0,0.0,0.0,0.0,-1.196515,-0.03452265,3.036793,1.370904,-0.355273,-2.940979,-0.06598902,-0.02897806,0.002214776,0.9973971,352.4434,356.6402,0.4764026,0.4218065,-0.1086106,-0.9001567,0,0,0,1.298529,-0.1298052,-1.040086,0.03893208,-0.02692208,1.915,0.9983107,0.008242491,0.05751297,-0.000593554,0.9912812,-0.1317629,-0.05809757,0.1315062,0.9896114,moving,0.13733998225085456,-0.6599041589529184,1.1646666479442151,-0.805441226796247,-0.07237499999999986,0.2254678,1.900893,0.0023968737091331245,-0.011517213099258496,0.9999308452242401,-0.21967550274218567,-0.4015622100132644,1.0374777900451047,1.0375842694263786,1.4420545934064488
05/10/2023 16:34:50.571897,343,True,True,True,True,Eyes,1.37451,-0.3540002,-2.93211,-0.05498061,0.1198596,0.9912673,0.0,0.0,0.0,0.0,0.0,0.0,0.0,-1.195699,-0.03409293,3.037176,1.370925,-0.3552951,-2.941025,-0.0659447,-0.02911191,0.002281843,0.9973959,352.4487,356.6243,0.485001,0.4218225,-0.1086161,-0.9001486,0,0,0,1.301825,-0.1325763,-1.039566,0.04273698,-0.02955316,1.915,0.9982946,0.008391352,0.05777124,-0.00071225,0.9912922,-0.1316788,-0.05837314,0.1314131,0.9896076,moving,0.19399928393766694,-0.6688813215074857,1.278455452090878,-0.8841446135024963,-0.06909999999999994,0.22271879999999997,1.9014589999999998,0.003385689145976936,-0.011673849585429295,0.9999261520643841,-0.16554225162634276,-0.41065395926847903,1.1054741516130446,1.105614519408132,1.519645606050162
05/10/2023 16:34:50.592387,344,True,True,True,True,Eyes,1.374418,-0.3540092,-2.932117,-0.05429234,0.1196299,0.9913329,0.0,0.0,0.0,0.0,0.0,0.0,0.0,-1.194958,-0.03461808,3.037521,1.37095,-0.3552413,-2.941082,-0.06596088,-0.02924495,0.002147987,0.9973913,352.4465,356.6099,0.470638,0.4218343,-0.1086214,-0.9001424,0,0,0,1.305352,-0.1351616,-1.039052,0.0467276,-0.03231272,1.915,0.9982803,0.008142812,0.05805395,-0.0004267223,0.9912891,-0.1317032,-0.05862068,0.131452,0.9895878,moving,0.24787649162015943,-0.6847512234686537,1.3977875207085872,-0.9666876268903749,-0.06559799999999982,0.2200797,1.90203,0.004325938233073645,-0.011950766428585703,0.9999191743432412,-0.11445613201437499,-0.42637619091532375,1.18378538847927,1.1839693874393808,1.6058696438522988
05/10/2023 16:34:50.602299,345,True,True,True,True,Eyes,1.374321,-0.3540179,-2.932122,-0.05344782,0.1193279,0.9914152,0.0,0.0,0.0,0.0,0.0,0.0,0.0,-1.195281,-0.03478187,3.037446,1.371008,-0.3552305,-2.941111,-0.06597646,-0.02920241,0.002123286,0.9973915,352.4446,356.615,0.4675204,0.4218426,-0.1086266,-0.9001378,0,0,0,1.309283,-0.1376044,-1.038529,0.05043876,-0.03487907,1.915,0.9982854,0.008088838,0.05797229,-0.0003821515,0.9912853,-0.1317327,-0.05853264,0.1314847,0.9895886,moving,0.2912956548886384,-0.7043883895364889,1.5087519958815703,-1.0434478148804003,-0.06172500000000003,0.21762610000000002,1.9025819999999998,0.0050836619727030186,-0.012293427556610968,0.9999114680770795,-0.07364958116076104,-0.44565471981889704,1.2635558128775717,1.2637884459585955,1.6915529360706594
05/10/2023 16:34:50.627134,346,True,True,True,True,Eyes,1.374226,-0.3540277,-2.932128,-0.0526346,0.1190483,0.9914924,0.0,0.0,0.0,0.0,0.0,0.0,0.0,-1.196011,-0.03502491,3.037099,1.371026,-0.3551854,-2.941049,-0.0660001,-0.02908766,0.002090029,0.9973934,352.4417,356.6284,0.4628938,0.4218475,-0.1086316,-0.900135,0,0,0,1.313696,-0.1401471,-1.037876,0.05439376,-0.03761387,1.915,0.9982991,0.00800874,0.0577478,-0.0003295861,0.9912792,-0.1317777,-0.05829956,0.1315345,0.9895958,moving,0.32459965971660243,-0.7236272269483525,1.6269948595058201,-1.125242256270973,-0.0573300000000001,0.2150383,1.903173,0.0056648509162639075,-0.012629139763068634,0.9999042416155419,-0.042571117237089284,-0.4644723189749562,1.3626169194366597,1.3629115481981235,1.7955688404323815
05/10/2023 16:34:50.642337,347,True,True,True,True,Eyes,1.374131,-0.3540383,-2.932133,-0.05166708,0.1186977,0.9915853,0.0,0.0,0.0,0.0,0.0,0.0,0.0,-1.196174,-0.03592074,3.037041,1.371003,-0.3552213,-2.941072,-0.06613199,-0.02905981,0.00203538,0.9973857,352.4264,356.632,0.4568377,0.4218495,-0.1086366,-0.9001335,0,0,0,1.317577,-0.1422497,-1.037387,0.05818748,-0.04023738,1.915,0.9983028,0.007903683,0.05769845,-0.0002165507,0.9912448,-0.1320365,-0.05823687,0.1317999,0.9895641,moving,0.3765663640562007,-0.7595366713486004,1.740402914059237,-1.2037038468362506,-0.053425999999999974,0.2129716,1.903685,0.0065716982673324695,-0.01325574144951741,0.9998905622204924,0.005610441907860586,-0.49951837070163607,1.433980972132044,1.4343411779994542,1.872266569223522
05/10/2023 16:34:50.652467,348,True,True,True,True,Eyes,1.374039,-0.3540494,-2.932137,-0.05074508,0.1183722,0.9916717,0.0,0.0,0.0,0.0,0.0,0.0,0.0,-1.196169,-0.03688043,3.03703,1.371033,-0.3552141,-2.941057,-0.06629062,-0.02906572,0.002035633,0.9973749,352.4082,356.6311,0.457462,0.4218487,-0.1086415,-0.9001333,0,0,0,1.321634,-0.1443856,-1.036835,0.06224431,-0.04304276,1.915,0.9983021,0.007914147,0.05770895,-0.0002070093,0.9912028,-0.1323515,-0.05824872,0.1321149,0.9895215,moving,0.4301207200511094,-0.7969119638857237,1.8616611670287204,-1.28759963984757,-0.04939899999999997,0.21082849999999997,1.9042219999999999,0.0075062254222596075,-0.01390789596834436,0.9998750064220928,0.05524444701524178,-0.5359909881036726,1.5128608791991769,1.5133018359447319,1.9565420853435618
05/10/2023 16:34:50.677150,349,True,True,True,True,Eyes,1.373933,-0.3540633,-2.93214,-0.0496908,0.1179214,0.991779,0.0,0.0,0.0,0.0,0.0,0.0,0.0,-1.195631,-0.03766721,3.037213,1.371018,-0.3552408,-2.941042,-0.06643242,-0.02915093,0.002056459,0.997363,352.392,356.621,0.4610088,0.4218457,-0.1086464,-0.9001341,0,0,0,1.325017,-0.1464005,-1.03633,0.0659781,-0.04562466,1.915,0.998292,0.007975207,0.05787489,-0.000228938,0.991165,-0.1326344,-0.05842135,0.1323946,0.9894739,moving,0.5004586964461915,-0.8396177266236404,1.9732490705759564,-1.3648073202464175,-0.04600100000000018,0.20884030000000003,1.904712,0.008733604154104426,-0.014653012040110144,0.9998546046402108,0.12077208551228558,-0.577734540419815,1.563106796922804,1.5636289826486816,2.0127480073110404
05/10/2023 16:34:50.692972,350,True,True,True,True,Eyes,1.373831,-0.3540779,-2.932143,-0.0486891,0.1174745,0.9918815,0.0,0.0,0.0,0.0,0.0,0.0,0.0,-1.195038,-0.03753218,3.037453,1.371052,-0.3552539,-2.94103,-0.06637856,-0.02925814,0.001984546,0.9973636,352.398,356.6093,0.4533517,0.4218403,-0.1086513,-0.9001361,0,0,0,1.328529,-0.1492525,-1.035723,0.06986126,-0.04830982,1.915,0.99828,0.007842856,0.05809855,-7.440097e-05,0.9911799,-0.1325232,-0.05862547,0.132291,0.9894757,moving,0.5697561509861582,-0.8598175197370261,2.0892851445856677,-1.445097566962925,-0.042522999999999866,0.2060014,1.905307,0.009942836314713644,-0.015005340149199069,0.9998378750699213,0.18649087260426878,-0.5977518258063982,1.6277267429753972,1.6283491935301497,2.0829356318766368
05/10/2023 16:34:50.702853,351,True,True,True,True,Eyes,1.37373,-0.3540942,-2.932148,-0.04751069,0.1168936,0.9920074,0.0,0.0,0.0,0.0,0.0,0.0,0.0,-1.194247,-0.03634942,3.037802,1.371065,-0.3552841,-2.941045,-0.06620463,-0.02938743,0.002036183,0.9973712,352.4182,356.5941,0.4596871,0.4218327,-0.1086563,-0.900139,0,0,0,1.331941,-0.1525948,-1.035092,0.07377049,-0.05101302,1.915,0.9982644,0.007952828,0.05835075,-0.0001704921,0.9912255,-0.1321809,-0.05888996,0.1319415,0.9895067,moving,0.6524460711223734,-0.8737562109024997,2.2060829203478116,-1.525921501916086,-0.03912399999999994,0.2026893,1.905953,0.011385762486254558,-0.015248343664871683,0.9998189403427409,0.26544979791054935,-0.6118284501406531,1.6842280804603595,1.684964992536635,2.1451393948190693
05/10/2023 16:34:50.722088,352,True,True,True,True,Eyes,1.373635,-0.3541067,-2.932152,-0.04638029,0.1163363,0.9921263,0.0,0.0,0.0,0.0,0.0,0.0,0.0,-1.193716,-0.03631395,3.038076,1.371158,-0.3552965,-2.941066,-0.0662202,-0.02948732,0.00208998,0.9973671,352.4167,356.5822,0.4667084,0.4218234,-0.1086615,-0.9001428,0,0,0,1.335541,-0.1551903,-1.034543,0.07767347,-0.05371198,1.915,0.9982523,0.008074266,0.05854256,-0.0002636425,0.991221,-0.1322149,-0.05909615,0.1319684,0.9894907,moving,0.7290118579207445,-0.9080606864896736,2.3226756656590326,-1.6066126041702005,-0.03561700000000001,0.2001062,1.9065230000000002,0.012721715390997722,-0.015846701731720814,0.9997934292400606,0.3374256619425511,-0.6455118359365001,1.739180047230772,1.7400399747678328,2.2056591450076093
05/10/2023 16:34:50.742213,353,True,True,True,True,Eyes,1.373551,-0.3541152,-2.932152,-0.04509433,0.1156929,0.9922609,0.0,0.0,0.0,0.0,0.0,0.0,0.0,-1.193719,-0.03717333,3.038078,1.371205,-0.3552179,-2.941068,-0.06623104,-0.02950959,0.001811894,0.9973662,352.4145,356.5817,0.434854,0.4218124,-0.1086666,-0.9001474,0,0,0,1.339233,-0.1575886,-1.033994,0.08137073,-0.05626893,1.915,0.9982518,0.007523144,0.05862372,0.0002946585,0.9912204,-0.1322201,-0.05910373,0.1320063,0.9894853,moving,0.8037044670695536,-0.9474078758020158,2.433105255721596,-1.6830521431394707,-0.03197200000000011,0.19762929999999998,1.907074,0.014024912251102799,-0.01653300736710779,0.9997649728216712,0.40732857962084157,-0.6840472960965488,1.7867831192844537,1.7877693973570417,2.2587124265494873
05/10/2023 16:34:50.753045,354,True,True,True,True,Eyes,1.373471,-0.3541237,-2.932152,-0.04386163,0.1150758,0.9923879,0.0,0.0,0.0,0.0,0.0,0.0,0.0,-1.194306,-0.03855273,3.037706,1.371125,-0.3551225,-2.940989,-0.06635448,-0.02941265,0.001589071,0.9973613,352.3995,356.5945,0.4088529,0.4218005,-0.1086716,-0.9001524,0,0,0,1.343392,-0.1596402,-1.033378,0.0852156,-0.05892767,1.915,0.9982647,0.007073077,0.05845919,0.0007335655,0.9911892,-0.1324522,-0.05888095,0.1322653,0.9894639,moving,0.8620413751947448,-0.997929192509723,2.547924460994695,-1.7625283160833158,-0.027733000000000008,0.1954823,1.9076110000000002,0.015042611447187687,-0.01741429916198,0.9997352091548305,0.4608746707070246,-0.7332420933779304,1.8500370447139085,1.8511654703877416,2.3270597232110157
05/10/2023 16:34:50.772851,355,True,True,True,True,Eyes,1.373407,-0.3541342,-2.93215,-0.04247813,0.1143497,0.992532,0.0,0.0,0.0,0.0,0.0,0.0,0.0,-1.194159,-0.03851369,3.03776,1.371129,-0.3551304,-2.940981,-0.06636506,-0.02943561,0.001627379,0.9973599,352.3984,356.5915,0.413483,0.4217876,-0.1086765,-0.9001578,0,0,0,1.347176,-0.1622375,-1.032794,0.08909631,-0.06161107,1.915,0.9982618,0.007153158,0.0584998,0.0006608266,0.9911861,-0.1324755,-0.0589318,0.1322839,0.9894584,moving,0.9442366344330624,-1.0414001756316627,2.6637931904747716,-1.8427347563399301,-0.023953000000000113,0.1928929,1.9081869999999999,0.016476571109263864,-0.018172394093267367,0.9996991063013848,0.5377900302581969,-0.7758138105787609,1.895820338207123,1.8971061803876237,2.3786991700832556
05/10/2023 16:34:50.792709,356,True,True,True,True,Eyes,1.373348,-0.3541459,-2.932148,-0.04114755,0.113646,0.9926689,0.0,0.0,0.0,0.0,0.0,0.0,0.0,-1.194326,-0.03844571,3.037707,1.371202,-0.3551801,-2.940953,-0.06640931,-0.02941438,0.001735758,0.9973574,352.3937,356.5931,0.4259714,0.4217745,-0.1086813,-0.9001634,0,0,0,1.351161,-0.1647239,-1.032205,0.09294995,-0.06427602,1.915,0.9982636,0.007369119,0.05844276,0.0004444355,0.9911736,-0.1325697,-0.05890383,0.1323655,0.9894492,moving,1.0187077419475863,-1.0873219905704636,2.7788321045582607,-1.9223825798144099,-0.020040999999999976,0.1904562,1.908748,0.0177756678376396,-0.018973212219239977,0.9996620039119335,0.6071306507458196,-0.8206921471656474,1.9467138470370295,1.9481693867741787,2.435160983155095
05/10/2023 16:34:50.803806,357,True,True,True,True,Eyes,1.373312,-0.3541562,-2.932144,-0.03968073,0.1128779,0.9928162,0.0,0.0,0.0,0.0,0.0,0.0,0.0,-1.194533,-0.03774208,3.037658,1.371246,-0.3552171,-2.940954,-0.06632701,-0.02938391,0.001800759,0.9973636,352.4034,356.5962,0.4329444,0.4217612,-0.108686,-0.900169,0,0,0,1.355431,-0.1678675,-1.031554,0.09707532,-0.0671287,1.915,0.9982667,0.007489916,0.05837401,0.0003058724,0.991195,-0.1324101,-0.05885176,0.1321985,0.9894747,moving,1.0996784831947677,-1.1225326102556192,2.901957837767306,-2.007632878881502,-0.015814999999999912,0.1873496,1.9094,0.01918814994493219,-0.0195870297249607,0.9996240047099846,0.6833040356800251,-0.8552832991459203,2.0062272589892047,2.0078877850716697,2.5000668485928768
05/10/2023 16:34:50.827304,358,True,True,True,True,Eyes,1.373278,-0.3541666,-2.93214,-0.03826918,0.1121326,0.992956,0.0,0.0,0.0,0.0,0.0,0.0,0.0,-1.195266,-0.03681692,3.037369,1.371326,-0.3551944,-2.940907,-0.06617751,-0.02927625,0.001809627,0.9973767,352.4205,356.6087,0.432621,0.4217483,-0.1086907,-0.9001745,0,0,0,1.35978,-0.1710349,-1.030871,0.1009383,-0.06979991,1.915,0.9982793,0.007484618,0.05815938,0.0002650988,0.9912345,-0.1321138,-0.05863841,0.1319019,0.9895268,moving,1.1683271913265896,-1.1487286676995176,3.0172279895580782,-2.0874520227815303,-0.011546000000000056,0.18415950000000003,1.910036,0.020385645654650092,-0.020043586889486764,0.9995911905036369,0.7480794216153124,-0.8810821059855185,2.0716819655099994,2.0735562927197,2.569895639816357
05/10/2023 16:34:50.842213,359,True,True,True,True,Eyes,1.373276,-0.3541733,-2.932137,-0.03673168,0.1112443,0.9931141,0.0,0.0,0.0,0.0,0.0,0.0,0.0,-1.195547,-0.03638017,3.037279,1.371352,-0.3552035,-2.94091,-0.06608292,-0.02923731,0.001751865,0.9973842,352.4312,356.6137,0.4253343,0.4217359,-0.1086953,-0.9001797,0,0,0,1.363458,-0.1737866,-1.030314,0.1044411,-0.07222226,1.915,0.9982842,0.007358739,0.05809011,0.0003696085,0.99126,-0.1319226,-0.05855319,0.1317177,0.9895564,moving,1.2517134527971818,-1.1895831134899173,3.1217293744457635,-2.159827914723869,-0.007893999999999846,0.1814169,1.9105960000000002,0.02184007881678958,-0.020755699863065497,0.9995460660206675,0.8262815134578629,-0.9211378614074783,2.104665372951112,2.1067355129537986,2.6083393051324615
05/10/2023 16:34:50.852313,360,True,True,True,True,Eyes,1.373273,-0.3541803,-2.932134,-0.03526152,0.1103934,0.9932623,0.0,0.0,0.0,0.0,0.0,0.0,0.0,-1.195612,-0.03740379,3.037263,1.371339,-0.3551528,-2.940944,-0.06613845,-0.02923755,0.001504094,0.997381,352.4239,356.6155,0.396962,0.4217248,-0.1086996,-0.9001845,0,0,0,1.367394,-0.1762156,-1.029779,0.1083734,-0.07494144,1.915,0.9982858,0.006867761,0.05812299,0.0008671441,0.9912469,-0.1320184,-0.0585209,0.1318425,0.9895418,moving,1.3347656420468486,-1.245607688172101,3.239019522656611,-2.241064380261782,-0.003945000000000087,0.1789372,1.911165,0.023288447508397446,-0.021732348029745878,0.9994925849746574,0.9033567859010811,-0.9758303527917971,2.1464482393293043,2.148747744069431,2.6563391282244537
05/10/2023 16:34:50.872240,361,True,True,True,True,Eyes,1.373273,-0.3541803,-2.932134,-0.03526152,0.1103934,0.9932623,0.0,0.0,0.0,0.0,0.0,0.0,0.0,-1.195177,-0.03817084,3.037418,1.371318,-0.3551663,-2.940944,-0.06617287,-0.02931765,0.001285887,0.9973766,352.4193,356.6079,0.3725351,0.4217147,-0.1087037,-0.9001887,0,0,0,1.370978,-0.1787679,-1.029207,0.1122734,-0.07763822,1.915,0.9982777,0.006445092,0.05831128,0.001315038,0.991239,-0.1320739,-0.05865164,0.1319232,0.9895232,moving,1.34283137199389,-1.2497296088983894,3.355319413850159,-2.321622735894243,-0.00034000000000000696,0.17639839999999998,1.911737,0.023429112737773823,-0.02180418087492802,0.9994877330564168,0.9109120363223604,-0.9798690630569238,2.277553097282242,2.280145388854717,2.7884458656901994
05/10/2023 16:34:50.891957,362,True,True,True,True,Eyes,1.373273,-0.3541803,-2.932134,-0.03526152,0.1103934,0.9932623,0.0,0.0,0.0,0.0,0.0,0.0,0.0,-1.194245,-0.03963912,3.037767,1.371301,-0.355098,-2.940963,-0.06632371,-0.02947782,0.001105302,0.9973621,352.4014,356.5907,0.3534657,0.4217056,-0.1087074,-0.9001925,0,0,0,1.374235,-0.1807792,-1.028693,0.1161563,-0.08032325,1.915,0.9982597,0.006114929,0.05865349,0.001705383,0.9911999,-0.1323626,-0.05894672,0.1322323,0.9894645,moving,1.3602724453244806,-1.2672149226099239,3.471081883986034,-2.4018209722675374,0.002933999999999992,0.17431880000000002,1.91227,0.02373320092603685,-0.02210904119093269,0.9994738614035802,0.9267944771557963,-0.996874468514851,2.3935302949289987,2.3964238719939255,2.9064192896004926
05/10/2023 16:34:50.902865,363,True,True,True,True,Eyes,1.373273,-0.3541803,-2.932134,-0.03526152,0.1103934,0.9932623,0.0,0.0,0.0,0.0,0.0,0.0,0.0,-1.192934,-0.04052386,3.038253,1.371275,-0.3551316,-2.940953,-0.06644219,-0.02969315,0.001039486,0.9973479,352.3876,356.5662,0.3479441,0.4216974,-0.1087108,-0.9001959,0,0,0,1.377238,-0.1829892,-1.028141,0.1200175,-0.08299348,1.915,0.9982345,0.006019214,0.05909066,0.001872297,0.9911687,-0.1325937,-0.05936692,0.1324702,0.9894075,moving,1.3846171401926894,-1.2809165991123104,3.5861692755417955,-2.4815678149932676,0.005962999999999941,0.1721424,1.912812,0.024157742009148626,-0.022347826788191714,0.9994583794718142,0.9495315217875948,-1.0102808806648207,2.504450662212669,2.5076672719594657,3.0193615033062198
05/10/2023 16:34:50.922738,364,True,True,True,True,Eyes,1.373273,-0.3541803,-2.932134,-0.03526152,0.1103934,0.9932623,0.0,0.0,0.0,0.0,0.0,0.0,0.0,-1.192096,-0.0403221,3.038598,1.371284,-0.3551825,-2.940956,-0.06642341,-0.02983129,0.001064157,0.997345,352.3899,356.5501,0.3517829,0.42169,-0.1087138,-0.900199,0,0,0,1.380548,-0.1857212,-1.027555,0.1238636,-0.0856531,1.915,0.9982179,0.006085655,0.05936281,0.001840328,0.9911736,-0.1325576,-0.05964554,0.1324306,0.989396,moving,1.4005655333866511,-1.2787749559891874,3.700777796898016,-2.560988226450768,0.009264000000000161,0.1694613,1.913401,0.02443596275672459,-0.022310317388928594,0.9994524539064965,0.9650165682090484,-1.008334862084884,2.629873245468434,2.6334478024361636,3.1456512791907603
05/10/2023 16:34:50.941958,365,True,True,True,True,Eyes,1.373273,-0.3541803,-2.932134,-0.03526152,0.1103934,0.9932623,0.0,0.0,0.0,0.0,0.0,0.0,0.0,-1.192219,-0.03950933,3.03857,1.371306,-0.3552021,-2.940953,-0.06630212,-0.02981337,0.001087664,0.9973536,352.4039,356.5521,0.3539272,0.4216834,-0.1087165,-0.9002017,0,0,0,1.384535,-0.1888584,-1.026923,0.1277731,-0.08835657,1.915,0.99822,0.00612295,0.05932471,0.001783809,0.9912056,-0.1323182,-0.05961316,0.1321884,0.9894304,moving,1.3986208158996885,-1.2648228136281094,3.8172451608160665,-2.641707974176265,0.013229000000000157,0.1663437,1.91403,0.024402171436147122,-0.022066957460812997,0.9994586822751526,0.9638824194411602,-0.9948562469672064,2.7791099994003536,2.7830839849274938,3.294510516795777
05/10/2023 16:34:50.960590,366,True,True,True,True,Eyes,1.373273,-0.3541803,-2.932134,-0.03526152,0.1103934,0.9932623,0.0,0.0,0.0,0.0,0.0,0.0,0.0,-1.192818,-0.03803137,3.038329,1.371264,-0.3551945,-2.940948,-0.06611316,-0.02970116,0.001215852,0.9973693,352.426,356.5642,0.3671821,0.4216775,-0.1087189,-0.9002042,0,0,0,1.388988,-0.1923314,-1.026245,0.1318571,-0.09118094,1.915,0.9982327,0.006352582,0.05908528,0.001501969,0.9912551,-0.1319507,-0.05940682,0.1318062,0.9894938,moving,1.3864036127858022,-1.2430103178985048,3.9388772844224276,-2.7260263216168648,0.01772399999999985,0.1628631,1.914703,0.024189257276412406,-0.021686574330399506,0.9994721839470012,0.9532644369941887,-0.9737146137692365,2.9476015458264477,2.9520261366869587,3.4618608285412673
05/10/2023 16:34:50.976533,367,True,True,True,True,Eyes,1.373273,-0.3541803,-2.932134,-0.03526152,0.1103934,0.9932623,0.0,0.0,0.0,0.0,0.0,0.0,0.0,-1.193656,-0.03676215,3.038013,1.371253,-0.3551739,-2.940953,-0.06598183,-0.02955124,0.001400852,0.9973822,352.4417,356.5802,0.3869058,0.4216721,-0.1087211,-0.9002065,0,0,0,1.393189,-0.1952708,-1.025667,0.1355155,-0.09371063,1.915,0.9982496,0.006694059,0.05876291,0.001105321,0.9912888,-0.131701,-0.05913263,0.1315354,0.9895462,moving,1.3701665191816645,-1.2277691685451864,4.047803782886158,-2.8015373141588986,0.021935999999999956,0.1599031,1.9152859999999998,0.023906152123907672,-0.021420851649334417,0.9994847258276666,0.9384233577576957,-0.9588839505289528,3.101031460920246,3.105879503800382,3.6143627442010864
05/10/2023 16:34:50.992479,368,True,True,True,True,Eyes,1.373273,-0.3541803,-2.932134,-0.03526152,0.1103934,0.9932623,0.0,0.0,0.0,0.0,0.0,0.0,0.0,-1.194181,-0.03636014,3.037803,1.371227,-0.355128,-2.940962,-0.06599254,-0.02945009,0.001594213,0.9973843,352.4411,356.5904,0.4084655,0.4216673,-0.1087231,-0.9002085,0,0,0,1.397395,-0.1977751,-1.025108,0.1393795,-0.09638248,1.915,0.9982603,0.007067057,0.0585357,0.0007068878,0.9912849,-0.1317337,-0.05895652,0.1315459,0.9895553,moving,1.3595686336096946,-1.2288465415548844,4.16282005592685,-2.881281188363793,0.02616799999999997,0.1573529,1.915854,0.023721269421826292,-0.021439740109789454,0.999488725838667,0.9281517158565988,-0.9598434288510618,3.248732850606516,3.254037307514718,3.7623134284551756
05/10/2023 16:34:51.002249,369,True,True,True,True,Eyes,1.373273,-0.3541803,-2.932134,-0.03526152,0.1103934,0.9932623,0.0,0.0,0.0,0.0,0.0,0.0,0.0,-1.1944,-0.03591043,3.037748,1.371216,-0.3551254,-2.940994,-0.06600077,-0.02940135,0.001788439,0.9973848,352.4408,356.5945,0.4305156,0.4216629,-0.1087248,-0.9002103,0,0,0,1.401502,-0.200388,-1.024557,0.1433305,-0.09911481,1.915,0.9982647,0.007448546,0.05841284,0.0003135002,0.9912814,-0.1317615,-0.05888498,0.1315512,0.9895589,moving,1.3549792130439007,-1.2296520287972463,4.280391231559765,-2.962818590033739,0.030286000000000035,0.15473739999999997,1.916437,0.02364120265121524,-0.021453832025400847,0.9994903205065023,0.9236855937671471,-0.9605860011706817,3.3944817422792837,3.4002796660076937,3.908504583430088
05/10/2023 16:34:51.027422,370,True,True,True,True,Eyes,1.373273,-0.3541803,-2.932134,-0.03526152,0.1103934,0.9932623,0.0,0.0,0.0,0.0,0.0,0.0,0.0,-1.194893,-0.03645584,3.037533,1.371235,-0.3551081,-2.940972,-0.06610584,-0.02932154,0.001822237,0.9973801,352.4288,356.6034,0.4341708,0.421659,-0.1087264,-0.9002119,0,0,0,1.405558,-0.2024971,-1.024014,0.1470701,-0.1017006,1.915,0.9982738,0.007511576,0.05824852,0.0002417241,0.9912534,-0.1319721,-0.05873037,0.1317584,0.9895405,moving,1.3460096162367716,-1.2416750972331365,4.39163846824943,-3.039971932118051,0.0343230000000001,0.15261099999999997,1.916958,0.02348462687653374,-0.02166364669939108,0.9994894861226478,0.9144026228706066,-0.9721204612074545,3.530629221028486,3.5369091889061903,4.045637011662626
05/10/2023 16:34:51.043278,371,True,True,True,True,Eyes,1.373309,-0.3541862,-2.932135,-0.03233426,0.1084024,0.9935811,0.0,0.0,0.0,0.0,0.0,0.0,0.0,-1.195183,-0.03641489,3.037407,1.371225,-0.3551452,-2.94096,-0.06613437,-0.02926863,0.001886534,0.9973797,352.4257,356.609,0.4412795,0.4216555,-0.1087279,-0.9002134,0,0,0,1.409604,-0.2050315,-1.023438,0.1509327,-0.1043718,1.915,0.9982796,0.007634505,0.05813433,0.0001081443,0.9912454,-0.1320326,-0.05863339,0.1318117,0.9895392,moving,1.5080589405191753,-1.3605240561648257,4.506509930900171,-3.1196621002804426,0.03837900000000016,0.1501137,1.917522,0.026310140571381226,-0.023735173437451337,0.9993720053202041,1.0642840585273377,-1.0880366161806303,3.4696933191907386,3.4763882119193315,3.9970515463372136
05/10/2023 16:34:51.062215,372,True,True,True,True,Eyes,1.373344,-0.3541884,-2.932136,-0.02951889,0.1064937,0.9938751,0.0,0.0,0.0,0.0,0.0,0.0,0.0,-1.195325,-0.03616717,3.037416,1.371234,-0.3551139,-2.941023,-0.06606892,-0.02924865,0.001843482,0.9973847,352.4331,356.6117,0.4359351,0.4216532,-0.1087293,-0.9002143,0,0,0,1.413679,-0.2079671,-1.022886,0.1549265,-0.1071334,1.915,0.9982823,0.007542174,0.05810071,0.0001875333,0.991263,-0.1319001,-0.0585879,0.1316844,0.9895588,moving,1.6669315372429374,-1.4637953287676215,4.6252450321613905,-3.2020364766805125,0.042444999999999844,0.1471468,1.918137,0.029079854666658876,-0.02553446546970574,0.9992508896830036,1.2119301473720705,-1.188896174041213,3.4240431118617747,3.431195276068408,3.962758178445283
05/10/2023 16:34:51.072479,373,True,True,True,True,Eyes,1.373412,-0.3541917,-2.932134,-0.02681254,0.1046884,0.9941436,0.0,0.0,0.0,0.0,0.0,0.0,0.0,-1.195724,-0.03690472,3.037214,1.371248,-0.355029,-2.940989,-0.06612856,-0.02919229,0.001722677,0.9973825,352.4258,356.6191,0.421784,0.421652,-0.1087306,-0.9002147,0,0,0,1.417578,-0.2101673,-1.022324,0.1585979,-0.1096723,1.915,0.9982897,0.007297223,0.05800391,0.0004245519,0.9912481,-0.1320115,-0.05845958,0.1318104,0.9895496,moving,1.8150579391283448,-1.575339188100332,4.73436014152256,-3.2777563655696405,0.04632999999999998,0.14486169999999998,1.918665,0.03166148076496466,-0.027477609752875956,0.999120914812021,1.3487799170369996,-1.2976575116594908,3.371872635177436,3.379430365467867,3.9221097546708177
05/10/2023 16:34:51.092518,374,True,True,True,True,Eyes,1.373477,-0.3541978,-2.93213,-0.02421764,0.1029395,0.9943928,0.0,0.0,0.0,0.0,0.0,0.0,0.0,-1.195749,-0.0374569,3.037197,1.371267,-0.3550901,-2.940973,-0.06613942,-0.02920285,0.001508953,0.997382,352.4238,356.6195,0.3972604,0.4216527,-0.1087318,-0.9002143,0,0,0,1.421555,-0.2129446,-1.02171,0.1625979,-0.1124383,1.915,0.9982898,0.006872924,0.05805317,0.0008529145,0.9912466,-0.1320207,-0.05845238,0.1318444,0.9895456,moving,1.9641174097709098,-1.677846703624012,4.853202149132725,-3.360236208691517,0.05028799999999989,0.1421455,1.9192630000000002,0.03425892599650218,-0.029262577705881566,0.9989845359037511,1.4870084119762865,-1.3977057846333256,3.335206029608562,3.3432387108871864,3.896509456093397
05/10/2023 16:34:51.102522,375,True,True,True,True,Eyes,1.373609,-0.3541988,-2.932124,-0.02171687,0.1012376,0.9946252,0.0,0.0,0.0,0.0,0.0,0.0,0.0,-1.195518,-0.0370433,3.037235,1.371228,-0.3551586,-2.940923,-0.065974,-0.02924852,0.001256114,0.9973918,352.442,356.6163,0.367884,0.4216549,-0.1087329,-0.9002131,0,0,0,1.425115,-0.2162668,-1.021041,0.1663746,-0.1150498,1.915,0.9982859,0.00636496,0.05817872,0.001353607,0.9912917,-0.1316773,-0.05851021,0.1315304,0.9895839,moving,2.1117163131328813,-1.7571816401104856,4.965371412853273,-3.438096200636564,0.05388700000000002,0.13889179999999998,1.919882,0.0368307540565178,-0.030642992352890787,0.9988515731312064,1.6250585723382007,-1.4753813302273235,3.303403680430915,3.311921072119439,3.874266322161582
05/10/2023 16:34:51.122120,376,True,True,True,True,Eyes,1.373735,-0.3541963,-2.932118,-0.01932261,0.09961023,0.9948389,0.0,0.0,0.0,0.0,0.0,0.0,0.0,-1.195053,-0.03655174,3.037374,1.371176,-0.355295,-2.940879,-0.0658654,-0.02932304,0.001143027,0.997397,352.4541,356.6086,0.3550363,0.4216604,-0.1087338,-0.9002104,0,0,0,1.428569,-0.2194271,-1.020389,0.1701752,-0.1176783,1.915,0.9982777,0.00614285,0.05834285,0.001582644,0.9913208,-0.1314549,-0.05864399,0.1313208,0.9896038,moving,2.2571514989937205,-1.838720149366327,5.078212006106202,-3.51645019926389,0.05739300000000003,0.1358679,1.9204899999999998,0.03936428891788518,-0.03206134326505339,0.9987104290819757,1.7609063846473008,-1.5551669639371557,3.2732340955132506,3.2822493057534516,3.8537187903811208
05/10/2023 16:34:51.142238,377,True,True,True,True,Eyes,1.373845,-0.3542016,-2.932112,-0.01696057,0.09802942,0.995039,0.0,0.0,0.0,0.0,0.0,0.0,0.0,-1.194537,-0.03734329,3.037528,1.37117,-0.3552108,-2.940852,-0.06596355,-0.0294095,0.0011017,0.9973879,352.4427,356.5989,0.3512716,0.4216685,-0.1087344,-0.9002066,0,0,0,1.432126,-0.221629,-1.019794,0.1740832,-0.1203806,1.915,0.9982678,0.006077555,0.05852002,0.001682265,0.9912952,-0.1316473,-0.05881071,0.1315177,0.9895678,moving,2.4024459610401903,-1.9413450155771967,5.19420014634916,-3.5969904018919223,0.06095600000000001,0.1335818,1.921058,0.04189428956912185,-0.03384663848264866,0.9985486033269411,1.8954998527647964,-1.6552999916274294,3.236272893641222,3.245774649666145,3.827738924770949
05/10/2023 16:34:51.152380,378,True,True,True,True,Eyes,1.373954,-0.3542064,-2.932103,-0.01468341,0.09650693,0.995224,0.0,0.0,0.0,0.0,0.0,0.0,0.0,-1.194086,-0.03765309,3.037718,1.371187,-0.3552133,-2.94086,-0.06602035,-0.02948566,0.001118769,0.9973819,352.4362,356.5899,0.3540184,0.4216787,-0.108735,-0.9002017,0,0,0,1.435623,-0.2239789,-1.019242,0.1778671,-0.1229972,1.915,0.9982587,0.006124986,0.0586692,0.001661627,0.9912801,-0.131761,-0.05896465,0.131629,0.9895439,moving,2.5419131935911206,-2.0358952163158883,5.306464386490962,-3.6749628163896797,0.06443600000000016,0.1312344,1.9216179999999998,0.04432226230401778,-0.03549068637267455,0.9983866728318761,2.024905296243725,-1.7475968255374241,3.2039315637623433,3.2139206424203435,3.8057022644287573
05/10/2023 16:34:51.172329,379,True,True,True,True,Eyes,1.37408,-0.3542093,-2.932094,-0.01238991,0.09493838,0.995406,0.0,0.0,0.0,0.0,0.0,0.0,0.0,-1.194856,-0.03727543,3.037392,1.371257,-0.3552045,-2.9408,-0.06596818,-0.02936984,0.001136115,0.9973888,352.4423,356.6032,0.3549533,0.4216908,-0.1087355,-0.9001961,0,0,0,1.440038,-0.2268244,-1.018599,0.1817773,-0.1257012,1.915,0.9982722,0.006141247,0.0584364,0.001608652,0.9912938,-0.1316586,-0.05873619,0.1315251,0.9895712,moving,2.6602933018020236,-2.120522842846549,5.422432887192102,-3.755525353225081,0.06878099999999998,0.12838009999999997,1.9222009999999998,0.04638247825050351,-0.03696183241415214,0.9982396502637841,2.134512919921117,-1.8301587529623573,3.1992336565867934,3.2097738702474,3.810177719816554
05/10/2023 16:34:51.192386,380,True,True,True,True,Eyes,1.3742,-0.3542115,-2.932085,-0.01018325,0.09343448,0.9955733,0.0,0.0,0.0,0.0,0.0,0.0,0.0,-1.195328,-0.03650174,3.037213,1.371263,-0.355181,-2.940797,-0.06582397,-0.02929506,0.001103335,0.9974006,352.4587,356.6122,0.3501035,0.4217048,-0.1087359,-0.9001894,0,0,0,1.444225,-0.2300168,-1.017987,0.1856803,-0.1284003,1.915,0.9982812,0.006057569,0.05829257,0.0016557,0.991332,-0.1313704,-0.05858307,0.1312411,0.989618,moving,2.7782207017779763,-2.1907198043923226,5.538143430031843,-3.8359270724503087,0.0729620000000002,0.12516420000000003,1.92281,0.04843475447068417,-0.038181092066283576,0.9980962754535824,2.244449814728063,-1.8987915779785927,3.2019382845894655,3.2130795851959673,3.8211139155271283
05/10/2023 16:34:51.201960,381,True,True,True,True,Eyes,1.374311,-0.354215,-2.932076,-0.007923126,0.09197103,0.9957302,0.0,0.0,0.0,0.0,0.0,0.0,0.0,-1.19569,-0.03692439,3.037033,1.371246,-0.3551656,-2.940773,-0.06586325,-0.02923672,0.001031308,0.9973999,352.4539,356.6194,0.3414916,0.4217206,-0.1087361,-0.9001819,0,0,0,1.448199,-0.2324366,-1.017417,0.1894579,-0.1310121,1.915,0.9982883,0.005908502,0.05818553,0.001793998,0.9913219,-0.1314443,-0.05845724,0.1313237,0.9896145,moving,2.9010293947853274,-2.279553449639328,5.650093164613505,-3.9137138714264657,0.07695300000000005,0.12272900000000003,1.923356,0.05057093703911274,-0.03972432586878727,0.99793017578294,2.358102663883998,-1.9854458488642912,3.1864191755886413,3.198098168399061,3.8151564874496495
05/10/2023 16:34:51.222405,382,True,True,True,True,Eyes,1.37442,-0.3542154,-2.932067,-0.00574944,0.09056968,0.9958736,0.0,0.0,0.0,0.0,0.0,0.0,0.0,-1.195684,-0.03662661,3.037032,1.371235,-0.355179,-2.94077,-0.06585144,-0.02923152,0.001114082,0.9974006,352.4555,356.6194,0.3509544,0.4217378,-0.1087364,-0.9001739,0,0,0,1.452117,-0.2351364,-1.016829,0.193377,-0.1337224,1.915,0.9982886,0.006072247,0.05816434,0.001627503,0.9913247,-0.1314257,-0.0584578,0.1312954,0.9896182,moving,3.0254369694121364,-2.359305382494816,5.766190536232933,-3.9944190008816403,0.08088200000000012,0.12004260000000003,1.9239410000000001,0.0527346900072424,-0.04110873416336342,0.9977621332852346,2.473778370870937,-2.063348312285544,3.179160750541326,3.1914458571429614,3.8169374989615257
05/10/2023 16:34:51.242349,383,True,True,True,True,Eyes,1.374504,-0.3542198,-2.932059,-0.003486919,0.08918786,0.9960087,0.0,0.0,0.0,0.0,0.0,0.0,0.0,-1.195988,-0.03681278,3.03691,1.371281,-0.3551051,-2.940757,-0.06590039,-0.02918542,0.001181116,0.9973986,352.4501,356.6242,0.3585015,0.421756,-0.1087365,-0.9001653,0,0,0,1.456085,-0.2374063,-1.016277,0.1971309,-0.1363182,1.915,0.9982936,0.006202748,0.05806333,0.001490575,0.9913116,-0.1315269,-0.05837467,0.131389,0.9896107,moving,3.150201291375703,-2.444892965811441,5.877349591243316,-4.071699764451254,0.0848040000000001,0.11769880000000002,1.92448,0.0549038140083713,-0.042594138782364455,0.9975827153674552,2.5894883156191586,-2.146884912284617,3.16265877130044,3.175505976938404,3.809848288694733
05/10/2023 16:34:51.257325,384,True,True,True,True,Eyes,1.374586,-0.3542266,-2.932054,-0.001308513,0.08784502,0.9961333,0.0,0.0,0.0,0.0,0.0,0.0,0.0,-1.196792,-0.03716099,3.036605,1.371316,-0.3551508,-2.940752,-0.06594094,-0.02906227,0.001114035,0.9973996,352.4452,356.6389,0.3499696,0.4217747,-0.1087366,-0.9001566,0,0,0,1.460525,-0.2399959,-1.015714,0.2010742,-0.1390451,1.915,0.9983083,0.006055062,0.05782647,0.00161051,0.9913011,-0.1316037,-0.0581203,0.1314742,0.9896144,moving,3.2609510180296537,-2.526835272111312,5.994069274545798,-4.1528675816669205,0.0892090000000001,0.11515489999999998,1.9250379999999998,0.0568284805234343,-0.0440160538715553,0.9974132152307462,2.6918840704395324,-2.22679775162654,3.166751910446328,3.180238430655883,3.8228486907553796
05/10/2023 16:34:51.276980,385,True,True,True,True,Eyes,1.374654,-0.3542261,-2.932048,0.0009536385,0.08650526,0.9962509,0.0,0.0,0.0,0.0,0.0,0.0,0.0,-1.197188,-0.03499293,3.036566,1.371364,-0.3552142,-2.940816,-0.06572059,-0.02898813,0.001416424,0.997416,352.4715,356.6453,0.3835099,0.4217936,-0.1087368,-0.9001477,0,0,0,1.464781,-0.2434838,-1.015164,0.2049961,-0.1417571,1.915,0.9983154,0.00663576,0.05764026,0.0009847052,0.9913576,-0.1311836,-0.05801262,0.1310194,0.989681,moving,3.3829792385238817,-2.579840836228602,6.110106024864304,-4.23357533412768,0.09341700000000008,0.11173039999999998,1.925652,0.05895022295876008,-0.04493322360601176,0.9972491172291662,2.806685498309297,-2.278871807174691,3.175133455348877,3.1893664415236076,3.8384180404884796
05/10/2023 16:34:51.292744,386,True,True,True,True,Eyes,1.374721,-0.3542242,-2.93204,0.003128517,0.08524527,0.9963551,0.0,0.0,0.0,0.0,0.0,0.0,0.0,-1.197609,-0.03576434,3.036347,1.371411,-0.3549979,-2.940775,-0.0657988,-0.02892916,0.001376522,0.9974127,352.4624,356.6523,0.3787305,0.4218124,-0.1087369,-0.9001389,0,0,0,1.468745,-0.2454905,-1.014603,0.2086953,-0.1443151,1.915,0.9983224,0.006552928,0.05752747,0.001061086,0.9913373,-0.1313367,-0.05788976,0.1311774,0.9896673,moving,3.500960387506076,-2.6614488291376346,6.219507706772037,-4.3096847082674286,0.09733400000000003,0.10950739999999998,1.926172,0.060999647886142275,-0.04634787224153253,0.9970611549290503,2.916068799047763,-2.3585167514672443,3.164340263587364,3.17917930295523,3.8366345946298233
05/10/2023 16:34:51.302618,387,True,True,True,True,Eyes,1.374779,-0.3542241,-2.932029,0.005199933,0.08394878,0.9964565,0.0,0.0,0.0,0.0,0.0,0.0,0.0,-1.197993,-0.03844291,3.036124,1.371476,-0.3549671,-2.940709,-0.06615361,-0.0288882,0.001169754,0.9973906,352.4209,356.6584,0.3557959,0.4218311,-0.1087369,-0.9001301,0,0,0,1.472874,-0.2468241,-1.014034,0.2126225,-0.1470308,1.915,0.9983282,0.006155521,0.05747087,0.001488713,0.9912447,-0.1320295,-0.0577804,0.1318944,0.9895784,moving,3.6148339866783092,-2.7762823179364884,6.335602533156235,-4.390469525874403,0.1013980000000001,0.10814299999999999,1.926675,0.06297519970002781,-0.048340166412587204,0.9968436918057353,3.019730411015532,-2.470193413886694,3.1481835631170596,3.1635710559072336,3.8317709060773097
05/10/2023 16:34:51.322522,388,True,True,True,True,Eyes,1.374831,-0.3542259,-2.93202,0.007189155,0.08269245,0.9965492,0.0,0.0,0.0,0.0,0.0,0.0,0.0,-1.19857,-0.04006046,3.035816,1.37148,-0.3549792,-2.940643,-0.06619359,-0.02882366,0.0006204613,0.9973904,352.4145,356.67,0.2921054,0.4218495,-0.1087368,-0.9001215,0,0,0,1.477146,-0.2496139,-1.013377,0.2166763,-0.1498342,1.915,0.9983377,0.005053566,0.05741473,0.002578198,0.991236,-0.1320774,-0.05757901,0.1320059,0.9895752,moving,3.720633332523495,-2.8510656693795657,6.455385099478315,-4.473844837490355,0.10566600000000004,0.1053653,1.9272660000000001,0.06481168896416972,-0.049635373487474356,0.9966623339575079,3.1177346859775428,-2.5431603606062954,3.1638307645900223,3.1799810463769838,3.8558336105209405
05/10/2023 16:34:51.342467,389,True,True,True,True,Eyes,1.374856,-0.3542283,-2.93201,0.009119463,0.08134704,0.9966441,0.0,0.0,0.0,0.0,0.0,0.0,0.0,-1.198651,-0.04001158,3.035771,1.371411,-0.3550192,-2.940657,-0.06607638,-0.02881328,0.0003492797,0.9973984,352.427,356.6733,0.2603604,0.4218675,-0.1087367,-0.900113,0,0,0,1.480788,-0.2527112,-1.012813,0.2203739,-0.152391,1.915,0.9983394,0.004504497,0.05743048,0.003111013,0.9912676,-0.1318291,-0.0575228,0.1317888,0.9896075,moving,3.8298928842434288,-2.91387867748791,6.564593221937091,-4.549869530638471,0.10937700000000006,0.10230799999999995,1.927844,0.06670849665352344,-0.05072162190499825,0.9964824439660406,3.219709058274745,-2.60460203839257,3.169821224122266,3.186699234093819,3.869407665871847
05/10/2023 16:34:51.352166,390,True,True,True,True,Eyes,1.37488,-0.3542321,-2.931999,0.01095556,0.08004572,0.996731,0.0,0.0,0.0,0.0,0.0,0.0,0.0,-1.197528,-0.03875178,3.036189,1.371405,-0.3549737,-2.940622,-0.06591381,-0.02899057,0.000487036,0.997404,352.4462,356.6519,0.2770412,0.4218844,-0.1087367,-0.9001051,0,0,0,1.483949,-0.2558696,-1.012136,0.2242315,-0.1550587,1.915,0.9983186,0.004793302,0.05776642,0.002850215,0.9913102,-0.1315137,-0.05789483,0.1314572,0.9896299,moving,3.956016616064498,-2.9707128047539295,6.67847587131059,-4.629174644200026,0.11254399999999998,0.09910410000000003,1.928486,0.06889839705247637,-0.051702338842849804,0.9962830456190708,3.3382547132895732,-2.660401670223846,3.170145349304562,3.18783313072909,3.8772599097236533
05/10/2023 16:34:51.372315,391,True,True,True,True,Eyes,1.374889,-0.3542394,-2.93199,0.01280017,0.07863928,0.9968209,0.0,0.0,0.0,0.0,0.0,0.0,0.0,-1.19618,-0.03762457,3.036737,1.37141,-0.3550107,-2.940618,-0.06578597,-0.02920648,0.00062673,0.9974061,352.4614,356.626,0.2943506,0.4219004,-0.1087369,-0.9000976,0,0,0,1.486957,-0.2589632,-1.011488,0.2280736,-0.1577158,1.915,0.9982932,0.005092961,0.05817898,0.002592545,0.9913436,-0.1312672,-0.0583439,0.131194,0.9896384,moving,4.087077993413555,-3.0376748378328835,6.791848271084947,-4.7081469760889485,0.11554700000000007,0.09604750000000001,1.9291300000000002,0.07117284718612227,-0.05285820134290727,0.9960624095717951,3.4610220594772922,-2.726012153493524,3.1605727310546805,3.1790343533319003,3.8759852562771697
05/10/2023 16:34:51.392578,392,True,True,True,True,Eyes,1.374897,-0.3542463,-2.931981,0.01457131,0.07727587,0.9969032,0.0,0.0,0.0,0.0,0.0,0.0,0.0,-1.195915,-0.03579527,3.036883,1.371443,-0.3550346,-2.940621,-0.06550254,-0.02925329,0.0006695215,0.9974234,352.4941,356.6205,0.2986606,0.4219151,-0.1087372,-0.9000906,0,0,0,1.490671,-0.2626987,-1.010852,0.2319451,-0.1603926,1.915,0.9982876,0.005167922,0.05826811,0.002496736,0.9914179,-0.1307067,-0.05844354,0.1306283,0.9897073,moving,4.194285462867356,-3.0838013340015764,6.906034177003027,-4.7876866907813085,0.11922800000000011,0.09233589999999997,1.929769,0.07303337706082018,-0.05365283734756519,0.9958852203990479,3.5619038710889246,-2.771335720975474,3.183230631369095,3.2026249230381105,3.9049812722175865
05/10/2023 16:34:51.404184,393,True,True,True,True,Eyes,1.374885,-0.3542546,-2.931974,0.01635717,0.0757834,0.9969901,0.0,0.0,0.0,0.0,0.0,0.0,0.0,-1.195908,-0.03467536,3.036889,1.371439,-0.3550288,-2.940613,-0.06533781,-0.0292512,0.0007215946,0.9974341,352.5132,356.6205,0.3040787,0.4219286,-0.1087377,-0.9000842,0,0,0,1.49472,-0.266069,-1.010213,0.2359995,-0.1631963,1.915,0.9982877,0.005261904,0.058258,0.002382932,0.9914609,-0.1303825,-0.05844658,0.1302981,0.9897507,moving,4.296810619837508,-3.1510731674275982,7.025555451141087,-4.8709773396183325,0.12328099999999997,0.08895979999999998,1.9304,0.0748105716273142,-0.05481484442152422,0.9956900378269423,3.65715092291971,-2.8370292330961755,3.2052303256454837,3.2255416158972574,3.934856282733506
05/10/2023 16:34:51.426438,394,True,True,True,True,Eyes,1.374874,-0.3542615,-2.931969,0.01806898,0.074356,0.997068,0.0,0.0,0.0,0.0,0.0,0.0,0.0,-1.195488,-0.03434235,3.037083,1.371403,-0.3550057,-2.940659,-0.06533267,-0.02930681,0.0008544943,0.9974327,352.5143,356.6131,0.3198012,0.4219406,-0.1087385,-0.9000785,0,0,0,1.498323,-0.2686397,-1.009675,0.2398563,-0.1658634,1.915,0.9982808,0.005533986,0.05835149,0.002124783,0.9914618,-0.13038,-0.05857479,0.1302798,0.9897455,moving,4.401853115838366,-3.2334284570644054,7.139194607407572,-4.9501908139295505,0.12692000000000014,0.086366,1.930984,0.07662980390270512,-0.056238169920120144,0.9954722702296178,3.7540240086873267,-2.9172974178332405,3.2100505820157443,3.2311470767229853,3.9486751629289505
05/10/2023 16:34:51.442121,395,True,True,True,True,Eyes,1.374864,-0.3542677,-2.931966,0.01979731,0.07284511,0.9971468,0.0,0.0,0.0,0.0,0.0,0.0,0.0,-1.19527,-0.03452188,3.037226,1.371433,-0.3549808,-2.940708,-0.0653975,-0.02934212,0.0009511423,0.9974274,352.5071,356.6082,0.3314343,0.4219511,-0.1087394,-0.9000735,0,0,0,1.501999,-0.2709027,-1.009165,0.2436429,-0.1684818,1.915,0.9982763,0.005735193,0.05840887,0.001940412,0.9914445,-0.1305143,-0.05865768,0.1304027,0.9897245,moving,4.505504365429275,-3.328490551544858,7.250710451071239,-5.027939438953258,0.13056600000000018,0.08407809999999999,1.9315429999999998,0.07842317088493034,-0.05788163479969933,0.9952384673562694,3.848882035229307,-3.0098172167824058,3.2068693568890785,3.2286658194305775,3.9554081805105077
05/10/2023 16:34:51.456163,396,True,True,True,True,Eyes,1.374855,-0.3542746,-2.931965,0.02145483,0.07140099,0.9972169,0.0,0.0,0.0,0.0,0.0,0.0,0.0,-1.19536,-0.03499883,3.037207,1.371441,-0.3549405,-2.940732,-0.06548835,-0.02932595,0.0009939786,0.9974219,352.4969,356.6097,0.3365656,0.4219604,-0.1087405,-0.900069,0,0,0,1.506178,-0.2732942,-1.008598,0.2477595,-0.1713285,1.915,0.998278,0.005823848,0.0583705,0.001858185,0.9914206,-0.1306973,-0.05863088,0.1305807,0.9897025,moving,4.599133065778429,-3.422410749603059,7.371882182406069,-5.112445950276344,0.1347370000000001,0.0816463,1.932134,0.08004175394026142,-0.0595052840666821,0.9950137665094029,3.9341406827895975,-3.1011592394674983,3.224561532893652,3.247207514661505,3.9828809737753366
05/10/2023 16:34:51.477301,397,True,True,True,True,Eyes,1.374865,-0.3542794,-2.931962,0.02316163,0.06987392,0.9972869,0.0,0.0,0.0,0.0,0.0,0.0,0.0,-1.195186,-0.03526002,3.037328,1.371436,-0.3549699,-2.940788,-0.06556658,-0.02934916,0.001068809,0.997416,352.4881,356.6064,0.3456397,0.4219685,-0.1087417,-0.9000651,0,0,0,1.509886,-0.2755807,-1.008095,0.2515682,-0.1739624,1.915,0.998275,0.005980743,0.05840649,0.001716553,0.9913998,-0.130857,-0.0586868,0.1307316,0.9896793,moving,4.700150779972704,-3.519884566578214,7.4839319065952115,-5.190615476914847,0.13844999999999996,0.0793892,1.932693,0.08178758808073036,-0.06118925292308864,0.994769647946038,4.026332496970813,-3.195986437186838,3.223298338889603,3.2466566088353033,3.9916836903193205
05/10/2023 16:34:51.492083,398,True,True,True,True,Eyes,1.374875,-0.3542816,-2.931959,0.02479189,0.06841403,0.9973489,0.0,0.0,0.0,0.0,0.0,0.0,0.0,-1.194604,-0.0353083,3.037515,1.371458,-0.354926,-2.94074,-0.06558336,-0.02944698,0.001110539,0.9974119,352.4864,356.5948,0.35125,0.421976,-0.1087429,-0.9000614,0,0,0,1.513257,-0.2779904,-1.007467,0.2553019,-0.1765442,1.915,0.9982633,0.006077794,0.05859588,0.001647133,0.9913952,-0.1308926,-0.05888721,0.1307618,0.9896634,moving,4.8052920882775725,-3.6062667366017935,7.593719325420561,-5.267219968435034,0.141799,0.07693559999999999,1.933273,0.0836051651847555,-0.06267946247835467,0.9945257196169828,4.123087178975258,-3.2801413329476303,3.2215123678008872,3.245626610560458,3.9992210490981885
05/10/2023 16:34:51.503692,399,True,True,True,True,Eyes,1.374875,-0.3542896,-2.931957,0.02651183,0.06687424,0.9974092,0.0,0.0,0.0,0.0,0.0,0.0,0.0,-1.194049,-0.03625226,3.037744,1.371467,-0.3548683,-2.940765,-0.06567644,-0.02954599,0.0009910034,0.997403,352.4753,356.5842,0.3385451,0.4219831,-0.108744,-0.9000579,0,0,0,1.51668,-0.2802159,-1.006904,0.2591238,-0.179187,1.915,0.9982522,0.005857811,0.05880835,0.001904092,0.9913713,-0.1310703,-0.05906869,0.1309532,0.9896272,moving,4.915760540317797,-3.7050201609953617,7.70604214602717,-5.345614832516498,0.14521300000000004,0.07465240000000001,1.9338609999999998,0.08551320790898306,-0.06438304895526842,0.9942547297501304,4.224319941217025,-3.3762748720231746,3.2120343760389716,3.2368537679950298,4.000086173004759
05/10/2023 16:34:51.522029,400,True,True,True,True,Eyes,1.374875,-0.3542976,-2.931956,0.02815562,0.0653941,0.9974622,0.0,0.0,0.0,0.0,0.0,0.0,0.0,-1.193835,-0.03672612,3.037826,1.371442,-0.3549703,-2.940769,-0.06575596,-0.02957888,0.0009556412,0.9973968,352.4661,356.5806,0.3349963,0.4219895,-0.1087453,-0.9000548,0,0,0,1.520433,-0.2826896,-1.006323,0.2630453,-0.1818987,1.915,0.9982483,0.005796283,0.05887809,0.001983668,0.9913505,-0.1312261,-0.05912945,0.131113,0.9896025,moving,5.014314803924402,-3.7992723878250185,7.82123022185059,-5.426032653670689,0.14899099999999987,0.07228070000000003,1.9344459999999999,0.08721400273722205,-0.06600874617675614,0.9940002670200642,4.31430834329087,-3.4679745756038907,3.218624236826667,3.2442446156117795,4.0165274179822905
05/10/2023 16:34:51.542002,401,True,True,True,True,Eyes,1.374902,-0.3543061,-2.931955,0.02981608,0.06384978,0.9975139,0.0,0.0,0.0,0.0,0.0,0.0,0.0,-1.193329,-0.03677875,3.03805,1.371463,-0.3549802,-2.940784,-0.06574179,-0.0296683,0.0009048838,0.9973952,352.4676,356.5707,0.3297742,0.4219953,-0.1087467,-0.9000519,0,0,0,1.523913,-0.2853722,-1.005736,0.2668687,-0.1845425,1.915,0.998238,0.005705948,0.05906306,0.002095841,0.9913544,-0.1311948,-0.05930101,0.1310874,0.9895956,moving,5.120328762340627,-3.886349083600398,7.933475549572022,-5.504416205553656,0.15244999999999997,0.069608,1.9350479999999999,0.08904408042573551,-0.06750834548766202,0.9937371628134265,4.411867258090693,-3.5528062960546727,3.2188647426489685,3.2452944485295045,4.0262272908375
05/10/2023 16:34:51.552170,402,True,True,True,True,Eyes,1.374927,-0.3543146,-2.931954,0.03140143,0.06235503,0.9975599,0.0,0.0,0.0,0.0,0.0,0.0,0.0,-1.192956,-0.03718156,3.0382,1.371454,-0.3550157,-2.940793,-0.06575878,-0.02973491,0.0007786771,0.9973922,352.4652,356.5639,0.3157898,0.4220011,-0.1087481,-0.900049,0,0,0,1.527648,-0.288134,-1.005119,0.2708986,-0.1873294,1.915,0.9982305,0.005463955,0.05921232,0.00235737,0.9913504,-0.1312209,-0.05941713,0.1311283,0.9895833,moving,5.219486875157009,-3.9736069327278765,8.051716871922777,-5.587020020146207,0.15619399999999994,0.06688169999999999,1.9356740000000001,0.09075439864248742,-0.06901097357068887,0.9934792792576108,4.502808742088093,-3.637760953160242,3.2321930976400233,3.259544223543005,4.048994915313393
05/10/2023 16:34:51.577164,403,True,True,True,True,Eyes,1.375005,-0.3543155,-2.931952,0.03305231,0.06079653,0.9976028,0.0,0.0,0.0,0.0,0.0,0.0,0.0,-1.192251,-0.03600281,3.038529,1.371462,-0.355023,-2.940827,-0.06560056,-0.02984706,0.0008738411,0.9973992,352.4837,356.5504,0.3270546,0.4220071,-0.1087497,-0.9000461,0,0,0,1.530868,-0.2911889,-1.004553,0.2745442,-0.1898506,1.915,0.9982168,0.005659103,0.05942421,0.00217283,0.9913917,-0.130912,-0.0596535,0.1308077,0.9896114,moving,5.327505682548317,-4.045951238054058,8.158623030217102,-5.661728418856804,0.15940599999999994,0.0638341,1.936274,0.09261917880081835,-0.070253219049271,0.9932201129435984,4.603081585237443,-3.7083910004037093,3.231530448184488,3.2597486612120887,4.056772366955908
05/10/2023 16:34:51.594362,404,True,True,True,True,Eyes,1.375082,-0.3543159,-2.931951,0.03463668,0.05930067,0.9976391,0.0,0.0,0.0,0.0,0.0,0.0,0.0,-1.191438,-0.03622356,3.038851,1.3715,-0.3549125,-2.940828,-0.06564577,-0.02998342,0.0009460645,0.9973921,352.4789,356.5341,0.3365746,0.4220144,-0.108751,-0.9000425,0,0,0,1.534261,-0.2935109,-1.003935,0.2784314,-0.1925386,1.915,0.9982002,0.005823764,0.05968622,0.002049375,0.9913794,-0.1310059,-0.05993465,0.1308924,0.9895833,moving,5.4346110534221115,-4.137989808041082,8.272551048989552,-5.7413581741444695,0.16276100000000016,0.0614016,1.9368930000000002,0.09446500685244236,-0.07183609959546172,0.9929330189836375,4.701429181903256,-3.7980192173251486,3.230509696535298,3.259554192809558,4.065646036077602
05/10/2023 16:34:51.601960,405,True,True,True,True,Eyes,1.375196,-0.354316,-2.931948,0.03634342,0.05772606,0.9976708,0.0,0.0,0.0,0.0,0.0,0.0,0.0,-1.191626,-0.03724176,3.038774,1.371543,-0.3548974,-2.94082,-0.0656853,-0.02997574,0.0006460207,0.99739,352.4733,356.5372,0.3020661,0.4220229,-0.1087521,-0.9000384,0,0,0,1.538199,-0.296141,-1.003336,0.2823502,-0.1952482,1.915,0.9982021,0.005226599,0.05971012,0.002649262,0.99137,-0.1310664,-0.05987986,0.130989,0.9895738,moving,5.532545347244257,-4.231057503282969,8.387338572788657,-5.8216052939828655,0.16665600000000014,0.058756399999999986,1.937484,0.0961508300367642,-0.07343695885452724,0.992654118165285,4.790882886900062,-3.8885711496973747,3.238077023342361,3.2679789832730752,4.083027614838522
05/10/2023 16:34:51.622594,406,True,True,True,True,Eyes,1.375305,-0.3543168,-2.931947,0.03798192,0.05620857,0.9976963,0.0,0.0,0.0,0.0,0.0,0.0,0.0,-1.19234,-0.0372546,3.038514,1.371541,-0.3549319,-2.940838,-0.0656157,-0.02986758,0.0004577126,0.9973979,352.4806,356.5512,0.2792908,0.4220335,-0.1087529,-0.9000333,0,0,0,1.542443,-0.2991656,-1.002798,0.286218,-0.1979231,1.915,0.9982154,0.004832607,0.05951964,0.00300652,0.9913887,-0.1309173,-0.05963977,0.1308626,0.9896051,moving,5.6149300367036705,-4.309001159051117,8.500565777756895,-5.900802271331919,0.1709020000000001,0.055766300000000046,1.9380399999999998,0.09756829798627249,-0.07477689758640496,0.9924156283722234,4.866151917304303,-3.964410632706127,3.2646453521818595,3.295561319578532,4.118079247317831
05/10/2023 16:34:51.642225,407,True,True,True,True,Eyes,1.375442,-0.3543158,-2.931944,0.0397452,0.05463887,0.9977148,0.0,0.0,0.0,0.0,0.0,0.0,0.0,-1.192261,-0.03643507,3.038572,1.371528,-0.3549501,-2.940859,-0.0655337,-0.02987198,0.0005794526,0.9974031,352.4904,356.5498,0.2930697,0.4220457,-0.1087536,-0.9000275,0,0,0,1.546239,-0.3020469,-1.002238,0.2900407,-0.2005664,1.915,0.9982147,0.005071138,0.05951286,0.002759347,0.99141,-0.1307616,-0.05966475,0.1306924,0.989626,moving,5.717155418414138,-4.390989530806213,8.612407032082691,-5.9790414317292475,0.17471099999999984,0.052903199999999984,1.9386210000000001,0.09932817054505666,-0.07618360388581832,0.9921340041607775,4.960329270630393,-4.044303422742234,3.270336491245449,3.302179696272695,4.132902507816203
05/10/2023 16:34:51.652385,408,True,True,True,True,Eyes,1.375574,-0.354317,-2.93194,0.04144005,0.05312945,0.9977274,0.0,0.0,0.0,0.0,0.0,0.0,0.0,-1.192147,-0.03694087,3.038573,1.371536,-0.3549411,-2.940818,-0.06564941,-0.02988827,0.0006562505,0.9973949,352.4774,356.5472,0.3024548,0.4220603,-0.1087539,-0.9000206,0,0,0,1.550163,-0.3042626,-1.001607,0.2940222,-0.20332,1.915,0.9982125,0.005233375,0.05953464,0.002615212,0.9913794,-0.130996,-0.05970697,0.1309175,0.9895937,moving,5.817001288373917,-4.491965323432593,8.728824041355441,-6.0605215701596125,0.17862699999999987,0.050678500000000015,1.9392110000000002,0.10104336578564954,-0.07791845852085545,0.9918260598333287,5.05120584156614,-4.142501180407316,3.2747453445629486,3.3074280708622004,4.147731649821027
05/10/2023 16:34:51.672058,409,True,True,True,True,Eyes,1.375757,-0.3543132,-2.931934,0.04341955,0.05151707,0.9977278,0.0,0.0,0.0,0.0,0.0,0.0,0.0,-1.192314,-0.03662512,3.038501,1.371553,-0.3549927,-2.940793,-0.06561933,-0.02986208,0.0006859372,0.9973977,352.4809,356.5501,0.3055725,0.4220768,-0.1087541,-0.9000129,0,0,0,1.553916,-0.3068961,-1.001043,0.2976661,-0.2058396,1.915,0.9982156,0.005287363,0.0594787,0.002550755,0.9913872,-0.1309381,-0.05965875,0.1308562,0.9896047,moving,5.928341911743816,-4.581722207261113,8.835306203759961,-6.135056010905827,0.18236300000000005,0.04809659999999999,1.9397500000000003,0.10295801435824041,-0.07945643024612521,0.9915071112646535,5.153756523043144,-4.229959604399747,3.2625185977288518,3.295950136243308,4.145262400580749
05/10/2023 16:34:51.692662,410,True,True,True,True,Eyes,1.375934,-0.3543084,-2.931927,0.0453199,0.04996005,0.9977224,0.0,0.0,0.0,0.0,0.0,0.0,0.0,-1.192455,-0.03584105,3.038421,1.371546,-0.3549471,-2.940766,-0.06549866,-0.02983616,0.0007232006,0.9974063,352.4949,356.5529,0.3092465,0.4220963,-0.1087539,-0.9000037,0,0,0,1.557833,-0.3099059,-1.000442,0.3014958,-0.2084877,1.915,0.9982186,0.005351106,0.05942281,0.002465807,0.9914188,-0.1307007,-0.05961228,0.1306144,0.9896395,moving,6.035082670111227,-4.657950873899095,8.947151539511683,-6.213369256096631,0.1862870000000001,0.0450412,1.940324,0.10479396888410411,-0.0807599243217171,0.9912093351572315,5.252591473342713,-4.3043284123671075,3.266997224478121,3.3014347553464165,4.158630907589419
05/10/2023 16:34:51.701968,411,True,True,True,True,Eyes,1.376165,-0.3543005,-2.931924,0.04741015,0.04835735,0.9977043,0.0,0.0,0.0,0.0,0.0,0.0,0.0,-1.192503,-0.03529665,3.038391,1.371567,-0.3549171,-2.940742,-0.06539237,-0.02983341,0.0006962869,0.9974135,352.507,356.5535,0.3057486,0.4221184,-0.1087534,-0.8999934,0,0,0,1.561863,-0.3130337,-0.9998075,0.3055122,-0.2112653,1.915,0.998219,0.005290726,0.05942142,0.002512783,0.9914467,-0.130488,-0.05960354,0.1304049,0.9896676,moving,6.155590616582679,-4.73794587983429,9.064375572966455,-6.295487210710689,0.19029600000000002,0.04188339999999996,1.9409345000000002,0.10686654876165139,-0.08212553420119226,0.9908758566281035,5.364495734063908,-4.382435934704259,3.264054724420394,3.2995401073290185,4.165198195398073
05/10/2023 16:34:51.722132,412,True,True,True,True,Eyes,1.376388,-0.3542924,-2.931921,0.04942275,0.04682248,0.9976798,0.0,0.0,0.0,0.0,0.0,0.0,0.0,-1.19241,-0.0352788,3.038543,1.37159,-0.3549215,-2.94085,-0.06537156,-0.02985346,0.0006594841,0.9974142,352.5093,356.5515,0.301584,0.4221442,-0.1087523,-0.8999814,0,0,0,1.565743,-0.315827,-0.9993128,0.3094671,-0.214,1.915,0.9982167,0.005218691,0.05946629,0.002587576,0.9914523,-0.1304444,-0.05963874,0.1303656,0.9896707,moving,6.27437693516323,-4.823801169461741,9.179729923816954,-6.376311494385649,0.19415300000000002,0.039094499999999976,1.9415372000000002,0.10890728687212106,-0.08359159988454512,0.9905309603812741,5.474429740341803,-4.466185638005254,3.257691035532468,3.2941409043443275,4.168672478964247
05/10/2023 16:34:51.742269,413,True,True,True,True,Eyes,1.376642,-0.35428,-2.931917,0.05159778,0.04525896,0.9976419,0.0,0.0,0.0,0.0,0.0,0.0,0.0,-1.192932,-0.03576681,3.038337,1.371612,-0.354908,-2.940847,-0.06543101,-0.02977379,0.0006082903,0.9974127,352.5023,356.561,0.2952897,0.4221731,-0.1087508,-0.8999681,0,0,0,1.569731,-0.318115,-0.9987933,0.3131464,-0.2165443,1.915,0.9982263,0.005109691,0.05931392,0.002682825,0.9914368,-0.1305596,-0.05947312,0.1304872,0.9896646,moving,6.391223755501192,-4.920368895920025,9.286978388839225,-6.451485621387423,0.19811899999999993,0.03679300000000002,1.9420537000000002,0.11091155331446009,-0.08524194184315698,0.9901679169156115,5.581926078610503,-4.560258230065093,3.2384849061705614,3.2756241120593637,4.1598261582930425
05/10/2023 16:34:51.752373,414,True,True,True,True,Eyes,1.376885,-0.354268,-2.931911,0.05368966,0.04376763,0.9975981,0.0,0.0,0.0,0.0,0.0,0.0,0.0,-1.193047,-0.03656992,3.03825,1.371597,-0.3548474,-2.940828,-0.06552363,-0.02975648,0.0005335781,0.9974072,352.4914,356.5635,0.2868713,0.4222055,-0.1087487,-0.8999531,0,0,0,1.573523,-0.3202989,-0.9982214,0.3169151,-0.2191504,1.915,0.9982285,0.004963895,0.05928873,0.002835116,0.9914128,-0.1307392,-0.05942858,0.1306757,0.9896424,moving,6.510590628215188,-5.016396356121049,9.396764756361367,-6.5284625764768105,0.20192600000000005,0.03454849999999998,1.9426066000000002,0.1129581218126349,-0.08688118425944173,0.9897940577153318,5.6918799638573265,-4.653828530948055,3.220399981920139,3.258273369857311,4.152158972195455
05/10/2023 16:34:51.772209,415,True,True,True,True,Eyes,1.377126,-0.3542577,-2.931905,0.05590196,0.04225336,0.9975418,0.0,0.0,0.0,0.0,0.0,0.0,0.0,-1.19339,-0.03752971,3.038068,1.371585,-0.3548466,-2.940796,-0.06565917,-0.02970173,0.0004721903,0.9973999,352.4756,356.5702,0.2798546,0.4222409,-0.1087462,-0.8999369,0,0,0,1.577682,-0.3225188,-0.9976225,0.3209006,-0.2219065,1.915,0.9982352,0.004842306,0.05918699,0.002958456,0.9913773,-0.1310049,-0.059311,0.1309488,0.9896134,moving,6.632692383314537,-5.118789948602305,9.512791028123655,-6.609844364260466,0.20609699999999997,0.03232780000000002,1.9431735000000003,0.11504940445886533,-0.08862849357385112,0.9893981215723333,5.804132043440399,-4.753562881568369,3.2045340376228513,3.2431792232753676,4.147280121677026
05/10/2023 16:34:51.792333,416,True,True,True,True,Eyes,1.377357,-0.35425,-2.9319,0.05802375,0.04080219,0.997481,0.0,0.0,0.0,0.0,0.0,0.0,0.0,-1.193433,-0.03858435,3.037997,1.371581,-0.354874,-2.940752,-0.06583172,-0.02969508,0.0004524344,0.9973888,352.4557,356.571,0.2781309,0.422279,-0.1087433,-0.8999193,0,0,0,1.581502,-0.324486,-0.9970196,0.3247187,-0.2245467,1.915,0.998236,0.004812262,0.0591755,0.003007251,0.9913319,-0.1313465,-0.05929464,0.1312928,0.9895688,moving,6.755095907610942,-5.222248783673621,9.623870143016745,-6.687778760008701,0.20992100000000002,0.030388000000000026,1.9437323999999998,0.11714418092999146,-0.09039261080437694,0.988992586635546,5.916618459871451,-4.854327481023462,3.1821461109115208,3.221435041292134,4.1358504125023945
05/10/2023 16:34:51.802284,417,True,True,True,True,Eyes,1.377589,-0.3542392,-2.931893,0.0602334,0.03935903,0.997408,0.0,0.0,0.0,0.0,0.0,0.0,0.0,-1.193243,-0.03860798,3.038104,1.371559,-0.3549297,-2.94079,-0.06586222,-0.02972003,0.000496821,0.997386,352.4524,356.5677,0.283545,0.4223191,-0.1087401,-0.8999009,0,0,0,1.585199,-0.3269996,-0.9964763,0.3285402,-0.2271891,1.915,0.998233,0.004905899,0.05921924,0.00292381,0.9913238,-0.1314096,-0.05935013,0.1313506,0.9895578,moving,6.885920337471006,-5.309586335549923,9.734975092088636,-6.765753212819423,0.21364000000000005,0.027930100000000013,1.9443137,0.11938578833623947,-0.0918753485398669,0.9885878150453367,6.038076431967228,-4.939598667145626,3.1595026218755775,3.199614815765505,4.123336043532291
05/10/2023 16:34:51.822175,418,True,True,True,True,Eyes,1.377811,-0.3542296,-2.931887,0.06235417,0.03797181,0.9973315,0.0,0.0,0.0,0.0,0.0,0.0,0.0,-1.193434,-0.03822535,3.037924,1.371461,-0.3548539,-2.940731,-0.06579438,-0.02967245,0.0005099258,0.9973919,352.4602,356.5732,0.2844562,0.4223612,-0.1087366,-0.8998815,0,0,0,1.589147,-0.329817,-0.9958537,0.3324123,-0.2298667,1.915,0.9982386,0.004921752,0.05912302,0.002887369,0.9913417,-0.1312758,-0.05925722,0.1312153,0.9895813,moving,7.0032731558423995,-5.382032891270871,9.84747581442433,-6.844740703869904,0.21768600000000005,0.025036899999999973,1.9448773,0.12139646490525328,-0.09310240948568967,0.9882281423941445,6.147340182433639,-5.010398016015022,3.1570567887966106,3.198281242811953,4.129868858888116
05/10/2023 16:34:51.842352,419,True,True,True,True,Eyes,1.378045,-0.3542197,-2.93188,0.06455791,0.03658601,0.997243,0.0,0.0,0.0,0.0,0.0,0.0,0.0,-1.193244,-0.03740454,3.038009,1.371433,-0.3548777,-2.940742,-0.06574718,-0.02968818,0.0007119369,0.9973944,352.4663,356.5699,0.3076998,0.4224047,-0.1087328,-0.8998616,0,0,0,1.592903,-0.3325088,-0.9952893,0.336229,-0.2325061,1.915,0.9982362,0.005323992,0.05912803,0.002483664,0.9913536,-0.131194,-0.05931525,0.1311094,0.9895918,moving,7.132152264334692,-5.458904810216814,9.958291939788586,-6.922575744333161,0.22147000000000006,0.022368900000000025,1.9454527000000001,0.12360383394896107,-0.09440227259548757,0.9878310402504129,6.26747845115114,-5.085555084612845,3.1404622106107998,3.1826715301066892,4.1227113787102985
05/10/2023 16:34:51.852301,420,True,True,True,True,Eyes,1.378271,-0.3542081,-2.931874,0.06666599,0.03525732,0.9971522,0.0,0.0,0.0,0.0,0.0,0.0,0.0,-1.192709,-0.03686082,3.038213,1.371459,-0.3548807,-2.940716,-0.06571724,-0.02977322,0.0008572591,0.9973937,352.4702,356.559,0.3249942,0.4224499,-0.1087289,-0.8998408,0,0,0,1.59665,-0.3352875,-0.994624,0.3402634,-0.2352962,1.915,0.9982256,0.005623276,0.05927857,0.002203178,0.991361,-0.1311429,-0.05950392,0.1310408,0.9895896,moving,7.263670951429936,-5.534015634237439,10.075347099981537,-7.004826965330328,0.22519099999999992,0.019593199999999977,1.9460920000000002,0.12585571190838432,-0.09566987361672029,0.9874247099720044,6.390254238543742,-5.159032659610371,3.129770393357398,3.1731386253999685,4.121512588413144
05/10/2023 16:34:51.877424,421,True,True,True,True,Eyes,1.378487,-0.3541989,-2.931871,0.06886859,0.0339422,0.9970482,0.0,0.0,0.0,0.0,0.0,0.0,0.0,-1.192164,-0.03705388,3.038462,1.371476,-0.3548326,-2.940753,-0.0657409,-0.02986501,0.0008642342,0.9973895,352.4676,356.5483,0.3265788,0.4224963,-0.1087246,-0.8998196,0,0,0,1.600122,-0.3377396,-0.994047,0.3440863,-0.2379398,1.915,0.9982147,0.005650661,0.05946047,0.002202749,0.9913548,-0.1311901,-0.05968773,0.1310869,0.9895724,moving,7.4019819032806815,-5.613063249260774,10.186187396303794,-7.082732658960413,0.22864600000000013,0.017093000000000025,1.9467059999999998,0.12822236038318624,-0.09700243269517084,0.9869901838932602,6.519367703475898,-5.236360657432702,3.1039831863133056,3.1482897581364644,4.105442269443806
05/10/2023 16:34:51.893321,422,True,True,True,True,Eyes,1.378696,-0.3541906,-2.931866,0.0709878,0.03267945,0.9969417,0.0,0.0,0.0,0.0,0.0,0.0,0.0,-1.191988,-0.03741458,3.038589,1.371541,-0.3548583,-2.940784,-0.06581014,-0.02990338,0.0008803916,0.9973836,352.4597,356.5437,0.3289779,0.4225436,-0.1087203,-0.8997979,0,0,0,1.603945,-0.3401483,-0.9934744,0.3480035,-0.2406482,1.915,0.99821,0.005692068,0.0595344,0.002179715,0.9913365,-0.1313286,-0.05976615,0.1312233,0.9895496,moving,7.529386884012507,-5.694432769379192,10.299681925084274,-7.162520686828956,0.23240400000000005,0.01471,1.9473095999999999,0.13039907699030684,-0.09837585419061273,0.9865689227987954,6.6378465594920835,-5.3158467831313025,3.0899320501822993,3.135253857018408,4.101127009896135
05/10/2023 16:34:51.902182,423,True,True,True,True,Eyes,1.378864,-0.3541815,-2.931865,0.07313599,0.0313302,0.9968298,0.0,0.0,0.0,0.0,0.0,0.0,0.0,-1.192392,-0.03736979,3.038424,1.371568,-0.3548752,-2.940762,-0.0658107,-0.02984116,0.0008873176,0.9973854,352.4597,356.5508,0.3293053,0.4225915,-0.1087158,-0.8997759,0,0,0,1.608081,-0.3427984,-0.9928988,0.3518824,-0.2433307,1.915,0.9982175,0.00569773,0.05940947,0.00215774,0.9913363,-0.1313302,-0.05964305,0.1312243,0.9895568,moving,7.646930486914174,-5.772735553320785,10.411986319012549,-7.24151819907053,0.2365130000000002,0.012076799999999999,1.9478632,0.13240527808625077,-0.09969730727993487,0.9861690493467095,6.746983497263634,-5.392298870416257,3.0845455449314843,3.1309513274844845,4.105101437101898
05/10/2023 16:34:51.927066,424,True,True,True,True,Eyes,1.379026,-0.354174,-2.931862,0.07519591,0.03003994,0.9967162,0.0,0.0,0.0,0.0,0.0,0.0,0.0,-1.192075,-0.03777033,3.038522,1.371463,-0.3547747,-2.940801,-0.06581488,-0.0298812,0.0007842032,0.9973841,352.4588,356.547,0.3177367,0.4226388,-0.1087113,-0.8997542,0,0,0,1.611627,-0.3453549,-0.9923374,0.3557266,-0.245989,1.915,0.9982131,0.005497559,0.05950283,0.002368952,0.9913356,-0.1313323,-0.05970928,0.1312386,0.989551,moving,7.771620489011842,-5.8468237764023705,10.523206301987369,-7.319775744481264,0.24016399999999982,0.009419799999999978,1.9484636,0.13453412025144218,-0.10094321131706681,0.9857540488354792,6.86323189560026,-5.464737957599473,3.0735128791412345,3.1210273927723984,4.103239920619798
05/10/2023 16:34:51.943888,425,True,True,True,True,Eyes,1.379155,-0.3541708,-2.93186,0.07728002,0.02873893,0.9965952,0.0,0.0,0.0,0.0,0.0,0.0,0.0,-1.191949,-0.03826642,3.038547,1.371465,-0.3548071,-2.940777,-0.06588718,-0.02990437,0.0007481049,0.9973788,352.4504,356.5445,0.3140066,0.4226856,-0.1087067,-0.8997328,0,0,0,1.615341,-0.3477277,-0.9917276,0.3595512,-0.2486337,1.915,0.9982103,0.005432916,0.05955337,0.002448341,0.9913166,-0.1314737,-0.05975054,0.1313842,0.9895293,moving,7.8956767361791185,-5.930184786306661,10.633779682434897,-7.397605680278214,0.24387599999999998,0.0070794000000000135,1.9490494000000003,0.13664844695513884,-0.10234741189593068,0.9853183898998021,6.978377509936286,-5.546120543203228,3.0580686078666046,3.106530512381754,4.097555643980584
05/10/2023 16:34:51.952317,426,True,True,True,True,Eyes,1.379278,-0.3541664,-2.931857,0.07927515,0.02749217,0.9964736,0.0,0.0,0.0,0.0,0.0,0.0,0.0,-1.191482,-0.0382438,3.038715,1.371451,-0.3548442,-2.940763,-0.06585487,-0.02998336,0.000671234,0.9973785,352.4539,356.536,0.3056313,0.4227309,-0.1087024,-0.899712,0,0,0,1.618883,-0.3505832,-0.9910856,0.363446,-0.2513269,1.915,0.9982011,0.00528805,0.05972111,0.002610153,0.9913253,-0.1314047,-0.05989793,0.1313242,0.9895283,moving,8.02108606260859,-5.997897327753524,10.746300326310967,-7.476834700655502,0.2474320000000001,0.004261000000000015,1.9496774000000001,0.13878841894101632,-0.10348069852621702,0.9849007686646257,7.0956574635677825,-5.612412503052262,3.050915742733362,3.1006529209269926,4.099178386239546
05/10/2023 16:34:51.971972,427,True,True,True,True,Eyes,1.379383,-0.3541653,-2.931857,0.08130416,0.02621224,0.9963446,0.0,0.0,0.0,0.0,0.0,0.0,0.0,-1.191124,-0.03869188,3.038827,1.371449,-0.354808,-2.940746,-0.06589533,-0.0300454,0.0006085875,0.997374,352.449,356.5293,0.2990245,0.4227749,-0.1086982,-0.8996919,0,0,0,1.622622,-0.3531565,-0.9904305,0.36746,-0.2541029,1.915,0.9981939,0.005173682,0.05985279,0.002745725,0.9913149,-0.1314812,-0.06001321,0.131408,0.9895101,moving,8.14664356657716,-6.076086641257675,10.862176944654609,-7.5584694565918005,0.2511730000000001,0.001651500000000028,1.9503154999999999,0.1409269211571274,-0.1047926854621781,0.9844582804136909,7.212524401505568,-5.688815730967315,3.042862772741135,3.0937970745752947,4.100679058333605
05/10/2023 16:34:51.993066,428,True,True,True,True,Eyes,1.379485,-0.3541658,-2.931857,0.08324925,0.02497883,0.9962156,0.0,0.0,0.0,0.0,0.0,0.0,0.0,-1.190801,-0.03921849,3.038986,1.371442,-0.3548506,-2.940784,-0.06597566,-0.03009855,0.0005806215,0.9973671,352.4397,356.5233,0.2964904,0.4228171,-0.1086942,-0.8996725,0,0,0,1.626089,-0.3554208,-0.9898823,0.371162,-0.2566632,1.915,0.9981875,0.005129728,0.05996198,0.002813357,0.9912937,-0.1316388,-0.06011521,0.1315689,0.9894826,moving,8.26627861341632,-6.156624585655264,10.968967068907755,-7.6337337055948655,0.25464699999999985,-0.0005701999999999652,1.9509016999999997,0.14296155610880143,-0.10614509144548742,0.9840198749487078,7.32355853675769,-5.767440586991201,3.028122415642909,3.07999614279879,4.095369747754149
05/10/2023 16:34:52.001962,429,True,True,True,True,Eyes,1.379567,-0.3541665,-2.931858,0.08524203,0.02370053,0.9960784,0.0,0.0,0.0,0.0,0.0,0.0,0.0,-1.190573,-0.03860861,3.039095,1.371453,-0.3548884,-2.940786,-0.06590811,-0.03013423,0.0006480936,0.9973705,352.4477,356.5187,0.304301,0.4228576,-0.1086905,-0.8996539,0,0,0,1.629915,-0.3583647,-0.9892727,0.3751125,-0.2593945,1.915,0.9981831,0.005264959,0.06002456,0.002679402,0.9913114,-0.1315086,-0.06019542,0.1314305,0.9894961,moving,8.386074642269438,-6.223995089863704,11.08284052181966,-7.713995570182871,0.25846199999999997,-0.0034762999999999877,1.9515133000000002,0.14500107445050933,-0.10726990388148436,0.9835994885505059,7.435446412883443,-5.8333600037081474,3.027743669358654,3.081014060412193,4.103690280685463
05/10/2023 16:34:52.027789,430,True,True,True,True,Eyes,1.379647,-0.3541658,-2.931858,0.0871609,0.02247742,0.9959407,0.0,0.0,0.0,0.0,0.0,0.0,0.0,-1.190583,-0.03797978,3.039118,1.371476,-0.3548512,-2.9408,-0.06582722,-0.03013264,0.0007186828,0.9973757,352.4573,356.5184,0.3121392,0.4228961,-0.1086871,-0.8996362,0,0,0,1.633806,-0.3612208,-0.9887083,0.3789693,-0.2620613,1.915,0.9981831,0.00540069,0.06001251,0.002533502,0.9913325,-0.1313522,-0.06020174,0.1312656,0.9895176,moving,8.497262841726917,-6.286693789896166,11.193927604024209,-7.792332665262957,0.2623300000000002,-0.006369600000000031,1.9520917,0.1468928226459244,-0.10831563259359472,0.9832041279439988,7.53928572421597,-5.894705967383564,3.0337763097915786,3.0885189433176037,4.117935690871453
05/10/2023 16:34:52.043591,431,True,True,True,True,Eyes,1.379699,-0.3541689,-2.931858,0.0892041,0.02113402,0.9957892,0.0,0.0,0.0,0.0,0.0,0.0,0.0,-1.191047,-0.03817052,3.038912,1.371503,-0.354817,-2.940769,-0.06587472,-0.03005858,0.0007625319,0.9973749,352.4519,356.5266,0.3167997,0.4229328,-0.1086839,-0.8996194,0,0,0,1.637999,-0.3636146,-0.9881325,0.3828488,-0.2647442,1.915,0.9981918,0.00548126,0.05985887,0.00243914,0.9913198,-0.1314494,-0.06005979,0.1313577,0.989514,moving,8.60775639904719,-6.370799733917429,11.305582577762634,-7.871113127344709,0.26649600000000007,-0.008797600000000017,1.9526365,0.14876545574180636,-0.10972772776290622,0.9827658999134702,7.6413197880014865,-5.976704791482989,3.031108026580411,3.086941264271099,4.124997543685392
05/10/2023 16:34:52.059914,432,True,True,True,True,Eyes,1.379751,-0.3541721,-2.931857,0.09116751,0.01983697,0.995638,0.0,0.0,0.0,0.0,0.0,0.0,0.0,-1.19121,-0.03822613,3.038827,1.371487,-0.3548526,-2.940751,-0.06589397,-0.0300289,0.0007693188,0.9973745,352.4497,356.53,0.3174247,0.4229672,-0.108681,-0.8996036,0,0,0,1.641953,-0.3662013,-0.9875472,0.3867153,-0.267418,1.915,0.9981954,0.005492044,0.05979873,0.002422849,0.9913148,-0.1314881,-0.06000151,0.1313957,0.9895125,moving,8.71890897213048,-6.448538203679841,11.41677690616174,-7.949596591254902,0.2704660000000001,-0.01134869999999999,1.9532038000000003,0.15064980502196307,-0.11102898556156704,0.9823325546445028,7.744326844879046,-6.05256395206632,3.0302951743461364,3.0873399023080594,4.133475811803192
05/10/2023 16:34:52.075989,433,True,True,True,True,Eyes,1.379788,-0.3541715,-2.931859,0.09319434,0.01848892,0.9954762,0.0,0.0,0.0,0.0,0.0,0.0,0.0,-1.191354,-0.03743979,3.038758,1.371507,-0.3548569,-2.940717,-0.06579246,-0.03000547,0.0008329977,0.9973819,352.4616,356.5323,0.3242275,0.4229994,-0.1086784,-0.8995888,0,0,0,1.645932,-0.369186,-0.98695,0.3905769,-0.2700884,1.915,0.998198,0.005609901,0.05974421,0.002286634,0.9913414,-0.1312904,-0.05996343,0.1311904,0.9895421,moving,8.834043152180222,-6.516174637019349,11.527743397006379,-8.027950299379121,0.2744249999999999,-0.014329100000000039,1.9537669999999998,0.1526040459592892,-0.11215450096437488,0.9819028786023237,7.8517074165410286,-6.118704716287187,3.0304759274251203,3.0889296952633654,4.142277058120558
05/10/2023 16:34:52.092215,434,True,True,True,True,Eyes,1.379823,-0.3541728,-2.931859,0.09514533,0.01719948,0.9953148,0.0,0.0,0.0,0.0,0.0,0.0,0.0,-1.191408,-0.03821701,3.038775,1.371493,-0.3547252,-2.94079,-0.06586973,-0.0299972,0.0007651061,0.997377,352.4525,356.5337,0.3166116,0.4230293,-0.108676,-0.899575,0,0,0,1.649673,-0.3713525,-0.986456,0.3943325,-0.2726855,1.915,0.9981992,0.005478013,0.05973623,0.002425617,0.9913211,-0.1314398,-0.05993782,0.131348,0.9895227,moving,8.947557010315435,-6.599202684908628,11.635579868020365,-8.104124292860288,0.27817999999999987,-0.016627299999999956,1.9543339999999998,0.1545245646963086,-0.11354297714116644,0.9814428960869075,7.956709701436678,-6.199686218532514,3.0211628531054613,3.0806258990055877,4.1425801237307125
05/10/2023 16:34:52.102234,435,True,True,True,True,Eyes,1.379825,-0.3541784,-2.93186,0.09713846,0.01585607,0.9951445,0.0,0.0,0.0,0.0,0.0,0.0,0.0,-1.191982,-0.03917763,3.038483,1.371486,-0.3547692,-2.940732,-0.06596362,-0.0299116,0.0005845781,0.9973735,352.4411,356.5449,0.2954787,0.4230571,-0.1086739,-0.8995622,0,0,0,1.654072,-0.3739731,-0.9858121,0.3984741,-0.2755493,1.915,0.99821,0.005112239,0.05958894,0.002780068,0.9912969,-0.1316157,-0.05974318,0.1315457,0.9895082,moving,9.055390970219236,-6.685546169176567,11.754402890283622,-8.188087271919155,0.282586,-0.019203899999999996,1.9549199000000002,0.15634524329868266,-0.1149885006571996,0.980986075773633,8.05606167472418,-6.283824157297183,3.028273402191427,3.08906055461536,4.159801167894381
05/10/2023 16:34:52.122331,436,True,True,True,True,Eyes,1.379831,-0.3541771,-2.931859,0.09904573,0.014571,0.9949762,0.0,0.0,0.0,0.0,0.0,0.0,0.0,-1.191175,-0.03750178,3.03882,1.37149,-0.3548035,-2.940725,-0.06577487,-0.03003428,0.0007903869,0.9973821,352.4635,356.5293,0.3194717,0.4230822,-0.1086721,-0.8995506,0,0,0,1.657275,-0.3770644,-0.985205,0.402101,-0.2780572,1.915,0.9981946,0.005527637,0.05980733,0.002374366,0.9913461,-0.1312528,-0.06001528,0.1311579,0.9895432,moving,9.179597242645977,-6.741871610262042,11.858374982040798,-8.261586657007921,0.28578499999999996,-0.022260900000000028,1.95552,0.1584543265896009,-0.11591336165143884,0.9805387948543248,8.172786226496452,-6.339118394768579,3.0176120667573545,3.0798350605808515,4.1568556258682445
05/10/2023 16:34:52.142208,437,True,True,True,True,Eyes,1.379809,-0.3541809,-2.931857,0.1010042,0.01326224,0.9947976,0.0,0.0,0.0,0.0,0.0,0.0,0.0,-1.190927,-0.03852662,3.038873,1.371563,-0.3546393,-2.940678,-0.06585892,-0.0300951,0.000652877,0.997375,352.4534,356.5233,0.3043796,0.4231049,-0.1086705,-0.8995401,0,0,0,1.660867,-0.3792576,-0.9845402,0.4059131,-0.2806934,1.915,0.9981877,0.005266387,0.05994619,0.002661734,0.9913243,-0.1314113,-0.06011818,0.1313327,0.9895138,moving,9.30218301481533,-6.825908094013234,11.967570838326074,-8.33881663809272,0.289304,-0.024618299999999982,1.9561378,0.1605253114373141,-0.11731163895036828,0.9800355116769742,8.286478727128005,-6.42114168970242,3.0016030542681986,3.064830258345158,4.150652519641748
05/10/2023 16:34:52.160320,438,True,True,True,True,Eyes,1.379795,-0.3541858,-2.931851,0.1029069,0.01199593,0.9946186,0.0,0.0,0.0,0.0,0.0,0.0,0.0,-1.191696,-0.04134139,3.03858,1.37174,-0.3546852,-2.940637,-0.06623956,-0.03000962,0.0004223729,0.9973523,352.4089,356.5346,0.278502,0.4231248,-0.1086691,-0.8995309,0,0,0,1.665241,-0.3806741,-0.9839234,0.4098678,-0.2834283,1.915,0.9981985,0.004818157,0.05980437,0.003133139,0.9912243,-0.1321537,-0.05991628,0.132103,0.9894235,moving,9.405904501430715,-6.940049151450013,12.080758237125599,-8.418905886361236,0.293501,-0.025988900000000037,1.9567136,0.16226184785878614,-0.11922944889504863,0.9795179034176815,8.380392238214311,-6.532073331900889,2.992678312868448,3.0564456071968884,4.153654489057809
05/10/2023 16:34:52.172358,439,True,True,True,True,Eyes,1.379786,-0.3541979,-2.931845,0.1048218,0.01063812,0.9944342,0.0,0.0,0.0,0.0,0.0,0.0,0.0,-1.194179,-0.04300463,3.037532,1.371893,-0.3547056,-2.940511,-0.06624217,-0.02966288,-0.0002583018,0.9973626,352.4061,356.5798,0.197375,0.4231424,-0.1086681,-0.8995228,0,0,0,1.670351,-0.3837939,-0.983398,0.4137012,-0.2860793,1.915,0.9982401,0.003414625,0.05920351,0.004445108,0.9912238,-0.1321196,-0.05913506,0.1321502,0.9894642,moving,9.482453108015088,-7.008490162170954,12.190382639483623,-8.496506580594724,0.2984579999999999,-0.02908830000000001,1.9571129999999999,0.1635476410325702,-0.12037353085073471,0.9791642046486503,8.450540470635165,-6.598698545425235,3.024401257155913,3.0898341717474263,4.193816255661544
05/10/2023 16:34:52.192991,440,True,True,True,True,Eyes,1.379777,-0.3542092,-2.931842,0.1066974,0.009286502,0.9942482,0.0,0.0,0.0,0.0,0.0,0.0,0.0,-1.19841,-0.04046166,3.035898,1.371895,-0.3548596,-2.94049,-0.06562977,-0.02899596,-0.0008066245,0.9974223,352.4745,356.6613,0.1269671,0.4231581,-0.1086676,-0.8995155,0,0,0,1.67657,-0.3893619,-0.983228,0.4175067,-0.2887107,1.915,0.9983172,0.002196905,0.05794831,0.005415087,0.9913842,-0.1308744,-0.05773655,0.130968,0.989704,moving,9.517850593160816,-7.007094013299079,12.299119620177859,-8.573502497726562,0.3046749999999998,-0.034502299999999986,1.957262,0.16415325615079182,-0.1203373937822303,0.9790672487843666,8.48473144295517,-6.597619102245458,3.122985670390809,3.192035861441837,4.295773778852206
05/10/2023 16:34:52.202824,441,True,True,True,True,Eyes,1.37976,-0.3542197,-2.931839,0.1086203,0.007874769,0.9940521,0.0,0.0,0.0,0.0,0.0,0.0,0.0,-1.201381,-0.03725541,3.034809,1.371882,-0.3548382,-2.940544,-0.0650503,-0.02851168,-0.0009344705,0.9974742,352.5405,356.7185,0.1066227,0.423172,-0.1086675,-0.8995089,0,0,0,1.682261,-0.3943676,-0.9830469,0.4213796,-0.2913889,1.915,0.9983724,0.001845166,0.05700091,0.005573607,0.9915352,-0.1297187,-0.05675776,0.1298253,0.9899111,moving,9.57465662662882,-7.019731788128051,12.409690149689391,-8.651835778812677,0.31037899999999996,-0.03952939999999999,1.9574971,0.1651199058691037,-0.12053361990432174,0.9788804943566104,8.53881190810532,-6.610244474237041,3.1989349446204502,3.2712655828113237,4.376276204273199
05/10/2023 16:34:52.222811,442,True,True,True,True,Eyes,1.379743,-0.3542295,-2.931838,0.1104766,0.006495506,0.9938575,0.0,0.0,0.0,0.0,0.0,0.0,0.0,-1.203461,-0.03554165,3.03395,1.371816,-0.3547946,-2.940523,-0.06476641,-0.0281588,-0.0009382168,0.9975026,352.573,356.7594,0.1026033,0.4231841,-0.1086678,-0.8995032,0,0,0,1.687559,-0.3981944,-0.9826844,0.4253882,-0.2941606,1.915,0.9984124,0.001775741,0.05629848,0.005519236,0.9916089,-0.1291565,-0.05605543,0.1292621,0.9900248,moving,9.642642251265686,-7.06670371658163,12.524036064241475,-8.732869485726747,0.3157430000000001,-0.04339979999999999,1.9578386,0.16626541522537203,-0.1213124049506965,0.9785903704599891,8.601845960166985,-6.656087101652815,3.253542993924638,3.3284438820154523,4.438085204601153
05/10/2023 16:34:52.242039,443,True,True,True,True,Eyes,1.379739,-0.3542383,-2.931839,0.112369,0.005078927,0.9936536,0.0,0.0,0.0,0.0,0.0,0.0,0.0,-1.204314,-0.03390929,3.033662,1.371805,-0.3547806,-2.940563,-0.06447428,-0.02801929,-0.0009876072,0.9975256,352.6064,356.776,0.09491007,0.4231946,-0.1086683,-0.8994982,0,0,0,1.691802,-0.4019264,-0.9822935,0.429132,-0.2967499,1.915,0.9984279,0.00164272,0.05602727,0.005583374,0.9916842,-0.1285741,-0.05577256,0.1286848,0.990116,moving,9.737690329345538,-7.114444299517611,12.630737057299468,-8.808538737488341,0.3199970000000001,-0.047145800000000015,1.9582695,0.16787236652835838,-0.12209403328460083,0.978218779233919,8.690922640363677,-6.702876263662752,3.2755071042431614,3.352562502756407,4.46720853482042
05/10/2023 16:34:52.261101,444,True,True,True,True,Eyes,1.379734,-0.3542474,-2.931842,0.1141911,0.003711799,0.9934519,0.0,0.0,0.0,0.0,0.0,0.0,0.0,-1.205758,-0.03268379,3.033145,1.371832,-0.3547613,-2.940597,-0.06426012,-0.02778728,-0.00101677,0.9975458,352.6309,356.8031,0.08912507,0.4232039,-0.1086691,-0.8994937,0,0,0,1.696787,-0.405572,-0.9819064,0.4332165,-0.2995742,1.915,0.9984537,0.001542677,0.05556884,0.005599777,0.9917392,-0.1281483,-0.05530749,0.1282613,0.9901969,moving,9.81804156663361,-7.168533893722461,12.747046726404841,-8.891040278407846,0.3249550000000001,-0.050810699999999986,1.9586906,0.16922521426522388,-0.12298859039434744,0.9778735582243429,8.765497331940395,-6.755681049680498,3.318412848878842,3.397955189705775,4.518018881796673
05/10/2023 16:34:52.277124,445,True,True,True,True,Eyes,1.379751,-0.3542543,-2.931847,0.1160662,0.002311075,0.9932388,0.0,0.0,0.0,0.0,0.0,0.0,0.0,-1.206025,-0.03146881,3.033121,1.371814,-0.3547763,-2.940675,-0.06413706,-0.02773033,-0.0008375957,0.9975554,352.6456,356.8084,0.1089555,0.4232121,-0.1086701,-0.8994898,0,0,0,1.700676,-0.4084237,-0.9815177,0.4368555,-0.3020905,1.915,0.9984607,0.001885986,0.05543251,0.005228179,0.9917715,-0.1279141,-0.05521763,0.128007,0.9902349,moving,9.920555070780704,-7.238807595321496,12.850580521635905,-8.964513446599177,0.328862,-0.05364740000000001,1.9591573000000002,0.1709496244004085,-0.12415036008925517,0.9774266886486183,8.860573891999616,-6.824271294116529,3.3194304059001474,3.4004572968636513,4.527779740204364
05/10/2023 16:34:52.292551,446,True,True,True,True,Eyes,1.379765,-0.3542603,-2.931851,0.1178662,0.0009797781,0.993029,0.0,0.0,0.0,0.0,0.0,0.0,0.0,-1.206191,-0.03095752,3.033071,1.371805,-0.3547516,-2.940693,-0.06409217,-0.02769577,-0.0007355295,0.9975594,352.651,356.8116,0.120318,0.4232198,-0.1086711,-0.899486,0,0,0,1.704683,-0.4111396,-0.9810117,0.4407187,-0.304762,1.915,0.9984648,0.002082694,0.05535062,0.005017631,0.9917833,-0.1278307,-0.05516205,0.1279122,0.9902503,moving,10.021939409114957,-7.312903352951471,12.960399725039,-9.042485758298353,0.332878,-0.056387999999999994,1.9596813,0.17265206993137489,-0.12537648600663664,0.9769708262858235,8.95435936176624,-6.896541300895176,3.327014627351999,3.4096927024507555,4.544605264093897
05/10/2023 16:34:52.308176,447,True,True,True,True,Eyes,1.379796,-0.3542648,-2.931857,0.1197296,-0.0003703385,0.9928064,0.0,0.0,0.0,0.0,0.0,0.0,0.0,-1.206125,-0.03175053,3.033073,1.371769,-0.3547384,-2.940695,-0.06425077,-0.02769675,-0.0006681917,0.9975492,352.6331,356.8109,0.1286002,0.4232271,-0.1086722,-0.8994825,0,0,0,1.70864,-0.4131846,-0.9804232,0.4447122,-0.3075236,1.915,0.9984649,0.002225966,0.05534361,0.004892183,0.9917427,-0.1281496,-0.05517188,0.1282236,0.9902095,moving,10.131916315083457,-7.411122206205137,13.07382120719755,-9.12305230371562,0.3368709999999999,-0.058446200000000004,1.9602717999999997,0.17449045589415454,-0.1270092636755754,0.9764330954500483,9.055146721754324,-6.992155256195182,3.3199689348352295,3.4037492641214167,4.548677483300359
05/10/2023 16:34:52.322681,448,True,True,True,True,Eyes,1.379821,-0.3542687,-2.931863,0.1215176,-0.001645228,0.9925879,0.0,0.0,0.0,0.0,0.0,0.0,0.0,-1.205921,-0.03236121,3.033165,1.371742,-0.3547249,-2.940727,-0.06436645,-0.02772318,-0.0006269324,0.9975411,352.6199,356.8075,0.1339271,0.4232343,-0.1086733,-0.8994789,0,0,0,1.712255,-0.4152476,-0.9798845,0.4484615,-0.3101161,1.915,0.9984621,0.002318104,0.05539072,0.004819666,0.9917132,-0.1283816,-0.0552293,0.1284511,0.9901768,moving,10.240500320780525,-7.499670155954773,13.180212226963809,-9.198652457389159,0.34051300000000007,-0.060522699999999985,1.9608424999999998,0.17630705419522738,-0.1284759079661148,0.9759148204759602,9.155104650965304,-7.078426192661447,3.310486146301116,3.395356675217353,4.549379123792804
05/10/2023 16:34:52.341987,449,True,True,True,True,Eyes,1.37986,-0.3542726,-2.931867,0.1233297,-0.00290311,0.9923614,0.0,0.0,0.0,0.0,0.0,0.0,0.0,-1.20575,-0.0339179,3.033162,1.371613,-0.3547176,-2.940733,-0.06463309,-0.02772834,-0.0006059381,0.9975237,352.5894,356.8066,0.1372504,0.4232414,-0.1086743,-0.8994755,0,0,0,1.715919,-0.4167964,-0.9793026,0.4522884,-0.3127626,1.915,0.9984616,0.002375461,0.05539767,0.004793212,0.9916444,-0.1289125,-0.05524101,0.1289797,0.9901074,moving,10.348621098283166,-7.6043302269109025,13.288709900742996,-9.275793998723334,0.344306,-0.06207879999999999,1.9614303999999998,0.17810757490878826,-0.13021544638860902,0.9753570733027203,9.253761301039491,-7.180241915920844,3.296408775788698,3.381998419105354,4.546663472700297
05/10/2023 16:34:52.360652,450,True,True,True,True,Eyes,1.379897,-0.3542759,-2.931872,0.1250663,-0.004090542,0.99214,0.0,0.0,0.0,0.0,0.0,0.0,0.0,-1.205499,-0.03483525,3.033204,1.37154,-0.3547451,-2.940715,-0.0648653,-0.0277481,-0.0004305226,0.997508,352.5633,356.8029,0.1583732,0.4232487,-0.1086753,-0.8994719,0,0,0,1.719622,-0.4183743,-0.9786977,0.456094,-0.3153942,1.915,0.9984598,0.002740879,0.05541377,0.004458677,0.9915846,-0.1293834,-0.05530206,0.1294312,0.9900451,moving,10.452767913977853,-7.703721884442589,13.396507537570262,-9.352467602665964,0.348082,-0.0636292,1.9620172999999999,0.17984066159781675,-0.13186497150321796,0.9748174481696862,9.348867265689126,-7.276943518640614,3.287573189963395,3.374013250547171,4.548757192236497
05/10/2023 16:34:52.372144,451,True,True,True,True,Eyes,1.379941,-0.354282,-2.931875,0.1268597,-0.005297393,0.9919065,0.0,0.0,0.0,0.0,0.0,0.0,0.0,-1.205037,-0.03538156,3.03337,1.371513,-0.3547406,-2.940716,-0.06506859,-0.02780525,-0.0001625635,0.9974934,352.5408,356.7942,0.1903541,0.4232562,-0.1086762,-0.8994682,0,0,0,1.723358,-0.4200195,-0.9780772,0.4599969,-0.3180931,1.915,0.9984537,0.003294185,0.05549226,0.003942809,0.9915321,-0.1298019,-0.05544995,0.12982,0.9899859,moving,10.563802618057188,-7.8027638957076,13.506961039732866,-9.431066949922426,0.35184499999999996,-0.06527889999999997,1.9626388000000001,0.18168921085981055,-0.13350371672986575,0.9742513735558127,9.450630483895509,-7.373359830513404,3.2762145646602505,3.3635624464911897,4.5484036944280115
05/10/2023 16:34:52.392233,452,True,True,True,True,Eyes,1.379984,-0.3542884,-2.931876,0.1286033,-0.006469941,0.991675,0.0,0.0,0.0,0.0,0.0,0.0,0.0,-1.205318,-0.03516853,3.033242,1.371544,-0.3548187,-2.940674,-0.06515031,-0.02775131,7.541897e-05,0.9974896,352.5322,356.7986,0.2176495,0.4232639,-0.1086771,-0.8994644,0,0,0,1.727536,-0.42222,-0.9775117,0.4638576,-0.3207626,1.915,0.9984597,0.003766472,0.05535346,0.003465554,0.9915109,-0.1299777,-0.05537311,0.1299693,0.9899706,moving,10.658993010978785,-7.885198089329992,13.616119720617421,-9.508774868592575,0.35599199999999986,-0.0674013,1.9631623,0.1832734761071468,-0.13486494364276702,0.9737670432214628,9.538003702468247,-7.453629608326391,3.284703182192352,3.373514478258377,4.5666894243291205
05/10/2023 16:34:52.407351,453,True,True,True,True,Eyes,1.380035,-0.3542939,-2.931878,0.130392,-0.007718208,0.9914325,0.0,0.0,0.0,0.0,0.0,0.0,0.0,-1.206872,-0.0334242,3.0326,1.371547,-0.3548293,-2.940625,-0.06494256,-0.02748709,0.0002442169,0.9975105,352.5565,356.8279,0.2344471,0.423272,-0.1086781,-0.8994606,0,0,0,1.732944,-0.4258634,-0.9770629,0.4681771,-0.3237497,1.915,0.9984888,0.004057381,0.05480559,0.003082946,0.9915648,-0.1295752,-0.05486903,0.1295483,0.9900538,moving,10.732423554887784,-7.937148099135551,13.73813132137833,-9.595686127090751,0.36139699999999997,-0.07103409999999999,1.9635620999999999,0.18449967255799732,-0.13571613036198193,0.97341720204676,9.606021585435967,-7.504317314686231,3.3409784891035574,3.4329327939409335,4.631215216265376
05/10/2023 16:34:52.422284,454,True,True,True,True,Eyes,1.380083,-0.354298,-2.931882,0.1321194,-0.008914864,0.9911937,0.0,0.0,0.0,0.0,0.0,0.0,0.0,-1.208121,-0.03055984,3.032147,1.371548,-0.3548128,-2.940641,-0.06459389,-0.02726553,0.0005355178,0.997539,352.5974,356.8515,0.2652435,0.4232805,-0.108679,-0.8994564,0,0,0,1.737341,-0.4293109,-0.976812,0.4715964,-0.3261144,1.915,0.9985126,0.004590773,0.05432767,0.002453974,0.9916547,-0.128899,-0.05446604,0.1288406,0.9901685,moving,10.80577591395189,-7.972242874644687,13.834625297817531,-9.664456750159545,0.36579300000000003,-0.07449810000000001,1.9638289999999998,0.18573120485797423,-0.1362801609850553,0.9731041048315853,9.674858346312224,-7.53873902892809,3.3749579395549913,3.469512413960827,4.671438420999811
05/10/2023 16:34:52.441987,455,True,True,True,True,Eyes,1.380143,-0.3542994,-2.931885,0.1339897,-0.01030629,0.9909291,0.0,0.0,0.0,0.0,0.0,0.0,0.0,-1.208849,-0.03049067,3.031872,1.371514,-0.3547849,-2.940675,-0.06460556,-0.02713621,0.0005934269,0.9975417,352.5962,356.866,0.2709911,0.4232893,-0.1086799,-0.8994522,0,0,0,1.74162,-0.4317814,-0.9763971,0.4753934,-0.32874,1.915,0.9985266,0.004690236,0.05406233,0.002322364,0.9916515,-0.1289257,-0.05421568,0.1288612,0.9901795,moving,10.901227591014486,-8.05628942791263,13.941684382974865,-9.740781981530779,0.37010600000000005,-0.07699649999999997,1.9642779000000001,0.18731586193243932,-0.13766528442493473,0.9726052528539895,9.762397854675866,-7.620566720415323,3.3799458390721706,3.4759017055971233,4.68633637707414
05/10/2023 16:34:52.452193,456,True,True,True,True,Eyes,1.380199,-0.3543008,-2.931886,0.1357907,-0.01165092,0.9906691,0.0,0.0,0.0,0.0,0.0,0.0,0.0,-1.209609,-0.03107363,3.031544,1.371497,-0.3547159,-2.940672,-0.06455968,-0.02702516,0.0002792841,0.9975478,352.6005,356.8812,0.2338048,0.4232987,-0.1086807,-0.8994477,0,0,0,1.745849,-0.4348579,-0.9759049,0.4793461,-0.3314732,1.915,0.9985391,0.004046669,0.05388171,0.002932272,0.9916639,-0.1288178,-0.05395383,0.1287876,0.9902034,moving,10.997719636610029,-8.124023389227352,14.053028115130871,-9.820198035557485,0.374352,-0.08014200000000005,1.9647671000000002,0.1889241311549936,-0.1387714640975349,0.9721369642481988,9.851805538896933,-7.686660536811365,3.3964786822946342,3.4945555267836994,4.711926717767752
05/10/2023 16:34:52.477020,457,True,True,True,True,Eyes,1.380271,-0.3543018,-2.931886,0.1376822,-0.0131185,0.9903895,0.0,0.0,0.0,0.0,0.0,0.0,0.0,-1.210106,-0.03066215,3.031261,1.371449,-0.3547143,-2.940602,-0.06446344,-0.02694012,0.0002061557,0.9975564,352.6113,356.8916,0.2244359,0.4233085,-0.1086813,-0.899443,0,0,0,1.74981,-0.4378352,-0.9753808,0.4830639,-0.3340441,1.915,0.9985484,0.00388461,0.05372201,0.003062002,0.9916888,-0.1286229,-0.05377516,0.1286007,0.9902374,moving,11.100618335734259,-8.1977292107498,14.157656192334315,-9.89486353107985,0.37836100000000017,-0.0831209,1.9652212000000002,0.1906370744760216,-0.1399746831088411,0.971629784883699,9.94707127163031,-7.758565711941182,3.396863682807422,3.49653333430814,4.721524515081604
05/10/2023 16:34:52.492240,458,True,True,True,True,Eyes,1.380339,-0.354304,-2.931886,0.139493,-0.01453016,0.9901164,0.0,0.0,0.0,0.0,0.0,0.0,0.0,-1.209752,-0.03028217,3.03138,1.371409,-0.3547153,-2.940594,-0.06441783,-0.02698956,0.0002496406,0.9975581,352.6166,356.8856,0.2296717,0.4233191,-0.1086818,-0.8994379,0,0,0,1.753443,-0.4406081,-0.9747937,0.4869263,-0.3367151,1.915,0.998543,0.00397528,0.05381514,0.002979156,0.9917006,-0.1285345,-0.05387947,0.1285076,0.9902438,moving,11.213483132973112,-8.27653040186194,14.266251668940804,-9.972400245418394,0.382034,-0.08589279999999999,1.9658003,0.19251523913904475,-0.14125810379734405,0.9710736012055937,10.05167222768771,-7.835463361098616,3.3909769923888713,3.492187031142306,4.725376081773763
05/10/2023 16:34:52.502383,459,True,True,True,True,Eyes,1.380378,-0.3543104,-2.931884,0.1413781,-0.01602609,0.9898259,0.0,0.0,0.0,0.0,0.0,0.0,0.0,-1.209261,-0.02961695,3.031563,1.371382,-0.3547497,-2.940583,-0.06435814,-0.02706033,0.0003594152,0.9975599,352.6238,356.8766,0.2426615,0.4233304,-0.1086823,-0.8994325,0,0,0,1.757073,-0.4434351,-0.9741876,0.4908258,-0.3394117,1.915,0.9985352,0.004200181,0.05394234,0.002766029,0.9917158,-0.1284216,-0.05403486,0.1283828,0.9902515,moving,11.332709123495992,-8.36009067892106,14.375784168095455,-10.050642690301732,0.385691,-0.08868540000000003,1.9663954000000001,0.19449721627010294,-0.1426173327380401,0.9704798010762387,10.162151758923475,-7.91700169068323,3.3785416780358926,3.4811308263619263,4.723041604186598
05/10/2023 16:34:52.522388,460,True,True,True,True,Eyes,1.380417,-0.3543172,-2.931883,0.143188,-0.0174595,0.9895415,0.0,0.0,0.0,0.0,0.0,0.0,0.0,-1.209104,-0.02872795,3.031565,1.371375,-0.3547848,-2.94051,-0.06429433,-0.02707591,0.0005394982,0.9975636,352.6317,356.8736,0.2633308,0.4233416,-0.1086828,-0.8994272,0,0,0,1.760999,-0.4462372,-0.9735617,0.4947532,-0.3421275,1.915,0.9985332,0.004558022,0.0539505,0.002405287,0.9917319,-0.1283046,-0.05408925,0.1282461,0.9902663,moving,11.440487411761843,-8.440883878510684,14.485991958840598,-10.129403965083917,0.38962399999999997,-0.09145239999999999,1.9669483000000003,0.19628464638772347,-0.1439334056335323,0.9699255280905227,10.261744538316961,-7.9957831507388155,3.3780710225687685,3.4822690919914057,4.732505050098442
05/10/2023 16:34:52.542198,461,True,True,True,True,Eyes,1.380459,-0.3543252,-2.93188,0.145005,-0.01897148,0.9892491,0.0,0.0,0.0,0.0,0.0,0.0,0.0,-1.209002,-0.0281398,3.031657,1.371413,-0.3548053,-2.940538,-0.06428488,-0.02708777,0.0007400625,0.9975637,352.6335,356.8707,0.2865064,0.4233526,-0.1086835,-0.8994219,0,0,0,1.764832,-0.4486799,-0.9730538,0.4985177,-0.3447308,1.915,0.9985314,0.004959186,0.0539484,0.002006149,0.9917338,-0.1282966,-0.0541387,0.1282164,0.9902674,moving,11.548364560229716,-8.533095345589096,14.591525867007096,-10.204866318596048,0.39341899999999996,-0.09387460000000003,1.9674842000000001,0.19806636323327736,-0.1454410489064683,0.9693383134787,10.360826818934573,-8.085584054325784,3.3669404721735257,3.4721245549743203,4.731825414257404
05/10/2023 16:34:52.552407,462,True,True,True,True,Eyes,1.3805,-0.3543318,-2.93188,0.1467485,-0.02042189,0.988963,0.0,0.0,0.0,0.0,0.0,0.0,0.0,-1.208877,-0.02815425,3.031685,1.371437,-0.3548264,-2.940501,-0.06432273,-0.02710873,0.0008142259,0.9975607,352.6294,356.8677,0.2953316,0.4233636,-0.1086842,-0.8994167,0,0,0,1.768635,-0.4510986,-0.9724487,0.5023574,-0.3473857,1.915,0.998529,0.005111895,0.05398046,0.001862936,0.9917238,-0.1283758,-0.05418995,0.1282875,0.9902554,moving,11.654261329909595,-8.624753581658332,14.699063768370177,-10.28178757289729,0.39719799999999994,-0.09627220000000003,1.9680522999999996,0.19981288693522473,-0.14693836978022928,0.9687537958188149,10.458029716439338,-8.174836101426685,3.360198199258844,3.4664944161756295,4.735569061133948
05/10/2023 16:34:52.571974,463,True,True,True,True,Eyes,1.380544,-0.3543387,-2.931881,0.1485146,-0.02189013,0.9886678,0.0,0.0,0.0,0.0,0.0,0.0,0.0,-1.208901,-0.02831849,3.031736,1.37146,-0.3547996,-2.940558,-0.06433915,-0.02710866,0.0008019279,0.9975596,352.6274,356.8678,0.2939661,0.4233746,-0.108685,-0.8994114,0,0,0,1.772504,-0.4536479,-0.9719504,0.5062202,-0.3500569,1.915,0.998529,0.005088238,0.05398181,0.001888355,0.9917197,-0.1284077,-0.0541882,0.1283208,0.9902512,moving,11.75990350831994,-8.713285190160112,14.807141879699618,-10.359143297891334,0.4010440000000002,-0.0988483,1.9686076,0.201554819884031,-0.1483810077821377,0.968172770776213,10.555153112563422,-8.261069008022282,3.3557627948375557,3.463309198265911,4.74144747958489
05/10/2023 16:34:52.591972,464,True,True,True,True,Eyes,1.380587,-0.3543463,-2.931882,0.1502177,-0.02328602,0.9883786,0.0,0.0,0.0,0.0,0.0,0.0,0.0,-1.209628,-0.02929479,3.031451,1.37148,-0.3547968,-2.940564,-0.06446604,-0.02699668,0.0007128472,0.9975545,352.6125,356.8813,0.2832705,0.4233855,-0.1086859,-0.8994062,0,0,0,1.776882,-0.4559387,-0.9714499,0.5101923,-0.3528035,1.915,0.9985414,0.004902944,0.05376939,0.002058529,0.9916872,-0.1286552,-0.05395321,0.1285783,0.9902306,moving,11.850019194386324,-8.808512413833098,14.918165823711604,-10.438642747029112,0.40540200000000004,-0.10114189999999995,1.9691141,0.20302893873955438,-0.1499433098517754,0.9676239491267644,10.636956494376378,-8.353645735557325,3.365472949528564,3.4743126863087364,4.761928796132221
05/10/2023 16:34:52.602659,465,True,True,True,True,Eyes,1.380633,-0.3543529,-2.931885,0.1519038,-0.02467881,0.9880871,0.0,0.0,0.0,0.0,0.0,0.0,0.0,-1.210149,-0.02991393,3.031231,1.371461,-0.3548254,-2.940564,-0.06461925,-0.02690177,0.0008123991,0.9975471,352.5952,356.8914,0.294526,0.4233964,-0.1086869,-0.8994009,0,0,0,1.78115,-0.4579239,-0.9709451,0.5140758,-0.3554892,1.915,0.9985513,0.005097557,0.05356657,0.001855932,0.9916474,-0.1289652,-0.05377655,0.1288778,0.9902013,moving,11.939463315786574,-8.910564724293119,15.026602608152212,-10.516340184928165,0.40968899999999997,-0.10309849999999998,1.9696189000000002,0.20448635747298502,-0.15161957649839775,0.9670557165612245,10.71775051009519,-8.452803630440885,3.370046904169736,3.479790775383702,4.777487782782457
05/10/2023 16:34:52.622386,466,True,True,True,True,Eyes,1.380676,-0.3543588,-2.93189,0.153515,-0.02601112,0.9878039,0.0,0.0,0.0,0.0,0.0,0.0,0.0,-1.209884,-0.03067476,3.031362,1.37145,-0.3548009,-2.940605,-0.06477016,-0.02693947,0.000883055,0.9975362,352.5782,356.8864,0.3034327,0.4234073,-0.1086879,-0.8993956,0,0,0,1.784964,-0.4599298,-0.9703625,0.5180292,-0.3582229,1.915,0.998547,0.005251506,0.05363179,0.001727988,0.9916081,-0.1292687,-0.05386057,0.1291736,0.9901582,moving,12.040093358873905,-9.008586309581258,15.136878105412706,-10.595386110838735,0.41351399999999994,-0.10512890000000003,1.9702425000000001,0.20613303526112778,-0.1532197068792598,0.9664537607365047,10.809539616854886,-8.548156494349934,3.3688788974880044,3.479656502539604,4.787171137235722
05/10/2023 16:34:52.642053,467,True,True,True,True,Eyes,1.380731,-0.3543664,-2.931896,0.1550695,-0.02739665,0.9875237,0.0,0.0,0.0,0.0,0.0,0.0,0.0,-1.209347,-0.03113908,3.031644,1.371428,-0.35479,-2.940691,-0.06483352,-0.02702469,0.0008648132,0.9975297,352.5709,356.8767,0.3021699,0.4234182,-0.1086889,-0.8993904,0,0,0,1.788429,-0.462296,-0.9698138,0.52187,-0.360879,1.915,0.9985379,0.005229565,0.05380372,0.001778858,0.9915917,-0.1293935,-0.054028,0.1293,0.9901326,moving,12.143648311028016,-9.097919849068555,15.24390290728378,-10.672149148900631,0.41700099999999996,-0.10750599999999999,1.9708772000000003,0.20783194471863467,-0.15466956338183824,0.9658588888864172,10.90460875135161,-8.635147475274053,3.365093719826612,3.477035583662437,4.793625933472967
05/10/2023 16:34:52.652771,468,True,True,True,True,Eyes,1.380783,-0.354375,-2.931901,0.1565548,-0.0287351,0.9872512,0.0,0.0,0.0,0.0,0.0,0.0,0.0,-1.20884,-0.03104419,3.031855,1.371432,-0.3548383,-2.940691,-0.06480577,-0.02711139,0.0008240963,0.9975293,352.5739,356.867,0.2980366,0.4234292,-0.1086899,-0.8993851,0,0,0,1.792003,-0.4651668,-0.9691807,0.5258086,-0.3636025,1.915,0.9985287,0.005158068,0.05398199,0.001869828,0.9915991,-0.129336,-0.05419561,0.1292466,0.9901304,moving,12.243248987964375,-9.17351597523519,15.35353988167283,-10.750819859764098,0.42057100000000003,-0.1103285,1.9715103000000003,0.20947000871370558,-0.15588805725091553,0.9653088999550897,10.996595487439462,-8.708851849777725,3.3735412900029496,3.4873768060873096,4.811714643268997
05/10/2023 16:34:52.672363,469,True,True,True,True,Eyes,1.380831,-0.3543837,-2.931906,0.1581889,-0.03020286,0.9869469,0.0,0.0,0.0,0.0,0.0,0.0,0.0,-1.208449,-0.03069112,3.032029,1.371449,-0.354866,-2.940695,-0.06471538,-0.02718294,0.0007446635,0.9975332,352.5841,356.8594,0.2891255,0.4234404,-0.108691,-0.8993797,0,0,0,1.795485,-0.4682032,-0.9685968,0.5296022,-0.3662261,1.915,0.9985211,0.005003962,0.05413539,0.002032655,0.9916227,-0.129152,-0.05432815,0.129071,0.990146,moving,12.35031322513975,-9.248745225474773,15.459031756820034,-10.826566103630082,0.4240360000000001,-0.11333719999999997,1.9720981999999998,0.21123256672280388,-0.15709442584692052,0.9647291165806708,11.0957952368102,-8.782258662753515,3.370748762683939,3.4862084895707555,4.818404906436446
05/10/2023 16:34:52.692711,470,True,True,True,True,Eyes,1.380878,-0.3543926,-2.931911,0.1597552,-0.03162272,0.9866501,0.0,0.0,0.0,0.0,0.0,0.0,0.0,-1.20807,-0.0302541,3.032165,1.371468,-0.3548392,-2.94067,-0.06459829,-0.02725398,0.0006549339,0.997539,352.5973,356.852,0.2789365,0.4234516,-0.1086922,-0.8993742,0,0,0,1.799,-0.4713229,-0.9679844,0.5334289,-0.368872,1.915,0.9985136,0.004827764,0.0542892,0.002214477,0.9916533,-0.1289143,-0.05445842,0.1288429,0.9901686,moving,12.453372500411058,-9.317853255799607,15.565335340848977,-10.902917401492806,0.427532,-0.11648369999999997,1.9726856,0.21292950457529847,-0.1581983064676914,0.9641755348946167,11.191459666784176,-8.849728157322811,3.3749484282982833,3.4923832931436016,4.831808614230407
05/10/2023 16:34:52.704308,471,True,True,True,True,Eyes,1.380919,-0.3544025,-2.931917,0.1614721,-0.03309008,0.9863224,0.0,0.0,0.0,0.0,0.0,0.0,0.0,-1.20788,-0.02918592,3.032269,1.371488,-0.3548549,-2.940677,-0.06444577,-0.02728553,0.0007102855,0.9975479,352.615,356.848,0.285061,0.4234629,-0.1086935,-0.8993688,0,0,0,1.802985,-0.4746555,-0.9674203,0.5375013,-0.3716884,1.915,0.99851,0.004933962,0.0543457,0.002099787,0.9916925,-0.1286142,-0.0545288,0.1285367,0.9902045,moving,12.559213468313645,-9.388878430559743,15.678343758044493,-10.984145675051309,0.431497,-0.11980060000000003,1.9732566999999999,0.21467061372267832,-0.15933122890997103,0.9636026962978798,11.289703443588397,-8.919068756328327,3.3837047261720112,3.503405678145789,4.850227467852585
05/10/2023 16:34:52.727073,472,True,True,True,True,Eyes,1.38096,-0.3544142,-2.931925,0.1631219,-0.03449827,0.9860026,0.0,0.0,0.0,0.0,0.0,0.0,0.0,-1.207459,-0.02848789,3.032471,1.371511,-0.3548522,-2.940695,-0.0643467,-0.02735621,0.0007568297,0.9975523,352.6265,356.8396,0.290632,0.4234739,-0.1086948,-0.8993635,0,0,0,1.806679,-0.4776715,-0.9668401,0.541436,-0.3744093,1.915,0.9985021,0.005030517,0.0544811,0.002010609,0.9917179,-0.1284198,-0.0546759,0.128337,0.9902223,moving,12.665887745692755,-9.462568293462303,15.787412313039379,-11.062577188750842,0.435168,-0.12281930000000002,1.9738548999999999,0.2164225267939727,-0.16050683479234348,0.963015502461107,11.388609011186588,-8.990987100664023,3.3860509355795037,3.5076978332734106,4.862196621019204
05/10/2023 16:34:52.742029,473,True,True,True,True,Eyes,1.381008,-0.3544263,-2.931934,0.1648566,-0.03593672,0.9856626,0.0,0.0,0.0,0.0,0.0,0.0,0.0,-1.207658,-0.02849421,3.03247,1.371531,-0.354905,-2.94076,-0.0643535,-0.02732642,0.0007511706,0.9975527,352.6257,356.843,0.2897803,0.4234848,-0.1086963,-0.8993582,0,0,0,1.810526,-0.4802399,-0.966395,0.5451599,-0.3769843,1.915,0.9985054,0.005015765,0.0544224,0.002018436,0.9917161,-0.1284331,-0.05461576,0.128351,0.9902238,moving,12.767038465617462,-9.548968569066744,15.890529551331161,-11.136764409774363,0.438995,-0.12533489999999997,1.9743650000000001,0.21807208416466767,-0.16189793721883985,0.9624102719106032,11.481516512772526,-9.07512927209195,3.381122608706261,3.503896715701157,4.867210229187438
05/10/2023 16:34:52.760187,474,True,True,True,True,Eyes,1.381055,-0.3544365,-2.931942,0.1665211,-0.03730893,0.9853318,0.0,0.0,0.0,0.0,0.0,0.0,0.0,-1.207817,-0.02857932,3.032422,1.371523,-0.3549228,-2.940778,-0.06434622,-0.02730185,0.0006935462,0.9975539,352.6263,356.8463,0.2829322,0.4234957,-0.1086979,-0.8993528,0,0,0,1.814571,-0.4830663,-0.9658613,0.5491575,-0.3797486,1.915,0.9985083,0.004897241,0.05438088,0.002129842,0.9917182,-0.1284155,-0.05455939,0.1283398,0.9902284,moving,12.865169781912329,-9.628710557170141,16.001108231236763,-11.21636339488896,0.4430479999999999,-0.12814350000000002,1.9749166999999999,0.2196731875708628,-0.16317715959053214,0.9618299716397993,11.571867091920055,-9.152823309331742,3.3902713907322086,3.514932643887783,4.886345746559187
05/10/2023 16:34:52.776034,475,True,True,True,True,Eyes,1.381123,-0.3544443,-2.931951,0.1682472,-0.03872925,0.9849837,0.0,0.0,0.0,0.0,0.0,0.0,0.0,-1.207777,-0.02909678,3.032426,1.37154,-0.3548898,-2.940767,-0.06444605,-0.02730878,0.000738178,0.9975472,352.615,356.8451,0.28845,0.4235065,-0.1086996,-0.8993475,0,0,0,1.818165,-0.4850427,-0.9653055,0.5527514,-0.3822338,1.915,0.9985074,0.004992621,0.05438845,0.002047151,0.9916922,-0.1286163,-0.05457874,0.1285357,0.9902019,moving,12.970025724539664,-9.726169894709711,16.100415708762327,-11.287888186932788,0.44662500000000005,-0.13015290000000002,1.9754615000000002,0.22137444313478127,-0.16474799986932673,0.9611718976566647,11.66775904615647,-9.24766557774526,3.3733054465313086,3.498328955027776,4.87964685029399
05/10/2023 16:34:52.797014,476,True,True,True,True,Eyes,1.381194,-0.3544505,-2.93196,0.1700037,-0.04015272,0.984625,0.0,0.0,0.0,0.0,0.0,0.0,0.0,-1.207301,-0.03019741,3.03261,1.371507,-0.3548703,-2.94079,-0.06464922,-0.02737835,0.0007981285,0.9975322,352.5919,356.8365,0.2965353,0.4235179,-0.1087012,-0.899342,0,0,0,1.821715,-0.4867729,-0.9646646,0.5565907,-0.3848887,1.915,0.9984996,0.005132295,0.05451838,0.00194766,0.9916397,-0.129023,-0.05472477,0.1289356,0.9901418,moving,13.084255298424496,-9.836420869581673,16.206394460888774,-11.364257632462138,0.45020799999999994,-0.13190259999999998,1.9761254,0.2232226898380343,-0.16652522357538513,0.9604378533860111,11.772006874429445,-9.3549227808191,3.3508579371354257,3.475922629144987,4.868389858358915
05/10/2023 16:34:52.802558,477,True,True,True,True,Eyes,1.381261,-0.3544562,-2.931968,0.1716882,-0.04150083,0.9842769,0.0,0.0,0.0,0.0,0.0,0.0,0.0,-1.206874,-0.03131858,3.032765,1.371494,-0.3548462,-2.940795,-0.0649136,-0.02743565,0.0009931717,0.9975133,352.5622,356.8282,0.3203042,0.4235297,-0.1087027,-0.8993362,0,0,0,1.825471,-0.488167,-0.9639945,0.5604991,-0.3875914,1.915,0.9984926,0.005543297,0.0546059,0.001580489,0.9915705,-0.1295588,-0.05486378,0.1294498,0.990067,moving,13.191460791169288,-9.952451922723979,16.314163704622544,-11.441960058950224,0.4539770000000001,-0.13332080000000002,1.9768005,0.22494666808793806,-0.1684014017828341,0.9597083604810633,11.869178078413245,-9.467704643095235,3.3347743541119166,3.4597554788703837,4.863700408561368
05/10/2023 16:34:52.826296,478,True,True,True,True,Eyes,1.381324,-0.3544635,-2.931979,0.1733001,-0.04278195,0.9839395,0.0,0.0,0.0,0.0,0.0,0.0,0.0,-1.206619,-0.03212589,3.03285,1.371484,-0.3548465,-2.940791,-0.06511156,-0.02746792,0.001143621,0.9974993,352.54,356.8232,0.3385336,0.4235421,-0.1087041,-0.8993303,0,0,0,1.829732,-0.4901789,-0.9632897,0.564832,-0.3905877,1.915,0.9984884,0.00585848,0.05464952,0.001295434,0.9915184,-0.1299603,-0.05494738,0.1298346,0.990012,moving,13.291686680381007,-10.055840479425312,16.43349944255921,-11.528053622060371,0.458248,-0.13533239999999996,1.9775013,0.2265593327366132,-0.17006763815399834,0.959034945540945,11.960292914243464,-9.56823360788442,3.343392752771336,3.46963960231221,4.883694414368208
05/10/2023 16:34:52.842055,479,True,True,True,True,Eyes,1.381416,-0.3544707,-2.931989,0.1749425,-0.04410825,0.9835901,0.0,0.0,0.0,0.0,0.0,0.0,0.0,-1.206105,-0.03261772,3.033097,1.371451,-0.3548974,-2.94085,-0.06524826,-0.02754031,0.001260125,0.9974882,352.5247,356.8139,0.3529551,0.4235546,-0.1087055,-0.8993242,0,0,0,1.832806,-0.4918377,-0.9627679,0.5681722,-0.3928975,1.915,0.9984799,0.006107834,0.05477782,0.001079995,0.9914822,-0.1302381,-0.05510671,0.1300993,0.9899684,moving,13.398659314679385,-10.154313865901551,16.525394545740948,-11.59438579961153,0.46135499999999996,-0.13694030000000001,1.9780821000000002,0.2282860842387586,-0.17164454509890437,0.9583441525480537,12.058171184907447,-9.664070456265746,3.3164799678536783,3.442423619983572,4.866436260790098
05/10/2023 16:34:52.852161,480,True,True,True,True,Eyes,1.381505,-0.3544776,-2.931999,0.1765158,-0.04538529,0.9832509,0.0,0.0,0.0,0.0,0.0,0.0,0.0,-1.205523,-0.03271988,3.033341,1.371455,-0.354946,-2.940856,-0.06528145,-0.02763551,0.001286018,0.9974834,352.521,356.8027,0.3567663,0.423568,-0.1087068,-0.8993177,0,0,0,1.836335,-0.4943696,-0.9621129,0.5720673,-0.3955911,1.915,0.9984693,0.006173734,0.05496401,0.001042609,0.9914734,-0.1303054,-0.05529982,0.1301632,0.9899492,moving,13.504834208846635,-10.235912600927728,16.632445599369788,-11.671700043890189,0.46487999999999996,-0.13942360000000004,1.9787431,0.2300088130089067,-0.17293715304202412,0.957699677135159,12.156175839882266,-9.743617130068879,3.3140357018357927,3.441429730722226,4.873858295259737
05/10/2023 16:34:52.872388,481,True,True,True,True,Eyes,1.381569,-0.3544864,-2.932011,0.178115,-0.04668108,0.9829018,0.0,0.0,0.0,0.0,0.0,0.0,0.0,-1.205321,-0.03235292,3.033442,1.371488,-0.3549456,-2.940859,-0.06522646,-0.02767331,0.001303055,0.9974859,352.5273,356.7982,0.358835,0.4235822,-0.108708,-0.8993109,0,0,0,1.839948,-0.4970978,-0.961556,0.5757943,-0.3981683,1.915,0.998465,0.006209621,0.05503748,0.001010506,0.9914876,-0.1301971,-0.05537746,0.1300528,0.9899594,moving,13.605751714086084,-10.308136112167697,16.734764930375118,-11.745632942561722,0.4684599999999999,-0.14215219999999995,1.9793030000000003,0.23164815530702368,-0.17407464367752715,0.9570983102427889,12.249610695080536,-9.814076875566771,3.3143384107113305,3.4434170303790257,4.883391992695848
05/10/2023 16:34:52.892070,482,True,True,True,True,Eyes,1.381628,-0.3544967,-2.932021,0.1796398,-0.04793076,0.9825641,0.0,0.0,0.0,0.0,0.0,0.0,0.0,-1.204661,-0.03235647,3.033725,1.371474,-0.354946,-2.940887,-0.06521389,-0.02778078,0.001280919,0.9974838,352.5288,356.786,0.3570513,0.4235964,-0.1087092,-0.899304,0,0,0,1.843297,-0.49975,-0.9609334,0.5796002,-0.4008001,1.915,0.9984532,0.006178776,0.05525469,0.001067993,0.991491,-0.1301708,-0.05558882,0.1300284,0.9899507,moving,13.710989135183901,-10.381845513979574,16.839137069198276,-11.82109124669345,0.4718229999999999,-0.14480400000000004,1.9799536,0.23335703804548638,-0.17523216190498497,0.9564717498890232,12.347130351299437,-9.886003202538292,3.3125825897689465,3.443361406563869,4.891082711658078
05/10/2023 16:34:52.902500,483,True,True,True,True,Eyes,1.381665,-0.354506,-2.932031,0.1812015,-0.04915971,0.9822165,0.0,0.0,0.0,0.0,0.0,0.0,0.0,-1.203843,-0.03182304,3.034019,1.371431,-0.3549941,-2.940864,-0.06513382,-0.02790835,0.001290171,0.9974855,352.538,356.7713,0.3588139,0.4236106,-0.1087105,-0.8992972,0,0,0,1.842758,-0.5000957,-0.9608138,0.5795999,-0.4008,1.915,0.998439,0.006209408,0.05550827,0.001061701,0.9915119,-0.1300121,-0.05584441,0.129868,0.9899574,static,13.820092019682054,-10.44747962750491,16.83912884659031,-11.821088380307142,0.47132699999999983,-0.14510160000000005,1.9800502,0.23513451191351972,-0.17625004247964998,0.9558491499158726,12.44880405380039,-9.950166078206918,3.1907856862028305,3.3168334851184755,4.772347645203757
05/10/2023 16:34:52.922159,484,True,True,True,True,Eyes,1.381703,-0.3545155,-2.932043,0.1826908,-0.05034073,0.9818808,0.0,0.0,0.0,0.0,0.0,0.0,0.0,-1.202715,-0.03108993,3.03448,1.371454,-0.3549255,-2.940867,-0.06499103,-0.02809893,0.001281087,0.9974893,352.5545,356.7495,0.3587248,0.4236241,-0.1087119,-0.8992907,0,0,0,1.84203,-0.5005873,-0.9606792,0.5796,-0.4008001,1.915,0.9984176,0.006208098,0.05589024,0.001096615,0.9915491,-0.1297277,-0.05622328,0.1295837,0.9899732,static,13.93212857043177,-10.502822968072733,16.839131587459715,-11.82109124669345,0.4705760000000001,-0.14566179999999995,1.9801878,0.23696675620331667,-0.17709211654006368,0.9552408919346214,12.553851255179332,-10.004420495996722,3.0701930151787225,3.191942636612883,4.654451647902906
05/10/2023 16:34:52.942300,485,True,True,True,True,Eyes,1.381716,-0.3545317,-2.932055,0.1844535,-0.05160358,0.9814855,0.0,0.0,0.0,0.0,0.0,0.0,0.0,-1.202249,-0.03177935,3.034719,1.371495,-0.3549348,-2.940911,-0.06502061,-0.02819281,0.00108697,0.9974851,352.5505,356.7401,0.3371513,0.4236371,-0.1087133,-0.8992844,0,0,0,1.841595,-0.5006779,-0.9606159,0.5795999,-0.4008,1.915,0.998408,0.005834699,0.05610245,0.001497755,0.9915423,-0.1297754,-0.05638516,0.1296529,0.9899549,static,14.052548208098656,-10.578373917279118,16.83912884659031,-11.821088380307142,0.4701000000000002,-0.14574310000000001,1.9802950999999998,0.2389224964974506,-0.17826357812441834,0.9545354614800968,12.665906175965862,-10.0782388091585,2.9348963712197786,3.0511261677347234,4.522533812617309
05/10/2023 16:34:52.952317,486,True,True,True,True,Eyes,1.381728,-0.3545452,-2.932068,0.1861413,-0.05282208,0.9811021,0.0,0.0,0.0,0.0,0.0,0.0,0.0,-1.202269,-0.03058544,3.034747,1.371534,-0.3550493,-2.940903,-0.06485403,-0.02819419,0.001117425,0.9974959,352.5697,356.7398,0.3401162,0.423649,-0.1087151,-0.8992786,0,0,0,1.841648,-0.5014168,-0.9606574,0.5795999,-0.4008,1.915,0.9984077,0.005886267,0.05610223,0.00142776,0.9915854,-0.1294462,-0.05639211,0.1293202,0.9899981,static,14.154080241153538,-10.63381511416603,16.83912884659031,-11.821088380307142,0.4701139999999999,-0.14636749999999998,1.9802456,0.24057598749648615,-0.179111809139414,0.9539613411415178,12.760823692610632,-10.132508172391168,2.8238796231350487,2.9358310275033426,4.414054377501794
05/10/2023 16:34:52.972085,487,True,True,True,True,Eyes,1.381706,-0.3545591,-2.93208,0.1879956,-0.05403953,0.9806821,0.0,0.0,0.0,0.0,0.0,0.0,0.0,-1.20204,-0.03039455,3.034883,1.371521,-0.3549954,-2.94096,-0.06478647,-0.02823267,0.001059894,0.9974992,352.5773,356.7359,0.3335469,0.4236598,-0.108717,-0.8992733,0,0,0,1.841454,-0.5016872,-0.9606955,0.5796,-0.4008001,1.915,0.9984036,0.005772675,0.05618679,0.001543704,0.9916032,-0.1293087,-0.05646146,0.129189,0.9900112,static,14.271451166012364,-10.69885150944388,16.839131587459715,-11.82109124669345,0.46993299999999993,-0.14669179999999998,1.9802645,0.24248490733820324,-0.18010631948994482,0.9532905019328367,12.870498031696457,-10.196156809740206,2.6953193708036416,2.802214262783278,4.288410454274017
05/10/2023 16:34:52.992856,488,True,True,True,True,Eyes,1.381685,-0.3545704,-2.932091,0.1897794,-0.05518331,0.9802748,0.0,0.0,0.0,0.0,0.0,0.0,0.0,-1.202853,-0.03256869,3.034507,1.371591,-0.3549401,-2.940902,-0.06511539,-0.02811396,0.0009937852,0.9974813,352.5392,356.7498,0.3261324,0.4236689,-0.1087191,-0.8992687,0,0,0,1.841947,-0.5004126,-0.9606485,0.5795999,-0.4008,1.915,0.9984173,0.005643866,0.05595686,0.001678739,0.991518,-0.1299586,-0.05621571,0.1298469,0.9899392,static,14.368400976206411,-10.804511373402608,16.83912884659031,-11.821088380307142,0.470356,-0.1454725,1.9802534999999999,0.24402067485253007,-0.18179179782091826,0.9525784767521835,12.958334806571004,-10.29885280971346,2.571853550261799,2.6716895441758823,4.168664475995883
05/10/2023 16:34:53.002336,489,True,True,True,True,Eyes,1.381646,-0.3545864,-2.932102,0.1916847,-0.0563591,0.9798371,0.0,0.0,0.0,0.0,0.0,0.0,0.0,-1.203786,-0.03645337,3.034076,1.371577,-0.3548842,-2.940898,-0.06556108,-0.02798228,0.000537315,0.9974561,352.4866,356.7681,0.2739923,0.4236763,-0.1087214,-0.899265,0,0,0,1.842194,-0.4990881,-0.9606135,0.5796,-0.4008001,1.915,0.9984334,0.004740993,0.05575173,0.002597201,0.9914029,-0.1308187,-0.05589264,0.1307585,0.9898375,static,14.477064889020477,-10.915706941935403,16.839131587459715,-11.82109124669345,0.47061700000000006,-0.1442039,1.9802844999999998,0.24574481896473513,-0.18355768900738778,0.9517962879007077,13.057168209826584,-10.406979436521064,2.4374544293431124,2.5296402564747926,4.037692311386198
05/10/2023 16:34:53.022678,490,True,True,True,True,Eyes,1.381607,-0.3546001,-2.932112,0.1935172,-0.0575093,0.9794099,0.0,0.0,0.0,0.0,0.0,0.0,0.0,-1.204742,-0.03753769,3.03365,1.371528,-0.3549669,-2.940876,-0.06560019,-0.02783643,0.0001643981,0.9974577,352.4808,356.7878,0.230022,0.4236819,-0.1087239,-0.899262,0,0,0,1.842514,-0.499418,-0.9606976,0.5796,-0.4008001,1.915,0.9984502,0.00398011,0.05550975,0.003324189,0.9913932,-0.130876,-0.05555288,0.1308577,0.9898435,static,14.57685037976037,-10.980282516474144,16.839131587459715,-11.82109124669345,0.4709859999999999,-0.1444511,1.9801783999999998,0.24735519081455895,-0.18455225384507976,0.951186550408559,13.149917755811162,-10.470050312173411,2.326324775782354,2.4134779020166337,3.928817926854817
05/10/2023 16:34:53.042833,491,True,True,True,True,Eyes,1.381562,-0.3546137,-2.93212,0.1954205,-0.05865622,0.9789639,0.0,0.0,0.0,0.0,0.0,0.0,0.0,-1.204793,-0.03516984,3.033596,1.371469,-0.354923,-2.940845,-0.0652734,-0.02780997,0.0003347457,0.9974798,352.5189,356.7897,0.2483899,0.4236858,-0.1087267,-0.8992598,0,0,0,1.842658,-0.5004849,-0.9607958,0.5796,-0.4008,1.915,0.998453,0.004298306,0.05543607,0.002962698,0.9914786,-0.1302364,-0.05552347,0.1301992,0.989932,static,14.685642376308163,-11.016974583150192,16.839131587459715,-11.821088380307142,0.47118899999999986,-0.14556190000000002,1.9800491999999998,0.24913596352199238,-0.18507415031227026,0.950620256482213,13.252827303018424,-10.50628158948908,2.215208760972004,2.298720248600142,3.819724508100453
05/10/2023 16:34:53.056957,492,True,True,True,True,Eyes,1.381521,-0.3546273,-2.932129,0.1972384,-0.05977086,0.9785317,0.0,0.0,0.0,0.0,0.0,0.0,0.0,-1.203877,-0.0333854,3.033949,1.37147,-0.3549099,-2.940815,-0.06509794,-0.02794563,0.0006310784,0.9974875,352.54,356.772,0.2829962,0.423688,-0.1087296,-0.8992584,0,0,0,1.84229,-0.500843,-0.9607055,0.5795999,-0.4008,1.915,0.9984373,0.004897391,0.05566866,0.00237942,0.9915237,-0.129904,-0.05583299,0.1298334,0.9899626,static,14.80714712214971,-11.073270501940257,16.83912884659031,-11.821088380307142,0.47082,-0.14593310000000004,1.9801095000000002,0.2511109872544649,-0.1859100763995685,0.9499371271919972,13.366949628290355,-10.561526895629061,2.086689564664048,2.1652208450099826,3.6935787060354532
05/10/2023 16:34:53.078097,493,True,True,True,True,Eyes,1.381464,-0.3546428,-2.932139,0.1991144,-0.06092296,0.9780806,0.0,0.0,0.0,0.0,0.0,0.0,0.0,-1.203241,-0.03223699,3.034266,1.371526,-0.3549198,-2.940841,-0.06491161,-0.02805889,0.0006472131,0.9974964,352.5615,356.7589,0.2850909,0.4236889,-0.1087326,-0.8992576,0,0,0,1.841913,-0.5015628,-0.960681,0.5795999,-0.4008,1.915,0.9984245,0.004933881,0.05589325,0.00235151,0.9915721,-0.1295345,-0.0560613,0.1294619,0.9899984,static,14.933407174951066,-11.123323482998986,16.83912884659031,-11.821088380307142,0.4703869999999999,-0.14664299999999997,1.9801599999999997,0.25316821750793983,-0.18663644711733363,0.9492483877732703,13.485986438145781,-10.61078371290276,1.9556594451527611,2.0294459691430404,3.564884486101899
05/10/2023 16:34:53.093022,494,True,True,True,True,Eyes,1.381409,-0.3546566,-2.932149,0.2009228,-0.0620257,0.9776415,0.0,0.0,0.0,0.0,0.0,0.0,0.0,-1.203722,-0.03087124,3.034112,1.371563,-0.3549317,-2.940845,-0.0646967,-0.02798468,0.0006666775,0.9975123,352.5862,356.7675,0.2860681,0.4236881,-0.1087359,-0.8992576,0,0,0,1.842256,-0.5024061,-0.96082,0.5795999,-0.4008001,1.915,0.9984328,0.004951071,0.05574387,0.002290996,0.9916278,-0.1291088,-0.0559164,0.1290342,0.9900624,static,15.033703530010461,-11.166462763094314,16.83912884659031,-11.82109124669345,0.4706929999999998,-0.14747439999999995,1.980025,0.2547983356250576,-0.18726823155802635,0.9486877669467494,13.580365643673582,-10.653172303645372,1.8506582710398503,1.9204424035327772,3.4617296645195488
05/10/2023 16:34:53.102238,495,True,True,True,True,Eyes,1.381334,-0.3546727,-2.93216,0.2027381,-0.06312324,0.9771963,0.0,0.0,0.0,0.0,0.0,0.0,0.0,-1.204272,-0.03091976,3.0339,1.371527,-0.3549042,-2.940872,-0.06472413,-0.0278851,0.0007172482,0.9975132,352.5832,356.7786,0.2912435,0.4236859,-0.1087393,-0.8992583,0,0,0,1.84264,-0.5022238,-0.9609348,0.5796001,-0.4008,1.915,0.9984438,0.005040607,0.05553867,0.002178748,0.9916205,-0.1291664,-0.05572436,0.1290864,0.9900664,static,15.132379166663611,-11.23813485145233,16.839134328329035,-11.821088380307142,0.4711130000000001,-0.1473196,1.9799372000000002,0.2563766052533578,-0.18837347850065775,0.9480434368897471,13.671668990015668,-10.72308295884728,1.739483724546669,1.80356535747276,3.352380135809759
05/10/2023 16:34:53.127203,496,True,True,True,True,Eyes,1.381265,-0.3546864,-2.932174,0.2044787,-0.06417549,0.976765,0.0,0.0,0.0,0.0,0.0,0.0,0.0,-1.204734,-0.03116229,3.033725,1.371528,-0.3549236,-2.940881,-0.06475906,-0.02781014,0.0006925635,0.9975131,352.5791,356.7874,0.2879523,0.4236819,-0.1087429,-0.8992597,0,0,0,1.842921,-0.5021365,-0.9610027,0.5795999,-0.4008,1.915,0.9984522,0.0049836,0.05539225,0.002220234,0.9916116,-0.1292346,-0.05557166,0.1291575,0.9900658,static,15.230527392613357,-11.306038041476391,16.83912884659031,-11.821088380307142,0.47139299999999995,-0.14721289999999998,1.9798783000000002,0.25794760873361106,-0.18941494449389173,0.9474095774512826,13.762663960306512,-10.789352614072921,1.6304997269367294,1.6890457333259024,3.244859763975031
05/10/2023 16:34:53.142002,497,True,True,True,True,Eyes,1.381196,-0.354699,-2.932189,0.2061716,-0.06525546,0.9763376,0.0,0.0,0.0,0.0,0.0,0.0,0.0,-1.204686,-0.03135967,3.033836,1.371563,-0.3548799,-2.940967,-0.06477751,-0.02782369,0.0006810081,0.9975116,352.5769,356.7859,0.2867823,0.4236763,-0.1087467,-0.8992619,0,0,0,1.842896,-0.5020313,-0.9610695,0.5796001,-0.4008,1.915,0.9984508,0.004963325,0.05542069,0.002246072,0.9916068,-0.1292705,-0.05559715,0.1291947,0.9900594,static,15.335978324017319,-11.374425314011274,16.839134328329035,-11.821088380307142,0.471333,-0.14715139999999993,1.9798975,0.2596375913039765,-0.1904563461468031,0.946739042331312,13.860671761800605,-10.85614467051215,1.515307580134719,1.5681153873650977,3.1308713840213946
05/10/2023 16:34:53.161130,498,True,True,True,True,Eyes,1.381128,-0.3547121,-2.932202,0.2077959,-0.06628855,0.9759235,0.0,0.0,0.0,0.0,0.0,0.0,0.0,-1.204733,-0.03168321,3.03382,1.371562,-0.3548521,-2.940978,-0.06483328,-0.02781476,0.0006961817,0.9975082,352.5706,356.7868,0.2886477,0.4236694,-0.1087505,-0.8992647,0,0,0,1.842938,-0.5017685,-0.9610729,0.5796,-0.4008,1.915,0.9984518,0.004995538,0.05540064,0.002217751,0.9915923,-0.1293822,-0.05558118,0.1293047,0.990046,static,15.434539299054043,-11.444956542759732,16.839131587459715,-11.821088380307142,0.471376,-0.14691639999999995,1.9799050999999999,0.26120979625448865,-0.1915374791188863,0.9460881683033738,13.951925121607049,-10.924953521831135,1.4070927245478213,1.454082066413541,3.023081021249224
05/10/2023 16:34:53.172395,499,True,True,True,True,Eyes,1.381041,-0.3547261,-2.932218,0.2093931,-0.06733958,0.9755101,0.0,0.0,0.0,0.0,0.0,0.0,0.0,-1.2046,-0.03170365,3.033851,1.371503,-0.3548748,-2.940979,-0.06486296,-0.02782418,0.0007495495,0.997506,352.5674,356.7853,0.2949677,0.4236613,-0.1087543,-0.8992681,0,0,0,1.84287,-0.5016174,-0.9610602,0.5796,-0.4008,1.915,0.9984506,0.005104878,0.05541234,0.002114157,0.9915845,-0.1294441,-0.05560681,0.1293606,0.9900372,static,15.53305112860856,-11.514719563087189,16.839131587459715,-11.821088380307142,0.4713670000000001,-0.1467426,1.9799188,0.2627801717123096,-0.19260419225099049,0.9454365399361235,14.043171870256339,-10.993020675614996,1.3003629927097047,1.3415319665060517,2.9160052921382187
05/10/2023 16:34:53.189565,500,True,True,True,True,Eyes,1.380956,-0.3547405,-2.932231,0.2109282,-0.06834862,0.9751091,0.0,0.0,0.0,0.0,0.0,0.0,0.0,-1.204533,-0.03267717,3.033899,1.371505,-0.3548622,-2.941013,-0.06499179,-0.02783882,0.0006796644,0.9974971,352.5523,356.784,0.287445,0.4236515,-0.1087583,-0.8992721,0,0,0,1.842774,-0.5011697,-0.9610382,0.5796,-0.4008,1.915,0.9984491,0.004974516,0.05544994,0.002262663,0.9915512,-0.1296961,-0.05562663,0.1296204,0.9900022,static,15.63076891153243,-11.590039020939633,16.839131587459715,-11.821088380307142,0.47126899999999994,-0.14630750000000003,1.9799748,0.264330813007568,-0.19376174904255056,0.9447674857956766,14.133358508573222,-11.066443815920461,1.195263346265982,1.230253698648488,2.809038335976434
05/10/2023 16:34:53.202474,501,True,True,True,True,Eyes,1.380909,-0.354753,-2.932243,0.2123218,-0.0693487,0.974736,0.0,0.0,0.0,0.0,0.0,0.0,0.0,-1.204679,-0.03257573,3.033801,1.37146,-0.3548862,-2.940988,-0.06498554,-0.02780687,0.0006918117,0.9974985,352.5531,356.7876,0.2885848,0.4236405,-0.1087624,-0.8992769,0,0,0,1.842861,-0.5012076,-0.9610459,0.5795999,-0.4008001,1.915,0.9984527,0.004994251,0.0553847,0.002233927,0.9915528,-0.1296844,-0.05556454,0.1296075,0.9900073,static,15.712758556777514,-11.651123988540753,16.83912884659031,-11.82109124669345,0.4714010000000002,-0.1463214,1.9799421,0.26563237145312146,-0.1946966607248584,0.9442100995973884,14.209141203859586,-11.126011576167173,1.1091938486474897,1.139121985836858,2.720288725355312
05/10/2023 16:34:53.227392,502,True,True,True,True,Eyes,1.380863,-0.3547678,-2.932256,0.2136585,-0.07031532,0.9743746,0.0,0.0,0.0,0.0,0.0,0.0,0.0,-1.204736,-0.03226539,3.033761,1.371455,-0.3549022,-2.940968,-0.06493054,-0.02779783,0.0006761363,0.9975024,352.5594,356.7888,0.2865294,0.4236292,-0.1087665,-0.8992816,0,0,0,1.842884,-0.5014575,-0.9610494,0.5796,-0.4008001,1.915,0.9984537,0.004958751,0.055369,0.002260961,0.9915671,-0.1295743,-0.05554461,0.1294991,0.9900226,static,15.794107273504503,-11.703875000208907,16.839131587459715,-11.82109124669345,0.4714289999999999,-0.1465553,1.9799185999999998,0.26692956994835937,-0.1954931983623931,0.9436795399156105,14.284748305698741,-11.177532169955185,1.0261892545271594,1.0515776077862662,2.6342061869550317
05/10/2023 16:34:53.242142,503,True,True,True,True,Eyes,1.380833,-0.3547823,-2.932268,0.2148776,-0.07126131,0.9740378,0.0,0.0,0.0,0.0,0.0,0.0,0.0,-1.204651,-0.03157035,3.033842,1.371444,-0.3549749,-2.941005,-0.06483617,-0.02780851,0.000700341,0.9975082,352.5703,356.7875,0.2890898,0.4236177,-0.1087707,-0.8992865,0,0,0,1.842847,-0.5018759,-0.9611052,0.5796,-0.4008001,1.915,0.9984524,0.005003186,0.05538762,0.002208803,0.9915916,-0.1293882,-0.05556925,0.1293103,0.9900459,static,15.86989771291031,-11.751940168622461,16.839131587459715,-11.82109124669345,0.4714029999999998,-0.14690100000000006,1.9798998,0.26813814689309223,-0.19621644539344751,0.9431867438908452,14.355246815224024,-11.224488838519246,0.9504459844593773,0.9716975739253602,2.5545289184473146
05/10/2023 16:34:53.252450,504,True,True,True,True,Eyes,1.380805,-0.354794,-2.932282,0.2160406,-0.07215957,0.9737142,0.0,0.0,0.0,0.0,0.0,0.0,0.0,-1.204476,-0.02973467,3.033942,1.371451,-0.3549944,-2.941012,-0.06460849,-0.02782886,0.0008762037,0.9975223,352.597,356.784,0.3087653,0.4236065,-0.1087749,-0.8992913,0,0,0,1.842874,-0.5026064,-0.9611709,0.5796001,-0.4008,1.915,0.9984496,0.005344026,0.05540658,0.001847896,0.9916499,-0.1289456,-0.05563302,0.128848,0.9901026,static,15.940344578461646,-11.786083830077631,16.839134328329035,-11.821088380307142,0.4714229999999999,-0.14761200000000002,1.9798411000000002,0.26927020091314674,-0.19671393614682992,0.9427603480728278,14.421333655581266,-11.257970736553087,0.8814234407934028,0.8994711407285133,2.48251114274371
05/10/2023 16:34:53.272058,505,True,True,True,True,Eyes,1.380779,-0.3548038,-2.932295,0.2171392,-0.07299481,0.9734076,0.0,0.0,0.0,0.0,0.0,0.0,0.0,-1.203925,-0.03041458,3.034204,1.371477,-0.3549404,-2.941058,-0.06472372,-0.02792172,0.0009105735,0.9975121,352.5839,356.7729,0.3138005,0.4235954,-0.1087791,-0.899296,0,0,0,1.842552,-0.5020561,-0.9610969,0.5796001,-0.4008,1.915,0.9984391,0.005431011,0.05558664,0.001797779,0.99162,-0.1291762,-0.05582238,0.1290745,0.9900625,static,16.019287196228614,-11.852423134982837,16.839134328329035,-11.821088380307142,0.4710749999999999,-0.14711570000000002,1.9799611,0.27051228467395416,-0.1977338777448644,0.9421913009754407,14.493900793914216,-11.322585906778539,0.8074350799508909,0.820445724508252,2.397629047008306
05/10/2023 16:34:53.292081,506,True,True,True,True,Eyes,1.38075,-0.3548134,-2.932305,0.2181964,-0.07379932,0.9731105,0.0,0.0,0.0,0.0,0.0,0.0,0.0,-1.20423,-0.03178048,3.034052,1.371477,-0.3548999,-2.941045,-0.06484038,-0.02788492,0.0006645528,0.9975058,352.5697,356.7789,0.2855506,0.4235847,-0.1087831,-0.8993005,0,0,0,1.842559,-0.5018167,-0.9610707,0.5795999,-0.4007999,1.915,0.998444,0.004941928,0.05554456,0.002290347,0.9915906,-0.1293944,-0.05571692,0.1293202,0.9900363,static,16.08491624736923,-11.90837438982475,16.83912884659031,-11.821085513920774,0.471082,-0.14691680000000001,1.9799742999999999,0.27154315898637704,-0.19859397308819057,0.9417137571876173,14.554187139446565,-11.377075805194206,0.7502080952695857,0.7592469905639391,2.327681942725084
05/10/2023 16:34:53.302512,507,True,True,True,True,Eyes,1.380725,-0.3548222,-2.932316,0.2192131,-0.07457621,0.9728227,0.0,0.0,0.0,0.0,0.0,0.0,0.0,-1.204322,-0.03141677,3.033948,1.371388,-0.3549045,-2.941013,-0.06479576,-0.02785361,0.0006961378,0.9975096,352.5749,356.7823,0.2888102,0.4235742,-0.108787,-0.899305,0,0,0,1.842611,-0.5019661,-0.9610834,0.5795999,-0.4008,1.915,0.9984474,0.004998399,0.05547827,0.002220783,0.991602,-0.1293076,-0.05565869,0.12923,0.9900513,static,16.143621220554667,-11.95198486182108,16.83912884659031,-11.821088380307142,0.47122299999999995,-0.14706159999999996,1.9799295999999997,0.27247049723920724,-0.19925640754249746,0.9413058547211643,14.608454626587323,-11.41960438167756,0.7016482501835309,0.7077179853207514,2.2665164629760652
05/10/2023 16:34:53.322248,508,True,True,True,True,Eyes,1.380703,-0.3548307,-2.932323,0.2201917,-0.07531828,0.9725445,0.0,0.0,0.0,0.0,0.0,0.0,0.0,-1.203706,-0.03105658,3.034193,1.37139,-0.3549009,-2.941009,-0.06480292,-0.02794674,0.0008603506,0.9975063,352.5746,356.7704,0.3084601,0.423564,-0.1087908,-0.8993094,0,0,0,1.842338,-0.5017558,-0.9609975,0.5795999,-0.4008,1.915,0.9984365,0.00533847,0.05564259,0.001905651,0.9915997,-0.1293307,-0.0558656,0.1292346,0.9900391,static,16.212697462461755,-12.003957725466675,16.83912884659031,-11.821088380307142,0.4709479999999999,-0.14685489999999995,1.9800115000000003,0.2735602381268798,-0.20004586451137968,0.9408222365246042,14.672274521761857,-11.470281193623324,0.6495790774530371,0.652577563528117,2.195067959598697
05/10/2023 16:34:53.342176,509,True,True,True,True,Eyes,1.380703,-0.3548307,-2.932323,0.2201917,-0.07531828,0.9725445,0.0,0.0,0.0,0.0,0.0,0.0,0.0,-1.203844,-0.03086945,3.034121,1.371448,-0.3549044,-2.940961,-0.06482034,-0.02792798,0.0009689167,0.9975057,352.573,356.7717,0.3208917,0.4235541,-0.1087945,-0.8993136,0,0,0,1.842528,-0.5015777,-0.9609683,0.5796,-0.4008,1.915,0.9984382,0.005553601,0.05559102,0.001687602,0.9915948,-0.1293714,-0.05584224,0.1292632,0.9900367,static,16.208981522649268,-12.009030774076548,16.839131587459715,-11.821088380307142,0.47107999999999994,-0.1466733,1.9799927000000002,0.27349424892456325,-0.20013306990209584,0.9408228752895258,14.668423869940092,-11.475148597359958,0.6546937659879803,0.6575799932756359,2.1981006183350194
05/10/2023 16:34:53.352151,510,True,True,True,True,Eyes,1.380703,-0.3548307,-2.932323,0.2201917,-0.07531828,0.9725445,0.0,0.0,0.0,0.0,0.0,0.0,0.0,-1.204347,-0.03099579,3.033916,1.371482,-0.3549178,-2.940941,-0.06483849,-0.02785173,0.0009509094,0.9975066,352.5708,356.7806,0.3183049,0.4235452,-0.1087978,-0.8993174,0,0,0,1.842852,-0.5015435,-0.961013,0.5796,-0.4008,1.915,0.9984468,0.005508805,0.05544125,0.001714651,0.9915901,-0.1294066,-0.05568787,0.1293007,0.9900405,static,16.200529050547985,-12.010225491971255,16.839131587459715,-11.821088380307142,0.47136999999999984,-0.14662570000000003,1.9799280000000001,0.27335386112072574,-0.2001609915788604,0.9408577345124273,14.660213800748355,-11.476237548286152,0.6630504361683185,0.6660225575449682,2.2060382629484687
05/10/2023 16:34:53.372291,511,True,True,True,True,Eyes,1.380703,-0.3548307,-2.932323,0.2201917,-0.07531828,0.9725445,0.0,0.0,0.0,0.0,0.0,0.0,0.0,-1.204672,-0.03060126,3.033841,1.371539,-0.3549177,-2.940965,-0.06473663,-0.02781216,0.0008648621,0.9975145,352.5822,356.7859,0.3077546,0.4235372,-0.1088007,-0.8993208,0,0,0,1.84302,-0.5020378,-0.9611,0.5796,-0.4008,1.915,0.9984515,0.005326355,0.05537408,0.001875506,0.9916169,-0.1291996,-0.05559803,0.1291033,0.9900713,static,16.19663612465397,-11.99574544556134,16.839131587459715,-11.821088380307142,0.47148100000000004,-0.14712009999999998,1.9798649999999998,0.27330330633340083,-0.19992619302689366,0.9409223414396658,14.657229931720998,-11.462234760778092,0.6622894395576336,0.6658119180137712,2.2112147692081954
05/10/2023 16:34:53.392169,512,True,True,True,True,Eyes,1.380703,-0.3548307,-2.932323,0.2201917,-0.07531828,0.9725445,0.0,0.0,0.0,0.0,0.0,0.0,0.0,-1.204892,-0.03071773,3.033762,1.371555,-0.3549301,-2.940966,-0.06471635,-0.02778383,0.0007655642,0.9975166,352.5842,356.7899,0.2960302,0.42353,-0.1088034,-0.8993239,0,0,0,1.843092,-0.5022362,-0.9611285,0.5796,-0.4008,1.915,0.998455,0.005123462,0.05533057,0.002068811,0.9916224,-0.1291538,-0.05552875,0.1290687,0.9900796,static,16.19473669559935,-11.990376502274565,16.839131587459715,-11.821088380307142,0.4715369999999999,-0.1473061,1.9798375,0.27327704176089934,-0.19983957251997794,0.9409483706520474,14.655684061641617,-11.457039326080148,0.6625189674996894,0.6662606433633829,2.213588672695255
05/10/2023 16:34:53.402402,513,True,True,True,True,Eyes,1.380703,-0.3548307,-2.932323,0.2201917,-0.07531828,0.9725445,0.0,0.0,0.0,0.0,0.0,0.0,0.0,-1.204942,-0.03218955,3.033765,1.371525,-0.3548871,-2.941025,-0.06487082,-0.02778038,0.0005736267,0.9975068,352.5659,356.7917,0.2743859,0.4235236,-0.1088058,-0.8993267,0,0,0,1.842968,-0.5017865,-0.9611349,0.5795999,-0.4008,1.915,0.9984559,0.004748665,0.05534781,0.002459879,0.9915829,-0.12945,-0.05549666,0.1293863,0.9900401,static,16.19817827864145,-12.00265737055554,16.83912884659031,-11.821088380307142,0.47144299999999983,-0.1468994,1.9798900999999998,0.27332223263916444,-0.20003858223770069,0.9408929563413534,14.658349590920354,-11.468916478464148,0.662911289859921,0.6661718462782621,2.2090321886310567
05/10/2023 16:34:53.427182,514,True,True,True,True,Eyes,1.380703,-0.3548307,-2.932323,0.2201917,-0.07531828,0.9725445,0.0,0.0,0.0,0.0,0.0,0.0,0.0,-1.204627,-0.03296638,3.033885,1.371511,-0.3548839,-2.941035,-0.06493274,-0.0278382,0.000421883,0.9975012,352.5583,356.7861,0.2575303,0.4235177,-0.108808,-0.8993292,0,0,0,1.842642,-0.5016949,-0.9610645,0.5796,-0.4008,1.915,0.9984497,0.004456878,0.05548249,0.002773563,0.9915671,-0.1295644,-0.05559207,0.1295175,0.9900175,static,16.207553109771748,-12.005701754200581,16.839131587459715,-11.821088380307142,0.47113099999999997,-0.14681100000000008,1.9799704999999999,0.2734738410520408,-0.20007961249624243,0.9408401774238255,14.667223750275694,-11.471925264909647,0.6549899208386953,0.658007196996331,2.1997951119082555
05/10/2023 16:34:53.442417,515,True,True,True,True,Eyes,1.380913,-0.3548048,-2.932333,0.2210813,-0.07576232,0.9723082,2.026304,1.828891,-0.5083224,-0.9621408,-0.8924806,-0.4442055,-0.07848482,0.5661413,-0.407292,1.913718,1.3715,-0.3548862,-2.941022,-0.06495638,-0.02792009,0.000362915,0.9974974,352.5554,356.777,0.2514249,0.4235125,-0.10881,-0.8993315,0,0,0,1.842276,-0.5016605,-0.9609638,0.5796,-0.4008,1.915,0.9984407,0.00435119,0.05565329,0.002903163,0.9915611,-0.1296079,-0.05574759,0.1295674,0.9900023,static,16.272681301871778,-12.035082289314607,16.839131587459715,-11.821088380307142,0.4707760000000001,-0.14677429999999997,1.9800581999999998,0.2745190502231576,-0.20049995466710474,0.9404462586303252,14.72843703414022,-11.50077047214027,0.6042778364936803,0.6055240037644674,2.1348618362097764
05/10/2023 16:34:53.458021,516,True,True,True,True,Eyes,1.381115,-0.3547783,-2.932342,0.2219336,-0.07618651,0.9720808,2.022581,1.829993,-0.5088717,-0.9662304,-0.8123981,-0.465856,-0.3506957,0.5671135,-0.4070821,1.909569,1.371508,-0.3548787,-2.941038,-0.06490483,-0.02794364,0.0003330592,0.9975002,352.5612,356.7746,0.2479903,0.423513,-0.1088106,-0.8993312,0,0,0,1.842176,-0.5018857,-0.9609715,0.5796001,-0.4008,1.915,0.9984381,0.004291807,0.05570434,0.002962901,0.9915745,-0.1295038,-0.0557908,0.1294665,0.9900131,static,16.3278799291667,-12.055087808149668,16.839134328329035,-11.821088380307142,0.4706680000000001,-0.147007,1.9800665,0.2754090855984321,-0.200775136944919,0.9401272088383382,14.780577357837743,-11.520493597491665,0.5620806350470313,0.5622604315559394,2.0803879504107328
05/10/2023 16:34:53.473126,517,True,True,True,True,Eyes,1.381188,-0.3547648,-2.932352,0.2227762,-0.07654851,0.9718596,2.021052,1.83143,-0.5094733,-0.9681739,-0.7097208,-0.5142758,-0.4814736,0.5685103,-0.4075592,1.907429,1.371509,-0.3548367,-2.941028,-0.06492098,-0.02796819,0.0003675575,0.9974984,352.5595,356.7715,0.2522044,0.4235184,-0.1088101,-0.8993286,0,0,0,1.842099,-0.5017424,-0.9609359,0.5796,-0.4008,1.915,0.9984353,0.00436472,0.05574872,0.002898169,0.9915703,-0.1295377,-0.05584417,0.1294966,0.9900061,static,16.38188672662089,-12.081100700209298,16.839131587459715,-11.821088380307142,0.47058999999999984,-0.14690570000000003,1.9800921000000002,0.2762734330095695,-0.2011500292267885,0.9397934069448399,14.8312502548445,-11.546004854994228,0.5266152156973712,0.5260031076566147,2.0266372126661523
05/10/2023 16:34:53.492369,518,True,True,True,True,Eyes,1.381256,-0.3547518,-2.932361,0.223596,-0.07690108,0.9716434,2.02023,1.832971,-0.5101097,-0.969418,-0.6081565,-0.5574801,-0.5651207,0.5697639,-0.4077756,1.906147,1.371513,-0.3548591,-2.941032,-0.06485195,-0.0279186,0.0004019483,0.9975042,352.5675,356.777,0.2555697,0.4235251,-0.108809,-0.8993257,0,0,0,1.842318,-0.502004,-0.9610081,0.5795999,-0.4008,1.915,0.9984408,0.004423041,0.0556457,0.00281926,0.9915881,-0.1294026,-0.05574996,0.1293577,0.9900295,static,16.425398756540485,-12.096302369027454,16.83912884659031,-11.821088380307142,0.4708049999999999,-0.14714490000000002,1.9800239,0.2769750115008976,-0.20135703063314792,0.9395424595532689,14.872381632675655,-11.561003805604189,0.4977543412927612,0.496905752633213,1.9838695999080866
05/10/2023 16:34:53.505474,519,True,True,True,True,Eyes,1.381186,-0.3547511,-2.932373,0.2243709,-0.07719468,0.9714416,2.019807,1.834372,-0.5106694,-0.970248,-0.5634955,-0.5599407,-0.6074037,0.5706145,-0.4079774,1.905359,1.371468,-0.3548591,-2.941005,-0.06477956,-0.02778189,0.0004323752,0.9975128,352.5759,356.7926,0.2578157,0.4235327,-0.1088076,-0.8993223,0,0,0,1.842829,-0.5022664,-0.9611327,0.5795999,-0.4008,1.915,0.998456,0.004461997,0.05536956,0.002736798,0.9916068,-0.1292609,-0.0554816,0.1292129,0.9900635,static,16.455996743914145,-12.106968705740078,16.83912884659031,-11.821088380307142,0.47136100000000014,-0.14740730000000002,1.9798723000000003,0.2774683067392011,-0.20150211093519282,0.9393659242497646,14.90130677917045,-11.571528414903804,0.47886197418281523,0.4780353214676719,1.953825616914542
05/10/2023 16:34:53.522201,520,True,True,True,True,Eyes,1.38112,-0.3547486,-2.932383,0.2251198,-0.07747308,0.9712461,2.019529,1.835756,-0.5112077,-0.9709232,-0.4930119,-0.5854045,-0.6436154,0.5716358,-0.4082856,1.904709,1.371469,-0.3548684,-2.941044,-0.06471833,-0.02771258,0.0005295983,0.9975187,352.5832,356.7999,0.268304,0.4235377,-0.1088064,-0.8993201,0,0,0,1.843157,-0.5024195,-0.9612613,0.5796,-0.4008001,1.915,0.9984635,0.004643592,0.05521908,0.002530456,0.9916225,-0.1291448,-0.05535618,0.1290861,0.9900871,static,16.491857771418545,-12.120309766552655,16.839131587459715,-11.82109124669345,0.4716879999999999,-0.14755110000000005,1.9797827000000003,0.2780454470495851,-0.20168578320359665,0.9391557716750106,14.935162659174388,-11.58467397355627,0.45896710100957244,0.45840029006811234,1.9185908388485533
05/10/2023 16:34:53.541965,521,True,True,True,True,Eyes,1.381002,-0.3547529,-2.932394,0.2258039,-0.07765203,0.971073,2.019712,1.83706,-0.5115876,-0.9711061,-0.4243954,-0.6253725,-0.6548265,0.5726577,-0.4088488,1.904414,1.37148,-0.3548274,-2.941017,-0.06474875,-0.02765403,0.0005830248,0.9975182,352.5799,356.8062,0.274124,0.4235404,-0.1088052,-0.8993189,0,0,0,1.843427,-0.5022062,-0.9612829,0.5796,-0.4008,1.915,0.9984698,0.004744283,0.0550953,0.002417972,0.9916145,-0.1292083,-0.0552463,0.1291439,0.9900857,static,16.52603355220325,-12.13697271656955,16.839131587459715,-11.821088380307142,0.4719469999999999,-0.14737880000000003,1.9797341,0.2785915304540185,-0.201925636100177,0.9389423874722865,14.967218021210492,-11.601012422813328,0.4447605381639699,0.4447620640043414,1.8848060448159387
05/10/2023 16:34:53.552123,522,True,True,True,True,Eyes,1.380886,-0.3547566,-2.932407,0.2264581,-0.07782183,0.970907,2.019586,1.838238,-0.5119245,-0.9715768,-0.3482106,-0.6419671,-0.6831015,0.5737691,-0.4090449,1.90389,1.371468,-0.3548642,-2.94104,-0.06473108,-0.02764473,0.0006085444,0.9975197,352.582,356.8071,0.2769385,0.4235397,-0.1088045,-0.8993194,0,0,0,1.843466,-0.5022865,-0.9613212,0.5795999,-0.4008001,1.915,0.9984708,0.004793016,0.05507354,0.002364877,0.9916191,-0.1291747,-0.05523111,0.1291074,0.9900913,static,16.564231143959894,-12.14690876793481,16.83912884659031,-11.82109124669345,0.47199800000000014,-0.14742229999999995,1.9797188000000001,0.27921007179927787,-0.20205065093304253,0.9387316875404468,15.003506583679464,-11.61088980778166,0.4254422646934435,0.4262930964246834,1.8476183959396273
05/10/2023 16:34:53.572056,523,True,True,True,True,Eyes,1.380773,-0.3547612,-2.93242,0.2270093,-0.0779059,0.9707716,2.019608,1.839243,-0.5121006,-0.9718412,-0.2713886,-0.6615028,-0.6991154,0.5749086,-0.4092953,1.903559,1.371436,-0.3548551,-2.941108,-0.06475406,-0.02767607,0.0006165312,0.9975173,352.5794,356.8034,0.2781685,0.423536,-0.108804,-0.8993211,0,0,0,1.843315,-0.5021764,-0.961353,0.5796,-0.4008001,1.915,0.9984673,0.004814276,0.05513487,0.002354275,0.9916131,-0.1292207,-0.05529456,0.1291524,0.9900819,static,16.601229741047863,-12.155937996712877,16.839131587459715,-11.82109124669345,0.47187899999999994,-0.1473213,1.979755,0.27980966152573933,-0.20216184312188867,0.9385292714722712,15.03868763819983,-11.619883030949913,0.40878786868523703,0.41075495678657453,1.8116520528261568
05/10/2023 16:34:53.592362,524,True,True,True,True,Eyes,1.380664,-0.3547668,-2.932429,0.227535,-0.0779822,0.9706424,2.01973,1.840223,-0.5122697,-0.9719939,-0.2062755,-0.6733899,-0.7099271,0.5759954,-0.4097715,1.903232,1.371427,-0.3548571,-2.941112,-0.06482941,-0.02771093,0.0006591284,0.9975114,352.5709,356.799,0.283586,0.4235297,-0.1088039,-0.8993241,0,0,0,1.843191,-0.5018344,-0.9613043,0.5796001,-0.4008001,1.915,0.9984633,0.004907942,0.05519847,0.00227799,0.9915935,-0.1293727,-0.0553694,0.1292996,0.9900585,static,16.636885554297454,-12.171577837853839,16.839134328329035,-11.82109124669345,0.47176400000000007,-0.14697730000000003,1.9798076999999998,0.2803805951660582,-0.20238290227538905,0.9383112229641707,15.07222376900399,-11.635245373343897,0.40111013764080977,0.40465468881566996,1.7766574271072628
05/10/2023 16:34:53.605424,525,True,True,True,True,Eyes,1.38054,-0.3547741,-2.932439,0.2280272,-0.07796317,0.9705284,2.020342,1.841233,-0.5122864,-0.9716387,-0.1172916,-0.7084468,-0.6959496,0.5772091,-0.4100042,1.903369,1.371408,-0.354888,-2.941049,-0.06487279,-0.02776201,0.0007048377,0.9975072,352.5661,356.7928,0.2893799,0.4235211,-0.108804,-0.8993281,0,0,0,1.842996,-0.5016429,-0.9611832,0.5796,-0.4008,1.915,0.9984576,0.005008159,0.05529414,0.002195837,0.991582,-0.1294613,-0.05547705,0.129383,0.9900416,static,16.671881875138933,-12.17793956568771,16.839131587459715,-11.821088380307142,0.4715880000000001,-0.14675490000000002,1.9798658,0.28094956290282025,-0.20245198403815595,0.9381260961547638,15.105616505198615,-11.64164929137402,0.3889837385019112,0.39410053892236835,1.742777360153573
05/10/2023 16:34:53.622393,526,True,True,True,True,Eyes,1.380422,-0.3547798,-2.932448,0.2284991,-0.0779506,0.9704185,2.020441,1.84209,-0.5122744,-0.9717753,-0.05359419,-0.705473,-0.7067075,0.5781557,-0.4099327,1.903168,1.371402,-0.3548909,-2.941049,-0.06485895,-0.02778831,0.0007217756,0.9975072,352.5677,356.7896,0.2914841,0.4235101,-0.1088046,-0.8993332,0,0,0,1.842895,-0.5016809,-0.9611633,0.5796,-0.4008001,1.915,0.9984546,0.005044594,0.05534445,0.002164688,0.9915856,-0.1294346,-0.05553171,0.1293544,0.9900422,static,16.702891654363956,-12.177047409621892,16.839131587459715,-11.82109124669345,0.47149299999999994,-0.14678999999999998,1.9798857,0.28146002232287504,-0.2024058432275063,0.9379831183687631,15.135551768017923,-11.641023002956334,0.37466217490311426,0.3811379137486533,1.7130699850303546
05/10/2023 16:34:53.642378,527,True,True,True,True,Eyes,1.380326,-0.3547846,-2.932457,0.2289001,-0.07791132,0.9703271,2.020221,1.842755,-0.5121827,-0.9721813,-0.006241166,-0.6821293,-0.731205,0.5788458,-0.4095361,1.902814,1.371386,-0.3548574,-2.941076,-0.0647684,-0.0278046,0.000779954,0.9975127,352.5783,356.7874,0.2980151,0.4234972,-0.1088053,-0.8993392,0,0,0,1.842848,-0.5019419,-0.9612041,0.5795999,-0.4008,1.915,0.9984527,0.005157747,0.05536985,0.002045691,0.9916089,-0.129258,-0.05557191,0.1291712,0.9900639,static,16.727287596940116,-12.166747212218919,16.83912884659031,-11.821088380307142,0.47146200000000005,-0.14708450000000006,1.9798718999999998,0.2818709051629598,-0.2022117862216329,0.9379015390190125,15.159611596989878,-11.631267853018663,0.35600862703081965,0.36330220643691546,1.6902100533026876
05/10/2023 16:34:53.653017,528,True,True,True,True,Eyes,1.380233,-0.3547896,-2.932468,0.2292859,-0.07787112,0.9702392,2.020179,1.843432,-0.5121033,-0.9724109,0.03816926,-0.6645081,-0.7463056,0.5794992,-0.4092448,1.902588,1.37139,-0.3548578,-2.941063,-0.06470698,-0.02781094,0.0008341438,0.9975165,352.5855,356.7863,0.3041072,0.423483,-0.1088063,-0.8993458,0,0,0,1.842859,-0.5021269,-0.9612066,0.5796001,-0.4008,1.915,0.9984518,0.005263268,0.05537578,0.001934979,0.9916247,-0.1291389,-0.05559168,0.1290462,0.9900791,static,16.749862441836516,-12.159570499233784,16.839134328329035,-11.821088380307142,0.4714689999999999,-0.14726910000000004,1.9798564,0.28224879185113644,-0.20207089691246571,0.9378182193821303,15.18175049787669,-11.624513103927857,0.3418601089285367,0.35005658764120184,1.6690005993793047
05/10/2023 16:34:53.676727,529,True,True,True,True,Eyes,1.380131,-0.3547955,-2.932478,0.2296689,-0.07782552,0.9701523,2.020448,1.844165,-0.5120379,-0.9723365,0.08537793,-0.6685539,-0.7387465,0.5802112,-0.4093048,1.902671,1.371374,-0.3548717,-2.941118,-0.0647267,-0.0278063,0.0008792492,0.9975152,352.5834,356.7865,0.3093366,0.4234678,-0.1088074,-0.8993528,0,0,0,1.842885,-0.5020161,-0.9612625,0.5796,-0.4008,1.915,0.9984521,0.005353748,0.05536057,0.00184549,0.9916193,-0.1291806,-0.05558822,0.1290828,0.9900745,static,16.7716339052133,-12.161128536019952,16.839131587459715,-11.821088380307142,0.471511,-0.14714439999999995,1.9798554999999998,0.28260493231848893,-0.20207431703028195,0.9377102553623788,15.202651669708441,-11.626181360784862,0.3372273265003121,0.3466745514251515,1.6480458936153064
05/10/2023 16:34:53.692694,530,True,True,True,True,Eyes,1.380033,-0.3547978,-2.932489,0.2300363,-0.07777257,0.9700694,2.020602,1.844845,-0.5119452,-0.9723648,0.1304707,-0.6609313,-0.7390177,0.5808373,-0.4090235,1.902683,1.371395,-0.3548602,-2.941133,-0.06466919,-0.02780107,0.0009008597,0.9975191,352.5901,356.787,0.3115995,0.4234514,-0.1088087,-0.8993604,0,0,0,1.84294,-0.5022088,-0.9613003,0.5795999,-0.4008,1.915,0.9984526,0.005392994,0.05534767,0.001798495,0.9916342,-0.1290676,-0.0555807,0.1289674,0.99009,static,16.792254374995842,-12.1525722153546,16.83912884659031,-11.821088380307142,0.4715450000000001,-0.1473486,1.9798327000000002,0.28295199229885715,-0.20191272096349097,0.9376403020058821,15.22298009283818,-11.618080493613583,0.3244919810285805,0.33478164373966274,1.6288489789769791
05/10/2023 16:34:53.702722,531,True,True,True,True,Eyes,1.379949,-0.3548017,-2.932499,0.2303635,-0.07774793,0.9699938,2.021304,1.845584,-0.5119539,-0.9718465,0.1774369,-0.6870472,-0.7046151,0.5816182,-0.4096423,1.903062,1.37139,-0.3547772,-2.941152,-0.064817,-0.02778864,0.0007971546,0.99751,352.5728,356.7891,0.300038,0.423434,-0.10881,-0.8993683,0,0,0,1.842924,-0.5016532,-0.9612824,0.5796,-0.4008,1.915,0.9984543,0.005192691,0.05533554,0.002012013,0.9915962,-0.1293555,-0.05554222,0.1292669,0.9900531,static,16.812927824649535,-12.165567932820792,16.839131587459715,-11.821088380307142,0.4715339999999999,-0.146876,1.9798696000000002,0.2832788381781473,-0.20210507262961094,0.9375002369321271,15.24221616163799,-11.63077787123811,0.3334665962990732,0.3454747447866734,1.6082154604061911
05/10/2023 16:34:53.722399,532,True,True,True,True,Eyes,1.379869,-0.354805,-2.932506,0.2306661,-0.07772028,0.9699241,2.021404,1.846138,-0.5119091,-0.9718978,0.211648,-0.6748044,-0.7069967,0.5821353,-0.4094735,1.902996,1.371369,-0.3548313,-2.941127,-0.06480599,-0.02777223,0.0007796861,0.9975111,352.574,356.7911,0.2978654,0.4234162,-0.1088114,-0.8993766,0,0,0,1.842958,-0.5017701,-0.9612752,0.5796,-0.4008,1.915,0.9984562,0.005155105,0.05530516,0.002044123,0.9915991,-0.1293327,-0.05550727,0.1292461,0.9900578,static,16.82932821815532,-12.162550113313305,16.839131587459715,-11.821088380307142,0.47158900000000004,-0.14693879999999998,1.9798517999999998,0.2835511395277617,-0.2020387382847046,0.9374322113508428,15.258183340728179,-11.62798975751447,0.3287361519536169,0.34160243142766206,1.5926972207447163
05/10/2023 16:34:53.742293,533,True,True,True,True,Eyes,1.379788,-0.3548036,-2.932511,0.2309298,-0.07770989,0.9698622,2.022574,1.846861,-0.5119776,-0.9708934,0.2995242,-0.6943256,-0.6543678,0.5834824,-0.4098502,1.903685,1.371366,-0.3548215,-2.941084,-0.06480908,-0.02794468,0.0009459264,0.997506,352.5742,356.77,0.3183294,0.423398,-0.1088129,-0.8993849,0,0,0,1.842368,-0.5015624,-0.9610776,0.5796,-0.4008,1.915,0.9984365,0.005509272,0.05562736,0.001735004,0.9915978,-0.1293477,-0.05587257,0.129242,0.9900377,static,16.862600169234323,-12.168706979923549,16.839131587459715,-11.821088380307142,0.4710019999999999,-0.14674089999999995,1.9800064000000002,0.28409145701767374,-0.20210576331304225,0.9372541763075374,15.289924958790635,-11.634182935147114,0.3333110387330633,0.3484099096320071,1.5604405864186828
05/10/2023 16:34:53.757310,534,True,True,True,True,Eyes,1.379711,-0.3548054,-2.932518,0.2311784,-0.07766698,0.9698064,2.023687,1.847544,-0.5119791,-0.9699337,0.3510292,-0.7212915,-0.5970905,0.5843029,-0.4103561,1.904439,1.371415,-0.3546878,-2.941037,-0.06492891,-0.02795223,0.0007514379,0.9974982,352.5598,356.7704,0.2963626,0.4233796,-0.1088143,-0.8993934,0,0,0,1.842279,-0.5011601,-0.9609778,0.5796,-0.4008,1.915,0.9984363,0.005128931,0.05566701,0.0021307,0.9915673,-0.1295749,-0.05586217,0.1294909,0.9900059,static,16.882033083343373,-12.174567966227295,16.839131587459715,-11.821088380307142,0.47086399999999995,-0.1464723,1.9800592000000001,0.2844047521081925,-0.20218204640740445,0.9371426908313545,15.308343895820787,-11.639985868131403,0.3395919607282479,0.3560735261309645,1.541463290769391
05/10/2023 16:34:53.777121,535,True,True,True,True,Eyes,1.379594,-0.3548111,-2.932522,0.231439,-0.07766031,0.9697448,0.0,0.0,0.0,0.0,0.0,0.0,0.0,-1.20351,-0.03519306,3.034313,1.371431,-0.3547766,-2.941095,-0.0653807,-0.02799561,0.0006580323,0.9974675,352.5077,356.7658,0.2874142,0.4233609,-0.1088156,-0.8994021,0,0,0,1.842064,-0.4995638,-0.960857,0.5795999,-0.4008001,1.915,0.9984316,0.004973476,0.05576337,0.002348013,0.9914499,-0.1304671,-0.05593546,0.1303934,0.9898832,static,16.90702895728788,-12.224296259159075,16.83912884659031,-11.82109124669345,0.47063299999999986,-0.1447872,1.980238,0.2847660075171852,-0.20297263494989642,0.93686207203705,15.329797212731291,-11.688163105005373,0.3889653063380886,0.40888226558527474,1.5151738751114272
05/10/2023 16:34:53.790085,536,True,True,True,True,Eyes,1.379478,-0.3548201,-2.932529,0.2316947,-0.07767855,0.9696822,0.0,0.0,0.0,0.0,0.0,0.0,0.0,-1.204143,-0.03701469,3.033964,1.371436,-0.3547628,-2.941015,-0.06548732,-0.02791763,0.0001948789,0.9974629,352.4939,356.7782,0.2337807,0.4233412,-0.1088172,-0.8994112,0,0,0,1.842121,-0.4996212,-0.9607946,0.5795999,-0.4008,1.915,0.9984412,0.004045269,0.05566806,0.003267732,0.9914227,-0.1306532,-0.05571911,0.1306314,0.989864,static,16.92122408600619,-12.223643188919922,16.83912884659031,-11.821088380307142,0.4706849999999998,-0.1448584,1.9802204,0.2849996175236289,-0.20294723969423203,0.9367964539038935,15.343513448523229,-11.687640301286077,0.39013379949044086,0.4108406044587406,1.5015571280273567
05/10/2023 16:34:53.802276,537,True,True,True,True,Eyes,1.379354,-0.3548307,-2.932535,0.2319308,-0.0777461,0.9696203,2.026273,1.84931,-0.5123655,-0.9678195,0.4652443,-0.7605168,-0.4529481,0.5861388,-0.4111971,1.90641,1.371374,-0.354845,-2.941092,-0.06516284,-0.02785097,0.0002138428,0.997486,352.5312,356.786,0.2343985,0.4233204,-0.108819,-0.8994207,0,0,0,1.842337,-0.5009667,-0.9610306,0.5795999,-0.4008,1.915,0.9984486,0.004056307,0.05553403,0.003203086,0.9915075,-0.13001,-0.05558977,0.1299861,0.9899562,static,16.92551401243749,-12.190767295275787,16.83912884659031,-11.821088380307142,0.4709629999999998,-0.14612169999999997,1.9800613999999999,0.2851025262756751,-0.20240320787927837,0.9368827937246715,15.349392368301961,-11.655947331411099,0.36001311095670385,0.37963784986594734,1.498861681668277
05/10/2023 16:34:53.827508,538,True,True,True,True,Eyes,1.379237,-0.3548406,-2.93254,0.2321504,-0.0778268,0.9695613,2.025894,1.849549,-0.5125094,-0.9683121,0.4895251,-0.7255071,-0.4837402,0.5864791,-0.4106323,1.905996,1.37135,-0.3548536,-2.941094,-0.0649308,-0.02791389,0.0004617411,0.9974992,352.5587,356.777,0.2626865,0.4232984,-0.1088211,-0.8994308,0,0,0,1.842205,-0.5016253,-0.9610549,0.5795999,-0.4008,1.915,0.9984412,0.004546116,0.05562821,0.00270377,0.9915676,-0.1295626,-0.05574813,0.129511,0.9900096,static,16.94096244846529,-12.177025870839737,16.83912884659031,-11.821088380307142,0.470855,-0.14677170000000006,1.9800391,0.28536966506900385,-0.20216174341149273,0.9368536263661044,15.365010957120353,-11.642803672334198,0.3503066594064458,0.37021828647093175,1.4848599224008836
05/10/2023 16:34:53.842432,539,True,True,True,True,Eyes,1.379146,-0.3548501,-2.932544,0.2323647,-0.07796718,0.9694988,2.026077,1.849935,-0.5128176,-0.9682651,0.5362738,-0.6917307,-0.483652,0.5871899,-0.410143,1.906016,1.371387,-0.3548439,-2.941066,-0.06472573,-0.0280057,0.0004525496,0.99751,352.5822,356.7667,0.2616386,0.4232756,-0.1088235,-0.8994412,0,0,0,1.84188,-0.5024273,-0.9610003,0.5796,-0.4008,1.915,0.998431,0.004528224,0.05581335,0.002722533,0.9916208,-0.1291545,-0.05593051,0.1291038,0.9900525,static,16.963735901484142,-12.162284481345523,16.839131587459715,-11.821088380307142,0.47049300000000005,-0.14758340000000003,1.9800657000000002,0.28575802234360603,-0.20189634238392695,0.9367926012533113,15.38774261587257,-11.628750468643275,0.34275337769516334,0.3632368572120558,1.4640778050049137
05/10/2023 16:34:53.856578,540,True,True,True,True,Eyes,1.379058,-0.3548564,-2.932547,0.2325723,-0.0780995,0.9694383,2.026008,1.850251,-0.5130866,-0.9684576,0.5649353,-0.6597589,-0.4955465,0.5875969,-0.409632,1.905895,1.371404,-0.3548673,-2.941064,-0.06452457,-0.02804253,0.0004980582,0.9975221,352.6054,356.7622,0.2664947,0.4232528,-0.108826,-0.8994517,0,0,0,1.84178,-0.5031931,-0.9610264,0.5795999,-0.4008,1.915,0.9984268,0.004612511,0.0558818,0.002625216,0.9916727,-0.1287573,-0.05601035,0.1287014,0.9901004,static,16.978901149955142,-12.14888596915414,16.83912884659031,-11.821088380307142,0.4703759999999999,-0.14832579999999995,1.9800376,0.28602011637542024,-0.201660798913332,0.9367632781789954,15.40307006928461,-11.61593557905705,0.33570246593111347,0.3563531339020557,1.4506386468509316
05/10/2023 16:34:53.872434,541,True,True,True,True,Eyes,1.378996,-0.3548602,-2.93255,0.2327475,-0.07824483,0.9693846,2.028372,1.851094,-0.5135697,-0.9662783,0.6161616,-0.7050194,-0.3511305,0.5884818,-0.4105829,1.907908,1.371378,-0.3547958,-2.941036,-0.06454461,-0.02802338,0.000542629,0.9975212,352.6033,356.7641,0.2715557,0.42323,-0.1088286,-0.8994622,0,0,0,1.841854,-0.5029972,-0.9610128,0.5796001,-0.4008,1.915,0.9984288,0.004700083,0.05583777,0.002534947,0.9916674,-0.1287996,-0.05597786,0.1287388,0.9900973,static,16.987105371905653,-12.161491575220461,16.839134328329035,-11.821088380307142,0.4704760000000001,-0.14820140000000004,1.9800232,0.2861423272104427,-0.20185921838911863,0.9366832866156335,15.410308709698027,-11.628162143662188,0.34958595731002823,0.3711734969584288,1.441791656669668
05/10/2023 16:34:53.892271,542,True,True,True,True,Eyes,1.378937,-0.354863,-2.932553,0.2329143,-0.07837818,0.9693336,0.0,0.0,0.0,0.0,0.0,0.0,0.0,-1.202868,-0.03083354,3.034585,1.371407,-0.3547708,-2.941076,-0.06460131,-0.02810483,0.0005397329,0.9975152,352.5968,356.7547,0.2720171,0.4232078,-0.1088311,-0.8994723,0,0,0,1.84156,-0.5027463,-0.9609596,0.5796,-0.4008,1.915,0.9984197,0.004708,0.05600025,0.002554434,0.9916528,-0.1289119,-0.05613972,0.1288512,0.9900736,static,17.007392009940606,-12.176690183000408,16.839131587459715,-11.821088380307142,0.47015300000000004,-0.14797549999999998,1.9801163999999998,0.2864601353713334,-0.20208761592685798,0.9365367182687492,15.429055088957908,-11.642982396472135,0.37020379326757163,0.3934008284843194,1.4212802232863695
05/10/2023 16:34:53.908641,543,True,True,True,True,Eyes,1.378893,-0.3548651,-2.932555,0.2330167,-0.07849845,0.9692993,0.0,0.0,0.0,0.0,0.0,0.0,0.0,-1.202935,-0.03181788,3.034537,1.371423,-0.3547522,-2.941059,-0.06471302,-0.0281029,0.0004242454,0.9975081,352.5836,356.7557,0.2590608,0.4231864,-0.1088336,-0.8994821,0,0,0,1.841518,-0.5024089,-0.9609051,0.5795999,-0.4008,1.915,0.9984201,0.004483623,0.05601083,0.00279087,0.9916241,-0.1291274,-0.05612065,0.1290797,0.9900449,static,17.016188506081516,-12.19346137847075,16.83912884659031,-11.821088380307142,0.47009499999999993,-0.14765670000000003,1.9801539000000001,0.28658785127268704,-0.20235368527368008,0.9364402339022213,15.436643576357728,-11.659233261090277,0.3879793875398299,0.4123248389079866,1.4117938988521175
05/10/2023 16:34:53.927309,544,True,True,True,True,Eyes,1.378852,-0.3548652,-2.932557,0.2331089,-0.07860062,0.9692689,0.0,0.0,0.0,0.0,0.0,0.0,0.0,-1.202987,-0.03263906,3.034496,1.371381,-0.3547605,-2.941066,-0.06486247,-0.02808569,0.0004502579,0.9974989,352.5665,356.7574,0.2624253,0.423166,-0.1088359,-0.8994914,0,0,0,1.841555,-0.5018021,-0.9608847,0.5795999,-0.4008,1.915,0.998422,0.004541677,0.05597248,0.002745151,0.9915853,-0.1294257,-0.0560893,0.1293752,0.9900081,static,17.02062028876335,-12.217755056980822,16.83912884659031,-11.821088380307142,0.4701740000000001,-0.14704160000000005,1.9801813000000001,0.2866364446562415,-0.20274765611293522,0.9363401912586814,15.43962615733257,-11.682710338919884,0.4105853614219076,0.4362150799380878,1.4063272235073232
05/10/2023 16:34:53.942267,545,True,True,True,True,Eyes,1.378832,-0.3548649,-2.932557,0.2331955,-0.07865965,0.9692432,0.0,0.0,0.0,0.0,0.0,0.0,0.0,-1.202587,-0.03393275,3.034618,1.371392,-0.3547128,-2.941044,-0.06504713,-0.02815622,0.000400797,0.9974848,352.5452,356.7495,0.2578652,0.4231465,-0.108838,-0.8995003,0,0,0,1.841258,-0.501074,-0.960739,0.5795999,-0.4008001,1.915,0.9984142,0.00446254,0.05611866,0.002863385,0.9915374,-0.1297896,-0.05622295,0.1297445,0.9899522,static,17.03614637357161,-12.24168037774407,16.83912884659031,-11.82109124669345,0.4698660000000001,-0.14636120000000002,1.9803050000000002,0.28686729286465934,-0.20312396290636953,0.9361878414518775,15.453321221820506,-11.705915898664783,0.43703621560250877,0.46444711549943196,1.390585536262926
05/10/2023 16:34:53.952324,546,True,True,True,True,Eyes,1.378812,-0.354864,-2.932555,0.2332753,-0.07870017,0.9692208,0.0,0.0,0.0,0.0,0.0,0.0,0.0,-1.202378,-0.03593004,3.034677,1.371429,-0.3547343,-2.941023,-0.06533985,-0.02820192,0.0003020984,0.9974645,352.5113,356.7447,0.2478034,0.4231285,-0.1088399,-0.8995086,0,0,0,1.841056,-0.5000422,-0.960584,0.5796,-0.4008,1.915,0.9984092,0.004288082,0.05622134,0.003082753,0.9914612,-0.1303654,-0.0563003,0.1303313,0.9898707,static,17.049797850097068,-12.275343949729349,16.839131587459715,-11.821088380307142,0.469627,-0.1453079,1.980439,0.28705760723760065,-0.20366187456896112,0.9360127202526893,15.464692844967537,-11.738504743325525,0.47118464310985225,0.5007278667746423,1.3769175407266006
05/10/2023 16:34:53.972357,547,True,True,True,True,Eyes,1.378785,-0.3548645,-2.932551,0.2333334,-0.07872792,0.9692045,0.0,0.0,0.0,0.0,0.0,0.0,0.0,-1.202228,-0.03756496,3.034678,1.371429,-0.3547229,-2.940984,-0.06557253,-0.02823146,0.0002146295,0.9974484,352.4843,356.7418,0.2387163,0.4231119,-0.1088417,-0.8995162,0,0,0,1.840888,-0.4992034,-0.9604446,0.5796,-0.4008001,1.915,0.9984059,0.004130581,0.0562907,0.003274253,0.9914004,-0.1308226,-0.056347,0.1307983,0.9898064,static,17.059680080281584,-12.3015135526083,16.839131587459715,-11.82109124669345,0.46945900000000007,-0.1444805,1.9805393999999998,0.2871934402967566,-0.20408068533372964,0.93587976016557,15.472829166300965,-11.76383334214658,0.49745826229463863,0.5286276853386888,1.3675016540016909
05/10/2023 16:34:53.992265,548,True,True,True,True,Eyes,1.378759,-0.3548666,-2.932547,0.2333831,-0.07875446,0.9691904,0.0,0.0,0.0,0.0,0.0,0.0,0.0,-1.201823,-0.03824177,3.034778,1.371426,-0.3547382,-2.94093,-0.06567805,-0.02829905,0.0001939374,0.9974396,352.4721,356.7341,0.2371946,0.4230962,-0.1088433,-0.8995234,0,0,0,1.840606,-0.4988199,-0.9602956,0.5795999,-0.4008001,1.915,0.9983983,0.004104135,0.05642771,0.003330371,0.9913728,-0.1310307,-0.05647866,0.1310088,0.9897711,static,17.07160053650675,-12.315131229621553,16.83912884659031,-11.82109124669345,0.46917999999999993,-0.14408169999999998,1.9806343999999998,0.28737524368131195,-0.20429148793768698,0.9357779785093115,15.483595903625543,-11.77706468150343,0.5136690408874823,0.5460023730206723,1.3562477273364002
05/10/2023 16:34:54.002313,549,True,True,True,True,Eyes,1.378752,-0.3548671,-2.932541,0.2333913,-0.07876148,0.9691879,0.0,0.0,0.0,0.0,0.0,0.0,0.0,-1.201367,-0.03828984,3.03496,1.371426,-0.3547794,-2.940928,-0.06568285,-0.02837529,0.0001754965,0.9974371,352.4715,356.7255,0.2356633,0.4230815,-0.1088449,-0.8995301,0,0,0,1.840296,-0.4988563,-0.9602193,0.5795999,-0.4008,1.915,0.9983896,0.004077633,0.05658208,0.003377446,0.9913715,-0.131039,-0.05662819,0.1310191,0.9897612,static,17.08126906632078,-12.315963144408009,16.83912884659031,-11.821088380307142,0.4688699999999999,-0.14407689999999995,1.9807087,0.28753294843912985,-0.20429498909908592,0.9357288154934609,15.49287051633436,-11.77794064483634,0.5181227701355187,0.550938216277478,1.3469495977429131
05/10/2023 16:34:54.022372,550,True,True,True,True,Eyes,1.378746,-0.354866,-2.932535,0.2333924,-0.0787724,0.9691867,0.0,0.0,0.0,0.0,0.0,0.0,0.0,-1.201083,-0.0367431,3.03506,1.371427,-0.3547639,-2.940897,-0.06542598,-0.02842242,0.0001839625,0.9974527,352.501,356.7201,0.2361375,0.4230682,-0.1088464,-0.8995363,0,0,0,1.84012,-0.4998411,-0.9602196,0.5795999,-0.4008,1.915,0.9983842,0.004086117,0.05667597,0.003352142,0.9914388,-0.1305291,-0.05672411,0.1305082,0.9898232,static,17.085013047242594,-12.28739745041606,16.83912884659031,-11.821088380307142,0.468693,-0.14507719999999996,1.9806774000000003,0.28762300293404236,-0.20382267693198666,0.9358040860072647,15.497994568940124,-11.75040291193861,0.49548891037398124,0.5271652387973406,1.342995750598923
05/10/2023 16:34:54.042710,551,True,True,True,True,Eyes,1.378741,-0.354861,-2.93253,0.2333675,-0.07877243,0.9691927,0.0,0.0,0.0,0.0,0.0,0.0,0.0,-1.200351,-0.03566304,3.035389,1.371471,-0.3547266,-2.940908,-0.06531826,-0.0285401,0.0003751238,0.9974562,352.5141,356.7052,0.2587029,0.4230561,-0.1088477,-0.8995417,0,0,0,1.839807,-0.5000203,-0.9601622,0.5795999,-0.4008,1.915,0.9983706,0.004476718,0.05688601,0.00298004,0.9914668,-0.1303256,-0.05698402,0.1302828,0.9898379,static,17.093495713584478,-12.281399257877133,16.83912884659031,-11.821088380307142,0.46833599999999986,-0.14529369999999997,1.9807457999999998,0.28776810857273993,-0.20371543759098065,0.9357828336175159,15.50648858261397,-11.744678808127922,0.4941545069305816,0.5259169202770383,1.3348290137285517
05/10/2023 16:34:54.060358,552,True,True,True,True,Eyes,1.378735,-0.3548575,-2.932524,0.2333495,-0.07877803,0.9691966,0.0,0.0,0.0,0.0,0.0,0.0,0.0,-1.200203,-0.03679255,3.035438,1.371519,-0.3546184,-2.940902,-0.06533664,-0.02859151,2.326292e-05,0.9974536,352.5108,356.7019,0.2185896,0.4230452,-0.1088487,-0.8995467,0,0,0,1.83946,-0.5002046,-0.9600851,0.5796001,-0.4008001,1.915,0.998365,0.003782553,0.05703437,0.003689739,0.9914622,-0.1303419,-0.05704045,0.1303392,0.9898273,static,17.10394067996593,-12.27327765426014,16.839134328329035,-11.82109124669345,0.46794100000000016,-0.1455862,1.9808168999999998,0.2879475179852106,-0.20357133057754123,0.9357590271354782,15.516986560727455,-11.736920448603412,0.49220458414332163,0.5240180827560353,1.324824306323278
05/10/2023 16:34:54.077389,553,True,True,True,True,Eyes,1.378753,-0.354852,-2.932517,0.2333107,-0.07880481,0.9692038,0.0,0.0,0.0,0.0,0.0,0.0,0.0,-1.20093,-0.03734067,3.035136,1.37149,-0.3546466,-2.940904,-0.0653316,-0.02847979,-0.0002200877,0.9974571,352.5106,356.7166,0.1896749,0.4230353,-0.1088496,-0.8995513,0,0,0,1.839737,-0.500515,-0.9601798,0.5795999,-0.4008,1.915,0.9983777,0.003282204,0.0568435,0.004160316,0.9914635,-0.1303184,-0.05678599,0.1303435,0.9898414,static,17.092463378301474,-12.266152470728414,16.83912884659031,-11.821088380307142,0.46824699999999986,-0.14586840000000006,1.9807242,0.2877664775264832,-0.20346652881832195,0.9358375461642311,15.506302494393312,-11.72995775704645,0.4811124861613661,0.5121136881004351,1.3359382005192595
05/10/2023 16:34:54.092066,554,True,True,True,True,Eyes,1.378769,-0.3548445,-2.93251,0.2332632,-0.07882656,0.9692134,0.0,0.0,0.0,0.0,0.0,0.0,0.0,-1.200464,-0.03609034,3.035256,1.371396,-0.3546378,-2.940867,-0.06518619,-0.0285337,-6.881924e-05,0.9974653,352.5278,356.7094,0.2070331,0.4230269,-0.1088502,-0.8995552,0,0,0,1.839516,-0.5009173,-0.9601426,0.5795999,-0.4008,1.915,0.9983717,0.003582717,0.05693172,0.003857296,0.9915015,-0.130038,-0.05691378,0.1300458,0.9898732,static,17.092632744026286,-12.255484121284878,16.83912884659031,-11.821088380307142,0.46811999999999987,-0.1462795,1.9807244,0.2877799169638906,-0.20329140330533846,0.9358714049000728,15.507031729415912,-11.71966401848635,0.4724534363446639,0.5029551528663632,1.3359527052837967
05/10/2023 16:34:54.103010,555,True,True,True,True,Eyes,1.378801,-0.3548376,-2.932501,0.2332043,-0.07884159,0.9692264,0.0,0.0,0.0,0.0,0.0,0.0,0.0,-1.199522,-0.03601354,3.035617,1.371387,-0.3545852,-2.940865,-0.0652062,-0.0286817,3.783558e-05,0.9974597,352.5258,356.6915,0.2205106,0.4230199,-0.1088505,-0.8995584,0,0,0,1.838983,-0.5006641,-0.9600021,0.5795999,-0.4008,1.915,0.9983547,0.003815929,0.05721275,0.003664971,0.9914963,-0.1300833,-0.05722262,0.1300789,0.9898511,static,17.10477566346343,-12.262672151038991,16.83912884659031,-11.821088380307142,0.4675960000000001,-0.14607889999999996,1.9808629,0.287971843745325,-0.20339656801798972,0.935789564826195,15.518353999068205,-11.726692393672007,0.48399055713249844,0.51532946537975,1.3241437988903841
05/10/2023 16:34:54.122104,556,True,True,True,True,Eyes,1.378834,-0.3548301,-2.932489,0.23315,-0.07886007,0.969238,0.0,0.0,0.0,0.0,0.0,0.0,0.0,-1.199216,-0.0357489,3.035717,1.371439,-0.3546177,-2.940812,-0.06519302,-0.02873804,9.861506e-05,0.9974589,352.5276,356.6845,0.2278972,0.4230145,-0.1088506,-0.8995609,0,0,0,1.838847,-0.5006811,-0.959904,0.5795999,-0.4008,1.915,0.9983482,0.003943768,0.05731716,0.00355031,0.9914997,-0.1300604,-0.05734288,0.130049,0.989848,static,17.107072374772578,-12.264333777749126,16.83912884659031,-11.821088380307142,0.4674079999999998,-0.1460634,1.9809080000000003,0.28800784797722845,-0.20342141520693918,0.9357731248134546,15.520479466055507,-11.728313252198374,0.48642715609442566,0.5179384293989632,1.3219090033661232
05/10/2023 16:34:54.142366,557,True,True,True,True,Eyes,1.378854,-0.3548257,-2.932478,0.2331418,-0.07884309,0.9692413,0.0,0.0,0.0,0.0,0.0,0.0,0.0,-1.199455,-0.03554213,3.035584,1.371472,-0.3545961,-2.940757,-0.06514744,-0.02870593,7.582274e-05,0.9974628,352.5327,356.6884,0.224874,0.4230106,-0.1088504,-0.8995628,0,0,0,1.838994,-0.5008653,-0.9598908,0.5795999,-0.4008001,1.915,0.9983519,0.003891496,0.05725631,0.003588975,0.9915116,-0.1299686,-0.05727607,0.1299599,0.9898635,static,17.102857578965086,-12.257151269705332,16.83912884659031,-11.82109124669345,0.467522,-0.14626919999999993,1.9808662,0.28794591894931665,-0.20330804866738933,0.9358167633042114,15.51679820933869,-11.721350196699136,0.478613306564095,0.5096088578008914,1.326086947099715
05/10/2023 16:34:54.152354,558,True,True,True,True,Eyes,1.378874,-0.3548197,-2.932469,0.2331381,-0.07882226,0.9692439,0.0,0.0,0.0,0.0,0.0,0.0,0.0,-1.199668,-0.03538883,3.035508,1.371483,-0.3546424,-2.940753,-0.06512071,-0.02867384,5.281166e-05,0.9974655,352.5357,356.6923,0.2218895,0.4230077,-0.1088501,-0.8995642,0,0,0,1.839119,-0.5010431,-0.9599233,0.5795999,-0.4008,1.915,0.9983557,0.003839877,0.05719544,0.003629165,0.9915186,-0.1299143,-0.0572092,0.1299083,0.9898742,static,17.099029619023323,-12.25192076879389,16.83912884659031,-11.821088380307142,0.46763599999999994,-0.14640069999999994,1.9808297,0.2878883909678834,-0.20322629132979522,0.9358522366744593,15.513386232430745,-11.71627376673755,0.4725649555387891,0.5031550044275349,1.3298795367311949
05/10/2023 16:34:54.172668,559,True,True,True,True,Eyes,1.378907,-0.354812,-2.932457,0.2331176,-0.07878128,0.9692521,0.0,0.0,0.0,0.0,0.0,0.0,0.0,-1.200215,-0.03648123,3.035312,1.371514,-0.3545972,-2.940778,-0.06522573,-0.02859731,-0.0001129598,0.9974608,352.5231,356.7023,0.2025567,0.4230057,-0.1088497,-0.8995652,0,0,0,1.839359,-0.5007627,-0.9599801,0.5796,-0.4008001,1.915,0.9983644,0.003505216,0.05706413,0.003955907,0.9914912,-0.1301138,-0.05703466,0.1301267,0.9898556,static,17.092044252295587,-12.256077856191835,16.839131587459715,-11.82109124669345,0.46784500000000007,-0.1461655,1.9807978999999998,0.2877696695063261,-0.2033017525034523,0.9358722955637984,15.506433027806944,-11.720232523123682,0.47266249428049806,0.5031681294331768,1.336509608278479
05/10/2023 16:34:54.192492,560,True,True,True,True,Eyes,1.378937,-0.3548049,-2.932447,0.2330976,-0.07873579,0.9692606,0.0,0.0,0.0,0.0,0.0,0.0,0.0,-1.200788,-0.03750014,3.035029,1.371552,-0.3545697,-2.940719,-0.06530932,-0.02852003,-0.0003113574,0.9974574,352.5128,356.7127,0.1793824,0.4230049,-0.108849,-0.8995656,0,0,0,1.83959,-0.5006187,-0.9599585,0.5796,-0.4008,1.915,0.998373,0.003104115,0.05693568,0.004346378,0.9914692,-0.1302687,-0.05685435,0.1303043,0.9898426,static,17.085349099727498,-12.256480612597125,16.839131587459715,-11.821088380307142,0.46803799999999995,-0.14604899999999998,1.9807605000000001,0.28765947673900094,-0.20331535731964523,0.9359032094107136,15.499958719719354,-11.7205705239775,0.4699416976558887,0.5001894234045644,1.3429399871673524
05/10/2023 16:34:54.205693,561,True,True,True,True,Eyes,1.378976,-0.3547968,-2.932438,0.2330527,-0.07866509,0.9692772,0.0,0.0,0.0,0.0,0.0,0.0,0.0,-1.200867,-0.03845292,3.035023,1.371516,-0.3545756,-2.940773,-0.06541991,-0.02850628,-0.0004238893,0.9974505,352.4998,356.715,0.1666752,0.423005,-0.1088482,-0.8995656,0,0,0,1.839545,-0.5003074,-0.959987,0.5795999,-0.4008,1.915,0.9983745,0.002884139,0.05692267,0.004575374,0.9914401,-0.1304821,-0.05681175,0.1305304,0.9898152,static,17.083292545857393,-12.261432194657477,16.83912884659031,-11.821088380307142,0.46802900000000003,-0.14573179999999997,1.9807860000000002,0.2876208156702229,-0.203398717985536,0.9358970433316232,15.497713866074482,-11.725333268160835,0.4731120285397125,0.5035062927872792,1.3448283130029755
05/10/2023 16:34:54.227531,562,True,True,True,True,Eyes,1.379013,-0.3547896,-2.932429,0.2330029,-0.07860062,0.9692944,0.0,0.0,0.0,0.0,0.0,0.0,0.0,-1.200483,-0.03923544,3.035122,1.371446,-0.3545712,-2.940762,-0.06551022,-0.02856268,-0.0005125433,0.997443,352.4891,356.7091,0.1571835,0.4230063,-0.1088472,-0.8995652,0,0,0,1.839203,-0.5000359,-0.9598919,0.5796,-0.4008,1.915,0.9983678,0.002719829,0.05704644,0.00476476,0.9914163,-0.1306561,-0.05691214,0.1307147,0.9897852,static,17.088589953793598,-12.2655056378749,16.839131587459715,-11.821088380307142,0.467757,-0.1454647,1.9808700999999997,0.28770360429330616,-0.20345997187778944,0.9358582791557086,15.50260351669101,-11.72930424976844,0.47883455532507607,0.509643184353541,1.3396759349079388
05/10/2023 16:34:54.242431,563,True,True,True,True,Eyes,1.37904,-0.354783,-2.932421,0.2329523,-0.07852297,0.9693128,0.0,0.0,0.0,0.0,0.0,0.0,0.0,-1.199931,-0.0389564,3.035329,1.371408,-0.3545859,-2.940762,-0.06546441,-0.02864757,-0.0005113372,0.9974436,352.4944,356.6994,0.1578118,0.4230085,-0.1088461,-0.8995643,0,0,0,1.838833,-0.5002239,-0.9598264,0.5795999,-0.4008001,1.915,0.9983581,0.002730733,0.05721562,0.004770853,0.9914283,-0.1305648,-0.05708172,0.1306234,0.9897875,static,17.094813253696458,-12.255941990827656,16.83912884659031,-11.82109124669345,0.467425,-0.14563800000000005,1.9809356,0.28781521041658414,-0.20329662775215032,0.9358594023325363,15.509109062513302,-11.720122364962396,0.4738373743137882,0.5044498842415321,1.3338468207085363
05/10/2023 16:34:54.252023,564,True,True,True,True,Eyes,1.379066,-0.3547771,-2.932411,0.2329058,-0.07845151,0.9693297,0.0,0.0,0.0,0.0,0.0,0.0,0.0,-1.199537,-0.03849509,3.03551,1.371415,-0.3545791,-2.94078,-0.06540699,-0.02871068,-0.0004585477,0.9974456,352.5012,356.6917,0.1641819,0.4230112,-0.1088448,-0.8995631,0,0,0,1.838621,-0.5003837,-0.9598055,0.5795999,-0.4008,1.915,0.998351,0.002841005,0.05733466,0.00467051,0.9914435,-0.1304535,-0.05721468,0.1305061,0.9897952,static,17.097909640510498,-12.246884600801769,16.83912884659031,-11.821088380307142,0.467206,-0.1458046,1.9809745000000003,0.287875029603946,-0.20314485651649555,0.9358738980217527,15.512573959518372,-11.711405360174506,0.4679646882693845,0.49826691711317933,1.3310816028027195
05/10/2023 16:34:54.272103,565,True,True,True,True,Eyes,1.379087,-0.3547699,-2.932403,0.2328572,-0.0783933,0.9693462,0.0,0.0,0.0,0.0,0.0,0.0,0.0,-1.199614,-0.03788999,3.035448,1.371414,-0.35459,-2.940738,-0.06534503,-0.02869406,-0.0003753866,0.9974501,352.5085,356.6931,0.173435,0.4230145,-0.1088435,-0.8995618,0,0,0,1.838732,-0.5005531,-0.9598016,0.5795999,-0.4008,1.915,0.998353,0.003001169,0.05729083,0.004498886,0.9914597,-0.1303353,-0.05719271,0.1303783,0.9898134,static,17.091185499023407,-12.238607989726823,16.83912884659031,-11.821088380307142,0.4673180000000001,-0.14596309999999996,1.9809364,0.2877730714192474,-0.20301618389366113,0.9359332930152434,15.506532184683412,-11.703367500866248,0.45806950380525263,0.4877039883840838,1.337786256762172
05/10/2023 16:34:54.293028,566,True,True,True,True,Eyes,1.379106,-0.354763,-2.932395,0.2328167,-0.07833801,0.9693605,0.0,0.0,0.0,0.0,0.0,0.0,0.0,-1.200155,-0.03699347,3.035245,1.371422,-0.3545425,-2.940741,-0.06522623,-0.028602,-0.0002918625,0.9974607,352.5224,356.7031,0.1819698,0.4230181,-0.1088421,-0.8995602,0,0,0,1.83915,-0.5008929,-0.9599292,0.5795999,-0.4008001,1.915,0.9983637,0.003148959,0.05709681,0.004313444,0.9914909,-0.1301045,-0.05702066,0.1301379,0.9898549,static,17.07583744242246,-12.223551250090466,16.83912884659031,-11.82109124669345,0.46772800000000014,-0.1463504,1.9808118000000001,0.2875364269461951,-0.20278529383802085,0.9360561769209916,15.4925381958958,-11.688721521331585,0.4386155448403993,0.4669100702224731,1.3530809749346993
05/10/2023 16:34:54.302424,567,True,True,True,True,Eyes,1.379134,-0.3547564,-2.932387,0.2327863,-0.07827864,0.9693725,0.0,0.0,0.0,0.0,0.0,0.0,0.0,-1.200481,-0.03640798,3.035142,1.371415,-0.3545451,-2.940763,-0.06518503,-0.02854,-0.000164286,0.997465,352.5276,356.7094,0.1960713,0.4230219,-0.1088407,-0.8995586,0,0,0,1.839458,-0.5009289,-0.9600286,0.5795999,-0.4008001,1.915,0.9983709,0.003393021,0.05695671,0.004048499,0.9915017,-0.1300302,-0.05691388,0.1300489,0.9898728,static,17.064409288128083,-12.21876366357719,16.83912884659031,-11.82109124669345,0.468043,-0.1463838,1.9807344,0.2873537369049185,-0.2027186602167353,0.9361266075648634,15.481777480508589,-11.684014996576261,0.4294510080141485,0.45704991903468173,1.364255338765476
05/10/2023 16:34:54.322298,568,True,True,True,True,Eyes,1.379159,-0.35475,-2.93238,0.2327654,-0.07822724,0.9693816,0.0,0.0,0.0,0.0,0.0,0.0,0.0,-1.201042,-0.03626549,3.034908,1.371401,-0.3545653,-2.940753,-0.06518619,-0.02844294,-0.0001207498,0.9974677,352.5276,356.7202,0.2003628,0.4230261,-0.1088391,-0.8995568,0,0,0,1.83985,-0.5009056,-0.9601105,0.5796,-0.4008001,1.915,0.998382,0.003467285,0.05675757,0.003949061,0.9915015,-0.1300354,-0.05672608,0.1300491,0.9898835,static,17.051082792164074,-12.21660463683707,16.839131587459715,-11.82109124669345,0.4684489999999999,-0.14634029999999992,1.9806425,0.2871372828859389,-0.20269710596547358,0.9361976195995368,15.46904764515528,-11.68183068297037,0.42178865853456404,0.4487250326854169,1.377143243663829
05/10/2023 16:34:54.342412,569,True,True,True,True,Eyes,1.379186,-0.3547416,-2.932374,0.2327301,-0.07820642,0.9693918,0.0,0.0,0.0,0.0,0.0,0.0,0.0,-1.201662,-0.03583857,3.03466,1.371376,-0.3545618,-2.940757,-0.06511632,-0.02833685,-0.0001234485,0.9974753,352.5356,356.7325,0.1990198,0.4230306,-0.1088375,-0.8995549,0,0,0,1.840242,-0.5011876,-0.9602346,0.5795999,-0.4008,1.915,0.998394,0.003444109,0.05654669,0.003936656,0.9915197,-0.1298968,-0.05651453,0.1299108,0.9899138,static,17.036183804186297,-12.206567111079567,16.83912884659031,-11.821088380307142,0.468866,-0.14662579999999997,1.9805224,0.2869028825410532,-0.20254795171220713,0.9363018042967187,15.45522019054837,-11.67203167248117,0.4070957552186258,0.4329255226838401,1.3919127380751004
05/10/2023 16:34:54.352486,570,True,True,True,True,Eyes,1.379211,-0.354733,-2.932368,0.2326964,-0.07818712,0.9694015,0.0,0.0,0.0,0.0,0.0,0.0,0.0,-1.201763,-0.03588048,3.034607,1.371352,-0.3545139,-2.940761,-0.06513688,-0.0283137,-7.446267e-05,0.9974747,352.5334,356.7348,0.204561,0.4230354,-0.1088358,-0.8995528,0,0,0,1.840336,-0.5010087,-0.9602574,0.5795998,-0.4007999,1.915,0.9983967,0.003539983,0.05649409,0.003837081,0.9915144,-0.1299405,-0.05647469,0.129949,0.9899111,static,17.030795744487026,-12.209112896625859,16.83912610572083,-11.821085513920774,0.46898400000000007,-0.14649479999999998,1.9805036,0.2868119774621313,-0.2025953216252368,0.9363194613746596,15.449891992457346,-11.674447599716897,0.40707764476162783,0.43278458862778657,1.396951716895413
05/10/2023 16:34:54.377386,571,True,True,True,True,Eyes,1.379253,-0.3547232,-2.932364,0.2326145,-0.07818317,0.9694214,0.0,0.0,0.0,0.0,0.0,0.0,0.0,-1.201742,-0.03578624,3.034603,1.371327,-0.3544996,-2.94076,-0.06512427,-0.02831243,-6.194777e-05,0.9974755,352.5349,356.7349,0.2059522,0.4230404,-0.108834,-0.8995506,0,0,0,1.840323,-0.5010313,-0.9602618,0.5795999,-0.4008,1.915,0.9983968,0.00356407,0.05648997,0.003811235,0.9915177,-0.1299162,-0.05647383,0.1299232,0.9899145,static,17.025438048765768,-12.207657233391899,16.83912884659031,-11.821088380307142,0.46899599999999997,-0.14653169999999993,1.9804982,0.2867255103315139,-0.20257699055704245,0.9363498326381244,15.444805351924904,-11.673002335041305,0.40372272960277583,0.429123055766665,1.4021652843293562
05/10/2023 16:34:54.392259,572,True,True,True,True,Eyes,1.379294,-0.3547149,-2.93236,0.2325356,-0.07817633,0.9694408,0.0,0.0,0.0,0.0,0.0,0.0,0.0,-1.201467,-0.03628361,3.034761,1.371326,-0.3544987,-2.940817,-0.06520329,-0.02835705,-6.447371e-05,0.997469,352.5258,356.7297,0.2062602,0.4230461,-0.108832,-0.8995482,0,0,0,1.840144,-0.5007184,-0.960254,0.5795999,-0.4008,1.915,0.9983917,0.003569325,0.05657896,0.003826567,0.991497,-0.1300729,-0.05656215,0.1300802,0.9898888,static,17.02639910651591,-12.216419955932588,16.83912884659031,-11.821088380307142,0.46881799999999996,-0.1462197,1.980563,0.28673254367539286,-0.20271972933649762,0.9363167029800574,15.445266745509315,-11.6814656861864,0.41160760482240705,0.437443944910774,1.400837625688095
05/10/2023 16:34:54.405925,573,True,True,True,True,Eyes,1.379309,-0.3547053,-2.932354,0.2324846,-0.07815932,0.9694545,0.0,0.0,0.0,0.0,0.0,0.0,0.0,-1.201362,-0.03624478,3.034797,1.371314,-0.3545282,-2.940814,-0.06522688,-0.02836905,-4.913273e-06,0.9974673,352.5233,356.7278,0.2132953,0.4230523,-0.1088299,-0.8995455,0,0,0,1.840117,-0.5005916,-0.9602357,0.5796002,-0.4007999,1.915,0.9983904,0.003691047,0.05659503,0.00371065,0.991491,-0.130123,-0.05659375,0.1301236,0.9898813,moving,17.023907174775353,-12.219931705629595,16.839137069198276,-11.821085513920774,0.4688030000000001,-0.1460634,1.9805783,0.286688198475916,-0.20277994710791875,0.9363173425798627,15.442678653349208,-11.684835689193013,0.41368781982846087,0.4395660093269188,1.4030894917766417
05/10/2023 16:34:54.422568,574,True,True,True,True,Eyes,1.379324,-0.3546955,-2.932347,0.2324348,-0.07814606,0.9694675,0.0,0.0,0.0,0.0,0.0,0.0,0.0,-1.201353,-0.03680861,3.034703,1.371295,-0.3544494,-2.940738,-0.06529552,-0.02836991,-3.72022e-05,0.9974627,352.5153,356.7279,0.2098085,0.4230583,-0.1088278,-0.8995429,0,0,0,1.840086,-0.4976759,-0.9604785,0.5796002,-0.3981774,1.915,0.9983903,0.00363064,0.05660071,0.003779071,0.991473,-0.1302575,-0.05659099,0.1302618,0.9898633,moving,17.02191524507987,-12.226013541623233,16.839137069198276,-11.74589392683004,0.4687910000000002,-0.14322649999999998,1.9802595,0.2866494684332693,-0.2028817862754274,0.936307128855393,15.44043612168688,-11.690689624091531,0.48447286516762544,0.5137340811039955,1.3997899326720868
05/10/2023 16:34:54.442395,575,True,True,True,True,Eyes,1.37933,-0.3546901,-2.932342,0.2324156,-0.07810798,0.9694752,0.0,0.0,0.0,0.0,0.0,0.0,0.0,-1.201297,-0.03658277,3.034712,1.371297,-0.3544342,-2.940723,-0.06525572,-0.0283796,-3.665859e-05,0.9974651,352.5198,356.7268,0.2098115,0.4230642,-0.1088255,-0.8995404,0,0,0,1.84006,-0.4951267,-0.960819,0.5796,-0.3954647,1.915,0.9983892,0.003630731,0.0566201,0.003776994,0.9914834,-0.1301785,-0.05661053,0.1301827,0.9898726,moving,17.02149509091619,-12.219156644166661,16.839131587459715,-11.66807295344474,0.46876300000000004,-0.1406925,1.9799040000000003,0.28664940421995344,-0.20276974195307026,0.9363314487331453,15.440394952018107,-11.68406949834797,0.5482826483834514,0.5804736700080491,1.3988281040840407
05/10/2023 16:34:54.452213,576,True,True,True,True,Eyes,1.379335,-0.3546854,-2.932338,0.232402,-0.07807615,0.969481,0.0,0.0,0.0,0.0,0.0,0.0,0.0,-1.201571,-0.03598979,3.034654,1.371313,-0.3545187,-2.940751,-0.06520861,-0.02833214,4.959745e-05,0.9974695,352.5255,356.7317,0.2192403,0.4230698,-0.1088234,-0.8995381,0,0,0,1.84032,-0.4926238,-0.9612615,0.5795999,-0.3927558,1.915,0.9983945,0.003793943,0.05651441,0.003596055,0.9914957,-0.13009,-0.05652735,0.1300844,0.9898902,moving,17.01344675981195,-12.214164227520728,16.83912884659031,-11.590317404687964,0.46900699999999995,-0.13810509999999998,1.9794895000000001,0.2865223234358258,-0.20269619209908274,0.9363862429816501,15.432902654114255,-11.679190886041562,0.61300093748695,0.6477434625131163,1.4090317952741913
05/10/2023 16:34:54.472567,577,True,True,True,True,Eyes,1.379371,-0.3546779,-2.932333,0.2323834,-0.07808524,0.9694847,0.0,0.0,0.0,0.0,0.0,0.0,0.0,-1.201841,-0.03523156,3.03457,1.37131,-0.3545332,-2.940764,-0.06512406,-0.02828244,0.0001387329,0.9974763,352.5355,356.7368,0.2288601,0.4230749,-0.1088213,-0.899536,0,0,0,1.840571,-0.4902835,-0.9616901,0.5796001,-0.3901358,1.915,0.9984002,0.003960501,0.05640407,0.00340697,0.9915177,-0.1299272,-0.05644021,0.1299116,0.9899179,moving,17.004679767994077,-12.207360619031478,16.839134328329035,-11.515072416228767,0.46926099999999993,-0.1357503,1.9790739000000002,0.28638523841971825,-0.20259365999803944,0.936450338768366,15.424813785279339,-11.672559024901286,0.6747755502421713,0.7118063278263967,1.4230617099773144
05/10/2023 16:34:54.492666,578,True,True,True,True,Eyes,1.379405,-0.3546703,-2.932329,0.232369,-0.07809605,0.9694873,0.0,0.0,0.0,0.0,0.0,0.0,0.0,-1.202107,-0.03504705,3.034442,1.371274,-0.3545188,-2.940757,-0.0650944,-0.02823252,0.0001429862,0.9974797,352.5389,356.7426,0.2288761,0.4230805,-0.1088191,-0.8995336,0,0,0,1.840743,-0.4877417,-0.9620845,0.5796001,-0.3874699,1.915,0.9984058,0.00396081,0.05630412,0.003390306,0.9915254,-0.1298687,-0.05634136,0.1298526,0.9899313,moving,16.997804150265136,-12.204418007820392,16.839134328329035,-11.43846785620025,0.4694689999999999,-0.13322289999999998,1.9786725,0.2862753542235254,-0.2025525113556295,0.936492857290228,15.418343025231598,-11.669667360716312,0.7426030085173796,0.7822120857926916,1.4394794676707912
05/10/2023 16:34:54.510924,579,True,True,True,True,Eyes,1.379523,-0.3546516,-2.932327,0.2321939,-0.07814029,0.9695257,0.0,0.0,0.0,0.0,0.0,0.0,0.0,-1.202347,-0.03477299,3.034362,1.371283,-0.3545118,-2.940765,-0.06506028,-0.02819297,0.0001704208,0.997483,352.5429,356.7469,0.231628,0.4230865,-0.1088169,-0.8995311,0,0,0,1.840931,-0.4852002,-0.9624867,0.5796,-0.3848047,1.915,0.9984103,0.00400847,0.05622185,0.003328502,0.9915343,-0.1298027,-0.0562662,0.1297834,0.9899447,moving,16.98218721013279,-12.203456992067322,16.839131587459715,-11.361841958247274,0.46964800000000007,-0.13068840000000004,1.9782783,0.28602006545145253,-0.20255292190656232,0.9365707827309395,15.403342048655512,-11.668621803249696,0.8119392631738307,0.8536865796826735,1.4681980360425824
05/10/2023 16:34:54.522610,580,True,True,True,True,Eyes,1.379636,-0.3546324,-2.932326,0.2320242,-0.07817013,0.969564,0.0,0.0,0.0,0.0,0.0,0.0,0.0,-1.202503,-0.03515372,3.034295,1.371306,-0.3544143,-2.940766,-0.0651092,-0.02817085,0.0001729367,0.9974805,352.5373,356.7495,0.2319139,0.4230949,-0.1088142,-0.8995275,0,0,0,1.84105,-0.4821779,-0.9628533,0.5796,-0.3820502,1.915,0.9984128,0.004013365,0.05617722,0.003323361,0.9915215,-0.1299001,-0.05622227,0.1298806,0.9899344,moving,16.969790150699733,-12.21058062357195,16.839131587459715,-11.282605340902476,0.46974400000000016,-0.12776359999999998,1.9779127,0.2858096011714211,-0.2026826636592181,0.9366070459035073,15.391015545071124,-11.675402342535568,0.8926492429986309,0.9371284785948164,1.5004431201199007
05/10/2023 16:34:54.542316,581,True,True,True,True,Eyes,1.379636,-0.3546324,-2.932326,0.2320242,-0.07817013,0.969564,0.0,0.0,0.0,0.0,0.0,0.0,0.0,-1.202469,-0.03645968,3.03431,1.371314,-0.3543845,-2.940784,-0.06529094,-0.02818101,0.0001029292,0.9974683,352.5162,356.7487,0.2245225,0.4231053,-0.108811,-0.899523,0,0,0,1.840989,-0.4789017,-0.9631525,0.5796,-0.3794242,1.915,0.9984117,0.003885267,0.05620589,0.003474592,0.9914742,-0.1302571,-0.05623277,0.1302455,0.9898859,moving,16.973224262618494,-12.229530130387174,16.839131587459715,-11.207024448422876,0.46967500000000006,-0.1245172,1.9776314999999998,0.2858471503017403,-0.2029900453721526,0.9365290154875303,15.393320076891799,-11.693714713901239,0.9828011864406032,1.0312607406376482,1.5255288717694193
05/10/2023 16:34:54.558936,582,True,True,True,True,Eyes,1.379636,-0.3546324,-2.932326,0.2320242,-0.07817013,0.969564,0.0,0.0,0.0,0.0,0.0,0.0,0.0,-1.202822,-0.03654778,3.034071,1.371311,-0.3544305,-2.940679,-0.06530297,-0.02812514,7.003979e-05,0.9974691,352.5147,356.7554,0.2203491,0.4231147,-0.1088082,-0.8995189,0,0,0,1.841199,-0.4762995,-0.9634421,0.5796,-0.3767623,1.915,0.998418,0.003813036,0.05609877,0.003533585,0.9914711,-0.1302793,-0.05611707,0.1302714,0.989889,moving,16.96733349297266,-12.229623014147183,16.839131587459715,-11.13036994879915,0.4698880000000001,-0.121869,1.9772368999999999,0.28575039949119163,-0.2029976759212723,0.9365568864020185,15.387637491282302,-11.693759772498277,1.0555254562129426,1.1067036777088068,1.5569981389473846
05/10/2023 16:34:54.577696,583,True,True,True,True,Eyes,1.379825,-0.354605,-2.932323,0.2318828,-0.07856362,0.969566,0.0,0.0,0.0,0.0,0.0,0.0,0.0,-1.202228,-0.03487018,3.034403,1.371347,-0.3544623,-2.940737,-0.06510262,-0.02821887,0.0002510819,0.9974794,352.5383,356.7433,0.2412618,0.4231231,-0.1088056,-0.8995152,0,0,0,1.840968,-0.4743163,-0.9638138,0.5796002,-0.3741328,1.915,0.9984073,0.004175142,0.05626279,0.003173347,0.9915231,-0.1298912,-0.05632817,0.1298629,0.9899307,moving,16.966828692877957,-12.23582296216647,16.839137069198276,-11.054608827565929,0.46962099999999984,-0.11985400000000002,1.9769231999999999,0.2857359536980677,-0.20309992699975077,0.9365391012105665,15.386822022662809,-11.699738939137479,1.1336719510918665,1.1880959483720406,1.589154446631805
05/10/2023 16:34:54.592711,584,True,True,True,True,Eyes,1.380006,-0.354579,-2.932318,0.2317422,-0.07891395,0.9695711,0.0,0.0,0.0,0.0,0.0,0.0,0.0,-1.202625,-0.03659949,3.034252,1.371431,-0.3543274,-2.940742,-0.06526307,-0.02818044,3.319022e-06,0.9974701,352.5191,356.7495,0.2129425,0.4231355,-0.1088022,-0.8995098,0,0,0,1.841088,-0.4710344,-0.9641665,0.5796001,-0.3713308,1.915,0.9984118,0.003684905,0.05621786,0.003671663,0.9914814,-0.1301961,-0.05621873,0.1301957,0.9898932,moving,16.959881567001553,-12.267398995442694,16.839134328329035,-10.973834542584724,0.469657,-0.116707,1.9765755,0.28559055080946066,-0.2036252232734846,0.9364693174129224,15.37845099615246,-11.73015742936747,1.2406868195757121,1.2991877806324905,1.644876927301812
05/10/2023 16:34:54.608411,585,True,True,True,True,Eyes,1.380161,-0.3545579,-2.932309,0.2316383,-0.07914346,0.9695772,0.0,0.0,0.0,0.0,0.0,0.0,0.0,-1.20259,-0.03978479,3.034197,1.371439,-0.354336,-2.940707,-0.06568504,-0.02820069,-0.0002528011,0.9974419,352.4698,356.7488,0.1849658,0.4231514,-0.1087981,-0.8995029,0,0,0,1.840897,-0.4669314,-0.9643593,0.5796002,-0.3685884,1.915,0.9984093,0.003200418,0.05629029,0.004209035,0.9913709,-0.1310198,-0.05622387,0.1310483,0.9897804,moving,16.96344040953388,-12.322121310245208,16.839137069198276,-10.894735580731444,0.46945799999999993,-0.11259540000000001,1.9763477000000003,0.2855943340088383,-0.20451929253241521,0.9362732888487153,15.378977862751634,-11.782991715238422,1.3687269984180777,1.432787961018004,1.7091120117359675
05/10/2023 16:34:54.627154,586,True,True,True,True,Eyes,1.380307,-0.3545394,-2.932301,0.2315423,-0.07938497,0.9695805,0.0,0.0,0.0,0.0,0.0,0.0,0.0,-1.202858,-0.04038668,3.033975,1.371377,-0.3544242,-2.940614,-0.06562083,-0.02816968,-0.0006780291,0.9974467,352.4758,356.7557,0.1354934,0.4231697,-0.1087936,-0.8994948,0,0,0,1.840765,-0.4651528,-0.9646249,0.5796002,-0.365999,1.915,0.998412,0.00234444,0.0562845,0.005049632,0.9913869,-0.1308684,-0.05610653,0.1309448,0.9898008,moving,16.96101694073262,-12.315878255058875,16.839137069198276,-10.820010984625275,0.4693879999999999,-0.11072859999999995,1.9759891,0.28556084992439357,-0.20441942600508403,0.9363054284760135,15.376973286203379,-11.776948792053467,1.4341653517977775,1.5008243047871046,1.747470427671789
05/10/2023 16:34:54.642046,587,True,True,True,True,Eyes,1.380426,-0.3545236,-2.932296,0.2314987,-0.0794322,0.969587,0.0,0.0,0.0,0.0,0.0,0.0,0.0,-1.202968,-0.03830299,3.033933,1.371321,-0.3544655,-2.940609,-0.06532221,-0.02813783,-0.0005840012,0.9974673,352.5104,356.7588,0.1451082,0.42319,-0.1087888,-0.8994858,0,0,0,1.840894,-0.4636866,-0.9650623,0.5796001,-0.3633912,1.915,0.9984158,0.002511006,0.05620943,0.004841095,0.9914653,-0.1302807,-0.05605683,0.1303464,0.9898825,moving,16.951420629879117,-12.286778935104623,16.839134328329035,-10.744717735640645,0.469573,-0.10922110000000002,1.9755466999999998,0.2854324402289646,-0.20395200097383925,0.9364464621275663,15.369267973050246,-11.748795162495147,1.4782030091978695,1.546143898997787,1.7800782515101157
05/10/2023 16:34:54.652371,588,True,True,True,True,Eyes,1.380542,-0.3545067,-2.932291,0.2314508,-0.07948206,0.9695943,0.0,0.0,0.0,0.0,0.0,0.0,0.0,-1.201877,-0.03613451,3.034442,1.371306,-0.3545065,-2.940663,-0.0650917,-0.02829925,-0.0002821528,0.9974779,352.5379,356.7381,0.1803599,0.4232113,-0.1087838,-0.8994764,0,0,0,1.840403,-0.4617006,-0.9653734,0.5796002,-0.3607633,1.915,0.9983982,0.00312121,0.05649249,0.004246974,0.991526,-0.1298391,-0.05641902,0.129871,0.9899244,moving,16.961213302385357,-12.273065165204402,16.839137069198276,-10.66880614802421,0.4690970000000001,-0.10719410000000001,1.9752895999999998,0.2856067593641153,-0.20371680610950516,0.9364444560084941,15.379433941165297,-11.735635393693679,1.5378687166878415,1.6088970137684708,1.807998302378891
05/10/2023 16:34:54.672253,589,True,True,True,True,Eyes,1.380623,-0.3544916,-2.932285,0.2314587,-0.07932591,0.9696053,0.0,0.0,0.0,0.0,0.0,0.0,0.0,-1.201293,-0.03533831,3.034689,1.371336,-0.3544667,-2.94066,-0.06500029,-0.02839462,-0.0001647331,0.9974812,352.5488,356.7262,0.1943086,0.4232335,-0.1087787,-0.8994666,0,0,0,1.840126,-0.4591997,-0.9656588,0.5796001,-0.3580495,1.915,0.9983875,0.00336268,0.05666761,0.004019952,0.9915499,-0.1296638,-0.05662477,0.1296825,0.9899374,moving,16.969829129387595,-12.257215350782392,16.839134328329035,-10.59037339543564,0.4687899999999998,-0.10473299999999997,1.9750012,0.2857639265753691,-0.20344782247886078,0.9364550866901973,15.388578964095933,-11.720405424275924,1.597895088112856,1.6719579047116953,1.8387722128937878
05/10/2023 16:34:54.692556,590,True,True,True,True,Eyes,1.380701,-0.3544779,-2.932278,0.2314715,-0.07917035,0.9696149,0.0,0.0,0.0,0.0,0.0,0.0,0.0,-1.20174,-0.03430313,3.034503,1.371371,-0.3544588,-2.940623,-0.06487084,-0.02832198,-6.815013e-05,0.9974918,352.5639,356.734,0.2044659,0.4232556,-0.1087735,-0.8994568,0,0,0,1.840503,-0.457115,-0.9660484,0.5796,-0.355539,1.915,0.9983957,0.003538583,0.05651073,0.0038105,0.9915835,-0.1294124,-0.05649304,0.1294201,0.9899793,moving,16.959354241297614,-12.235486832606783,16.839131587459715,-10.517780533041519,0.4691320000000001,-0.10265619999999998,1.9745746,0.2856136339862309,-0.20310215487693553,0.9365759022625485,15.379635809170377,-11.699358013811045,1.6464217448962095,1.7219083651756915,1.8778320664814676
05/10/2023 16:34:54.708172,591,True,True,True,True,Eyes,1.380752,-0.3544663,-2.932276,0.2314129,-0.07888898,0.9696518,0.0,0.0,0.0,0.0,0.0,0.0,0.0,-1.202039,-0.03425771,3.03436,1.371379,-0.3544815,-2.94059,-0.06491572,-0.02826843,4.065614e-05,0.9974903,352.5591,356.7393,0.216756,0.4232776,-0.1087684,-0.8994471,0,0,0,1.84078,-0.4541202,-0.9664187,0.5796,-0.3527851,1.915,0.9984018,0.003751239,0.0563897,0.003589023,0.9915719,-0.1295079,-0.05640025,0.1295033,0.9899737,moving,16.94736021676599,-12.226744324086548,16.839131587459715,-10.438110299831107,0.4694010000000002,-0.09963869999999997,1.9741712999999999,0.28542548419327485,-0.20297111135154128,0.9366616441516354,15.36853951882129,-11.690830684119016,1.7142809017375074,1.7919054408438317,1.9318254045209897
05/10/2023 16:34:54.722696,592,True,True,True,True,Eyes,1.380801,-0.3544512,-2.932274,0.2313515,-0.07861595,0.9696886,0.0,0.0,0.0,0.0,0.0,0.0,0.0,-1.201586,-0.03358203,3.034651,1.371413,-0.3544944,-2.940681,-0.06482036,-0.02834541,8.514842e-05,0.9974943,352.5702,356.7302,0.2221444,0.4232986,-0.1087633,-0.8994378,0,0,0,1.840542,-0.4518114,-0.9668037,0.5796001,-0.3501181,1.915,0.9983931,0.003844589,0.05653773,0.003504849,0.9915966,-0.1293207,-0.05655981,0.129311,0.9899898,moving,16.950436767720007,-12.200989743669714,16.839134328329035,-10.360915152637316,0.4691289999999999,-0.09731699999999999,1.9738773,0.2855014780469483,-0.20254527011014709,0.9367306361519453,15.372871146983837,-11.6660006420341,1.763546299700117,1.8434377487665339,1.962950802135036
05/10/2023 16:34:54.742453,593,True,True,True,True,Eyes,1.380831,-0.3544366,-2.932273,0.231215,-0.07823133,0.9697523,0.0,0.0,0.0,0.0,0.0,0.0,0.0,-1.201302,-0.03423199,3.034785,1.37143,-0.3543974,-2.940714,-0.06487753,-0.02839897,8.555263e-06,0.9974891,352.5634,356.7245,0.2139074,0.4233189,-0.1087582,-0.8994289,0,0,0,1.840324,-0.448941,-0.9671141,0.5796002,-0.3474703,1.915,0.998387,0.003701977,0.05665421,0.003667843,0.9915818,-0.1294297,-0.05665644,0.1294288,0.9899688,moving,16.948790037329225,-12.182253592213883,16.839137069198276,-10.28423810101265,0.46889400000000014,-0.0945436,1.9735999,0.2854929896490751,-0.20223948322252022,0.9367993300920853,15.372278014821962,-11.647907684759828,1.8190434675351028,1.9011803118746486,2.0028155728980583
05/10/2023 16:34:54.757087,594,True,True,True,True,Eyes,1.380861,-0.3544221,-2.932273,0.2310716,-0.07786468,0.969816,0.0,0.0,0.0,0.0,0.0,0.0,0.0,-1.200965,-0.03480461,3.034895,1.371394,-0.3543794,-2.940716,-0.06493331,-0.02845289,-7.330599e-05,0.997484,352.5568,356.7189,0.2050617,0.4233379,-0.1087532,-0.8994206,0,0,0,1.840049,-0.4461175,-0.9673992,0.5795999,-0.3447791,1.915,0.9983809,0.003548837,0.05677211,0.003841323,0.9915673,-0.1295357,-0.05675307,0.129544,0.9899482,moving,16.94689417959895,-12.16426643272024,16.83912884659031,-10.206266062688199,0.46865500000000004,-0.09173809999999999,1.9733168,0.2854796348792337,-0.20194622013518282,0.9368666761158676,15.37140503119351,-11.630535624028314,1.8765108063787936,1.9609637467439502,2.0451789607862936
05/10/2023 16:34:54.772037,595,True,True,True,True,Eyes,1.380886,-0.3544089,-2.932273,0.2308717,-0.0773871,0.9699019,0.0,0.0,0.0,0.0,0.0,0.0,0.0,-1.200094,-0.03491417,3.035271,1.371413,-0.3543682,-2.940742,-0.06491533,-0.02860318,-0.000142649,0.9974808,352.5586,356.7021,0.1981358,0.4233557,-0.1087482,-0.8994128,0,0,0,1.839458,-0.4435966,-0.9676291,0.5796,-0.3421141,1.915,0.9983637,0.00342899,0.05708076,0.003998149,0.991572,-0.1294954,-0.05704372,0.1295117,0.9899357,moving,16.951751895455157,-12.131881353716075,16.839131587459715,-10.129015444613598,0.46804500000000004,-0.08922839999999999,1.9731129000000003,0.28559129675345557,-0.201409669185284,0.9369482147420231,15.377805159752542,-11.5993205895731,1.9194588123135448,2.0060297065641572,2.0729862873665583
05/10/2023 16:34:54.792439,596,True,True,True,True,Eyes,1.38091,-0.3543979,-2.932271,0.2306708,-0.07692929,0.969986,0.0,0.0,0.0,0.0,0.0,0.0,0.0,-1.199637,-0.03629985,3.035443,1.371451,-0.3543959,-2.940729,-0.06506205,-0.02869539,-0.0003440962,0.9974686,352.5411,356.6928,0.1760999,0.4233725,-0.1087432,-0.8994054,0,0,0,1.839056,-0.440548,-0.9678463,0.5796,-0.3393864,1.915,0.9983529,0.003047511,0.05729027,0.004420411,0.9915336,-0.1297749,-0.05720072,0.1298144,0.989887,moving,16.952953312845462,-12.115418673152243,16.839131587459715,-10.049908780719964,0.46760500000000005,-0.08615210000000001,1.9728827,0.285627175716257,-0.20113818037746736,0.9369954763579919,15.379836520933049,-11.583443096725755,1.9794606716276477,2.068643637967979,2.116900939948872
05/10/2023 16:34:54.802521,597,True,True,True,True,Eyes,1.38093,-0.3543889,-2.932269,0.2304395,-0.07635946,0.970086,0.0,0.0,0.0,0.0,0.0,0.0,0.0,-1.19907,-0.03674471,3.035628,1.371436,-0.3544351,-2.940696,-0.06508517,-0.02879344,-0.0004737201,0.9974642,352.5381,356.6825,0.1619728,0.4233882,-0.1087384,-0.8993986,0,0,0,1.838613,-0.4380637,-0.9680462,0.5796001,-0.3368032,1.915,0.9983414,0.002803013,0.05750251,0.004693089,0.9915274,-0.129813,-0.05737918,0.1298675,0.9898697,moving,16.950748574161402,-12.080106004285643,16.839134328329035,-9.974957081843288,0.46717699999999995,-0.0836286,1.9726498000000001,0.2856256369901908,-0.20056074736652335,0.9371197147629919,15.379585014936255,-11.549349480002855,2.0174305078509347,2.1081057197239748,2.146857149790821
05/10/2023 16:34:54.822005,598,True,True,True,True,Eyes,1.380949,-0.3543781,-2.932265,0.2302108,-0.07581628,0.9701829,0.0,0.0,0.0,0.0,0.0,0.0,0.0,-1.198124,-0.03706145,3.036023,1.371465,-0.3544844,-2.940703,-0.06514095,-0.02895409,-0.0004747937,0.9974558,352.5317,356.6639,0.1632469,0.4234029,-0.1087338,-0.8993922,0,0,0,1.838022,-0.4351703,-0.9682491,0.5795999,-0.3340663,1.915,0.9983229,0.002825022,0.05782272,0.004719366,0.9915128,-0.1299229,-0.057699,0.1299779,0.9898366,moving,16.95430232947857,-12.054418351922827,16.83912884659031,-9.895508128293562,0.4665570000000001,-0.08068590000000003,1.9724539,0.2857091266298939,-0.20013538727370453,0.9371852015067651,15.38437303273061,-11.524587634835541,2.0689026816718727,2.1619801767943145,2.1840820764324897
05/10/2023 16:34:54.842089,599,True,True,True,True,Eyes,1.380959,-0.354371,-2.932262,0.2299657,-0.07516343,0.9702918,0.0,0.0,0.0,0.0,0.0,0.0,0.0,-1.19771,-0.03708008,3.036151,1.371487,-0.3544308,-2.940663,-0.06510627,-0.02902981,-0.0005397373,0.9974558,352.5355,356.6557,0.1562127,0.4234166,-0.1087293,-0.8993863,0,0,0,1.837733,-0.4327389,-0.968478,0.5795999,-0.3314678,1.915,0.998314,0.002703317,0.05798218,0.004856773,0.9915217,-0.1298499,-0.05784162,0.1299126,0.9898369,moving,16.94706962980185,-12.009278548468668,16.83912884659031,-9.820041170232782,0.46624600000000016,-0.07830809999999999,1.9721849999999999,0.285634420847638,-0.1994016043310073,0.9373643471726191,15.379796830405171,-11.480972729273793,2.0979902220444253,2.1918967838257015,2.2109598769044596
05/10/2023 16:34:54.852283,600,True,True,True,True,Eyes,1.380968,-0.354363,-2.93226,0.2297296,-0.0745523,0.9703949,0.0,0.0,0.0,0.0,0.0,0.0,0.0,-1.197564,-0.03654739,3.036264,1.371531,-0.354505,-2.940684,-0.06503247,-0.02906073,-0.0005306536,0.9974598,352.544,356.6521,0.1572413,0.4234293,-0.108725,-0.8993809,0,0,0,1.837674,-0.4303683,-0.9688389,0.5796002,-0.3287219,1.915,0.9983104,0.00272117,0.05804283,0.004838393,0.991541,-0.1297037,-0.05790479,0.1297654,0.9898525,moving,16.933963261822562,-11.964157231221426,16.839137069198276,-9.740255940308012,0.466143,-0.07586329999999997,1.9718451000000001,0.28546304646392323,-0.19867394460597695,0.9375710689519473,15.369558472206807,-11.437331217635485,2.131351595708344,2.225922046823286,2.244933350826152
05/10/2023 16:34:54.877100,601,True,True,True,True,Eyes,1.38088,-0.3543611,-2.932258,0.2294802,-0.07384205,0.9705082,0.0,0.0,0.0,0.0,0.0,0.0,0.0,-1.197341,-0.03469905,3.036383,1.371543,-0.3544745,-2.940692,-0.06478788,-0.02909121,-0.0003693168,0.997475,352.5726,356.6475,0.1752341,0.423441,-0.1087209,-0.8993759,0,0,0,1.837646,-0.4285369,-0.969202,0.5795999,-0.3261101,1.915,0.9983072,0.003032747,0.05808336,0.004506283,0.9916047,-0.1292271,-0.05798764,0.1292701,0.9899125,moving,16.916373955927522,-11.897933299492177,16.83912884659031,-9.664331722249281,0.46610299999999993,-0.07406239999999997,1.9714899999999997,0.28523814097558553,-0.19760394659160813,0.9378655874013585,15.35611893038077,-11.373291636688617,2.140954689847943,2.2349368699760777,2.262711294163779
05/10/2023 16:34:54.892531,602,True,True,True,True,Eyes,1.380795,-0.3543592,-2.932255,0.2292397,-0.07316591,0.9706162,0.0,0.0,0.0,0.0,0.0,0.0,0.0,-1.196783,-0.03578717,3.036636,1.371594,-0.3544307,-2.94072,-0.06496096,-0.02919064,-0.0003629936,0.9974607,352.5528,356.6359,0.1772999,0.4234493,-0.1087173,-0.8993724,0,0,0,1.83732,-0.4251556,-0.9694581,0.5796,-0.3234425,1.915,0.9982956,0.003068359,0.05828018,0.004516646,0.9915599,-0.1295708,-0.05818586,0.1296132,0.989856,moving,16.912394441471548,-11.877759556559505,16.839131587459715,-9.58675002934894,0.4657260000000001,-0.07072490000000003,1.9712618999999998,0.2851921726372598,-0.19727652056474726,0.9379484512727575,15.35335367756822,-11.353793743250973,2.1960825260157018,2.2921806428699156,2.30867483296419
05/10/2023 16:34:54.902437,603,True,True,True,True,Eyes,1.380588,-0.3543677,-2.932254,0.2292538,-0.07238087,0.9706718,0.0,0.0,0.0,0.0,0.0,0.0,0.0,-1.197026,-0.03658792,3.036523,1.371601,-0.3544227,-2.94071,-0.06496523,-0.02916776,-0.0006639918,0.9974611,352.5512,356.6408,0.1424459,0.4234547,-0.1087141,-0.8993703,0,0,0,1.83731,-0.4227381,-0.9698058,0.5796,-0.3207108,1.915,0.9982976,0.002465168,0.05827367,0.005114392,0.9915581,-0.1295618,-0.05810113,0.1296393,0.9898576,moving,16.912634853204917,-11.821951241104697,16.839131587459715,-9.507267329292198,0.46570899999999993,-0.06831540000000003,1.9709042,0.2852496918603553,-0.19635933717520104,0.9381234793295203,15.356546235108288,-11.299940208867564,2.2187293320061006,2.3158506734413655,2.3263136891167626
05/10/2023 16:34:54.922294,604,True,True,True,True,Eyes,1.380388,-0.3543735,-2.932255,0.2292586,-0.07163107,0.9707263,0.0,0.0,0.0,0.0,0.0,0.0,0.0,-1.197282,-0.03630686,3.036395,1.371542,-0.354449,-2.940704,-0.06491438,-0.0291172,-0.0006874306,0.9974658,352.557,356.6468,0.1391911,0.4234543,-0.1087117,-0.8993707,0,0,0,1.837455,-0.4203648,-0.9701948,0.5796,-0.3180615,1.915,0.9983035,0.002408872,0.05817606,0.005151626,0.9915713,-0.1294597,-0.05799756,0.1295398,0.9898766,moving,16.90478351154146,-11.770165690087852,16.839131587459715,-9.43014687814495,0.465913,-0.06591579999999997,1.9705092000000002,0.2851701286825985,-0.1955161868268454,0.9383237627657284,15.35172635373114,-11.249907436520518,2.2431985373992296,2.3409396009684467,2.3502984532060003
05/10/2023 16:34:54.942340,605,True,True,True,True,Eyes,1.380206,-0.3543816,-2.932252,0.2293337,-0.07079648,0.9707698,0.0,0.0,0.0,0.0,0.0,0.0,0.0,-1.196451,-0.03557026,3.036758,1.371507,-0.3543907,-2.940754,-0.06482962,-0.02924173,-0.0005660713,0.9974678,352.5672,356.6316,0.1538247,0.423449,-0.1087101,-0.8993735,0,0,0,1.836992,-0.4178935,-0.9704877,0.5796,-0.3154295,1.915,0.9982892,0.002662185,0.05840876,0.004920735,0.9915936,-0.1292978,-0.05826197,0.129364,0.9898841,moving,16.91886890611069,-11.71473981714453,16.839131587459715,-9.3534958651078,0.4654849999999999,-0.06350279999999997,1.9702663,0.2854543313257098,-0.19459121998245493,0.9384296318644525,15.368242730610358,-11.196527724815478,2.2631233779383155,2.3625899011499403,2.358024695608838
05/10/2023 16:34:54.952502,606,True,True,True,True,Eyes,1.380031,-0.3543902,-2.932249,0.2294035,-0.06999764,0.9708112,0.0,0.0,0.0,0.0,0.0,0.0,0.0,-1.195838,-0.03585279,3.036934,1.371487,-0.3544669,-2.94069,-0.06493058,-0.02933457,-0.0004662834,0.9974585,352.5559,356.6201,0.1663698,0.4234396,-0.1087092,-0.899378,0,0,0,1.836657,-0.4147977,-0.9706785,0.5795999,-0.3127412,1.915,0.9982785,0.002879224,0.05858058,0.004739617,0.9915677,-0.1295037,-0.05845948,0.1295584,0.989847,moving,16.930581264199784,-11.6821416713051,16.83912884659031,-9.275170356180581,0.4651700000000001,-0.06033080000000002,1.9700115,0.28567772783245315,-0.19404378773808742,0.9384749680859916,15.381260823270946,-11.165158947900268,2.306677272740996,2.4087080471736035,2.386930256678581
05/10/2023 16:34:54.972537,607,True,True,True,True,Eyes,1.379876,-0.3543966,-2.932247,0.229502,-0.06915344,0.9708484,0.0,0.0,0.0,0.0,0.0,0.0,0.0,-1.195581,-0.03530216,3.037025,1.371489,-0.3544862,-2.94067,-0.06487674,-0.02937317,-0.0003837626,0.9974609,352.5624,356.6151,0.1759864,0.4234267,-0.1087088,-0.8993841,0,0,0,1.836551,-0.4123158,-0.9709763,0.5796,-0.3100956,1.915,0.9982741,0.003045694,0.05864697,0.004576847,0.9915817,-0.1294015,-0.05854738,0.1294466,0.9898564,moving,16.936900453436472,-11.62815334775232,16.839131587459715,-9.198054781176284,0.4650620000000001,-0.057829600000000037,1.9696936999999999,0.2858326003687308,-0.19315008875501558,0.9386121402532427,15.390215687345828,-11.113107713849068,2.3286870793793804,2.432064512801684,2.4014131299177714
05/10/2023 16:34:54.992549,608,True,True,True,True,Eyes,1.379727,-0.3544037,-2.932244,0.2295943,-0.0683444,0.970884,0.0,0.0,0.0,0.0,0.0,0.0,0.0,-1.195088,-0.03443903,3.03727,1.371538,-0.3544547,-2.940693,-0.06475618,-0.02945873,-0.0003110537,0.9974663,352.5765,356.6047,0.1845925,0.4234113,-0.1087089,-0.8993914,0,0,0,1.836305,-0.4099313,-0.9712954,0.5796,-0.3073287,1.915,0.9982642,0.003194738,0.05880845,0.0044358,0.9916131,-0.1291659,-0.05872788,0.1292025,0.9898776,moving,16.948143432529786,-11.56846756321937,16.839131587459715,-9.117367506794906,0.46476700000000015,-0.05547659999999999,1.9693976,0.2860736036298641,-0.1921578238500274,0.938742512672828,15.40421848403756,-11.055595654104268,2.3486043101552023,2.453522991326878,2.4115770701752157
05/10/2023 16:34:55.006554,609,True,True,True,True,Eyes,1.379611,-0.3544056,-2.93224,0.2297109,-0.06744438,0.9709193,0.0,0.0,0.0,0.0,0.0,0.0,0.0,-1.194976,-0.03449118,3.037321,1.371561,-0.3544792,-2.940687,-0.0647491,-0.0294832,-0.0003560808,0.9974659,352.5771,356.6022,0.1795611,0.4233936,-0.1087095,-0.8993996,0,0,0,1.836228,-0.4072675,-0.9716251,0.5796,-0.304544,1.915,0.9982613,0.003107665,0.05886309,0.004528379,0.9916149,-0.129149,-0.05877087,0.129191,0.9898766,moving,16.955886769294516,-11.512615129452907,16.839131587459715,-9.036124315625335,0.46466699999999994,-0.05278830000000001,1.9690619,0.28625319300212465,-0.19123192186695703,0.9388767707425951,15.414644872024564,-11.001756319064224,2.3728084595215493,2.479241521808158,2.4275237538270162
05/10/2023 16:34:55.022336,610,True,True,True,True,Eyes,1.3795,-0.3544053,-2.932236,0.2298249,-0.06657186,0.9709525,0.0,0.0,0.0,0.0,0.0,0.0,0.0,-1.195175,-0.03499758,3.037213,1.371552,-0.3544061,-2.940675,-0.0647545,-0.02945768,-0.000514976,0.9974663,352.576,356.6064,0.1610734,0.4233749,-0.1087102,-0.8994083,0,0,0,1.836275,-0.404795,-0.9719588,0.5795999,-0.3019767,1.915,0.998264,0.002787692,0.05883277,0.004842376,0.9916132,-0.1291505,-0.05869938,0.1292112,0.9898782,moving,16.959434088201995,-11.456129557068241,16.83912884659031,-8.961191252695013,0.464723,-0.050388900000000014,1.9687162000000002,0.2863641574062031,-0.19029963524025445,0.939032306494607,15.421060632970363,-10.947274250737085,2.3904125903166014,2.4978371631849834,2.4403776620824593
05/10/2023 16:34:55.042412,611,True,True,True,True,Eyes,1.379421,-0.3544048,-2.932231,0.2299498,-0.06566291,0.9709848,0.0,0.0,0.0,0.0,0.0,0.0,0.0,-1.19552,-0.03649956,3.037029,1.371534,-0.3543541,-2.940659,-0.06491613,-0.02940786,-0.000705636,0.9974572,352.5568,356.6134,0.1392798,0.4233552,-0.108711,-0.8994175,0,0,0,1.836397,-0.4016654,-0.9723064,0.5795997,-0.2993073,1.915,0.9982694,0.002410406,0.05875778,0.005225772,0.9915708,-0.1294606,-0.05857455,0.1295436,0.9898421,moving,16.962087953863648,-11.414474419713523,16.839123364851268,-8.883245360747342,0.464863,-0.0473113,1.9683526000000002,0.28644645802108737,-0.18961201697231672,0.939146271784971,15.42582845241208,-10.907096879020097,2.425127504186435,2.534214047610383,2.4684767524814624
05/10/2023 16:34:55.052755,612,True,True,True,True,Eyes,1.379344,-0.3544047,-2.932225,0.2300643,-0.06478796,0.9710164,0.0,0.0,0.0,0.0,0.0,0.0,0.0,-1.19517,-0.03691256,3.037143,1.371496,-0.3544089,-2.94065,-0.06496317,-0.02946285,-0.0007745894,0.9974524,352.5511,356.6076,0.1319062,0.4233356,-0.1087118,-0.8994266,0,0,0,1.836133,-0.398825,-0.9726018,0.5795998,-0.2965046,1.915,0.9982627,0.002282768,0.05887622,0.005373232,0.9915584,-0.1295497,-0.05867494,0.129641,0.9898235,moving,16.9739445919141,-11.365785145298139,16.83912610572083,-8.801371456773866,0.46463699999999997,-0.04441609999999996,1.9680482000000001,0.28668647540608994,-0.1887997148770249,0.9392366280368324,15.439839300908965,-10.860201159879287,2.4568166494029366,2.5679551378694505,2.4893339086008033
05/10/2023 16:34:55.072271,613,True,True,True,True,Eyes,1.379257,-0.3544055,-2.932221,0.2302244,-0.06386185,0.9710399,0.0,0.0,0.0,0.0,0.0,0.0,0.0,-1.194788,-0.03726584,3.03725,1.371471,-0.3544186,-2.94062,-0.0650036,-0.02952431,-0.0008189916,0.9974479,352.5464,356.6008,0.127389,0.4233161,-0.1087127,-0.8994356,0,0,0,1.835866,-0.3960893,-0.9728525,0.5795999,-0.2938532,1.915,0.9982553,0.00220457,0.05900439,0.005472174,0.9915477,-0.129627,-0.05879144,0.1297237,0.9898057,moving,16.98874466940514,-11.314097942763304,16.83912884659031,-8.72388403730684,0.4643949999999999,-0.041670700000000005,1.9677675,0.28697755280320775,-0.18793526257508816,0.9393212011344718,15.456846154769446,-10.810434695091592,2.4814842728019957,2.594531358541767,2.5028781607600306
05/10/2023 16:34:55.092399,614,True,True,True,True,Eyes,1.379172,-0.3544075,-2.932214,0.2303818,-0.06297565,0.9710604,0.0,0.0,0.0,0.0,0.0,0.0,0.0,-1.19459,-0.03742719,3.037343,1.371448,-0.3544295,-2.940648,-0.06502841,-0.0295529,-0.0008247705,0.9974454,352.5435,356.5975,0.1270235,0.4232964,-0.1087136,-0.8994448,0,0,0,1.835743,-0.3934278,-0.973188,0.5796,-0.2912519,1.915,0.9982519,0.002198229,0.05906208,0.005488883,0.9915413,-0.1296758,-0.05884754,0.1297733,0.9897959,moving,16.999077594660484,-11.264014931931143,16.839131587459715,-8.647829525255187,0.4642949999999999,-0.038998299999999986,1.96746,0.2871934710570233,-0.1871014683098274,0.9394216079326939,15.469462357230856,-10.76218248232864,2.506361674824042,2.6210701645174836,2.519222544222914
05/10/2023 16:34:55.102083,615,True,True,True,True,Eyes,1.379088,-0.3544108,-2.932211,0.2305991,-0.06201691,0.9710705,0.0,0.0,0.0,0.0,0.0,0.0,0.0,-1.194832,-0.03695795,3.037198,1.371419,-0.3544607,-2.9406,-0.06497847,-0.02950635,-0.0007763597,0.9974501,352.5494,356.6026,0.1320817,0.4232767,-0.1087147,-0.8994539,0,0,0,1.835928,-0.3908563,-0.9735498,0.5795999,-0.2884775,1.915,0.9982576,0.002285795,0.05896311,0.005383315,0.9915544,-0.1295798,-0.05876132,0.1296714,0.9898143,moving,17.00290969371858,-11.202317396930054,16.83912884659031,-8.566680219159217,0.46450900000000006,-0.03639559999999997,1.9670501999999999,0.2873128694774456,-0.1860828059950807,0.939587389422954,15.476429110188969,-10.702672994237135,2.524974345585851,2.6407210187245975,2.5336565881692312
05/10/2023 16:34:55.127246,616,True,True,True,True,Eyes,1.379007,-0.3544137,-2.932207,0.2308158,-0.06109756,0.9710773,0.0,0.0,0.0,0.0,0.0,0.0,0.0,-1.194893,-0.0363743,3.03726,1.371446,-0.3544977,-2.940664,-0.0649222,-0.02949581,-0.0006923828,0.9974542,352.5562,356.6032,0.1414884,0.4232568,-0.1087159,-0.8994631,0,0,0,1.836037,-0.3885576,-0.9739553,0.5795999,-0.2859874,1.915,0.9982591,0.002448625,0.05893134,0.005211106,0.9915693,-0.129473,-0.05875153,0.1295546,0.9898302,moving,17.010501034651895,-11.143505363041735,16.83912884659031,-8.49381698590297,0.464591,-0.034059899999999976,1.9667086999999999,0.2874912260556684,-0.18510791359321094,0.9397253977673802,15.486866019171329,-10.645976477489786,2.5384605308454584,2.65522445807982,2.5417327223070476
05/10/2023 16:34:55.142403,617,True,True,True,True,Eyes,1.37899,-0.3544095,-2.932204,0.2310512,-0.06049507,0.971059,0.0,0.0,0.0,0.0,0.0,0.0,0.0,-1.195353,-0.03550494,3.037057,1.371433,-0.3544928,-2.940638,-0.06485885,-0.02940832,-0.0005068786,0.9974609,352.564,356.6119,0.1619968,0.4232369,-0.1087171,-0.8994724,0,0,0,1.83644,-0.3860488,-0.9743596,0.5795999,-0.2834012,1.915,0.9982699,0.002803596,0.05873305,0.004825962,0.9915861,-0.1293585,-0.05860154,0.1294181,0.989857,moving,17.009869826759243,-11.105660539366934,16.83912884659031,-8.418112447640482,0.46500700000000017,-0.03155600000000003,1.9662783999999998,0.2875150838446418,-0.18448578177950303,0.9398403933007768,15.488265458378427,-10.609451223170487,2.5746623050752437,2.692966250744992,2.5742566932519817
05/10/2023 16:34:55.152562,618,True,True,True,True,Eyes,1.378973,-0.3544058,-2.932202,0.2312856,-0.05990554,0.9710399,0.0,0.0,0.0,0.0,0.0,0.0,0.0,-1.196031,-0.03463832,3.0368,1.371364,-0.3544666,-2.940674,-0.06479025,-0.02927543,-0.0003264459,0.9974694,352.5725,356.6259,0.1815634,0.4232186,-0.1087182,-0.8994808,0,0,0,1.836963,-0.383307,-0.9748997,0.5795999,-0.2805725,1.915,0.9982857,0.003142285,0.05844499,0.004444764,0.9916042,-0.1292335,-0.05836039,0.1292717,0.9898904,moving,17.004026729284142,-11.067624509662652,16.83912884659031,-8.335275423263482,0.4655989999999999,-0.02884039999999999,1.9657743,0.2874532750494015,-0.18386541568938336,0.9399810176055708,15.48465170406563,-10.572702016133588,2.617470120144672,2.7373203761458553,2.6154705290069993
05/10/2023 16:34:55.172458,619,True,True,True,True,Eyes,1.378973,-0.3544058,-2.932202,0.2312856,-0.05990554,0.9710399,0.0,0.0,0.0,0.0,0.0,0.0,0.0,-1.196499,-0.03483361,3.036613,1.371328,-0.3544806,-2.940688,-0.06489335,-0.02918385,-0.0001714677,0.9974654,352.5612,356.6353,0.1990949,0.4232017,-0.1087191,-0.8994886,0,0,0,1.837344,-0.3801913,-0.9753382,0.5796,-0.2779798,1.915,0.9982966,0.003445609,0.05824201,0.004129741,0.9915777,-0.1294477,-0.0581975,0.1294677,0.9898743,moving,16.991990287079737,-11.083903483458855,16.839131587459715,-8.259318692261381,0.466016,-0.02571070000000003,1.9653498000000003,0.28724052016187646,-0.18414474761465346,0.9399913751652893,15.472187045863738,-10.58832024347504,2.705725550722654,2.8287179118310117,2.7005158035743224
05/10/2023 16:34:55.192328,620,True,True,True,True,Eyes,1.378973,-0.3544058,-2.932202,0.2312856,-0.05990554,0.9710399,0.0,0.0,0.0,0.0,0.0,0.0,0.0,-1.196713,-0.03498271,3.036509,1.37136,-0.3544953,-2.940652,-0.06494369,-0.02915133,-0.0001210997,0.9974632,352.5555,356.6386,0.2048293,0.4231865,-0.1087198,-0.8994957,0,0,0,1.83753,-0.3773296,-0.9756764,0.5796,-0.2753282,1.915,0.9983004,0.003544805,0.05817049,0.004027975,0.9915646,-0.1295508,-0.05813903,0.1295649,0.989865,moving,16.987857537813003,-11.09112835002225,16.839131587459715,-8.181606157201088,0.4661700000000002,-0.022834299999999974,1.9649756,0.28716599214673855,-0.184267575636531,0.9399900762271249,15.467820501488683,-10.595261010278083,2.7870534252769588,2.913320922731884,2.776008617473869
05/10/2023 16:34:55.205606,621,True,True,True,True,Eyes,1.378973,-0.3544058,-2.932202,0.2312856,-0.05990554,0.9710399,0.0,0.0,0.0,0.0,0.0,0.0,0.0,-1.19699,-0.03474289,3.036419,1.371325,-0.3544941,-2.940686,-0.06493669,-0.02909558,-4.551815e-05,0.9974653,352.5566,356.6445,0.2130993,0.4231728,-0.1087205,-0.899502,0,0,0,1.837746,-0.3745707,-0.9761203,0.5796,-0.2725952,1.915,0.9983069,0.003687936,0.05804957,0.003869547,0.9915664,-0.1295415,-0.05803774,0.1295468,0.9898733,moving,16.980362852605328,-11.092381605369852,16.839131587459715,-8.101476239654348,0.4664210000000002,-0.0200766,1.9645656999999999,0.28704151360975005,-0.18429531433145363,0.9400226574195731,15.460530463455964,-10.596413697655267,2.8650192168004796,2.9942379960384615,2.850483113165292
05/10/2023 16:34:55.227404,622,True,True,True,True,Eyes,1.378973,-0.3544058,-2.932202,0.2312856,-0.05990554,0.9710399,0.0,0.0,0.0,0.0,0.0,0.0,0.0,-1.197329,-0.03463292,3.036307,1.371313,-0.3544798,-2.940715,-0.06493527,-0.02903522,-2.951814e-06,0.997467,352.5569,356.6512,0.2175482,0.4231605,-0.1087212,-0.8995077,0,0,0,1.837994,-0.3717568,-0.9765694,0.5796001,-0.2698069,1.915,0.998314,0.00376493,0.05792372,0.003776708,0.9915668,-0.1295414,-0.05792295,0.1295418,0.9898807,moving,16.97280507805095,-11.093246300742683,16.839134328329035,-8.019692069378639,0.4666809999999999,-0.017276999999999987,1.9641456,0.2869163430364135,-0.1843167158977438,0.9400566739411739,15.453200233059345,-10.59719094497535,2.9442386537402396,3.076459569451066,2.926484882949736
05/10/2023 16:34:55.242456,623,True,True,True,True,Eyes,1.378973,-0.3544058,-2.932202,0.2312856,-0.05990554,0.9710399,0.0,0.0,0.0,0.0,0.0,0.0,0.0,-1.197251,-0.03522587,3.036315,1.371294,-0.3544782,-2.940707,-0.06504748,-0.02904309,2.969404e-05,0.9974595,352.5441,356.6499,0.2217535,0.4231495,-0.1087217,-0.8995128,0,0,0,1.837963,-0.3687973,-0.9768775,0.5796,-0.267301,1.915,0.9983131,0.003837597,0.05793475,0.003719123,0.9915377,-0.1297662,-0.05794248,0.1297627,0.9898506,moving,16.973946039273276,-11.107275782989936,16.839131587459715,-7.946162941878855,0.466669,-0.014319099999999974,1.9638295000000001,0.286922472591203,-0.18454653958963874,0.9400097123592402,15.453555600082652,-10.61073811160772,3.0280946121859307,3.163986303803346,3.0032951323390664
05/10/2023 16:34:55.252876,624,True,True,True,True,Eyes,1.378973,-0.3544058,-2.932202,0.2312856,-0.05990554,0.9710399,0.0,0.0,0.0,0.0,0.0,0.0,0.0,-1.19714,-0.03501692,3.036369,1.37126,-0.3545369,-2.940724,-0.06504213,-0.02905305,7.73832e-05,0.9974596,352.5449,356.6484,0.2273074,0.4231395,-0.1087222,-0.8995175,0,0,0,1.837913,-0.3660423,-0.9772521,0.5796001,-0.2644932,1.915,0.9983118,0.003933717,0.05794841,0.003624971,0.991539,-0.1297583,-0.05796854,0.1297493,0.9898509,moving,16.9744349214097,-11.108166049027796,16.839134328329035,-7.863744048437361,0.466653,-0.011505399999999999,1.9634719,0.2869297155096084,-0.184560727546991,0.940004715991873,15.453979563808689,-10.611600922899855,3.107878181846276,3.2472419633287597,3.077234330401928
05/10/2023 16:34:55.276980,625,True,True,True,True,Eyes,1.379248,-0.3543589,-2.932195,0.2314819,-0.05804909,0.9711058,0.0,0.0,0.0,0.0,0.0,0.0,0.0,-1.19726,-0.03577864,3.036293,1.371241,-0.3544913,-2.940718,-0.06514689,-0.02903188,4.190566e-05,0.9974534,352.5327,356.6511,0.2234163,0.4231305,-0.1087227,-0.8995216,0,0,0,1.837976,-0.362942,-0.9776133,0.5796,-0.2617861,1.915,0.9983143,0.003866271,0.05791043,0.003699075,0.9915118,-0.1299644,-0.05792135,0.1299595,0.989826,moving,16.979589199270784,-11.008130933264708,16.839131587459715,-7.784250032486309,0.4667350000000001,-0.008450699999999978,1.9631047,0.2871044015477141,-0.1829092442222382,0.940274062527015,15.464254617138145,-10.515105448047178,3.0880656539132545,3.2269391694172684,3.0574266931880385
05/10/2023 16:34:55.293060,626,True,True,True,True,Eyes,1.379512,-0.3543144,-2.932189,0.2316726,-0.05626668,0.9711652,0.0,0.0,0.0,0.0,0.0,0.0,0.0,-1.197199,-0.0358763,3.036266,1.371264,-0.3544796,-2.940657,-0.06514547,-0.02904841,3.059735e-06,0.997453,352.5328,356.6494,0.2190579,0.4231296,-0.1087213,-0.8995223,0,0,0,1.837933,-0.360409,-0.9778715,0.5795999,-0.2591978,1.915,0.9983124,0.003790848,0.05794844,0.00377864,0.9915122,-0.1299592,-0.05794924,0.1299589,0.9898245,moving,16.988423076543075,-10.90029709036249,16.83912884659031,-7.708216366285843,0.466669,-0.005929399999999974,1.9627854999999998,0.28734583019526616,-0.1811255771166145,0.9405455213564038,15.47848990418938,-10.411111998618399,3.0574595124837103,3.1955700768593505,3.0260507482295016
05/10/2023 16:34:55.302152,627,True,True,True,True,Eyes,1.379554,-0.3542904,-2.932189,0.2318252,-0.05435626,0.9712377,0.0,0.0,0.0,0.0,0.0,0.0,0.0,-1.197398,-0.03574753,3.036185,1.371248,-0.3544966,-2.940658,-0.06513858,-0.0290117,2.815252e-05,0.9974545,352.5337,356.6535,0.2216505,0.4231354,-0.1087184,-0.8995199,0,0,0,1.838078,-0.3577416,-0.9782598,0.5795999,-0.2564873,1.915,0.9983166,0.003835722,0.05787202,0.003723399,0.991514,-0.1299472,-0.05787935,0.1299439,0.9898306,moving,16.987646137225656,-10.785838388971026,16.83912884659031,-7.628563679186918,0.4668300000000001,-0.003244999999999998,1.9623982,0.2874339495956953,-0.1792413801706689,0.9408796142503304,15.483813541530536,-10.300652797728159,3.0240607219192683,3.1607658848228524,2.996154173862849
05/10/2023 16:34:55.322276,628,True,True,True,True,Eyes,1.379594,-0.3542659,-2.93219,0.2319731,-0.05252476,0.9713031,0.0,0.0,0.0,0.0,0.0,0.0,0.0,-1.197642,-0.03601828,3.036155,1.371243,-0.354549,-2.940725,-0.06519899,-0.02896904,4.459012e-05,0.9974518,352.5268,356.6583,0.22343,0.4231418,-0.1087149,-0.8995174,0,0,0,1.838254,-0.3549107,-0.9787132,0.5795999,-0.2538316,1.915,0.9983217,0.003866456,0.05778461,0.00368855,0.9914982,-0.1300683,-0.05779624,0.1300631,0.9898198,moving,16.986669290743283,-10.683608811234635,16.83912884659031,-7.550492602545082,0.46701100000000006,-0.00036170000000002034,1.9620118,0.2875070446757193,-0.1775582599290631,0.9411763093061125,15.488295702310513,-10.201993260613458,3.0008686032893217,3.1365881718539423,2.9757698034999067
05/10/2023 16:34:55.342258,629,True,True,True,True,Eyes,1.379449,-0.3542568,-2.932195,0.2324615,-0.05070756,0.9712828,0.0,0.0,0.0,0.0,0.0,0.0,0.0,-1.197782,-0.0357008,3.036093,1.371226,-0.354512,-2.940727,-0.06515474,-0.02894152,7.714565e-05,0.9974555,352.532,356.6612,0.226825,0.4231486,-0.108711,-0.8995146,0,0,0,1.838363,-0.3524208,-0.9790824,0.5795999,-0.2512158,1.915,0.9983248,0.003925252,0.05772569,0.003617455,0.9915097,-0.1299823,-0.05774579,0.1299734,0.9898345,moving,17.007107175188782,-10.571093362941605,16.83912884659031,-7.473566908264619,0.4671369999999999,0.0020912000000000153,1.9616445999999998,0.28794100267024736,-0.17568573295526074,0.9413949146965204,15.513963572373104,-10.093569840565229,2.966707254964932,3.102077828859636,2.9360651166578293
05/10/2023 16:34:55.352804,630,True,True,True,True,Eyes,1.379308,-0.3542482,-2.932198,0.2329338,-0.04895857,0.9712594,0.0,0.0,0.0,0.0,0.0,0.0,0.0,-1.197999,-0.03534728,3.03601,1.371225,-0.3544991,-2.940727,-0.06513085,-0.02890113,0.0001613394,0.9974583,352.5349,356.6653,0.2361452,0.423151,-0.1087075,-0.899514,0,0,0,1.838551,-0.3497845,-0.9794706,0.5796002,-0.248562,1.915,0.9983295,0.004086568,0.05763431,0.003442851,0.9915159,-0.1299399,-0.05767634,0.1299213,0.9898454,moving,17.024820998751828,-10.46653062540293,16.839137069198276,-7.39549600716706,0.46732600000000013,0.004714600000000013,1.9612564,0.28832244853002004,-0.1739465828586857,0.9416011208748031,15.536584009066079,-9.992800220640532,2.9414162181295485,3.0766429997803746,2.9056210440776344
05/10/2023 16:34:55.372620,631,True,True,True,True,Eyes,1.379203,-0.3542394,-2.932202,0.2335163,-0.04717467,0.9712079,0.0,0.0,0.0,0.0,0.0,0.0,0.0,-1.198302,-0.03555208,3.035841,1.371211,-0.3545022,-2.940686,-0.06517924,-0.02884766,0.000188083,0.9974566,352.5295,356.6712,0.23899,0.4231496,-0.1087042,-0.899515,0,0,0,1.838761,-0.3468915,-0.979833,0.5795999,-0.245856,1.915,0.9983355,0.004135746,0.05752405,0.003385328,0.9915032,-0.1300377,-0.05757309,0.130016,0.989839,moving,17.04866446708665,-10.366529645315946,16.83912884659031,-7.315861014943238,0.46755000000000013,0.00761069999999997,1.960853,0.28880033091488844,-0.17227699887598286,0.9417617009623209,15.564870318241283,-9.89647910588022,2.922235407468609,3.057856155641871,2.878076532745691
05/10/2023 16:34:55.392775,632,True,True,True,True,Eyes,1.379101,-0.3542287,-2.932205,0.2340804,-0.04544628,0.9711545,0.0,0.0,0.0,0.0,0.0,0.0,0.0,-1.198371,-0.03445312,3.03584,1.371174,-0.3545125,-2.940715,-0.06505615,-0.02882285,0.0003237737,0.9974653,352.5441,356.6731,0.2540273,0.4231457,-0.1087011,-0.8995173,0,0,0,1.838863,-0.3446169,-0.9802359,0.5796,-0.2432088,1.915,0.9983383,0.004396112,0.05745744,0.0031043,0.9915352,-0.1298012,-0.0575417,0.1297638,0.9898739,moving,17.072704898260557,-10.253469123862073,16.839131587459715,-7.237928938051669,0.467689,0.009895600000000004,1.9604791,0.28929169516754555,-0.1703918948820471,0.9419538089343034,15.59403932298517,-9.787556947075577,2.8891941330775515,3.024572548932479,2.837403343103262
05/10/2023 16:34:55.410509,633,True,True,True,True,Eyes,1.379015,-0.3542223,-2.932207,0.2346967,-0.04366118,0.9710876,0.0,0.0,0.0,0.0,0.0,0.0,0.0,-1.198815,-0.03574571,3.035619,1.371174,-0.3544577,-2.940691,-0.0652623,-0.02874992,0.0003182324,0.997454,352.5204,356.6814,0.2535385,0.4231395,-0.1086981,-0.8995205,0,0,0,1.839154,-0.3411295,-0.9806296,0.5795998,-0.2405469,1.915,0.9983467,0.004387416,0.0573119,0.003117727,0.9914815,-0.1302106,-0.05739498,0.130174,0.9898286,moving,17.097645596921566,-10.170581957334631,16.83912610572083,-7.159536943232197,0.46798000000000006,0.013328200000000012,1.9600614000000003,0.2897719782849676,-0.16900337371712892,0.9420562758013381,15.622475214852699,-9.707759065947597,2.8857015479913244,3.022122499880145,2.8237697103245503
05/10/2023 16:34:55.427275,634,True,True,True,True,Eyes,1.378932,-0.3542157,-2.93221,0.2352843,-0.04194762,0.971021,0.0,0.0,0.0,0.0,0.0,0.0,0.0,-1.199195,-0.03517434,3.035443,1.371111,-0.3545616,-2.940674,-0.06519958,-0.02867552,0.000347903,0.9974601,352.5276,356.6898,0.256186,0.4231318,-0.1086953,-0.8995245,0,0,0,1.839398,-0.3387796,-0.9810327,0.5796,-0.2378517,1.915,0.9983552,0.004433302,0.05716001,0.003045225,0.9914978,-0.1300879,-0.05725073,0.130048,0.9898534,moving,17.119056058136625,-10.061892778468298,16.839131587459715,-7.080136814238396,0.4682870000000001,0.015781999999999963,1.9596413,0.2902149004621212,-0.16719256760292797,0.9422430917652068,15.648877478392086,-9.603035377839118,2.858641976496396,2.9948666647288893,2.7895738037146396
05/10/2023 16:34:55.442752,635,True,True,True,True,Eyes,1.378855,-0.3542058,-2.932214,0.2359021,-0.04018313,0.9709457,0.0,0.0,0.0,0.0,0.0,0.0,0.0,-1.198778,-0.03422573,3.035634,1.371109,-0.3545511,-2.940691,-0.06513111,-0.02873214,0.000565864,0.9974628,352.5362,356.6817,0.2815066,0.4231228,-0.1086927,-0.8995291,0,0,0,1.839231,-0.3361092,-0.981362,0.5796001,-0.2351336,1.915,0.9983483,0.004871569,0.05724477,0.002613856,0.9915152,-0.1299642,-0.05739219,0.1298992,0.9898648,moving,17.15523355431944,-9.95592848748895,16.839134328329035,-7.000034364158882,0.46812200000000015,0.01844190000000001,1.9593290000000003,0.2908982694076322,-0.1654137929994095,0.942346279777604,15.689367980457853,-9.501052963074143,2.8359112237832065,2.9727476833745863,2.752645397943057
05/10/2023 16:34:55.452437,636,True,True,True,True,Eyes,1.378781,-0.3541968,-2.932214,0.2364955,-0.03846302,0.970871,0.0,0.0,0.0,0.0,0.0,0.0,0.0,-1.198493,-0.03594294,3.03578,1.371207,-0.354447,-2.940714,-0.06535468,-0.02880007,0.0004664487,0.9974463,352.5103,356.6745,0.2713168,0.4231126,-0.1086902,-0.8995342,0,0,0,1.839047,-0.3325013,-0.9816822,0.5796,-0.2323783,1.915,0.9983407,0.004694953,0.05739207,0.002833922,0.9914571,-0.1304024,-0.05751401,0.1303487,0.9897987,moving,17.196466397794893,-9.876486478363026,16.839131587459715,-6.9188075533503,0.46784000000000003,0.021945700000000012,1.9590318,0.29164279796964065,-0.1640681642669642,0.942351388779832,15.733323833376101,-9.424702959950602,2.840388721275766,2.9791865987449846,2.73903679745489
05/10/2023 16:34:55.472667,637,True,True,True,True,Eyes,1.37868,-0.3541896,-2.932212,0.237131,-0.03672186,0.9707834,0.0,0.0,0.0,0.0,0.0,0.0,0.0,-1.198683,-0.03851745,3.035614,1.371233,-0.3544646,-2.940638,-0.06573144,-0.02878056,0.0003341536,0.9974222,352.4666,356.6775,0.2571961,0.4231017,-0.1086878,-0.8995396,0,0,0,1.839127,-0.3286448,-0.9819695,0.5796,-0.2298111,1.915,0.9983432,0.00445016,0.0573688,0.003116991,0.9913585,-0.1311432,-0.05745666,0.1311048,0.9897021,moving,17.23118692692349,-9.812127671501177,16.839131587459715,-6.843100804051664,0.46789400000000003,0.025819800000000004,1.9586685,0.29226737098379507,-0.16297705147366987,0.9423472186140249,15.770202748394976,-9.362859058030526,2.8539770537665206,2.994800148397071,2.737113538287898
05/10/2023 16:34:55.494623,638,True,True,True,True,Eyes,1.378579,-0.3541854,-2.932209,0.2377435,-0.0350672,0.9706947,0.0,0.0,0.0,0.0,0.0,0.0,0.0,-1.19949,-0.04064941,3.035178,1.3712,-0.354439,-2.940563,-0.06589365,-0.0286665,-0.000118088,0.9974149,352.4464,356.6939,0.2047367,0.4230893,-0.1086855,-0.8995457,0,0,0,1.839457,-0.3258562,-0.9823275,0.5795999,-0.2271763,1.915,0.9983565,0.003542314,0.05720033,0.004013445,0.991316,-0.1314398,-0.05716921,0.1314534,0.9896725,moving,17.25600653121246,-9.717562053376597,16.83912884659031,-6.765375558688499,0.4682569999999999,0.02858280000000002,1.9582355,0.2927525986102294,-0.16139643873550136,0.9424685599459725,15.799141512995412,-9.271790485928717,2.840322487455033,2.98147482017788,2.7136118811522056
05/10/2023 16:34:55.509444,639,True,True,True,True,Eyes,1.378457,-0.3541804,-2.932207,0.2384086,-0.03337789,0.9705912,0.0,0.0,0.0,0.0,0.0,0.0,0.0,-1.199744,-0.03980556,3.035034,1.371109,-0.354503,-2.940542,-0.06571053,-0.02861675,-0.0002474612,0.9974284,352.467,356.7008,0.1888264,0.4230757,-0.1086835,-0.8995523,0,0,0,1.839546,-0.3241396,-0.9826827,0.5796,-0.2245204,1.915,0.9983621,0.003267193,0.05711883,0.004254492,0.9913641,-0.1310689,-0.05705379,0.1310972,0.9897264,moving,17.28602631466033,-9.591355506101676,16.839131587459715,-6.68700254901391,0.468437,0.030363399999999985,1.9578593000000002,0.2933480731544718,-0.1592896559905928,0.9426418912202075,15.834771000097497,-9.150227579749952,2.798203979952845,2.93853381749201,2.6601161142873364
05/10/2023 16:34:55.525164,640,True,True,True,True,Eyes,1.37834,-0.3541762,-2.932204,0.2390368,-0.03175357,0.9704912,0.0,0.0,0.0,0.0,0.0,0.0,0.0,-1.199124,-0.03849235,3.035279,1.371035,-0.3544351,-2.940568,-0.06559043,-0.02869283,1.528288e-05,0.997434,352.4817,356.6901,0.2192911,0.4230604,-0.1086817,-0.8995597,0,0,0,1.839237,-0.3215409,-0.9830052,0.5796,-0.2217784,1.915,0.9983535,0.003794439,0.05723642,0.003733464,0.9913958,-0.1308452,-0.05724043,0.1308434,0.9897493,moving,17.324930982073138,-9.489189269435583,16.839131587459715,-6.6060624339404805,0.468202,0.032894199999999985,1.9575627999999998,0.29407015301310047,-0.15757196896189785,0.9427056114947802,15.877688510609111,-9.051930945989158,2.782790180571111,2.9237683563098447,2.6280497651785755
05/10/2023 16:34:55.542227,641,True,True,True,True,Eyes,1.378188,-0.3541775,-2.9322,0.2396863,-0.03010606,0.9703835,0.0,0.0,0.0,0.0,0.0,0.0,0.0,-1.198181,-0.03757775,3.035605,1.371011,-0.3544506,-2.940517,-0.06554548,-0.0288317,0.0002669973,0.997433,352.4877,356.6722,0.2492106,0.4230437,-0.1086801,-0.8995678,0,0,0,1.838727,-0.3188556,-0.9831817,0.5796002,-0.2191528,1.915,0.9983373,0.0043122,0.05748038,0.003246952,0.9914075,-0.1307699,-0.05755037,0.1307391,0.989745,moving,17.37293314257644,-9.394242122177348,16.839137069198276,-6.5285334549455145,0.467716,0.03559499999999999,1.9573352999999998,0.29493595784151505,-0.1559660050569706,0.9427021907088903,15.928991391757776,-8.960669615770726,2.7728941101950024,2.914999899382776,2.5968541466469053
05/10/2023 16:34:55.560798,642,True,True,True,True,Eyes,1.378043,-0.3541771,-2.932196,0.2403152,-0.0285374,0.9702753,0.0,0.0,0.0,0.0,0.0,0.0,0.0,-1.198439,-0.03612813,3.035529,1.371079,-0.3545046,-2.940488,-0.06534606,-0.02879687,0.0003400295,0.9974471,352.5108,356.6758,0.2566895,0.4230249,-0.108679,-0.8995767,0,0,0,1.838954,-0.3169667,-0.9835232,0.5796002,-0.2164844,1.915,0.9983413,0.004441846,0.05740226,0.003085201,0.9914595,-0.1303781,-0.05749113,0.1303389,0.9898012,moving,17.40090477983333,-9.2797695073995,16.839137069198276,-6.4497160656957435,0.46787500000000004,0.03753790000000001,1.9569648000000002,0.29548581170872923,-0.15405484296309702,0.942844195388792,15.962024299259312,-8.850414525566565,2.743744817005854,2.885270428159452,2.5559107782581414
05/10/2023 16:34:55.576542,643,True,True,True,True,Eyes,1.377877,-0.3541737,-2.932195,0.2409443,-0.02694569,0.9701649,0.0,0.0,0.0,0.0,0.0,0.0,0.0,-1.198811,-0.03449288,3.035397,1.371072,-0.3544612,-2.940491,-0.06513295,-0.02872661,0.0004902965,0.9974629,352.5358,356.6829,0.2727601,0.4230044,-0.1086782,-0.8995864,0,0,0,1.839258,-0.3149758,-0.9839303,0.5796,-0.2138373,1.915,0.9983491,0.004720203,0.05724359,0.002763992,0.9915149,-0.1299636,-0.05737132,0.1299072,0.989865,moving,17.424013349865277,-9.164658587318998,16.839131587459715,-6.3715035921331555,0.468186,0.039485400000000004,1.9565607000000003,0.29595505041185005,-0.1521371811016016,0.943008507578937,15.990403936478955,-8.739506668708183,2.7130916134924257,2.8537346588507946,2.515507343699897
05/10/2023 16:34:55.592305,644,True,True,True,True,Eyes,1.37772,-0.3541695,-2.932194,0.24155,-0.02541374,0.9700556,0.0,0.0,0.0,0.0,0.0,0.0,0.0,-1.199258,-0.03408161,3.03524,1.371025,-0.3543415,-2.940543,-0.06510258,-0.02863776,0.0006223095,0.9974675,352.5397,356.6922,0.2872068,0.4229817,-0.1086776,-0.8995972,0,0,0,1.839589,-0.3122398,-0.9844123,0.5796001,-0.2112127,1.915,0.998359,0.004970252,0.05704944,0.002487318,0.9915226,-0.129911,-0.0572115,0.1298398,0.9898831,moving,17.44489371719296,-9.07361969137597,16.839134328329035,-6.293932365722143,0.468564,0.042101699999999964,1.9561307,0.29636841547905785,-0.15061840069382731,0.9431224668361018,16.015358868880693,-8.65181159655605,2.7042440543934942,2.8449263726144696,2.4976389800744263
05/10/2023 16:34:55.602500,645,True,True,True,True,Eyes,1.377494,-0.3541737,-2.932195,0.2421522,-0.02385576,0.969945,0.0,0.0,0.0,0.0,0.0,0.0,0.0,-1.199438,-0.0342913,3.03518,1.37104,-0.3543185,-2.940553,-0.06514502,-0.02860902,0.000647563,0.9974655,352.5349,356.6953,0.2900451,0.4229574,-0.1086771,-0.8996087,0,0,0,1.839727,-0.3093073,-0.9848112,0.5795998,-0.2084697,1.915,0.9983622,0.005019314,0.05698864,0.002435627,0.9915114,-0.1299969,-0.05715738,0.1299228,0.9898753,moving,17.473850486892687,-8.986222766938406,16.83912610572083,-6.2128370137405655,0.46868699999999985,0.04501119999999997,1.9557418,0.29691171127093097,-0.14915325797239193,0.9431844091276136,16.04790480115996,-8.567692161597392,2.7037838810813137,2.8450911366939984,2.484225013999095
05/10/2023 16:34:55.622013,646,True,True,True,True,Eyes,1.377279,-0.3541791,-2.932198,0.2427242,-0.02235544,0.9698378,0.0,0.0,0.0,0.0,0.0,0.0,0.0,-1.199208,-0.03435707,3.035282,1.371004,-0.3543757,-2.940575,-0.0652101,-0.02863496,0.0007550595,0.9974604,352.5278,356.6914,0.3028524,0.4229298,-0.1086772,-0.8996217,0,0,0,1.839613,-0.3064044,-0.9851617,0.5796002,-0.2058548,1.915,0.998359,0.005240861,0.057026,0.002228294,0.9914942,-0.1301322,-0.05722295,0.1300457,0.9898553,moving,17.506854630034557,-8.907707125043855,16.839137069198276,-6.13550559210538,0.46860900000000005,0.047971299999999995,1.9554133,0.2975146778246456,-0.14783156268192355,0.9432025269399945,16.083880498228577,-8.492173842682627,2.7092042407422436,2.851481734164815,2.4747318503772746
05/10/2023 16:34:55.643164,647,True,True,True,True,Eyes,1.377063,-0.3541826,-2.9322,0.2430301,-0.0207736,0.9697963,0.0,0.0,0.0,0.0,0.0,0.0,0.0,-1.198724,-0.03420442,3.035513,1.371037,-0.3544101,-2.940596,-0.06523506,-0.02871375,0.0008661898,0.9974565,352.5253,356.6815,0.3163417,0.4228995,-0.1086777,-0.8996359,0,0,0,1.839359,-0.3036094,-0.9854606,0.5796,-0.2032217,1.915,0.9983495,0.005474259,0.05716841,0.002018313,0.9914873,-0.130188,-0.05739443,0.1300885,0.9898399,moving,17.529726515313286,-8.819736844427512,16.839131587459715,-6.057613254860547,0.4683219999999999,0.05080070000000003,1.9551354,0.29795697486877887,-0.1463620626733983,0.9432920137442559,16.110592099223716,-8.407455072006565,2.704715494047246,2.8471473580444293,2.4601882756259266
05/10/2023 16:34:55.662417,648,True,True,True,True,Eyes,1.376856,-0.3541879,-2.932203,0.2433178,-0.01924863,0.9697556,0.0,0.0,0.0,0.0,0.0,0.0,0.0,-1.198048,-0.0350301,3.03575,1.37102,-0.3543466,-2.940589,-0.06531625,-0.02882798,0.0007664834,0.9974479,352.5157,356.669,0.3059851,0.4228667,-0.1086785,-0.8996511,0,0,0,1.838886,-0.3006428,-0.9857023,0.5796001,-0.2005144,1.915,0.9983367,0.005294925,0.05740867,0.002236816,0.9914663,-0.1303433,-0.05760893,0.1302549,0.9898055,moving,17.557881400090167,-8.734963419930498,16.839134328329035,-5.977502496105475,0.4678660000000001,0.053703800000000024,1.9548867,0.29848356244305413,-0.14494124185437904,0.9433448916732896,16.14222596993222,-8.325861262191648,2.7066168914783773,2.849594374571081,2.449585710739086
05/10/2023 16:34:55.677224,649,True,True,True,True,Eyes,1.376672,-0.3541921,-2.932204,0.2435066,-0.01762574,0.9697391,0.0,0.0,0.0,0.0,0.0,0.0,0.0,-1.197643,-0.03577664,3.03595,1.371012,-0.3543985,-2.940638,-0.06541671,-0.02889657,0.0006979134,0.9974394,352.5039,356.6615,0.2989408,0.422832,-0.1086797,-0.8996673,0,0,0,1.838606,-0.2976762,-0.9860475,0.5796,-0.1977961,1.915,0.998329,0.005172888,0.05755383,0.002388383,0.9914404,-0.1305387,-0.05773645,0.130458,0.9897712,moving,17.574459207488857,-8.64729375685669,16.839131587459715,-5.897042633953907,0.46759400000000007,0.0567223,1.9545905,0.29882072723899256,-0.14348177954072655,0.9434612895795478,16.162855246601612,-8.241384962650692,2.703882988098918,2.8468558003182642,2.439936606414988
05/10/2023 16:34:55.692317,650,True,True,True,True,Eyes,1.376496,-0.3541983,-2.932206,0.2436839,-0.01606824,0.9697216,0.0,0.0,0.0,0.0,0.0,0.0,0.0,-1.197469,-0.03613624,3.035964,1.371011,-0.3544042,-2.940586,-0.06546494,-0.02892699,0.000667944,0.9974353,352.4983,356.6582,0.2958806,0.4227961,-0.1086812,-0.899684,0,0,0,1.838488,-0.2946183,-0.9863537,0.5796,-0.1948655,1.915,0.9983256,0.005119869,0.05761814,0.002454945,0.9914277,-0.1306327,-0.05779306,0.1305554,0.9897552,moving,17.585530018558583,-8.55859999050961,16.839131587459715,-5.810272688855134,0.4674769999999999,0.0597859,1.9542323000000001,0.299067159957179,-0.14200963971306685,0.9436059076893171,16.178231087520807,-8.155878726600795,2.70488816307912,2.8478787851603204,2.4369360178569313
05/10/2023 16:34:55.705975,651,True,True,True,True,Eyes,1.376305,-0.3542055,-2.932209,0.2437992,-0.01450426,0.9697173,0.0,0.0,0.0,0.0,0.0,0.0,0.0,-1.197213,-0.0360817,3.036107,1.37101,-0.35446,-2.940621,-0.06545939,-0.0289693,0.0006592775,0.9974346,352.4989,356.6534,0.2951824,0.4227593,-0.1086829,-0.8997011,0,0,0,1.838327,-0.2921936,-0.9866785,0.5796,-0.1923357,1.915,0.9983207,0.005107796,0.05770363,0.002477453,0.9914292,-0.1306211,-0.05787625,0.1305447,0.9897518,moving,17.593856283952785,-8.463965202872881,16.839131587459715,-5.735348203641753,0.467317,0.0622664,1.9539425000000001,0.29927191044090645,-0.14044145887966114,0.9437757072773596,16.191276866651148,-8.064618602305602,2.6889595391672874,2.8310704858744935,2.4176882200493908
05/10/2023 16:34:55.722537,652,True,True,True,True,Eyes,1.376121,-0.3542137,-2.932213,0.2439045,-0.01301404,0.9697119,0.0,0.0,0.0,0.0,0.0,0.0,0.0,-1.197059,-0.03624925,3.036165,1.370985,-0.3544577,-2.940632,-0.06546019,-0.0289936,0.0005988852,0.9974338,352.4987,356.6511,0.2884069,0.4227213,-0.108685,-0.8997186,0,0,0,1.838206,-0.2897142,-0.9869975,0.5796,-0.1897781,1.915,0.998318,0.00499055,0.05775999,0.002601157,0.9914292,-0.1306191,-0.0579168,0.1305497,0.9897487,moving,17.600141301315183,-8.372742107090778,16.839131587459715,-5.659580361569851,0.4672210000000001,0.06474350000000001,1.9536345,0.29943984659267686,-0.13893097349609568,0.9439459212449421,16.202174241279717,-7.976635334881018,2.6765187320745016,2.8178684216869576,2.4030102809182234
05/10/2023 16:34:55.742334,653,True,True,True,True,Eyes,1.375938,-0.3542182,-2.932216,0.243952,-0.01149915,0.9697191,0.0,0.0,0.0,0.0,0.0,0.0,0.0,-1.196793,-0.03485465,3.036281,1.370959,-0.3545097,-2.940633,-0.06529576,-0.02902575,0.0007392456,0.9974435,352.518,356.6464,0.3042673,0.4226824,-0.1086873,-0.8997366,0,0,0,1.838079,-0.2876855,-0.9872944,0.5796,-0.187185,1.915,0.998314,0.005265228,0.05780656,0.002315805,0.9914719,-0.1303006,-0.05799963,0.1302147,0.9897879,moving,17.60154069069274,-8.267412182892556,16.839131587459715,-5.582740568344671,0.46712,0.0668242,1.9533386,0.2995362428963495,-0.13719108218833315,0.9441697876012904,16.209111157393263,-7.875001925850486,2.6510177245928235,2.790829503687342,2.37726478824205
05/10/2023 16:34:55.756579,654,True,True,True,True,Eyes,1.37576,-0.3542242,-2.93222,0.2440028,-0.01004644,0.9697224,0.0,0.0,0.0,0.0,0.0,0.0,0.0,-1.196563,-0.03538737,3.036388,1.371013,-0.3543953,-2.940645,-0.06540769,-0.02906687,0.0008416721,0.9974349,352.5055,356.6408,0.3167698,0.4226428,-0.1086898,-0.8997549,0,0,0,1.837989,-0.2844068,-0.9876345,0.5796,-0.1845428,1.915,0.9983088,0.00548142,0.05787452,0.002123367,0.9914423,-0.1305287,-0.05809473,0.1304309,0.9897539,moving,17.60592047825911,-8.196621382717849,16.839131587459715,-5.5044250988058625,0.46697600000000006,0.06998850000000001,1.9530105,0.2996572863059078,-0.13601899782854598,0.9443008913581367,16.217088217270934,-7.806721527533807,2.659217059887557,2.799265266844655,2.384849429236417
05/10/2023 16:34:55.772350,655,True,True,True,True,Eyes,1.375575,-0.3542325,-2.932223,0.2440308,-0.00856559,0.9697296,0.0,0.0,0.0,0.0,0.0,0.0,0.0,-1.197159,-0.03652003,3.036163,1.370975,-0.3544379,-2.940682,-0.06547444,-0.02897847,0.0005358037,0.9974334,352.4968,356.6533,0.2810689,0.4226026,-0.1086925,-0.8997734,0,0,0,1.838269,-0.2817533,-0.9881066,0.5796002,-0.1817566,1.915,0.9983199,0.004863555,0.05773802,0.002725841,0.9914256,-0.1306438,-0.05787834,0.1305817,0.9897467,moving,17.59682416193292,-8.10520743633936,16.839137069198276,-5.421819084174207,0.4672939999999999,0.07268459999999999,1.9525753999999997,0.29956940356515915,-0.13451611365282345,0.9445440621867272,16.21317083798419,-7.718437699367943,2.649212901749488,2.7883082288427663,2.380397190864323
05/10/2023 16:34:55.792166,656,True,True,True,True,Eyes,1.375395,-0.3542393,-2.932229,0.2440464,-0.007141009,0.9697372,0.0,0.0,0.0,0.0,0.0,0.0,0.0,-1.197598,-0.0358828,3.035956,1.370876,-0.354491,-2.940679,-0.06535355,-0.0288932,0.0004744245,0.9974438,352.5104,356.6637,0.2729357,0.4225617,-0.1086954,-0.8997923,0,0,0,1.838504,-0.279796,-0.9884972,0.5796001,-0.1791849,1.915,0.9983299,0.004722969,0.05757667,0.002830123,0.9914573,-0.1304004,-0.05770069,0.1303456,0.9897882,moving,17.584799229719827,-8.003409884145364,16.839134328329035,-5.345552546963416,0.46762799999999993,0.07469500000000001,1.9521818,0.2994393249766538,-0.1328434122513862,0.944821991120694,16.206981681845942,-7.620111469850342,2.623176929937458,2.760474917469466,2.36077005702379
05/10/2023 16:34:55.802491,657,True,True,True,True,Eyes,1.375233,-0.3542448,-2.932233,0.2440187,-0.005635726,0.9697541,0.0,0.0,0.0,0.0,0.0,0.0,0.0,-1.19657,-0.03522825,3.036388,1.37081,-0.3544587,-2.940733,-0.06532717,-0.02903952,0.0006927881,0.997441,352.5143,356.6451,0.2991234,0.4225203,-0.1086985,-0.8998114,0,0,0,1.837896,-0.2769887,-0.988773,0.5796,-0.1765226,1.915,0.9983125,0.00517617,0.05783991,0.002412109,0.9914637,-0.1303602,-0.05802094,0.1302797,0.9897781,moving,17.595192778224355,-7.917481971410242,16.839131587459715,-5.26657915358368,0.4670859999999999,0.07747000000000004,1.9519599999999997,0.2996682177015672,-0.1314163927828729,0.9449489895394093,16.221558022653966,-7.53726917407975,2.6195897722923065,2.756612826230998,2.353174510555331
05/10/2023 16:34:55.822559,658,True,True,True,True,Eyes,1.375079,-0.3542508,-2.932237,0.243987,-0.004185662,0.9697695,0.0,0.0,0.0,0.0,0.0,0.0,0.0,-1.195416,-0.03538644,3.036836,1.370793,-0.3544669,-2.940735,-0.06549352,-0.02920852,0.001029848,0.997425,352.4963,356.623,0.3398301,0.4224788,-0.1087016,-0.8998305,0,0,0,1.837256,-0.2732465,-0.9890262,0.5796,-0.1737579,1.915,0.9982916,0.005880329,0.05813171,0.001771545,0.9914191,-0.1307099,-0.05840151,0.1305896,0.9897149,moving,17.608174836276994,-7.861119448300566,16.839131587459715,-5.184546966011025,0.46646300000000007,0.08122039999999997,1.9517088,0.2999199159736002,-0.13047596522261484,0.9449995373370529,16.23706067155379,-7.482977240619108,2.6465248391195564,2.7848640490158636,2.3759779281413334
05/10/2023 16:34:55.843351,659,True,True,True,True,Eyes,1.374955,-0.3542545,-2.932238,0.2439604,-0.002716726,0.9697814,0.0,0.0,0.0,0.0,0.0,0.0,0.0,-1.194983,-0.03481239,3.037011,1.370846,-0.354486,-2.940706,-0.06549422,-0.02927684,0.001251418,0.9974228,352.497,356.6134,0.3658927,0.4224376,-0.1087048,-0.8998495,0,0,0,1.837066,-0.2704634,-0.9892864,0.5796,-0.1711721,1.915,0.9982826,0.006331313,0.05823885,0.001338542,0.9914179,-0.1307241,-0.0585667,0.1305775,0.9897067,moving,17.61001540843898,-7.780380621272064,16.839131587459715,-5.107803669771786,0.4662200000000001,0.0840226,1.9514196,0.3000031554456779,-0.12914063609681747,0.9451565076670767,16.24311815850269,-7.405077723766482,2.6435833887364657,2.7815336465946463,2.3733310107640557
05/10/2023 16:34:55.852456,660,True,True,True,True,Eyes,1.374837,-0.354257,-2.932238,0.2439386,-0.001314092,0.9697898,0.0,0.0,0.0,0.0,0.0,0.0,0.0,-1.195262,-0.03410965,3.036877,1.370883,-0.3544876,-2.940655,-0.0654227,-0.02923218,0.001351557,0.9974286,352.5056,356.6179,0.3768511,0.4223973,-0.108708,-0.8998681,0,0,0,1.83729,-0.267919,-0.9896302,0.5796,-0.1684267,1.915,0.9982874,0.006521059,0.05813716,0.001128732,0.9914361,-0.130588,-0.05849086,0.1304299,0.9897307,moving,17.599852590723525,-7.690978943156328,16.839131587459715,-5.026303534873331,0.466407,0.0865686,1.9510248,0.2998930662652184,-0.12767033377242692,0.945391166804655,16.238066102439618,-7.318727676247963,2.6341059438590206,2.771135412843417,2.3699131125928785
05/10/2023 16:34:55.872541,661,True,True,True,True,Eyes,1.374749,-0.3542557,-2.932237,0.2438927,0.0001327068,0.9698022,0.0,0.0,0.0,0.0,0.0,0.0,0.0,-1.195597,-0.03347757,3.036719,1.370885,-0.3544589,-2.940624,-0.06532128,-0.02917689,0.001365972,0.9974368,352.5172,356.6242,0.3777439,0.4223581,-0.1087111,-0.8998861,0,0,0,1.837513,-0.2656577,-0.9899782,0.5796,-0.1657895,1.915,0.9982938,0.006536684,0.05802574,0.001086801,0.9914625,-0.1303874,-0.05838265,0.130228,0.9897637,moving,17.58745042019793,-7.592633740083303,16.839131587459715,-4.947996221298673,0.46662800000000004,0.08880120000000002,1.9506458000000002,0.2997509024786096,-0.12605333208536107,0.9456531752088934,16.23133019519324,-7.223730129473723,2.6129767178262298,2.748470243825465,2.3555015078022667
05/10/2023 16:34:55.893147,662,True,True,True,True,Eyes,1.374665,-0.3542549,-2.932238,0.243854,0.001520091,0.9698108,0.0,0.0,0.0,0.0,0.0,0.0,0.0,-1.196082,-0.03360954,3.036535,1.370905,-0.3544256,-2.940627,-0.06527627,-0.02910827,0.001217112,0.9974419,352.5219,356.6333,0.3599105,0.4223206,-0.1087139,-0.8999034,0,0,0,1.837793,-0.2632695,-0.9903812,0.5795997,-0.1630767,1.915,0.9983025,0.006228155,0.05790871,0.00137216,0.991475,-0.1302894,-0.05822651,0.1301477,0.9897834,moving,17.575357864674338,-7.499048361601064,16.839123364851268,-4.86742475292613,0.46688799999999997,0.09115610000000002,1.9502458000000003,0.29961000938179494,-0.12451434293659848,0.9459017351028572,16.22464017514314,-7.133328184322599,2.598369199676989,2.7326697671809903,2.3477452908797765
05/10/2023 16:34:55.907500,663,True,True,True,True,Eyes,1.374603,-0.3542511,-2.932237,0.2438211,0.002948707,0.9698157,0.0,0.0,0.0,0.0,0.0,0.0,0.0,-1.19665,-0.03433633,3.036339,1.370907,-0.3544339,-2.940662,-0.06531395,-0.02902564,0.001014911,0.9974421,352.5168,356.6443,0.3361075,0.4222848,-0.1087166,-0.8999198,0,0,0,1.838109,-0.2604937,-0.9908618,0.5796,-0.1601977,1.915,0.998313,0.005816188,0.05777021,0.001766929,0.9914661,-0.1303527,-0.05803537,0.1302348,0.9897832,moving,17.56256390054153,-7.410804402949338,16.839131587459715,-4.781895959599179,0.4672019999999999,0.09394020000000003,1.9498002,0.29945336717853044,-0.12306369997532177,0.946141068910179,16.216990738898684,-7.048075433331106,2.593062681145814,2.726630505794406,2.3500273706091495
05/10/2023 16:34:55.922392,664,True,True,True,True,Eyes,1.374541,-0.3542491,-2.932237,0.2437876,0.004318753,0.9698191,0.0,0.0,0.0,0.0,0.0,0.0,0.0,-1.197042,-0.03517762,3.036156,1.370892,-0.3544081,-2.940654,-0.06537506,-0.02896828,0.0008356864,0.9974399,352.5092,356.6523,0.315223,0.4222509,-0.108719,-0.8999354,0,0,0,1.83831,-0.2579745,-0.991228,0.5796,-0.1577291,1.915,0.9983203,0.0054547,0.05767898,0.002120512,0.9914508,-0.1304638,-0.0578975,0.130367,0.9897739,moving,17.552676813881142,-7.32961832110804,16.839131587459715,-4.708542223865099,0.4674180000000001,0.09643360000000001,1.9494259999999999,0.2993398238223011,-0.12172748854996868,0.9463499461992885,16.211768570091092,-6.969655571095392,2.5837491399756827,2.7164658469576035,2.346533171422224
05/10/2023 16:34:55.942391,665,True,True,True,True,Eyes,1.374486,-0.3542465,-2.932237,0.2437461,0.005710527,0.9698223,0.0,0.0,0.0,0.0,0.0,0.0,0.0,-1.196966,-0.03558475,3.036173,1.370864,-0.3544459,-2.940653,-0.06539271,-0.02898332,0.0007046306,0.9974384,352.5067,356.6515,0.3002887,0.4222189,-0.1087212,-0.8999502,0,0,0,1.838222,-0.2554003,-0.9915607,0.5795999,-0.1550264,1.915,0.998319,0.005196246,0.05772598,0.002384944,0.9914466,-0.1304912,-0.05791029,0.1304096,0.9897676,moving,17.550137815462033,-7.243849140117221,16.83912884659031,-4.628214538781048,0.46735799999999994,0.09904559999999996,1.9490923000000002,0.29934997579871286,-0.1203103037307027,0.9465279117736858,16.213871806694872,-6.886868593292955,2.578396995472831,2.7105494132229118,2.3436007560806686
05/10/2023 16:34:55.952719,666,True,True,True,True,Eyes,1.374433,-0.3542442,-2.932237,0.2437027,0.007046035,0.9698244,0.0,0.0,0.0,0.0,0.0,0.0,0.0,-1.196674,-0.03550467,3.036279,1.370844,-0.3544514,-2.940652,-0.06537772,-0.0290283,0.0007014993,0.9974381,352.5085,356.6463,0.3002162,0.4221887,-0.1087231,-0.8999642,0,0,0,1.838032,-0.2529296,-0.9918478,0.5796,-0.15247,1.915,0.9983137,0.005195011,0.05781613,0.002396203,0.9914505,-0.1304612,-0.05799958,0.1303797,0.9897662,moving,17.550175659182013,-7.161914539256313,16.839131587459715,-4.552218287126223,0.46718800000000016,0.10152180000000005,1.9488042,0.2993998512464623,-0.1189546652140347,0.9466834402952681,16.21825522331399,-6.807801506600178,2.5731846324694567,2.7048286822483343,2.3394749666383072
05/10/2023 16:34:55.972354,667,True,True,True,True,Eyes,1.374401,-0.3542404,-2.932237,0.2436453,0.008417797,0.9698278,0.0,0.0,0.0,0.0,0.0,0.0,0.0,-1.196445,-0.03558379,3.036399,1.370849,-0.3544578,-2.94068,-0.06537738,-0.02906815,0.000671472,0.997437,352.5084,356.642,0.2970545,0.4221602,-0.1087249,-0.8999773,0,0,0,1.837887,-0.2502523,-0.9921937,0.5796,-0.1497326,1.915,0.9983092,0.0051403,0.0578995,0.002461297,0.9914507,-0.1304587,-0.0580751,0.1303806,0.9897617,moving,17.54895555202616,-7.0786059859500785,16.839131587459715,-4.470823503318514,0.46703800000000006,0.1042055,1.9484863,0.29942914380076585,-0.11757691062267564,0.9468461918930821,16.221499091665436,-6.72739902892439,2.5713849567189766,2.702661565455962,2.33957325224591
05/10/2023 16:34:55.992391,668,True,True,True,True,Eyes,1.37437,-0.3542376,-2.932236,0.2435895,0.009729499,0.9698297,0.0,0.0,0.0,0.0,0.0,0.0,0.0,-1.196517,-0.0353753,3.036355,1.370831,-0.3544667,-2.940669,-0.06536346,-0.0290511,0.0007150171,0.9974384,352.5102,356.6436,0.3018979,0.4221337,-0.1087264,-0.8999895,0,0,0,1.837943,-0.2476083,-0.9925491,0.5795999,-0.1470473,1.915,0.998311,0.005224132,0.05785989,0.00237139,0.9914542,-0.1304336,-0.05804683,0.1303505,0.9897673,moving,17.540952279145895,-6.999591541364468,16.83912884659031,-4.390960303653488,0.4671120000000002,0.10685840000000002,1.9481199000000002,0.299343147140591,-0.11627434699888925,0.9470343769647858,16.217977371817298,-6.651089064051054,2.5705118215986134,2.7013909500191975,2.3439307089137524
05/10/2023 16:34:56.007753,669,True,True,True,True,Eyes,1.374366,-0.3542324,-2.932234,0.2435356,0.01106493,0.9698288,0.0,0.0,0.0,0.0,0.0,0.0,0.0,-1.19647,-0.0345448,3.036358,1.370845,-0.3544867,-2.940634,-0.06526955,-0.02905643,0.0008095464,0.9974443,352.5212,356.6424,0.3125129,0.4221092,-0.1087277,-0.9000009,0,0,0,1.837947,-0.245063,-0.9928673,0.5796,-0.1441929,1.915,0.9983101,0.005407954,0.05785865,0.002178045,0.9914784,-0.1302525,-0.05807001,0.1301584,0.9897912,moving,17.53507512047354,-6.911600965393637,16.839131587459715,-4.306049178752348,0.4671019999999999,0.10942369999999998,1.9477667000000003,0.2992968851633051,-0.11482155759965201,0.9472261118099725,16.21698106708741,-6.566133167515635,2.566555478773779,2.696894049460115,2.344152492109611
05/10/2023 16:34:56.023517,670,True,True,True,True,Eyes,1.374361,-0.3542277,-2.932234,0.243488,0.01234712,0.9698254,0.0,0.0,0.0,0.0,0.0,0.0,0.0,-1.196462,-0.03399864,3.036354,1.370851,-0.3544849,-2.940617,-0.06523114,-0.02905238,0.0009320791,0.9974468,352.5261,356.6419,0.3264758,0.422087,-0.1087288,-0.9000112,0,0,0,1.837978,-0.2426445,-0.9931743,0.5795998,-0.1417342,1.915,0.9983102,0.005649637,0.0578348,0.001930841,0.991488,-0.1301833,-0.058078,0.130075,0.9898018,moving,17.52871066765478,-6.834127665129591,16.83912610572083,-4.232893911677924,0.46712699999999985,0.11184039999999998,1.9474427,0.29923596247178197,-0.11354293661828266,0.9473996011763662,16.214957115726676,-6.491322816765421,2.5613184963424724,2.691086009059147,2.3430936915550413
05/10/2023 16:34:56.047336,671,True,True,True,True,Eyes,1.374356,-0.3542217,-2.932235,0.2434333,0.01367497,0.9698213,0.0,0.0,0.0,0.0,0.0,0.0,0.0,-1.196786,-0.03376889,3.036294,1.370848,-0.3544888,-2.940686,-0.06521817,-0.02899462,0.0009893912,0.9974493,352.5277,356.6482,0.3326028,0.4220669,-0.1087296,-0.9000205,0,0,0,1.838207,-0.2399565,-0.9936509,0.5796001,-0.1390252,1.915,0.9983166,0.005755686,0.05771226,0.001808216,0.9914912,-0.130161,-0.05797036,0.1300462,0.9898118,moving,17.51613789603727,-6.754616422444652,16.839134328329035,-4.152275306289022,0.46735899999999986,0.1145323,1.9470351,0.2990728120602447,-0.11223410404215724,0.9476070331436511,16.207057566087492,-6.414498861922753,2.559673597854057,2.6889613451152123,2.3488670564827356
05/10/2023 16:34:56.055399,672,True,True,True,True,Eyes,1.374351,-0.3542165,-2.932235,0.2433873,0.01495158,0.9698139,0.0,0.0,0.0,0.0,0.0,0.0,0.0,-1.19715,-0.03391686,3.036139,1.370858,-0.3544916,-2.94067,-0.06523347,-0.02893797,0.0009618353,0.9974501,352.5259,356.6549,0.3290519,0.4220487,-0.1087301,-0.9000289,0,0,0,1.838443,-0.2372089,-0.9940468,0.5796,-0.1362782,1.915,0.9983233,0.005694213,0.05760287,0.001856683,0.9914873,-0.1301899,-0.05785384,0.1300786,0.9898144,moving,17.504854690119124,-6.67870410629956,16.839131587459715,-4.070509017777069,0.46758500000000014,0.11728270000000002,1.9466231999999999,0.2989284030731134,-0.11098375266276467,0.9477997386895844,16.200209992469915,-6.341157650412161,2.5627511174632414,2.6918151625264533,2.3588272546822764
05/10/2023 16:34:56.072189,673,True,True,True,True,Eyes,1.374344,-0.3542098,-2.932236,0.2433399,0.01629394,0.9698042,0.0,0.0,0.0,0.0,0.0,0.0,0.0,-1.197669,-0.03398541,3.035943,1.370845,-0.3544819,-2.940688,-0.06524671,-0.02884986,0.0009648483,0.9974517,352.5243,356.665,0.3287804,0.4220321,-0.1087305,-0.9000367,0,0,0,1.838779,-0.2341789,-0.9945406,0.5796001,-0.1332812,1.915,0.9983335,0.005689496,0.05742677,0.001839938,0.9914839,-0.1302165,-0.05767859,0.1301052,0.9898211,moving,17.489618053051473,-6.599540684034946,16.839134328329035,-3.9812823761079508,0.46793399999999985,0.12030300000000002,1.9461474,0.2987197955046395,-0.10968161874570931,0.9480170948001736,16.18972449552376,-6.264649187161694,2.5689214151519946,2.697852042488155,2.3739202018530268
05/10/2023 16:34:56.092251,674,True,True,True,True,Eyes,1.374338,-0.3542035,-2.932238,0.2432961,0.01758095,0.9697927,0.0,0.0,0.0,0.0,0.0,0.0,0.0,-1.198035,-0.03429452,3.035792,1.370844,-0.3544577,-2.940687,-0.06529767,-0.02878932,0.0009690291,0.9974501,352.5185,356.672,0.3289796,0.4220171,-0.1087306,-0.9000437,0,0,0,1.839019,-0.2316472,-0.9949122,0.5796,-0.1309516,1.915,0.9983405,0.005692868,0.05730526,0.001826635,0.9914705,-0.1303181,-0.05755837,0.1302065,0.9898148,moving,17.47802101526808,-6.528173146918225,16.839131587459715,-3.911912172488998,0.468175,0.12281049999999999,1.9457748000000001,0.29856664750732526,-0.10850613245951768,0.9482005796593446,16.182333325815595,-6.195691339487192,2.5647584460780024,2.693139652392105,2.376348299411032
05/10/2023 16:34:56.102563,675,True,True,True,True,Eyes,1.374344,-0.3541969,-2.932238,0.2432633,0.01891536,0.9697759,0.0,0.0,0.0,0.0,0.0,0.0,0.0,-1.1982,-0.03410944,3.035751,1.370845,-0.3544596,-2.940709,-0.06527313,-0.02876118,0.0009821679,0.9974525,352.5213,356.6751,0.3301985,0.4220034,-0.1087305,-0.9000502,0,0,0,1.839134,-0.2290079,-0.995314,0.5796,-0.1282039,1.915,0.9983437,0.005713995,0.05724759,0.001795333,0.9914769,-0.1302702,-0.05750403,0.1301572,0.9898244,moving,17.47044982592069,-6.445577749795938,16.839131587459715,-3.8300771482379155,0.46828899999999996,0.1254517,1.945395,0.29848578831778405,-0.1071419791107536,0.9483812264465021,16.179418041046432,-6.115929003823382,2.562660753159352,2.6906144493338036,2.3791470465283795
05/10/2023 16:34:56.127091,676,True,True,True,True,Eyes,1.374351,-0.3541927,-2.93224,0.2432301,0.02019655,0.9697583,0.0,0.0,0.0,0.0,0.0,0.0,0.0,-1.198131,-0.03401312,3.035758,1.370844,-0.3544822,-2.940686,-0.06525765,-0.02877306,0.0009742558,0.9974532,352.5231,356.6738,0.3293232,0.4219912,-0.1087302,-0.9000559,0,0,0,1.839091,-0.2265074,-0.9956149,0.5796,-0.125591,1.915,0.9983423,0.005698873,0.0572724,0.001811775,0.9914809,-0.1302389,-0.05752671,0.1301268,0.9898271,moving,17.467707195944865,-6.366623835821363,16.839131587459715,-3.7522423608200413,0.4682470000000001,0.12797480000000003,1.9450710999999998,0.2984823763779666,-0.10583511101764781,0.948528936229384,16.180963437106445,-6.039717258028973,2.561251333916577,2.6888841165830413,2.3802787062653934
05/10/2023 16:34:56.142957,677,True,True,True,True,Eyes,1.374364,-0.3541859,-2.932243,0.2431868,0.02154732,0.9697401,0.0,0.0,0.0,0.0,0.0,0.0,0.0,-1.198065,-0.03392655,3.035851,1.370891,-0.3545372,-2.940725,-0.06525619,-0.02879065,0.0009865694,0.9974527,352.5233,356.6717,0.3308704,0.4219804,-0.1087298,-0.900061,0,0,0,1.839075,-0.2239741,-0.9959771,0.5796,-0.122989,1.915,0.9983402,0.005725649,0.05730586,0.001789423,0.9914813,-0.1302367,-0.05756338,0.1301231,0.9898255,moving,17.464896853030186,-6.285783429202016,16.839131587459715,-3.6747184846278746,0.46818399999999993,0.1305631,1.9447479,0.2984783296984762,-0.10449683701852747,0.9486785894047383,16.18254365550055,-5.961684523330445,2.55779252260673,2.685003223904665,2.3793531420479264
05/10/2023 16:34:56.152534,678,True,True,True,True,Eyes,1.374374,-0.3541752,-2.932244,0.2431459,0.02284381,0.9697207,0.0,0.0,0.0,0.0,0.0,0.0,0.0,-1.197904,-0.03411844,3.035926,1.370911,-0.3544928,-2.940735,-0.06523951,-0.02882545,0.0008926876,0.997453,352.5249,356.6684,0.3202532,0.421971,-0.1087292,-0.9000654,0,0,0,1.838966,-0.2213812,-0.9963001,0.5796,-0.1202567,1.915,0.9983366,0.005541943,0.05738756,0.001980288,0.991486,-0.1301982,-0.05762052,0.1300952,0.9898258,moving,17.46469448048994,-6.203016921217892,16.839131587459715,-3.5932979560566354,0.4680550000000001,0.1331116,1.9444349,0.29851795748665794,-0.10312497950448452,0.9488162477586527,16.186739682058906,-5.881812823668546,2.5567198477578494,2.6836471471224908,2.3796881092935807
05/10/2023 16:34:56.172371,679,True,True,True,True,Eyes,1.374368,-0.3541653,-2.932245,0.2431114,0.02419954,0.9696964,0.0,0.0,0.0,0.0,0.0,0.0,0.0,-1.197992,-0.03474194,3.035828,1.370864,-0.3543854,-2.940712,-0.06527229,-0.02881045,0.0007657137,0.9974512,352.5207,356.6711,0.3056145,0.4219627,-0.1087283,-0.9000694,0,0,0,1.838984,-0.218727,-0.9966263,0.5796001,-0.117681,1.915,0.9983388,0.005288571,0.05737407,0.002233523,0.9914779,-0.130256,-0.05757399,0.1301677,0.989819,moving,17.459333050634577,-6.121253784686309,16.839134328329035,-3.516530677914471,0.46811999999999987,0.1356584,1.9440857,0.29847094578864214,-0.1017724408831845,0.9489769984124187,16.18591005916272,-5.802870345380107,2.5511638017222906,2.6775415810217704,2.377824850752204
05/10/2023 16:34:56.192741,680,True,True,True,True,Eyes,1.374363,-0.3541594,-2.932243,0.2430751,0.02549634,0.9696724,0.0,0.0,0.0,0.0,0.0,0.0,0.0,-1.197822,-0.03520739,3.035853,1.370854,-0.3543848,-2.940679,-0.06531756,-0.02884102,0.0006909584,0.9974475,352.5153,356.6681,0.2973815,0.4219552,-0.1087273,-0.9000731,0,0,0,1.838862,-0.2159683,-0.9969208,0.5796,-0.114999,1.915,0.9983355,0.00514604,0.05744455,0.002389261,0.9914663,-0.1303415,-0.05762507,0.1302618,0.9898036,moving,17.459040603054145,-6.0462514463349954,16.839131587459715,-3.4365817555218903,0.468008,0.1384165,1.9437581999999998,0.29850406919563993,-0.1005290300978536,0.9490992391190685,16.189607350640575,-5.730490433616666,2.555896844034911,2.6822869128346105,2.3840928584377763
05/10/2023 16:34:56.202746,681,True,True,True,True,Eyes,1.374363,-0.3541526,-2.932242,0.2430336,0.02684747,0.9696463,0.0,0.0,0.0,0.0,0.0,0.0,0.0,-1.197629,-0.03504157,3.035904,1.37086,-0.3544737,-2.940637,-0.06527536,-0.028878,0.0006226308,0.9974492,352.5199,356.6644,0.2896398,0.4219483,-0.1087261,-0.9000764,0,0,0,1.838733,-0.213615,-0.9971794,0.5795999,-0.1123015,1.915,0.9983314,0.005012128,0.05752738,0.002527958,0.9914775,-0.1302537,-0.05768995,0.1301817,0.9898104,moving,17.458786111671763,-5.958072271995339,16.83912884659031,-3.35615727019968,0.467873,0.1408587,1.9434576000000001,0.2985438402624205,-0.09906693695069599,0.9492404236665354,16.194040306395266,-5.645395084622391,2.548873386957405,2.674684430495966,2.3783921030128403
05/10/2023 16:34:56.227388,682,True,True,True,True,Eyes,1.374366,-0.3541485,-2.932242,0.2429921,0.02813498,0.9696201,0.0,0.0,0.0,0.0,0.0,0.0,0.0,-1.197357,-0.03415152,3.036022,1.370862,-0.3544706,-2.940638,-0.06512829,-0.02892288,0.0006290852,0.9974574,352.5368,356.6592,0.2902203,0.4219422,-0.1087249,-0.9000795,0,0,0,1.838567,-0.2114188,-0.9974586,0.5795999,-0.1095258,1.915,0.9983262,0.005022367,0.05761674,0.002512424,0.9915159,-0.1299618,-0.05778063,0.129889,0.9898435,moving,17.45896614332871,-5.864005974316327,16.83912884659031,-3.2733874738929187,0.46770500000000004,0.14305180000000003,1.9431794,0.29859302440946095,-0.09750679080543029,0.9493863847806422,16.19920439960679,-5.554621914871548,2.5386698629620574,2.663738442333255,2.3692897401023467
05/10/2023 16:34:56.242567,683,True,True,True,True,Eyes,1.374345,-0.3541452,-2.932242,0.2429892,0.02948382,0.9695808,0.0,0.0,0.0,0.0,0.0,0.0,0.0,-1.19729,-0.03319257,3.036137,1.370903,-0.3545282,-2.940692,-0.06499329,-0.02893815,0.0006680137,0.9974658,352.5525,356.6573,0.2943614,0.4219367,-0.1087237,-0.9000822,0,0,0,1.838553,-0.2093514,-0.9978034,0.5796001,-0.1068984,1.915,0.9983243,0.005094213,0.0576428,0.002428929,0.9915508,-0.1296958,-0.05781647,0.1296185,0.9898769,moving,17.4579058041026,-5.7686470544221855,16.839134328329035,-3.195027290954272,0.4676500000000001,0.14517680000000002,1.9428885999999999,0.29862156223191977,-0.09592567470204719,0.949538520645791,16.203241573669725,-5.462591971315285,2.52291285278561,2.646959921521978,2.3550391026581594
05/10/2023 16:34:56.252731,684,True,True,True,True,Eyes,1.374327,-0.3541407,-2.932244,0.2429882,0.03078127,0.9695408,0.0,0.0,0.0,0.0,0.0,0.0,0.0,-1.19752,-0.03272033,3.03603,1.37092,-0.3545139,-2.940663,-0.06491813,-0.02890276,0.0006776651,0.9974719,352.5611,356.6613,0.2949517,0.4219312,-0.1087225,-0.9000849,0,0,0,1.838715,-0.2067485,-0.9981624,0.5796,-0.1040027,1.915,0.9983284,0.005104529,0.05757138,0.002400722,0.9915704,-0.1295472,-0.05774735,0.1294688,0.9899006,moving,17.451530203013178,-5.682270853152254,16.839131587459715,-3.108651416619139,0.4677950000000002,0.1477654,1.9425005999999998,0.2985569272305189,-0.09449609975450345,0.94970224971859,16.20167921008739,-5.379190184230563,2.521780269106485,2.6454770965617573,2.358323944805724
05/10/2023 16:34:56.276413,685,True,True,True,True,Eyes,1.3743,-0.3541341,-2.932246,0.243027,0.03216314,0.9694861,0.0,0.0,0.0,0.0,0.0,0.0,0.0,-1.197681,-0.03242058,3.036029,1.370951,-0.3544849,-2.940713,-0.06491698,-0.02887405,0.0008036991,0.9974726,352.5616,356.6637,0.3092606,0.4219258,-0.1087213,-0.9000876,0,0,0,1.838858,-0.2042448,-0.9985546,0.5796,-0.1016334,1.915,0.9983313,0.005352166,0.0574978,0.002145496,0.9915703,-0.1295522,-0.05770649,0.1294594,0.9899042,moving,17.448090183583457,-5.603179624596931,16.839131587459715,-3.0379669949016264,0.4679070000000001,0.1502401,1.9421584000000003,0.2985369092003937,-0.09318563874351392,0.9498379014199787,16.20255973138968,-5.302840651989784,2.513447755184894,2.6365026848727653,2.352631805130657
05/10/2023 16:34:56.292571,686,True,True,True,True,Eyes,1.374272,-0.3541301,-2.932246,0.2430676,0.03349417,0.9694309,0.0,0.0,0.0,0.0,0.0,0.0,0.0,-1.198025,-0.03336564,3.035885,1.370974,-0.354428,-2.940712,-0.06509273,-0.02881788,0.0008654441,0.9974627,352.5417,356.6696,0.3165555,0.4219203,-0.10872,-0.9000903,0,0,0,1.839102,-0.2007724,-0.9990128,0.5795999,-0.09893502,1.915,0.9983376,0.005478165,0.05737685,0.002025171,0.9915243,-0.129905,-0.05760218,0.1298052,0.9898649,moving,17.442440072186308,-5.545497906237996,16.83912884659031,-2.9574537143932194,0.4681280000000001,0.15365560000000003,1.9416992,0.2984698888135928,-0.09223138641671108,0.9499521484263362,16.200174259898034,-5.247134699841416,2.5336319233904687,2.657434321647786,2.3771625899332425
05/10/2023 16:34:56.302837,687,True,True,True,True,Eyes,1.374217,-0.3541283,-2.932246,0.2431221,0.03484314,0.9693697,0.0,0.0,0.0,0.0,0.0,0.0,0.0,-1.198297,-0.03407073,3.035703,1.370926,-0.3544867,-2.940659,-0.06517955,-0.02877077,0.0007654775,0.9974585,352.5313,356.6757,0.3049726,0.4219146,-0.1087188,-0.9000931,0,0,0,1.839249,-0.1979001,-0.9993778,0.5796001,-0.09620868,1.915,0.9983433,0.005277594,0.0572955,0.002223467,0.991502,-0.1300718,-0.05749507,0.1299837,0.9898477,moving,17.438814642001283,-5.471188603695313,16.839134328329035,-2.8760943003982407,0.4683229999999998,0.1565866,1.9412812000000002,0.2984437337272122,-0.09100005756584646,0.9500791243436164,16.200622378747674,-5.175398351422983,2.5396283733818046,2.66348097827091,2.386314444665032
05/10/2023 16:34:56.322564,688,True,True,True,True,Eyes,1.374168,-0.3541244,-2.932247,0.2431684,0.03615747,0.9693099,0.0,0.0,0.0,0.0,0.0,0.0,0.0,-1.198077,-0.03323752,3.035818,1.370952,-0.3545019,-2.940663,-0.06513866,-0.02879919,0.0009907578,0.9974602,352.5368,356.6708,0.3310171,0.4219081,-0.1087178,-0.9000963,0,0,0,1.839156,-0.1952469,-0.9996985,0.5796,-0.09359767,1.915,0.9983392,0.005728363,0.05732302,0.001775399,0.9915119,-0.1300035,-0.05758116,0.1298893,0.9898552,moving,17.44226486229204,-5.394846399806471,16.839131587459715,-2.7981656752858037,0.46820400000000006,0.15925499999999998,1.9409644999999998,0.2985354354819507,-0.08973136875111362,0.9501709271794337,16.207998023607676,-5.101753781852863,2.542022242632284,2.6658057941844038,2.3884823089438583
05/10/2023 16:34:56.342297,689,True,True,True,True,Eyes,1.374086,-0.3541214,-2.932246,0.2432609,0.03756325,0.9692333,0.0,0.0,0.0,0.0,0.0,0.0,0.0,-1.197752,-0.03494865,3.035979,1.37107,-0.3544512,-2.940668,-0.06539813,-0.02887379,0.0009569344,0.9974409,352.5069,356.6622,0.3285659,0.421901,-0.1087168,-0.9000998,0,0,0,1.83899,-0.191525,-1.000069,0.5796,-0.09087466,1.915,0.9983308,0.005685554,0.05747463,0.001867612,0.9914443,-0.1305168,-0.05772496,0.1304063,0.9897788,moving,17.455193062219646,-5.339411611830909,16.839131587459715,-2.716883245943571,0.4679199999999999,0.16292620000000002,1.940599,0.29877474801302156,-0.08880505572195052,0.9501828061358716,16.223399542946698,-5.048356710729829,2.568923356958415,2.693916622794234,2.4114092285720847
05/10/2023 16:34:56.352621,690,True,True,True,True,Eyes,1.374006,-0.35412,-2.932245,0.2433529,0.03891135,0.969157,0.0,0.0,0.0,0.0,0.0,0.0,0.0,-1.197675,-0.03767943,3.035939,1.371123,-0.3544239,-2.940608,-0.06577585,-0.02890474,0.0007873941,0.9974155,352.463,356.6596,0.3105453,0.4218926,-0.1087159,-0.9001038,0,0,0,1.83894,-0.1875377,-1.000446,0.5796001,-0.08817437,1.915,0.9983279,0.005373186,0.05755648,0.002231749,0.9913458,-0.1312572,-0.05776365,0.1311662,0.9896761,moving,17.46378799794129,-5.296644575627545,16.839134328329035,-2.6362682037297414,0.4678169999999999,0.1668862,1.9401620000000002,0.29893630117520636,-0.08809111819903685,0.9501984321605477,16.23395249130456,-5.007151305462952,2.606041700658021,2.7327265957486815,2.446902478225973
05/10/2023 16:34:56.372401,691,True,True,True,True,Eyes,1.373921,-0.3541183,-2.932242,0.2434611,0.04026442,0.9690745,0.0,0.0,0.0,0.0,0.0,0.0,0.0,-1.198041,-0.03955033,3.035753,1.371078,-0.3544648,-2.940606,-0.06589275,-0.02886205,0.0003131395,0.9974092,352.448,356.6681,0.2559412,0.421883,-0.1087152,-0.9001084,0,0,0,1.839106,-0.18495,-1.000843,0.5796001,-0.08547485,1.915,0.9983338,0.004428256,0.05753328,0.003178943,0.9913161,-0.1314622,-0.05761581,0.131426,0.9896502,moving,17.464696203785593,-5.213331628043405,16.839134328329035,-2.5556657072411877,0.4680279999999999,0.16951480000000002,1.939763,0.2989877695713439,-0.08670788610835566,0.9503094093056061,16.23924790926819,-4.926760691983759,2.603943970060183,2.7302959192399316,2.445803578058757
05/10/2023 16:34:56.392787,692,True,True,True,True,Eyes,1.373837,-0.3541161,-2.93224,0.2435635,0.0415452,0.9689947,0.0,0.0,0.0,0.0,0.0,0.0,0.0,-1.199048,-0.03920215,3.035315,1.37107,-0.3544503,-2.940565,-0.06568067,-0.02871478,-5.451272e-05,0.9974275,352.4711,356.688,0.2117154,0.4218723,-0.1087147,-0.9001135,0,0,0,1.839711,-0.1835958,-1.001179,0.5796,-0.0828997,1.915,0.9983509,0.003663266,0.05728897,0.003880756,0.9913721,-0.1310202,-0.05727464,0.1310265,0.989723,moving,17.45205923252556,-5.099608397043585,16.839131587459715,-2.4787672216043735,0.4686410000000001,0.1708545,1.9393859999999998,0.2988267498451796,-0.08482598265211705,0.9505298717281058,16.233101558561444,-4.816921480855767,2.5673384583472716,2.6915587983478177,2.4154166795776404
05/10/2023 16:34:56.410781,693,True,True,True,True,Eyes,1.373744,-0.3541147,-2.932238,0.2436797,0.04281948,0.96891,0.0,0.0,0.0,0.0,0.0,0.0,0.0,-1.198916,-0.03742242,3.035371,1.371029,-0.3544358,-2.940566,-0.06541971,-0.02872571,3.397023e-05,0.9974443,352.5013,356.6862,0.221118,0.4218605,-0.1087142,-0.9001191,0,0,0,1.83963,-0.1817395,-1.00145,0.5796,-0.08012055,1.915,0.9983497,0.003826222,0.05730015,0.003690688,0.9914405,-0.130507,-0.05730904,0.1305031,0.9897902,moving,17.457461432007683,-4.9956292042953105,16.839131587459715,-2.395766920446858,0.46860100000000005,0.17269630000000002,1.939116,0.29896006678549597,-0.08309720502483381,0.9506406393292016,16.243824812662506,-4.7166218244461335,2.5492824395307454,2.6723801547752157,2.395987821658729
05/10/2023 16:34:56.426597,694,True,True,True,True,Eyes,1.373655,-0.354116,-2.932238,0.2437918,0.04402827,0.9688277,0.0,0.0,0.0,0.0,0.0,0.0,0.0,-1.198238,-0.03571472,3.035652,1.37103,-0.3544394,-2.940558,-0.06519996,-0.02882964,0.0001896421,0.9974558,352.5271,356.6732,0.2391043,0.4218476,-0.1087139,-0.9001251,0,0,0,1.839221,-0.1798316,-1.001621,0.5796,-0.0775089,1.915,0.9983376,0.004137701,0.05748783,0.003381063,0.9914979,-0.1300791,-0.05753729,0.1300572,0.9898356,moving,17.47349110691407,-4.902633440254607,16.839131587459715,-2.3177598890680216,0.468191,0.1746078,1.9389369999999997,0.2992645132469644,-0.08154597906810662,0.9506792555865541,16.264208356667258,-4.627001658404891,2.5391629452366793,2.66157533719155,2.379734075596455
05/10/2023 16:34:56.442534,695,True,True,True,True,Eyes,1.373554,-0.3541172,-2.932237,0.2439327,0.04526953,0.968735,0.0,0.0,0.0,0.0,0.0,0.0,0.0,-1.198332,-0.03444165,3.035706,1.371043,-0.3545034,-2.940623,-0.06500636,-0.02881465,0.0002097382,0.9974688,352.5494,356.675,0.2406514,0.4218337,-0.1087138,-0.9001316,0,0,0,1.839298,-0.1779404,-1.001985,0.5796002,-0.07480404,1.915,0.9983394,0.004164685,0.05745615,0.003327856,0.9915482,-0.1296957,-0.05751069,0.1296715,0.9898877,moving,17.477854613743883,-4.806151902723683,16.839137069198276,-2.236959720098087,0.4682550000000001,0.17656300000000003,1.938638,0.29937592930105394,-0.07994206532734555,0.950780369931479,16.27353271605916,-4.533929423830175,2.5258910059042994,2.647396565113516,2.3655819800110485
05/10/2023 16:34:56.452213,696,True,True,True,True,Eyes,1.373458,-0.3541181,-2.932239,0.2440652,0.04645874,0.9686453,0.0,0.0,0.0,0.0,0.0,0.0,0.0,-1.198822,-0.03364834,3.035478,1.371033,-0.3544897,-2.940585,-0.06490125,-0.02872955,0.0002703494,0.9974779,352.5616,356.6844,0.2466435,0.4218187,-0.1087139,-0.9001387,0,0,0,1.839622,-0.1756327,-1.002338,0.5796002,-0.07213986,1.915,0.9983491,0.004268502,0.05727909,0.003189832,0.9915755,-0.1294907,-0.05734928,0.1294596,0.9899249,moving,17.473960409980805,-4.7243074746663325,16.839137069198276,-2.1573660482611206,0.46858900000000014,0.17885700000000002,1.938247,0.29934371016720607,-0.07858466837642947,0.9509036474138775,16.274121551867875,-4.454919601071722,2.523155386249114,2.6442747513444047,2.366008212761899
05/10/2023 16:34:56.472468,697,True,True,True,True,Eyes,1.373345,-0.3541181,-2.932241,0.2442226,0.04772413,0.9685442,0.0,0.0,0.0,0.0,0.0,0.0,0.0,-1.1986,-0.03269053,3.035634,1.371046,-0.354484,-2.940639,-0.0648175,-0.02875808,0.0004542304,0.9974826,352.5719,356.6798,0.2677699,0.4218027,-0.1087141,-0.9001462,0,0,0,1.839512,-0.173104,-1.002695,0.5796,-0.06946567,1.915,0.9983456,0.004634228,0.05731249,0.00282188,0.991597,-0.1293348,-0.05743026,0.1292825,0.9899433,moving,17.484468758243104,-4.644458842515574,16.839131587459715,-2.07746494481846,0.46846600000000005,0.18138,1.937944,0.29954937647950125,-0.07725417392881981,0.9509480017067046,16.28848601035335,-4.37794471559509,2.525842994394492,2.646869421563695,2.3654635332930627
05/10/2023 16:34:56.492274,698,True,True,True,True,Eyes,1.373235,-0.3541196,-2.932246,0.2443785,0.04894296,0.968444,0.0,0.0,0.0,0.0,0.0,0.0,0.0,-1.198765,-0.03255105,3.035576,1.371052,-0.3544397,-2.940647,-0.06482381,-0.02872722,0.0005389445,0.9974831,352.5714,356.6827,0.277325,0.4217855,-0.1087145,-0.9001542,0,0,0,1.839636,-0.1703863,-1.003075,0.5796001,-0.06688157,1.915,0.9983489,0.004799591,0.05723995,0.002649239,0.9915951,-0.1293523,-0.0573797,0.1292903,0.9899452,moving,17.488527737378135,-4.5745454881075664,16.839134328329035,-2.0002479221953915,0.4685840000000001,0.18405340000000003,1.9375719999999998,0.29964360055261297,-0.07609138890411234,0.951012018280695,16.29610731593516,-4.310508630097487,2.533748167686387,2.654942514929045,2.37322204495612
05/10/2023 16:34:56.502389,699,True,True,True,True,Eyes,1.373111,-0.3541195,-2.932254,0.2445282,0.05023666,0.9683399,0.0,0.0,0.0,0.0,0.0,0.0,0.0,-1.199123,-0.03245759,3.035505,1.371024,-0.3544786,-2.940727,-0.06485306,-0.028658,0.0006282381,0.9974831,352.5683,356.69,0.2871984,0.4217671,-0.108715,-0.9001628,0,0,0,1.839874,-0.1674927,-1.003592,0.5796002,-0.06412755,1.915,0.9983567,0.004970431,0.05709024,0.002463804,0.9915873,-0.1294157,-0.05725322,0.1293436,0.9899455,moving,17.487815010997277,-4.502904656612518,16.839137069198276,-1.9179454237874185,0.46885,0.18698589999999998,1.9371349999999998,0.299658816849092,-0.07490183416857961,0.9511015893467905,16.299221192431066,-4.241369412073769,2.543661695013101,2.6651073726107763,2.3853318811707847
05/10/2023 16:34:56.522507,700,True,True,True,True,Eyes,1.372991,-0.3541203,-2.932259,0.2446687,0.05149288,0.9682385,0.0,0.0,0.0,0.0,0.0,0.0,0.0,-1.198849,-0.0329431,3.035659,1.371024,-0.3544253,-2.940787,-0.06497163,-0.02869618,0.0007430062,0.9974742,352.5551,356.6847,0.3011158,0.4217474,-0.1087156,-0.9001719,0,0,0,1.839717,-0.1641003,-1.00403,0.5796,-0.06134449,1.915,0.998352,0.005211134,0.05715084,0.002246616,0.9915563,-0.1296577,-0.05734394,0.1295724,0.9899104,moving,17.499192005506572,-4.444778687041035,16.839131587459715,-1.8347670365066873,0.468693,0.190325,1.9367569999999998,0.2998694577894676,-0.07393179025548562,0.9511111822533179,16.313270402116938,-4.18536359704532,2.569668062919126,2.692181377878768,2.4086996858608503
05/10/2023 16:34:56.543992,701,True,True,True,True,Eyes,1.372883,-0.3541198,-2.932264,0.2448057,0.05279691,0.9681336,0.0,0.0,0.0,0.0,0.0,0.0,0.0,-1.198615,-0.03405312,3.035679,1.371018,-0.3544492,-2.940724,-0.06515848,-0.02873457,0.0007384482,0.997461,352.5337,356.6801,0.3015127,0.4217265,-0.1087163,-0.9001817,0,0,0,1.839569,-0.1609504,-1.004324,0.5796,-0.05886731,1.915,0.9983476,0.005217748,0.05722698,0.002271455,0.9915076,-0.1300285,-0.05741945,0.1299436,0.9898574,moving,17.51060681176485,-4.38776997425926,16.839131587459715,-1.7607240837145932,0.46855099999999994,0.19349880000000003,1.9364,0.3000800128237007,-0.07298033961932072,0.9511182196970966,16.32729678090752,-4.130436227525294,2.588280413369906,2.711503104900168,2.424357752833156
05/10/2023 16:34:56.560596,702,True,True,True,True,Eyes,1.372778,-0.3541215,-2.932269,0.2449364,0.05405226,0.9680312,0.0,0.0,0.0,0.0,0.0,0.0,0.0,-1.198617,-0.03467575,3.035657,1.37101,-0.3544486,-2.940713,-0.06523273,-0.02873646,0.0006696085,0.9974561,352.5249,356.6804,0.2938432,0.4217049,-0.1087171,-0.9001916,0,0,0,1.839568,-0.1580839,-1.004683,0.5796,-0.0561929,1.915,0.9983476,0.005084925,0.05723934,0.002413305,0.9914885,-0.130172,-0.05741407,0.1300951,0.9898379,moving,17.517280499498007,-4.31850684267969,16.839131587459715,-1.6807793257000172,0.46855800000000003,0.1963647,1.9360300000000001,0.30021597151783874,-0.07182728242436442,0.9511630264968455,16.337403705316675,-4.063647396092381,2.5999533585610872,2.7235073711540543,2.4351162412942764
05/10/2023 16:34:56.576667,703,True,True,True,True,Eyes,1.37271,-0.3541212,-2.932273,0.2450358,0.05535499,0.9679325,0.0,0.0,0.0,0.0,0.0,0.0,0.0,-1.198556,-0.03499773,3.035693,1.370988,-0.3545064,-2.940733,-0.06528539,-0.02874395,0.0006466362,0.9974525,352.5188,356.6796,0.2914301,0.4216828,-0.108718,-0.9002019,0,0,0,1.839528,-0.1550018,-1.005104,0.5796,-0.05320689,1.915,0.9983467,0.005043097,0.057257,0.002463142,0.9914748,-0.1302753,-0.05742587,0.130201,0.9898232,moving,17.522618986906597,-4.24540801032122,16.839131587459715,-1.5915123484208802,0.46853999999999996,0.1995046,1.9356289999999998,0.3003307628826404,-0.07061104671518814,0.9512179328124057,16.346427231787747,-3.993146987478313,2.616398465935943,2.740495796285063,2.451653833969767
05/10/2023 16:34:56.592395,704,True,True,True,True,Eyes,1.372645,-0.354124,-2.932279,0.2451239,0.05659916,0.9678382,0.0,0.0,0.0,0.0,0.0,0.0,0.0,-1.197962,-0.03447443,3.035913,1.370956,-0.3545332,-2.940724,-0.0652419,-0.02883144,0.0007436904,0.9974527,352.5241,356.6689,0.3031304,0.4216611,-0.1087188,-0.9002119,0,0,0,1.839147,-0.1527262,-1.005313,0.5795999,-0.05082385,1.915,0.9983364,0.005245627,0.05741895,0.002278444,0.9914859,-0.1301943,-0.05761303,0.1301085,0.9898245,moving,17.53632000953691,-4.168674022432059,16.83912884659031,-1.5202656349623498,0.468191,0.201807,1.935411,0.3005852553271428,-0.06933122459000486,0.9512316532895247,16.363703618732238,-3.9192019106844316,2.61489266852455,2.7386388050472705,2.445592852921195
05/10/2023 16:34:56.602489,705,True,True,True,True,Eyes,1.37261,-0.3541241,-2.932284,0.2451949,0.05787632,0.9677447,0.0,0.0,0.0,0.0,0.0,0.0,0.0,-1.197437,-0.03385144,3.036178,1.370972,-0.354608,-2.940759,-0.06515347,-0.02891964,0.000758086,0.9974558,352.5344,356.6586,0.3051526,0.4216399,-0.1087198,-0.9002218,0,0,0,1.838824,-0.1504499,-1.005581,0.5796,-0.04813024,1.915,0.9983262,0.005280743,0.05759333,0.002256115,0.9915088,-0.1300193,-0.05779091,0.1299316,0.9898373,moving,17.549003452839575,-4.082036338462556,16.839131587459715,-1.4397280335682199,0.46785199999999993,0.20415809999999998,1.9351779999999998,0.30082576560274016,-0.06788737962157528,0.9512597827189394,16.380524668293035,-3.8356920088583304,2.6126919467769576,2.736002785702431,2.4394597100988453
05/10/2023 16:34:56.627411,706,True,True,True,True,Eyes,1.372578,-0.3541216,-2.93229,0.2452634,0.05910838,0.9676529,0.0,0.0,0.0,0.0,0.0,0.0,0.0,-1.197463,-0.03156033,3.036224,1.370993,-0.3546023,-2.940784,-0.06484195,-0.0289097,0.0009238278,0.9974763,352.5707,356.6588,0.3231188,0.4216199,-0.1087206,-0.900231,0,0,0,1.838862,-0.1489117,-1.005835,0.5796,-0.04554938,1.915,0.9983268,0.005592113,0.05755367,0.001906129,0.9915893,-0.12941,-0.05779328,0.1293032,0.9899195,moving,17.54987516557266,-3.9771769745222554,16.839131587459715,-1.3625562584149442,0.4678690000000001,0.20569059999999997,1.9349489999999998,0.30087553137781314,-0.06614524047862833,0.9513668023556092,16.38692803264426,-3.7345087003831603,2.587760809039007,2.7095014159299313,2.414673154268858
05/10/2023 16:34:56.643424,707,True,True,True,True,Eyes,1.372562,-0.3541146,-2.932296,0.2453323,0.06037576,0.9675571,0.0,0.0,0.0,0.0,0.0,0.0,0.0,-1.197539,-0.03158391,3.036209,1.37104,-0.3545395,-2.940784,-0.0648869,-0.02889845,0.00104364,0.9974737,352.5659,356.6591,0.3369989,0.421601,-0.1087214,-0.9002398,0,0,0,1.838939,-0.1458626,-1.006224,0.5796,-0.04283775,1.915,0.9983276,0.005832268,0.05751545,0.001668255,0.9915773,-0.1295062,-0.05778632,0.1293856,0.9899092,moving,17.55143776782333,-3.909967136264978,16.839131587459715,-1.2814689323957125,0.46789900000000006,0.2086769,1.9345599999999998,0.3009235949869927,-0.06502817081629918,0.9514285251975937,16.39199984159671,-3.6696626341174436,2.601156140619384,2.72330367427655,2.4296905060319602
05/10/2023 16:34:56.652617,708,True,True,True,True,Eyes,1.372541,-0.3541062,-2.932302,0.2454098,0.06159172,0.9674608,0.0,0.0,0.0,0.0,0.0,0.0,0.0,-1.198115,-0.03262442,3.035994,1.37105,-0.3544643,-2.940813,-0.06491467,-0.02882203,0.0007283924,0.9974743,352.5616,356.6703,0.3001819,0.4215835,-0.1087218,-0.9002479,0,0,0,1.839304,-0.1433602,-1.00666,0.5796001,-0.04016016,1.915,0.9983376,0.005195051,0.0574039,0.00228884,0.9915711,-0.1295434,-0.05759304,0.1294594,0.9899108,moving,17.545913379570475,-3.829535896597557,16.839134328329035,-1.2013944831939274,0.46825399999999995,0.21110410000000002,1.9341529999999998,0.30085780048093774,-0.06369388775620201,0.9515395850922397,16.390942493499725,-3.5920042110704453,2.599697053495354,2.7215186782605367,2.4322604284544656
05/10/2023 16:34:56.676305,709,True,True,True,True,Eyes,1.372553,-0.3540967,-2.932307,0.245473,0.06283163,0.9673651,0.0,0.0,0.0,0.0,0.0,0.0,0.0,-1.198897,-0.03276053,3.035613,1.370917,-0.3544266,-2.940806,-0.06491958,-0.02867348,0.000691031,0.9974783,352.5609,356.6877,0.2947778,0.4215672,-0.108722,-0.9002555,0,0,0,1.839761,-0.1407376,-1.007133,0.5795999,-0.03752318,1.915,0.9983547,0.005101517,0.05711262,0.002344363,0.9915699,-0.1295514,-0.05729206,0.1294721,0.9899266,moving,17.531272288683354,-3.754127573327822,16.83912884659031,-1.122529903694532,0.46884400000000004,0.213689,1.9336729999999998,0.30063841372210837,-0.06244602370805353,0.9516916950741845,16.380831775234817,-3.5191239469260056,2.5994801643055627,2.7210969918861347,2.440020330584482
05/10/2023 16:34:56.692240,710,True,True,True,True,Eyes,1.372568,-0.3540916,-2.932311,0.2455216,0.06403334,0.9672739,0.0,0.0,0.0,0.0,0.0,0.0,0.0,-1.198371,-0.03210276,3.035805,1.37087,-0.3544615,-2.9408,-0.06487414,-0.02874479,0.0008319491,0.9974791,352.5666,356.6784,0.3114021,0.4215528,-0.1087219,-0.9002623,0,0,0,1.839418,-0.1381582,-1.007396,0.5796001,-0.03486386,1.915,0.9983461,0.005389291,0.05723671,0.002069884,0.9915813,-0.129469,-0.0574526,0.1293734,0.9899302,moving,17.54109063122594,-3.6811190297132983,16.839134328329035,-1.0429928906344987,0.46854799999999996,0.21630329999999998,1.933404,0.30082419077831923,-0.061229525033273405,0.9517119699920218,16.39416829781945,-3.448744566033001,2.6081777780799564,2.729917979879159,2.446555924558062
05/10/2023 16:34:56.702129,711,True,True,True,True,Eyes,1.372579,-0.3540883,-2.932313,0.2455777,0.06526816,0.9671772,0.0,0.0,0.0,0.0,0.0,0.0,0.0,-1.197509,-0.03242326,3.036177,1.370947,-0.3545662,-2.940788,-0.06498858,-0.02889349,0.0009442476,0.9974672,352.5539,356.6604,0.3258523,0.4215401,-0.1087215,-0.9002683,0,0,0,1.838902,-0.1350389,-1.00765,0.5796001,-0.03218439,1.915,0.9983286,0.005639205,0.05751788,0.001871782,0.9915512,-0.1297025,-0.05776335,0.1295934,0.9898833,moving,17.560562581068133,-3.623699209802901,16.839134328329035,-0.9628491502114297,0.4679550000000001,0.2195273,1.933138,0.30116527487721856,-0.06026892290024652,0.9516654925904844,16.41598214565542,-3.3934814431919036,2.6342240358599827,2.756915262295547,2.467190935736624
05/10/2023 16:34:56.726423,712,True,True,True,True,Eyes,1.372591,-0.3540865,-2.932316,0.2456326,0.06644657,0.967083,0.0,0.0,0.0,0.0,0.0,0.0,0.0,-1.19728,-0.03192157,3.036241,1.370967,-0.3546113,-2.940741,-0.06491715,-0.02893418,0.0009553047,0.9974708,352.5622,356.6556,0.3271878,0.421529,-0.1087211,-0.9002735,0,0,0,1.838766,-0.1326976,-1.00788,0.5796001,-0.02951498,1.915,0.9983239,0.005662426,0.05759796,0.001850873,0.9915696,-0.1295612,-0.05784602,0.1294506,0.9898971,moving,17.567195556249388,-3.5447757867009893,16.839134328329035,-0.8830025598894597,0.46779899999999985,0.22191370000000002,1.932861,0.3012991169314206,-0.058955357011850576,0.9517053944117773,16.42656234556174,-3.317370065399755,2.637044153401442,2.7595488512747073,2.4690809611774482
05/10/2023 16:34:56.742522,713,True,True,True,True,Eyes,1.372608,-0.3540819,-2.93232,0.2456875,0.06763113,0.966987,0.0,0.0,0.0,0.0,0.0,0.0,0.0,-1.197453,-0.03146166,3.036215,1.371016,-0.3546433,-2.940753,-0.06483482,-0.02891517,0.0009285623,0.9974766,352.5715,356.6581,0.3236811,0.4215193,-0.1087206,-0.9002781,0,0,0,1.838899,-0.1304383,-1.008216,0.5796,-0.02685551,1.915,0.9983261,0.005601857,0.05756401,0.001896981,0.9915912,-0.1293961,-0.05780482,0.1292887,0.9899207,moving,17.56693402800379,-3.462956220783153,16.839131587459715,-0.8034498804724929,0.46788300000000005,0.224205,1.932537,0.30131874419690885,-0.05759587160471423,0.9517824885655431,16.430651117630134,-3.238411722792104,2.6351730879006343,2.757294029771673,2.4689867289608323
05/10/2023 16:34:56.752158,714,True,True,True,True,Eyes,1.372623,-0.3540764,-2.932327,0.2457505,0.06877396,0.9668902,0.0,0.0,0.0,0.0,0.0,0.0,0.0,-1.197756,-0.03101641,3.036154,1.37105,-0.3545906,-2.940799,-0.06473752,-0.02887244,0.0008938795,0.9974842,352.5826,356.6634,0.3190312,0.4215109,-0.10872,-0.9002821,0,0,0,1.839111,-0.1281166,-1.008605,0.5796,-0.02415086,1.915,0.9983312,0.005521522,0.05748387,0.001954999,0.9916165,-0.1292009,-0.05771535,0.1290977,0.9899508,moving,17.56445249337039,-3.3816354010495373,16.839131587459715,-0.7225425567742956,0.46806099999999984,0.22647399999999998,1.9321940000000002,0.30130070596845393,-0.05624525924825881,0.9518687830133831,16.43257373666623,-3.1599178746596035,2.634431723248564,2.7562411307842565,2.4710499238741255
05/10/2023 16:34:56.772429,715,True,True,True,True,Eyes,1.372626,-0.3540717,-2.932333,0.2458117,0.06995194,0.9667902,0.0,0.0,0.0,0.0,0.0,0.0,0.0,-1.198587,-0.03196129,3.035861,1.371042,-0.3545645,-2.940852,-0.06484602,-0.02873951,0.0007837285,0.9974811,352.5697,356.6794,0.3057087,0.4215037,-0.1087193,-0.9002856,0,0,0,1.839648,-0.1250635,-1.00918,0.5796,-0.02139384,1.915,0.9983469,0.005290795,0.0572326,0.002163778,0.9915887,-0.1294104,-0.05743589,0.1293203,0.9899381,moving,17.551770955922986,-3.3195458482196467,16.839131587459715,-0.6400656648084881,0.46860599999999986,0.229501,1.931672,0.30110734126479916,-0.05521725825946526,0.9519902205429661,16.423645069185582,-3.0999051302554035,2.6501906558342405,2.7726285223189975,2.4946821927126765
05/10/2023 16:34:56.792516,716,True,True,True,True,Eyes,1.372627,-0.3540657,-2.932338,0.2458697,0.07108677,0.9666927,0.0,0.0,0.0,0.0,0.0,0.0,0.0,-1.199298,-0.03268605,3.035553,1.371015,-0.3545749,-2.940844,-0.06491657,-0.0286248,0.0006545066,0.9974799,352.5611,356.6936,0.2901923,0.4214972,-0.1087185,-0.9002888,0,0,0,1.8401,-0.122355,-1.009641,0.5796001,-0.01878147,1.915,0.9983604,0.005022163,0.05702036,0.002410734,0.9915708,-0.1295434,-0.05719031,0.1294685,0.989933,moving,17.540921885759417,-3.255040984083199,16.839134328329035,-0.5619135579027955,0.469085,0.23221990000000003,1.9312029999999998,0.3009447257972574,-0.05414836812369612,0.9521030620288787,16.41661071679801,-3.037575462265771,2.6602920275227437,2.78306326004444,2.5114593500622964
05/10/2023 16:34:56.802577,717,True,True,True,True,Eyes,1.372637,-0.3540598,-2.932343,0.2458987,0.07227855,0.966597,0.0,0.0,0.0,0.0,0.0,0.0,0.0,-1.19921,-0.03322932,3.035539,1.370965,-0.3545395,-2.940827,-0.06498199,-0.02863356,0.0006094159,0.9974755,352.5535,356.6929,0.2852812,0.4214913,-0.1087175,-0.9002916,0,0,0,1.840032,-0.1193909,-1.009999,0.5796001,-0.01603417,1.915,0.9983595,0.004937085,0.05704333,0.002505575,0.991554,-0.1296708,-0.05720173,0.129601,0.989915,moving,17.542584650931254,-3.189303466556992,16.839134328329035,-0.47972261165567276,0.4690669999999999,0.2351486,1.930828,0.30099006002236384,-0.053055157562409215,0.9521503315572359,16.42170095284157,-2.974150952110112,2.6761149504862605,2.799405430732914,2.529115135503551
05/10/2023 16:34:56.822393,718,True,True,True,True,Eyes,1.372647,-0.3540572,-2.932348,0.2459258,0.07341729,0.9665042,0.0,0.0,0.0,0.0,0.0,0.0,0.0,-1.198938,-0.03411636,3.035649,1.370958,-0.3545695,-2.940839,-0.06515238,-0.02867473,0.0006547249,0.9974632,352.5341,356.6877,0.2913901,0.4214862,-0.1087165,-0.9002941,0,0,0,1.839863,-0.1159893,-1.010413,0.5796001,-0.01328385,1.915,0.9983547,0.00504258,0.05711865,0.002430325,0.9915094,-0.1300117,-0.05728928,0.1299366,0.9898658,moving,17.548252866749213,-3.1418826899033565,16.839134328329035,-0.3974393385300065,0.4689050000000001,0.23858019999999996,1.930426,0.30109678997797396,-0.052265242403151876,0.9521601932950797,16.42967996060478,-2.9284325137083433,2.7098705225271433,2.8345755256172933,2.5638992437394625
05/10/2023 16:34:56.842493,719,True,True,True,True,Eyes,1.37267,-0.3540537,-2.932352,0.2459529,0.07459968,0.9664067,0.0,0.0,0.0,0.0,0.0,0.0,0.0,-1.19892,-0.03387317,3.035698,1.370962,-0.3546453,-2.940869,-0.06509962,-0.02868114,0.0005985278,0.9974664,352.5399,356.6874,0.2847815,0.4214818,-0.1087154,-0.9002963,0,0,0,1.839861,-0.1137696,-1.010742,0.5795999,-0.01070549,1.915,0.9983541,0.004928284,0.05713901,0.002540239,0.9915234,-0.1299037,-0.05729486,0.129835,0.9898788,moving,17.54933284672034,-3.062641407042858,16.83912884659031,-0.3202992193186076,0.46889899999999995,0.2408757,1.9301270000000001,0.3011352495642253,-0.05094768294428294,0.9522193792146338,16.434924921090335,-2.8519723804958343,2.708464483419689,2.8328131594535,2.5637374686996877
05/10/2023 16:34:56.852453,720,True,True,True,True,Eyes,1.372691,-0.3540484,-2.932357,0.245988,0.07572472,0.9663103,0.0,0.0,0.0,0.0,0.0,0.0,0.0,-1.199666,-0.03364459,3.035353,1.370959,-0.3546601,-2.940814,-0.06506193,-0.02855887,0.0005826804,0.9974723,352.5442,356.7016,0.2819081,0.4214785,-0.1087143,-0.9002981,0,0,0,1.840343,-0.1112339,-1.011139,0.5796001,-0.00796245,1.915,0.9983681,0.004878605,0.05689754,0.002553775,0.9915332,-0.1298282,-0.05704919,0.1297617,0.9899027,moving,17.53628355776952,-2.989935101980039,16.839134328329035,-0.23823088800530462,0.469384,0.24342619999999998,1.929675,0.3009366860461374,-0.049742581322939294,0.9523458992635332,16.426205065402605,-2.781711624839532,2.714178071340414,2.8386428322907715,2.5767818756789933
05/10/2023 16:34:56.872380,721,True,True,True,True,Eyes,1.372704,-0.3540443,-2.932362,0.2460411,0.07691314,0.9662029,0.0,0.0,0.0,0.0,0.0,0.0,0.0,-1.200346,-0.03302196,3.035102,1.370899,-0.3546071,-2.940859,-0.06494143,-0.02843799,0.0005576384,0.9974837,352.5579,356.7159,0.2777084,0.4214759,-0.1087131,-0.9002994,0,0,0,1.840765,-0.109119,-1.011572,0.5796,-0.005381927,1.915,0.998382,0.004806077,0.05666043,0.002581137,0.9915646,-0.1295877,-0.05680529,0.1295243,0.9899478,moving,17.52426549282059,-2.9034963501751165,16.839131587459715,-0.161023963915755,0.4698659999999999,0.24548810000000001,1.9292870000000002,0.3007581097872152,-0.048308630175190076,0.9524761065822582,16.419207685355573,-2.6982067802419225,2.7030360507016185,2.826758436384362,2.571698412920759
05/10/2023 16:34:56.892370,722,True,True,True,True,Eyes,1.372718,-0.3540398,-2.932369,0.2460984,0.07805558,0.9660968,0.0,0.0,0.0,0.0,0.0,0.0,0.0,-1.200889,-0.03193095,3.034909,1.370866,-0.3546406,-2.940882,-0.06480929,-0.02833763,0.0006546405,0.9974951,352.5734,356.7268,0.2876951,0.4214738,-0.1087119,-0.9003006,0,0,0,1.841104,-0.1069324,-1.011974,0.5795999,-0.0027273,1.915,0.9983931,0.004979084,0.05644842,0.002367081,0.9915987,-0.129331,-0.05661813,0.1292568,0.9899935,moving,17.515170001129434,-2.822484151854903,16.83912884659031,-0.08159930747668248,0.47023800000000016,0.2477082,1.9289080000000003,0.3006262385282814,-0.046963901301149705,0.9525851036547067,16.414739248602864,-2.619960706538019,2.6996726221207434,2.8230269876097207,2.5735938147121376
05/10/2023 16:34:56.902470,723,True,True,True,True,Eyes,1.37271,-0.3540338,-2.932375,0.2461545,0.07930534,0.9659806,0.0,0.0,0.0,0.0,0.0,0.0,0.0,-1.201398,-0.03122681,3.034734,1.37088,-0.3546235,-2.940897,-0.06477603,-0.02824524,0.0008521972,0.9974998,352.5778,356.736,0.3096649,0.4214723,-0.1087106,-0.9003015,0,0,0,1.841434,-0.104138,-1.012427,0.5795999,-4.470348e-07,1.915,0.998403,0.005359362,0.05623884,0.001959097,0.9916067,-0.1292763,-0.05645965,0.12918,0.9900126,moving,17.507288158303286,-2.749755075841835,16.83912884659031,-1.337504299502579e-05,0.4705539999999999,0.25048549999999997,1.9284700000000001,0.3005120180186118,-0.045756409709229895,0.9526797848154582,16.411001103111563,-2.5497170782533627,2.706271400542307,2.829755517167668,2.5853979072670548
05/10/2023 16:34:56.927291,724,True,True,True,True,Eyes,1.372702,-0.3540319,-2.932381,0.2462159,0.08051104,0.9658653,0.0,0.0,0.0,0.0,0.0,0.0,0.0,-1.20206,-0.03114009,3.034461,1.370873,-0.354564,-2.940896,-0.06480595,-0.0281283,0.000971092,0.997501,352.5747,356.7486,0.3225944,0.4214706,-0.1087092,-0.9003024,0,0,0,1.841856,-0.1012363,-1.0129,0.5796002,0.002632022,1.915,0.9984157,0.005583093,0.05599014,0.001708431,0.9915985,-0.1293426,-0.05624187,0.1292333,0.990018,moving,17.49691145275099,-2.6844142687259462,16.839137069198276,0.0787486460718084,0.47098299999999993,0.2533277,1.927996,0.3003542554448535,-0.044672264296729186,0.9527810791349464,16.404466376432687,-2.486584294687383,2.7165415961735997,2.84037610773147,2.601897712842209
05/10/2023 16:34:56.944413,725,True,True,True,True,Eyes,1.372706,-0.3540283,-2.932388,0.246268,0.08178947,0.9657446,0.0,0.0,0.0,0.0,0.0,0.0,0.0,-1.202635,-0.03096363,3.034252,1.370852,-0.3546591,-2.940911,-0.06484963,-0.02802282,0.001098942,0.997501,352.5701,356.7598,0.3366874,0.4214689,-0.1087079,-0.9003033,0,0,0,1.842216,-0.09840187,-1.01339,0.5796,0.005289108,1.915,0.998427,0.005826931,0.05576304,0.001442147,0.9915866,-0.1294367,-0.05604811,0.1293135,0.9900185,moving,17.48734222176507,-2.616581275173753,16.839131587459715,0.1582468904564641,0.4713640000000001,0.25625723,1.9275209999999998,0.3002100621401613,-0.04354629946457688,0.9528786470735832,16.398842132069674,-2.4210526465798954,2.725429179946267,2.8495347646942837,2.6166086651013822
05/10/2023 16:34:56.952532,726,True,True,True,True,Eyes,1.372708,-0.3540238,-2.932394,0.246322,0.0830263,0.9656252,0.0,0.0,0.0,0.0,0.0,0.0,0.0,-1.20306,-0.03096247,3.034083,1.37084,-0.3546518,-2.940917,-0.06487996,-0.02794673,0.001168346,0.997501,352.5668,356.768,0.3442182,0.4214673,-0.1087066,-0.9003042,0,0,0,1.842484,-0.09549785,-1.013843,0.5796,0.008024484,1.915,0.9984353,0.005957218,0.05560218,0.001295512,0.9915785,-0.129501,-0.05590539,0.1293703,0.9900191,moving,17.481162336891185,-2.5477742441373454,16.839131587459715,0.2400868798900787,0.47164399999999995,0.25915395,1.9270739999999997,0.3001220305444687,-0.04240317531567239,0.9529578472082295,16.396536292972247,-2.3546066933494187,2.7363868135205727,2.860834341600189,2.6321712204400383
05/10/2023 16:34:56.976935,727,True,True,True,True,Eyes,1.372725,-0.3540174,-2.9324,0.2463554,0.08432506,0.9655042,0.0,0.0,0.0,0.0,0.0,0.0,0.0,-1.203374,-0.03132257,3.033951,1.370821,-0.3546309,-2.940924,-0.06497905,-0.02788657,0.001264365,0.9974961,352.5557,356.7741,0.3551634,0.4214658,-0.1087053,-0.900305,0,0,0,1.842676,-0.09228534,-1.01432,0.5796,0.01076239,1.915,0.9984415,0.006146483,0.05546917,0.001101688,0.9915522,-0.1297032,-0.05579779,0.1295622,0.9900001,moving,17.475757472660618,-2.484084301132188,16.839131587459715,0.3220015835118117,0.4718549999999999,0.26234556000000003,1.9266039999999998,0.30004547437876017,-0.04134488909572256,0.9530285266041575,16.394705955430705,-2.293104624740296,2.7523581896867135,2.8773964811450874,2.6526014821007506
05/10/2023 16:34:56.992104,728,True,True,True,True,Eyes,1.37274,-0.3540117,-2.932407,0.2463837,0.08557624,0.9653869,0.0,0.0,0.0,0.0,0.0,0.0,0.0,-1.203287,-0.0314748,3.033973,1.370797,-0.3546217,-2.940925,-0.06502207,-0.02789443,0.001309884,0.9974931,352.5509,356.7729,0.3606119,0.4214649,-0.1087039,-0.9003056,0,0,0,1.842612,-0.08952209,-1.014673,0.5796002,0.01332492,1.915,0.9984404,0.006240707,0.05547867,0.001014308,0.9915408,-0.1297912,-0.05581935,0.1296451,0.9899881,moving,17.477699288648573,-2.4150802457545013,16.839137069198276,0.39866807173660807,0.4718149999999999,0.26509961,1.926252,0.3000918515476236,-0.04019646730012379,0.9530630681235878,16.40023844924599,-2.2265299978386452,2.760129828373401,2.885297437404563,2.661634254193776
05/10/2023 16:34:57.002221,729,True,True,True,True,Eyes,1.37277,-0.3540035,-2.932413,0.246373,0.0869218,0.9652694,0.0,0.0,0.0,0.0,0.0,0.0,0.0,-1.202979,-0.03175306,3.034103,1.370764,-0.3546336,-2.940951,-0.06507517,-0.02793873,0.001325514,0.9974884,352.5449,356.7676,0.3629223,0.4214644,-0.1087024,-0.900306,0,0,0,1.842406,-0.08660132,-1.01504,0.5796002,0.01605806,1.915,0.9984354,0.006280603,0.0555646,0.000991866,0.9915269,-0.1298975,-0.05590963,0.1297494,0.9899693,moving,17.481404196995676,-2.340591553995469,16.839137069198276,0.48043733754360674,0.4716419999999999,0.26803228,1.9259110000000002,0.30016823020191835,-0.03895640036343414,0.9530905001461153,16.407761232384647,-2.1546760056004954,2.7679534767275467,2.8932181166215774,2.670188653223353
05/10/2023 16:34:57.022514,730,True,True,True,True,Eyes,1.3728,-0.3539976,-2.93242,0.2463592,0.0882132,0.9651557,0.0,0.0,0.0,0.0,0.0,0.0,0.0,-1.202761,-0.03225049,3.034165,1.370742,-0.3546144,-2.940943,-0.06513097,-0.02797402,0.001271878,0.9974838,352.5383,356.7639,0.3571896,0.4214646,-0.1087007,-0.9003062,0,0,0,1.842265,-0.08383471,-1.015365,0.5796002,0.01866785,1.915,0.9984317,0.006181304,0.05564157,0.001106595,0.9915127,-0.1300053,-0.05597293,0.129863,0.9899508,moving,17.48372653937358,-2.267402694269821,16.839137069198276,0.5585144330315122,0.47152300000000014,0.27077969,1.9255779999999998,0.300220887660484,-0.03773824578116806,0.9531228634017131,16.413882505965486,-2.084065897222182,2.7732453221067837,2.8985001630905423,2.6765784586658463
05/10/2023 16:34:57.042413,731,True,True,True,True,Eyes,1.372853,-0.3539909,-2.932426,0.2463356,0.08958112,0.9650357,0.0,0.0,0.0,0.0,0.0,0.0,0.0,-1.202548,-0.03230044,3.034314,1.370778,-0.3546645,-2.940987,-0.06513464,-0.02801612,0.001246775,0.9974824,352.5378,356.7592,0.3546247,0.4214655,-0.108699,-0.900306,0,0,0,1.842149,-0.08120725,-1.015721,0.5796003,0.02137795,1.915,0.9984271,0.006136911,0.05572875,0.001162367,0.9915118,-0.1300112,-0.05605358,0.1298715,0.9899452,moving,17.48624332285934,-2.1844947644814483,16.83913981006744,0.6395903037605979,0.471371,0.27345725,1.9252659999999997,0.30027811999388027,-0.03635833485123584,0.9531584492108802,16.420706819914418,-2.004078300227317,2.7723580331188464,2.897274482843367,2.6765780121191702
05/10/2023 16:34:57.061304,732,True,True,True,True,Eyes,1.372903,-0.3539832,-2.932429,0.2463141,0.09089147,0.9649187,0.0,0.0,0.0,0.0,0.0,0.0,0.0,-1.202391,-0.03211328,3.034363,1.370755,-0.3547015,-2.940978,-0.06512707,-0.02803585,0.001288541,0.9974823,352.5388,356.7566,0.3595628,0.4214676,-0.1086972,-0.9003053,0,0,0,1.842039,-0.07861674,-1.016036,0.5796002,0.02401179,1.915,0.9984246,0.006222379,0.05576269,0.001081192,0.9915137,-0.1299984,-0.05609836,0.1298539,0.9899449,moving,17.486599511537957,-2.105953277346033,16.839137069198276,0.7183823143579826,0.47128400000000004,0.27608476,1.924942,0.3002980881943771,-0.03505147494322111,0.9532011566916859,16.425217047066376,-1.9282879971708553,2.772919728651611,2.8975988591947193,2.678841824865706
05/10/2023 16:34:57.072490,733,True,True,True,True,Eyes,1.372967,-0.3539741,-2.932432,0.246291,0.09224003,0.9647967,0.0,0.0,0.0,0.0,0.0,0.0,0.0,-1.202513,-0.03172004,3.034243,1.37074,-0.3546714,-2.940911,-0.06507868,-0.02801138,0.0013349,0.9974862,352.5446,356.7591,0.364562,0.4214707,-0.1086952,-0.900304,0,0,0,1.842108,-0.07605332,-1.016318,0.5796,0.02670628,1.915,0.9984272,0.006308976,0.05570817,0.0009827988,0.9915259,-0.1299049,-0.05605567,0.1297553,0.9899603,moving,17.481781508238353,-2.0205518690073956,16.839131587459715,0.7989858714452389,0.471368,0.27861808000000005,1.9245929999999998,0.3002326150257494,-0.033631385745913664,0.9532730243292845,16.42510421519231,-1.8458386771778779,2.767654250750092,2.891849233710765,2.6770348443728045
05/10/2023 16:34:57.092663,734,True,True,True,True,Eyes,1.373029,-0.3539637,-2.932435,0.2462728,0.09353442,0.9646767,0.0,0.0,0.0,0.0,0.0,0.0,0.0,-1.20265,-0.03077003,3.034198,1.370731,-0.3546724,-2.940913,-0.06495801,-0.02798283,0.001420142,0.9974946,352.5587,356.7619,0.3737731,0.4214751,-0.108693,-0.9003022,0,0,0,1.842186,-0.07375446,-1.016637,0.5796,0.02940345,1.915,0.99843,0.006468584,0.05564094,0.0008022505,0.9915569,-0.12967,-0.05600993,0.129511,0.9899948,moving,17.47693732261894,-1.9313157327391228,16.839131587459715,0.8796664312154873,0.4714550000000002,0.28091794000000003,1.924276,0.3001666783434462,-0.03214735546424853,0.953344968002865,16.425169595094037,-1.7596886239983287,2.7588957223286092,2.882432459204021,2.6716211630031093
05/10/2023 16:34:57.102242,735,True,True,True,True,Eyes,1.373112,-0.3539511,-2.932438,0.2462459,0.09485084,0.964555,0.0,0.0,0.0,0.0,0.0,0.0,0.0,-1.203027,-0.03036758,3.034062,1.370758,-0.3546326,-2.940917,-0.06492928,-0.02791941,0.001520733,0.9974982,352.5623,356.7685,0.3847978,0.4214806,-0.1086907,-0.9002999,0,0,0,1.842428,-0.07099798,-1.017047,0.5796002,0.03215176,1.915,0.9984364,0.00665943,0.05550164,0.000591718,0.9915637,-0.1296186,-0.0558966,0.1294487,0.9900094,moving,17.467786870011114,-1.8519312928491096,16.839137069198276,0.9618731533978288,0.47167000000000003,0.28363462,1.9238699999999997,0.3000268912250797,-0.03082786711650152,0.9534325252955119,16.420561826988454,-1.6830129308965467,2.759760330577695,2.88317464503645,2.6778027620205798
05/10/2023 16:34:57.127891,736,True,True,True,True,Eyes,1.373192,-0.3539388,-2.93244,0.2462239,0.0961133,0.9644356,0.0,0.0,0.0,0.0,0.0,0.0,0.0,-1.203624,-0.03034702,3.03383,1.370768,-0.3546236,-2.940917,-0.06495494,-0.0278191,0.001585399,0.9974991,352.5595,356.7795,0.3915847,0.4214876,-0.108688,-0.9002969,0,0,0,1.842809,-0.06832436,-1.017489,0.5796002,0.03467783,1.915,0.9984472,0.006776842,0.05529309,0.0004511085,0.9915567,-0.1296732,-0.05570502,0.1294968,0.9900139,moving,17.454683676266193,-1.7809431093407107,16.839137069198276,1.0374288065412902,0.47204099999999993,0.28629923999999995,1.9234279999999997,0.299819529478577,-0.029648587236715145,0.9535351136342967,16.41169886375563,-1.614409764781726,2.7614071427558877,2.8848081186978805,2.686066124991812
05/10/2023 16:34:57.143896,737,True,True,True,True,Eyes,1.373274,-0.3539261,-2.932442,0.246184,0.09742928,0.9643137,0.0,0.0,0.0,0.0,0.0,0.0,0.0,-1.203962,-0.03011939,3.033709,1.370778,-0.354618,-2.940924,-0.06493153,-0.02776304,0.001617954,0.9975022,352.5623,356.7858,0.3948398,0.4214959,-0.1086852,-0.9002934,0,0,0,1.843026,-0.06573385,-1.017884,0.5796001,0.03734413,1.915,0.9984532,0.006833219,0.05517728,0.0003775686,0.9915625,-0.1296285,-0.05559751,0.1294489,0.9900262,moving,17.445426241202597,-1.6999739246076526,16.839134328329035,1.1171748693177717,0.472248,0.28888415,1.9230399999999999,0.29967714999235495,-0.02830236852196614,0.9536207423150542,16.4070720602628,-1.5362039740361564,2.7585447724978143,2.881651819830313,2.6883260758034484
05/10/2023 16:34:57.159833,738,True,True,True,True,Eyes,1.37335,-0.3539186,-2.932444,0.2461383,0.09868857,0.9641973,0.0,0.0,0.0,0.0,0.0,0.0,0.0,-1.204284,-0.03146377,3.033532,1.37074,-0.3546313,-2.940903,-0.06511477,-0.0277097,0.001513505,0.9974919,352.5409,356.7926,0.3830025,0.4215055,-0.1086821,-0.9002892,0,0,0,1.843232,-0.06247681,-1.018363,0.5796,0.04004923,1.915,0.9984598,0.006628039,0.05508329,0.0005892017,0.9915156,-0.1299868,-0.0554775,0.129819,0.9899845,moving,17.435768835476576,-1.6418675340734978,16.839131587459715,1.198076971716262,0.4724919999999999,0.29215449,1.9225400000000001,0.2995244616923088,-0.027336615408080973,0.9536968785776686,16.40084679782211,-1.4800578879969573,2.7780013641369035,2.9019408680547882,2.7137612060825886
05/10/2023 16:34:57.175602,739,True,True,True,True,Eyes,1.373426,-0.3539098,-2.932447,0.2461042,0.09998001,0.964073,0.0,0.0,0.0,0.0,0.0,0.0,0.0,-1.203651,-0.03082329,3.033787,1.370661,-0.3547467,-2.940923,-0.06504696,-0.02779779,0.001566692,0.9974937,352.5489,356.7821,0.3895724,0.421516,-0.108679,-0.9002847,0,0,0,1.842794,-0.06017548,-1.018607,0.5796001,0.0426864,1.915,0.9984497,0.006741854,0.05525243,0.000490793,0.9915329,-0.129855,-0.05566007,0.1296808,0.9899923,moving,17.44348345119149,-1.5577603493000982,16.839134328329035,1.2769428778859437,0.47213300000000014,0.29457122,1.9223160000000001,0.2996640766581245,-0.02593541929062896,0.9536922062033921,16.412744525735572,-1.3989523342698662,2.774959699684813,2.8984099517707254,2.7096537509789105
05/10/2023 16:34:57.192208,740,True,True,True,True,Eyes,1.373501,-0.353896,-2.932451,0.2460664,0.1012459,0.9639505,0.0,0.0,0.0,0.0,0.0,0.0,0.0,-1.202474,-0.03077349,3.034266,1.370679,-0.3547276,-2.940929,-0.06509867,-0.02798619,0.001727746,0.9974849,352.5435,356.7591,0.4097255,0.4215274,-0.1086758,-0.9002798,0,0,0,1.842029,-0.05713475,-1.018824,0.5796,0.04535219,1.915,0.9984276,0.007090528,0.05560665,0.0001969254,0.9915184,-0.1299665,-0.05605655,0.1297731,0.9899579,moving,17.46313278067313,-1.4924588553025464,16.839131587459715,1.3566597602402366,0.47134999999999994,0.29759284999999996,1.9221050000000002,0.29999942064555296,-0.024845708952119037,0.953615756101492,16.435147488868495,-1.3360846916627724,2.792799741006396,2.916651226074895,2.722880062575103
05/10/2023 16:34:57.207283,741,True,True,True,True,Eyes,1.373542,-0.3538844,-2.932451,0.2461412,0.1026741,0.9637803,0.0,0.0,0.0,0.0,0.0,0.0,0.0,-1.202159,-0.03367305,3.034419,1.370756,-0.3546002,-2.94097,-0.06548619,-0.02805951,0.001562174,0.9974576,352.4985,356.7516,0.3924822,0.4215395,-0.1086724,-0.9002746,0,0,0,1.84188,-0.05300182,-1.019369,0.5796,0.04806799,1.915,0.9984205,0.006791425,0.05577175,0.0005586159,0.9914182,-0.1307271,-0.05618095,0.1305517,0.9898484,moving,17.474924367179653,-1.445450945129862,16.839131587459715,1.4378667209783258,0.4711239999999999,0.30159838,1.9216010000000001,0.3002014224614149,-0.024061709845105035,0.9535722667358845,16.449006436444343,-1.2908110066946732,2.8274033489938977,2.952584160093591,2.756425180365585
05/10/2023 16:34:57.227173,742,True,True,True,True,Eyes,1.373581,-0.3538748,-2.932449,0.2462237,0.1040317,0.9636137,0.0,0.0,0.0,0.0,0.0,0.0,0.0,-1.202282,-0.03655574,3.034236,1.370787,-0.354605,-2.940851,-0.06587593,-0.02805733,0.001343927,0.9974325,352.4531,356.7531,0.3686025,0.4215514,-0.1086689,-0.9002694,0,0,0,1.842001,-0.04904363,-1.019828,0.5796002,0.05079344,1.915,0.998422,0.006377559,0.05579352,0.001015653,0.9913171,-0.131489,-0.05614765,0.1313382,0.9897463,moving,17.478248621896682,-1.4012791992924443,16.839137069198276,1.5193564240005442,0.471214,0.30556137,1.921023,0.3002620048647464,-0.023326088960115947,0.9535715441867473,16.45455390775072,-1.248210165707014,2.863075401222463,2.989745143125178,2.7941598086964383
05/10/2023 16:34:57.242303,743,True,True,True,True,Eyes,1.373624,-0.3538652,-2.932446,0.2462815,0.1053912,0.9634512,0.0,0.0,0.0,0.0,0.0,0.0,0.0,-1.20313,-0.03698105,3.033863,1.370796,-0.3546427,-2.940809,-0.06580553,-0.02793836,0.0009887534,0.9974409,352.46,356.7696,0.3265142,0.4215632,-0.1086655,-0.9002643,0,0,0,1.842602,-0.04720271,-1.020162,0.5796001,0.05334336,1.915,0.998437,0.005649443,0.05560359,0.001704551,0.9913374,-0.1313295,-0.05586385,0.131219,0.9897781,moving,17.46562157655919,-1.2993764391580038,16.839134328329035,1.595592300427575,0.47180600000000017,0.30743999,1.9206469999999998,0.30006328613162325,-0.021631507421961294,0.9536740529466422,16.447790002968922,-1.14977785378536,2.8367299703744155,2.9619808026678207,2.773122367410915
05/10/2023 16:34:57.252197,744,True,True,True,True,Eyes,1.373663,-0.3538573,-2.932445,0.2463284,0.1066756,0.9632978,0.0,0.0,0.0,0.0,0.0,0.0,0.0,-1.203563,-0.03455576,3.03368,1.370747,-0.354656,-2.94079,-0.0654261,-0.02785682,0.001033266,0.9974681,352.5036,356.779,0.3297744,0.4215749,-0.108662,-0.9002593,0,0,0,1.842855,-0.04579043,-1.020364,0.5796002,0.05620217,1.915,0.9984459,0.005706425,0.05543737,0.001583827,0.9914367,-0.1305784,-0.05570779,0.1304633,0.9898869,moving,17.45849336933616,-1.1793095757541776,16.839137069198276,1.6810564405127086,0.47210799999999997,0.30886557000000003,1.9204259999999997,0.29995699381421953,-0.01963366532839253,0.9537506680545335,16.447289678149502,-1.0338586841614965,2.8032748290226275,2.926652690965395,2.7430473040136376
05/10/2023 16:34:57.277283,745,True,True,True,True,Eyes,1.373695,-0.3538504,-2.932444,0.2463514,0.1079691,0.9631478,0.0,0.0,0.0,0.0,0.0,0.0,0.0,-1.202905,-0.03236842,3.033982,1.370705,-0.3546851,-2.940823,-0.06511978,-0.02795118,0.001164814,0.9974853,352.5392,356.7673,0.3446386,0.4215865,-0.1086586,-0.9002542,0,0,0,1.842401,-0.04443216,-1.020446,0.5796,0.05863675,1.915,0.9984348,0.005964119,0.05561008,0.00131658,0.9915162,-0.1299772,-0.05591349,0.1298469,0.9899563,moving,17.470701283165198,-1.069817210046405,16.839131587459715,1.7538323382896135,0.4716959999999999,0.31025294,1.920377,0.3001704554386956,-0.01780975728399578,0.9537193159985916,16.464864929316505,-0.9282902813921337,2.772042760582013,2.8934196122152276,2.708109539587748
05/10/2023 16:34:57.292323,746,True,True,True,True,Eyes,1.373726,-0.3538438,-2.932443,0.2463747,0.1092064,0.9630023,0.0,0.0,0.0,0.0,0.0,0.0,0.0,-1.202508,-0.03085163,3.034211,1.37079,-0.3546996,-2.94084,-0.06485301,-0.02803234,0.001131821,0.9975005,352.5698,356.7584,0.3405599,0.4215977,-0.1086553,-0.9002494,0,0,0,1.842185,-0.04283699,-1.020566,0.5796,0.06131777,1.915,0.9984258,0.005893947,0.05577774,0.001377978,0.9915856,-0.1294452,-0.05607134,0.1293183,0.9900166,moving,17.48062014464711,-0.9628976538819122,16.839131587459715,1.8339684075069056,0.471395,0.31186261,1.920274,0.30034459758465004,-0.016029071573195323,0.9536960480009112,16.480097442441128,-0.8251873340086344,2.749676232259443,2.869489037154692,2.6832843261429247
05/10/2023 16:34:57.302104,747,True,True,True,True,Eyes,1.373739,-0.3538377,-2.932445,0.2463838,0.1104688,0.962856,0.0,0.0,0.0,0.0,0.0,0.0,0.0,-1.202626,-0.03040391,3.034152,1.370777,-0.3546983,-2.940828,-0.06478967,-0.02800964,0.001156234,0.9975052,352.5771,356.7609,0.3429938,0.4216086,-0.1086521,-0.9002447,0,0,0,1.842255,-0.04028615,-1.0209,0.5796002,0.06410871,1.915,0.9984282,0.005936169,0.05572968,0.00132277,0.9916019,-0.1293208,-0.05602933,0.1291913,0.9900355,moving,17.47827793261159,-0.8800578866654689,16.839137069198276,1.917382372234812,0.47147800000000006,0.31441215,1.9199280000000003,0.30031197111061564,-0.014650334279043248,0.9537285238080326,16.482234929702983,-0.7452287468351333,2.749944264154051,2.8695248814744203,2.6864245957352355
05/10/2023 16:34:57.322158,748,True,True,True,True,Eyes,1.373752,-0.3538317,-2.932448,0.2463896,0.1116858,0.9627141,0.0,0.0,0.0,0.0,0.0,0.0,0.0,-1.202257,-0.02998719,3.034328,1.370744,-0.354697,-2.94087,-0.06476187,-0.02805904,0.001259407,0.9975054,352.5807,356.7545,0.3551639,0.4216187,-0.108649,-0.9002404,0,0,0,1.841994,-0.03774276,-1.021217,0.5796001,0.06666708,1.915,0.9984223,0.006146841,0.05581497,0.001121782,0.9916086,-0.1292713,-0.05614121,0.1291299,0.9900371,moving,17.484530975450294,-0.8065536285240761,16.839134328329035,1.993838288880742,0.47124999999999995,0.31695424,1.9196529999999998,0.30042121608121497,-0.013426308118227308,0.9537121255532031,16.492161434878266,-0.6743440202856723,2.754364274780285,2.873800919197709,2.6906480676108897
05/10/2023 16:34:57.332242,749,True,True,True,True,Eyes,1.373744,-0.3538249,-2.932452,0.2463918,0.1129524,0.9625658,0.0,0.0,0.0,0.0,0.0,0.0,0.0,-1.20208,-0.02999941,3.03445,1.370754,-0.3546922,-2.94092,-0.06480209,-0.02808394,0.001354849,0.997502,352.5764,356.7508,0.3664857,0.4216281,-0.108646,-0.9002363,0,0,0,1.841873,-0.03480181,-1.021626,0.5796001,0.06937075,1.915,0.9984189,0.006342725,0.05585198,0.0009368671,0.9915977,-0.1293565,-0.05620317,0.1292043,0.990024,moving,17.487787200898694,-0.7377009931958339,16.839134328329035,2.0746287159251304,0.47111900000000007,0.31989039,1.9192940000000003,0.30047985857173876,-0.012279980678593795,0.9537091484146943,16.498952753019275,-0.6079254606105878,2.7664500124095652,2.8861650926267677,2.7040377982249906
05/10/2023 16:34:57.352298,750,True,True,True,True,Eyes,1.373737,-0.3538187,-2.932459,0.2463958,0.1141769,0.9624203,0.0,0.0,0.0,0.0,0.0,0.0,0.0,-1.202071,-0.03110781,3.034476,1.370792,-0.3546484,-2.940942,-0.06496137,-0.02809378,0.001314833,0.9974915,352.558,356.7499,0.3624773,0.4216364,-0.1086431,-0.9002328,0,0,0,1.841892,-0.03155351,-1.022082,0.5795999,0.07203075,1.915,0.998418,0.00627309,0.05587578,0.001026951,0.9915566,-0.1296707,-0.05621743,0.1295229,0.9899815,moving,17.488688524035148,-0.680741449135083,16.83912884659031,2.1541061543273554,0.4711000000000001,0.32309488999999997,1.9188600000000002,0.3004982264979705,-0.011331793661876456,0.9537151015514636,16.502843389055354,-0.5529659848737918,2.787804884513165,2.9083137226611186,2.7278796666621075
05/10/2023 16:34:57.372761,751,True,True,True,True,Eyes,1.373726,-0.3538122,-2.932465,0.2464149,0.1154605,0.9622623,0.0,0.0,0.0,0.0,0.0,0.0,0.0,-1.202239,-0.03176591,3.034453,1.370794,-0.3546613,-2.940992,-0.065075,-0.02806567,0.001320182,0.9974848,352.5449,356.753,0.3632612,0.4216436,-0.1086402,-0.9002298,0,0,0,1.842005,-0.02853718,-1.022572,0.5796001,0.07464454,1.915,0.9984212,0.006286469,0.05581833,0.001019024,0.991527,-0.1298968,-0.05616198,0.1297486,0.9899551,moving,17.48639673294581,-0.6164309393158811,16.839134328329035,2.2321948201372224,0.4712109999999998,0.32612412,1.91842,0.30046356229426774,-0.010261426088461686,0.9537381794138364,16.504046425643704,-0.4908886218971139,2.800321658192658,2.921235584106503,2.7436230307401237
05/10/2023 16:34:57.392321,752,True,True,True,True,Eyes,1.373716,-0.3538052,-2.93247,0.2464318,0.1167015,0.9621083,0.0,0.0,0.0,0.0,0.0,0.0,0.0,-1.2022,-0.03232929,3.034472,1.370812,-0.3546571,-2.940993,-0.06518753,-0.0280726,0.001366377,0.9974772,352.5322,356.7517,0.3690134,0.4216497,-0.1086375,-0.9002272,0,0,0,1.841981,-0.02537853,-1.022994,0.5796003,0.07734349,1.915,0.9984201,0.006385827,0.05582541,0.0009341066,0.9914975,-0.1301229,-0.0561817,0.1299694,0.989925,moving,17.488274688557375,-0.5558468927208042,16.83913981006744,2.3128189869133764,0.47116900000000017,0.32927857,1.9179990000000002,0.3004977931582366,-0.009252842123932646,0.9537377597128254,16.509070655908204,-0.432438869904741,2.819614980265268,2.941193638550425,2.7650291765095347
05/10/2023 16:34:57.402409,753,True,True,True,True,Eyes,1.373688,-0.3538003,-2.932477,0.2464755,0.1180693,0.9619301,0.0,0.0,0.0,0.0,0.0,0.0,0.0,-1.202093,-0.03364113,3.034464,1.370822,-0.3546368,-2.940954,-0.06534275,-0.0280997,0.00122669,0.9974664,352.5139,356.7495,0.3536315,0.4216549,-0.1086348,-0.9002252,0,0,0,1.841946,-0.0222196,-1.023375,0.5796,0.08005759,1.915,0.9984178,0.006119388,0.05589671,0.00122506,0.9914576,-0.1304234,-0.05621734,0.1302855,0.9898815,moving,17.492839255415372,-0.48633124666932354,16.839131587459715,2.393886479833411,0.4711240000000001,0.33241719999999997,1.9175790000000001,0.30057676044655185,-0.008095475485906792,0.953723294957643,16.517158158497377,-0.36539040104111553,2.8316496814954255,2.9534704784718273,2.777998523089316
05/10/2023 16:34:57.422085,754,True,True,True,True,Eyes,1.373661,-0.3537988,-2.932483,0.2465135,0.1193735,0.9617594,0.0,0.0,0.0,0.0,0.0,0.0,0.0,-1.201798,-0.03447792,3.034639,1.370817,-0.3546744,-2.941022,-0.06542622,-0.02815425,0.001088851,0.9974597,352.5039,356.7442,0.338431,0.4216588,-0.1086323,-0.9002236,0,0,0,1.841792,-0.01938021,-1.023791,0.5796,0.08278045,1.915,0.9984123,0.005856221,0.05602298,0.001511884,0.9914365,-0.1305813,-0.05630794,0.1304587,0.9898534,moving,17.500184674580805,-0.41235844984866343,16.839131587459715,2.475205989286731,0.47097500000000014,0.33529419,1.917231,0.3007018021094457,-0.006863863081501435,0.9536935541695721,16.528162378580667,-0.294061797789428,2.8404263744021665,2.9622659526368706,2.786672913244134
05/10/2023 16:34:57.442110,755,True,True,True,True,Eyes,1.373609,-0.3538,-2.93249,0.2465602,0.1207486,0.9615757,0.0,0.0,0.0,0.0,0.0,0.0,0.0,-1.201491,-0.03388178,3.03473,1.370802,-0.3547502,-2.940982,-0.06532218,-0.02820495,0.001049572,0.9974651,352.5157,356.7388,0.3339385,0.4216615,-0.1086299,-0.9002226,0,0,0,1.8416,-0.01724514,-1.023978,0.5795999,0.0854488,1.915,0.9984068,0.005778641,0.05612979,0.001590996,0.9914638,-0.1303724,-0.05640403,0.130254,0.989875,moving,17.508201295670997,-0.3155813945693136,16.83912884659031,2.5548878543115054,0.4707979999999998,0.33750506,1.917004,0.3008381582469689,-0.005252753871731811,0.9536607334769659,16.541023370928258,-0.20073202954179323,2.8267175235089033,2.947414400943519,2.771697642043115
05/10/2023 16:34:57.460623,756,True,True,True,True,Eyes,1.373559,-0.3538028,-2.932499,0.2465966,0.1220521,0.9614018,0.0,0.0,0.0,0.0,0.0,0.0,0.0,-1.201228,-0.03328693,3.034863,1.37079,-0.3547898,-2.941005,-0.0651965,-0.02825033,0.0009758707,0.997472,352.5299,356.7342,0.3253643,0.4216626,-0.108628,-0.9002224,0,0,0,1.841448,-0.01524165,-1.024209,0.5796,0.08806789,1.915,0.9984019,0.005630452,0.05623058,0.001736838,0.9914969,-0.1301185,-0.05648507,0.1300082,0.9899027,moving,17.51478639829345,-0.21951193906357852,16.839131587459715,2.633089110589211,0.470658,0.33954815,1.9167960000000002,0.30094991073730976,-0.0036535822731998055,0.953632959714055,16.552467092358743,-0.10807426711259302,2.811999805690286,2.9315255707366714,2.7561119708758315
05/10/2023 16:34:57.477517,757,True,True,True,True,Eyes,1.373492,-0.3538026,-2.932508,0.2466376,0.1234165,0.961217,0.0,0.0,0.0,0.0,0.0,0.0,0.0,-1.200608,-0.03158987,3.035177,1.370775,-0.354826,-2.94106,-0.06495448,-0.0283446,0.001065302,0.9974852,352.558,356.7228,0.3355716,0.4216622,-0.1086263,-0.9002227,0,0,0,1.841032,-0.01330695,-1.024384,0.5796,0.09088588,1.915,0.9983909,0.005807462,0.05640825,0.001556973,0.9915596,-0.1296426,-0.05668503,0.1295219,0.989955,moving,17.52840371538966,-0.11151078420632822,16.839131587459715,2.7172181880171857,0.4702569999999999,0.34151905,1.9166759999999998,0.301178016753378,-0.0018558615226950334,0.953566052928438,16.571321644048993,-0.003955556401700727,2.7935183496721385,2.911495090952031,2.7343205212820894
05/10/2023 16:34:57.492136,758,True,True,True,True,Eyes,1.373429,-0.3538001,-2.932515,0.2466837,0.1247298,0.9610357,0.0,0.0,0.0,0.0,0.0,0.0,0.0,-1.200227,-0.03187251,3.035333,1.370829,-0.3547381,-2.941054,-0.06503883,-0.0284096,0.0011909,0.9974777,352.5488,356.7143,0.3508214,0.4216601,-0.1086248,-0.9002239,0,0,0,1.840784,-0.01016963,-1.024725,0.5796,0.09350014,1.915,0.998383,0.006071246,0.05652096,0.001319662,0.9915371,-0.1298172,-0.05683078,0.1296819,0.9899257,moving,17.53935497576634,-0.04561937611751614,16.839131587459715,2.795254576651032,0.4699549999999999,0.34456847,1.9163289999999997,0.3013607230748728,-0.0007591926706299393,0.953509898083129,16.58537250752144,0.05954717407517854,2.8077278628765807,2.925897744120667,2.7474513031461436
05/10/2023 16:34:57.502239,759,True,True,True,True,Eyes,1.373357,-0.3537968,-2.932522,0.246763,0.1260944,0.9608372,0.0,0.0,0.0,0.0,0.0,0.0,0.0,-1.200761,-0.03300318,3.035103,1.370856,-0.3546808,-2.941041,-0.06514028,-0.02833636,0.00100457,0.9974734,352.5365,356.7241,0.3291321,0.4216565,-0.1086235,-0.9002258,0,0,0,1.841181,-0.007266313,-1.025184,0.5795998,0.09618184,1.915,0.9983921,0.00569574,0.05639865,0.001687613,0.9915115,-0.1300083,-0.0566604,0.1298944,0.9899076,moving,17.534161822171434,0.03146784924159574,16.83912610572083,2.8752932831121694,0.4703249999999999,0.347414487,1.9158569999999997,0.3012743304034191,0.0005236995051906557,0.9535373114687228,16.584456998253366,0.13397609717813685,2.809455491574915,2.9275275823587315,2.7531211866163026
05/10/2023 16:34:57.522320,760,True,True,True,True,Eyes,1.373287,-0.3537937,-2.932528,0.2468393,0.1274061,0.9606446,0.0,0.0,0.0,0.0,0.0,0.0,0.0,-1.201175,-0.03330696,3.034865,1.370787,-0.3546639,-2.941002,-0.06517635,-0.02825894,0.0009699563,0.9974731,352.5322,356.7332,0.32468,0.4216513,-0.1086224,-0.9002283,0,0,0,1.841433,-0.004508585,-1.025586,0.5796,0.09884912,1.915,0.998401,0.00561864,0.05624863,0.001748619,0.9915022,-0.1300781,-0.05650151,0.1299685,0.9899069,moving,17.52944417875256,0.10792709458994545,16.839131587459715,2.9548904677553787,0.4706460000000001,0.35015531499999997,1.915416,0.30119538727490497,0.0017962084544340604,0.9535607553640031,16.583966479782347,0.20779541773607146,2.8114765628241085,2.929459322442103,2.7589201594132047
05/10/2023 16:34:57.542496,761,True,True,True,True,Eyes,1.373252,-0.3537894,-2.932533,0.2469316,0.1287336,0.9604439,0.0,0.0,0.0,0.0,0.0,0.0,0.0,-1.201236,-0.03284055,3.034845,1.370766,-0.3546649,-2.94101,-0.06515987,-0.02823765,0.001111617,0.9974747,352.5346,356.7346,0.340795,0.4216449,-0.1086213,-0.9002314,0,0,0,1.841434,-0.001909018,-1.025945,0.5796002,0.101387,1.915,0.9984028,0.005897542,0.05618781,0.001462305,0.9915059,-0.1300534,-0.05647755,0.1299279,0.9899136,moving,17.533482615971533,0.1858037050812222,16.839137069198276,3.030615494765668,0.4706680000000001,0.352755882,1.9150649999999998,0.3012616487340054,0.003092221471085954,0.9535365210956381,16.591990467599054,0.28291624775680474,2.810755731265139,2.9283220207230407,2.7587918723048173
05/10/2023 16:34:57.552316,762,True,True,True,True,Eyes,1.37322,-0.3537858,-2.932536,0.2470174,0.1300026,0.9602509,0.0,0.0,0.0,0.0,0.0,0.0,0.0,-1.200954,-0.03286129,3.034943,1.370763,-0.3547042,-2.940994,-0.06521659,-0.02827769,0.001223061,0.9974698,352.5284,356.7292,0.3541335,0.4216382,-0.1086202,-0.9002346,0,0,0,1.841229,0.001111269,-1.026297,0.5796001,0.1041346,1.915,0.9983978,0.00612828,0.05625274,0.001248417,0.9914905,-0.1301723,-0.0565718,0.130034,0.9898943,moving,17.54397572424395,0.25278371103016417,16.839134328329035,3.1125861739516894,0.47046600000000005,0.35581546900000005,1.9146969999999999,0.30143505113495783,0.004206682201231604,0.9534774651938308,16.605657507906393,0.34747294837336673,2.8275154536007023,2.9453813879236943,2.774952715983251
05/10/2023 16:34:57.572189,763,True,True,True,True,Eyes,1.373188,-0.3537802,-2.932539,0.2471221,0.1312839,0.9600495,0.0,0.0,0.0,0.0,0.0,0.0,0.0,-1.20082,-0.03208017,3.034984,1.370787,-0.3547167,-2.940959,-0.06512419,-0.02829956,0.001305948,0.997475,352.5393,356.7261,0.3635435,0.4216312,-0.1086192,-0.900238,0,0,0,1.841133,0.003508687,-1.026535,0.5796,0.1068311,1.915,0.9983949,0.006291274,0.05628612,0.001080672,0.9915143,-0.1299934,-0.05662631,0.1298456,0.9899159,moving,17.55334591576943,0.3387399932958185,16.839131587459715,3.1930199618249655,0.47034599999999993,0.358225387,1.914424,0.3015888225641586,0.005636814838910605,0.9534213368604179,16.619249019092692,0.4303503645332777,2.8250799119629844,2.942280789712234,2.771406077728685
05/10/2023 16:34:57.592137,764,True,True,True,True,Eyes,1.373158,-0.3537755,-2.93254,0.2472247,0.1325094,0.9598548,0.0,0.0,0.0,0.0,0.0,0.0,0.0,-1.201069,-0.03215009,3.034891,1.370842,-0.3546707,-2.940946,-0.0651124,-0.02826977,0.001266153,0.9974767,352.5405,356.7298,0.3586924,0.4216242,-0.1086181,-0.9002415,0,0,0,1.841324,0.006054938,-1.026877,0.5796,0.1094421,1.915,0.9983985,0.006207342,0.05623198,0.001155508,0.9915175,-0.1299678,-0.05656175,0.1298246,0.9899224,moving,17.555713665978296,0.4159111009680955,16.839131587459715,3.2708913732805036,0.47048200000000007,0.360725638,1.9140689999999998,0.3016258196857463,0.006920878702188375,0.9534012779508856,16.625625331162563,0.5048030220701122,2.8266191956041045,2.9435356682987623,2.7743160757526972
05/10/2023 16:34:57.602623,765,True,True,True,True,Eyes,1.373137,-0.3537681,-2.932545,0.2473291,0.1337771,0.9596521,0.0,0.0,0.0,0.0,0.0,0.0,0.0,-1.201245,-0.03228116,3.034807,1.370849,-0.3546878,-2.940928,-0.06508914,-0.02824847,0.001151654,0.9974789,352.5428,356.7332,0.3452553,0.4216171,-0.108617,-0.900245,0,0,0,1.841471,0.008483648,-1.0272,0.5795999,0.1121204,1.915,0.9984015,0.005974839,0.0562046,0.001379837,0.9915242,-0.1299151,-0.05650444,0.129785,0.9899309,moving,17.55855125974306,0.4994692986718959,16.83912884659031,3.35075739500544,0.4706220000000001,0.363171448,1.913728,0.30166986036522825,0.008311157618180742,0.9533762999109529,16.63279334853974,0.5854157039037788,2.824240724810688,2.9406482987327625,2.7730288506073597
05/10/2023 16:34:57.622078,766,True,True,True,True,Eyes,1.373116,-0.3537621,-2.932549,0.2474301,0.1350036,0.9594542,0.0,0.0,0.0,0.0,0.0,0.0,0.0,-1.20126,-0.03351334,3.034847,1.370835,-0.354648,-2.941,-0.06520896,-0.02825286,0.0009716105,0.9974713,352.5285,356.7339,0.3249339,0.4216101,-0.1086158,-0.9002483,0,0,0,1.841532,0.01151702,-1.027698,0.5796,0.1148694,1.915,0.9984017,0.005622986,0.05623611,0.001746372,0.9914937,-0.130143,-0.05648954,0.1300332,0.9898992,moving,17.563529858660164,0.5661891251432464,16.839131587459715,3.4327181099913084,0.4706969999999999,0.36616502,1.9133019999999998,0.30174970691156383,0.009421089459390679,0.9533406241993432,16.641131575790155,0.6497630574506634,2.8398816117292225,2.956643582898057,2.7899897542970744
05/10/2023 16:34:57.642447,767,True,True,True,True,Eyes,1.373093,-0.3537547,-2.932551,0.2475574,0.1362438,0.959246,0.0,0.0,0.0,0.0,0.0,0.0,0.0,-1.201322,-0.03462571,3.034805,1.37084,-0.3546808,-2.940989,-0.06536204,-0.02824806,0.0008832811,0.9974613,352.5106,356.735,0.3152266,0.4216032,-0.1086146,-0.9002517,0,0,0,1.841604,0.01457956,-1.028139,0.5796001,0.1174974,1.915,0.9984025,0.005454778,0.05623722,0.001930624,0.9914541,-0.1304421,-0.05646816,0.1303423,0.9898597,moving,17.56976722471763,0.6269258593483014,16.839134328329035,3.5110580980423993,0.47076399999999996,0.36926036,1.9128500000000002,0.3018504518884048,0.010431329116028135,0.9532981799609391,16.650365605657296,0.7083271667276573,2.8580158458988607,2.975238343319711,2.809080686631753
05/10/2023 16:34:57.661398,768,True,True,True,True,Eyes,1.37307,-0.353749,-2.932552,0.2476774,0.1374328,0.9590454,0.0,0.0,0.0,0.0,0.0,0.0,0.0,-1.201281,-0.03524211,3.034716,1.370785,-0.3546483,-2.940916,-0.06540269,-0.02825392,0.0007475815,0.9974587,352.5055,356.7353,0.2997626,0.4215965,-0.1086133,-0.9002551,0,0,0,1.8416,0.01744804,-1.028451,0.5796,0.1203448,1.915,0.9984024,0.005187127,0.05626645,0.002204401,0.9914438,-0.1305152,-0.05646203,0.1304307,0.9898484,moving,17.576389857145017,0.6991688091273954,16.839131587459715,3.595923499710437,0.470815,0.37209634,1.912465,0.30195663836073805,0.011632902369418309,0.9532506555886057,16.660581412482223,0.7779919266266687,2.8716920966779957,2.9891031252926386,2.823582567513628
05/10/2023 16:34:57.677310,769,True,True,True,True,Eyes,1.373033,-0.3537427,-2.932553,0.2478168,0.1386361,0.9588362,0.0,0.0,0.0,0.0,0.0,0.0,0.0,-1.201112,-0.03511521,3.034782,1.370759,-0.3546858,-2.940922,-0.06538465,-0.02827762,0.0007421337,0.9974591,352.5076,356.7326,0.2992534,0.4215899,-0.108612,-0.9002584,0,0,0,1.84149,0.0199109,-1.028759,0.5796,0.1229402,1.915,0.9983997,0.00517834,0.05631449,0.002217348,0.9914486,-0.130479,-0.05650859,0.130395,0.9898505,moving,17.58735979297655,0.7748984810398917,16.839131587459715,3.673264409911643,0.470731,0.3745967,1.912163,0.30213448452568686,0.01289207208758164,0.9531781264556882,16.675172233070555,0.8509884984009517,2.87634851281983,2.9933877973252234,2.827034486981935
05/10/2023 16:34:57.692480,770,True,True,True,True,Eyes,1.372997,-0.3537376,-2.932555,0.2479511,0.1397916,0.9586337,0.0,0.0,0.0,0.0,0.0,0.0,0.0,-1.201185,-0.03485703,3.034739,1.370767,-0.3546491,-2.940906,-0.06535467,-0.02826474,0.0007849977,0.9974615,352.5112,356.7338,0.3039974,0.4215829,-0.1086107,-0.9002618,0,0,0,1.841532,0.02251992,-1.029084,0.5796002,0.1256052,1.915,0.998401,0.005260475,0.05628336,0.002128455,0.9914563,-0.1304219,-0.05648858,0.1303331,0.9898598,moving,17.594305804914708,0.8474310304078461,16.839137069198276,3.7526653975243325,0.4707649999999999,0.37716901999999997,1.911822,0.30224511888297084,0.014098201354560087,0.953125982767989,16.68571508478224,0.9209302766354512,2.884818869763081,3.0017772314544406,2.8358882383087174
05/10/2023 16:34:57.702105,771,True,True,True,True,Eyes,1.372959,-0.353732,-2.932559,0.2481034,0.1409779,0.9584206,0.0,0.0,0.0,0.0,0.0,0.0,0.0,-1.201256,-0.03452298,3.03473,1.37075,-0.3546736,-2.940926,-0.06533754,-0.0282458,0.0008652658,0.997463,352.5134,356.7354,0.3130507,0.4215758,-0.1086094,-0.9002653,0,0,0,1.841553,0.02514172,-1.029461,0.5796002,0.1282564,1.915,0.9984029,0.005417163,0.05623521,0.00196488,0.9914605,-0.1303924,-0.05646134,0.1302947,0.9898663,moving,17.602000109920283,0.9191555413488894,16.839137069198276,3.831640908728061,0.4708030000000001,0.37981531999999996,1.9114650000000002,0.30236782803636897,0.01529071718894752,0.9530687291170279,16.69693628886296,0.9900866307745294,2.8938549024693274,3.010735962202168,2.8451101519069506
05/10/2023 16:34:57.723093,772,True,True,True,True,Eyes,1.372921,-0.353727,-2.93256,0.2482571,0.1421229,0.9582116,0.0,0.0,0.0,0.0,0.0,0.0,0.0,-1.201599,-0.03401515,3.034633,1.370748,-0.3546634,-2.940962,-0.06529488,-0.02818315,0.0009646956,0.9974676,352.5186,356.7419,0.3238981,0.4215683,-0.1086081,-0.9002689,0,0,0,1.841747,0.02781394,-1.02989,0.5796002,0.1310041,1.915,0.9984096,0.005604936,0.05609757,0.001755925,0.9914714,-0.1303134,-0.05634953,0.1302046,0.9898846,moving,17.605011389963398,0.9906004128623067,16.839137069198276,3.9134756306893315,0.47099899999999995,0.38247734,1.9110719999999999,0.3024121882004283,0.01647888784633616,0.9530347797759309,16.703629051032785,1.0590085671302187,2.9045441436507162,3.021549770266049,2.857681689749739
05/10/2023 16:34:57.742289,773,True,True,True,True,Eyes,1.372895,-0.3537214,-2.932563,0.2484123,0.1435145,0.9579639,0.0,0.0,0.0,0.0,0.0,0.0,0.0,-1.202247,-0.03378072,3.034334,1.370725,-0.3546733,-2.940926,-0.06533129,-0.02806392,0.001127454,0.9974683,352.5149,356.7544,0.3418831,0.4215606,-0.1086068,-0.9002727,0,0,0,1.842105,0.03063592,-1.030341,0.5796002,0.1335565,1.915,0.9984223,0.005916105,0.05583844,0.001417705,0.9914611,-0.1303951,-0.05613307,0.1302685,0.9898885,moving,17.602299856341713,1.0656464160398391,16.839137069198276,3.9894794172211574,0.47138000000000013,0.38530922,1.9105850000000002,0.30236061740479014,0.017727461837296447,0.9530287038406303,16.704997088945806,1.1314489206554657,2.9050035640397933,3.021790339927225,2.8611766554342064
05/10/2023 16:34:57.757432,774,True,True,True,True,Eyes,1.37287,-0.353716,-2.932565,0.2485584,0.1448523,0.9577247,0.0,0.0,0.0,0.0,0.0,0.0,0.0,-1.20233,-0.03354707,3.034325,1.370768,-0.3546947,-2.940924,-0.06535053,-0.0280504,0.001254226,0.9974673,352.5131,356.755,0.3564596,0.4215531,-0.1086055,-0.9002764,0,0,0,1.842138,0.03345177,-1.030724,0.5796001,0.1362113,1.915,0.9984232,0.006168316,0.05579477,0.001164117,0.9914555,-0.1304404,-0.05612263,0.1302997,0.9898849,moving,17.6108557645949,1.1408794379223073,16.839134328329035,4.068517486093479,0.47137000000000007,0.38814646999999997,1.9102,0.3024960067763437,0.018977980092877766,0.9529617359432121,16.71723486567424,1.2039844888918823,2.911123278572738,3.0276424023143416,2.8671255241185887
05/10/2023 16:34:57.772156,775,True,True,True,True,Eyes,1.372831,-0.3537115,-2.93257,0.2486777,0.1464013,0.9574581,0.0,0.0,0.0,0.0,0.0,0.0,0.0,-1.202147,-0.03357401,3.03442,1.370762,-0.3546939,-2.940951,-0.06536774,-0.0280776,0.001287566,0.9974653,352.5112,356.7516,0.3605659,0.4215456,-0.1086043,-0.9002801,0,0,0,1.842013,0.03622991,-1.031093,0.5796002,0.1389096,1.915,0.99842,0.006239344,0.05584455,0.001102134,0.9914508,-0.1304764,-0.0561812,0.1303318,0.9898774,moving,17.62168618581392,1.232344668706819,16.839137069198276,4.1488347342555425,0.47125099999999986,0.39092381,1.909858,0.3026670341504958,0.020498065232152224,0.95287588285929,16.732526050109342,1.2921670234714746,2.90416344865823,3.0196518710540663,2.8586563835528516
05/10/2023 16:34:57.792320,776,True,True,True,True,Eyes,1.372792,-0.353707,-2.932574,0.2487911,0.1478906,0.9571998,0.0,0.0,0.0,0.0,0.0,0.0,0.0,-1.202306,-0.03342494,3.034376,1.370752,-0.3547108,-2.940971,-0.06535004,-0.02804914,0.001296696,0.9974673,352.5133,356.7549,0.3613446,0.4215378,-0.108603,-0.9002838,0,0,0,1.84211,0.03885561,-1.031482,0.5796002,0.1416351,1.915,0.9984232,0.006252849,0.05578671,0.001079201,0.9914554,-0.1304418,-0.05612567,0.1302963,0.9898852,moving,17.6256195297559,1.324880181727146,16.839137069198276,4.229945034761277,0.47135799999999994,0.39356641,1.9094889999999998,0.3027225605347566,0.022036573455563715,0.9528239810695507,16.74122645712792,1.3814345761145175,2.8950995126535295,3.009643909351901,2.8501926813771674
05/10/2023 16:34:57.802549,777,True,True,True,True,Eyes,1.372733,-0.3537007,-2.93258,0.2488877,0.1495147,0.9569224,0.0,0.0,0.0,0.0,0.0,0.0,0.0,-1.202213,-0.03393084,3.0344,1.370732,-0.3547079,-2.940974,-0.06540365,-0.02806484,0.001227483,0.9974635,352.5069,356.7535,0.3536624,0.4215298,-0.1086018,-0.9002877,0,0,0,1.84207,0.04158965,-1.031849,0.5796001,0.1442565,1.915,0.9984217,0.006119825,0.05582674,0.001222347,0.9914417,-0.1305444,-0.05614787,0.1304066,0.9898695,moving,17.6328417073443,1.4200588955115647,16.839134328329035,4.3079413244736005,0.47133800000000003,0.39629755,1.9091250000000002,0.3028317380424224,0.023618498233525242,0.9527514457215683,16.753236948667432,1.4732279468560747,2.881690006481471,2.994968501839536,2.8360145086153015
05/10/2023 16:34:57.827438,778,True,True,True,True,Eyes,1.372676,-0.3536951,-2.932585,0.2489783,0.1510766,0.9566534,0.0,0.0,0.0,0.0,0.0,0.0,0.0,-1.201857,-0.03444603,3.034537,1.37068,-0.3546468,-2.941008,-0.0654416,-0.02811914,0.001144763,0.9974596,352.5023,356.7479,0.3446627,0.421521,-0.1086005,-0.900292,0,0,0,1.841858,0.04437071,-1.032205,0.5796002,0.1469384,1.915,0.9984161,0.005964032,0.05594557,0.001396614,0.9914322,-0.1306151,-0.05624523,0.1304863,0.9898534,moving,17.643983900111564,1.5138482972243779,16.839137069198276,4.387721158384116,0.4711780000000001,0.39901750999999996,1.908803,0.3030054634772104,0.025176596088098954,0.9526562280184747,16.768951931713246,1.5636509609490161,2.8723647991473644,2.9844469577028203,2.8249422000396596
05/10/2023 16:34:57.842262,779,True,True,True,True,Eyes,1.372613,-0.3536891,-2.93259,0.2490482,0.1527293,0.9563727,0.0,0.0,0.0,0.0,0.0,0.0,0.0,-1.201685,-0.03495494,3.034584,1.370661,-0.3546608,-2.940998,-0.06549996,-0.0281481,0.001079249,0.9974549,352.4954,356.745,0.3375235,0.4215117,-0.1085993,-0.9002965,0,0,0,1.841768,0.0471234,-1.032553,0.5796,0.1495728,1.915,0.9984131,0.005840404,0.05601155,0.001534393,0.9914172,-0.1307272,-0.05629431,0.1306057,0.9898348,moving,17.651203176187806,1.6101375231029114,16.839131587459715,4.466071393852771,0.47110700000000016,0.4017842,1.908445,0.30311287766598327,0.026776598645475824,0.9525783870448908,16.781018543596616,1.6565160043662095,2.8583811343664918,2.9691444120008117,2.810156332387937
05/10/2023 16:34:57.852250,780,True,True,True,True,Eyes,1.372554,-0.3536834,-2.932593,0.2491138,0.1543154,0.9561009,0.0,0.0,0.0,0.0,0.0,0.0,0.0,-1.201475,-0.03522506,3.034647,1.370657,-0.3546584,-2.940983,-0.06553993,-0.02818269,0.00107017,0.9974514,352.4908,356.741,0.3368719,0.4215016,-0.1085981,-0.9003014,0,0,0,1.841639,0.05002189,-1.0329,0.5796001,0.1523483,1.915,0.9984092,0.005829068,0.05608144,0.001559297,0.9914067,-0.1308061,-0.056362,0.1306854,0.9898205,moving,17.6594152100997,1.7026791365492697,16.839134328329035,4.5486000065109415,0.470982,0.40468029,1.9080830000000002,0.3032365343092094,0.028313954676426452,0.9524945056214925,16.793843172979816,1.7457570675994412,2.851995202553619,2.9617775613779402,2.803208845048639
05/10/2023 16:34:57.874521,781,True,True,True,True,Eyes,1.372456,-0.3536806,-2.932597,0.2491624,0.1559974,0.9558153,0.0,0.0,0.0,0.0,0.0,0.0,0.0,-1.201417,-0.03519058,3.034636,1.370654,-0.3546607,-2.940949,-0.0655359,-0.02819181,0.001072195,0.9974514,352.4913,356.7399,0.337161,0.421491,-0.108597,-0.9003065,0,0,0,1.841604,0.05255789,-1.033191,0.5796,0.1549212,1.915,0.9984082,0.005834075,0.05609937,0.001556226,0.9914078,-0.1307982,-0.05638044,0.1306773,0.9898205,moving,17.66393391815626,1.8056966231515605,16.839131587459715,4.6250874900734065,0.47095,0.40721859,1.9077579999999998,0.30329651219379433,0.030025888202356445,0.9524230414177042,16.803663875783325,1.8451353571848201,2.829463717383096,2.9375608496173777,2.7801783791194694
05/10/2023 16:34:57.892189,782,True,True,True,True,Eyes,1.372361,-0.3536776,-2.932602,0.2492083,0.157611,0.9555386,0.0,0.0,0.0,0.0,0.0,0.0,0.0,-1.201437,-0.03519151,3.034648,1.370669,-0.3546816,-2.94096,-0.06555231,-0.02818928,0.001102549,0.9974504,352.4895,356.74,0.340696,0.4214789,-0.1085959,-0.9003123,0,0,0,1.841616,0.05526072,-1.033567,0.5796002,0.1575738,1.915,0.9984083,0.005895219,0.05609026,0.00149627,0.9914033,-0.1308325,-0.05637936,0.1307082,0.9898165,moving,17.667274292334,1.9012306217808652,16.839137069198276,4.7039270094387495,0.470947,0.40994231999999997,1.9073930000000001,0.30333718843253293,0.031613470717913005,0.952358734292317,16.811951846113523,1.9373009530588121,2.8155915110630776,2.922484953209084,2.7667596159035166
05/10/2023 16:34:57.902710,783,True,True,True,True,Eyes,1.37222,-0.3536784,-2.93261,0.2492382,0.1593052,0.9552498,0.0,0.0,0.0,0.0,0.0,0.0,0.0,-1.201461,-0.03482431,3.034648,1.370657,-0.35467,-2.940973,-0.06552047,-0.02817927,0.001175469,0.9974527,352.4934,356.7406,0.3489206,0.4214656,-0.1085951,-0.9003186,0,0,0,1.841604,0.05793607,-1.033927,0.5796002,0.1603062,1.915,0.9984091,0.006037585,0.05606093,0.001347689,0.9914114,-0.1307734,-0.056369,0.1306409,0.989826,moving,17.66941934941199,2.0058194663050797,16.839137069198276,4.7851196470778685,0.470947,0.41260607,1.907046,0.30335569463107215,0.03335166503684053,0.9522935453212369,16.819568136624014,2.038213573451227,2.7952893834799006,2.9006685711539912,2.746975777186437
05/10/2023 16:34:57.922260,784,True,True,True,True,Eyes,1.372085,-0.3536788,-2.932616,0.2492714,0.1609317,0.9549685,0.0,0.0,0.0,0.0,0.0,0.0,0.0,-1.201265,-0.03477544,3.034793,1.370697,-0.3546982,-2.94102,-0.06550428,-0.02821913,0.001150841,0.9974526,352.4952,356.7362,0.346329,0.42145,-0.1085945,-0.900326,0,0,0,1.841508,0.0604893,-1.034273,0.5796,0.1629953,1.915,0.9984047,0.005992766,0.05614372,0.001401128,0.9914157,-0.1307398,-0.05644525,0.1306098,0.9898257,moving,17.676371857956937,2.107900922261853,16.839131587459715,4.865006833836666,0.47081099999999987,0.41518750000000004,1.906747,0.3034536420056565,0.03504712639653571,0.9522014834056646,16.831684931712903,2.136670171653785,2.777595277951612,2.8814240018058848,2.7283468245245204
05/10/2023 16:34:57.942820,785,True,True,True,True,Eyes,1.371906,-0.3536817,-2.932621,0.2493019,0.1625871,0.9546801,0.0,0.0,0.0,0.0,0.0,0.0,0.0,-1.201684,-0.03479612,3.034601,1.370696,-0.3546895,-2.940995,-0.06551044,-0.02814975,0.001154541,0.9974542,352.4944,356.7442,0.3462511,0.4214325,-0.1085941,-0.9003342,0,0,0,1.841776,0.06317417,-1.034668,0.5796,0.1656718,1.915,0.9984125,0.005991408,0.0560049,0.001385001,0.9914141,-0.1307523,-0.05630744,0.1306223,0.9898319,moving,17.67104628770811,2.2078724373122087,16.839131587459715,4.944500879306306,0.47108000000000017,0.41786367,1.906327,0.30334701740252157,0.036709812191533894,0.9521728165033315,16.831855894805365,2.2331835712538366,2.7576694804137483,2.860282730434251,2.7113270700246566
05/10/2023 16:34:57.952277,786,True,True,True,True,Eyes,1.371734,-0.3536828,-2.932628,0.2493306,0.1641812,0.9543997,0.0,0.0,0.0,0.0,0.0,0.0,0.0,-1.201636,-0.03437072,3.034598,1.370691,-0.3546902,-2.940969,-0.06547081,-0.02815334,0.001226075,0.9974566,352.4992,356.7433,0.3543929,0.4214122,-0.1085941,-0.9003437,0,0,0,1.841719,0.06570253,-1.034955,0.5796,0.1682985,1.915,0.9984118,0.006132357,0.05600293,0.001240531,0.9914241,-0.1306776,-0.05632402,0.1305395,0.9898419,moving,17.67480409182309,2.3074393320989803,16.839131587459715,5.022497279795111,0.471028,0.42039273,1.9060139999999999,0.30339058782137557,0.03836385294210867,0.9520936760102583,16.84076015407253,2.3292377770598476,2.739590887247917,2.8407548633940385,2.6932599951180003
05/10/2023 16:34:57.977326,787,True,True,True,True,Eyes,1.371539,-0.3536864,-2.932633,0.2493507,0.165822,0.9541107,0.0,0.0,0.0,0.0,0.0,0.0,0.0,-1.201552,-0.03533477,3.034638,1.370672,-0.3546495,-2.941,-0.06557506,-0.02817,0.001113164,0.9974493,352.4869,356.7421,0.3418498,0.4213894,-0.1085944,-0.9003543,0,0,0,1.841707,0.06867112,-1.035399,0.5795999,0.1709712,1.915,0.9984104,0.005915148,0.05605031,0.00147385,0.9913974,-0.1308783,-0.05634229,0.1307529,0.9898127,moving,17.677269590895698,2.3993382139363217,16.83912884659031,5.1018404371451025,0.4710350000000001,0.42332062000000004,1.9056009999999999,0.3034133935855273,0.039890596762531774,0.952023627864258,16.8480120431153,2.417902083870681,2.729320728584151,2.8294872633947645,2.68395305386624
05/10/2023 16:34:57.994416,788,True,True,True,True,Eyes,1.371353,-0.3536885,-2.93264,0.2493592,0.1674013,0.9538327,0.0,0.0,0.0,0.0,0.0,0.0,0.0,-1.201561,-0.03467405,3.034588,1.370657,-0.3546883,-2.940947,-0.06551036,-0.02816173,0.001200756,0.9974537,352.4946,356.7425,0.3516695,0.4213639,-0.108595,-0.9003662,0,0,0,1.841675,0.07114951,-1.035659,0.5796,0.1736657,1.915,0.998411,0.006085168,0.05602271,0.001294371,0.991414,-0.1307547,-0.05633736,0.1306195,0.9898306,moving,17.678791427335206,2.5003333036082753,16.839131587459715,5.181810904844723,0.47101799999999994,0.42583781,1.9052879999999999,0.3034179218331763,0.04156860212878332,0.9519504406654345,16.854836997045435,2.515351425475164,2.711086296941727,2.809866682359238,2.6665057312914286
05/10/2023 16:34:58.012060,789,True,True,True,True,Eyes,1.371181,-0.3536863,-2.932645,0.2493581,0.169058,0.9535407,0.0,0.0,0.0,0.0,0.0,0.0,0.0,-1.200809,-0.03473443,3.034928,1.370681,-0.3546562,-2.940985,-0.06554551,-0.02828486,0.001282349,0.9974478,352.4909,356.7276,0.3621258,0.4213362,-0.1085958,-0.9003791,0,0,0,1.841178,0.07407823,-1.03597,0.5796,0.1763588,1.915,0.9983966,0.006266045,0.05625724,0.001149738,0.9914043,-0.130829,-0.05659345,0.1306839,0.9898075,moving,17.694653426252472,2.595172444991669,16.839131587459715,5.261719597969843,0.47049699999999994,0.42873443,1.905015,0.30366118123852703,0.043140754437255145,0.951802867337301,16.875156729292076,2.6067517303086887,2.7030651669547066,2.8004269916759736,2.655212268191991
05/10/2023 16:34:58.025686,790,True,True,True,True,Eyes,1.371017,-0.353683,-2.932649,0.2493612,0.1706747,0.953252,0.0,0.0,0.0,0.0,0.0,0.0,0.0,-1.201334,-0.03683227,3.034688,1.370759,-0.3545916,-2.940948,-0.06584814,-0.02821635,0.001192285,0.99743,352.4558,356.736,0.3522362,0.4213069,-0.1085967,-0.9003927,0,0,0,1.841582,0.077841,-1.0366,0.5796001,0.179032,1.915,0.9984049,0.006094429,0.05613064,0.001337547,0.9913252,-0.1314251,-0.05644468,0.1312905,0.9897357,moving,17.68644876969223,2.6615984581064676,16.839134328329035,5.341017531465108,0.470823,0.4324326,1.9043480000000002,0.3035102359247672,0.04424644106482965,0.951800412865806,16.87077304713877,2.6709153084178445,2.712382031641297,2.810200763863803,2.67028966407202
05/10/2023 16:34:58.042402,791,True,True,True,True,Eyes,1.370828,-0.3536848,-2.93265,0.2493386,0.1723139,0.9529629,0.0,0.0,0.0,0.0,0.0,0.0,0.0,-1.201539,-0.04011536,3.034539,1.370767,-0.3545723,-2.940919,-0.06627829,-0.02819819,0.0009255576,0.9974024,352.4056,356.7397,0.3227818,0.4212763,-0.1085977,-0.9004068,0,0,0,1.841834,0.08183426,-1.037288,0.5796,0.18168,1.915,0.9984081,0.005584161,0.05612718,0.001891548,0.9912127,-0.1322644,-0.05637256,0.13216,0.9896241,moving,17.680076295106176,2.720596066047849,16.839131587459715,5.419547705630154,0.4710669999999999,0.43640656,1.903631,0.303391000806517,0.045228287842857456,0.9517922089237775,16.867761158518757,2.727896567813429,2.72837179403831,2.8269290677557875,2.6918033917894326
05/10/2023 16:34:58.052897,792,True,True,True,True,Eyes,1.370645,-0.3536875,-2.932652,0.2493188,0.1738598,0.9526871,0.0,0.0,0.0,0.0,0.0,0.0,0.0,-1.202288,-0.04081705,3.034171,1.370737,-0.3546737,-2.940857,-0.06626535,-0.02808891,0.0005722254,0.9974065,352.4059,356.7551,0.281161,0.421244,-0.1085988,-0.9004218,0,0,0,1.842451,0.08402395,-1.037649,0.5796002,0.1844217,1.915,0.9984214,0.004864126,0.05595628,0.00258116,0.9912171,-0.1322191,-0.05610796,0.1321548,0.9896398,moving,17.66284629070972,2.8277373213632657,16.839137069198276,5.500835167714205,0.47171399999999997,0.43869765,1.9032079999999998,0.30307971798947864,0.04701290733270233,0.9518047466174118,16.856838739178517,2.831418888543468,2.6997600204928887,2.797132277488681,2.6694749709674803
05/10/2023 16:34:58.072299,793,True,True,True,True,Eyes,1.370454,-0.3536908,-2.932654,0.2492735,0.1754219,0.9524127,0.0,0.0,0.0,0.0,0.0,0.0,0.0,-1.202503,-0.03833562,3.034089,1.370671,-0.3546933,-2.940856,-0.06588629,-0.02803929,0.000640073,0.9974329,352.4496,356.7606,0.2873482,0.4212102,-0.1086002,-0.9004374,0,0,0,1.842535,0.08518107,-1.037706,0.5796,0.1869884,1.915,0.9984268,0.004971669,0.05585027,0.00241795,0.9913172,-0.1314702,-0.05601896,0.1313984,0.9897456,moving,17.656796011901267,2.9645414205167198,16.839131587459715,5.576914012053862,0.47186400000000006,0.43987436999999996,1.9031500000000001,0.302945989373536,0.049287584513393025,0.9517323854206469,16.858265320252084,2.9634814328151333,2.64304682003115,2.73734646473767,2.6135026202315093
05/10/2023 16:34:58.092260,794,True,True,True,True,Eyes,1.370272,-0.3536931,-2.932657,0.2492209,0.1769054,0.952152,0.0,0.0,0.0,0.0,0.0,0.0,0.0,-1.201573,-0.03625625,3.034499,1.370679,-0.3546975,-2.940868,-0.06565063,-0.02817989,0.0009066196,0.9974443,352.4775,356.7425,0.3183645,0.421175,-0.1086018,-0.9004537,0,0,0,1.841835,0.08713365,-1.03774,0.5796,0.1895713,1.915,0.9984102,0.005508659,0.0560967,0.00189145,0.9913784,-0.1310168,-0.05633478,0.1309146,0.9897918,moving,17.674466101205187,3.0741517719350697,16.839131587459715,5.653453125656962,0.47115600000000013,0.44183115,1.903128,0.30321176886372125,0.05110368095210723,0.9515519143302945,16.881111399971925,3.0691223608348754,2.6192238669101,2.711195165082361,2.5846717019119607
05/10/2023 16:34:58.102842,795,True,True,True,True,Eyes,1.370122,-0.3536915,-2.932659,0.2491506,0.1784232,0.9518871,0.0,0.0,0.0,0.0,0.0,0.0,0.0,-1.200918,-0.03510228,3.034781,1.370687,-0.3546705,-2.940877,-0.06544543,-0.02828998,0.0008939023,0.9974547,352.5011,356.73,0.3170467,0.4211387,-0.1086036,-0.9004704,0,0,0,1.841428,0.08913541,-1.037827,0.5796001,0.1923531,1.915,0.9983978,0.005486154,0.05631894,0.001919646,0.9914322,-0.1306083,-0.05655295,0.1305071,0.9898331,moving,17.68401489264335,3.1913957916602684,16.839134328329035,5.735863602825379,0.4707410000000001,0.44380591,1.90305,0.3033395270798739,0.05304846122192337,0.9514046999032296,16.896534983202606,3.182191276722097,2.591348896587199,2.6810706089194007,2.554317361700708
05/10/2023 16:34:58.122288,796,True,True,True,True,Eyes,1.369979,-0.3536911,-2.932662,0.2490818,0.1798869,0.9516296,0.0,0.0,0.0,0.0,0.0,0.0,0.0,-1.201368,-0.03452235,3.034616,1.370713,-0.354635,-2.940876,-0.06532975,-0.02822224,0.0008580183,0.9974642,352.5143,356.7382,0.3120115,0.4211022,-0.1086053,-0.9004873,0,0,0,1.841743,0.09153409,-1.038158,0.5796,0.1952207,1.915,0.9984056,0.005399189,0.05618924,0.001975819,0.9914626,-0.1303766,-0.05641346,0.1302797,0.989871,moving,17.672932469026136,3.2950252168968985,16.839131587459715,5.820790972550868,0.47102999999999984,0.44616909,1.902718,0.30312723367479766,0.05477303873261948,0.9513746527586644,16.8913514261141,3.2822781426749876,2.571086093507178,2.65983393514242,2.539049881155063
05/10/2023 16:34:58.142290,797,True,True,True,True,Eyes,1.369869,-0.3536887,-2.932667,0.2490077,0.1813838,0.9513649,0.0,0.0,0.0,0.0,0.0,0.0,0.0,-1.201361,-0.03466669,3.034654,1.370721,-0.3546635,-2.940907,-0.06539664,-0.02821918,0.0009488062,0.9974599,352.5069,356.7378,0.322678,0.4210657,-0.1086071,-0.9005042,0,0,0,1.841709,0.09429355,-1.038581,0.5796002,0.1976816,1.915,0.9984056,0.005583671,0.05617091,0.001798087,0.9914448,-0.1305146,-0.0564191,0.1304075,0.9898539,moving,17.670390904453505,3.3756393842792787,16.839137069198276,5.89365299593833,0.47098799999999996,0.44895705,1.9023260000000002,0.303062473925581,0.05611276929630385,0.9513172890964117,16.89317869633638,3.360090521360637,2.563538825938411,2.6516740914235273,2.5341387708750243
05/10/2023 16:34:58.152388,798,True,True,True,True,Eyes,1.369762,-0.3536866,-2.932672,0.248943,0.1828261,0.9511057,0.0,0.0,0.0,0.0,0.0,0.0,0.0,-1.201574,-0.03493473,3.034629,1.37077,-0.3546773,-2.940946,-0.06545945,-0.02818985,0.0009861474,0.9974566,352.4998,356.7409,0.3269708,0.42103,-0.1086087,-0.9005206,0,0,0,1.841853,0.09716174,-1.03905,0.5796001,0.2003113,1.915,0.9984087,0.005657861,0.05610718,0.001723305,0.9914282,-0.1306415,-0.05636539,0.1305303,0.9898408,moving,17.664697154938022,3.4550875293653633,16.839134328329035,5.9714916857880285,0.4710829999999999,0.45183903999999997,1.9018959999999998,0.302945129790615,0.0574340889655344,0.9512757888349446,16.891905957098324,3.4368015338759785,2.560489741745319,2.648366262271872,2.5352394385940933
05/10/2023 16:34:58.172269,799,True,True,True,True,Eyes,1.369669,-0.3536825,-2.932675,0.2488679,0.1843085,0.9508392,0.0,0.0,0.0,0.0,0.0,0.0,0.0,-1.202036,-0.03564614,3.034417,1.370723,-0.3546861,-2.940946,-0.06555443,-0.02810919,0.0009225357,0.9974527,352.4886,356.7506,0.3193432,0.4209951,-0.1086103,-0.9005368,0,0,0,1.842165,0.09999116,-1.039543,0.5796001,0.2028842,1.915,0.998418,0.005525734,0.05595422,0.001844992,0.9914035,-0.1308267,-0.05619612,0.130723,0.989825,moving,17.651137824368032,3.536348976954898,16.839134328329035,6.047627702006818,0.47144200000000014,0.45467725999999997,1.9014029999999997,0.3026960966451619,0.05878808628817782,0.9512723443187323,16.883148394523108,3.5153219119522565,2.5516256437291576,2.6392935631486605,2.5326882659274896
05/10/2023 16:34:58.192648,800,True,True,True,True,Eyes,1.36958,-0.3536772,-2.932679,0.2487809,0.185744,0.9505826,0.0,0.0,0.0,0.0,0.0,0.0,0.0,-1.201418,-0.03605172,3.03462,1.37071,-0.3546747,-2.940915,-0.06563808,-0.02820681,0.0009699821,0.9974443,352.4792,356.7389,0.3258319,0.4209613,-0.1086116,-0.9005524,0,0,0,1.841751,0.1031035,-1.039861,0.5796002,0.2056361,1.915,0.9984069,0.005637889,0.05614212,0.001767876,0.9913814,-0.1309954,-0.05639679,0.1308859,0.989792,moving,17.65874878584469,3.6131477338845146,16.839137069198276,6.129036873797626,0.4710409999999998,0.4577782,1.901054,0.3027994717879024,0.06006104106650209,0.9511599236692772,16.89455847825013,3.58937557404734,2.558682857353341,2.6460274999320808,2.540265940808286
05/10/2023 16:34:58.202250,801,True,True,True,True,Eyes,1.369527,-0.3536687,-2.932684,0.2486793,0.1872691,0.9503099,0.0,0.0,0.0,0.0,0.0,0.0,0.0,-1.200278,-0.03688762,3.03508,1.370687,-0.3546435,-2.940949,-0.06578865,-0.02838758,0.001023115,0.9974293,352.4622,356.7175,0.3338345,0.4209286,-0.1086129,-0.9005675,0,0,0,1.841002,0.1064197,-1.040219,0.5796001,0.2083075,1.915,0.9983862,0.00577613,0.05649457,0.001694191,0.9913417,-0.1312971,-0.05676381,0.131181,0.989732,moving,17.675034961540995,3.687848227937747,16.839134328329035,6.208040870187909,0.47031500000000004,0.4610632,1.9007299999999998,0.30304702510013126,0.06129602073776849,0.9510022684100106,16.91421860994355,3.6613387557395893,2.5684232314682225,2.6552025954069887,2.5478087269418617
05/10/2023 16:34:58.222138,802,True,True,True,True,Eyes,1.369476,-0.3536626,-2.932687,0.2485772,0.1887325,0.9500471,0.0,0.0,0.0,0.0,0.0,0.0,0.0,-1.199656,-0.0381563,3.035325,1.370675,-0.3546426,-2.94097,-0.06598861,-0.02848892,0.001005595,0.9974131,352.4392,356.7058,0.3332596,0.4208978,-0.1086137,-0.9005818,0,0,0,1.840618,0.1098259,-1.040681,0.5796,0.2109917,1.915,0.9983748,0.005765874,0.05669772,0.001753901,0.991289,-0.1316931,-0.05696316,0.1315785,0.9896678,moving,17.681110835849438,3.7550523391103425,16.839131587459715,6.2873995503077245,0.469943,0.46446849999999995,1.9002890000000001,0.3031269170937915,0.06240977814059784,0.9509043931227553,16.92364010931819,3.726145143922113,2.581802303011353,2.6686534905787376,2.562648205372016
05/10/2023 16:34:58.242302,803,True,True,True,True,Eyes,1.369489,-0.3536509,-2.932688,0.2484579,0.190249,0.9497758,0.0,0.0,0.0,0.0,0.0,0.0,0.0,-1.199354,-0.03800347,3.035404,1.370669,-0.3546918,-2.940924,-0.06597798,-0.02853738,0.00102214,0.9974125,352.4405,356.7001,0.3355008,0.4208688,-0.1086144,-0.9005952,0,0,0,1.840419,0.112389,-1.04093,0.5796002,0.2136469,1.915,0.9983692,0.005804668,0.05679219,0.001726686,0.9912918,-0.1316728,-0.05706195,0.1315562,0.989665,moving,17.681098940739624,3.848522006241869,16.839137069198276,6.365877020503134,0.4697500000000001,0.4670808,1.899994,0.30309688067946317,0.06396159705929183,0.9508108515173008,16.92858756562831,3.816344013963777,2.568620288108949,2.654425749753747,2.551101711564082
05/10/2023 16:34:58.252907,804,True,True,True,True,Eyes,1.369501,-0.3536403,-2.93269,0.2483449,0.1916964,0.9495142,0.0,0.0,0.0,0.0,0.0,0.0,0.0,-1.199359,-0.03736919,3.035414,1.370723,-0.3546741,-2.940904,-0.06588482,-0.02854379,0.001057382,0.9974184,352.4513,356.6992,0.3392978,0.420843,-0.1086146,-0.9006073,0,0,0,1.840427,0.1146813,-1.041164,0.5796,0.2162589,1.915,0.9983683,0.005870508,0.05680087,0.001651901,0.9913161,-0.1314898,-0.05707953,0.1313691,0.9896889,moving,17.677091828146995,3.9465577624933443,16.839131587459715,6.443054271957607,0.4697040000000001,0.4693554,1.8997400000000002,0.3029982499475656,0.06559053717664531,0.9507312223190115,16.92992658883733,3.9109794182884294,2.548776525902538,2.633376575186301,2.533702191825027
05/10/2023 16:34:58.272125,805,True,True,True,True,Eyes,1.369561,-0.353628,-2.93269,0.2482372,0.1932041,0.9492368,0.0,0.0,0.0,0.0,0.0,0.0,0.0,-1.199527,-0.03673333,3.035362,1.370724,-0.3546859,-2.94091,-0.06578016,-0.02851641,0.001053779,0.9974261,352.4633,356.7024,0.3383205,0.42082,-0.1086145,-0.900618,0,0,0,1.840539,0.1169432,-1.041451,0.5796,0.2189572,1.915,0.9983714,0.005853761,0.05674738,0.001649494,0.9913437,-0.1312818,-0.05702466,0.1311616,0.9897196,moving,17.669098579193587,4.050782810364767,16.839131587459715,6.522756793932948,0.46981499999999987,0.4716291,1.8994590000000002,0.30283059405026336,0.06732364336592933,0.950663553811753,16.927752048599075,4.011617688165827,2.524256809295741,2.607585201447062,2.5127023688939865
05/10/2023 16:34:58.287283,806,True,True,True,True,Eyes,1.369619,-0.3536147,-2.932694,0.2481237,0.1946435,0.9489723,0.0,0.0,0.0,0.0,0.0,0.0,0.0,-1.199667,-0.03555226,3.035322,1.370716,-0.3547389,-2.940908,-0.0655627,-0.02849581,0.0009825131,0.9974411,352.488,356.7055,0.3292139,0.4208009,-0.1086139,-0.900627,0,0,0,1.840661,0.1186402,-1.041607,0.5796002,0.2216278,1.915,0.998374,0.005696522,0.05671694,0.001776527,0.9914011,-0.1308458,-0.0569746,0.1307338,0.989779,moving,17.66072797941616,4.166131486534568,16.839137069198276,6.601616156199667,0.46994500000000006,0.47337910000000005,1.899301,0.302651859216683,0.06924151405562556,0.9505826390194592,16.92580395981194,4.12299318032482,2.4888130892156872,2.570330173329171,2.4801376990932025
05/10/2023 16:34:58.302681,807,True,True,True,True,Eyes,1.369697,-0.3535985,-2.932699,0.2480022,0.1961287,0.9486982,0.0,0.0,0.0,0.0,0.0,0.0,0.0,-1.199116,-0.03397736,3.03564,1.370731,-0.3547018,-2.940991,-0.06539181,-0.02857562,0.001219819,0.9974498,352.5084,356.6946,0.3565977,0.4207852,-0.1086129,-0.9006345,0,0,0,1.840204,0.1209665,-1.041828,0.5796002,0.2243327,1.915,0.9983639,0.006170639,0.05684596,0.001303807,0.9914448,-0.1305198,-0.05716503,0.1303804,0.9898147,moving,17.668016454699906,4.269252288017351,16.839137069198276,6.681462751056336,0.46947300000000003,0.47566830000000004,1.899163,0.3027363280839036,0.07095025799442412,0.9504296972425526,16.938299708515757,4.222450210867837,2.470767219156762,2.5506470460854267,2.461011154351134
05/10/2023 16:34:58.322214,808,True,True,True,True,Eyes,1.369772,-0.3535826,-2.932703,0.247896,0.1975475,0.9484316,0.0,0.0,0.0,0.0,0.0,0.0,0.0,-1.198895,-0.03606275,3.035775,1.370828,-0.3546706,-2.941024,-0.0656268,-0.02864093,0.0009760134,0.9974327,352.4807,356.6888,0.3297811,0.4207729,-0.1086114,-0.9006404,0,0,0,1.840229,0.1242559,-1.042347,0.5796,0.2269764,1.915,0.9983575,0.00570624,0.0570067,0.00181221,0.9913843,-0.1309725,-0.0572629,0.1308607,0.9897457,moving,17.666279120904004,4.337057674456992,16.839131587459715,6.759477586701648,0.46940099999999996,0.47892650000000003,1.8986770000000002,0.30268302585558265,0.0720762570164696,0.9503620049666412,16.940222560142455,4.2878959548799465,2.479661928020162,2.5597443765584047,2.4736481454556882
05/10/2023 16:34:58.332401,809,True,True,True,True,Eyes,1.369841,-0.3535654,-2.932704,0.2477879,0.1990036,0.9481555,0.0,0.0,0.0,0.0,0.0,0.0,0.0,-1.199449,-0.03724095,3.035509,1.370806,-0.3546599,-2.941001,-0.06565565,-0.02856724,0.0005823441,0.9974333,352.476,356.7002,0.2839341,0.4207638,-0.1086094,-0.9006449,0,0,0,1.840776,0.1265343,-1.042727,0.5796002,0.2295741,1.915,0.9983672,0.004912899,0.05691136,0.002589502,0.991378,-0.1310075,-0.05706429,0.130941,0.9897465,moving,17.646687903022094,4.4352634001885365,16.839137069198276,6.836110457280389,0.46997,0.48119419999999996,1.898274,0.30232179183295127,0.07371395684306896,0.9503514692623315,16.9265502857327,4.382813303894961,2.4536953206198224,2.533022885951912,2.4548539657653645
05/10/2023 16:34:58.362083,810,True,True,True,True,Eyes,1.369906,-0.3535479,-2.932706,0.2476672,0.2004103,0.9478906,0.0,0.0,0.0,0.0,0.0,0.0,0.0,-1.199443,-0.03667513,3.035408,1.370741,-0.3546345,-2.940921,-0.06559128,-0.0285544,0.0006568416,0.9974378,352.4837,356.7012,0.2922084,0.4207573,-0.108607,-0.9006482,0,0,0,1.840713,0.1290914,-1.042959,0.5796002,0.2322952,1.915,0.9983684,0.005056157,0.05687631,0.002435523,0.9913947,-0.130884,-0.05704864,0.130809,0.9897648,moving,17.64074176960756,4.526184070357176,16.839137069198276,6.916357312388074,0.46997200000000006,0.48372590000000004,1.897962,0.30218892962666927,0.07522525888341922,0.9502751870417855,16.925642954210918,4.470597280535891,2.442335811400549,2.52101134916897,2.4472893988140045
05/10/2023 16:34:58.372341,811,True,True,True,True,Eyes,1.369995,-0.353531,-2.932707,0.2475343,0.2018599,0.9476177,0.0,0.0,0.0,0.0,0.0,0.0,0.0,-1.198205,-0.03689703,3.035906,1.370716,-0.35461,-2.940948,-0.06567252,-0.02874713,0.000784629,0.9974268,352.4748,356.6779,0.3086775,0.4207531,-0.1086042,-0.9006505,0,0,0,1.839861,0.1322227,-1.043247,0.5796003,0.234972,1.915,0.998346,0.005341013,0.05724326,0.002210574,0.991373,-0.1310522,-0.05744937,0.130962,0.9897215,moving,17.658089525161923,4.602135973920088,16.83913981006744,6.995271140238066,0.4691449999999999,0.4868327,1.897701,0.30244772691980015,0.07647830313654573,0.9500928354051462,16.946392652748337,4.543760046932159,2.451412064932028,2.529382248716297,2.4538561108722443
05/10/2023 16:34:58.382497,812,True,True,True,True,Eyes,1.37008,-0.3535173,-2.932705,0.2474054,0.2032572,0.9473527,0.0,0.0,0.0,0.0,0.0,0.0,0.0,-1.198048,-0.03703594,3.035963,1.370751,-0.3546722,-2.94092,-0.06575149,-0.02877317,0.0008918869,0.9974207,352.4661,356.6741,0.3215095,0.4207516,-0.108601,-0.9006516,0,0,0,1.839725,0.1351577,-1.043624,0.5796001,0.23758,1.915,0.9983427,0.005562929,0.05728061,0.002004584,0.9913519,-0.1312151,-0.05751519,0.1311124,0.9896977,moving,17.65637973255467,4.675023904432578,16.839134328329035,7.07213105696372,0.468974,0.4898299,1.897296,0.30239101511933525,0.07768835770496069,0.9500127644145075,16.94861169747917,4.6141102675485826,2.4547020447346553,2.5325901270130307,2.4604575784908485
05/10/2023 16:34:58.402667,813,True,True,True,True,Eyes,1.370186,-0.3535025,-2.932702,0.2472778,0.2046778,0.9470801,0.0,0.0,0.0,0.0,0.0,0.0,0.0,-1.19806,-0.03703174,3.035903,1.370755,-0.3547367,-2.940854,-0.06580331,-0.02876732,0.0009863748,0.9974174,352.4605,356.674,0.3325351,0.4207525,-0.1085977,-0.9006516,0,0,0,1.839689,0.1382236,-1.043998,0.5796,0.2404412,1.915,0.998343,0.005753625,0.05725624,0.001818315,0.9913379,-0.1313235,-0.05751587,0.13121,0.9896847,moving,17.651054542998395,4.752777915978103,16.839131587459715,7.15642355810007,0.46893399999999996,0.4929603,1.8968559999999999,0.3022719232302963,0.07898064178915251,0.9499440881709412,16.94760430448972,4.689183642354893,2.459065773580873,2.5370713940728176,2.4696232773818245
05/10/2023 16:34:58.422916,814,True,True,True,True,Eyes,1.370288,-0.3534859,-2.9327,0.2471583,0.2060425,0.9468153,0.0,0.0,0.0,0.0,0.0,0.0,0.0,-1.198171,-0.03661448,3.035891,1.370854,-0.3547508,-2.940833,-0.06574401,-0.02876469,0.001003371,0.9974214,352.4673,356.6742,0.3342726,0.420756,-0.108594,-0.9006504,0,0,0,1.839789,0.1405291,-1.044256,0.5796001,0.2429889,1.915,0.9983432,0.005783778,0.0572491,0.001780645,0.9913535,-0.1312067,-0.05751295,0.1310913,0.9897006,moving,17.64557107308126,4.842563680776476,16.839134328329035,7.23145399052613,0.4689349999999999,0.4952799,1.896577,0.3021448250180078,0.08047255902435604,0.9498592639639509,16.947082687526954,4.775868927698558,2.444158933606355,2.5213363788480034,2.45795664099988
05/10/2023 16:34:58.442357,815,True,True,True,True,Eyes,1.370396,-0.3534672,-2.932698,0.2470492,0.2074322,0.9465402,0.0,0.0,0.0,0.0,0.0,0.0,0.0,-1.198392,-0.03719893,3.035807,1.370879,-0.3546931,-2.94084,-0.06579088,-0.02873755,0.0009061777,0.9974192,352.4616,356.678,0.3230204,0.4207617,-0.1085901,-0.9006482,0,0,0,1.839996,0.1433574,-1.044683,0.5795999,0.2457097,1.915,0.9983467,0.005589015,0.05720752,0.001973659,0.9913415,-0.1312942,-0.057446,0.1311901,0.9896914,moving,17.635826669486903,4.925243390770731,16.83912884659031,7.3115547331273,0.469117,0.49805049999999995,1.896157,0.3019493058250106,0.08184846405802756,0.9498037800917912,16.942077282554077,4.855729070244345,2.438760886773897,2.5157919714610313,2.457982519657513
05/10/2023 16:34:58.460459,816,True,True,True,True,Eyes,1.370498,-0.35345,-2.932696,0.2469529,0.2087687,0.9462716,0.0,0.0,0.0,0.0,0.0,0.0,0.0,-1.199155,-0.03805283,3.035524,1.370926,-0.3546535,-2.940851,-0.06588011,-0.02862564,0.0007908575,0.9974166,352.451,356.6917,0.3091763,0.4207697,-0.1085859,-0.900645,0,0,0,1.840568,0.146293,-1.045235,0.5795999,0.2484204,1.915,0.9983599,0.005349349,0.05699916,0.002194091,0.9913183,-0.1314651,-0.05720757,0.1313746,0.9896808,moving,17.61672004971871,4.999948106446664,16.83912884659031,7.391329564217745,0.4696419999999999,0.5009465,1.895616,0.30160134070602446,0.08309640119653294,0.949806119835608,16.927625256925996,4.927964139056687,2.4370881703857195,2.514627876198389,2.464954529503784
05/10/2023 16:34:58.477191,817,True,True,True,True,Eyes,1.370604,-0.3534336,-2.932697,0.2468437,0.2101055,0.9460042,0.0,0.0,0.0,0.0,0.0,0.0,0.0,-1.199744,-0.03877753,3.03528,1.370916,-0.3546734,-2.940852,-0.06595501,-0.02853316,0.000669949,0.9974144,352.442,356.7033,0.2947848,0.4207795,-0.1085815,-0.9006409,0,0,0,1.841013,0.1491281,-1.045745,0.5796002,0.2511494,1.915,0.9983708,0.005100243,0.05683039,0.002427376,0.991299,-0.1316072,-0.05700714,0.1315307,0.9896716,moving,17.598990450863088,5.076568661736955,16.839137069198276,7.471613856881907,0.470097,0.5038015,1.895107,0.30127492238869485,0.08437561714124006,0.9497969552221679,16.914602077947436,5.002037584636308,2.4347446211252617,2.5126915147734254,2.470729028441602
05/10/2023 16:34:58.492236,818,True,True,True,True,Eyes,1.370703,-0.3534178,-2.932696,0.2467386,0.211385,0.9457465,0.0,0.0,0.0,0.0,0.0,0.0,0.0,-1.199807,-0.03907326,3.035316,1.370932,-0.3547036,-2.940908,-0.065959,-0.02853099,0.0005551271,0.9974143,352.4411,356.7044,0.281543,0.420791,-0.1085768,-0.9006361,0,0,0,1.841131,0.1516254,-1.046146,0.5796002,0.2538052,1.915,0.9983714,0.004871134,0.05684119,0.002656367,0.9912982,-0.1316086,-0.05698765,0.1315452,0.9896708,moving,17.5919865957891,5.158178623922565,16.839137069198276,7.549716365123059,0.47019900000000003,0.506329,1.8947619999999998,0.30112379208945544,0.0857326742509521,0.9497233110862638,16.912181321786576,5.080844676821018,2.429538131322083,2.507236561889282,2.4699519987513026
05/10/2023 16:34:58.502512,819,True,True,True,True,Eyes,1.370809,-0.3534015,-2.932696,0.2466288,0.2126854,0.9454836,0.0,0.0,0.0,0.0,0.0,0.0,0.0,-1.199704,-0.03918299,3.03529,1.370878,-0.3547009,-2.940866,-0.06593932,-0.02854418,0.0004660413,0.9974152,352.4431,356.7036,0.2713062,0.4208039,-0.108572,-0.9006307,0,0,0,1.841101,0.1540311,-1.046405,0.5796002,0.2563971,1.915,0.99837,0.004694041,0.05687935,0.002834695,0.9913036,-0.1315644,-0.05700227,0.1315112,0.9896744,moving,17.586967244659956,5.243056745701889,16.839137069198276,7.625912485843599,0.47022300000000006,0.508732,1.8944610000000002,0.3010036322746415,0.0871429730149201,0.9496330859037893,16.911846663953845,5.162790545774063,2.420289646725965,2.497448988399431,2.4641948739540536
05/10/2023 16:34:58.522453,820,True,True,True,True,Eyes,1.370908,-0.3533858,-2.932694,0.2465146,0.2139346,0.9452314,0.0,0.0,0.0,0.0,0.0,0.0,0.0,-1.199094,-0.03888589,3.035528,1.37082,-0.3547129,-2.940884,-0.06588725,-0.02863526,0.0004621182,0.997416,352.4491,356.6931,0.271372,0.4208182,-0.108567,-0.9006246,0,0,0,1.840702,0.1565342,-1.046644,0.5796,0.2591303,1.915,0.9983597,0.004695245,0.05706163,0.002851548,0.9913173,-0.1314605,-0.05718342,0.1314075,0.9896778,moving,17.592049423933105,5.326197195334545,16.839131587459715,7.706233125728261,0.46988200000000013,0.5112471000000001,1.8942400000000001,0.30105114863334664,0.08851946610146139,0.949490584821111,16.921155900775272,5.242983113733905,2.4197389339839326,2.4962885046494234,2.464615306607724
05/10/2023 16:34:58.542150,821,True,True,True,True,Eyes,1.371004,-0.3533735,-2.932695,0.2464035,0.2152066,0.9449717,0.0,0.0,0.0,0.0,0.0,0.0,0.0,-1.198475,-0.03851527,3.035724,1.370778,-0.3547112,-2.940849,-0.06587005,-0.02872493,0.0005711103,0.9974146,352.4514,356.682,0.2845625,0.4208336,-0.1085619,-0.900618,0,0,0,1.840237,0.1591769,-1.04686,0.5796001,0.2617388,1.915,0.9983491,0.004923492,0.05722608,0.002644957,0.9913216,-0.1314323,-0.05737656,0.1313667,0.989672,moving,17.599081769352956,5.403071446454526,16.839134328329035,7.782860798573575,0.46945899999999985,0.5138881,1.8939890000000001,0.3011333074725523,0.08979089403901253,0.9493452510941507,16.932012306439574,5.317114006489353,2.422176150024316,2.498182834297363,2.467495402526929
05/10/2023 16:34:58.556694,822,True,True,True,True,Eyes,1.371097,-0.353362,-2.932695,0.2462988,0.2164286,0.9447199,0.0,0.0,0.0,0.0,0.0,0.0,0.0,-1.198196,-0.03715056,3.035943,1.37084,-0.3547875,-2.940906,-0.06572247,-0.02877209,0.0007338712,0.9974228,352.4689,356.6754,0.303185,0.4208499,-0.1085568,-0.9006109,0,0,0,1.839996,0.1614499,-1.047097,0.5796002,0.2644946,1.915,0.9983433,0.005245906,0.05729942,0.002317986,0.9913601,-0.1311484,-0.05749235,0.131064,0.9897054,moving,17.60296080666368,5.490041842368773,16.839137069198276,7.863785151595819,0.4691559999999999,0.5162374,1.893809,0.3011580030933764,0.09123107620990933,0.9492001238631406,16.940365120878138,5.401011599236008,2.418328292149911,2.4936086300812694,2.4648530764834367
05/10/2023 16:34:58.572405,823,True,True,True,True,Eyes,1.371188,-0.3533502,-2.932697,0.2462095,0.2176828,0.944455,0.0,0.0,0.0,0.0,0.0,0.0,0.0,-1.198557,-0.0364041,3.035819,1.370859,-0.3547982,-2.940905,-0.06568448,-0.02870527,0.0009271381,0.9974272,352.4739,356.6817,0.3248302,0.420867,-0.1085518,-0.9006036,0,0,0,1.840125,0.1640893,-1.047481,0.5795999,0.2671129,1.915,0.9983503,0.005620487,0.05714104,0.001921476,0.9913694,-0.1310842,-0.05738463,0.1309777,0.9897231,moving,17.595148971409134,5.5647723376177405,16.83912884659031,7.940642569782583,0.46926599999999996,0.5188875,1.8934239999999998,0.3009939309291429,0.09247405877630764,0.9491319024921396,16.936800633173874,5.47318607914769,2.4179244915943774,2.493256061702868,2.4693888537593036
05/10/2023 16:34:58.592535,824,True,True,True,True,Eyes,1.371275,-0.3533387,-2.932699,0.2461303,0.2188888,0.9441968,0.0,0.0,0.0,0.0,0.0,0.0,0.0,-1.199137,-0.03625512,3.035644,1.370954,-0.3547903,-2.940916,-0.06567995,-0.0286228,0.0009726403,0.9974298,352.4745,356.6909,0.3294349,0.4208846,-0.1085467,-0.900596,0,0,0,1.840506,0.1667521,-1.047916,0.5796,0.2697657,1.915,0.9983596,0.005700168,0.0569707,0.001819608,0.9913704,-0.1310779,-0.05722623,0.1309666,0.9897338,moving,17.583441625230364,5.637413442454474,16.839131587459715,8.018483376664522,0.46955199999999997,0.5215424,1.893,0.30076578482732674,0.09368438235552276,0.9490854585618919,16.929370713333174,5.5433737618740455,2.4190386105481876,2.4946926592117884,2.476754066326866
05/10/2023 16:34:58.602239,825,True,True,True,True,Eyes,1.37137,-0.3533261,-2.932702,0.2460602,0.2201414,0.9439238,0.0,0.0,0.0,0.0,0.0,0.0,0.0,-1.199651,-0.03650537,3.035473,1.370944,-0.3547865,-2.940958,-0.06571652,-0.02853663,0.0009585608,0.9974298,352.4703,356.7009,0.3272812,0.4209026,-0.1085417,-0.9005882,0,0,0,1.840844,0.1696829,-1.048447,0.5796001,0.2725997,1.915,0.9983695,0.00566285,0.05680057,0.001838461,0.9913608,-0.1311499,-0.05705255,0.1310405,0.9897339,moving,17.570759208778316,5.710123709383212,16.839134328329035,8.101608203263703,0.4699,0.5244694,1.8925110000000003,0.30052103868777125,0.09489640245254574,0.9490425577033031,16.921004667896494,5.61363556467215,2.4246621112573012,2.500894450024482,2.48931930512763
05/10/2023 16:34:58.627546,826,True,True,True,True,Eyes,1.37146,-0.3533148,-2.932706,0.2459933,0.2213513,0.9436582,0.0,0.0,0.0,0.0,0.0,0.0,0.0,-1.200135,-0.03667158,3.035268,1.370938,-0.3547836,-2.940949,-0.06575451,-0.02845488,0.0009779177,0.9974296,352.4659,356.7101,0.3290203,0.4209212,-0.1085367,-0.90058,0,0,0,1.841143,0.172401,-1.048895,0.5796001,0.2751792,1.915,0.9983788,0.005692882,0.05663487,0.001791266,0.9913508,-0.1312266,-0.05689208,0.1311153,0.9897333,moving,17.559334377380388,5.779005587501339,16.839134328329035,8.17723839426562,0.470205,0.5271846,1.892054,0.3002985624392409,0.09604433768740192,0.9489974492478543,16.91364760096255,5.680193433687484,2.4274040588716685,2.50403847935571,2.4981564728709893
05/10/2023 16:34:58.643568,827,True,True,True,True,Eyes,1.37157,-0.3533019,-2.93271,0.2459277,0.2225856,0.943385,0.0,0.0,0.0,0.0,0.0,0.0,0.0,-1.200199,-0.03715733,3.035263,1.370923,-0.354807,-2.940979,-0.06585065,-0.02844009,0.001005376,0.9974238,352.455,356.7115,0.3323973,0.4209403,-0.1085317,-0.9005718,0,0,0,1.841169,0.175411,-1.049394,0.5795999,0.2778461,1.915,0.9983803,0.005751168,0.05660122,0.001740023,0.9913254,-0.1314192,-0.05686604,0.1313048,0.9897097,moving,17.55563087169965,5.842796494170863,16.83912884659031,8.255400970835844,0.47024600000000016,0.530218,1.891585,0.300206234064171,0.09710382112954138,0.9489189144129758,16.913462427995658,5.7417800588429,2.4396363372992274,2.5167509834724786,2.514719779723535
05/10/2023 16:34:58.652153,828,True,True,True,True,Eyes,1.371674,-0.3532889,-2.932714,0.2458685,0.2237742,0.9431192,0.0,0.0,0.0,0.0,0.0,0.0,0.0,-1.199835,-0.0377278,3.035443,1.370958,-0.3548095,-2.941008,-0.06593314,-0.02850674,0.0009814702,0.9974163,352.4455,356.704,0.3304267,0.4209601,-0.1085266,-0.9005631,0,0,0,1.840973,0.1783673,-1.049799,0.5796002,0.2805386,1.915,0.9983728,0.005716946,0.05673674,0.001801208,0.9913037,-0.1315815,-0.05699559,0.1314696,0.9896803,moving,17.560623773190674,5.907517008684979,16.839137069198276,8.33428246565595,0.47001500000000007,0.5331768,1.8912090000000001,0.3002572459427247,0.09817399178618716,0.9487926490451886,16.92170836929411,5.804197956333885,2.4544608827521714,2.531745178169662,2.531431540435369
05/10/2023 16:34:58.672340,829,True,True,True,True,Eyes,1.371764,-0.3532761,-2.932719,0.245808,0.2251311,0.942812,0.0,0.0,0.0,0.0,0.0,0.0,0.0,-1.200106,-0.03832683,3.035308,1.370946,-0.3547973,-2.940994,-0.06600632,-0.02846349,0.0009205469,0.9974129,352.4369,356.7094,0.3233196,0.4209806,-0.1085215,-0.9005541,0,0,0,1.841184,0.1812322,-1.050249,0.5795999,0.2832057,1.915,0.998378,0.005593871,0.05665817,0.00192121,0.9912846,-0.1317235,-0.05690122,0.1316187,0.989666,moving,17.55263013791226,5.984287287567164,16.83912884659031,8.41238846680497,0.47023799999999993,0.5360294999999999,1.890745,0.3000866387416066,0.09945078301563406,0.9487136572230591,16.918076876865978,5.878342215141496,2.4534442498533715,2.530762618131956,2.5352757635125434
05/10/2023 16:34:58.692517,830,True,True,True,True,Eyes,1.371849,-0.3532644,-2.932723,0.2457484,0.2264333,0.9425156,0.0,0.0,0.0,0.0,0.0,0.0,0.0,-1.199866,-0.03844869,3.035406,1.37095,-0.3547933,-2.940997,-0.06601902,-0.02850451,0.0009072971,0.9974108,352.4354,356.7047,0.3221477,0.4210013,-0.1085163,-0.9005451,0,0,0,1.841047,0.183847,-1.050568,0.5796,0.2858026,1.915,0.9983734,0.005573576,0.05674162,0.001953784,0.9912813,-0.1317479,-0.05698121,0.1316444,0.989658,moving,17.555275015936015,6.063659849410723,16.839131587459715,8.488408415834016,0.4700970000000002,0.5386403,1.890429,0.30009054281729075,0.10076481788949547,0.948573713151556,16.924837086538002,5.9549171919425765,2.45151287731641,2.5282933019176403,2.534940475456416
05/10/2023 16:34:58.702352,831,True,True,True,True,Eyes,1.371931,-0.3532535,-2.932727,0.2457031,0.2278387,0.9421886,0.0,0.0,0.0,0.0,0.0,0.0,0.0,-1.199807,-0.0382024,3.035426,1.370928,-0.354808,-2.940998,-0.06600383,-0.02850764,0.0009623046,0.9974116,352.4373,356.704,0.3284625,0.421022,-0.1085112,-0.9005361,0,0,0,1.840972,0.1865284,-1.050914,0.5795999,0.2885218,1.915,0.9983728,0.005682855,0.05674067,0.0018436,0.9912851,-0.1317209,-0.05699474,0.1316111,0.9896616,moving,17.5560068298054,6.150303533344219,16.83912884659031,8.567976236883094,0.47004400000000013,0.5413364,1.890084,0.3000584719626835,0.10220022567352272,0.9484302145192132,16.93013920212641,6.038523320380265,2.4455912458259945,2.5217167454445617,2.5310896747486993
05/10/2023 16:34:58.722240,832,True,True,True,True,Eyes,1.37201,-0.3532447,-2.932731,0.245659,0.2291785,0.9418752,0.0,0.0,0.0,0.0,0.0,0.0,0.0,-1.199673,-0.03817213,3.035487,1.370941,-0.3548402,-2.940997,-0.06599129,-0.02853319,0.0009339691,0.9974118,352.4387,356.7012,0.325348,0.4210426,-0.1085062,-0.900527,0,0,0,1.840915,0.1890538,-1.051222,0.5796,0.2911775,1.915,0.99837,0.005628987,0.0567954,0.00190278,0.9912886,-0.1316943,-0.05704194,0.1315877,0.9896621,moving,17.557715799219288,6.235437647844525,16.839131587459715,8.645653830683969,0.4699740000000001,0.543894,1.8897749999999998,0.3000427934649512,0.10360990262574049,0.9482823059015301,16.936303034058685,6.120665311387943,2.439629352923846,2.5150557284901796,2.526857596425029
05/10/2023 16:34:58.742186,833,True,True,True,True,Eyes,1.372078,-0.3532319,-2.932736,0.2456252,0.2306116,0.9415342,0.0,0.0,0.0,0.0,0.0,0.0,0.0,-1.199693,-0.03734204,3.035484,1.370941,-0.3548815,-2.940986,-0.0658669,-0.02852931,0.0009491543,0.9974202,352.453,356.7017,0.326649,0.4210632,-0.1085012,-0.900518,0,0,0,1.840919,0.1911767,-1.051428,0.5795999,0.2938168,1.915,0.9983704,0.005651685,0.05678637,0.001864863,0.9913213,-0.1314481,-0.05703645,0.1313398,0.9896953,moving,17.558047198579597,6.337789094051394,16.83912884659031,8.722820019323148,0.469978,0.5460582,1.889558,0.29999456778607114,0.10530539799935504,0.9481108221881476,16.942052577524056,6.21943255294895,2.4170519126073544,2.49102711974993,2.505502365033557
05/10/2023 16:34:58.752554,834,True,True,True,True,Eyes,1.372143,-0.3532201,-2.932741,0.2455916,0.2319845,0.9412056,0.0,0.0,0.0,0.0,0.0,0.0,0.0,-1.199823,-0.03754696,3.035432,1.370938,-0.3547873,-2.941001,-0.06589105,-0.02850672,0.000961528,0.9974192,352.4503,356.7042,0.3279853,0.4210834,-0.1084963,-0.9005091,0,0,0,1.840999,0.1941595,-1.051861,0.5796002,0.2966276,1.915,0.9983729,0.005674768,0.05673959,0.001838583,0.9913149,-0.1314968,-0.05699301,0.1313872,0.9896914,moving,17.5556849810476,6.4192225587630904,16.839137069198276,8.8049653583002,0.47006100000000006,0.5489468000000001,1.88914,0.29991205649922453,0.10665572032981771,0.9479859383922862,16.944096173340622,6.298034201290799,2.4172498829182265,2.491025815907734,2.5091273860700767
05/10/2023 16:34:58.772106,835,True,True,True,True,Eyes,1.37221,-0.3532097,-2.932746,0.2455767,0.2334195,0.9408547,0.0,0.0,0.0,0.0,0.0,0.0,0.0,-1.199788,-0.03729197,3.035467,1.370937,-0.3547982,-2.941019,-0.06585512,-0.02851146,0.0009736972,0.9974214,352.4544,356.7036,0.3293031,0.4211031,-0.1084914,-0.9005005,0,0,0,1.840973,0.196532,-1.052169,0.5796,0.299155,1.915,0.9983723,0.005697624,0.05674763,0.001812879,0.9913243,-0.1314261,-0.05700413,0.1313151,0.9897004,moving,17.557861227353147,6.511735507950385,16.839131587459715,8.878797231807724,0.4700359999999999,0.5513302,1.88885,0.299898178861305,0.10818675338804626,0.94781688831876,16.951101852594082,6.387293275458444,2.401204446219261,2.473773130222701,2.494018705779564
05/10/2023 16:34:58.792399,836,True,True,True,True,Eyes,1.372276,-0.3531982,-2.932752,0.2455631,0.2347979,0.9405152,0.0,0.0,0.0,0.0,0.0,0.0,0.0,-1.200002,-0.03688893,3.035403,1.370988,-0.3548562,-2.941004,-0.06581862,-0.02848225,0.001020103,0.9974246,352.4587,356.7066,0.3343079,0.4211226,-0.1084865,-0.900492,0,0,0,1.841101,0.1990732,-1.052501,0.5796001,0.3018681,1.915,0.9983755,0.005784276,0.05668351,0.001714374,0.9913338,-0.1313563,-0.05695207,0.1312401,0.9897134,moving,17.55688791390736,6.599540857398943,16.839134328329035,8.9580208071318,0.470113,0.5539294,1.888503,0.2998339962021397,0.10964146582890609,0.9476700137966824,16.95482215846286,6.472033320472341,2.3933659320538925,2.4652784595056287,2.488677853372849
05/10/2023 16:34:58.802301,837,True,True,True,True,Eyes,1.372339,-0.3531878,-2.932759,0.2455652,0.2362567,0.9401492,0.0,0.0,0.0,0.0,0.0,0.0,0.0,-1.200153,-0.0368593,3.035371,1.371003,-0.3548168,-2.941031,-0.06582316,-0.0284576,0.001057251,0.997425,352.4583,356.7092,0.3384188,0.4211417,-0.1084817,-0.9004837,0,0,0,1.841183,0.2018433,-1.052914,0.5796,0.3045678,1.915,0.9983781,0.005855396,0.05662945,0.001637281,0.9913324,-0.1313675,-0.05690782,0.1312471,0.9897149,moving,17.557220537827334,6.68799543231385,16.839131587459715,9.03681883267905,0.47018000000000004,0.5566601,1.8881170000000003,0.2997904197742355,0.11110595765412801,0.9475131578990958,16.959835600347397,6.557389990011703,2.3849772657199564,2.456139879311275,2.4823651714802004
05/10/2023 16:34:58.827227,838,True,True,True,True,Eyes,1.372399,-0.353183,-2.932763,0.245568,0.2376484,0.9397976,0.0,0.0,0.0,0.0,0.0,0.0,0.0,-1.200267,-0.03803742,3.03533,1.371004,-0.3548662,-2.941042,-0.06597064,-0.02844591,0.0009244017,0.9974157,352.4409,356.7114,0.3235098,0.4211604,-0.1084769,-0.9004755,0,0,0,1.841352,0.2048463,-1.053439,0.5796,0.3072293,1.915,0.99838,0.005597215,0.05662283,0.001909165,0.9912941,-0.1316529,-0.05686676,0.1315477,0.9896774,moving,17.55511147307211,6.761317875183772,16.839131587459715,9.114468161478944,0.4703480000000002,0.5597125000000001,1.887603,0.2997143224046838,0.11232122605659868,0.9473938994604957,16.961692870032373,6.628162538862258,2.388526042901982,2.4596632831533243,2.489324590534791
05/10/2023 16:34:58.842202,839,True,True,True,True,Eyes,1.37246,-0.3531718,-2.932768,0.2455714,0.2391004,0.9394284,0.0,0.0,0.0,0.0,0.0,0.0,0.0,-1.200402,-0.0370571,3.035259,1.370993,-0.354992,-2.941002,-0.06584738,-0.02841986,0.0009651749,0.9974245,352.4552,356.7142,0.3275975,0.4211788,-0.1084724,-0.9004675,0,0,0,1.841408,0.2068934,-1.053634,0.5796,0.3098467,1.915,0.9983828,0.005668125,0.05656622,0.001817369,0.9913263,-0.1314104,-0.05682044,0.1313007,0.9897129,moving,17.555928650715973,6.864093398030778,16.839131587459715,9.19079795625537,0.470415,0.5618854,1.8873680000000002,0.2996694102744563,0.11402214473441843,0.9472049554138763,16.967933116534223,6.727335341053419,2.3649885903835406,2.43461539696846,2.4668274950611293
05/10/2023 16:34:58.862257,840,True,True,True,True,Eyes,1.372523,-0.3531584,-2.932773,0.2455705,0.2405149,0.9390675,0.0,0.0,0.0,0.0,0.0,0.0,0.0,-1.19974,-0.03693414,3.035503,1.370991,-0.3548662,-2.940999,-0.06585918,-0.02852179,0.001096149,0.9974207,352.4543,356.7014,0.3435133,0.4211968,-0.1084679,-0.9004596,0,0,0,1.840904,0.2099513,-1.053924,0.5796002,0.3126149,1.915,0.9983706,0.005943487,0.05675206,0.0015702,0.9913227,-0.1314412,-0.05704083,0.1313161,0.9896982,moving,17.572373192076245,6.9468367376302025,16.839137069198276,9.27148965433909,0.469913,0.5648175,1.887075,0.2998938771662043,0.11538139589561386,0.9469692989046218,16.988172588180998,6.8070587177967425,2.3689414804765128,2.437549260026606,2.4689332568754145
05/10/2023 16:34:58.877379,841,True,True,True,True,Eyes,1.372591,-0.3531435,-2.932776,0.2455811,0.2419819,0.9386878,0.0,0.0,0.0,0.0,0.0,0.0,0.0,-1.199333,-0.03943309,3.035683,1.371086,-0.3548032,-2.941015,-0.06618878,-0.02861337,0.0009261189,0.9973963,352.416,356.6919,0.3257233,0.4212145,-0.1084633,-0.9004518,0,0,0,1.840809,0.2136475,-1.054552,0.5795999,0.3152054,1.915,0.9983609,0.005635182,0.05695514,0.001940352,0.9912364,-0.1320859,-0.05720033,0.1319799,0.9896006,moving,17.58117817107052,7.005724919865638,16.83912884659031,9.34696789752869,0.4697229999999999,0.5684507,1.8864630000000002,0.3000052652360071,0.11635035402551344,0.9468154722132875,16.99978326909051,6.863819534687961,2.387298975177799,2.4560244055013163,2.488339935649362
05/10/2023 16:34:58.892688,842,True,True,True,True,Eyes,1.372653,-0.3531322,-2.932777,0.2456027,0.2433834,0.9383197,0.0,0.0,0.0,0.0,0.0,0.0,0.0,-1.19917,-0.04228374,3.035664,1.371129,-0.3547917,-2.940949,-0.06654747,-0.0286617,0.0006601728,0.9973713,352.3739,356.6881,0.2966442,0.4212322,-0.1084586,-0.9004441,0,0,0,1.840916,0.2175229,-1.055199,0.5796,0.3180231,1.915,0.9983562,0.005131601,0.05708484,0.002497852,0.991142,-0.1327829,-0.05726057,0.1327072,0.9894999,moving,17.583501443638273,7.06007371779478,16.839131587459715,9.42902880963246,0.46978699999999995,0.5723146,1.8857499999999998,0.30001174834598016,0.11724816241829428,0.946702616619845,17.004905902326556,6.916248865282031,2.413593195362561,2.483150158554846,2.518242278296374
05/10/2023 16:34:58.902158,843,True,True,True,True,Eyes,1.372718,-0.3531223,-2.932779,0.2456279,0.2448,0.9379445,0.0,0.0,0.0,0.0,0.0,0.0,0.0,-1.199573,-0.043699,3.035433,1.371058,-0.3548686,-2.940919,-0.06660023,-0.02860817,0.0001973308,0.9973696,352.3663,356.6978,0.24304,0.4212497,-0.108454,-0.9004365,0,0,0,1.841473,0.2197315,-1.05558,0.5796001,0.3206213,1.915,0.9983631,0.004204244,0.05703954,0.003416997,0.9911287,-0.1328614,-0.05709211,0.1328388,0.989492,moving,17.57144189852028,7.156484154077986,16.839134328329035,9.504662572745236,0.4704149999999998,0.5746001,1.885339,0.29975494885987375,0.11885104726083318,0.9465840636402438,16.99839757850962,7.009376758086316,2.3909281803008264,2.4597187366148257,2.5003631895578917
05/10/2023 16:34:58.922206,844,True,True,True,True,Eyes,1.372783,-0.3531159,-2.932782,0.2456332,0.2461541,0.9375887,0.0,0.0,0.0,0.0,0.0,0.0,0.0,-1.199417,-0.04217002,3.035503,1.370996,-0.3549297,-2.940927,-0.06638727,-0.02861993,0.0002716784,0.9973834,352.391,356.696,0.2509852,0.4212671,-0.1084494,-0.900429,0,0,0,1.841303,0.2215783,-1.055691,0.5796001,0.3232728,1.915,0.9983617,0.004341934,0.05705402,0.003258063,0.9911853,-0.1324427,-0.05712616,0.1324116,0.9895473,moving,17.57760186055148,7.262926159841128,16.839134328329035,9.58181344793024,0.4703069999999998,0.576508,1.885236,0.2997927459853713,0.12060787490294847,0.9463498984110925,17.009981842981897,7.112047309677679,2.3666874256257375,2.433633610675195,2.4756683240939275
05/10/2023 16:34:58.942070,845,True,True,True,True,Eyes,1.372814,-0.3531099,-2.932786,0.2456105,0.2475059,0.9372387,0.0,0.0,0.0,0.0,0.0,0.0,0.0,-1.198351,-0.0402551,3.036018,1.371041,-0.3550055,-2.940967,-0.06621484,-0.02878559,0.0005978929,0.99739,352.412,356.6745,0.2892844,0.4212843,-0.108445,-0.9004214,0,0,0,1.84042,0.2237707,-1.055749,0.5796001,0.3258581,1.915,0.9983421,0.005004731,0.05734174,0.002619402,0.9912305,-0.1321185,-0.0575001,0.1320496,0.989574,moving,17.604803645910508,7.357393825469744,16.839134328329035,9.657004342926301,0.469379,0.5787762,1.885218,0.30018488238497026,0.12215223290134092,0.9460274506627636,17.0412114111293,7.203003331351898,2.358984331656786,2.4237281274686096,2.4623070710618653
05/10/2023 16:34:58.952145,846,True,True,True,True,Eyes,1.372844,-0.3531011,-2.932789,0.2455916,0.2487927,0.9369028,0.0,0.0,0.0,0.0,0.0,0.0,0.0,-1.19799,-0.03878316,3.03618,1.371072,-0.3549758,-2.940956,-0.06601571,-0.02884395,0.000719725,0.9974014,352.4352,356.667,0.3030994,0.4213005,-0.1084408,-0.9004143,0,0,0,1.840119,0.225876,-1.055823,0.5796,0.3285731,1.915,0.998335,0.005244016,0.05744296,0.002372597,0.9912828,-0.1317298,-0.05763301,0.1316468,0.98962,moving,17.615847473744832,7.456809372463011,16.839131587459715,9.735931295482942,0.469047,0.5808518,1.885133,0.30030583649803577,0.12378857488231014,0.9457762375453888,17.057130076205567,7.298856353137659,2.3447453213273213,2.40783809837741,2.446805594178405
05/10/2023 16:34:58.972478,847,True,True,True,True,Eyes,1.372871,-0.3530935,-2.932793,0.2455839,0.2500894,0.9365596,0.0,0.0,0.0,0.0,0.0,0.0,0.0,-1.198345,-0.03778613,3.036046,1.371087,-0.3548959,-2.940953,-0.06586021,-0.02878542,0.0007706666,0.9974133,352.4532,356.6735,0.307997,0.4213159,-0.1084367,-0.9004076,0,0,0,1.840315,0.2280431,-1.056046,0.5796,0.331217,1.915,0.9983417,0.005328974,0.05732041,0.002254282,0.9913236,-0.1314241,-0.05752344,0.1313353,0.9896677,moving,17.61270837956805,7.5533525970293764,16.839131587459715,9.812755483606548,0.469228,0.582939,1.8849069999999999,0.30019332274916954,0.12538669416474493,0.9456014965020836,17.059226530828777,7.392044887387832,2.326127238023968,2.3881629879809037,2.430695697684554
05/10/2023 16:34:58.992594,848,True,True,True,True,Eyes,1.372896,-0.3530861,-2.9328,0.2455721,0.2513354,0.9362291,0.0,0.0,0.0,0.0,0.0,0.0,0.0,-1.198853,-0.03625405,3.035899,1.371111,-0.3549295,-2.940974,-0.06567304,-0.02869801,0.0009112955,0.9974281,352.4752,356.6826,0.3229097,0.4213304,-0.1084327,-0.9004013,0,0,0,1.840547,0.2300553,-1.056289,0.5796001,0.3338461,1.915,0.9983512,0.005587273,0.05712869,0.001951467,0.9913725,-0.1310606,-0.05736808,0.1309559,0.989727,moving,17.608078998000586,7.647347497343462,16.839134328329035,9.889114308903052,0.46943599999999996,0.5849848,1.8846850000000002,0.30005702729468287,0.1269435115970686,0.9454370378363984,17.059751414280655,7.48278555053943,2.3088416731648675,2.369977709267819,2.416420905376709
05/10/2023 16:34:59.007283,849,True,True,True,True,Eyes,1.37294,-0.3530753,-2.932807,0.2455562,0.252591,0.9358953,0.0,0.0,0.0,0.0,0.0,0.0,0.0,-1.198609,-0.03603503,3.036077,1.371098,-0.3549278,-2.941061,-0.06566922,-0.02873076,0.0009951071,0.9974273,352.4759,356.6782,0.3328078,0.421344,-0.1084289,-0.9003954,0,0,0,1.840336,0.232857,-1.05671,0.5796001,0.3365943,1.915,0.9983472,0.005758547,0.05718299,0.001788359,0.9913731,-0.1310577,-0.05744437,0.1309434,0.9897242,moving,17.614978215977004,7.723350837638487,16.839134328329035,9.968894325025715,0.46923800000000004,0.5877848,1.8843509999999999,0.30012216712600054,0.12819477630119458,0.9452475111473237,17.070433303557632,7.55607701657259,2.3150759640011294,2.3757944548609227,2.4238784168998215
05/10/2023 16:34:59.027275,850,True,True,True,True,Eyes,1.372985,-0.3530642,-2.932812,0.2455387,0.2538017,0.9355723,0.0,0.0,0.0,0.0,0.0,0.0,0.0,-1.198936,-0.03693849,3.035936,1.371132,-0.3548836,-2.94105,-0.06576572,-0.02868862,0.0008827609,0.9974222,352.4644,356.6839,0.3198634,0.4213572,-0.108425,-0.9003897,0,0,0,1.840643,0.2357518,-1.057185,0.5795999,0.3392262,1.915,0.9983524,0.005534427,0.05711324,0.002012486,0.9913482,-0.131243,-0.05734546,0.1311418,0.9897037,moving,17.608557776683295,7.790728602445762,16.83912884659031,10.045261576304748,0.469511,0.5906354,1.8838650000000001,0.2999723383298808,0.12931265344017168,0.9451428032551672,17.067819784633244,7.62114553971039,2.3211450930566233,2.382213216461003,2.4348794844954633
05/10/2023 16:34:59.042520,851,True,True,True,True,Eyes,1.373033,-0.3530553,-2.932817,0.2455003,0.2550222,0.9352504,0.0,0.0,0.0,0.0,0.0,0.0,0.0,-1.198698,-0.03785902,3.036013,1.371164,-0.3548667,-2.941031,-0.06587213,-0.02873867,0.0007823492,0.9974139,352.4519,356.6788,0.3090287,0.4213703,-0.1084211,-0.900384,0,0,0,1.840585,0.238652,-1.057579,0.5796003,0.341835,1.915,0.998347,0.005346806,0.05722562,0.002225502,0.9913205,-0.1314485,-0.05743176,0.1313586,0.9896699,moving,17.611575534851394,7.85774708168142,16.83913981006744,10.120922987149259,0.46942099999999987,0.5935187,1.8834520000000001,0.29997831424516447,0.13041783097374626,0.9449890109624677,17.07428395363374,7.6857959323935265,2.3303321796088454,2.3913640726607657,2.44645387061699
05/10/2023 16:34:59.052042,852,True,True,True,True,Eyes,1.373082,-0.3530466,-2.932825,0.2454509,0.2561992,0.9349416,0.0,0.0,0.0,0.0,0.0,0.0,0.0,-1.197967,-0.03808829,3.036305,1.37116,-0.3549323,-2.941031,-0.06590287,-0.02886017,0.0007479606,0.9974083,352.4483,356.665,0.3060936,0.4213832,-0.1084172,-0.9003785,0,0,0,1.840154,0.2415653,-1.057882,0.5796001,0.344752,1.915,0.998333,0.00529598,0.05747216,0.002311891,0.9913126,-0.1315073,-0.05766933,0.131421,0.9896478,moving,17.623717435952717,7.929182550679801,16.839134328329035,10.205480700541823,0.46899400000000013,0.5964976,1.8831490000000002,0.3001316898442988,0.13158926699470205,0.9447778592690519,17.089776517220617,7.754639704903053,2.34692763577834,2.4077175747653,2.4636239755198037
05/10/2023 16:34:59.072404,853,True,True,True,True,Eyes,1.373125,-0.3530402,-2.932832,0.2453937,0.2573768,0.9346331,0.0,0.0,0.0,0.0,0.0,0.0,0.0,-1.196898,-0.03912896,3.036794,1.371218,-0.3549304,-2.941088,-0.06601465,-0.029052,0.0006210461,0.9973955,352.4351,356.6437,0.2933057,0.4213959,-0.1084134,-0.9003729,0,0,0,1.839604,0.2443081,-1.058206,0.5796,0.3472154,1.915,0.9983112,0.005074572,0.05787066,0.002596859,0.9912834,-0.1317215,-0.05803465,0.1316493,0.9895961,moving,17.640985965637032,7.9947222172628765,16.839131587459715,10.276854538699912,0.46838599999999997,0.5992385,1.8828820000000002,0.30037319289496694,0.13265931918388854,0.9445514103622366,17.10989744731733,7.817755200699198,2.3588342494595254,2.4189043751975237,2.4739611365217486
05/10/2023 16:34:59.082261,854,True,True,True,True,Eyes,1.373168,-0.3530363,-2.932836,0.2453372,0.258502,0.9343374,0.0,0.0,0.0,0.0,0.0,0.0,0.0,-1.196648,-0.03997758,3.036899,1.371235,-0.3549756,-2.941093,-0.06610621,-0.02910282,0.0004910183,0.9973881,352.4242,356.6388,0.2790162,0.4214084,-0.1084096,-0.9003676,0,0,0,1.83956,0.247162,-1.058618,0.5796001,0.3499276,1.915,0.9983056,0.004827225,0.05798869,0.002868282,0.9912594,-0.1318956,-0.05811852,0.1318385,0.989566,moving,17.64219714232961,8.058473140277382,16.839134328329035,10.355399754594313,0.4683250000000001,0.6021376,1.882475,0.30035033151621376,0.1337112202474764,0.9444103931472968,17.114447035723767,7.879266052553134,2.3729118674308762,2.4332656564353927,2.491392220674451
05/10/2023 16:34:59.102020,855,True,True,True,True,Eyes,1.373188,-0.3530308,-2.932842,0.2452629,0.2596026,0.9340517,0.0,0.0,0.0,0.0,0.0,0.0,0.0,-1.196589,-0.03949451,3.036887,1.37127,-0.3550342,-2.941027,-0.06603783,-0.02911866,0.0004940575,0.9973922,352.432,356.637,0.2792526,0.4214208,-0.1084061,-0.9003623,0,0,0,1.839537,0.2495124,-1.058808,0.5796001,0.3526118,1.915,0.9983037,0.004831404,0.05802019,0.002860328,0.9912775,-0.13176,-0.0581507,0.1317024,0.9895822,moving,17.641973292428737,8.134646558791767,16.839134328329035,10.433095368037524,0.468267,0.6045466,1.882219,0.300294954354868,0.1349691389290883,0.9442490403711348,17.118272573459,7.952775544509768,2.3745143902012398,2.4346287871049097,2.495977681566683
05/10/2023 16:34:59.127375,856,True,True,True,True,Eyes,1.373207,-0.3530274,-2.932847,0.245193,0.2606624,0.9337748,0.0,0.0,0.0,0.0,0.0,0.0,0.0,-1.196577,-0.03961924,3.036911,1.37128,-0.3549531,-2.941053,-0.06601776,-0.02912559,0.0004315242,0.9973933,352.4341,356.6367,0.2720267,0.4214323,-0.1084027,-0.9003572,0,0,0,1.839588,0.2520208,-1.059139,0.5796,0.3552016,1.915,0.9983031,0.004706412,0.05804236,0.002984814,0.9912829,-0.1317165,-0.05815631,0.1316662,0.9895867,moving,17.639261400434496,8.204751456088392,16.839131587459715,10.508021767015043,0.46830799999999995,0.6069739000000001,1.881914,0.30020217946147065,0.13612854373480116,0.9441120389895608,17.119378121517965,8.02044770443082,2.378159378008659,2.438290762564467,2.503310375621336
05/10/2023 16:34:59.142117,857,True,True,True,True,Eyes,1.373224,-0.3530255,-2.932853,0.2451255,0.2617054,0.9335009,0.0,0.0,0.0,0.0,0.0,0.0,0.0,-1.1967,-0.0399023,3.036873,1.371265,-0.3550019,-2.941069,-0.06606923,-0.02910297,0.0004222775,0.9973905,352.4282,356.6393,0.2709647,0.421443,-0.1083995,-0.9003526,0,0,0,1.839677,0.2547885,-1.059588,0.5796,0.3578598,1.915,0.9983057,0.004687972,0.05799824,0.003003271,0.9912694,-0.1318182,-0.05810985,0.1317691,0.9895757,moving,17.634224600903153,8.263631492050493,16.839131587459715,10.58488928537542,0.46841200000000005,0.6097904,1.8814810000000002,0.30007846082617445,0.1371043054583303,0.9440103199717698,17.1176473492559,8.077305399272856,2.392840392270823,2.453652510666145,2.5230037604827595
05/10/2023 16:34:59.152044,858,True,True,True,True,Eyes,1.373242,-0.3530243,-2.93286,0.245054,0.2627147,0.933236,0.0,0.0,0.0,0.0,0.0,0.0,0.0,-1.196777,-0.03848556,3.036879,1.371272,-0.3550361,-2.94108,-0.06591535,-0.02908215,0.0005998098,0.9974013,352.4464,356.6405,0.2907462,0.4214531,-0.1083965,-0.9003482,0,0,0,1.839596,0.2573125,-1.05984,0.5796002,0.3608359,1.915,0.9983078,0.005030422,0.05793408,0.002637419,0.9913096,-0.131523,-0.05809222,0.1314532,0.9896188,moving,17.634253406694643,8.33825133500669,16.839137069198276,10.670903839100838,0.46832399999999996,0.6123486,1.88124,0.30002701724257275,0.1383359595824776,0.9438468410812267,17.12163397920623,8.149313769836718,2.4034825640026525,2.464442674320166,2.5373649681461807
05/10/2023 16:34:59.172035,859,True,True,True,True,Eyes,1.373259,-0.3530218,-2.932867,0.2449741,0.2637141,0.9329751,0.0,0.0,0.0,0.0,0.0,0.0,0.0,-1.196379,-0.03881067,3.037068,1.371304,-0.3550525,-2.9411,-0.06600376,-0.02914839,0.000679654,0.9973934,352.4366,356.6322,0.3007607,0.4214626,-0.1083937,-0.9003441,0,0,0,1.839305,0.2601274,-1.060235,0.5796001,0.3632698,1.915,0.9982998,0.005203571,0.05805511,0.002492042,0.9912862,-0.131703,-0.05823455,0.1316238,0.9895877,moving,17.640408077996767,8.38791437898472,16.839134328329035,10.741211718393442,0.4680009999999999,0.6151799,1.880865,0.300093811462789,0.13915095860761337,0.9437058272946862,17.130200804633393,8.197192328477694,2.4246483310037727,2.4859702310314904,2.560616009849101
05/10/2023 16:34:59.182331,860,True,True,True,True,Eyes,1.373275,-0.3530205,-2.932875,0.2449017,0.2646639,0.9327251,0.0,0.0,0.0,0.0,0.0,0.0,0.0,-1.196325,-0.03920797,3.037112,1.371314,-0.3550183,-2.941129,-0.06592595,-0.02917577,0.0003585613,0.9973978,352.4444,356.6315,0.2636815,0.4214714,-0.1083911,-0.9003403,0,0,0,1.83953,0.262145,-1.060457,0.5796,0.3659006,1.915,0.9982973,0.004562137,0.05815243,0.003131624,0.9913073,-0.1315297,-0.05824698,0.1314878,0.9896051,moving,17.633977333767326,8.466284474703391,16.839131587459715,10.817170632673628,0.4682160000000002,0.6171633000000001,1.8806720000000001,0.29993236163130055,0.14044911680448482,0.9435648143244963,17.128160538510496,8.272868593750113,2.420450401615762,2.4816215441036467,2.560666046132504
05/10/2023 16:34:59.202195,861,True,True,True,True,Eyes,1.373287,-0.3530183,-2.932883,0.2448231,0.2656061,0.932478,0.0,0.0,0.0,0.0,0.0,0.0,0.0,-1.1966,-0.03869322,3.037024,1.371285,-0.3550445,-2.941154,-0.06581801,-0.02912904,0.0002941523,0.9974064,352.4566,356.6375,0.255529,0.4214797,-0.1083886,-0.9003367,0,0,0,1.83975,0.264312,-1.060739,0.5796,0.3685912,1.915,0.9983029,0.00442121,0.05806826,0.003247653,0.9913358,-0.1313118,-0.0581457,0.1312775,0.989639,moving,17.624800496463617,8.538917242370404,16.839131587459715,10.894816362542977,0.4684649999999999,0.6193565,1.880415,0.29972926146608103,0.1416546390734968,0.9434492589348804,17.123169138362663,8.343029082987714,2.421997567415628,2.483452495822154,2.5675466208859765
05/10/2023 16:34:59.227220,862,True,True,True,True,Eyes,1.373299,-0.3530163,-2.93289,0.2447403,0.266519,0.9322392,0.0,0.0,0.0,0.0,0.0,0.0,0.0,-1.196112,-0.03813341,3.037226,1.371275,-0.3550193,-2.941164,-0.06577276,-0.0292011,0.0004213921,0.9974073,352.4622,356.6282,0.2705908,0.4214873,-0.1083863,-0.9003334,0,0,0,1.839344,0.2669714,-1.060991,0.5796,0.3712802,1.915,0.9982942,0.004681872,0.05819533,0.003000675,0.9913476,-0.131229,-0.0583062,0.1311798,0.9896425,moving,17.632995125592224,8.597236954677742,16.839131587459715,10.972375470738637,0.46806900000000007,0.6219907,1.880173,0.29982260970529656,0.14261048613146343,0.9432755534712981,17.1341613906987,8.399245941493207,2.4426633467884638,2.5042967650923913,2.5899880615697906
05/10/2023 16:34:59.242336,863,True,True,True,True,Eyes,1.373304,-0.353013,-2.932893,0.2446611,0.2674259,0.9320002,0.0,0.0,0.0,0.0,0.0,0.0,0.0,-1.195716,-0.03829131,3.037362,1.371307,-0.355022,-2.94113,-0.06585189,-0.02926521,0.0005470788,0.9974002,352.4536,356.6198,0.2858418,0.4214945,-0.1083842,-0.9003303,0,0,0,1.839015,0.270077,-1.061363,0.5796002,0.3739805,1.915,0.9982865,0.004945651,0.05830619,0.002763025,0.9913265,-0.1313933,-0.0584503,0.1313293,0.9896142,moving,17.639947797442616,8.640803161735498,16.839137069198276,11.050219559744308,0.467708,0.6250990000000001,1.8797669999999997,0.29990583689664435,0.14332375020393417,0.9431409387079235,17.143173886834578,8.441234978170401,2.4764994265078104,2.5390126430297624,2.62664023676041
05/10/2023 16:34:59.253392,864,True,True,True,True,Eyes,1.373309,-0.3530104,-2.932893,0.2445876,0.2682928,0.9317703,0.0,0.0,0.0,0.0,0.0,0.0,0.0,-1.195892,-0.03839907,3.037203,1.371293,-0.3549768,-2.941051,-0.06587297,-0.02923357,0.0005658286,0.9973996,352.4512,356.6233,0.2878355,0.421501,-0.1083821,-0.9003275,0,0,0,1.839112,0.2729952,-1.061711,0.5795999,0.3767815,1.915,0.9982902,0.004980118,0.05824054,0.002722689,0.9913208,-0.1314364,-0.05838963,0.1313703,0.9896123,moving,17.634077791003584,8.691323308242154,16.83912884659031,11.130922994357325,0.467819,0.627972,1.8793399999999998,0.29977233688088983,0.144161640619667,0.943055661126376,17.140196526894506,8.490031635165513,2.5021118684694836,2.5658508243304055,2.6579971631244694
05/10/2023 16:34:59.277113,865,True,True,True,True,Eyes,1.373339,-0.3530061,-2.932895,0.2445181,0.2691492,0.9315416,0.0,0.0,0.0,0.0,0.0,0.0,0.0,-1.196168,-0.03798062,3.037059,1.371318,-0.3549902,-2.940996,-0.06581924,-0.02919139,0.000592145,0.9974043,352.4575,356.628,0.2903633,0.4215069,-0.1083802,-0.9003249,0,0,0,1.839278,0.2754729,-1.061983,0.5795999,0.3794723,1.915,0.9982951,0.005023926,0.05815328,0.002661494,0.9913349,-0.1313314,-0.05830918,0.1312622,0.9896314,moving,17.627758084821107,8.749562386430616,16.83912884659031,11.208409207008426,0.46795999999999993,0.6304631,1.8790130000000003,0.2996255941674882,0.14512717057409952,0.9429542689334122,17.137195254775804,8.546280509583529,2.5176985838097927,2.582220703669245,2.678763294011209
05/10/2023 16:34:59.293060,866,True,True,True,True,Eyes,1.373365,-0.3529993,-2.932896,0.2444586,0.2699773,0.9313175,0.0,0.0,0.0,0.0,0.0,0.0,0.0,-1.196412,-0.03825507,3.037028,1.371363,-0.3549923,-2.941045,-0.0658474,-0.02916024,0.0005507863,0.9974035,352.4541,356.6319,0.285455,0.4215131,-0.1083782,-0.9003223,0,0,0,1.839492,0.2780097,-1.062421,0.5796,0.3819728,1.915,0.9982988,0.004938965,0.05809651,0.002741541,0.9913276,-0.131385,-0.05824159,0.1313207,0.9896276,moving,17.62127222264652,8.798844530883706,16.839131587459715,11.280378200508457,0.4681289999999998,0.6330020000000001,1.8786239999999998,0.2994824118655367,0.14594505318390688,0.9428734601577496,17.13355863835571,8.59388714740546,2.5363885916311877,2.601874963692856,2.702576819759571
05/10/2023 16:34:59.302170,867,True,True,True,True,Eyes,1.373397,-0.3529926,-2.932898,0.2443702,0.270827,0.931094,0.0,0.0,0.0,0.0,0.0,0.0,0.0,-1.196815,-0.03919044,3.036775,1.371281,-0.3549251,-2.941007,-0.06595784,-0.02908524,0.0004639356,0.9973984,352.4411,356.6411,0.2752501,0.4215192,-0.1083762,-0.9003196,0,0,0,1.839797,0.2812239,-1.06296,0.5796001,0.3848277,1.915,0.9983077,0.004762257,0.05795794,0.002911342,0.9912987,-0.1315995,-0.05808034,0.1315455,0.9896072,moving,17.60667708251336,8.840914588802104,16.839134328329035,11.36250339692346,0.46851599999999993,0.6361490000000001,1.878047,0.2992106757738024,0.14665043643784906,0.942850314953871,17.121723486788426,8.634595441164553,2.5683021031606477,2.6358171402325583,2.7425058701070313
05/10/2023 16:34:59.322109,868,True,True,True,True,Eyes,1.373429,-0.3529852,-2.932897,0.2442929,0.2716446,0.9308761,0.0,0.0,0.0,0.0,0.0,0.0,0.0,-1.196906,-0.03971455,3.036772,1.37129,-0.3549379,-2.941041,-0.06602393,-0.02907408,0.0004106832,0.9973944,352.4333,356.6428,0.269252,0.4215256,-0.1083742,-0.900317,0,0,0,1.839912,0.2839735,-1.063426,0.5796,0.3874221,1.915,0.9983091,0.004658396,0.05794242,0.003019944,0.9912813,-0.1317277,-0.05805087,0.1316799,0.9895911,moving,17.600909488649528,8.88559494504629,16.839131587459715,11.437093945416981,0.4686220000000001,0.6389114,1.8776149999999998,0.2990824444802717,0.14739185642930996,0.9427754002480162,17.118535011349287,8.67775589117115,2.5940353293242446,2.6627904009955037,2.773447812901909
05/10/2023 16:34:59.342175,869,True,True,True,True,Eyes,1.373462,-0.3529774,-2.932897,0.2441705,0.2725101,0.9306552,0.0,0.0,0.0,0.0,0.0,0.0,0.0,-1.197498,-0.04018012,3.036488,1.371341,-0.3549142,-2.940975,-0.06607328,-0.02898908,0.0003449273,0.9973936,352.4274,356.6531,0.2611906,0.4215321,-0.1083721,-0.9003142,0,0,0,1.840366,0.2866718,-1.063836,0.5796,0.3900096,1.915,0.9983191,0.004518863,0.05778145,0.00314275,0.9912685,-0.1318221,-0.05787262,0.1317821,0.989588,moving,17.583949775554085,8.934815263069126,16.839131587459715,11.511447001445713,0.469025,0.641586,1.877139,0.2987661044290271,0.14821708672114775,0.9427463068119116,17.104800179051846,8.725382120553476,2.611844875559298,2.6821232724328192,2.798702792562944
05/10/2023 16:34:59.352104,870,True,True,True,True,Eyes,1.373494,-0.3529705,-2.932897,0.2440576,0.273344,0.9304401,0.0,0.0,0.0,0.0,0.0,0.0,0.0,-1.197567,-0.0406234,3.036449,1.371284,-0.3549115,-2.940996,-0.06614579,-0.02896811,0.0003427939,0.9973894,352.4191,356.6555,0.2610322,0.4215389,-0.1083699,-0.9003112,0,0,0,1.840402,0.28962,-1.064326,0.5796,0.3927116,1.915,0.9983215,0.004516034,0.05773961,0.003148439,0.9912493,-0.1319661,-0.05783031,0.1319264,0.9895712,moving,17.576175568152344,8.977908382536185,16.839131587459715,11.589048339821256,0.46911800000000015,0.6445315,1.87667,0.29860562356854786,0.14893391722023305,0.9426840425171339,17.099593474899926,8.767026061523989,2.641371008972819,2.71316894166322,2.8340166079285796
05/10/2023 16:34:59.372426,871,True,True,True,True,Eyes,1.373513,-0.3529645,-2.932896,0.2438975,0.2745005,0.9301416,0.0,0.0,0.0,0.0,0.0,0.0,0.0,-1.197923,-0.04090095,3.036302,1.371264,-0.3549293,-2.941,-0.06619254,-0.02890662,0.0003333563,0.9973882,352.4137,356.6626,0.2596332,0.4215458,-0.1083677,-0.9003083,0,0,0,1.840638,0.2924112,-1.0648,0.5795999,0.3953836,1.915,0.9983286,0.004491776,0.0576181,0.003161834,0.9912369,-0.1320586,-0.05770637,0.13202,0.9895659,moving,17.561609017523676,9.043852246720109,16.83912884659031,11.665745711764872,0.46937399999999996,0.6473405,1.8761999999999999,0.29831582506578475,0.1500330403456585,0.9426015416797379,17.0890524747059,8.830772502795014,2.6470234554233563,2.719614483605414,2.8459681859548804
05/10/2023 16:34:59.392993,872,True,True,True,True,Eyes,1.373528,-0.3529592,-2.932898,0.2437388,0.2756073,0.9298559,0.0,0.0,0.0,0.0,0.0,0.0,0.0,-1.198157,-0.0401704,3.036183,1.371211,-0.3549487,-2.940985,-0.06611551,-0.0288547,0.0004257658,0.9973947,352.4228,356.6679,0.2696286,0.4215524,-0.1083655,-0.9003054,0,0,0,1.840693,0.2947901,-1.065087,0.5796,0.3979991,1.915,0.9983345,0.004664799,0.05750274,0.002966174,0.9912571,-0.1319111,-0.05761534,0.131862,0.9895923,moving,17.551179281391192,9.117899005426134,16.839131587459715,11.740780265908533,0.46948199999999995,0.6497388,1.875898,0.29808775310451996,0.15126239208186953,0.9424772471493991,17.08292851976783,8.902306982266404,2.645025630593137,2.7178149357568255,2.848923924248062
05/10/2023 16:34:59.402145,873,True,True,True,True,Eyes,1.373534,-0.352953,-2.932899,0.2435348,0.2769327,0.9295155,0.0,0.0,0.0,0.0,0.0,0.0,0.0,-1.197897,-0.03934684,3.036305,1.371154,-0.3549595,-2.941019,-0.06603584,-0.02888077,0.0005593438,0.9973992,352.4324,356.664,0.2849575,0.4215588,-0.1083634,-0.9003026,0,0,0,1.8404,0.2972946,-1.065363,0.5795999,0.4006939,1.915,0.9983312,0.004930111,0.05753744,0.002698555,0.9912779,-0.1317605,-0.05768519,0.1316959,0.9896103,moving,17.54841723201657,9.205030620079592,16.83912884659031,11.818047110618316,0.46924600000000005,0.6522541,1.8756559999999998,0.2979756178897831,0.15270107424036927,0.9422806890463259,17.084889057071234,8.986410404389469,2.635403319529506,2.707571826106909,2.842281568936861
05/10/2023 16:34:59.421978,874,True,True,True,True,Eyes,1.373538,-0.3529475,-2.932902,0.2433309,0.2782068,0.9291884,0.0,0.0,0.0,0.0,0.0,0.0,0.0,-1.197506,-0.03882724,3.036438,1.371096,-0.3549389,-2.94102,-0.06602127,-0.02892607,0.0007387941,0.9973986,352.4347,356.6574,0.3059435,0.4215647,-0.1083612,-0.9003001,0,0,0,1.83998,0.2975564,-1.065333,0.5796002,0.4007999,1.915,0.9983255,0.005293215,0.05760408,0.002345727,0.9912813,-0.1317418,-0.05779918,0.1316563,0.989609,moving,17.548623042675214,9.280147157005018,16.839137069198276,11.821085513920774,0.46888399999999986,0.6524953,1.8756869999999999,0.2979210958594883,0.153939050208714,0.9420965038775649,17.089072639841422,9.058896748187406,2.569100126598621,2.638131550966756,2.773473375934289
05/10/2023 16:34:59.442073,875,True,True,True,True,Eyes,1.373569,-0.3529409,-2.932904,0.2431222,0.2796039,0.9288236,0.0,0.0,0.0,0.0,0.0,0.0,0.0,-1.197043,-0.03836069,3.036654,1.371076,-0.3549542,-2.941055,-0.06600724,-0.0289908,0.0008881565,0.9973975,352.4368,356.6488,0.3236101,0.4215701,-0.1083591,-0.9002979,0,0,0,1.839554,0.297649,-1.065305,0.5796001,0.4008,1.915,0.9983175,0.005598896,0.05771346,0.002055516,0.9912845,-0.1317224,-0.05794796,0.1316194,0.9896052,static,17.550344746779984,9.364021337166777,16.839134328329035,11.821088380307142,0.46847799999999995,0.6526031999999999,1.87575,0.2978842357436285,0.15531987248431428,0.9418814916176561,17.09518190145319,9.139822798765795,2.4925885418847433,2.557928598260653,2.6934634726428026
05/10/2023 16:34:59.452169,876,True,True,True,True,Eyes,1.3736,-0.3529325,-2.932909,0.2429216,0.2809463,0.928471,0.0,0.0,0.0,0.0,0.0,0.0,0.0,-1.197325,-0.0374791,3.036554,1.371072,-0.3549909,-2.941053,-0.06593979,-0.02893477,0.00105565,0.9974036,352.4451,356.654,0.3422628,0.4215757,-0.1083569,-0.9002956,0,0,0,1.839586,0.2975317,-1.065284,0.5796,0.4007999,1.915,0.9983234,0.005921723,0.05758005,0.001710086,0.9913017,-0.1315982,-0.05785849,0.1314761,0.9896295,static,17.539541663574926,9.449220242770652,16.839131587459715,11.821085513920774,0.4685139999999999,0.6525226,1.8757690000000002,0.29763939271526785,0.15673282573292893,0.9417248740014826,17.08928976989304,9.222121990839534,2.410949447891696,2.4731193135818903,2.610975011474678
05/10/2023 16:34:59.477475,877,True,True,True,True,Eyes,1.373649,-0.352923,-2.932914,0.2427191,0.2823639,0.9280938,0.0,0.0,0.0,0.0,0.0,0.0,0.0,-1.197461,-0.03730759,3.036572,1.371086,-0.3549403,-2.941125,-0.06593802,-0.02890936,0.001139921,0.9974043,352.4456,356.6563,0.3517791,0.4215814,-0.1083547,-0.9002931,0,0,0,1.839609,0.2976619,-1.065386,0.5796001,0.4008,1.915,0.9983259,0.006086376,0.0575183,0.001538527,0.9913018,-0.1315996,-0.05781896,0.1314678,0.9896329,static,17.529936421463365,9.534409292063652,16.839134328329035,11.821088380307142,0.468523,0.6526022,1.875739,0.2974137135413193,0.1581444779469012,0.9415601107836524,17.08455162190951,9.304402607588798,2.3297836433184944,2.3887462788016753,2.5286235240919694
05/10/2023 16:34:59.493277,878,True,True,True,True,Eyes,1.373696,-0.3529139,-2.93292,0.2425279,0.2837227,0.9277293,0.0,0.0,0.0,0.0,0.0,0.0,0.0,-1.197824,-0.03765187,3.036419,1.371075,-0.3549644,-2.941121,-0.06600682,-0.02884703,0.001153218,0.9974015,352.4377,356.6634,0.3530727,0.4215878,-0.1083523,-0.9002904,0,0,0,1.839824,0.2979044,-1.065531,0.5796,0.4008,1.915,0.9983331,0.006108645,0.05739191,0.00150776,0.9912835,-0.1317372,-0.05769639,0.1316041,0.9896219,static,17.51459743668537,9.609764468226242,16.839131587459715,11.821088380307142,0.46874899999999986,0.6528688,1.8755899999999999,0.2971009174932923,0.15939893115470138,0.941447307300612,17.073765437982626,9.377236865344534,2.2557383065731207,2.3121867479965608,2.4550892592727136
05/10/2023 16:34:59.503902,879,True,True,True,True,Eyes,1.373742,-0.3529006,-2.932926,0.2423486,0.285124,0.9273464,0.0,0.0,0.0,0.0,0.0,0.0,0.0,-1.198092,-0.03763583,3.036345,1.371078,-0.3549667,-2.941151,-0.06599436,-0.02880458,0.001127989,0.9974035,352.439,356.6685,0.3497975,0.4215947,-0.1083498,-0.9002874,0,0,0,1.840016,0.2978265,-1.065583,0.5796001,0.4007999,1.915,0.9983381,0.006052,0.05731069,0.001551759,0.991287,-0.131711,-0.05760846,0.131581,0.98963,static,17.50177710660874,9.698650005658425,16.839134328329035,11.821085513920774,0.4689380000000001,0.6527932000000001,1.8755680000000001,0.2968182676656775,0.16087404614836476,0.9412854732474735,17.066124627834533,9.463108943151049,2.170209930814284,2.223472045774154,2.3688769711339064
05/10/2023 16:34:59.522107,880,True,True,True,True,Eyes,1.373789,-0.3528893,-2.932934,0.2421739,0.286475,0.9269756,0.0,0.0,0.0,0.0,0.0,0.0,0.0,-1.197983,-0.03844386,3.036373,1.371034,-0.3548782,-2.941179,-0.0660766,-0.02881951,0.001042314,0.9973978,352.4293,356.6673,0.3403141,0.421602,-0.108347,-0.9002843,0,0,0,1.840008,0.2981333,-1.065694,0.5796,0.4008,1.915,0.9983367,0.005887793,0.05735129,0.001729388,0.9912657,-0.1318694,-0.05762678,0.1317492,0.9896066,static,17.493598424453165,9.775810226673352,16.839131587459715,11.821088380307142,0.468974,0.6530115,1.875485,0.29662103336142986,0.1621519345725222,0.9411283648597336,17.062335470929394,9.537630898645018,2.097059812010286,2.147437907473894,2.294340437719449
05/10/2023 16:34:59.542066,881,True,True,True,True,Eyes,1.373854,-0.3528757,-2.93294,0.2420083,0.2878455,0.9265943,0.0,0.0,0.0,0.0,0.0,0.0,0.0,-1.197769,-0.03919116,3.036493,1.371076,-0.3549187,-2.9412,-0.06617966,-0.0288648,0.0009812576,0.9973899,352.4173,356.6625,0.3339725,0.4216097,-0.1083441,-0.9002811,0,0,0,1.839944,0.2984165,-1.065802,0.5796,0.4007999,1.915,0.9983317,0.005777916,0.05744901,0.001863131,0.9912385,-0.1320705,-0.05770877,0.1319572,0.9895742,static,17.489969952657972,9.851331325164718,16.839131587459715,11.821085513920774,0.46886800000000006,0.6533351999999999,1.875398,0.29649963741231605,0.16339875091690642,0.9409510397171523,17.062844948586672,9.610536660316187,2.027120701439038,2.074493225280808,2.2218402062523026
05/10/2023 16:34:59.552132,882,True,True,True,True,Eyes,1.373916,-0.352863,-2.932948,0.2418418,0.2891652,0.9262268,0.0,0.0,0.0,0.0,0.0,0.0,0.0,-1.197525,-0.03943536,3.036566,1.371059,-0.3549117,-2.941188,-0.06620596,-0.02890388,0.0009524691,0.9973869,352.4142,356.6582,0.3310421,0.4216182,-0.108341,-0.9002776,0,0,0,1.839808,0.2984942,-1.065785,0.5796001,0.4008,1.915,0.9983273,0.005727178,0.05753058,0.001927258,0.9912317,-0.132121,-0.05778282,0.1320108,0.9895627,static,17.48669506422229,9.9315154572779,16.839134328329035,11.821088380307142,0.4687490000000001,0.6534059,1.875403,0.29637973423610986,0.16472184949674729,0.9407581089679877,17.06394260958449,9.68793960140854,1.9532791806505856,1.9974535634441881,2.1449621153385494
05/10/2023 16:34:59.572007,883,True,True,True,True,Eyes,1.373964,-0.3528533,-2.932954,0.2416838,0.2905099,0.9258472,0.0,0.0,0.0,0.0,0.0,0.0,0.0,-1.19688,-0.03994986,3.036827,1.371043,-0.3549215,-2.941209,-0.06627546,-0.02900901,0.0009193178,0.9973792,352.4061,356.6462,0.3282627,0.4216273,-0.1083376,-0.9002737,0,0,0,1.839426,0.298716,-1.065795,0.5796,0.4007999,1.915,0.9983153,0.005678989,0.05774411,0.002011355,0.9912134,-0.1322569,-0.05798783,0.1321502,0.9895321,static,17.491141318631406,10.009019541696423,16.839131587459715,11.821085513920774,0.468383,0.6536375,1.8754140000000001,0.2963886474158184,0.16599378660227773,0.9405317280244984,17.07233989696105,9.762697855666076,1.8850344348837809,1.9257984778361326,2.0715563876650163
05/10/2023 16:34:59.582718,884,True,True,True,True,Eyes,1.374009,-0.3528453,-2.932961,0.241532,0.2917939,0.9254829,0.0,0.0,0.0,0.0,0.0,0.0,0.0,-1.19656,-0.03977916,3.036956,1.371055,-0.3549839,-2.941196,-0.06625923,-0.02906339,0.0009267313,0.9973786,352.4081,356.6399,0.3294782,0.4216367,-0.1083343,-0.9002697,0,0,0,1.839221,0.2986043,-1.065711,0.5796,0.4008,1.915,0.998309,0.005700039,0.0578516,0.002002832,0.9912177,-0.1322249,-0.05809722,0.1321172,0.9895301,static,17.491590833695955,10.09102556628201,16.839131587459715,11.821088380307142,0.4681660000000001,0.6535882,1.875485,0.29632745695046137,0.16734309217700089,0.9403118169264557,17.077123881085775,9.841830751604489,1.811630424418061,1.8490052483624058,1.9935147585616322
05/10/2023 16:34:59.602232,885,True,True,True,True,Eyes,1.374046,-0.3528352,-2.932968,0.2414,0.2930711,0.9251138,0.0,0.0,0.0,0.0,0.0,0.0,0.0,-1.196601,-0.03919542,3.036952,1.37105,-0.3550158,-2.9412,-0.06617095,-0.02905544,0.000934628,0.9973848,352.4182,356.6408,0.3300241,0.4216462,-0.1083309,-0.9002656,0,0,0,1.839236,0.2982508,-1.065607,0.5796001,0.4008,1.915,0.9983099,0.00570962,0.05783522,0.001980885,0.991241,-0.1320501,-0.0580826,0.1319415,0.9895544,static,17.486575914475978,10.180557914446826,16.839134328329035,11.821088380307142,0.468186,0.6532666,1.8755929999999998,0.2961694654149041,0.16882092964766784,0.9400975024296134,17.077040419226773,9.928267942932754,1.7297152090170043,1.7636668667546982,1.9077129019400196
05/10/2023 16:34:59.627109,886,True,True,True,True,Eyes,1.374082,-0.3528244,-2.932972,0.2412745,0.2943037,0.9247551,0.0,0.0,0.0,0.0,0.0,0.0,0.0,-1.196786,-0.03882661,3.036894,1.371067,-0.3549657,-2.941207,-0.06609678,-0.02902848,0.0009223626,0.9973906,352.4267,356.6441,0.3281489,0.4216557,-0.1083275,-0.9002616,0,0,0,1.839368,0.2980096,-1.065542,0.5796,0.4008,1.915,0.998313,0.005677289,0.05778354,0.001997466,0.9912607,-0.1319021,-0.05802739,0.131795,0.9895772,static,17.479116800535458,10.266184580529035,16.839131587459715,11.821088380307142,0.46830099999999986,0.6529753,1.875665,0.2959739188094702,0.17023647643180556,0.9399037337071274,17.0743939756231,10.010954622958467,1.6506316261505658,1.6814597525721506,1.825358214372612
05/10/2023 16:34:59.643860,887,True,True,True,True,Eyes,1.374106,-0.3528145,-2.932978,0.241158,0.2955309,0.924394,0.0,0.0,0.0,0.0,0.0,0.0,0.0,-1.196959,-0.03938898,3.036782,1.371097,-0.3549383,-2.94116,-0.06619073,-0.02900477,0.0009300112,0.997385,352.4159,356.6467,0.3291722,0.421665,-0.1083241,-0.9002576,0,0,0,1.839483,0.298394,-1.06564,0.5796,0.4008,1.915,0.9983157,0.005694851,0.05773472,0.001984535,0.9912359,-0.1320892,-0.05798095,0.1319813,0.989555,static,17.47221472338272,10.331482022758285,16.839131587459715,11.821088380307142,0.46838599999999997,0.6533323,1.87552,0.29580445282122964,0.17131693825950714,0.9397607107191337,17.071205874155744,10.074019267037984,1.590032720677044,1.6185553303610223,1.7624156607011159
05/10/2023 16:34:59.659953,888,True,True,True,True,Eyes,1.374127,-0.3528038,-2.932981,0.2410456,0.2967066,0.9240466,0.0,0.0,0.0,0.0,0.0,0.0,0.0,-1.197097,-0.0394513,3.036748,1.371098,-0.3549522,-2.94118,-0.0662192,-0.02898002,0.0009664681,0.9973838,352.4128,356.6493,0.3332841,0.421674,-0.1083206,-0.9002539,0,0,0,1.83954,0.2985227,-1.065724,0.5796001,0.4008,1.915,0.9983185,0.005765947,0.0576804,0.001910188,0.9912282,-0.1321479,-0.0579364,0.1320359,0.9895503,static,17.46645439100262,10.400263228519488,16.839134328329035,11.821088380307142,0.468442,0.6534749,1.8754560000000002,0.2956504372571093,0.17245356037602655,0.9396012426544532,17.069303039165746,10.140437124019916,1.5270941747416475,1.5531498874819523,1.6963390818784028
05/10/2023 16:34:59.675715,889,True,True,True,True,Eyes,1.374157,-0.3527904,-2.932984,0.2409242,0.2978868,0.9236985,0.0,0.0,0.0,0.0,0.0,0.0,0.0,-1.197181,-0.03892121,3.03665,1.371058,-0.3549241,-2.941127,-0.06616713,-0.02895527,0.001057529,0.9973879,352.419,356.6515,0.3434155,0.4216826,-0.1083171,-0.9002503,0,0,0,1.839498,0.29845,-1.065636,0.5796001,0.4007999,1.915,0.9983209,0.005941308,0.05761933,0.001722242,0.9912416,-0.1320498,-0.05789921,0.1319274,0.989567,static,17.462103531280682,10.476934094271826,16.839134328329035,11.821085513920774,0.46843999999999997,0.6533741,1.8754909999999998,0.2955123834668011,0.17371851139270908,0.9394116481497349,17.06917726243123,10.21445788410554,1.458240242531602,1.48149710319342,1.6230132754897797
05/10/2023 16:34:59.693556,890,True,True,True,True,Eyes,1.374185,-0.3527804,-2.932987,0.2408072,0.299016,0.9233642,0.0,0.0,0.0,0.0,0.0,0.0,0.0,-1.197009,-0.03909108,3.036693,1.371074,-0.3548836,-2.941101,-0.06621472,-0.02898333,0.001119132,0.9973838,352.4138,356.6477,0.3508963,0.421691,-0.1083135,-0.9002467,0,0,0,1.839343,0.2987341,-1.065652,0.5796001,0.4008,1.915,0.9983174,0.006070654,0.0576668,0.001605838,0.9912287,-0.1321478,-0.05796321,0.1320181,0.9895511,static,17.462564414177656,10.540257718182195,16.839134328329035,11.821088380307142,0.46826900000000005,0.6536177000000001,1.8754490000000001,0.2954647010022097,0.17475936395728264,0.9392336753121671,17.072981030770187,10.275562067191135,1.4036779876374277,1.4244971944446396,1.5631173547678874
05/10/2023 16:34:59.702134,891,True,True,True,True,Eyes,1.374222,-0.3527712,-2.93299,0.2406949,0.3001446,0.9230272,0.0,0.0,0.0,0.0,0.0,0.0,0.0,-1.196832,-0.03920409,3.036788,1.371049,-0.3549551,-2.941132,-0.06619807,-0.02901366,0.00101196,0.9973842,352.4153,356.6451,0.3387141,0.4216993,-0.10831,-0.9002432,0,0,0,1.839314,0.2984906,-1.065621,0.5796,0.4008,1.915,0.9983144,0.005859922,0.05774155,0.001822672,0.9912336,-0.1321085,-0.05800951,0.1319911,0.9895521,static,17.459349399544166,10.616288475395587,16.839131587459715,11.821088380307142,0.46826499999999993,0.6534457,1.8755110000000002,0.2953450110513794,0.1760123697127623,0.9390372718322572,17.073916047176432,10.34895652395186,1.3369701521032045,1.355069350735126,1.4907367121730506
05/10/2023 16:34:59.722111,892,True,True,True,True,Eyes,1.37426,-0.3527603,-2.932993,0.240572,0.3012343,0.9227042,0.0,0.0,0.0,0.0,0.0,0.0,0.0,-1.196525,-0.03840962,3.036905,1.371049,-0.3549881,-2.941113,-0.06610803,-0.02905983,0.001100138,0.9973887,352.426,356.6391,0.3489242,0.4217077,-0.1083064,-0.9002397,0,0,0,1.839042,0.2982167,-1.065451,0.5796001,0.4008,1.915,0.9983087,0.006036708,0.05782244,0.001647646,0.991257,-0.1319348,-0.05811335,0.1318069,0.9895706,static,17.46293438898516,10.692409961846366,16.839134328329035,11.821088380307142,0.4679930000000001,0.6532047999999999,1.8756620000000002,0.29533656250294255,0.17726027620963394,0.9388051665309262,17.08140987570986,10.422387080109814,1.274396434713171,1.2895896587572753,1.4195290655820938
05/10/2023 16:34:59.741992,893,True,True,True,True,Eyes,1.374313,-0.3527459,-2.932994,0.2404488,0.302347,0.9223723,0.0,0.0,0.0,0.0,0.0,0.0,0.0,-1.195481,-0.03873855,3.037351,1.371114,-0.3549367,-2.94113,-0.06617609,-0.02923895,0.001164625,0.9973789,352.4185,356.6179,0.3579633,0.4217162,-0.1083028,-0.9002362,0,0,0,1.838355,0.2986009,-1.065396,0.5796002,0.4008,1.915,0.9982874,0.006192981,0.05817047,0.001546694,0.9912387,-0.1320733,-0.05847876,0.1319371,0.9895316,static,17.480107850541035,10.7535705393261,16.839137069198276,11.821088380307142,0.467241,0.6535375999999999,1.8757339999999998,0.29556428072041413,0.17824916221217604,0.9385462086496391,17.10120684966166,10.481277448464565,1.2327265438977744,1.2451658055648538,1.3652010485335115
05/10/2023 16:34:59.753049,894,True,True,True,True,Eyes,1.374366,-0.3527327,-2.932991,0.2403371,0.3034208,0.9220487,0.0,0.0,0.0,0.0,0.0,0.0,0.0,-1.195134,-0.04135525,3.037438,1.371189,-0.3548782,-2.941086,-0.06653539,-0.02931679,0.001012708,0.9973528,352.3767,356.6098,0.3422906,0.4217252,-0.108299,-0.9002324,0,0,0,1.838301,0.2998466,-1.065735,0.5796001,0.4008,1.915,0.998279,0.005921263,0.05834361,0.001881154,0.9911441,-0.1327779,-0.05861313,0.1326591,0.9894271,static,17.478839340886378,10.784473529032873,16.839134328329035,11.821088380307142,0.46711199999999997,0.6547248,1.8753509999999998,0.29551575415293324,0.1787581502055575,0.9384646351691949,17.101623752259272,10.511108614453686,1.2066759616906597,1.2181103615737636,1.3360193429066445
05/10/2023 16:34:59.772128,895,True,True,True,True,Eyes,1.374419,-0.3527199,-2.932987,0.2402487,0.3044512,0.9217321,0.0,0.0,0.0,0.0,0.0,0.0,0.0,-1.195265,-0.04315007,3.037278,1.37121,-0.3548948,-2.940988,-0.06670705,-0.02931579,0.0007036111,0.9973418,352.356,356.6122,0.307237,0.4217347,-0.1082952,-0.9002284,0,0,0,1.838657,0.3001478,-1.065831,0.5796001,0.4007999,1.915,0.9982802,0.005314621,0.05838185,0.002507659,0.9910994,-0.1331007,-0.05856959,0.1330182,0.9893815,static,17.466600988774456,10.838694030865659,16.839134328329035,11.821085513920774,0.46744699999999995,0.6550426,1.875157,0.2952659643964365,0.17966069928831666,0.9383709706740804,17.092704753822456,10.56352432470415,1.1556382840241162,1.1656789592120804,1.2828710400148737
05/10/2023 16:34:59.793936,896,True,True,True,True,Eyes,1.374465,-0.3527067,-2.932982,0.240164,0.3054215,0.9214331,0.0,0.0,0.0,0.0,0.0,0.0,0.0,-1.195965,-0.04390299,3.036955,1.37119,-0.3548975,-2.940959,-0.06664141,-0.02922156,0.0002467311,0.997349,352.3619,356.6266,0.253601,0.4217446,-0.1082913,-0.9002243,0,0,0,1.839479,0.2994175,-1.065758,0.5796002,0.4008,1.915,0.9982921,0.004386886,0.0582553,0.003402578,0.9911178,-0.1329439,-0.05832107,0.1329151,0.98941,static,17.441028327815385,10.920361714855524,16.839137069198276,11.821088380307142,0.4682890000000002,0.654315,1.875201,0.29477202834781185,0.1810269302584158,0.9382636618556597,17.07239002255434,10.642527626797598,1.0750875219444473,1.0833197187604764,1.2014209878149746
05/10/2023 16:34:59.802034,897,True,True,True,True,Eyes,1.374496,-0.3526958,-2.932977,0.2400736,0.3063739,0.9211405,0.0,0.0,0.0,0.0,0.0,0.0,0.0,-1.195964,-0.04227668,3.036901,1.371075,-0.3548724,-2.940936,-0.06638125,-0.02920169,0.0002777996,0.997367,352.3919,356.6288,0.2561347,0.4217548,-0.1082873,-0.90022,0,0,0,1.839399,0.2985032,-1.065417,0.5796001,0.4008,1.915,0.9982944,0.004431026,0.05821273,0.003322754,0.9911869,-0.1324292,-0.05828649,0.1323967,0.9894816,static,17.4381283963879,11.008991756170477,16.839134328329035,11.821088380307142,0.46832399999999996,0.6533756,1.8755190000000002,0.2946437578570936,0.18248566673981412,0.938021406018432,17.074297163228398,10.728078082823894,1.0034591379981759,1.0091059510794071,1.118021944919832
05/10/2023 16:34:59.822068,898,True,True,True,True,Eyes,1.374527,-0.3526859,-2.932973,0.2399786,0.307279,0.9208636,0.0,0.0,0.0,0.0,0.0,0.0,0.0,-1.19508,-0.04069126,3.037253,1.371047,-0.3548985,-2.940928,-0.06623,-0.02932914,0.0005394813,0.9973732,352.4102,356.6122,0.2867616,0.4217648,-0.1082834,-0.9002157,0,0,0,1.838603,0.2981944,-1.065118,0.5796,0.4008,1.915,0.998279,0.004961065,0.05843273,0.002808809,0.9912266,-0.1321437,-0.05857565,0.1320804,0.9895068,static,17.457400104939058,11.076209452153101,16.839131587459715,11.821088380307142,0.4675560000000001,0.6530929000000001,1.87581,0.2948986025430307,0.18357087273330758,0.9377294018031104,17.09643782851749,10.792797729061984,0.9646907822069375,0.9680395535896339,1.059994417497315
05/10/2023 16:34:59.842221,899,True,True,True,True,Eyes,1.374553,-0.3526774,-2.93297,0.239905,0.3081396,0.9205953,0.0,0.0,0.0,0.0,0.0,0.0,0.0,-1.194576,-0.03972057,3.037496,1.371098,-0.3549123,-2.940935,-0.06609113,-0.02941786,0.0005934373,0.9973797,352.4263,356.6017,0.2931793,0.4217746,-0.1082795,-0.9002116,0,0,0,1.838253,0.2977248,-1.064867,0.5796001,0.4008,1.915,0.9982685,0.005072284,0.05860311,0.002704754,0.9912632,-0.1318708,-0.05875999,0.131801,0.9895331,static,17.467603071855667,11.145382235441659,16.839134328329035,11.821088380307142,0.467155,0.6526371,1.876068,0.29500231473721766,0.1846966892574617,0.9374758107664785,17.109941559158564,10.859472668209902,0.9212487054644178,0.9227956197332738,0.9990201869941567
05/10/2023 16:34:59.852158,900,True,True,True,True,Eyes,1.374577,-0.3526681,-2.932966,0.2398369,0.3089629,0.920337,0.0,0.0,0.0,0.0,0.0,0.0,0.0,-1.194965,-0.03807643,3.037384,1.371115,-0.3549304,-2.940946,-0.06586325,-0.02935139,0.0006892107,0.9973966,352.4528,356.6088,0.3029237,0.4217842,-0.1082758,-0.9002075,0,0,0,1.838417,0.2969518,-1.064652,0.5796,0.4008,1.915,0.9982761,0.00524119,0.05845918,0.002491524,0.9913231,-0.131424,-0.05864075,0.1313431,0.9896011,static,17.462232519044164,11.219899254315179,16.839131587459715,11.821088380307142,0.4673019999999999,0.6518822,1.876294,0.29484490155627174,0.18592522422899505,0.9372824018238528,17.10871870926797,10.931422669255653,0.8655934314824427,0.8658424430301334,0.9296140562973482
05/10/2023 16:34:59.872221,901,True,True,True,True,Eyes,1.374576,-0.3526593,-2.932965,0.2397848,0.3097408,0.9200891,0.0,0.0,0.0,0.0,0.0,0.0,0.0,-1.195373,-0.03723556,3.037204,1.371079,-0.3549031,-2.940935,-0.06578576,-0.02927036,0.0008399473,0.9974041,352.4622,356.6171,0.3194173,0.4217935,-0.1082721,-0.9002036,0,0,0,1.838531,0.2968416,-1.06463,0.5796001,0.4008,1.915,0.9982851,0.005526679,0.05827824,0.002175612,0.991343,-0.1312791,-0.05849927,0.1311808,0.989631,static,17.456794230262044,11.272415038076222,16.839134328329035,11.821088380307142,0.467452,0.6517447000000001,1.8763050000000001,0.29470659191631465,0.1867925802930177,0.9371534677218225,17.106263324766328,10.982141861212748,0.8266063597744292,0.8261635376429678,0.8804482736868736
05/10/2023 16:34:59.894080,902,True,True,True,True,Eyes,1.374576,-0.3526504,-2.932965,0.2397353,0.3104905,0.9198492,0.0,0.0,0.0,0.0,0.0,0.0,0.0,-1.195,-0.03734514,3.037403,1.37108,-0.3548761,-2.940992,-0.06581753,-0.02932894,0.0008891737,0.9974002,352.4587,356.6099,0.325648,0.4218019,-0.1082685,-0.9002002,0,0,0,1.838257,0.2970423,-1.06468,0.5796,0.4008,1.915,0.998278,0.005634441,0.05838833,0.002086992,0.9913346,-0.131345,-0.05862242,0.1312407,0.9896157,static,17.463719534877868,11.314884890202078,16.839131587459715,11.821088380307142,0.46717699999999995,0.6519184,1.876312,0.29478038548755925,0.1874827021883616,0.9369923564837316,17.11519127794304,11.023073115999477,0.8049208906403883,0.8039602461904247,0.8444153686295519
05/10/2023 16:34:59.907316,903,True,True,True,True,Eyes,1.374613,-0.3526373,-2.932967,0.2397533,0.3111528,0.9196207,0.0,0.0,0.0,0.0,0.0,0.0,0.0,-1.195085,-0.03758532,3.037374,1.371104,-0.3548657,-2.94099,-0.06585781,-0.02931881,0.0008932542,0.9973979,352.4541,356.611,0.3261811,0.4218094,-0.108265,-0.9001971,0,0,0,1.838317,0.2972068,-1.064739,0.5796,0.4008,1.915,0.9982792,0.005643604,0.05836738,0.002079885,0.9913239,-0.1314252,-0.05860268,0.1313205,0.9896063,static,17.46537604054244,11.35202439938277,16.839131587459715,11.821088380307142,0.4672129999999999,0.6520725,1.8762510000000001,0.29477260294403307,0.18809050276745973,0.9368729993971984,17.118758247897155,11.05890042680582,0.78365275755193,0.7824341079078176,0.8118630091893139
05/10/2023 16:34:59.921969,904,True,True,True,True,Eyes,1.374649,-0.3526261,-2.932971,0.2397594,0.3117982,0.9194006,0.0,0.0,0.0,0.0,0.0,0.0,0.0,-1.194889,-0.03752071,3.03749,1.371093,-0.3548596,-2.941036,-0.06586626,-0.02934595,0.0009448963,0.9973964,352.4533,356.6075,0.332371,0.4218171,-0.1082614,-0.9001939,0,0,0,1.838147,0.2973,-1.064776,0.5796001,0.4008,1.915,0.9982758,0.005750689,0.05841462,0.001980945,0.9913214,-0.131445,-0.05866357,0.1313341,0.9896009,static,17.472037966921324,11.390586974239,16.839134328329035,11.821088380307142,0.4670540000000001,0.6521596000000001,1.87626,0.2948455038832014,0.18871659639445723,0.9367242527964741,17.127225055229065,11.09606312893658,0.7667805719447531,0.7654400540669442,0.7801652914932417
05/10/2023 16:34:59.942058,905,True,True,True,True,Eyes,1.374649,-0.3526261,-2.932971,0.2397594,0.3117982,0.9194006,0.0,0.0,0.0,0.0,0.0,0.0,0.0,-1.19402,-0.03821501,3.037866,1.371109,-0.3548961,-2.941068,-0.06599057,-0.02949032,0.0009631685,0.997384,352.4391,356.5906,0.3360102,0.4218249,-0.1082577,-0.9001907,0,0,0,1.837594,0.2977558,-1.064838,0.5796002,0.4008,1.915,0.9982588,0.005813464,0.05869923,0.001970869,0.9912887,-0.1316927,-0.05895347,0.1315791,0.9895511,static,17.48814205890381,11.376917811977634,16.839137069198276,11.821088380307142,0.46648500000000004,0.6526519,1.87623,0.29512264802289095,0.1884762371115528,0.9366853694598771,17.14202134436724,11.08275044891909,0.787817274037164,0.786444511985963,0.798048736024948
05/10/2023 16:34:59.952203,906,True,True,True,True,Eyes,1.374649,-0.3526261,-2.932971,0.2397594,0.3117982,0.9194006,0.0,0.0,0.0,0.0,0.0,0.0,0.0,-1.193712,-0.03928775,3.037966,1.371139,-0.3549391,-2.941042,-0.06611682,-0.0295533,0.0008271353,0.9973739,352.4242,356.5843,0.321248,0.4218319,-0.1082544,-0.9001878,0,0,0,1.837529,0.2980462,-1.064904,0.5796001,0.4007999,1.915,0.9982519,0.005557866,0.058842,0.002258014,0.9912558,-0.1319353,-0.05906075,0.1318375,0.9895104,static,17.490615055988375,11.367045608469898,16.839134328329035,11.821085513920774,0.46638999999999986,0.6529853,1.8761379999999999,0.2951725572427017,0.18831180245508133,0.9367027154860192,17.143881117289887,11.073205001425707,0.7954600966409219,0.7940902809211208,0.8075864451263619
05/10/2023 16:34:59.972375,907,True,True,True,True,Eyes,1.374741,-0.3526097,-2.932976,0.2398381,0.3125815,0.919114,0.0,0.0,0.0,0.0,0.0,0.0,0.0,-1.193646,-0.04014304,3.037987,1.371101,-0.3548787,-2.941073,-0.0661706,-0.02956739,0.0006453639,0.9973701,352.4174,356.584,0.3005859,0.4218383,-0.1082515,-0.9001852,0,0,0,1.83763,0.298119,-1.064974,0.5796,0.4008,1.915,0.9982507,0.005200316,0.05889383,0.002625649,0.9912421,-0.1320313,-0.05906465,0.131955,0.9894945,static,17.493580194379984,11.416606514947675,16.839131587459715,11.821088380307142,0.4665290000000002,0.6529977,1.8760989999999997,0.2951742233247055,0.18912186872098982,0.9365389207107189,17.149368379567875,11.121009131606765,0.7706603238102991,0.7693559374597394,0.7657400483443747
05/10/2023 16:34:59.992421,908,True,True,True,True,Eyes,1.37483,-0.3525938,-2.932982,0.2399095,0.3133291,0.9188407,0.0,0.0,0.0,0.0,0.0,0.0,0.0,-1.193322,-0.04006863,3.038147,1.371097,-0.3549089,-2.941103,-0.06616538,-0.02961923,0.0006555849,0.9973689,352.4181,356.5779,0.3021426,0.4218462,-0.1082482,-0.9001819,0,0,0,1.837417,0.2980834,-1.064951,0.5796,0.4007999,1.915,0.9982446,0.005227255,0.05899585,0.002611816,0.9912434,-0.1320214,-0.05916936,0.1319437,0.9894897,static,17.506137624509396,11.465146439894177,16.839131587459715,11.821085513920774,0.46632000000000007,0.6529923,1.876152,0.2953339654717127,0.1899053934431427,0.9363299180596057,17.16404674385336,11.167755424815901,0.7569379895839052,0.7560355004096253,0.729664350358497
05/10/2023 16:35:00.002084,909,True,True,True,True,Eyes,1.374877,-0.3525818,-2.93299,0.2399199,0.3141079,0.9185721,0.0,0.0,0.0,0.0,0.0,0.0,0.0,-1.192976,-0.03986648,3.038301,1.371107,-0.3549028,-2.941115,-0.06611615,-0.02967938,0.0006259034,0.9973704,352.4236,356.5712,0.2990077,0.4218556,-0.1082446,-0.900178,0,0,0,1.837227,0.2978789,-1.06484,0.5796,0.4008,1.915,0.9982375,0.005173088,0.05911991,0.002676058,0.9912565,-0.1319217,-0.05928544,0.1318474,0.9894956,static,17.515160463956143,11.521714861270539,16.839131587459715,11.821088380307142,0.46611999999999987,0.6527817,1.876275,0.2954278235516817,0.19082395936372115,0.9361135891338719,17.175744331492115,11.222276010271901,0.7393483645625556,0.7393507596245384,0.6869384207862042
05/10/2023 16:35:00.032217,910,True,True,True,True,Eyes,1.374935,-0.352564,-2.932996,0.2397857,0.3148835,0.9183415,0.0,0.0,0.0,0.0,0.0,0.0,0.0,-1.193229,-0.03914973,3.0383,1.371157,-0.3549741,-2.941175,-0.06601486,-0.02964466,0.0006410147,0.9973781,352.4353,356.5752,0.30013,0.4218652,-0.1082409,-0.900174,0,0,0,1.837391,0.2974431,-1.064801,0.5796001,0.4008,1.915,0.9982416,0.005192644,0.05904923,0.002635308,0.9912833,-0.1317215,-0.0592185,0.1316455,0.9895265,static,17.50636020229291,11.581021691309358,16.839134328329035,11.821088380307142,0.46623400000000004,0.6524172,1.8763739999999998,0.29522648102211124,0.191805309187033,0.9359764737374316,17.170408891873464,11.279574041601924,0.7078257818981907,0.709099698246457,0.6348075420746839
05/10/2023 16:35:00.041952,911,True,True,True,True,Eyes,1.374992,-0.3525479,-2.933003,0.2396566,0.3156295,0.9181191,0.0,0.0,0.0,0.0,0.0,0.0,0.0,-1.193097,-0.03771561,3.038292,1.371145,-0.35488,-2.941113,-0.06581659,-0.0296583,0.0007694081,0.9973907,352.4585,356.5728,0.3143418,0.4218752,-0.1082369,-0.9001697,0,0,0,1.837185,0.2969319,-1.06448,0.5796,0.4008,1.915,0.9982396,0.005438817,0.05906055,0.002369216,0.9913352,-0.1313353,-0.05926311,0.1312441,0.9895771,static,17.507149535994774,11.646682169745697,16.839131587459715,11.821088380307142,0.46604,0.6518119,1.876633,0.2951759581574936,0.19288095941989233,0.9357713600007683,17.17465320758313,11.342930817737397,0.687053287664011,0.6904096652331804,0.5841313313056246
05/10/2023 16:35:00.058499,912,True,True,True,True,Eyes,1.375049,-0.352535,-2.933012,0.2395449,0.3163379,0.9179045,0.0,0.0,0.0,0.0,0.0,0.0,0.0,-1.192934,-0.03855005,3.038372,1.371183,-0.3548624,-2.941124,-0.06594413,-0.0296921,0.0007529129,0.9973812,352.4438,356.5689,0.3131448,0.4218856,-0.1082328,-0.9001653,0,0,0,1.837115,0.2974105,-1.064625,0.5795999,0.4007999,1.915,0.9982356,0.005417922,0.05912939,0.002414157,0.9913017,-0.1315876,-0.05932798,0.1314982,0.9895395,static,17.504995588336016,11.67697500246345,16.83912884659031,11.821085513920774,0.465932,0.6522729,1.876499,0.29511127066997417,0.19337974378908077,0.935688895856039,17.174184333745416,11.372179878641582,0.6767927973185195,0.6812828761061989,0.5601593066781637
05/10/2023 16:35:00.075314,913,True,True,True,True,Eyes,1.375102,-0.3525229,-2.933023,0.2393564,0.3170322,0.917714,0.0,0.0,0.0,0.0,0.0,0.0,0.0,-1.193457,-0.03941056,3.038249,1.371225,-0.354925,-2.941194,-0.06594583,-0.02963115,0.0003960398,0.9973831,352.4424,356.5787,0.2715416,0.4218963,-0.1082286,-0.9001608,0,0,0,1.837767,0.2969784,-1.064718,0.5796,0.4008,1.915,0.9982437,0.004698107,0.05905498,0.003118094,0.991302,-0.13157,-0.05915945,0.131523,0.9895463,static,17.478242804602058,11.730063666783385,16.839131587459715,11.821088380307142,0.466542,0.6519033999999999,1.8764759999999998,0.29462104471364053,0.19427737628773106,0.9356573245202533,17.151215947691853,11.423613188058532,0.6391589392674415,0.6455607224337995,0.5053545056240938
05/10/2023 16:35:00.092017,914,True,True,True,True,Eyes,1.375149,-0.3525079,-2.933032,0.239169,0.3177061,0.9175299,0.0,0.0,0.0,0.0,0.0,0.0,0.0,-1.193858,-0.03895327,3.038105,1.371197,-0.3549447,-2.941212,-0.065869,-0.02956101,0.0003826995,0.9973903,352.4511,356.5869,0.2692012,0.4219072,-0.1082243,-0.9001563,0,0,0,1.838019,0.2966534,-1.0647,0.5796001,0.4008,1.915,0.998252,0.00465771,0.05891732,0.003130907,0.9913223,-0.1314168,-0.05901815,0.1313716,0.9895748,static,17.46098496956591,11.780331336621813,16.839134328329035,11.821088380307142,0.46682200000000007,0.6515981,1.8765120000000002,0.2942891045559738,0.19511909023853763,0.9355867450409654,17.13724934468148,11.472252373974387,0.6145263974501396,0.6231848494762054,0.4588672164025274
05/10/2023 16:35:00.102196,915,True,True,True,True,Eyes,1.375219,-0.3524924,-2.93304,0.2388622,0.318375,0.9173778,0.0,0.0,0.0,0.0,0.0,0.0,0.0,-1.193376,-0.0392504,3.038225,1.371103,-0.3548656,-2.941198,-0.06594407,-0.0296201,0.0004767786,0.9973835,352.4429,356.5793,0.2807598,0.421918,-0.1082199,-0.9001517,0,0,0,1.837601,0.2971146,-1.064738,0.5796,0.4008,1.915,0.9982449,0.004857603,0.05902232,0.002955478,0.9913023,-0.1315713,-0.05914808,0.1315148,0.989548,static,17.45336689024013,11.80988060067323,16.839131587459715,11.821088380307142,0.4664980000000001,0.6519802,1.87646,0.2941352593133434,0.19561123959847235,0.9355322075258027,17.13147456731502,11.500825233188701,0.6041641235787691,0.6143375468796207,0.4336276066775359
05/10/2023 16:35:00.122380,916,True,True,True,True,Eyes,1.375287,-0.3524786,-2.933045,0.2385715,0.3190171,0.9172304,0.0,0.0,0.0,0.0,0.0,0.0,0.0,-1.193113,-0.03962991,3.038315,1.371122,-0.3548954,-2.941177,-0.06605498,-0.02966115,0.000579362,0.997375,352.4305,356.5737,0.2932881,0.4219295,-0.1082153,-0.9001468,0,0,0,1.837359,0.2976083,-1.064834,0.5796001,0.4008,1.915,0.9982398,0.005074214,0.05909002,0.00276285,0.9912728,-0.1317975,-0.0592431,0.1317288,0.9895139,static,17.444651609156917,11.833260419636282,16.839134328329035,11.821088380307142,0.466237,0.6525037,1.876343,0.29396948428150294,0.1960034365301888,0.9355022568483968,17.124314969428486,11.523452843907576,0.5942423447925446,0.6056396089446454,0.41220736357536303
05/10/2023 16:35:00.132019,917,True,True,True,True,Eyes,1.375341,-0.352468,-2.933048,0.2382056,0.3196162,0.917117,0.0,0.0,0.0,0.0,0.0,0.0,0.0,-1.193468,-0.03955761,3.038128,1.371144,-0.3549229,-2.941113,-0.06605458,-0.02960636,0.0005890867,0.9973766,352.4306,356.58,0.2939897,0.4219415,-0.1082107,-0.9001418,0,0,0,1.83758,0.2975859,-1.064822,0.5796,0.4008,1.915,0.9982463,0.005086354,0.05897955,0.002736189,0.9912729,-0.1317974,-0.05913521,0.1317277,0.9895205,static,17.418392048787762,11.868304415301514,16.839131587459715,11.821088380307142,0.4664360000000001,0.6525088,1.8762910000000002,0.29350466930143115,0.19660497449568445,0.9355220510306578,17.100864625018783,11.557469209487001,0.5680699991589945,0.581181586097299,0.37148250318661724
05/10/2023 16:35:00.152166,918,True,True,True,True,Eyes,1.375395,-0.3524562,-2.933053,0.2378552,0.3201835,0.91701,0.0,0.0,0.0,0.0,0.0,0.0,0.0,-1.193826,-0.03856796,3.037962,1.371149,-0.3549806,-2.941065,-0.06595501,-0.02954224,0.0007124264,0.9973848,352.4424,356.5865,0.3073731,0.4219537,-0.1082061,-0.9001366,0,0,0,1.837698,0.2972808,-1.064715,0.5796001,0.4008,1.915,0.9982535,0.005318044,0.05883599,0.00247579,0.9912989,-0.1316071,-0.05902394,0.131523,0.9895544,static,17.395910843532498,11.909370182361283,16.839134328329035,11.821088380307142,0.4665490000000001,0.6522614,1.87635,0.2930957363058557,0.19730132197918276,0.9355036010854719,17.081375423067506,11.597268029596053,0.5483130651753273,0.5637319970127993,0.32981251852003385
05/10/2023 16:35:00.172246,919,True,True,True,True,Eyes,1.37545,-0.3524439,-2.933056,0.2374731,0.3207108,0.9169248,0.0,0.0,0.0,0.0,0.0,0.0,0.0,-1.193919,-0.03802791,3.037974,1.371175,-0.3549353,-2.941101,-0.06585398,-0.02953138,0.0007047469,0.9973919,352.4539,356.5879,0.3060523,0.4219659,-0.1082015,-0.9001314,0,0,0,1.837771,0.2969404,-1.064629,0.5796,0.4007999,1.915,0.9982548,0.005295336,0.0588159,0.002483701,0.9913255,-0.1314061,-0.05900154,0.1313229,0.9895823,static,17.373543105654942,11.952358077728842,16.839131587459715,11.821085513920774,0.466596,0.6518757,1.8764720000000001,0.2926866917294684,0.19802911335227336,0.9354779260167829,17.062097559767807,11.638920856263502,0.5323027195303093,0.5502982434902652,0.28791975845135104
05/10/2023 16:35:00.182405,920,True,True,True,True,Eyes,1.375501,-0.3524299,-2.933058,0.237118,0.3212147,0.9168403,0.0,0.0,0.0,0.0,0.0,0.0,0.0,-1.19462,-0.03874558,3.037668,1.371199,-0.3549246,-2.94107,-0.06594831,-0.02942347,0.0006412969,0.997389,352.4429,356.6008,0.2982438,0.4219783,-0.108197,-0.9001262,0,0,0,1.838278,0.2972299,-1.064814,0.5796001,0.4008,1.915,0.9982677,0.005160102,0.05860871,0.002601611,0.9913009,-0.13159,-0.05877788,0.1315145,0.9895701,static,17.33891904553779,11.972200445777558,16.839134328329035,11.821088380307142,0.467079,0.6521545,1.876256,0.29209955514718944,0.19839030876157818,0.9355848974820402,17.02977881612523,11.658330854750702,0.5033193096604651,0.5221298879456817,0.25066976852490397
05/10/2023 16:35:00.202347,921,True,True,True,True,Eyes,1.37554,-0.3524184,-2.93306,0.2367638,0.3216602,0.9167756,0.0,0.0,0.0,0.0,0.0,0.0,0.0,-1.195419,-0.03899664,3.037301,1.371171,-0.3548702,-2.941037,-0.06594713,-0.02929243,0.0005509957,0.9973929,352.4427,356.6166,0.28683,0.4219908,-0.1081924,-0.9001209,0,0,0,1.838847,0.2971769,-1.064893,0.5795999,0.4008,1.915,0.9982833,0.004962621,0.05835944,0.002764384,0.9913014,-0.1315827,-0.05850479,0.1315181,0.9895859,static,17.30134666036665,11.999992581604763,16.83912884659031,11.821088380307142,0.467676,0.6520471000000001,1.876144,0.2914561470713658,0.19888490257539024,0.9356804966823514,16.99504017512956,11.68543473566702,0.47547695965845893,0.4956329494839103,0.2066645922044284
05/10/2023 16:35:00.222055,922,True,True,True,True,Eyes,1.375578,-0.3524071,-2.933063,0.2364268,0.322085,0.9167135,0.0,0.0,0.0,0.0,0.0,0.0,0.0,-1.195488,-0.03935108,3.037291,1.371167,-0.3549026,-2.941058,-0.06598134,-0.02928382,0.0004809757,0.997391,352.4385,356.6181,0.2788097,0.422003,-0.1081878,-0.9001157,0,0,0,1.838951,0.2971985,-1.06496,0.5796,0.4007999,1.915,0.9982845,0.004823813,0.05835136,0.002904929,0.9912924,-0.1316466,-0.0584783,0.1315902,0.9895778,static,17.27895670033522,12.02298303466161,16.839131587459715,11.821085513920774,0.467784,0.6521011,1.876098,0.2910663552590568,0.19928507272728166,0.9357167609323779,16.97467995329449,11.70779008071933,0.46254326359434433,0.48395117398064624,0.17666129928419913
05/10/2023 16:35:00.242388,923,True,True,True,True,Eyes,1.375627,-0.3523966,-2.933065,0.2360568,0.3224629,0.916676,0.0,0.0,0.0,0.0,0.0,0.0,0.0,-1.195612,-0.0395447,3.03726,1.371186,-0.3548956,-2.941071,-0.06597026,-0.02927166,0.0003819153,0.9973921,352.4395,356.6202,0.2672576,0.4220149,-0.1081833,-0.9001107,0,0,0,1.83912,0.29706,-1.06496,0.5795999,0.4008,1.915,0.9982861,0.004623957,0.05834026,0.003100279,0.9912955,-0.1316188,-0.05844104,0.1315741,0.9895822,static,17.25344030553548,12.048876567098615,16.83912884659031,11.821088380307142,0.46793400000000007,0.6519556,1.876111,0.2906223730055731,0.19973610203419745,0.9357585957561086,16.951460421912213,11.732970571868602,0.4500261319028074,0.47280169527511584,0.14276950297003763
05/10/2023 16:35:00.252116,924,True,True,True,True,Eyes,1.375672,-0.3523856,-2.933067,0.2357002,0.3228167,0.9166433,0.0,0.0,0.0,0.0,0.0,0.0,0.0,-1.195509,-0.04031566,3.037287,1.37115,-0.3549238,-2.941081,-0.06604207,-0.02929007,0.0002404787,0.997387,352.4307,356.6191,0.2513389,0.4220268,-0.1081789,-0.9001057,0,0,0,1.839165,0.2971535,-1.065032,0.5796,0.4008,1.915,0.9982841,0.004348454,0.0583953,0.003389053,0.9912768,-0.1317531,-0.05845882,0.1317249,0.9895611,static,17.230325297859864,12.065272031843788,16.839131587459715,11.821088380307142,0.46801499999999985,0.6520773,1.876049,0.29022715575085495,0.20002895188081377,0.9358187655673782,16.9300514934709,11.748967200657729,0.4376738246479598,0.4611487555381733,0.11605125532757228
05/10/2023 16:35:00.272431,925,True,True,True,True,Eyes,1.375681,-0.3523793,-2.933069,0.2353397,0.3231241,0.9166276,0.0,0.0,0.0,0.0,0.0,0.0,0.0,-1.195275,-0.03994849,3.037376,1.37112,-0.3548983,-2.94109,-0.06594238,-0.02932767,0.0001625578,0.9973925,352.4419,356.6155,0.2422977,0.4220387,-0.1081745,-0.9001006,0,0,0,1.83907,0.2967283,-1.064869,0.5796,0.4008,1.915,0.9982798,0.004192141,0.05848096,0.003543605,0.9913031,-0.1315504,-0.05852384,0.1315313,0.989583,static,17.21195632951368,12.096812973202212,16.839131587459715,11.821088380307142,0.4679500000000001,0.6516266,1.876221,0.28989467336066566,0.20056519850859167,0.9358070287099699,16.914020430783317,11.77954339096529,0.43849857652820357,0.46370501335952513,0.08564067371151174
05/10/2023 16:35:00.294260,926,True,True,True,True,Eyes,1.375693,-0.3523745,-2.933072,0.2349814,0.3234234,0.9166139,0.0,0.0,0.0,0.0,0.0,0.0,0.0,-1.194713,-0.03945985,3.037605,1.371079,-0.3549171,-2.941108,-0.06591223,-0.02940726,0.0002813781,0.997392,352.4458,356.6054,0.2564991,0.4220496,-0.1081703,-0.900096,0,0,0,1.838598,0.2967264,-1.064785,0.5796,0.4008,1.915,0.9982703,0.004437884,0.05862403,0.003315307,0.991311,-0.1314972,-0.05869822,0.1314641,0.9895816,static,17.203940628540067,12.114287858126978,16.839131587459715,11.821088380307142,0.467519,0.6516435,1.8763229999999997,0.28974586515737505,0.20086004857239523,0.9357898109075721,16.907221824925333,11.796467411869465,0.4418727419331397,0.46802945446605304,0.07240492058509156
05/10/2023 16:35:00.302341,927,True,True,True,True,Eyes,1.375628,-0.3523757,-2.933074,0.2346402,0.3236499,0.9166214,0.0,0.0,0.0,0.0,0.0,0.0,0.0,-1.19406,-0.03900272,3.037932,1.371146,-0.3549493,-2.94114,-0.06591801,-0.02951545,0.0004699496,0.9973883,352.4458,356.5915,0.2790842,0.4220596,-0.1081664,-0.9000918,0,0,0,1.838052,0.2969197,-1.064743,0.5796001,0.4008,1.915,0.9982572,0.004828644,0.05881478,0.002953755,0.9913092,-0.1315195,-0.05893869,0.131464,0.9895673,static,17.20186768599344,12.121267384493748,16.839134328329035,11.821088380307142,0.46690600000000004,0.651869,1.8763969999999999,0.2897049473128338,0.20097665024575823,0.9357774851547092,16.905594166149378,11.803218381694968,0.44428120402236787,0.47083216045312515,0.06882039591215215
05/10/2023 16:35:00.322107,928,True,True,True,True,Eyes,1.375566,-0.352377,-2.933076,0.2343153,0.3238692,0.916627,0.0,0.0,0.0,0.0,0.0,0.0,0.0,-1.194142,-0.03897426,3.037907,1.371161,-0.3549185,-2.941144,-0.06592897,-0.02950183,0.000517989,0.997388,352.4447,356.5927,0.2845571,0.422067,-0.1081629,-0.9000887,0,0,0,1.838069,0.2970404,-1.064778,0.5795999,0.4008,1.915,0.9982587,0.004923321,0.05878124,0.002856778,0.9913062,-0.1315441,-0.05891783,0.131483,0.989566,static,17.182742265055467,12.130386141643635,16.83912884659031,11.821088380307142,0.4669079999999999,0.6519589,1.876366,0.2893822791599581,0.2011460792425245,0.9358408662616087,16.88764443515665,11.812162755993349,0.4356482865046937,0.46231513766810356,0.04932979934410078
05/10/2023 16:35:00.342168,929,True,True,True,True,Eyes,1.37555,-0.3523759,-2.933078,0.2339852,0.3240976,0.9166306,0.0,0.0,0.0,0.0,0.0,0.0,0.0,-1.194432,-0.03883079,3.037771,1.371134,-0.3549204,-2.941131,-0.06593798,-0.02944585,0.0005900041,0.997389,352.4439,356.5986,0.2924647,0.4220721,-0.10816,-0.9000866,0,0,0,1.838181,0.2971435,-1.064837,0.5796,0.4008,1.915,0.9982652,0.005060127,0.05866012,0.002706273,0.9913037,-0.1315664,-0.05881574,0.1314969,0.9895703,static,17.159285998793194,12.13917409299818,16.839131587459715,11.821088380307142,0.467047,0.6520639,1.876294,0.2889889192068036,0.2013146046354361,0.9359261827394941,16.865502986428503,11.820820671758753,0.4247069226017227,0.4513062903555111,0.026372757751851994
05/10/2023 16:35:00.352168,930,True,True,True,True,Eyes,1.375533,-0.3523737,-2.933077,0.2336755,0.3243149,0.9166328,0.0,0.0,0.0,0.0,0.0,0.0,0.0,-1.194971,-0.03892252,3.037598,1.371149,-0.3549097,-2.941167,-0.06596741,-0.0293574,0.0006233143,0.9973897,352.4406,356.6085,0.2957332,0.4220763,-0.1081573,-0.900085,0,0,0,1.838501,0.2972928,-1.064996,0.5796001,0.4008,1.915,0.9982755,0.005116638,0.05847929,0.002629889,0.9912958,-0.131627,-0.05864377,0.1315538,0.9895729,static,17.13207089159038,12.14588095347109,16.839134328329035,11.821088380307142,0.467352,0.6522025,1.876171,0.2885359663263854,0.20145291472504046,0.9360362188414426,16.839628271524457,11.827498765268695,0.4111487040212643,0.4373808931330078,0.006429386847562575
05/10/2023 16:35:00.372226,931,True,True,True,True,Eyes,1.375477,-0.3523756,-2.933077,0.2333428,0.3245368,0.916639,0.0,0.0,0.0,0.0,0.0,0.0,0.0,-1.195462,-0.03894666,3.037337,1.371102,-0.3548818,-2.941123,-0.06595343,-0.0292713,0.0005837348,0.9973931,352.442,356.6188,0.2904652,0.4220796,-0.1081548,-0.9000838,0,0,0,1.838824,0.2972215,-1.06501,0.5795999,0.4008,1.915,0.9982857,0.005025511,0.05831299,0.002696659,0.9912996,-0.1315972,-0.05846699,0.1315288,0.9895867,static,17.101812035601014,12.159965038525723,16.83912884659031,11.821088380307142,0.46772199999999997,0.6521033,1.8761130000000001,0.28802570169743713,0.20171535484506842,0.9361368297254986,16.811211312110782,11.84131895570667,0.4027009329438124,0.4287654921681858,0.034477020062813335
05/10/2023 16:35:00.394658,932,True,True,True,True,Eyes,1.375423,-0.3523769,-2.933077,0.2330208,0.324748,0.9166461,0.0,0.0,0.0,0.0,0.0,0.0,0.0,-1.195476,-0.03910425,3.037324,1.371084,-0.3548932,-2.941124,-0.06597415,-0.02926699,0.0005661643,0.9973919,352.4396,356.6194,0.2884782,0.4220811,-0.1081528,-0.9000833,0,0,0,1.838842,0.2972687,-1.065041,0.5796,0.4007999,1.915,0.9982862,0.004991104,0.05830661,0.002732354,0.9912941,-0.1316373,-0.05845602,0.131571,0.9895818,static,17.081852545293742,12.16951230347435,16.839131587459715,11.821085513920774,0.4677580000000001,0.6521619000000001,1.876083,0.28768883670727907,0.2018926840229132,0.9362021719446536,16.792480420055956,11.850683153865406,0.3987622408000305,0.42463477371793257,0.05524809236910893
05/10/2023 16:35:00.402426,933,True,True,True,True,Eyes,1.375359,-0.3523799,-2.933078,0.2327056,0.324939,0.9166585,0.0,0.0,0.0,0.0,0.0,0.0,0.0,-1.195195,-0.0391601,3.037453,1.37108,-0.3548814,-2.941147,-0.06596185,-0.02931461,0.0005244761,0.9973914,352.4409,356.6142,0.2839923,0.4220812,-0.108151,-0.9000835,0,0,0,1.8387,0.2971945,-1.064999,0.5796,0.4008,1.915,0.9982808,0.004913507,0.05840708,0.002821076,0.9912975,-0.1316103,-0.05854547,0.1315488,0.9895794,static,17.06757762831539,12.182833125758608,16.839131587459715,11.821088380307142,0.4676199999999999,0.6520759,1.876148,0.28744145692023854,0.20212601558353005,0.9362278239202821,16.779428650632514,11.863645842592865,0.4018356505244631,0.42783975323055123,0.07331833510107426
05/10/2023 16:35:00.422087,934,True,True,True,True,Eyes,1.375297,-0.3523845,-2.933078,0.232402,0.325124,0.9166698,0.0,0.0,0.0,0.0,0.0,0.0,0.0,-1.194644,-0.03958926,3.037688,1.371073,-0.3548877,-2.941174,-0.06601121,-0.0294065,0.0004779843,0.9973854,352.4351,356.6039,0.2795039,0.4220796,-0.1081496,-0.9000844,0,0,0,1.838391,0.29733,-1.065,0.5796001,0.4007999,1.915,0.9982701,0.004835786,0.05859612,0.002928847,0.9912845,-0.1317053,-0.05872232,0.1316491,0.9895555,static,17.05845970617091,12.189253278867016,16.839134328329035,11.821085513920774,0.4673180000000001,0.6522177,1.8761740000000002,0.287285479865981,0.20224077665001358,0.9362507936072537,16.770981203401394,11.86991032247873,0.40258901387604484,0.42854535875563105,0.08383740434987023
05/10/2023 16:35:00.442372,935,True,True,True,True,Eyes,1.3752,-0.3523914,-2.933079,0.2321028,0.3252615,0.9166969,2.030375,1.846455,0.3080114,-1.071841,0.5398818,0.7077247,-0.4556898,0.5873528,0.4122735,1.909145,1.37107,-0.3549312,-2.941146,-0.06603078,-0.02941656,0.0004886119,0.9973838,352.4329,356.6027,0.2808739,0.4220766,-0.1081486,-0.9000859,0,0,0,1.838338,0.2973713,-1.06499,0.5796,0.4008,1.915,0.9982689,0.004859463,0.05861467,0.002910129,0.9912794,-0.1317448,-0.05874372,0.1316873,0.9895492,static,17.04214563145503,12.193684721520281,16.839131587459715,11.821088380307142,0.467268,0.6523025,1.8761559999999997,0.2870134782725363,0.20233042578032004,0.9363149158873605,16.755492431994,11.874310137508918,0.3988206550802097,0.424314430045396,0.0991365914617946
05/10/2023 16:35:00.452132,936,True,True,True,True,Eyes,1.375108,-0.3523975,-2.933078,0.2318144,0.3253953,0.9167224,2.03074,1.845863,0.3083958,-1.071453,0.5054038,0.7458525,-0.4339021,0.5868453,0.412779,1.909582,1.371067,-0.3549105,-2.941178,-0.06598791,-0.02944099,0.0004556081,0.9973859,352.4377,356.6001,0.2771063,0.4220714,-0.108148,-0.9000884,0,0,0,1.838276,0.2971994,-1.064939,0.5795999,0.4008,1.915,0.998266,0.004794334,0.05866794,0.002976666,0.9912908,-0.1316577,-0.0587882,0.131604,0.9895576,static,17.02715318708032,12.206600761114725,16.83912884659031,11.821088380307142,0.467209,0.6521099,1.8762389999999998,0.28675469899638095,0.202557879308308,0.9363450347520546,16.741727618085314,11.886887638001063,0.40349049236345713,0.42892067841575804,0.1175437860005943
05/10/2023 16:35:00.477446,937,True,True,True,True,Eyes,1.375005,-0.3524046,-2.933076,0.2315449,0.3254994,0.9167536,2.02857,1.844711,0.3078941,-1.073376,0.4291117,0.7051519,-0.5644677,0.5855847,0.4124291,1.907629,1.371116,-0.3548987,-2.941121,-0.06601031,-0.02945243,0.0004674479,0.9973841,352.4352,356.5987,0.2786365,0.4220645,-0.1081478,-0.9000918,0,0,0,1.838269,0.2973078,-1.064902,0.5796,0.4008,1.915,0.9982647,0.004820779,0.05868907,0.002955878,0.9912848,-0.1317028,-0.05881249,0.1316477,0.9895504,static,17.012711407455914,12.20874344884726,16.839131587459715,11.821088380307142,0.46715299999999993,0.6522065,1.8762189999999999,0.2865156554953539,0.20260802970653932,0.9364074052910045,16.72792198012601,11.889064623591986,0.3998798731611784,0.4247427528219364,0.1303393509821089
05/10/2023 16:35:00.495009,938,True,True,True,True,Eyes,1.374908,-0.3524127,-2.933074,0.231291,0.3255959,0.9167835,2.027833,1.843927,0.3078416,-1.07399,0.3767639,0.7013564,-0.6051018,0.5843918,0.412606,1.9071,1.371145,-0.3548953,-2.941085,-0.06598573,-0.02937729,0.0004109829,0.9973879,352.4378,356.6078,0.2714679,0.4220556,-0.108148,-0.9000959,0,0,0,1.838644,0.2971556,-1.064899,0.5796,0.4008,1.915,0.9982736,0.004696783,0.05854688,0.003057146,0.9912914,-0.1316509,-0.05865535,0.1316026,0.9895657,static,16.98762716993803,12.217159924121193,16.839131587459715,11.821088380307142,0.4674989999999999,0.6520509000000001,1.8761860000000001,0.2860957623598126,0.20277214836454585,0.9365003327588537,16.704191747454797,11.897376381420784,0.3989834822907758,0.42299362387017087,0.15501167547790726
05/10/2023 16:35:00.502082,939,True,True,True,True,Eyes,1.374785,-0.3524219,-2.933074,0.2310321,0.325667,0.9168234,2.02745,1.843191,0.3078516,-1.074261,0.286896,0.7278475,-0.6228393,0.5833978,0.4128563,1.906945,1.371148,-0.3549269,-2.941114,-0.06594613,-0.02932144,0.000381915,0.9973922,352.4422,356.6145,0.2675537,0.4220452,-0.1081486,-0.9001006,0,0,0,1.838891,0.2969421,-1.064925,0.5796,0.4008,1.915,0.9982802,0.00462911,0.05843958,0.003105433,0.991302,-0.1315707,-0.05854032,0.1315259,0.9895827,static,16.965272361163027,12.225044945890454,16.839131587459715,11.821088380307142,0.467743,0.651869,1.8761889999999999,0.28572109716940586,0.20292467281393672,0.9365815526170891,16.68306400465983,11.90515463020859,0.4000052489210415,0.4231931021039159,0.17726879244100413
05/10/2023 16:35:00.527110,940,True,True,True,True,Eyes,1.374667,-0.3524279,-2.933072,0.2307844,0.3257305,0.9168633,2.026546,1.842362,0.30768,-1.075006,0.2138142,0.7141497,-0.6665386,0.5822641,0.4127346,1.906336,1.371139,-0.3549088,-2.941131,-0.06597027,-0.02926788,0.0003154796,0.9973922,352.4392,356.6212,0.2595692,0.4220327,-0.1081495,-0.9001064,0,0,0,1.839158,0.2969773,-1.065017,0.5796,0.4008,1.915,0.9982866,0.004490935,0.05834149,0.003232307,0.9912956,-0.131615,-0.05842474,0.131578,0.9895826,static,16.94230173520709,12.226252825647387,16.839131587459715,11.821088380307142,0.46801899999999996,0.6518861,1.8761139999999998,0.28534297231583483,0.20296828992357546,0.9366874453284639,16.66098847549754,11.906494057393164,0.39609907019975266,0.41809365835191026,0.1975578346158157
05/10/2023 16:35:00.544271,941,True,True,True,True,Eyes,1.374536,-0.3524362,-2.933069,0.2305308,0.325738,0.9169244,2.02644,1.841693,0.3076521,-1.074977,0.1682913,0.7219734,-0.6711426,0.5815861,0.4128917,1.906296,1.371105,-0.354837,-2.94108,-0.06590119,-0.02925431,0.000325243,0.9973973,352.4472,356.6227,0.2603531,0.4220185,-0.1081507,-0.9001129,0,0,0,1.839164,0.2968005,-1.06489,0.5796001,0.4008,1.915,0.9982882,0.004504581,0.05831347,0.003206994,0.9913139,-0.1314783,-0.0583992,0.1314403,0.9896024,static,16.926216896281208,12.232790382017855,16.839134328329035,11.821088380307142,0.468059,0.6516375000000001,1.87619,0.2850725119511934,0.2030922123223152,0.9367429027923638,16.64583238409594,11.912924549980595,0.39945315129146675,0.42081101679228056,0.2140082327962779
05/10/2023 16:35:00.552351,942,True,True,True,True,Eyes,1.374413,-0.3524443,-2.933069,0.2302792,0.3257504,0.9169831,2.02622,1.841009,0.3075978,-1.07506,0.1423702,0.7177738,-0.6815655,0.5811858,0.4128274,1.90617,1.371073,-0.3548687,-2.941068,-0.06589313,-0.02929932,0.0004075951,0.9973964,352.4484,356.6169,0.2701627,0.4220025,-0.1081522,-0.9001202,0,0,0,1.838873,0.2968277,-1.064833,0.5796,0.4008,1.915,0.9982828,0.004674315,0.05839234,0.003048179,0.9913158,-0.131467,-0.05849978,0.1314192,0.9895992,static,16.91871956349026,12.230992839029929,16.839131587459715,11.821088380307142,0.4678,0.6516964000000001,1.876235,0.2849512164526788,0.2030704412570048,0.9367844142961786,16.638510917734273,11.91124664185444,0.3967011185532861,0.4175594702667628,0.21994809670991908
05/10/2023 16:35:00.572149,943,True,True,True,True,Eyes,1.374282,-0.3524538,-2.93307,0.2300253,0.3257178,0.9170585,2.025141,1.840116,0.3071708,-1.075897,0.1076106,0.6715335,-0.7331186,0.5806181,0.4122401,1.905344,1.371109,-0.3548734,-2.941138,-0.06592603,-0.02936783,0.0005457744,0.9973921,352.4451,356.6079,0.2867295,0.4219849,-0.108154,-0.9001282,0,0,0,1.838502,0.2970945,-1.064896,0.5796,0.4007999,1.915,0.9982745,0.004960912,0.05851052,0.002783508,0.991307,-0.1315403,-0.05865444,0.1314762,0.9895826,static,16.91505449826511,12.220161568696597,16.839131587459715,11.821085513920774,0.46739300000000017,0.6519679,1.876242,0.2849018112174241,0.2028964747429279,0.9368372296194809,16.634403804449487,11.900822135232552,0.3860192420823104,0.40623390538038434,0.21970751902131297
05/10/2023 16:35:00.592019,944,True,True,True,True,Eyes,1.374158,-0.3524628,-2.933069,0.2297706,0.3256773,0.9171368,2.024632,1.839359,0.3069137,-1.076204,0.05716927,0.6545739,-0.7538334,0.579985,0.4119135,1.905044,1.371091,-0.3548972,-2.941139,-0.06597956,-0.02941909,0.0004797587,0.9973871,352.4388,356.6025,0.2796946,0.4219657,-0.1081561,-0.9001369,0,0,0,1.838358,0.2972051,-1.064912,0.5796001,0.4008,1.915,0.9982686,0.004839126,0.05862112,0.002925106,0.9912929,-0.1316425,-0.05874773,0.1315861,0.9895624,static,16.903036179444573,12.212277762686131,16.839134328329035,11.821088380307142,0.4672669999999999,0.6521023,1.876227,0.2847123593371371,0.20277948637422746,0.9369202178522864,16.622402009535385,11.893305157178478,0.3771681025970661,0.3963742921306171,0.22844728247750407
05/10/2023 16:35:00.602753,945,True,True,True,True,Eyes,1.374025,-0.3524689,-2.933067,0.2295351,0.3256102,0.9172195,2.025165,1.838871,0.3069454,-1.075546,0.06965544,0.6793033,-0.7305444,0.5800541,0.4123533,1.905422,1.371111,-0.3548914,-2.941103,-0.0657855,-0.02949481,0.0007238498,0.9973975,352.4619,356.592,0.3077377,0.4219454,-0.1081584,-0.9001462,0,0,0,1.837825,0.2967462,-1.064578,0.5796,0.4007999,1.915,0.9982591,0.005324594,0.05874087,0.002436731,0.9913435,-0.1312713,-0.05893134,0.1311859,0.9896047,static,16.90580127741114,12.222614193506717,16.839131587459715,11.821085513920774,0.4667140000000001,0.6516376,1.876525,0.2847475016318865,0.2029462796727432,0.9368733337744712,16.625615460789295,11.903258950701339,0.3872471817028879,0.407025955054772,0.22878288847872424
05/10/2023 16:35:00.622532,946,True,True,True,True,Eyes,1.373899,-0.3524738,-2.933067,0.2293114,0.3255736,0.9172885,2.02409,1.838046,0.3065164,-1.076393,0.03841213,0.6179355,-0.7852899,0.5795318,0.4115331,1.904532,1.371165,-0.3547963,-2.941103,-0.06587808,-0.02958648,0.0007807165,0.9973888,352.4515,356.581,0.3153144,0.4219238,-0.1081609,-0.9001561,0,0,0,1.83747,0.297252,-1.064619,0.5796,0.4008,1.915,0.9982481,0.005455556,0.05891557,0.002340845,0.9913189,-0.1314583,-0.0591213,0.1313659,0.9895695,static,16.903721962238713,12.207411453609359,16.839131587459715,11.821088380307142,0.46630499999999997,0.6520483,1.876484,0.284728415715599,0.2026988947543224,0.9369327439942693,16.622804806399134,11.888603950979782,0.37263317191705775,0.3916853756266135,0.22661780267067383
05/10/2023 16:35:00.642274,947,True,True,True,True,Eyes,1.373784,-0.3524781,-2.933064,0.2290962,0.3255237,0.9173599,2.021721,1.836952,0.3056399,-1.078418,-0.04780232,0.4637016,-0.884701,0.578141,0.4094377,1.902845,1.371236,-0.3547767,-2.941122,-0.06628399,-0.02958117,0.000690748,0.9973621,352.4046,356.5819,0.3063205,0.421901,-0.1081634,-0.9001664,0,0,0,1.837669,0.2986923,-1.065163,0.5796001,0.4008,1.915,0.9982489,0.005299368,0.05891471,0.002543665,0.9912119,-0.1322591,-0.05909785,0.1321774,0.9894628,static,16.88481135840407,12.158568899674188,16.839134328329035,11.821088380307142,0.4664330000000001,0.6534690000000001,1.875959,0.28446608566428117,0.20191650709901804,0.9371812548871825,16.60198705317256,11.841613692749497,0.3245475088999876,0.3405576192492649,0.23803386012287545
05/10/2023 16:35:00.662072,948,True,True,True,True,Eyes,1.37367,-0.3524868,-2.933057,0.2289132,0.3254566,0.9174294,2.020736,1.836243,0.3051751,-1.079174,-0.1521836,0.3869026,-0.909476,0.5765457,0.4083537,1.902412,1.371261,-0.3547823,-2.941049,-0.06659679,-0.02949166,0.0002361113,0.997344,352.3671,356.5955,0.2543022,0.4218778,-0.108166,-0.900177,0,0,0,1.838525,0.2993737,-1.065537,0.5796,0.4008,1.915,0.9982604,0.00439907,0.05879522,0.003457133,0.9911296,-0.1328537,-0.05885812,0.1328259,0.9893903,static,16.847816831867146,12.129504064463406,16.839131587459715,11.821088380307142,0.4672639999999999,0.654156,1.875512,0.2838871379111106,0.2014771294560823,0.9374513399835401,16.564788887064775,11.813845888701893,0.2958653400848684,0.3085379518049495,0.2744382825785052
05/10/2023 16:35:00.672209,949,True,True,True,True,Eyes,1.373565,-0.3524953,-2.933051,0.2286805,0.3253233,0.9175347,2.021013,1.835731,0.3049875,-1.078701,-0.2488939,0.4112019,-0.8769064,0.5751241,0.4086441,1.903023,1.371202,-0.3548351,-2.940985,-0.06658915,-0.02935329,-0.0002079113,0.9973487,352.3664,356.6149,0.2020108,0.421854,-0.1081688,-0.9001878,0,0,0,1.839465,0.2988195,-1.065547,0.5796,0.4008,1.915,0.9982767,0.0034945,0.0585786,0.00432394,0.9911317,-0.132813,-0.05852323,0.1328374,0.9894086,static,16.80438721964111,12.132248482644057,16.839131587459715,11.821088380307142,0.4682629999999999,0.6536546000000001,1.875438,0.2831711594153798,0.20156652147532844,0.9376486432576522,16.52307604078924,11.816822895332988,0.3028919140125294,0.31309388429260937,0.31608432884791743
05/10/2023 16:35:00.692568,950,True,True,True,True,Eyes,1.373464,-0.3525045,-2.933044,0.22844,0.3251859,0.9176434,2.0208,1.835095,0.3046311,-1.078671,-0.291236,0.3873467,-0.8747252,0.5742443,0.4102628,1.902707,1.371116,-0.3549001,-2.940957,-0.06605662,-0.02923371,-8.228731e-05,0.9973876,352.4279,356.6281,0.213745,0.42183,-0.1081717,-0.9001987,0,0,0,1.839687,0.2968906,-1.064947,0.5796001,0.4008,1.915,0.9982908,0.003698015,0.05832556,0.004026305,0.9912731,-0.1317633,-0.05830381,0.1317729,0.9895638,static,16.78299920342763,12.178987924251597,16.839134328329035,11.821088380307142,0.46857100000000007,0.6517907000000001,1.87601,0.2827741357266378,0.2023560776143466,0.9375984848211728,16.50494148929998,11.86208857280569,0.3514922244737495,0.36227508305615724,0.33669848446825135
05/10/2023 16:35:00.702353,951,True,True,True,True,Eyes,1.373464,-0.3525045,-2.933044,0.22844,0.3251859,0.9176434,2.023662,1.835749,0.3055618,-1.076045,-0.2041728,0.6108561,-0.764963,0.5759106,0.4113835,1.905024,1.371111,-0.3549202,-2.940958,-0.06582645,-0.02936005,0.0002777867,0.9973992,352.4556,356.6109,0.2554285,0.4218059,-0.1081748,-0.9002096,0,0,0,1.838812,0.2963961,-1.064566,0.5796001,0.4008,1.915,0.9982758,0.004419464,0.0585308,0.003311207,0.9913336,-0.1313268,-0.05860394,0.1312942,0.9896097,static,16.80957695126301,12.196286081386516,16.839134328329035,11.821088380307142,0.4677009999999999,0.6513163,1.8763920000000003,0.2831936662311087,0.20261298863116534,0.9374163626515707,16.531475460167606,11.878580285685675,0.3633486933960362,0.37636013794538664,0.3129845017607514
05/10/2023 16:35:00.722032,952,True,True,True,True,Eyes,1.373464,-0.3525045,-2.933044,0.22844,0.3251859,0.9176434,2.025131,1.836084,0.3060394,-1.074697,-0.1687224,0.6951159,-0.698818,0.5765072,0.4125049,1.906135,1.371123,-0.3548757,-2.940942,-0.06556869,-0.02937837,0.000401544,0.9974155,352.4856,356.6081,0.268943,0.4217843,-0.1081776,-0.9002194,0,0,0,1.838616,0.2956089,-1.064211,0.5796,0.4008,1.915,0.9982735,0.004653614,0.05855222,0.00305159,0.9914011,-0.130822,-0.05865753,0.1307749,0.9896753,static,16.816960144644156,12.222678723254893,16.839131587459715,11.821088380307142,0.46749299999999994,0.6504846,1.8767310000000001,0.2832889418733459,0.20303881998069914,0.9372954313958303,16.539991779843103,11.903993472964437,0.38771769527816535,0.4022019100220878,0.31041565503276153
05/10/2023 16:35:00.742057,953,True,True,True,True,Eyes,1.373464,-0.3525045,-2.933044,0.22844,0.3251859,0.9176434,2.026142,1.836316,0.3063684,-1.073768,-0.1645174,0.7511503,-0.6393023,0.5766259,0.413234,1.907112,1.371137,-0.3549424,-2.941016,-0.06542592,-0.02931567,0.0004776321,0.9974267,352.5023,356.6148,0.276746,0.4217648,-0.1081801,-0.9002283,0,0,0,1.838787,0.2950844,-1.064165,0.5796001,0.4007999,1.915,0.9982808,0.004788814,0.05841795,0.002883203,0.9914384,-0.1305431,-0.05854296,0.1304871,0.9897201,static,16.813059606638767,12.236418045887788,16.839134328329035,11.821085513920774,0.4676499999999999,0.6500268,1.8768509999999998,0.28321135293793553,0.20326843108825177,0.9372691114148354,16.53696127587805,11.917281515259123,0.40136139363598783,0.4161502171348172,0.3171154747107648
05/10/2023 16:35:00.757169,954,True,True,True,True,Eyes,1.373464,-0.3525045,-2.933044,0.22844,0.3251859,0.9176434,2.026446,1.836385,0.3064671,-1.07349,-0.1680611,0.7661738,-0.6202686,0.5766007,0.4134029,1.907435,1.371123,-0.3548915,-2.941059,-0.0653301,-0.02922724,0.0006703867,0.9974355,352.5139,356.6237,0.2979679,0.4217472,-0.1081823,-0.9002362,0,0,0,1.838906,0.2949729,-1.064185,0.5796,0.4008,1.915,0.9982907,0.005156171,0.05821697,0.002481502,0.9914631,-0.1303643,-0.05839216,0.1302859,0.9897555,static,16.809520896435235,12.24108907686475,16.839131587459715,11.821088380307142,0.46778299999999984,0.6498644,1.8768740000000002,0.28314864053376526,0.20334876720332512,0.9372706327220216,16.533798402440556,11.921815864714743,0.4062828582262152,0.42104320221542957,0.32151886412623926
05/10/2023 16:35:00.772168,955,True,True,True,True,Eyes,1.37349,-0.3524991,-2.933049,0.2282904,0.3248105,0.9178135,2.023126,1.835351,0.3046335,-1.076197,-0.2151159,0.5860103,-0.7812279,0.575745,0.4110374,1.904741,1.371107,-0.3548717,-2.941138,-0.06551152,-0.02926467,0.0008362154,0.9974223,352.4936,356.618,0.3179947,0.4217314,-0.1081843,-0.9002433,0,0,0,1.838577,0.2958452,-1.064481,0.5796,0.4008,1.915,0.9982858,0.005502464,0.0582689,0.002166226,0.9914151,-0.1307342,-0.05848802,0.1306363,0.9897037,static,16.80759047466772,12.190921919585302,16.839131587459715,11.821088380307142,0.46746999999999983,0.6507168999999999,1.876657,0.28316629529507786,0.2025269176117374,0.9374431637577871,16.529276259670812,11.873418869352449,0.3584919828946348,0.3711760883612622,0.31424322465709453
05/10/2023 16:35:00.792209,956,True,True,True,True,Eyes,1.373516,-0.3524938,-2.933053,0.2281464,0.3244554,0.9179748,2.022132,1.834859,0.303598,-1.076786,-0.2476798,0.5164469,-0.8197178,0.5752283,0.4095197,1.904188,1.371125,-0.3548419,-2.941172,-0.06564181,-0.02926317,0.0008667399,0.9974138,352.4788,356.6178,0.3219533,0.4217178,-0.1081859,-0.9002495,0,0,0,1.838572,0.296393,-1.064689,0.5796001,0.4008,1.915,0.9982858,0.005570771,0.05826119,0.002112778,0.9913808,-0.1309948,-0.05848877,0.1308933,0.9896697,static,16.797864205446913,12.151596380427677,16.839134328329035,11.821088380307142,0.46744700000000017,0.6512349,1.876483,0.283045078048153,0.20189095973539076,0.937616842866529,16.517815490851966,11.835543089702435,0.3224980124912483,0.33307470811573303,0.3216437997868408
05/10/2023 16:35:00.802380,957,True,True,True,True,Eyes,1.373515,-0.3524895,-2.933059,0.2279658,0.3241848,0.9181153,2.020676,1.83416,0.3025831,-1.077845,-0.2930577,0.394112,-0.8710873,0.5744802,0.4083689,1.903094,1.371131,-0.3548407,-2.941164,-0.06571742,-0.02927115,0.0008581986,0.9974085,352.4701,356.6169,0.3212909,0.4217062,-0.1081871,-0.9002548,0,0,0,1.838558,0.2966681,-1.064771,0.5796,0.4007999,1.915,0.9982849,0.005559199,0.0582778,0.002135301,0.991361,-0.1311445,-0.05850339,0.131044,0.9896488,static,16.786397685197038,12.124964934745961,16.839131587459715,11.821085513920774,0.4674269999999998,0.6515088,1.8763930000000002,0.2828827587197336,0.20146519435115426,0.9377574392661115,16.50535089841327,11.809930353402121,0.29953969401368913,0.30842108690700826,0.3339670432640277
05/10/2023 16:35:00.827178,958,True,True,True,True,Eyes,1.373513,-0.352483,-2.933062,0.2277902,0.3239311,0.9182485,2.020003,1.833649,0.3018588,-1.078197,-0.3092114,0.3287939,-0.8923469,0.574215,0.4074377,1.90267,1.371115,-0.3548438,-2.941175,-0.0657783,-0.02933013,0.0008870193,0.9974027,352.4632,356.6098,0.3252726,0.4216956,-0.1081881,-0.9002597,0,0,0,1.838288,0.2969261,-1.064809,0.5796,0.4008,1.915,0.9982779,0.005628004,0.05839122,0.002089142,0.9913449,-0.131267,-0.05862461,0.1311629,0.9896259,static,16.782260491868076,12.100508494133418,16.839131587459715,11.821088380307142,0.46717299999999984,0.6517699,1.876366,0.282838651774387,0.20106764118342088,0.9378561410189105,16.500065870255337,11.786361049643677,0.2774464039805769,0.28514894620966524,0.34083947552818533
05/10/2023 16:35:00.842227,959,True,True,True,True,Eyes,1.373534,-0.3524758,-2.933066,0.2275861,0.3237249,0.9183718,2.019524,1.83315,0.3012944,-1.078392,-0.3336735,0.2670477,-0.9040728,0.5738322,0.4065407,1.902404,1.371092,-0.3547865,-2.94112,-0.06590257,-0.02940277,0.0007315025,0.9973926,352.4484,356.6025,0.3083271,0.4216861,-0.1081888,-0.9002641,0,0,0,1.838154,0.2972897,-1.064834,0.5796,0.4007999,1.915,0.9982699,0.005334625,0.05855578,0.002416245,0.9913126,-0.1315045,-0.05874861,0.1314184,0.9895846,static,16.77214601983852,12.077051203004345,16.839131587459715,11.821085513920774,0.4670620000000001,0.6520762,1.8762860000000001,0.28269528032958563,0.20069249894042732,0.9379796939043424,16.489072813607255,11.76380116041268,0.25833335805619584,0.2645855254120315,0.35471487466404367
05/10/2023 16:35:00.857365,960,True,True,True,True,Eyes,1.373555,-0.3524677,-2.933069,0.2273863,0.3235219,0.9184928,2.019382,1.832735,0.3008468,-1.07828,-0.3483378,0.2496311,-0.9035181,0.5736127,0.4062759,1.902398,1.371085,-0.3548241,-2.941123,-0.06587992,-0.02946997,0.0006673399,0.9973922,352.4508,356.5953,0.3013626,0.421678,-0.1081891,-0.9002678,0,0,0,1.837956,0.2971053,-1.064738,0.5796,0.4008,1.915,0.9982622,0.005214157,0.05869829,0.002551759,0.9913188,-0.1314555,-0.05887415,0.1313769,0.9895827,static,16.76533217909075,12.068117996272358,16.839131587459715,11.821088380307142,0.4668709999999998,0.6519294,1.8763850000000002,0.282591988339536,0.20055261211300512,0.9380407191375533,16.482031538341314,11.755232122783902,0.25226024781648787,0.25781773375687644,0.363121868985237
05/10/2023 16:35:00.877291,961,True,True,True,True,Eyes,1.373566,-0.3524603,-2.933073,0.2272019,0.3233289,0.9186064,2.019302,1.832355,0.3004384,-1.07813,-0.3602088,0.2370894,-0.9022407,0.5734231,0.4060946,1.902379,1.371094,-0.3547897,-2.941108,-0.065799,-0.02951184,0.0007037068,0.9973963,352.4603,356.5902,0.3055919,0.4216712,-0.1081891,-0.9002711,0,0,0,1.837764,0.2968783,-1.064582,0.5796,0.4008,1.915,0.9982572,0.005287447,0.05877737,0.00247995,0.99134,-0.1312969,-0.05896258,0.1312138,0.9895991,static,16.759995099355365,12.063503708853801,16.839131587459715,11.821088380307142,0.4666699999999999,0.6516679999999999,1.876526,0.28250876903398414,0.200482192669521,0.9380808520064271,16.47664273401306,11.750819693282605,0.2498914150281854,0.25500544163581057,0.36923685792350674
05/10/2023 16:35:00.892413,962,True,True,True,True,Eyes,1.373576,-0.3524582,-2.933079,0.2270219,0.323134,0.9187195,2.019145,1.831966,0.2999961,-1.078052,-0.3867294,0.2079653,-0.8984379,0.5731926,0.4057605,1.902377,1.371098,-0.35479,-2.941137,-0.06576206,-0.02954743,0.000728238,0.9973976,352.4646,356.5859,0.3085617,0.4216653,-0.1081889,-0.9002738,0,0,0,1.837605,0.296768,-1.064532,0.5795999,0.4007999,1.915,0.9982529,0.005338884,0.05884529,0.002433514,0.9913496,-0.1312248,-0.05903685,0.1311388,0.9896046,static,16.75358989719401,12.053994399165179,16.83912884659031,11.821085513920774,0.466507,0.651558,1.8766049999999999,0.28241273621750096,0.20033240793521992,0.9381417896399671,16.46996474945997,11.741691620781648,0.24366943303602864,0.24811985146217838,0.3776049799431235
05/10/2023 16:35:00.904065,963,True,True,True,True,Eyes,1.373589,-0.3524543,-2.933086,0.2268559,0.3229201,0.9188356,2.019206,1.831657,0.2995877,-1.077768,-0.3859407,0.2289919,-0.8936512,0.5730505,0.4059469,1.902526,1.371087,-0.3549134,-2.941175,-0.06561252,-0.02956782,0.0007906411,0.9974068,352.482,356.5833,0.3153884,0.4216602,-0.1081886,-0.9002762,0,0,0,1.837446,0.2961529,-1.064363,0.5795999,0.4007999,1.915,0.9982502,0.00545722,0.05887854,0.002302857,0.9913887,-0.1309315,-0.05908604,0.130838,0.9896415,static,16.748071623786796,12.055169213260928,16.83912884659031,11.821085513920774,0.46635899999999997,0.6510663,1.876812,0.28232088695422425,0.20035726915153135,0.9381640217273848,16.46470844038719,11.742867079455475,0.24693893185998775,0.25117045232562735,0.3825032863538693
05/10/2023 16:35:00.927181,964,True,True,True,True,Eyes,1.373602,-0.3524456,-2.933094,0.2267024,0.3227251,0.9189421,2.01906,1.831328,0.299156,-1.077694,-0.3973312,0.2074416,-0.8939216,0.5728775,0.4056292,1.902483,1.371131,-0.3548691,-2.941195,-0.06550357,-0.02955232,0.00103412,0.9974141,352.4953,356.5833,0.3429591,0.4216559,-0.1081881,-0.9002783,0,0,0,1.83729,0.296043,-1.06428,0.5796,0.4008,1.915,0.9982512,0.005934455,0.05881633,0.001808674,0.9914165,-0.1307295,-0.05908728,0.1306072,0.9896719,static,16.74450793997795,12.047336493621073,16.839131587459715,11.821088380307142,0.466159,0.6509121,1.8769150000000001,0.28226993259909455,0.2002321653767294,0.9382061695529553,16.460858125328166,11.735335424795611,0.2414497842410254,0.24523834007117742,0.3878716044414067
05/10/2023 16:35:00.942461,965,True,True,True,True,Eyes,1.373612,-0.3524389,-2.933099,0.2265914,0.3225135,0.9190437,2.018644,1.831019,0.2986011,-1.077877,-0.4409711,0.1272577,-0.8884537,0.5722363,0.4044195,1.902472,1.371167,-0.3547445,-2.94123,-0.06568887,-0.02951885,0.0008787802,0.9974031,352.4735,356.5882,0.3254448,0.4216522,-0.1081874,-0.9002801,0,0,0,1.837623,0.2966953,-1.064572,0.5795999,0.4008,1.915,0.9982557,0.005631116,0.05876894,0.002125124,0.9913684,-0.1310884,-0.05899984,0.1309847,0.9896272,moving,16.727676470196638,12.016069932913611,16.83912884659031,11.821088380307142,0.466456,0.6514398,1.876658,0.28202348604550953,0.19973522960126874,0.938386132741084,16.442976762034142,11.705290371117782,0.22252910751717073,0.22458726157248107,0.4127295155794117
05/10/2023 16:35:00.952204,966,True,True,True,True,Eyes,1.37362,-0.3524332,-2.933106,0.2264829,0.3222997,0.9191455,2.017776,1.830612,0.2978956,-1.078476,-0.2848279,0.2526794,-0.9246763,0.5709386,0.4038814,1.90201,1.371149,-0.3547811,-2.941173,-0.06574491,-0.02935973,0.0006202916,0.9974043,352.4661,356.6084,0.294631,0.4216491,-0.1081866,-0.9002817,0,0,0,1.834888,0.294102,-1.064594,0.576,0.3983107,1.915,0.9982753,0.005097868,0.05848547,0.002623143,0.9913545,-0.1311849,-0.0586486,0.1311121,0.9896312,moving,16.694489533899265,12.001514825929647,16.740408931034544,11.74971685950296,0.4637390000000001,0.6488830999999999,1.876579,0.28149197317931335,0.19952930756313203,0.9385895669789557,16.410218234233625,11.691495728783057,0.24877964403723266,0.25595079005520177,0.3352843514334969
05/10/2023 16:35:00.972448,967,True,True,True,True,Eyes,1.373619,-0.3524261,-2.933114,0.2263599,0.3220816,0.9192522,2.018355,1.830494,0.2976489,-1.077736,-0.03866895,0.4433315,-0.8955233,0.5709889,0.4041097,1.902613,1.37112,-0.3547976,-2.941217,-0.06556063,-0.02934577,0.000764521,0.9974168,352.4878,356.6091,0.3105137,0.4216464,-0.1081856,-0.900283,0,0,0,1.831074,0.2910013,-1.064308,0.5723168,0.3957639,1.915,0.9982765,0.005372945,0.05843967,0.002322762,0.9914024,-0.1308274,-0.05864017,0.1307377,0.9896813,moving,16.690325857205416,12.004034545946906,16.639298675206526,11.676658444424827,0.4599540000000002,0.6457989,1.876909,0.28142108665283505,0.19957489953658272,0.9386010867527854,16.4063388686548,11.693958779524745,0.3157551983218589,0.33132896817293583,0.23360131220347854
05/10/2023 16:35:00.992230,968,True,True,True,True,Eyes,1.373622,-0.3524186,-2.93312,0.2262381,0.3218763,0.9193541,2.017872,1.830141,0.2970865,-1.077982,-0.06218837,0.4057924,-0.9118471,0.5709113,0.4031142,1.902318,1.371121,-0.354737,-2.941226,-0.06564531,-0.02939973,0.000848182,0.9974095,352.4784,356.6022,0.3208617,0.421644,-0.1081845,-0.9002843,0,0,0,1.826885,0.2887729,-1.064261,0.5684182,0.3930678,1.915,0.9982699,0.005551878,0.05853578,0.002167939,0.99138,-0.1310004,-0.05875849,0.1309007,0.9896527,moving,16.69052505622952,11.978594801222437,16.532159012194036,11.599275181623556,0.45576400000000006,0.6435099,1.876965,0.2814488037937831,0.19915644944924105,0.9386816665227516,16.405181186059718,11.669407768514882,0.3880727193353204,0.41105130788757904,0.14505842986144088
05/10/2023 16:35:01.002422,969,True,True,True,True,Eyes,1.373643,-0.3524124,-2.933125,0.2261084,0.3216417,0.9194681,0.0,0.0,0.0,0.0,0.0,0.0,0.0,-1.194379,-0.03700763,3.037912,1.371202,-0.3547221,-2.941224,-0.06570484,-0.02945221,0.0008361898,0.997404,352.4715,356.5962,0.3200845,0.4216417,-0.1081832,-0.9002855,0,0,0,1.822902,0.2863206,-1.064162,0.5645394,0.3903854,1.915,0.9982637,0.005538343,0.05864163,0.002202267,0.9913644,-0.1311178,-0.05886139,0.1310193,0.9896309,moving,16.687283607076967,11.956927627617068,16.42544532260354,11.522242533435646,0.4517,0.6410427,1.877062,0.2814162781432148,0.19880343498559105,0.9387662388907108,16.400907477728914,11.64852334587488,0.47799148674296277,0.5074548436260106,0.12864272004821764
05/10/2023 16:35:01.022300,970,True,True,True,True,Eyes,1.373663,-0.3524058,-2.933131,0.2259811,0.3214211,0.9195765,0.0,0.0,0.0,0.0,0.0,0.0,0.0,-1.194485,-0.03632531,3.037858,1.37121,-0.3547747,-2.941192,-0.06562427,-0.02943336,0.0008901411,0.9974099,352.4809,356.598,0.3258808,0.4216402,-0.1081818,-0.9002864,0,0,0,1.81907,0.2833561,-1.063926,0.5606847,0.3877197,1.915,0.9982658,0.005638757,0.05859743,0.002087415,0.9913853,-0.130961,-0.05883108,0.1308562,0.9896542,moving,16.67897390795961,11.949843907728047,16.319278449085907,11.445647616557004,0.4478599999999999,0.6381308,1.877266,0.28128641283491923,0.19869524735095306,0.9388280316806038,16.392522582448645,11.641750392946122,0.5834506088935105,0.6193502427261964,0.20933466502129808
05/10/2023 16:35:01.042436,971,True,True,True,True,Eyes,1.373691,-0.3523971,-2.933135,0.2258644,0.3211838,0.9196881,0.0,0.0,0.0,0.0,0.0,0.0,0.0,-1.194248,-0.03681448,3.037975,1.371219,-0.3547577,-2.941221,-0.06569263,-0.02947456,0.0008705437,0.9974042,352.473,356.5933,0.3241721,0.4216392,-0.1081804,-0.900287,0,0,0,1.815074,0.2809369,-1.06388,0.556815,0.3850439,1.915,0.998261,0.005609089,0.05868171,0.002135954,0.9913675,-0.1310955,-0.05891046,0.1309929,0.9896315,moving,16.674958126891227,11.927183674103826,16.212582448998912,11.368720770450803,0.4438550000000001,0.6356946,1.8773410000000001,0.2812420407493662,0.19832662162903242,0.9389192870102073,16.387449869796537,11.619913520812126,0.6835821887461715,0.7250324697990727,0.30606602668460214
05/10/2023 16:35:01.052351,972,True,True,True,True,Eyes,1.373719,-0.3523871,-2.933138,0.2257648,0.3209549,0.9197925,0.0,0.0,0.0,0.0,0.0,0.0,0.0,-1.194541,-0.03751421,3.037805,1.371258,-0.3547058,-2.941162,-0.06574756,-0.02944027,0.0007411275,0.9974017,352.4663,356.5982,0.3091831,0.4216391,-0.1081787,-0.9002873,0,0,0,1.811451,0.2783487,-1.063782,0.5528867,0.3823273,1.915,0.9982655,0.005349656,0.0586301,0.002392848,0.9913535,-0.1311971,-0.05882501,0.1311098,0.989621,moving,16.66027549697322,11.909224244551025,16.104152413640016,11.290578450469887,0.44019299999999983,0.6330545000000001,1.8773799999999998,0.2810177092437203,0.19804587588913053,0.939045746459681,16.372345601122753,11.602693667154155,0.7850626761537665,0.8318626703671177,0.411513662346729
05/10/2023 16:35:01.072310,973,True,True,True,True,Eyes,1.373744,-0.3523789,-2.933141,0.2256217,0.3207007,0.9199163,0.0,0.0,0.0,0.0,0.0,0.0,0.0,-1.195333,-0.03811151,3.037488,1.371255,-0.3546649,-2.94117,-0.06577692,-0.02931749,0.000584919,0.9974034,352.4623,356.6136,0.2903429,0.4216396,-0.1081769,-0.9002873,0,0,0,1.808218,0.2756725,-1.063795,0.5490276,0.379659,1.915,0.9982803,0.005023629,0.05840578,0.002690028,0.9913461,-0.1312466,-0.05855968,0.131178,0.9896278,moving,16.632276275957146,11.892372707817593,15.997516951235015,11.213784017470402,0.4369630000000002,0.6303373999999999,1.877375,0.2805732052567987,0.19779648509120487,0.9392312369563532,16.34446527698125,11.58664370172035,0.8776024845454897,0.9291942805403027,0.5093107939923185
05/10/2023 16:35:01.092357,974,True,True,True,True,Eyes,1.373767,-0.3523706,-2.933143,0.2254909,0.3204488,0.9200361,0.0,0.0,0.0,0.0,0.0,0.0,0.0,-1.195601,-0.03841513,3.03739,1.371256,-0.3546918,-2.941178,-0.06580421,-0.02927698,0.0005177498,0.997403,352.459,356.6187,0.2823852,0.4216407,-0.108175,-0.900287,0,0,0,1.804667,0.2730724,-1.063744,0.5452524,0.3770482,1.915,0.9982852,0.004885906,0.05833374,0.002820286,0.9913391,-0.1312969,-0.05847002,0.1312363,0.9896253,moving,16.61699089421021,11.874128730835505,15.893089595673091,11.138604925526748,0.433411,0.6277642,1.8774339999999998,0.28033904853517305,0.19751147587862192,0.9393610804531463,16.328764966062277,11.569153819069005,0.9755829025051967,1.0320021115286553,0.6125237775745657
05/10/2023 16:35:01.102494,975,True,True,True,True,Eyes,1.373675,-0.3523729,-2.933143,0.225346,0.3201613,0.9201717,0.0,0.0,0.0,0.0,0.0,0.0,0.0,-1.196011,-0.03802043,3.037187,1.371211,-0.3546788,-2.941152,-0.06571404,-0.02920571,0.0004590377,0.9974109,352.4691,356.6275,0.2747638,0.4216422,-0.1081729,-0.9002865,0,0,0,1.800918,0.2699035,-1.06353,0.5412202,0.3742599,1.915,0.9982936,0.004754149,0.05819986,0.002922753,0.9913629,-0.1311146,-0.05832052,0.131061,0.9896574,moving,16.598226882543884,11.866634599951547,15.781433444154432,11.058271733825185,0.42970700000000006,0.6245823,1.8776220000000001,0.28003743086030547,0.19740671482693517,0.9394730765024493,16.310282192695894,11.56206392369527,1.087110410496337,1.1491745056030829,0.7304023339283396
05/10/2023 16:35:01.122047,976,True,True,True,True,Eyes,1.373586,-0.3523747,-2.933143,0.2252055,0.3198838,0.9203026,0.0,0.0,0.0,0.0,0.0,0.0,0.0,-1.196281,-0.03791174,3.037127,1.371171,-0.3547414,-2.94121,-0.06570524,-0.02915407,0.0004560279,0.9974131,352.4701,356.6335,0.2739942,0.4216413,-0.1081713,-0.9002872,0,0,0,1.797283,0.2671833,-1.063498,0.5374265,0.3716367,1.915,0.9982997,0.004740846,0.05809737,0.002921454,0.9913653,-0.1310971,-0.05821722,0.1310439,0.9896657,moving,16.583161207093223,11.848952082597824,15.6762691952872,10.982654988177128,0.42611200000000005,0.6219247,1.8777119999999998,0.279806248170199,0.19713060833053261,0.9395999281841186,16.294823427269794,11.545114190404208,1.1873932068033917,1.254162579923081,0.8360440730448968
05/10/2023 16:35:01.142391,977,True,True,True,True,Eyes,1.373543,-0.3523784,-2.933146,0.2250446,0.3195896,0.9204441,0.0,0.0,0.0,0.0,0.0,0.0,0.0,-1.1962,-0.03774139,3.037192,1.371172,-0.35473,-2.941242,-0.06568087,-0.02916647,0.0004721399,0.9974142,352.4729,356.6319,0.2758622,0.4216383,-0.10817,-0.9002887,0,0,0,1.793497,0.2645507,-1.06337,0.5337051,0.3690632,1.915,0.9982982,0.004773197,0.05812009,0.00288952,0.9913716,-0.1310496,-0.05824413,0.1309945,0.9896707,moving,16.57471816377105,11.8319118123476,15.573003781806332,10.908433241049273,0.42232499999999984,0.6192807,1.877872,0.2796833682207112,0.19685848368698294,0.9396935014052773,16.285781778973845,11.528734116657024,1.2909671054836134,1.3624405949186025,0.944894517671615
05/10/2023 16:35:01.152207,978,True,True,True,True,Eyes,1.373502,-0.3523799,-2.933148,0.2248871,0.3193114,0.9205791,0.0,0.0,0.0,0.0,0.0,0.0,0.0,-1.196182,-0.0372881,3.037229,1.37114,-0.3547485,-2.941281,-0.06564574,-0.02915904,0.000560847,0.9974168,352.4773,356.6321,0.2859116,0.4216343,-0.108169,-0.9002907,0,0,0,1.789474,0.2617709,-1.063251,0.5297745,0.3663453,1.915,0.9982988,0.004947129,0.05809378,0.002709537,0.9913806,-0.130985,-0.05824105,0.1309196,0.9896808,moving,16.5665001773816,11.814890787208366,15.46382050635719,10.83000663255714,0.418334,0.6165194,1.87803,0.2795641387840565,0.1965864200808985,0.9397858953074818,16.276958066694966,11.512370911575418,1.4020571795592338,1.4784786961514056,1.0615148144572488
05/10/2023 16:35:01.172219,979,True,True,True,True,Eyes,1.373441,-0.3523851,-2.933148,0.2247469,0.3190122,0.9207171,0.0,0.0,0.0,0.0,0.0,0.0,0.0,-1.196076,-0.0372701,3.037247,1.371156,-0.3546971,-2.941255,-0.06567596,-0.02917422,0.0006583841,0.9974142,352.4741,356.6296,0.2973756,0.4216298,-0.1081682,-0.9002929,0,0,0,1.785484,0.2593669,-1.063133,0.5259215,0.3636806,1.915,0.9982969,0.005145453,0.05811108,0.002518726,0.9913725,-0.1310507,-0.05828403,0.1309739,0.9896711,moving,16.561700304004848,11.789023701501812,15.356680932610265,10.753075244036527,0.41432800000000003,0.6140639999999999,1.8781219999999998,0.27950945568805835,0.1961653794230514,0.939890173976532,16.27095949235039,11.487445341405785,1.5083688244255666,1.5891069479304714,1.172691231616664
05/10/2023 16:35:01.196026,980,True,True,True,True,Eyes,1.373381,-0.3523896,-2.933149,0.2246113,0.3187263,0.9208492,0.0,0.0,0.0,0.0,0.0,0.0,0.0,-1.19602,-0.03723374,3.037244,1.371115,-0.3547316,-2.941243,-0.06574424,-0.02916822,0.0008184214,0.9974099,352.4668,356.629,0.3160159,0.4216241,-0.1081677,-0.9002957,0,0,0,1.78138,0.2570201,-1.063096,0.5219894,0.3609617,1.915,0.998297,0.005467888,0.05807773,0.002202682,0.991354,-0.1311956,-0.05829296,0.1311001,0.9896538,moving,16.556446365119875,11.757643777821988,15.247228275051183,10.674538612687153,0.4102649999999999,0.6117516999999999,1.878147,0.27945238327547267,0.19565397426969602,0.9400137378645866,16.26423080233416,11.457203285940881,1.6144143863176623,1.699167091873213,1.2832997043790395
05/10/2023 16:35:01.206888,981,True,True,True,True,Eyes,1.373341,-0.3523928,-2.933148,0.2244678,0.3184078,0.9209944,0.0,0.0,0.0,0.0,0.0,0.0,0.0,-1.196034,-0.03703445,3.037246,1.371113,-0.3547194,-2.94125,-0.06574208,-0.02916134,0.0008957108,0.9974101,352.4673,356.6292,0.3248668,0.4216175,-0.1081675,-0.9002988,0,0,0,1.777464,0.2544233,-1.062988,0.5181231,0.3582881,1.915,0.9982976,0.005621035,0.05805385,0.002047472,0.9913543,-0.1311958,-0.0582894,0.1310914,0.9896552,moving,16.548481588557355,11.734692167079682,15.13949594464855,10.597270895643684,0.4063509999999999,0.6091427,1.878262,0.2793427261859935,0.19528390331458645,0.9401233129766732,16.255336499339485,11.435115114766072,1.7217853229825486,1.8107920072322479,1.3953791882530637
05/10/2023 16:35:01.227413,982,True,True,True,True,Eyes,1.373301,-0.3523954,-2.933148,0.2243309,0.3180988,0.9211346,0.0,0.0,0.0,0.0,0.0,0.0,0.0,-1.196336,-0.03720278,3.03711,1.371126,-0.3547022,-2.941231,-0.06576609,-0.02911431,0.000888889,0.9974098,352.4645,356.6347,0.3238059,0.4216105,-0.1081675,-0.9003021,0,0,0,1.773689,0.2517733,-1.062904,0.5141469,0.3555385,1.915,0.9983031,0.005602642,0.05796088,0.002056296,0.9913481,-0.1312433,-0.05819472,0.1311397,0.9896544,moving,16.533769480234984,11.711429333098382,15.028586869223224,10.517766071781892,0.402563,0.6064755,1.878327,0.27912220926985465,0.19491521677078774,0.9402653886732842,16.23992245294772,11.412777667616716,1.827864476754564,1.921043121303865,1.506114090325153
05/10/2023 16:35:01.242304,983,True,True,True,True,Eyes,1.373283,-0.3523975,-2.93315,0.2241691,0.3177639,0.9212896,0.0,0.0,0.0,0.0,0.0,0.0,0.0,-1.196426,-0.03684908,3.037095,1.371104,-0.3546908,-2.941259,-0.06571497,-0.02909446,0.0009113827,0.9974139,352.4705,356.6369,0.3260723,0.4216032,-0.1081676,-0.9003054,0,0,0,1.770014,0.2490504,-1.062767,0.5104394,0.3529747,1.915,0.9983053,0.005641934,0.05791866,0.002005833,0.9913615,-0.1311431,-0.05815822,0.131037,0.9896701,moving,16.521859204352886,11.69448656004474,14.925068725235878,10.443596733549809,0.3989099999999999,0.6037412,1.878492,0.27894185779749536,0.1946477933427485,0.9403743324450432,16.227544179643495,11.396517915390875,1.9310996931758422,2.028414452775183,1.6138466742958275
05/10/2023 16:35:01.252840,984,True,True,True,True,Eyes,1.373265,-0.3523993,-2.933152,0.2240107,0.3174433,0.9214385,0.0,0.0,0.0,0.0,0.0,0.0,0.0,-1.196365,-0.03718311,3.037174,1.371117,-0.3547069,-2.941313,-0.06575707,-0.02910784,0.0008773453,0.9974108,352.4655,356.6356,0.3223946,0.4215962,-0.1081678,-0.9003087,0,0,0,1.766089,0.2464522,-1.062729,0.5065189,0.3502635,1.915,0.9983039,0.005578238,0.05794954,0.002077944,0.9913505,-0.1312247,-0.05818031,0.1311225,0.9896575,moving,16.511752063227494,11.669592938836018,14.815494793879758,10.365124674900782,0.3949720000000001,0.6011591000000001,1.878584,0.2787984782881494,0.19424759979457853,0.9404994578360414,16.216481985917866,11.372571903689941,2.038578273310856,2.1398425585610843,1.7256056997616174
05/10/2023 16:35:01.276899,985,True,True,True,True,Eyes,1.373265,-0.3523998,-2.933153,0.2237996,0.3170792,0.9216151,0.0,0.0,0.0,0.0,0.0,0.0,0.0,-1.196096,-0.03734016,3.037284,1.371105,-0.3547027,-2.941324,-0.06577348,-0.02915102,0.0008597114,0.9974084,352.4636,356.6307,0.3207464,0.4215894,-0.108168,-0.9003119,0,0,0,1.762031,0.2438096,-1.062598,0.5026195,0.3475671,1.915,0.9982989,0.005549696,0.05803786,0.002119763,0.9913462,-0.1312562,-0.05826404,0.1311559,0.9896482,moving,16.50236417328488,11.644418181012455,14.70640051339009,10.287041968322328,0.3909259999999999,0.5985123,1.878726,0.2786671507018542,0.19384202702913794,0.9406220071089949,16.206098107475988,11.348349151006326,2.1461036802772595,2.251212040310661,1.8372440800622214
05/10/2023 16:35:01.292414,986,True,True,True,True,Eyes,1.373264,-0.3523991,-2.933155,0.2235908,0.3167332,0.9217848,0.0,0.0,0.0,0.0,0.0,0.0,0.0,-1.195897,-0.03766751,3.037341,1.371082,-0.3546956,-2.941318,-0.06583191,-0.02917939,0.0008734773,0.9974037,352.457,356.6273,0.3227507,0.4215832,-0.1081682,-0.9003147,0,0,0,1.758114,0.2414402,-1.062517,0.4988444,0.3449566,1.915,0.9982956,0.005584288,0.05809225,0.002099451,0.9913308,-0.1313729,-0.05832227,0.131271,0.9896294,moving,16.492178524579558,11.614511455583326,14.600679807561788,10.21140994399271,0.38703200000000004,0.5961358,1.878801,0.2785269918954336,0.19335922042805903,0.940762940383524,16.19469428212714,11.319566058225062,2.2466777564848863,2.3550926199000632,1.941363468965667
05/10/2023 16:35:01.302552,987,True,True,True,True,Eyes,1.373264,-0.3524,-2.933158,0.223302,0.3163243,0.9219953,0.0,0.0,0.0,0.0,0.0,0.0,0.0,-1.195322,-0.0381642,3.037585,1.37106,-0.3546667,-2.941357,-0.06588881,-0.02927222,0.0008327094,0.9973971,352.4503,356.6168,0.3189538,0.4215776,-0.1081684,-0.9003173,0,0,0,1.753825,0.2389208,-1.06242,0.4948931,0.3422243,1.915,0.9982849,0.005518507,0.05828231,0.002196339,0.991316,-0.1314834,-0.05850178,0.1313859,0.9896036,moving,16.482721119124776,11.582484903079996,14.489915714529827,10.13221056260684,0.382765,0.5935874999999999,1.878937,0.2784006844220618,0.1928407062108261,0.9409068498730454,16.183879889304386,11.288731809281948,2.3528778499926393,2.464664083240895,2.051110923239062
05/10/2023 16:35:01.322485,988,True,True,True,True,Eyes,1.373264,-0.352401,-2.93316,0.223026,0.3159251,0.9221989,0.0,0.0,0.0,0.0,0.0,0.0,0.0,-1.195136,-0.03786278,3.037703,1.371117,-0.3546947,-2.941369,-0.065848,-0.02931136,0.0008469913,0.9973987,352.455,356.6122,0.3207568,0.4215726,-0.1081686,-0.9003197,0,0,0,1.74993,0.2361367,-1.062231,0.491105,0.3396047,1.915,0.9982802,0.005549764,0.05835867,0.002170612,0.9913266,-0.1314031,-0.05858176,0.1313037,0.9896098,moving,16.470167629615805,11.56042823927876,14.383622470960315,10.05624117940152,0.37881300000000007,0.5908314,1.879138,0.27821407181939484,0.19248930449586246,0.9410339391029381,16.170610360736077,11.26754198944861,2.4568209793653115,2.5722071087318765,2.158836578026685
05/10/2023 16:35:01.342549,989,True,True,True,True,Eyes,1.373249,-0.3524019,-2.933162,0.2226556,0.3154511,0.9224505,0.0,0.0,0.0,0.0,0.0,0.0,0.0,-1.195203,-0.03748831,3.037688,1.371119,-0.3546984,-2.941375,-0.06577022,-0.02930264,0.0008087953,0.9974041,352.4639,356.6136,0.3160174,0.421568,-0.1081688,-0.9003218,0,0,0,1.746031,0.2330658,-1.06202,0.4871361,0.3368601,1.915,0.9982814,0.005467874,0.05834675,0.002241091,0.9913473,-0.1312464,-0.05855953,0.1311516,0.9896312,moving,16.445026600557007,11.53852092766549,14.272147430039817,9.976608411166348,0.37491200000000013,0.5877642000000001,1.8793549999999999,0.27781978900379944,0.19215228307220075,0.9412191575827836,16.145216598941285,11.246591543827446,2.5570832389645135,2.6759997382033043,2.2630168511818316
05/10/2023 16:35:01.352337,990,True,True,True,True,Eyes,1.373236,-0.3524019,-2.933165,0.2222988,0.3149987,0.9226912,0.0,0.0,0.0,0.0,0.0,0.0,0.0,-1.195197,-0.03675181,3.037687,1.371128,-0.3546581,-2.941362,-0.06566722,-0.02930214,0.0008693411,0.997411,352.4759,356.6133,0.3226368,0.4215634,-0.108169,-0.9003239,0,0,0,1.742131,0.2301091,-1.061768,0.4832824,0.3341954,1.915,0.9982812,0.00558256,0.05833837,0.002114199,0.9913741,-0.1310453,-0.05856672,0.1309434,0.9896584,moving,16.424712688191704,11.518227549516785,14.163802331422215,9.899256614198967,0.3710030000000002,0.5847671999999999,1.8795939999999998,0.27750351984516936,0.19183717251008833,0.941376802219731,16.124560947315054,11.227162027278887,2.6583701995415137,2.7807881132426098,2.368102011291945
05/10/2023 16:35:01.372524,991,True,True,True,True,Eyes,1.373222,-0.3524042,-2.933167,0.2216088,0.3143435,0.9230806,0.0,0.0,0.0,0.0,0.0,0.0,0.0,-1.195053,-0.03721127,3.037766,1.371135,-0.3546362,-2.941391,-0.0657173,-0.0293295,0.0008194199,0.9974068,352.47,356.6104,0.3172629,0.421559,-0.1081691,-0.900326,0,0,0,1.738189,0.2275877,-1.061704,0.47939,0.3315036,1.915,0.9982782,0.005489502,0.05839919,0.002220322,0.9913612,-0.1311418,-0.05861459,0.1310457,0.989642,moving,16.382964122666895,11.469016808140022,14.054264129268043,9.82108112646276,0.367054,0.5822239,1.8796869999999999,0.2768599831297893,0.19106548827307207,0.9417232179671453,16.081711913408075,11.179989278236212,2.729010996403996,2.85281188833069,2.4407326527849507
05/10/2023 16:35:01.396043,992,True,True,True,True,Eyes,1.37321,-0.3524036,-2.933169,0.2209471,0.3137189,0.9234516,0.0,0.0,0.0,0.0,0.0,0.0,0.0,-1.195204,-0.03696403,3.037719,1.371161,-0.3546755,-2.941383,-0.06569595,-0.02930734,0.0008486774,0.9974089,352.4725,356.6128,0.3203936,0.4215546,-0.1081694,-0.900328,0,0,0,1.734429,0.2248353,-1.061567,0.4755456,0.3288454,1.915,0.9982807,0.005543703,0.05835129,0.00215779,0.9913666,-0.1311012,-0.05857431,0.1310017,0.9896503,moving,16.340125000846207,11.427525634982665,13.945973704599815,9.743845194159677,0.3632679999999999,0.5795108,1.8798160000000002,0.2761909843281909,0.19042161566231053,0.9420499855222977,16.03822132897138,11.140274210167105,2.80140250216819,2.9268994270606856,2.515455051960964
05/10/2023 16:35:01.402112,993,True,True,True,True,Eyes,1.373175,-0.3524063,-2.933168,0.2200811,0.3129387,0.923923,0.0,0.0,0.0,0.0,0.0,0.0,0.0,-1.195315,-0.03738084,3.037669,1.371187,-0.3546066,-2.941379,-0.06575797,-0.02929278,0.0008571038,0.9974052,352.4654,356.6143,0.3214694,0.4215504,-0.1081696,-0.9003299,0,0,0,1.730474,0.2223564,-1.061514,0.4715142,0.3260573,1.915,0.9982824,0.005562227,0.05832082,0.002142708,0.9913503,-0.1312249,-0.05854627,0.1311245,0.9896356,moving,16.284458735678836,11.36618436596179,13.832306518221602,9.662796488240955,0.35928700000000013,0.576963,1.879865,0.27532766801729164,0.18946175229350035,0.9424961273691984,15.981314528988715,11.081500744045353,2.859738255866758,2.98572951881893,2.57506450322681
05/10/2023 16:35:01.422527,994,True,True,True,True,Eyes,1.373142,-0.3524126,-2.933167,0.2192393,0.3121778,0.9243804,0.0,0.0,0.0,0.0,0.0,0.0,0.0,-1.195642,-0.03879273,3.03746,1.371167,-0.3546307,-2.94132,-0.06592464,-0.02924554,0.0006818803,0.9973958,352.4457,356.621,0.301485,0.4215457,-0.10817,-0.9003322,0,0,0,1.727132,0.2202776,-1.061548,0.4678488,0.3235228,1.915,0.9982885,0.005216212,0.05824884,0.002495794,0.991307,-0.1315458,-0.05842865,0.131466,0.9895973,moving,16.22079012347246,11.299054721588085,13.728862376172732,9.589085910259758,0.35596499999999986,0.5749083,1.8797720000000002,0.2743365362346506,0.1884128646228419,0.9429952442684314,15.91638778960057,11.01720201441378,2.8966917810801345,3.022200726867413,2.6124285715281665
05/10/2023 16:35:01.442316,995,True,True,True,True,Eyes,1.373123,-0.3524171,-2.933166,0.2182357,0.3112714,0.9249234,0.0,0.0,0.0,0.0,0.0,0.0,0.0,-1.195119,-0.03685811,3.037712,1.37119,-0.3547207,-2.941321,-0.06571175,-0.02932346,0.0009076207,0.9974073,352.4709,356.6105,0.3273662,0.4215406,-0.1081705,-0.9003345,0,0,0,1.72276,0.216891,-1.061141,0.4639595,0.3208334,1.915,0.9982786,0.005664327,0.05837558,0.002043257,0.9913623,-0.131136,-0.05861415,0.1310295,0.9896442,moving,16.174835398939233,11.255613507283758,13.618999513628163,9.510835344830564,0.35157000000000016,0.5716117000000001,1.88018,0.2736161173619279,0.18773789991062528,0.9433391237179458,15.869790859309383,10.975628720546055,2.967639273422904,3.094599797844201,2.685457375445282
05/10/2023 16:35:01.457216,996,True,True,True,True,Eyes,1.373107,-0.3524204,-2.933165,0.2172692,0.3104244,0.9254354,0.0,0.0,0.0,0.0,0.0,0.0,0.0,-1.194756,-0.03774503,3.037917,1.371326,-0.3546817,-2.941339,-0.06583698,-0.02940707,0.0008772694,0.9973966,352.4565,356.601,0.3249374,0.4215356,-0.1081712,-0.9003367,0,0,0,1.718749,0.2147119,-1.061117,0.4601012,0.3181652,1.915,0.9982689,0.005622116,0.05854551,0.002122174,0.9913294,-0.1313828,-0.05877653,0.1312796,0.9896014,moving,16.122760734028898,11.184307535948191,13.509911368950453,9.433166209240847,0.34742300000000004,0.5693935999999999,1.880222,0.27281841490408487,0.18660768187856075,0.9437942458556804,15.815817060016883,10.907212080694608,3.0187473056960674,3.145389920294969,2.736788681510216
05/10/2023 16:35:01.477559,997,True,True,True,True,Eyes,1.373107,-0.3524204,-2.933165,0.2172692,0.3104244,0.9254354,0.0,0.0,0.0,0.0,0.0,0.0,0.0,-1.194623,-0.03957802,3.037969,1.371365,-0.3546635,-2.941346,-0.06615046,-0.02943356,0.0009071383,0.9973751,352.4206,356.5974,0.3296744,0.4215306,-0.1081719,-0.9003389,0,0,0,1.71478,0.2132423,-1.061338,0.4562128,0.3154763,1.915,0.9982657,0.005703601,0.05859258,0.002084573,0.9912466,-0.132007,-0.05883262,0.1319002,0.9895156,moving,16.124942785592008,11.147406788313793,13.39987112266525,9.354859104524932,0.343415,0.5679058,1.880008,0.272886568430595,0.18599606539859292,0.9438952682281951,15.8159624460361,10.871586130265706,3.1325205237580915,3.2617852116200448,2.8527106676773863
05/10/2023 16:35:01.492196,998,True,True,True,True,Eyes,1.373107,-0.3524204,-2.933165,0.2172692,0.3104244,0.9254354,0.0,0.0,0.0,0.0,0.0,0.0,0.0,-1.194899,-0.04209879,3.037626,1.371329,-0.3545512,-2.941169,-0.06638999,-0.02940436,0.0005179135,0.9973603,352.3918,356.6036,0.285406,0.4215262,-0.1081725,-0.900341,0,0,0,1.711341,0.2112737,-1.061295,0.4523498,0.3128051,1.915,0.9982702,0.004937402,0.0585847,0.002871216,0.9911842,-0.1324599,-0.05872225,0.132399,0.9894555,moving,16.109271256829373,11.13035354778549,13.29044988330462,9.277032534581844,0.340012,0.5658249,1.8798739999999998,0.27264242849061204,0.18572848255893082,0.9440185008304967,15.799953130934753,10.855248237245041,3.2409261321702614,3.3735074794377096,2.964518739019687
05/10/2023 16:35:01.502332,999,True,True,True,True,Eyes,1.373107,-0.3524204,-2.933165,0.2172692,0.3104244,0.9254354,0.0,0.0,0.0,0.0,0.0,0.0,0.0,-1.194931,-0.04249689,3.037577,1.371304,-0.3546053,-2.941143,-0.06636816,-0.02940728,0.0002891875,0.9973617,352.3935,356.605,0.25898,0.4215222,-0.1081731,-0.9003428,0,0,0,1.707432,0.2081483,-1.06109,0.4482777,0.3099893,1.915,0.9982702,0.004480263,0.058621,0.003326565,0.9911903,-0.1324031,-0.05869778,0.1323691,0.989461,moving,16.103185896618914,11.13930452296771,13.174998824808991,9.194955578972758,0.336128,0.5627536,1.8800529999999998,0.2725341171209145,0.18588188710484171,0.9440195824285779,15.79456280560251,10.863932028309225,3.377226810198428,3.5149356101540543,3.1060582476686664
05/10/2023 16:35:01.522245,1000,True,True,True,True,Eyes,1.373107,-0.3524204,-2.933165,0.2172692,0.3104244,0.9254354,0.0,0.0,0.0,0.0,0.0,0.0,0.0,-1.194689,-0.04012412,3.037661,1.371288,-0.3546314,-2.941103,-0.06604279,-0.02943713,0.0004412122,0.9973824,352.4314,356.6006,0.2756077,0.4215187,-0.1081736,-0.9003444,0,0,0,1.703602,0.2045681,-1.06056,0.4447205,0.3075296,1.915,0.9982665,0.004768335,0.05866188,0.003008106,0.9912763,-0.1317658,-0.05877844,0.1317138,0.9895436,moving,16.112606255855564,11.172945057184686,13.074056831602581,9.123227307417281,0.332314,0.5591995,1.880543,0.27266054760361746,0.1864291837627371,0.9438751390831388,15.805427120301701,10.896324059449187,3.5214188754067286,3.6652592619540143,3.2564176246382166
05/10/2023 16:35:01.542504,1001,True,True,True,True,Eyes,1.373107,-0.3524204,-2.933165,0.2172692,0.3104244,0.9254354,0.0,0.0,0.0,0.0,0.0,0.0,0.0,-1.193826,-0.03854328,3.038005,1.371288,-0.3545965,-2.941091,-0.06580504,-0.02957538,0.0005221828,0.9973941,352.459,356.5843,0.2851684,0.4215154,-0.1081741,-0.9003458,0,0,0,1.699173,0.2011414,-1.060075,0.4408978,0.3048858,1.915,0.99825,0.004934062,0.05892789,0.002850774,0.9913388,-0.131298,-0.05906534,0.1312363,0.98959,moving,16.131796112263913,11.199313970087278,12.965488658889091,9.046098257324134,0.327885,0.5557379,1.881016,0.27295458733687794,0.1868473642499705,0.9437074486734508,15.825321711439155,10.921625008469263,3.679088729748745,3.829078321866379,3.419977438919564
05/10/2023 16:35:01.552425,1002,True,True,True,True,Eyes,1.373107,-0.3524204,-2.933165,0.2172692,0.3104244,0.9254354,0.0,0.0,0.0,0.0,0.0,0.0,0.0,-1.193219,-0.03669149,3.038339,1.371305,-0.3546584,-2.94115,-0.06550927,-0.0296771,0.0005363763,0.9974106,352.493,356.5726,0.2865425,0.4215125,-0.1081745,-0.9003471,0,0,0,1.694841,0.1972663,-1.059618,0.4369587,0.302162,1.915,0.9982379,0.004958225,0.05913023,0.002818276,0.9914165,-0.1307111,-0.05927078,0.1306474,0.9896556,moving,16.145262411940916,11.233971766366787,12.853515441078992,8.966600734178693,0.32353600000000005,0.5519247,1.881532,0.27314670709996325,0.18740754830511325,0.9435407676385127,15.840139565180277,10.95496808833114,3.8405185816864162,3.997070116696023,3.5879699544063874
05/10/2023 16:35:01.572487,1003,True,True,True,True,Eyes,1.37335,-0.3523992,-2.933158,0.2161168,0.3088085,0.9262456,0.0,0.0,0.0,0.0,0.0,0.0,0.0,-1.19332,-0.03592858,3.038297,1.371322,-0.354677,-2.941128,-0.06540883,-0.02966077,0.0005889491,0.9974176,352.5047,356.5742,0.292128,0.4215099,-0.1081749,-0.9003483,0,0,0,1.690952,0.1942016,-1.059378,0.4330372,0.2994502,1.915,0.9982398,0.005055009,0.05909131,0.002705296,0.9914427,-0.1305147,-0.0592454,0.1304449,0.9896839,moving,16.072554511187,11.136418805282139,12.741943237667769,8.887418851728201,0.3196300000000001,0.5488786,1.88175,0.27203046059409547,0.18586188650417662,0.9441688726535751,15.764886481306974,10.861379077908673,3.8648017395487297,4.01882722275778,3.610360761586904
05/10/2023 16:35:01.592422,1004,True,True,True,True,Eyes,1.373585,-0.352377,-2.933153,0.2150083,0.3072666,0.927016,0.0,0.0,0.0,0.0,0.0,0.0,0.0,-1.193144,-0.03592384,3.038444,1.371343,-0.3546674,-2.9412,-0.06543812,-0.02968832,0.0006688565,0.9974147,352.5016,356.5704,0.3016506,0.4215138,-0.1081743,-0.9003466,0,0,0,1.686818,0.1916312,-1.059345,0.4290546,0.2966963,1.915,0.9982363,0.005219751,0.0591356,0.002551242,0.9914348,-0.1305776,-0.05931067,0.1304982,0.9896729,moving,16.00778702370643,11.02849242774825,12.628532000261803,8.806972653392803,0.31547499999999995,0.5462986000000001,1.8818549999999998,0.27105258708738117,0.18413582594631228,0.9447880658839618,15.696736199186564,10.757719575236248,3.892921125849764,4.0440715400853176,3.635834231559685
05/10/2023 16:35:01.602626,1005,True,True,True,True,Eyes,1.373517,-0.3523796,-2.933151,0.2138337,0.3057381,0.9277927,0.0,0.0,0.0,0.0,0.0,0.0,0.0,-1.193054,-0.03701645,3.038533,1.371389,-0.3546215,-2.941252,-0.06559385,-0.02971212,0.0006301485,0.9974038,352.4836,356.5678,0.2979146,0.4215234,-0.1081727,-0.9003423,0,0,0,1.682755,0.1894336,-1.059424,0.4250012,0.293893,1.915,0.9982336,0.005154889,0.05918728,0.002640839,0.9913941,-0.1308846,-0.05935262,0.1308097,0.9896293,moving,15.934778262583416,10.909850174704175,12.513001236496873,8.725047434645527,0.31136600000000003,0.5440551,1.881828,0.2699455619145585,0.18223792512770898,0.9454727195791378,15.620074272154689,10.643781550271752,3.9121688086148585,4.059793224934177,3.651772645631137
05/10/2023 16:35:01.622436,1006,True,True,True,True,Eyes,1.373451,-0.3523822,-2.933152,0.2127029,0.3042731,0.928534,0.0,0.0,0.0,0.0,0.0,0.0,0.0,-1.193658,-0.03811634,3.038273,1.371378,-0.3546197,-2.941249,-0.06573265,-0.02961656,0.0005207915,0.9973975,352.4673,356.5796,0.2850682,0.4215302,-0.1081715,-0.9003392,0,0,0,1.679616,0.1873936,-1.059509,0.4214123,0.2914114,1.915,0.9982452,0.004932423,0.0590105,0.002854678,0.9913579,-0.131154,-0.05914743,0.1310923,0.9896042,moving,15.849294308329393,10.798523847656426,12.41062332977261,8.652493732014449,0.308238,0.5420133,1.88174,0.268623704621125,0.18046977673859518,0.9461881404919238,15.531776607908391,10.536997835397916,3.9095616155341215,4.053381718517389,3.645950287824404
05/10/2023 16:35:01.642822,1007,True,True,True,True,Eyes,1.373415,-0.3523838,-2.933149,0.2113859,0.3028731,0.9292921,0.0,0.0,0.0,0.0,0.0,0.0,0.0,-1.193486,-0.03834206,3.038393,1.371377,-0.3546193,-2.941306,-0.06577691,-0.02964292,0.0005415319,0.9973938,352.4623,356.5763,0.2878144,0.4215347,-0.1081706,-0.9003372,0,0,0,1.675718,0.1849675,-1.05948,0.417634,0.2887987,1.915,0.998242,0.004979881,0.0590601,0.002819399,0.9913462,-0.1312431,-0.05920258,0.1311789,0.9895894,moving,15.770847273438042,10.698765596239616,12.302755493992603,8.576076878826118,0.304341,0.5395868,1.881826,0.2674066314975696,0.17888493175249748,0.9468335625482744,15.450875016980424,10.441324134169538,3.9251412725068424,4.066136739177814,3.6592080911835594
05/10/2023 16:35:01.652499,1008,True,True,True,True,Eyes,1.37338,-0.3523876,-2.933147,0.2101112,0.3015325,0.9300169,0.0,0.0,0.0,0.0,0.0,0.0,0.0,-1.192875,-0.0401026,3.038582,1.37139,-0.3545891,-2.941275,-0.06602268,-0.02975076,0.000448754,0.9973745,352.4338,356.5644,0.2788005,0.4215379,-0.1081699,-0.9003358,0,0,0,1.671314,0.1830374,-1.059512,0.413548,0.2859732,1.915,0.9982294,0.004823601,0.05928604,0.003033298,0.9912816,-0.1317253,-0.05940455,0.131672,0.9895118,moving,15.700267493738886,10.583479027995201,12.186003285070209,8.49340139772271,0.29992399999999986,0.5376265,1.881763,0.2663306566306808,0.17703414982183782,0.9474845066505466,15.376732229325635,10.330605985003135,3.9510164370129757,4.088823477345917,3.6818571253151013
05/10/2023 16:35:01.672247,1009,True,True,True,True,Eyes,1.37336,-0.3523948,-2.933143,0.2087236,0.3002048,0.9307586,0.0,0.0,0.0,0.0,0.0,0.0,0.0,-1.191915,-0.04124829,3.038946,1.371394,-0.3546477,-2.941268,-0.06612848,-0.02992053,0.0002382792,0.9973625,352.421,356.5464,0.2562025,0.4215399,-0.1081694,-0.9003349,0,0,0,1.667263,0.1807652,-1.05939,0.4099693,0.2834984,1.915,0.9982094,0.0044325,0.05965171,0.003481897,0.9912539,-0.1319224,-0.05971474,0.1318939,0.9894636,moving,15.62759700457128,10.488388474935487,12.083662011335672,8.420958271801446,0.29586899999999994,0.5354129,1.881878,0.26520185339918967,0.17551807149836426,0.9480830228123958,15.301645843694654,10.239392929757946,3.967723779590763,4.102894451617142,3.696231127862701
05/10/2023 16:35:01.692368,1010,True,True,True,True,Eyes,1.37334,-0.3524019,-2.933139,0.2073865,0.2989217,0.9314702,0.0,0.0,0.0,0.0,0.0,0.0,0.0,-1.191453,-0.04115173,3.039176,1.371421,-0.35471,-2.941297,-0.06607947,-0.03000575,0.0001438371,0.9973632,352.4263,356.5373,0.2457921,0.4215412,-0.1081692,-0.9003343,0,0,0,1.663188,0.1778022,-1.059189,0.406121,0.2808373,1.915,0.9981992,0.004252444,0.05983426,0.003678613,0.991267,-0.1318191,-0.05987228,0.1318018,0.9894663,moving,15.5525278930594,10.410547816532368,11.973523509831574,8.343031449530036,0.2917670000000001,0.5325122,1.8821080000000001,0.2640180111401976,0.17428856897784292,0.9486401114850721,15.225162783762935,10.16484427469064,3.999581872442627,4.133267025367041,3.727218793912228
05/10/2023 16:35:01.707134,1011,True,True,True,True,Eyes,1.37333,-0.3524141,-2.933135,0.2059569,0.2976283,0.9322013,0.0,0.0,0.0,0.0,0.0,0.0,0.0,-1.191032,-0.04123253,3.03931,1.371428,-0.354689,-2.941265,-0.06603549,-0.03008303,2.047313e-05,0.9973637,352.4309,356.5293,0.2320036,0.421542,-0.1081693,-0.9003339,0,0,0,1.65912,0.1749039,-1.058936,0.4022456,0.2781574,1.915,0.99819,0.004013934,0.06000474,0.003932257,0.9912786,-0.131724,-0.06001015,0.1317216,0.9894686,moving,15.470340457719352,10.331845978936533,11.862518583005366,8.264522665671675,0.28769199999999984,0.5295928999999999,1.882329,0.26271527821575164,0.1730491363819989,0.9492285248187888,15.141773232586749,10.08951844016449,4.026079240881188,4.158149150912354,3.752881643979429
05/10/2023 16:35:01.722403,1012,True,True,True,True,Eyes,1.373322,-0.3524236,-2.933134,0.204582,0.2963645,0.9329063,0.0,0.0,0.0,0.0,0.0,0.0,0.0,-1.190904,-0.04025209,3.039441,1.371485,-0.3548219,-2.941293,-0.06585862,-0.03011774,-6.001543e-05,0.9973744,352.451,356.5261,0.2223624,0.4215424,-0.1081698,-0.9003337,0,0,0,1.655286,0.1714235,-1.058634,0.3984306,0.2755194,1.915,0.9981859,0.003847309,0.06008523,0.004086741,0.9913253,-0.1313678,-0.06006942,0.131375,0.9895111,moving,15.388535170041415,10.269278095943084,11.753155400724873,8.187210824142861,0.28380099999999997,0.5262454000000001,1.8826589999999999,0.26140494358251914,0.17207587320483034,0.9497669321972394,15.059607971630728,10.029759075314374,4.058158956702264,4.189390193268898,3.785183306201317
05/10/2023 16:35:01.742465,1013,True,True,True,True,Eyes,1.373314,-0.3524326,-2.933132,0.2030801,0.2951166,0.9336299,0.0,0.0,0.0,0.0,0.0,0.0,0.0,-1.190878,-0.03835371,3.039575,1.371511,-0.3547606,-2.941391,-0.06556385,-0.0301216,1.774807e-05,0.9973936,352.485,356.5252,0.2303128,0.4215426,-0.1081705,-0.9003335,0,0,0,1.651289,0.1677172,-1.058305,0.3944952,0.2727979,1.915,0.9981854,0.00398518,0.06008386,0.003914373,0.9914027,-0.130787,-0.06008851,0.1307849,0.9895881,moving,15.300575645545752,10.21641987691607,11.640249673931844,8.10742038126889,0.2797780000000001,0.5224778,1.8830859999999998,0.2599837668347265,0.17126768227952754,0.9503030815348362,14.972026251825266,9.979416161861083,4.093548715770138,4.224436659616447,3.8216623827274665
05/10/2023 16:35:01.757188,1014,True,True,True,True,Eyes,1.373307,-0.352439,-2.933132,0.2016411,0.2939153,0.9343204,0.0,0.0,0.0,0.0,0.0,0.0,0.0,-1.190948,-0.0387716,3.039518,1.371533,-0.3547352,-2.941358,-0.06565373,-0.03011105,7.331167e-05,0.9973881,352.4749,356.526,0.2369567,0.4215426,-0.1081715,-0.9003335,0,0,0,1.647553,0.1655292,-1.058262,0.390743,0.2702031,1.915,0.9981866,0.004100045,0.06005517,0.003807564,0.9913792,-0.1309689,-0.06007442,0.1309601,0.9895658,moving,15.21257348690898,10.122919401629401,11.532514467664914,8.03131510181655,0.27602000000000015,0.5202644,1.883096,0.2585912908309351,0.16978235329915553,0.950949232847922,14.882247214103002,9.889853554031337,4.104604388784055,4.23292368607269,3.8307799011324826
05/10/2023 16:35:01.777389,1015,True,True,True,True,Eyes,1.37328,-0.3524481,-2.933132,0.200093,0.292675,0.9350423,0.0,0.0,0.0,0.0,0.0,0.0,0.0,-1.190992,-0.03971669,3.039558,1.371539,-0.3546767,-2.941434,-0.0656839,-0.03011843,-0.0001979975,0.9973859,352.4705,356.5271,0.2058417,0.4215423,-0.1081726,-0.9003335,0,0,0,1.64391,0.1628802,-1.05823,0.3869106,0.2675529,1.915,0.9981857,0.003561632,0.0601054,0.004351551,0.9913711,-0.1310125,-0.06005337,0.1310363,0.989557,moving,15.111712800812827,10.04222165745223,11.422391116057096,7.953555488306583,0.2723709999999999,0.5175569,1.883204,0.2569734552387202,0.1685180973068812,0.9516124532844408,14.780754068686225,9.812742956232636,4.113238245367525,4.239530735794046,3.8386429584535637
05/10/2023 16:35:01.792530,1016,True,True,True,True,Eyes,1.373254,-0.352459,-2.933132,0.1985957,0.2914929,0.9357306,0.0,0.0,0.0,0.0,0.0,0.0,0.0,-1.191604,-0.04013401,3.039265,1.371446,-0.3547041,-2.941426,-0.06574187,-0.03000454,-0.0002434506,0.9973856,352.4637,356.5406,0.1999411,0.4215415,-0.1081738,-0.9003337,0,0,0,1.640358,0.16033,-1.05822,0.3829839,0.2648375,1.915,0.9981993,0.00345948,0.05988418,0.004430736,0.991356,-0.1311253,-0.05982016,0.1311546,0.9895555,moving,15.006277347796638,9.955504957469698,11.309469296905547,7.873852244064873,0.26891200000000004,0.5150341,1.883206,0.2552819700132852,0.16715514462244938,0.9523079291897364,14.674532330375207,9.729858647321382,4.118596388510799,4.242601534949854,3.842968772726783
05/10/2023 16:35:01.807330,1017,True,True,True,True,Eyes,1.373224,-0.3524707,-2.93313,0.1969671,0.2902497,0.936461,0.0,0.0,0.0,0.0,0.0,0.0,0.0,-1.190976,-0.04004335,3.039499,1.37142,-0.3547587,-2.941417,-0.06582615,-0.03009216,-2.574835e-05,0.9973773,352.4548,356.5288,0.2260034,0.42154,-0.1081753,-0.9003342,0,0,0,1.635881,0.1580183,-1.058144,0.37904,0.2621105,1.915,0.9981889,0.00391034,0.06002986,0.004013063,0.9913338,-0.1313055,-0.06002308,0.1313086,0.9895228,moving,14.922652209247762,9.856107358989059,11.195963177319257,7.793777637959457,0.26446099999999984,0.512777,1.883273,0.2539609736499152,0.165562354138017,0.9529391702037254,14.588659099372672,9.634572160420674,4.137818932478137,4.25927400139252,3.8599106328309065
05/10/2023 16:35:01.822543,1018,True,True,True,True,Eyes,1.373196,-0.352482,-2.933126,0.1953989,0.2890531,0.9371594,0.0,0.0,0.0,0.0,0.0,0.0,0.0,-1.190455,-0.03961545,3.039713,1.3715,-0.3547574,-2.941385,-0.06579246,-0.03018664,6.747792e-05,0.9973766,352.459,356.5172,0.2373505,0.4215379,-0.1081771,-0.900335,0,0,0,1.631485,0.1551716,-1.05791,0.3750014,0.2593177,1.915,0.9981775,0.004106708,0.06020601,0.003837504,0.9913427,-0.1312438,-0.06022377,0.1312357,0.9895203,moving,14.840753997351994,9.776969351520192,11.079639263165294,7.711739143318726,0.25998500000000013,0.509929,1.883475,0.2526524843031506,0.16430416422031233,0.953504603840218,14.50552516786111,9.558823230874,4.1708261394982795,4.290822748213233,3.8920963321188964
05/10/2023 16:35:01.842251,1019,True,True,True,True,Eyes,1.373176,-0.352492,-2.933123,0.1936759,0.2877912,0.937905,0.0,0.0,0.0,0.0,0.0,0.0,0.0,-1.190242,-0.03921559,3.039767,1.37152,-0.3547572,-2.941339,-0.06575439,-0.03022191,0.0001343434,0.9973781,352.4636,356.5126,0.245192,0.4215353,-0.1081791,-0.9003359,0,0,0,1.627705,0.152583,-1.057702,0.3713922,0.256822,1.915,0.9981732,0.004242429,0.06026767,0.003706464,0.9913527,-0.1311721,-0.060303,0.1311559,0.989526,moving,14.742265450302275,9.694050809500796,10.975605017528984,7.638401023966398,0.2561849999999999,0.5073402,1.8836370000000002,0.2510683817866991,0.16299347743806072,0.9541476363974851,14.406200522246694,9.479551600355624,4.17331297312701,4.291086908533488,3.89343305604806
05/10/2023 16:35:01.857167,1020,True,True,True,True,Eyes,1.373158,-0.3525,-2.933119,0.1920267,0.2865789,0.9386151,0.0,0.0,0.0,0.0,0.0,0.0,0.0,-1.190079,-0.03895921,3.039852,1.371487,-0.3547318,-2.941376,-0.06570433,-0.03024329,0.0001299377,0.9973809,352.4694,356.5102,0.2446684,0.4215326,-0.1081812,-0.900337,0,0,0,1.623695,0.1497318,-1.057559,0.3674973,0.2541286,1.915,0.9981707,0.004233425,0.06031108,0.003715036,0.9913658,-0.1310723,-0.06034523,0.1310566,0.9895365,moving,14.644952770434113,9.617806056147831,10.863253305266452,7.559225081377917,0.2522080000000002,0.5044636,1.883817,0.24949749903656293,0.1617914850791478,0.9547641272673029,14.30836327402106,9.406711317607709,4.189561023491559,4.305694656444419,3.9092183476842135
05/10/2023 16:35:01.877335,1021,True,True,True,True,Eyes,1.373129,-0.3525105,-2.933115,0.1902721,0.2853111,0.9393584,0.0,0.0,0.0,0.0,0.0,0.0,0.0,-1.190497,-0.03938198,3.03966,1.371521,-0.3546937,-2.941342,-0.06573091,-0.03018529,3.639518e-05,0.9973808,352.4659,356.5176,0.2335383,0.4215297,-0.1081834,-0.9003381,0,0,0,1.620127,0.1471261,-1.057456,0.3636059,0.2514375,1.915,0.9981777,0.004040813,0.06020766,0.003895613,0.9913589,-0.1311197,-0.06021724,0.1311153,0.9895366,moving,14.529828574170066,9.530677488540606,10.750918046209026,7.480087737920471,0.2486060000000001,0.5018198,1.8838860000000002,0.24763482843206602,0.16041855885308667,0.9554804954550876,14.192781453449829,9.32350286761996,4.185663254966334,4.29942822985605,3.904433768743971
05/10/2023 16:35:01.882569,1022,True,True,True,True,Eyes,1.373101,-0.3525214,-2.933112,0.1885911,0.2840973,0.940065,0.0,0.0,0.0,0.0,0.0,0.0,0.0,-1.190826,-0.04037869,3.039543,1.371492,-0.3547308,-2.941376,-0.06583067,-0.03013478,-0.0001345077,0.9973758,352.4539,356.5247,0.213805,0.4215263,-0.1081858,-0.9003393,0,0,0,1.616603,0.1447281,-1.057488,0.3597903,0.2487991,1.915,0.9981837,0.003699276,0.06012911,0.004235895,0.9913326,-0.1313077,-0.06009369,0.1313239,0.9895165,moving,14.417880501684966,9.440852578582483,10.640689673886513,7.402472269060696,0.24511100000000008,0.49945890000000004,1.883888,0.24582478195810742,0.15899600679255346,0.9561854053951938,14.080117802009603,9.237668397996691,4.180819984899156,4.292104942315705,3.8984113020801137
05/10/2023 16:35:01.902422,1023,True,True,True,True,Eyes,1.373041,-0.3525368,-2.933106,0.186775,0.282805,0.9408169,0.0,0.0,0.0,0.0,0.0,0.0,0.0,-1.191108,-0.04092267,3.039402,1.371476,-0.3547536,-2.941357,-0.06590428,-0.03008858,-0.0001868534,0.9973722,352.4453,356.5304,0.2076788,0.4215227,-0.1081882,-0.9003407,0,0,0,1.612858,0.1422317,-1.05744,0.3558475,0.2460726,1.915,0.9981893,0.003593208,0.06004365,0.004338657,0.9913131,-0.131451,-0.0599944,0.1314735,0.9895026,moving,14.301577855257142,9.345844116646623,10.526702871772128,7.322236396450904,0.24138199999999999,0.49698529999999996,1.883917,0.24394306432901572,0.1574874072576359,0.9569166661191802,13.962982106023205,9.146864720706404,4.1744153993737045,4.283067749426419,3.8906662022615865
05/10/2023 16:35:01.922234,1024,True,True,True,True,Eyes,1.372982,-0.3525521,-2.933101,0.1850275,0.2815594,0.9415356,0.0,0.0,0.0,0.0,0.0,0.0,0.0,-1.190904,-0.04156372,3.03942,1.371422,-0.3547723,-2.941325,-0.06597246,-0.03011856,-0.0002840642,0.9973668,352.4371,356.5276,0.1969408,0.4215179,-0.1081911,-0.9003426,0,0,0,1.609017,0.1398355,-1.05734,0.3521066,0.2434857,1.915,0.9981856,0.003407358,0.06011597,0.004540623,0.9912951,-0.1315804,-0.06004102,0.1316146,0.989481,moving,14.197052171176539,9.25636789327607,10.418475037007632,7.24608198412701,0.237595,0.4946078,1.883985,0.24225249018050177,0.15606100546994278,0.9575796839558715,13.857490820501694,9.061310571333696,4.173766231214357,4.280057779444966,3.888686716995039
05/10/2023 16:35:01.942339,1025,True,True,True,True,Eyes,1.372956,-0.3525651,-2.933094,0.1831544,0.2802742,0.9422849,0.0,0.0,0.0,0.0,0.0,0.0,0.0,-1.190633,-0.04128563,3.039527,1.371397,-0.3547859,-2.941332,-0.06592599,-0.03015919,-0.0002870218,0.9973686,352.4424,356.5229,0.1967452,0.4215121,-0.1081941,-0.9003449,0,0,0,1.604939,0.1369656,-1.057161,0.3482141,0.2407942,1.915,0.9981807,0.003404016,0.06019751,0.004549082,0.9913073,-0.1314877,-0.06012182,0.1315223,0.9894884,moving,14.08917371627186,9.175100050847156,10.305781413435854,7.166820979082208,0.23354199999999992,0.4917515,1.884171,0.24049843828269932,0.15477217936808035,0.9582306965810726,13.74920354400577,8.983702928012569,4.17898464230786,4.283368084492369,3.89335536339128
05/10/2023 16:35:01.957577,1026,True,True,True,True,Eyes,1.372931,-0.3525778,-2.933086,0.1813565,0.2790333,0.9430007,0.0,0.0,0.0,0.0,0.0,0.0,0.0,-1.190393,-0.04066038,3.039618,1.371399,-0.354762,-2.941322,-0.06582343,-0.03019861,-0.0002724757,0.9973742,352.4543,356.5184,0.198359,0.4215064,-0.1081974,-0.9003472,0,0,0,1.600967,0.1339918,-1.056918,0.3444085,0.2381623,1.915,0.998176,0.003432032,0.0602745,0.004519073,0.9913344,-0.1312847,-0.06020276,0.1313176,0.9895107,moving,13.98640191650024,9.103094735852341,10.195525682143497,7.089288436327103,0.229568,0.4887538,1.884404,0.2388222383423668,0.15363329192102637,0.9588330578824872,13.64632959016446,8.914995036817972,4.189689872889222,4.292570143424367,3.904004636612086
05/10/2023 16:35:01.972494,1027,True,True,True,True,Eyes,1.372904,-0.3525934,-2.93308,0.1794651,0.2777666,0.9437362,0.0,0.0,0.0,0.0,0.0,0.0,0.0,-1.190545,-0.0399861,3.039548,1.371389,-0.3547648,-2.941306,-0.06573914,-0.03016918,-0.0002110456,0.9973808,352.4641,356.5214,0.2049185,0.4215006,-0.1082007,-0.9003496,0,0,0,1.59707,0.1309849,-1.056716,0.3404598,0.2354318,1.915,0.9981796,0.003545606,0.06020806,0.004387577,0.9913567,-0.1311212,-0.06015257,0.1311466,0.9895364,moving,13.871466223129854,9.025657156654841,10.081043341560573,7.008823671789093,0.22568100000000002,0.48574969999999995,1.88459,0.23694376069127707,0.1524094185815103,0.9594941608895442,13.531443596736992,8.841137021419799,4.192477431441439,4.2935909128373755,3.906742137914453
05/10/2023 16:35:01.982095,1028,True,True,True,True,Eyes,1.372878,-0.3526064,-2.933073,0.1776575,0.2765527,0.9444345,0.0,0.0,0.0,0.0,0.0,0.0,0.0,-1.190769,-0.03876844,3.039529,1.371406,-0.3548179,-2.941346,-0.06563541,-0.0301236,-5.422967e-07,0.997389,352.4768,356.5251,0.2284729,0.4214948,-0.1082043,-0.9003519,0,0,0,1.593261,0.1280091,-1.056571,0.3366173,0.2327746,1.915,0.9981852,0.003953268,0.06008996,0.003955431,0.991384,-0.130928,-0.06008982,0.1309281,0.9895691,moving,13.763535605840877,8.950639191932433,9.969561848794486,6.930492287543775,0.22185500000000014,0.482827,1.8847749999999999,0.23517938502216168,0.15121970488631184,0.9601163292479117,13.423437624714598,8.76956094165179,4.198816343600913,4.298282259748397,3.9129824162664497
05/10/2023 16:35:02.002192,1029,True,True,True,True,Eyes,1.372855,-0.3526186,-2.933064,0.175721,0.2753062,0.9451607,0.0,0.0,0.0,0.0,0.0,0.0,0.0,-1.191584,-0.03877595,3.039185,1.371416,-0.3547688,-2.941322,-0.06567045,-0.02998671,8.769047e-05,0.9973907,352.473,356.5402,0.2377298,0.421489,-0.1082079,-0.9003541,0,0,0,1.589701,0.125456,-1.056522,0.3325886,0.2299889,1.915,0.9982015,0.004113405,0.05980542,0.003763559,0.9913747,-0.1310035,-0.05982845,0.1309929,0.9895764,moving,13.634186432168635,8.859671745010708,9.852596249708512,6.848344904516627,0.21828500000000006,0.4802248,1.8848,0.23306315094531846,0.14977364618466707,0.960858753930004,13.293941780225582,8.682755589259882,4.186138610330355,4.28320673880805,3.899733532013442
05/10/2023 16:35:02.022145,1030,True,True,True,True,Eyes,1.372832,-0.3526291,-2.933058,0.1738676,0.2741118,0.9458503,0.0,0.0,0.0,0.0,0.0,0.0,0.0,-1.192146,-0.03882998,3.03896,1.371437,-0.3547449,-2.941312,-0.06570072,-0.02989468,0.000140469,0.9973915,352.4697,356.5504,0.2432224,0.4214833,-0.1082116,-0.9003564,0,0,0,1.586307,0.1230489,-1.056469,0.328862,0.2274118,1.915,0.9982126,0.00420841,0.05961495,0.003648,0.9913668,-0.1310671,-0.05965186,0.1310503,0.9895794,moving,13.514123211002298,8.77408876085432,9.744327630491119,6.772323710054247,0.2148699999999999,0.4777938,1.8848429999999998,0.2310972042926273,0.14840978211596387,0.9615449183368991,13.17368161418936,8.601076009453196,4.1734842023673355,4.26830435154831,3.886489896817427
05/10/2023 16:35:02.042499,1031,True,True,True,True,Eyes,1.372806,-0.352639,-2.933049,0.171936,0.2728688,0.9465626,0.0,0.0,0.0,0.0,0.0,0.0,0.0,-1.192627,-0.0393531,3.038784,1.371431,-0.3547135,-2.941339,-0.06576239,-0.02981696,8.939606e-05,0.9973898,352.4624,356.5597,0.2369605,0.4214776,-0.1082153,-0.9003586,0,0,0,1.582775,0.1206217,-1.056464,0.3250043,0.2247442,1.915,0.9982219,0.004099994,0.0594665,0.003743343,0.9913506,-0.1311868,-0.05949001,0.1311761,0.9895725,moving,13.3884865477283,8.684269453139242,9.632176114483945,6.693607642088939,0.21134399999999998,0.4753352,1.884875,0.2290377989771613,0.14697576156485131,0.9622577294988749,13.04782488481358,8.51535052602608,4.158724350752649,4.251188365254411,3.871098507843729
05/10/2023 16:35:02.052586,1032,True,True,True,True,Eyes,1.372779,-0.3526497,-2.933042,0.1700754,0.2716735,0.9472423,0.0,0.0,0.0,0.0,0.0,0.0,0.0,-1.193141,-0.03943309,3.038518,1.371397,-0.3546871,-2.941292,-0.06574737,-0.02973067,2.49269e-05,0.9973934,352.4639,356.5702,0.2288196,0.4214719,-0.108219,-0.9003608,0,0,0,1.579239,0.1178827,-1.056314,0.3211303,0.222065,1.915,0.9982321,0.00395915,0.05930306,0.003859702,0.9913545,-0.1311534,-0.05930961,0.1311505,0.9895868,moving,13.266167530489213,8.606919194314962,9.51947568733045,6.614523721773719,0.20784200000000008,0.4725698,1.8849779999999998,0.22702469640016748,0.14574712061892062,0.9629214252743604,12.925827308581923,8.441632644069056,4.152843214252269,4.243505565755187,3.8654312025353343
05/10/2023 16:35:02.077385,1033,True,True,True,True,Eyes,1.372763,-0.3526603,-2.933036,0.1681329,0.270405,0.9479517,0.0,0.0,0.0,0.0,0.0,0.0,0.0,-1.192685,-0.03944936,3.038729,1.371371,-0.3547166,-2.941334,-0.06574358,-0.02980204,5.1316e-06,0.9973915,352.4643,356.5621,0.2270665,0.4214662,-0.1082227,-0.9003631,0,0,0,1.574984,0.115097,-1.056198,0.3171645,0.2193229,1.915,0.9982237,0.003928822,0.05944791,0.003908349,0.9913555,-0.1311445,-0.05944927,0.1311439,0.9895793,moving,13.157952946572701,8.523497640140071,9.404027605473898,6.533556915286672,0.20361300000000004,0.4698136,1.885136,0.22525036865030115,0.14440601210496812,0.9635398988683048,12.817101800705338,8.361949199660968,4.159880945533045,4.248743291253761,3.8719625266412634
05/10/2023 16:35:02.092260,1034,True,True,True,True,Eyes,1.372747,-0.3526718,-2.933029,0.1662619,0.2691863,0.9486283,0.0,0.0,0.0,0.0,0.0,0.0,0.0,-1.192339,-0.04012862,3.038864,1.371351,-0.3547283,-2.941351,-0.06582475,-0.02985927,-6.936074e-05,0.9973844,352.4547,356.556,0.2191983,0.4214607,-0.1082264,-0.9003652,0,0,0,1.571061,0.1127816,-1.056148,0.3134322,0.216742,1.915,0.9982169,0.003792599,0.05957147,0.004069316,0.9913341,-0.131301,-0.0595532,0.1313093,0.9895511,moving,13.050953976053405,8.434853406659114,9.295306478233343,6.457325953691064,0.19971000000000005,0.4675099,1.885203,0.22349752080830745,0.14297431237477404,0.9641613657752993,12.70927084568389,8.277216640513684,4.157708504476202,4.244467334675153,3.868740727188334
05/10/2023 16:35:02.102552,1035,True,True,True,True,Eyes,1.372765,-0.3526813,-2.933025,0.1642773,0.2679214,0.9493319,0.0,0.0,0.0,0.0,0.0,0.0,0.0,-1.191891,-0.04027605,3.039028,1.371334,-0.35476,-2.941344,-0.06583688,-0.02993237,-0.0001063056,0.9973814,352.4532,356.5478,0.215538,0.4214554,-0.1082302,-0.9003672,0,0,0,1.566494,0.1098201,-1.055987,0.3091392,0.2137733,1.915,0.9982081,0.003729254,0.05972198,0.004153363,0.9913309,-0.1313226,-0.05969398,0.1313353,0.9895391,moving,12.940249868716645,8.350343558649175,9.170168756753341,6.369612321314207,0.19516,0.46458010000000005,1.885357,0.22167804610061226,0.1416123743829869,0.9647822259605986,12.598088140385293,8.196501824074968,4.1736028707686055,4.25873312445579,3.8843476358298727
05/10/2023 16:35:02.122236,1036,True,True,True,True,Eyes,1.372783,-0.3526892,-2.933021,0.1623711,0.2667086,0.9500011,0.0,0.0,0.0,0.0,0.0,0.0,0.0,-1.191508,-0.04023206,3.039267,1.371341,-0.3547659,-2.941432,-0.06582095,-0.02999628,-0.0001201563,0.9973806,352.455,356.5406,0.2143714,0.4214511,-0.1082338,-0.9003688,0,0,0,1.562778,0.1073493,-1.055927,0.3056569,0.2113653,1.915,0.9982004,0.003709085,0.05985123,0.004188451,0.9913352,-0.1312899,-0.05981959,0.1313043,0.9895357,moving,12.833907673509602,8.27212648298162,9.06859741520998,6.298443164100669,0.19143700000000008,0.4621152,1.8855049999999998,0.2199268673416404,0.1403522121575866,0.9653669618306525,12.491443400700518,8.12182656396972,4.167928834251491,4.25123360737625,3.878221456196991
05/10/2023 16:35:02.142462,1037,True,True,True,True,Eyes,1.372833,-0.3526966,-2.933012,0.160359,0.2654337,0.9506997,0.0,0.0,0.0,0.0,0.0,0.0,0.0,-1.191507,-0.0405637,3.039244,1.371351,-0.3547378,-2.941411,-0.06586338,-0.02999939,-0.0001399354,0.9973775,352.4501,356.5403,0.2122643,0.4214478,-0.1082373,-0.9003699,0,0,0,1.558968,0.104896,-1.055825,0.3018386,0.2087249,1.915,0.9982001,0.003672586,0.05985988,0.004230859,0.991324,-0.1313729,-0.05982301,0.1313897,0.9895241,moving,12.714189892339029,8.182980185351237,8.957159580781624,6.220382926987777,0.18761699999999992,0.4596338,1.885586,0.21795395321653452,0.13891304495918363,0.9660223691893642,12.371327130266678,8.036705751740596,4.157576619004124,4.238757454785175,3.867243030852191
05/10/2023 16:35:02.152149,1038,True,True,True,True,Eyes,1.372881,-0.352704,-2.933005,0.1584294,0.2641975,0.9513674,0.0,0.0,0.0,0.0,0.0,0.0,0.0,-1.191593,-0.04037434,3.039152,1.371347,-0.3547781,-2.941345,-0.06585341,-0.02998376,-0.0001094374,0.9973788,352.4514,356.5419,0.2156262,0.4214461,-0.1082406,-0.9003704,0,0,0,1.555112,0.1021527,-1.055637,0.297951,0.2060363,1.915,0.9982019,0.003730764,0.05982474,0.004167366,0.9913266,-0.131355,-0.05979591,0.1313681,0.9895286,moving,12.598650055566342,8.101527169215634,8.843628977952982,6.140873887948035,0.18376499999999996,0.45693079999999997,1.8857080000000002,0.2160454940570743,0.13759938340989963,0.9666389593618809,12.255645815495678,7.958977387499463,4.156645481526251,4.2360765553358455,3.8661814798009684
05/10/2023 16:35:02.177679,1039,True,True,True,True,Eyes,1.372938,-0.3527081,-2.932997,0.1564407,0.2629405,0.9520444,0.0,0.0,0.0,0.0,0.0,0.0,0.0,-1.191842,-0.03942585,3.03908,1.371341,-0.3547845,-2.94136,-0.06571011,-0.02994034,-8.033955e-05,0.9973895,352.4679,356.5468,0.2181461,0.4214459,-0.1082438,-0.9003701,0,0,0,1.551386,0.09895858,-1.055419,0.294091,0.2033673,1.915,0.9982072,0.003774507,0.05973493,0.004095027,0.9913644,-0.1310723,-0.05971381,0.131082,0.9895715,moving,12.476893740095987,8.034090600729503,8.730835082471351,6.0619209823228735,0.180045,0.45374308,1.8859409999999999,0.2140229863460382,0.13652379042790969,0.9672411047359493,12.134716542978625,7.894822017286338,4.1553951459337375,4.233486561940481,3.865997310029492
05/10/2023 16:35:02.192379,1040,True,True,True,True,Eyes,1.372992,-0.3527121,-2.93299,0.1545276,0.261732,0.9526896,0.0,0.0,0.0,0.0,0.0,0.0,0.0,-1.192011,-0.03924161,3.038975,1.371279,-0.3547179,-2.941355,-0.06568577,-0.02990029,-4.272659e-05,0.9973923,352.4708,356.5511,0.2220926,0.4214472,-0.1082467,-0.900369,0,0,0,1.547596,0.09629442,-1.055289,0.2902389,0.2007035,1.915,0.9982119,0.003842817,0.05965025,0.004013278,0.9913707,-0.1310264,-0.05963902,0.1310315,0.9895827,moving,12.35994893515531,7.956134207502338,8.618204001108175,5.983098853177947,0.17631700000000006,0.45101231999999997,1.8860660000000002,0.21208525475240422,0.13526612340101038,0.967844415962912,12.017866597065407,7.820478546006882,4.153619352851682,4.230073718137945,3.8644106797765185
05/10/2023 16:35:02.206821,1041,True,True,True,True,Eyes,1.373073,-0.3527148,-2.932981,0.1525318,0.2604672,0.9533577,0.0,0.0,0.0,0.0,0.0,0.0,0.0,-1.191821,-0.03897178,3.039068,1.37127,-0.3547213,-2.941374,-0.06567081,-0.02992625,2.889085e-05,0.9973925,352.4728,356.5476,0.2304934,0.4214499,-0.1082494,-0.9003675,0,0,0,1.543601,0.09362338,-1.05517,0.2864024,0.1980506,1.915,0.9982088,0.003988193,0.05969264,0.003872931,0.9913747,-0.1310009,-0.05970023,0.1309974,0.9895836,moving,12.24641649656243,7.8731983458843,8.505962298975264,5.904576659136073,0.172331,0.44834468000000005,1.8862040000000002,0.21020582022250325,0.1339206449728964,0.9684414233349365,11.904041387730697,7.7413040373778115,4.152176388250545,4.226874607766699,3.862707464385534
05/10/2023 16:35:02.227184,1042,True,True,True,True,Eyes,1.37315,-0.3527144,-2.932973,0.1506102,0.2592594,0.9539922,0.0,0.0,0.0,0.0,0.0,0.0,0.0,-1.191762,-0.03896531,3.039101,1.371334,-0.3547273,-2.941354,-0.06570194,-0.02994268,0.0001023939,0.99739,352.4695,356.5451,0.2392017,0.4214544,-0.1082518,-0.9003651,0,0,0,1.539468,0.09095274,-1.05505,0.2823194,0.1952271,1.915,0.9982069,0.004138838,0.0597156,0.003730331,0.9913664,-0.131067,-0.05974251,0.1310548,0.9895734,moving,12.136201884355863,7.78874716570871,8.386436657752453,5.820980487567551,0.168134,0.44568004000000006,1.886304,0.20838137908603319,0.1325459824955104,0.9690246384214092,11.79333358152397,7.660642131791661,4.161647640489488,4.234718993539809,3.871860226613712
05/10/2023 16:35:02.242278,1043,True,True,True,True,Eyes,1.373246,-0.3527165,-2.932964,0.1486638,0.2579705,0.9546467,0.0,0.0,0.0,0.0,0.0,0.0,0.0,-1.191408,-0.03965449,3.039235,1.371338,-0.3546553,-2.941364,-0.06580308,-0.03000133,0.0001032223,0.9973815,352.4579,356.5383,0.2400997,0.4214605,-0.1082539,-0.900362,0,0,0,1.535477,0.08880837,-1.055014,0.2785502,0.1926206,1.915,0.9981998,0.004154264,0.05983196,0.003742456,0.9913399,-0.1312678,-0.05985913,0.1312554,0.9895397,moving,12.027514830338141,7.693063001058419,8.276031866828761,5.743787007485949,0.16413900000000003,0.44346367,1.8863500000000002,0.20658623782189195,0.1309784957509571,0.9696219810395149,11.68350211812558,7.569128771081438,4.156709126968928,4.227682736987139,3.8655822417067642
05/10/2023 16:35:02.252190,1044,True,True,True,True,Eyes,1.373339,-0.3527214,-2.932954,0.1467908,0.2567187,0.9552737,0.0,0.0,0.0,0.0,0.0,0.0,0.0,-1.19136,-0.04064876,3.0392,1.371301,-0.3547523,-2.941328,-0.0659508,-0.03000744,2.292887e-05,0.9973716,352.4406,356.5381,0.2314108,0.4214685,-0.1082557,-0.900358,0,0,0,1.531434,0.08645171,-1.054978,0.2745165,0.1898313,1.915,0.9981991,0.004003767,0.05985412,0.003912292,0.991301,-0.1315563,-0.05986017,0.1315535,0.9895,moving,11.91538321918188,7.596018713242347,8.157810950422482,5.661156592752147,0.16013299999999986,0.44120401000000004,1.88635,0.2047313429425475,0.12938753622029392,0.970228743386735,11.570278552505666,7.476328948064032,4.157501379484248,4.226469067703854,3.8652019112532607
05/10/2023 16:35:02.272158,1045,True,True,True,True,Eyes,1.373541,-0.3527125,-2.932944,0.1447447,0.2553603,0.9559499,0.0,0.0,0.0,0.0,0.0,0.0,0.0,-1.191224,-0.03900507,3.039265,1.371315,-0.3548234,-2.941303,-0.06575983,-0.03002389,0.0001884878,0.9973838,352.4631,356.5351,0.2499484,0.4214782,-0.1082574,-0.9003533,0,0,0,1.527521,0.08314376,-1.054671,0.2707637,0.1872361,1.915,0.9981971,0.004324721,0.05986589,0.003572742,0.9913512,-0.1311869,-0.05991547,0.1311643,0.9895484,moving,11.800581443370532,7.526403732414144,8.047759881036864,5.584254979833393,0.15620599999999984,0.43796716,1.886632,0.2028168751603152,0.12826081367790193,0.9707804082948306,11.455936650442128,7.410018772888302,4.157936502061024,4.225590071915103,3.866404314029244
05/10/2023 16:35:02.292348,1046,True,True,True,True,Eyes,1.373738,-0.3527027,-2.932932,0.1427826,0.2540712,0.9565881,0.0,0.0,0.0,0.0,0.0,0.0,0.0,-1.190589,-0.03955466,3.039544,1.371363,-0.3547153,-2.941332,-0.06583966,-0.03013469,0.0002122539,0.9973751,352.4541,356.522,0.2538138,0.4214921,-0.1082584,-0.9003466,0,0,0,1.523327,0.08094236,-1.054621,0.2669606,0.1846064,1.915,0.9981837,0.004391509,0.06008324,0.003544722,0.9913301,-0.1313464,-0.06013914,0.1313209,0.9895141,moving,11.697738786194906,7.433391248694356,7.936172749903883,5.506310462266305,0.151964,0.43565766,1.886711,0.20111391820284416,0.12673011964890243,0.9713354246977122,11.351879892481238,7.321039376151167,4.1606744836642635,4.226466538705625,3.8678542261496474
05/10/2023 16:35:02.302481,1047,True,True,True,True,Eyes,1.373738,-0.3527027,-2.932932,0.1427826,0.2540712,0.9565881,0.0,0.0,0.0,0.0,0.0,0.0,0.0,-1.190825,-0.04121122,3.039398,1.371418,-0.3546883,-2.941278,-0.06606929,-0.0301106,0.0001110266,0.9973606,352.4274,356.5254,0.242774,0.4215098,-0.1082588,-0.9003384,0,0,0,1.519648,0.07910985,-1.054648,0.263071,0.1819167,1.915,0.9981866,0.004200238,0.06004758,0.003757304,0.9912696,-0.1317965,-0.06007691,0.1317831,0.9894565,moving,11.69225267894488,7.408752650865452,7.821984911358823,5.4265663880420245,0.14823000000000008,0.43379815,1.88663,0.20103165202064457,0.12631458721185707,0.971406577359428,11.345285086271852,7.297304496681766,4.281560531532155,4.348337035389675,3.9891484296349744
05/10/2023 16:35:02.327293,1048,True,True,True,True,Eyes,1.373738,-0.3527027,-2.932932,0.1427826,0.2540712,0.9565881,0.0,0.0,0.0,0.0,0.0,0.0,0.0,-1.191175,-0.04387018,3.039208,1.37144,-0.3546728,-2.941252,-0.06636684,-0.03007403,-0.0002260187,0.997342,352.392,356.532,0.2046866,0.4215257,-0.1082591,-0.9003309,0,0,0,1.516182,0.07746494,-1.054756,0.2592343,0.1792635,1.915,0.998191,0.003541001,0.06001818,0.004442673,0.9911907,-0.1323673,-0.05995817,0.1323945,0.989382,moving,11.680040747081613,7.380836846920794,7.709288777513156,5.3478837975962765,0.14474199999999993,0.43213774,1.886496,0.20083664928051734,0.125846419273074,0.9715076724636459,11.332033909078168,7.2704579875273225,4.393371231129097,4.460915747309024,4.101289285586548
05/10/2023 16:35:02.342257,1049,True,True,True,True,Eyes,1.374033,-0.3526865,-2.932917,0.1407232,0.2528608,0.9572139,0.0,0.0,0.0,0.0,0.0,0.0,0.0,-1.191864,-0.04404712,3.038865,1.371382,-0.3547401,-2.941199,-0.0662708,-0.02996874,-0.0005568457,0.9973515,352.4019,356.5468,0.1653964,0.42154,-0.1082594,-0.9003242,0,0,0,1.512822,0.07421643,-1.054511,0.2553368,0.1765681,1.915,0.9982031,0.002861363,0.05985254,0.005082847,0.9912158,-0.1321572,-0.05970493,0.1322239,0.9894202,moving,11.539932982392482,7.318607021395207,7.594745277669219,5.267929016661081,0.1414399999999998,0.42895653,1.8866880000000001,0.19848553357681264,0.12485221734810044,0.9721190618088303,11.193693329894733,7.2114660182928505,4.380067446164954,4.4463227845715325,4.090203315158018
05/10/2023 16:35:02.352232,1050,True,True,True,True,Eyes,1.374316,-0.3526713,-2.932902,0.1387302,0.2516837,0.9578148,0.0,0.0,0.0,0.0,0.0,0.0,0.0,-1.191337,-0.04226863,3.039112,1.371344,-0.3547507,-2.941231,-0.06602431,-0.0300435,-0.0004391184,0.9973657,352.4306,356.5374,0.1786745,0.4215605,-0.1082588,-0.9003146,0,0,0,1.508339,0.07051757,-1.05419,0.2512599,0.173749,1.915,0.9981944,0.003091279,0.05998669,0.004843126,0.9912812,-0.1316743,-0.05987072,0.1317271,0.9894764,moving,11.434344611554469,7.268169329396541,7.474864030630034,5.184282857018906,0.1369950000000002,0.42526827,1.8870410000000002,0.19671385853105813,0.12404158297162554,0.972582792307414,11.08924894516648,7.163592323158338,4.408728829198406,4.474379208390388,4.12085479884669
05/10/2023 16:35:02.372108,1051,True,True,True,True,Eyes,1.37461,-0.3526583,-2.93289,0.1368545,0.2502285,0.9584657,0.0,0.0,0.0,0.0,0.0,0.0,0.0,-1.190255,-0.04060879,3.03953,1.371315,-0.3547579,-2.941214,-0.06582173,-0.03020794,-0.0002598292,0.9973741,352.4545,356.5172,0.1998819,0.4215863,-0.1082575,-0.9003026,0,0,0,1.503969,0.06734231,-1.053854,0.247664,0.1712625,1.915,0.9981748,0.003458383,0.06029142,0.00449497,0.9913349,-0.1312821,-0.06022301,0.1313135,0.98951,moving,11.346831065296724,7.195596918574068,7.369071895857061,5.11048693985359,0.13265399999999983,0.42210021000000003,1.88736,0.19525736828655518,0.12284604619421025,0.9730279356335299,11.001051156529075,7.094221723688906,4.426746600658149,4.491130329151117,4.138414798271166
05/10/2023 16:35:02.392315,1052,True,True,True,True,Eyes,1.374893,-0.352646,-2.932877,0.1350556,0.2488247,0.9590862,0.0,0.0,0.0,0.0,0.0,0.0,0.0,-1.189497,-0.03918681,3.039937,1.371342,-0.3548497,-2.941285,-0.06562584,-0.03033297,-0.0001884755,0.9973832,352.4773,356.5023,0.2083617,0.4216171,-0.1082555,-0.9002884,0,0,0,1.499563,0.06385073,-1.053613,0.2437595,0.1685624,1.915,0.9981598,0.003605289,0.06053192,0.004357218,0.9913864,-0.1308968,-0.06048245,0.1309196,0.9895463,moving,11.257059961188444,7.1276322841738216,7.254143463701838,5.030332416323266,0.12822099999999992,0.41870043,1.8876720000000002,0.19375947762427115,0.12172861103841207,0.9734677681039668,10.910921942337874,7.029314738323615,4.455722592276014,4.519071499936286,4.1674883521715556
05/10/2023 16:35:02.402696,1053,True,True,True,True,Eyes,1.375142,-0.3526337,-2.932866,0.1331575,0.2472392,0.9597613,0.0,0.0,0.0,0.0,0.0,0.0,0.0,-1.18973,-0.0386149,3.039812,1.371346,-0.3548533,-2.94124,-0.0655514,-0.03029381,-0.0001462704,0.9973892,352.4859,356.5066,0.2126653,0.4216521,-0.108253,-0.9002723,0,0,0,1.49584,0.06092921,-1.053402,0.2399122,0.165902,1.915,0.9981645,0.003679827,0.06044862,0.004263381,0.991406,-0.1307517,-0.06041026,0.1307694,0.9895706,moving,11.141927608824998,7.034466316780904,7.140841266973901,4.951337104156383,0.1244940000000001,0.41578251,1.8878380000000001,0.1918391346027841,0.12019173788157192,0.9740388017838113,10.795011953727808,6.940280223652508,4.449455156398973,4.5108889624371225,4.16039158499804
05/10/2023 16:35:02.422564,1054,True,True,True,True,Eyes,1.375383,-0.3526191,-2.932857,0.1313322,0.2457153,0.960404,0.0,0.0,0.0,0.0,0.0,0.0,0.0,-1.189286,-0.03782785,3.040027,1.371349,-0.3548034,-2.941278,-0.06546874,-0.03035961,-7.482177e-06,0.9973928,352.4959,356.498,0.2288683,0.4216901,-0.10825,-0.9002548,0,0,0,1.491647,0.05805868,-1.053245,0.2360542,0.1632342,1.915,0.9981565,0.003960285,0.06056189,0.003990136,0.9914277,-0.1305956,-0.06055993,0.1305965,0.9895843,moving,11.045105784597366,6.944991034249426,7.027167556560409,4.872103109675929,0.12029800000000002,0.41286208,1.888033,0.19022707196315905,0.11870843779163814,0.9745367958760313,10.69694587347563,6.85466868796997,4.461347786222833,4.521138346939119,4.171071704914398
05/10/2023 16:35:02.442577,1055,True,True,True,True,Eyes,1.375602,-0.3526059,-2.932849,0.1294354,0.2441995,0.9610479,0.0,0.0,0.0,0.0,0.0,0.0,0.0,-1.18914,-0.03787586,3.040113,1.371378,-0.354736,-2.941303,-0.06546505,-0.03038824,-5.559402e-06,0.9973922,352.4964,356.4947,0.2292934,0.4217305,-0.1082466,-0.9002363,0,0,0,1.48769,0.05544356,-1.053145,0.2321823,0.1605566,1.915,0.9981531,0.003967645,0.0606187,0.003989825,0.9914287,-0.1305883,-0.06061725,0.130589,0.9895818,moving,10.93694006580712,6.849244068451448,6.9130283642629635,4.792559267033321,0.11631199999999997,0.41017956,1.888158,0.18842271400788085,0.11712121357589136,0.9750792208042562,10.587613552987927,6.763090778897898,4.461116571736209,4.51905053680619,4.169600790057505
05/10/2023 16:35:02.462339,1056,True,True,True,True,Eyes,1.375813,-0.3525938,-2.932844,0.1276103,0.2427455,0.9616601,0.0,0.0,0.0,0.0,0.0,0.0,0.0,-1.189388,-0.03862479,3.040031,1.3714,-0.3547314,-2.941318,-0.06555656,-0.03035482,-8.264309e-05,0.9973871,352.4856,356.4991,0.2204809,0.4217724,-0.1082429,-0.9002171,0,0,0,1.483918,0.05303416,-1.053123,0.2282193,0.1578162,1.915,0.9981571,0.00381506,0.06056183,0.004144769,0.9914047,-0.1307655,-0.06054016,0.1307756,0.9895619,moving,10.82422245660324,6.747750364587961,6.7961465300498185,4.711130639926874,0.11251800000000012,0.40776555999999997,1.8881949999999998,0.1865411286156767,0.11543596924975928,0.9756417676106884,10.473589130688897,6.666001677333771,4.457701363285157,4.513669856442516,4.164745472881557
05/10/2023 16:35:02.472350,1057,True,True,True,True,Eyes,1.375992,-0.3525839,-2.932839,0.1257206,0.2412554,0.9622838,0.0,0.0,0.0,0.0,0.0,0.0,0.0,-1.189113,-0.03892761,3.040177,1.371399,-0.3547457,-2.941361,-0.06559491,-0.03040082,-0.000111142,0.9973832,352.4811,356.494,0.2176811,0.4218156,-0.1082388,-0.9001974,0,0,0,1.479878,0.05048391,-1.05307,0.2243428,0.1551356,1.915,0.9981515,0.003766576,0.06065712,0.004209981,0.9913946,-0.1308398,-0.06062796,0.1308533,0.9895462,moving,10.717953199475954,6.649617641697912,6.681760846736622,4.631460457451081,0.10847899999999999,0.40522961,1.8882910000000002,0.1847662687226134,0.11380361437371644,0.9761711490992556,10.365958089606695,6.572107148289328,4.458487963927672,4.512627519376993,4.164062788075233
05/10/2023 16:35:02.492531,1058,True,True,True,True,Eyes,1.376165,-0.3525732,-2.932836,0.1238983,0.2398351,0.9628751,0.0,0.0,0.0,0.0,0.0,0.0,0.0,-1.188697,-0.03952819,3.040334,1.371371,-0.354742,-2.941376,-0.06567544,-0.03046654,-0.0001499994,0.997376,352.4717,356.4866,0.213988,0.421859,-0.1082347,-0.9001775,0,0,0,1.475561,0.04798466,-1.053015,0.2202863,0.1523308,1.915,0.9981435,0.003702595,0.06079289,0.004301018,0.9913734,-0.130997,-0.06075348,0.1310153,0.989517,moving,10.617697948837238,6.551366932400998,6.562006518432339,4.548079708444265,0.10419,0.40272666,1.888361,0.18309224088786874,0.11216526079916238,0.9766761529449896,10.264117225142302,6.478053254368183,4.471030623830745,4.523471308666388,4.17497563737834
05/10/2023 16:35:02.507193,1059,True,True,True,True,Eyes,1.376286,-0.3525697,-2.932834,0.1219965,0.2383819,0.9634786,0.0,0.0,0.0,0.0,0.0,0.0,0.0,-1.188021,-0.04107407,3.040606,1.371375,-0.3547134,-2.941407,-0.06584551,-0.03058743,-0.0003337319,0.9973609,352.4516,356.4739,0.194335,0.4219025,-0.1082304,-0.9001576,0,0,0,1.471537,0.04607415,-1.053041,0.2166212,0.1497962,1.915,0.9981286,0.003362387,0.06105737,0.004693793,0.9913285,-0.1313231,-0.06096947,0.1313639,0.9894575,moving,10.516112608215252,6.443433223216283,6.4537573700906234,4.472714813847683,0.10016200000000008,0.40078755,1.888366,0.18139718424445278,0.11036045740829609,0.9771978918860988,10.16048066975269,6.374665273086975,4.464717336260091,4.515136889369237,4.166198887434227
05/10/2023 16:35:02.527117,1060,True,True,True,True,Eyes,1.376401,-0.3525679,-2.932832,0.120163,0.236976,0.9640557,0.0,0.0,0.0,0.0,0.0,0.0,0.0,-1.187854,-0.04182282,3.040679,1.371393,-0.3547944,-2.941408,-0.06592743,-0.03062448,-0.0004627119,0.9973543,352.4417,356.4706,0.1800415,0.4219447,-0.1082262,-0.9001383,0,0,0,1.467753,0.04369596,-1.052985,0.212894,0.1472187,1.915,0.9981238,0.00311501,0.06114791,0.004960961,0.9913067,-0.1314777,-0.06102589,0.1315344,0.9894314,moving,10.410396838347193,6.347509419575716,6.343626623798261,4.396058405535278,0.09636,0.39849036,1.888423,0.1796257388059622,0.10876023980681333,0.9777044379786085,10.053500283841794,6.282898175971008,4.462034329395562,4.510740630776926,4.162130090804799
05/10/2023 16:35:02.542542,1061,True,True,True,True,Eyes,1.376501,-0.3525673,-2.932829,0.118266,0.2355193,0.964647,0.0,0.0,0.0,0.0,0.0,0.0,0.0,-1.187294,-0.04113168,3.04091,1.37138,-0.3548283,-2.941413,-0.06580693,-0.03071577,-0.0004830671,0.9973594,352.4555,356.4603,0.1779567,0.4219857,-0.1082223,-0.9001196,0,0,0,1.463381,0.04043972,-1.052757,0.2088817,0.1444441,1.915,0.9981126,0.003079039,0.06133291,0.005006205,0.9913384,-0.1312367,-0.06120575,0.131296,0.989452,moving,10.309722746325892,6.270191100446325,6.225019180051862,4.3135225044825996,0.092001,0.39526802,1.888656,0.17793255866690028,0.10747436300226888,0.978156065206875,9.952366273381353,6.20904733133807,4.481618978201982,4.529167166131367,4.18164210847572
05/10/2023 16:35:02.562286,1062,True,True,True,True,Eyes,1.376595,-0.3525683,-2.932828,0.116443,0.2340999,0.9652141,0.0,0.0,0.0,0.0,0.0,0.0,0.0,-1.186881,-0.04069296,3.041045,1.371402,-0.3548263,-2.941369,-0.06571036,-0.03079077,-0.0005354743,0.9973635,352.4664,356.4521,0.172137,0.4220251,-0.1082186,-0.9001016,0,0,0,1.459196,0.03734952,-1.052507,0.2049409,0.1417191,1.915,0.9981033,0.00297842,0.06148955,0.00511467,0.9913637,-0.1310412,-0.06134881,0.1311072,0.9894682,moving,10.21091925024757,6.193125389023472,6.108473176351265,4.23244458879491,0.08779399999999993,0.39217581999999995,1.8888619999999998,0.17626996212977114,0.10619087071013338,0.9785971559821808,9.853048587637254,6.1354261000464945,4.500507966536884,4.546903670588605,4.200378988016795
05/10/2023 16:35:02.577479,1063,True,True,True,True,Eyes,1.37668,-0.3525669,-2.93283,0.1146021,0.2324284,0.9658381,0.0,0.0,0.0,0.0,0.0,0.0,0.0,-1.186409,-0.04010427,3.041277,1.371402,-0.3548479,-2.941408,-0.06557977,-0.03087224,-0.0006138207,0.9973696,352.4811,356.4434,0.1632516,0.4220629,-0.1082152,-0.9000843,0,0,0,1.455238,0.03428051,-1.052321,0.2012615,0.1391747,1.915,0.9980931,0.002824777,0.06166257,0.005273601,0.9913979,-0.1307766,-0.06150155,0.1308524,0.9894924,moving,10.111338065128008,6.105413015395808,5.999612025453039,4.156724790513517,0.08383600000000002,0.38912841,1.889087,0.17459616570238867,0.1047243565421766,0.9790550678748523,9.75241650161202,6.05153666162095,4.505174290022317,4.5501293193859995,4.204028242432314
05/10/2023 16:35:02.582567,1064,True,True,True,True,Eyes,1.376763,-0.352562,-2.932833,0.1128335,0.230825,0.9664308,0.0,0.0,0.0,0.0,0.0,0.0,0.0,-1.186389,-0.03841677,3.041346,1.371373,-0.3548016,-2.941467,-0.06539752,-0.03085748,-0.0003627237,0.9973821,352.503,356.4433,0.1914265,0.4220991,-0.1082119,-0.9000677,0,0,0,1.451325,0.03109151,-1.052141,0.1974622,0.1365474,1.915,0.9980954,0.003312457,0.06160085,0.004759554,0.9914461,-0.1304302,-0.06150596,0.130475,0.9895419,moving,10.011556299303079,6.022337921942846,5.887157800979062,4.078522674932293,0.07995200000000002,0.38589311,1.8893259999999998,0.17291612738205986,0.10333579411200296,0.9795007897303212,9.651837116678632,5.972123743684242,4.515840021811957,4.559504434419173,4.21408772543177
05/10/2023 16:35:02.608227,1065,True,True,True,True,Eyes,1.376763,-0.352562,-2.932833,0.1128335,0.230825,0.9664308,0.0,0.0,0.0,0.0,0.0,0.0,0.0,-1.18631,-0.03915954,3.041386,1.371397,-0.3547098,-2.941487,-0.06544691,-0.0308813,-0.0004988888,0.997378,352.4968,356.4416,0.1760888,0.4221337,-0.1082087,-0.9000518,0,0,0,1.447001,0.02835608,-1.052066,0.1931394,0.1335581,1.915,0.9980922,0.00304701,0.06166596,0.005037333,0.9914329,-0.1305198,-0.06153536,0.1305814,0.989526,moving,10.011571537864112,6.018931303046423,5.759153340939573,3.98952705664815,0.075604,0.38306588,1.889421,0.17291743988598168,0.10327753186732305,0.9795067028512678,9.651671069870519,5.968836221049724,4.6671512586308985,4.711851240949176,4.366847723281152
05/10/2023 16:35:02.628224,1066,True,True,True,True,Eyes,1.376763,-0.352562,-2.932833,0.1128335,0.230825,0.9664308,0.0,0.0,0.0,0.0,0.0,0.0,0.0,-1.186875,-0.04046834,3.041174,1.371451,-0.3547789,-2.94148,-0.06555528,-0.03081216,-0.0007873399,0.9973728,352.4833,356.4516,0.1427045,0.4221649,-0.1082059,-0.9000375,0,0,0,1.444161,0.02634603,-1.052048,0.1898373,0.1312746,1.915,0.9981,0.002469257,0.06156566,0.005610344,0.9914038,-0.1307176,-0.0613592,0.1308147,0.9895062,moving,9.998011607358768,6.010891976790223,5.661334362646817,3.921531070374481,0.07271000000000005,0.38112493000000003,1.8894319999999998,0.17268801969553058,0.10314430848192022,0.979561213001675,9.638175183609789,5.961180830240349,4.768479609149355,4.813750982556208,4.469388555294599
05/10/2023 16:35:02.640140,1067,True,True,True,True,Eyes,1.376763,-0.352562,-2.932833,0.1128335,0.230825,0.9664308,0.0,0.0,0.0,0.0,0.0,0.0,0.0,-1.187011,-0.03965256,3.041112,1.371393,-0.3547938,-2.941485,-0.06544351,-0.03077802,-0.0007392018,0.9973813,352.4963,356.4553,0.1475924,0.422193,-0.1082033,-0.9000247,0,0,0,1.44034,0.02326441,-1.051863,0.1859776,0.1286056,1.915,0.9981043,0.002553911,0.06149159,0.005502976,0.9914332,-0.1304988,-0.06129809,0.1305898,0.9895397,moving,9.995213961960925,6.022896018952653,5.546955508708753,3.842042004347391,0.06894699999999987,0.37805821,1.8896220000000001,0.1726364748220796,0.10335048220829512,0.9795485674147091,9.636115609401545,5.972785971184935,4.907687097765816,4.954102088163837,4.610997742497005
05/10/2023 16:35:02.656009,1068,True,True,True,True,Eyes,1.376763,-0.352562,-2.932833,0.1128335,0.230825,0.9664308,0.0,0.0,0.0,0.0,0.0,0.0,0.0,-1.186119,-0.03980768,3.041429,1.371354,-0.3547371,-2.94148,-0.06552735,-0.03090937,-0.0005723033,0.9973718,352.4873,356.4388,0.1681295,0.4222182,-0.1082009,-0.9000131,0,0,0,1.435804,0.0209944,-1.051798,0.1820727,0.1259052,1.915,0.9980885,0.00290922,0.06173127,0.005192416,0.9914117,-0.1306749,-0.06158126,0.1307456,0.9895015,moving,10.01323445429341,6.010934639370869,5.431192046347872,3.761602696845535,0.06445000000000012,0.37573150000000005,1.8896819999999999,0.17294834513063653,0.10314025473090956,0.9795157111075388,9.65284957314833,5.961106810343194,5.057199056329119,5.104371343845993,4.760274216774081
05/10/2023 16:35:02.672248,1069,True,True,True,True,Eyes,1.376776,-0.352566,-2.932833,0.1105772,0.2292301,0.9670709,0.0,0.0,0.0,0.0,0.0,0.0,0.0,-1.185646,-0.04001874,3.041566,1.371371,-0.3547729,-2.941422,-0.0656035,-0.03098598,-0.0004873245,0.9973645,352.4789,356.4293,0.1787827,0.4222409,-0.1081988,-0.9000027,0,0,0,1.431656,0.01863506,-1.05168,0.178248,0.1232605,1.915,0.9980792,0.003093498,0.06187258,0.005037659,0.9913919,-0.130831,-0.0617447,0.1308914,0.9894721,moving,9.892064392678495,5.900640060096154,5.317763030597631,3.6828081784727766,0.060285000000000144,0.37340796,1.8897420000000003,0.17090909003500548,0.10129107218057047,0.9800663667183855,9.530211565070822,5.855588770842029,5.038485069913725,5.083602188043429,4.739799379526712
05/10/2023 16:35:02.692328,1070,True,True,True,True,Eyes,1.376789,-0.3525696,-2.932833,0.1084118,0.2276917,0.9676794,0.0,0.0,0.0,0.0,0.0,0.0,0.0,-1.185785,-0.03941324,3.041509,1.371398,-0.3548333,-2.94139,-0.06554323,-0.03096442,-0.0004187127,0.9973691,352.4861,356.4313,0.1863099,0.4222617,-0.108197,-0.8999932,0,0,0,1.427797,0.01565716,-1.051496,0.17432,0.1205444,1.915,0.998082,0.003223794,0.06182081,0.004894239,0.9914078,-0.1307157,-0.06171103,0.1307675,0.9894906,moving,9.764967004895286,5.809829184080974,5.201226929691039,3.6018718945289283,0.05639900000000009,0.37049046,1.8898940000000002,0.1687606168964861,0.09977508004316249,0.9805941247017484,9.402894349721258,5.7689174712924425,5.026314830572644,5.069792783389799,4.727588776566096
05/10/2023 16:35:02.707020,1071,True,True,True,True,Eyes,1.37665,-0.352583,-2.932838,0.1060913,0.2260781,0.9683146,0.0,0.0,0.0,0.0,0.0,0.0,0.0,-1.18595,-0.03898597,3.041449,1.37143,-0.3548273,-2.941374,-0.06547467,-0.03094262,-0.0004128729,0.9973744,352.4939,356.4338,0.1865692,0.4222807,-0.1081955,-0.8999845,0,0,0,1.423985,0.01270598,-1.05132,0.170402,0.1178351,1.915,0.9980848,0.003228338,0.06177681,0.004875493,0.9914258,-0.1305799,-0.06166869,0.1306311,0.9895113,moving,9.627731251921839,5.716351726523486,5.084944504693585,3.52112389934452,0.05255500000000013,0.36753328,1.8900540000000001,0.16643734869703516,0.09821444814357025,0.9811484938290511,9.265664075113829,5.679749620676097,5.003620218916832,5.045387660429429,4.705112233654911
05/10/2023 16:35:02.727485,1072,True,True,True,True,Eyes,1.376517,-0.3525955,-2.932842,0.1038716,0.224532,0.9689149,0.0,0.0,0.0,0.0,0.0,0.0,0.0,-1.186239,-0.03945571,3.041365,1.371482,-0.3547655,-2.941394,-0.06550165,-0.03090843,-0.000510276,0.9973736,352.4905,356.4385,0.1751796,0.4222942,-0.1081948,-0.8999782,0,0,0,1.420393,0.01021972,-1.051252,0.166586,0.115196,1.915,0.9980888,0.003031234,0.06172134,0.005066977,0.9914185,-0.1306277,-0.06158764,0.1306908,0.9895084,moving,9.493003465531405,5.617817550265531,4.971648944656246,3.442454675280461,0.04891099999999993,0.36498522,1.8901419999999998,0.1641564198309079,0.09656440970358726,0.9816964889208203,9.130582757598084,5.585683029195212,4.977454204427042,5.017454567935972,4.678691936583886
05/10/2023 16:35:02.742529,1073,True,True,True,True,Eyes,1.376517,-0.3525955,-2.932842,0.1038716,0.224532,0.9689149,0.0,0.0,0.0,0.0,0.0,0.0,0.0,-1.186891,-0.04019096,3.041117,1.371496,-0.3547604,-2.941405,-0.0655769,-0.03080919,-0.0006245885,0.9973717,352.4814,356.4507,0.1615219,0.4223029,-0.1081946,-0.8999742,0,0,0,1.416982,0.007831067,-1.051212,0.1627329,0.1125315,1.915,0.9981008,0.002794849,0.06153835,0.005286636,0.9913986,-0.1307706,-0.06137452,0.1308476,0.9895009,moving,9.479517463624122,5.610588767935534,4.857212342547418,3.3630151150963505,0.045485999999999915,0.362591467,1.890193,0.1639272666457268,0.09644427775818792,0.9817465886318791,9.117201127837593,5.5788092586456886,5.0992579375522205,5.1397754773208515,4.801796344846958
05/10/2023 16:35:02.752211,1074,True,True,True,True,Eyes,1.376517,-0.3525955,-2.932842,0.1038716,0.224532,0.9689149,0.0,0.0,0.0,0.0,0.0,0.0,0.0,-1.187371,-0.04139388,3.040889,1.371494,-0.3547358,-2.941383,-0.06570815,-0.03073801,-0.0007823007,0.9973651,352.4658,356.4601,0.1432731,0.4223108,-0.1081945,-0.8999705,0,0,0,1.41333,0.005572379,-1.051171,0.1587413,0.1097715,1.915,0.9981091,0.002478997,0.06141685,0.005599955,0.9913636,-0.1310219,-0.06121123,0.1311181,0.9894753,moving,9.468355621715068,5.597640357302479,4.7386213393507335,3.280714665096329,0.041835999999999984,0.360308179,1.890212,0.16373949265640514,0.09622544987736062,0.9817993955452882,9.105756128327693,5.566398426398894,5.225799484352039,5.2667381788899865,4.929119244020688
05/10/2023 16:35:02.772319,1075,True,True,True,True,Eyes,1.376272,-0.3526199,-2.932846,0.101302,0.2229652,0.9695486,0.0,0.0,0.0,0.0,0.0,0.0,0.0,-1.187509,-0.04203269,3.040794,1.371456,-0.3547472,-2.941367,-0.06577019,-0.03071481,-0.0008929719,0.9973616,352.4583,356.4635,0.130561,0.4223179,-0.1081944,-0.8999673,0,0,0,1.409612,0.00314945,-1.051086,0.1549264,0.1071334,1.915,0.9981116,0.002259007,0.06138501,0.00582147,0.991347,-0.1311385,-0.06115009,0.1312482,0.9894618,moving,9.314533461987994,5.493417548780968,4.625242059669813,3.2020364766805125,0.03815600000000008,0.35789665,1.890281,0.16113012368468177,0.0944804926141347,0.9824004189401333,8.951969415917377,5.466986756170065,5.180206760380532,5.21918394707788,4.883704473436208
05/10/2023 16:35:02.792677,1076,True,True,True,True,Eyes,1.376038,-0.3526436,-2.932849,0.09883253,0.2214616,0.9701479,0.0,0.0,0.0,0.0,0.0,0.0,0.0,-1.187025,-0.04210803,3.040977,1.371414,-0.3548057,-2.941373,-0.06579099,-0.03078733,-0.0008912765,0.997358,352.4559,356.4551,0.1313829,0.422318,-0.1081953,-0.8999671,0,0,0,1.405501,0.0005698204,-1.050992,0.1511441,0.104518,1.915,0.9981027,0.002273214,0.06152924,0.0058289,0.9913415,-0.1311795,-0.06129469,0.1312892,0.9894474,moving,9.179626371944005,5.396686676666473,4.512795803896174,3.124023353137559,0.03408699999999998,0.3553755204,1.890381,0.1588409167892244,0.09285669376159236,0.9829278990406138,8.816810953600543,5.374661720593072,5.153503141139463,5.190790511374845,4.856945487644219
05/10/2023 16:35:02.802738,1077,True,True,True,True,Eyes,1.376038,-0.3526436,-2.932849,0.09883253,0.2214616,0.9701479,0.0,0.0,0.0,0.0,0.0,0.0,0.0,-1.186921,-0.04237077,3.040981,1.371435,-0.3548154,-2.941329,-0.06582706,-0.03080943,-0.0009137312,0.9973549,352.4517,356.4528,0.1290923,0.4223122,-0.1081972,-0.8999696,0,0,0,1.401498,-0.002018303,-1.050857,0.1472024,0.1017921,1.915,0.9980999,0.00223356,0.06157616,0.005878817,0.9913319,-0.1312496,-0.06133557,0.1313622,0.9894351,moving,9.18169484151848,5.392917269603591,4.39557358321018,3.0427018569710147,0.03006299999999995,0.352797097,1.8904720000000002,0.15887737211210906,0.09279147685176338,0.9829281660373714,8.818604610253832,5.371008568674429,5.294177826016114,5.3320229917927335,4.998421311769746
05/10/2023 16:35:02.822920,1078,True,True,True,True,Eyes,1.376038,-0.3526436,-2.932849,0.09883253,0.2214616,0.9701479,0.0,0.0,0.0,0.0,0.0,0.0,0.0,-1.186595,-0.0416396,3.041114,1.37139,-0.3548411,-2.941342,-0.06576092,-0.03084929,-0.0007902444,0.9973581,352.4597,356.4472,0.1433933,0.422307,-0.108199,-0.8999718,0,0,0,1.397321,-0.004965723,-1.05071,0.1432872,0.09908468,1.915,0.9980954,0.002481041,0.06163951,0.005633668,0.9913498,-0.1311256,-0.06143164,0.1312231,0.9894477,moving,9.188533017542612,5.3988470530402735,4.279102933442995,2.9619195241712144,0.025930999999999926,0.34987537700000004,1.890632,0.15899319361638775,0.09289144947559592,0.9828999949807482,8.825509997391846,5.376679100967867,5.44242401152713,5.480977972189109,5.14790064053835
05/10/2023 16:35:02.842273,1079,True,True,True,True,Eyes,1.375778,-0.3526713,-2.932852,0.09602535,0.2198719,0.9707912,0.0,0.0,0.0,0.0,0.0,0.0,0.0,-1.186752,-0.04063985,3.041029,1.371359,-0.3548517,-2.941317,-0.06567755,-0.03080898,-0.0006034357,0.9973652,352.4699,356.4505,0.164322,0.4223022,-0.1082005,-0.8999739,0,0,0,1.393531,-0.007891119,-1.050522,0.1394669,0.09644279,1.915,0.9981009,0.002843224,0.06153485,0.005250607,0.9913722,-0.1309718,-0.06137633,0.1310462,0.9894745,moving,9.024757309551157,5.305600884156432,4.165421229333715,2.8830810692271993,0.02217200000000008,0.346960581,1.8907950000000002,0.15620561920749246,0.09133284189388194,0.9834928524240852,8.662712181217362,5.28793527008531,5.39293756462557,5.429709881220891,5.099897021830874
05/10/2023 16:35:02.852986,1080,True,True,True,True,Eyes,1.37553,-0.3526989,-2.932854,0.09333651,0.2183408,0.9713987,0.0,0.0,0.0,0.0,0.0,0.0,0.0,-1.186785,-0.0399701,3.041059,1.371365,-0.3548346,-2.941352,-0.06565027,-0.0307935,-0.0003981096,0.9973674,352.4738,356.4508,0.1877766,0.4222913,-0.1082031,-0.8999786,0,0,0,1.389587,-0.01063949,-1.05043,0.1355542,0.09373723,1.915,0.9981032,0.003249079,0.06147713,0.004837326,0.9913798,-0.1309304,-0.06137259,0.1309794,0.9894836,moving,8.870963300343476,5.209744393381419,4.0489558951551965,2.8023312702056837,0.01822199999999996,0.34419511,1.8909220000000002,0.15358768318407054,0.08972458043060977,0.9840529287828021,8.509396465871895,5.196596932811659,5.354503407048947,5.389563373904174,5.062414260807736
05/10/2023 16:35:02.878291,1081,True,True,True,True,Eyes,1.375306,-0.3527243,-2.932856,0.09042253,0.2167566,0.972029,0.0,0.0,0.0,0.0,0.0,0.0,0.0,-1.187475,-0.03924742,3.040818,1.371421,-0.3548597,-2.941342,-0.06560914,-0.03068039,-0.000229637,0.9973737,352.4791,356.4626,0.2061919,0.4222752,-0.1082066,-0.8999858,0,0,0,1.386131,-0.01345938,-1.050287,0.131689,0.09106444,1.915,0.9981173,0.00356776,0.06122976,0.004483896,0.9913908,-0.1308596,-0.06116949,0.1308878,0.9895083,moving,8.692436105497123,5.112536527776385,3.933871524042955,2.722548578019896,0.01471,0.34140032,1.8910550000000002,0.15054272039843425,0.08809666660186935,0.9846704530373798,8.332170648068972,5.10414166403983,5.2917746226240245,5.325033265234247,5.001701791569144
05/10/2023 16:35:02.894421,1082,True,True,True,True,Eyes,1.375089,-0.3527489,-2.932857,0.08763126,0.2152345,0.9726227,0.0,0.0,0.0,0.0,0.0,0.0,0.0,-1.188062,-0.03915361,3.040611,1.371422,-0.3548255,-2.941367,-0.06558637,-0.03058423,-0.0002382452,0.9973782,352.4817,356.4738,0.2043884,0.422255,-0.1082108,-0.8999948,0,0,0,1.382688,-0.01613936,-1.050187,0.1278788,0.08842956,1.915,0.9981291,0.003536575,0.06103932,0.004487057,0.9913967,-0.1308142,-0.06097682,0.1308434,0.989526,moving,8.51988116266751,5.019883925869933,3.820393620396075,2.643887153154599,0.011265999999999998,0.33868614,1.89118,0.14759673317727365,0.08654311005767694,0.9852540478128822,8.1609426966537,5.016037060255521,5.234380179427563,5.265979854112442,4.946459487872092
05/10/2023 16:35:02.910152,1083,True,True,True,True,Eyes,1.374874,-0.3527734,-2.932858,0.08464944,0.213634,0.9732394,0.0,0.0,0.0,0.0,0.0,0.0,0.0,-1.188601,-0.03933331,3.040373,1.371399,-0.3548296,-2.941351,-0.06560653,-0.03049361,-0.000269502,0.9973795,352.4792,356.4844,0.2001702,0.4222313,-0.1082157,-0.9000053,0,0,0,1.379106,-0.01876858,-1.05007,0.1239655,0.08572367,1.915,0.9981402,0.003463568,0.06086277,0.004538752,0.9913914,-0.1308528,-0.06079204,0.1308856,0.9895318,moving,8.336617853577017,4.917851103034624,3.7038138784026877,2.56309542422368,0.007706999999999908,0.33606102000000004,1.891281,0.1444659794236276,0.0848280386928034,0.9858669930580788,7.978896121898032,4.918961516934595,5.167067986779699,5.196897822671085,4.8812327577605
05/10/2023 16:35:02.922287,1084,True,True,True,True,Eyes,1.374667,-0.3527976,-2.932858,0.08178093,0.2121004,0.9738199,0.0,0.0,0.0,0.0,0.0,0.0,0.0,-1.188462,-0.03988156,3.040395,1.37137,-0.3548132,-2.941341,-0.06568678,-0.03051255,-0.0002879649,0.9973736,352.4699,356.4823,0.1984728,0.4222045,-0.1082211,-0.9000173,0,0,0,1.375093,-0.02114856,-1.049997,0.1200492,0.08301556,1.915,0.9981378,0.003434125,0.06090266,0.004582959,0.9913703,-0.1310109,-0.06082699,0.1310461,0.9895084,moving,8.172653116505483,4.81335063086713,3.587114010918278,2.4822271980199018,0.003722999999999921,0.33366464,1.891344,0.14166523716797594,0.08306376762562395,0.9864234734199164,7.815319031633663,4.819358647370838,5.1158854198269195,5.144055340685883,4.831138696906559
05/10/2023 16:35:02.942592,1085,True,True,True,True,Eyes,1.374453,-0.3528232,-2.932858,0.07878389,0.2104911,0.974416,0.0,0.0,0.0,0.0,0.0,0.0,0.0,-1.188094,-0.04028493,3.04054,1.371361,-0.354831,-2.941349,-0.06575442,-0.03057161,-0.0002891365,0.9973674,352.4622,356.4755,0.199029,0.4221751,-0.108227,-0.9000303,0,0,0,1.371042,-0.02353668,-1.049937,0.1162367,0.08037877,1.915,0.9981306,0.003443687,0.06102028,0.004597188,0.9913526,-0.131145,-0.06094424,0.1311803,0.9894834,moving,8.006244815785644,4.705700850780879,3.4734785852035213,2.4034791817423833,-0.0003189999999999582,0.33129432000000003,1.8914120000000003,0.13882060631026633,0.08124334391245193,0.9869793837220285,7.64921969639051,4.716735167258218,5.057405249961723,5.083915254456556,4.773674379571986
05/10/2023 16:35:02.952453,1086,True,True,True,True,Eyes,1.374245,-0.3528489,-2.932858,0.07590073,0.2089478,0.9749768,0.0,0.0,0.0,0.0,0.0,0.0,0.0,-1.18773,-0.04087591,3.040665,1.371355,-0.3548391,-2.941342,-0.06583569,-0.0306324,-0.0003285704,0.9973602,352.4527,356.4687,0.1952371,0.4221432,-0.1082334,-0.9000445,0,0,0,1.367081,-0.02581355,-1.049872,0.1125023,0.07779643,1.915,0.9981231,0.003378005,0.06114633,0.004688817,0.9913311,-0.1313036,-0.0610598,0.1313439,0.9894546,moving,7.846069714419464,4.601243976362017,3.362144472303765,2.3263485113494355,-0.004274000000000111,0.32902555,1.8914700000000002,0.136080348152703,0.07947433294408589,0.9875048525082522,7.489297456242291,4.617145694039707,5.003027388462397,5.02799512267237,4.720290614470084
05/10/2023 16:35:02.972166,1087,True,True,True,True,Eyes,1.374072,-0.3528738,-2.932856,0.07290135,0.2073381,0.9755492,0.0,0.0,0.0,0.0,0.0,0.0,0.0,-1.187335,-0.04121932,3.040802,1.371329,-0.354869,-2.941337,-0.06588869,-0.03069401,-0.0003460283,0.9973547,352.4466,356.4617,0.1938843,0.4221092,-0.1082402,-0.9000596,0,0,0,1.362971,-0.02829695,-1.049789,0.1086507,0.0751332,1.915,0.9981155,0.00335455,0.06127123,0.004735002,0.9913171,-0.1314075,-0.06118003,0.13145,0.9894331,moving,7.679782192547594,4.495873976192028,3.2472896368754562,2.246792941726909,-0.008358000000000088,0.32657205,1.8915479999999998,0.13323259554110903,0.07768846358095102,0.9880351786631298,7.323435481389202,4.516721301071902,4.946987529203412,4.970448244945279,4.665569601056803
05/10/2023 16:35:02.992274,1088,True,True,True,True,Eyes,1.373906,-0.3528967,-2.932853,0.07002448,0.2057895,0.9760877,0.0,0.0,0.0,0.0,0.0,0.0,0.0,-1.1873,-0.04113519,3.040806,1.371335,-0.3548926,-2.94132,-0.06588724,-0.03069985,-0.0003261463,0.9973547,352.4468,356.4609,0.1962157,0.4220742,-0.1082473,-0.9000751,0,0,0,1.359036,-0.03101459,-1.049656,0.1047452,0.07243246,1.915,0.9981148,0.003394888,0.06128024,0.004696023,0.9913175,-0.1314059,-0.06119429,0.1314459,0.9894328,moving,7.514953209593148,4.400234029236086,3.1308008232661124,2.1661080282066534,-0.01229900000000006,0.32387801,1.8916640000000002,0.13040600270478594,0.07606793518777169,0.9885382581851035,7.159495495823494,4.425675430243117,4.898452655409246,4.920580365669563,4.619093591716674
05/10/2023 16:35:03.002388,1089,True,True,True,True,Eyes,1.373732,-0.3529207,-2.932852,0.06706057,0.2041839,0.9766329,0.0,0.0,0.0,0.0,0.0,0.0,0.0,-1.187617,-0.04112118,3.040692,1.37137,-0.3548694,-2.941317,-0.06587959,-0.03065374,-0.0003327426,0.9973567,352.4477,356.4663,0.1950764,0.4220386,-0.1082547,-0.9000909,0,0,0,1.355386,-0.0336788,-1.049532,0.1008873,0.06976476,1.915,0.9981205,0.003375185,0.06118926,0.004702637,0.9913195,-0.1313905,-0.06110158,0.1314313,0.9894405,moving,7.338853896175876,4.3022407214679905,3.0157063222022957,2.0864017481340746,-0.015983999999999998,0.3211906,1.8917850000000003,0.12738312233485222,0.07440659960774233,0.9890587467432774,6.984568054673289,4.332443833650997,4.83716057294712,4.857936527178917,4.560325481956947
05/10/2023 16:35:03.022827,1090,True,True,True,True,Eyes,1.373564,-0.3529457,-2.932848,0.06422142,0.202631,0.977147,0.0,0.0,0.0,0.0,0.0,0.0,0.0,-1.187922,-0.04080427,3.040591,1.371379,-0.3548684,-2.941327,-0.0658308,-0.03060479,-0.0003258948,0.9973614,352.4533,356.4719,0.1953179,0.4220021,-0.1082623,-0.9001071,0,0,0,1.351553,-0.03663239,-1.04939,0.09686656,0.06698442,1.915,0.9981264,0.003379406,0.06109098,0.004679546,0.9913324,-0.1312942,-0.06100517,0.1313341,0.9894593,moving,7.169936948371415,4.2123269090039965,2.8957278245900167,2.003321384724473,-0.0198259999999999,0.31823600999999996,1.8919369999999998,0.12448072740477416,0.07288144809352154,0.9895417199822277,6.8169917888003075,4.2469546495394175,4.7917055825208,4.811295983424175,4.517765078442921
05/10/2023 16:35:03.042339,1091,True,True,True,True,Eyes,1.373384,-0.3529711,-2.932844,0.06133809,0.2010379,0.9776613,0.0,0.0,0.0,0.0,0.0,0.0,0.0,-1.188463,-0.03996405,3.040349,1.371352,-0.3549151,-2.941292,-0.06571436,-0.03051033,-0.0002975225,0.997372,352.4668,356.4827,0.1974529,0.421965,-0.1082701,-0.9001235,0,0,0,1.348138,-0.03968957,-1.049166,0.09313565,0.06440431,1.915,0.9981381,0.003416453,0.0608994,0.004603415,0.9913631,-0.1310652,-0.0608212,0.1311015,0.9895015,moving,6.993736942328356,4.127686246984391,2.784375064716064,1.926216620285974,-0.023213999999999846,0.31522553,1.8921259999999998,0.12144969082571325,0.071446602055729,0.9900230157385111,6.6426757064128585,4.166609196773305,4.731829579261406,4.750283774046698,4.46159643384489
05/10/2023 16:35:03.052436,1092,True,True,True,True,Eyes,1.373214,-0.3529965,-2.932839,0.05857075,0.1995114,0.9781435,0.0,0.0,0.0,0.0,0.0,0.0,0.0,-1.188875,-0.03955361,3.040183,1.371365,-0.354874,-2.94128,-0.06565504,-0.03044317,-0.0002656687,0.9973779,352.4737,356.4902,0.200403,0.4219272,-0.1082782,-0.9001403,0,0,0,1.344477,-0.04256707,-1.048997,0.08922368,0.06169903,1.915,0.9981462,0.003467551,0.06076158,0.00452744,0.9913787,-0.1309496,-0.06069181,0.1309819,0.9895253,moving,6.827403725719293,4.040769309425114,2.667595790040602,1.8453637475259488,-0.026888000000000023,0.31230693000000004,1.892283,0.11858752502624417,0.06996904468743846,0.9904753251704204,6.477748695037985,4.083992463821271,4.68621852475834,4.703595182724934,4.419131553697178
05/10/2023 16:35:03.077314,1093,True,True,True,True,Eyes,1.373106,-0.3530183,-2.932832,0.05594268,0.1978816,0.9786283,0.0,0.0,0.0,0.0,0.0,0.0,0.0,-1.189062,-0.03980184,3.040136,1.371418,-0.3549005,-2.941282,-0.06571855,-0.03041878,-0.0002249146,0.9973745,352.4665,356.4927,0.205143,0.4218888,-0.1082865,-0.9001573,0,0,0,1.34057,-0.0451299,-1.048918,0.0851897,0.05890974,1.915,0.9981493,0.003549508,0.06070739,0.004446805,0.991362,-0.1310783,-0.06064827,0.1311057,0.9895115,moving,6.674092763193892,3.93397573303465,2.5471510777550437,1.761992367369834,-0.030847999999999987,0.3097706,1.8923640000000002,0.11595149139064667,0.06814413407274947,0.9909145721306114,6.3243182971120095,3.982096119266757,4.647390181382782,4.66359940558122,4.381307210430653
05/10/2023 16:35:03.092310,1094,True,True,True,True,Eyes,1.373,-0.3530418,-2.932827,0.05342446,0.1963235,0.9790827,0.0,0.0,0.0,0.0,0.0,0.0,0.0,-1.189376,-0.03957766,3.040018,1.371435,-0.3548737,-2.941279,-0.06569844,-0.0303675,-0.0001776177,0.9973773,352.469,356.4982,0.2101343,0.4218515,-0.1082949,-0.9001738,0,0,0,1.337071,-0.0477201,-1.048789,0.08149964,0.05635795,1.915,0.9981555,0.003635891,0.06059904,0.004344498,0.9913673,-0.1310415,-0.06055236,0.1310631,0.9895231,moving,6.524218778832082,3.841252136824276,2.4369552120903624,1.6857132729102942,-0.03436400000000006,0.3071536,1.8924900000000002,0.11337121443774875,0.06656036727369125,0.9913206889110772,6.174947002839533,3.8937513813456803,4.605631218692198,4.620830148128994,4.341430054257596
05/10/2023 16:35:03.102207,1095,True,True,True,True,Eyes,1.372928,-0.3530658,-2.93282,0.05097375,0.1946385,0.9795497,0.0,0.0,0.0,0.0,0.0,0.0,0.0,-1.189725,-0.0404045,3.039884,1.371387,-0.3549376,-2.941308,-0.06581061,-0.03030616,-0.0002643731,0.9973718,352.4558,356.5059,0.200066,0.4218154,-0.1083032,-0.9001898,0,0,0,1.333337,-0.05008307,-1.048762,0.0775515,0.05362773,1.915,0.9981629,0.003461577,0.06048782,0.004516291,0.9913378,-0.1312592,-0.06041823,0.1312913,0.989501,moving,6.375077992782045,3.727315264126865,2.319032372644722,1.6040938674300804,-0.03804999999999992,0.30485453,1.8925459999999998,0.11080468124918755,0.06460774479469417,0.9917400090584285,6.025156936834851,3.784930158478621,4.564087029111398,4.578162859928227,4.300163510106079
05/10/2023 16:35:03.122477,1096,True,True,True,True,Eyes,1.372861,-0.3530905,-2.932815,0.04860242,0.1930244,0.9799894,0.0,0.0,0.0,0.0,0.0,0.0,0.0,-1.189492,-0.03984967,3.039991,1.371339,-0.3549785,-2.941334,-0.06574961,-0.03033328,-0.0002038024,0.9973751,352.463,356.5023,0.207038,0.4217811,-0.1083116,-0.9002048,0,0,0,1.329313,-0.05300295,-1.048638,0.07370605,0.05096856,1.915,0.9981597,0.003582268,0.06053412,0.004395337,0.9913539,-0.1311417,-0.06048051,0.1311664,0.9895138,moving,6.242894646968134,3.6365015296187573,2.2041577642838357,1.5245922248652495,-0.04202600000000012,0.30197555,1.892696,0.10852721930584588,0.06305168737102639,0.9920918131538954,5.892937607798854,3.698294585328358,4.544368026192307,4.557582310727797,4.281597679115305
05/10/2023 16:35:03.142124,1097,True,True,True,True,Eyes,1.372775,-0.3531131,-2.932808,0.04627395,0.1913584,0.9804289,0.0,0.0,0.0,0.0,0.0,0.0,0.0,-1.188207,-0.03964576,3.040539,1.371381,-0.3550215,-2.941354,-0.0658109,-0.03053963,1.818056e-05,0.9973648,352.4568,356.4768,0.2344178,0.4217486,-0.10832,-0.9002191,0,0,0,1.32486,-0.05530676,-1.048606,0.07007995,0.0484609,1.915,0.9981347,0.004055947,0.06091591,0.003983417,0.9913379,-0.1312761,-0.0609207,0.1312738,0.9894725,moving,6.13593503467924,3.527609818285647,2.0958195092140257,1.449614916192095,-0.046521000000000035,0.29971474,1.892748,0.10668747500187221,0.061178346997376495,0.9924087545919605,5.784070381481304,3.5940227928221122,4.5308855996917385,4.543192299719643,4.266342653624203
05/10/2023 16:35:03.152219,1098,True,True,True,True,Eyes,1.372695,-0.3531361,-2.932799,0.04403943,0.18978,0.9808385,0.0,0.0,0.0,0.0,0.0,0.0,0.0,-1.188007,-0.04161754,3.040554,1.371432,-0.3549271,-2.941303,-0.06608845,-0.03058546,-6.255464e-05,0.997345,352.4247,356.472,0.2264569,0.4217172,-0.1083284,-0.9002328,0,0,0,1.320912,-0.05681565,-1.04861,0.06622888,0.045798,1.915,0.998129,0.003917913,0.06101676,0.004167468,0.9912646,-0.1318221,-0.06100023,0.1318298,0.9893937,moving,6.01164938818563,3.4016252097846755,1.980743344745997,1.3699906073180812,-0.0505199999999999,0.29811145,1.892693,0.10454817021303871,0.05900952681374405,0.9927676660363683,5.657597086149368,3.473387357857315,4.5026586300673825,4.513949788043477,4.235980562496832
05/10/2023 16:35:03.172570,1099,True,True,True,True,Eyes,1.372599,-0.3531601,-2.932789,0.04184955,0.1880979,0.9812583,0.0,0.0,0.0,0.0,0.0,0.0,0.0,-1.188141,-0.04342109,3.040446,1.371469,-0.354963,-2.941249,-0.06637812,-0.03057168,-0.0001035588,0.9973261,352.3913,356.4736,0.2226654,0.4216869,-0.1083367,-0.900246,0,0,0,1.31703,-0.05849957,-1.048606,0.06224396,0.04304239,1.915,0.9981307,0.003852018,0.06099362,0.004265145,0.9911879,-0.1323949,-0.06096613,0.1324076,0.9893186,moving,5.883801303514956,3.267892816717438,1.8616507062667682,1.2875885752345255,-0.054439000000000126,0.29646343,1.892643,0.10234636819677594,0.05670523161266179,0.9931313074126642,5.527279182455113,3.3453022216540313,4.472948911399021,4.483224321376209,4.2036909467875905
05/10/2023 16:35:03.182241,1100,True,True,True,True,Eyes,1.372502,-0.3531831,-2.932778,0.03976202,0.1864644,0.9816567,0.0,0.0,0.0,0.0,0.0,0.0,0.0,-1.188882,-0.04468691,3.040094,1.371465,-0.3549514,-2.941208,-0.06640863,-0.03047151,-0.0005311483,0.9973271,352.3862,356.4885,0.1727046,0.4216574,-0.1083452,-0.9002588,0,0,0,1.313716,-0.0610137,-1.048449,0.05841161,0.04039222,1.915,0.9981424,0.002987686,0.06085067,0.0051066,0.9911792,-0.1324299,-0.06070958,0.1324946,0.9893228,moving,5.746737192979154,3.1700232141337112,1.7471025548910668,1.208334524843515,-0.05774899999999983,0.29393769999999997,1.892759,0.09997970957031535,0.055022038303955495,0.9934669095303799,5.389981320746495,3.251894626385394,4.445293959510271,4.454806365251256,4.176925135950395
05/10/2023 16:35:03.202198,1101,True,True,True,True,Eyes,1.372391,-0.3532081,-2.932766,0.03762429,0.1847481,0.9820655,0.0,0.0,0.0,0.0,0.0,0.0,0.0,-1.18994,-0.04329935,3.039604,1.371349,-0.3549471,-2.941163,-0.06619365,-0.0302781,-0.0005080004,0.9973472,352.4109,356.5107,0.173125,0.4216284,-0.1083536,-0.9002713,0,0,0,1.310248,-0.06462997,-1.04813,0.05433847,0.03757563,1.915,0.998166,0.002995131,0.06046281,0.005021742,0.9912363,-0.1320054,-0.0603283,0.1320669,0.9894033,moving,5.6025862212515385,3.0918621124342844,1.6253419443700168,1.1240985766281222,-0.06110099999999985,0.29031713000000003,1.893033,0.09748706566905489,0.05368007680122425,0.9937881138973821,5.246898591904356,3.1775594761707144,4.428514482417516,4.43740525204034,4.163216811223076
05/10/2023 16:35:03.222412,1102,True,True,True,True,Eyes,1.372285,-0.3532344,-2.932757,0.03556403,0.1830846,0.9824537,0.0,0.0,0.0,0.0,0.0,0.0,0.0,-1.189713,-0.04164782,3.039675,1.3713,-0.3549618,-2.941142,-0.06603044,-0.0302947,-0.0002521688,0.9973577,352.4306,356.507,0.2021678,0.4215997,-0.1083622,-0.9002838,0,0,0,1.306385,-0.0677878,-1.047906,0.05067863,0.03504485,1.915,0.9981643,0.003497739,0.0604626,0.004503749,0.9912798,-0.1316966,-0.060396,0.1317272,0.9894444,moving,5.489973994255964,3.0095598410572486,1.5159237794683642,1.048406211429953,-0.06491500000000006,0.287174,1.8932360000000001,0.09554082589042964,0.0522624063097253,0.9940526319594869,5.133993917808125,3.098989422725146,4.423299341003615,4.431613551366328,4.158764604109206
05/10/2023 16:35:03.242325,1103,True,True,True,True,Eyes,1.372177,-0.3532612,-2.932747,0.03343818,0.1813699,0.9828463,0.0,0.0,0.0,0.0,0.0,0.0,0.0,-1.189202,-0.04006439,3.039975,1.371344,-0.3550127,-2.941197,-0.06584417,-0.03037662,-8.267955e-05,0.9973674,352.4526,356.4964,0.2216688,0.4215712,-0.1083709,-0.900296,0,0,0,1.302111,-0.0712676,-1.047748,0.04673418,0.03231719,1.915,0.9981545,0.003835323,0.0606042,0.004165171,0.9913291,-0.1313366,-0.06058243,0.1313467,0.9894836,moving,5.3798392163731785,2.927782448751638,1.3979842736388184,0.9668213288362112,-0.06923299999999988,0.28374510000000003,1.893449,0.09363668926254445,0.05085279727537796,0.9943068768567535,5.023504912347182,3.0209071341053915,4.430757103018682,4.438528731325057,4.16697352968658
05/10/2023 16:35:03.259166,1104,True,True,True,True,Eyes,1.372074,-0.3532853,-2.932737,0.03139813,0.179712,0.9832181,0.0,0.0,0.0,0.0,0.0,0.0,0.0,-1.18941,-0.03886876,3.039878,1.371345,-0.3550118,-2.941164,-0.06564804,-0.03034326,-8.020316e-05,0.9973814,352.4751,356.5003,0.2210009,0.4215429,-0.1083797,-0.9003083,0,0,0,1.298349,-0.07468867,-1.047482,0.04285059,0.02963175,1.915,0.9981585,0.003823966,0.06053815,0.004143938,0.9913806,-0.1309474,-0.06051708,0.1309572,0.9895393,moving,5.259243686302553,2.851768129927225,1.2818529061560084,0.8864954230616937,-0.07299600000000006,0.28032313,1.893682,0.09154971375334184,0.04954326331289967,0.9945673394250871,4.903239348944466,2.948465400697148,4.429172727440601,4.436432601803538,4.167272484093402
05/10/2023 16:35:03.277255,1105,True,True,True,True,Eyes,1.371986,-0.3533086,-2.932728,0.02904114,0.1780398,0.9835947,0.0,0.0,0.0,0.0,0.0,0.0,0.0,-1.189519,-0.0379664,3.039852,1.371355,-0.3549658,-2.94117,-0.06551461,-0.03032428,-2.44504e-05,0.9973909,352.4906,356.5022,0.2268084,0.421515,-0.1083885,-0.9003203,0,0,0,1.294486,-0.07785693,-1.047293,0.03892667,0.02691807,1.915,0.9981608,0.003924593,0.06049352,0.00402214,0.9914157,-0.1306859,-0.06048711,0.1306888,0.9895766,moving,5.122811177167476,2.767245282217675,1.1645048504906392,0.805321273437455,-0.07686900000000008,0.27710887,1.893877,0.08918755458986005,0.04808637075044482,0.9948534430351842,4.76725833510446,2.867932723341044,4.411139115742598,4.417842775839597,4.151409238339484
05/10/2023 16:35:03.292325,1106,True,True,True,True,Eyes,1.3719,-0.3533293,-2.932721,0.02677853,0.1764375,0.9839476,0.0,0.0,0.0,0.0,0.0,0.0,0.0,-1.189246,-0.0374437,3.039987,1.371375,-0.3549682,-2.941183,-0.06546861,-0.03036709,7.430853e-05,0.9973925,352.4962,356.4966,0.2383533,0.4214876,-0.1083973,-0.900332,0,0,0,1.290465,-0.08068904,-1.047174,0.03508289,0.02426015,1.915,0.9981557,0.004124412,0.06056608,0.003827953,0.9914277,-0.1306003,-0.06058554,0.1305913,0.9895834,moving,4.999384768435159,2.6767414924884343,1.04954396651461,0.725811932990884,-0.08091000000000004,0.27427916,1.894009,0.08705069103002341,0.04652368141880214,0.9951170206962641,4.643495584956908,2.78152998599048,4.399215848545865,4.405379496324655,4.140345993891388
05/10/2023 16:35:03.302606,1107,True,True,True,True,Eyes,1.3718,-0.3533541,-2.932715,0.02437893,0.1748337,0.9842961,0.0,0.0,0.0,0.0,0.0,0.0,0.0,-1.189252,-0.03806114,3.040001,1.371354,-0.3549256,-2.941223,-0.06552704,-0.03036658,-1.114756e-05,0.9973887,352.4892,356.4972,0.2287067,0.4214609,-0.108406,-0.9003435,0,0,0,1.286299,-0.08329493,-1.047122,0.03091403,0.0213774,1.915,0.9981558,0.003957427,0.06057602,0.004001901,0.9914124,-0.1307112,-0.0605731,0.1307125,0.9895682,moving,4.860819278488578,2.5753184169016796,0.9248509707755049,0.6395738501041223,-0.08505499999999988,0.27163067,1.8941009999999998,0.0846506006378772,0.04477137482730885,0.9954043234618605,4.5045621343742495,2.684704629082831,4.380635008159702,4.3862231529196025,4.122728698073588
05/10/2023 16:35:03.322493,1108,True,True,True,True,Eyes,1.371703,-0.3533744,-2.932709,0.02207532,0.1732974,0.9846221,0.0,0.0,0.0,0.0,0.0,0.0,0.0,-1.18932,-0.03821042,3.040024,1.371357,-0.3549943,-2.941266,-0.0655845,-0.03035272,4.033168e-05,0.9973854,352.4828,356.4984,0.2347414,0.4214344,-0.1084148,-0.9003549,0,0,0,1.282801,-0.08558688,-1.047088,0.02737752,0.0189319,1.915,0.9981574,0.004061787,0.06054141,0.003900883,0.9913974,-0.1308285,-0.060552,0.1308236,0.9895548,moving,4.727995197819374,2.4772618493601115,0.8190650104537086,0.5664139069832594,-0.08855599999999986,0.26940741999999995,1.8941780000000001,0.08234895591268748,0.0430761016689228,0.9956721786478573,4.371340990690949,2.5910845277068884,4.345924931323051,4.350985528427373,4.088759685062433
05/10/2023 16:35:03.342340,1109,True,True,True,True,Eyes,1.371607,-0.3533962,-2.932702,0.01966448,0.1717623,0.9849421,0.0,0.0,0.0,0.0,0.0,0.0,0.0,-1.189327,-0.03869703,3.039959,1.371333,-0.3549055,-2.941231,-0.0656462,-0.03034859,2.757992e-05,0.9973813,352.4757,356.4989,0.2334603,0.4214081,-0.1084234,-0.9003661,0,0,0,1.278899,-0.08794829,-1.046968,0.02348327,0.01623894,1.915,0.9981579,0.004039555,0.06053461,0.003929524,0.9913812,-0.1309503,-0.06054186,0.1309469,0.9895391,moving,4.589354978704238,2.3792390227228037,0.702571709053965,0.4858487859455228,-0.0924339999999999,0.26695721,1.8942630000000003,0.07994519176733303,0.04138074547363993,0.995939917888976,4.2325159105658345,2.497540996555972,4.318864637064245,4.323425814554564,4.0629314067576905
05/10/2023 16:35:03.352504,1110,True,True,True,True,Eyes,1.371516,-0.3534174,-2.932695,0.01735094,0.1702942,0.9852405,0.0,0.0,0.0,0.0,0.0,0.0,0.0,-1.188767,-0.03994423,3.040172,1.371349,-0.3549399,-2.941229,-0.06584105,-0.03044494,-8.653175e-06,0.9973656,352.4532,356.4879,0.230712,0.4213821,-0.108432,-0.9003773,0,0,0,1.274566,-0.08999085,-1.046969,0.01949392,0.01348028,1.915,0.9981462,0.003991793,0.06073062,0.004026315,0.9913299,-0.1313347,-0.06072834,0.1313357,0.9894761,moving,4.4674983237731585,2.270167628325746,0.583227553337292,0.4033161324706307,-0.09678299999999984,0.26494904999999996,1.8942599999999998,0.07783280716701228,0.03949136918536765,0.9961839681510342,4.10928104283998,2.393208533048634,4.305530697064128,4.309604845648719,4.048793027151693
05/10/2023 16:35:03.372094,1111,True,True,True,True,Eyes,1.371415,-0.3534423,-2.932689,0.01494971,0.1688049,0.9855361,0.0,0.0,0.0,0.0,0.0,0.0,0.0,-1.188872,-0.04067761,3.04012,1.371368,-0.3549475,-2.941218,-0.06592922,-0.03043514,-9.201952e-05,0.9973601,352.4428,356.4896,0.2213417,0.4213564,-0.1084405,-0.9003882,0,0,0,1.270964,-0.09219262,-1.046892,0.01581503,0.01093635,1.915,0.9981474,0.003829577,0.06072171,0.004196683,0.9913067,-0.1315048,-0.06069745,0.1315159,0.989454,moving,4.327988421573927,2.1723422460304675,0.4731665130025005,0.3272062069509482,-0.10040399999999994,0.26275488,1.8943260000000002,0.07541190620305005,0.037797504466283355,0.9964358411635182,3.9696282175498228,2.299862117644514,4.270024175928473,4.27366107096858,4.014550509504175
05/10/2023 16:35:03.392438,1112,True,True,True,True,Eyes,1.371318,-0.353463,-2.932685,0.01264207,0.1673745,0.9858124,0.0,0.0,0.0,0.0,0.0,0.0,0.0,-1.188652,-0.0407936,3.040233,1.371376,-0.3550157,-2.941236,-0.06596508,-0.03047154,-7.613975e-05,0.9973567,352.4388,356.4853,0.2235783,0.4213308,-0.1084491,-0.9003992,0,0,0,1.266862,-0.09485811,-1.046816,0.0118521,0.008195817,1.915,0.998143,0.003868238,0.06079203,0.004171992,0.9912972,-0.1315768,-0.06077193,0.131586,0.9894402,moving,4.200317477203699,2.0836277994458223,0.35460398848797614,0.24521298000418307,-0.104514,0.26015759,1.89442,0.07319556067876266,0.03626062591139624,0.9966582714668706,3.8418694188649756,2.215218224896384,4.259275489010114,4.262543992222566,4.005239174731674
05/10/2023 16:35:03.402801,1113,True,True,True,True,Eyes,1.371198,-0.3534877,-2.932681,0.01026599,0.1658861,0.9860915,0.0,0.0,0.0,0.0,0.0,0.0,0.0,-1.188489,-0.04107285,3.040322,1.371383,-0.3549322,-2.941272,-0.06597482,-0.03050188,-0.0001262021,0.997355,352.4375,356.4821,0.2180729,0.4213053,-0.1084576,-0.9004101,0,0,0,1.262909,-0.09738928,-1.046747,0.007998399,0.005530983,1.915,0.9981392,0.003772975,0.06085905,0.004276448,0.9912946,-0.1315929,-0.06082574,0.1316083,0.9894339,moving,4.067298144174285,1.9949149356409188,0.2393064442496232,0.16548360379661484,-0.10847399999999996,0.25754292,1.894525,0.07088536756730657,0.03472323245981353,0.9968799310290734,3.708955805511244,2.130616330184404,4.239761399193381,4.242680691806269,3.9875071564103153
05/10/2023 16:35:03.422306,1114,True,True,True,True,Eyes,1.371082,-0.3535093,-2.932678,0.007984328,0.1644342,0.9863558,0.0,0.0,0.0,0.0,0.0,0.0,0.0,-1.188676,-0.04090872,3.040261,1.371396,-0.3549849,-2.941269,-0.06594967,-0.03047423,-0.0001435645,0.9973574,352.4403,356.4855,0.2157703,0.4212794,-0.1084662,-0.9004211,0,0,0,1.259154,-0.1002053,-1.046609,0.004125237,0.002852559,1.915,0.9981425,0.00373316,0.06080632,0.004305901,0.9913012,-0.131542,-0.06076845,0.1315596,0.989444,moving,3.933468753001825,1.9122839477163336,0.12342470182170634,0.08534698205144856,-0.11224199999999995,0.2547796,1.8946600000000002,0.06856004667461069,0.03329093848478448,0.9970914467749029,3.5755841063246656,2.0518896111828515,4.222806018355581,4.225415287098515,3.972995653947947
05/10/2023 16:35:03.442516,1115,True,True,True,True,Eyes,1.37097,-0.3535295,-2.932674,0.005642283,0.1629775,0.9866136,0.0,0.0,0.0,0.0,0.0,0.0,0.0,-1.188629,-0.03900033,3.040289,1.371362,-0.3549255,-2.941278,-0.06567758,-0.03046989,-1.449325e-05,0.9973757,352.472,356.4852,0.2296427,0.4212531,-0.1084747,-0.9004324,0,0,0,1.255221,-0.1038672,-1.046362,0.0002490133,0.0001721531,1.915,0.9981432,0.003973467,0.06078176,0.004031288,0.9913729,-0.1310096,-0.06077795,0.1310113,0.9895161,moving,3.8004741792312884,1.857260808348663,0.007450345196977057,0.005150728999228503,-0.11614100000000005,0.2510583,1.894916,0.0662474875912057,0.03233844127090574,0.9972789941499236,3.4444817244323005,1.9997983118923217,4.218673606984075,4.2210592925923365,3.9738902453124605
05/10/2023 16:35:03.452181,1116,True,True,True,True,Eyes,1.370865,-0.3535483,-2.93267,0.00339905,0.161575,0.9868546,0.0,0.0,0.0,0.0,0.0,0.0,0.0,-1.188304,-0.04006848,3.040423,1.371414,-0.3548939,-2.941278,-0.06583517,-0.03053328,-4.479212e-05,0.9973633,352.4538,356.478,0.2271968,0.4212266,-0.1084832,-0.9004438,0,0,0,1.251183,-0.1058898,-1.046341,-0.003604345,-0.002492383,1.915,0.9981354,0.003930979,0.06091144,0.004109676,0.9913314,-0.1313204,-0.06089964,0.1313259,0.989467,moving,3.679119441981989,1.7568100741237644,-0.10783995433331588,-0.07457072908517028,-0.12023099999999998,0.24900409999999998,1.894937,0.06413859215742457,0.030594192931599304,0.9974719404885484,3.3221879751708103,1.9037810383390943,4.20445969205612,4.20654455767474,3.9596675760534588
05/10/2023 16:35:03.477536,1117,True,True,True,True,Eyes,1.370769,-0.3535679,-2.932666,0.001080871,0.1601408,0.9870936,0.0,0.0,0.0,0.0,0.0,0.0,0.0,-1.188751,-0.04075313,3.040245,1.371471,-0.3548841,-2.941259,-0.06579282,-0.03048868,-0.0004122866,0.9973674,352.4573,356.486,0.1843385,0.4212002,-0.1084915,-0.9004552,0,0,0,1.247754,-0.1085716,-1.046178,-0.00734549,-0.005079418,1.915,0.9981406,0.003189471,0.06087109,0.004834275,0.9913422,-0.1312141,-0.06076258,0.1312644,0.9894835,moving,3.537479754236023,1.6787069881214898,-0.21977206861390172,-0.15197312338428545,-0.12371700000000008,0.2463125,1.895081,0.06167507150170125,0.029239003709846875,0.9976679234520046,3.181528756903764,1.829482871016083,4.177671518026706,4.179513240913573,3.9363708112184126
05/10/2023 16:35:03.493597,1118,True,True,True,True,Eyes,1.370674,-0.3535877,-2.932661,-0.001153672,0.1587627,0.9873161,0.0,0.0,0.0,0.0,0.0,0.0,0.0,-1.189168,-0.04064488,3.040078,1.371436,-0.3549143,-2.941267,-0.06573678,-0.03041984,-0.0005177477,0.9973731,352.4634,356.4948,0.1714567,0.4211739,-0.1084998,-0.9004664,0,0,0,1.244133,-0.1114635,-1.046026,-0.01121286,-0.007753834,1.915,0.9981487,0.002966628,0.06074792,0.005032179,0.9913568,-0.1310967,-0.06061178,0.1311597,0.9895067,moving,3.4007841852592233,1.6044961609399455,-0.3354789621123107,-0.23198931355959462,-0.12730300000000017,0.24345080000000002,1.895241,0.05929685995389071,0.02795081181937442,0.9978490074694818,3.0458412918863536,1.7589033448298195,4.161583247413577,4.163212846402937,3.9238986018156052
05/10/2023 16:35:03.502266,1119,True,True,True,True,Eyes,1.3706,-0.3536052,-2.932655,-0.003468502,0.157357,0.9875357,0.0,0.0,0.0,0.0,0.0,0.0,0.0,-1.188435,-0.0403654,3.040331,1.371375,-0.3549405,-2.941253,-0.06573626,-0.03052512,-0.0004138094,0.99737,352.4638,356.4818,0.1842376,0.4211479,-0.108508,-0.9004776,0,0,0,1.23965,-0.1142545,-1.04592,-0.01520205,-0.01051241,1.915,0.9981361,0.003187772,0.06094408,0.004838656,0.9913571,-0.1311015,-0.06083526,0.131152,0.989494,moving,3.281642305364181,1.5217451168258327,-0.45482768096238263,-0.3145225459044971,-0.1317250000000001,0.240686,1.8953330000000002,0.05722403065445908,0.02651282422835413,0.9980092660875991,2.9266193807062244,1.6799496321818363,4.16186990294064,4.163302401688873,3.9258251998818925
05/10/2023 16:35:03.527488,1120,True,True,True,True,Eyes,1.370529,-0.3536249,-2.932649,-0.005691826,0.1560048,0.9877399,0.0,0.0,0.0,0.0,0.0,0.0,0.0,-1.18775,-0.04065627,3.040576,1.371391,-0.3549186,-2.941228,-0.06578428,-0.03064003,-0.0003998365,0.9973633,352.4584,356.4684,0.1868943,0.4211228,-0.108516,-0.9004884,0,0,0,1.235303,-0.116751,-1.045833,-0.01911934,-0.0132214,1.915,0.998122,0.003233699,0.06117108,0.004828828,0.9913445,-0.1311971,-0.06106587,0.1312461,0.9894673,moving,3.16788053574587,1.436937892298233,-0.5720214583990871,-0.395570957290428,-0.136088,0.23816759999999998,1.8953950000000002,0.055244454988084515,0.025038372873338086,0.9981588724422529,2.8124738539982017,1.5989709826300074,4.163472547733447,4.164727555270595,3.928486485879873
05/10/2023 16:35:03.543307,1121,True,True,True,True,Eyes,1.370477,-0.3536439,-2.93264,-0.007981062,0.1546222,0.9879414,0.0,0.0,0.0,0.0,0.0,0.0,0.0,-1.187694,-0.04038012,3.040601,1.371404,-0.3549879,-2.941213,-0.06576715,-0.03064932,-0.0003591258,0.9973643,352.4605,356.467,0.1915967,0.4210983,-0.108524,-0.9004989,0,0,0,1.231519,-0.1194726,-1.045702,-0.02286596,-0.01581204,1.915,0.998121,0.003315078,0.06118431,0.004747794,0.991349,-0.1311655,-0.06108984,0.1312096,0.9894706,moving,3.0385505343198838,1.3578139184755693,-0.684104827436063,-0.4730770598956485,-0.13988500000000004,0.23551530000000004,1.895511,0.05299301181482023,0.02366280876022496,0.9983144515120573,2.6836248294170977,1.5235945065530903,4.147435061211866,4.148532839100037,3.9151373393424103
05/10/2023 16:35:03.558982,1122,True,True,True,True,Eyes,1.370428,-0.3536631,-2.932633,-0.01017895,0.1532917,0.9881285,0.0,0.0,0.0,0.0,0.0,0.0,0.0,-1.187677,-0.03969413,3.040597,1.371427,-0.3549998,-2.941181,-0.0656895,-0.03065229,-0.0002795771,0.9973692,352.4697,356.4662,0.2005107,0.4210751,-0.1085318,-0.9005088,0,0,0,1.227586,-0.122495,-1.045518,-0.02678747,-0.01852384,1.915,0.9981207,0.003469384,0.06118003,0.00458475,0.9913696,-0.1310162,-0.06110657,0.1310505,0.9894906,moving,2.914091280618851,1.2887065426233466,-0.8014145591956111,-0.5542061368312652,-0.14384099999999989,0.23250479999999996,1.8956629999999999,0.05082573420672278,0.02246120675391658,0.9984548701657713,2.5600017608727654,1.4578472502018505,4.146470875762272,4.147446297396742,3.9175858011144387
05/10/2023 16:35:03.575018,1123,True,True,True,True,Eyes,1.37038,-0.3536806,-2.932627,-0.01245797,0.1519219,0.988314,0.0,0.0,0.0,0.0,0.0,0.0,0.0,-1.187813,-0.03950375,3.040604,1.371478,-0.3550265,-2.941213,-0.06566106,-0.03063812,-0.0002816149,0.9973716,352.473,356.4678,0.2000659,0.421053,-0.1085395,-0.9005182,0,0,0,1.22391,-0.1252319,-1.045422,-0.03056452,-0.02113575,1.915,0.9981225,0.003461713,0.06115215,0.004585211,0.9913771,-0.1309597,-0.06107818,0.1309942,0.9894999,moving,2.7822124236179273,1.211920197334823,-0.9143965115679389,-0.6323447015965757,-0.14756799999999992,0.22979460000000002,1.8957909999999998,0.04852885445334178,0.021125500954325083,0.9985983631105182,2.428820111391869,1.3847458863450615,4.130271433281175,4.131129462644135,3.9045808773794817
05/10/2023 16:35:03.591983,1124,True,True,True,True,Eyes,1.370334,-0.3536956,-2.932619,-0.01464175,0.1506145,0.9884842,0.0,0.0,0.0,0.0,0.0,0.0,0.0,-1.188315,-0.04020074,3.040417,1.371514,-0.3549823,-2.941221,-0.065745,-0.03056433,-0.0003438605,0.9973683,352.4631,356.4767,0.1926309,0.421032,-0.108547,-0.9005271,0,0,0,1.220416,-0.1274873,-1.045334,-0.03438386,-0.02377684,1.915,0.9981314,0.003332991,0.06101299,0.004704813,0.9913549,-0.1311229,-0.06092256,0.1311649,0.9894869,moving,2.648402332022636,1.1260263357857692,-1.0286362396702797,-0.71135382981143,-0.15109799999999995,0.22749499999999998,1.895887,0.0461979810512801,0.019630621193487977,0.9987394591990923,2.295293905729901,1.3028703290149402,4.109794050483271,4.110544797304546,3.886593698021426
05/10/2023 16:35:03.612362,1125,True,True,True,True,Eyes,1.370293,-0.3537093,-2.932611,-0.01690708,0.1492465,0.9886554,0.0,0.0,0.0,0.0,0.0,0.0,0.0,-1.18863,-0.04110742,3.040226,1.371512,-0.3549429,-2.941169,-0.065851,-0.03051746,-0.0004394597,0.9973627,352.4506,356.4828,0.181633,0.4210119,-0.1085544,-0.9005356,0,0,0,1.216732,-0.1296948,-1.045201,-0.038259,-0.02645649,1.915,0.998137,0.003142609,0.06093183,0.004895811,0.9913269,-0.1313278,-0.06081608,0.1313815,0.9894646,moving,2.5127177675753782,1.0341702993891464,-1.1445366299820525,-0.7915137274365321,-0.15478000000000014,0.2252481,1.8959679999999999,0.043834011425279026,0.018031347590377528,0.9988760268481668,2.159644724461584,1.2152554217154945,4.086959358518272,4.087619343121323,3.8658423197333507
05/10/2023 16:35:03.627554,1126,True,True,True,True,Eyes,1.370252,-0.3537254,-2.932605,-0.01908589,0.1479364,0.9888127,0.0,0.0,0.0,0.0,0.0,0.0,0.0,-1.188678,-0.04172838,3.040195,1.371505,-0.354913,-2.941172,-0.06587527,-0.0305176,-0.0006134401,0.997361,352.4472,356.4841,0.1616629,0.4209929,-0.1085615,-0.9005436,0,0,0,1.212958,-0.1321514,-1.045103,-0.04205441,-0.02908124,1.915,0.9981366,0.002797067,0.06095494,0.005244351,0.9913201,-0.1313654,-0.0607933,0.1314403,0.9894583,moving,2.3866155306267447,0.9552187859426962,-1.2580433261148587,-0.8700283271311464,-0.158547,0.22276159999999998,1.896069,0.041636477567772126,0.016656484032363833,0.9989939792605212,2.0339158423792103,1.1400209467946503,4.075554839935064,4.076158142885211,3.8571094423987744
05/10/2023 16:35:03.643427,1127,True,True,True,True,Eyes,1.370216,-0.3537414,-2.932599,-0.02135218,0.1465616,0.9889711,0.0,0.0,0.0,0.0,0.0,0.0,0.0,-1.188345,-0.04220259,3.04035,1.371481,-0.3549883,-2.941207,-0.06592499,-0.03057272,-0.0007057023,0.9973559,352.4412,356.4784,0.1516241,0.4209749,-0.1085685,-0.9005513,0,0,0,1.208823,-0.1347103,-1.045062,-0.04596516,-0.03178544,1.915,0.9981297,0.00262334,0.06107682,0.005438686,0.9913068,-0.1314582,-0.06089072,0.1315445,0.9894384,moving,2.262623824839883,0.8694885496842706,-1.3749890761354613,-0.9509161077766903,-0.16265799999999997,0.22027799999999997,1.896145,0.03947543450251686,0.015163027781028834,0.9991055136870537,1.9098615012268076,1.0582289942342018,4.0671265612002125,4.067689852268462,3.850572341422972
05/10/2023 16:35:03.652123,1128,True,True,True,True,Eyes,1.370181,-0.3537569,-2.932594,-0.02353485,0.1452309,0.9891178,0.0,0.0,0.0,0.0,0.0,0.0,0.0,-1.188,-0.04229447,3.040464,1.371456,-0.3549931,-2.941198,-0.06587397,-0.0306335,-0.0008602431,0.9973572,352.4465,356.4726,0.1340877,0.4209577,-0.1085753,-0.9005584,0,0,0,1.204453,-0.1377209,-1.044929,-0.05009846,-0.03464381,1.915,0.9981217,0.002319962,0.06121843,0.005751839,0.9913198,-0.131347,-0.06099176,0.1314524,0.9894445,moving,2.1434848546680434,0.7979793863588034,-1.4985774121362552,-1.036411279609199,-0.167003,0.2172722,1.896269,0.03739851851864831,0.013917174046033876,0.9992034771933869,1.7912388190064614,0.9901237408303287,4.077385130351175,4.077941474649949,3.863901528734642
05/10/2023 16:35:03.672433,1129,True,True,True,True,Eyes,1.370135,-0.3537727,-2.932589,-0.02578023,0.1438239,0.9892675,0.0,0.0,0.0,0.0,0.0,0.0,0.0,-1.187432,-0.04155961,3.040694,1.371414,-0.3549932,-2.941216,-0.06574825,-0.03072056,-0.0008624366,0.997363,352.4609,356.4626,0.1340462,0.4209415,-0.1085819,-0.9005652,0,0,0,1.200492,-0.1406621,-1.044816,-0.05367764,-0.03711857,1.915,0.998111,0.002319322,0.06139251,0.00575997,0.9913529,-0.1310967,-0.06116569,0.1312027,0.9894668,moving,2.0251687950574917,0.7305397994900767,-1.6055859767930538,-1.1104287842754583,-0.17092200000000002,0.2143311,1.8963999999999999,0.03533563732697344,0.012742017776417494,0.9992943283857839,1.6736251832006719,0.9259394258381639,4.070255959820984,4.070816323506526,3.8600545746127413
05/10/2023 16:35:03.692195,1130,True,True,True,True,Eyes,1.370093,-0.3537909,-2.932585,-0.02793605,0.1424707,0.9894047,0.0,0.0,0.0,0.0,0.0,0.0,0.0,-1.187076,-0.04130659,3.040831,1.371402,-0.3549825,-2.941216,-0.06572486,-0.03077446,-0.0008109296,0.9973629,352.4638,356.4561,0.1403098,0.4209257,-0.1085885,-0.9005718,0,0,0,1.196339,-0.1434487,-1.04471,-0.05759618,-0.03982848,1.915,0.9981045,0.002427712,0.06149321,0.005662876,0.9913592,-0.1310531,-0.06128002,0.131153,0.9894664,moving,1.9086807615632868,0.6545148153971789,-1.7227276866257553,-1.1914751209290602,-0.17506299999999997,0.21153379999999997,1.8965059999999998,0.03330443157151882,0.011416853015485534,0.9993800347891205,1.5573179525922434,0.8534563194268235,4.0730884480446345,4.073672319001186,3.8652870515796107
05/10/2023 16:35:03.707423,1131,True,True,True,True,Eyes,1.370059,-0.353808,-2.932581,-0.0301737,0.1410602,0.9895411,0.0,0.0,0.0,0.0,0.0,0.0,0.0,-1.187074,-0.04075918,3.040868,1.371428,-0.3550556,-2.941224,-0.0657161,-0.03077045,-0.0006454653,0.9973637,352.4654,356.4553,0.1593231,0.4209104,-0.108595,-0.9005781,0,0,0,1.192488,-0.1462478,-1.044599,-0.06145274,-0.04249512,1.915,0.9981055,0.0027567,0.06146348,0.005331755,0.9913619,-0.131046,-0.06129381,0.1311254,0.9894691,moving,1.7818721214664277,0.573558446726262,-1.8380024928747516,-1.271222711671154,-0.1789400000000001,0.20880780000000002,1.896625,0.031092966319181094,0.010005476241989983,0.9994664269877127,1.4308018578987094,0.776292492662156,4.062223369151535,4.062845031001037,3.8571233316568434
05/10/2023 16:35:03.722237,1132,True,True,True,True,Eyes,1.370028,-0.3538243,-2.932578,-0.03231275,0.139711,0.9896649,0.0,0.0,0.0,0.0,0.0,0.0,0.0,-1.187395,-0.04023957,3.040763,1.371468,-0.3550412,-2.941222,-0.06567769,-0.0307181,-0.0005304463,0.9973678,352.4702,356.4605,0.1720469,0.4208959,-0.1086015,-0.9005841,0,0,0,1.188869,-0.1490455,-1.044449,-0.06528496,-0.04514527,1.915,0.9981122,0.002976887,0.06134416,0.005093087,0.9913723,-0.130977,-0.0612048,0.1310422,0.9894856,moving,1.6546696938716972,0.4997001544526191,-1.9525350219510338,-1.350472278643581,-0.18259899999999996,0.2059957,1.8967729999999998,0.02887432119429296,0.008717665584469333,0.9995449802324546,1.3042828017880754,0.7059813312276756,4.053337807842097,4.054018240467458,3.8517351656853656
05/10/2023 16:35:03.732457,1133,True,True,True,True,Eyes,1.370003,-0.3538402,-2.932577,-0.03451438,0.1383187,0.9897861,0.0,0.0,0.0,0.0,0.0,0.0,0.0,-1.188074,-0.04061881,3.040524,1.371464,-0.3550409,-2.941256,-0.06575393,-0.03060382,-0.0005047956,0.9973664,352.4615,356.4734,0.1744098,0.420882,-0.1086078,-0.9005898,0,0,0,1.185134,-0.1516213,-1.04435,-0.06944144,-0.04801962,1.915,0.9981263,0.003017711,0.06111282,0.005031575,0.9913524,-0.1311306,-0.06098006,0.1311924,0.9894796,moving,1.516050946191452,0.41025068075971705,-2.076740948461127,-1.4364204266739922,-0.1863300000000001,0.2034196,1.8969060000000002,0.026456313143978567,0.007157657073951371,0.9996242596044396,1.1659332652783667,0.6207109737588046,4.038834647787698,4.039597477139487,3.8401465668770567
05/10/2023 16:35:03.752301,1134,True,True,True,True,Eyes,1.369976,-0.3538546,-2.932577,-0.03662942,0.1369828,0.9898959,0.0,0.0,0.0,0.0,0.0,0.0,0.0,-1.188565,-0.04082718,3.040354,1.371471,-0.3550387,-2.941278,-0.06578606,-0.03052443,-0.000513804,0.9973667,352.4578,356.4826,0.1728826,0.4208689,-0.1086141,-0.9005952,0,0,0,1.181809,-0.153993,-1.044247,-0.07307219,-0.05053033,1.915,0.998136,0.002991261,0.06095569,0.005041065,0.9913439,-0.1311943,-0.06082048,0.131257,0.9894809,moving,1.3860513543677762,0.32919029810743805,-2.185220823252582,-1.5114898187212746,-0.189662,0.2010457,1.8970310000000001,0.024188400033336985,0.005743741647168191,0.9996908649567147,1.0363361403937807,0.5434709184549016,4.016869294809807,4.017721774729282,3.8211638150377722
05/10/2023 16:35:03.772183,1135,True,True,True,True,Eyes,1.36995,-0.3538679,-2.932578,-0.03883379,0.135561,0.9900077,0.0,0.0,0.0,0.0,0.0,0.0,0.0,-1.188395,-0.04104149,3.040417,1.371418,-0.3550189,-2.941306,-0.06580401,-0.03054499,-0.0005450686,0.997365,352.4556,356.4805,0.1694989,0.4208564,-0.1086202,-0.9006004,0,0,0,1.177991,-0.1564337,-1.04418,-0.07675727,-0.05307844,1.915,0.9981334,0.002932701,0.06100073,0.00510723,0.991339,-0.1312279,-0.06085727,0.1312945,0.9894737,moving,1.2621927452432038,0.2448259852057578,-2.2953079451434846,-1.5876721502223188,-0.19342700000000002,0.19858520000000002,1.8971259999999999,0.022027437482366387,0.004271969959673563,0.999748286468488,0.9124825482573216,0.4629960828622436,4.000770618483207,4.001732197242732,3.8072509835489896
05/10/2023 16:35:03.782279,1136,True,True,True,True,Eyes,1.369923,-0.3538795,-2.932579,-0.04095454,0.1341992,0.9901077,0.0,0.0,0.0,0.0,0.0,0.0,0.0,-1.188216,-0.04136398,3.040503,1.371406,-0.3549884,-2.941336,-0.06582502,-0.03057532,-0.0006064367,0.9973626,352.453,356.4774,0.1627299,0.4208445,-0.1086261,-0.9006053,0,0,0,1.173958,-0.1589972,-1.044116,-0.08066543,-0.05578104,1.915,0.9981295,0.002815567,0.06106919,0.005234916,0.9913334,-0.1312657,-0.06090951,0.1313399,0.9894644,moving,1.1439894948830738,0.163587850431329,-2.412040758938023,-1.6684672177318893,-0.19744799999999985,0.19599119999999998,1.8972200000000001,0.019964974928404326,0.0028545735791066923,0.9997965835170332,0.7942455751630366,0.38549523414747855,3.9991240276183038,4.00022211119251,3.8077596838526344
05/10/2023 16:35:03.802516,1137,True,True,True,True,Eyes,1.369914,-0.3538907,-2.93258,-0.04315279,0.1327896,0.9902045,0.0,0.0,0.0,0.0,0.0,0.0,0.0,-1.18783,-0.04171637,3.04063,1.371374,-0.3549598,-2.941335,-0.06587671,-0.03063368,-0.0006078602,0.9973574,352.4471,356.4707,0.1631956,0.420833,-0.1086318,-0.9006099,0,0,0,1.169599,-0.1615928,-1.044036,-0.08476333,-0.05861485,1.915,0.9981225,0.002823585,0.06118554,0.0052486,0.9913198,-0.131368,-0.06102536,0.1314425,0.9894437,moving,1.025040075150849,0.07617638235962351,-2.5344193841612217,-1.7531777154833514,-0.20177500000000004,0.19336699999999998,1.897299,0.017889355871076887,0.00132931566018199,0.9998391854891402,0.674961908261804,0.3020427285708906,4.000773994685478,4.002035489320536,3.8110443914776706
05/10/2023 16:35:03.822324,1138,True,True,True,True,Eyes,1.369907,-0.3539015,-2.932581,-0.04526765,0.1314391,0.9902902,0.0,0.0,0.0,0.0,0.0,0.0,0.0,-1.187124,-0.04212758,3.040914,1.371372,-0.3549781,-2.941348,-0.0659295,-0.03075106,-0.0006432952,0.9973502,352.4409,356.4574,0.1601947,0.4208224,-0.1086373,-0.9006142,0,0,0,1.16549,-0.1639196,-1.04401,-0.08842145,-0.06114461,1.915,0.9981079,0.002771623,0.06142398,0.005337985,0.9913057,-0.13147,-0.06125433,0.1315491,0.9894153,moving,0.9173360720653526,-0.00795173504513382,-2.643645022534895,-1.8287928439237258,-0.20588200000000012,0.19105850000000002,1.897338,0.01600985126273828,-0.00013876617533893632,0.99987186317441,0.5666910239388049,0.2216735829722561,3.998081507735594,3.999506056987862,3.809287347932151
05/10/2023 16:35:03.842267,1139,True,True,True,True,Eyes,1.369895,-0.3539138,-2.93258,-0.04746912,0.1300352,0.9903725,0.0,0.0,0.0,0.0,0.0,0.0,0.0,-1.186819,-0.0424698,3.041044,1.371421,-0.3549782,-2.941341,-0.06597488,-0.03081044,-0.0006667461,0.9973452,352.4356,356.4507,0.1581075,0.4208127,-0.1086426,-0.9006181,0,0,0,1.161431,-0.1664087,-1.043932,-0.09229852,-0.0638254,1.915,0.9981006,0.002735478,0.06154526,0.005395382,0.9912938,-0.1315584,-0.06136931,0.1316406,0.989396,moving,0.7981284641229103,-0.09425205913524663,-2.7593871565536694,-1.908915335299793,-0.2099899999999999,0.18856950000000003,1.897409,0.013929501319051008,-0.0016448485488354675,0.9999017065767605,0.4472174597792522,0.1392952915716497,3.9919939055628118,3.9936099205127826,3.804928374820834
05/10/2023 16:35:03.852301,1140,True,True,True,True,Eyes,1.369884,-0.3539251,-2.93258,-0.04958152,0.1286768,0.9904463,0.0,0.0,0.0,0.0,0.0,0.0,0.0,-1.186944,-0.04187462,3.040956,1.371443,-0.3549986,-2.941279,-0.06588473,-0.03079403,-0.0006582874,0.9973519,352.446,356.4525,0.1586322,0.4208037,-0.1086477,-0.9006217,0,0,0,1.157616,-0.1694537,-1.043714,-0.09618981,-0.06651649,1.915,0.9981026,0.002744624,0.0615117,0.0053708,0.9913176,-0.13138,-0.06133821,0.131461,0.9894219,moving,0.6755214757819796,-0.16224427777691514,-2.8755311411942106,-1.9893381579598532,-0.213827,0.18554489999999998,1.8975650000000002,0.011789753035834835,-0.0028314961338778005,0.9999264490553482,0.3254388100479926,0.07461015262557849,3.99169710750396,3.9935256022135874,3.808686290248118
05/10/2023 16:35:03.877465,1141,True,True,True,True,Eyes,1.369884,-0.3539369,-2.932577,-0.05175772,0.1272798,0.9905155,0.0,0.0,0.0,0.0,0.0,0.0,0.0,-1.187043,-0.04113427,3.040943,1.371475,-0.3549836,-2.941282,-0.06576509,-0.03078245,-0.0006450781,0.99736,352.4597,356.4539,0.1596356,0.4207953,-0.1086527,-0.9006251,0,0,0,1.15369,-0.1726464,-1.043551,-0.100182,-0.06927688,1.915,0.998104,0.002762071,0.06148721,0.005335571,0.991349,-0.1311432,-0.06131751,0.1312227,0.9894547,moving,0.5498235310750179,-0.22901347736956187,-2.9946621220739758,-2.071823851241501,-0.2177849999999999,0.1823372,1.8977310000000003,0.009596006823735053,-0.003996844464094852,0.9999459518870293,0.2007459120747085,0.011128623187519032,3.9928464549037512,3.9949128425322478,3.8143575495005626
05/10/2023 16:35:03.892328,1142,True,True,True,True,Eyes,1.369884,-0.3539473,-2.932575,-0.05384385,0.1259332,0.9905764,0.0,0.0,0.0,0.0,0.0,0.0,0.0,-1.188056,-0.04098994,3.040528,1.371496,-0.3550048,-2.941248,-0.06574355,-0.03062026,-0.0006597505,0.9973665,352.4622,356.4727,0.1566335,0.4207877,-0.1086576,-0.900628,0,0,0,1.150445,-0.1754122,-1.043324,-0.1040614,-0.07195953,1.915,0.9981239,0.002710143,0.06116598,0.005342195,0.9913547,-0.1311004,-0.06099248,0.1311812,0.9894804,moving,0.4118536319497983,-0.304143173510306,-3.110402521499996,-2.151978297418819,-0.2210510000000001,0.17959260000000002,1.897924,0.007188038510287403,-0.005308137538421152,0.9999600447319237,0.06378146918441385,-0.060327974253266387,3.975218053374193,3.977534796285877,3.801374104335927
05/10/2023 16:35:03.908137,1143,True,True,True,True,Eyes,1.369908,-0.3539561,-2.932574,-0.05604166,0.1245543,0.9906288,0.0,0.0,0.0,0.0,0.0,0.0,0.0,-1.188296,-0.04075933,3.040441,1.371511,-0.3549826,-2.941247,-0.06568322,-0.0305857,-0.0007052033,0.9973715,352.4689,356.4771,0.1509147,0.4207809,-0.1086623,-0.9006307,0,0,0,1.146267,-0.1785777,-1.04316,-0.1083815,-0.07494691,1.915,0.998128,0.002611235,0.06110325,0.005424633,0.9913704,-0.130978,-0.06091797,0.1310643,0.9895005,moving,0.28185195160314613,-0.37673368090055076,-3.239261096608467,-2.2412277894734367,-0.225244,0.17640489999999998,1.898087,0.0049191180404444985,-0.0065751157453080925,0.9999662148413442,-0.06536830959237522,-0.1293945341733844,3.98167304785664,3.9842910761124215,3.812274271568612
05/10/2023 16:35:03.924146,1144,True,True,True,True,Eyes,1.369928,-0.3539648,-2.93257,-0.05815038,0.1232296,0.9906729,0.0,0.0,0.0,0.0,0.0,0.0,0.0,-1.188497,-0.04103386,3.040375,1.371492,-0.3549816,-2.941273,-0.06572261,-0.03055009,-0.0007204676,0.9973699,352.4643,356.4813,0.1490255,0.4207753,-0.1086667,-0.9006327,0,0,0,1.143063,-0.1807035,-1.043085,-0.1116988,-0.07724105,1.915,0.9981323,0.002578518,0.06103418,0.005452809,0.99136,-0.1310555,-0.06084479,0.1311435,0.9894944,moving,0.1570463441288347,-0.45753053995624854,-3.33818627871948,-2.3097590215418444,-0.228429,0.17427810000000002,1.8981879999999998,0.002740884680841764,-0.007985298673459255,0.9999642585417621,-0.1899453732930407,-0.20641958993705642,3.9528160328567368,3.955679642718807,3.7862194288160107
05/10/2023 16:35:03.932217,1145,True,True,True,True,Eyes,1.369964,-0.3539723,-2.932564,-0.06033736,0.1218362,0.9907146,0.0,0.0,0.0,0.0,0.0,0.0,0.0,-1.188517,-0.04103166,3.040281,1.371432,-0.3549891,-2.941211,-0.0657213,-0.03053807,-0.0007296691,0.9973704,352.4644,356.4827,0.1478686,0.4207709,-0.108671,-0.9006342,0,0,0,1.139166,-0.1833794,-1.042903,-0.1155745,-0.07992107,1.915,0.9981338,0.002558503,0.06101145,0.005469505,0.9913604,-0.1310524,-0.06081963,0.1311415,0.9894963,moving,0.03047593384458459,-0.5375535974575264,-3.453738228924744,-2.3898089882799813,-0.23226600000000008,0.1716097,1.898308,0.0005318819732621737,-0.009381941567842382,0.999955884811602,-0.3161823409697867,-0.2826845685763898,3.942791309620172,3.9459597520594683,3.779448408187631
05/10/2023 16:35:03.952141,1146,True,True,True,True,Eyes,1.370002,-0.353981,-2.93256,-0.06244025,0.1205079,0.9907467,0.0,0.0,0.0,0.0,0.0,0.0,0.0,-1.188232,-0.04092425,3.04035,1.371418,-0.3549814,-2.941173,-0.06573549,-0.03057883,-0.0006505777,0.9973683,352.4631,356.4774,0.1573472,0.4207679,-0.108675,-0.9006351,0,0,0,1.135267,-0.1859037,-1.042778,-0.119291,-0.08249107,1.915,0.998129,0.002722498,0.06108224,0.005317959,0.9913568,-0.1310852,-0.06091117,0.1311648,0.9894876,moving,-0.08470655248517875,-0.6152506062640506,-3.5645173139318973,-2.4665639860184934,-0.236151,0.1690777,1.898395,-0.0014783224374944615,-0.010737930504198176,0.9999412351506561,-0.43131996279168705,-0.3567910676232382,3.9381520512603645,3.9416296332276337,3.7773095462757698
05/10/2023 16:35:03.972103,1147,True,True,True,True,Eyes,1.370043,-0.3539921,-2.932554,-0.06461068,0.1191069,0.990777,0.0,0.0,0.0,0.0,0.0,0.0,0.0,-1.188002,-0.04153082,3.040497,1.37148,-0.3550232,-2.941207,-0.06586838,-0.03062285,-0.0005865019,0.9973583,352.4481,356.4718,0.1655455,0.4207661,-0.1086789,-0.9006355,0,0,0,1.131266,-0.1881351,-1.04276,-0.1231744,-0.08517662,1.915,0.9981238,0.00286425,0.06116116,0.005204059,0.991322,-0.1313528,-0.06100663,0.1314247,0.9894472,moving,-0.20348733394146054,-0.7107347177616269,-3.6802427334573493,-2.546760503935855,-0.24021399999999993,0.16688809999999998,1.898447,-0.0035512433601537913,-0.012404264944165598,0.9999167866420006,-0.5508693767019034,-0.44803499778188516,3.927955643515054,3.931770440343584,3.767973773283472
05/10/2023 16:35:03.982536,1148,True,True,True,True,Eyes,1.370082,-0.3540033,-2.932549,-0.06670166,0.1177486,0.9908007,0.0,0.0,0.0,0.0,0.0,0.0,0.0,-1.187905,-0.0413205,3.040497,1.371486,-0.3550822,-2.941155,-0.06583358,-0.03064158,-0.0006105311,0.99736,352.452,356.4698,0.162793,0.4207657,-0.1086826,-0.9006352,0,0,0,1.127292,-0.1910048,-1.042592,-0.1270771,-0.08787498,1.915,0.9981214,0.002816651,0.06120174,0.005252327,0.9913312,-0.1312821,-0.06104097,0.131357,0.989454,moving,-0.32123043986351735,-0.7848106171935378,-3.79651300647117,-2.6273295007434627,-0.24419400000000002,0.1640774,1.8985630000000002,-0.005605973173486795,-0.013696884840052749,0.9998904138852729,-0.6682828683144455,-0.5186277290110639,3.929327863422476,3.9335054028188563,3.7725915442013327
05/10/2023 16:35:04.013448,1149,True,True,True,True,Eyes,1.370135,-0.3540075,-2.932545,-0.0688711,0.1163499,0.9908175,0.0,0.0,0.0,0.0,0.0,0.0,0.0,-1.187274,-0.03974104,3.04078,1.371491,-0.3550949,-2.941166,-0.06570297,-0.03073022,-0.0002987056,0.997366,352.4681,356.4573,0.1989459,0.4207663,-0.1086863,-0.9006345,0,0,0,1.123037,-0.1943168,-1.042482,-0.1309707,-0.09056769,1.915,0.9981111,0.003442296,0.0613378,0.004633971,0.991366,-0.1310414,-0.0612593,0.1310782,0.9894775,moving,-0.4335484853069129,-0.8487171176762557,-3.9124809741477122,-2.7077194334354244,-0.24845399999999995,0.16077809999999998,1.898684,-0.0075659456468329805,-0.01481194131072408,0.9998615948282773,-0.779928037977419,-0.5794479810900186,3.9399098939950705,3.9444721918033587,3.787139721845175
05/10/2023 16:35:04.027504,1150,True,True,True,True,Eyes,1.370186,-0.3540137,-2.932539,-0.07095315,0.1150324,0.9908245,0.0,0.0,0.0,0.0,0.0,0.0,0.0,-1.187184,-0.04200298,3.040796,1.371534,-0.3549446,-2.941176,-0.06598356,-0.03076007,-0.0004621292,0.9973464,352.4353,356.4549,0.1813447,0.4207682,-0.1086897,-0.9006332,0,0,0,1.119147,-0.1956684,-1.042488,-0.1347966,-0.09321338,1.915,0.9981073,0.003137513,0.06141789,0.004981124,0.9912919,-0.1315885,-0.06129591,0.1316454,0.9894,moving,-0.5503311536294593,-0.9571482647745545,-4.026401288198559,-2.7866952123652347,-0.25238700000000014,0.1592762,1.898688,-0.009603602809380121,-0.016703841257333304,0.9998143551906334,-0.898238514447175,-0.6832009964535812,3.9232021229979326,3.928142769029865,3.769627336416391
05/10/2023 16:35:04.042217,1151,True,True,True,True,Eyes,1.37025,-0.3540194,-2.93253,-0.07308706,0.1136689,0.9908267,0.0,0.0,0.0,0.0,0.0,0.0,0.0,-1.187221,-0.04407346,3.040719,1.371538,-0.3550038,-2.941133,-0.06630599,-0.03075822,-0.0005382579,0.997325,352.398,356.4555,0.1737164,0.4207713,-0.1086929,-0.9006313,0,0,0,1.1152,-0.1971914,-1.042431,-0.1387542,-0.09595019,1.915,0.9981073,0.003005271,0.06142325,0.005152544,0.9912065,-0.1322241,-0.0612805,0.1322903,0.9893149,moving,-0.6732048660887198,-1.0726241722361802,-4.144209558189905,-2.868379836456011,-0.25633799999999995,0.1578124,1.8987020000000001,-0.011747311889590106,-0.018718437187856214,0.9997557238506597,-1.022793429111584,-0.7937061568819446,3.9026743228179273,3.908018932677533,3.7480007374049014
05/10/2023 16:35:04.052560,1152,True,True,True,True,Eyes,1.370307,-0.3540269,-2.932522,-0.07512433,0.1123504,0.9908248,0.0,0.0,0.0,0.0,0.0,0.0,0.0,-1.187859,-0.04581609,3.04039,1.371555,-0.3550079,-2.941068,-0.066442,-0.03067562,-0.0009099888,0.9973183,352.3811,356.4678,0.1307114,0.4207758,-0.1086958,-0.9006289,0,0,0,1.111579,-0.1992559,-1.042256,-0.1427225,-0.09869412,1.915,0.9981164,0.002261202,0.06130764,0.005891396,0.9911693,-0.1324718,-0.06106579,0.1325835,0.9892889,moving,-0.8013964552211323,-1.1656285390051229,-4.2623011063643155,-2.9502652547021695,-0.259976,0.15575199999999997,1.898812,-0.013983657416412575,-0.020340664156219775,0.9996953417617254,-1.1512816336308322,-0.8824859082490637,3.888166230711693,3.8939426307174148,3.7355258780183753
05/10/2023 16:35:04.077340,1153,True,True,True,True,Eyes,1.370379,-0.3540352,-2.932514,-0.07724128,0.1109083,0.9908245,0.0,0.0,0.0,0.0,0.0,0.0,0.0,-1.188672,-0.04561207,3.04005,1.371466,-0.3550583,-2.941077,-0.06630529,-0.03054137,-0.001179849,0.9973313,352.3958,356.4854,0.09807677,0.4207813,-0.1086987,-0.9006259,0,0,0,1.108185,-0.2023435,-1.042043,-0.146545,-0.1013375,1.915,0.9981316,0.001696708,0.06107619,0.006403509,0.9912044,-0.1321846,-0.06076326,0.1323287,0.9893417,moving,-0.9395108377657104,-1.2340417591529689,-4.376019549300004,-3.0291386188432874,-0.2632810000000001,0.15271479999999998,1.8990339999999999,-0.01639302113136644,-0.021533533283505428,0.9996337489039139,-1.2880289983486004,-0.9474599734558344,3.8708857806503763,3.877107795782977,3.7241202485187417
05/10/2023 16:35:04.092151,1154,True,True,True,True,Eyes,1.37045,-0.3540443,-2.932505,-0.07928606,0.1095028,0.9908193,0.0,0.0,0.0,0.0,0.0,0.0,0.0,-1.18829,-0.04375303,3.040218,1.371411,-0.3550942,-2.94109,-0.0660828,-0.03058573,-0.0009870679,0.9973449,352.422,356.479,0.1198488,0.4207882,-0.1087014,-0.9006223,0,0,0,1.104104,-0.2059473,-1.041891,-0.1503812,-0.1039904,1.915,0.9981271,0.002073487,0.06113949,0.006011275,0.9912642,-0.1317543,-0.06087857,0.1318751,0.9893952,moving,-1.050689345373046,-1.2880524064684697,-4.49011084359646,-3.1082844893059742,-0.26730699999999996,0.14914690000000003,1.899199,-0.018332329121405377,-0.022475084619549862,0.9995793235411491,-1.3980508429045804,-0.9987392916184867,3.884682618167266,3.8913834400932985,3.7431291707560677
05/10/2023 16:35:04.103460,1155,True,True,True,True,Eyes,1.370544,-0.3540522,-2.932497,-0.08142756,0.1080102,0.9908094,0.0,0.0,0.0,0.0,0.0,0.0,0.0,-1.187323,-0.04171553,3.040618,1.371475,-0.355121,-2.941051,-0.06585007,-0.03074344,-0.0007400917,0.9973556,352.4496,356.459,0.1486911,0.4207964,-0.1087041,-0.9006182,0,0,0,1.099236,-0.2099362,-1.041734,-0.1546916,-0.1069711,1.915,0.9981086,0.002572645,0.06142174,0.005525183,0.9913264,-0.1313064,-0.0612268,0.1313974,0.9894372,moving,-1.1542433287343958,-1.345477986063761,-4.618262580669225,-3.1971956748175203,-0.2722389999999999,0.14518480000000003,1.899317,-0.020138431327959453,-0.02347609978174782,0.9995215026614684,-1.5009051727052845,-1.053371733472826,3.920616641938989,3.9278859169556717,3.7833712876838246
05/10/2023 16:35:04.122420,1156,True,True,True,True,Eyes,1.370636,-0.3540601,-2.932489,-0.0834761,0.1065628,0.9907957,0.0,0.0,0.0,0.0,0.0,0.0,0.0,-1.187084,-0.04043299,3.04075,1.371497,-0.3551197,-2.941062,-0.06563973,-0.03078617,-0.0007297358,0.9973681,352.4738,356.4542,0.1494524,0.4208061,-0.1087066,-0.9006133,0,0,0,1.09574,-0.213048,-1.04161,-0.1580392,-0.109286,1.915,0.9981034,0.002585962,0.0615061,0.005497223,0.9913818,-0.130889,-0.0613145,0.1309789,0.9894873,moving,-1.2668486689958176,-1.4041577620433607,-4.71775761040587,-3.26623612735027,-0.27575700000000003,0.1420717,1.8994520000000001,-0.02210224321400916,-0.024498737048888754,0.9994555075046901,-1.6125499460486488,-1.1091459916539317,3.9135222878957747,3.9212381157547544,3.7809195299954843
05/10/2023 16:35:04.142548,1157,True,True,True,True,Eyes,1.37073,-0.3540672,-2.932484,-0.08560365,0.1050737,0.9907732,0.0,0.0,0.0,0.0,0.0,0.0,0.0,-1.187634,-0.0392482,3.040588,1.371532,-0.3551281,-2.941084,-0.06547328,-0.03069817,-0.0006658405,0.9973819,352.4932,356.4639,0.1555521,0.4208173,-0.108709,-0.9006078,0,0,0,1.092291,-0.2163401,-1.041424,-0.1618488,-0.1119204,1.915,0.9981143,0.002691625,0.06132277,0.005348014,0.9914256,-0.1305628,-0.06114839,0.1306446,0.9895417,moving,-1.3987563846031732,-1.4698456514251996,-4.830949166480742,-3.344793907547215,-0.2792410000000001,0.138788,1.8996600000000001,-0.024402452296231593,-0.02564319399070942,0.9993732776531187,-1.7431705948435485,-1.1715370617362602,3.9026872648594377,3.9109306124127885,3.775900134448209
05/10/2023 16:35:04.152667,1158,True,True,True,True,Eyes,1.370822,-0.3540727,-2.932481,-0.08764402,0.1036493,0.9907449,0.0,0.0,0.0,0.0,0.0,0.0,0.0,-1.18766,-0.03866872,3.040662,1.37156,-0.3551041,-2.941152,-0.06541599,-0.03069261,-0.0005615794,0.9973859,352.5001,356.4638,0.1673231,0.4208298,-0.1087113,-0.9006017,0,0,0,1.08834,-0.2193281,-1.041355,-0.1658388,-0.1146796,1.915,0.9981153,0.002895352,0.06129821,0.005135796,0.9914408,-0.1304555,-0.06115126,0.1305244,0.9895574,moving,-1.5160768152970412,-1.5440494083498761,-4.949460274562017,-3.4270597208649356,-0.2832199999999998,0.13577599999999998,1.8997970000000002,-0.026447846058845634,-0.026936060039095842,0.9992872803236705,-1.8601834857831472,-1.242256374535053,3.907033666410276,3.915845989743773,3.7837807467957414
05/10/2023 16:35:04.172318,1159,True,True,True,True,Eyes,1.370929,-0.3540773,-2.932479,-0.0897514,0.1022183,0.9907048,0.0,0.0,0.0,0.0,0.0,0.0,0.0,-1.187822,-0.03929871,3.040623,1.371576,-0.3550746,-2.941182,-0.06548328,-0.03067194,-0.0006378704,0.997382,352.4921,356.4667,0.1586139,0.4208434,-0.1087134,-0.9005951,0,0,0,1.084671,-0.2215937,-1.041285,-0.1695979,-0.1172788,1.915,0.9981177,0.002744597,0.06126682,0.005289399,0.9914231,-0.1305846,-0.06109975,0.1306628,0.9895424,moving,-1.6398118310633378,-1.6340427049230324,-5.061074372815806,-3.504542186730182,-0.28690499999999997,0.1334809,1.899897,-0.028604579760451637,-0.028503889486253473,0.9991842681411537,-1.9842165948073214,-1.3281641477852115,3.889866379996688,3.8992057769550166,3.7687763471043576
05/10/2023 16:35:04.192245,1160,True,True,True,True,Eyes,1.371029,-0.3540814,-2.932476,-0.09178076,0.1008485,0.9906594,0.0,0.0,0.0,0.0,0.0,0.0,0.0,-1.187941,-0.04000077,3.040604,1.371597,-0.3550728,-2.941211,-0.06556842,-0.03065931,-0.0007107471,0.9973767,352.4821,356.4687,0.1504226,0.4208584,-0.1087153,-0.9005879,0,0,0,1.080847,-0.2239085,-1.041217,-0.173486,-0.1199674,1.915,0.998119,0.0026028,0.06125098,0.00543833,0.9914005,-0.1307492,-0.06106456,0.1308364,0.9895216,moving,-1.7581467299595552,-1.7225695597833448,-5.176478188252912,-3.5846761724323635,-0.29075000000000006,0.1311643,1.899994,-0.030666784883199537,-0.030045845846681997,0.9990780600729217,-2.102967148057581,-1.4126976581997364,3.8827058891562745,3.892612361336432,3.763503790418014
05/10/2023 16:35:04.202394,1161,True,True,True,True,Eyes,1.371133,-0.3540859,-2.932475,-0.0938973,0.09945073,0.9906023,0.0,0.0,0.0,0.0,0.0,0.0,0.0,-1.187411,-0.04062507,3.04077,1.371538,-0.3550639,-2.941205,-0.0656138,-0.0307435,-0.0008395905,0.997371,352.4764,356.4599,0.1363709,0.4208744,-0.1087169,-0.9005802,0,0,0,1.076629,-0.2263038,-1.041166,-0.177317,-0.1226166,1.915,0.9981083,0.00235963,0.06143553,0.005709162,0.9913883,-0.130831,-0.06121518,0.1309342,0.9894993,moving,-1.870642359869975,-1.8085589149023769,-5.29014602918101,-3.663622106138023,-0.29490899999999987,0.1287601,1.900039,-0.03262682577932077,-0.031543264854151654,0.9989697593481094,-2.215955057036939,-1.4948266514782254,3.8797950672952517,3.8902782404230436,3.7622232599043226
05/10/2023 16:35:04.222377,1162,True,True,True,True,Eyes,1.371232,-0.3540935,-2.932477,-0.09594138,0.09810959,0.9905401,0.0,0.0,0.0,0.0,0.0,0.0,0.0,-1.186487,-0.04145354,3.041143,1.371522,-0.3550758,-2.941236,-0.06564964,-0.03090471,-0.001072293,0.9973636,352.4715,356.4431,0.1108971,0.4208915,-0.1087185,-0.9005721,0,0,0,1.07204,-0.2287899,-1.041194,-0.1812683,-0.1253491,1.915,0.9980875,0.001918834,0.06178726,0.006196697,0.9913779,-0.1308868,-0.06150567,0.1310194,0.9894701,moving,-1.9705383891559265,-1.8910445476175823,-5.40733949475082,-3.745035778290851,-0.2994819999999998,0.1262859,1.900042,-0.03436689727184487,-0.03297946760262513,0.9988649562592714,-2.3166132985605605,-1.5736698717080466,3.89387335888448,3.9049821155584907,3.7772236259039356
05/10/2023 16:35:04.242740,1163,True,True,True,True,Eyes,1.371318,-0.3541015,-2.932479,-0.09806376,0.09674164,0.9904669,0.0,0.0,0.0,0.0,0.0,0.0,0.0,-1.185566,-0.0419237,3.041568,1.371503,-0.3551545,-2.941309,-0.06564284,-0.03106371,-0.001289108,0.9973588,352.4715,356.4264,0.08708476,0.4209093,-0.1087199,-0.9005635,0,0,0,1.067582,-0.2314219,-1.04126,-0.1850921,-0.1279933,1.915,0.9980667,0.001506814,0.06213257,0.006649626,0.9913787,-0.1308588,-0.06179408,0.131019,0.9894521,moving,-2.0751073400705966,-1.9701212388662945,-5.520708196959348,-3.8238041773123186,-0.3039209999999999,0.12373259999999997,1.9000489999999999,-0.03618816469090328,-0.03435581104634647,0.9987543346161202,-2.4215945509367476,-1.6491880838552642,3.900851078776945,3.9125829960881835,3.7859556976919206
05/10/2023 16:35:04.259146,1164,True,True,True,True,Eyes,1.371399,-0.3541111,-2.932482,-0.1001144,0.09543274,0.9903887,0.0,0.0,0.0,0.0,0.0,0.0,0.0,-1.184495,-0.0423356,3.041988,1.371485,-0.3551424,-2.941329,-0.06568164,-0.03123925,-0.001342303,0.9973508,352.4669,356.4065,0.08242645,0.4209274,-0.1087213,-0.9005549,0,0,0,1.0629,-0.2339773,-1.041286,-0.1890763,-0.1307485,1.915,0.9980446,0.001426196,0.06248929,0.006781181,0.9913683,-0.1309314,-0.06213663,0.1310991,0.9894201,moving,-2.1730666537486156,-2.0498230858287108,-5.6387863428284035,-3.905863767838872,-0.3085850000000001,0.12116510000000003,1.9000430000000001,-0.03789384838438578,-0.03574284193870261,0.9986423701925148,-2.520238451491526,-1.7253595893210352,3.919015817135199,3.9314246751720994,3.805251558451219
05/10/2023 16:35:04.272445,1165,True,True,True,True,Eyes,1.371471,-0.3541234,-2.932485,-0.1022093,0.09408604,0.9903035,0.0,0.0,0.0,0.0,0.0,0.0,0.0,-1.18345,-0.04272187,3.042397,1.371475,-0.3551899,-2.941336,-0.06574377,-0.03141,-0.001354478,0.9973413,352.4597,356.3868,0.08254763,0.4209458,-0.1087227,-0.9005461,0,0,0,1.058365,-0.2364402,-1.041306,-0.1929405,-0.1334206,1.915,0.9980232,0.00142827,0.06283107,0.006831777,0.9913518,-0.1310529,-0.06247487,0.131223,0.9893823,moving,-2.274009238748773,-2.134030894482088,-5.7532622214120135,-3.9854330232330186,-0.31311,0.11874970000000001,1.90003,-0.03965105278514228,-0.03720796962572506,0.9985205591528815,-2.621996755195828,-1.805856800320759,3.9281105741546027,3.9411789048093886,3.815150839927897
05/10/2023 16:35:04.292234,1166,True,True,True,True,Eyes,1.371542,-0.3541377,-2.932487,-0.1042176,0.09276656,0.9902188,0.0,0.0,0.0,0.0,0.0,0.0,0.0,-1.183128,-0.04245976,3.042532,1.371505,-0.3552327,-2.941323,-0.06569532,-0.03146943,-0.001379573,0.9973425,352.4652,356.3802,0.07992881,0.4209641,-0.1087243,-0.9005374,0,0,0,1.054296,-0.2393101,-1.041213,-0.1968022,-0.136091,1.915,0.9980155,0.001382975,0.06295285,0.006886601,0.9913644,-0.1309546,-0.06259033,0.1311283,0.9893876,moving,-2.382821553753278,-2.2040912547557547,-5.867618013448634,-4.064936276545106,-0.3172090000000001,0.11592260000000001,1.9001100000000002,-0.041545392839871645,-0.038425961385783754,0.9983975363064517,-2.730589507772918,-1.8726420908519272,3.936738108659384,3.9505126959197967,3.827153203367503
05/10/2023 16:35:04.302213,1167,True,True,True,True,Eyes,1.371614,-0.3541504,-2.932488,-0.1062948,0.09140525,0.9901245,0.0,0.0,0.0,0.0,0.0,0.0,0.0,-1.183339,-0.04016516,3.042489,1.371563,-0.355295,-2.941296,-0.0653833,-0.03143828,-0.001243941,0.9973641,352.5015,356.3829,0.0941835,0.4209823,-0.108726,-0.9005287,0,0,0,1.050435,-0.2434032,-1.04098,-0.2008301,-0.1388764,1.915,0.9980202,0.001629754,0.06287349,0.0065924,0.991447,-0.1303437,-0.06254816,0.1305001,0.9894733,moving,-2.5055576178141172,-2.2449162110842584,-5.9868454777062565,-4.147846605950256,-0.3211280000000001,0.11189180000000004,1.900316,-0.04368280669956377,-0.03913376493726915,0.9982787138748053,-2.8510512370997407,-1.9111096847417688,3.952820006931687,3.9674310644467727,3.8517784949446687
05/10/2023 16:35:04.322627,1168,True,True,True,True,Eyes,1.371682,-0.354161,-2.932491,-0.1082823,0.09010333,0.9900285,0.0,0.0,0.0,0.0,0.0,0.0,0.0,-1.183379,-0.04025543,3.042485,1.371603,-0.3552516,-2.941296,-0.06543369,-0.03143283,-0.001143839,0.9973612,352.4961,356.3828,0.1058663,0.4210005,-0.1087279,-0.90052,0,0,0,1.046817,-0.2457437,-1.040884,-0.2045029,-0.1414162,1.915,0.9980213,0.001831889,0.06284945,0.006395172,0.9914343,-0.1304501,-0.06255006,0.1305939,0.9894608,moving,-2.6203486977966532,-2.32413061852772,-6.09551652551548,-4.223431240212707,-0.3247859999999998,0.10950789999999999,1.900412,-0.04568024493640062,-0.04051027804343492,0.9981344248036047,-2.9658921163462626,-1.9866834441493353,3.9450301009286353,3.9603199722175186,3.846763528690336
05/10/2023 16:35:04.342444,1169,True,True,True,True,Eyes,1.371724,-0.3541743,-2.932496,-0.110345,0.08877341,0.9899208,0.0,0.0,0.0,0.0,0.0,0.0,0.0,-1.18395,-0.04136062,3.04227,1.371579,-0.3552125,-2.941335,-0.06545777,-0.03135346,-0.001507821,0.9973616,352.492,356.3947,0.06339526,0.4210185,-0.1087297,-0.9005114,0,0,0,1.043216,-0.2480658,-1.040784,-0.2083594,-0.1440829,1.915,0.9980294,0.00109697,0.06273887,0.00711234,0.991426,-0.1304756,-0.06234407,0.1306647,0.9894645,moving,-2.749296217526559,-2.4060554306102873,-6.209575527353284,-4.302776577464819,-0.3283630000000002,0.10714669999999998,1.900551,-0.04792366801022603,-0.04193301005503784,0.9979703764806037,-3.09452109148367,-2.06476563986059,3.9300037297669674,3.946021288708423,3.8356560188926117
05/10/2023 16:35:04.362258,1170,True,True,True,True,Eyes,1.371765,-0.3541849,-2.932498,-0.1123294,0.08750263,0.9898108,0.0,0.0,0.0,0.0,0.0,0.0,0.0,-1.184501,-0.04123113,3.042072,1.371544,-0.3552375,-2.941363,-0.06541134,-0.03126077,-0.001580716,0.9973674,352.4971,356.4059,0.05412137,0.4210357,-0.1087318,-0.9005031,0,0,0,1.039459,-0.2510144,-1.040632,-0.2124199,-0.1468907,1.915,0.9980405,0.0009365085,0.06256373,0.007242725,0.9914377,-0.1303794,-0.06215015,0.1305771,0.9894882,moving,-2.8744578624331396,-2.4739606554033173,-6.329614596096641,-4.386302350364939,-0.3320850000000002,0.10422309999999996,1.900731,-0.05010108898801238,-0.0431111345412581,0.9978132766799096,-3.2187573619654763,-2.129347498436051,3.9322085105386444,3.9490706264219844,3.8433420267771576
05/10/2023 16:35:04.372610,1171,True,True,True,True,Eyes,1.371812,-0.3541949,-2.932502,-0.1144048,0.08618208,0.989689,0.0,0.0,0.0,0.0,0.0,0.0,0.0,-1.184076,-0.04149404,3.042174,1.371531,-0.3551833,-2.941315,-0.065515,-0.03132016,-0.001417016,0.997359,352.4857,356.3978,0.07381968,0.4210521,-0.1087338,-0.9004951,0,0,0,1.035466,-0.2532299,-1.040534,-0.2161701,-0.1494842,1.915,0.9980341,0.001277333,0.06266055,0.006930428,0.9914116,-0.1305952,-0.06228921,0.1307727,0.9894537,moving,-2.9868751037794317,-2.559687332449339,-6.440430865693351,-4.463436593232314,-0.33606500000000006,0.10195339999999997,1.9007809999999998,-0.052055349877014566,-0.04459956516286924,0.9976478563268862,-3.3316557821936206,-2.211223598982189,3.9259237442599613,3.9435147582557053,3.8388729975421
05/10/2023 16:35:04.392269,1172,True,True,True,True,Eyes,1.371857,-0.3542086,-2.932504,-0.1163991,0.08491483,0.989566,0.0,0.0,0.0,0.0,0.0,0.0,0.0,-1.183318,-0.04182857,3.042489,1.37154,-0.3551781,-2.941336,-0.06562445,-0.03143882,-0.001279341,0.9973481,352.4737,356.383,0.09099129,0.4210681,-0.1087359,-0.9004874,0,0,0,1.031195,-0.2555134,-1.040547,-0.2199949,-0.152129,1.915,0.9980199,0.001574415,0.06287881,0.006678207,0.9913836,-0.1308204,-0.06254298,0.1309813,0.98941,moving,-3.08798020433138,-2.6432139576709623,-6.553401697283544,-4.5420798741632264,-0.3403449999999999,0.0996647,1.900789,-0.05381219067647635,-0.046049608706166686,0.9974887612716976,-3.433534582713232,-2.2910622342163274,3.933192176237824,3.9515614499373295,3.847161450723038
05/10/2023 16:35:04.402966,1173,True,True,True,True,Eyes,1.371902,-0.3542227,-2.932506,-0.1185069,0.0835801,0.9894294,0.0,0.0,0.0,0.0,0.0,0.0,0.0,-1.183144,-0.04172978,3.042557,1.371563,-0.3552805,-2.941312,-0.06564432,-0.03146891,-0.001232814,0.9973461,352.4716,356.3792,0.09665614,0.4210835,-0.1087382,-0.9004799,0,0,0,1.027196,-0.2582468,-1.040439,-0.2238947,-0.1548258,1.915,0.9980164,0.001672426,0.06293263,0.006590595,0.9913786,-0.1308626,-0.06260893,0.1310178,0.9894011,moving,-3.2060834643163636,-2.721136607074963,-6.668535084088142,-4.622251720506931,-0.3443670000000001,0.0970337,1.900873,-0.0558646518610699,-0.047400803489247995,0.9973125691321629,-3.5514992837096964,-2.3653643766107932,3.9308427602416502,3.950039226865938,3.848305167717272
05/10/2023 16:35:04.422596,1174,True,True,True,True,Eyes,1.371946,-0.3542353,-2.932507,-0.1205319,0.08229399,0.9892925,0.0,0.0,0.0,0.0,0.0,0.0,0.0,-1.182968,-0.04152805,3.042631,1.371574,-0.3552904,-2.941308,-0.06561296,-0.03149963,-0.001229818,0.9973472,352.4752,356.3756,0.0971195,0.4210986,-0.1087405,-0.9004726,0,0,0,1.023291,-0.2609836,-1.040346,-0.2276838,-0.157446,1.915,0.9980125,0.001680457,0.06299352,0.00658668,0.9913869,-0.1308003,-0.06267075,0.1309553,0.9894054,moving,-3.3194830272296225,-2.7908337023432956,-6.7803485020685965,-4.700128995719016,-0.3482830000000001,0.09430680000000002,1.9009619999999998,-0.05783505237594886,-0.04860847581815731,0.9971420225119825,-3.664494057571197,-2.4317644030899173,3.9325518337189824,3.9525938764612634,3.854092220534892
05/10/2023 16:35:04.442432,1175,True,True,True,True,Eyes,1.371971,-0.3542478,-2.932509,-0.1226443,0.08094301,0.9891444,0.0,0.0,0.0,0.0,0.0,0.0,0.0,-1.182851,-0.04131305,3.042665,1.3716,-0.3552648,-2.941285,-0.06555402,-0.0315257,-0.001274181,0.9973501,352.4818,356.373,0.09198648,0.4211131,-0.108743,-0.9004654,0,0,0,1.01931,-0.2638353,-1.040224,-0.2315786,-0.1601393,1.915,0.998009,0.001591664,0.06305138,0.006674881,0.9914021,-0.1306803,-0.06271727,0.130841,0.9894176,moving,-3.4386010751794784,-2.861559825820702,-6.895226984435298,-4.780160800963683,-0.35229,0.0914295,1.9010610000000001,-0.059904370650677746,-0.049833225837916995,0.9969594551541419,-3.7830550312381037,-2.4991141767383787,3.932456120306823,3.953389985614652,3.8585992235728366
05/10/2023 16:35:04.452175,1176,True,True,True,True,Eyes,1.371995,-0.3542622,-2.932512,-0.124666,0.07964557,0.988997,0.0,0.0,0.0,0.0,0.0,0.0,0.0,-1.18319,-0.04163399,3.042542,1.371623,-0.3552264,-2.941292,-0.06551843,-0.03148416,-0.001471193,0.9973535,352.4852,356.3793,0.06882974,0.4211268,-0.1087455,-0.9004587,0,0,0,1.015624,-0.266456,-1.040099,-0.2354214,-0.1627966,1.915,0.9980132,0.001190987,0.06299446,0.007060185,0.9914103,-0.1305974,-0.0626089,0.1307827,0.9894322,moving,-3.560542324675814,-2.9335481430729318,-7.008517142156944,-4.859104543174241,-0.35599899999999995,0.08877039999999997,1.9011929999999997,-0.06202213110198904,-0.05107918086315095,0.9967669070156486,-3.904404034947489,-2.567660611980789,3.9273932239230622,3.9492148323375806,3.858268195985453
05/10/2023 16:35:04.472140,1177,True,True,True,True,Eyes,1.372029,-0.3542739,-2.932513,-0.1267443,0.07830191,0.9888401,0.0,0.0,0.0,0.0,0.0,0.0,0.0,-1.183679,-0.04182887,3.042382,1.371619,-0.3552873,-2.94132,-0.06549692,-0.03141072,-0.001625053,0.997357,352.4871,356.3889,0.05045785,0.4211397,-0.1087482,-0.9004524,0,0,0,1.011965,-0.269191,-1.039971,-0.2393326,-0.1655012,1.915,0.9980214,0.0008730946,0.06286827,0.007356125,0.991415,-0.1305455,-0.06244253,0.1307497,0.989447,moving,-3.689353099430921,-3.0094007028222487,-7.123767276791355,-4.9394344982363885,-0.3596539999999999,0.08609629999999996,1.9013490000000002,-0.0642585007151661,-0.05239130318125624,0.9965570964560718,-4.032579056103026,-2.6398840831120367,3.916843222155545,3.9395724632369764,3.8527103093044586
05/10/2023 16:35:04.492357,1178,True,True,True,True,Eyes,1.372061,-0.3542842,-2.932516,-0.128742,0.07701377,0.9886831,0.0,0.0,0.0,0.0,0.0,0.0,0.0,-1.184057,-0.04195628,3.042176,1.371576,-0.3552385,-2.941287,-0.06546895,-0.03134724,-0.001727703,0.9973607,352.4899,356.3971,0.03804157,0.4211521,-0.1087509,-0.9004462,0,0,0,1.008388,-0.2717628,-1.039788,-0.2430879,-0.168098,1.915,0.9980287,0.0006582548,0.06275523,0.007550829,0.9914217,-0.130484,-0.06230279,0.1307006,0.9894624,moving,-3.812303823670479,-3.080838890525954,-7.234369064927576,-5.016544350266778,-0.36318799999999984,0.08347569999999999,1.901499,-0.06639249404307726,-0.05362628853929371,0.9963514206701687,-4.154871828067509,-2.707892001515899,3.907975743529835,3.931600964275295,3.8487892770612606
05/10/2023 16:35:04.502327,1179,True,True,True,True,Eyes,1.372094,-0.3542972,-2.932518,-0.130838,0.07565535,0.9885129,0.0,0.0,0.0,0.0,0.0,0.0,0.0,-1.183804,-0.04227418,3.04229,1.371539,-0.3552152,-2.941328,-0.06548902,-0.03138571,-0.00179151,0.9973581,352.4874,356.3931,0.03105062,0.4211641,-0.1087536,-0.9004403,0,0,0,1.004267,-0.2743147,-1.039755,-0.2470077,-0.1708086,1.915,0.9980235,0.0005372836,0.06284022,0.007684393,0.991416,-0.1305196,-0.06237092,0.1307445,0.9894522,moving,-3.929225032923273,-3.16140612542893,-7.3497579366802706,-5.097013966619719,-0.36727200000000004,0.08090049999999999,1.901573,-0.06842038023159056,-0.05501971719526998,0.996138318700144,-4.271837546993868,-2.7847551289561943,3.905659946899768,3.9302192127874425,3.849692826395422
05/10/2023 16:35:04.527713,1180,True,True,True,True,Eyes,1.372125,-0.3543091,-2.932521,-0.1328466,0.07435038,0.988344,0.0,0.0,0.0,0.0,0.0,0.0,0.0,-1.183691,-0.04232398,3.042325,1.371519,-0.3552853,-2.94132,-0.06553484,-0.03139761,-0.001729918,0.9973548,352.4824,356.3912,0.03840842,0.4211756,-0.1087564,-0.9004346,0,0,0,1.000226,-0.2769697,-1.039652,-0.2509747,-0.1735519,1.915,0.9980224,0.0006645914,0.06285585,0.007565958,0.9914044,-0.1306143,-0.06240238,0.1308316,0.9894388,moving,-4.044054324898978,-3.24042770420504,-7.466475248232192,-5.17843382487391,-0.3712929999999999,0.07831560000000004,1.9016680000000001,-0.0704112766893902,-0.05638569420831814,0.9959231727785638,-4.3867050255348765,-2.8601425184167564,3.9075046231751958,3.9330436941660043,3.8547969085553504
05/10/2023 16:35:04.543505,1181,True,True,True,True,Eyes,1.372168,-0.3543209,-2.932522,-0.1349322,0.07298359,0.9881633,0.0,0.0,0.0,0.0,0.0,0.0,0.0,-1.183863,-0.04214573,3.042264,1.371504,-0.355272,-2.941332,-0.06554472,-0.03136192,-0.001633288,0.9973553,352.4816,356.3946,0.04931328,0.4211868,-0.1087592,-0.900429,0,0,0,0.9965359,-0.2795922,-1.039529,-0.2547842,-0.1761861,1.915,0.9980275,0.000853279,0.06277207,0.007369155,0.9914024,-0.1306403,-0.06234386,0.1308452,0.9894407,moving,-4.168849770565285,-3.318411301953292,-7.578499968870154,-5.2565959183530095,-0.3749681,0.07567979999999996,1.9018030000000001,-0.07257472354979583,-0.05773218570896652,0.9956906722009372,-4.51112304084925,-2.9344528373203675,3.895553395953837,3.922024232720771,3.8472262355290114
05/10/2023 16:35:04.552594,1182,True,True,True,True,Eyes,1.372209,-0.3543319,-2.932525,-0.1369291,0.07166539,0.987985,0.0,0.0,0.0,0.0,0.0,0.0,0.0,-1.184252,-0.0419763,3.04208,1.371489,-0.355288,-2.941301,-0.06557076,-0.03128961,-0.001517835,0.9973562,352.479,356.4021,0.06216917,0.4211978,-0.108762,-0.9004235,0,0,0,0.9929218,-0.2822387,-1.039336,-0.2586584,-0.1788652,1.915,0.9980373,0.001075722,0.06261281,0.00713101,0.9913964,-0.1306998,-0.06221471,0.1308898,0.9894429,moving,-4.292798911968212,-3.3951938729936004,-7.692367551919366,-5.3360701652857205,-0.3785672,0.07304929999999998,1.9019650000000001,-0.07472274381320441,-0.05905706842843301,0.9954539873853175,-4.634661649833437,-3.0076105622550076,3.8871448605642764,3.9145967505888706,3.8433435322121636
05/10/2023 16:35:04.572212,1183,True,True,True,True,Eyes,1.372274,-0.3543419,-2.932528,-0.1390154,0.07025906,0.9877947,0.0,0.0,0.0,0.0,0.0,0.0,0.0,-1.184531,-0.04134524,3.042019,1.37147,-0.3552816,-2.94135,-0.06552032,-0.03123363,-0.001388096,0.9973614,352.4852,356.4076,0.07651726,0.4212088,-0.1087648,-0.900418,0,0,0,0.9893351,-0.2851054,-1.039224,-0.2624424,-0.181482,1.915,0.998045,0.001324008,0.06248432,0.00686174,0.9914103,-0.1306082,-0.06212052,0.1307816,0.9894631,moving,-4.420124648557749,-3.468032259515063,-7.803525069070745,-5.41367643912778,-0.38213489999999994,0.07017619999999997,1.902126,-0.07692892853529572,-0.060312365835684084,0.9952107037100472,-4.7612454440815215,-3.076936575558554,3.8745062255356486,3.9029385953648257,3.8361202414181563
05/10/2023 16:35:04.592572,1184,True,True,True,True,Eyes,1.372335,-0.3543524,-2.932531,-0.1410169,0.06891638,0.9876056,0.0,0.0,0.0,0.0,0.0,0.0,0.0,-1.184958,-0.0406706,3.04191,1.37149,-0.3552929,-2.941391,-0.06547664,-0.03115813,-0.001233891,0.9973668,352.4908,356.4151,0.09356294,0.4212202,-0.1087675,-0.9004124,0,0,0,0.9857455,-0.2880629,-1.039085,-0.2663454,-0.184181,1.915,0.9980553,0.001618976,0.06231375,0.006541542,0.9914227,-0.1305315,-0.06199058,0.1306853,0.989484,moving,-4.544866780779077,-3.537637063408471,-7.918116388655022,-5.49369964345287,-0.38574450000000005,0.06723000000000001,1.9023059999999998,-0.07908968541004129,-0.061510905353128836,0.9949679818233618,-4.885167547826058,-3.14316171239383,3.8698532666593275,3.8993581182144803,3.837161351368101
05/10/2023 16:35:04.602319,1185,True,True,True,True,Eyes,1.372399,-0.3543639,-2.932537,-0.1431118,0.06750191,0.9874018,0.0,0.0,0.0,0.0,0.0,0.0,0.0,-1.184963,-0.04116577,3.041887,1.371478,-0.3553187,-2.941378,-0.06558471,-0.03115259,-0.00118409,0.9973598,352.4786,356.4153,0.09965487,0.421232,-0.1087702,-0.9004065,0,0,0,0.9818414,-0.2903934,-1.03897,-0.2702549,-0.1868844,1.915,0.9980562,0.001724339,0.06229601,0.006448196,0.9913945,-0.1307493,-0.06198537,0.1308969,0.9894563,moving,-4.667214956323321,-3.629998427420223,-8.032834671737433,-5.5738317584635855,-0.3896366,0.06492529999999996,1.9024079999999999,-0.08120603455983451,-0.06310394132205063,0.9946975833572826,-5.00798962367771,-3.2313651787493587,3.8561777464204186,3.8866288847353694,3.8258119715753804
05/10/2023 16:35:04.622244,1186,True,True,True,True,Eyes,1.37246,-0.3543746,-2.932544,-0.145128,0.06614938,0.9871991,0.0,0.0,0.0,0.0,0.0,0.0,0.0,-1.184596,-0.04127115,3.042088,1.371442,-0.3553467,-2.941453,-0.06558198,-0.03120898,-0.00123534,0.9973582,352.4787,356.4092,0.09416458,0.4212442,-0.1087728,-0.9004005,0,0,0,0.9777842,-0.2930049,-1.038984,-0.2740451,-0.1895055,1.915,0.998049,0.001629341,0.0624151,0.006557648,0.9913949,-0.1307404,-0.06209104,0.1308946,0.98945,moving,-4.77793309978551,-3.70745013149258,-8.14399042975059,-5.6515035233809385,-0.39365780000000006,0.0623418,1.9024690000000002,-0.08312093471246856,-0.0644382988674147,0.9944538982531033,-5.118811395951775,-3.305268738452137,3.8556449752794744,3.8871178962213473,3.828384235228463
05/10/2023 16:35:04.642916,1187,True,True,True,True,Eyes,1.37254,-0.3543853,-2.932549,-0.1473546,0.06473943,0.9869627,0.0,0.0,0.0,0.0,0.0,0.0,0.0,-1.184176,-0.04190075,3.04227,1.371432,-0.355339,-2.941487,-0.06564067,-0.03128105,-0.001334332,0.9973522,352.4716,356.4016,0.08351344,0.4212566,-0.1087754,-0.9003944,0,0,0,0.9735768,-0.2953883,-1.038979,-0.2779457,-0.1922026,1.915,0.9980394,0.00144502,0.06257161,0.006768215,0.991379,-0.1308502,-0.06222127,0.1310172,0.9894256,moving,-4.899159494974441,-3.795819258161825,-8.258319490219439,-5.731405665290722,-0.39785519999999996,0.05995070000000002,1.9025079999999999,-0.08521631978848387,-0.06596028282405983,0.9941767262718693,-5.240340471017402,-3.38962816061081,3.8444461587314436,3.876912510376849,3.8199632513636255
05/10/2023 16:35:04.661427,1188,True,True,True,True,Eyes,1.372618,-0.3543951,-2.932556,-0.1494928,0.0633845,0.9867291,0.0,0.0,0.0,0.0,0.0,0.0,0.0,-1.184093,-0.04200658,3.042306,1.371463,-0.355368,-2.941474,-0.06567403,-0.03129837,-0.00130784,0.9973494,352.4679,356.3994,0.08682075,0.4212697,-0.108778,-0.900388,0,0,0,0.9697092,-0.2979363,-1.038876,-0.281771,-0.194848,1.915,0.9980374,0.001502233,0.06260259,0.006719727,0.9913704,-0.130918,-0.06225903,0.1310818,0.9894146,moving,-5.021590196720835,-3.876492657943614,-8.370377184405912,-5.809754463701034,-0.40175380000000005,0.05743170000000003,1.902598,-0.08733238973557259,-0.06734764787319403,0.9939000739047779,-5.3626219965754345,-3.466552048086656,3.833274509833253,3.8667655085988,3.812766558610979
05/10/2023 16:35:04.672603,1189,True,True,True,True,Eyes,1.372755,-0.3544008,-2.932561,-0.1518058,0.06196548,0.9864661,0.0,0.0,0.0,0.0,0.0,0.0,0.0,-1.184008,-0.04200011,3.042367,1.371478,-0.3553577,-2.941497,-0.06565879,-0.03131609,-0.001334942,0.9973499,352.4695,356.3976,0.08377536,0.4212833,-0.1087804,-0.9003813,0,0,0,0.9657401,-0.3006479,-1.038804,-0.2856739,-0.1975469,1.915,0.998035,0.001449545,0.06264149,0.00677516,0.9913743,-0.1308859,-0.06229089,0.1310531,0.9894165,moving,-5.154190469106173,-3.9559597031420592,-8.484641643076849,-5.889665307648217,-0.4057379,0.054709799999999975,1.902693,-0.08962399364719069,-0.06871204339627561,0.9936026786042382,-5.494641183931409,-3.542234844298752,3.816560092356588,3.8511196277318076,3.801385606058799
05/10/2023 16:35:04.692347,1190,True,True,True,True,Eyes,1.372888,-0.354404,-2.932566,-0.1540205,0.0605983,0.9862077,0.0,0.0,0.0,0.0,0.0,0.0,0.0,-1.18401,-0.04201835,3.042403,1.371495,-0.3553542,-2.941528,-0.06562628,-0.03132248,-0.001415375,0.9973517,352.473,356.3975,0.07443268,0.421299,-0.1087826,-0.9003737,0,0,0,0.9618916,-0.3033366,-1.038734,-0.2894927,-0.2001875,1.915,0.9980338,0.001287901,0.06266481,0.006934409,0.9913824,-0.1308163,-0.06229327,0.1309936,0.9894242,moving,-5.282413923340465,-4.031278777128382,-8.596378161049223,-5.9678277199456495,-0.40960339999999995,0.0520176,1.9027939999999999,-0.09183910314919283,-0.070003952403385,0.993310184032705,-5.622221828762776,-3.613947942709508,3.802663317325807,3.8383044142875473,3.792934997407791
05/10/2023 16:35:04.707245,1191,True,True,True,True,Eyes,1.373033,-0.3544066,-2.932569,-0.1563545,0.05916282,0.9859275,0.0,0.0,0.0,0.0,0.0,0.0,0.0,-1.184433,-0.04178542,3.042248,1.371518,-0.355296,-2.941531,-0.06556299,-0.03125907,-0.001454554,0.9973577,352.4801,356.4051,0.06920437,0.4213164,-0.1087844,-0.9003653,0,0,0,0.9580284,-0.3063143,-1.038566,-0.2936028,-0.2030298,1.915,0.9980415,0.001197456,0.06254367,0.007000295,0.9913988,-0.1306885,-0.06216221,0.1308704,0.9894488,moving,-5.425678767468596,-4.106420544356579,-8.716564406390459,-6.051935588737122,-0.4134896,0.04898170000000002,1.9029649999999998,-0.09431391240671871,-0.07129001940247448,0.9929867185702861,-5.764290300499984,-3.6853761225785377,3.786087489281561,3.8229513567887814,3.783718554963649
05/10/2023 16:35:04.722252,1192,True,True,True,True,Eyes,1.373171,-0.3544108,-2.93257,-0.1585963,0.05778525,0.9856511,0.0,0.0,0.0,0.0,0.0,0.0,0.0,-1.184565,-0.0421761,3.042174,1.371541,-0.3552937,-2.941503,-0.06561283,-0.03124307,-0.001491498,0.9973549,352.4742,356.4072,0.06500552,0.4213357,-0.108786,-0.9003561,0,0,0,0.9543869,-0.3086405,-1.038428,-0.2973114,-0.2055943,1.915,0.9980433,0.001124787,0.06251657,0.007074997,0.9913855,-0.1307853,-0.06212513,0.1309717,0.9894377,moving,-5.5582719904174605,-4.191206079685155,-8.824943839268222,-6.127800493683062,-0.41715409999999986,0.046653200000000006,1.903075,-0.09660145273957084,-0.07274331737095091,0.9926613629677221,-5.896584859563905,-3.7661913464750474,3.759746194141553,3.7975706566701235,3.761978745047807
05/10/2023 16:35:04.742537,1193,True,True,True,True,Eyes,1.373307,-0.3544175,-2.932572,-0.1609416,0.05633505,0.9853548,0.0,0.0,0.0,0.0,0.0,0.0,0.0,-1.184418,-0.04226539,3.042216,1.371539,-0.3553387,-2.941483,-0.06561931,-0.031269,-0.00152803,0.9973536,352.4734,356.4045,0.06101453,0.4213565,-0.1087873,-0.9003462,0,0,0,0.9506052,-0.3111515,-1.03833,-0.3009758,-0.2081283,1.915,0.9980398,0.00105573,0.06257304,0.007151672,0.9913836,-0.1307957,-0.06217196,0.1309869,0.9894327,moving,-5.692143274620595,-4.27520079286101,-8.931969096015433,-6.202741946657751,-0.4209338,0.04418719999999998,1.9031529999999999,-0.09891002250295243,-0.07418155666642108,0.9923274774242193,-6.030069287013958,-3.8462337513870772,3.731095769531639,3.769865548339464,3.738201890730441
05/10/2023 16:35:04.757601,1194,True,True,True,True,Eyes,1.373438,-0.3544245,-2.932573,-0.1631922,0.05493505,0.9850637,0.0,0.0,0.0,0.0,0.0,0.0,0.0,-1.184447,-0.04187822,3.042201,1.371511,-0.3553898,-2.941481,-0.0655629,-0.03126001,-0.001530016,0.9973574,352.4799,356.4056,0.06051189,0.4213787,-0.1087885,-0.9003357,0,0,0,0.9467204,-0.314081,-1.038208,-0.3048552,-0.2108108,1.915,0.9980409,0.001047047,0.06255542,0.00715094,0.9913984,-0.1306836,-0.06215417,0.130875,0.9894487,moving,-5.824577084840537,-4.34865029327806,-9.045205352356732,-6.282051978772713,-0.4247905999999999,0.04130879999999998,1.903273,-0.10119388279418848,-0.07543618634611834,0.9920026344680857,-6.1616087807273825,-3.916110840995929,3.7164483372110686,3.75639301924039,3.7299874872896073
05/10/2023 16:35:04.772126,1195,True,True,True,True,Eyes,1.37358,-0.3544331,-2.932575,-0.1655029,0.05346077,0.9847592,0.0,0.0,0.0,0.0,0.0,0.0,0.0,-1.18446,-0.04131117,3.042191,1.371522,-0.3554053,-2.941461,-0.06546922,-0.03126027,-0.001535819,0.9973637,352.4906,356.4056,0.05950381,0.4214019,-0.1087896,-0.9003247,0,0,0,0.9428102,-0.3171346,-1.038072,-0.3087624,-0.2135127,1.915,0.9980409,0.00102963,0.06255681,0.007156711,0.9914229,-0.1304972,-0.06215462,0.1306893,0.9894732,moving,-5.959531598412377,-4.422169603850235,-9.159181088793623,-6.361911159065444,-0.42871179999999987,0.03827069999999999,1.9033889999999998,-0.10352022328508173,-0.07669055520961629,0.9916663087625243,-6.295581489360017,-3.9860362239426563,3.7005589640761394,3.7417047134061354,3.7208848911543906
05/10/2023 16:35:04.792511,1196,True,True,True,True,Eyes,1.373719,-0.3544427,-2.932576,-0.1677105,0.05203604,0.984462,0.0,0.0,0.0,0.0,0.0,0.0,0.0,-1.184918,-0.04041547,3.04208,1.371603,-0.3554551,-2.941474,-0.06534366,-0.03119692,-0.001503481,0.9973739,352.5051,356.4128,0.06229577,0.4214263,-0.1087906,-0.9003131,0,0,0,0.9391252,-0.320435,-1.037909,-0.3127633,-0.2162793,1.915,0.998049,0.001077977,0.06242647,0.007076106,0.9914559,-0.1302503,-0.0620335,0.1304379,0.9895139,moving,-6.095891036247982,-4.488650700751499,-9.275814398208311,-6.443656942537957,-0.4324777999999999,0.0350201,1.903565,-0.10587070943092991,-0.07782178395431097,0.9913299922527775,-6.430534891968657,-4.049159058287097,3.690332854524021,3.7328222557958863,3.7187680199643016
05/10/2023 16:35:04.802768,1197,True,True,True,True,Eyes,1.373816,-0.3544517,-2.932577,-0.1699778,0.05054858,0.9841506,0.0,0.0,0.0,0.0,0.0,0.0,0.0,-1.185674,-0.03960726,3.041838,1.37164,-0.3554864,-2.941497,-0.06523933,-0.03107598,-0.00145133,0.9973846,352.5172,356.4264,0.06701566,0.4214518,-0.1087916,-0.9003011,0,0,0,0.9357471,-0.3235611,-1.03771,-0.3166374,-0.2189582,1.915,0.9980643,0.001159682,0.06217878,0.006949821,0.9914835,-0.1300472,-0.06180004,0.1302276,0.9895563,moving,-6.242523213269322,-4.560849748115607,-9.38867741626268,-6.522786327303522,-0.4358928999999999,0.03192529999999999,1.9037870000000001,-0.10839688579727066,-0.0790492635230081,0.9909598094772258,-6.575692753266864,-4.117722015909867,3.6640652254216333,3.7077596213573982,3.7009751493611955
05/10/2023 16:35:04.827289,1198,True,True,True,True,Eyes,1.373908,-0.3544601,-2.93258,-0.1721452,0.0491274,0.9838458,0.0,0.0,0.0,0.0,0.0,0.0,0.0,-1.186897,-0.03951764,3.041283,1.371637,-0.3554021,-2.941426,-0.06523713,-0.0308726,-0.001404961,0.9973912,352.5177,356.4495,0.07081834,0.4214772,-0.1087927,-0.9002891,0,0,0,0.9329298,-0.3259745,-1.037359,-0.3202235,-0.2214382,1.915,0.9980898,0.001225488,0.06176743,0.006830671,0.9914843,-0.1300471,-0.06140081,0.1302206,0.9895821,moving,-6.392977690731457,-4.641047345502943,-9.493084750578836,-6.59601833839044,-0.43870719999999996,0.029427599999999998,1.904067,-0.11098655025357201,-0.08041312059848973,0.9905633473886785,-6.724958988148432,-4.1939746985680335,3.6204118633523255,3.665047798535114,3.665014854573195
05/10/2023 16:35:04.842464,1199,True,True,True,True,Eyes,1.373996,-0.354468,-2.93258,-0.1744206,0.04762168,0.983519,0.0,0.0,0.0,0.0,0.0,0.0,0.0,-1.187505,-0.04010954,3.041077,1.371602,-0.3553946,-2.941485,-0.0653222,-0.03076759,-0.001436922,0.9973889,352.5078,356.4618,0.06664665,0.4215023,-0.1087937,-0.9002773,0,0,0,0.9294916,-0.3282117,-1.037224,-0.3240097,-0.2240565,1.915,0.9981026,0.001153273,0.06156221,0.006885952,0.9914619,-0.1302148,-0.06118676,0.1303917,0.9895728,moving,-6.538517213387631,-4.737355589335628,-9.603248862486016,-6.673310726421479,-0.4421104,0.02718290000000001,1.9042610000000002,-0.11348712543268814,-0.08205471228245442,0.9901452873314359,-6.870342808820007,-4.285811440960861,3.5794583397815707,3.6249830860011474,3.6289018085695397
05/10/2023 16:35:04.852563,1200,True,True,True,True,Eyes,1.374079,-0.3544753,-2.932583,-0.1766197,0.04617284,0.9831956,0.0,0.0,0.0,0.0,0.0,0.0,0.0,-1.187621,-0.03995422,3.040956,1.371568,-0.3553746,-2.941421,-0.06528924,-0.03074454,-0.001450774,0.9973916,352.5115,356.4646,0.06475767,0.4215271,-0.1087948,-0.9002655,0,0,0,0.9252521,-0.3312448,-1.037018,-0.3282881,-0.227015,1.915,0.9981053,0.001120595,0.06151813,0.006908555,0.9914704,-0.1301487,-0.06113925,0.1303271,0.9895842,moving,-6.670170594804847,-4.816635455003007,-9.72764789289604,-6.760616475950308,-0.4463158999999999,0.02412979999999998,1.904403,-0.11574896887758938,-0.08340278117163248,0.9897707763607327,-7.001439430537893,-4.361320772837056,3.576185221499243,3.623151892778764,3.6316432163981767
05/10/2023 16:35:04.872361,1201,True,True,True,True,Eyes,1.374177,-0.3544788,-2.932585,-0.1789521,0.04471517,0.9828411,0.0,0.0,0.0,0.0,0.0,0.0,0.0,-1.186235,-0.03944299,3.04157,1.371568,-0.3553703,-2.941491,-0.06530704,-0.03095799,-0.001190262,0.9973842,352.5104,356.438,0.09646412,0.4215514,-0.1087959,-0.900254,0,0,0,0.9209061,-0.3338414,-1.037164,-0.3318647,-0.2294881,1.915,0.9980804,0.001669252,0.06190949,0.006417845,0.9914672,-0.1301987,-0.06159855,0.1303461,0.9895532,moving,-6.7831528756479225,-4.897462174381473,-9.8315703753342,-6.833573825176591,-0.45066189999999995,0.021528899999999962,1.904327,-0.11768675521986295,-0.08477951309858463,0.989425181697098,-7.114622487307804,-4.438464109746646,3.563286121814704,3.6112847543136413,3.6219271631547216
05/10/2023 16:35:04.892520,1202,True,True,True,True,Eyes,1.374273,-0.3544829,-2.932586,-0.1811959,0.04334846,0.9824912,0.0,0.0,0.0,0.0,0.0,0.0,0.0,-1.185633,-0.04235134,3.041762,1.371609,-0.3553014,-2.941477,-0.06571475,-0.0310704,-0.001334738,0.9973538,352.4631,356.4259,0.08213586,0.4215758,-0.1087968,-0.9002425,0,0,0,0.9165615,-0.3347889,-1.037166,-0.3357817,-0.2321969,1.915,0.9980657,0.001421156,0.06215178,0.006745978,0.9913596,-0.1309988,-0.06180093,0.1311647,0.9894324,moving,-6.902226388590928,-5.024601424454793,-9.94530866668728,-6.913458859752634,-0.45504750000000005,0.02051249999999999,1.9043109999999999,-0.11972023485556317,-0.08695354725375708,0.988992490985012,-7.236133467895024,-4.560253220255989,3.5329945899073194,3.581638195315661,3.588482553881219
05/10/2023 16:35:04.908212,1203,True,True,True,True,Eyes,1.374391,-0.3544874,-2.932582,-0.1835231,0.04196482,0.9821193,0.0,0.0,0.0,0.0,0.0,0.0,0.0,-1.18522,-0.04490927,3.041885,1.371648,-0.3553248,-2.941454,-0.06613394,-0.03114475,-0.001353676,0.9973238,352.4149,356.4172,0.08204021,0.4216001,-0.1087976,-0.900231,0,0,0,0.9125662,-0.3357564,-1.037122,-0.3395184,-0.2347808,1.915,0.9980564,0.001419342,0.06230183,0.006819555,0.991249,-0.1318296,-0.06194373,0.1319982,0.9893126,moving,-7.030987691558892,-5.1518813129004295,-10.053737837525514,-6.989635319106546,-0.4590818,0.019568399999999986,1.9043319999999997,-0.12191900148267393,-0.08912630476239834,0.9885304004736529,-7.366989222261855,-4.682104741226601,3.4884618554343976,3.537563883842646,3.5416543435903147
05/10/2023 16:35:04.924245,1204,True,True,True,True,Eyes,1.374503,-0.354495,-2.932578,-0.1857461,0.04060959,0.9817582,0.0,0.0,0.0,0.0,0.0,0.0,0.0,-1.185756,-0.04661697,3.041582,1.371688,-0.3553674,-2.94136,-0.06627459,-0.0310821,-0.00171589,0.9973158,352.3975,356.4272,0.0403089,0.421625,-0.1087983,-0.9002193,0,0,0,0.9087844,-0.3376901,-1.036882,-0.3434879,-0.2375257,1.915,0.998062,0.0006973383,0.06222478,0.007542476,0.9912094,-0.1320867,-0.0617699,0.1323001,0.9892832,moving,-7.168274939114431,-5.251926437640779,-10.168842586449328,-7.070531050836962,-0.46290359999999997,0.017677300000000007,1.904478,-0.1242681137108941,-0.09082557817666628,0.9880830258617078,-7.504617568224276,-4.777610039754565,3.458623981824648,3.50866483799341,3.5150507408570077
05/10/2023 16:35:04.942260,1205,True,True,True,True,Eyes,1.374646,-0.3545007,-2.932574,-0.188072,0.03910427,0.9813765,0.0,0.0,0.0,0.0,0.0,0.0,0.0,-1.186592,-0.04458731,3.041259,1.371669,-0.3554417,-2.941331,-0.06591526,-0.03094756,-0.001806845,0.9973437,352.4384,356.4435,0.02749706,0.4216503,-0.108799,-0.9002073,0,0,0,0.9053609,-0.3417305,-1.03661,-0.3473716,-0.2402115,1.915,0.9980779,0.0004757408,0.06196889,0.007683923,0.9913038,-0.1313685,-0.0614925,0.1315921,0.9893949,moving,-7.320113066830732,-5.2987673001805184,-10.281379147847572,-7.149657616333289,-0.4663081,0.013711200000000034,1.9047209999999999,-0.1268771065609594,-0.09160284240389749,0.9876796924928288,-7.653447695131402,-4.821662806635672,3.4404832986778016,3.492118521042625,3.51078104617106
05/10/2023 16:35:04.956477,1206,True,True,True,True,Eyes,1.374783,-0.3545054,-2.93257,-0.1903068,0.03763521,0.981003,0.0,0.0,0.0,0.0,0.0,0.0,0.0,-1.186672,-0.04187766,3.041282,1.371616,-0.3554442,-2.941372,-0.06553825,-0.03091781,-0.001635489,0.9973696,352.4823,356.4459,0.04566904,0.4216767,-0.1087997,-0.9001948,0,0,0,0.9014871,-0.346039,-1.03649,-0.3513325,-0.2429505,1.915,0.9980828,0.0007902239,0.06188734,0.007314973,0.9914042,-0.1306306,-0.0614586,0.1308329,0.9894977,moving,-7.455352777808361,-5.3367332455802705,-10.39607016228412,-7.230323284869046,-0.47012889999999996,0.009405200000000002,1.904882,-0.12920053900721573,-0.09222938646455293,0.9873200768543101,-7.785809042362125,-4.857276824453823,3.4441363997974808,3.497642344816236,3.5277205979875514
05/10/2023 16:35:04.972420,1207,True,True,True,True,Eyes,1.374943,-0.3545081,-2.932568,-0.1926088,0.03608996,0.9806117,0.0,0.0,0.0,0.0,0.0,0.0,0.0,-1.18639,-0.04000515,3.041406,1.371604,-0.3554206,-2.941369,-0.06525426,-0.03095914,-0.001560226,0.9973871,352.5151,356.4407,0.05363521,0.421704,-0.1088002,-0.9001819,0,0,0,0.8975235,-0.3497798,-1.03641,-0.3551324,-0.245578,1.915,0.9980782,0.0009281344,0.06196012,0.007152729,0.9914789,-0.1300709,-0.06155287,0.1302641,0.9895668,moving,-7.586352264970397,-5.391438880275023,-10.50602018928462,-7.307678125416433,-0.4740805,0.005640800000000001,1.9049589999999998,-0.13144633487554672,-0.09314429286876029,0.9869376591157598,-7.914971669572401,-4.909076826454301,3.4372806541067042,3.4923392780326252,3.530838515549204
05/10/2023 16:35:04.982738,1208,True,True,True,True,Eyes,1.375096,-0.354512,-2.932567,-0.1948148,0.03460607,0.9802294,0.0,0.0,0.0,0.0,0.0,0.0,0.0,-1.186448,-0.03850758,3.041472,1.371612,-0.3554037,-2.941439,-0.06502492,-0.03094815,-0.001504928,0.9974025,352.5417,356.4417,0.05910011,0.4217325,-0.1088006,-0.9001685,0,0,0,0.893706,-0.3533476,-1.036357,-0.3590021,-0.2482541,1.915,0.9980799,0.001022764,0.06193124,0.00702684,0.991539,-0.1296189,-0.06153981,0.1298052,0.989628,moving,-7.7178300903961485,-5.449275755832537,-10.617909504792587,-7.386436247306493,-0.47790600000000005,0.002056100000000005,1.905082,-0.13369852138172228,-0.09411190247229084,0.9865433179529584,-8.044761454309818,-4.963894874823437,3.4309158127578527,3.4875566489354135,3.534090772899781
05/10/2023 16:35:05.002390,1209,True,True,True,True,Eyes,1.375237,-0.3545146,-2.932568,-0.1968159,0.03309865,0.9798816,0.0,0.0,0.0,0.0,0.0,0.0,0.0,-1.186531,-0.0382531,3.04145,1.371598,-0.3554407,-2.941448,-0.06506186,-0.030923,-0.001333846,0.9974012,352.538,356.4433,0.07876442,0.4217622,-0.1088008,-0.9001546,0,0,0,0.8899193,-0.3560635,-1.036222,-0.3629022,-0.2509509,1.915,0.9980839,0.001363057,0.06185883,0.006684574,0.9915304,-0.129703,-0.0615117,0.1298681,0.9896215,moving,-7.83981376765251,-5.5367659404504455,-10.730594978771554,-7.465775188017322,-0.4816787000000001,-0.0006227999999999789,1.9052259999999999,-0.13577935514965342,-0.09559093089098168,0.986116783038263,-8.166973783840394,-5.04740038245222,3.4174657835053086,3.475297496295449,3.5242999774838006
05/10/2023 16:35:05.022159,1210,True,True,True,True,Eyes,1.375372,-0.3545171,-2.932571,-0.1987309,0.0316606,0.9795426,0.0,0.0,0.0,0.0,0.0,0.0,0.0,-1.186157,-0.03850198,3.041651,1.371621,-0.3553866,-2.941504,-0.06510836,-0.03098551,-0.001293877,0.9973962,352.5328,356.4357,0.08400995,0.4217924,-0.1088009,-0.9001405,0,0,0,0.88594,-0.358454,-1.036232,-0.3666665,-0.2535541,1.915,0.9980764,0.001453816,0.06197814,0.006615847,0.9915184,-0.1297975,-0.06164118,0.1299578,0.9896017,moving,-7.94631355143613,-5.623835173252891,-10.839277194491041,-7.542333149424033,-0.48568100000000003,-0.003067399999999998,1.905272,-0.13759237285967438,-0.09706485703736784,0.9857214727706249,-8.274240051559723,-5.130616833944797,3.4123086713474735,3.4712927166417864,3.520765702367314
05/10/2023 16:35:05.042225,1211,True,True,True,True,Eyes,1.375515,-0.3545193,-2.932574,-0.2005464,0.03022696,0.9792178,0.0,0.0,0.0,0.0,0.0,0.0,0.0,-1.186539,-0.03918433,3.041537,1.371637,-0.3553892,-2.941542,-0.0652321,-0.03092344,-0.001272342,0.9973901,352.5187,356.4427,0.08647119,0.4218229,-0.1088008,-0.9001262,0,0,0,0.8823332,-0.3606437,-1.036099,-0.3705202,-0.256219,1.915,0.9980842,0.001496359,0.06185145,0.006572444,0.9914864,-0.130045,-0.06151946,0.1302024,0.989577,moving,-8.061475876144163,-5.71994217537415,-10.950458825225926,-7.620677605190639,-0.48930379999999996,-0.005254499999999995,1.905443,-0.13955092726646473,-0.09869083775257903,0.9852845704381075,-8.39033496126744,-5.222489237676631,3.398156743079555,3.458181263936989,3.5079255472271975
05/10/2023 16:35:05.052991,1212,True,True,True,True,Eyes,1.375651,-0.3545208,-2.932579,-0.2022934,0.02885634,0.9788998,0.0,0.0,0.0,0.0,0.0,0.0,0.0,-1.186893,-0.03938031,3.041392,1.371597,-0.3553978,-2.941555,-0.06528964,-0.03085563,-0.00122052,0.9973885,352.5123,356.45,0.0921404,0.4218539,-0.1088006,-0.9001117,0,0,0,0.8786437,-0.3631589,-1.035931,-0.3744304,-0.2589228,1.915,0.9980929,0.001594439,0.06170948,0.006463772,0.9914715,-0.1301629,-0.06139074,0.1303136,0.9895704,moving,-8.173344751710392,-5.804284579066468,-11.063185244814765,-7.70013638102811,-0.4929532999999999,-0.007761100000000021,1.9056240000000002,-0.1414542063652772,-0.10011381121998546,0.984869564351734,-8.502631413121357,-5.30303365569354,3.394890711013132,3.4562164472999855,3.5074973130148255
05/10/2023 16:35:05.072225,1213,True,True,True,True,Eyes,1.375808,-0.3545185,-2.932583,-0.2039938,0.02749731,0.9785859,0.0,0.0,0.0,0.0,0.0,0.0,0.0,-1.186466,-0.03985429,3.04159,1.371574,-0.3553833,-2.941606,-0.06536923,-0.03092056,-0.001206232,0.9973813,352.5032,356.4424,0.09456482,0.4218853,-0.1088003,-0.9000971,0,0,0,0.8743747,-0.3655979,-1.035931,-0.3784229,-0.2616839,1.915,0.998085,0.001636359,0.06183687,0.006448652,0.9914508,-0.1303215,-0.06152147,0.1304707,0.9895415,moving,-8.267175650674332,-5.891188294351674,-11.178194853248037,-7.781248335826648,-0.4971993000000001,-0.010214599999999963,1.9056750000000002,-0.14304545309965774,-0.10158402077866732,0.9844890152990224,-8.59767834015831,-5.386186245806119,3.4080518173874377,3.4707866195047528,3.5207084357245866
05/10/2023 16:35:05.082293,1214,True,True,True,True,Eyes,1.375958,-0.3545187,-2.932587,-0.2056302,0.02619812,0.978279,0.0,0.0,0.0,0.0,0.0,0.0,0.0,-1.186028,-0.04101726,3.041747,1.371568,-0.3553284,-2.941617,-0.06553132,-0.03099354,-0.001253091,0.9973683,352.4844,356.4342,0.09030095,0.4219173,-0.1087997,-0.9000821,0,0,0,0.8702475,-0.3675074,-1.035906,-0.3822437,-0.2643259,1.915,0.9980757,0.001562509,0.06198817,0.00656168,0.9914082,-0.13064,-0.06165971,0.1307954,0.9894901,moving,-8.35624275746877,-5.985330215118189,-11.288173040753318,-7.858832162368589,-0.5013205,-0.012178999999999995,1.905711,-0.14455182919890458,-0.10317865831610284,0.9841030716484497,-8.688517830258307,-5.476359793966208,3.415503715304589,3.4794000535138303,3.526241880480508
05/10/2023 16:35:05.102552,1215,True,True,True,True,Eyes,1.376144,-0.3545161,-2.93259,-0.2072439,0.02488722,0.9779727,0.0,0.0,0.0,0.0,0.0,0.0,0.0,-1.185666,-0.04144472,3.041876,1.371551,-0.3553917,-2.941611,-0.06559744,-0.03105196,-0.001285834,0.9973621,352.4767,356.4277,0.08720861,0.42195,-0.1087989,-0.9000669,0,0,0,0.8660977,-0.3699638,-1.035849,-0.3861347,-0.2670166,1.915,0.9980683,0.001508975,0.06210879,0.006638741,0.9913906,-0.1307689,-0.0617714,0.1309286,0.9894655,moving,-8.445630845995892,-6.068952384139745,-11.400085321676316,-7.937816293140474,-0.5054533,-0.014572100000000032,1.905762,-0.14606530310453014,-0.104591332867433,0.983730445838607,-8.7791085770411,-5.556379290818657,3.430601311823318,3.49591955846149,3.5412937313849215
05/10/2023 16:35:05.122255,1216,True,True,True,True,Eyes,1.376322,-0.3545146,-2.932593,-0.2087947,0.02362378,0.9776741,0.0,0.0,0.0,0.0,0.0,0.0,0.0,-1.185413,-0.04133415,3.042009,1.371585,-0.3553798,-2.941631,-0.06558407,-0.03109778,-0.001265437,0.9973617,352.4784,356.4223,0.08985905,0.421984,-0.1087979,-0.9000511,0,0,0,0.8622339,-0.3725794,-1.03581,-0.3898536,-0.2695884,1.915,0.9980627,0.001554841,0.06219744,0.006603234,0.9913943,-0.1307434,-0.06186547,0.1309008,0.9894633,moving,-8.532891460461494,-6.139709012069451,-11.506965377010307,-8.013281808820631,-0.5093511000000001,-0.01719959999999998,1.9058210000000002,-0.1475446393966891,-0.10578261227576585,0.9833822114853435,-8.866966250080557,-5.623999562993628,3.448165279115864,3.5150235683167237,3.560655142022879
05/10/2023 16:35:05.142260,1217,True,True,True,True,Eyes,1.376548,-0.3545112,-2.932593,-0.2103647,0.02231274,0.9773684,0.0,0.0,0.0,0.0,0.0,0.0,0.0,-1.185233,-0.04094672,3.042064,1.37159,-0.3554019,-2.941605,-0.06552298,-0.03112876,-0.001265689,0.9973647,352.4854,356.4187,0.08984318,0.4220191,-0.1087966,-0.9000348,0,0,0,0.8582811,-0.3754701,-1.03571,-0.3936844,-0.2722372,1.915,0.9980588,0.001554591,0.06225931,0.006604005,0.9914103,-0.1306218,-0.06192758,0.1307794,0.9894754,moving,-8.622930703034893,-6.208226964318152,-11.616976584314758,-8.090977524240326,-0.5133089000000001,-0.02006819999999998,1.9058950000000001,-0.14907137661765849,-0.10693377834132069,0.9830274901618586,-8.957383257838206,-5.689438474372898,3.4682650845760152,3.536815009312218,3.583409894259483
05/10/2023 16:35:05.152251,1218,True,True,True,True,Eyes,1.376765,-0.3545079,-2.932596,-0.2118749,0.02103937,0.9770703,0.0,0.0,0.0,0.0,0.0,0.0,0.0,-1.185317,-0.04007426,3.042073,1.371614,-0.3554367,-2.94162,-0.0653863,-0.03111877,-0.001259596,0.9973739,352.5011,356.4199,0.08997373,0.4220563,-0.1087951,-0.9000175,0,0,0,0.8544164,-0.3787284,-1.03561,-0.3976027,-0.2749466,1.915,0.99806,0.001556906,0.06223883,0.006582059,0.9914461,-0.1303508,-0.06190939,0.1305076,0.9895125,moving,-8.714089288476627,-6.265867283468017,-11.729410796651964,-8.170419802596617,-0.5171976000000001,-0.023291700000000026,1.90601,-0.15061942202333262,-0.1078970477240738,0.98268612297309,-9.048302013934293,-5.744371935720113,3.4958789661031795,3.566438573112382,3.615805934662681
05/10/2023 16:35:05.172377,1219,True,True,True,True,Eyes,1.377002,-0.3544998,-2.932599,-0.2135525,0.01969266,0.9767331,0.0,0.0,0.0,0.0,0.0,0.0,0.0,-1.184851,-0.03868002,3.042346,1.371626,-0.3554361,-2.94169,-0.06525379,-0.03118447,-0.001018173,0.9973808,352.5172,356.4106,0.1178179,0.4220954,-0.1087933,-0.8999994,0,0,0,0.8502948,-0.3821771,-1.035628,-0.4015501,-0.2776766,1.915,0.998053,0.002038797,0.06233846,0.006100822,0.9914818,-0.1301022,-0.06207271,0.1302292,0.9895389,moving,-8.807684373315503,-6.323176638573537,-11.842587454689848,-8.250434114282147,-0.5213312,-0.026741000000000015,1.906062,-0.15220852234113802,-0.1088531044364657,0.9823357812535418,-9.141551564668248,-5.798967578100772,3.5225020928504946,3.595129773876072,3.6476407522125704
05/10/2023 16:35:05.192488,1220,True,True,True,True,Eyes,1.37723,-0.354494,-2.932602,-0.2151627,0.01839855,0.9764048,0.0,0.0,0.0,0.0,0.0,0.0,0.0,-1.184656,-0.03993833,3.042395,1.371629,-0.3553514,-2.941689,-0.06538367,-0.03122461,-0.001169284,0.9973709,352.5017,356.407,0.1011752,0.4221364,-0.1087911,-0.8999804,0,0,0,0.8462576,-0.3840888,-1.035567,-0.4053819,-0.2803262,1.915,0.9980473,0.00175074,0.06243794,0.006415579,0.9914472,-0.1303505,-0.06213214,0.1304965,0.9895,moving,-8.898904285378613,-6.415781039036397,-11.952360128294735,-8.328060988210733,-0.5253713999999999,-0.028737400000000024,1.9061220000000003,-0.15374564517982323,-0.11041406393005564,0.9819220125097117,-9.234384406157071,-5.8876411200692065,3.528937344423677,3.6028332168798505,3.652812773596488
05/10/2023 16:35:05.203275,1221,True,True,True,True,Eyes,1.377418,-0.3544862,-2.932607,-0.2169017,0.01703667,0.9760448,0.0,0.0,0.0,0.0,0.0,0.0,0.0,-1.184733,-0.0400002,3.042405,1.371632,-0.3553937,-2.941724,-0.06533343,-0.03122034,-0.001326901,0.9973741,352.5069,356.4088,0.08279073,0.422179,-0.1087886,-0.8999607,0,0,0,0.8423002,-0.3868692,-1.035503,-0.4092991,-0.2830349,1.915,0.9980471,0.00143263,0.06245011,0.006726297,0.9914595,-0.1302409,-0.06210334,0.1304066,0.9895137,moving,-9.002563117125362,-6.491973768070536,-12.064487354016292,-8.407387530785602,-0.5293317999999999,-0.031475500000000045,1.9062209999999997,-0.15549960361530957,-0.1116887156889359,0.9815016817396987,-9.338335459821685,-5.960383178438275,3.5361368738754178,3.61167411526267,3.663295572381186
05/10/2023 16:35:05.222849,1222,True,True,True,True,Eyes,1.3776,-0.3544794,-2.932612,-0.2185755,0.01572877,0.9756933,0.0,0.0,0.0,0.0,0.0,0.0,0.0,-1.184898,-0.03996405,3.042298,1.371557,-0.3552777,-2.941728,-0.06533425,-0.03117777,-0.001268349,0.9973755,352.507,356.4132,0.08922154,0.4222221,-0.1087858,-0.8999408,0,0,0,0.8384142,-0.3895379,-1.035348,-0.4132797,-0.2857878,1.915,0.9980527,0.001543912,0.06235761,0.006603991,0.9914596,-0.1302465,-0.06202614,0.1304046,0.9895188,moving,-9.108020680840767,-6.5663038652705135,-12.178333349387367,-8.487975255361555,-0.5331427999999999,-0.03426020000000002,1.90638,-0.15728367267123916,-0.11292962549371738,0.9810753309852143,-9.443921352572676,-6.0313141753034625,3.5448142798546187,3.6221044731112024,3.6758934465781645
05/10/2023 16:35:05.242220,1223,True,True,True,True,Eyes,1.377735,-0.3544767,-2.932618,-0.2203567,0.0144298,0.9753126,0.0,0.0,0.0,0.0,0.0,0.0,0.0,-1.18431,-0.03967157,3.042554,1.371564,-0.3553012,-2.941746,-0.06538543,-0.03126316,-0.001035956,0.9973698,352.502,356.4016,0.1168424,0.4222654,-0.1087828,-0.8999209,0,0,0,0.8343818,-0.3921881,-1.035333,-0.4170599,-0.2884018,1.915,0.9980431,0.002021847,0.06249732,0.006154773,0.9914474,-0.1303621,-0.06222637,0.1304917,0.9894947,moving,-9.206225604141054,-6.641924351332654,-12.286357563925076,-8.564465558950848,-0.5371822,-0.0368869,1.9064130000000001,-0.1589418802006825,-0.1141936587104544,0.9806616384412523,-9.54258544556029,-6.103545284930177,3.5520207130641883,3.6308921196687995,3.6857040077306755
05/10/2023 16:35:05.259719,1224,True,True,True,True,Eyes,1.377868,-0.3544741,-2.932622,-0.2220575,0.01318221,0.9749445,0.0,0.0,0.0,0.0,0.0,0.0,0.0,-1.184137,-0.04001993,3.042634,1.371666,-0.3553053,-2.941715,-0.06547154,-0.03130514,-0.0009696247,0.9973629,352.4924,356.3962,0.1251213,0.4223077,-0.1087799,-0.8999014,0,0,0,0.8304154,-0.3946229,-1.035227,-0.4209812,-0.2911134,1.915,0.9980381,0.002165056,0.06257214,0.006033326,0.9914251,-0.130537,-0.06231821,0.1306584,0.9894669,moving,-9.303937329452015,-6.722235247525379,-12.398320225936416,-8.643779320992667,-0.5412506,-0.03931760000000001,1.906488,-0.1605889584404303,-0.11553693267898098,0.9802359336716517,-9.64102302719184,-6.180306399967965,3.5619564485424804,3.6424630590209763,3.697483830231941
05/10/2023 16:35:05.272595,1225,True,True,True,True,Eyes,1.377965,-0.354475,-2.932625,-0.2238887,0.01188955,0.9745423,0.0,0.0,0.0,0.0,0.0,0.0,0.0,-1.184786,-0.03989586,3.042371,1.371717,-0.3553091,-2.941679,-0.06547666,-0.03120438,-0.0009185344,0.9973657,352.4919,356.4074,0.1302667,0.4223491,-0.1087769,-0.8998823,0,0,0,0.8270596,-0.3972624,-1.034972,-0.4247791,-0.2937397,1.915,0.9980509,0.002254087,0.06236465,0.005918546,0.9914239,-0.130551,-0.06212408,0.1306656,0.9894782,moving,-9.42571733787766,-6.796355190801372,-12.506667902778613,-8.720566268901278,-0.5446574000000001,-0.04195330000000003,1.9067070000000002,-0.1626485393878372,-0.11676499607152308,0.9797507816805269,-9.762329713951932,-6.250911086987592,3.550432730285264,3.6324708748241736,3.6919627316924033
05/10/2023 16:35:05.292721,1226,True,True,True,True,Eyes,1.378059,-0.3544748,-2.932628,-0.2256484,0.01064694,0.9741505,0.0,0.0,0.0,0.0,0.0,0.0,0.0,-1.184944,-0.03976732,3.042297,1.371752,-0.3553214,-2.941647,-0.06543751,-0.03118721,-0.0009679592,0.9973688,352.4962,356.4098,0.1242964,0.4223887,-0.1087742,-0.8998641,0,0,0,0.8232731,-0.4000331,-1.03482,-0.4286416,-0.2964107,1.915,0.9980528,0.002150802,0.06233698,0.00601245,0.991434,-0.1304703,-0.06208361,0.130591,0.9894906,moving,-9.532998931735696,-6.864756568779333,-12.616765355558385,-8.798627772764641,-0.5484789000000001,-0.044711699999999965,1.906827,-0.16446053555745044,-0.1178986340700553,0.9793122069762763,-9.869359107355063,-6.3161070326108995,3.556115483963677,3.639982581043454,3.702857048004978
05/10/2023 16:35:05.309203,1227,True,True,True,True,Eyes,1.378116,-0.3544771,-2.932634,-0.2275333,0.009379414,0.9737251,0.0,0.0,0.0,0.0,0.0,0.0,0.0,-1.184909,-0.03989807,3.042291,1.371767,-0.3552909,-2.941625,-0.06537003,-0.03120621,-0.001166264,0.9973724,352.5033,356.4091,0.1013345,0.4224267,-0.1087715,-0.8998466,0,0,0,0.8193074,-0.4027043,-1.034733,-0.4324738,-0.2990606,1.915,0.9980496,0.001753502,0.06240088,0.0064063,0.9914508,-0.1303237,-0.06209593,0.1304693,0.9895058,moving,-9.642679281152356,-6.934778020621726,-12.72590561691888,-8.87604009706332,-0.5524595999999999,-0.047413399999999994,1.9068920000000003,-0.16631176086977315,-0.11905789708632483,0.9788593166148342,-9.978786427002284,-6.382848207959451,3.557826329902962,3.6434575731020384,3.709807224034874
05/10/2023 16:35:05.322965,1228,True,True,True,True,Eyes,1.378172,-0.3544786,-2.932639,-0.2293498,0.008172616,0.9733097,0.0,0.0,0.0,0.0,0.0,0.0,0.0,-1.18465,-0.040548,3.042423,1.371749,-0.3552821,-2.941676,-0.06540692,-0.03125337,-0.001324865,0.9973682,352.4985,356.4049,0.08354278,0.4224623,-0.1087691,-0.8998302,0,0,0,0.8151956,-0.4050444,-1.034739,-0.4363225,-0.3017219,1.915,0.9980429,0.001445616,0.06251555,0.006731131,0.9914404,-0.1303868,-0.06216893,0.1305524,0.9894903,moving,-9.745521076072038,-7.01238475645738,-12.835421367326425,-8.953752587728879,-0.5565534000000001,-0.04976230000000004,1.906937,-0.1680421432563558,-0.12034782185443045,0.978405914940787,-10.082025020424059,-6.456960973655375,3.5618795554912284,3.6491633104301804,3.71687500559853
05/10/2023 16:35:05.342393,1229,True,True,True,True,Eyes,1.378236,-0.35448,-2.932643,-0.2313161,0.006923997,0.972854,0.0,0.0,0.0,0.0,0.0,0.0,0.0,-1.184132,-0.04152897,3.042608,1.371752,-0.3552639,-2.941674,-0.06550266,-0.03134644,-0.001470541,0.997359,352.487,356.3952,0.06780363,0.4224957,-0.1087669,-0.8998147,0,0,0,0.8109003,-0.4071846,-1.034734,-0.440205,-0.3044067,1.915,0.9980305,0.001173237,0.06271996,0.007039863,0.9914144,-0.1305671,-0.06233466,0.1307515,0.9894536,moving,-9.852289555661285,-7.0988722208076,-12.94580233817214,-9.032117658667042,-0.5608517000000001,-0.051920699999999986,1.9069399999999999,-0.16983505375853356,-0.12178660695871137,0.9779182287134166,-10.189519398244972,-6.539613981970107,3.5591745261609162,3.6479116297633087,3.7161364645665653
05/10/2023 16:35:05.352287,1230,True,True,True,True,Eyes,1.378299,-0.354482,-2.932647,-0.2332107,0.005723753,0.9724094,0.0,0.0,0.0,0.0,0.0,0.0,0.0,-1.183522,-0.04264715,3.04282,1.371784,-0.3552665,-2.941648,-0.06563534,-0.03145809,-0.001590871,0.9973465,352.4713,356.3831,0.05526405,0.4225273,-0.1087649,-0.8998001,0,0,0,0.8062978,-0.4094138,-1.034715,-0.4443588,-0.3072793,1.915,0.9980157,0.0009562247,0.06295806,0.007302824,0.991379,-0.1308223,-0.06254039,0.1310224,0.9894048,moving,-9.952929478928011,-7.1862607056611925,-13.063788300025886,-9.115926590561369,-0.5654861999999999,-0.05414730000000001,1.9069329999999998,-0.17152146577962393,-0.12324146218644771,0.977441538879032,-10.29115473664749,-6.623182854468203,3.5702308434943637,3.660744873949841,3.728440452870891
05/10/2023 16:35:05.377506,1231,True,True,True,True,Eyes,1.378365,-0.3544842,-2.932647,-0.2352688,0.004439449,0.9719202,0.0,0.0,0.0,0.0,0.0,0.0,0.0,-1.182985,-0.04261953,3.043036,1.371803,-0.355283,-2.941644,-0.06559844,-0.03155355,-0.001667736,0.9973458,352.4753,356.3727,0.04699239,0.4225573,-0.108763,-0.8997863,0,0,0,0.8024023,-0.4119119,-1.034733,-0.4478719,-0.3097085,1.915,0.9980032,0.0008131085,0.06315839,0.007466345,0.9913881,-0.1307434,-0.0627208,0.1309539,0.9894025,moving,-10.065196273907615,-7.258240362147584,-13.16348770874241,-9.186768526073156,-0.5694007000000001,-0.05662889999999998,1.9069110000000002,-0.17341048709953139,-0.12442751692642604,0.9769578231041147,-10.403178821557042,-6.6917941375096905,3.5575654366086833,3.649469919621861,3.720779804323573
05/10/2023 16:35:05.392649,1232,True,True,True,True,Eyes,1.378429,-0.3544869,-2.932648,-0.2372385,0.003202653,0.9714462,0.0,0.0,0.0,0.0,0.0,0.0,0.0,-1.183187,-0.04288957,3.042888,1.371805,-0.3552833,-2.941575,-0.06561822,-0.03152464,-0.001732254,0.9973453,352.4728,356.3765,0.03940792,0.4225859,-0.1087613,-0.8997731,0,0,0,0.7984773,-0.4145138,-1.034525,-0.4518724,-0.3124749,1.915,0.9980064,0.0006818714,0.06310923,0.007592493,0.9913825,-0.1307788,-0.06265457,0.1309973,0.9894009,moving,-10.186815704051149,-7.333871297032056,-13.276920436501904,-9.267409609589471,-0.5733277,-0.059230499999999964,1.90705,-0.17545613891279202,-0.12567074806171288,0.9764333509064268,-10.524410903163997,-6.763858155420258,3.5514723757363615,3.6451773158026106,3.7207631763912152
05/10/2023 16:35:05.402334,1233,True,True,True,True,Eyes,1.378485,-0.354488,-2.932648,-0.2393332,0.001869005,0.9709357,0.0,0.0,0.0,0.0,0.0,0.0,0.0,-1.183599,-0.0425826,3.042743,1.371811,-0.3552958,-2.941582,-0.06556547,-0.03145872,-0.001745,0.9973508,352.4788,356.3843,0.03724505,0.4226133,-0.1087597,-0.8997604,0,0,0,0.7948645,-0.4173566,-1.034358,-0.4557254,-0.3151392,1.915,0.9980146,0.0006444555,0.06297957,0.007605966,0.9913962,-0.1306737,-0.06252192,0.1308933,0.989423,moving,-10.320532105766077,-7.4057323061957065,-13.3860707650292,-9.345039463998763,-0.5769464999999999,-0.06206080000000003,1.9072239999999998,-0.17770770906591557,-0.12684323260922914,0.9758743627210447,-10.657102312235136,-6.832192636378292,3.532087864227651,3.627456343464785,3.709672222100962
05/10/2023 16:35:05.422317,1234,True,True,True,True,Eyes,1.378539,-0.3544882,-2.932648,-0.241333,0.000587371,0.9704422,0.0,0.0,0.0,0.0,0.0,0.0,0.0,-1.183937,-0.04173872,3.042572,1.371791,-0.3552319,-2.941545,-0.06546114,-0.03139526,-0.001641507,0.9973598,352.4911,356.3909,0.04831323,0.4226394,-0.1087583,-0.8997483,0,0,0,0.7913101,-0.420408,-1.034149,-0.4595279,-0.3177687,1.915,0.9980233,0.000835994,0.06283966,0.007384685,0.9914243,-0.1304736,-0.06240984,0.1306797,0.9894583,moving,-10.449031253217873,-7.465902254788006,-13.493693556884473,-9.421621422739832,-0.5804809,-0.06517610000000001,1.907396,-0.17987321963349825,-0.12781685989124553,0.9753504501566359,-10.78414495778152,-6.88928465330067,3.521329600729296,3.618674620252917,3.7086902168763505
05/10/2023 16:35:05.442866,1235,True,True,True,True,Eyes,1.378578,-0.3544908,-2.932651,-0.2433977,-0.0007478535,0.9699262,0.0,0.0,0.0,0.0,0.0,0.0,0.0,-1.184605,-0.04151189,3.042329,1.371807,-0.3552125,-2.941556,-0.0654783,-0.03128111,-0.001511238,0.9973626,352.4896,356.403,0.0625283,0.4226642,-0.1087569,-0.8997368,0,0,0,0.7879722,-0.4230775,-1.033908,-0.4633533,-0.3204142,1.915,0.9980384,0.001081962,0.0625951,0.007110971,0.9914206,-0.1305166,-0.06219929,0.1307057,0.9894682,moving,-10.587985915118685,-7.5424698235613,-13.601866680603342,-9.498635101386203,-0.5838348,-0.06786500000000001,1.9076479999999998,-0.1822084342915988,-0.129063722562693,0.9747525199186979,-10.922134822041844,-6.962121354724802,3.4942291702913413,3.593057174987084,3.6898326277477294
05/10/2023 16:35:05.452269,1236,True,True,True,True,Eyes,1.378615,-0.3544928,-2.932653,-0.2453752,-0.002025339,0.969426,0.0,0.0,0.0,0.0,0.0,0.0,0.0,-1.184803,-0.04146871,3.042307,1.371815,-0.3552325,-2.941606,-0.06549953,-0.03124602,-0.001451659,0.9973623,352.4874,356.4066,0.06920804,0.4226874,-0.1087557,-0.899726,0,0,0,0.7841902,-0.425778,-1.0338,-0.467288,-0.323135,1.915,0.9980431,0.001197539,0.06251737,0.006988859,0.9914154,-0.1305628,-0.06213704,0.1307442,0.989467,moving,-10.712211551133802,-7.61780587538486,-13.713027527521268,-9.577804733439981,-0.5876248000000001,-0.07054549999999998,1.9078060000000001,-0.18429151046767123,-0.13029380298747237,0.9741971177958347,-11.045863179480088,-7.033881087881166,3.4836131628723535,3.584200335879628,3.685825982584525
05/10/2023 16:35:05.477561,1237,True,True,True,True,Eyes,1.378611,-0.3544992,-2.932658,-0.2474929,-0.003408992,0.9688837,0.0,0.0,0.0,0.0,0.0,0.0,0.0,-1.185051,-0.04181522,3.042195,1.371804,-0.355223,-2.9416,-0.06555455,-0.0312037,-0.001456842,0.9973599,352.481,356.4115,0.06849004,0.4227092,-0.1087546,-0.8997159,0,0,0,0.7804905,-0.4281828,-1.033631,-0.4711246,-0.325788,1.915,0.9980484,0.001185098,0.06243365,0.006997081,0.991401,-0.1306721,-0.06205164,0.1308539,0.9894579,moving,-10.845563220836882,-7.704861904382525,-13.821315664308925,-9.654965995384337,-0.5913135,-0.07295979999999996,1.9079690000000002,-0.1865229943924283,-0.1317174212322329,0.9735808515009776,-11.179009205095468,-7.116881612479196,3.455992397711617,3.557809518590314,3.6638307492497693
05/10/2023 16:35:05.492385,1238,True,True,True,True,Eyes,1.378606,-0.3545054,-2.932663,-0.2495303,-0.004731724,0.9683555,0.0,0.0,0.0,0.0,0.0,0.0,0.0,-1.184616,-0.04199719,3.04236,1.37176,-0.3552508,-2.941616,-0.06559637,-0.03126666,-0.001435702,0.9973553,352.4763,356.4041,0.07155669,0.4227287,-0.1087538,-0.8997068,0,0,0,0.7763702,-0.4307087,-1.033607,-0.4749588,-0.3284392,1.915,0.9980407,0.001238148,0.06255627,0.006965768,0.9913901,-0.130756,-0.06217957,0.1309355,0.989439,moving,-10.962186389198479,-7.786104366019541,-13.92943554768325,-9.732039600655373,-0.5953898000000001,-0.07545790000000002,1.9080089999999998,-0.18847052577017662,-0.13304742359832555,0.9730248600113531,-11.295723488776359,-7.194398592941371,3.445076906255156,3.5484125332218337,3.657329776389232
05/10/2023 16:35:05.507091,1239,True,True,True,True,Eyes,1.378581,-0.3545123,-2.932668,-0.2516536,-0.006147593,0.9677979,0.0,0.0,0.0,0.0,0.0,0.0,0.0,-1.18416,-0.04246166,3.042542,1.371754,-0.3552517,-2.94163,-0.06566987,-0.03134038,-0.001439321,0.9973481,352.4679,356.3956,0.07196729,0.4227461,-0.1087532,-0.8996987,0,0,0,0.7720898,-0.4331607,-1.033586,-0.4789394,-0.331192,1.915,0.9980314,0.001245229,0.06270358,0.006987247,0.9913708,-0.1309012,-0.0623255,0.1310817,0.9894105,moving,-11.082903111551142,-7.877066291536712,-14.041576752805556,-9.812029221357871,-0.5996641999999999,-0.077909,1.908044,-0.19048146769260105,-0.13453883066367897,0.9724280004434189,-11.41689888740286,-7.2812639379156705,3.430516221030409,3.5352271858023125,3.6460535949175426
05/10/2023 16:35:05.522474,1240,True,True,True,True,Eyes,1.378556,-0.3545192,-2.932674,-0.2536973,-0.007506391,0.9672545,0.0,0.0,0.0,0.0,0.0,0.0,0.0,-1.183839,-0.04300109,3.042638,1.371771,-0.3552207,-2.941603,-0.0657443,-0.0313972,-0.001460814,0.9973415,352.4593,356.3891,0.07019354,0.422761,-0.108753,-0.8996918,0,0,0,0.7680054,-0.4354777,-1.033511,-0.482805,-0.333865,1.915,0.9980242,0.001214514,0.06281953,0.007042232,0.9913511,-0.1310473,-0.06243537,0.1312307,0.9893838,moving,-11.200741745538146,-7.965357260132514,-14.150373219842724,-9.889663106978226,-0.6037656000000001,-0.08025700000000002,1.9080920000000001,-0.19244268639727632,-0.13598412361258544,0.9718405549682014,-11.535158614582983,-7.365573571873494,3.4157929882530675,3.5218289036256136,3.634608013636283
05/10/2023 16:35:05.542234,1241,True,True,True,True,Eyes,1.378528,-0.3545284,-2.932679,-0.2558583,-0.0089836,0.9666726,0.0,0.0,0.0,0.0,0.0,0.0,0.0,-1.183307,-0.04306111,3.042851,1.371767,-0.3552269,-2.941612,-0.06575122,-0.03148401,-0.001464576,0.9973383,352.4585,356.3791,0.07044535,0.4227737,-0.108753,-0.8996857,0,0,0,0.7638876,-0.4380486,-1.033519,-0.4865759,-0.3364728,1.915,0.9980133,0.001218868,0.062993,0.007061579,0.9913493,-0.1310602,-0.06260781,0.1312446,0.9893711,moving,-11.322399679394408,-8.05242685496865,-14.256404104522193,-9.965368012797258,-0.6078794,-0.0828217,1.908093,-0.1944673149177134,-0.13740491390774653,0.9712375833962099,-11.657034671328915,-7.448675672745375,3.3952940428600407,3.5025313474662987,3.618074319951895
05/10/2023 16:35:05.556439,1242,True,True,True,True,Eyes,1.378502,-0.3545372,-2.932684,-0.2579304,-0.01040406,0.9661075,0.0,0.0,0.0,0.0,0.0,0.0,0.0,-1.183181,-0.04298642,3.042901,1.371772,-0.3552677,-2.941604,-0.06575859,-0.03150411,-0.001432919,0.9973372,352.4578,356.3766,0.07427477,0.4227844,-0.1087533,-0.8996807,0,0,0,0.7598551,-0.4408187,-1.033422,-0.4905389,-0.3392133,1.915,0.9980109,0.001285124,0.06302886,0.007001536,0.9913475,-0.1310766,-0.06265196,0.1312572,0.9893666,moving,-11.446786697649456,-8.135473166153856,-14.36772912160414,-10.044887357404667,-0.6119169,-0.08555099999999999,1.9081819999999998,-0.19653804154697016,-0.13875409082589663,0.9706287332285468,-11.78132763120391,-7.527874630497166,3.380869656850445,3.4896657716475166,3.6089923437102036
05/10/2023 16:35:05.572339,1243,True,True,True,True,Eyes,1.378468,-0.3545457,-2.932689,-0.260085,-0.01193194,0.965512,0.0,0.0,0.0,0.0,0.0,0.0,0.0,-1.183252,-0.04279971,3.042883,1.371783,-0.3552654,-2.941607,-0.06573127,-0.03149392,-0.001423724,0.9973394,352.4609,356.3777,0.07515702,0.4227933,-0.1087538,-0.8996764,0,0,0,0.7561054,-0.4435367,-1.033312,-0.4943321,-0.3418364,1.915,0.9980122,0.001300399,0.06300741,0.006980142,0.9913548,-0.1310231,-0.06263307,0.1312024,0.9893751,moving,-11.579664325651969,-8.221559275095805,-14.474180588316866,-10.120963580931905,-0.6156775999999999,-0.0882713,1.9082949999999999,-0.19874912430592062,-0.140148537032254,0.9699779243449371,-11.913965306700689,-7.609942763540437,3.3521249290286637,3.4620746831719678,3.5860741533875613
05/10/2023 16:35:05.592580,1244,True,True,True,True,Eyes,1.378437,-0.3545527,-2.932693,-0.2621506,-0.01340554,0.9649339,0.0,0.0,0.0,0.0,0.0,0.0,0.0,-1.183364,-0.04244515,3.042804,1.371769,-0.3552325,-2.941576,-0.06567416,-0.03147275,-0.001409755,0.9973438,352.4675,356.3801,0.07639701,0.4228004,-0.1087546,-0.899673,0,0,0,0.7522282,-0.4464434,-1.033155,-0.4982704,-0.3445596,1.915,0.998015,0.001321873,0.06296346,0.006945912,0.9913698,-0.1309107,-0.06259312,0.1310882,0.9893927,moving,-11.708479077847741,-8.301039870221146,-14.584596161034977,-10.199904807675203,-0.6195408,-0.09121089999999998,1.908421,-0.20089236724496,-0.14143085591234006,0.9693501156604257,-12.042336642469628,-7.685667280109571,3.3348580971480453,3.4464093672826874,3.575538253851504
05/10/2023 16:35:05.603869,1245,True,True,True,True,Eyes,1.378383,-0.3545636,-2.932701,-0.2642657,-0.01495334,0.964334,0.0,0.0,0.0,0.0,0.0,0.0,0.0,-1.183397,-0.04188502,3.042801,1.371772,-0.3552062,-2.94158,-0.06560512,-0.03146459,-0.001343301,0.9973486,352.4757,356.3805,0.08374248,0.4228058,-0.1087556,-0.8996704,0,0,0,0.7484151,-0.4494136,-1.033049,-0.5021367,-0.3472332,1.915,0.9980163,0.001448996,0.06293857,0.006807954,0.9913883,-0.1307778,-0.06258606,0.1309469,0.9894119,moving,-11.839459984083147,-8.3821291279335,-14.692885516458105,-10.27737015371116,-0.6233569,-0.0942074,1.908531,-0.20306934519267228,-0.1427371594457626,0.9687047901636598,-12.172881112436382,-7.762927774522989,3.31251111807269,3.425489135087145,3.5598936324764465
05/10/2023 16:35:05.626100,1246,True,True,True,True,Eyes,1.378331,-0.3545749,-2.932709,-0.2662955,-0.01643667,0.9637513,0.0,0.0,0.0,0.0,0.0,0.0,0.0,-1.183066,-0.04191744,3.043006,1.371791,-0.3552461,-2.941645,-0.06561884,-0.03152088,-0.001332182,0.997346,352.4742,356.3739,0.08550192,0.4228093,-0.1087568,-0.8996686,0,0,0,0.7443896,-0.4520448,-1.033077,-0.505962,-0.3498784,1.915,0.9980093,0.001479435,0.06304927,0.00679402,0.9913848,-0.1308054,-0.06269962,0.1309733,0.9894012,moving,-11.95775120985308,-8.4703288257284,-14.799920997820536,-10.353975273804082,-0.6274014,-0.09679870000000002,1.9085679999999998,-0.20502589557904538,-0.1441681205453677,0.9680805549400603,-12.291572215608431,-7.847145906909479,3.295498033794421,3.409699846758231,3.546266640842189
05/10/2023 16:35:05.642458,1247,True,True,True,True,Eyes,1.378259,-0.3545845,-2.932715,-0.2683752,-0.01795682,0.963147,0.0,0.0,0.0,0.0,0.0,0.0,0.0,-1.182977,-0.042088,3.043041,1.371792,-0.355269,-2.941645,-0.06565672,-0.03153489,-0.001317633,0.997343,352.4698,356.3722,0.08742476,0.4228111,-0.1087583,-0.8996676,0,0,0,0.74053,-0.4545518,-1.032981,-0.5097651,-0.3525084,1.915,0.9980077,0.001512691,0.06307522,0.006769219,0.9913749,-0.1308815,-0.06272918,0.1310477,0.9893895,moving,-12.084278617409085,-8.563506356007096,-14.906230664580459,-10.430103115919485,-0.6312619999999999,-0.0992828,1.908664,-0.20711694804834424,-0.14567668882492257,0.9674092779856404,-12.418465631054065,-7.936105354756136,3.2683038291175945,3.383429742236439,3.522641011332886
05/10/2023 16:35:05.657614,1248,True,True,True,True,Eyes,1.37819,-0.3545923,-2.932722,-0.2703736,-0.0194035,0.9625599,0.0,0.0,0.0,0.0,0.0,0.0,0.0,-1.183023,-0.04167092,3.042931,1.371744,-0.3551848,-2.941576,-0.06560858,-0.03151633,-0.001239911,0.9973469,352.4757,356.3738,0.09606662,0.4228107,-0.1087601,-0.8996676,0,0,0,0.7366389,-0.4574478,-1.032783,-0.5137041,-0.3552322,1.915,0.9980103,0.001662241,0.06302811,0.006608727,0.991388,-0.1307909,-0.06270272,0.1309472,0.9894044,moving,-12.209951103018344,-8.640931334148044,-15.016228592141672,-10.508906849474721,-0.6351051000000001,-0.10226299999999999,1.908793,-0.20919957139363926,-0.14691725273409142,0.9667733967455895,-12.543699320520854,-8.009869965983372,3.2543146838265993,3.3711312451194027,3.5154781103104495
05/10/2023 16:35:05.677626,1249,True,True,True,True,Eyes,1.378099,-0.3546083,-2.932727,-0.2724343,-0.02090518,0.9619473,0.0,0.0,0.0,0.0,0.0,0.0,0.0,-1.182844,-0.04278171,3.042994,1.371755,-0.3551493,-2.941585,-0.06574544,-0.03155191,-0.001335745,0.9973366,352.4596,356.3703,0.08579253,0.4228086,-0.1087619,-0.8996683,0,0,0,0.7328039,-0.4592875,-1.032717,-0.5173596,-0.3577601,1.915,0.9980054,0.001484414,0.06311139,0.006813164,0.9913515,-0.1310564,-0.06276011,0.131225,0.989364,moving,-12.332528471046176,-8.747527622575117,-15.118208443332293,-10.58200694117762,-0.6389511000000001,-0.10413820000000001,1.9088679999999998,-0.21121210556913975,-0.1486498404544016,0.9660707809154276,-12.667497514143585,-8.111808484078928,3.2184440078468857,3.3354650767735947,3.479635681489907
05/10/2023 16:35:05.693405,1250,True,True,True,True,Eyes,1.378014,-0.3546235,-2.932734,-0.2744178,-0.02235466,0.9613506,0.0,0.0,0.0,0.0,0.0,0.0,0.0,-1.182992,-0.04195961,3.042922,1.371794,-0.3552938,-2.941522,-0.06563371,-0.03153517,-0.001337593,0.9973446,352.4724,356.3723,0.08504127,0.4228043,-0.1087642,-0.8996701,0,0,0,0.7290304,-0.4625167,-1.03255,-0.5212259,-0.3604336,1.915,0.9980075,0.001471458,0.06307845,0.006807622,0.9913809,-0.1308345,-0.06272728,0.1310032,0.9893955,moving,-12.456455290421317,-8.820269305268637,-15.225962488873767,-10.659279492708718,-0.6427636,-0.10722290000000001,1.908972,-0.21326342960078318,-0.14980789317008888,0.9654409047889814,-12.790800224164837,-8.181066896835425,3.2056909724534526,3.324474182752566,3.4744140406415833
05/10/2023 16:35:05.702537,1251,True,True,True,True,Eyes,1.377918,-0.3546357,-2.932742,-0.2764238,-0.02384914,0.9607399,0.0,0.0,0.0,0.0,0.0,0.0,0.0,-1.182357,-0.04128915,3.043271,1.371846,-0.3552868,-2.941594,-0.06557342,-0.03164046,-0.001203957,0.9973453,352.4799,356.3592,0.1010234,0.4227982,-0.1087668,-0.8996727,0,0,0,0.724571,-0.4657672,-1.032646,-0.5253893,-0.3633128,1.915,0.9979948,0.001748026,0.06327083,0.006551068,0.9913974,-0.1307225,-0.06295504,0.1308749,0.9893981,moving,-12.569353769774967,-8.89744949353546,-15.341873485742363,-10.742453562478628,-0.6472749999999999,-0.11048039999999998,1.9089479999999999,-0.21512442246075475,-0.1510451527659895,0.9648351666600958,-12.903709048818447,-8.25469194383261,3.2093636814482385,3.330301126001188,3.4833322684878594
05/10/2023 16:35:05.722490,1252,True,True,True,True,Eyes,1.377828,-0.3546483,-2.932748,-0.2783514,-0.02524883,0.9601474,0.0,0.0,0.0,0.0,0.0,0.0,0.0,-1.182929,-0.04337034,3.043008,1.371883,-0.3551834,-2.941578,-0.06580695,-0.03156387,-0.001433781,0.9973321,352.4522,356.3697,0.07480802,0.4227901,-0.1087697,-0.8996761,0,0,0,0.7207679,-0.4672402,-1.03239,-0.5293986,-0.3660853,1.915,0.9980033,0.001294333,0.06314802,0.007014154,0.9913347,-0.1311722,-0.06277061,0.1313532,0.9893463,moving,-12.696234625556528,-9.013495473779749,-15.453372798180254,-10.822502021355607,-0.6511151,-0.11205680000000001,1.9091879999999999,-0.21719690390462293,-0.15292711753837063,0.9640740825687308,-13.03215638388904,-8.365716906263799,3.176441986874596,3.2976227182792193,3.449359654569218
05/10/2023 16:35:05.732575,1253,True,True,True,True,Eyes,1.377731,-0.3546613,-2.932752,-0.2802836,-0.02668262,0.9595463,0.0,0.0,0.0,0.0,0.0,0.0,0.0,-1.182781,-0.04616973,3.043032,1.371928,-0.3552096,-2.941561,-0.06623536,-0.03159937,-0.001528485,0.9973025,352.4027,356.366,0.06573771,0.4227805,-0.1087727,-0.8996803,0,0,0,0.7170903,-0.4679234,-1.032234,-0.5329267,-0.3685251,1.915,0.9979983,0.001137268,0.06323074,0.007234715,0.9912211,-0.1320168,-0.06282578,0.13221,0.9892287,moving,-12.812753528264432,-9.149745957971719,-15.551390751183796,-10.892909323078916,-0.6548377000000001,-0.11271379999999998,1.909327,-0.2190800901539307,-0.1551523292005938,0.9632920789275135,-13.15168855862452,-8.49631774187549,3.126443191641647,3.2463444604988134,3.391492565238635
05/10/2023 16:35:05.758452,1254,True,True,True,True,Eyes,1.377635,-0.3546759,-2.932756,-0.2821332,-0.02807905,0.9589642,0.0,0.0,0.0,0.0,0.0,0.0,0.0,-1.18317,-0.04796949,3.04277,1.371908,-0.355197,-2.941487,-0.06635691,-0.03155381,-0.00194873,0.997295,352.3872,356.3745,0.0173826,0.4227694,-0.108776,-0.8996851,0,0,0,0.7132834,-0.4695069,-1.032006,-0.5366718,-0.3711146,1.915,0.9980011,0.0003007104,0.06319553,0.008074545,0.9911859,-0.1322319,-0.06267829,0.1324778,0.9892023,moving,-12.929220530622253,-9.258712035750703,-15.655335386559681,-10.967600225788367,-0.6586245999999999,-0.11430990000000002,1.909481,-0.22097543490839153,-0.15691526618335072,0.9625733057167327,-13.2697231691632,-8.600589357108943,3.097455376494208,3.2174525721155467,3.3606377526055793
05/10/2023 16:35:05.774196,1255,True,True,True,True,Eyes,1.377511,-0.3546911,-2.93276,-0.284021,-0.02954796,0.9583627,0.0,0.0,0.0,0.0,0.0,0.0,0.0,-1.183508,-0.04637769,3.042641,1.371848,-0.3552423,-2.941487,-0.06607077,-0.03149312,-0.002021624,0.9973158,352.4198,356.3821,0.007465186,0.4227569,-0.1087795,-0.8996906,0,0,0,0.7096739,-0.4731274,-1.031895,-0.5404055,-0.3736966,1.915,0.9980082,0.0001291535,0.06308432,0.008193946,0.9912611,-0.1316595,-0.06255004,0.1319142,0.9892857,moving,-13.051728656809882,-9.315498480235044,-15.758858512142154,-11.042037245070228,-0.6621741,-0.11788509999999996,1.909592,-0.22300145216980288,-0.15779455415498783,0.9619622165873456,-13.390812024394085,-8.654461605984118,3.088656487424758,3.210839167586868,3.3627610085305517
05/10/2023 16:35:05.792417,1256,True,True,True,True,Eyes,1.377391,-0.3547056,-2.932765,-0.2858455,-0.03097231,0.957775,0.0,0.0,0.0,0.0,0.0,0.0,0.0,-1.182721,-0.04456654,3.042913,1.371797,-0.3551959,-2.941453,-0.06585851,-0.03160345,-0.001789886,0.9973268,352.445,356.3678,0.03424561,0.4227425,-0.1087832,-0.8996969,0,0,0,0.7052321,-0.4769826,-1.031923,-0.5444785,-0.3765132,1.915,0.997996,0.0005925102,0.0632737,0.007732916,0.9913189,-0.1312518,-0.06280218,0.1314781,0.9893278,moving,-13.15406834230316,-9.368635938060935,-15.87166901281236,-11.123194568393174,-0.6665648999999999,-0.12178669999999997,1.9095300000000002,-0.22468906975041789,-0.1586235207575289,0.9614329332195583,-13.492268485132211,-8.704965173494049,3.1094758145390413,3.2347842882679814,3.3925477561087862
05/10/2023 16:35:05.805994,1257,True,True,True,True,Eyes,1.377274,-0.3547214,-2.93277,-0.287732,-0.03248646,0.9571598,0.0,0.0,0.0,0.0,0.0,0.0,0.0,-1.181573,-0.04347149,3.043402,1.371802,-0.3551913,-2.94148,-0.06569058,-0.03179077,-0.001742314,0.997332,352.4644,356.3459,0.04053598,0.4227263,-0.1087872,-0.899704,0,0,0,0.7007496,-0.4802986,-1.032134,-0.5482669,-0.3791329,1.915,0.9979726,0.0007013765,0.0636408,0.007652039,0.9913634,-0.1309199,-0.06318298,0.1311414,0.9893482,moving,-13.249939451727862,-9.43746297379113,-15.976483670252655,-11.198637882863334,-0.6710524,-0.12510730000000003,1.9093459999999998,-0.22625702095727082,-0.1597188404831844,0.9608837646175625,-13.58832277686314,-8.77065822318736,3.1184836909001867,3.2458866948672846,3.4056420364617397
05/10/2023 16:35:05.822210,1258,True,True,True,True,Eyes,1.377161,-0.3547369,-2.932775,-0.2895373,-0.03395038,0.9565644,0.0,0.0,0.0,0.0,0.0,0.0,0.0,-1.181394,-0.04180163,3.043482,1.371804,-0.3552097,-2.941463,-0.06544784,-0.03181767,-0.001667113,0.9973472,352.4926,356.3423,0.04851083,0.4227088,-0.1087914,-0.8997117,0,0,0,0.6967739,-0.4840288,-1.032103,-0.5521703,-0.3818322,1.915,0.9979697,0.0008394152,0.06368475,0.007490176,0.9914276,-0.1304424,-0.06324831,0.1306545,0.9894084,moving,-13.359416603472704,-9.494415610463308,-16.08436533473514,-11.276332428191772,-0.6750301000000001,-0.12881909999999996,1.9093600000000002,-0.22805939381843654,-0.16060454003570585,0.9603098574688699,-13.696860899657569,-8.824789452394944,3.1257781518220287,3.255852136278963,3.422022850551094
05/10/2023 16:35:05.842591,1259,True,True,True,True,Eyes,1.377042,-0.3547541,-2.932786,-0.2913922,-0.03545304,0.9559464,0.0,0.0,0.0,0.0,0.0,0.0,0.0,-1.181548,-0.04085708,3.043465,1.371816,-0.3552175,-2.941488,-0.0653646,-0.03178544,-0.001497056,0.997354,352.5027,356.3448,0.06756178,0.4226901,-0.1087958,-0.89972,0,0,0,0.6932466,-0.4871313,-1.031991,-0.5559082,-0.3844168,1.915,0.9979749,0.001169095,0.06359836,0.007141474,0.9914505,-0.1302881,-0.06320695,0.1304785,0.9894343,moving,-13.480699314937867,-9.569156625830917,-16.187563262615992,-11.350686188998923,-0.6785693999999999,-0.13191379999999997,1.909497,-0.23004690911699185,-0.16177935221439843,0.9596383239230548,-13.817721230530834,-8.89599724063498,3.1089486910478006,3.240518479453741,3.4119860917444536
05/10/2023 16:35:05.853438,1260,True,True,True,True,Eyes,1.376929,-0.3547688,-2.932797,-0.2931681,-0.03688592,0.9553491,0.0,0.0,0.0,0.0,0.0,0.0,0.0,-1.180888,-0.04057592,3.043808,1.371779,-0.3552413,-2.941587,-0.06538122,-0.03187911,-0.001345997,0.9973502,352.5014,356.3329,0.08574466,0.4226701,-0.1088005,-0.8997288,0,0,0,0.6890966,-0.4899123,-1.032097,-0.559733,-0.3870619,1.915,0.9979638,0.001483728,0.06376527,0.006853451,0.991447,-0.1303301,-0.06341326,0.1305017,0.989418,moving,-13.582910706666095,-9.651387023252962,-16.2930487767555,-11.426740322995029,-0.6826824000000001,-0.13467100000000004,1.9094900000000001,-0.23170779706524755,-0.16309038950189925,0.9590166997784528,-13.920597529837975,-8.974576637219222,3.1067746931288514,3.239865382674561,3.4119835375977585
05/10/2023 16:35:05.877488,1261,True,True,True,True,Eyes,1.37682,-0.3547854,-2.932809,-0.294981,-0.03832506,0.9547342,0.0,0.0,0.0,0.0,0.0,0.0,0.0,-1.181192,-0.04137573,3.043747,1.371814,-0.3551996,-2.941646,-0.06550205,-0.03183447,-0.001357739,0.9973438,352.4875,356.338,0.08450209,0.4226491,-0.1088052,-0.8997381,0,0,0,0.6852654,-0.4921449,-1.031957,-0.5637501,-0.3898395,1.915,0.9979694,0.00146218,0.06367768,0.006878711,0.9914153,-0.1305696,-0.06332193,0.1307425,0.989392,moving,-13.702295371355445,-9.75132081708327,-16.403715688817528,-11.506560300075236,-0.6865486000000001,-0.1369453,1.909689,-0.23364282074810627,-0.1646844221184824,0.9582745257278903,-14.040965052703305,-9.070109967556343,3.0876585119228674,3.2215737418613966,3.3939476706763747
05/10/2023 16:35:05.886575,1262,True,True,True,True,Eyes,1.376714,-0.3548019,-2.932823,-0.2967222,-0.03969887,0.9541384,0.0,0.0,0.0,0.0,0.0,0.0,0.0,-1.181785,-0.04199189,3.04355,1.371887,-0.3552368,-2.94165,-0.0655921,-0.03175105,-0.00140593,0.9973403,352.477,356.348,0.07864828,0.4226273,-0.1088101,-0.8997477,0,0,0,0.6818393,-0.4943626,-1.031726,-0.5675287,-0.3924525,1.915,0.9979798,0.001360856,0.06351764,0.006969617,0.9913914,-0.130746,-0.06314877,0.1309246,0.989379,moving,-13.82125251938426,-9.845212199565005,-16.507697450421638,-11.581608861220369,-0.6900477,-0.13912579999999997,1.9099240000000002,-0.23557217037930472,-0.1661749340864952,0.9575446696790759,-14.160599952399961,-9.1598155702757,3.064169989221189,3.1987590928521517,3.372528637281561
05/10/2023 16:35:05.908338,1263,True,True,True,True,Eyes,1.376608,-0.3548155,-2.932835,-0.2984727,-0.04107919,0.9535338,0.0,0.0,0.0,0.0,0.0,0.0,0.0,-1.181623,-0.04261675,3.043659,1.371884,-0.3552514,-2.941707,-0.06568327,-0.0317779,-0.001436744,0.9973333,352.4664,356.345,0.07563745,0.4226049,-0.1088151,-0.8997576,0,0,0,0.6774258,-0.4969272,-1.031682,-0.5718082,-0.3954118,1.915,0.9979762,0.001308727,0.06357506,0.007040378,0.9913673,-0.1309249,-0.06319758,0.1311076,0.9893517,moving,-13.928389010080716,-9.938866667116546,-16.625328319657275,-11.666554942028815,-0.6944582000000001,-0.14167580000000002,1.910025,-0.23730144236927025,-0.16766726647848523,0.956857290007179,-14.268829264455746,-9.249381994250246,3.066611275797627,3.2028719010926143,3.375768483862339
05/10/2023 16:35:05.922437,1264,True,True,True,True,Eyes,1.376506,-0.3548305,-2.932848,-0.3001653,-0.04239165,0.9529448,0.0,0.0,0.0,0.0,0.0,0.0,0.0,-1.181517,-0.04355663,3.043592,1.371846,-0.3551933,-2.941633,-0.06581222,-0.03179169,-0.001481228,0.9973244,352.4514,356.3437,0.07109182,0.4225819,-0.1088201,-0.8997679,0,0,0,0.6738131,-0.4987094,-1.031501,-0.5752948,-0.3978229,1.915,0.9979742,0.001230034,0.06360822,0.007139093,0.9913331,-0.1311781,-0.06321829,0.1313664,0.9893161,moving,-14.033512096772018,-10.033350014332928,-16.721058247945855,-11.73572664681,-0.6980328999999998,-0.14351610000000004,1.910132,-0.2389942473338808,-0.16917261335200925,0.9561707105918983,-14.37516198715204,-9.339763527187285,3.0448364505536736,3.181350422932576,3.3531878171373903
05/10/2023 16:35:05.942219,1265,True,True,True,True,Eyes,1.37643,-0.3548479,-2.932859,-0.3019001,-0.04375509,0.952335,0.0,0.0,0.0,0.0,0.0,0.0,0.0,-1.180405,-0.04491821,3.044068,1.371815,-0.3552268,-2.94171,-0.06598397,-0.03197472,-0.001607191,0.9973071,352.4313,356.3235,0.05860351,0.4225583,-0.1088252,-0.8997783,0,0,0,0.6692594,-0.5005046,-1.031696,-0.5790424,-0.4004143,1.915,0.9979501,0.001013913,0.06398932,0.007425363,0.9912871,-0.1315098,-0.06356513,0.1317153,0.9892474,moving,-14.121193102458873,-10.13791787480955,-16.823847266316204,-11.810032281834987,-0.7025556000000001,-0.14527779999999996,1.910014,-0.24038633092022607,-0.17085690519796567,0.9555220878445473,-14.465218657204066,-9.440008657124421,3.041186306131018,3.1780978775987045,3.3436717687907804
05/10/2023 16:35:05.952301,1266,True,True,True,True,Eyes,1.376359,-0.3548633,-2.932871,-0.3035689,-0.04506332,0.9517433,0.0,0.0,0.0,0.0,0.0,0.0,0.0,-1.179861,-0.04420194,3.04426,1.371775,-0.3553291,-2.941686,-0.06591982,-0.03205331,-0.001514057,0.9973089,352.439,356.3137,0.06970079,0.4225351,-0.1088304,-0.8997886,0,0,0,0.6684133,-0.5013636,-1.031776,-0.5796,-0.4008,1.915,0.9979405,0.001205931,0.0641337,0.007245862,0.9913046,-0.1313878,-0.06373447,0.1315819,0.9892544,moving,-14.218250454636372,-10.20573533829786,-16.839131587459715,-11.821088380307142,-0.7033617,-0.1460345,1.9099099999999998,-0.24195924585786915,-0.17191851592135893,0.954934466955095,-14.562362715037327,-9.504718487487178,2.945403778491228,3.078698322784811,3.2479602797439315
05/10/2023 16:35:05.972571,1267,True,True,True,True,Eyes,1.376307,-0.3548791,-2.932883,-0.3052511,-0.04641318,0.9511402,0.0,0.0,0.0,0.0,0.0,0.0,0.0,-1.17951,-0.04430604,3.044435,1.371804,-0.3552951,-2.941719,-0.06592536,-0.03211574,-0.00152287,0.9973064,352.4383,356.3066,0.06918167,0.4225123,-0.1088356,-0.8997986,0,0,0,0.6681998,-0.5013016,-1.031895,-0.5796,-0.4008,1.915,0.9979326,0.001196947,0.06425925,0.00727202,0.991303,-0.1313978,-0.06385767,0.1315934,0.9892448,static,-14.317425508913805,-10.287336391519256,-16.839131587459715,-11.821088380307142,-0.7036042,-0.14600650000000004,1.909824,-0.2435559873639207,-0.1732070085057823,0.954295504866614,-14.662279134144692,-9.582713538823846,2.82361072313448,2.951507531700738,3.1223402336210904
05/10/2023 16:35:05.992659,1268,True,True,True,True,Eyes,1.376259,-0.3548955,-2.932895,-0.3068552,-0.04773014,0.9505587,0.0,0.0,0.0,0.0,0.0,0.0,0.0,-1.17986,-0.04389665,3.04435,1.371823,-0.3553293,-2.941752,-0.06583705,-0.03206439,-0.001585682,0.9973139,352.4482,356.313,0.06121894,0.4224903,-0.1088408,-0.8998083,0,0,0,0.6683806,-0.5015932,-1.031889,-0.5796,-0.4007999,1.915,0.9979387,0.001059205,0.06416532,0.007384895,0.9913259,-0.1312187,-0.06374773,0.1314221,0.9892747,static,-14.423900566624182,-10.35845788559571,-16.839131587459715,-11.821085513920774,-0.7034424,-0.14626389999999995,1.909863,-0.24528035212069998,-0.17431329560226907,0.9536522143931566,-14.768675482160916,-9.650540515491121,2.7007165085834752,2.823582912390931,2.9996756614969318
05/10/2023 16:35:06.002680,1269,True,True,True,True,Eyes,1.376227,-0.3549055,-2.932905,-0.3084978,-0.04907076,0.9499585,0.0,0.0,0.0,0.0,0.0,0.0,0.0,-1.180439,-0.0420503,3.044179,1.371857,-0.3553602,-2.941761,-0.0656172,-0.03196583,-0.001398543,0.9973318,352.4742,356.3231,0.08122276,0.4224691,-0.108846,-0.8998177,0,0,0,0.6688933,-0.5027073,-1.031805,-0.5796,-0.4008,1.915,0.9979524,0.001405392,0.06394459,0.006984637,0.9913849,-0.1307948,-0.06357753,0.1309736,0.9893451,static,-14.54066531891256,-10.408135303930296,-16.839131587459715,-11.821088380307142,-0.7029637000000001,-0.14734709999999995,1.909956,-0.2471903784776115,-0.17505240046490983,0.9530233773069974,-14.883851582135716,-9.697595971657714,2.579282546845809,2.6980332806864853,2.8865792746452623
05/10/2023 16:35:06.022614,1270,True,True,True,True,Eyes,1.376196,-0.3549134,-2.932916,-0.3100707,-0.05034642,0.9493794,0.0,0.0,0.0,0.0,0.0,0.0,0.0,-1.180375,-0.04297015,3.04417,1.371849,-0.3552251,-2.94176,-0.06575136,-0.03197402,-0.001389428,0.9973227,352.4588,356.322,0.08283591,0.4224491,-0.108851,-0.8998265,0,0,0,0.6688572,-0.5020651,-1.031775,-0.5796,-0.4007999,1.915,0.9979514,0.001433254,0.06395954,0.006976087,0.9913497,-0.1310618,-0.06359412,0.1312395,0.9893088,static,-14.640537032947124,-10.499734558421789,-16.839131587459715,-11.821085513920774,-0.7029918000000001,-0.14684000000000003,1.9099849999999998,-0.2487857978078685,-0.1765013462535783,0.9523406678964428,-14.984969900339978,-9.785234074641268,2.452504762839057,2.5651094250987616,2.753653326909389
05/10/2023 16:35:06.042535,1271,True,True,True,True,Eyes,1.376158,-0.3549249,-2.932927,-0.3116747,-0.05166567,0.9487832,0.0,0.0,0.0,0.0,0.0,0.0,0.0,-1.181032,-0.04406565,3.043901,1.371855,-0.3551809,-2.941764,-0.0657786,-0.03188517,-0.001742769,0.9973233,352.4543,356.3349,0.04152748,0.4224301,-0.1088557,-0.8998348,0,0,0,0.6690081,-0.501456,-1.031682,-0.5796,-0.4007999,1.915,0.9979606,0.0007185154,0.06382892,0.007670932,0.9913403,-0.1310939,-0.06337036,0.1313162,0.9893131,static,-14.74878403540227,-10.594171308110845,-16.839131587459715,-11.821085513920774,-0.7028469,-0.1462751,1.910082,-0.25051640340831616,-0.1779887709521108,0.9516099777310018,-15.094311051928486,-9.87554700237686,2.317718575971988,2.423813391499181,2.6133348046341083
05/10/2023 16:35:06.053468,1272,True,True,True,True,Eyes,1.376118,-0.3549363,-2.932939,-0.3132234,-0.05293675,0.9482029,0.0,0.0,0.0,0.0,0.0,0.0,0.0,-1.18132,-0.0442417,3.043791,1.371795,-0.3552513,-2.941787,-0.06579088,-0.0318314,-0.00181247,0.997324,352.4527,356.3416,0.03312854,0.4224119,-0.1088604,-0.8998427,0,0,0,0.6691148,-0.5013854,-1.031633,-0.5796,-0.4008,1.915,0.9979669,0.0005731927,0.06373093,0.007803671,0.9913366,-0.1311143,-0.06325395,0.131345,0.9893166,static,-14.85292204351344,-10.67467791449944,-16.839131587459715,-11.821088380307142,-0.7026802000000001,-0.1461341,1.9101540000000001,-0.2521871036836138,-0.17924533376389085,0.95093254883618,-15.198952814261448,-9.95244835196203,2.193016251385032,2.2933131728084373,2.4863632002553033
05/10/2023 16:35:06.077491,1273,True,True,True,True,Eyes,1.376067,-0.3549486,-2.932948,-0.3149758,-0.05429864,0.9475452,0.0,0.0,0.0,0.0,0.0,0.0,0.0,-1.180266,-0.04383287,3.0442,1.371742,-0.3552616,-2.941805,-0.06577686,-0.03198881,-0.001678781,0.9973202,352.4548,356.3225,0.04968639,0.4223944,-0.1088649,-0.8998504,0,0,0,0.6685366,-0.5016334,-1.031862,-0.5796,-0.4008,1.915,0.9979478,0.0008596824,0.064027,0.00755681,0.9913412,-0.1310938,-0.0635853,0.1313086,0.9893003,static,-14.947910306057791,-10.750288586634833,-16.839131587459715,-11.821088380307142,-0.7032054,-0.1463718,1.909943,-0.2537076039229202,-0.1804259350080904,0.9503046546359101,-15.294516095781901,-10.024694331195045,2.078506551977567,2.173322372165757,2.3691493403364103
05/10/2023 16:35:06.087130,1274,True,True,True,True,Eyes,1.376017,-0.3549598,-2.932956,-0.3166592,-0.05561196,0.9469077,0.0,0.0,0.0,0.0,0.0,0.0,0.0,-1.179255,-0.04399741,3.044523,1.371744,-0.35526,-2.941735,-0.0658572,-0.03214914,-0.001546482,0.9973098,352.446,356.3029,0.06645905,0.4223773,-0.1088694,-0.8998579,0,0,0,0.6680018,-0.5015028,-1.031981,-0.5795999,-0.4007999,1.915,0.9979281,0.001149863,0.06432901,0.007319149,0.9913209,-0.1312606,-0.06392162,0.1314595,0.9892585,static,-15.038883204026222,-10.833758895829083,-16.83912884659031,-11.821085513920774,-0.7037422000000001,-0.1462428,1.909754,-0.2551534280085862,-0.18173867386358486,0.9496671595652576,-15.386626261210466,-10.104555290347015,1.9643392298556206,2.0532165556422344,2.2486084072104036
05/10/2023 16:35:06.102494,1275,True,True,True,True,Eyes,1.375966,-0.3549725,-2.932961,-0.3184417,-0.05702586,0.9462256,0.0,0.0,0.0,0.0,0.0,0.0,0.0,-1.17901,-0.04351246,3.04459,1.371763,-0.3552414,-2.941693,-0.06579448,-0.03219045,-0.001496731,0.9973128,352.4535,356.2978,0.07227382,0.4223605,-0.1088739,-0.8998653,0,0,0,0.6678915,-0.501794,-1.03201,-0.5795999,-0.4007999,1.915,0.997923,0.00125049,0.06440485,0.007221325,0.9913377,-0.131139,-0.06401094,0.1313317,0.9892697,static,-15.148346422759841,-10.910263725154326,-16.83912884659031,-11.821085513920774,-0.7038715000000001,-0.14655259999999998,1.9096829999999998,-0.2569101244529595,-0.18291850313600652,0.9489667856500758,-15.496188273183197,-10.177554606206176,1.837520087707636,1.920505541680561,2.1224239040107413
05/10/2023 16:35:06.122237,1276,True,True,True,True,Eyes,1.375916,-0.3549843,-2.932967,-0.3201473,-0.05838187,0.9455671,0.0,0.0,0.0,0.0,0.0,0.0,0.0,-1.178903,-0.04308012,3.044597,1.371768,-0.3552642,-2.941646,-0.06575336,-0.03220634,-0.00143459,0.997315,352.4584,356.2955,0.07940407,0.422344,-0.1088783,-0.8998725,0,0,0,0.6678708,-0.5020569,-1.031991,-0.5796,-0.4007999,1.915,0.9979214,0.001373874,0.0644284,0.007096826,0.9913489,-0.1310612,-0.06405108,0.131246,0.9892785,static,-15.256293277373002,-10.985472251426808,-16.839131587459715,-11.821085513920774,-0.7038972000000001,-0.14679270000000005,1.9096549999999999,-0.25864068222859476,-0.18407600491485646,0.9482725868416264,-15.604220005122455,-10.2493144561279,1.712758162334329,1.7898677717457148,1.9988673978796208
05/10/2023 16:35:06.132258,1277,True,True,True,True,Eyes,1.375863,-0.3549965,-2.932973,-0.3218933,-0.05978519,0.9448865,0.0,0.0,0.0,0.0,0.0,0.0,0.0,-1.179324,-0.04318699,3.044437,1.371777,-0.3552557,-2.941647,-0.06574315,-0.03214212,-0.001501251,0.9973177,352.4593,356.3035,0.07119254,0.4223278,-0.1088827,-0.8998795,0,0,0,0.6680872,-0.5019974,-1.031911,-0.5796,-0.4007999,1.915,0.9979293,0.001231799,0.06430919,0.007220698,0.9913511,-0.1310371,-0.0639144,0.1312301,0.9892894,static,-15.374822010706621,-11.071849699630361,-16.839131587459715,-11.821085513920774,-0.7036898,-0.14674170000000003,1.909736,-0.2605354950536804,-0.18540758996749632,0.9474942452648744,-15.723043346220038,-10.33177230971923,1.5745143311932688,1.644857696576285,1.8611036463460449
05/10/2023 16:35:06.152434,1278,True,True,True,True,Eyes,1.37581,-0.3550062,-2.932978,-0.3235633,-0.06111495,0.9442307,0.0,0.0,0.0,0.0,0.0,0.0,0.0,-1.179991,-0.04382068,3.04419,1.371809,-0.3552504,-2.941654,-0.06580138,-0.03204343,-0.001615897,0.9973168,352.4522,356.3157,0.05744299,0.4223118,-0.1088871,-0.8998865,0,0,0,0.668431,-0.5016122,-1.031775,-0.5796,-0.4008,1.915,0.9979412,0.0009938829,0.06412757,0.007440126,0.9913351,-0.1311461,-0.06370226,0.1313532,0.9892868,static,-15.492345869215209,-11.163506317303018,-16.839131587459715,-11.821088380307142,-0.7033780000000001,-0.14636179999999993,1.909879,-0.26240668497495573,-0.1868249075806667,0.9466990264232935,-15.841178246109552,-10.41933219675561,1.435575633574551,1.4987481244198875,1.720706619280844
05/10/2023 16:35:06.172360,1279,True,True,True,True,Eyes,1.375736,-0.3550178,-2.932986,-0.3252406,-0.0624709,0.9435655,0.0,0.0,0.0,0.0,0.0,0.0,0.0,-1.180469,-0.04527414,3.043919,1.371738,-0.3552027,-2.941626,-0.06597559,-0.03196039,-0.001762671,0.9973078,352.4317,356.3263,0.04053816,0.422296,-0.1088914,-0.8998934,0,0,0,0.6685929,-0.5006955,-1.031595,-0.5796,-0.4007999,1.915,0.9979509,0.0007013613,0.06398128,0.007733061,0.9912882,-0.1314833,-0.0635161,0.1317086,0.9892515,static,-15.609010339719454,-11.271140956096284,-16.839131587459715,-11.821085513920774,-0.7031450999999999,-0.14549279999999998,1.9100309999999998,-0.2642474334629473,-0.18850482557376905,0.9458536560531275,-15.959332543040727,-10.522317471296645,1.2925320328274401,1.3474558622911663,1.5687079993109858
05/10/2023 16:35:06.192341,1280,True,True,True,True,Eyes,1.375663,-0.3550285,-2.932991,-0.3268485,-0.06376989,0.9429228,0.0,0.0,0.0,0.0,0.0,0.0,0.0,-1.180447,-0.04615164,3.043954,1.371701,-0.3552081,-2.941683,-0.06605348,-0.0319653,-0.0019218,0.9973022,352.4221,356.3269,0.02251955,0.4222798,-0.1088957,-0.8999005,0,0,0,0.6684507,-0.5001959,-1.031652,-0.5795999,-0.4008,1.915,0.9979491,0.0003896071,0.064012,0.008056069,0.9912664,-0.1316277,-0.06350423,0.1318734,0.9892303,static,-15.710388499136602,-11.364593304640382,-16.83912884659031,-11.821088380307142,-0.7032503000000001,-0.1449878,1.9100309999999998,-0.26584462439767176,-0.18996080158472217,0.945114531219816,-16.062001121252003,-10.611732421870196,1.1699189168945852,1.2175559642488378,1.4375219426834625
05/10/2023 16:35:06.202297,1281,True,True,True,True,Eyes,1.375577,-0.3550401,-2.932996,-0.3284513,-0.06507532,0.9422765,0.0,0.0,0.0,0.0,0.0,0.0,0.0,-1.180518,-0.04635969,3.043825,1.371651,-0.3551987,-2.941607,-0.06607365,-0.03194789,-0.001957259,0.9973013,352.4197,356.3292,0.01837337,0.4222633,-0.1089,-0.8999077,0,0,0,0.6684468,-0.5000616,-1.031549,-0.5796,-0.4007999,1.915,0.997951,0.0003178737,0.06398198,0.008125779,0.9912609,-0.1316656,-0.06346469,0.1319157,0.9892272,static,-15.815498029191833,-11.447756276342126,-16.839131587459715,-11.821085513920774,-0.7032042,-0.14486290000000002,1.9100579999999998,-0.2675102700980375,-0.19124094237901623,0.9443861570073459,-16.167720188808175,-10.691189828253579,1.0487594359647283,1.0895872526985713,1.3143277851162387
05/10/2023 16:35:06.222392,1282,True,True,True,True,Eyes,1.375494,-0.355054,-2.933003,-0.3299871,-0.06633813,0.9416516,0.0,0.0,0.0,0.0,0.0,0.0,0.0,-1.180288,-0.04632938,3.043891,1.371595,-0.3551923,-2.94161,-0.06607915,-0.03197486,-0.00192831,0.9973001,352.4192,356.3258,0.02193747,0.4222462,-0.1089043,-0.8999152,0,0,0,0.668304,-0.5000731,-1.031585,-0.5795999,-0.4008,1.915,0.9979478,0.0003795344,0.06403191,0.008071952,0.9912596,-0.1316782,-0.06352222,0.1319248,0.9892223,static,-15.912112946160349,-11.524273941858603,-16.83912884659031,-11.821088380307142,-0.7032909999999999,-0.14488080000000003,1.9100249999999999,-0.2690393296326133,-0.19241690502980016,0.9437126380474377,-16.264899396307705,-10.76429875274076,0.9388874618195185,0.9733741780638587,1.2027234838082081
05/10/2023 16:35:06.242641,1283,True,True,True,True,Eyes,1.3754,-0.3550694,-2.93301,-0.3314831,-0.06762142,0.9410347,0.0,0.0,0.0,0.0,0.0,0.0,0.0,-1.180179,-0.04542169,3.043979,1.371571,-0.3552614,-2.941645,-0.06600423,-0.03198093,-0.001773996,0.9973052,352.4283,356.324,0.03949591,0.4222286,-0.1089087,-0.8999229,0,0,0,0.6683412,-0.5006304,-1.031635,-0.5796,-0.4007999,1.915,0.9979482,0.000683323,0.06402367,0.007760182,0.9912806,-0.1315392,-0.06355529,0.1317662,0.9892414,static,-16.010123847902715,-11.588523954483426,-16.839131587459715,-11.821085513920774,-0.7032298000000001,-0.14536900000000003,1.9100099999999998,-0.2706006586360967,-0.19338715629980716,0.9430677069842341,-16.362773240073558,-10.825558756580365,0.8321687466451562,0.8610102851727947,1.1036262047021081
05/10/2023 16:35:06.252883,1284,True,True,True,True,Eyes,1.375311,-0.3550827,-2.933017,-0.3329107,-0.06886465,0.9404404,0.0,0.0,0.0,0.0,0.0,0.0,0.0,-1.180334,-0.04440475,3.043918,1.371539,-0.3552769,-2.941642,-0.06593367,-0.03193913,-0.001550713,0.9973115,352.4373,356.3271,0.06465578,0.4222103,-0.1089133,-0.899931,0,0,0,0.6685904,-0.5012018,-1.031571,-0.5796,-0.4007999,1.915,0.997955,0.001118639,0.06391101,0.007304817,0.9913007,-0.1314138,-0.06350202,0.1316119,0.9892653,static,-16.110452048698498,-11.648572715759755,-16.839131587459715,-11.821085513920774,-0.7029486,-0.14592490000000002,1.9100709999999999,-0.27220242587621785,-0.19428423490831315,0.9424221429696279,-16.462657657023605,-10.882746993354681,0.7254366443623549,0.7488220988583363,1.0110449047773185
05/10/2023 16:35:06.277729,1285,True,True,True,True,Eyes,1.375206,-0.3550977,-2.933025,-0.3341413,-0.0699432,0.9399242,0.0,0.0,0.0,0.0,0.0,0.0,0.0,-1.18069,-0.04342654,3.043799,1.37156,-0.3552391,-2.941642,-0.06584871,-0.03187428,-0.001357012,0.9973195,352.4477,356.3332,0.08617623,0.4221915,-0.1089179,-0.8999392,0,0,0,0.6689639,-0.5017358,-1.031485,-0.5796,-0.4007999,1.915,0.9979644,0.001491011,0.06375639,0.006904509,0.9913242,-0.1312579,-0.06339896,0.1314309,0.989296,static,-16.20028782084468,-11.698086775631648,-16.839131587459715,-11.821085513920774,-0.7025961,-0.14649669999999998,1.9101569999999999,-0.27363922313431505,-0.19501593758231545,0.9418547239298155,-16.551870326637598,-10.929848576149558,0.6318257949792934,0.6505767039816317,0.9363879063811787
05/10/2023 16:35:06.292410,1286,True,True,True,True,Eyes,1.375103,-0.35511,-2.933033,-0.335316,-0.07097567,0.9394283,0.0,0.0,0.0,0.0,0.0,0.0,0.0,-1.181206,-0.04274535,3.043614,1.371564,-0.3552583,-2.941643,-0.06583988,-0.03177801,-0.00112419,0.9973234,352.4496,356.3426,0.1122508,0.4221718,-0.1089226,-0.8999479,0,0,0,0.6694595,-0.5020795,-1.03133,-0.5796,-0.4007999,1.915,0.9979778,0.001942158,0.06353393,0.006426883,0.9913277,-0.1312559,-0.06323787,0.1313988,0.9893106,static,-16.291311918681842,-11.752175178390036,-16.839131587459715,-11.821085513920774,-0.7021045,-0.14682119999999999,1.910313,-0.27509018340674185,-0.19582065534496212,0.9412648715225452,-16.642471017857225,-10.98135543488336,0.5383158150423756,0.5521367800127583,0.8624511495015572
05/10/2023 16:35:06.306171,1287,True,True,True,True,Eyes,1.375006,-0.3551225,-2.933041,-0.3363311,-0.07194626,0.9389915,0.0,0.0,0.0,0.0,0.0,0.0,0.0,-1.181564,-0.04297206,3.043446,1.371528,-0.3552085,-2.941639,-0.06589467,-0.03171024,-0.00106894,0.9973221,352.4435,356.3499,0.1183072,0.4221514,-0.1089273,-0.8999569,0,0,0,0.66971,-0.5018827,-1.031209,-0.5796,-0.4007999,1.915,0.9979866,0.002046918,0.06339152,0.006311226,0.9913135,-0.1313686,-0.06310977,0.1315042,0.9893047,static,-16.366932692993704,-11.81591544331714,-16.839131587459715,-11.821085513920774,-0.701818,-0.14667420000000003,1.9104299999999999,-0.2762771211723357,-0.19679796616626824,0.9407132523022064,-16.718737703478734,-11.042292952717991,0.4635130208576777,0.47222719697722804,0.7880434890821804
05/10/2023 16:35:06.322409,1288,True,True,True,True,Eyes,1.374911,-0.3551325,-2.933054,-0.3373052,-0.07286811,0.938571,0.0,0.0,0.0,0.0,0.0,0.0,0.0,-1.182344,-0.04300648,3.043171,1.371519,-0.3552356,-2.941669,-0.06591089,-0.03157994,-0.001061369,0.9973251,352.4416,356.3649,0.1182469,0.4221305,-0.1089321,-0.8999662,0,0,0,0.6702,-0.5018462,-1.031052,-0.5796,-0.4007998,1.915,0.9980031,0.002045864,0.06313085,0.006279984,0.9913092,-0.1314021,-0.06285103,0.1315362,0.9893169,static,-16.4462031294493,-11.874362785159214,-16.839131587459715,-11.821082647534345,-0.7013189999999999,-0.14661060000000004,1.910617,-0.2775279550002232,-0.1976833329539897,0.9401593564436873,-16.79824120680142,-11.098095151984399,0.3922516795219378,0.39652433239306506,0.7241429016098708
05/10/2023 16:35:06.342771,1289,True,True,True,True,Eyes,1.37489,-0.355137,-2.933064,-0.3382976,-0.07400019,0.938125,0.0,0.0,0.0,0.0,0.0,0.0,0.0,-1.182395,-0.04389897,3.043205,1.371459,-0.3551834,-2.941773,-0.0660023,-0.03156609,-0.001170877,0.9973195,352.4307,356.3673,0.1058535,0.4221091,-0.1089367,-0.8999757,0,0,0,0.6701319,-0.501299,-1.031121,-0.5796,-0.4008,1.915,0.9980044,0.001831393,0.06311751,0.006502346,0.9912847,-0.1315768,-0.06280839,0.1317247,0.9892946,static,-16.51283628456788,-11.957758220991336,-16.839131587459715,-11.821088380307142,-0.7013271,-0.14611560000000007,1.910652,-0.27854592163750985,-0.19899047042793588,0.939582232765592,-16.866888202135858,-11.178068033946541,0.353417844267887,0.35376160057575207,0.643619138537681
05/10/2023 16:35:06.352291,1290,True,True,True,True,Eyes,1.374869,-0.3551396,-2.933071,-0.3392529,-0.07508534,0.9376938,0.0,0.0,0.0,0.0,0.0,0.0,0.0,-1.182431,-0.04444158,3.043183,1.37144,-0.3552212,-2.941777,-0.06606789,-0.0315605,-0.001243626,0.9973152,352.4229,356.3684,0.09766528,0.4220892,-0.1089411,-0.8999845,0,0,0,0.6700931,-0.5009893,-1.031105,-0.5796,-0.4007999,1.915,0.9980048,0.001689696,0.06311586,0.006650846,0.991267,-0.1317025,-0.06278721,0.1318595,0.989278,static,-16.57644097091466,-12.034057860217832,-16.839131587459715,-11.821085513920774,-0.7013469,-0.14576809999999996,1.9106720000000001,-0.27951954639959564,-0.2001825523837156,0.9390398127350462,-16.932239831405454,-11.25121634641208,0.33868190902170614,0.3381768476819406,0.5774253312487346
05/10/2023 16:35:06.372456,1291,True,True,True,True,Eyes,1.374869,-0.3551396,-2.933071,-0.3392529,-0.07508534,0.9376938,0.0,0.0,0.0,0.0,0.0,0.0,0.0,-1.18217,-0.04461932,3.043224,1.371428,-0.3551782,-2.941728,-0.06608266,-0.03160287,-0.001261605,0.9973128,352.4212,356.3637,0.09597076,0.4220706,-0.1089451,-0.8999927,0,0,0,0.6699108,-0.5008695,-1.031113,-0.5796,-0.4007999,1.915,0.9979993,0.001660372,0.06320262,0.006693232,0.991263,-0.1317304,-0.06286915,0.1318899,0.9892687,static,-16.571372136059985,-12.03619784658474,-16.839131587459715,-11.821085513920774,-0.7015172000000001,-0.14569129999999997,1.910615,-0.2794341242592339,-0.2002228101418525,0.9390566529758149,-16.92746790748958,-11.25331980116977,0.3439904710027941,0.3434653395584724,0.5745965628265407
05/10/2023 16:35:06.392335,1292,True,True,True,True,Eyes,1.374869,-0.3551396,-2.933071,-0.3392529,-0.07508534,0.9376938,0.0,0.0,0.0,0.0,0.0,0.0,0.0,-1.181784,-0.04529741,3.043359,1.371413,-0.3551829,-2.941729,-0.06619173,-0.03166385,-0.001267856,0.9973036,352.4087,356.3566,0.0961194,0.4220539,-0.1089487,-0.9000001,0,0,0,0.6696596,-0.5004487,-1.031168,-0.5796,-0.4007999,1.915,0.9979916,0.001662896,0.06332479,0.006720643,0.9912341,-0.1319462,-0.0629891,0.1321068,0.9892321,static,-16.564979668514187,-12.048545759032244,-16.839131587459715,-11.821085513920774,-0.7017534,-0.14526579999999994,1.910561,-0.27931714068527974,-0.20043228825008985,0.9390467686680989,-16.921961805554755,-11.26528398057491,0.3567252577537053,0.35622666627820676,0.5619396671345471
05/10/2023 16:35:06.403209,1293,True,True,True,True,Eyes,1.374925,-0.3551341,-2.933077,-0.3401807,-0.07645652,0.9372468,0.0,0.0,0.0,0.0,0.0,0.0,0.0,-1.181314,-0.04523337,3.04354,1.371415,-0.3551313,-2.941731,-0.06616072,-0.03174267,-0.001290806,0.9973031,352.4121,356.3477,0.09396204,0.4220389,-0.1089519,-0.9000068,0,0,0,0.66935,-0.5004942,-1.031292,-0.5796,-0.4008,1.915,0.9979815,0.001625585,0.06348493,0.006774886,0.9912422,-0.1318826,-0.06314333,0.1320465,0.9892303,static,-16.618340690292378,-12.128784832291467,-16.839131587459715,-11.821088380307142,-0.702065,-0.14536290000000002,1.9104389999999998,-0.28011727619600574,-0.20169819379211007,0.938537278114605,-16.977649359864003,-11.342311382751863,0.376956652527958,0.3787158919766899,0.4984120651227195
05/10/2023 16:35:06.423165,1294,True,True,True,True,Eyes,1.374979,-0.35513,-2.933082,-0.3410707,-0.07776937,0.9368151,0.0,0.0,0.0,0.0,0.0,0.0,0.0,-1.181128,-0.0451867,3.043598,1.371413,-0.355155,-2.941714,-0.0661642,-0.03177216,-0.00127253,0.9973021,352.4118,356.3442,0.09630761,0.4220268,-0.1089546,-0.9000121,0,0,0,0.6692465,-0.5005301,-1.031314,-0.5795999,-0.4007998,1.915,0.9979779,0.001666164,0.06354126,0.006742551,0.9912414,-0.1318905,-0.06320447,0.1320522,0.9892257,static,-16.675784994145676,-12.20817872085793,-16.83912884659031,-11.821082647534345,-0.7021665,-0.14537509999999998,1.9104,-0.28098416034174184,-0.20294490869802373,0.9380091121984339,-17.03722763405322,-11.418492278987951,0.41382536564341316,0.42014828824355877,0.44868935182439573
05/10/2023 16:35:06.444355,1295,True,True,True,True,Eyes,1.375078,-0.3551221,-2.933085,-0.3418373,-0.07917733,0.9364178,0.0,0.0,0.0,0.0,0.0,0.0,0.0,-1.181055,-0.04540879,3.043622,1.371429,-0.3551839,-2.941703,-0.06622213,-0.03178458,-0.001233769,0.9972978,352.4053,356.3424,0.1010865,0.4220171,-0.1089568,-0.9000164,0,0,0,0.6692349,-0.5003853,-1.031299,-0.5795999,-0.4007999,1.915,0.9979764,0.001748815,0.06356079,0.006670556,0.9912262,-0.1320079,-0.06323398,0.1321648,0.9892088,static,-16.72869970004507,-12.298673894685821,-16.83912884659031,-11.821085513920774,-0.7021941,-0.14520140000000004,1.910404,-0.28176458605458854,-0.2043774672262767,0.9374639482933292,-17.093029144081907,-11.50542025592163,0.4778610237232831,0.49018900217007066,0.4051048212179019
05/10/2023 16:35:06.462556,1296,True,True,True,True,Eyes,1.375172,-0.3551145,-2.933089,-0.3425708,-0.08053157,0.9360341,0.0,0.0,0.0,0.0,0.0,0.0,0.0,-1.181105,-0.04540068,3.043601,1.371426,-0.3551936,-2.941701,-0.06620415,-0.03177842,-0.001277303,0.9972991,352.4072,356.3435,0.09595355,0.4220109,-0.1089583,-0.9000191,0,0,0,0.6692325,-0.5004084,-1.031298,-0.5795999,-0.4007999,1.915,0.997977,0.001660021,0.0635543,0.006755432,0.9912308,-0.1319695,-0.06321605,0.1321319,0.9892143,static,-16.779796116492015,-12.38045455837323,-16.83912884659031,-11.821085513920774,-0.7021935,-0.14521479999999998,1.910403,-0.28252246615602256,-0.20566753465906973,0.9369534910797305,-17.146615807494648,-11.58395243796268,0.544086749390406,0.5625069784034425,0.3883044254699316
05/10/2023 16:35:06.476011,1297,True,True,True,True,Eyes,1.37525,-0.3551064,-2.933093,-0.3431664,-0.08153421,0.9357291,0.0,0.0,0.0,0.0,0.0,0.0,0.0,-1.181284,-0.04518849,3.04355,1.371425,-0.3551922,-2.941718,-0.06615545,-0.03175022,-0.001309487,0.9973032,352.4127,356.347,0.09184653,0.4220077,-0.1089594,-0.9000205,0,0,0,0.669321,-0.5005522,-1.031293,-0.5796,-0.4008,1.915,0.9979804,0.001588989,0.06350245,0.00681281,0.9912435,-0.1318709,-0.06315593,0.1320372,0.9892308,static,-16.82342400452428,-12.437208189221664,-16.839131587459715,-11.821088380307142,-0.7021039999999998,-0.14536,1.9104249999999998,-0.28318181286474425,-0.20655364887973698,0.9365594509016485,-17.191676354134806,-11.63838989921264,0.5930549688136985,0.6163200038117707,0.3970724713502971
05/10/2023 16:35:06.492534,1298,True,True,True,True,Eyes,1.375322,-0.3550974,-2.933099,-0.3437375,-0.08249738,0.935435,0.0,0.0,0.0,0.0,0.0,0.0,0.0,-1.181382,-0.04504761,3.043527,1.371424,-0.355182,-2.941733,-0.06613606,-0.03173317,-0.001296381,0.9973052,352.4149,356.3489,0.09315529,0.4220066,-0.1089599,-0.9000209,0,0,0,0.6693921,-0.5006324,-1.031288,-0.5796,-0.4008,1.915,0.9979826,0.001611639,0.06346678,0.006783187,0.9912487,-0.1318334,-0.06312383,0.1319979,0.9892381,static,-16.865021477239875,-12.49319030573057,-16.839131587459715,-11.821088380307142,-0.7020318999999999,-0.14545039999999998,1.9104450000000002,-0.28380798328623963,-0.2074285894371394,0.9361764442375328,-17.23473900854202,-11.692098208494972,0.6445945759297526,0.6726003899424295,0.41610539054370194
05/10/2023 16:35:06.502350,1299,True,True,True,True,Eyes,1.37541,-0.3550876,-2.933103,-0.3442615,-0.08312768,0.9351865,0.0,0.0,0.0,0.0,0.0,0.0,0.0,-1.181343,-0.04502058,3.04355,1.371375,-0.3551478,-2.941768,-0.06613087,-0.03173066,-0.001283266,0.9973056,352.4156,356.3491,0.0946288,0.4220075,-0.10896,-0.9000205,0,0,0,0.6693599,-0.500635,-1.03132,-0.5796,-0.4007999,1.915,0.997983,0.001637135,0.06346006,0.006756369,0.9912502,-0.1318239,-0.0631206,0.1319868,0.9892398,static,-16.900761950739376,-12.530701611856369,-16.839131587459715,-11.821085513920774,-0.7020151,-0.14548720000000004,1.9104480000000001,-0.28435625409093573,-0.20800621711279504,0.9358818919866324,-17.27117660719249,-11.728026396065534,0.6806131518109143,0.7122873774870099,0.4419535026356169
05/10/2023 16:35:06.522760,1300,True,True,True,True,Eyes,1.375497,-0.3550765,-2.933106,-0.3447626,-0.08373284,0.9349478,0.0,0.0,0.0,0.0,0.0,0.0,0.0,-1.181387,-0.04541451,3.043526,1.371393,-0.3551812,-2.941754,-0.06623578,-0.03172212,-0.001204132,0.997299,352.4038,356.3494,0.1040755,0.4220105,-0.1089597,-0.9000191,0,0,0,0.6694524,-0.5003626,-1.031256,-0.5796,-0.4007999,1.915,0.9979845,0.001800519,0.06343238,0.006604038,0.9912228,-0.1320374,-0.06311335,0.1321902,0.989213,static,-16.93754580390438,-12.576774511586557,-16.839131587459715,-11.821085513920774,-0.7019406000000001,-0.14518140000000002,1.910498,-0.28491253769529423,-0.20872273194917132,0.9355530421145384,-17.30907406397714,-11.772208676823144,0.7263291856270291,0.7620703505527112,0.47247738193483735
05/10/2023 16:35:06.542499,1301,True,True,True,True,Eyes,1.375615,-0.355064,-2.933108,-0.3452241,-0.08404069,0.93475,0.0,0.0,0.0,0.0,0.0,0.0,0.0,-1.181544,-0.04541832,3.043471,1.371474,-0.3551367,-2.941727,-0.06624953,-0.03170759,-0.001157987,0.9972985,352.4024,356.3507,0.1093354,0.4220153,-0.108959,-0.9000169,0,0,0,0.6696136,-0.5003228,-1.0312,-0.5795999,-0.4007999,1.915,0.9979866,0.001891509,0.0633973,0.006510942,0.9912193,-0.1320677,-0.06309043,0.1322145,0.9892113,static,-16.970136753709106,-12.59584584315635,-16.83912884659031,-11.821085513920774,-0.7018604,-0.14518609999999993,1.9105270000000003,-0.28542735917095347,-0.209000752339406,0.9353341581781046,-17.34149776931894,-11.790366012279804,0.7472879539809523,0.785758639459259,0.503307284175975
05/10/2023 16:35:06.562572,1302,True,True,True,True,Eyes,1.375728,-0.3550509,-2.933108,-0.3456596,-0.0843503,0.9345611,0.0,0.0,0.0,0.0,0.0,0.0,0.0,-1.181641,-0.04644614,3.043432,1.37147,-0.3551755,-2.94174,-0.06639511,-0.03169421,-0.00123253,0.9972892,352.3854,356.3527,0.1011772,0.4220226,-0.1089577,-0.9000136,0,0,0,0.6696178,-0.4997016,-1.031159,-0.5795999,-0.4008,1.915,0.9979879,0.001750302,0.06338025,0.006667058,0.9911804,-0.1323521,-0.06305291,0.1325084,0.9891744,static,-17.000112896833855,-12.634485552319699,-16.83912884659031,-11.821088380307142,-0.7018521999999999,-0.14452610000000005,1.9105809999999999,-0.2858790280012839,-0.20960202602000172,0.9350615775727349,-17.372439441311606,-11.827426733464206,0.7873628828897042,0.8291747848739986,0.5333482587978764
05/10/2023 16:35:06.572679,1303,True,True,True,True,Eyes,1.37587,-0.3550329,-2.933108,-0.3460637,-0.08442271,0.934405,0.0,0.0,0.0,0.0,0.0,0.0,0.0,-1.182119,-0.04527989,3.043197,1.371444,-0.3551477,-2.941686,-0.06623171,-0.03160853,-0.001158559,0.9973028,352.4044,356.3622,0.1084446,0.4220321,-0.108956,-0.9000094,0,0,0,0.6699587,-0.5003941,-1.031026,-0.5796,-0.4007999,1.915,0.9979991,0.001876106,0.06320002,0.006497842,0.9912241,-0.1320329,-0.06289309,0.1321794,0.9892285,static,-17.035497911959407,-12.618528105375221,-16.839131587459715,-11.821085513920774,-0.7014853000000001,-0.14524639999999994,1.9106599999999998,-0.28647523788973694,-0.2093026932156627,0.9349461498584412,-17.405697720529396,-11.811759948695087,0.7780208409950291,0.8212639162066611,0.5666428763412723
05/10/2023 16:35:06.584399,1304,True,True,True,True,Eyes,1.376009,-0.3550141,-2.933105,-0.3464538,-0.08446769,0.9342564,0.0,0.0,0.0,0.0,0.0,0.0,0.0,-1.181404,-0.04532889,3.043519,1.371444,-0.3550972,-2.941739,-0.06624936,-0.03172294,-0.001106477,0.9972982,352.4026,356.3485,0.1153911,0.4220442,-0.1089538,-0.900004,0,0,0,0.6695532,-0.5003512,-1.031228,-0.5796,-0.4008,1.915,0.9979849,0.001996274,0.06342107,0.006410224,0.9912196,-0.1320705,-0.06312786,0.1322109,0.9892094,static,-17.047724010223625,-12.621273248038998,-16.839131587459715,-11.821088380307142,-0.7018908000000001,-0.145254,1.910511,-0.28667274368892737,-0.20933458644180553,0.9348785033759394,-17.417627152376525,-11.814316514070352,0.7828663654290482,0.8269260071986887,0.5785351992755053
05/10/2023 16:35:06.602716,1305,True,True,True,True,Eyes,1.376194,-0.3549929,-2.9331,-0.3468195,-0.08437158,0.9341294,0.0,0.0,0.0,0.0,0.0,0.0,0.0,-1.181475,-0.04739159,3.04341,1.371488,-0.3550623,-2.94167,-0.06651679,-0.03172685,-0.001273391,0.99728,352.3713,356.3492,0.09716742,0.4220587,-0.108951,-0.8999975,0,0,0,0.6694883,-0.4990675,-1.031105,-0.5796,-0.4008,1.915,0.9979836,0.001680881,0.0634505,0.006760591,0.9911478,-0.1325909,-0.06311169,0.1327525,0.9891378,static,-17.069126724240757,-12.652700954428077,-16.839131587459715,-11.821088380307142,-0.7019997,-0.1440052,1.9105649999999998,-0.28699100092677043,-0.2098264812099579,0.9346705720233219,-17.439922934231024,-11.84448248419979,0.8162551496346827,0.862830943104719,0.6012466436099447
05/10/2023 16:35:06.622640,1306,True,True,True,True,Eyes,1.376371,-0.354973,-2.933092,-0.3471732,-0.0842707,0.934007,0.0,0.0,0.0,0.0,0.0,0.0,0.0,-1.180995,-0.04890412,3.043574,1.37151,-0.3550922,-2.941658,-0.06668399,-0.03181947,-0.001477887,0.9972656,352.3514,356.34,0.07492232,0.4220765,-0.1089476,-0.8999896,0,0,0,0.669046,-0.4981956,-1.031196,-0.5796,-0.4007999,1.915,0.9979706,0.001296007,0.06366202,0.007191391,0.9911022,-0.1329093,-0.06326782,0.1330974,0.9890816,static,-17.078132486488727,-12.673391751942383,-16.839131587459715,-11.821085513920774,-0.702464,-0.1431034,1.9104619999999999,-0.28711711333745116,-0.210155683183686,0.9345577616071133,-17.449700618172724,-11.864381080256665,0.83723872201439,0.8851821016645232,0.6121021543257047
05/10/2023 16:35:06.642568,1307,True,True,True,True,Eyes,1.376564,-0.3549537,-2.933084,-0.3474919,-0.0841703,0.9338976,0.0,0.0,0.0,0.0,0.0,0.0,0.0,-1.181314,-0.0497717,3.043383,1.371517,-0.3550976,-2.941599,-0.06665257,-0.03179007,-0.001899331,0.9972679,352.3535,356.3466,0.02598539,0.4220971,-0.1089437,-0.8999804,0,0,0,0.6689376,-0.4977808,-1.031147,-0.5796,-0.4008,1.915,0.9979716,0.0004494978,0.06365963,0.008026063,0.9911076,-0.1328202,-0.06315324,0.1330617,0.9890936,static,-17.094208816728443,-12.68028445413785,-16.839131587459715,-11.821088380307142,-0.7025794000000001,-0.1426832,1.910452,-0.28737330385329324,-0.21025125974483805,0.9344575855872816,-17.465561034969802,-11.8709109307765,0.8471204116915144,0.8962601665685663,0.6284076218849237
05/10/2023 16:35:06.659689,1308,True,True,True,True,Eyes,1.376746,-0.3549325,-2.933075,-0.3478024,-0.08408642,0.9337896,0.0,0.0,0.0,0.0,0.0,0.0,0.0,-1.181379,-0.04819497,3.043361,1.371461,-0.3551393,-2.941598,-0.06641809,-0.03176869,-0.001852598,0.9972844,352.3805,356.3489,0.03034239,0.4221207,-0.1089394,-0.8999699,0,0,0,0.6689903,-0.4987887,-1.031178,-0.5796,-0.4007999,1.915,0.9979746,0.0005248991,0.06361094,0.007915165,0.9911704,-0.1323577,-0.06311876,0.1325932,0.9891587,static,-17.11470033871376,-12.6474323428245,-16.839131587459715,-11.821085513920774,-0.7024707,-0.14364939999999998,1.91042,-0.2877428987540447,-0.20969113939157857,0.9344697441970056,-17.483568300583855,-11.839053392609356,0.8221838861370118,0.8710839329863435,0.6446871503968515
05/10/2023 16:35:06.672363,1309,True,True,True,True,Eyes,1.376915,-0.3549131,-2.933067,-0.3480675,-0.08397505,0.9337009,0.0,0.0,0.0,0.0,0.0,0.0,0.0,-1.180594,-0.04716167,3.04364,1.371369,-0.3550791,-2.941604,-0.06634264,-0.03186987,-0.001595749,0.9972866,352.3901,356.3353,0.06045373,0.4221466,-0.1089346,-0.8999584,0,0,0,0.668654,-0.4993573,-1.031322,-0.5796,-0.4007999,1.915,0.9979635,0.001045824,0.06377852,0.0074115,0.9911922,-0.1322235,-0.06335505,0.132427,0.9891659,static,-17.12249403421048,-12.622372804989267,-16.839131587459715,-11.821085513920774,-0.7027150000000001,-0.14427820000000002,1.9102819999999998,-0.2878964402978697,-0.20927233792532113,0.9345163949779841,-17.48975053785002,-11.814811816805015,0.8016564093451193,0.8499150540239081,0.650649197250319
05/10/2023 16:35:06.687472,1310,True,True,True,True,Eyes,1.377077,-0.3548926,-2.93306,-0.3483154,-0.08387525,0.9336174,0.0,0.0,0.0,0.0,0.0,0.0,0.0,-1.180079,-0.04589766,3.043866,1.371406,-0.3550912,-2.941593,-0.06619423,-0.03195375,-0.001450477,0.9972941,352.4077,356.3246,0.07729369,0.4221742,-0.1089295,-0.899946,0,0,0,0.6684529,-0.5001367,-1.031457,-0.5796,-0.4007999,1.915,0.9979537,0.001337202,0.06392658,0.007123411,0.9912325,-0.1319375,-0.06354252,0.1321229,0.9891945,static,-17.128973439622765,-12.593971683714974,-16.839131587459715,-11.821085513920774,-0.7029530999999999,-0.1450455,1.910136,-0.2880318387249067,-0.20880019704780217,0.9345802601253842,-17.494488748737,-11.787355538357039,0.7780598424207842,0.8254461404140527,0.6562245957665365
05/10/2023 16:35:06.702331,1311,True,True,True,True,Eyes,1.377144,-0.3548795,-2.933056,-0.3485154,-0.08373035,0.9335557,0.0,0.0,0.0,0.0,0.0,0.0,0.0,-1.180542,-0.0453335,3.043701,1.371387,-0.3550463,-2.941614,-0.06611224,-0.03187247,-0.00140949,0.9973021,352.4173,356.3337,0.08109199,0.4222033,-0.1089241,-0.899933,0,0,0,0.6687658,-0.5004553,-1.031383,-0.5796,-0.4007999,1.915,0.9979643,0.001402946,0.06375932,0.007025695,0.9912543,-0.1317779,-0.06338658,0.1319576,0.9892266,static,-17.150299900178677,-12.575127426474358,-16.839131587459715,-11.821085513920774,-0.7026212,-0.14540900000000007,1.910231,-0.2884005240795812,-0.20846863310479824,0.9345405113063918,-17.514043917034083,-11.769009344098892,0.7680553151478046,0.8157235590123852,0.6769184441827677
05/10/2023 16:35:06.726972,1312,True,True,True,True,Eyes,1.377207,-0.3548667,-2.933055,-0.3487069,-0.08359081,0.9334967,0.0,0.0,0.0,0.0,0.0,0.0,0.0,-1.181122,-0.04473168,3.043494,1.371374,-0.3550261,-2.941631,-0.06604797,-0.03177053,-0.001322998,0.9973097,352.425,356.3448,0.09004584,0.4222313,-0.1089188,-0.8999205,0,0,0,0.6691872,-0.5007865,-1.031267,-0.5796,-0.4007999,1.915,0.9979777,0.001557881,0.06354488,0.006835634,0.9912718,-0.1316565,-0.06319535,0.1318246,0.9892566,static,-17.174346656293903,-12.55698931078892,-16.839131587459715,-11.821085513920774,-0.7021868000000001,-0.1457604,1.9103640000000002,-0.2888130288895527,-0.20814574348203524,0.9344850979811872,-17.536258431558952,-11.751323996441156,0.7605978709994545,0.8086553905208705,0.7006086682912378
05/10/2023 16:35:06.742975,1313,True,True,True,True,Eyes,1.37718,-0.3548604,-2.933056,-0.3488707,-0.08338994,0.9334534,0.0,0.0,0.0,0.0,0.0,0.0,0.0,-1.181036,-0.04474199,3.043554,1.371336,-0.355022,-2.941677,-0.06607965,-0.03177401,-0.001248117,0.9973077,352.4216,356.3438,0.09882273,0.422258,-0.1089135,-0.8999086,0,0,0,0.6691759,-0.5007559,-1.031302,-0.5795999,-0.4007998,1.915,0.9979777,0.001709716,0.06354187,0.006688744,0.9912639,-0.1317241,-0.06321196,0.1318828,0.9892478,static,-17.184726171174113,-12.545918621585141,-16.83912884659031,-11.821082647534345,-0.7021601000000001,-0.14573390000000003,1.910375,-0.2889943901017461,-0.2079532766232763,0.9344718158481915,-17.545675101949335,-11.740562175468328,0.7549528637088407,0.8030097758045347,0.7111196505396232
05/10/2023 16:35:06.752352,1314,True,True,True,True,Eyes,1.377155,-0.3548552,-2.933058,-0.3490295,-0.08319347,0.9334116,0.0,0.0,0.0,0.0,0.0,0.0,0.0,-1.181029,-0.04546767,3.043553,1.371335,-0.3549902,-2.941689,-0.0661871,-0.03177541,-0.001265861,0.9973003,352.4092,356.3438,0.09718639,0.4222814,-0.1089086,-0.8998982,0,0,0,0.6691587,-0.5002856,-1.031286,-0.5796,-0.4008,1.915,0.9979774,0.001681357,0.06354681,0.006731131,0.9912353,-0.1319364,-0.06321168,0.1320973,0.9892191,static,-17.194194170432723,-12.547232736089796,-16.839131587459715,-11.821088380307142,-0.7021763,-0.14529540000000002,1.9104030000000003,-0.28914810130575364,-0.20796463299578008,0.9344217716158263,-17.554870293757897,-11.7417586604496,0.7597399409458433,0.8083038186613194,0.7201215870574026
05/10/2023 16:35:06.772466,1315,True,True,True,True,Eyes,1.377104,-0.3548533,-2.93306,-0.3491716,-0.08296771,0.9333786,0.0,0.0,0.0,0.0,0.0,0.0,0.0,-1.180841,-0.04572523,3.043642,1.371338,-0.3550117,-2.941706,-0.0662511,-0.03180412,-0.001221373,0.9972953,352.402,356.3401,0.102773,0.4223019,-0.108904,-0.8998892,0,0,0,0.6690761,-0.5001184,-1.03132,-0.5796,-0.4007998,1.915,0.997974,0.001777977,0.06359803,0.006650253,0.9912186,-0.1320661,-0.06327436,0.1322215,0.9891986,static,-17.199958923242782,-12.539322192680777,-16.839131587459715,-11.821082647534345,-0.7022619,-0.14510669999999998,1.910386,-0.28925066098571917,-0.2078289041671903,0.9344202800662844,-17.56000680924516,-11.734081318182126,0.7553114826711063,0.8037813200494645,0.7261062709364706
05/10/2023 16:35:06.792526,1316,True,True,True,True,Eyes,1.377055,-0.3548502,-2.933062,-0.3493134,-0.08274417,0.9333454,0.0,0.0,0.0,0.0,0.0,0.0,0.0,-1.180406,-0.04609302,3.04383,1.371339,-0.355028,-2.941729,-0.0663289,-0.03187336,-0.001182562,0.9972879,352.3932,356.3317,0.1080679,0.4223189,-0.1088999,-0.8998817,0,0,0,0.6688347,-0.4998887,-1.031414,-0.5796,-0.4008,1.915,0.9979654,0.001869541,0.06373071,0.006586959,0.9911981,-0.1322226,-0.06341696,0.1323734,0.9891691,static,-17.20103142853653,-12.53311909338565,-16.839131587459715,-11.821088380307142,-0.7025043000000001,-0.1448607,1.910315,-0.28927460943002864,-0.2077261710196305,0.9344357243825476,-17.560711416248456,-11.728087175253949,0.7504907783810489,0.7987235011807994,0.7275483993908135
05/10/2023 16:35:06.802788,1317,True,True,True,True,Eyes,1.377032,-0.3548472,-2.933063,-0.349429,-0.08250494,0.9333233,0.0,0.0,0.0,0.0,0.0,0.0,0.0,-1.180127,-0.04674971,3.04391,1.371321,-0.3549949,-2.941723,-0.066373,-0.03192334,-0.001320295,0.9972833,352.3877,356.327,0.09273572,0.422333,-0.1088962,-0.8998755,0,0,0,0.6685522,-0.4995125,-1.031479,-0.5796,-0.4007999,1.915,0.9979583,0.00160428,0.06384849,0.006871111,0.9911858,-0.1323011,-0.06349795,0.1324697,0.9891511,static,-17.199670048659538,-12.52888773771731,-16.839131587459715,-11.821085513920774,-0.7027688,-0.14451760000000002,1.910244,-0.2892566638597981,-0.2076583364706902,0.9344563506099246,-17.559174797857636,-11.724014193484566,0.7463628709097435,0.7943374409000611,0.726556994386108
05/10/2023 16:35:06.822593,1318,True,True,True,True,Eyes,1.377009,-0.3548449,-2.933063,-0.3495395,-0.08227403,0.9333023,0.0,0.0,0.0,0.0,0.0,0.0,0.0,-1.179983,-0.04757562,3.043949,1.371315,-0.3550166,-2.941719,-0.06646341,-0.03195183,-0.001437562,0.9972762,352.3769,356.3245,0.07977107,0.4223451,-0.1088928,-0.8998702,0,0,0,0.6683733,-0.4990363,-1.031501,-0.5796,-0.4007999,1.915,0.997954,0.001379963,0.06392068,0.007114546,0.9911611,-0.1324729,-0.0635385,0.1326566,0.9891234,static,-17.20118427876823,-12.529751862972544,-16.839131587459715,-11.821085513920774,-0.7029417000000001,-0.14401969999999997,1.910218,-0.2892805717031349,-0.2076708610093374,0.9344461598084337,-17.56068009240731,-11.72483662144638,0.7477112303429888,0.7957952912414754,0.7279396226986529
05/10/2023 16:35:06.842673,1319,True,True,True,True,Eyes,1.376986,-0.3548446,-2.933063,-0.3496181,-0.0820631,0.9332914,0.0,0.0,0.0,0.0,0.0,0.0,0.0,-1.180056,-0.04767257,3.043905,1.371313,-0.3550322,-2.941703,-0.06646756,-0.03194138,-0.001473357,0.9972761,352.3763,356.326,0.07557917,0.4223555,-0.1088897,-0.8998657,0,0,0,0.6683912,-0.4989892,-1.031473,-0.5796,-0.4007999,1.915,0.9979551,0.001307445,0.06390462,0.007184818,0.9911598,-0.1324789,-0.06351289,0.1326672,0.9891236,static,-17.205905619732093,-12.519079151447903,-16.839131587459715,-11.821085513920774,-0.7029218,-0.143957,1.9102299999999999,-0.28936885322291905,-0.20749100413150295,0.934458750043111,-17.564664400307723,-11.714501666034971,0.7406885282056365,0.7884911596065561,0.7333198341442073
05/10/2023 16:35:06.852351,1320,True,True,True,True,Eyes,1.376964,-0.3548433,-2.933064,-0.3496909,-0.08186317,0.9332817,0.0,0.0,0.0,0.0,0.0,0.0,0.0,-1.179811,-0.04718992,3.04402,1.371313,-0.3550612,-2.941712,-0.06641062,-0.03197935,-0.001426938,0.9972788,352.383,356.3213,0.08101071,0.4223642,-0.1088869,-0.8998619,0,0,0,0.6682727,-0.4993011,-1.031547,-0.5796001,-0.4007999,1.915,0.9979506,0.001401427,0.06397418,0.007093646,0.9911751,-0.1323685,-0.06359512,0.1325511,0.9891338,static,-17.205496297813443,-12.498746433182346,-16.839134328329035,-11.821085513920774,-0.7030403,-0.14423989999999998,1.910165,-0.2893830291816035,-0.20715845294674776,0.9345281555386856,-17.563191158550623,-11.694883570285652,0.7235230501831015,0.7703540836387723,0.7349729409766163
05/10/2023 16:35:06.877907,1321,True,True,True,True,Eyes,1.376923,-0.354845,-2.933067,-0.3497306,-0.08168592,0.9332824,0.0,0.0,0.0,0.0,0.0,0.0,0.0,-1.180145,-0.04705188,3.043943,1.37132,-0.3550341,-2.941764,-0.06634375,-0.03193006,-0.001520682,0.9972847,352.3903,356.3278,0.06957465,0.4223714,-0.1088844,-0.8998588,0,0,0,0.6684167,-0.499409,-1.031558,-0.5796,-0.4007999,1.915,0.9979563,0.001203612,0.06388848,0.007269826,0.9911923,-0.1322301,-0.06348494,0.1324243,0.9891579,static,-17.211015105140174,-12.484361547268282,-16.839131587459715,-11.821085513920774,-0.7029033000000001,-0.14437489999999997,1.910206,-0.28948817752382217,-0.2069169568150208,0.9345491363800585,-17.567747137710253,-11.680960310358744,0.7140239698439054,0.7604159698057348,0.7419674472240645
05/10/2023 16:35:06.892631,1322,True,True,True,True,Eyes,1.376884,-0.3548412,-2.933071,-0.3497722,-0.08150323,0.9332827,0.0,0.0,0.0,0.0,0.0,0.0,0.0,-1.180273,-0.04524961,3.043935,1.371314,-0.35506,-2.941778,-0.06612059,-0.03190001,-0.001352198,0.9973007,352.4165,356.33,0.08793893,0.4223769,-0.1088823,-0.8998565,0,0,0,0.6686193,-0.5005123,-1.031578,-0.5796,-0.4007999,1.915,0.9979611,0.001521399,0.06380662,0.00691559,0.9912524,-0.131798,-0.06344898,0.1319705,0.9892209,static,-17.217229176304,-12.44184327697398,-16.839131587459715,-11.821085513920774,-0.7026946999999999,-0.14545230000000003,1.9101999999999997,-0.2896334441023325,-0.20621390067998852,0.9346594362313625,-17.571480645003454,-11.63988290760241,0.682238812227123,0.726841101672629,0.7544332486189697
05/10/2023 16:35:06.903597,1323,True,True,True,True,Eyes,1.376817,-0.3548406,-2.933073,-0.3497897,-0.08129801,0.9332941,0.0,0.0,0.0,0.0,0.0,0.0,0.0,-1.17987,-0.04635665,3.044064,1.371299,-0.3549286,-2.941791,-0.06631572,-0.03195896,-0.001269895,0.997286,352.3944,356.3225,0.09860647,0.4223808,-0.1088803,-0.8998549,0,0,0,0.6684228,-0.4997354,-1.031608,-0.5795999,-0.4008,1.915,0.997954,0.001705867,0.06391288,0.006771659,0.9912013,-0.1321903,-0.06357601,0.1323527,0.9891617,static,-17.213343562330742,-12.448296568264645,-16.83912884659031,-11.821088380307142,-0.7028762000000001,-0.1448068,1.9101829999999997,-0.2895632211301186,-0.2063237636487646,0.9346570083583703,-17.56807797350561,-11.64613977375298,0.6856040832420697,0.73036070849795,0.7496491476456307
05/10/2023 16:35:06.927468,1324,True,True,True,True,Eyes,1.37675,-0.3548396,-2.933075,-0.3498015,-0.08110344,0.9333066,0.0,0.0,0.0,0.0,0.0,0.0,0.0,-1.180419,-0.04748586,3.043803,1.371314,-0.3549386,-2.941751,-0.06638476,-0.03188609,-0.001560347,0.9972833,352.3854,356.3331,0.06481648,0.4223826,-0.1088785,-0.8998543,0,0,0,0.6685563,-0.4991004,-1.031476,-0.5796,-0.4007999,1.915,0.9979616,0.001121286,0.06380609,0.007345717,0.9911813,-0.1323093,-0.06339176,0.1325083,0.9891527,static,-17.217819032716122,-12.455862468568101,-16.839131587459715,-11.821085513920774,-0.7027576999999999,-0.1441618,1.910275,-0.2896287878235018,-0.20644290318192215,0.9346103787008534,-17.572792933426236,-11.653407046795028,0.6938420007110867,0.7391521922758255,0.7525789253646736
05/10/2023 16:35:06.943451,1325,True,True,True,True,Eyes,1.376643,-0.3548419,-2.933078,-0.3497888,-0.08090974,0.9333282,0.0,0.0,0.0,0.0,0.0,0.0,0.0,-1.180869,-0.04732513,3.043584,1.371242,-0.3549282,-2.941737,-0.06631918,-0.03180554,-0.001654208,0.9972901,352.3926,356.3432,0.05313301,0.4223825,-0.108877,-0.8998545,0,0,0,0.66874,-0.4992175,-1.031378,-0.5796,-0.4007999,1.915,0.9979713,0.0009191836,0.0636581,0.007518085,0.9911981,-0.1321737,-0.06321929,0.1323841,0.9891804,static,-17.223643103547193,-12.440724719075249,-16.839131587459715,-11.821085513920774,-0.7025020000000001,-0.14428929999999995,1.910359,-0.28973966474656315,-0.20618874507246726,0.9346321456196216,-17.577603190220483,-11.638754959180497,0.6844390326547992,0.7292474549618666,0.7606475788931132
05/10/2023 16:35:06.952961,1326,True,True,True,True,Eyes,1.376541,-0.3548463,-2.933081,-0.3497886,-0.08071705,0.9333448,0.0,0.0,0.0,0.0,0.0,0.0,0.0,-1.18028,-0.04694122,3.043785,1.371197,-0.3549311,-2.941723,-0.06633283,-0.03188558,-0.001468275,0.997287,352.3917,356.3325,0.07523503,0.4223797,-0.1088759,-0.899856,0,0,0,0.6684917,-0.4994118,-1.031452,-0.5796,-0.4007999,1.915,0.9979623,0.001301538,0.06379294,0.007158705,0.9911956,-0.1322121,-0.06340335,0.1323994,0.9891665,static,-17.21647702692141,-12.423233858289505,-16.839131587459715,-11.821085513920774,-0.7027053,-0.14448070000000002,1.910271,-0.28964010251840505,-0.20590986686416662,0.934724323144964,-17.56976840593128,-11.621930400248392,0.6669569789045765,0.7106139664463003,0.7572931531501607
05/10/2023 16:35:06.977194,1327,True,True,True,True,Eyes,1.376541,-0.3548463,-2.933081,-0.3497886,-0.08071705,0.9333448,0.0,0.0,0.0,0.0,0.0,0.0,0.0,-1.179186,-0.04741532,3.044226,1.371233,-0.3549873,-2.941725,-0.0664635,-0.03206501,-0.001355787,0.9972727,352.3772,356.3109,0.0900701,0.4223746,-0.1088751,-0.8998585,0,0,0,0.6679056,-0.4991204,-1.031657,-0.5796,-0.4007999,1.915,0.9979399,0.001558127,0.06413533,0.006966483,0.9911616,-0.1324775,-0.06377488,0.1326514,0.9891089,static,-17.198357977159468,-12.432904999154186,-16.839131587459715,-11.821085513920774,-0.7033273999999999,-0.14413310000000001,1.9100679999999999,-0.28933343010744994,-0.20608760758016648,0.9347801274962168,-17.55281794442389,-11.631400212993894,0.666096562434385,0.7094833906216518,0.738463763162768
05/10/2023 16:35:06.992327,1328,True,True,True,True,Eyes,1.376541,-0.3548463,-2.933081,-0.3497886,-0.08071705,0.9333448,0.0,0.0,0.0,0.0,0.0,0.0,0.0,-1.179375,-0.04686597,3.044084,1.371259,-0.3549868,-2.941632,-0.06639211,-0.03203756,-0.001315281,0.9972783,352.3855,356.3138,0.09426231,0.42237,-0.1088744,-0.8998607,0,0,0,0.6680594,-0.499446,-1.031542,-0.5796,-0.4007999,1.915,0.9979437,0.001630679,0.06407536,0.006877484,0.9911807,-0.1323386,-0.06372607,0.1325071,0.9891313,static,-17.20161895644417,-12.423394399879724,-16.839131587459715,-11.821085513920774,-0.7031996,-0.1444592,1.9100899999999998,-0.2893965487039576,-0.20592833451157377,0.9347956895392863,-17.55545637699297,-11.622197753147185,0.6599131192430078,0.7029744567040718,0.743422857790502
05/10/2023 16:35:07.002655,1329,True,True,True,True,Eyes,1.376541,-0.3548463,-2.933081,-0.3497886,-0.08071705,0.9333448,0.0,0.0,0.0,0.0,0.0,0.0,0.0,-1.180118,-0.04604277,3.043774,1.37126,-0.354964,-2.941599,-0.06628364,-0.03191277,-0.001249376,0.9972896,352.3982,356.3277,0.1004983,0.4223658,-0.1088738,-0.8998628,0,0,0,0.6685709,-0.4999176,-1.031359,-0.5796,-0.4007999,1.915,0.99796,0.001738609,0.06381816,0.006722566,0.9912098,-0.1321282,-0.0634869,0.1322877,0.9891761,static,-17.216269934537603,-12.409199819642499,-16.839131587459715,-11.821085513920774,-0.7026891,-0.14495360000000002,1.9102400000000002,-0.28965101930006804,-0.2056801992241088,0.9347715042743144,-17.568824246492554,-11.608389037230616,0.6556971876618428,0.6986499620204584,0.7600599764773975
05/10/2023 16:35:07.022262,1330,True,True,True,True,Eyes,1.376541,-0.3548463,-2.933081,-0.3497886,-0.08071705,0.9333448,0.0,0.0,0.0,0.0,0.0,0.0,0.0,-1.180221,-0.0457494,3.043743,1.371284,-0.3549221,-2.941598,-0.06623679,-0.03189895,-0.001229488,0.9972932,352.4036,356.3292,0.1025108,0.422362,-0.1088733,-0.8998646,0,0,0,0.6686581,-0.5000813,-1.03135,-0.5796,-0.4007999,1.915,0.9979619,0.001773449,0.06378809,0.006678088,0.9912224,-0.1320366,-0.06346234,0.1321934,0.9891903,static,-17.217821969642674,-12.403189494968894,-16.839131587459715,-11.821085513920774,-0.7026258999999999,-0.14515919999999993,1.910248,-0.289682566875305,-0.20558008987478882,0.9347837501975047,-17.570001262661478,-11.602577294401966,0.6517297112842547,0.6944432664443836,0.7628344015097972
05/10/2023 16:35:07.042544,1331,True,True,True,True,Eyes,1.376541,-0.3548463,-2.933081,-0.3497886,-0.08071705,0.9333448,0.0,0.0,0.0,0.0,0.0,0.0,0.0,-1.180622,-0.04605398,3.043658,1.371348,-0.3549051,-2.941647,-0.06623512,-0.03184911,-0.00134679,0.9972948,352.4034,356.3358,0.08859857,0.4223587,-0.1088728,-0.8998662,0,0,0,0.668848,-0.4999168,-1.031342,-0.5796,-0.4008,1.915,0.9979677,0.001532765,0.06370431,0.006905353,0.9912222,-0.1320261,-0.06334749,0.1321976,0.9891971,static,-17.22181310866114,-12.407703889561725,-16.839131587459715,-11.821088380307142,-0.7025,-0.14501170000000002,1.9103050000000001,-0.2897433461349686,-0.20564978881027268,0.9347495815834873,-17.574087519018647,-11.606903511316544,0.6573069567526463,0.7004019577121785,0.7655294765312293
05/10/2023 16:35:07.052355,1332,True,True,True,True,Eyes,1.376541,-0.3548463,-2.933081,-0.3497886,-0.08071705,0.9333448,0.0,0.0,0.0,0.0,0.0,0.0,0.0,-1.180929,-0.04692554,3.04353,1.371366,-0.3548675,-2.941648,-0.06630729,-0.03180924,-0.001505967,0.997291,352.3945,356.3416,0.07020874,0.4223556,-0.1088723,-0.8998677,0,0,0,0.6689295,-0.4993928,-1.031282,-0.5796,-0.4008,1.915,0.9979718,0.001214594,0.06364585,0.007222144,0.9912022,-0.1321595,-0.06324642,0.1323511,0.989183,static,-17.22456462003953,-12.422152397334399,-16.839131587459715,-11.821088380307142,-0.7024365000000001,-0.14452530000000002,1.9103659999999998,-0.28977368190665237,-0.20588352623334727,0.9346887232858261,-17.57750603652074,-11.620825586157892,0.6701034797799102,0.7140284134182726,0.7650503341262194
05/10/2023 16:35:07.072343,1333,True,True,True,True,Eyes,1.376541,-0.3548463,-2.933081,-0.3497886,-0.08071705,0.9333448,0.0,0.0,0.0,0.0,0.0,0.0,0.0,-1.181275,-0.04815498,3.043344,1.371368,-0.3547902,-2.941623,-0.06642208,-0.03176219,-0.00169115,0.9972845,352.3807,356.3484,0.04892169,0.4223529,-0.1088719,-0.899869,0,0,0,0.6690091,-0.4986303,-1.031177,-0.5796,-0.4008,1.915,0.9979766,0.0008463053,0.06357654,0.007592538,0.9911705,-0.132376,-0.06312723,0.1325908,0.9891586,static,-17.228068351808407,-12.442471078839494,-16.839131587459715,-11.821088380307142,-0.7023588999999999,-0.14384010000000003,1.9104459999999999,-0.28981031715824157,-0.20621258997075095,0.9346048204155042,-17.581960996171823,-11.64040672130569,0.6879947072209803,0.7330677081261857,0.7644876665761831
05/10/2023 16:35:07.092673,1334,True,True,True,True,Eyes,1.376541,-0.3548463,-2.933081,-0.3497886,-0.08071705,0.9333448,0.0,0.0,0.0,0.0,0.0,0.0,0.0,-1.181067,-0.04881606,3.043406,1.371344,-0.3548156,-2.941622,-0.06647408,-0.03179945,-0.001835285,0.9972796,352.3742,356.3452,0.03278206,0.4223504,-0.1088715,-0.8998702,0,0,0,0.6687648,-0.4982727,-1.031229,-0.5796,-0.4007999,1.915,0.9979708,0.0005670949,0.06366989,0.007888262,0.9911556,-0.1324697,-0.06318189,0.1327032,0.98914,static,-17.2219486922493,-12.453657883360338,-16.839131587459715,-11.821085513920774,-0.7025791999999998,-0.1434571,1.9103930000000002,-0.2896986459139282,-0.2064023550221062,0.9345975523906895,-17.576656231591233,-11.651248360407012,0.6940157645363525,0.7393894361551717,0.7568271000796551
05/10/2023 16:35:07.102646,1335,True,True,True,True,Eyes,1.376661,-0.3548089,-2.933087,-0.3502084,-0.08046337,0.9332094,0.0,0.0,0.0,0.0,0.0,0.0,0.0,-1.180737,-0.0485957,3.04355,1.371333,-0.3547958,-2.941643,-0.06638352,-0.0318579,-0.001950354,0.9972836,352.3842,356.3394,0.01962887,0.4223482,-0.1088712,-0.8998712,0,0,0,0.6684712,-0.4984608,-1.031369,-0.5796,-0.4007999,1.915,0.9979625,0.0003395657,0.06380167,0.008119792,0.9911789,-0.1322821,-0.06328378,0.1325306,0.9891566,static,-17.237939211824205,-12.43282749399104,-16.839131587459715,-11.821085513920774,-0.7028617999999999,-0.143665,1.910274,-0.2899818785232376,-0.2060441203213536,0.9345888894052886,-17.590963126744274,-11.631025913385399,0.6852729910078895,0.7302573323367163,0.7754826337311859
05/10/2023 16:35:07.122296,1336,True,True,True,True,Eyes,1.376776,-0.3547739,-2.933091,-0.3506162,-0.08022152,0.933077,0.0,0.0,0.0,0.0,0.0,0.0,0.0,-1.180359,-0.04803321,3.043664,1.371291,-0.3547966,-2.94162,-0.06631224,-0.03191078,-0.001896518,0.9972869,352.3925,356.3329,0.02597769,0.4223492,-0.1088696,-0.8998709,0,0,0,0.668258,-0.4988108,-1.031435,-0.5796,-0.4008,1.915,0.9979562,0.0004494052,0.06389993,0.008014896,0.9911982,-0.1321436,-0.06339688,0.1323857,0.9891688,static,-17.256587615268955,-12.408497245292915,-16.839131587459715,-11.821088380307142,-0.703033,-0.14401419999999998,1.9101849999999998,-0.29031213318854665,-0.20562570111875578,0.9345784270276555,-17.607646069986743,-11.60740596956774,0.6761889508971906,0.7206377105162791,0.7976682784924995
05/10/2023 16:35:07.142364,1337,True,True,True,True,Eyes,1.376637,-0.3547615,-2.9331,-0.350828,-0.08004513,0.9330126,0.0,0.0,0.0,0.0,0.0,0.0,0.0,-1.17988,-0.04787213,3.043823,1.371281,-0.3548184,-2.941591,-0.06630884,-0.03198582,-0.001846694,0.9972848,352.3931,356.3238,0.03228523,0.4223531,-0.1088669,-0.8998695,0,0,0,0.6679902,-0.4989153,-1.031507,-0.5796,-0.4007999,1.915,0.997947,0.000558524,0.06404282,0.007925243,0.9911995,-0.1321394,-0.06355301,0.1323757,0.9891601,static,-17.261125927729292,-12.395550521631215,-16.839131587459715,-11.821085513920774,-0.7032908,-0.14409690000000003,1.910084,-0.29039969111536135,-0.20540882628706597,0.9345989801315588,-17.611333325865775,-11.594877963988477,0.6688670350422979,0.7128038077222317,0.8046523351384218
05/10/2023 16:35:07.152474,1338,True,True,True,True,Eyes,1.376504,-0.3547497,-2.933108,-0.351026,-0.07988366,0.932952,0.0,0.0,0.0,0.0,0.0,0.0,0.0,-1.179569,-0.04715931,3.043968,1.371267,-0.3548275,-2.941611,-0.06628092,-0.03202366,-0.001633188,0.9972857,352.3971,356.3178,0.05708744,0.4223529,-0.1088643,-0.8998699,0,0,0,0.6679485,-0.499309,-1.031566,-0.5796,-0.4007999,1.915,0.9979436,0.0009876046,0.06408998,0.007502626,0.9912083,-0.1320974,-0.06365698,0.1323066,0.9891626,static,-17.271455819713616,-12.374650659643322,-16.839131587459715,-11.821085513920774,-0.7033185000000001,-0.14448149999999998,1.910045,-0.2905901927210568,-0.20505551107331665,0.93461738876815,-17.620180693606887,-11.574631308800786,0.6591968374113568,0.7023806748144131,0.8190100008147777
05/10/2023 16:35:07.177521,1339,True,True,True,True,Eyes,1.376452,-0.3547347,-2.93311,-0.351145,-0.07969033,0.9329237,0.0,0.0,0.0,0.0,0.0,0.0,0.0,-1.179756,-0.04641256,3.043925,1.371302,-0.354828,-2.941613,-0.0662551,-0.03198705,-0.001403485,0.997289,352.4009,356.3203,0.08319364,0.4223494,-0.1088617,-0.8998719,0,0,0,0.6682471,-0.4997007,-1.031501,-0.5796,-0.4007999,1.915,0.9979497,0.001439251,0.06398664,0.007037969,0.9912165,-0.1320612,-0.06361468,0.1322407,0.9891742,static,-17.285594533118587,-12.351709696641944,-16.839131587459715,-11.821085513920774,-0.7030549,-0.14487270000000002,1.9101119999999998,-0.29084510667104724,-0.20466469923614733,0.934623707464284,-17.63259080190039,-11.55238615818198,0.6510698485749645,0.6934631822489974,0.8377212357074721
05/10/2023 16:35:07.192705,1340,True,True,True,True,Eyes,1.376401,-0.3547209,-2.933114,-0.3512504,-0.07950782,0.9328996,0.0,0.0,0.0,0.0,0.0,0.0,0.0,-1.180403,-0.0461863,3.043659,1.371329,-0.3548204,-2.941582,-0.06625558,-0.03188101,-0.001318815,0.9972925,352.4012,356.3319,0.0921445,0.4223448,-0.108859,-0.8998743,0,0,0,0.6687225,-0.4997911,-1.031312,-0.5796,-0.4007999,1.915,0.9979637,0.001594101,0.06376413,0.006855077,0.9912169,-0.1320683,-0.06341461,0.1322365,0.9891876,static,-17.304985298504167,-12.338260201330112,-16.839131587459715,-11.821085513920774,-0.7026065,-0.1449707,1.91027,-0.29117637433610094,-0.20442377170893533,0.934573293653445,-17.650566515787965,-11.539260588185128,0.6538181279613529,0.6960526829133225,0.8589830799712966
05/10/2023 16:35:07.203838,1341,True,True,True,True,Eyes,1.376359,-0.3547074,-2.933117,-0.3512742,-0.07924732,0.9329128,0.0,0.0,0.0,0.0,0.0,0.0,0.0,-1.181079,-0.04588068,3.043438,1.371325,-0.3548341,-2.94162,-0.06622358,-0.03176728,-0.001285096,0.9972982,352.4049,356.3448,0.09504171,0.4223395,-0.1088563,-0.8998772,0,0,0,0.6691688,-0.4999628,-1.031196,-0.5796,-0.4008,1.915,0.9979783,0.001644237,0.06353309,0.006770734,0.9912256,-0.1320077,-0.06319268,0.132171,0.9892105,static,-17.318835534622426,-12.31829150436843,-16.839131587459715,-11.821088380307142,-0.7021561999999999,-0.1451287,1.910424,-0.2914235106404524,-0.20408198654887316,0.9345709571396502,-17.662856273120944,-11.51988587469858,0.6494081814564168,0.6908884305731211,0.8770663071584535
05/10/2023 16:35:07.222608,1342,True,True,True,True,Eyes,1.376317,-0.3546942,-2.93312,-0.3512971,-0.0789942,0.9329256,0.0,0.0,0.0,0.0,0.0,0.0,0.0,-1.18142,-0.04597202,3.043329,1.371327,-0.3548072,-2.941648,-0.06623453,-0.03171132,-0.001286728,0.9972992,352.4037,356.3513,0.09446543,0.4223336,-0.1088534,-0.8998803,0,0,0,0.6693826,-0.499887,-1.031143,-0.5796,-0.4007999,1.915,0.9979854,0.001634263,0.0634218,0.006767274,0.9912227,-0.1320297,-0.0630809,0.1321929,0.9892148,static,-17.325757953074636,-12.304701177176016,-16.839131587459715,-11.821085513920774,-0.7019443999999999,-0.14507980000000004,1.910505,-0.29155067746539937,-0.20385203708844446,0.9345814360887812,-17.668807238969144,-11.506718747659475,0.6452010099776506,0.6860680210135096,0.8872362427432632
05/10/2023 16:35:07.242659,1343,True,True,True,True,Eyes,1.376288,-0.3546815,-2.933121,-0.3512781,-0.07857583,0.9329681,0.0,0.0,0.0,0.0,0.0,0.0,0.0,-1.181416,-0.04624319,3.043317,1.371274,-0.3548014,-2.941664,-0.06625753,-0.03170556,-0.001336162,0.9972979,352.4008,356.3523,0.08880701,0.4223271,-0.1088505,-0.8998837,0,0,0,0.6693239,-0.4997284,-1.03115,-0.5796,-0.4007999,1.915,0.9979859,0.001536362,0.06341684,0.006866567,0.9912163,-0.1320723,-0.06306271,0.1322417,0.9892094,static,-17.322938425984834,-12.284055718552741,-16.839131587459715,-11.821085513920774,-0.7019501000000001,-0.14492700000000003,1.9105139999999998,-0.29152545126939466,-0.20351690397699873,0.9346623568301026,-17.66499439458223,-11.486817093366986,0.6300846235421667,0.6696345774977841,0.8909459877948863
05/10/2023 16:35:07.252319,1344,True,True,True,True,Eyes,1.376261,-0.3546699,-2.933124,-0.3512706,-0.07816086,0.9330058,0.0,0.0,0.0,0.0,0.0,0.0,0.0,-1.181313,-0.04642001,3.043311,1.371255,-0.3547977,-2.941628,-0.06627215,-0.03172139,-0.001370426,0.9972963,352.399,356.3507,0.08503209,0.4223206,-0.1088475,-0.8998871,0,0,0,0.669226,-0.4996255,-1.031135,-0.5796,-0.4007999,1.915,0.9979838,0.00147105,0.06345289,0.006937931,0.9912122,-0.132099,-0.06308962,0.1322729,0.9892035,static,-17.31851910854031,-12.261992691567619,-16.839131587459715,-11.821085513920774,-0.7020289999999999,-0.1448278,1.9104930000000002,-0.2914754150295203,-0.2031602186350998,0.9347555751593282,-17.659564428474155,-11.465559582675368,0.6132244463995623,0.6513152344819712,0.8941525230087648
05/10/2023 16:35:07.277781,1345,True,True,True,True,Eyes,1.376247,-0.3546593,-2.933124,-0.3512527,-0.07763412,0.9330565,0.0,0.0,0.0,0.0,0.0,0.0,0.0,-1.18054,-0.04753828,3.043673,1.371301,-0.3548171,-2.941686,-0.06643244,-0.03185773,-0.001426214,0.9972813,352.3805,356.3353,0.08024076,0.4223141,-0.1088445,-0.8998905,0,0,0,0.6687224,-0.4989637,-1.031344,-0.5796,-0.4007999,1.915,0.9979661,0.001388099,0.06373171,0.007077447,0.9911694,-0.1324128,-0.06335273,0.1325945,0.9891437,static,-17.299789944714462,-12.249971042799004,-16.839131587459715,-11.821085513920774,-0.7025786,-0.1441466,1.9103419999999998,-0.291180758908198,-0.2029831224827754,0.9348858570256064,-17.640875040217725,-11.454100342151632,0.5925247182445372,0.6294036216846871,0.8817429786160839
05/10/2023 16:35:07.292493,1346,True,True,True,True,Eyes,1.376234,-0.3546501,-2.933124,-0.351243,-0.07712691,0.9331023,2.03202,0.6625007,-0.5113735,-1.037041,-0.4146201,-0.827,-0.3796855,-0.5856839,-0.4125074,1.908216,1.371302,-0.3548302,-2.94166,-0.06644869,-0.03198233,-0.001474715,0.997276,352.3784,356.3213,0.07566704,0.4223079,-0.1088415,-0.8998938,0,0,0,0.6682248,-0.4988618,-1.031492,-0.5796001,-0.4007999,1.915,0.9979499,0.001308971,0.06398641,0.007191764,0.9911648,-0.132441,-0.06359443,0.1326297,0.9891235,static,-17.2820631526746,-12.2225481620027,-16.839134328329035,-11.821085513920774,-0.7030772000000001,-0.14403160000000004,1.910168,-0.29091800866402207,-0.20255258497977757,0.9350611050158207,-17.62233466679418,-11.427771237057705,0.5630415884436868,0.5977944473153766,0.8764125116383491
05/10/2023 16:35:07.303388,1347,True,True,True,True,Eyes,1.376222,-0.3546425,-2.933121,-0.351215,-0.07654744,0.9331605,2.027567,0.6641098,-0.5098476,-1.041075,-0.2489004,-0.7356791,-0.6299402,-0.5839466,-0.4105158,1.904426,1.371308,-0.3548539,-2.941655,-0.06645077,-0.03207571,-0.001533229,0.9972728,352.378,356.311,0.06964621,0.422302,-0.1088385,-0.899897,0,0,0,0.6678442,-0.4988098,-1.031624,-0.5795999,-0.4007999,1.915,0.9979376,0.001204815,0.06418023,0.007321008,0.9911639,-0.1324408,-0.06377269,0.1326375,0.9891109,static,-17.266281212365826,-12.189689741110797,-16.83912884659031,-11.821085513920774,-0.7034638,-0.14395590000000003,1.9100309999999998,-0.29069241508650634,-0.2020307723350479,0.9352440817223502,-17.605380409644933,-11.396182087244362,0.5318718071441713,0.5642058311378696,0.8761759982360914
05/10/2023 16:35:07.322626,1348,True,True,True,True,Eyes,1.376213,-0.3546355,-2.933118,-0.3511883,-0.07599704,0.9332155,2.025875,0.6647493,-0.5085961,-1.04254,-0.196125,-0.6574682,-0.7275097,-0.5832522,-0.4091631,1.903069,1.371316,-0.3548728,-2.941593,-0.06645264,-0.03210561,-0.001614047,0.9972717,352.3775,356.3081,0.06056499,0.4222964,-0.1088357,-0.8999,0,0,0,0.6676952,-0.4987203,-1.031612,-0.5796,-0.4007998,1.915,0.9979333,0.001047718,0.06425054,0.007486292,0.9911628,-0.132439,-0.0638215,0.1326463,0.9891065,static,-17.257743573077487,-12.159726782915095,-16.839131587459715,-11.821082647534345,-0.7036207999999999,-0.14384750000000002,1.9099810000000002,-0.2905825080935187,-0.2015486816378908,0.9353822087820627,-17.59556198989495,-11.367332259213223,0.5081904113689244,0.5384383390237273,0.8820863725451727
05/10/2023 16:35:07.342233,1349,True,True,True,True,Eyes,1.376214,-0.3546289,-2.933113,-0.3511931,-0.07556259,0.933249,2.024594,0.6651908,-0.5076125,-1.043663,-0.1698604,-0.5725943,-0.8020493,-0.5829235,-0.4077388,1.902129,1.371376,-0.3548764,-2.941588,-0.06637205,-0.03210929,-0.001621993,0.9972768,352.3867,356.3078,0.05937579,0.4222912,-0.1088329,-0.8999028,0,0,0,0.6677379,-0.499026,-1.031636,-0.5795999,-0.4007999,1.915,0.9979327,0.001027168,0.06425902,0.007497472,0.9911842,-0.1322785,-0.0638284,0.1324868,0.9891275,static,-17.25515608413633,-12.124758464939807,-16.83912884659031,-11.821085513920774,-0.7036380999999999,-0.14414960000000004,1.9099519999999999,-0.2905750400463139,-0.20097825104821102,0.9355072865583693,-17.59121290702861,-11.333607205368825,0.4871362003701798,0.5150688532233161,0.8962508216308813
05/10/2023 16:35:07.352264,1350,True,True,True,True,Eyes,1.376216,-0.3546233,-2.933111,-0.351195,-0.07515171,0.9332814,2.023834,0.6654556,-0.5067179,-1.044304,-0.1640756,-0.5033757,-0.8483467,-0.5828815,-0.4066246,1.901562,1.371394,-0.354871,-2.941572,-0.06631671,-0.03205897,-0.001675469,0.9972821,352.3928,356.3141,0.05261717,0.4222866,-0.1088302,-0.8999052,0,0,0,0.6679182,-0.4991626,-1.031571,-0.5796,-0.4008,1.915,0.9979388,0.0009102599,0.06416588,0.00759392,0.9911986,-0.1321655,-0.06372144,0.1323804,0.9891487,static,-17.25827335391047,-12.09607542412066,-16.839131587459715,-11.821088380307142,-0.7034758,-0.14429160000000002,1.9100009999999998,-0.29065470168740726,-0.2005048155468302,0.9355840648794849,-17.592695658210836,-11.305904313792668,0.47520566994645763,0.5012960149938939,0.9128381187907254
05/10/2023 16:35:07.372608,1351,True,True,True,True,Eyes,1.376213,-0.3546175,-2.933109,-0.3511836,-0.07477934,0.9333156,2.023053,0.6657501,-0.5059001,-1.044962,-0.1541705,-0.4266082,-0.8911997,-0.5827709,-0.4053955,1.901078,1.371403,-0.3548921,-2.941621,-0.06624579,-0.03202841,-0.001640308,0.9972879,352.4011,356.3174,0.05617191,0.4222825,-0.1088276,-0.8999074,0,0,0,0.6680627,-0.4995009,-1.031594,-0.5796,-0.4008,1.915,0.997943,0.0009717748,0.06410041,0.007515213,0.9912177,-0.1320271,-0.06366576,0.1322373,0.9891714,static,-17.25960424861643,-12.064439590861662,-16.839131587459715,-11.821088380307142,-0.7033402999999999,-0.14460880000000004,1.9100270000000001,-0.2907079670410728,-0.19998482063086626,0.9356788066528187,-17.592300003608916,-11.275365477393061,0.4618537515532482,0.4858158812333746,0.9300946993987587
05/10/2023 16:35:07.392588,1352,True,True,True,True,Eyes,1.376211,-0.3546149,-2.933108,-0.3511717,-0.0744259,0.9333484,2.022571,0.6659418,-0.5051466,-1.045345,-0.1412486,-0.3759835,-0.9157977,-0.5827433,-0.40452,1.900771,1.371401,-0.354855,-2.94163,-0.06621066,-0.03198919,-0.00165669,0.9972915,352.4051,356.3221,0.05385175,0.4222788,-0.1088251,-0.8999095,0,0,0,0.6682019,-0.4995756,-1.03156,-0.5796,-0.4007999,1.915,0.9979479,0.0009316446,0.06402446,0.007540455,0.9912269,-0.1319567,-0.0635857,0.1321687,0.9891857,static,-17.26149875141059,-12.040015744201357,-16.839131587459715,-11.821085513920774,-0.7031991000000001,-0.14472060000000003,1.91007,-0.29076326966640387,-0.19958245379944758,0.9357476040057774,-17.592830190601287,-11.251781985837077,0.45343348020158625,0.4757357112038291,0.9445465004255229
05/10/2023 16:35:07.403530,1353,True,True,True,True,Eyes,1.376188,-0.354614,-2.933108,-0.3511244,-0.07410699,0.9333916,2.022114,0.6661739,-0.5044668,-1.045683,-0.1395884,-0.3076118,-0.9412174,-0.5825958,-0.4035249,1.900569,1.371428,-0.3549288,-2.941644,-0.06617811,-0.03198827,-0.001593708,0.9972937,352.409,356.3217,0.06098479,0.4222755,-0.1088228,-0.8999113,0,0,0,0.6682662,-0.4998561,-1.031576,-0.5796,-0.4007999,1.915,0.9979484,0.001055057,0.06401435,0.007412638,0.9912359,-0.1318961,-0.06359247,0.1321,0.9891944,static,-17.258049569687962,-12.01469724697715,-16.839131587459715,-11.821085513920774,-0.7031618000000001,-0.14492730000000004,1.910068,-0.29073178624628504,-0.19917093333455205,0.9358450924022993,-17.588162548299064,-11.227375586259253,0.44102991499370464,0.4614951559997998,0.955792267440874
05/10/2023 16:35:07.422837,1354,True,True,True,True,Eyes,1.376165,-0.3546156,-2.933108,-0.3510777,-0.07378671,0.9334345,2.021821,0.6663483,-0.5037992,-1.04587,-0.1309962,-0.2701751,-0.9538581,-0.5824833,-0.4029439,1.900427,1.371448,-0.3549142,-2.94164,-0.06622851,-0.03199158,-0.001517479,0.9972904,352.4035,356.3207,0.06998651,0.4222718,-0.1088207,-0.8999133,0,0,0,0.6683144,-0.4997442,-1.031554,-0.5796,-0.4008,1.915,0.9979485,0.001210774,0.06401079,0.007264245,0.991223,-0.132001,-0.0636088,0.1321952,0.9891807,static,-17.25492988101431,-11.998201667234811,-16.839131587459715,-11.821088380307142,-0.7031336,-0.14483000000000001,1.910086,-0.29069691913726686,-0.1989036875450721,0.9359127203352021,-17.584280568197215,-11.211480860849697,0.4327014691950168,0.4519483790536655,0.9627400122946976
05/10/2023 16:35:07.442706,1355,True,True,True,True,Eyes,1.376122,-0.3546234,-2.933107,-0.3510213,-0.07352021,0.9334767,2.021829,0.6664172,-0.5032687,-1.045776,-0.1303371,-0.2783016,-0.9516094,-0.5824701,-0.4030654,1.900442,1.371443,-0.3549796,-2.941657,-0.06637762,-0.0319589,-0.001625442,0.9972814,352.386,356.3252,0.0578439,0.422268,-0.1088189,-0.8999153,0,0,0,0.6683735,-0.4990914,-1.031493,-0.5796,-0.4007999,1.915,0.997952,0.001000666,0.06395982,0.007484758,0.9911827,-0.1322904,-0.06352825,0.1324982,0.9891453,static,-17.253658052692955,-12.003342297113084,-16.839131587459715,-11.821085513920774,-0.7030695,-0.1441118,1.9101640000000002,-0.2906709789653816,-0.19898928880096395,0.9359025423113334,-17.58332748108557,-11.216451222779064,0.4332351668682313,0.4528241660936106,0.9588587769395563
05/10/2023 16:35:07.452652,1356,True,True,True,True,Eyes,1.376082,-0.3546258,-2.933105,-0.350972,-0.07326776,0.9335152,2.021228,0.6666873,-0.5027167,-1.046258,-0.09956829,-0.1944566,-0.9758446,-0.5820361,-0.4017719,1.900202,1.37145,-0.3550548,-2.941637,-0.06623152,-0.03201752,-0.001580744,0.9972892,352.403,356.3182,0.06290259,0.4222635,-0.1088176,-0.8999176,0,0,0,0.6681837,-0.4997942,-1.031592,-0.5796,-0.4008,1.915,0.9979447,0.001088221,0.06407085,0.007394056,0.9912218,-0.1320027,-0.06365208,0.1322052,0.9891765,static,-17.242372163920308,-11.96951449542199,-16.839131587459715,-11.821088380307142,-0.7032663,-0.14473940000000002,1.910045,-0.29051929177626346,-0.19844626841937074,0.9360650392610029,-17.57065519133599,-11.183892593670457,0.41268452049614723,0.4296897417350776,0.9701264111112937
05/10/2023 16:35:07.472565,1357,True,True,True,True,Eyes,1.376055,-0.3546261,-2.933101,-0.3508992,-0.07300855,0.9335629,2.020893,0.6669252,-0.5021685,-1.04647,-0.06715604,-0.1550107,-0.9856275,-0.5815596,-0.4011605,1.90012,1.371449,-0.3549319,-2.941613,-0.06623119,-0.03210143,-0.001454174,0.9972867,352.4035,356.3075,0.07813673,0.4222584,-0.1088166,-0.89992,0,0,0,0.6679334,-0.4998414,-1.031673,-0.5796001,-0.4008,1.915,0.9979348,0.001351774,0.06422128,0.007152688,0.9912227,-0.1320096,-0.06383603,0.1321963,0.9891659,moving,-17.22887957997173,-11.948581388098388,-16.839134328329035,-11.821088380307142,-0.7035155999999999,-0.14490949999999997,1.9099399999999997,-0.2903185934722766,-0.19811687820184937,0.9361970957261002,-17.55654015112803,-11.163794118484429,0.39476702283142945,0.41006807753553004,0.9729886233718088
05/10/2023 16:35:07.492238,1358,True,True,True,True,Eyes,1.376033,-0.354627,-2.933097,-0.3508299,-0.07273419,0.9336103,2.020731,0.6671001,-0.5016032,-1.046522,-0.05563855,-0.1176389,-0.9914965,-0.5814714,-0.4015213,1.899918,1.371496,-0.3548787,-2.941599,-0.06643575,-0.03208057,-0.001538886,0.9972737,352.3797,356.3105,0.06897525,0.4222532,-0.1088157,-0.8999226,0,0,0,0.6688567,-0.4962981,-1.031378,-0.5787401,-0.3982555,1.915489,0.9979369,0.001193213,0.06419069,0.007331975,0.9911678,-0.1324105,-0.06378175,0.132608,0.9891142,moving,-17.226140326098264,-11.958592108743108,-16.811509326823415,-11.745217960261726,-0.7026393000000001,-0.14141940000000003,1.9102210000000002,-0.29026381698824993,-0.19828387851654206,0.9361786653534168,-17.554431102716677,-11.173475250566549,0.4447108415361995,0.46631254840483777,0.9374553275681897
05/10/2023 16:35:07.503060,1359,True,True,True,True,Eyes,1.37598,-0.3546314,-2.933093,-0.3507412,-0.07246687,0.9336644,2.025142,0.6656796,-0.5013871,-1.04229,-0.274799,-0.6061816,-0.746344,-0.5826799,-0.4031286,1.903958,1.371584,-0.3548995,-2.941586,-0.06672587,-0.03206851,-0.001677115,0.9972546,352.3459,356.3127,0.05402866,0.422248,-0.108815,-0.8999251,0,0,0,0.6698116,-0.4922725,-1.031068,-0.5778277,-0.395556,1.916007,0.9979376,0.0009345757,0.06418474,0.007624618,0.9910896,-0.1329778,-0.06373711,0.1331929,0.9890385,moving,-17.22104919243843,-11.980719460831889,-16.7822143197855,-11.664727187351314,-0.7017724,-0.13737300000000002,1.910518,-0.2901585547213064,-0.19865203515100194,0.9361332333085949,-17.55069809242187,-11.194866799856715,0.5119882366802754,0.5407653487010193,0.9007419677921121
05/10/2023 16:35:07.522875,1360,True,True,True,True,Eyes,1.375926,-0.3546375,-2.933089,-0.350647,-0.0722245,0.9337185,0.0,0.0,0.0,0.0,0.0,0.0,0.0,-1.180407,-0.05110183,3.043666,1.37158,-0.3549123,-2.941545,-0.06677196,-0.03195769,-0.002059232,0.9972543,352.3392,356.3285,0.009284547,0.4222421,-0.1088145,-0.899928,0,0,0,0.6708875,-0.4889805,-1.030695,-0.5769537,-0.3929699,1.916505,0.9979489,0.0001605992,0.06401487,0.008374909,0.9910746,-0.1330456,-0.06346488,0.1333088,0.9890404,moving,-17.221935868309014,-11.986361894306127,-16.75414376629184,-11.587604324392606,-0.7006925,-0.13406819999999997,1.9108500000000002,-0.2901675254193996,-0.1987436464161843,0.936110946657863,-17.55185204333457,-11.200305072061667,0.5802405276670544,0.6146845127974048,0.8867576930134778
05/10/2023 16:35:07.542595,1361,True,True,True,True,Eyes,1.375841,-0.3546454,-2.933086,-0.3505504,-0.07200393,0.9337719,0.0,0.0,0.0,0.0,0.0,0.0,0.0,-1.181139,-0.04993594,3.043344,1.371471,-0.3549529,-2.94153,-0.06655009,-0.03182501,-0.002151104,0.9972732,352.3643,356.3446,-0.00315414,0.4222354,-0.1088144,-0.8999311,0,0,0,0.6721483,-0.486974,-1.030349,-0.5760301,-0.3902364,1.91703,0.9979651,-5.456159e-05,0.06376277,0.00852639,0.991133,-0.1326003,-0.06319014,0.1328742,0.9891165,moving,-17.227534773366468,-11.951908517829292,-16.724497441697423,-11.506091072624292,-0.6993227000000001,-0.1320211,1.9111810000000002,-0.2902932586417252,-0.1981728257847288,0.93619307047899,-17.55542051281112,-11.16701499429452,0.6342685750259146,0.6721605102219453,0.8974440021552975
05/10/2023 16:35:07.557642,1362,True,True,True,True,Eyes,1.375758,-0.3546565,-2.933083,-0.3504646,-0.07180869,0.9338191,0.0,0.0,0.0,0.0,0.0,0.0,0.0,-1.180471,-0.04811525,3.043623,1.371424,-0.3549386,-2.941544,-0.0663622,-0.03191345,-0.001869209,0.9972835,352.3869,356.3323,0.02933223,0.4222272,-0.1088147,-0.8999349,0,0,0,0.6727963,-0.4853567,-1.030296,-0.5751338,-0.3875843,1.917539,0.997956,0.000507432,0.0639016,0.007963955,0.9911851,-0.1322445,-0.06340542,0.1324832,0.9891552,moving,-17.21384648170158,-11.907547231249417,-16.69573808436975,-11.42700484518346,-0.6986277,-0.13041809999999998,1.9112479999999998,-0.2901121936565918,-0.19745923988020636,0.9363999140405649,-17.539873891102687,-11.124309668853007,0.6665692486388373,0.7066521748298245,0.896766206980609
05/10/2023 16:35:07.577246,1363,True,True,True,True,Eyes,1.37565,-0.3546687,-2.933082,-0.3503708,-0.07163261,0.9338678,0.0,0.0,0.0,0.0,0.0,0.0,0.0,-1.179609,-0.04663259,3.043971,1.371398,-0.3550231,-2.941537,-0.06622402,-0.03203981,-0.001639519,0.9972888,352.4036,356.3161,0.05626925,0.4222178,-0.1088154,-0.8999392,0,0,0,0.673287,-0.4835977,-1.030268,-0.5742429,-0.3849482,1.918045,0.9979415,0.0009734636,0.06412304,0.007513758,0.9912233,-0.1319839,-0.06368874,0.132194,0.9891756,moving,-17.19493679912107,-11.871794603832852,-16.6671579979961,-11.348393207914555,-0.6981109999999999,-0.12857460000000004,1.9112689999999999,-0.2898368497590646,-0.196892045576541,0.936604569226159,-17.519751496153937,-11.089951259941877,0.700717199449661,0.7433030903784358,0.890902864274737
05/10/2023 16:35:07.592297,1364,True,True,True,True,Eyes,1.375547,-0.3546794,-2.933084,-0.3502778,-0.07147925,0.9339145,0.0,0.0,0.0,0.0,0.0,0.0,0.0,-1.179633,-0.0452176,3.043993,1.371419,-0.3549937,-2.94154,-0.06600355,-0.03203764,-0.001593776,0.9973037,352.4291,356.3161,0.06070345,0.4222067,-0.1088166,-0.8999444,0,0,0,0.6742237,-0.4817816,-1.030108,-0.5733461,-0.3822945,1.918555,0.9979421,0.001050239,0.0641129,0.007408153,0.991282,-0.131549,-0.06369212,0.1317533,0.9892343,moving,-17.187871902094553,-11.835672641650476,-16.638389930748215,-11.269251324860292,-0.6971953,-0.12678789999999995,1.9114319999999998,-0.2897560683431946,-0.19630655620666515,0.9367525129468433,-17.51102578032436,-11.055146812667983,0.7438075671050571,0.7891536890549166,0.8985177060618157
05/10/2023 16:35:07.602658,1365,True,True,True,True,Eyes,1.375411,-0.3546916,-2.933087,-0.3502916,-0.07137305,0.9339174,0.0,0.0,0.0,0.0,0.0,0.0,0.0,-1.179733,-0.04394546,3.044056,1.371426,-0.3549654,-2.941627,-0.06583622,-0.03201604,-0.001475877,0.9973157,352.4487,356.3178,0.07350617,0.422194,-0.1088181,-0.8999501,0,0,0,0.6753438,-0.4795823,-1.02996,-0.5723602,-0.3793771,1.919116,0.9979455,0.001271799,0.06405451,0.007159461,0.9913269,-0.1312245,-0.06366586,0.1314135,0.9892812,moving,-17.191296001294376,-11.80591446411191,-16.606768653024922,-11.182241527087456,-0.6960822,-0.12461690000000003,1.911667,-0.2898411017598973,-0.19581472385681306,0.9368290969921415,-17.51274722059685,-11.026404086073693,0.8055726030446161,0.854774913794051,0.9192836738033592
05/10/2023 16:35:07.627577,1366,True,True,True,True,Eyes,1.375282,-0.3547039,-2.933092,-0.3503074,-0.07126579,0.9339196,0.0,0.0,0.0,0.0,0.0,0.0,0.0,-1.17972,-0.04336295,3.044054,1.371421,-0.3549346,-2.941617,-0.06577234,-0.03201299,-0.001387032,0.9973201,352.4564,356.3175,0.08348683,0.4221791,-0.10882,-0.8999569,0,0,0,0.6762345,-0.4773386,-1.02975,-0.5715054,-0.3768476,1.919602,0.9979464,0.001444509,0.06403685,0.006977769,0.9913442,-0.1311033,-0.06367194,0.131281,0.9892983,moving,-17.193010632485933,-11.788870296383546,-16.579362024225684,-11.10680180903106,-0.6951865,-0.12240400000000001,1.911867,-0.2898857198068435,-0.19553325650054315,0.9368740158834619,-17.513495563262342,-11.009943389277565,0.8645145710456439,0.9174868041879672,0.9391416411970539
05/10/2023 16:35:07.642199,1367,True,True,True,True,Eyes,1.375142,-0.3547169,-2.933099,-0.3503889,-0.07118874,0.9338949,0.0,0.0,0.0,0.0,0.0,0.0,0.0,-1.179493,-0.04376882,3.044197,1.371453,-0.3549522,-2.941663,-0.06585546,-0.03205302,-0.00135176,0.9973134,352.447,356.3126,0.08816831,0.4221624,-0.1088222,-0.8999645,0,0,0,0.6770098,-0.4743901,-1.029615,-0.5706109,-0.3742009,1.92011,0.9979416,0.001525475,0.06411184,0.006917987,0.9913225,-0.1312704,-0.06375576,0.1314437,0.9892713,moving,-17.194234311151803,-11.79226514730187,-16.5506936913924,-11.027868771374182,-0.6944432,-0.11943789999999999,1.9120480000000002,-0.28990251717104076,-0.19558772692502963,0.9368574458295144,-17.51485508233754,-11.013210180999067,0.9411926524242423,0.9992228724422296,0.9642728151623132
05/10/2023 16:35:07.657085,1368,True,True,True,True,Eyes,1.37501,-0.3547316,-2.933105,-0.3504736,-0.07111103,0.9338691,0.0,0.0,0.0,0.0,0.0,0.0,0.0,-1.179299,-0.0441348,3.044298,1.371452,-0.3549422,-2.941697,-0.06592096,-0.03208316,-0.001332982,0.9973081,352.4395,356.3089,0.09080788,0.4221437,-0.1088248,-0.899973,0,0,0,0.6777987,-0.4714074,-1.029456,-0.5696988,-0.3715023,1.920628,0.9979378,0.001571118,0.06416932,0.006888692,0.9913053,-0.1314015,-0.06381784,0.1315725,0.9892502,moving,-17.196443401558668,-11.794295521962143,-16.52146808959394,-10.947387061895602,-0.6936532999999999,-0.11646519999999999,1.912241,-0.2899368227304,-0.1956188142648005,0.9368404011089961,-17.517091973010974,-11.015152788586583,1.0199247261396578,1.0829799681869272,0.9979274076526652
05/10/2023 16:35:07.677759,1369,True,True,True,True,Eyes,1.374861,-0.3547468,-2.933112,-0.3505946,-0.07103483,0.9338295,0.0,0.0,0.0,0.0,0.0,0.0,0.0,-1.178805,-0.04439422,3.044496,1.371495,-0.3549977,-2.94168,-0.06597523,-0.03217104,-0.001323315,0.9973016,352.4333,356.2986,0.09279629,0.4221234,-0.1088278,-0.8999822,0,0,0,0.6783934,-0.4685694,-1.029334,-0.568801,-0.3688456,1.921139,0.9979265,0.001605497,0.06434308,0.006884472,0.991291,-0.1315093,-0.06399386,0.1316795,0.9892246,moving,-17.194027134217666,-11.795258888327497,-16.492698345990497,-10.86814888273085,-0.6931015999999999,-0.1135717,1.9123459999999999,-0.2898962424834637,-0.19563708297092053,0.936849163981661,-17.514814229835675,-11.016100726428945,1.0947574640491395,1.162495174903365,1.0327684290596197
05/10/2023 16:35:07.692287,1370,True,True,True,True,Eyes,1.374716,-0.354762,-2.93312,-0.3507099,-0.07094865,0.9337927,0.0,0.0,0.0,0.0,0.0,0.0,0.0,-1.178502,-0.0452908,3.044605,1.371518,-0.354984,-2.941677,-0.06607878,-0.03222936,-0.001421516,0.9972928,352.4211,356.2926,0.08230928,0.4221013,-0.1088311,-0.8999921,0,0,0,0.6790547,-0.4652534,-1.029179,-0.5678766,-0.3661104,1.921664,0.9979185,0.001424018,0.06447209,0.007094691,0.9912632,-0.1317082,-0.06409635,0.1318914,0.9891897,moving,-17.193480225315007,-11.805461486407394,-16.463092503826005,-10.78657548361185,-0.6924633,-0.11026939999999996,1.9124979999999998,-0.28987737412075976,-0.19580506170204484,0.9368198531483172,-17.51482839320031,-11.025950432144358,1.180600009854262,1.253632685595975,1.078632813789245
05/10/2023 16:35:07.707499,1371,True,True,True,True,Eyes,1.374566,-0.3547775,-2.933129,-0.3508224,-0.07084228,0.9337586,0.0,0.0,0.0,0.0,0.0,0.0,0.0,-1.17868,-0.04637608,3.044525,1.371463,-0.3549979,-2.941706,-0.06620214,-0.03219752,-0.001561908,0.9972854,352.4064,356.2973,0.06634327,0.4220777,-0.1088347,-0.9000027,0,0,0,0.6799765,-0.4617838,-1.028929,-0.5669376,-0.3633314,1.922198,0.9979218,0.001147754,0.06442704,0.007378426,0.9912297,-0.1319443,-0.06401343,0.1321454,0.9891612,moving,-17.202669168760504,-11.818737737910212,-16.43302064426544,-10.703692915903861,-0.6914865000000001,-0.10678590000000004,1.912777,-0.2900153177388225,-0.19601358818377213,0.9367336317094049,-17.524389261500673,-11.038692561460655,1.2760530372359773,1.3548740924309546,1.1416261302235164
05/10/2023 16:35:07.722520,1372,True,True,True,True,Eyes,1.374424,-0.3547932,-2.933136,-0.3509264,-0.07074231,0.9337271,0.0,0.0,0.0,0.0,0.0,0.0,0.0,-1.178549,-0.04640839,3.044605,1.371467,-0.3549996,-2.941736,-0.06619044,-0.03222134,-0.001599928,0.9972854,352.4076,356.2948,0.06209842,0.4220525,-0.1088386,-0.9000141,0,0,0,0.6807215,-0.4591859,-1.028793,-0.5660739,-0.3607757,1.922689,0.9979184,0.001074319,0.06447954,0.007456658,0.9912325,-0.1319184,-0.06405593,0.1321246,0.9891612,moving,-17.205389207703455,-11.812874216771553,-16.405368264022187,-10.627471309429037,-0.6907455,-0.10418629999999995,1.912943,-0.2900656390997743,-0.19591460206320527,0.9367387595416141,-17.526699814820827,-11.03301364675777,1.347125935938542,1.430109633232626,1.1924131138923852
05/10/2023 16:35:07.743262,1373,True,True,True,True,Eyes,1.374286,-0.3548085,-2.933143,-0.3509738,-0.07058591,0.9337211,0.0,0.0,0.0,0.0,0.0,0.0,0.0,-1.178948,-0.04620305,3.044445,1.371518,-0.35502,-2.9417,-0.06615563,-0.03216537,-0.001614714,0.9972894,352.4116,356.3014,0.05983473,0.4220261,-0.1088428,-0.900026,0,0,0,0.6818195,-0.4567469,-1.028487,-0.5652192,-0.3582472,1.923175,0.9979255,0.001035167,0.06437002,0.007476516,0.9912416,-0.1318488,-0.06394273,0.1320565,0.9891776,moving,-17.21376545842427,-11.80042049205101,-16.378009259001253,-10.552060571517286,-0.6896985,-0.10172690000000001,1.913213,-0.2902151546850396,-0.1957017149852175,0.9367369290815653,-17.534112318358584,-11.020932346825047,1.4153625691167881,1.5022952160174685,1.2475636358661761
05/10/2023 16:35:07.752313,1374,True,True,True,True,Eyes,1.374154,-0.354825,-2.933151,-0.35102,-0.07045832,0.9337133,0.0,0.0,0.0,0.0,0.0,0.0,0.0,-1.17897,-0.04535261,3.044451,1.371472,-0.3550244,-2.941722,-0.06603978,-0.03215134,-0.001556405,0.9972978,352.4251,356.3026,0.06601575,0.4219988,-0.1088472,-0.9000382,0,0,0,0.682761,-0.454499,-1.028289,-0.5642977,-0.3555201,1.923699,0.9979277,0.001142137,0.06433449,0.007350932,0.9912726,-0.1316225,-0.06392335,0.1318227,0.9892101,moving,-17.21777427105854,-11.77749588710015,-16.348518740261767,-10.470728928505485,-0.6887110000000001,-0.09947459999999997,1.913433,-0.29030311537895515,-0.1953214421374786,0.9367889715921728,-17.536759865736627,-10.99877963362029,1.4789637225344971,1.5694728611529196,1.3002901674018783
05/10/2023 16:35:07.772232,1375,True,True,True,True,Eyes,1.374014,-0.3548434,-2.933162,-0.3509847,-0.07021586,0.9337448,0.0,0.0,0.0,0.0,0.0,0.0,0.0,-1.178758,-0.0434595,3.044578,1.371467,-0.3550656,-2.941737,-0.06578859,-0.03217918,-0.001420768,0.9973137,352.4544,356.2986,0.080923,0.4219708,-0.1088518,-0.9000508,0,0,0,0.6835822,-0.4530265,-1.028169,-0.5634139,-0.352905,1.924201,0.9979249,0.001400142,0.0643724,0.007067948,0.9913397,-0.1311323,-0.06399852,0.1313151,0.9892728,moving,-17.21152473579873,-11.729041001342326,-16.32024596764448,-10.392741582891428,-0.6878848,-0.09796090000000002,1.9135679999999997,-0.29024731522214625,-0.19453256653655238,0.9369703595737208,-17.528165705654693,-10.952067672611802,1.5140390637486012,1.6062608686993403,1.3311332645969531
05/10/2023 16:35:07.792288,1376,True,True,True,True,Eyes,1.373882,-0.3548588,-2.933174,-0.3509488,-0.06997173,0.9337767,0.0,0.0,0.0,0.0,0.0,0.0,0.0,-1.178403,-0.04317349,3.044842,1.37157,-0.3551009,-2.941813,-0.06577629,-0.03224945,-0.001342722,0.9973123,352.4561,356.2899,0.09040872,0.4219419,-0.1088567,-0.9000638,0,0,0,0.6843454,-0.4504735,-1.028118,-0.5625039,-0.3502122,1.924718,0.9979163,0.001564272,0.06450218,0.006920726,0.9913434,-0.1311124,-0.0641489,0.1312856,0.9892669,moving,-17.201189450499044,-11.709635259368511,-16.2911409860084,-10.312438466733884,-0.6872246,-0.09537260000000003,1.9136949999999997,-0.2900963701691016,-0.19422451398077556,0.9370810866019899,-17.517174774235595,-10.933419223078946,1.5720625573766638,1.6674372807006166,1.3743274535661476
05/10/2023 16:35:07.803463,1377,True,True,True,True,Eyes,1.373758,-0.3548696,-2.933182,-0.3508716,-0.06957048,0.9338357,0.0,0.0,0.0,0.0,0.0,0.0,0.0,-1.178945,-0.04426762,3.044648,1.371612,-0.3550465,-2.941833,-0.06582505,-0.03218218,-0.0016388,0.9973109,352.4494,356.2998,0.0559475,0.4219124,-0.1088617,-0.900077,0,0,0,0.6854106,-0.4471104,-1.027847,-0.5615916,-0.3475129,1.925238,0.9979233,0.000968002,0.06440701,0.007505571,0.9913287,-0.1311906,-0.06397551,0.1314016,0.9892628,moving,-17.198847788477167,-11.702583721039757,-16.261955916193877,-10.231934588049985,-0.6862014000000001,-0.09206390000000003,1.913986,-0.29006471022739566,-0.19411113185742995,0.9371143891426514,-17.51454371620787,-10.926632166092535,1.6443181978160644,1.7437245346424581,1.43233408172887
05/10/2023 16:35:07.822314,1378,True,True,True,True,Eyes,1.373639,-0.3548814,-2.933191,-0.3507965,-0.06918776,0.9338924,0.0,0.0,0.0,0.0,0.0,0.0,0.0,-1.179703,-0.04429218,3.044262,1.371553,-0.3549611,-2.941775,-0.06578105,-0.03205349,-0.001730352,0.9973178,352.4541,356.3154,0.04424904,0.4218826,-0.1088667,-0.9000903,0,0,0,0.6867117,-0.4442917,-1.027409,-0.5606676,-0.3447787,1.925763,0.9979392,0.0007656028,0.06416266,0.007668444,0.9913397,-0.1310983,-0.06370737,0.1313201,0.9892908,moving,-17.206023040211427,-11.678605105560225,-16.23241711192404,-10.150401453120422,-0.6848413,-0.08933060000000004,1.9143659999999998,-0.2902055163700941,-0.1937102963940182,0.9371537892273262,-17.520187230348167,-10.903438366429452,1.7090383722380744,1.811991972092233,1.491782983785538
05/10/2023 16:35:07.842335,1379,True,True,True,True,Eyes,1.373517,-0.3548932,-2.933198,-0.3506612,-0.06866678,0.9339816,0.0,0.0,0.0,0.0,0.0,0.0,0.0,-1.179532,-0.04396024,3.044343,1.371527,-0.3549972,-2.941793,-0.06581373,-0.0320669,-0.001535241,0.9973154,352.4511,356.3124,0.06696586,0.4218526,-0.1088717,-0.9001038,0,0,0,0.6875837,-0.4417956,-1.027211,-0.5597873,-0.3421738,1.926263,0.9979387,0.001158645,0.06416369,0.007283123,0.9913324,-0.1311756,-0.06375954,0.1313725,0.9892805,moving,-17.196947729462075,-11.643378848565076,-16.20428341841816,-10.072727598907386,-0.6839432999999999,-0.0867984,1.914582,-0.29009023225104275,-0.19314112675701223,0.9373068842738412,-17.509571352609154,-10.869513492514146,1.7529126893006686,1.858044074415769,1.5292626822738182
05/10/2023 16:35:07.852779,1380,True,True,True,True,Eyes,1.3734,-0.354906,-2.933204,-0.35053,-0.06817079,0.9340671,0.0,0.0,0.0,0.0,0.0,0.0,0.0,-1.179441,-0.04419911,3.044345,1.371511,-0.355009,-2.941767,-0.06587183,-0.03207743,-0.001496947,0.9973113,352.4445,356.3108,0.07167792,0.4218225,-0.1088766,-0.9001173,0,0,0,0.6884443,-0.438873,-1.026968,-0.558871,-0.3394623,1.926784,0.9979376,0.001240153,0.06417958,0.007211841,0.9913173,-0.1312934,-0.06378515,0.1314855,0.9892639,moving,-17.186573272707214,-11.618538971507219,-16.175001783741006,-9.991875470229123,-0.6830666999999999,-0.083864,1.914799,-0.28994358110404156,-0.19274368546816067,0.9374339850359323,-17.49825436533109,-10.84562136698251,1.8076117053700493,1.9155445762705765,1.5747632999622714
05/10/2023 16:35:07.877747,1381,True,True,True,True,Eyes,1.373303,-0.3549173,-2.933207,-0.3504121,-0.06758406,0.934154,0.0,0.0,0.0,0.0,0.0,0.0,0.0,-1.179456,-0.04378209,3.04431,1.371515,-0.3550453,-2.941725,-0.06584267,-0.03207203,-0.00141881,0.9973136,352.4482,356.3109,0.08053561,0.4217923,-0.1088817,-0.9001308,0,0,0,0.6893973,-0.4363755,-1.026699,-0.5579594,-0.3367649,1.927302,0.9979388,0.001393419,0.06415858,0.007053413,0.9913254,-0.1312406,-0.06378491,0.1314226,0.9892722,moving,-17.17846321228519,-11.576912718880527,-16.14588004520409,-9.91144873952212,-0.6821177,-0.08133020000000002,1.915026,-0.28985000805895045,-0.192068268612746,0.9376015644871875,-17.48822927372019,-10.805513155599202,1.849656463426935,1.9595913511443077,1.6128399273929885
05/10/2023 16:35:07.892354,1382,True,True,True,True,Eyes,1.373209,-0.3549273,-2.933209,-0.3503001,-0.06702441,0.9342363,0.0,0.0,0.0,0.0,0.0,0.0,0.0,-1.179527,-0.0432795,3.044233,1.371507,-0.3550554,-2.941669,-0.06579499,-0.03205585,-0.001342141,0.9973174,352.4539,356.3122,0.08907267,0.4217627,-0.1088867,-0.9001441,0,0,0,0.6903645,-0.4339635,-1.026408,-0.5570619,-0.3341096,1.927812,0.9979413,0.001541148,0.06411632,0.006895311,0.9913384,-0.1311509,-0.0637631,0.131323,0.9892869,moving,-17.17192693861902,-11.534925568391488,-16.11721556639085,-9.83228054523855,-0.6811425,-0.07890809999999998,1.915261,-0.2897824335900168,-0.19138521660683672,0.9377620891679024,-17.479701886577864,-10.76504476698617,1.8909651085749577,2.002852004910721,1.6511868658844135
05/10/2023 16:35:07.902676,1383,True,True,True,True,Eyes,1.373115,-0.3549379,-2.933211,-0.3501397,-0.066371,0.9343432,0.0,0.0,0.0,0.0,0.0,0.0,0.0,-1.179426,-0.04301375,3.044289,1.371513,-0.3550352,-2.941682,-0.0657489,-0.0320733,-0.001337163,0.9973198,352.4593,356.3102,0.08960684,0.4217336,-0.1088916,-0.9001571,0,0,0,0.6912543,-0.4312257,-1.02622,-0.5560971,-0.3312546,1.928361,0.9979391,0.001550409,0.0641505,0.006884729,0.9913506,-0.1310596,-0.06379884,0.1312311,0.9892968,moving,-17.15716714295141,-11.490012871038177,-16.08640333398393,-9.747159510637475,-0.6802587,-0.0761905,1.9154620000000002,-0.2895823952220398,-0.19066215508374307,0.9379712754341784,-17.463093270502483,-10.72181543484432,1.9317947600886651,2.0455006649851177,1.6867807658089282
05/10/2023 16:35:07.922589,1384,True,True,True,True,Eyes,1.373025,-0.3549479,-2.933214,-0.349986,-0.0657386,0.9344454,0.0,0.0,0.0,0.0,0.0,0.0,0.0,-1.179444,-0.04321182,3.044274,1.371534,-0.3550691,-2.941663,-0.06577019,-0.03207607,-0.0013785,0.9973182,352.4567,356.3102,0.0849423,0.421705,-0.1088965,-0.9001699,0,0,0,0.6920596,-0.4286397,-1.026009,-0.555271,-0.3288097,1.92883,0.9979384,0.001469693,0.06416143,0.006968905,0.9913448,-0.1310992,-0.06379877,0.131276,0.9892908,moving,-17.1444638425464,-11.455862672356677,-16.060035520212562,-9.674275082008371,-0.6794744,-0.07357059999999999,1.9156540000000002,-0.28940575867377616,-0.19011365235582317,0.9381370237558612,-17.44903774279627,-10.688956416130056,1.9702180780725271,2.0856747417473476,1.7201469077254552
05/10/2023 16:35:07.942466,1385,True,True,True,True,Eyes,1.372954,-0.354954,-2.933216,-0.3498212,-0.06500299,0.9345586,0.0,0.0,0.0,0.0,0.0,0.0,0.0,-1.179488,-0.04366738,3.044283,1.371534,-0.3550645,-2.941697,-0.06580958,-0.03207259,-0.001460902,0.9973157,352.4518,356.3112,0.07556368,0.4216769,-0.1089013,-0.9001824,0,0,0,0.6928825,-0.4258007,-1.025836,-0.5544137,-0.3262731,1.929318,0.9979384,0.001307406,0.06416526,0.007135327,0.991334,-0.1311721,-0.0637807,0.1313595,0.9892809,moving,-17.130994385687266,-11.419155442524863,-16.03266787818536,-9.598654177544464,-0.6786515000000001,-0.07073619999999997,1.915861,-0.289218809737176,-0.18952377842127804,0.9383140492497559,-17.434108115852055,-10.653635644693411,2.0089736341565265,2.1261575606893683,1.7541438469461463
05/10/2023 16:35:07.957723,1386,True,True,True,True,Eyes,1.372885,-0.3549603,-2.933216,-0.3496636,-0.06429268,0.9346668,0.0,0.0,0.0,0.0,0.0,0.0,0.0,-1.179407,-0.0443635,3.044275,1.371509,-0.3550264,-2.941683,-0.06588832,-0.03208536,-0.00153311,0.9973098,352.4425,356.3102,0.06763093,0.4216499,-0.1089059,-0.9001945,0,0,0,0.6936653,-0.4226577,-1.02562,-0.5535126,-0.323607,1.92983,0.9979364,0.001170128,0.0642001,0.007286071,0.9913127,-0.1313238,-0.06379605,0.1315205,0.9892585,moving,-17.11661116530612,-11.387992869299199,-16.0039161665525,-9.519181907974616,-0.6778437,-0.0676313,1.9160629999999998,-0.2890115291330604,-0.18902578968905803,0.9384784471416382,-17.41859194794764,-10.623672413926014,2.0556468315009244,2.1749815101324956,1.7947720869800503
05/10/2023 16:35:07.972399,1387,True,True,True,True,Eyes,1.3728,-0.354966,-2.933217,-0.3494317,-0.06348231,0.9348089,0.0,0.0,0.0,0.0,0.0,0.0,0.0,-1.179389,-0.04471079,3.044238,1.371493,-0.355037,-2.941649,-0.06591959,-0.03208933,-0.001601102,0.9973075,352.4387,356.3102,0.05993975,0.4216237,-0.1089104,-0.9002062,0,0,0,0.6945338,-0.4196296,-1.02537,-0.5525709,-0.3208203,1.930365,0.9979354,0.001037049,0.06421695,0.007424212,0.9913041,-0.1313815,-0.06379477,0.131587,0.9892498,moving,-17.098010972506746,-11.34522961040674,-15.973877014882246,-9.43612107424133,-0.6769592000000001,-0.0645926,1.916279,-0.28874552777959656,-0.1883410829001933,0.9386979561319503,-17.398395905644637,-10.582546362420716,2.0945448704813985,2.2154847229317913,1.8285363030347805
05/10/2023 16:35:07.992418,1388,True,True,True,True,Eyes,1.372718,-0.3549724,-2.933217,-0.3492067,-0.06270438,0.9349454,0.0,0.0,0.0,0.0,0.0,0.0,0.0,-1.179263,-0.04518762,3.044239,1.371429,-0.3550249,-2.941638,-0.065973,-0.03210237,-0.001657209,0.9973035,352.4323,356.3091,0.05377048,0.4215981,-0.1089146,-0.9002177,0,0,0,0.6952674,-0.4166847,-1.025165,-0.5516878,-0.318207,1.930867,0.9979333,0.0009302973,0.06425026,0.00754126,0.9912896,-0.1314838,-0.06381294,0.1316966,0.989234,moving,-17.079245007924825,-11.30645240780481,-15.945711784320277,-9.358232709893166,-0.6761616,-0.06165980000000004,1.916473,-0.28847286014714046,-0.18772183883244437,0.9389057352903584,-17.378251564162905,-10.54526813312021,2.1315414019110808,2.2539870364193,1.860436324314104
05/10/2023 16:35:08.003155,1389,True,True,True,True,Eyes,1.372631,-0.3549787,-2.933218,-0.3489506,-0.06184959,0.9350979,0.0,0.0,0.0,0.0,0.0,0.0,0.0,-1.179369,-0.04512417,3.044184,1.37141,-0.355047,-2.941629,-0.06598823,-0.03207931,-0.001606839,0.9973034,352.4308,356.3114,0.05945835,0.4215729,-0.1089188,-0.900229,0,0,0,0.6962681,-0.4139136,-1.024899,-0.5507593,-0.3154595,1.931395,0.9979367,0.001028701,0.06419767,0.007438726,0.9912859,-0.1315175,-0.06377354,0.1317237,0.989233,moving,-17.063600768641475,-11.254825569743412,-15.916104342350629,-9.276349571708385,-0.6751419000000001,-0.05886659999999999,1.9167299999999998,-0.2882631253750586,-0.18688807327837892,0.9391364087411568,-17.36043429053087,-10.495566308080978,2.16353169654527,2.287163160588015,1.890126569693514
05/10/2023 16:35:08.027544,1390,True,True,True,True,Eyes,1.372545,-0.3549853,-2.933218,-0.3487005,-0.06103529,0.9352447,0.0,0.0,0.0,0.0,0.0,0.0,0.0,-1.179697,-0.04472402,3.044068,1.371397,-0.3550624,-2.941638,-0.06595478,-0.03201991,-0.001538164,0.9973077,352.4349,356.3177,0.06679735,0.421548,-0.1089229,-0.9002401,0,0,0,0.69738,-0.4114716,-1.024615,-0.549873,-0.312837,1.931899,0.9979447,0.001155686,0.06407028,0.007291777,0.9912952,-0.1314559,-0.06366449,0.1316529,0.9892493,moving,-17.05261122254594,-11.199578763894879,-15.887849529696695,-9.198197778645659,-0.674017,-0.05640919999999999,1.9170230000000001,-0.2881329672403361,-0.1859900453296421,0.9393546137808029,-17.3469112630171,-10.44233597124769,2.191043558177065,2.3156415200212193,1.917482981392792
05/10/2023 16:35:08.042545,1391,True,True,True,True,Eyes,1.372442,-0.354993,-2.933219,-0.3483875,-0.06014429,0.9354191,0.0,0.0,0.0,0.0,0.0,0.0,0.0,-1.179825,-0.04410428,3.043999,1.371365,-0.3550751,-2.941622,-0.06592274,-0.03198564,-0.001378709,0.9973111,352.4391,356.3205,0.0847993,0.4215235,-0.1089268,-0.9002512,0,0,0,0.6984337,-0.4090543,-1.024324,-0.5489603,-0.3101365,1.932418,0.99795,0.00146716,0.06398104,0.006967167,0.9913046,-0.1314028,-0.06361749,0.1315792,0.9892622,moving,-17.035706068890843,-11.136294282070674,-15.858760313720405,-9.117728041067222,-0.6729312999999999,-0.053979200000000005,1.9172980000000002,-0.2879124819040935,-0.18496521051627368,0.9396245803953616,-17.327260209125146,-10.381393992419342,2.211545916639479,2.336623842198936,1.9373547892449636
05/10/2023 16:35:08.052487,1392,True,True,True,True,Eyes,1.372343,-0.3550002,-2.933222,-0.3480821,-0.05929746,0.9355868,0.0,0.0,0.0,0.0,0.0,0.0,0.0,-1.179718,-0.04348123,3.044071,1.371352,-0.3550928,-2.941648,-0.06588075,-0.03199362,-0.001238571,0.9973138,352.4445,356.3185,0.1008591,0.4214987,-0.1089308,-0.9002623,0,0,0,0.6994064,-0.4064469,-1.024119,-0.547977,-0.3072266,1.932977,0.9979497,0.001745039,0.06397855,0.006686016,0.9913164,-0.1313283,-0.06365216,0.1314868,0.9892723,moving,-17.014231147890715,-11.07510551973139,-15.827430194978884,-9.031027491972798,-0.6719455999999999,-0.051354100000000014,1.9175289999999998,-0.28761444343074616,-0.18397883203326937,0.9399094204926333,-17.303315895408318,-10.322508974159813,2.2378235089994836,2.3636309960308695,1.961163690150327
05/10/2023 16:35:08.072412,1393,True,True,True,True,Eyes,1.37224,-0.3550055,-2.933225,-0.3477448,-0.05837139,0.9357704,0.0,0.0,0.0,0.0,0.0,0.0,0.0,-1.179983,-0.04272035,3.044004,1.371368,-0.3550857,-2.941668,-0.06580938,-0.03194599,-0.001107913,0.9973202,352.4532,356.3231,0.1152926,0.4214739,-0.1089347,-0.9002734,0,0,0,0.7004827,-0.4043199,-1.023868,-0.5471289,-0.3047173,1.933459,0.9979565,0.001994803,0.06386657,0.00641458,0.9913358,-0.1311952,-0.06357493,0.1313368,0.9892972,moving,-16.99661332487743,-11.006412538806794,-15.800415684723408,-8.956269794467113,-0.6708852999999999,-0.049234200000000006,1.9178,-0.2873861610604291,-0.1828648986370245,0.9401965379063847,-17.28269101314582,-10.25635315448959,2.24790650775701,2.3735993904782435,1.9716381240626024
05/10/2023 16:35:08.092420,1394,True,True,True,True,Eyes,1.372142,-0.3550113,-2.933229,-0.3474188,-0.05748393,0.9359465,0.0,0.0,0.0,0.0,0.0,0.0,0.0,-1.180114,-0.0427213,3.043956,1.371376,-0.3550565,-2.94167,-0.06581526,-0.03192452,-0.001084203,0.9973205,352.4526,356.3254,0.1178845,0.421449,-0.1089385,-0.9002846,0,0,0,0.7014375,-0.4016672,-1.023631,-0.5462558,-0.3021341,1.933955,0.9979593,0.002039646,0.06382068,0.006364836,0.9913344,-0.1312086,-0.06353524,0.131347,0.9892983,moving,-16.975978462866998,-10.952772685594757,-15.772613003948678,-8.879318153808631,-0.6699384999999999,-0.046610700000000005,1.9180389999999998,-0.28709434636534764,-0.18200125750217747,0.9404533237841286,-17.259956865710816,-10.204746521428483,2.2710516920195047,2.3973531494342093,1.9922229094187565
05/10/2023 16:35:08.103112,1395,True,True,True,True,Eyes,1.372056,-0.3550126,-2.933233,-0.3470749,-0.05654491,0.9361312,0.0,0.0,0.0,0.0,0.0,0.0,0.0,-1.180295,-0.04259035,3.04391,1.371375,-0.3550706,-2.941692,-0.06578322,-0.03189598,-0.001114717,0.9973235,352.4561,356.3289,0.1140301,0.421424,-0.1089423,-0.9002959,0,0,0,0.7024774,-0.3988746,-1.023392,-0.5452951,-0.299291,1.934501,0.9979628,0.001972973,0.06376787,0.006419906,0.9913426,-0.1311432,-0.06347454,0.1312854,0.9893104,moving,-16.953975662536216,-10.893803641058364,-15.742026673936719,-8.794632160843731,-0.6688976,-0.04380400000000001,1.9183000000000001,-0.2867843126962683,-0.18105077993377938,0.9407312632984288,-17.235621534354067,-10.14800753834228,2.296924203230579,2.4239103230758836,2.0155521624320363
05/10/2023 16:35:08.122477,1396,True,True,True,True,Eyes,1.371973,-0.3550124,-2.933237,-0.3467475,-0.05562912,0.9363074,0.0,0.0,0.0,0.0,0.0,0.0,0.0,-1.180371,-0.04321706,3.043865,1.371315,-0.3550102,-2.941721,-0.06586205,-0.03187499,-0.001150845,0.9973189,352.4469,356.3316,0.1099989,0.4213992,-0.1089458,-0.9003071,0,0,0,0.7033883,-0.3956912,-1.02317,-0.5443745,-0.2965666,1.935025,0.9979653,0.001903185,0.06373065,0.006494224,0.9913217,-0.1312976,-0.06342746,0.1314443,0.9892924,moving,-16.932882645573475,-10.84903862744912,-15.712718492267596,-8.713486807280201,-0.6679267000000001,-0.04068100000000002,1.918551,-0.2864763780996534,-0.1803330788267842,0.9409629325933843,-17.212916650726232,-10.104968644644556,2.331361260675472,2.4595491736575292,2.046171111700476
05/10/2023 16:35:08.142321,1397,True,True,True,True,Eyes,1.371889,-0.3550144,-2.933242,-0.3463877,-0.05464342,0.9364986,0.0,0.0,0.0,0.0,0.0,0.0,0.0,-1.180192,-0.04443541,3.043891,1.371291,-0.3549741,-2.94171,-0.06602356,-0.03190451,-0.001231941,0.9973071,352.4281,356.3287,0.1014763,0.4213748,-0.108949,-0.9003181,0,0,0,0.7040429,-0.3924203,-1.022996,-0.54354,-0.2940978,1.935499,0.9979611,0.001755651,0.06379985,0.006670145,0.9912787,-0.1316129,-0.06347451,0.1317701,0.989246,moving,-16.903693620591987,-10.810953034682328,-15.686165460172496,-8.639965628538777,-0.6672481,-0.037446199999999985,1.918714,-0.2860289251887028,-0.17973263654410568,0.9412138987386693,-17.18276301908426,-10.068436693017983,2.36004063727412,2.4890884152734256,2.068896767698911
05/10/2023 16:35:08.157539,1398,True,True,True,True,Eyes,1.371808,-0.3550179,-2.933248,-0.3460493,-0.0536993,0.9366783,0.0,0.0,0.0,0.0,0.0,0.0,0.0,-1.179753,-0.04516762,3.04408,1.371285,-0.3550451,-2.941734,-0.06613305,-0.03197753,-0.00128224,0.9972976,352.4154,356.3206,0.09664367,0.4213507,-0.1089521,-0.9003291,0,0,0,0.7046265,-0.3892941,-1.022901,-0.5426375,-0.2914273,1.936012,0.9979516,0.001671992,0.06395181,0.006787092,0.9912496,-0.1318266,-0.06361261,0.1319906,0.9892077,moving,-16.871024800281553,-10.768140783077907,-15.657452700131596,-8.560444875571674,-0.6666585,-0.034248999999999974,1.9188329999999998,-0.28552796401872316,-0.17905720968780042,0.9414946988507221,-17.149004714338908,-10.027369818949616,2.389412895088988,2.5192614914458855,2.092031596460786
05/10/2023 16:35:08.177322,1399,True,True,True,True,Eyes,1.371736,-0.3550194,-2.933254,-0.3457016,-0.05269817,0.9368635,0.0,0.0,0.0,0.0,0.0,0.0,0.0,-1.179124,-0.04497173,3.044347,1.371273,-0.3550837,-2.941756,-0.06611124,-0.03207789,-0.001264502,0.9972957,352.4179,356.3089,0.09937494,0.4213268,-0.1089551,-0.9003398,0,0,0,0.7051159,-0.3867482,-1.022844,-0.5417411,-0.2887747,1.936522,0.9979388,0.001719255,0.06414948,0.006763583,0.9912554,-0.1317838,-0.06381509,0.131946,0.9892006,moving,-16.834446123145373,-10.704337972932565,-15.628937500322795,-8.481464073266224,-0.6661571,-0.031664499999999984,1.9189119999999997,-0.28498034271722866,-0.1780389463097175,0.9418536239022788,-17.11036437174483,-9.966076517533175,2.3992141932175133,2.528718927345907,2.097307723021008
05/10/2023 16:35:08.192868,1400,True,True,True,True,Eyes,1.371666,-0.355022,-2.933259,-0.3453666,-0.05173793,0.9370406,0.0,0.0,0.0,0.0,0.0,0.0,0.0,-1.179047,-0.04526946,3.044408,1.371312,-0.3550616,-2.941777,-0.06613975,-0.03209862,-0.001302795,0.9972932,352.4145,356.3067,0.09522548,0.4213035,-0.1089579,-0.9003505,0,0,0,0.7060055,-0.3836817,-1.022668,-0.5407813,-0.2859345,1.937068,0.997936,0.001647453,0.0641958,0.006844526,0.9912477,-0.1318378,-0.06385114,0.1320051,0.9891905,moving,-16.807685976671404,-10.651154000742267,-15.598413887867974,-8.39690793131241,-0.6653065000000001,-0.028620100000000037,1.9191090000000002,-0.2845849244051728,-0.1771863275635576,0.9421339681650619,-17.081750722042212,-9.914956161672597,2.427875163048787,2.558117340213104,2.1224416584014145
05/10/2023 16:35:08.202520,1401,True,True,True,True,Eyes,1.371597,-0.3550251,-2.933264,-0.3450006,-0.05070808,0.9372317,0.0,0.0,0.0,0.0,0.0,0.0,0.0,-1.179131,-0.04516214,3.044376,1.371323,-0.3550905,-2.941768,-0.06612907,-0.03208658,-0.001298412,0.9972942,352.4158,356.3081,0.09559862,0.4212807,-0.1089606,-0.9003608,0,0,0,0.7069556,-0.3810257,-1.022428,-0.5398741,-0.2832497,1.937583,0.9979375,0.001653914,0.06417125,0.006833509,0.9912505,-0.131817,-0.0638278,0.1319836,0.9891948,moving,-16.78285869680369,-10.587870787631607,-15.569578773856469,-8.316992948532867,-0.6643674,-0.025935200000000047,1.9193400000000003,-0.28422958854299335,-0.17616500083086484,0.9424327118375502,-17.054464210024097,-9.85407535298193,2.444326174754011,2.574671693932369,2.1371726829177
05/10/2023 16:35:08.222567,1402,True,True,True,True,Eyes,1.371531,-0.3550267,-2.93327,-0.3446405,-0.04972703,0.9374167,0.0,0.0,0.0,0.0,0.0,0.0,0.0,-1.179796,-0.0445492,3.044138,1.371342,-0.3551172,-2.941767,-0.06606713,-0.03197652,-0.001221612,0.9973019,352.4232,356.3203,0.1033797,0.4212583,-0.1089632,-0.9003709,0,0,0,0.7082897,-0.378709,-1.022067,-0.5389875,-0.2806266,1.938087,0.997952,0.001788562,0.06394192,0.006661826,0.9912673,-0.1316996,-0.06361908,0.1318559,0.9892253,moving,-16.770471616516566,-10.519376491458948,-15.541400124345587,-8.238920561365898,-0.6630523,-0.023591799999999996,1.9197,-0.2840834093311604,-0.17504614674971433,0.9426851989092769,-17.038891377558024,-9.788071684838032,2.4600587470129587,2.590578310332261,2.154611161393797
05/10/2023 16:35:08.242526,1403,True,True,True,True,Eyes,1.371485,-0.3550249,-2.933274,-0.3442752,-0.04867804,0.937606,0.0,0.0,0.0,0.0,0.0,0.0,0.0,-1.180421,-0.04392463,3.04391,1.371338,-0.355078,-2.941779,-0.06597936,-0.0318709,-0.001174849,0.9973113,352.4334,356.3322,0.1076371,0.4212364,-0.1089657,-0.9003808,0,0,0,0.7095805,-0.3763723,-1.021728,-0.5380948,-0.277985,1.938595,0.9979658,0.001862263,0.06372543,0.006549022,0.9912907,-0.131529,-0.06341538,0.1316788,0.9892619,moving,-16.756534235192564,-10.444991768434722,-15.51303056416207,-8.160305605254726,-0.6617575,-0.021294299999999988,1.920051,-0.2839161540442199,-0.17383113709562067,0.9429604071211387,-17.021511820158302,-9.716395450993101,2.4707874283595173,2.601171321557357,2.1672404822035904
05/10/2023 16:35:08.260652,1404,True,True,True,True,Eyes,1.37144,-0.3550238,-2.933279,-0.3439228,-0.04767073,0.9377871,0.0,0.0,0.0,0.0,0.0,0.0,0.0,-1.180502,-0.04401684,3.043864,1.371327,-0.3550435,-2.941775,-0.06601167,-0.0318531,-0.001122622,0.9973097,352.4299,356.3338,0.1136426,0.4212155,-0.1089679,-0.9003903,0,0,0,0.7105703,-0.3734597,-1.021473,-0.53716,-0.2752192,1.939126,0.9979683,0.001966149,0.06368302,0.006444556,0.9912824,-0.1315966,-0.0633866,0.1317397,0.9892557,moving,-16.734195778957975,-10.386242111501076,-15.483337943530275,-8.078009057406579,-0.6607567,-0.018416199999999994,1.9203019999999997,-0.2835966445824727,-0.17288120911435956,0.943231184016783,-16.996864615352948,-9.659870718107197,2.494508448609966,2.625373336587633,2.1893033823372066
05/10/2023 16:35:08.272674,1405,True,True,True,True,Eyes,1.371383,-0.3550223,-2.933285,-0.3435296,-0.04659826,0.9379851,0.0,0.0,0.0,0.0,0.0,0.0,0.0,-1.180546,-0.04397127,3.043863,1.37132,-0.355059,-2.941792,-0.06603733,-0.0318407,-0.001050047,0.9973086,352.4272,356.3347,0.1220104,0.4211955,-0.1089699,-0.9003994,0,0,0,0.7115231,-0.3707247,-1.021251,-0.5362508,-0.2725292,1.939643,0.9979702,0.002110909,0.06364869,0.00629979,0.9912759,-0.1316523,-0.06337132,0.1317861,0.9892505,moving,-16.70870339346491,-10.322048862666598,-15.454461782999354,-7.997976740464865,-0.6597969000000001,-0.015665700000000005,1.920541,-0.28322913896311236,-0.17184378040316492,0.9435311344688952,-16.968888778551094,-9.598116752354063,2.510032630984045,2.6409152289724287,2.2031652644558077
05/10/2023 16:35:08.292259,1406,True,True,True,True,Eyes,1.371328,-0.355021,-2.933289,-0.3431585,-0.04556,0.938172,0.0,0.0,0.0,0.0,0.0,0.0,0.0,-1.180615,-0.04448369,3.043849,1.371354,-0.3550372,-2.9418,-0.06613266,-0.03183277,-0.00101731,0.9973025,352.4164,356.3353,0.1260787,0.421176,-0.1089718,-0.9004083,0,0,0,0.7124397,-0.36778,-1.021041,-0.5353903,-0.2699829,1.940132,0.9979713,0.002181241,0.06362836,0.006239503,0.9912509,-0.1318438,-0.06335925,0.1319733,0.9892263,moving,-16.68415968811147,-10.269332639554339,-15.42714142915038,-7.9222316557595605,-0.6589143,-0.012742799999999999,1.920759,-0.28286737165605613,-0.17099463784878222,0.9437939686105271,-16.9424362010808,-9.54743100555633,2.5312655659318173,2.6625134612790204,2.222024116075139
05/10/2023 16:35:08.303776,1407,True,True,True,True,Eyes,1.371274,-0.3550231,-2.933292,-0.3427604,-0.0444822,0.9383692,0.0,0.0,0.0,0.0,0.0,0.0,0.0,-1.180188,-0.04528117,3.043982,1.371334,-0.35504,-2.941787,-0.06619681,-0.03190789,-0.001175629,0.9972956,352.4084,356.3278,0.1086398,0.421157,-0.1089734,-0.900417,0,0,0,0.7129824,-0.3646067,-1.020924,-0.5344788,-0.2672858,1.94065,0.997961,0.001879502,0.06379883,0.006569301,0.9912332,-0.1319606,-0.06348754,0.1321106,0.9891997,moving,-16.645922073719053,-10.217506055568709,-15.398208899121524,-7.842011801191081,-0.6583516,-0.009566699999999984,1.9208630000000002,-0.28227825191511563,-0.1701716427703604,0.9441190147043027,-16.90283232134115,-9.497707386003727,2.551808315585691,2.6832370597182362,2.2372347914914945
05/10/2023 16:35:08.322767,1408,True,True,True,True,Eyes,1.371223,-0.3550236,-2.933298,-0.3423932,-0.04344679,0.9385517,0.0,0.0,0.0,0.0,0.0,0.0,0.0,-1.179718,-0.04458264,3.044158,1.371361,-0.3551357,-2.941746,-0.06613711,-0.03198511,-0.001077011,0.9972973,352.4156,356.3181,0.1203777,0.4211386,-0.1089751,-0.9004254,0,0,0,0.7136372,-0.3623044,-1.020761,-0.5335643,-0.2645792,1.94117,0.9979516,0.002082605,0.06393978,0.006379005,0.9912494,-0.1318478,-0.06365485,0.1319856,0.9892057,moving,-16.611667182122254,-10.144619388115954,-15.369186352484627,-7.761520645930873,-0.6577238000000001,-0.007168700000000028,1.9209850000000002,-0.2817715360550468,-0.16899670701622033,0.9444813047526603,-16.865949762950745,-9.427630524893274,2.5567578781104188,2.687548739468946,2.239692576155547
05/10/2023 16:35:08.342449,1409,True,True,True,True,Eyes,1.37117,-0.3550187,-2.933303,-0.3419932,-0.04232524,0.9387487,0.0,0.0,0.0,0.0,0.0,0.0,0.0,-1.178409,-0.04469275,3.044727,1.371377,-0.3550976,-2.941809,-0.06617291,-0.03219834,-0.001003865,0.997288,352.4118,356.2929,0.1305765,0.4211206,-0.1089766,-0.9004337,0,0,0,0.7137187,-0.3595759,-1.020889,-0.5326827,-0.2619704,1.941671,0.9979245,0.00225903,0.06435489,0.006263601,0.9912403,-0.1319223,-0.06408917,0.1320516,0.9891688,moving,-16.55967745807939,-10.077921113977606,-15.341217190796739,-7.6839504107196674,-0.6576583,-0.004478299999999991,1.9209200000000002,-0.2809659376786703,-0.16793844086181714,0.9449098996646375,-16.812302287446926,-9.363659697273885,2.5564603956912255,2.6862131618700356,2.2328266052075714
05/10/2023 16:35:08.352892,1410,True,True,True,True,Eyes,1.371119,-0.3550135,-2.933306,-0.3416126,-0.04121755,0.9389366,0.0,0.0,0.0,0.0,0.0,0.0,0.0,-1.178306,-0.04722303,3.044724,1.371404,-0.3549742,-2.941807,-0.06650823,-0.0322265,-0.00115438,0.9972647,352.3728,356.2906,0.1147017,0.421103,-0.1089779,-0.9004418,0,0,0,0.7145037,-0.3551874,-1.020718,-0.531758,-0.2592342,1.942197,0.9979202,0.001984209,0.06443026,0.006589101,0.9911507,-0.1325782,-0.06412315,0.132727,0.9890762,moving,-16.529664373646465,-10.05508575261379,-15.311884312906509,-7.602602558648282,-0.6569003000000001,-0.00021319999999996897,1.9210889999999998,-0.28048799571040717,-0.1675862474912729,0.9451144521381919,-16.78216349129887,-9.341850544455095,2.6066817889139795,2.738185912793189,2.2774337352702876
05/10/2023 16:35:08.372500,1411,True,True,True,True,Eyes,1.371072,-0.3550138,-2.933307,-0.3412039,-0.04003257,0.9391364,0.0,0.0,0.0,0.0,0.0,0.0,0.0,-1.178206,-0.04980382,3.044675,1.371417,-0.3549695,-2.941753,-0.06684839,-0.03225512,-0.001362283,0.9972409,352.333,356.2887,0.09223179,0.4210859,-0.108979,-0.9004496,0,0,0,0.715232,-0.3509198,-1.020513,-0.5308627,-0.2565852,1.942706,0.9979155,0.001595357,0.06451437,0.007029453,0.9910589,-0.13324,-0.06415011,0.1334158,0.9889818,moving,-16.497071066625587,-10.03029030510405,-15.283493422818047,-7.523860692446564,-0.6561850000000001,0.004049699999999989,1.9212399999999998,-0.2799687451757518,-0.16720361309093063,0.9453360986099218,-16.749433827912505,-9.318169421194375,2.651829273687511,2.7847728993143788,2.3170077870713093
05/10/2023 16:35:08.392523,1412,True,True,True,True,Eyes,1.371026,-0.3550165,-2.933306,-0.3407996,-0.03892317,0.9393299,0.0,0.0,0.0,0.0,0.0,0.0,0.0,-1.1789,-0.0510146,3.044353,1.371391,-0.3551252,-2.941711,-0.06694188,-0.03215339,-0.001685812,0.9972373,352.321,356.3029,0.05449039,0.4210692,-0.10898,-0.9004573,0,0,0,0.7163988,-0.3476238,-1.02016,-0.5299664,-0.2539333,1.943215,0.9979267,0.0009425074,0.06435484,0.007667127,0.9910319,-0.1334055,-0.06390342,0.1336223,0.9889699,moving,-16.477476256415144,-9.98668682972045,-15.255082277681888,-7.4450474328111955,-0.6549922,0.007501399999999991,1.9215510000000002,-0.2796792824225195,-0.1664987863753446,0.9455462414267116,-16.728234574047438,-9.276240081975851,2.6863589370129195,2.8203152063492047,2.350200886443915
05/10/2023 16:35:08.403471,1413,True,True,True,True,Eyes,1.371032,-0.3550123,-2.933304,-0.3403185,-0.03815533,0.9395358,0.0,0.0,0.0,0.0,0.0,0.0,0.0,-1.17972,-0.0486334,3.044009,1.371355,-0.3551781,-2.941654,-0.06659371,-0.03201034,-0.001607064,0.9972653,352.3613,356.319,0.06116375,0.4210531,-0.1089811,-0.9004647,0,0,0,0.7178285,-0.3463693,-1.019691,-0.5290543,-0.251234,1.943734,0.9979455,0.001058034,0.06405963,0.007468712,0.9911253,-0.1327203,-0.06363155,0.132926,0.9890813,moving,-16.460828946432834,-9.898522618553825,-15.226170017147215,-7.364835392946082,-0.6535265000000001,0.008808800000000006,1.9219630000000003,-0.2794733635844205,-0.16505393160888074,0.9458603854896133,-16.70751207155115,-9.191287066526748,2.6853304025584164,2.8185020186036005,2.351658988474155
05/10/2023 16:35:08.427526,1414,True,True,True,True,Eyes,1.371038,-0.355009,-2.933301,-0.3398569,-0.03743227,0.939732,0.0,0.0,0.0,0.0,0.0,0.0,0.0,-1.179455,-0.04611793,3.044185,1.371349,-0.3551225,-2.941699,-0.06626917,-0.03204093,-0.001361136,0.9972864,352.3994,356.3138,0.08854164,0.4210388,-0.1089819,-0.9004713,0,0,0,0.7186255,-0.3452315,-1.019542,-0.5281777,-0.2486404,1.944232,0.997943,0.001531766,0.06408837,0.006961536,0.9912131,-0.1320914,-0.06372756,0.1322659,0.9891635,moving,-16.42735850657304,-9.808998576523173,-15.198396085067031,-7.287779833439966,-0.6527234999999999,0.009890999999999983,1.922157,-0.27898929197163774,-0.1635998235901393,0.9462558807349114,-16.67050290963328,-9.105149104970874,2.6731291240097232,2.804798136042588,2.338788056246078
05/10/2023 16:35:08.442449,1415,True,True,True,True,Eyes,1.371038,-0.355009,-2.933301,-0.3398569,-0.03743227,0.939732,0.0,0.0,0.0,0.0,0.0,0.0,0.0,-1.179344,-0.04493177,3.044204,1.371354,-0.3551378,-2.941652,-0.06611151,-0.03205653,-0.001275669,0.9972963,352.4179,356.3114,0.09792517,0.4210261,-0.1089826,-0.9004772,0,0,0,0.7194828,-0.3432273,-1.01929,-0.5272691,-0.2459514,1.944749,0.9979415,0.001694172,0.06410839,0.00678305,0.9912553,-0.1317838,-0.06377104,0.1319473,0.9892033,moving,-16.425566668239888,-9.787875500899595,-15.169609464570977,-7.2079011469226,-0.6518712,0.01191049999999999,1.922362,-0.2789760097588037,-0.16325161494217413,0.9463199328645628,-16.66765523564817,-9.08477877105317,2.735225205024052,2.8694417862411576,2.4014184866874566
05/10/2023 16:35:08.452402,1416,True,True,True,True,Eyes,1.371038,-0.355009,-2.933301,-0.3398569,-0.03743227,0.939732,0.0,0.0,0.0,0.0,0.0,0.0,0.0,-1.179427,-0.04316518,3.044277,1.371391,-0.3551869,-2.941711,-0.06586894,-0.03204383,-0.001172511,0.997313,352.4461,356.3122,0.1088132,0.4210146,-0.1089832,-0.9004825,0,0,0,0.7204812,-0.3416186,-1.019103,-0.5263645,-0.2432748,1.945263,0.9979436,0.001882666,0.06406991,0.006560105,0.9913198,-0.1313087,-0.06376098,0.131459,0.989269,moving,-16.426757318578403,-9.756539828980234,-15.140962363738124,-7.1284072497319615,-0.6509098,0.013568300000000033,1.922608,-0.27901995570649496,-0.1627318744447777,0.9463964922252178,-16.66714033503486,-9.05453065332962,2.7894353193155443,2.925807498793947,2.457472393732642
05/10/2023 16:35:08.472430,1417,True,True,True,True,Eyes,1.371038,-0.355009,-2.933301,-0.3398569,-0.03743227,0.939732,0.0,0.0,0.0,0.0,0.0,0.0,0.0,-1.179857,-0.04268759,3.044167,1.371397,-0.3551686,-2.941762,-0.06581252,-0.03197078,-0.001113327,0.9973192,352.4528,356.3203,0.1148689,0.4210043,-0.1089837,-0.9004872,0,0,0,0.7216924,-0.3390884,-1.018831,-0.5254356,-0.2405265,1.945791,0.9979532,0.001987471,0.0639167,0.006428842,0.9913349,-0.131201,-0.06362361,0.1313434,0.9892932,moving,-16.435500890581114,-9.748191876208104,-15.111551985306932,-7.046798076060906,-0.6497046,0.01608019999999999,1.9229310000000002,-0.2791711552120761,-0.1625865426915657,0.946376881254039,-16.6751246979855,-9.046408668063432,2.8685590437240474,3.008383148345706,2.5383463411208695
05/10/2023 16:35:08.492878,1418,True,True,True,True,Eyes,1.371038,-0.355009,-2.933301,-0.3398569,-0.03743227,0.939732,0.0,0.0,0.0,0.0,0.0,0.0,0.0,-1.180024,-0.04355264,3.044109,1.37142,-0.3551149,-2.941777,-0.065919,-0.03195016,-0.001180726,0.9973127,352.4403,356.3231,0.1073392,0.420995,-0.1089842,-0.9004915,0,0,0,0.7226487,-0.3358735,-1.018618,-0.5245499,-0.2379055,1.946295,0.9979556,0.001857139,0.06388427,0.00656735,0.9913066,-0.1314082,-0.06357294,0.1315591,0.9892678,moving,-16.437777945177274,-9.762849762613161,-15.083512546990814,-6.968981867705136,-0.6487713,0.01924140000000002,1.923159,-0.2791975291841195,-0.16282734714785085,0.9463276989802418,-16.67809703158136,-9.060536384679997,2.960893046484427,3.104791874332792,2.630076039960602
05/10/2023 16:35:08.502755,1419,True,True,True,True,Eyes,1.371138,-0.3549913,-2.933302,-0.3394882,-0.03576268,0.9399301,0.0,0.0,0.0,0.0,0.0,0.0,0.0,-1.180336,-0.04468256,3.043989,1.371414,-0.3550988,-2.9418,-0.06606702,-0.03190189,-0.001269868,0.9973044,352.423,356.3293,0.0972456,0.4209867,-0.1089847,-0.9004954,0,0,0,0.7236879,-0.3324781,-1.018381,-0.5236545,-0.235256,1.946804,0.9979613,0.001682436,0.06379957,0.006748214,0.9912671,-0.1316968,-0.06346399,0.1318589,0.9892349,moving,-16.415453131599346,-9.683224036913684,-15.055177106105758,-6.8903358954058005,-0.6477260999999999,0.022620699999999994,1.9234190000000002,-0.2788891255266582,-0.16152709514580105,0.9466412484689053,-16.652355421087996,-8.983866019083028,2.963381785606343,3.106537467423818,2.633219882310152
05/10/2023 16:35:08.522741,1420,True,True,True,True,Eyes,1.371232,-0.3549724,-2.933304,-0.3391421,-0.03414427,0.9401153,0.0,0.0,0.0,0.0,0.0,0.0,0.0,-1.180054,-0.04534924,3.04408,1.371362,-0.3550459,-2.941822,-0.06616886,-0.03193891,-0.001266819,0.9972964,352.4113,356.3249,0.09825975,0.4209817,-0.1089844,-0.9004978,0,0,0,0.7243908,-0.3292858,-1.01824,-0.5227411,-0.2325535,1.947322,0.9979566,0.001699935,0.06387276,0.006753509,0.9912402,-0.131899,-0.06353747,0.1320608,0.9892032,moving,-16.385572683477605,-9.5977689695859,-15.026288623144108,-6.810136292925623,-0.6469712,0.025760100000000008,1.9235820000000001,-0.27845938220810657,-0.1601358327668821,0.9470041499300146,-16.619022249436092,-8.901627477056511,2.95937610209106,3.1013785800287033,2.6289039118268356
05/10/2023 16:35:08.542728,1421,True,True,True,True,Eyes,1.371232,-0.3549724,-2.933304,-0.3391421,-0.03414427,0.9401153,0.0,0.0,0.0,0.0,0.0,0.0,0.0,-1.179349,-0.04666433,3.04433,1.371331,-0.355004,-2.941839,-0.06636233,-0.03205078,-0.001301472,0.9972798,352.389,356.3121,0.09584454,0.4209796,-0.1089834,-0.9004989,0,0,0,0.7248047,-0.3257525,-1.018202,-0.5218422,-0.2298936,1.947834,0.9979421,0.001658064,0.06409992,0.006849793,0.9911887,-0.1322802,-0.06375445,0.132447,0.9891376,moving,-16.373346114310195,-9.620677766262263,-14.997849761708002,-6.731208958487289,-0.6465263000000001,0.029251499999999986,1.9236369999999998,-0.2782394662044717,-0.1605251155639646,0.9470028823502913,-16.60845340270559,-8.92382711800555,3.0541719150432356,3.200159403393285,2.7205915683622797
05/10/2023 16:35:08.557412,1422,True,True,True,True,Eyes,1.371232,-0.3549724,-2.933304,-0.3391421,-0.03414427,0.9401153,0.0,0.0,0.0,0.0,0.0,0.0,0.0,-1.178639,-0.04754594,3.044598,1.371323,-0.3550325,-2.941845,-0.06650425,-0.03216634,-0.001315361,0.9972666,352.3727,356.2988,0.09566329,0.4209778,-0.1089825,-0.9004998,0,0,0,0.725244,-0.3224794,-1.018154,-0.5209317,-0.2271993,1.948352,0.9979272,0.001654866,0.06433179,0.00690193,0.9911509,-0.1325604,-0.06398188,0.1327296,0.989085,moving,-16.36062194995603,-9.636948407595037,-14.96905589287381,-6.651279113229696,-0.6460790000000001,0.032553099999999946,1.9236909999999998,-0.27801632381462665,-0.16080485167454528,0.947020958496094,-16.597052783045722,-8.939624665144331,3.1443573523327473,3.2940366158467937,2.8083623767913064
05/10/2023 16:35:08.572647,1423,True,True,True,True,Eyes,1.37133,-0.3549537,-2.933305,-0.3385481,-0.03148767,0.9404222,0.0,0.0,0.0,0.0,0.0,0.0,0.0,-1.178116,-0.04798356,3.044743,1.371323,-0.3550688,-2.941788,-0.06658596,-0.03225199,-0.001305545,0.9972585,352.3633,356.2888,0.0977616,0.4209761,-0.1089817,-0.9005007,0,0,0,0.7257828,-0.3195576,-1.018007,-0.5200489,-0.2245867,1.948853,0.9979162,0.001691127,0.06450099,0.00689899,0.9911292,-0.1327226,-0.06415327,0.132891,0.9890522,moving,-16.30680497374179,-9.48677653239954,-14.941154334566924,-6.57379307540343,-0.6455402000000001,0.03551120000000002,1.9237809999999997,-0.27723771618283966,-0.1583592718631064,0.9476612228899045,-16.537215568546763,-8.795115146815105,3.0722955732705333,3.2172153003819512,2.7352665697430476
05/10/2023 16:35:08.582645,1424,True,True,True,True,Eyes,1.371425,-0.3549365,-2.933306,-0.3379722,-0.02894771,0.9407108,0.0,0.0,0.0,0.0,0.0,0.0,0.0,-1.178007,-0.04739025,3.044856,1.371361,-0.355097,-2.941831,-0.06650444,-0.03227434,-0.001272595,0.9972632,352.3728,356.286,0.1014256,0.4209771,-0.1089803,-0.9005004,0,0,0,0.7266376,-0.3171956,-1.017855,-0.519136,-0.2218856,1.949372,0.9979135,0.001754549,0.06454129,0.006830999,0.9911511,-0.1325627,-0.06420276,0.132727,0.9890711,moving,-16.26129495344637,-9.324451172259641,-14.912302195480036,-6.493695351001289,-0.6447234000000001,0.037901399999999974,1.9239760000000001,-0.27660312027547673,-0.1557034231660971,0.9482864256077663,-16.484739998540487,-8.638814586053671,2.9957119289302914,3.135755089389741,2.659717499488488
05/10/2023 16:35:08.602326,1425,True,True,True,True,Eyes,1.371425,-0.3549365,-2.933306,-0.3379722,-0.02894771,0.9407108,0.0,0.0,0.0,0.0,0.0,0.0,0.0,-1.178276,-0.04649717,3.044785,1.371396,-0.3551141,-2.941832,-0.06636894,-0.03223524,-0.001251447,0.9972736,352.3884,356.2904,0.1030531,0.4209803,-0.1089784,-0.9004992,0,0,0,0.727739,-0.3149652,-1.017575,-0.5182067,-0.2191358,1.9499,0.9979187,0.001782766,0.06446081,0.006774908,0.9911872,-0.1322953,-0.06412859,0.1324566,0.9891121,moving,-16.265305534921804,-9.308388913825938,-14.882941928138386,-6.412172284157216,-0.643657,0.04014889999999999,1.9242569999999999,-0.276681384798082,-0.15543393082076584,0.9483078042384474,-16.48775332433204,-8.623284064325027,3.0663542934635526,3.2092054947181103,2.7321118062315626
05/10/2023 16:35:08.622358,1426,True,True,True,True,Eyes,1.371425,-0.3549365,-2.933306,-0.3379722,-0.02894771,0.9407108,0.0,0.0,0.0,0.0,0.0,0.0,0.0,-1.179127,-0.04497549,3.044488,1.371364,-0.3551534,-2.941853,-0.06612205,-0.03209104,-0.001261371,0.9972947,352.4167,356.3073,0.09987686,0.4209833,-0.1089766,-0.900498,0,0,0,0.7290978,-0.3133756,-1.01719,-0.5173532,-0.2166102,1.950386,0.9979371,0.001727933,0.06417523,0.006759766,0.9912526,-0.1318054,-0.06384162,0.1319673,0.9891961,moving,-16.280584056326322,-9.281115979603511,-14.85597567593326,-6.337308592098103,-0.6422662,0.04177780000000003,1.924663,-0.2769546921914912,-0.15496981837993756,0.9483039813204043,-16.50103217796336,-8.596849911132907,3.1252032018062015,3.2703992068580185,2.7949486341070826
05/10/2023 16:35:08.642673,1427,True,True,True,True,Eyes,1.371425,-0.3549365,-2.933306,-0.3379722,-0.02894771,0.9407108,0.0,0.0,0.0,0.0,0.0,0.0,0.0,-1.179171,-0.04438627,3.044553,1.371375,-0.3551306,-2.941926,-0.06611829,-0.03207295,-0.001027513,0.9972959,352.418,356.3076,0.1266856,0.4209859,-0.1089751,-0.900497,0,0,0,0.7301219,-0.3108642,-1.017002,-0.5164322,-0.2138848,1.950909,0.9979405,0.002191748,0.06410831,0.006290685,0.9912546,-0.131813,-0.06383656,0.1319449,0.9891995,moving,-16.28486816122539,-9.272195145254127,-14.826894721989328,-6.2565445325432405,-0.6412531,0.04426640000000004,1.924924,-0.2770322475946879,-0.15481856524291332,0.9483060332890882,-16.504688011541813,-8.588208836042789,3.2013593976738894,3.349602240186344,2.8725683188884092
05/10/2023 16:35:08.652688,1428,True,True,True,True,Eyes,1.371425,-0.3549365,-2.933306,-0.3379722,-0.02894771,0.9407108,0.0,0.0,0.0,0.0,0.0,0.0,0.0,-1.179427,-0.04590449,3.044423,1.371416,-0.3550668,-2.941906,-0.0662488,-0.03205103,-0.001292245,0.9972873,352.402,356.3121,0.09648564,0.4209883,-0.1089737,-0.9004961,0,0,0,0.7310928,-0.3072563,-1.016775,-0.5155258,-0.211203,1.951425,0.9979421,0.001669207,0.06409939,0.006824165,0.9912188,-0.1320554,-0.06375696,0.132221,0.9891677,moving,-16.285574259472188,-9.296783306761432,-14.798273003795243,-6.177086116695425,-0.6403232,0.047810500000000034,1.925131,-0.27702601419719985,-0.15522580150478338,0.9482412800173458,-16.50667306051176,-8.611931213945004,3.3035418296465666,3.4560925310014423,2.9744077395994832
05/10/2023 16:35:08.677318,1429,True,True,True,True,Eyes,1.371525,-0.354913,-2.93331,-0.3372349,-0.02554258,0.941074,0.0,0.0,0.0,0.0,0.0,0.0,0.0,-1.179764,-0.04669005,3.044245,1.371359,-0.3550962,-2.941892,-0.06630257,-0.03199635,-0.001489268,0.9972853,352.3951,356.3199,0.07355179,0.4209905,-0.1089724,-0.9004952,0,0,0,0.7321014,-0.3041322,-1.016499,-0.5146245,-0.2085358,1.951937,0.997948,0.001272429,0.06401645,0.00721333,0.9912035,-0.1321498,-0.06362148,0.1323405,0.9891604,moving,-16.235418265225164,-9.106852013649142,-14.769827783601626,-6.098081993599771,-0.6392576,0.050963999999999954,1.9253930000000001,-0.27633117530015694,-0.15211327574941258,0.9489482112028473,-16.44825499547116,-8.42902592060798,3.2004636135977536,3.3467375895599294,2.872353999144359
05/10/2023 16:35:08.692525,1430,True,True,True,True,Eyes,1.371621,-0.3548898,-2.933312,-0.3365341,-0.02227062,0.9414079,0.0,0.0,0.0,0.0,0.0,0.0,0.0,-1.178951,-0.04625005,3.044541,1.371268,-0.3550532,-2.941913,-0.06627303,-0.03210842,-0.001361775,0.997284,352.399,356.306,0.0889999,0.4209949,-0.1089704,-0.9004934,0,0,0,0.7324883,-0.301633,-1.016437,-0.5137187,-0.2058555,1.952452,0.9979344,0.001539692,0.06422291,0.006971995,0.9912121,-0.1320986,-0.06386191,0.1322735,0.9891539,moving,-16.171478551033914,-8.903182874646877,-14.7412448705909,-6.018706659846319,-0.6387797,0.05342020000000003,1.925476,-0.2754132908171618,-0.14877986526483974,0.949743168490009,-16.37582302269375,-8.232967824796201,3.080455079910538,3.2195918086651485,2.7522351356555967
05/10/2023 16:35:08.702210,1431,True,True,True,True,Eyes,1.371753,-0.3548618,-2.933312,-0.3357302,-0.01847561,0.9417771,0.0,0.0,0.0,0.0,0.0,0.0,0.0,-1.177995,-0.04633868,3.044877,1.37126,-0.3550406,-2.941885,-0.06636271,-0.03225446,-0.001171767,0.9972734,352.3894,356.2876,0.1123638,0.4210014,-0.1089677,-0.9004906,0,0,0,0.7329242,-0.2984971,-1.016355,-0.5127211,-0.2029037,1.953019,0.9979165,0.001943843,0.06448857,0.006618132,0.9911892,-0.1322879,-0.06417752,0.1324391,0.9891112,moving,-16.09721327828839,-8.679675873791066,-14.709775329929037,-5.93131316689527,-0.6383357999999999,0.05654349999999997,1.9255300000000002,-0.27433279308886616,-0.14512049020756762,0.9506217877785564,-16.29238656775375,-8.017844207617967,2.947385852709178,3.0787142818396114,2.6188299131460226
05/10/2023 16:35:08.722816,1432,True,True,True,True,Eyes,1.371881,-0.354837,-2.933308,-0.3349492,-0.0148354,0.9421194,0.0,0.0,0.0,0.0,0.0,0.0,0.0,-1.177569,-0.04614854,3.045057,1.371351,-0.3550536,-2.941853,-0.06637641,-0.03233428,-0.001066044,0.9972702,352.3883,356.2776,0.1252175,0.4210105,-0.1089643,-0.9004868,0,0,0,0.7335048,-0.2961828,-1.01623,-0.5119236,-0.2005435,1.953472,0.9979067,0.002166199,0.06463355,0.006418735,0.9911861,-0.1323215,-0.06435051,0.1324593,0.9890974,moving,-16.031577273266148,-8.460176730367793,-14.684626552317088,-5.861452724994523,-0.6378462,0.0588708,1.925623,-0.27338769279082265,-0.14151719561599596,0.9514368461992916,-16.217479829391525,-7.806522899818604,2.803743979759057,2.9270535869314878,2.476476762262877
05/10/2023 16:35:08.743032,1433,True,True,True,True,Eyes,1.372007,-0.3548095,-2.933304,-0.3341395,-0.01090573,0.9424605,0.0,0.0,0.0,0.0,0.0,0.0,0.0,-1.17792,-0.04571137,3.044873,1.371383,-0.3551051,-2.941775,-0.06634644,-0.03227907,-0.0009928306,0.997274,352.392,356.2834,0.1331215,0.4210221,-0.1089603,-0.9004819,0,0,0,0.7346267,-0.2937694,-1.015864,-0.5110393,-0.1979273,1.953975,0.9979141,0.002302954,0.06451388,0.006263451,0.9911943,-0.1322671,-0.0642504,0.1323953,0.9891124,moving,-15.978869724309863,-8.220125021015157,-14.656742459918636,-5.784029733628498,-0.6367563,0.06133569999999999,1.9259109999999997,-0.2726658650212018,-0.13755902131752262,0.9522241207687075,-16.153943439313732,-7.575270416539505,2.6566602891300106,2.771746877417583,2.334556479680268
05/10/2023 16:35:08.757766,1434,True,True,True,True,Eyes,1.372129,-0.354781,-2.9333,-0.3333476,-0.007126173,0.942777,0.0,0.0,0.0,0.0,0.0,0.0,0.0,-1.178459,-0.04581106,3.044677,1.371441,-0.3550998,-2.941765,-0.06634276,-0.03220257,-0.001043962,0.9972767,352.3922,356.2926,0.1266255,0.4210358,-0.1089557,-0.900476,0,0,0,0.7358861,-0.2909067,-1.01554,-0.5101066,-0.1951675,1.954505,0.9979238,0.002190576,0.06436826,0.006355051,0.9911951,-0.1322569,-0.06409121,0.1323914,0.9891233,moving,-15.929637702480154,-7.9966456620792545,-14.627343864268207,-5.7023790914836265,-0.6355548999999999,0.0641931,1.926225,-0.2719862150675584,-0.133870636701895,0.952943874495575,-16.094636067508485,-7.359984050234703,2.5302584356395665,2.6381107516549465,2.2137300216977382
05/10/2023 16:35:08.773041,1435,True,True,True,True,Eyes,1.372262,-0.3547485,-2.933295,-0.3326497,-0.003568652,0.9430437,0.0,0.0,0.0,0.0,0.0,0.0,0.0,-1.179297,-0.0464831,3.044338,1.371466,-0.3550453,-2.941755,-0.06636024,-0.03207986,-0.00125348,0.997279,352.3894,356.3084,0.1015932,0.4210512,-0.1089505,-0.9004694,0,0,0,0.7372524,-0.2877917,-1.01518,-0.5091951,-0.1924701,1.955024,0.9979386,0.001757516,0.06415152,0.006757794,0.9911895,-0.1322789,-0.0638188,0.1324398,0.9891344,moving,-15.891422554745176,-7.7946577332837474,-14.598613804736418,-5.622592121063282,-0.6342136,0.06725360000000002,1.9265750000000001,-0.27147257003549324,-0.13053002341491532,0.9535536350947981,-16.047087211590288,-7.165353677339812,2.4260029785504225,2.527691335564901,2.116173062366979
05/10/2023 16:35:08.782705,1436,True,True,True,True,Eyes,1.372389,-0.3547183,-2.93329,-0.3319744,-0.0001513273,0.9432884,0.0,0.0,0.0,0.0,0.0,0.0,0.0,-1.179998,-0.04731882,3.044006,1.371439,-0.3550119,-2.941722,-0.06643416,-0.03196789,-0.001402561,0.9972776,352.3803,356.3224,0.08382105,0.4210686,-0.1089447,-0.900462,0,0,0,0.7385226,-0.284585,-1.014816,-0.5082957,-0.1898089,1.955535,0.9979522,0.001450035,0.06394807,0.007045004,0.991169,-0.1324169,-0.06357536,0.1325963,0.9891291,moving,-15.854736541606485,-7.60527446810786,-14.570280648525857,-5.543898907285228,-0.6329164,0.07042690000000001,1.926906,-0.27097331548347076,-0.12739609921888928,0.9541193462715122,-16.00168089568791,-6.982875308389333,2.332749686283952,2.428805497364162,2.029669862443179
05/10/2023 16:35:08.802771,1437,True,True,True,True,Eyes,1.37252,-0.3546877,-2.933285,-0.3313739,0.003076714,0.9434945,0.0,0.0,0.0,0.0,0.0,0.0,0.0,-1.180079,-0.04753679,3.043966,1.371395,-0.3550351,-2.941735,-0.06640758,-0.03195539,-0.001560182,0.9972797,352.3828,356.3251,0.06545261,0.4210876,-0.1089384,-0.9004539,0,0,0,0.7393668,-0.2819083,-1.014617,-0.5074241,-0.1872297,1.95603,0.9979528,0.001132283,0.06394412,0.007356035,0.9911752,-0.1323541,-0.06352969,0.1325535,0.9891378,moving,-15.811476905545812,-7.415860616876915,-14.542831895596601,-5.467650408595684,-0.6320281999999999,0.07312679999999999,1.9271179999999999,-0.27036111760999954,-0.12426340442812339,0.9547059608618259,-15.949937149786688,-6.800417165567027,2.234618032701091,2.324861969433934,1.9380950505218417
05/10/2023 16:35:08.822643,1438,True,True,True,True,Eyes,1.372644,-0.3546575,-2.93328,-0.3308017,0.006174457,0.9436801,0.0,0.0,0.0,0.0,0.0,0.0,0.0,-1.179756,-0.0475755,3.044074,1.371301,-0.3550787,-2.941756,-0.06638708,-0.03199668,-0.001637304,0.9972795,352.3849,356.3209,0.05680166,0.4211081,-0.1089317,-0.9004451,0,0,0,0.7399676,-0.2793066,-1.014488,-0.5065466,-0.1846334,1.956529,0.9979471,0.0009826324,0.06403665,0.007514032,0.9911801,-0.1323082,-0.06360187,0.1325177,0.9891379,moving,-15.764857043375828,-7.231955833439112,-14.515199866246041,-5.390913775738966,-0.6313334000000002,0.07577210000000001,1.9272679999999998,-0.2696864052487733,-0.12122222909679542,0.9552876183511135,-15.895247018515876,-6.623300732101702,2.1404250232288557,2.225102001835596,1.8502182986612934
05/10/2023 16:35:08.842591,1439,True,True,True,True,Eyes,1.372766,-0.3546264,-2.933274,-0.330303,0.009096911,0.9438311,0.0,0.0,0.0,0.0,0.0,0.0,0.0,-1.179087,-0.04749152,3.044293,1.371252,-0.355058,-2.941738,-0.06637264,-0.03209833,-0.001625174,0.9972772,352.3866,356.3091,0.058927,0.4211298,-0.1089245,-0.9004358,0,0,0,0.7404284,-0.2766094,-1.01438,-0.5056316,-0.1819257,1.957049,0.9979341,0.001019404,0.0642376,0.0075024,0.9911841,-0.1322795,-0.06380613,0.1324882,0.9891287,moving,-15.71690358629568,-7.055921614276394,-14.486396946239417,-5.310906734146546,-0.6308235999999999,0.07844859999999998,1.927358,-0.2689819185847048,-0.11831085693355374,0.9558510550980689,-15.839689101485513,-6.4537895307395505,2.055629606389439,2.1352338333534204,1.7713217506141765
05/10/2023 16:35:08.852187,1440,True,True,True,True,Eyes,1.372883,-0.3545981,-2.933269,-0.3298225,0.01189917,0.9439679,0.0,0.0,0.0,0.0,0.0,0.0,0.0,-1.178545,-0.04739809,3.044514,1.371282,-0.3550682,-2.941733,-0.06637836,-0.03218967,-0.001573391,0.997274,352.3861,356.2982,0.06562017,0.4211525,-0.1089169,-0.9004261,0,0,0,0.7409908,-0.2739705,-1.014277,-0.504737,-0.1792787,1.957557,0.9979227,0.00113519,0.0644127,0.007411597,0.9911829,-0.1322935,-0.06399494,0.1324961,0.9891155,moving,-15.671952826164304,-6.88800012294959,-14.458246631072893,-5.232715183515507,-0.6302911999999999,0.0810977,1.927456,-0.26832032178697035,-0.11553108403649384,0.9563768302927661,-15.787455663117536,-6.2920844385211625,1.9776877342596781,2.052571791368226,1.6997234684854756
05/10/2023 16:35:08.872649,1441,True,True,True,True,Eyes,1.373011,-0.3545663,-2.933263,-0.3293661,0.01458111,0.9440897,0.0,0.0,0.0,0.0,0.0,0.0,0.0,-1.178428,-0.04697824,3.044567,1.371274,-0.3551098,-2.941732,-0.06637553,-0.03220045,-0.001430809,0.997274,352.387,356.2958,0.08213128,0.4211759,-0.1089091,-0.900416,0,0,0,0.7418624,-0.2714066,-1.014061,-0.5038137,-0.1765466,1.958082,0.9979222,0.001420826,0.06441528,0.007128462,0.9911845,-0.132297,-0.0640354,0.1324813,0.9891149,moving,-15.638534229381625,-6.7232218451753205,-14.429196095239872,-5.152030122970663,-0.6294116000000001,0.08370319999999998,1.927671,-0.2678472121298783,-0.11279556432008953,0.9568359472073027,-15.746503945514808,-6.133325303359391,1.91218183171545,1.9827108086188199,1.642632096195043
05/10/2023 16:35:08.892307,1442,True,True,True,True,Eyes,1.373134,-0.3545358,-2.933258,-0.3289194,0.0171548,0.9442022,0.0,0.0,0.0,0.0,0.0,0.0,0.0,-1.178771,-0.04637757,3.044443,1.371279,-0.355076,-2.941735,-0.06633779,-0.03213686,-0.001274959,0.9972788,352.3919,356.302,0.09947009,0.4212004,-0.108901,-0.9004055,0,0,0,0.7430061,-0.2689937,-1.013754,-0.5029173,-0.1738941,1.958592,0.9979312,0.001720797,0.06426796,0.006806756,0.9911953,-0.1322326,-0.06392965,0.1323965,0.9891331,moving,-15.614496663897109,-6.5605951308650825,-14.400997504237855,-5.073716855359431,-0.6282728999999999,0.0860823,1.927981,-0.26752745353276003,-0.11008941089883326,0.9572405322375691,-15.714708027872389,-5.97657145444026,1.852967778724983,1.9192152606376318,1.594045722992137
05/10/2023 16:35:08.907439,1443,True,True,True,True,Eyes,1.373204,-0.3545092,-2.933253,-0.3284667,0.01963772,0.9443114,0.0,0.0,0.0,0.0,0.0,0.0,0.0,-1.179242,-0.04614496,3.044277,1.371286,-0.3550774,-2.941744,-0.06637181,-0.032052,-0.001108678,0.9972795,352.3886,356.3105,0.1181175,0.4212256,-0.1088926,-0.9003947,0,0,0,0.7442648,-0.2662527,-1.013432,-0.50199,-0.1711502,1.959119,0.9979429,0.002043374,0.06407677,0.006466023,0.9911871,-0.1323114,-0.06378242,0.1324536,0.9891348,moving,-15.593058120881318,-6.411227122748961,-14.371838907836702,-4.9927294374467195,-0.6270212000000001,0.08882469999999998,1.9283119999999998,-0.2672424592446436,-0.10760237794887145,0.9576028558135526,-15.686120531956723,-5.832592668688257,1.8091052587340337,1.871767092754098,1.5597135745677908
05/10/2023 16:35:08.924275,1444,True,True,True,True,Eyes,1.373271,-0.3544842,-2.933249,-0.3280263,0.02201854,0.9444119,0.0,0.0,0.0,0.0,0.0,0.0,0.0,-1.180194,-0.04642835,3.04388,1.371294,-0.3551038,-2.941713,-0.06644247,-0.03189524,-0.001074805,0.9972799,352.3806,356.3283,0.1210828,0.4212502,-0.1088841,-0.9003842,0,0,0,0.7457475,-0.2633713,-1.013007,-0.5011067,-0.1685364,1.959621,0.9979631,0.002094633,0.06375977,0.006382158,0.9911685,-0.1324549,-0.06347413,0.132592,0.9891362,moving,-15.580471336434703,-6.276897128602902,-14.344071349351244,-4.915603924740351,-0.6255465,0.09173250000000005,1.928706,-0.2670965274622345,-0.1053614000877793,0.9578926489154149,-15.666862386082938,-5.703058674863028,1.7793391987940754,1.8389682202100028,1.539435321911407
05/10/2023 16:35:08.942539,1445,True,True,True,True,Eyes,1.373215,-0.3544684,-2.93325,-0.3275468,0.02435385,0.9445211,0.0,0.0,0.0,0.0,0.0,0.0,0.0,-1.180475,-0.04618892,3.043784,1.37128,-0.3551178,-2.941727,-0.06640131,-0.03184729,-0.001085889,0.9972841,352.3853,356.3339,0.1192832,0.4212741,-0.1088756,-0.9003741,0,0,0,0.7467996,-0.2608218,-1.012745,-0.5002071,-0.1658743,1.960133,0.9979692,0.002063524,0.0636658,0.006395283,0.9911793,-0.1323728,-0.06337737,0.1325111,0.9891532,moving,-15.55262082496445,-6.1340419310849965,-14.315793773420664,-4.837073706788655,-0.6244804,0.09429599999999999,1.9289820000000002,-0.26669766045309085,-0.10298458315879921,0.9582623117318808,-15.63244041848279,-5.565413308379392,1.7359756164518525,1.7921684436081613,1.5046717127661788
05/10/2023 16:35:08.952645,1446,True,True,True,True,Eyes,1.37316,-0.3544542,-2.933253,-0.3270906,0.02660155,0.9446185,0.0,0.0,0.0,0.0,0.0,0.0,0.0,-1.180479,-0.04654193,3.043815,1.3713,-0.3550732,-2.941762,-0.06642289,-0.03185291,-0.001153873,0.9972824,352.3825,356.3338,0.1115683,0.4212942,-0.1088676,-0.9003657,0,0,0,0.7476748,-0.257913,-1.012585,-0.4993087,-0.1632162,1.960643,0.9979681,0.00193005,0.06368598,0.006533,0.9911733,-0.1324112,-0.06337941,0.1325583,0.9891468,moving,-15.520305631322382,-6.0054891493886515,-14.287570756503305,-4.758687215628827,-0.6236252,0.09716019999999997,1.9291770000000001,-0.2662157017822238,-0.10084823586015537,0.9586234125356553,-15.59447408617205,-5.441603641252713,1.6999351471519109,1.7533255070358276,1.4745749073838734
05/10/2023 16:35:08.972217,1447,True,True,True,True,Eyes,1.373088,-0.3544416,-2.933256,-0.3266266,0.02877936,0.9447152,0.0,0.0,0.0,0.0,0.0,0.0,0.0,-1.179976,-0.04700387,3.044017,1.371265,-0.3550981,-2.941789,-0.06649731,-0.03192995,-0.001162655,0.9972749,352.374,356.3249,0.1114254,0.4213109,-0.10886,-0.9003589,0,0,0,0.7482476,-0.2548656,-1.012508,-0.4983862,-0.1604862,1.961168,0.9979582,0.001927537,0.0638405,0.006565486,0.9911535,-0.132558,-0.06353125,0.1327065,0.9891171,moving,-15.479900133029718,-5.8849706388538445,-14.258589355675024,-4.678201421194436,-0.6230173999999999,0.1002325,1.929281,-0.2655931444754106,-0.098849208909952,0.959004229399511,-15.549136382841876,-5.325608311588793,1.6659142963686955,1.7169426197671913,1.4438307764621483
05/10/2023 16:35:08.992280,1448,True,True,True,True,Eyes,1.373019,-0.3544292,-2.933259,-0.3261845,0.03087414,0.9448018,0.0,0.0,0.0,0.0,0.0,0.0,0.0,-1.179605,-0.04666761,3.044143,1.371218,-0.3550708,-2.941792,-0.06644138,-0.03198245,-0.001148881,0.9972771,352.3805,356.3188,0.1132083,0.4213241,-0.1088529,-0.9003536,0,0,0,0.7488688,-0.2524033,-1.012356,-0.4974984,-0.1578592,1.961673,0.9979516,0.00195841,0.06394338,0.00654142,0.9911685,-0.1324474,-0.06363805,0.1325944,0.9891253,moving,-15.443571435847945,-5.753808295466633,-14.230707465604599,-4.600775928405175,-0.6223492,0.10266750000000002,1.929436,-0.2650420616870089,-0.09666878766252206,0.9593788786880743,-15.507163297364773,-5.199310771761729,1.6253652322884864,1.6734762172812019,1.4098168140387646
05/10/2023 16:35:09.003417,1449,True,True,True,True,Eyes,1.372935,-0.3544215,-2.933262,-0.3256801,0.03294182,0.9449059,0.0,0.0,0.0,0.0,0.0,0.0,0.0,-1.179208,-0.04703403,3.044305,1.371207,-0.3550604,-2.941812,-0.06649076,-0.03204656,-0.001166782,0.9972716,352.3747,356.3115,0.111822,0.4213342,-0.1088462,-0.9003496,0,0,0,0.749486,-0.2494943,-1.012258,-0.4966046,-0.1552148,1.962181,0.9979433,0.001934402,0.0640734,0.006588796,0.9911552,-0.1325439,-0.06376308,0.1326935,0.989104,moving,-15.402477248557057,-5.637416256850342,-14.202647559171705,-4.522861651206411,-0.6217210000000001,0.1055661,1.929554,-0.2644032138339992,-0.09473690479185698,0.9597477326258415,-15.461380744932136,-5.087302723066404,1.5917385181480748,1.637627324055338,1.3794937319672969
05/10/2023 16:35:09.027089,1450,True,True,True,True,Eyes,1.372855,-0.3544145,-2.933265,-0.3251951,0.03491649,0.9450021,0.0,0.0,0.0,0.0,0.0,0.0,0.0,-1.179254,-0.04718634,3.044286,1.371268,-0.355113,-2.941778,-0.06652288,-0.03204961,-0.001172539,0.9972695,352.371,356.3112,0.111302,0.4213411,-0.1088401,-0.9003471,0,0,0,0.7504418,-0.2466341,-1.012018,-0.4956807,-0.1524809,1.962706,0.9979429,0.001925391,0.06408019,0.006602738,0.9911467,-0.1326073,-0.06376819,0.1327576,0.989095,moving,-15.369810195790897,-5.52423075328292,-14.173651401167573,-4.442335586546041,-0.6208261999999999,0.10847890000000002,1.9297599999999997,-0.2639030081777887,-0.09285397305331752,0.9600694377519097,-15.423890575304894,-4.978325232442558,1.5689057918780136,1.6128524463705112,1.3602877978780237
05/10/2023 16:35:09.042320,1451,True,True,True,True,Eyes,1.372731,-0.3544126,-2.933274,-0.324664,0.03686794,0.9451106,0.0,0.0,0.0,0.0,0.0,0.0,0.0,-1.179183,-0.04632619,3.044348,1.371268,-0.355119,-2.9418,-0.06640994,-0.03205778,-0.001102632,0.9972768,352.3842,356.3098,0.1190019,0.4213453,-0.1088345,-0.9003459,0,0,0,0.75132,-0.2443757,-1.011804,-0.4947559,-0.1497443,1.963232,0.9979421,0.002058653,0.06408742,0.006457168,0.991177,-0.1323875,-0.06379452,0.1325289,0.9891241,moving,-15.333659713862852,-5.39333231403645,-14.144631730261995,-4.361754459825132,-0.6199479999999999,0.11074330000000002,1.9299960000000003,-0.26335031778547147,-0.09067454791565747,0.960429456342727,-15.382103258860598,-4.852281013133313,1.532899651822247,1.5741475201152995,1.3311469053386125
05/10/2023 16:35:09.052724,1452,True,True,True,True,Eyes,1.372613,-0.3544107,-2.933283,-0.3241504,0.03874049,0.945212,0.0,0.0,0.0,0.0,0.0,0.0,0.0,-1.179531,-0.04585037,3.044307,1.371268,-0.3551346,-2.941887,-0.06635938,-0.03199661,-0.001040854,0.9972822,352.3903,356.3164,0.1254655,0.4213458,-0.1088295,-0.9003462,0,0,0,0.752444,-0.2419358,-1.011588,-0.4938533,-0.1470731,1.963745,0.9979503,0.0021705,0.06395744,0.006322601,0.9911907,-0.1322914,-0.06368116,0.1324247,0.9891453,moving,-15.30688503412978,-5.274572367958336,-14.116319109063353,-4.283124982482994,-0.6188239999999999,0.11319880000000002,1.930299,-0.2629485656617686,-0.08869369757958623,0.9607244725495854,-15.349996547025729,-4.7378795656987585,1.5102886701829568,1.5493273185789915,1.3148238482371528
05/10/2023 16:35:09.072579,1453,True,True,True,True,Eyes,1.372482,-0.3544102,-2.93329,-0.3235567,0.04052921,0.9453403,0.0,0.0,0.0,0.0,0.0,0.0,0.0,-1.179714,-0.04575828,3.04424,1.371264,-0.3551358,-2.941892,-0.06635674,-0.03196436,-0.00101325,0.9972835,352.3907,356.3199,0.1283907,0.4213433,-0.1088251,-0.9003479,0,0,0,0.7534314,-0.2393161,-1.011342,-0.4929698,-0.1444589,1.964247,0.9979545,0.002221106,0.06388952,0.006263096,0.9911915,-0.1322882,-0.06362057,0.1324177,0.9891501,moving,-15.272154977134987,-5.16750817322713,-14.088614119023434,-4.2061975946650385,-0.6178326000000001,0.1158197,1.9305500000000002,-0.26240752097748155,-0.0869115694855773,0.9610351241272145,-15.310842765697679,-4.634824784719857,1.4874632243222816,1.5247580107265588,1.295208142657173
05/10/2023 16:35:09.092479,1454,True,True,True,True,Eyes,1.372357,-0.3544085,-2.933298,-0.3229833,0.04225828,0.9454607,0.0,0.0,0.0,0.0,0.0,0.0,0.0,-1.17979,-0.04560322,3.044202,1.371292,-0.3551187,-2.941869,-0.06636921,-0.03195191,-0.0009181578,0.9972831,352.3896,356.3206,0.1393054,0.4213375,-0.1088213,-0.900351,0,0,0,0.7544068,-0.2366,-1.011085,-0.4920548,-0.1417514,1.964767,0.9979565,0.002409919,0.06385206,0.006072572,0.9911886,-0.1323191,-0.06360832,0.1324364,0.9891484,moving,-15.2366811773119,-5.063363202997893,-14.059928484121942,-4.126549953772992,-0.6168851999999999,0.1185187,1.930784,-0.26185181966488774,-0.08517790482789395,0.961341905161351,-15.271127024069735,-4.534592700418694,1.4683151895138422,1.504116340198834,1.2780848118422474
05/10/2023 16:35:09.102383,1455,True,True,True,True,Eyes,1.372235,-0.3544118,-2.933306,-0.3223497,0.04390685,0.9456018,0.0,0.0,0.0,0.0,0.0,0.0,0.0,-1.179993,-0.04655439,3.04411,1.371299,-0.3550891,-2.941871,-0.06652739,-0.03191868,-0.0009080623,0.9972736,352.3715,356.3242,0.1408051,0.4213291,-0.1088179,-0.9003553,0,0,0,0.7554874,-0.2330581,-1.010858,-0.4910905,-0.1388981,1.965315,0.9979607,0.002435759,0.06378412,0.006058105,0.9911466,-0.132634,-0.06354249,0.13275,0.9891106,moving,-15.20031341599765,-4.983629847740026,-14.029706041409355,-4.0426415990963305,-0.6158116,0.122031,1.9310129999999999,-0.2612710164389298,-0.08385368306012081,0.9616163062970979,-15.231844790977451,-4.457924733040119,1.466398190691457,1.5019256005295438,1.2718481255839158
05/10/2023 16:35:09.122773,1456,True,True,True,True,Eyes,1.37212,-0.3544176,-2.933314,-0.3217504,0.04547722,0.9457318,0.0,0.0,0.0,0.0,0.0,0.0,0.0,-1.18024,-0.04645014,3.044042,1.371283,-0.3552115,-2.94189,-0.06650417,-0.03187852,-0.0009712661,0.9972764,352.3739,356.3294,0.1331221,0.4213184,-0.1088152,-0.9003607,0,0,0,0.7565015,-0.2305113,-1.010618,-0.4901979,-0.1362568,1.965823,0.9979656,0.002302867,0.06371257,0.006177351,0.9911525,-0.1325841,-0.0634542,0.132708,0.9891219,moving,-15.166426624820133,-4.890431406948764,-14.00173358599297,-3.9649924057082377,-0.6147815,0.12470020000000001,1.9312719999999999,-0.2607361153272906,-0.08230172828312178,0.9618956485274132,-15.194239399370066,-4.368244105492693,1.4531442369328023,1.4875978017291889,1.2588415501234544
05/10/2023 16:35:09.142290,1457,True,True,True,True,Eyes,1.372048,-0.3544135,-2.933321,-0.3211383,0.04698257,0.9458662,0.0,0.0,0.0,0.0,0.0,0.0,0.0,-1.179423,-0.04527074,3.044432,1.371328,-0.3552764,-2.94192,-0.06641921,-0.03200734,-0.0007244911,0.9972781,352.3846,356.3127,0.1622471,0.4213058,-0.108813,-0.9003669,0,0,0,0.7568456,-0.2287396,-1.010576,-0.4893841,-0.1338493,1.966286,0.99795,0.002806766,0.06393667,0.005696842,0.9911759,-0.1324305,-0.06374419,0.1325232,0.9891281,moving,-15.112739956270401,-4.78333128541833,-13.976238287125806,-3.894238796738219,-0.6144824000000001,0.1265368,1.9313440000000002,-0.25987256451698987,-0.08052297185312328,0.9622797613627955,-15.136812898594986,-4.265298097448945,1.4103790822829254,1.4429558196271441,1.2184491919775609
05/10/2023 16:35:09.152723,1458,True,True,True,True,Eyes,1.371979,-0.354411,-2.933324,-0.3205475,0.04846,0.9459921,0.0,0.0,0.0,0.0,0.0,0.0,0.0,-1.179502,-0.04705235,3.044385,1.371389,-0.355103,-2.941924,-0.06658392,-0.03201635,-0.0009659921,0.9972667,352.3648,356.3134,0.1350891,0.4212925,-0.108811,-0.9003734,0,0,0,0.7577737,-0.2248826,-1.010435,-0.4884626,-0.1311226,1.966809,0.997948,0.002336844,0.0639863,0.00619025,0.9911313,-0.132742,-0.06372903,0.1328657,0.9890831,moving,-15.074196016425404,-4.7231998016666905,-13.947385249281012,-3.8141328391647624,-0.6136153,0.13022040000000001,1.9314890000000002,-0.2592459706696199,-0.07952689335294498,0.9625316226201902,-15.096473168919957,-4.207562518572414,1.4147816123758388,1.4477932336024415,1.214573982801774
05/10/2023 16:35:09.177673,1459,True,True,True,True,Eyes,1.371926,-0.3544044,-2.933323,-0.3199089,0.0499147,0.9461325,0.0,0.0,0.0,0.0,0.0,0.0,0.0,-1.179785,-0.04960868,3.044175,1.371432,-0.3551463,-2.941836,-0.06697389,-0.0319823,-0.001070846,0.9972416,352.3196,356.3179,0.1241956,0.4212788,-0.1088092,-0.9003801,0,0,0,0.7588261,-0.2205985,-1.010211,-0.4875708,-0.1284832,1.967317,0.9979519,0.002148174,0.06393158,0.00641974,0.9910267,-0.1335098,-0.06364471,0.1336468,0.9889833,moving,-15.03848238612073,-4.685408289854177,-13.919457261943716,-3.7366146568288228,-0.6126059,0.13454780000000002,1.931625,-0.25865874976312075,-0.07890485326461152,0.9627406527377036,-15.060046576374578,-4.1713637277422375,1.4328457228476597,1.4671150556820116,1.2206353832549428
05/10/2023 16:35:09.192608,1460,True,True,True,True,Eyes,1.371874,-0.3544017,-2.933321,-0.3192893,0.05129254,0.9462682,0.0,0.0,0.0,0.0,0.0,0.0,0.0,-1.180068,-0.05188844,3.043947,1.371413,-0.3550721,-2.94177,-0.06715017,-0.03195579,-0.001525118,0.9972298,352.2977,356.3243,0.07226533,0.4212651,-0.1088075,-0.9003867,0,0,0,0.7598066,-0.2166079,-1.009985,-0.4866648,-0.1258027,1.967831,0.997953,0.001249888,0.06393936,0.007333459,0.9909771,-0.1338308,-0.06352971,0.1340258,0.9889394,moving,-15.002401818997088,-4.63982188253141,-13.891106615134737,-3.6579198765964636,-0.6116064,0.1384642,1.931785,-0.25806782152263125,-0.07815163268123407,0.9629607519983369,-15.022852772944379,-4.127645593342028,1.4477081615739054,1.482939169145699,1.2253536692273879
05/10/2023 16:35:09.206972,1461,True,True,True,True,Eyes,1.371829,-0.3543976,-2.933321,-0.318647,0.05261095,0.9464123,0.0,0.0,0.0,0.0,0.0,0.0,0.0,-1.180508,-0.05045107,3.043757,1.371374,-0.3551559,-2.941734,-0.06686429,-0.0318857,-0.001675731,0.9972511,352.33,356.3338,0.05329092,0.4212515,-0.108806,-0.9003932,0,0,0,0.7609839,-0.2147512,-1.009573,-0.4857053,-0.1229628,1.968377,0.997961,0.0009217804,0.06382019,0.007606279,0.9910527,-0.1332541,-0.06337201,0.1334678,0.9890249,moving,-14.969418993593242,-4.534766614791288,-13.861079266735802,-3.5745725707152736,-0.6103901,0.14040470000000002,1.9321609999999998,-0.2575485704676153,-0.07639680907715289,0.9632405336535154,-14.985489594377416,-4.026516217656142,1.432512045813637,1.466420660114102,1.2118381265323084
05/10/2023 16:35:09.227455,1462,True,True,True,True,Eyes,1.371786,-0.3543921,-2.933321,-0.3180431,0.05386148,0.946545,0.0,0.0,0.0,0.0,0.0,0.0,0.0,-1.179911,-0.04873028,3.044028,1.371307,-0.3551342,-2.941779,-0.06664301,-0.03196465,-0.001507929,0.9972636,352.356,356.3235,0.07242578,0.4212381,-0.1088045,-0.9003996,0,0,0,0.76147,-0.2131388,-1.009435,-0.4848264,-0.1203624,1.968877,0.997952,0.001252835,0.06395534,0.007268046,0.9911128,-0.1328249,-0.06355337,0.1330177,0.9890739,moving,-14.922141172605492,-4.4301472970122,-13.833582991999872,-3.4982814480348337,-0.6098370000000001,0.14199540000000002,1.9323439999999998,-0.2567876430470694,-0.07465348755973826,0.9635802367648995,-14.934371702722549,-3.925915704847926,1.40054962955507,1.4329455234075454,1.1809347328513031
05/10/2023 16:35:09.242505,1463,True,True,True,True,Eyes,1.371744,-0.3543878,-2.93332,-0.3173909,0.05509197,0.9466931,0.0,0.0,0.0,0.0,0.0,0.0,0.0,-1.178839,-0.04762393,3.044496,1.371316,-0.3550909,-2.941817,-0.06645741,-0.03214135,-0.001482549,0.9972705,352.3774,356.303,0.07601892,0.421225,-0.1088031,-0.9004059,0,0,0,0.7616606,-0.2112036,-1.009426,-0.4839434,-0.1177496,1.969378,0.9979295,0.001315055,0.06430428,0.007229065,0.9911624,-0.1324567,-0.06391017,0.1326473,0.9891008,moving,-14.860752055302763,-4.3357043359815775,-13.805974951895726,-3.4216554456206176,-0.6096554,0.1438873,1.932391,-0.25578487197804234,-0.0730851796706857,0.9639671103977463,-14.87019291711352,-3.8352422148813763,1.3643670060373099,1.3957220754297188,1.1417591222319423
05/10/2023 16:35:09.253969,1464,True,True,True,True,Eyes,1.371703,-0.3543833,-2.933319,-0.31676,0.05627197,0.946835,0.0,0.0,0.0,0.0,0.0,0.0,0.0,-1.178698,-0.04598403,3.04455,1.371341,-0.3551127,-2.941776,-0.06621694,-0.03216633,-0.00141635,0.9972857,352.4052,356.2997,0.08294135,0.4212122,-0.1088017,-0.9004121,0,0,0,0.7625064,-0.2094172,-1.00912,-0.4830056,-0.1149747,1.969912,0.9979267,0.001434901,0.06434562,0.007084924,0.9912266,-0.1319833,-0.06397047,0.1321655,0.9891613,moving,-14.818099616766453,-4.236672693564569,-13.776648916192032,-3.3403015408687993,-0.6088345999999999,0.1456955,1.932656,-0.2550978265291564,-0.0714323341611124,0.9642730266729834,-14.82382952168667,-3.7399988420124806,1.3437990739007577,1.374081804374141,1.1208680355267788
05/10/2023 16:35:09.272362,1465,True,True,True,True,Eyes,1.371684,-0.3543799,-2.933319,-0.3160963,0.05747006,0.9469849,0.0,0.0,0.0,0.0,0.0,0.0,0.0,-1.179019,-0.04582861,3.044432,1.371346,-0.3551007,-2.94178,-0.06621958,-0.03211079,-0.001347715,0.9972875,352.4052,356.3056,0.09043882,0.4211996,-0.1088004,-0.9004181,0,0,0,0.7636352,-0.2066729,-1.008833,-0.4820777,-0.1122287,1.970439,0.9979342,0.001564608,0.06422585,0.006940844,0.9912263,-0.1319934,-0.06386887,0.1321665,0.9891677,moving,-14.783207628367828,-4.164225055433405,-13.747650015180348,-3.2598274360849575,-0.6077108,0.1484278,1.932947,-0.25453246879468383,-0.07022382563096372,0.9645112317340524,-14.78635620708171,-3.6703504676251257,1.3446566145324392,1.374887131408862,1.1168884064754
05/10/2023 16:35:09.292262,1466,True,True,True,True,Eyes,1.371667,-0.3543736,-2.933321,-0.3154562,0.05862613,0.9471275,0.0,0.0,0.0,0.0,0.0,0.0,0.0,-1.178889,-0.04610786,3.044584,1.371453,-0.355158,-2.941832,-0.06631978,-0.03214321,-0.001237728,0.9972799,352.3941,356.301,0.1037438,0.4211878,-0.1087992,-0.9004238,0,0,0,0.7644767,-0.2038125,-1.00874,-0.4811978,-0.1096257,1.970939,0.9979306,0.001794739,0.06427573,0.006732183,0.9912004,-0.1321992,-0.06394738,0.1323583,0.9891371,moving,-14.739882476038677,-4.103975446721467,-13.720157161499769,-3.1835712118361665,-0.6069763,0.15134549999999997,1.9330919999999998,-0.2538208713572871,-0.06922293741060813,0.9647711068917546,-14.741401969085405,-3.6125370763524622,1.3431432866408717,1.3736752428089656,1.1076789561695382
05/10/2023 16:35:09.302754,1467,True,True,True,True,Eyes,1.371675,-0.3543674,-2.933323,-0.3147636,0.05981485,0.9472836,0.0,0.0,0.0,0.0,0.0,0.0,0.0,-1.179133,-0.04671076,3.044521,1.371491,-0.3550813,-2.941866,-0.06637625,-0.0321125,-0.001311001,0.997277,352.3874,356.3051,0.09527188,0.4211767,-0.1087979,-0.9004291,0,0,0,0.7655135,-0.2007464,-1.00855,-0.4803052,-0.1069845,1.971447,0.9979341,0.001648152,0.06422415,0.006877879,0.9911849,-0.1323068,-0.06387608,0.1324752,0.9891259,moving,-14.700552737811739,-4.04307751516811,-13.692269926256978,-3.106222862041824,-0.6059775000000001,0.1543349,1.933316,-0.2531762792225988,-0.0682093835629678,0.9650126479105875,-14.700264206087619,-3.554067816873386,1.3455144741371847,1.3763469290702641,1.1030038856411049
05/10/2023 16:35:09.327561,1468,True,True,True,True,Eyes,1.371682,-0.3543628,-2.933326,-0.3140993,0.06096342,0.9474308,0.0,0.0,0.0,0.0,0.0,0.0,0.0,-1.179752,-0.04698238,3.044327,1.371512,-0.3551252,-2.941902,-0.0664167,-0.03201557,-0.001343326,0.9972774,352.3826,356.3165,0.09095188,0.421167,-0.1087966,-0.9004338,0,0,0,0.7667918,-0.1978985,-1.008273,-0.4794109,-0.1043378,1.971955,0.9979464,0.001573401,0.06403524,0.006932074,0.991174,-0.1323857,-0.06367836,0.1325577,0.9891276,moving,-14.670595758115153,-3.981336615606864,-13.664343811423574,-3.0287436799854617,-0.6047202,0.15722669999999997,1.9336289999999998,-0.25268939119665823,-0.06717829714358854,0.9652125038543464,-14.668115398292578,-3.4947141657049547,1.3545528004655543,1.3856320872498562,1.1066552725068353
05/10/2023 16:35:09.342795,1469,True,True,True,True,Eyes,1.371722,-0.3543555,-2.933328,-0.3134146,0.06194614,0.9475938,0.0,0.0,0.0,0.0,0.0,0.0,0.0,-1.179619,-0.04753932,3.044385,1.371473,-0.355162,-2.941932,-0.06651407,-0.0320303,-0.001343646,0.9972703,352.3714,356.3147,0.09139211,0.4211583,-0.1087952,-0.900438,0,0,0,0.7675921,-0.194808,-1.008138,-0.4784982,-0.1016372,1.972474,0.9979445,0.001580975,0.06406447,0.006940887,0.9911482,-0.1325789,-0.06370698,0.1327511,0.9890999,moving,-14.626847233901316,-3.9348768215332615,-13.635847488005101,-2.949715375680116,-0.6038808999999999,0.16035399999999997,1.933794,-0.25196533806491084,-0.06640856417602767,0.9654550308380053,-14.623484706920946,-3.450211230492257,1.3653736959949203,1.3973630776436814,1.1072142416316546
05/10/2023 16:35:09.352642,1470,True,True,True,True,Eyes,1.371761,-0.3543476,-2.93333,-0.312762,0.06289917,0.9477466,0.0,0.0,0.0,0.0,0.0,0.0,0.0,-1.178802,-0.04829925,3.044701,1.371473,-0.3551629,-2.941943,-0.06663041,-0.0321647,-0.001358016,0.9972583,352.358,356.2993,0.09120616,0.4211515,-0.1087936,-0.9004413,0,0,0,0.7679999,-0.1915044,-1.00813,-0.4775536,-0.09884258,1.973011,0.9979272,0.001577709,0.06433399,0.006994879,0.9911171,-0.1328081,-0.06397205,0.1329828,0.9890516,moving,-14.571381913725654,-3.892792576254074,-13.606364660491504,-2.8679677990281705,-0.6034731,0.1636585,1.9338130000000002,-0.2510421431798095,-0.0657156960224872,0.9657428652007827,-14.567793240590722,-3.4100193853245675,1.3745030891949679,1.4076661973123121,1.103705049747458
05/10/2023 16:35:09.372638,1471,True,True,True,True,Eyes,1.371761,-0.3543476,-2.93333,-0.312762,0.06289917,0.9477466,0.0,0.0,0.0,0.0,0.0,0.0,0.0,-1.17842,-0.04916629,3.044812,1.371486,-0.3551456,-2.941916,-0.06673339,-0.03223422,-0.001445118,0.9972491,352.3459,356.2918,0.08208641,0.4211464,-0.108792,-0.9004439,0,0,0,0.7685903,-0.1884215,-1.008027,-0.4766988,-0.09631275,1.973497,0.9979177,0.001419913,0.06448396,0.007184481,0.9910891,-0.1330064,-0.06409821,0.1331928,0.9890152,moving,-14.563608667253009,-3.9074263339935507,-13.579691833529813,-2.793994251067475,-0.6028957,0.16672410000000001,1.933889,-0.25090698765963,-0.06596473954486783,0.9657610101482651,-14.561077585300183,-3.4241998671135434,1.4497682426078586,1.4858746040541169,1.1663091838247261
05/10/2023 16:35:09.392660,1472,True,True,True,True,Eyes,1.371761,-0.3543476,-2.93333,-0.312762,0.06289917,0.9477466,0.0,0.0,0.0,0.0,0.0,0.0,0.0,-1.177658,-0.04905167,3.045145,1.371481,-0.355189,-2.941951,-0.06671495,-0.03235848,-0.001450927,0.9972463,352.348,356.2776,0.08230645,0.4211418,-0.1087905,-0.9004462,0,0,0,0.7689844,-0.1858404,-1.007996,-0.4758022,-0.09365974,1.974007,0.9979016,0.001423726,0.06473233,0.00721145,0.991094,-0.1329686,-0.06434514,0.1331564,0.9890041,moving,-14.54930354854059,-3.9055263016255273,-13.551720817059788,-2.716447518569231,-0.6024965999999999,0.1693486,1.933955,-0.25066631816847273,-0.06593695981588352,0.9658254015650807,-14.547189182569937,-3.422474569867435,1.5136018131663866,1.5521210192711588,1.2204226578920452
05/10/2023 16:35:09.403617,1473,True,True,True,True,Eyes,1.371761,-0.3543476,-2.93333,-0.312762,0.06289917,0.9477466,0.0,0.0,0.0,0.0,0.0,0.0,0.0,-1.177488,-0.04827335,3.045166,1.371526,-0.3551656,-2.941873,-0.0666,-0.03239295,-0.001409858,0.9972529,352.3613,356.2733,0.08687332,0.4211376,-0.1087891,-0.9004484,0,0,0,0.7698111,-0.183495,-1.007699,-0.4748657,-0.09088892,1.974539,0.9978974,0.001502769,0.0647957,0.00712671,0.9911249,-0.1327427,-0.06442012,0.1329254,0.9890302,moving,-14.545128652409716,-3.8910733501794708,-13.522518043072797,-2.6354902409709298,-0.6017149,0.17167060000000003,1.9341740000000003,-0.25059995845493693,-0.06569449258078515,0.96585914423853,-14.542398538714075,-3.4085589774444487,1.57879964896645,1.619327453746836,1.2797622813250364
05/10/2023 16:35:09.427475,1474,True,True,True,True,Eyes,1.371761,-0.3543476,-2.93333,-0.312762,0.06289917,0.9477466,0.0,0.0,0.0,0.0,0.0,0.0,0.0,-1.177586,-0.04789224,3.045263,1.371573,-0.3552703,-2.941972,-0.06651381,-0.03238818,-0.001499896,0.9972587,352.3709,356.2746,0.07612985,0.4211339,-0.1087879,-0.9004503,0,0,0,0.7707344,-0.1812336,-1.007565,-0.4739998,-0.08832626,1.975031,0.9978975,0.001316955,0.06479831,0.007300091,0.9911473,-0.1325658,-0.06439926,0.1327601,0.9890538,moving,-14.545565330053764,-3.8842671947125296,-13.495523714704454,-2.5606444314028356,-0.6008385999999999,0.1740367,1.9344069999999998,-0.2506092178479791,-0.06557959550994934,0.9658645498332697,-14.54245832614446,-3.4019876929888553,1.6469438449033662,1.6895456825777093,1.3431048225835684
05/10/2023 16:35:09.443437,1475,True,True,True,True,Eyes,1.371761,-0.3543476,-2.93333,-0.312762,0.06289917,0.9477466,0.0,0.0,0.0,0.0,0.0,0.0,0.0,-1.17767,-0.04705009,3.045296,1.371614,-0.3552495,-2.94201,-0.0664269,-0.03237427,-0.001365523,0.997265,352.3813,356.2752,0.09118736,0.4211305,-0.1087868,-0.900452,0,0,0,0.7717322,-0.1788915,-1.007327,-0.4730679,-0.0855688,1.975561,0.9979001,0.00157747,0.06475288,0.007024622,0.9911712,-0.132402,-0.06439005,0.1325788,0.9890788,moving,-14.546957816299523,-3.8698909290091197,-13.466476771468654,-2.4801403663247044,-0.5998818000000001,0.176358,1.9346829999999997,-0.2506366926726544,-0.06533676525956468,0.9658738776019252,-14.543037720526057,-3.388103975015047,1.7158056053820798,1.760353917461047,1.4083257406372165
05/10/2023 16:35:09.452449,1476,True,True,True,True,Eyes,1.371761,-0.3543476,-2.93333,-0.312762,0.06289917,0.9477466,0.0,0.0,0.0,0.0,0.0,0.0,0.0,-1.177534,-0.04780266,3.045364,1.371633,-0.3552453,-2.942029,-0.06654204,-0.03240002,-0.001384308,0.9972565,352.3681,356.2723,0.08965463,0.4211275,-0.1087858,-0.9004536,0,0,0,0.7725172,-0.1757715,-1.007214,-0.4721886,-0.08296686,1.976061,0.9978966,0.001550907,0.06480649,0.007072947,0.9911405,-0.1326293,-0.06443803,0.1328087,0.9890448,moving,-14.544205797935676,-3.8836245069414135,-13.439077728032187,-2.4042074546563006,-0.5991158000000001,0.1794738,1.9348149999999997,-0.2505864716565861,-0.0655691601829459,0.9658711598851346,-14.541113881136951,-3.4013777829231975,1.7992419652377152,1.8466138918248678,1.486214098414444
05/10/2023 16:35:09.472449,1477,True,True,True,True,Eyes,1.371641,-0.3543318,-2.933344,-0.3120461,0.06381045,0.9479216,0.0,0.0,0.0,0.0,0.0,0.0,0.0,-1.1782,-0.04891267,3.045069,1.371656,-0.3552154,-2.942002,-0.06658283,-0.0323116,-0.001718932,0.997256,352.3622,356.2851,0.05054589,0.4211247,-0.1087849,-0.9004549,0,0,0,0.7738286,-0.1724358,-1.006901,-0.4712639,-0.08023092,1.976586,0.997906,0.000874365,0.06467479,0.007731227,0.9911276,-0.1326892,-0.06421698,0.1329114,0.9890454,moving,-14.510609487120957,-3.8461561502302306,-13.41027755666131,-2.3243972079316184,-0.5978274,0.18277960000000001,1.935101,-0.2500302550924838,-0.06494716132146806,0.966057265163739,-14.506745153881756,-3.365474817157602,1.829466908649932,1.8778926049310822,1.5119800859092252
05/10/2023 16:35:09.492866,1478,True,True,True,True,Eyes,1.371525,-0.3543173,-2.933357,-0.3113667,0.06468327,0.9480859,0.0,0.0,0.0,0.0,0.0,0.0,0.0,-1.178556,-0.04880673,3.044907,1.371587,-0.355224,-2.942006,-0.06651705,-0.03224804,-0.001840172,0.9972624,352.3692,356.2934,0.03583029,0.4211191,-0.1087837,-0.9004577,0,0,0,0.7748824,-0.16993,-1.006608,-0.4703873,-0.07763632,1.977085,0.9979134,0.0006198196,0.06456431,0.007960357,0.9911442,-0.1325512,-0.0640747,0.1327886,0.9890711,moving,-14.476178932984679,-3.7916680391544544,-13.382974691049055,-2.248739543898733,-0.5967045999999999,0.185294,1.9353980000000002,-0.24946438214998432,-0.06403807017520331,0.9662642851064894,-14.470669401282683,-3.313154000677382,1.842235854768339,1.89095844905649,1.5218600193413323
05/10/2023 16:35:09.503381,1479,True,True,True,True,Eyes,1.371525,-0.3543173,-2.933357,-0.3113667,0.06468327,0.9480859,0.0,0.0,0.0,0.0,0.0,0.0,0.0,-1.177829,-0.04850343,3.045192,1.371564,-0.3552424,-2.942014,-0.06654391,-0.03235434,-0.001657755,0.9972575,352.3668,356.2797,0.05778215,0.421111,-0.1087824,-0.9004617,0,0,0,0.7753319,-0.1672729,-1.006524,-0.4694662,-0.07491107,1.977608,0.9979009,0.0009995527,0.06475185,0.007612387,0.9911383,-0.1326156,-0.0643106,0.1328301,0.9890502,moving,-14.463906187727513,-3.7886744174294984,-13.354302661515192,-2.169306079422859,-0.5962321,0.1879695,1.93549,-0.24925815545769922,-0.06399109300580144,0.9663206160583254,-14.458681827244165,-3.310358004515091,1.9120866166330783,1.9630521642384349,1.5879712961678216
05/10/2023 16:35:09.522566,1480,True,True,True,True,Eyes,1.371525,-0.3543173,-2.933357,-0.3113667,0.06468327,0.9480859,0.0,0.0,0.0,0.0,0.0,0.0,0.0,-1.177217,-0.04836476,3.045405,1.371607,-0.3552318,-2.941968,-0.06655096,-0.03245843,-0.001578299,0.9972538,352.3663,356.2671,0.06777132,0.4211037,-0.1087812,-0.9004653,0,0,0,0.7758539,-0.1645926,-1.006386,-0.4685579,-0.07222331,1.978125,0.9978879,0.00117235,0.06494866,0.007468207,0.991137,-0.1326339,-0.0645285,0.1328388,0.9890348,moving,-14.451914422848994,-3.7868475170283693,-13.326029013943465,-2.090997055494683,-0.5957531,0.19063919999999998,1.9355820000000001,-0.2490563412770077,-0.0639637105352376,0.9663744634818675,-14.447026967486158,-3.308685775164859,1.9823757899796721,2.0355654599816697,1.6551139628010205
05/10/2023 16:35:09.542608,1481,True,True,True,True,Eyes,1.371575,-0.3542954,-2.933359,-0.3108026,0.06601635,0.9481791,0.0,0.0,0.0,0.0,0.0,0.0,0.0,-1.177042,-0.04778585,3.045475,1.371647,-0.3552537,-2.941939,-0.06649162,-0.03249007,-0.00149923,0.9972568,352.3734,356.2629,0.07690667,0.4210971,-0.1087801,-0.9004685,0,0,0,0.776641,-0.1622358,-1.006157,-0.4676616,-0.06957145,1.978634,0.9978843,0.0013304,0.06500126,0.007310869,0.9911532,-0.132521,-0.06460252,0.1327159,0.9890465,moving,-14.413074469777088,-3.699067095385798,-13.298144493315252,-2.013767557239085,-0.595006,0.1930179,1.9357820000000001,-0.24842437716946553,-0.06249356558924248,0.9666332827907381,-14.404935052290815,-3.224271048058172,1.968415077299539,2.020718532030305,1.640214633126602
05/10/2023 16:35:09.553046,1482,True,True,True,True,Eyes,1.371625,-0.3542732,-2.93336,-0.3102589,0.0672977,0.9482671,0.0,0.0,0.0,0.0,0.0,0.0,0.0,-1.177333,-0.04796582,3.045314,1.37164,-0.3552834,-2.941892,-0.06653695,-0.03244061,-0.001479781,0.9972554,352.3683,356.2684,0.07894004,0.4210925,-0.1087783,-0.9004709,0,0,0,0.7777261,-0.1593463,-1.005852,-0.4667448,-0.06685899,1.979156,0.9978908,0.00136556,0.06490009,0.00726844,0.9911413,-0.1326127,-0.06450624,0.1328047,0.9890409,moving,-14.385059817685164,-3.628228678077513,-13.26962162431857,-1.9348054125666487,-0.5939139,0.19593710000000003,1.9360400000000002,-0.2479700200511683,-0.06130577600959215,0.9668260078114342,-14.374175646127282,-3.1561235412394235,1.975706293128187,2.027778271753204,1.6467111339025347
05/10/2023 16:35:09.572380,1483,True,True,True,True,Eyes,1.371625,-0.3542732,-2.93336,-0.3102589,0.0672977,0.9482671,0.0,0.0,0.0,0.0,0.0,0.0,0.0,-1.177511,-0.0482049,3.04525,1.371685,-0.3552543,-2.941883,-0.0665329,-0.03242354,-0.001573433,0.997256,352.3684,356.2711,0.06799543,0.4210896,-0.108776,-0.9004725,0,0,0,0.778737,-0.1565157,-1.005615,-0.465842,-0.0641873,1.979669,0.9978924,0.001176232,0.0648785,0.007452695,0.9911418,-0.1325986,-0.06445976,0.1328027,0.9890442,moving,-14.38709561632311,-3.6308602241821153,-13.241549110915768,-1.8570647243918978,-0.592948,0.19873860000000002,1.9362679999999999,-0.24800370296706753,-0.06134963540541942,0.966814586126603,-14.376277408682197,-3.1586475940951795,2.057168230045293,2.1115461802023185,1.726767580323689
05/10/2023 16:35:09.592647,1484,True,True,True,True,Eyes,1.371625,-0.3542732,-2.93336,-0.3102589,0.0672977,0.9482671,0.0,0.0,0.0,0.0,0.0,0.0,0.0,-1.177894,-0.04940969,3.045077,1.371697,-0.3551915,-2.94188,-0.06666208,-0.03236973,-0.0017199,0.9972489,352.353,356.2784,0.05118083,0.421087,-0.108774,-0.900474,0,0,0,0.779864,-0.1530877,-1.005399,-0.4649446,-0.06153172,1.980179,0.9978985,0.0008853303,0.06479065,0.007746004,0.9911064,-0.132846,-0.06433205,0.1330687,0.9890167,moving,-14.393601175856373,-3.6503979629355934,-13.213652072814337,-1.7798258625567376,-0.5918329999999999,0.2021038,1.936481,-0.2481084522519797,-0.061677605833403516,0.966766842241032,-14.383584166229523,-3.1774524003950875,2.1543894667443353,2.211632851195123,1.822663173071989
05/10/2023 16:35:09.607281,1485,True,True,True,True,Eyes,1.371649,-0.3542523,-2.933363,-0.3097585,0.06909173,0.9483017,0.0,0.0,0.0,0.0,0.0,0.0,0.0,-1.178015,-0.0501973,3.045016,1.371693,-0.3551824,-2.941881,-0.06673206,-0.03235598,-0.001860903,0.9972445,352.3445,356.281,0.03508046,0.4210846,-0.1087721,-0.9004753,0,0,0,0.7808266,-0.1499318,-1.005211,-0.4640396,-0.05885395,1.980693,0.9978992,0.0006068124,0.064782,0.008029912,0.9910867,-0.1329759,-0.06428528,0.1332168,0.9889998,moving,-14.364019390235033,-3.5572121796738156,-13.185528920506513,-1.701975546823333,-0.5908664,0.2052506,1.93667,-0.24763296883575914,-0.06011272632700621,0.9669873228634673,-14.350128708426626,-3.087751411954326,2.141737286344373,2.197895072816567,1.810156737523887
05/10/2023 16:35:09.622483,1486,True,True,True,True,Eyes,1.371671,-0.3542326,-2.933363,-0.3092758,0.0708105,0.9483324,0.0,0.0,0.0,0.0,0.0,0.0,0.0,-1.177878,-0.05093202,3.045048,1.371656,-0.3551995,-2.941888,-0.06680978,-0.03237744,-0.001970572,0.9972384,352.3351,356.2793,0.02289364,0.4210831,-0.1087697,-0.9004763,0,0,0,0.7816231,-0.1467828,-1.005069,-0.4631264,-0.05615202,1.981212,0.9978956,0.0003959997,0.06483937,0.00825652,0.9910651,-0.133123,-0.06431276,0.1333781,0.9889763,moving,-14.331596362727968,-3.468319492122778,-13.15715699234264,-1.6234571116446739,-0.5900329,0.2084167,1.936819,-0.2471076742363739,-0.058620512114563206,0.9672132242471494,-14.31416256211291,-3.002214785545484,2.13171820247659,2.186967086541181,1.7998985004215653
05/10/2023 16:35:09.642588,1487,True,True,True,True,Eyes,1.371671,-0.3542326,-2.933363,-0.3092758,0.0708105,0.9483324,0.0,0.0,0.0,0.0,0.0,0.0,0.0,-1.177952,-0.05072886,3.044974,1.371626,-0.3552079,-2.94185,-0.06674218,-0.03236545,-0.002056754,0.9972432,352.3426,356.2814,0.01260948,0.4210823,-0.108767,-0.900477,0,0,0,0.7825213,-0.1443147,-1.004789,-0.4622457,-0.05354576,1.981713,0.9978965,0.0002181152,0.064827,0.008422449,0.9910825,-0.1329832,-0.0642779,0.1332495,0.9889959,moving,-14.33298242666548,-3.463459272510051,-13.129799644013362,-1.5477517548867115,-0.5891047,0.21089320000000003,1.9370610000000001,-0.2471322697420358,-0.058538087328352265,0.9672119322308514,-14.315240628940082,-2.997514156768307,2.2050439346533723,2.262207793627515,1.8727203076416734
05/10/2023 16:35:09.657593,1488,True,True,True,True,Eyes,1.371671,-0.3542326,-2.933363,-0.3092758,0.0708105,0.9483324,0.0,0.0,0.0,0.0,0.0,0.0,0.0,-1.17744,-0.0503183,3.045165,1.371615,-0.3552577,-2.941835,-0.06669826,-0.032446,-0.002014681,0.9972436,352.3478,356.2718,0.01791715,0.4210817,-0.1087645,-0.9004776,0,0,0,0.7830685,-0.141903,-1.004639,-0.461354,-0.05090711,1.98222,0.9978864,0.0003099295,0.06498188,0.008346437,0.9910946,-0.1328981,-0.06444437,0.1331595,0.9889972,moving,-14.32362093513634,-3.457090417815771,-13.10211012819428,-1.4711392002694361,-0.5885465000000001,0.2133547,1.9371960000000001,-0.24697575822352247,-0.058432980358140874,0.9672582643337978,-14.305879918525358,-2.9914390117611993,2.2725076062432543,2.331542598785193,1.9391681786105142
05/10/2023 16:35:09.676015,1489,True,True,True,True,Eyes,1.371709,-0.354212,-2.933362,-0.3087571,0.07285821,0.9483463,0.0,0.0,0.0,0.0,0.0,0.0,0.0,-1.177439,-0.05004495,3.045168,1.3716,-0.3552434,-2.941841,-0.06668585,-0.03243944,-0.001931232,0.9972447,352.3495,356.2719,0.02744152,0.421081,-0.1087623,-0.9004782,0,0,0,0.7839314,-0.1393785,-1.004421,-0.4604746,-0.04830503,1.98272,0.9978879,0.0004746821,0.06495769,0.008178324,0.9910985,-0.1328789,-0.06444254,0.1331295,0.9890014,moving,-14.291779717636762,-3.3321233581493415,-13.074810371320915,-1.395621647524726,-0.5876686,0.2158649,1.9374200000000001,-0.2464680083116183,-0.05633068203019606,0.9675124523381708,-14.268560651383352,-2.871086001017521,2.2303655233356263,2.2871495939541173,1.8979027344880082
05/10/2023 16:35:09.692426,1490,True,True,True,True,Eyes,1.371747,-0.354193,-2.93336,-0.3082535,0.07481869,0.9483575,0.0,0.0,0.0,0.0,0.0,0.0,0.0,-1.177539,-0.04933238,3.045088,1.371558,-0.3551785,-2.941814,-0.06663036,-0.03240809,-0.001760979,0.9972498,352.3565,356.2743,0.04662056,0.4210815,-0.1087596,-0.9004784,0,0,0,0.7848842,-0.1369494,-1.004108,-0.4595581,-0.0455929,1.983241,0.9978933,0.0008064526,0.06487258,0.007830995,0.9911146,-0.1327801,-0.06440324,0.1330083,0.9890202,moving,-14.263595685377199,-3.2045712184967132,-13.046367715738038,-1.316945694687035,-0.5866738,0.2182291,1.937706,-0.2460213432942431,-0.05418300818538862,0.9677487818176235,-14.234629114241814,-2.7482106993394724,2.1915130294612175,2.246057445438481,1.860237797894907
05/10/2023 16:35:09.707047,1491,True,True,True,True,Eyes,1.371799,-0.3541742,-2.93336,-0.3077136,0.07699532,0.9483587,0.0,0.0,0.0,0.0,0.0,0.0,0.0,-1.177889,-0.04870966,3.044976,1.371559,-0.3551996,-2.941824,-0.06662071,-0.03234008,-0.001551224,0.9972529,352.3584,356.2805,0.0702447,0.4210829,-0.1087566,-0.9004781,0,0,0,0.7860904,-0.134232,-1.003788,-0.4585642,-0.04265207,1.983806,0.9979034,0.001215113,0.06470916,0.007402964,0.9911186,-0.1327751,-0.06429579,0.1329758,0.9890316,moving,-14.23731104717804,-3.0681867383455983,-13.015532519273684,-1.231676460461091,-0.5854686,0.22096760000000001,1.938036,-0.24560739562530015,-0.051884891188840127,0.967979921317086,-14.202059667066168,-2.6167977644930924,2.1536003689638346,2.2057907362267084,1.8238442091724498
05/10/2023 16:35:09.722710,1492,True,True,True,True,Eyes,1.37185,-0.354156,-2.93336,-0.3071861,0.07908639,0.9483576,0.0,0.0,0.0,0.0,0.0,0.0,0.0,-1.178289,-0.04858986,3.044865,1.371555,-0.3552049,-2.941869,-0.06665387,-0.03226696,-0.001430142,0.9972533,352.355,356.288,0.08376662,0.4210855,-0.1087532,-0.9004773,0,0,0,0.787166,-0.1317271,-1.00356,-0.4577331,-0.04019248,1.984279,0.9979136,0.001449007,0.06454732,0.007153863,0.9911104,-0.1328493,-0.06416602,0.1330339,0.9890322,moving,-14.21264433369365,-2.9446545380259077,-12.989752239696772,-1.16039357764765,-0.584389,0.22347779999999998,1.938309,-0.24521665864802386,-0.04980284493374429,0.9681882882746546,-14.171731474823254,-2.4977751128312113,2.1131975189873553,2.16311170499584,1.7848429294815056
05/10/2023 16:35:09.742617,1493,True,True,True,True,Eyes,1.371905,-0.3541363,-2.933359,-0.3066445,0.0812642,0.9483487,0.0,0.0,0.0,0.0,0.0,0.0,0.0,-1.178911,-0.04866681,3.044623,1.37156,-0.3552015,-2.941867,-0.06668605,-0.03216328,-0.001389529,0.9972546,352.3515,356.2996,0.08777054,0.4210891,-0.1087495,-0.900476,0,0,0,0.7884394,-0.1289632,-1.003242,-0.456846,-0.03756782,1.984783,0.9979272,0.001518256,0.06433529,0.007061113,0.9911021,-0.1329166,-0.06396464,0.1330953,0.989037,moving,-14.190816724222854,-2.8185078361572193,-12.962248022251938,-1.0843606245022872,-0.5831205999999999,0.2262383,1.9386249999999998,-0.24487323235612246,-0.04767535495143421,0.9683822266952754,-14.144000966361414,-2.376207968580276,2.0775597248345665,2.125240599827012,1.7508311115903694
05/10/2023 16:35:09.756860,1494,True,True,True,True,Eyes,1.371958,-0.3541183,-2.933361,-0.3061224,0.0833574,0.9483358,0.0,0.0,0.0,0.0,0.0,0.0,0.0,-1.179181,-0.04888344,3.044519,1.371561,-0.3551456,-2.941878,-0.06670813,-0.03211959,-0.001402852,0.9972546,352.3489,356.3047,0.08598009,0.4210938,-0.1087456,-0.9004743,0,0,0,0.7894991,-0.1260917,-1.003003,-0.4559448,-0.03490108,1.985295,0.9979327,0.001487276,0.06424998,0.007083277,0.9910961,-0.1329598,-0.06387565,0.1331401,0.9890367,moving,-14.16351739715427,-2.698000220475444,-12.934314786770734,-1.0071443399224045,-0.5820619,0.2290539,1.938875,-0.2444350506842238,-0.04564370562421199,0.9685908979605637,-14.111295866976457,-2.2601239796173505,2.0447380939319393,2.0904383909061974,1.71908185978804
05/10/2023 16:35:09.772456,1495,True,True,True,True,Eyes,1.372017,-0.3540998,-2.933362,-0.3055869,0.08551131,0.9483167,0.0,0.0,0.0,0.0,0.0,0.0,0.0,-1.17923,-0.04908216,3.044538,1.371555,-0.3551687,-2.941921,-0.0667427,-0.0321102,-0.001406542,0.9972525,352.3449,356.3058,0.08561166,0.4210994,-0.1087414,-0.9004722,0,0,0,0.790455,-0.1231444,-1.002831,-0.4550044,-0.0321185,1.985829,0.9979339,0.001480889,0.0642317,0.007091597,0.9910868,-0.1330283,-0.0638562,0.133209,0.9890286,moving,-14.131533418357488,-2.5750465157701816,-12.90517691643647,-0.9266125398098837,-0.5811000000000001,0.23202430000000002,1.9390899999999998,-0.24391690876748792,-0.04357091743765875,0.9688169165840211,-14.073945819381795,-2.141714948543632,2.010819129306336,2.054576560487399,1.6859699321763046
05/10/2023 16:35:09.793032,1496,True,True,True,True,Eyes,1.372073,-0.3540826,-2.933363,-0.3050756,0.08758812,0.9482917,0.0,0.0,0.0,0.0,0.0,0.0,0.0,-1.179173,-0.04959914,3.044546,1.371521,-0.3551501,-2.941933,-0.06678256,-0.03211889,-0.001506838,0.9972493,352.34,356.3056,0.07426349,0.421106,-0.108737,-0.9004697,0,0,0,0.7912637,-0.1202466,-1.002676,-0.454134,-0.02954291,1.986324,0.9979322,0.001284576,0.06426234,0.00729535,0.9910756,-0.1331009,-0.06385982,0.1332945,0.989017,moving,-14.099353787958403,-2.4603864921358882,-12.878211182898067,-0.8521063334865248,-0.5802573,0.23490350000000004,1.9392570000000002,-0.24339280734952012,-0.041637688942844545,0.9690336387140553,-14.036847209624899,-2.0313108490898406,1.9773865013325775,2.0193450251501766,1.6531668796732504
05/10/2023 16:35:09.804137,1497,True,True,True,True,Eyes,1.372138,-0.3540643,-2.933364,-0.3045598,0.08970086,0.94826,0.0,0.0,0.0,0.0,0.0,0.0,0.0,-1.178825,-0.05035779,3.044667,1.371503,-0.3551692,-2.941937,-0.06689586,-0.03217442,-0.001540422,0.9972399,352.3269,356.2994,0.07124525,0.4211133,-0.1087324,-0.9004668,0,0,0,0.7919331,-0.1170515,-1.002589,-0.453224,-0.0268504,1.986842,0.9979249,0.001232331,0.06437733,0.007377013,0.9910451,-0.1333233,-0.06396514,0.1335216,0.9889795,moving,-14.06149009996825,-2.349837251951141,-12.850023776199658,-0.7742542961928374,-0.5795699,0.23811770000000002,1.9393479999999998,-0.24277081588551994,-0.03977430306658261,0.9692679090069091,-13.994488268560819,-1.9249166905215214,1.9470613033863644,1.9874889443972914,1.6229057027436036
05/10/2023 16:35:09.822537,1498,True,True,True,True,Eyes,1.3722,-0.3540458,-2.933363,-0.3040645,0.09172684,0.9482252,0.0,0.0,0.0,0.0,0.0,0.0,0.0,-1.178301,-0.05091077,3.04481,1.371429,-0.3551438,-2.941923,-0.06697184,-0.03224955,-0.001564168,0.9972324,352.3181,356.2909,0.06937449,0.4211215,-0.1087276,-0.9004635,0,0,0,0.7924806,-0.1139276,-1.002486,-0.4523,-0.02411652,1.987367,0.997915,0.001199946,0.0645301,0.0074393,0.9910246,-0.1334721,-0.06411108,0.1336738,0.9889495,moving,-14.022663249078509,-2.239862533375745,-12.821417328506097,-0.6952450119363869,-0.5789484,0.2412162,1.939437,-0.2421314112219778,-0.03792004538937138,0.9695021986096768,-13.951231489741454,-1.8190842368378877,1.9177701567702552,1.9567409254240393,1.5935791923701688
05/10/2023 16:35:09.842607,1499,True,True,True,True,Eyes,1.37227,-0.3540289,-2.933364,-0.3035388,0.09374899,0.9481958,0.0,0.0,0.0,0.0,0.0,0.0,0.0,-1.178194,-0.05078202,3.044831,1.371417,-0.3551223,-2.941907,-0.06694719,-0.03226534,-0.001563363,0.9972335,352.3209,356.289,0.06949686,0.4211304,-0.1087227,-0.9004599,0,0,0,0.7932777,-0.1113383,-1.002271,-0.4514142,-0.02149503,1.98787,0.997913,0.001202072,0.06456148,0.007438224,0.9910312,-0.1334231,-0.06414282,0.1336249,0.988954,moving,-13.988739244636037,-2.1178675938925617,-12.794003452917575,-0.6195206442356784,-0.5781393000000001,0.243784,1.9396360000000001,-0.2415757029865122,-0.03586080058498217,0.9697191006044362,-13.912062467441638,-1.7016150998097768,1.879326997564477,1.9163604028363832,1.5559512751827167
05/10/2023 16:35:09.852606,1500,True,True,True,True,Eyes,1.372338,-0.3540123,-2.933364,-0.3030295,0.09568498,0.9481653,0.0,0.0,0.0,0.0,0.0,0.0,0.0,-1.177886,-0.05074662,3.044994,1.371421,-0.3551613,-2.941945,-0.06696664,-0.03231368,-0.001513592,0.9972306,352.3188,356.2831,0.07568365,0.4211403,-0.1087176,-0.900456,0,0,0,0.793926,-0.1087716,-1.002172,-0.4505557,-0.01895496,1.988358,0.997907,0.001309076,0.06465111,0.007346679,0.9910263,-0.1334646,-0.06424567,0.1336602,0.9889426,moving,-13.952006792093451,-2.0044478103384367,-12.767438896264723,-0.5461824841272529,-0.577495,0.24638970000000002,1.939773,-0.2409700823261093,-0.03394639146457712,0.9699386533808324,-13.870641543596715,-1.592442290031509,1.8434039382946759,1.878759926509481,1.5204327221324616
05/10/2023 16:35:09.872713,1501,True,True,True,True,Eyes,1.372401,-0.3539952,-2.933365,-0.3024819,0.09760551,0.9481444,0.0,0.0,0.0,0.0,0.0,0.0,0.0,-1.17815,-0.0502817,3.044902,1.371415,-0.3551508,-2.941952,-0.06692244,-0.03226545,-0.001434238,0.9972354,352.3242,356.288,0.08429364,0.421151,-0.1087124,-0.9004516,0,0,0,0.7949702,-0.1063147,-1.001888,-0.4496594,-0.01630241,1.988868,0.9979138,0.001458019,0.06454446,0.007179111,0.9910387,-0.1333823,-0.06416053,0.1335674,0.9889607,moving,-13.923939190725747,-1.8837241981731916,-12.739709471778143,-0.4696331634597434,-0.5764448000000001,0.2488361,1.9400640000000002,-0.2405110809242984,-0.03190637560577828,0.970121818025787,-13.837184504533129,-1.476155676631786,1.810967512650402,1.8444656358131672,1.4891403617667212
05/10/2023 16:35:09.882582,1502,True,True,True,True,Eyes,1.372462,-0.35398,-2.933365,-0.3019498,0.0994496,0.9481224,0.0,0.0,0.0,0.0,0.0,0.0,0.0,-1.178362,-0.04964083,3.044829,1.37141,-0.3551197,-2.941956,-0.06685324,-0.03222505,-0.001336595,0.9972415,352.3325,356.292,0.09497944,0.4211622,-0.1087072,-0.900447,0,0,0,0.7960066,-0.1038716,-1.00159,-0.4487354,-0.01356843,1.989394,0.9979195,0.001642882,0.06445103,0.006974514,0.9910578,-0.1332515,-0.0640936,0.1334238,0.9889844,moving,-13.895867697094712,-1.7641006566550328,-12.71113013400049,-0.39077312964288413,-0.5754034,0.2512481,1.9403659999999998,-0.240050766757144,-0.029884371768646383,0.9703002338169671,-13.80378207694643,-1.360930667346637,1.7819792057281567,1.813734156334864,1.4611960567928408
05/10/2023 16:35:09.902482,1503,True,True,True,True,Eyes,1.372525,-0.3539626,-2.933363,-0.3013596,0.1012993,0.9481144,0.0,0.0,0.0,0.0,0.0,0.0,0.0,-1.178797,-0.04953718,3.044626,1.371409,-0.3551492,-2.941916,-0.06689007,-0.03214815,-0.001227267,0.9972416,352.3287,356.3,0.107129,0.4211738,-0.1087019,-0.9004422,0,0,0,0.7972579,-0.1008646,-1.001243,-0.4477392,-0.01062052,1.989959,0.99793,0.001853019,0.06428312,0.006748547,0.9910485,-0.1333322,-0.06395474,0.13349,0.9889844,moving,-13.86851955969116,-1.6559141603020626,-12.68034032884143,-0.3057878050217146,-0.5741511000000001,0.25428459999999997,1.9406729999999999,-0.2396003159295743,-0.028055405240348733,0.9704662049877152,-13.771683615259166,-1.2567370005437961,1.7679599589099966,1.7985024492185862,1.4475270433650482
05/10/2023 16:35:09.922383,1504,True,True,True,True,Eyes,1.372586,-0.3539425,-2.933364,-0.3007922,0.1030792,0.9481027,0.0,0.0,0.0,0.0,0.0,0.0,0.0,-1.178827,-0.04914021,3.044581,1.371369,-0.3550781,-2.941902,-0.06685824,-0.03213152,-0.001120971,0.9972444,352.3327,356.3011,0.1191374,0.4211859,-0.1086966,-0.9004371,0,0,0,0.7980511,-0.09858525,-1.000999,-0.4469285,-0.008221626,1.990421,0.9979326,0.002060748,0.06423584,0.006532277,0.9910574,-0.133276,-0.06393605,0.13342,0.9889951,moving,-13.835648462452859,-1.5441984128159585,-12.655277644599197,-0.23666439988770732,-0.5733179,0.25649285,1.9409029999999998,-0.2390557518822268,-0.026166746940403655,0.9706532066847303,-13.734074759074739,-1.1491793771876688,1.7326263118541132,1.7615108465759668,1.4129709119431666
05/10/2023 16:35:09.942695,1505,True,True,True,True,Eyes,1.372611,-0.3539302,-2.933367,-0.3001504,0.104853,0.9481117,0.0,0.0,0.0,0.0,0.0,0.0,0.0,-1.178818,-0.04955897,3.04463,1.371387,-0.3549933,-2.941958,-0.06691884,-0.03213447,-0.001105838,0.9972403,352.3258,356.3006,0.1211328,0.4211983,-0.108691,-0.900432,0,0,0,0.7989635,-0.09548873,-1.000874,-0.4460019,-0.005480021,1.990947,0.9979323,0.00209523,0.06423958,0.006506376,0.9910413,-0.1333973,-0.06394356,0.1335394,0.9889785,moving,-13.796577560132139,-1.4464453165103222,-12.62665272355637,-0.15770449038974313,-0.5724234999999999,0.25950457000000005,1.941084,-0.23840380437061928,-0.024514713686736453,0.9708567684167028,-13.691231161446742,-1.0551427077823528,1.7126052137822338,1.7405680222693944,1.3923801939333702
05/10/2023 16:35:09.952624,1506,True,True,True,True,Eyes,1.372635,-0.3539202,-2.933371,-0.2995354,0.1065478,0.9481171,0.0,0.0,0.0,0.0,0.0,0.0,0.0,-1.179359,-0.04997817,3.044464,1.371414,-0.3551027,-2.941984,-0.06694204,-0.03205745,-0.00126164,0.997241,352.3226,356.3107,0.1026583,0.4212102,-0.1086856,-0.9004271,0,0,0,0.800204,-0.09267068,-1.000628,-0.445114,-0.002852321,1.991452,0.9979414,0.001775663,0.0641069,0.0068083,0.9910343,-0.1334338,-0.06376908,0.1335956,0.9889822,moving,-13.76920595257371,-1.354400707299727,-12.599225585257239,-0.08206366177254791,-0.5712099999999999,0.26243202,1.941356,-0.23794874008621367,-0.022957653597518793,0.9710063172210001,-13.659966467153057,-0.9665262348669788,1.7014178905686115,1.7284951886906763,1.381102914966853
05/10/2023 16:35:09.977694,1507,True,True,True,True,Eyes,1.372641,-0.3539061,-2.933376,-0.2988651,0.1082595,0.9481348,0.0,0.0,0.0,0.0,0.0,0.0,0.0,-1.179209,-0.04919931,3.044593,1.371422,-0.3551463,-2.942035,-0.06687903,-0.03207557,-0.001118055,0.9972448,352.3304,356.3076,0.1191189,0.4212214,-0.1086805,-0.9004225,0,0,0,0.8009852,-0.09039825,-1.000449,-0.4442136,-0.0001882911,1.991964,0.9979398,0.002060417,0.06412394,0.006520315,0.9910519,-0.1333178,-0.06382485,0.1334613,0.9889967,moving,-13.726107146818615,-1.2422715551014616,-12.57142120358502,-0.005415903760180642,-0.5704368,0.26474805,1.9415860000000003,-0.23722818978513746,-0.02106115174274513,0.9712256587260427,-13.612477980174862,-0.8586470654243388,1.6663576001007299,1.6920731455100047,1.3460321791541248
05/10/2023 16:35:09.992290,1508,True,True,True,True,Eyes,1.372648,-0.3538926,-2.93338,-0.2982219,0.1099351,0.9481444,0.0,0.0,0.0,0.0,0.0,0.0,0.0,-1.178732,-0.05020583,3.044739,1.371481,-0.3549924,-2.942003,-0.06697461,-0.03216933,-0.001222719,0.9972353,352.319,356.2975,0.1081351,0.4212316,-0.1086753,-0.9004183,0,0,0,0.801588,-0.08706775,-1.000373,-0.4433164,0.002466738,1.992474,0.9979273,0.001870378,0.06432456,0.006747734,0.9910258,-0.1335002,-0.06399699,0.1336575,0.9889591,moving,-13.677394896227911,-1.1582710085252774,-12.543724968548181,0.07093372578846198,-0.569893,0.26792465,1.9416300000000002,-0.23640918493430824,-0.019641262187345014,0.9714549650917249,-13.56107145681909,-0.7779546425935964,1.6469058381230766,1.6721697831813236,1.324992580798663
05/10/2023 16:35:10.007367,1509,True,True,True,True,Eyes,1.372651,-0.3538783,-2.933378,-0.2975558,0.1116157,0.9481574,0.0,0.0,0.0,0.0,0.0,0.0,0.0,-1.178633,-0.05284065,3.044723,1.371499,-0.3549997,-2.941985,-0.06737579,-0.03219191,-0.001310628,0.9972074,352.2726,356.2953,0.09968173,0.4212409,-0.1086703,-0.9004146,0,0,0,0.8025126,-0.08245236,-1.000377,-0.4423332,0.005376339,1.993033,0.997924,0.001723974,0.06438065,0.006951848,0.9909176,-0.1342909,-0.06402742,0.1344596,0.9888483,moving,-13.635501566834266,-1.1081923411482948,-12.513382688883194,0.15455879894745428,-0.5689864,0.27254733999999997,1.9416079999999998,-0.23570266614524743,-0.018795487376099415,0.9716434307919788,-13.518036849429604,-0.729945435253606,1.6633228820930919,1.6892871922995472,1.3385356635603014
05/10/2023 16:35:10.023378,1510,True,True,True,True,Eyes,1.372652,-0.3538668,-2.933374,-0.2969075,0.1132265,0.9481696,0.0,0.0,0.0,0.0,0.0,0.0,0.0,-1.178678,-0.05496773,3.044556,1.371498,-0.3549787,-2.941872,-0.06758965,-0.03220127,-0.001637045,0.9971921,352.2469,356.2966,0.06291573,0.4212494,-0.1086653,-0.9004112,0,0,0,0.8033987,-0.07873133,-1.00022,-0.4414921,0.007864773,1.993511,0.9979208,0.001088048,0.064443,0.007617841,0.9908579,-0.1346943,-0.06400041,0.1349052,0.9887894,moving,-13.597592631976314,-1.0483486819817163,-12.487434834285715,0.2260413721658766,-0.5680993000000001,0.27624737,1.941652,-0.2350640835835664,-0.017783454851037238,0.971817122490255,-13.478324422192738,-0.672482803789144,1.6640646362521996,1.6901243581120136,1.3376127504618816
05/10/2023 16:35:10.047623,1511,True,True,True,True,Eyes,1.372637,-0.353856,-2.933372,-0.2962424,0.1148023,0.9481882,0.0,0.0,0.0,0.0,0.0,0.0,0.0,-1.179168,-0.05505112,3.044291,1.371447,-0.3550307,-2.941812,-0.06746696,-0.03213066,-0.001987869,0.9972022,352.2596,356.3076,0.02144645,0.4212571,-0.1086605,-0.9004082,0,0,0,0.8046169,-0.07617837,-0.9998253,-0.4405853,0.01054817,1.994026,0.9979273,0.0003709,0.06434976,0.008300129,0.9908885,-0.1344286,-0.06381329,0.1346841,0.9888316,moving,-13.568092847916079,-0.9528835082760755,-12.459470292783218,0.3030853085073596,-0.5668301000000001,0.27885233,1.9419867000000002,-0.23457014719474886,-0.016166192257303508,0.9719647578668805,-13.44482706903337,-0.5805815696306018,1.6501019954169485,1.6752616626908452,1.3235539762397988
05/10/2023 16:35:10.055640,1512,True,True,True,True,Eyes,1.372623,-0.3538442,-2.93337,-0.2956144,0.1163066,0.9482009,0.0,0.0,0.0,0.0,0.0,0.0,0.0,-1.17859,-0.05322009,3.04451,1.371298,-0.3550363,-2.941842,-0.06724767,-0.03219166,-0.001784888,0.9972153,352.2856,356.2991,0.04450874,0.4212638,-0.1086559,-0.9004056,0,0,0,0.8050603,-0.07452106,-0.9995817,-0.4396774,0.01323465,1.994542,0.997921,0.000769793,0.06444409,0.007889464,0.9909492,-0.1340059,-0.06396398,0.1342357,0.9888829,moving,-13.522531778160817,-0.8334522371494529,-12.431477990811368,0.380176732163585,-0.5662377,0.28051524000000005,1.9422602999999998,-0.23380435301380828,-0.014142811977671844,0.9721808220865542,-13.394577990844448,-0.46567444402645475,1.6082754731621414,1.6319600614124727,1.2818056882093294
05/10/2023 16:35:10.079680,1513,True,True,True,True,Eyes,1.372618,-0.3538319,-2.933368,-0.2949587,0.117771,0.9482244,0.0,0.0,0.0,0.0,0.0,0.0,0.0,-1.177428,-0.05211967,3.044977,1.371299,-0.3549835,-2.941847,-0.06713104,-0.03237366,-0.001596329,0.9972176,352.2997,356.2767,0.06722865,0.4212694,-0.1086514,-0.9004036,0,0,0,0.8052143,-0.07230225,-0.999499,-0.4387389,0.01601174,1.995076,0.9978988,0.001162779,0.06478149,0.007530329,0.9909818,-0.1337851,-0.06435283,0.1339919,0.9888907,moving,-13.461527902186809,-0.7288197243143864,-12.40254745142419,0.459824802921309,-0.5660847,0.28268125,1.942348,-0.23277460441366257,-0.01237055354642673,0.9724521113386856,-13.330229915140317,-0.36516506139726035,1.5691116045524691,1.5919533307307623,1.2414519844580347
05/10/2023 16:35:10.092631,1514,True,True,True,True,Eyes,1.372614,-0.3538181,-2.933364,-0.2943212,0.1191645,0.9482483,0.0,0.0,0.0,0.0,0.0,0.0,0.0,-1.177199,-0.05082628,3.045096,1.371329,-0.3549766,-2.941843,-0.06695035,-0.03241255,-0.001510917,0.9972286,352.3207,356.2716,0.07669661,0.4212744,-0.108647,-0.9004017,0,0,0,0.8059313,-0.07043579,-0.9992266,-0.4378558,0.01862457,1.995578,0.9978943,0.001326603,0.06484775,0.007353523,0.9910308,-0.1334317,-0.06444313,0.1336275,0.9889342,moving,-13.41865494902181,-0.6240935775947158,-12.375335838971502,0.5347214064887045,-0.5653977,0.28454081,1.9426164,-0.23205159053065383,-0.010594951161652592,0.972645768830902,-13.28335186760251,-0.2644281269010744,1.5375050046620558,1.5592841090489014,1.2096003823444874
05/10/2023 16:35:10.102511,1515,True,True,True,True,Eyes,1.372601,-0.3538057,-2.933362,-0.2936301,0.1205682,0.9482851,0.0,0.0,0.0,0.0,0.0,0.0,0.0,-1.17782,-0.04984888,3.044855,1.371354,-0.3549232,-2.941821,-0.06680588,-0.03231236,-0.001455524,0.9972417,352.3375,356.2829,0.08176305,0.4212789,-0.1086426,-0.9004002,0,0,0,0.8072709,-0.06811312,-0.9987825,-0.4368968,0.02146205,1.996123,0.9979076,0.001414292,0.06464092,0.00722033,0.9910697,-0.1331491,-0.06425198,0.1333373,0.9889858,moving,-13.388716064081581,-0.5237105104292885,-12.34579541874544,0.6160128925118815,-0.5640831,0.28681007999999997,1.9430385000000001,-0.23154715942327628,-0.008891944305856624,0.9727830198192882,-13.249170386088176,-0.1677844191759171,1.5239806128535436,1.544879577080412,1.1960035775157647
05/10/2023 16:35:10.123026,1516,True,True,True,True,Eyes,1.372589,-0.3537935,-2.933361,-0.292967,0.1219128,0.9483183,0.0,0.0,0.0,0.0,0.0,0.0,0.0,-1.177898,-0.04994842,3.044822,1.371339,-0.3549367,-2.941824,-0.06686851,-0.03229182,-0.001352869,0.9972383,352.3307,356.2844,0.09367697,0.4212826,-0.1086383,-0.9003989,0,0,0,0.8081558,-0.0653773,-0.998592,-0.4360315,0.02402252,1.996615,0.9979108,0.001620347,0.06458621,0.007016878,0.9910535,-0.1332803,-0.06422435,0.133455,0.9889717,moving,-13.350997219690488,-0.4490621185275687,-12.319147900556747,0.6893279874663701,-0.5631832000000001,0.2895594,1.943232,-0.23090912758337664,-0.00762572544490079,0.9729454327545058,-13.20885572502765,-0.09603369491621347,1.5157923112099256,1.53643908138971,1.1867489140839989
05/10/2023 16:35:10.142610,1517,True,True,True,True,Eyes,1.372553,-0.3537827,-2.933362,-0.2922292,0.1232635,0.9483713,0.0,0.0,0.0,0.0,0.0,0.0,0.0,-1.177834,-0.04969594,3.044909,1.371349,-0.3549298,-2.941881,-0.06684828,-0.03230054,-0.001295383,0.9972395,352.3333,356.283,0.1002966,0.4212857,-0.1086341,-0.900398,0,0,0,0.8089424,-0.06296545,-0.998447,-0.4351869,0.02652174,1.997095,0.99791,0.001734857,0.06459593,0.006902084,0.9910593,-0.1332438,-0.06424956,0.1334111,0.988976,moving,-13.305793714227946,-0.36621962084002757,-12.293146671837238,0.7608523601512195,-0.5624066,0.29196435,1.9434339999999999,-0.23014368163155996,-0.00622011994995561,0.9731367397963453,-13.160892448929362,-0.01643224582028821,1.494980230990603,1.5151717007646957,1.1649695671310452
05/10/2023 16:35:10.152654,1518,True,True,True,True,Eyes,1.372516,-0.3537718,-2.933363,-0.2915186,0.1245622,0.9484203,0.0,0.0,0.0,0.0,0.0,0.0,0.0,-1.178008,-0.04989228,3.044877,1.371353,-0.3549146,-2.94192,-0.06687433,-0.03227238,-0.001304653,0.9972386,352.3302,356.2863,0.09910811,0.4212876,-0.10863,-0.9003976,0,0,0,0.8099643,-0.06006318,-0.9982564,-0.4342656,0.02924839,1.997619,0.9979136,0.001714287,0.06454102,0.006918488,0.9910523,-0.1332951,-0.06419203,0.1334635,0.9889727,moving,-13.266912414130477,-0.2936871181728127,-12.264790160523393,0.8388434271902705,-0.5613887000000001,0.29485142000000003,1.9436636,-0.22948483308293371,-0.0049889887506034125,0.9732994003096037,-13.119569642584084,0.053267836680177816,1.4921247700149696,1.512241530759866,1.1609379705036886
05/10/2023 16:35:10.172695,1519,True,True,True,True,Eyes,1.372463,-0.3537616,-2.933367,-0.2907838,0.1258913,0.9484704,0.0,0.0,0.0,0.0,0.0,0.0,0.0,-1.17813,-0.0500693,3.044796,1.371334,-0.3548985,-2.941899,-0.06690449,-0.03224924,-0.001299206,0.9972373,352.3268,356.2889,0.09967072,0.4212883,-0.1086261,-0.9003977,0,0,0,0.8108937,-0.05729887,-0.9980234,-0.4333908,0.03183728,1.998116,0.9979166,0.001724005,0.06449413,0.006906469,0.9910442,-0.1333555,-0.06414644,0.1335231,0.9889675,moving,-13.225948679278645,-0.2194297891258548,-12.23787626707036,0.9128536215755014,-0.5604403,0.29759963,1.9438755999999997,-0.22879017352970227,-0.003728181263262742,0.9734685894239252,-13.076148229661664,0.12461662926424914,1.4828505021261738,1.502781692035338,1.150659567080796
05/10/2023 16:35:10.192713,1520,True,True,True,True,Eyes,1.372412,-0.3537525,-2.933368,-0.2900816,0.1271781,0.9485138,0.0,0.0,0.0,0.0,0.0,0.0,0.0,-1.177141,-0.05056953,3.045199,1.371315,-0.3548847,-2.941939,-0.06695943,-0.03241056,-0.001347948,0.9972283,352.3203,356.2706,0.095507,0.4212877,-0.1086223,-0.9003985,0,0,0,0.8111587,-0.05427581,-0.9980674,-0.4324754,0.03454539,1.998637,0.9978955,0.001651959,0.06482196,0.007028809,0.9910293,-0.1334603,-0.06446093,0.133635,0.988932,moving,-13.166244796947273,-0.15243983614364126,-12.20971621232376,0.9902288290211437,-0.5601563,0.30060889,1.9438716,-0.2277764961484505,-0.0025906366279509624,0.9737100127721844,-13.015050198265948,0.18881055653601755,1.4700078338682205,1.4901807311703277,1.1361487914822492
05/10/2023 16:35:10.207651,1521,True,True,True,True,Eyes,1.372355,-0.3537442,-2.933371,-0.2893686,0.1284997,0.9485534,0.0,0.0,0.0,0.0,0.0,0.0,0.0,-1.176812,-0.05155355,3.045293,1.37132,-0.3549012,-2.941918,-0.06707553,-0.03247098,-0.001463326,0.9972185,352.3065,356.2645,0.08311105,0.4212858,-0.1086187,-0.9003999,0,0,0,0.8118547,-0.05100825,-0.9979818,-0.4315728,0.03721634,1.99915,0.997887,0.001437504,0.06495761,0.007274527,0.9909975,-0.1336829,-0.064565,0.1338729,0.988893,moving,-13.117981902199855,-0.09221482246002582,-12.181962654341323,1.0664997300701238,-0.5594653,0.30389295,1.9439361999999998,-0.22695668343002545,-0.0015674526291774848,0.9739035471525443,-12.965338156675353,0.2465628501300012,1.4690619016397697,1.4895473965627266,1.1340077886606583
05/10/2023 16:35:10.222539,1522,True,True,True,True,Eyes,1.372301,-0.3537389,-2.933372,-0.2886902,0.1297698,0.9485872,0.0,0.0,0.0,0.0,0.0,0.0,0.0,-1.176261,-0.05216843,3.04551,1.371309,-0.354907,-2.941937,-0.06713052,-0.03256472,-0.00157009,0.9972115,352.2998,356.2544,0.07173657,0.4212826,-0.1086152,-0.9004018,0,0,0,0.8124328,-0.04788616,-0.997929,-0.4306386,0.03998071,1.999681,0.9978742,0.001240749,0.06515862,0.007503596,0.9909821,-0.1337844,-0.06473701,0.1339889,0.9888661,moving,-13.067975404721473,-0.02781012720738557,-12.153246097226667,1.1453930827732,-0.5588761999999999,0.30702083999999996,1.9440079999999997,-0.2261068475561377,-0.00047280816291807304,0.9741023449887527,-12.913723843120808,0.30833536744621903,1.4669082029969847,1.4876610762867588,1.1309252940794359
05/10/2023 16:35:10.242316,1523,True,True,True,True,Eyes,1.372259,-0.3537325,-2.933375,-0.2879978,0.1310755,0.9486182,0.0,0.0,0.0,0.0,0.0,0.0,0.0,-1.175784,-0.05216351,3.045682,1.371351,-0.3549749,-2.941897,-0.06717268,-0.03264619,-0.001491552,0.9972061,352.2953,356.2444,0.08158632,0.4212784,-0.1086121,-0.9004041,0,0,0,0.8129983,-0.04520488,-0.9977974,-0.4297529,0.04260167,2.000184,0.997864,0.001411094,0.06531034,0.007360633,0.9909712,-0.1338726,-0.06490958,0.1340674,0.9888441,moving,-13.017178193114967,0.04576443331239356,-12.126031294510817,1.2201511930545956,-0.5583527,0.30977002,1.9440996,-0.22524310878712434,0.0007782144142435415,0.974302286358072,-12.860860925100468,0.37895087558258855,1.4535210763221946,1.4742208302522333,1.1169568300106896
05/10/2023 16:35:10.253435,1524,True,True,True,True,Eyes,1.372219,-0.3537261,-2.933375,-0.2873248,0.1323248,0.9486488,0.0,0.0,0.0,0.0,0.0,0.0,0.0,-1.175515,-0.05230537,3.045833,1.371368,-0.3549672,-2.941941,-0.06718429,-0.03269375,-0.001511445,0.9972038,352.2939,356.239,0.07970644,0.4212735,-0.108609,-0.9004067,0,0,0,0.8137807,-0.0422436,-0.9976801,-0.4287922,0.04544395,2.000731,0.9978577,0.001378575,0.06540776,0.00740745,0.990968,-0.133894,-0.06500158,0.1340916,0.9888348,moving,-12.972203151790112,0.11658879572216835,-12.096512916673321,1.3011738763691985,-0.5575872999999999,0.3127236,1.9442609,-0.22447786748437754,0.0019829256858722305,0.9744771388528881,-12.81375545568791,0.4469564820187485,1.4523194458944915,1.4731175109849286,1.1154031632476955
05/10/2023 16:35:10.272646,1525,True,True,True,True,Eyes,1.372207,-0.3537176,-2.933377,-0.286631,0.1336074,0.948679,0.0,0.0,0.0,0.0,0.0,0.0,0.0,-1.176103,-0.05201072,3.045561,1.371351,-0.3549602,-2.941898,-0.06712475,-0.03259654,-0.001542376,0.9972109,352.3006,356.2505,0.07515758,0.4212681,-0.1086062,-0.9004096,0,0,0,0.8150008,-0.03984401,-0.9972941,-0.4279317,0.04799056,2.00122,0.9978701,0.001299921,0.0652183,0.007452216,0.9909838,-0.1337745,-0.06480417,0.1339756,0.9888635,moving,-12.942721535531298,0.19739663059716175,-12.070086995782278,1.3737268481605007,-0.5563502,0.31511619,1.9446039000000002,-0.22397561652688297,0.003357687982286542,0.9745890219315919,-12.781053240601276,0.5247134352356241,1.4443334968345876,1.4646650882422223,1.1073828500561016
05/10/2023 16:35:10.292721,1526,True,True,True,True,Eyes,1.372196,-0.3537085,-2.933376,-0.2859616,0.1348481,0.9487054,0.0,0.0,0.0,0.0,0.0,0.0,0.0,-1.175976,-0.05121958,3.045692,1.371375,-0.3549528,-2.941959,-0.06708396,-0.03260976,-0.00132107,0.9972135,352.3061,356.2473,0.1006239,0.4212629,-0.1086034,-0.9004123,0,0,0,0.8157716,-0.03751561,-0.9971239,-0.4270348,0.05064449,2.001729,0.9978697,0.001740407,0.06521504,0.007009961,0.990996,-0.1337079,-0.06486055,0.1338802,0.9888727,moving,-12.90001909506685,0.28096369455622244,-12.04255543131451,1.4492954002902794,-0.5556034,0.31743719000000004,1.9448351000000001,-0.22324788851451657,0.004779960269090416,0.9747499756301441,-12.735462106841531,0.6050330203291611,1.4292465874329494,1.4492214838591924,1.0921989870016915
05/10/2023 16:35:10.307664,1527,True,True,True,True,Eyes,1.372204,-0.3536964,-2.933376,-0.2852695,0.1361192,0.9487323,0.0,0.0,0.0,0.0,0.0,0.0,0.0,-1.176172,-0.05210125,3.045553,1.371386,-0.3549325,-2.941906,-0.06718133,-0.03258526,-0.001433407,0.9972076,352.2945,356.251,0.08785038,0.421258,-0.1086006,-0.9004149,0,0,0,0.8168233,-0.03424186,-0.9969005,-0.4261183,0.05335653,2.002251,0.9978723,0.001519433,0.06518113,0.007237051,0.9909692,-0.133894,-0.06479594,0.1340809,0.9888498,moving,-12.862964828323145,0.3406269012713577,-12.014419916296166,1.5264722750176183,-0.5545627,0.32069063999999997,1.9450055,-0.22261626987666294,0.005795842632972059,0.9748889710610921,-12.696583001861397,0.6623279812894606,1.437941513265142,1.4581693036689127,1.1009504238115413
05/10/2023 16:35:10.322460,1528,True,True,True,True,Eyes,1.37221,-0.3536859,-2.933375,-0.2846023,0.1373307,0.948758,0.0,0.0,0.0,0.0,0.0,0.0,0.0,-1.177013,-0.05288368,3.045222,1.371382,-0.3548892,-2.941921,-0.06718827,-0.03246037,-0.001714681,0.9972107,352.2927,356.2675,0.05447132,0.4212538,-0.1085977,-0.9004173,0,0,0,0.8182889,-0.03121933,-0.9965914,-0.4252314,0.05598074,2.002755,0.9978868,0.0009421153,0.06497006,0.007781708,0.9909656,-0.1338904,-0.06450924,0.134113,0.9888641,moving,-12.840388277663141,0.4022938694984982,-11.987208087834214,1.6011070702889045,-0.5530931000000001,0.32366987,1.9453295999999998,-0.22223061857750673,0.006845721058213475,0.9749700616745273,-12.67155154178144,0.7216661351456042,1.451171982971519,1.4714175229029538,1.1143349233359523
05/10/2023 16:35:10.342423,1529,True,True,True,True,Eyes,1.372378,-0.3536509,-2.933368,-0.2830243,0.1402303,0.9488059,0.0,0.0,0.0,0.0,0.0,0.0,0.0,-1.177145,-0.05216503,3.045173,1.37134,-0.3549163,-2.941926,-0.0670841,-0.03243096,-0.001691225,0.9972187,352.3047,356.2708,0.05655377,0.4212502,-0.1085948,-0.9004193,0,0,0,0.819244,-0.02894887,-0.996285,-0.4243247,0.05866355,2.00327,0.9978907,0.0009781598,0.06490842,0.007724245,0.9909937,-0.1336853,-0.0644546,0.1339047,0.988896,moving,-12.751065691967572,0.5839152601922957,-11.959398700773749,1.6773642757220373,-0.552096,0.32596743,1.9456410000000002,-0.22070466467060476,0.009939762304951347,0.975289997601404,-12.5758246969464,0.8962559545286973,1.3321086761251766,1.3499508785540466,0.9950433247828577
05/10/2023 16:35:10.352984,1530,True,True,True,True,Eyes,1.37254,-0.3536215,-2.933362,-0.2815112,0.1430082,0.9488415,0.0,0.0,0.0,0.0,0.0,0.0,0.0,-1.176857,-0.05223036,3.045261,1.371323,-0.3549086,-2.941913,-0.06712835,-0.03247123,-0.001607387,0.9972146,352.3,356.2655,0.06670133,0.4212514,-0.1085909,-0.9004192,0,0,0,0.819967,-0.02600539,-0.9961219,-0.4233791,0.06146154,2.003808,0.9978861,0.00115366,0.06497737,0.007565299,0.9909824,-0.1337783,-0.06454577,0.1339871,0.9888788,moving,-12.657083777724981,0.7431230280988993,-11.930400118244851,1.756846532091521,-0.5513560000000001,0.32890321,1.9457911,-0.21909790415678693,0.01265445712534441,0.9756208619253159,-12.476796213154463,1.049181239129161,1.231081733630555,1.247278831497798,0.8940575257755938
05/10/2023 16:35:10.373157,1531,True,True,True,True,Eyes,1.372727,-0.3535887,-2.933353,-0.2800122,0.1457985,0.9488603,0.0,0.0,0.0,0.0,0.0,0.0,0.0,-1.176542,-0.05165705,3.045406,1.371338,-0.3550144,-2.941906,-0.06709114,-0.03252069,-0.00150855,0.9972156,352.3046,356.2591,0.07834132,0.4212566,-0.1085863,-0.9004173,0,0,0,0.8206012,-0.02374285,-0.995939,-0.4225106,0.06403127,2.004301,0.9978803,0.001355,0.06506269,0.007372399,0.990993,-0.1337105,-0.06465785,0.1339068,0.9888824,moving,-12.562941706220535,0.9127380299570552,-11.903780746813228,1.8298021028504163,-0.5507367999999999,0.33127155,1.945967,-0.21748567952629042,0.015548310349470101,0.9759396154032506,-12.377061222835234,1.2121483539793763,1.1151273761639067,1.129380221271172,0.7781327409112581
05/10/2023 16:35:10.392601,1532,True,True,True,True,Eyes,1.372907,-0.3535589,-2.933346,-0.2785777,0.1484712,0.9488682,0.0,0.0,0.0,0.0,0.0,0.0,0.0,-1.176193,-0.05129927,3.04553,1.371328,-0.3549826,-2.941897,-0.06702876,-0.03257622,-0.001500201,0.997218,352.3118,356.2526,0.07949817,0.4212661,-0.1085809,-0.9004135,0,0,0,0.8212375,-0.0213066,-0.9957448,-0.4216264,0.06664762,2.004804,0.9978731,0.001375032,0.0651723,0.007359142,0.9910098,-0.1335868,-0.06477007,0.1337823,0.9888919,moving,-12.472875041029994,1.0756741432990597,-11.876682006699937,1.9040372726263886,-0.5500905000000001,0.333676,1.9461522,-0.21594111567998692,0.018330031767008675,0.9762343661397468,-12.28160854223835,1.3687011401545683,1.0080685651794474,1.0206035509504388,0.6712304178991206
05/10/2023 16:35:10.412638,1533,True,True,True,True,Eyes,1.373091,-0.3535278,-2.933338,-0.2771736,0.1510942,0.9488653,0.0,0.0,0.0,0.0,0.0,0.0,0.0,-1.175699,-0.05077565,3.045763,1.371364,-0.3550244,-2.94191,-0.06699041,-0.03265808,-0.001395504,0.9972181,352.3166,356.2424,0.0920593,0.4212794,-0.1085749,-0.900408,0,0,0,0.8218737,-0.01864913,-0.9955882,-0.4206442,0.06955418,2.005362,0.997863,0.001592312,0.06532142,0.0071588,0.9910207,-0.1335169,-0.06494749,0.1336992,0.9888914,moving,-12.38074154342868,1.2356761305371171,-11.846593713374977,1.9864563514077016,-0.5494903,0.33637527,1.9463218,-0.21435946552125246,0.021063664800474766,0.9765277061718763,-12.184319468094303,1.5224068378509095,0.9102766424363058,0.921403735830045,0.5739343485391284
05/10/2023 16:35:10.425926,1534,True,True,True,True,Eyes,1.373268,-0.353497,-2.933329,-0.2758194,0.1536197,0.9488544,0.0,0.0,0.0,0.0,0.0,0.0,0.0,-1.175505,-0.05094683,3.04584,1.371391,-0.3549851,-2.941907,-0.06699719,-0.03269606,-0.001429088,0.9972164,352.3157,356.2383,0.08850703,0.4212961,-0.1085683,-0.900401,0,0,0,0.822575,-0.0160709,-0.9954417,-0.4198197,0.0719941,2.005831,0.9978579,0.001530867,0.06540157,0.007231307,0.9910187,-0.1335279,-0.06501859,0.1337148,0.9888847,moving,-12.297975944413508,1.3809398060219609,-11.821340756217884,2.055600946282155,-0.5488160000000001,0.3389142,1.9464653,-0.21293681666000244,0.0235469120729567,0.9767822076012352,-12.096841311138665,1.6619608635996617,0.8162452639332423,0.8260440404745157,0.4804717166035251
05/10/2023 16:35:10.442707,1535,True,True,True,True,Eyes,1.373425,-0.3534676,-2.93332,-0.2744702,0.1561279,0.9488362,0.0,0.0,0.0,0.0,0.0,0.0,0.0,-1.175766,-0.05176517,3.045712,1.371415,-0.3549632,-2.941885,-0.06707907,-0.0326632,-0.001551454,0.9972118,352.3058,356.243,0.07445464,0.4213158,-0.1085613,-0.9003926,0,0,0,0.8237187,-0.01273587,-0.995224,-0.4188659,0.07481623,2.006373,0.9978614,0.001287779,0.0653524,0.00747629,0.990996,-0.1336827,-0.06493612,0.1338854,0.988867,moving,-12.224580547562722,1.5142702516161586,-11.792139631934441,2.135529645877741,-0.5476963,0.34222733,1.9466610000000002,-0.21167346124029446,0.025827124598855722,0.9769991052802447,-12.01902747135858,1.7900701553724891,0.7480602654216878,0.7569467487661823,0.41330418732297164
05/10/2023 16:35:10.452366,1536,True,True,True,True,Eyes,1.373578,-0.3534407,-2.933311,-0.2731686,0.1585376,0.9488123,0.0,0.0,0.0,0.0,0.0,0.0,0.0,-1.176174,-0.05292702,3.045517,1.371427,-0.354949,-2.941863,-0.06721038,-0.03260507,-0.001696368,0.9972046,352.2902,356.2507,0.0577922,0.4213376,-0.1085538,-0.9003833,0,0,0,0.82485,-0.009530574,-0.995042,-0.4180249,0.07730475,2.006851,0.9978681,0.0009995465,0.06525588,0.007766051,0.9909598,-0.1339344,-0.06479982,0.1341556,0.9888393,moving,-12.157175669595764,1.6356740717318123,-11.766399311523296,2.2059670227592836,-0.546577,0.345418426,1.9468210000000001,-0.21051218953952494,0.02790438472470108,0.9771929178209499,-11.947620182746581,1.9067155127897555,0.683275528192844,0.6913322009135722,0.3498463525406105
05/10/2023 16:35:10.472453,1537,True,True,True,True,Eyes,1.373733,-0.3534138,-2.933301,-0.2718826,0.1609187,0.9487808,0.0,0.0,0.0,0.0,0.0,0.0,0.0,-1.176493,-0.05318823,3.045384,1.371457,-0.3549837,-2.94184,-0.06722546,-0.0325621,-0.001780672,0.9972048,352.2881,356.2563,0.04779375,0.4213612,-0.1085461,-0.9003732,0,0,0,0.8259853,-0.006672591,-0.9947758,-0.4171113,0.08000839,2.007371,0.9978731,0.0008266132,0.06518158,0.007929393,0.9909551,-0.1339591,-0.06470274,0.134191,0.9888409,moving,-12.088591892834343,1.770374654107964,-11.73844118718323,2.282447001795427,-0.5454716999999999,0.348311109,1.9470642,-0.2093282880303581,0.03020950748470673,0.9773786554498217,-11.874371200887508,2.0361834036158273,0.613263735126474,0.6203415236255925,0.28128762577477195
05/10/2023 16:35:10.492631,1538,True,True,True,True,Eyes,1.373881,-0.3533863,-2.933292,-0.2706399,0.163202,0.9487461,2.039102,0.8220184,-0.02060086,-0.998702,-0.2643697,-0.9282458,-0.2616646,-0.4214745,0.06647947,2.001857,1.37144,-0.3549781,-2.941849,-0.06725825,-0.03253181,-0.001868826,0.9972034,352.2841,356.2605,0.03751694,0.4213866,-0.1085382,-0.9003623,0,0,0,0.8270233,-0.003709316,-0.9945686,-0.4162001,0.08270466,2.007889,0.9978764,0.0006488652,0.06513306,0.008103264,0.9909457,-0.1340187,-0.06463028,0.1342619,0.988836,moving,-12.021209730197155,1.8972247849872645,-11.710568883498798,2.3586716346961665,-0.5444167,0.351268784,1.9472804,-0.20816454523106442,0.03238152571531608,0.9775576553034161,-11.802696858341438,2.1580846549247124,0.5499717190324706,0.5562651622596386,0.22073219113314635
05/10/2023 16:35:10.511464,1539,True,True,True,True,Eyes,1.374019,-0.353361,-2.933283,-0.2694158,0.1654621,0.948703,2.0434,0.8234953,-0.01525572,-0.9947038,-0.3117167,-0.9497102,-0.02971943,-0.4199913,0.07130051,2.006356,1.371393,-0.3549359,-2.941847,-0.06721295,-0.03246689,-0.001967165,0.9972085,352.2889,356.2687,0.02550051,0.4214133,-0.1085301,-0.9003507,0,0,0,0.8281765,-0.0009931624,-0.9942575,-0.4152846,0.08541313,2.008409,0.997884,0.0004410437,0.06501695,0.008287737,0.9909571,-0.1339229,-0.06448808,0.1341784,0.9888567,moving,-11.959231837219221,2.03147113942529,-11.682576385027597,2.435193592998091,-0.5432165000000001,0.3539427376,1.9475895,-0.20709099782144738,0.03467996883722552,0.977706796753411,-11.735838876045335,2.287164199077551,0.4840936628018432,0.4894180817523959,0.15732003818298884
05/10/2023 16:35:10.522329,1540,True,True,True,True,Eyes,1.374151,-0.3533373,-2.933275,-0.2682404,0.1676308,0.9486553,2.037393,0.8276402,-0.01180744,-1.000491,-0.09087866,-0.898089,-0.4303222,-0.4161702,0.07558566,2.000821,1.371348,-0.3549648,-2.941836,-0.06721401,-0.03246723,-0.001933504,0.9972084,352.2889,356.2685,0.02938881,0.4214409,-0.1085218,-0.9003388,0,0,0,0.8290029,0.001660168,-0.9940377,-0.4143839,0.08807844,2.008921,0.9978843,0.0005082926,0.0650131,0.008220718,0.9909571,-0.1339272,-0.06449327,0.1341783,0.9888563,moving,-11.891129318416533,2.1586277831378036,-11.65504274694109,2.5104486517022755,-0.5423451,0.35662496800000004,1.9477982999999999,-0.2059126565158421,0.03685907394783726,0.977875892980897,-11.663453976171365,2.4093557862255977,0.41909835115218447,0.4236918606587681,0.10144218169701354
05/10/2023 16:35:10.544845,1541,True,True,True,True,Eyes,1.374286,-0.353317,-2.933268,-0.2673786,0.1697234,0.9485266,2.035554,0.8300226,-0.007835776,-1.002491,0.01212809,-0.8167844,-0.5768155,-0.4138454,0.0798474,1.999237,1.37132,-0.3549872,-2.94184,-0.06724188,-0.03246471,-0.001800227,0.9972069,352.2862,356.2677,0.0448432,0.4214692,-0.1085134,-0.9003266,0,0,0,0.829841,0.004416376,-0.993838,-0.4134547,0.09082773,2.009449,0.9978856,0.0007755788,0.06499016,0.007956374,0.9909506,-0.1339913,-0.06450596,0.134225,0.9888492,moving,-11.840771904214694,2.281647655421012,-11.626648004779238,2.5880258000525385,-0.541479,0.359403576,1.948002,-0.20503673655165325,0.038965911731928676,0.9779783502410611,-11.608391683179299,2.527689639721101,0.369973900988806,0.37378685345702306,0.06303765162108524
05/10/2023 16:35:10.552783,1542,True,True,True,True,Eyes,1.374418,-0.3532957,-2.93326,-0.2665485,0.1717292,0.9483992,2.034413,0.832148,-0.003927469,-1.003824,0.092544,-0.7294819,-0.6777107,-0.4118294,0.08406976,1.998369,1.371352,-0.3550662,-2.941893,-0.06726486,-0.03244637,-0.001618203,0.9972062,352.2842,356.2684,0.06577732,0.4214983,-0.1085052,-0.9003139,0,0,0,0.8307613,0.007004172,-0.9936686,-0.4125413,0.09353054,2.009969,0.9978893,0.001137636,0.06492914,0.007592366,0.9909456,-0.1340488,-0.06449374,0.1342589,0.9888454,moving,-11.793428810415458,2.401497162110136,-11.598739491287333,2.664241212739167,-0.5405906999999999,0.362070372,1.9482244,-0.20421177761830317,0.04101875558857836,0.9780670095231037,-11.556402860697652,2.6429868807378436,0.3239452899519933,0.32701432250518275,0.04737232228326529
05/10/2023 16:35:10.577360,1543,True,True,True,True,Eyes,1.37454,-0.3532749,-2.933254,-0.2660182,0.1736279,0.9482023,2.03386,0.833496,-0.0001400113,-1.004744,0.1164188,-0.6416695,-0.7580943,-0.410694,0.08805549,1.997798,1.3714,-0.3550159,-2.94184,-0.06726647,-0.03240331,-0.001464191,0.9972077,352.2846,356.2722,0.08320804,0.4215278,-0.1084969,-0.9003011,0,0,0,0.8317486,0.009490728,-0.9933653,-0.4116863,0.09606093,2.010455,0.9978958,0.001439107,0.06482264,0.007279519,0.9909461,-0.1340624,-0.06442868,0.1342522,0.9888505,moving,-11.76700009261974,2.5173816757050784,-11.572627606918259,2.7355514776893,-0.5396514,0.364506628,1.9484747,-0.2037435927266364,0.043001157424641584,0.9780794349120749,-11.524782147468843,2.7546161367222117,0.2900608894116621,0.29219638207138604,0.051503875717919374
05/10/2023 16:35:10.593302,1544,True,True,True,True,Eyes,1.374654,-0.3532552,-2.933251,-0.2654999,0.1754434,0.9480134,2.032284,0.8350829,0.00329569,-1.006618,0.2222202,-0.4128804,-0.8832598,-0.4095295,0.09180537,1.996282,1.371419,-0.3550009,-2.941884,-0.067259,-0.03232293,-0.001391308,0.997211,352.2857,356.2809,0.09095866,0.4215576,-0.1084887,-0.9002882,0,0,0,0.8329337,0.01211956,-0.9931066,-0.4107867,0.09872279,2.010966,0.9979066,0.001573161,0.06465271,0.007122871,0.9909486,-0.1340529,-0.0642784,0.1342327,0.9888629,moving,-11.746480235021945,2.62726524781416,-11.54516396058375,2.8105207681217292,-0.5384853,0.36712046,1.9487774,-0.20337647031495068,0.04488036758220158,0.9780714462712058,-11.499174900851967,2.860499160449608,0.2708426163773483,0.27223304001695436,0.06791784238838028
05/10/2023 16:35:10.610877,1545,True,True,True,True,Eyes,1.374768,-0.3532367,-2.933248,-0.2651717,0.1771676,0.9477846,2.033724,0.8354815,0.007073402,-1.005716,0.08670492,-0.4966183,-0.8636276,-0.4094222,0.09578663,1.997594,1.371344,-0.3550078,-2.941932,-0.06717207,-0.03221419,-0.001388231,0.9972203,352.2957,356.2935,0.09014024,0.4215873,-0.1084806,-0.9002752,0,0,0,0.8341811,0.01452199,-0.9927626,-0.4098737,0.1014245,2.011485,0.9979206,0.001559042,0.06443578,0.007096531,0.990972,-0.1338812,-0.06406277,0.1340601,0.9889004,moving,-11.741458023985336,2.739413278644902,-11.517297836203515,2.886563111242956,-0.5371628999999999,0.36952978999999997,1.9491694,-0.20327285719979554,0.04679574036406729,0.9780032419053734,-11.488384500350483,2.9686846691147633,0.2674926818939812,0.26814336281179285,0.08706280065241877
05/10/2023 16:35:10.626594,1546,True,True,True,True,Eyes,1.374875,-0.3532188,-2.933246,-0.2648627,0.1788274,0.9475592,2.033993,0.8361458,0.01051486,-1.005917,0.06329945,-0.4447438,-0.8934183,-0.4089035,0.0992671,1.997798,1.37131,-0.355022,-2.941953,-0.06716164,-0.03217299,-0.001406014,0.9972223,352.2968,356.2983,0.08773029,0.421617,-0.1084725,-0.9002623,0,0,0,0.835197,0.01718062,-0.9925268,-0.4089784,0.1040735,2.011994,0.9979258,0.001517364,0.0643561,0.007125798,0.9909747,-0.1338597,-0.06397837,0.1340406,0.9889084,moving,-11.729994188632897,2.838317964604465,-11.489980199730809,2.961073732717584,-0.5361130000000001,0.37220262,1.9494261999999998,-0.2030607710594827,0.048486087456257126,0.9779649016844129,-11.472088125594432,3.0640415288413427,0.26929498295684545,0.2695842975281268,0.1045107332070998
05/10/2023 16:35:10.642383,1547,True,True,True,True,Eyes,1.374951,-0.3532025,-2.933245,-0.2646599,0.1804569,0.9473069,2.034427,0.8365194,0.01392382,-1.006018,0.0535207,-0.4232518,-0.9044298,-0.4081234,0.1023895,1.998225,1.371258,-0.3550231,-2.941963,-0.06723192,-0.03226084,-0.001392692,0.9972148,352.2888,356.2881,0.09021389,0.4216465,-0.1084646,-0.9002494,0,0,0,0.8357174,0.02026558,-0.992467,-0.4080393,0.1068524,2.012528,0.9979146,0.00156029,0.06452925,0.007115543,0.9909559,-0.1339995,-0.06415471,0.1341792,0.9888783,moving,-11.709597249815468,2.926968540788279,-11.461334741266132,3.0391868233710473,-0.5355406,0.37528868,1.949496,-0.20269742893694526,0.05000302338601109,0.9779638889896904,-11.447725842027102,3.14943551638854,0.27228332340075606,0.27244672157512806,0.11108544661909311
05/10/2023 16:35:10.653086,1548,True,True,True,True,Eyes,1.375024,-0.3531887,-2.933246,-0.2644723,0.1820221,0.9470598,2.034741,0.8368917,0.01717919,-1.006225,0.05115471,-0.3943039,-0.9175552,-0.4073369,0.1053127,1.998528,1.371245,-0.3549996,-2.941962,-0.06729482,-0.0323705,-0.001449568,0.9972069,352.2814,356.2758,0.08474601,0.421675,-0.1084569,-0.900237,0,0,0,0.8361232,0.02310276,-0.9924405,-0.4072026,0.1093282,2.013004,0.9979001,0.001465696,0.06475527,0.007247772,0.9909385,-0.1341199,-0.06436507,0.1343076,0.9888471,moving,-11.688528002250278,3.0107088317758666,-11.435819453299132,3.108735174126709,-0.5351218000000001,0.37810236,1.9495215000000004,-0.20232304249211316,0.05143637259257784,0.9779670716251093,-11.42297608128867,3.230085962478979,0.2709946372134471,0.2710549289492414,0.12202854599771558
05/10/2023 16:35:10.672697,1549,True,True,True,True,Eyes,1.375077,-0.3531764,-2.933247,-0.2643308,0.1835296,0.9468083,2.035192,0.8371136,0.02034158,-1.00631,0.03037356,-0.3723382,-0.9276,-0.4067297,0.1084169,1.998999,1.371266,-0.3550456,-2.942014,-0.06731094,-0.03247344,-0.001461372,0.9972025,352.2795,356.264,0.08424756,0.4217024,-0.1084494,-0.900225,0,0,0,0.836658,0.02592468,-0.9924013,-0.4062726,0.1120801,2.013532,0.9978867,0.001457068,0.06496191,0.007286202,0.9909341,-0.1341503,-0.06456845,0.1343402,0.9888294,moving,-11.670425099375562,3.0977223310271986,-11.407473683853679,3.1859918856500165,-0.5346080000000001,0.38097028,1.9496126999999999,-0.20199829629091526,0.052925144709642616,0.9779547332094266,-11.400911694895102,3.3139175198386477,0.27736587953763264,0.2773715219669685,0.12809382335482059
05/10/2023 16:35:10.692290,1550,True,True,True,True,Eyes,1.375129,-0.3531656,-2.933248,-0.2641974,0.1849787,0.9465636,2.034828,0.8375325,0.02323416,-1.007154,0.05820972,-0.1791098,-0.9821056,-0.4062682,0.1113904,1.998517,1.371265,-0.3550456,-2.941983,-0.06730042,-0.03250432,-0.001517816,0.9972021,352.2805,356.2609,0.0779394,0.4217286,-0.1084422,-0.9002137,0,0,0,0.8374552,0.02866727,-0.9921899,-0.4053648,0.1147667,2.014048,0.9978823,0.001347971,0.06503105,0.007402247,0.9909367,-0.1341255,-0.06462245,0.1343229,0.9888282,moving,-11.661644930723373,3.1833293351944536,-11.379810111645996,3.2613642616326333,-0.5338098,0.38371287000000004,1.9497931,-0.20183255825156432,0.054388173674340484,0.9779087787004517,-11.38790739170504,3.396462345209185,0.2924569049710473,0.29243856617859015,0.13534052656322687
05/10/2023 16:35:10.709476,1551,True,True,True,True,Eyes,1.375158,-0.3531574,-2.933249,-0.2640753,0.1863774,0.9463233,2.036394,0.8373964,0.02638048,-1.006162,-0.05129905,-0.334042,-0.9411612,-0.4061825,0.1142806,1.999973,1.371273,-0.3550691,-2.941984,-0.06732093,-0.03254891,-0.001552363,0.9971991,352.278,356.256,0.07438071,0.4217533,-0.1084353,-0.9002029,0,0,0,0.8381653,0.03138766,-0.9920545,-0.4044899,0.1173554,2.014546,0.9978763,0.001286416,0.06512451,0.007478476,0.9909309,-0.1341637,-0.06470648,0.1343658,0.9888169,moving,-11.65159702865434,3.2629956218265774,-11.353153587236202,3.3339415301773045,-0.5331077,0.38645676,1.9499295,-0.20164589635634148,0.055750033113333514,0.9778706221756792,-11.373996395856498,3.4732647503285285,0.3067683843082396,0.3067601826137341,0.14087363963669255
05/10/2023 16:35:10.725388,1552,True,True,True,True,Eyes,1.375185,-0.3531504,-2.933254,-0.2639537,0.1877107,0.9460936,2.037066,0.837494,0.02922884,-1.005999,-0.1070454,-0.297206,-0.9487939,-0.406116,0.1175232,2.000487,1.371279,-0.3550907,-2.94199,-0.06721518,-0.0325397,-0.001553282,0.9972066,352.2902,356.2571,0.07380155,0.4217763,-0.1084288,-0.9001929,0,0,0,0.8391006,0.03368962,-0.9917582,-0.4035799,0.1200481,2.015063,0.9978775,0.001276436,0.06510641,0.007472209,0.9909594,-0.1339538,-0.06468879,0.1341559,0.9888465,moving,-11.647439175699974,3.354257164657385,-11.325441692899727,3.4093868393671993,-0.5321783999999999,0.38878031999999996,1.9502318,-0.20155710508351463,0.057308593717095915,0.977798763077384,-11.365147190905697,3.5613012153912815,0.32661558337452073,0.3266828124699944,0.15701752836765823
05/10/2023 16:35:10.742637,1553,True,True,True,True,Eyes,1.375245,-0.3531385,-2.933261,-0.2640247,0.1888932,0.9458385,2.038082,0.8371409,0.03184131,-1.005565,-0.2034487,-0.2745975,-0.9397898,-0.4066301,0.1205444,2.001287,1.37127,-0.3551104,-2.942057,-0.06710681,-0.03248188,-0.001502893,0.9972159,352.3028,356.2635,0.07875184,0.4217977,-0.1084227,-0.9001837,0,0,0,0.8401935,0.03596139,-0.9914644,-0.402662,0.122764,2.015585,0.9978853,0.001362094,0.0649846,0.007356926,0.9909889,-0.1337423,-0.06458118,0.1339376,0.9888832,moving,-11.65939132235976,3.4388593275559547,-11.297495394270292,3.4854300505743585,-0.5310765,0.39107179,1.9505926000000002,-0.20174416008866816,0.05875003073767611,0.9776747307039388,-11.37217847542804,3.64303324206657,0.3647034657049118,0.36488011046122215,0.17440277686936448
05/10/2023 16:35:10.752561,1554,True,True,True,True,Eyes,1.375303,-0.3531275,-2.933266,-0.2640904,0.1900274,0.9455929,2.039361,0.8367274,0.03440702,-1.004861,-0.3053948,-0.2896173,-0.9071141,-0.4072328,0.1228769,2.002346,1.371258,-0.3550804,-2.942102,-0.06711712,-0.03242347,-0.001544759,0.997217,352.3015,356.2705,0.07350951,0.4218184,-0.1084168,-0.9001747,0,0,0,0.8413091,0.03875205,-0.9912522,-0.4017724,0.1253965,2.01609,0.9978927,0.001271419,0.06487381,0.007433259,0.9909858,-0.1337605,-0.0644591,0.1339608,0.9888881,moving,-11.672128191247989,3.5045561070874096,-11.270424265466698,3.55909052885451,-0.5299489000000001,0.39383245,1.9508498000000003,-0.2019480422851751,0.05986844773597341,0.9775647507128108,-11.380969095523547,3.706527400198593,0.4051966555240292,0.4053887605072112,0.184276396980268
05/10/2023 16:35:10.772402,1555,True,True,True,True,Eyes,1.375303,-0.3531275,-2.933266,-0.2640904,0.1900274,0.9455929,2.041391,0.8361912,0.03479278,-1.002942,-0.4096633,-0.4430449,-0.7974254,-0.4077837,0.1230525,2.004277,1.371277,-0.3550926,-2.942072,-0.06712118,-0.03238631,-0.001489478,0.997218,352.3012,356.2744,0.07961085,0.4218384,-0.108411,-0.900166,0,0,0,0.8423399,0.04144254,-0.9909731,-0.4008633,0.1280862,2.016607,0.9978979,0.001376947,0.06479237,0.007318282,0.9909851,-0.1337724,-0.06439247,0.1339654,0.9888918,moving,-11.675560482778122,3.5057091790391866,-11.242763427225304,3.634299424145184,-0.5289371,0.39653514,1.9510988999999999,-0.20200637284119202,0.0598873855471551,0.9775515388137862,-11.384216041319918,3.7076660931893293,0.45152936796121407,0.45149611563291403,0.1593471372847127
05/10/2023 16:35:10.792874,1556,True,True,True,True,Eyes,1.375303,-0.3531275,-2.933266,-0.2640904,0.1900274,0.9455929,2.041391,0.8361912,0.03479278,-1.002942,-0.4096633,-0.4430449,-0.7974254,-0.4076155,0.1230311,2.004357,1.371287,-0.3550723,-2.942119,-0.06714395,-0.03241676,-0.001386029,0.9972157,352.299,356.2701,0.09186229,0.4218564,-0.1084058,-0.9001582,0,0,0,0.8430686,0.04419178,-0.990856,-0.3999541,0.1307769,2.017124,0.9978945,0.001588838,0.06483912,0.007117518,0.9909796,-0.1338241,-0.06446686,0.1340038,0.9888816,moving,-11.67055994220855,3.505826820639266,-11.215108729271051,3.709485523256018,-0.5282184,0.39926408,1.951263,-0.2019210179622219,0.059890469008420114,0.9775689842054023,-11.379390165245292,3.707741779509501,0.49879938363740584,0.4989114896630237,0.1642906900831938
05/10/2023 16:35:10.805065,1557,True,True,True,True,Eyes,1.375393,-0.3531135,-2.933271,-0.2640303,0.1913309,0.9453467,2.046752,0.834989,0.03849339,-0.9983807,-0.6120779,-0.6006407,-0.5143844,-0.4087412,0.1254504,2.00938,1.371313,-0.3550344,-2.942065,-0.06728428,-0.03237182,-0.001428255,0.9972076,352.2827,356.2755,0.08717418,0.4218726,-0.1084011,-0.9001511,0,0,0,0.8441725,0.04750553,-0.9906627,-0.3990635,0.1334121,2.017631,0.9979001,0.001507695,0.06475504,0.00720476,0.9909416,-0.1341003,-0.06437063,0.1342852,0.9888498,moving,-11.674257045741196,3.566453965629791,-11.188025273656155,3.7830698127882565,-0.5271405,0.40253993000000005,1.9514022999999998,-0.2019714190620969,0.06092419088344325,0.9774945957196031,-11.379737017257673,3.766275307541621,0.532200191595423,0.5323004428188458,0.19244596135334563
05/10/2023 16:35:10.822473,1558,True,True,True,True,Eyes,1.375481,-0.3530993,-2.933278,-0.2639839,0.1925709,0.9451079,2.04908,0.8345566,0.04149386,-0.9966762,-0.7144426,-0.5546008,-0.4266025,-0.409241,0.1287386,2.011412,1.371317,-0.3551202,-2.942034,-0.06716961,-0.03232857,-0.001432321,0.9972168,352.2958,356.2806,0.08593594,0.4218895,-0.1083964,-0.9001439,0,0,0,0.8452736,0.04981318,-0.9902769,-0.3981202,0.1362033,2.018167,0.9979057,0.001486326,0.0646696,0.007199664,0.9909724,-0.1338727,-0.06428477,0.1340579,0.9888862,moving,-11.678488194614996,3.6534564208632756,-11.159353909075485,3.8609581777549535,-0.5260433999999999,0.40493338,1.9517571,-0.20202506057712727,0.062407723578763216,0.9773899654513314,-11.379199283865063,3.8502652065703096,0.5590619329516834,0.55906831920236,0.22010526674554107
05/10/2023 16:35:10.842281,1559,True,True,True,True,Eyes,1.375567,-0.3530798,-2.933285,-0.263872,0.1938556,0.9448765,2.048937,0.83491,0.0441182,-0.997293,-0.7103091,-0.5204734,-0.4738866,-0.4083425,0.1319564,2.011284,1.371329,-0.3551024,-2.942106,-0.06707298,-0.03245135,-0.001242558,0.9972195,352.3077,356.265,0.1084058,0.4219068,-0.1083915,-0.9001364,0,0,0,0.8455611,0.05192265,-0.990187,-0.3972381,0.1388133,2.018668,0.9978907,0.00187501,0.06488892,0.006831424,0.9909993,-0.1336923,-0.06455556,0.1338536,0.9888963,moving,-11.657095555103371,3.7456446753924766,-11.132552570219532,3.933740223408753,-0.5257679000000001,0.40702505,1.9519189999999997,-0.201639933397316,0.0639854371600445,0.9773674986301594,-11.353689634039254,3.9390655402316694,0.557289508531084,0.557247950354589,0.2212011753903493
05/10/2023 16:35:10.853091,1560,True,True,True,True,Eyes,1.375653,-0.3530613,-2.933291,-0.2637603,0.1951076,0.94465,0.0,0.0,0.0,0.0,0.0,0.0,0.0,-1.176744,-0.05260319,3.045521,1.371382,-0.3549951,-2.942105,-0.06727045,-0.0324885,-0.001439765,0.9972047,352.2843,356.2621,0.08670286,0.4219245,-0.1083863,-0.9001287,0,0,0,0.8464539,0.05566636,-0.99019,-0.3963486,0.1414455,2.019174,0.9978849,0.001499549,0.06498906,0.007242512,0.9909452,-0.1340713,-0.06460164,0.1342583,0.9888384,moving,-11.650548846603543,3.7921423391532882,-11.105530592352604,4.007090427443215,-0.5249281000000001,0.41066146000000003,1.951915,-0.201517908014058,0.06478024941142259,0.9773403429561686,-11.344912889694921,3.983886521794174,0.5858944076886056,0.5858733464890133,0.24050427338875924
05/10/2023 16:35:10.872291,1561,True,True,True,True,Eyes,1.375751,-0.3530427,-2.933294,-0.2635397,0.1964563,0.944432,0.0,0.0,0.0,0.0,0.0,0.0,0.0,-1.176983,-0.05428553,3.04537,1.371445,-0.3550015,-2.942045,-0.06747074,-0.03246933,-0.001633238,0.9971914,352.2606,356.2657,0.06500164,0.4219426,-0.108381,-0.9001208,0,0,0,0.8475899,0.05933329,-0.990078,-0.3954501,0.1441042,2.019685,0.9978861,0.001124157,0.06497665,0.007638762,0.99089,-0.1344564,-0.06453588,0.1346685,0.9887869,moving,-11.644073084102995,3.8441192943049134,-11.078244515040026,4.081128629497481,-0.5238551,0.41433479,1.9519669999999998,-0.20139572194928246,0.06566851892983709,0.9773062277054562,-11.3359138274852,4.033995588703973,0.613461715364343,0.6134618117994551,0.26194464703522974
05/10/2023 16:35:10.892777,1562,True,True,True,True,Eyes,1.37584,-0.353025,-2.933297,-0.2633164,0.197741,0.9442261,2.051514,0.8356431,0.05264357,-0.9962038,-0.7964484,-0.4459801,-0.4083768,-0.4084159,0.1375001,2.013375,1.371453,-0.3550282,-2.941994,-0.06755184,-0.03237282,-0.002078946,0.9971883,352.2496,356.2803,0.01315414,0.4219613,-0.1083756,-0.9001127,0,0,0,0.8491396,0.06280868,-0.9898028,-0.3945304,0.1468259,2.020208,0.9978954,0.0002274862,0.06484447,0.008519888,0.9908649,-0.1345892,-0.06428273,0.1348584,0.9887775,moving,-11.650303114914646,3.899308544449136,-11.050323959182947,4.156868520996054,-0.5223134,0.41783688,1.9521912000000001,-0.20148939547367306,0.06660854961846827,0.9772232509209691,-11.338990473410892,4.087300682509237,0.6529208273020846,0.6529258218445423,0.29693103675473215
05/10/2023 16:35:10.912482,1563,True,True,True,True,Eyes,1.37592,-0.3530078,-2.9333,-0.262982,0.1991137,0.9440309,0.0,0.0,0.0,0.0,0.0,0.0,0.0,-1.178294,-0.05536962,3.044755,1.37134,-0.3550267,-2.942,-0.06736213,-0.03227244,-0.002340774,0.9972038,352.2704,356.294,359.9815,0.4219804,-0.1083699,-0.9001044,0,0,0,0.8505009,0.06514965,-0.989339,-0.3935852,0.1496223,2.020745,0.997906,-0.0003205771,0.06467976,0.009016336,0.9909137,-0.1341964,-0.06404904,0.1344986,0.9888417,moving,-11.648451512350281,3.995377784498543,-11.021641456499687,4.234631935858928,-0.5208391,0.42017635,1.9526610000000002,-0.2014354656257027,0.06824776871812663,0.977121350324336,-11.33210901843288,4.179994054874561,0.670978893914523,0.6709198126889705,0.3152386477753047
05/10/2023 16:35:10.927626,1564,True,True,True,True,Eyes,1.376,-0.3529921,-2.933302,-0.2626779,0.2004159,0.9438399,0.0,0.0,0.0,0.0,0.0,0.0,0.0,-1.177851,-0.05366018,3.044904,1.371261,-0.3550408,-2.94198,-0.06722371,-0.03231637,-0.002001144,0.9972124,352.2875,356.2864,0.02045173,0.4219995,-0.1083643,-0.9000961,0,0,0,0.8509175,0.06692381,-0.9890307,-0.3927054,0.1522255,2.021245,0.9979033,0.0003537203,0.06472161,0.008335983,0.990954,-0.1339433,-0.06418352,0.134202,0.9888732,moving,-11.622552792183349,4.09727303413636,-10.994951389172174,4.306971389576895,-0.5203435000000001,0.42196460999999996,1.9529493,-0.20096940170227928,0.06999221371755793,0.9770938330332318,-11.301741312595064,4.278127599067955,0.6617618664378272,0.661707579929428,0.30814285869503216
05/10/2023 16:35:10.942444,1565,True,True,True,True,Eyes,1.376106,-0.3529734,-2.933302,-0.2623091,0.2017891,0.9436499,0.0,0.0,0.0,0.0,0.0,0.0,0.0,-1.17681,-0.05208871,3.045361,1.371351,-0.3550667,-2.941963,-0.0671092,-0.03248527,-0.001654967,0.9972153,352.302,356.2643,0.06125148,0.4220188,-0.1083585,-0.9000878,0,0,0,0.8510858,0.06902799,-0.9888548,-0.3917396,0.1550837,2.021794,0.997884,0.001059406,0.06501175,0.007660838,0.9909872,-0.1337371,-0.06456749,0.1339522,0.9888822,moving,-11.578444445724584,4.200251245309004,-10.965661359518071,4.386339859626502,-0.5202652,0.42409469,1.9531082,-0.20019193772984784,0.07175990040867176,0.9771252444558661,-11.253765299525195,4.377168417373011,0.6404236688425016,0.6404155550260976,0.28824988395598306
05/10/2023 16:35:10.952627,1566,True,True,True,True,Eyes,1.376207,-0.3529562,-2.933302,-0.2619452,0.2030889,0.9434721,0.0,0.0,0.0,0.0,0.0,0.0,0.0,-1.176958,-0.05105418,3.045311,1.371377,-0.3550507,-2.941942,-0.0669912,-0.03245937,-0.001524323,0.9972243,352.316,356.2663,0.07566825,0.4220389,-0.1083527,-0.9000791,0,0,0,0.8520238,0.07117943,-0.988492,-0.3908363,0.1577569,2.022307,0.9978881,0.001308801,0.06494278,0.007389167,0.9910197,-0.1335115,-0.06453432,0.1337094,0.9889172,moving,-11.560031766409198,4.294080762676138,-10.938278418885305,4.46051790175967,-0.5193532000000001,0.42623013,1.9534500000000001,-0.19985450836846377,0.07336513312078144,0.9770750868339799,-11.231040727885702,4.467575128370032,0.6435591214233212,0.6436447361887432,0.2928473561749767
05/10/2023 16:35:10.972542,1567,True,True,True,True,Eyes,1.376315,-0.3529367,-2.933304,-0.2615252,0.2044311,0.9432987,0.0,0.0,0.0,0.0,0.0,0.0,0.0,-1.177809,-0.04938093,3.044974,1.37135,-0.3550678,-2.941915,-0.06679233,-0.03230759,-0.001355509,0.9972429,352.3394,356.2827,0.09320725,0.4220595,-0.1083467,-0.9000701,0,0,0,0.8533086,0.07273066,-0.9879367,-0.3900061,0.1602129,2.02278,0.9979088,0.001612254,0.0646181,0.007019341,0.9910739,-0.1331287,-0.06425595,0.1333039,0.98899,moving,-11.552247849171597,4.400977184292629,-10.913111270030106,4.528618807372483,-0.5180414000000001,0.42779846,1.9539782999999997,-0.19969453450301175,0.07519042887671881,0.976969003908978,-11.217867149959766,4.570671905656825,0.6513892844646125,0.6517575858700433,0.3076436403162168
05/10/2023 16:35:10.992458,1568,True,True,True,True,Eyes,1.37642,-0.352917,-2.933306,-0.2611192,0.2057198,0.9431311,0.0,0.0,0.0,0.0,0.0,0.0,0.0,-1.177845,-0.04872265,3.04504,1.371356,-0.3550383,-2.941988,-0.06673758,-0.03229474,-0.00121198,0.9972471,352.3463,356.2831,0.1094509,0.4220808,-0.1083406,-0.9000609,0,0,0,0.8541589,0.07511364,-0.9877343,-0.3891096,0.1628661,2.023289,0.9979112,0.001893259,0.06457345,0.006727833,0.9910893,-0.1330294,-0.06424991,0.133186,0.9890063,moving,-11.529433455427958,4.487118727018999,-10.885952011965536,4.6021420526067605,-0.5171971,0.43015193999999995,1.9542536999999998,-0.19928306948737418,0.07666573238497452,0.9769384669473586,-11.19130798210929,4.6536263685156785,0.6531694075124163,0.6536809110795191,0.30966579289137286
05/10/2023 16:35:11.007462,1569,True,True,True,True,Eyes,1.376564,-0.3528929,-2.933309,-0.2606534,0.2070453,0.9429698,0.0,0.0,0.0,0.0,0.0,0.0,0.0,-1.178086,-0.04875731,3.044981,1.371391,-0.3550123,-2.942011,-0.06674843,-0.03225956,-0.001190821,0.9972476,352.3451,356.287,0.1116598,0.4221026,-0.1083344,-0.9000514,0,0,0,0.8551989,0.07785982,-0.9875206,-0.3882144,0.1655148,2.023798,0.9979159,0.001931463,0.0645005,0.006681635,0.9910865,-0.1330526,-0.06418256,0.1332062,0.9890079,moving,-11.507483570812601,4.564629195310563,-10.858836964616989,4.675486587121936,-0.5161921,0.43287211999999997,1.9544904,-0.19888822964138905,0.07799365429853244,0.9769137407647439,-11.166039959122847,4.728258335283491,0.6574549072089865,0.6580515033402066,0.31170264233302936
05/10/2023 16:35:11.032347,1570,True,True,True,True,Eyes,1.376701,-0.3528707,-2.933311,-0.2602123,0.2083267,0.9428094,0.0,0.0,0.0,0.0,0.0,0.0,0.0,-1.178204,-0.04938507,3.044958,1.371403,-0.3549778,-2.942043,-0.06683266,-0.03224325,-0.001223951,0.9972425,352.3353,356.289,0.1080311,0.4221258,-0.1083279,-0.9000413,0,0,0,0.856159,0.08089903,-0.9874068,-0.3873368,0.1681111,2.024297,0.9979177,0.001868652,0.06447227,0.006750956,0.9910638,-0.1332178,-0.06414507,0.1333756,0.9889875,moving,-11.485514623740121,4.6296945061522035,-10.832263433122446,4.747329277050958,-0.5152439999999999,0.43587683,1.9546362,-0.19849613320913026,0.07910940803863807,0.9769037856377359,-11.141413826209142,4.790880507471591,0.6631759378552219,0.6637582823346259,0.31220293915466263
05/10/2023 16:35:11.042474,1571,True,True,True,True,Eyes,1.376845,-0.3528487,-2.933312,-0.2597365,0.2096291,0.9426519,0.0,0.0,0.0,0.0,0.0,0.0,0.0,-1.177678,-0.05009785,3.045132,1.371396,-0.355003,-2.942024,-0.06695427,-0.03232826,-0.001221464,0.9972315,352.3214,356.2791,0.1094345,0.4221502,-0.1083211,-0.9000307,0,0,0,0.8567078,0.08408143,-0.9873714,-0.3864286,0.1707987,2.024813,0.9979068,0.001892865,0.06464107,0.006765193,0.9910313,-0.1334588,-0.06431395,0.1336168,0.988944,moving,-11.44932600118009,4.692260785654859,-10.80477424735026,4.821646595598973,-0.5146882,0.43908443,1.9546526,-0.1978619850624506,0.0801866159316155,0.976944601840479,-11.103215029737758,4.850983501023522,0.656915088865676,0.6574098045968015,0.29987923337895694
05/10/2023 16:35:11.055108,1572,True,True,True,True,Eyes,1.376984,-0.3528289,-2.933314,-0.2592827,0.2108855,0.9424966,0.0,0.0,0.0,0.0,0.0,0.0,0.0,-1.176924,-0.0512991,3.045423,1.371404,-0.3550286,-2.942037,-0.0671069,-0.03245853,-0.001333001,0.9972169,352.3034,356.2649,0.09816104,0.4221758,-0.1083141,-0.9000195,0,0,0,0.8571599,0.08747199,-0.9874485,-0.3855251,0.1734726,2.025327,0.9978893,0.001697799,0.06491528,0.007014964,0.9909898,-0.1337537,-0.06455747,0.1339268,0.9888862,moving,-11.411070434929934,4.74541929017479,-10.777432742899858,4.895529865393107,-0.5142441000000001,0.44250059,1.9545885,-0.197194966432709,0.08110410230863692,0.9770037479167687,-11.06352318414278,4.9019922959072675,0.6508369176891049,0.6511757900548635,0.28616342110535303
05/10/2023 16:35:11.077374,1573,True,True,True,True,Eyes,1.377147,-0.3528076,-2.933313,-0.2587833,0.2121583,0.9423482,0.0,0.0,0.0,0.0,0.0,0.0,0.0,-1.17653,-0.0519782,3.045562,1.371423,-0.3550594,-2.942024,-0.06715323,-0.03253447,-0.001497968,0.9972111,352.2975,356.2574,0.07990427,0.4222023,-0.108307,-0.9000079,0,0,0,0.8579149,0.09062898,-0.9873413,-0.3845747,0.176285,2.025867,0.9978786,0.001382008,0.06508865,0.00735717,0.9909764,-0.1338344,-0.06468628,0.1340293,0.9888639,moving,-11.377529240757797,4.8103607111066555,-10.748685108403013,4.973183538823141,-0.5135081,0.44568838,1.9546827,-0.19660493295649822,0.08222136436187891,0.977029282181789,-11.027750029088743,4.964407347733491,0.649311695161168,0.6495815699530225,0.27920288588654485
05/10/2023 16:35:11.082470,1574,True,True,True,True,Eyes,1.377303,-0.3527879,-2.933313,-0.2583027,0.2133785,0.9422045,2.056892,0.8460019,0.08610868,-0.9952999,-0.7929872,-0.3008889,-0.5297519,-0.3970047,0.1728946,2.018158,1.371421,-0.3550695,-2.942032,-0.06710899,-0.03254212,-0.001578723,0.9972137,352.3023,356.2571,0.07048383,0.4222304,-0.1082998,-0.8999956,0,0,0,0.8587831,0.09312043,-0.9871209,-0.3837094,0.1788453,2.026359,0.997877,0.001219088,0.06511477,0.007516385,0.9909878,-0.1337412,-0.06469098,0.1339467,0.9888748,moving,-11.351658077705455,4.885026520221891,-10.72251831706814,5.043823538957649,-0.5126379,0.44818992999999996,1.9549111000000003,-0.19614277453628318,0.08350240214690598,0.9770134849339058,-10.998853508734273,5.036264529754582,0.6485457392160004,0.6488708127001421,0.27643855876720713
05/10/2023 16:35:11.108269,1575,True,True,True,True,Eyes,1.37743,-0.3527731,-2.933311,-0.2577922,0.2145875,0.9420697,0.0,0.0,0.0,0.0,0.0,0.0,0.0,-1.176528,-0.05180958,3.045559,1.371401,-0.3550842,-2.942024,-0.06708916,-0.03253622,-0.001592936,0.9972152,352.3045,356.2579,0.06872393,0.4222596,-0.1082925,-0.8999828,0,0,0,0.8597192,0.09586869,-0.986872,-0.3827696,0.181626,2.026893,0.9978777,0.001188656,0.06510495,0.007542653,0.990993,-0.133701,-0.06467748,0.1339083,0.9888809,moving,-11.32436737820989,4.957974640092609,-10.694109757633033,5.120489122408992,-0.5116818000000001,0.45095289000000005,1.955152,-0.19565662270340714,0.08475464396221118,0.9770031061948139,-10.968679936810563,5.1064533900547255,0.6505417465309853,0.6508729716755524,0.2749286908932964
05/10/2023 16:35:11.123931,1576,True,True,True,True,Eyes,1.377552,-0.3527606,-2.933311,-0.2573015,0.2157292,0.9419432,0.0,0.0,0.0,0.0,0.0,0.0,0.0,-1.177013,-0.05105168,3.045396,1.371414,-0.3551245,-2.942025,-0.06697972,-0.03245802,-0.001574822,0.997225,352.3171,356.2669,0.06979138,0.4222891,-0.1082853,-0.8999698,0,0,0,0.8608658,0.09795024,-0.9864953,-0.3819171,0.184149,2.027378,0.997888,0.001207154,0.06494687,0.007488962,0.9910225,-0.1334855,-0.06452494,0.13369,0.9889203,moving,-11.306063982380675,5.038281882019707,-10.668345366896721,5.189997686921384,-0.5105481999999999,0.45307474000000003,1.9555297,-0.19532140494713995,0.08612983061729841,0.9769500205785561,-10.946778103186379,5.183811852438168,0.6550542650214348,0.6555171378322109,0.27850144198190346
05/10/2023 16:35:11.142781,1577,True,True,True,True,Eyes,1.377653,-0.3527499,-2.933309,-0.2567803,0.2168839,0.9418203,0.0,0.0,0.0,0.0,0.0,0.0,0.0,-1.177155,-0.0494048,3.0454,1.37144,-0.3551653,-2.942042,-0.06676264,-0.0324337,-0.001458141,0.9972407,352.3425,356.2689,0.08223569,0.4223188,-0.1082782,-0.8999568,0,0,0,0.8617952,0.0996657,-0.9860747,-0.3810145,0.1868198,2.027891,0.9978919,0.001422484,0.06488311,0.007238954,0.9910812,-0.1330622,-0.06449372,0.1332514,0.9889816,moving,-11.2784324870785,5.133962837754266,-10.641078100449889,5.26352629370144,-0.5096448,0.454831,1.9559672999999997,-0.19482224736105322,0.08777005299644146,0.976903749491003,-10.915070001170395,5.275935454654257,0.6496897647759794,0.6503901162161901,0.2742727637516874
05/10/2023 16:35:11.153099,1578,True,True,True,True,Eyes,1.377749,-0.352738,-2.933308,-0.2562738,0.2180012,0.9417002,0.0,0.0,0.0,0.0,0.0,0.0,0.0,-1.176927,-0.04942036,3.045507,1.37148,-0.3551331,-2.942046,-0.06680682,-0.03247165,-0.001344396,0.9972367,352.3378,356.2636,0.09581133,0.4223481,-0.1082714,-0.8999438,0,0,0,0.8624978,0.1024851,-0.9859435,-0.3801121,0.1894897,2.028404,0.9978876,0.001657292,0.06494346,0.007020018,0.9910701,-0.1331571,-0.0645842,0.1333317,0.9889649,moving,-11.243861841911205,5.19733286054877,-10.613825210482394,5.3369751377872765,-0.5089822,0.4576182,1.9561025,-0.1942138919514691,0.0888613900828218,0.9769261323014814,-10.878388006475408,5.336826308272616,0.6447054901616921,0.6453263690060389,0.2645628378549514
05/10/2023 16:35:11.172241,1579,True,True,True,True,Eyes,1.377845,-0.3527295,-2.933305,-0.2557328,0.2191236,0.9415868,0.0,0.0,0.0,0.0,0.0,0.0,0.0,-1.177115,-0.05058983,3.045447,1.371496,-0.3550838,-2.942077,-0.06685156,-0.03245984,-0.001677775,0.9972334,352.3315,356.2675,0.05744946,0.4223768,-0.1082648,-0.8999311,0,0,0,0.8636753,0.1057478,-0.9858046,-0.3792016,0.1921837,2.028922,0.9978871,0.0009937149,0.06496439,0.007686248,0.9910561,-0.1332243,-0.06451574,0.1334421,0.9889545,moving,-11.22080230791914,5.249364507983371,-10.58633472749413,5.4110305326739025,-0.5078207,0.4608316,1.9562723999999998,-0.19380509644574823,0.08975592283224716,0.9769255743992097,-10.853402226462924,5.386862666058716,0.6542656366373024,0.6547404173789841,0.26815878650936714
05/10/2023 16:35:11.190956,1580,True,True,True,True,Eyes,1.377935,-0.3527193,-2.933302,-0.2552219,0.2201964,0.9414751,2.059602,0.8522792,0.1007976,-0.9942379,-0.7588993,-0.3296572,-0.5616031,-0.3915349,0.1885303,2.020526,1.371452,-0.3551449,-2.942043,-0.06678806,-0.0323673,-0.001797638,0.9972406,352.3383,356.2792,0.04267343,0.4224052,-0.1082585,-0.8999185,0,0,0,0.8649834,0.1083216,-0.9854065,-0.3782796,0.1949122,2.029446,0.9978983,0.0007381435,0.06479609,0.007908854,0.9910722,-0.1330912,-0.06431586,0.1333239,0.9889834,moving,-11.205220748859784,5.316750476399524,-10.558509066682475,5.485979002309745,-0.5064685999999999,0.4634665,1.9566365000000001,-0.19351906415428463,0.09091005754413119,0.9768755140644854,-10.834809283696092,5.451772619126101,0.668005221136989,0.6684865696828546,0.2784095662370064
05/10/2023 16:35:11.208231,1581,True,True,True,True,Eyes,1.378024,-0.3527091,-2.933296,-0.2546986,0.2212764,0.9413636,0.0,0.0,0.0,0.0,0.0,0.0,0.0,-1.177016,-0.04999888,3.045397,1.371391,-0.3550942,-2.942024,-0.06676125,-0.03245921,-0.001666569,0.9972395,352.3419,356.2675,0.05839518,0.4224331,-0.1082524,-0.8999062,0,0,0,0.8653471,0.1108283,-0.9852433,-0.3773881,0.1975501,2.029953,0.9978873,0.001010098,0.06496174,0.007657972,0.9910803,-0.1330457,-0.06451669,0.1332621,0.9889787,moving,-11.163381785604255,5.38620933502863,-10.53161106430583,5.558383045550711,-0.5060439,0.4659225,1.9567807,-0.19278436239744542,0.09210781981473579,0.9769085876313435,-10.790798882823712,5.518484236704195,0.654362170433634,0.6548114468187567,0.2622408057786378
05/10/2023 16:35:11.222345,1582,True,True,True,True,Eyes,1.378111,-0.3527047,-2.933288,-0.2542025,0.2223097,0.9412543,2.066927,0.8526933,0.1067931,-0.9877847,-0.8651368,-0.4717723,-0.1702035,-0.3896513,0.1933922,2.027822,1.371392,-0.3550853,-2.941988,-0.06689063,-0.0325678,-0.001520891,0.9972275,352.3276,356.2538,0.07652241,0.4224604,-0.1082464,-0.8998941,0,0,0,0.8656949,0.1138831,-0.9852269,-0.3765014,0.2001738,2.030457,0.9978741,0.001323611,0.06515846,0.007390309,0.9910467,-0.1333113,-0.06475154,0.1335094,0.98893,moving,-11.120455728924405,5.435426183173832,-10.5048679223943,5.6303445651733535,-0.5056970999999999,0.4689684,1.9567610999999998,-0.1920371296735996,0.09296083051458709,0.9769750231226967,-10.746814632171635,5.565653968873732,0.6454427174161258,0.6457100922162026,0.25044576982188826
05/10/2023 16:35:11.242745,1583,True,True,True,True,Eyes,1.378206,-0.3527002,-2.93328,-0.2536739,0.2233541,0.9411496,2.065668,0.8542,0.1086753,-0.9891766,-0.8101115,-0.5163999,-0.2775798,-0.387963,0.1957556,2.026632,1.37146,-0.3552193,-2.941948,-0.06686913,-0.03263877,-0.001431949,0.9972268,352.3304,356.245,0.08724537,0.4224874,-0.1082409,-0.8998821,0,0,0,0.8663463,0.1164178,-0.985015,-0.3755592,0.2029619,2.030992,0.9978653,0.001509096,0.06528802,0.007221008,0.9910529,-0.1332739,-0.06490501,0.1334608,0.9889265,moving,-11.081333521329151,5.501089347540463,-10.476463114012653,5.706758127600133,-0.5051136999999999,0.47163710000000003,1.956933,-0.19134953886201367,0.09409328960277981,0.9770014728429028,-10.705624078205284,5.628723276481781,0.6386800771339299,0.6388801583540217,0.24208301365184617
05/10/2023 16:35:11.257551,1584,True,True,True,True,Eyes,1.378296,-0.3526956,-2.933272,-0.2531565,0.2243559,0.9410506,2.066728,0.8550901,0.1109869,-0.9883763,-0.8163242,-0.5232639,-0.24456,-0.3871554,0.1982152,2.027614,1.371493,-0.355224,-2.94193,-0.06681396,-0.0326068,-0.001390267,0.9972317,352.3369,356.2484,0.09159416,0.4225142,-0.1082356,-0.8998702,0,0,0,0.8673533,0.1188474,-0.9847026,-0.3746664,0.2056038,2.0315,0.9978697,0.001584342,0.06521884,0.007130016,0.9910679,-0.1331673,-0.06484729,0.1333486,0.9889454,moving,-11.055456220379131,5.567229553593907,-10.449551301901073,5.779105895764299,-0.5041397000000001,0.4740714,1.9572274000000003,-0.19088753439904668,0.09522976651558324,0.9769817070436168,-10.677173957650748,5.692353154822504,0.6416929676982469,0.6418818852463496,0.24359415319635508
05/10/2023 16:35:11.272742,1585,True,True,True,True,Eyes,1.378373,-0.3526919,-2.933264,-0.2526076,0.2253842,0.9409524,0.0,0.0,0.0,0.0,0.0,0.0,0.0,-1.176824,-0.04948038,3.045446,1.371454,-0.355218,-2.941945,-0.06679554,-0.03249002,-0.001431993,0.9972366,352.3388,356.2622,0.08581044,0.4225406,-0.1082306,-0.8998584,0,0,0,0.8686869,0.1215196,-0.9843744,-0.3737706,0.2082544,2.032009,0.9978848,0.001484305,0.06499178,0.007196447,0.9910726,-0.1331288,-0.06460917,0.1333149,0.9889655,moving,-11.038829660601923,5.628856571243854,-10.422561447534003,5.8516389185158095,-0.5027670999999999,0.4767376,1.9575706,-0.19058456013533878,0.09628632340342522,0.9769373191851314,-10.657879353648958,5.751697779035523,0.6551283023010982,0.6553003011550735,0.25566139383752323
05/10/2023 16:35:11.292306,1586,True,True,True,True,Eyes,1.378448,-0.352689,-2.933257,-0.2520711,0.2263737,0.9408587,2.062593,0.8585283,0.1142278,-0.9926478,-0.6775172,-0.4863137,-0.5517874,-0.3851241,0.2019455,2.023398,1.371469,-0.3552118,-2.941946,-0.06678969,-0.0323524,-0.001582243,0.9972412,352.3389,356.2792,0.06740027,0.4225664,-0.108226,-0.8998468,0,0,0,0.8702331,0.1243401,-0.9840277,-0.3728739,0.2109077,2.032519,0.9979017,0.001165856,0.06473763,0.007477369,0.9910733,-0.1331085,-0.06431492,0.1333132,0.9889849,moving,-11.027234917604401,5.684069017940627,-10.395550889044623,5.924189217513282,-0.5012359000000001,0.47955190000000003,1.9579183000000002,-0.19036926849872368,0.09723182715001533,0.9768856116623483,-10.643774846479145,5.804890379629088,0.6756505581118367,0.6757828217558677,0.2754039683174061
05/10/2023 16:35:11.304675,1587,True,True,True,True,Eyes,1.378517,-0.3526844,-2.93325,-0.2514949,0.2273738,0.9407718,0.0,0.0,0.0,0.0,0.0,0.0,0.0,-1.178403,-0.05005002,3.044825,1.371481,-0.3552287,-2.94193,-0.0668054,-0.03224634,-0.001652625,0.9972435,352.3368,356.292,0.05852441,0.4225917,-0.1082216,-0.8998355,0,0,0,0.8716585,0.1273334,-0.9837003,-0.3719165,0.2137405,2.033063,0.9979149,0.001012321,0.06453571,0.007604598,0.9910686,-0.1331359,-0.0640941,0.1333491,0.9889944,moving,-11.008200249232654,5.73929498704378,-10.36672432924073,6.001587929634681,-0.49982249999999995,0.4825621,1.9582297000000002,-0.19002695600572295,0.09818001570909102,0.9768574869622751,-10.622498852593965,5.858039732361443,0.6929645053995263,0.6930288187820757,0.29330307147551493
05/10/2023 16:35:11.322771,1588,True,True,True,True,Eyes,1.378581,-0.3526786,-2.933242,-0.2509457,0.2283356,0.9406855,0.0,0.0,0.0,0.0,0.0,0.0,0.0,-1.178728,-0.050475,3.044689,1.37144,-0.35518,-2.941952,-0.06684018,-0.03218912,-0.001720855,0.9972429,352.3326,356.2991,0.05034519,0.4226162,-0.1082174,-0.8998244,0,0,0,0.8727582,0.1302275,-0.9834962,-0.3710375,0.2163418,2.033563,0.9979218,0.0008708335,0.06443077,0.007735272,0.9910589,-0.133201,-0.06397069,0.1334226,0.9889925,moving,-10.98507803459764,5.790009971582176,-10.34026451894616,6.072604360335856,-0.49868179999999995,0.4854075,1.9584558,-0.18961624177074513,0.09905264641378637,0.9768491974615445,-10.597522513522934,5.906805028390251,0.7040170327728852,0.7040199276454377,0.306057338169292
05/10/2023 16:35:11.342682,1589,True,True,True,True,Eyes,1.37863,-0.3526757,-2.933233,-0.2503703,0.229292,0.9406061,0.0,0.0,0.0,0.0,0.0,0.0,0.0,-1.178374,-0.05061898,3.044775,1.37139,-0.355145,-2.941928,-0.06687474,-0.03223724,-0.001680382,0.9972392,352.3288,356.2932,0.05551384,0.42264,-0.1082134,-0.8998138,0,0,0,0.8733343,0.1329454,-0.9833537,-0.3701788,0.2188825,2.034051,0.9979159,0.0009602277,0.06452122,0.007663197,0.9910499,-0.1332719,-0.06407171,0.1334885,0.9889771,moving,-10.946391321010392,5.842738962497887,-10.314426287342538,6.141915680755699,-0.4980557000000001,0.4880904,1.9585743,-0.18893928165240087,0.09996486907161048,0.9768873612364278,-10.557437905646953,5.957396077670292,0.699260212590783,0.6992041994484338,0.3051264173317788
05/10/2023 16:35:11.352475,1590,True,True,True,True,Eyes,1.378676,-0.3526728,-2.933226,-0.2498196,0.2302061,0.9405292,0.0,0.0,0.0,0.0,0.0,0.0,0.0,-1.17804,-0.0504106,3.044857,1.371369,-0.3551978,-2.94188,-0.06689456,-0.03228368,-0.001571907,0.9972364,352.3269,356.287,0.06845564,0.4226627,-0.1082097,-0.8998035,0,0,0,0.8739447,0.135604,-0.9831565,-0.369272,0.2215661,2.034566,0.9979106,0.001184079,0.06459922,0.007454331,0.9910453,-0.1333179,-0.06417862,0.1335209,0.9889658,moving,-10.908038212600347,5.896404944712497,-10.287151243080725,6.215071038806705,-0.49742430000000004,0.4908018,1.9587234999999998,-0.18826758475703737,0.10089307236273298,0.9769215739008783,-10.51762512307918,6.008893853431974,0.6979903688310254,0.697888750765134,0.3092365455934802
05/10/2023 16:35:11.372704,1591,True,True,True,True,Eyes,1.378725,-0.3526702,-2.933218,-0.2492386,0.2310577,0.9404746,0.0,0.0,0.0,0.0,0.0,0.0,0.0,-1.177852,-0.05013111,3.044965,1.371341,-0.3551923,-2.941925,-0.06684519,-0.03230973,-0.001572869,0.9972389,352.3326,356.2841,0.06836041,0.4226845,-0.1082062,-0.8997937,0,0,0,0.8747079,0.1381554,-0.9829675,-0.368361,0.2242618,2.035084,0.9979072,0.001182447,0.0646513,0.007456551,0.9910585,-0.1332196,-0.06423075,0.1334229,0.9889756,moving,-10.872354404510867,5.951425016233433,-10.259755994061784,6.288496429821018,-0.49663309999999994,0.49334770000000006,1.9589575,-0.1876408682123349,0.10184358871503192,0.9769436021176324,-10.480313233290737,6.061718531649974,0.6993344572435817,0.6992095182008581,0.31634429167471
05/10/2023 16:35:11.392482,1592,True,True,True,True,Eyes,1.378772,-0.3526688,-2.933209,-0.2486775,0.2318634,0.9404248,0.0,0.0,0.0,0.0,0.0,0.0,0.0,-1.178086,-0.04949558,3.044847,1.371324,-0.3552071,-2.941891,-0.06678844,-0.03226383,-0.001467969,0.9972444,352.3395,356.2886,0.0798874,0.4227054,-0.108203,-0.8997843,0,0,0,0.8756806,0.1405345,-0.9826187,-0.3674616,0.2269227,2.035595,0.9979138,0.001381854,0.06454593,0.007237548,0.9910743,-0.1331141,-0.06415375,0.1333035,0.9889967,moving,-10.843944613599449,6.007534217670087,-10.232720593081542,6.360917944273752,-0.49564339999999996,0.4957416,1.9592723,-0.187137717698727,0.10281029293704713,0.9769388199890306,-10.449954424228052,6.115649268314742,0.706160849582227,0.7060275217626926,0.32763891832515296
05/10/2023 16:35:11.405111,1593,True,True,True,True,Eyes,1.378798,-0.3526688,-2.933202,-0.2480757,0.2326092,0.9403996,0.0,0.0,0.0,0.0,0.0,0.0,0.0,-1.17849,-0.04831114,3.044696,1.371321,-0.3552379,-2.941875,-0.06667286,-0.03218862,-0.001293966,0.9972547,352.3534,356.296,0.09893512,0.4227254,-0.1082,-0.8997753,0,0,0,0.8767387,0.1426335,-0.982195,-0.3665536,0.2296098,2.036112,0.9979244,0.001711388,0.06437305,0.006873041,0.9911061,-0.1328964,-0.06402797,0.133063,0.9890373,moving,-10.815153298124667,6.068479877719803,-10.205430312104149,6.433991926626373,-0.49458230000000003,0.49787139999999996,1.95968,-0.18662632759236986,0.1038596945763222,0.976925676920813,-10.41897130060209,6.174244329112154,0.7110233816492544,0.7108875984131782,0.33625669983375256
05/10/2023 16:35:11.427484,1594,True,True,True,True,Eyes,1.378824,-0.352669,-2.933197,-0.247492,0.2333254,0.940376,0.0,0.0,0.0,0.0,0.0,0.0,0.0,-1.178757,-0.04758996,3.044632,1.371307,-0.3552357,-2.941911,-0.06659788,-0.03213686,-0.001188737,0.9972616,352.3624,356.3012,0.1103874,0.4227442,-0.1081973,-0.8997667,0,0,0,0.8777466,0.1449972,-0.9818885,-0.3656412,0.2323091,2.036631,0.9979317,0.001909531,0.06425604,0.006651456,0.9911266,-0.1327546,-0.06393937,0.1329074,0.9890639,moving,-10.785903092218536,6.1212346948546745,-10.178019504613449,6.507340286702353,-0.4935604,0.5002329,1.9600225,-0.18610971550275054,0.10476960265305746,0.9769270995732311,-10.387980443287939,6.2249317058187374,0.720267380909143,0.7201388644807873,0.3519065249832266
05/10/2023 16:35:11.442280,1595,True,True,True,True,Eyes,1.37884,-0.3526706,-2.933193,-0.2468822,0.2340142,0.9403651,0.0,0.0,0.0,0.0,0.0,0.0,0.0,-1.179288,-0.04749742,3.044464,1.371327,-0.355244,-2.941938,-0.06661695,-0.03204878,-0.001114763,0.9972633,352.3604,356.3108,0.1183094,0.4227619,-0.1081948,-0.8997588,0,0,0,0.878956,0.1477451,-0.9816326,-0.3647313,0.2350021,2.037148,0.9979433,0.002046559,0.06407066,0.006493409,0.9911218,-0.1327978,-0.06377361,0.1329407,0.9890701,moving,-10.75948394780466,6.1608865209299255,-10.150695846174091,6.580461415213303,-0.492371,0.5029891,1.9603054,-0.18564570129222602,0.1054550816834018,0.9769415986205902,-10.360413390909553,6.262996041194046,0.7394560951378845,0.7393686797531123,0.3804808960658307
05/10/2023 16:35:11.460913,1596,True,True,True,True,Eyes,1.378854,-0.3526729,-2.933192,-0.2462949,0.2346797,0.9403533,0.0,0.0,0.0,0.0,0.0,0.0,0.0,-1.179585,-0.04808798,3.044345,1.371313,-0.355269,-2.941947,-0.06674179,-0.03199456,-0.001064176,0.9972566,352.3463,356.3166,0.1241913,0.4227782,-0.1081926,-0.8997514,0,0,0,0.8800306,0.1509597,-0.9814977,-0.3638058,0.2377403,2.037673,0.9979504,0.002148234,0.06395561,0.00639326,0.9910888,-0.1330493,-0.06367151,0.1331855,0.9890438,moving,-10.730640807564106,6.186410376714385,-10.122917373458222,6.65475192322471,-0.4912824,0.5062287,1.9604492999999998,-0.18514507260912963,0.10590045743362395,0.9769884663510106,-10.33125957873798,6.287408459818234,0.7672035994759687,0.7672493574771705,0.4223123187977087
05/10/2023 16:35:11.478191,1597,True,True,True,True,Eyes,1.378865,-0.3526753,-2.933192,-0.2457097,0.2353385,0.9403418,0.0,0.0,0.0,0.0,0.0,0.0,0.0,-1.17969,-0.04841918,3.044357,1.3713,-0.3552881,-2.942011,-0.06679924,-0.03197433,-0.001063715,0.9972535,352.3397,356.3188,0.124303,0.4227932,-0.1081907,-0.8997445,0,0,0,0.8809899,0.153901,-0.9813894,-0.3628984,0.2404258,2.03819,0.9979531,0.002150134,0.06391513,0.006393308,0.9910735,-0.1331635,-0.0636309,0.1332996,0.989031,moving,-10.69923376688551,6.217847400413113,-10.095680391283564,6.727546756133686,-0.49031009999999997,0.5091891,1.9606216,-0.1845986646884149,0.10644763331322053,0.9770324464626792,-10.29932090497531,6.317507719612512,0.78975854967944,0.7899810823193617,0.45782253143314294
05/10/2023 16:35:11.492456,1598,True,True,True,True,Eyes,1.378876,-0.3526767,-2.93319,-0.2451487,0.2359771,0.940328,0.0,0.0,0.0,0.0,0.0,0.0,0.0,-1.179613,-0.04909286,3.044408,1.371293,-0.3552924,-2.942047,-0.06689705,-0.03198675,-0.001095885,0.9972465,352.3283,356.3176,0.1210555,0.4228071,-0.1081891,-0.8997382,0,0,0,0.8818401,0.1570119,-0.9813304,-0.3620012,0.2430807,2.0387,0.9979513,0.002093904,0.06394397,0.006465372,0.9910471,-0.1333556,-0.06365073,0.1334958,0.9890033,moving,-10.666045735460642,6.24260404840102,-10.068764378488446,6.799458074270015,-0.4894529000000001,0.5123043,1.9607166,-0.18402405100926622,0.1068814824932347,0.9770933024897303,-10.266020091143185,6.341146900894392,0.8160998479236845,0.8165974684708832,0.4989578617637654
05/10/2023 16:35:11.506813,1599,True,True,True,True,Eyes,1.378889,-0.3526787,-2.933189,-0.2445907,0.2366353,0.940308,0.0,0.0,0.0,0.0,0.0,0.0,0.0,-1.179452,-0.04971623,3.044425,1.371301,-0.3552698,-2.94201,-0.06696081,-0.03201909,-0.001180887,0.9972411,352.3207,356.3145,0.1117429,0.4228198,-0.1081876,-0.8997324,0,0,0,0.8827351,0.1602679,-0.9811698,-0.3610343,0.2459414,2.039249,0.9979467,0.00193279,0.06401964,0.006643306,0.9910297,-0.1334765,-0.06370335,0.1336277,0.9889821,moving,-10.631964823584672,6.27105310584512,-10.039770403312845,6.876881198418972,-0.4885659000000001,0.5155377,1.9608401999999998,-0.18343295239610258,0.10737870373665534,0.9771500276598596,-10.231662802468062,6.368342522753915,0.8463481921038606,0.8471846960095282,0.5435386623789654
05/10/2023 16:35:11.522512,1600,True,True,True,True,Eyes,1.378901,-0.3526795,-2.933189,-0.2440608,0.2372671,0.9402865,0.0,0.0,0.0,0.0,0.0,0.0,0.0,-1.179121,-0.05033398,3.044551,1.371305,-0.3552931,-2.942013,-0.06704409,-0.03207643,-0.001231611,0.9972336,352.311,356.3082,0.1066503,0.4228317,-0.1081863,-0.8997269,0,0,0,0.8833851,0.1631694,-0.9811209,-0.3601856,0.2484528,2.039732,0.9979392,0.00184466,0.06414051,0.006757477,0.9910071,-0.1336382,-0.06381023,0.1337962,0.9889524,moving,-10.595943236847384,6.296532042762894,-10.014324063781805,6.94479211541458,-0.48791989999999996,0.5184624999999999,1.9608921000000001,-0.1828096893721629,0.10782595833911622,0.9772175976215352,-10.19559262340236,6.392657275924434,0.8697155480176292,0.8709316760067105,0.5811292211597345
05/10/2023 16:35:11.542625,1601,True,True,True,True,Eyes,1.3789,-0.3526815,-2.933188,-0.2435044,0.2379113,0.9402679,0.0,0.0,0.0,0.0,0.0,0.0,0.0,-1.178532,-0.05050021,3.044782,1.371261,-0.3552669,-2.942042,-0.0670312,-0.03216985,-0.001309793,0.9972314,352.3122,356.298,0.09831142,0.4228426,-0.1081852,-0.8997219,0,0,0,0.8838577,0.165747,-0.9810352,-0.3593414,0.2509506,2.040212,0.9979268,0.001700435,0.06433716,0.0069251,0.9910102,-0.1336069,-0.06398598,0.1337755,0.9889439,moving,-10.55512732605632,6.332853785677649,-9.989022747980982,7.012285257962989,-0.4874033000000001,0.5210139,1.9610067999999998,-0.1821008538621378,0.10845992898488324,0.977279707189674,-10.154326313696519,6.427399122728089,0.8827945198453049,0.8843650371027119,0.6077968904397982
05/10/2023 16:35:11.552489,1602,True,True,True,True,Eyes,1.3789,-0.352685,-2.933188,-0.2429723,0.2385251,0.9402501,0.0,0.0,0.0,0.0,0.0,0.0,0.0,-1.178592,-0.05068356,3.044729,1.371263,-0.3552794,-2.942012,-0.06701102,-0.03216688,-0.001436093,0.9972326,352.314,356.2994,0.08364899,0.4228524,-0.1081842,-0.8997175,0,0,0,0.8848443,0.1684447,-0.9807794,-0.3584501,0.2535883,2.040718,0.9979265,0.001446834,0.06434818,0.007175308,0.9910149,-0.1335588,-0.06396326,0.1337435,0.9889496,moving,-10.527639390822996,6.367451926922856,-9.962322191034637,7.08350600021379,-0.48641869999999987,0.5237241,1.9612326000000002,-0.18161999448197014,0.10905991011143608,0.9773024741901375,-10.125997253603753,6.460578535019863,0.910437371505157,0.9123140754439171,0.6440715433862412
05/10/2023 16:35:11.572243,1603,True,True,True,True,Eyes,1.378898,-0.3526869,-2.933187,-0.2424078,0.239161,0.9402343,0.0,0.0,0.0,0.0,0.0,0.0,0.0,-1.178404,-0.05034751,3.044834,1.371261,-0.3553138,-2.942037,-0.06694967,-0.03219854,-0.00145935,0.9972357,352.321,356.2959,0.08098222,0.4228612,-0.1081835,-0.8997134,0,0,0,0.8856391,0.1709604,-0.9805573,-0.3575281,0.2563165,2.041242,0.9979222,0.001400731,0.06441447,0.007221994,0.9910312,-0.1334352,-0.06402366,0.1336232,0.988962,moving,-10.492429707246318,6.4103926185138445,-9.934708565713093,7.157107849740545,-0.48562190000000005,0.5262742,1.9614797,-0.18100445022863043,0.10980499869775417,0.9773332674051095,-10.089783192819809,6.501750128011464,0.9298139290715068,0.9320067104152572,0.6734551829203032
05/10/2023 16:35:11.590925,1604,True,True,True,True,Eyes,1.378894,-0.3526893,-2.933188,-0.2418641,0.2397664,0.9402201,0.0,0.0,0.0,0.0,0.0,0.0,0.0,-1.178448,-0.05014622,3.04481,1.371255,-0.3552797,-2.942033,-0.06688735,-0.0321934,-0.001515012,0.9972399,352.3279,356.297,0.07429012,0.4228691,-0.1081829,-0.8997098,0,0,0,0.8865727,0.173481,-0.9802777,-0.3566356,0.2589575,2.04175,0.9979226,0.001284999,0.06441174,0.007328323,0.9910476,-0.1333079,-0.0640064,0.133503,0.9889794,moving,-10.463238342848197,6.451026931364927,-9.907983876943183,7.228296002883488,-0.4846822999999999,0.5287607,1.9617552999999999,-0.1804923212495124,0.11050866930659707,0.9773486388489157,-10.059492087107593,6.5407415918487235,0.9527533065133093,0.9552249637895717,0.7040495762945855
05/10/2023 16:35:11.604874,1605,True,True,True,True,Eyes,1.378875,-0.35269,-2.933189,-0.2412966,0.2403866,0.9402076,0.0,0.0,0.0,0.0,0.0,0.0,0.0,-1.178574,-0.0496648,3.04476,1.371191,-0.355292,-2.942052,-0.06683312,-0.03215942,-0.001460381,0.9972448,352.3344,356.3005,0.08012304,0.4228761,-0.1081824,-0.8997065,0,0,0,0.8875092,0.1759951,-0.9799892,-0.3557101,0.261696,2.042276,0.9979273,0.001385914,0.06433683,0.007211343,0.9910624,-0.133204,-0.06394642,0.1333919,0.9889982,moving,-10.433702927695794,6.494363567837603,-9.880284208053732,7.302053864907486,-0.48368180000000005,0.5312871,1.9620628,-0.1799733386810546,0.11125863291956196,0.9773593053190542,-10.02872600891407,6.582338210525514,0.9763541461853719,0.9790995328520465,0.7348643353743124
05/10/2023 16:35:11.622442,1606,True,True,True,True,Eyes,1.378859,-0.3526925,-2.933191,-0.2407558,0.2409869,0.9401925,0.0,0.0,0.0,0.0,0.0,0.0,0.0,-1.17897,-0.04900527,3.044582,1.371186,-0.3552313,-2.942025,-0.06674726,-0.03209038,-0.001386741,0.9972528,352.3445,356.308,0.08775877,0.4228819,-0.108182,-0.8997039,0,0,0,0.8885823,0.1783063,-0.9795965,-0.3548301,0.2643001,2.042776,0.9979365,0.001518027,0.06418956,0.007049752,0.9910858,-0.1330388,-0.06381931,0.1332168,0.9890301,moving,-10.409409114301699,6.540781570063952,-9.853955897656304,7.37213472424801,-0.48260369999999997,0.5335376000000001,1.9624285000000001,-0.17954264843346712,0.1120593590604058,0.9773469781515506,-10.002848427553479,6.626948027927515,0.9969302119842864,0.9998381583303857,0.7599159149749627
05/10/2023 16:35:11.642475,1607,True,True,True,True,Eyes,1.378831,-0.3526984,-2.93319,-0.2402018,0.2416315,0.9401687,0.0,0.0,0.0,0.0,0.0,0.0,0.0,-1.178802,-0.04921496,3.044721,1.371245,-0.3552819,-2.942071,-0.06683926,-0.03212086,-0.001266661,0.9972458,352.3344,356.3035,0.1021849,0.4228867,-0.1081817,-0.8997016,0,0,0,0.8893278,0.1812802,-0.9795538,-0.3539124,0.2670152,2.043298,0.9979333,0.001767525,0.06423411,0.006820212,0.9910618,-0.133229,-0.06389546,0.1333917,0.9890015,moving,-10.371614045931526,6.5702591208432235,-9.826506176711469,7.445140190724722,-0.48191720000000005,0.5365621,1.9625171999999997,-0.1788873845822553,0.11257582175053599,0.9774077240178184,-9.964856784888607,6.655108047324403,1.0273666066387677,1.0308052558668035,0.8020546604743876
05/10/2023 16:35:11.660707,1608,True,True,True,True,Eyes,1.378806,-0.3527034,-2.933191,-0.2396843,0.2422446,0.940143,0.0,0.0,0.0,0.0,0.0,0.0,0.0,-1.178956,-0.04874477,3.044587,1.371232,-0.3553493,-2.941984,-0.0668128,-0.03208978,-0.00117746,0.9972488,352.3377,356.3064,0.1121307,0.4228903,-0.1081817,-0.8996999,0,0,0,0.8902484,0.1837425,-0.9791968,-0.353013,0.2696766,2.043809,0.9979377,0.001939575,0.06416032,0.006636457,0.9910693,-0.1331824,-0.06384565,0.1333335,0.9890126,moving,-10.343903898921239,6.610947065660942,-9.799615799672251,7.516644430333394,-0.48098359999999996,0.5390918,1.9627872000000002,-0.17840028478971542,0.11328007005751606,0.9774153848079957,-9.935990464806112,6.694162474528079,1.0529421320435577,1.0566632629928518,0.8337113510776426
05/10/2023 16:35:11.672452,1609,True,True,True,True,Eyes,1.378776,-0.3527045,-2.933191,-0.2391275,0.2429127,0.9401125,0.0,0.0,0.0,0.0,0.0,0.0,0.0,-1.178093,-0.04798582,3.044993,1.371271,-0.3553372,-2.94203,-0.06679866,-0.03222327,-0.0008970776,0.9972456,352.3404,356.2888,0.1454385,0.4228929,-0.1081819,-0.8996987,0,0,0,0.8904407,0.1862669,-0.9791314,-0.3520799,0.2724374,2.044339,0.9979217,0.002515729,0.06438888,0.006094155,0.9910743,-0.1331715,-0.06414919,0.1332871,0.9889992,moving,-10.291321243911876,6.657363986327488,-9.771728147348185,7.5907569436866895,-0.48083029999999993,0.5416041,1.9628986,-0.17748663434373094,0.11409102889360272,0.9774874861035943,-9.882847511834441,6.738557189794272,1.0640102695659355,1.0682693475170018,0.8594137150977558
05/10/2023 16:35:11.692659,1610,True,True,True,True,Eyes,1.37875,-0.3527052,-2.933193,-0.2385893,0.2435881,0.9400744,0.0,0.0,0.0,0.0,0.0,0.0,0.0,-1.178092,-0.05023512,3.044942,1.371317,-0.3552448,-2.942004,-0.06710616,-0.03223662,-0.001017266,0.9972246,352.3047,356.288,0.132843,0.4228945,-0.1081821,-0.899698,0,0,0,0.8914173,0.1903703,-0.9792497,-0.3511856,0.2750839,2.044848,0.9979195,0.002297666,0.06443082,0.006355436,0.9909915,-0.1337742,-0.06415777,0.1339054,0.9889151,moving,-10.260693467817084,6.658404619854836,-9.745004442581298,7.661737610300077,-0.47989969999999993,0.5456151,1.9627542999999998,-0.1769634868480709,0.11411969623575094,0.9775789038870941,-9.853272555027248,6.73932965041193,1.1230107236714557,1.1281011747464966,0.9287402374386615
05/10/2023 16:35:11.704854,1611,True,True,True,True,Eyes,1.378746,-0.3527045,-2.93319,-0.2380237,0.244225,0.9400526,0.0,0.0,0.0,0.0,0.0,0.0,0.0,-1.178345,-0.05305803,3.044856,1.371391,-0.3552404,-2.942031,-0.06753482,-0.03221046,-0.001110034,0.9971963,352.2551,356.2915,0.1235574,0.4228952,-0.1081824,-0.8996975,0,0,0,0.8926053,0.1949743,-0.9795103,-0.3502482,0.2778578,2.045381,0.9979225,0.002136811,0.06439023,0.006564499,0.9908757,-0.1346194,-0.06409037,0.1347624,0.988803,moving,-10.231909106511512,6.644042948948208,-9.717004970785664,7.736073808042038,-0.4787857,0.5502147,1.9625207000000002,-0.17647714685812066,0.11388476487695338,0.9776942774299074,-9.826291474112356,6.725252745322056,1.2011958599009611,1.2073349436675769,1.0167117392101503
05/10/2023 16:35:11.722545,1612,True,True,True,True,Eyes,1.378739,-0.3527043,-2.933186,-0.237468,0.2448247,0.9400371,0.0,0.0,0.0,0.0,0.0,0.0,0.0,-1.179291,-0.05506548,3.04436,1.371419,-0.3552619,-2.941919,-0.06770588,-0.03208051,-0.001516252,0.9971883,352.2339,356.3096,0.07633635,0.4228958,-0.1081826,-0.8996972,0,0,0,0.8943603,0.1986184,-0.9792743,-0.3493696,0.2804578,2.04588,0.9979371,0.001320101,0.06418594,0.007368056,0.9908273,-0.1349337,-0.0637753,0.1351283,0.9887735,moving,-10.222691275187561,6.649816606150948,-9.69077343940482,7.805693036319489,-0.47705869999999995,0.5538803,1.9626446999999998,-0.17631777126563322,0.11398658808126146,0.9777111206302262,-9.817100804160079,6.730754608299882,1.2657720935203176,1.2723941629239608,1.0823360047227817
05/10/2023 16:35:11.742377,1613,True,True,True,True,Eyes,1.37882,-0.3526971,-2.933184,-0.2370817,0.2453636,0.9399942,0.0,0.0,0.0,0.0,0.0,0.0,0.0,-1.18005,-0.054382,3.044011,1.371352,-0.3552689,-2.94188,-0.06751294,-0.03195578,-0.001717056,0.9972051,352.2554,356.3257,0.05148255,0.4228962,-0.1081829,-0.899697,0,0,0,0.8958053,0.2006241,-0.9787104,-0.3485039,0.2830195,2.046372,0.9979517,0.0008903432,0.06396478,0.00773937,0.9908782,-0.1345387,-0.06350108,0.1347582,0.9888417,moving,-10.219788615687786,6.698864860290782,-9.664934041011303,7.874229523331493,-0.4755466999999999,0.555893,1.9631695999999998,-0.17625112694378678,0.11482492282097242,0.9776251337111237,-9.811700958614095,6.778064498722,1.2933194307054208,1.2997483180078464,1.1059467841084196
05/10/2023 16:35:11.752806,1614,True,True,True,True,Eyes,1.378898,-0.3526897,-2.933179,-0.2367216,0.2458654,0.9399537,0.0,0.0,0.0,0.0,0.0,0.0,0.0,-1.179883,-0.05209574,3.044163,1.371375,-0.3553079,-2.941913,-0.06720468,-0.03197984,-0.001560351,0.9972254,352.2913,356.3218,0.06859254,0.4228987,-0.1081827,-0.8996959,0,0,0,0.8964996,0.2020149,-0.978207,-0.3475796,0.2857545,2.046898,0.9979497,0.001186347,0.06399195,0.007410432,0.9909622,-0.1339366,-0.0635725,0.1341362,0.9889216,moving,-10.194475363245505,6.7668758943411635,-9.637351668018399,7.947338412401647,-0.47487540000000006,0.5573228,1.963706,-0.1757951135845659,0.11599489158042878,0.977568990984495,-9.783695226305253,6.8435040052036955,1.2989984115900222,1.3053269967058845,1.113493078364707
05/10/2023 16:35:11.772611,1615,True,True,True,True,Eyes,1.379001,-0.3526789,-2.933176,-0.236235,0.2461842,0.9399927,0.0,0.0,0.0,0.0,0.0,0.0,0.0,-1.179104,-0.0508031,3.044451,1.371374,-0.3552935,-2.941879,-0.06702257,-0.03210412,-0.001471924,0.9972338,352.3126,356.3069,0.07907393,0.4229029,-0.1081823,-0.8996939,0,0,0,0.8967767,0.20385,-0.9778837,-0.3467085,0.288332,2.047393,0.9979343,0.001367696,0.06422793,0.007239105,0.9910116,-0.1335798,-0.06383332,0.1337688,0.9889546,moving,-10.15086694043363,6.807102118226063,-9.611369042402215,8.016181740990785,-0.4745973000000001,0.5591435,1.9639953,-0.17503652883314988,0.11669721773106569,0.977621544645882,-9.739530282441681,6.881992568552178,1.317158356621928,1.3239832008621548,1.1414071939169759
05/10/2023 16:35:11.792387,1616,True,True,True,True,Eyes,1.379099,-0.3526697,-2.933175,-0.2357722,0.24648,0.9400314,0.0,0.0,0.0,0.0,0.0,0.0,0.0,-1.179014,-0.04970813,3.044535,1.371422,-0.3552961,-2.941888,-0.06682659,-0.03212896,-0.001504259,0.9972461,352.3349,356.3044,0.07480365,0.4229094,-0.1081814,-0.899691,0,0,0,0.8976472,0.2058526,-0.9774855,-0.3457924,0.2910425,2.047914,0.9979309,0.001293904,0.06428201,0.00729437,0.991064,-0.1331885,-0.06387991,0.1333818,0.9890039,moving,-10.12247102180006,6.845113047988377,-9.584051463200717,8.088514618823048,-0.47377479999999994,0.5611487,1.9644025,-0.1745383498696498,0.1173563046117626,0.9776317383715867,-9.71014502589357,6.918458471283985,1.3478163800883631,1.3549697736246504,1.1768309032934718
05/10/2023 16:35:11.805558,1617,True,True,True,True,Eyes,1.379169,-0.3526591,-2.933177,-0.235156,0.2469126,0.9400722,0.0,0.0,0.0,0.0,0.0,0.0,0.0,-1.178718,-0.0488143,3.044711,1.37142,-0.3553237,-2.941934,-0.06670431,-0.03217441,-0.001448088,0.9972529,352.3492,356.2988,0.08117298,0.4229177,-0.1081803,-0.8996872,0,0,0,0.8983269,0.208094,-0.9772179,-0.3448614,0.2937976,2.048443,0.9979254,0.001404124,0.06436523,0.007180563,0.9910969,-0.1329489,-0.06397886,0.1331353,0.9890307,moving,-10.080828746603162,6.884526728219583,-9.556301477590514,8.161975673928811,-0.47309310000000004,0.5634177,1.9647161,-0.1738134927494379,0.11804415465645621,0.977678047660519,-9.667918208351306,6.956177802828354,1.3732784618384528,1.3809433966790552,1.2109528481886163
05/10/2023 16:35:11.826929,1618,True,True,True,True,Eyes,1.379236,-0.3526477,-2.933182,-0.2345684,0.2473301,0.9401094,0.0,0.0,0.0,0.0,0.0,0.0,0.0,-1.178522,-0.04866001,3.04481,1.371383,-0.3552799,-2.941978,-0.06668969,-0.03219769,-0.001401378,0.9972532,352.351,356.2957,0.08668348,0.4229269,-0.1081788,-0.8996831,0,0,0,0.8990828,0.2108795,-0.9770467,-0.3439181,0.2965887,2.048979,0.9979227,0.00149945,0.0644054,0.007089565,0.9911011,-0.1329228,-0.06403158,0.1331033,0.9890316,moving,-10.04321778115934,6.910677842487735,-9.528194821266462,8.236330075675701,-0.47230020000000006,0.5661594,1.9649313000000002,-0.17316214163527638,0.11850420008417023,0.9777381162047558,-9.630280488373918,6.981129184459633,1.4138829530731598,1.4221822993459952,1.2593453699197796
05/10/2023 16:35:11.842626,1619,True,True,True,True,Eyes,1.379308,-0.3526351,-2.933188,-0.2338649,0.2479632,0.9401177,0.0,0.0,0.0,0.0,0.0,0.0,0.0,-1.178188,-0.04891402,3.044996,1.371397,-0.3552525,-2.942038,-0.06671953,-0.0322547,-0.00141303,0.9972494,352.3476,356.2892,0.08589227,0.4229369,-0.108177,-0.8996786,0,0,0,0.899719,0.2136032,-0.9769955,-0.3430638,0.2991165,2.049465,0.9979153,0.001485752,0.06452052,0.007122322,0.991093,-0.1329809,-0.0641434,0.1331632,0.9890162,moving,-9.996443364902381,6.942905738825657,-9.50274611053645,8.303610325706673,-0.47167799999999993,0.5688557000000001,1.9650425,-0.17235208139524505,0.11907129443066494,0.9778121582087598,-9.58348842969122,7.011875357844238,1.438538344959646,1.4474992061232697,1.2942559829110538
05/10/2023 16:35:11.852733,1620,True,True,True,True,Eyes,1.379377,-0.3526241,-2.933196,-0.2331924,0.248578,0.9401224,0.0,0.0,0.0,0.0,0.0,0.0,0.0,-1.178196,-0.04958674,3.045021,1.371443,-0.3552563,-2.942056,-0.06681763,-0.03226214,-0.001445061,0.9972425,352.3362,356.2886,0.08262561,0.4229476,-0.1081749,-0.8996738,0,0,0,0.9007151,0.2169203,-0.9769087,-0.3420984,0.3019734,2.050014,0.9979141,0.001429208,0.06453946,0.007193512,0.9910666,-0.1331735,-0.06415325,0.13336,0.9889891,moving,-9.957312495621059,6.966044587947811,-9.473998739784399,8.379584906596946,-0.4707279,0.5721766,1.9651473,-0.17167573317648524,0.11948049767473383,0.9778812288807034,-9.544545603938902,7.0339083849061135,1.484210106993749,1.4938836698443552,1.3475244565765672
05/10/2023 16:35:11.877576,1621,True,True,True,True,Eyes,1.37943,-0.3526112,-2.933203,-0.2324445,0.2493896,0.9400927,0.0,0.0,0.0,0.0,0.0,0.0,0.0,-1.177988,-0.05010611,3.045131,1.371455,-0.355286,-2.942087,-0.06692083,-0.03229606,-0.001412613,0.9972345,352.3245,356.2843,0.0870182,0.4229589,-0.1081725,-0.8996688,0,0,0,0.9014047,0.2198381,-0.9768906,-0.3412457,0.304496,2.050498,0.9979099,0.001505146,0.06460256,0.007139971,0.9910392,-0.1333802,-0.06422443,0.1335627,0.9889571,moving,-9.90974881841864,7.001636468765045,-9.4486202329673,8.446613948782733,-0.47005030000000014,0.5751241,1.9651964,-0.17085092148662798,0.12010541110903011,0.9779491579889011,-9.496814365442873,7.067894850905668,1.5064600165131543,1.5167727219589038,1.3795611712628126
05/10/2023 16:35:11.892723,1622,True,True,True,True,Eyes,1.379482,-0.3525996,-2.933208,-0.2317256,0.2501765,0.9400612,0.0,0.0,0.0,0.0,0.0,0.0,0.0,-1.177699,-0.05088928,3.045216,1.371505,-0.3552332,-2.942055,-0.06701812,-0.0323545,-0.001467193,0.9972261,352.3131,356.278,0.08154449,0.4229703,-0.1081699,-0.8996637,0,0,0,0.9021587,0.2230329,-0.9768191,-0.340344,0.3071648,2.051011,0.9979021,0.00141043,0.06472615,0.00726292,0.9910128,-0.1335695,-0.06433284,0.1337593,0.9889235,moving,-9.862946282396068,7.034391354871981,-9.42178696887258,8.51746407940564,-0.4693463,0.5782661,1.9652358999999997,-0.17004006455992815,0.1206816548131536,0.9780196364230446,-9.449967245480327,7.099149359746324,1.5362944269770484,1.5472964312516866,1.4185946468219781
05/10/2023 16:35:11.908492,1623,True,True,True,True,Eyes,1.379532,-0.3525899,-2.933214,-0.230977,0.2510681,0.9400077,0.0,0.0,0.0,0.0,0.0,0.0,0.0,-1.177668,-0.05160591,3.045206,1.371507,-0.3552549,-2.942041,-0.06711152,-0.03236322,-0.001536273,0.9972194,352.3021,356.2774,0.07399902,0.4229819,-0.1081671,-0.8996586,0,0,0,0.9031156,0.2262696,-0.9767053,-0.3394029,0.3099492,2.051546,0.9979005,0.001279887,0.06475266,0.007407892,0.9909874,-0.1337503,-0.06434026,0.1339492,0.9888974,moving,-9.820590312088742,7.073680214463056,-9.393792955013895,8.591318308043117,-0.4683914,0.5815245,1.9653357000000002,-0.16930274073752166,0.12136790317001196,0.9780626030499162,-9.407059174566655,7.136742838187668,1.5649646567772757,1.5765092346990546,1.4546359647988993
05/10/2023 16:35:11.924270,1624,True,True,True,True,Eyes,1.37958,-0.3525813,-2.93322,-0.2302619,0.2519189,0.9399555,0.0,0.0,0.0,0.0,0.0,0.0,0.0,-1.177562,-0.0519259,3.045207,1.371447,-0.355319,-2.942026,-0.06717209,-0.03237107,-0.001544017,0.997215,352.2952,356.2766,0.0733957,0.4229935,-0.1081642,-0.8996534,0,0,0,0.9039202,0.229167,-0.9765607,-0.3385007,0.3126188,2.052059,0.9978995,0.001269431,0.06476927,0.007428299,0.990971,-0.1338701,-0.06435441,0.13407,0.98888,moving,-9.77904545984102,7.115784576515572,-9.366965009379275,8.662064170321209,-0.46752680000000013,0.5844860000000001,1.9654653,-0.16857821424932617,0.12210199125386897,0.9780963685452565,-9.364783504581755,7.177059430746583,1.5882260019325716,1.6002471308746284,1.4850063419131527
05/10/2023 16:35:11.942305,1625,True,True,True,True,Eyes,1.379618,-0.352573,-2.933227,-0.229512,0.252829,0.9398945,0.0,0.0,0.0,0.0,0.0,0.0,0.0,-1.177283,-0.05151775,3.045327,1.371447,-0.355336,-2.942029,-0.06711405,-0.03241627,-0.00152463,0.9972175,352.3019,356.2712,0.0757631,0.4230051,-0.1081613,-0.8996484,0,0,0,0.9045577,0.2314653,-0.9763409,-0.3376493,0.3151389,2.052543,0.9978938,0.001310398,0.06485678,0.007391949,0.9909868,-0.1337557,-0.06444748,0.1339534,0.9888898,moving,-9.731140839211214,7.175392029484481,-9.341656672238534,8.728792498031675,-0.46688930000000006,0.5868013,1.9656881,-0.16773874623752555,0.12313736566843549,0.9781108499051379,-9.315449539677882,7.234218485627932,1.589124597668335,1.6014839780669192,1.4948037638264344
05/10/2023 16:35:11.956135,1626,True,True,True,True,Eyes,1.379656,-0.3525653,-2.933233,-0.2287923,0.2536998,0.9398354,0.0,0.0,0.0,0.0,0.0,0.0,0.0,-1.177208,-0.05085656,3.045408,1.371458,-0.3553425,-2.942065,-0.06702628,-0.03242742,-0.001472532,0.9972231,352.3122,356.2696,0.08152517,0.4230165,-0.1081583,-0.8996434,0,0,0,0.905327,0.2336838,-0.9760816,-0.3367801,0.3177104,2.053037,0.9978926,0.001410093,0.06487214,0.007283864,0.9910106,-0.1335848,-0.06447734,0.1337758,0.9889119,moving,-9.6882004288424,7.236988564458117,-9.315828267856716,8.796824271784974,-0.4661310000000001,0.5890263,1.9659833999999998,-0.1669832738963616,0.12420498968814593,0.9781052044273711,-9.270794665176702,7.29333457998517,1.5910730688938244,1.6036671911992915,1.5041639799964004
05/10/2023 16:35:11.972506,1627,True,True,True,True,Eyes,1.379665,-0.3525586,-2.933241,-0.2279972,0.2546193,0.9397799,0.0,0.0,0.0,0.0,0.0,0.0,0.0,-1.177408,-0.05035624,3.045313,1.371485,-0.3553508,-2.942025,-0.06702897,-0.0323897,-0.001277338,0.9972243,352.3126,356.2724,0.1037505,0.4230276,-0.1081553,-0.8996385,0,0,0,0.9062606,0.2363927,-0.9757847,-0.3358295,0.3205232,2.053577,0.9978986,0.001794512,0.06477083,0.006889681,0.991011,-0.1336031,-0.06442836,0.1337686,0.988916,moving,-9.643013754965882,7.294410740684427,-9.287592074562951,8.8711753174875,-0.4652244000000001,0.5917435,1.9662403000000002,-0.16619082958891962,0.12520218151762907,0.9781129758305596,-9.224196256411318,7.348405396313688,1.6033723810573715,1.6163264217234767,1.5240889943145752
05/10/2023 16:35:11.992844,1628,True,True,True,True,Eyes,1.379674,-0.3525513,-2.93325,-0.2272225,0.2555036,0.9397276,0.0,0.0,0.0,0.0,0.0,0.0,0.0,-1.177363,-0.05137426,3.045378,1.37152,-0.3553404,-2.942077,-0.0671539,-0.03240681,-0.00137358,0.9972154,352.2979,356.2711,0.09325813,0.4230377,-0.1081524,-0.8996341,0,0,0,0.9071769,0.2396007,-0.9758009,-0.3349572,0.3231041,2.054073,0.9978958,0.001612977,0.06481761,0.007091997,0.9909769,-0.1338448,-0.06444864,0.1340228,0.9888803,moving,-9.598692691792031,7.328997747735061,-9.261688605468397,8.939333447843268,-0.4643431000000001,0.5949411,1.9662761,-0.1654213713764522,0.12580911641681958,0.9781656058353938,-9.179643635443323,7.381446689691022,1.6316456387069087,1.6452212073887866,1.5600456814890162
05/10/2023 16:35:12.008791,1629,True,True,True,True,Eyes,1.37966,-0.3525469,-2.933258,-0.2264266,0.2563948,0.9396769,0.0,0.0,0.0,0.0,0.0,0.0,0.0,-1.178026,-0.05183542,3.045115,1.371508,-0.3553128,-2.942087,-0.06713884,-0.03230643,-0.00158548,0.9972193,352.2988,356.2844,0.06798668,0.423047,-0.1081495,-0.8996301,0,0,0,0.9086628,0.2424984,-0.9754934,-0.3340417,0.3258135,2.054594,0.9979076,0.001175888,0.06464608,0.007500174,0.9909798,-0.1338018,-0.06422029,0.1340067,0.9888973,moving,-9.569488639782627,7.377799575222644,-9.234509706791444,9.010820954278802,-0.46284519999999996,0.5978112,1.9665936,-0.16490490170631236,0.12665332279517658,0.9781437952910516,-9.148906983429374,7.4283197573158954,1.6532789045257743,1.6670242079833117,1.5848147729738125
05/10/2023 16:35:12.024803,1630,True,True,True,True,Eyes,1.379647,-0.3525406,-2.933267,-0.2256764,0.2572479,0.9396242,0.0,0.0,0.0,0.0,0.0,0.0,0.0,-1.17815,-0.05103424,3.045013,1.371429,-0.3553623,-2.942049,-0.06705633,-0.03226893,-0.001490029,0.9972262,352.3086,356.288,0.07839157,0.4230549,-0.1081467,-0.8996268,0,0,0,0.9095287,0.2447626,-0.9751104,-0.3331393,0.3284833,2.055107,0.997913,0.001355881,0.06455868,0.007299463,0.9910025,-0.1336444,-0.06415902,0.1338368,0.9889243,moving,-9.529264953352827,7.438826148922305,-9.207731499878463,9.081202194499427,-0.46190030000000004,0.6001249,1.9669385999999998,-0.16419572851701006,0.12771040180369075,0.9781256426476705,-9.106900787865605,7.486906392821185,1.6596004408757743,1.6735539539520967,1.5974811221838867
05/10/2023 16:35:12.042427,1631,True,True,True,True,Eyes,1.37961,-0.3525373,-2.933275,-0.2249293,0.2581101,0.9395669,0.0,0.0,0.0,0.0,0.0,0.0,0.0,-1.177158,-0.05075476,3.04542,1.371416,-0.3553116,-2.94208,-0.06705934,-0.03242203,-0.001341979,0.9972213,352.3089,356.2692,0.09666245,0.4230615,-0.1081441,-0.8996239,0,0,0,0.9096516,0.2474191,-0.9750748,-0.3322362,0.331156,2.05562,0.997894,0.0016719,0.06484385,0.007024898,0.9910025,-0.133659,-0.06448388,0.133833,0.9889036,moving,-9.46616404626089,7.491079989341633,-9.180943589150177,9.151599486350237,-0.46176439999999996,0.6027307,1.9670051999999998,-0.16309893939830306,0.12862612154566846,0.9781891586597029,-9.043310433517092,7.536854179664166,1.6701287670034888,1.6848369977835107,1.6206002872374838
05/10/2023 16:35:12.056833,1632,True,True,True,True,Eyes,1.379576,-0.3525378,-2.933283,-0.2242098,0.2589314,0.9395129,0.0,0.0,0.0,0.0,0.0,0.0,0.0,-1.177277,-0.05029511,3.045412,1.371464,-0.3553347,-2.942085,-0.06699987,-0.03240904,-0.00131159,0.9972256,352.3158,356.2705,0.0998407,0.4230665,-0.1081416,-0.8996219,0,0,0,0.9106674,0.2500365,-0.9747725,-0.3312728,0.3340068,2.056168,0.9978959,0.001726899,0.06481401,0.006958706,0.9910186,-0.133543,-0.06446251,0.133713,0.9889213,moving,-9.426260046514615,7.546081660850047,-9.152374056039974,9.226614827343145,-0.4607966,0.6053712,1.9673125,-0.1623972903213144,0.12958028494973137,0.9781799749724234,-9.001932003210165,7.5896291680546915,1.6876959246187584,1.702705276746858,1.6438840774141281
05/10/2023 16:35:12.079181,1633,True,True,True,True,Eyes,1.37945,-0.3525455,-2.93329,-0.2236972,0.2598958,0.9393688,0.0,0.0,0.0,0.0,0.0,0.0,0.0,-1.17753,-0.04962358,3.045323,1.371487,-0.355424,-2.942062,-0.06693079,-0.03236849,-0.001249807,0.9972317,352.3239,356.2747,0.1063892,0.4230701,-0.1081394,-0.8996205,0,0,0,0.9116463,0.2522469,-0.9744244,-0.3304021,0.3365831,2.056663,0.9979014,0.001840203,0.06472507,0.006825592,0.9910374,-0.1334101,-0.06439047,0.1335719,0.9889451,moving,-9.401419805978424,7.612173742700301,-9.126563863306624,9.294346275856999,-0.4598406999999999,0.6076709,1.9676376,-0.16194879002135706,0.13071831806154888,0.9781029175361343,-8.974483978242791,7.65322045357288,1.6896223742214722,1.7044794573501982,1.6481572303663123
05/10/2023 16:35:12.092424,1634,True,True,True,True,Eyes,1.379329,-0.3525523,-2.933298,-0.2232007,0.2608361,0.9392263,0.0,0.0,0.0,0.0,0.0,0.0,0.0,-1.177694,-0.0495888,3.045266,1.371542,-0.3554055,-2.942044,-0.06690854,-0.03235247,-0.00128344,0.9972337,352.3264,356.2768,0.102303,0.42307,-0.1081378,-0.8996208,0,0,0,0.912664,0.2548647,-0.97416,-0.3295183,0.3391983,2.057165,0.9979033,0.001769534,0.06469771,0.006889093,0.9910432,-0.1333638,-0.06435421,0.1335299,0.9889531,moving,-9.376691557115535,7.669312015124952,-9.100376177705806,9.36304242096873,-0.458878,0.6102702,1.9678840000000002,-0.16150539949776507,0.1317033685417993,0.9780441170025002,-8.94761892701784,7.7081721076171466,1.7013028125378893,1.7161214632356514,1.6619056927666247
05/10/2023 16:35:12.106130,1635,True,True,True,True,Eyes,1.379156,-0.3525638,-2.933305,-0.2227897,0.2619305,0.9390193,0.0,0.0,0.0,0.0,0.0,0.0,0.0,-1.177875,-0.05093959,3.045187,1.37154,-0.3553912,-2.942062,-0.06707726,-0.03232807,-0.001409825,0.997223,352.3065,356.2805,0.08817765,0.4230668,-0.1081368,-0.8996224,0,0,0,0.9138476,0.2585931,-0.9741382,-0.3285404,0.3420916,2.057721,0.9979059,0.001525136,0.06466571,0.007148775,0.9909973,-0.1336908,-0.06428745,0.1338731,0.9889111,moving,-9.35981440798752,7.71216493885576,-9.071408271801642,9.438970251374407,-0.4576924,0.6139843,1.9679238,-0.1612013044664748,0.132441508067823,0.9779946162468676,-8.929078836336279,7.749397724294363,1.7358960647342105,1.7507240464254465,1.6955568384644422
05/10/2023 16:35:12.122693,1636,True,True,True,True,Eyes,1.378988,-0.3525763,-2.933312,-0.2223952,0.262985,0.938818,0.0,0.0,0.0,0.0,0.0,0.0,0.0,-1.178241,-0.05167824,3.044977,1.371494,-0.3553994,-2.942023,-0.06714901,-0.03226721,-0.001539287,0.99722,352.2978,356.2885,0.07304697,0.4230594,-0.1081364,-0.8996259,0,0,0,0.9150718,0.2617255,-0.973924,-0.3276264,0.3447962,2.058241,0.9979129,0.001263408,0.06456173,0.007403437,0.9909772,-0.1338253,-0.06414828,0.134024,0.9888996,moving,-9.348395964077557,7.763831140703761,-9.044341739758714,9.509877599199841,-0.4564222,0.6171249,1.9680989999999998,-0.16098708007008808,0.13332807230481125,0.9779093810359067,-8.915332392004352,7.799169511729375,1.7577183794016618,1.7723225458569432,1.715565671242248
05/10/2023 16:35:12.142698,1637,True,True,True,True,Eyes,1.378837,-0.3525881,-2.933318,-0.2220757,0.2641272,0.938573,0.0,0.0,0.0,0.0,0.0,0.0,0.0,-1.178081,-0.0521057,3.045028,1.371467,-0.3554348,-2.942028,-0.06718566,-0.03229349,-0.001632359,0.9972164,352.2933,356.2862,0.06265669,0.4230484,-0.1081366,-0.899631,0,0,0,0.9158303,0.2643535,-0.9738126,-0.3268136,0.347201,2.058703,0.9979089,0.001083687,0.06462653,0.007594948,0.9909669,-0.1338918,-0.06418784,0.1341027,0.9888865,moving,-9.331081867551307,7.825484952776416,-9.020281968661923,9.572871890907901,-0.4556367,0.6197883,1.9682154,-0.1606683690953533,0.13438736391740633,0.9778168449310434,-8.895373702899523,7.858534790206504,1.7604674450280207,1.7748120150320645,1.7188815461505897
05/10/2023 16:35:12.152347,1638,True,True,True,True,Eyes,1.378691,-0.3526026,-2.933323,-0.2217748,0.2652201,0.9383359,0.0,0.0,0.0,0.0,0.0,0.0,0.0,-1.177702,-0.05277789,3.045161,1.371436,-0.3554388,-2.942039,-0.06724057,-0.03235701,-0.001763433,0.9972105,352.2865,356.2798,0.0482429,0.4230347,-0.1081374,-0.8996374,0,0,0,0.9165616,0.2673803,-0.9737456,-0.3259121,0.3498688,2.059215,0.9978998,0.0008343793,0.06477063,0.007868434,0.9909511,-0.1339919,-0.06429634,0.1342201,0.9888635,moving,-9.311386501507776,7.88118100307282,-8.993607252360048,9.642697565389806,-0.4548744000000001,0.6228191000000001,1.9682933999999999,-0.16031112553307617,0.13534577757032157,0.977743262882472,-8.873435973976477,7.9121327746391135,1.7757286717422773,1.7899509072893443,1.73473214968027
05/10/2023 16:35:12.172474,1639,True,True,True,True,Eyes,1.378516,-0.352616,-2.933329,-0.2215057,0.266366,0.9380748,0.0,0.0,0.0,0.0,0.0,0.0,0.0,-1.177256,-0.05236313,3.045324,1.371401,-0.3555168,-2.94203,-0.06721112,-0.03242135,-0.001697117,0.9972104,352.2901,356.2719,0.05627969,0.4230186,-0.1081387,-0.8996449,0,0,0,0.9170755,0.2698001,-0.9735518,-0.3250252,0.3524935,2.05972,0.997892,0.0009733851,0.06488995,0.007742916,0.9909596,-0.1339372,-0.06443369,0.1341573,0.9888631,moving,-9.289383673507638,7.954137656374756,-8.967368113073178,9.711327216983477,-0.45432550000000005,0.6253169000000001,1.9684781999999998,-0.1599078527068368,0.13659970763419482,0.977634875605648,-8.848358520144249,7.982369882468628,1.7725240966628464,1.7864515591177363,1.7330483974147406
05/10/2023 16:35:12.192477,1640,True,True,True,True,Eyes,1.378347,-0.3526291,-2.933333,-0.2212445,0.2674658,0.9378235,0.0,0.0,0.0,0.0,0.0,0.0,0.0,-1.17698,-0.05180073,3.045417,1.371387,-0.3554361,-2.942022,-0.06710676,-0.03246449,-0.001689516,0.9972161,352.3021,356.2669,0.05709689,0.4229996,-0.1081405,-0.8996536,0,0,0,0.9177748,0.272205,-0.9732417,-0.3241124,0.3551943,2.060238,0.9978864,0.0009875477,0.06497496,0.007726797,0.9909877,-0.1337302,-0.06452145,0.1339496,0.9888855,moving,-9.271775204250668,8.031700042567051,-8.940379651465976,9.781889885182744,-0.4536121999999999,0.6276411,1.9687803000000001,-0.1595776840354145,0.1379304934603647,0.9775019907058062,-8.82727209758582,8.057084801309578,1.7677884936944217,1.7812881568125403,1.7285097327176009
05/10/2023 16:35:12.206777,1641,True,True,True,True,Eyes,1.378175,-0.3526432,-2.933338,-0.2209954,0.2686056,0.9375564,0.0,0.0,0.0,0.0,0.0,0.0,0.0,-1.177306,-0.05162206,3.045274,1.37138,-0.3554431,-2.942004,-0.0671279,-0.03240416,-0.001576848,0.9972169,352.3001,356.273,0.06970005,0.4229781,-0.1081428,-0.8996633,0,0,0,0.9187762,0.2748798,-0.9729869,-0.3232211,0.3578317,2.060745,0.9978949,0.001205526,0.06483965,0.007495365,0.9909828,-0.1337799,-0.06441624,0.1339843,0.9888876,moving,-9.263817768513073,8.100088821266036,-8.914030996979783,9.850727575666236,-0.4526038,0.6303229,1.9690170999999999,-0.15941556790433065,0.13910083661124362,0.9773625592978645,-8.815974255393963,8.123020163082,1.7722431787271236,1.7852413937469533,1.730487800612574
05/10/2023 16:35:12.227650,1642,True,True,True,True,Eyes,1.37801,-0.3526576,-2.933342,-0.2207504,0.2696927,0.937302,0.0,0.0,0.0,0.0,0.0,0.0,0.0,-1.177854,-0.05104229,3.045071,1.371315,-0.3554683,-2.94203,-0.06709848,-0.03229599,-0.001434239,0.9972226,352.304,356.2844,0.08519349,0.4229544,-0.1081455,-0.8996741,0,0,0,0.9199013,0.277386,-0.9726636,-0.3223063,0.3605389,2.061265,0.9979098,0.001473514,0.06460506,0.007194534,0.9909915,-0.1337316,-0.06422012,0.1339169,0.9889095,moving,-9.260855269409134,8.171935468199603,-8.886998722391054,9.92132400052794,-0.45141370000000003,0.6328543,1.9693664,-0.15933716483973168,0.14032809964005932,0.9771998890143694,-8.809307193689813,8.19233018420744,1.7765199416903514,1.7888904255963185,1.7307384523683707
05/10/2023 16:35:12.242592,1643,True,True,True,True,Eyes,1.377836,-0.3526709,-2.933348,-0.2205012,0.2708183,0.9370362,0.0,0.0,0.0,0.0,0.0,0.0,0.0,-1.178565,-0.05014703,3.044816,1.371325,-0.3554917,-2.942028,-0.06704989,-0.03217003,-0.001214907,0.9972302,352.3104,356.2973,0.1093243,0.4229289,-0.1081486,-0.8996858,0,0,0,0.9210973,0.2797671,-0.9722696,-0.321389,0.3632533,2.061787,0.9979272,0.00189091,0.06432477,0.006737077,0.9910057,-0.1336502,-0.06399893,0.1338065,0.9889388,moving,-9.257970844912263,8.250037877211907,-8.859899813789816,9.992038985050026,-0.4502276999999999,0.6352588,1.9697584000000001,-0.1592574291104624,0.14166189684023392,0.9770205469607705,-8.802383490113515,8.267677643414729,1.7752302875070636,1.7869046996211415,1.7253203076575439
05/10/2023 16:35:12.259243,1644,True,True,True,True,Eyes,1.377669,-0.3526841,-2.933353,-0.220253,0.2718962,0.9367822,0.0,0.0,0.0,0.0,0.0,0.0,0.0,-1.179317,-0.0505473,3.044559,1.371401,-0.3554528,-2.942039,-0.06712054,-0.03205783,-0.001196295,0.9972291,352.3023,356.3101,0.1108648,0.4229014,-0.108152,-0.8996983,0,0,0,0.9225261,0.2828925,-0.9720531,-0.3204539,0.3660199,2.062318,0.9979417,0.001917517,0.06409858,0.006689437,0.9909868,-0.1337924,-0.0637774,0.1339458,0.9889343,moving,-9.257796702370845,8.307241955911895,-8.832289827012778,10.064050390587386,-0.4488749000000001,0.6383453,1.9699858999999997,-0.15923188316058587,0.1426378524345953,0.9768825253111351,-8.799180753782997,8.322878599012837,1.7964184963262462,1.8076039325925182,1.741486554213113
05/10/2023 16:35:12.275141,1645,True,True,True,True,Eyes,1.377508,-0.3526956,-2.933359,-0.2200011,0.2729716,0.9365287,0.0,0.0,0.0,0.0,0.0,0.0,0.0,-1.179969,-0.05036047,3.04431,1.371383,-0.355463,-2.942047,-0.06708458,-0.0319488,-0.001218592,0.997235,352.3064,356.3228,0.1073127,0.4228724,-0.1081556,-0.8997114,0,0,0,0.9238278,0.2853997,-0.9717156,-0.3195776,0.3686131,2.062816,0.9979556,0.001856099,0.06388441,0.006716988,0.9909964,-0.1337203,-0.06355742,0.133876,0.9889579,moving,-9.258401834483287,8.375575053808596,-8.80642349600623,10.131484250908526,-0.44755520000000004,0.6408627,1.9703314,-0.15921508142681845,0.14380322449049862,0.976714479673485,-8.796138663322864,8.38882502045281,1.802597519320851,1.8131468575139196,1.7426895797232034
05/10/2023 16:35:12.292497,1646,True,True,True,True,Eyes,1.377351,-0.3527064,-2.933366,-0.2197607,0.2740113,0.9362815,0.0,0.0,0.0,0.0,0.0,0.0,0.0,-1.180011,-0.05060911,3.044282,1.371302,-0.3554467,-2.942079,-0.06713224,-0.031927,-0.001197126,0.9972325,352.301,356.3251,0.1097966,0.4228421,-0.1081595,-0.8997252,0,0,0,0.9246941,0.2882902,-0.971582,-0.3186806,0.3712671,2.063327,0.9979585,0.001899036,0.06383801,0.006674287,0.9909837,-0.1338165,-0.06351654,0.1339693,0.9889478,moving,-9.248385799775063,8.432851498455033,-8.779950157740036,10.20042971126175,-0.44660790000000006,0.6437369,1.9704970000000002,-0.15902135089089675,0.1447841178794229,0.9766011336288429,-8.78344624817497,8.44402133714532,1.8183599072141112,1.828596371296234,1.7564118535567468
05/10/2023 16:35:12.308268,1647,True,True,True,True,Eyes,1.377219,-0.3527171,-2.933371,-0.2195074,0.2750492,0.9360366,0.0,0.0,0.0,0.0,0.0,0.0,0.0,-1.17981,-0.05127493,3.044344,1.371272,-0.3554434,-2.942089,-0.06722717,-0.03195639,-0.001230384,0.997225,352.2899,356.322,0.1065442,0.4228109,-0.1081635,-0.8997394,0,0,0,0.9254901,0.2914738,-0.97153,-0.3177575,0.3739985,2.063851,0.9979545,0.001842735,0.06390085,0.006750616,0.990958,-0.1340026,-0.06356999,0.1341598,0.9889186,moving,-9.232958413130087,8.483204218001331,-8.752724071437239,10.271328342450632,-0.44578190000000006,0.6469172000000001,1.9705590000000002,-0.15873802395122752,0.14564905062350147,0.9765186487822404,-8.76590557887793,8.492495271202257,1.8413880018843012,1.851489375443116,1.778881909376037
05/10/2023 16:35:12.327481,1648,True,True,True,True,Eyes,1.377091,-0.3527271,-2.933378,-0.2192692,0.276049,0.935798,0.0,0.0,0.0,0.0,0.0,0.0,0.0,-1.179441,-0.0513835,3.044486,1.37126,-0.3554975,-2.942088,-0.0672558,-0.03201466,-0.001222662,0.9972212,352.2867,356.3152,0.107995,0.4227793,-0.1081676,-0.8997537,0,0,0,0.926104,0.2941832,-0.9714159,-0.3168744,0.3766114,2.064353,0.9979472,0.001867813,0.06401585,0.006744872,0.9909503,-0.1340595,-0.06368692,0.1342161,0.9889035,moving,-9.214328939790843,8.53965747082238,-8.726684023554322,10.339084085805295,-0.4451559999999999,0.6496807,1.9706721,-0.15839754362680006,0.14661924748926145,0.9764286680102744,-8.74495500911571,8.546832026024864,1.854387945520205,1.8643319733996395,1.7923451884892545
05/10/2023 16:35:12.342360,1649,True,True,True,True,Eyes,1.376977,-0.3527381,-2.933383,-0.2189782,0.2770696,0.9355645,0.0,0.0,0.0,0.0,0.0,0.0,0.0,-1.178994,-0.05169344,3.044691,1.371235,-0.3554908,-2.942139,-0.06730727,-0.03208278,-0.001212955,0.9972156,352.2809,356.3072,0.1098375,0.4227476,-0.1081718,-0.8997681,0,0,0,0.9266812,0.2970953,-0.9713877,-0.3159738,0.3792763,2.064865,0.9979385,0.001899653,0.06415018,0.006737964,0.9909365,-0.1341619,-0.06382362,0.1343175,0.9888809,moving,-9.19137086425168,8.594623754379048,-8.700137036172421,10.408124191888009,-0.4445538,0.6525861,1.9707513,-0.15798379873853802,0.14756581684103331,0.9763531113361754,-8.719911323468033,8.599701092700691,1.8689750237191616,1.8788545741207838,1.8085312073924273
05/10/2023 16:35:12.352917,1650,True,True,True,True,Eyes,1.376869,-0.3527479,-2.933391,-0.2187013,0.2780466,0.9353395,0.0,0.0,0.0,0.0,0.0,0.0,0.0,-1.178898,-0.05150568,3.044706,1.371241,-0.3555567,-2.942102,-0.06731288,-0.03209691,-0.001152643,0.9972149,352.2804,356.3051,0.1169235,0.4227161,-0.108176,-0.8997823,0,0,0,0.9274662,0.2997619,-0.9711599,-0.3150582,0.3819858,2.065385,0.997937,0.002022204,0.0641702,0.006619936,0.9909353,-0.1341768,-0.06385985,0.1343248,0.9888775,moving,-9.174191473659578,8.653551413111263,-8.673159711670857,10.478256191265405,-0.4437747999999999,0.6553186,1.9709421000000003,-0.15766691025958568,0.1485775356955948,0.976250998437041,-8.700227099802373,8.656436636430787,1.8825687255355428,1.8922421499216426,1.82202061840092
05/10/2023 16:35:12.372421,1651,True,True,True,True,Eyes,1.376751,-0.3527559,-2.933398,-0.218369,0.2790282,0.9351247,0.0,0.0,0.0,0.0,0.0,0.0,0.0,-1.178721,-0.05130565,3.044837,1.371251,-0.3555354,-2.942162,-0.06728568,-0.03212555,-0.00112511,0.9972159,352.2837,356.3016,0.1202194,0.4226849,-0.1081802,-0.8997964,0,0,0,0.9282432,0.3024527,-0.9709955,-0.3141284,0.3847378,2.065914,0.9979334,0.002079224,0.06422362,0.006567134,0.9909427,-0.1341244,-0.06392081,0.134269,0.9888811,moving,-9.153013868224031,8.715593391244989,-8.645770076701329,10.549415433368667,-0.44300779999999995,0.6579881000000001,1.9711665000000003,-0.1572804642127374,0.14964389220838814,0.9761503584018604,-8.676524079248592,8.716147262716735,1.8931790324102216,1.9026821979029984,1.833526109494533
05/10/2023 16:35:12.392304,1652,True,True,True,True,Eyes,1.376635,-0.3527617,-2.933405,-0.2180431,0.2799773,0.9349171,0.0,0.0,0.0,0.0,0.0,0.0,0.0,-1.179182,-0.05137876,3.044573,1.370952,-0.355464,-2.942222,-0.06730748,-0.03199795,-0.001080352,0.9972185,352.2813,356.3159,0.1244689,0.4226538,-0.1081844,-0.8998106,0,0,0,0.9292606,0.305187,-0.9707717,-0.3132634,0.3872971,2.066406,0.99795,0.002152707,0.06396331,0.006462097,0.9909371,-0.1341714,-0.06367245,0.1343097,0.9888917,moving,-9.149221813364765,8.771107632082963,-8.620298854875537,10.615529571360181,-0.44169139999999996,0.660651,1.9714503,-0.15719298247493466,0.15059175205938896,0.9760187274420652,-8.669923969056072,8.769690138483833,1.9096624844130026,1.9187630875395043,1.8465063942263262
05/10/2023 16:35:12.407385,1653,True,True,True,True,Eyes,1.376481,-0.3527719,-2.933417,-0.2176532,0.2809021,0.9347304,0.0,0.0,0.0,0.0,0.0,0.0,0.0,-1.179522,-0.05209506,3.044403,1.370886,-0.3554199,-2.942231,-0.06738146,-0.0319357,-0.001173224,0.9972154,352.2725,356.3238,0.1135506,0.4226228,-0.1081885,-0.8998246,0,0,0,0.9304684,0.3084284,-0.9706104,-0.312323,0.3900788,2.06694,0.9979575,0.001963832,0.06385165,0.006643662,0.9909167,-0.1343127,-0.06353542,0.1344626,0.9888797,moving,-9.137396045814175,8.815801414484513,-8.592620862328467,10.687324660196376,-0.4404176000000001,0.6638483,1.9716206,-0.15697291731832838,0.15135839903748644,0.975935430347824,-8.656154850285953,8.812730417860841,1.940238058869954,1.949199645952603,1.8756705843573171
05/10/2023 16:35:12.427308,1654,True,True,True,True,Eyes,1.376337,-0.3527773,-2.933428,-0.2172857,0.2817883,0.9345492,0.0,0.0,0.0,0.0,0.0,0.0,0.0,-1.179459,-0.0504407,3.044478,1.370894,-0.3555124,-2.94224,-0.06720745,-0.03193739,-0.000970678,0.9972274,352.2932,356.3221,0.1362707,0.4225908,-0.1081926,-0.8998391,0,0,0,0.9311111,0.3101402,-0.9701837,-0.3114432,0.3926823,2.06744,0.9979581,0.002356888,0.06382814,0.006228834,0.9909645,-0.1339802,-0.0635672,0.1341042,0.9889264,moving,-9.1131246249765,8.892619924819215,-8.566734067959546,10.75445506153932,-0.4397829000000001,0.6656526,1.9720563,-0.1565273513556992,0.15267767395456666,0.9758015396664488,-8.6286859888835,8.886677074320682,1.9316756480768738,1.9403537608185957,1.8688051396666998
05/10/2023 16:35:12.442663,1655,True,True,True,True,Eyes,1.3762,-0.3527832,-2.93344,-0.2168407,0.2827042,0.9343759,0.0,0.0,0.0,0.0,0.0,0.0,0.0,-1.179048,-0.05038571,3.044688,1.370986,-0.3554046,-2.942262,-0.0671996,-0.03201725,-0.0009190909,0.9972254,352.2943,356.3125,0.142811,0.4225583,-0.1081967,-0.8998539,0,0,0,0.9317113,0.3128914,-0.9700581,-0.3105408,0.3953526,2.067953,0.9979481,0.002470011,0.06398035,0.006136174,0.9909667,-0.1339674,-0.06373329,0.1340851,0.9889182,moving,-9.078605557741268,8.948478502491442,-8.540191013177777,10.82324227978555,-0.4392747,0.668296,1.9722038999999998,-0.15591579493860225,0.15364396711029232,0.9757477505145554,-8.592452216884768,8.94031972938052,1.941757587182195,1.9505459344633704,1.8836476751868139
05/10/2023 16:35:12.452708,1656,True,True,True,True,Eyes,1.37607,-0.3527881,-2.933452,-0.2164091,0.2836086,0.9342019,0.0,0.0,0.0,0.0,0.0,0.0,0.0,-1.179326,-0.05243495,3.044611,1.371048,-0.3554346,-2.942296,-0.06748392,-0.03198781,-0.001062722,0.997207,352.2611,356.3169,0.1270832,0.4225254,-0.1082007,-0.8998688,0,0,0,0.9329357,0.3168042,-0.9702452,-0.3096432,0.3980084,2.068464,0.9979513,0.002197817,0.06394036,0.006436833,0.9908896,-0.1345229,-0.0636535,0.1346589,0.9888454,moving,-9.061059200534741,8.966611991329044,-8.513795588958157,10.891586814068551,-0.4381123,0.6722387999999999,1.9720507999999999,-0.15560922226544854,0.15396031149891917,0.975746851877821,-8.574578588206872,8.957685881778492,1.9922474184047196,2.0012559878078675,1.934855909082129
05/10/2023 16:35:12.472765,1657,True,True,True,True,Eyes,1.37592,-0.3527948,-2.933461,-0.2158921,0.2845383,0.9340388,0.0,0.0,0.0,0.0,0.0,0.0,0.0,-1.179435,-0.05475369,3.044517,1.371074,-0.3554181,-2.942276,-0.06778206,-0.03198358,-0.001262743,0.9971867,352.2261,356.3187,0.1050978,0.4224924,-0.1082046,-0.8998839,0,0,0,0.9340938,0.3208803,-0.9704216,-0.3087387,0.4006854,2.068978,0.9979509,0.001817443,0.06395836,0.006854206,0.990808,-0.1351019,-0.063616,0.1352635,0.9887653,moving,-9.03703935780383,8.983175920475142,-8.487210519270933,10.960416611401367,-0.43698019999999993,0.6762984000000001,1.9718544000000002,-0.15519298954114139,0.1542526125139896,0.9757669754837124,-8.550548938045065,8.973488415693986,2.0429169287856617,2.05226521228053,1.9879374764287228
05/10/2023 16:35:12.492592,1658,True,True,True,True,Eyes,1.375776,-0.3528034,-2.933472,-0.2153965,0.2853998,0.9338905,0.0,0.0,0.0,0.0,0.0,0.0,0.0,-1.179921,-0.05596846,3.044244,1.371046,-0.3554377,-2.942221,-0.06781445,-0.03192024,-0.001677599,0.9971859,352.2209,356.3293,0.05687672,0.4224588,-0.1082085,-0.8998992,0,0,0,0.9348097,0.3214181,-0.9703538,-0.3087,0.4008,2.069,0.9979566,0.0009835503,0.06388835,0.007675061,0.9907968,-0.1351401,-0.06343328,0.1353543,0.9887646,moving,-9.027301482011463,9.021747594470417,-8.48607322893318,10.963361697755134,-0.4362363,0.6768558,1.9718672,-0.15501093077623526,0.1549139677910769,0.9756912616015635,-8.5391169779606,9.010636623190704,2.0065230101469256,2.015637206444723,1.953445380895904
05/10/2023 16:35:12.507498,1659,True,True,True,True,Eyes,1.375601,-0.3528133,-2.933485,-0.2148248,0.2862879,0.9337503,0.0,0.0,0.0,0.0,0.0,0.0,0.0,-1.179844,-0.05344856,3.044354,1.371014,-0.3554846,-2.942266,-0.06740966,-0.03192767,-0.001661222,0.997213,352.2674,356.3285,0.05731751,0.4224247,-0.1082125,-0.8999147,0,0,0,0.9347129,0.3197479,-0.9698565,-0.3087,0.4008,2.069,0.9979557,0.0009912823,0.06390134,0.007617651,0.9909064,-0.1343375,-0.06345341,0.1345496,0.9888731,static,-8.995877264862203,9.120537770995542,-8.48607322893318,10.963361697755134,-0.4363011,0.6752324999999999,1.9724095,-0.15443395014220285,0.15661035339734863,0.9755118817235254,-8.503588408381113,9.105731942714977,1.9034218608955198,1.912040841636801,1.8577123265784854
05/10/2023 16:35:12.522666,1660,True,True,True,True,Eyes,1.375435,-0.3528236,-2.933499,-0.2142846,0.2871304,0.9336157,0.0,0.0,0.0,0.0,0.0,0.0,0.0,-1.179162,-0.05222639,3.044683,1.371054,-0.3554693,-2.942295,-0.06724862,-0.03204085,-0.001547456,0.9972205,352.2863,356.3147,0.07071816,0.4223895,-0.1082165,-0.8999307,0,0,0,0.9341673,0.3190326,-0.9697649,-0.3086999,0.4008,2.069,0.997942,0.001223097,0.06411171,0.007395715,0.9909505,-0.1340242,-0.06369545,0.1342226,0.988902,static,-8.950815256803088,9.190431820262454,-8.486070519988186,10.963361697755134,-0.43688669999999996,0.6745019,1.9725301000000002,-0.1536367142215451,0.1578200919062068,0.9754427765490571,-8.456448475100006,9.172839133414302,1.8241636182972427,1.832830603439217,1.7907675781510646
05/10/2023 16:35:12.542406,1661,True,True,True,True,Eyes,1.375281,-0.3528343,-2.933511,-0.2137175,0.2879936,0.9334798,0.0,0.0,0.0,0.0,0.0,0.0,0.0,-1.178465,-0.05149159,3.045003,1.371083,-0.3554892,-2.942317,-0.06711816,-0.03216136,-0.001566431,0.9972254,352.3012,356.301,0.06897864,0.4223535,-0.1082207,-0.8999471,0,0,0,0.9337268,0.3185022,-0.9697168,-0.3086999,0.4008,2.069,0.9979264,0.001193051,0.06435451,0.007441391,0.9909854,-0.1337631,-0.06393397,0.1339646,0.9889216,static,-8.90666156640152,9.255191866931451,-8.486070519988186,10.963361697755134,-0.4373562000000001,0.6739914,1.9726002,-0.1528571037039236,0.1589419542948273,0.9753830947209607,-8.410456377387764,9.234998854463793,1.7504152074936432,1.7591875963805776,1.7300160740962283
05/10/2023 16:35:12.552810,1662,True,True,True,True,Eyes,1.375134,-0.3528435,-2.933524,-0.2131745,0.2888186,0.933349,0.0,0.0,0.0,0.0,0.0,0.0,0.0,-1.178851,-0.0506449,3.044858,1.371099,-0.3555247,-2.942296,-0.06699389,-0.03210015,-0.001546702,0.9972357,352.3156,356.308,0.07031316,0.422317,-0.1082249,-0.8999637,0,0,0,0.9339624,0.3179601,-0.9694738,-0.3086999,0.4008,2.069,0.9979344,0.001216176,0.06423007,0.00738588,0.9910189,-0.1335181,-0.06381559,0.1337167,0.9889628,static,-8.883395725016712,9.31856155653849,-8.486070519988186,10.963361697755134,-0.4371366000000001,0.6734848,1.9728221999999997,-0.15243383796632484,0.16003121662558692,0.9752711631671475,-8.384670227388332,9.295974928709622,1.683576477679217,1.6921095777452628,1.6704671972018392
05/10/2023 16:35:12.577600,1663,True,True,True,True,Eyes,1.374999,-0.3528509,-2.933539,-0.2126005,0.2897105,0.9332035,0.0,0.0,0.0,0.0,0.0,0.0,0.0,-1.178793,-0.05035287,3.044937,1.371122,-0.3554977,-2.942343,-0.06695912,-0.03211056,-0.001500649,0.9972379,352.3197,356.3064,0.07557391,0.4222803,-0.1082292,-0.8999804,0,0,0,0.933892,0.3178138,-0.9694818,-0.3086999,0.4008,2.069,0.9979333,0.001307182,0.06424469,0.007293198,0.9910284,-0.133452,-0.06384277,0.1336447,0.9889708,static,-8.84932509391331,9.375941190699983,-8.486070519988186,10.963361697755134,-0.4372299999999999,0.6733115000000001,1.9728612,-0.15182905829970617,0.16102300107691436,0.97520226056073,-8.34878797050558,9.351088805517097,1.6198921997853923,1.628452563539005,1.6181070352229636
05/10/2023 16:35:12.592603,1664,True,True,True,True,Eyes,1.374871,-0.3528588,-2.933555,-0.2120436,0.2905706,0.9330629,0.0,0.0,0.0,0.0,0.0,0.0,0.0,-1.178697,-0.05080378,3.045052,1.371188,-0.3554831,-2.942401,-0.06704023,-0.0321352,-0.001475334,0.9972316,352.3105,356.3033,0.078988,0.4222437,-0.1082334,-0.8999971,0,0,0,0.9338351,0.3181313,-0.9696712,-0.3086999,0.4008,2.069,0.9979303,0.001366203,0.06429028,0.007251201,0.9910069,-0.1336144,-0.06389466,0.1338041,0.9889459,static,-8.81466281770384,9.41771330010047,-8.486070519988186,10.963361697755134,-0.43735290000000004,0.6736144,1.9727297999999998,-0.15122088034630304,0.161749213501643,0.9751766888726469,-8.313163511119777,9.391136851971828,1.5714154821125712,1.5801904528538597,1.5817040808615759
05/10/2023 16:35:12.607452,1665,True,True,True,True,Eyes,1.374739,-0.3528654,-2.933573,-0.211459,0.2914797,0.932912,0.0,0.0,0.0,0.0,0.0,0.0,0.0,-1.179052,-0.05124849,3.044939,1.37121,-0.3555036,-2.942422,-0.06707697,-0.03208497,-0.001573019,0.9972305,352.3059,356.3098,0.06747173,0.4222074,-0.1082375,-0.9000137,0,0,0,0.9341662,0.3183322,-0.9696989,-0.3086999,0.4008001,2.069,0.9979362,0.001167001,0.06420325,0.00744165,0.9909964,-0.1336815,-0.0637812,0.1338834,0.9889425,static,-8.790347586251906,9.465222741841139,-8.486070519988186,10.963364366844228,-0.4370438000000001,0.6738358,1.9727231,-0.15078643973222838,0.16256868282393314,0.9751076847686415,-8.287207381533452,9.436799752874077,1.5199837929293893,1.5287291655558073,1.5394629155851414
05/10/2023 16:35:12.622695,1666,True,True,True,True,Eyes,1.374612,-0.3528704,-2.93359,-0.2109012,0.2923607,0.9327625,0.0,0.0,0.0,0.0,0.0,0.0,0.0,-1.17884,-0.05168083,3.04508,1.371225,-0.3554723,-2.942487,-0.06713667,-0.03212197,-0.001583528,0.9972254,352.299,356.3056,0.06677053,0.4221711,-0.1082416,-0.9000302,0,0,0,0.9340463,0.3186074,-0.9698772,-0.3086999,0.4008001,2.069,0.9979314,0.001154855,0.06427831,0.007471392,0.9909803,-0.133799,-0.06385306,0.1340025,0.9889217,static,-8.755328461921032,9.509946985366529,-8.486070519988186,10.963364366844228,-0.4371786999999999,0.6740797000000001,1.9726097999999999,-0.1501708918660327,0.16334525558802843,0.9750728214780794,-8.251082361876184,9.479693925941115,1.4691841112905843,1.4781481400980767,1.5021642425721993
05/10/2023 16:35:12.642370,1667,True,True,True,True,Eyes,1.374488,-0.352876,-2.933607,-0.2103211,0.2932965,0.9325997,0.0,0.0,0.0,0.0,0.0,0.0,0.0,-1.178486,-0.05247766,3.045202,1.371235,-0.3554417,-2.942485,-0.06724115,-0.03218389,-0.001633465,0.9972163,352.2869,356.2988,0.06188509,0.422135,-0.1082455,-0.9000467,0,0,0,0.9338651,0.3190882,-0.9700711,-0.3087,0.4008,2.069,0.9979231,0.001070326,0.06440825,0.007585998,0.990952,-0.1340028,-0.06396891,0.1342131,0.9888856,static,-8.717178455817029,9.551918684912422,-8.48607322893318,10.963361697755134,-0.4373699,0.6745299,1.9724139,-0.14950322888561277,0.16407628838978736,0.9750526952932121,-8.21208576007217,9.519908186810657,1.4209438619496533,1.4302380936038404,1.4692267256454334
05/10/2023 16:35:12.653022,1668,True,True,True,True,Eyes,1.374369,-0.3528828,-2.933623,-0.2097667,0.2941982,0.9324406,0.0,0.0,0.0,0.0,0.0,0.0,0.0,-1.177703,-0.05386794,3.045507,1.371244,-0.3554698,-2.942504,-0.06742476,-0.03231892,-0.001746297,0.9971993,352.2654,356.284,0.05061602,0.4220992,-0.1082494,-0.900063,0,0,0,0.9334598,0.319869,-0.9704592,-0.3087,0.4008,2.069,0.9979049,0.0008753799,0.0646923,0.007841001,0.9909017,-0.134359,-0.06422132,0.1345847,0.9888188,static,-8.673565359496038,9.581284010128996,-8.48607322893318,10.963361697755134,-0.43778419999999996,0.6753388,1.9720448,-0.14874796085868272,0.16459497129046569,0.9750808486514153,-8.168492523727123,9.547915883526587,1.3848403328173349,1.3947372633069688,1.4506358458745918
05/10/2023 16:35:12.677786,1669,True,True,True,True,Eyes,1.374236,-0.3528865,-2.93364,-0.2091769,0.2951482,0.9322728,0.0,0.0,0.0,0.0,0.0,0.0,0.0,-1.177374,-0.05425569,3.045616,1.371253,-0.355507,-2.942484,-0.06745724,-0.03237872,-0.001833362,0.9971951,352.2614,356.2778,0.0411648,0.4220638,-0.1082532,-0.9000792,0,0,0,0.933323,0.3200236,-0.9705372,-0.3086999,0.4008,2.069,0.9978965,0.0007119187,0.06482314,0.008024797,0.9908923,-0.1344173,-0.06432845,0.1346548,0.9888023,static,-8.63642603635683,9.631616300273581,-8.486070519988186,10.963361697755134,-0.43793000000000004,0.6755306000000001,1.9719468,-0.14809393694675038,0.16546789482738739,0.9750325998127932,-8.130026480046041,9.59620581135388,1.3300360627730263,1.3402061725778545,1.4127570831887286
05/10/2023 16:35:12.692518,1670,True,True,True,True,Eyes,1.374109,-0.3528916,-2.933656,-0.208613,0.2960584,0.9321105,0.0,0.0,0.0,0.0,0.0,0.0,0.0,-1.176829,-0.05392,3.045824,1.371209,-0.355416,-2.942506,-0.06738348,-0.03246126,-0.00183444,0.9971973,352.2698,356.2683,0.04140621,0.4220284,-0.1082568,-0.9000953,0,0,0,0.9329447,0.3198183,-0.9705323,-0.3087,0.4008,2.069,0.9978858,0.0007161075,0.06498778,0.008033303,0.9909122,-0.1342701,-0.06449334,0.1345083,0.9888115,static,-8.596300736491296,9.69342182978132,-8.48607322893318,10.963361697755134,-0.43826429999999994,0.6752343000000001,1.9719737,-0.14738415108183966,0.1665374225867048,0.9749580211875141,-8.088073785124596,9.655544888287828,1.2642983069404854,1.2747146236282945,1.367036343480738
05/10/2023 16:35:12.707546,1671,True,True,True,True,Eyes,1.373991,-0.3528958,-2.933672,-0.2080431,0.2969526,0.9319534,0.0,0.0,0.0,0.0,0.0,0.0,0.0,-1.176541,-0.05388939,3.045931,1.37121,-0.3554531,-2.942496,-0.0673543,-0.03251238,-0.001903284,0.9971975,352.2729,356.2629,0.03375557,0.421993,-0.1082604,-0.9001114,0,0,0,0.9328132,0.3197143,-0.9705288,-0.3087,0.4008001,2.069,0.9978787,0.0005837953,0.06509892,0.008175597,0.9909195,-0.1342073,-0.06458614,0.1344548,0.9888127,static,-8.560976349215682,9.747913017692275,-8.48607322893318,10.963364366844228,-0.43839680000000003,0.6751674000000001,1.9719672,-0.14675925800488152,0.16748031101388966,0.9748907546430405,-8.051136372577371,9.70786191039916,1.207097901841791,1.2177571431050442,1.3287048156593222
05/10/2023 16:35:12.727452,1672,True,True,True,True,Eyes,1.373879,-0.3528979,-2.933689,-0.2075025,0.2978237,0.931796,0.0,0.0,0.0,0.0,0.0,0.0,0.0,-1.17629,-0.05229545,3.046092,1.371244,-0.3554463,-2.942518,-0.06713852,-0.03255355,-0.001781428,0.9972109,352.2981,356.2574,0.04731053,0.4219581,-0.1082638,-0.9001274,0,0,0,0.9325402,0.3187695,-0.9702938,-0.3086999,0.4008,2.069,0.9978742,0.0008182751,0.0651647,0.007924112,0.9909785,-0.1337865,-0.0646863,0.1340185,0.9888654,static,-8.524090325388844,9.826312293261045,-8.486070519988186,10.963361697755134,-0.43870379999999987,0.6742158,1.9722242000000003,-0.14609747005149507,0.16883084942282445,0.9747572533362655,-8.011425404285214,9.78323856137676,1.126966519370654,1.1376848657967928,1.2719978784873112
05/10/2023 16:35:12.742557,1673,True,True,True,True,Eyes,1.373794,-0.3528978,-2.933702,-0.2069422,0.2986915,0.9316428,0.0,0.0,0.0,0.0,0.0,0.0,0.0,-1.175915,-0.05326608,3.046279,1.371295,-0.3554033,-2.942562,-0.06732961,-0.03261757,-0.001687039,0.9971961,352.2766,356.2491,0.05941837,0.4219237,-0.1082671,-0.9001431,0,0,0,0.9322392,0.3194997,-0.9706503,-0.3086999,0.4008,2.069,0.9978665,0.001027638,0.0652794,0.007756873,0.9909278,-0.1341716,-0.06482504,0.1343917,0.9888056,static,-8.482535627268748,9.857317615246215,-8.486070519988186,10.963361697755134,-0.4390557999999999,0.674903,1.9719117000000002,-0.1453766611146963,0.1693764843979108,0.9747703452819426,-7.969729090883793,9.812844440309911,1.0946314318001271,1.1060497312144402,1.2610703513638104
05/10/2023 16:35:12.762393,1674,True,True,True,True,Eyes,1.37371,-0.352899,-2.933716,-0.2063943,0.2995215,0.9314979,0.0,0.0,0.0,0.0,0.0,0.0,0.0,-1.176183,-0.05347532,3.046122,1.371322,-0.3553898,-2.942499,-0.067238,-0.03259392,-0.001985683,0.9972026,352.2859,356.2542,0.02444839,0.4218903,-0.1082702,-0.9001584,0,0,0,0.9326804,0.3193727,-0.9704471,-0.3086999,0.4007999,2.069,0.9978673,0.0004228427,0.0652725,0.008343355,0.9909502,-0.1339704,-0.06473844,0.1342292,0.9888333,static,-8.463312604375208,9.910836886149415,-8.486070519988186,10.963359028665995,-0.43864159999999996,0.6747624999999999,1.9720519000000003,-0.1450263010971411,0.17029578795380507,0.9746623981330274,-7.948362103452378,9.864345393956722,1.0414156565352528,1.0527681526389077,1.223503702687627
05/10/2023 16:35:12.775821,1675,True,True,True,True,Eyes,1.373619,-0.352899,-2.93373,-0.2058721,0.3003456,0.931348,0.0,0.0,0.0,0.0,0.0,0.0,0.0,-1.176762,-0.05341938,3.045916,1.371294,-0.3554232,-2.942525,-0.06717587,-0.03250125,-0.00212829,0.9972095,352.2925,356.2661,0.007047861,0.4218581,-0.108273,-0.9001732,0,0,0,0.9331767,0.3192025,-0.97031,-0.3087,0.4008,2.069,0.9978783,0.0001218976,0.06510704,0.008611298,0.9909657,-0.1338384,-0.06453516,0.1341152,0.9888622,static,-8.449107378387408,9.96414261931633,-8.48607322893318,10.963361697755134,-0.43811730000000004,0.6746257,1.9722149999999998,-0.14476137951518453,0.17120919896495465,0.9745416621635058,-7.931842711799384,9.915678251523081,0.9887309331518236,0.9999026156694786,1.1852476828203737
05/10/2023 16:35:12.792553,1676,True,True,True,True,Eyes,1.373532,-0.3528988,-2.933744,-0.2053825,0.3011356,0.9312011,0.0,0.0,0.0,0.0,0.0,0.0,0.0,-1.176227,-0.05312291,3.046102,1.371249,-0.3553849,-2.942524,-0.06716245,-0.03257669,-0.00202416,0.9972082,352.2945,356.2566,0.01959113,0.4218266,-0.1082756,-0.9001877,0,0,0,0.9327151,0.3191065,-0.9703558,-0.3086999,0.4008,2.069,0.9978693,0.0003388423,0.06524336,0.008412877,0.9909702,-0.133818,-0.06469958,0.1340818,0.9888559,static,-8.410829154835925,10.014167863708279,-8.486070519988186,10.963361697755134,-0.4385338999999999,0.6744914,1.9721682,-0.1440881717626499,0.17207711585065968,0.9744886733530752,-7.892295259940274,9.963663260459269,0.9405025427574338,0.9521713068679112,1.1627407385039716
05/10/2023 16:35:12.807460,1677,True,True,True,True,Eyes,1.373465,-0.3528979,-2.933757,-0.2049067,0.3017838,0.931096,0.0,0.0,0.0,0.0,0.0,0.0,0.0,-1.175422,-0.05294031,3.046452,1.371268,-0.355384,-2.942552,-0.06717125,-0.03270654,-0.001921542,0.9972034,352.2939,356.2408,0.03246716,0.4217959,-0.1082781,-0.9002017,0,0,0,0.9321008,0.3190602,-0.9705089,-0.3087,0.4007999,2.069,0.9978532,0.0005615407,0.06548829,0.008226213,0.9909686,-0.1338411,-0.06497199,0.1340925,0.9888366,static,-8.36676571164627,10.052812355846514,-8.48607322893318,10.963359028665995,-0.4391672,0.6744441999999999,1.9720431,-0.1433214530303046,0.1727537665323185,0.9744819526874315,-7.847775673967725,10.00062200025665,0.9058569285633186,0.9183297485455819,1.1551131349548984
05/10/2023 16:35:12.827563,1678,True,True,True,True,Eyes,1.373402,-0.3528969,-2.93377,-0.204451,0.3024027,0.9309953,0.0,0.0,0.0,0.0,0.0,0.0,0.0,-1.175564,-0.05247086,3.046377,1.371312,-0.355415,-2.942499,-0.06712307,-0.03268838,-0.001866997,0.9972074,352.2996,356.2425,0.03843231,0.4217664,-0.1082803,-0.9002153,0,0,0,0.9321565,0.3187975,-0.9703742,-0.3086999,0.4008,2.069,0.997856,0.000664722,0.06544483,0.008111856,0.990982,-0.1337492,-0.06494354,0.1339933,0.988852,static,-8.342091951269042,10.095879830722211,-8.486070519988186,10.963361697755134,-0.43915550000000003,0.6742125,1.9721248000000002,-0.1428828187576779,0.17349731228116744,0.9744142013155656,-7.821709649272874,10.041995663989752,0.8666179894234837,0.879348973889968,1.135909650770764
05/10/2023 16:35:12.845018,1679,True,True,True,True,Eyes,1.373402,-0.3528969,-2.93377,-0.204451,0.3024027,0.9309953,0.0,0.0,0.0,0.0,0.0,0.0,0.0,-1.175431,-0.05229226,3.04647,1.371335,-0.3554133,-2.942528,-0.06707244,-0.03271614,-0.001912722,0.9972098,352.3052,356.2396,0.03318281,0.4217381,-0.1082824,-0.9002283,0,0,0,0.9321156,0.3186307,-0.9703601,-0.3086999,0.4008,2.069,0.997852,0.000573934,0.06550629,0.008203472,0.9909953,-0.1336454,-0.06499314,0.1338957,0.9888619,static,-8.340416622579008,10.100647869327357,-8.486070519988186,10.963361697755134,-0.4392193999999999,0.674044,1.9721678999999999,-0.1428522343976758,0.1735791747127197,0.9744041062228866,-7.819841966805588,10.046584172343612,0.8621917628190244,0.8749229723758518,1.1332879228931416
05/10/2023 16:35:12.856611,1680,True,True,True,True,Eyes,1.373402,-0.3528969,-2.93377,-0.204451,0.3024027,0.9309953,0.0,0.0,0.0,0.0,0.0,0.0,0.0,-1.175788,-0.05220354,3.046319,1.371347,-0.3553946,-2.94251,-0.06703177,-0.03266262,-0.001971142,0.9972141,352.3097,356.2463,0.02587631,0.4217127,-0.1082842,-0.90024,0,0,0,0.9324037,0.3185334,-0.9702407,-0.3087,0.4007999,2.069,0.9978585,0.000447565,0.06540751,0.008310168,0.9910058,-0.1335613,-0.06487899,0.1338188,0.9888798,static,-8.348239401489298,10.104352424227566,-8.48607322893318,10.963359028665995,-0.43894330000000015,0.6739280000000001,1.9722693,-0.1429837443873082,0.17363884443510263,0.9743741855850899,-7.827185198334947,10.05021828374243,0.8575164739399509,0.869994546222371,1.1260370584066852
05/10/2023 16:35:12.877423,1681,True,True,True,True,Eyes,1.373402,-0.3528969,-2.93377,-0.204451,0.3024027,0.9309953,0.0,0.0,0.0,0.0,0.0,0.0,0.0,-1.176299,-0.05366749,3.046126,1.371367,-0.3553618,-2.942535,-0.06721607,-0.03258766,-0.002100504,0.997204,352.288,356.2559,0.01107614,0.4216898,-0.1082858,-0.9002506,0,0,0,0.9328743,0.3193995,-0.9704503,-0.3086999,0.4008,2.069,0.9978673,0.0001915668,0.06527547,0.00857009,0.9909552,-0.1339194,-0.06471072,0.1341932,0.9888401,static,-8.359521389360447,10.081029263383845,-8.486070519988186,10.963361697755134,-0.43849269999999996,0.6747613,1.9720847,-0.14318588995731146,0.17323707999895027,0.974416013836467,-7.839296417185438,10.027796665486493,0.8789672562448959,0.8913614346639648,1.137364791814888
05/10/2023 16:35:12.882499,1682,True,True,True,True,Eyes,1.373402,-0.3528969,-2.93377,-0.204451,0.3024027,0.9309953,0.0,0.0,0.0,0.0,0.0,0.0,0.0,-1.176624,-0.05470052,3.045968,1.371381,-0.3554128,-2.942508,-0.06734078,-0.03254301,-0.002235098,0.9971967,352.2732,356.262,-0.004320448,0.4216692,-0.1082873,-0.90026,0,0,0,0.9332181,0.3199471,-0.9705548,-0.3086999,0.4008,2.069,0.9978719,-7.472101e-05,0.06520459,0.008840607,0.9909204,-0.1341585,-0.06460254,0.1344495,0.9888123,static,-8.36775795106137,10.064286015112431,-8.486070519988186,10.963361697755134,-0.4381628999999999,0.6753598999999999,1.9719532000000002,-0.14333334397393588,0.17294859407833232,0.9744455804722795,-7.848123295653448,10.011701657277817,0.8944942016047566,0.9068268561779064,1.1457021836750103
05/10/2023 16:35:12.907579,1683,True,True,True,True,Eyes,1.37337,-0.3528903,-2.933783,-0.2041543,0.3028273,0.9309224,0.0,0.0,0.0,0.0,0.0,0.0,0.0,-1.176772,-0.05510968,3.045895,1.371365,-0.3553855,-2.94251,-0.0673627,-0.03252089,-0.002334564,0.9971957,352.2703,356.2653,359.9841,0.4216506,-0.1082886,-0.9002686,0,0,0,0.9334005,0.3201368,-0.9705686,-0.3086999,0.4007999,2.069,0.9978739,-0.0002746445,0.06517392,0.009037426,0.9909136,-0.1341957,-0.06454486,0.1344994,0.9888093,static,-8.35642898425263,10.08493336109459,-8.486070519988186,10.963359028665995,-0.4379645,0.6755223,1.9719414,-0.14313156610252634,0.17330485286361202,0.9744119505704456,-7.8361087595826096,10.031540742927103,0.8754995422597448,0.887940640603943,1.13610545620857
05/10/2023 16:35:12.923475,1684,True,True,True,True,Eyes,1.373339,-0.3528848,-2.933797,-0.2038719,0.3032306,0.9308531,0.0,0.0,0.0,0.0,0.0,0.0,0.0,-1.176539,-0.05500728,3.045999,1.371317,-0.355363,-2.942548,-0.06732091,-0.03255325,-0.002380724,0.9971974,352.2749,356.2619,359.9789,0.421633,-0.1082897,-0.9002767,0,0,0,0.9332694,0.3200261,-0.9705787,-0.3086999,0.4008,2.069,0.9978693,-0.0003650741,0.06524458,0.009131132,0.9909245,-0.1341095,-0.06460349,0.1344195,0.9888163,static,-8.338534982995819,10.112449605083693,-8.486070519988186,10.963361697755134,-0.43804759999999987,0.6753891,1.9719693,-0.14281509033238804,0.17378083591465843,0.9743737030563449,-7.817402272840295,10.057958678799713,0.8509385060287487,0.8636076216257691,1.1255540197953295
05/10/2023 16:35:12.942884,1685,True,True,True,True,Eyes,1.373314,-0.3528782,-2.933811,-0.2036211,0.3035499,0.930804,0.0,0.0,0.0,0.0,0.0,0.0,0.0,-1.176322,-0.05464002,3.046107,1.371276,-0.3553804,-2.942582,-0.06726603,-0.03258167,-0.002369742,0.9972003,352.2813,356.2586,359.9802,0.4216162,-0.1082904,-0.9002845,0,0,0,0.9331006,0.3197809,-0.9705637,-0.3087,0.4008,2.069,0.9978656,-0.0003429359,0.0652997,0.009109493,0.9909394,-0.134001,-0.06466208,0.1343098,0.9888274,static,-8.321213042156462,10.137584719752319,-8.48607322893318,10.963361697755134,-0.4381754,0.6751613,1.9720182999999998,-0.14250938780970115,0.1742160356030104,0.9743408171148812,-7.799373478900416,10.082083139550662,0.8291613002737589,0.8420727394848484,1.1172324931928956
05/10/2023 16:35:12.955095,1686,True,True,True,True,Eyes,1.373289,-0.3528718,-2.933824,-0.2033768,0.3038534,0.9307583,0.0,0.0,0.0,0.0,0.0,0.0,0.0,-1.176371,-0.05368909,3.046107,1.371276,-0.3553836,-2.942585,-0.06715868,-0.03256818,-0.002252257,0.9972081,352.294,356.2593,359.9932,0.4216003,-0.1082909,-0.9002919,0,0,0,0.9330229,0.3192635,-0.9704072,-0.3086999,0.4008,2.069,0.9978685,-0.0001174664,0.06525701,0.008866409,0.9909693,-0.1337956,-0.06465197,0.1340891,0.988858,static,-8.306241968622547,10.170040626213858,-8.486070519988186,10.963361697755134,-0.43825309999999995,0.6746471,1.9721777999999999,-0.1422404778639493,0.1747747509115506,0.9742799686894577,-7.783222108512682,10.113289996300821,0.8004238200737545,0.8134473741045964,1.1030039832779708
05/10/2023 16:35:12.972476,1687,True,True,True,True,Eyes,1.373261,-0.3528656,-2.93384,-0.2031914,0.3042744,0.9306612,0.0,0.0,0.0,0.0,0.0,0.0,0.0,-1.176797,-0.05325469,3.045947,1.371256,-0.3553806,-2.942591,-0.0671419,-0.03248849,-0.002124875,0.9972122,352.2964,356.2675,0.007214182,0.4215852,-0.1082911,-0.900299,0,0,0,0.9331849,0.3191079,-0.9703191,-0.3087,0.4008,2.069,0.99788,0.0001247745,0.06508116,0.008600579,0.9909749,-0.1337713,-0.06451049,0.1340475,0.9888729,static,-8.301935874986334,10.199916129774135,-8.48607322893318,10.963361697755134,-0.43807110000000005,0.6744885,1.9722719000000002,-0.14215415200517711,0.17528492908395688,0.9742008598941394,-7.777486788511523,10.142087449714257,0.7724756875444345,0.7853379529784469,1.0847055517717892
05/10/2023 16:35:12.982578,1688,True,True,True,True,Eyes,1.373235,-0.3528608,-2.933853,-0.2030028,0.3046774,0.9305705,0.0,0.0,0.0,0.0,0.0,0.0,0.0,-1.176917,-0.05250514,3.045973,1.371258,-0.3553944,-2.94265,-0.06710225,-0.03245903,-0.001928385,0.9972162,352.3017,356.2694,0.02949322,0.4215707,-0.1082911,-0.9003057,0,0,0,0.9330926,0.3187909,-0.9702953,-0.3086999,0.4008,2.069,0.9978854,0.0005101151,0.06499614,0.008202181,0.9909872,-0.1337057,-0.06447855,0.1339561,0.9888874,static,-8.289870276414769,10.232454581914231,-8.486070519988186,10.963361697755134,-0.43816540000000004,0.6741853,1.9723547,-0.14193462769186915,0.17584374722666174,0.9741321513902035,-7.764131401616933,10.173395948927288,0.7438832358281009,0.7567824968675845,1.070159789450062
05/10/2023 16:35:13.008229,1689,True,True,True,True,Eyes,1.373202,-0.3528534,-2.93387,-0.2028269,0.305165,0.9304491,0.0,0.0,0.0,0.0,0.0,0.0,0.0,-1.177962,-0.0521228,3.045528,1.371262,-0.3554218,-2.942595,-0.06711065,-0.03228125,-0.001783033,0.9972216,352.3013,356.2888,0.0449049,0.4215569,-0.1082909,-0.9003122,0,0,0,0.933656,0.3186962,-0.9700938,-0.3086999,0.4008,2.069,0.9979095,0.000776674,0.06462244,0.00788899,0.9909859,-0.1337333,-0.0641438,0.1339635,0.9889082,static,-8.296766739241896,10.264278133694164,-8.486070519988186,10.963361697755134,-0.43760599999999994,0.674118,1.9725012,-0.1420379828749511,0.17638214061019267,0.9740197678558691,-7.7690900089806965,10.204158048823171,0.7118588436962962,0.7242608307405751,1.0442467302875162
05/10/2023 16:35:13.024020,1690,True,True,True,True,Eyes,1.373169,-0.3528466,-2.933887,-0.2026544,0.305643,0.9303298,0.0,0.0,0.0,0.0,0.0,0.0,0.0,-1.178228,-0.05199915,3.045463,1.37116,-0.3553602,-2.942688,-0.06710222,-0.03221713,-0.001730019,0.9972244,352.3025,356.2958,0.05048834,0.4215434,-0.1082905,-0.9003186,0,0,0,0.933754,0.3186873,-0.9701176,-0.3086999,0.4008,2.069,0.9979182,0.0008732474,0.0644876,0.007774116,0.9909887,-0.1337204,-0.06402324,0.1339434,0.9889187,static,-8.29362173587753,10.295179134450855,-8.486070519988186,10.963361697755134,-0.43740599999999996,0.6740475,1.9725704,-0.14197087726490054,0.17690915056352163,0.9739339857053595,-7.764419367669261,10.233953898916253,0.6831430084426361,0.6953448586202011,1.0260682836196688
05/10/2023 16:35:13.042734,1691,True,True,True,True,Eyes,1.373109,-0.3528419,-2.933906,-0.2024345,0.306228,0.9301853,0.0,0.0,0.0,0.0,0.0,0.0,0.0,-1.178512,-0.05276158,3.045352,1.371135,-0.3553716,-2.94271,-0.06723868,-0.0321649,-0.001713159,0.997217,352.2869,356.3016,0.05253811,0.4215302,-0.10829,-0.9003248,0,0,0,0.9339274,0.3192087,-0.9702783,-0.3087,0.4007999,2.069,0.997925,0.0009086664,0.06438113,0.007742232,0.9909521,-0.1339929,-0.06392037,0.1342133,0.9888887,static,-8.287021543245494,10.315153428683937,-8.48607322893318,10.963359028665995,-0.43720760000000003,0.6745803,1.9724317,-0.1418498001078014,0.17725177997415092,0.9738893406417957,-7.756998239661473,10.25317926775081,0.6658746019757313,0.6780796954807071,1.0177944943823816
05/10/2023 16:35:13.055643,1692,True,True,True,True,Eyes,1.373049,-0.3528366,-2.933924,-0.202223,0.3067965,0.930044,0.0,0.0,0.0,0.0,0.0,0.0,0.0,-1.178337,-0.05301121,3.045447,1.371159,-0.3553771,-2.94273,-0.06728033,-0.0321972,-0.001711586,0.9972131,352.2821,356.2979,0.0531272,0.4215167,-0.1082894,-0.9003313,0,0,0,0.9338215,0.3193664,-0.9703828,-0.3086999,0.4007999,2.069,0.9979209,0.0009188451,0.06444524,0.007746107,0.9909409,-0.1340754,-0.06398463,0.1342958,0.9888734,static,-8.27213634286811,10.344340683884123,-8.486070519988186,10.963359028665995,-0.43733750000000005,0.6747434999999999,1.9723472000000002,-0.14158373669236962,0.17775471537567716,0.9738364250443645,-7.741103050147667,10.281232506548763,0.6425814066537786,0.6549439237954126,1.0100857009661772
05/10/2023 16:35:13.077701,1693,True,True,True,True,Eyes,1.372978,-0.3528313,-2.933943,-0.2019868,0.3074381,0.9298834,0.0,0.0,0.0,0.0,0.0,0.0,0.0,-1.178315,-0.05360633,3.04544,1.371136,-0.3553597,-2.942739,-0.06737284,-0.03219692,-0.001719196,0.9972069,352.2715,356.2979,0.05259445,0.4215028,-0.1082887,-0.9003378,0,0,0,0.9338111,0.3197577,-0.9705166,-0.3086999,0.4008,2.069,0.9979209,0.0009096077,0.06444563,0.007767184,0.9909159,-0.1342586,-0.06398232,0.13448,0.9888485,static,-8.259718514070997,10.372062225442487,-8.486070519988186,10.963361697755134,-0.4373248999999999,0.6751174,1.9722224000000002,-0.14136027324156092,0.1782316097115475,0.9737816781754071,-7.727663731163837,10.307889993356229,0.6206805154993592,0.6331431880230174,1.0024091044092063
05/10/2023 16:35:13.092726,1694,True,True,True,True,Eyes,1.372909,-0.3528277,-2.93396,-0.2017618,0.3080491,0.9297301,0.0,0.0,0.0,0.0,0.0,0.0,0.0,-1.177974,-0.05432725,3.045527,1.37109,-0.355344,-2.942729,-0.06745356,-0.0322494,-0.00180259,0.9971995,352.2619,356.2924,0.04368998,0.4214883,-0.108288,-0.9003447,0,0,0,0.9336476,0.3201545,-0.9706625,-0.3086999,0.4007999,2.069,0.9979134,0.00075559,0.06456135,0.007945757,0.9908935,-0.134413,-0.06407499,0.1346456,0.98882,static,-8.244104291456217,10.39760609049094,-8.486070519988186,10.963359028665995,-0.4374423999999999,0.6754985,1.9720665,-0.14108342835132012,0.17867286806883143,0.9737410350071294,-7.7112591891305,10.332421822742575,0.602651264811105,0.6153243395183479,0.9992068635892721
05/10/2023 16:35:13.107681,1695,True,True,True,True,Eyes,1.372839,-0.3528233,-2.933974,-0.2015371,0.3086564,0.9295774,0.0,0.0,0.0,0.0,0.0,0.0,0.0,-1.177854,-0.05386415,3.045575,1.371068,-0.3553803,-2.942727,-0.06739511,-0.03226421,-0.001772359,0.997203,352.2687,356.2905,0.04707219,0.4214732,-0.1082873,-0.9003518,0,0,0,0.9335309,0.3198625,-0.9705948,-0.3086999,0.4008,2.069,0.9979118,0.0008140967,0.06458683,0.007883703,0.9909095,-0.1342988,-0.06410904,0.1345276,0.9888339,static,-8.23013341249085,10.441212845672574,-8.486070519988186,10.963361697755134,-0.4375370999999999,0.6752427999999999,1.9721322000000001,-0.1408265104342256,0.17942054046755584,0.9736407356645362,-7.695480234112673,10.374396882629096,0.5688405471998818,0.5815008398319285,0.9858562540133188
05/10/2023 16:35:13.122601,1696,True,True,True,True,Eyes,1.372773,-0.3528176,-2.93399,-0.2013237,0.3092331,0.9294318,0.0,0.0,0.0,0.0,0.0,0.0,0.0,-1.17771,-0.0535695,3.04558,1.371072,-0.3553595,-2.94267,-0.06735694,-0.03228769,-0.001740388,0.997205,352.2732,356.2876,0.05079857,0.4214578,-0.1082866,-0.9003592,0,0,0,0.933404,0.3197064,-0.9705063,-0.3087,0.4008,2.069,0.9979089,0.0008785519,0.06462932,0.007820645,0.99092,-0.134225,-0.06416041,0.1344497,0.9888411,static,-8.215639203084242,10.480674394020633,-8.48607322893318,10.963361697755134,-0.43766800000000006,0.6750659,1.9721637,-0.1405624931516905,0.18009787408205208,0.9735536731165088,-7.679416800289212,10.412367833492759,0.5405956279092564,0.5532825639068576,0.976877081483349
05/10/2023 16:35:13.142846,1697,True,True,True,True,Eyes,1.372718,-0.3528094,-2.934004,-0.201144,0.3097498,0.9292987,0.0,0.0,0.0,0.0,0.0,0.0,0.0,-1.177531,-0.05311325,3.045695,1.371074,-0.3553218,-2.942713,-0.06727805,-0.03231666,-0.001729115,0.9972094,352.2823,356.2842,0.05202743,0.4214421,-0.1082858,-0.9003667,0,0,0,0.933274,0.3194206,-0.9704676,-0.3086999,0.4008,2.069,0.9979053,0.0008998251,0.06468561,0.007796982,0.9909413,-0.1340688,-0.06422029,0.1342923,0.9888586,static,-8.203115551167711,10.520798593867688,-8.486070519988186,10.963361697755134,-0.43779999999999986,0.6747424,1.9722453999999998,-0.14033169773701443,0.1807855967758466,0.9734595542529637,-7.6652174784154194,10.450993157943847,0.5126565854874511,0.5252862222661909,0.967636934210147
05/10/2023 16:35:13.153256,1698,True,True,True,True,Eyes,1.372666,-0.3528015,-2.934018,-0.2009668,0.3102411,0.9291732,0.0,0.0,0.0,0.0,0.0,0.0,0.0,-1.177663,-0.05261916,3.045602,1.37102,-0.3552802,-2.942692,-0.06721306,-0.0322839,-0.001676062,0.9972148,352.2899,356.2876,0.05764574,0.4214264,-0.1082849,-0.9003741,0,0,0,0.9332914,0.3191653,-0.970329,-0.3086999,0.4008,2.069,0.9979098,0.0009970128,0.06461328,0.007682587,0.9909592,-0.1339435,-0.06416266,0.1341599,0.9888803,static,-8.196398840955554,10.558858832085082,-8.486070519988186,10.963361697755134,-0.4377285999999999,0.6744455,1.972363,-0.14020052127404636,0.18143561854215084,0.9733575707767431,-7.656724520046816,10.487670687712539,0.48511616880368597,0.49752612993577316,0.9560840573161415
05/10/2023 16:35:13.177050,1699,True,True,True,True,Eyes,1.372633,-0.3527887,-2.934031,-0.2008074,0.3106837,0.9290597,0.0,0.0,0.0,0.0,0.0,0.0,0.0,-1.178096,-0.05218115,3.045463,1.371025,-0.3552783,-2.942711,-0.06715621,-0.03221183,-0.001641388,0.9972211,352.2966,356.2957,0.06087008,0.4214108,-0.1082839,-0.9003816,0,0,0,0.9335474,0.3189182,-0.9702071,-0.3087,0.4007999,2.069,0.9979194,0.001052796,0.06446509,0.007600103,0.9909747,-0.1338334,-0.06402418,0.1340449,0.9889049,static,-8.195535891310485,10.592879185109217,-8.48607322893318,10.963359028665995,-0.4374775999999999,0.6741965,1.9725039,-0.14017060699974104,0.18201430072903668,0.9732537668912382,-7.6540878805230586,10.520493999179635,0.4587587760226843,0.4708155254818369,0.9425120977001111
05/10/2023 16:35:13.197510,1700,True,True,True,True,Eyes,1.372599,-0.3527798,-2.934041,-0.2006462,0.3111139,0.9289506,0.0,0.0,0.0,0.0,0.0,0.0,0.0,-1.178419,-0.0527319,3.045319,1.371076,-0.3551784,-2.942689,-0.067236,-0.03216681,-0.001633837,0.9972172,352.2875,356.3008,0.06168998,0.4213958,-0.1082825,-0.9003888,0,0,0,0.9337751,0.3193321,-0.9702539,-0.3086999,0.4008001,2.069,0.9979252,0.001066953,0.06437428,0.007584116,0.9909533,-0.1339927,-0.06393488,0.1342029,0.9888893,static,-8.191679783572958,10.609884486137952,-8.486070519988186,10.963364366844228,-0.4373009,0.6745105,1.9724351000000002,-0.1400974350814625,0.182305066615661,0.9732099182385394,-7.649469080325728,10.536875036238014,0.448056652415484,0.46001514295860196,0.9390394656063361
05/10/2023 16:35:13.207685,1701,True,True,True,True,Eyes,1.372548,-0.3527754,-2.934052,-0.2004786,0.3115236,0.9288495,0.0,0.0,0.0,0.0,0.0,0.0,0.0,-1.178921,-0.05319661,3.045084,1.371051,-0.3552616,-2.942658,-0.06728733,-0.03208522,-0.001734131,0.9972162,352.2812,356.311,0.04968161,0.4213813,-0.1082811,-0.9003957,0,0,0,0.9341887,0.3195315,-0.9702218,-0.3086998,0.4008,2.069,0.9979351,0.0008592514,0.06422518,0.007776464,0.9909388,-0.1340887,-0.06375843,0.1343113,0.9888859,static,-8.194719592247854,10.62693735834384,-8.486067811043153,10.963361697755134,-0.43686230000000004,0.6747931,1.9724362000000002,-0.14014144043677634,0.18259356933640114,0.9731495163511455,-7.651494197385837,10.553354160372516,0.4333659231429909,0.44504507720400593,0.9298490723357152
05/10/2023 16:35:13.227480,1702,True,True,True,True,Eyes,1.3725,-0.3527659,-2.934061,-0.2003191,0.3119263,0.9287488,0.0,0.0,0.0,0.0,0.0,0.0,0.0,-1.178288,-0.0517115,3.045368,1.371025,-0.3553175,-2.942677,-0.06715818,-0.03217211,-0.001471872,0.9972225,352.297,356.299,0.08011621,0.4213669,-0.1082797,-0.9004026,0,0,0,0.9335246,0.3187622,-0.9701385,-0.3087,0.4008,2.069,0.9979256,0.001385673,0.0643632,0.007256807,0.9909753,-0.1338486,-0.0639678,0.134038,0.9889095,static,-8.169552942579722,10.670543245612121,-8.48607322893318,10.963361697755134,-0.4375003999999999,0.6740797000000001,1.9725385000000002,-0.13969408952752704,0.18334585961232214,0.9730724274544182,-7.624924549957664,10.595243665603022,0.4194792668602773,0.43119338769130566,0.9365297287843128
05/10/2023 16:35:13.242498,1703,True,True,True,True,Eyes,1.372457,-0.3527566,-2.934069,-0.2001378,0.3123308,0.9286519,0.0,0.0,0.0,0.0,0.0,0.0,0.0,-1.178048,-0.05278197,3.045433,1.371061,-0.3551885,-2.942665,-0.06726223,-0.0322234,-0.00159309,0.9972137,352.2846,356.2939,0.0669277,0.4213526,-0.1082782,-0.9004095,0,0,0,0.9334889,0.3193935,-0.9703141,-0.3087,0.4008,2.069,0.9979182,0.001157534,0.06448153,0.007512135,0.9909465,-0.1340469,-0.06405291,0.1342523,0.9888749,static,-8.157139462829983,10.680272865791698,-8.48607322893318,10.963361697755134,-0.43757210000000013,0.674582,1.9723509,-0.1394787352771178,0.18351671751699192,0.9730710743765709,-7.612443962494892,10.604538875078756,0.42212308689478956,0.4339777750821518,0.9444479409956614
05/10/2023 16:35:13.262499,1704,True,True,True,True,Eyes,1.372417,-0.3527484,-2.934073,-0.1999549,0.3127405,0.9285534,0.0,0.0,0.0,0.0,0.0,0.0,0.0,-1.178252,-0.05559409,3.045311,1.37115,-0.3551642,-2.942634,-0.06768074,-0.03220883,-0.001699894,0.9971856,352.2362,356.2962,0.05606883,0.4213386,-0.1082767,-0.9004162,0,0,0,0.9337698,0.3211635,-0.9708387,-0.3086999,0.4008,2.069,0.9979194,0.000969615,0.06446645,0.007750052,0.9908329,-0.134871,-0.06400625,0.13509,0.9887638,static,-8.150370983534325,10.654929051538439,-8.486070519988186,10.963361697755134,-0.4373802000000001,0.6763277,1.9717953,-0.139375089189055,0.18308897452564818,0.9731664867567671,-7.607264933866752,10.580030728548019,0.4435068178249856,0.4558781372555286,0.9587710311390845
05/10/2023 16:35:13.272470,1705,True,True,True,True,Eyes,1.372359,-0.3527419,-2.934075,-0.1997366,0.3130813,0.9284856,0.0,0.0,0.0,0.0,0.0,0.0,0.0,-1.1784,-0.0579001,3.045156,1.371165,-0.355185,-2.942568,-0.06789079,-0.03220755,-0.002119967,0.9971705,352.2105,356.2995,0.008400069,0.4213249,-0.108275,-0.9004228,0,0,0,0.9342534,0.3222917,-0.9710625,-0.3086999,0.4008,2.069,0.9979164,0.0001452567,0.06452069,0.008601129,0.9907727,-0.1352608,-0.06394499,0.135534,0.988707,static,-8.14966311582127,10.643009919087767,-8.486070519988186,10.963361697755134,-0.43691159999999996,0.6774766999999999,1.9715055000000001,-0.1393684116557962,0.1828867093684201,0.9732055366496544,-7.60721503014117,10.56852333908442,0.45198510659679497,0.464537623528675,0.963475117225153
05/10/2023 16:35:13.292700,1706,True,True,True,True,Eyes,1.372301,-0.3527388,-2.934077,-0.1995343,0.3133837,0.928427,0.0,0.0,0.0,0.0,0.0,0.0,0.0,-1.178839,-0.05758125,3.04488,1.371082,-0.3551741,-2.942491,-0.06770833,-0.03213843,-0.002430788,0.9971845,352.2303,356.31,359.9713,0.4213111,-0.1082734,-0.9004295,0,0,0,0.9347775,0.3218108,-0.9706831,-0.3086999,0.4008,2.069,0.9979224,-0.0004958104,0.06442505,0.009199966,0.9908193,-0.1348791,-0.06376671,0.1351916,0.9887654,static,-8.155994694797574,10.676052515863622,-8.486070519988186,10.963361697755134,-0.4363044999999999,0.6769849,1.9718079,-0.13946117605616726,0.1834454955923195,0.9730869977299558,-7.611564514630752,10.600457550179465,0.4256611812422884,0.43760326366976887,0.9468158077122705
05/10/2023 16:35:13.307936,1707,True,True,True,True,Eyes,1.372248,-0.3527336,-2.934078,-0.1993347,0.3136203,0.92839,0.0,0.0,0.0,0.0,0.0,0.0,0.0,-1.178534,-0.05519712,3.045056,1.371026,-0.3552447,-2.942523,-0.06742184,-0.03216878,-0.002196582,0.9972034,352.264,356.3048,-0.002493326,0.4212973,-0.108272,-0.9004362,0,0,0,0.9343335,0.3204248,-0.9703498,-0.3087,0.4008,2.069,0.9979207,-4.312021e-05,0.06445383,0.008718635,0.990899,-0.1343253,-0.06386144,0.1346079,0.988839,static,-8.135827309227057,10.727094317998692,-8.48607322893318,10.963361697755134,-0.43669250000000004,0.6756695,1.9721731999999998,-0.13909545370650886,0.1843218722002697,0.9729737455260279,-7.58941876810545,10.649560585969596,0.4109257896932342,0.4224860696020196,0.9499791365499068
05/10/2023 16:35:13.327488,1708,True,True,True,True,Eyes,1.372196,-0.3527272,-2.93408,-0.1991435,0.3138301,0.9283602,0.0,0.0,0.0,0.0,0.0,0.0,0.0,-1.177797,-0.05417109,3.045341,1.371052,-0.3551761,-2.9425,-0.06727705,-0.03229026,-0.002103095,0.9972096,352.281,356.2902,0.008692271,0.4212834,-0.1082706,-0.9004428,0,0,0,0.9337623,0.3198425,-0.9702364,-0.3086999,0.4008,2.069,0.9979059,0.0001503349,0.0646833,0.008539241,0.9909387,-0.1340428,-0.06411733,0.1343145,0.9888623,static,-8.109230063069184,10.757235512214143,-8.486070519988186,10.963361697755134,-0.4372896999999999,0.6750186,1.9722635999999998,-0.13862990097078667,0.18484588789700745,0.9729408381225948,-7.5621846323820066,10.67844575783438,0.41799900788672245,0.42953083048438023,0.9668206794120532
05/10/2023 16:35:13.342877,1709,True,True,True,True,Eyes,1.372147,-0.3527213,-2.934083,-0.1989249,0.3139729,0.9283587,0.0,0.0,0.0,0.0,0.0,0.0,0.0,-1.177894,-0.05271417,3.045343,1.371062,-0.3551336,-2.942516,-0.06705913,-0.03227291,-0.002030374,0.9972249,352.3063,356.2917,0.01612546,0.4212696,-0.1082692,-0.9004494,0,0,0,0.9337538,0.318964,-0.9699408,-0.3086999,0.4008,2.069,0.9979087,0.0002789084,0.06463901,0.008377865,0.9909979,-0.133615,-0.06409439,0.1338771,0.9889231,static,-8.097389738681148,10.791729958246178,-8.486070519988186,10.963361697755134,-0.43730820000000004,0.6740976000000001,1.9725751999999999,-0.13841313276994824,0.1854372678367905,0.9728590843560775,-7.54894259695944,10.71164350731283,0.41383866792111235,0.42488846038027395,0.9703457072197094
05/10/2023 16:35:13.352405,1710,True,True,True,True,Eyes,1.372099,-0.3527154,-2.934087,-0.1987148,0.3141035,0.9283595,0.0,0.0,0.0,0.0,0.0,0.0,0.0,-1.178234,-0.05198416,3.045281,1.371065,-0.3551305,-2.942573,-0.06697318,-0.03221323,-0.001946606,0.9972328,352.3165,356.298,0.02499953,0.4212559,-0.1082678,-0.900456,0,0,0,0.933904,0.318565,-0.9698283,-0.3086999,0.4008,2.069,0.9979171,0.0004324064,0.06450891,0.008197282,0.9910216,-0.1334503,-0.06398743,0.1337011,0.9889538,static,-8.089920538618705,10.810800028483003,-8.486070519988186,10.963361697755134,-0.437161,0.6736955,1.9727446999999998,-0.13827760433158473,0.18576460755475255,0.9728158902957363,-7.540731872343884,10.72998971897852,0.4137431042835646,0.4245113316157054,0.9737184599298041
05/10/2023 16:35:13.372737,1711,True,True,True,True,Eyes,1.372086,-0.3527062,-2.93409,-0.1985046,0.3141913,0.9283748,0.0,0.0,0.0,0.0,0.0,0.0,0.0,-1.178344,-0.05137894,3.045259,1.37106,-0.3551232,-2.942587,-0.06689916,-0.03219115,-0.0018819,0.9972386,352.3252,356.3001,0.03201232,0.4212424,-0.1082665,-0.9004624,0,0,0,0.9339144,0.3182304,-0.9697223,-0.3086999,0.4008,2.069,0.9979204,0.0005537153,0.06445631,0.008060528,0.9910419,-0.1333077,-0.06395272,0.13355,0.9889765,static,-8.078572066923142,10.8253700967994,-8.486070519988186,10.963361697755134,-0.4371455999999999,0.6733536,1.9728647000000001,-0.13807820715140742,0.18601721657775114,0.9727959818679394,-7.529020959697297,10.743964048247483,0.41958952992485,0.43022862664486916,0.9818753431380514
05/10/2023 16:35:13.392664,1712,True,True,True,True,Eyes,1.372073,-0.3526971,-2.934091,-0.1983021,0.3142798,0.9283881,0.0,0.0,0.0,0.0,0.0,0.0,0.0,-1.178182,-0.05177069,3.045341,1.371066,-0.3550816,-2.942617,-0.06694752,-0.03221911,-0.001901815,0.9972345,352.3196,356.297,0.03011372,0.4212298,-0.108265,-0.9004685,0,0,0,0.933831,0.3184781,-0.9698421,-0.3086999,0.4008,2.069,0.9979166,0.0005208683,0.06451464,0.008107089,0.9910288,-0.1334022,-0.06400536,0.1336473,0.9889599,static,-8.063970150516646,10.824193333323345,-8.486070519988186,10.963361697755134,-0.43723499999999993,0.6735597,1.9727748999999997,-0.13783064009316343,0.18600370890847256,0.9728336521203722,-7.51500973231207,10.742717973524053,0.43352529201117584,0.44445084718856126,0.9958125859842906
05/10/2023 16:35:13.407951,1713,True,True,True,True,Eyes,1.372091,-0.352687,-2.934092,-0.1980999,0.3143463,0.9284088,0.0,0.0,0.0,0.0,0.0,0.0,0.0,-1.178237,-0.05210832,3.045268,1.371074,-0.3550765,-2.942565,-0.06700319,-0.03221193,-0.001903787,0.9972309,352.3132,356.2978,0.03003929,0.4212182,-0.1082634,-0.9004741,0,0,0,0.9338729,0.3187066,-0.9698593,-0.3086999,0.4007999,2.069,0.9979175,0.0005195729,0.06450059,0.008113635,0.9910139,-0.1335126,-0.06399035,0.1337579,0.9889459,static,-8.05274060107269,10.82132338545965,-8.486070519988186,10.963359028665995,-0.4372010999999999,0.6737831000000001,1.9727057000000001,-0.13764113612362514,0.18595993526050106,0.9728688949419898,-7.504338698778407,10.73986348419528,0.44482302301242355,0.45601419119184206,1.0068503499399153
05/10/2023 16:35:13.422635,1714,True,True,True,True,Eyes,1.372109,-0.3526742,-2.934092,-0.197909,0.3144198,0.9284245,0.0,0.0,0.0,0.0,0.0,0.0,0.0,-1.177613,-0.05266711,3.04553,1.371064,-0.3550848,-2.9426,-0.06710476,-0.03231082,-0.001878122,0.9972209,352.3016,356.2861,0.0341474,0.4212082,-0.1082616,-0.900479,0,0,0,0.933441,0.3190793,-0.9701182,-0.3087,0.4008,2.069,0.997905,0.0005906132,0.06469411,0.008082225,0.9909869,-0.1337151,-0.06418998,0.1339579,0.988906,static,-8.029233388476744,10.813766715623277,-8.48607322893318,10.963361697755134,-0.4376230000000001,0.6741641,1.9724818000000002,-0.13724508013818107,0.18584191207098485,0.9729472785351496,-7.48208282265085,10.732393376851501,0.46892655844794995,0.48070916207962183,1.0302150751993493
05/10/2023 16:35:13.443024,1715,True,True,True,True,Eyes,1.372141,-0.3526616,-2.934091,-0.1977243,0.3144885,0.9284407,0.0,0.0,0.0,0.0,0.0,0.0,0.0,-1.177227,-0.05368921,3.045649,1.371095,-0.3550105,-2.942581,-0.06721699,-0.0323843,-0.001981277,0.9972107,352.2884,356.2784,0.02324596,0.4211997,-0.1082596,-0.9004833,0,0,0,0.9332924,0.3196741,-0.9703171,-0.3086999,0.4008,2.069,0.9978946,0.00040205,0.06485429,0.008305051,0.9909559,-0.1339307,-0.06432159,0.1341873,0.9888663,static,-8.012639362861776,10.802360936057067,-8.486070519988186,10.963361697755134,-0.43780259999999993,0.6746846,1.9722639000000002,-0.13696821811092824,0.18565542783482236,0.9730220029383799,-7.466694243279597,10.721261167211779,0.4877194575469576,0.5000583024062383,1.0477311966366372
05/10/2023 16:35:13.452467,1716,True,True,True,True,Eyes,1.372171,-0.3526507,-2.934089,-0.1975459,0.3145564,0.9284557,0.0,0.0,0.0,0.0,0.0,0.0,0.0,-1.177289,-0.05471465,3.045596,1.3711,-0.355021,-2.942567,-0.06734911,-0.03237927,-0.002076513,0.9972018,352.2729,356.2796,0.01272202,0.4211929,-0.1082574,-0.9004867,0,0,0,0.9334257,0.3202606,-0.9704784,-0.3087,0.4008,2.069,0.9978946,0.0002200256,0.06485703,0.008502833,0.9909196,-0.1341868,-0.06429762,0.1344558,0.9888313,static,-8.004974880325623,10.789125152781866,-8.48607322893318,10.963361697755134,-0.43767429999999996,0.6752815999999999,1.9720886,-0.1368438847770607,0.1854338684025691,0.9730817693794502,-7.460009249286385,10.708430562029834,0.498902599745709,0.5116776276496167,1.0572592748662974
05/10/2023 16:35:13.477732,1717,True,True,True,True,Eyes,1.372205,-0.3526408,-2.934086,-0.1973836,0.3146161,0.92847,0.0,0.0,0.0,0.0,0.0,0.0,0.0,-1.177313,-0.05486515,3.045546,1.371068,-0.3550542,-2.942538,-0.06737089,-0.03237143,-0.002099056,0.9972006,352.2703,356.2807,0.01014327,0.4211875,-0.108255,-0.9004895,0,0,0,0.9334516,0.3203312,-0.9704728,-0.3086999,0.4008,2.069,0.9978954,0.0001754246,0.06484445,0.008548145,0.9909135,-0.1342287,-0.0642788,0.1345005,0.9888265,static,-7.996921426203864,10.78944238229255,-8.486070519988186,10.963361697755134,-0.4376163999999999,0.6753853999999999,1.9720651999999999,-0.13670687459393976,0.18544279916010745,0.9730993348608306,-7.452230316792971,10.708675750813677,0.5062370723166433,0.5191481139723009,1.064749030200164
05/10/2023 16:35:13.492746,1718,True,True,True,True,Eyes,1.372237,-0.3526318,-2.934085,-0.1972265,0.3146669,0.928486,0.0,0.0,0.0,0.0,0.0,0.0,0.0,-1.17737,-0.05479881,3.045515,1.371053,-0.3550693,-2.942533,-0.06736439,-0.03235943,-0.002095332,0.9972014,352.271,356.2821,0.01045467,0.4211836,-0.1082525,-0.9004917,0,0,0,0.9334801,0.3202881,-0.9704481,-0.3086999,0.4008,2.069,0.997897,0.0001808108,0.06482004,0.008538682,0.9909153,-0.1342161,-0.06425543,0.1344873,0.9888298,static,-7.98898175449431,10.79298226272943,-8.486070519988186,10.963361697755134,-0.43757290000000004,0.6753574,1.9720849,-0.13657033648891967,0.18550641635769435,0.9731062198626051,-7.444390076496648,10.712031677725827,0.5125056231563603,0.5254772998521479,1.0715712413650609
05/10/2023 16:35:13.507941,1719,True,True,True,True,Eyes,1.372284,-0.3526229,-2.934083,-0.1970825,0.3146662,0.928517,0.0,0.0,0.0,0.0,0.0,0.0,0.0,-1.177447,-0.05430061,3.04554,1.371054,-0.3550802,-2.94258,-0.06727455,-0.0323478,-0.002114808,0.9972078,352.2813,356.2836,0.00778031,0.4211809,-0.10825,-0.9004932,0,0,0,0.9335448,0.3199346,-0.970363,-0.3086999,0.4008,2.069,0.9978983,0.0001345625,0.0647995,0.008570172,0.9909394,-0.1340366,-0.06423041,0.1343102,0.9888555,static,-7.982650386658681,10.802491574822447,-8.486070519988186,10.963361697755134,-0.43750920000000004,0.6750148,1.972217,-0.13645851608621418,0.18567083990013875,0.9730907260456324,-7.437783255018528,10.721160311242922,0.5156334368794587,0.5284988430392961,1.075903202674852
05/10/2023 16:35:13.523961,1720,True,True,True,True,Eyes,1.372333,-0.3526124,-2.934082,-0.1969561,0.3146692,0.9285427,0.0,0.0,0.0,0.0,0.0,0.0,0.0,-1.177581,-0.05294511,3.045498,1.371037,-0.3550941,-2.942571,-0.06709817,-0.03231845,-0.002007631,0.9972208,352.3019,356.2863,0.01924811,0.4211797,-0.1082474,-0.9004941,0,0,0,0.9335225,0.3191401,-0.9700885,-0.3086999,0.4008,2.069,0.997903,0.0003329158,0.06472667,0.008341121,0.9909877,-0.1336936,-0.06418785,0.1339532,0.9889067,static,-7.976072979434266,10.824645845418717,-8.486070519988186,10.963361697755134,-0.43751450000000003,0.6742342,1.9724825,-0.1363368357959018,0.18605021426824403,0.9730352210763198,-7.430268432073458,10.742489542539248,0.5160658379274172,0.5285258546754977,1.0786577574906737
05/10/2023 16:35:13.542551,1721,True,True,True,True,Eyes,1.372407,-0.352599,-2.93408,-0.1968482,0.3146509,0.9285718,0.0,0.0,0.0,0.0,0.0,0.0,0.0,-1.176933,-0.05306137,3.045824,1.371131,-0.355048,-2.942613,-0.06717987,-0.03243093,-0.001832486,0.9972121,352.2932,356.2719,0.04062625,0.4211799,-0.1082446,-0.9004943,0,0,0,0.9329783,0.3193758,-0.9703368,-0.3086999,0.4008,2.069,0.9978898,0.000702657,0.06492724,0.008012163,0.990967,-0.1338663,-0.06443481,0.134104,0.9888702,static,-7.951463503554371,10.816763146497363,-8.486070519988186,10.963361697755134,-0.43815270000000006,0.6744238,1.9722762,-0.1359221164095518,0.18592704095690735,0.9731167988381696,-7.406967466603412,10.734696474505647,0.5412652481856743,0.5543426713244636,1.103064451493239
05/10/2023 16:35:13.556637,1722,True,True,True,True,Eyes,1.372477,-0.3525862,-2.934076,-0.1967309,0.3146303,0.9286036,0.0,0.0,0.0,0.0,0.0,0.0,0.0,-1.177072,-0.05421865,3.045751,1.37115,-0.3550054,-2.94261,-0.0672394,-0.03242574,-0.002129924,0.9972076,352.2852,356.2747,0.006511734,0.4211819,-0.1082417,-0.9004937,0,0,0,0.9333421,0.3198775,-0.9704149,-0.3087,0.4008,2.069,0.997888,0.0001126228,0.06495681,0.008608527,0.9909486,-0.1339651,-0.06438396,0.1342414,0.9888549,static,-7.953377003066086,10.802771588236286,-8.48607322893318,10.963361697755134,-0.43780790000000014,0.6748829000000001,1.9721951000000002,-0.13596085449095396,0.18568839843514118,0.9731569161027129,-7.409554046299129,10.721209017498108,0.5430030219213791,0.5563761787930188,1.1034180853759583
05/10/2023 16:35:13.572404,1723,True,True,True,True,Eyes,1.37254,-0.352573,-2.934072,-0.1966052,0.3145774,0.9286482,0.0,0.0,0.0,0.0,0.0,0.0,0.0,-1.177944,-0.05414522,3.045329,1.371086,-0.3550025,-2.942551,-0.06717395,-0.03227961,-0.0022672,0.9972164,352.2922,356.2927,359.9893,0.4211856,-0.1082385,-0.9004924,0,0,0,0.9340125,0.3197283,-0.9701412,-0.3086999,0.4008,2.069,0.9979058,-0.0001850802,0.06468411,0.008858477,0.990965,-0.1338276,-0.06407492,0.1341203,0.9888914,static,-7.966491198359862,10.804665605185411,-8.486070519988186,10.963361697755134,-0.4370735,0.6747308000000001,1.9724097999999999,-0.13618290717307546,0.18571486050229272,0.9731208717335905,-7.422093321214212,10.723135988637903,0.5301754472980386,0.5432744437764828,1.0907593093032892
05/10/2023 16:35:13.592819,1724,True,True,True,True,Eyes,1.372601,-0.3525611,-2.934066,-0.1964924,0.3145351,0.9286864,0.0,0.0,0.0,0.0,0.0,0.0,0.0,-1.177739,-0.05360743,3.045404,1.371042,-0.3549713,-2.942562,-0.06712106,-0.0323013,-0.002167334,0.9972196,352.2987,356.2895,0.0007851633,0.4211906,-0.1082352,-0.9004905,0,0,0,0.9337708,0.3194737,-0.9700977,-0.3086999,0.4008,2.069,0.9979038,1.357975e-05,0.06471393,0.008658811,0.9909801,-0.1337288,-0.06413203,0.1340089,0.9889028,static,-7.954525056694424,10.809631877769924,-8.486070519988186,10.963361697755134,-0.4372712000000001,0.674445,1.9724643000000002,-0.13597732386250597,0.18580450356085837,0.9731325067977253,-7.410296602065776,10.727837924547917,0.5401369920000948,0.5533294110210167,1.1012542713778217
05/10/2023 16:35:13.608252,1725,True,True,True,True,Eyes,1.37266,-0.3525519,-2.934057,-0.196382,0.3144584,0.9287357,0.0,0.0,0.0,0.0,0.0,0.0,0.0,-1.177198,-0.05415457,3.045529,1.371032,-0.3549947,-2.942486,-0.06724813,-0.03238492,-0.00208938,0.9972085,352.2844,356.2791,0.01090211,0.4211967,-0.1082318,-0.900488,0,0,0,0.9333453,0.3198945,-0.9702663,-0.3087,0.4008,2.069,0.9978937,0.0001885551,0.06487005,0.008522746,0.9909467,-0.1339855,-0.06430802,0.1342561,0.9888578,static,-7.9354908523706875,10.791269592928796,-8.48607322893318,10.963361697755134,-0.4376867,0.6748892,1.9722197000000001,-0.1356619533933356,0.1855007126813113,0.9732344505335184,-7.392925191996117,10.709974181738126,0.5628973060206867,0.5768506270472115,1.1221309477652879
05/10/2023 16:35:13.624265,1726,True,True,True,True,Eyes,1.37272,-0.3525419,-2.934047,-0.1962768,0.3143801,0.9287845,0.0,0.0,0.0,0.0,0.0,0.0,0.0,-1.176947,-0.05320427,3.045596,1.371026,-0.3550453,-2.942435,-0.06714437,-0.03242064,-0.00198188,0.9972146,352.2967,356.2742,0.0231853,0.4212039,-0.1082284,-0.9004851,0,0,0,0.9330739,0.3193492,-0.9701048,-0.3086999,0.4008,2.069,0.9978899,0.0004010077,0.0649268,0.008306446,0.9909754,-0.1337862,-0.06439451,0.1340432,0.9888811,static,-7.922280937803732,10.799954451316413,-8.486070519988186,10.963361697755134,-0.43795210000000007,0.6743945,1.9723302,-0.13543357872955414,0.18565409691402252,0.9732370620696915,-7.379732411125068,10.71825516339195,0.573009921944663,0.5869928629620683,1.1331642530146946
05/10/2023 16:35:13.642668,1727,True,True,True,True,Eyes,1.372759,-0.3525326,-2.934039,-0.196163,0.3143052,0.9288338,0.0,0.0,0.0,0.0,0.0,0.0,0.0,-1.177063,-0.05271882,3.045558,1.371079,-0.3550138,-2.942412,-0.06709864,-0.03240628,-0.001889153,0.9972183,352.3023,356.2752,0.03359386,0.4212119,-0.108225,-0.9004818,0,0,0,0.9330835,0.31913,-0.9700056,-0.3086999,0.4008,2.069,0.9978926,0.0005810395,0.06488579,0.008116629,0.9909884,-0.1337015,-0.06437875,0.1339464,0.9888952,static,-7.914412686768314,10.802110533366271,-8.486070519988186,10.963361697755134,-0.4379955,0.6741438,1.9724064000000001,-0.13529887187040518,0.18569415381445464,0.9732480700459724,-7.3720344234627495,10.720276257131532,0.5798953583767719,0.5939651642128544,1.14024863771232
05/10/2023 16:35:13.656476,1728,True,True,True,True,Eyes,1.372797,-0.3525214,-2.93403,-0.1960497,0.3142388,0.9288802,0.0,0.0,0.0,0.0,0.0,0.0,0.0,-1.177348,-0.05261251,3.045453,1.371099,-0.3549877,-2.942409,-0.06709512,-0.0323607,-0.001848472,0.99722,352.3029,356.2802,0.03791758,0.4212202,-0.1082216,-0.9004782,0,0,0,0.933243,0.3191137,-0.9699574,-0.3086999,0.4008,2.069,0.9978988,0.0006558239,0.06478953,0.008029156,0.9909897,-0.1336975,-0.06429344,0.1339368,0.988902,static,-7.911457130107938,10.799101205754088,-8.486070519988186,10.963361697755134,-0.437856,0.6741014000000001,1.9724516,-0.1352499661021115,0.18564428937742472,0.9732643930292009,-7.3693454469951885,10.717349873879122,0.5834384903060333,0.5976303682562452,1.1435019484627111
05/10/2023 16:35:13.672356,1729,True,True,True,True,Eyes,1.37283,-0.3525113,-2.934021,-0.1959234,0.3141839,0.9289255,0.0,0.0,0.0,0.0,0.0,0.0,0.0,-1.177584,-0.05325025,3.045341,1.371129,-0.3549295,-2.942391,-0.06715383,-0.03233139,-0.001940072,0.9972169,352.2958,356.2842,0.02734823,0.4212288,-0.1082182,-0.9004747,0,0,0,0.9334918,0.3194751,-0.9699945,-0.3086999,0.4008,2.069,0.9979019,0.0004730081,0.06474336,0.008211697,0.9909732,-0.1338084,-0.06422224,0.1340593,0.9888901,static,-7.9094958641788535,10.78708752382134,-8.486070519988186,10.963361697755134,-0.43763720000000006,0.6744046,1.9723965000000003,-0.13522194493120113,0.18544094303757414,0.9733071295800615,-7.368092505769234,10.705741759286967,0.5884135199446672,0.6029186662541569,1.1472762844987652
05/10/2023 16:35:13.692566,1730,True,True,True,True,Eyes,1.372862,-0.3525009,-2.934013,-0.1957971,0.3141412,0.9289665,0.0,0.0,0.0,0.0,0.0,0.0,0.0,-1.178194,-0.05396813,3.045083,1.371137,-0.3549363,-2.942377,-0.06724665,-0.03223583,-0.002011679,0.9972134,352.2849,356.2957,0.01869618,0.4212374,-0.1082148,-0.900471,0,0,0,0.9339666,0.3198953,-0.9700231,-0.3086999,0.4008,2.069,0.9979137,0.0003233549,0.06456255,0.008347652,0.9909477,-0.1339888,-0.06402144,0.1342482,0.9888774,static,-7.914331522363956,10.772561396536998,-8.486070519988186,10.963361697755134,-0.43717040000000007,0.6748316,1.9723538999999999,-0.1353105473420712,0.1851919025698932,0.9733421654426732,-7.373523889378648,10.691760551659248,0.5879837887380185,0.6027356272440596,1.145219275004239
05/10/2023 16:35:13.708501,1731,True,True,True,True,Eyes,1.372874,-0.3524921,-2.934005,-0.19566,0.3140974,0.9290102,0.0,0.0,0.0,0.0,0.0,0.0,0.0,-1.178381,-0.05500036,3.044997,1.371126,-0.3549188,-2.94239,-0.0673538,-0.03220999,-0.002157626,0.9972069,352.272,356.2998,0.002066061,0.4212461,-0.1082114,-0.9004673,0,0,0,0.9342221,0.320449,-0.9701606,-0.3087,0.4007999,2.069,0.9979157,3.573204e-05,0.06453069,0.008642128,0.9909176,-0.1341923,-0.0639494,0.1344703,0.988852,static,-7.912734789821419,10.754626088370342,-8.48607322893318,10.963359028665995,-0.4369039,0.6753678,1.9722294,-0.135291307797931,0.18488769903892996,0.9734026734960283,-7.372936458499915,10.674440791210111,0.5949725286724109,0.6101527727770952,1.1500205292190278
05/10/2023 16:35:13.722513,1732,True,True,True,True,Eyes,1.372888,-0.3524837,-2.933996,-0.19553,0.3140563,0.9290515,0.0,0.0,0.0,0.0,0.0,0.0,0.0,-1.178292,-0.0555492,3.044992,1.371108,-0.354916,-2.942369,-0.06739888,-0.03222696,-0.002265545,0.9972029,352.2664,356.2987,359.9899,0.4212544,-0.1082081,-0.9004639,0,0,0,0.9342539,0.3207108,-0.9702168,-0.3086999,0.4008,2.069,0.9979126,-0.000174295,0.06457902,0.008862538,0.9909045,-0.1342747,-0.06396825,0.1345667,0.9888376,static,-7.905886884110007,10.744516614525367,-8.486070519988186,10.963361697755134,-0.4368541,0.6756268000000001,1.9721521999999998,-0.13517934030078327,0.18471880079637187,0.973450327808325,-7.3668726372265105,10.664633272009493,0.6045624978706737,0.6200856568206258,1.158379287248648
05/10/2023 16:35:13.741131,1733,True,True,True,True,Eyes,1.372892,-0.3524767,-2.933986,-0.1954161,0.313995,0.9290962,0.0,0.0,0.0,0.0,0.0,0.0,0.0,-1.178092,-0.05575541,3.045065,1.371138,-0.3549182,-2.942353,-0.06739783,-0.032269,-0.00234791,0.9972015,352.2662,356.2945,359.9807,0.4212623,-0.1082048,-0.9004606,0,0,0,0.9342034,0.3207641,-0.9702379,-0.3086999,0.4008,2.069,0.9979064,-0.0003329572,0.06467389,0.009032399,0.990904,-0.1342669,-0.06404091,0.1345699,0.9888325,static,-7.896561568891039,10.738878647792722,-8.486070519988186,10.963361697755134,-0.43693459999999995,0.6756823000000001,1.9721151000000003,-0.13502327477334436,0.1846269793687519,0.973489422016132,-7.358183801872892,10.659122037269658,0.6149925467999144,0.6308038071731055,1.1681995633936892
05/10/2023 16:35:13.757197,1734,True,True,True,True,Eyes,1.372892,-0.35247,-2.933978,-0.1953119,0.3139232,0.9291424,0.0,0.0,0.0,0.0,0.0,0.0,0.0,-1.177946,-0.05575064,3.045075,1.371108,-0.3549258,-2.942318,-0.06739806,-0.03228847,-0.002349193,0.9972008,352.2662,356.2922,359.9807,0.4212697,-0.1082017,-0.9004575,0,0,0,0.9340965,0.3207577,-0.9702201,-0.3086999,0.4008,2.069,0.9979039,-0.0003328738,0.06471285,0.009037595,0.9909039,-0.1342671,-0.06407953,0.1345705,0.9888299,static,-7.887984943186556,10.73409444131544,-8.486070519988186,10.963361697755134,-0.4370115,0.6756835,1.9720979,-0.13487955602777835,0.1845493428199662,0.9735240925052023,-7.350171275276235,10.654440351459218,0.624455986472688,0.6405230925216693,1.177157377895777
05/10/2023 16:35:13.772729,1735,True,True,True,True,Eyes,1.372877,-0.3524655,-2.933971,-0.1952193,0.3138268,0.9291943,0.0,0.0,0.0,0.0,0.0,0.0,0.0,-1.177554,-0.05463809,3.045243,1.37104,-0.3549242,-2.942346,-0.06723666,-0.03233919,-0.002289159,0.9972103,352.285,356.286,359.9875,0.4212764,-0.1081988,-0.9004548,0,0,0,0.9337525,0.3200701,-0.9700733,-0.3086999,0.4007999,2.069,0.9978979,-0.000216786,0.06480578,0.008914303,0.990948,-0.1339501,-0.0641901,0.1342462,0.9888668,static,-7.875402954080058,10.74735069189506,-8.486070519988186,10.963359028665995,-0.43728750000000005,0.6749943,1.9722727,-0.13465981190815435,0.18478012917460468,0.9735106170773365,-7.337341173516356,10.667137504978802,0.631745396252663,0.6477456889912145,1.1863078447608606
05/10/2023 16:35:13.782328,1736,True,True,True,True,Eyes,1.372864,-0.3524606,-2.933962,-0.1951303,0.313732,0.9292451,0.0,0.0,0.0,0.0,0.0,0.0,0.0,-1.17738,-0.05346644,3.045322,1.371024,-0.3549412,-2.942343,-0.06710434,-0.03235856,-0.00214782,0.9972189,352.3007,356.2827,0.003417382,0.4212821,-0.108196,-0.9004524,0,0,0,0.9334995,0.3194203,-0.9699061,-0.3086999,0.4008,2.069,0.9978966,5.910717e-05,0.06482539,0.008626491,0.9909848,-0.1336964,-0.06424887,0.1339744,0.9888999,static,-7.864107296932506,10.759032424041635,-8.486070519988186,10.963361697755134,-0.4375245,0.6743615000000001,1.9724369000000002,-0.13446265940443675,0.18498362360383014,0.9734993117102768,-7.325834401943819,10.678324972451145,0.6387281792509621,0.6546668640843948,1.1947358638572305
05/10/2023 16:35:13.808395,1737,True,True,True,True,Eyes,1.372838,-0.3524545,-2.933956,-0.1950509,0.3136127,0.929302,0.0,0.0,0.0,0.0,0.0,0.0,0.0,-1.177662,-0.05305445,3.045213,1.37109,-0.3549257,-2.942306,-0.06709996,-0.0323159,-0.001994681,0.9972208,352.3018,356.2865,0.02072829,0.4212871,-0.1081934,-0.9004503,0,0,0,0.9335718,0.319306,-0.9698239,-0.3086999,0.4008,2.069,0.9979034,0.0003585164,0.06471986,0.008315067,0.9909873,-0.133698,-0.06418449,0.1339559,0.9889066,static,-7.859451641191587,10.755083163367974,-8.486070519988186,10.963361697755134,-0.43751819999999997,0.6742317,1.9724821,-0.1343852274060174,0.18491847565318795,0.9735223440749754,-7.321556698334145,10.674478683796009,0.6442176615230223,0.6603265609914309,1.199810750317485
05/10/2023 16:35:13.824135,1738,True,True,True,True,Eyes,1.372813,-0.3524513,-2.93395,-0.1949694,0.3135018,0.9293565,0.0,0.0,0.0,0.0,0.0,0.0,0.0,-1.177571,-0.0532904,3.045281,1.371098,-0.3548657,-2.942348,-0.0671718,-0.03232639,-0.00189116,0.9972159,352.2939,356.2844,0.03301719,0.4212909,-0.1081909,-0.9004489,0,0,0,0.9334297,0.3195743,-0.9699698,-0.3087,0.4008,2.069,0.9979029,0.0005710544,0.06472684,0.008114633,0.9909688,-0.1338473,-0.06421871,0.1340918,0.9888859,static,-7.849815329555298,10.74178685479081,-8.48607322893318,10.963361697755134,-0.4376682999999999,0.6744399999999999,1.9723782,-0.13422719068716105,0.1846965395875642,0.9735862566698764,-7.3129744217013375,10.661574750735772,0.6571618095970125,0.6737355011838243,1.2112952459743402
05/10/2023 16:35:13.842347,1739,True,True,True,True,Eyes,1.372767,-0.3524492,-2.933945,-0.1948938,0.3133721,0.9294162,0.0,0.0,0.0,0.0,0.0,0.0,0.0,-1.178062,-0.05342382,3.045091,1.371114,-0.3549316,-2.942335,-0.06722683,-0.03224589,-0.001844699,0.9972149,352.2878,356.2933,0.03795541,0.4212939,-0.1081887,-0.9004477,0,0,0,0.9337214,0.3196962,-0.9699599,-0.3086999,0.4008,2.069,0.9979136,0.0006564551,0.06456016,0.008014699,0.9909543,-0.1339602,-0.06406412,0.1341981,0.9888815,static,-7.85247441477415,10.728567398334322,-8.486070519988186,10.963361697755134,-0.4373925999999999,0.6746278,1.9723750999999998,-0.13427818412688716,0.18447063762298768,0.973622150673373,-7.316238650925066,10.648838018284886,0.6588855203263826,0.6757014041593412,1.2113759725300874
05/10/2023 16:35:13.852380,1740,True,True,True,True,Eyes,1.372724,-0.3524464,-2.93394,-0.1948175,0.3132551,0.9294716,0.0,0.0,0.0,0.0,0.0,0.0,0.0,-1.17842,-0.05343312,3.044983,1.371135,-0.3549107,-2.942359,-0.06721745,-0.03219132,-0.001864497,0.9972172,352.2888,356.2998,0.03521268,0.4212954,-0.1081867,-0.9004472,0,0,0,0.9339832,0.3196968,-0.9699237,-0.3086999,0.4008,2.069,0.9979205,0.0006090201,0.06445413,0.008046254,0.9909567,-0.1339408,-0.06395283,0.1341808,0.9888911,static,-7.854376163959059,10.72214250235971,-8.486070519988186,10.963361697755134,-0.4371518,0.6746075,1.9724353000000001,-0.13431331794416257,0.1843605665383623,0.973638118254059,-7.318412465195952,10.642652346095888,0.6592629148746522,0.6761837469699115,1.2109004175252713
05/10/2023 16:35:13.877389,1741,True,True,True,True,Eyes,1.372664,-0.3524436,-2.933936,-0.1947365,0.313117,0.9295351,0.0,0.0,0.0,0.0,0.0,0.0,0.0,-1.178607,-0.05416751,3.044887,1.371149,-0.3548952,-2.942344,-0.06730156,-0.03216707,-0.0019501,0.9972121,352.2788,356.3032,0.02546753,0.4212958,-0.1081848,-0.9004473,0,0,0,0.9341918,0.3201119,-0.9700024,-0.3086999,0.4008,2.069,0.997923,0.0004404616,0.06441726,0.008219113,0.9909334,-0.1341024,-0.06389228,0.1343533,0.9888716,static,-7.854027291605938,10.70237884372205,-8.486070519988186,10.963361697755134,-0.43695719999999993,0.6750071,1.9723415999999998,-0.13431599128405836,0.18402463982442352,0.9737012933523977,-7.319124751292372,10.623577659074392,0.6664603074103668,0.6838060343716692,1.215407594191866
05/10/2023 16:35:13.882492,1742,True,True,True,True,Eyes,1.372605,-0.3524411,-2.933932,-0.1946646,0.3129837,0.929595,0.0,0.0,0.0,0.0,0.0,0.0,0.0,-1.178499,-0.05432791,3.044917,1.371149,-0.3548547,-2.942339,-0.06728258,-0.03218955,-0.002041057,0.9972126,352.2806,356.3013,0.01508257,0.4212947,-0.1081832,-0.900448,0,0,0,0.9341985,0.3201437,-0.9699929,-0.3086999,0.4007999,2.069,0.9979194,0.0002608556,0.06447429,0.008402328,0.9909378,-0.1340587,-0.06392498,0.1343215,0.9888738,static,-7.849529334415931,10.694436852523486,-8.486070519988186,10.963359028665995,-0.4369504999999999,0.6749984,1.9723461,-0.1342429477304204,0.18389149737048793,0.9737364711067042,-7.315210870662342,10.615879555201893,0.6734252012320485,0.6910165104763807,1.221333002460151
05/10/2023 16:35:13.908377,1743,True,True,True,True,Eyes,1.372549,-0.3524364,-2.933927,-0.1945868,0.3128465,0.9296576,0.0,0.0,0.0,0.0,0.0,0.0,0.0,-1.177983,-0.05432063,3.045108,1.371127,-0.354861,-2.94234,-0.06727245,-0.03227148,-0.002059486,0.9972106,352.2817,356.292,0.01355757,0.4212922,-0.1081817,-0.9004494,0,0,0,0.9338654,0.3201075,-0.9700526,-0.3086999,0.4008,2.069,0.9979087,0.000234481,0.06464001,0.008449445,0.9909403,-0.1340367,-0.06408582,0.1343025,0.9888659,static,-7.835825499382106,10.686352682830952,-8.486070519988186,10.963361697755134,-0.43726160000000003,0.6749685,1.9722874000000001,-0.13401342076598685,0.18375988921211028,0.9737930553796335,-7.302431698683853,10.607974588421019,0.6887866290328528,0.7067903374921496,1.235840142081316
05/10/2023 16:35:13.922301,1744,True,True,True,True,Eyes,1.372496,-0.3524353,-2.933923,-0.1945147,0.3127187,0.9297155,0.0,0.0,0.0,0.0,0.0,0.0,0.0,-1.177527,-0.05490434,3.045254,1.371121,-0.3548018,-2.942329,-0.06732752,-0.03234881,-0.00213119,0.9972041,352.2751,356.2836,0.006098138,0.4212886,-0.1081804,-0.9004512,0,0,0,0.9336278,0.3204359,-0.9701853,-0.3086999,0.4008,2.069,0.997898,0.0001054658,0.0648037,0.008606392,0.990925,-0.1341407,-0.06422974,0.1344164,0.9888411,static,-7.824274864200921,10.670432738559233,-8.486070519988186,10.963361697755134,-0.4374932,0.6752377,1.9721437,-0.13382384205683273,0.18349401988751468,0.9738690819348863,-7.2921435473214125,10.592524345975274,0.7051913083751321,0.7237270653737423,1.2501927681507141
05/10/2023 16:35:13.942379,1745,True,True,True,True,Eyes,1.372439,-0.3524358,-2.933919,-0.1944349,0.3125726,0.9297814,0.0,0.0,0.0,0.0,0.0,0.0,0.0,-1.177276,-0.0552226,3.045377,1.371142,-0.3548856,-2.942343,-0.06737583,-0.03239512,-0.002170778,0.9971993,352.2694,356.2785,0.002075766,0.4212841,-0.1081792,-0.9004534,0,0,0,0.9335071,0.320572,-0.9703052,-0.3086999,0.4008,2.069,0.9978917,3.589923e-05,0.06490131,0.008694693,0.9909116,-0.1342336,-0.06431627,0.1345149,0.9888221,static,-7.814818861392504,10.654869958252135,-8.486070519988186,10.963361697755134,-0.43763490000000005,0.6754576000000001,1.9720378000000003,-0.13366973589865566,0.18323334826798174,0.973939399645593,-7.283855301377473,10.577434618705055,0.719728104775536,0.7387461962738219,1.2626405435448875
05/10/2023 16:35:13.952416,1746,True,True,True,True,Eyes,1.372386,-0.3524345,-2.933916,-0.1943577,0.3124274,0.9298463,0.0,0.0,0.0,0.0,0.0,0.0,0.0,-1.177207,-0.05495515,3.045408,1.37115,-0.3549131,-2.942334,-0.0673345,-0.03240831,-0.00217382,0.9972017,352.2742,356.2771,0.001672247,0.4212787,-0.1081783,-0.9004561,0,0,0,0.9334641,0.3203818,-0.9702523,-0.3086999,0.4008,2.069,0.9978899,2.892226e-05,0.06492799,0.008699868,0.9909227,-0.1341512,-0.0643425,0.134433,0.9888315,static,-7.808579821843373,10.650431177330844,-8.486070519988186,10.963361697755134,-0.43768590000000007,0.6752948999999999,1.9720817,-0.13356552070190963,0.1831604851901109,0.9739673638209297,-7.278077467348263,10.57310395884003,0.7270512949238539,0.7462701633361493,1.2694677301961832
05/10/2023 16:35:13.972346,1747,True,True,True,True,Eyes,1.372332,-0.3524331,-2.933913,-0.19426,0.3122559,0.9299243,0.0,0.0,0.0,0.0,0.0,0.0,0.0,-1.177306,-0.05458173,3.045389,1.371174,-0.3548683,-2.942341,-0.06727477,-0.03239506,-0.002151448,0.9972063,352.2811,356.2784,0.003923987,0.4212725,-0.1081775,-0.9004591,0,0,0,0.9335146,0.3201727,-0.9701671,-0.3086999,0.4008,2.069,0.9978919,6.786569e-05,0.06489858,0.008649613,0.990939,-0.1340342,-0.06431963,0.134313,0.9888493,static,-7.803379220921641,10.647016209726216,-8.486070519988186,10.963361697755134,-0.4376593999999999,0.675041,1.9721739,-0.13347852634123092,0.18310459588191408,0.9739897783796265,-7.273246186900306,10.569769142609815,0.7330436105949977,0.7524240012236595,1.2750913545295024
05/10/2023 16:35:13.992549,1748,True,True,True,True,Eyes,1.372278,-0.3524344,-2.933909,-0.1941623,0.3120897,0.9300005,0.0,0.0,0.0,0.0,0.0,0.0,0.0,-1.177717,-0.05422252,3.045235,1.371181,-0.3548533,-2.942339,-0.06721451,-0.03232885,-0.002151361,0.9972124,352.288,356.2861,0.003191968,0.4212656,-0.1081768,-0.9004624,0,0,0,0.9337849,0.3199506,-0.9700251,-0.3086999,0.4008,2.069,0.9979005,5.520679e-05,0.06476665,0.008636663,0.9909551,-0.1339152,-0.06418824,0.1341934,0.9888741,static,-7.804817710663809,10.643772710994865,-8.486070519988186,10.963361697755134,-0.43739609999999995,0.6748038999999999,1.9723139,-0.1335043910536161,0.1830488158451654,0.9739967239034819,-7.274804715968067,10.566650032092172,0.7330726533631343,0.7524908708222391,1.2745763977343953
05/10/2023 16:35:14.008353,1749,True,True,True,True,Eyes,1.372223,-0.352436,-2.933905,-0.194034,0.3119093,0.9300879,0.0,0.0,0.0,0.0,0.0,0.0,0.0,-1.177981,-0.0540303,3.045109,1.371139,-0.3549221,-2.942322,-0.06719214,-0.03227928,-0.002159735,0.9972154,352.2906,356.2919,0.001756777,0.4212581,-0.1081763,-0.900466,0,0,0,0.9339511,0.3198011,-0.9699339,-0.3086999,0.4008,2.069,0.9979068,3.038484e-05,0.06466903,0.00864527,0.9909611,-0.1338706,-0.06408856,0.1341495,0.9888865,static,-7.802602661542694,10.635028945748413,-8.486070519988186,10.963361697755134,-0.4371879000000001,0.6747232000000001,1.9723880999999999,-0.13347048393414948,0.18290103569188,0.9740292333241961,-7.273133691221173,10.55819548603875,0.7386126862093955,0.7582418542710327,1.2788179736365854
05/10/2023 16:35:14.022611,1750,True,True,True,True,Eyes,1.37217,-0.3524346,-2.933903,-0.1939123,0.3117463,0.9301679,0.0,0.0,0.0,0.0,0.0,0.0,0.0,-1.177936,-0.05377755,3.045136,1.371141,-0.3549173,-2.942327,-0.06717066,-0.03228445,-0.002108847,0.9972169,352.2932,356.2909,0.007584544,0.42125,-0.108176,-0.9004698,0,0,0,0.9338759,0.3196822,-0.9699141,-0.3086999,0.4008001,2.069,0.9979066,0.0001311804,0.06467251,0.008543091,0.9909673,-0.1338312,-0.06410589,0.1341036,0.9888916,moving,-7.792947225184422,10.628159568394272,-8.486070519988186,10.963364366844228,-0.43726509999999996,0.6745995,1.9724129000000001,-0.13330918019635762,0.18278825445987146,0.9740724687374541,-7.264192008618371,10.551493434797903,0.7499856192876204,0.7699234758750382,1.2894280752380187
05/10/2023 16:35:14.042473,1751,True,True,True,True,Eyes,1.372131,-0.3524353,-2.933898,-0.1937862,0.311561,0.9302562,0.0,0.0,0.0,0.0,0.0,0.0,0.0,-1.177802,-0.05471903,3.045198,1.371164,-0.3548464,-2.942353,-0.06730092,-0.03231105,-0.002139668,0.9972071,352.2781,356.288,0.004726367,0.4212413,-0.1081758,-0.9004738,0,0,0,0.9369604,0.3182885,-0.969922,-0.3055632,0.3988111,2.068745,0.9979028,8.174194e-05,0.06472962,0.008616511,0.990932,-0.1340877,-0.06415361,0.1343642,0.9888532,moving,-7.782271935459228,10.600967998989857,-8.402101060308613,10.911579223818652,-0.4342036,0.6731349,1.9724310000000003,-0.1331391999898614,0.18233014932927838,0.974181510675245,-7.25534553766944,10.525172631261874,0.6753973433709717,0.6933018657130523,1.2101067240019716
05/10/2023 16:35:14.061047,1752,True,True,True,True,Eyes,1.372093,-0.3524377,-2.933896,-0.1936811,0.3113699,0.9303421,0.0,0.0,0.0,0.0,0.0,0.0,0.0,-1.177575,-0.0551866,3.045224,1.371139,-0.3549136,-2.9423,-0.06736752,-0.03234717,-0.002192399,0.9972013,352.2703,356.2842,-0.0008227496,0.4212326,-0.1081756,-0.9004779,0,0,0,0.9402316,0.3163564,-0.9697565,-0.302173,0.3966613,2.068469,0.9978977,-1.422918e-05,0.06480868,0.008730825,0.9909136,-0.1342161,-0.0642179,0.1344998,0.9888306,moving,-7.77263882193699,10.580312456881908,-8.311282773689591,10.855574835723125,-0.43090740000000016,0.67127,1.9725435,-0.1329841170565471,0.18198276659463153,0.9742676754510973,-7.247156778760431,10.505167018642053,0.5893652882932403,0.6049022102497097,1.120334669353536
05/10/2023 16:35:14.077551,1753,True,True,True,True,Eyes,1.372053,-0.3524342,-2.933893,-0.1935475,0.3111833,0.9304323,0.0,0.0,0.0,0.0,0.0,0.0,0.0,-1.176682,-0.05369636,3.045666,1.371152,-0.3549562,-2.942362,-0.06724064,-0.03248193,-0.001912222,0.9972062,352.2859,356.2666,0.03205781,0.4212238,-0.1081757,-0.900482,0,0,0,0.9425457,0.3135819,-0.9695405,-0.2990166,0.3946598,2.068212,0.9978825,0.0005544503,0.0650395,0.00818197,0.9909501,-0.1339813,-0.06452519,0.1342297,0.9888472,moving,-7.741451195939911,10.587786275954514,-8.22666812704864,10.80340168275541,-0.4286062999999999,0.6685381,1.9728215000000002,-0.13245027638380372,0.18212297987525072,0.9743141640793501,-7.216700920939849,10.51214330493144,0.5177120880289405,0.5309665468600534,1.051125682336726
05/10/2023 16:35:14.092301,1754,True,True,True,True,Eyes,1.372019,-0.3524346,-2.933888,-0.1934182,0.3110302,0.9305104,0.0,0.0,0.0,0.0,0.0,0.0,0.0,-1.176134,-0.05502817,3.04583,1.371197,-0.3548003,-2.942336,-0.06740847,-0.032582,-0.001972357,0.9971914,352.2664,356.2554,0.02653844,0.421215,-0.1081756,-0.9004862,0,0,0,0.9454001,0.3124349,-0.9696066,-0.2958692,0.3926643,2.067956,0.9978691,0.0004589707,0.06524689,0.008326242,0.9909045,-0.1343098,-0.06471507,0.1345668,0.988789,moving,-7.723071743020191,10.557432474072671,-8.142236759688473,10.751352793631435,-0.42579690000000003,0.6672352,1.9727294,-0.1321503777024387,0.1816141263884843,0.974449884129856,-7.200596770720671,10.48271263188454,0.4503424669136851,0.46184889470073837,0.9792106031527021
05/10/2023 16:35:14.108245,1755,True,True,True,True,Eyes,1.371988,-0.3524358,-2.933883,-0.1932603,0.3108877,0.9305908,0.0,0.0,0.0,0.0,0.0,0.0,0.0,-1.176305,-0.05702481,3.04574,1.37132,-0.3548983,-2.942279,-0.06775331,-0.0325739,-0.001981632,0.9971683,352.2268,356.2562,0.02671257,0.4212062,-0.1081757,-0.9004903,0,0,0,0.9490943,0.3114668,-0.9697567,-0.2923478,0.3904313,2.06767,0.99787,0.0004619382,0.06523184,0.008366019,0.9908112,-0.1349938,-0.06469479,0.135252,0.9886969,moving,-7.713085169544779,10.508777242389602,-8.047703949522326,10.693070211716863,-0.42222570000000015,0.6663650999999999,1.9725223,-0.1320009022693416,0.18079019216742503,0.9746233174043011,-7.193552829018369,10.435684479101552,0.37236117226106275,0.3820125998669691,0.8920883095367218
05/10/2023 16:35:14.122850,1756,True,True,True,True,Eyes,1.371955,-0.3524366,-2.933876,-0.1930891,0.3107448,0.9306741,2.107777,0.9649665,0.3025442,-0.9722219,0.8333157,-0.5267357,-0.167733,-0.2771806,0.3812465,2.063067,1.371341,-0.3549215,-2.942253,-0.06789652,-0.03254561,-0.00234214,0.9971586,352.209,356.2622,359.9854,0.4211976,-0.1081759,-0.9004943,0,0,0,0.9524503,0.3104556,-0.9697026,-0.2895078,0.3886303,2.067439,0.9978706,-0.0002515028,0.06522431,0.009090437,0.9907691,-0.1352547,-0.06458823,0.1355597,0.9886617,moving,-7.715384463628632,10.47668523902314,-7.9714135517883795,10.646036662442711,-0.41889069999999995,0.6653770999999999,1.9725504,-0.13205350134847532,0.1802429989019828,0.9747175723280503,-7.197471543704227,10.404732905080674,0.29915545677099104,0.30697035459168776,0.8106871993527265
05/10/2023 16:35:14.142527,1757,True,True,True,True,Eyes,1.371921,-0.3524393,-2.933868,-0.1929096,0.3105759,0.9307677,2.102095,0.9664069,0.300421,-0.9773052,0.6606545,-0.5164308,-0.5448256,-0.2770412,0.3801888,2.057409,1.371251,-0.3549094,-2.942215,-0.06774791,-0.03238569,-0.002727805,0.9971731,352.2246,356.2838,359.9391,0.4211891,-0.1081761,-0.9004983,0,0,0,0.9564829,0.3081785,-0.9691211,-0.2864208,0.3866732,2.067188,0.9978874,-0.001052062,0.06495787,0.009828312,0.9908056,-0.1349361,-0.06421866,0.1352894,0.9887228,moving,-7.73386074373272,10.476382471736104,-7.8884360747598326,10.594898031489368,-0.4147681,0.6630879000000001,1.9730939,-0.13236812890043773,0.180230217893534,0.9746772603306728,-7.215295465675607,10.404580540758293,0.1898389313948964,0.19478057106850033,0.699527717018029
05/10/2023 16:35:14.152707,1758,True,True,True,True,Eyes,1.371889,-0.3524437,-2.933862,-0.1927537,0.3104035,0.9308575,2.099098,0.9672803,0.2991239,-0.9799007,0.5214682,-0.3977845,-0.7548764,-0.2761084,0.3803048,2.054424,1.371185,-0.3549508,-2.942189,-0.06753671,-0.03237969,-0.002536063,0.9971882,352.2496,356.2831,359.9604,0.4211807,-0.1081764,-0.9005021,0,0,0,0.9594603,0.3050891,-0.9685805,-0.2831812,0.3846189,2.066924,0.9978903,-0.0006842298,0.06491982,0.009431498,0.9908647,-0.1345294,-0.06423471,0.1348578,0.9887807,moving,-7.720187183894449,10.493209326785683,-7.801301466783921,10.541190505342373,-0.41172470000000005,0.6600399,1.9736085,-0.13212832417124398,0.18052228339397974,0.9746557433946165,-7.201223849078374,10.420715088858847,0.09189054929140411,0.09424287975418749,0.6120518550319437
05/10/2023 16:35:14.177461,1759,True,True,True,True,Eyes,1.371871,-0.3524461,-2.933857,-0.1926115,0.3102017,0.9309542,2.097265,0.967913,0.2981291,-0.9813987,0.4108885,-0.2898108,-0.8643959,-0.2747211,0.3801096,2.052848,1.371209,-0.3549957,-2.942245,-0.06743654,-0.03254319,-0.002327932,0.99719,352.2619,356.2626,359.9854,0.4211724,-0.1081769,-0.900506,0,0,0,0.9617425,0.3024815,-0.9684174,-0.280033,0.3826227,2.066668,0.997871,-0.000253582,0.06521746,0.009031981,0.9908938,-0.1343426,-0.06458951,0.1346456,0.9887865,moving,-7.687179876164246,10.495242489380598,-7.716567036612716,10.488968187816399,-0.40946649999999996,0.6574772,1.9738276000000003,-0.13156563259154738,0.1805705021853874,0.9747229273871026,-7.169302788118095,10.422427340236963,0.02972286846454764,0.030049493495609,0.5512946962169794
05/10/2023 16:35:14.192755,1760,True,True,True,True,Eyes,1.371851,-0.3524501,-2.933852,-0.1924719,0.3099976,0.9310511,2.097347,0.9681705,0.2977226,-0.9811145,0.4283591,-0.3171245,-0.8461326,-0.2742358,0.380452,2.05294,1.371233,-0.3549621,-2.94225,-0.06724316,-0.03259372,-0.002291122,0.9972016,352.2842,356.2566,359.9893,0.4211645,-0.1081775,-0.9005097,0,0,0,0.9647316,0.2996569,-0.9679845,-0.2768102,0.3805791,2.066406,0.9978648,-0.0001860129,0.06531313,0.008952829,0.9909462,-0.1339606,-0.06469689,0.1342593,0.988832,moving,-7.672328749590151,10.50505399435963,-7.629767543067038,10.435473782817423,-0.4065013999999999,0.6546190000000001,1.9742655,-0.13130873934006976,0.18074363221745837,0.9747255252081698,-7.154468396900746,10.431783123632794,0.07984372757339865,0.08156507916358119,0.4753134747844031
05/10/2023 16:35:14.208389,1761,True,True,True,True,Eyes,1.371839,-0.3524539,-2.933848,-0.1923348,0.3097962,0.9311464,2.095575,0.9687873,0.2967473,-0.9825611,0.03784319,-0.01131089,-0.9992197,-0.2738483,0.3802842,2.051229,1.371192,-0.355,-2.942267,-0.06711946,-0.03253088,-0.002210088,0.9972122,352.2987,356.2633,-0.002367255,0.4211569,-0.1081782,-0.9005131,0,0,0,0.9682189,0.2969172,-0.9675516,-0.2734372,0.3784404,2.066131,0.9978737,-4.094396e-05,0.06517705,0.008774762,0.9909801,-0.1337209,-0.06458369,0.1340085,0.9888734,moving,-7.668909113059004,10.5083137600799,-7.538864237467162,10.379459713797841,-0.4029731,0.6519172,1.9747154000000002,-0.13124916056342803,0.18080051585094323,0.9747229403157949,-7.150999530470056,10.434902940779857,0.1786664361880647,0.18307111981674476,0.3918073280990671
05/10/2023 16:35:14.222688,1762,True,True,True,True,Eyes,1.371832,-0.3524562,-2.933846,-0.1922107,0.3096027,0.9312364,2.095981,0.9689622,0.2964653,-0.9819919,-0.1472073,0.1286634,-0.9807016,-0.273424,0.380287,2.051725,1.37119,-0.3550098,-2.942284,-0.06706087,-0.03254187,-0.002048019,0.9972161,352.306,356.2608,0.01618494,0.4211499,-0.108179,-0.9005163,0,0,0,0.9711707,0.2945351,-0.967279,-0.2702617,0.3764269,2.065873,0.9978737,0.0002799378,0.06517723,0.008449206,0.9909973,-0.133615,-0.06462786,0.1338816,0.9888877,moving,-7.655382262496493,10.505855735318006,-7.45322337046867,10.326688335054719,-0.40001929999999986,0.6495449,1.975005,-0.13101992751952268,0.18076423184909807,0.9747605289523804,-7.138092451778994,10.432428576259271,0.26358695930219783,0.2701280713717512,0.33239809645092167
05/10/2023 16:35:14.242593,1763,True,True,True,True,Eyes,1.371844,-0.3524556,-2.933844,-0.1920597,0.3094247,0.9313267,2.097028,0.9690893,0.2964166,-0.9808253,-0.327404,0.2570374,-0.9092516,-0.2729205,0.3800446,2.052961,1.371293,-0.3549769,-2.942327,-0.06707083,-0.03262433,-0.001983692,0.9972128,352.3051,356.2508,0.02428038,0.4211434,-0.1081797,-0.9005192,0,0,0,0.9740022,0.2925595,-0.9671814,-0.2671283,0.3744399,2.065619,0.9978634,0.0004199567,0.0653329,0.008332608,0.9909952,-0.1336384,-0.06480071,0.1338972,0.9888743,moving,-7.634730858952575,10.494364999453579,-7.368662038508553,10.274578246144758,-0.39729080000000006,0.6475363999999999,1.9751456000000003,-0.13067314732879232,0.1805770730179866,0.9748417536885227,-7.118797786527341,10.421183681576684,0.33677376212175847,0.34510698941416057,0.2896986332662194
05/10/2023 16:35:14.262356,1764,True,True,True,True,Eyes,1.371853,-0.3524583,-2.933843,-0.1919149,0.3092557,0.9314127,2.100474,0.9687402,0.2971254,-0.9774346,-0.5877084,0.4193777,-0.6918968,-0.2732101,0.3798391,2.056493,1.371318,-0.3549332,-2.942335,-0.06716569,-0.03259615,-0.002011913,0.9972073,352.2942,356.2542,0.02116703,0.4211378,-0.1081804,-0.9005217,0,0,0,0.9775573,0.2908338,-0.9670545,-0.2637365,0.3722893,2.065342,0.9978669,0.0003660984,0.06528049,0.008391272,0.9909695,-0.133825,-0.06473997,0.1340874,0.9888525,moving,-7.6292677971403,10.472449087056791,-7.277074560333095,10.218153953069226,-0.3937607000000001,0.645767,1.9752804999999998,-0.13058923024864294,0.1802061914582856,0.9749216461074995,-7.11469508574026,10.399993358498557,0.42396012410432504,0.4344031436609194,0.24378815216482064
05/10/2023 16:35:14.272282,1765,True,True,True,True,Eyes,1.371868,-0.3524608,-2.933842,-0.1917132,0.309076,0.9315139,0.0,0.0,0.0,0.0,0.0,0.0,0.0,-1.176176,-0.05353099,3.045932,1.371254,-0.3550161,-2.942377,-0.06720239,-0.03258382,-0.001953589,0.9972053,352.2902,356.2552,0.02793574,0.4211331,-0.1081811,-0.9005238,0,0,0,0.9804855,0.2889389,-0.9669242,-0.2607301,0.370383,2.065098,0.997869,0.0004831629,0.06524809,0.008275678,0.99096,-0.1339018,-0.06472294,0.1341565,0.9888443,moving,-7.6163805280154335,10.45791547246255,-7.1958367935257765,10.168102432172134,-0.39076849999999996,0.643955,1.9754528,-0.13037582194216793,0.17996398892216203,0.974994963303697,-7.103045106122171,10.385870818211709,0.49855809736789053,0.510733424538557,0.236713681922887
05/10/2023 16:35:14.292842,1766,True,True,True,True,Eyes,1.371882,-0.3524619,-2.933842,-0.19152,0.308915,0.9316071,0.0,0.0,0.0,0.0,0.0,0.0,0.0,-1.175695,-0.05424574,3.046105,1.371264,-0.3550253,-2.942372,-0.0673143,-0.03266469,-0.001968179,0.9971951,352.2773,356.2459,0.02730753,0.4211292,-0.1081817,-0.9005256,0,0,0,0.983512,0.2872545,-0.9668936,-0.2573995,0.3682711,2.064827,0.9978583,0.0004722829,0.0654111,0.008322917,0.9909298,-0.1341224,-0.06488116,0.1343796,0.9888036,moving,-7.595291658350144,10.434258164607748,-7.10578457587908,10.112623855606923,-0.387752,0.6422798000000001,1.9754784,-0.13002647689292124,0.17956971826590135,0.9751143563624367,-7.083974283957428,10.362881799548267,0.5719072142490674,0.58571820230873,0.251206543185994
05/10/2023 16:35:14.308462,1767,True,True,True,True,Eyes,1.3719,-0.3524656,-2.933841,-0.1912168,0.30868,0.9317471,0.0,0.0,0.0,0.0,0.0,0.0,0.0,-1.175452,-0.05546573,3.0462,1.371261,-0.3549942,-2.9424,-0.06744423,-0.03271112,-0.002123426,0.9971845,352.2617,356.2416,0.01026095,0.4211261,-0.1081823,-0.9005269,0,0,0,0.9865078,0.2859656,-0.9669141,-0.2543704,0.3663503,2.064581,0.997851,0.0001774564,0.06552447,0.008647247,0.9908935,-0.1343697,-0.06495161,0.1346476,0.9887625,moving,-7.57526307454098,10.401324105819006,-7.023831487385339,10.062133799260856,-0.3847532,0.6409598,1.9754859000000002,-0.12969886404654807,0.17901690370879922,0.9752594619957294,-7.066417556312323,10.330948684584229,0.6323279615441516,0.6474000767500738,0.2721672571013491
05/10/2023 16:35:14.327233,1768,True,True,True,True,Eyes,1.371916,-0.3524698,-2.933842,-0.1909294,0.3084529,0.9318813,0.0,0.0,0.0,0.0,0.0,0.0,0.0,-1.174903,-0.05550265,3.046377,1.371269,-0.3550655,-2.942353,-0.06743822,-0.03280571,-0.002176545,0.9971817,352.2622,356.2311,0.004851049,0.4211237,-0.108183,-0.900528,0,0,0,0.9893733,0.2838594,-0.9667078,-0.2511765,0.364325,2.064321,0.9978381,8.389576e-05,0.06572005,0.008765535,0.9908947,-0.1343535,-0.06513292,0.1346391,0.9887518,moving,-7.548396135645462,10.386149871483008,-6.9373692862216,10.008869644023326,-0.38189570000000006,0.6389248999999999,1.9756452000000002,-0.1292474578524957,0.1787692461979463,0.9753648731858992,-7.041327640307126,10.316102159908553,0.7015466437538488,0.7181185004920018,0.3243441971137112
05/10/2023 16:35:14.342336,1769,True,True,True,True,Eyes,1.371916,-0.3524698,-2.933842,-0.1909294,0.3084529,0.9318813,0.0,0.0,0.0,0.0,0.0,0.0,0.0,-1.174597,-0.05537233,3.046555,1.37125,-0.3550838,-2.942419,-0.0674202,-0.03285183,-0.002168801,0.9971814,352.2643,356.2258,0.006035341,0.4211219,-0.1081836,-0.9005287,0,0,0,0.9923706,0.2817059,-0.9665589,-0.2479581,0.3622843,2.064059,0.9978321,0.0001043786,0.06581091,0.008755129,0.9908996,-0.1343178,-0.06522603,0.1346028,0.9887505,moving,-7.54303665395317,10.388181196495486,-6.850189688520094,9.955169324565047,-0.3788794000000001,0.6367897,1.9758601000000002,-0.12915534458269926,0.17880599011046977,0.9753703396447929,-7.036054280435855,10.31802184594155,0.7982959505382401,0.8170288848887323,0.40768566175093535
05/10/2023 16:35:14.352780,1770,True,True,True,True,Eyes,1.371916,-0.3524698,-2.933842,-0.1909294,0.3084529,0.9318813,0.0,0.0,0.0,0.0,0.0,0.0,0.0,-1.174658,-0.05507526,3.046534,1.371264,-0.3550575,-2.942412,-0.067322,-0.03284982,-0.002274863,0.9971878,352.2752,356.2269,359.9934,0.4211203,-0.1081842,-0.9005293,0,0,0,0.9958723,0.2792428,-0.9661881,-0.2445724,0.3601376,2.063784,0.9978315,-0.0001139007,0.06582117,0.008959961,0.9909251,-0.1341159,-0.06520858,0.1344148,0.9887773,moving,-7.546641774909104,10.397479676988073,-6.758417971981684,9.89864299201977,-0.3753917,0.6343003,1.9762239,-0.12921296844047916,0.17896292489846394,0.9753339248129569,-7.039035658282902,10.327022213993356,0.9115521017052884,0.9328101638444611,0.5121084296159784
05/10/2023 16:35:14.372827,1771,True,True,True,True,Eyes,1.371916,-0.3524698,-2.933842,-0.1909294,0.3084529,0.9318813,0.0,0.0,0.0,0.0,0.0,0.0,0.0,-1.174467,-0.05411816,3.046674,1.371326,-0.3551271,-2.942426,-0.06719296,-0.03288932,-0.002228068,0.9971954,352.2902,356.222,-0.00137473,0.4211189,-0.1081848,-0.9005299,0,0,0,0.9987244,0.276705,-0.965856,-0.2415632,0.3582294,2.063539,0.9978267,-2.37764e-05,0.06589356,0.008863498,0.9909603,-0.1338625,-0.06529472,0.1341556,0.9888068,moving,-7.5413649600206965,10.41294088962723,-6.676803597542657,9.848370361333423,-0.3726016000000001,0.6318321,1.9765700000000002,-0.12911679987494867,0.17922837539098307,0.9752979165553577,-7.033129467976512,10.34190244632103,1.0091512756693972,1.032572627425225,0.6087216480893864
05/10/2023 16:35:14.392974,1772,True,True,True,True,Eyes,1.371916,-0.3524698,-2.933842,-0.1909294,0.3084529,0.9318813,0.0,0.0,0.0,0.0,0.0,0.0,0.0,-1.174145,-0.05456153,3.046831,1.37138,-0.3550537,-2.942453,-0.06730651,-0.03294393,-0.002099659,0.9971862,352.2776,356.2147,0.01429204,0.4211176,-0.1081853,-0.9005305,0,0,0,1.001686,0.2750684,-0.9658365,-0.2383052,0.3561637,2.063274,0.9978206,0.0002471805,0.06598511,0.008622183,0.9909309,-0.1340959,-0.06541983,0.1343726,0.9887691,moving,-7.531123006906275,10.402099679224508,-6.5883880014378775,9.793916538310748,-0.36969399999999997,0.6301221,1.9766165,-0.12894676640917657,0.17904782609209413,0.9753535728118146,-7.023833208022336,10.331363114658727,1.0966650340012873,1.1218894880634298,0.6917090070004475
05/10/2023 16:35:14.408694,1773,True,True,True,True,Eyes,1.371916,-0.3524698,-2.933842,-0.1909294,0.3084529,0.9318813,0.0,0.0,0.0,0.0,0.0,0.0,0.0,-1.174021,-0.05588129,3.046818,1.371421,-0.3550359,-2.942398,-0.06740695,-0.03298483,-0.002373896,0.9971774,352.2651,356.212,359.9834,0.4211165,-0.1081857,-0.9005309,0,0,0,1.005049,0.2735923,-0.9657127,-0.2350855,0.354122,2.063012,0.9978127,-0.0002875761,0.06610349,0.009181202,0.9909014,-0.1342767,-0.06546343,0.13459,0.9887366,moving,-7.533845484397482,10.385466911882622,-6.500958847615775,9.740064426875957,-0.3663719999999999,0.6286282000000001,1.9766852999999998,-0.12899989169745438,0.17876343120609103,0.9753987124237606,-7.027339625275344,10.315332996755005,1.190821289930379,1.2179487559396758,0.779750377095246
05/10/2023 16:35:14.422814,1774,True,True,True,True,Eyes,1.371916,-0.3524698,-2.933842,-0.1909294,0.3084529,0.9318813,0.0,0.0,0.0,0.0,0.0,0.0,0.0,-1.174803,-0.055785,3.046481,1.37141,-0.3550629,-2.94236,-0.06730077,-0.0328669,-0.002607338,0.9971879,352.2764,356.2275,359.9551,0.4211154,-0.1081861,-0.9005314,0,0,0,1.008971,0.2712118,-0.9652286,-0.2318444,0.3520671,2.062748,0.9978259,-0.0007760774,0.0658999,0.009623948,0.9909276,-0.1340516,-0.065198,0.1343944,0.9887807,moving,-7.5541766480643044,10.393774975456322,-6.412896224218055,9.685834190285465,-0.36243899999999996,0.6262747,1.9771313999999998,-0.12934281268051864,0.17889680614768194,0.9753288441087501,-7.0464944889107155,10.323504170688306,1.3132887566508533,1.343019419503309,0.8989270075643017
05/10/2023 16:35:14.442646,1775,True,True,True,True,Eyes,1.371916,-0.3524698,-2.933842,-0.1909294,0.3084529,0.9318813,0.0,0.0,0.0,0.0,0.0,0.0,0.0,-1.174407,-0.05561513,3.046673,1.371381,-0.3550305,-2.942415,-0.06726478,-0.03292671,-0.002606785,0.9971884,352.2805,356.2206,359.9555,0.4211145,-0.1081865,-0.9005318,0,0,0,1.011834,0.2690856,-0.9650596,-0.2286992,0.3500727,2.062492,0.9978181,-0.0007692952,0.06601897,0.009628529,0.9909374,-0.1339796,-0.06531759,0.134323,0.9887825,moving,-7.54754560390253,10.397682330877982,-6.327388020472597,9.633169504970923,-0.35954700000000006,0.6241161,1.9773554,-0.12922828029531644,0.17896601451453537,0.9753313292482501,-7.039896037665708,10.327224615362764,1.4082176834643203,1.4398834638185039,0.9946759124586712
05/10/2023 16:35:14.457683,1776,True,True,True,True,Eyes,1.371916,-0.3524698,-2.933842,-0.1909294,0.3084529,0.9318813,0.0,0.0,0.0,0.0,0.0,0.0,0.0,-1.173878,-0.05607471,3.046843,1.371394,-0.3550318,-2.942383,-0.06736562,-0.03301255,-0.002545494,0.9971789,352.2692,356.2102,359.9637,0.4211137,-0.1081868,-0.9005321,0,0,0,1.014645,0.2673942,-0.9649876,-0.2254903,0.348038,2.062231,0.9978074,-0.0006288033,0.06618179,0.009524446,0.9909108,-0.134183,-0.06549587,0.1345192,0.9887441,moving,-7.535716618867633,10.38696070740353,-6.240096394109223,9.579409438710474,-0.356749,0.622426,1.9773954,-0.1290311571628816,0.17878812800744665,0.9753900503681906,-7.029063815707729,10.316788676902766,1.4934005298271682,1.5266862213208048,1.0799063539311353
05/10/2023 16:35:14.472727,1777,True,True,True,True,Eyes,1.371902,-0.3524705,-2.933846,-0.1895057,0.3072469,0.9325701,0.0,0.0,0.0,0.0,0.0,0.0,0.0,-1.173867,-0.05593258,3.046839,1.37141,-0.3550995,-2.942356,-0.06735255,-0.03301752,-0.002547938,0.9971796,352.2707,356.2096,359.9633,0.4211129,-0.1081871,-0.9005324,0,0,0,1.017821,0.2652359,-0.9647233,-0.2223029,0.3460167,2.061972,0.9978067,-0.0006338751,0.06619202,0.009529131,0.9909143,-0.1341569,-0.06550558,0.1344934,0.988747,moving,-7.4473578995697345,10.311575889875833,-6.1533381979235795,9.52597180146074,-0.35358899999999993,0.6203354000000001,1.9776327000000002,-0.12755613030394716,0.1775388025346235,0.9758122086357419,-6.947901123369085,10.24337328308766,1.4813860476964458,1.513823230097528,1.0705116198963092
05/10/2023 16:35:14.492650,1778,True,True,True,True,Eyes,1.371889,-0.3524708,-2.933849,-0.188139,0.3060822,0.9332296,0.0,0.0,0.0,0.0,0.0,0.0,0.0,-1.17401,-0.05545756,3.046774,1.371424,-0.3551276,-2.942327,-0.06731236,-0.03299304,-0.002470312,0.9971833,352.2756,356.2119,359.972,0.4211118,-0.1081874,-0.9005329,0,0,0,1.020969,0.2630077,-0.9644053,-0.2191827,0.3440383,2.061718,0.9978107,-0.0004850285,0.06613278,0.009368385,0.9909258,-0.1340825,-0.06546765,0.1344085,0.988761,moving,-7.363778745813554,10.24358244109362,-6.068361899549253,9.473641353635857,-0.35045499999999996,0.6181353,1.9779217,-0.1261585069526518,0.17641246066826644,0.9761981139289531,-6.870952944809028,10.177126770128597,1.475192637069934,1.5069552361437248,1.0672600981715477
05/10/2023 16:35:14.512911,1779,True,True,True,True,Eyes,1.372106,-0.352455,-2.93384,-0.1866959,0.3048667,0.9339169,0.0,0.0,0.0,0.0,0.0,0.0,0.0,-1.17405,-0.05490443,3.046758,1.371461,-0.3551142,-2.942301,-0.06724314,-0.03299021,-0.002413098,0.9971882,352.2838,356.2118,359.9783,0.4211105,-0.1081877,-0.9005335,0,0,0,1.024299,0.2605703,-0.9640542,-0.2158335,0.3419146,2.061445,0.9978117,-0.0003758964,0.06611941,0.009249355,0.9909451,-0.1339489,-0.06547035,0.1342673,0.98878,moving,-7.273861468088319,10.17527824266835,-5.977096857518627,9.417437027983341,-0.34716199999999997,0.6156845,1.9782468,-0.12465190054648664,0.17528219892672736,0.9765950513804946,-6.787912424653574,10.110532422073204,1.4708551731648138,1.5019726235525115,1.0666785407126869
05/10/2023 16:35:14.522501,1780,True,True,True,True,Eyes,1.372314,-0.3524418,-2.933835,-0.185307,0.3037029,0.9345726,0.0,0.0,0.0,0.0,0.0,0.0,0.0,-1.174471,-0.05486903,3.046561,1.371494,-0.3550293,-2.942258,-0.06718996,-0.03293143,-0.002497877,0.9971935,352.2895,356.2193,359.9678,0.4211149,-0.1081872,-0.9005315,0,0,0,1.027646,0.2585692,-0.9636938,-0.2128275,0.3400085,2.061201,0.9978185,-0.0005564113,0.06601368,0.009407056,0.9909585,-0.1338383,-0.06534235,0.1341673,0.9888021,moving,-7.197580442375223,10.106176577438783,-5.895134497108549,9.366958694826149,-0.34384799999999993,0.6135984999999999,1.9785641999999997,-0.12337717632450332,0.17413222431069714,0.9769627020551866,-6.718057142995315,10.043271697805531,1.4670925233544199,1.4976009209118117,1.0651764920013334
05/10/2023 16:35:14.542544,1781,True,True,True,True,Eyes,1.372445,-0.3524356,-2.933832,-0.1838363,0.30267,0.9351979,0.0,0.0,0.0,0.0,0.0,0.0,0.0,-1.174597,-0.05532184,3.046582,1.371505,-0.3550746,-2.942329,-0.06723406,-0.03291584,-0.00258621,0.9971909,352.2841,356.2217,359.9577,0.4211242,-0.108186,-0.9005273,0,0,0,1.031096,0.2566376,-0.963576,-0.209528,0.3379164,2.060933,0.9978197,-0.0007317584,0.0659945,0.009584018,0.9909458,-0.1339201,-0.06529897,0.1342606,0.9887922,moving,-7.11170383002459,10.033620453386703,-5.8051197610763445,9.311524799831929,-0.34040899999999996,0.6117122,1.978753,-0.12193905019450788,0.17292587707119267,0.9773574245581398,-6.63913668884937,9.972604791695984,1.4629831280567034,1.4928442859561908,1.064241979746587
05/10/2023 16:35:14.560644,1782,True,True,True,True,Eyes,1.372567,-0.3524306,-2.933829,-0.1824221,0.3016847,0.935793,0.0,0.0,0.0,0.0,0.0,0.0,0.0,-1.1749,-0.05565619,3.046469,1.371501,-0.3550736,-2.942341,-0.06724775,-0.03287015,-0.00268702,0.9971911,352.2822,356.2278,359.9458,0.4211359,-0.1081846,-0.9005221,0,0,0,1.034548,0.2547104,-0.9633496,-0.2063426,0.3358966,2.060673,0.9978247,-0.0009380588,0.06591703,0.009779831,0.990941,-0.133941,-0.06519424,0.1342943,0.9887946,moving,-7.033212098791731,9.967551960545983,-5.7181718013092135,9.257981812675638,-0.33695300000000006,0.609784,1.9789914,-0.12062357055968348,0.17182657924211847,0.9777144780164021,-6.566989757604339,9.908254368516669,1.4648840641993586,1.4942626204090266,1.0692737347419792
05/10/2023 16:35:14.572585,1783,True,True,True,True,Eyes,1.372658,-0.3524307,-2.933825,-0.180935,0.3008105,0.9363629,0.0,0.0,0.0,0.0,0.0,0.0,0.0,-1.174902,-0.0563041,3.046413,1.371434,-0.3550973,-2.942325,-0.06733694,-0.03286132,-0.002741216,0.9971852,352.2717,356.2292,359.9398,0.4211496,-0.1081831,-0.9005159,0,0,0,1.037737,0.2530394,-0.963213,-0.2031679,0.3338836,2.060415,0.9978252,-0.001041437,0.06590682,0.009892561,0.9909164,-0.1341146,-0.06516847,0.134475,0.9887717,moving,-6.94502570104827,9.900217004759863,-5.631464703876455,9.204584463038243,-0.33369700000000013,0.6081367,1.9791119999999998,-0.1191420876231892,0.17070818298883103,0.9780919132929687,-6.485566076939239,9.842608442694868,1.457669686992891,1.4863872733554655,1.0660974411772173
05/10/2023 16:35:14.592479,1784,True,True,True,True,Eyes,1.372748,-0.3524298,-2.933825,-0.1795111,0.2999697,0.9369066,0.0,0.0,0.0,0.0,0.0,0.0,0.0,-1.17467,-0.05615363,3.046483,1.371392,-0.3551452,-2.942315,-0.06729724,-0.03289539,-0.002793374,0.9971867,352.2761,356.2257,359.9339,0.4211642,-0.1081816,-0.9005092,0,0,0,1.040768,0.2508279,-0.962954,-0.1999943,0.3318713,2.060157,0.9978202,-0.001143493,0.06598166,0.00999857,0.9909266,-0.1340321,-0.06522972,0.1343996,0.9887779,moving,-6.856282758458973,9.849775525117074,-5.5447403015406875,9.151176575532588,-0.33062400000000003,0.6059730999999999,1.979361,-0.11764416427264436,0.1698775970281441,0.9784178482148591,-6.402709722577126,9.793260609671986,1.4576964376453265,1.4859959988707239,1.0716265367796396
05/10/2023 16:35:14.609513,1785,True,True,True,True,Eyes,1.372804,-0.3524329,-2.933825,-0.1780636,0.2992028,0.9374279,0.0,0.0,0.0,0.0,0.0,0.0,0.0,-1.174332,-0.05620831,3.046698,1.371436,-0.3551187,-2.942386,-0.06728573,-0.03295892,-0.002824052,0.9971854,352.2773,356.2186,359.9308,0.4211797,-0.1081801,-0.9005021,0,0,0,1.043687,0.2488298,-0.9628338,-0.1968821,0.3298977,2.059904,0.9978115,-0.001196876,0.06611234,0.01006754,0.9909294,-0.1340065,-0.06535227,0.1343788,0.9887727,moving,-6.762365614507013,9.800902046596114,-5.45964787570172,9.098767062162384,-0.32774900000000007,0.6039485,1.9795522,-0.11605647705993485,0.16907473977966678,0.9787464714480889,-6.314783166833061,9.745386754390136,1.4520992570637354,1.4798875103749372,1.0720883324218187
05/10/2023 16:35:14.622814,1786,True,True,True,True,Eyes,1.372857,-0.3524345,-2.933825,-0.1766718,0.2984619,0.9379272,0.0,0.0,0.0,0.0,0.0,0.0,0.0,-1.174042,-0.0559175,3.046819,1.371403,-0.355149,-2.942402,-0.0672841,-0.03299598,-0.002722424,0.9971845,352.2779,356.2135,359.9428,0.421195,-0.1081787,-0.9004952,0,0,0,1.046635,0.2466669,-0.9626428,-0.1936461,0.3278458,2.059641,0.9978077,-0.0009893094,0.0661725,0.009869727,0.9909309,-0.1340097,-0.0654398,0.134369,0.9887682,moving,-6.671244954848082,9.75495639926322,-5.37112259920908,9.044248165105119,-0.32476799999999995,0.6018159,1.9797592,-0.11451477020346709,0.16832012872728822,0.9790579987095586,-6.229396593685771,9.700359434148403,1.4542660839081067,1.481696437780841,1.0803315449252437
05/10/2023 16:35:14.642944,1787,True,True,True,True,Eyes,1.37288,-0.3524391,-2.933826,-0.1752261,0.2977411,0.9384274,0.0,0.0,0.0,0.0,0.0,0.0,0.0,-1.174308,-0.05535406,3.046684,1.371376,-0.3551117,-2.942374,-0.06724969,-0.03294101,-0.002572863,0.997189,352.2824,356.2187,359.9595,0.4212101,-0.1081775,-0.9004882,0,0,0,1.049847,0.2444636,-0.9623139,-0.1904784,0.3258372,2.059383,0.9978166,-0.000700716,0.06604287,0.009561806,0.9909417,-0.1339518,-0.06535077,0.1342908,0.9887847,moving,-6.586285856169855,9.714967274692794,-5.284420339724052,8.990852614103312,-0.32152899999999995,0.5995752999999999,1.9800601,-0.11307569965383008,0.1676645827648517,0.9793377393194165,-6.1496326569880635,9.661126817328082,1.4624860068946817,1.489696567959837,1.0944678439561208
05/10/2023 16:35:14.657323,1788,True,True,True,True,Eyes,1.372904,-0.3524427,-2.933828,-0.173832,0.2970513,0.9389051,0.0,0.0,0.0,0.0,0.0,0.0,0.0,-1.17484,-0.05467755,3.046518,1.371383,-0.3551243,-2.942398,-0.06724998,-0.03284183,-0.00231594,0.9971929,352.2833,356.2281,359.9883,0.4212243,-0.1081765,-0.9004817,0,0,0,1.053236,0.2422584,-0.9620458,-0.1872492,0.3237897,2.05912,0.9978321,-0.0002016529,0.06581076,0.009036102,0.9909441,-0.1339703,-0.06518778,0.1342745,0.9887977,moving,-6.506527949050536,9.67488665863258,-5.195987398391717,8.936392991818419,-0.31814699999999996,0.5973827,1.9803522,-0.11172499223076623,0.16700512518520055,0.9796053491761932,-6.074886600989665,9.621845267501298,1.4771920714390971,1.5042903412725042,1.1145889962520479
05/10/2023 16:35:14.672605,1789,True,True,True,True,Eyes,1.372913,-0.3524482,-2.933829,-0.1724018,0.2963589,0.9393876,0.0,0.0,0.0,0.0,0.0,0.0,0.0,-1.175467,-0.0546312,3.046324,1.371423,-0.3551064,-2.94243,-0.06730291,-0.03273768,-0.002170093,0.997193,352.2778,356.239,0.004549234,0.4212376,-0.1081756,-0.9004756,0,0,0,1.056755,0.2403712,-0.9618496,-0.1840497,0.321761,2.05886,0.9978471,7.867847e-05,0.06558367,0.008734684,0.9909312,-0.1340859,-0.06499945,0.13437,0.9887971,moving,-6.428084124716952,9.626745784998832,-5.108319587028299,8.882401140287595,-0.31466799999999995,0.5954775999999999,1.9805804,-0.11039882163308225,0.16620678763001817,0.9798915476796128,-6.00183471516815,9.574795465093445,1.488312881613014,1.5151987939048928,1.1303889530768265
05/10/2023 16:35:14.692495,1790,True,True,True,True,Eyes,1.372922,-0.3524532,-2.933829,-0.1710214,0.2956871,0.9398515,0.0,0.0,0.0,0.0,0.0,0.0,0.0,-1.176472,-0.05435565,3.045932,1.371424,-0.3551143,-2.94242,-0.06728999,-0.03256981,-0.002106466,0.9971995,352.2795,356.2579,0.0105296,0.4212498,-0.108175,-0.9004699,0,0,0,1.060567,0.238239,-0.961494,-0.1808492,0.3197316,2.0586,0.9978696,0.000182111,0.06524068,0.008584377,0.9909352,-0.1340659,-0.0646737,0.1343403,0.9888226,moving,-6.362327281305169,9.586367124045179,-5.020578013449587,8.828360713320247,-0.31085699999999994,0.5933533,1.9809259999999997,-0.10928664367719003,0.1655366439384101,0.9801296197156798,-5.940599015246283,9.535332244632084,1.5140954745750603,1.5410596407962556,1.1602790137860806
05/10/2023 16:35:14.708726,1791,True,True,True,True,Eyes,1.372939,-0.3524574,-2.933827,-0.1696413,0.2949955,0.9403189,0.0,0.0,0.0,0.0,0.0,0.0,0.0,-1.177097,-0.05372733,3.045642,1.371422,-0.3551047,-2.942359,-0.06721292,-0.0324649,-0.00204812,0.9972083,352.2886,356.2696,0.01614972,0.4212611,-0.1081746,-0.9004647,0,0,0,1.064151,0.2358534,-0.9610519,-0.1776227,0.3176858,2.058337,0.9978837,0.0002793162,0.06502384,0.008448925,0.9909564,-0.1339176,-0.0644732,0.1341835,0.9888569,moving,-6.289825756215652,9.551892462817277,-4.932079419713793,8.773857492443373,-0.30727099999999985,0.5909580999999999,1.9813071000000002,-0.10805673375630244,0.16496919538064916,0.9803616966449327,-5.872549408087897,9.501515382492059,1.537860129820247,1.5648685342254602,1.189104622807637
05/10/2023 16:35:14.722489,1792,True,True,True,True,Eyes,1.372951,-0.3524609,-2.933827,-0.1683134,0.2943281,0.9407665,0.0,0.0,0.0,0.0,0.0,0.0,0.0,-1.177649,-0.0536496,3.045426,1.371409,-0.3550889,-2.942364,-0.06715535,-0.03237735,-0.002152937,0.9972148,352.2948,356.2805,0.003165182,0.4212716,-0.1081744,-0.9004599,0,0,0,1.067652,0.2337273,-0.9607213,-0.1745485,0.3157364,2.058087,0.9978942,5.474465e-05,0.06486351,0.008642505,0.990971,-0.1337972,-0.06428519,0.134076,0.9888837,moving,-6.222818555060283,9.514174498912029,-4.847713829357046,8.72189211777659,-0.30375700000000005,0.5888162,1.9816427,-0.10692143641087454,0.1643440641863783,0.9805910837826126,-5.8099674248419655,9.464610289060426,1.5600011037195558,1.5870174473234424,1.2155501898230527
05/10/2023 16:35:14.742552,1793,True,True,True,True,Eyes,1.372966,-0.3524645,-2.933827,-0.1669567,0.2936155,0.9412308,0.0,0.0,0.0,0.0,0.0,0.0,0.0,-1.17768,-0.05360866,3.045413,1.371318,-0.355075,-2.942407,-0.06711013,-0.03236131,-0.002237497,0.9972182,352.2997,356.2831,359.9931,0.4212814,-0.1081742,-0.9004554,0,0,0,1.071033,0.2314654,-0.96047,-0.1712076,0.3136179,2.057816,0.9978955,-0.000119002,0.06484289,0.008806088,0.9909825,-0.1337021,-0.06424226,0.1339917,0.988898,moving,-6.14537123061488,9.472453876667885,-4.755980439583839,8.665385457914587,-0.30028500000000014,0.5865404,1.9819370000000003,-0.10560816006167882,0.16365308762646213,0.9808489199782465,-5.737535369541147,9.423763607508409,1.5798520765694593,1.606787541260764,1.2403981208889534
05/10/2023 16:35:14.752759,1794,True,True,True,True,Eyes,1.372982,-0.3524685,-2.933829,-0.1656575,0.292939,0.9416711,0.0,0.0,0.0,0.0,0.0,0.0,0.0,-1.177479,-0.05394867,3.045481,1.37129,-0.355074,-2.942415,-0.06717526,-0.03238821,-0.002214495,0.9972129,352.2923,356.2798,-0.003773946,0.4212905,-0.1081742,-0.9004511,0,0,0,1.074037,0.2296903,-0.9603523,-0.1680411,0.31161,2.057558,0.9978923,-6.527236e-05,0.06489339,0.008768016,0.9909652,-0.1338326,-0.06429836,0.1341195,0.988877,moving,-6.063385171197998,9.422014010302107,-4.6689933754518655,8.611804128871071,-0.297253,0.5847643,1.9820627,-0.10421920756480939,0.16281353823326494,0.9811372147385851,-5.661191367278648,9.37446845986837,1.5860882154110834,1.6126898437122426,1.2514446598873863
05/10/2023 16:35:14.772951,1795,True,True,True,True,Eyes,1.372998,-0.352473,-2.933828,-0.1643253,0.2922106,0.9421307,0.0,0.0,0.0,0.0,0.0,0.0,0.0,-1.177152,-0.05470103,3.045644,1.371311,-0.3550884,-2.942456,-0.06727888,-0.03244705,-0.002264482,0.9972039,352.2802,356.2733,359.9913,0.4212992,-0.1081743,-0.900447,0,0,0,1.077034,0.2280832,-0.9603285,-0.1648689,0.3095988,2.0573,0.9978842,-0.000150297,0.06501736,0.008882304,0.9909369,-0.1340346,-0.06440796,0.1343285,0.9888415,moving,-5.977579122532639,9.362830840975587,-4.581805176909688,8.558104303908152,-0.2942769999999999,0.5831716,1.9821274999999998,-0.10276668224399307,0.16182458000231048,0.9814539771087476,-5.581629437943364,9.316707067885234,1.5850179624821799,1.611139257401546,1.2550405198499388
05/10/2023 16:35:14.792668,1796,True,True,True,True,Eyes,1.373013,-0.3524768,-2.933827,-0.1630451,0.2915122,0.9425694,0.0,0.0,0.0,0.0,0.0,0.0,0.0,-1.177054,-0.05499759,3.045624,1.3713,-0.3550974,-2.942405,-0.06734415,-0.03246013,-0.002231909,0.9971992,352.2728,356.2715,-0.004586148,0.4213073,-0.1081744,-0.9004431,0,0,0,1.080115,0.2262868,-0.96014,-0.16169,0.3075829,2.057041,0.9978827,-7.931601e-05,0.06503904,0.008823314,0.9909196,-0.1341662,-0.06443781,0.1344559,0.9888222,moving,-5.898078359813586,9.311384309075347,-4.494390533108959,8.504251876019158,-0.291185,0.5813842,1.982265,-0.10141920432393559,0.16096563537385905,0.9817353769841443,-5.507734228600079,9.266459288022926,1.593373765713012,1.6191980358590987,1.2680006246469606
05/10/2023 16:35:14.808964,1797,True,True,True,True,Eyes,1.373028,-0.352484,-2.933824,-0.1617038,0.2907558,0.9430339,0.0,0.0,0.0,0.0,0.0,0.0,0.0,-1.177132,-0.05506366,3.045581,1.371276,-0.3550825,-2.942406,-0.06736866,-0.03244148,-0.002195257,0.9971983,352.2702,356.2734,-0.0004124923,0.4213151,-0.1081747,-0.9004395,0,0,0,1.083491,0.2242328,-0.9599244,-0.1583257,0.3054499,2.056767,0.9978855,-7.134628e-06,0.06499695,0.00874929,0.9909133,-0.1342174,-0.06440539,0.1345022,0.988818,moving,-5.81851404526828,9.261188592587924,-4.401830641683803,8.447239818038614,-0.28778499999999996,0.5793153,1.9824816,-0.10006962438022747,0.16012747538475597,0.9820108210302951,-5.433711406049566,9.217418071521458,1.6082414815849442,1.6338618281794888,1.2876150255437195
05/10/2023 16:35:14.822616,1798,True,True,True,True,Eyes,1.373042,-0.3524928,-2.933824,-0.1604118,0.2900224,0.9434803,0.0,0.0,0.0,0.0,0.0,0.0,0.0,-1.177565,-0.05489159,3.045392,1.371276,-0.355135,-2.942374,-0.0673767,-0.03236763,-0.002135357,0.9972003,352.2695,356.2814,0.005949242,0.4213224,-0.1081751,-0.900436,0,0,0,1.086726,0.2222715,-0.9596505,-0.1553286,0.3035493,2.056524,0.9978955,0.0001028902,0.06484175,0.008620404,0.9909116,-0.1342379,-0.06426626,0.1345143,0.9888255,moving,-5.747645899408866,9.214880622686053,-4.319330817543546,8.396407859633264,-0.28454999999999986,0.5774064999999999,1.9827235,-0.09886746852554754,0.15935298203853832,0.9822585532088104,-5.367863888944647,9.172194356315956,1.6207817416410888,1.6462021859246825,1.304325990792574
05/10/2023 16:35:14.843036,1799,True,True,True,True,Eyes,1.373009,-0.3525051,-2.933824,-0.1590503,0.2892122,0.9439594,0.0,0.0,0.0,0.0,0.0,0.0,0.0,-1.177924,-0.05421439,3.045333,1.371268,-0.355178,-2.942442,-0.06729527,-0.03230424,-0.002079235,0.9972079,352.279,356.2884,0.01162103,0.4213294,-0.1081758,-0.9004326,0,0,0,1.090176,0.2197957,-0.9593625,-0.1520669,0.301481,2.056258,0.9979042,0.0002009864,0.06470793,0.008494704,0.9909341,-0.1340804,-0.06414824,0.1343491,0.9888556,moving,-5.671756217181721,9.174016139647325,-4.229508089232175,8.341068177639617,-0.2810919999999999,0.5749737,1.9830794999999997,-0.09757718656885694,0.15867268156069986,0.9824976927173584,-5.296887703204358,9.132185640646618,1.6401880287350776,1.6654975142541537,1.3285955293459486
05/10/2023 16:35:14.852976,1800,True,True,True,True,Eyes,1.37298,-0.3525161,-2.933823,-0.1577375,0.2884281,0.9444195,0.0,0.0,0.0,0.0,0.0,0.0,0.0,-1.178467,-0.05372167,3.045122,1.371285,-0.3551641,-2.942426,-0.06725569,-0.03221317,-0.00198052,0.9972138,352.2839,356.2981,0.02214678,0.4213348,-0.1081768,-0.90043,0,0,0,1.093753,0.2175102,-0.9590222,-0.148779,0.2993962,2.055991,0.9979168,0.000383035,0.06451321,0.008283039,0.9909455,-0.134009,-0.06398042,0.1342642,0.988878,moving,-5.600752766195103,9.130745969425364,-4.138916954720364,8.28525219771717,-0.2775320000000001,0.5726743,1.9834038,-0.09637087872027598,0.1579493015109345,0.9827333064687489,-5.230748609121605,9.08989239620969,1.6634842333175877,1.68873433603612,1.3562972427099567
05/10/2023 16:35:14.872360,1801,True,True,True,True,Eyes,1.372941,-0.3525271,-2.933823,-0.1563366,0.2875808,0.9449106,0.0,0.0,0.0,0.0,0.0,0.0,0.0,-1.178941,-0.05326673,3.044953,1.371338,-0.3551433,-2.942411,-0.06718261,-0.03214403,-0.001971691,0.9972209,352.2924,356.3061,0.02235346,0.421339,-0.108178,-0.9004279,0,0,0,1.097226,0.2152193,-0.958667,-0.145621,0.2973937,2.055734,0.9979258,0.0003866175,0.06437431,0.008251459,0.9909652,-0.133865,-0.06384446,0.1341185,0.9889066,moving,-5.524429021457415,9.08603584411507,-4.051864327286343,8.231613180847724,-0.2741119999999999,0.5703625999999999,1.9837439999999997,-0.09507316335744781,0.15720208049216647,0.9829793947579482,-5.159558089999173,9.046169328566766,1.677452705184513,1.7024937198192562,1.374949886264875
05/10/2023 16:35:14.892868,1802,True,True,True,True,Eyes,1.372905,-0.3525371,-2.933821,-0.1549904,0.2867762,0.9453769,0.0,0.0,0.0,0.0,0.0,0.0,0.0,-1.179155,-0.05313882,3.04489,1.371338,-0.355115,-2.942433,-0.06719844,-0.03210371,-0.001874406,0.9972214,352.2909,356.31,0.03331739,0.4213417,-0.1081796,-0.9004264,0,0,0,1.100434,0.2132679,-0.9584695,-0.142485,0.2954053,2.055479,0.9979317,0.0005762427,0.06428092,0.008053032,0.9909617,-0.1339031,-0.06377708,0.1341438,0.9889075,moving,-5.445678053901965,9.035050075580392,-3.965377646787701,8.17832344246016,-0.27090400000000003,0.5683829,1.9839634999999998,-0.09373489210975323,0.15634724010802753,0.9832443269828642,-5.08636110504127,8.996371861683759,1.6856120059531983,1.7103420181940756,1.3877345314837275
05/10/2023 16:35:14.913136,1803,True,True,True,True,Eyes,1.372846,-0.3525534,-2.933818,-0.1535549,0.2859474,0.945862,0.0,0.0,0.0,0.0,0.0,0.0,0.0,-1.179165,-0.05402699,3.044831,1.37135,-0.3551001,-2.942388,-0.06731621,-0.03210746,-0.001940773,0.9972131,352.2771,356.31,0.02613334,0.4213433,-0.1081813,-0.9004254,0,0,0,1.103691,0.2117334,-0.9583393,-0.1392805,0.2933735,2.055219,0.9979307,0.0004519763,0.06429725,0.008193433,0.9909295,-0.1341326,-0.06377466,0.1343819,0.9888753,moving,-5.3606160350985546,8.968417770682587,-3.8769598815512794,8.12383997926533,-0.2676590000000001,0.5668335,1.9840486999999998,-0.09229158554699732,0.15522467467317386,0.9835585948659079,-5.007911493563914,8.93142763993073,1.6829807662583018,1.7072045067050245,1.3896939873126708
05/10/2023 16:35:14.928566,1804,True,True,True,True,Eyes,1.372788,-0.3525663,-2.933816,-0.152187,0.2851402,0.9463266,0.0,0.0,0.0,0.0,0.0,0.0,0.0,-1.179065,-0.053664,3.044852,1.371333,-0.3552047,-2.942358,-0.06725726,-0.03212336,-0.00197905,0.9972165,352.2838,356.3085,0.02162295,0.4213432,-0.1081834,-0.9004252,0,0,0,1.106831,0.2093659,-0.9580312,-0.136083,0.2913461,2.054958,0.9979283,0.0003739744,0.06433409,0.008268139,0.9909451,-0.1340129,-0.06380167,0.1342672,0.9888891,moving,-5.278000803956886,8.923869475332356,-3.7886973963993755,8.069452065853447,-0.264502,0.5645705999999999,1.9843268,-0.09088402236644871,0.15447997145233483,0.9838068323564239,-4.930648511048037,8.887813132196706,1.6930474696515199,1.716989734792571,1.404908247236736
05/10/2023 16:35:14.942475,1805,True,True,True,True,Eyes,1.372722,-0.3525756,-2.933813,-0.1507158,0.2842973,0.9468156,0.0,0.0,0.0,0.0,0.0,0.0,0.0,-1.178379,-0.05254582,3.045135,1.371306,-0.3551339,-2.942378,-0.06713323,-0.03222291,-0.001798697,0.997222,352.2986,356.2957,0.04273011,0.4213417,-0.1081859,-0.9004256,0,0,0,1.109555,0.2067486,-0.9577358,-0.1327649,0.2892422,2.054688,0.9979169,0.0007390541,0.06450827,0.007913855,0.9909797,-0.1337775,-0.06402527,0.1340093,0.9889097,moving,-5.174447531547916,8.887343507741566,-3.697061650298134,8.012978568280143,-0.26175099999999984,0.5618825000000001,1.9846422000000001,-0.08911428132593771,0.15387748249871117,0.9840631853717068,-4.832779353135281,8.851781782303409,1.6932554639364794,1.7167361735210132,1.411894306381836
05/10/2023 16:35:14.962372,1806,True,True,True,True,Eyes,1.372661,-0.352588,-2.933809,-0.1493025,0.2835144,0.9472741,0.0,0.0,0.0,0.0,0.0,0.0,0.0,-1.178092,-0.05454007,3.045178,1.371336,-0.3550187,-2.942343,-0.06739196,-0.03228071,-0.001922827,0.9972023,352.2685,356.2898,0.0298373,0.4213386,-0.1081884,-0.9004267,0,0,0,1.112609,0.2059331,-0.9578046,-0.1296157,0.2872452,2.054432,0.9979085,0.0005160257,0.06463996,0.008185816,0.9909093,-0.1342827,-0.06412163,0.134531,0.9888325,moving,-5.08590284461773,8.806681457057396,-3.610050141096882,7.959345196030756,-0.25872700000000015,0.5609518,1.9845384000000001,-0.08761216362876714,0.15251234057987403,0.984410466624342,-4.751717398238624,8.77327242017329,1.678981329657583,1.7017990309494253,1.4020990165569331
05/10/2023 16:35:14.977505,1807,True,True,True,True,Eyes,1.372611,-0.3526005,-2.933803,-0.1478092,0.2826585,0.947764,0.0,0.0,0.0,0.0,0.0,0.0,0.0,-1.178065,-0.05680752,3.04518,1.371416,-0.3551113,-2.942329,-0.06773631,-0.03230254,-0.002033642,0.9971783,352.2285,356.288,0.01852198,0.4213344,-0.1081912,-0.9004284,0,0,0,1.115738,0.2053173,-0.9579765,-0.1265784,0.2853193,2.054185,0.9979048,0.0003203008,0.06469827,0.008431917,0.9908153,-0.1349589,-0.06414726,0.1352217,0.9887367,moving,-4.9960820323891655,8.712078512241405,-3.5260942087607208,7.9075958194803615,-0.25567800000000007,0.5604286,1.9843525,-0.08609029222400412,0.15090684628049128,0.9847921467260751,-4.670165102171569,8.681300356693576,1.653721081074258,1.6757256949059267,1.3811288571506322
05/10/2023 16:35:14.992443,1808,True,True,True,True,Eyes,1.372562,-0.3526121,-2.933797,-0.1463566,0.281821,0.9482387,0.0,0.0,0.0,0.0,0.0,0.0,0.0,-1.17888,-0.05816436,3.044808,1.371444,-0.3551188,-2.942283,-0.06781016,-0.0321915,-0.002403792,0.9971759,352.2187,356.3036,359.9753,0.4213294,-0.1081941,-0.9004304,0,0,0,1.119887,0.2035955,-0.957721,-0.123214,0.2831858,2.053911,0.9979159,-0.000428185,0.06452718,0.009159828,0.990792,-0.1350826,-0.06387518,0.1353921,0.988731,moving,-4.930937712608456,8.646560650957355,-3.4330560993158357,7.850239901749964,-0.25155700000000003,0.5587143,1.9845620000000002,-0.0849850793277692,0.1497948987610982,0.9850578598128411,-4.610853496580489,8.617582294547487,1.6745383503758966,1.6964009146007681,1.40571016101742
05/10/2023 16:35:15.008873,1809,True,True,True,True,Eyes,1.372492,-0.352626,-2.933791,-0.144748,0.2809047,0.9487574,0.0,0.0,0.0,0.0,0.0,0.0,0.0,-1.180062,-0.05752248,3.044325,1.371409,-0.3551063,-2.942262,-0.06758954,-0.03200635,-0.002681272,0.9971963,352.243,356.3273,359.941,0.4213237,-0.1081972,-0.9004326,0,0,0,1.124144,0.2007023,-0.9571292,-0.1198852,0.281075,2.053641,0.9979368,-0.001020918,0.06419568,0.009674096,0.990849,-0.1346284,-0.06347077,0.1349717,0.9888145,moving,-4.863317580144521,8.611348215362769,-3.3409583893080375,7.7934595200044035,-0.24726500000000007,0.5558086,1.9851328,-0.08383003699180146,0.149204136497461,0.9852465115852229,-4.547547828398413,8.583090412731352,1.706253539603483,1.728154918958171,1.4420038215182316
05/10/2023 16:35:15.022508,1810,True,True,True,True,Eyes,1.372423,-0.3526405,-2.933784,-0.1432129,0.2800119,0.9492542,0.0,0.0,0.0,0.0,0.0,0.0,0.0,-1.180344,-0.05551305,3.044227,1.371334,-0.3551135,-2.942269,-0.06734049,-0.03193917,-0.002488446,0.9972156,352.2723,356.3336,359.9618,0.4213169,-0.1082006,-0.9004354,0,0,0,1.127054,0.1977793,-0.9566277,-0.1169919,0.2792405,2.053405,0.9979474,-0.000661437,0.06403562,0.009264633,0.9909182,-0.134147,-0.06336533,0.1344649,0.9888903,moving,-4.775103244475286,8.586893719070485,-3.260877990490243,7.744091941652485,-0.24428000000000005,0.5528928,1.9856413000000002,-0.08231806549430057,0.14880243479303,0.9854347804794605,-4.463822249174903,8.558824171811695,1.7113746795604254,1.7329722893990565,1.4528811019359387
05/10/2023 16:35:15.042548,1811,True,True,True,True,Eyes,1.372328,-0.3526581,-2.933782,-0.1415704,0.2790501,0.9497836,0.0,0.0,0.0,0.0,0.0,0.0,0.0,-1.179819,-0.05397418,3.04443,1.371307,-0.3551407,-2.94225,-0.06720471,-0.03200819,-0.002213043,0.9972233,352.2889,356.3236,359.9936,0.4213091,-0.1082041,-0.9004387,0,0,0,1.129673,0.1950844,-0.9562756,-0.1138249,0.2772324,2.053148,0.9979412,-0.000111594,0.06413607,0.008715998,0.9909573,-0.1338945,-0.06354115,0.1341779,0.988918,moving,-4.6627993892999156,8.545976972185397,-3.1731843917134643,7.690021463572769,-0.24163400000000013,0.5502251,1.9859744,-0.08039468497806584,0.1481219887494425,0.9856959949047767,-4.35775202808514,8.51848947934667,1.6970659734846303,1.7180258070700756,1.4455309537673424
05/10/2023 16:35:15.052927,1812,True,True,True,True,Eyes,1.372236,-0.3526772,-2.93378,-0.1399945,0.2781114,0.9502924,0.0,0.0,0.0,0.0,0.0,0.0,0.0,-1.179732,-0.05306941,3.044588,1.371356,-0.3551535,-2.942338,-0.06709921,-0.03202459,-0.002106621,0.9972302,352.3014,356.321,0.005554934,0.4212996,-0.108208,-0.9004427,0,0,0,1.132794,0.1925427,-0.9560335,-0.1105873,0.2751795,2.052884,0.99794,9.607806e-05,0.06415448,0.008499221,0.9909866,-0.1336918,-0.06358907,0.1339616,0.9889442,moving,-4.564585813289578,8.501032235201537,-3.083499713283567,7.634721099023853,-0.23856199999999994,0.5476962000000001,1.9863045,-0.07871389504461758,0.14736856204026705,0.985944565372242,-4.265476038728479,8.474374372209178,1.6953441855922726,1.7158411990322662,1.4498571147127175
05/10/2023 16:35:15.072616,1813,True,True,True,True,Eyes,1.372114,-0.3526978,-2.933781,-0.1382997,0.2771272,0.9508279,0.0,0.0,0.0,0.0,0.0,0.0,0.0,-1.179777,-0.05157319,3.044594,1.371358,-0.3552072,-2.942327,-0.06692456,-0.03201092,-0.001954652,0.9972426,352.322,356.3214,0.0223226,0.4212888,-0.1082122,-0.9004472,0,0,0,1.136244,0.1894826,-0.9555845,-0.1070564,0.2729405,2.052597,0.997943,0.0003861098,0.06410693,0.008183157,0.9910346,-0.1333549,-0.06358368,0.1336052,0.9889928,moving,-4.461855463310984,8.461784506879019,-2.9856454719154994,7.574371692905424,-0.23511400000000005,0.5446898,1.9867425,-0.07695356222201966,0.14671337117127914,0.9861811818318375,-4.16854443192318,8.435722734117558,1.7023055237479148,1.7224103579287924,1.4632756287810165
05/10/2023 16:35:15.092323,1814,True,True,True,True,Eyes,1.371998,-0.3527151,-2.933783,-0.1366683,0.2761845,0.9513379,0.0,0.0,0.0,0.0,0.0,0.0,0.0,-1.179725,-0.05051285,3.044696,1.371385,-0.355181,-2.942384,-0.066811,-0.03201537,-0.001793548,0.9972504,352.3357,356.3197,0.04051045,0.4212759,-0.1082168,-0.9004527,0,0,0,1.138935,0.1871966,-0.9553286,-0.1042326,0.2711501,2.052367,0.9979436,0.0007007245,0.06409432,0.007855188,0.9910662,-0.1331397,-0.06361501,0.1333694,0.9890226,moving,-4.360572721652445,8.418209971296617,-2.907355971495007,7.526091230415218,-0.23245000000000005,0.5423776,1.9870554,-0.07521836896741355,0.14598269707251899,0.9864234138375191,-4.073237616513137,8.392906655388527,1.685720788665639,1.705202266820555,1.4528072794289824
05/10/2023 16:35:15.102642,1815,True,True,True,True,Eyes,1.371853,-0.3527361,-2.933786,-0.1349176,0.2751921,0.9518753,0.0,0.0,0.0,0.0,0.0,0.0,0.0,-1.180057,-0.05079085,3.044592,1.371412,-0.3551173,-2.94241,-0.06685253,-0.03196442,-0.001781471,0.9972492,352.3309,356.3255,0.04166367,0.4212614,-0.1082216,-0.900459,0,0,0,1.14242,0.1853379,-0.9551527,-0.100967,0.2690795,2.052102,0.9979502,0.0007206639,0.06399117,0.007826943,0.9910551,-0.1332234,-0.06351478,0.1334512,0.989018,moving,-4.261864964958524,8.352088821955316,-2.816780852286702,7.470224323968555,-0.22899200000000008,0.5404552,1.9872573000000002,-0.07353111318832706,0.14486252467358635,0.9867157958504265,-3.981608813733116,8.328352446026539,1.674000146530253,1.6929126042137996,1.4467923325875662
05/10/2023 16:35:15.122348,1816,True,True,True,True,Eyes,1.371714,-0.3527571,-2.933791,-0.1332388,0.2742379,0.952387,0.0,0.0,0.0,0.0,0.0,0.0,0.0,-1.180448,-0.05125064,3.044463,1.371442,-0.3551499,-2.942423,-0.06691439,-0.03190728,-0.001831085,0.9972468,352.3236,356.3325,0.03573042,0.4212446,-0.1082267,-0.9004663,0,0,0,1.145852,0.183567,-0.9549935,-0.09783161,0.2670911,2.051847,0.9979572,0.0006180251,0.0638839,0.007922199,0.9910383,-0.1333435,-0.06339379,0.1335771,0.9890088,moving,-4.169648449678965,8.285377497006529,-2.729782721340129,7.4165500781507525,-0.22558999999999996,0.5387169,1.9874294999999997,-0.0719549227049463,0.14373012546063396,0.9869975387631148,-3.89626772813366,8.26327783220294,1.6632960216996282,1.681687961365103,1.4414004164549021
05/10/2023 16:35:15.136976,1817,True,True,True,True,Eyes,1.371573,-0.3527774,-2.933796,-0.131524,0.2732331,0.9529141,0.0,0.0,0.0,0.0,0.0,0.0,0.0,-1.180261,-0.05115038,3.044573,1.371431,-0.3551708,-2.942463,-0.06691147,-0.03193417,-0.001803111,0.9972462,352.3241,356.3291,0.03915341,0.4212258,-0.1082322,-0.9004744,0,0,0,1.148803,0.181545,-0.9548315,-0.09473133,0.2651251,2.051594,0.9979539,0.0006772327,0.06393375,0.007869815,0.9910392,-0.1333392,-0.06345116,0.1335695,0.9890061,moving,-4.0640540750040035,8.223862966803132,-2.6437262350495763,7.363457592252717,-0.22262800000000005,0.5367158000000001,1.9876315,-0.07014648015627456,0.14268880987113763,0.9872788594665964,-3.7977570476506672,8.20311692722778,1.6428703956470814,1.6606109061140273,1.427170247462965
05/10/2023 16:35:15.152632,1818,True,True,True,True,Eyes,1.371437,-0.3527976,-2.9338,-0.1298746,0.2722755,0.9534143,0.0,0.0,0.0,0.0,0.0,0.0,0.0,-1.179739,-0.05247781,3.044765,1.371409,-0.3551484,-2.942489,-0.06707606,-0.03202154,-0.001919359,0.9972321,352.3048,356.3199,0.02703877,0.4212053,-0.1082379,-0.9004833,0,0,0,1.151743,0.1802033,-0.9548529,-0.09151009,0.2630828,2.051332,0.9979419,0.0004676652,0.06412329,0.008123848,0.9909943,-0.1336579,-0.06360832,0.1339037,0.9889508,moving,-3.9586730616077483,8.144394220542859,-2.554275969043876,7.308274372590866,-0.21966600000000014,0.5353517,1.9876361,-0.06834390323539993,0.1413370525618622,0.9875996838464337,-3.70040454902074,8.12563171235052,1.617392147425065,1.6344502420511682,1.407722892723835
05/10/2023 16:35:15.172373,1819,True,True,True,True,Eyes,1.371291,-0.3528168,-2.933807,-0.1281833,0.2712989,0.9539213,0.0,0.0,0.0,0.0,0.0,0.0,0.0,-1.179794,-0.0533787,3.044699,1.371387,-0.3551694,-2.942466,-0.067173,-0.03201544,-0.002053451,0.9972256,352.2932,356.3216,0.01188963,0.4211833,-0.1082438,-0.9004928,0,0,0,1.15505,0.1785659,-0.9547117,-0.08830899,0.2610531,2.051072,0.9979416,0.000205639,0.0641291,0.008396653,0.9909672,-0.1338418,-0.06357735,0.1341047,0.9889256,moving,-3.8620135449154023,8.071576921179041,-2.465349545249365,7.253402781390653,-0.216337,0.5337353,1.9877543,-0.06668955619440836,0.14009749551442863,0.9878892108829653,-3.611105142750896,8.054631177522777,1.602147142453722,1.618665886148714,1.3981140268141745
05/10/2023 16:35:15.192434,1820,True,True,True,True,Eyes,1.371151,-0.3528347,-2.933811,-0.126565,0.2703652,0.9544024,0.0,0.0,0.0,0.0,0.0,0.0,0.0,-1.179132,-0.05368841,3.044944,1.371293,-0.3551284,-2.942509,-0.0672093,-0.03210877,-0.002065445,0.9972201,352.2889,356.3109,0.01136775,0.4211597,-0.1082499,-0.900503,0,0,0,1.157805,0.1766949,-0.9546122,-0.08508636,0.2590096,2.05081,0.9979295,0.0001966108,0.06431665,0.008435421,0.9909573,-0.1339123,-0.06376138,0.1341776,0.9889039,moving,-3.755684929645001,8.009657235233485,-2.3757905235243375,7.198131345915633,-0.21348800000000012,0.5318233,1.9878967999999997,-0.0648658386964321,0.13904655701956387,0.9881591266962085,-3.5119082795333467,7.994073738952485,1.5848997257484452,1.600838168296917,1.3871870272433264
05/10/2023 16:35:15.208809,1821,True,True,True,True,Eyes,1.37102,-0.3528591,-2.933818,-0.1249209,0.2693862,0.9548958,0.0,0.0,0.0,0.0,0.0,0.0,0.0,-1.17871,-0.05402505,3.04507,1.3713,-0.3551124,-2.942475,-0.06727657,-0.03217753,-0.002029714,0.9972134,352.2813,356.3026,0.0162746,0.4211349,-0.1082561,-0.9005139,0,0,0,1.160794,0.1748641,-0.9544522,-0.0817934,0.2569215,2.050542,0.997921,0.0002814727,0.06444883,0.008377704,0.9909394,-0.1340476,-0.06390262,0.1343088,0.988877,moving,-3.649432003686515,7.942097863466532,-2.2842416557375547,7.141626056020001,-0.21050599999999986,0.5299765,1.9880228,-0.06304345533299809,0.13789743741910068,0.9884381439209092,-3.413083574163551,7.92807454303604,1.5671931234562042,1.5825611522622813,1.3757853391883126
05/10/2023 16:35:15.224455,1822,True,True,True,True,Eyes,1.370895,-0.3528807,-2.933823,-0.1233409,0.2684295,0.9553704,0.0,0.0,0.0,0.0,0.0,0.0,0.0,-1.178535,-0.05294737,3.045249,1.371354,-0.3552782,-2.942526,-0.06715617,-0.03221099,-0.001951044,0.9972205,352.2955,356.2982,0.02515602,0.4211091,-0.1082626,-0.9005252,0,0,0,1.163836,0.172152,-0.9541698,-0.07859727,0.254895,2.050282,0.9979173,0.0004350918,0.06450498,0.008217576,0.9909725,-0.1338133,-0.06398088,0.1340647,0.988905,moving,-3.550386631157872,7.898010954569791,-2.195350610653305,7.086759892858093,-0.20751799999999987,0.5274302,1.9883562000000001,-0.06134108995386593,0.13715139606738325,0.988648947058186,-3.319960369362607,7.884780950952807,1.5643681618313205,1.5793197592613124,1.3789795932307345
05/10/2023 16:35:15.242875,1823,True,True,True,True,Eyes,1.370779,-0.3528995,-2.933825,-0.121723,0.2674389,0.9558555,0.0,0.0,0.0,0.0,0.0,0.0,0.0,-1.178856,-0.05121091,3.045144,1.371375,-0.355226,-2.942512,-0.06696381,-0.03215051,-0.001708577,0.997236,352.3185,356.3034,0.0519252,0.4210827,-0.1082693,-0.9005367,0,0,0,1.167042,0.16936,-0.9537135,-0.07545415,0.252902,2.050026,0.9979268,0.0008981328,0.06435212,0.00771355,0.9910258,-0.1334475,-0.06389447,0.1336673,0.9889644,moving,-3.456101096472737,7.861997554239822,-2.107901896035992,7.032775408821806,-0.2043330000000001,0.524586,1.9887984999999997,-0.05971915168591012,0.13654339264403675,0.9888322990728162,-3.2309964742259023,7.849314359398943,1.5681966952807913,1.5827982974813741,1.3885522278147067
05/10/2023 16:35:15.259497,1824,True,True,True,True,Eyes,1.370668,-0.3529191,-2.933828,-0.1201593,0.2664818,0.9563206,0.0,0.0,0.0,0.0,0.0,0.0,0.0,-1.178988,-0.05202341,3.045008,1.371347,-0.3551715,-2.942456,-0.06711759,-0.0321213,-0.001647424,0.9972267,352.301,356.3062,0.05932594,0.4210559,-0.108276,-0.9005485,0,0,0,1.170295,0.1679637,-0.9535879,-0.07224416,0.2508665,2.049765,0.997931,0.001026098,0.06428556,0.007597517,0.990985,-0.133757,-0.06384328,0.1339687,0.9889269,moving,-3.365141024524949,7.786452236412038,-2.018559579122529,6.977611297587159,-0.201052,0.5231352,1.9888681,-0.05815965506445796,0.1352519663516185,0.989102753617082,-3.147335054185219,7.775724397710144,1.5566543076301005,1.5708294794219975,1.382432129867837
05/10/2023 16:35:15.275218,1825,True,True,True,True,Eyes,1.370571,-0.3529377,-2.933829,-0.1185576,0.2654414,0.9568098,0.0,0.0,0.0,0.0,0.0,0.0,0.0,-1.179601,-0.05207023,3.044792,1.371349,-0.3552087,-2.942475,-0.06703885,-0.03203208,-0.001871103,0.9972343,352.3092,356.3183,0.03254637,0.4210289,-0.1082828,-0.9005603,0,0,0,1.174017,0.165633,-0.9532674,-0.06904889,0.2488404,2.049505,0.9979409,0.0005629319,0.06413784,0.008026642,0.9910046,-0.133587,-0.06363609,0.1338267,0.9889595,moving,-3.285733717942549,7.729811077134869,-1.9295947860808211,6.922675751069856,-0.19733199999999984,0.5208417,1.9892075999999999,-0.056796327902995575,0.13428466490472324,0.9893138231299115,-3.073805514717491,7.720464478964916,1.5642232363318396,1.5781572282548855,1.394878147324589
05/10/2023 16:35:15.292410,1826,True,True,True,True,Eyes,1.370475,-0.3529549,-2.933831,-0.1170269,0.2644399,0.9572754,0.0,0.0,0.0,0.0,0.0,0.0,0.0,-1.180908,-0.0512926,3.044254,1.371332,-0.3551985,-2.942438,-0.06691673,-0.03181508,-0.001866304,0.9972496,352.3232,356.3434,0.03096398,0.4210022,-0.1082896,-0.9005719,0,0,0,1.178158,0.1630513,-0.9527935,-0.0657537,0.2467511,2.049237,0.9979687,0.0005355795,0.0637049,0.007980263,0.9910374,-0.1333466,-0.06320536,0.1335841,0.9890199,moving,-3.219830433316389,7.6830959083920725,-1.837814444018699,6.865998236706257,-0.19317399999999996,0.5182498,1.9896445000000003,-0.05566440693175902,0.13348651668539366,0.9894861146801986,-3.012764847243443,7.67488538301267,1.5916117275077177,1.6054958111900677,1.4264665665544785
05/10/2023 16:35:15.308666,1827,True,True,True,True,Eyes,1.370386,-0.3529721,-2.933834,-0.1154879,0.2633796,0.9577545,0.0,0.0,0.0,0.0,0.0,0.0,0.0,-1.180439,-0.05070123,3.044466,1.371276,-0.3551811,-2.942487,-0.06690782,-0.03187134,-0.001642752,0.9972488,352.3251,356.3351,0.05714416,0.4209756,-0.1082964,-0.9005836,0,0,0,1.18095,0.1608984,-0.9526358,-0.06250125,0.2446887,2.048973,0.997963,0.0009884188,0.06378712,0.007541346,0.9910413,-0.1333427,-0.06334747,0.1335522,0.9890152,moving,-3.1172218243683547,7.6217311170437645,-1.747191282391677,6.8100208509404,-0.190326,0.5160795,1.9898512,-0.053899927511422224,0.13243952325927816,0.9897244674685667,-2.9171239714653554,7.614891569863034,1.5790285296321906,1.5924375159002329,1.420056115490584
05/10/2023 16:35:15.322719,1828,True,True,True,True,Eyes,1.370302,-0.3529901,-2.933832,-0.1140052,0.2623605,0.9582117,0.0,0.0,0.0,0.0,0.0,0.0,0.0,-1.180187,-0.0508979,3.044609,1.371328,-0.3551835,-2.942513,-0.06700521,-0.03191282,-0.001486425,0.9972411,352.3145,356.3291,0.07585356,0.4209494,-0.1083031,-0.900595,0,0,0,1.183782,0.1592884,-0.9525711,-0.05943342,0.2427435,2.048723,0.9979587,0.001312001,0.06384874,0.007241299,0.9910162,-0.1335458,-0.06345035,0.1337356,0.9889838,moving,-3.0210776285348833,7.5500537211042476,-1.6616835648753887,6.757202568457318,-0.1875460000000002,0.5144719,1.9899418999999998,-0.05224765831481436,0.13121280179251285,0.9899763948956345,-2.8282607669514706,7.544994947936399,1.5607700374071212,1.573710637495419,1.4076644492097439
05/10/2023 16:35:15.333061,1829,True,True,True,True,Eyes,1.370255,-0.3530063,-2.933828,-0.1124838,0.2613194,0.958676,0.0,0.0,0.0,0.0,0.0,0.0,0.0,-1.180643,-0.05064285,3.044344,1.371345,-0.3552168,-2.942405,-0.06700675,-0.03183766,-0.001406044,0.9972436,352.3146,356.3372,0.08454531,0.4209237,-0.1083098,-0.9006062,0,0,0,1.18717,0.1572442,-0.9522249,-0.05630071,0.2407571,2.048468,0.9979688,0.001462338,0.06368822,0.007071013,0.9910163,-0.1335545,-0.06331137,0.1337336,0.9889929,moving,-2.9378502857051885,7.487461522135914,-1.5743380878072866,6.703239401459675,-0.18417499999999998,0.512461,1.9901801,-0.050816820021208686,0.13014086982438405,0.9901924620290162,-2.7513651149335407,7.483963335015359,1.5603034237066038,1.57294941062143,1.4124172481998112
05/10/2023 16:35:15.352699,1830,True,True,True,True,Eyes,1.370209,-0.3530228,-2.933824,-0.1110227,0.2603157,0.9591192,0.0,0.0,0.0,0.0,0.0,0.0,0.0,-1.180932,-0.05082592,3.044192,1.371318,-0.3552387,-2.942377,-0.06705618,-0.03178433,-0.001374541,0.9972419,352.3091,356.343,0.08794784,0.4208994,-0.1083165,-0.9006168,0,0,0,1.190655,0.1552932,-0.9520019,-0.05297704,0.2386496,2.048198,0.9979758,0.001521171,0.06357766,0.007004171,0.9910032,-0.1336551,-0.06320897,0.1338298,0.9889864,moving,-2.8567981967846925,7.421214085972643,-1.4816361410479661,6.64595688014899,-0.18066300000000002,0.5105319,1.9903751,-0.049423412000205016,0.12900490824290514,0.9904115323368955,-2.6767599463359764,7.419420856541089,1.5662295964447162,1.578636885011736,1.4235755802704582
05/10/2023 16:35:15.377521,1831,True,True,True,True,Eyes,1.370186,-0.3530366,-2.93382,-0.1094824,0.2592878,0.9595746,0.0,0.0,0.0,0.0,0.0,0.0,0.0,-1.180922,-0.05061716,3.044205,1.371314,-0.3552597,-2.942383,-0.06701266,-0.03178678,-0.001403208,0.9972447,352.3139,356.343,0.08449982,0.4208764,-0.108323,-0.9006267,0,0,0,1.1937,0.153164,-0.9517574,-0.04993414,0.23672,2.04795,0.9979753,0.001461549,0.06358647,0.007058918,0.9910147,-0.1335668,-0.06321034,0.1337452,0.9889978,moving,-2.7663368489111684,7.363553691548326,-1.3967375736094123,6.593487304525688,-0.17761399999999994,0.5084237,1.9906256,-0.047865815355247116,0.12801785307136493,0.9906161038056751,-2.592630344740763,7.363093725203488,1.5591947628808647,1.571242952356253,1.422129938786437
05/10/2023 16:35:15.392755,1832,True,True,True,True,Eyes,1.370162,-0.3530481,-2.933815,-0.1079975,0.2583043,0.960008,0.0,0.0,0.0,0.0,0.0,0.0,0.0,-1.181161,-0.05149567,3.044112,1.371329,-0.3552267,-2.942394,-0.06709268,-0.03175695,-0.001547177,0.9972401,352.3042,356.3475,0.06796356,0.4208552,-0.1083294,-0.9006359,0,0,0,1.197203,0.1514685,-0.9516168,-0.04667191,0.2346516,2.047685,0.9979783,0.001175503,0.0635462,0.00734713,0.9909924,-0.1337167,-0.06313099,0.1339133,0.9889801,moving,-2.685226394902317,7.2935031912981945,-1.3056893732494286,6.537214377273138,-0.174126,0.5066952,1.9907772000000001,-0.046470646021026796,0.12681497983806767,0.9908372073230793,-2.5181706895474516,7.294880825814341,1.5614466959124973,1.5732435171741053,1.4297445190021982
05/10/2023 16:35:15.408818,1833,True,True,True,True,Eyes,1.370178,-0.3530572,-2.933807,-0.1064851,0.2572731,0.9604538,0.0,0.0,0.0,0.0,0.0,0.0,0.0,-1.181531,-0.0520314,3.043907,1.371309,-0.3551845,-2.942354,-0.06714328,-0.0316971,-0.00162727,0.9972385,352.2981,356.355,0.05844996,0.4208355,-0.1083355,-0.9006444,0,0,0,1.200764,0.1496361,-0.9513841,-0.04338903,0.2325701,2.047418,0.9979853,0.001010941,0.06343766,0.007502046,0.9909782,-0.1338125,-0.06300061,0.1340189,0.9889742,moving,-2.604508097117125,7.224663564022064,-1.214034573167148,6.480558559971393,-0.17054499999999995,0.5048206,1.9909699,-0.0450815485850881,0.1256324304849542,0.9910520535409196,-2.4440247620288993,7.2278393933876295,1.565497719340758,1.5770570306298743,1.4392027336992628
05/10/2023 16:35:15.424536,1834,True,True,True,True,Eyes,1.370192,-0.3530666,-2.933799,-0.1050317,0.2562778,0.9608798,0.0,0.0,0.0,0.0,0.0,0.0,0.0,-1.181608,-0.05211067,3.043853,1.371289,-0.3551874,-2.942339,-0.06716212,-0.03168086,-0.001616868,0.9972378,352.296,356.3568,0.05959278,0.4208182,-0.1083413,-0.9006518,0,0,0,1.204045,0.1476337,-0.9511627,-0.04014173,0.2305108,2.047154,0.9979874,0.001030702,0.06340387,0.00748031,0.9909733,-0.1338507,-0.06296949,0.1340556,0.9889711,moving,-2.520404489484729,7.162453715188431,-1.1233434347024303,6.4244794489678965,-0.16724399999999995,0.5028211,1.9911763,-0.04363267115705936,0.12456432214680253,0.9912516726248576,-2.366264260935239,7.167170120006149,1.5686927830865323,1.5799954456874759,1.4479093939644487
05/10/2023 16:35:15.443227,1835,True,True,True,True,Eyes,1.370239,-0.3530749,-2.933791,-0.1034941,0.2552413,0.9613225,0.0,0.0,0.0,0.0,0.0,0.0,0.0,-1.181762,-0.05154297,3.043787,1.371292,-0.3552047,-2.94232,-0.06710738,-0.03165206,-0.001533078,0.9972425,352.3026,356.3595,0.0688293,0.4208031,-0.1083467,-0.9006581,0,0,0,1.2073,0.1453359,-0.9508621,-0.0369373,0.2284791,2.046893,0.9979916,0.001190473,0.06333531,0.007305874,0.9909885,-0.1337476,-0.06292378,0.1339417,0.9889895,moving,-2.431335120494024,7.106853948461586,-1.0338213660385254,6.369127308276257,-0.16399199999999992,0.5005406,1.9914579,-0.04209672803283073,0.12361051565380035,0.9914375446166449,-2.2833669561174164,7.112842039494221,1.5692680051327805,1.5802801300818274,1.454123716578549
05/10/2023 16:35:15.456189,1836,True,True,True,True,Eyes,1.370284,-0.353084,-2.933784,-0.1020052,0.2542436,0.9617459,0.0,0.0,0.0,0.0,0.0,0.0,0.0,-1.182513,-0.05172083,3.043525,1.371298,-0.3552259,-2.942348,-0.06714755,-0.03152868,-0.001522551,0.9972437,352.298,356.3736,0.06923281,0.4207908,-0.1083519,-0.9006633,0,0,0,1.210901,0.1434914,-0.9506807,-0.03383001,0.2265088,2.04664,0.9980072,0.00119744,0.06308801,0.007270855,0.9909778,-0.1338289,-0.06267907,0.134021,0.9889944,moving,-2.357391152528946,7.042230794875514,-0.9469864217698194,6.315422726666325,-0.1603969999999999,0.4987173,1.9916673,-0.04082284761691349,0.12249868535714291,0.9916287673988832,-2.21552658181021,7.0499207896234735,1.5758411490835016,1.586660478036085,1.4658381705096586
05/10/2023 16:35:15.472657,1837,True,True,True,True,Eyes,1.370332,-0.3530908,-2.933777,-0.1004156,0.2532043,0.9621872,0.0,0.0,0.0,0.0,0.0,0.0,0.0,-1.183508,-0.05141982,3.043165,1.371299,-0.3552519,-2.942367,-0.06712548,-0.03136272,-0.001476393,0.9972506,352.3007,356.3925,0.07318516,0.4207809,-0.1083568,-0.9006673,0,0,0,1.214792,0.1412904,-0.9504052,-0.03057135,0.2244426,2.046375,0.9980284,0.001265806,0.06275117,0.007155142,0.990984,-0.1337892,-0.06235476,0.1339744,0.9890211,moving,-2.2817528820829263,6.9825842514241545,-0.8558934884133169,6.259077000727307,-0.15650699999999995,0.4965423,1.9919618,-0.03951874471302214,0.12147267125142042,0.991807731902228,-2.1457891721521194,6.991789177290195,1.5882695932984399,1.5989176815354746,1.4834749774133427
05/10/2023 16:35:15.492344,1838,True,True,True,True,Eyes,1.370377,-0.3530985,-2.93377,-0.09888358,0.2522007,0.9626094,0.0,0.0,0.0,0.0,0.0,0.0,0.0,-1.184473,-0.050697,3.042787,1.371323,-0.3551962,-2.942348,-0.06702723,-0.03120558,-0.001414346,0.9972621,352.3122,356.4102,0.07876202,0.4207733,-0.1083613,-0.9006703,0,0,0,1.218662,0.1388615,-0.9500215,-0.02730948,0.2223741,2.04611,0.9980484,0.0013623,0.06242988,0.007004195,0.9910107,-0.1335992,-0.06205069,0.1337757,0.9890671,moving,-2.2083170377215926,6.933978219745512,-0.7646827590304632,6.202640864060731,-0.15266100000000016,0.49405770000000004,1.9923265,-0.038251443165929204,0.12063720159745574,0.9919594271586539,-2.077588769738931,6.944328389436505,1.6078002611488296,1.6183121634691082,1.5079199508768566
05/10/2023 16:35:15.509108,1839,True,True,True,True,Eyes,1.370434,-0.3531078,-2.933766,-0.09729272,0.2511673,0.9630416,0.0,0.0,0.0,0.0,0.0,0.0,0.0,-1.185004,-0.04985511,3.042612,1.371298,-0.3552251,-2.942374,-0.06696748,-0.03110521,-0.001241935,0.9972696,352.3196,356.4204,0.09764786,0.4207677,-0.1083656,-0.9006724,0,0,0,1.222105,0.1365287,-0.9497474,-0.02411883,0.2203509,2.045851,0.9980618,0.001688987,0.06220689,0.006643162,0.9910277,-0.133492,-0.06187421,0.1336465,0.9890956,moving,-2.122633380380622,6.879989735426171,-0.6754368476423512,6.147414248334939,-0.1491929999999999,0.4917538,1.9926266,-0.03677212448739743,0.11970909968893671,0.9921277899530867,-1.9978692061630914,6.891580825242833,1.6117915054615917,1.6220495210247523,1.5174357439606927
05/10/2023 16:35:15.522566,1840,True,True,True,True,Eyes,1.370488,-0.3531159,-2.933763,-0.09576374,0.2501746,0.9634532,0.0,0.0,0.0,0.0,0.0,0.0,0.0,-1.185282,-0.04955456,3.042585,1.371325,-0.3552786,-2.942434,-0.06697398,-0.03105768,-0.001129489,0.9972708,352.3193,356.425,0.1102696,0.4207641,-0.1083697,-0.9006736,0,0,0,1.225484,0.1344152,-0.9495863,-0.02087604,0.2182947,2.045586,0.9980683,0.0019073,0.06209711,0.006412923,0.9910264,-0.1335122,-0.06179452,0.1336525,0.9890998,moving,-2.035862345228455,6.820352532008633,-0.5847065156304732,6.091266005609562,-0.1458409999999999,0.4896938,1.9928477,-0.03527394320946037,0.11868278170506283,0.9923055170820081,-1.9174012891369019,6.8333739857419245,1.6140145028190354,1.6240136713565163,1.5253850705666052
05/10/2023 16:35:15.542351,1841,True,True,True,True,Eyes,1.370546,-0.3531237,-2.933761,-0.09419417,0.2491658,0.9638692,0.0,0.0,0.0,0.0,0.0,0.0,0.0,-1.18539,-0.04953161,3.042552,1.371311,-0.3552597,-2.942452,-0.06697898,-0.031036,-0.0011019,0.997271,352.3188,356.4273,0.1133011,0.4207622,-0.1083735,-0.900674,0,0,0,1.228495,0.1325627,-0.9494068,-0.01791527,0.2164174,2.045346,0.9980711,0.001959732,0.0620502,0.006355305,0.9910252,-0.133524,-0.06175498,0.1336608,0.9891012,moving,-1.945657917802025,6.759278891266287,-0.5018432629626206,6.039974282542001,-0.14281600000000005,0.4878224,1.9930451999999999,-0.03371589563051612,0.11763130250969202,0.9924848045748481,-1.8337003990021268,6.773754995664908,1.603395824876624,1.6130715661932131,1.520617494891637
05/10/2023 16:35:15.557293,1842,True,True,True,True,Eyes,1.370602,-0.3531302,-2.93376,-0.09268768,0.2482031,0.9642636,0.0,0.0,0.0,0.0,0.0,0.0,0.0,-1.185523,-0.04883519,3.042536,1.371287,-0.3552542,-2.942489,-0.06688125,-0.03100784,-0.001057441,0.9972785,352.3302,356.4303,0.1178553,0.4207621,-0.1083771,-0.9006737,0,0,0,1.231847,0.1300683,-0.9491228,-0.01461694,0.214326,2.045077,0.9980748,0.00203856,0.06198835,0.006256813,0.9910516,-0.1333329,-0.06170546,0.133464,0.9891308,moving,-1.8597125333974625,6.712928062346242,-0.40950766684337786,5.982812012832175,-0.13944,0.4853225,1.9933662,-0.03223015700587634,0.11683410486257506,0.9926283715866125,-1.7533233702822462,6.728375833517019,1.6141732947566088,1.623626681455801,1.536784323034004
05/10/2023 16:35:15.572739,1843,True,True,True,True,Eyes,1.370667,-0.3531371,-2.933758,-0.09113309,0.2472026,0.9646686,0.0,0.0,0.0,0.0,0.0,0.0,0.0,-1.185458,-0.049326,3.042576,1.371269,-0.3552346,-2.942523,-0.06696673,-0.03101406,-0.001038312,0.9972726,352.3204,356.4294,0.1204192,0.4207633,-0.1083805,-0.9006727,0,0,0,1.23493,0.1284262,-0.9490333,-0.01147664,0.2123347,2.044822,0.9980741,0.002082861,0.06199799,0.00622478,0.9910288,-0.1335038,-0.06171986,0.1336326,0.9891071,moving,-1.7673993214321957,6.643138390955134,-0.3215713302103184,5.9283573499156,-0.136339,0.4836608,1.9934897,-0.030635163539285394,0.11563072907021073,0.9928196687290599,-1.6680524041961984,6.660329865528844,1.6037206700222677,1.612864072645382,1.5325779086935025
05/10/2023 16:35:15.582828,1844,True,True,True,True,Eyes,1.370729,-0.3531431,-2.933756,-0.0896384,0.2462432,0.965054,0.0,0.0,0.0,0.0,0.0,0.0,0.0,-1.185448,-0.04931498,3.042541,1.37128,-0.3552563,-2.942475,-0.06696338,-0.03101863,-0.001052542,0.9972727,352.3208,356.429,0.1188015,0.4207661,-0.1083837,-0.9006711,0,0,0,1.238078,0.1263866,-0.9487752,-0.008327812,0.2103381,2.044566,0.9980735,0.00205488,0.06200901,0.006253567,0.9910296,-0.1334962,-0.06172708,0.1336268,0.9891075,moving,-1.6796321127843943,6.585822911530449,-0.23337267737679018,5.87373423331281,-0.13320200000000004,0.4816429,1.9936998,-0.029117658634469277,0.11464271857981663,0.9929799535988001,-1.5865011762145782,6.604355965443,1.603175070484747,1.6120597508005918,1.537779194106854
05/10/2023 16:35:15.609706,1845,True,True,True,True,Eyes,1.370784,-0.353148,-2.933755,-0.08810985,0.245257,0.9654459,0.0,0.0,0.0,0.0,0.0,0.0,0.0,-1.185554,-0.04958814,3.042509,1.37127,-0.3552424,-2.942496,-0.0669874,-0.03100155,-0.001097512,0.9972716,352.3179,356.4313,0.1135707,0.4207701,-0.1083866,-0.9006688,0,0,0,1.241503,0.124376,-0.9485933,-0.004990548,0.2082218,2.044294,0.9980754,0.00196439,0.06198096,0.00634246,0.991023,-0.1335412,-0.06168688,0.1336773,0.9891032,moving,-1.5929759133826926,6.523633620800841,-0.13987066921149266,5.815811561561636,-0.12976699999999997,0.4796184,1.9939026999999998,-0.02761923538961831,0.11356970282274959,0.9931461261969852,-1.506279338428196,6.543687215583612,1.6076725534621326,1.6163313144845866,1.5481846204598728
05/10/2023 16:35:15.625134,1846,True,True,True,True,Eyes,1.370836,-0.3531538,-2.933753,-0.08663772,0.2443133,0.9658183,0.0,0.0,0.0,0.0,0.0,0.0,0.0,-1.185821,-0.0493592,3.042367,1.37114,-0.3552104,-2.942517,-0.06695905,-0.03093473,-0.001065785,0.9972756,352.3212,356.4388,0.1166089,0.4207752,-0.1083893,-0.9006661,0,0,0,1.244669,0.122347,-0.9483683,-0.00194031,0.2062877,2.044046,0.9980838,0.002016957,0.06184362,0.006268484,0.9910307,-0.1334873,-0.06155817,0.1336192,0.9891191,moving,-1.5137819896443843,6.470593619778434,-0.05438798371256822,5.762850109906046,-0.126471,0.47755739999999997,1.9941487,-0.02624923998111251,0.11265443314359773,0.9932874849670097,-1.4327644070669139,6.491904050436117,1.613495984778721,1.621953063536735,1.5593079274670358
05/10/2023 16:35:15.642643,1847,True,True,True,True,Eyes,1.370891,-0.3531626,-2.933752,-0.08511916,0.2433454,0.9661976,0.0,0.0,0.0,0.0,0.0,0.0,0.0,-1.186208,-0.04945171,3.042189,1.371144,-0.3552372,-2.942485,-0.06701127,-0.03086834,-0.0009952503,0.9972742,352.3155,356.4459,0.1244167,0.4207811,-0.1083919,-0.9006631,0,0,0,1.248088,0.1204839,-0.9481604,0.001256064,0.2042611,2.043786,0.9980924,0.002151978,0.06170178,0.006122128,0.991017,-0.1335957,-0.06143501,0.1337187,0.9891133,moving,-1.4309895912241926,6.407140969820162,0.03521266753835134,5.707331721653421,-0.12305599999999983,0.4757211,1.9943246000000001,-0.024817000413171027,0.11155842187877803,0.9934479817003177,-1.3563336145591762,6.43004538840968,1.6164022278551589,1.624648284220337,1.5680293681356
05/10/2023 16:35:15.656186,1848,True,True,True,True,Eyes,1.370943,-0.3531714,-2.93375,-0.08365768,0.242407,0.966561,0.0,0.0,0.0,0.0,0.0,0.0,0.0,-1.186629,-0.04926732,3.042042,1.37116,-0.3553126,-2.942484,-0.06698613,-0.0308027,-0.001015881,0.9972779,352.3183,356.4536,0.1214383,0.4207878,-0.1083944,-0.9006597,0,0,0,1.251731,0.1181764,-0.9478977,0.004606031,0.202137,2.043514,0.9981003,0.002100475,0.06157381,0.006152939,0.9910237,-0.133545,-0.06130161,0.1336701,0.9891281,moving,-1.3534388116152538,6.353794069216281,0.12914307887832005,5.64911422947268,-0.11942900000000001,0.473489,1.9945863,-0.023474761405321867,0.11063697560119616,0.9935835762530325,-1.2844186650730915,6.377978496839496,1.6334373843296914,1.6415306084750803,1.5904087286628938
05/10/2023 16:35:15.672391,1849,True,True,True,True,Eyes,1.370989,-0.353179,-2.933748,-0.08214347,0.2414256,0.9669365,0.0,0.0,0.0,0.0,0.0,0.0,0.0,-1.186939,-0.04834825,3.041932,1.371142,-0.3553219,-2.942487,-0.06687926,-0.03074391,-0.0009153466,0.997287,352.3309,356.4597,0.1321912,0.4207952,-0.1083969,-0.9006559,0,0,0,1.255168,0.1156315,-0.9475708,0.007896893,0.2000503,2.043246,0.9981079,0.002286533,0.06144344,0.005937986,0.9910527,-0.1333393,-0.06119856,0.1334519,0.9891639,moving,-1.2696765073144325,6.308035353462225,0.2214399966301194,5.5918974497375755,-0.11597400000000002,0.4709534,1.9949161999999998,-0.022024132133255207,0.10984705898950882,0.993704496450722,-1.2061143247585155,6.333187246505947,1.6462767509889473,1.6541710689910396,1.6085465188511832
05/10/2023 16:35:15.692783,1850,True,True,True,True,Eyes,1.371032,-0.3531875,-2.933747,-0.08069026,0.2404813,0.967294,0.0,0.0,0.0,0.0,0.0,0.0,0.0,-1.18724,-0.04856101,3.041809,1.371161,-0.3552805,-2.942481,-0.06693087,-0.03069469,-0.0008643492,0.9972851,352.3251,356.4649,0.1378764,0.420803,-0.1083992,-0.900652,0,0,0,1.258526,0.1138522,-0.9473951,0.01107199,0.1980371,2.042988,0.9981142,0.002384839,0.06133841,0.005832849,0.991039,-0.1334452,-0.06110701,0.1335514,0.9891562,moving,-1.189286216327407,6.246035891542755,0.3105119007704072,5.536669673060669,-0.11263500000000004,0.4691327,1.9950858999999999,-0.020632313640645862,0.10877493151720947,0.9938521912496942,-1.1319216408834099,6.272749095979143,1.6513914995044674,1.659094579574571,1.6193910704125694
05/10/2023 16:35:15.709286,1851,True,True,True,True,Eyes,1.371062,-0.3531967,-2.933747,-0.07917812,0.2395149,0.9676587,0.0,0.0,0.0,0.0,0.0,0.0,0.0,-1.18719,-0.04827073,3.041816,1.371126,-0.3553086,-2.942476,-0.06691619,-0.03069378,-0.0007966384,0.9972862,352.3271,356.4645,0.1456245,0.420811,-0.1084016,-0.9006479,0,0,0,1.26161,0.1117443,-0.9471703,0.01423492,0.1960315,2.04273,0.9981145,0.002518868,0.06132757,0.005696774,0.9910432,-0.1334203,-0.06111434,0.1335181,0.9891603,moving,-1.0997596177212143,6.190408230430965,0.3992635521801117,5.4816288437121035,-0.10951600000000017,0.4670529,1.9953057,-0.019081372579309242,0.10781328848033594,0.9939879867191453,-1.048585127665414,6.218390637417104,1.6506862124512311,1.658143143078602,1.6245256970555564
05/10/2023 16:35:15.723899,1852,True,True,True,True,Eyes,1.371091,-0.3532035,-2.933747,-0.07772809,0.2385933,0.9680039,0.0,0.0,0.0,0.0,0.0,0.0,0.0,-1.187042,-0.04775336,3.041904,1.371074,-0.3553088,-2.942523,-0.06686212,-0.03070531,-0.0007185583,0.9972895,352.3336,356.4626,0.1545229,0.420819,-0.1084039,-0.9006438,0,0,0,1.26455,0.1095511,-0.9469677,0.01732767,0.1940703,2.042479,0.9981134,0.002672823,0.06134026,0.005539266,0.9910579,-0.1333176,-0.06114808,0.1334059,0.9891732,moving,-1.0123269135328892,6.1420469433202625,0.4860654835362357,5.427779838803556,-0.10652399999999984,0.4648599,1.9955553,-0.017566132637896234,0.10697723471608729,0.9941062676755412,-0.966881248756225,6.171060116879822,1.652706834236911,1.6599268876035589,1.6320293436873223
05/10/2023 16:35:15.742628,1853,True,True,True,True,Eyes,1.371096,-0.3532167,-2.933747,-0.07621265,0.2376326,0.9683607,0.0,0.0,0.0,0.0,0.0,0.0,0.0,-1.186859,-0.04839176,3.041931,1.371056,-0.3552589,-2.942502,-0.0669502,-0.03073367,-0.000740774,0.9972827,352.3234,356.4595,0.1524975,0.420827,-0.1084062,-0.9006398,0,0,0,1.267783,0.1078231,-0.9468148,0.02067735,0.1919463,2.042206,0.9981098,0.002637728,0.06139949,0.005592771,0.9910342,-0.133491,-0.0612011,0.1335821,0.9891462,moving,-0.9210787320327155,6.074521416059309,0.5801003447635976,5.369438067902082,-0.10327299999999995,0.463082,1.9956872000000003,-0.015984927344556456,0.10580837642783275,0.9942580829355966,-0.8825166618057165,6.105207120293899,1.6515270140653693,1.6585177564499078,1.6372552050194664
05/10/2023 16:35:15.753228,1854,True,True,True,True,Eyes,1.371103,-0.3532291,-2.933748,-0.07476597,0.2367139,0.9686984,0.0,0.0,0.0,0.0,0.0,0.0,0.0,-1.186768,-0.04786205,3.041954,1.371036,-0.3553759,-2.942475,-0.0669346,-0.0307393,-0.0006166184,0.9972836,352.3256,356.4579,0.1668017,0.4208342,-0.1084087,-0.9006361,0,0,0,1.270754,0.1056623,-0.9465737,0.02377438,0.1899824,2.041954,0.9981095,0.002885159,0.06139414,0.005344932,0.9910387,-0.1334676,-0.06122905,0.1335434,0.9891497,moving,-0.8336564165970985,6.022219170042908,0.6670620828230313,5.315468986204207,-0.10028199999999998,0.4610382,1.9959012999999999,-0.014469258110896423,0.10490314629131445,0.9943771826393214,-0.8010318786608674,6.054073629780748,1.6520479673380706,1.6588103679618849,1.643422252270644
05/10/2023 16:35:15.777727,1855,True,True,True,True,Eyes,1.371094,-0.3532386,-2.93375,-0.07320728,0.2357776,0.9690458,0.0,0.0,0.0,0.0,0.0,0.0,0.0,-1.186291,-0.04768035,3.042209,1.371083,-0.3553722,-2.942522,-0.06699397,-0.03081369,-0.0003966284,0.9972774,352.3196,356.4475,0.1929598,0.4208409,-0.1084112,-0.9006327,0,0,0,1.273471,0.1039068,-0.9464891,0.02688739,0.1880086,2.041701,0.9981007,0.003337564,0.06151273,0.004919758,0.9910233,-0.1335987,-0.06140644,0.1336476,0.9891247,moving,-0.7300559708715069,5.96068436144614,0.7544909477042026,5.261204194760419,-0.09761200000000003,0.459279,1.9960328999999999,-0.01267265909675654,0.1038376789311203,0.9945135922399521,-0.7044440680979784,5.9939082438683595,1.634631730881025,1.6410825869039374,1.63258892680089
05/10/2023 16:35:15.793851,1856,True,True,True,True,Eyes,1.371086,-0.353248,-2.933751,-0.07170282,0.2349046,0.9693702,0.0,0.0,0.0,0.0,0.0,0.0,0.0,-1.187239,-0.0501762,3.041815,1.37113,-0.3552686,-2.942529,-0.06732047,-0.03067364,-0.0005725852,0.9972597,352.2814,356.4648,0.1727593,0.4208467,-0.1084138,-0.9006297,0,0,0,1.277443,0.1032705,-0.9465534,0.03012597,0.1859552,2.041438,0.9981176,0.002987896,0.06125625,0.005271959,0.9909352,-0.1342368,-0.06110207,0.1343071,0.9890541,moving,-0.6615823407549978,5.870408563842838,0.8454656231582396,5.204726157045847,-0.09368699999999985,0.4585391,1.9959756,-0.011485989195719196,0.10227204656128534,0.9946901782412023,-0.6432371000966832,5.906273434650738,1.641154077832807,1.6475213601814296,1.6457230571823003
05/10/2023 16:35:15.809335,1857,True,True,True,True,Eyes,1.371071,-0.3532599,-2.933749,-0.07012197,0.2339882,0.9697074,0.0,0.0,0.0,0.0,0.0,0.0,0.0,-1.187778,-0.05249628,3.041538,1.371151,-0.3552852,-2.942489,-0.06766208,-0.03059408,-0.0006892906,0.997239,352.2418,356.4747,0.1599063,0.4208516,-0.1084165,-0.9006271,0,0,0,1.281188,0.1025167,-0.9465914,0.03344546,0.1838503,2.041167,0.998127,0.002765342,0.06111248,0.005514892,0.9908428,-0.1349083,-0.06092593,0.1349927,0.9889717,moving,-0.5806338773763555,5.776158901609616,0.9387336914487979,5.146809512522885,-0.08996300000000002,0.45780190000000004,1.9958976000000002,-0.010082352132894178,0.10063719798486535,0.9948721076539959,-0.570217432673251,5.814709426994415,1.638328403516328,1.6445541835833501,1.6501587168331024
05/10/2023 16:35:15.825095,1858,True,True,True,True,Eyes,1.371055,-0.353273,-2.933746,-0.06859569,0.2330832,0.9700344,0.0,0.0,0.0,0.0,0.0,0.0,0.0,-1.188762,-0.05420929,3.041044,1.371156,-0.3553331,-2.9424,-0.06781653,-0.03045036,-0.00102842,0.9972326,352.2229,356.4939,0.1202197,0.4208557,-0.1084192,-0.9006248,0,0,0,1.285153,0.1010929,-0.9464031,0.03660589,0.1818464,2.04091,0.9981434,0.002078927,0.06087167,0.006181223,0.9907997,-0.135195,-0.0605927,0.1353203,0.9889475,moving,-0.5145587339355462,5.703175111046648,1.027550522489237,5.091645327214919,-0.08600300000000005,0.456426,1.9959969000000002,-0.008936172914750459,0.09937091808792395,0.9950102760495374,-0.5104047739902282,5.743779655626762,1.6527931749310676,1.658936296324931,1.6705046172526448
05/10/2023 16:35:15.842981,1859,True,True,True,True,Eyes,1.371037,-0.3532829,-2.933743,-0.06701628,0.2320826,0.9703847,0.0,0.0,0.0,0.0,0.0,0.0,0.0,-1.18932,-0.05257294,3.040841,1.371121,-0.3553683,-2.942397,-0.0675018,-0.03035996,-0.001149299,0.9972566,352.2585,356.5054,0.1044519,0.420859,-0.1084221,-0.900623,0,0,0,1.28865,0.0978277,-0.945892,0.03970497,0.1798812,2.040658,0.9981539,0.001806413,0.0607085,0.006390995,0.9908843,-0.1345634,-0.06039819,0.134703,0.9890435,moving,-0.4354547818991276,5.679474571002384,1.11466017175427,5.0375237086312845,-0.08247099999999996,0.45319600000000004,1.9965050000000002,-0.007562740614663759,0.09896044725109937,0.9950626190527637,-0.43541998948754373,5.72030992416243,1.6718217611201949,1.677783442294885,1.6937961867930835
05/10/2023 16:35:15.852548,1860,True,True,True,True,Eyes,1.37102,-0.3532942,-2.93374,-0.06550977,0.2311027,0.9707214,0.0,0.0,0.0,0.0,0.0,0.0,0.0,-1.188907,-0.05031979,3.040998,1.371056,-0.3552807,-2.942394,-0.06717648,-0.03041044,-0.0009971944,0.9972772,352.2964,356.4986,0.1212305,0.4208615,-0.1084251,-0.9006214,0,0,0,1.291479,0.0945642,-0.9453961,0.0429088,0.1778496,2.040397,0.9981484,0.002096774,0.06078925,0.00607469,0.9909726,-0.1339265,-0.0605213,0.1340478,0.989125,moving,-0.3393856759401864,5.659418150729739,1.2047316384810294,4.9815510802567875,-0.07957700000000001,0.4498449,1.9969979000000002,-0.005894491476416276,0.09861322807363658,0.9951083913573606,-0.343890469349911,5.700228416392936,1.6806632503689602,1.6863576269365195,1.7072573169673326
05/10/2023 16:35:15.872894,1861,True,True,True,True,Eyes,1.370992,-0.3533083,-2.933741,-0.06393661,0.2300635,0.971073,0.0,0.0,0.0,0.0,0.0,0.0,0.0,-1.188211,-0.04864067,3.041286,1.371064,-0.3553224,-2.942373,-0.06694038,-0.03052247,-0.0009064631,0.9972898,352.3239,356.4851,0.1317207,0.4208634,-0.1084281,-0.9006202,0,0,0,1.294174,0.09153123,-0.9449727,0.04611433,0.1758169,2.040137,0.9981351,0.002278358,0.06100083,0.005894382,0.9910364,-0.1334625,-0.06075812,0.1335732,0.9891747,moving,-0.2335716180843971,5.6253589990538035,1.2948672784496,4.925521525462067,-0.07689000000000012,0.44685363,1.9974002999999998,-0.004056950192244151,0.09802256308892827,0.9951758607101343,-0.24371144104106648,5.666560451301354,1.6756525554711745,1.6810407341529023,1.7077362693573575
05/10/2023 16:35:15.894555,1862,True,True,True,True,Eyes,1.370967,-0.3533213,-2.933741,-0.06242744,0.229058,0.971409,0.0,0.0,0.0,0.0,0.0,0.0,0.0,-1.188021,-0.04766527,3.041485,1.371114,-0.3553603,-2.942459,-0.06677654,-0.03056184,-0.0009183211,0.9972995,352.3427,356.4808,0.1300724,0.4208643,-0.1084313,-0.9006194,0,0,0,1.29723,0.08882199,-0.9447122,0.04927829,0.1738108,2.03988,0.9981303,0.002249946,0.06108126,0.00591331,0.9910801,-0.1331363,-0.06083597,0.1332486,0.9892137,moving,-0.14164753106442912,5.584646388034223,1.3838505180791008,4.870202863472673,-0.07388399999999984,0.44418229000000004,1.9977467999999998,-0.002460479264194019,0.09731591915199869,0.9952505995131807,-0.1572728738634722,5.62657696252174,1.6793532893171406,1.6845099725821293,1.7167303477555433
05/10/2023 16:35:15.910188,1863,True,True,True,True,Eyes,1.370937,-0.3533336,-2.933745,-0.06085778,0.228051,0.9717454,0.0,0.0,0.0,0.0,0.0,0.0,0.0,-1.187986,-0.04691535,3.041519,1.371134,-0.3553475,-2.94246,-0.06668422,-0.03056707,-0.0008370378,0.9973055,352.3535,356.4796,0.1391552,0.4208645,-0.1084346,-0.9006189,0,0,0,1.300389,0.08641563,-0.9444243,0.0524928,0.1717726,2.039618,0.9981299,0.002407118,0.06108104,0.005746247,0.991105,-0.1329579,-0.06085778,0.1330602,0.9892378,moving,-0.04834261690322179,5.536025244551957,1.4742721947616484,4.813977519039468,-0.07074500000000006,0.44176313,1.9980357,-0.0008398023437452933,0.09647156639453681,0.9953354118175922,-0.06992301178435067,5.578951244713113,1.680211531834155,1.6851435495586145,1.7232886110256338
05/10/2023 16:35:15.925951,1864,True,True,True,True,Eyes,1.370909,-0.3533447,-2.933749,-0.05935229,0.2270928,0.9720629,0.0,0.0,0.0,0.0,0.0,0.0,0.0,-1.187631,-0.04762632,3.041712,1.371151,-0.3553169,-2.942523,-0.06680369,-0.0306262,-0.0008146568,0.9972958,352.3399,356.4725,0.1426203,0.4208639,-0.108438,-0.9006188,0,0,0,1.303354,0.08488685,-0.9443944,0.05569315,0.1697435,2.039358,0.9981228,0.002466979,0.0611956,0.005716793,0.9910733,-0.1331962,-0.06097791,0.133296,0.9891986,moving,0.046352406313437663,5.465782788732056,1.5643106947607268,4.757977690453829,-0.06779700000000011,0.44020375,1.9981286,0.0008053237454726109,0.09525125649313827,0.9954529950161572,0.017619576226391986,5.510450314187871,1.670139847324573,1.6748687777299074,1.7200199026819967
05/10/2023 16:35:15.942914,1865,True,True,True,True,Eyes,1.370868,-0.3533543,-2.933753,-0.05776878,0.2261059,0.9723883,0.0,0.0,0.0,0.0,0.0,0.0,0.0,-1.1875,-0.04848778,3.041786,1.371178,-0.3553047,-2.94255,-0.06692417,-0.03065403,-0.0008598579,0.9972868,352.3259,356.4696,0.1380555,0.4208626,-0.1084414,-0.900619,0,0,0,1.306563,0.08330235,-0.9443168,0.05895926,0.1676724,2.039092,0.9981192,0.002387941,0.0612568,0.00581804,0.9910408,-0.1334324,-0.06102662,0.1335379,0.989163,moving,0.14072235542663614,5.393548521112835,1.6562155176592883,4.700796022004416,-0.06461500000000009,0.43860705,1.9982332000000003,0.002445192073627721,0.0939959373430376,0.9955696363053241,0.10474317723610582,5.440029733327796,1.661781230504272,1.6663209624183704,1.7185845638359278
05/10/2023 16:35:15.962714,1866,True,True,True,True,Eyes,1.370831,-0.353362,-2.93376,-0.05625459,0.2251666,0.972695,0.0,0.0,0.0,0.0,0.0,0.0,0.0,-1.187411,-0.04886058,3.041778,1.37116,-0.3552465,-2.942528,-0.06697045,-0.03066638,-0.0008745276,0.9972833,352.3206,356.4683,0.1366257,0.4208603,-0.1084448,-0.9006197,0,0,0,1.30962,0.08156084,-0.9441324,0.06207633,0.1656959,2.038838,0.9981176,0.002363179,0.06128326,0.005851785,0.9910284,-0.1335234,-0.06104899,0.1336306,0.989149,moving,0.22979625217132238,5.332796734582897,1.7439410518090694,4.646203863313093,-0.06153999999999993,0.43680734,1.9983955999999998,0.003993331385515199,0.09293980149589175,0.9956637917886629,0.18737151177458466,5.380729889060111,1.6581823289490107,1.6625415017823004,1.7211732090242624
05/10/2023 16:35:15.977767,1867,True,True,True,True,Eyes,1.370799,-0.3533711,-2.933767,-0.0546435,0.2241056,0.9730317,0.0,0.0,0.0,0.0,0.0,0.0,0.0,-1.186931,-0.0496597,3.042027,1.371176,-0.3552089,-2.942602,-0.06708578,-0.03074804,-0.0008916503,0.997273,352.3073,356.4589,0.1356988,0.4208571,-0.1084481,-0.9006208,0,0,0,1.312515,0.08002409,-0.9441069,0.06527428,0.1636681,2.038578,0.9981076,0.002347075,0.06144801,0.00590395,0.9909974,-0.1337508,-0.06120874,0.1338605,0.9891081,moving,0.3323838379922765,5.256995661540476,1.8339565208891324,4.5901705094608625,-0.05866099999999985,0.43523299,1.9984951,0.00577675926346527,0.09162167070406281,0.9957770934091166,0.2822262253733776,5.306805138015203,1.6388284628564802,1.6429778773519932,1.7092197345176625
05/10/2023 16:35:15.992650,1868,True,True,True,True,Eyes,1.370769,-0.3533798,-2.933773,-0.05309865,0.2230878,0.9733511,0.0,0.0,0.0,0.0,0.0,0.0,0.0,-1.186476,-0.05066413,3.042165,1.371165,-0.3552896,-2.942574,-0.06723741,-0.03082405,-0.0009552882,0.9972604,352.2896,356.4505,0.1294972,0.4208534,-0.1084514,-0.9006221,0,0,0,1.31549,0.07847704,-0.9440036,0.06852965,0.1616037,2.038314,0.998098,0.002239716,0.06160766,0.0060504,0.9909565,-0.1340475,-0.06135074,0.1341653,0.989058,moving,0.4296363660250895,5.179500684870308,1.9256018886041217,4.5331005416016055,-0.05567499999999992,0.43376664,1.9985704,0.007467882441479834,0.09027374885263231,0.9958889887993564,0.3718490209021367,5.23128612975067,1.625670675393045,1.629645970744246,1.7034116030458397
05/10/2023 16:35:16.009587,1869,True,True,True,True,Eyes,1.370731,-0.3533885,-2.933779,-0.05145621,0.2220745,0.973671,0.0,0.0,0.0,0.0,0.0,0.0,0.0,-1.186254,-0.051402,3.042144,1.371049,-0.3548364,-2.942584,-0.06723896,-0.03084706,-0.001062892,0.9972595,352.2891,356.4487,0.117273,0.4208493,-0.1084547,-0.9006236,0,0,0,1.318491,0.07692844,-0.9438072,0.07167909,0.1596067,2.038057,0.9980947,0.00202829,0.06166798,0.006268207,0.9909557,-0.1340438,-0.06138211,0.1341749,0.9890548,moving,0.5255909627919373,5.119461562352128,2.014279897056057,4.47787472615417,-0.05255799999999988,0.43176484,1.9987768000000001,0.009136573951494097,0.0892288926796991,0.9959692611051797,0.4611469401611812,5.172621944988436,1.6172729495743061,1.621057806305175,1.7014392965577612
05/10/2023 16:35:16.025227,1870,True,True,True,True,Eyes,1.370694,-0.3533986,-2.933787,-0.0498888,0.221098,0.9739747,0.0,0.0,0.0,0.0,0.0,0.0,0.0,-1.186002,-0.05145165,3.042255,1.371069,-0.3548582,-2.942585,-0.06722323,-0.030895,-0.00112473,0.997259,352.2907,356.4437,0.110458,0.4208445,-0.1084579,-0.9006255,0,0,0,1.321636,0.07474907,-0.9435813,0.07496393,0.157524,2.03779,0.9980885,0.001910428,0.06177183,0.006397015,0.9909595,-0.1340084,-0.0614694,0.1341474,0.9890531,moving,0.620837436569862,5.063765697112568,2.106782782303056,4.42025298207422,-0.04943300000000006,0.42960727,1.9990036999999998,0.010793160095208289,0.08825923079254568,0.9960390304022211,0.549992780682772,5.118154387400603,1.6157025374514304,1.6193029935506722,1.706066083333651
05/10/2023 16:35:16.042579,1871,True,True,True,True,Eyes,1.370611,-0.3534123,-2.933796,-0.04821708,0.2199748,0.9743131,0.0,0.0,0.0,0.0,0.0,0.0,0.0,-1.185234,-0.05148599,3.042584,1.371086,-0.3549013,-2.942604,-0.06718924,-0.03102903,-0.00122534,0.997257,352.2943,356.429,0.09977498,0.4208392,-0.1084611,-0.9006276,0,0,0,1.324248,0.07260282,-0.943377,0.07804658,0.1555692,2.03754,0.9980714,0.001725676,0.06205248,0.006613591,0.9909682,-0.1339338,-0.06172317,0.1340859,0.9890456,moving,0.7312658648372284,5.00155256563877,2.1936033417482728,4.36614664377034,-0.046837999999999935,0.42750412,1.9992270000000003,0.012714061366690732,0.08717568226025064,0.9961117253282387,0.6531255685184307,5.057282749349576,1.591051016062,1.5944188853384884,1.6884137189238915
05/10/2023 16:35:16.056866,1872,True,True,True,True,Eyes,1.370534,-0.3534227,-2.933806,-0.04661616,0.2189006,0.974633,0.0,0.0,0.0,0.0,0.0,0.0,0.0,-1.185224,-0.04997671,3.042617,1.371082,-0.3549289,-2.942607,-0.06697301,-0.03102692,-0.001154952,0.9972717,352.3193,356.4288,0.1070916,0.4208321,-0.1084645,-0.9006305,0,0,0,1.327434,0.06965098,-0.9429824,0.08127777,0.1535204,2.037277,0.998072,0.00185233,0.06203923,0.006459533,0.9910266,-0.1335089,-0.06172983,0.1336522,0.9891039,moving,0.8250105695947367,4.963547913780777,2.2846205330509237,4.309417939455503,-0.04364799999999991,0.42457988,1.9996246000000002,0.014344668803337814,0.0865130359754191,0.996147453355046,0.7414625560078292,5.019898680725592,1.5963136054614155,1.5994834380922345,1.6988582712596807
05/10/2023 16:35:16.077654,1873,True,True,True,True,Eyes,1.370449,-0.3534319,-2.933818,-0.0450743,0.2177884,0.9749546,0.0,0.0,0.0,0.0,0.0,0.0,0.0,-1.184992,-0.05024421,3.042752,1.371142,-0.3548611,-2.942638,-0.06703675,-0.03107051,-0.001078438,0.997266,352.3123,356.4232,0.1164839,0.4208237,-0.108468,-0.900634,0,0,0,1.330482,0.06793201,-0.9428598,0.08448765,0.1514851,2.037015,0.9980669,0.002014752,0.06211571,0.006316711,0.9910098,-0.1336399,-0.06182653,0.133774,0.9890814,moving,0.9207905615648849,4.891193666627824,2.3750501587736257,4.253041667611024,-0.04066000000000014,0.42279310999999997,1.9997782000000002,0.01601162910484602,0.08525285195044952,0.996230661405246,0.8299388230249003,4.949351649275081,1.5850907243129209,1.5881149045087597,1.6947615261222475
05/10/2023 16:35:16.092820,1874,True,True,True,True,Eyes,1.370367,-0.3534421,-2.933829,-0.04358405,0.216717,0.9752611,0.0,0.0,0.0,0.0,0.0,0.0,0.0,-1.185004,-0.05130538,3.042773,1.371196,-0.3548305,-2.94266,-0.06709497,-0.03109033,-0.001342269,0.9972613,352.3047,356.4229,0.08642548,0.4208138,-0.1084715,-0.9006382,0,0,0,1.333737,0.06618655,-0.9427197,0.08762069,0.1494984,2.036761,0.9980632,0.001494824,0.06219049,0.006849195,0.9909929,-0.1337389,-0.06183024,0.1339059,0.9890633,moving,1.004922179456583,4.821337990112262,2.4633239585611117,4.197986046784243,-0.03745900000000013,0.42101705,1.9999403,0.017476263816289674,0.08403611520404765,0.9963094660902547,0.9073206808258838,4.881303895137745,1.5831152776489819,1.5860338566834165,1.6994321057933535
05/10/2023 16:35:16.109508,1875,True,True,True,True,Eyes,1.370268,-0.3534519,-2.933839,-0.04212058,0.215672,0.975557,0.0,0.0,0.0,0.0,0.0,0.0,0.0,-1.185668,-0.051512,3.042514,1.371187,-0.3548651,-2.942664,-0.06706089,-0.03098879,-0.001523282,0.9972665,352.3079,356.436,0.06464039,0.4208027,-0.108475,-0.9006429,0,0,0,1.337632,0.06383874,-0.942458,0.09101599,0.1473455,2.036484,0.9980748,0.001118036,0.06201246,0.007194507,0.9910011,-0.1336608,-0.06160385,0.1338496,0.9890851,moving,1.0751106531434882,4.763844780886054,2.559000782005466,4.1383039476217105,-0.033555,0.41870384,2.0002060000000004,0.01869832457355846,0.0830344934562354,0.9963712463972175,0.9719196949740534,4.825291501019177,1.6075049428036114,1.6103512811231797,1.7293866760605758
05/10/2023 16:35:16.127843,1876,True,True,True,True,Eyes,1.370175,-0.353459,-2.933847,-0.04072273,0.2146727,0.9758366,0.0,0.0,0.0,0.0,0.0,0.0,0.0,-1.185295,-0.0509406,3.042604,1.371116,-0.3548368,-2.942633,-0.0670183,-0.03103223,-0.001388066,0.9972681,352.3133,356.43,0.08041566,0.4207901,-0.1084786,-0.9006484,0,0,0,1.340471,0.06168365,-0.9421871,0.09418362,0.1453369,2.036227,0.9980701,0.001390906,0.06208095,0.006928002,0.9910132,-0.1335843,-0.06170885,0.1337566,0.9890911,moving,1.163406069339586,4.710535323764295,2.648270798235278,4.082596467600957,-0.030645000000000033,0.41652045,2.0004459,0.02023531672800849,0.08210494110041773,0.9964181297865453,1.0541925561137417,4.773179439195735,1.6094783750449735,1.612181897367105,1.73723639227998
05/10/2023 16:35:16.142917,1877,True,True,True,True,Eyes,1.370064,-0.3534703,-2.933857,-0.03933377,0.2136876,0.9761099,0.0,0.0,0.0,0.0,0.0,0.0,0.0,-1.184773,-0.05129048,3.042779,1.371141,-0.3547808,-2.942605,-0.06707599,-0.03112103,-0.001362997,0.9972616,352.3068,356.4195,0.08420457,0.4207763,-0.1084821,-0.9006544,0,0,0,1.343077,0.0600875,-0.9420165,0.09714054,0.1434619,2.035987,0.9980593,0.001456417,0.06225446,0.006893476,0.9909979,-0.1336997,-0.06188876,0.1338694,0.9890646,moving,1.2544700487767324,4.646419241328428,2.731611454830961,4.0305748251731455,-0.028063999999999867,0.4148683,2.0005885,0.021820969297330135,0.08098717171398255,0.9964762897585059,1.1385604889322438,4.710617970809625,1.5978069759073015,1.600378417246841,1.7321287653861053
05/10/2023 16:35:16.158056,1878,True,True,True,True,Eyes,1.369959,-0.3534814,-2.933865,-0.03799864,0.2127388,0.97637,0.0,0.0,0.0,0.0,0.0,0.0,0.0,-1.184653,-0.05086711,3.042877,1.371226,-0.35485,-2.942603,-0.06705768,-0.03114972,-0.001265222,0.997262,352.3092,356.4154,0.09563553,0.420761,-0.1084858,-0.9006612,0,0,0,1.346152,0.05793372,-0.9417925,0.1003055,0.141455,2.035729,0.9980562,0.001654139,0.06229855,0.006701172,0.9910033,-0.1336693,-0.06195917,0.133827,0.9890659,moving,1.3367418641177833,4.5932314237273095,2.8208261949640376,3.9748748398226326,-0.02507400000000004,0.41278372,2.0008105,0.023253548855626187,0.08005951920347482,0.9965188490027758,1.2150341199970554,4.658668871738698,1.6052993509048499,1.6077534530896322,1.7453201614920957
05/10/2023 16:35:16.173959,1879,True,True,True,True,Eyes,1.369838,-0.3534925,-2.933874,-0.03664289,0.2118069,0.9766244,0.0,0.0,0.0,0.0,0.0,0.0,0.0,-1.18479,-0.0508239,3.042821,1.371264,-0.3548559,-2.94258,-0.06702784,-0.03113683,-0.001322923,0.9972644,352.3124,356.4174,0.08877331,0.4207444,-0.1084896,-0.9006684,0,0,0,1.349542,0.0557172,-0.9415253,0.1035774,0.1393804,2.035463,0.9980575,0.001535461,0.06228063,0.006812674,0.991011,-0.1336066,-0.06192594,0.1337713,0.9890755,moving,1.4128098960027464,4.542230024868467,2.9130637393808847,3.9172717872643523,-0.02172200000000002,0.4105731,2.0010547,0.024578295807125346,0.07916993469882638,0.9965581326573592,1.285644401282994,4.608876622967599,1.622863971810408,1.62521826021003,1.7682790930119294
05/10/2023 16:35:16.182760,1880,True,True,True,True,Eyes,1.369723,-0.3535018,-2.933882,-0.03533919,0.2109173,0.9768649,0.0,0.0,0.0,0.0,0.0,0.0,0.0,-1.184872,-0.05100036,3.042794,1.371268,-0.3548329,-2.94259,-0.06700438,-0.03112964,-0.001438413,0.9972659,352.3147,356.4191,0.07531485,0.4207263,-0.1084934,-0.9006764,0,0,0,1.352885,0.05356234,-0.9412966,0.1068289,0.1373187,2.035198,0.9980577,0.001302684,0.06228182,0.007040606,0.9910167,-0.1335528,-0.0618963,0.1337319,0.9890827,moving,1.4855447679784353,4.492975147841603,3.0047360737940787,3.8600053719726373,-0.018383000000000038,0.40839524,2.0012934,0.025845127681458503,0.07831069850809584,0.9965939306033623,1.3531347668551863,4.560794999703967,1.6435190394471986,1.6457803501164574,1.7941273587507867
05/10/2023 16:35:16.208607,1881,True,True,True,True,Eyes,1.369605,-0.3535126,-2.933891,-0.03402489,0.2100645,0.9770953,0.0,0.0,0.0,0.0,0.0,0.0,0.0,-1.184978,-0.05180565,3.042732,1.371279,-0.354802,-2.942581,-0.06707764,-0.03112056,-0.001570006,0.9972611,352.3058,356.4211,0.06033571,0.420707,-0.1084973,-0.900685,0,0,0,1.356195,0.05183747,-0.9411315,0.1100224,0.135294,2.034939,0.9980581,0.001043576,0.06228128,0.007306401,0.9909962,-0.1336901,-0.06186003,0.1338856,0.9890642,moving,1.5584370376758245,4.434821969645586,3.094779484105418,3.8037423235929353,-0.015083999999999875,0.40663947,2.0014495,0.027115135933041885,0.07729655014349086,0.9966393657291986,1.4203047472352208,4.50412527232256,1.6587225296759667,1.6609062683857894,1.8150487374414275
05/10/2023 16:35:16.224532,1882,True,True,True,True,Eyes,1.369491,-0.3535242,-2.933898,-0.03276681,0.2092482,0.9773134,0.0,0.0,0.0,0.0,0.0,0.0,0.0,-1.184522,-0.05267748,3.042914,1.371272,-0.3548382,-2.9426,-0.06717493,-0.03119989,-0.001689991,0.9972519,352.2942,356.4129,0.04746893,0.4206865,-0.1085013,-0.9006941,0,0,0,1.35899,0.05022687,-0.941025,0.1130835,0.1333529,2.034689,0.9980475,0.0008210079,0.06245535,0.007562394,0.9909694,-0.1338752,-0.06200125,0.1340861,0.9890282,moving,1.6383492687967893,4.376136892475079,3.1810996342003754,3.7497851421787676,-0.012282000000000126,0.40506506999999997,2.001575,0.028507406883829287,0.07627274618902684,0.9966793620828718,1.4942125068454923,4.446889140049814,1.662962755256287,1.6650511118437632,1.825251260589458
05/10/2023 16:35:16.242540,1883,True,True,True,True,Eyes,1.369341,-0.3535369,-2.933908,-0.03141818,0.208378,0.9775437,0.0,0.0,0.0,0.0,0.0,0.0,0.0,-1.184185,-0.05317405,3.043005,1.371273,-0.3548714,-2.942563,-0.06721477,-0.03126123,-0.001801485,0.9972471,352.2892,356.4066,0.03523355,0.420665,-0.1085053,-0.9007036,0,0,0,1.361973,0.04831505,-0.940806,0.1162591,0.1313393,2.034431,0.998039,0.0006093815,0.06259251,0.007795485,0.9909579,-0.1339468,-0.06210817,0.1341721,0.9890098,moving,1.7215754098620097,4.320978540911212,3.2706535443402034,3.693789186891266,-0.009299999999999864,0.40318645,2.0017569999999996,0.029957324802409847,0.07531002655227173,0.9967101569260651,1.5715013944338017,4.393031242809883,1.6692492968568255,1.6712299520157,1.8374050945006226
05/10/2023 16:35:16.260149,1884,True,True,True,True,Eyes,1.369195,-0.3535495,-2.933919,-0.030128,0.2075471,0.977761,0.0,0.0,0.0,0.0,0.0,0.0,0.0,-1.183882,-0.05325401,3.04315,1.371274,-0.3548332,-2.942597,-0.0672131,-0.03131176,-0.001816919,0.9972457,352.2894,356.4009,0.0338407,0.4206418,-0.1085095,-0.900714,0,0,0,1.365052,0.04625064,-0.9406193,0.1195389,0.1292594,2.034164,0.9980326,0.0005852907,0.06269526,0.007832948,0.9909582,-0.1339421,-0.06220678,0.1341697,0.989004,moving,1.8017355004235567,4.272939405791424,3.363153886008536,3.6359280684502315,-0.006222000000000172,0.40108384,2.0019777000000003,0.03135372900022634,0.07447112234612481,0.9967301860773049,1.6462128542979573,4.346066631878058,1.6844898474935217,1.6863602280485677,1.8580051898847654
05/10/2023 16:35:16.275860,1885,True,True,True,True,Eyes,1.369028,-0.3535635,-2.933925,-0.02874358,0.2066611,0.9779903,0.0,0.0,0.0,0.0,0.0,0.0,0.0,-1.183508,-0.05368814,3.043298,1.371265,-0.3548448,-2.94261,-0.06727917,-0.03137208,-0.001831172,0.9972393,352.2818,356.394,0.03290759,0.4206171,-0.1085139,-0.9007249,0,0,0,1.367938,0.04450017,-0.9404747,0.1226755,0.1272707,2.033909,0.9980249,0.000569142,0.06281733,0.007873606,0.9909403,-0.1340719,-0.06232454,0.1343017,0.9889786,moving,1.8884978655770244,4.213957542343688,3.4516212750125415,3.580582389201187,-0.003326999999999858,0.39934497,2.0021353,0.032865545749629035,0.07344145110199343,0.9967578641280589,1.7267071832583178,4.288492264917855,1.6848044014169796,1.6865701520374425,1.864528094738582
05/10/2023 16:35:16.282461,1886,True,True,True,True,Eyes,1.368868,-0.353574,-2.933933,-0.02741543,0.2058038,0.9782092,0.0,0.0,0.0,0.0,0.0,0.0,0.0,-1.183482,-0.05348647,3.043221,1.371242,-0.3548356,-2.942528,-0.06726324,-0.03137134,-0.001790512,0.9972405,352.2837,356.3938,0.0375325,0.4205905,-0.1085185,-0.9007368,0,0,0,1.371118,0.04238829,-0.9401637,0.1259043,0.1252232,2.033646,0.9980252,0.0006491346,0.06281041,0.007791417,0.9909449,-0.1340429,-0.06232866,0.1342676,0.988983,moving,1.9658911673007702,4.166047061612114,3.5426959837002485,3.523579602861182,-0.000124000000000013,0.39722388999999997,2.0023643,0.03421400603992474,0.0726046541453757,0.9967738032514173,1.79875877471294,4.241672742203636,1.7010017385290708,1.702667866782736,1.8859943652251838
05/10/2023 16:35:16.309847,1887,True,True,True,True,Eyes,1.368663,-0.353592,-2.933941,-0.02598859,0.2049322,0.9784311,0.0,0.0,0.0,0.0,0.0,0.0,0.0,-1.183415,-0.05306706,3.043269,1.371243,-0.3547608,-2.942552,-0.0671853,-0.03138211,-0.001779213,0.9972453,352.2927,356.3925,0.03863458,0.4205625,-0.1085231,-0.9007493,0,0,0,1.374324,0.04006928,-0.9399062,0.1291654,0.1231554,2.033381,0.998024,0.0006682096,0.0628304,0.007765456,0.9909659,-0.1338888,-0.06235225,0.1341121,0.9890026,moving,2.0497598213630672,4.124494979619888,3.6346863669038503,3.4659885704873115,0.0030810000000001114,0.39483007999999997,2.0026458,0.035674912543894405,0.07187807953020527,0.9967752370280237,1.877388795255641,4.200940113523016,1.7147391774168423,1.7162816918060158,1.904796190129342
05/10/2023 16:35:16.322699,1888,True,True,True,True,Eyes,1.368467,-0.3536101,-2.933948,-0.02461933,0.204095,0.9786415,0.0,0.0,0.0,0.0,0.0,0.0,0.0,-1.183626,-0.05301419,3.043216,1.371273,-0.3548222,-2.942559,-0.06722679,-0.03134738,-0.001686153,0.9972439,352.2883,356.3958,0.04924744,0.420532,-0.108528,-0.900763,0,0,0,1.3776,0.03816986,-0.9397366,0.1323235,0.1211529,2.033124,0.9980291,0.0008517565,0.06274867,0.007577777,0.9909555,-0.1339773,-0.06229524,0.1341887,0.9889959,moving,2.126446380922814,4.071163383800701,3.7237769348722773,3.4101958510152715,0.0063269999999999715,0.39299206,2.0028224000000003,0.03701147168239483,0.07094678860755282,0.9967932434096238,1.948471601778215,4.148894530614446,1.7272241291486514,1.7286824398879506,1.9228584880208381
05/10/2023 16:35:16.342381,1889,True,True,True,True,Eyes,1.368248,-0.35363,-2.933956,-0.02320396,0.2032347,0.978855,0.0,0.0,0.0,0.0,0.0,0.0,0.0,-1.183612,-0.05291227,3.043229,1.371292,-0.354843,-2.942555,-0.06722698,-0.03135124,-0.001653755,0.9972438,352.2884,356.3951,0.05301422,0.4204994,-0.1085333,-0.9007775,0,0,0,1.380741,0.03613725,-0.9395205,0.1354836,0.1191492,2.032867,0.9980288,0.0009169041,0.062752,0.007513691,0.9909556,-0.1339797,-0.06230729,0.134187,0.9889953,moving,2.2091848983917313,4.021307160721816,3.812928113885848,3.3543488406850024,0.00944900000000004,0.39098025000000003,2.0030345,0.03845323169250946,0.0700755726731395,0.996800201221742,2.0255718047208795,4.100156908424488,1.7355437516594967,1.7369011779343515,1.9367168739434073
05/10/2023 16:35:16.352886,1890,True,True,True,True,Eyes,1.368037,-0.353648,-2.933964,-0.0218443,0.2024093,0.9790573,0.0,0.0,0.0,0.0,0.0,0.0,0.0,-1.183598,-0.05310431,3.043235,1.371294,-0.3548025,-2.942562,-0.06724294,-0.03135491,-0.001675024,0.9972426,352.2865,356.3948,0.05064837,0.4204645,-0.108539,-0.9007932,0,0,0,1.383968,0.03417444,-0.9393221,0.1387171,0.1170989,2.032604,0.9980282,0.000875982,0.06276216,0.007557602,0.9909512,-0.13401,-0.06231163,0.13422,0.9889905,moving,2.28782927510208,3.9717241348690577,3.9041542658094994,3.297181808283259,0.012674000000000074,0.38897694000000005,2.0032399,0.03982382106116676,0.06920921075612385,0.9968069237695294,2.0987404758284347,4.051713903063128,1.7501651537170442,1.7514319358573778,1.9567415861852298
05/10/2023 16:35:16.372560,1891,True,True,True,True,Eyes,1.367856,-0.3536652,-2.933971,-0.02043928,0.2015765,0.9792595,0.0,0.0,0.0,0.0,0.0,0.0,0.0,-1.183634,-0.05341685,3.043222,1.371301,-0.3547719,-2.942569,-0.06725899,-0.03135355,-0.001747351,0.9972414,352.2844,356.3955,0.04235574,0.4204275,-0.1085448,-0.9008097,0,0,0,1.387211,0.03221574,-0.939124,0.1419167,0.1150701,2.032344,0.9980278,0.0007325544,0.06276917,0.007702678,0.9909464,-0.1340373,-0.06229907,0.1342565,0.9889863,moving,2.3677089782607617,3.9218000953086194,3.994427251803037,3.2405928232482424,0.01590999999999987,0.38698763999999997,2.003445,0.0412159812584906,0.06833677084721627,0.9968105870718336,2.1730816905917116,4.0029324698889415,1.76241481614156,1.7635917013255369,1.9744521747017485
05/10/2023 16:35:16.391661,1892,True,True,True,True,Eyes,1.367682,-0.3536812,-2.933978,-0.01909704,0.2007773,0.9794508,0.0,0.0,0.0,0.0,0.0,0.0,0.0,-1.183258,-0.0542998,3.043354,1.371281,-0.3547764,-2.94258,-0.06739569,-0.03141253,-0.001768254,0.9972302,352.2686,356.3888,0.04090425,0.4203896,-0.1085509,-0.9008267,0,0,0,1.390051,0.03078347,-0.9390296,0.1450078,0.11311,2.032092,0.9980203,0.000707424,0.06288939,0.00776085,0.9909094,-0.1343069,-0.06241269,0.1345291,0.9889421,moving,2.451673498436164,3.8599685998212827,4.081643747303219,3.185901565467552,0.018769999999999953,0.38555986999999997,2.0035504,0.042679860481096094,0.06725687500738356,0.9968224681588225,2.2507282091137233,3.942629362176885,1.7627483562969855,1.7638507246913393,1.9811331773246068
05/10/2023 16:35:16.402846,1893,True,True,True,True,Eyes,1.367513,-0.3536974,-2.933986,-0.0176937,0.199862,0.9796642,0.0,0.0,0.0,0.0,0.0,0.0,0.0,-1.182716,-0.05463362,3.043582,1.371287,-0.3547652,-2.942602,-0.06741124,-0.03150642,-0.001850888,0.997226,352.2665,356.3786,0.03216429,0.420351,-0.108557,-0.900844,0,0,0,1.392872,0.02882713,-0.9388445,0.1481676,0.1111064,2.031835,0.9980079,0.0005562657,0.06308758,0.00793928,0.9909046,-0.1343318,-0.0625885,0.1345651,0.9889261,moving,2.5421869796193612,3.8054398867489274,4.170800179873199,3.129975617596464,0.021585000000000187,0.38359233,2.0037575,0.044257369278626425,0.0663035992075404,0.9968174099713505,2.335074205576767,3.889323927326686,1.762124423528622,1.7631315705138735,1.98657990229357
05/10/2023 16:35:16.425767,1894,True,True,True,True,Eyes,1.367351,-0.3537124,-2.933993,-0.01634485,0.198985,0.9798662,0.0,0.0,0.0,0.0,0.0,0.0,0.0,-1.182241,-0.05464193,3.043774,1.371331,-0.3547544,-2.942591,-0.06737851,-0.03159547,-0.001922036,0.9972253,352.27,356.3689,0.02453386,0.4203119,-0.1085633,-0.9008614,0,0,0,1.395774,0.02665827,-0.9385859,0.1513579,0.1090835,2.031576,0.9979961,0.0004243061,0.06327461,0.008091117,0.9909129,-0.1342616,-0.06275659,0.1345045,0.9889238,moving,2.629162786639358,3.758710168163524,4.260818543752763,3.073489821919784,0.024442999999999993,0.38141267,2.0040051,0.04577297992046324,0.06548611247882248,0.9968030686301955,2.4164242775140776,3.8435713373272655,1.7687873971771342,1.769696988929944,1.9987035172096992
05/10/2023 16:35:16.442725,1895,True,True,True,True,Eyes,1.367351,-0.3537124,-2.933993,-0.01634485,0.198985,0.9798662,0.0,0.0,0.0,0.0,0.0,0.0,0.0,-1.182318,-0.05513898,3.043735,1.371333,-0.3547463,-2.94259,-0.06741194,-0.03158863,-0.002035241,0.9972231,352.2658,356.3706,0.01154832,0.4202724,-0.1085696,-0.9008791,0,0,0,1.399152,0.0246723,-0.9383838,0.154657,0.1069916,2.031307,0.997996,0.0001997229,0.06327622,0.00831808,0.990903,-0.1343209,-0.06272741,0.134578,0.9889156,moving,2.6266733434280907,3.755040000419167,4.353911300238119,3.0150576128711717,0.027819000000000038,0.3794186,2.0042062,0.045729861355542085,0.06542238994921658,0.9968092319610097,2.4138301791756005,3.8400484411402505,1.8781835029650662,1.8790755422085916,2.1082041227147097
05/10/2023 16:35:16.452372,1896,True,True,True,True,Eyes,1.367351,-0.3537124,-2.933993,-0.01634485,0.198985,0.9798662,0.0,0.0,0.0,0.0,0.0,0.0,0.0,-1.182013,-0.05472052,3.043826,1.371298,-0.3547828,-2.942567,-0.06734886,-0.03163325,-0.002032897,0.997226,352.273,356.3654,0.01193479,0.4202369,-0.1085752,-0.9008949,0,0,0,1.402061,0.02237996,-0.9380971,0.1577928,0.1050034,2.031052,0.9979904,0.0002064105,0.06336481,0.00831544,0.9909201,-0.1341954,-0.06281716,0.1344527,0.9889269,moving,2.6317669801591532,3.762318871180152,4.442396139581803,2.9595008780190777,0.030763000000000096,0.37716276,2.0044699,0.045818097449520145,0.06554875902311354,0.9967968781981608,2.4191257138725515,3.8470340513870838,1.9797818386572086,1.9806298702924645,2.2093751038197156
05/10/2023 16:35:16.473135,1897,True,True,True,True,Eyes,1.367351,-0.3537124,-2.933993,-0.01634485,0.198985,0.9798662,0.0,0.0,0.0,0.0,0.0,0.0,0.0,-1.181653,-0.05395615,3.043994,1.37132,-0.3547355,-2.942578,-0.06722306,-0.0316952,-0.002007418,0.9972324,352.2876,356.3582,0.01489251,0.420205,-0.1085803,-0.9009092,0,0,0,1.405114,0.01981765,-0.9377852,0.161096,0.1029088,2.030783,0.9979828,0.0002575722,0.06348484,0.008265019,0.990954,-0.1339468,-0.06294506,0.1342013,0.988953,moving,2.639164453457463,3.7767817953258804,4.535606528859238,2.900950368971172,0.03379399999999988,0.37455315,2.0047928,0.045946032412048934,0.06579998697117063,0.996774436905937,2.4270228799910587,3.860934882651766,2.0881245657021568,2.088916760606969,2.3168287098490494
05/10/2023 16:35:16.488975,1898,True,True,True,True,Eyes,1.367351,-0.3537124,-2.933993,-0.01634485,0.198985,0.9798662,0.0,0.0,0.0,0.0,0.0,0.0,0.0,-1.181674,-0.05412093,3.044059,1.371327,-0.354747,-2.942651,-0.06724158,-0.03169324,-0.002028981,0.9972313,352.2854,356.3585,0.01245887,0.4201763,-0.1085849,-0.9009221,0,0,0,1.40831,0.01784569,-0.9376562,0.1642734,0.100894,2.030525,0.9979829,0.0002154799,0.06348383,0.008308934,0.9909489,-0.1339822,-0.06293811,0.1342394,0.9889482,moving,2.638619073553302,3.774686345527954,4.625265959934551,2.8446090998320988,0.03698299999999999,0.37259269,2.0049948,0.04593665498875209,0.06576356078740227,0.9967772730404565,2.426386058858636,3.858916888065816,2.1928124424026465,2.193583719425703,2.421547668047689
05/10/2023 16:35:16.502420,1899,True,True,True,True,Eyes,1.367337,-0.3537163,-2.933997,-0.01482124,0.1981273,0.9800642,0.0,0.0,0.0,0.0,0.0,0.0,0.0,-1.181785,-0.05405748,3.044037,1.371344,-0.3547668,-2.942661,-0.06725018,-0.03167572,-0.001992,0.9972312,352.2845,356.3603,0.01661881,0.4201504,-0.108589,-0.9009337,0,0,0,1.41177,0.01569694,-0.937444,0.1676704,0.09874016,2.030249,0.9979854,0.0002874262,0.06344397,0.008233367,0.9909469,-0.1340018,-0.06290811,0.1342542,0.9889481,moving,2.7251493938484113,3.7242361881374566,4.721122504288711,2.7843581003368287,0.04042600000000007,0.37046374,2.005217,0.04744471944091683,0.06488127241569028,0.9967644412643145,2.5071093771389696,3.809577423624676,2.2055079679956693,2.206191169760338,2.43986245268748
05/10/2023 16:35:16.523014,1900,True,True,True,True,Eyes,1.367324,-0.35372,-2.934,-0.01335441,0.1973108,0.9802501,0.0,0.0,0.0,0.0,0.0,0.0,0.0,-1.181864,-0.05401778,3.044014,1.371371,-0.3547249,-2.942661,-0.0672323,-0.03166785,-0.002002839,0.9972328,352.2865,356.3613,0.01524173,0.4201267,-0.1085928,-0.9009443,0,0,0,1.414857,0.01372874,-0.9372246,0.1706997,0.0968191,2.030003,0.9979863,0.0002636106,0.06342973,0.008252796,0.9909516,-0.1339656,-0.0628911,0.1342193,0.9889539,moving,2.8087469379502585,3.679324754463745,4.8066026522841465,2.7305995734400996,0.043486000000000136,0.36845364,2.0054364000000002,0.048901493811548735,0.06409543471718683,0.9967449873285101,2.5852998693608162,3.765605052217181,2.2110739171861193,2.2116751398894277,2.4505963344707564
05/10/2023 16:35:16.543871,1901,True,True,True,True,Eyes,1.36733,-0.3537261,-2.934003,-0.01164038,0.1964359,0.9804476,0.0,0.0,0.0,0.0,0.0,0.0,0.0,-1.182106,-0.05499956,3.043889,1.371363,-0.3547298,-2.94265,-0.06733456,-0.03163365,-0.002150804,0.9972266,352.2742,356.3663,-0.001711611,0.420105,-0.1085964,-0.900954,0,0,0,1.418186,0.01209778,-0.937075,0.1738348,0.09483114,2.029748,0.9979894,-2.960215e-05,0.06338147,0.008549753,0.9909229,-0.1341595,-0.06280217,0.1344317,0.9889307,moving,2.901554101010677,3.617622398933585,4.895068448962154,2.674950715333305,0.04682299999999984,0.36682758,2.005575,0.050519421597170565,0.06301690982993322,0.9967330207824399,2.671475979591065,3.705359654059572,2.204629925141687,2.2051597127079456,2.450735818249451
05/10/2023 16:35:16.552708,1902,True,True,True,True,Eyes,1.367338,-0.3537252,-2.934005,-0.009992587,0.1956123,0.9806304,0.0,0.0,0.0,0.0,0.0,0.0,0.0,-1.181651,-0.05341572,3.044139,1.371405,-0.3548217,-2.942666,-0.06722344,-0.03169956,-0.001822924,0.9972326,352.2882,356.3562,0.03620312,0.4200855,-0.1085998,-0.9009627,0,0,0,1.421091,0.00953272,-0.9367893,0.1771239,0.09274569,2.02948,0.9979837,0.0006261497,0.06346877,0.007897667,0.9909554,-0.1339592,-0.0629786,0.1341904,0.9889523,moving,3.0089372751728494,3.5824865380486948,4.987879691354922,2.6165530032224424,0.04968600000000012,0.36435442,2.0058767,0.052389433249860354,0.06239964299854975,0.996675291631038,2.7731102343705594,3.670640784907942,2.2016752999242866,2.202099153141493,2.4528156879573046
05/10/2023 16:35:16.577547,1903,True,True,True,True,Eyes,1.367327,-0.353726,-2.934009,-0.008184361,0.1947394,0.9808208,0.0,0.0,0.0,0.0,0.0,0.0,0.0,-1.181792,-0.05542514,3.044008,1.371455,-0.3546587,-2.942621,-0.06745102,-0.03169345,-0.002012493,0.9972171,352.2614,356.3583,0.01513367,0.4200682,-0.1086028,-0.9009703,0,0,0,1.424468,0.008510232,-0.936686,0.1803419,0.0907051,2.029218,0.997983,0.0002617266,0.06348199,0.008289296,0.9908926,-0.1343991,-0.062939,0.1346542,0.9888918,moving,3.10975655933162,3.506763021290811,5.078682461128396,2.559390984684171,0.05301299999999998,0.363168932,2.005935,0.05414756506262071,0.061076617188260976,0.9966632066152568,2.8662647332621383,3.5968042566711436,2.1846212356809787,2.1849903849926795,2.443566757727648
05/10/2023 16:35:16.592880,1904,True,True,True,True,Eyes,1.367317,-0.3537262,-2.934008,-0.006441438,0.1939117,0.9809979,0.0,0.0,0.0,0.0,0.0,0.0,0.0,-1.181856,-0.05820566,3.043959,1.371433,-0.3546764,-2.942657,-0.06787026,-0.03168271,-0.002118132,0.9971889,352.2129,356.3601,0.004410741,0.4200523,-0.1086055,-0.9009774,0,0,0,1.427647,0.008165121,-0.9368122,0.183449,0.08873495,2.028965,0.9979835,7.627207e-05,0.0634748,0.00852498,0.9907783,-0.1352247,-0.06289976,0.1354931,0.9887797,moving,3.2075927255213856,3.4114785480038363,5.166354006945668,2.504183372800899,0.05621400000000021,0.362841521,2.0058448,0.055854974608757525,0.059413465936775,0.9966696449685031,2.9555062521143896,3.504113862932194,2.1583489994066105,2.158687168756378,2.426460133638449
05/10/2023 16:35:16.610365,1905,True,True,True,True,Eyes,1.367302,-0.353728,-2.934009,-0.00463382,0.1931138,0.9811654,0.0,0.0,0.0,0.0,0.0,0.0,0.0,-1.182256,-0.06018987,3.043667,1.371445,-0.354666,-2.942552,-0.06803727,-0.03163811,-0.002505766,0.997178,352.1923,356.3682,359.96,0.4200378,-0.108608,-0.9009838,0,0,0,1.431297,0.006649196,-0.9365951,0.1867359,0.08665091,2.028698,0.9979855,-0.0006922467,0.06343862,0.00930253,0.9907293,-0.135532,-0.06275668,0.1358491,0.9887399,moving,3.30112029909224,3.3478471362741407,5.259094617437316,2.445763526987217,0.059852000000000016,0.361315196,2.0059569,0.0574855989100961,0.05830114056999772,0.9966425322659962,3.042274366617608,3.4420014629013314,2.1554987030618995,2.155787157732179,2.4303872221106593
05/10/2023 16:35:16.625805,1906,True,True,True,True,Eyes,1.367287,-0.353728,-2.934008,-0.002902842,0.1923184,0.9813283,0.0,0.0,0.0,0.0,0.0,0.0,0.0,-1.182516,-0.05918521,3.043575,1.371397,-0.3546946,-2.94256,-0.06780549,-0.03159649,-0.00267273,0.9971945,352.2183,356.3745,359.9395,0.4200244,-0.1086103,-0.9009898,0,0,0,1.434662,0.00360772,-0.9362162,0.1899218,0.08463088,2.028439,0.9979891,-0.001045633,0.06337814,0.009615294,0.9907905,-0.1350616,-0.06265323,0.1353994,0.9888082,moving,3.3936793860443837,3.3296726618903003,5.34898295530283,2.3891187087940686,0.06326500000000013,0.35830232,2.0063438,0.0590966710230811,0.057979536558205744,0.996567098927921,3.130520694981473,3.4237626039253573,2.1695425982785297,2.169758923622569,2.44786903044313
05/10/2023 16:35:16.642857,1907,True,True,True,True,Eyes,1.367321,-0.353728,-2.934006,-0.001098275,0.1915442,0.9814833,0.0,0.0,0.0,0.0,0.0,0.0,0.0,-1.182194,-0.05677423,3.043714,1.371357,-0.3546433,-2.942551,-0.0674346,-0.03164006,-0.002581421,0.9972186,352.2612,356.3689,359.949,0.4200118,-0.1086124,-0.9009954,0,0,0,1.437591,0.0001425445,-0.935721,0.1931259,0.08259907,2.028178,0.9979845,-0.0008812136,0.06345226,0.009415751,0.9908918,-0.1343307,-0.06275595,0.1346574,0.988903,moving,3.5038250787693137,3.3281235324085796,5.439382700318394,2.332124813352577,0.06623400000000013,0.3547858445,2.00683,0.06101248035091565,0.057945895593320224,0.9964535139010865,3.236599431739151,3.421434224998828,2.176641967341528,2.1767858770898734,2.4574069916547714
05/10/2023 16:35:16.652707,1908,True,True,True,True,Eyes,1.367354,-0.3537309,-2.934008,0.0006254554,0.1907852,0.9816316,0.0,0.0,0.0,0.0,0.0,0.0,0.0,-1.18122,-0.05529043,3.044113,1.371346,-0.3547139,-2.942542,-0.06723299,-0.03179496,-0.002494322,0.9972276,352.2846,356.3504,359.9596,0.4200015,-0.1086143,-0.901,0,0,0,1.440097,-0.002757221,-0.9353326,0.1963229,0.08057177,2.027919,0.9979658,-0.0006994737,0.06374901,0.009250153,0.990947,-0.1339345,-0.06307821,0.1342518,0.9889376,moving,3.621993639236759,3.3080515240934076,5.529574392689657,2.275236608327325,0.068751,0.35195667900000005,2.0072094,0.06306877224252647,0.057589439732689596,0.996346209031355,3.34942808178977,3.4011704506354303,2.1691325518727287,2.1692328093528426,2.453724710350589
05/10/2023 16:35:16.673254,1909,True,True,True,True,Eyes,1.367418,-0.3537311,-2.934008,0.002406168,0.1900381,0.9817737,0.0,0.0,0.0,0.0,0.0,0.0,0.0,-1.180586,-0.0540227,3.044483,1.371366,-0.3547864,-2.942628,-0.06704,-0.03190112,-0.002470165,0.9972373,352.3069,356.338,359.9625,0.419993,-0.108616,-0.9010038,0,0,0,1.442865,-0.005644917,-0.935052,0.1995253,0.07854128,2.027658,0.9979525,-0.0006493773,0.06395717,0.009203981,0.9909991,-0.1335519,-0.06329477,0.1338672,0.9889759,moving,3.736965255078346,3.287918363871911,5.619918267553338,2.218241560576918,0.07149899999999998,0.349141483,2.0075760000000002,0.06506928143142675,0.05723196068152209,0.9962381032656255,3.459172199552915,3.380871855235574,2.1654944020808378,2.1655762537246392,2.453677397792416
05/10/2023 16:35:16.692719,1910,True,True,True,True,Eyes,1.367477,-0.3537284,-2.934008,0.004109717,0.1893256,0.9819058,0.0,0.0,0.0,0.0,0.0,0.0,0.0,-1.180866,-0.05334005,3.044364,1.371369,-0.3547606,-2.942607,-0.06695556,-0.03185262,-0.002396017,0.9972446,352.3168,356.3431,359.9703,0.4199869,-0.1086174,-0.9010064,0,0,0,1.446194,-0.007967889,-0.934765,0.2026955,0.07653111,2.0274,0.9979594,-0.000513411,0.06385055,0.00904425,0.9910224,-0.1333895,-0.06320885,0.1336948,0.9890047,moving,3.8305993911394216,3.2569387285702214,5.70934798435082,2.161797689777877,0.07482499999999992,0.346792711,2.007842,0.06669935329333526,0.05668718073996967,0.99616154938485,3.547775322245748,3.3502678056801285,2.1745485968758795,2.174633341816726,2.4667504109562275
05/10/2023 16:35:16.710917,1911,True,True,True,True,Eyes,1.367568,-0.3537229,-2.934007,0.005883217,0.1886291,0.9820307,0.0,0.0,0.0,0.0,0.0,0.0,0.0,-1.180412,-0.05346563,3.044511,1.371336,-0.35469,-2.942602,-0.06701615,-0.03191537,-0.00227112,0.9972388,352.3104,356.3349,359.9854,0.4199829,-0.1086185,-0.9010081,0,0,0,1.449069,-0.009678364,-0.9345776,0.2059178,0.07448781,2.027138,0.9979525,-0.0002520084,0.06395888,0.008807387,0.9910074,-0.1335172,-0.06335007,0.1338072,0.9889805,moving,3.9416538302805426,3.210167263844354,5.800241454160164,2.1044042667307896,0.07773299999999983,0.345011636,2.0080244,0.06863322399640907,0.055866628192543136,0.9960764256671392,3.65233071270991,3.304292730157729,2.1625528492767288,2.162651095628713,2.460335927856691
05/10/2023 16:35:16.722919,1912,True,True,True,True,Eyes,1.367653,-0.3537162,-2.934008,0.007590699,0.1879657,0.9821463,0.0,0.0,0.0,0.0,0.0,0.0,0.0,-1.180577,-0.05377853,3.044461,1.371362,-0.3546632,-2.942614,-0.06706741,-0.03189181,-0.00226309,0.9972361,352.3045,356.3375,359.9864,0.4199817,-0.1086193,-0.9010087,0,0,0,1.452413,-0.01151168,-0.9344081,0.2091511,0.07243767,2.026874,0.9979556,-0.0002358691,0.06391087,0.008791472,0.9909937,-0.1336198,-0.06330376,0.1339084,0.9889697,moving,4.037402222742545,3.1667518780643267,5.891442570834492,2.0468006903172755,0.08105099999999998,0.34315152,2.0082059,0.07030068179289808,0.05510543591713857,0.99600265198609,3.7423118399848176,3.261672109713048,2.1659227818841122,2.1660462311061,2.4687396509043142
05/10/2023 16:35:16.742603,1913,True,True,True,True,Eyes,1.367755,-0.3537093,-2.934008,0.009351647,0.1873032,0.9822577,0.0,0.0,0.0,0.0,0.0,0.0,0.0,-1.180902,-0.05423144,3.044323,1.371317,-0.354628,-2.942635,-0.06714257,-0.03183002,-0.002252312,0.9972331,352.2959,356.3445,359.9874,0.4199827,-0.1086196,-0.9010081,0,0,0,1.455743,-0.01317763,-0.9342775,0.2122857,0.07045013,2.02662,0.9979636,-0.000217862,0.06378634,0.008766457,0.9909736,-0.1337702,-0.06318144,0.134057,0.9889575,moving,4.13189644929998,3.1206559786789643,5.9798480728064485,1.990935825149799,0.08442600000000011,0.34145037,2.0083575000000002,0.07194641847643549,0.054297722106586246,0.9959295163231142,3.8309419621998275,3.216474267960247,2.165759748395599,2.165916163684586,2.473811218951182
05/10/2023 16:35:16.752592,1914,True,True,True,True,Eyes,1.367855,-0.3537014,-2.93401,0.01103219,0.1866802,0.9823588,0.0,0.0,0.0,0.0,0.0,0.0,0.0,-1.181141,-0.05449331,3.044229,1.371307,-0.3546441,-2.942641,-0.06723443,-0.03178338,-0.002146848,0.9972286,352.2857,356.349,-0.0004579789,0.4199862,-0.1086195,-0.9010065,0,0,0,1.45934,-0.01501104,-0.9341218,0.2157529,0.06825182,2.026338,0.9979704,-7.921379e-06,0.06367927,0.00855567,0.9909499,-0.1339597,-0.0631019,0.1342327,0.9889387,moving,4.224788450195786,3.0744729715964976,6.0776295655706525,1.9291270256534547,0.08803300000000003,0.33963306000000004,2.0085192000000003,0.07356420804705904,0.05348860733953839,0.9958550569259373,3.9180232014843774,3.1712044906240693,2.178062308228878,2.178264799034255,2.491316133450303
05/10/2023 16:35:16.776476,1915,True,True,True,True,Eyes,1.367947,-0.3536938,-2.934013,0.01277757,0.1860351,0.98246,0.0,0.0,0.0,0.0,0.0,0.0,0.0,-1.180396,-0.05558527,3.044566,1.37134,-0.3546196,-2.942699,-0.06740784,-0.03190996,-0.002144783,0.9972128,352.2658,356.3343,0.001408223,0.4199919,-0.1086191,-0.901004,0,0,0,1.461811,-0.01617435,-0.9340727,0.2187078,0.06637809,2.026097,0.9979543,2.435423e-05,0.0639312,0.008579573,0.9909032,-0.134303,-0.0633529,0.1345768,0.9888759,moving,4.339729863922932,3.018338714786514,6.1609587151002785,1.8764277363580628,0.09047099999999997,0.33844525,2.0086263000000004,0.07556579796954593,0.05250503331618675,0.9957575046068227,4.025828214760805,3.116164853230617,2.149356857495993,2.149612804906079,2.4689532949068442
05/10/2023 16:35:16.792525,1916,True,True,True,True,Eyes,1.368033,-0.3536847,-2.934015,0.01445031,0.1854157,0.982554,0.0,0.0,0.0,0.0,0.0,0.0,0.0,-1.180446,-0.05679214,3.044532,1.371345,-0.3545999,-2.942707,-0.06753319,-0.03191036,-0.002313837,0.9972041,352.2509,356.3355,359.9824,0.4199994,-0.1086184,-0.9010006,0,0,0,1.465001,-0.01770085,-0.9339448,0.2218311,0.06439734,2.025843,0.9979528,-0.0003047189,0.0639548,0.008924751,0.9908678,-0.134541,-0.06332975,0.1348364,0.988842,moving,4.43375776818774,2.969951928207705,6.249027653139587,1.820700700249288,0.09365599999999996,0.33689905000000003,2.0087622,0.07720325323046226,0.05165759398045072,0.9956763062644254,4.11388734467097,3.0687598204326783,2.1481673871212092,2.1484839166670575,2.473150966746753
05/10/2023 16:35:16.809844,1917,True,True,True,True,Eyes,1.368121,-0.3536764,-2.934014,0.01613166,0.1847627,0.9826508,0.0,0.0,0.0,0.0,0.0,0.0,0.0,-1.18015,-0.05711183,3.044591,1.371292,-0.3545534,-2.942686,-0.06754674,-0.03195394,-0.002387742,0.9972016,352.249,356.3311,359.9742,0.4200082,-0.1086173,-0.9009966,0,0,0,1.468035,-0.01969612,-0.9336993,0.2250737,0.0623413,2.025579,0.9979465,-0.0004453507,0.0640516,0.009078887,0.9908635,-0.1345628,-0.06340645,0.134868,0.9888327,moving,4.534504563279677,2.932103531922348,6.340453461418038,1.7628373042187642,0.09674300000000002,0.33485728000000003,2.0089867000000003,0.07895659163038912,0.05099283357168033,0.9955730350249189,4.208981396042565,3.0314735553423056,2.151016723681422,2.1514262557511303,2.4804457468650227
05/10/2023 16:35:16.823513,1918,True,True,True,True,Eyes,1.368206,-0.3536733,-2.934018,0.0177407,0.1841271,0.9827423,0.0,0.0,0.0,0.0,0.0,0.0,0.0,-1.179764,-0.05670989,3.044709,1.371289,-0.3545582,-2.942647,-0.06746203,-0.03201973,-0.002430157,0.9972051,352.2586,356.3239,359.9695,0.4200185,-0.1086159,-0.900992,0,0,0,1.471098,-0.0221813,-0.9333598,0.2284005,0.06023192,2.025309,0.9979376,-0.0005264961,0.06418836,0.00916696,0.9908859,-0.1343913,-0.06353258,0.1347026,0.9888472,moving,4.6340349311982765,2.906423200807372,6.434241684095651,1.7034526241257086,0.09980900000000004,0.3323769,2.0092872,0.08068777015935452,0.05053957383598791,0.9954572742329921,4.3035485893402186,3.0059387494693524,2.16461281248792,2.1651518564616024,2.497263136065397
05/10/2023 16:35:16.842619,1919,True,True,True,True,Eyes,1.368151,-0.3536822,-2.934027,0.01940541,0.1833855,0.9828495,0.0,0.0,0.0,0.0,0.0,0.0,0.0,-1.179369,-0.05607396,3.044978,1.371292,-0.354677,-2.942739,-0.06736101,-0.03208588,-0.00245666,0.9972097,352.2701,356.3165,359.9666,0.4200298,-0.1086145,-0.9009869,0,0,0,1.473907,-0.02467975,-0.9331586,0.231475,0.05828246,2.025059,0.997929,-0.0005769364,0.06432366,0.009222286,0.9909129,-0.1341885,-0.06366173,0.1345038,0.988866,moving,4.73706540596807,2.8764238269602713,6.520910115883083,1.6485531617100937,0.10261500000000012,0.32999725,2.0095804,0.0824798883728877,0.05001099609793436,0.9953370883680848,4.401260123600506,2.9762095569800926,2.1649066003884836,2.1655872920927686,2.501117269078933
05/10/2023 16:35:16.852812,1920,True,True,True,True,Eyes,1.368099,-0.3536881,-2.934036,0.02099643,0.1826851,0.9829472,0.0,0.0,0.0,0.0,0.0,0.0,0.0,-1.179021,-0.05436501,3.045172,1.371301,-0.3546889,-2.942762,-0.06715227,-0.03213647,-0.002279861,0.9972225,352.2947,356.3094,359.9866,0.4200385,-0.1086135,-0.900983,0,0,0,1.476829,-0.02751651,-0.9328198,0.2346748,0.05625346,2.024799,0.9979241,-0.0002309835,0.06440061,0.008863131,0.9909707,-0.133785,-0.06378823,0.1340781,0.9889156,moving,4.8367697064446125,2.8599817454218632,6.611100967512169,1.5913959732537464,0.10552799999999984,0.32717239,2.0099422000000002,0.08421304714075536,0.049718129568602096,0.995206593680962,4.496485081305144,2.9595884003046904,2.180313137937841,2.181183459810055,2.5186406777543064
05/10/2023 16:35:16.872530,1921,True,True,True,True,Eyes,1.368047,-0.3536939,-2.934047,0.022646,0.1819327,0.9830502,0.0,0.0,0.0,0.0,0.0,0.0,0.0,-1.178489,-0.0553098,3.04537,1.371316,-0.3546275,-2.942771,-0.06730469,-0.03222467,-0.002260332,0.9972095,352.2773,356.299,359.9901,0.4200448,-0.1086128,-0.9009801,0,0,0,1.479655,-0.02886698,-0.9326919,0.2378556,0.05423659,2.024539,0.9979129,-0.0001703066,0.06457375,0.008845789,0.9909299,-0.134088,-0.06396522,0.1343794,0.9888632,moving,4.94210367057242,2.799943196314065,6.700751683831168,1.5345639752445335,0.10833899999999996,0.32576052,2.0100791,0.0860469799013871,0.048667604468460385,0.9951017163539019,4.5948230785864475,2.9008537962883754,2.1655794031583024,2.1665704252697338,2.510315351798652
05/10/2023 16:35:16.893078,1922,True,True,True,True,Eyes,1.367997,-0.3536974,-2.934052,0.02423956,0.1812104,0.9831456,0.0,0.0,0.0,0.0,0.0,0.0,0.0,-1.178807,-0.05608025,3.045273,1.371351,-0.3545852,-2.942801,-0.06731009,-0.03219123,-0.002533866,0.9972095,352.2756,356.3049,359.9584,0.4200491,-0.1086125,-0.9009781,0,0,0,1.483109,-0.03093904,-0.9325026,0.241044,0.05221486,2.02428,0.9979146,-0.0007200013,0.0645439,0.009387177,0.9909258,-0.1340813,-0.06386169,0.1344076,0.9888662,moving,5.026441271874578,2.7602530711742483,6.790601250005551,1.4775761594822485,0.11175800000000002,0.32364616,2.0102984,0.087514592380896,0.04797210592528163,0.9950074920873778,4.674003865033035,2.8619144184814407,2.180038346837971,2.1811741077288627,2.5291059498173274
05/10/2023 16:35:16.911092,1923,True,True,True,True,Eyes,1.367986,-0.3536997,-2.934057,0.02585937,0.1803927,0.9832546,0.0,0.0,0.0,0.0,0.0,0.0,0.0,-1.179554,-0.05628705,3.044858,1.37134,-0.354535,-2.942688,-0.06732271,-0.03206994,-0.002579109,0.9972125,352.274,356.3193,359.9522,0.4200516,-0.1086123,-0.900977,0,0,0,1.486854,-0.03294265,-0.9321975,0.2443009,0.05014983,2.024015,0.9979298,-0.0008257673,0.06430835,0.009461909,0.990922,-0.1341047,-0.06361382,0.1344355,0.9888783,moving,5.105348743307841,2.712714870641521,6.88237171581966,1.4193500601704612,0.1155139999999999,0.32159234999999997,2.0104905,0.0888883419372672,0.047140772010369786,0.9949253499299113,4.747534598573658,2.815442690805929,2.196600585487324,2.1978633210005527,2.5508046084492397
05/10/2023 16:35:16.926038,1924,True,True,True,True,Eyes,1.367977,-0.3537046,-2.934062,0.02741027,0.1796154,0.9833549,0.0,0.0,0.0,0.0,0.0,0.0,0.0,-1.178989,-0.05595493,3.045117,1.371321,-0.3545395,-2.942731,-0.06734157,-0.03215032,-0.002398771,0.9972091,352.2725,356.3086,359.9738,0.4200535,-0.1086122,-0.9009761,0,0,0,1.489589,-0.03482214,-0.9320229,0.2474556,0.04814932,2.023759,0.9979212,-0.0004540455,0.06444425,0.009114258,0.9909188,-0.134153,-0.06379809,0.1344615,0.9888629,moving,5.206218832144241,2.6655330988484844,6.971249221029709,1.3629253576925127,0.11826800000000004,0.31971736,2.0107081000000004,0.09064329490473727,0.0463141025311104,0.9948058459660327,4.842252312216894,2.7691487303560787,2.1922157126282675,2.1936543029859212,2.551488195457665
05/10/2023 16:35:16.942545,1925,True,True,True,True,Eyes,1.367996,-0.3537105,-2.934064,0.02899163,0.1787593,0.9834656,0.0,0.0,0.0,0.0,0.0,0.0,0.0,-1.178727,-0.05638912,3.045249,1.371366,-0.3546062,-2.942742,-0.06744123,-0.03219813,-0.002355762,0.9972007,352.2612,356.3027,359.9795,0.4200549,-0.1086123,-0.9009754,0,0,0,1.492711,-0.03657773,-0.9318606,0.2507492,0.04606074,2.023491,0.9979155,-0.0003553717,0.06453376,0.009041297,0.9908923,-0.1343532,-0.06389825,0.1346566,0.98883,moving,5.303368382809466,2.605320835102817,7.064030493309607,1.3039990426535966,0.12134499999999981,0.31802847,2.0108813999999997,0.09233440061970313,0.045261573635539995,0.994698817102012,4.932692769422819,2.710308421208919,2.187792417893669,2.18937650367726,2.553489095624959
05/10/2023 16:35:16.960419,1926,True,True,True,True,Eyes,1.368015,-0.3537134,-2.934065,0.03050758,0.1779336,0.9835695,0.0,0.0,0.0,0.0,0.0,0.0,0.0,-1.179011,-0.05572307,3.04514,1.371404,-0.3546514,-2.942707,-0.06734093,-0.03215837,-0.002353278,0.9972088,352.2728,356.3073,359.9791,0.4200567,-0.1086125,-0.9009746,0,0,0,1.496093,-0.03906921,-0.9315502,0.2539425,0.04403582,2.023231,0.9979206,-0.00036227,0.06445417,0.009024569,0.9909193,-0.1341546,-0.06382028,0.1344573,0.9888621,moving,5.386194129800211,2.5700264210027663,7.153974783100633,1.2468513669492172,0.12468899999999983,0.31558219,2.0111568,0.0937748384053014,0.04464279148836103,0.994592047337426,5.010649605473475,2.675622370508098,2.206346700183827,2.208130580797449,2.5758939026406233
05/10/2023 16:35:16.976274,1927,True,True,True,True,Eyes,1.368037,-0.3537147,-2.934064,0.03203128,0.1770348,0.9836832,0.0,0.0,0.0,0.0,0.0,0.0,0.0,-1.178855,-0.05569115,3.045172,1.37142,-0.3545834,-2.942677,-0.0673036,-0.03218963,-0.002402167,0.9972103,352.2769,356.3041,359.9735,0.4200587,-0.1086127,-0.9009736,0,0,0,1.499231,-0.04124191,-0.9312639,0.2571835,0.04198095,2.022967,0.9979162,-0.0004579748,0.064523,0.009123886,0.9909289,-0.134077,-0.0638763,0.1343863,0.9888681,moving,5.476954684885644,2.523690808083695,7.245250426280737,1.1888409731208285,0.1278109999999999,0.31334149,2.0114131000000004,0.09535364769113489,0.04383183610078223,0.9944779601819977,5.0956684124856055,2.6302214560458874,2.2135780550085795,2.2155572461429234,2.588103655302239
05/10/2023 16:35:16.992886,1928,True,True,True,True,Eyes,1.368059,-0.3537167,-2.934063,0.0334903,0.1761787,0.9837883,0.0,0.0,0.0,0.0,0.0,0.0,0.0,-1.178907,-0.05650312,3.045097,1.371442,-0.3545271,-2.942632,-0.0673631,-0.03219251,-0.002560294,0.9972059,352.2694,356.305,359.9555,0.4200611,-0.108613,-0.9009724,0,0,0,1.502388,-0.04299015,-0.9310356,0.2602823,0.04001614,2.022715,0.9979142,-0.0007691062,0.06455005,0.009443453,0.9909114,-0.1341849,-0.06386017,0.1345146,0.9888517,moving,5.559399496905737,2.469439906568865,7.3325075377347195,1.133356350279399,0.130946,0.31153695,2.0115964,0.09678851982117237,0.04288422109126851,0.9943806513387577,5.172252381042529,2.577245165682483,2.2180133772635267,2.2201422012653826,2.598368190472882
05/10/2023 16:35:17.009951,1929,True,True,True,True,Eyes,1.368094,-0.3537177,-2.934062,0.03498713,0.1752325,0.9839052,0.0,0.0,0.0,0.0,0.0,0.0,0.0,-1.178569,-0.05777469,3.045222,1.371448,-0.3545473,-2.942646,-0.06747895,-0.03225954,-0.002788385,0.9971952,352.2553,356.299,359.9302,0.4200638,-0.1086132,-0.9009712,0,0,0,1.505488,-0.04474014,-0.9308664,0.2635756,0.03792787,2.022447,0.9979031,-0.001207447,0.06471444,0.009914809,0.9908776,-0.1343995,-0.06396181,0.1347593,0.9888118,moving,5.650547221760562,2.40414948086853,7.425228452773585,1.0743679195680313,0.13403999999999994,0.30980716,2.0117795999999997,0.09837503854130895,0.04174453904983773,0.9942734614583855,5.256638726225963,2.5135498154283202,2.2153405684424374,2.217614139674594,2.602695896846173
05/10/2023 16:35:17.025036,1930,True,True,True,True,Eyes,1.368126,-0.3537206,-2.93406,0.03641832,0.1743261,0.9840143,0.0,0.0,0.0,0.0,0.0,0.0,0.0,-1.178176,-0.05868301,3.045346,1.371439,-0.3545326,-2.942641,-0.06757446,-0.03232814,-0.002909442,0.9971863,352.2439,356.2919,359.9171,0.4200671,-0.1086134,-0.9009696,0,0,0,1.508317,-0.04636231,-0.9306823,0.2666589,0.0359726,2.022197,0.9978929,-0.001433398,0.06486755,0.01017162,0.9908504,-0.1345805,-0.06408113,0.1349567,0.9887772,moving,5.739460573181641,2.342731583503613,7.512020434400601,1.019119697128792,0.13687799999999983,0.30817028999999996,2.0119587,0.09992228839421174,0.04067240849977073,0.9941636269981989,5.339076983818415,2.45360838510447,2.209798566789016,2.2122199003167142,2.6037359765072576
05/10/2023 16:35:17.042437,1931,True,True,True,True,Eyes,1.368143,-0.3537245,-2.934058,0.03791843,0.173336,0.9841326,0.0,0.0,0.0,0.0,0.0,0.0,0.0,-1.1777,-0.05908677,3.0455,1.371419,-0.3545792,-2.942622,-0.06761479,-0.03240657,-0.002986921,0.9971807,352.239,356.2835,359.9089,0.420071,-0.1086136,-0.9009678,0,0,0,1.511234,-0.04835027,-0.9304377,0.2698982,0.03391892,2.021933,0.9978818,-0.001574674,0.06503432,0.01033933,0.9908386,-0.1346547,-0.06422648,0.1350419,0.9887561,moving,5.834041140834479,2.2825761596654615,7.603194453434271,0.9610747187867482,0.13981500000000002,0.30622892999999995,2.0121843,0.1015675559670365,0.03962197089789812,0.9940393762872142,5.427044412337385,2.3948423660034814,2.2056246740172902,2.2082276833984604,2.606015860959289
05/10/2023 16:35:17.062434,1932,True,True,True,True,Eyes,1.368161,-0.3537299,-2.934054,0.0393584,0.1723788,0.9842442,0.0,0.0,0.0,0.0,0.0,0.0,0.0,-1.177439,-0.05928931,3.045576,1.37142,-0.3545613,-2.942602,-0.06761818,-0.0324528,-0.003049676,0.9971788,352.2383,356.2786,359.9021,0.4200749,-0.1086139,-0.9009659,0,0,0,1.514193,-0.05035207,-0.9301857,0.2730331,0.03193089,2.021678,0.997875,-0.001693344,0.06513491,0.01047094,0.990837,-0.1346569,-0.06431005,0.1350527,0.9887491,moving,5.921667507008516,2.2284136129862104,7.691413958913609,0.9048686919474361,0.14277299999999982,0.30420923,2.0124163,0.10309151364756555,0.0386761780966383,0.9939197516074078,5.508627168204624,2.341912130350723,2.207133497904365,2.2099261666486054,2.613360292334673
05/10/2023 16:35:17.078389,1933,True,True,True,True,Eyes,1.368154,-0.3537373,-2.93405,0.0408938,0.1713349,0.9843637,0.0,0.0,0.0,0.0,0.0,0.0,0.0,-1.17749,-0.05869037,3.045559,1.371463,-0.354602,-2.942568,-0.06753752,-0.03245112,-0.003022987,0.9971844,352.2477,356.2786,359.9048,0.4200789,-0.1086144,-0.900964,0,0,0,1.517287,-0.05267081,-0.929889,0.2760981,0.02998737,2.021429,0.9978756,-0.001645616,0.06512782,0.01041229,0.9908592,-0.1344985,-0.06431116,0.1348909,0.9887712,moving,6.0104164652342895,2.178208177075452,7.777651259751529,0.8499055464771802,0.14582399999999995,0.30193118999999996,2.0126790000000003,0.1046344294769606,0.037799110688140125,0.9937920849520568,5.591501843591108,2.292792035401719,2.2077637564727097,2.21077061166614,2.6193836469100003
05/10/2023 16:35:17.092556,1934,True,True,True,True,Eyes,1.368147,-0.3537459,-2.934049,0.04237047,0.1703315,0.9844754,0.0,0.0,0.0,0.0,0.0,0.0,0.0,-1.177792,-0.05827785,3.045425,1.371444,-0.3545927,-2.942552,-0.06750571,-0.03239458,-0.002936994,0.9971886,352.2517,356.2845,359.9142,0.4200823,-0.108615,-0.9009624,0,0,0,1.520716,-0.05484411,-0.9296461,0.2793579,0.02792045,2.021163,0.9978839,-0.001483836,0.06500353,0.01023111,0.9908687,-0.1344415,-0.06421047,0.1348221,0.9887872,moving,6.090230629836012,2.1241067362788493,7.869358398556007,0.79143651519934,0.14927199999999985,0.29974859,2.0129059,0.10602244257148719,0.03685525936774345,0.9936804422718314,5.665558263790032,2.239979881320563,2.2197074290255108,2.222904751801727,2.6372358479150724
05/10/2023 16:35:17.109784,1935,True,True,True,True,Eyes,1.368187,-0.3537501,-2.934046,0.04391353,0.1692468,0.9845949,0.0,0.0,0.0,0.0,0.0,0.0,0.0,-1.178013,-0.05768809,3.045396,1.371428,-0.3546294,-2.942602,-0.06747969,-0.03234756,-0.002781623,0.9971924,352.2552,356.2887,359.9316,0.4200853,-0.1086159,-0.9009609,0,0,0,1.524299,-0.05714378,-0.9294587,0.2828283,0.02571985,2.020881,0.9978918,-0.00118202,0.06488889,0.009913232,0.9908775,-0.1344005,-0.06413808,0.1347604,0.9888002,moving,6.17578234672583,2.0640632907321788,7.966967612586116,0.7291667826404183,0.15287099999999998,0.29748562,2.0131433,0.1075101478513349,0.0358081543166686,0.9935589256439341,5.744829421452059,2.181390242210796,2.2304993569067175,2.233896448797607,2.6545905742737608
05/10/2023 16:35:17.127706,1936,True,True,True,True,Eyes,1.368226,-0.3537555,-2.934044,0.04539709,0.1682074,0.9847057,0.0,0.0,0.0,0.0,0.0,0.0,0.0,-1.178469,-0.05706131,3.045223,1.371429,-0.3545853,-2.942598,-0.06742001,-0.03226745,-0.002664718,0.9971994,352.2625,356.2971,359.9443,0.4200889,-0.1086167,-0.9009591,0,0,0,1.527543,-0.05919081,-0.9292417,0.2857941,0.02383941,2.02064,0.9979035,-0.0009635662,0.06471346,0.009665452,0.9908949,-0.1342904,-0.06399483,0.1346343,0.9888268,moving,6.253627702551025,2.0107312273877054,8.050369080453816,0.6759413901230668,0.15611400000000009,0.29539449,2.0133563,0.10886353452980144,0.034878145693059526,0.9934446067146423,5.81702907736865,2.1293354396589583,2.234712971574538,2.2382903048382663,2.664612886069342
05/10/2023 16:35:17.142590,1937,True,True,True,True,Eyes,1.368276,-0.3537602,-2.934043,0.0469283,0.1671012,0.9848223,0.0,0.0,0.0,0.0,0.0,0.0,0.0,-1.17866,-0.05705568,3.045198,1.371438,-0.3546214,-2.942639,-0.06744727,-0.03223458,-0.002611909,0.9971986,352.2596,356.3005,359.9502,0.4200933,-0.1086176,-0.9009569,0,0,0,1.530928,-0.06118673,-0.9290852,0.2890613,0.02176782,2.020374,0.9979082,-0.0008609146,0.06464087,0.009557449,0.9908881,-0.1343482,-0.06393621,0.134685,0.9888237,moving,6.338883801025409,1.9441394807284256,8.142231527049642,0.6172896498768425,0.15949000000000013,0.29343466999999995,2.0135537999999995,0.11034606010742956,0.03371795183868913,0.9933211392607083,5.8956678990160265,2.0644288882666633,2.235144988294143,2.238882197568163,2.6723136249495547
05/10/2023 16:35:17.156827,1938,True,True,True,True,Eyes,1.368324,-0.3537635,-2.934043,0.04839593,0.1660387,0.9849309,0.0,0.0,0.0,0.0,0.0,0.0,0.0,-1.178768,-0.05718216,3.045163,1.371428,-0.3546067,-2.942655,-0.06746942,-0.03221455,-0.002603861,0.9971979,352.2571,356.3027,359.9511,0.4200985,-0.1086184,-0.9009544,0,0,0,1.534212,-0.06314412,-0.9288967,0.2922858,0.01972318,2.020112,0.9979109,-0.0008461357,0.0645999,0.00954012,0.9908822,-0.1343929,-0.06389719,0.1347285,0.9888202,moving,6.421411430856603,1.881041640521417,8.232873694368521,0.5593843645553619,0.16278399999999982,0.29146258,2.0137582999999997,0.11178077556891608,0.032618756390616954,0.9931973462800865,5.971862325541216,2.0029146232163226,2.23845120516574,2.24235891133461,2.6825271699716495
05/10/2023 16:35:17.177585,1939,True,True,True,True,Eyes,1.368423,-0.3537637,-2.934043,0.0500554,0.1648882,0.9850413,0.0,0.0,0.0,0.0,0.0,0.0,0.0,-1.178576,-0.05750388,3.045258,1.371423,-0.3545789,-2.942689,-0.06748079,-0.03224883,-0.002688554,0.9971957,352.2555,356.2994,359.9416,0.4201043,-0.1086192,-0.9009516,0,0,0,1.537057,-0.06501055,-0.9287161,0.295258,0.01783857,2.01987,0.9979056,-0.001009676,0.06467964,0.009714382,0.9908782,-0.1344097,-0.06395394,0.1347565,0.9888127,moving,6.520138679188947,1.8152031355895721,8.316409711377757,0.5059970206772755,0.16563399999999984,0.28956835,2.0139729,0.11349618749478993,0.03147129574444242,0.9930398769648696,6.063524910165851,1.9386330198854018,2.2186522000014706,2.2227483601173574,2.669819438418762
05/10/2023 16:35:17.192575,1940,True,True,True,True,Eyes,1.368517,-0.3537658,-2.934043,0.05164326,0.1637838,0.9851435,0.0,0.0,0.0,0.0,0.0,0.0,0.0,-1.178203,-0.05815148,3.045393,1.371401,-0.3545771,-2.942702,-0.06757546,-0.03230729,-0.002713867,0.9971873,352.2445,356.2928,359.9395,0.4201121,-0.1086198,-0.9009479,0,0,0,1.540054,-0.0667221,-0.9285371,0.2985145,0.01577353,2.019605,0.9978978,-0.001046107,0.06479961,0.009778825,0.9908524,-0.1345954,-0.06406604,0.1349461,0.9887796,moving,6.6182084261701934,1.7418972266024688,8.407917690353301,0.4474827114794279,0.16865299999999994,0.28785499999999997,2.0141649,0.11520027693627599,0.030194781273875065,0.9928831987780564,6.154157605866942,1.8671503028384788,2.204483192729475,2.2087481040770713,2.6636235823365073
05/10/2023 16:35:17.210003,1941,True,True,True,True,Eyes,1.368644,-0.3537647,-2.934042,0.05337303,0.1626314,0.9852422,0.0,0.0,0.0,0.0,0.0,0.0,0.0,-1.177795,-0.05818999,3.045576,1.371385,-0.3546245,-2.942731,-0.06758465,-0.03237174,-0.002720315,0.9971846,352.2434,356.2854,359.9393,0.4201215,-0.1086203,-0.9009435,0,0,0,1.543091,-0.06886023,-0.9283172,0.3018367,0.0136669,2.019335,0.9978893,-0.001049645,0.06492891,0.009800976,0.9908498,-0.1346126,-0.0641935,0.1349648,0.9887688,moving,6.725327846522727,1.6756493301886344,8.501250638110376,0.3877730703990825,0.17170599999999991,0.28576427000000004,2.0144138000000003,0.11706035966641554,0.02904038621925631,0.992700042017319,6.2538870369945,1.8024101317085788,2.18923118209224,2.1937472557726414,2.655530299366002
05/10/2023 16:35:17.224522,1942,True,True,True,True,Eyes,1.368763,-0.3537664,-2.93404,0.05503086,0.1615266,0.9853328,0.0,0.0,0.0,0.0,0.0,0.0,0.0,-1.177524,-0.05863425,3.045641,1.371364,-0.3545877,-2.942712,-0.06762855,-0.03241542,-0.002774977,0.99718,352.2382,356.2808,359.9335,0.4201331,-0.1086205,-0.900938,0,0,0,1.545925,-0.07060847,-0.9280949,0.3048624,0.01174828,2.019089,0.9978831,-0.001149887,0.06502336,0.009918719,0.9908373,-0.1346958,-0.06427268,0.1350556,0.9887512,moving,6.825416654859506,1.6085643735739426,8.58623639346539,0.3333777085587528,0.17456099999999997,0.28397923,2.0146171,0.11879826641753727,0.02787226848037512,0.9925271146732899,6.346795795121627,1.736915392383986,2.1693575972270667,2.1740715679334603,2.6429173697692043
05/10/2023 16:35:17.242723,1943,True,True,True,True,Eyes,1.368893,-0.3537687,-2.934037,0.05683796,0.1603604,0.9854207,0.0,0.0,0.0,0.0,0.0,0.0,0.0,-1.177298,-0.05861226,3.045708,1.371334,-0.354657,-2.942697,-0.0676517,-0.03244571,-0.00273754,0.9971776,352.2357,356.277,359.9381,0.4201466,-0.1086206,-0.9009317,0,0,0,1.548981,-0.07263291,-0.9278578,0.3080918,0.009700805,2.018826,0.9978796,-0.001069613,0.06507866,0.009849641,0.9908315,-0.1347439,-0.06433786,0.1350992,0.988741,moving,6.933583665342475,1.539546823444986,8.676926369930625,0.2753139233273026,0.1776469999999999,0.28202409,2.0148392,0.1206757740317321,0.026670583159384753,0.9923336158416648,6.4473879767887405,1.669494562090039,2.1485424635502306,2.153492189765427,2.6295591075301132
05/10/2023 16:35:17.257218,1944,True,True,True,True,Eyes,1.369018,-0.3537689,-2.934034,0.05857274,0.1592327,0.9855019,0.0,0.0,0.0,0.0,0.0,0.0,0.0,-1.177263,-0.05864891,3.045681,1.371331,-0.3546793,-2.942654,-0.06768149,-0.03244926,-0.002692192,0.9971756,352.2324,356.2762,359.9435,0.4201621,-0.1086205,-0.9009244,0,0,0,1.552135,-0.07455763,-0.9276085,0.3112849,0.007676035,2.018566,0.9978796,-0.0009767488,0.06507964,0.009761604,0.9908239,-0.1348059,-0.06435079,0.1351554,0.9887325,moving,7.034612719918419,1.471807934250136,8.76657692394206,0.21787857764359658,0.18080399999999996,0.28012167,2.0150455000000003,0.12242911400847799,0.025491844893501744,0.992149732354463,6.541168272018774,1.6033616592333386,2.133063979356052,2.1382326429504652,2.621451322726864
05/10/2023 16:35:17.272643,1945,True,True,True,True,Eyes,1.369159,-0.3537684,-2.934031,0.06037968,0.158014,0.9855891,0.0,0.0,0.0,0.0,0.0,0.0,0.0,-1.177284,-0.05815691,3.045709,1.371344,-0.3546251,-2.942683,-0.0675889,-0.03244809,-0.002695563,0.9971819,352.243,356.2764,359.9428,0.4201792,-0.1086203,-0.9009165,0,0,0,1.555307,-0.07690519,-0.9273635,0.3144512,0.005668312,2.018309,0.9978797,-0.0009896712,0.06507768,0.009762194,0.990849,-0.1346219,-0.06434891,0.1349718,0.9887577,moving,7.138736458536303,1.4134388792690766,8.855451592878119,0.1609116843387949,0.1839630000000001,0.27771991,2.0153195000000004,0.12423511477042411,0.024475562866331027,0.9919508995268205,6.638428399435057,1.5462472845332196,2.1196043226077195,2.1250729932212113,2.6142583203330383
05/10/2023 16:35:17.292447,1946,True,True,True,True,Eyes,1.369297,-0.3537706,-2.93403,0.06211821,0.1568402,0.9856685,0.0,0.0,0.0,0.0,0.0,0.0,0.0,-1.177635,-0.05749899,3.045579,1.371341,-0.3546245,-2.942677,-0.06751463,-0.03238649,-0.002616763,0.9971891,352.2518,356.2829,359.9511,0.4201983,-0.10862,-0.9009076,0,0,0,1.55871,-0.07920754,-0.9271204,0.317639,0.003647059,2.018049,0.9978886,-0.0008456905,0.06494426,0.009591939,0.9908698,-0.1344802,-0.06423758,0.1348192,0.9887858,moving,7.232879242815876,1.354550479306666,8.94491469223954,0.10354597972771842,0.18736900000000012,0.27541696,2.0155566,0.12586790817843121,0.02345116047957478,0.9917697439450556,6.726041102813417,1.4887072636014167,2.114658136236799,2.120395632435149,2.6157354201439023
05/10/2023 16:35:17.309900,1947,True,True,True,True,Eyes,1.369453,-0.3537709,-2.934029,0.06391414,0.155608,0.9857491,0.0,0.0,0.0,0.0,0.0,0.0,0.0,-1.177983,-0.05697632,3.045503,1.371374,-0.3546875,-2.942704,-0.06746713,-0.03233148,-0.002550278,0.9971943,352.2575,356.2888,359.9582,0.4202189,-0.1086195,-0.900898,0,0,0,1.562253,-0.08155343,-0.9269136,0.3209559,0.00154388,2.017779,0.9978964,-0.0007236199,0.06482565,0.009448869,0.9908834,-0.1343908,-0.06413741,0.1347206,0.9888057,moving,7.330966752148786,1.2893541474975463,9.037976340931976,0.04383918695383231,0.1908789999999998,0.27313407,2.0157904,0.12756890916470887,0.022317733185823932,0.9915786642050758,6.817121162164071,1.4250502019529654,2.10710659745653,2.1130994423206793,2.6153281998661586
05/10/2023 16:35:17.322791,1948,True,True,True,True,Eyes,1.369601,-0.3537706,-2.934028,0.06563673,0.1544253,0.9858218,0.0,0.0,0.0,0.0,0.0,0.0,0.0,-1.178222,-0.05688095,3.045428,1.371353,-0.3546676,-2.942732,-0.06744757,-0.03228875,-0.002552602,0.9971971,352.2598,356.2938,359.9575,0.4202414,-0.1086189,-0.9008877,0,0,0,1.565607,-0.08366948,-0.9267241,0.3241652,-0.0004911721,2.017518,0.9979019,-0.0007352995,0.06474083,0.009446491,0.9908887,-0.1343522,-0.06405216,0.1346819,0.9888166,moving,7.425526157621667,1.2245130340238575,9.127995951594576,-0.013948865778935721,0.19425399999999993,0.27099812,2.0160079,0.12920836614385872,0.02119102092820427,0.9913909994098583,6.904819600448789,1.3617626248509458,2.099048699455272,2.1052770071069746,2.6144014981913135
05/10/2023 16:35:17.342793,1949,True,True,True,True,Eyes,1.369749,-0.3537705,-2.934029,0.06742267,0.15319,0.985894,0.0,0.0,0.0,0.0,0.0,0.0,0.0,-1.178087,-0.05675706,3.045478,1.371317,-0.3546511,-2.942746,-0.06745113,-0.03230167,-0.002487749,0.9971966,352.2596,356.2917,359.9651,0.4202654,-0.1086181,-0.9008766,0,0,0,1.568602,-0.08559388,-0.9265214,0.3272741,-0.002462566,2.017266,0.9979008,-0.00060398,0.06475782,0.009319117,0.9908884,-0.1343633,-0.06408662,0.1346848,0.9888139,moving,7.530795165692402,1.153330543914426,9.215174515875882,-0.06994346233232558,0.19728500000000015,0.26905722,2.0162246,0.1310329550236922,0.019954511875026976,0.9911771556687117,7.002503763180391,1.2922745435601037,2.075272338037482,2.0817139788365493,2.5983744448042083
05/10/2023 16:35:17.352945,1950,True,True,True,True,Eyes,1.369891,-0.3537714,-2.934028,0.06913307,0.1519928,0.9859608,0.0,0.0,0.0,0.0,0.0,0.0,0.0,-1.177699,-0.05787835,3.045618,1.371277,-0.3546485,-2.942777,-0.06761093,-0.03236058,-0.00254378,0.9971837,352.2411,356.2853,359.9597,0.4202907,-0.1086172,-0.9008649,0,0,0,1.571631,-0.08708668,-0.926383,0.3305746,-0.004555315,2.016997,0.9978927,-0.0006973732,0.06488284,0.009449086,0.9908446,-0.1346764,-0.06419489,0.1350056,0.9887631,moving,7.6358170532790055,1.0677141793846305,9.307709249390564,-0.1294002321749003,0.20035399999999992,0.26756181999999995,2.016394,0.1328533274203345,0.018468870699327566,0.990963564398077,7.0991839736723,1.2088595582601571,2.049732955006894,2.0562846178927305,2.5823483808699628
05/10/2023 16:35:17.372789,1951,True,True,True,True,Eyes,1.370086,-0.353768,-2.934025,0.07087941,0.1507653,0.9860253,0.0,0.0,0.0,0.0,0.0,0.0,0.0,-1.177415,-0.05675161,3.045696,1.371279,-0.3546724,-2.942718,-0.06746365,-0.03240464,-0.002459531,0.9971924,352.2583,356.2796,359.9692,0.4203171,-0.1086162,-0.9008527,0,0,0,1.574516,-0.08963743,-0.926015,0.33367,-0.006518126,2.016745,0.9978878,-0.0005329802,0.06495918,0.009277523,0.9908852,-0.1343891,-0.06429546,0.1347079,0.9887971,moving,7.74251301789113,1.014129944018018,9.394470313247895,-0.1851794896085056,0.2032370000000001,0.26503497,2.016703,0.13470072768183816,0.0175376792911639,0.9907310949259603,7.199177123874342,1.156343098967673,2.034472087030991,2.041398056055705,2.5727407648206686
05/10/2023 16:35:17.392802,1952,True,True,True,True,Eyes,1.370278,-0.3537616,-2.934024,0.07255805,0.149607,0.9860796,0.0,0.0,0.0,0.0,0.0,0.0,0.0,-1.176698,-0.05651248,3.045992,1.371302,-0.3546459,-2.942726,-0.06750057,-0.03251613,-0.002260516,0.9971868,352.2548,356.2652,359.9931,0.4203458,-0.108615,-0.9008394,0,0,0,1.577263,-0.0914194,-0.9257804,0.3369055,-0.008569717,2.016482,0.9978752,-0.0001185994,0.06515449,0.008898028,0.9908772,-0.1344743,-0.06454414,0.1347683,0.9887727,moving,7.854143681522796,0.9419607760794974,9.48513308037873,-0.24349617784895025,0.20596100000000006,0.26322650000000003,2.0169456,0.13663362520074968,0.016285399467237796,0.9904877287648018,7.302940447925589,1.0858547298337375,2.009117484958581,2.016292292500707,2.5552179008627736
05/10/2023 16:35:17.409768,1953,True,True,True,True,Eyes,1.370525,-0.3537548,-2.934019,0.07428888,0.1484404,0.9861271,0.0,0.0,0.0,0.0,0.0,0.0,0.0,-1.176971,-0.05864924,3.045919,1.371413,-0.3545725,-2.942758,-0.06778588,-0.03249462,-0.002395114,0.9971678,352.2215,356.2686,359.9785,0.4203766,-0.1086134,-0.9008253,0,0,0,1.580754,-0.09235758,-0.9257361,0.340168,-0.01063845,2.016217,0.9978768,-0.0003713088,0.06512988,0.009182013,0.9907987,-0.1350321,-0.06448045,0.1353434,0.9886984,moving,7.950475609519851,0.8445413571293191,9.57652692882339,-0.3023149933621402,0.209341,0.26221492,2.0170219,0.13830236233275695,0.014597848196543237,0.9902824883837106,7.390618880811465,0.9911154833367519,1.9826874097189784,1.9898046089180124,2.539912674171462
05/10/2023 16:35:17.427446,1954,True,True,True,True,Eyes,1.37076,-0.3537467,-2.934011,0.07595922,0.1473133,0.9861689,0.0,0.0,0.0,0.0,0.0,0.0,0.0,-1.177455,-0.06016785,3.045662,1.371439,-0.3546463,-2.942695,-0.06800966,-0.03242425,-0.002498223,0.9971545,352.1954,356.2774,359.9669,0.4204105,-0.1086114,-0.9008097,0,0,0,1.584269,-0.09362543,-0.9255918,0.3433496,-0.01265553,2.015958,0.9978849,-0.0005719044,0.06500378,0.009392553,0.9907369,-0.1354703,-0.06432417,0.1357943,0.9886467,moving,8.038063683021736,0.7560521418512444,9.665632950980909,-0.359679582317476,0.21282999999999985,0.26102087,2.0171032,0.13981901348740983,0.013065601393321913,0.9900909272964511,7.470343569097221,0.9050600997959264,1.966193372709615,1.9732812780548195,2.533547302444455
05/10/2023 16:35:17.448001,1955,True,True,True,True,Eyes,1.371002,-0.3537395,-2.934002,0.07766877,0.1461048,0.9862155,0.0,0.0,0.0,0.0,0.0,0.0,0.0,-1.178086,-0.06116447,3.045286,1.371395,-0.3546013,-2.942606,-0.06799117,-0.03233489,-0.002926159,0.9971576,352.196,356.2911,359.9168,0.4204472,-0.1086091,-0.9007929,0,0,0,1.58779,-0.09588832,-0.9252923,0.3464579,-0.01462662,2.015705,0.9978918,-0.001438709,0.06488388,0.01023266,0.9907373,-0.1354066,-0.06408806,0.135785,0.9886633,moving,8.12275855680003,0.694890509873456,9.75266246588981,-0.4157497680138531,0.21639500000000012,0.25871298,2.0173137,0.14128429023677785,0.012006176924767659,0.9898962894690249,7.548729557839042,0.8453978878191444,1.9650319109023866,1.97233581819419,2.5392545506510715
05/10/2023 16:35:17.462519,1956,True,True,True,True,Eyes,1.371234,-0.3537367,-2.933996,0.07930064,0.1449389,0.9862577,0.0,0.0,0.0,0.0,0.0,0.0,0.0,-1.178687,-0.05931774,3.045061,1.371322,-0.3546233,-2.942607,-0.06769649,-0.03222499,-0.002913783,0.9971812,352.2299,356.3038,359.9163,0.4204864,-0.1086065,-0.9007749,0,0,0,1.591435,-0.0992049,-0.9249589,0.3497494,-0.01671392,2.015437,0.9979061,-0.001448102,0.06466282,0.01017418,0.9908174,-0.1348235,-0.06387381,0.1351991,0.9887574,moving,8.204590641374411,0.6624907004607022,9.844796113298893,-0.47514019184066136,0.220113,0.2554184,2.0176481,0.1426988996688249,0.011444059314386482,0.9897000477855022,7.625882249231544,0.813512666642601,1.9882729331822437,1.9961157374384402,2.565970562151362
05/10/2023 16:35:17.477063,1957,True,True,True,True,Eyes,1.371475,-0.3537309,-2.93399,0.08100303,0.1437152,0.9862984,0.0,0.0,0.0,0.0,0.0,0.0,0.0,-1.177984,-0.05769423,3.045403,1.371306,-0.3547264,-2.942642,-0.06757946,-0.03232207,-0.002585677,0.997187,352.2445,356.2901,359.9544,0.4205276,-0.1086037,-0.900756,0,0,0,1.594242,-0.1017044,-0.9246764,0.3530559,-0.01881039,2.015168,0.9978972,-0.0007881903,0.06481176,0.009525422,0.9908527,-0.1346116,-0.06411281,0.1349458,0.9887766,moving,8.317068472477292,0.6025119900766367,9.937321471103942,-0.5348063573949452,0.22293600000000002,0.25302199999999997,2.0179656,0.1446431508674783,0.010405041131005655,0.9894292180085299,7.731108842665792,0.7547817505244739,1.9713374573028364,1.9795738943151737,2.555467012107016
05/10/2023 16:35:17.492840,1958,True,True,True,True,Eyes,1.371706,-0.353725,-2.933985,0.08264263,0.1425282,0.9863346,0.0,0.0,0.0,0.0,0.0,0.0,0.0,-1.177164,-0.05736133,3.045743,1.371314,-0.3546627,-2.942664,-0.06754337,-0.0324541,-0.00250623,0.9971854,352.2489,356.2743,359.9645,0.4205708,-0.1086007,-0.9007362,0,0,0,1.596786,-0.1037179,-0.9244082,0.3561561,-0.02077636,2.014916,0.9978809,-0.0006142323,0.06506405,0.009382468,0.9908632,-0.1345438,-0.06438694,0.1348692,0.9887692,moving,8.427695516174262,0.5384513112327364,10.024047808369126,-0.5907718017336232,0.22547200000000012,0.25094479999999997,2.0182558000000004,0.14655487357227492,0.009296139780870724,0.9891588780691936,7.834335041160227,0.6921257154649164,1.9468251175935383,1.9553734885318532,2.53784712749051
05/10/2023 16:35:17.502921,1959,True,True,True,True,Eyes,1.371902,-0.3537213,-2.93398,0.08435507,0.1412927,0.9863674,0.0,0.0,0.0,0.0,0.0,0.0,0.0,-1.177563,-0.05610514,3.045589,1.37128,-0.3546537,-2.942657,-0.06737986,-0.0323786,-0.002401592,0.9971991,352.2681,356.2822,359.9753,0.4206156,-0.1085976,-0.9007156,0,0,0,1.600458,-0.1065082,-0.9241188,0.3595915,-0.02295446,2.014637,0.9978917,-0.0004263994,0.06489944,0.00915306,0.9909083,-0.1342267,-0.06425217,0.1345378,0.9888231,moving,8.518971232905965,0.48569559763907444,10.120121089705405,-0.6527909349219294,0.22917799999999988,0.24814550000000002,2.0185382,0.14813167475614453,0.008383366046194149,0.9889321406438516,7.919509761943239,0.6405254678190889,1.955674008840887,1.964645629306121,2.552519839976593
05/10/2023 16:35:17.524982,1960,True,True,True,True,Eyes,1.372094,-0.3537164,-2.933977,0.0859977,0.140104,0.9863951,0.0,0.0,0.0,0.0,0.0,0.0,0.0,-1.177721,-0.05564004,3.045542,1.371259,-0.3546411,-2.942674,-0.06733602,-0.03234514,-0.002318955,0.9972032,352.2734,356.2855,359.9844,0.4206609,-0.1085944,-0.9006948,0,0,0,1.6035,-0.108514,-0.9239285,0.3625449,-0.0248272,2.014396,0.9978968,-0.0002689513,0.06482165,0.008980924,0.990921,-0.1341454,-0.06419706,0.1344454,0.9888393,moving,8.610867653193944,0.4221028785796702,10.202695923526504,-0.7061281678284561,0.23224099999999992,0.2461271,2.0187454999999996,0.14971891463927267,0.0072839818767725245,0.9887017845298739,8.00470778660428,0.5784627491933082,1.9419199592130334,1.9511080278419037,2.54584478594938
05/10/2023 16:35:17.542635,1961,True,True,True,True,Eyes,1.372298,-0.3537114,-2.933975,0.08769973,0.1388675,0.98642,0.0,0.0,0.0,0.0,0.0,0.0,0.0,-1.177699,-0.05511144,3.045605,1.371318,-0.3546109,-2.942696,-0.06729147,-0.03235274,-0.002203228,0.9972063,352.279,356.2837,-0.002313974,0.4207066,-0.108591,-0.9006739,0,0,0,1.606497,-0.1105132,-0.9237218,0.3655466,-0.02673051,2.014153,0.9978969,-4.002026e-05,0.06482123,0.008748273,0.990934,-0.1340644,-0.06422819,0.1343495,0.9888504,moving,8.711170759392298,0.3554379000853306,10.286587845511129,-0.7603471536079123,0.23517900000000003,0.2440977,2.0189742,0.1514506811736131,0.006131962585958647,0.9884457151534506,8.09784537132018,0.5133716696643643,1.921108220337231,1.9305220229980236,2.5323809466756044
05/10/2023 16:35:17.552601,1962,True,True,True,True,Eyes,1.372493,-0.3537083,-2.933974,0.08933518,0.1376833,0.9864393,0.0,0.0,0.0,0.0,0.0,0.0,0.0,-1.177671,-0.05541202,3.045636,1.371309,-0.3546208,-2.942725,-0.06735247,-0.03235417,-0.002179198,0.9972022,352.2721,356.2833,0.0006976257,0.4207529,-0.1085876,-0.9006526,0,0,0,1.609646,-0.1122929,-0.923561,0.3687223,-0.02874412,2.013894,0.9978969,1.206549e-05,0.06482084,0.008704465,0.9909179,-0.134187,-0.06423375,0.1344691,0.9888337,moving,8.80618911393637,0.28079938557906126,10.375325892234892,-0.8177217575186088,0.23833700000000002,0.2423279,2.019164,0.15309078558359995,0.004843083454932118,0.9882002398203805,8.185466365797382,0.44062606996927034,1.9058982077432847,1.915447449250874,2.5256531829355717
05/10/2023 16:35:17.572842,1963,True,True,True,True,Eyes,1.372692,-0.3537037,-2.933975,0.0910086,0.1365045,0.9864502,0.0,0.0,0.0,0.0,0.0,0.0,0.0,-1.17777,-0.05541331,3.045611,1.371275,-0.3546648,-2.94275,-0.067385,-0.03232898,-0.002120258,0.997201,352.2686,356.2858,0.007420258,0.4207996,-0.1085842,-0.9006312,0,0,0,1.613012,-0.1142923,-0.9233859,0.3720403,-0.03084825,2.013624,0.9979007,0.0001283301,0.06476271,0.00858562,0.9909095,-0.1342557,-0.06419121,0.1345298,0.9888282,moving,8.900630531862035,0.20926977512782116,10.468007754512819,-0.8776893189616509,0.24173699999999987,0.2403725,2.0193641,0.15472025449613117,0.003608457061686318,0.987951751231069,8.272696234815065,0.37088494663579596,1.8976467475810794,1.907393884416192,2.5255356590691536
05/10/2023 16:35:17.592906,1964,True,True,True,True,Eyes,1.372884,-0.3536989,-2.933974,0.09261215,0.1353805,0.9864558,0.0,0.0,0.0,0.0,0.0,0.0,0.0,-1.177209,-0.05603147,3.045846,1.371265,-0.3546324,-2.94279,-0.06751442,-0.03241444,-0.002036694,0.9971896,352.254,356.2752,0.01821105,0.4208465,-0.1085807,-0.9006097,0,0,0,1.615756,-0.1156787,-0.9232332,0.3751636,-0.03282873,2.01337,0.9978903,0.0003149428,0.06492168,0.008438824,0.9908753,-0.1345173,-0.06437166,0.1347814,0.9887822,moving,9.003927885662074,0.12944278667394604,10.555222362473856,-0.9341457405817897,0.244491,0.23895370000000002,2.0195568,0.15650178052880984,0.0022313622204936656,0.9876751232948339,8.368021448822406,0.2930697927424207,1.8710546060709403,1.8808867879531623,2.5079684611075086
05/10/2023 16:35:17.609848,1965,True,True,True,True,Eyes,1.373068,-0.3536949,-2.933974,0.09425392,0.1342405,0.9864561,0.0,0.0,0.0,0.0,0.0,0.0,0.0,-1.177034,-0.0566923,3.045866,1.371294,-0.354626,-2.942739,-0.06762031,-0.03244849,-0.002043519,0.9971814,352.2419,356.2712,0.01808976,0.4208937,-0.1085771,-0.900588,0,0,0,1.618957,-0.1173664,-0.9229841,0.3784791,-0.03493109,2.0131,0.9978859,0.0003128362,0.06499042,0.008463872,0.9908466,-0.1347268,-0.06443768,0.134992,0.9887492,moving,9.102833551210429,0.05265673668530817,10.647775794524138,-0.9940903088593559,0.24766299999999997,0.23725960000000001,2.0197549,0.15820683035589178,0.0009074589660801879,0.9874055528757133,8.459275187144884,0.2182223938043356,1.856180853711192,1.8661527034333714,2.501846717434765
05/10/2023 16:35:17.622807,1966,True,True,True,True,Eyes,1.373245,-0.3536929,-2.933972,0.09582697,0.1331531,0.986452,0.0,0.0,0.0,0.0,0.0,0.0,0.0,-1.176651,-0.05740118,3.046018,1.371275,-0.3546272,-2.942766,-0.06771111,-0.03251054,-0.002102292,0.9971731,352.2312,356.2645,0.01214078,0.4209408,-0.1085735,-0.9005665,0,0,0,1.621899,-0.1190845,-0.9227958,0.3816859,-0.03696434,2.01284,0.9978773,0.0002099513,0.06512196,0.008595346,0.9908215,-0.1349027,-0.06455256,0.135176,0.9887165,moving,9.2005804076352,-0.018594755807019293,10.737258999383128,-1.052076984665274,0.25062399999999996,0.2355427,2.0199702000000004,0.159891187548991,-0.000320364405511947,0.9871346463546964,8.549705668186528,0.14872464406694405,1.841728986024003,1.8518819108415685,2.495458700999736
05/10/2023 16:35:17.642596,1967,True,True,True,True,Eyes,1.373405,-0.3536918,-2.933971,0.09748077,0.1320365,0.98644,0.0,0.0,0.0,0.0,0.0,0.0,0.0,-1.176408,-0.05787814,3.04607,1.371248,-0.3546745,-2.94274,-0.06780447,-0.03254511,-0.002086339,0.9971656,352.2206,356.2603,0.01460489,0.4209876,-0.10857,-0.900545,0,0,0,1.624846,-0.1207403,-0.922577,0.3848104,-0.03894557,2.012585,0.9978729,0.000252557,0.06518865,0.008574257,0.9907964,-0.1350888,-0.0646228,0.1353603,0.9886867,moving,9.300454900041432,-0.09288413094581793,10.824425745184623,-1.108593340115928,0.253598,0.2339342,2.020163,0.16161145035089622,-0.0015998225473024402,0.9868531760780527,8.642025641960846,0.07627922008159152,1.8211562323519608,1.8314345018152909,2.483302880129643
05/10/2023 16:35:17.652492,1968,True,True,True,True,Eyes,1.373559,-0.3536904,-2.933971,0.09907067,0.1309619,0.9864248,0.0,0.0,0.0,0.0,0.0,0.0,0.0,-1.176114,-0.05796698,3.046173,1.371258,-0.354666,-2.942726,-0.06782401,-0.03259424,-0.002069254,0.9971627,352.2184,356.2545,0.01703493,0.4210338,-0.1085666,-0.9005238,0,0,0,1.627919,-0.1227302,-0.9223179,0.3880825,-0.04102024,2.012319,0.9978667,0.0002945774,0.0652842,0.008548108,0.9907913,-0.1351282,-0.06472282,0.135398,0.988675,moving,9.398285952007383,-0.15628448100201206,10.915673996334535,-1.1677875969396154,0.2566609999999998,0.23193579999999997,2.0204081,0.16329584888630264,-0.0026910620592925233,0.98657342701007,8.732953805525884,0.014357232000294484,1.813042818306633,1.82362414730077,2.4822839942184536
05/10/2023 16:35:17.672846,1969,True,True,True,True,Eyes,1.373712,-0.3536905,-2.933972,0.1007185,0.129816,0.9864095,0.0,0.0,0.0,0.0,0.0,0.0,0.0,-1.176297,-0.05815536,3.046111,1.371244,-0.3546529,-2.942747,-0.06781371,-0.03256646,-0.002163243,0.9971642,352.2192,356.2585,0.005938319,0.4210793,-0.1085632,-0.9005029,0,0,0,1.631226,-0.1248646,-0.9221176,0.3912807,-0.04304811,2.012059,0.9978695,0.0001026889,0.06524161,0.008731119,0.9907933,-0.1351019,-0.0646548,0.1353837,0.9886814,moving,9.489875936651082,-0.21874434253499758,11.004830620727931,-1.2256592777587796,0.25998200000000016,0.2297883,2.0206294,0.1648721686656911,-0.003765553134717478,0.9863078121953417,8.817916582940327,-0.04660995366788165,1.8082012091864685,1.8190561787869832,2.4845020260228576
05/10/2023 16:35:17.692745,1970,True,True,True,True,Eyes,1.373861,-0.3536897,-2.933974,0.1022969,0.1287305,0.9863893,0.0,0.0,0.0,0.0,0.0,0.0,0.0,-1.176075,-0.0562045,3.046283,1.371244,-0.3546807,-2.942795,-0.06756887,-0.03259444,-0.001983052,0.9971802,352.248,356.254,0.02601038,0.4211241,-0.10856,-0.9004824,0,0,0,1.634223,-0.1277764,-0.9218264,0.3944355,-0.04504859,2.011802,0.9978673,0.0004498186,0.06527303,0.008359658,0.9908611,-0.1346274,-0.06473707,0.1348859,0.9887441,moving,9.58571176817278,-0.25484675468697104,11.092749943935031,-1.2827618301112478,0.2629790000000001,0.2269043,2.0209686,0.1665212595863103,-0.004385798213741583,0.9860281352041468,8.90836996701489,-0.08217417307352651,1.8126770611650538,1.8242185903803603,2.4925742929351093
05/10/2023 16:35:17.710373,1971,True,True,True,True,Eyes,1.373991,-0.3536898,-2.933976,0.1039142,0.1276129,0.9863654,0.0,0.0,0.0,0.0,0.0,0.0,0.0,-1.175868,-0.05711728,3.046362,1.371294,-0.354664,-2.942791,-0.06774877,-0.03263226,-0.001906799,0.9971669,352.2276,356.2489,0.03578327,0.4211682,-0.1085568,-0.9004622,0,0,0,1.637418,-0.1291002,-0.9216542,0.3977515,-0.04715131,2.011533,0.997863,0.0006187981,0.06533798,0.008224383,0.990813,-0.1349892,-0.06482124,0.1352381,0.9886905,moving,9.684406418826136,-0.34023232694952005,11.185122719932902,-1.3427949857675345,0.266124,0.22556379999999998,2.0211368000000003,0.16821821586105423,-0.005853519390087193,0.9857323590551765,8.998964087041463,-0.16531856499731526,1.7932601498475687,1.8047939775120656,2.4830908742201956
05/10/2023 16:35:17.727792,1972,True,True,True,True,Eyes,1.374112,-0.3536879,-2.933974,0.1054818,0.1265277,0.9863388,0.0,0.0,0.0,0.0,0.0,0.0,0.0,-1.176184,-0.0581381,3.046233,1.371321,-0.3546372,-2.942794,-0.0677859,-0.03259955,-0.002211351,0.9971648,352.2222,356.255,0.0005445681,0.4212111,-0.1085538,-0.9004425,0,0,0,1.640792,-0.1311519,-0.9214526,0.4009189,-0.04915978,2.011275,0.9978647,9.417183e-06,0.06531403,0.008829741,0.9908003,-0.1350432,-0.06471444,0.1353316,0.9886847,moving,9.769422153564987,-0.4013532679724042,11.27332984941894,-1.4001502594726956,0.269471,0.2234853,2.0213414000000003,0.16967952648583967,-0.006903302650242943,0.9854750631487489,9.077661487685017,-0.22494393788077024,1.793563788301425,1.8053625087164007,2.4903954410954396
05/10/2023 16:35:17.742772,1973,True,True,True,True,Eyes,1.374232,-0.3536866,-2.933974,0.1071044,0.1253816,0.9863104,0.0,0.0,0.0,0.0,0.0,0.0,0.0,-1.177329,-0.05799067,3.045671,1.371263,-0.3545825,-2.942701,-0.06767247,-0.03241342,-0.002417401,0.9971781,352.2345,356.2782,359.9749,0.4212528,-0.1085509,-0.9004233,0,0,0,1.644821,-0.1338176,-0.9211674,0.4042252,-0.05125611,2.011006,0.9978871,-0.0004341658,0.06497109,0.009208149,0.9908292,-0.1348063,-0.06431671,0.1351197,0.9887396,moving,9.840756959614414,-0.45026134712796106,11.365369796911969,-1.4600270171769378,0.2735580000000002,0.22076490000000001,2.0215336,0.17090530475818017,-0.007742844581331058,0.9852570874799043,9.143820836817445,-0.27268030501480356,1.8164409226000724,1.8286801284155632,2.518942634713877
05/10/2023 16:35:17.753004,1974,True,True,True,True,Eyes,1.374349,-0.3536894,-2.933973,0.1086525,0.1242839,0.98628,0.0,0.0,0.0,0.0,0.0,0.0,0.0,-1.176812,-0.05750492,3.045897,1.371229,-0.3545879,-2.942734,-0.06763446,-0.03248736,-0.002312429,0.9971785,352.2392,356.2689,359.9874,0.4212934,-0.108548,-0.9004047,0,0,0,1.647718,-0.1359847,-0.9209204,0.4074834,-0.05332218,2.010741,0.9978785,-0.000217279,0.06510419,0.009006336,0.9908404,-0.134737,-0.06447858,0.1350375,0.9887403,moving,9.939753662938282,-0.5098169053284823,11.456036228490053,-1.5190519345595181,0.276489,0.21860320000000003,2.0218136,0.17260593785988776,-0.008764318147108735,0.9849520135003456,9.236076462495218,-0.3309008666304716,1.8088159854054064,1.8214467224772815,2.517920634741448
05/10/2023 16:35:17.776864,1975,True,True,True,True,Eyes,1.374475,-0.3536909,-2.93397,0.1102512,0.1231229,0.9862481,0.0,0.0,0.0,0.0,0.0,0.0,0.0,-1.176146,-0.05734807,3.046183,1.371284,-0.3546916,-2.942722,-0.06765773,-0.03260197,-0.002229379,0.9971734,352.2368,356.255,-0.002001015,0.4213328,-0.1085454,-0.9003865,0,0,0,1.650264,-0.1378351,-0.9206501,0.4104607,-0.0552101,2.010499,0.9978642,-3.46043e-05,0.06532129,0.008857705,0.9908349,-0.1347876,-0.06471796,0.1350783,0.988719,moving,10.046253906450264,-0.5797331532020444,11.538855231395079,-1.5729980098087775,0.27898,0.2168565,2.0220719,0.17443447207878016,-0.009962956633640628,0.9846183244309307,9.335014496913296,-0.39917633331340885,1.7800788225097042,1.7928842100361668,2.496952404666858
05/10/2023 16:35:17.793293,1976,True,True,True,True,Eyes,1.374596,-0.3536909,-2.933967,0.1117882,0.1220024,0.9862143,0.0,0.0,0.0,0.0,0.0,0.0,0.0,-1.176194,-0.05703625,3.046126,1.371298,-0.3546669,-2.942672,-0.06760868,-0.03259644,-0.002216395,0.9971769,352.2425,356.2555,-0.0007327066,0.4213715,-0.1085429,-0.9003687,0,0,0,1.653487,-0.1400438,-0.9203576,0.4136583,-0.05723758,2.010239,0.9978651,-1.267074e-05,0.06530852,0.00882788,0.9908482,-0.1346911,-0.06470913,0.1349801,0.9887331,moving,10.134923772576268,-0.6380196629623219,11.62777057708176,-1.6309433642383901,0.282189,0.2146231,2.0223144,0.175956195662428,-0.010961579538279607,0.9843368802252215,9.417384209853923,-0.4560941137056346,1.7797424394837298,1.7928996230347154,2.5032136652519403
05/10/2023 16:35:17.810653,1977,True,True,True,True,Eyes,1.374735,-0.3536884,-2.933963,0.1133992,0.1208246,0.9861754,0.0,0.0,0.0,0.0,0.0,0.0,0.0,-1.176383,-0.05656293,3.046045,1.371295,-0.3546291,-2.942661,-0.06753588,-0.03256392,-0.002190715,0.997183,352.251,356.2591,0.001698808,0.4214095,-0.1085405,-0.9003512,0,0,0,1.656969,-0.1424347,-0.9200987,0.4170237,-0.0593715,2.009965,0.9978696,2.937966e-05,0.06524026,0.008767551,0.9908682,-0.1345486,-0.06464846,0.1348339,0.988757,moving,10.224888171579929,-0.6970876282357086,11.721317456628517,-1.6919436515761428,0.285674,0.21219439999999998,2.0225623,0.17749950469513057,-0.011972985388570799,0.9840479945332081,9.500960163841786,-0.5137757988587626,1.7833955452115124,1.7969527295752026,2.513576335981843
05/10/2023 16:35:17.824724,1978,True,True,True,True,Eyes,1.37487,-0.3536867,-2.933959,0.1149521,0.1196972,0.9861332,0.0,0.0,0.0,0.0,0.0,0.0,0.0,-1.176469,-0.0569692,3.046002,1.371329,-0.3545897,-2.942648,-0.06756824,-0.03255881,-0.002259246,0.9971808,352.247,356.2602,359.9939,0.4214472,-0.108538,-0.9003339,0,0,0,1.660193,-0.1443378,-0.9198768,0.4201905,-0.06137945,2.009707,0.9978697,-0.0001058698,0.06523934,0.008905635,0.9908589,-0.1346084,-0.06462873,0.1349026,0.9887489,moving,10.314115535916931,-0.7637976459205544,11.809310327393877,-1.7493547967242766,0.288864,0.21025190000000002,2.0227712,0.1790292116440581,-0.013115020558667957,0.9837563879021789,9.58342030712847,-0.5788265326021516,1.777030740066712,1.7907904293803165,2.514900156949752
05/10/2023 16:35:17.842575,1979,True,True,True,True,Eyes,1.375007,-0.3536836,-2.933956,0.1165807,0.1185394,0.9860818,0.0,0.0,0.0,0.0,0.0,0.0,0.0,-1.177024,-0.05755931,3.04579,1.371359,-0.3546062,-2.942646,-0.06763401,-0.03247658,-0.002346869,0.9971787,352.2391,356.2704,359.9834,0.4214846,-0.1085356,-0.9003167,0,0,0,1.663622,-0.1461123,-0.9197311,0.4232497,-0.0633193,2.009458,0.9978796,-0.0002874528,0.06508737,0.009073539,0.9908403,-0.1347339,-0.06445246,0.1350388,0.9887418,moving,10.398853794869527,-0.8357935313225979,11.894279887984675,-1.804829271719292,0.29226299999999994,0.20849389999999998,2.0229149,0.1804808872809362,-0.014347293617060733,0.983473827688486,9.661273313166657,-0.6489441913205525,1.7681379745001014,1.7819454161493846,2.514436056508278
05/10/2023 16:35:17.857470,1980,True,True,True,True,Eyes,1.375136,-0.3536819,-2.933953,0.1181461,0.1174327,0.9860279,0.0,0.0,0.0,0.0,0.0,0.0,0.0,-1.177361,-0.05900931,3.045638,1.371353,-0.3545688,-2.94266,-0.0678009,-0.03242734,-0.002509161,0.9971687,352.2194,356.2773,359.9649,0.4215217,-0.1085332,-0.9002995,0,0,0,1.667127,-0.1476286,-0.9196032,0.4265441,-0.06540838,2.00919,0.9978843,-0.0006069083,0.06501129,0.009401319,0.9907935,-0.1350551,-0.0643308,0.1353806,0.988703,moving,10.483377868653385,-0.9151885509344336,11.985745512118536,-1.8645827655507665,0.295774,0.20694020000000002,2.0230568,0.1819278186727799,-0.015705825174039872,0.9831864296263843,9.738527330476066,-0.7262004374742228,1.7634190882787633,1.777205084079492,2.5191077548968526
05/10/2023 16:35:17.877766,1981,True,True,True,True,Eyes,1.375244,-0.3536827,-2.933951,0.1197573,0.1162973,0.9859681,0.0,0.0,0.0,0.0,0.0,0.0,0.0,-1.177496,-0.05991611,3.045528,1.37129,-0.3546007,-2.942644,-0.06789647,-0.03240155,-0.002654191,0.9971626,352.2079,356.2813,359.9483,0.4215584,-0.1085307,-0.9002827,0,0,0,1.670287,-0.1493693,-0.919416,0.4296498,-0.06737788,2.008938,0.9978862,-0.0008934169,0.06497966,0.009693223,0.990766,-0.1352356,-0.06425882,0.1355796,0.9886804,moving,10.573370187622091,-0.988201496025803,12.07193388750765,-1.9209261942513793,0.2989970000000002,0.20523139999999998,2.023228,0.18346810828762494,-0.01695376624193945,0.9828794382627832,9.821390360181857,-0.7973393216614062,1.7512851495780317,1.7651256400876074,2.5154311019474447
05/10/2023 16:35:17.892896,1982,True,True,True,True,Eyes,1.375345,-0.3536808,-2.933949,0.1213045,0.1152074,0.985907,0.0,0.0,0.0,0.0,0.0,0.0,0.0,-1.177254,-0.06010982,3.045623,1.371257,-0.3546222,-2.942662,-0.0678996,-0.0324392,-0.002728055,0.9971611,352.2072,356.2776,359.9401,0.4215942,-0.1085284,-0.9002662,0,0,0,1.673283,-0.1514674,-0.9191847,0.4328329,-0.06939603,2.008679,0.9978805,-0.001035403,0.06506467,0.009845836,0.9907644,-0.1352367,-0.06432373,0.1355906,0.9886747,moving,10.667299006713733,-1.0491053768091332,12.160239375635115,-1.9786729721937533,0.3020260000000001,0.2031548,2.0234772999999997,0.1850758153620614,-0.017993013877179123,0.9825595826226999,9.908689910127647,-0.8568226744219156,1.744516896328552,1.7586832743687122,2.5155562180634576
05/10/2023 16:35:17.912808,1983,True,True,True,True,Eyes,1.37543,-0.3536813,-2.933946,0.1228887,0.1140865,0.9858411,0.0,0.0,0.0,0.0,0.0,0.0,0.0,-1.177278,-0.06031311,3.045559,1.371207,-0.3545558,-2.942641,-0.06791232,-0.03242842,-0.002753915,0.9971603,352.2057,356.279,359.9371,0.421629,-0.1085262,-0.9002503,0,0,0,1.676582,-0.1534904,-0.9189408,0.4361453,-0.07149635,2.00841,0.9978817,-0.00108761,0.06504673,0.009896768,0.9907607,-0.1352603,-0.06429863,0.1356175,0.9886726,moving,10.758166205030152,-1.1137914800245678,12.252090738234836,-2.038781928594554,0.30537499999999995,0.20106539999999998,2.0237002,0.18663002401525974,-0.019096582322885088,0.9822446697227728,9.992837939057303,-0.9199327272018871,1.7426539533521042,1.757104960113805,2.521120137170882
05/10/2023 16:35:17.923125,1984,True,True,True,True,Eyes,1.375513,-0.3536838,-2.933943,0.1244103,0.1130058,0.9857747,0.0,0.0,0.0,0.0,0.0,0.0,0.0,-1.176897,-0.05987027,3.045688,1.371166,-0.3545775,-2.94263,-0.0678818,-0.03248002,-0.002658253,0.9971611,352.2095,356.2723,359.9484,0.4216624,-0.108524,-0.9002348,0,0,0,1.679385,-0.15553,-0.9186744,0.4392207,-0.07344638,2.008159,0.9978759,-0.0008918075,0.06513651,0.009711016,0.99077,-0.1352055,-0.06441472,0.1355508,0.9886742,moving,10.853198136467743,-1.1733482718617592,12.337342426152492,-2.0946014424876576,0.3082189999999998,0.1990475,2.0239556,0.1882551871234501,-0.020111227009991038,0.9819142100046659,10.081272161961348,-0.97812447830949,1.7320480136937053,1.7468233101811186,2.517215495047653
05/10/2023 16:35:17.942502,1985,True,True,True,True,Eyes,1.375601,-0.3536845,-2.933941,0.1259405,0.1118772,0.9857091,0.0,0.0,0.0,0.0,0.0,0.0,0.0,-1.176992,-0.0589833,3.045672,1.371201,-0.3546303,-2.94261,-0.06780174,-0.0324642,-0.002521838,0.9971673,352.2192,356.2731,359.9637,0.4216947,-0.1085221,-0.9002199,0,0,0,1.682762,-0.1579195,-0.9184078,0.4425251,-0.07554156,2.00789,0.9978794,-0.0006271303,0.06508644,0.009431646,0.9907931,-0.1350556,-0.06440251,0.1353831,0.988698,moving,10.941217716435212,-1.2308573297683754,12.428899896760342,-2.154586250818699,0.3115610000000002,0.19671080000000002,2.0242022000000004,0.18975957747425237,-0.021090565513535393,0.9816040128514211,10.163056361086976,-1.0342870924369223,1.7359399299482154,1.7511348860786617,2.527670297412955
05/10/2023 16:35:17.957892,1986,True,True,True,True,Eyes,1.375684,-0.3536836,-2.933939,0.1274133,0.1107943,0.9856421,0.0,0.0,0.0,0.0,0.0,0.0,0.0,-1.177128,-0.05835396,3.045638,1.371189,-0.3545901,-2.942626,-0.06774485,-0.03243373,-0.002394667,0.9971725,352.2262,356.2756,359.9779,0.421726,-0.1085202,-0.9002055,0,0,0,1.685842,-0.159929,-0.9182178,0.4455175,-0.07743897,2.007647,0.9978846,-0.0003813572,0.0650085,0.009170229,0.9908098,-0.1349513,-0.06435959,0.135262,0.9887174,moving,11.024178493974192,-1.2883387793008623,12.511774477588725,-2.2089180488861495,0.31465300000000007,0.19466110000000003,2.0244082000000003,0.1911766344590625,-0.022069157208578064,0.9813074553669706,10.239966236096341,-1.0903847849419683,1.733919677493523,1.7494021841921514,2.5322380118508487
05/10/2023 16:35:17.977728,1987,True,True,True,True,Eyes,1.375767,-0.3536829,-2.933939,0.1289121,0.1096786,0.985572,0.0,0.0,0.0,0.0,0.0,0.0,0.0,-1.1774,-0.05803913,3.045527,1.371159,-0.3545486,-2.942633,-0.06773478,-0.0323785,-0.00228194,0.9971753,352.2278,356.2811,359.9905,0.4217562,-0.1085184,-0.9001915,0,0,0,1.689263,-0.1619225,-0.9180344,0.4487646,-0.07949799,2.007383,0.9978929,-0.0001646869,0.06488322,0.008937288,0.9908136,-0.1349391,-0.06426495,0.1352347,0.9887273,moving,11.10579335435488,-1.3529336929988816,12.60166742390342,-2.2678882262561837,0.31810399999999994,0.1926261,2.0245986,0.19256946982531117,-0.023169033781430787,0.9810097283784723,10.315201489225196,-1.1533368279184597,1.737794634351751,1.753505354960685,2.5436492073358976
05/10/2023 16:35:17.992746,1988,True,True,True,True,Eyes,1.375847,-0.3536836,-2.933939,0.1303533,0.1086112,0.9855007,0.0,0.0,0.0,0.0,0.0,0.0,0.0,-1.17763,-0.05770889,3.045464,1.371144,-0.3545479,-2.942661,-0.06771936,-0.03233356,-0.002189807,0.997178,352.2299,356.2856,0.0006917716,0.4217856,-0.1085166,-0.900178,0,0,0,1.692675,-0.164002,-0.9178622,0.4520274,-0.0815669,2.007117,0.9978995,1.196246e-05,0.06478121,0.00874647,0.9908186,-0.1349149,-0.06418805,0.1351981,0.9887372,moving,11.185117613623104,-1.4137998866929946,12.691959758302955,-2.3271532813722966,0.321531,0.19054590000000002,2.0247988,0.19392271442212988,-0.0242045875930524,0.9807181674963625,10.388426831668843,-1.212673301384273,1.7460244538215204,1.7620407692660172,2.5589704120762367
05/10/2023 16:35:18.010588,1989,True,True,True,True,Eyes,1.375937,-0.3536835,-2.933939,0.1318338,0.1075135,0.9854242,0.0,0.0,0.0,0.0,0.0,0.0,0.0,-1.177839,-0.05788359,3.045382,1.371151,-0.3545809,-2.942657,-0.0677665,-0.03229886,-0.002162159,0.997176,352.2246,356.2894,0.003785053,0.421814,-0.1085149,-0.9001648,0,0,0,1.696262,-0.1660303,-0.917658,0.4554766,-0.08375399,2.006837,0.9979042,6.545361e-05,0.06470832,0.008689666,0.990806,-0.1350106,-0.06412223,0.1352899,0.988729,moving,11.267658038990017,-1.4824289336867287,12.787359368262305,-2.3898139069773,0.32511099999999993,0.18855059999999998,2.024999,0.195329695993542,-0.025372056615517134,0.9804094685673427,10.464340139280141,-1.2795253104272444,1.7537397588467902,1.769982943405243,2.5747153446254942
05/10/2023 16:35:18.022677,1990,True,True,True,True,Eyes,1.376023,-0.3536834,-2.933941,0.1332502,0.1064638,0.9853476,0.0,0.0,0.0,0.0,0.0,0.0,0.0,-1.177964,-0.05799797,3.045342,1.371131,-0.354573,-2.942678,-0.06780332,-0.03227249,-0.002117472,0.9971744,352.2206,356.2921,0.008870007,0.4218419,-0.1085133,-0.900152,0,0,0,1.699258,-0.1677064,-0.9175087,0.458396,-0.08560508,2.006599,0.997908,0.0001533858,0.06464974,0.008599341,0.9907964,-0.1350868,-0.06407546,0.1353602,0.9887224,moving,11.347510426794031,-1.5474692256445164,12.86807627098416,-2.4428584908739785,0.32812699999999984,0.18686660000000002,2.0251693,0.19669023788585974,-0.026477623060248694,0.9801081242055508,10.537853052241909,-1.3428938096229857,1.7482831075883338,1.7646082916063257,2.576793074572558
05/10/2023 16:35:18.042439,1991,True,True,True,True,Eyes,1.376104,-0.3536843,-2.933942,0.1346892,0.1053481,0.9852718,0.0,0.0,0.0,0.0,0.0,0.0,0.0,-1.177583,-0.05837712,3.0455,1.371106,-0.3545773,-2.942707,-0.06786178,-0.03233097,-0.002124555,0.9971686,352.2138,356.2853,0.008731872,0.4218691,-0.1085117,-0.9001395,0,0,0,1.702187,-0.1695206,-0.9172975,0.4615941,-0.08763294,2.006339,0.9979004,0.0001509955,0.0647672,0.008625153,0.9907805,-0.1352019,-0.06419049,0.1354766,0.988699,moving,11.43824044260971,-1.6178070814041248,12.956456657100752,-2.500977296366806,0.33108099999999996,0.1850567,2.0254095,0.19823560066668616,-0.027672020166502102,0.9797636595494408,10.621569014604226,-1.4114567988958386,1.7399635291010909,1.7564082960805951,2.5765781993745827
05/10/2023 16:35:18.057610,1992,True,True,True,True,Eyes,1.376182,-0.3536845,-2.933943,0.136068,0.1042778,0.9851962,0.0,0.0,0.0,0.0,0.0,0.0,0.0,-1.177187,-0.05914187,3.045626,1.371091,-0.3545848,-2.942701,-0.06799254,-0.03239253,-0.002114828,0.9971576,352.1989,356.2781,0.01082992,0.4218956,-0.1085101,-0.9001272,0,0,0,1.705144,-0.1710526,-0.9170719,0.4648237,-0.08968078,2.006077,0.9978926,0.0001872678,0.06488851,0.008622533,0.9907451,-0.1354615,-0.06431334,0.1357356,0.9886554,moving,11.52599726198971,-1.6942509950175195,13.045663639892132,-2.559678076404666,0.33405299999999993,0.18353219999999998,2.0256290999999997,0.1997286676878055,-0.02897023060723622,0.9794228390912161,10.702095393038894,-1.4858896721720796,1.7323945984100027,1.7488138646881033,2.5778544692676353
05/10/2023 16:35:18.077633,1993,True,True,True,True,Eyes,1.376252,-0.3536846,-2.933943,0.1374941,0.1031929,0.9851125,0.0,0.0,0.0,0.0,0.0,0.0,0.0,-1.177002,-0.05937701,3.04566,1.371076,-0.3545699,-2.942675,-0.06801501,-0.03242237,-0.002147757,0.9971551,352.1961,356.2749,0.007351629,0.4219214,-0.1085087,-0.9001153,0,0,0,1.708169,-0.1729946,-0.9168096,0.4679894,-0.09168801,2.005819,0.9978884,0.000127122,0.06495242,0.008693708,0.9907387,-0.1355038,-0.06436809,0.1357823,0.9886455,moving,11.612594191246686,-1.7581868312889406,13.133073253697784,-2.617226002560278,0.3370930000000001,0.1815753,2.0258654,0.2012023126040533,-0.030053891794757294,0.9790885724959921,10.782167444032646,-1.5482434002894265,1.7297240631003472,1.7463690552488376,2.5825340133045795
05/10/2023 16:35:18.092823,1994,True,True,True,True,Eyes,1.376318,-0.353686,-2.933943,0.1388616,0.1021538,0.9850289,0.0,0.0,0.0,0.0,0.0,0.0,0.0,-1.176961,-0.05988193,3.045651,1.371084,-0.3545458,-2.942658,-0.06807996,-0.03243201,-0.002183193,0.9971502,352.1886,356.274,0.003585449,0.4219464,-0.1085072,-0.9001037,0,0,0,1.711238,-0.1747199,-0.9165894,0.4710928,-0.09365597,2.005566,0.9978868,6.199688e-05,0.06497644,0.008769883,0.9907207,-0.1356303,-0.0643819,0.1359135,0.9886266,moving,11.693528237792577,-1.8243853394723983,13.218724616065172,-2.6736573520844873,0.34015400000000007,0.1798259,2.0260686000000003,0.20257815543313895,-0.031176061044096343,0.978769646445624,10.856661436519925,-1.6127377697614897,1.7289393701798443,1.7457052854654558,2.5893807800939217
05/10/2023 16:35:18.110587,1995,True,True,True,True,Eyes,1.376372,-0.3536892,-2.933943,0.1402703,0.1010863,0.9849395,0.0,0.0,0.0,0.0,0.0,0.0,0.0,-1.176872,-0.06015009,3.045676,1.371074,-0.3545771,-2.942655,-0.06812105,-0.03244577,-0.002202764,0.997147,352.1838,356.2726,0.001591546,0.4219705,-0.1085059,-0.9000926,0,0,0,1.714589,-0.1767887,-0.916349,0.4745162,-0.09582673,2.005288,0.9978848,2.75198e-05,0.0650065,0.00881344,0.9907093,-0.1357105,-0.06440628,0.1359963,0.9886136,moving,11.777418688904527,-1.8897659139613951,13.313156063736242,-2.7359130304205,0.343515,0.17778839999999999,2.026306,0.20400385826576856,-0.03228316149943508,0.9784376521098883,10.934048273463974,-1.6764651991692328,1.7363542298351247,1.75341216693254,2.6043393759026894
05/10/2023 16:35:18.126367,1996,True,True,True,True,Eyes,1.376426,-0.3536955,-2.933945,0.1416244,0.1000537,0.9848512,0.0,0.0,0.0,0.0,0.0,0.0,0.0,-1.177042,-0.06045642,3.045601,1.371081,-0.3545891,-2.942647,-0.06815257,-0.03242163,-0.002255083,0.9971455,352.18,356.2757,-0.004514287,0.4219936,-0.1085047,-0.9000819,0,0,0,1.717736,-0.1786644,-0.9161507,0.4775608,-0.09775747,2.00504,0.9978875,-7.805587e-05,0.06496555,0.008916526,0.9907003,-0.1357698,-0.06435078,0.1360623,0.9886081,moving,11.853670263901595,-1.9514341657130174,13.397103704743131,-2.791295227903172,0.34665499999999994,0.1759247,2.0264963,0.20529879283652153,-0.03332703088581793,0.9781317980582639,11.004269540689117,-1.736552412740869,1.7399025766289067,1.7571435314427557,2.614983315969831
05/10/2023 16:35:18.142519,1997,True,True,True,True,Eyes,1.376484,-0.3537006,-2.933946,0.1430628,0.09898742,0.984751,0.0,0.0,0.0,0.0,0.0,0.0,0.0,-1.177302,-0.05989128,3.045596,1.371168,-0.35467,-2.942684,-0.0680631,-0.03239399,-0.002275869,0.9971524,352.1902,356.2791,359.9925,0.4220157,-0.1085037,-0.9000717,0,0,0,1.721077,-0.1811397,-0.9159517,0.4807112,-0.09975497,2.004784,0.9978909,-0.000129105,0.0649133,0.008948447,0.9907245,-0.1355911,-0.06429369,0.135886,0.9886361,moving,11.93445065032248,-2.0016409979815095,13.483924725692141,-2.8486005068457594,0.349909,0.1735303,2.0267323,0.20667171583317287,-0.034174034081410086,0.9778133479004426,11.079463851239012,-1.7856135579132157,1.7480715540505427,1.7658454971764195,2.6289490961935384
05/10/2023 16:35:18.152512,1998,True,True,True,True,Eyes,1.376538,-0.3537047,-2.933946,0.1444504,0.09795672,0.9846514,0.0,0.0,0.0,0.0,0.0,0.0,0.0,-1.177894,-0.05972028,3.045358,1.371183,-0.3546345,-2.942669,-0.06799606,-0.03230372,-0.00235993,0.9971597,352.1975,356.2903,359.9819,0.4220371,-0.1085029,-0.9000618,0,0,0,1.724605,-0.1834638,-0.9157506,0.4838592,-0.101751,2.004528,0.9979019,-0.0003134017,0.06474487,0.009099505,0.990742,-0.1354534,-0.06410301,0.1357583,0.988666,moving,12.004895504044981,-2.0511640279140195,13.570640029704448,-2.905872808101169,0.3534219999999999,0.1711707,2.0269184,0.20786773670568257,-0.03501011112275819,0.977530108350279,11.144732818600428,-1.8339366220064495,1.7655481965052267,1.7838394038033787,2.6521826829888204
05/10/2023 16:35:18.172476,1999,True,True,True,True,Eyes,1.376611,-0.3537094,-2.933946,0.1459168,0.09688601,0.9845412,0.0,0.0,0.0,0.0,0.0,0.0,0.0,-1.178442,-0.05933106,3.045102,1.37117,-0.3546109,-2.942624,-0.06791776,-0.03221404,-0.002391203,0.9971679,352.2064,356.3009,359.9773,0.4220576,-0.1085023,-0.9000522,0,0,0,1.728205,-0.1858711,-0.9155124,0.4871149,-0.1038155,2.004263,0.9979131,-0.0003930492,0.06457043,0.009144672,0.9907629,-0.1352968,-0.0639208,0.1356049,0.9886989,moving,12.080231600196436,-2.102725414333707,13.660280313501467,-2.965119323241,0.357035,0.1687398,2.0271116,0.20914643715789893,-0.03587979255370638,0.9772258665548412,11.214607934109761,-1.8842637236025128,1.781238583282999,1.800076995724706,2.673866528940695
05/10/2023 16:35:18.192529,2000,True,True,True,True,Eyes,1.37668,-0.3537127,-2.933946,0.1473244,0.0958555,0.9844324,0.0,0.0,0.0,0.0,0.0,0.0,0.0,-1.178641,-0.05883002,3.045055,1.371168,-0.3546518,-2.942641,-0.06783079,-0.03218236,-0.002417207,0.9971748,352.2163,356.3048,359.9737,0.422078,-0.1085017,-0.9000428,0,0,0,1.731465,-0.1882964,-0.9153019,0.4902558,-0.105807,2.004007,0.9979169,-0.0004548454,0.06451079,0.009186665,0.9907863,-0.1351227,-0.06385494,0.1354339,0.9887266,moving,12.158821385234289,-2.1510609825470817,13.746719931738546,-3.0222802931271,0.3602970000000001,0.16635540000000001,2.0273391,0.21048042132265204,-0.0366934358192219,0.976909151299643,11.287790170890581,-1.9315025118958746,1.7917626374117261,1.8111998457149496,2.6900058990291353
05/10/2023 16:35:18.202858,2001,True,True,True,True,Eyes,1.376747,-0.3537159,-2.933948,0.1488039,0.09479108,0.984313,0.0,0.0,0.0,0.0,0.0,0.0,0.0,-1.178637,-0.05877799,3.04504,1.371135,-0.3546212,-2.942642,-0.06780695,-0.03217876,-0.002441603,0.9971765,352.2189,356.3054,359.9708,0.422098,-0.1085012,-0.9000334,0,0,0,1.734635,-0.1904281,-0.9150727,0.4934526,-0.107834,2.003748,0.9979172,-0.0005055318,0.06450692,0.009233305,0.9907925,-0.1350738,-0.0638447,0.1353881,0.9887335,moving,12.244947988273598,-2.208621884808173,13.834644805565976,-3.0804666144132615,0.36349999999999993,0.16419310000000004,2.0275693,0.21194103112494525,-0.037662685889495534,0.9765564770606256,11.367747125256143,-1.9877008321915461,1.7932145649923348,1.8130772745389772,2.698095850764511
05/10/2023 16:35:18.223131,2002,True,True,True,True,Eyes,1.376813,-0.3537246,-2.933948,0.1502216,0.09377356,0.9841951,0.0,0.0,0.0,0.0,0.0,0.0,0.0,-1.17845,-0.05995438,3.045095,1.371118,-0.3546104,-2.942657,-0.06798631,-0.0322075,-0.002472362,0.9971633,352.1982,356.3022,359.9681,0.4221178,-0.1085008,-0.9000242,0,0,0,1.737726,-0.1917836,-0.9148986,0.4966822,-0.1098818,2.003485,0.9979131,-0.0005513599,0.06456845,0.009310036,0.9907435,-0.1354276,-0.0638961,0.1357462,0.9886811,moving,12.331451002594925,-2.2868391507150965,13.923436404283652,-3.139260927757668,0.36660800000000004,0.1628268,2.0277584,0.21340433964928948,-0.0389830862061476,0.9761858999874655,11.446970974777791,-2.0638355134903783,1.7860777725765307,1.8058350991069023,2.699892746978965
05/10/2023 16:35:18.242868,2003,True,True,True,True,Eyes,1.376882,-0.3537336,-2.933949,0.1516751,0.09271567,0.9840724,0.0,0.0,0.0,0.0,0.0,0.0,0.0,-1.178318,-0.06015569,3.045151,1.371163,-0.3547515,-2.942628,-0.06804454,-0.03223628,-0.002468157,0.9971583,352.1916,356.2989,359.9691,0.4221371,-0.1085005,-0.9000152,0,0,0,1.740849,-0.1937338,-0.9146432,0.4998859,-0.1119133,2.003224,0.9979095,-0.0005352804,0.06462524,0.009309292,0.9907277,-0.1355432,-0.06395346,0.1358615,0.9886615,moving,12.420070158757843,-2.354150451910416,14.01147232069651,-3.197596114798061,0.3696860000000002,0.16101769999999999,2.0279848,0.214904300697588,-0.04011637830643032,0.9758108615907974,11.528813012816803,-2.129461887125943,1.7811676542037607,1.8011000603150964,2.702685325250881
05/10/2023 16:35:18.253121,2004,True,True,True,True,Eyes,1.376949,-0.3537374,-2.933953,0.1530697,0.09171866,0.9839498,0.0,0.0,0.0,0.0,0.0,0.0,0.0,-1.177695,-0.05888557,3.04546,1.371189,-0.3547641,-2.94266,-0.06792043,-0.03233299,-0.002260211,0.9971642,352.2066,356.2861,359.9933,0.4221563,-0.1085005,-0.9000062,0,0,0,1.743752,-0.1961643,-0.9143451,0.5031756,-0.1139995,2.002956,0.9978989,-0.000115463,0.06478961,0.008899743,0.9907635,-0.1353095,-0.06417555,0.1356018,0.9886827,moving,12.513437841537504,-2.401254461044774,14.101825073070989,-3.2575108981491914,0.372563,0.1585998,2.0283149,0.21648723386211918,-0.04090394477337869,0.9754281108554488,11.616303862461358,-2.175624036304267,1.7837535329202903,1.804480280685095,2.7107738508077404
05/10/2023 16:35:18.272365,2005,True,True,True,True,Eyes,1.377012,-0.353743,-2.933954,0.1545071,0.09070273,0.9838194,0.0,0.0,0.0,0.0,0.0,0.0,0.0,-1.177704,-0.06081986,3.045451,1.371205,-0.354646,-2.942699,-0.06818265,-0.03233697,-0.002350854,0.997146,352.1761,356.2863,359.9839,0.4221751,-0.1085005,-0.8999974,0,0,0,1.746951,-0.1971129,-0.9142346,0.5063769,-0.1160292,2.002696,0.9978976,-0.0002786488,0.06480993,0.009097929,0.9906912,-0.1358241,-0.06416877,0.1361281,0.9886109,moving,12.59828550813385,-2.487727697759909,14.189698978993103,-3.3158103442882947,0.3757459999999999,0.1575331,2.0284644000000003,0.2179182457384602,-0.04236223830728166,0.975047239848456,11.693494239564506,-2.2597132522971717,1.7736172055075028,1.7939670299963013,2.710420478239105
05/10/2023 16:35:18.293016,2006,True,True,True,True,Eyes,1.377073,-0.3537486,-2.933951,0.1558915,0.08972,0.9836911,0.0,0.0,0.0,0.0,0.0,0.0,0.0,-1.177871,-0.0629302,3.045293,1.371246,-0.3546821,-2.942624,-0.06848067,-0.03232285,-0.002493161,0.9971257,352.1414,356.2888,359.9685,0.4221937,-0.1085005,-0.8999887,0,0,0,1.750206,-0.1980905,-0.9140308,0.5095331,-0.1180304,2.00244,0.997898,-0.0005450088,0.06480134,0.009398969,0.9906083,-0.1364065,-0.06411841,0.1367288,0.9885312,moving,12.677930214155037,-2.5753146831372993,14.27628825703886,-3.373298683942236,0.37895999999999996,0.1565916,2.0285932,0.2192594244281492,-0.04383922497728224,0.9746812020062193,11.765610796321997,-2.344837872110935,1.766600182576716,1.786484508410879,2.7131592200282633
05/10/2023 16:35:18.302526,2007,True,True,True,True,Eyes,1.377114,-0.353755,-2.933952,0.1573539,0.08867033,0.9835534,0.0,0.0,0.0,0.0,0.0,0.0,0.0,-1.178357,-0.06389013,3.045015,1.371238,-0.3546806,-2.942556,-0.06847811,-0.03226091,-0.00288302,0.9971268,352.1403,356.2991,359.923,0.422212,-0.1085006,-0.8999801,0,0,0,1.753698,-0.200529,-0.913755,0.5127795,-0.120089,2.002175,0.9979019,-0.001331139,0.06473128,0.0101678,0.9906049,-0.1363767,-0.06394159,0.1367487,0.98854,moving,12.75561620594639,-2.6265094560474496,14.365317369046299,-3.4324470250792336,0.38246,0.1541516,2.028801,0.22057237645599173,-0.04469653716333226,0.9743459417625969,11.83777024493861,-2.394828970899283,1.7797030034645918,1.800186990193535,2.732241880021831
05/10/2023 16:35:18.322484,2008,True,True,True,True,Eyes,1.377151,-0.3537608,-2.933951,0.1587525,0.0876568,0.9834195,0.0,0.0,0.0,0.0,0.0,0.0,0.0,-1.178855,-0.06284255,3.044857,1.371175,-0.3546614,-2.9426,-0.06821339,-0.03217958,-0.003093338,0.9971468,352.1699,356.3103,359.8971,0.4222294,-0.1085009,-0.8999719,0,0,0,1.757087,-0.2037791,-0.9135469,0.5159089,-0.1220732,2.001921,0.9979098,-0.001778869,0.06459755,0.01055918,0.9906747,-0.1358384,-0.06375351,0.1362366,0.9886228,moving,12.8275201032437,-2.6492524317928523,14.45108312152637,-3.489463096211131,0.38591200000000003,0.15088230000000002,2.0290531,0.22179123875807039,-0.04507051331821679,0.974051989917444,11.905866255340506,-2.4173201651783436,1.806253189297019,1.8280893946788652,2.7618145050818614
05/10/2023 16:35:18.342502,2009,True,True,True,True,Eyes,1.377152,-0.3537735,-2.933953,0.16018,0.08660281,0.9832814,0.0,0.0,0.0,0.0,0.0,0.0,0.0,-1.178362,-0.06169626,3.045009,1.371112,-0.3546538,-2.942566,-0.06809917,-0.0322424,-0.002908838,0.9971533,352.1837,356.3016,359.9185,0.4222461,-0.1085013,-0.899964,0,0,0,1.759887,-0.2060714,-0.9132213,0.5190444,-0.1240614,2.001666,0.9979039,-0.001409753,0.06469741,0.01019248,0.9907081,-0.135623,-0.06390505,0.1359982,0.9886458,moving,12.919026806543835,-2.7004862136227,14.536975056883367,-3.546602541352977,0.38877499999999987,0.14858240000000003,2.0293447,0.22333790841998596,-0.04592485504689088,0.9736586039456353,11.991344350496483,-2.4674534875451846,1.8033758340359614,1.825833886427931,2.764922851298756
05/10/2023 16:35:18.352519,2010,True,True,True,True,Eyes,1.377155,-0.3537876,-2.933954,0.1615568,0.08557434,0.9831462,0.0,0.0,0.0,0.0,0.0,0.0,0.0,-1.177484,-0.06027338,3.045436,1.371129,-0.3547629,-2.942606,-0.06798781,-0.03237682,-0.002645571,0.9971572,352.1974,356.2841,359.9495,0.4222611,-0.108502,-0.8999569,0,0,0,1.762556,-0.2084405,-0.9129142,0.5222597,-0.1261002,2.001405,0.9978895,-0.000873642,0.06492928,0.009678558,0.9907413,-0.1354178,-0.06420982,0.1357604,0.9886588,moving,13.015975407798209,-2.7524488353556187,14.625002963931568,-3.60520309676974,0.39142699999999997,0.1463224,2.0296918,0.2249760516495274,-0.04678977229633914,0.9732402125168081,12.082028802952381,-2.518331322935416,1.7978964306359004,1.8210325386319801,2.765503179561645
05/10/2023 16:35:18.373207,2011,True,True,True,True,Eyes,1.377132,-0.3538032,-2.933956,0.1629936,0.08450972,0.9830011,0.0,0.0,0.0,0.0,0.0,0.0,0.0,-1.178006,-0.05845988,3.04526,1.371157,-0.354809,-2.942577,-0.06775033,-0.03229087,-0.002520049,0.9971766,352.2251,356.2931,359.9624,0.4222746,-0.108503,-0.8999504,0,0,0,1.766093,-0.2113679,-0.9126685,0.5254316,-0.1281117,2.001147,0.9979019,-0.0006504336,0.06474086,0.0094013,0.9908071,-0.1349553,-0.06405792,0.1352808,0.9887344,moving,13.09060032858596,-2.7889764908635226,14.71179972059726,-3.663027458065854,0.39493599999999995,0.1434411,2.0299085,0.22623697868302858,-0.04739602117202734,0.9729185041256455,12.152016068033086,-2.554145404155501,1.8176183062583986,1.8418068742202958,2.789643661369534
05/10/2023 16:35:18.393047,2012,True,True,True,True,Eyes,1.37711,-0.3538173,-2.933961,0.1643711,0.08348324,0.9828594,0.0,0.0,0.0,0.0,0.0,0.0,0.0,-1.178693,-0.05718866,3.045031,1.371141,-0.3548022,-2.9426,-0.06758437,-0.03217085,-0.002417324,0.9971919,352.2446,356.3062,359.9727,0.4222861,-0.1085045,-0.8999448,0,0,0,1.769852,-0.2140562,-0.9125153,0.5287299,-0.1302029,2.000878,0.9979184,-0.0004725786,0.06448776,0.009169564,0.990853,-0.1346336,-0.06383427,0.1349447,0.9887948,moving,13.157896177715966,-2.8311500479215495,14.80201093957741,-3.7231522731817233,0.39871100000000004,0.140746,2.0300847,0.22737189128445728,-0.04809908634514155,0.9726193556530524,12.214639870611471,-2.595352355423229,1.8453684350402695,1.8705029591101476,2.822485022638387
05/10/2023 16:35:18.411474,2013,True,True,True,True,Eyes,1.377094,-0.3538287,-2.933967,0.1657793,0.08241696,0.9827129,0.0,0.0,0.0,0.0,0.0,0.0,0.0,-1.178517,-0.05616045,3.045179,1.371138,-0.3547827,-2.942665,-0.06748737,-0.03218983,-0.002230872,0.9971983,352.2564,356.3026,359.994,0.4222959,-0.1085062,-0.8999401,0,0,0,1.773041,-0.2163518,-0.9123232,0.5320097,-0.1322826,2.000611,0.9979177,-0.0001044308,0.06450038,0.008794057,0.990881,-0.1344529,-0.06389817,0.1347402,0.9888185,moving,13.243272466369683,-2.885538781339853,14.891662327578805,-3.7829533559066935,0.4019030000000001,0.1384309,2.0303418,0.2288108511931533,-0.04900536735056613,0.972236619233015,12.294041950519379,-2.648483836534276,1.8510681180038462,1.8768436411118563,2.834546297681419
05/10/2023 16:35:18.423332,2014,True,True,True,True,Eyes,1.37708,-0.3538409,-2.933974,0.1671363,0.08139771,0.982568,0.0,0.0,0.0,0.0,0.0,0.0,0.0,-1.178798,-0.05598232,3.045095,1.371173,-0.354721,-2.942679,-0.06746938,-0.03214696,-0.00218134,0.997201,352.2587,356.3072,-0.0007284243,0.4223042,-0.1085081,-0.899936,0,0,0,1.776358,-0.2183106,-0.9121535,0.5351239,-0.1342574,2.000358,0.9979236,-1.259821e-05,0.06440829,0.008688338,0.9908863,-0.1344208,-0.0638196,0.1347013,0.9888289,moving,13.318358799992799,-2.9432633559166925,14.976736562350165,-3.8397441914039905,0.40518500000000013,0.13641040000000001,2.0305255,0.2300737720425206,-0.04996956929293972,0.9718894516135764,12.363349358667028,-2.7047565611258366,1.8590049777975417,1.8851776285213628,2.849208591391509
05/10/2023 16:35:18.442636,2015,True,True,True,True,Eyes,1.377055,-0.3538555,-2.933981,0.1685424,0.08034091,0.9824148,0.0,0.0,0.0,0.0,0.0,0.0,0.0,-1.179219,-0.05614969,3.044956,1.371184,-0.3547576,-2.942698,-0.06752122,-0.03207704,-0.00214199,0.9971999,352.2528,356.315,0.003456569,0.4223112,-0.1085102,-0.8999324,0,0,0,1.779982,-0.2202389,-0.9120153,0.5384612,-0.1363734,2.000087,0.9979329,5.977788e-05,0.06426369,0.008603745,0.9908726,-0.1345269,-0.06368518,0.1348017,0.988824,moving,13.393354227413147,-3.011036280232335,15.06785347441695,-3.9006030031702994,0.408798,0.13451870000000002,2.0306827,0.2313324111933654,-0.051103469265777315,0.971531673511931,12.432036046204765,-2.7707253146001065,1.8697339521617378,1.8961214841815628,2.867779124339219
05/10/2023 16:35:18.462779,2016,True,True,True,True,Eyes,1.377032,-0.3538694,-2.933986,0.1698896,0.07933076,0.9822648,0.0,0.0,0.0,0.0,0.0,0.0,0.0,-1.179239,-0.05661887,3.044969,1.371216,-0.3547942,-2.942708,-0.06760586,-0.03207856,-0.002139444,0.9971941,352.2431,356.3147,0.004077581,0.4223167,-0.1085126,-0.8999296,0,0,0,1.783115,-0.2219203,-0.9118322,0.541574,-0.1383469,1.999833,0.9979328,7.051637e-05,0.06426638,0.008604279,0.9908497,-0.134695,-0.06368782,0.1349696,0.9888009,moving,13.473093760444321,-3.079049751821088,15.152801823070648,-3.957372723895808,0.411899,0.13287390000000002,2.0308758,0.23267058193561801,-0.05223955321610456,0.9711515908296194,12.505282448690076,-2.8369620957153443,1.8690188425125052,1.8954868553820303,2.874835441109671
05/10/2023 16:35:18.477718,2017,True,True,True,True,Eyes,1.376996,-0.3538856,-2.933992,0.17129,0.07827186,0.9821065,0.0,0.0,0.0,0.0,0.0,0.0,0.0,-1.179098,-0.05714247,3.04499,1.371227,-0.3547925,-2.942679,-0.06767511,-0.03210561,-0.002180381,0.9971884,352.235,356.3119,-0.0001734928,0.4223211,-0.1085151,-0.8999272,0,0,0,1.786203,-0.2237181,-0.9115744,0.5447686,-0.1403727,1.999573,0.997929,-3.000179e-06,0.06432579,0.008694003,0.9908307,-0.1348297,-0.06373557,0.1351097,0.9887786,moving,13.55884924697287,-3.1470839850969323,15.239929129848544,-4.01565234651374,0.414976,0.1310744,2.0311046,0.23410979097969323,-0.053373716366289584,0.9707439300241878,12.584326062505468,-2.903264434012101,1.8655856900772587,1.8922052137819438,2.879172540707088
05/10/2023 16:35:18.493047,2018,True,True,True,True,Eyes,1.376961,-0.3539023,-2.933998,0.1726328,0.07725452,0.981952,0.0,0.0,0.0,0.0,0.0,0.0,0.0,-1.179011,-0.05759358,3.045032,1.371261,-0.3548266,-2.942677,-0.06772577,-0.03212872,-0.002249457,0.997184,352.229,356.3097,359.9922,0.422324,-0.1085179,-0.8999255,0,0,0,1.789414,-0.225709,-0.911334,0.5480484,-0.1424524,1.999306,0.9979253,-0.0001343602,0.0643812,0.008838131,0.9908163,-0.1349256,-0.06377181,0.1352147,0.9887619,moving,13.640728028281936,-3.209914999039491,15.329329102241195,-4.075489875608612,0.418153,0.1291176,2.031343,0.2354835012890398,-0.05441963402705865,0.9703535947546578,12.659909270214108,-2.9645163003811548,1.870538306241132,1.8975229784969696,2.891377617066508
05/10/2023 16:35:18.511086,2019,True,True,True,True,Eyes,1.376916,-0.3539219,-2.934009,0.17402,0.07620946,0.9817888,0.0,0.0,0.0,0.0,0.0,0.0,0.0,-1.178937,-0.05778104,3.045067,1.371263,-0.3548527,-2.942683,-0.06773394,-0.03214416,-0.002312574,0.9971828,352.2278,356.3084,359.9851,0.4223256,-0.108521,-0.8999243,0,0,0,1.792617,-0.2278548,-0.9110978,0.551321,-0.1445276,1.99904,0.9979228,-0.0002576155,0.06442049,0.008966617,0.9908136,-0.1349375,-0.06379393,0.1352349,0.9887577,moving,13.724330614966512,-3.2695692426245984,15.418477392455255,-4.135204113315456,0.421354,0.12699790000000002,2.0315852000000003,0.23688620548113704,-0.055410455722151926,0.9699560284097131,12.737322460493713,-3.022715608457635,1.8750249937156884,1.9024870651416979,2.902795625362297
05/10/2023 16:35:18.527891,2020,True,True,True,True,Eyes,1.376873,-0.3539421,-2.934018,0.1753523,0.07520031,0.9816295,0.0,0.0,0.0,0.0,0.0,0.0,0.0,-1.179035,-0.05755752,3.045139,1.371251,-0.3549104,-2.942791,-0.06768103,-0.03212775,-0.002367737,0.9971868,352.2337,356.3108,359.9784,0.4223258,-0.1085244,-0.8999237,0,0,0,1.795607,-0.2300649,-0.9109976,0.5542662,-0.1463951,1.998801,0.9979244,-0.0003732734,0.06439523,0.009071028,0.9908274,-0.1348291,-0.06375422,0.1351334,0.9887742,moving,13.800990198787739,-3.3203033308861,15.4986590872155,-4.188946856530962,0.42435599999999996,0.12484550000000003,2.0317934,0.23817253229185278,-0.05625108696538648,0.9695925180644366,12.808517074834098,-3.072254377131541,1.878989595477235,1.906992718753873,2.9127076990880303
05/10/2023 16:35:18.542957,2021,True,True,True,True,Eyes,1.376829,-0.3539618,-2.934028,0.176713,0.07413526,0.9814665,0.0,0.0,0.0,0.0,0.0,0.0,0.0,-1.179132,-0.05719367,3.045095,1.371253,-0.354941,-2.942772,-0.06761527,-0.03211396,-0.002394211,0.9971917,352.2411,356.3126,359.975,0.4223248,-0.1085281,-0.8999238,0,0,0,1.798944,-0.232492,-0.9107447,0.5575547,-0.1484803,1.998533,0.9979259,-0.0004321872,0.06437132,0.009117763,0.9908448,-0.134697,-0.06372377,0.1350045,0.9887938,moving,13.879726880817701,-3.37353657676939,15.588144579078826,-4.248963420016084,0.42769100000000004,0.122449,2.0320273,0.23949272722996787,-0.057132799937227,0.9692157079524676,12.88158105386237,-3.124220564813843,1.890941829023715,1.91965184072756,2.9309610380147704
05/10/2023 16:35:18.556568,2022,True,True,True,True,Eyes,1.376787,-0.3539785,-2.934039,0.1780123,0.07312451,0.9813075,0.0,0.0,0.0,0.0,0.0,0.0,0.0,-1.178805,-0.05549338,3.045282,1.371272,-0.3549258,-2.942795,-0.06738566,-0.03216492,-0.002259497,0.9972059,352.268,356.3058,359.9901,0.4223226,-0.1085321,-0.8999243,0,0,0,1.802064,-0.2353883,-0.9104472,0.5608692,-0.1505821,1.998263,0.9979206,-0.0001714586,0.06445462,0.008841277,0.9909081,-0.1342494,-0.06384559,0.1345401,0.9888491,moving,13.962185981654544,-3.4086520388658297,15.67828210276737,-4.309464315856171,0.43079200000000006,0.11953750000000002,2.0323477999999997,0.24087939379105894,-0.057706401775791255,0.9688380005507746,12.959194002094279,-3.1587311514063336,1.9080469658265826,1.9381559935348374,2.9525627707106823
05/10/2023 16:35:18.572514,2023,True,True,True,True,Eyes,1.376741,-0.3539978,-2.934051,0.1793491,0.07208473,0.981141,0.0,0.0,0.0,0.0,0.0,0.0,0.0,-1.178279,-0.05603892,3.045518,1.371296,-0.3548745,-2.942835,-0.06751115,-0.03224893,-0.002149421,0.9971949,352.254,356.2952,0.003905445,0.4223194,-0.1085362,-0.8999254,0,0,0,1.804778,-0.2366542,-0.9102414,0.5639042,-0.1525065,1.998017,0.9979108,6.754184e-05,0.06460715,0.008641108,0.9908752,-0.1345049,-0.06402671,0.1347822,0.9888045,moving,14.051315782973047,-3.4859890021819497,15.760761008248412,-4.364861965520105,0.4334819999999999,0.11822029999999997,2.0325936000000002,0.2423679958103827,-0.05899153302227067,0.968389241725415,13.040996312069495,-3.234036212109657,1.8923109532910367,1.9221396057267885,2.9454858490845788
05/10/2023 16:35:18.592729,2024,True,True,True,True,Eyes,1.376696,-0.3540193,-2.934061,0.1806421,0.07107522,0.9809774,0.0,0.0,0.0,0.0,0.0,0.0,0.0,-1.178155,-0.05727491,3.045626,1.371386,-0.3549254,-2.942872,-0.06760868,-0.03229647,-0.002418477,0.9971862,352.2418,356.2917,359.9736,0.4223152,-0.1085405,-0.8999268,0,0,0,1.807771,-0.2385671,-0.9100258,0.5670189,-0.1544813,1.997764,0.9979022,-0.0004563006,0.06473821,0.009190385,0.9908465,-0.1346807,-0.06408416,0.1349931,0.988772,moving,14.133252241390906,-3.5489190109428472,15.845361367434975,-4.421717387211922,0.436385,0.1163583,2.0328462,0.24373742256685058,-0.06003387193491056,0.9679813621977386,13.116629858236125,-3.29538404549832,1.8916501914764547,1.9217426115641294,2.952050549355543
05/10/2023 16:35:18.611335,2025,True,True,True,True,Eyes,1.376636,-0.3540395,-2.934071,0.18201,0.07004443,0.9807987,0.0,0.0,0.0,0.0,0.0,0.0,0.0,-1.178988,-0.05676213,3.045267,1.371385,-0.3549975,-2.942816,-0.06749471,-0.0321657,-0.002525869,0.9971979,352.2545,356.3077,359.9598,0.4223102,-0.108545,-0.8999286,0,0,0,1.811479,-0.2412608,-0.9098286,0.5702112,-0.1565056,1.997504,0.997918,-0.000695552,0.0644921,0.00937961,0.9908761,-0.1344487,-0.06381017,0.1347737,0.9888197,moving,14.198925671085412,-3.592602321253182,15.93202343230077,-4.4800052969382005,0.440094,0.11373670000000002,2.0329874,0.24483608888255085,-0.0607545184642351,0.9676590981655622,13.177609837911781,-3.33803564089648,1.9160087216862176,1.947077782520337,2.9817593706191174
05/10/2023 16:35:18.627609,2026,True,True,True,True,Eyes,1.376578,-0.3540572,-2.934081,0.1833169,0.06905934,0.9806252,0.0,0.0,0.0,0.0,0.0,0.0,0.0,-1.178574,-0.05640084,3.045422,1.371339,-0.3549435,-2.942832,-0.06745103,-0.03222324,-0.002462131,0.9971991,352.2597,356.3006,359.9674,0.422304,-0.1085498,-0.8999309,0,0,0,1.814403,-0.243368,-0.909566,0.5734202,-0.1585403,1.997242,0.9979112,-0.0005634882,0.06459811,0.009257452,0.9908887,-0.1343655,-0.06393383,0.1346829,0.9888241,moving,14.282951081925372,-3.6460817490915294,16.01909107530096,-4.538600095350816,0.4430639999999999,0.11157550000000002,2.0332660000000002,0.24624161117605994,-0.061635061047873904,0.9672467365243101,13.255758153173408,-3.390279414822426,1.9203452868010211,1.952119636448442,2.992431991515125
05/10/2023 16:35:18.642632,2027,True,True,True,True,Eyes,1.376548,-0.3540754,-2.934086,0.1846856,0.06805265,0.9804387,0.0,0.0,0.0,0.0,0.0,0.0,0.0,-1.178122,-0.05667019,3.045593,1.37135,-0.3549028,-2.942832,-0.06750161,-0.03229723,-0.002427795,0.9971935,352.254,356.2918,359.9721,0.4222968,-0.1085546,-0.8999337,0,0,0,1.817474,-0.2452378,-0.9092798,0.5767893,-0.160677,1.996969,0.997902,-0.0004817311,0.06474093,0.009202192,0.9908752,-0.1344675,-0.06408542,0.1347811,0.9888008,moving,14.372699530757515,-3.7109808707261562,16.110429623397977,-4.600133675360946,0.44612399999999997,0.10966500000000001,2.0335522,0.24773984139512267,-0.06270590546646326,0.9667951793850766,13.338816604466883,-3.4535865661840215,1.9198019699651396,1.9519986129242357,2.9994014403327696
05/10/2023 16:35:18.656790,2028,True,True,True,True,Eyes,1.376521,-0.3540916,-2.934091,0.1860014,0.06707968,0.980257,0.0,0.0,0.0,0.0,0.0,0.0,0.0,-1.178212,-0.0557673,3.045515,1.371392,-0.3549589,-2.942744,-0.06740535,-0.03228574,-0.002328037,0.9972005,352.2654,356.2924,359.9832,0.4222895,-0.1085596,-0.8999365,0,0,0,1.820615,-0.2475358,-0.9089763,0.5798445,-0.1626137,1.99672,0.9979045,-0.0002905764,0.06470455,0.008995501,0.9909022,-0.134283,-0.06407686,0.1345836,0.9888283,moving,14.449265265118706,-3.758679346292877,16.1932180846462,-4.655916529457033,0.44922300000000015,0.10742310000000002,2.0337677,0.2490192155213325,-0.0634892315061482,0.9664153031196066,13.410081815353815,-3.5001952405563865,1.9282319541062118,1.9612256370928485,3.0135592230896866
05/10/2023 16:35:18.672976,2029,True,True,True,True,Eyes,1.376528,-0.3541092,-2.934095,0.1873774,0.06607971,0.9800628,0.0,0.0,0.0,0.0,0.0,0.0,0.0,-1.178414,-0.0552662,3.045438,1.371409,-0.3549273,-2.942732,-0.06732185,-0.03225546,-0.002319068,0.9972072,352.2751,356.2958,359.9837,0.4222822,-0.1085646,-0.8999394,0,0,0,1.823867,-0.249831,-0.9087577,0.5829648,-0.1645924,1.996466,0.9979085,-0.0002821882,0.064643,0.008968176,0.9909248,-0.1341181,-0.0640185,0.1344173,0.9888547,moving,14.52721608561037,-3.807100077122344,16.277717869851674,-4.712913403346286,0.4524579999999998,0.1050963,2.0339742999999997,0.2503210244713901,-0.06428363818225806,0.9660263498569438,13.482643685371007,-3.547511376305004,1.9371464418304232,1.9709780005359956,3.0283001141535153
05/10/2023 16:35:18.692803,2030,True,True,True,True,Eyes,1.376536,-0.3541234,-2.934099,0.1886957,0.06511959,0.9798741,0.0,0.0,0.0,0.0,0.0,0.0,0.0,-1.178473,-0.05477434,3.045443,1.371438,-0.3550198,-2.942727,-0.06729138,-0.0322464,-0.002234796,0.9972097,352.2789,356.2962,359.9932,0.4222757,-0.1085696,-0.8999418,0,0,0,1.827211,-0.2520582,-0.908533,0.5862455,-0.1666728,1.996199,0.9979103,-0.0001173112,0.06461361,0.00879693,0.9909337,-0.1340631,-0.06401208,0.1343514,0.9888641,moving,14.604364361710687,-3.8613485136021355,16.366505687269495,-4.772845192480629,0.455773,0.10296159999999999,2.0341940000000003,0.2516069477919552,-0.06517580405275655,0.965632403370952,13.554122862915701,-3.6004452096144335,1.9493515282350062,1.9839274802393048,3.046968800389147
05/10/2023 16:35:18.703362,2031,True,True,True,True,Eyes,1.376579,-0.3541337,-2.9341,0.1900904,0.06412775,0.9796699,0.0,0.0,0.0,0.0,0.0,0.0,0.0,-1.178378,-0.05544287,3.045486,1.371448,-0.3549521,-2.94275,-0.06732929,-0.0322705,-0.002378446,0.997206,352.274,356.2946,359.977,0.42227,-0.1085745,-0.8999439,0,0,0,1.830167,-0.2539426,-0.9083198,0.5893068,-0.1686138,1.99595,0.9979059,-0.0003981028,0.06468095,0.009089101,0.9909222,-0.1341288,-0.06404039,0.1344358,0.9888507,moving,14.689926349991316,-3.9193932193865426,16.449303190540967,-4.8287659277763,0.4587190000000001,0.10100949999999997,2.0344302,0.2530327805699714,-0.06612861012324316,0.9651949338545189,13.633509961118735,-3.6571061307881996,1.9454660905247478,1.9804962988671788,3.049832485684792
05/10/2023 16:35:18.724003,2032,True,True,True,True,Eyes,1.37662,-0.3541448,-2.934101,0.1914264,0.06318047,0.9794714,0.0,0.0,0.0,0.0,0.0,0.0,0.0,-1.178703,-0.05637822,3.045269,1.371444,-0.3549151,-2.942679,-0.06743737,-0.03222173,-0.002482325,0.9972001,352.2612,356.3009,359.965,0.4222659,-0.1085792,-0.8999452,0,0,0,1.833683,-0.2557164,-0.9080771,0.5926443,-0.1707301,1.995679,0.9979112,-0.0006048527,0.06459781,0.009296646,0.9908921,-0.1343371,-0.0639282,0.1346571,0.9888279,moving,14.763867253447998,-3.984007575408278,16.539510360908267,-4.889741300504085,0.46223899999999984,0.09919869999999997,2.0346019,0.25426004264453733,-0.06719469910897118,0.9647988209727422,13.701347848527268,-3.720018867768693,1.9578999167318154,1.9933042983566474,3.069758462213147
05/10/2023 16:35:18.742647,2033,True,True,True,True,Eyes,1.37666,-0.3541576,-2.9341,0.1928103,0.06219562,0.9792629,0.0,0.0,0.0,0.0,0.0,0.0,0.0,-1.178561,-0.05715272,3.045309,1.371438,-0.3549453,-2.942677,-0.0675287,-0.03224859,-0.002580494,0.9971927,352.2504,356.2986,359.9543,0.4222632,-0.1085836,-0.8999459,0,0,0,1.836595,-0.2574264,-0.9078505,0.5956877,-0.1726601,1.995431,0.9979067,-0.0007910882,0.06466464,0.009501912,0.9908665,-0.1345118,-0.06396762,0.1348447,0.9887998,moving,14.8493839182023,-4.049012912522959,16.621723296655976,-4.945355823321285,0.46515700000000004,0.09751890000000002,2.0348265000000003,0.255681168083265,-0.06826281072913722,0.9643481027142737,13.780321974937674,-3.783396496269566,1.950545790483267,1.9861061115046141,3.0698063373419817
05/10/2023 16:35:18.753101,2034,True,True,True,True,Eyes,1.376697,-0.3541702,-2.9341,0.1941354,0.06124167,0.9790612,0.0,0.0,0.0,0.0,0.0,0.0,0.0,-1.178748,-0.05746853,3.04521,1.371481,-0.3549801,-2.942632,-0.06754307,-0.03223044,-0.002687304,0.9971921,352.2483,356.3015,359.9419,0.4222618,-0.108588,-0.899946,0,0,0,1.839896,-0.2595676,-0.9075955,0.5988897,-0.1746903,1.995171,0.997908,-0.001005629,0.0646429,0.009713401,0.9908614,-0.1345336,-0.06391686,0.1348801,0.9887983,moving,14.926134676113662,-4.103098364859001,16.708159331317244,-5.0038603412622,0.468415,0.09541250000000001,2.0350365000000004,0.2569570155617353,-0.06914888715593148,0.9639457726354171,13.851426662338389,-3.836170040944451,1.9604750769766974,1.996743351031184,3.0861662592069163
05/10/2023 16:35:18.772830,2035,True,True,True,True,Eyes,1.376741,-0.3541806,-2.9341,0.1955183,0.06025364,0.9788473,0.0,0.0,0.0,0.0,0.0,0.0,0.0,-1.178507,-0.05696911,3.045344,1.371461,-0.3549884,-2.942672,-0.06744454,-0.03226849,-0.00272317,0.9971974,352.2595,356.2974,359.9377,0.4222615,-0.1085923,-0.8999457,0,0,0,1.842971,-0.2621003,-0.9073521,0.6021545,-0.1767605,1.994905,0.9979027,-0.00107841,0.06472343,0.009783744,0.9908876,-0.1343353,-0.06398878,0.1346868,0.98882,moving,15.012559307773026,-4.147984365880616,16.796240406645467,-5.06352468764844,0.4715099999999999,0.09288809999999997,2.0353199,0.2583976065398334,-0.0698762408360288,0.963508137685687,13.932343315150474,-3.8801392619404056,1.9674660886774455,2.004927016940399,3.098759044593765
05/10/2023 16:35:18.792864,2036,True,True,True,True,Eyes,1.376781,-0.3541908,-2.934099,0.1968454,0.0593028,0.9786394,0.0,0.0,0.0,0.0,0.0,0.0,0.0,-1.178629,-0.05704284,3.045255,1.371422,-0.3549445,-2.942655,-0.06743487,-0.03224413,-0.002760385,0.9971987,352.2605,356.3005,359.9331,0.4222623,-0.1085963,-0.8999448,0,0,0,1.846248,-0.2642054,-0.9071286,0.605384,-0.1788082,1.994642,0.9979054,-0.001156548,0.0646799,0.009854062,0.9908898,-0.1343139,-0.06393531,0.13467,0.9888257,moving,15.088753368531185,-4.200984052372686,16.88331086675174,-5.1225451143291805,0.47482599999999997,0.09073910000000002,2.0355263999999997,0.25966279884978566,-0.07074262084543281,0.9631047301881425,14.002969049177237,-3.931860823708806,1.979091890937681,2.0173525733827478,3.1167447867925486
05/10/2023 16:35:18.803089,2037,True,True,True,True,Eyes,1.376812,-0.3542045,-2.934099,0.1982192,0.05833366,0.9784204,0.0,0.0,0.0,0.0,0.0,0.0,0.0,-1.17857,-0.05678996,3.045245,1.37138,-0.3549508,-2.942635,-0.06740218,-0.03224634,-0.002742087,0.9972008,352.2643,356.3001,359.9351,0.422264,-0.1086003,-0.8999436,0,0,0,1.849434,-0.2664033,-0.9068764,0.6086304,-0.1808668,1.994378,0.9979053,-0.001121874,0.06468181,0.009815769,0.9908988,-0.1342502,-0.06394253,0.1346039,0.9888342,moving,15.170737302153393,-4.2538913505109175,16.970776186134955,-5.181883376572735,0.478054,0.0885475,2.0357586000000003,0.2610245493588547,-0.07160469664380092,0.9626728926921914,14.079180095917085,-3.983537041475652,1.9860582958858854,2.0251689273440636,3.1300737831245904
05/10/2023 16:35:18.827314,2038,True,True,True,True,Eyes,1.376841,-0.3542179,-2.934098,0.1995355,0.05740209,0.9782079,0.0,0.0,0.0,0.0,0.0,0.0,0.0,-1.178466,-0.0562174,3.0453,1.371343,-0.355027,-2.942647,-0.06739457,-0.03224884,-0.002564348,0.9972019,352.2658,356.2985,359.9556,0.4222663,-0.1086042,-0.899942,0,0,0,1.852674,-0.2684154,-0.9066698,0.6119084,-0.1829453,1.994112,0.9979069,-0.0007675521,0.06466285,0.009461138,0.9909028,-0.1342466,-0.06397156,0.1345773,0.9888359,moving,15.249373018651747,-4.311934234410375,17.059029143250836,-5.241798433712649,0.48133099999999995,0.08661159999999996,2.0359772,0.2623274897622068,-0.072553323818001,0.9622475848954093,14.15189159249294,-4.040143794214474,1.9948139430995218,2.034576790991938,3.1456990656536283
05/10/2023 16:35:18.842671,2039,True,True,True,True,Eyes,1.376872,-0.3542325,-2.934098,0.2008979,0.05643376,0.9779853,0.0,0.0,0.0,0.0,0.0,0.0,0.0,-1.178221,-0.05531159,3.045383,1.371347,-0.3550352,-2.942615,-0.06732802,-0.03228061,-0.002369086,0.9972058,352.2742,356.2933,359.9781,0.4222691,-0.1086081,-0.8999403,0,0,0,1.855663,-0.2704627,-0.9063944,0.6150125,-0.1849134,1.993859,0.9979047,-0.0003781545,0.06469984,0.009071711,0.9909227,-0.1341268,-0.06406181,0.1344327,0.9888498,moving,15.333977471984753,-4.365876092055185,17.142554070197455,-5.298538210171885,0.48431599999999997,0.0845725,2.0362206,0.26373109764030633,-0.07343007655444304,0.9617972314905491,14.230573468421188,-4.0928381971791215,1.9944304995114814,2.0348975252264085,3.1517207278647046
05/10/2023 16:35:18.852911,2040,True,True,True,True,Eyes,1.376902,-0.3542459,-2.934098,0.2022093,0.05550667,0.9777681,0.0,0.0,0.0,0.0,0.0,0.0,0.0,-1.178348,-0.05473319,3.045389,1.371401,-0.3550646,-2.942632,-0.067301,-0.03226112,-0.002217504,0.9972086,352.2778,356.2944,-0.004638138,0.4222724,-0.108612,-0.8999382,0,0,0,1.85906,-0.2725183,-0.9062115,0.6182682,-0.1869777,1.993594,0.9979087,-8.021736e-05,0.06464061,0.008765039,0.9909313,-0.1340832,-0.06404366,0.1343693,0.9888596,moving,15.409766968644021,-4.420863223666856,17.23009745098859,-5.3580546979218004,0.48765899999999984,0.08254630000000002,2.0364205,0.2649854703460797,-0.0743265846982646,0.9613835385064318,14.300703832850244,-4.146474593918984,2.0061808506356362,2.047420553860142,3.170058882482335
05/10/2023 16:35:18.880794,2041,True,True,True,True,Eyes,1.376929,-0.3542611,-2.934098,0.2035902,0.05453578,0.9775361,0.0,0.0,0.0,0.0,0.0,0.0,0.0,-1.178685,-0.0550245,3.045277,1.371414,-0.3550505,-2.942652,-0.06734129,-0.0322082,-0.00223327,0.9972076,352.2732,356.3006,359.9933,0.422276,-0.1086158,-0.8999361,0,0,0,1.86242,-0.2743709,-0.906071,0.6214085,-0.1889691,1.993339,0.9979153,-0.0001161851,0.0645373,0.00879195,0.9909204,-0.1341626,-0.06393573,0.1344503,0.9888556,moving,15.48614774666051,-4.481583371649623,17.314476348599936,-5.415471655664614,0.49100600000000005,0.08067960000000002,2.036581,0.26624697094931393,-0.07531822288385255,0.9609576803384174,14.371099929392647,-4.205647859426544,2.011373600334621,2.0530301516758684,3.182316508942725
05/10/2023 16:35:18.892889,2042,True,True,True,True,Eyes,1.376955,-0.3542745,-2.9341,0.2049194,0.05360019,0.9773101,0.0,0.0,0.0,0.0,0.0,0.0,0.0,-1.179312,-0.05492553,3.045012,1.371445,-0.3550886,-2.942609,-0.06731647,-0.03211302,-0.002276022,0.9972121,352.2758,356.312,359.9875,0.42228,-0.1086197,-0.8999337,0,0,0,1.866018,-0.2766058,-0.9058936,0.6245997,-0.1909927,1.99308,0.9979271,-0.0002158832,0.06435341,0.008862823,0.9909266,-0.1341114,-0.06374055,0.1344038,0.9888745,moving,15.554489858221647,-4.531962017151989,17.400164610079873,-5.473820554439861,0.49457299999999993,0.07848279999999996,2.0367154000000003,0.2673763060630345,-0.07613843463143947,0.9605794200139653,14.434296832373187,-4.254780686381724,2.0295332849795185,2.0721034708500863,3.206622814543986
05/10/2023 16:35:18.910209,2043,True,True,True,True,Eyes,1.376987,-0.3542846,-2.934103,0.2063185,0.05263396,0.9770682,0.0,0.0,0.0,0.0,0.0,0.0,0.0,-1.179639,-0.05483168,3.044935,1.371442,-0.3550574,-2.942663,-0.0672828,-0.03206001,-0.002307129,0.9972162,352.2796,356.3183,359.9834,0.4222842,-0.1086236,-0.8999313,0,0,0,1.869844,-0.2790694,-0.9057436,0.6282258,-0.1932921,1.992785,0.9979337,-0.0002872381,0.06425197,0.008915586,0.9909354,-0.134043,-0.06363105,0.1343389,0.9888904,moving,15.631841280107956,-4.583432070845022,17.497465936111332,-5.54012843885182,0.498402,0.075988,2.0369194,0.26865560961684054,-0.07697287157529722,0.9601558545890493,14.506119210213589,-4.305034901096912,2.0527304257692305,2.0966218776033783,3.2362959199589714
05/10/2023 16:35:18.922943,2044,True,True,True,True,Eyes,1.377018,-0.3542938,-2.934105,0.2076635,0.05171158,0.9768325,0.0,0.0,0.0,0.0,0.0,0.0,0.0,-1.17959,-0.05570224,3.044936,1.37137,-0.3549939,-2.942702,-0.06739223,-0.03205818,-0.002363611,0.9972087,352.2668,356.3189,359.9773,0.4222887,-0.1086274,-0.8999287,0,0,0,1.872642,-0.2804663,-0.9055988,0.6311023,-0.1951159,1.99255,0.9979334,-0.0003930842,0.06425595,0.00903497,0.9909053,-0.1342567,-0.06361879,0.1345598,0.9888611,moving,15.71229274275895,-4.648235772577251,17.574607392785435,-5.592727646884977,0.5012719999999999,0.07452759999999997,2.0371032000000002,0.26998131635656614,-0.07802875219327383,0.9596986779422657,14.58022207714978,-4.368179622460412,2.044234218555989,2.088128529649598,3.235098342031744
05/10/2023 16:35:18.943034,2045,True,True,True,True,Eyes,1.377032,-0.3543053,-2.934108,0.2090834,0.05076092,0.9765795,0.0,0.0,0.0,0.0,0.0,0.0,0.0,-1.179802,-0.05625376,3.044816,1.371372,-0.3549842,-2.942673,-0.06747099,-0.03202512,-0.002393611,0.9972043,352.2577,356.3229,359.9738,0.4222935,-0.108631,-0.899926,0,0,0,1.875939,-0.2822036,-0.9053932,0.6342744,-0.1971273,1.992293,0.9979373,-0.0004523065,0.06419417,0.009095369,0.9908839,-0.1344114,-0.06354816,0.134718,0.9888441,moving,15.793547477012751,-4.7118632608426125,17.659603174870675,-5.65073461775294,0.504567,0.07278060000000003,2.0372798000000003,0.2713198776203212,-0.07906354928864855,0.9592364349611785,14.65516155812236,-4.430195369155706,2.044698626816732,2.088933529898609,3.242897698943882
05/10/2023 16:35:18.957796,2046,True,True,True,True,Eyes,1.377045,-0.3543178,-2.93411,0.210448,0.04984768,0.9763333,0.0,0.0,0.0,0.0,0.0,0.0,0.0,-1.179846,-0.05679291,3.044798,1.371371,-0.3550075,-2.94268,-0.06755606,-0.03201815,-0.002413137,0.9971988,352.2478,356.3239,359.9719,0.4222982,-0.1086345,-0.8999234,0,0,0,1.878943,-0.2838161,-0.9052132,0.6372616,-0.1990211,1.992049,0.9979381,-0.000486715,0.06418296,0.009138795,0.9908607,-0.1345791,-0.06353086,0.1348881,0.988822,moving,15.874562348907864,-4.774375890140254,17.739607825858435,-5.7053589326559635,0.5075720000000001,0.07119139999999996,2.0374668000000002,0.27265375171609896,-0.08007869039262891,0.9587738000250162,14.729929001803285,-4.4911334553611155,2.0400527128438677,2.0844961157425055,3.245382894771878
05/10/2023 16:35:18.975783,2047,True,True,True,True,Eyes,1.377006,-0.3543339,-2.934112,0.2119748,0.04889896,0.976051,0.0,0.0,0.0,0.0,0.0,0.0,0.0,-1.18001,-0.05675328,3.044729,1.371365,-0.3550467,-2.942672,-0.06755336,-0.03199076,-0.002421313,0.9971998,352.2481,356.3271,359.9707,0.4223027,-0.1086381,-0.8999209,0,0,0,1.882341,-0.2859906,-0.9050035,0.6405638,-0.2011152,1.991781,0.9979414,-0.0005069001,0.06412949,0.009151231,0.9908614,-0.1345735,-0.06347521,0.1348833,0.9888263,moving,15.962612152717034,-4.829040830746276,17.827974123907044,-5.765758917527721,0.5109760000000001,0.06905610000000001,2.0376685,0.27410730076722944,-0.08095863204486897,0.9582853783130832,14.811893222587312,-4.544551708220232,2.0419821641433265,2.0873466548863826,3.2539347029973165
05/10/2023 16:35:18.992522,2048,True,True,True,True,Eyes,1.376968,-0.35435,-2.934114,0.2134412,0.04798384,0.9757769,0.0,0.0,0.0,0.0,0.0,0.0,0.0,-1.18005,-0.05644327,3.044676,1.371386,-0.3550428,-2.942618,-0.06749831,-0.03198885,-0.002431276,0.9972036,352.2544,356.3274,359.9693,0.4223056,-0.1086418,-0.899919,0,0,0,1.885554,-0.2882656,-0.9047225,0.6437587,-0.2031411,1.991521,0.9979416,-0.0005305679,0.064127,0.009167339,0.9908761,-0.1344635,-0.06347057,0.1347746,0.9888414,moving,16.04989550138293,-4.87568410260047,17.913414311562917,-5.824197161921996,0.514168,0.06677719999999998,2.0378955,0.27555003200846306,-0.08170368237357264,0.9578083532100401,14.893544296485768,-4.590223203746611,2.044443460393824,2.091023524400936,3.2622548394350015
05/10/2023 16:35:19.002471,2049,True,True,True,True,Eyes,1.37687,-0.3543712,-2.934117,0.2150347,0.047057,0.9754721,0.0,0.0,0.0,0.0,0.0,0.0,0.0,-1.180165,-0.05604145,3.044631,1.371395,-0.3550585,-2.942604,-0.06744065,-0.03197122,-0.002417768,0.9972081,352.2611,356.3294,359.9705,0.4223073,-0.1086457,-0.8999178,0,0,0,1.888847,-0.2905598,-0.9044986,0.6469772,-0.2051819,1.991259,0.997944,-0.0005097153,0.06409003,0.009134355,0.9908919,-0.1343501,-0.0634378,0.1346593,0.9888592,moving,16.142875034176054,-4.9233264609989185,17.999425619757,-5.883068595701542,0.517452,0.06449870000000002,2.0381054,0.27708662301717274,-0.08246216925006297,0.9572998983176658,14.980632476870099,-4.6369019260532855,2.042141040510856,2.0899485739951853,3.2658909057228493
05/10/2023 16:35:19.027444,2050,True,True,True,True,Eyes,1.376776,-0.3543905,-2.93412,0.2165634,0.04616095,0.9751766,0.0,0.0,0.0,0.0,0.0,0.0,0.0,-1.180232,-0.05549228,3.044644,1.37144,-0.3550778,-2.942611,-0.0673737,-0.03196519,-0.00236801,0.9972128,352.269,356.3297,359.976,0.4223063,-0.10865,-0.8999177,0,0,0,1.892017,-0.2927779,-0.9042926,0.6500798,-0.2071494,1.991007,0.9979452,-0.0004155948,0.06407127,0.009030045,0.9909103,-0.1342204,-0.0634331,0.1345232,0.9888781,moving,16.233294789352062,-4.96923123835847,18.08227686579164,-5.939826646769365,0.5205770000000001,0.06229990000000002,2.0383183999999996,0.27858004132763614,-0.08319170026907967,0.9568031366442391,15.06534567064176,-4.681884502865768,2.0392375084519836,2.088250503608974,3.2686835689123033
05/10/2023 16:35:19.042704,2051,True,True,True,True,Eyes,1.376652,-0.3544112,-2.934125,0.2181931,0.0452481,0.9748561,0.0,0.0,0.0,0.0,0.0,0.0,0.0,-1.180207,-0.05503076,3.044664,1.37144,-0.3550516,-2.942616,-0.06729344,-0.03196957,-0.002365948,0.9972182,352.2782,356.3292,359.976,0.422303,-0.1086546,-0.8999187,0,0,0,1.89208,-0.2931252,-0.9042778,0.6501598,-0.2072001,1.991,0.9979447,-0.0004160488,0.06407969,0.009021415,0.9909319,-0.1340612,-0.06344283,0.1343637,0.9888991,moving,16.330961338285253,-5.013156661814734,18.08441668004328,-5.941290766043414,0.52064,0.06192640000000005,2.0383382,0.28019429575774035,-0.08388416165760244,0.9562712163378416,15.157148501315778,-4.725011827146345,1.9367578349068915,1.9839451985808814,3.1698948637762747
05/10/2023 16:35:19.053257,2052,True,True,True,True,Eyes,1.376534,-0.3544313,-2.934131,0.2197537,0.04437364,0.9745457,0.0,0.0,0.0,0.0,0.0,0.0,0.0,-1.180329,-0.05520824,3.044623,1.371431,-0.3550338,-2.942632,-0.06730308,-0.03194971,-0.002406206,0.9972181,352.2769,356.3318,359.9712,0.4222968,-0.1086594,-0.8999211,0,0,0,1.892145,-0.2931171,-0.9043134,0.6501598,-0.2072002,1.991,0.9979469,-0.0004983969,0.06404553,0.009099651,0.990929,-0.1340779,-0.06339775,0.1343854,0.9888991,static,16.422101147210338,-5.0640200049204624,18.08441668004328,-5.941293612949571,0.5207139999999999,0.06191669999999999,2.0383186,0.2816956978389618,-0.08469424626325736,0.9557585722597255,15.24229262851012,-4.774784897711983,1.8347287933937977,1.879601530655388,3.0721998156090877
05/10/2023 16:35:19.072451,2053,True,True,True,True,Eyes,1.37639,-0.3544522,-2.934136,0.2213711,0.04342594,0.9742223,0.0,0.0,0.0,0.0,0.0,0.0,0.0,-1.180081,-0.05545998,3.044739,1.371433,-0.3550414,-2.942655,-0.06733545,-0.03199169,-0.00242766,0.9972146,352.2731,356.3271,359.9691,0.4222881,-0.1086646,-0.8999246,0,0,0,1.891974,-0.2930149,-0.9042947,0.6501599,-0.2072001,1.991,0.9979413,-0.0005334452,0.06413209,0.009150144,0.9909201,-0.1341404,-0.06347822,0.1344511,0.9888849,static,16.52392061391725,-5.122482253939997,18.084419280485232,-5.941290766043414,0.5205410000000001,0.062026499999999984,2.0383603,0.28337108687616286,-0.08562536180359147,0.9551801874704113,15.337326901948913,-4.831971769047243,1.7201082271856607,1.762272245668488,2.962617959391477
05/10/2023 16:35:19.092814,2054,True,True,True,True,Eyes,1.376252,-0.3544746,-2.934139,0.2229249,0.04251755,0.9739079,0.0,0.0,0.0,0.0,0.0,0.0,0.0,-1.180189,-0.05568787,3.044649,1.371424,-0.3550168,-2.942617,-0.06735584,-0.03197436,-0.002462346,0.9972135,352.2707,356.3294,359.9651,0.4222766,-0.1086701,-0.8999293,0,0,0,1.892029,-0.2929497,-0.9042752,0.6501599,-0.2072001,1.991,0.9979432,-0.0006036486,0.06410223,0.009218288,0.9909142,-0.1341788,-0.06343881,0.1344938,0.9888816,static,16.61516169830386,-5.176850649328947,18.084419280485232,-5.941290766043414,0.520605,0.06206710000000004,2.0383418,0.2848703841556861,-0.08649160212953828,0.9546559159050343,15.4223826843915,-4.8851280020775585,1.6166284400878888,1.6562265952579902,2.863899199156684
05/10/2023 16:35:19.103152,2055,True,True,True,True,Eyes,1.376072,-0.3544991,-2.934147,0.2245109,0.04159169,0.9735836,0.0,0.0,0.0,0.0,0.0,0.0,0.0,-1.180369,-0.05630749,3.044537,1.371393,-0.3550754,-2.942593,-0.06741568,-0.03194606,-0.002589852,0.9972101,352.2633,356.3336,359.9504,0.4222627,-0.1086758,-0.8999352,0,0,0,1.892095,-0.2929173,-0.9042781,0.65016,-0.2072,1.991,0.9979455,-0.0008579223,0.06406306,0.009472583,0.9908969,-0.1342897,-0.06336467,0.1346207,0.9888691,static,16.7074386346676,-5.233992341325926,18.084421880927106,-5.941287919137228,0.520702,0.062158099999999994,2.0383149,0.28638469434096436,-0.08740248450022386,0.9541198308573438,15.508289710605188,-4.9409683208637984,1.5111609190127506,1.5480148238536962,2.7635296737428803
05/10/2023 16:35:19.123165,2056,True,True,True,True,Eyes,1.375901,-0.3545189,-2.934153,0.2260247,0.04071838,0.9732702,0.0,0.0,0.0,0.0,0.0,0.0,0.0,-1.179641,-0.05488217,3.044892,1.371398,-0.3550543,-2.942641,-0.06728918,-0.03205267,-0.002312357,0.997216,352.2789,356.3192,359.9828,0.4222455,-0.108682,-0.8999425,0,0,0,1.891707,-0.2930751,-0.9042208,0.6501599,-0.2072001,1.991,0.9979346,-0.0002982431,0.06423805,0.008925432,0.9909336,-0.1340554,-0.06361566,0.1343519,0.9888896,static,16.809547034072423,-5.279001147465896,18.084419280485232,-5.941290766043414,0.5203090000000001,0.06197920000000001,2.0384202,0.2880666896956995,-0.0881055633807861,0.9535486488255697,15.604316220226826,-4.985174726797294,1.4018905730054172,1.4366373180274814,2.6580197647885915
05/10/2023 16:35:19.142781,2057,True,True,True,True,Eyes,1.375695,-0.3545427,-2.934162,0.2275756,0.03985676,0.9729444,0.0,0.0,0.0,0.0,0.0,0.0,0.0,-1.179069,-0.05639794,3.045076,1.371439,-0.3549655,-2.942623,-0.06750525,-0.03215509,-0.002356258,0.9971979,352.2539,356.3076,359.9793,0.4222256,-0.1086884,-0.8999511,0,0,0,1.891325,-0.2921534,-0.9041198,0.6501599,-0.2072001,1.991,0.997921,-0.0003580351,0.0644481,0.009040585,0.9908749,-0.1344807,-0.06381185,0.1347837,0.9888182,static,16.915128184115346,-5.353197097738522,18.084419280485232,-5.941290766043414,0.5198859999999998,0.06281209999999998,2.0385032,0.28979260647970145,-0.08929170341318962,0.9529151365445349,15.702141356976252,-5.057573176860484,1.2778049240810523,1.308852868259146,2.5409063111947963
05/10/2023 16:35:19.152912,2058,True,True,True,True,Eyes,1.375498,-0.3545669,-2.934167,0.2290707,0.03904508,0.9726264,0.0,0.0,0.0,0.0,0.0,0.0,0.0,-1.17916,-0.05940524,3.045083,1.371554,-0.354998,-2.942667,-0.06797972,-0.03215991,-0.002424017,0.9971653,352.1992,356.3074,359.9733,0.4222024,-0.1086951,-0.8999612,0,0,0,1.891412,-0.2903425,-0.9042148,0.6501597,-0.2072001,1.991,0.9979197,-0.000461848,0.06446706,0.009206734,0.9907457,-0.1354181,-0.06380792,0.13573,0.9886889,static,17.007081306291308,-5.453597670172834,18.084414079601256,-5.941290766043414,0.5198580000000002,0.06465549999999998,2.0384522,0.2912785021277022,-0.09091849938969702,0.9523080796226736,15.785441235691064,-5.1551561201293525,1.1567087341075735,1.182577887586071,2.4296674296172602
05/10/2023 16:35:19.172513,2059,True,True,True,True,Eyes,1.375249,-0.354594,-2.934171,0.2306406,0.03814844,0.9722909,0.0,0.0,0.0,0.0,0.0,0.0,0.0,-1.1799,-0.06209457,3.044654,1.371563,-0.3550392,-2.942567,-0.06829228,-0.03205607,-0.002767997,0.9971464,352.162,356.3219,359.934,0.4221764,-0.1087022,-0.8999724,0,0,0,1.891795,-0.2895286,-0.904237,0.65016,-0.2072001,1.991,0.9979295,-0.001141831,0.06430726,0.009898561,0.990657,-0.1360174,-0.06355113,0.1363723,0.9886172,static,17.09134735709414,-5.531522433286844,18.084421880927106,-5.941290766043414,0.5202319999999998,0.06551059999999997,2.03833,0.29264485503584303,-0.09217338853373519,0.9517683748333221,15.862524567277656,-5.230991607661228,1.0524344643308854,1.0742937663489314,2.3326706940331468
05/10/2023 16:35:19.192902,2060,True,True,True,True,Eyes,1.375009,-0.354621,-2.934175,0.2321506,0.03726545,0.9719657,0.0,0.0,0.0,0.0,0.0,0.0,0.0,-1.180847,-0.06146464,3.044231,1.371528,-0.3550199,-2.942515,-0.06809295,-0.03190709,-0.002996545,0.9971641,352.1841,356.341,359.9057,0.4221467,-0.1087097,-0.8999854,0,0,0,1.892333,-0.2905973,-0.9042971,0.6501598,-0.2072002,1.991,0.9979459,-0.001630799,0.06404129,0.01032139,0.9907088,-0.1356085,-0.06322512,0.1359909,0.9886906,static,17.16497211696246,-5.552840171644666,18.08441668004328,-5.941293612949571,0.520805,0.0644226,2.0382179000000002,0.29385891858832275,-0.09249146449094765,0.9513633384690487,15.932354798427578,-5.252120461025694,0.977329628088908,0.9981354520507237,2.259719003689619
05/10/2023 16:35:19.206506,2061,True,True,True,True,Eyes,1.374727,-0.354652,-2.93418,0.2337029,0.03629649,0.9716304,0.0,0.0,0.0,0.0,0.0,0.0,0.0,-1.180974,-0.05879405,3.044217,1.37149,-0.3550358,-2.942512,-0.06774075,-0.03187171,-0.002790032,0.9971899,352.2253,356.3436,359.9279,0.4221138,-0.1087176,-0.8999999,0,0,0,1.892467,-0.2918017,-0.9043012,0.6501599,-0.2072001,1.991,0.9979528,-0.001246357,0.06394228,0.009882409,0.9908068,-0.1349229,-0.06318628,0.1352786,0.9887908,static,17.25278280338087,-5.5754109858544485,18.084419280485232,-5.941290766043414,0.5209769999999998,0.06323410000000002,2.0382108,0.2953074988146064,-0.09282285750957475,0.9508824917551637,16.015791267815654,-5.274565883258805,0.8888661549755659,0.9085632854136678,2.1734175678238725
05/10/2023 16:35:19.222799,2062,True,True,True,True,Eyes,1.374458,-0.3546813,-2.934184,0.2351903,0.03534732,0.9713064,0.0,0.0,0.0,0.0,0.0,0.0,0.0,-1.180242,-0.05664515,3.044551,1.371468,-0.3550578,-2.94253,-0.06747616,-0.03197878,-0.002573595,0.9972051,352.2564,356.3297,359.9528,0.422077,-0.108726,-0.9000161,0,0,0,1.89204,-0.2926329,-0.9041899,0.6501599,-0.2072001,1.991,0.9979415,-0.0008171928,0.0641261,0.009448414,0.9908807,-0.1344105,-0.06343148,0.1347397,0.9888486,static,17.353398051156425,-5.607584534962653,18.084419280485232,-5.941290766043414,0.520572,0.062424900000000005,2.0383401,0.29696335710137445,-0.09330662653015837,0.9503192468380695,16.11105960310251,-5.306374891951523,0.7855068759629845,0.8035868878917364,2.072984945312895
05/10/2023 16:35:19.242582,2063,True,True,True,True,Eyes,1.374153,-0.3547154,-2.934193,0.2367169,0.03436407,0.9709707,0.0,0.0,0.0,0.0,0.0,0.0,0.0,-1.180097,-0.05503267,3.044606,1.371497,-0.3550439,-2.942486,-0.06721953,-0.03200737,-0.00254259,0.9972215,352.286,356.3263,359.9556,0.422037,-0.1087349,-0.9000338,0,0,0,1.891955,-0.2936197,-0.9040875,0.65016,-0.2072,1.991,0.9979381,-0.0007680108,0.0641787,0.009374091,0.9909501,-0.1339027,-0.06349505,0.1342283,0.9889141,static,17.447900291643354,-5.636799984285889,18.084421880927106,-5.941287919137228,0.5204580000000001,0.06142420000000004,2.0383985,0.2985180561012051,-0.09374355303166332,0.949788922212521,16.200593021357655,-5.335283060479975,0.6889931212293563,0.7056009042612879,1.9789019836421755
05/10/2023 16:35:19.262624,2064,True,True,True,True,Eyes,1.373862,-0.3547462,-2.934201,0.2381862,0.03342307,0.9706442,0.0,0.0,0.0,0.0,0.0,0.0,0.0,-1.180616,-0.05402762,3.044528,1.371511,-0.3550938,-2.942582,-0.06707925,-0.03192179,-0.002499393,0.9972337,352.3023,356.3359,359.9594,0.4219931,-0.1087442,-0.9000532,0,0,0,1.892324,-0.2941948,-0.9042578,0.6501598,-0.2072001,1.991,0.9979495,-0.0007023787,0.06400228,0.009267539,0.9909883,-0.1336278,-0.06333166,0.133947,0.9889627,static,17.526200551395885,-5.677335466187823,18.08441668004328,-5.941290766043414,0.520813,0.060899000000000036,2.0383242,0.2997977753094498,-0.09437579614360624,0.9493231449269897,16.273910031307366,-5.374992528675994,0.6030142069899054,0.6174768389210561,1.897005012845879
05/10/2023 16:35:19.277824,2065,True,True,True,True,Eyes,1.373591,-0.3547743,-2.934211,0.2396631,0.03247157,0.970313,0.0,0.0,0.0,0.0,0.0,0.0,0.0,-1.180942,-0.05397823,3.044405,1.371537,-0.3550451,-2.942579,-0.06709666,-0.03186874,-0.00242337,0.9972346,352.3005,356.3414,359.9678,0.4219462,-0.108754,-0.9000741,0,0,0,1.892578,-0.2939917,-0.9043174,0.6501598,-0.2072001,1.991,0.997957,-0.0005567646,0.0638864,0.009109907,0.9909844,-0.1336677,-0.06323601,0.1339767,0.9889649,static,17.609213766339362,-5.737936582817181,18.08441668004328,-5.941290766043414,0.5210410000000001,0.06105339999999998,2.0382616,0.3011452003036427,-0.0953374032133211,0.9488005429021923,16.350704936483623,-5.43410111511604,0.5057061799656869,0.516885609229258,1.8063769683442306
05/10/2023 16:35:19.292557,2066,True,True,True,True,Eyes,1.373331,-0.3548034,-2.934222,0.241084,0.03156969,0.9699906,0.0,0.0,0.0,0.0,0.0,0.0,0.0,-1.18107,-0.05457464,3.044392,1.371558,-0.3550135,-2.942622,-0.06718374,-0.03185096,-0.002437939,0.9972292,352.2905,356.3435,359.9663,0.4218969,-0.108764,-0.9000959,0,0,0,1.89267,-0.2936258,-0.9043888,0.6501598,-0.2072,1.991,0.9979591,-0.0005826331,0.063853,0.0091421,0.9909608,-0.1338399,-0.06319784,0.1341505,0.9889438,static,17.69343848402481,-5.800824720954157,18.08441668004328,-5.941287919137228,0.521112,0.06138769999999999,2.0382332,0.30251038365559374,-0.09633505883787641,0.948265220647844,16.428546180375637,-5.495425858101456,0.4076684260780421,0.41544417170743086,1.7148469579354988
05/10/2023 16:35:19.302843,2067,True,True,True,True,Eyes,1.373086,-0.3548324,-2.934233,0.2424833,0.0306588,0.9696711,2.087205,1.879199,-0.2908412,-0.9103305,-0.910018,0.1474476,-0.3874616,0.6361416,-0.2043489,1.986403,1.371561,-0.3550665,-2.942672,-0.06734094,-0.03180187,-0.002446627,0.9972202,352.2724,356.3492,359.9655,0.4218459,-0.1087743,-0.9001186,0,0,0,1.892872,-0.2930567,-0.9045086,0.6501598,-0.2072001,1.991,0.9979653,-0.0005965148,0.06375643,0.009162784,0.9909185,-0.1341518,-0.0630974,0.1344631,0.9889077,static,17.7730943345845,-5.8725916302669905,18.08441668004328,-5.941290766043414,0.5213110000000001,0.062009800000000004,2.0381634,0.30379440403322355,-0.0974809699816519,0.9477376090147921,16.501512793654737,-5.565284095541194,0.31477568064973865,0.3188121296914276,1.6269498239976914
05/10/2023 16:35:19.327705,2068,True,True,True,True,Eyes,1.372851,-0.3548586,-2.934244,0.2438188,0.02979641,0.9693629,2.084392,1.881065,-0.2927512,-0.9137118,-0.7896482,0.007747566,-0.6135111,0.6377445,-0.205957,1.982657,1.371589,-0.3550922,-2.942656,-0.06739027,-0.03179827,-0.002433401,0.9972169,352.2668,356.3495,359.9672,0.4217936,-0.1087846,-0.9001419,0,0,0,1.892917,-0.2928675,-0.9045033,0.65016,-0.2072001,1.991,0.9979659,-0.0005674707,0.06374751,0.009139045,0.9909052,-0.1342507,-0.06309156,0.1345602,0.9888948,static,17.853717584155753,-5.929791282282235,18.084421880927106,-5.941290766043414,0.521328,0.06222470000000002,2.0381527,0.30510041659074427,-0.09838392872122048,0.9472244736831236,16.57618465646993,-5.621092163973774,0.22961288813894842,0.23099071556133677,1.5418517016904179
05/10/2023 16:35:19.343589,2069,True,True,True,True,Eyes,1.372653,-0.3548817,-2.934252,0.2450912,0.0288794,0.9690698,2.082827,1.883135,-0.2947309,-0.9158471,-0.6271734,-0.1706336,-0.759959,0.6400474,-0.2082891,1.979981,1.371574,-0.3550532,-2.942676,-0.06757463,-0.03188428,-0.002517265,0.9972016,352.2453,356.3401,359.9589,0.4217404,-0.1087951,-0.9001655,0,0,0,1.89254,-0.2921722,-0.904451,0.6501597,-0.2072002,1.991,0.9979541,-0.0007113042,0.0639303,0.009329577,0.9908547,-0.1346105,-0.06324989,0.1349315,0.9888341,static,17.941887917301866,-6.002920264961088,18.084414079601256,-5.941293612949571,0.5209659999999998,0.06288100000000002,2.038225,0.30652214915262543,-0.09954508015321226,0.9466440420929011,16.657285458562935,-5.6923292383592035,0.15528342499845613,0.155278946344766,1.448681939143963
05/10/2023 16:35:19.352548,2070,True,True,True,True,Eyes,1.372462,-0.354904,-2.934259,0.2463026,0.0280024,0.9687883,2.082417,1.885367,-0.2965913,-0.9168377,-0.4484719,-0.3157168,-0.8361793,0.6426487,-0.210264,1.97839,1.371507,-0.3550566,-2.942612,-0.06765619,-0.03197718,-0.002534846,0.9971929,352.2359,356.3295,359.9579,0.4216875,-0.1088054,-0.9001891,0,0,0,1.892092,-0.2918574,-0.9042999,0.6501598,-0.2072001,1.991,0.9979421,-0.0007285522,0.06411783,0.009382369,0.9908324,-0.1347704,-0.06343183,0.1350947,0.9888002,static,18.02662747132171,-6.063997590243946,18.08441668004328,-5.941290766043414,0.5205850000000001,0.06319920000000001,2.0383120999999997,0.30789192799708087,-0.10050742730466727,0.9460976128921624,16.735718983928425,-5.751910431968437,0.13185134201367413,0.13563390929279204,1.3619289212142702
05/10/2023 16:35:19.372805,2071,True,True,True,True,Eyes,1.372462,-0.354904,-2.934259,0.2463026,0.0280024,0.9687883,2.082347,1.88535,-0.2965933,-0.9169059,-0.4154473,-0.3275169,-0.8486084,0.643119,-0.2104128,1.978134,1.371496,-0.3550605,-2.942597,-0.06770711,-0.0320972,-0.002561995,0.9971856,352.2299,356.3158,359.9559,0.4216349,-0.1088157,-0.9002125,0,0,0,1.891587,-0.291676,-0.9041647,0.6501598,-0.2072001,1.991,0.9979264,-0.0007631531,0.06436065,0.009455984,0.9908184,-0.1348686,-0.06366679,0.1351976,0.988771,static,18.040728831592833,-6.069161983880713,18.08441668004328,-5.941290766043414,0.5200909999999999,0.06338450000000001,2.0384323,0.3081223455729804,-0.10058481699873656,0.9460143709993762,16.74903620498935,-5.757000805663634,0.13055806190970132,0.135128370275909,1.348037018279559
05/10/2023 16:35:19.392757,2072,True,True,True,True,Eyes,1.372462,-0.354904,-2.934259,0.2463026,0.0280024,0.9687883,2.082347,1.88535,-0.2965933,-0.9169059,-0.4154473,-0.3275169,-0.8486084,0.6435696,-0.2100866,1.978034,1.371547,-0.355094,-2.942621,-0.06762604,-0.03222443,-0.002528131,0.9971871,352.2394,356.3009,359.9605,0.4215875,-0.1088249,-0.9002335,0,0,0,1.891125,-0.2919869,-0.9040489,0.6501598,-0.2072,1.991,0.9979104,-0.0006836193,0.0646095,0.009400461,0.9908406,-0.1347087,-0.06392563,0.1350345,0.9887766,static,18.054957048642766,-6.061063184531369,18.08441668004328,-5.941287919137228,0.5195779999999999,0.06310710000000003,2.0385720999999997,0.3083617023964317,-0.1004429071579667,0.9459514566225059,16.763179356295876,-5.7492930798163595,0.11861803545181267,0.12334497996469511,1.3351142587767717
05/10/2023 16:35:19.402700,2073,True,True,True,True,Eyes,1.372462,-0.354904,-2.934259,0.2463026,0.0280024,0.9687883,2.081959,1.885254,-0.2966042,-0.9172816,-0.3717578,-0.28059,-0.8849099,0.6437367,-0.2096384,1.977659,1.371546,-0.3551219,-2.942661,-0.06754521,-0.03229376,-0.00257764,0.9971902,352.2485,356.2933,359.955,0.4215449,-0.1088332,-0.9002524,0,0,0,1.890833,-0.2923938,-0.904003,0.6501598,-0.2072001,1.991,0.997901,-0.0007782168,0.06475425,0.009503372,0.990862,-0.1345444,-0.06405782,0.1348773,0.9887895,static,18.062798901742404,-6.0501289178728745,18.08441668004328,-5.941290766043414,0.519287,0.06272810000000001,2.0386580000000003,0.30849695828522694,-0.10025775869677048,0.9459269971510875,16.771317617083618,-5.738800786408679,0.10646977535547845,0.11096428088496993,1.3286200890390063
05/10/2023 16:35:19.427586,2074,True,True,True,True,Eyes,1.372462,-0.354904,-2.934259,0.2463026,0.0280024,0.9687883,2.081767,1.885207,-0.2966096,-0.9174676,-0.3770151,-0.2219865,-0.8992117,0.6436453,-0.2087441,1.977577,1.371583,-0.3550992,-2.942667,-0.06729384,-0.03229886,-0.002484152,0.9972073,352.2777,356.2921,359.9649,0.4215066,-0.1088406,-0.9002694,0,0,0,1.890862,-0.2932799,-0.9039797,0.6501598,-0.2072001,1.991,0.9979013,-0.0006073987,0.06475165,0.009301458,0.9909307,-0.1340513,-0.06408298,0.1343723,0.9888567,static,18.06212834280511,-6.024099316768607,18.08441668004328,-5.941290766043414,0.519279,0.06181930000000002,2.0386873000000003,0.3084992872631625,-0.09982793234055042,0.9459716957034929,16.77205228639585,-5.713676993787074,0.08255757314122746,0.08575561818358787,1.3319565800109034
05/10/2023 16:35:19.447514,2075,True,True,True,True,Eyes,1.372296,-0.3549213,-2.934268,0.247563,0.02744711,0.968483,2.082174,1.887766,-0.2977717,-0.9177182,-0.2220606,-0.3416567,-0.9132139,0.6459463,-0.210474,1.976956,1.37164,-0.355047,-2.942622,-0.06742889,-0.03225561,-0.002445089,0.9971996,352.2623,356.2968,359.9695,0.4214721,-0.1088473,-0.9002848,0,0,0,1.891102,-0.2926389,-0.9039987,0.6501597,-0.2072001,1.991,0.9979072,-0.0005265625,0.0646603,0.009226402,0.9908947,-0.1343224,-0.06400082,0.1346378,0.9888258,static,18.133489896815068,-6.073727869376002,18.084414079601256,-5.941290766043414,0.5194620000000001,0.06240810000000002,2.0386233000000002,0.3096528431878829,-0.10060762417901101,0.9455122033945766,16.83819919196614,-5.76210882444998,0.13366070789023787,0.14123746731774142,1.259030466016052
05/10/2023 16:35:19.452624,2076,True,True,True,True,Eyes,1.372137,-0.3549413,-2.934278,0.2487814,0.02691226,0.9681857,2.082682,1.890269,-0.2988917,-0.917855,-0.06657725,-0.3846003,-0.9206792,0.6482789,-0.2110706,1.976639,1.371644,-0.3550066,-2.94265,-0.06739289,-0.03220389,-0.002767944,0.9972028,352.2653,356.3052,359.9318,0.4214367,-0.1088541,-0.9003005,0,0,0,1.891267,-0.2931257,-0.9040521,0.6501598,-0.2072001,1.991,0.9979106,-0.001179776,0.0646007,0.009861031,0.9909011,-0.1342305,-0.06385455,0.1345871,0.9888422,static,18.201966218098438,-6.090128618685372,18.08441668004328,-5.941290766043414,0.519623,0.061880900000000016,2.0385979,0.3107752932180538,-0.1008394060947999,0.945119111917878,16.903328105861018,-5.778453796738983,0.18072387390793263,0.1896591687107437,1.1922609188580073
05/10/2023 16:35:19.476835,2077,True,True,True,True,Eyes,1.372002,-0.35496,-2.934289,0.2499597,0.0266025,0.9678907,2.083399,1.892768,-0.2995364,-0.9177859,0.06917147,-0.4159147,-0.9067692,0.6503276,-0.2115474,1.97664,1.371641,-0.3550913,-2.942663,-0.06738388,-0.0320885,-0.002801232,0.9972071,352.2662,356.3188,359.927,0.4214007,-0.108861,-0.9003165,0,0,0,1.89173,-0.2932961,-0.9041808,0.6501598,-0.2072001,1.991,0.997925,-0.001262321,0.06437527,0.009911311,0.9909031,-0.1342116,-0.06362024,0.1345711,0.9888595,static,18.25941761607076,-6.105743144054468,18.08441668004328,-5.941290766043414,0.5200889999999998,0.061795199999999995,2.0384822,0.31171566755648783,-0.10106420942986286,0.9447853300877187,16.95787266006979,-5.793956633956884,0.2302951942957094,0.24014560633912277,1.1361376568953796
05/10/2023 16:35:19.492502,2078,True,True,True,True,Eyes,1.371873,-0.3549773,-2.934297,0.2510847,0.02631194,0.9676074,2.084792,1.895333,-0.3001224,-0.9170375,0.2402597,-0.455216,-0.8573527,0.6535348,-0.2124985,1.976944,1.371631,-0.3551342,-2.942693,-0.06740494,-0.03224508,-0.002576729,0.9972011,352.2646,356.299,359.9542,0.4213647,-0.108868,-0.9003325,0,0,0,1.891116,-0.2929775,-0.9040679,0.6501597,-0.2072,1.991,0.9979073,-0.0007920781,0.06465703,0.00948599,0.9908999,-0.1342664,-0.0639623,0.1345987,0.9888336,static,18.344227000621963,-6.1328730736160075,18.084414079601256,-5.941287919137228,0.519485,0.06215670000000001,2.0386251,0.3131010239385326,-0.10146288477344853,0.9442843624234739,17.03817452805517,-5.8207789188850265,0.3114365746900316,0.32281205886083325,1.0531569770747105
05/10/2023 16:35:19.502697,2079,True,True,True,True,Eyes,1.371751,-0.3549956,-2.934305,0.2520867,0.02604747,0.967354,2.088156,1.898147,-0.3006045,-0.9143193,0.4885454,-0.5333539,-0.6905482,0.6568028,-0.2136635,1.979216,1.371651,-0.3551179,-2.942661,-0.06746841,-0.03232469,-0.002500599,0.9971946,352.2576,356.2892,359.9638,0.421329,-0.1088749,-0.9003484,0,0,0,1.890823,-0.2926084,-0.9039664,0.6501598,-0.2072002,1.991,0.9978977,-0.0006253755,0.06480543,0.009348956,0.9908835,-0.1343966,-0.06413058,0.1347199,0.9888062,static,18.413500617685077,-6.158324006214008,18.08441668004328,-5.941293612949571,0.519172,0.0625095,2.0386946000000004,0.31423023953508794,-0.10184231260940266,0.9438683362897502,17.103591747137322,-5.845863404468157,0.3813668728445878,0.3942060750601733,0.9854564798613794
05/10/2023 16:35:19.522766,2080,True,True,True,True,Eyes,1.371635,-0.3550122,-2.934311,0.2530483,0.02580521,0.9671095,2.092291,1.901086,-0.3010202,-0.9108365,0.6865784,-0.5628828,-0.4601882,0.6600022,-0.2145515,1.982368,1.371666,-0.3551801,-2.942634,-0.06746016,-0.03234382,-0.002386578,0.9971949,352.2589,356.2861,359.9771,0.4212936,-0.1088818,-0.9003642,0,0,0,1.890777,-0.2925692,-0.9039275,0.6501598,-0.2072,1.991,0.9978964,-0.0003959275,0.06482816,0.009123604,0.9908869,-0.1343875,-0.06418417,0.1346962,0.988806,static,18.472964632686807,-6.175377259414684,18.08441668004328,-5.941287919137228,0.5191109999999999,0.06261090000000002,2.0387065,0.31520169008882637,-0.10208859927363861,0.9435178580449755,17.159999777437392,-5.862769851771167,0.4398097149587343,0.45361584048069964,0.9277454913532939
05/10/2023 16:35:19.542834,2081,True,True,True,True,Eyes,1.371555,-0.3550256,-2.934315,0.253871,0.02553554,0.9669009,0.0,0.0,0.0,0.0,0.0,0.0,0.0,-1.17816,-0.05687279,3.045542,1.371692,-0.3551561,-2.942608,-0.06760633,-0.03234611,-0.002365673,0.9971849,352.2422,356.2856,359.9801,0.4212587,-0.1088887,-0.9003797,0,0,0,1.890798,-0.2919284,-0.9039193,0.6501598,-0.2072,1.991,0.9978963,-0.0003444242,0.06482998,0.009091631,0.9908476,-0.134679,-0.06419024,0.134985,0.9887663,static,18.523235117807143,-6.208889576205478,18.08441668004328,-5.941287919137228,0.5191060000000001,0.0632277,2.0386887,0.31601227495474743,-0.10261127327418747,0.9431898364273632,17.206673658647848,-5.895489826120777,0.4981265432800705,0.5139769140605359,0.8789370153385992
05/10/2023 16:35:19.552778,2082,True,True,True,True,Eyes,1.37148,-0.3550377,-2.934316,0.2546643,0.02528374,0.9666989,0.0,0.0,0.0,0.0,0.0,0.0,0.0,-1.178204,-0.05750692,3.04547,1.371693,-0.3551624,-2.942563,-0.06769542,-0.03234121,-0.002409012,0.9971789,352.2318,356.2865,359.9754,0.4212253,-0.1088954,-0.9003945,0,0,0,1.890813,-0.291625,-0.9038874,0.6501599,-0.2072001,1.991,0.9978965,-0.0004257276,0.06482609,0.009183132,0.990823,-0.1348531,-0.06417377,0.1351647,0.9887428,static,18.570912599492658,-6.232500561460505,18.084419280485232,-5.941290766043414,0.51912,0.06353739999999997,2.0386756,0.3167851564957544,-0.10297195961415505,0.942891232656911,17.251373647438268,-5.918635336183862,0.5497134460807747,0.5669910884535356,0.8333536435636066
05/10/2023 16:35:19.572868,2083,True,True,True,True,Eyes,1.371443,-0.3550461,-2.934315,0.2553069,0.02503616,0.9665359,0.0,0.0,0.0,0.0,0.0,0.0,0.0,-1.1786,-0.05876464,3.045237,1.371704,-0.3551471,-2.942502,-0.06783904,-0.03228568,-0.002563664,0.9971706,352.2148,356.294,359.9576,0.4211932,-0.1089019,-0.9004087,0,0,0,1.891028,-0.2912132,-0.9038905,0.6501598,-0.2072001,1.991,0.9979021,-0.000732362,0.06473647,0.009493277,0.9907826,-0.1351286,-0.06404081,0.1354597,0.988711,static,18.604418436847567,-6.258339175937661,18.08441668004328,-5.941290766043414,0.5193239999999999,0.06393389999999999,2.0386115,0.3173230915150198,-0.10337756750994403,0.9426660079853539,17.282296498885383,-5.943823286374676,0.5901530002211979,0.6090332678072815,0.8021241790895002
05/10/2023 16:35:19.592991,2084,True,True,True,True,Eyes,1.371406,-0.3550552,-2.934313,0.2559261,0.02480216,0.9663781,0.0,0.0,0.0,0.0,0.0,0.0,0.0,-1.178988,-0.06001294,3.045038,1.371724,-0.3551401,-2.942468,-0.06798996,-0.0322314,-0.002698964,0.9971615,352.197,356.3013,359.9422,0.4211635,-0.1089081,-0.9004219,0,0,0,1.89125,-0.2907576,-0.9039226,0.6501598,-0.2072001,1.991,0.9979077,-0.0009997827,0.06464683,0.009765429,0.9907401,-0.13542,-0.06391282,0.1357679,0.988677,static,18.63663184498096,-6.284872854113377,18.08441668004328,-5.941290766043414,0.5195260000000002,0.06438250000000001,2.0385454,0.3178391183405313,-0.10379517837684177,0.9424461808292923,17.311936801880975,-5.969672197469959,0.6298386833233215,0.6503769980785505,0.7730010787932111
05/10/2023 16:35:19.602391,2085,True,True,True,True,Eyes,1.371434,-0.3550601,-2.93431,0.2564564,0.02456601,0.9662436,0.0,0.0,0.0,0.0,0.0,0.0,0.0,-1.1792,-0.06067383,3.044915,1.371695,-0.35517,-2.94245,-0.0680676,-0.03219609,-0.002789686,0.9971573,352.1877,356.306,359.9317,0.4211358,-0.108914,-0.9004341,0,0,0,1.891352,-0.2905822,-0.9039438,0.6501598,-0.2072001,1.991,0.9979113,-0.001180489,0.0645889,0.009946529,0.990718,-0.1355685,-0.06382935,0.1359278,0.9886604,static,18.66529918535025,-6.304643733562207,18.08441668004328,-5.941290766043414,0.5196569999999998,0.06458779999999997,2.0385062,0.31830033143088066,-0.10410339413676958,0.9422565737788386,17.338518116284067,-5.988968135220622,0.663392713065359,0.6851641146297838,0.7474207643287114
05/10/2023 16:35:19.622689,2086,True,True,True,True,Eyes,1.371461,-0.3550642,-2.934307,0.2569676,0.02433727,0.9661136,0.0,0.0,0.0,0.0,0.0,0.0,0.0,-1.179238,-0.06027931,3.044941,1.371715,-0.3551886,-2.942472,-0.06800213,-0.03219339,-0.002795784,0.9971618,352.1952,356.3064,359.9308,0.4211116,-0.1089194,-0.9004448,0,0,0,1.891381,-0.2908733,-0.9039596,0.6501597,-0.2072001,1.991,0.9979116,-0.00119726,0.06458426,0.009954133,0.9907358,-0.1354382,-0.06382378,0.1357982,0.9886786,static,18.69568878771217,-6.310358180151384,18.084414079601256,-5.941290766043414,0.519666,0.06431530000000002,2.0385124,0.3187975315097641,-0.10417900931183609,0.9420801484947331,17.36750513315622,-5.9947125645211115,0.691957033390799,0.7140500857309865,0.7188966031673268
05/10/2023 16:35:19.642583,2087,True,True,True,True,Eyes,1.371538,-0.3550654,-2.934302,0.2573906,0.02410247,0.9660069,0.0,0.0,0.0,0.0,0.0,0.0,0.0,-1.179377,-0.06007883,3.044845,1.371688,-0.3551764,-2.942438,-0.06797291,-0.03216609,-0.002785028,0.9971646,352.1986,356.3095,359.9317,0.4210905,-0.1089243,-0.9004541,0,0,0,1.891467,-0.2909693,-0.9039517,0.6501597,-0.2072001,1.991,0.9979151,-0.001181416,0.06452839,0.009927107,0.9907438,-0.1353812,-0.06377117,0.1357395,0.98869,static,18.718096463580306,-6.3212499747720745,18.084414079601256,-5.941290766043414,0.519779,0.06420710000000002,2.0384863,0.3191603774018795,-0.1043446514352635,0.9419389725930306,17.388524309730553,-6.005392766882659,0.7161001477464528,0.7388655926913106,0.6988359165943714
05/10/2023 16:35:19.652638,2088,True,True,True,True,Eyes,1.371612,-0.355066,-2.934298,0.2577964,0.02387533,0.9659042,0.0,0.0,0.0,0.0,0.0,0.0,0.0,-1.179582,-0.05938801,3.044769,1.371653,-0.3552049,-2.942441,-0.06788924,-0.0321241,-0.00272549,0.9971719,352.2084,356.3139,359.9379,0.4210735,-0.1089288,-0.9004615,0,0,0,1.891611,-0.2912712,-0.9039915,0.6501597,-0.2072001,1.991,0.9979213,-0.001073804,0.06443655,0.009797325,0.9907672,-0.1352194,-0.06369643,0.1355696,0.9887182,static,18.73737282415832,-6.327050547195768,18.084414079601256,-5.941290766043414,0.5199579999999999,0.06393369999999998,2.0384495,0.31947440081323486,-0.1044283369349239,0.9418231089133668,17.406795562092555,-6.011136215493759,0.7352832161558347,0.7583968162171106,0.6812086626574938
05/10/2023 16:35:19.677774,2089,True,True,True,True,Eyes,1.371695,-0.3550659,-2.934293,0.2581613,0.02363295,0.9658128,0.0,0.0,0.0,0.0,0.0,0.0,0.0,-1.179452,-0.05864453,3.044818,1.371623,-0.3551935,-2.94244,-0.0678229,-0.03213419,-0.002585698,0.9971765,352.2166,356.3117,359.9539,0.4210601,-0.1089327,-0.9004673,0,0,0,1.891561,-0.2913643,-0.9039813,0.6501598,-0.2072002,1.991,0.9979214,-0.0007979259,0.06443765,0.009515663,0.9907867,-0.1350966,-0.06373617,0.135429,0.9887349,static,18.760011862183475,-6.338701945215609,18.08441668004328,-5.941293612949571,0.519938,0.06382919999999997,2.0384587,0.3198405339686534,-0.10460623398239813,0.9416791950711765,17.427997430928947,-6.0225511903063005,0.7599745553787328,0.7838126260054237,0.6614295310051622
05/10/2023 16:35:19.692796,2090,True,True,True,True,Eyes,1.371775,-0.355066,-2.934288,0.2585135,0.02340342,0.9657241,0.0,0.0,0.0,0.0,0.0,0.0,0.0,-1.179526,-0.05768684,3.044818,1.371642,-0.3552069,-2.94244,-0.06774762,-0.03211605,-0.00239419,0.9971825,352.2259,356.3123,359.9755,0.4210502,-0.1089361,-0.9004714,0,0,0,1.891682,-0.2914607,-0.9040052,0.6501599,-0.2072001,1.991,0.9979256,-0.0004233178,0.06437553,0.009126463,0.9908091,-0.1349597,-0.06372673,0.1352673,0.9887577,static,18.77838441944539,-6.35032602996277,18.084419280485232,-5.941290766043414,0.5200400000000001,0.06374619999999998,2.0384348,0.3201363540306328,-0.10478621851644043,0.9415585750805705,17.445088617635523,-6.033907523678379,0.7809727632320669,0.8055417191068197,0.6460043035883443
05/10/2023 16:35:19.702952,2091,True,True,True,True,Eyes,1.371871,-0.3550617,-2.934284,0.2588131,0.02319501,0.9656488,0.0,0.0,0.0,0.0,0.0,0.0,0.0,-1.179599,-0.05730867,3.044791,1.371645,-0.3552106,-2.942432,-0.06774557,-0.03209774,-0.002253667,0.9971837,352.2267,356.3133,359.9916,0.4210434,-0.108939,-0.9004743,0,0,0,1.891781,-0.2913103,-0.9040264,0.6501598,-0.2072001,1.991,0.9979293,-0.0001456789,0.06432005,0.008843598,0.9908109,-0.1349649,-0.06370934,0.1352542,0.9887605,static,18.794040306005623,-6.367428063914885,18.08441668004328,-5.941290766043414,0.5201359999999999,0.06390029999999997,2.0384056,0.32038435899861867,-0.10505794927186968,0.9414438506707576,17.45927078930272,-6.050529553604208,0.8020802544246237,0.8277431287308542,0.6346183872356351
05/10/2023 16:35:19.727545,2092,True,True,True,True,Eyes,1.371963,-0.3550595,-2.934279,0.2591045,0.02299486,0.9655755,0.0,0.0,0.0,0.0,0.0,0.0,0.0,-1.179719,-0.05788931,3.044747,1.371619,-0.3551441,-2.942466,-0.06781885,-0.03207456,-0.002282131,0.9971794,352.2182,356.3162,359.9884,0.4210398,-0.1089415,-0.9004757,0,0,0,1.891846,-0.2909823,-0.9040921,0.6501598,-0.2072001,1.991,0.997932,-0.0002008687,0.06427772,0.008901907,0.9907908,-0.1351087,-0.06365864,0.1354015,0.9887437,static,18.809575236399272,-6.386860224443389,18.08441668004328,-5.941290766043414,0.520227,0.06416179999999999,2.0383739,0.3206290474634555,-0.10536803583227394,0.9413259492091173,17.473212758594467,-6.069399254157051,0.8241957305132861,0.8511093197205365,0.6244854028087186
05/10/2023 16:35:19.742835,2093,True,True,True,True,Eyes,1.372067,-0.3550579,-2.934275,0.2593613,0.02281452,0.9655108,0.0,0.0,0.0,0.0,0.0,0.0,0.0,-1.180077,-0.05824155,3.044576,1.371626,-0.3551928,-2.94243,-0.06784793,-0.03202166,-0.002375665,0.997179,352.2145,356.323,359.9773,0.4210389,-0.1089434,-0.9004759,0,0,0,1.892054,-0.2910271,-0.9041082,0.6501599,-0.2072001,1.991,0.997938,-0.0003927186,0.06418502,0.009083132,0.9907821,-0.1351609,-0.06354028,0.1354652,0.9887425,static,18.819658317247324,-6.3976489617700345,18.084419280485232,-5.941290766043414,0.5204279999999999,0.06416569999999999,2.0383218,0.3207888328374133,-0.10553925259529724,0.9412522945871614,17.482358677740805,-6.079886746823227,0.8377470660980527,0.8653549814877738,0.6178072638495768
05/10/2023 16:35:19.757848,2094,True,True,True,True,Eyes,1.372167,-0.3550555,-2.934273,0.2596074,0.02264767,0.9654487,0.0,0.0,0.0,0.0,0.0,0.0,0.0,-1.180197,-0.05873317,3.044597,1.371643,-0.355231,-2.942497,-0.06791992,-0.03200551,-0.002410619,0.9971744,352.2061,356.3251,359.9734,0.4210407,-0.1089451,-0.9004749,0,0,0,1.892133,-0.2908159,-0.9041983,0.6501598,-0.2072,1.991,0.9979397,-0.0004599907,0.06415761,0.009155236,0.9907622,-0.1353017,-0.06350269,0.1356103,0.9887251,static,18.833261125444384,-6.414721722920859,18.08441668004328,-5.941287919137228,0.5204900000000001,0.0644151,2.0382987,0.32100298188489795,-0.10581162503999611,0.9411488176958405,17.4945635988167,-6.0964649929143615,0.8572370497392624,0.8859500945161223,0.6099234227823385
05/10/2023 16:35:19.777750,2095,True,True,True,True,Eyes,1.372261,-0.3550552,-2.93427,0.2598108,0.02247981,0.9653978,0.0,0.0,0.0,0.0,0.0,0.0,0.0,-1.180202,-0.05953491,3.04461,1.371654,-0.3552109,-2.942527,-0.06802172,-0.03200883,-0.002474885,0.9971672,352.1942,356.3252,359.9664,0.421045,-0.1089463,-0.9004728,0,0,0,1.89212,-0.2904582,-0.9042326,0.6501598,-0.2072,1.991,0.9979386,-0.0005811565,0.06417299,0.00929034,0.9907338,-0.1354996,-0.06349961,0.1358165,0.988697,static,18.846807447189615,-6.43433816311259,18.08441668004328,-5.941287919137228,0.5204660000000001,0.0647527,2.0382944,0.32121463809171846,-0.10612578684568835,0.9410411146921827,17.506579125124734,-6.115497476855173,0.8779409188519551,0.907930737949841,0.6035273066519237
05/10/2023 16:35:19.792443,2096,True,True,True,True,Eyes,1.372351,-0.3550548,-2.934269,0.2600044,0.02231705,0.9653495,0.0,0.0,0.0,0.0,0.0,0.0,0.0,-1.180451,-0.0602394,3.044463,1.371584,-0.3552289,-2.942519,-0.06811337,-0.03195955,-0.002545354,0.9971625,352.1834,356.3314,359.9582,0.4210512,-0.1089473,-0.9004697,0,0,0,1.892242,-0.2901918,-0.9042831,0.6501598,-0.2072001,1.991,0.9979442,-0.0007225187,0.06408446,0.009430007,0.9907081,-0.1356775,-0.06339097,0.1360029,0.9886783,static,18.853686356654848,-6.45216368439722,18.08441668004328,-5.941290766043414,0.5206580000000001,0.06503710000000001,2.0382359,0.3213176556138219,-0.10641463083081328,0.9409733717944904,17.51226346287854,-6.132751261943411,0.8922923232552519,0.9234538288736484,0.603337737425925
05/10/2023 16:35:19.806225,2097,True,True,True,True,Eyes,1.372419,-0.3550593,-2.934268,0.2601506,0.02216282,0.9653136,0.0,0.0,0.0,0.0,0.0,0.0,0.0,-1.180354,-0.06036812,3.044532,1.371577,-0.3552246,-2.942558,-0.06810904,-0.0319767,-0.002601263,0.997162,352.1837,356.3299,359.9519,0.4210591,-0.108948,-0.900466,0,0,0,1.892156,-0.2902688,-0.9042999,0.6501598,-0.2072002,1.991,0.9979414,-0.0008319561,0.06412624,0.009543565,0.9907088,-0.1356651,-0.06341755,0.1359978,0.9886773,static,18.864924029646758,-6.4589830839246645,18.08441668004328,-5.941293612949571,0.5205789999999999,0.06495580000000001,2.0382581,0.32149854839949027,-0.10651971146848857,0.9408996259226395,17.522732792651222,-6.13941705689012,0.9049885580561724,0.9365864141356733,0.5956019546599196
05/10/2023 16:35:19.822421,2098,True,True,True,True,Eyes,1.372484,-0.3550642,-2.934268,0.2602863,0.02201111,0.9652805,0.0,0.0,0.0,0.0,0.0,0.0,0.0,-1.180133,-0.06021136,3.04466,1.371623,-0.3552907,-2.942569,-0.06807797,-0.03202214,-0.002635359,0.9971626,352.1871,356.3249,359.9482,0.4210679,-0.1089488,-0.9004617,0,0,0,1.892012,-0.2904964,-0.904256,0.6501598,-0.2072001,1.991,0.9979353,-0.0008957575,0.06422137,0.009615766,0.9907169,-0.1356008,-0.06350373,0.1359384,0.9886799,static,18.87859211969689,-6.463365301935535,18.08441668004328,-5.941290766043414,0.520389,0.06479430000000003,2.0383130000000005,0.32172079629522216,-0.10658317870198139,0.9408164783103676,17.53567391540795,-6.1437493479872,0.9185389766192055,0.9504085700244811,0.5849000762030313
05/10/2023 16:35:19.842759,2099,True,True,True,True,Eyes,1.372586,-0.3550666,-2.934271,0.2602889,0.02185412,0.9652835,0.0,0.0,0.0,0.0,0.0,0.0,0.0,-1.179703,-0.05945268,3.044869,1.371625,-0.3553007,-2.942595,-0.0679962,-0.03208805,-0.002529385,0.9971663,352.1969,356.3165,359.9606,0.4210775,-0.1089495,-0.9004572,0,0,0,1.89176,-0.2907079,-0.9042117,0.6501598,-0.2072001,1.991,0.997928,-0.0006807052,0.06433821,0.009408167,0.9907402,-0.1354447,-0.06365026,0.1357694,0.9886938,static,18.88593065273647,-6.4672185271001705,18.08441668004328,-5.941290766043414,0.520135,0.0645928,2.0383833,0.32183929799700167,-0.10664192895210181,0.9407694269323413,17.542542532230147,-6.147523262834957,0.9265423250857364,0.95865773781501,0.5797925791186727
05/10/2023 16:35:19.852692,2100,True,True,True,True,Eyes,1.372686,-0.3550698,-2.934274,0.2602909,0.02170451,0.9652863,0.0,0.0,0.0,0.0,0.0,0.0,0.0,-1.179384,-0.05954406,3.045106,1.371656,-0.3552972,-2.9427,-0.06799477,-0.03214593,-0.002557991,0.9971645,352.197,356.31,359.9578,0.4210886,-0.10895,-0.9004519,0,0,0,1.891551,-0.2907385,-0.9042541,0.6501598,-0.2072001,1.991,0.9979202,-0.0007299653,0.06445742,0.009472986,0.9907404,-0.1354395,-0.0637617,0.1357684,0.9886867,static,18.893157964048676,-6.475199243415024,18.08441668004328,-5.941290766043414,0.519895,0.06455869999999997,2.0384459,0.32195355182336005,-0.10676858258529148,0.9407159292718982,17.54908497192901,-6.155279389383075,0.9364459737902179,0.969082414794515,0.576516407946336
05/10/2023 16:35:19.877543,2101,True,True,True,True,Eyes,1.372769,-0.3550705,-2.934276,0.2601122,0.02161558,0.9653364,0.0,0.0,0.0,0.0,0.0,0.0,0.0,-1.17935,-0.059416,3.045146,1.371683,-0.3553213,-2.94271,-0.06799558,-0.03215355,-0.002514089,0.9971643,352.197,356.3088,359.9629,0.4211011,-0.1089505,-0.900446,0,0,0,1.891553,-0.2907074,-0.9042596,0.6501599,-0.2072001,1.991,0.9979197,-0.0006413217,0.06446663,0.009386516,0.9907405,-0.1354438,-0.06378283,0.1357672,0.9886855,static,18.883410163747072,-6.482325008431818,18.084419280485232,-5.941290766043414,0.51987,0.0646139,2.0384504,0.3217891943496736,-0.10689187752128926,0.9407580964160221,17.53931177136324,-6.162082034161165,0.9318122963443695,0.9649375539237399,0.5881249702046545
05/10/2023 16:35:19.882636,2102,True,True,True,True,Eyes,1.372849,-0.3550748,-2.934278,0.2599427,0.0215314,0.965384,0.0,0.0,0.0,0.0,0.0,0.0,0.0,-1.179485,-0.05971089,3.045056,1.371655,-0.3552397,-2.9427,-0.0680305,-0.03212688,-0.002517763,0.9971628,352.193,356.3119,359.9624,0.4211145,-0.1089508,-0.9004397,0,0,0,1.891634,-0.290491,-0.9042821,0.6501598,-0.2072001,1.991,0.997923,-0.0006500244,0.06441402,0.009392451,0.990731,-0.1355132,-0.06372888,0.1358367,0.9886794,static,18.870579533476985,-6.49138273001352,18.08441668004328,-5.941290766043414,0.519979,0.06474869999999999,2.0384179,0.32157307147385195,-0.1070489061002706,0.9408142044691173,17.52646477151494,-6.170725700997124,0.9257586563479406,0.9595067487743446,0.6032832847076307
05/10/2023 16:35:19.902867,2103,True,True,True,True,Eyes,1.372905,-0.3550792,-2.93428,0.2596589,0.02150486,0.965461,0.0,0.0,0.0,0.0,0.0,0.0,0.0,-1.179708,-0.06021008,3.044954,1.371644,-0.3553293,-2.942689,-0.06808084,-0.0320939,-0.002632101,0.9971601,352.1868,356.3166,359.9492,0.4211285,-0.108951,-0.9004331,0,0,0,1.891741,-0.2905132,-0.9043027,0.6501597,-0.2072002,1.991,0.9979261,-0.0008792914,0.0643639,0.009619211,0.9907161,-0.1356061,-0.06364713,0.1359439,0.98867,static,18.850586136850538,-6.494901934638898,18.084414079601256,-5.941293612949571,0.5200969999999998,0.06481609999999999,2.0383863,0.32124231262263736,-0.10711939533848391,0.9409192088574909,17.5070079739064,-6.173970466473458,0.9112404183150825,0.94525223890413,0.6225241594183111
05/10/2023 16:35:19.922729,2104,True,True,True,True,Eyes,1.37296,-0.3550791,-2.934282,0.259381,0.02148748,0.965536,0.0,0.0,0.0,0.0,0.0,0.0,0.0,-1.179267,-0.05857769,3.045158,1.371677,-0.3552947,-2.942678,-0.06790192,-0.03216127,-0.002397474,0.9971708,352.2082,356.307,359.9761,0.4211425,-0.1089513,-0.9004266,0,0,0,1.891533,-0.2909233,-0.9042166,0.6501598,-0.2072001,1.991,0.9979199,-0.0004137585,0.06446614,0.009149006,0.9907672,-0.1352654,-0.06381496,0.1355738,0.98871,static,18.840139281631316,-6.483678789985934,18.08441668004328,-5.941290766043414,0.5198559999999999,0.06437140000000002,2.0384614,0.3210769083137783,-0.10694140949386238,0.9409958215299802,17.497534487706602,-6.163061015536405,0.8969369302673043,0.9302157916673216,0.6273856479407927
05/10/2023 16:35:19.942746,2105,True,True,True,True,Eyes,1.372979,-0.3550847,-2.934286,0.2590232,0.02155242,0.9656307,0.0,0.0,0.0,0.0,0.0,0.0,0.0,-1.178965,-0.05994484,3.045253,1.371716,-0.3551888,-2.942677,-0.06804856,-0.03222374,-0.002542064,0.9971583,352.1908,356.3009,359.9604,0.4211564,-0.1089515,-0.9004201,0,0,0,1.891296,-0.2903866,-0.9041591,0.6501598,-0.2072001,1.991,0.9979104,-0.0006841232,0.0646103,0.009455238,0.9907259,-0.1355465,-0.06391837,0.1358742,0.9886621,static,18.827046584874886,-6.4919822594433585,18.08441668004328,-5.941290766043414,0.5195800000000002,0.06480220000000003,2.0385179000000004,0.3208568734583826,-0.10708622274560287,0.9410545050002029,17.484474918159783,-6.170974841597044,0.8906809234318679,0.9245324745260501,0.6424055512017304
05/10/2023 16:35:19.953535,2106,True,True,True,True,Eyes,1.372999,-0.3550903,-2.934288,0.2586762,0.02162559,0.965722,0.0,0.0,0.0,0.0,0.0,0.0,0.0,-1.178988,-0.06239781,3.04528,1.371753,-0.3552782,-2.942738,-0.0684227,-0.03222915,-0.002650939,0.9971324,352.1475,356.301,359.9493,0.4211694,-0.1089518,-0.9004139,0,0,0,1.891298,-0.2890869,-0.9042552,0.6501599,-0.2072,1.991,0.9979085,-0.0008762631,0.06463622,0.009697083,0.9906226,-0.1362821,-0.06391068,0.1366238,0.9885592,static,18.808821010099877,-6.527347588898168,18.084419280485232,-5.941287919137228,0.5195449999999999,0.06619130000000001,2.0384827999999997,0.3205368319701628,-0.10767936920170584,0.941095806319496,17.465032429503193,-6.204964682256339,0.8955523353011715,0.931785276975866,0.6731756877505445
05/10/2023 16:35:19.972624,2107,True,True,True,True,Eyes,1.373018,-0.3550971,-2.93429,0.2584579,0.02173491,0.965778,0.0,0.0,0.0,0.0,0.0,0.0,0.0,-1.1789,-0.06449258,3.045212,1.371767,-0.3552865,-2.94267,-0.06864841,-0.0322596,-0.002944096,0.9971149,352.1205,356.2997,359.9166,0.4211815,-0.1089522,-0.9004082,0,0,0,1.891146,-0.2885202,-0.9041634,0.6501597,-0.2072,1.991,0.9979013,-0.001442064,0.06473727,0.01030034,0.9905574,-0.1367108,-0.06392884,0.1370907,0.9884934,static,18.801195575824416,-6.536841350269983,18.084414079601256,-5.941287919137228,0.519379,0.0667663,2.0385066000000003,0.32040595854433035,-0.10784034619202673,0.9411219470034636,17.457179182381065,-6.2140685171832395,0.8950382732613704,0.9319117998297417,0.683983092598906
05/10/2023 16:35:19.982721,2108,True,True,True,True,Eyes,1.373034,-0.3551048,-2.934291,0.2582462,0.02181277,0.9658329,0.0,0.0,0.0,0.0,0.0,0.0,0.0,-1.179204,-0.06442159,3.045087,1.371699,-0.3553277,-2.942687,-0.06855419,-0.03220905,-0.003157459,0.9971224,352.1305,356.3072,359.8912,0.4211929,-0.1089528,-0.9004028,0,0,0,1.891252,-0.2891966,-0.9042041,0.6501597,-0.2072001,1.991,0.9979053,-0.001880614,0.06466564,0.01071288,0.9905807,-0.1365104,-0.06379981,0.1369172,0.9885258,static,18.783030484300255,-6.513773415327058,18.084414079601256,-5.941290766043414,0.5195529999999999,0.0661311,2.0384829,0.3201204060647321,-0.10747238532159697,0.9412612280797295,17.440895095618487,-6.191670370749969,0.8678554088534388,0.9032171746846797,0.6905118602886023
05/10/2023 16:35:20.009370,2109,True,True,True,True,Eyes,1.373011,-0.3551153,-2.934294,0.2581675,0.02191771,0.9658515,0.0,0.0,0.0,0.0,0.0,0.0,0.0,-1.178929,-0.06156564,3.045206,1.371657,-0.3553485,-2.942656,-0.06815275,-0.03224163,-0.002993948,0.9971493,352.1772,356.3023,359.9088,0.4212035,-0.1089535,-0.9003977,0,0,0,1.891098,-0.2906498,-0.9040989,0.6501597,-0.2072001,1.991,0.997903,-0.001576116,0.06470753,0.01036554,0.9906924,-0.1357239,-0.06389135,0.13611,0.9886314,static,18.779515733140904,-6.4666487627099825,18.084414079601256,-5.941290766043414,0.519441,0.0646987,2.0385571,0.32008944838785436,-0.10669935093057362,0.9413596324794778,17.44000764043242,-6.14616820733064,0.8390651667669167,0.8713020907900219,0.6761911155809872
05/10/2023 16:35:20.022595,2110,True,True,True,True,Eyes,1.372989,-0.3551266,-2.934296,0.2580893,0.02200892,0.9658704,0.0,0.0,0.0,0.0,0.0,0.0,0.0,-1.177842,-0.06012291,3.04572,1.371689,-0.35536,-2.942708,-0.06796953,-0.03241869,-0.002851856,0.9971566,352.1987,356.2809,359.9259,0.4212124,-0.1089544,-0.9003934,0,0,0,1.890428,-0.2912216,-0.9039539,0.6501599,-0.2072001,1.991,0.9978818,-0.001280529,0.0650407,0.01009446,0.990744,-0.1353676,-0.06426533,0.1357374,0.9886584,static,18.793717728402463,-6.44516634769718,18.084419280485232,-5.941290766043414,0.5187390000000001,0.06413839999999998,2.0387541000000002,0.3203353014650314,-0.10633707144313659,0.9413170724056914,17.45483557026037,-6.1255450150190605,0.8392654901654307,0.8700545327763735,0.6559918265085934
05/10/2023 16:35:20.042817,2111,True,True,True,True,Eyes,1.37293,-0.3551397,-2.934299,0.2581192,0.02212698,0.9658596,0.0,0.0,0.0,0.0,0.0,0.0,0.0,-1.177648,-0.05915827,3.045791,1.371715,-0.3553858,-2.942668,-0.06783172,-0.03245379,-0.002809056,0.9971649,352.2147,356.2765,359.9306,0.4212199,-0.1089557,-0.9003898,0,0,0,1.890316,-0.2917526,-0.9038632,0.6501597,-0.2072002,1.991,0.9978778,-0.001199391,0.06510463,0.01000498,0.990782,-0.1350965,-0.06434246,0.1354611,0.9886913,static,18.798538940124622,-6.423567480544979,18.084414079601256,-5.941293612949571,0.5186010000000001,0.0636332,2.0388048,0.3204268008533262,-0.10597873934394342,0.9413262259528796,17.46062826577126,-6.1047384623916265,0.8323704700917196,0.8617206042464987,0.6448433610922019
05/10/2023 16:35:20.057440,2112,True,True,True,True,Eyes,1.372875,-0.3551498,-2.934304,0.2581453,0.02224329,0.9658501,0.0,0.0,0.0,0.0,0.0,0.0,0.0,-1.177968,-0.05841994,3.045679,1.371698,-0.3553796,-2.942674,-0.06773817,-0.03239565,-0.002741504,0.9971733,352.2257,356.2827,359.9376,0.421225,-0.1089572,-0.9003872,0,0,0,1.890546,-0.2920519,-0.9039222,0.6501597,-0.2072,1.991,0.9978861,-0.001078665,0.06497957,0.009856352,0.9908081,-0.1349157,-0.06423674,0.135271,0.9887241,static,18.792486704410095,-6.407925883239048,18.084414079601256,-5.941287919137228,0.518848,0.06332770000000004,2.0387518,0.3203361059218096,-0.10572519593515317,0.9413857539390795,17.455624829514054,-6.089598432168421,0.8196817707320276,0.848008155352748,0.6460432874821945
05/10/2023 16:35:20.077944,2113,True,True,True,True,Eyes,1.372777,-0.3551624,-2.934311,0.2582438,0.02237822,0.9658206,0.0,0.0,0.0,0.0,0.0,0.0,0.0,-1.177747,-0.05839038,3.04582,1.371732,-0.3553129,-2.942724,-0.06775501,-0.03243291,-0.002659001,0.9971712,352.2241,356.2778,359.9475,0.4212282,-0.108959,-0.9003855,0,0,0,1.89044,-0.2918173,-0.9039421,0.6501598,-0.2072001,1.991,0.9978821,-0.0009079749,0.06504264,0.009697942,0.9908044,-0.1349542,-0.06432199,0.1352992,0.9887147,static,18.80209725846975,-6.4046098619893055,18.08441668004328,-5.941290766043414,0.518708,0.06349559999999999,2.0387819,0.3204960628596398,-0.10566467136343871,0.941338051536373,17.465063627643726,-6.086471174067458,0.8261498224973202,0.854242352800815,0.6361411434506274
05/10/2023 16:35:20.092685,2114,True,True,True,True,Eyes,1.372684,-0.355174,-2.934318,0.2583428,0.02250763,0.965791,0.0,0.0,0.0,0.0,0.0,0.0,0.0,-1.177596,-0.05923894,3.045901,1.371734,-0.3553131,-2.942763,-0.06787484,-0.03245934,-0.002704992,0.9971622,352.2101,356.2751,359.9428,0.4212285,-0.1089611,-0.9003851,0,0,0,1.890329,-0.2913833,-0.9039657,0.6501598,-0.2072001,1.991,0.9978782,-0.0009882854,0.06510165,0.009800974,0.9907714,-0.1351888,-0.06436725,0.13554,0.9886788,static,18.811425203501862,-6.40906756158792,18.08441668004328,-5.941290766043414,0.5185949999999999,0.06392979999999998,2.0387972999999997,0.32064696077170163,-0.10573219472219711,0.9412789602175092,17.473817615328322,-6.0908434639616535,0.836125544588215,0.8644978447811856,0.6286471405211393
05/10/2023 16:35:20.109973,2115,True,True,True,True,Eyes,1.372558,-0.3551887,-2.934327,0.2584667,0.02263368,0.965755,0.0,0.0,0.0,0.0,0.0,0.0,0.0,-1.178021,-0.05964288,3.045738,1.371754,-0.3553076,-2.942764,-0.06790069,-0.03239738,-0.002803926,0.997162,352.2068,356.283,359.9311,0.4212263,-0.1089635,-0.9003858,0,0,0,1.890586,-0.2913941,-0.9040267,0.6501598,-0.2072001,1.991,0.9978851,-0.001192328,0.06499166,0.009991546,0.9907632,-0.1352343,-0.0642301,0.1355977,0.9886798,static,18.811877846454905,-6.400810447990954,18.08441668004328,-5.941290766043414,0.5188320000000002,0.06391350000000001,2.0387373,0.3206590906734393,-0.10559609554536997,0.941290205344924,17.474691954160825,-6.082878725740446,0.8326132501373736,0.8604406352178701,0.6259483937862632
05/10/2023 16:35:20.127476,2116,True,True,True,True,Eyes,1.372437,-0.3552016,-2.934337,0.2585781,0.02276813,0.965722,0.0,0.0,0.0,0.0,0.0,0.0,0.0,-1.177951,-0.06021178,3.045805,1.371786,-0.3553352,-2.942798,-0.06799124,-0.03241421,-0.002820789,0.9971554,352.1964,356.2811,359.9296,0.421221,-0.1089662,-0.9003879,0,0,0,1.890547,-0.291073,-0.9040543,0.6501598,-0.2072001,1.991,0.9978828,-0.001217766,0.06502757,0.01003329,0.9907385,-0.1354128,-0.06426042,0.1357785,0.988653,static,18.820591965875835,-6.402557585044947,18.08441668004328,-5.941290766043414,0.518761,0.06426219999999999,2.0387437,0.32080144291075074,-0.10561942113548445,0.9412390636457307,17.482998128404518,-6.08463066204506,0.8408172951375888,0.8687468732504525,0.6182641830488234
05/10/2023 16:35:20.142567,2117,True,True,True,True,Eyes,1.372281,-0.3552166,-2.934346,0.2587181,0.02290382,0.9656813,0.0,0.0,0.0,0.0,0.0,0.0,0.0,-1.177406,-0.06158799,3.046026,1.371798,-0.3553079,-2.942835,-0.06818431,-0.03250755,-0.002885939,0.9971388,352.174,356.2708,359.9235,0.4212131,-0.1089692,-0.9003913,0,0,0,1.89017,-0.2903311,-0.9040147,0.6501597,-0.2072,1.991,0.9978698,-0.001322354,0.06522263,0.01018837,0.9906851,-0.1357908,-0.06443552,0.1361661,0.9885883,static,18.840430690025265,-6.414545984669959,18.084414079601256,-5.941287919137228,0.5183719999999998,0.0649768,2.0388203000000003,0.32112098473242384,-0.10580426324724804,0.941109337139462,17.501483111817038,-6.096349655739764,0.863236218555404,0.8919273018743125,0.6032020021187261
05/10/2023 16:35:20.152894,2118,True,True,True,True,Eyes,1.372132,-0.355231,-2.934355,0.2588535,0.02303071,0.965642,0.0,0.0,0.0,0.0,0.0,0.0,0.0,-1.177126,-0.06307685,3.04607,1.371772,-0.355317,-2.942811,-0.06837256,-0.03255539,-0.003026976,0.997124,352.1518,356.2663,359.9084,0.4212019,-0.1089725,-0.9003962,0,0,0,1.88993,-0.2897376,-0.9039557,0.65016,-0.2072001,1.991,0.997862,-0.001584752,0.06533744,0.01048833,0.9906321,-0.1361547,-0.06450959,0.1365489,0.9885307,static,18.855046490029725,-6.42376925705087,18.084421880927106,-5.941290766043414,0.5181580000000001,0.06557940000000001,2.0388553,0.32135614075327146,-0.10594683407908972,0.9410130282722635,17.515080822650344,-6.1053607640674175,0.8799228518042097,0.9092017281326494,0.5925100884299781
05/10/2023 16:35:20.177547,2119,True,True,True,True,Eyes,1.371936,-0.3552489,-2.934362,0.2590005,0.02313554,0.9656001,0.0,0.0,0.0,0.0,0.0,0.0,0.0,-1.177241,-0.06305057,3.046,1.371767,-0.3553154,-2.942786,-0.06834561,-0.03253875,-0.003082166,0.9971263,352.1547,356.2686,359.9017,0.4211879,-0.1089762,-0.9004023,0,0,0,1.889985,-0.289911,-0.9039402,0.65016,-0.2072002,1.991,0.9978635,-0.001698856,0.06531179,0.01059438,0.9906387,-0.1360978,-0.06446919,0.136499,0.9885402,static,18.8617487547384,-6.412244848633879,18.084421880927106,-5.941293612949571,0.5182180000000001,0.06540440000000003,2.0388458,0.32147288817728176,-0.10575313470563459,0.9409949638538134,17.522152031489608,-6.094290357247519,0.880353519217106,0.908863100330196,0.5827138125634564
05/10/2023 16:35:20.192667,2120,True,True,True,True,Eyes,1.371748,-0.3552688,-2.934371,0.2591388,0.02321728,0.965561,0.0,0.0,0.0,0.0,0.0,0.0,0.0,-1.176849,-0.06273392,3.046138,1.371794,-0.3553305,-2.942752,-0.06827418,-0.03261052,-0.003130096,0.9971287,352.1627,356.2608,359.8965,0.4211703,-0.1089802,-0.9004101,0,0,0,1.889711,-0.2902646,-0.9038183,0.65016,-0.2072001,1.991,0.9978535,-0.001789303,0.06546118,0.01069513,0.9906576,-0.1359521,-0.06460636,0.1363604,0.9885504,static,18.877953471960993,-6.39735321695555,18.084421880927106,-5.941290766043414,0.517917,0.06506590000000001,2.0389337000000003,0.32174776611907147,-0.10549815255566036,0.9409296037864727,17.53856056419126,-6.080042464091481,0.8877398234013957,0.9152515201302623,0.563219860107767
05/10/2023 16:35:20.202580,2121,True,True,True,True,Eyes,1.371543,-0.3552873,-2.934384,0.2593019,0.02325778,0.9655163,0.0,0.0,0.0,0.0,0.0,0.0,0.0,-1.17666,-0.06136096,3.046286,1.371791,-0.3553933,-2.942794,-0.06803851,-0.03264358,-0.003168877,0.9971436,352.1896,356.2574,359.8914,0.4211496,-0.1089847,-0.9004192,0,0,0,1.889566,-0.2913243,-0.9037932,0.6501598,-0.2072001,1.991,0.9978487,-0.001877609,0.06553188,0.01076169,0.9907214,-0.1354814,-0.06466946,0.1358952,0.9886104,static,18.89054923211506,-6.366135228878213,18.08441668004328,-5.941290766043414,0.5177750000000001,0.06406900000000004,2.0390008,0.32197248533345263,-0.10497700161355829,0.940911086692178,17.552356877240683,-6.0500122321586085,0.8857632162327088,0.9112313148214071,0.5430543167608329
05/10/2023 16:35:20.228113,2122,True,True,True,True,Eyes,1.371346,-0.3553036,-2.934396,0.2594597,0.02330835,0.9654726,0.0,0.0,0.0,0.0,0.0,0.0,0.0,-1.176698,-0.05951959,3.04636,1.371761,-0.3553281,-2.942869,-0.06777673,-0.03262656,-0.003037147,0.9971623,352.2202,356.2584,359.9055,0.4211256,-0.1089896,-0.9004298,0,0,0,1.889623,-0.2921677,-0.9038625,0.6501598,-0.2072,1.991,0.9978526,-0.001634414,0.06547965,0.0104797,0.9907942,-0.1349706,-0.06465626,0.135367,0.9886836,static,18.896299198753372,-6.337196451674226,18.08441668004328,-5.941287919137228,0.517862,0.0631604,2.0390065,0.32208323373236203,-0.10449758782355173,0.9409264589446599,17.559434137989463,-6.022129650825093,0.8796620028224132,0.9032700539277514,0.5311704576156133
05/10/2023 16:35:20.243799,2123,True,True,True,True,Eyes,1.371147,-0.3553188,-2.934411,0.2596154,0.02331623,0.9654306,0.0,0.0,0.0,0.0,0.0,0.0,0.0,-1.176747,-0.06002736,3.046349,1.371781,-0.3552929,-2.942883,-0.06789819,-0.03261613,-0.002935224,0.9971547,352.2066,356.2588,359.9176,0.4210988,-0.1089947,-0.9004418,0,0,0,1.889702,-0.2915227,-0.9039097,0.6501597,-0.2072001,1.991,0.9978551,-0.001424592,0.06544526,0.0102829,0.9907625,-0.1352185,-0.06464807,0.1356015,0.9886521,static,18.90448022280308,-6.354293167271016,18.084414079601256,-5.941290766043414,0.5179210000000001,0.0637702,2.0389733000000003,0.3222081855347256,-0.10477364930417027,0.9408530243884213,17.56641214930868,-6.038689987078242,0.8934984643970785,0.9181935866938301,0.5270793185517975
05/10/2023 16:35:20.253691,2124,True,True,True,True,Eyes,1.370954,-0.3553351,-2.934426,0.2597744,0.02332447,0.9653876,0.0,0.0,0.0,0.0,0.0,0.0,0.0,-1.176737,-0.06081346,3.046417,1.371828,-0.355259,-2.942947,-0.0679244,-0.03263562,-0.003163876,0.9971517,352.2027,356.2583,359.8915,0.4210695,-0.109,-0.9004548,0,0,0,1.889634,-0.2916472,-0.9039403,0.6501597,-0.2072001,1.991,0.9978498,-0.001876218,0.06551512,0.01074324,0.9907525,-0.1352553,-0.06465551,0.1356684,0.9886423,static,18.917146396737305,-6.348721868059493,18.084414079601256,-5.941290766043414,0.517806,0.0636118,2.0390067000000003,0.3224195543431823,-0.10467420105368247,0.940791651026314,17.578915674442403,-6.033409493968925,0.9027305662780717,0.927061602533947,0.5138234109621306
05/10/2023 16:35:20.277814,2125,True,True,True,True,Eyes,1.370725,-0.3553504,-2.93444,0.2599293,0.02332498,0.9653459,0.0,0.0,0.0,0.0,0.0,0.0,0.0,-1.177432,-0.06084156,3.046147,1.371775,-0.3553011,-2.942967,-0.06793717,-0.03251278,-0.003167695,0.9971548,352.2013,356.2725,359.8901,0.4210381,-0.1090054,-0.9004688,0,0,0,1.890082,-0.2916534,-0.904088,0.6501598,-0.2072002,1.991,0.9978658,-0.001899711,0.06527095,0.01073502,0.990749,-0.1352818,-0.06441013,0.1356937,0.9886549,static,18.91229856196994,-6.349750785457838,18.08441668004328,-5.941293612949571,0.5183070000000001,0.06364769999999997,2.0388789999999997,0.32233927489956604,-0.10469412034954068,0.9408169510371072,17.574188633048763,-6.0343657223161165,0.8987614045688654,0.9231606968431216,0.5186473536824194
05/10/2023 16:35:20.293898,2126,True,True,True,True,Eyes,1.370506,-0.355365,-2.934452,0.260075,0.02333573,0.9653064,0.0,0.0,0.0,0.0,0.0,0.0,0.0,-1.176751,-0.06053442,3.046322,1.371707,-0.3552191,-2.942911,-0.06796697,-0.03260313,-0.002942473,0.9971504,352.1987,356.2603,359.9169,0.4210038,-0.1090111,-0.9004842,0,0,0,1.88968,-0.2911798,-0.9039593,0.6501598,-0.2072001,1.991,0.9978568,-0.001436305,0.06542042,0.01030005,0.9907436,-0.1353547,-0.06462046,0.1357384,0.9886351,static,18.930644967826268,-6.360547805349823,18.08441668004328,-5.941290766043414,0.517973,0.06403930000000002,2.0389517,0.32263483521844377,-0.10486025433703411,0.9406971340258954,17.591298493369766,-6.044923735340527,0.9193138847973062,0.9443933396906736,0.5038902046612039
05/10/2023 16:35:20.309704,2127,True,True,True,True,Eyes,1.370243,-0.3553836,-2.934464,0.2602142,0.02332884,0.9652691,0.0,0.0,0.0,0.0,0.0,0.0,0.0,-1.176451,-0.06070378,3.046438,1.371733,-0.3552173,-2.942903,-0.06805513,-0.03264933,-0.00279712,0.9971434,352.1891,356.2538,359.9344,0.4209673,-0.1090169,-0.9005006,0,0,0,1.88954,-0.2906474,-0.9039255,0.6501598,-0.2072002,1.991,0.9978524,-0.00113435,0.06549285,0.01002217,0.9907213,-0.1355388,-0.0647314,0.1359041,0.988605,static,18.94409691344493,-6.37631519884445,18.08441668004328,-5.941293612949571,0.5178069999999999,0.06456990000000001,2.0389774999999997,0.3228471021674994,-0.10511109053419909,0.9405963572866712,17.603427264376574,-6.060241152384986,0.9373965492486275,0.9634800900361215,0.49547889472826034
05/10/2023 16:35:20.325458,2128,True,True,True,True,Eyes,1.36999,-0.3554012,-2.934474,0.2603531,0.02331744,0.9652319,0.0,0.0,0.0,0.0,0.0,0.0,0.0,-1.17688,-0.06028777,3.046272,1.371781,-0.3552315,-2.94287,-0.06800563,-0.03258553,-0.002761955,0.9971489,352.1949,356.2609,359.9378,0.4209276,-0.1090231,-0.9005184,0,0,0,1.889853,-0.290827,-0.9039555,0.6501598,-0.2072001,1.991,0.9978611,-0.001076163,0.06536089,0.009940157,0.9907352,-0.1354434,-0.06460958,0.1358034,0.9886268,static,18.94471830856134,-6.3723175159691925,18.08441668004328,-5.941290766043414,0.5180720000000001,0.06440449999999998,2.0389145,0.32285956440066726,-0.10504498815448801,0.9405994432296929,17.604238271394056,-6.056388066859122,0.936412371817131,0.9622385105484033,0.49378000444323594
05/10/2023 16:35:20.342578,2129,True,True,True,True,Eyes,1.369725,-0.3554192,-2.934484,0.2604763,0.02326516,0.9651998,0.0,0.0,0.0,0.0,0.0,0.0,0.0,-1.177349,-0.06012937,3.046073,1.371799,-0.3552245,-2.942841,-0.06795986,-0.03251447,-0.002811175,0.9971542,352.2,356.2695,359.9314,0.4208853,-0.1090294,-0.9005374,0,0,0,1.890154,-0.2910691,-0.9039897,0.65016,-0.2072001,1.991,0.9978698,-0.001186991,0.06522597,0.01002571,0.9907471,-0.1353501,-0.06446178,0.1357157,0.9886485,static,18.943993837325078,-6.368248157294966,18.084421880927106,-5.941290766043414,0.5183549999999999,0.06415539999999997,2.0388513,0.32284991062396856,-0.10497853446714936,0.9406100504262012,17.603755904482007,-6.052455629748004,0.9342037321120487,0.9597690150083856,0.49335322825981454
05/10/2023 16:35:20.352688,2130,True,True,True,True,Eyes,1.36947,-0.3554353,-2.934493,0.2605938,0.02321824,0.9651693,0.0,0.0,0.0,0.0,0.0,0.0,0.0,-1.177553,-0.0607473,3.045943,1.371752,-0.3552174,-2.942823,-0.06801379,-0.03247874,-0.002926656,0.9971513,352.1934,356.2745,359.918,0.4208404,-0.1090361,-0.9005576,0,0,0,1.890235,-0.2909813,-0.9040072,0.6501598,-0.2072001,1.991,0.9978731,-0.001418633,0.06517055,0.01025464,0.9907311,-0.13545,-0.06437434,0.1358302,0.9886385,static,18.947646488583892,-6.373148445886599,18.08441668004328,-5.941290766043414,0.518483,0.06423610000000002,2.0388158,0.32290721773302505,-0.10505682058745304,0.9405817275035698,17.607016433912435,-6.057212076332777,0.9393511158165563,0.9652288630126028,0.49127257727761897
05/10/2023 16:35:20.372680,2131,True,True,True,True,Eyes,1.36923,-0.3554517,-2.934504,0.2606989,0.02312808,0.9651431,0.0,0.0,0.0,0.0,0.0,0.0,0.0,-1.17757,-0.0617798,3.045916,1.371737,-0.3551911,-2.942833,-0.06810859,-0.03248109,-0.003096852,0.9971443,352.1819,356.2755,359.8987,0.4207935,-0.1090429,-0.9005787,0,0,0,1.890185,-0.2907692,-0.9040148,0.6501598,-0.2072001,1.991,0.9978708,-0.001751534,0.0651985,0.0106005,0.9907033,-0.135627,-0.0643548,0.1360293,0.9886124,static,18.955423563048445,-6.383543923549597,18.08441668004328,-5.941290766043414,0.518448,0.06442189999999998,2.0388181999999997,0.32302918897023775,-0.10522284781860461,0.9405213040614655,17.61396063557495,-6.067302621818061,0.9503104092940149,0.9768525198649808,0.48703991373660116
05/10/2023 16:35:20.393160,2132,True,True,True,True,Eyes,1.368997,-0.3554671,-2.934514,0.2607991,0.02304112,0.9651181,0.0,0.0,0.0,0.0,0.0,0.0,0.0,-1.177334,-0.06251025,3.046021,1.371694,-0.3552229,-2.942879,-0.06816461,-0.03251988,-0.003258835,0.9971387,352.1748,356.2723,359.8805,0.420745,-0.1090498,-0.9006004,0,0,0,1.889961,-0.2907592,-0.9040155,0.6501597,-0.2072,1.991,0.9978637,-0.00206561,0.06529793,0.01093243,0.9906859,-0.1357272,-0.06440938,0.1361511,0.9885921,static,18.966910315955737,-6.389590777475272,18.084414079601256,-5.941287919137228,0.518267,0.06446370000000001,2.0388635,0.32321456418817984,-0.10531506259936929,0.9404472839057011,17.624711020715875,-6.073224790462052,0.9629109093758949,0.9898358752711905,0.4782616860710876
05/10/2023 16:35:20.403718,2133,True,True,True,True,Eyes,1.368769,-0.3554813,-2.934522,0.2608687,0.02291644,0.9651023,0.0,0.0,0.0,0.0,0.0,0.0,0.0,-1.177277,-0.06267124,3.04601,1.371659,-0.3552171,-2.942865,-0.06817246,-0.03252554,-0.003301744,0.9971378,352.1737,356.272,359.8757,0.4206954,-0.1090568,-0.9006228,0,0,0,1.889896,-0.2907712,-0.9039935,0.6501597,-0.2072001,1.991,0.9978624,-0.002149895,0.06531506,0.01101928,0.9906833,-0.1357399,-0.0644147,0.1361695,0.9885892,static,18.97219435674516,-6.396502128172687,18.084414079601256,-5.941290766043414,0.5182370000000001,0.0644459,2.0388715,0.3232975083916457,-0.1054253522340022,0.940406458666328,17.629437225994565,-6.079934268377147,0.9703148898394522,0.9976829179139504,0.4756321667604163
05/10/2023 16:35:20.422580,2134,True,True,True,True,Eyes,1.368549,-0.3554973,-2.934531,0.2609396,0.02279923,0.9650859,0.0,0.0,0.0,0.0,0.0,0.0,0.0,-1.177061,-0.06217259,3.04609,1.371666,-0.3551849,-2.942852,-0.06809487,-0.03256145,-0.003275503,0.997142,352.1827,356.2677,359.8787,0.4206448,-0.1090638,-0.9006456,0,0,0,1.88976,-0.2910194,-0.9039355,0.6501599,-0.2072001,1.991,0.997858,-0.002097747,0.06538287,0.01096682,0.9907048,-0.1355872,-0.06449069,0.1360138,0.9886057,static,18.980401510841396,-6.3955339398205515,18.084419280485232,-5.941290766043414,0.518094,0.06416550000000004,2.0389165,0.32343293348603325,-0.1054043051630839,0.9403622408972349,17.63739883385997,-6.079062063502283,0.9772501203913267,1.004550157053959,0.46776939842677817
05/10/2023 16:35:20.442887,2135,True,True,True,True,Eyes,1.368339,-0.3555106,-2.934539,0.2609889,0.02266665,0.9650757,0.0,0.0,0.0,0.0,0.0,0.0,0.0,-1.177287,-0.06174242,3.046017,1.371645,-0.3552426,-2.942861,-0.06808869,-0.03251461,-0.003146168,0.9971443,352.184,356.272,359.8932,0.4205936,-0.1090709,-0.9006686,0,0,0,1.889949,-0.2909557,-0.9040014,0.6501598,-0.2072001,1.991,0.9978659,-0.001846612,0.06527196,0.01070212,0.9907081,-0.1355839,-0.06441508,0.1359931,0.9886135,static,18.97773425436132,-6.407314294801512,18.08441668004328,-5.941290766043414,0.5183040000000001,0.06428690000000004,2.0388596000000003,0.32338242240023973,-0.10559957447707619,0.9403577130160289,17.63420307879162,-6.090409992710978,0.979503349957414,1.0075684681159967,0.47426662386670126
05/10/2023 16:35:20.458233,2136,True,True,True,True,Eyes,1.368137,-0.3555236,-2.934545,0.2610455,0.02254112,0.9650633,0.0,0.0,0.0,0.0,0.0,0.0,0.0,-1.177971,-0.06096062,3.045733,1.371616,-0.3551898,-2.942844,-0.06800645,-0.03239219,-0.003021759,0.9971543,352.1939,356.2852,359.9063,0.4205421,-0.1090779,-0.9006917,0,0,0,1.890438,-0.2911023,-0.9041103,0.6501598,-0.2072001,1.991,0.9978833,-0.001620565,0.06501102,0.01043207,0.990732,-0.1354301,-0.06418902,0.1358216,0.9886517,static,18.966477416488825,-6.409537035140837,18.08441668004328,-5.941290766043414,0.5188220000000001,0.06408750000000002,2.0387337,0.3231961506005613,-0.10564315520727535,0.9404168225647737,17.623235557585108,-6.092469771044566,0.9704234619515943,0.9986419334789194,0.4853278471970441
05/10/2023 16:35:20.472832,2137,True,True,True,True,Eyes,1.367984,-0.3555317,-2.934551,0.2610386,0.02235854,0.9650694,0.0,0.0,0.0,0.0,0.0,0.0,0.0,-1.17859,-0.0602099,3.045493,1.371608,-0.355192,-2.942831,-0.06797053,-0.03227981,-0.002820569,0.9971611,352.1988,356.2967,359.9285,0.4204906,-0.1090849,-0.900715,0,0,0,1.890917,-0.2910257,-0.9042242,0.6501597,-0.2072001,1.991,0.9979001,-0.001236971,0.06475976,0.01001327,0.9907441,-0.135373,-0.0639929,0.1357372,0.988676,static,18.952614486648354,-6.423352624130517,18.084414079601256,-5.941290766043414,0.519309,0.06416630000000001,2.0386068,0.3229604555693072,-0.10587891266366277,0.9404712658071365,17.609141180981712,-6.105696996696827,0.9639201900163397,0.9930536651254742,0.5029052960944896
05/10/2023 16:35:20.492704,2138,True,True,True,True,Eyes,1.367838,-0.3555386,-2.934555,0.261039,0.02218716,0.9650733,0.0,0.0,0.0,0.0,0.0,0.0,0.0,-1.179086,-0.0596264,3.045294,1.371593,-0.3551563,-2.942823,-0.06794527,-0.03218751,-0.002643615,0.9971663,352.2023,356.3059,359.9481,0.4204402,-0.1090917,-0.9007377,0,0,0,1.891306,-0.2908941,-0.9043215,0.6501599,-0.2072,1.991,0.997914,-0.0008982695,0.06455184,0.009646224,0.9907529,-0.1353353,-0.06383335,0.1356756,0.9886948,static,18.941602819768935,-6.436894209932259,18.084419280485232,-5.941287919137228,0.5197129999999999,0.06426219999999999,2.0385015,0.3227717765201257,-0.10610840758159008,0.9405102285915324,17.597809453384023,-6.118681382836988,0.9601109957464525,0.9901460576574269,0.5179358693842958
05/10/2023 16:35:20.512675,2139,True,True,True,True,Eyes,1.367838,-0.3555386,-2.934555,0.261039,0.02218716,0.9650733,0.0,0.0,0.0,0.0,0.0,0.0,0.0,-1.179591,-0.05950081,3.045083,1.3716,-0.3551371,-2.942804,-0.06796718,-0.0321009,-0.002541482,0.9971678,352.2002,356.3151,359.9592,0.4203912,-0.1090982,-0.9007598,0,0,0,1.891681,-0.2906749,-0.9044025,0.6501599,-0.2072001,1.991,0.9979262,-0.0007049516,0.06436544,0.009432182,0.990748,-0.1353862,-0.06367449,0.1357125,0.9887,static,18.93132181635593,-6.442897248268777,18.084419280485232,-5.941290766043414,0.520081,0.06446219999999997,2.0384015,0.3225993669837416,-0.10621354256437372,0.940557513265601,17.587581904449017,-6.124396555060299,0.953860555575764,0.9843032907974663,0.5295045875136939
05/10/2023 16:35:20.524376,2140,True,True,True,True,Eyes,1.367838,-0.3555386,-2.934555,0.261039,0.02218716,0.9650733,0.0,0.0,0.0,0.0,0.0,0.0,0.0,-1.180045,-0.05961049,3.044936,1.371637,-0.3550968,-2.942824,-0.06798717,-0.03203138,-0.002524704,0.9971688,352.1979,356.323,359.9607,0.420347,-0.109104,-0.9007797,0,0,0,1.892005,-0.2905403,-0.9044983,0.6501598,-0.2072001,1.991,0.9979352,-0.000679665,0.06422468,0.009390558,0.9907427,-0.1354276,-0.06353809,0.1357511,0.9887035,static,18.923332302284038,-6.445690922611022,18.08441668004328,-5.941290766043414,0.5203679999999999,0.06455650000000002,2.0383256999999997,0.32246644415325165,-0.10626448750646025,0.9405973394885309,17.579733214019583,-6.127032011538821,0.9482393105753939,0.9788763656279718,0.5377780314924331
05/10/2023 16:35:20.542789,2141,True,True,True,True,Eyes,1.367838,-0.3555386,-2.934555,0.261039,0.02218716,0.9650733,0.0,0.0,0.0,0.0,0.0,0.0,0.0,-1.180163,-0.05996767,3.044864,1.371622,-0.3551048,-2.94281,-0.06801527,-0.0320132,-0.002603448,0.9971671,352.1944,356.3257,359.9516,0.4203073,-0.1091092,-0.9007975,0,0,0,1.892052,-0.290528,-0.904501,0.6501598,-0.2072001,1.991,0.9979367,-0.0008373722,0.06419916,0.009546917,0.9907343,-0.1354785,-0.06349088,0.1358119,0.9886981,static,18.921662732510626,-6.446143973683973,18.08441668004328,-5.941290766043414,0.5204300000000002,0.06457679999999999,2.038309,0.32243874101302666,-0.10627298451262057,0.9406058765601406,17.578100008615497,-6.127456575052914,0.9470106701671697,0.9776797602677042,0.5394573942489536
05/10/2023 16:35:20.556895,2142,True,True,True,True,Eyes,1.367838,-0.3555386,-2.934555,0.261039,0.02218716,0.9650733,0.0,0.0,0.0,0.0,0.0,0.0,0.0,-1.179763,-0.06058413,3.045085,1.371585,-0.355154,-2.942903,-0.06810682,-0.03207324,-0.002639436,0.9971588,352.1838,356.319,359.9482,0.4202715,-0.109114,-0.9008136,0,0,0,1.891765,-0.290243,-0.9045412,0.6501598,-0.2072001,1.991,0.9979287,-0.0008950598,0.06432376,0.009632686,0.9907089,-0.1356573,-0.06360471,0.135996,0.9886656,static,18.929099347490062,-6.4556002621964765,18.08441668004328,-5.941290766043414,0.5201799999999999,0.06491100000000005,2.0383617999999997,0.32255559187479715,-0.10642374772977779,0.9405487653663704,17.584765895236316,-6.13663822125104,0.957654588726995,0.9889403756133276,0.5364806939809763
05/10/2023 16:35:20.577802,2143,True,True,True,True,Eyes,1.367838,-0.3555386,-2.934555,0.261039,0.02218716,0.9650733,0.0,0.0,0.0,0.0,0.0,0.0,0.0,-1.179862,-0.06114545,3.044993,1.371582,-0.3551176,-2.942864,-0.06816079,-0.03206058,-0.002720755,0.9971555,352.1773,356.3211,359.939,0.4202394,-0.1091182,-0.9008281,0,0,0,1.891802,-0.290084,-0.904516,0.6501598,-0.2072001,1.991,0.9979295,-0.001055483,0.06430966,0.00979658,0.9906934,-0.1357594,-0.06356786,0.1361082,0.9886524,moving,18.928183134433556,-6.4589710172314305,18.08441668004328,-5.941290766043414,0.5202199999999999,0.06503359999999997,2.038348,0.3225386073399348,-0.10647973181873872,0.9405482536530386,17.583703996887067,-6.139884086860031,0.9584061070450176,0.9899164975008888,0.5386580530786347
05/10/2023 16:35:20.592854,2144,True,True,True,True,Eyes,1.367838,-0.3555386,-2.934555,0.261039,0.02218716,0.9650733,0.0,0.0,0.0,0.0,0.0,0.0,0.0,-1.17977,-0.06107241,3.04504,1.371568,-0.3551103,-2.942882,-0.06812843,-0.03207541,-0.002763954,0.9971571,352.1808,356.3197,359.934,0.4202104,-0.1091221,-0.9008412,0,0,0,1.887519,-0.2902521,-0.9047821,0.6459497,-0.2072001,1.991,0.9979271,-0.001141699,0.06434504,0.009882687,0.9907018,-0.1356921,-0.06359182,0.1360468,0.9886594,moving,18.929924358173686,-6.453715635628826,17.974867249404863,-5.941290766043414,0.515951,0.06485819999999998,2.0380998999999997,0.32257022846900446,-0.10639224962421706,0.940547309223788,17.585661045900686,-6.134825788259746,1.0529998391044535,1.0838419294249002,0.43466915426610464
05/10/2023 16:35:20.608116,2145,True,True,True,True,Eyes,1.368072,-0.3555032,-2.934563,0.261393,0.02241128,0.9649723,0.0,0.0,0.0,0.0,0.0,0.0,0.0,-1.179445,-0.06088904,3.045187,1.371576,-0.3550889,-2.942899,-0.06809295,-0.03213007,-0.002763246,0.9971577,352.1849,356.3134,359.9344,0.4201843,-0.1091255,-0.9008529,0,0,0,1.882723,-0.2903633,-0.9050346,0.6413584,-0.2071999,1.991,0.9979201,-0.001135122,0.0644538,0.009886445,0.9907115,-0.1356212,-0.06370116,0.1359764,0.988662,moving,18.95667289703502,-6.435947781345347,17.855243656243715,-5.941285072231013,0.511147,0.0647256,2.0378644,0.3230200084756534,-0.10608337899260989,0.9404278263181218,17.612384548262728,-6.117882107217424,1.1779436090574487,1.207409445158701,0.30027830273816397
05/10/2023 16:35:20.623936,2146,True,True,True,True,Eyes,1.368297,-0.3554693,-2.934571,0.261732,0.02262384,0.9648754,0.0,0.0,0.0,0.0,0.0,0.0,0.0,-1.179075,-0.0610278,3.045344,1.371571,-0.3550727,-2.94292,-0.06810145,-0.03219087,-0.002786442,0.9971551,352.1838,356.3066,359.9322,0.4201668,-0.1091272,-0.9008609,0,0,0,1.878286,-0.290329,-0.9052631,0.6371697,-0.2071999,1.991,0.997912,-0.00117254,0.06457811,0.00994152,0.9907088,-0.135636,-0.06381907,0.1359948,0.9886519,moving,18.983537769256294,-6.423151646792549,17.74596899971234,-5.941285072231013,0.5067149999999998,0.06474370000000002,2.0376569,0.3234687822898126,-0.10585619189990333,0.940299116773967,17.638956406735627,-6.105737045317849,1.299477585745763,1.3280707266671485,0.1962043488502564
05/10/2023 16:35:20.642955,2147,True,True,True,True,Eyes,1.368265,-0.3554529,-2.934582,0.261904,0.02295103,0.964821,0.0,0.0,0.0,0.0,0.0,0.0,0.0,-1.179047,-0.06092712,3.045356,1.371586,-0.3550723,-2.942912,-0.06807473,-0.03219931,-0.002809786,0.9971566,352.1868,356.3058,359.9295,0.4201566,-0.1091273,-0.9008657,0,0,0,1.874002,-0.2904574,-0.9055175,0.6328992,-0.2072,1.991,0.9979106,-0.001219674,0.06459805,0.009987511,0.9907159,-0.1355814,-0.06383295,0.1359433,0.9886581,moving,18.994006127088838,-6.399321792980172,17.63442285872068,-5.941287919137228,0.502416,0.06461490000000003,2.0373945000000004,0.3236543457462563,-0.10545803112571112,0.9402800036083468,17.650310312436265,-6.0828203087135595,1.4074742877137871,1.4346643137731623,0.14242130628789865
05/10/2023 16:35:20.652866,2148,True,True,True,True,Eyes,1.368235,-0.3554374,-2.934591,0.2620675,0.02326122,0.9647692,0.0,0.0,0.0,0.0,0.0,0.0,0.0,-1.179164,-0.06114909,3.045286,1.371632,-0.3550331,-2.942875,-0.06812072,-0.03218621,-0.002775556,0.997154,352.1817,356.307,359.9335,0.4201465,-0.1091269,-0.9008704,0,0,0,1.869277,-0.2901889,-0.9058142,0.6280589,-0.2072,1.991,0.9979127,-0.001150219,0.06456736,0.00992041,0.9907038,-0.135675,-0.06381106,0.1360324,0.9886472,moving,19.001610818579813,-6.386967921168258,17.507826351156087,-5.941287919137228,0.4976450000000001,0.06484419999999996,2.0370608,0.3237863184037199,-0.1052502694950486,0.9402578736530541,17.658295306920042,-6.070956293385777,1.5322554057796485,1.5588530076074412,0.198632308371415
05/10/2023 16:35:20.672539,2149,True,True,True,True,Eyes,1.368236,-0.3554258,-2.9346,0.2620631,0.02350711,0.9647644,0.0,0.0,0.0,0.0,0.0,0.0,0.0,-1.179086,-0.06088322,3.045328,1.371664,-0.3550363,-2.942866,-0.06807225,-0.03220492,-0.002786256,0.9971567,352.1872,356.305,359.9322,0.4201366,-0.1091262,-0.9008752,0,0,0,1.865607,-0.2903945,-0.9060147,0.6244286,-0.2072,1.991,0.9979101,-0.001172147,0.06460603,0.009941189,0.9907168,-0.1355779,-0.06384736,0.1359368,0.988658,moving,19.00278907367279,-6.3661004890837125,17.41276098552288,-5.941287919137228,0.493943,0.06464180000000003,2.0368513,0.32381746616465634,-0.10490662954954232,0.9402855139758235,17.660538032560673,-6.050828014076835,1.6202203279689147,1.6457992103200796,0.27091049709848275
05/10/2023 16:35:20.692814,2150,True,True,True,True,Eyes,1.368236,-0.3554114,-2.934607,0.2620633,0.02374312,0.9647586,0.0,0.0,0.0,0.0,0.0,0.0,0.0,-1.179098,-0.06053403,3.045398,1.371692,-0.3551245,-2.942912,-0.06802183,-0.03220804,-0.00279997,0.9971598,352.1929,356.3047,359.9305,0.4201276,-0.1091251,-0.9008795,0,0,0,1.861176,-0.2906966,-0.9063379,0.6199753,-0.2072001,1.991,0.9979096,-0.001202335,0.06461404,0.009965735,0.9907303,-0.1354769,-0.06385221,0.1358376,0.9886714,moving,19.002472647211658,-6.345472010275839,17.296008786424892,-5.941290766043414,0.48948400000000003,0.06442789999999998,2.0365741,0.32382390142998707,-0.1045678475511646,0.9403210682258284,17.661327472742705,-6.030919016005028,1.728975346206219,1.753676534130666,0.37615284893797446
05/10/2023 16:35:20.715102,2151,True,True,True,True,Eyes,1.368316,-0.3553907,-2.934613,0.2618775,0.02391949,0.9648046,0.0,0.0,0.0,0.0,0.0,0.0,0.0,-1.179359,-0.06070334,3.045283,1.371719,-0.3551005,-2.942891,-0.06803477,-0.03217127,-0.002829757,0.9971601,352.1913,356.3092,359.9268,0.4201194,-0.1091236,-0.9008835,0,0,0,1.856985,-0.2906508,-0.9066343,0.6156018,-0.2072002,1.991,0.997914,-0.001265911,0.06454486,0.01002097,0.9907265,-0.1355011,-0.06377477,0.1358652,0.9886726,moving,18.986926901498236,-6.335285665680377,17.181204312859858,-5.941293612949571,0.4852660000000002,0.0644497,2.0362567,0.323574120256669,-0.10441008969745616,0.9404244813161566,17.646884553724334,-6.020971500517815,1.8238130747280836,1.848205563440907,0.4724475129566605
05/10/2023 16:35:20.723991,2152,True,True,True,True,Eyes,1.368392,-0.3553748,-2.934618,0.2616985,0.02409191,0.9648489,0.0,0.0,0.0,0.0,0.0,0.0,0.0,-1.179088,-0.06154671,3.045366,1.371661,-0.3549811,-2.942928,-0.06811482,-0.03220977,-0.002920876,0.9971532,352.1818,356.3055,359.9169,0.4201141,-0.1091216,-0.9008862,0,0,0,1.852348,-0.2902977,-0.9069241,0.6111835,-0.2072,1.991,0.997908,-0.001437197,0.06463405,0.01021305,0.9907036,-0.1356537,-0.06383824,0.13603,0.9886458,moving,18.980964365291364,-6.331074934121118,17.065079217955514,-5.941287919137228,0.4806870000000001,0.0646834,2.0360039000000003,0.3234784952711848,-0.10434458444022982,0.9404646700732539,17.641361121020196,-6.016863001901223,1.930671872840904,1.9551342191348813,0.5812163323020412
05/10/2023 16:35:20.742575,2153,True,True,True,True,Eyes,1.368476,-0.3553593,-2.934624,0.261367,0.02421396,0.9649358,0.0,0.0,0.0,0.0,0.0,0.0,0.0,-1.179067,-0.06220937,3.045337,1.371634,-0.3550805,-2.942904,-0.06819092,-0.03221455,-0.003040687,0.9971474,352.1726,356.3058,359.9034,0.4201111,-0.1091191,-0.9008879,0,0,0,1.847966,-0.2902119,-0.9071761,0.6068568,-0.2072001,1.991,0.997906,-0.001670546,0.06466001,0.01045751,0.9906815,-0.1357969,-0.06383061,0.1361887,0.9886245,moving,18.962226171711283,-6.328490291945623,16.951221409665678,-5.941290766043414,0.476332,0.0648686,2.0357279,0.3231719900022067,-0.10431371479645374,0.9405735678047197,17.62343794892935,-6.0142270171940755,2.0233536276275026,2.047941314058827,0.6761617945370331
05/10/2023 16:35:20.757626,2154,True,True,True,True,Eyes,1.36856,-0.3553427,-2.93463,0.2610343,0.02434292,0.9650226,0.0,0.0,0.0,0.0,0.0,0.0,0.0,-1.178229,-0.06108627,3.045728,1.371653,-0.3550696,-2.942942,-0.06808729,-0.03234527,-0.002830702,0.997151,352.1853,356.2891,359.9283,0.4201106,-0.1091163,-0.9008886,0,0,0,1.843317,-0.2903773,-0.9073625,0.6026816,-0.2072,1.991,0.9978915,-0.00124067,0.0648917,0.01004988,0.9907123,-0.1356035,-0.06412076,0.1359697,0.9886358,moving,18.95595772180286,-6.316483265604677,16.841219415818347,-5.941287919137228,0.4716640000000001,0.06469229999999998,2.0355795,0.3230756675598207,-0.1041202210762935,0.940628085183074,17.618033292710724,-6.002592733319446,2.1234499629863794,2.1477638722189827,0.7792291572923078
05/10/2023 16:35:20.777796,2155,True,True,True,True,Eyes,1.368702,-0.3553223,-2.934632,0.2606149,0.02447863,0.9651324,0.0,0.0,0.0,0.0,0.0,0.0,0.0,-1.177236,-0.06251687,3.046148,1.371744,-0.3550283,-2.942971,-0.06826773,-0.0325271,-0.002936183,0.9971324,352.1642,356.2689,359.9182,0.4201122,-0.1091131,-0.9008882,0,0,0,1.837941,-0.2896963,-0.9075454,0.5979591,-0.2072,1.991,0.9978667,-0.001414426,0.06526852,0.01029663,0.9906618,-0.1359529,-0.06446674,0.1363349,0.988563,moving,18.952721288202063,-6.3260246697970155,16.71664372745473,-5.941287919137228,0.466197,0.065332,2.0354256,0.3230170932202593,-0.10427905150568795,0.9406304884826215,17.614407736636043,-6.01177575491451,2.2437838501245086,2.2689348216698497,0.9005269297327361
05/10/2023 16:35:20.792974,2156,True,True,True,True,Eyes,1.368838,-0.3553017,-2.934631,0.2602134,0.02460862,0.9652375,0.0,0.0,0.0,0.0,0.0,0.0,0.0,-1.177353,-0.06479034,3.046046,1.371835,-0.3550052,-2.942923,-0.06860503,-0.03252609,-0.003023913,0.9971091,352.1251,356.2695,359.9093,0.4201172,-0.1091094,-0.9008863,0,0,0,1.834037,-0.2883949,-0.9077977,0.5939617,-0.2071999,1.991,0.9978659,-0.001567434,0.06527903,0.01049325,0.9905684,-0.1366166,-0.06444921,0.1370101,0.9884709,moving,18.930095999921573,-6.354459419173684,16.611068241513063,-5.941285072231013,0.462202,0.06661030000000001,2.0351253,0.32262923602515964,-0.10476050550621219,0.9407101794240454,17.5910923976432,-6.039044252796164,2.3287926329334634,2.3555472368943695,0.9848879144264893
05/10/2023 16:35:20.808876,2157,True,True,True,True,Eyes,1.368971,-0.3552833,-2.934627,0.2597205,0.02471696,0.9653674,0.0,0.0,0.0,0.0,0.0,0.0,0.0,-1.177607,-0.0662947,3.045813,1.371817,-0.3549794,-2.942828,-0.06870468,-0.03249844,-0.003375473,0.997102,352.1124,356.2755,359.8689,0.4201252,-0.1091053,-0.9008831,0,0,0,1.829805,-0.2883288,-0.9079974,0.5896768,-0.2072001,1.991,0.997865,-0.002265792,0.06527233,0.01119697,0.9905366,-0.1367917,-0.06434468,0.1372305,0.988447,moving,18.898988279149094,-6.3473652310347966,16.497770561931144,-5.941290766043414,0.45798799999999984,0.0666506,2.0348306000000003,0.3221217438814807,-0.10466312772574524,0.9408948373904861,17.561486442446146,-6.031962930843223,2.408651985526941,2.4353116836658546,1.0675733773044778
05/10/2023 16:35:20.824524,2158,True,True,True,True,Eyes,1.369096,-0.3552667,-2.934625,0.2592458,0.0247989,0.9654929,0.0,0.0,0.0,0.0,0.0,0.0,0.0,-1.178505,-0.06640911,3.045419,1.371788,-0.3550054,-2.942793,-0.06859618,-0.03236225,-0.003697337,0.9971127,352.1237,356.2938,359.8303,0.4201358,-0.1091009,-0.9008787,0,0,0,1.825653,-0.2891282,-0.9083518,0.5850384,-0.2072001,1.991,0.997878,-0.002933471,0.06504485,0.01181318,0.9905617,-0.1365569,-0.06403036,0.1370355,0.9884946,moving,18.855539991563113,-6.31863086888808,16.374976200933062,-5.941290766043414,0.45386499999999996,0.06587720000000002,2.0344412,0.3214232888681683,-0.1042173727936236,0.9411831483778412,17.52113446174019,-6.003905333691133,2.4835289403053973,2.509099892909756,1.147867301955295
05/10/2023 16:35:20.842666,2159,True,True,True,True,Eyes,1.369254,-0.3552452,-2.934622,0.2586502,0.02486311,0.965651,0.0,0.0,0.0,0.0,0.0,0.0,0.0,-1.178207,-0.06359327,3.045597,1.371721,-0.3550234,-2.942824,-0.06823646,-0.03238996,-0.003447029,0.9971374,352.1659,356.2888,359.8581,0.4201486,-0.1090962,-0.9008733,0,0,0,1.821508,-0.2903305,-0.9085878,0.5810306,-0.2072001,1.991,0.9978781,-0.00245397,0.0650649,0.01129467,0.9906638,-0.1358589,-0.06412404,0.1363055,0.9885893,moving,18.820695215883674,-6.282231833330776,16.268751248265097,-5.941290766043414,0.44978699999999994,0.0646929,2.0342362,0.3208703154675324,-0.1036399560905536,0.9414355815207046,17.48948138155595,-5.968516383283437,2.550435752422268,2.5746181901843017,1.2210336983713452
05/10/2023 16:35:20.853031,2160,True,True,True,True,Eyes,1.369408,-0.3552258,-2.934621,0.2580759,0.0249146,0.9658033,0.0,0.0,0.0,0.0,0.0,0.0,0.0,-1.177405,-0.06284049,3.045933,1.371715,-0.3549384,-2.942848,-0.06814975,-0.03251455,-0.003314847,0.9971397,352.1763,356.2733,359.874,0.4201641,-0.1090911,-0.9008667,0,0,0,1.816603,-0.2904405,-0.9087865,0.5766113,-0.2072,1.990999,0.9978637,-0.002179014,0.06529491,0.01104245,0.9906892,-0.1356941,-0.06439129,0.1361252,0.9885968,moving,18.799882635283144,-6.2742527448910845,16.151493985001274,-5.941290881865796,0.44488799999999995,0.0644979,2.0340615,0.32053229476784545,-0.10352135546376032,0.9415637518079512,17.469845063948632,-5.960659029467839,2.6450456382183662,2.669236978084017,1.3184933418501585
05/10/2023 16:35:20.873087,2161,True,True,True,True,Eyes,1.369564,-0.3552065,-2.934619,0.2574035,0.02492742,0.9659824,0.0,0.0,0.0,0.0,0.0,0.0,0.0,-1.177216,-0.06163421,3.046089,1.371755,-0.3549677,-2.942886,-0.06799135,-0.03254805,-0.003223219,0.9971498,352.1948,356.2688,359.8842,0.420182,-0.1090858,-0.9008589,0,0,0,1.812299,-0.2910061,-0.9090565,0.572382,-0.2072001,1.991,0.9978604,-0.002002092,0.06534885,0.01085403,0.9907336,-0.1353853,-0.06447225,0.1358049,0.9886356,moving,18.762685283242245,-6.258789425846519,16.03913260190925,-5.941290766043414,0.44054400000000005,0.06396160000000001,2.0338295,0.3199287046954107,-0.10328948123630072,0.9417944797925495,17.434813797826266,-5.94545536729048,2.7181887074976054,2.7419964637053975,1.3956874093219775
05/10/2023 16:35:20.892890,2162,True,True,True,True,Eyes,1.369712,-0.355189,-2.934617,0.2567571,0.02494245,0.966154,0.0,0.0,0.0,0.0,0.0,0.0,0.0,-1.17752,-0.06118277,3.045961,1.371764,-0.354952,-2.942864,-0.06794019,-0.03249733,-0.003165161,0.9971551,352.2009,356.2743,359.8903,0.4202022,-0.1090801,-0.9008502,0,0,0,1.808207,-0.2911347,-0.9093587,0.568057,-0.2072,1.991,0.9978678,-0.001896564,0.06523982,0.01072806,0.9907482,-0.1352881,-0.06437965,0.1356995,0.9886562,moving,18.717903650718213,-6.254314155647673,15.924105433254239,-5.941287919137228,0.4364429999999999,0.06381729999999997,2.0335053000000003,0.3191940565619974,-0.10324290720036944,0.9420488003796431,17.39188967191312,-5.940797847671147,2.7873965804156002,2.811279762785763,1.467784320472689
05/10/2023 16:35:20.902741,2163,True,True,True,True,Eyes,1.369857,-0.3551708,-2.934615,0.2559424,0.02494531,0.9663701,0.0,0.0,0.0,0.0,0.0,0.0,0.0,-1.177331,-0.06065229,3.046043,1.371727,-0.3549778,-2.942876,-0.06792747,-0.03251424,-0.002995506,0.9971559,352.203,356.271,359.91,0.420224,-0.1090743,-0.9008408,0,0,0,1.803749,-0.2910338,-0.9096512,0.5636697,-0.2072001,1.991,0.9978677,-0.001556753,0.06525048,0.01039119,0.9907538,-0.1352738,-0.06443657,0.1356633,0.9886574,moving,18.670679079686046,-6.25910499144982,15.807286556032981,-5.941290766043414,0.43202200000000013,0.063944,2.0332248,0.31841392918577915,-0.10335028886266479,0.942301033786573,17.346119384159383,-5.945063689555097,2.856628995051284,2.880975985040997,1.5388374533625462
05/10/2023 16:35:20.922903,2164,True,True,True,True,Eyes,1.369996,-0.3551523,-2.934614,0.2551612,0.02494818,0.9665767,0.0,0.0,0.0,0.0,0.0,0.0,0.0,-1.177077,-0.06096393,3.04617,1.37175,-0.354942,-2.942906,-0.06798144,-0.03255788,-0.002971913,0.9971509,352.1969,356.2657,359.9132,0.4202475,-0.1090684,-0.9008306,0,0,0,1.79917,-0.2907461,-0.9099417,0.5592324,-0.2072001,1.991,0.9978623,-0.001500227,0.06533431,0.01035355,0.9907394,-0.135382,-0.06452616,0.135769,0.988637,moving,18.629329136339,-6.266565056782311,15.688999018047147,-5.941290766043414,0.4274199999999999,0.06419589999999997,2.0329642999999997,0.3177289202928696,-0.10349807604970954,0.9425161261841507,17.30586958341835,-5.95194980631279,2.933313082993661,2.9582671564194247,1.6169056992611712
05/10/2023 16:35:20.943251,2165,True,True,True,True,Eyes,1.370134,-0.3551354,-2.934612,0.2540448,0.02490201,0.9668719,0.0,0.0,0.0,0.0,0.0,0.0,0.0,-1.177194,-0.06130171,3.046096,1.371735,-0.3549147,-2.942893,-0.06800347,-0.03253984,-0.003043666,0.9971498,352.1941,356.2684,359.9049,0.4202721,-0.1090623,-0.9008198,0,0,0,1.794916,-0.2906945,-0.9102238,0.5549214,-0.2071999,1.991,0.9978638,-0.001644339,0.06530812,0.01049562,0.9907326,-0.1354212,-0.06448021,0.1358173,0.9886333,moving,18.561265499341033,-6.270105301205623,15.573946785589472,-5.941285072231013,0.42318100000000003,0.0642202,2.0326692,0.3166057554700595,-0.10359733559133666,0.9428830941215879,17.240080478518042,-5.954851133315422,2.980093246617535,3.005361183038271,1.6661889210786212
05/10/2023 16:35:20.953094,2166,True,True,True,True,Eyes,1.370268,-0.3551176,-2.934613,0.2529655,0.02486324,0.9671558,0.0,0.0,0.0,0.0,0.0,0.0,0.0,-1.176858,-0.06144163,3.046253,1.371731,-0.3549182,-2.942926,-0.06803885,-0.03259218,-0.003011286,0.9971457,352.1902,356.2621,359.9092,0.4202978,-0.109056,-0.9008086,0,0,0,1.790552,-0.2905127,-0.9104912,0.5507601,-0.2072,1.991,0.9978574,-0.001570313,0.06540808,0.01044045,0.9907233,-0.135493,-0.06458854,0.1358856,0.9886169,moving,18.5031930259305,-6.278417739311588,15.462767458959952,-5.941287919137228,0.4188209999999999,0.0644055,2.0324348,0.3156442318313153,-0.10376916115101983,0.943186485522784,17.183667901324725,-5.962433257356963,3.033252826181312,3.059059356066661,1.7210303477451225
05/10/2023 16:35:20.977188,2167,True,True,True,True,Eyes,1.370447,-0.355098,-2.93461,0.2516745,0.02483375,0.9674932,0.0,0.0,0.0,0.0,0.0,0.0,0.0,-1.176326,-0.06214631,3.046511,1.371745,-0.3548829,-2.942993,-0.06812343,-0.03268328,-0.003064902,0.9971368,352.1802,356.2519,359.9041,0.4203243,-0.1090497,-0.9007969,0,0,0,1.785668,-0.2901725,-0.9107878,0.5462298,-0.2071999,1.991,0.9978449,-0.00165926,0.06559698,0.01056525,0.9906996,-0.1356564,-0.06476181,0.1360571,0.988582,moving,18.437504131242523,-6.2891153499466,15.341593567495,-5.941285072231013,0.41392300000000004,0.0647104,2.0322052,0.3145555160146701,-0.10398484564386967,0.9435262796322726,17.119787901597196,-5.972259454368533,3.088939710147622,3.115388919672664,1.7784640851538027
05/10/2023 16:35:20.992870,2168,True,True,True,True,Eyes,1.370619,-0.3550811,-2.934605,0.2504336,0.02480498,0.967816,0.0,0.0,0.0,0.0,0.0,0.0,0.0,-1.176391,-0.06324902,3.04644,1.371764,-0.3548821,-2.94296,-0.06825822,-0.03268098,-0.0031804,0.9971272,352.1643,356.2531,359.8912,0.4203528,-0.1090432,-0.9007844,0,0,0,1.781453,-0.2897294,-0.9110448,0.5419941,-0.2072,1.991,0.9978437,-0.001881035,0.06560836,0.01080402,0.9906614,-0.1359164,-0.06474001,0.1363321,0.9885455,moving,18.364490020182977,-6.303335495003164,15.228172109741733,-5.941287919137228,0.40968899999999997,0.06515269999999995,2.0319152,0.3133437507587112,-0.10426302051025085,0.9438988300195643,17.048660807876214,-5.985429488798321,3.1299749718617726,3.1571456226384194,1.8210237720050562
05/10/2023 16:35:21.002768,2169,True,True,True,True,Eyes,1.370793,-0.3550661,-2.934601,0.2489934,0.02477486,0.9681883,0.0,0.0,0.0,0.0,0.0,0.0,0.0,-1.176301,-0.06330717,3.046403,1.37174,-0.3549305,-2.942892,-0.06826177,-0.03269431,-0.003216598,0.9971266,352.1638,356.2518,359.8871,0.4203828,-0.1090366,-0.9007712,0,0,0,1.776672,-0.2897876,-0.9112731,0.537286,-0.2072,1.991,0.9978415,-0.001951167,0.06563985,0.01087825,0.99066,-0.1359209,-0.06476156,0.1363416,0.9885429,moving,18.280638094812655,-6.305269203349692,15.101957383940904,-5.941287919137228,0.40493200000000007,0.0651429,2.0316189000000002,0.31195933381217084,-0.10434492289392444,0.9443482420707929,16.967739824375272,-5.986661030842399,3.1720640623378658,3.199452052606054,1.866334062888805
05/10/2023 16:35:21.022641,2170,True,True,True,True,Eyes,1.370959,-0.3550488,-2.934597,0.2476087,0.02474075,0.9685442,0.0,0.0,0.0,0.0,0.0,0.0,0.0,-1.175911,-0.06293786,3.046613,1.371732,-0.3549631,-2.942946,-0.06821574,-0.03275511,-0.003186653,0.9971277,352.1692,356.2445,359.8909,0.4204143,-0.1090299,-0.9007573,0,0,0,1.772409,-0.2899658,-0.9115382,0.5332659,-0.2072,1.991,0.9978339,-0.001886171,0.06575681,0.01082383,0.9906729,-0.1358308,-0.0648873,0.1362484,0.9885474,moving,18.205147737285447,-6.303957968788993,14.994067612475865,-5.941287919137228,0.40067699999999995,0.06499729999999998,2.0314078,0.31071406443655347,-0.10436810500642496,0.9447561109612246,16.8950500667035,-5.984824454869598,3.2040594803150233,3.2314958042463147,1.9014809284410144
05/10/2023 16:35:21.042909,2171,True,True,True,True,Eyes,1.371108,-0.3550362,-2.934592,0.2460545,0.02467122,0.968942,0.0,0.0,0.0,0.0,0.0,0.0,0.0,-1.175835,-0.0629293,3.046656,1.371728,-0.3548886,-2.942971,-0.06816866,-0.03277048,-0.003263526,0.9971302,352.1743,356.2434,359.882,0.4204469,-0.1090232,-0.9007428,0,0,0,1.768093,-0.2901436,-0.9118196,0.5290182,-0.2072001,1.991,0.9978309,-0.002040481,0.06579779,0.01097616,0.9906848,-0.1357321,-0.06490792,0.1361599,0.9885582,moving,18.114858577418882,-6.301109913097802,14.879951255599883,-5.941290766043414,0.39636499999999986,0.064745,2.0311514,0.3092246921974532,-0.10437443931259872,0.9452439640558989,16.808178420933178,-5.981392856600043,3.227474232861955,3.254857170344825,1.928644129640377
05/10/2023 16:35:21.053101,2172,True,True,True,True,Eyes,1.371253,-0.355025,-2.934591,0.2445543,0.02461397,0.9693232,0.0,0.0,0.0,0.0,0.0,0.0,0.0,-1.175978,-0.06172574,3.046603,1.371731,-0.3549575,-2.942938,-0.06801867,-0.0327446,-0.003176038,0.9971415,352.1919,356.2458,359.8913,0.4204801,-0.1090166,-0.9007282,0,0,0,1.763762,-0.2907317,-0.9120852,0.5245572,-0.2072,1.991,0.9978355,-0.001879431,0.06573405,0.01078841,0.9907268,-0.1354405,-0.06486993,0.1358565,0.9886025,moving,18.022013131782035,-6.290973859830647,14.75997434225459,-5.941287919137228,0.392031,0.0642258,2.0308528,0.30769622734742313,-0.10426152997253167,0.9457550868326539,16.719229624764104,-5.970908954566047,3.2536730802640275,3.2807281694008603,1.9594791827884541
05/10/2023 16:35:21.077971,2173,True,True,True,True,Eyes,1.371386,-0.3550138,-2.934589,0.2429292,0.02454426,0.9697334,0.0,0.0,0.0,0.0,0.0,0.0,0.0,-1.175318,-0.06165174,3.046949,1.371768,-0.3549821,-2.94301,-0.06809034,-0.03284827,-0.002976505,0.9971338,352.1844,356.2322,359.9154,0.4205137,-0.1090101,-0.9007133,0,0,0,1.759021,-0.29027,-0.9123877,0.5201613,-0.2071999,1.991,0.9978243,-0.001462649,0.06591357,0.01040925,0.9907097,-0.1355948,-0.06510288,0.1359859,0.9885694,moving,17.937194178284976,-6.31122437803208,14.64161862512095,-5.941285072231013,0.38725299999999985,0.06471210000000005,2.0306223,0.30628335477929025,-0.10464587537641787,0.9461710370429831,16.636404821180378,-5.989809008755062,3.2883058262619835,3.316274011083667,1.995376290428708
05/10/2023 16:35:21.092691,2174,True,True,True,True,Eyes,1.371513,-0.3550012,-2.934585,0.2413787,0.02446456,0.9701226,0.0,0.0,0.0,0.0,0.0,0.0,0.0,-1.174971,-0.06257337,3.047112,1.371821,-0.3549529,-2.943039,-0.0681536,-0.03292267,-0.003171126,0.9971265,352.1764,356.2251,359.8938,0.4205473,-0.1090037,-0.9006984,0,0,0,1.75447,-0.2901478,-0.9126387,0.5158789,-0.2072,1.991,0.9978121,-0.001836431,0.06608838,0.01081162,0.9906901,-0.1357067,-0.06522388,0.1361243,0.9885424,moving,17.854934064028992,-6.317981648534351,14.526195813236557,-5.941287919137228,0.382649,0.0648051,2.0304003,0.3049194796727272,-0.10480564459086844,0.9465938613357099,16.556762153132865,-5.9957073617794565,3.3216439266078743,3.3499845534055517,2.0312954330814077
05/10/2023 16:35:21.102958,2175,True,True,True,True,Eyes,1.371595,-0.3549915,-2.934583,0.2396891,0.02437049,0.9705437,0.0,0.0,0.0,0.0,0.0,0.0,0.0,-1.175928,-0.06273904,3.046647,1.371797,-0.3548998,-2.942961,-0.06806061,-0.03277607,-0.003448835,0.9971368,352.186,356.2443,359.8603,0.4205808,-0.1089974,-0.9006835,0,0,0,1.750296,-0.2907192,-0.9129561,0.5111644,-0.2072001,1.991,0.9978277,-0.002416403,0.06583389,0.01133944,0.9907117,-0.1355054,-0.06489497,0.1359575,0.988587,moving,17.738746286731896,-6.304609588567226,14.398987221047886,-5.941290766043414,0.37849900000000014,0.06418059999999998,2.0300049,0.3030042012022706,-0.10465181445735292,0.9472255860331782,16.445487169231612,-5.981924065445199,3.331652094491263,3.359462930829662,2.0469032959415228
05/10/2023 16:35:21.122537,2176,True,True,True,True,Eyes,1.371672,-0.3549803,-2.934578,0.2380576,0.02428892,0.9709473,0.0,0.0,0.0,0.0,0.0,0.0,0.0,-1.175535,-0.06207663,3.046862,1.371777,-0.3548845,-2.943024,-0.06798626,-0.0328324,-0.003352105,0.9971403,352.1949,356.237,359.8716,0.4206131,-0.1089914,-0.9006692,0,0,0,1.746179,-0.2909057,-0.9132282,0.507274,-0.2072001,1.991,0.9978216,-0.002220733,0.06593282,0.01114934,0.9907333,-0.1353636,-0.06502123,0.1358038,0.9885998,moving,17.648041686478056,-6.305137181956573,14.293905456208998,-5.941290766043414,0.3744019999999999,0.0639788,2.0297957999999996,0.30150235379693846,-0.10471284593178762,0.9476980439367741,16.358036021553232,-5.9817468448569135,3.3459570600427426,3.3738129861591877,2.064526988223034
05/10/2023 16:35:21.134625,2177,True,True,True,True,Eyes,1.371748,-0.354972,-2.93457,0.2362955,0.02417835,0.9713804,0.0,0.0,0.0,0.0,0.0,0.0,0.0,-1.174809,-0.06256473,3.047049,1.371762,-0.3548412,-2.94295,-0.06808324,-0.03294676,-0.003294429,0.9971302,352.184,356.2233,359.8795,0.4206442,-0.1089855,-0.9006554,0,0,0,1.741597,-0.2904027,-0.9133573,0.5031531,-0.2072,1.991,0.9978073,-0.002083704,0.066153,0.01105619,0.9907076,-0.1355586,-0.06525582,0.1359928,0.9885584,moving,17.557201684655688,-6.3261309766992975,14.182490571440177,-5.941287919137228,0.36983500000000014,0.06443850000000001,2.0295927000000002,0.29998671540999755,-0.10511274986684843,0.948134651737865,16.269368560996515,-6.001318604708844,3.3678612356749684,3.3965834711683445,2.0877412259437
05/10/2023 16:35:21.152888,2178,True,True,True,True,Eyes,1.371822,-0.3549649,-2.934559,0.2346042,0.02406722,0.971793,0.0,0.0,0.0,0.0,0.0,0.0,0.0,-1.174719,-0.06217608,3.047051,1.371807,-0.3548962,-2.94288,-0.06805206,-0.03296729,-0.003239288,0.9971317,352.1877,356.2205,359.8859,0.4206741,-0.1089798,-0.9006421,0,0,0,1.737272,-0.2905257,-0.9135558,0.4988494,-0.2072,1.991,0.9978054,-0.00197301,0.06618632,0.01094698,0.9907169,-0.1355001,-0.06530456,0.1359273,0.9885642,moving,17.45929599955179,-6.33200060303224,14.066016406732194,-5.941287919137228,0.36546499999999993,0.0643705,2.0293242,0.29836125555805704,-0.10526608559626424,0.9486303858670289,16.174693428796658,-6.0062419876323085,3.3867153371060534,3.415699459320503,2.109677182508433
05/10/2023 16:35:21.172938,2179,True,True,True,True,Eyes,1.371849,-0.35496,-2.934551,0.2327717,0.02391468,0.9722373,0.0,0.0,0.0,0.0,0.0,0.0,0.0,-1.174852,-0.06179374,3.046971,1.371848,-0.3549156,-2.942821,-0.06799079,-0.03295331,-0.003245462,0.9971365,352.1948,356.2222,359.8848,0.4207031,-0.1089745,-0.9006292,0,0,0,1.732944,-0.2907902,-0.9137925,0.4944151,-0.2072,1.991,0.9978071,-0.001991293,0.06615921,0.01095338,0.9907334,-0.1353783,-0.06527657,0.1358061,0.9885826,moving,17.34930283468127,-6.33491448575896,13.945883496501075,-5.941287919137228,0.3610960000000001,0.0641254,2.0290285,0.29653606739732363,-0.10537707024879456,0.9491901693285666,16.06852492209434,-6.008221595968984,3.397018634581675,3.4261064001938615,2.123696479899806
05/10/2023 16:35:21.192813,2180,True,True,True,True,Eyes,1.371877,-0.3549543,-2.934541,0.2310107,0.02376869,0.9726608,0.0,0.0,0.0,0.0,0.0,0.0,0.0,-1.17459,-0.06176585,3.047102,1.37187,-0.3548809,-2.942846,-0.06795511,-0.03300242,-0.003301152,0.997137,352.1986,356.217,359.8787,0.42073,-0.1089695,-0.9006173,0,0,0,1.728412,-0.2909347,-0.9140629,0.49006,-0.2072001,1.991,0.9977999,-0.002098036,0.06626453,0.01106877,0.9907424,-0.1353032,-0.06536721,0.135739,0.9885859,moving,17.25113292379809,-6.338878045045297,13.82777435361115,-5.941290766043414,0.35654200000000014,0.06394620000000001,2.0287831,0.29490548200705047,-0.10549846276757766,0.9496845565930367,15.9736962471796,-6.011303613584963,3.417091367993919,3.4463690377695304,2.1470637093754985
05/10/2023 16:35:21.207497,2181,True,True,True,True,Eyes,1.371905,-0.354949,-2.934532,0.2291022,0.0235979,0.9731163,0.0,0.0,0.0,0.0,0.0,0.0,0.0,-1.17465,-0.06241933,3.047054,1.371918,-0.3548578,-2.942814,-0.06799593,-0.03300777,-0.003453408,0.9971336,352.1934,356.2176,359.8613,0.420755,-0.1089648,-0.9006062,0,0,0,1.724017,-0.290864,-0.9143165,0.485651,-0.2071999,1.991,0.9977971,-0.00239823,0.06629594,0.01137581,0.9907293,-0.135374,-0.06535667,0.13583,0.9885741,moving,17.139971352225263,-6.350214026834783,13.70808124864627,-5.941285072231013,0.35209899999999994,0.06399379999999999,2.0284975,0.29305457140150215,-0.10574932717371424,0.9502295039820267,15.86595477915684,-6.021401755988065,3.4264742036962903,3.4561673242128723,2.159360288764796
05/10/2023 16:35:21.223249,2182,True,True,True,True,Eyes,1.371932,-0.3549405,-2.934522,0.2272698,0.0234379,0.9735497,0.0,0.0,0.0,0.0,0.0,0.0,0.0,-1.174321,-0.06327185,3.047215,1.371938,-0.3548594,-2.942859,-0.06807336,-0.03307107,-0.003599378,0.9971257,352.1839,356.2114,359.8453,0.4207783,-0.1089604,-0.9005958,0,0,0,1.719329,-0.2906583,-0.9146146,0.4812113,-0.2072,1.991,0.9977868,-0.002675546,0.06644206,0.01168058,0.9907061,-0.1355173,-0.06546198,0.1359935,0.9885446,moving,17.040134175921736,-6.36542954787187,13.587431333605583,-5.941287919137228,0.347391,0.06420110000000001,2.0282443999999997,0.2913887135258496,-0.10605809617536632,0.9507072174880907,15.768922196571495,-6.035329367047119,3.4483459104991803,3.4786567865432945,2.1835169289769083
05/10/2023 16:35:21.242669,2183,True,True,True,True,Eyes,1.371947,-0.3549357,-2.934513,0.2253088,0.02327158,0.9740094,0.0,0.0,0.0,0.0,0.0,0.0,0.0,-1.174478,-0.0643557,3.047076,1.37194,-0.3547752,-2.94281,-0.06816485,-0.03305412,-0.003779325,0.9971193,352.1728,356.2147,359.8247,0.4208001,-0.1089562,-0.9005862,0,0,0,1.71506,-0.290341,-0.9148676,0.4768873,-0.2071999,1.991,0.9977863,-0.003030617,0.06643304,0.01204313,0.9906785,-0.1356871,-0.06540257,0.1361868,0.988522,moving,16.92370976438554,-6.381629376267501,13.469807417496511,-5.941285072231013,0.3431200000000001,0.0644342,2.0279424,0.2894458917024471,-0.10639243522924546,0.9512631910171141,15.655850238137972,-6.050081326803203,3.4509901040689765,3.4818593492475984,2.1887484640056316
05/10/2023 16:35:21.252783,2184,True,True,True,True,Eyes,1.371959,-0.3549308,-2.934504,0.2234201,0.02310737,0.9744483,0.0,0.0,0.0,0.0,0.0,0.0,0.0,-1.174309,-0.06443685,3.047162,1.371946,-0.3548388,-2.942822,-0.06814781,-0.03308735,-0.00387374,0.997119,352.1743,356.2116,359.814,0.4208203,-0.1089523,-0.9005772,0,0,0,1.710384,-0.2905338,-0.9151518,0.472344,-0.2072,1.991,0.9977804,-0.0032155,0.06651202,0.01223482,0.9906818,-0.1356466,-0.06545607,0.1361593,0.9885222,moving,16.816622421724357,-6.387820502823388,13.34609324527474,-5.941287919137228,0.3384379999999998,0.064305,2.0276702,0.2876624207581481,-0.10655502667351127,0.9517858682389579,15.552308558734506,-6.055245482786859,3.4680271507552756,3.499137624169917,2.209156476046305
05/10/2023 16:35:21.273305,2185,True,True,True,True,Eyes,1.371939,-0.3549269,-2.934495,0.2214886,0.02295731,0.9748927,0.0,0.0,0.0,0.0,0.0,0.0,0.0,-1.173919,-0.06456533,3.047292,1.37189,-0.3548277,-2.942832,-0.06811544,-0.03314783,-0.003992768,0.9971187,352.1776,356.2056,359.8007,0.4208388,-0.1089487,-0.900569,0,0,0,1.705912,-0.290731,-0.915388,0.4681823,-0.2071999,1.991,0.9977705,-0.003446769,0.06664857,0.01247828,0.9906887,-0.1355736,-0.0655607,0.136103,0.9885229,moving,16.710207766965397,-6.3907309069474785,13.232658688622989,-5.941285072231013,0.33402200000000004,0.0640967,2.027444,0.28589088149207886,-0.10666240343915098,0.9523074871584026,15.449589286025711,-6.057248812427604,3.475288138984155,3.5064724654022466,2.2199614552376294
05/10/2023 16:35:21.292891,2186,True,True,True,True,Eyes,1.371918,-0.3549242,-2.934488,0.2196286,0.02281446,0.9753168,0.0,0.0,0.0,0.0,0.0,0.0,0.0,-1.173649,-0.06463876,3.047368,1.371863,-0.3547988,-2.94282,-0.06809975,-0.03319043,-0.004045733,0.9971182,352.1792,356.2011,359.7948,0.420855,-0.1089453,-0.9005619,0,0,0,1.701354,-0.2907891,-0.9156338,0.4638219,-0.2071999,1.991,0.9977641,-0.003547628,0.06674059,0.01258867,0.9906921,-0.1355384,-0.06563854,0.1360756,0.9885216,moving,16.605784335654967,-6.397099884168515,13.113694812823395,-5.941285072231013,0.329491,0.0640097,2.0271862,0.28414978803104807,-0.10682594866541392,0.9528101576594032,15.348605709320292,-6.062604752864089,3.490292144587848,3.521712137334858,2.2382013270010983
05/10/2023 16:35:21.303257,2187,True,True,True,True,Eyes,1.371887,-0.354923,-2.93448,0.2176778,0.0226811,0.9757571,0.0,0.0,0.0,0.0,0.0,0.0,0.0,-1.173169,-0.06431133,3.047563,1.371833,-0.354821,-2.942835,-0.06809234,-0.03325907,-0.003938565,0.9971167,352.1804,356.1923,359.8077,0.4208692,-0.1089422,-0.9005556,0,0,0,1.696837,-0.2907378,-0.9158913,0.4595891,-0.2072,1.991,0.9977567,-0.003325043,0.06686272,0.01238379,0.9906958,-0.13553,-0.06578998,0.136054,0.9885146,moving,16.498402635949237,-6.408739745057918,12.998102024183503,-5.941287919137228,0.32500399999999985,0.0640832,2.0269437000000003,0.28235583249366697,-0.10707864866393388,0.9533149122758826,15.24449124583683,-6.0730247422482435,3.4995544024381937,3.5313758766639616,2.2502486808625455
05/10/2023 16:35:21.323743,2188,True,True,True,True,Eyes,1.371859,-0.3549225,-2.934471,0.2158087,0.02255463,0.9761751,0.0,0.0,0.0,0.0,0.0,0.0,0.0,-1.172832,-0.06352893,3.047707,1.371836,-0.3548363,-2.94283,-0.0680325,-0.03330761,-0.003776151,0.9971199,352.1879,356.1855,359.8266,0.4208813,-0.1089395,-0.9005502,0,0,0,1.692209,-0.290851,-0.916154,0.4551207,-0.2072,1.991,0.9977527,-0.002998551,0.06693716,0.01206255,0.9907147,-0.1354216,-0.06590956,0.1359247,0.9885244,moving,16.393117970790552,-6.415380452733519,12.875958365041946,-5.941287919137228,0.320373,0.06398529999999997,2.0266759999999997,0.28059846033699576,-0.10724673686214986,0.9538147480926602,15.142663176025916,-6.0786363873180695,3.516898770388985,3.5489682194577963,2.2708622375321452
05/10/2023 16:35:21.344270,2189,True,True,True,True,Eyes,1.371821,-0.3549238,-2.934463,0.2138692,0.0224658,0.9766039,0.0,0.0,0.0,0.0,0.0,0.0,0.0,-1.173122,-0.06293103,3.047593,1.37187,-0.3548553,-2.942796,-0.06801631,-0.03325747,-0.003591487,0.9971234,352.1905,356.1898,359.8474,0.4208916,-0.1089371,-0.9005457,0,0,0,1.68813,-0.2907846,-0.9164501,0.4507669,-0.2072,1.991,0.9977621,-0.00263821,0.06681217,0.01168641,0.9907218,-0.1354024,-0.06583504,0.1358802,0.9885355,moving,16.272344859560654,-6.425308669200284,12.756832673512035,-5.941287919137228,0.31626,0.06407069999999998,2.0263459,0.2785803113535027,-0.10747777910294658,0.9543801451721287,15.02573257476344,-6.087303298462595,3.5163295243413866,3.5486760935238855,2.2735934669369033
05/10/2023 16:35:21.352854,2190,True,True,True,True,Eyes,1.371784,-0.3549201,-2.934456,0.2120101,0.02237668,0.9770113,0.0,0.0,0.0,0.0,0.0,0.0,0.0,-1.173287,-0.06275603,3.047559,1.371881,-0.3548766,-2.942815,-0.06803274,-0.03322723,-0.003492847,0.9971237,352.189,356.1925,359.8586,0.4209,-0.1089351,-0.9005421,0,0,0,1.683905,-0.2906557,-0.9167868,0.4463844,-0.2072002,1.991,0.9977675,-0.002444522,0.06673857,0.01148668,0.9907187,-0.135442,-0.06578806,0.1359062,0.988535,moving,16.159121521785256,-6.436408214363941,12.636808346335686,-5.941293612949571,0.3120240000000001,0.06422089999999997,2.0260282,0.2766864032913039,-0.10772402789549423,0.9549032656165835,14.916016473440404,-6.097157676978659,3.5242375872672094,3.556940901178897,2.284531307099087
05/10/2023 16:35:21.372536,2191,True,True,True,True,Eyes,1.371727,-0.3549205,-2.93445,0.2101095,0.02232378,0.977423,0.0,0.0,0.0,0.0,0.0,0.0,0.0,-1.173561,-0.06263432,3.047441,1.371865,-0.3547564,-2.942821,-0.06798846,-0.03318026,-0.003505614,0.9971282,352.194,356.1981,359.8566,0.4209067,-0.1089332,-0.9005392,0,0,0,1.679893,-0.2907164,-0.9170958,0.4421919,-0.2072,1.991,0.9977736,-0.002479345,0.06664661,0.01150284,0.9907306,-0.1353538,-0.06569325,0.135819,0.9885533,moving,16.04173804071296,-6.435039249200304,12.521881956956792,-5.941287919137228,0.3080280000000002,0.06404000000000004,2.0257252,0.2747282842475685,-0.10776415844577578,0.9554639344640905,14.802952233244785,-6.094948390166238,3.5217646026578766,3.5543181098903305,2.286239958036216
05/10/2023 16:35:21.392675,2192,True,True,True,True,Eyes,1.371672,-0.3549176,-2.934445,0.2082816,0.02227279,0.9778153,0.0,0.0,0.0,0.0,0.0,0.0,0.0,-1.173713,-0.06271449,3.047412,1.371854,-0.3548191,-2.942851,-0.06801763,-0.03315243,-0.003492554,0.9971272,352.1907,356.2012,359.858,0.4209113,-0.1089316,-0.9005372,0,0,0,1.675671,-0.2906427,-0.9174361,0.4378551,-0.2072,1.991,0.9977775,-0.00245514,0.06658948,0.01147494,0.9907228,-0.1354129,-0.06563926,0.135876,0.988549,moving,15.93104226198941,-6.44278970275271,12.402892131228302,-5.941287919137228,0.303817,0.06417640000000002,2.0254149000000004,0.27287619869992635,-0.10795256703198326,0.9559732665934322,14.69584993286518,-6.101590001275527,3.5308267520081515,3.563614370854277,2.298554379958259
05/10/2023 16:35:21.402879,2193,True,True,True,True,Eyes,1.371621,-0.354915,-2.934441,0.206431,0.0222586,0.9782079,0.0,0.0,0.0,0.0,0.0,0.0,0.0,-1.173537,-0.06308308,3.047448,1.371822,-0.3547377,-2.942851,-0.06803147,-0.03317977,-0.003571465,0.9971249,352.1888,356.1986,359.8492,0.4209142,-0.1089302,-0.900536,0,0,0,1.671171,-0.2905506,-0.9177078,0.4335002,-0.2072,1.991,0.9977727,-0.002607857,0.06665468,0.01163693,0.9907179,-0.1354348,-0.0656828,0.1359088,0.9885417,moving,15.825669503257062,-6.444030491937157,12.283296222311126,-5.941287919137228,0.29934899999999987,0.0641871,2.0251432,0.271115315960243,-0.10802911997536735,0.9564654167017723,14.594223442663438,-6.101990026560613,3.5450593452973846,3.5778706734683925,2.316508101668453
05/10/2023 16:35:21.427646,2194,True,True,True,True,Eyes,1.371571,-0.3549119,-2.934436,0.2046486,0.02224609,0.9785827,0.0,0.0,0.0,0.0,0.0,0.0,0.0,-1.172992,-0.06346303,3.047671,1.3718,-0.3547519,-2.942881,-0.06806808,-0.03326786,-0.003632835,0.9971193,352.1844,356.1889,359.8429,0.4209156,-0.1089289,-0.9005355,0,0,0,1.666515,-0.2904447,-0.9179735,0.4292223,-0.2072001,1.991,0.9977601,-0.002715782,0.0668386,0.0117737,0.990707,-0.1355023,-0.06584948,0.1359857,0.98852,moving,15.731352896632645,-6.4483699588071595,12.16570897418543,-5.941290766043414,0.29471500000000006,0.06430720000000001,2.0249075,0.26953689395543173,-0.1081513422342586,0.9568976897826251,14.50308872671252,-6.1054639547237555,3.5685263027752323,3.6015199415550505,2.3431382680936843
05/10/2023 16:35:21.442659,2195,True,True,True,True,Eyes,1.371525,-0.3549086,-2.93443,0.2028233,0.02223932,0.9789628,0.0,0.0,0.0,0.0,0.0,0.0,0.0,-1.172615,-0.06377327,3.047766,1.371785,-0.3547354,-2.942846,-0.06809297,-0.03333015,-0.003687661,0.9971153,352.1813,356.1822,359.8372,0.4209156,-0.1089278,-0.9005356,0,0,0,1.661903,-0.2903509,-0.918193,0.4248761,-0.2072001,1.991,0.997751,-0.002814949,0.0669702,0.01189314,0.9906995,-0.1355473,-0.06596579,0.1360389,0.9885049,moving,15.631498401632228,-6.451202889271075,12.04613771032351,-5.941290766043414,0.2901179999999999,0.06438449999999996,2.024653,0.2678658909567053,-0.1082510296632753,0.9573555354201507,14.406696395465085,-6.107442161802993,3.588338387716602,3.6214391697495447,2.36639886585296
05/10/2023 16:35:21.457259,2196,True,True,True,True,Eyes,1.371482,-0.3549055,-2.934423,0.2010686,0.02223974,0.9793247,0.0,0.0,0.0,0.0,0.0,0.0,0.0,-1.172355,-0.06359032,3.047874,1.371785,-0.354734,-2.942849,-0.0680509,-0.03337429,-0.003712059,0.9971167,352.186,356.1772,359.8346,0.4209145,-0.1089267,-0.9005363,0,0,0,1.657406,-0.2905216,-0.9184549,0.4205517,-0.2072001,1.991,0.9977448,-0.00286041,0.06706134,0.01194501,0.9907106,-0.1354616,-0.06605091,0.1359571,0.9885104,moving,15.533354059024447,-6.446648733259886,11.927060404867527,-5.941290766043414,0.2856209999999999,0.0642124,2.0243941,0.26622633756425157,-0.1082259466751154,0.9578156073194456,14.312344261005189,-6.102304727394619,3.6085776905688105,3.641529979972928,2.3907121470601513
05/10/2023 16:35:21.477836,2197,True,True,True,True,Eyes,1.371428,-0.3549039,-2.934417,0.1992583,0.02222888,0.9796948,0.0,0.0,0.0,0.0,0.0,0.0,0.0,-1.172237,-0.06412962,3.047858,1.371795,-0.354736,-2.942793,-0.06814009,-0.03339563,-0.003715182,0.9971098,352.1758,356.1748,359.8347,0.4209125,-0.1089258,-0.9005373,0,0,0,1.652893,-0.2901517,-0.9186957,0.4161042,-0.2072001,1.991,0.9977419,-0.002857726,0.06710451,0.01196005,0.9906862,-0.1356381,-0.0660919,0.1361344,0.9884833,moving,15.429760791533454,-6.458565585114203,11.804484259179024,-5.941290766043414,0.28109799999999985,0.06458429999999998,2.0240973,0.2644867710468222,-0.10847900355164392,0.9582687243678847,14.211866479236544,-6.113020681326141,3.628622493248879,3.6619944257855557,2.413499599596422
05/10/2023 16:35:21.492990,2198,True,True,True,True,Eyes,1.371375,-0.3549025,-2.93441,0.1975198,0.02221149,0.9800472,0.0,0.0,0.0,0.0,0.0,0.0,0.0,-1.171933,-0.06427997,3.047979,1.371783,-0.3547493,-2.942805,-0.06813671,-0.03344651,-0.00378389,0.9971082,352.1759,356.1695,359.8272,0.4209095,-0.1089249,-0.9005389,0,0,0,1.648466,-0.2902107,-0.9189594,0.4118966,-0.2072001,1.991,0.997734,-0.002988026,0.0672152,0.01210376,0.9906861,-0.1356262,-0.06618392,0.1361324,0.9884774,moving,15.333786583779606,-6.4583441958562915,11.688418914607146,-5.941290766043414,0.276683,0.0645386,2.0238456,0.2628799237714316,-0.10852470980101137,0.9587056216318088,14.119376100365994,-6.112080813549661,3.6484804150796215,3.6818541107340352,2.4369493386855137
05/10/2023 16:35:21.512751,2199,True,True,True,True,Eyes,1.371322,-0.3549007,-2.934403,0.1957255,0.02216868,0.9804081,0.0,0.0,0.0,0.0,0.0,0.0,0.0,-1.171883,-0.06363168,3.047984,1.371743,-0.3547528,-2.942794,-0.06804331,-0.03344744,-0.003752472,0.9971145,352.1867,356.1691,359.8305,0.4209055,-0.1089243,-0.9005408,0,0,0,1.64378,-0.2905558,-0.9192496,0.4072399,-0.2072,1.991,0.9977344,-0.002931539,0.06721252,0.01203504,0.990712,-0.1354429,-0.0661912,0.135945,0.9885027,moving,15.22810902768015,-6.451911881781597,11.559851814498149,-5.941287919137228,0.2720370000000001,0.064197,2.0235444,0.26111276430887825,-0.1084709905220745,0.9591945229195894,14.017862926819808,-6.105073942569681,3.6704596867485813,3.70362630583708,2.4634618912758874
05/10/2023 16:35:21.523220,2200,True,True,True,True,Eyes,1.371271,-0.3549006,-2.934397,0.1940033,0.02213241,0.9807512,0.0,0.0,0.0,0.0,0.0,0.0,0.0,-1.172013,-0.06334904,3.047944,1.371748,-0.3547352,-2.942798,-0.06799868,-0.03342653,-0.003741257,0.9971184,352.1919,356.1715,359.8314,0.4209006,-0.1089237,-0.9005431,0,0,0,1.639882,-0.2907003,-0.9195278,0.4032415,-0.2072,1.991,0.9977373,-0.002915032,0.06716922,0.01200687,0.9907243,-0.1353553,-0.06615162,0.1358556,0.9885177,moving,15.124435096312293,-6.4501094036850715,11.449365457016942,-5.941287919137228,0.2681340000000001,0.06403489999999995,2.0232702,0.25937609369380193,-0.10849340350321551,0.9596630990619422,13.91803526196827,-6.1025500518126,3.67707339549824,3.7101261645404913,2.4739313008475885
05/10/2023 16:35:21.542677,2201,True,True,True,True,Eyes,1.371205,-0.354901,-2.934391,0.192196,0.02208043,0.9811081,0.0,0.0,0.0,0.0,0.0,0.0,0.0,-1.172081,-0.06357855,3.04789,1.371745,-0.3547774,-2.94277,-0.06805606,-0.03341369,-0.003714159,0.997115,352.1854,356.1727,359.8347,0.420895,-0.1089233,-0.9005458,0,0,0,1.635277,-0.2904804,-0.9198298,0.3985726,-0.2072001,1.991,0.9977395,-0.002858879,0.0671401,0.01195489,0.9907091,-0.1354712,-0.06612902,0.1359676,0.9885038,moving,15.017053615058586,-6.461521744187038,11.320242155538343,-5.941290766043414,0.2635320000000001,0.06429699999999999,2.0229402,0.2575701142470799,-0.10873892405327629,0.9601215726839374,13.813933079855119,-6.112750484334046,3.6997856874691117,3.733236563340242,2.4995785366769643
05/10/2023 16:35:21.557762,2202,True,True,True,True,Eyes,1.371141,-0.3548991,-2.934383,0.1904618,0.02202997,0.9814474,0.0,0.0,0.0,0.0,0.0,0.0,0.0,-1.172196,-0.06371555,3.047864,1.371754,-0.3547646,-2.94279,-0.06806873,-0.03339682,-0.003732927,0.9971147,352.1839,356.1748,359.8324,0.4208884,-0.108923,-0.9005489,0,0,0,1.631494,-0.2904186,-0.9201186,0.3947063,-0.2072001,1.991,0.9977414,-0.002897753,0.0671091,0.01199087,0.9907054,-0.1354953,-0.06609272,0.135994,0.9885026,moving,14.913569683449632,-6.466388428981954,11.2132272782396,-5.941290766043414,0.2597400000000001,0.06434599999999996,2.0226714,0.25583183178580027,-0.1088724754700167,0.9605711185197866,13.71393471665425,-6.1166638128059665,3.703868352522644,3.7374137410004633,2.5068492970406386
05/10/2023 16:35:21.573028,2203,True,True,True,True,Eyes,1.371085,-0.3548956,-2.934376,0.1886504,0.02196226,0.9817988,0.0,0.0,0.0,0.0,0.0,0.0,0.0,-1.172293,-0.06364572,3.047766,1.371729,-0.3547047,-2.942744,-0.06805871,-0.03337628,-0.003709625,0.9971161,352.1852,356.177,359.8349,0.4208809,-0.1089228,-0.9005525,0,0,0,1.627109,-0.2903722,-0.920382,0.3902498,-0.2071999,1.991,0.9977445,-0.00285476,0.06706497,0.01194094,0.9907085,-0.1354772,-0.06605509,0.1359725,0.988508,moving,14.804934258064414,-6.470789585737545,11.089777971553923,-5.941285072231013,0.25537999999999994,0.06433249999999996,2.0223619999999998,0.2540065244117219,-0.10900050179383854,0.9610409846259815,13.608995924610447,-6.120088923211081,3.719032670591147,3.752700529355121,2.5255553670683217
05/10/2023 16:35:21.593007,2204,True,True,True,True,Eyes,1.371029,-0.3548969,-2.934369,0.1869148,0.02189645,0.9821321,0.0,0.0,0.0,0.0,0.0,0.0,0.0,-1.172414,-0.06413674,3.047715,1.371753,-0.3546745,-2.942743,-0.06815355,-0.0333578,-0.003667209,0.9971104,352.1744,356.1788,359.84,0.4208728,-0.1089226,-0.9005562,0,0,0,1.622823,-0.2899212,-0.9206993,0.3858477,-0.2072,1.991,0.9977476,-0.00276632,0.06702267,0.01186013,0.9906833,-0.1356685,-0.06602294,0.1361579,0.9884847,moving,14.701291923754722,-6.4876597457089495,10.967733138611,-5.941287919137228,0.2510699999999999,0.06475330000000001,2.0220437,0.2522583382241548,-0.10933514124227801,0.9614632684184932,13.508208059304453,-6.135584477405443,3.7391023882272836,3.7733252410831453,2.547894027471958
05/10/2023 16:35:21.604963,2205,True,True,True,True,Eyes,1.370992,-0.3548965,-2.934363,0.1850837,0.02177879,0.9824814,0.0,0.0,0.0,0.0,0.0,0.0,0.0,-1.172728,-0.06441072,3.047593,1.371686,-0.3547914,-2.942765,-0.06816751,-0.03330072,-0.003789939,0.9971108,352.1724,356.1863,359.8255,0.4208643,-0.1089226,-0.9005602,0,0,0,1.618421,-0.2900493,-0.9210519,0.3812902,-0.2072001,1.991,0.9977534,-0.003017925,0.06692571,0.01209803,0.9906777,-0.1356887,-0.06589231,0.1361935,0.9884885,moving,14.58819004995603,-6.493958479768772,10.841273726107493,-5.941290766043414,0.24673500000000015,0.06474209999999997,2.0217131,0.25035543149416567,-0.10949671242433617,0.9619421089312735,13.39886372900022,-6.140806963996831,3.753066549037864,3.7874560775957575,2.565360274141355
05/10/2023 16:35:21.623057,2206,True,True,True,True,Eyes,1.370957,-0.3548935,-2.934358,0.1833165,0.02167843,0.9828149,0.0,0.0,0.0,0.0,0.0,0.0,0.0,-1.172582,-0.06294262,3.047693,1.371709,-0.3547745,-2.94277,-0.0679769,-0.03332309,-0.003656243,0.9971237,352.1947,356.1828,359.8403,0.4208557,-0.1089227,-0.9005642,0,0,0,1.614133,-0.2907046,-0.9213099,0.3770423,-0.2072,1.991,0.9977524,-0.002761052,0.06695157,0.01182185,0.9907315,-0.1353191,-0.0659574,0.1358064,0.9885374,moving,14.486128945501537,-6.482193392381214,10.723308590826823,-5.941287919137228,0.24242399999999997,0.06406990000000001,2.0214600999999996,0.2486455987699405,-0.10934892113932373,0.9624023071561749,13.301119097699651,-6.128681300594499,3.7675158245887532,3.8014991454082483,2.58461279281016
05/10/2023 16:35:21.642778,2207,True,True,True,True,Eyes,1.370936,-0.3548886,-2.934351,0.1814378,0.0215809,0.9831656,0.0,0.0,0.0,0.0,0.0,0.0,0.0,-1.171939,-0.06418088,3.047953,1.371724,-0.3547096,-2.94281,-0.06814501,-0.03343235,-0.003710618,0.9971082,352.1752,356.1705,359.8356,0.4208471,-0.1089227,-0.9005682,0,0,0,1.609561,-0.289977,-0.921596,0.3728946,-0.2071999,1.991,0.9977371,-0.00284328,0.06717706,0.01195627,0.990685,-0.1356478,-0.0661656,0.136144,0.9884771,moving,14.389656879997688,-6.507124996216796,10.608037196745816,-5.941285072231013,0.23783700000000008,0.06473260000000003,2.021214,0.24701202473230321,-0.1098150456993025,0.9627698182393953,13.20681441032412,-6.152010452264068,3.788924984393178,3.8237183798410452,2.607306693046272
05/10/2023 16:35:21.659854,2208,True,True,True,True,Eyes,1.370916,-0.3548823,-2.93434,0.1796291,0.02149757,0.9834995,0.0,0.0,0.0,0.0,0.0,0.0,0.0,-1.171645,-0.06610814,3.048004,1.371763,-0.354686,-2.942773,-0.06840388,-0.03349226,-0.003843806,0.9970881,352.145,356.1646,359.8217,0.4208389,-0.1089226,-0.900572,0,0,0,1.605015,-0.2889735,-0.9218515,0.3685578,-0.2072001,1.991,0.997727,-0.003083225,0.06731532,0.01224723,0.9906123,-0.1361519,-0.06626359,0.1366668,0.9883984,moving,14.292277418138175,-6.539662362459971,10.487417446684036,-5.941290766043414,0.23325200000000001,0.06571250000000001,2.0209215,0.2453590944279524,-0.1104095878383688,0.9631244277235528,13.111231639099215,-6.182672343348754,3.815760792745838,3.8516240691131953,2.63489392237747
05/10/2023 16:35:21.677911,2209,True,True,True,True,Eyes,1.370907,-0.3548755,-2.934327,0.1776765,0.02139431,0.9838564,0.0,0.0,0.0,0.0,0.0,0.0,0.0,-1.171415,-0.06775889,3.047962,1.371755,-0.3546508,-2.942684,-0.06857426,-0.03353952,-0.00407739,0.9970738,352.1245,356.1609,359.7957,0.4208312,-0.1089224,-0.9005756,0,0,0,1.600458,-0.2883731,-0.9220468,0.3642229,-0.2072001,1.991,0.997717,-0.003531022,0.06744195,0.01273081,0.9905619,-0.1364737,-0.06632353,0.1370207,0.9883454,moving,14.185251366043452,-6.5607458143688175,10.366756518981743,-5.941290766043414,0.22870299999999988,0.0662777,2.0206372,0.2435485096721489,-0.11081614210028476,0.963537221419116,13.00695893847718,-6.202208144906343,3.8319159069158673,3.868414074776982,2.6530636431307593
05/10/2023 16:35:21.692832,2210,True,True,True,True,Eyes,1.370896,-0.3548678,-2.934314,0.1757978,0.02127309,0.9841964,0.0,0.0,0.0,0.0,0.0,0.0,0.0,-1.171903,-0.0687052,3.047657,1.371718,-0.3546527,-2.942602,-0.0685481,-0.03347488,-0.00452075,0.997076,352.1258,356.1719,359.744,0.4208242,-0.1089221,-0.9005789,0,0,0,1.596058,-0.2887259,-0.9222829,0.3596535,-0.2072001,1.991,0.997718,-0.004425781,0.06737377,0.01360434,0.9905614,-0.1363926,-0.06613421,0.136998,0.9883612,moving,14.070028604222468,-6.554905109622399,10.23946763146569,-5.941290766043414,0.22433999999999998,0.06592680000000001,2.0203191,0.2416114798791188,-0.11077320405418352,0.9640296440826602,12.896214491422976,-6.19569995293889,3.8431589205577477,3.8793968511423556,2.6689001315653824
05/10/2023 16:35:21.708025,2211,True,True,True,True,Eyes,1.37091,-0.3548611,-2.9343,0.173785,0.02116027,0.9845563,0.0,0.0,0.0,0.0,0.0,0.0,0.0,-1.171595,-0.0670681,3.047775,1.371654,-0.3546202,-2.942597,-0.06826963,-0.03351667,-0.004522615,0.9970936,352.1578,356.1671,359.743,0.4208178,-0.1089216,-0.900582,0,0,0,1.59164,-0.2897964,-0.9225055,0.3554623,-0.2072001,1.991,0.9977124,-0.0044426,0.06745601,0.01359528,0.9906376,-0.1358393,-0.06622098,0.1364456,0.9884318,moving,13.956337243607537,-6.530517389795494,10.122624257456877,-5.941290766043414,0.21998600000000001,0.06482379999999999,2.0200915000000004,0.2397076796933316,-0.11041655248514053,0.9645457502651175,12.787930033324486,-6.171305369972593,3.843373501050015,3.8787295954111687,2.6752124395819354
05/10/2023 16:35:21.722887,2212,True,True,True,True,Eyes,1.370924,-0.3548576,-2.934287,0.1718453,0.02104174,0.9848992,0.0,0.0,0.0,0.0,0.0,0.0,0.0,-1.170346,-0.0654079,3.048287,1.371634,-0.3546755,-2.942596,-0.06811707,-0.03370629,-0.004242052,0.9970989,352.1763,356.1431,359.7763,0.4208126,-0.108921,-0.9005845,0,0,0,1.58658,-0.2902787,-0.922704,0.3511394,-0.2072,1.991,0.9976918,-0.003867541,0.0677949,0.01305143,0.9906842,-0.1355529,-0.06663907,0.1361249,0.9884479,moving,13.863140616020338,-6.527960805702329,10.00202012677938,-5.941287919137228,0.21494600000000008,0.06439679999999998,2.019892,0.2381384105884642,-0.1104174049213971,0.9649342413904598,12.698240640357218,-6.168133043038916,3.8701298747100177,3.9054367884100962,2.705746434549238
05/10/2023 16:35:21.743019,2213,True,True,True,True,Eyes,1.370942,-0.3548547,-2.934274,0.1698105,0.02091273,0.9852549,0.0,0.0,0.0,0.0,0.0,0.0,0.0,-1.169834,-0.06444305,3.048545,1.371655,-0.3547462,-2.94262,-0.06798173,-0.03379261,-0.004204642,0.9971053,352.192,356.1328,359.7808,0.4208084,-0.1089203,-0.9005866,0,0,0,1.581987,-0.2908531,-0.9229654,0.3468598,-0.2072,1.991,0.9976808,-0.003790381,0.06796126,0.0129795,0.9907216,-0.1352857,-0.06681789,0.1358541,0.9884731,moving,13.753722487600191,-6.522002195805507,9.882535745784375,-5.941287919137228,0.21033199999999996,0.06389310000000004,2.0196546,0.23629655721524645,-0.11036814925821115,0.9653926531923948,12.593097086320231,-6.161554994902025,3.879441336487902,3.914500716711764,2.719496344081659
05/10/2023 16:35:21.753009,2214,True,True,True,True,Eyes,1.370958,-0.3548504,-2.934263,0.1678603,0.02078445,0.9855917,0.0,0.0,0.0,0.0,0.0,0.0,0.0,-1.17011,-0.0635272,3.048446,1.371697,-0.3547585,-2.942585,-0.06783482,-0.03375537,-0.00420138,0.9971166,352.2089,356.1372,359.7803,0.4208052,-0.1089197,-0.9005882,0,0,0,1.577948,-0.2914418,-0.923216,0.3426203,-0.2072,1.991,0.9976858,-0.003798954,0.06788607,0.01295811,0.9907616,-0.1349948,-0.06674608,0.1355621,0.988518,moving,13.635173836713152,-6.513646199864341,9.764085270449044,-5.941287919137228,0.20625099999999996,0.0633167,2.0193689999999997,0.2343008324672706,-0.11028215939972286,0.9658887296216169,12.47928051749288,-6.152594365475743,3.8784854432431826,3.913172713972334,2.7234051560195094
05/10/2023 16:35:21.773047,2215,True,True,True,True,Eyes,1.370982,-0.3548433,-2.934253,0.1658273,0.02070136,0.9859375,0.0,0.0,0.0,0.0,0.0,0.0,0.0,-1.170427,-0.06333458,3.048371,1.371693,-0.3547185,-2.942636,-0.06778495,-0.03370373,-0.004228628,0.9971217,352.2145,356.1434,359.7766,0.4208029,-0.108919,-0.9005893,0,0,0,1.573756,-0.2916035,-0.9235796,0.3382175,-0.2071999,1.991,0.9976924,-0.0038637,0.06778672,0.01300212,0.9907746,-0.1348946,-0.06664016,0.1354647,0.9885385,moving,13.510549478607864,-6.513159504335128,9.640982975059657,-5.941285072231013,0.20206299999999988,0.06311499999999998,2.0190563999999998,0.23219809023261856,-0.11033116218047995,0.9663907466349309,12.359190547558363,-6.151181683176734,3.8770506417080033,3.91159625875124,2.7262995056441994
05/10/2023 16:35:21.792797,2216,True,True,True,True,Eyes,1.371006,-0.3548356,-2.934245,0.163879,0.02062511,0.9862648,0.0,0.0,0.0,0.0,0.0,0.0,0.0,-1.170617,-0.0636254,3.048328,1.371712,-0.3546578,-2.942672,-0.06779978,-0.03367775,-0.004283702,0.9971212,352.2126,356.1468,359.7701,0.4208015,-0.1089181,-0.9005901,0,0,0,1.569563,-0.291497,-0.9239185,0.3338987,-0.2072,1.991,0.997695,-0.003976053,0.06774246,0.01310943,0.9907697,-0.1349207,-0.06658073,0.1354977,0.988538,moving,13.394200560162922,-6.5190986684346885,9.520141945403415,-5.941287919137228,0.197851,0.06316080000000002,2.0187535,0.23023124519745072,-0.11048440410194832,0.9668437038671871,12.246735718321494,-6.156032612620942,3.8822798673298227,3.9169114634614917,2.735037273218605
05/10/2023 16:35:21.807764,2217,True,True,True,True,Eyes,1.371047,-0.3548279,-2.934236,0.1618456,0.02057118,0.9866017,0.0,0.0,0.0,0.0,0.0,0.0,0.0,-1.170983,-0.06419829,3.048387,1.372081,-0.3546769,-2.942717,-0.067873,-0.03367971,-0.004338493,0.9971159,352.204,356.147,359.764,0.420801,-0.1089171,-0.9005904,0,0,0,1.565747,-0.2912329,-0.9242531,0.3297191,-0.2072001,1.991,0.9976937,-0.004080073,0.06775407,0.01322384,0.9907489,-0.1350622,-0.0665762,0.1356467,0.9885179,moving,13.276286210350165,-6.53057574418805,9.40311430201208,-5.941290766043414,0.1936659999999999,0.063444,2.0184639,0.22823469678554303,-0.1107315563036678,0.9672887530363528,12.132478283464907,-6.166215814031846,3.8828923737421728,3.9177439192737196,2.738616260169473
05/10/2023 16:35:21.823882,2218,True,True,True,True,Eyes,1.371101,-0.3548239,-2.934228,0.1598823,0.02052025,0.9869229,0.0,0.0,0.0,0.0,0.0,0.0,0.0,-1.170977,-0.06466755,3.048368,1.372028,-0.3547055,-2.942726,-0.06796568,-0.03367024,-0.004314729,0.9971101,352.1935,356.1479,359.7671,0.4208017,-0.1089159,-0.9005902,0,0,0,1.561283,-0.290858,-0.9245811,0.3252554,-0.2072001,1.991,0.9976954,-0.00402768,0.06773236,0.01318136,0.9907241,-0.1352479,-0.06655934,0.135829,0.988494,moving,13.160866526357196,-6.5458761451775445,9.278044476324618,-5.941290766043414,0.18925499999999995,0.0638475,2.0181449,0.22627780986509488,-0.11104192757085189,0.9677129141133585,12.020422422332864,-6.180107423694742,3.8943800730685343,3.929609465695281,2.7527568353786998
05/10/2023 16:35:21.843052,2219,True,True,True,True,Eyes,1.371172,-0.3548175,-2.93422,0.157829,0.02048282,0.987254,0.0,0.0,0.0,0.0,0.0,0.0,0.0,-1.170515,-0.06451067,3.048549,1.372058,-0.3547477,-2.942709,-0.06795367,-0.03375015,-0.004294129,0.9971083,352.1949,356.1385,359.77,0.4208038,-0.1089147,-0.9005894,0,0,0,1.556746,-0.290917,-0.9248215,0.3209993,-0.2072,1.991,0.997685,-0.00397653,0.0678887,0.01315031,0.9907277,-0.1352245,-0.0667215,0.1358042,0.9884864,moving,13.050177538076259,-6.548315001210452,9.1587083120437,-5.941287919137228,0.18468799999999996,0.06383070000000002,2.0178874999999996,0.22440556329204053,-0.11113248860534616,0.9681382715356918,11.913608467172274,-6.181623363254306,3.903305504589873,3.938529499131468,2.7653636271612445
05/10/2023 16:35:21.852958,2220,True,True,True,True,Eyes,1.371238,-0.3548138,-2.934213,0.1558593,0.02044175,0.9875677,0.0,0.0,0.0,0.0,0.0,0.0,0.0,-1.170239,-0.06507549,3.04867,1.372082,-0.3547166,-2.942729,-0.0679883,-0.03380471,-0.004417676,0.9971035,352.1904,356.1331,359.7563,0.4208075,-0.1089133,-0.9005878,0,0,0,1.552223,-0.2907872,-0.9251161,0.3166791,-0.2071999,1.991,0.9976755,-0.004213111,0.06801429,0.01340641,0.9907162,-0.1352841,-0.06681288,0.1358814,0.9884697,moving,12.942327513690845,-6.553073966643601,9.037492841054267,-5.941285072231013,0.18014099999999988,0.06392939999999997,2.0176129,0.22257958508510514,-0.11126068001650974,0.9685449592086307,11.809407679366146,-6.185399704182896,3.9171606619849233,3.9524700469391787,2.7826433160551813
05/10/2023 16:35:21.872639,2221,True,True,True,True,Eyes,1.371297,-0.354811,-2.934207,0.1537715,0.02042551,0.9878953,0.0,0.0,0.0,0.0,0.0,0.0,0.0,-1.170436,-0.0650467,3.048606,1.372037,-0.3547753,-2.942754,-0.06794234,-0.03377077,-0.004539085,0.9971073,352.1952,356.138,359.7419,0.4208127,-0.1089119,-0.9005856,0,0,0,1.547855,-0.2910731,-0.9254463,0.3122281,-0.2072,1.991,0.9976779,-0.004462976,0.06796296,0.01364084,0.9907265,-0.135185,-0.06672937,0.1357982,0.9884868,moving,12.81711304320195,-6.547127090173865,8.912522038216018,-5.941287919137228,0.17581800000000003,0.06370220000000004,2.0173077,0.2204635333265465,-0.11121496353991954,0.9690340870119526,11.689038629045093,-6.178713449761267,3.9163089607845154,3.9513126954696216,2.7866494687601486
05/10/2023 16:35:21.892549,2222,True,True,True,True,Eyes,1.371354,-0.3548071,-2.934201,0.1517639,0.02040936,0.988206,0.0,0.0,0.0,0.0,0.0,0.0,0.0,-1.170226,-0.06515369,3.048704,1.372038,-0.3547856,-2.942773,-0.06795152,-0.0338062,-0.004560341,0.9971054,352.1941,356.1341,359.7398,0.4208188,-0.1089105,-0.9005829,0,0,0,1.543328,-0.2910351,-0.9257521,0.3078356,-0.2072001,1.991,0.9976727,-0.004499916,0.06803646,0.01368865,0.9907236,-0.1352013,-0.06679692,0.135818,0.9884794,moving,12.704304966676489,-6.5498026382889885,8.789109865005848,-5.941290766043414,0.17128999999999994,0.06375049999999999,2.0170209,0.21855287283870492,-0.11130924623146082,0.9694559377466065,11.580169691020215,-6.180441763678074,3.9271919030919187,3.9622013304234796,2.801286874288494
05/10/2023 16:35:21.908684,2223,True,True,True,True,Eyes,1.371401,-0.3548037,-2.934195,0.1496611,0.02033724,0.9885281,0.0,0.0,0.0,0.0,0.0,0.0,0.0,-1.170044,-0.06503195,3.048785,1.372082,-0.3547574,-2.942764,-0.06794034,-0.03384173,-0.004526213,0.9971051,352.1955,356.1297,359.7439,0.4208259,-0.108909,-0.9005798,0,0,0,1.538922,-0.2910149,-0.9260256,0.3035132,-0.2072001,1.991,0.9976685,-0.004427782,0.06810255,0.01362466,0.9907272,-0.1351809,-0.06687249,0.1357936,0.9884776,moving,12.585762469824118,-6.554651882104637,8.667586927818283,-5.941290766043414,0.16683999999999988,0.06374249999999998,2.0167384,0.21654338422204064,-0.1114424187540705,0.9698914386288531,11.46565846543376,-6.184224315063794,3.9308613441288753,3.9658935231128676,2.8085976997166187
05/10/2023 16:35:21.923329,2224,True,True,True,True,Eyes,1.371445,-0.3548006,-2.93419,0.1476377,0.02026438,0.9888339,0.0,0.0,0.0,0.0,0.0,0.0,0.0,-1.170191,-0.06512898,3.048722,1.372074,-0.3547506,-2.942764,-0.06794193,-0.03381782,-0.004559407,0.9971056,352.1952,356.1328,359.7399,0.4208336,-0.1089075,-0.9005764,0,0,0,1.534817,-0.2909995,-0.9263181,0.2993162,-0.2072,1.991,0.9976711,-0.004497124,0.06805941,0.01368772,0.9907262,-0.1351822,-0.06682032,0.1357989,0.9884805,moving,12.465398031668151,-6.559468760194,8.54951431820168,-5.941287919137228,0.16274300000000008,0.0637511,2.0164459,0.21450219918207275,-0.11157543084196608,0.9703297105240924,11.34939292850277,-6.187961846911614,3.929353933254248,3.9643779852130168,2.8107237962961076
05/10/2023 16:35:21.942512,2225,True,True,True,True,Eyes,1.37149,-0.3547977,-2.934181,0.1455443,0.02016715,0.9891461,0.0,0.0,0.0,0.0,0.0,0.0,0.0,-1.169759,-0.06408048,3.048932,1.372078,-0.3547514,-2.942785,-0.0678652,-0.03387863,-0.004324557,0.9971099,352.2049,356.1239,359.7672,0.4208416,-0.1089061,-0.9005728,0,0,0,1.530204,-0.2911806,-0.9266171,0.2948998,-0.2071998,1.991,0.9976671,-0.004025756,0.0681484,0.01322248,0.9907512,-0.1350451,-0.06697445,0.1356311,0.9884931,moving,12.349245805489115,-6.562396862146292,8.425190385311467,-5.941282225324767,0.158126,0.06357079999999998,2.0161679,0.21253228015446252,-0.11167421486061568,0.9707516489681759,11.23728742403657,-6.189908571973381,3.9378920583681554,3.9729075414234742,2.823066562349235
05/10/2023 16:35:21.957849,2226,True,True,True,True,Eyes,1.371535,-0.354795,-2.934173,0.1435386,0.02006551,0.9894413,0.0,0.0,0.0,0.0,0.0,0.0,0.0,-1.170116,-0.06506151,3.048707,1.372123,-0.3547602,-2.942694,-0.06803744,-0.03382684,-0.004312979,0.9970999,352.1852,356.1297,359.7688,0.4208501,-0.1089046,-0.900569,0,0,0,1.526232,-0.290476,-0.9268533,0.29066,-0.2072,1.991,0.9976743,-0.003997958,0.06804436,0.01320392,0.9907047,-0.1353884,-0.06687059,0.135972,0.9884533,moving,12.22711748892867,-6.589472610603532,8.30576258724212,-5.941287919137228,0.15410900000000005,0.06428420000000001,2.0158407,0.21045044408490288,-0.11218464677433845,0.9711463618527304,11.118140903307731,-6.215112697935244,3.9389637018722112,3.97456509057688,2.8256772289417325
05/10/2023 16:35:21.972787,2227,True,True,True,True,Eyes,1.371566,-0.3547953,-2.934164,0.1414472,0.01992199,0.9897453,0.0,0.0,0.0,0.0,0.0,0.0,0.0,-1.170708,-0.06543103,3.048498,1.372168,-0.3547601,-2.942699,-0.06797399,-0.03375147,-0.004612636,0.9971055,352.1913,356.1408,359.7334,0.420859,-0.1089032,-0.9005651,0,0,0,1.522162,-0.2908476,-0.927163,0.2862754,-0.2072002,1.991,0.9976791,-0.004610125,0.06793462,0.01378701,0.9907166,-0.1352431,-0.06668045,0.1358658,0.9884807,moving,12.09819280743069,-6.585385011852378,8.182179541272442,-5.941293612949571,0.14999399999999996,0.06391250000000004,2.015536,0.20826503902158094,-0.1121690185207802,0.9716191330716553,10.994097225476164,-6.210192582735677,3.933314946912915,3.9686286839244573,2.824745602472841
05/10/2023 16:35:21.993432,2228,True,True,True,True,Eyes,1.371594,-0.3547916,-2.934156,0.1394325,0.019786,0.9900339,0.0,0.0,0.0,0.0,0.0,0.0,0.0,-1.171181,-0.06495792,3.048292,1.37212,-0.354812,-2.94268,-0.06790158,-0.03366726,-0.004624559,0.9971132,352.1996,356.1507,359.7311,0.4208679,-0.1089019,-0.9005611,0,0,0,1.518043,-0.2911799,-0.9274595,0.2818573,-0.2072002,1.991,0.9976903,-0.004650298,0.06776815,0.01379454,0.990736,-0.1350997,-0.06651209,0.1357225,0.9885118,moving,11.971292411901295,-6.585729156131532,8.057574693648526,-5.941293612949571,0.14592300000000002,0.06363210000000002,2.0152205000000003,0.20611120494388913,-0.11222717433318902,0.9720716349833622,10.87176947969317,-6.209564443237255,3.93125646214932,3.966419487079234,2.8269526936586855
05/10/2023 16:35:22.002907,2229,True,True,True,True,Eyes,1.371634,-0.3547903,-2.934144,0.1373174,0.01962311,0.9903327,0.0,0.0,0.0,0.0,0.0,0.0,0.0,-1.170554,-0.06478986,3.048506,1.372063,-0.3547135,-2.942687,-0.06790842,-0.03375474,-0.004498805,0.9971103,352.1993,356.1396,359.7463,0.4208766,-0.1089006,-0.9005572,0,0,0,1.513096,-0.290976,-0.9277551,0.277291,-0.2071999,1.991,0.9976807,-0.004387147,0.06792541,0.01355607,0.9907365,-0.1351206,-0.06670338,0.1357281,0.9884982,moving,11.857970387365448,-6.59975270011715,7.9287094572208145,-5.941285072231013,0.14103299999999996,0.0637375,2.0149318999999997,0.20418158565140676,-0.11251157539173173,0.9724458941051013,10.761803132575112,-6.222239751109801,3.9485800631796026,3.98405209229687,2.8469905698678395
05/10/2023 16:35:22.022491,2230,True,True,True,True,Eyes,1.371673,-0.3547914,-2.934132,0.135287,0.01946547,0.9906152,0.0,0.0,0.0,0.0,0.0,0.0,0.0,-1.170173,-0.06457597,3.048597,1.372057,-0.3547937,-2.942619,-0.06795359,-0.03380934,-0.004339269,0.9971061,352.1947,356.132,359.7653,0.4208857,-0.1088994,-0.900553,0,0,0,1.508743,-0.2907886,-0.9279638,0.2731303,-0.2072001,1.991,0.9976762,-0.004058491,0.06801274,0.01324835,0.9907269,-0.1352204,-0.06683325,0.1358072,0.9884785,moving,11.74574324476696,-6.618417413062339,7.811220261053395,-5.941290766043414,0.13668599999999986,0.06400509999999998,2.0146552,0.20226805852073512,-0.11287412746723413,0.9728036879109391,10.652645825919095,-6.239402099246506,3.9565177586949813,3.9923641624322523,2.8570211073172844
05/10/2023 16:35:22.042822,2231,True,True,True,True,Eyes,1.371695,-0.3547923,-2.934119,0.1331892,0.01933121,0.9909021,0.0,0.0,0.0,0.0,0.0,0.0,0.0,-1.170208,-0.06416008,3.04857,1.372079,-0.354851,-2.942579,-0.06792908,-0.03380398,-0.004258447,0.9971083,352.1978,356.132,359.7745,0.420895,-0.1088983,-0.9005488,0,0,0,1.504532,-0.2908953,-0.9282147,0.2688541,-0.2072001,1.991,0.9976783,-0.003899718,0.067991,0.01308481,0.990735,-0.1351774,-0.06683391,0.1357532,0.9884858,moving,11.622853062470012,-6.626014200248125,7.690400686360571,-5.941290766043414,0.13245299999999993,0.0639557,2.0143643,0.20017700651287307,-0.1130526795191436,0.9732154377003074,10.533798434592729,-6.245803147750679,3.955743008766927,3.9916197052973224,2.859657067773116
05/10/2023 16:35:22.052920,2232,True,True,True,True,Eyes,1.371718,-0.3547932,-2.934105,0.1311719,0.0192089,0.9911736,0.0,0.0,0.0,0.0,0.0,0.0,0.0,-1.169901,-0.06390637,3.048687,1.372108,-0.3548203,-2.942562,-0.06791055,-0.03385604,-0.004188347,0.997108,352.2002,356.1254,359.7829,0.420904,-0.1088974,-0.9005446,0,0,0,1.500002,-0.2908925,-0.9284811,0.2644858,-0.2072,1.991,0.9976724,-0.003754104,0.06808513,0.01295083,0.9907413,-0.1351447,-0.06694739,0.1357119,0.9884838,moving,11.511340218547307,-6.633359294357347,7.566907844283398,-5.941287919137228,0.12789399999999995,0.06392779999999998,2.0140809,0.19827865634500244,-0.1132220304986074,0.973584357297082,10.425930134048734,-6.252047401967856,3.968707948538045,4.004685948178744,2.875861594295557
05/10/2023 16:35:22.072753,2233,True,True,True,True,Eyes,1.371736,-0.3547941,-2.934089,0.1290882,0.0191092,0.991449,0.0,0.0,0.0,0.0,0.0,0.0,0.0,-1.169729,-0.06446072,3.048713,1.372153,-0.354823,-2.942512,-0.06799588,-0.03389258,-0.004205403,0.997101,352.1903,356.1213,359.7816,0.4209129,-0.1088966,-0.9005405,0,0,0,1.495497,-0.2905399,-0.9287326,0.2600735,-0.2071999,1.991,0.9976672,-0.003777312,0.06816055,0.01299553,0.9907178,-0.1353124,-0.06701674,0.1358825,0.9884557,moving,11.39491329399758,-6.649700396468079,7.442099286068356,-5.941285072231013,0.12334400000000012,0.06428309999999998,2.0137793999999998,0.19629257783598253,-0.11354597401250449,0.973948961792627,10.312848258408092,-6.266935672676509,3.9795142308092717,4.015792680517186,2.8891604274875706
05/10/2023 16:35:22.092980,2234,True,True,True,True,Eyes,1.371753,-0.3547958,-2.934076,0.1270893,0.01902465,0.9917089,0.0,0.0,0.0,0.0,0.0,0.0,0.0,-1.170085,-0.06561396,3.048506,1.372172,-0.3548236,-2.942454,-0.06814586,-0.03384193,-0.004309522,0.997092,352.1727,356.1279,359.7697,0.4209216,-0.1088959,-0.9005365,0,0,0,1.491455,-0.2899616,-0.9289951,0.2558118,-0.2071999,1.991,0.9976723,-0.003981605,0.06807438,0.01320635,0.9906752,-0.1356037,-0.06689967,0.136187,0.9884217,moving,11.274001313971656,-6.670879124036283,7.321483193919968,-5.941285072231013,0.11928300000000003,0.06486200000000003,2.0134589000000003,0.19422769106083398,-0.11395373894193475,0.974315307909946,10.195186929868099,-6.286458342581158,3.982648980076019,4.019291849289693,2.8943596439569252
05/10/2023 16:35:22.103166,2235,True,True,True,True,Eyes,1.371756,-0.3547989,-2.934062,0.1250016,0.01895797,0.9919754,0.0,0.0,0.0,0.0,0.0,0.0,0.0,-1.170286,-0.06682083,3.04844,1.372152,-0.3548466,-2.9425,-0.06830035,-0.03380974,-0.004426356,0.997082,352.1545,356.1325,359.7566,0.4209299,-0.1088954,-0.9005327,0,0,0,1.487179,-0.2893893,-0.9293646,0.2514308,-0.2072,1.991,0.9976746,-0.004208446,0.06802681,0.01344531,0.9906309,-0.1359028,-0.06681752,0.1365014,0.9883839,moving,11.150135511129516,-6.691397417240438,7.19742259218009,-5.941287919137228,0.11502699999999999,0.0654573,2.0131354,0.19211205201265522,-0.11435116919402079,0.9746880364556079,10.07471367826483,-6.3053213381905815,3.986280903261281,4.023257843933736,2.9002283227791525
05/10/2023 16:35:22.123181,2236,True,True,True,True,Eyes,1.371759,-0.3548027,-2.934047,0.1229958,0.01889124,0.9922274,0.0,0.0,0.0,0.0,0.0,0.0,0.0,-1.170288,-0.06749263,3.048386,1.37214,-0.3548679,-2.942463,-0.0683699,-0.03381248,-0.004535882,0.9970766,352.1461,356.1331,359.7443,0.4209377,-0.108895,-0.9005291,0,0,0,1.482771,-0.289151,-0.9296316,0.2470512,-0.2072,1.991,0.9976723,-0.004421732,0.0680475,0.01366875,0.9906099,-0.1360333,-0.06680703,0.1366468,0.9883646,moving,11.0347993754416,-6.702274987056641,7.073333785159656,-5.941287919137228,0.11063100000000015,0.06571690000000002,2.0128314,0.19014456029727167,-0.11458092703743719,0.9750468278117397,9.962972990892952,-6.314945521887422,3.9967788624068,4.033895256514285,2.9136977783229296
05/10/2023 16:35:22.143138,2237,True,True,True,True,Eyes,1.371749,-0.3548058,-2.934033,0.1208897,0.01882519,0.9924874,0.0,0.0,0.0,0.0,0.0,0.0,0.0,-1.17021,-0.06727478,3.048398,1.37213,-0.3548854,-2.942442,-0.06833665,-0.0338241,-0.004536324,0.9970785,352.15,356.1317,359.7442,0.4209449,-0.1088948,-0.9005257,0,0,0,1.478568,-0.2892835,-0.9298865,0.2428959,-0.2072,1.991,0.9976707,-0.00442329,0.06807055,0.01366899,0.9906191,-0.1359671,-0.06683056,0.1365809,0.9883721,moving,10.913824400741799,-6.703296406607452,6.9555384432700915,-5.941287919137228,0.10643800000000003,0.06560189999999999,2.0125555,0.18808401064993144,-0.11464462497392003,0.975438855800717,9.846320368454778,-6.315015794001181,3.9940210712204705,4.030965722515433,2.914840075102717
05/10/2023 16:35:22.152848,2238,True,True,True,True,Eyes,1.371739,-0.3548106,-2.934022,0.1188654,0.01875174,0.9927333,0.0,0.0,0.0,0.0,0.0,0.0,0.0,-1.170092,-0.06719014,3.048448,1.37212,-0.3548555,-2.942453,-0.06831358,-0.03384215,-0.004544508,0.9970794,352.1526,356.1297,359.7433,0.4209513,-0.1088948,-0.9005228,0,0,0,1.474228,-0.2893296,-0.9301814,0.2386301,-0.2072,1.991,0.9976681,-0.004438714,0.06810752,0.01368623,0.9906252,-0.1359205,-0.06686571,0.1365357,0.988376,moving,10.798450484374778,-6.705746395574777,6.8345491338214,-5.941287919137228,0.10210800000000009,0.06552589999999997,2.0122716,0.18611759191566832,-0.11473007344178085,0.9758059582860897,9.73499038239942,-6.316507026593913,4.000085945678745,4.03694323456698,2.9246108826736963
05/10/2023 16:35:22.172686,2239,True,True,True,True,Eyes,1.371721,-0.354815,-2.934011,0.1167784,0.01869063,0.9929821,0.0,0.0,0.0,0.0,0.0,0.0,0.0,-1.169908,-0.06621006,3.048566,1.372105,-0.354898,-2.942482,-0.06818214,-0.03386763,-0.004484352,0.9970879,352.1679,356.1263,359.7499,0.4209569,-0.108895,-0.9005201,0,0,0,1.469664,-0.2898604,-0.9304931,0.2341662,-0.2072,1.991,0.9976658,-0.004324249,0.06814952,0.01356092,0.9906622,-0.1356634,-0.06692651,0.1362709,0.9884084,moving,10.679637634882486,-6.696183519969884,6.707875596313451,-5.941287919137228,0.09755900000000017,0.06503759999999997,2.0119889,0.18409621981032132,-0.11461160163878711,0.9762032308377743,9.620983202500101,-6.306379752013803,4.006373775166646,4.042865451529961,2.9358964511126224
05/10/2023 16:35:22.193227,2240,True,True,True,True,Eyes,1.371704,-0.3548202,-2.933997,0.1147757,0.01862808,0.9932167,0.0,0.0,0.0,0.0,0.0,0.0,0.0,-1.170194,-0.0657542,3.048456,1.372092,-0.3548824,-2.942479,-0.0681356,-0.03381557,-0.00441258,0.9970931,352.1735,356.1318,359.7576,0.4209617,-0.1088954,-0.9005179,0,0,0,1.465576,-0.2899927,-0.9307886,0.2298615,-0.2072001,1.991,0.9976741,-0.004191418,0.06803586,0.01340759,0.9906761,-0.1355766,-0.06683324,0.1361735,0.9884281,moving,10.556988686537911,-6.696577745799716,6.585657288563926,-5.941290766043414,0.0934839999999999,0.0648897,2.0116904,0.1820050000733607,-0.11466371815542417,0.9765891108961516,9.502750441198415,-6.305832111721025,4.006198183402962,4.042515490919411,2.9397827902509173
05/10/2023 16:35:22.203460,2241,True,True,True,True,Eyes,1.371688,-0.3548242,-2.933985,0.1126974,0.0185423,0.9934564,0.0,0.0,0.0,0.0,0.0,0.0,0.0,-1.170238,-0.06493381,3.048419,1.372116,-0.3549062,-2.942426,-0.06807216,-0.0338057,-0.004252817,0.9970985,352.1814,356.1317,359.7757,0.4209657,-0.108896,-0.9005159,0,0,0,1.461383,-0.290204,-0.9310232,0.2255732,-0.2072,1.991,0.9976782,-0.0038785,0.06799421,0.01308341,0.9906962,-0.1354617,-0.06683622,0.1360368,0.9884467,moving,10.434364353825572,-6.697895015777545,6.46384472262835,-5.941287919137228,0.08926700000000021,0.06470219999999999,2.0114028,0.17991310555006143,-0.11473107874223597,0.9769688805581199,9.384492434002745,-6.3061754007385185,4.005802957668566,4.0419649232036905,2.9433528378680363
05/10/2023 16:35:22.222996,2242,True,True,True,True,Eyes,1.371672,-0.3548315,-2.933975,0.1107038,0.01846068,0.993682,0.0,0.0,0.0,0.0,0.0,0.0,0.0,-1.170342,-0.06436616,3.048402,1.372123,-0.3548778,-2.942437,-0.0680225,-0.03378448,-0.004136743,0.9971031,352.1876,356.1332,359.7887,0.420969,-0.1088967,-0.9005143,0,0,0,1.456997,-0.2903234,-0.9313402,0.2210678,-0.2072,1.991,0.997683,-0.00365331,0.067936,0.01284573,0.9907116,-0.1353714,-0.06681043,0.1359304,0.988463,moving,10.315631127868361,-6.699697501839186,6.3358020338598,-5.941287919137228,0.08487400000000012,0.06455440000000001,2.0110968,0.17788662841940736,-0.11480479691182413,0.9773311880831969,9.269959021445356,-6.307016369697639,4.015375013390603,4.051447236809479,2.9568622773721582
05/10/2023 16:35:22.242802,2243,True,True,True,True,Eyes,1.37165,-0.3548379,-2.933964,0.1085955,0.01840903,0.9939156,0.0,0.0,0.0,0.0,0.0,0.0,0.0,-1.170464,-0.06421456,3.048377,1.372101,-0.3549632,-2.942457,-0.06802901,-0.03375883,-0.004095554,0.9971037,352.187,356.1359,359.7933,0.4209717,-0.1088975,-0.9005129,0,0,0,1.452862,-0.2903561,-0.9316522,0.2168357,-0.2072001,1.991,0.9976871,-0.003574225,0.06787933,0.01276054,0.9907106,-0.1353874,-0.06676486,0.1359405,0.9884648,moving,10.190257210496537,-6.704984185794726,6.215468553924691,-5.941290766043414,0.08076100000000008,0.06460709999999997,2.0108048,0.1757448606299134,-0.11493990133033245,0.9777027452009619,9.148840309516363,-6.31116936082164,4.011511614599531,4.0474896545616605,2.956599403263499
05/10/2023 16:35:22.253404,2244,True,True,True,True,Eyes,1.371631,-0.3548426,-2.933955,0.1065688,0.01836614,0.9941357,0.0,0.0,0.0,0.0,0.0,0.0,0.0,-1.170624,-0.064114,3.04832,1.372107,-0.3549473,-2.942458,-0.06801405,-0.03373323,-0.004086693,0.9971055,352.1888,356.1388,359.7941,0.4209737,-0.1088986,-0.9005119,0,0,0,1.448491,-0.2903827,-0.9319603,0.212344,-0.2072001,1.991,0.9976907,-0.003561061,0.06782708,0.01273839,0.9907148,-0.1353586,-0.06671527,0.1359101,0.9884723,moving,10.069748285542701,-6.706695804678063,6.08769351253616,-5.941290766043414,0.07638400000000001,0.06456460000000003,2.0104976999999997,0.173686631944322,-0.1150117569728363,0.9780619938880606,9.032600258726072,-6.311909205906881,4.019077818372715,4.054948222652354,2.968136413934118
05/10/2023 16:35:22.272641,2245,True,True,True,True,Eyes,1.371605,-0.3548489,-2.933949,0.1044213,0.01835424,0.9943638,0.0,0.0,0.0,0.0,0.0,0.0,0.0,-1.17055,-0.06491303,3.048356,1.372148,-0.3549103,-2.942469,-0.06810604,-0.03375512,-0.004166367,0.9970982,352.1779,356.1368,359.7854,0.4209751,-0.1088997,-0.9005111,0,0,0,1.444164,-0.2899819,-0.9322696,0.208065,-0.2072001,1.991,0.9976864,-0.003710699,0.06788184,0.01290641,0.9906884,-0.1355355,-0.06674682,0.1360981,0.9884443,moving,9.948438698915098,-6.717608505562619,5.965912554833279,-5.941290766043414,0.07201600000000008,0.0649284,2.0101994,0.17161086205935583,-0.11524060224096273,0.9784014351933936,8.915100359632849,-6.321522090872828,4.021559703855265,4.057484900894568,2.9735979163901822
05/10/2023 16:35:22.292836,2246,True,True,True,True,Eyes,1.37158,-0.3548557,-2.933942,0.1023605,0.01834547,0.9945782,0.0,0.0,0.0,0.0,0.0,0.0,0.0,-1.17034,-0.06518376,3.048484,1.372124,-0.3549478,-2.94253,-0.06813371,-0.03378722,-0.004216811,0.9970951,352.1745,356.1335,359.7799,0.4209758,-0.108901,-0.9005107,0,0,0,1.439807,-0.2899047,-0.9326153,0.2038576,-0.2071999,1.991,0.9976813,-0.003805026,0.06795275,0.01301322,0.99068,-0.1355866,-0.06680351,0.1361565,0.9884324,moving,9.833028805293432,-6.7213772223000685,5.846116565014406,-5.941285072231013,0.06768300000000016,0.06504309999999996,2.0099147,0.1696376674831126,-0.11534494743371987,0.9787331755986473,8.803665734360907,-6.324285631305353,4.026663113614569,4.0625131352755135,2.9822452141555083
05/10/2023 16:35:22.307943,2247,True,True,True,True,Eyes,1.371558,-0.3548614,-2.933935,0.1002005,0.01832931,0.9947985,0.0,0.0,0.0,0.0,0.0,0.0,0.0,-1.170508,-0.06558663,3.048405,1.372139,-0.3549694,-2.942515,-0.06817435,-0.03376547,-0.004289338,0.9970928,352.1696,356.1366,359.7715,0.4209758,-0.1089024,-0.9005104,0,0,0,1.435434,-0.2897655,-0.9329106,0.199382,-0.2072,1.991,0.997683,-0.003949859,0.06791945,0.01315761,0.9906677,-0.1356626,-0.06674976,0.1362419,0.9884243,moving,9.705847913189164,-6.726749434144604,5.718627899441494,-5.941287919137228,0.0632950000000001,0.06520389999999998,2.0096044,0.16746209270559248,-0.1154802995198042,0.9790918789046592,8.680800881504714,-6.328507484175822,4.028082081154301,4.0638495579422775,2.987374728288031
05/10/2023 16:35:22.327834,2248,True,True,True,True,Eyes,1.371538,-0.3548671,-2.933929,0.09812339,0.01830755,0.9950059,0.0,0.0,0.0,0.0,0.0,0.0,0.0,-1.170462,-0.06575134,3.048384,1.372103,-0.3549551,-2.942498,-0.06817839,-0.03376964,-0.004339872,0.9970921,352.1689,356.1365,359.7658,0.4209754,-0.1089039,-0.9005105,0,0,0,1.431078,-0.2897307,-0.9331853,0.1950759,-0.2072,1.991,0.9976816,-0.004049784,0.06793464,0.01325922,0.9906657,-0.1356671,-0.0667511,0.1362533,0.9884226,moving,9.586280412495393,-6.7285726478927925,5.595913819900612,-5.941287919137228,0.058975,0.06522440000000002,2.0093127,0.1654171240503302,-0.11555189531604018,0.9794309785006257,8.565462276297701,-6.329362142613335,4.0316549434175855,4.067289366080093,2.9947987641604437
05/10/2023 16:35:22.342943,2249,True,True,True,True,Eyes,1.371498,-0.354873,-2.933925,0.09595658,0.01827808,0.9952177,0.0,0.0,0.0,0.0,0.0,0.0,0.0,-1.170258,-0.06530282,3.0485,1.372115,-0.3549613,-2.94252,-0.06810123,-0.0338056,-0.004345527,0.9970961,352.1777,356.1324,359.7651,0.4209745,-0.1089055,-0.9005107,0,0,0,1.426663,-0.2900299,-0.9334854,0.1907851,-0.2071999,1.991,0.9976766,-0.004061411,0.06800673,0.01327022,0.9906867,-0.1355131,-0.06682298,0.1361007,0.9884388,moving,9.464769127636167,-6.722222578301255,5.473584504565241,-5.941285072231013,0.05454800000000004,0.06493139999999997,2.0090346,0.16334089840283847,-0.11548384042178772,0.9797873531320263,8.448683831444752,-6.322314826032764,4.031548452646109,4.066868338639083,2.9993998863241202
05/10/2023 16:35:22.352853,2250,True,True,True,True,Eyes,1.371461,-0.3548789,-2.93392,0.09387589,0.01825026,0.9954166,0.0,0.0,0.0,0.0,0.0,0.0,0.0,-1.170209,-0.06503859,3.048545,1.372067,-0.3549421,-2.942566,-0.06807303,-0.03380306,-0.004298903,0.9970983,352.1812,356.1324,359.7704,0.4209728,-0.1089071,-0.9005113,0,0,0,1.422233,-0.2900952,-0.9338281,0.1863774,-0.2071998,1.991,0.9976777,-0.003970705,0.06799521,0.01317501,0.9906951,-0.1354603,-0.06682465,0.1360416,0.9884468,moving,9.343672518224345,-6.722135054777531,5.347870278733792,-5.941282225324767,0.050166000000000155,0.06484689999999999,2.0087379,0.16126899087131694,-0.11552223219625651,0.9801259555387057,8.33197280834931,-6.321314041143512,4.03622955958712,4.0713838775509865,3.008204130090281
05/10/2023 16:35:22.372654,2251,True,True,True,True,Eyes,1.371461,-0.3548789,-2.93392,0.09387589,0.01825026,0.9954166,0.0,0.0,0.0,0.0,0.0,0.0,0.0,-1.170215,-0.06505623,3.048521,1.372074,-0.3549509,-2.942539,-0.06807964,-0.03380352,-0.004294987,0.9970978,352.1804,356.1323,359.7708,0.4209704,-0.1089089,-0.9005122,0,0,0,1.417934,-0.2900595,-0.9340955,0.1820611,-0.2072,1.991,0.9976777,-0.003962383,0.06799562,0.01316771,0.9906934,-0.1354737,-0.06682602,0.1360545,0.988445,moving,9.343721013519298,-6.722956646302734,5.22471284358722,-5.941287919137228,0.04586000000000001,0.06489139999999999,2.0084435000000003,0.16126955525979858,-0.11553627588145157,0.9801242073179661,8.331975960664636,-6.322107248769129,4.156728217409804,4.192521234650547,3.1305123287683996
05/10/2023 16:35:22.392885,2252,True,True,True,True,Eyes,1.371461,-0.3548789,-2.93392,0.09387589,0.01825026,0.9954166,0.0,0.0,0.0,0.0,0.0,0.0,0.0,-1.169997,-0.06440338,3.048675,1.372078,-0.3549834,-2.942593,-0.06798445,-0.03383872,-0.004271683,0.9971033,352.1914,356.1281,359.7734,0.4209682,-0.1089104,-0.9005131,0,0,0,1.41357,-0.2904518,-0.9344223,0.1778231,-0.2072,1.991,0.9976734,-0.003917605,0.06806221,0.01311963,0.9907198,-0.1352859,-0.06690057,0.1358641,0.9884661,moving,9.347416579028758,-6.712337123151848,5.103742420497123,-5.941287919137228,0.041492000000000084,0.06453160000000002,2.0081707,0.16133622600090744,-0.11535333846843658,0.9801347824421345,8.336101236824371,-6.311887310219268,4.276933215052119,4.313152818855455,3.253534605034787
05/10/2023 16:35:22.403623,2253,True,True,True,True,Eyes,1.37141,-0.3548869,-2.933917,0.09155399,0.01827829,0.9956324,0.0,0.0,0.0,0.0,0.0,0.0,0.0,-1.170051,-0.06368268,3.048656,1.372078,-0.3550157,-2.942574,-0.06787828,-0.03382995,-0.004254078,0.9971109,352.2037,356.129,359.775,0.4209662,-0.1089118,-0.9005138,0,0,0,1.409141,-0.2908901,-0.9346957,0.173347,-0.2072001,1.991,0.9976749,-0.003890939,0.06804194,0.01307621,0.9907489,-0.1350765,-0.0668869,0.1356521,0.9884961,moving,9.211547454984066,-6.699644045656938,4.9759260807189705,-5.941290766043414,0.03706300000000007,0.0641256,2.0078783,0.15901474709734015,-0.11518015742392525,0.9805345207800551,8.205820900665469,-6.298610309478612,4.26724499385006,4.302974334437973,3.249599637499666
05/10/2023 16:35:22.428047,2254,True,True,True,True,Eyes,1.37136,-0.3548951,-2.933913,0.08931516,0.01829615,0.9958354,0.0,0.0,0.0,0.0,0.0,0.0,0.0,-1.169686,-0.06314397,3.048754,1.372004,-0.3549904,-2.942557,-0.06778894,-0.03387784,-0.004242674,0.9971154,352.214,356.1234,359.7763,0.4209631,-0.1089134,-0.900515,0,0,0,1.404511,-0.291203,-0.9349611,0.1689736,-0.2072,1.991,0.9976686,-0.003867783,0.06813545,0.01305396,0.9907733,-0.1348993,-0.06698502,0.1354743,0.9885139,moving,9.087141966045944,-6.689386867099884,4.8509943866527605,-5.941287919137228,0.032507000000000064,0.0637874,2.0075959,0.15688783994276267,-0.11504424892808424,0.9808930202985828,8.086460243071437,-6.287770709592826,4.266342257441923,4.301697147678061,3.253965216798259
05/10/2023 16:35:22.442721,2255,True,True,True,True,Eyes,1.371315,-0.3549048,-2.933912,0.086891,0.01836202,0.9960486,0.0,0.0,0.0,0.0,0.0,0.0,0.0,-1.168921,-0.06225696,3.049054,1.371978,-0.3550007,-2.942555,-0.06767081,-0.03399647,-0.004171263,0.9971197,352.2278,356.1092,359.785,0.4209592,-0.1089152,-0.9005166,0,0,0,1.399761,-0.2916544,-0.9352293,0.1647065,-0.2072001,1.991,0.9976537,-0.003717358,0.06836163,0.01291963,0.9908065,-0.1346682,-0.06723254,0.1352354,0.9885297,moving,8.959739311862345,-6.673969695735096,4.7290546948287036,-5.941290766043414,0.027783000000000113,0.06334630000000002,2.0073257,0.1547103758386295,-0.114820216249341,0.9812650206594365,7.964484606671681,-6.271929007009668,4.258803688309888,4.293659365019451,3.252280486187732
05/10/2023 16:35:22.452859,2256,True,True,True,True,Eyes,1.371272,-0.3549136,-2.93391,0.08455262,0.01843044,0.9962485,0.0,0.0,0.0,0.0,0.0,0.0,0.0,-1.168145,-0.061791,3.049429,1.372014,-0.3550541,-2.942603,-0.06764399,-0.03412396,-0.004062206,0.9971176,352.2313,356.0936,359.7985,0.4209545,-0.1089171,-0.9005186,0,0,0,1.394985,-0.291776,-0.9355645,0.1603815,-0.2072001,1.991,0.9976381,-0.003484433,0.06860077,0.01271756,0.9908156,-0.1346208,-0.06750163,0.1351752,0.9885197,moving,8.838367613578235,-6.6693873302017845,4.605416585551927,-5.941290766043414,0.022970999999999853,0.0632781,2.0070385,0.15263209909162517,-0.11477926738143873,0.9815951622364348,7.8477469151160655,-6.266588591506199,4.260499389898652,4.295113387607852,3.25860777653008
05/10/2023 16:35:22.472551,2257,True,True,True,True,Eyes,1.371231,-0.3549228,-2.93391,0.08203349,0.01852422,0.9964574,0.0,0.0,0.0,0.0,0.0,0.0,0.0,-1.167276,-0.06185713,3.049775,1.372026,-0.3550414,-2.942615,-0.06770095,-0.03426221,-0.003939267,0.9971095,352.2252,356.0767,359.814,0.4209491,-0.1089192,-0.9005209,0,0,0,1.390076,-0.291494,-0.9358809,0.1559856,-0.2072,1.991,0.9976212,-0.003216593,0.06885973,0.01249493,0.9908021,-0.1347406,-0.06779296,0.1352804,0.9884853,moving,8.707891101679435,-6.6731965262678905,4.479707614423915,-5.941287919137228,0.01805000000000012,0.06354740000000003,2.0067341,0.15039453997993296,-0.11488438816713648,0.9819282305355294,7.721788592868997,-6.269277187354878,4.256585433600611,4.2910634825288,3.258629471244218
05/10/2023 16:35:22.493086,2258,True,True,True,True,Eyes,1.371192,-0.3549328,-2.933911,0.07961049,0.01860681,0.9966524,0.0,0.0,0.0,0.0,0.0,0.0,0.0,-1.166883,-0.06250033,3.04992,1.371966,-0.3550747,-2.942647,-0.06778575,-0.03431885,-0.003999508,0.9971014,352.2152,356.0706,359.8078,0.4209433,-0.1089214,-0.9005233,0,0,0,1.385629,-0.2911815,-0.9362078,0.1518241,-0.2072001,1.991,0.9976124,-0.003323173,0.06898096,0.01262849,0.9907781,-0.134904,-0.06789652,0.135453,0.9884546,moving,8.57465955458503,-6.6782920446159775,4.360661894346476,-5.941290766043414,0.01366299999999998,0.06389320000000004,2.0064392,0.1481086345832788,-0.11501184383593138,0.9822607383284299,7.5931066607498945,-6.273186244756185,4.243650919334709,4.277960631552563,3.249438994140193
05/10/2023 16:35:22.507986,2259,True,True,True,True,Eyes,1.371173,-0.3549397,-2.933913,0.07707366,0.01870432,0.9968499,0.0,0.0,0.0,0.0,0.0,0.0,0.0,-1.166544,-0.06166106,3.05009,1.371978,-0.3551019,-2.942662,-0.06768832,-0.03437254,-0.003906931,0.9971067,352.2267,356.0637,359.8185,0.420937,-0.1089238,-0.9005259,0,0,0,1.380959,-0.2915695,-0.9365198,0.147334,-0.2072001,1.991,0.9976065,-0.003138016,0.06907509,0.01244449,0.990806,-0.1347163,-0.06801727,0.1352535,0.9884736,moving,8.433278525704205,-6.66353034212859,4.2321738045539465,-5.941290766043414,0.008981000000000128,0.06353240000000004,2.0061421999999998,0.14568797080778814,-0.11480047754023527,0.9826473371972834,7.4576235737570205,-6.257871300745228,4.2289476579392105,4.262735141119454,3.24094885004442
05/10/2023 16:35:22.522599,2260,True,True,True,True,Eyes,1.371158,-0.3549418,-2.933914,0.07463956,0.01881963,0.9970329,0.0,0.0,0.0,0.0,0.0,0.0,0.0,-1.165833,-0.06173006,3.050436,1.372032,-0.3550723,-2.942718,-0.06776834,-0.03448811,-0.003722313,0.9970979,352.2182,356.0488,359.8411,0.4209309,-0.1089261,-0.9005286,0,0,0,1.376326,-0.2911751,-0.9368805,0.1430739,-0.2072001,1.991,0.9975934,-0.002748616,0.06928056,0.01209742,0.9907872,-0.1348866,-0.06827154,0.1354001,0.988436,moving,8.30487804577082,-6.669318853316003,4.110227906325221,-5.941290766043414,0.00429400000000002,0.06389719999999999,2.0058375,0.14348319457666128,-0.11493716366019847,0.9829556792432532,7.3335611681486705,-6.262485656455352,4.223683404882723,4.257360060907319,3.239296756150034
05/10/2023 16:35:22.542954,2261,True,True,True,True,Eyes,1.371124,-0.3549406,-2.933912,0.07210447,0.01896405,0.9972168,0.0,0.0,0.0,0.0,0.0,0.0,0.0,-1.166116,-0.06385538,3.050286,1.372106,-0.3549619,-2.942699,-0.06804768,-0.03445876,-0.003855204,0.9970795,352.1857,356.0532,359.8266,0.4209249,-0.1089283,-0.9005311,0,0,0,1.37225,-0.2899496,-0.9371927,0.1388119,-0.2072,1.991,0.9975955,-0.002998213,0.06924091,0.01237757,0.9907093,-0.1354322,-0.06819157,0.1359636,0.9883642,moving,8.156059494913334,-6.692334504003188,3.9881902822994517,-5.941287919137228,0.00014399999999992197,0.06501230000000002,2.0055063000000004,0.14092242467508598,-0.1153748905942814,0.9832749060322227,7.188905396140028,-6.2835698021783495,4.201281859519103,4.23499760874708,3.2189647602025206
05/10/2023 16:35:22.557566,2262,True,True,True,True,Eyes,1.371093,-0.3549417,-2.933906,0.06967957,0.01910362,0.9973865,0.0,0.0,0.0,0.0,0.0,0.0,0.0,-1.166469,-0.06672928,3.049991,1.372114,-0.3548645,-2.942605,-0.06840362,-0.03441318,-0.004111428,0.9970556,352.1438,356.0603,359.7981,0.4209188,-0.1089303,-0.9005337,0,0,0,1.368219,-0.2884437,-0.9374343,0.1346125,-0.2072001,1.991,0.9975976,-0.003490671,0.06918619,0.01290662,0.9906081,-0.1361215,-0.06806125,0.1366874,0.9882733,moving,8.012601963531926,-6.723011791497543,3.8679096733155567,-5.941290766043414,-0.003894999999999982,0.0664208,2.0051707,0.13845084752098916,-0.11594215595614722,0.9835592511118483,7.049010217689488,-6.3120880388261815,4.1838765396729,4.217767412057719,3.202638176709829
05/10/2023 16:35:22.572858,2263,True,True,True,True,Eyes,1.371028,-0.3549453,-2.933904,0.06715046,0.0192104,0.9975579,0.0,0.0,0.0,0.0,0.0,0.0,0.0,-1.167473,-0.06804582,3.049491,1.372127,-0.3549246,-2.942502,-0.06843912,-0.03427333,-0.00458278,0.9970559,352.1379,356.0802,359.7428,0.4209125,-0.1089322,-0.9005364,0,0,0,1.364451,-0.2884068,-0.9376297,0.1303269,-0.2072,1.991,0.9976087,-0.004447303,0.06897213,0.01382985,0.9905902,-0.1361611,-0.06771757,0.1367894,0.9882829,moving,7.852794264746889,-6.716239283463659,3.7451248903966072,-5.941287919137228,-0.007676000000000016,0.06651779999999996,2.0048723,0.13570814167436898,-0.1158702833974358,0.983949879469208,6.895343229989624,-6.304343282079755,4.146785933256043,4.1801312546434035,3.171069974577905
05/10/2023 16:35:22.592636,2264,True,True,True,True,Eyes,1.370964,-0.3549487,-2.9339,0.06471667,0.01929036,0.9977172,0.0,0.0,0.0,0.0,0.0,0.0,0.0,-1.16817,-0.06640109,3.049275,1.372049,-0.3549395,-2.942552,-0.06812591,-0.03415272,-0.004689356,0.997081,352.1735,356.0951,359.7283,0.4209053,-0.1089341,-0.9005396,0,0,0,1.36033,-0.2896749,-0.9379461,0.1258088,-0.2072001,1.991,0.9976232,-0.004697965,0.06874499,0.01400471,0.9906737,-0.1355338,-0.06746712,0.1361744,0.9883849,moving,7.698035743720896,-6.6752219760631695,3.615641565212305,-5.941290766043414,-0.011719000000000035,0.0652646,2.0046059,0.13306028084011656,-0.11520759697741723,0.9843892257649395,6.748359571419026,-6.263590298530682,4.115503754472245,4.147842481310242,3.149253736213283
05/10/2023 16:35:22.602921,2265,True,True,True,True,Eyes,1.370879,-0.3549545,-2.9339,0.06220586,0.0193551,0.9978756,0.0,0.0,0.0,0.0,0.0,0.0,0.0,-1.167644,-0.06423062,3.049487,1.372011,-0.3549308,-2.942533,-0.06783816,-0.03422639,-0.004511506,0.9970989,352.2072,356.0852,359.7483,0.4208971,-0.108936,-0.9005432,0,0,0,1.355814,-0.2907817,-0.9381832,0.1215944,-0.2071998,1.991,0.9976164,-0.004353124,0.06886629,0.01364055,0.9907553,-0.1349739,-0.06764209,0.1355916,0.988453,moving,7.5598082419282155,-6.641373831715168,3.4948285462277546,-5.941282225324767,-0.016197000000000017,0.06414910000000001,2.0043498,0.1306933254503192,-0.11466245247934367,0.9847698607613196,6.616928533843911,-6.229880687937458,4.093288725607318,4.12482583678333,3.1354102451346315
05/10/2023 16:35:22.622628,2266,True,True,True,True,Eyes,1.370799,-0.3549616,-2.933899,0.05980747,0.01938848,0.9980216,0.0,0.0,0.0,0.0,0.0,0.0,0.0,-1.167228,-0.06231749,3.049794,1.372124,-0.354951,-2.942589,-0.0675423,-0.03431198,-0.004460145,0.9971164,352.2413,356.075,359.7537,0.4208877,-0.108938,-0.9005473,0,0,0,1.351244,-0.2919644,-0.9385046,0.1172409,-0.2072,1.991,0.9976056,-0.004259549,0.06902855,0.01352959,0.9908363,-0.134389,-0.06782356,0.1350011,0.9885215,moving,7.430198894962668,-6.606889068775468,3.3699953176272825,-5.941287919137228,-0.02088000000000001,0.0629866,2.0040844,0.12847366760214132,-0.11410310437205509,0.9851268745682386,6.493837644951072,-6.195621949239125,4.0835716735586844,4.114398860077474,3.134178789547205
05/10/2023 16:35:22.642590,2267,True,True,True,True,Eyes,1.370718,-0.3549671,-2.933899,0.0573447,0.01943732,0.9981652,0.0,0.0,0.0,0.0,0.0,0.0,0.0,-1.168212,-0.05993041,3.049463,1.372164,-0.3549838,-2.942565,-0.06718345,-0.03415652,-0.004395034,0.9971462,352.2828,356.0926,359.7586,0.4208772,-0.1089402,-0.900552,0,0,0,1.347626,-0.2934183,-0.9387246,0.1129442,-0.2072001,1.991,0.997628,-0.004175477,0.06870863,0.01335449,0.9909341,-0.1336832,-0.06752753,0.1342837,0.9886395,moving,7.268912445808499,-6.564282593417023,3.246759364623264,-5.941290766043414,-0.02453799999999995,0.061565499999999995,2.0038404,0.1257100789697317,-0.11341099145763744,0.9855632468694905,6.340646532169764,-6.153286013153858,4.040304087881091,4.070114768094652,3.1011416914269367
05/10/2023 16:35:22.653148,2268,True,True,True,True,Eyes,1.370641,-0.3549707,-2.933899,0.05498664,0.01948923,0.9982969,0.0,0.0,0.0,0.0,0.0,0.0,0.0,-1.168918,-0.0587481,3.049206,1.372111,-0.3549473,-2.942584,-0.06704385,-0.03402586,-0.004253458,0.9971607,352.2994,356.1066,359.7733,0.4208656,-0.1089424,-0.9005571,0,0,0,1.343822,-0.2939162,-0.9390144,0.1086406,-0.2072,1.991,0.9976483,-0.003920314,0.06842882,0.01304521,0.9909741,-0.1334175,-0.06728816,0.1339964,0.9886947,moving,7.116599414357761,-6.547495821351436,3.123295356969892,-5.941287919137228,-0.02828900000000001,0.061031100000000005,2.0035696,0.12309320694574548,-0.1131596472509023,0.9859224197937463,6.194734370084136,-6.135934143845536,4.00980755261984,4.039055002776933,3.0776004880545167
05/10/2023 16:35:22.672786,2269,True,True,True,True,Eyes,1.370554,-0.3549724,-2.933899,0.05255419,0.01954672,0.9984267,0.0,0.0,0.0,0.0,0.0,0.0,0.0,-1.169375,-0.0588755,3.04903,1.37212,-0.3549067,-2.942587,-0.0671051,-0.0339468,-0.004146732,0.9971597,352.2928,356.1149,359.7853,0.4208533,-0.1089446,-0.9005626,0,0,0,1.339771,-0.2936066,-0.9393209,0.1042368,-0.2072,1.991,0.9976608,-0.003713901,0.06825728,0.01282591,0.9909594,-0.1335475,-0.06714422,0.1341105,0.988689,moving,6.966527810106884,-6.553158477918366,2.9969267035531506,-5.941287919137228,-0.03234899999999996,0.061300100000000024,2.0032661000000003,0.12050855934962412,-0.11329327517586935,0.9862262485584163,6.049791519004516,-6.140263066189209,3.9874487636950304,4.016480863374774,3.059342198997238
05/10/2023 16:35:22.692730,2270,True,True,True,True,Eyes,1.37047,-0.3549737,-2.9339,0.05022072,0.01960921,0.9985456,0.0,0.0,0.0,0.0,0.0,0.0,0.0,-1.169812,-0.05933455,3.048831,1.372083,-0.3548523,-2.942587,-0.0671666,-0.03386958,-0.004164831,0.9971581,352.2857,356.1239,359.7828,0.42084,-0.1089468,-0.9005686,0,0,0,1.335713,-0.2932919,-0.9396198,0.09989753,-0.2072,1.991,0.997671,-0.00375618,0.06810614,0.0128558,0.9909426,-0.1336693,-0.06698718,0.1342335,0.9886829,moving,6.823053565279685,-6.557253083070426,2.872381204651273,-5.941287919137228,-0.03637000000000001,0.061560400000000015,2.0029672,0.11803716605600051,-0.11339766223347773,0.9865131295339931,5.911290544084697,-6.143128731132802,3.9695785960814325,3.9984028291572273,3.045604978765749
05/10/2023 16:35:22.702806,2271,True,True,True,True,Eyes,1.370389,-0.3549753,-2.933901,0.04778086,0.01971657,0.9986632,0.0,0.0,0.0,0.0,0.0,0.0,0.0,-1.169923,-0.05968976,3.048794,1.37208,-0.3548453,-2.942603,-0.06725696,-0.03384656,-0.004088025,0.997153,352.2756,356.1259,359.7918,0.4208259,-0.1089489,-0.9005749,0,0,0,1.331413,-0.2929019,-0.9399444,0.09548616,-0.2072,1.991,0.9976754,-0.00359994,0.06805028,0.0127056,0.9909196,-0.1338542,-0.06695049,0.1344077,0.9886618,moving,6.679198175879879,-6.563043639438337,2.745738447768015,-5.941287919137228,-0.04066700000000001,0.06194339999999998,2.0026586,0.11555814072398696,-0.1135306839106487,0.9867912852636773,5.7723322366987535,-6.147628114924485,3.953652538096102,3.9822965244196737,3.0336193300398864
05/10/2023 16:35:22.723051,2272,True,True,True,True,Eyes,1.370311,-0.3549768,-2.933902,0.0454348,0.01983022,0.9987704,0.0,0.0,0.0,0.0,0.0,0.0,0.0,-1.16972,-0.06041163,3.048892,1.372084,-0.3548603,-2.942635,-0.0673782,-0.03387941,-0.004086679,0.9971439,352.2617,356.1221,359.7927,0.4208111,-0.1089509,-0.9005816,0,0,0,1.327007,-0.292414,-0.9402869,0.09119521,-0.2072,1.991,0.997671,-0.003584547,0.06811599,0.01271548,0.990887,-0.1340946,-0.06701458,0.1346484,0.9886247,moving,6.547658793856281,-6.571281931888041,2.6225269632240344,-5.941287919137228,-0.045077000000000034,0.06244630000000001,2.0023481,0.11329012337012546,-0.11370245997965926,0.9870344315847365,5.645114515653293,-6.154582772288079,3.946815841834712,3.975368202310866,3.0301039926842344
05/10/2023 16:35:22.742747,2273,True,True,True,True,Eyes,1.370253,-0.354979,-2.933902,0.04298935,0.01993533,0.9988767,0.0,0.0,0.0,0.0,0.0,0.0,0.0,-1.169512,-0.06151232,3.048913,1.372074,-0.3548635,-2.942601,-0.06751395,-0.03391673,-0.004198652,0.9971329,352.2457,356.1186,359.7806,0.4207959,-0.1089529,-0.9005885,0,0,0,1.322404,-0.2918597,-0.9405765,0.08675716,-0.2072001,1.991,0.997664,-0.003793523,0.06820591,0.01295293,0.9908485,-0.1343559,-0.06707203,0.1349255,0.9885831,moving,6.411548831842266,-6.58071213152856,2.495066083941972,-5.941290766043414,-0.0496700000000001,0.0630038,2.0020244999999997,0.11094258956338549,-0.1138952838721782,0.9872789724951948,5.51342833044655,-6.162653042064993,3.9398735902961426,3.9683367797150897,3.0264685540031007
05/10/2023 16:35:22.758151,2274,True,True,True,True,Eyes,1.370196,-0.3549785,-2.933901,0.04063618,0.02003239,0.9989732,0.0,0.0,0.0,0.0,0.0,0.0,0.0,-1.169005,-0.0614135,3.049102,1.372036,-0.3549139,-2.942604,-0.06750493,-0.03399366,-0.004196378,0.9971309,352.2467,356.1097,359.7815,0.4207807,-0.1089549,-0.9005953,0,0,0,1.317862,-0.2919289,-0.9408733,0.08255123,-0.2072002,1.991,0.9976537,-0.003779197,0.06835881,0.01295816,0.9908509,-0.1343372,-0.0672257,0.1349078,0.988575,moving,6.284484783186605,-6.574942982104505,2.3742488644397897,-5.941293612949571,-0.054173999999999944,0.06298500000000001,2.0017307000000004,0.1087537372543847,-0.1138235658355104,0.9875306934906063,5.391267185523582,-6.1561242997444845,3.933036764349549,3.9612443074478754,3.0246572985619444
05/10/2023 16:35:22.773335,2275,True,True,True,True,Eyes,1.370154,-0.3549801,-2.933901,0.03820046,0.02011461,0.9990676,0.0,0.0,0.0,0.0,0.0,0.0,0.0,-1.168613,-0.06130376,3.049219,1.372011,-0.3548481,-2.942587,-0.06745864,-0.03405606,-0.004234828,0.9971318,352.2519,356.1028,359.7773,0.4207656,-0.1089567,-0.9006021,0,0,0,1.313278,-0.2920321,-0.941153,0.07823754,-0.2072001,1.991,0.9976445,-0.003850611,0.06848812,0.01304011,0.9908628,-0.1342418,-0.06734542,0.1348187,0.988579,moving,6.151165668938303,-6.565412333511371,2.250314251606419,-5.941290766043414,-0.058733000000000146,0.06281599999999998,2.001434,0.10645726267210076,-0.11368771034845276,0.987796486018002,5.263276827935078,-6.145918357176965,3.9225778270195963,3.9504644677656353,3.019903299347539
05/10/2023 16:35:22.792917,2276,True,True,True,True,Eyes,1.370112,-0.3549848,-2.933901,0.03586527,0.02017629,0.999153,0.0,0.0,0.0,0.0,0.0,0.0,0.0,-1.168269,-0.06129757,3.049394,1.372004,-0.3549214,-2.942626,-0.06747444,-0.03411015,-0.004218338,0.997129,352.2501,356.0965,359.7797,0.4207509,-0.1089585,-0.9006087,0,0,0,1.308492,-0.2920232,-0.941514,0.07366154,-0.2072,1.991,0.9976374,-0.003809326,0.06859369,0.01301558,0.9908588,-0.1342736,-0.06745517,0.1348492,0.9885674,moving,6.022537465360599,-6.564637691647194,2.1188203250461926,-5.941287919137228,-0.06351200000000001,0.06289820000000002,2.001112,0.10423925428498163,-0.11370122820480699,0.9880315411211156,5.139343137312335,-6.1441975083264335,3.9254293596947973,3.9531724539251654,3.0273305668203956
05/10/2023 16:35:22.806697,2277,True,True,True,True,Eyes,1.370081,-0.354984,-2.933902,0.03348446,0.02024418,0.9992342,0.0,0.0,0.0,0.0,0.0,0.0,0.0,-1.168495,-0.05979586,3.049352,1.371985,-0.354995,-2.942642,-0.06726022,-0.03406855,-0.004166075,0.997145,352.2749,356.1009,359.7846,0.4207367,-0.1089602,-0.9006152,0,0,0,1.304069,-0.2929398,-0.9418119,0.0690759,-0.2072,1.991,0.9976439,-0.003725446,0.06850298,0.01289128,0.9909174,-0.1338525,-0.06738213,0.1344202,0.9886308,moving,5.8796830446472255,-6.537256960646209,1.9870269842970716,-5.941287919137228,-0.06791600000000009,0.06205520000000003,2.0008301,0.10178067421791562,-0.11325803290017805,0.9883386740760134,5.003109449181506,-6.116693978390089,3.910802289355213,3.9380134970080936,3.0211786972315924
05/10/2023 16:35:22.829159,2278,True,True,True,True,Eyes,1.370052,-0.3549791,-2.933903,0.03119701,0.02032299,0.9993066,0.0,0.0,0.0,0.0,0.0,0.0,0.0,-1.168648,-0.05819416,3.049311,1.371976,-0.3548719,-2.942647,-0.06708437,-0.03403053,-0.003906855,0.9971593,352.2961,356.1034,359.8135,0.4207231,-0.1089618,-0.9006213,0,0,0,1.300297,-0.2935102,-0.9420595,0.06511478,-0.2072,1.991,0.9976533,-0.003225681,0.06839188,0.01235735,0.9909689,-0.1335217,-0.06734353,0.1340535,0.9886832,moving,5.741610977930388,-6.515158810338579,1.8731656404663213,-5.941287919137228,-0.07167900000000005,0.06136170000000002,2.0005875,0.0994026969065002,-0.11290411296355388,0.9886211222114706,4.871204841626389,-6.0943243575025186,3.8840907574845946,3.910779606257007,3.0019425715959374
05/10/2023 16:35:22.842605,2279,True,True,True,True,Eyes,1.37001,-0.3549776,-2.933905,0.02888342,0.02040461,0.9993745,0.0,0.0,0.0,0.0,0.0,0.0,0.0,-1.168531,-0.05937922,3.049348,1.371978,-0.3547727,-2.942673,-0.06725597,-0.03404947,-0.003924869,0.997147,352.2763,356.1013,359.8123,0.4207101,-0.1089632,-0.9006272,0,0,0,1.295659,-0.2927072,-0.9424232,0.06054104,-0.2072,1.991,0.9976504,-0.003247282,0.06843258,0.0124074,0.9909225,-0.1338609,-0.0673767,0.1343954,0.9886345,moving,5.610627109592972,-6.530797578148856,1.7416763416624936,-5.941287919137228,-0.07631900000000003,0.062065499999999996,2.0002498,0.09713906969263571,-0.11319937657159182,0.988812365210635,4.744129913962542,-6.108424720742867,3.886886162233658,3.9136046916797618,3.00710195441862
05/10/2023 16:35:22.857580,2280,True,True,True,True,Eyes,1.369967,-0.3549778,-2.933908,0.026666,0.0204712,0.9994348,0.0,0.0,0.0,0.0,0.0,0.0,0.0,-1.169095,-0.05949816,3.049133,1.371936,-0.3548319,-2.942689,-0.06719631,-0.03396069,-0.00414089,0.997153,352.2823,356.1132,359.7864,0.4206973,-0.1089644,-0.900633,0,0,0,1.2916,-0.2929873,-0.9427167,0.05619048,-0.2072001,1.991,0.997659,-0.003694137,0.0682845,0.01282227,0.990935,-0.1337287,-0.0671715,0.1342913,0.9886627,moving,5.473484727838654,-6.519229776695893,1.616586135297545,-5.941290766043414,-0.08033599999999996,0.06184459999999997,1.9999723,0.09477387640813462,-0.11302562824746826,0.9890617699346795,4.612562682891438,-6.096223983423921,3.8735738233807226,3.8999590066024483,2.9999799625298333
05/10/2023 16:35:22.877665,2281,True,True,True,True,Eyes,1.369953,-0.3549766,-2.933911,0.02436965,0.02055132,0.9994918,0.0,0.0,0.0,0.0,0.0,0.0,0.0,-1.169263,-0.05824301,3.049102,1.371875,-0.3548686,-2.942723,-0.06705006,-0.03391719,-0.004009302,0.997165,352.2997,356.1172,359.8007,0.4206847,-0.1089655,-0.9006388,0,0,0,1.287578,-0.2936005,-0.9430078,0.05202881,-0.2072001,1.991,0.9976671,-0.003447572,0.06817972,0.01254417,0.9909765,-0.133448,-0.06710441,0.1339919,0.9887078,moving,5.335036220632981,-6.49939151654394,1.49691257680337,-5.941290766043414,-0.08429700000000007,0.06126809999999999,1.9997152,0.0923870008830164,-0.11270856222171982,0.9893237674956867,4.4801753576690375,-6.076032321382546,3.8525493126054386,3.878488049876284,2.986304088071669
05/10/2023 16:35:22.892736,2282,True,True,True,True,Eyes,1.369941,-0.3549755,-2.933913,0.02216005,0.02062841,0.9995416,0.0,0.0,0.0,0.0,0.0,0.0,0.0,-1.168368,-0.05757427,3.049478,1.371899,-0.3548766,-2.942732,-0.06700583,-0.03406046,-0.003845291,0.9971638,352.3054,356.0995,359.8205,0.4206729,-0.1089665,-0.9006442,0,0,0,1.282836,-0.2937763,-0.9433239,0.04780225,-0.2072,1.991,0.9976502,-0.003104271,0.06844303,0.01223327,0.9909909,-0.1333696,-0.06741241,0.1338935,0.9887003,moving,5.223121809112193,-6.491642156739056,1.3753596654512756,-5.941287919137228,-0.08906299999999989,0.061100299999999996,1.9994081,0.09045557477747848,-0.11259479551914488,0.9895151389743205,4.372720835289158,-6.067707299934879,3.861121643366383,3.8869220857944073,3.000025973603092
05/10/2023 16:35:22.903195,2283,True,True,True,True,Eyes,1.369969,-0.3549708,-2.933913,0.01975643,0.02078371,0.9995888,0.0,0.0,0.0,0.0,0.0,0.0,0.0,-1.167966,-0.05742532,3.049632,1.371904,-0.3548796,-2.942726,-0.06700855,-0.03412404,-0.003777958,0.9971616,352.3053,356.0916,359.8288,0.420662,-0.1089674,-0.9006491,0,0,0,1.278191,-0.2937574,-0.9436311,0.04338615,-0.2072,1.991,0.9976426,-0.002961265,0.06856067,0.01210767,0.9909912,-0.1333788,-0.06754805,0.1338945,0.9886908,moving,5.091356541006707,-6.4841434092771255,1.2483425042035556,-5.941287919137228,-0.09371299999999994,0.061122200000000015,1.9990949,0.08818078411688735,-0.11248832803464258,0.9897325768012538,4.246120309878497,-6.0594739117181815,3.8555948270230513,3.881165929233261,3.0001066149454783
05/10/2023 16:35:22.922807,2284,True,True,True,True,Eyes,1.369996,-0.3549663,-2.933912,0.01745164,0.02093783,0.9996284,0.0,0.0,0.0,0.0,0.0,0.0,0.0,-1.167875,-0.0571788,3.049649,1.371888,-0.3548605,-2.942713,-0.06697811,-0.03413492,-0.003745767,0.9971634,352.3089,356.0901,359.8325,0.4206529,-0.108968,-0.9006533,0,0,0,1.273925,-0.2938498,-0.9439064,0.03916608,-0.2072,1.991,0.9976416,-0.002897698,0.06857797,0.01204287,0.9909998,-0.1333205,-0.06757443,0.133832,0.9886975,moving,4.959366733948711,-6.472602694313754,1.126952130008838,-5.941287919137228,-0.09796300000000002,0.06101070000000003,1.9988066,0.08590227131977976,-0.11231140347641824,0.9899529478624824,4.11951781045625,-6.047338301963975,3.843792140480399,3.8690692791435635,2.994444194752906
05/10/2023 16:35:22.942825,2285,True,True,True,True,Eyes,1.370063,-0.3549589,-2.933908,0.01509382,0.02119118,0.9996616,0.0,0.0,0.0,0.0,0.0,0.0,0.0,-1.168112,-0.05754539,3.049515,1.371899,-0.3548631,-2.94267,-0.06704232,-0.034098,-0.003743068,0.9971603,352.3016,356.0943,359.8327,0.4206454,-0.1089684,-0.9006568,0,0,0,1.269564,-0.2935824,-0.9441742,0.03463403,-0.2072001,1.991,0.9976466,-0.00289286,0.06850423,0.01203689,0.9909827,-0.1334486,-0.06750046,0.1339591,0.9886853,moving,4.819023785712598,-6.466065868950048,0.9965764074183328,-5.941290766043414,-0.10233500000000006,0.061280699999999966,1.9984958000000002,0.08347804406887635,-0.11222168170381418,0.990170649100723,3.9845988882090344,-6.0399682679221005,3.8332725629544844,3.8583018114786416,2.989651416986207
05/10/2023 16:35:22.953134,2286,True,True,True,True,Eyes,1.370128,-0.3549506,-2.933903,0.01283634,0.02143879,0.9996878,0.0,0.0,0.0,0.0,0.0,0.0,0.0,-1.168279,-0.05854824,3.049444,1.371949,-0.3548581,-2.94266,-0.06715597,-0.03408413,-0.003867232,0.9971527,352.288,356.0968,359.8188,0.4206404,-0.1089685,-0.9006591,0,0,0,1.26551,-0.2931,-0.9444607,0.03048195,-0.2072,1.991,0.9976466,-0.003134534,0.06849359,0.01229035,0.9909503,-0.1336659,-0.06745476,0.1341931,0.9886567,moving,4.687861965072707,-6.464841656700506,0.8771223763216692,-5.941287919137228,-0.10643900000000017,0.06175809999999998,1.9981993,0.0812111191225822,-0.11222160811672399,0.9903591043720729,3.8582470912510374,-6.037794409408184,3.821706858683287,3.8465367188408464,2.9826863845579075
05/10/2023 16:35:22.972610,2287,True,True,True,True,Eyes,1.370207,-0.3549413,-2.933898,0.01054885,0.02171892,0.9997085,0.0,0.0,0.0,0.0,0.0,0.0,0.0,-1.16884,-0.05924296,3.049181,1.371958,-0.354832,-2.942623,-0.0672112,-0.03400039,-0.004006242,0.9971513,352.2812,356.1076,359.8023,0.4206377,-0.1089682,-0.9006604,0,0,0,1.261353,-0.2928272,-0.9447212,0.02599035,-0.2072,1.991,0.9976559,-0.003419244,0.06834558,0.01256007,0.9909332,-0.133767,-0.06726853,0.1343119,0.9886532,moving,4.546891543318685,-6.455004181693039,0.7478919067540596,-5.941287919137228,-0.11060500000000006,0.06200479999999997,1.9979018000000002,0.07877552233240794,-0.11207353848517682,0.9905725686426045,3.722898507763319,-6.027234480973787,3.8090255766900634,3.8335756986177367,2.9762478202495495
05/10/2023 16:35:22.993375,2288,True,True,True,True,Eyes,1.370283,-0.3549325,-2.933892,0.008354247,0.02198906,0.9997233,0.0,0.0,0.0,0.0,0.0,0.0,0.0,-1.168977,-0.05972275,3.049114,1.371912,-0.3548382,-2.942638,-0.06723092,-0.03397697,-0.004151538,0.9971501,352.2784,356.1114,359.7854,0.4206372,-0.1089675,-0.9006607,0,0,0,1.257141,-0.2927265,-0.9450255,0.0217415,-0.2072001,1.991,0.9976567,-0.003710805,0.06831851,0.01284802,0.9909255,-0.1337965,-0.06720205,0.1343607,0.9886511,moving,4.41822516331248,-6.441682785624349,0.62563871416336,-5.941290766043414,-0.11477099999999996,0.06211169999999999,1.9976125000000002,0.07655267157537983,-0.11186264731079786,0.9907706219790746,3.5995936748269104,-6.01340565144295,3.8011666433331235,3.8254547634928078,2.9748291824492257
05/10/2023 16:35:23.009309,2289,True,True,True,True,Eyes,1.370356,-0.354925,-2.933887,0.006105387,0.02225898,0.9997336,0.0,0.0,0.0,0.0,0.0,0.0,0.0,-1.169119,-0.05997485,3.04902,1.371898,-0.3548402,-2.942609,-0.06724655,-0.03395484,-0.00421733,0.9971496,352.2763,356.1144,359.7777,0.4206388,-0.1089666,-0.9006601,0,0,0,1.252787,-0.2926427,-0.9452962,0.01731134,-0.2071999,1.991,0.9976586,-0.003843927,0.0682833,0.01297731,0.9909202,-0.1338233,-0.06714889,0.1343961,0.98865,moving,4.286165486262481,-6.428358920459067,0.4981625946648715,-5.941285072231013,-0.11911099999999997,0.06219750000000002,1.9973128,0.07427064155925506,-0.11165156890421733,0.9909681164768237,3.473018436012498,-5.999548762529288,3.795149384085094,3.819189290985659,2.975426344981046
05/10/2023 16:35:23.023258,2290,True,True,True,True,Eyes,1.370426,-0.3549154,-2.933882,0.003948903,0.02251201,0.9997388,0.0,0.0,0.0,0.0,0.0,0.0,0.0,-1.169113,-0.05967706,3.049061,1.371921,-0.3548719,-2.942627,-0.06719577,-0.03396031,-0.004231604,0.9971528,352.2821,356.114,359.7759,0.4206422,-0.1089654,-0.9006587,0,0,0,1.248599,-0.2928603,-0.9455971,0.0131152,-0.2072,1.991,0.9976576,-0.003875135,0.06829591,0.01300309,0.9909337,-0.1337214,-0.06715854,0.1342963,0.9886628,moving,4.1622835523250545,-6.408595590435739,0.37741574028254454,-5.941287919137228,-0.12332199999999993,0.0620116,1.9970298999999998,0.07213049251049512,-0.1113272780905278,0.9911626919218313,3.3546667301015543,-5.9795396320953715,3.789841941211881,3.8136073230328646,2.977496708633362
05/10/2023 16:35:23.043183,2291,True,True,True,True,Eyes,1.370507,-0.3549046,-2.933877,0.001698434,0.02275969,0.9997395,0.0,0.0,0.0,0.0,0.0,0.0,0.0,-1.16933,-0.05940777,3.048951,1.37191,-0.3548096,-2.942607,-0.06712032,-0.03392599,-0.004283403,0.9971588,352.2905,356.1183,359.7694,0.4206471,-0.108964,-0.9006566,0,0,0,1.24437,-0.2930774,-0.9458569,0.008759081,-0.2071998,1.991,0.9976614,-0.003988218,0.06823421,0.01309671,0.9909531,-0.1335686,-0.06708419,0.1341499,0.9886878,moving,4.028571900580961,-6.386178683759284,0.2520618463418538,-5.941282225324767,-0.12754,0.061732200000000015,1.9967501000000003,0.06982011317681766,-0.11095775842677856,0.9913694990608091,3.2269817009137283,-5.956895404192619,3.7791802110808437,3.8026255467106727,2.9749608253690165
05/10/2023 16:35:23.062755,2292,True,True,True,True,Eyes,1.370585,-0.3548952,-2.933871,-0.0004554033,0.02299776,0.9997355,0.0,0.0,0.0,0.0,0.0,0.0,0.0,-1.16957,-0.05910715,3.048881,1.371904,-0.3547992,-2.942628,-0.06709933,-0.03388217,-0.004212349,0.997162,352.2932,356.1228,359.7772,0.4206536,-0.1089623,-0.9006538,0,0,0,1.240141,-0.2931434,-0.946164,0.004340127,-0.2072001,1.991,0.9976685,-0.003853845,0.06813732,0.01294773,0.9909599,-0.1335323,-0.06700674,0.1341032,0.9886993,moving,3.898795081280769,-6.371045104890617,0.12489732082866141,-5.941290766043414,-0.13176300000000007,0.06165579999999998,1.996464,0.06757631455614224,-0.11071306097695241,0.9915524364135042,3.102702744513329,-5.94130940500525,3.7750663917480325,3.7982881799704757,2.977805423743001
05/10/2023 16:35:23.077978,2293,True,True,True,True,Eyes,1.370648,-0.3548863,-2.933865,-0.002698088,0.02322498,0.9997267,0.0,0.0,0.0,0.0,0.0,0.0,0.0,-1.170017,-0.05879402,3.048685,1.371901,-0.3548234,-2.942594,-0.0671069,-0.03380276,-0.004086894,0.9971647,352.2929,356.131,359.791,0.4206614,-0.1089604,-0.9006503,0,0,0,1.23618,-0.2931384,-0.9464011,3.638864e-05,-0.2072,1.991,0.9976813,-0.003613815,0.06796235,0.01268741,0.9909599,-0.1335569,-0.06686531,0.1341095,0.9887081,moving,3.759572212371135,-6.360000034317061,0.001047170012048611,-5.941287919137228,-0.13572099999999998,0.06168499999999999,1.9961929,0.0651680115977363,-0.11053965932226427,0.9917329620664331,2.9691025597403895,-5.929597363259814,3.758818764738084,3.7817760813457397,2.9680784129790396
05/10/2023 16:35:23.092656,2294,True,True,True,True,Eyes,1.370709,-0.3548778,-2.933857,-0.004845309,0.02344413,0.9997134,0.0,0.0,0.0,0.0,0.0,0.0,0.0,-1.17039,-0.05832839,3.04852,1.371883,-0.3548166,-2.942573,-0.06708329,-0.03373291,-0.003962297,0.9971693,352.2961,356.1382,359.8048,0.4206702,-0.1089583,-0.9006464,0,0,0,1.232211,-0.2932293,-0.9466444,-0.004221082,-0.2072,1.991,0.9976928,-0.003376332,0.06780645,0.01242799,0.9909682,-0.1335195,-0.06674323,0.1340541,0.9887239,moving,3.6269390953180167,-6.345734062133751,-0.12147153251028799,-5.941287919137228,-0.13967200000000002,0.061587299999999956,1.9959285999999998,0.06287370762508285,-0.1103089848747546,0.9919066544467274,2.8420246087657386,-5.914826996362723,3.747455758531558,3.77016696147544,2.963614273111799
05/10/2023 16:35:23.106660,2295,True,True,True,True,Eyes,1.370772,-0.3548699,-2.933851,-0.00709449,0.02364883,0.9996952,0.0,0.0,0.0,0.0,0.0,0.0,0.0,-1.170814,-0.05825913,3.048317,1.371887,-0.3548203,-2.942528,-0.06709901,-0.03366173,-0.003905678,0.9971708,352.2945,356.1459,359.8108,0.4206798,-0.1089562,-0.9006423,0,0,0,1.227743,-0.2931631,-0.9469036,-0.008995786,-0.2072001,1.991,0.9977033,-0.003271918,0.06765713,0.01230659,0.9909649,-0.1335554,-0.06660885,0.1340813,0.9887292,moving,3.4886781550843087,-6.336578655725488,-0.2588734625410705,-5.941290766043414,-0.14414400000000005,0.06165719999999997,1.9956243999999999,0.06048091117923986,-0.11016681001766339,0.992071280304611,2.7092512988642454,-5.904945770485468,3.7457914752656167,3.7683412322261773,2.968347277184641
05/10/2023 16:35:23.127853,2296,True,True,True,True,Eyes,1.370832,-0.3548628,-2.933844,-0.009254182,0.02384093,0.999673,0.0,0.0,0.0,0.0,0.0,0.0,0.0,-1.170865,-0.0583584,3.048348,1.371912,-0.3548386,-2.942567,-0.06713054,-0.03365541,-0.003875243,0.997169,352.291,356.1464,359.8144,0.4206901,-0.1089539,-0.9006377,0,0,0,1.223907,-0.2930471,-0.9472091,-0.01289722,-0.2071999,1.991,0.9977046,-0.003209932,0.06764054,0.01224715,0.9909569,-0.1336201,-0.06659996,0.1341418,0.9887216,moving,3.3632094791175846,-6.329842221276067,-0.3711431129274317,-5.941285072231013,-0.14800499999999994,0.0617915,1.9953579,0.058308955851621894,-0.11006441899387888,0.9922126919646752,2.5886791285732995,-5.897495664413176,3.732163157834946,3.754512743324672,2.960146147324394
05/10/2023 16:35:23.142773,2297,True,True,True,True,Eyes,1.370887,-0.3548565,-2.93384,-0.0115173,0.02406184,0.9996441,0.0,0.0,0.0,0.0,0.0,0.0,0.0,-1.170855,-0.05804685,3.048332,1.371921,-0.3548505,-2.942535,-0.06707653,-0.03365981,-0.003886818,0.9971725,352.2971,356.146,359.8129,0.4207009,-0.1089516,-0.9006329,0,0,0,1.219728,-0.29326,-0.9474537,-0.01707421,-0.2072,1.991,0.9977038,-0.00323609,0.0676507,0.01226722,0.9909712,-0.1335121,-0.06660784,0.1340354,0.9887356,moving,3.233119837795358,-6.311515884228635,-0.4913391214650592,-5.941287919137228,-0.15219300000000002,0.06159049999999999,1.9950812999999998,0.056057881579695296,-0.10976121318063956,0.9923759050894964,2.464268055148742,-5.878826267665142,3.720713314714704,3.7428148879354044,2.956267112484193
05/10/2023 16:35:23.162442,2298,True,True,True,True,Eyes,1.370939,-0.3548507,-2.933836,-0.01369555,0.02428158,0.9996114,0.0,0.0,0.0,0.0,0.0,0.0,0.0,-1.170622,-0.0589298,3.048482,1.371945,-0.3548674,-2.942602,-0.06718683,-0.0337047,-0.003972891,0.9971631,352.2841,356.1414,359.8037,0.4207121,-0.1089493,-0.900628,0,0,0,1.214919,-0.2928042,-0.9478651,-0.02172698,-0.2071999,1.991,0.9976964,-0.003394218,0.06775201,0.01245227,0.9909403,-0.1337246,-0.06668431,0.1342603,0.9886999,moving,3.113122672191804,-6.3119659429423525,-0.6252209162761839,-5.941285072231013,-0.1570259999999999,0.062063199999999985,1.9947369,0.05397926424947922,-0.10978160981846286,0.9924889679003038,2.348588180222219,-5.8783525721708525,3.734577232768957,3.756676335985179,2.9744749187008566
05/10/2023 16:35:23.173000,2299,True,True,True,True,Eyes,1.370964,-0.3548462,-2.93383,-0.01597829,0.02447624,0.9995728,0.0,0.0,0.0,0.0,0.0,0.0,0.0,-1.17024,-0.05981424,3.048576,1.371925,-0.3548765,-2.942574,-0.06727938,-0.03376991,-0.004102679,0.9971542,352.273,356.1349,359.7896,0.4207236,-0.1089469,-0.9006229,0,0,0,1.210545,-0.2924041,-0.9481487,-0.02581219,-0.2072,1.991,0.9976856,-0.003637969,0.06789966,0.01272604,0.9909133,-0.1338987,-0.06679556,0.1344529,0.9886662,moving,2.989651192944448,-6.311789228682476,-0.7427657948472931,-5.941287919137228,-0.16138000000000008,0.062472399999999983,1.9944253,0.05184029029566871,-0.10979101158527213,0.9926019809837399,2.2295929354692827,-5.877247747327177,3.7287771978862083,3.7507609616091395,2.9730485305986223
05/10/2023 16:35:23.192957,2300,True,True,True,True,Eyes,1.370987,-0.3548416,-2.933824,-0.01817903,0.02465905,0.9995306,0.0,0.0,0.0,0.0,0.0,0.0,0.0,-1.169366,-0.06002206,3.048833,1.371873,-0.3548716,-2.942522,-0.06729214,-0.03390756,-0.004147366,0.9971484,352.2713,356.1194,359.7856,0.4207346,-0.1089446,-0.900618,0,0,0,1.205381,-0.2923222,-0.9484546,-0.03038028,-0.2072,1.991,0.9976662,-0.003707655,0.06817991,0.0128345,0.9909091,-0.1339193,-0.06706357,0.1344817,0.9886441,moving,2.878761320702232,-6.303308140711644,-0.8741972626226981,-5.941287919137228,-0.16649199999999986,0.06254940000000003,1.9940673999999998,0.04991986893333309,-0.1096548128926475,0.992715364497881,2.123164708309975,-5.868224356455266,3.7484007227280136,3.770378862790987,2.998252335775824
05/10/2023 16:35:23.202794,2301,True,True,True,True,Eyes,1.370977,-0.3548415,-2.933823,-0.02048427,0.02484477,0.9994814,0.0,0.0,0.0,0.0,0.0,0.0,0.0,-1.168673,-0.05983162,3.049078,1.371864,-0.3548641,-2.942501,-0.06724121,-0.03402201,-0.004184928,0.9971479,352.277,356.1064,359.782,0.4207452,-0.1089425,-0.9006133,0,0,0,1.200953,-0.292496,-0.948738,-0.03434576,-0.2072,1.991,0.99765,-0.003770622,0.06841274,0.01292135,0.9909222,-0.1338141,-0.06728714,0.1343836,0.9886422,moving,2.759073650562015,-6.287389916253476,-0.9882832384313706,-5.941287919137228,-0.17091100000000004,0.06236810000000004,1.993763,0.047847438032930706,-0.10939011357087879,0.9928465956966268,2.0086515317831433,-5.851957513082524,3.7415118819051396,3.7633057603514013,2.998265821832117
05/10/2023 16:35:23.226522,2302,True,True,True,True,Eyes,1.370968,-0.3548419,-2.933821,-0.02269429,0.02501973,0.9994293,0.0,0.0,0.0,0.0,0.0,0.0,0.0,-1.168301,-0.06004655,3.049304,1.371866,-0.3549277,-2.942584,-0.06726671,-0.03408446,-0.004225886,0.9971438,352.2739,356.0995,359.7778,0.4207545,-0.1089405,-0.9006092,0,0,0,1.196337,-0.2924318,-0.9491457,-0.03872012,-0.2071999,1.991,0.9976408,-0.003842133,0.06854272,0.01301313,0.9909147,-0.1338611,-0.06740568,0.1344372,0.9886269,moving,2.638974978923514,-6.28085730083115,-1.114123474053666,-5.941285072231013,-0.17552900000000005,0.06249589999999999,1.9934383000000002,0.045766731013917886,-0.10928757974918513,0.9929559781940142,1.8932442804330052,-5.844744727781088,3.746708978945242,3.7684290223083896,3.0089168896519416
05/10/2023 16:35:23.242704,2303,True,True,True,True,Eyes,1.370952,-0.3548403,-2.933819,-0.02495078,0.02517636,0.9993716,0.0,0.0,0.0,0.0,0.0,0.0,0.0,-1.168514,-0.05963838,3.049224,1.371879,-0.3549379,-2.942569,-0.06722941,-0.03404891,-0.004160414,0.9971478,352.2785,356.1031,359.785,0.4207626,-0.1089388,-0.9006056,0,0,0,1.192061,-0.2925893,-0.9494175,-0.04316945,-0.2072001,1.991,0.9976467,-0.003718918,0.06846299,0.01287527,0.9909258,-0.133792,-0.06734418,0.1343586,0.9886417,moving,2.504336705123755,-6.268295450087795,-1.2421093892815296,-5.941290766043414,-0.17981800000000003,0.062348599999999976,1.9931515000000002,0.043434269453500304,-0.10908124778527839,0.9930834461567998,1.7641433036585263,-5.831603675332429,3.7391426076127297,3.760690149649606,3.00825306642875
05/10/2023 16:35:23.253402,2304,True,True,True,True,Eyes,1.370937,-0.3548375,-2.933817,-0.02711113,0.02532035,0.9993117,0.0,0.0,0.0,0.0,0.0,0.0,0.0,-1.168778,-0.05917859,3.049117,1.37191,-0.3548771,-2.942547,-0.06718211,-0.03400686,-0.004071385,0.9971528,352.2842,356.1073,359.7947,0.4207695,-0.1089372,-0.9006026,0,0,0,1.187908,-0.2927222,-0.9496711,-0.04754375,-0.2071999,1.991,0.9976539,-0.00355028,0.06836712,0.01268889,0.99094,-0.1337048,-0.06727302,0.1342586,0.9886602,moving,2.3743786383797576,-6.255263474967673,-1.3679249731733458,-5.941285072231013,-0.184002,0.06215490000000001,1.9928758999999998,0.04118263074962339,-0.10886575748960839,0.9932030230630811,1.639578158782893,-5.818044364678272,3.7340565329278923,3.7554518714035554,3.0100271362106827
05/10/2023 16:35:23.272980,2305,True,True,True,True,Eyes,1.370927,-0.3548384,-2.933818,-0.0293437,0.0254203,0.9992461,0.0,0.0,0.0,0.0,0.0,0.0,0.0,-1.169222,-0.05860683,3.048965,1.37193,-0.3548419,-2.942549,-0.06710665,-0.03393509,-0.004015669,0.9971606,352.2932,356.1152,359.8003,0.4207754,-0.1089357,-0.9006,0,0,0,1.184004,-0.2929877,-0.9499245,-0.051771,-0.2072,1.991,0.9976646,-0.003453994,0.06821641,0.01256307,0.9909612,-0.1335596,-0.0671385,0.1341047,0.9886902,moving,2.236995836092422,-6.241472964066973,-1.4894985162801668,-5.941287919137228,-0.18792600000000004,0.06185419999999997,1.9926245000000002,0.038802006777724156,-0.10863705984254503,0.9933239180880418,1.507897128117547,-5.803696880398875,3.7173859821904296,3.7385653959057974,3.0005519397263374
05/10/2023 16:35:23.292595,2306,True,True,True,True,Eyes,1.370918,-0.3548401,-2.93382,-0.03149003,0.02552193,0.9991781,0.0,0.0,0.0,0.0,0.0,0.0,0.0,-1.169482,-0.05892774,3.048967,1.371995,-0.3549371,-2.94262,-0.0671609,-0.03390351,-0.004048059,0.9971578,352.2868,356.1191,359.7965,0.4207805,-0.1089344,-0.9005979,0,0,0,1.179876,-0.2928425,-0.9502861,-0.0560962,-0.2072,1.991,0.9976683,-0.003519128,0.06815804,0.01262709,0.9909461,-0.1336656,-0.06707055,0.1342145,0.9886799,moving,2.1097395686511025,-6.242415438928232,-1.613875158814479,-5.941287919137228,-0.19211900000000015,0.0620946,1.9923338999999998,0.036595595037749035,-0.10866244227968863,0.9934048029285859,1.3851946411799332,-5.80364344059893,3.7146733138517707,3.735770927368815,3.002226784856634
05/10/2023 16:35:23.302537,2307,True,True,True,True,Eyes,1.370887,-0.3548394,-2.933823,-0.03371995,0.02561156,0.9991031,0.0,0.0,0.0,0.0,0.0,0.0,0.0,-1.169257,-0.05941352,3.049056,1.371995,-0.3549571,-2.94263,-0.06723171,-0.03394119,-0.004076399,0.9971516,352.2786,356.1149,359.7938,0.4207848,-0.1089333,-0.900596,0,0,0,1.175334,-0.2925566,-0.9506196,-0.06049418,-0.2072002,1.991,0.9976627,-0.003565728,0.06823714,0.01269342,0.9909266,-0.1338037,-0.06714089,0.1343571,0.9886557,moving,1.985634089469036,-6.24597757125495,-1.7403290779863434,-5.941293612949571,-0.19666099999999997,0.062400500000000025,1.9920103999999998,0.034443483792883665,-0.10873253170739605,0.9934741438185272,1.2653899728477993,-5.806141827356818,3.7173462230535383,3.738399903659687,3.0087560581901966
05/10/2023 16:35:23.322873,2308,True,True,True,True,Eyes,1.370856,-0.354841,-2.933826,-0.03586676,0.02570874,0.9990258,0.0,0.0,0.0,0.0,0.0,0.0,0.0,-1.16912,-0.06002077,3.049106,1.372005,-0.3548656,-2.942646,-0.06727638,-0.03396946,-0.004171176,0.9971473,352.273,356.1124,359.7833,0.4207878,-0.1089323,-0.9005947,0,0,0,1.170951,-0.2922454,-0.9509469,-0.06477217,-0.2071999,1.991,0.9976573,-0.00374787,0.06830634,0.01288924,0.990913,-0.1338855,-0.06718386,0.1344523,0.98864,moving,1.8655223130453793,-6.246101684662317,-1.8633166985450402,-5.941285072231013,-0.20105399999999984,0.06262020000000001,1.9916991,0.0323607082146494,-0.10874225277184374,0.9935430639267109,1.1496169260432914,-5.805352725472645,3.7202747849064477,3.7412769934305468,3.0159984464634957
05/10/2023 16:35:23.342637,2309,True,True,True,True,Eyes,1.370811,-0.3548471,-2.933828,-0.03810176,0.02575662,0.9989419,0.0,0.0,0.0,0.0,0.0,0.0,0.0,-1.168699,-0.06120649,3.049223,1.371964,-0.3549257,-2.942636,-0.06740713,-0.03403943,-0.004347706,0.9971353,352.2573,356.1057,359.764,0.4207897,-0.1089315,-0.9005939,0,0,0,1.166291,-0.2917174,-0.9512823,-0.06909859,-0.2072,1.991,0.9976448,-0.0040815,0.06846997,0.0132595,0.9908748,-0.134132,-0.0672977,0.134724,0.9885952,moving,1.7456010118482217,-6.259041875857818,-1.9876791579653936,-5.941287919137228,-0.205673,0.0632083,1.9913537,0.030280361915925133,-0.10897375627459097,0.9935833569913392,1.0333475219583501,-5.816932655542903,3.725782683122621,3.746778403286638,3.0235850297940514
05/10/2023 16:35:23.352697,2310,True,True,True,True,Eyes,1.370768,-0.3548464,-2.933831,-0.04026134,0.02582154,0.9988555,0.0,0.0,0.0,0.0,0.0,0.0,0.0,-1.16787,-0.05922335,3.049537,1.371923,-0.3550142,-2.9426,-0.06719422,-0.03415876,-0.004102148,0.9971467,352.2827,356.09,359.7924,0.4207903,-0.1089311,-0.9005937,0,0,0,1.161513,-0.2927108,-0.9515588,-0.07340263,-0.2072,1.991,0.9976327,-0.003590345,0.06867386,0.01277143,0.9909363,-0.1337247,-0.06757129,0.1342852,0.9886362,moving,1.6334255542783327,-6.231271543482856,-2.1113797204404348,-5.941287919137228,-0.21040999999999999,0.06230340000000001,1.9910412000000002,0.02833651862124183,-0.10849835458532761,0.9936927020319319,0.9267035861464328,-5.789285302182993,3.735098485425158,3.756016113909807,3.0418834582085372
05/10/2023 16:35:23.372657,2311,True,True,True,True,Eyes,1.370692,-0.3548506,-2.933837,-0.04250296,0.02586798,0.9987614,0.0,0.0,0.0,0.0,0.0,0.0,0.0,-1.166903,-0.06121534,3.049906,1.371956,-0.3548508,-2.942644,-0.06742256,-0.0343288,-0.004268338,0.9971247,352.2558,356.0716,359.7755,0.4207897,-0.1089307,-0.9005941,0,0,0,1.156467,-0.2915693,-0.9520097,-0.07779387,-0.2072001,1.991,0.9976066,-0.00388306,0.06903574,0.0131412,0.990872,-0.1341643,-0.06788462,0.1347504,0.9885514,moving,1.5246409816082007,-6.255537741868118,-2.237566161342381,-5.941290766043414,-0.21548900000000004,0.06328150000000005,1.9906343,0.02644855346508613,-0.10892483318414795,0.9936980642345101,0.820567126598329,-5.811879166337261,3.7542960531093006,3.7753084308812905,3.060870230661464
05/10/2023 16:35:23.382984,2312,True,True,True,True,Eyes,1.370621,-0.3548517,-2.93384,-0.04465226,0.02593399,0.9986659,0.0,0.0,0.0,0.0,0.0,0.0,0.0,-1.167025,-0.06287497,3.04987,1.372004,-0.3549207,-2.94266,-0.06772035,-0.03431339,-0.004241762,0.9971052,352.2217,356.0731,359.7796,0.4207872,-0.1089305,-0.9005953,0,0,0,1.152311,-0.2904387,-0.952352,-0.08207636,-0.2072,1.991,0.9976091,-0.003811536,0.06900261,0.01310639,0.9907919,-0.1347575,-0.0678536,0.1353397,0.9884731,moving,1.3988959275247665,-6.286493855231903,-2.3606066640407835,-5.941287919137228,-0.21969299999999992,0.06448199999999998,1.9903080000000002,0.024266200759064716,-0.10946775939344386,0.9936940862948402,0.6977288438741911,-5.840800499880384,3.7543258159731194,3.775318115643116,3.059985915066023
05/10/2023 16:35:23.403069,2313,True,True,True,True,Eyes,1.370545,-0.35486,-2.93384,-0.04685678,0.02598086,0.9985636,0.0,0.0,0.0,0.0,0.0,0.0,0.0,-1.167348,-0.06496561,3.04963,1.372036,-0.3548518,-2.942577,-0.06797773,-0.0342741,-0.004433497,0.9970883,352.1914,356.0791,359.7582,0.420783,-0.1089305,-0.9005972,0,0,0,1.14821,-0.2892634,-0.9525845,-0.08635306,-0.2072,1.991,0.9976112,-0.004181423,0.06895137,0.01350092,0.9907188,-0.1352556,-0.06774585,0.1358635,0.9884086,moving,1.2682315873599581,-6.314212358535701,-2.4834590777767276,-5.941287919137228,-0.22382600000000008,0.06558839999999999,1.9899925,0.021998807328126535,-0.10995423689849121,0.9936930836166056,0.5703210088520554,-5.866560296947041,3.749260432936365,3.7701797681774294,3.0546942621167013
05/10/2023 16:35:23.427587,2314,True,True,True,True,Eyes,1.37047,-0.354868,-2.933841,-0.04896601,0.02599422,0.9984621,0.0,0.0,0.0,0.0,0.0,0.0,0.0,-1.168025,-0.06494388,3.049348,1.372058,-0.35502,-2.942523,-0.06791916,-0.03417725,-0.004638028,0.9970946,352.1974,356.0919,359.7336,0.4207774,-0.1089309,-0.9005998,0,0,0,1.144152,-0.2895817,-0.9527903,-0.09079954,-0.2071999,1.991,0.9976208,-0.004606525,0.06878591,0.01389168,0.9907309,-0.1351266,-0.06752587,0.1357607,0.9884378,moving,1.1362997823597525,-6.3076528291389335,-2.611164349380792,-5.941285072231013,-0.22790599999999994,0.0654383,1.9897327,0.019710868252428293,-0.10984572221589645,0.9937531553302066,0.4435101423063008,-5.859231999536793,3.7445370666791034,3.7653303642553935,3.0557763263862032
05/10/2023 16:35:23.443592,2315,True,True,True,True,Eyes,1.370358,-0.3548787,-2.933844,-0.05116354,0.02599622,0.9983519,0.0,0.0,0.0,0.0,0.0,0.0,0.0,-1.168509,-0.06245068,3.049191,1.372012,-0.355014,-2.94252,-0.06752856,-0.03409041,-0.004586655,0.9971243,352.2425,356.1016,359.7373,0.4207704,-0.1089315,-0.9006029,0,0,0,1.14008,-0.2911352,-0.9529974,-0.09518349,-0.2072001,1.991,0.9976336,-0.004542777,0.0686042,0.01375108,0.9908377,-0.134356,-0.06736529,0.1349814,0.9885554,moving,0.9989798944930819,-6.263233162578126,-2.737048320227862,-5.941290766043414,-0.23193200000000003,0.06387880000000001,1.9895226,0.01733057229874669,-0.10908007822063742,0.99388189203366,0.31351474310930927,-5.815327675471755,3.7293009494497906,3.7498738282610895,3.053162574050624
05/10/2023 16:35:23.453159,2316,True,True,True,True,Eyes,1.37025,-0.3548903,-2.933846,-0.05327881,0.02598207,0.9982416,0.0,0.0,0.0,0.0,0.0,0.0,0.0,-1.167844,-0.06046161,3.049514,1.372023,-0.3550177,-2.942544,-0.06727876,-0.03419329,-0.004390835,0.9971386,352.2719,356.0883,359.7597,0.4207612,-0.1089326,-0.9006071,0,0,0,1.135273,-0.2921847,-0.9533381,-0.09962673,-0.2072001,1.991,0.9976231,-0.004155577,0.06878173,0.01335751,0.9909086,-0.1338722,-0.06760008,0.1344728,0.9886088,moving,0.8876757893159527,-6.235510342517866,-2.8646078044021746,-5.941290766043414,-0.23675000000000002,0.06283299999999997,1.9892059,0.015400612536664911,-0.10860260037618906,0.9939659389798459,0.2077081158439853,-5.787732765199493,3.7432441666548244,3.7638009148820597,3.0761510322838816
05/10/2023 16:35:23.477256,2317,True,True,True,True,Eyes,1.370122,-0.3549038,-2.933853,-0.05546634,0.02595111,0.9981233,0.0,0.0,0.0,0.0,0.0,0.0,0.0,-1.167428,-0.05929181,3.049696,1.372023,-0.3550451,-2.942541,-0.06707752,-0.03426389,-0.004414849,0.9971495,352.2949,356.0804,359.7567,0.4207501,-0.1089341,-0.9006121,0,0,0,1.130644,-0.2929912,-0.9536442,-0.1039797,-0.2072,1.991,0.997613,-0.004207856,0.06892472,0.0134012,0.9909622,-0.1334701,-0.06774016,0.1340752,0.9886531,moving,0.769570930788691,-6.214791109736595,-2.9895482112650185,-5.941287919137228,-0.241379,0.062053899999999995,1.9888967999999998,0.013352223330436064,-0.10824635049930777,0.994034477632357,0.09497520089005085,-5.766844897434495,3.748551213861767,3.7690556800639934,3.089452224578579
05/10/2023 16:35:23.492595,2318,True,True,True,True,Eyes,1.37,-0.3549155,-2.933861,-0.05757131,0.02592719,0.9980047,0.0,0.0,0.0,0.0,0.0,0.0,0.0,-1.167395,-0.05828971,3.049798,1.372033,-0.3550615,-2.942606,-0.06693505,-0.03426855,-0.004361226,0.9971592,352.3114,356.0794,359.7624,0.4207369,-0.108936,-0.9006181,0,0,0,1.126346,-0.2935786,-0.9539897,-0.1082854,-0.2072,1.991,0.9976133,-0.004110139,0.06892622,0.01328521,0.9910013,-0.1331909,-0.06775855,0.1337887,0.9886907,moving,0.6482815445574023,-6.2002053874002705,-3.11310387409116,-5.941287919137228,-0.245687,0.06148289999999995,1.9886163,0.011248231979969985,-0.10799608982866007,0.9940877114206507,-0.021152440339097134,-5.7518518064657576,3.7498464033078025,3.7702862653907014,3.0977491359801097
05/10/2023 16:35:23.502721,2319,True,True,True,True,Eyes,1.369885,-0.3549269,-2.93387,-0.05975753,0.02592542,0.9978762,0.0,0.0,0.0,0.0,0.0,0.0,0.0,-1.166947,-0.05855629,3.050004,1.372042,-0.3550292,-2.942648,-0.06701739,-0.03433717,-0.004251914,0.9971518,352.3024,356.0706,359.7758,0.4207217,-0.1089382,-0.9006249,0,0,0,1.121756,-0.2932393,-0.9543728,-0.1126388,-0.2072,1.991,0.9976057,-0.003877231,0.06904865,0.01308198,0.9909812,-0.133361,-0.06790884,0.133945,0.9886592,moving,0.5294913585939445,-6.209977711881119,-3.2379988654084464,-5.941287919137228,-0.250286,0.06178990000000001,1.9882752000000001,0.0091870143550392,-0.10816791439329529,0.9940901877512732,-0.1361635824648565,-5.76038328549284,3.7566396130399435,3.7770592784173167,3.107106147042252
05/10/2023 16:35:23.522935,2320,True,True,True,True,Eyes,1.369776,-0.3549388,-2.933879,-0.06185066,0.02592989,0.9977486,0.0,0.0,0.0,0.0,0.0,0.0,0.0,-1.166797,-0.05953649,3.050087,1.372082,-0.35504,-2.942674,-0.06718089,-0.0343671,-0.004250594,0.9971398,352.2836,356.0671,359.7769,0.4207051,-0.1089406,-0.9006324,0,0,0,1.1174,-0.2925801,-0.9547296,-0.1169279,-0.2071999,1.991,0.9976017,-0.003859247,0.06910872,0.0130945,0.9909374,-0.1336853,-0.06796648,0.1342696,0.9886112,moving,0.4121429928912594,-6.22897443563045,-3.3610190373621736,-5.941285072231013,-0.2546820000000001,0.06245990000000001,1.9879444,0.0071507258318246995,-0.10849931644383584,0.9940708715132467,-0.25027445486837163,-5.777827274304992,3.763716298327143,3.784113750451931,3.115036164993492
05/10/2023 16:35:23.542877,2321,True,True,True,True,Eyes,1.369678,-0.3549478,-2.933888,-0.06401508,0.0259281,0.9976121,0.0,0.0,0.0,0.0,0.0,0.0,0.0,-1.167268,-0.06012788,3.049923,1.372098,-0.3550647,-2.942692,-0.06725407,-0.03429531,-0.004322391,0.9971371,352.2749,356.076,359.7683,0.4206873,-0.1089433,-0.9006404,0,0,0,1.113569,-0.2922683,-0.9550079,-0.1210617,-0.2072,1.991,0.9976103,-0.004007036,0.06897563,0.01323303,0.9909164,-0.1338266,-0.06781283,0.1344195,0.9886014,moving,0.2792479960997076,-6.238235989927794,-3.47955554755036,-5.941287919137228,-0.258529,0.06279640000000003,1.9876841,0.004844919338878057,-0.10866150223881155,0.9940670518587923,-0.3788530361913734,-5.78575912760472,3.750266566704447,3.7705148503225057,3.1046006617507973
05/10/2023 16:35:23.552807,2322,True,True,True,True,Eyes,1.369585,-0.3549561,-2.933897,-0.06609786,0.02594944,0.9974757,0.0,0.0,0.0,0.0,0.0,0.0,0.0,-1.167302,-0.06076574,3.049878,1.372057,-0.3550217,-2.942696,-0.06735434,-0.03428216,-0.004319419,0.9971306,352.2635,356.0774,359.769,0.4206686,-0.1089461,-0.9006487,0,0,0,1.109326,-0.2918082,-0.9553121,-0.1253279,-0.2072,1.991,0.9976121,-0.003995944,0.06894944,0.01323215,0.9908894,-0.134026,-0.06778571,0.1346183,0.9885763,moving,0.15744928867206698,-6.249008009982854,-3.601857347083319,-5.941287919137228,-0.26273100000000005,0.06321349999999998,1.9873839000000002,0.0027316772217556157,-0.10884926207962835,0.9940545501669712,-0.4968168973842745,-5.79523255361945,3.7516995208959156,3.771879907412816,3.1084736389526895
05/10/2023 16:35:23.572676,2323,True,True,True,True,Eyes,1.369484,-0.3549678,-2.933907,-0.06827193,0.02598187,0.9973284,0.0,0.0,0.0,0.0,0.0,0.0,0.0,-1.166906,-0.06259581,3.04999,1.37205,-0.3550166,-2.942698,-0.06764199,-0.03434577,-0.004351274,0.9971089,352.2303,356.0703,359.7669,0.4206493,-0.108949,-0.9006574,0,0,0,1.10454,-0.2906224,-0.9556982,-0.1298629,-0.2071999,1.991,0.9976028,-0.004030957,0.0690816,0.01332382,0.9908113,-0.1345939,-0.06790428,0.1351917,0.9884899,moving,0.03942863392935066,-6.280781126516974,-3.7318289495733246,-5.941285072231013,-0.2675099999999999,0.06439420000000001,1.9869998,0.0006840289130259428,-0.10940087521540943,0.9939975010269042,-0.6122535734520314,-5.825000749685378,3.7663424845878657,3.7865078016560556,3.121741912934541
05/10/2023 16:35:23.583092,2324,True,True,True,True,Eyes,1.369387,-0.35498,-2.933916,-0.07036433,0.02601357,0.9971821,0.0,0.0,0.0,0.0,0.0,0.0,0.0,-1.166346,-0.0634281,3.050241,1.372072,-0.3550943,-2.942735,-0.06775472,-0.03444391,-0.004433923,0.9970975,352.217,356.0595,359.7586,0.4206294,-0.1089521,-0.9006663,0,0,0,1.099933,-0.2901996,-0.956098,-0.1341018,-0.2071999,1.991,0.9975879,-0.004174633,0.0692887,0.01350958,0.9907793,-0.1348107,-0.06808703,0.1354216,0.9884459,moving,-0.06973380446506454,-6.2927041294233845,-3.8532796841672976,-5.941285072231013,-0.2721389999999999,0.06489469999999997,1.986637,-0.0012097511604378178,-0.10960766122211546,0.9939741859950144,-0.7180993751475234,-5.835680498140128,3.7796772451252414,3.7998308880224814,3.1369583829139724
05/10/2023 16:35:23.602684,2325,True,True,True,True,Eyes,1.369267,-0.3549948,-2.933923,-0.0725535,0.02601987,0.9970251,0.0,0.0,0.0,0.0,0.0,0.0,0.0,-1.165959,-0.06364316,3.050348,1.372055,-0.355117,-2.942701,-0.06775548,-0.03450914,-0.004523871,0.9970948,352.2166,356.0527,359.7487,0.4206088,-0.1089553,-0.9006755,0,0,0,1.09518,-0.2901638,-0.956414,-0.138577,-0.2072,1.991,0.9975773,-0.004345091,0.0694308,0.01369782,0.9907775,-0.134805,-0.06820472,0.1354295,0.9884366,moving,-0.18829424759826413,-6.293323680888367,-3.981463118188419,-5.941287919137228,-0.276875,0.06495319999999999,1.986287,-0.003266544626414271,-0.10961791060821618,0.993968479071228,-0.8324034965128231,-5.835381235664785,3.789345618037596,3.809469682037894,3.1508400033120973
05/10/2023 16:35:23.623186,2326,True,True,True,True,Eyes,1.369153,-0.3550093,-2.933932,-0.0746605,0.02601127,0.9968697,0.0,0.0,0.0,0.0,0.0,0.0,0.0,-1.165575,-0.06299236,3.050447,1.372012,-0.3551555,-2.942654,-0.06766912,-0.03456459,-0.004487259,0.9970989,352.2266,356.046,359.7531,0.4205871,-0.1089588,-0.9006852,0,0,0,1.090762,-0.2905456,-0.9566744,-0.1427459,-0.2072,1.991,0.9975703,-0.004270571,0.06953593,0.01362639,0.9908015,-0.1346354,-0.06832133,0.1352558,0.9884523,moving,-0.3038869666347279,-6.284234417291484,-4.100837304160491,-5.941287919137228,-0.28125,0.0646099,1.9859796,-0.0052719341208947584,-0.10945928481949237,0.9939772869048786,-0.9433321683524816,-5.825735365823917,3.7923331878733397,3.8124066108212107,3.1596188180271336
05/10/2023 16:35:23.642710,2327,True,True,True,True,Eyes,1.369025,-0.3550278,-2.933944,-0.07683082,0.02598074,0.9967057,0.0,0.0,0.0,0.0,0.0,0.0,0.0,-1.165173,-0.06194448,3.05067,1.372023,-0.3551559,-2.942698,-0.06748541,-0.03463374,-0.004504832,0.9971088,352.2476,356.0382,359.7508,0.4205646,-0.1089626,-0.9006953,0,0,0,1.086038,-0.2912547,-0.9570461,-0.1472121,-0.2072,1.991,0.9975604,-0.004309068,0.06967524,0.01365816,0.9908509,-0.1342686,-0.06845919,0.1348926,0.9884925,moving,-0.42133157028334794,-6.265481136033277,-4.22868493022957,-5.941287919137228,-0.28598499999999993,0.06390120000000005,1.9856519000000001,-0.0073096364191311755,-0.10913255841811242,0.9940004426929834,-1.0555330158367773,-5.806749648946197,3.8010600542423023,3.8211308338468593,3.1760027736072023
05/10/2023 16:35:23.653109,2328,True,True,True,True,Eyes,1.368903,-0.3550425,-2.933956,-0.0789158,0.02595505,0.9965433,0.0,0.0,0.0,0.0,0.0,0.0,0.0,-1.165474,-0.06073987,3.05065,1.372061,-0.3552338,-2.942744,-0.06732506,-0.03458824,-0.004441578,0.9971216,352.2663,356.0431,359.7571,0.4205409,-0.1089666,-0.9007058,0,0,0,1.081846,-0.2919818,-0.9573518,-0.1516405,-0.2072,1.991,0.9975679,-0.004200275,0.06957542,0.0135149,0.9908953,-0.1339553,-0.06837931,0.1345698,0.988542,moving,-0.5474546824622146,-6.2487354400510995,-4.355408874535451,-5.941287919137228,-0.2902149999999999,0.06325199999999997,1.9853921999999997,-0.009497978874529134,-0.10884002109945248,0.9940138606123167,-1.1762049172683613,-5.78963559441988,3.8003302830130803,3.820345417242297,3.1828189124571473
05/10/2023 16:35:23.677435,2329,True,True,True,True,Eyes,1.368794,-0.3550535,-2.933968,-0.08108455,0.02593379,0.9963697,0.0,0.0,0.0,0.0,0.0,0.0,0.0,-1.165312,-0.06083679,3.050763,1.372113,-0.3551553,-2.942785,-0.06738485,-0.03461578,-0.004302945,0.9971171,352.2599,356.0388,359.7736,0.4205164,-0.1089709,-0.9007168,0,0,0,1.077513,-0.2917092,-0.9577109,-0.1559471,-0.2072,1.991,0.9975665,-0.003915919,0.06961189,0.01324624,0.9908815,-0.1340833,-0.06845208,0.1346791,0.9885221,moving,-0.6703351947162944,-6.256557327975707,-4.478606442306127,-5.941287919137228,-0.2946,0.0634461,1.9850741000000003,-0.011629615424506731,-0.10897326245642147,0.9939765716078215,-1.2950549308371868,-5.796253939636685,3.8013688096770673,3.821298823092586,3.1868534766107364
05/10/2023 16:35:23.692925,2330,True,True,True,True,Eyes,1.368688,-0.3550653,-2.933979,-0.08315592,0.02591691,0.9961995,0.0,0.0,0.0,0.0,0.0,0.0,0.0,-1.165514,-0.06204069,3.050674,1.37214,-0.3550928,-2.942792,-0.06746108,-0.03459921,-0.004572261,0.9971114,352.2501,356.0428,359.7427,0.4204914,-0.1089751,-0.9007279,0,0,0,1.073278,-0.2912012,-0.9580273,-0.1602479,-0.2072001,1.991,0.997564,-0.004449904,0.06961544,0.01378631,0.9908562,-0.134216,-0.06838164,0.1348488,0.9885038,moving,-0.7907249647837912,-6.26820255924548,-4.601596692488232,-5.941290766043414,-0.29886199999999996,0.06389159999999999,1.9847647,-0.013717829452895652,-0.10917240427947537,0.9939281887310494,-1.411707153329149,-5.806580680891122,3.805019518488979,3.82486792524286,3.192732697718098
05/10/2023 16:35:23.703600,2331,True,True,True,True,Eyes,1.368593,-0.3550747,-2.93399,-0.08534729,0.02590197,0.9960145,0.0,0.0,0.0,0.0,0.0,0.0,0.0,-1.166349,-0.06251535,3.050322,1.37211,-0.3551271,-2.942778,-0.06749374,-0.03446348,-0.004703682,0.9971133,352.2459,356.0594,359.7266,0.420466,-0.1089794,-0.9007393,0,0,0,1.069355,-0.291022,-0.9582478,-0.1646725,-0.2072001,1.991,0.9975803,-0.004728071,0.06936291,0.01403235,0.990845,-0.1342736,-0.06809303,0.134922,0.9885137,moving,-0.9324855110947066,-6.274130401245703,-4.728082912665612,-5.941290766043414,-0.3027549999999999,0.06410509999999997,1.9845302,-0.01617677308063554,-0.10927121424924716,0.9938803096548741,-1.548653686822388,-5.811228397565352,3.790499573893541,3.8101629699493698,3.182088374297635
05/10/2023 16:35:23.727497,2332,True,True,True,True,Eyes,1.368503,-0.3550836,-2.933997,-0.08745596,0.02589068,0.9958318,0.0,0.0,0.0,0.0,0.0,0.0,0.0,-1.165706,-0.06294718,3.050533,1.372063,-0.3550922,-2.942777,-0.06760285,-0.03455547,-0.004595946,0.9971033,352.2338,356.0479,359.7402,0.4204407,-0.1089837,-0.9007506,0,0,0,1.064606,-0.2905829,-0.9586163,-0.1690366,-0.2072,1.991,0.9975696,-0.004493168,0.06953213,0.01383736,0.9908174,-0.1344964,-0.06828932,0.1351317,0.9884716,moving,-1.0443897751306175,-6.287125933517675,-4.852794392365316,-5.941287919137228,-0.3074570000000001,0.06450930000000005,1.9841606999999999,-0.01811744066343504,-0.10949298748452399,0.9938223634921609,-1.65719902419444,-5.822922396102694,3.8044457467073673,3.8240750072096104,3.1977867587002096
05/10/2023 16:35:23.745707,2333,True,True,True,True,Eyes,1.368419,-0.3550944,-2.934004,-0.0898219,0.0259387,0.99562,0.0,0.0,0.0,0.0,0.0,0.0,0.0,-1.165285,-0.06307325,3.05065,1.372078,-0.3550903,-2.942728,-0.06764939,-0.03462429,-0.004532906,0.997098,352.2287,356.0395,359.7482,0.4204156,-0.1089879,-0.9007618,0,0,0,1.06004,-0.2904074,-0.9589142,-0.1733638,-0.2072001,1.991,0.9975612,-0.004354877,0.06966092,0.01372412,0.9908061,-0.1345922,-0.06843432,0.13522,0.9884494,moving,-1.1736869471634506,-6.289831995519417,-4.976405903254755,-5.941290766043414,-0.3120379999999998,0.06468290000000004,1.9838137999999996,-0.020360019205507868,-0.10953520462197602,0.9937743621384448,-1.781962146399293,-5.82455538500305,3.7991545184887077,3.818658461771723,3.19657599079069
05/10/2023 16:35:23.757796,2334,True,True,True,True,Eyes,1.368339,-0.3551061,-2.934008,-0.09209351,0.02598178,0.9954113,0.0,0.0,0.0,0.0,0.0,0.0,0.0,-1.165132,-0.06302753,3.050725,1.372167,-0.3551462,-2.942696,-0.06766469,-0.03466264,-0.004499392,0.9970958,352.227,356.0348,359.7524,0.4203907,-0.1089922,-0.9007729,0,0,0,1.055664,-0.2904005,-0.9592088,-0.177692,-0.2072001,1.991,0.9975565,-0.004281774,0.06973284,0.01366352,0.9908025,-0.1346244,-0.06851504,0.1352482,0.98844,moving,-1.3009244122436248,-6.289378977436004,-5.099999539489563,-5.941290766043414,-0.316503,0.06474570000000002,1.9834872000000003,-0.022566886603250146,-0.1095221541554249,0.9937281102102176,-1.9045724749890611,-5.82315542855669,3.795590704764215,3.8149884960991995,3.1976100579191002
05/10/2023 16:35:23.773580,2335,True,True,True,True,Eyes,1.368277,-0.3551156,-2.93401,-0.09453364,0.02605194,0.9951807,0.0,0.0,0.0,0.0,0.0,0.0,0.0,-1.165126,-0.06278825,3.050704,1.3722,-0.35518,-2.942647,-0.06762745,-0.03467027,-0.004508802,0.9970979,352.2313,356.034,359.7512,0.4203662,-0.1089964,-0.9007838,0,0,0,1.051345,-0.2905598,-0.9594617,-0.182023,-0.2072,1.991,0.9975553,-0.00430211,0.06974915,0.01368076,0.9908124,-0.1345497,-0.06852947,0.135175,0.988449,moving,-1.4412859924651233,-6.281663389141228,-5.223625515058615,-5.941287919137228,-0.3208550000000001,0.06462020000000002,1.9831853000000002,-0.025001611838680583,-0.10938199825083356,0.993685280250254,-2.0394468173140163,-5.81464774034831,3.7783900931548184,3.7976239577863953,3.1866960498381665
05/10/2023 16:35:23.792522,2336,True,True,True,True,Eyes,1.368219,-0.3551227,-2.934012,-0.09687641,0.0261243,0.9949535,0.0,0.0,0.0,0.0,0.0,0.0,0.0,-1.165196,-0.0626134,3.050628,1.372194,-0.3551653,-2.942597,-0.06755818,-0.03466323,-0.004601867,0.9971024,352.2388,356.0356,359.7402,0.4203426,-0.1090006,-0.9007943,0,0,0,1.0471,-0.2907559,-0.9596999,-0.1862871,-0.2072002,1.991,0.9975545,-0.004493494,0.06974737,0.01386063,0.9908294,-0.1344058,-0.06850379,0.1350439,0.9884687,moving,-1.57732727043722,-6.270727002200221,-5.345294243004048,-5.941293612949571,-0.325094,0.0644094,1.9828971000000002,-0.027361508967997578,-0.10918557721598904,0.9936447265407459,-2.1699862784543367,-5.803064653683456,3.763241780713129,3.7823407387896184,3.1783152636125673
05/10/2023 16:35:23.806974,2337,True,True,True,True,Eyes,1.368189,-0.3551284,-2.934014,-0.09935664,0.02619714,0.994707,0.0,0.0,0.0,0.0,0.0,0.0,0.0,-1.165254,-0.06336233,3.050615,1.372216,-0.3551141,-2.942618,-0.06760304,-0.03466458,-0.004769135,0.9970986,352.233,356.0367,359.7211,0.4203199,-0.1090047,-0.9008044,0,0,0,1.042714,-0.2904185,-0.9600406,-0.1906771,-0.2072,1.991,0.9975512,-0.004823732,0.06977281,0.01419745,0.9908141,-0.1344831,-0.06848319,0.1351444,0.9884564,moving,-1.7200362120199255,-6.2734706617313405,-5.4705048090131445,-5.941287919137228,-0.3295020000000002,0.06469559999999996,1.9825773999999998,-0.02983620264574581,-0.10922542522321846,0.9935691497836264,-2.3076779639002547,-5.804632439097436,3.746248309705359,3.7651507368908397,3.165777688403224
05/10/2023 16:35:23.823158,2338,True,True,True,True,Eyes,1.36816,-0.3551344,-2.934016,-0.1017399,0.02627182,0.9944641,0.0,0.0,0.0,0.0,0.0,0.0,0.0,-1.165236,-0.06392851,3.050623,1.372184,-0.3551394,-2.942644,-0.06765244,-0.03466701,-0.004883348,0.9970946,352.2269,356.0373,359.7081,0.4202986,-0.1090086,-0.9008139,0,0,0,1.038208,-0.2901644,-0.9603902,-0.195138,-0.2072,1.991,0.9975487,-0.005047703,0.06979331,0.01442893,0.9907986,-0.1345732,-0.06847183,0.1352503,0.9884427,moving,-1.8572948033343577,-6.27628171370218,-5.597683897792784,-5.941287919137228,-0.33397600000000005,0.064975,1.9822538,-0.03221617862263717,-0.10926609599613049,0.99349036234261,-2.440120053211868,-5.806306500789386,3.736613154663164,3.7553603582533266,3.160447660680969
05/10/2023 16:35:23.842813,2339,True,True,True,True,Eyes,1.368149,-0.3551394,-2.934016,-0.1042216,0.02635586,0.9942048,0.0,0.0,0.0,0.0,0.0,0.0,0.0,-1.165048,-0.06440318,3.050677,1.372173,-0.355152,-2.942639,-0.06770641,-0.03469865,-0.004945623,0.9970895,352.2205,356.0341,359.7014,0.4202787,-0.1090123,-0.9008228,0,0,0,1.033683,-0.2899062,-0.960723,-0.1995286,-0.2071999,1.991,0.9975431,-0.005163815,0.06986501,0.0145611,0.9907828,-0.1346755,-0.0685256,0.1353619,0.9884236,moving,-1.9971792666113137,-6.2787290566674985,-5.722804746839639,-5.941285072231013,-0.3384900000000002,0.06524580000000002,1.9819159999999998,-0.03464150132769404,-0.10929965448956092,0.9934050077990173,-2.57507372150259,-5.8076097114736145,3.722310717297722,3.7408760553590805,3.150568156689052
05/10/2023 16:35:23.852567,2340,True,True,True,True,Eyes,1.368138,-0.3551453,-2.934016,-0.1066045,0.02642995,0.9939502,0.0,0.0,0.0,0.0,0.0,0.0,0.0,-1.164902,-0.06490597,3.05051,1.372191,-0.3549429,-2.942436,-0.06772421,-0.03473147,-0.00502866,0.9970867,352.2181,356.031,359.6921,0.4202605,-0.1090157,-0.9008309,0,0,0,1.029188,-0.2895584,-0.9608541,-0.2039118,-0.2071999,1.991,0.9975369,-0.005323696,0.06994171,0.01473234,0.9907762,-0.1347045,-0.06857947,0.1354031,0.9884143,moving,-2.131135024455364,-6.277770450068968,-5.847660113168272,-5.941285072231013,-0.34300299999999995,0.06538450000000001,1.9815818999999997,-0.036964061751687816,-0.1092739410386959,0.9933241795637424,-2.7041324700766465,-5.805671022576574,3.7132963471879608,3.7317262955006822,3.1464515272517497
05/10/2023 16:35:23.877777,2341,True,True,True,True,Eyes,1.368127,-0.3551415,-2.934011,-0.1090846,0.0265191,0.9936787,0.0,0.0,0.0,0.0,0.0,0.0,0.0,-1.164811,-0.06438404,3.050548,1.372173,-0.354969,-2.942433,-0.06764354,-0.03474383,-0.005024475,0.9970918,352.2274,356.0295,359.6924,0.4202438,-0.1090191,-0.9008382,0,0,0,1.025089,-0.2898878,-0.9611319,-0.2079521,-0.2071999,1.991,0.9975352,-0.005319332,0.06996533,0.01472012,0.9907982,-0.1345445,-0.06860583,0.1352428,0.9884344,moving,-2.273532932642079,-6.26398559653907,-5.962698667000355,-5.941285072231013,-0.34708400000000017,0.0650812,1.9813010999999998,-0.03943375199226209,-0.10902465261057849,0.993256601177468,-2.840647474023803,-5.791291048961469,3.6850050248123734,3.7032525493074235,3.1256522293087716
05/10/2023 16:35:23.893565,2342,True,True,True,True,Eyes,1.368117,-0.3551389,-2.934004,-0.1114632,0.02659534,0.9934126,0.0,0.0,0.0,0.0,0.0,0.0,0.0,-1.164628,-0.06455299,3.050628,1.372138,-0.35496,-2.942465,-0.06769057,-0.03476495,-0.004973063,0.9970881,352.2221,356.0267,359.6987,0.4202286,-0.109022,-0.9008449,0,0,0,1.020623,-0.2896972,-0.9614882,-0.2123179,-0.2072,1.991,0.9975334,-0.005210645,0.0700007,0.01462368,0.9907865,-0.1346411,-0.06865418,0.1353327,0.9884188,moving,-2.409303965865206,-6.265121972127627,-6.086950868970513,-5.941287919137228,-0.351515,0.06526280000000001,1.9809767999999999,-0.04178726590847261,-0.10903390684953233,0.9931592936018561,-2.9715669730648493,-5.791360294249559,3.6737845451161095,3.6918769261442406,3.1189894375539025
05/10/2023 16:35:23.910470,2343,True,True,True,True,Eyes,1.368124,-0.3551384,-2.933997,-0.113914,0.02664731,0.9931332,0.0,0.0,0.0,0.0,0.0,0.0,0.0,-1.16471,-0.06362924,3.050596,1.372133,-0.3549852,-2.942442,-0.06759002,-0.03474655,-0.004860091,0.9970962,352.2341,356.028,359.7112,0.4202147,-0.1090246,-0.9008511,0,0,0,1.016226,-0.2901649,-0.9617487,-0.2168092,-0.2071999,1.991,0.9975381,-0.004994918,0.06994828,0.01438899,0.9908159,-0.1344497,-0.06863431,0.1351252,0.9884486,moving,-2.5541210289876193,-6.250174238708032,-6.214714891197423,-5.941285072231013,-0.355907,0.0648203,1.9806932999999998,-0.04429869841853144,-0.10876302530726578,0.9930801886619788,-3.1103519183660033,-5.775839829214346,3.6556256560188993,3.673603127886157,3.108768501436473
05/10/2023 16:35:23.926570,2344,True,True,True,True,Eyes,1.368128,-0.3551382,-2.93399,-0.1162626,0.02669362,0.9928597,0.0,0.0,0.0,0.0,0.0,0.0,0.0,-1.165076,-0.06319407,3.05046,1.372115,-0.355063,-2.942436,-0.06757971,-0.03467853,-0.004747725,0.9970998,352.2358,356.0349,359.7235,0.4202025,-0.1090269,-0.9008566,0,0,0,1.012353,-0.2903272,-0.9619782,-0.2209594,-0.2071999,1.991,0.9975497,-0.004780782,0.0697976,0.01415504,0.9908209,-0.1344381,-0.0685142,0.1350967,0.9884608,moving,-2.6987689901055187,-6.245830762190782,-6.332720536459898,-5.941285072231013,-0.3597619999999999,0.06473580000000001,1.9804578,-0.04680611737752288,-0.10867529650611268,0.9929747190623258,-3.2495364754407197,-5.770553814205523,3.6289238107147175,3.6466905432905126,3.0879075628311283
05/10/2023 16:35:23.942923,2345,True,True,True,True,Eyes,1.368169,-0.3551337,-2.933982,-0.1187426,0.02675037,0.9925647,0.0,0.0,0.0,0.0,0.0,0.0,0.0,-1.165294,-0.06275356,3.050359,1.372088,-0.3550664,-2.94242,-0.06754965,-0.03463416,-0.004650367,0.9971039,352.2396,356.0393,359.7343,0.4201916,-0.109029,-0.9008613,0,0,0,1.00817,-0.2904862,-0.9622257,-0.2253147,-0.2071999,1.991,0.9975577,-0.004594747,0.06969597,0.01395285,0.9908308,-0.1343859,-0.06843944,0.1350301,0.988475,moving,-2.8482762013909957,-6.238712860404731,-6.456499938086691,-5.941285072231013,-0.36391799999999996,0.06458019999999998,1.9801943,-0.04939776339692486,-0.10853838253298193,0.9928642160559985,-3.39325729454775,-5.76255369306031,3.602887206525816,3.620461548370892,3.0684524436751013
05/10/2023 16:35:23.958109,2346,True,True,True,True,Eyes,1.368209,-0.3551301,-2.933974,-0.1211205,0.0268072,0.9922758,0.0,0.0,0.0,0.0,0.0,0.0,0.0,-1.165752,-0.06307971,3.050175,1.372094,-0.355025,-2.94242,-0.06757654,-0.03456221,-0.00470285,0.9971042,352.2364,356.048,359.7278,0.420183,-0.1090307,-0.9008651,0,0,0,1.00414,-0.2902847,-0.9624798,-0.2296394,-0.2072001,1.991,0.9975667,-0.004707273,0.06955985,0.01404965,0.9908226,-0.1344366,-0.06828865,0.1350868,0.9884778,moving,-2.994380675626919,-6.239538023313779,-6.5793498202533,-5.941290766043414,-0.3679539999999999,0.06474029999999997,1.9799401999999997,-0.05192940578971364,-0.10853872307491164,0.9927349833491942,-3.534119888060493,-5.762244424312729,3.5799966261339375,3.597353915643066,3.0504889661184067
05/10/2023 16:35:23.972820,2347,True,True,True,True,Eyes,1.368317,-0.3551227,-2.933964,-0.123603,0.02686111,0.9919682,0.0,0.0,0.0,0.0,0.0,0.0,0.0,-1.165965,-0.06331676,3.050094,1.372098,-0.3550426,-2.942422,-0.06760219,-0.03452982,-0.004743947,0.9971035,352.2333,356.0521,359.7229,0.4201764,-0.1090321,-0.9008681,0,0,0,0.9998295,-0.2901533,-0.9627717,-0.2340875,-0.2071999,1.991,0.9975704,-0.004791828,0.06950101,0.01412899,0.9908149,-0.1344851,-0.0682182,0.1351404,0.9884753,moving,-3.142095893885167,-6.24029105226706,-6.7056417061504465,-5.941285072231013,-0.3722685,0.06488929999999998,1.9796503,-0.05448862964794838,-0.10853695111736425,0.9925980304896378,-3.676531126318581,-5.761853357556895,3.558919409990757,3.5760681386420377,3.0344203145049358
05/10/2023 16:35:23.992555,2348,True,True,True,True,Eyes,1.36842,-0.3551143,-2.933956,-0.1259881,0.02691754,0.9916665,0.0,0.0,0.0,0.0,0.0,0.0,0.0,-1.165943,-0.06361535,3.050114,1.372069,-0.3550636,-2.942452,-0.06764525,-0.03452907,-0.004766063,0.9971004,352.2282,356.0523,359.7205,0.4201733,-0.1090331,-0.9008694,0,0,0,0.9956017,-0.2899686,-0.9631003,-0.2382974,-0.2072,1.991,0.99757,-0.004833032,0.06950269,0.01417594,0.9908028,-0.1345691,-0.06821308,0.1352273,0.9884638,moving,-3.2806459013999656,-6.242673507554723,-6.825110297480345,-5.941287919137228,-0.37646729999999995,0.06509499999999996,1.9793516999999998,-0.05688855210277824,-0.1085636624672688,0.9924603903203665,-3.810195173254991,-5.763104048923402,3.540306450590575,3.5572547178951366,3.0201759382339235
05/10/2023 16:35:24.013123,2349,True,True,True,True,Eyes,1.368562,-0.3551042,-2.933948,-0.1284654,0.02695645,0.9913476,0.0,0.0,0.0,0.0,0.0,0.0,0.0,-1.165758,-0.06407529,3.050184,1.372053,-0.3550357,-2.942472,-0.06770071,-0.03455776,-0.004802,0.9970955,352.2217,356.0493,359.7168,0.4201732,-0.1090335,-0.9008694,0,0,0,0.9910408,-0.2896762,-0.9634601,-0.242735,-0.2072,1.991,0.9975654,-0.004896936,0.06956496,0.01425527,0.9907871,-0.1346762,-0.06826457,0.13534,0.9884447,moving,-3.421143775765832,-6.247633537098057,-6.950976020262635,-5.941287919137228,-0.3810121999999999,0.06535950000000001,1.9790119,-0.059321583333227665,-0.10863417115351827,0.9923102538158869,-3.945873368678357,-5.766827375362899,3.5263479038065193,3.543100804653057,3.0101625251625355
05/10/2023 16:35:24.022816,2350,True,True,True,True,Eyes,1.368699,-0.3550964,-2.93394,-0.1308451,0.02699487,0.9910353,0.0,0.0,0.0,0.0,0.0,0.0,0.0,-1.165535,-0.06427199,3.050267,1.372046,-0.3550617,-2.942474,-0.06774363,-0.0345922,-0.004785652,0.9970915,352.2169,356.0452,359.7191,0.4201768,-0.1090335,-0.9008678,0,0,0,0.9865007,-0.2895206,-0.9637997,-0.2471455,-0.2072002,1.991,0.997561,-0.004856662,0.06963157,0.01423027,0.9907758,-0.1347621,-0.06833478,0.1354243,0.9884284,moving,-3.5555942262620777,-6.250593254160637,-7.07600632843574,-5.941293612949571,-0.3855453000000001,0.06554109999999996,1.9786742999999998,-0.06164973450895224,-0.10867007344364635,0.992164429124097,-4.075616795245047,-5.768666148625069,3.517374191169558,3.5339733498123724,3.0053514923082414
05/10/2023 16:35:24.042749,2351,True,True,True,True,Eyes,1.368879,-0.3550867,-2.93393,-0.1333035,0.02702909,0.9907066,0.0,0.0,0.0,0.0,0.0,0.0,0.0,-1.165211,-0.06424394,3.050424,1.37203,-0.3551043,-2.942511,-0.06774986,-0.03464149,-0.004771784,0.9970894,352.2162,356.0394,359.7212,0.4201837,-0.109033,-0.9008646,0,0,0,0.9816746,-0.2895259,-0.9641971,-0.2517728,-0.2072001,1.991,0.9975544,-0.004821877,0.06972789,0.0142097,0.9907744,-0.1347747,-0.06843475,0.1354359,0.9884198,moving,-3.6929285884047083,-6.249606300074383,-7.207109761860756,-5.941290766043414,-0.39035540000000013,0.06557839999999998,1.9783139,-0.06402794028977954,-0.10863667302399521,0.9920173679117541,-4.207930415548073,-5.76667453872346,3.511195588164661,3.5276802276280264,3.0042582409293694
05/10/2023 16:35:24.057787,2352,True,True,True,True,Eyes,1.369053,-0.3550774,-2.93392,-0.135664,0.02705869,0.9903854,0.0,0.0,0.0,0.0,0.0,0.0,0.0,-1.165007,-0.06427854,3.050491,1.372037,-0.3551345,-2.942492,-0.06775616,-0.03467688,-0.004781161,0.9970877,352.2154,356.0353,359.7204,0.4201945,-0.109032,-0.9008597,0,0,0,0.9777455,-0.2895073,-0.9644735,-0.2555779,-0.2072001,1.991,0.9975493,-0.004835329,0.06979968,0.01423362,0.9907725,-0.1347861,-0.06850388,0.1354492,0.9884132,moving,-3.8261062856716173,-6.249135090052361,-7.314861376948921,-5.941290766043414,-0.3942914999999999,0.0656272,1.9780185000000001,-0.06633378454883407,-0.10861212891199937,0.9918686246748146,-4.336265109881334,-5.765212077892505,3.486040916681251,3.50231069648851,2.9837961436079885
05/10/2023 16:35:24.078765,2353,True,True,True,True,Eyes,1.369267,-0.3550654,-2.93391,-0.1380914,0.0271129,0.9900483,0.0,0.0,0.0,0.0,0.0,0.0,0.0,-1.164941,-0.06400272,3.050528,1.372061,-0.355136,-2.942487,-0.06772105,-0.03469065,-0.004755842,0.9970897,352.2195,356.0336,359.7233,0.4202088,-0.1090307,-0.9008532,0,0,0,0.9734979,-0.2896454,-0.9647685,-0.2598078,-0.2071999,1.991,0.9975479,-0.004785428,0.06982353,0.01418258,0.9907825,-0.134718,-0.06853525,0.1353779,0.9884208,moving,-3.9658551805924747,-6.242115077958153,-7.434581281100049,-5.941285072231013,-0.39856309999999995,0.06549060000000001,1.9777185,-0.06875387708433833,-0.10847277970799488,0.9917189828179916,-4.470585835138801,-5.757380260939425,3.4656217471087736,3.4817466094890177,2.969695267749742
05/10/2023 16:35:24.092921,2354,True,True,True,True,Eyes,1.369471,-0.3550539,-2.933898,-0.1404187,0.02716832,0.9897194,0.0,0.0,0.0,0.0,0.0,0.0,0.0,-1.164806,-0.06417379,3.050595,1.372064,-0.3551338,-2.942506,-0.06774661,-0.03471307,-0.004759411,0.9970872,352.2166,356.031,359.7231,0.4202271,-0.1090288,-0.9008448,0,0,0,0.9689733,-0.2895183,-0.9651192,-0.2642575,-0.2072,1.991,0.9975447,-0.00478771,0.06986878,0.01419448,0.9907755,-0.1347681,-0.06857904,0.135429,0.9884108,moving,-4.0987195121887945,-6.24227784796069,-7.560451795897095,-5.941287919137228,-0.4030906999999999,0.0656155,1.9773868,-0.07105352326302747,-0.10845807709320233,0.9915585015534022,-4.598652135560941,-5.756531965773294,3.458789516120078,3.4747928486920543,2.9675565690093895
05/10/2023 16:35:24.102918,2355,True,True,True,True,Eyes,1.369703,-0.3550413,-2.933886,-0.142823,0.0271966,0.9893745,0.0,0.0,0.0,0.0,0.0,0.0,0.0,-1.164981,-0.06449646,3.050488,1.372041,-0.3551344,-2.942481,-0.06778415,-0.03468275,-0.004800721,0.9970856,352.2121,356.0348,359.7183,0.420249,-0.1090266,-0.9008349,0,0,0,0.9644517,-0.2893181,-0.9653999,-0.2688828,-0.2072001,1.991,0.9975482,-0.004871577,0.06981416,0.01427534,0.9907646,-0.1348402,-0.0685125,0.1355062,0.9884049,moving,-4.242023912042747,-6.245878102518846,-7.691211805568077,-5.941290766043414,-0.40758930000000004,0.0658163,1.9770811,-0.07353297164590139,-0.1085008273370493,0.991373006581735,-4.736963182854477,-5.758921864675725,3.446789645834153,3.4626103694153785,2.9598721832186037
05/10/2023 16:35:24.122648,2356,True,True,True,True,Eyes,1.369925,-0.35503,-2.933877,-0.1451285,0.02722245,0.9890383,0.0,0.0,0.0,0.0,0.0,0.0,0.0,-1.165158,-0.06426495,3.050414,1.372049,-0.3551586,-2.942464,-0.06774302,-0.0346562,-0.004819107,0.9970891,352.2168,356.038,359.7158,0.4202747,-0.1090239,-0.9008232,0,0,0,0.960636,-0.289474,-0.9656311,-0.2728172,-0.2072001,1.991,0.9975514,-0.004914728,0.06976354,0.01430559,0.9907753,-0.1347576,-0.06845771,0.1354257,0.9884197,moving,-4.379249795357677,-6.240316900883621,-7.802376304831577,-5.941290766043414,-0.41141300000000003,0.06568459999999998,1.9768329000000002,-0.07590810776351142,-0.1083852652958688,0.9912066866227497,-4.868929567578341,-5.7525168997589375,3.420521869412482,3.4361623548925095,2.939514472305527
05/10/2023 16:35:24.142607,2357,True,True,True,True,Eyes,1.370184,-0.355016,-2.933866,-0.1474064,0.02726653,0.9887001,0.0,0.0,0.0,0.0,0.0,0.0,0.0,-1.165278,-0.06414199,3.050434,1.372026,-0.3551776,-2.942538,-0.06773092,-0.03463123,-0.004804355,0.9970908,352.2182,356.0408,359.7173,0.4203036,-0.1090208,-0.9008101,0,0,0,0.9562931,-0.2895288,-0.965992,-0.2772486,-0.2071999,1.991,0.9975552,-0.004889546,0.06971176,0.01427197,0.9907789,-0.134735,-0.06841015,0.1354005,0.9884264,moving,-4.514898278357528,-6.236596609777019,-7.927512509321975,-5.941285072231013,-0.41573289999999996,0.06564880000000001,1.976546,-0.07825530441752582,-0.10830118560274016,0.9910332782943124,-4.999473285300025,-5.747900360366811,3.4098382622858243,3.4253678333266415,2.9344183996481927
05/10/2023 16:35:24.157648,2358,True,True,True,True,Eyes,1.370432,-0.3550004,-2.933855,-0.1495927,0.02730582,0.9883706,0.0,0.0,0.0,0.0,0.0,0.0,0.0,-1.165502,-0.06443155,3.050342,1.37205,-0.3551865,-2.942525,-0.06776536,-0.03460018,-0.004842385,0.9970894,352.2141,356.0447,359.7127,0.4203362,-0.1090173,-0.9007953,0,0,0,0.9521404,-0.2893519,-0.9662593,-0.2815538,-0.2072001,1.991,0.9975588,-0.004967195,0.06965525,0.01434597,0.9907688,-0.1348012,-0.06834266,0.1354713,0.9884214,moving,-4.6457359718026625,-6.239150921992675,-8.049012171860161,-5.941290766043414,-0.4199096,0.06583460000000002,1.9762657,-0.08051795508273075,-0.10832578532439113,0.9908493375819916,-5.125713146179045,-5.749375252879557,3.4009070903869856,3.416285931590025,2.9295919097616836
05/10/2023 16:35:24.173019,2359,True,True,True,True,Eyes,1.370705,-0.3549808,-2.933844,-0.1518848,0.02732772,0.9880203,0.0,0.0,0.0,0.0,0.0,0.0,0.0,-1.165497,-0.06433415,3.050318,1.372024,-0.3551323,-2.942514,-0.06772104,-0.03459935,-0.004888961,0.9970922,352.219,356.0452,359.7072,0.420372,-0.1090133,-0.9007791,0,0,0,0.9478484,-0.2894201,-0.9665421,-0.2858266,-0.2072001,1.991,0.997558,-0.005063283,0.06965965,0.0144357,0.9907799,-0.13471,-0.06833532,0.1353866,0.9884335,moving,-4.779216357235789,-6.233814920078295,-8.169525450897206,-5.941290766043414,-0.4241755999999999,0.0657122,1.9759719000000002,-0.0828271076128175,-0.10821295252965103,0.9906712558224543,-5.2540814825523965,-5.743215948774985,3.3876337864761035,3.40290554251174,2.9221648081164164
05/10/2023 16:35:24.192551,2360,True,True,True,True,Eyes,1.370966,-0.3549661,-2.933832,-0.1540843,0.02736231,0.9876788,0.0,0.0,0.0,0.0,0.0,0.0,0.0,-1.165533,-0.06479859,3.050305,1.372047,-0.3550879,-2.942521,-0.06778787,-0.03459698,-0.004895529,0.9970878,352.2113,356.0455,359.7067,0.4204113,-0.1090088,-0.9007612,0,0,0,0.9434617,-0.2890821,-0.966864,-0.2902572,-0.2072001,1.991,0.9975582,-0.005072032,0.06965616,0.01445305,0.9907616,-0.1348422,-0.06832873,0.1355196,0.9884157,moving,-4.9077736324221855,-6.239920803465627,-8.294412613060828,-5.941290766043414,-0.42858530000000006,0.0660058,1.9756570000000002,-0.08504892681454357,-0.10829819245862643,0.9904737558574456,-5.37831184879341,-5.74813538407806,3.384658911382881,3.3997799170581526,2.9224908329955808
05/10/2023 16:35:24.207649,2361,True,True,True,True,Eyes,1.371235,-0.3549555,-2.933821,-0.1563568,0.02741666,0.9873201,0.0,0.0,0.0,0.0,0.0,0.0,0.0,-1.16562,-0.06598848,3.050233,1.372031,-0.3551898,-2.942502,-0.06793212,-0.03458718,-0.005063037,0.9970775,352.1941,356.0479,359.6879,0.4204534,-0.109004,-0.9007422,0,0,0,0.9392267,-0.2884649,-0.9671605,-0.2945041,-0.2072,1.991,0.9975562,-0.00539732,0.06966008,0.01479564,0.9907192,-0.1351169,-0.0682843,0.1358174,0.9883779,moving,-5.04080094856718,-6.256019562192744,-8.414047307142447,-5.941287919137228,-0.43280430000000003,0.06672489999999998,1.9753415000000003,-0.08734588398548906,-0.1085548330723077,0.9902457507019368,-5.507380702199798,-5.762664178730524,3.3730682431993206,3.387897135802933,2.912149926244475
05/10/2023 16:35:24.222679,2362,True,True,True,True,Eyes,1.371493,-0.3549394,-2.933813,-0.1585473,0.02747951,0.9869689,0.0,0.0,0.0,0.0,0.0,0.0,0.0,-1.16504,-0.06424484,3.050539,1.372045,-0.355315,-2.94253,-0.06775807,-0.03467467,-0.004831931,0.9970875,352.215,356.036,359.7145,0.4204982,-0.108999,-0.9007218,0,0,0,0.9345196,-0.2894332,-0.9675374,-0.2989191,-0.2072,1.991,0.9975486,-0.004936735,0.06980216,0.01433469,0.9907711,-0.1347863,-0.06849255,0.1354565,0.988413,moving,-5.1594944003922425,-6.229502446124607,-8.53833904909191,-5.941287919137228,-0.43752539999999995,0.06588179999999999,1.9749926000000002,-0.08940175891415789,-0.10807672580032232,0.9901145015692261,-5.62037331701785,-5.7361768655817835,3.37610166650536,3.3911146801034224,2.925165731689254
05/10/2023 16:35:24.242925,2363,True,True,True,True,Eyes,1.371757,-0.3549215,-2.933804,-0.1608252,0.02758162,0.9865974,0.0,0.0,0.0,0.0,0.0,0.0,0.0,-1.164417,-0.06545836,3.050797,1.372086,-0.3551676,-2.942576,-0.06786931,-0.03478897,-0.004979135,0.9970751,352.2016,356.0239,359.6989,0.4205452,-0.1089937,-0.9007005,0,0,0,0.9298292,-0.2887149,-0.9680048,-0.3031907,-0.2072,1.991,0.9975299,-0.005206938,0.07005028,0.01465135,0.9907379,-0.1349951,-0.06869857,0.135688,0.988367,moving,-5.278699683306124,-6.238738433298272,-8.65851677525168,-5.941287919137228,-0.4422567999999999,0.06645270000000003,1.9745711999999997,-0.09146012482482072,-0.10821601469744142,0.9899112385126536,-5.735756084293425,-5.74418763495323,3.3780201027152628,3.392880838370541,2.929399013216907
05/10/2023 16:35:24.252945,2364,True,True,True,True,Eyes,1.372008,-0.3549059,-2.93379,-0.1630151,0.02770415,0.9862345,0.0,0.0,0.0,0.0,0.0,0.0,0.0,-1.164355,-0.06806943,3.05076,1.372123,-0.3551463,-2.942557,-0.06827904,-0.03480485,-0.005025795,0.9970464,352.1544,356.0224,359.6953,0.4205943,-0.108988,-0.9006783,0,0,0,0.9254446,-0.2870028,-0.9683636,-0.3075603,-0.2072,1.991,0.9975267,-0.005269019,0.07009041,0.01477479,0.9906254,-0.1358049,-0.0687178,0.1365046,0.9882532,moving,-5.404845658756614,-6.279579704042925,-8.781372255016517,-5.941287919137228,-0.44667840000000003,0.06814350000000002,1.9741933999999999,-0.09363232179785368,-0.10889952768719233,0.9896331708919885,-5.8595052293194305,-5.782645169941968,3.3790404314897367,3.3934308873152514,2.926170609812109
05/10/2023 16:35:24.277648,2365,True,True,True,True,Eyes,1.372273,-0.3548916,-2.933774,-0.1652816,0.02777326,0.9858553,0.0,0.0,0.0,0.0,0.0,0.0,0.0,-1.164139,-0.07020429,3.050659,1.372105,-0.355188,-2.94242,-0.06855305,-0.03484688,-0.005237215,0.997025,352.1221,356.0191,359.6723,0.420645,-0.1089821,-0.9006553,0,0,0,0.920976,-0.2857696,-0.9686128,-0.3118322,-0.2072001,1.991,0.9975166,-0.005665549,0.07020447,0.01522099,0.990546,-0.1363332,-0.06876836,0.1370632,0.9881724,moving,-5.531657478815849,-6.3104491554566,-8.901402187848072,-5.941290766043414,-0.4511289999999999,0.06941839999999999,1.9738071999999998,-0.09581703269987146,-0.10940985633289892,0.9893677846935807,-5.983367087609318,-5.8114748020961855,3.375922626160188,3.3899052081916388,2.920921264039985
05/10/2023 16:35:24.292499,2366,True,True,True,True,Eyes,1.372524,-0.3548786,-2.933761,-0.1674514,0.02780725,0.9854881,0.0,0.0,0.0,0.0,0.0,0.0,0.0,-1.164543,-0.07040411,3.050478,1.372079,-0.3552489,-2.942401,-0.06847527,-0.03479056,-0.005529043,0.9970307,352.1299,356.028,359.6379,0.4206975,-0.108976,-0.9006315,0,0,0,0.916698,-0.2858883,-0.9688615,-0.3162779,-0.2072001,1.991,0.9975181,-0.006260667,0.07013173,0.01578984,0.9905611,-0.1361592,-0.06861731,0.1369286,0.9882015,moving,-5.6635661913944135,-6.30448519420862,-9.026231878663369,-5.941290766043414,-0.45538100000000004,0.0693606,1.9735394999999998,-0.09809592166770616,-0.10928249217571398,0.9891584993377762,-6.110187294307691,-5.8047214061996755,3.368317702599294,3.382222747984858,2.9192408615936793
05/10/2023 16:35:24.302827,2367,True,True,True,True,Eyes,1.372524,-0.3548786,-2.933761,-0.1674514,0.02780725,0.9854881,0.0,0.0,0.0,0.0,0.0,0.0,0.0,-1.164791,-0.06760773,3.050424,1.371997,-0.3552641,-2.942415,-0.06810643,-0.03472903,-0.005312806,0.9970593,352.1731,356.0334,359.6609,0.4207513,-0.1089698,-0.9006071,0,0,0,0.9125898,-0.2875134,-0.9690581,-0.32058,-0.2072,1.991,0.9975314,-0.005863823,0.06997747,0.0153249,0.9906666,-0.1354433,-0.06853012,0.1361813,0.9883108,moving,-5.671367177251577,-6.25903121724793,-9.146947265483439,-5.941287919137228,-0.4594071999999999,0.06775070000000005,1.9733569,-0.09823910925233323,-0.10849619719577232,0.9892308438193265,-6.115294555681191,-5.760799021194807,3.4751708161603623,3.4900741758891116,3.0370206445020718
05/10/2023 16:35:24.323449,2368,True,True,True,True,Eyes,1.372524,-0.3548786,-2.933761,-0.1674514,0.02780725,0.9854881,0.0,0.0,0.0,0.0,0.0,0.0,0.0,-1.163864,-0.06648952,3.050787,1.371972,-0.3552013,-2.942418,-0.06796695,-0.03487113,-0.0051711,0.9970647,352.1896,356.0159,359.6778,0.4207997,-0.1089643,-0.9005852,0,0,0,0.9076831,-0.2880976,-0.9694704,-0.3249282,-0.2072001,1.991,0.9975145,-0.005571673,0.07024047,0.01505201,0.9907075,-0.1351742,-0.06883461,0.1358955,0.9883289,moving,-5.655528983622265,-6.240793605686689,-9.268873030993902,-5.941290766043414,-0.4642889,0.06710369999999999,1.9729476,-0.09796900450225084,-0.10818420775140772,0.98929179775543,-6.099061769805783,-5.743319464276314,3.609947260890228,3.625735395148194,3.1759874162027733
05/10/2023 16:35:24.333175,2369,True,True,True,True,Eyes,1.372524,-0.3548786,-2.933761,-0.1674514,0.02780725,0.9854881,0.0,0.0,0.0,0.0,0.0,0.0,0.0,-1.163777,-0.06522295,3.050953,1.372035,-0.3552552,-2.942492,-0.06777766,-0.03489465,-0.00513737,0.9970769,352.2115,356.013,359.6811,0.4208433,-0.1089593,-0.9005654,0,0,0,0.9034452,-0.28891,-0.9698361,-0.3291478,-0.2072,1.991,0.9975119,-0.00551455,0.07028169,0.01497486,0.9907596,-0.1348005,-0.06888891,0.1355176,0.9883772,moving,-5.65282165122181,-6.218606880292455,-9.387111885573505,-5.941287919137228,-0.46858979999999995,0.0663452,1.9726559000000001,-0.09792635270822404,-0.10780156951194073,0.9893377890347457,-6.095275291152356,-5.721929629495642,3.727956287486621,3.7445733215669113,3.299137193813667
05/10/2023 16:35:24.357592,2370,True,True,True,True,Eyes,1.372524,-0.3548786,-2.933761,-0.1674514,0.02780725,0.9854881,0.0,0.0,0.0,0.0,0.0,0.0,0.0,-1.164625,-0.06452802,3.050613,1.372033,-0.3552627,-2.94246,-0.06769474,-0.03475327,-0.0050731,0.9970877,352.2213,356.0288,359.6871,0.4208825,-0.1089548,-0.9005476,0,0,0,0.8995784,-0.2892703,-0.9699672,-0.3335893,-0.2072,1.991,0.997533,-0.005411425,0.06999096,0.01482188,0.9907834,-0.1346426,-0.06861728,0.1353478,0.9884192,moving,-5.669339093362612,-6.208247923924266,-9.511481565958404,-5.941287919137228,-0.47245460000000006,0.0659924,1.9724928,-0.09821350580695455,-0.10761963740010408,0.9893291316236017,-6.11064559557855,-5.711808189914179,3.8341519428901725,3.8514057724265305,3.4085695303974313
05/10/2023 16:35:24.377761,2371,True,True,True,True,Eyes,1.372524,-0.3548786,-2.933761,-0.1674514,0.02780725,0.9854881,0.0,0.0,0.0,0.0,0.0,0.0,0.0,-1.164504,-0.06428105,3.050727,1.372057,-0.3552221,-2.942519,-0.06770826,-0.0347692,-0.004923563,0.9970871,352.2203,356.0258,359.7045,0.4209178,-0.1089507,-0.9005316,0,0,0,0.8953753,-0.2892756,-0.9703281,-0.3377846,-0.2072,1.991,0.9975337,-0.005110117,0.07000257,0.01452676,0.9907827,-0.1346797,-0.06866911,0.1353644,0.9884133,moving,-5.668191623676507,-6.207491378997309,-9.62887421789755,-5.941287919137228,-0.4766817000000001,0.06594649999999996,1.9721908999999997,-0.09819382978205338,-0.10760678403966739,0.9893324828274392,-6.109499500611596,-5.711086802369513,3.9517559511592975,3.9696184821978813,3.5268953705536394
05/10/2023 16:35:24.392563,2372,True,True,True,True,Eyes,1.372524,-0.3548786,-2.933761,-0.1674514,0.02780725,0.9854881,0.0,0.0,0.0,0.0,0.0,0.0,0.0,-1.16448,-0.06477776,3.050728,1.372065,-0.3552039,-2.942519,-0.06780728,-0.03477177,-0.004876588,0.9970805,352.2091,356.0251,359.7103,0.4209495,-0.1089471,-0.9005172,0,0,0,0.8909379,-0.2888789,-0.9706527,-0.3422391,-0.2072001,1.991,0.9975343,-0.005009145,0.07000183,0.01444026,0.9907568,-0.1348795,-0.06867917,0.1355577,0.9883862,moving,-5.668189490359337,-6.218097020746064,-9.753430499853735,-5.941290766043414,-0.48112710000000014,0.06632500000000002,1.9718662999999998,-0.09819183338661909,-0.10778993230555159,0.9893127433253206,-6.110060114075168,-5.721321325347926,4.07621810216992,4.094608138552127,3.650004701751513
05/10/2023 16:35:24.403054,2373,True,True,True,True,Eyes,1.37355,-0.3548005,-2.933727,-0.1703268,0.02685342,0.9850217,0.0,0.0,0.0,0.0,0.0,0.0,0.0,-1.164439,-0.06529671,3.050783,1.372054,-0.3552319,-2.942573,-0.06787125,-0.03477837,-0.004936882,0.9970756,352.2015,356.0248,359.7037,0.4209781,-0.1089438,-0.9005042,0,0,0,0.8860691,-0.2885778,-0.9710631,-0.3470747,-0.2072,1.991,0.9975322,-0.005123985,0.07002345,0.01456579,0.9907382,-0.1350021,-0.06868317,0.1356889,0.988368,moving,-5.835553351216527,-6.281682048833131,-9.88853773052589,-5.941287919137228,-0.48598490000000005,0.0666541,1.9715099,-0.1010694325565478,-0.10885625069378074,0.9889061436367036,-6.274742637344782,-5.781414829289013,4.0497643865180954,4.067253439663815,3.6173297306656282
05/10/2023 16:35:24.422574,2374,True,True,True,True,Eyes,1.374533,-0.3547242,-2.933694,-0.1730967,0.02594972,0.9845629,0.0,0.0,0.0,0.0,0.0,0.0,0.0,-1.163987,-0.06518209,3.050969,1.372038,-0.3552393,-2.942591,-0.06787057,-0.03484761,-0.004891377,0.9970734,352.2018,356.0165,359.7095,0.4210303,-0.1089371,-0.9004806,0,0,0,0.881873,-0.2886088,-0.9714213,-0.3509986,-0.2072,1.991,0.9975235,-0.005023869,0.07015521,0.01448438,0.9907393,-0.135003,-0.06882729,0.1356848,0.9883585,moving,-5.9900746233337605,-6.33328617061008,-9.99809045030269,-5.941287919137228,-0.4901650000000001,0.06663049999999998,1.9711697000000001,-0.10372616929038012,-0.10971670182117571,0.988535829760968,-6.426411548860972,-5.830043866379687,4.0105070530023115,4.027139617444521,3.5734108935690347
05/10/2023 16:35:24.443532,2375,True,True,True,True,Eyes,1.375213,-0.3546732,-2.933675,-0.1757535,0.0248204,0.9841212,0.0,0.0,0.0,0.0,0.0,0.0,0.0,-1.163139,-0.0662832,3.05126,1.371995,-0.3552057,-2.942606,-0.06801311,-0.0349818,-0.004965337,0.9970587,352.1851,356.0015,359.7026,0.4211025,-0.1089275,-0.900448,0,0,0,0.8770164,-0.287928,-0.971893,-0.3552853,-0.2071999,1.991,0.9975032,-0.005143022,0.07043322,0.0146599,0.9906991,-0.1352787,-0.06908239,0.1359735,0.988301,moving,-6.130238922859955,-6.416131783053881,-10.117687925005573,-5.941285072231013,-0.49497860000000005,0.0672777,1.970713,-0.10612751536754914,-0.11111762141423584,0.9881243373184384,-6.565900363455838,-5.908929763782168,4.000035207104091,4.0156231077494535,3.551934930198501
05/10/2023 16:35:24.461029,2376,True,True,True,True,Eyes,1.375866,-0.3546264,-2.933656,-0.1783032,0.02374233,0.9836891,0.0,0.0,0.0,0.0,0.0,0.0,0.0,-1.162634,-0.06720296,3.051421,1.372007,-0.3552247,-2.942587,-0.06813239,-0.03506972,-0.005047696,0.997047,352.171,355.992,359.6942,0.4211849,-0.1089164,-0.9004108,0,0,0,0.8723248,-0.2873822,-0.9722899,-0.3596432,-0.2072,1.991,0.9974893,-0.005286813,0.07062014,0.01484435,0.990665,-0.1355083,-0.06924449,0.1362164,0.9882562,moving,-6.269496414551373,-6.493585172807736,-10.239180590443429,-5.941287919137228,-0.49968219999999997,0.06784250000000003,1.9702971,-0.1085127943690947,-0.1124241693055715,0.9877174466602489,-6.704229098126078,-5.9826189961984575,3.993318695530321,4.007920247801817,3.535193108016549
05/10/2023 16:35:24.472597,2377,True,True,True,True,Eyes,1.37625,-0.3546007,-2.933646,-0.1807635,0.02272036,0.9832641,0.0,0.0,0.0,0.0,0.0,0.0,0.0,-1.162636,-0.06767428,3.051381,1.372011,-0.3552786,-2.942549,-0.0682075,-0.03507143,-0.005077897,0.9970417,352.1623,355.992,359.6911,0.4212759,-0.1089042,-0.9003698,0,0,0,0.8678911,-0.2870875,-0.9725788,-0.3640828,-0.2072001,1.991,0.9974884,-0.005341482,0.07062805,0.01491002,0.9906439,-0.1356552,-0.06924264,0.1363676,0.9882355,moving,-6.4137617661071635,-6.562001913855914,-10.362855310980933,-5.941290766043414,-0.5041199000000001,0.0681911,1.9699702000000001,-0.11098483900030902,-0.11357232555139249,0.9873113188961795,-6.846905093480709,-6.047549915416855,3.9838992256334578,3.9975770355532094,3.5175555345673564
05/10/2023 16:35:24.492953,2378,True,True,True,True,Eyes,1.376617,-0.3545757,-2.933637,-0.1831217,0.02172787,0.9828501,0.0,0.0,0.0,0.0,0.0,0.0,0.0,-1.16224,-0.06763306,3.051539,1.372012,-0.3553102,-2.942551,-0.06819407,-0.03513778,-0.005102136,0.99704,352.1637,355.9845,359.6888,0.4213675,-0.1088919,-0.9003283,0,0,0,0.8633142,-0.2871308,-0.9729534,-0.3684072,-0.2072,1.991,0.9974787,-0.005381692,0.07076342,0.01496644,0.9906471,-0.1356259,-0.06937166,0.136343,0.9882298,moving,-6.544616720531804,-6.618457562084577,-10.48322710150041,-5.941287919137228,-0.5086978,0.0681794,1.9695976,-0.11322707381506827,-0.11451595046720887,0.9869476699701489,-6.976021261620392,-6.101039784461182,3.98346927454989,3.996399687018692,3.5108422724131283
05/10/2023 16:35:24.503110,2379,True,True,True,True,Eyes,1.376981,-0.3545541,-2.933627,-0.1855138,0.02105965,0.982416,0.0,0.0,0.0,0.0,0.0,0.0,0.0,-1.162459,-0.06683716,3.051462,1.371985,-0.355298,-2.942554,-0.0680422,-0.0351005,-0.005146902,0.9970515,352.181,355.9892,359.6827,0.4214594,-0.1088795,-0.9002867,0,0,0,0.8587664,-0.287657,-0.9732316,-0.3730781,-0.2072,1.991,0.997483,-0.005486821,0.07069443,0.01504008,0.9906875,-0.1353218,-0.0692936,0.1360445,0.9882765,moving,-6.689117298692107,-6.640872333167785,-10.613138807201361,-5.941287919137228,-0.5132186,0.067641,1.9693223999999998,-0.11571106235925768,-0.11486895252336735,0.9866185431555797,-7.11648339438242,-6.121576751427375,3.973422545852925,3.985895526929641,3.501300206929498
05/10/2023 16:35:24.522800,2380,True,True,True,True,Eyes,1.37733,-0.3545292,-2.933618,-0.1878108,0.02039596,0.9819935,0.0,0.0,0.0,0.0,0.0,0.0,0.0,-1.162856,-0.06598294,3.051352,1.371968,-0.3553511,-2.942578,-0.06791212,-0.03503312,-0.005142793,0.9970629,352.196,355.997,359.6821,0.4215515,-0.1088673,-0.9002451,0,0,0,0.8550265,-0.288207,-0.9734511,-0.3770745,-0.2072001,1.991,0.9974925,-0.005497028,0.07055895,0.01501372,0.990723,-0.1350649,-0.06916191,0.1357856,0.9883212,moving,-6.831862628161743,-6.664708610686255,-10.724203139447187,-5.941290766043414,-0.5169415,0.06714409999999998,1.9691269,-0.11816354795250084,-0.11524588587270528,0.9862838777694299,-7.255329194851467,-6.143498762252927,3.947077250734864,3.9589958365400597,3.474762512349029
05/10/2023 16:35:24.543168,2381,True,True,True,True,Eyes,1.377627,-0.3545033,-2.933612,-0.1901659,0.02006185,0.981547,0.0,0.0,0.0,0.0,0.0,0.0,0.0,-1.16255,-0.06402755,3.051493,1.371958,-0.355253,-2.942577,-0.06769368,-0.03506935,-0.004850887,0.9970778,352.2222,355.9906,359.7152,0.4216432,-0.108855,-0.9002035,0,0,0,0.8508025,-0.2892208,-0.9737309,-0.3811923,-0.2072,1.991,0.9974932,-0.004925478,0.07059047,0.01442137,0.990788,-0.1346515,-0.06927698,0.135332,0.9883755,moving,-6.967445411651964,-6.654185151898471,-10.838556064173074,-5.941287919137228,-0.5211555,0.06603219999999999,1.9688461,-0.12050012426109255,-0.11503218817228225,0.986026052543537,-7.385448655989407,-6.132317623066462,3.9244472142272615,3.9362063142753403,3.458387358327031
05/10/2023 16:35:24.552833,2382,True,True,True,True,Eyes,1.377914,-0.35448,-2.933606,-0.1924221,0.01976097,0.9811133,0.0,0.0,0.0,0.0,0.0,0.0,0.0,-1.162061,-0.06596529,3.05169,1.371988,-0.355125,-2.942632,-0.06797656,-0.03515356,-0.004884287,0.9970555,352.1895,355.981,359.7131,0.4217334,-0.1088428,-0.9001628,0,0,0,0.8459881,-0.2879177,-0.9742327,-0.3857164,-0.2072001,1.991,0.9974808,-0.004960576,0.07076412,0.01451905,0.9907107,-0.1352094,-0.06943605,0.1358962,0.9882868,moving,-7.09063069278295,-6.704744933882653,-10.964091393549925,-5.941290766043414,-0.5259999,0.06720730000000003,1.9683993000000002,-0.12260773887829701,-0.11587211299607339,0.98566782626685,-7.506859820445865,-6.180175981952452,3.936857135964808,3.947981771332954,3.4654749020080176
05/10/2023 16:35:24.577884,2383,True,True,True,True,Eyes,1.37817,-0.3544627,-2.933603,-0.1947269,0.01968267,0.98066,0.0,0.0,0.0,0.0,0.0,0.0,0.0,-1.162601,-0.06787065,3.051476,1.372034,-0.3551593,-2.942641,-0.06815884,-0.03508669,-0.005218585,0.9970438,352.1673,355.9914,359.6748,0.4218219,-0.1088308,-0.9001228,0,0,0,0.8418912,-0.286894,-0.9745274,-0.3900916,-0.2072,1.991,0.9974834,-0.005623377,0.07067731,0.01518925,0.9906542,-0.1355485,-0.06925454,0.1362809,0.9882466,moving,-7.232310306623875,-6.736683900710765,-11.085393756420814,-5.941287919137228,-0.5301428,0.06826530000000003,1.9681136000000001,-0.1250371294566031,-0.11638598121854943,0.9853019985339451,-7.645108338415176,-6.209925199896676,3.9237819662980318,3.9343241908366435,3.450757850959127
05/10/2023 16:35:24.592526,2384,True,True,True,True,Eyes,1.378415,-0.3544443,-2.933597,-0.1969447,0.01961197,0.9802184,0.0,0.0,0.0,0.0,0.0,0.0,0.0,-1.162527,-0.06659231,3.051558,1.371998,-0.3552452,-2.942674,-0.0680194,-0.03508706,-0.00507814,0.9970539,352.1839,355.9903,359.6904,0.421908,-0.108819,-0.9000838,0,0,0,0.8376915,-0.2876418,-0.9748281,-0.3942807,-0.2072,1.991,0.9974862,-0.005353158,0.07065821,0.01489956,0.9906952,-0.1352817,-0.06927656,0.1359944,0.9882845,moving,-7.3633355171142965,-6.722617743486608,-11.201442286741589,-5.941287919137228,-0.5343065,0.06760339999999998,1.9678459,-0.1272941393492286,-0.11611047921946968,0.9850454378487804,-7.770647153415114,-6.19535982245839,3.906378542266126,3.916827781442105,3.4401900788930058
05/10/2023 16:35:24.602707,2385,True,True,True,True,Eyes,1.378642,-0.3544279,-2.93359,-0.1992278,0.01965925,0.979756,0.0,0.0,0.0,0.0,0.0,0.0,0.0,-1.161974,-0.06685191,3.051701,1.371981,-0.3552039,-2.942622,-0.06810471,-0.03516947,-0.004959601,0.9970459,352.1745,355.9798,359.7051,0.4219918,-0.1088076,-0.9000459,0,0,0,0.8331015,-0.2873528,-0.9751709,-0.3985574,-0.2071999,1.991,0.9974771,-0.005099487,0.07080669,0.01468031,0.9906743,-0.1354582,-0.06945559,0.1361559,0.9882497,moving,-7.488922588265963,-6.727677780201051,-11.319821592611778,-5.941285072231013,-0.5388794999999998,0.0678511,1.9674511000000001,-0.12945213792823712,-0.11616475138775409,0.9847577958362312,-7.891959283307851,-6.1992924847478115,3.900567880262574,3.9107800593546815,3.4375584120797225
05/10/2023 16:35:24.623261,2386,True,True,True,True,Eyes,1.378861,-0.354415,-2.933583,-0.2014219,0.01970617,0.9793063,0.0,0.0,0.0,0.0,0.0,0.0,0.0,-1.161744,-0.06690633,3.051762,1.371998,-0.3552084,-2.942589,-0.06811278,-0.03521032,-0.004963012,0.9970438,352.1736,355.9751,359.705,0.422073,-0.1087965,-0.9000091,0,0,0,0.8286238,-0.2873017,-0.9754905,-0.4029016,-0.2072,1.991,0.9974712,-0.005100136,0.07088854,0.01469323,0.9906721,-0.1354733,-0.06953637,0.1361723,0.9882418,moving,-7.613359541886881,-6.7262418762461635,-11.439969128565915,-5.941287919137228,-0.5433742,0.06790669999999999,1.9670984999999999,-0.1315914501604111,-0.1161070806703925,0.9844809699624709,-8.01181826942313,-6.196965228788201,3.896233503945773,3.906288986191992,3.4376720611064355
05/10/2023 16:35:24.642919,2387,True,True,True,True,Eyes,1.379043,-0.3544063,-2.933575,-0.2036611,0.01985898,0.9788401,0.0,0.0,0.0,0.0,0.0,0.0,0.0,-1.161506,-0.06695265,3.051855,1.372022,-0.3552787,-2.942572,-0.06813678,-0.03525287,-0.004949967,0.9970407,352.1709,355.9701,359.707,0.4221518,-0.1087858,-0.8999735,0,0,0,0.8241569,-0.2872687,-0.9758301,-0.4072385,-0.2071999,1.991,0.9974655,-0.005066604,0.07097163,0.01467467,0.9906658,-0.1355213,-0.06962254,0.1362193,0.9882292,moving,-7.740368808985361,-6.720179449831446,-11.559813143998111,-5.941285072231013,-0.5478651000000001,0.06801000000000001,1.9667419000000002,-0.13377564560094604,-0.11596870987646848,0.984202976566063,-8.133911055176254,-6.190153886967828,3.8881244241289576,3.8980548328260545,3.4349295202583807
05/10/2023 16:35:24.660815,2388,True,True,True,True,Eyes,1.379217,-0.3543969,-2.933569,-0.2058077,0.02000294,0.978388,0.0,0.0,0.0,0.0,0.0,0.0,0.0,-1.161421,-0.06617659,3.051882,1.372041,-0.3553096,-2.942536,-0.06800713,-0.03527182,-0.004965237,0.9970488,352.1857,355.968,359.7048,0.4222273,-0.1087757,-0.8999392,0,0,0,0.8195843,-0.2877788,-0.9761199,-0.411763,-0.2072,1.991,0.9974625,-0.005103698,0.07101079,0.01469864,0.9907007,-0.1352626,-0.06966009,0.1359631,0.9882618,moving,-7.864333029859801,-6.697630375732044,-11.684732000719952,-5.941287919137228,-0.5524567,0.0675308,1.9664161,-0.13591144293437246,-0.11554745420856086,0.9839597913722649,-8.252194276797853,-6.167455874415348,3.884528561881995,3.894547754001379,3.439980693280558
05/10/2023 16:35:24.677569,2389,True,True,True,True,Eyes,1.379345,-0.3543905,-2.933564,-0.2080345,0.02024364,0.9779119,0.0,0.0,0.0,0.0,0.0,0.0,0.0,-1.161622,-0.06610355,3.051828,1.37203,-0.3552811,-2.942567,-0.06795238,-0.0352411,-0.005055759,0.9970533,352.1916,355.9723,359.6939,0.4222997,-0.1087661,-0.8999064,0,0,0,0.8153764,-0.2878567,-0.9764229,-0.4160782,-0.2072001,1.991,0.9974651,-0.005292287,0.07096162,0.01487115,0.9907138,-0.1351479,-0.06958741,0.1358606,0.9882811,moving,-7.998461097125733,-6.6796096446033095,-11.803767357872893,-5.941290766043414,-0.5566536000000001,0.0674244,1.9661441,-0.13822008611836092,-0.11520080511585655,0.9836787202163115,-8.38051389055836,-6.149050830874667,3.866288518206865,3.8762701795049677,3.429552236957422
05/10/2023 16:35:24.692954,2390,True,True,True,True,Eyes,1.379471,-0.3543827,-2.933562,-0.2101729,0.02048429,0.9774496,0.0,0.0,0.0,0.0,0.0,0.0,0.0,-1.162143,-0.0661523,3.051618,1.372049,-0.3552707,-2.942549,-0.06791575,-0.03516424,-0.005163291,0.9970579,352.1954,355.982,359.6808,0.4223683,-0.1087571,-0.8998753,0,0,0,0.8113148,-0.2878596,-0.9766316,-0.4204574,-0.2072001,1.991,0.9974737,-0.005519787,0.0708229,0.01507261,0.9907216,-0.1350687,-0.06942023,0.135795,0.9883019,moving,-8.132689358079645,-6.664081006598276,-11.924462577366636,-5.941290766043414,-0.5607342000000001,0.0674111,1.9659174,-0.1405291889350412,-0.11489649031983148,0.9833871659427014,-8.509062288286101,-6.133049913741674,3.8501174087046572,3.8600479114051667,3.420779254114093
05/10/2023 16:35:24.703466,2391,True,True,True,True,Eyes,1.379563,-0.3543794,-2.933559,-0.2123655,0.02075476,0.9769699,0.0,0.0,0.0,0.0,0.0,0.0,0.0,-1.162122,-0.06708071,3.051673,1.372091,-0.3552288,-2.942603,-0.06801269,-0.03517881,-0.005278503,0.9970501,352.1838,355.9812,359.668,0.4224331,-0.1087486,-0.8998459,0,0,0,0.8068932,-0.2872943,-0.9770358,-0.4248619,-0.2072,1.991,0.9974692,-0.005740654,0.07086808,0.01531107,0.9906929,-0.1352527,-0.06943206,0.1359955,0.9882734,moving,-8.25977518547042,-6.66218859262454,-12.045746869272062,-5.941287919137228,-0.5651978,0.06793450000000001,1.9655672000000002,-0.14271120580114444,-0.11482779878275895,0.9830809425090118,-8.631450099599123,-6.130262079197134,3.84421583968121,3.853995247996849,3.4195224322366147
05/10/2023 16:35:24.722587,2392,True,True,True,True,Eyes,1.379652,-0.3543746,-2.933557,-0.2144711,0.02101328,0.9765043,0.0,0.0,0.0,0.0,0.0,0.0,0.0,-1.162323,-0.06778374,3.051539,1.372076,-0.35528,-2.942561,-0.06811484,-0.0351457,-0.005336955,0.997044,352.1719,355.9855,359.6614,0.4224938,-0.1087407,-0.8998184,0,0,0,0.8027411,-0.2868547,-0.9772764,-0.4291334,-0.2071999,1.991,0.9974726,-0.005854472,0.07081066,0.01543024,0.9906638,-0.1354518,-0.06935655,0.1362021,0.9882503,moving,-8.387597825616728,-6.660482290993677,-12.163264259658318,-5.941285072231013,-0.5693349000000001,0.06842529999999997,1.9652846,-0.1449051469747066,-0.11476154378684122,0.9827676963748644,-8.754557941772221,-6.127648268783367,3.833947248094482,3.843553259761634,3.413797006651948
05/10/2023 16:35:24.742550,2393,True,True,True,True,Eyes,1.379614,-0.3543791,-2.93356,-0.216839,0.02126911,0.9759756,0.0,0.0,0.0,0.0,0.0,0.0,0.0,-1.162226,-0.06783357,3.051578,1.372069,-0.3552372,-2.942572,-0.06808391,-0.03516398,-0.005411949,0.9970451,352.1751,355.984,359.6528,0.4225508,-0.1087334,-0.8997926,0,0,0,0.7984609,-0.2868357,-0.9776072,-0.433335,-0.2071999,1.991,0.9974684,-0.006003712,0.07085708,0.01558012,0.9906706,-0.1353848,-0.06938321,0.1361461,0.9882562,moving,-8.524764603097708,-6.644084544473063,-12.278757289830322,-5.941285072231013,-0.5736081,0.06840149999999995,1.9649648000000002,-0.147262974040541,-0.1144399823631129,0.9824545819884082,-8.885892439056768,-6.110786421389172,3.809678229437827,3.8192130328414065,3.3970962016082336
05/10/2023 16:35:24.757535,2394,True,True,True,True,Eyes,1.379578,-0.3543851,-2.933565,-0.21911,0.02151315,0.975463,0.0,0.0,0.0,0.0,0.0,0.0,0.0,-1.162236,-0.06804147,3.051579,1.372048,-0.3552371,-2.942592,-0.06812311,-0.03515785,-0.005400024,0.9970427,352.1707,355.9846,359.6543,0.422601,-0.1087269,-0.8997697,0,0,0,0.7941313,-0.2866655,-0.9779328,-0.4376806,-0.2072,1.991,0.9974695,-0.005977985,0.07084348,0.01555823,0.9906602,-0.1354636,-0.06937201,0.136223,0.9882464,moving,-8.659648205189677,-6.634556144941549,-12.398102050106178,-5.941287919137228,-0.5779167,0.06857159999999995,1.9646591999999998,-0.14957896220193978,-0.11423644740683765,0.982128423497853,-9.015390804935285,-6.100570810879068,3.7927690624234187,3.8021912081694214,3.3864592730176546
05/10/2023 16:35:24.772935,2395,True,True,True,True,Eyes,1.379501,-0.3543951,-2.933572,-0.2216181,0.02171732,0.9748917,0.0,0.0,0.0,0.0,0.0,0.0,0.0,-1.162277,-0.06781858,3.051604,1.372038,-0.3552804,-2.942628,-0.06812076,-0.0351461,-0.005333419,0.9970437,352.1712,355.9854,359.6618,0.4226452,-0.1087213,-0.8997497,0,0,0,0.7897691,-0.2867594,-0.9782624,-0.4420992,-0.2072,1.991,0.9974726,-0.005846946,0.07081103,0.01542366,0.9906622,-0.1354638,-0.06935775,0.1362136,0.9882486,moving,-8.809502022434854,-6.621430922194668,-12.519339668624822,-5.941287919137228,-0.5822689000000001,0.068521,1.9643656,-0.15215190030321038,-0.1139661814689937,0.9817645133533707,-9.159126979541249,-6.086770966850019,3.7623906828188924,3.7716693738577236,3.363360615968805
05/10/2023 16:35:24.793127,2396,True,True,True,True,Eyes,1.379425,-0.3544031,-2.933578,-0.2240212,0.02190477,0.9743381,0.0,0.0,0.0,0.0,0.0,0.0,0.0,-1.162658,-0.06691027,3.051472,1.372015,-0.3553056,-2.942629,-0.06802589,-0.0350752,-0.005214744,0.9970533,352.1826,355.9927,359.6746,0.422683,-0.1087167,-0.8997325,0,0,0,0.7857215,-0.2872557,-0.9784654,-0.4464274,-0.2072001,1.991,0.9974851,-0.005626712,0.07065316,0.0151708,0.9906906,-0.135285,-0.0692342,0.1360167,0.9882844,moving,-8.960159488346488,-6.597567834587495,-12.637986544829545,-5.941290766043414,-0.5862935,0.0680499,1.9641636,-0.15474100494716356,-0.11351108337058041,0.9814125052442434,-9.30306804446953,-6.062602938785278,3.7266723337154994,3.7359217668596383,3.33712421814035
05/10/2023 16:35:24.804573,2397,True,True,True,True,Eyes,1.379369,-0.3544088,-2.933583,-0.2265472,0.02206923,0.9737501,0.0,0.0,0.0,0.0,0.0,0.0,0.0,-1.16282,-0.06611988,3.051408,1.371982,-0.3552646,-2.942629,-0.06795973,-0.03503586,-0.005046739,0.9970601,352.1909,355.9959,359.6934,0.4227151,-0.1087129,-0.899718,0,0,0,0.7813927,-0.2876255,-0.9787138,-0.4509103,-0.2072,1.991,0.997494,-0.005301748,0.07055167,0.01482586,0.990712,-0.1351662,-0.06917977,0.1358735,0.988308,moving,-9.114821695329903,-6.577110569426183,-12.760758078587594,-5.941287919137228,-0.5905893,0.06763910000000001,1.9639152000000002,-0.15739681894054985,-0.11311259501487075,0.9810360463443943,-9.451049661757652,-6.041691246050144,3.691776667893557,3.700962382054517,3.3112309844663725
05/10/2023 16:35:24.823090,2398,True,True,True,True,Eyes,1.379316,-0.3544148,-2.933588,-0.2289725,0.02222757,0.973179,0.0,0.0,0.0,0.0,0.0,0.0,0.0,-1.162818,-0.06646857,3.051394,1.371972,-0.3552368,-2.942629,-0.06805467,-0.03502943,-0.004947899,0.9970542,352.1804,355.9959,359.7051,0.4227424,-0.1087097,-0.8997055,0,0,0,0.7771155,-0.2873009,-0.9790164,-0.4552284,-0.2072001,1.991,0.9974969,-0.005098812,0.07052593,0.01463448,0.9906881,-0.1353617,-0.06917902,0.136055,0.988283,moving,-9.259726258141608,-6.576794028501546,-12.878903748393471,-5.941290766043414,-0.5948565,0.0679359,1.9636126000000003,-0.1598783408366769,-0.11306150260235248,0.9806405301770699,-9.590695181619576,-6.040289305962,3.6656282436602776,3.674548965865158,3.2896985104278538
05/10/2023 16:35:24.842576,2399,True,True,True,True,Eyes,1.379244,-0.3544216,-2.933595,-0.2314842,0.02240138,0.9725807,0.0,0.0,0.0,0.0,0.0,0.0,0.0,-1.162719,-0.06645831,3.051468,1.37202,-0.3552485,-2.942643,-0.0680767,-0.03505059,-0.004893783,0.9970522,352.178,355.993,359.7116,0.4227656,-0.108707,-0.899695,0,0,0,0.7728485,-0.2872617,-0.9793541,-0.4594779,-0.2072001,1.991,0.9974951,-0.004986459,0.07056084,0.01453097,0.9906833,-0.135409,-0.06922822,0.1360951,0.988274,moving,-9.406289598815354,-6.568180694242213,-12.995063826817027,-5.941290766043414,-0.5991715,0.06798680000000001,1.9632888999999998,-0.16238992813866115,-0.11286718356285376,0.9802502154050998,-9.73149929289495,-6.030868359592262,3.634375722833483,3.6431156228764,3.2647936553999894
05/10/2023 16:35:24.853246,2400,True,True,True,True,Eyes,1.379174,-0.3544285,-2.933604,-0.2338939,0.02257371,0.972,0.0,0.0,0.0,0.0,0.0,0.0,0.0,-1.162594,-0.0668371,3.051538,1.372023,-0.3552327,-2.942675,-0.06812226,-0.03507234,-0.004925642,0.9970483,352.1727,355.9907,359.7083,0.4227846,-0.1087049,-0.8996863,0,0,0,0.7683651,-0.2870098,-0.9797322,-0.4638867,-0.2072,1.991,0.9974914,-0.005043792,0.07060872,0.01460062,0.9906702,-0.1354969,-0.06926653,0.1361879,0.9882585,moving,-9.546440368292801,-6.564270786469127,-13.115463582963764,-5.941287919137228,-0.6036579,0.06822290000000003,1.9629428,-0.16478933475619106,-0.1127548030912123,0.9798626221929517,-9.866372356845563,-6.026034770712615,3.61442796287009,3.622986938956492,3.2501962747640674
05/10/2023 16:35:24.872912,2401,True,True,True,True,Eyes,1.37907,-0.3544387,-2.933614,-0.2363762,0.02273471,0.9713956,0.0,0.0,0.0,0.0,0.0,0.0,0.0,-1.16263,-0.06733671,3.05153,1.372,-0.3552386,-2.942703,-0.06817481,-0.03506549,-0.004999002,0.9970445,352.1664,355.9921,359.7,0.4227998,-0.1087033,-0.8996794,0,0,0,0.7642506,-0.2867067,-0.9800553,-0.4680066,-0.2072,1.991,0.9974908,-0.005187287,0.07060531,0.01474962,0.9906543,-0.135596,-0.06924208,0.1362972,0.9882452,moving,-9.694094152794305,-6.562833581583568,-13.227867340695505,-5.941287919137228,-0.6077494000000001,0.06853190000000003,1.9626476999999998,-0.16731533752628874,-0.11268161266898306,0.9794429124044776,-10.008608183622082,-6.023530580247281,3.5797437269282324,3.588017830785582,3.2203095155136183
05/10/2023 16:35:24.892643,2402,True,True,True,True,Eyes,1.37897,-0.3544464,-2.933623,-0.2387612,0.0228912,0.9708085,0.0,0.0,0.0,0.0,0.0,0.0,0.0,-1.16248,-0.06746855,3.051607,1.371986,-0.3552606,-2.94273,-0.06818733,-0.03508867,-0.005027173,0.9970428,352.1648,355.9896,359.697,0.4228107,-0.1087023,-0.8996744,0,0,0,0.7597814,-0.2866271,-0.9804231,-0.4723788,-0.2072,1.991,0.9974871,-0.005239408,0.07065538,0.01480982,0.9906505,-0.1356186,-0.06928422,0.1363241,0.9882385,moving,-9.83275254909549,-6.555998307608389,-13.347041333555769,-5.941287919137228,-0.6122045999999999,0.06863349999999996,1.9623069000000002,-0.16968830556752032,-0.11251845580106963,0.9790533884282802,-10.14188766256534,-6.01588528834673,3.559509069016506,3.567645515221162,3.206021650294396
05/10/2023 16:35:24.903364,2403,True,True,True,True,Eyes,1.378857,-0.3544541,-2.933634,-0.2411994,0.02304581,0.9702018,0.0,0.0,0.0,0.0,0.0,0.0,0.0,-1.162235,-0.06771395,3.051648,1.371978,-0.3552058,-2.942692,-0.068206,-0.03512905,-0.005057903,0.9970398,352.1625,355.9852,359.6938,0.4228179,-0.1087017,-0.8996711,0,0,0,0.7551696,-0.2864432,-0.9807544,-0.4768306,-0.2071999,1.991,0.9974808,-0.005293836,0.07074008,0.01487789,0.9906448,-0.1356529,-0.06936017,0.1363636,0.9882278,moving,-9.972671974808334,-6.5500205192700545,-13.468264260814648,-5.941285072231013,-0.6168083999999999,0.06876260000000001,1.9619376000000002,-0.17208160569262307,-0.11236894398600919,0.9786526115286641,-10.27642804321031,-6.009057933077763,3.540207223237968,3.5482001457737233,3.192555653497386
05/10/2023 16:35:24.922793,2404,True,True,True,True,Eyes,1.378749,-0.3544633,-2.933647,-0.2435425,0.02319524,0.9696128,0.0,0.0,0.0,0.0,0.0,0.0,0.0,-1.161888,-0.06771356,3.051807,1.371957,-0.3551802,-2.942732,-0.06816482,-0.03518626,-0.005140549,0.9970403,352.1669,355.9792,359.6846,0.4228214,-0.1087015,-0.8996695,0,0,0,0.7506292,-0.2864707,-0.9811707,-0.4811251,-0.2072,1.991,0.997471,-0.005453737,0.07086504,0.0150476,0.9906543,-0.1355644,-0.06946341,0.1362879,0.9882309,moving,-10.104725830508723,-6.538750655394605,-13.585087608434208,-5.941287919137228,-0.6213278000000001,0.06870949999999998,1.9615613,-0.17434144624093822,-0.11213119531863708,0.9782799218770561,-10.403106643850542,-5.997183211572043,3.523330242730083,3.5312717010251125,3.182471860470909
05/10/2023 16:35:24.947916,2405,True,True,True,True,Eyes,1.378622,-0.3544751,-2.933661,-0.2459428,0.02329972,0.9690043,0.0,0.0,0.0,0.0,0.0,0.0,0.0,-1.16161,-0.0677945,3.05197,1.371954,-0.3552244,-2.942789,-0.06817418,-0.03523156,-0.005161931,0.9970379,352.1657,355.9742,359.6825,0.4228216,-0.1087018,-0.8996693,0,0,0,0.7461351,-0.2864329,-0.9815937,-0.4854468,-0.2072,1.991,0.9974642,-0.005489517,0.07095823,0.01509705,0.9906512,-0.1355807,-0.06955059,0.1363082,0.988222,moving,-10.24205778634231,-6.534406831518409,-13.702534774215142,-5.941287919137228,-0.6258188999999998,0.0687915,1.9611953,-0.17668823000970732,-0.11200942187213889,0.9778728087181453,-10.53523985019751,-5.991952220733781,3.503158995668086,3.510938767313048,3.1677001131995
05/10/2023 16:35:24.957856,2406,True,True,True,True,Eyes,1.3785,-0.3544849,-2.933672,-0.2482467,0.02339998,0.9684142,0.0,0.0,0.0,0.0,0.0,0.0,0.0,-1.161485,-0.06729752,3.052032,1.37196,-0.3552536,-2.942787,-0.06811715,-0.03525117,-0.005112036,0.9970413,352.1725,355.9716,359.6882,0.4228185,-0.1087025,-0.8996708,0,0,0,0.741816,-0.2867222,-0.9819065,-0.4897109,-0.2071998,1.991,0.9974625,-0.005391404,0.07099018,0.01499624,0.9906678,-0.1354708,-0.0695973,0.1361916,0.9882349,moving,-10.37691873344363,-6.520985439777852,-13.81830165040355,-5.941282225324767,-0.630144,0.06853140000000002,1.9608805,-0.17899502651466326,-0.1117330080686747,0.9774848138347066,-10.664509842648119,-5.977980021210188,3.482124145472865,3.4898670745446463,3.154005309901699
05/10/2023 16:35:24.977769,2407,True,True,True,True,Eyes,1.378364,-0.3544959,-2.933684,-0.2505799,0.02348761,0.9678109,0.0,0.0,0.0,0.0,0.0,0.0,0.0,-1.161465,-0.06739372,3.051984,1.371971,-0.3552171,-2.94273,-0.06809985,-0.03526013,-0.005179367,0.9970419,352.1742,355.971,359.6804,0.4228125,-0.1087036,-0.8996735,0,0,0,0.7373706,-0.2866551,-0.9821786,-0.4941351,-0.2071999,1.991,0.9974598,-0.005525672,0.07101707,0.01513051,0.9906712,-0.1354315,-0.06960622,0.136162,0.9882383,moving,-10.514357243918791,-6.515756535278179,-13.93829359640449,-5.941285072231013,-0.6346004000000001,0.06856200000000001,1.9605514,-0.1813420709797479,-0.11159500851728078,0.97706780708052,-10.796698791891309,-5.971894116063611,3.4641863626378138,3.471794580289655,3.141743915297451
05/10/2023 16:35:24.992706,2408,True,True,True,True,Eyes,1.378235,-0.3545063,-2.933694,-0.2528155,0.02356909,0.9672273,0.0,0.0,0.0,0.0,0.0,0.0,0.0,-1.161482,-0.06727362,3.051995,1.37198,-0.3552178,-2.942742,-0.06808963,-0.03525757,-0.005156065,0.9970428,352.1754,355.9712,359.683,0.4228035,-0.1087051,-0.8996776,0,0,0,0.7331446,-0.2866993,-0.9824857,-0.4983929,-0.2072,1.991,0.9974607,-0.005480285,0.07100875,0.01508298,0.9906744,-0.135413,-0.06960446,0.1361401,0.9882414,moving,-10.647839066789114,-6.509420783613472,-14.053654834167858,-5.941287919137228,-0.6388353999999999,0.06851849999999998,1.9602563,-0.18362107773610437,-0.11143900858757841,0.976659856902605,-10.925015473175364,-5.964770036676883,3.4453855437031375,3.452876480997206,3.1287274826989435
05/10/2023 16:35:25.007667,2409,True,True,True,True,Eyes,1.378111,-0.354517,-2.933705,-0.2551265,0.02363004,0.9666189,0.0,0.0,0.0,0.0,0.0,0.0,0.0,-1.161744,-0.06703854,3.051892,1.372019,-0.3552119,-2.942715,-0.06806702,-0.03521983,-0.005118099,0.9970458,352.1782,355.9752,359.687,0.422792,-0.1087069,-0.8996828,0,0,0,0.7289191,-0.2868003,-0.9827196,-0.5028219,-0.2072,1.991,0.9974667,-0.005411341,0.0709283,0.01500057,0.9906813,-0.1353713,-0.06953481,0.1360924,0.9882529,moving,-10.790004689707807,-6.502519714277251,-14.173531301021695,-5.941287919137228,-0.6430999000000001,0.06841160000000002,1.9599954000000002,-0.18604742363236276,-0.11126970440472272,0.9762199632620234,-11.061671806212141,-5.957034713082802,3.422399268620377,3.429757055149145,3.111899335929094
05/10/2023 16:35:25.024051,2410,True,True,True,True,Eyes,1.377993,-0.3545303,-2.933716,-0.2573383,0.02369031,0.966031,0.0,0.0,0.0,0.0,0.0,0.0,0.0,-1.161687,-0.06713396,3.05192,1.372021,-0.3552269,-2.942722,-0.06809613,-0.03522794,-0.005091452,0.9970437,352.175,355.9741,359.6903,0.4227783,-0.1087089,-0.8996889,0,0,0,0.7246854,-0.286708,-0.9830374,-0.5070404,-0.2072001,1.991,0.9974661,-0.005355028,0.070941,0.01495057,0.990674,-0.1354309,-0.06955417,0.1361483,0.9882438,moving,-10.921101190537133,-6.5017518381738455,-14.287592662454816,-5.941290766043414,-0.6473355999999999,0.0685189,1.9596845999999999,-0.1882819007438669,-0.1112084199191985,0.9757985128022783,-11.187984856817915,-5.955301715908739,3.405648423353152,3.4128260201580862,3.099639471854967
05/10/2023 16:35:25.042651,2411,True,True,True,True,Eyes,1.377872,-0.3545442,-2.933729,-0.2595924,0.02373686,0.9654266,0.0,0.0,0.0,0.0,0.0,0.0,0.0,-1.162149,-0.06719702,3.05178,1.372039,-0.3553047,-2.942743,-0.06811761,-0.03515516,-0.005098482,0.9970448,352.1725,355.9825,359.689,0.422763,-0.1087113,-0.8996958,0,0,0,0.7206581,-0.2866647,-0.9832746,-0.5113814,-0.2072,1.991,0.9974763,-0.005377461,0.07079712,0.0149562,0.990668,-0.1354741,-0.06940793,0.1361911,0.9882482,moving,-11.063963013037176,-6.501883336565527,-14.404845600191292,-5.941287919137228,-0.6513809,0.06863999999999998,1.9594684,-0.19071547625500515,-0.11115747878334367,0.9753316331768065,-11.325685307292934,-5.954347593585176,3.3806497350906155,3.3875896568491277,3.079187987840071
05/10/2023 16:35:25.052859,2412,True,True,True,True,Eyes,1.377757,-0.3545565,-2.93374,-0.2617528,0.02377806,0.964842,0.0,0.0,0.0,0.0,0.0,0.0,0.0,-1.162262,-0.06735134,3.051766,1.372038,-0.3553168,-2.942775,-0.06814412,-0.03513598,-0.005100335,0.9970436,352.1695,355.9847,359.6888,0.4227459,-0.108714,-0.8997035,0,0,0,0.7162408,-0.286544,-0.983605,-0.5158841,-0.2072,1.991,0.9974789,-0.005381894,0.07075933,0.01495914,0.9906607,-0.1355269,-0.06936909,0.1362437,0.9882437,moving,-11.195173885891258,-6.5026834752423675,-14.5263360412636,-5.941287919137228,-0.6557972000000001,0.06877279999999997,1.9591700000000003,-0.19294930604002286,-0.11112164162990562,0.9748961767641479,-11.452191781401194,-5.9541268744816325,3.3713645291648167,3.378136509349423,3.074171070259317
05/10/2023 16:35:25.072902,2413,True,True,True,True,Eyes,1.377658,-0.3545663,-2.933752,-0.2639499,0.02381101,0.9642425,0.0,0.0,0.0,0.0,0.0,0.0,0.0,-1.162451,-0.06708354,3.051668,1.372041,-0.3552887,-2.942744,-0.06810768,-0.03510495,-0.005073889,0.9970472,352.1738,355.9881,359.6914,0.4227276,-0.108717,-0.8997118,0,0,0,0.7122289,-0.2866677,-0.9838188,-0.5200343,-0.2072,1.991,0.9974838,-0.005335981,0.07069373,0.01489965,0.9906712,-0.1354569,-0.06931145,0.1361694,0.988258,moving,-11.330024941858243,-6.496041480433925,-14.638197357933713,-5.941287919137228,-0.6598121,0.06862099999999999,1.9589252,-0.19524689998079647,-0.11095720082609406,0.9744574184366431,-11.58181191332497,-5.946696907825079,3.347716964227751,3.354363762064869,3.0563902308401016
05/10/2023 16:35:25.092645,2414,True,True,True,True,Eyes,1.377563,-0.354575,-2.933764,-0.2660596,0.02385625,0.9636613,0.0,0.0,0.0,0.0,0.0,0.0,0.0,-1.162108,-0.06711733,3.051837,1.372043,-0.3552562,-2.942788,-0.06811633,-0.03515969,-0.005048465,0.997045,352.1729,355.9816,359.6948,0.4227083,-0.10872,-0.8997205,0,0,0,0.7076427,-0.286611,-0.9842446,-0.5244225,-0.2072,1.991,0.9974766,-0.005277196,0.07079934,0.01485699,0.9906694,-0.1354751,-0.0694238,0.1361851,0.9882479,moving,-11.449924416067713,-6.493704710131814,-14.75634957109929,-5.941287919137228,-0.6644002999999999,0.06864520000000002,1.9585434000000002,-0.1972875462526637,-0.11087125374716884,0.9740560156993263,-11.697249779192767,-5.94353464511438,3.345688115719343,3.3522547064324257,3.059100616949393
05/10/2023 16:35:25.107990,2415,True,True,True,True,Eyes,1.377445,-0.3545888,-2.933779,-0.2682031,0.02390964,0.9630656,0.0,0.0,0.0,0.0,0.0,0.0,0.0,-1.162012,-0.06827354,3.051876,1.372053,-0.3552399,-2.942815,-0.06827386,-0.03517898,-0.005120713,0.9970331,352.1545,355.9799,359.6873,0.4226885,-0.1087231,-0.8997295,0,0,0,0.7033819,-0.2858617,-0.984622,-0.5286212,-0.2071999,1.991,0.9974725,-0.005407431,0.07084844,0.01501465,0.9906249,-0.1357823,-0.06944999,0.1365029,0.9882022,moving,-11.575865501781362,-6.510557202979222,-14.869279483973909,-5.941285072231013,-0.6686711,0.0693782,1.958193,-0.19942280410601948,-0.11110875181795854,0.9735940191423975,-11.81952875098951,-5.958844418332178,3.3360764933676745,3.342251698622947,3.0498012827025915
05/10/2023 16:35:25.132628,2416,True,True,True,True,Eyes,1.377333,-0.3546028,-2.933793,-0.2702679,0.02394373,0.9624874,0.0,0.0,0.0,0.0,0.0,0.0,0.0,-1.161819,-0.06811386,3.05198,1.372039,-0.3553309,-2.942837,-0.06820522,-0.03521475,-0.005253587,0.9970359,352.1618,355.9768,359.6719,0.4226675,-0.1087265,-0.899739,0,0,0,0.6989036,-0.286044,-0.9850007,-0.5329382,-0.2072001,1.991,0.9974647,-0.00567237,0.07093739,0.01527969,0.9906409,-0.1356361,-0.0695041,0.1363761,0.988216,moving,-11.694528272279397,-6.504437978286647,-14.985268126097903,-5.941290766043414,-0.6731354,0.06928689999999998,1.9578362999999999,-0.20144216852292113,-0.11095797776165048,0.9731954660022366,-11.933573980109585,-5.952041422822441,3.332434462669366,3.338578075793161,3.051713082398237
05/10/2023 16:35:25.142806,2417,True,True,True,True,Eyes,1.377199,-0.3546138,-2.933809,-0.2724198,0.024001,0.9618791,0.0,0.0,0.0,0.0,0.0,0.0,0.0,-1.161118,-0.06665748,3.052287,1.372066,-0.3553462,-2.942832,-0.06803554,-0.03532737,-0.005082617,0.9970443,352.1819,355.9625,359.6919,0.4226456,-0.10873,-0.8997488,0,0,0,0.6941617,-0.2869228,-0.9854187,-0.5372962,-0.2072001,1.991,0.9974523,-0.005328153,0.07113752,0.01494222,0.9906906,-0.1353098,-0.06975432,0.1360281,0.9882463,moving,-11.810775088166038,-6.476942818714175,-15.102230988236379,-5.941290766043414,-0.6779043,0.06842340000000002,1.9574133000000002,-0.20342795834946087,-0.11044463986047823,0.9728407093341177,-12.044156582635177,-5.924628805337767,3.3283321111515645,3.334757122136222,3.0581197967260376
05/10/2023 16:35:25.153238,2418,True,True,True,True,Eyes,1.377073,-0.354625,-2.933822,-0.2744836,0.02408219,0.9612902,0.0,0.0,0.0,0.0,0.0,0.0,0.0,-1.160602,-0.06851095,3.052482,1.372094,-0.3552432,-2.942872,-0.0682439,-0.03542316,-0.005270077,0.9970258,352.1572,355.9529,359.6718,0.4226223,-0.1087337,-0.8997593,0,0,0,0.6895151,-0.2857464,-0.9859402,-0.5415857,-0.2071999,1.991,0.9974349,-0.005673975,0.07135491,0.01534363,0.99063,-0.1357085,-0.06991631,0.1364552,0.9881759,moving,-11.922925194155157,-6.501114621244132,-15.217229699235379,-5.941285072231013,-0.6825788999999999,0.06949679999999997,1.9569318,-0.20532339221015283,-0.11081024650696288,0.972400864376713,-12.153531811687884,-5.947106110329825,3.3355286146303635,3.3415342727765154,3.0637034175402045
05/10/2023 16:35:25.172952,2419,True,True,True,True,Eyes,1.376899,-0.3546392,-2.933835,-0.2766019,0.02421669,0.9606794,0.0,0.0,0.0,0.0,0.0,0.0,0.0,-1.160759,-0.07061607,3.05233,1.372137,-0.3552654,-2.942804,-0.06855699,-0.03540745,-0.005368231,0.9970042,352.1209,355.9554,359.6617,0.422598,-0.1087375,-0.8997703,0,0,0,0.6852846,-0.2843795,-0.9862115,-0.5459238,-0.2072001,1.991,0.997435,-0.005849443,0.07133882,0.01555916,0.9905422,-0.1363231,-0.0698667,0.1370834,0.9880925,moving,-12.051870347010102,-6.531802247571365,-15.333403768302594,-5.941290766043414,-0.6868523999999999,0.0708859,1.9565925000000002,-0.20750033582639046,-0.11127880370616108,0.9718850792250012,-12.279440178138055,-5.9757441375183795,3.328812694248309,3.334241353722904,3.054157927294637
05/10/2023 16:35:25.192871,2420,True,True,True,True,Eyes,1.376729,-0.3546534,-2.933848,-0.2786272,0.02433684,0.9600909,0.0,0.0,0.0,0.0,0.0,0.0,0.0,-1.161202,-0.0725233,3.052061,1.372147,-0.355269,-2.942741,-0.06869922,-0.03535543,-0.00579003,0.996994,352.1029,355.9648,359.6132,0.4225715,-0.1087415,-0.8997822,0,0,0,0.6812241,-0.2832672,-0.9864361,-0.5501587,-0.2072001,1.991,0.997433,-0.006687469,0.07129383,0.01640303,0.9904938,-0.136576,-0.06970274,0.1373948,0.9880608,moving,-12.17765730052599,-6.55321062812258,-15.446689687090446,-5.941290766043414,-0.6909229,0.0720018,1.9563048999999997,-0.20962613789118162,-0.11159019849768505,0.9713930432816111,-12.401812300974846,-5.99545153554004,3.3208219522057028,3.3258109780945593,3.0453590404795676
05/10/2023 16:35:25.202697,2421,True,True,True,True,Eyes,1.376549,-0.3546709,-2.933861,-0.2806925,0.02446221,0.9594859,0.0,0.0,0.0,0.0,0.0,0.0,0.0,-1.161903,-0.07200518,3.051787,1.372107,-0.3552765,-2.942738,-0.06848837,-0.0352493,-0.006096684,0.9970104,352.1259,355.9795,359.5761,0.4225433,-0.1087458,-0.899795,0,0,0,0.6773099,-0.2836932,-0.9865881,-0.5544165,-0.2072001,1.991,0.9974406,-0.007328582,0.07112293,0.01698525,0.9905444,-0.1361374,-0.06945272,0.136997,0.9881336,moving,-12.311906289097276,-6.5310642167442845,-15.560463535560507,-5.941290766043414,-0.6947971,0.07158330000000002,1.9561498999999998,-0.21191192458278346,-0.11115865900178765,0.9709464250522214,-12.530029578422328,-5.973064271229073,3.296574041952853,3.3016597200045275,3.030600522043106
05/10/2023 16:35:25.223141,2422,True,True,True,True,Eyes,1.376374,-0.3546882,-2.933875,-0.2826816,0.02456927,0.9588991,0.0,0.0,0.0,0.0,0.0,0.0,0.0,-1.16182,-0.06988025,3.051841,1.372032,-0.3553481,-2.942737,-0.06825626,-0.03524085,-0.005839811,0.9970282,352.1536,355.9785,359.6047,0.4225132,-0.1087503,-0.8998086,0,0,0,0.6727632,-0.2849751,-0.9868428,-0.5589608,-0.2071998,1.991,0.997448,-0.006834095,0.07106943,0.01645573,0.9906139,-0.1356952,-0.06947502,0.1365184,0.9881983,moving,-12.432921197231734,-6.491137245837869,-15.681754359577443,-5.941282225324767,-0.6992687999999999,0.07037300000000002,1.9558942000000001,-0.21397967366777637,-0.11043108341113447,0.9705759604798472,-12.644548221868567,-5.933618802880859,3.289506982608668,3.295035274521456,3.03721580579649
05/10/2023 16:35:25.242852,2423,True,True,True,True,Eyes,1.376167,-0.3547062,-2.933891,-0.2847123,0.02467201,0.9582955,0.0,0.0,0.0,0.0,0.0,0.0,0.0,-1.161093,-0.06871676,3.05217,1.372004,-0.3553556,-2.942776,-0.06815282,-0.03534588,-0.005622186,0.9970328,352.1663,355.9646,359.6302,0.4224814,-0.1087552,-0.8998229,0,0,0,0.6681536,-0.2856466,-0.9872949,-0.5631685,-0.2072,1.991,0.9974381,-0.006393164,0.07124832,0.01602885,0.9906472,-0.1355038,-0.06971566,0.1362986,0.9882117,moving,-12.54351426437538,-6.4669686258650065,-15.793932697688502,-5.941287919137228,-0.7038504,0.06970900000000002,1.9554810999999999,-0.2158636810695879,-0.10997496913742622,0.970210515572414,-12.749858098327255,-5.909459096997696,3.2868678478747175,3.2926524561586437,3.044240995781235
05/10/2023 16:35:25.253423,2424,True,True,True,True,Eyes,1.375968,-0.3547253,-2.933908,-0.2866556,0.02476232,0.9577136,0.0,0.0,0.0,0.0,0.0,0.0,0.0,-1.161297,-0.06763899,3.052121,1.37201,-0.355327,-2.942781,-0.06802736,-0.03530806,-0.005486153,0.9970435,352.1812,355.968,359.6451,0.4224475,-0.1087603,-0.8998382,0,0,0,0.6639719,-0.2862591,-0.9875278,-0.5675307,-0.2072001,1.991,0.9974465,-0.006136038,0.07115375,0.01574369,0.9906844,-0.1352651,-0.06966091,0.1360399,0.9882513,moving,-12.664967791146161,-6.443531037950754,-15.910099005499061,-5.941290766043414,-0.7080381,0.06906790000000002,1.9552532,-0.2179306544814374,-0.10952653637707792,0.9697990063897961,-12.865674316830003,-5.885922661508447,3.2777613236739773,3.2837664181687907,3.0449281291973858
05/10/2023 16:35:25.272883,2425,True,True,True,True,Eyes,1.375756,-0.3547448,-2.933927,-0.2886523,0.02483505,0.9571118,0.0,0.0,0.0,0.0,0.0,0.0,0.0,-1.161579,-0.06684586,3.052061,1.371976,-0.3553697,-2.942822,-0.06796418,-0.03524965,-0.005341521,0.9970506,352.1891,355.9736,359.6611,0.4224116,-0.1087658,-0.8998544,0,0,0,0.6598446,-0.2867075,-0.9877737,-0.5718808,-0.2071999,1.991,0.9974579,-0.005860106,0.07101742,0.01544296,0.9907047,-0.1351508,-0.06956529,0.135904,0.9882766,moving,-12.792258728925766,-6.427917729804652,-16.02580952901298,-5.941285072231013,-0.7121314000000001,0.0686622,1.9550483,-0.22009242475077623,-0.10920793416713814,0.9693466249929906,-12.987531872616847,-5.869892531119809,3.263875421183682,3.2699636267337673,3.0391163209529024
05/10/2023 16:35:25.292886,2426,True,True,True,True,Eyes,1.375554,-0.3547609,-2.933944,-0.2905713,0.0249053,0.9565291,0.0,0.0,0.0,0.0,0.0,0.0,0.0,-1.161336,-0.06641224,3.052176,1.371949,-0.3553686,-2.942849,-0.06796458,-0.03527663,-0.005166195,0.9970506,352.1898,355.9691,359.6815,0.4223738,-0.1087715,-0.8998715,0,0,0,0.6552864,-0.2869071,-0.9881397,-0.5763407,-0.2072,1.991,0.9974577,-0.005506793,0.07104738,0.01509704,0.9907083,-0.1351637,-0.0696429,0.1358927,0.9882727,moving,-12.905377712634392,-6.418555059202979,-16.144301467129015,-5.941287919137228,-0.7166626,0.06846149999999995,1.9547092999999998,-0.2220108430005644,-0.10900091965150274,0.9689323292180397,-13.096061796800521,-5.860001540378738,3.2677373184595724,3.273898442288045,3.049323295935679
05/10/2023 16:35:25.302880,2427,True,True,True,True,Eyes,1.375356,-0.3547758,-2.933963,-0.2925266,0.02499287,0.9559307,0.0,0.0,0.0,0.0,0.0,0.0,0.0,-1.161022,-0.06645343,3.052297,1.371971,-0.3553033,-2.942849,-0.06801194,-0.0353257,-0.005041254,0.9970462,352.1848,355.9624,359.6965,0.4223344,-0.1087774,-0.8998892,0,0,0,0.6506689,-0.2867954,-0.9885228,-0.580817,-0.2072001,1.991,0.9974534,-0.005247589,0.07112844,0.01485786,0.9906979,-0.1352659,-0.06975698,0.1359783,0.9882529,moving,-13.0180729564794,-6.414924903092078,-16.263086640860987,-5.941290766043414,-0.7213021000000001,0.06850790000000001,1.9543261999999997,-0.2239189371833899,-0.10889077375979139,0.968505584610405,-13.204487442546533,-5.855645666320603,3.273245319851466,3.279396759710784,3.059798055270372
05/10/2023 16:35:25.322941,2428,True,True,True,True,Eyes,1.375167,-0.3547901,-2.93398,-0.2944048,0.02508142,0.9553517,0.0,0.0,0.0,0.0,0.0,0.0,0.0,-1.160979,-0.06675518,3.052315,1.371975,-0.355281,-2.942858,-0.06806643,-0.03533193,-0.005020981,0.9970424,352.1786,355.9615,359.6991,0.4222938,-0.1087834,-0.8999076,0,0,0,0.6464369,-0.2865616,-0.9888468,-0.5850428,-0.2071999,1.991,0.9974529,-0.005202426,0.07113838,0.0148221,0.9906835,-0.1353754,-0.06977133,0.136085,0.9882372,moving,-13.130689388891916,-6.4152442474391,-16.37509275753865,-5.941285072231013,-0.7255381,0.06871939999999999,1.9540112,-0.225823235104031,-0.10884707765313129,0.9680683419876249,-13.313046664051297,-5.855101679854193,3.2727853718233733,3.2788398128377967,3.063258698798182
05/10/2023 16:35:25.336876,2429,True,True,True,True,Eyes,1.374999,-0.3548031,-2.933997,-0.2965548,0.02521895,0.9546828,0.0,0.0,0.0,0.0,0.0,0.0,0.0,-1.160839,-0.06712952,3.052388,1.372008,-0.3552824,-2.942871,-0.06812442,-0.03536005,-0.005028688,0.9970374,352.1719,355.9583,359.6987,0.4222522,-0.1087894,-0.8999264,0,0,0,0.6421853,-0.2863031,-0.9892074,-0.5892276,-0.2072,1.991,0.9974488,-0.005209814,0.07119573,0.01484535,0.9906676,-0.1354896,-0.06982543,0.1362008,0.9882175,moving,-13.257087722627052,-6.413879641312082,-16.485885492220067,-5.941287919137228,-0.7298226999999999,0.06897930000000002,1.9536635999999998,-0.22796026623926124,-0.10876839748612177,0.9675761190637194,-13.434799855553932,-5.852828385180304,3.2572871104898145,3.263200571953404,3.052367712353522
05/10/2023 16:35:25.352965,2430,True,True,True,True,Eyes,1.37484,-0.3548175,-2.934013,-0.2986183,0.02536104,0.9540356,0.0,0.0,0.0,0.0,0.0,0.0,0.0,-1.160703,-0.06790432,3.052429,1.372014,-0.3552941,-2.942874,-0.06823652,-0.03538435,-0.00507054,0.9970287,352.1589,355.9558,359.6945,0.4222103,-0.1087954,-0.8999453,0,0,0,0.6377837,-0.2857941,-0.9895729,-0.5935476,-0.2072001,1.991,0.9974445,-0.005281937,0.07125041,0.01493996,0.9906362,-0.1357087,-0.06986643,0.1364264,0.9881835,moving,-13.378774882236401,-6.419463516430554,-16.600124779328727,-5.941290766043414,-0.7342303000000001,0.0695,1.9533011000000002,-0.2300137092188959,-0.10880868649602979,0.9670854981988437,-13.552380953615106,-5.857296064802959,3.2509442708142133,3.256646179539549,3.048901037589113
05/10/2023 16:35:25.372954,2431,True,True,True,True,Eyes,1.3747,-0.3548307,-2.934029,-0.3007962,0.02558889,0.9533451,0.0,0.0,0.0,0.0,0.0,0.0,0.0,-1.160784,-0.06876695,3.052383,1.372054,-0.3553416,-2.942854,-0.06830626,-0.03538629,-0.005264355,0.9970229,352.1501,355.9571,359.6725,0.4221683,-0.1088014,-0.8999642,0,0,0,0.6334677,-0.2852834,-0.9898924,-0.5978828,-0.2072001,1.991,0.9974402,-0.005663155,0.07128105,0.01533157,0.9906131,-0.1358332,-0.0698427,0.1365784,0.9881641,moving,-13.509193839774891,-6.419979022266225,-16.714629656242554,-5.941290766043414,-0.7385863000000001,0.07005819999999996,1.9529616,-0.23221570625825327,-0.10875890125078833,0.9665647376588826,-13.678109060875693,-5.856806665661509,3.235452314527429,3.24098152110427,3.0376956544895104
05/10/2023 16:35:25.383229,2432,True,True,True,True,Eyes,1.374564,-0.3548408,-2.934044,-0.3028904,0.02580998,0.9526758,0.0,0.0,0.0,0.0,0.0,0.0,0.0,-1.160482,-0.0690116,3.052518,1.372035,-0.3553539,-2.942888,-0.06829543,-0.03543797,-0.005386931,0.9970211,352.1508,355.9521,359.6587,0.4221269,-0.1088074,-0.8999829,0,0,0,0.6289166,-0.2851528,-0.9903221,-0.6022082,-0.2072,1.991,0.9974303,-0.005901266,0.07140061,0.01558227,0.9906135,-0.1358022,-0.069929,0.1365658,0.9881598,moving,-13.629029367144833,-6.409474719517265,-16.828738882151434,-5.941287919137228,-0.7431183999999998,0.07020110000000002,1.9525659,-0.2342427407163394,-0.10852741618051585,0.9661014790094667,-13.793051974686751,-5.845763169848812,3.228204579266161,3.233781047083101,3.0371894866601763
05/10/2023 16:35:25.403297,2433,True,True,True,True,Eyes,1.374465,-0.354851,-2.934058,-0.3050809,0.02607125,0.9519695,0.0,0.0,0.0,0.0,0.0,0.0,0.0,-1.160051,-0.06928885,3.052634,1.371987,-0.3552905,-2.942875,-0.06832471,-0.03550118,-0.005399337,0.9970168,352.1474,355.9449,359.6579,0.422086,-0.1088132,-0.9000014,0,0,0,0.6240307,-0.2849339,-0.9907372,-0.6068105,-0.2072,1.991,0.9974211,-0.005915244,0.07152835,0.01561767,0.9906052,-0.1358584,-0.07005272,0.1366251,0.9881428,moving,-13.753969228557727,-6.397669125685099,-16.950002269763203,-5.941287919137228,-0.7479563,0.07035659999999999,1.9521378,-0.2363555206093732,-0.10827136046875266,0.9656155419893261,-13.912845523311185,-5.833425296555234,3.222801628797547,3.22845334582478,3.0390714779138173
05/10/2023 16:35:25.427131,2434,True,True,True,True,Eyes,1.374371,-0.3548636,-2.934071,-0.3071817,0.02631938,0.9512869,0.0,0.0,0.0,0.0,0.0,0.0,0.0,-1.159521,-0.0690935,3.052866,1.371984,-0.3553577,-2.942896,-0.06831372,-0.03558601,-0.005368888,0.9970146,352.1487,355.9349,359.662,0.4220465,-0.1088188,-0.9000192,0,0,0,0.6195925,-0.285068,-0.9911755,-0.6109281,-0.2072,1.991,0.9974096,-0.005843696,0.07169306,0.01556774,0.9906089,-0.1358374,-0.070226,0.1366016,0.9881338,moving,-13.87116831785385,-6.380626793673626,-17.058362172583088,-5.941287919137228,-0.7523915000000001,0.07028970000000001,1.9517205000000002,-0.23833910191348368,-0.10793028261885873,0.9651660993233091,-14.024900510838474,-5.816092513570164,3.211530220568307,3.2173317072230407,3.0360440614143753
05/10/2023 16:35:25.443123,2435,True,True,True,True,Eyes,1.37431,-0.3548723,-2.934084,-0.3093107,0.02656374,0.95059,0.0,0.0,0.0,0.0,0.0,0.0,0.0,-1.159624,-0.0688177,3.052856,1.372031,-0.3554282,-2.942889,-0.06827869,-0.03557735,-0.00537155,0.9970173,352.1528,355.9359,359.6615,0.4220084,-0.1088244,-0.9000364,0,0,0,0.6151392,-0.2852464,-0.9914773,-0.6154735,-0.2072,1.991,0.9974108,-0.005852706,0.07167599,0.0155694,0.9906183,-0.1357679,-0.07020894,0.1365323,0.9881446,moving,-14.000738142011075,-6.362249695864286,-17.177834281366124,-5.941287919137228,-0.7568918,0.07018180000000002,1.9514117,-0.24053082606395304,-0.10756081505528348,0.9646635072888954,-14.14880787960457,-5.797378065784464,3.1988969953651245,3.204863288218385,3.0324430725836486
05/10/2023 16:35:25.460957,2436,True,True,True,True,Eyes,1.374254,-0.3548791,-2.934095,-0.3113585,0.02681699,0.9499141,0.0,0.0,0.0,0.0,0.0,0.0,0.0,-1.159378,-0.0672245,3.053024,1.372048,-0.3553886,-2.942926,-0.06810445,-0.03561062,-0.005138164,0.9970294,352.1737,355.9302,359.688,0.4219724,-0.1088297,-0.9000526,0,0,0,0.6108781,-0.2861975,-0.9918175,-0.6196598,-0.2071999,1.991,0.997411,-0.005395318,0.07170953,0.01509628,0.9906708,-0.1354383,-0.0703098,0.1361702,0.9881873,moving,-14.121225327047355,-6.319700876386308,-17.28773168511486,-5.941285072231013,-0.7611699,0.0691911,1.9511085,-0.24257919573177206,-0.10678828140366933,0.9642363095251584,-14.262678792494002,-5.7554064913222005,3.182476381638026,3.1890376348541936,3.030758296201545
05/10/2023 16:35:25.476663,2437,True,True,True,True,Eyes,1.374221,-0.3548829,-2.934104,-0.3134408,0.0271004,0.949221,0.0,0.0,0.0,0.0,0.0,0.0,0.0,-1.158986,-0.06875253,3.053131,1.372113,-0.3553531,-2.942893,-0.06836455,-0.03568235,-0.005105189,0.997009,352.144,355.9216,359.6934,0.4219384,-0.1088347,-0.9000679,0,0,0,0.6062649,-0.2851585,-0.9922429,-0.6240771,-0.2072,1.991,0.9974014,-0.005301024,0.07184927,0.01505865,0.9906005,-0.1359558,-0.07045322,0.1366844,0.9881061,moving,-14.239715789405109,-6.331185574402692,-17.4035511160071,-5.941287919137228,-0.7658480999999999,0.0701946,1.9506501000000003,-0.24456911186231908,-0.10692644755840262,0.9637181942669844,-14.377491902115434,-5.765592688884237,3.181504460971118,3.1877694639726135,3.0311554199533064
05/10/2023 16:35:25.492804,2438,True,True,True,True,Eyes,1.374185,-0.3548875,-2.934111,-0.3154321,0.02736722,0.9485534,0.0,0.0,0.0,0.0,0.0,0.0,0.0,-1.159507,-0.06961277,3.052912,1.372125,-0.3553207,-2.942888,-0.06837268,-0.03561331,-0.005416928,0.9970094,352.1418,355.9321,359.6569,0.4219069,-0.1088394,-0.9000821,0,0,0,0.6021085,-0.2846295,-0.9924819,-0.6284874,-0.2072001,1.991,0.9974048,-0.005931501,0.07175434,0.01567141,0.9905916,-0.1359506,-0.07027286,0.1367222,0.9881137,moving,-14.366994784457898,-6.326626042141087,-17.51904077493114,-5.941290766043414,-0.7700165,0.07069120000000001,1.9504061,-0.2467129700255796,-0.10678988155640602,0.9631866686737437,-14.49992439205282,-5.760229607784617,3.1693066265608336,3.1755121163465434,3.0245407711575445
05/10/2023 16:35:25.503072,2439,True,True,True,True,Eyes,1.374175,-0.3548897,-2.934117,-0.3174479,0.02764104,0.9478728,0.0,0.0,0.0,0.0,0.0,0.0,0.0,-1.159923,-0.06914753,3.052671,1.372023,-0.3553454,-2.942837,-0.06830464,-0.03552934,-0.005413101,0.9970171,352.1496,355.9418,359.6564,0.4218776,-0.1088437,-0.9000953,0,0,0,0.5980236,-0.2848973,-0.9926007,-0.6328082,-0.2072,1.991,0.9974167,-0.005940272,0.07158618,0.01564754,0.9906104,-0.1358171,-0.07010724,0.1365864,0.9881443,moving,-14.498612325579732,-6.302576490413312,-17.632044417909178,-5.941287919137228,-0.7739994,0.07044809999999996,1.9502362999999998,-0.2489374480439671,-0.10632311903387903,0.962665872775594,-14.625504451766274,-5.736025713673795,3.147728149710878,3.154191831353129,3.013538641034206
05/10/2023 16:35:25.523037,2440,True,True,True,True,Eyes,1.374165,-0.3548934,-2.934122,-0.3193873,0.0279038,0.9472134,0.0,0.0,0.0,0.0,0.0,0.0,0.0,-1.159108,-0.069381,3.052973,1.371996,-0.3553323,-2.942848,-0.06838427,-0.03565271,-0.005303093,0.9970078,352.1409,355.9266,359.6704,0.4218509,-0.1088477,-0.9001073,0,0,0,0.5933723,-0.2847089,-0.9931016,-0.6369774,-0.2072001,1.991,0.9974015,-0.00569828,0.07181734,0.01545062,0.9905909,-0.1359811,-0.07036676,0.1367374,0.9881049,moving,-14.602583516896624,-6.292045791887164,-17.74094907349574,-5.941290766043414,-0.7786237,0.0706234,1.9497464,-0.25069003472297896,-0.10609663204155217,0.9622359927561022,-14.725155557251242,-5.725076789394207,3.151304162085488,3.1579055487779137,3.02353419301334
05/10/2023 16:35:25.542723,2441,True,True,True,True,Eyes,1.374185,-0.354894,-2.934123,-0.3213499,0.02815806,0.9465418,0.0,0.0,0.0,0.0,0.0,0.0,0.0,-1.158597,-0.06928915,3.053141,1.372011,-0.3553761,-2.942807,-0.06843875,-0.03573218,-0.0051517,0.997002,352.1353,355.9162,359.6887,0.4218265,-0.1088514,-0.9001183,0,0,0,0.5887941,-0.2847341,-0.9934868,-0.6412918,-0.2072001,1.991,0.9973934,-0.005381578,0.07195526,0.01516344,0.9905792,-0.136099,-0.07054495,0.1368353,0.9880787,moving,-14.713195715710263,-6.277739002111126,-17.853507245536864,-5.941290766043414,-0.7832169000000001,0.07064199999999998,1.9493202000000003,-0.2525551351596763,-0.1058033300258849,0.9617804181725293,-14.83100708082201,-5.710433663045388,3.1514869267396537,3.158283381825475,3.031303720795058
05/10/2023 16:35:25.552628,2442,True,True,True,True,Eyes,1.374203,-0.3548953,-2.934123,-0.3232337,0.02839806,0.945893,0.0,0.0,0.0,0.0,0.0,0.0,0.0,-1.158552,-0.06941622,3.053121,1.372013,-0.3553497,-2.942773,-0.06847595,-0.0357377,-0.005104342,0.9969994,352.1312,355.9152,359.6944,0.4218051,-0.1088547,-0.9001279,0,0,0,0.5844647,-0.2846051,-0.9937736,-0.6456192,-0.2071999,1.991,0.9973935,-0.005283707,0.07195998,0.0150724,0.99057,-0.1361761,-0.07056188,0.1369058,0.9880677,moving,-14.827174156120659,-6.265899988508804,-17.966261665366734,-5.941285072231013,-0.7875483,0.07074459999999999,1.9489994,-0.2544748046176239,-0.1055496871145602,0.9613021790474077,-14.940233989515683,-5.698146483293684,3.148891265159817,3.1558271870580556,3.035779944008944
05/10/2023 16:35:25.572826,2443,True,True,True,True,Eyes,1.374237,-0.3548941,-2.934123,-0.3251565,0.02863126,0.9452267,0.0,0.0,0.0,0.0,0.0,0.0,0.0,-1.158395,-0.06903201,3.053146,1.371992,-0.3553677,-2.942736,-0.06846561,-0.03575519,-0.004985367,0.9970002,352.1328,355.9123,359.7082,0.4217863,-0.1088578,-0.9001365,0,0,0,0.5801055,-0.2848143,-0.9940593,-0.6499155,-0.2072,1.991,0.9973934,-0.005044821,0.07197852,0.01483682,0.9905752,-0.1361639,-0.07061321,0.136877,0.988068,moving,-14.942367485607186,-6.246517877607247,-18.07806357026182,-5.941287919137228,-0.7918865,0.07055339999999999,1.9486767,-0.25641739562552396,-0.10516864301796248,0.9608276061191785,-15.050231645953708,-5.6785709772352355,3.1432997831701055,3.150516666019401,3.0392081786909046
05/10/2023 16:35:25.592833,2444,True,True,True,True,Eyes,1.37427,-0.3548928,-2.934124,-0.3270025,0.02886288,0.9445826,0.0,0.0,0.0,0.0,0.0,0.0,0.0,-1.158048,-0.06964463,3.053305,1.372016,-0.3553394,-2.942771,-0.06857166,-0.0358136,-0.004958125,0.9969909,352.1208,355.9053,359.7122,0.4217702,-0.1088604,-0.9001437,0,0,0,0.5796629,-0.2844086,-0.9942162,-0.65016,-0.2072001,1.991,0.9973856,-0.004974816,0.07209162,0.01479801,0.9905467,-0.1363755,-0.07073168,0.1370858,0.9880307,moving,-15.048209365303352,-6.243517996601984,-18.084421880927106,-5.941290766043414,-0.7923530999999999,0.07093080000000002,1.9485548000000001,-0.25819467364537024,-0.10506686793225128,0.9603626673475874,-15.152085301939858,-5.674875180992689,3.0444127809491426,3.0512174191495154,2.9444142161768885
05/10/2023 16:35:25.608133,2445,True,True,True,True,Eyes,1.37429,-0.3548912,-2.934125,-0.3289038,0.0290705,0.9439158,0.0,0.0,0.0,0.0,0.0,0.0,0.0,-1.157947,-0.07028347,3.053338,1.372027,-0.355337,-2.942776,-0.06867232,-0.03583165,-0.00496817,0.9969833,352.1092,355.9032,359.7116,0.4217565,-0.1088626,-0.9001498,0,0,0,0.5796037,-0.2839943,-0.9942648,-0.65016,-0.2072001,1.991,0.9973829,-0.004985079,0.07212945,0.01482765,0.9905189,-0.1365743,-0.07076475,0.1372864,0.9880005,static,-15.162024074080724,-6.24264860451334,-18.084421880927106,-5.941290766043414,-0.7924233,0.07134270000000004,1.9485112,-0.2601037891420109,-0.10499658601880074,0.9598549770213701,-15.261736382474544,-5.673174989635119,2.931602006192024,2.937894737438326,2.8353905361931036
05/10/2023 16:35:25.623366,2446,True,True,True,True,Eyes,1.374309,-0.3548889,-2.934128,-0.3307312,0.02928309,0.9432706,0.0,0.0,0.0,0.0,0.0,0.0,0.0,-1.157685,-0.07106042,3.053401,1.371985,-0.355316,-2.942778,-0.06877007,-0.03586999,-0.005031873,0.9969747,352.0977,355.8993,359.705,0.4217447,-0.1088646,-0.9001551,0,0,0,0.5794059,-0.2834975,-0.9943481,-0.65016,-0.2072001,1.991,0.9973761,-0.005099738,0.07221502,0.01496686,0.9904907,-0.1367631,-0.07083085,0.137485,0.987968,static,-15.268856802765558,-6.243007715178586,-18.084421880927106,-5.941290766043414,-0.7925791,0.07181850000000001,1.9484299000000003,-0.26189438878089893,-0.104949967394673,0.959373172601092,-15.3647232485278,-5.672713142523949,2.8258900082808442,2.8316849801413784,2.7329278422472147
05/10/2023 16:35:25.643051,2447,True,True,True,True,Eyes,1.37432,-0.3548867,-2.934127,-0.3326036,0.02945162,0.9426067,0.0,0.0,0.0,0.0,0.0,0.0,0.0,-1.157448,-0.07218623,3.053486,1.371991,-0.3552986,-2.942801,-0.06892435,-0.03591146,-0.005098403,0.9969624,352.0797,355.895,359.6983,0.4217345,-0.1088663,-0.9001597,0,0,0,0.5792445,-0.2827763,-0.9944651,-0.65016,-0.2072001,1.991,0.9973688,-0.005215485,0.07230755,0.01511618,0.9904469,-0.1370638,-0.07090193,0.1377961,0.9879196,static,-15.378357375904818,-6.252502150717754,-18.084421880927106,-5.941290766043414,-0.7927464999999999,0.07252230000000004,1.9483358999999998,-0.26372446575208486,-0.10505464672431064,0.9588601936173394,-15.470766107452425,-5.681046750519601,2.718780284968701,2.7239011786943452,2.6265801814971295
05/10/2023 16:35:25.660163,2448,True,True,True,True,Eyes,1.37433,-0.3548861,-2.934126,-0.3343996,0.02960283,0.9419664,0.0,0.0,0.0,0.0,0.0,0.0,0.0,-1.157504,-0.07274306,3.053347,1.37198,-0.355293,-2.942698,-0.06897759,-0.03590563,-0.005195253,0.9969584,352.0732,355.8964,359.6873,0.4217257,-0.1088677,-0.9001637,0,0,0,0.5792446,-0.2824196,-0.9943709,-0.65016,-0.2072,1.991,0.9973676,-0.005405533,0.07230955,0.01531227,0.9904302,-0.1371625,-0.07087612,0.1379086,0.9879058,static,-15.488348838111913,-6.252724039341092,-18.084421880927106,-5.941287919137228,-0.7927354,0.07287340000000003,1.9483271000000002,-0.2655661862455869,-0.10500332222953185,0.9583574603439284,-15.576790152570473,-5.680428581553951,2.610060140379463,2.614686922099733,2.521163318602201
05/10/2023 16:35:25.672883,2449,True,True,True,True,Eyes,1.374334,-0.354885,-2.934128,-0.3362459,0.02970164,0.9413058,0.0,0.0,0.0,0.0,0.0,0.0,0.0,-1.157529,-0.07186696,3.053367,1.371969,-0.3553276,-2.942709,-0.06884158,-0.03590013,-0.005186784,0.996968,352.0888,355.897,359.6877,0.4217179,-0.1088689,-0.9001672,0,0,0,0.5792533,-0.2830047,-0.9943525,-0.65016,-0.2072,1.991,0.9973686,-0.005399269,0.07229671,0.01528496,0.9904679,-0.1368933,-0.07086843,0.1376381,0.987944,static,-15.60137215232496,-6.230794269701824,-18.084421880927106,-5.941287919137228,-0.7927157,0.07232290000000002,1.9483564999999998,-0.2674681625339948,-0.10457942407752191,0.9578747454074782,-15.684561135951073,-5.658410990045441,2.4953395812840706,2.4998699729642793,2.4164749020607106
05/10/2023 16:35:25.692949,2450,True,True,True,True,Eyes,1.374336,-0.3548871,-2.934129,-0.3380149,0.02979039,0.9406692,0.0,0.0,0.0,0.0,0.0,0.0,0.0,-1.15768,-0.07141429,3.053365,1.371967,-0.3553019,-2.942758,-0.06877397,-0.03587364,-0.005157932,0.9969739,352.0967,355.8999,359.6905,0.4217111,-0.10887,-0.9001703,0,0,0,0.5793579,-0.2832864,-0.9943471,-0.65016,-0.2072,1.991,0.997373,-0.005350301,0.07223962,0.01521899,0.990487,-0.1367616,-0.07082068,0.1375018,0.9879665,static,-15.712431556482063,-6.216528401335561,-18.084421880927106,-5.941287919137228,-0.7926091,0.07201550000000001,1.9484108999999998,-0.2693327370792506,-0.1042846657688927,0.9573842849190034,-15.790845857240086,-5.643803969146783,2.3835990625878347,2.387906074849192,2.312787858177632
05/10/2023 16:35:25.708155,2451,True,True,True,True,Eyes,1.374297,-0.3548901,-2.934134,-0.3398945,0.02983322,0.9399902,0.0,0.0,0.0,0.0,0.0,0.0,0.0,-1.157731,-0.07079002,3.053344,1.371918,-0.3553853,-2.942754,-0.06875701,-0.03584976,-0.004986058,0.9969766,352.0993,355.9012,359.7101,0.4217049,-0.108871,-0.9001731,0,0,0,0.5794235,-0.2836829,-0.9942853,-0.65016,-0.2072001,1.991,0.9973799,-0.005012122,0.0721684,0.01487181,0.9904952,-0.1367408,-0.07079709,0.1374558,0.9879745,static,-15.830732572463697,-6.205499208422839,-18.084421880927106,-5.941290766043414,-0.7924945,0.0717024,1.9484686999999998,-0.2713158691556783,-0.1040401700309811,0.956850672992438,-15.90428192665379,-5.63226556270235,2.2651270397374175,2.269123531257574,2.201932514070049
05/10/2023 16:35:25.722841,2452,True,True,True,True,Eyes,1.374259,-0.3548909,-2.934139,-0.3417009,0.02987672,0.9393337,0.0,0.0,0.0,0.0,0.0,0.0,0.0,-1.15759,-0.07005063,3.0534,1.371865,-0.3553409,-2.94277,-0.06872272,-0.0358537,-0.004757409,0.99698,352.1042,355.899,359.7363,0.4216984,-0.1088721,-0.900176,0,0,0,0.579383,-0.2841043,-0.9942788,-0.65016,-0.2072001,1.991,0.9973838,-0.004558155,0.07214471,0.01441401,0.9905091,-0.1366892,-0.07083695,0.1373715,0.9879833,static,-15.941560163175911,-6.190256814156214,-18.084421880927106,-5.941290766043414,-0.7924819999999999,0.07123660000000004,1.9484911999999999,-0.27317514020464306,-0.10372889452930432,0.9563553641969917,-16.010291412461456,-5.616717942656427,2.1534746653844827,2.157276160929914,2.099372458116696
05/10/2023 16:35:25.742659,2453,True,True,True,True,Eyes,1.374209,-0.3548948,-2.934144,-0.3436631,0.02997414,0.9386145,0.0,0.0,0.0,0.0,0.0,0.0,0.0,-1.157275,-0.0702804,3.053528,1.371876,-0.3552921,-2.942784,-0.06880342,-0.03590075,-0.004633047,0.9969733,352.0955,355.8925,359.7514,0.4216914,-0.1088731,-0.9001792,0,0,0,0.5792276,-0.2839189,-0.9943659,-0.65016,-0.2072,1.991,0.9973794,-0.004297859,0.0722217,0.01417824,0.9904892,-0.1368577,-0.07094663,0.137523,0.9879545,static,-16.056935899786794,-6.188484999611867,-18.084421880927106,-5.941287919137228,-0.7926484000000001,0.07137320000000003,1.9484181,-0.2751029501160805,-0.10364008162603464,0.9558122489791487,-16.121399170187328,-5.614135096188124,2.0391585566644674,2.0424998899181563,1.9900972670811132
05/10/2023 16:35:25.757776,2454,True,True,True,True,Eyes,1.374163,-0.3548983,-2.93415,-0.3455397,0.03006416,0.9379224,0.0,0.0,0.0,0.0,0.0,0.0,0.0,-1.157521,-0.06971985,3.05347,1.371959,-0.3553411,-2.942763,-0.06877355,-0.03586861,-0.004504415,0.9969771,352.0994,355.8952,359.7658,0.4216839,-0.1088742,-0.9001827,0,0,0,0.5794521,-0.2842692,-0.9942762,-0.65016,-0.2072001,1.991,0.9973863,-0.004047974,0.07213993,0.01391522,0.9904999,-0.1368082,-0.0709008,0.1374544,0.9879673,static,-16.175967695374208,-6.174499271608062,-18.084421880927106,-5.941290766043414,-0.7925068999999999,0.07107190000000002,1.9484867999999997,-0.27709660221969423,-0.1033451694831179,0.9552681379576949,-16.23538272618365,-5.599738086218634,1.919553448742808,1.9226501463922323,1.880320193177183
05/10/2023 16:35:25.772706,2455,True,True,True,True,Eyes,1.374103,-0.3549005,-2.934155,-0.3475009,0.03018152,0.9371938,0.0,0.0,0.0,0.0,0.0,0.0,0.0,-1.15802,-0.06943923,3.053311,1.371983,-0.3553329,-2.942777,-0.0687234,-0.03579138,-0.00451348,0.9969834,352.1052,355.9043,359.764,0.4216758,-0.1088753,-0.9001863,0,0,0,0.5797751,-0.2844401,-0.9941622,-0.6501601,-0.2072,1.991,0.9973972,-0.004080318,0.07198718,0.01391914,0.9905134,-0.1367091,-0.07074646,0.1373553,0.9879922,static,-16.30489607247912,-6.1616925619710115,-18.084424481368902,-5.941287919137228,-0.7922079,0.07089280000000003,1.9486148,-0.279253647250335,-0.10306459777660536,0.9546701564369197,-16.358967383954386,-5.586403949627731,1.7903313239110428,1.79312564106046,1.761574530592715
05/10/2023 16:35:25.792867,2456,True,True,True,True,Eyes,1.374046,-0.354904,-2.934159,-0.3493834,0.03030198,0.9364898,0.0,0.0,0.0,0.0,0.0,0.0,0.0,-1.157964,-0.0698337,3.053275,1.371946,-0.3552861,-2.94275,-0.06877667,-0.03579504,-0.004525451,0.9969795,352.099,355.9039,359.7628,0.421667,-0.1088764,-0.9001903,0,0,0,0.5797234,-0.2841653,-0.9941495,-0.6501601,-0.2072,1.991,0.9973965,-0.004099837,0.07199633,0.01394729,0.9904986,-0.1368139,-0.07075135,0.1374618,0.987977,static,-16.420050247724927,-6.160446164706349,-18.084424481368902,-5.941287919137228,-0.7922226000000001,0.07112079999999998,1.9486005000000002,-0.28117417980265,-0.10298367371939901,0.9541150660434431,-16.469889471180696,-5.58432981046252,1.6763946071638687,1.678741173087414,1.6535242334093732
05/10/2023 16:35:25.807034,2457,True,True,True,True,Eyes,1.373959,-0.3549085,-2.934167,-0.3512753,0.03042018,0.935778,0.0,0.0,0.0,0.0,0.0,0.0,0.0,-1.157895,-0.07045022,3.053283,1.371946,-0.3553213,-2.942742,-0.06886273,-0.03580829,-0.004577353,0.9969729,352.0889,355.9028,359.7573,0.4216576,-0.1088776,-0.9001946,0,0,0,0.5796663,-0.2837859,-0.9941793,-0.65016,-0.2072,1.991,0.9973937,-0.004195279,0.07203021,0.0140587,0.990474,-0.1369807,-0.07076937,0.1376364,0.9879514,static,-16.534730501806585,-6.1645425624567745,-18.084421880927106,-5.941287919137228,-0.7922797000000001,0.07153540000000003,1.9485627,-0.2830830990406582,-0.10299161087112527,0.9535496191352758,-16.58063823799112,-5.587415086103936,1.5638662784280488,1.5656902651176574,1.544859613919929
05/10/2023 16:35:25.827922,2458,True,True,True,True,Eyes,1.373876,-0.3549144,-2.934174,-0.3530906,0.03054214,0.9350905,0.0,0.0,0.0,0.0,0.0,0.0,0.0,-1.157377,-0.07102954,3.053512,1.371974,-0.3552941,-2.94278,-0.06892334,-0.03589976,-0.004643604,0.9969651,352.0817,355.8927,359.7507,0.4216468,-0.108879,-0.9001995,0,0,0,0.5793295,-0.2834306,-0.9943781,-0.65016,-0.2072,1.991,0.9973793,-0.00431036,0.07222172,0.01420768,0.990456,-0.1370949,-0.0709415,0.1377617,0.9879215,static,-16.63564962548128,-6.165979495172407,-18.084421880927106,-5.941287919137228,-0.7926445,0.07186350000000002,1.9484019,-0.28476306692784853,-0.10296208560629777,0.9530523815383061,-16.677982619584053,-5.58803809119975,1.4646723805020567,1.4660925456773746,1.450123041946803
05/10/2023 16:35:25.842710,2459,True,True,True,True,Eyes,1.373779,-0.3549203,-2.934183,-0.354892,0.03066247,0.9344044,0.0,0.0,0.0,0.0,0.0,0.0,0.0,-1.157397,-0.07169205,3.053477,1.371993,-0.3553364,-2.942754,-0.06901515,-0.03590211,-0.004704239,0.9969584,352.0709,355.8929,359.744,0.4216349,-0.1088804,-0.9002049,0,0,0,0.5793329,-0.2830221,-0.9943746,-0.6501599,-0.2072001,1.991,0.9973779,-0.004424282,0.07223514,0.01433544,0.9904296,-0.1372727,-0.07093648,0.1379482,0.9878959,static,-16.746172834119317,-6.170997432363218,-18.084419280485232,-5.941290766043414,-0.7926601,0.0723143,1.9483793999999999,-0.2866002437553997,-0.10298668402670891,0.9524988948352586,-16.784773622611716,-5.5920441137227614,1.3568659921849364,1.3578176253690173,1.3457533429966526
05/10/2023 16:35:25.852977,2460,True,True,True,True,Eyes,1.373687,-0.3549296,-2.934192,-0.3566161,0.0307672,0.9337443,0.0,0.0,0.0,0.0,0.0,0.0,0.0,-1.157323,-0.07144722,3.053521,1.371961,-0.3553148,-2.942783,-0.06891593,-0.03591512,-0.004833618,0.9969642,352.0817,355.8925,359.7288,0.4216216,-0.108882,-0.9002109,0,0,0,0.5792322,-0.283208,-0.9944236,-0.65016,-0.2072001,1.991,0.9973735,-0.00468764,0.0722784,0.01458813,0.9904544,-0.1370662,-0.07094595,0.1377606,0.9879214,static,-16.85000820969548,-6.1579303927737445,-18.084421880927106,-5.941290766043414,-0.7927288,0.07210679999999997,1.9483594,-0.2883341376164127,-0.10271362720128291,0.9520049459061101,-16.884159263263403,-5.578648633060783,1.252491426417483,1.25327963343916,1.253849938379836
05/10/2023 16:35:25.878806,2461,True,True,True,True,Eyes,1.37358,-0.3549378,-2.934201,-0.3583309,0.03087243,0.9330841,0.0,0.0,0.0,0.0,0.0,0.0,0.0,-1.157682,-0.07048011,3.05342,1.371985,-0.3554021,-2.942773,-0.06877454,-0.03586114,-0.004826297,0.9969758,352.098,355.8987,359.7287,0.4216073,-0.1088839,-0.9002173,0,0,0,0.5794666,-0.2838615,-0.9943079,-0.65016,-0.2072001,1.991,0.9973814,-0.004690734,0.07216923,0.01455607,0.9904936,-0.136787,-0.07084154,0.1374792,0.9879681,static,-16.961380021421622,-6.134893703136708,-18.084421880927106,-5.941290766043414,-0.7925184,0.07154060000000001,1.9484651,-0.290197417360236,-0.10227067643807736,0.9514863352671291,-16.99027976467001,-5.555575353956357,1.1388620345790095,1.139607439188024,1.1601393664939765
05/10/2023 16:35:25.894514,2462,True,True,True,True,Eyes,1.373478,-0.3549457,-2.934212,-0.3599758,0.03097283,0.9324474,0.0,0.0,0.0,0.0,0.0,0.0,0.0,-1.157828,-0.07022685,3.053389,1.372047,-0.3553491,-2.94277,-0.06869575,-0.03585088,-0.004893739,0.9969813,352.1068,355.9004,359.7205,0.4215915,-0.1088859,-0.9002244,0,0,0,0.5795583,-0.2840225,-0.994285,-0.65016,-0.2072001,1.991,0.9973816,-0.004832326,0.07215765,0.01468354,0.9905139,-0.1366258,-0.07081294,0.1373276,0.9879912,static,-17.063426584981627,-6.122108582630176,-18.084421880927106,-5.941290766043414,-0.7924887,0.07132659999999996,1.9484849999999998,-0.2918996554277457,-0.10200312728539293,0.9509942164575829,-17.08795626449197,-5.542465462607707,1.0362906001602774,1.036883058564465,1.0733151202689901
05/10/2023 16:35:25.903123,2463,True,True,True,True,Eyes,1.373357,-0.3549554,-2.934223,-0.3614291,0.03104803,0.9318826,0.0,0.0,0.0,0.0,0.0,0.0,0.0,-1.157881,-0.07020104,3.053415,1.372056,-0.3553493,-2.942813,-0.06865983,-0.03584678,-0.004967166,0.9969836,352.1106,355.9015,359.7118,0.4215746,-0.1088881,-0.9002321,0,0,0,0.5795736,-0.2840587,-0.9943238,-0.65016,-0.2072001,1.991,0.9973807,-0.004981896,0.0721594,0.01482683,0.9905223,-0.1365494,-0.07079522,0.1372616,0.9880016,static,-17.153145553077103,-6.115997864947444,-18.084421880927106,-5.941290766043414,-0.7924823999999999,0.07129059999999998,1.9484892,-0.29339300285620373,-0.10185301427073423,0.9505507161826958,-17.17410524984513,-5.535889690850116,0.9471265444819388,0.9475221207028625,0.9965071001213791
05/10/2023 16:35:25.923045,2464,True,True,True,True,Eyes,1.373241,-0.3549656,-2.934236,-0.3628219,0.03112043,0.9313387,0.0,0.0,0.0,0.0,0.0,0.0,0.0,-1.158169,-0.07030526,3.053291,1.372063,-0.3553654,-2.942795,-0.06866098,-0.03580325,-0.005015356,0.9969848,352.1103,355.9069,359.7059,0.4215562,-0.1088904,-0.9002405,0,0,0,0.5797448,-0.2839974,-0.9942419,-0.6501601,-0.2072001,1.991,0.997386,-0.005083897,0.07207929,0.01491704,0.990521,-0.1365488,-0.07070186,0.137267,0.9880076,static,-17.243921615057417,-6.11336830211467,-18.084424481368902,-5.941290766043414,-0.7923182000000001,0.07136799999999999,1.9485530999999998,-0.2949014291548799,-0.10175994026003651,0.9500937048740867,-17.261457774824063,-5.532665255145002,0.857766976910928,0.857936913005949,0.918830239074797
05/10/2023 16:35:25.943036,2465,True,True,True,True,Eyes,1.373115,-0.3549755,-2.934249,-0.3640586,0.03115553,0.9308548,0.0,0.0,0.0,0.0,0.0,0.0,0.0,-1.158305,-0.07031253,3.05329,1.372075,-0.355386,-2.94284,-0.0686568,-0.03578324,-0.00503489,0.9969858,352.1107,355.9094,359.7035,0.4215365,-0.108893,-0.9002494,0,0,0,0.5798317,-0.2840047,-0.9942564,-0.65016,-0.2072,1.991,0.9973884,-0.005125902,0.07204212,0.01495295,0.9905218,-0.1365394,-0.0706594,0.1372601,0.9880116,static,-17.32251530673836,-6.1112503300490575,-18.084421880927106,-5.941287919137228,-0.7922433,0.07138129999999998,1.9485835999999999,-0.2962067913301248,-0.10168182637597271,0.9496959160285671,-17.337095796049244,-5.530026690148032,0.7806356845602076,0.7806336201541623,0.8530135260408108
05/10/2023 16:35:25.960657,2466,True,True,True,True,Eyes,1.372993,-0.3549856,-2.934261,-0.3652403,0.03118546,0.9303907,0.0,0.0,0.0,0.0,0.0,0.0,0.0,-1.158602,-0.07024503,3.053144,1.372008,-0.3553647,-2.942837,-0.06864374,-0.03572369,-0.005034963,0.9969888,352.1122,355.9162,359.703,0.4215155,-0.1088958,-0.9002589,0,0,0,0.5799968,-0.2840303,-0.9941579,-0.6501601,-0.2072,1.991,0.9973969,-0.005135188,0.07192346,0.01494402,0.9905254,-0.1365144,-0.07054099,0.1372338,0.9880237,static,-17.402343407237716,-6.107743024561186,-18.084424481368902,-5.941287919137228,-0.7920111999999999,0.07133439999999996,1.9486790999999999,-0.2975327774550862,-0.10157982389601251,0.9492921836943082,-17.413849859152393,-5.526038069574652,0.7022321421202106,0.7020982080946044,0.7887349120728439
05/10/2023 16:35:25.976574,2467,True,True,True,True,Eyes,1.372865,-0.3549989,-2.934273,-0.3662969,0.03117321,0.9299757,0.0,0.0,0.0,0.0,0.0,0.0,0.0,-1.158997,-0.06990141,3.052987,1.372011,-0.3553809,-2.942819,-0.0686081,-0.03565822,-0.004995176,0.9969938,352.1165,355.9235,359.7069,0.4214934,-0.1088987,-0.9002689,0,0,0,0.58026,-0.2842399,-0.994027,-0.65016,-0.2072,1.991,0.9974071,-0.005067433,0.07178745,0.0148532,0.990536,-0.1364475,-0.07041661,0.1371599,0.9880429,static,-17.475261635971783,-6.102655259721216,-18.084421880927106,-5.941287919137228,-0.7917510000000001,0.07114100000000001,1.948792,-0.2987445002923554,-0.10145529946952717,0.9489249371348735,-17.483860181304426,-5.520576582613682,0.6303821591499555,0.6301711058444188,0.7332614702363073
05/10/2023 16:35:25.992691,2468,True,True,True,True,Eyes,1.372742,-0.3550126,-2.934285,-0.3673102,0.0311608,0.9295764,0.0,0.0,0.0,0.0,0.0,0.0,0.0,-1.15922,-0.06973884,3.052917,1.372036,-0.3554505,-2.942809,-0.06863236,-0.03562146,-0.004902839,0.9969938,352.1141,355.927,359.7173,0.4214701,-0.1089019,-0.9002794,0,0,0,0.5804401,-0.2843436,-0.9939532,-0.6501601,-0.2072001,1.991,0.9974142,-0.004886631,0.07170173,0.01466577,0.9905311,-0.1365028,-0.07035577,0.1372014,0.9880414,static,-17.54256977086814,-6.102221816516662,-18.084424481368902,-5.941290766043414,-0.7915959,0.07110690000000003,1.9488558,-0.2998604169575533,-0.10141091429685037,0.9485776819645079,-17.548710296863668,-5.519648994417895,0.5655149604799605,0.5652480254704894,0.6817414987072556
05/10/2023 16:35:26.010446,2469,True,True,True,True,Eyes,1.372598,-0.355025,-2.934299,-0.3682105,0.03113829,0.9292209,0.0,0.0,0.0,0.0,0.0,0.0,0.0,-1.159217,-0.06964892,3.052958,1.372037,-0.3554705,-2.942846,-0.06866632,-0.03561655,-0.004792461,0.9969923,352.1106,355.9267,359.7302,0.4214458,-0.1089053,-0.9002903,0,0,0,0.5804749,-0.2843877,-0.9939756,-0.65016,-0.2072,1.991,0.997417,-0.004664777,0.07167701,0.01444741,0.9905239,-0.1365782,-0.0703607,0.137261,0.9880328,static,-17.599342340546727,-6.102724705134912,-18.084421880927106,-5.941287919137228,-0.7915620999999999,0.0710828,1.9488704,-0.30080089640302154,-0.10138775765838996,0.9482823365070796,-17.603455670991462,-5.519704693368494,0.5115007712498817,0.5112377102375196,0.6395786983236929
05/10/2023 16:35:26.024905,2470,True,True,True,True,Eyes,1.37246,-0.3550398,-2.934311,-0.36907,0.03111476,0.9288807,0.0,0.0,0.0,0.0,0.0,0.0,0.0,-1.159624,-0.06995493,3.052789,1.372047,-0.3554104,-2.942841,-0.06871553,-0.03555047,-0.004776531,0.9969913,352.105,355.9342,359.7317,0.4214202,-0.1089089,-0.9003019,0,0,0,0.5807455,-0.2841503,-0.9938711,-0.6501601,-0.2072,1.991,0.9974267,-0.004638581,0.07154346,0.01441006,0.9905107,-0.136678,-0.07023058,0.1373572,0.9880288,static,-17.66040619035158,-6.108915448571924,-18.084424481368902,-5.941287919137228,-0.7913015,0.07126009999999999,1.9489699,-0.3018092668564546,-0.10145631482352703,0.9479546036832919,-17.66263884082788,-5.525216734138962,0.4561011333014023,0.4559501066362753,0.5924680223880948
05/10/2023 16:35:26.043751,2471,True,True,True,True,Eyes,1.372342,-0.3550542,-2.934322,-0.3698387,0.03106553,0.9285765,0.0,0.0,0.0,0.0,0.0,0.0,0.0,-1.160018,-0.06971636,3.052632,1.372046,-0.3554831,-2.94282,-0.06867737,-0.03548761,-0.004806463,0.9969961,352.1093,355.9417,359.7276,0.4213934,-0.1089128,-0.9003139,0,0,0,0.580985,-0.284326,-0.9937481,-0.65016,-0.2072001,1.991,0.9974351,-0.004709658,0.07142219,0.01445844,0.9905207,-0.136601,-0.07010181,0.1372833,0.9880481,static,-17.715118272661062,-6.108610349953291,-18.084421880927106,-5.941290766043414,-0.7910610000000001,0.07115709999999997,1.9490719000000003,-0.3027154267319177,-0.10142068469904346,0.9476693846789667,-17.715355403568772,-5.524508312112657,0.40539878190921264,0.40543926578230444,0.5567025045877141
05/10/2023 16:35:26.052847,2472,True,True,True,True,Eyes,1.372229,-0.3550633,-2.934334,-0.3705795,0.0310375,0.9282821,0.0,0.0,0.0,0.0,0.0,0.0,0.0,-1.159683,-0.06828538,3.052816,1.37208,-0.3555044,-2.942826,-0.06854091,-0.03553808,-0.004571359,0.9970047,352.1259,355.934,359.7545,0.4213662,-0.1089168,-0.9003262,0,0,0,0.58085,-0.2852306,-0.9937911,-0.65016,-0.2072001,1.991,0.9974323,-0.004243708,0.07148991,0.01398696,0.9905624,-0.1363463,-0.07023661,0.1369961,0.9880784,static,-17.75554494027825,-6.084959080650442,-18.084421880927106,-5.941290766043414,-0.79123,0.0702738,1.9490349,-0.3033968715490098,-0.10100651927864845,0.9474957365626483,-17.753064755615082,-5.501378793785369,0.3588997700176076,0.3588880420306259,0.5507450297833034
05/10/2023 16:35:26.072845,2473,True,True,True,True,Eyes,1.372095,-0.3550759,-2.934344,-0.3712513,0.03101889,0.9280142,0.0,0.0,0.0,0.0,0.0,0.0,0.0,-1.159533,-0.06999537,3.052849,1.372112,-0.355392,-2.94284,-0.06874236,-0.0355732,-0.004719721,0.9969889,352.1022,355.9311,359.7385,0.4213387,-0.1089208,-0.9003385,0,0,0,0.5807292,-0.2841094,-0.993904,-0.65016,-0.2072001,1.991,0.9974245,-0.004520247,0.07158104,0.01430179,0.9905044,-0.1367349,-0.07028326,0.1374065,0.9880181,static,-17.79333814251915,-6.114673841596226,-18.084421880927106,-5.941290766043414,-0.7913828,0.07128259999999997,1.9489359999999998,-0.3040071379484196,-0.10147717021903022,0.9472497551812352,-17.79106718456301,-5.529767736512709,0.3381315588604195,0.3388088453002716,0.5053792454315881
05/10/2023 16:35:26.091308,2474,True,True,True,True,Eyes,1.371967,-0.3550886,-2.934351,-0.3718949,0.03102252,0.9277563,2.09079,0.5944127,-0.2902271,-0.9946076,0.9119095,-0.4077038,-0.04688844,-0.6366599,-0.2140838,1.988285,1.37212,-0.3554444,-2.942777,-0.06901482,-0.03554111,-0.004794584,0.996971,352.0706,355.9353,359.7307,0.4213105,-0.108925,-0.9003512,0,0,0,0.5808563,-0.2829719,-0.9938365,-0.65016,-0.2072001,1.991,0.9974277,-0.004654396,0.07152869,0.01446585,0.9904279,-0.1372707,-0.07020511,0.1379523,0.9879476,static,-17.837558060520312,-6.148258656425426,-18.084421880927106,-5.941290766043414,-0.7912637,0.0724725,1.9489405,-0.3047214766949899,-0.10200794721794038,0.9469631280720789,-17.835469149406634,-5.561842673839722,0.31997326319492414,0.3221450814074594,0.4538263073120878
05/10/2023 16:35:26.102942,2475,True,True,True,True,Eyes,1.371836,-0.3551027,-2.934358,-0.3724753,0.03099949,0.9275242,2.090321,0.5932428,-0.2903038,-0.9955348,0.8194585,-0.5612904,-0.1159341,-0.6379673,-0.2151202,1.987252,1.372131,-0.3554661,-2.942722,-0.069167,-0.03551209,-0.00515011,0.9969596,352.0517,355.9415,359.6901,0.4212817,-0.1089293,-0.9003642,0,0,0,0.5809391,-0.2818762,-0.993794,-0.65016,-0.2072,1.991,0.9974248,-0.005356372,0.07152068,0.01518143,0.9903788,-0.1375476,-0.07009581,0.1382792,0.9879097,static,-17.876288124453545,-6.181280754044906,-18.084421880927106,-5.941287919137228,-0.7911919,0.07358989999999999,1.948928,-0.3053449771945231,-0.10253220344984178,0.9467056307183277,-17.874550013743583,-5.593416126837558,0.3134217245210817,0.317673136086166,0.406276980043028
05/10/2023 16:35:26.122879,2476,True,True,True,True,Eyes,1.371708,-0.3551187,-2.934365,-0.3730283,0.03095355,0.9273035,2.087658,0.592952,-0.2904983,-0.9984723,0.7722497,-0.5450148,-0.3264803,-0.6388993,-0.2144488,1.984221,1.372061,-0.3554993,-2.942715,-0.06896716,-0.0353771,-0.005408955,0.9969769,352.0736,355.9592,359.6584,0.4212525,-0.1089338,-0.9003773,0,0,0,0.5813606,-0.2823177,-0.9935719,-0.65016,-0.2072001,1.991,0.9974384,-0.005905489,0.07128638,0.01566492,0.9904286,-0.1371346,-0.06979422,0.1379,0.987984,static,-17.924756450699572,-6.172033626862351,-18.084421880927106,-5.941290766043414,-0.7907004,0.07318160000000001,1.9491431000000001,-0.30615145030961977,-0.10235156987767552,0.9464647175608998,-17.920774293772414,-5.584125840297124,0.27531516866012823,0.280598142240199,0.39287061097122755
05/10/2023 16:35:26.137319,2477,True,True,True,True,Eyes,1.371598,-0.3551324,-2.934372,-0.3735437,0.03086383,0.927099,2.085639,0.5925207,-0.2907616,-1.000779,0.7326506,-0.4749329,-0.4875056,-0.6396611,-0.2130997,1.982014,1.372001,-0.3555585,-2.942729,-0.06872236,-0.03532815,-0.005212959,0.9969965,352.1026,355.9633,359.6796,0.4212228,-0.1089384,-0.9003906,0,0,0,0.5815119,-0.2836252,-0.9934536,-0.65016,-0.2072001,1.991,0.9974495,-0.005538934,0.07116057,0.01525027,0.9905001,-0.1366636,-0.06972758,0.1374002,0.9880583,static,-17.96235157224129,-6.141588612734335,-18.084421880927106,-5.941290766043414,-0.7904891000000001,0.07193329999999998,1.9492753999999999,-0.30678902947054404,-0.10182667546935432,0.946314877391421,-17.955394103322654,-5.554461744131281,0.2294167028322294,0.23456425058322583,0.407780406085238
05/10/2023 16:35:26.153103,2478,True,True,True,True,Eyes,1.371494,-0.3551452,-2.934379,-0.3740341,0.03076319,0.9269046,2.084661,0.5917591,-0.2910143,-1.002097,0.7050453,-0.425312,-0.5674688,-0.6401711,-0.2122114,1.980959,1.371979,-0.3555316,-2.942753,-0.06857333,-0.03542003,-0.004915308,0.9970051,352.1208,355.9504,359.7141,0.4211932,-0.1089432,-0.9004039,0,0,0,0.5811667,-0.2846245,-0.9935716,-0.65016,-0.2072001,1.991,0.9974425,-0.004943434,0.07130202,0.01465891,0.9905471,-0.1363877,-0.06995378,0.1370841,0.9880862,static,-17.982809114198364,-6.11823598016349,-18.084421880927106,-5.941290766043414,-0.7908123,0.0709071,1.9491814,-0.307139436496198,-0.10142892161961092,0.9462439218990137,-17.973872601664155,-5.531771516098181,0.1992734901664703,0.20404598296038415,0.42417821634457387
05/10/2023 16:35:26.172738,2479,True,True,True,True,Eyes,1.3714,-0.3551579,-2.934383,-0.3744745,0.03063551,0.926731,2.083785,0.5910758,-0.2913201,-1.003275,0.6439,-0.3963887,-0.6544224,-0.6411904,-0.2116183,1.979803,1.372005,-0.3555182,-2.942749,-0.06843457,-0.03536857,-0.004767318,0.9970171,352.1374,355.9552,359.7302,0.4211638,-0.1089479,-0.900417,0,0,0,0.5814101,-0.2853699,-0.9934515,-0.65016,-0.2072,1.991,0.9974527,-0.00466533,0.07117864,0.01434706,0.9905879,-0.1361236,-0.06987363,0.1367981,0.9881316,static,-18.016275573780817,-6.1040536327845105,-18.084421880927106,-5.941287919137228,-0.7905948999999999,0.0701483,1.9492975000000001,-0.3077000701272595,-0.10117543735797391,0.94608891215536,-18.005375909189542,-5.517832230368713,0.17113074569413905,0.17645565084968431,0.43077022413155835
05/10/2023 16:35:26.192926,2480,True,True,True,True,Eyes,1.37131,-0.3551692,-2.934389,-0.3748952,0.03050324,0.9265653,2.083514,0.590211,-0.2916152,-1.003878,0.5865116,-0.4162054,-0.6948217,-0.6426359,-0.2110504,1.979093,1.372017,-0.3555359,-2.942698,-0.06829178,-0.03524219,-0.004628935,0.9970321,352.1544,355.9687,359.7445,0.4211349,-0.1089527,-0.90043,0,0,0,0.5819307,-0.2861424,-0.9931676,-0.65016,-0.2072001,1.991,0.9974731,-0.004416889,0.07090742,0.01404389,0.9906297,-0.1358519,-0.06964294,0.1365045,0.9881884,static,-18.057113094729438,-6.090198868787034,-18.084421880927106,-5.941290766043414,-0.7900863,0.0693935,1.9495304,-0.30838226900996885,-0.10092322930779662,0.9458937528834709,-18.04400099286136,-5.50415328855731,0.14516254964290765,0.15139152177811857,0.43900230342782665
05/10/2023 16:35:26.210845,2481,True,True,True,True,Eyes,1.371231,-0.3551787,-2.934395,-0.3752883,0.03036295,0.9264107,2.082679,0.5896263,-0.2919424,-1.004979,0.5055595,-0.3544613,-0.7866173,-0.6434026,-0.2107651,1.978074,1.372014,-0.3555073,-2.94276,-0.06820424,-0.03521817,-0.004516753,0.9970394,352.1649,355.9706,359.7569,0.4211066,-0.1089575,-0.9004427,0,0,0,0.5820354,-0.2866202,-0.9931682,-0.6501601,-0.2072001,1.991,0.9974786,-0.004202705,0.07084391,0.01381082,0.9906556,-0.1356865,-0.06961168,0.1363228,0.9882157,static,-18.08456130476239,-6.084002068555833,-18.084424481368902,-5.941290766043414,-0.7899786000000001,0.06888710000000003,1.9495917999999999,-0.3088390716731941,-0.10080521166956707,0.9457572304943672,-18.070127438209514,-5.4979656423263545,0.13580056201113674,0.14271136810160623,0.4435556005303591
05/10/2023 16:35:26.226760,2482,True,True,True,True,Eyes,1.371156,-0.3551877,-2.934403,-0.3756734,0.03023428,0.9262589,2.082732,0.5887291,-0.2922179,-1.005255,0.4509001,-0.3932982,-0.8012525,-0.6442374,-0.2113216,1.977837,1.372043,-0.3554849,-2.942767,-0.06830438,-0.03524751,-0.004439771,0.9970319,352.1537,355.9666,359.7664,0.421079,-0.1089622,-0.900455,0,0,0,0.5819607,-0.2863141,-0.9932272,-0.65016,-0.2072,1.991,0.9974758,-0.004038068,0.07089228,0.01366831,0.9906296,-0.1358903,-0.06967926,0.1365163,0.9881842,static,-18.10584722628901,-6.0997577731239945,-18.084421880927106,-5.941287919137228,-0.7900822999999999,0.06917079999999998,1.9495398,-0.30918260794992547,-0.10105342907826759,0.9456185723623951,-18.091479193544647,-5.513008922026121,0.15160383286756335,0.15991166325963876,0.4283371394449431
05/10/2023 16:35:26.242699,2483,True,True,True,True,Eyes,1.371105,-0.3551968,-2.934411,-0.3760241,0.03012249,0.9261202,2.082852,0.5879024,-0.2924562,-1.00544,0.422169,-0.4302216,-0.797924,-0.6446638,-0.2118808,1.977839,1.372049,-0.3554835,-2.942828,-0.06836255,-0.03534857,-0.004503855,0.997024,352.1467,355.9554,359.7601,0.4210522,-0.1089668,-0.900467,0,0,0,0.5815652,-0.2859982,-0.9934623,-0.65016,-0.2072,1.991,0.9974604,-0.004147865,0.07110252,0.01381394,0.9906126,-0.1359998,-0.06987094,0.1366366,0.9881541,static,-18.11614880769093,-6.115450353289924,-18.084421880927106,-5.941287919137228,-0.7904838000000001,0.06948530000000003,1.9493657,-0.30934460114415807,-0.10130680294403518,0.9455384510705371,-18.102240643034104,-5.528074403548995,0.1676880019327413,0.17702867381266005,0.4135975311190967
05/10/2023 16:35:26.260841,2484,True,True,True,True,Eyes,1.371058,-0.3552065,-2.934417,-0.3763667,0.03002099,0.9259843,2.082997,0.5870869,-0.2926729,-1.005595,0.3920409,-0.458893,-0.7973212,-0.6451184,-0.2123096,1.977828,1.372048,-0.3555283,-2.942846,-0.06843498,-0.03544104,-0.004486076,0.9970158,352.1385,355.9446,359.7632,0.4210267,-0.1089712,-0.9004784,0,0,0,0.5812058,-0.2857891,-0.9936341,-0.65016,-0.2072,1.991,0.9974476,-0.004094565,0.07128458,0.01379619,0.9905931,-0.1361435,-0.07005656,0.1367795,0.9881212,static,-18.127225671421996,-6.12877690646324,-18.084421880927106,-5.941287919137228,-0.7908421999999999,0.0697392,1.9492118999999999,-0.30952060738366344,-0.10152060839374247,0.9454578976518058,-18.113623800542143,-5.540850788597432,0.18205515379014572,0.1923129866890533,0.4015004951729807
05/10/2023 16:35:26.272829,2485,True,True,True,True,Eyes,1.371038,-0.3552147,-2.934423,-0.3766646,0.02992792,0.9258661,2.0832,0.5863703,-0.2928689,-1.005659,0.3614593,-0.4902567,-0.7930924,-0.6455677,-0.2127917,1.977849,1.372101,-0.3555534,-2.942828,-0.06847811,-0.03551857,-0.004582735,0.9970097,352.1331,355.9364,359.7528,0.4210024,-0.1089756,-0.9004892,0,0,0,0.580945,-0.2855103,-0.9937552,-0.65016,-0.2072,1.991,0.9974349,-0.004273575,0.07145233,0.01400255,0.9905795,-0.1362211,-0.07019707,0.1368722,0.9880983,static,-18.136784980517096,-6.143044474686877,-18.084421880927106,-5.941287919137228,-0.791156,0.07004310000000002,1.9490728000000002,-0.30967100228479194,-0.10175079147880225,0.9453838285031465,-18.12359422879943,-5.554546741881305,0.19726552882615236,0.20844088348001674,0.38871996478586907
05/10/2023 16:35:26.293188,2486,True,True,True,True,Eyes,1.37102,-0.3552247,-2.934432,-0.3769514,0.0298387,0.9257523,2.083325,0.5857077,-0.293061,-1.005789,0.3178688,-0.5039274,-0.8031293,-0.6463598,-0.2133466,1.977727,1.372164,-0.3555628,-2.94287,-0.06848395,-0.03549318,-0.004830918,0.997009,352.1314,355.9413,359.724,0.42098,-0.1089797,-0.9004992,0,0,0,0.5810758,-0.2851372,-0.9937828,-0.65016,-0.2072001,1.991,0.9974338,-0.004771512,0.07143571,0.01449436,0.9905732,-0.1362153,-0.07011236,0.1369011,0.9881003,static,-18.156898323980155,-6.159310542619343,-18.084421880927106,-5.941290766043414,-0.7910881999999999,0.07042560000000003,1.9490872000000001,-0.30999466451746094,-0.10200786721898619,0.9452500885644395,-18.14384290344225,-5.570091398001464,0.21737410731474835,0.2297508602287263,0.3759252967698341
05/10/2023 16:35:26.302684,2487,True,True,True,True,Eyes,1.371021,-0.355232,-2.934437,-0.3772049,0.02975543,0.9256517,2.083512,0.5851101,-0.2932362,-1.005831,0.2706756,-0.5368027,-0.7991105,-0.6469271,-0.2134838,1.977772,1.372178,-0.3556136,-2.942917,-0.06844405,-0.03549932,-0.004942841,0.997011,352.1356,355.9415,359.711,0.4209593,-0.1089838,-0.9005084,0,0,0,0.5810506,-0.2851854,-0.9938462,-0.65016,-0.2072,1.991,0.9974308,-0.004996699,0.07146303,0.01471557,0.9905819,-0.136128,-0.0701098,0.1368299,0.9881104,static,-18.171585722301987,-6.164355510961569,-18.084421880927106,-5.941287919137228,-0.7911273999999999,0.0704282,1.9490707999999999,-0.31023456376972786,-0.1020826923422538,0.9451632828660602,-18.158266606761437,-5.5748486843443725,0.2266271318056697,0.23949255889387513,0.3738057735363657
05/10/2023 16:35:26.322723,2488,True,True,True,True,Eyes,1.371023,-0.3552387,-2.934444,-0.3774493,0.02967056,0.9255548,2.083793,0.5844968,-0.2934114,-1.005779,0.2292307,-0.5586982,-0.7970631,-0.6475424,-0.2138235,1.977796,1.37217,-0.355589,-2.942894,-0.06847519,-0.03549541,-0.004948005,0.9970089,352.132,355.942,359.7105,0.4209405,-0.1089876,-0.9005167,0,0,0,0.5810578,-0.2850297,-0.993821,-0.65016,-0.2072001,1.991,0.9974312,-0.005005299,0.0714561,0.01472752,0.9905733,-0.1361895,-0.07010084,0.136892,0.9881024,static,-18.187436506369643,-6.1731570418272375,-18.084421880927106,-5.941290766043414,-0.7911121999999999,0.07055929999999999,1.9490729999999998,-0.3104916673642833,-0.1022188572975554,0.9450641426455527,-18.174010907643485,-5.58322227247059,0.24018401021979702,0.25372028476439606,0.3691060007606207
05/10/2023 16:35:26.342970,2489,True,True,True,True,Eyes,1.371021,-0.355247,-2.934452,-0.3776574,0.02957925,0.9254729,2.083788,0.5840634,-0.2936101,-1.005962,0.2020567,-0.5552744,-0.8067486,-0.6479599,-0.2137606,1.977689,1.372201,-0.3555786,-2.942919,-0.06840783,-0.03550952,-0.004953091,0.997013,352.1397,355.9404,359.7097,0.4209237,-0.1089912,-0.9005241,0,0,0,0.5810322,-0.2852799,-0.9938595,-0.6501601,-0.2072,1.991,0.9974291,-0.005018333,0.07148457,0.01473485,0.9905916,-0.1360552,-0.07012925,0.1367588,0.9881189,static,-18.19864811604742,-6.171148345783557,-18.084424481368902,-5.941287919137228,-0.7911688,0.07029870000000005,1.9490594999999997,-0.310677883985996,-0.1021791913277606,0.9450073003428713,-18.18471034310483,-5.581199031975642,0.24313092577007,0.25667655611139056,0.3737930720617843
05/10/2023 16:35:26.352886,2490,True,True,True,True,Eyes,1.371021,-0.3552575,-2.93446,-0.3778614,0.02947177,0.925393,2.083846,0.5836161,-0.2938429,-1.006084,0.1642006,-0.5557519,-0.8149711,-0.6485308,-0.2137728,1.977582,1.372178,-0.3556189,-2.942956,-0.0683585,-0.03547322,-0.004968949,0.9970176,352.1453,355.9447,359.7074,0.4209083,-0.1089948,-0.9005308,0,0,0,0.5811481,-0.2854899,-0.9938345,-0.65016,-0.2072,1.991,0.9974339,-0.005058466,0.0714142,0.01475805,0.9906048,-0.1359567,-0.07005551,0.1366618,0.9881375,static,-18.215462283081607,-6.172698459656399,-18.084421880927106,-5.941287919137228,-0.7910299,0.070129,1.9491215000000002,-0.3109546700962047,-0.10219501969118822,0.9449144926296617,-18.200998459171,-5.582567670128948,0.252167576914699,0.26593688209834326,0.3771873747139701
05/10/2023 16:35:26.372534,2491,True,True,True,True,Eyes,1.371026,-0.3552647,-2.934466,-0.3780286,0.02939704,0.9253271,2.083303,0.5834778,-0.2940218,-1.006729,0.1680885,-0.4949804,-0.8524908,-0.6485233,-0.212794,1.977152,1.372219,-0.3556769,-2.942983,-0.0681925,-0.0355419,-0.004709263,0.9970279,352.1654,355.9348,359.7372,0.4208944,-0.1089982,-0.9005369,0,0,0,0.5809524,-0.286585,-0.9939208,-0.6501601,-0.2072001,1.991,0.9974292,-0.00454315,0.07151479,0.01423791,0.9906552,-0.1356449,-0.07023025,0.1363144,0.9881731,static,-18.21835091571331,-6.147413510619512,-18.084424481368902,-5.941290766043414,-0.7912666,0.06909190000000004,1.9490621999999997,-0.3110157466118432,-0.10177587487111672,0.9449396420019788,-18.20244112635892,-5.558145687234476,0.23346619043550643,0.2458106499885431,0.4009090668845082
05/10/2023 16:35:26.392878,2492,True,True,True,True,Eyes,1.371033,-0.3552723,-2.934473,-0.3781865,0.02932711,0.9252648,2.083489,0.5830854,-0.2941695,-1.006694,0.1421327,-0.5053839,-0.8511083,-0.6486852,-0.2138928,1.977155,1.372286,-0.3556122,-2.942946,-0.06839711,-0.03561337,-0.004761729,0.9970111,352.1417,355.9269,359.7326,0.4208819,-0.1090015,-0.9005423,0,0,0,0.5807364,-0.2856399,-0.9940297,-0.6501601,-0.2072,1.991,0.997418,-0.004623289,0.07166522,0.0143667,0.9905983,-0.1360462,-0.07036247,0.1367245,0.988107,static,-18.220541248498648,-6.176850504155239,-18.084424481368902,-5.941287919137228,-0.7915495999999999,0.06997229999999999,1.9489163,-0.3110363274417585,-0.10226062113324119,0.9448805356547615,-18.206113963304592,-5.586535985608057,0.25802387168756363,0.27206158448818424,0.37504301667470313
05/10/2023 16:35:26.403751,2493,True,True,True,True,Eyes,1.37105,-0.3552768,-2.934476,-0.3783006,0.02924844,0.9252206,2.084232,0.582584,-0.2943163,-1.006102,0.1099851,-0.5825037,-0.8053526,-0.649333,-0.2141998,1.977734,1.372332,-0.355626,-2.942977,-0.06831779,-0.03556584,-0.005038055,0.9970168,352.1496,355.9346,359.7,0.4208708,-0.1090047,-0.9005471,0,0,0,0.5809318,-0.285566,-0.9940036,-0.65016,-0.2072,1.991,0.9974194,-0.005186493,0.07160784,0.01490561,0.9906146,-0.1358696,-0.07023109,0.1365863,0.9881356,static,-18.232082943408045,-6.184137744267779,-18.084421880927106,-5.941287919137228,-0.7914002000000001,0.07006000000000001,1.9489733999999999,-0.3112229898251486,-0.10237420847660247,0.9448067241029976,-18.217624727163873,-5.5934808806108425,0.269695604808331,0.2842179215653703,0.372441585076197
05/10/2023 16:35:26.423132,2494,True,True,True,True,Eyes,1.371067,-0.3552815,-2.934479,-0.3784159,0.02916724,0.925176,2.084529,0.5822477,-0.2944815,-1.005923,0.06503533,-0.5804826,-0.8116713,-0.65001,-0.2141652,1.9777,1.372239,-0.3555791,-2.942894,-0.06824128,-0.03545355,-0.005070849,0.9970258,352.1583,355.9478,359.695,0.4208611,-0.1090076,-0.9005513,0,0,0,0.5812712,-0.2857662,-0.9937361,-0.65016,-0.2072001,1.991,0.9974347,-0.005272745,0.07138828,0.01495032,0.9906349,-0.1357171,-0.07000412,0.1364362,0.9881724,static,-18.251953033090935,-6.181890818769733,-18.084421880927106,-5.941290766043414,-0.7909678,0.06981289999999996,1.9491578999999999,-0.3115521936042987,-0.10232553906797288,0.944703480967878,-18.23665676361741,-5.591162229561008,0.2787010213164611,0.29318095490199797,0.3817924194729935
05/10/2023 16:35:26.443099,2495,True,True,True,True,Eyes,1.371082,-0.3552867,-2.934482,-0.3785152,0.02909647,0.9251376,2.08437,0.5821161,-0.2946389,-1.006153,0.07690201,-0.5707178,-0.8175374,-0.6498437,-0.2140072,1.977619,1.372238,-0.3555858,-2.94292,-0.06822024,-0.03553719,-0.004927741,0.9970251,352.1613,355.937,359.7121,0.4208528,-0.1090104,-0.9005548,0,0,0,0.5809613,-0.2860689,-0.9938768,-0.65016,-0.2072,1.991,0.9974257,-0.004977451,0.07153528,0.01467487,0.9906434,-0.1356843,-0.07019059,0.1363848,0.9881663,static,-18.248995453188883,-6.177640305608829,-18.084421880927106,-5.941287919137228,-0.7912767,0.06951689999999999,1.9490432,-0.31150563004947507,-0.10225709759636886,0.9447262400134269,-18.23358067495832,-5.587082838961073,0.27378429943781996,0.28800505425742695,0.38433004652179087
05/10/2023 16:35:26.452705,2496,True,True,True,True,Eyes,1.371097,-0.3552947,-2.934483,-0.3786086,0.0290265,0.9251016,2.08463,0.5818381,-0.2947852,-1.005988,0.07058864,-0.5960402,-0.7998458,-0.6499202,-0.214416,1.977841,1.372324,-0.3555978,-2.942909,-0.06829913,-0.03560789,-0.004882547,0.9970174,352.1524,355.9285,359.7182,0.4208457,-0.109013,-0.9005578,0,0,0,0.5807787,-0.2858392,-0.993983,-0.6501601,-0.2072001,1.991,0.9974165,-0.004871991,0.07167031,0.01459994,0.9906228,-0.1358431,-0.07033642,0.1365385,0.9881346,static,-18.247168904560944,-6.188777990543588,-18.084424481368902,-5.941290766043414,-0.7915453000000001,0.0697586,1.9489260000000002,-0.3114695614972542,-0.1024420171583496,0.9447181195467816,-18.23241110236131,-5.597844591893463,0.2813378772581549,0.29620208232034695,0.373972344607177
05/10/2023 16:35:26.472584,2497,True,True,True,True,Eyes,1.37112,-0.3552992,-2.934482,-0.378682,0.0289726,0.9250733,2.084715,0.5816763,-0.2948996,-1.005968,0.05139203,-0.591439,-0.8047104,-0.6502126,-0.214345,1.977794,1.372346,-0.3556707,-2.942857,-0.06827877,-0.03558178,-0.004862556,0.9970198,352.1548,355.9314,359.7202,0.4208396,-0.1090156,-0.9005603,0,0,0,0.5809046,-0.2860193,-0.9938855,-0.65016,-0.2072,1.991,0.9974206,-0.004837169,0.07161549,0.01455509,0.9906287,-0.1358045,-0.07028745,0.1364966,0.9881439,static,-18.25481965065464,-6.188912906986008,-18.084421880927106,-5.941287919137228,-0.7914414000000001,0.06965140000000003,1.9489715,-0.3115957951769808,-0.10243978569778885,0.9446767858806875,-18.23979222329631,-5.597916894736735,0.28568668377741724,0.30058864671711405,0.3768867252713565
05/10/2023 16:35:26.493052,2498,True,True,True,True,Eyes,1.371144,-0.3553042,-2.934483,-0.3787575,0.02892374,0.9250439,2.084896,0.5814739,-0.2950012,-1.005862,0.03799608,-0.5995464,-0.7994376,-0.6502354,-0.2141398,1.977971,1.372359,-0.3556031,-2.942834,-0.06818988,-0.03562986,-0.004832768,0.9970242,352.1651,355.9256,359.7237,0.4208348,-0.109018,-0.9005622,0,0,0,0.5807326,-0.2863505,-0.9939232,-0.6501601,-0.2072,1.991,0.9974144,-0.004777582,0.07170676,0.01449597,0.9906535,-0.1356295,-0.07038858,0.1363183,0.9881613,static,-18.253858457134534,-6.180430795523031,-18.084424481368902,-5.941287919137228,-0.7916264000000001,0.0692526,1.9489108,-0.31158443683280085,-0.1023003328654293,0.9446956251027399,-18.238415794868118,-5.589738880391757,0.27868210873773674,0.2930822196412198,0.3837968880489755
05/10/2023 16:35:26.503548,2499,True,True,True,True,Eyes,1.371149,-0.3553054,-2.934484,-0.3788068,0.02891557,0.9250239,2.084571,0.5814998,-0.2950288,-1.006207,0.06645841,-0.5866969,-0.807075,-0.6499927,-0.2142718,1.977747,1.372393,-0.3556187,-2.942879,-0.06821618,-0.03569683,-0.00486904,0.9970199,352.162,355.9182,359.7201,0.420831,-0.1090203,-0.9005637,0,0,0,0.5805014,-0.2862151,-0.994082,-0.65016,-0.2072,1.991,0.997404,-0.004838855,0.07184519,0.01457926,0.9906457,-0.1356782,-0.07051659,0.1363734,0.9881446,static,-18.24919417915115,-6.185284547096289,-18.084421880927106,-5.941287919137228,-0.7918916,0.06940360000000001,1.948797,-0.31150484244927545,-0.10238316593370456,0.9447128335901438,-18.23417776762492,-5.594458073342891,0.2797527917893485,0.2944219161635662,0.3777800517951839
05/10/2023 16:35:26.527933,2500,True,True,True,True,Eyes,1.371154,-0.3553088,-2.934485,-0.378853,0.02891922,0.9250049,2.084986,0.5812511,-0.2950126,-1.005863,0.05533791,-0.6201473,-0.7825311,-0.6501274,-0.2148093,1.978074,1.372375,-0.3555035,-2.942883,-0.06824676,-0.03570686,-0.005055641,0.9970165,352.1577,355.9185,359.6988,0.4208277,-0.1090224,-0.900565,0,0,0,0.580421,-0.2857106,-0.994125,-0.65016,-0.2072,1.991,0.9973989,-0.005207362,0.0718907,0.01495487,0.9906337,-0.1357252,-0.07051057,0.1364473,0.9881348,static,-18.25039985333034,-6.196273382651164,-18.084421880927106,-5.941287919137228,-0.7919539999999999,0.06979289999999999,1.9487580000000002,-0.31151890270248267,-0.10256385796777961,0.9446886313575626,-18.235922823313444,-5.605053241263171,0.2889335725579602,0.3042470606702805,0.3687903118969087
05/10/2023 16:35:26.543182,2501,True,True,True,True,Eyes,1.371148,-0.3553138,-2.934487,-0.3788809,0.02893074,0.9249932,2.085454,0.5810094,-0.29498,-1.005457,0.03541531,-0.6533619,-0.756217,-0.6503924,-0.2153697,1.978397,1.372367,-0.3555629,-2.94286,-0.06835541,-0.03568695,-0.005175046,0.9970093,352.1447,355.9217,359.6853,0.4208248,-0.1090244,-0.900566,0,0,0,0.5804774,-0.2851659,-0.9940976,-0.6501601,-0.2072001,1.991,0.9973994,-0.005440345,0.07186791,0.01519793,0.9906015,-0.1359326,-0.07045294,0.1366713,0.988108,static,-18.254372494082258,-6.21290382689045,-18.084424481368902,-5.941290766043414,-0.7918895999999999,0.07039699999999999,1.9487624000000001,-0.3115756252635128,-0.10283605176871446,0.9446404185436228,-18.24063405310326,-5.621071657516987,0.30410634914281387,0.32039972198476485,0.356288798261875
05/10/2023 16:35:26.560035,2502,True,True,True,True,Eyes,1.371142,-0.3553173,-2.93449,-0.3789113,0.02894821,0.9249802,2.085501,0.5809221,-0.2949458,-1.005443,0.0429032,-0.6617752,-0.7484736,-0.6502717,-0.2154974,1.978502,1.372368,-0.3555894,-2.94289,-0.0683884,-0.03573716,-0.00520793,0.997005,352.1408,355.9161,359.6821,0.4208221,-0.1090263,-0.9005672,0,0,0,0.5802785,-0.2850182,-0.994215,-0.65016,-0.2071999,1.991,0.9973915,-0.00549665,0.07197256,0.01527268,0.9905918,-0.1359949,-0.07054791,0.1367394,0.9880918,static,-18.250453447724286,-6.216863795503949,-18.084421880927106,-5.941285072231013,-0.7920895,0.0705712,1.9486749999999997,-0.3115088192759231,-0.1029037116842983,0.9446550821103165,-18.23706687846831,-5.62492270555839,0.3052312447413122,0.3217298772166924,0.3512629247743869
05/10/2023 16:35:26.572780,2503,True,True,True,True,Eyes,1.371119,-0.3553208,-2.934493,-0.3789123,0.02895578,0.9249795,2.085732,0.5808094,-0.2949268,-1.005234,0.04787586,-0.685032,-0.7269382,-0.6501718,-0.2158847,1.978767,1.372368,-0.3555576,-2.942915,-0.06844778,-0.03578318,-0.005280823,0.9969988,352.1337,355.9114,359.6743,0.4208194,-0.1090282,-0.9005682,0,0,0,0.5800911,-0.2846498,-0.9943282,-0.65016,-0.2072001,1.991,0.9973834,-0.00563139,0.0720745,0.01542851,0.990574,-0.1361068,-0.07062866,0.1368626,0.9880689,static,-18.245157836261377,-6.226094912792542,-18.084421880927106,-5.941290766043414,-0.7922769000000001,0.07090779999999997,1.9485868000000002,-0.31141645231816484,-0.10305918465530331,0.9446685351967112,-18.23245259354563,-5.63387085946909,0.31004439117310906,0.32703126661333093,0.34120388455660133
05/10/2023 16:35:26.592875,2504,True,True,True,True,Eyes,1.371095,-0.355327,-2.934496,-0.3789111,0.02896103,0.9249798,2.085759,0.5807776,-0.2949212,-1.005211,0.04582965,-0.6856721,-0.7264664,-0.6503626,-0.2160122,1.978685,1.372304,-0.3555358,-2.9429,-0.06844754,-0.03572364,-0.00536164,0.9970006,352.1334,355.9189,359.6645,0.4208163,-0.1090299,-0.9005694,0,0,0,0.5802488,-0.2845077,-0.9942279,-0.65016,-0.2071999,1.991,0.9973902,-0.005800726,0.07196695,0.0155815,0.9905723,-0.1361014,-0.07049897,0.1368675,0.9880775,static,-18.251667555865883,-6.229225322764439,-18.084421880927106,-5.941285072231013,-0.7920552,0.07102810000000004,1.9486720999999998,-0.3115222188413337,-0.10310703285141778,0.9446284138827605,-18.238892889513746,-5.636842465251408,0.3157777021223577,0.3329875428045002,0.34138921107485526
05/10/2023 16:35:26.603287,2505,True,True,True,True,Eyes,1.371075,-0.3553315,-2.934496,-0.3788886,0.02893723,0.9249898,2.085836,0.580775,-0.2949731,-1.005119,0.03050062,-0.684899,-0.7279994,-0.650431,-0.2158961,1.978754,1.372264,-0.3556075,-2.942903,-0.06844469,-0.03569798,-0.005295145,0.9970021,352.134,355.9213,359.6719,0.420813,-0.1090318,-0.9005708,0,0,0,0.5803168,-0.2846846,-0.9941829,-0.65016,-0.2072,1.991,0.9973952,-0.005671867,0.07190675,0.01544521,0.9905745,-0.1361009,-0.07045705,0.136857,0.9880819,static,-18.253467387456023,-6.227620291277235,-18.084421880927106,-5.941287919137228,-0.7919472,0.07092290000000001,1.9487200999999998,-0.31155279773777933,-0.10307948738020593,0.9446213728776566,-18.240542455117776,-5.635279981280868,0.31537919621173416,0.3325095646939226,0.34353237360797045
05/10/2023 16:35:26.623097,2506,True,True,True,True,Eyes,1.371054,-0.3553367,-2.934495,-0.3788598,0.02890177,0.9250027,2.085395,0.580982,-0.2950651,-1.0055,0.03546669,-0.6434543,-0.7646623,-0.6504006,-0.2151932,1.978314,1.372229,-0.3555739,-2.942849,-0.06829736,-0.03565855,-0.005167177,0.9970142,352.1514,355.9249,359.6858,0.4208094,-0.1090336,-0.9005723,0,0,0,0.5804502,-0.285416,-0.9940329,-0.6501601,-0.2072,1.991,0.9974036,-0.005432728,0.07180995,0.01517426,0.9906175,-0.1358183,-0.07039833,0.1365554,0.9881279,static,-18.2562122912303,-6.2077963651449215,-18.084424481368902,-5.941287919137228,-0.7917787999999999,0.0701579,1.9488160999999997,-0.3116087082281415,-0.10275066605452235,0.944638750504236,-18.24213632118429,-5.616129005276278,0.30106906954832463,0.3170769676441545,0.36138807905240455
05/10/2023 16:35:26.642628,2507,True,True,True,True,Eyes,1.371037,-0.3553423,-2.934496,-0.3787867,0.02884395,0.9250344,2.085011,0.5812623,-0.2952023,-1.005789,0.02992463,-0.6054584,-0.7953141,-0.6505226,-0.2145883,1.977911,1.372221,-0.355596,-2.942822,-0.06822579,-0.03557213,-0.004900093,0.9970236,352.1608,355.9328,359.7156,0.4208057,-0.1090354,-0.9005738,0,0,0,0.5808123,-0.2860997,-0.9938322,-0.6501601,-0.2072,1.991,0.9974213,-0.004917144,0.07160112,0.01462489,0.9906425,-0.1356968,-0.07026387,0.136394,0.9881598,static,-18.262344557565264,-6.192214431900142,-18.084424481368902,-5.941287919137228,-0.7914087,0.06949630000000001,1.9489898,-0.3117182281528726,-0.1024898829333456,0.9446309061561534,-18.247220058179014,-5.601045945641423,0.2924824282162727,0.3076031019366941,0.37718297994111133
05/10/2023 16:35:26.660342,2508,True,True,True,True,Eyes,1.371021,-0.3553471,-2.934497,-0.3787085,0.02878519,0.9250683,2.084726,0.581517,-0.2953379,-1.005983,0.03481803,-0.5834622,-0.8113936,-0.6504701,-0.2142168,1.977735,1.372266,-0.3556062,-2.942867,-0.06818116,-0.03554352,-0.004694836,0.9970286,352.1667,355.9345,359.7389,0.4208019,-0.1090372,-0.9005754,0,0,0,0.5809944,-0.2865801,-0.9938043,-0.65016,-0.2072001,1.991,0.9974293,-0.004514975,0.07151601,0.01420857,0.9906586,-0.1356234,-0.07023561,0.1362909,0.9881759,static,-18.261383688106527,-6.182221087682764,-18.084421880927106,-5.941290766043414,-0.7912716,0.06902609999999998,1.9490627000000003,-0.3117077043698156,-0.10232549915059214,0.9446522503337181,-18.24576376544724,-5.591409580323602,0.2844101290815692,0.2989362826514159,0.38528956360276573
05/10/2023 16:35:26.677936,2509,True,True,True,True,Eyes,1.371013,-0.3553497,-2.9345,-0.3786102,0.02872896,0.9251102,2.08477,0.5816979,-0.2954565,-1.005858,0.01780521,-0.5808356,-0.8138262,-0.6507266,-0.2141769,1.977721,1.372289,-0.3555931,-2.942878,-0.06817064,-0.03544076,-0.004599452,0.9970334,352.1683,355.9456,359.749,0.4207981,-0.109039,-0.900577,0,0,0,0.5814307,-0.2867379,-0.9936422,-0.6501601,-0.2072,1.991,0.9974456,-0.004339576,0.07129832,0.01400365,0.9906632,-0.1356108,-0.07004414,0.1362628,0.9881935,static,-18.267467501146267,-6.180656912668412,-18.084424481368902,-5.941287919137228,-0.7908583000000001,0.0688552,1.9492357999999999,-0.3118089306173611,-0.10229612538358625,0.9446219414927457,-18.251544497404755,-5.589854106693389,0.2868883697666465,0.301334137052789,0.3891462762106746
05/10/2023 16:35:26.692797,2510,True,True,True,True,Eyes,1.371006,-0.3553529,-2.934504,-0.3785118,0.02868355,0.9251519,2.084785,0.5818898,-0.2955539,-1.005761,0.03062272,-0.5880015,-0.80828,-0.6509033,-0.2143126,1.977695,1.372241,-0.3555589,-2.942931,-0.06817611,-0.03533405,-0.004582515,0.9970369,352.1678,355.9578,359.7502,0.4207944,-0.1090407,-0.9005785,0,0,0,0.5818013,-0.286698,-0.9935252,-0.6501601,-0.2072001,1.991,0.997461,-0.004319998,0.07108352,0.01395575,0.990662,-0.1356243,-0.06983386,0.136272,0.988207,static,-18.273780515105962,-6.183528192645652,-18.084424481368902,-5.941290766043414,-0.7904397000000001,0.0688609,1.9494058,-0.31191160770998116,-0.10233983596271091,0.9445833334356228,-18.257781456167155,-5.5925771389516905,0.29283662021398227,0.30746492216105753,0.38942757276632023
05/10/2023 16:35:26.707893,2511,True,True,True,True,Eyes,1.370987,-0.3553553,-2.934509,-0.378414,0.02865536,0.9251928,2.08529,0.5818846,-0.2956005,-1.005213,-0.008339014,-0.6228353,-0.7823085,-0.6510759,-0.2148573,1.978147,1.372237,-0.3555774,-2.942964,-0.0682732,-0.0352785,-0.004625732,0.997032,352.1565,355.9645,359.7451,0.4207908,-0.1090424,-0.90058,0,0,0,0.5820096,-0.286265,-0.9934877,-0.65016,-0.2072,1.991,0.9974681,-0.004406852,0.07097921,0.01404116,0.9906347,-0.1358147,-0.06971595,0.1364675,0.9881884,static,-18.27431939067246,-6.198171421372832,-18.084421880927106,-5.941287919137228,-0.7902273999999999,0.0693124,1.9494763,-0.31191270141994587,-0.10258120543667036,0.9445568088837438,-18.259077715633,-5.60670386342428,0.3039468704010285,0.3194529666919944,0.37742701404925666
05/10/2023 16:35:26.727743,2512,True,True,True,True,Eyes,1.370969,-0.3553577,-2.934514,-0.3783241,0.028632,0.9252303,2.085349,0.5820315,-0.29565,-1.005086,0.007602567,-0.6395541,-0.7687085,-0.6508215,-0.2151473,1.97827,1.372219,-0.3555439,-2.942978,-0.06827647,-0.03529355,-0.004748608,0.9970307,352.1556,355.9637,359.7311,0.4207871,-0.1090439,-0.9005815,0,0,0,0.5819173,-0.2860429,-0.9935391,-0.6501599,-0.2072001,1.991,0.9974636,-0.004649578,0.07102594,0.01428845,0.9906316,-0.1358123,-0.06972907,0.1364827,0.9881853,static,-18.266642032681556,-6.205068421809023,-18.084419280485232,-5.941290766043414,-0.7903017000000001,0.06950100000000003,1.9494389,-0.31178230901496523,-0.10269953309181978,0.9445870112334381,-18.252044015462488,-5.613417603209788,0.30470768406093807,0.3205991002782184,0.36823750852231324
05/10/2023 16:35:26.743031,2513,True,True,True,True,Eyes,1.370972,-0.3553587,-2.93452,-0.3782138,0.02863015,0.9252754,2.085339,0.5822681,-0.2956551,-1.005007,0.03863719,-0.6528418,-0.7565083,-0.6503423,-0.2153572,1.978399,1.372202,-0.3555501,-2.942997,-0.06829748,-0.03534528,-0.004828565,0.9970271,352.1529,355.9584,359.7224,0.4207832,-0.1090454,-0.9005832,0,0,0,0.581688,-0.2858548,-0.9936509,-0.65016,-0.2071999,1.991,0.9974548,-0.004800432,0.07113995,0.01445641,0.9906242,-0.1358475,-0.06982084,0.1365302,0.9881724,static,-18.25363705513523,-6.210830931150804,-18.084421880927106,-5.941285072231013,-0.7905139999999999,0.06969529999999996,1.9493461,-0.31156456045830627,-0.10280225600176832,0.9446476330738313,-18.239815245320848,-5.619076865885301,0.30208841917086926,0.31825892798646416,0.35772227486435215
05/10/2023 16:35:26.761038,2514,True,True,True,True,Eyes,1.370975,-0.3553612,-2.934525,-0.378112,0.02863147,0.925317,2.085416,0.5824539,-0.2956526,-1.004853,0.08119561,-0.6770459,-0.7314479,-0.6496783,-0.2157508,1.978685,1.37218,-0.3555503,-2.94304,-0.06836797,-0.03545385,-0.004889522,0.997018,352.1445,355.9463,359.7165,0.4207797,-0.1090468,-0.9005847,0,0,0,0.5812359,-0.2854967,-0.9938814,-0.65016,-0.2072,1.991,0.9974383,-0.004902069,0.07136481,0.0145977,0.9906038,-0.1359815,-0.07002766,0.1366749,0.9881377,static,-18.234830267080103,-6.221119691663074,-18.084421880927106,-5.941287919137228,-0.7909440999999999,0.0700536,1.9491585999999999,-0.3112486286837259,-0.10298311032723026,0.9447321134783079,-18.222234693073222,-5.629147889270118,0.301064332870215,0.3176924669237626,0.341209275133401
05/10/2023 16:35:26.772748,2515,True,True,True,True,Eyes,1.371016,-0.3553624,-2.934529,-0.378017,0.02863096,0.9253558,2.085418,0.5826924,-0.2956548,-1.004775,0.1106538,-0.6840401,-0.7210027,-0.6492251,-0.2158843,1.978771,1.372189,-0.3555921,-2.943006,-0.06840182,-0.03550835,-0.004912587,0.9970136,352.1405,355.9402,359.7144,0.4207766,-0.109048,-0.900586,0,0,0,0.5810295,-0.2853755,-0.9939402,-0.6501601,-0.2072001,1.991,0.9974301,-0.004938161,0.07147668,0.0146535,0.9905941,-0.1360462,-0.07013256,0.1367439,0.9881207,static,-18.222682392704222,-6.225878162811477,-18.084424481368902,-5.941290766043414,-0.7911595000000001,0.07021660000000002,1.9490658,-0.31104553572891624,-0.10306877873574707,0.9447896285979194,-18.210778750420317,-5.633831763566046,0.29961482516768856,0.31639411569437886,0.33241004724871914
05/10/2023 16:35:26.793049,2516,True,True,True,True,Eyes,1.371056,-0.3553645,-2.934534,-0.3779232,0.02862786,0.9253942,2.085418,0.5829285,-0.2956634,-1.0047,0.1265337,-0.685549,-0.7169461,-0.6489431,-0.2158892,1.97893,1.372263,-0.35562,-2.943064,-0.06840195,-0.03553609,-0.004916468,0.9970127,352.1405,355.937,359.7141,0.4207748,-0.1090491,-0.9005867,0,0,0,0.580995,-0.2853994,-0.9940424,-0.6501601,-0.2072,1.991,0.9974261,-0.004942085,0.07153244,0.01466503,0.990594,-0.1360458,-0.07018727,0.1367446,0.9881167,static,-18.21364815058046,-6.226216101228823,-18.084424481368902,-5.941287919137228,-0.791268,0.07022059999999997,1.9490216,-0.31089620542084934,-0.1030796493870105,0.9448375840308361,-18.202089271290735,-5.634226237207168,0.2961625811982141,0.312862310984432,0.3288341212481854
05/10/2023 16:35:26.802656,2517,True,True,True,True,Eyes,1.371092,-0.3553675,-2.934538,-0.3778165,0.02862271,0.9254379,2.085129,0.5832955,-0.2956855,-1.004881,0.142557,-0.6738099,-0.7250226,-0.6487523,-0.2157168,1.978701,1.372281,-0.3556441,-2.94307,-0.06837397,-0.03550066,-0.004896197,0.997016,352.1438,355.941,359.7161,0.4207741,-0.1090501,-0.9005869,0,0,0,0.5811535,-0.2855608,-0.9939867,-0.65016,-0.2072001,1.991,0.9974315,-0.004908531,0.07145898,0.01461781,0.9906021,-0.1359922,-0.07011989,0.1366875,0.9881294,static,-18.21107858519855,-6.222602618835704,-18.084421880927106,-5.941290766043414,-0.7911275000000001,0.07008330000000002,1.9490833,-0.3108557065610851,-0.10302149385756768,0.9448572249065823,-18.199420956755098,-5.630758648993695,0.2920351275780799,0.30850977173881344,0.3311419380879933
05/10/2023 16:35:26.822928,2518,True,True,True,True,Eyes,1.371126,-0.3553688,-2.934544,-0.377712,0.02861263,0.925481,2.084816,0.5836659,-0.2957168,-1.005086,0.148024,-0.6450632,-0.7496549,-0.6486999,-0.2152276,1.97841,1.372259,-0.3556639,-2.943067,-0.06827213,-0.03542135,-0.004853566,0.997026,352.1557,355.9498,359.72,0.4207743,-0.109051,-0.9005867,0,0,0,0.5814452,-0.2860391,-0.9938395,-0.65016,-0.2072,1.991,0.9974436,-0.004841681,0.07129473,0.01451484,0.9906307,-0.1357943,-0.06996928,0.136482,0.9881685,static,-18.21353581540981,-6.210056769804253,-18.084421880927106,-5.941287919137228,-0.7908137999999999,0.06962479999999999,1.9492275000000001,-0.31090301115380636,-0.10281293962690657,0.9448645066893385,-18.201123686149987,-5.618633237107845,0.28235195335632346,0.2981729417074553,0.34311128687025305
05/10/2023 16:35:26.843012,2519,True,True,True,True,Eyes,1.371176,-0.3553666,-2.934549,-0.3775891,0.02856172,0.9255326,2.084665,0.5840294,-0.295825,-1.005124,0.1638197,-0.636882,-0.7533554,-0.6484669,-0.2150992,1.978352,1.372268,-0.3556214,-2.943102,-0.06820714,-0.03539153,-0.004842894,0.9970316,352.1632,355.9532,359.7207,0.4207753,-0.1090518,-0.9005862,0,0,0,0.5815709,-0.286267,-0.993818,-0.6501601,-0.2072001,1.991,0.997448,-0.004829126,0.07123358,0.01448495,0.9906486,-0.1356665,-0.06991231,0.1363521,0.9881905,static,-18.20923291209945,-6.205397427024977,-18.084424481368902,-5.941290766043414,-0.7906971,0.06935439999999998,1.949284,-0.31083441876000556,-0.10273851433552157,0.944895050117836,-18.196729254224874,-5.614169503423183,0.27659022724576643,0.29211208937024785,0.3458622304682684
05/10/2023 16:35:26.857641,2520,True,True,True,True,Eyes,1.371224,-0.3553658,-2.934556,-0.3774715,0.0285129,0.9255821,2.084556,0.5843633,-0.2959291,-1.005127,0.1833924,-0.6268853,-0.75722,-0.6481825,-0.2149275,1.978317,1.372185,-0.3555676,-2.94313,-0.06814856,-0.03536057,-0.004777809,0.9970369,352.1702,355.9563,359.7277,0.4207774,-0.1090524,-0.9005851,0,0,0,0.5816156,-0.2865366,-0.9937822,-0.65016,-0.2072001,1.991,0.9974536,-0.004707762,0.07116277,0.01434685,0.9906659,-0.1355554,-0.06986038,0.1362312,0.9882108,static,-18.205583673988286,-6.199082873591605,-18.084421880927106,-5.941290766043414,-0.7905694,0.06903100000000001,1.9493478,-0.31077753811217174,-0.10263638832756487,0.9449248839008748,-18.19287702447059,-5.608103535485785,0.2697057865990457,0.2848454858549426,0.3503944188592337
05/10/2023 16:35:26.872598,2521,True,True,True,True,Eyes,1.371288,-0.3553622,-2.934562,-0.3773408,0.02848313,0.9256364,2.084503,0.5847201,-0.295989,-1.00507,0.2087358,-0.6277223,-0.7499293,-0.6477921,-0.2149627,1.978375,1.372172,-0.3556008,-2.943156,-0.06815338,-0.03536494,-0.004766355,0.9970366,352.1697,355.9557,359.7291,0.4207804,-0.1090528,-0.9005837,0,0,0,0.5815872,-0.2865676,-0.9938149,-0.6501601,-0.2072001,1.991,0.9974532,-0.00468398,0.07116994,0.01432494,0.9906648,-0.1355657,-0.06987058,0.1362399,0.9882089,static,-18.19705348288796,-6.200978421086397,-18.084424481368902,-5.941290766043414,-0.7905848,0.06903320000000002,1.9493411000000003,-0.3106357118906724,-0.10267266715866251,0.9449676666219322,-18.184755998263768,-5.609997296976507,0.26791591619937766,0.28306001159630984,0.34615282163924377
05/10/2023 16:35:26.882703,2522,True,True,True,True,Eyes,1.37135,-0.3553567,-2.934571,-0.3772233,0.02846877,0.9256848,2.0845,0.5850279,-0.2960135,-1.004981,0.2290079,-0.6286747,-0.7431846,-0.647172,-0.2150009,1.978577,1.372169,-0.3555598,-2.943199,-0.0681779,-0.03544425,-0.004666762,0.9970325,352.1672,355.9457,359.7413,0.4207847,-0.1090529,-0.9005817,0,0,0,0.5812877,-0.2865792,-0.9939759,-0.65016,-0.2072,1.991,0.9974439,-0.004472799,0.07131448,0.01413886,0.99066,-0.1356204,-0.07004179,0.136282,0.9881909,static,-18.18104312320509,-6.200391648317132,-18.084421880927106,-5.941287919137228,-0.7908813,0.0689806,1.9492230999999998,-0.31037167517082687,-0.10267231196979856,0.9450545261971256,-18.16929371891265,-5.609552206351439,0.2616377834970987,0.27653283156665875,0.34242051927496986
05/10/2023 16:35:26.902947,2523,True,True,True,True,Eyes,1.371436,-0.3553559,-2.934574,-0.3770956,0.02845018,0.9257373,2.085134,0.5851412,-0.2960334,-1.004287,0.2847983,-0.684027,-0.6715631,-0.6465765,-0.2159249,1.979356,1.372173,-0.3555119,-2.94325,-0.06834889,-0.03555045,-0.004721724,0.9970168,352.1474,355.9338,359.7365,0.42079,-0.1090528,-0.9005792,0,0,0,0.5808735,-0.2857832,-0.994224,-0.65016,-0.2072,1.991,0.9974278,-0.004555609,0.07153423,0.01427494,0.9906123,-0.1359542,-0.07024334,0.1366257,0.9881292,static,-18.16128586415344,-6.2230398987246,-18.084421880927106,-5.941287919137228,-0.7912995,0.06972869999999998,1.949026,-0.3100333188514663,-0.10305782855184373,0.9451235252964587,-18.151452799012787,-5.631557402482152,0.2763364117826805,0.2920483691425467,0.31690083137604597
05/10/2023 16:35:26.922913,2524,True,True,True,True,Eyes,1.371521,-0.3553553,-2.934579,-0.3769846,0.02841997,0.9257833,2.085159,0.5854483,-0.2960951,-1.004173,0.323978,-0.6760117,-0.6618507,-0.6459783,-0.2158265,1.979462,1.372203,-0.3556679,-2.943144,-0.06835002,-0.03563137,-0.004712729,0.9970138,352.1472,355.9244,359.7382,0.420797,-0.1090525,-0.900576,0,0,0,0.5805882,-0.2859542,-0.9942448,-0.65016,-0.2072001,1.991,0.9974164,-0.004526503,0.07169414,0.01426812,0.9906121,-0.135956,-0.07040569,0.1366276,0.9881174,static,-18.145149529311063,-6.224507415606486,-18.084421880927106,-5.941290766043414,-0.7916148000000001,0.06971369999999999,1.9488992,-0.30976600444131763,-0.10309146870388336,0.9452073706144006,-18.135978089811214,-5.6330956667255165,0.2742187870071883,0.2896541349057138,0.3124776182674056
05/10/2023 16:35:26.942675,2525,True,True,True,True,Eyes,1.3716,-0.3553496,-2.934586,-0.3768514,0.0284014,0.9258382,2.084706,0.585976,-0.2961411,-1.004486,0.3957316,-0.635037,-0.6634187,-0.6449144,-0.2152062,1.979442,1.372259,-0.3556724,-2.943206,-0.06825963,-0.03579325,-0.004517206,0.9970151,352.1584,355.9042,359.7617,0.4208053,-0.109052,-0.9005722,0,0,0,0.5800376,-0.2866115,-0.9945306,-0.65016,-0.2072001,1.991,0.9973969,-0.004120977,0.07198949,0.01389391,0.9906404,-0.1357884,-0.07075613,0.1364351,0.9881189,static,-18.118600995585513,-6.207041126655656,-18.084421880927106,-5.941290766043414,-0.7922213999999999,0.06906089999999998,1.9486754,-0.30933681830755066,-0.10281844006382647,0.945377750428559,-18.109463356135294,-5.616441484591772,0.2540387595716857,0.26793929544650447,0.3258130309552556
05/10/2023 16:35:26.957824,2526,True,True,True,True,Eyes,1.371678,-0.3553474,-2.934592,-0.3767214,0.02840549,0.925891,2.086219,0.5857545,-0.2960873,-1.00298,0.3749227,-0.7413159,-0.5566719,-0.6450939,-0.2170089,1.980814,1.372294,-0.3555423,-2.94326,-0.06855836,-0.03577358,-0.00475614,0.9969943,352.1231,355.9083,359.7352,0.4208147,-0.1090514,-0.9005678,0,0,0,0.5801229,-0.2849521,-0.9946188,-0.6501601,-0.2072001,1.991,0.9973953,-0.004578534,0.07198425,0.01438884,0.9905543,-0.1363643,-0.07067996,0.1370449,0.98804,static,-18.112973262726143,-6.250636693639748,-18.084424481368902,-5.941290766043414,-0.7921710999999999,0.07059019999999999,1.9486412,-0.30922063560683766,-0.10354185133807536,0.9453368248923171,-18.106352129720303,-5.658554048252479,0.29479473263413625,0.3106604832247257,0.28358574250024193
05/10/2023 16:35:26.972829,2527,True,True,True,True,Eyes,1.371754,-0.3553401,-2.934594,-0.3765574,0.02840182,0.9259578,2.08762,0.5856454,-0.2960479,-1.001546,0.3576691,-0.8105784,-0.4637193,-0.6452507,-0.2182172,1.982072,1.372334,-0.355626,-2.943233,-0.06883085,-0.03574342,-0.004804392,0.9969763,352.0916,355.9121,359.7305,0.4208251,-0.1090505,-0.9005631,0,0,0,0.5802783,-0.2838845,-0.9945876,-0.65016,-0.2072,1.991,0.9973987,-0.004659229,0.07193206,0.01450023,0.9904785,-0.136902,-0.07060929,0.1375889,0.9879694,static,-18.10699818892562,-6.283866289701545,-18.084421880927106,-5.941287919137228,-0.7920556999999999,0.07174150000000001,1.9486454000000002,-0.3091041229275301,-0.1040942403214598,0.9453142422369472,-18.102356174050854,-5.690666017127483,0.3260221178443084,0.34332146693929083,0.25126276412717957
05/10/2023 16:35:26.987014,2528,True,True,True,True,Eyes,1.371827,-0.3553346,-2.934594,-0.3763866,0.02838111,0.9260279,2.087819,0.5859998,-0.29608,-1.001216,0.381099,-0.8123063,-0.4414997,-0.6449457,-0.2193969,1.982119,1.372301,-0.3555059,-2.943145,-0.06894674,-0.035702,-0.005189261,0.9969679,352.0768,355.9199,359.6862,0.4208363,-0.1090495,-0.9005579,0,0,0,0.5803595,-0.2827472,-0.9944895,-0.65016,-0.2072001,1.991,0.9973969,-0.00542398,0.07190304,0.01527012,0.9904389,-0.1371048,-0.07047191,0.1378459,0.9879435,static,-18.100264933469546,-6.314281013754237,-18.084421880927106,-5.941290766043414,-0.7919415,0.07275870000000001,1.9486554999999999,-0.30897653141781345,-0.10460059601009283,0.9453000846240055,-18.097480125998143,-5.720067354986331,0.3547662672070055,0.37332656910705364,0.2216084731323833
05/10/2023 16:35:27.002771,2529,True,True,True,True,Eyes,1.371914,-0.3553285,-2.934594,-0.3761969,0.02829392,0.9261076,2.088413,0.5862593,-0.2962391,-1.000499,0.3466218,-0.8363293,-0.4247432,-0.6453511,-0.2186908,1.982607,1.372283,-0.3555358,-2.943096,-0.06866176,-0.03551389,-0.00533763,0.9969935,352.1089,355.9429,359.6664,0.4208483,-0.1090482,-0.9005525,0,0,0,0.581053,-0.2836775,-0.9941193,-0.65016,-0.2072001,1.991,0.9974205,-0.005766272,0.0715472,0.01552005,0.9905142,-0.1365315,-0.07008124,0.1372897,0.9880487,static,-18.108841285432668,-6.293721281451605,-18.084421880927106,-5.941290766043414,-0.7912299999999999,0.07185829999999999,1.9489767000000002,-0.3091292601777778,-0.10425593642648273,0.9452881785350504,-18.104655437154243,-5.7001621957873665,0.33544101913506924,0.35327549519785445,0.2419759992051326
05/10/2023 16:35:27.022786,2530,True,True,True,True,Eyes,1.371997,-0.3553221,-2.934595,-0.376021,0.02819519,0.9261821,2.086904,0.5872775,-0.2964815,-1.001742,0.4228281,-0.7507917,-0.5074723,-0.6443119,-0.2172373,1.981483,1.372264,-0.3555402,-2.943111,-0.0683585,-0.03554702,-0.00511495,0.9970142,352.1447,355.9373,359.6912,0.4208612,-0.1090468,-0.9005466,0,0,0,0.5809278,-0.2852066,-0.994121,-0.65016,-0.2072001,1.991,0.9974205,-0.005339474,0.07158107,0.01505924,0.9906019,-0.1359451,-0.07018247,0.1366724,0.9881271,static,-18.09401006262823,-6.256049193247768,-18.084421880927106,-5.941290766043414,-0.7913361999999999,0.0703336,1.94899,-0.3089044917131467,-0.10364234940294573,0.945429173418203,-18.0883621198142,-5.663920634658257,0.29936442505737604,0.3149044310969478,0.2773981169134116
05/10/2023 16:35:27.042749,2531,True,True,True,True,Eyes,1.372099,-0.3553185,-2.934592,-0.3758379,0.02806227,0.9262605,2.086707,0.5878355,-0.2967607,-1.001757,0.4823242,-0.7188537,-0.5006124,-0.6434288,-0.2167531,1.981603,1.37227,-0.3555232,-2.943134,-0.06819221,-0.03563401,-0.005027568,0.997023,352.1641,355.9267,359.7013,0.420875,-0.1090453,-0.9005403,0,0,0,0.5806028,-0.2859811,-0.9942503,-0.65016,-0.2072001,1.991,0.9974099,-0.005165277,0.07174154,0.01488513,0.9906491,-0.1356201,-0.07037018,0.1363367,0.9881601,static,-18.072567784005376,-6.241473129586966,-18.084421880927106,-5.941290766043414,-0.7916672000000001,0.0695421,1.9488837,-0.30855803952782057,-0.10341405952319788,0.94556734317017,-18.06692224838685,-5.650016898527431,0.2863044375693274,0.3004163294436956,0.2917990799107537
05/10/2023 16:35:27.053034,2532,True,True,True,True,Eyes,1.372197,-0.3553133,-2.934592,-0.3756614,0.02792598,0.9263362,2.086298,0.5884553,-0.2970514,-1.001978,0.5183983,-0.6778579,-0.5213177,-0.6429103,-0.2161048,1.981339,1.372312,-0.3556143,-2.94308,-0.06800953,-0.03562733,-0.004969367,0.997036,352.1853,355.927,359.7072,0.42089,-0.1090436,-0.9005335,0,0,0,0.580676,-0.2868792,-0.9941549,-0.65016,-0.2072,1.991,0.997412,-0.005063282,0.07171939,0.01475527,0.9907,-0.1352618,-0.07036753,0.13597,0.9882108,static,-18.06218094334557,-6.226615674618325,-18.084421880927106,-5.941287919137228,-0.791636,0.0687351,1.9489251000000003,-0.3083943229388888,-0.1031746163227108,0.9456468914796297,-18.05612293065112,-5.635757962892249,0.2731690429874604,0.28619326922970584,0.3068377172868111
05/10/2023 16:35:27.078033,2533,True,True,True,True,Eyes,1.372257,-0.3553077,-2.934594,-0.3754643,0.02778153,0.9264204,2.086366,0.5889007,-0.2973453,-1.001742,0.5460731,-0.669788,-0.5031782,-0.6424801,-0.2160172,1.981597,1.372313,-0.355572,-2.943145,-0.06793013,-0.03562239,-0.004869135,0.9970421,352.1948,355.9268,359.7184,0.420906,-0.1090418,-0.9005262,0,0,0,0.5807073,-0.2872955,-0.9941919,-0.65016,-0.2072001,1.991,0.9974147,-0.004869796,0.07169554,0.01454913,0.9907236,-0.1351115,-0.07037251,0.1358053,0.9882331,static,-18.050805384118448,-6.222238976374465,-18.084421880927106,-5.941290766043414,-0.7916056999999999,0.06827650000000002,1.9489530999999998,-0.3082086645701227,-0.10310889642176976,0.9457145373115385,-18.044926707449353,-5.6316205008284,0.27055840762911343,0.28295223226881755,0.3121787018461942
05/10/2023 16:35:27.092865,2534,True,True,True,True,Eyes,1.372316,-0.3553014,-2.934597,-0.3752746,0.02764444,0.9265014,2.08691,0.5891514,-0.2976099,-1.001071,0.5629199,-0.6876019,-0.4586118,-0.6419552,-0.2167535,1.982225,1.372256,-0.3555025,-2.943158,-0.06803605,-0.03566694,-0.004797521,0.9970336,352.1829,355.9211,359.7274,0.4209219,-0.1090399,-0.900519,0,0,0,0.5804873,-0.2869131,-0.9942816,-0.65016,-0.2072,1.991,0.9974098,-0.004713304,0.07177507,0.01441985,0.9906962,-0.1353262,-0.07046945,0.1360107,0.988198,static,-18.034686035346166,-6.239536240162936,-18.084421880927106,-5.941287919137228,-0.7917686999999999,0.06858940000000002,1.9488764,-0.30793311288365066,-0.1034040995468614,0.9457721051377657,-18.030308198045336,-5.648434435663181,0.2897469618891907,0.30236685554191467,0.297811103651144
05/10/2023 16:35:27.102671,2535,True,True,True,True,Eyes,1.372334,-0.3552992,-2.934603,-0.3750587,0.02749277,0.9265933,2.088229,0.5891261,-0.297888,-0.9996641,0.5710707,-0.7385828,-0.3582928,-0.6419473,-0.2173265,1.983577,1.372296,-0.3554795,-2.943174,-0.06804939,-0.03565845,-0.004818144,0.9970329,352.1813,355.9222,359.725,0.4209377,-0.109038,-0.9005119,0,0,0,0.5805582,-0.2868068,-0.9942884,-0.65016,-0.2071999,1.991,0.9974105,-0.004754625,0.07176103,0.01446077,0.9906921,-0.1353513,-0.07044955,0.1360386,0.9881955,moving,-18.02246112895726,-6.2511059692735635,-18.084421880927106,-5.941285072231013,-0.7917377999999999,0.06867270000000003,1.9488856,-0.30772491727276685,-0.10360240813869956,0.945818133030967,-18.019139373308303,-5.659691796955448,0.30324852278159314,0.3159558877896082,0.28906154791223837
05/10/2023 16:35:27.123259,2536,True,True,True,True,Eyes,1.372352,-0.3552968,-2.934612,-0.3748531,0.02735681,0.9266804,2.089695,0.5890234,-0.2981294,-0.9981323,0.3418434,-0.8999479,-0.2706229,-0.6421495,-0.2179762,1.985041,1.372328,-0.3555105,-2.943228,-0.06810097,-0.03561182,-0.004836138,0.997031,352.1754,355.9277,359.7228,0.4209522,-0.1090361,-0.9005052,0,0,0,0.5838935,-0.2846244,-0.9940711,-0.6470399,-0.2052216,1.991254,0.9974169,-0.00479316,0.07167085,0.01449395,0.9906777,-0.1354531,-0.07035348,0.136142,0.9881881,moving,-18.015381780253605,-6.266022787940693,-18.001099729940627,-5.884213577444716,-0.7884345,0.07088610000000001,1.9491569,-0.3075999334715968,-0.1038530444151779,0.9458311855035837,-18.01310752992858,-5.674140183564064,0.36330723691857353,0.38207623608476815,0.2104162970805404
05/10/2023 16:35:27.133018,2537,True,True,True,True,Eyes,1.372383,-0.3552914,-2.934615,-0.3746738,0.02723209,0.9267567,0.0,0.0,0.0,0.0,0.0,0.0,0.0,-1.159386,-0.06715906,3.0535,1.372316,-0.3555049,-2.943283,-0.06822468,-0.0356348,-0.004849093,0.9970217,352.1611,355.9251,359.722,0.4209657,-0.1090342,-0.9004992,0,0,0,0.5868627,-0.2821653,-0.9939771,-0.6439717,-0.2032762,1.991503,0.9974133,-0.004806955,0.07171898,0.01453164,0.9906438,-0.1356974,-0.07039567,0.1363885,0.9881511,moving,-18.00215055450993,-6.288106082466448,-17.91911398244279,-5.8280962329028565,-0.7854533000000001,0.0733396,1.9493059000000001,-0.30736949057797136,-0.10422575343297714,0.9458652191037921,-18.001526576311942,-5.6955508121904845,0.44313641091084566,0.46744425763526,0.15607730193740948
05/10/2023 16:35:27.152970,2538,True,True,True,True,Eyes,1.372413,-0.3552864,-2.934619,-0.3745055,0.02711737,0.9268281,0.0,0.0,0.0,0.0,0.0,0.0,0.0,-1.158842,-0.06857175,3.053576,1.372299,-0.355455,-2.943195,-0.06840914,-0.03572533,-0.004947538,0.9970052,352.1395,355.9154,359.7121,0.4209786,-0.1090324,-0.9004934,0,0,0,0.5897073,-0.2792083,-0.9938554,-0.6407508,-0.2012339,1.991765,0.9973984,-0.004977565,0.07191361,0.01475332,0.9905914,-0.1360551,-0.07055977,0.1367621,0.9880878,moving,-17.9817112505927,-6.319862519591194,-17.83298321083385,-5.7691850038600565,-0.7825916999999999,0.0762467,1.9493395999999996,-0.307014640030646,-0.1047625978164097,0.9459211685659576,-17.983511509979643,-5.726350623175588,0.540411032858877,0.5704084117036907,0.1565041629233792
05/10/2023 16:35:27.173061,2539,True,True,True,True,Eyes,1.372433,-0.3552835,-2.934621,-0.3743437,0.02700838,0.9268966,0.0,0.0,0.0,0.0,0.0,0.0,0.0,-1.158575,-0.06902689,3.053659,1.372287,-0.3554575,-2.943192,-0.06843463,-0.03577241,-0.00506514,0.9970012,352.136,355.9109,359.699,0.4209909,-0.1090305,-0.9004879,0,0,0,0.5926893,-0.2769254,-0.993731,-0.6375638,-0.199213,1.992025,0.9973894,-0.005203759,0.07202353,0.01499604,0.9905821,-0.1360964,-0.070637,0.1368212,0.9880741,moving,-17.96607986476007,-6.334092073229215,-17.747692897391797,-5.710892154270062,-0.7795977000000001,0.0785321,1.9494609999999999,-0.3067486003638333,-0.10500697567335796,0.9459803362894171,-17.969200556673016,-5.740200507263251,0.6257376648189322,0.660356726706865,0.2234381853565274
05/10/2023 16:35:27.192781,2540,True,True,True,True,Eyes,1.372452,-0.3552817,-2.934622,-0.374193,0.02689996,0.9269606,0.0,0.0,0.0,0.0,0.0,0.0,0.0,-1.158107,-0.06913742,3.05379,1.372257,-0.355496,-2.943155,-0.06847142,-0.03584282,-0.005034314,0.9969963,352.1319,355.9025,359.7033,0.4210024,-0.1090287,-0.9004827,0,0,0,0.5956498,-0.2748012,-0.9935916,-0.6343058,-0.197147,1.99229,0.99738,-0.005129965,0.07215974,0.0149468,0.9905726,-0.1361706,-0.07078091,0.1368924,0.9880539,moving,-17.949006649386035,-6.343432941009884,-17.66044803165425,-5.651304125715408,-0.7766072,0.08069479999999996,1.9495634,-0.3064613443083224,-0.1051714197813422,0.9460551675009626,-17.95324057189433,-5.74934369082583,0.7110247094141603,0.7498722376699997,0.3087705101645537
05/10/2023 16:35:27.207603,2541,True,True,True,True,Eyes,1.37247,-0.3552835,-2.934623,-0.3740437,0.02678695,0.9270241,0.0,0.0,0.0,0.0,0.0,0.0,0.0,-1.157724,-0.06881636,3.053921,1.372251,-0.355518,-2.943132,-0.06843,-0.03590428,-0.005012636,0.9969971,352.1367,355.8953,359.7061,0.4210133,-0.109027,-0.9004778,0,0,0,0.5985846,-0.2730089,-0.9934441,-0.6311303,-0.1951336,1.992548,0.9973715,-0.005081306,0.07227897,0.01490903,0.9905844,-0.1360891,-0.0709069,0.1368089,0.9880564,moving,-17.93277073182744,-6.344568034147962,-17.575355678552874,-5.593237354512832,-0.7736664000000001,0.0825091,1.9496878999999998,-0.30619231841269934,-0.10519972602656802,0.9461390986370841,-17.937652246262772,-5.750561917726908,0.7896145085236453,0.8320116047677745,0.3949807858173258
05/10/2023 16:35:27.227918,2542,True,True,True,True,Eyes,1.372488,-0.3552841,-2.934624,-0.3738965,0.0266577,0.9270872,0.0,0.0,0.0,0.0,0.0,0.0,0.0,-1.157647,-0.0674884,3.054017,1.372268,-0.3555996,-2.943154,-0.0682252,-0.03592052,-0.005006098,0.9970106,352.1603,355.8934,359.7061,0.4210235,-0.1090255,-0.9004732,0,0,0,0.6018156,-0.2718349,-0.993239,-0.6278543,-0.1930564,1.992814,0.9973693,-0.005080896,0.07230936,0.01488364,0.9906405,-0.1356829,-0.07094319,0.1364021,0.9881101,moving,-17.92130865739925,-6.3288483252631895,-17.48751078716648,-5.53333474666401,-0.7704524,0.08376470000000003,1.9499149999999998,-0.3060112658141131,-0.10494655542865651,0.9462257805533962,-17.925770847916993,-5.735479038148158,0.8610420475641656,0.9061028892759145,0.48263256772483837
05/10/2023 16:35:27.242669,2543,True,True,True,True,Eyes,1.372489,-0.3552814,-2.934627,-0.3737468,0.02654814,0.9271507,0.0,0.0,0.0,0.0,0.0,0.0,0.0,-1.157906,-0.06577802,3.053924,1.372267,-0.3555702,-2.943124,-0.06800758,-0.03587219,-0.004842065,0.997028,352.186,355.8977,359.7238,0.4210332,-0.1090241,-0.9004689,0,0,0,0.6051887,-0.2708822,-0.9928713,-0.6246846,-0.1910465,1.993072,0.9973795,-0.004776187,0.07218974,0.01453451,0.990703,-0.1352635,-0.07087255,0.1359583,0.9881763,moving,-17.917615005717682,-6.304163242300026,-17.40245260754926,-5.475374928977966,-0.7670782999999999,0.08468799999999999,1.9502527,-0.30596341937423377,-0.10454056577820209,0.9462861886711597,-17.92090118494169,-5.711685736944071,0.9288354175745703,0.975849560529626,0.5697646227713932
05/10/2023 16:35:27.252825,2544,True,True,True,True,Eyes,1.37249,-0.355279,-2.934631,-0.3735963,0.02645573,0.927214,0.0,0.0,0.0,0.0,0.0,0.0,0.0,-1.157784,-0.06664202,3.054007,1.372306,-0.3554574,-2.943177,-0.06816883,-0.03589249,-0.004750539,0.9970167,352.1678,355.8946,359.7352,0.4210419,-0.1090228,-0.900465,0,0,0,0.6085303,-0.2681214,-0.9927482,-0.6213161,-0.1889105,1.993346,0.9973783,-0.004579236,0.07221849,0.01436623,0.9906609,-0.1355899,-0.07092313,0.1362719,0.9881294,moving,-17.906931543467746,-6.324275148507599,-17.31199849311464,-5.413783379110202,-0.7637757000000001,0.08733599999999997,1.9504288,-0.3057760014839349,-0.10487935679986582,0.9463092836135901,-17.911671234087557,-5.731174685582371,1.0361596150806454,1.0876307261855256,0.678487021018148
05/10/2023 16:35:27.277352,2545,True,True,True,True,Eyes,1.37247,-0.3552797,-2.934637,-0.3734207,0.02637723,0.927287,0.0,0.0,0.0,0.0,0.0,0.0,0.0,-1.158549,-0.06776431,3.05372,1.37233,-0.3554618,-2.943193,-0.0682143,-0.03578642,-0.005092253,0.9970157,352.1612,355.9095,359.6951,0.4210497,-0.1090215,-0.9004615,0,0,0,0.6120547,-0.265491,-0.9924383,-0.6182029,-0.1869365,1.993599,0.9973868,-0.005271823,0.07205395,0.0150364,0.9906418,-0.135657,-0.0706645,0.1363859,0.9881323,moving,-17.90730397770849,-6.348365264037792,-17.228344729111313,-5.356867577836535,-0.7602753000000001,0.08997080000000002,1.9507547,-0.3057692268619249,-0.10527746875903557,0.9462672943180029,-17.913308266867137,-5.754418970976689,1.1457986854691435,1.2016876977809539,0.7919735843086247
05/10/2023 16:35:27.293111,2546,True,True,True,True,Eyes,1.372449,-0.3552804,-2.934642,-0.3732585,0.02630229,0.9273545,0.0,0.0,0.0,0.0,0.0,0.0,0.0,-1.159434,-0.06772789,3.053409,1.37227,-0.3555064,-2.943242,-0.0682323,-0.03562942,-0.005059041,0.9970203,352.1594,355.9274,359.6978,0.4210561,-0.1090204,-0.9004586,0,0,0,0.6157264,-0.2635256,-0.9920424,-0.6150916,-0.1849635,1.993853,0.9974099,-0.005225779,0.07173688,0.01495008,0.9906375,-0.1356974,-0.07035612,0.1364184,0.9881498,moving,-17.915613044421754,-6.35388471260067,-17.144678166619467,-5.299981467718431,-0.7565436000000001,0.09198079999999997,1.9511996000000003,-0.3059036574834727,-0.10536385310308373,0.9462142980050817,-17.921609562082843,-5.759682397635532,1.246546181006994,1.3057766406952374,0.9027443371316793
05/10/2023 16:35:27.310990,2547,True,True,True,True,Eyes,1.372427,-0.3552813,-2.934647,-0.3730906,0.02624089,0.9274238,0.0,0.0,0.0,0.0,0.0,0.0,0.0,-1.158743,-0.06769884,3.053628,1.372239,-0.3555059,-2.943211,-0.06831856,-0.03572718,-0.00483799,0.997012,352.1503,355.9144,359.7244,0.4210613,-0.1090194,-0.9004563,0,0,0,0.6187583,-0.2613224,-0.9919271,-0.6116694,-0.1827937,1.994131,0.9974003,-0.004765408,0.07190189,0.01452872,0.9906184,-0.1358831,-0.07057978,0.1365745,0.9881123,moving,-17.895102862021222,-6.358188472608197,-17.052599785482965,-5.237429291152222,-0.7534807,0.09418349999999998,1.9512839,-0.30556221069266204,-0.10544706946926766,0.9463153469429464,-17.902069712596887,-5.763990749625771,1.339513067206335,1.402110044466659,0.9994329025105807
05/10/2023 16:35:27.326850,2548,True,True,True,True,Eyes,1.372408,-0.3552838,-2.934648,-0.3729267,0.02617922,0.9274914,0.0,0.0,0.0,0.0,0.0,0.0,0.0,-1.158162,-0.06811115,3.053851,1.372264,-0.3555076,-2.94321,-0.06842235,-0.03582164,-0.004748466,0.9970019,352.1388,355.9027,359.7359,0.4210654,-0.1090185,-0.9004545,0,0,0,0.6215549,-0.2590559,-0.9918723,-0.6085404,-0.1808096,1.994386,0.9973885,-0.004566457,0.07207829,0.01437046,0.9905917,-0.1360942,-0.07077868,0.1367746,0.9880704,moving,-17.874813245628346,-6.369885781739879,-16.968346705566933,-5.180232832219809,-0.7507090999999999,0.09645169999999997,1.9513377,-0.30522037419893133,-0.10565242040921922,0.9464026951790641,-17.883134705527368,-5.775432251127624,1.4295866067901786,1.495645589219823,1.0913750194776375
05/10/2023 16:35:27.343107,2549,True,True,True,True,Eyes,1.372362,-0.3552896,-2.934651,-0.3727154,0.02611541,0.9275782,0.0,0.0,0.0,0.0,0.0,0.0,0.0,-1.158417,-0.06781006,3.053694,1.372319,-0.3555504,-2.943111,-0.06840454,-0.03578779,-0.004695671,0.9970045,352.141,355.9062,359.7416,0.4210685,-0.1090179,-0.9004532,0,0,0,0.6248546,-0.2572663,-0.9915083,-0.6054336,-0.1788396,1.994638,0.9973944,-0.004467117,0.07200357,0.0142593,0.9905975,-0.1360632,-0.07071875,0.1367354,0.9880801,moving,-17.865829372872636,-6.369663856259613,-16.884647371540385,-5.123450102456729,-0.7474644,0.09828409999999999,1.9516027,-0.3050719433855226,-0.10565403879424447,0.9464504395885254,-17.874464070632772,-5.775286071666433,1.517296991789386,1.586116906128244,1.1851697045392708
05/10/2023 16:35:27.367708,2550,True,True,True,True,Eyes,1.372319,-0.355293,-2.934652,-0.3725116,0.02606048,0.9276615,0.0,0.0,0.0,0.0,0.0,0.0,0.0,-1.158383,-0.06710365,3.053757,1.372328,-0.3555863,-2.943138,-0.06830148,-0.03579414,-0.004674553,0.9970116,352.1529,355.9053,359.7437,0.4210702,-0.1090175,-0.9004524,0,0,0,0.6280334,-0.2557127,-0.9913113,-0.6022407,-0.176815,1.994898,0.9973939,-0.004431581,0.07201289,0.01421075,0.9906261,-0.1358601,-0.07073577,0.1365294,0.9881073,moving,-17.85227427448246,-6.36045083764378,-16.798565026238986,-5.065095468713803,-0.7442946,0.0998736,1.9518266999999998,-0.3048526923274578,-0.10550961663318886,0.9465370864964869,-17.860910572834072,-5.7664980242439325,1.5987285493019872,1.6698049921022355,1.2730057365442657
05/10/2023 16:35:27.378084,2551,True,True,True,True,Eyes,1.372253,-0.3552987,-2.934655,-0.3722566,0.02602668,0.9277649,0.0,0.0,0.0,0.0,0.0,0.0,0.0,-1.158608,-0.06772229,3.053634,1.372376,-0.3555313,-2.943098,-0.06832367,-0.03577355,-0.004847637,0.9970099,352.1497,355.9091,359.7237,0.4210706,-0.1090174,-0.9004523,0,0,0,0.6312836,-0.2533495,-0.9910538,-0.5991106,-0.1748303,1.995153,0.9973935,-0.004777927,0.07199556,0.01455464,0.9906168,-0.1358919,-0.07067072,0.1365856,0.9881043,moving,-17.838324898929837,-6.37215123098684,-16.714120840531237,-5.007895092574811,-0.7410924000000001,0.10218179999999999,1.9520442,-0.30461570127905047,-0.10571133290137213,0.9465909690134804,-17.848086597727313,-5.777894526151744,1.6933521303138432,1.7677753183351057,1.3706850353754025
05/10/2023 16:35:27.391371,2552,True,True,True,True,Eyes,1.372187,-0.3553033,-2.934657,-0.3720062,0.02599306,0.9278662,0.0,0.0,0.0,0.0,0.0,0.0,0.0,-1.159284,-0.06791994,3.053388,1.372405,-0.3555509,-2.943097,-0.0682997,-0.03567449,-0.004996069,0.9970144,352.1519,355.9217,359.7057,0.4210692,-0.1090175,-0.9004529,0,0,0,0.6349716,-0.2511793,-0.9906995,-0.5958322,-0.1727515,1.995419,0.9974048,-0.005089191,0.0718184,0.01483542,0.9906204,-0.1358351,-0.07045347,0.136548,0.988125,moving,-17.833638533755856,-6.377732230485754,-16.6256272810231,-4.947990330785145,-0.7374334000000001,0.10437160000000001,1.9523975,-0.3045351589684285,-0.10580638975154139,0.9466061915859532,-17.843865865613914,-5.783315684771426,1.7942198652047727,1.8717513420560088,1.4771166832712088
05/10/2023 16:35:27.403637,2553,True,True,True,True,Eyes,1.372115,-0.3553062,-2.93466,-0.3716654,0.02600163,0.9280025,0.0,0.0,0.0,0.0,0.0,0.0,0.0,-1.15973,-0.0678578,3.053177,1.372348,-0.3555279,-2.943082,-0.06825646,-0.0355961,-0.005071118,0.9970198,352.1565,355.9314,359.6962,0.4210663,-0.1090178,-0.9004542,0,0,0,0.6384924,-0.2491478,-0.9903509,-0.5925605,-0.170677,1.995685,0.9974144,-0.005252684,0.07167229,0.01497134,0.9906306,-0.135745,-0.07028774,0.1364671,0.9881479,moving,-17.821101398512816,-6.375573536100894,-16.537252416054073,-4.888213251675513,-0.7338555999999999,0.1063801,1.9527310999999998,-0.30432893715696213,-0.10577804141825886,0.946675656330455,-17.831667762562002,-5.78132739902517,1.8847012596445116,1.9648177588382845,1.572629635187938
05/10/2023 16:35:27.427305,2554,True,True,True,True,Eyes,1.372045,-0.3553105,-2.934662,-0.3713395,0.02601112,0.9281328,0.0,0.0,0.0,0.0,0.0,0.0,0.0,-1.159833,-0.0688346,3.053123,1.37232,-0.355482,-2.943107,-0.06834562,-0.03558085,-0.005226093,0.9970134,352.1457,355.9343,359.6786,0.4210618,-0.1090183,-0.9004562,0,0,0,0.6415734,-0.246608,-0.9901854,-0.5895084,-0.1687419,1.995934,0.9974134,-0.005557378,0.07166351,0.01528456,0.9906032,-0.1359111,-0.07023481,0.1366549,0.9881257,moving,-17.802355382828214,-6.391504320440134,-16.454750916699584,-4.8324556470723685,-0.7307466,0.10887400000000003,1.9529215999999998,-0.3040102781475279,-0.10605259394326533,0.9467474294437309,-17.8144451149148,-5.796842548820094,1.9772553648128466,2.060745147527859,1.6669764272246612
05/10/2023 16:35:27.442911,2555,True,True,True,True,Eyes,1.372013,-0.3553138,-2.934663,-0.3709651,0.02591469,0.9282851,0.0,0.0,0.0,0.0,0.0,0.0,0.0,-1.159718,-0.06890547,3.053153,1.372309,-0.3555197,-2.943095,-0.06835942,-0.0355983,-0.005235635,0.9970118,352.144,355.9324,359.6777,0.421056,-0.1090189,-0.9004589,0,0,0,0.6447924,-0.2444921,-0.9899864,-0.5862142,-0.166653,1.996202,0.9974107,-0.005573023,0.07169964,0.01530694,0.9905992,-0.1359375,-0.07026803,0.136683,0.9881195,moving,-17.777283994588903,-6.3992846863628285,-16.365655350469986,-4.772273679305098,-0.7275166,0.1110276,1.9531086,-0.3035912691048837,-0.1061960350550232,0.9468656963475307,-17.79069351865182,-5.804540360144381,2.0675034059644424,2.1540334830229595,1.759632996151752
05/10/2023 16:35:27.458148,2556,True,True,True,True,Eyes,1.371981,-0.355314,-2.934663,-0.3706078,0.02582288,0.9284304,0.0,0.0,0.0,0.0,0.0,0.0,0.0,-1.159379,-0.06866404,3.053283,1.37228,-0.355567,-2.943099,-0.06834957,-0.0356466,-0.00517958,0.997011,352.1454,355.9264,359.6845,0.4210499,-0.1090197,-0.9004616,0,0,0,0.6477214,-0.2426652,-0.9898455,-0.5830743,-0.1646619,1.996457,0.997405,-0.005455337,0.07178815,0.01520106,0.990603,-0.1359213,-0.07037206,0.1366598,0.9881153,moving,-17.749875944369766,-6.401382183610672,-16.280682940961807,-4.714915644477911,-0.7245585999999999,0.11290180000000002,1.9532535000000002,-0.30313664672055446,-0.10624683909604724,0.9470056772763356,-17.764388296642363,-5.806771850935456,2.1476017498235276,2.2366710685474818,1.8421540538334535
05/10/2023 16:35:27.474111,2557,True,True,True,True,Eyes,1.371928,-0.3553156,-2.934665,-0.3700763,0.02562504,0.9286479,0.0,0.0,0.0,0.0,0.0,0.0,0.0,-1.159178,-0.06880182,3.053314,1.37225,-0.3554934,-2.943078,-0.06836004,-0.03567481,-0.005179967,0.9970093,352.1442,355.9231,359.6847,0.4210436,-0.1090204,-0.9004645,0,0,0,0.6508256,-0.240498,-0.9896539,-0.579834,-0.1626073,1.996721,0.997401,-0.005451488,0.07184443,0.01520641,0.9906001,-0.1359416,-0.07042801,0.1366808,0.9881084,moving,-17.714006287445432,-6.414514940032648,-16.192932535169284,-4.655731770318704,-0.7214244,0.11499540000000003,1.9534240999999999,-0.302535970957144,-0.10648522701755621,0.9471710064054637,-17.7305130480676,-5.819716459920318,2.2330547045232687,2.3252921532427853,1.9284745762575182
05/10/2023 16:35:27.492753,2558,True,True,True,True,Eyes,1.371875,-0.3553185,-2.934668,-0.369559,0.02542997,0.9288592,0.0,0.0,0.0,0.0,0.0,0.0,0.0,-1.159359,-0.06826943,3.053281,1.372255,-0.3555342,-2.943095,-0.06834234,-0.03563887,-0.005028862,0.9970126,352.1469,355.9261,359.7018,0.4210366,-0.1090211,-0.9004677,0,0,0,0.6541548,-0.2387899,-0.9893927,-0.5766591,-0.1605943,1.996979,0.9974092,-0.005156392,0.07175215,0.01489896,0.9906081,-0.1359179,-0.07037742,0.1366348,0.9881185,moving,-17.686883753239808,-6.418281641106242,-16.10690511705186,-4.5977532284545815,-0.7181002,0.11674430000000002,1.9537023,-0.3020850081855395,-0.10656347826085426,0.9473060879200191,-17.704571570493187,-5.823556581780641,2.3157205777960153,2.4105302719696984,2.0137358211734733
05/10/2023 16:35:27.502820,2559,True,True,True,True,Eyes,1.371931,-0.3553112,-2.934666,-0.3689822,0.02545478,0.9290878,0.0,0.0,0.0,0.0,0.0,0.0,0.0,-1.159803,-0.06773821,3.053135,1.372219,-0.3555682,-2.943119,-0.06832345,-0.03555346,-0.004881178,0.9970177,352.1496,355.9348,359.718,0.4210289,-0.109022,-0.9004712,0,0,0,0.6576717,-0.2370476,-0.989065,-0.5734491,-0.1585587,1.99724,0.9974243,-0.004874971,0.07156184,0.01459151,0.9906162,-0.1358923,-0.07022785,0.1365864,0.9881358,moving,-17.66142916398246,-6.408951257513036,-16.019872222920856,-4.53912916523199,-0.7145473000000001,0.1185206,1.9540539999999997,-0.30166865646638724,-0.10642392810063764,0.9474544416930679,-17.67954284607902,-5.814745318547189,2.3915226135520555,2.488160735870937,2.093251811888114
05/10/2023 16:35:27.522991,2560,True,True,True,True,Eyes,1.371984,-0.3553018,-2.934663,-0.368422,0.02547998,0.9293095,0.0,0.0,0.0,0.0,0.0,0.0,0.0,-1.160367,-0.06775522,3.052924,1.372235,-0.3555419,-2.94312,-0.06834843,-0.0354608,-0.004823208,0.9970195,352.147,355.945,359.7241,0.4210234,-0.1090224,-0.9004737,0,0,0,0.6612028,-0.2349938,-0.9887275,-0.5703023,-0.1565633,1.997496,0.9974385,-0.004770285,0.07136951,0.01446504,0.9906104,-0.1359473,-0.07005089,0.1366315,0.9881421,moving,-17.637654907848706,-6.408216687841919,-15.934500172846244,-4.481668119882056,-0.7110322000000001,0.12054810000000002,1.9543925,-0.3012754681625416,-0.10642566804663275,0.9475794508743424,-17.656589705547656,-5.814216351555326,2.472577407661427,2.5714442315690036,2.1774473927916898
05/10/2023 16:35:27.543102,2561,True,True,True,True,Eyes,1.372066,-0.3552894,-2.934659,-0.367876,0.02580514,0.9295168,0.0,0.0,0.0,0.0,0.0,0.0,0.0,-1.160916,-0.06791708,3.052666,1.372249,-0.3554808,-2.943073,-0.06835262,-0.03537536,-0.004860555,0.9970221,352.1464,355.9552,359.7191,0.4210199,-0.1090225,-0.9004753,0,0,0,0.6647988,-0.2328037,-0.988351,-0.5670569,-0.1545056,1.99776,0.9974499,-0.004856165,0.07120448,0.01452816,0.9906086,-0.1359542,-0.06987555,0.136642,0.988153,moving,-17.61305736018011,-6.390914997859834,-15.846400086000836,-4.422418986588574,-0.7074502,0.12267709999999998,1.954722,-0.3008774385533647,-0.10615350909055059,0.9477364283312049,-17.63196410921041,-5.797706245509144,2.544805161733178,2.645005571034097,2.2538087597508403
05/10/2023 16:35:27.560703,2562,True,True,True,True,Eyes,1.372143,-0.3552754,-2.934655,-0.3673498,0.02612095,0.929716,0.0,0.0,0.0,0.0,0.0,0.0,0.0,-1.161339,-0.06783903,3.052536,1.372232,-0.3554995,-2.943108,-0.06833711,-0.03530376,-0.004876308,0.9970256,352.1482,355.9636,359.7167,0.4210188,-0.109022,-0.9004759,0,0,0,0.6682989,-0.2308076,-0.9880714,-0.5638231,-0.152455,1.998023,0.9974598,-0.004898493,0.07106397,0.01454872,0.9906125,-0.1359234,-0.06973103,0.136612,0.9881673,moving,-17.588135129408307,-6.371043244539823,-15.7585619457047,-4.363380633851113,-0.7039330999999999,0.12469190000000002,1.9550366000000001,-0.3004752854713193,-0.10583886365760664,0.9478991286025843,-17.606889224285208,-5.7787184700243985,2.6149114608527557,2.7162560985453412,2.3279808674575704
05/10/2023 16:35:27.572663,2563,True,True,True,True,Eyes,1.372261,-0.3552571,-2.93465,-0.3667659,0.02673675,0.929929,0.0,0.0,0.0,0.0,0.0,0.0,0.0,-1.161461,-0.06818724,3.05243,1.372193,-0.3554448,-2.94308,-0.06837544,-0.03527865,-0.00490421,0.9970237,352.1436,355.9667,359.7134,0.4210199,-0.1090211,-0.9004755,0,0,0,0.6716091,-0.2285044,-0.9878087,-0.5605763,-0.1503963,1.998287,0.9974627,-0.00495484,0.07101794,0.01460361,0.9906015,-0.1359978,-0.06967664,0.1366899,0.9881604,moving,-17.553977695065075,-6.3396743769317645,-15.670317885814702,-4.304115455566972,-0.7005839,0.1269404,1.9552713000000002,-0.2999261427103528,-0.10533896644843738,0.9481287018706038,-17.572303274489204,-5.7487057931734,2.671593254578583,2.773386810261589,2.388386413928272
05/10/2023 16:35:27.593016,2564,True,True,True,True,Eyes,1.372373,-0.3552412,-2.934648,-0.3662112,0.02733152,0.9301303,0.0,0.0,0.0,0.0,0.0,0.0,0.0,-1.161206,-0.06851119,3.052542,1.372154,-0.355446,-2.94312,-0.06841413,-0.03531484,-0.004936384,0.9970196,352.1391,355.9627,359.7101,0.4210239,-0.1090196,-0.9004738,0,0,0,0.6744838,-0.2263779,-0.9877135,-0.557524,-0.1484607,1.998536,0.997457,-0.005011274,0.07109459,0.01467541,0.9905903,-0.1360718,-0.06974373,0.1367691,0.9881448,moving,-17.514605713951592,-6.309672930726002,-15.587305734667813,-4.2483982394345645,-0.6976702000000001,0.1290681,1.9554065,-0.2992896389866975,-0.10486445704414993,0.9483824057905585,-17.53276397281118,-5.720052143918303,2.719800659972442,2.8219387950672967,2.4393796282953004
05/10/2023 16:35:27.607927,2565,True,True,True,True,Eyes,1.372522,-0.3552233,-2.934643,-0.3656445,0.02821525,0.9303268,0.0,0.0,0.0,0.0,0.0,0.0,0.0,-1.160653,-0.06875664,3.05278,1.372136,-0.3554889,-2.943157,-0.06847974,-0.03539945,-0.004887041,0.9970124,352.1317,355.9525,359.7168,0.4210304,-0.1090176,-0.900471,0,0,0,0.677325,-0.224207,-0.9876731,-0.554338,-0.1464405,1.998795,0.997446,-0.00489659,0.0712567,0.01459317,0.9905733,-0.1362043,-0.06991804,0.1368963,0.9881148,moving,-17.468883172778224,-6.26204656651916,-15.500614553368393,-4.190253838434103,-0.6948110000000001,0.1312819,1.9554839,-0.2985567881753397,-0.10410112594989795,0.9486973992382615,-17.486168788014695,-5.674438398807238,2.756130315945404,2.857692507303682,2.478957326775081
05/10/2023 16:35:27.627901,2566,True,True,True,True,Eyes,1.372664,-0.3552066,-2.934637,-0.365099,0.02905723,0.9305151,0.0,0.0,0.0,0.0,0.0,0.0,0.0,-1.160291,-0.06873208,3.052925,1.372146,-0.3555341,-2.943156,-0.0684967,-0.03545854,-0.004851321,0.9970092,352.1299,355.9454,359.7214,0.4210401,-0.1090151,-0.9004667,0,0,0,0.680291,-0.2222132,-0.9875466,-0.5511533,-0.1444213,1.999054,0.9974383,-0.004816038,0.07136957,0.01453121,0.9905694,-0.1362396,-0.07004038,0.1369277,0.9881018,moving,-17.42729110014157,-6.212019090864027,-15.413907675486877,-4.132144372641391,-0.6918550000000001,0.13332090000000002,1.9556094000000002,-0.2978931984909531,-0.10329517181017664,0.948994048199365,-17.44342725465523,-5.62647631220537,2.7939018886221914,2.8947524346955733,2.5203130098915754
05/10/2023 16:35:27.642741,2567,True,True,True,True,Eyes,1.372779,-0.3551894,-2.934633,-0.3644969,0.03010147,0.9307179,0.0,0.0,0.0,0.0,0.0,0.0,0.0,-1.160332,-0.06819183,3.052883,1.372105,-0.3555433,-2.943134,-0.0684225,-0.03544443,-0.004820599,0.997015,352.1385,355.9468,359.7246,0.4210525,-0.1090121,-0.9004613,0,0,0,0.6835994,-0.2204652,-0.9872673,-0.5478612,-0.1423338,1.999322,0.9974409,-0.004762026,0.07133692,0.01446281,0.9905903,-0.1360948,-0.07001756,0.1367782,0.9881241,moving,-17.390069428172136,-6.139860885511168,-15.324222306643266,-4.072075731600091,-0.6885055999999999,0.1350781,1.9558667,-0.2973129101909164,-0.10211927306127905,0.9493032105125448,-17.403723893543887,-5.557124870604784,2.8239197699898955,2.9229197341466935,2.5553273362097433
05/10/2023 16:35:27.660847,2568,True,True,True,True,Eyes,1.372891,-0.355173,-2.934629,-0.3639128,0.03110461,0.9309136,0.0,0.0,0.0,0.0,0.0,0.0,0.0,-1.160447,-0.06786609,3.052866,1.372108,-0.355522,-2.943154,-0.06839534,-0.03542275,-0.004748447,0.997018,352.142,355.9488,359.7326,0.4210666,-0.1090088,-0.9004551,0,0,0,0.6867847,-0.2186752,-0.9870427,-0.5447664,-0.1403713,1.999573,0.9974454,-0.004623073,0.07128377,0.01431407,0.9905991,-0.1360463,-0.06998468,0.1367192,0.9881346,moving,-17.355199784526093,-6.073898947112483,-15.239870446760873,-4.015612427630787,-0.6853233000000001,0.13684680000000002,1.9561112999999999,-0.2967679002648891,-0.10104427106118702,0.949588870032781,-17.366616206340435,-5.493735065629435,2.854112499428372,2.9514677032775265,2.5899602427168125
05/10/2023 16:35:27.672670,2569,True,True,True,True,Eyes,1.373033,-0.3551543,-2.934624,-0.3632829,0.03226852,0.9311199,0.0,0.0,0.0,0.0,0.0,0.0,0.0,-1.160913,-0.06787139,3.05268,1.372132,-0.3555219,-2.943134,-0.06842091,-0.03534802,-0.004694821,0.9970192,352.1393,355.957,359.7383,0.4210822,-0.1090051,-0.9004483,0,0,0,0.6903287,-0.2165884,-0.9867117,-0.5415424,-0.1383271,1.999835,0.997457,-0.004524567,0.07112776,0.01419874,0.9905931,-0.136102,-0.06984286,0.1367658,0.9881382,moving,-17.32352104794239,-6.005132633612217,-15.151943873942228,-3.9568042052783188,-0.6818032999999999,0.13893350000000002,1.9564223000000003,-0.2962766006309561,-0.09992045298198189,0.9498610793088907,-17.332435205184755,-5.427614876913609,2.8895554681115363,2.985196270425002,2.630176130493937
05/10/2023 16:35:27.691439,2570,True,True,True,True,Eyes,1.373168,-0.3551331,-2.934619,-0.3626736,0.03338415,0.9313181,0.0,0.0,0.0,0.0,0.0,0.0,0.0,-1.161346,-0.06757507,3.052557,1.37214,-0.355549,-2.943164,-0.06840555,-0.03527493,-0.004627541,0.9970231,352.1413,355.9649,359.7454,0.4210999,-0.1090011,-0.9004405,0,0,0,0.6938661,-0.214696,-0.9864222,-0.5383008,-0.1362717,2.000099,0.9974685,-0.004401529,0.07097293,0.01405353,0.9905986,-0.1360773,-0.06970674,0.1367303,0.9881527,moving,-17.292938773869583,-5.934094953612572,-15.063482724768523,-3.8976797981413847,-0.6782738999999999,0.140853,1.9567417999999999,-0.29580406904888984,-0.09875784328006158,0.9501299311781432,-17.299190494911162,-5.359294509323946,2.925703214475482,3.019513364816597,2.6710871939009126
05/10/2023 16:35:27.707859,2571,True,True,True,True,Eyes,1.373327,-0.3551078,-2.934613,-0.3619624,0.03462752,0.9315494,0.0,0.0,0.0,0.0,0.0,0.0,0.0,-1.161615,-0.06747764,3.052413,1.3721,-0.3554691,-2.943146,-0.06839821,-0.03522243,-0.004579566,0.9970256,352.1424,355.9706,359.7505,0.4211194,-0.1089966,-0.9004319,0,0,0,0.6974124,-0.2125553,-0.986107,-0.5349226,-0.1341296,2.000374,0.9974768,-0.004313586,0.07086179,0.01395019,0.9906014,-0.1360669,-0.06960885,0.1367121,0.9881622,moving,-17.25352572993146,-5.857100768093101,-14.971241332199817,-3.8360694548544787,-0.6746876,0.14291379999999998,1.957039,-0.2951872034983325,-0.09750044329103952,0.9504516333009037,-17.257118472524855,-5.2852929002023705,2.9567749517356745,3.048506132718175,2.706562930213629
05/10/2023 16:35:27.727583,2572,True,True,True,True,Eyes,1.37348,-0.3550864,-2.934604,-0.3612804,0.03581602,0.9317692,0.0,0.0,0.0,0.0,0.0,0.0,0.0,-1.161897,-0.06866086,3.052292,1.372084,-0.3554382,-2.943171,-0.06855518,-0.03517608,-0.004662059,0.9970162,352.124,355.9765,359.7413,0.421141,-0.1089916,-0.9004224,0,0,0,0.7005108,-0.2099415,-0.9859312,-0.5319969,-0.1322745,2.000612,0.9974818,-0.004473291,0.07078146,0.0141193,0.9905569,-0.1363733,-0.06950302,0.1370292,0.9881257,moving,-17.21544988215536,-5.807198628270206,-14.891312844183277,-3.7827205033027864,-0.6715732000000001,0.14549669999999998,1.9572398,-0.29457887505076874,-0.09669160086321323,0.9507229762016766,-17.217772606206456,-5.237425156547037,2.9914038710754767,3.0822272222769778,2.7438259151198747
05/10/2023 16:35:27.732673,2573,True,True,True,True,Eyes,1.373667,-0.3550608,-2.934597,-0.360266,0.037056,0.9321133,0.0,0.0,0.0,0.0,0.0,0.0,0.0,-1.161736,-0.06813037,3.052283,1.372061,-0.3555079,-2.943087,-0.06851904,-0.03519584,-0.004569484,0.9970183,352.1285,355.9735,359.752,0.4211645,-0.1089863,-0.9004121,0,0,0,0.7037049,-0.2081752,-0.9856427,-0.528702,-0.1301853,2.00088,0.9974808,-0.00428855,0.07080798,0.01393489,0.9905685,-0.1363078,-0.0695556,0.1369511,0.9881328,moving,-17.149154915020965,-5.725477955169911,-14.801250012099842,-3.7226467058352752,-0.6683561,0.14733269999999998,1.9574442999999997,-0.29351624716731367,-0.09536809436233758,0.9511850930052482,-17.149540416671545,-5.159065871468522,2.997667721375062,3.086096311924238,2.752774571882348
05/10/2023 16:35:27.757885,2574,True,True,True,True,Eyes,1.373848,-0.3550324,-2.934589,-0.359287,0.03827678,0.9324418,0.0,0.0,0.0,0.0,0.0,0.0,0.0,-1.161032,-0.067285,3.052678,1.372104,-0.3554851,-2.943182,-0.06845668,-0.03530789,-0.004363548,0.9970196,352.1365,355.959,359.7763,0.4211904,-0.1089805,-0.9004006,0,0,0,0.7065133,-0.2066134,-0.9856446,-0.5254914,-0.1281492,2.001141,0.9974687,-0.003866964,0.07100274,0.01353521,0.9905893,-0.1361971,-0.06980789,0.1368134,0.9881341,moving,-17.074690715189828,-5.63743557927623,-14.713443647168118,-3.664107710530184,-0.6655907,0.1488717,1.9575374,-0.29231960343148405,-0.0939423770046517,0.9516953556132255,-17.07309914449062,-5.074667921559327,2.991582029168753,3.0772569918371997,2.7491187997216278
05/10/2023 16:35:27.773053,2575,True,True,True,True,Eyes,1.373998,-0.3550085,-2.934581,-0.3581186,0.03958748,0.9328365,0.0,0.0,0.0,0.0,0.0,0.0,0.0,-1.161483,-0.06991377,3.052407,1.372141,-0.3553927,-2.943135,-0.06877804,-0.03524951,-0.004605375,0.9969984,352.0987,355.9676,359.7493,0.4212184,-0.1089742,-0.9003883,0,0,0,0.7097216,-0.2030953,-0.9854455,-0.5225639,-0.1262931,2.001379,0.9974725,-0.004334318,0.07092091,0.01403189,0.9904968,-0.1368185,-0.06965392,0.1374679,0.9880542,moving,-17.008121848925903,-5.605419932330341,-14.633337982934469,-3.610750309328195,-0.6624194000000001,0.1522974,1.9576894999999999,-0.2912274355988017,-0.09344312116931179,0.9520793033312107,-17.007240005293973,-5.044276352425697,3.015649499726369,3.101339277650987,2.773158439036854
05/10/2023 16:35:27.788897,2576,True,True,True,True,Eyes,1.374142,-0.3549849,-2.93457,-0.3569923,0.04086629,0.9332129,0.0,0.0,0.0,0.0,0.0,0.0,0.0,-1.161348,-0.07181498,3.052431,1.372177,-0.3554676,-2.943127,-0.06907917,-0.0352786,-0.004666416,0.9969764,352.0638,355.9646,359.7437,0.4212476,-0.1089676,-0.9003755,0,0,0,0.7129578,-0.1998069,-0.9853597,-0.5192599,-0.124198,2.001648,0.9974673,-0.004430582,0.07098855,0.01417865,0.9904125,-0.1374113,-0.06969914,0.1380699,0.987967,moving,-16.93456157148043,-5.565857221726195,-14.542879984489735,-3.5505294535146716,-0.6592192,0.15566069999999999,1.9577673,-0.2900217717296199,-0.09282119819225926,0.9525079893276643,-16.934241984566707,-5.0066547255595495,3.0420555940108467,3.127568836472631,2.7998058902895226
05/10/2023 16:35:27.804594,2577,True,True,True,True,Eyes,1.374265,-0.3549657,-2.934559,-0.355683,0.04216625,0.933655,0.0,0.0,0.0,0.0,0.0,0.0,0.0,-1.161725,-0.07372713,3.052155,1.372168,-0.3554488,-2.943043,-0.0692133,-0.03523511,-0.005101464,0.9969664,352.0467,355.9731,359.6937,0.4212776,-0.1089607,-0.9003623,0,0,0,0.7163384,-0.1967161,-0.9850904,-0.516066,-0.1221729,2.001908,0.997465,-0.0052945,0.07096262,0.01504945,0.990367,-0.1376472,-0.06955026,0.1383662,0.987936,moving,-16.856917786397876,-5.520716776441552,-14.455389230020252,-3.4923285929494194,-0.6558296,0.1587327,1.9579525999999998,-0.288749962432019,-0.09210773606301886,0.9529636259091503,-16.857012266273646,-4.963681451265783,3.058543527832391,3.1435168251542263,2.816500034073975
05/10/2023 16:35:27.822864,2578,True,True,True,True,Eyes,1.37438,-0.3549459,-2.934547,-0.3544334,0.04338446,0.9340743,0.0,0.0,0.0,0.0,0.0,0.0,0.0,-1.162186,-0.07232261,3.051965,1.372105,-0.3555029,-2.943015,-0.06891934,-0.03515951,-0.005274487,0.9969885,352.0798,355.9832,359.672,0.4213079,-0.1089539,-0.9003489,0,0,0,0.719808,-0.1956843,-0.984678,-0.5128372,-0.1201255,2.002171,0.997472,-0.005670866,0.07083428,0.01536355,0.9904446,-0.1370527,-0.06938022,0.1377945,0.9880279,moving,-16.78635788141208,-5.4216978659957125,-14.366894420929029,-3.4334946349574635,-0.6522969999999999,0.1598186,1.9583369999999998,-0.28761892586567794,-0.09049284336966923,0.9534602472616714,-16.783751695393658,-4.868661537426179,3.049826594435009,3.1315739691924174,2.8108545183047524
05/10/2023 16:35:27.843081,2579,True,True,True,True,Eyes,1.374378,-0.3549335,-2.934542,-0.3530288,0.04460644,0.9345485,0.0,0.0,0.0,0.0,0.0,0.0,0.0,-1.16138,-0.06989071,3.052304,1.372052,-0.3554673,-2.943019,-0.06860246,-0.0352747,-0.00504897,0.9970075,352.117,355.9682,359.6976,0.4213382,-0.108947,-0.9003356,0,0,0,0.7224982,-0.195141,-0.9845064,-0.5096273,-0.11809,2.002432,0.9974604,-0.005227861,0.071031,0.01490758,0.9905365,-0.1364381,-0.06964552,0.1371505,0.9880988,moving,-16.68515261919773,-5.304435477124162,-14.278874379274995,-3.3750115627740085,-0.6495538000000001,0.16032629999999998,1.9585126000000002,-0.2859835126369632,-0.08858654867882114,0.9541309243831072,-16.67998654630589,-4.756268449220168,3.0066349584180263,3.084291103185937,2.770055996729803
05/10/2023 16:35:27.853014,2580,True,True,True,True,Eyes,1.374376,-0.354921,-2.934538,-0.3516807,0.04577649,0.9350001,0.0,0.0,0.0,0.0,0.0,0.0,0.0,-1.16032,-0.06889486,3.05275,1.372052,-0.3554253,-2.943046,-0.06846949,-0.03544426,-0.004945093,0.9970112,352.1326,355.9478,359.7104,0.4213655,-0.1089404,-0.9003236,0,0,0,0.7250426,-0.1937182,-0.9844924,-0.5064119,-0.1160514,2.002693,0.9974385,-0.005006925,0.07135382,0.01471432,0.990575,-0.1361791,-0.06999946,0.1368802,0.9881113,moving,-16.581518860978385,-5.215863757708722,-14.19066053013076,-3.316448303011473,-0.6470094000000001,0.1617071,1.9585535999999997,-0.28429324711141923,-0.08715719568117172,0.9547674908987315,-16.575402906589265,-4.671580402397757,2.978467644392635,3.0535197113701833,2.7428779062991544
05/10/2023 16:35:27.878080,2581,True,True,True,True,Eyes,1.374326,-0.3549146,-2.934535,-0.3502029,0.04697033,0.9354955,0.0,0.0,0.0,0.0,0.0,0.0,0.0,-1.160182,-0.06859684,3.052828,1.372072,-0.3554126,-2.943057,-0.06846559,-0.03546467,-0.004829837,0.9970114,352.1335,355.9446,359.7238,0.4213901,-0.1089341,-0.9003128,0,0,0,0.7280682,-0.1918946,-0.9843178,-0.503322,-0.1140921,2.002945,0.9974379,-0.004774585,0.0713787,0.01448702,0.9905782,-0.1361793,-0.07005599,0.1368645,0.9881094,moving,-16.48745742865478,-5.140424357533731,-14.105838636141256,-3.2601690835721175,-0.6440037999999999,0.16351800000000002,1.9587392000000001,-0.282755450300419,-0.08594075268552404,0.9553343163218947,-16.480742011745207,-4.59949268839851,2.9613223492457674,3.0343809859861093,2.726527784912563
05/10/2023 16:35:27.892895,2582,True,True,True,True,Eyes,1.374281,-0.3549045,-2.934531,-0.3487773,0.04811539,0.9359697,0.0,0.0,0.0,0.0,0.0,0.0,0.0,-1.160569,-0.06809965,3.052704,1.37209,-0.3554604,-2.943055,-0.06847014,-0.03539574,-0.004645276,0.9970143,352.1338,355.9511,359.7446,0.4214111,-0.1089284,-0.9003037,0,0,0,0.73159,-0.1900742,-0.9840032,-0.500081,-0.112037,2.003208,0.9974511,-0.004415712,0.07121623,0.01410992,0.9905806,-0.1362026,-0.06994398,0.1368603,0.9881179,moving,-16.407112157989857,-5.066403715416186,-14.016832835890881,-3.201148649968228,-0.6405000000000001,0.1653862,1.9590518000000001,-0.2814445359023139,-0.08474051526432227,0.9558284330107054,-16.399376335995562,-4.528670295667845,2.960695164143352,3.0319320072906004,2.7274213553633557
05/10/2023 16:35:27.903102,2583,True,True,True,True,Eyes,1.374203,-0.354897,-2.934531,-0.3472497,0.04931945,0.9364749,0.0,0.0,0.0,0.0,0.0,0.0,0.0,-1.161048,-0.06802058,3.052499,1.372137,-0.355364,-2.94302,-0.06848727,-0.03532031,-0.004541541,0.9970163,352.1323,355.959,359.756,0.4214289,-0.1089229,-0.900296,0,0,0,0.7354529,-0.1877865,-0.9836401,-0.4965582,-0.1098032,2.003495,0.9974637,-0.004217998,0.07105193,0.01389396,0.9905778,-0.136245,-0.06980777,0.1368866,0.9881239,moving,-16.321178566434853,-4.993495234121871,-13.920028743838685,-3.1370042303062746,-0.6366841,0.16757750000000002,1.9593799,-0.2800386662090678,-0.08355995715311698,0.9563451676130427,-16.312683513821653,-4.458963430874796,2.9655053466174155,3.0351407410203968,2.7335641525835856
05/10/2023 16:35:27.922578,2584,True,True,True,True,Eyes,1.374128,-0.3548907,-2.934532,-0.3457742,0.05048141,0.9369588,0.0,0.0,0.0,0.0,0.0,0.0,0.0,-1.16144,-0.06822351,3.052434,1.372166,-0.3553516,-2.9431,-0.06851546,-0.03526013,-0.004548714,0.9970164,352.129,355.9659,359.7549,0.4214429,-0.108918,-0.9002901,0,0,0,0.738657,-0.1857864,-0.9834628,-0.4936226,-0.1079419,2.003734,0.9974721,-0.004238556,0.07093317,0.01390201,0.9905699,-0.1363013,-0.06968654,0.1369428,0.9881247,moving,-16.236692182023784,-4.928536113902948,-13.83932077642881,-3.0835645240794185,-0.633509,0.1695652,1.9596372,-0.2786526180621808,-0.08251028872027637,0.9568410180072011,-16.227807286628337,-4.396916795551312,2.95698746733968,3.0251131918690883,2.725758976576157
05/10/2023 16:35:27.942955,2585,True,True,True,True,Eyes,1.374039,-0.3548853,-2.934534,-0.3442045,0.05170431,0.93747,0.0,0.0,0.0,0.0,0.0,0.0,0.0,-1.162062,-0.06864935,3.052189,1.372165,-0.3553768,-2.943098,-0.06859788,-0.03515712,-0.004536403,0.9970145,352.1196,355.9777,359.7558,0.4214536,-0.1089134,-0.9002857,0,0,0,0.7422021,-0.1834998,-0.9831549,-0.4904854,-0.1059525,2.003989,0.9974868,-0.004222312,0.07072668,0.01386912,0.9905475,-0.1364672,-0.06948192,0.1371051,0.9881166,moving,-16.151541735628545,-4.865514206116004,-13.753032331163412,-3.0264557799077068,-0.6299629000000001,0.171877,1.9599430999999998,-0.2772536158493927,-0.08149211117828732,0.9573346033164,-16.142393797872465,-4.336744606530648,2.955591078672757,3.0224134823540316,2.725051380757244
05/10/2023 16:35:27.952991,2586,True,True,True,True,Eyes,1.373955,-0.3548797,-2.934534,-0.3426993,0.05289472,0.9379549,0.0,0.0,0.0,0.0,0.0,0.0,0.0,-1.161855,-0.06916997,3.052286,1.37217,-0.3553649,-2.943129,-0.06869435,-0.03518936,-0.004503904,0.9970068,352.1087,355.9737,359.7602,0.421461,-0.1089092,-0.9002827,0,0,0,0.7452269,-0.1811451,-0.9830538,-0.4873399,-0.1039579,2.004245,0.9974828,-0.004146225,0.07078684,0.01381547,0.9905216,-0.1366605,-0.06954928,0.1372944,0.9880856,moving,-16.0549513854144,-4.805193087119479,-13.666471616202438,-2.9692058167169746,-0.6269430999999999,0.17421979999999998,1.9600752,-0.2756611194850615,-0.08052255667762859,0.9578763600427351,-16.046097556719996,-4.279265259062866,2.9469234372417126,3.0125877356543285,2.7164085405666984
05/10/2023 16:35:27.973300,2587,True,True,True,True,Eyes,1.373909,-0.3548729,-2.934534,-0.3411214,0.05412168,0.9384599,0.0,0.0,0.0,0.0,0.0,0.0,0.0,-1.161623,-0.07057139,3.052306,1.372176,-0.3553551,-2.943089,-0.06888057,-0.03523243,-0.004609329,0.996992,352.0869,355.9695,359.7491,0.4214655,-0.1089054,-0.900281,0,0,0,0.7483597,-0.1781977,-0.9829295,-0.4840583,-0.1018773,2.004512,0.9974749,-0.004337268,0.07088789,0.01404459,0.9904685,-0.1370219,-0.0696179,0.1376715,0.9880283,moving,-15.952794749723013,-4.758061674007034,-13.576121842354311,-2.9094967575212034,-0.6238163000000001,0.1771574,1.9601595,-0.2739693306896716,-0.0797746869365491,0.9584240996853229,-15.945136167043454,-4.2345561750060385,2.9457706104671266,3.0109411085377715,2.7144080994661812
05/10/2023 16:35:27.992728,2588,True,True,True,True,Eyes,1.373861,-0.3548641,-2.934531,-0.3396098,0.05529892,0.9389394,0.0,0.0,0.0,0.0,0.0,0.0,0.0,-1.161255,-0.07144085,3.052456,1.372176,-0.3553804,-2.943117,-0.06896455,-0.0352987,-0.00475704,0.9969832,352.0766,355.963,359.7329,0.4214685,-0.1089018,-0.9002801,0,0,0,0.7513267,-0.1756919,-0.9828737,-0.4808472,-0.09984122,2.004773,0.9974627,-0.004616659,0.07104055,0.01435409,0.9904426,-0.1371772,-0.06972828,0.1378488,0.9879958,moving,-15.851934718561719,-4.70377394986062,-13.487671462254676,-2.8510750155329374,-0.6208493,0.17968849999999997,1.9602433000000001,-0.2723006585231633,-0.07890539894750435,0.9589714662420111,-15.845044804805863,-4.182931397338095,2.939380442128785,3.003703395207741,2.7075912723167948
05/10/2023 16:35:28.010228,2589,True,True,True,True,Eyes,1.373799,-0.3548557,-2.934528,-0.3380128,0.0565043,0.9394438,0.0,0.0,0.0,0.0,0.0,0.0,0.0,-1.160823,-0.07153022,3.05253,1.372093,-0.3553222,-2.943072,-0.06893823,-0.03535992,-0.004831611,0.9969825,352.0793,355.9565,359.7247,0.42147,-0.1088984,-0.9002798,0,0,0,0.7543837,-0.1735197,-0.9826825,-0.4774748,-0.09770279,2.005047,0.9974527,-0.004758762,0.0711726,0.01450936,0.9904483,-0.1371187,-0.06984027,0.1378021,0.9879944,moving,-15.746378048621274,-4.6326766285889,-13.394733008894633,-2.7897266782167742,-0.6177093,0.18180249999999998,1.9603894999999998,-0.27055800958576104,-0.07775506384232492,0.9595585212672741,-15.739534902270629,-4.115120798234889,2.9249313398335137,2.987758175028149,2.6934671879490657
05/10/2023 16:35:28.025929,2590,True,True,True,True,Eyes,1.373742,-0.3548515,-2.934526,-0.336482,0.05764902,0.9399236,0.0,0.0,0.0,0.0,0.0,0.0,0.0,-1.160387,-0.07163543,3.052665,1.372088,-0.3552966,-2.943048,-0.06893037,-0.03543293,-0.004879016,0.9969802,352.08,355.9485,359.7198,0.4214698,-0.1088952,-0.9002802,0,0,0,0.7571115,-0.1715661,-0.9825549,-0.4744616,-0.09579211,2.005292,0.9974414,-0.004843754,0.07132449,0.01461337,0.9904496,-0.1370986,-0.06997924,0.1377901,0.9879862,moving,-15.64372203208652,-4.566283566924236,-13.311653119689613,-2.7349206616394897,-0.6149764999999999,0.18373050000000002,1.9604931,-0.2688607652336008,-0.07668093805975412,0.9601217851523833,-15.637070294315972,-4.051827888484468,2.903812377643046,2.965204125017548,2.6724164496133027
05/10/2023 16:35:28.042935,2591,True,True,True,True,Eyes,1.373684,-0.3548474,-2.934526,-0.3348649,0.05882336,0.9404283,0.0,0.0,0.0,0.0,0.0,0.0,0.0,-1.160119,-0.07061815,3.052854,1.372131,-0.3553897,-2.943083,-0.06876752,-0.0354854,-0.004896646,0.9969894,352.0986,355.9426,359.7175,0.4214682,-0.1088923,-0.9002813,0,0,0,0.7602713,-0.1701822,-0.9823793,-0.4711397,-0.0936856,2.005563,0.9974337,-0.004883322,0.07143058,0.01464429,0.9904941,-0.1367735,-0.07008367,0.1374685,0.9880236,moving,-15.537988148923022,-4.479548986092626,-13.220013486739212,-2.6745059856260767,-0.6118597,0.18520749999999997,1.9607037000000003,-0.2671174104297494,-0.07526529616106774,0.960720303008988,-15.530559973594038,-3.9689285826351406,2.878628069497593,2.9378881476426955,2.6484249899827
05/10/2023 16:35:28.053432,2592,True,True,True,True,Eyes,1.373632,-0.3548434,-2.934525,-0.3333134,0.05996533,0.9409072,0.0,0.0,0.0,0.0,0.0,0.0,0.0,-1.159936,-0.06901142,3.052999,1.372158,-0.3553807,-2.943111,-0.06858201,-0.03551156,-0.00469758,0.9970022,352.1207,355.9381,359.7399,0.4214654,-0.1088896,-0.900283,0,0,0,0.7633584,-0.1691058,-0.9821495,-0.4679551,-0.09166636,2.005822,0.9974337,-0.004496088,0.07145455,0.0142379,0.9905488,-0.1364192,-0.07016587,0.1370865,0.9880708,moving,-15.439435919519715,-4.384452327486018,-13.132125099511397,-2.6166049561836497,-0.6087996,0.1862749,1.9609615,-0.26549553954795496,-0.07370489203222828,0.9612906583360032,-15.430527854108947,-3.8779054796649883,2.8499503138028817,2.90671077824199,2.6217425947022153
05/10/2023 16:35:28.079101,2593,True,True,True,True,Eyes,1.373559,-0.3548378,-2.934525,-0.3316495,0.0611748,0.9414171,0.0,0.0,0.0,0.0,0.0,0.0,0.0,-1.159793,-0.07008541,3.053055,1.372229,-0.3553843,-2.943105,-0.06879982,-0.03554088,-0.004602198,0.9969867,352.0961,355.9339,359.752,0.4214615,-0.1088871,-0.9002851,0,0,0,0.7665151,-0.1663137,-0.9820444,-0.4647506,-0.08963448,2.006082,0.9974314,-0.004286247,0.07150084,0.01406707,0.9904908,-0.1368579,-0.07023431,0.1375122,0.9880068,moving,-15.33437042513114,-4.3350691096274465,-13.043650788817903,-2.558351965267085,-0.6057138999999999,0.18907059999999998,1.9610606000000002,-0.2637477241115561,-0.07291257694157538,0.9618320005735999,-15.326643373456564,-3.8310454017483786,2.8427987185230026,2.898986075036424,2.613771934346545
05/10/2023 16:35:28.095278,2594,True,True,True,True,Eyes,1.373484,-0.3548304,-2.934523,-0.3300353,0.06233057,0.9419085,0.0,0.0,0.0,0.0,0.0,0.0,0.0,-1.160529,-0.07132298,3.052767,1.372264,-0.3553063,-2.943119,-0.06884073,-0.03544226,-0.004967695,0.9969856,352.0899,355.9482,359.7093,0.4214562,-0.1088848,-0.9002879,0,0,0,0.7700825,-0.1637111,-0.9817784,-0.461651,-0.08766907,2.006335,0.9974383,-0.005025698,0.07135479,0.01478518,0.9904726,-0.1369143,-0.06998687,0.1376186,0.9880096,moving,-15.246834985401374,-4.285117566235758,-12.958024839491845,-2.5020120908220718,-0.6021814999999999,0.19159520000000002,1.9613405999999998,-0.2622934288622905,-0.07210363467774909,0.9622906237809787,-15.239624606384215,-3.7835042384248685,2.8458702474479733,2.9013991487674824,2.6168529994348066
05/10/2023 16:35:28.103400,2595,True,True,True,True,Eyes,1.373394,-0.3548234,-2.934524,-0.3283122,0.06354687,0.9424292,0.0,0.0,0.0,0.0,0.0,0.0,0.0,-1.161637,-0.07094109,3.05222,1.372125,-0.3552529,-2.943051,-0.06876424,-0.03524044,-0.004994234,0.9969979,352.0987,355.9717,359.7043,0.4214495,-0.1088827,-0.9002912,0,0,0,0.7742258,-0.1617145,-0.9812159,-0.458169,-0.08546115,2.006618,0.9974663,-0.005111917,0.07095613,0.01480504,0.9904931,-0.1367636,-0.06958243,0.1374676,0.9880592,moving,-15.164469731834815,-4.206365597229504,-12.86179818126534,-2.4387331499743254,-0.5978992000000001,0.19353839999999997,1.9618351,-0.2609340882019989,-0.07080793790836118,0.96275622039623,-15.156061010294902,-3.7081313723221587,2.8490232256881947,2.9028986786299242,2.622024747321536
05/10/2023 16:35:28.122770,2596,True,True,True,True,Eyes,1.373311,-0.354819,-2.934524,-0.3266577,0.06472283,0.942924,0.0,0.0,0.0,0.0,0.0,0.0,0.0,-1.160998,-0.07067361,3.052501,1.372097,-0.3552381,-2.943098,-0.06878217,-0.03533252,-0.004832504,0.9969942,352.0972,355.9598,359.7238,0.4214412,-0.1088806,-0.9002954,0,0,0,0.7769232,-0.1598349,-0.9811683,-0.4550655,-0.0834931,2.00687,0.9974566,-0.004775464,0.0711174,0.01449645,0.9904913,-0.1368093,-0.06978785,0.1374923,0.9880412,moving,-15.052733659702879,-4.134050045030339,-12.775993638436029,-2.3823392027669583,-0.5951737999999999,0.1954032,1.9619297,-0.25907762733586065,-0.06962878350140501,0.9633434397921824,-15.044530627593291,-3.6391919320178534,2.8202509111033764,2.87263572339781,2.593441507765332
05/10/2023 16:35:28.142767,2597,True,True,True,True,Eyes,1.373087,-0.3548115,-2.934532,-0.3239905,0.06756942,0.9436442,0.0,0.0,0.0,0.0,0.0,0.0,0.0,-1.160984,-0.07123086,3.052551,1.37218,-0.3552971,-2.943112,-0.06890783,-0.03534483,-0.004774226,0.9969854,352.083,355.9579,359.7311,0.4214317,-0.1088788,-0.9003001,0,0,0,0.7798676,-0.1576093,-0.9810539,-0.4521546,-0.08164741,2.007107,0.997456,-0.004648594,0.07113452,0.01439074,0.9904578,-0.1370627,-0.06981859,0.1377377,0.988005,moving,-14.888175211671964,-3.979250489264199,-12.695476723281827,-2.329459344724959,-0.5923124,0.19768779999999997,1.9620581000000001,-0.2563546747583856,-0.06707620413297927,0.9642525138010581,-14.877712747647534,-3.491054642678146,2.696263445213958,2.744036712871839,2.472136262884067
05/10/2023 16:35:28.152917,2598,True,True,True,True,Eyes,1.372872,-0.3548024,-2.934534,-0.3214194,0.07030138,0.9443237,0.0,0.0,0.0,0.0,0.0,0.0,0.0,-1.161312,-0.07057121,3.052444,1.372193,-0.3553154,-2.943106,-0.06882778,-0.03529114,-0.00471506,0.9969931,352.0925,355.9636,359.7372,0.4214174,-0.1088772,-0.900307,0,0,0,0.7832574,-0.1559916,-0.9807435,-0.4489829,-0.07963638,2.007365,0.9974647,-0.004543744,0.07101908,0.01425978,0.990481,-0.1369088,-0.06972098,0.1375744,0.9880345,moving,-14.737105086754246,-3.8079895696755433,-12.607710977052896,-2.2718523802549777,-0.5889356,0.1993238,1.9623625000000002,-0.253858900953215,-0.064237428969252,0.965105784996754,-14.723021882401804,-3.326929975570442,2.5828366690183273,2.625649774656117,2.3638377605970926
05/10/2023 16:35:28.173206,2599,True,True,True,True,Eyes,1.372739,-0.3547885,-2.934534,-0.3189209,0.07293604,0.9449708,0.0,0.0,0.0,0.0,0.0,0.0,0.0,-1.161751,-0.07060161,3.052146,1.372187,-0.3552666,-2.942981,-0.06881626,-0.03522107,-0.004746264,0.9969962,352.0937,355.972,359.733,0.4213991,-0.1088758,-0.9003157,0,0,0,0.7867458,-0.1539144,-0.9803264,-0.4457713,-0.07760002,2.007626,0.9974739,-0.00461645,0.07088378,0.01431158,0.9904836,-0.1368847,-0.06957731,0.1375534,0.9880476,moving,-14.592844816903353,-3.6534814673344425,-12.51880430986909,-2.2135305063814124,-0.5854412,0.20135219999999998,1.9626546,-0.2514688810432225,-0.061674393969448266,0.9658983850466374,-14.575783310989573,-3.178920346515507,2.486234378285265,2.524896590905952,2.2722544211607896
05/10/2023 16:35:28.192961,2600,True,True,True,True,Eyes,1.372612,-0.3547755,-2.934534,-0.316517,0.07547271,0.9455796,0.0,0.0,0.0,0.0,0.0,0.0,0.0,-1.161739,-0.0707604,3.052204,1.372208,-0.3552558,-2.943032,-0.06880412,-0.03522975,-0.00483027,0.9969963,352.0948,355.9716,359.7233,0.4213793,-0.1088742,-0.9003252,0,0,0,0.7900479,-0.1517712,-0.9801751,-0.4424703,-0.07550669,2.007895,0.9974711,-0.004783617,0.07091255,0.01447942,0.9904853,-0.1368546,-0.06958319,0.1375352,0.9880497,moving,-14.445689341109263,-3.5065141271594302,-12.427378604928133,-2.1535872722837497,-0.5821601000000001,0.20348460000000002,1.9628569000000002,-0.24902413202471077,-0.05923524757514747,0.9666840685011595,-14.426154340329218,-3.0382095051153253,2.3948313326087844,2.4298126064426895,2.185786113792488
05/10/2023 16:35:28.202798,2601,True,True,True,True,Eyes,1.372507,-0.3547612,-2.934532,-0.3141332,0.07792547,0.9461754,0.0,0.0,0.0,0.0,0.0,0.0,0.0,-1.161779,-0.07151973,3.052155,1.372195,-0.3552672,-2.94302,-0.06887431,-0.03522695,-0.004968139,0.9969909,352.0862,355.973,359.7076,0.4213582,-0.1088727,-0.9003353,0,0,0,0.7932655,-0.1493356,-0.9799918,-0.4392743,-0.0734802,2.008155,0.9974688,-0.005053916,0.07092625,0.01475884,0.9904633,-0.1369841,-0.06955754,0.1376841,0.9880308,moving,-14.301581577272925,-3.37574145132121,-12.338825713130998,-2.0955692584345527,-0.5789295000000001,0.2059316,1.9630282000000001,-0.24662321740976748,-0.05706488674490987,0.9674298533316853,-14.28032201226884,-2.913103548623219,2.311387157221111,2.3433419352846814,2.1066015748594284
05/10/2023 16:35:28.223357,2602,True,True,True,True,Eyes,1.372406,-0.3547481,-2.934531,-0.3118438,0.08028372,0.9467355,0.0,0.0,0.0,0.0,0.0,0.0,0.0,-1.161859,-0.07174093,3.05211,1.372173,-0.3552555,-2.943021,-0.06886602,-0.03521514,-0.005071352,0.9969913,352.0867,355.9752,359.6956,0.4213367,-0.108871,-0.9003456,0,0,0,0.7964936,-0.1472323,-0.979777,-0.4360894,-0.07146093,2.008414,0.9974684,-0.005261936,0.07091687,0.01496244,0.9904635,-0.1369605,-0.06951988,0.1376748,0.9880348,moving,-14.164408043646313,-3.240456131519682,-12.250544173526865,-2.0377686925239127,-0.5756794000000001,0.2080232,1.963244,-0.24433725613219096,-0.054813186844461265,0.9681399475641291,-14.140933640093687,-2.7835903935668225,2.231500295274503,2.260383150987193,2.0321964336779383
05/10/2023 16:35:28.243062,2603,True,True,True,True,Eyes,1.372402,-0.3547295,-2.934524,-0.3095884,0.0826022,0.947276,0.0,0.0,0.0,0.0,0.0,0.0,0.0,-1.161599,-0.07209116,3.052181,1.372141,-0.3552732,-2.943013,-0.06891222,-0.0352537,-0.005104829,0.9969866,352.0812,355.971,359.6923,0.4213148,-0.1088692,-0.900356,0,0,0,0.7995639,-0.1449774,-0.9796261,-0.4328449,-0.06940341,2.008678,0.9974623,-0.00532007,0.0709985,0.01503771,0.9904501,-0.1370492,-0.06959137,0.137769,0.9880165,moving,-14.02370506796526,-3.11147190804909,-12.160572350343966,-1.9788842135214815,-0.5725771000000001,0.2102958,1.9633869000000002,-0.24198701261059824,-0.052665547303747666,0.9688490836504904,-13.998477808496293,-2.660184540515156,2.1542032253189656,2.1803711631890277,1.960119029209146
05/10/2023 16:35:28.252942,2604,True,True,True,True,Eyes,1.372397,-0.3547111,-2.934516,-0.3074169,0.08482398,0.9477868,0.0,0.0,0.0,0.0,0.0,0.0,0.0,-1.161691,-0.07209224,3.052125,1.372124,-0.3552801,-2.942999,-0.06891607,-0.03523583,-0.005100674,0.996987,352.0808,355.973,359.6926,0.4212951,-0.108867,-0.9003655,0,0,0,0.8029511,-0.1428617,-0.9793782,-0.4295155,-0.06729238,2.008949,0.9974649,-0.005313981,0.07096235,0.01502724,0.9904491,-0.1370574,-0.06955628,0.1377763,0.988018,moving,-13.89466118913259,-2.9821793685384392,-12.068206935378342,-1.9184799369097794,-0.5691728999999999,0.21241839999999998,1.9636208,-0.2398311138001495,-0.050506973952919226,0.9694999529027268,-13.86724292229534,-2.536392937616107,2.0900574436552644,2.113620500918772,1.9021952998218439
05/10/2023 16:35:28.277911,2605,True,True,True,True,Eyes,1.372464,-0.3546884,-2.934505,-0.305257,0.08700076,0.9482874,0.0,0.0,0.0,0.0,0.0,0.0,0.0,-1.161906,-0.07178774,3.052003,1.372091,-0.3552655,-2.942967,-0.06887939,-0.03519436,-0.005066477,0.9969912,352.0852,355.9776,359.6961,0.4212774,-0.1088646,-0.9003741,0,0,0,0.806221,-0.1410335,-0.9790788,-0.4263741,-0.06530043,2.009204,0.9974714,-0.005254135,0.07087487,0.0149508,0.9904599,-0.1369877,-0.06947897,0.1377009,0.988034,moving,-13.769132582612174,-2.8500494506232488,-11.981025565656864,-1.8614946630032703,-0.56587,0.214232,1.9638882,-0.23773248103205624,-0.04829673162048653,0.9701291947289592,-13.739245601797212,-2.409836648159893,2.0222541750347283,2.0431757810357873,1.841742823569803
05/10/2023 16:35:28.292933,2606,True,True,True,True,Eyes,1.372526,-0.3546664,-2.934496,-0.303178,0.08908826,0.9487604,0.0,0.0,0.0,0.0,0.0,0.0,0.0,-1.162217,-0.0711146,3.051892,1.372051,-0.3552633,-2.942977,-0.06881592,-0.03513194,-0.004954326,0.9969983,352.0929,355.9839,359.7083,0.4212632,-0.1088616,-0.900381,0,0,0,0.8094968,-0.1394354,-0.9787855,-0.4232894,-0.06334451,2.009455,0.9974824,-0.005043634,0.07073482,0.01471418,0.9904796,-0.1368706,-0.06937108,0.1375668,0.9880602,moving,-13.650831450972355,-2.7176867737779036,-11.895381019085649,-1.8055500662413744,-0.5625541999999999,0.21582790000000002,1.9641915,-0.23575363442955186,-0.046078308296720646,0.9707197987677788,-13.61820193723547,-2.2830010554887843,1.9599132002752238,1.9782819799125708,1.787755957380068
05/10/2023 16:35:28.307890,2607,True,True,True,True,Eyes,1.372631,-0.3546429,-2.934487,-0.3010921,0.09112853,0.9492308,0.0,0.0,0.0,0.0,0.0,0.0,0.0,-1.16241,-0.07080194,3.051837,1.372017,-0.3552568,-2.943005,-0.06882896,-0.03508738,-0.004798611,0.9969998,352.0921,355.9878,359.7259,0.4212523,-0.1088582,-0.9003866,0,0,0,0.8130293,-0.1373639,-0.9785405,-0.4198782,-0.06118146,2.009733,0.9974917,-0.004738372,0.07062477,0.01439848,0.9904791,-0.1369082,-0.06930363,0.1375816,0.9880629,moving,-13.53011229011575,-2.5955930788491557,-11.8006310655173,-1.7436928958466757,-0.5589877000000001,0.21789289999999997,1.9644644999999998,-0.23372945857494884,-0.04403180055265124,0.9713041305715547,-13.495372529634924,-2.1660933878801054,1.9115766641221923,1.927910586110832,1.7465883332570484
05/10/2023 16:35:28.327864,2608,True,True,True,True,Eyes,1.372731,-0.35462,-2.934478,-0.2990781,0.09308348,0.9496776,0.0,0.0,0.0,0.0,0.0,0.0,0.0,-1.162243,-0.07035017,3.051964,1.372007,-0.3552756,-2.943063,-0.06885377,-0.03510154,-0.004564669,0.9969987,352.0901,355.9843,359.7531,0.4212452,-0.1088544,-0.9003904,0,0,0,0.8159719,-0.1355806,-0.9784153,-0.4168341,-0.05925126,2.00998,0.9974941,-0.004268191,0.07062096,0.01393568,0.9904767,-0.1369738,-0.06936378,0.1376147,0.988054,moving,-13.4068334325363,-2.4775353686076924,-11.716050686319958,-1.6885064953100841,-0.5560351,0.21969500000000003,1.9646477,-0.2316587972618184,-0.042051752661019126,0.971887668323672,-13.370290152438441,-2.0530998382293633,1.851427384811089,1.8658276602623753,1.6939411196865783
05/10/2023 16:35:28.343079,2609,True,True,True,True,Eyes,1.372805,-0.3545988,-2.934471,-0.2972888,0.09492286,0.9500574,0.0,0.0,0.0,0.0,0.0,0.0,0.0,-1.162976,-0.06992084,3.051677,1.371994,-0.355271,-2.943051,-0.06884036,-0.03497357,-0.004433576,0.9970047,352.0923,355.998,359.7672,0.4212414,-0.1088501,-0.9003927,0,0,0,0.8196477,-0.133716,-0.9780423,-0.4136311,-0.05722038,2.010241,0.9975144,-0.004025407,0.07034802,0.01365578,0.9904827,-0.1369582,-0.06912719,0.1375785,0.9880757,moving,-13.313736459479669,-2.365019140209632,-11.6270155620907,-1.6304519060134204,-0.5523463,0.221555,1.9650087,-0.23009728844529542,-0.04015839608035961,0.9723387189272857,-13.274591758719419,-1.9452254683761248,1.8270296177632481,1.8397326999440224,1.67737584317292
05/10/2023 16:35:28.356968,2610,True,True,True,True,Eyes,1.372878,-0.3545787,-2.934464,-0.2955647,0.09668662,0.9504174,0.0,0.0,0.0,0.0,0.0,0.0,0.0,-1.163536,-0.06993932,3.051459,1.372002,-0.3552513,-2.943046,-0.06884123,-0.03488324,-0.004436624,0.9970077,352.0922,356.0085,359.7661,0.42124,-0.1088455,-0.9003938,0,0,0,0.8232107,-0.1316551,-0.9777343,-0.4104349,-0.05519356,2.010501,0.9975269,-0.004043887,0.07016855,0.01364951,0.9904824,-0.1369609,-0.06894687,0.13758,0.988088,moving,-13.22080237416403,-2.262790104660152,-11.538138223479239,-1.5725254396772472,-0.5487913,0.2235962,1.9653117,-0.22853532021672968,-0.038437983045145896,0.9727765197971898,-13.179596134588836,-1.8472770677390873,1.807401676477822,1.8187424093927467,1.6642934029391918
05/10/2023 16:35:28.372998,2611,True,True,True,True,Eyes,1.372918,-0.3545617,-2.934461,-0.2939496,0.0983443,0.9507481,0.0,0.0,0.0,0.0,0.0,0.0,0.0,-1.163935,-0.06983066,3.051336,1.372051,-0.3552569,-2.94305,-0.06881393,-0.0348273,-0.004463679,0.9970115,352.0952,356.0152,359.7624,0.4212407,-0.1088406,-0.9003941,0,0,0,0.8267382,-0.129676,-0.9774597,-0.4071843,-0.05313239,2.010765,0.9975343,-0.004107472,0.07006077,0.01369388,0.9904894,-0.1369056,-0.06883211,0.1375275,0.9881034,moving,-13.130651793629013,-2.1642963230184846,-11.447716358684762,-1.5136296242871636,-0.5453127999999999,0.22558089999999997,1.9655903,-0.2270186181245535,-0.03677908135094961,0.9731956455595445,-13.087481485094187,-1.7529121466904416,1.7941922455137576,1.804338890294424,1.6571317978109632
05/10/2023 16:35:28.392724,2612,True,True,True,True,Eyes,1.372954,-0.3545459,-2.934458,-0.2923999,0.09993968,0.9510596,0.0,0.0,0.0,0.0,0.0,0.0,0.0,-1.163802,-0.07020232,3.05143,1.372019,-0.355265,-2.943117,-0.06883091,-0.03484789,-0.004568367,0.9970091,352.0928,356.0136,359.7505,0.4212424,-0.1088357,-0.9003939,0,0,0,0.8297213,-0.1275655,-0.9773676,-0.4041092,-0.05118255,2.011015,0.9975295,-0.004312182,0.07011621,0.01390663,0.9904829,-0.1369317,-0.06885844,0.1375685,0.9880958,moving,-13.036071190590793,-2.076896941007473,-11.362143613334954,-1.4579260483380667,-0.5422977000000001,0.2276995,1.9657494,-0.2254237916935169,-0.03530794434977712,0.9736208025278542,-12.991685679214402,-1.6692869081890513,1.7754893969591226,1.7847012354647942,1.643192246070924
05/10/2023 16:35:28.410918,2613,True,True,True,True,Eyes,1.372949,-0.354533,-2.934458,-0.2909511,0.1014622,0.9513427,0.0,0.0,0.0,0.0,0.0,0.0,0.0,-1.163555,-0.07056659,3.051485,1.371961,-0.3552775,-2.943111,-0.06888222,-0.03487964,-0.004593688,0.9970043,352.0868,356.0101,359.7481,0.4212449,-0.1088308,-0.9003933,0,0,0,0.8327662,-0.125307,-0.9772153,-0.4008887,-0.04914051,2.011277,0.9975247,-0.004354678,0.07018314,0.01396503,0.9904683,-0.1370313,-0.06891745,0.1376722,0.9880773,moving,-12.9460509230438,-1.9951954321394767,-11.272491486550216,-1.3996002457702696,-0.5391948,0.22997050000000002,1.9658957,-0.22390449535651563,-0.033931760618580664,0.9740202595653783,-12.90058752223396,-1.5911256433383887,1.7679117156964694,1.7763825076550632,1.63932262819823
05/10/2023 16:35:28.426725,2614,True,True,True,True,Eyes,1.372946,-0.3545194,-2.934458,-0.2895664,0.102929,0.9516075,0.0,0.0,0.0,0.0,0.0,0.0,0.0,-1.162924,-0.07085022,3.051721,1.371937,-0.3552729,-2.943125,-0.0689203,-0.03497938,-0.004606746,0.9969982,352.0824,355.9987,359.7475,0.4212471,-0.108826,-0.9003928,0,0,0,0.8355025,-0.1231439,-0.9771541,-0.3977394,-0.04714352,2.011533,0.9975104,-0.004364256,0.07038376,0.01400741,0.9904575,-0.1371045,-0.06911375,0.1377491,0.9880528,moving,-12.85209891469908,-1.914906240555749,-11.18479103612339,-1.3425732200513216,-0.5364344999999999,0.232129,1.9659709000000003,-0.22231702080620586,-0.03257896141428844,0.9744299187931522,-12.805774792843025,-1.5143570240286535,1.7550276069466217,1.7628047674998766,1.6300607396222462
05/10/2023 16:35:28.442728,2615,True,True,True,True,Eyes,1.372937,-0.3545071,-2.934455,-0.288214,0.1043361,0.9518648,0.0,0.0,0.0,0.0,0.0,0.0,0.0,-1.162361,-0.07136732,3.051936,1.371964,-0.3552397,-2.943129,-0.06898675,-0.03507683,-0.004633503,0.99699,352.0746,355.9876,359.7455,0.421249,-0.1088212,-0.9003925,0,0,0,0.8384328,-0.1207444,-0.9770859,-0.3944605,-0.04506454,2.0118,0.9974963,-0.004399438,0.07058179,0.01407878,0.9904387,-0.1372332,-0.06930319,0.1378832,0.9880209,moving,-12.760469044394624,-1.8417789593902227,-11.09344633700877,-1.2832171309339127,-0.5335312,0.2344953,1.9660430999999998,-0.22076709361551602,-0.03134657616746604,0.97482265647521,-12.71358015948108,-1.444482119158313,1.750833070177933,1.7581114933781985,1.6281400428543467
05/10/2023 16:35:28.460793,2616,True,True,True,True,Eyes,1.372929,-0.354497,-2.934453,-0.2869149,0.1056838,0.9521086,0.0,0.0,0.0,0.0,0.0,0.0,0.0,-1.162327,-0.07129353,3.051892,1.37196,-0.3552521,-2.943069,-0.06900154,-0.03507978,-0.004577133,0.9969892,352.0732,355.9868,359.7521,0.4212505,-0.1088166,-0.9003924,0,0,0,0.8416167,-0.1187135,-0.9768272,-0.3912526,-0.04303046,2.012061,0.9974969,-0.004285586,0.07057998,0.01396782,0.9904357,-0.1372665,-0.06931667,0.1379087,0.9880164,moving,-12.682536116516378,-1.7636904392498507,-11.004048924924865,-1.2251556853855152,-0.5303433000000001,0.23653860000000002,1.9662418,-0.21944985234526396,-0.030027109037868767,0.975161600272939,-12.634323738189392,-1.3697159462231727,1.7560869902903802,1.76276457119392,1.6366715112624592
05/10/2023 16:35:28.473027,2617,True,True,True,True,Eyes,1.372952,-0.3544852,-2.934449,-0.2856131,0.1069846,0.9523546,0.0,0.0,0.0,0.0,0.0,0.0,0.0,-1.162319,-0.07100359,3.051916,1.371974,-0.3552937,-2.943072,-0.06897376,-0.03508206,-0.004544756,0.9969912,352.0765,355.9863,359.7557,0.4212517,-0.1088121,-0.9003924,0,0,0,0.8447356,-0.1169148,-0.9766181,-0.3881335,-0.04105273,2.012315,0.9974972,-0.004222679,0.07057995,0.01390165,0.9904439,-0.1372136,-0.06932607,0.1378513,0.9880238,moving,-12.604665960205796,-1.6842795285476213,-10.917095196592282,-1.1687146068326109,-0.5272384,0.2383789,1.9664538999999999,-0.21813290393016857,-0.02868420084131565,0.9754973523874971,-12.55505765971713,-1.2936731836115891,1.7585057998907265,1.7645685792017567,1.6427220326387082
05/10/2023 16:35:28.492854,2618,True,True,True,True,Eyes,1.372974,-0.3544723,-2.934445,-0.2843587,0.1082343,0.9525889,0.0,0.0,0.0,0.0,0.0,0.0,0.0,-1.162871,-0.07099202,3.051715,1.371985,-0.3552925,-2.943076,-0.06900174,-0.03499003,-0.004478163,0.9969927,352.0735,355.9964,359.7628,0.4212534,-0.1088077,-0.9003922,0,0,0,0.8483456,-0.1147974,-0.9763287,-0.3848874,-0.03899437,2.012579,0.9975113,-0.004100645,0.07038761,0.01375814,0.9904374,-0.1372751,-0.0691516,0.1379018,0.9880289,moving,-12.54030662817786,-1.6131305740129032,-10.826572025152348,-1.1099854027411418,-0.5236394,0.24049510000000002,1.9667473,-0.21704438925326522,-0.027479658167966922,0.9757749473347012,-12.489251949174148,-1.2255010225679497,1.7804372236814148,1.7860686865238682,1.666687849649451
05/10/2023 16:35:28.508061,2619,True,True,True,True,Eyes,1.373037,-0.3544565,-2.934439,-0.283078,0.1094304,0.9528335,0.0,0.0,0.0,0.0,0.0,0.0,0.0,-1.163187,-0.07115752,3.051558,1.371996,-0.3552528,-2.943043,-0.06901197,-0.03494172,-0.004508178,0.9969937,352.0723,356.0023,359.759,0.4212556,-0.1088034,-0.9003916,0,0,0,0.8518109,-0.1126209,-0.9760438,-0.3816333,-0.03693092,2.012844,0.9975175,-0.004166455,0.07029556,0.01381204,0.9904341,-0.1372939,-0.06905109,0.137924,0.9880328,moving,-12.469870532022643,-1.5460596625355119,-10.73579285693856,-1.0511239116258357,-0.5201851,0.24263189999999998,1.9669991999999998,-0.2158512308001206,-0.026344522345889,0.9760707236439632,-12.417805670829846,-1.1613101793035776,1.798037204039436,1.8033265873805406,1.6856180230643112
05/10/2023 16:35:28.522981,2620,True,True,True,True,Eyes,1.373095,-0.3544425,-2.934433,-0.2818453,0.1105788,0.9530665,0.0,0.0,0.0,0.0,0.0,0.0,0.0,-1.163603,-0.07091266,3.051411,1.372005,-0.3552375,-2.943045,-0.06899134,-0.03487303,-0.004458528,0.9969977,352.0749,356.0098,359.7641,0.4212592,-0.1087989,-0.9003904,0,0,0,0.8551463,-0.1107837,-0.9757674,-0.3785703,-0.03498867,2.013093,0.997528,-0.004078411,0.07015184,0.01370216,0.9904406,-0.1372574,-0.06892145,0.1378794,0.9880481,moving,-12.4042716696067,-1.4758998699378598,-10.650319028603578,-0.9957320877329046,-0.5168586999999999,0.2444538,1.9672776,-0.21474018680529652,-0.025155598995850306,0.9763472976219921,-12.350857751505425,-1.0941019447473985,1.8136202120858294,1.8184913983710382,1.7033815124210125
05/10/2023 16:35:28.542964,2621,True,True,True,True,Eyes,1.373185,-0.3544274,-2.934428,-0.2805878,0.1117261,0.9533036,0.0,0.0,0.0,0.0,0.0,0.0,0.0,-1.16375,-0.0708828,3.051355,1.371961,-0.3552647,-2.943063,-0.06900208,-0.03484018,-0.004433055,0.9969981,352.0737,356.0134,359.7668,0.421264,-0.1087944,-0.9003887,0,0,0,0.8585569,-0.1086755,-0.9755437,-0.3752422,-0.03287834,2.013364,0.997533,-0.004031403,0.07008298,0.01364758,0.9904381,-0.137281,-0.06885941,0.1378988,0.9880497,moving,-12.333253161510617,-1.410170520461981,-10.55741481598406,-0.9355599363513201,-0.5134041,0.2465892,1.9675193,-0.21353566352019737,-0.02404201912766392,0.9766393860705519,-12.278921306248277,-1.0312101237709865,1.8335764123271294,1.8381667595711664,1.7241616961222745
05/10/2023 16:35:28.557802,2622,True,True,True,True,Eyes,1.373273,-0.3544118,-2.934422,-0.2793855,0.1128259,0.9535272,0.0,0.0,0.0,0.0,0.0,0.0,0.0,-1.163525,-0.070905,3.051475,1.371962,-0.3552817,-2.943096,-0.06899925,-0.0348777,-0.004451212,0.996997,352.074,356.0092,359.765,0.4212707,-0.1087897,-0.9003862,0,0,0,0.8615642,-0.1066892,-0.9754154,-0.3720929,-0.0308816,2.01362,0.9975275,-0.004062619,0.07016018,0.01368876,0.9904386,-0.1372736,-0.06893167,0.1378946,0.9880453,moving,-12.257727096617959,-1.346976710982185,-10.46947536328898,-0.8786397841012884,-0.5103977999999999,0.2485925,1.9676806,-0.21225344578247926,-0.022971398360920194,0.9769446514883574,-12.202774895257576,-0.9707992220104777,1.8442381127515834,1.848562614258532,1.7357478588545894
05/10/2023 16:35:28.572733,2623,True,True,True,True,Eyes,1.373366,-0.3543943,-2.934415,-0.2781049,0.1139048,0.9537732,0.0,0.0,0.0,0.0,0.0,0.0,0.0,-1.163126,-0.07082412,3.05163,1.372018,-0.3552547,-2.943074,-0.06898639,-0.03495178,-0.004435902,0.9969953,352.0755,356.0005,359.7673,0.421279,-0.108785,-0.9003828,0,0,0,0.8645444,-0.1046846,-0.9752569,-0.368873,-0.02883986,2.013882,0.9975174,-0.004022754,0.07030555,0.01366754,0.9904424,-0.1372481,-0.06908149,0.1378683,0.9880385,moving,-12.173204158487973,-1.2830564130405449,-10.379534731595678,-0.8204499155069727,-0.5074736,0.25057009999999996,1.9678171000000002,-0.2108171352626843,-0.02188844521000228,0.9772804036463709,-12.117918550228552,-0.9097553329089791,1.8482888252999086,1.8523646467497736,1.7406762359674932
05/10/2023 16:35:28.592967,2624,True,True,True,True,Eyes,1.373453,-0.3543811,-2.934408,-0.2768742,0.1149457,0.9540064,0.0,0.0,0.0,0.0,0.0,0.0,0.0,-1.162914,-0.07138357,3.051693,1.372033,-0.3552032,-2.943068,-0.06905353,-0.03499045,-0.004474636,0.9969891,352.0676,355.9963,359.7634,0.4212889,-0.1087801,-0.9003788,0,0,0,0.8674842,-0.102387,-0.975131,-0.365808,-0.02689633,2.014131,0.9975113,-0.004089897,0.07038817,0.01375475,0.9904232,-0.1373781,-0.06915221,0.1380044,0.9880145,moving,-12.096029136897727,-1.2319639009761296,-10.293896535948585,-0.7650716865866473,-0.5045488,0.2528162,1.9679369999999998,-0.20950449002480498,-0.02102303154632039,0.9775816838602998,-12.04082485708719,-0.8610347319899097,1.8576587321293312,1.861631072812557,1.7495620781439025
05/10/2023 16:35:28.610074,2625,True,True,True,True,Eyes,1.373548,-0.3543701,-2.934402,-0.2756031,0.1159624,0.9542514,0.0,0.0,0.0,0.0,0.0,0.0,0.0,-1.162874,-0.07194492,3.051663,1.371991,-0.355294,-2.943044,-0.06907932,-0.03499931,-0.00467121,0.9969862,352.0639,355.9969,359.7409,0.4213002,-0.1087751,-0.9003741,0,0,0,0.8707576,-0.1001089,-0.9749289,-0.3625066,-0.02480291,2.0144,0.9975065,-0.004478808,0.07043301,0.01414972,0.9904124,-0.1374153,-0.06914227,0.1380692,0.9880062,moving,-12.020803833582917,-1.1820947787562275,-10.201620894682657,-0.7054359877523211,-0.5012333999999999,0.2551851,1.9681151,-0.20822444490841888,-0.020177796069511575,0.9778729561827997,-11.965675252247896,-0.8134799561910491,1.876670969119604,1.880593036312507,1.7673599733956007
05/10/2023 16:35:28.622856,2626,True,True,True,True,Eyes,1.373642,-0.3543553,-2.934397,-0.2743838,0.1169529,0.9544819,0.0,0.0,0.0,0.0,0.0,0.0,0.0,-1.16248,-0.070315,3.051904,1.372026,-0.3553525,-2.943074,-0.0689261,-0.03505833,-0.004410441,0.9969959,352.0825,355.988,359.7708,0.4213128,-0.1087703,-0.9003688,0,0,0,0.8736199,-0.09901893,-0.9747276,-0.3593808,-0.02282101,2.014654,0.9975029,-0.003961515,0.07051399,0.01362725,0.9904595,-0.1371288,-0.06929801,0.1377473,0.9880402,moving,-11.940401804638155,-1.1003942291831086,-10.114230154398443,-0.6489906637348875,-0.49840609999999996,0.25633357,1.9683464000000002,-0.20685761702375194,-0.01878895401132378,0.9781907019773165,-11.883847423297931,-0.7352468369557974,1.877686744274147,1.8811347838574985,1.7717182072231457
05/10/2023 16:35:28.642977,2627,True,True,True,True,Eyes,1.373747,-0.3543406,-2.934391,-0.2731209,0.1179696,0.9547189,0.0,0.0,0.0,0.0,0.0,0.0,0.0,-1.162364,-0.07183003,3.051946,1.3721,-0.3552473,-2.943088,-0.06906755,-0.03509818,-0.00462694,0.9969837,352.0654,355.9851,359.7468,0.4213266,-0.1087653,-0.9003629,0,0,0,0.8767859,-0.09614089,-0.9746605,-0.3561895,-0.02079731,2.014913,0.9974934,-0.004377675,0.07062376,0.01407425,0.9904165,-0.1373936,-0.06934547,0.1380432,0.9879956,moving,-11.862332796331698,-1.064258781171577,-10.02498341022031,-0.5913683490938646,-0.4953141000000001,0.25910641,1.9684274999999998,-0.20552689319360012,-0.018177229677371988,0.9784826595569398,-11.806685614520013,-0.7009666557542794,1.8936783459274542,1.8972290656097748,1.7850698960066669
05/10/2023 16:35:28.652884,2628,True,True,True,True,Eyes,1.373848,-0.3543262,-2.93438,-0.2719031,0.1189655,0.9549429,0.0,0.0,0.0,0.0,0.0,0.0,0.0,-1.162196,-0.07393339,3.051975,1.372141,-0.3552584,-2.943083,-0.06938794,-0.03513361,-0.004696415,0.9969599,352.0283,355.9815,359.7403,0.4213417,-0.1087603,-0.9003564,0,0,0,0.8799111,-0.0927904,-0.9746568,-0.3529926,-0.01877031,2.015174,0.9974871,-0.004488578,0.07070533,0.01423997,0.9903265,-0.138024,-0.06940183,0.138684,0.9879019,moving,-11.78658499445603,-1.045523263582026,-9.935546305052481,-0.5336653026522117,-0.4922299000000001,0.262468,1.9684262000000001,-0.20423427188662083,-0.01786220540433759,0.9787590776311121,-11.732684169737096,-0.6834599457253813,1.9166435516756148,1.920505871335996,1.8033698843489083
05/10/2023 16:35:28.672688,2629,True,True,True,True,Eyes,1.373978,-0.3543107,-2.934367,-0.2706135,0.1199733,0.9551831,0.0,0.0,0.0,0.0,0.0,0.0,0.0,-1.162518,-0.07591188,3.051677,1.372166,-0.3552547,-2.94294,-0.06956579,-0.03510171,-0.005061707,0.9969467,352.0064,355.988,359.6986,0.421358,-0.1087552,-0.9003494,0,0,0,0.8833889,-0.0897243,-0.9743903,-0.349767,-0.016725,2.015436,0.9974845,-0.005208746,0.07069333,0.01497626,0.9902699,-0.1383514,-0.06928484,0.1390621,0.9878569,moving,-11.716152838334239,-1.0180763012750655,-9.845286615883245,-0.47545539344951643,-0.48877709999999996,0.26553039999999994,1.9685497,-0.2030326171698861,-0.01739777941526567,0.9790174090675373,-11.663343889987175,-0.6575064172846338,1.943904996458888,1.9479676259931722,1.8271493718909868
05/10/2023 16:35:28.693036,2630,True,True,True,True,Eyes,1.3741,-0.3542972,-2.934356,-0.2693828,0.1209169,0.9554119,0.0,0.0,0.0,0.0,0.0,0.0,0.0,-1.163203,-0.07600647,3.051385,1.372111,-0.3552681,-2.942935,-0.06946418,-0.0349943,-0.005352889,0.9969562,352.0169,356.0028,359.6638,0.4213762,-0.10875,-0.9003415,0,0,0,0.8870356,-0.08786812,-0.9740379,-0.3465686,-0.01469693,2.015696,0.9974935,-0.00581149,0.07051923,0.01553489,0.9902921,-0.1381309,-0.06903189,0.1388801,0.9879003,moving,-11.657601624629294,-0.9602770779865186,-9.755761481016545,-0.4177500670401361,-0.48507540000000005,0.26739998,1.9688971,-0.2020353919819478,-0.016413606394331766,0.9792406150762399,-11.603844429972671,-0.6021728762594378,1.9738433039929633,1.977708646252874,1.857262059802738
05/10/2023 16:35:28.707853,2631,True,True,True,True,Eyes,1.37427,-0.3542795,-2.934343,-0.2681084,0.1218721,0.9556491,0.0,0.0,0.0,0.0,0.0,0.0,0.0,-1.162537,-0.07382202,3.051698,1.372028,-0.355302,-2.942975,-0.06921556,-0.03507929,-0.005089573,0.9969718,352.0465,355.9909,359.6938,0.4213958,-0.1087448,-0.900333,0,0,0,0.8895979,-0.08717707,-0.9738211,-0.3435143,-0.01276022,2.015944,0.9974871,-0.005292256,0.07065068,0.01500439,0.9903666,-0.1376548,-0.06924157,0.138369,0.9879573,moving,-11.571144781502406,-0.86995371174232,-9.670247780212637,-0.36265738933806724,-0.4824301,0.26812493000000004,1.9691539000000002,-0.2005623850617982,-0.014874470327147324,0.979568070667164,-11.515723360197574,-0.5156645041676734,1.9641239300683473,1.967424450452244,1.851807574644088
05/10/2023 16:35:28.723009,2632,True,True,True,True,Eyes,1.374436,-0.3542649,-2.934329,-0.2668766,0.1227723,0.9558786,0.0,0.0,0.0,0.0,0.0,0.0,0.0,-1.161723,-0.072642,3.052031,1.372027,-0.3552789,-2.942973,-0.06911297,-0.03520263,-0.004852173,0.9969758,352.0592,355.9748,359.7218,0.4214179,-0.1087394,-0.9003233,0,0,0,0.8923228,-0.08568442,-0.9736619,-0.3402382,-0.010683,2.016211,0.9974745,-0.004809081,0.07086302,0.01454091,0.9903997,-0.1374663,-0.06952163,0.1381495,0.9879683,moving,-11.482884925913261,-0.8003091581372097,-9.578494586634113,-0.30358185951488725,-0.47970420000000014,0.26959448,1.9693110999999999,-0.1990565628800869,-0.013688056943133173,0.9798924313843319,-11.426961595604567,-0.4491249514176814,1.9650766090201632,1.9681058339267172,1.854187982609315
05/10/2023 16:35:28.742768,2633,True,True,True,True,Eyes,1.374668,-0.3542436,-2.934314,-0.2655651,0.1236726,0.9561278,0.0,0.0,0.0,0.0,0.0,0.0,0.0,-1.162429,-0.07105604,3.05179,1.372081,-0.3553367,-2.942931,-0.06893633,-0.03508931,-0.004677978,0.9969929,352.0802,355.9866,359.7403,0.4214422,-0.1087339,-0.9003127,0,0,0,0.8959119,-0.08459395,-0.9732074,-0.3371038,-0.008695334,2.016466,0.9974937,-0.004489967,0.07061253,0.01416568,0.9904518,-0.1371298,-0.06932259,0.1377864,0.988033,moving,-11.417419642764177,-0.7238761260180909,-9.490688360226759,-0.24706732059124778,-0.4761691000000001,0.27074275000000003,1.9697236000000002,-0.19794019407458474,-0.01238371749022394,0.9801359229068428,-11.359809603816819,-0.37586199294694256,1.9821827265216665,1.9848526575141177,1.873553386180085
05/10/2023 16:35:28.753229,2634,True,True,True,True,Eyes,1.374888,-0.3542247,-2.934302,-0.2643044,0.1245315,0.9563656,0.0,0.0,0.0,0.0,0.0,0.0,0.0,-1.162709,-0.07037392,3.051748,1.372075,-0.3552767,-2.942992,-0.06883487,-0.03504003,-0.004626532,0.9970018,352.0921,355.9919,359.7454,0.42147,-0.108728,-0.9003003,0,0,0,0.899258,-0.08296502,-0.972961,-0.3339331,-0.006685048,2.016724,0.9975016,-0.004401368,0.07050689,0.01404927,0.9904807,-0.1369328,-0.06923302,0.1375812,0.9880679,moving,-11.348399363381189,-0.6618271561900636,-9.401841832764893,-0.18992367491374218,-0.47281699999999993,0.27231168,1.9700309999999999,-0.19676181501628642,-0.011325003477077697,0.9803859462796836,-11.289994354972194,-0.31650663966848636,2.0004652535161775,2.0029426141653994,1.8923908671529501
05/10/2023 16:35:28.773237,2635,True,True,True,True,Eyes,1.375145,-0.3542016,-2.934288,-0.2629564,0.1253976,0.9566239,0.0,0.0,0.0,0.0,0.0,0.0,0.0,-1.162778,-0.06972837,3.051778,1.372036,-0.35532,-2.943048,-0.06880479,-0.03501439,-0.004459003,0.9970056,352.0962,355.9935,359.7644,0.4215008,-0.1087218,-0.9002866,0,0,0,0.902622,-0.08113736,-0.9727545,-0.3305882,-0.004563898,2.016996,0.9975082,-0.004072987,0.07043268,0.01370962,0.990492,-0.1368853,-0.06920547,0.1375098,0.9880798,moving,-11.270708935049305,-0.6045307138653208,-9.308090005281839,-0.12964410799928694,-0.469414,0.27418264000000003,1.9702935000000001,-0.19543433156737366,-0.010347400785639109,0.9806621568000496,-11.212074759010743,-0.26180310948340735,2.016894870296278,2.0192549001828755,1.908565939155731
05/10/2023 16:35:28.793139,2636,True,True,True,True,Eyes,1.375394,-0.3541778,-2.934275,-0.2616627,0.1262368,0.9568683,0.0,0.0,0.0,0.0,0.0,0.0,0.0,-1.162748,-0.0692693,3.051794,1.372043,-0.3552775,-2.943043,-0.0687619,-0.03501646,-0.00436344,0.9970089,352.1015,355.9926,359.7753,0.4215353,-0.1087153,-0.9002713,0,0,0,0.9056025,-0.0794313,-0.9725311,-0.3275808,-0.002657026,2.017241,0.9975097,-0.003885178,0.07042351,0.01351637,0.9905055,-0.1368069,-0.06922336,0.137418,0.9880913,moving,-11.193558584265928,-0.5493017112262554,-9.223774360216977,-0.07546757567291196,-0.4664404999999999,0.27584620000000004,1.9705119,-0.19411548620869257,-0.009404619875875958,0.9809336231006527,-11.13478538760782,-0.20909058408308265,2.0237462281948604,2.025973513481287,1.9156769704691843
05/10/2023 16:35:28.802941,2637,True,True,True,True,Eyes,1.375591,-0.3541586,-2.934265,-0.259942,0.1274777,0.9571727,0.0,0.0,0.0,0.0,0.0,0.0,0.0,-1.162692,-0.07002011,3.051829,1.372096,-0.3552372,-2.943055,-0.06885442,-0.03503606,-0.004421602,0.9970016,352.0907,355.9907,359.7691,0.4215727,-0.1087083,-0.9002546,0,0,0,0.908767,-0.07696381,-0.9724124,-0.3244113,-0.0006472468,2.017499,0.9975059,-0.003991913,0.07047091,0.01364147,0.9904791,-0.1369861,-0.06925312,0.1376058,0.9880631,moving,-11.090339928380718,-0.4905265639771684,-9.134893536109365,-0.01838142604832172,-0.463329,0.27827338999999995,1.9706426000000001,-0.19234972774015438,-0.008401330898069242,0.981290469159876,-11.032182654362526,-0.15315326409895832,2.0095392934687166,2.0116390392704404,1.9020697796278145
05/10/2023 16:35:28.823256,2638,True,True,True,True,Eyes,1.375779,-0.3541382,-2.934254,-0.2582929,0.1286802,0.9574582,0.0,0.0,0.0,0.0,0.0,0.0,0.0,-1.16254,-0.06953385,3.051909,1.37209,-0.3552861,-2.943064,-0.0688187,-0.03505609,-0.004332298,0.9970038,352.0951,355.9877,359.7794,0.4216115,-0.1087013,-0.9002373,0,0,0,0.9120293,-0.07508299,-0.9721997,-0.3210387,0.001491219,2.017773,0.9975047,-0.003813604,0.07049839,0.01346366,0.9904904,-0.1369213,-0.06930582,0.1375287,0.9880701,moving,-10.990408864143584,-0.4154198596512978,-9.040295889931352,0.042343979959256546,-0.4600607,0.28020311,1.9708643000000001,-0.19063984448667784,-0.007117409244930539,0.9816342562224617,-10.9318821255519,-0.08143101838859948,2.0012594755372537,2.0031196532024422,1.8956314876592246
05/10/2023 16:35:28.842995,2639,True,True,True,True,Eyes,1.375897,-0.3541201,-2.934246,-0.2563439,0.1302679,0.9577673,0.0,0.0,0.0,0.0,0.0,0.0,0.0,-1.162189,-0.07054752,3.051986,1.372065,-0.3552408,-2.943046,-0.06896441,-0.03511043,-0.004365553,0.9969916,352.0782,355.9816,359.7766,0.4216512,-0.108694,-0.9002195,0,0,0,0.9148774,-0.0724805,-0.9721184,-0.3179649,0.00344035,2.018023,0.9974964,-0.003862099,0.07061174,0.01354758,0.9904498,-0.1372073,-0.06940746,0.1378204,0.9880223,moving,-10.869858770992835,-0.3419885778969247,-8.954057113337779,0.09767844275398885,-0.45718760000000014,0.2827603,1.9709275999999998,-0.18857561573933337,-0.005861703581133429,0.982041241173999,-10.81179739521985,-0.011481587170809687,1.963970768730121,1.9656050164063763,1.860944616870814
05/10/2023 16:35:28.853443,2640,True,True,True,True,Eyes,1.37601,-0.3541072,-2.934239,-0.254469,0.131797,0.958058,0.0,0.0,0.0,0.0,0.0,0.0,0.0,-1.161987,-0.07186735,3.052007,1.372063,-0.3552072,-2.943025,-0.06910623,-0.0351502,-0.004534464,0.9969796,352.0613,355.9783,359.758,0.4216902,-0.1086869,-0.9002022,0,0,0,0.9180496,-0.06967175,-0.9720117,-0.3146877,0.005518347,2.01829,0.9974878,-0.00418334,0.07071479,0.01389973,0.9904075,-0.1374762,-0.06946136,0.1381138,0.9879776,moving,-10.756429801336099,-0.27495276426298365,-8.862088238592111,0.15665598358514787,-0.4540134,0.28553545,1.9710133,-0.18663221737922064,-0.004714496889199574,0.9824185673577209,-10.698915469575441,0.05235006431837588,1.9414057654037158,1.9428885885604361,1.8397864009922382
05/10/2023 16:35:28.877601,2641,True,True,True,True,Eyes,1.376068,-0.3540962,-2.934234,-0.2523623,0.1335362,0.9583743,0.0,0.0,0.0,0.0,0.0,0.0,0.0,-1.16212,-0.0722366,3.051951,1.372035,-0.3553188,-2.943029,-0.06917176,-0.03512494,-0.004569191,0.9969758,352.0536,355.9815,359.7541,0.4217281,-0.1086799,-0.9001852,0,0,0,0.9213061,-0.06748194,-0.9718292,-0.3115178,0.007528454,2.018548,0.9974907,-0.004251434,0.07066955,0.01397005,0.9903888,-0.1376041,-0.0694053,0.1382461,0.987963,moving,-10.636053176696414,-0.18358052981601888,-8.77311099461509,0.213691544826357,-0.4507288999999999,0.28783685999999997,1.9711998000000002,-0.1845689028058151,-0.00314903168025997,0.9828145042625053,-10.578046096412221,0.13961393331021982,1.9036555378227213,1.9048303533565882,1.8064545978870756
05/10/2023 16:35:28.892999,2642,True,True,True,True,Eyes,1.376124,-0.3540855,-2.934228,-0.2503349,0.1352058,0.9586719,0.0,0.0,0.0,0.0,0.0,0.0,0.0,-1.161905,-0.07221714,3.052045,1.372064,-0.3553018,-2.943029,-0.06917838,-0.03516337,-0.004536672,0.9969741,352.053,355.9768,359.7581,0.4217639,-0.1086732,-0.9001693,0,0,0,0.9244254,-0.06540066,-0.9716594,-0.3082674,0.009589344,2.018812,0.9974859,-0.0041808,0.0707416,0.01391098,0.9903875,-0.1376191,-0.06948625,0.1382572,0.9879558,moving,-10.512673748982184,-0.08786429804468988,-8.68185582804885,0.27215253693893143,-0.4476386,0.28990114,1.9713696,-0.1824528066849696,-0.0015077799412139686,0.9832134469654521,-10.45405208777747,0.23104706347250867,1.8649935561694344,1.8658795194444582,1.77267290918122
05/10/2023 16:35:28.902893,2643,True,True,True,True,Eyes,1.376104,-0.3540793,-2.934226,-0.2481276,0.1369849,0.9589931,0.0,0.0,0.0,0.0,0.0,0.0,0.0,-1.16214,-0.07229728,3.051923,1.372057,-0.3552971,-2.943001,-0.06918607,-0.03512469,-0.004551978,0.9969749,352.0521,355.9814,359.7561,0.4217975,-0.1086668,-0.9001542,0,0,0,0.9279001,-0.06324345,-0.9713895,-0.3049464,0.01169521,2.019082,0.9974911,-0.004216135,0.07066673,0.01393669,0.9903851,-0.1376338,-0.06940699,0.1382733,0.9879591,moving,-10.388033624931333,0.01280960835889696,-8.588596251129392,0.3318729400805178,-0.4441569000000001,0.29205364999999994,1.9716115000000003,-0.18031370955233234,0.00021990533344645735,0.9836090952947221,-10.328579967856678,0.32725483934875016,1.8268855949983505,1.8275054779355737,1.7399898451802727
05/10/2023 16:35:28.923285,2644,True,True,True,True,Eyes,1.376086,-0.3540717,-2.934222,-0.246006,0.1386831,0.9592956,0.0,0.0,0.0,0.0,0.0,0.0,0.0,-1.162114,-0.07094052,3.051956,1.372018,-0.3553095,-2.943009,-0.06899682,-0.03512,-0.004472062,0.9969885,352.0741,355.9814,359.7645,0.4218273,-0.1086608,-0.9001409,0,0,0,0.9311143,-0.06199658,-0.9710717,-0.3016834,0.0137642,2.019347,0.9974932,-0.004070851,0.07064558,0.01376352,0.9904388,-0.137264,-0.06941135,0.1378922,0.9880121,moving,-10.264020198582601,0.13360463045961668,-8.496946221124086,0.3905313724843509,-0.4409037,0.29331292,1.9719373,-0.17818386471307648,0.002294522665188814,0.9839945365512055,-10.202644371774525,0.44288435268962745,1.785327298736478,1.7856544437764277,1.706501396327792
05/10/2023 16:35:28.942933,2645,True,True,True,True,Eyes,1.375992,-0.3540663,-2.934223,-0.243752,0.1404629,0.959612,0.0,0.0,0.0,0.0,0.0,0.0,0.0,-1.162276,-0.06990057,3.051901,1.372039,-0.3552708,-2.942985,-0.06892308,-0.03508642,-0.004225241,0.996996,352.0836,355.9833,359.7924,0.4218538,-0.1086553,-0.9001293,0,0,0,0.9341779,-0.06053501,-0.9707732,-0.2986969,0.01565799,2.01959,0.9975022,-0.003588568,0.07054446,0.01326162,0.9904635,-0.1371356,-0.06937959,0.1377286,0.9880371,moving,-10.134152303751952,0.24992410587044583,-8.41304323068399,0.4442083629465222,-0.4378611,0.29473579,1.9722118000000002,-0.17595191052813566,0.004293932459548941,0.9843894258117273,-10.071303550568754,0.5541506369871644,1.7319100847559294,1.7320400728460252,1.6619008972034248
05/10/2023 16:35:28.957397,2646,True,True,True,True,Eyes,1.3759,-0.3540609,-2.934224,-0.2415765,0.1421778,0.9599096,0.0,0.0,0.0,0.0,0.0,0.0,0.0,-1.162291,-0.07109967,3.051891,1.372125,-0.3552144,-2.942976,-0.06909364,-0.03509912,-0.004269581,0.9969834,352.0638,355.9821,359.7881,0.4218751,-0.1086503,-0.9001198,0,0,0,0.9373432,-0.05779058,-0.9706793,-0.2955866,0.01762995,2.019844,0.9974997,-0.00366315,0.07057647,0.01336365,0.9904157,-0.1374707,-0.06939648,0.1380702,0.9879882,moving,-10.005865045729891,0.32740347353095206,-8.325641253827316,0.5000861835533735,-0.4347818,0.29742382,1.9722966999999998,-0.17374624988324888,0.005627327046526173,0.9847744646258196,-9.943546798405535,0.6279479487381969,1.6890012946081,1.68907409820178,1.6229500861619632
05/10/2023 16:35:28.972942,2647,True,True,True,True,Eyes,1.375749,-0.3540597,-2.934225,-0.2393107,0.1439445,0.9602138,0.0,0.0,0.0,0.0,0.0,0.0,0.0,-1.162911,-0.07203919,3.051641,1.372113,-0.3552104,-2.942991,-0.06914401,-0.03500675,-0.004523512,0.996982,352.057,355.9948,359.7583,0.4218921,-0.1086458,-0.9001125,0,0,0,0.9411134,-0.05528328,-0.9704426,-0.2922573,0.01974115,2.020114,0.9975082,-0.004178705,0.07042775,0.01386073,0.9903973,-0.137554,-0.06917665,0.1381874,0.9879873,moving,-9.886359181684082,0.4166575670581848,-8.232073893335798,0.5598934389116033,-0.4309995999999999,0.29992712,1.9725484,-0.17169017211714616,0.007164001244257701,0.9851250346071493,-9.823629059534676,0.7131743881961332,1.6604520503143794,1.6604747303801926,1.5989192901669258
05/10/2023 16:35:28.982649,2648,True,True,True,True,Eyes,1.375604,-0.3540564,-2.934226,-0.2371394,0.1456395,0.9604968,0.0,0.0,0.0,0.0,0.0,0.0,0.0,-1.16329,-0.0713388,3.051427,1.37203,-0.3552424,-2.942937,-0.06905103,-0.03493055,-0.004488869,0.9969913,352.0679,356.0034,359.7613,0.4219036,-0.1086419,-0.9001076,0,0,0,0.9444479,-0.05372241,-0.9700671,-0.2891307,0.02172372,2.020368,0.9975194,-0.004126743,0.07027084,0.01377471,0.9904236,-0.137373,-0.06903099,0.1380002,0.9880236,moving,-9.768294276510195,0.5251145709379487,-8.144184014799983,0.6160409923348721,-0.4275821000000001,0.30151999,1.9728699,-0.16965726345731397,0.009031988529215593,0.9854617688892012,-9.70408136222198,0.8169426529669206,1.626653770489333,1.6266535452580142,1.5727813617088997
05/10/2023 16:35:29.002980,2649,True,True,True,True,Eyes,1.375428,-0.3540552,-2.934229,-0.2349186,0.1473621,0.9607797,0.0,0.0,0.0,0.0,0.0,0.0,0.0,-1.162844,-0.07122704,3.051575,1.372007,-0.3551858,-2.942929,-0.06906856,-0.03499468,-0.004377741,0.9969884,352.0663,355.9951,359.7747,0.4219102,-0.1086384,-0.9001049,0,0,0,0.947504,-0.05153731,-0.9699062,-0.2857619,0.02385983,2.020643,0.9975124,-0.00389505,0.0703833,0.01356318,0.9904208,-0.1374147,-0.06917384,0.1380275,0.9880098,moving,-9.630582125452205,0.624105540742867,-8.049462151487175,0.6765193196306015,-0.42450299999999996,0.30364849,1.9730227999999999,-0.16728535738930997,0.010738989807950947,0.9858500151521506,-9.566099411525073,0.9114274705690296,1.5819610531377015,1.5819884880391737,1.5347216092544518
05/10/2023 16:35:29.025258,2650,True,True,True,True,Eyes,1.375259,-0.3540561,-2.934229,-0.2327833,0.1490114,0.9610451,0.0,0.0,0.0,0.0,0.0,0.0,0.0,-1.162274,-0.07152444,3.051814,1.372057,-0.3552046,-2.942933,-0.06916,-0.03509112,-0.004278548,0.9969791,352.0562,355.9831,359.7873,0.4219117,-0.1086356,-0.9001046,0,0,0,0.950169,-0.0493404,-0.9698509,-0.2827332,0.02578026,2.020889,0.9975007,-0.003677442,0.07056204,0.01338505,0.9903972,-0.1376019,-0.06937842,0.1382024,0.987971,moving,-9.494241939489637,0.7100730112414813,-7.964292004830859,0.7308763488116379,-0.42188800000000004,0.3058642,1.9730821,-0.16493617584944212,0.012223066939032398,0.9862285743445205,-9.430130738129186,0.993354916035323,1.5300119346205852,1.5300913637480793,1.4891535146818962
05/10/2023 16:35:29.044515,2651,True,True,True,True,Eyes,1.375059,-0.35406,-2.934231,-0.2306001,0.1506612,0.9613141,0.0,0.0,0.0,0.0,0.0,0.0,0.0,-1.162437,-0.07107595,3.051723,1.372065,-0.3552544,-2.942883,-0.06912632,-0.03506331,-0.00420553,0.9969827,352.0603,355.9857,359.7953,0.4219087,-0.1086332,-0.9001063,0,0,0,0.9535053,-0.04751432,-0.969548,-0.2794918,0.02783564,2.021152,0.9975058,-0.003538086,0.07049645,0.01323328,0.9904078,-0.1375406,-0.06933359,0.1381304,0.9879842,moving,-9.369721744926572,0.8098035084573236,-7.873125309287469,0.7890370786088307,-0.4185597000000001,0.30774008,1.973335,-0.162788750484568,0.013944742563183857,0.9865623999701083,-9.304824260419565,1.0886532039741967,1.4965552157305295,1.4967405038203248,1.462713816592876
05/10/2023 16:35:29.052614,2652,True,True,True,True,Eyes,1.374869,-0.3540589,-2.934233,-0.2284986,0.152249,0.9615657,0.0,0.0,0.0,0.0,0.0,0.0,0.0,-1.162388,-0.07024691,3.051776,1.372127,-0.3552926,-2.942864,-0.06903771,-0.0350776,-0.004104105,0.9969888,352.0709,355.9833,359.8068,0.421901,-0.1086315,-0.9001101,0,0,0,0.9566911,-0.04593089,-0.9692777,-0.2762745,0.02987558,2.021415,0.9975055,-0.00334014,0.07051061,0.01302685,0.9904339,-0.1373717,-0.06937726,0.1379475,0.9880067,moving,-9.244998404112204,0.9128133197560364,-7.782612790377892,0.8467435069008186,-0.4154359000000001,0.30936171,1.9735863,-0.16063654088993728,0.01572403874649432,0.9868883523255625,-9.17914800565663,1.1871145121588522,1.463531368380902,1.4638773525906474,1.437415398809264
05/10/2023 16:35:29.078005,2653,True,True,True,True,Eyes,1.374629,-0.3540597,-2.934237,-0.2263263,0.1538407,0.9618261,0.0,0.0,0.0,0.0,0.0,0.0,0.0,-1.162672,-0.07094103,3.051676,1.372168,-0.3551706,-2.942885,-0.0690811,-0.03504286,-0.004227745,0.9969864,352.0654,355.9883,359.7924,0.4218893,-0.1086302,-0.9001157,0,0,0,0.960164,-0.04348421,-0.9690946,-0.2730253,0.03193581,2.021679,0.9975083,-0.00358841,0.07045863,0.01327161,0.9904198,-0.1374495,-0.0692904,0.1380421,0.9879996,moving,-9.123833878366366,0.9958767112415198,-7.691193102178788,0.9050076458578326,-0.41200400000000004,0.31168639,1.9737904,-0.1585454478122726,0.017160618887860177,0.9872025404276377,-9.057960051184288,1.266354336732848,1.4350518201172264,1.4355196900910308,1.4137267500829598
05/10/2023 16:35:29.092815,2654,True,True,True,True,Eyes,1.374399,-0.3540606,-2.93424,-0.2242353,0.1553722,0.9620696,0.0,0.0,0.0,0.0,0.0,0.0,0.0,-1.163291,-0.07163933,3.051388,1.372163,-0.3551547,-2.942852,-0.06912679,-0.03494842,-0.004395658,0.9969859,352.0595,356.0005,359.7725,0.4218726,-0.1086294,-0.9001237,0,0,0,0.9637459,-0.04116774,-0.9688178,-0.2698762,0.03393275,2.021935,0.9975186,-0.003933073,0.07029386,0.01359656,0.9904044,-0.1375296,-0.06907842,0.1381441,0.9880002,moving,-9.014780327682232,1.0744130195261943,-7.602574517309232,0.9614655601436412,-0.4084171,0.31398696,1.9740341999999997,-0.15666236977872472,0.01851941223975817,0.9874785257455975,-8.948685108915992,1.341317141680006,1.4161216482325503,1.416715348767082,1.3986782863945448
05/10/2023 16:35:29.102864,2655,True,True,True,True,Eyes,1.374132,-0.3540629,-2.934246,-0.2220975,0.1568487,0.9623259,0.0,0.0,0.0,0.0,0.0,0.0,0.0,-1.163528,-0.07217455,3.05128,1.372163,-0.3551613,-2.942846,-0.06916551,-0.03491503,-0.004519552,0.9969838,352.0546,356.0054,359.7581,0.4218518,-0.108629,-0.9001335,0,0,0,0.967266,-0.0388144,-0.968601,-0.2665366,0.03605029,2.022206,0.997521,-0.004182008,0.07024463,0.01384167,0.9903914,-0.1375982,-0.06899423,0.1382294,0.9879942,moving,-8.895635281557356,1.151420438341303,-7.508581417497573,1.021315679038474,-0.40489700000000006,0.3163469,1.9742449999999998,-0.15460464321148548,0.019853114064645544,0.987776903034352,-8.829764867203197,1.4147281980820954,1.392432744898312,1.3931423725507817,1.378513372411128
05/10/2023 16:35:29.123618,2656,True,True,True,True,Eyes,1.373874,-0.3540674,-2.934253,-0.2200469,0.1582694,0.9625643,0.0,0.0,0.0,0.0,0.0,0.0,0.0,-1.163535,-0.07305646,3.05127,1.372116,-0.3551506,-2.942884,-0.06924552,-0.03491218,-0.00467119,0.9969777,352.0448,356.0069,359.7409,0.4218262,-0.1086291,-0.9001455,0,0,0,0.9702888,-0.03647929,-0.9685027,-0.2635374,0.0379521,2.02245,0.9975187,-0.00447912,0.07026024,0.01414917,0.9903665,-0.1377463,-0.0689664,0.1383986,0.9879724,moving,-8.778418684854476,1.2199683431431811,-7.424153430987858,1.0750525179534987,-0.40182719999999994,0.31867131,1.9743812999999997,-0.15257979630957585,0.021041562792769225,0.9880670681708942,-8.713152118276938,1.4799903659261024,1.3611803513602565,1.3619966865674895,1.3511077960524294
05/10/2023 16:35:29.142776,2657,True,True,True,True,Eyes,1.373653,-0.3540703,-2.934258,-0.2179932,0.1596505,0.9628035,0.0,0.0,0.0,0.0,0.0,0.0,0.0,-1.163196,-0.07348749,3.051409,1.372084,-0.3552139,-2.942912,-0.0692855,-0.03496608,-0.004766339,0.9969726,352.0398,356.0014,359.7305,0.4217966,-0.1086296,-0.9001592,0,0,0,0.9732619,-0.0343028,-0.9684014,-0.2603559,0.03996935,2.022709,0.9975093,-0.004658533,0.07038092,0.0143491,0.9903536,-0.1378181,-0.06905996,0.1384848,0.9879537,moving,-8.654071488212008,1.2919704854346372,-7.334579895640883,1.132034843555352,-0.39882210000000007,0.3209111,1.9745106000000003,-0.15043099708237367,0.022290650852071492,0.9883691309476098,-8.589483474512823,1.5485319368864308,1.3282172305606068,1.3291491535599842,1.3222151190403328
05/10/2023 16:35:29.153237,2658,True,True,True,True,Eyes,1.373441,-0.3540722,-2.934263,-0.2160224,0.1609693,0.9630281,0.0,0.0,0.0,0.0,0.0,0.0,0.0,-1.162893,-0.07305536,3.051512,1.372079,-0.3552293,-2.942889,-0.06920481,-0.03501697,-0.004792255,0.9969763,352.049,355.9958,359.7276,0.4217644,-0.1086305,-0.9001743,0,0,0,0.9763947,-0.03251076,-0.9681563,-0.2570258,0.04208106,2.02298,0.9975017,-0.004708844,0.07048544,0.01440221,0.9903755,-0.1376555,-0.06915886,0.1383267,0.987969,moving,-8.53439246616336,1.375715756352098,-7.240808906287524,1.191667474136088,-0.3956843000000001,0.32271854,1.9747327000000001,-0.14836121181384557,0.023742765521548484,0.9886481407196275,-8.469691105996866,1.6284410197700898,1.305500591424718,1.3066109583834462,1.3041942305224972
05/10/2023 16:35:29.172959,2659,True,True,True,True,Eyes,1.373268,-0.3540715,-2.934265,-0.2140406,0.1622334,0.9632586,0.0,0.0,0.0,0.0,0.0,0.0,0.0,-1.162723,-0.07250649,3.051599,1.372051,-0.3552079,-2.942914,-0.06913352,-0.03503779,-0.004734633,0.9969808,352.0574,355.9929,359.7341,0.4217299,-0.1086316,-0.9001903,0,0,0,0.9793336,-0.03086266,-0.9679546,-0.2539548,0.04402825,2.02323,0.9974999,-0.004596104,0.07051864,0.01428525,0.9903963,-0.1375178,-0.06920935,0.1381814,0.9879858,moving,-8.416604973203027,1.4569722741539193,-7.154321203147801,1.2466377099454997,-0.3927173999999999,0.32434524000000003,1.9749594,-0.14632343060699848,0.025152557799865916,0.9889170781665181,-8.351853874051633,1.7059627542033273,1.278377219600016,1.2796878310922473,1.2826004811181542
05/10/2023 16:35:29.192639,2660,True,True,True,True,Eyes,1.373104,-0.3540711,-2.934267,-0.2121381,0.1634432,0.9634749,0.0,0.0,0.0,0.0,0.0,0.0,0.0,-1.162613,-0.07227018,3.051599,1.371996,-0.3552009,-2.942891,-0.06915478,-0.03504029,-0.004589445,0.9969799,352.0555,355.9915,359.751,0.4216945,-0.1086328,-0.9002067,0,0,0,0.982469,-0.02880031,-0.9677358,-0.2507033,0.04608998,2.023494,0.9975022,-0.004304762,0.07050368,0.01399758,0.9903931,-0.1375702,-0.06923416,0.1382135,0.9879796,moving,-8.304473329546273,1.526384211859452,-7.0627401074334655,1.3048246194870636,-0.38952699999999996,0.32640059,1.9751551999999999,-0.14438328543010784,0.026358171176832895,0.9891707889583483,-8.240096278301468,1.772097196152375,1.2599200355936737,1.2613445397158038,1.2666930227898177
05/10/2023 16:35:29.203026,2661,True,True,True,True,Eyes,1.372943,-0.354068,-2.934268,-0.2097382,0.1649754,0.9637391,0.0,0.0,0.0,0.0,0.0,0.0,0.0,-1.16264,-0.07168961,3.051603,1.372015,-0.355208,-2.942882,-0.06914319,-0.03503016,-0.004391653,0.9969819,352.0576,355.9911,359.7737,0.4216585,-0.1086342,-0.9002234,0,0,0,0.985667,-0.02693927,-0.9675015,-0.2474916,0.04812655,2.023756,0.9975072,-0.003912601,0.07045618,0.01360099,0.9903999,-0.1375613,-0.06924157,0.1381767,0.9879842,moving,-8.164463775776465,1.6189277631880108,-6.972263654950128,1.3622830866214624,-0.386348,0.32826873,1.9753805,-0.1419594820344422,0.027965739286051006,0.9894773726063208,-8.100242098669995,1.8603428327170497,1.2178060606730428,1.2195112209849817,1.233044557255533
05/10/2023 16:35:29.224025,2662,True,True,True,True,Eyes,1.372789,-0.3540654,-2.93427,-0.2074331,0.1664501,0.9639844,0.0,0.0,0.0,0.0,0.0,0.0,0.0,-1.163054,-0.07155129,3.051425,1.372031,-0.3551554,-2.942856,-0.06916465,-0.03495971,-0.004270949,0.9969834,352.0557,355.9982,359.7871,0.421622,-0.1086355,-0.9002404,0,0,0,0.9891748,-0.02480716,-0.9672244,-0.2442368,0.05019036,2.02402,0.9975192,-0.00368018,0.07029929,0.01335208,0.990396,-0.1376134,-0.0691177,0.1382106,0.9879881,moving,-8.037672136900346,1.7028730597823327,-6.880566389104336,1.4204931705074484,-0.3828562,0.33034824,1.9756315999999998,-0.13976363450390122,0.02942469783049477,0.9897476263355341,-7.973583816153482,1.9403911212017255,1.1891289087998207,1.1910634380457903,1.2103639844977394
05/10/2023 16:35:29.242738,2663,True,True,True,True,Eyes,1.372671,-0.354061,-2.934274,-0.2046553,0.1682074,0.9642731,0.0,0.0,0.0,0.0,0.0,0.0,0.0,-1.163049,-0.07175016,3.051473,1.372034,-0.3551629,-2.942907,-0.06923664,-0.03495565,-0.004178444,0.9969789,352.0478,355.9979,359.798,0.4215852,-0.1086368,-0.9002574,0,0,0,0.9923223,-0.02257559,-0.9671165,-0.2410752,0.0521951,2.024278,0.9975213,-0.003491219,0.0702787,0.01317207,0.9903776,-0.1377628,-0.06912149,0.1383471,0.9879687,moving,-7.876222993405708,1.7963777014119795,-6.791478642692407,1.47701869738239,-0.3797117,0.33258731,1.9757905,-0.13696741251038355,0.031052137795467866,0.9900887966566442,-7.813014682798315,2.029401984655421,1.1285197024999822,1.1307787050785807,1.161319584478716
05/10/2023 16:35:29.254777,2664,True,True,True,True,Eyes,1.372558,-0.3540563,-2.934278,-0.2019867,0.1698919,0.9645404,0.0,0.0,0.0,0.0,0.0,0.0,0.0,-1.163518,-0.07164913,3.051352,1.372054,-0.3551933,-2.942951,-0.06923522,-0.03488064,-0.004155721,0.9969818,352.0481,356.0064,359.8,0.4215491,-0.108638,-0.9002742,0,0,0,0.996094,-0.02042407,-0.9668838,-0.2376153,0.05438879,2.024559,0.9975321,-0.003456417,0.07012616,0.01311629,0.9903784,-0.1377626,-0.06897526,0.1383424,0.9879797,moving,-7.7301703567244875,1.892836572548164,-6.693978007435591,1.538853042445412,-0.37596000000000007,0.33476923,1.9760672,-0.13443592842000032,0.03273038377058131,0.9903816289808404,-7.6671283198074445,2.1213802006094173,1.0924045320614952,1.0949880932269755,1.1341778610377067
05/10/2023 16:35:29.273061,2665,True,True,True,True,Eyes,1.372455,-0.3540489,-2.93428,-0.1990063,0.1717663,0.9648279,0.0,0.0,0.0,0.0,0.0,0.0,0.0,-1.16346,-0.07164007,3.051383,1.372047,-0.3551797,-2.942966,-0.06921946,-0.03489007,-0.004183052,0.9969825,352.0497,356.0056,359.7969,0.4215137,-0.1086391,-0.9002905,0,0,0,0.9991117,-0.01851684,-0.9667029,-0.234564,0.05632377,2.024807,0.9975304,-0.003510717,0.07014866,0.013171,0.9903824,-0.1377293,-0.06899046,0.1383131,0.9879827,moving,-7.557161516816941,2.0006617888575073,-6.607981318940703,1.5933777082008498,-0.37293529999999997,0.33666286,1.9762631000000002,-0.1314364685074274,0.03460817349165919,0.9907203313486894,-7.494657927204371,2.224123032187993,1.0297901054817864,1.0328714200696587,1.0881337561961806
05/10/2023 16:35:29.293074,2666,True,True,True,True,Eyes,1.372356,-0.3540414,-2.934281,-0.196147,0.1735675,0.965091,0.0,0.0,0.0,0.0,0.0,0.0,0.0,-1.163244,-0.07199252,3.051404,1.372011,-0.3551465,-2.94293,-0.06924334,-0.03492315,-0.004252407,0.9969794,352.0467,356.0023,359.7892,0.4214793,-0.10864,-0.9003066,0,0,0,1.002167,-0.01631773,-0.9665087,-0.2313709,0.05834839,2.025067,0.9975246,-0.003642733,0.07022421,0.01331551,0.9903746,-0.1377713,-0.06904641,0.1383654,0.9879715,moving,-7.3890363501553376,2.099038459747222,-6.5179772162958205,1.6504104828116242,-0.36984400000000006,0.33882877,1.9764213000000002,-0.12852096608454638,0.03632318239277049,0.9910413455773712,-7.327395811202403,2.317784915908533,0.9763162137354987,0.9798015494830671,1.0490696334047453
05/10/2023 16:35:29.308019,2667,True,True,True,True,Eyes,1.372266,-0.3540339,-2.934283,-0.1930999,0.1754521,0.9653646,0.0,0.0,0.0,0.0,0.0,0.0,0.0,-1.162819,-0.07245618,3.051534,1.371996,-0.3551354,-2.942918,-0.06928238,-0.03499386,-0.004334703,0.9969738,352.0419,355.9948,359.7805,0.4214458,-0.1086407,-0.9003222,0,0,0,1.005105,-0.01406941,-0.9663743,-0.2281699,0.06037802,2.025327,0.9975133,-0.003794255,0.07037655,0.01349209,0.9903623,-0.1378421,-0.06917527,0.1384488,0.9879508,moving,-7.206017272799032,2.200171351479418,-6.427743228418553,1.7075669495779864,-0.3668910000000001,0.34106599,1.9765437000000001,-0.12534639595397323,0.03808800733609119,0.9913815644977951,-7.145632377312662,2.4139938684810405,0.917159026788812,0.9210698045908441,1.0071761622729016
05/10/2023 16:35:29.324861,2668,True,True,True,True,Eyes,1.372179,-0.3540275,-2.934285,-0.1901756,0.1772608,0.9656148,0.0,0.0,0.0,0.0,0.0,0.0,0.0,-1.162247,-0.07225618,3.051771,1.371991,-0.35516,-2.942932,-0.06923185,-0.03508914,-0.004379367,0.9969737,352.0475,355.9841,359.7759,0.4214133,-0.1086412,-0.9003373,0,0,0,1.007766,-0.01234752,-0.966233,-0.2251424,0.06229779,2.025574,0.9974992,-0.003873657,0.07057228,0.0135908,0.9903756,-0.1377373,-0.06935951,0.138352,0.9879514,moving,-7.027098355133059,2.307978694903398,-6.342388538978053,1.7616120844866507,-0.364225,0.34281248,1.976699,-0.12224100752679508,0.03996892229007844,0.9916953732678414,-6.967466665562987,2.516674731738391,0.8715794917432553,0.8759817380044558,0.9802256197476866
05/10/2023 16:35:29.342670,2669,True,True,True,True,Eyes,1.372087,-0.3540205,-2.934287,-0.1871309,0.1791118,0.965868,0.0,0.0,0.0,0.0,0.0,0.0,0.0,-1.161932,-0.07240215,3.05189,1.371983,-0.3551807,-2.942935,-0.06924821,-0.03514032,-0.004402936,0.9969707,352.0455,355.9784,359.7737,0.4213819,-0.1086416,-0.900352,0,0,0,1.010921,-0.01015842,-0.9660722,-0.2217866,0.06442553,2.025846,0.9974915,-0.003912387,0.07067752,0.013646,0.9903706,-0.1377674,-0.06945794,0.1383863,0.9879397,moving,-6.845998793308949,2.411015815314909,-6.247774814666698,1.8214944814428384,-0.361062,0.34502228,1.9768627999999997,-0.1190970890486974,0.04176833421182176,0.9920036762509228,-6.78745227783471,2.6147358009710646,0.8351442203691289,0.8398853086659328,0.9594183421523387
05/10/2023 16:35:29.353153,2670,True,True,True,True,Eyes,1.372001,-0.3540137,-2.934287,-0.1842057,0.1808883,0.9660991,0.0,0.0,0.0,0.0,0.0,0.0,0.0,-1.161751,-0.07233202,3.05195,1.371996,-0.3551679,-2.94292,-0.06924949,-0.03517054,-0.004366181,0.9969698,352.0455,355.9746,359.7781,0.4213513,-0.1086419,-0.9003663,0,0,0,1.013942,-0.008165747,-0.9658781,-0.2186443,0.06641823,2.026102,0.997488,-0.003834818,0.07073264,0.01357699,0.9903709,-0.1377722,-0.06952322,0.1383864,0.9879351,moving,-6.673545110552241,2.5126807897164274,-6.159168599692069,1.877557003221378,-0.3580540000000001,0.347002153,1.9770419000000001,-0.11610191460283202,0.04354401261939107,0.9922822443240377,-6.615843782567108,2.711538163588248,0.8122660989776567,0.8172915141468765,0.9508295317778163
05/10/2023 16:35:29.372817,2671,True,True,True,True,Eyes,1.3719,-0.3540072,-2.93429,-0.1812129,0.1826623,0.9663314,0.0,0.0,0.0,0.0,0.0,0.0,0.0,-1.161808,-0.07238632,3.05194,1.372073,-0.355167,-2.942898,-0.06927013,-0.03517265,-0.004338763,0.9969684,352.0432,355.9741,359.7814,0.4213215,-0.108642,-0.9003802,0,0,0,1.017145,-0.006100506,-0.9656712,-0.2155003,0.06841183,2.026358,0.9974881,-0.00377839,0.07073312,0.01352404,0.9903656,-0.137815,-0.06953093,0.1384254,0.9879291,moving,-6.50052718915672,2.611823507220974,-6.070507669658145,1.9336271835480645,-0.35492800000000013,0.349066494,1.9772268,-0.11309625475174225,0.04527676407865765,0.9925518915348229,-6.443825276580162,2.8059022638953293,0.7978494139352728,0.8030361390331289,0.9488044326587058
05/10/2023 16:35:29.392990,2672,True,True,True,True,Eyes,1.371803,-0.354003,-2.934294,-0.1783316,0.184361,0.9665448,0.0,0.0,0.0,0.0,0.0,0.0,0.0,-1.161896,-0.072696,3.051939,1.372091,-0.3551556,-2.942932,-0.06932006,-0.03516027,-0.0043364,0.9969653,352.0375,355.9755,359.7818,0.4212922,-0.1086421,-0.9003939,0,0,0,1.020358,-0.003892958,-0.9655315,-0.2123558,0.07040569,2.026614,0.9974899,-0.003771857,0.07070833,0.0135211,0.9903519,-0.1379144,-0.06950592,0.1385243,0.9879169,moving,-6.3359458160530995,2.702953968011835,-5.981825976647916,1.9896868368591765,-0.35173299999999985,0.351262642,1.9774005,-0.11023658656060864,0.04687053959508128,0.9927995949778238,-6.280363188400752,2.892598327614847,0.7911376616645264,0.7963358971207419,0.9509856081664878
05/10/2023 16:35:29.408428,2673,True,True,True,True,Eyes,1.371697,-0.3539979,-2.934298,-0.1754165,0.1860331,0.9667579,0.0,0.0,0.0,0.0,0.0,0.0,0.0,-1.162363,-0.07240817,3.051796,1.372093,-0.3552102,-2.942954,-0.06928795,-0.03508359,-0.004323936,0.9969703,352.0413,355.9843,359.7825,0.4212633,-0.1086422,-0.9004074,0,0,0,1.023925,-0.002007425,-0.965269,-0.2090929,0.0724746,2.026879,0.9975009,-0.003759931,0.0705538,0.01348341,0.990361,-0.1378526,-0.06935541,0.1384594,0.9879367,moving,-6.176772877991848,2.8021768449437583,-5.889800271787439,2.0478382497138106,-0.34816800000000003,0.35320277499999997,1.9776849999999997,-0.10746916538530274,0.04860458274843715,0.9930196740284187,-6.1216845394998165,2.9871445456451458,0.8019067276692703,0.8070811563685784,0.967505364940552
05/10/2023 16:35:29.424380,2674,True,True,True,True,Eyes,1.371597,-0.3539923,-2.934303,-0.1726149,0.1876364,0.9669522,0.0,0.0,0.0,0.0,0.0,0.0,0.0,-1.162711,-0.07241085,3.051657,1.372099,-0.3551821,-2.942948,-0.06927531,-0.03502867,-0.004347638,0.996973,352.0427,355.9908,359.7792,0.4212346,-0.1086422,-0.9004208,0,0,0,1.027415,5.203485e-05,-0.9650096,-0.2058392,0.07453766,2.027144,0.9975082,-0.003815712,0.07044764,0.0135222,0.990364,-0.1378266,-0.0692429,0.1384358,0.9879479,moving,-6.02219144946454,2.8946939372550453,-5.798025511255564,2.105805117237395,-0.344684,0.35523413485,1.9779383999999998,-0.1047812460643303,0.050222457016762256,0.9932262958038396,-5.9677870592842766,3.075254385394921,0.8150749870763097,0.8201194658108969,0.9842006232066038
05/10/2023 16:35:29.442860,2675,True,True,True,True,Eyes,1.371477,-0.3539885,-2.934309,-0.1697978,0.1891825,0.9671497,0.0,0.0,0.0,0.0,0.0,0.0,0.0,-1.162782,-0.07241499,3.051641,1.372107,-0.3551678,-2.942957,-0.0692717,-0.03501856,-0.004352363,0.9969736,352.0431,355.992,359.7786,0.4212062,-0.1086422,-0.9004341,0,0,0,1.030641,0.002071291,-0.9648078,-0.2026655,0.07654998,2.027402,0.9975095,-0.003826792,0.07042813,0.01352997,0.990365,-0.1378193,-0.06922214,0.1384289,0.9879503,moving,-5.861336405434989,2.98312627200122,-5.708502958047637,2.1623280794471516,-0.34146600000000005,0.35723909099999995,1.9781491999999998,-0.1019843296928872,0.051770505682700405,0.9934379017531141,-5.808059637664904,3.1593749382740093,0.8301053385082874,0.8349058243540576,1.0020049756128555
05/10/2023 16:35:29.463015,2676,True,True,True,True,Eyes,1.371361,-0.3539838,-2.934314,-0.1670945,0.1906641,0.9673296,0.0,0.0,0.0,0.0,0.0,0.0,0.0,-1.162611,-0.07255366,3.051726,1.372094,-0.3551911,-2.942984,-0.06929255,-0.0350446,-0.004363526,0.9969712,352.0406,355.9891,359.7776,0.4211776,-0.1086423,-0.9004475,0,0,0,1.033775,0.004198343,-0.9646628,-0.1994208,0.07860735,2.027666,0.9975057,-0.00384396,0.07048162,0.01355728,0.990359,-0.1378595,-0.06927218,0.1384712,0.9879408,moving,-5.7030323929459845,3.0650040313481957,-5.616971682126257,2.2200969588184063,-0.3383189999999998,0.359389443,1.9783212,-0.0992316594945834,0.05320499653753011,0.9936408969505093,-5.6511387034053575,3.2371895905997836,0.8447999126606476,0.8492787570389686,1.0176663534612191
05/10/2023 16:35:29.478113,2677,True,True,True,True,Eyes,1.371226,-0.353979,-2.934321,-0.164418,0.1920983,0.9675045,0.0,0.0,0.0,0.0,0.0,0.0,0.0,-1.16239,-0.07243648,3.051794,1.372091,-0.3551633,-2.942969,-0.06928141,-0.0350791,-0.004331802,0.9969709,352.042,355.9849,359.7815,0.4211488,-0.1086423,-0.9004609,0,0,0,1.036766,0.006162524,-0.9644625,-0.196276,0.08060169,2.027922,0.9975014,-0.003776702,0.07054589,0.01349802,0.9903626,-0.1378392,-0.06934544,0.138447,0.9879391,moving,-5.544780897914592,3.148490574705557,-5.528253477425226,2.276077256205697,-0.3353249999999999,0.361325824,1.9785065000000002,-0.09647920819684379,0.05466765519224881,0.9938325829678917,-5.4941830345598035,3.316557126377202,0.8684432430614039,0.8725698561857216,1.0410375378962844
05/10/2023 16:35:29.492925,2678,True,True,True,True,Eyes,1.371096,-0.3539776,-2.934327,-0.161848,0.1934727,0.9676639,0.0,0.0,0.0,0.0,0.0,0.0,0.0,-1.162106,-0.07280701,3.0519,1.372111,-0.3551374,-2.94297,-0.0693331,-0.03512903,-0.004341741,0.9969655,352.036,355.9792,359.781,0.4211194,-0.1086423,-0.9004747,0,0,0,1.039829,0.0084548,-0.9643286,-0.1930407,0.08265316,2.028185,0.9974942,-0.003785921,0.07064691,0.01352834,0.9903482,-0.1379404,-0.0694428,0.1385505,0.9879177,moving,-5.391439706857644,3.2207835894099905,-5.4369787761608395,2.3336422720076593,-0.3322820000000002,0.3635922,1.9786413999999999,-0.09381245791192323,0.05593589813012077,0.9940172443943823,-5.342553887609823,3.3851599966968338,0.8845801176533339,0.888309362708367,1.0557488266218298
05/10/2023 16:35:29.507107,2679,True,True,True,True,Eyes,1.370928,-0.3539809,-2.934335,-0.1593195,0.1947739,0.9678226,0.0,0.0,0.0,0.0,0.0,0.0,0.0,-1.161989,-0.07279888,3.051949,1.372129,-0.3552165,-2.942957,-0.06931689,-0.03515434,-0.004407158,0.9969654,352.0376,355.9768,359.7736,0.4210896,-0.1086425,-0.9004886,0,0,0,1.043159,0.01049367,-0.9641071,-0.1896584,0.08479777,2.02846,0.9974895,-0.003913989,0.07070629,0.01366115,0.9903515,-0.1379032,-0.06948433,0.1385229,0.9879187,moving,-5.244189614141509,3.2958749113351287,-5.341552482535405,2.3937997627508834,-0.32897,0.36571017,1.9788498999999997,-0.09125071998544232,0.05725229432027859,0.9941808895615639,-5.196647018952177,3.456509340631319,0.9039384585492622,0.9073142244201704,1.0725433512427758
05/10/2023 16:35:29.524417,2680,True,True,True,True,Eyes,1.370768,-0.3539787,-2.934345,-0.1568881,0.1960355,0.9679649,0.0,0.0,0.0,0.0,0.0,0.0,0.0,-1.161643,-0.07111207,3.052153,1.372176,-0.3552736,-2.942961,-0.06915439,-0.03520773,-0.00414704,0.9969759,352.0573,355.9686,359.8033,0.4210584,-0.108643,-0.9005031,0,0,0,1.045771,0.01149765,-0.9638376,-0.1867565,0.08663774,2.028696,0.9974865,-0.003399458,0.07077609,0.01313853,0.9904009,-0.1375985,-0.06962894,0.1381825,0.9879562,moving,-5.094897549580234,3.3901514001554176,-5.2596766834221915,2.4453946565880207,-0.32640500000000006,0.36677125000000005,1.9791234,-0.08865140075803694,0.05890194944604339,0.9943195312921114,-5.047754205364531,3.5463570323998472,0.9559486415538649,0.9590190130887801,1.1211731755885535
05/10/2023 16:35:29.543098,2681,True,True,True,True,Eyes,1.370613,-0.353978,-2.934354,-0.1544644,0.1972602,0.968106,0.0,0.0,0.0,0.0,0.0,0.0,0.0,-1.161718,-0.07271636,3.052134,1.372197,-0.3551451,-2.943017,-0.06931999,-0.03520576,-0.004332636,0.9969638,352.0375,355.9702,359.7826,0.4210262,-0.1086435,-0.9005181,0,0,0,1.049074,0.01440433,-0.9638139,-0.183574,0.08865571,2.028955,0.9974836,-0.003758037,0.0707984,0.01351989,0.9903519,-0.137914,-0.06959704,0.1385241,0.9879106,moving,-4.958323642848701,3.4384933820213877,-5.169880572601631,2.5019623042821033,-0.3231229999999998,0.36954943,1.9792031000000003,-0.08627666322130059,0.05975337451208701,0.9944777203262106,-4.913556441748986,3.5919738908956194,0.9574602184056934,0.9601285299885591,1.1197443096569317
05/10/2023 16:35:29.557188,2682,True,True,True,True,Eyes,1.370467,-0.3539743,-2.934355,-0.152124,0.1984523,0.9682329,0.0,0.0,0.0,0.0,0.0,0.0,0.0,-1.162128,-0.07369635,3.051964,1.372248,-0.3551828,-2.942998,-0.06948616,-0.03514653,-0.004342695,0.9969541,352.0184,355.9771,359.7816,0.4209932,-0.1086442,-0.9005334,0,0,0,1.052465,0.01699993,-0.9636838,-0.1804826,0.09061593,2.029207,0.9974917,-0.003774541,0.07068247,0.01354333,0.9903056,-0.1382438,-0.06947544,0.1388543,0.9878728,moving,-4.830555207540392,3.487528147596295,-5.082651433386762,2.556892091828829,-0.31978299999999993,0.37218273,1.9793141999999997,-0.08405440167193001,0.060615996762286406,0.9946157719892582,-4.787808836966981,3.6383259197499638,0.9618488475974225,0.964176319653418,1.1209064549888703
05/10/2023 16:35:29.572967,2683,True,True,True,True,Eyes,1.370298,-0.353971,-2.934358,-0.1501966,0.199329,0.9683537,0.0,0.0,0.0,0.0,0.0,0.0,0.0,-1.162836,-0.07603765,3.05149,1.372303,-0.3551127,-2.942828,-0.0696839,-0.03505997,-0.004782434,0.9969415,351.994,355.9906,359.731,0.4209599,-0.1086449,-0.9005489,0,0,0,1.056336,0.02014449,-0.9634095,-0.1772288,0.09267908,2.029471,0.9974959,-0.004649382,0.07057199,0.01442184,0.9902425,-0.1386062,-0.06923895,0.1392769,0.9878299,moving,-4.735865063141975,3.50905862786761,-4.990840822576381,2.6146879815167168,-0.3159670000000001,0.37525719,1.9794185,-0.0824086082026538,0.060998159766986915,0.994730115657203,-4.695402048215095,3.6583864507142976,0.9279341026026812,0.930006177911344,1.084707593778836
05/10/2023 16:35:29.593166,2684,True,True,True,True,Eyes,1.370133,-0.3539688,-2.934361,-0.1483456,0.2001617,0.9684674,0.0,0.0,0.0,0.0,0.0,0.0,0.0,-1.16374,-0.07539156,3.051122,1.3722,-0.3550713,-2.942841,-0.06945171,-0.03490943,-0.00507262,0.9969615,352.0195,356.0104,359.6954,0.4209255,-0.1086456,-0.9005648,0,0,0,1.060128,0.02140763,-0.9629577,-0.1740698,0.09468225,2.029729,0.9975112,-0.005265376,0.07031132,0.01496345,0.9903014,-0.1381272,-0.06890211,0.1388355,0.9879156,moving,-4.651409817671921,3.579522260036745,-4.901699328519407,2.670781948689107,-0.3120720000000001,0.37647893,1.9798833,-0.08093611451368386,0.06222899676359403,0.9947749119163763,-4.610263798161673,3.725745208158188,0.9405464275689797,0.9425782687440206,1.0944780249893191
05/10/2023 16:35:29.609044,2685,True,True,True,True,Eyes,1.370024,-0.3539676,-2.934362,-0.1471275,0.2005779,0.968567,0.0,0.0,0.0,0.0,0.0,0.0,0.0,-1.163819,-0.07427669,3.051081,1.372126,-0.3550912,-2.942833,-0.06936439,-0.03487495,-0.004851269,0.9969699,352.0305,356.0126,359.7203,0.4208904,-0.1086464,-0.9005812,0,0,0,1.063297,0.02296937,-0.962657,-0.1708593,0.09671822,2.029989,0.9975204,-0.004834977,0.07021157,0.0145113,0.99033,-0.13797,-0.06886555,0.1386468,0.9879447,moving,-4.582008510040147,3.6160960281284895,-4.811108646275532,2.7277775270676456,-0.308829,0.37806057,1.9801759999999997,-0.07972788533292964,0.06287011654045219,0.9948320669641632,-4.541432861898826,3.7605139583203497,0.9154293622379271,0.9173857595090825,1.0673657129193175
05/10/2023 16:35:29.624317,2686,True,True,True,True,Eyes,1.36992,-0.3539668,-2.934362,-0.145959,0.2009625,0.9686641,0.0,0.0,0.0,0.0,0.0,0.0,0.0,-1.162916,-0.07327405,3.051511,1.372198,-0.3551621,-2.942854,-0.0693203,-0.03502264,-0.00457823,0.9969691,352.0366,355.9934,359.7528,0.4208561,-0.1086473,-0.9005972,0,0,0,1.066169,0.02482435,-0.9625087,-0.1673393,0.09894994,2.030276,0.9975049,-0.004273146,0.0704677,0.01398426,0.9903474,-0.1378997,-0.06919824,0.1385411,0.9879362,moving,-4.493826421748973,3.6463481621865115,-4.711779306657963,2.7902272664075527,-0.3060290000000001,0.37998645,1.9803453000000002,-0.07819403821758558,0.06340310725521024,0.9949200134149838,-4.454835968770524,3.7890401823411763,0.8816337232187947,0.8834288020149209,1.0313326911916283
05/10/2023 16:35:29.642707,2687,True,True,True,True,Eyes,1.369845,-0.3539644,-2.934359,-0.1451651,0.2010652,0.968762,0.0,0.0,0.0,0.0,0.0,0.0,0.0,-1.162981,-0.07179326,3.051509,1.372226,-0.3551658,-2.942828,-0.06914816,-0.03501007,-0.004407217,0.9969823,352.057,355.9935,359.7717,0.4208225,-0.1086482,-0.9006127,0,0,0,1.069057,0.0258936,-0.9621575,-0.1644425,0.1007869,2.030511,0.9975097,-0.003946071,0.07041833,0.0136296,0.9903982,-0.1375704,-0.06919932,0.1381876,0.9879857,moving,-4.446995216194671,3.673758901973599,-4.630038217892488,2.8416140303628,-0.303169,0.3810594,1.9806705,-0.07737842569925032,0.06388314966662488,0.9949529918433472,-4.408244743734732,3.8151373415262446,0.8502447002853233,0.8520386304732313,0.998468819021207
05/10/2023 16:35:29.653358,2688,True,True,True,True,Eyes,1.369773,-0.3539625,-2.934358,-0.1444035,0.2011622,0.9688557,0.0,0.0,0.0,0.0,0.0,0.0,0.0,-1.16397,-0.07053566,3.051109,1.372187,-0.3551417,-2.942795,-0.06900994,-0.03483536,-0.004242926,0.9969987,352.0736,356.0124,359.7887,0.4207905,-0.108649,-0.9006276,0,0,0,1.072746,0.02727005,-0.9617128,-0.1613306,0.10276,2.030765,0.997537,-0.003652411,0.07004721,0.01326835,0.9904392,-0.13731,-0.068876,0.1379012,0.9880483,moving,-4.420535254707617,3.6970194521879,-4.5422240897063375,2.8967885489994845,-0.29944100000000007,0.38241175,1.9810822,-0.07691692547401713,0.06428937237393126,0.9949626285036896,-4.381507970414861,3.8373836901677114,0.8075367706619214,0.8094304608680681,0.954226854887971
05/10/2023 16:35:29.673245,2689,True,True,True,True,Eyes,1.369728,-0.35396,-2.934358,-0.1438815,0.2011099,0.9689442,0.0,0.0,0.0,0.0,0.0,0.0,0.0,-1.164022,-0.07000998,3.05114,1.372173,-0.3551486,-2.942841,-0.06901017,-0.03481441,-0.004036553,0.9970002,352.0744,356.0132,359.8123,0.4207598,-0.1086498,-0.9006417,0,0,0,1.075913,0.02920327,-0.9615408,-0.1581326,0.1047877,2.031025,0.9975433,-0.003243791,0.06997707,0.01285398,0.9904426,-0.1373252,-0.06886283,0.1378874,0.9880511,moving,-4.389412889655407,3.696203541207729,-4.451983176283652,2.9534713817751026,-0.2962600000000002,0.38435187,1.9813002000000002,-0.07637651821923613,0.06427788094939468,0.9950049859770865,-4.351554814263061,3.836360831888386,0.7434453291665951,0.7453630668501043,0.8885829376144216
05/10/2023 16:35:29.692664,2690,True,True,True,True,Eyes,1.369685,-0.3539576,-2.934359,-0.1433756,0.2010613,0.9690293,0.0,0.0,0.0,0.0,0.0,0.0,0.0,-1.164084,-0.07002679,3.051172,1.372239,-0.3551495,-2.942869,-0.06902652,-0.03481302,-0.004002908,0.9969992,352.0726,356.0131,359.8163,0.4207311,-0.1086505,-0.9006551,0,0,0,1.079208,0.03131291,-0.9613747,-0.154893,0.106842,2.031288,0.9975441,-0.003175747,0.06996973,0.01278784,0.9904386,-0.1373601,-0.06886451,0.1379175,0.9880468,moving,-4.359607642763337,3.6915432636433856,-4.360570207811839,3.0108777097111292,-0.29303100000000004,0.38646241000000003,1.9814943,-0.07585929219685994,0.06419949375390008,0.9950496400083136,-4.323075084810891,3.8316381036648814,0.6787140754715457,0.6806662345389097,0.8216163998679522
05/10/2023 16:35:29.703219,2691,True,True,True,True,Eyes,1.369665,-0.3539542,-2.934358,-0.1429847,0.2009444,0.9691113,0.0,0.0,0.0,0.0,0.0,0.0,0.0,-1.16446,-0.07016256,3.051072,1.372248,-0.3551452,-2.942913,-0.06904697,-0.03475251,-0.004007246,0.9969999,352.0703,356.0201,359.8154,0.4207041,-0.1086512,-0.9006676,0,0,0,1.082621,0.03341004,-0.9612002,-0.1517355,0.108844,2.031545,0.9975525,-0.003191337,0.06984987,0.01278956,0.9904329,-0.1374011,-0.06874312,0.1379582,0.9880495,moving,-4.343694188826295,3.6820673243951707,-4.271473862861454,3.0668013752714405,-0.28962699999999986,0.38855523999999997,1.9817128,-0.07558371612711151,0.06403626903105686,0.9950811254456284,-4.308240070539218,3.822373351121469,0.6174446555442598,0.6194900835635648,0.7564659706271794
05/10/2023 16:35:29.724231,2692,True,True,True,True,Eyes,1.369646,-0.3539498,-2.934358,-0.1426159,0.200841,0.9691871,0.0,0.0,0.0,0.0,0.0,0.0,0.0,-1.164243,-0.07054591,3.051132,1.372249,-0.3551326,-2.942899,-0.06911168,-0.03478786,-0.003998223,0.9969942,352.0629,356.0159,359.817,0.4206794,-0.1086517,-0.9006791,0,0,0,1.085757,0.03576127,-0.9610503,-0.1484578,0.1109225,2.031812,0.9975476,-0.003163916,0.06991924,0.01278091,0.9904152,-0.1375297,-0.06881394,0.1380861,0.9880268,moving,-4.317895010751285,3.6684078914120857,-4.178987305220778,3.12484055308748,-0.28649199999999997,0.39089387000000003,1.9818487,-0.07513677817088356,0.06380120052105193,0.995130096217772,-4.284098920730541,3.808996698308937,0.5589483275002604,0.5610354729863758,0.6921835614628215
05/10/2023 16:35:29.743126,2693,True,True,True,True,Eyes,1.369627,-0.3539469,-2.934357,-0.1422652,0.2007122,0.9692653,0.0,0.0,0.0,0.0,0.0,0.0,0.0,-1.163743,-0.07131073,3.05131,1.372276,-0.3551062,-2.942895,-0.06922463,-0.03487436,-0.004015713,0.9969832,352.0498,356.006,359.8161,0.4206566,-0.108652,-0.9006897,0,0,0,1.088611,0.03825602,-0.9609849,-0.1452961,0.1129274,2.032069,0.9975353,-0.003178866,0.07009429,0.01283553,0.9903837,-0.1377515,-0.06898234,0.1383117,0.9879835,moving,-4.2876183751573675,3.647368134612434,-4.089777368415866,3.1808048775759996,-0.28366500000000006,0.39336222,1.9819101,-0.07461264231993273,0.06343827377724462,0.9951927125789111,-4.256033849751794,3.7884641090787117,0.5047093875054313,0.5067764169384136,0.6299928247342746
05/10/2023 16:35:29.760881,2694,True,True,True,True,Eyes,1.369609,-0.3539452,-2.934357,-0.1419282,0.2005906,0.9693398,0.0,0.0,0.0,0.0,0.0,0.0,0.0,-1.163769,-0.0720498,3.051269,1.372233,-0.3551202,-2.942899,-0.06929776,-0.03486817,-0.004139047,0.996978,352.041,356.0077,359.8021,0.4206357,-0.1086522,-0.9006995,0,0,0,1.091911,0.04065481,-0.9608393,-0.1420434,0.1149898,2.032334,0.9975342,-0.003420505,0.07009923,0.01308565,0.9903614,-0.137888,-0.06895193,0.1384653,0.9879641,moving,-4.2703654706613206,3.6300934005823513,-3.9980014344474903,3.2383521373002897,-0.28032199999999996,0.39577501,1.9820597000000002,-0.0743143713591993,0.0631396248483006,0.9952339486829932,-4.240321598268639,3.7716633381073272,0.4750467596685088,0.47711988596212807,0.5857814427758467
05/10/2023 16:35:29.777126,2695,True,True,True,True,Eyes,1.369593,-0.3539468,-2.934355,-0.1415464,0.2004523,0.9694244,0.0,0.0,0.0,0.0,0.0,0.0,0.0,-1.163769,-0.07224554,3.05126,1.372222,-0.35515,-2.942897,-0.06932221,-0.03486763,-0.004169961,0.9969763,352.038,356.008,359.7986,0.4206164,-0.1086524,-0.9007085,0,0,0,1.095055,0.04272854,-0.9606588,-0.1389087,0.1169775,2.032589,0.9975337,-0.003480501,0.07010253,0.0131489,0.9903541,-0.1379344,-0.06894624,0.138516,0.9879573,moving,-4.248522604246057,3.618535975732409,-3.9095588454971155,3.2937953030880847,-0.27716700000000016,0.39787854,1.9822381999999998,-0.07393589611651269,0.06294065560602712,0.9952749029192596,-4.219882112105337,3.760345072497336,0.46740633043552876,0.4694176543491936,0.5603295611818306
05/10/2023 16:35:29.793112,2696,True,True,True,True,Eyes,1.369578,-0.353947,-2.934355,-0.1411795,0.2003118,0.9695069,0.0,0.0,0.0,0.0,0.0,0.0,0.0,-1.163689,-0.07204843,3.051299,1.372245,-0.3552076,-2.942883,-0.06930885,-0.03488378,-0.004146163,0.9969766,352.0396,356.006,359.8015,0.4205986,-0.1086527,-0.9007168,0,0,0,1.098326,0.04472125,-0.9604335,-0.1355843,0.1190854,2.032859,0.9975319,-0.003431747,0.07013135,0.01310276,0.9903582,-0.1379093,-0.06898189,0.1384879,0.9879588,moving,-4.224875296736191,3.6118575657438554,-3.8157687265912004,3.3525699720282103,-0.273919,0.39992885,1.9824495,-0.07352564339539494,0.06282655399282963,0.9953124642361207,-4.197444614290327,3.7537214310041995,0.48245012720831226,0.4843534267357336,0.5537138035930486
05/10/2023 16:35:29.803042,2697,True,True,True,True,Eyes,1.36956,-0.3539507,-2.934357,-0.1407245,0.2001641,0.9696035,0.0,0.0,0.0,0.0,0.0,0.0,0.0,-1.163706,-0.07156867,3.051335,1.37225,-0.3551742,-2.942917,-0.06920791,-0.03488361,-0.004182221,0.9969835,352.0511,356.0063,359.7969,0.4205823,-0.1086529,-0.9007244,0,0,0,1.101647,0.04646447,-0.9601789,-0.132284,0.1211781,2.033128,0.9975313,-0.003510766,0.07013563,0.01316765,0.9903856,-0.1377065,-0.06897786,0.13829,0.9879868,moving,-4.1990058138341775,3.6140048803112905,-3.7226611698189247,3.4108968079436,-0.2706029999999999,0.40163867,1.9827381000000002,-0.07307605952673668,0.06286593576216781,0.9953430376940915,-4.172397095056678,3.755597850811914,0.5160444453613655,0.5178388831894886,0.5666402839579634
05/10/2023 16:35:29.824269,2698,True,True,True,True,Eyes,1.369543,-0.353954,-2.934359,-0.1402928,0.2000128,0.9696973,0.0,0.0,0.0,0.0,0.0,0.0,0.0,-1.163864,-0.07037756,3.051302,1.372175,-0.3552374,-2.942944,-0.06904164,-0.03484389,-0.004134024,0.9969965,352.0704,356.0106,359.8015,0.4205671,-0.1086533,-0.9007315,0,0,0,1.104825,0.04770416,-0.9598524,-0.1291611,0.1231582,2.033381,0.9975376,-0.003431855,0.07004931,0.01305457,0.9904324,-0.1373805,-0.06890763,0.1379566,0.9880383,moving,-4.177817746105077,3.6245146396165917,-3.63456569018674,3.4660671793734132,-0.26735,0.40294156,1.9830915999999998,-0.07270712986336084,0.0630502163627234,0.9953584213772525,-4.151417970771564,3.7655795028427814,0.5641558587725223,0.565887262550602,0.5973641367338292
05/10/2023 16:35:29.843247,2699,True,True,True,True,Eyes,1.369536,-0.3539558,-2.934362,-0.1397928,0.1998775,0.9697973,0.0,0.0,0.0,0.0,0.0,0.0,0.0,-1.163626,-0.06921265,3.051476,1.372207,-0.3552283,-2.942989,-0.06894413,-0.0348773,-0.003898439,0.9970031,352.0825,356.0049,359.8285,0.420553,-0.1086537,-0.9007381,0,0,0,1.107717,0.04921749,-0.9596363,-0.126038,0.1251386,2.033636,0.9975367,-0.00296434,0.0700831,0.01258268,0.9904631,-0.1372031,-0.069008,0.1377469,0.9880605,moving,-4.141433742543623,3.630271819414759,-3.5464658330765197,3.521222357557605,-0.2644899999999999,0.40444579,1.9833526999999997,-0.07207456496890086,0.06315313216352703,0.9953978018902088,-4.116044800298228,3.7708599017143847,0.6032580749198458,0.6048789948634274,0.6218835126886514
05/10/2023 16:35:29.853532,2700,True,True,True,True,Eyes,1.369531,-0.3539586,-2.934363,-0.139303,0.1997502,0.9698941,0.0,0.0,0.0,0.0,0.0,0.0,0.0,-1.163309,-0.07070553,3.051609,1.372271,-0.3551885,-2.943012,-0.06912677,-0.03494446,-0.004031523,0.9969876,352.061,355.9981,359.8145,0.42054,-0.1086542,-0.900744,0,0,0,1.110831,0.05209997,-0.959639,-0.1227955,0.1271946,2.033899,0.9975253,-0.003207562,0.07023574,0.01286995,0.9904105,-0.1375553,-0.069121,0.1381188,0.9880007,moving,-4.1069436945595585,3.5998787563804466,-3.455006389003162,3.5784645357385285,-0.2614400000000001,0.40728847,1.9833729999999998,-0.07147773498188918,0.06262780818613871,0.9954741204408628,-4.084414975066253,3.7412694343963024,0.6509322863101642,0.6522889077869061,0.6501235292134162
05/10/2023 16:35:29.873125,2701,True,True,True,True,Eyes,1.369534,-0.3539607,-2.934363,-0.1387405,0.1995924,0.9700072,0.0,0.0,0.0,0.0,0.0,0.0,0.0,-1.163966,-0.07129487,3.051298,1.372277,-0.3552179,-2.942957,-0.06913991,-0.03484865,-0.004252909,0.9969891,352.0586,356.0109,359.7882,0.4205282,-0.1086547,-0.9007495,0,0,0,1.114537,0.05423889,-0.9593437,-0.1196015,0.1292198,2.034159,0.997535,-0.003661343,0.07007553,0.01329907,0.9904032,-0.137567,-0.06889935,0.1381599,0.9880105,moving,-4.088336704640458,3.586154918129431,-3.3649193049047614,3.6348260601980398,-0.25773999999999986,0.40945678999999996,1.9836132999999998,-0.07115550560344669,0.06239080496352603,0.9955120802924349,-4.0672092367362245,3.727885052584341,0.7238237145849412,0.7250528355303627,0.708428630432025
05/10/2023 16:35:29.892688,2702,True,True,True,True,Eyes,1.369538,-0.3539618,-2.934363,-0.1382101,0.1994402,0.9701141,0.0,0.0,0.0,0.0,0.0,0.0,0.0,-1.163853,-0.07059434,3.051327,1.3722,-0.3552003,-2.942963,-0.06904945,-0.03485184,-0.004184823,0.9969956,352.0693,356.01,359.7957,0.4205177,-0.1086552,-0.9007544,0,0,0,1.117633,0.05591986,-0.9590733,-0.1163764,0.1312649,2.034421,0.9975356,-0.003531499,0.07007217,0.0131575,0.9904293,-0.1373923,-0.06891634,0.1379757,0.988035,moving,-4.056135421751011,3.588080674242416,-3.2739623639035598,3.691720643787925,-0.254567,0.41112016,1.9838897000000002,-0.07059583121513774,0.06242674645913887,0.9955495578214224,-4.036070739172966,3.729499755171595,0.7878460133133948,0.7890094649050965,0.7630441906683477
05/10/2023 16:35:29.907976,2703,True,True,True,True,Eyes,1.36955,-0.3539664,-2.934361,-0.137593,0.1993244,0.9702257,0.0,0.0,0.0,0.0,0.0,0.0,0.0,-1.163161,-0.07035697,3.051578,1.372208,-0.3551759,-2.942943,-0.0690541,-0.0349613,-0.004065114,0.9969919,352.0692,355.9964,359.8104,0.4205083,-0.1086557,-0.9007587,0,0,0,1.120373,0.05797628,-0.9589067,-0.1131393,0.1333176,2.034685,0.9975224,-0.003277326,0.07027369,0.01293421,0.99043,-0.1374085,-0.06915084,0.137977,0.9880185,moving,-4.005935067928044,3.58171406013138,-3.182672336012721,3.748802711804649,-0.25183500000000003,0.41315218,1.9840363,-0.06972401414321996,0.06231995808822463,0.9956177698798311,-3.9880242694034047,3.7229760746791336,0.8389990802526418,0.8400477029780341,0.8057659410780065
05/10/2023 16:35:29.924281,2704,True,True,True,True,Eyes,1.369561,-0.3539728,-2.93436,-0.1369985,0.1992113,0.9703331,0.0,0.0,0.0,0.0,0.0,0.0,0.0,-1.163411,-0.07030982,3.051507,1.372268,-0.3552676,-2.942929,-0.06907663,-0.03492874,-0.004031128,0.9969916,352.0667,355.9999,359.8141,0.4205002,-0.1086562,-0.9007624,0,0,0,1.123629,0.05992278,-0.9586985,-0.1100568,0.1352719,2.034935,0.9975275,-0.003212481,0.07020423,0.01286352,0.9904243,-0.137456,-0.0690904,0.1380192,0.9880168,moving,-3.974488534251824,3.5725628745548006,-3.095751300543517,3.8031302673052862,-0.24863900000000005,0.41519038,1.9842304999999998,-0.06917824376500879,0.06216330956298631,0.9956656816117119,-3.9582008901552763,3.7139071743089462,0.9075054444454045,0.9084824976327747,0.8670525099123613
05/10/2023 16:35:29.942746,2705,True,True,True,True,Eyes,1.369549,-0.3539779,-2.934357,-0.1363195,0.1991389,0.9704435,0.0,0.0,0.0,0.0,0.0,0.0,0.0,-1.163598,-0.07008681,3.051457,1.372291,-0.3553129,-2.942929,-0.06905589,-0.03490104,-0.004011732,0.9969942,352.0692,356.003,359.8161,0.4204932,-0.1086569,-0.9007656,0,0,0,1.126971,0.06183574,-0.9584634,-0.1068373,0.1373132,2.035198,0.9975317,-0.003179102,0.07014632,0.01281959,0.9904304,-0.1374166,-0.06903818,0.1379767,0.9880264,moving,-3.93793009366917,3.570525998293238,-3.00497190442035,3.8598512352528265,-0.24531999999999998,0.41714863999999996,1.9844656,-0.06854306429001843,0.06213063877600464,0.9957115678391657,-3.9230730976097608,3.7116649431713844,0.9758536122117327,0.9767907020586134,0.9299833214077907
05/10/2023 16:35:29.957331,2706,True,True,True,True,Eyes,1.369538,-0.3539824,-2.934356,-0.1356667,0.199074,0.9705483,0.0,0.0,0.0,0.0,0.0,0.0,0.0,-1.164162,-0.06955317,3.051199,1.372287,-0.3552517,-2.942881,-0.06896333,-0.03480869,-0.004005748,0.9970037,352.0799,356.0136,359.8157,0.4204866,-0.1086577,-0.9007686,0,0,0,1.130764,0.06370875,-0.9580755,-0.1034061,0.1394894,2.035476,0.9975446,-0.003186445,0.06996128,0.01278854,0.990456,-0.1372345,-0.06885628,0.1377923,0.9880648,moving,-3.9105717077942113,3.5770664472820766,-2.9082357459444097,3.920300712494845,-0.24152299999999993,0.41896045,1.9848054999999998,-0.0680671192996623,0.06224633485789577,0.9957370007510938,-3.896357467347128,3.7177694972466426,1.0585190276183978,1.0594749365763758,1.0086641807151602
05/10/2023 16:35:29.973001,2707,True,True,True,True,Eyes,1.369504,-0.3539861,-2.934356,-0.1349062,0.1990691,0.9706553,0.0,0.0,0.0,0.0,0.0,0.0,0.0,-1.1642,-0.07008201,3.051215,1.372305,-0.3552431,-2.942917,-0.06901497,-0.03480848,-0.004086024,0.9969997,352.0736,356.0143,359.8066,0.4204803,-0.1086586,-0.9007714,0,0,0,1.133843,0.06586723,-0.9579647,-0.1003928,0.1413998,2.035722,0.9975434,-0.003342918,0.06997208,0.01295214,0.9904405,-0.1373314,-0.06884409,0.1379003,0.9880506,moving,-3.8676360481149348,3.569462579113097,-2.823286997901511,3.9733423120071723,-0.23846200000000017,0.42111033,1.9849523,-0.06732146785656407,0.062117336940164386,0.9957957407061149,-3.855378516062328,3.710106830399848,1.1188179851606654,1.119724866797317,1.0651318325148955
05/10/2023 16:35:29.992780,2708,True,True,True,True,Eyes,1.369473,-0.35399,-2.934355,-0.1341746,0.1990719,0.9707562,0.0,0.0,0.0,0.0,0.0,0.0,0.0,-1.16488,-0.07098711,3.050939,1.372291,-0.3551981,-2.942935,-0.06908895,-0.03470159,-0.004254843,0.9969977,352.0645,356.0279,359.7866,0.4204739,-0.1086595,-0.9007742,0,0,0,1.137546,0.0682919,-0.9577932,-0.09720421,0.1434216,2.035981,0.9975554,-0.003689145,0.06978273,0.01327913,0.9904172,-0.1374677,-0.06860688,0.1380583,0.988045,moving,-3.839831123444222,3.558846519437081,-2.733407196595925,4.029458158787036,-0.23474499999999998,0.42349000000000003,1.9851417999999998,-0.06683897703407661,0.06193484772329978,0.9958396810128328,-3.8291427195422942,3.699651873522624,1.2014617020947502,1.2023515380262373,1.1442938967094354
05/10/2023 16:35:30.003038,2709,True,True,True,True,Eyes,1.369416,-0.3539943,-2.934355,-0.1333356,0.1991358,0.9708587,0.0,0.0,0.0,0.0,0.0,0.0,0.0,-1.164899,-0.07184324,3.050889,1.372287,-0.3552085,-2.942912,-0.06917278,-0.03470425,-0.004398115,0.9969913,352.0543,356.0287,359.7704,0.4204673,-0.1086606,-0.9007772,0,0,0,1.140891,0.07074291,-0.9576374,-0.09393163,0.1454968,2.036247,0.9975526,-0.003968587,0.06980812,0.01357094,0.9903916,-0.137624,-0.0685912,0.1382346,0.9880215,moving,-3.7930107606012986,3.5508635943588365,-2.6411694430338577,4.087032929594563,-0.23139599999999994,0.42595141,1.9852746000000003,-0.06602574085461013,0.06179945250222563,0.9959023514630917,-3.784439713398654,3.6915940194189716,1.2696575192200443,1.2705179955052266,1.2097267636870954
05/10/2023 16:35:30.027838,2710,True,True,True,True,Eyes,1.369361,-0.3539991,-2.934353,-0.1325338,0.1991933,0.9709567,0.0,0.0,0.0,0.0,0.0,0.0,0.0,-1.164545,-0.07244134,3.050976,1.372275,-0.3551889,-2.942884,-0.06922983,-0.0347645,-0.004488675,0.9969847,352.0474,356.0225,359.7607,0.4204599,-0.1086617,-0.9007804,0,0,0,1.143757,0.07296497,-0.9574931,-0.09086812,0.1474393,2.036497,0.9975426,-0.004136799,0.06994084,0.01376376,0.9903741,-0.1377301,-0.06869785,0.1383543,0.9879973,moving,-3.741034662716519,3.5461847748266866,-2.5548325028116228,4.140902884836486,-0.228518,0.42815387,1.9853908999999998,-0.06512259139864754,0.061721798011564605,0.995966645988692,-3.7345921971950364,3.6866856337972287,1.326102131397326,1.3269382783448027,1.2641780917391765
05/10/2023 16:35:30.042775,2711,True,True,True,True,Eyes,1.369274,-0.3540094,-2.934352,-0.131578,0.1993517,0.9710542,0.0,0.0,0.0,0.0,0.0,0.0,0.0,-1.164217,-0.07223269,3.051076,1.372258,-0.3552055,-2.942859,-0.0691774,-0.03481823,-0.004535911,0.9969863,352.0532,356.0167,359.7555,0.4204519,-0.1086629,-0.9007841,0,0,0,1.146803,0.07481821,-0.9572427,-0.08761692,0.1495007,2.036761,0.9975343,-0.004227214,0.07005414,0.01386175,0.9903878,-0.137622,-0.06879901,0.1382537,0.9880043,moving,-3.6805339510365473,3.5604044845474125,-2.4632181012286374,4.19805040097751,-0.22545499999999996,0.43002371,1.9856162999999998,-0.06406987877884877,0.06197320880009759,0.9960193279945989,-3.675525825515521,3.699949935585151,1.373351811873369,1.3742089335081231,1.3106464404978668
05/10/2023 16:35:30.063052,2712,True,True,True,True,Eyes,1.36919,-0.3540197,-2.934353,-0.1306621,0.1994962,0.9711481,0.0,0.0,0.0,0.0,0.0,0.0,0.0,-1.163889,-0.07195055,3.05122,1.37228,-0.3552991,-2.94285,-0.06914515,-0.03487567,-0.004534909,0.9969866,352.0569,356.01,359.7559,0.4204425,-0.1086645,-0.9007883,0,0,0,1.149887,0.07668704,-0.9570243,-0.08432294,0.1515893,2.037029,0.9975263,-0.004219521,0.07016827,0.01386545,0.9903968,-0.1375573,-0.068914,0.1381899,0.9880053,moving,-3.621159413856301,3.572079625402024,-2.3704089752024817,4.255927261473877,-0.22239299999999984,0.43198613999999996,1.9858257,-0.06303686946311961,0.06218025905219331,0.9960722457718374,-3.6176798854835965,3.7107672350437557,1.424610352758815,1.4254908800668569,1.3612068828986912
05/10/2023 16:35:30.076092,2713,True,True,True,True,Eyes,1.369098,-0.3540293,-2.934353,-0.1295985,0.1997104,0.9712466,0.0,0.0,0.0,0.0,0.0,0.0,0.0,-1.163805,-0.07116553,3.051289,1.372269,-0.3553075,-2.942874,-0.06905845,-0.03488347,-0.004433176,0.9969928,352.0672,356.0084,359.7673,0.4204319,-0.1086663,-0.9007931,0,0,0,1.152815,0.07822694,-0.9567842,-0.08129162,0.1535117,2.037275,0.997527,-0.004021693,0.07016943,0.01365768,0.9904225,-0.1373923,-0.06894484,0.1380108,0.9880282,moving,-3.557546586244998,3.595164584919728,-2.2850116681208,4.3091788590762015,-0.21945400000000004,0.43353443999999997,1.9860898000000002,-0.06192936567551401,0.06258592852452426,0.9961163226750784,-3.555143650487401,3.7325630061450656,1.4582428758484767,1.4591646588183789,1.3948910690380139
05/10/2023 16:35:30.092836,2714,True,True,True,True,Eyes,1.369009,-0.3540376,-2.934353,-0.1285716,0.1999135,0.9713413,0.0,0.0,0.0,0.0,0.0,0.0,0.0,-1.164002,-0.07061929,3.051203,1.372238,-0.3552868,-2.942866,-0.06901235,-0.03484128,-0.004322408,0.9969979,352.073,356.0124,359.7796,0.42042,-0.1086684,-0.9007984,0,0,0,1.156168,0.08011395,-0.9565097,-0.07801263,0.1555909,2.037542,0.9975349,-0.003809905,0.07006996,0.01342782,0.9904372,-0.1373091,-0.06887677,0.1379115,0.9880468,moving,-3.501541824549657,3.613087875137294,-2.1926479130826566,4.366749042604441,-0.21606999999999998,0.43540075,1.9863563,-0.0609544543173914,0.06290131334352883,0.9961565962101683,-3.500214088644192,3.7494353052933924,1.5093909664112104,1.5103669841542908,1.445961809227877
05/10/2023 16:35:30.102737,2715,True,True,True,True,Eyes,1.36893,-0.3540468,-2.934354,-0.127435,0.2001833,0.9714355,0.0,0.0,0.0,0.0,0.0,0.0,0.0,-1.164542,-0.07007605,3.051013,1.372241,-0.3552618,-2.942871,-0.06899513,-0.03474521,-0.004144761,0.9970033,352.0757,356.022,359.7993,0.420407,-0.1086706,-0.9008042,0,0,0,1.159687,0.08207476,-0.9562531,-0.07477789,0.1576418,2.037806,0.9975512,-0.003470179,0.06985409,0.01305918,0.990445,-0.1372887,-0.06871022,0.1378648,0.9880649,moving,-3.444354051499625,3.6323055948735257,-2.1015425310738602,4.423510837886316,-0.21255400000000013,0.43733656,1.9866178999999997,-0.05995886162599148,0.06323925271085452,0.9961956109686629,-3.444075639143528,3.7675477848499,1.5575370412819025,1.558572589249241,1.4942164077576106
05/10/2023 16:35:30.124348,2716,True,True,True,True,Eyes,1.368854,-0.3540547,-2.934354,-0.1263364,0.2004441,0.9715252,0.0,0.0,0.0,0.0,0.0,0.0,0.0,-1.165088,-0.07010168,3.050814,1.372239,-0.3553141,-2.942877,-0.0690744,-0.03464777,-0.003992248,0.9970017,352.0672,356.032,359.8164,0.4203933,-0.108673,-0.9008102,0,0,0,1.163206,0.08434214,-0.9560841,-0.07156076,0.1596818,2.038067,0.9975672,-0.003174009,0.06963929,0.0127471,0.9904255,-0.137458,-0.06853624,0.1380112,0.9880565,moving,-3.3897492363772095,3.6396587815348287,-2.010947536661305,4.479951240663287,-0.20903300000000002,0.43965624000000003,1.9867929000000002,-0.05900893268447836,0.06337069383912096,0.9962439653270665,-3.391056161816758,3.77423046496309,1.6136018479418062,1.6146781549298361,1.5500779433574827
05/10/2023 16:35:30.142845,2717,True,True,True,True,Eyes,1.368778,-0.3540631,-2.934355,-0.1251488,0.2007495,0.9716159,0.0,0.0,0.0,0.0,0.0,0.0,0.0,-1.165647,-0.07022968,3.050593,1.372221,-0.3552907,-2.942883,-0.06910098,-0.03455227,-0.003975817,0.9970033,352.0642,356.0429,359.8176,0.4203791,-0.1086755,-0.9008166,0,0,0,1.166575,0.0863827,-0.9558853,-0.06854984,0.161591,2.038312,0.9975806,-0.003152613,0.06944691,0.012703,0.9904185,-0.1375131,-0.06834798,0.1380626,0.9880624,moving,-3.3319631038309097,3.654148807382232,-1.9261706649178443,4.532750211033396,-0.205646,0.4416734,1.9869977,-0.05800319014635427,0.06362640053669597,0.9962867820623184,-3.3345918219527677,3.787776164316853,1.6566413523494508,1.6577674166791132,1.5933099151969194
05/10/2023 16:35:30.160906,2718,True,True,True,True,Eyes,1.368703,-0.3540708,-2.934355,-0.1240094,0.2010445,0.971701,0.0,0.0,0.0,0.0,0.0,0.0,0.0,-1.165657,-0.07016665,3.050568,1.372154,-0.3553162,-2.942888,-0.06911577,-0.03453723,-0.003926749,0.997003,352.0627,356.0443,359.8232,0.4203643,-0.1086781,-0.9008232,0,0,0,1.169783,0.08846641,-0.9556941,-0.06530613,0.1636478,2.038576,0.9975836,-0.003055825,0.06941023,0.01260409,0.9904152,-0.137546,-0.06832463,0.1380885,0.9880604,moving,-3.267319579891485,3.6696981048366144,-1.8348525708964327,4.589608099694046,-0.20237100000000008,0.44378261,1.9871938999999998,-0.05687810127242575,0.06390092056722119,0.9963340853428211,-3.2714619739047803,3.8022921779233507,1.7012282116584765,1.7024089198831847,1.6382041806458807
05/10/2023 16:35:30.173099,2719,True,True,True,True,Eyes,1.368639,-0.3540778,-2.934355,-0.1227949,0.2014022,0.9717811,0.0,0.0,0.0,0.0,0.0,0.0,0.0,-1.16559,-0.07026422,3.050564,1.372134,-0.3553117,-2.942869,-0.0691452,-0.0345435,-0.003894183,0.9970008,352.0595,356.0433,359.8271,0.4203491,-0.1086808,-0.9008299,0,0,0,1.172943,0.09063095,-0.9555023,-0.06208256,0.1656919,2.038838,0.9975832,-0.002987972,0.06941832,0.01254204,0.9904075,-0.1376066,-0.06834127,0.1381447,0.9880514,moving,-3.196214971913896,3.6870235619415674,-1.7441159661864118,4.646092192163618,-0.1991909999999999,0.44594265,1.9873667,-0.05564050026167436,0.06420667619331873,0.9963842518882444,-3.2020105540803465,3.8184733057849596,1.7389986923716911,1.7402310650918595,1.6764276454714877
05/10/2023 16:35:30.182705,2720,True,True,True,True,Eyes,1.368577,-0.3540854,-2.934355,-0.1216334,0.2017454,0.971856,0.0,0.0,0.0,0.0,0.0,0.0,0.0,-1.165309,-0.07046354,3.050684,1.372132,-0.355321,-2.942888,-0.0691639,-0.03459048,-0.003928111,0.9969977,352.0572,356.0381,359.8237,0.4203338,-0.1086835,-0.9008367,0,0,0,1.17593,0.09271365,-0.9553584,-0.05892535,0.1676937,2.039095,0.9975761,-0.00304781,0.06951661,0.01261746,0.9904019,-0.1376408,-0.06842989,0.1381842,0.9880397,moving,-3.124560079951034,3.7040567676881375,-1.6552610532022,4.701383617711115,-0.196202,0.44803465,1.9875295999999998,-0.05439330931603494,0.06450732466332505,0.9964337148647424,-3.132044263079746,3.8343682454262495,1.7745253277671837,1.7758098084484795,1.7124848334378004
05/10/2023 16:35:30.203211,2721,True,True,True,True,Eyes,1.368509,-0.3540921,-2.934356,-0.120402,0.202164,0.9719224,0.0,0.0,0.0,0.0,0.0,0.0,0.0,-1.164911,-0.07055086,3.05082,1.372119,-0.3553443,-2.942876,-0.0691644,-0.03465562,-0.003967218,0.9969953,352.057,356.0309,359.8197,0.4203184,-0.1086863,-0.9008435,0,0,0,1.178767,0.09466636,-0.9551798,-0.05583778,0.1696516,2.039346,0.9975665,-0.003116724,0.06965175,0.01270447,0.9904011,-0.1376382,-0.0685542,0.1381882,0.9880306,moving,-3.047000138198986,3.727524632925222,-1.5683802638065523,4.755441367523902,-0.1933520000000002,0.45001066,1.9876962,-0.05304299068907891,0.06492017587261115,0.9964797479252586,-3.056045167637256,3.856427986589841,1.7994719102225165,1.8008135789737678,1.738209401996235
05/10/2023 16:35:30.227475,2722,True,True,True,True,Eyes,1.368444,-0.3540974,-2.934357,-0.119222,0.2025678,0.9719837,0.0,0.0,0.0,0.0,0.0,0.0,0.0,-1.164677,-0.07040522,3.050936,1.372138,-0.3553265,-2.942893,-0.06914443,-0.03469614,-0.003946899,0.9969954,352.0594,356.0261,359.8223,0.4203029,-0.1086891,-0.9008504,0,0,0,1.181826,0.09664559,-0.9549924,-0.05262108,0.1716913,2.039608,0.9975612,-0.00307199,0.06972958,0.01266817,0.9904069,-0.1375995,-0.06863797,0.1381472,0.9880304,moving,-2.9743274930744654,3.7531285032646786,-1.477880614481157,4.811733243477404,-0.19031200000000004,0.45197209,1.9879006000000001,-0.051777509042036346,0.06536981013253565,0.9965168284716364,-2.984643236659357,3.880585966888396,1.831605071912104,1.8330295296182513,1.7712619372335792
05/10/2023 16:35:30.242836,2723,True,True,True,True,Eyes,1.368395,-0.3541029,-2.934357,-0.1179693,0.2030481,0.9720364,0.0,0.0,0.0,0.0,0.0,0.0,0.0,-1.164499,-0.07062784,3.050998,1.372145,-0.3552982,-2.942892,-0.06917433,-0.0347265,-0.003950735,0.9969922,352.0559,356.0226,359.8222,0.4202872,-0.1086918,-0.9008574,0,0,0,1.184968,0.09886384,-0.9548259,-0.04936798,0.1737541,2.039872,0.997557,-0.003073339,0.06979068,0.01268207,0.9903986,-0.1376581,-0.06869753,0.1382069,0.988018,moving,-2.8990073280142643,3.7772487954265865,-1.386373677516467,4.868640761481805,-0.18717699999999993,0.45416204,1.9880661000000002,-0.05046605306630934,0.0657937435264083,0.9965562755719064,-2.910768275209241,3.903292252015901,1.8637545038366785,1.8652605673707272,1.804349365894243
05/10/2023 16:35:30.252781,2724,True,True,True,True,Eyes,1.368348,-0.3541082,-2.934355,-0.1167594,0.2035075,0.9720864,0.0,0.0,0.0,0.0,0.0,0.0,0.0,-1.164689,-0.07052335,3.050922,1.372156,-0.3553411,-2.942876,-0.06916109,-0.03469783,-0.003960263,0.9969941,352.0574,356.026,359.8208,0.4202719,-0.1086946,-0.9008642,0,0,0,1.188301,0.1008068,-0.9545856,-0.04616652,0.1757839,2.040133,0.9975608,-0.003097237,0.06973486,0.0126962,0.9904021,-0.1376316,-0.06863928,0.1381812,0.9880256,moving,-2.8330152406976628,3.805107382796485,-1.2963347885074192,4.924611183196079,-0.18385499999999988,0.45614790000000005,1.9882904,-0.049316609105886,0.06628209517793247,0.996581449272808,-2.8456855964912027,3.929676598562073,1.8996115348804867,1.901230015346051,1.8412992027100987
05/10/2023 16:35:30.272621,2725,True,True,True,True,Eyes,1.368299,-0.3541139,-2.934355,-0.1154872,0.2040303,0.9721287,0.0,0.0,0.0,0.0,0.0,0.0,0.0,-1.165249,-0.07034403,3.050693,1.372153,-0.3553404,-2.942857,-0.06914455,-0.03460468,-0.003935323,0.9969985,352.0594,356.0366,359.8229,0.4202569,-0.1086972,-0.9008709,0,0,0,1.19181,0.1027411,-0.9543194,-0.04301395,0.177783,2.040389,0.9975741,-0.003061572,0.06954584,0.01263247,0.9904071,-0.1376017,-0.06845741,0.1381464,0.9880431,moving,-2.7703155610429655,3.837417126196042,-1.2076877495372675,4.97971442830277,-0.18034299999999992,0.45808150000000003,1.9885376,-0.04822417745935425,0.06684763271660706,0.9965970543575643,-2.783540064420391,3.960381250199854,1.9338738476666972,1.93562620453728,1.8767926487238513
05/10/2023 16:35:30.283030,2726,True,True,True,True,Eyes,1.368251,-0.3541213,-2.934355,-0.1142689,0.204526,0.9721686,0.0,0.0,0.0,0.0,0.0,0.0,0.0,-1.165321,-0.07016426,3.050654,1.372119,-0.3553637,-2.942855,-0.06911613,-0.03458776,-0.0039424,0.9970011,352.0626,356.0386,359.8218,0.4202422,-0.1086999,-0.9008775,0,0,0,1.195059,0.1046494,-0.9540836,-0.03980197,0.1798197,2.040651,0.9975763,-0.00308001,0.06951302,0.0126423,0.9904149,-0.137545,-0.06842309,0.1380904,0.9880533,moving,-2.7025399969345547,3.8691880030263204,-1.117386450239325,5.0358274608925,-0.17706,0.4600131,1.9887714,-0.04704350198190904,0.0674040475040752,0.9966161027750436,-2.716530868379235,3.9905274837839833,1.9663018350911272,1.9681868283399218,1.9104750488323834
05/10/2023 16:35:30.308149,2727,True,True,True,True,Eyes,1.368216,-0.3541258,-2.934356,-0.112966,0.205056,0.9722092,0.0,0.0,0.0,0.0,0.0,0.0,0.0,-1.165106,-0.0695104,3.050769,1.372112,-0.3554101,-2.942871,-0.06904475,-0.03461875,-0.003869825,0.9970053,352.0711,356.0344,359.8302,0.4202277,-0.1087026,-0.9008839,0,0,0,1.198111,0.1063591,-0.9538425,-0.03656866,0.1818698,2.040914,0.9975731,-0.002935985,0.06956453,0.01249696,0.9904357,-0.137408,-0.06849576,0.1379439,0.9880687,moving,-2.623278364976322,3.908587823510797,-1.0265036651094526,5.092287147672768,-0.17400100000000007,0.4617692,1.9890284999999999,-0.04566261767349203,0.06809372744451658,0.9966334223206426,-2.638046394432494,4.027948779227433,1.985651453910681,1.9876703781453398,1.9312913117856754
05/10/2023 16:35:30.324848,2728,True,True,True,True,Eyes,1.368182,-0.3541301,-2.934358,-0.1117167,0.2055661,0.9722459,0.0,0.0,0.0,0.0,0.0,0.0,0.0,-1.16528,-0.06938103,3.050754,1.372129,-0.35537,-2.942917,-0.06900721,-0.03459369,-0.00389131,0.9970087,352.0753,356.0375,359.8273,0.4202138,-0.1087052,-0.9008901,0,0,0,1.201372,0.1082455,-0.9536485,-0.03343837,0.1838548,2.041168,0.9975763,-0.002984912,0.06951749,0.01253377,0.9904457,-0.1373324,-0.06844336,0.1378708,0.9880826,moving,-2.5549042558197974,3.9421406522868856,-0.9385342680648538,5.1469323034397725,-0.17075699999999983,0.4636155,1.9892685,-0.04447145774886228,0.06868105018060215,0.9966470465449094,-2.570365767736459,4.059810077826766,2.0138167857266303,2.015979875892271,1.9607928949132432
05/10/2023 16:35:30.342781,2729,True,True,True,True,Eyes,1.368171,-0.354133,-2.934359,-0.1103709,0.2061187,0.9722825,0.0,0.0,0.0,0.0,0.0,0.0,0.0,-1.16523,-0.06951362,3.050776,1.372123,-0.3554312,-2.942919,-0.06904398,-0.03460023,-0.003879612,0.9970059,352.0712,356.0367,359.8289,0.4202003,-0.1087077,-0.9008961,0,0,0,1.204483,0.1103333,-0.9534883,-0.03028777,0.1858523,2.041425,0.9975755,-0.002958117,0.06952898,0.01251387,0.9904358,-0.1374061,-0.06845754,0.137943,0.9880715,moving,-2.4767921291548984,3.969937602523212,-0.8500111819014811,5.201894823576126,-0.16764,0.4657645,1.9894306999999998,-0.043111213522671894,0.06916868408396917,0.996672980607704,-2.493604789502676,4.086043233226042,2.0383434116589494,2.0406211909247496,1.9865861971317333
05/10/2023 16:35:30.352882,2730,True,True,True,True,Eyes,1.368158,-0.3541377,-2.934359,-0.1090717,0.2066504,0.9723163,0.0,0.0,0.0,0.0,0.0,0.0,0.0,-1.16532,-0.06940737,3.05073,1.372129,-0.3554441,-2.942901,-0.0690294,-0.03458671,-0.003879255,0.9970074,352.0728,356.0382,359.8288,0.4201879,-0.10871,-0.9009016,0,0,0,1.207811,0.1123415,-0.9532468,-0.02701963,0.1879247,2.04169,0.9975774,-0.002960291,0.06950197,0.01251029,0.9904398,-0.1373773,-0.06843085,0.137914,0.9880774,moving,-2.4038864089015406,4.002339418246121,-0.7582054058525901,5.258897691033841,-0.16431799999999996,0.46778559999999997,1.9896542,-0.04184131271862971,0.06973608156491554,0.9966876111825076,-2.421617558574945,4.116759507258686,2.068124283318009,2.070556605530855,2.0177759094264234
05/10/2023 16:35:30.372989,2731,True,True,True,True,Eyes,1.368185,-0.3541374,-2.934358,-0.1076979,0.2072242,0.9723474,0.0,0.0,0.0,0.0,0.0,0.0,0.0,-1.165709,-0.06953874,3.05056,1.372101,-0.3554338,-2.942895,-0.06903269,-0.03452035,-0.003923559,0.9970093,352.0723,356.0462,359.8231,0.4201764,-0.1087123,-0.9009067,0,0,0,1.211219,0.1143703,-0.9530256,-0.02388068,0.1899151,2.041946,0.9975859,-0.003057583,0.06937592,0.01258971,0.9904382,-0.1373816,-0.06829251,0.1379234,0.9880857,moving,-2.3334287698508382,4.034797591563208,-0.6700470041490195,5.313617495190442,-0.16088199999999997,0.4698041,1.9898694,-0.04061401642707475,0.07030426483682306,0.9966985427059805,-2.351986854008535,4.1475486910521395,2.0955561460035965,2.0981466212785196,2.0466162597150404
05/10/2023 16:35:30.383091,2732,True,True,True,True,Eyes,1.368212,-0.354134,-2.934357,-0.1063766,0.2077965,0.9723706,0.0,0.0,0.0,0.0,0.0,0.0,0.0,-1.165169,-0.06880948,3.050836,1.372181,-0.3553834,-2.942919,-0.0689643,-0.03461513,-0.003771621,0.9970113,352.0807,356.0341,359.8411,0.4201668,-0.1087143,-0.9009109,0,0,0,1.214026,0.1161643,-0.9528158,-0.02066812,0.1919521,2.042207,0.9975751,-0.002746281,0.06954356,0.01229511,0.9904594,-0.1372553,-0.06850314,0.1377775,0.9880915,moving,-2.2446301740599175,4.077019884995172,-0.5798411320976107,5.369596752791835,-0.15815500000000005,0.4715477,1.9901031999999999,-0.039067202459869256,0.0710431078189688,0.996707871298081,-2.264160694479959,4.187621524422923,2.104932018062229,2.1076711112981563,2.057668056004565
05/10/2023 16:35:30.408351,2733,True,True,True,True,Eyes,1.368262,-0.3541293,-2.934357,-0.1049873,0.2084117,0.97239,0.0,0.0,0.0,0.0,0.0,0.0,0.0,-1.165225,-0.07098711,3.050751,1.372213,-0.3553093,-2.942899,-0.0692363,-0.03461817,-0.003955067,0.9969918,352.0488,356.0351,359.8211,0.4201588,-0.108716,-0.9009144,0,0,0,1.217338,0.119369,-0.9528543,-0.01750779,0.1939559,2.042464,0.9975719,-0.003092671,0.06957573,0.01268001,0.9903814,-0.1377822,-0.06848039,0.1383299,0.9880159,moving,-2.167323395647212,4.079954208000107,-0.4911214629670223,5.424638979145744,-0.15487499999999987,0.4746783,1.9900447,-0.037722206454847605,0.07109783428345998,0.9967558452592892,-2.189494986078625,4.1898681918909615,2.146094683930517,2.1489136913500735,2.0997932091194866
05/10/2023 16:35:30.425139,2734,True,True,True,True,Eyes,1.368311,-0.3541229,-2.934353,-0.1036416,0.2090247,0.9724028,0.0,0.0,0.0,0.0,0.0,0.0,0.0,-1.165558,-0.07271469,3.050632,1.372202,-0.3553329,-2.942952,-0.0695101,-0.03456163,-0.003994822,0.9969744,352.0172,356.0419,359.8171,0.4201529,-0.1087173,-0.900917,0,0,0,1.220805,0.1224891,-0.9529496,-0.01429695,0.1959921,2.042725,0.9975791,-0.003160706,0.06946947,0.01277023,0.9903048,-0.1383234,-0.06835875,0.1388757,0.9879476,moving,-2.097025384254705,4.083832264369574,-0.4010043054004422,5.480547143284,-0.151397,0.477822,1.9900024,-0.03649904302366105,0.07116853535009954,0.9967963539976303,-2.1215344181072977,4.193078602158817,2.194178967557429,2.19711172972585,2.1489064924091212
05/10/2023 16:35:30.443113,2735,True,True,True,True,Eyes,1.368358,-0.3541202,-2.934349,-0.102161,0.2096791,0.9724185,0.0,0.0,0.0,0.0,0.0,0.0,0.0,-1.16625,-0.07515302,3.050224,1.372198,-0.3552906,-2.942872,-0.0697907,-0.03445999,-0.004282689,0.9969571,351.9839,356.0558,359.7842,0.4201488,-0.1087182,-0.9009188,0,0,0,1.224722,0.1257988,-0.9529001,-0.01099443,0.198086,2.042994,0.9975883,-0.003729341,0.06930804,0.01334929,0.9902219,-0.1388615,-0.06811247,0.1394518,0.9878835,moving,-2.0281249019566308,4.087393486762184,-0.30833588160944014,5.538012145123612,-0.14747599999999994,0.4810894,1.9899719,-0.03530016175464668,0.07123355454078915,0.9968347974101028,-2.054937629711298,4.19599384071301,2.24681484139336,2.2498819450124623,2.2026417765595867
05/10/2023 16:35:30.453568,2736,True,True,True,True,Eyes,1.368402,-0.3541185,-2.934344,-0.1007387,0.2102832,0.9724364,0.0,0.0,0.0,0.0,0.0,0.0,0.0,-1.16674,-0.07455701,3.050029,1.372165,-0.355392,-2.942852,-0.06964782,-0.034382,-0.004432934,0.9969692,351.9997,356.0661,359.7657,0.4201465,-0.1087189,-0.9009199,0,0,0,1.22851,0.1273143,-0.952507,-0.007586151,0.2002472,2.043271,0.9975964,-0.004049734,0.06917308,0.01362826,0.9902591,-0.1385686,-0.0679381,0.1391783,0.9879342,moving,-1.9582192429108796,4.1377562247813024,-0.21272383247290888,5.597298303461969,-0.1436550000000001,0.4827063,1.9903449999999998,-0.03408175353609761,0.07211278936032771,0.996813945333565,-1.9848890308221472,4.244065211808143,2.2719695318573763,2.275305981027497,2.2297554329089926
05/10/2023 16:35:30.472693,2737,True,True,True,True,Eyes,1.368475,-0.3541135,-2.934338,-0.09908444,0.211092,0.9724312,0.0,0.0,0.0,0.0,0.0,0.0,0.0,-1.166882,-0.0723339,3.04998,1.372115,-0.3554097,-2.942823,-0.06935328,-0.03434522,-0.004267914,0.9969916,352.0342,356.0691,359.7833,0.4201455,-0.1087194,-0.9009203,0,0,0,1.23151,0.1280159,-0.9519978,-0.004561663,0.2021649,2.043517,0.9976044,-0.003746242,0.06907578,0.01327406,0.9903438,-0.1379961,-0.0678918,0.1385825,0.988021,moving,-1.8655702930829634,4.21995080388038,-0.12789891316667204,5.649880664521943,-0.14060499999999987,0.4834256,1.9908252000000002,-0.032466425905815006,0.07354667238755434,0.9967631692720057,-1.8912311308189755,4.3226824014020275,2.2467852547770426,2.2503780195635104,2.2069879336867952
05/10/2023 16:35:30.487795,2738,True,True,True,True,Eyes,1.368546,-0.3541088,-2.934333,-0.09749577,0.2118542,0.9724261,0.0,0.0,0.0,0.0,0.0,0.0,0.0,-1.166127,-0.07056051,3.05031,1.372116,-0.3553893,-2.942824,-0.06913175,-0.03446179,-0.004080647,0.9970038,352.0603,356.0542,359.8049,0.4201466,-0.1087196,-0.9009197,0,0,0,1.234121,0.1291703,-0.9516203,-0.001343548,0.2042055,2.043779,0.9975915,-0.003372033,0.06928127,0.01290165,0.9904083,-0.137568,-0.06815286,0.1381305,0.9880664,moving,-1.758704312074918,4.291147489864352,-0.03766533411108931,5.70580784803231,-0.13799499999999987,0.4845596,1.9912036999999998,-0.030604409755750593,0.07478961119075705,0.996729668138849,-1.7844540128202482,4.390578980631698,2.2240291788552513,2.227832824213405,2.186572125888004
05/10/2023 16:35:30.503375,2739,True,True,True,True,Eyes,1.368622,-0.3541014,-2.93433,-0.09572943,0.2127549,0.9724048,0.0,0.0,0.0,0.0,0.0,0.0,0.0,-1.16622,-0.0693574,3.05031,1.372133,-0.3553886,-2.942826,-0.06896109,-0.03444718,-0.004012631,0.9970165,352.0802,356.0554,359.812,0.4201494,-0.1087196,-0.9009184,0,0,0,1.237367,0.1305287,-0.9512508,0.001879454,0.2062491,2.044041,0.9975945,-0.003250288,0.06924225,0.01275235,0.9904566,-0.1372342,-0.0681354,0.1377871,0.9881155,moving,-1.6585454197163967,4.363750281567151,0.05268228555194858,5.761793036016783,-0.13476599999999994,0.4859173,1.9915752000000002,-0.028859200742014653,0.07605650368121517,0.9966857183111916,-1.68406674016534,4.45988321194431,2.2056669135253566,2.2097112486809403,2.170545177679186
05/10/2023 16:35:30.525740,2740,True,True,True,True,Eyes,1.368695,-0.3540939,-2.934328,-0.09403414,0.2136171,0.9723813,0.0,0.0,0.0,0.0,0.0,0.0,0.0,-1.166348,-0.06847578,3.050324,1.372105,-0.3553488,-2.942888,-0.06882594,-0.03441965,-0.003969345,0.9970269,352.0959,356.0583,359.8162,0.4201539,-0.1087193,-0.9009163,0,0,0,1.240416,0.1319307,-0.9509869,0.004880346,0.208152,2.044285,0.997599,-0.003177157,0.06918103,0.01265302,0.9904944,-0.1369694,-0.06808825,0.1375159,0.9881566,moving,-1.5642676978880181,4.429875229521468,0.13678263899131768,5.813900765780926,-0.13168899999999994,0.48727950000000003,1.9919011,-0.02721674135974885,0.07721029233336059,0.9966433149503355,-1.5896915476683233,4.5229807879793755,2.1887001373315322,2.19296578487116,2.1557336352827137
05/10/2023 16:35:30.533544,2741,True,True,True,True,Eyes,1.368772,-0.3540856,-2.934327,-0.0921955,0.2145873,0.9723437,0.0,0.0,0.0,0.0,0.0,0.0,0.0,-1.166384,-0.06803781,3.050341,1.372108,-0.3553382,-2.94291,-0.06880575,-0.03440801,-0.003840149,0.9970292,352.0987,356.0586,359.8309,0.4201598,-0.1087186,-0.9009137,0,0,0,1.24364,0.1339221,-0.9507831,0.008145891,0.2102228,2.044551,0.9976027,-0.002922543,0.06914002,0.01239242,0.9905021,-0.1369384,-0.06808312,0.1374669,0.9881637,moving,-1.458438565230672,4.489743908836562,0.22827638201617592,5.87057971935076,-0.12846800000000003,0.4892603,1.9921269,-0.025373754041779627,0.07825543967590724,0.996610379856736,-1.4845147615012655,4.579953619677736,2.17537628030512,2.179842849579835,2.1446140050062588
05/10/2023 16:35:30.557874,2742,True,True,True,True,Eyes,1.368845,-0.3540767,-2.934328,-0.09043035,0.2155191,0.9723034,0.0,0.0,0.0,0.0,0.0,0.0,0.0,-1.1664,-0.06864339,3.050347,1.372103,-0.3553421,-2.942938,-0.06892461,-0.0344015,-0.003796627,0.9970214,352.0852,356.059,359.8364,0.4201671,-0.1087177,-0.9009103,0,0,0,1.246779,0.1363893,-0.9507305,0.01128975,0.2122162,2.044807,0.9976043,-0.002828417,0.06912143,0.01231286,0.99047,-0.1371774,-0.0680747,0.1376998,0.9881318,moving,-1.3574802563137822,4.5308429719075125,0.31633716731642614,5.925115543958435,-0.125324,0.4917314,1.9922074999999997,-0.023616292003802913,0.07897370539857608,0.996596938047224,-1.3850283855230943,4.618850517969312,2.173832011734315,2.1784537573291662,2.1449878933251094
05/10/2023 16:35:30.572812,2743,True,True,True,True,Eyes,1.368902,-0.3540714,-2.934329,-0.0885192,0.2165302,0.9722546,0.0,0.0,0.0,0.0,0.0,0.0,0.0,-1.166343,-0.06878787,3.050401,1.372089,-0.3553185,-2.942984,-0.06893967,-0.03440847,-0.003805759,0.9970201,352.0835,356.0583,359.8354,0.4201755,-0.1087165,-0.9009066,0,0,0,1.249962,0.1385227,-0.9505915,0.01450857,0.2142574,2.045068,0.9976031,-0.002844618,0.06913659,0.01233305,0.9904657,-0.1372066,-0.06808713,0.1377304,0.9881268,moving,-1.2476770058270557,4.588173007321893,0.40647346781080035,5.980937088212775,-0.12212699999999987,0.4938412,1.9923925,-0.02170460568775967,0.07997432269606904,0.9965605858667519,-1.2761559389063308,4.673343471637057,2.157605904291674,2.162407356271285,2.130972263183829
05/10/2023 16:35:30.582908,2744,True,True,True,True,Eyes,1.368958,-0.3540643,-2.934332,-0.08668613,0.2175135,0.9722003,0.0,0.0,0.0,0.0,0.0,0.0,0.0,-1.166078,-0.06888768,3.050521,1.372132,-0.3553955,-2.942976,-0.06901908,-0.03445311,-0.00368387,0.9970134,352.0748,356.0521,359.8502,0.4201846,-0.1087152,-0.9009025,0,0,0,1.253024,0.140841,-0.9504701,0.01779211,0.2163393,2.045335,0.9975988,-0.002589891,0.06920893,0.01210158,0.9904456,-0.1373721,-0.06819192,0.1378797,0.9880987,moving,-1.135746851134297,4.637360275058153,0.4983961549946534,6.0378429323437866,-0.11910799999999999,0.49623649999999997,1.9925058999999998,-0.01975636225835073,0.08083308818136521,0.9965318505407126,-1.1656655384115422,4.719962512431769,2.14719366319955,2.15215590463098,2.1227129152688953
05/10/2023 16:35:30.602730,2745,True,True,True,True,Eyes,1.368981,-0.3540587,-2.934334,-0.0847583,0.2185554,0.9721366,0.0,0.0,0.0,0.0,0.0,0.0,0.0,-1.165886,-0.07004976,3.050587,1.372139,-0.3553464,-2.942999,-0.06919216,-0.03448559,-0.003707936,0.9970003,352.0549,356.0485,359.8484,0.420194,-0.1087137,-0.9008983,0,0,0,1.256106,0.1436114,-0.9504744,0.02097496,0.2183575,2.045594,0.997594,-0.002621363,0.0692774,0.01216589,0.9903974,-0.1377135,-0.06825116,0.1382249,0.9880463,moving,-1.0221885258256311,4.678363848380792,0.5874746251157663,6.092981539096109,-0.11603300000000005,0.4989578,1.9925245999999999,-0.017780190819703813,0.08154925721369323,0.9965107048145145,-1.0540400461356905,4.758671919672264,2.1378493321975736,2.142932259868082,2.1154083710765597
05/10/2023 16:35:30.628791,2746,True,True,True,True,Eyes,1.369003,-0.3540547,-2.934335,-0.08290642,0.2195553,0.972071,0.0,0.0,0.0,0.0,0.0,0.0,0.0,-1.165777,-0.07090583,3.050568,1.372124,-0.355347,-2.942963,-0.06930836,-0.03450364,-0.003770311,0.9969914,352.0413,356.0468,359.8418,0.4202031,-0.1087121,-0.9008942,0,0,0,1.259189,0.1460689,-0.9503636,0.02409716,0.2203372,2.045848,0.9975905,-0.002735152,0.06932227,0.01230071,0.9903643,-0.1379395,-0.06827702,0.1384598,0.9880117,moving,-0.9153528633265876,4.7232769439884335,0.6748310347787746,6.147043912828694,-0.11293500000000001,0.5014159,1.9925994000000002,-0.01592100408142609,0.0823329596505238,0.9964777160882877,-0.9486865941699372,4.8012049085942055,2.1291981309986006,2.134431355502947,2.108812963926893
05/10/2023 16:35:30.644880,2747,True,True,True,True,Eyes,1.368996,-0.3540525,-2.934338,-0.08099756,0.2205804,0.9719998,0.0,0.0,0.0,0.0,0.0,0.0,0.0,-1.165805,-0.07096931,3.050545,1.372117,-0.3553848,-2.94295,-0.06931622,-0.03449905,-0.003792379,0.9969909,352.0403,356.0475,359.8392,0.4202119,-0.1087105,-0.9008904,0,0,0,1.262491,0.1481484,-0.9501535,0.02737106,0.2224132,2.046115,0.9975909,-0.002779247,0.06931622,0.01234462,0.9903618,-0.1379536,-0.06826472,0.1384769,0.9880102,moving,-0.8072766876079259,4.782407310474921,0.766404960032003,6.203707928608302,-0.109626,0.5035332,1.9927965000000003,-0.014040127823523152,0.08336364518370966,0.9964202458112427,-0.8413832270919536,4.857448260941192,2.115071621959095,2.1205115833744106,2.096997364672282
05/10/2023 16:35:30.653383,2748,True,True,True,True,Eyes,1.368989,-0.3540511,-2.934343,-0.0791684,0.2215533,0.9719293,0.0,0.0,0.0,0.0,0.0,0.0,0.0,-1.165598,-0.07035208,3.050644,1.372107,-0.3553938,-2.94296,-0.06922878,-0.03453004,-0.003758133,0.996996,352.0504,356.0437,359.843,0.4202196,-0.1087091,-0.900887,0,0,0,1.265657,0.1499072,-0.9498752,0.03070205,0.2245252,2.046386,0.9975871,-0.002712741,0.06937297,0.01227463,0.9903865,-0.1377821,-0.06833229,0.1383012,0.9880301,moving,-0.698821834386887,4.849770973987151,0.8595474749452999,6.261328802000951,-0.10644999999999993,0.505301,1.9930847999999997,-0.012152780597977031,0.08453719186490623,0.9963462438395974,-0.7332780743248215,4.921633928065788,2.0969424807705246,2.102619891015852,2.081315830347671
05/10/2023 16:35:30.677115,2749,True,True,True,True,Eyes,1.368932,-0.3540558,-2.934349,-0.07728238,0.2225253,0.971859,0.0,0.0,0.0,0.0,0.0,0.0,0.0,-1.16525,-0.06974465,3.050827,1.372105,-0.3554089,-2.942997,-0.06909788,-0.03459049,-0.003830275,0.9970027,352.0652,356.0374,359.8347,0.4202262,-0.1087077,-0.900884,0,0,0,1.268607,0.1513791,-0.9495931,0.03385188,0.2265227,2.046642,0.9975777,-0.00285733,0.06950296,0.01241785,0.9904216,-0.1375166,-0.0684443,0.1380465,0.988058,moving,-0.5856659952161299,4.921565905955937,0.947597580230982,6.315801026866728,-0.10349799999999987,0.506788,1.9934039000000001,-0.010183939448108484,0.08578748818393678,0.996261404214759,-0.6204069087398384,4.990060223562786,2.0665098748155017,2.0723872138608628,2.053345259564895
05/10/2023 16:35:30.693077,2750,True,True,True,True,Eyes,1.368879,-0.3540562,-2.934357,-0.07547455,0.2234677,0.9717849,0.0,0.0,0.0,0.0,0.0,0.0,0.0,-1.165344,-0.06825575,3.050837,1.372094,-0.3554898,-2.943005,-0.06891594,-0.03456844,-0.003708506,0.9970165,352.0865,356.039,359.8478,0.4202307,-0.1087067,-0.900882,0,0,0,1.271701,0.1525438,-0.949219,0.03696594,0.2284971,2.046895,0.9975825,-0.00263025,0.06944176,0.01215952,0.9904736,-0.1371643,-0.06841946,0.1376771,0.9881112,moving,-0.48297892175888746,4.99852246631203,1.0346217731575962,6.369618783306853,-0.10039299999999995,0.5080336000000001,1.9937859999999998,-0.008397417563965712,0.08712698581046176,0.9961618765194952,-0.5173519336630618,5.063546736846013,2.039111831065383,2.045242523440133,2.0284098642062114
05/10/2023 16:35:30.702940,2751,True,True,True,True,Eyes,1.368794,-0.3540572,-2.934368,-0.07373716,0.2244089,0.9717013,0.0,0.0,0.0,0.0,0.0,0.0,0.0,-1.165185,-0.06896961,3.050917,1.372134,-0.3553891,-2.943036,-0.06904607,-0.03459671,-0.003637553,0.9970068,352.0719,356.0351,359.8568,0.4202333,-0.1087058,-0.9008809,0,0,0,1.274848,0.1552426,-0.9491842,0.04023492,0.2305699,2.047162,0.9975796,-0.002475797,0.06948863,0.01203086,0.9904388,-0.1374271,-0.06848401,0.1379305,0.9880714,moving,-0.3791677511602382,5.0393552420221095,1.1259462342439122,6.426087923784314,-0.09728599999999998,0.5106317,1.9938518000000003,-0.006592098301308594,0.0878380756537821,0.9961129234635961,-0.41513003226287765,5.10216507898631,2.0402395190640137,2.046557020883259,2.031671173730765
05/10/2023 16:35:30.722939,2752,True,True,True,True,Eyes,1.368711,-0.3540611,-2.934377,-0.07205687,0.2253125,0.9716183,0.0,0.0,0.0,0.0,0.0,0.0,0.0,-1.165346,-0.07036996,3.050918,1.372245,-0.3553604,-2.943084,-0.0691579,-0.03460002,-0.003909025,0.996998,352.058,356.0369,359.8259,0.4202334,-0.1087052,-0.9008809,0,0,0,1.278412,0.1578086,-0.9491388,0.0434949,0.2326371,2.047426,0.9975751,-0.003008852,0.06953298,0.01258031,0.9904038,-0.1376301,-0.06845161,0.1381711,0.98804,moving,-0.28764209508701566,5.078533139018344,1.2169911953764463,6.48238451047337,-0.09383299999999983,0.513169,1.9939451999999998,-0.005000573013648299,0.08852000133733051,0.9960618653969799,-0.32483698680756073,5.139279416489057,2.0512811667226067,2.057843534359953,2.044789827063762
05/10/2023 16:35:30.733062,2753,True,True,True,True,Eyes,1.368584,-0.354065,-2.934387,-0.07037814,0.2262204,0.9715303,0.0,0.0,0.0,0.0,0.0,0.0,0.0,-1.166219,-0.07040581,3.050547,1.372206,-0.3554353,-2.943055,-0.06916727,-0.03445231,-0.003940806,0.9970022,352.0568,356.0542,359.8211,0.4202313,-0.1087048,-0.9008819,0,0,0,1.281883,0.1596077,-0.9489094,0.04638246,0.2344679,2.047662,0.997595,-0.003092041,0.06924322,0.01262393,0.9904007,-0.1376483,-0.06815292,0.1381914,0.9880578,moving,-0.20919421880336997,5.130902451330172,1.2976090919544112,6.532213620340581,-0.09032299999999993,0.515043,1.9941456000000002,-0.00363648962360269,0.08943090130397802,0.9959863280282943,-0.24644874825520807,5.189222505631325,2.050859394034787,2.0576999804888785,2.046396771914187
05/10/2023 16:35:30.753273,2754,True,True,True,True,Eyes,1.368463,-0.3540652,-2.934396,-0.0687672,0.2270992,0.9714407,0.0,0.0,0.0,0.0,0.0,0.0,0.0,-1.165643,-0.06939179,3.05076,1.372157,-0.3553723,-2.943055,-0.06907693,-0.03452915,-0.003726937,0.9970067,352.068,356.0436,359.846,0.420226,-0.1087047,-0.9008844,0,0,0,1.284562,0.1613406,-0.9486349,0.049587,0.2364998,2.047922,0.9975877,-0.002661227,0.06936648,0.0122019,0.9904289,-0.137483,-0.0683367,0.1379977,0.9880722,moving,-0.10472350455226465,5.194108350126454,1.3870502770055297,6.58749716288866,-0.08759500000000009,0.5167128999999999,1.9944201000000001,-0.0018202636293504285,0.09053002461690349,0.9958920671117694,-0.1424041844688522,5.249426052807246,2.0342248392384907,2.041303847758611,2.0321577806259037
05/10/2023 16:35:30.773046,2755,True,True,True,True,Eyes,1.368323,-0.3540716,-2.934404,-0.06713276,0.2279686,0.9713513,0.0,0.0,0.0,0.0,0.0,0.0,0.0,-1.165573,-0.0701277,3.050724,1.372178,-0.3552869,-2.943007,-0.06917988,-0.03454467,-0.003740423,0.996999,352.0561,356.0419,359.845,0.4202181,-0.1087048,-0.900888,0,0,0,1.287757,0.1638904,-0.9484951,0.05280995,0.2385436,2.048184,0.9975854,-0.002678805,0.06939951,0.01223799,0.9904003,-0.1376861,-0.06836447,0.138203,0.9880416,moving,-0.009782949374667524,5.233626658517275,1.4769752132695566,6.643076363751022,-0.08442099999999986,0.5191773,1.9945119,-0.00017003283402458602,0.09121703632882694,0.9958309401876848,-0.04880172146496664,5.286843049163024,2.0413405915465437,2.0486576838927304,2.0414122705044724
05/10/2023 16:35:30.783376,2756,True,True,True,True,Eyes,1.368191,-0.3540767,-2.934413,-0.06556569,0.2287987,0.9712633,0.0,0.0,0.0,0.0,0.0,0.0,0.0,-1.165816,-0.06952196,3.050673,1.372235,-0.3554118,-2.942996,-0.06913633,-0.03451068,-0.003656417,0.9970035,352.0615,356.0452,359.8543,0.4202074,-0.1087052,-0.900893,0,0,0,1.29115,0.1656673,-0.9482305,0.05607538,0.2406143,2.04845,0.9975913,-0.002519038,0.06932011,0.0120628,0.9904136,-0.1376059,-0.06830895,0.1381107,0.9880584,moving,0.07733259842091328,5.288050828956815,1.5680541033818756,6.699357997765693,-0.08108500000000007,0.5210791,1.9947655,0.0013439636936248972,0.09216284618695303,0.9957430925183797,0.03804963407438222,5.338703501239844,2.0451664069076214,2.0528123465344823,2.047509300349309
05/10/2023 16:35:30.803055,2757,True,True,True,True,Eyes,1.368015,-0.354085,-2.934424,-0.06392407,0.2296272,0.9711772,0.0,0.0,0.0,0.0,0.0,0.0,0.0,-1.165642,-0.06935877,3.050788,1.372269,-0.3553844,-2.943029,-0.06908596,-0.03454654,-0.003697023,0.9970056,352.0671,356.0414,359.8497,0.4201942,-0.1087059,-0.9008991,0,0,0,1.294258,0.1675262,-0.9480161,0.05926651,0.2426376,2.04871,0.9975858,-0.002598544,0.06939701,0.01214527,0.9904269,-0.1375027,-0.06837537,0.1380136,0.9880673,moving,0.17438402936757416,5.3427504234482734,1.657030085480887,6.754324355255421,-0.07801100000000005,0.5229106,1.9950129,0.0030303482436103805,0.09311308408419673,0.995650974019961,0.13449203208387112,5.390754555461397,2.03922701960707,2.047139539129136,2.0438798210639217
05/10/2023 16:35:30.826213,2758,True,True,True,True,Eyes,1.367845,-0.3540905,-2.934435,-0.06234217,0.2304247,0.9710911,0.0,0.0,0.0,0.0,0.0,0.0,0.0,-1.166055,-0.06957579,3.050616,1.372251,-0.3553952,-2.943026,-0.06907973,-0.03448104,-0.003805786,0.9970079,352.0674,356.0498,359.8366,0.4201778,-0.108707,-0.9009066,0,0,0,1.297794,0.1695318,-0.9477934,0.06247211,0.2446703,2.04897,0.9975932,-0.002824916,0.06928154,0.01235268,0.990427,-0.1374836,-0.06822994,0.1380085,0.9880781,moving,0.25527234178771513,5.390347161782177,1.7463797481420256,6.809523439134799,-0.07445700000000022,0.524927,1.9952326,0.004435626202517071,0.09393966234470837,0.9955680178111198,0.21497921530500919,5.436073616067315,2.0502486570177356,2.058509801649029,2.057073651685229
05/10/2023 16:35:30.843124,2759,True,True,True,True,Eyes,1.367656,-0.3540958,-2.934446,-0.06074233,0.2312161,0.9710044,0.0,0.0,0.0,0.0,0.0,0.0,0.0,-1.166323,-0.07037869,3.050518,1.372257,-0.3553346,-2.943054,-0.0691177,-0.03444678,-0.004008756,0.9970056,352.0622,356.0554,359.813,0.4201586,-0.1087084,-0.9009154,0,0,0,1.301281,0.1717713,-0.9476523,0.06565611,0.2466892,2.049229,0.9975947,-0.00323174,0.06924141,0.01275527,0.9904134,-0.1375453,-0.06813311,0.1380976,0.9880723,moving,0.33901146798286474,5.432285968044795,1.835095831188773,6.864318809770905,-0.07097600000000015,0.5271059,1.9954017,0.005890259084065985,0.09466765453594554,0.9954915370835578,0.29791390288537056,5.4759111670746785,2.0624019503321978,2.0709868376238867,2.071377334770239
05/10/2023 16:35:30.853396,2760,True,True,True,True,Eyes,1.367474,-0.3541022,-2.934458,-0.05921155,0.2319842,0.9709157,0.0,0.0,0.0,0.0,0.0,0.0,0.0,-1.166287,-0.07086635,3.050476,1.372201,-0.3553074,-2.943038,-0.06915961,-0.03444729,-0.004091829,0.9970024,352.0571,356.056,359.8036,0.4201364,-0.10871,-0.9009255,0,0,0,1.304609,0.1740768,-0.9474714,0.06897491,0.2487935,2.049499,0.9975933,-0.003394404,0.06925403,0.01292385,0.9904004,-0.1376227,-0.06812208,0.1381865,0.9880607,moving,0.42497464560413867,5.472880920061177,1.9275345887686914,6.9214037287732335,-0.0675920000000001,0.5293842,1.9955666,0.007383329161528465,0.09537200270818977,0.9954143060853878,0.38292088524204426,5.514435061666459,2.0781482513040177,2.087080427334253,2.0893521300495324
05/10/2023 16:35:30.876606,2761,True,True,True,True,Eyes,1.367264,-0.3541093,-2.93447,-0.05763851,0.2327497,0.9708272,0.0,0.0,0.0,0.0,0.0,0.0,0.0,-1.165789,-0.07172552,3.050669,1.372185,-0.3553392,-2.943066,-0.06927661,-0.03452843,-0.004158449,0.9969912,352.0434,356.0471,359.7971,0.4201117,-0.1087119,-0.9009368,0,0,0,1.307469,0.1765153,-0.9474368,0.07212205,0.2507891,2.049755,0.997581,-0.003507848,0.06942524,0.0130759,0.9903669,-0.1378492,-0.06827292,0.1384235,0.9880171,moving,0.5229148837433968,5.5048600434803685,2.01516036650752,6.975513398942731,-0.064716,0.5318545,1.9956292,0.009084372902295506,0.09592623048221874,0.995347027633777,0.47901452849698767,5.5445540018038075,2.085982767960036,2.095141492301328,2.0993782012532356
05/10/2023 16:35:30.887706,2762,True,True,True,True,Eyes,1.367061,-0.3541155,-2.934482,-0.05612964,0.2334852,0.970739,0.0,0.0,0.0,0.0,0.0,0.0,0.0,-1.165558,-0.07200634,3.050746,1.372226,-0.3553135,-2.943044,-0.06930163,-0.0345748,-0.004197825,0.9969876,352.0403,356.0421,359.793,0.420084,-0.108714,-0.9009495,0,0,0,1.310529,0.1786595,-0.9472489,0.07529651,0.252802,2.050013,0.9975739,-0.003578179,0.06952313,0.01316254,0.9903593,-0.1378954,-0.06835946,0.138476,0.9880037,moving,0.613650357755539,5.545744170080534,2.1035153215923814,7.030066543758859,-0.06169699999999989,0.533973,1.9957951,0.010659890852709054,0.09663494564251252,0.9952628473093156,0.568636500474052,5.583320840154229,2.0936121824410745,2.1030716867169827,2.1092477631648796
05/10/2023 16:35:30.902974,2763,True,True,True,True,Eyes,1.366837,-0.3541241,-2.934495,-0.05457826,0.2342303,0.9706479,0.0,0.0,0.0,0.0,0.0,0.0,0.0,-1.165425,-0.07213116,3.050801,1.372212,-0.3552961,-2.94306,-0.06931712,-0.03459429,-0.004201442,0.9969859,352.0385,356.0398,359.7928,0.4200538,-0.1087164,-0.9009632,0,0,0,1.313663,0.1807871,-0.9470821,0.07851798,0.2548447,2.050276,0.9975712,-0.003581602,0.06956249,0.01317351,0.990355,-0.1379257,-0.06839757,0.1385071,0.9879968,moving,0.7044403486596968,5.588444967124148,2.1931444864915695,7.085396158377226,-0.05854899999999996,0.5360832,1.9959779,0.012236067282929555,0.09737489487340385,0.9951725348817502,0.6584073983432206,5.623840363673577,2.101403146031762,2.111185183490958,2.1193308544844736
05/10/2023 16:35:30.923079,2764,True,True,True,True,Eyes,1.366622,-0.3541319,-2.934508,-0.05308448,0.2349391,0.9705594,0.0,0.0,0.0,0.0,0.0,0.0,0.0,-1.165788,-0.07156545,3.050675,1.372202,-0.3553202,-2.943062,-0.06924591,-0.03453161,-0.004160915,0.9969931,352.0469,356.0468,359.7967,0.4200207,-0.1087191,-0.9009783,0,0,0,1.316965,0.1824438,-0.9468077,0.08161081,0.2568059,2.050527,0.9975805,-0.00351446,0.0694318,0.01307915,0.9903754,-0.137788,-0.0682793,0.1383628,0.9880251,moving,0.7833791298310158,5.639053644330535,2.279164508891861,7.138497569444589,-0.05523699999999998,0.5377639999999999,1.9962543,0.013605966561366315,0.09825213772333276,0.995068483452655,0.7371753738082629,5.67208071493444,2.107779245814193,2.1179485321351974,2.1279353570790875
05/10/2023 16:35:30.943100,2765,True,True,True,True,Eyes,1.366382,-0.354144,-2.934523,-0.05149955,0.2356679,0.9704682,0.0,0.0,0.0,0.0,0.0,0.0,0.0,-1.166223,-0.07074925,3.050538,1.37218,-0.3553061,-2.943084,-0.06916828,-0.03445062,-0.004021987,0.9970019,352.0564,356.055,359.8117,0.4199854,-0.108722,-0.9009945,0,0,0,1.320329,0.1841649,-0.9465435,0.08478004,0.2588154,2.050785,0.9975939,-0.003254078,0.06925105,0.01278564,0.9903991,-0.1376447,-0.06813828,0.1381989,0.9880578,moving,0.8673788761252783,5.691854799367567,2.367275996264476,7.192877648175544,-0.05185099999999987,0.539471,1.9965404999999998,0.01506342128520918,0.09916704278957356,0.9949568236438242,0.8209375418546272,5.7223985244889395,2.1114152046026806,2.1219710091434973,2.1338864704535627
05/10/2023 16:35:30.953606,2766,True,True,True,True,Eyes,1.366152,-0.3541552,-2.934538,-0.04997433,0.2363662,0.970378,0.0,0.0,0.0,0.0,0.0,0.0,0.0,-1.166469,-0.07018903,3.050502,1.372191,-0.3553661,-2.943119,-0.06916682,-0.03440283,-0.003829008,0.9970044,352.0573,356.059,359.8336,0.4199473,-0.1087253,-0.9010118,0,0,0,1.323617,0.186165,-0.9463755,0.08801793,0.2608685,2.051048,0.9976035,-0.002876006,0.06912924,0.01239414,0.9904025,-0.1376558,-0.06806987,0.1381827,0.9880648,moving,0.9528906069122527,5.734209342237108,2.4572626266449604,7.2484121223081255,-0.048573999999999895,0.5415311,1.9967434999999998,0.01654711711786761,0.09990015987371426,0.9948598031972556,0.9056027624663925,5.762623850677943,2.1235269141048,2.1344660299310143,2.1483051743680313
05/10/2023 16:35:30.977691,2767,True,True,True,True,Eyes,1.36589,-0.3541672,-2.934554,-0.04837161,0.2370928,0.970282,0.0,0.0,0.0,0.0,0.0,0.0,0.0,-1.166909,-0.06966433,3.050357,1.372204,-0.3553514,-2.943126,-0.06915434,-0.03432466,-0.003650478,0.9970086,352.0594,356.0666,359.8535,0.419907,-0.1087288,-0.9010302,0,0,0,1.327022,0.1881855,-0.9461665,0.09123784,0.2629102,2.05131,0.9976169,-0.002531716,0.06894887,0.01202651,0.9904087,-0.1376443,-0.06793908,0.1381455,0.988079,moving,1.0391387038790836,5.779457763936255,2.546714085796314,7.303608923956991,-0.045182000000000055,0.5435369,1.9969595,0.018043242855792313,0.10068320170141304,0.9947548955759059,0.9911312408218549,5.8056362150060465,2.132459863100206,2.143786437767399,2.159574084013017
05/10/2023 16:35:30.992991,2768,True,True,True,True,Eyes,1.365638,-0.3541788,-2.934572,-0.04683409,0.2377876,0.9701874,0.0,0.0,0.0,0.0,0.0,0.0,0.0,-1.167379,-0.07010123,3.050172,1.372163,-0.3553258,-2.943153,-0.06921949,-0.03424078,-0.003661608,0.997007,352.0519,356.0764,359.8518,0.4198639,-0.1087327,-0.9010498,0,0,0,1.330512,0.1904936,-0.9460598,0.09441654,0.2649256,2.051569,0.9976283,-0.002561038,0.06878348,0.01204155,0.9903905,-0.1377739,-0.06776967,0.1382754,0.9880725,moving,1.117403988039851,5.813530064600092,2.634985660171707,7.358066196044263,-0.041651000000000105,0.5458194000000001,1.9970932000000001,0.019400882002818406,0.10127216340520781,0.9946695534273631,1.0683727669244323,5.8379239616524226,2.1535816642021772,2.165328149017383,2.1829128177896644
05/10/2023 16:35:31.003050,2769,True,True,True,True,Eyes,1.36539,-0.3541887,-2.934589,-0.04521905,0.2385104,0.9700866,0.0,0.0,0.0,0.0,0.0,0.0,0.0,-1.16726,-0.06996164,3.050251,1.372147,-0.3553291,-2.943191,-0.06919387,-0.03425746,-0.003665766,0.9970081,352.0549,356.0745,359.8514,0.4198186,-0.1087369,-0.9010704,0,0,0,1.33381,0.1925407,-0.9458623,0.09779771,0.2670697,2.051844,0.9976259,-0.002568782,0.06881722,0.01205041,0.9903976,-0.1377225,-0.06780264,0.1382249,0.9880773,moving,1.2115941995385002,5.859822676578811,2.728842227872125,7.415973182780859,-0.038337000000000065,0.5478698,1.9973287000000002,0.02103429232985788,0.10207241071877303,0.9945545567774866,1.1616114341757704,5.881883878687625,2.161249883660311,2.1733950348326374,2.193089682079456
05/10/2023 16:35:31.026735,2770,True,True,True,True,Eyes,1.365152,-0.3541987,-2.934606,-0.04367226,0.2392052,0.9699864,0.0,0.0,0.0,0.0,0.0,0.0,0.0,-1.16711,-0.07082036,3.050267,1.372089,-0.3552988,-2.9432,-0.06931999,-0.03427295,-0.003691399,0.9969988,352.0403,356.0728,359.8491,0.4197713,-0.1087412,-0.9010919,0,0,0,1.336869,0.1950829,-0.9458153,0.1009517,0.2690699,2.0521,0.9976235,-0.002609039,0.06885195,0.01211224,0.9903622,-0.1379709,-0.06782839,0.1384769,0.9880403,moving,1.3014484442360592,5.887018343428376,2.8163574400585643,7.469968015381424,-0.03521999999999981,0.5503817,1.9973847,0.022592884161490343,0.10254098176943076,0.9944721810229455,1.2496578324805432,5.907447940810342,2.1785599917598177,2.191045168306718,2.2126944307388547
05/10/2023 16:35:31.042973,2771,True,True,True,True,Eyes,1.364901,-0.3542076,-2.934623,-0.04204872,0.2399242,0.9698806,0.0,0.0,0.0,0.0,0.0,0.0,0.0,-1.16677,-0.0710434,3.050385,1.372081,-0.3553134,-2.943194,-0.06934214,-0.03432905,-0.003729257,0.9969952,352.0376,356.0667,359.8452,0.4197224,-0.1087457,-0.9011141,0,0,0,1.339813,0.1971599,-0.9456424,0.1041003,0.2710662,2.052357,0.9976152,-0.002675204,0.06896898,0.012197,0.9903555,-0.1380115,-0.0679346,0.1385236,0.9880263,moving,1.3999863732296742,5.927687831455468,2.903686175615443,7.5238254086181415,-0.032268000000000185,0.5524733,1.9975516,0.02430138197725261,0.10324271478621029,0.9943593311943159,1.346788600647227,5.945948611388756,2.1801009150328703,2.192890389628659,2.21666985502505
05/10/2023 16:35:31.053136,2772,True,True,True,True,Eyes,1.364659,-0.3542157,-2.934639,-0.04049093,0.2406147,0.9697758,0.0,0.0,0.0,0.0,0.0,0.0,0.0,-1.166326,-0.07177186,3.050508,1.372052,-0.3552711,-2.943183,-0.06943183,-0.03439913,-0.003783117,0.9969863,352.0271,356.059,359.8399,0.4196719,-0.1087503,-0.9011371,0,0,0,1.342814,0.1996379,-0.9455316,0.1073669,0.2731374,2.052622,0.9976047,-0.002766643,0.06911625,0.01232022,0.9903298,-0.1381849,-0.06806557,0.1387054,0.9879918,moving,1.4960832839662872,5.958938481454417,2.9942527220554234,7.579681112203215,-0.029238000000000097,0.554909,1.9976513999999999,0.025967631590416512,0.10378069810267901,0.9942611831631061,1.4410669547405217,5.97537851862661,2.193965974268066,2.207106327377739,2.2329739898946874
05/10/2023 16:35:31.072711,2773,True,True,True,True,Eyes,1.364424,-0.3542245,-2.934655,-0.03887308,0.2413402,0.9696617,0.0,0.0,0.0,0.0,0.0,0.0,0.0,-1.166232,-0.07191959,3.050556,1.372056,-0.3552608,-2.943197,-0.06944403,-0.03441619,-0.00380653,0.9969847,352.0256,356.0572,359.8374,0.4196201,-0.108755,-0.9011607,0,0,0,1.346015,0.2017612,-0.9453589,0.1106131,0.2751956,2.052886,0.997602,-0.002810108,0.06915351,0.0123701,0.990326,-0.1382073,-0.06809615,0.1387313,0.9879861,moving,1.5901287843546434,6.001249650675183,3.0842147056244436,7.63515516571765,-0.02604099999999998,0.557022,1.9978381,0.027597459202261445,0.10451033406085282,0.9941408306933607,1.5339549154618266,6.015497414931652,2.2005089479374664,2.2140325138133856,2.242007280692059
05/10/2023 16:35:31.093047,2774,True,True,True,True,Eyes,1.364198,-0.3542345,-2.93467,-0.03731722,0.2420259,0.9695519,0.0,0.0,0.0,0.0,0.0,0.0,0.0,-1.166543,-0.0719732,3.05043,1.372047,-0.355289,-2.943192,-0.06944447,-0.03436541,-0.003840972,0.9969863,352.0254,356.0633,359.833,0.4195674,-0.1087598,-0.9011846,0,0,0,1.349353,0.2037116,-0.9451582,0.1137255,0.2771693,2.053139,0.9976085,-0.002885818,0.06905714,0.01243177,0.9903254,-0.1382064,-0.06799021,0.1387344,0.9879929,moving,1.6727083413839645,6.042525629760463,3.170432866062221,7.6883253978875645,-0.022693999999999992,0.5590006000000001,1.9980338,0.0290280789266004,0.10522222093851277,0.9940249759576197,1.615736818404274,6.054704108130823,2.2113147430462203,2.225272034738659,2.2551714610977416
05/10/2023 16:35:31.102889,2775,True,True,True,True,Eyes,1.364008,-0.3542385,-2.934684,-0.03576817,0.2427211,0.9694365,0.0,0.0,0.0,0.0,0.0,0.0,0.0,-1.166837,-0.07084537,3.050328,1.372031,-0.3553227,-2.943179,-0.06931127,-0.03431029,-0.00373044,0.9969979,352.0411,356.0688,359.8448,0.419514,-0.1087646,-0.9012089,0,0,0,1.352737,0.2052384,-0.9447943,0.117001,0.2792463,2.053406,0.9976178,-0.002682302,0.06893169,0.01219466,0.9903641,-0.1379504,-0.06789745,0.1384624,0.9880375,moving,1.757212913182564,6.099841878182294,3.2611294997429434,7.744247113768068,-0.019293999999999922,0.5605610999999999,1.9983847000000003,0.030490891304059506,0.10621192161038516,0.9938759254343182,1.700225091618601,6.1093751894733,2.213956504637297,2.228415059667595,2.2603603208668486
05/10/2023 16:35:31.127012,2776,True,True,True,True,Eyes,1.363826,-0.354243,-2.934697,-0.03427863,0.2433864,0.9693235,0.0,0.0,0.0,0.0,0.0,0.0,0.0,-1.166642,-0.07057619,3.05041,1.371989,-0.3552364,-2.943211,-0.0692724,-0.03433295,-0.003680188,0.9970002,352.0458,356.0658,359.8506,0.419461,-0.1087693,-0.901233,0,0,0,1.355817,0.2072491,-0.9445828,0.1202598,0.2813125,2.053671,0.9976154,-0.002581644,0.06896978,0.01209495,0.9903756,-0.1378765,-0.06795004,0.1383819,0.9880452,moving,1.8460262324112369,6.144562154217112,3.3513251314242276,7.799851194670401,-0.016171999999999853,0.5624855,1.9986281999999997,0.03202878473738232,0.10698247649549517,0.9937448960890436,1.7881979694024326,6.1518584793774815,2.2224746139737728,2.2373883397422305,2.271397480475146
05/10/2023 16:35:31.144064,2777,True,True,True,True,Eyes,1.36367,-0.3542477,-2.93471,-0.03277572,0.2440516,0.9692082,0.0,0.0,0.0,0.0,0.0,0.0,0.0,-1.166842,-0.0703761,3.050322,1.371984,-0.3552508,-2.943194,-0.06925296,-0.03429856,-0.003656173,0.9970028,352.0481,356.0696,359.8531,0.4194085,-0.1087739,-0.9012569,0,0,0,1.358809,0.2089912,-0.9443661,0.1231382,0.2831377,2.053905,0.9976205,-0.002539875,0.06889791,0.01204098,0.9903813,-0.13784,-0.06788511,0.1383416,0.9880553,moving,1.9286321910914699,6.187025854861899,3.4309591635344887,7.848945777357021,-0.013175000000000159,0.5642419999999999,1.9988279000000002,0.033458820086055115,0.1077138909077055,0.9936187353785609,1.8700683319994014,6.192211131108069,2.2250123997042306,2.240304479510765,2.276213934596645
05/10/2023 16:35:31.152883,2778,True,True,True,True,Eyes,1.36352,-0.3542507,-2.934722,-0.03132939,0.2447034,0.9690917,0.0,0.0,0.0,0.0,0.0,0.0,0.0,-1.166986,-0.07022411,3.05033,1.372063,-0.355294,-2.943214,-0.06925247,-0.03428566,-0.003613664,0.9970034,352.0483,356.0708,359.8578,0.4193571,-0.1087784,-0.9012802,0,0,0,1.362143,0.2110137,-0.9441859,0.126378,0.2851922,2.054169,0.9976228,-0.002456935,0.06886634,0.0119544,0.9903821,-0.1378421,-0.06786533,0.1383377,0.9880573,moving,2.010829624614737,6.2265337061138855,3.5205530705324906,7.904178574897493,-0.009919999999999929,0.5663077,1.9990281000000003,0.03488165432705065,0.1083937331869711,0.9934958864813794,1.9513881297135292,6.229714462005124,2.24112934850377,2.256935353285456,2.2948003566453883
05/10/2023 16:35:31.172918,2779,True,True,True,True,Eyes,1.363403,-0.3542509,-2.93473,-0.02964658,0.245525,0.9689368,0.0,0.0,0.0,0.0,0.0,0.0,0.0,-1.167213,-0.07138735,3.050213,1.372061,-0.3552593,-2.943216,-0.06943094,-0.0342483,-0.003636463,0.9969921,352.0278,356.0752,359.8556,0.419307,-0.1087827,-0.9013031,0,0,0,1.365526,0.2138009,-0.9441918,0.1295839,0.2872249,2.054429,0.9976276,-0.002495266,0.06879552,0.01200683,0.9903322,-0.1381951,-0.06778559,0.1386933,0.9880128,moving,2.102527251388472,6.255686476223895,3.6091720468033754,7.9588013795452595,-0.0065349999999999575,0.5690602,1.9990242,0.03646962235353646,0.10889304238698827,0.9933842356762224,2.0413150533581677,6.257153191655445,2.2576613613659315,2.273890699542561,2.3138241305777187
05/10/2023 16:35:31.192785,2780,True,True,True,True,Eyes,1.363292,-0.354255,-2.934738,-0.0280404,0.2463109,0.9687852,0.0,0.0,0.0,0.0,0.0,0.0,0.0,-1.167074,-0.07185522,3.05015,1.371989,-0.3552622,-2.94314,-0.06947379,-0.03426381,-0.003723598,0.9969883,352.0225,356.0741,359.8459,0.4192588,-0.1087867,-0.901325,0,0,0,1.368662,0.2159938,-0.9439647,0.1327798,0.2892513,2.05469,0.9976243,-0.002663894,0.06883861,0.01218564,0.9903191,-0.138274,-0.06780384,0.1387843,0.9879988,moving,2.1944308877845695,6.298393477752121,3.697471825823994,8.013219695652158,-0.003326999999999858,0.571256,1.9991753,0.038059897343278234,0.10962695931708637,0.9932439082295541,2.132159637254353,6.297670275711157,2.263630944717983,2.2802984495499214,2.322350546309618
05/10/2023 16:35:31.203609,2781,True,True,True,True,Eyes,1.363248,-0.3542469,-2.934741,-0.02630442,0.2472573,0.9685928,0.0,0.0,0.0,0.0,0.0,0.0,0.0,-1.166657,-0.07074916,3.050352,1.372011,-0.3553529,-2.943136,-0.06943496,-0.03432165,-0.003411976,0.9969901,352.0282,356.0649,359.8821,0.4192125,-0.1087905,-0.901346,0,0,0,1.371352,0.2178127,-0.9437335,0.1359554,0.291265,2.054948,0.9976207,-0.002037167,0.06891051,0.01156966,0.9903343,-0.1382177,-0.06796287,0.1386862,0.9880016,moving,2.3066627268115503,6.359993988533669,3.7851735731959057,8.067274142782173,-0.0006590000000001872,0.5731656,1.9994025,0.04000067893230339,0.11068636737173204,0.9930501401690005,2.243599377694456,6.356265886442656,2.2415560994717967,2.258495040500859,2.303041522313034
05/10/2023 16:35:31.228483,2782,True,True,True,True,Eyes,1.363208,-0.3542384,-2.934744,-0.02463826,0.2481866,0.9683989,0.0,0.0,0.0,0.0,0.0,0.0,0.0,-1.166994,-0.07304147,3.05011,1.372044,-0.35518,-2.943081,-0.06967059,-0.03428417,-0.003692883,0.9969739,352.0,356.0714,359.8504,0.4191697,-0.1087938,-0.9013655,0,0,0,1.375195,0.2210574,-0.9437289,0.1393588,0.2934231,2.055225,0.9976219,-0.00258622,0.0688754,0.01214061,0.9902647,-0.1386663,-0.06784625,0.1391727,0.9879413,moving,2.3919987805798413,6.389267447303884,3.8791214685694175,8.125171716046413,0.003150999999999904,0.5762374,1.9993520999999999,0.04147734464649468,0.11118701770518408,0.992933602398217,2.3274012755715674,6.383869218656113,2.268284497409084,2.2858034734797035,2.3323743148935128
05/10/2023 16:35:31.244155,2783,True,True,True,True,Eyes,1.363205,-0.3542269,-2.934742,-0.02285307,0.2492534,0.9681686,0.0,0.0,0.0,0.0,0.0,0.0,0.0,-1.166902,-0.07490197,3.050099,1.372079,-0.35517,-2.943064,-0.06995197,-0.03430637,-0.003752741,0.9969532,351.9675,356.0692,359.8448,0.4191301,-0.1087966,-0.9013836,0,0,0,1.378337,0.2241809,-0.9438439,0.1424925,0.2954099,2.05548,0.997618,-0.002683018,0.06892873,0.01228221,0.9901853,-0.1392202,-0.06787868,0.1397352,0.9878596,moving,2.4954409740339174,6.42153708128875,3.9655837837980306,8.178445146062112,0.006257999999999875,0.5793509,1.9992201,0.04326723351852422,0.1117377357806976,0.992795337998825,2.4288132411931604,6.414226870537007,2.2730190800372423,2.290861372751918,2.3396858388071764
05/10/2023 16:35:31.261123,2784,True,True,True,True,Eyes,1.363201,-0.3542165,-2.934739,-0.02113439,0.2502564,0.9679489,0.0,0.0,0.0,0.0,0.0,0.0,0.0,-1.167137,-0.0765605,3.049887,1.372075,-0.3551726,-2.942982,-0.07010905,-0.03428018,-0.004040045,0.996942,351.9483,356.0745,359.812,0.4190945,-0.1087987,-0.9013999,0,0,0,1.381919,0.2268118,-0.9437373,0.1457124,0.2974516,2.055741,0.9976171,-0.003248678,0.0689172,0.01286208,0.9901368,-0.1395123,-0.06778422,0.1400663,0.9878192,moving,2.5847700111193093,6.464555511194506,4.054385269015293,8.23316618643173,0.009843999999999964,0.5819844000000001,1.9992447000000002,0.044811281084835244,0.11247544720856317,0.9926435533743274,2.5171928901722636,6.455063966511813,2.281170774434837,2.2995114104530434,2.3504484495638756
05/10/2023 16:35:31.272785,2785,True,True,True,True,Eyes,1.363282,-0.3541989,-2.934735,-0.01932389,0.2513177,0.9677117,0.0,0.0,0.0,0.0,0.0,0.0,0.0,-1.167299,-0.0754959,3.049814,1.372028,-0.3551869,-2.942963,-0.06985883,-0.03425591,-0.004223526,0.9969597,351.9763,356.0789,359.7897,0.4190624,-0.1088003,-0.9014147,0,0,0,1.385354,0.2278201,-0.9432222,0.1489437,0.2995008,2.056004,0.9976174,-0.003635214,0.06889362,0.01320753,0.9902038,-0.1390035,-0.06771342,0.1395822,0.9878926,moving,2.681456421297766,6.55798330921169,4.143456724596589,8.288054933251637,0.013325999999999949,0.583007,1.9997408,0.04647771064742785,0.11408522402404533,0.9923831505256774,2.6153381512524634,6.544490727611184,2.246285605020406,2.265081170985727,2.3184396721480396
05/10/2023 16:35:31.293969,2786,True,True,True,True,Eyes,1.363362,-0.3541835,-2.93473,-0.01759828,0.252323,0.967483,0.0,0.0,0.0,0.0,0.0,0.0,0.0,-1.166955,-0.07329938,3.049996,1.371976,-0.3551473,-2.94299,-0.06954864,-0.03429858,-0.004076087,0.9969805,352.0125,356.0729,359.8058,0.4190356,-0.1088011,-0.9014271,0,0,0,1.388204,0.2286891,-0.9426935,0.152163,0.301542,2.056266,0.997614,-0.00335672,0.06895701,0.0128984,0.9902927,-0.1383977,-0.06782305,0.1389569,0.9879732,moving,2.7878737062471495,6.65464966480797,4.2321548493814305,8.342700111055272,0.01622799999999991,0.5838364,2.0002965,0.048311451781430224,0.11574927453472743,0.9921028475659233,2.723034068558471,6.636969083459453,2.2024450851786024,2.221590045325416,2.2774906958349552
05/10/2023 16:35:31.303225,2787,True,True,True,True,Eyes,1.363501,-0.3541645,-2.934724,-0.0157869,0.2533782,0.9672385,0.0,0.0,0.0,0.0,0.0,0.0,0.0,-1.166146,-0.07204345,3.050355,1.372038,-0.3551793,-2.942977,-0.06938305,-0.03443787,-0.003979256,0.9969876,352.0319,356.0561,359.8174,0.4190136,-0.1088013,-0.9014373,0,0,0,1.390796,0.2300442,-0.94229,0.155355,0.303566,2.056526,0.9975964,-0.003155731,0.06922042,0.01271335,0.9903403,-0.138074,-0.06811605,0.1386221,0.988,moving,2.909227287873602,6.737952921556091,4.320057976400839,8.396855159192267,0.01875799999999983,0.5852235,2.000687,0.050404125968498706,0.11717945842348272,0.9918308590369784,2.8444169651525444,6.716438948862341,2.158384336061003,2.177705183381017,2.236362008713589
05/10/2023 16:35:31.327430,2788,True,True,True,True,Eyes,1.363633,-0.3541476,-2.934717,-0.0140436,0.2543874,0.9670004,0.0,0.0,0.0,0.0,0.0,0.0,0.0,-1.166124,-0.07088462,3.050402,1.372067,-0.355191,-2.942974,-0.06920406,-0.03444614,-0.003952154,0.9969999,352.0525,356.055,359.8199,0.4189974,-0.1088007,-0.9014449,0,0,0,1.393898,0.2313164,-0.9418824,0.1584931,0.3055559,2.056781,0.9975957,-0.003112969,0.0692326,0.01264822,0.9903904,-0.1377206,-0.06813857,0.1382652,0.9880485,moving,3.010376142894187,6.820019395069854,4.406436563212039,8.450072252138094,0.021831000000000156,0.5865074,2.0010916,0.05214621281456175,0.11858933903701432,0.9915731373609021,2.946260470626606,6.794868198001887,2.1265085376344532,2.146172643105486,2.2072187662728404
05/10/2023 16:35:31.342970,2789,True,True,True,True,Eyes,1.363803,-0.3541264,-2.93471,-0.01222346,0.255437,0.9667484,0.0,0.0,0.0,0.0,0.0,0.0,0.0,-1.166556,-0.07023358,3.05024,1.372025,-0.3552215,-2.942977,-0.06916019,-0.03436239,-0.00381682,0.9970063,352.0581,356.0636,359.8347,0.4189863,-0.1087994,-0.9014502,0,0,0,1.39725,0.2331536,-0.941646,0.1616696,0.30757,2.05704,0.9976093,-0.002857769,0.06904697,0.01236381,0.9904045,-0.137644,-0.06799109,0.1381686,0.9880722,moving,3.1079349016529227,6.888734660674894,4.49382798616479,8.503904497092341,0.025225000000000053,0.5883751,2.001331,0.05382684024897167,0.11976775862653097,0.9913416656775402,3.0439354273421255,6.860440618616039,2.108197310765671,2.1282559155727916,2.191611724732669
05/10/2023 16:35:31.352897,2790,True,True,True,True,Eyes,1.36397,-0.3541055,-2.934703,-0.01047308,0.256453,0.9665,0.0,0.0,0.0,0.0,0.0,0.0,0.0,-1.16664,-0.07024932,3.050208,1.372041,-0.3551844,-2.942975,-0.06918135,-0.03434863,-0.003759173,0.9970056,352.0559,356.0647,359.8413,0.4189807,-0.1087975,-0.9014531,0,0,0,1.400499,0.2353398,-0.9414712,0.1648967,0.3096162,2.057302,0.9976121,-0.002743264,0.06901166,0.0122484,0.9903997,-0.1376901,-0.06797141,0.1382066,0.9880682,moving,3.207825554729649,6.948200065159513,4.582570029265218,8.558569964830392,0.028457999999999872,0.5905241999999999,2.0015038,0.05554818927734329,0.12078517801540653,0.9911233102159802,3.143367176553376,6.9170692235193965,2.096906739890431,2.117360050636659,2.183077995624172
05/10/2023 16:35:31.372809,2791,True,True,True,True,Eyes,1.364168,-0.3540821,-2.934696,-0.00865283,0.2574942,0.9662411,0.0,0.0,0.0,0.0,0.0,0.0,0.0,-1.166893,-0.07109982,3.050118,1.37212,-0.3551761,-2.942966,-0.06930537,-0.03432125,-0.003798018,0.9969977,352.0415,356.0681,359.8371,0.4189801,-0.1087949,-0.9014537,0,0,0,1.403848,0.2378216,-0.9414158,0.1680152,0.3115936,2.057556,0.9976153,-0.002815935,0.06896286,0.01233052,0.9903647,-0.1379339,-0.06790996,0.1384553,0.9880376,moving,3.308142082746097,6.997676343214339,4.668281446826352,8.611365930440769,0.03172799999999998,0.5929977,2.0015502,0.05727746646003814,0.12162908298394139,0.9909216194221736,3.24267943259591,6.964055039958805,2.0896460448558565,2.1104438333307165,2.1785257108600704
05/10/2023 16:35:31.392929,2792,True,True,True,True,Eyes,1.364358,-0.3540579,-2.93469,-0.006912577,0.2585083,0.9659843,0.0,0.0,0.0,0.0,0.0,0.0,0.0,-1.166845,-0.07141376,3.050174,1.37211,-0.3551714,-2.943018,-0.06934909,-0.03432711,-0.003812814,0.9969944,352.0364,356.0675,359.8356,0.4189846,-0.1087916,-0.9014519,0,0,0,1.407031,0.2400364,-0.9413213,0.1712169,0.3136238,2.057816,0.9976142,-0.002841601,0.0689767,0.01236382,0.9903523,-0.1380195,-0.06791905,0.1385431,0.9880247,moving,3.408143112760871,7.0547696252357825,4.756237599360394,8.665546002635688,0.03492099999999998,0.5952078000000001,2.0016967,0.05899974869811064,0.1226041228293264,0.9907003843014158,3.34209171549833,7.018393697485617,2.0792858802216374,2.10046644409988,2.170925907811045
05/10/2023 16:35:31.410879,2793,True,True,True,True,Eyes,1.364568,-0.3540332,-2.934683,-0.005129266,0.2595726,0.96571,0.0,0.0,0.0,0.0,0.0,0.0,0.0,-1.166296,-0.07254702,3.050345,1.372102,-0.3551329,-2.943014,-0.06954815,-0.0344127,-0.003766299,0.9969778,352.0138,356.0572,359.8424,0.4189935,-0.1087876,-0.9014482,0,0,0,1.409829,0.2429142,-0.941354,0.1744054,0.3156456,2.058076,0.9976032,-0.002723154,0.06914128,0.01229651,0.9902977,-0.1384167,-0.06809353,0.1389351,0.9879576,moving,3.5210576587156974,7.097049563579842,4.843784213228412,8.719468301987197,0.037727000000000066,0.5980470999999999,2.0016599999999998,0.0609465853027564,0.12332070302249461,0.9904935971960799,3.4531644346052968,7.05833967590396,2.0718641967318887,2.0932864354283653,2.1663729321358742
05/10/2023 16:35:31.428037,2794,True,True,True,True,Eyes,1.36477,-0.3540092,-2.934678,-0.003418326,0.2605992,0.965441,0.0,0.0,0.0,0.0,0.0,0.0,0.0,-1.165613,-0.07357806,3.050578,1.372116,-0.3551608,-2.943001,-0.06969215,-0.03452948,-0.003834764,0.9969633,351.9969,356.0442,359.8361,0.419007,-0.108783,-0.9014425,0,0,0,1.412637,0.2454902,-0.941305,0.177607,0.3176759,2.058336,0.997586,-0.002833371,0.06938375,0.0124591,0.9902565,-0.1386962,-0.06831474,0.1392259,0.9879014,moving,3.6308073184832574,7.14381103612597,4.931648009368747,8.77359252422314,0.04052100000000003,0.600651,2.0016960000000004,0.06283748579389986,0.12411445694076065,0.9902762263286358,3.561424526840333,7.102634309589056,2.0635753916917503,2.0852755698007073,2.160928908392273
05/10/2023 16:35:31.443272,2795,True,True,True,True,Eyes,1.364958,-0.3539866,-2.934672,-0.001620781,0.2616693,0.9651563,0.0,0.0,0.0,0.0,0.0,0.0,0.0,-1.165383,-0.07441908,3.050674,1.372119,-0.3551568,-2.943029,-0.06977707,-0.03457253,-0.003958597,0.9969555,351.9867,356.0402,359.8224,0.4190244,-0.1087779,-0.9014351,0,0,0,1.415857,0.2478913,-0.9412243,0.1808806,0.3197514,2.058602,0.9975781,-0.003068351,0.06948699,0.01271783,0.9902309,-0.1388556,-0.06838211,0.139403,0.9878718,moving,3.7359086133930197,7.20023461891893,5.02144040296019,8.828890371146283,0.04373799999999983,0.6030481,2.0018047,0.06464605138489973,0.12507513099762696,0.9900390055798294,3.665717030967123,7.156288110290472,2.0528197182731716,2.0748762713113797,2.153040683402945
05/10/2023 16:35:31.460667,2796,True,True,True,True,Eyes,1.365139,-0.3539675,-2.934667,9.894371e-05,0.262688,0.9648808,0.0,0.0,0.0,0.0,0.0,0.0,0.0,-1.16527,-0.07460794,3.050676,1.372124,-0.3551764,-2.942986,-0.06976665,-0.03459738,-0.004066338,0.996955,351.9875,356.0382,359.8102,0.4190449,-0.1087723,-0.9014263,0,0,0,1.419155,0.2499023,-0.9409578,0.1841761,0.3218411,2.05887,0.997573,-0.003280425,0.06955145,0.0129354,0.9902321,-0.138827,-0.06841666,0.1393898,0.9878712,moving,3.8348217593401834,7.264525991923389,5.111784555426178,8.884534611914772,0.047031000000000045,0.6050787,2.0020282,0.06634582401641165,0.12617185179169071,0.989787274515861,3.7644626725448678,7.217581199961801,2.0402927215620883,2.062780141322421,2.1433641626453706
05/10/2023 16:35:31.477718,2797,True,True,True,True,Eyes,1.365321,-0.3539507,-2.934663,0.001897192,0.2637033,0.964602,0.0,0.0,0.0,0.0,0.0,0.0,0.0,-1.164863,-0.07391423,3.050898,1.372162,-0.3552418,-2.943012,-0.06966654,-0.03466989,-0.004050483,0.9969596,351.999,356.0298,359.8122,0.4190679,-0.1087665,-0.9014162,0,0,0,1.421952,0.2513961,-0.9406662,0.1872492,0.3237897,2.05912,0.9975632,-0.003245672,0.06969332,0.012907,0.9902604,-0.1386286,-0.06856459,0.1391903,0.9878892,moving,3.9464519569009555,7.338783023246423,5.195987398391717,8.936392991818419,0.04979,0.6066379,2.0023458,0.06826297692368721,0.12743802563067413,0.9894947012375797,3.8759940137730435,7.288394980211545,2.0055960790405107,2.0282249459125894,2.111463942788811
05/10/2023 16:35:31.492661,2798,True,True,True,True,Eyes,1.365495,-0.3539311,-2.934658,0.003621101,0.2646582,0.9643356,0.0,0.0,0.0,0.0,0.0,0.0,0.0,-1.165098,-0.07269669,3.050862,1.372163,-0.355304,-2.94303,-0.06944448,-0.03463588,-0.004123979,0.996976,352.0242,356.0343,359.8026,0.4190934,-0.1087605,-0.901405,0,0,0,1.425396,0.2524893,-0.9402109,0.1904956,0.3258482,2.059384,0.9975667,-0.003412474,0.06963504,0.01303355,0.9903209,-0.1381833,-0.06848949,0.1387546,0.9879556,moving,4.039735910918183,7.423619719361642,5.284892263797634,8.99114688499846,0.053233000000000086,0.6077933,2.0028191,0.06986069315741292,0.12888873082085767,0.989195331188945,3.970404119606833,7.369557023304306,1.9788252817430874,2.001888048349721,2.0874464689585315
05/10/2023 16:35:31.503021,2799,True,True,True,True,Eyes,1.36566,-0.3539095,-2.934654,0.005384445,0.2656412,0.964057,0.0,0.0,0.0,0.0,0.0,0.0,0.0,-1.165079,-0.0709464,3.050881,1.372176,-0.3552136,-2.943004,-0.06919097,-0.03463735,-0.004002839,0.996994,352.0538,356.0333,359.8156,0.4191208,-0.1087543,-0.9013931,0,0,0,1.428439,0.2536035,-0.9396841,0.193657,0.3278526,2.059642,0.9975684,-0.00318843,0.06962038,0.0127748,0.9903932,-0.1376887,-0.06851254,0.1382432,0.9880257,moving,4.143777899677839,7.513182443815511,5.3714205693381105,9.0444283365576,0.05626299999999995,0.6088171,2.0033199,0.07164237695140213,0.13041831815012245,0.9888673170603046,4.075433797787368,7.455198306799658,1.9393086007312417,1.962605540706057,2.050666671967666
05/10/2023 16:35:31.528088,2800,True,True,True,True,Eyes,1.365819,-0.3538864,-2.934651,0.007081723,0.2665883,0.9637845,0.0,0.0,0.0,0.0,0.0,0.0,0.0,-1.164615,-0.07151738,3.051051,1.372196,-0.3551489,-2.94301,-0.06933619,-0.03470879,-0.003852548,0.996982,352.0377,356.0238,359.834,0.4191498,-0.1087479,-0.9013804,0,0,0,1.431156,0.2562776,-0.9396714,0.1967796,0.3298327,2.059896,0.9975609,-0.002868691,0.06974231,0.01249499,0.9903553,-0.1379864,-0.06867383,0.1385213,0.9879755,moving,4.25275490454364,7.554674444920524,5.456843720836755,9.097039044008039,0.05896000000000012,0.6114265,2.0033386,0.07351624676813007,0.13111645904919034,0.9886373807242567,4.182669622166278,7.494413716057751,1.933187768289336,1.9567111268760506,2.047419736036187
05/10/2023 16:35:31.542974,2801,True,True,True,True,Eyes,1.36595,-0.3538708,-2.934651,0.008807695,0.267581,0.9634951,0.0,0.0,0.0,0.0,0.0,0.0,0.0,-1.164191,-0.07267088,3.051246,1.372217,-0.355142,-2.943063,-0.06942847,-0.03479107,-0.004077289,0.9969718,352.0262,356.0161,359.8091,0.4191799,-0.1087411,-0.9013672,0,0,0,1.434214,0.2586073,-0.9396191,0.1999362,0.3318343,2.060152,0.9975459,-0.003298902,0.06993759,0.01296087,0.9903261,-0.1381527,-0.06880527,0.1387202,0.9879385,moving,4.355949895114747,7.6067306712323255,5.543152911788474,9.150195411772522,0.06199700000000008,0.6137493,2.0034438999999997,0.07528787458986205,0.13199713289429793,0.9883868006118095,4.284893081951522,7.543867416784313,1.923416655205257,1.9472376352387026,2.0404674530274067
05/10/2023 16:35:31.553069,2802,True,True,True,True,Eyes,1.366076,-0.3538564,-2.934653,0.010448,0.2685386,0.9632123,0.0,0.0,0.0,0.0,0.0,0.0,0.0,-1.165249,-0.07300347,3.050986,1.372244,-0.3554145,-2.943174,-0.06945874,-0.03462845,-0.004246366,0.9969746,352.0221,356.0362,359.7885,0.4192103,-0.1087344,-0.9013538,0,0,0,1.438571,0.2606323,-0.9395603,0.2034391,0.3340554,2.060437,0.9975656,-0.003656539,0.06963727,0.01327753,0.9903148,-0.1382031,-0.06845748,0.1387912,0.9879527,moving,4.427727246916747,7.663132360408722,5.638873664939793,9.209142910198596,0.06632700000000002,0.6160468,2.0036137,0.07651611158272553,0.13295757123822072,0.988163773968639,4.357066050202565,7.597752248477104,1.9391983271494788,1.963930820052388,2.0590314776325225
05/10/2023 16:35:31.573506,2803,True,True,True,True,Eyes,1.366215,-0.3538474,-2.934654,0.01210008,0.26954,0.9629132,0.0,0.0,0.0,0.0,0.0,0.0,0.0,-1.164188,-0.07271701,3.051429,1.372222,-0.3554278,-2.943215,-0.06951089,-0.03478685,-0.00400292,0.9969665,352.017,356.0159,359.818,0.4192409,-0.1087278,-0.9013404,0,0,0,1.440604,0.2627633,-0.9394754,0.2063695,0.3359135,2.060676,0.9975477,-0.003145423,0.06991915,0.01281768,0.9903044,-0.1383215,-0.06880616,0.1388785,0.9879162,moving,4.546164374062784,7.7184374461369885,5.71890404322561,9.258426299142286,0.06838199999999994,0.6181911,2.0037396,0.07854864574668817,0.13389010991579298,0.9878783341021021,4.474152592248211,7.650225782199584,1.9110035135772605,1.9356869579063412,2.0336457600587954
05/10/2023 16:35:31.593100,2804,True,True,True,True,Eyes,1.366351,-0.3538381,-2.934652,0.01368971,0.2704902,0.9626254,0.0,0.0,0.0,0.0,0.0,0.0,0.0,-1.164072,-0.07302257,3.051377,1.372252,-0.355407,-2.943112,-0.06961696,-0.03480514,-0.003867264,0.996959,352.0054,356.0127,359.8342,0.419272,-0.1087213,-0.9013268,0,0,0,1.443648,0.2652927,-0.9393075,0.2095836,0.3379515,2.060937,0.9975473,-0.00286495,0.06993704,0.01255706,0.9902771,-0.1385413,-0.06886014,0.1390797,0.9878842,moving,4.642696019770422,7.76463476144431,5.8066384803499185,9.312457304268033,0.07139600000000002,0.6206997,2.0038045,0.08020436400450495,0.13466877313866657,0.9876394072317303,4.569642931196597,7.694076020020397,1.9115062924523727,1.9366250735785564,2.036986983225017
05/10/2023 16:35:31.612671,2805,True,True,True,True,Eyes,1.366454,-0.3538298,-2.934651,0.01527909,0.2714384,0.9623345,0.0,0.0,0.0,0.0,0.0,0.0,0.0,-1.164457,-0.07207891,3.0512,1.372281,-0.3553908,-2.943046,-0.06948096,-0.03474599,-0.003819402,0.9969708,352.0212,356.0192,359.8387,0.4193034,-0.108715,-0.9013129,0,0,0,1.447106,0.2668371,-0.9388807,0.2128238,0.340006,2.061201,0.9975562,-0.002787295,0.06981222,0.01244403,0.9903156,-0.1382755,-0.06875072,0.1388063,0.9879302,moving,4.728428867743111,7.838895103732812,5.8950327321156495,9.366891042478924,0.07482499999999992,0.6222279,2.0041653,0.08166787013804237,0.13593251341052992,0.9873462696850839,4.656213993503561,7.765088957649323,1.8967782851189756,1.9224297555940904,2.0249547614949086
05/10/2023 16:35:31.627900,2806,True,True,True,True,Eyes,1.366552,-0.3538207,-2.93465,0.0168111,0.2723501,0.9620513,0.0,0.0,0.0,0.0,0.0,0.0,0.0,-1.164951,-0.07162154,3.050996,1.372298,-0.3553684,-2.943013,-0.06940199,-0.03466899,-0.003824547,0.9969789,352.0303,356.0281,359.8372,0.4193343,-0.108709,-0.9012993,0,0,0,1.4507,0.2686141,-0.9385564,0.2160845,0.342074,2.061466,0.9975669,-0.002813791,0.06965935,0.01243818,0.9903375,-0.1381194,-0.06859763,0.1386498,0.9879629,moving,4.807630913978526,7.904618139104045,5.98393689982292,9.421654461761268,0.07840200000000008,0.6239825,2.0044566,0.08301973442494648,0.13704962758962264,0.9870790328836224,4.736037583970612,7.8279127615817785,1.8933447909088876,1.9196601200719623,2.024170276779023
05/10/2023 16:35:31.643072,2807,True,True,True,True,Eyes,1.366648,-0.3538107,-2.934649,0.01834491,0.2732923,0.9617561,0.0,0.0,0.0,0.0,0.0,0.0,0.0,-1.165307,-0.07215768,3.05085,1.372297,-0.3553414,-2.94302,-0.06944233,-0.03461505,-0.003932321,0.9969776,352.0252,356.0352,359.8245,0.4193646,-0.1087031,-0.9012859,0,0,0,1.454154,0.2707598,-0.9384202,0.2192135,0.3440579,2.061721,0.9975726,-0.00303337,0.06956701,0.01264837,0.9903247,-0.1381927,-0.06847472,0.1387371,0.9879591,moving,4.8871019022256625,7.959108075316659,6.069199508653431,9.474157750695742,0.08185699999999985,0.6261011999999999,2.0045998000000003,0.0843778525707154,0.13797251903151242,0.9868353331924542,4.815524428262247,7.8798945235239515,1.894715914287528,1.9216478007138882,2.028146060989211
05/10/2023 16:35:31.653822,2808,True,True,True,True,Eyes,1.366738,-0.3538016,-2.93465,0.01981807,0.2742065,0.9614666,0.0,0.0,0.0,0.0,0.0,0.0,0.0,-1.165382,-0.07274663,3.050819,1.372295,-0.3553262,-2.943034,-0.06948496,-0.03460766,-0.004056821,0.9969743,352.0198,356.037,359.8102,0.4193944,-0.1086974,-0.9012727,0,0,0,1.457512,0.2729472,-0.9382837,0.2224199,0.3460908,2.061981,0.9975716,-0.003279667,0.06956968,0.01289852,0.9903108,-0.1382686,-0.06844212,0.1388302,0.9879482,moving,4.96795531861312,8.01186040024598,6.156525225182258,9.527933580184108,0.08521699999999988,0.6282734,2.0047503,0.08575955056259664,0.13886459739335077,0.9865910533419705,4.896251501356863,7.930189019654543,1.8988530070713712,1.926441359016535,2.034963768637304
05/10/2023 16:35:31.672647,2809,True,True,True,True,Eyes,1.36681,-0.3537952,-2.934652,0.02130388,0.2751167,0.9611748,0.0,0.0,0.0,0.0,0.0,0.0,0.0,-1.165241,-0.07387817,3.050862,1.372236,-0.3553407,-2.943077,-0.06963117,-0.03462436,-0.004157845,0.9969632,352.0027,356.0359,359.7993,0.4194234,-0.1086919,-0.9012599,0,0,0,1.460545,0.2754303,-0.9383124,0.2254738,0.3480275,2.06223,0.9975677,-0.003468566,0.06961747,0.0131123,0.9902685,-0.1385515,-0.06845939,0.1391273,0.9879053,moving,5.052820442330002,8.052491961526123,6.239646385630065,9.57913035075608,0.08830899999999997,0.630771,2.0047646,0.08721233056620781,0.13954654601661495,0.986367487789935,4.980202096645307,7.968756551249881,1.9055619229409206,1.9336960958642708,2.044383450136581
05/10/2023 16:35:31.691659,2810,True,True,True,True,Eyes,1.36688,-0.3537872,-2.934654,0.02272913,0.27599,0.9608917,0.0,0.0,0.0,0.0,0.0,0.0,0.0,-1.16482,-0.07376266,3.051001,1.372211,-0.3553916,-2.943057,-0.06960717,-0.03469105,-0.004186495,0.9969624,352.0053,356.0284,359.7964,0.4194514,-0.1086866,-0.9012475,0,0,0,1.463484,0.2773162,-0.938049,0.228682,0.3500616,2.062491,0.997558,-0.003518065,0.06975416,0.01317705,0.9902746,-0.138501,-0.06858852,0.1390819,0.9879028,moving,5.141635941275561,8.11019580895808,6.326919052428078,9.632874365791354,0.09127299999999994,0.6327077999999999,2.005008,0.0887288613416036,0.1405209662872134,0.9860938088124154,5.068865903098578,8.023769047631115,1.9009569460585443,1.9296232899255887,2.0425272706794977
05/10/2023 16:35:31.709891,2811,True,True,True,True,Eyes,1.366958,-0.3537762,-2.934657,0.02416871,0.2769724,0.9605739,0.0,0.0,0.0,0.0,0.0,0.0,0.0,-1.164692,-0.07402343,3.051065,1.372242,-0.3553467,-2.943071,-0.06961674,-0.03471956,-0.004246376,0.9969605,352.0039,356.0256,359.7898,0.4194782,-0.1086815,-0.9012356,0,0,0,1.466642,0.279404,-0.9378685,0.2318642,0.3520793,2.06275,0.9975531,-0.003632813,0.0698193,0.01330106,0.9902709,-0.1385154,-0.06863683,0.1391051,0.9878961,moving,5.226146744171551,8.170764811440906,6.413433169416828,9.686154256516003,0.09440000000000004,0.6347507,2.0052025,0.09016996231618946,0.1415449284073647,0.9858166489789492,5.153532752951841,8.081579008676036,1.8958719745410482,1.925111483996893,2.040100680209029
05/10/2023 16:35:31.723281,2812,True,True,True,True,Eyes,1.367032,-0.3537661,-2.934659,0.02555218,0.2779149,0.9602658,0.0,0.0,0.0,0.0,0.0,0.0,0.0,-1.164745,-0.07417238,3.051032,1.372216,-0.3553081,-2.943078,-0.06961679,-0.03470854,-0.004290357,0.9969608,352.0038,356.0272,359.7846,0.4195044,-0.1086764,-0.901224,0,0,0,1.469874,0.2814417,-0.9376773,0.2350326,0.3540885,2.063007,0.9975538,-0.003722041,0.06980345,0.01338723,0.9902702,-0.1385125,-0.06860873,0.1391082,0.9878976,moving,5.303358995021149,8.229837012656695,6.4995241090279325,9.739183814367316,0.0976579999999998,0.6367498,2.0054007,0.09148512046138378,0.1425440613504122,0.985551457561856,5.231085681337711,8.137999774978004,1.8959341349872048,1.925860521377636,2.042725231849921
05/10/2023 16:35:31.733254,2813,True,True,True,True,Eyes,1.367128,-0.3537558,-2.934661,0.02699842,0.2789097,0.9599378,0.0,0.0,0.0,0.0,0.0,0.0,0.0,-1.164903,-0.07399881,3.050956,1.372194,-0.3553234,-2.943066,-0.06961364,-0.03467677,-0.004238038,0.9969621,352.0043,356.0305,359.7904,0.4195298,-0.1086715,-0.9012128,0,0,0,1.473318,0.2835824,-0.9374596,0.2384191,0.3562359,2.063283,0.9975591,-0.003622374,0.0697329,0.01327828,0.9902719,-0.1385104,-0.06855281,0.1390983,0.9879029,moving,5.384206041468663,8.291923656759346,6.591480774058842,9.79582155798582,0.10112399999999999,0.6389058000000001,2.0056064,0.09286145758780837,0.14359357082990337,0.985270395077621,5.312301836048017,8.197301992361956,1.8978310872642996,1.9285282412409932,2.0473308372446324
05/10/2023 16:35:31.752636,2814,True,True,True,True,Eyes,1.367221,-0.3537442,-2.934664,0.0283931,0.2798614,0.9596205,0.0,0.0,0.0,0.0,0.0,0.0,0.0,-1.16516,-0.07303649,3.050888,1.372172,-0.3553769,-2.943076,-0.06952262,-0.03462514,-0.004098626,0.996971,352.0154,356.0353,359.8057,0.4195551,-0.1086666,-0.9012016,0,0,0,1.476402,0.285141,-0.9371822,0.2414573,0.3581624,2.06353,0.9975686,-0.003357961,0.06961042,0.01298688,0.9902996,-0.1383402,-0.06847062,0.1389079,0.9879354,moving,5.462054005470307,8.360885235845192,6.673931778576509,9.846606572225689,0.10423000000000004,0.6405179,2.0058938,0.09418386513053312,0.14476127911097258,0.9849739321307184,5.390992148311572,8.263261256263952,1.8860422064083842,1.9172938288966288,2.0378705759891385
05/10/2023 16:35:31.772923,2815,True,True,True,True,Eyes,1.367304,-0.3537318,-2.934669,0.02983569,0.2808714,0.9592816,0.0,0.0,0.0,0.0,0.0,0.0,0.0,-1.165899,-0.07227486,3.05063,1.372185,-0.35533,-2.943082,-0.06947085,-0.03449782,-0.003910458,0.9969798,352.0221,356.0486,359.8262,0.4195802,-0.1086616,-0.9011905,0,0,0,1.479896,0.2870435,-0.9369634,0.2446062,0.3601591,2.063786,0.9975892,-0.003004109,0.06933057,0.01259048,0.990317,-0.1382522,-0.06824393,0.1387918,0.9879674,moving,5.535344448439768,8.428405446166414,6.759336856646667,9.899212841856402,0.10771100000000011,0.6423734999999999,2.0061185999999998,0.09542752829483273,0.14590456249996442,0.9846855057933619,5.465213348050215,8.327864077047026,1.881524510782404,1.9134868200655284,2.03565532351868
05/10/2023 16:35:31.792908,2816,True,True,True,True,Eyes,1.367382,-0.3537215,-2.934677,0.03122343,0.2818419,0.9589527,0.0,0.0,0.0,0.0,0.0,0.0,0.0,-1.166144,-0.07209003,3.050581,1.372186,-0.3553174,-2.943126,-0.06948528,-0.03445195,-0.003798744,0.9969808,352.0208,356.0529,359.8388,0.4196049,-0.1086567,-0.9011797,0,0,0,1.483173,0.2891883,-0.9368436,0.2478066,0.3621882,2.064047,0.9975973,-0.002786743,0.06922377,0.01236236,0.9903147,-0.1382892,-0.06816794,0.1388127,0.9879698,moving,5.612852720149743,8.486573558964805,6.846083447558459,9.95263811617236,0.11098700000000017,0.6445057000000001,2.0062824,0.09674529837476697,0.14688538701351528,0.984411027131519,5.543003622747777,8.383410152738271,1.8830904650687847,1.91577746957344,2.039728764089023
05/10/2023 16:35:31.808775,2817,True,True,True,True,Eyes,1.367453,-0.35371,-2.934685,0.0326696,0.2828438,0.9586095,0.0,0.0,0.0,0.0,0.0,0.0,0.0,-1.166371,-0.07208171,3.050555,1.372148,-0.355358,-2.943201,-0.0695049,-0.03440624,-0.003763555,0.9969811,352.0187,356.058,359.8425,0.4196289,-0.1086518,-0.9011691,0,0,0,1.486531,0.2913016,-0.9367552,0.2510498,0.3642448,2.06431,0.9976041,-0.002721579,0.06912791,0.01228719,0.9903098,-0.1383311,-0.06808157,0.1388491,0.9879705,moving,5.691891119583628,8.546702694331982,6.933940560182156,10.00676314108601,0.11438300000000012,0.6466596,2.0064458000000003,0.098088205263562,0.14789886625429444,0.9841263744061113,5.622372709049577,8.440837048472586,1.88347598245973,1.9168889694154663,2.0426293730513323
05/10/2023 16:35:31.827806,2818,True,True,True,True,Eyes,1.367519,-0.3536956,-2.934693,0.03405469,0.2838089,0.958276,0.0,0.0,0.0,0.0,0.0,0.0,0.0,-1.166623,-0.07231233,3.050435,1.37213,-0.3553325,-2.943193,-0.06953579,-0.03436226,-0.003774246,0.9969804,352.0152,356.0631,359.8411,0.4196523,-0.108647,-0.9011588,0,0,0,1.489924,0.2934942,-0.9365981,0.2542692,0.366286,2.064572,0.99761,-0.002746884,0.06904189,0.01230451,0.990301,-0.1383922,-0.0679921,0.138911,0.987968,moving,5.766483118903901,8.603602665611064,7.0210952878231945,10.060446782354227,0.11779399999999995,0.6488267,2.0065949,0.09935488420481674,0.1488573233381371,0.9838547708272084,5.6972849343585725,8.495181427217783,1.8883972242016718,1.922614489410069,2.0500071911899584
05/10/2023 16:35:31.842941,2819,True,True,True,True,Eyes,1.367561,-0.3536833,-2.934702,0.03548468,0.2847855,0.9579343,0.0,0.0,0.0,0.0,0.0,0.0,0.0,-1.166298,-0.07286391,3.050537,1.372117,-0.3552494,-2.943201,-0.06959374,-0.03441506,-0.003817891,0.9969744,352.0083,356.0573,359.8367,0.419675,-0.108642,-0.9011488,0,0,0,1.492994,0.2958659,-0.9364654,0.2575217,0.3683486,2.064837,0.997602,-0.002822533,0.06915326,0.01240282,0.9902843,-0.1385035,-0.06809045,0.1390291,0.9879447,moving,5.853808895729533,8.658732596368662,7.109089449520945,10.114660074750976,0.1208769999999999,0.6511153000000001,2.0067356000000003,0.10084004841679362,0.14978142146795836,0.9835633569118865,5.78437635668607,8.547721351384862,1.8875087837966935,1.9223563902241325,2.0518678663872016
05/10/2023 16:35:31.853034,2820,True,True,True,True,Eyes,1.3676,-0.3536716,-2.934711,0.0368556,0.2857274,0.9576019,0.0,0.0,0.0,0.0,0.0,0.0,0.0,-1.166106,-0.07315415,3.050604,1.372107,-0.3552706,-2.943203,-0.06963569,-0.03444552,-0.00383885,0.9969703,352.0034,356.054,359.8347,0.4196964,-0.1086371,-0.9011394,0,0,0,1.496061,0.2980291,-0.9363183,0.2607,0.370364,2.065095,0.9975975,-0.002857164,0.06921694,0.01245171,0.9902723,-0.1385849,-0.06814767,0.1391139,0.9879287,moving,5.935796596332811,8.713363950168082,7.195025118951142,10.167606171005287,0.12395400000000012,0.6532997,2.0068847,0.10223297183104268,0.15069762670117526,0.9832794750339076,5.866296368330832,8.599820538458207,1.8881422443919804,1.9236623687750065,2.055108727621499
05/10/2023 16:35:31.873048,2821,True,True,True,True,Eyes,1.367636,-0.3536602,-2.934719,0.03823204,0.2866493,0.9572724,0.0,0.0,0.0,0.0,0.0,0.0,0.0,-1.165884,-0.07372621,3.050696,1.372103,-0.3552777,-2.943226,-0.06970842,-0.03448306,-0.00389067,0.9969637,351.9949,356.05,359.8293,0.4197165,-0.1086323,-0.9011307,0,0,0,1.499038,0.300254,-0.9362341,0.2637779,0.3723157,2.065346,0.9975916,-0.002950194,0.06929915,0.01256523,0.9902512,-0.1387252,-0.0682143,0.1392619,0.9879033,moving,6.018133962007459,8.76358703099291,7.278190685421355,10.218843906673742,0.12693500000000002,0.6555317,2.0069919,0.1036324397737107,0.15153741167688628,0.9830039105535792,5.94831951948904,8.647663070237101,1.8888313111841206,1.924971563539809,2.058437888002433
05/10/2023 16:35:31.893979,2822,True,True,True,True,Eyes,1.367669,-0.353648,-2.934727,0.03955455,0.2875336,0.9569534,0.0,0.0,0.0,0.0,0.0,0.0,0.0,-1.165852,-0.07355013,3.050679,1.372099,-0.3552814,-2.943192,-0.06968764,-0.03448724,-0.003873695,0.996965,351.9973,356.0494,359.8312,0.4197354,-0.1086275,-0.9011224,0,0,0,1.502211,0.3022184,-0.9359752,0.2669913,0.3743531,2.065607,0.9975913,-0.002917208,0.06930504,0.01253054,0.9902573,-0.1386851,-0.06822524,0.1392194,0.9879085,moving,6.095407691801966,8.821665271923363,7.364966748231883,10.272305588512623,0.130112,0.6574998000000001,2.0072167999999997,0.10494217414330768,0.15251269884059618,0.9827140785114742,6.025878969309542,8.703124193797564,1.8908188017889647,1.9277285923794896,2.0628830139343983
05/10/2023 16:35:31.908075,2823,True,True,True,True,Eyes,1.367695,-0.3536366,-2.934736,0.04087739,0.288399,0.9566374,0.0,0.0,0.0,0.0,0.0,0.0,0.0,-1.165928,-0.07356393,3.050636,1.372075,-0.3552501,-2.943193,-0.06968727,-0.03447062,-0.003868933,0.9969657,351.9974,356.0513,359.8316,0.4197532,-0.1086228,-0.9011146,0,0,0,1.505423,0.3042683,-0.9357838,0.2701642,0.376365,2.065865,0.9975936,-0.002910059,0.06927128,0.01251871,0.9902574,-0.1386849,-0.06819281,0.1392183,0.9879109,moving,6.17006104882348,8.876349309928532,7.450593277223068,10.325065856243588,0.13334800000000002,0.6595184000000001,2.0074091999999997,0.10620725677201015,0.15342983218516437,0.9824354251031305,6.10073276888442,8.755329719577952,1.895810702049783,1.933531075399886,2.0703127615716013
05/10/2023 16:35:31.926062,2824,True,True,True,True,Eyes,1.367721,-0.3536257,-2.934744,0.04214974,0.2892284,0.9563317,0.0,0.0,0.0,0.0,0.0,0.0,0.0,-1.165616,-0.0731017,3.05078,1.372064,-0.3552642,-2.943211,-0.06961551,-0.03451974,-0.003858941,0.9969692,352.0056,356.0456,359.8329,0.4197698,-0.1086181,-0.9011075,0,0,0,1.508468,0.3060539,-0.9354924,0.2734352,0.3784391,2.066131,0.997587,-0.002888271,0.06936752,0.01250071,0.9902776,-0.1385426,-0.06829295,0.1390754,0.9879242,moving,6.249443837233456,8.937198075843817,7.5388097302271415,10.379424833746304,0.13640399999999997,0.6613180999999999,2.0077185999999996,0.10755099309872282,0.15445065770787375,0.98212920055897,6.180471964250312,8.81344845708338,1.8960593973155642,1.9345496703949794,2.0730083209541785
05/10/2023 16:35:31.942819,2825,True,True,True,True,Eyes,1.367761,-0.3536118,-2.934752,0.04347412,0.2900696,0.9560176,0.0,0.0,0.0,0.0,0.0,0.0,0.0,-1.165882,-0.07292518,3.050675,1.372088,-0.3552645,-2.943192,-0.06960168,-0.03447893,-0.003825736,0.9969716,352.0074,356.05,359.8363,0.4197853,-0.1086135,-0.9011008,0,0,0,1.511798,0.3080297,-0.9352717,0.2766088,0.3804514,2.06639,0.9975932,-0.002828717,0.06928156,0.01242788,0.9902819,-0.1385179,-0.06821646,0.1390456,0.9879336,moving,6.322264389888853,8.991787717493512,7.624339983229335,10.432128138926815,0.13971,0.6632942,2.0079203,0.10878335879707451,0.15536537541761503,0.9818491760111965,6.253554257203695,8.865576758444726,1.9022976268449485,1.941643989094714,2.081618777385999
05/10/2023 16:35:31.952727,2826,True,True,True,True,Eyes,1.367801,-0.3535975,-2.934761,0.04474644,0.2908757,0.9557139,0.0,0.0,0.0,0.0,0.0,0.0,0.0,-1.165987,-0.07263237,3.050651,1.372091,-0.3552244,-2.943205,-0.06955148,-0.03446168,-0.003814399,0.9969757,352.0132,356.0519,359.8373,0.4198003,-0.1086088,-0.9010944,0,0,0,1.51501,0.3098788,-0.9350287,0.279762,0.3824508,2.066646,0.9975957,-0.002812004,0.06924549,0.01239944,0.9902961,-0.1384193,-0.06818431,0.1389452,0.98795,moving,6.394232343973854,9.0486462698248,7.709270307669488,10.484469480823623,0.14291900000000002,0.6651032,2.0081762999999997,0.10999980014981789,0.15631859715625007,0.981562283070451,6.325935170597181,8.91990102351076,1.9068344851336672,1.947026743320114,2.0884181954477437
05/10/2023 16:35:31.973370,2827,True,True,True,True,Eyes,1.367863,-0.3535812,-2.934771,0.04622734,0.2918128,0.9553577,0.0,0.0,0.0,0.0,0.0,0.0,0.0,-1.166141,-0.07245287,3.050637,1.372108,-0.3551991,-2.943243,-0.06953738,-0.03443668,-0.003766674,0.9969777,352.015,356.0544,359.8426,0.4198146,-0.1086041,-0.9010882,0,0,0,1.518319,0.3119297,-0.9348572,0.2830033,0.384506,2.06691,0.9975998,-0.002721306,0.06918904,0.01229985,0.9903007,-0.138395,-0.06814134,0.1389138,0.9879574,moving,6.4783511474528535,9.10940376201629,7.796512987181129,10.538235374495097,0.14621099999999987,0.6671288,2.0083857999999997,0.11142256676693596,0.1573342863530108,0.9812394947766129,6.410234202591563,8.977895844450877,1.9031279926642812,1.9439934188506443,2.0872058637378674
05/10/2023 16:35:31.993109,2828,True,True,True,True,Eyes,1.367923,-0.3535637,-2.934779,0.04764832,0.2927123,0.9550127,0.0,0.0,0.0,0.0,0.0,0.0,0.0,-1.166256,-0.07254606,3.050598,1.372114,-0.3552204,-2.943244,-0.06957005,-0.03441723,-0.003735092,0.9969763,352.0114,356.0564,359.8462,0.419829,-0.1085993,-0.9010821,0,0,0,1.52154,0.3140686,-0.9347142,0.2861706,0.3865145,2.067168,0.997603,-0.002658778,0.06914603,0.01223641,0.9902921,-0.1384623,-0.06810662,0.1389765,0.9879509,moving,6.559216120801607,9.16259136894704,7.881707146663625,10.590748168373759,0.14942599999999984,0.669289,2.0085298,0.1127911680350715,0.15822052317756316,0.9809406345901394,6.49099550791288,9.028610302829783,1.9048404080243082,1.9464363224196006,2.091495535047367
05/10/2023 16:35:32.007966,2829,True,True,True,True,Eyes,1.368002,-0.3535424,-2.934788,0.0493144,0.2937714,0.9546028,0.0,0.0,0.0,0.0,0.0,0.0,0.0,-1.166288,-0.07247463,3.050561,1.372129,-0.3551736,-2.943215,-0.06957184,-0.03441245,-0.003686263,0.9969766,352.0114,356.0566,359.8518,0.4198434,-0.1085943,-0.901076,0,0,0,1.52483,0.3162488,-0.9344882,0.2894775,0.3886112,2.067436,0.9976044,-0.00256196,0.06912973,0.01213851,0.9902923,-0.1384692,-0.06810389,0.1389767,0.987951,moving,6.656456590909478,9.229457685436023,7.970601400458323,10.645540495376608,0.15270099999999998,0.6714224,2.0087268,0.11443504442508501,0.15933505444149454,0.980569738624803,6.58826559700924,9.092400885096259,1.8898723946791323,1.9319076336806043,2.079205358428795
05/10/2023 16:35:32.028055,2830,True,True,True,True,Eyes,1.368076,-0.3535267,-2.934795,0.05091096,0.2947824,0.9542072,0.0,0.0,0.0,0.0,0.0,0.0,0.0,-1.166399,-0.07378882,3.050484,1.37213,-0.3551528,-2.943214,-0.06975146,-0.03439727,-0.003769976,0.9969642,351.9904,356.0589,359.8427,0.4198582,-0.108589,-0.9010698,0,0,0,1.528106,0.318936,-0.9345372,0.2925929,0.3905867,2.06769,0.9976052,-0.002718541,0.0691116,0.01231558,0.9902411,-0.13882,-0.06805975,0.1393387,0.9879031,moving,6.744892040613844,9.274016149399683,8.054285638279966,10.69712700139765,0.1559759999999999,0.6740888,2.0086768000000004,0.1159344458617926,0.16006956120876278,0.9802738951777077,6.675865690805355,9.134730884692875,1.891192723728693,1.933844898300639,2.083536219289233
05/10/2023 16:35:32.043110,2831,True,True,True,True,Eyes,1.368203,-0.3535049,-2.934801,0.05253851,0.2959771,0.9537491,0.0,0.0,0.0,0.0,0.0,0.0,0.0,-1.166218,-0.07315111,3.050524,1.372097,-0.355269,-2.943169,-0.0696836,-0.03442058,-0.003726563,0.9969683,351.9984,356.0559,359.8476,0.4198734,-0.1085837,-0.9010633,0,0,0,1.531193,0.3206471,-0.9341949,0.2958592,0.3926576,2.067955,0.9976027,-0.002633431,0.0691518,0.01222763,0.9902606,-0.1386881,-0.06811307,0.1392012,0.9879189,moving,6.843048145732652,9.357329782943056,8.141969136867557,10.751178697893828,0.15909600000000013,0.6759161,2.0089741,0.11758658726659697,0.1614632337672181,0.9798485103038471,6.774890882432165,9.214386296412007,1.8623657921791372,1.9052586540730698,2.0568504658828215
05/10/2023 16:35:32.058047,2832,True,True,True,True,Eyes,1.368327,-0.3534816,-2.934806,0.05410712,0.2971342,0.9533014,0.0,0.0,0.0,0.0,0.0,0.0,0.0,-1.165627,-0.07332528,3.050775,1.372138,-0.3552162,-2.943187,-0.0697422,-0.03451902,-0.003628032,0.9969611,351.992,356.0437,359.86,0.4198903,-0.108578,-0.9010562,0,0,0,1.534053,0.323103,-0.9340634,0.2991858,0.394767,2.068226,0.9975905,-0.002419148,0.0693343,0.01204888,0.9902457,-0.1388101,-0.06832218,0.139311,0.9878889,moving,6.947706018437706,9.42348926068121,8.23120450329513,10.806195657484428,0.16191500000000003,0.6783192,2.0091236,0.11935441063779445,0.16256000608917828,0.979453236029105,6.879272532381853,9.277438648479407,1.8434057794595522,1.8865962314156792,2.040788584483811
05/10/2023 16:35:32.077805,2833,True,True,True,True,Eyes,1.368474,-0.3534554,-2.934809,0.05568495,0.2984082,0.9528126,0.0,0.0,0.0,0.0,0.0,0.0,0.0,-1.165936,-0.07479751,3.050617,1.372185,-0.3551606,-2.943167,-0.06991194,-0.03448264,-0.003786115,0.99695,351.9719,356.0491,359.8422,0.4199086,-0.108572,-0.9010484,0,0,0,1.537621,0.3257976,-0.9340785,0.3023788,0.3967915,2.068486,0.9975932,-0.002727637,0.06928433,0.01237063,0.9901959,-0.1391363,-0.06822554,0.1396585,0.9878466,moving,7.0306960347902585,9.486000034997689,8.31679676318358,10.858966238966746,0.16543599999999992,0.6809582000000001,2.0090885,0.12075193330659331,0.1636006792345499,0.9791087307134058,6.962576631949322,9.337133938413263,1.8374288571640116,1.8812472673242702,2.037126828365882
05/10/2023 16:35:32.092957,2834,True,True,True,True,Eyes,1.368616,-0.3534305,-2.934809,0.05721439,0.2996328,0.9523374,0.0,0.0,0.0,0.0,0.0,0.0,0.0,-1.165825,-0.07690981,3.050586,1.372228,-0.3551245,-2.943131,-0.07022107,-0.03451026,-0.003869659,0.9969269,351.9361,356.0465,359.834,0.4199288,-0.1085656,-0.9010397,0,0,0,1.540698,0.3289727,-0.9342639,0.3054208,0.3987206,2.068733,0.9975881,-0.002868839,0.06935187,0.01256223,0.9901081,-0.1397434,-0.06826495,0.1402776,0.987756,moving,7.11998955063926,9.528993721101513,8.39828935011771,10.909224298681401,0.1684699999999999,0.6840972000000001,2.0088671000000002,0.12226317233121764,0.1643046878272346,0.9788031012145263,7.050920732000109,9.3779474252584,1.8368806145697854,1.8812460829549007,2.0396595441809042
05/10/2023 16:35:32.103075,2835,True,True,True,True,Eyes,1.368814,-0.3534037,-2.934807,0.05873245,0.3007993,0.9518772,0.0,0.0,0.0,0.0,0.0,0.0,0.0,-1.166341,-0.07867873,3.050286,1.372227,-0.3551363,-2.943069,-0.07032052,-0.03444692,-0.004342245,0.9969201,351.9228,356.0576,359.7793,0.4199505,-0.1085589,-0.9010304,0,0,0,1.544756,0.3312166,-0.9341259,0.3087,0.4008,2.069,0.9975891,-0.00381309,0.06929236,0.01350239,0.9900724,-0.1399087,-0.06807096,0.140507,0.9877369,moving,7.188016537112264,9.596257603603876,8.48607322893318,10.963361697755134,0.17252899999999993,0.6863529,2.0089430999999998,0.12340167990899492,0.16543018342707513,0.9784706450631286,7.120055293482643,9.442342716156965,1.839860067351112,1.8851856087468395,2.044383462649431
05/10/2023 16:35:32.122839,2836,True,True,True,True,Eyes,1.369001,-0.3533776,-2.934807,0.06017794,0.3019046,0.9514369,0.0,0.0,0.0,0.0,0.0,0.0,0.0,-1.166669,-0.07719392,3.050172,1.37218,-0.3551716,-2.943059,-0.07007089,-0.03438814,-0.004368617,0.9969396,351.9514,356.0647,359.7748,0.4199752,-0.1085517,-0.9010198,0,0,0,1.544965,0.3301637,-0.9337913,0.3087,0.4008,2.069,0.9975967,-0.003891279,0.06917801,0.01352971,0.9901419,-0.1394124,-0.06795356,0.1400133,0.987815,static,7.264788808969306,9.695651556013134,8.48607322893318,10.963361697755134,0.17278499999999997,0.6853353,2.0092676999999997,0.12467703728341895,0.16710048964701024,0.9780250555989719,7.199323382257937,9.537677539434599,1.7174766353422188,1.7602910662506974,1.9204948547717835
05/10/2023 16:35:32.143134,2837,True,True,True,True,Eyes,1.369224,-0.3533474,-2.934803,0.06163087,0.3029331,0.9510169,0.0,0.0,0.0,0.0,0.0,0.0,0.0,-1.166017,-0.07534564,3.050466,1.372097,-0.3551566,-2.943098,-0.06985982,-0.03447163,-0.004129454,0.9969527,351.9765,356.0532,359.8023,0.4200022,-0.1085443,-0.9010081,0,0,0,1.544269,0.3294507,-0.9335288,0.3087001,0.4008,2.069,0.9975893,-0.003417376,0.06931013,0.0130501,0.9902051,-0.1390091,-0.0681562,0.1395785,0.9878626,static,7.36539794052105,9.783884300616737,8.486075937878136,10.963361697755134,0.172172,0.6846072999999999,2.0095692,0.12636214258854797,0.1685701750039421,0.9775564824181512,7.3009738340936625,9.62206136056798,1.5871131153225142,1.6269868174391138,1.7898473652612839
05/10/2023 16:35:32.160008,2838,True,True,True,True,Eyes,1.369442,-0.3533196,-2.934802,0.06302594,0.3039106,0.9506135,0.0,0.0,0.0,0.0,0.0,0.0,0.0,-1.165513,-0.07449144,3.050652,1.372119,-0.355108,-2.943066,-0.06973521,-0.034556,-0.004066634,0.9969587,351.9911,356.043,359.8097,0.4200321,-0.1085363,-0.9009951,0,0,0,1.543869,0.3290334,-0.9333022,0.3087,0.4008,2.069,0.9975787,-0.00328899,0.06946897,0.01292807,0.990241,-0.1387652,-0.06833462,0.1393273,0.9878858,static,7.457909805809417,9.860752234091224,8.48607322893318,10.963361697755134,0.17174999999999985,0.6841413999999999,2.0097638,0.12791191013759284,0.16984749047833303,0.9771337275473908,7.394217010104424,9.695539343022483,1.4704470307666513,1.5076032813743765,1.6731776730983683
05/10/2023 16:35:32.174759,2839,True,True,True,True,Eyes,1.369698,-0.3532907,-2.9348,0.06444874,0.3048832,0.9502066,0.0,0.0,0.0,0.0,0.0,0.0,0.0,-1.165704,-0.07362047,3.050672,1.372209,-0.3551375,-2.943094,-0.06961256,-0.034538,-0.00402559,0.996968,352.0053,356.0448,359.8138,0.4200647,-0.108528,-0.9009809,0,0,0,1.543982,0.3285303,-0.933171,0.3087,0.4008,2.069,0.9975818,-0.003218212,0.06942702,0.01283532,0.9902757,-0.1385249,-0.0683061,0.139081,0.9879224,static,7.539930146758832,9.937080037705,8.48607322893318,10.963361697755134,0.17177299999999995,0.6836678,2.0099229999999997,0.12928171963621557,0.17111839989403044,0.9767316512732639,7.477319560380638,9.768575485138854,1.3612494039235876,1.3958656015897928,1.5636809321841096
05/10/2023 16:35:32.192913,2840,True,True,True,True,Eyes,1.369943,-0.3532637,-2.934799,0.0658079,0.3058207,0.9498121,0.0,0.0,0.0,0.0,0.0,0.0,0.0,-1.165912,-0.07263163,3.050636,1.372183,-0.3551663,-2.943124,-0.06950317,-0.03449437,-0.003908309,0.9969775,352.0183,356.049,359.8265,0.4201005,-0.1085193,-0.9009653,0,0,0,1.544002,0.3281164,-0.9330742,0.3087,0.4008,2.069,0.9975897,-0.002998055,0.06932351,0.01258793,0.990308,-0.1383165,-0.06823695,0.1388558,0.9879589,static,7.617518256564073,10.008738014529419,8.48607322893318,10.963361697755134,0.17181900000000017,0.6832826999999999,2.0100498,0.13057672011063176,0.1723103408632228,0.9763497693726669,7.555902473407309,9.837138755047906,1.2584408624886192,1.2906177267504624,1.4606833165048807
05/10/2023 16:35:32.210646,2841,True,True,True,True,Eyes,1.370219,-0.3532339,-2.934797,0.06717575,0.3067496,0.9494168,0.0,0.0,0.0,0.0,0.0,0.0,0.0,-1.165482,-0.0726845,3.050813,1.372153,-0.3551856,-2.94315,-0.06955238,-0.03455514,-0.003814723,0.9969724,352.0131,356.0411,359.838,0.420139,-0.1085103,-0.9009484,0,0,0,1.543623,0.3283425,-0.9331536,0.3087,0.4008,2.069,0.9975828,-0.002799561,0.0694317,0.01241313,0.9902958,-0.13842,-0.0683704,0.1389472,0.9879369,static,7.706617178633545,10.062308090758867,8.48607322893318,10.963361697755134,0.17147,0.6835281,2.0099964000000003,0.13207421051038257,0.1731884805631464,0.9759929875407661,7.644620137240659,9.888159993208895,1.1617773450444822,1.1914064533271969,1.3653212116487612
05/10/2023 16:35:32.228225,2842,True,True,True,True,Eyes,1.370486,-0.3532035,-2.934796,0.06848969,0.3076386,0.9490352,0.0,0.0,0.0,0.0,0.0,0.0,0.0,-1.165695,-0.07310504,3.050715,1.372171,-0.3551729,-2.943136,-0.06963006,-0.03452202,-0.003793468,0.9969682,352.0042,356.0448,359.8405,0.4201807,-0.108501,-0.9009301,0,0,0,1.543758,0.3286757,-0.933259,0.3087,0.4008,2.069,0.9975877,-0.002756393,0.06936298,0.01237147,0.9902745,-0.138576,-0.06830642,0.1390998,0.9879198,static,7.779952059901271,10.110504762291596,8.48607322893318,10.963361697755134,0.17158699999999993,0.6838486,2.009877,0.13330441175693247,0.17398050413794708,0.9756848234298511,7.717858980447058,9.93411514883821,1.0797895658882166,1.1072362248965877,1.2843292373976758
05/10/2023 16:35:32.242939,2843,True,True,True,True,Eyes,1.370866,-0.3531649,-2.934794,0.06999844,0.308401,0.9486775,0.0,0.0,0.0,0.0,0.0,0.0,0.0,-1.16579,-0.07303908,3.05073,1.372208,-0.3551247,-2.943177,-0.06960598,-0.03451252,-0.0038041,0.9969702,352.007,356.046,359.8391,0.420225,-0.1084912,-0.9009106,0,0,0,1.543845,0.3286217,-0.9332689,0.3087001,0.4008001,2.069,0.9975888,-0.002780592,0.06934549,0.0123897,0.9902811,-0.1385276,-0.06828634,0.1390527,0.9879278,static,7.866600015926787,10.163780948776676,8.486075937878136,10.963364366844228,0.17163699999999982,0.6837464,2.0099081,0.13475861448242124,0.17485293926846923,0.9753289305981026,7.804198755490942,9.98487132784194,0.9866234797818817,1.0114761788228448,1.192646267439022
05/10/2023 16:35:32.260417,2844,True,True,True,True,Eyes,1.37123,-0.3531263,-2.93479,0.07144845,0.3091387,0.9483293,0.0,0.0,0.0,0.0,0.0,0.0,0.0,-1.165285,-0.0740234,3.050951,1.372216,-0.3551418,-2.943224,-0.06979316,-0.03459262,-0.003746097,0.9969546,351.9857,356.0362,359.8472,0.4202746,-0.1084808,-0.9008887,0,0,0,1.543471,0.3293879,-0.9335504,0.3087001,0.4008,2.069,0.9975786,-0.002640719,0.06949744,0.01229803,0.9902298,-0.138902,-0.06845162,0.1394204,0.9878646,static,7.961616417240105,10.19069418808257,8.486075937878136,10.963361697755134,0.17125499999999994,0.6845297,2.0096735999999997,0.13636554792611255,0.17527216647515362,0.9750303498258398,7.897205573903086,10.010123784271535,0.9116026959764036,0.9338484187979731,1.120460095349528
05/10/2023 16:35:32.276112,2845,True,True,True,True,Eyes,1.37123,-0.3531263,-2.93479,0.07144845,0.3091387,0.9483293,0.0,0.0,0.0,0.0,0.0,0.0,0.0,-1.165232,-0.07504734,3.050901,1.372215,-0.3550991,-2.943183,-0.06990115,-0.03460692,-0.003877677,0.996946,351.9728,356.0355,359.8326,0.4203284,-0.1084697,-0.9008649,0,0,0,1.54356,0.3298017,-0.9336437,0.3087001,0.4008001,2.069,0.9975746,-0.002893543,0.06954456,0.0125698,0.9901975,-0.1391069,-0.06846035,0.1396437,0.9878324,static,7.959365528335969,10.179783332691743,8.486075937878136,10.963364366844228,0.17134500000000008,0.6849008,2.0095393,0.13633179791173405,0.17508730889890473,0.9750682813138146,7.894457253632835,9.999611776689562,0.9217427572941023,0.9441520495150955,1.130854421478719
05/10/2023 16:35:32.293528,2846,True,True,True,True,Eyes,1.37123,-0.3531263,-2.93479,0.07144845,0.3091387,0.9483293,0.0,0.0,0.0,0.0,0.0,0.0,0.0,-1.165003,-0.07594466,3.050962,1.372193,-0.3551179,-2.943187,-0.07002812,-0.03464255,-0.003934509,0.9969355,351.9579,356.0318,359.8268,0.4203769,-0.1084598,-0.9008434,0,0,0,1.54346,0.3302672,-0.9338054,0.3087,0.4008,2.069,0.9975688,-0.002992998,0.06962382,0.01269681,0.9901611,-0.1393544,-0.06852172,0.1398996,0.9877919,static,7.961609456599553,10.165925363252741,8.48607322893318,10.963361697755134,0.17126700000000006,0.6853851,2.0093816,0.1363758167921679,0.17485039738842673,0.9751046370574602,7.895884784784359,9.986221774903413,0.9319588933038995,0.9544458895479777,1.1415449305382042
05/10/2023 16:35:32.307522,2847,True,True,True,True,Eyes,1.37123,-0.3531263,-2.93479,0.07144845,0.3091387,0.9483293,0.0,0.0,0.0,0.0,0.0,0.0,0.0,-1.164556,-0.07618588,3.051088,1.372161,-0.3551151,-2.943162,-0.07005648,-0.03471178,-0.003958424,0.9969312,351.9546,356.024,359.8247,0.4204206,-0.1084508,-0.9008241,0,0,0,1.543171,0.3303757,-0.9337949,0.3087,0.4008,2.069,0.9975588,-0.00302898,0.06976514,0.01275612,0.9901528,-0.1394081,-0.06865589,0.1399578,0.9877744,static,7.968715472891397,10.16320624291171,8.48607322893318,10.963361697755134,0.1710100000000001,0.6854908,2.0093671,0.13649796370579878,0.17480115266014462,0.9750963752452565,7.902589465247617,9.983544037326576,0.9305093590909267,0.9528419594309843,1.1403928928980411
05/10/2023 16:35:32.328523,2848,True,True,True,True,Eyes,1.37123,-0.3531263,-2.93479,0.07144845,0.3091387,0.9483293,0.0,0.0,0.0,0.0,0.0,0.0,0.0,-1.164078,-0.07586449,3.051258,1.372178,-0.3551098,-2.943133,-0.07000075,-0.03479378,-0.003958673,0.9969323,351.961,356.0146,359.8251,0.4204599,-0.1084427,-0.9008068,0,0,0,1.542849,0.3301613,-0.9336625,0.3087001,0.4008,2.069,0.9975474,-0.003021877,0.0699283,0.01276424,0.9901685,-0.1392965,-0.06881987,0.1398475,0.9877785,static,7.978049755306714,10.169968265524721,8.486075937878136,10.963361697755134,0.17067100000000002,0.6852711,2.0094705,0.13665407581804628,0.1749124316219367,0.9750545538122467,7.9119448099519385,9.98999879758227,0.9200765666383097,0.9421060134000033,1.130071629361049
05/10/2023 16:35:32.342749,2849,True,True,True,True,Eyes,1.37123,-0.3531263,-2.93479,0.07144845,0.3091387,0.9483293,0.0,0.0,0.0,0.0,0.0,0.0,0.0,-1.163909,-0.07501376,3.051424,1.372143,-0.3552019,-2.943222,-0.06984369,-0.03481859,-0.004026669,0.9969422,351.9787,356.0123,359.8169,0.4204952,-0.1084355,-0.9007912,0,0,0,1.542777,0.3294073,-0.933523,0.3087001,0.4008,2.069,0.9975429,-0.003164992,0.06998669,0.01289243,0.9902113,-0.1389798,-0.06886175,0.1395406,0.987819,static,7.979153863368939,10.188949642456853,8.486075937878136,10.963361697755134,0.17063400000000017,0.6846092,2.009699,0.13666489874499274,0.17523518131117993,0.9749950844827069,7.9140160086037366,10.00830758360794,0.9037541452176271,0.9255722667712207,1.113274864366799
05/10/2023 16:35:32.352747,2850,True,True,True,True,Eyes,1.37123,-0.3531263,-2.93479,0.07144845,0.3091387,0.9483293,0.0,0.0,0.0,0.0,0.0,0.0,0.0,-1.163892,-0.07357407,3.051444,1.372129,-0.3551843,-2.943209,-0.0696181,-0.03481873,-0.003989563,0.9969581,352.0048,356.0121,359.8203,0.420527,-0.1084289,-0.9007771,0,0,0,1.542709,0.328537,-0.9332029,0.3087001,0.4008001,2.069,0.9975435,-0.003106826,0.06998111,0.01280288,0.9902748,-0.1385348,-0.06887013,0.1390905,0.987882,static,7.980534124794645,10.214545997676488,8.486075937878136,10.963364366844228,0.17058000000000018,0.6837213,2.0100061,0.13667761722249097,0.17567042260066704,0.974914975604164,7.916704319887915,10.032997773072966,0.8819609441374793,0.9034940369359259,1.0907639699670795
05/10/2023 16:35:32.372661,2851,True,True,True,True,Eyes,1.371365,-0.3530985,-2.934803,0.07349594,0.3099005,0.947924,0.0,0.0,0.0,0.0,0.0,0.0,0.0,-1.163283,-0.0732989,3.051765,1.372197,-0.355152,-2.943265,-0.06966697,-0.03491762,-0.003742649,0.9969521,352.0002,355.9987,359.8497,0.4205557,-0.108423,-0.9007644,0,0,0,1.542107,0.3288884,-0.933311,0.3087001,0.4008,2.069,0.9975335,-0.002597274,0.07014386,0.01232769,0.990265,-0.1386479,-0.06910089,0.1391706,0.9878545,static,8.118118442671282,10.258579209883433,8.486075937878136,10.963361697755134,0.16991,0.6840404,2.0099539999999996,0.1390008066082937,0.1763620200813522,0.9744614392102963,8.051647344140823,10.074448997770789,0.7775610433100213,0.7950541324271748,0.9893907171840848
05/10/2023 16:35:32.392883,2852,True,True,True,True,Eyes,1.371494,-0.3530735,-2.934815,0.075481,0.3106271,0.9475302,0.0,0.0,0.0,0.0,0.0,0.0,0.0,-1.163202,-0.07419959,3.051795,1.372238,-0.3551323,-2.94327,-0.06972334,-0.03494689,-0.003953934,0.9969463,351.9928,355.9969,359.8258,0.4205848,-0.1084167,-0.9007517,0,0,0,1.54226,0.3290349,-0.933368,0.3087001,0.4008001,2.069,0.9975262,-0.003010491,0.0702317,0.01275694,0.9902461,-0.1387445,-0.06912897,0.1392972,0.9878348,static,8.231250177841899,10.30454553540591,8.486075937878136,10.963364366844228,0.1700219999999999,0.6841672000000001,2.0099020000000003,0.1409057842383803,0.1770955890420362,0.9740548079227735,8.163124972004551,10.117950718111386,0.6924770410502676,0.7063840461362331,0.9049981015573783
05/10/2023 16:35:32.410390,2853,True,True,True,True,Eyes,1.371657,-0.3530516,-2.934826,0.07746174,0.3113352,0.9471378,0.0,0.0,0.0,0.0,0.0,0.0,0.0,-1.164463,-0.07460153,3.051326,1.372233,-0.3551732,-2.94329,-0.06971224,-0.03474883,-0.004165684,0.9969531,351.9933,356.0215,359.7997,0.4206141,-0.10841,-0.9007388,0,0,0,1.543297,0.3288382,-0.9334236,0.3087,0.4008,2.069,0.9975503,-0.003461144,0.0698667,0.01315082,0.9902457,-0.1387102,-0.06870511,0.1392892,0.9878654,static,8.318554171992153,10.356397387623758,8.48607322893318,10.963361697755134,0.17106399999999988,0.6840114,2.0098664,0.1423677986968879,0.17793940623130838,0.9736883062438201,8.250021485168675,10.167327441981675,0.6187542253429333,0.629657294257494,0.8302957076241387
05/10/2023 16:35:32.423195,2854,True,True,True,True,Eyes,1.371814,-0.353029,-2.934833,0.07935963,0.3120227,0.9467545,0.0,0.0,0.0,0.0,0.0,0.0,0.0,-1.164207,-0.07387409,3.051485,1.37221,-0.3552103,-2.943342,-0.06966422,-0.03477928,-0.004003009,0.9969562,351.9995,356.0167,359.8186,0.4206445,-0.108403,-0.9007254,0,0,0,1.542969,0.3286877,-0.9334112,0.3087001,0.4008,2.069,0.9975488,-0.003135906,0.06990455,0.01282739,0.9902617,-0.1386259,-0.06878908,0.1391828,0.9878746,static,8.437614283843738,10.407620204564974,8.486075937878136,10.963361697755134,0.1707590000000001,0.683898,2.0099308,0.1443690675612982,0.17875746971587325,0.973243822899245,8.36749189416915,10.215856848194976,0.5508648359857341,0.5578504630857435,0.7568524793764829
05/10/2023 16:35:32.443040,2855,True,True,True,True,Eyes,1.371963,-0.3530099,-2.934839,0.08118303,0.3126715,0.9463857,0.0,0.0,0.0,0.0,0.0,0.0,0.0,-1.164018,-0.0744282,3.051476,1.372221,-0.3551741,-2.94327,-0.06977487,-0.03480984,-0.003946094,0.9969476,351.987,356.0127,359.8258,0.4206758,-0.1083958,-0.9007117,0,0,0,1.5428,0.329197,-0.9334854,0.3087001,0.4008,2.069,0.9975454,-0.003010392,0.06995783,0.0127258,0.9902318,-0.138849,-0.06885649,0.1393985,0.9878395,static,8.549116012896853,10.439309404824597,8.486075937878136,10.963361697755134,0.17057900000000004,0.6843711,2.0097846,0.1462495799824665,0.1792456672156565,0.972873113810885,8.47664102930391,10.245593392525103,0.5240460082929457,0.527830329541719,0.7178303124643003
05/10/2023 16:35:32.458088,2856,True,True,True,True,Eyes,1.372106,-0.3529927,-2.934841,0.08293442,0.3132905,0.946029,0.0,0.0,0.0,0.0,0.0,0.0,0.0,-1.163854,-0.07432684,3.05157,1.372242,-0.3551885,-2.94329,-0.06977464,-0.03483817,-0.003909456,0.9969466,351.9871,356.0091,359.8303,0.4207076,-0.1083885,-0.9006976,0,0,0,1.542665,0.3292006,-0.933497,0.3087001,0.4008,2.069,0.997542,-0.002933395,0.07000915,0.01265668,0.9902325,-0.1388508,-0.06891802,0.1393956,0.9878356,static,8.655804393695611,10.482073792657404,8.486075937878136,10.963361697755134,0.170423,0.6843891,2.009793,0.14804225275782892,0.17992322069039907,0.9724767608055054,8.581738530702978,10.286053980235772,0.5090211771442118,0.5103389033843554,0.6840300255670503
05/10/2023 16:35:32.472740,2857,True,True,True,True,Eyes,1.372266,-0.3529771,-2.93484,0.08464926,0.3139203,0.9456683,0.0,0.0,0.0,0.0,0.0,0.0,0.0,-1.16397,-0.07397509,3.051436,1.372218,-0.3552172,-2.943195,-0.06973437,-0.03481545,-0.003884427,0.9969504,351.9919,356.0116,359.8328,0.4207399,-0.1083813,-0.9006835,0,0,0,1.542705,0.329021,-0.9333569,0.3087002,0.4008,2.069,0.9975456,-0.002889495,0.0699603,0.01260083,0.990244,-0.1387729,-0.0688768,0.1393139,0.98785,static,8.754376072300722,10.530002359135478,8.486078646823053,10.963361697755134,0.17048700000000006,0.6842382,2.0098380999999996,0.1496936599742673,0.18069121717309317,0.9720815180814527,8.679286949213967,10.331559448951399,0.5096853225078156,0.5096899301406802,0.6606841376226888
05/10/2023 16:35:32.483066,2858,True,True,True,True,Eyes,1.372423,-0.3529632,-2.934841,0.08629659,0.3145207,0.9453198,0.0,0.0,0.0,0.0,0.0,0.0,0.0,-1.163695,-0.07421225,3.051515,1.372233,-0.3552436,-2.943164,-0.0697711,-0.0348638,-0.003899549,0.996946,351.9876,356.0061,359.8316,0.4207731,-0.108374,-0.9006689,0,0,0,1.542539,0.3291373,-0.9333591,0.3087001,0.4008,2.069,0.9975386,-0.002910309,0.07005879,0.01264025,0.9902336,-0.1388441,-0.06897049,0.139388,0.987833,static,8.855771763537318,10.567964161033112,8.486075937878136,10.963361697755134,0.17030600000000007,0.6843809000000001,2.0098049,0.15139680152908408,0.18128766370274535,0.9717065853034655,8.779028440591441,10.367425562086362,0.5414333296527631,0.5413078750172283,0.664048979098544
05/10/2023 16:35:32.511678,2859,True,True,True,True,Eyes,1.372561,-0.3529504,-2.934842,0.0878965,0.3151304,0.9449694,0.0,0.0,0.0,0.0,0.0,0.0,0.0,-1.163763,-0.07423508,3.051563,1.372322,-0.3552695,-2.943197,-0.0697417,-0.0348708,-0.003985915,0.9969475,351.9906,356.006,359.8216,0.4208069,-0.1083668,-0.9006539,0,0,0,1.542691,0.3289524,-0.9333437,0.3087002,0.4008,2.069,0.9975362,-0.003083599,0.07008468,0.01281139,0.9902404,-0.1387797,-0.06897274,0.1393356,0.9878402,static,8.947816750441804,10.614808737028598,8.486078646823053,10.963361697755134,0.170369,0.6842219,2.0098533,0.1529360872721051,0.18203843009576517,0.9713252255711977,8.870228775373686,10.411934360321816,0.5777809804482574,0.578525058026595,0.6720442170975564
05/10/2023 16:35:32.528771,2860,True,True,True,True,Eyes,1.372692,-0.3529396,-2.934843,0.08943231,0.315714,0.9446303,0.0,0.0,0.0,0.0,0.0,0.0,0.0,-1.16369,-0.07491595,3.051599,1.372333,-0.355234,-2.943222,-0.06977341,-0.03489216,-0.004162436,0.9969438,351.9862,356.0049,359.8015,0.4208408,-0.1083598,-0.9006389,0,0,0,1.542808,0.3290318,-0.9333923,0.3087002,0.4008,2.069,0.9975304,-0.00343034,0.0701519,0.01316852,0.9902287,-0.1388299,-0.06899019,0.1394108,0.9878284,static,9.035022091262858,10.654181324940978,8.486078646823053,10.963361697755134,0.17047499999999993,0.6842657999999999,2.0098297,0.15439605022865494,0.18266386337687174,0.9709766445368562,8.956368131814397,10.449269267037513,0.6278282202469325,0.6300249265917486,0.6967519120996913
05/10/2023 16:35:32.543020,2861,True,True,True,True,Eyes,1.372815,-0.3529271,-2.934845,0.09092067,0.3162836,0.9442977,0.0,0.0,0.0,0.0,0.0,0.0,0.0,-1.163518,-0.07515946,3.051647,1.37229,-0.355271,-2.943225,-0.06977887,-0.03491757,-0.004258507,0.9969422,351.9852,356.0028,359.7906,0.4208746,-0.108353,-0.9006239,0,0,0,1.542765,0.328972,-0.9333877,0.3087002,0.4008,2.069,0.9975253,-0.003617955,0.0702159,0.01336399,0.9902256,-0.1388336,-0.06902728,0.1394284,0.9878233,static,9.122305141359703,10.694640395503397,8.486078646823053,10.963361697755134,0.17047499999999993,0.6842429999999999,2.0098373,0.15585606981379957,0.1833069366847075,0.9706222141250238,9.042640028256582,10.487652047900998,0.6865386502947181,0.6906484566219375,0.7321613498864463
05/10/2023 16:35:32.553549,2862,True,True,True,True,Eyes,1.372932,-0.352917,-2.934845,0.09234783,0.3168288,0.9439764,0.0,0.0,0.0,0.0,0.0,0.0,0.0,-1.163273,-0.07559633,3.051744,1.372279,-0.355194,-2.943254,-0.06979611,-0.03495986,-0.004355748,0.9969391,351.9828,355.9987,359.7798,0.4209082,-0.1083463,-0.900609,0,0,0,1.542687,0.3290736,-0.9334192,0.3087002,0.4008,2.069,0.9975176,-0.003804706,0.07031371,0.01356495,0.9902191,-0.1388604,-0.06909766,0.1394695,0.9878126,static,9.20787016096693,10.732246772237012,8.486078646823053,10.963361697755134,0.1704079999999999,0.6842676000000001,2.0098348,0.15728763967500548,0.1839017110803599,0.9702787295614032,9.12710470158572,10.52329496253544,0.7516617978824875,0.7578898987896318,0.7775430112421506
05/10/2023 16:35:32.573201,2863,True,True,True,True,Eyes,1.37304,-0.352908,-2.934846,0.09370025,0.3173824,0.9436571,0.0,0.0,0.0,0.0,0.0,0.0,0.0,-1.163081,-0.07564139,3.051783,1.372263,-0.3552432,-2.943222,-0.06979286,-0.03499118,-0.004400425,0.996938,351.983,355.9954,359.7749,0.4209413,-0.1083397,-0.9005943,0,0,0,1.54259,0.3289917,-0.9333689,0.3087,0.4008,2.069,0.9975125,-0.003889632,0.0703823,0.01365817,0.9902192,-0.1388503,-0.06915383,0.1394663,0.9878091,static,9.289418214229231,10.771802759655095,8.48607322893318,10.963361697755134,0.1703269999999999,0.6842349,2.0098531,0.15864942659365278,0.18453081311488184,0.9699375162931365,9.207801165640427,10.560849658902724,0.8173559636474292,0.8258680234555208,0.8263819674005637
05/10/2023 16:35:32.592831,2864,True,True,True,True,Eyes,1.373143,-0.3529001,-2.934845,0.09500216,0.3179094,0.9433495,0.0,0.0,0.0,0.0,0.0,0.0,0.0,-1.16306,-0.07574135,3.051796,1.372245,-0.3552446,-2.943238,-0.0698086,-0.03499137,-0.004402116,0.996937,351.9812,355.9954,359.7748,0.4209739,-0.1083335,-0.9005798,0,0,0,1.542574,0.3290527,-0.9334069,0.3087001,0.4008001,2.069,0.9975125,-0.003891866,0.07038298,0.01366266,0.9902148,-0.1388814,-0.06915376,0.1394976,0.9878047,static,9.365733886575146,10.806692044647022,8.486075937878136,10.963364366844228,0.17032899999999995,0.6842973,2.0098311,0.1599243125701889,0.18508284075671477,0.9696229331392967,9.283206955654686,10.593940552733278,0.8827967738279575,0.8935011601830731,0.878573738472623
05/10/2023 16:35:32.603972,2865,True,True,True,True,Eyes,1.373215,-0.3528949,-2.934845,0.09602129,0.3183733,0.9430898,0.0,0.0,0.0,0.0,0.0,0.0,0.0,-1.163422,-0.07518756,3.051631,1.37221,-0.3552604,-2.94321,-0.06974784,-0.03492414,-0.004340221,0.9969437,351.9885,356.0027,359.7812,0.4210058,-0.1083274,-0.9005656,0,0,0,1.542745,0.328819,-0.9333219,0.3087002,0.4008,2.069,0.9975229,-0.003782146,0.07024024,0.01352568,0.9902328,-0.1387662,-0.06902935,0.1393725,0.9878311,static,9.41990711625626,10.844399219052427,8.486078646823053,10.963361697755134,0.1705350000000001,0.6840793999999999,2.0098881,0.16082216095088087,0.18569347172458622,0.9693576142250874,9.337420855531448,10.629918275794134,0.9286976357806859,0.9413754201502492,0.9143128961015209
05/10/2023 16:35:32.627593,2866,True,True,True,True,Eyes,1.373283,-0.3528925,-2.934847,0.09699883,0.3188186,0.9428393,0.0,0.0,0.0,0.0,0.0,0.0,0.0,-1.163736,-0.07423663,3.051523,1.372185,-0.3552683,-2.943209,-0.06966407,-0.03486163,-0.004171495,0.9969525,351.9988,356.0086,359.7998,0.4210364,-0.1083217,-0.900552,0,0,0,1.542789,0.3285525,-0.9332386,0.3087001,0.4008,2.069,0.9975346,-0.003460358,0.07009197,0.01317477,0.9902591,-0.1386127,-0.06892956,0.1391944,0.9878632,static,9.475396049203464,10.882015190023923,8.486075937878136,10.963361697755134,0.17060399999999998,0.6838208,2.0099704,0.1617419269716042,0.1863014603815023,0.9690878872790906,9.392898021453565,10.665798031227474,0.977936199794981,0.9926588220495625,0.9543953200312055
05/10/2023 16:35:32.643010,2867,True,True,True,True,Eyes,1.373337,-0.3528919,-2.93485,0.09775032,0.3191981,0.9426333,0.0,0.0,0.0,0.0,0.0,0.0,0.0,-1.163853,-0.07365337,3.051537,1.372144,-0.3553331,-2.943266,-0.06964394,-0.03482798,-0.004013681,0.9969558,352.0017,356.0112,359.8176,0.4210656,-0.1083164,-0.900539,0,0,0,1.542714,0.3284808,-0.9332908,0.3087001,0.4007999,2.069,0.9975418,-0.003151808,0.07000297,0.01285404,0.9902673,-0.1385843,-0.06888486,0.1391434,0.9878735,static,9.520457409418512,10.907770356513918,8.486075937878136,10.963359028665995,0.1705699999999999,0.6838139000000001,2.0099752,0.16249109423494715,0.18671377516458956,0.9688832235263027,9.437695594839733,10.690310944633826,1.0196066695652415,1.0358740894228726,0.9900177916125277
05/10/2023 16:35:32.653445,2868,True,True,True,True,Eyes,1.373392,-0.3528909,-2.934854,0.09847245,0.319565,0.9424337,0.0,0.0,0.0,0.0,0.0,0.0,0.0,-1.163795,-0.07308111,3.051615,1.372133,-0.3553467,-2.943313,-0.06961533,-0.03482829,-0.003858859,0.9969583,352.0056,356.0099,359.8354,0.4210932,-0.1083116,-0.9005268,0,0,0,1.542533,0.3284265,-0.933309,0.3087001,0.4008,2.069,0.9975442,-0.002845079,0.06998196,0.01254341,0.9902776,-0.1385384,-0.06890742,0.139076,0.9878814,static,9.567585574432954,10.933839525574646,8.486075937878136,10.963361697755134,0.17039999999999988,0.6837732000000001,2.010004,0.16327480469803454,0.1871300312607999,0.9686710386301649,9.48450186073181,10.715111233097629,1.064038091810525,1.0819124976684527,1.0288258436824367
05/10/2023 16:35:32.672776,2869,True,True,True,True,Eyes,1.373414,-0.3528925,-2.934859,0.09902719,0.3198896,0.9422655,0.0,0.0,0.0,0.0,0.0,0.0,0.0,-1.163951,-0.07320946,3.051586,1.372195,-0.3553387,-2.943319,-0.06964682,-0.03481156,-0.003831777,0.9969568,352.0021,356.0116,359.8385,0.4211194,-0.1083071,-0.900515,0,0,0,1.542636,0.328573,-0.9333662,0.3087002,0.4008,2.069,0.9975469,-0.002791203,0.06994499,0.01248926,0.9902693,-0.1386029,-0.0688775,0.1391365,0.9878749,static,9.599072649680167,10.951541965063663,8.486078646823053,10.963361697755134,0.17044099999999984,0.6839117,2.0099527999999998,0.16379813593519163,0.18741283933020958,0.968528064309988,9.515789001739359,10.731955932515437,1.0940911448212847,1.1130567624684735,1.055391890819725
05/10/2023 16:35:32.693036,2870,True,True,True,True,Eyes,1.373435,-0.3528929,-2.934861,0.0995637,0.3202033,0.9421023,0.0,0.0,0.0,0.0,0.0,0.0,0.0,-1.163993,-0.07344246,3.051588,1.37219,-0.3553424,-2.943346,-0.06968832,-0.03480299,-0.003825439,0.9969541,351.9974,356.0125,359.8393,0.4211434,-0.108303,-0.9005042,0,0,0,1.542662,0.3287385,-0.9334532,0.3087001,0.4008,2.069,0.9975482,-0.002776851,0.06992714,0.0124783,0.9902578,-0.1386859,-0.06886078,0.1392184,0.9878646,static,9.629780524188035,10.967708610399997,8.486075937878136,10.963361697755134,0.17047199999999996,0.6840809,2.0098928000000003,0.1643089713591249,0.18766993174020735,0.9683916490787196,9.54624365163421,10.74732447764108,1.1237112844936463,1.1437128470013096,1.0819554804914067
05/10/2023 16:35:32.703389,2871,True,True,True,True,Eyes,1.373457,-0.3528956,-2.934863,0.09996466,0.3204876,0.9419633,0.0,0.0,0.0,0.0,0.0,0.0,0.0,-1.164152,-0.07402474,3.05146,1.37219,-0.3553147,-2.943294,-0.06973474,-0.03478235,-0.003937921,0.9969514,351.9916,356.0158,359.8264,0.4211656,-0.1082993,-0.9004943,0,0,0,1.54287,0.3288978,-0.9334636,0.3087001,0.4008,2.069,0.9975494,-0.003000754,0.06990183,0.0127029,0.9902431,-0.1387703,-0.06880339,0.1393182,0.9878545,static,9.647634463552253,10.982697372576945,8.486075937878136,10.963361697755134,0.17067999999999994,0.6842125,2.0098304,0.16460292789769593,0.18791394836682954,0.9682945407706582,9.564246895290413,10.761653622826087,1.1409366846479791,1.1617194484414226,1.096876821205959
05/10/2023 16:35:32.728672,2872,True,True,True,True,Eyes,1.373476,-0.3529,-2.934866,0.1003496,0.3207659,0.9418276,0.0,0.0,0.0,0.0,0.0,0.0,0.0,-1.164035,-0.07371131,3.051529,1.37218,-0.355342,-2.943313,-0.06969188,-0.0347993,-0.003924938,0.9969537,351.9966,356.0138,359.8279,0.4211861,-0.1082961,-0.9004851,0,0,0,1.542775,0.3287054,-0.9334195,0.3087001,0.4008,2.069,0.9975472,-0.002975503,0.06993366,0.01267642,0.9902553,-0.138686,-0.06883951,0.1392323,0.9878641,static,9.672710685426233,11.005958708180422,8.486075937878136,10.963361697755134,0.17059500000000005,0.6840474,2.0098935,0.16501446612699716,0.18829391381959046,0.9681506395866569,9.58965003056527,10.783911199971895,1.1654433430719187,1.187399060714514,1.118068986782517
05/10/2023 16:35:32.742756,2873,True,True,True,True,Eyes,1.373472,-0.3529069,-2.934867,0.1006596,0.3210016,0.9417142,0.0,0.0,0.0,0.0,0.0,0.0,0.0,-1.163909,-0.07431024,3.051575,1.372136,-0.3553874,-2.943341,-0.06977381,-0.03481458,-0.003981703,0.9969473,351.9869,356.0125,359.8217,0.421205,-0.1082932,-0.9004766,0,0,0,1.542733,0.3289626,-0.9335504,0.3087001,0.4008,2.069,0.9975442,-0.003080804,0.06997222,0.01279739,0.9902315,-0.1388443,-0.06886096,0.1393988,0.9878392,static,9.69084002932009,11.012951715514697,8.486075937878136,10.963361697755134,0.1705969999999999,0.68435,2.0097906,0.1653172937372568,0.18840238679952886,0.9680778634985879,9.607494510187816,10.790522310623079,1.1832903105440766,1.2057842617522214,1.1346598909211814
05/10/2023 16:35:32.753405,2874,True,True,True,True,Eyes,1.373466,-0.3529151,-2.934871,0.1009586,0.321222,0.941607,0.0,0.0,0.0,0.0,0.0,0.0,0.0,-1.16387,-0.07436216,3.051555,1.37212,-0.3553985,-2.943312,-0.06976563,-0.03482073,-0.004027266,0.9969476,351.9877,356.0121,359.8165,0.4212218,-0.1082909,-0.900469,0,0,0,1.542741,0.3288971,-0.933505,0.3087001,0.4008,2.069,0.9975426,-0.003171365,0.06999081,0.01288852,0.9902331,-0.1388249,-0.06886695,0.1393858,0.9878406,static,9.707820382144732,11.02916778353531,8.486075937878136,10.963361697755134,0.1706209999999999,0.6842956,2.0098070000000003,0.16559560368270343,0.18866742974853218,0.967978642140416,9.624720884506612,10.806042423514716,1.2002067050635494,1.2235153975418542,1.1494614689192924
05/10/2023 16:35:32.773087,2875,True,True,True,True,Eyes,1.373447,-0.3529242,-2.934874,0.1010643,0.3213793,0.941542,0.0,0.0,0.0,0.0,0.0,0.0,0.0,-1.16393,-0.07395682,3.051582,1.372092,-0.3554379,-2.943362,-0.06969143,-0.03480773,-0.004057609,0.9969529,351.9961,356.0139,359.8126,0.4212368,-0.108289,-0.9004622,0,0,0,1.542796,0.3285446,-0.9334552,0.3087001,0.4008,2.069,0.9975439,-0.00323889,0.06996889,0.01294209,0.9902533,-0.1386757,-0.06883777,0.1392406,0.9878631,static,9.711877549968154,11.048130983322011,8.486075937878136,10.963361697755134,0.17070399999999997,0.6839824999999999,2.0099068,0.16565381831691256,0.18898592094563402,0.9679065652883742,9.629637344958347,10.824311323022881,1.204740748760725,1.2287291906591975,1.1519842440226573
05/10/2023 16:35:32.788966,2876,True,True,True,True,Eyes,1.373429,-0.3529312,-2.934875,0.1011633,0.3215342,0.9414786,0.0,0.0,0.0,0.0,0.0,0.0,0.0,-1.163872,-0.07356453,3.051616,1.372078,-0.3554313,-2.943372,-0.06965463,-0.03481179,-0.003987126,0.9969556,352.0006,356.0128,359.8206,0.4212497,-0.1082877,-0.9004564,0,0,0,1.542687,0.3284374,-0.9334182,0.3087002,0.4008,2.069,0.9975445,-0.003100371,0.06996705,0.01279958,0.9902647,-0.1386075,-0.06885617,0.1391627,0.9878727,static,9.720385305726579,11.061227037051506,8.486078646823053,10.963361697755134,0.170609,0.6838687,2.0099538,0.16579050833027453,0.18920276450180062,0.9678409117964355,9.638532108895228,10.836884714894383,1.213621392861338,1.2381803393888866,1.1593728517762103
05/10/2023 16:35:32.802883,2877,True,True,True,True,Eyes,1.373393,-0.3529412,-2.934875,0.1011674,0.3216044,0.9414541,0.0,0.0,0.0,0.0,0.0,0.0,0.0,-1.163752,-0.07382473,3.051609,1.372111,-0.3553879,-2.943313,-0.06970292,-0.03483594,-0.003959429,0.9969515,351.9951,356.0098,359.8242,0.4212609,-0.1082867,-0.9004513,0,0,0,1.542593,0.3286892,-0.9334201,0.3087001,0.4008001,2.069,0.9975415,-0.003038384,0.07001146,0.01275105,0.9902517,-0.138705,-0.06890752,0.1392567,0.9878559,static,9.72409683431444,11.05969913480057,8.486075937878136,10.963364366844228,0.17048200000000002,0.6840771,2.0098928999999996,0.16585409705813403,0.1891748889660621,0.9678353864178759,9.642028303547244,10.83538219549951,1.2171884877744468,1.2417633138123185,1.163015609473113
05/10/2023 16:35:32.822771,2878,True,True,True,True,Eyes,1.373359,-0.3529511,-2.934878,0.1011693,0.3216724,0.9414307,0.0,0.0,0.0,0.0,0.0,0.0,0.0,-1.163769,-0.0733968,3.051624,1.372102,-0.3554267,-2.943325,-0.069667,-0.0348287,-0.003891171,0.9969546,351.9996,356.0101,359.8319,0.42127,-0.1082861,-0.9004471,0,0,0,1.542538,0.3285384,-0.9333897,0.3087001,0.4008,2.069,0.9975436,-0.002905819,0.06998743,0.01261146,0.9902627,-0.1386386,-0.06890309,0.1391807,0.9878669,static,9.725533627296578,11.066993018910997,8.486075937878136,10.963361697755134,0.17043600000000003,0.6839651,2.0099353000000004,0.16587438307199456,0.18929744673827947,0.9678079813607622,9.643800085577581,10.842409964634882,1.2189472546698374,1.2437824627253002,1.164025138865652
05/10/2023 16:35:32.843055,2879,True,True,True,True,Eyes,1.373324,-0.3529612,-2.934877,0.1011061,0.3216874,0.9414323,0.0,0.0,0.0,0.0,0.0,0.0,0.0,-1.163617,-0.07344627,3.051725,1.372115,-0.3554318,-2.943365,-0.06967447,-0.03485507,-0.003891061,0.9969531,351.9987,356.0071,359.8321,0.4212773,-0.1082859,-0.9004437,0,0,0,1.542443,0.3285646,-0.9334307,0.3087002,0.4008,2.069,0.9975399,-0.002901394,0.07003994,0.01261542,0.9902607,-0.1386531,-0.06895551,0.1391956,0.9878612,static,9.724795542030916,11.066964680436017,8.486078646823053,10.963361697755134,0.17032800000000003,0.6839964000000001,2.0099343000000003,0.1658619082003529,0.18929735907279924,0.9678100740927742,9.643087198746635,10.842388202846058,1.2182206039584627,1.2430418836442256,1.1633156818743655
05/10/2023 16:35:32.853215,2880,True,True,True,True,Eyes,1.373291,-0.3529718,-2.934877,0.1010467,0.3217027,0.9414334,0.0,0.0,0.0,0.0,0.0,0.0,0.0,-1.163692,-0.07348555,3.05165,1.372141,-0.3554339,-2.943305,-0.06970064,-0.0348457,-0.003848785,0.9969518,351.9958,356.0078,359.837,0.421283,-0.1082861,-0.9004411,0,0,0,1.542463,0.3286875,-0.9334131,0.3087001,0.4008,2.069,0.9975419,-0.00281657,0.07001548,0.01253164,0.990254,-0.1387081,-0.06894244,0.1392446,0.9878553,static,9.721460758163111,11.064010644326142,8.486075937878136,10.963361697755134,0.17032199999999986,0.6841214,2.0098919,0.16580713741574402,0.1892492192975429,0.9678288255580153,9.639716335360692,10.83956277450573,1.2148105134491762,1.2394780613776089,1.1602639096780623
05/10/2023 16:35:32.877810,2881,True,True,True,True,Eyes,1.373265,-0.3529828,-2.934875,0.1009463,0.321672,0.9414547,0.0,0.0,0.0,0.0,0.0,0.0,0.0,-1.163721,-0.07367864,3.051635,1.372129,-0.3554575,-2.943307,-0.06971835,-0.03484099,-0.003892188,0.9969505,351.9937,356.0087,359.8321,0.4212873,-0.1082867,-0.900439,0,0,0,1.542519,0.328714,-0.9334384,0.3087001,0.4008,2.069,0.9975419,-0.002902526,0.0700122,0.01261875,0.9902484,-0.1387403,-0.06892677,0.1392827,0.9878508,static,9.713693286227436,11.060335652992062,8.486075937878136,10.963361697755134,0.17039000000000004,0.6841714999999999,2.0098686,0.1656778182176184,0.1891913184337159,0.9678623294662018,9.632034896976592,10.836075161764981,1.2070287042696437,1.2314415544241069,1.1530064172338286
05/10/2023 16:35:32.893050,2882,True,True,True,True,Eyes,1.37324,-0.3529922,-2.934873,0.1008485,0.3216424,0.9414753,0.0,0.0,0.0,0.0,0.0,0.0,0.0,-1.163923,-0.07343349,3.05154,1.372105,-0.3554802,-2.943292,-0.06969012,-0.03480336,-0.003874773,0.9969538,351.997,356.0129,359.8336,0.4212905,-0.1082876,-0.9004374,0,0,0,1.542628,0.3285844,-0.9333982,0.3087001,0.4008,2.069,0.9975474,-0.002875038,0.06993476,0.01257684,0.9902565,-0.138686,-0.06885462,0.1392254,0.987864,static,9.704279690935188,11.060985445096337,8.486075937878136,10.963361697755134,0.1705230000000002,0.6840646,2.0098938,0.16551827536466723,0.1892074357375385,0.967886481320011,9.622996333657998,10.836773446575165,1.1978406176125602,1.2221091522475505,1.1439460527826657
05/10/2023 16:35:32.903482,2883,True,True,True,True,Eyes,1.373196,-0.3530059,-2.934874,0.100699,0.3215895,0.9415094,0.0,0.0,0.0,0.0,0.0,0.0,0.0,-1.163877,-0.07329816,3.051565,1.37211,-0.3554493,-2.943297,-0.06968125,-0.03480973,-0.003829745,0.9969546,351.9982,356.0118,359.8389,0.4212927,-0.1082887,-0.9004362,0,0,0,1.542558,0.3286016,-0.933392,0.3087002,0.4008,2.069,0.9975473,-0.002784993,0.06994116,0.01248733,0.9902597,-0.1386714,-0.06887371,0.1392047,0.9878656,static,9.69756781966465,11.057618071013717,8.486078646823053,10.963361697755134,0.17044800000000015,0.6840509,2.009905,0.16540662563075975,0.18915414874898914,0.9679160095835284,9.616348627469433,10.833574698686972,1.1911078321872834,1.2151503116126328,1.1376971891841379
05/10/2023 16:35:32.922900,2884,True,True,True,True,Eyes,1.373154,-0.3530231,-2.934874,0.1005488,0.3215311,0.9415454,0.0,0.0,0.0,0.0,0.0,0.0,0.0,-1.163674,-0.07391292,3.051679,1.372125,-0.3555244,-2.943335,-0.06973989,-0.03485039,-0.003957404,0.9969485,351.9909,356.0081,359.8247,0.4212936,-0.1082902,-0.9004356,0,0,0,1.542547,0.3287028,-0.9334879,0.3087001,0.4008,2.069,0.9975395,-0.003029733,0.07004005,0.01275158,0.9902413,-0.1387783,-0.0689361,0.13933,0.9878436,static,9.68938900817263,11.048800972289488,8.486075937878136,10.963361697755134,0.17042199999999985,0.6842272,2.0098471,0.16527314532768275,0.18900948540451276,0.9679670715320979,9.60799792232438,10.825128034547719,1.1827263582301524,1.2063424948058994,1.1304058938397037
05/10/2023 16:35:32.943277,2885,True,True,True,True,Eyes,1.373132,-0.3530343,-2.934875,0.1003702,0.3214385,0.941596,0.0,0.0,0.0,0.0,0.0,0.0,0.0,-1.163373,-0.07265398,3.051847,1.372131,-0.3556213,-2.943344,-0.06961419,-0.03489405,-0.003794707,0.9969564,352.006,356.0018,359.8433,0.4212933,-0.1082921,-0.9004355,0,0,0,1.542192,0.3281811,-0.9333211,0.3087002,0.4008,2.069,0.997536,-0.002708074,0.070104,0.01242455,0.990279,-0.1385398,-0.06904735,0.1390694,0.9878725,static,9.688931153536926,11.054868538501733,8.486078646823053,10.963361697755134,0.17006100000000002,0.6838024,2.0100229,0.1652620659483292,0.18911233386025322,0.96794880457941,9.607878539060666,10.830986736260463,1.1825254524759319,1.206328170445866,1.1295831658868838
05/10/2023 16:35:32.960667,2886,True,True,True,True,Eyes,1.373113,-0.353044,-2.934872,0.1002009,0.3213659,0.9416388,0.0,0.0,0.0,0.0,0.0,0.0,0.0,-1.162718,-0.0732626,3.05209,1.37214,-0.3555146,-2.943361,-0.06968473,-0.03500324,-0.003817554,0.9969475,351.9978,355.9893,359.8419,0.4212925,-0.1082942,-0.9004357,0,0,0,1.54178,0.3285654,-0.9333977,0.3087001,0.4007999,2.069,0.9975204,-0.002733419,0.07032484,0.01249018,0.9902589,-0.1386768,-0.06926074,0.1392113,0.9878377,static,9.6904568179972,11.042572352040315,8.486075937878136,10.963359028665995,0.16964,0.68408,2.0099633,0.16529460268954377,0.1889035525367538,0.9679840049658671,9.608696649744068,10.81910929927845,1.1835478589394721,1.2069830384045903,1.131850364287945
05/10/2023 16:35:32.973107,2887,True,True,True,True,Eyes,1.373105,-0.3530551,-2.934869,0.1000278,0.3213141,0.9416749,0.0,0.0,0.0,0.0,0.0,0.0,0.0,-1.162709,-0.07506049,3.052009,1.372179,-0.3554909,-2.943303,-0.06992047,-0.03501684,-0.003958559,0.99693,351.9702,355.9888,359.8266,0.4212913,-0.1082964,-0.900436,0,0,0,1.541929,0.329469,-0.9336485,0.3087001,0.4008,2.069,0.9975163,-0.002996025,0.07037223,0.0127896,0.9901909,-0.1391344,-0.0692651,0.1396888,0.9877699,static,9.677098630955753,11.013688014486751,8.486075937878136,10.963361697755134,0.16975000000000007,0.6849599,2.0096545,0.16508446359922796,0.18842226951233368,0.9681136798701055,9.594289301348521,10.791336823060984,1.1698071566388062,1.1920854808199075,1.1214853616913074
05/10/2023 16:35:32.993058,2888,True,True,True,True,Eyes,1.373097,-0.3530665,-2.934862,0.09987902,0.3212567,0.9417103,0.0,0.0,0.0,0.0,0.0,0.0,0.0,-1.162422,-0.07713863,3.052072,1.372264,-0.3555478,-2.943263,-0.07021049,-0.03508331,-0.004107989,0.9969068,351.9362,355.9822,359.8111,0.42129,-0.1082988,-0.9004363,0,0,0,1.541918,0.3305083,-0.9339743,0.3087001,0.4008,2.069,0.9975046,-0.003264131,0.07052641,0.013117,0.9901072,-0.1396984,-0.06937271,0.1402749,0.9876793,static,9.67077649601851,10.978669281674305,8.486075937878136,10.963361697755134,0.16965399999999997,0.6860561000000001,2.0092887,0.1649965932929668,0.18783333553583195,0.9682431189119494,9.586338007026136,10.757591378239873,1.1637436262798455,1.1847994490982667,1.1193382175192854
05/10/2023 16:35:33.003313,2889,True,True,True,True,Eyes,1.373113,-0.3530743,-2.934853,0.09976213,0.3211576,0.9417565,0.0,0.0,0.0,0.0,0.0,0.0,0.0,-1.163204,-0.07799441,3.051678,1.372259,-0.3555639,-2.943186,-0.07017045,-0.03497576,-0.00455803,0.9969113,351.9391,355.9984,359.7581,0.4212888,-0.1083012,-0.9004366,0,0,0,1.542842,0.3301105,-0.9338457,0.3087001,0.4008,2.069,0.9975119,-0.004179373,0.07037514,0.01399643,0.9901106,-0.1395886,-0.06909579,0.1402263,0.9877056,static,9.638472538356769,10.98273103220754,8.486075937878136,10.963361697755134,0.17058300000000015,0.6856743999999999,2.0093403,0.164447905544086,0.1879194335861793,0.968319763691189,9.555418209165998,10.761755431806646,1.131934171498158,1.1525593676300758,1.0881810417539797
05/10/2023 16:35:33.028840,2890,True,True,True,True,Eyes,1.373127,-0.3530826,-2.934845,0.09963736,0.3210543,0.9418049,0.0,0.0,0.0,0.0,0.0,0.0,0.0,-1.163592,-0.07654837,3.051483,1.372146,-0.3555219,-2.943157,-0.06992571,-0.03489558,-0.004560737,0.9969313,351.9672,356.0077,359.7562,0.4212881,-0.1083037,-0.9004366,0,0,0,1.543047,0.3291644,-0.9335073,0.3087001,0.4008,2.069,0.997523,-0.004213285,0.07021482,0.01397368,0.9901792,-0.1391039,-0.06893917,0.1397405,0.9877854,static,9.622515372108422,11.003822371738872,8.486075937878136,10.963361697755134,0.17090099999999997,0.6846863000000001,2.0096496999999998,0.1641665152539859,0.18828481347604584,0.9682965046946743,9.541157305105608,10.782229444892812,1.116144106098869,1.1371594671869343,1.0705165036082227
05/10/2023 16:35:33.053149,2891,True,True,True,True,Eyes,1.373127,-0.3530939,-2.93484,0.09949636,0.3209535,0.9418542,0.0,0.0,0.0,0.0,0.0,0.0,0.0,-1.16291,-0.07499835,3.051774,1.372095,-0.3555401,-2.943171,-0.06978029,-0.0349878,-0.004296563,0.9969394,351.9849,355.995,359.7868,0.4212879,-0.1083062,-0.9004365,0,0,0,1.542322,0.3286938,-0.9333091,0.3087,0.4008,2.069,0.9975148,-0.003683908,0.07036106,0.01344974,0.9902245,-0.1388328,-0.0691618,0.1394341,0.9878131,static,9.632785852713656,11.010601971242414,8.48607322893318,10.963361697755134,0.1702269999999999,0.6842339,2.0098618999999998,0.1643365862043066,0.1883939854477218,0.9682464570319776,9.551415911440492,10.788694082847064,1.12627629902897,1.1476852726146916,1.0795664902494657
05/10/2023 16:35:33.054660,2892,True,True,True,True,Eyes,1.373128,-0.353104,-2.934835,0.09936208,0.3208453,0.9419052,0.0,0.0,0.0,0.0,0.0,0.0,0.0,-1.162234,-0.07435694,3.052108,1.372146,-0.3555977,-2.943204,-0.06973435,-0.03510093,-0.004166491,0.9969392,351.9907,355.9809,359.8026,0.4212878,-0.1083088,-0.9004362,0,0,0,1.541765,0.3285197,-0.9332511,0.3087001,0.4008,2.069,0.9975011,-0.003411995,0.07056809,0.01320296,0.9902396,-0.1387493,-0.06940589,0.1393343,0.9878101,static,9.641608171833289,11.00750717369242,8.486075937878136,10.963361697755134,0.16961899999999996,0.6841174000000001,2.0099529,0.16448750168542547,0.18833687582449019,0.9682319031384032,9.559754872503541,10.78564082748106,1.1349110007858663,1.1563751842525487,1.0882881798445303
05/10/2023 16:35:33.077691,2893,True,True,True,True,Eyes,1.373148,-0.3531139,-2.934829,0.09924807,0.3207359,0.9419545,0.0,0.0,0.0,0.0,0.0,0.0,0.0,-1.162467,-0.07319051,3.052075,1.372172,-0.3555762,-2.943222,-0.06957222,-0.03506407,-0.004084933,0.9969522,352.0096,355.9845,359.811,0.4212878,-0.1083115,-0.9004358,0,0,0,1.541845,0.3279273,-0.9330649,0.3087001,0.4008,2.069,0.9975076,-0.003265994,0.07048279,0.01302394,0.9902861,-0.1384339,-0.069346,0.1390068,0.9878604,static,9.63349905280669,11.017748061919727,8.486075937878136,10.963361697755134,0.16967299999999996,0.6835035,2.0101571,0.16434476646024868,0.18851448285201391,0.9682215988656467,9.552482437182507,10.795584705792356,1.1270630443151108,1.148711313289544,1.0795239417403772
05/10/2023 16:35:33.092942,2894,True,True,True,True,Eyes,1.373168,-0.3531238,-2.934825,0.09913456,0.3206298,0.9420026,0.0,0.0,0.0,0.0,0.0,0.0,0.0,-1.162566,-0.07237545,3.052051,1.372177,-0.3556072,-2.94321,-0.06950932,-0.03504197,-0.003927118,0.9969581,352.0175,355.9858,359.8288,0.4212883,-0.1083141,-0.9004352,0,0,0,1.541768,0.3277181,-0.932986,0.3087001,0.4008001,2.069,0.9975132,-0.002958856,0.0704167,0.01270183,0.9903061,-0.1383205,-0.06932481,0.138871,0.987881,static,9.62913377775886,11.01572248690815,8.486075937878136,10.963364366844228,0.16959100000000005,0.6833253,2.010224,0.16427202752985295,0.18848257334388452,0.9682401812350552,9.548167621348272,10.793663045496341,1.1227485511008781,1.1442563515442745,1.0755637045585196
05/10/2023 16:35:33.102767,2895,True,True,True,True,Eyes,1.373189,-0.3531303,-2.934821,0.09904723,0.3205139,0.9420512,0.0,0.0,0.0,0.0,0.0,0.0,0.0,-1.162351,-0.07203221,3.052168,1.372185,-0.3556203,-2.943233,-0.06948444,-0.03507487,-0.00385272,0.9969589,352.0206,355.9814,359.8376,0.4212894,-0.1083168,-0.9004344,0,0,0,1.541558,0.3276422,-0.9329694,0.3087001,0.4008,2.069,0.9975098,-0.002807691,0.07047181,0.01255632,0.9903141,-0.138276,-0.069401,0.1388165,0.9878833,static,9.62994638922774,11.010280884022862,8.486075937878136,10.963361697755134,0.169373,0.6832625,2.0102636,0.16428872432444513,0.18839007896773943,0.9682553229865037,9.54866213705048,10.788405717681496,1.1234829891003846,1.144832310651116,1.0768932285213124
05/10/2023 16:35:33.122731,2896,True,True,True,True,Eyes,1.373208,-0.3531378,-2.934819,0.09895863,0.3204054,0.9420974,0.0,0.0,0.0,0.0,0.0,0.0,0.0,-1.162278,-0.07228532,3.052194,1.372185,-0.3555449,-2.943246,-0.0694724,-0.0350912,-0.003950094,0.9969587,352.0216,355.9803,359.8264,0.4212909,-0.1083195,-0.9004334,0,0,0,1.541596,0.3276237,-0.9329533,0.3087,0.4008,2.069,0.997506,-0.003000421,0.0705178,0.0127519,0.990316,-0.138245,-0.06942011,0.1387995,0.9878844,static,9.623690322758504,11.006190609935052,8.48607322893318,10.963361697755134,0.16941099999999998,0.6831686,2.0102927,0.16418510832550753,0.18832424616024446,0.9682856863548659,9.542415393304138,10.784505918002164,1.1173121667257988,1.1384230179867645,1.0713767582783211
05/10/2023 16:35:33.132961,2897,True,True,True,True,Eyes,1.373237,-0.3531441,-2.934816,0.09885464,0.3203151,0.942139,0.0,0.0,0.0,0.0,0.0,0.0,0.0,-1.161835,-0.07260564,3.052372,1.372171,-0.3555739,-2.943268,-0.06951329,-0.03516269,-0.00398512,0.9969533,352.0168,355.9724,359.8231,0.4212927,-0.108322,-0.9004322,0,0,0,1.541328,0.3277456,-0.9330045,0.3087,0.4008,2.069,0.9974954,-0.003057407,0.07066516,0.01283451,0.9903041,-0.1383227,-0.06955708,0.1388832,0.9878629,static,9.624500610782327,10.996440726889906,8.48607322893318,10.963361697755134,0.169157,0.6833195000000001,2.0102635,0.16420409792869906,0.18815886548845664,0.9683145945507887,9.542679098980374,10.775091092005596,1.1180915775001616,1.1389078654186233,1.073248240439968
05/10/2023 16:35:33.158146,2898,True,True,True,True,Eyes,1.373266,-0.3531503,-2.934815,0.09874767,0.3202367,0.9421769,0.0,0.0,0.0,0.0,0.0,0.0,0.0,-1.161255,-0.07289791,3.052592,1.372192,-0.3555737,-2.943264,-0.06955343,-0.03526159,-0.003998937,0.9969469,352.0121,355.961,359.8225,0.4212951,-0.1083245,-0.9004307,0,0,0,1.54096,0.3279053,-0.9330221,0.3087,0.4008,2.069,0.9974812,-0.003068327,0.07086413,0.01287858,0.9902927,-0.1384001,-0.06975158,0.1389642,0.9878379,static,9.62886706595914,10.987330093006578,8.48607322893318,10.963361697755134,0.16876800000000003,0.683479,2.0102419,0.16428290865938736,0.18800239553114284,0.9683316489962991,9.546404234042972,10.766266236110734,1.122441075265889,1.1430451600507512,1.078493607490542
05/10/2023 16:35:33.175174,2899,True,True,True,True,Eyes,1.373292,-0.3531569,-2.934813,0.09866665,0.3201594,0.9422117,0.0,0.0,0.0,0.0,0.0,0.0,0.0,-1.160577,-0.07388303,3.052866,1.372215,-0.3555766,-2.943294,-0.06967478,-0.03537957,-0.004090975,0.9969339,351.9978,355.9481,359.8133,0.4212981,-0.1083268,-0.9004291,0,0,0,1.540605,0.3283516,-0.9331736,0.3087,0.4008,2.069,0.9974631,-0.003226735,0.07111225,0.01308699,0.9902574,-0.1386328,-0.06997211,0.1392118,0.9877874,static,9.634416496780316,10.970223685609524,8.48607322893318,10.963361697755134,0.16839000000000004,0.6839282,2.0101204,0.16438606220958038,0.1877100163566563,0.9683709047457407,9.550845341764855,10.749716460177702,1.128202976437254,1.1483637697555402,1.0859944474091703
05/10/2023 16:35:33.193044,2900,True,True,True,True,Eyes,1.373318,-0.3531643,-2.934809,0.09858853,0.3200883,0.9422441,0.0,0.0,0.0,0.0,0.0,0.0,0.0,-1.160385,-0.07441542,3.052899,1.372219,-0.3555917,-2.943263,-0.06971039,-0.03541767,-0.004221728,0.9969295,351.9931,355.9447,359.7987,0.4213014,-0.1083291,-0.9004273,0,0,0,1.540596,0.3284191,-0.9331695,0.3087001,0.4008,2.069,0.9974555,-0.003479571,0.07120644,0.01335549,0.9902453,-0.1386936,-0.07002924,0.1392917,0.9877721,static,9.630164037151406,10.963549321702473,8.486075937878136,10.963361697755134,0.168377,0.6840108,2.0100935,0.1643177362115653,0.18759938710656548,0.9684040032717791,9.546392624078056,10.743307837519302,1.1242106050184304,1.144088114657901,1.0829105117407771
05/10/2023 16:35:33.207124,2901,True,True,True,True,Eyes,1.373319,-0.3531753,-2.934807,0.09854394,0.3199985,0.9422792,0.0,0.0,0.0,0.0,0.0,0.0,0.0,-1.160329,-0.07472086,3.052898,1.372227,-0.355619,-2.94324,-0.06975513,-0.03542934,-0.004246905,0.9969258,351.9879,355.9436,359.7961,0.421305,-0.1083314,-0.9004253,0,0,0,1.540585,0.3285599,-0.9332024,0.3087001,0.4008,2.069,0.9974534,-0.00352494,0.07123333,0.01341045,0.9902323,-0.1387804,-0.07004835,0.1393823,0.987758,static,9.627997891436046,10.95314351335367,8.486075937878136,10.963361697755134,0.168358,0.6841789,2.0100376,0.16428669825255768,0.18742447716679417,0.9684430726695505,9.54375277588576,10.733282562069466,1.1224537306577211,1.1419676699933217,1.082412445575009
05/10/2023 16:35:33.222873,2902,True,True,True,True,Eyes,1.37332,-0.3531866,-2.934807,0.09850204,0.319902,0.9423164,0.0,0.0,0.0,0.0,0.0,0.0,0.0,-1.160119,-0.07470194,3.052989,1.372233,-0.3556745,-2.943241,-0.06977125,-0.03546356,-0.004220552,0.9969237,351.9861,355.9394,359.7994,0.4213083,-0.1083338,-0.9004235,0,0,0,1.540424,0.3285835,-0.9332163,0.3087001,0.4008,2.069,0.997449,-0.003466461,0.07129788,0.01336381,0.9902283,-0.1388139,-0.07011998,0.1394126,0.9877486,static,9.630118185220676,10.945016323260502,8.486075937878136,10.963361697755134,0.16819099999999998,0.684258,2.0100246999999998,0.1643269684574153,0.18728584134719736,0.9684631124960773,9.545365184939369,10.725423731678081,1.124892977405349,1.1441893271962984,1.0856832800777767
05/10/2023 16:35:33.242993,2903,True,True,True,True,Eyes,1.373353,-0.3531964,-2.934805,0.0984771,0.3197752,0.942362,0.0,0.0,0.0,0.0,0.0,0.0,0.0,-1.160185,-0.07395074,3.053033,1.372245,-0.3556954,-2.943286,-0.0696396,-0.03545597,-0.004243765,0.996933,352.0012,355.9405,359.7961,0.4213113,-0.1083363,-0.9004219,0,0,0,1.540485,0.3280226,-0.9330814,0.3087001,0.4008,2.069,0.9974498,-0.003523218,0.07128552,0.01339978,0.9902647,-0.1385511,-0.07010338,0.1391529,0.9877864,static,9.627353762873854,10.952644582403295,8.486075937878136,10.963361697755134,0.16824000000000017,0.683718,2.0102046000000002,0.1642760706866198,0.18741638198466898,0.9684464513678551,9.543105479943328,10.732805964806886,1.1218409125001092,1.1413281431684854,1.081881416234633
05/10/2023 16:35:33.253132,2904,True,True,True,True,Eyes,1.373385,-0.3532021,-2.934805,0.09844626,0.3196636,0.942403,0.0,0.0,0.0,0.0,0.0,0.0,0.0,-1.16048,-0.07305866,3.052943,1.372283,-0.355709,-2.943267,-0.06952034,-0.0354121,-0.004184544,0.9969431,352.0151,355.9452,359.8022,0.4213148,-0.1083387,-0.9004199,0,0,0,1.540632,0.327556,-0.9329172,0.3087,0.4008,2.069,0.9974569,-0.003419781,0.07118952,0.01326723,0.9902988,-0.1383193,-0.07002587,0.138912,0.9878258,static,9.622565009259443,10.958388264889766,8.48607322893318,10.963361697755134,0.16834900000000008,0.683265,2.0103498,0.16419193271901383,0.1875161117247565,0.9684413326348533,9.538794694472958,10.738384888230609,1.1169180637181144,1.136502662462181,1.076492939517977
05/10/2023 16:35:33.272806,2905,True,True,True,True,Eyes,1.373415,-0.3532122,-2.934805,0.09844248,0.3195443,0.942444,0.0,0.0,0.0,0.0,0.0,0.0,0.0,-1.160122,-0.07352346,3.053104,1.372314,-0.3556236,-2.943301,-0.06963576,-0.03546872,-0.004054141,0.9969335,352.0024,355.9375,359.8181,0.4213188,-0.1083411,-0.9004177,0,0,0,1.540295,0.3281699,-0.9331009,0.3087001,0.4008,2.069,0.9974511,-0.003143636,0.07128455,0.0130232,0.9902688,-0.1385569,-0.07015529,0.139132,0.9877856,static,9.632302382960411,10.936154238558682,8.486075937878136,10.963361697755134,0.16798099999999994,0.6837934999999999,2.0102001,0.16436870935999348,0.18713472846222576,0.9684852582531854,9.54700019712636,10.716855240101294,1.1274917863679295,1.1465493051944506,1.089185804868223
05/10/2023 16:35:33.293230,2906,True,True,True,True,Eyes,1.373444,-0.3532206,-2.934805,0.09845177,0.3194178,0.9424858,0.0,0.0,0.0,0.0,0.0,0.0,0.0,-1.160049,-0.07481396,3.053158,1.372386,-0.3557304,-2.943314,-0.06977078,-0.03550185,-0.004280669,0.996922,351.986,355.9355,359.7928,0.4213231,-0.1083435,-0.9004154,0,0,0,1.540484,0.3284991,-0.9332718,0.3087001,0.4008001,2.069,0.9974426,-0.003581002,0.07138248,0.01348897,0.9902274,-0.1388081,-0.07018782,0.139416,0.9877433,static,9.629566738063414,10.916265039926346,8.486075937878136,10.963364366844228,0.16809799999999986,0.6842295,2.0100422,0.16433311856462873,0.18679962785008342,0.9685558787971437,9.543308322771614,10.697682746433266,1.126066913553964,1.1444603779530704,1.0901041413973924
05/10/2023 16:35:33.311090,2907,True,True,True,True,Eyes,1.37347,-0.3532292,-2.934806,0.09845634,0.3192536,0.942541,0.0,0.0,0.0,0.0,0.0,0.0,0.0,-1.160813,-0.07455614,3.052851,1.372375,-0.3556953,-2.9433,-0.06964073,-0.03538494,-0.004482919,0.9969345,352.0001,355.9507,359.768,0.4213277,-0.1083459,-0.900413,0,0,0,1.541165,0.3279095,-0.9331028,0.3087001,0.4008,2.069,0.9974556,-0.004009885,0.07117731,0.01386682,0.9902601,-0.1385372,-0.06992853,0.1391717,0.9877961,static,9.610889814930283,10.923523284635227,8.486075937878136,10.963361697755134,0.16879,0.6836048,2.0101972,0.16401317584391306,0.18693242180606867,0.9685845324531397,9.525692156908322,10.704828321521921,1.1072209017445396,1.1255191500676462,1.0712802572143132
05/10/2023 16:35:33.327749,2908,True,True,True,True,Eyes,1.373496,-0.3532369,-2.934805,0.09844939,0.3191053,0.942592,0.0,0.0,0.0,0.0,0.0,0.0,0.0,-1.160215,-0.0742085,3.053098,1.372342,-0.3557074,-2.943326,-0.0696075,-0.03547469,-0.004423061,0.9969338,352.0041,355.9398,359.7755,0.4213325,-0.1083482,-0.9004104,0,0,0,1.540697,0.327797,-0.9330579,0.3087001,0.4008,2.069,0.997444,-0.003880389,0.07134757,0.01375761,0.9902705,-0.1384743,-0.07011606,0.1391019,0.9877927,static,9.622408324264809,10.917846094363068,8.486075937878136,10.963361697755134,0.16835500000000003,0.6835044,2.0102681,0.16421115155033955,0.18683021982646164,0.9685707614880649,9.536492761677911,10.699262640186468,1.1189236410664252,1.1372435809901833,1.0831084045146477
05/10/2023 16:35:33.343180,2909,True,True,True,True,Eyes,1.373523,-0.3532484,-2.934804,0.0984482,0.3189221,0.942654,0.0,0.0,0.0,0.0,0.0,0.0,0.0,-1.159413,-0.07473469,3.053365,1.372357,-0.3556971,-2.943294,-0.06971969,-0.03560499,-0.004353259,0.9969215,351.9915,355.9242,359.7851,0.4213375,-0.1083506,-0.9004079,0,0,0,1.540107,0.3282978,-0.9331428,0.3087001,0.4008,2.069,0.9974266,-0.003714976,0.07159778,0.01364445,0.9902405,-0.1387001,-0.07038375,0.1393201,0.9877429,static,9.638818198110538,10.893331135341384,8.486075937878136,10.963361697755134,0.16774999999999984,0.6839949,2.0101511999999997,0.1645020028946169,0.18640660246213578,0.96860290484276,9.551008359591737,10.675481388514289,1.1370219919191793,1.1548675240899688,1.103157348371211
05/10/2023 16:35:33.353507,2910,True,True,True,True,Eyes,1.37355,-0.3532593,-2.9348,0.09845056,0.3187428,0.9427144,0.0,0.0,0.0,0.0,0.0,0.0,0.0,-1.159468,-0.07412025,3.053378,1.372418,-0.3557914,-2.943274,-0.0696552,-0.03560438,-0.004302027,0.9969264,351.9991,355.9238,359.7907,0.4213426,-0.108353,-0.9004052,0,0,0,1.540112,0.3279688,-0.9330379,0.3087001,0.4008,2.069,0.9974276,-0.003617547,0.07158922,0.01353767,0.9902593,-0.1385759,-0.07039057,0.1391885,0.987761,static,9.640478841445491,10.88905616022414,8.486075937878136,10.963361697755134,0.167694,0.6837602,2.0102361,0.1645324033860212,0.1863333750375638,0.9686118349817145,9.552382121732402,10.671343446415966,1.1390489500452106,1.1567918467349736,1.1055693270170956
05/10/2023 16:35:33.373221,2911,True,True,True,True,Eyes,1.373586,-0.3532688,-2.934796,0.09845711,0.3185404,0.9427821,0.0,0.0,0.0,0.0,0.0,0.0,0.0,-1.159814,-0.07375214,3.053226,1.372444,-0.3557894,-2.94323,-0.06960668,-0.03555172,-0.004276875,0.9969316,352.0048,355.9297,359.793,0.4213479,-0.1083554,-0.9004024,0,0,0,1.540324,0.3277853,-0.932947,0.3087002,0.4008,2.069,0.9974356,-0.003578231,0.07148067,0.01347678,0.9902732,-0.1384821,-0.07028987,0.1390903,0.9877819,static,9.63569989166828,10.881642884978683,8.486078646823053,10.963361697755134,0.16788000000000003,0.6835747,2.010283,0.16445550878591103,0.18621046479711456,0.9686485045939686,9.54738275881055,10.664225753848813,1.1350866934286339,1.1525220045452846,1.1026553092686282
05/10/2023 16:35:33.392971,2912,True,True,True,True,Eyes,1.37362,-0.353278,-2.934793,0.09846999,0.3183393,0.9428488,0.0,0.0,0.0,0.0,0.0,0.0,0.0,-1.159918,-0.07346869,3.053204,1.372496,-0.3557721,-2.94322,-0.06955292,-0.03554404,-0.004287079,0.9969356,352.0109,355.9307,359.7915,0.4213537,-0.1083579,-0.9003994,0,0,0,1.540416,0.3275816,-0.9328644,0.3087001,0.4008001,2.069,0.9974365,-0.0036035,0.07146659,0.01349227,0.990288,-0.1383748,-0.07027388,0.1389843,0.987798,static,9.635338846452456,10.875673428038613,8.486075937878136,10.963364366844228,0.16792000000000007,0.6833537,2.0103556,0.16445262159167315,0.1861096564802915,0.9686684879425694,9.546718072840862,10.658467924683707,1.1353560021365876,1.1526035457924446,1.1035957497654816
05/10/2023 16:35:33.402874,2913,True,True,True,True,Eyes,1.37364,-0.3532857,-2.934793,0.098488,0.3181109,0.9429239,0.0,0.0,0.0,0.0,0.0,0.0,0.0,-1.160326,-0.07326883,3.053056,1.372511,-0.355771,-2.943215,-0.06947772,-0.03548479,-0.004390641,0.9969426,352.0191,355.9384,359.7788,0.4213597,-0.1083604,-0.9003962,0,0,0,1.540782,0.3272283,-0.9327692,0.3087,0.4008001,2.069,0.9974431,-0.003823629,0.0713627,0.01368524,0.9903071,-0.138219,-0.0701425,0.1388422,0.9878273,static,9.62674953314257,10.871604787178454,8.48607322893318,10.963364366844228,0.16827100000000006,0.6829993000000001,2.0104458,0.16430942476300164,0.18604535179237575,0.9687050387215518,9.53822364044364,10.65460665660823,1.1273824800368428,1.1443610669038138,1.0965180400120227
05/10/2023 16:35:33.422948,2914,True,True,True,True,Eyes,1.373657,-0.3532947,-2.934794,0.09850223,0.317903,0.9429926,0.0,0.0,0.0,0.0,0.0,0.0,0.0,-1.160537,-0.0737114,3.05304,1.372468,-0.3557148,-2.94332,-0.06948721,-0.0354476,-0.004517502,0.9969427,352.0175,355.9437,359.7639,0.4213657,-0.1083628,-0.9003931,0,0,0,1.541029,0.3272602,-0.9328898,0.3087,0.4008,2.069,0.9974461,-0.004081069,0.07130627,0.01393369,0.9903022,-0.1382293,-0.07005064,0.1388698,0.98783,static,9.61957705626204,10.859446331806689,8.48607322893318,10.963361697755134,0.16856099999999996,0.682975,2.0104302,0.16419455599880137,0.18584340025983095,0.9687633502248904,9.530665591817195,10.642927948779237,1.1217667447344932,1.1382571457493138,1.0926348850729415
05/10/2023 16:35:33.442839,2915,True,True,True,True,Eyes,1.373678,-0.3533051,-2.934794,0.0985356,0.3176802,0.9430641,0.0,0.0,0.0,0.0,0.0,0.0,0.0,-1.160238,-0.07466158,3.053134,1.372453,-0.3557595,-2.943325,-0.06964248,-0.03549407,-0.004537222,0.9969301,351.9996,355.9385,359.7626,0.4213715,-0.1083652,-0.9003901,0,0,0,1.540854,0.327832,-0.9330911,0.3087,0.4008,2.069,0.9974391,-0.004102799,0.07140216,0.01399038,0.9902586,-0.1385352,-0.07013822,0.1391794,0.9877802,static,9.62581877734895,10.828511836793007,8.48607322893318,10.963361697755134,0.16840100000000002,0.6835915,2.0102339000000002,0.16431671522347963,0.18531649065107214,0.9688434786069144,9.535040312039774,10.61302874826188,1.1320222104261608,1.1476952557778881,1.1059227445630189
05/10/2023 16:35:33.462910,2916,True,True,True,True,Eyes,1.373697,-0.3533157,-2.934793,0.09857108,0.3174688,0.9431316,0.0,0.0,0.0,0.0,0.0,0.0,0.0,-1.16008,-0.0751487,3.053193,1.372467,-0.355803,-2.943324,-0.06970765,-0.03552425,-0.00458944,0.9969242,351.9919,355.9354,359.7571,0.4213772,-0.1083677,-0.9003872,0,0,0,1.540804,0.3280269,-0.9331657,0.3087001,0.4008,2.069,0.9974339,-0.004198022,0.0714698,0.01410327,0.9902396,-0.1386604,-0.07019012,0.1393126,0.9877577,static,9.629584282465617,10.809064852296855,8.486075937878136,10.963361697755134,0.16833699999999996,0.6838299,2.0101583,0.16439082827839044,0.18498532910162677,0.9688942126462897,9.537637855080572,10.594233800385798,1.1387068294918137,1.1538712452694093,1.11446752771302
05/10/2023 16:35:33.477935,2917,True,True,True,True,Eyes,1.373698,-0.3533259,-2.934794,0.09860255,0.3172655,0.9431968,0.0,0.0,0.0,0.0,0.0,0.0,0.0,-1.160296,-0.07544661,3.05308,1.372459,-0.3558171,-2.943302,-0.06974546,-0.03548923,-0.004625816,0.9969226,351.9875,355.9397,359.7528,0.4213828,-0.1083702,-0.9003844,0,0,0,1.540982,0.3281453,-0.9332043,0.3087001,0.4008,2.069,0.9974383,-0.004272736,0.07140529,0.01417359,0.9902284,-0.1387333,-0.07011478,0.13939,0.9877522,static,9.626278849938586,10.792696817654548,8.486075937878136,10.963361697755134,0.16852299999999998,0.6839624,2.0100977,0.16434360393418834,0.18471001963374517,0.9689548247363322,9.53358361758032,10.578463562252452,1.1382706401942504,1.1529046716753641,1.115983384172226
05/10/2023 16:35:33.492867,2918,True,True,True,True,Eyes,1.373699,-0.3533353,-2.934794,0.09863742,0.3170706,0.9432586,0.0,0.0,0.0,0.0,0.0,0.0,0.0,-1.160089,-0.07518822,3.053188,1.372481,-0.3557855,-2.94332,-0.06970835,-0.03552539,-0.004596635,0.9969241,351.9918,355.9353,359.7563,0.4213878,-0.1083728,-0.9003817,0,0,0,1.540821,0.3280438,-0.9331611,0.3087001,0.4008,2.069,0.9974337,-0.00421216,0.07147307,0.01411782,0.9902392,-0.1386613,-0.07019138,0.1393145,0.9877574,static,9.633285027091448,10.784932468181642,8.486075937878136,10.963361697755134,0.16833999999999993,0.6838293,2.0101589,0.16446632176547785,0.1845748678924486,0.9689596687323967,9.539924402229904,10.570917904279721,1.1464756051422909,1.1610020173711275,1.1245482278915178
05/10/2023 16:35:33.507781,2919,True,True,True,True,Eyes,1.373691,-0.3533455,-2.934794,0.09866434,0.3168797,0.94332,0.0,0.0,0.0,0.0,0.0,0.0,0.0,-1.160514,-0.07502443,3.053006,1.372467,-0.3557769,-2.943302,-0.06970479,-0.03545141,-0.004542553,0.9969273,351.9925,355.9434,359.7619,0.4213924,-0.1083754,-0.9003792,0,0,0,1.541053,0.3280599,-0.9331668,0.3087001,0.4008,2.069,0.9974451,-0.004114924,0.07131822,0.01399946,0.9902412,-0.1386591,-0.07005168,0.1393033,0.9877689,static,9.628047422066818,10.772588688038097,8.486075937878136,10.963361697755134,0.1685859999999999,0.6838368,2.0101352,0.1643842284653182,0.18436868105831256,0.969012917115353,9.534221394924256,10.55904571599927,1.143709911388101,1.1577967057893186,1.1234234785821544
05/10/2023 16:35:33.528224,2920,True,True,True,True,Eyes,1.373684,-0.3533554,-2.934794,0.09869397,0.3166947,0.943379,0.0,0.0,0.0,0.0,0.0,0.0,0.0,-1.161089,-0.07416677,3.052804,1.372429,-0.3557883,-2.943314,-0.06964907,-0.03534238,-0.004347144,0.996936,351.9997,355.9545,359.7834,0.4213962,-0.108378,-0.9003771,0,0,0,1.541248,0.3279126,-0.9331518,0.3087002,0.4008,2.069,0.9974641,-0.00374452,0.07107372,0.01359077,0.9902602,-0.138564,-0.06986262,0.1391786,0.9877998,static,9.623245293777474,10.764432006759577,8.486078646823053,10.963361697755134,0.16881900000000005,0.6837009000000001,2.0101622,0.1643072572829617,0.18423312023046326,0.9690517287419433,9.52916025150972,10.551210807615014,1.1406589585986753,1.1544353619432963,1.1215558792494502
05/10/2023 16:35:33.543189,2921,True,True,True,True,Eyes,1.373677,-0.3533661,-2.934793,0.09874815,0.316495,0.9434403,0.0,0.0,0.0,0.0,0.0,0.0,0.0,-1.161608,-0.07347241,3.052634,1.37244,-0.3557915,-2.943319,-0.06960472,-0.0352519,-0.004185022,0.9969429,352.0055,355.9636,359.8011,0.4213995,-0.1083807,-0.9003752,0,0,0,1.541453,0.327804,-0.9331376,0.3087001,0.4008,2.069,0.9974796,-0.003437059,0.07087085,0.01325185,0.9902753,-0.1384888,-0.06970565,0.1390789,0.987825,static,9.620969078165777,10.754720446101558,8.486075937878136,10.963361697755134,0.16901299999999986,0.6835955,2.0101813999999996,0.16427386271254568,0.18406989408730737,0.9690883622960806,9.526451147926336,10.541856318167511,1.1404464912683776,1.1539123067909078,1.1225183128591458
05/10/2023 16:35:33.559121,2922,True,True,True,True,Eyes,1.373672,-0.3533761,-2.934793,0.09880972,0.3163024,0.9434985,0.0,0.0,0.0,0.0,0.0,0.0,0.0,-1.16262,-0.07318148,3.052261,1.372516,-0.3558129,-2.943286,-0.06961005,-0.03509396,-0.004076653,0.9969485,352.0053,355.981,359.8124,0.4214023,-0.1083835,-0.9003736,0,0,0,1.54206,0.3278481,-0.9331719,0.3087002,0.4008,2.069,0.9975036,-0.003242641,0.07054129,0.01301421,0.9902756,-0.1385092,-0.06940617,0.1390814,0.9878457,static,9.60983087970433,10.740166105520155,8.486078646823053,10.963361697755134,0.16954399999999992,0.683661,2.0101141,0.16409299484075943,0.18382933932439027,0.9691647184881614,9.51494373582167,10.527895575142097,1.1328240191857468,1.1457029952386342,1.1172260806585959
05/10/2023 16:35:33.574788,2923,True,True,True,True,Eyes,1.373645,-0.3533882,-2.934794,0.09886724,0.3160979,0.943561,0.0,0.0,0.0,0.0,0.0,0.0,0.0,-1.163482,-0.07290593,3.051969,1.37255,-0.3558067,-2.943302,-0.06959018,-0.03495559,-0.004020189,0.996955,352.0078,355.9965,359.8177,0.4214047,-0.1083863,-0.9003721,0,0,0,1.5426,0.3277944,-0.93321,0.3087001,0.4008,2.069,0.9975238,-0.003150763,0.07025782,0.01288103,0.9902821,-0.1384755,-0.06913876,0.1390376,0.9878706,static,9.599196571762349,10.7286271360483,8.486075937878136,10.963361697755134,0.17005000000000003,0.6836011,2.010092,0.16391902630034694,0.18363953558575496,0.9692301316185036,9.50408196175865,10.516840870139138,1.125212111565488,1.137601802054872,1.1116281366319811
05/10/2023 16:35:33.592764,2924,True,True,True,True,Eyes,1.373618,-0.3533992,-2.934797,0.0989249,0.315902,0.9436206,0.0,0.0,0.0,0.0,0.0,0.0,0.0,-1.164052,-0.07331991,3.051762,1.372538,-0.3558297,-2.943326,-0.06965724,-0.03486046,-0.004037342,0.9969536,352.0001,356.0076,359.8152,0.4214061,-0.1083892,-0.9003711,0,0,0,1.543001,0.3280277,-0.9333559,0.3087002,0.4008,2.069,0.9975369,-0.003193516,0.07007097,0.01290665,0.9902632,-0.1386086,-0.06894606,0.1391715,0.9878652,static,9.591127473783098,10.708857590854235,8.486078646823053,10.963361697755134,0.17046300000000003,0.6838574,2.0099701,0.1637928107088288,0.18330900032510364,0.9693140728103988,9.495255932080967,10.49782420037328,1.122251671998737,1.1339776234102668,1.1113793027356114
05/10/2023 16:35:33.603021,2925,True,True,True,True,Eyes,1.373559,-0.3534106,-2.9348,0.09898287,0.3156957,0.9436835,0.0,0.0,0.0,0.0,0.0,0.0,0.0,-1.164104,-0.07369122,3.051767,1.372517,-0.3558128,-2.943373,-0.0696762,-0.03485217,-0.004130058,0.9969522,351.9976,356.0093,359.8045,0.4214066,-0.1083922,-0.9003705,0,0,0,1.543116,0.3280761,-0.9334249,0.3087002,0.4008,2.069,0.9975365,-0.003378207,0.07006741,0.01309167,0.9902564,-0.1386398,-0.06891634,0.1392155,0.9878611,static,9.590784873069502,10.695528794079644,8.486078646823053,10.963361697755134,0.17059899999999995,0.6838888999999999,2.0099481,0.1637940076727677,0.18308345483681504,0.9693564377150883,9.494218582393506,10.484964425297662,1.1253435306318524,1.1367103019674432,1.1158898153432293
05/10/2023 16:35:33.622729,2926,True,True,True,True,Eyes,1.373502,-0.353422,-2.934805,0.09902836,0.3154977,0.943745,0.0,0.0,0.0,0.0,0.0,0.0,0.0,-1.163763,-0.074231,3.051837,1.372451,-0.3557847,-2.943358,-0.06973903,-0.03489927,-0.00418075,0.9969459,351.9901,356.0043,359.7993,0.4214056,-0.1083953,-0.9003707,0,0,0,1.542915,0.3283346,-0.9334772,0.3087003,0.4008,2.069,0.9975291,-0.00346828,0.07016849,0.01320365,0.990238,-0.1387603,-0.06900226,0.1393439,0.987837,moving,9.597102699677613,10.677275016480305,8.486081355767933,10.963361697755134,0.17046399999999995,0.6841193,2.0098808,0.16391059506221256,0.18277104201315963,0.969395741089445,9.499339415102368,10.467301615989737,1.1362739195385605,1.1472637080574448,1.1281699781182257
05/10/2023 16:35:33.643013,2927,True,True,True,True,Eyes,1.373449,-0.353434,-2.934807,0.09905645,0.3152827,0.9438139,0.0,0.0,0.0,0.0,0.0,0.0,0.0,-1.162926,-0.07431582,3.052189,1.372444,-0.3557942,-2.943397,-0.06974142,-0.03503576,-0.00420197,0.9969409,351.9897,355.9887,359.798,0.4214031,-0.1083985,-0.9003714,0,0,0,1.542334,0.325644,-0.933096,0.3087,0.3980862,2.069,0.9975097,-0.003491342,0.07044327,0.01326512,0.9902369,-0.1387617,-0.06927106,0.1393506,0.9878172,moving,9.613473952182641,10.66492602976646,8.48607322893318,10.890910252682222,0.1698900000000001,0.6814382,2.010301,0.16419432955709296,0.18255337077031308,0.9693887393614575,9.514463239959191,10.455260891588456,1.1371720751539718,1.149826621621821,1.1168600541694953
05/10/2023 16:35:33.653215,2928,True,True,True,True,Eyes,1.373399,-0.3534457,-2.93481,0.09907876,0.3150771,0.9438802,0.0,0.0,0.0,0.0,0.0,0.0,0.0,-1.162642,-0.0747287,3.052297,1.372526,-0.3558185,-2.943366,-0.06981026,-0.03509601,-0.004208099,0.9969339,351.9818,355.9818,359.798,0.4213995,-0.1084019,-0.9003726,0,0,0,1.542145,0.323327,-0.9327788,0.3087001,0.3954915,2.069,0.9975011,-0.00349027,0.07056433,0.01329052,0.9902176,-0.138897,-0.06938925,0.1394878,0.9877896,moving,9.621202679955372,10.644862123053276,8.486075937878136,10.821605482983552,0.1696190000000002,0.6791455,2.0105872000000002,0.16433574756711733,0.18220954510413795,0.969429448347886,9.520847897072963,10.43584062088267,1.1348585490656768,1.1488041329392598,1.1043403172788786
05/10/2023 16:35:33.672923,2929,True,True,True,True,Eyes,1.37334,-0.3534578,-2.934812,0.0991004,0.3148485,0.9439542,0.0,0.0,0.0,0.0,0.0,0.0,0.0,-1.162241,-0.07492116,3.052445,1.372539,-0.3558219,-2.94336,-0.06982523,-0.03516546,-0.004245854,0.9969303,351.9799,355.974,359.7943,0.421395,-0.1084053,-0.9003744,0,0,0,1.541877,0.3207028,-0.9323935,0.3087,0.3927988,2.069,0.9974907,-0.003554767,0.07070795,0.01337651,0.9902128,-0.1389232,-0.06952208,0.1395204,0.9877757,moving,9.629120449164647,10.630109578022424,8.48607322893318,10.749649220231813,0.169338,0.6765247000000001,2.0109665000000003,0.16447757835472746,0.1819555679743457,0.9694530914034715,9.527696544547025,10.421544415069956,1.1337864663515593,1.1492809376903605,1.0920768722029972
05/10/2023 16:35:33.693114,2930,True,True,True,True,Eyes,1.373284,-0.353469,-2.934814,0.09912447,0.3146247,0.9440263,0.0,0.0,0.0,0.0,0.0,0.0,0.0,-1.16229,-0.07437754,3.052434,1.37255,-0.3558206,-2.943349,-0.06976505,-0.03515645,-0.00417524,0.9969351,351.9871,355.9745,359.8022,0.4213894,-0.1084088,-0.9003766,0,0,0,1.541811,0.3178209,-0.931934,0.3087001,0.3900978,2.069,0.9974931,-0.003419503,0.07067995,0.01323027,0.9902308,-0.1388089,-0.06951481,0.139396,0.9877937,moving,9.631613868807154,10.622376633890825,8.486075937878136,10.677436671244003,0.1692610000000001,0.6736415,2.011415,0.16452386224643775,0.1818233026270768,0.9694700629043985,9.529689497036035,10.414063210955982,1.1296544176958903,1.1468603920750204,1.0763339818301303
05/10/2023 16:35:33.703856,2931,True,True,True,True,Eyes,1.373223,-0.353478,-2.934814,0.0991436,0.3143975,0.9441,0.0,0.0,0.0,0.0,0.0,0.0,0.0,-1.16258,-0.07400772,3.052355,1.372561,-0.3558096,-2.943368,-0.06970812,-0.03511022,-0.004162242,0.9969408,351.9937,355.9798,359.803,0.4213829,-0.1084124,-0.9003791,0,0,0,1.54196,0.3149577,-0.9315215,0.3087001,0.3874224,2.069,0.9974999,-0.003404084,0.0705859,0.01319395,0.9902469,-0.1386974,-0.06942532,0.139282,0.9878161,moving,9.627938018971735,10.614688353201567,8.486075937878136,10.605874700506979,0.16939900000000008,0.6707673000000001,2.0118465,0.1644656340197776,0.1816950037405678,0.9695040135396025,9.52573873684462,10.40667178948277,1.1230651001514809,1.1418960954102724,1.0585747660488334
05/10/2023 16:35:33.727947,2932,True,True,True,True,Eyes,1.373164,-0.3534887,-2.934816,0.09916013,0.3141752,0.9441722,0.0,0.0,0.0,0.0,0.0,0.0,0.0,-1.163163,-0.07376724,3.052037,1.372504,-0.3557507,-2.943296,-0.06966445,-0.03500633,-0.004158781,0.9969474,351.9987,355.9918,359.8024,0.4213755,-0.1084159,-0.9003822,0,0,0,1.542288,0.3121308,-0.9310459,0.3087001,0.384689,2.069,0.9975145,-0.003414779,0.07037837,0.01316957,0.9902592,-0.1386124,-0.06921951,0.1391948,0.9878429,moving,9.617297085175041,10.60561052943304,8.486075937878136,10.532726753568454,0.16978400000000016,0.6678815,2.0122501,0.16429013930830622,0.18154676654594898,0.9695614743853354,9.515001149765654,10.397992154735567,1.1132096016944495,1.1335666406859397,1.0377092578272749
05/10/2023 16:35:33.743810,2933,True,True,True,True,Eyes,1.3731,-0.3534976,-2.934817,0.09915528,0.313956,0.9442456,0.0,0.0,0.0,0.0,0.0,0.0,0.0,-1.163167,-0.07303864,3.0521,1.372519,-0.3558036,-2.943332,-0.06959472,-0.03500348,-0.004056085,0.9969529,352.0072,355.9913,359.814,0.4213673,-0.1084196,-0.9003856,0,0,0,1.542168,0.3091252,-0.9306156,0.3087002,0.3819406,2.069,0.9975166,-0.003215335,0.0703582,0.01295956,0.9902803,-0.1384814,-0.06922907,0.1390493,0.9878626,moving,9.61973243219815,10.598735310542367,8.486078646823053,10.459142365677256,0.16964899999999994,0.6649288,2.0127164,0.1643349775060377,0.18142904516730557,0.9695758914829762,9.516983636127147,10.391339099966503,1.1200451785560548,1.142215870731711,1.0331323147656923
05/10/2023 16:35:33.753360,2934,True,True,True,True,Eyes,1.373039,-0.3535082,-2.93482,0.09914663,0.3137465,0.9443162,0.0,0.0,0.0,0.0,0.0,0.0,0.0,-1.163404,-0.07291955,3.052006,1.372503,-0.3557557,-2.943338,-0.0695776,-0.03496094,-0.004033507,0.9969558,352.0092,355.996,359.8162,0.4213583,-0.1084232,-0.9003893,0,0,0,1.542267,0.3064565,-0.9302434,0.3087002,0.3792583,2.069,0.997523,-0.003177457,0.07027029,0.01290745,0.9902854,-0.1384495,-0.06914773,0.1390136,0.9878734,moving,9.615041342294072,10.587324507232685,8.486078646823053,10.387294048495558,0.16976400000000003,0.6622122,2.0130945999999996,0.1642614801712787,0.18123820443835775,0.9696240949300652,9.511856870492394,10.380363104415778,1.1228806971404197,1.1465465329360924,1.0258016387879612
05/10/2023 16:35:33.773122,2935,True,True,True,True,Eyes,1.372971,-0.3535169,-2.934824,0.09914719,0.3135137,0.9443935,0.0,0.0,0.0,0.0,0.0,0.0,0.0,-1.163157,-0.07276216,3.052143,1.372505,-0.3558061,-2.943372,-0.06958143,-0.03499885,-0.003977854,0.9969544,352.009,355.9912,359.8229,0.4213486,-0.1084268,-0.9003934,0,0,0,1.542022,0.303849,-0.9299098,0.3087003,0.3766319,2.069,0.9975185,-0.003060938,0.07033806,0.01280202,0.9902852,-0.1384605,-0.06923093,0.1390174,0.987867,moving,9.620877189156243,10.572025764456063,8.486081355767933,10.316911052296222,0.16951699999999992,0.6596550999999999,2.0134622,0.1643683158179394,0.18097603779669796,0.9696549998393337,9.516669935987682,10.36555556822505,1.137970572792245,1.163118695506124,1.0317359694269213
05/10/2023 16:35:33.793017,2936,True,True,True,True,Eyes,1.372906,-0.353524,-2.93483,0.09914152,0.3132989,0.9444653,0.0,0.0,0.0,0.0,0.0,0.0,0.0,-1.16325,-0.07259357,3.052123,1.372486,-0.3557529,-2.943399,-0.06954655,-0.03498014,-0.003973245,0.9969574,352.013,355.9933,359.8232,0.4213381,-0.1084305,-0.9003979,0,0,0,1.54204,0.3011741,-0.929536,0.3087002,0.3740173,2.069,0.9975212,-0.003056815,0.07030007,0.01278781,0.9902949,-0.1383919,-0.06919477,0.1389479,0.9878793,moving,9.618568640968812,10.562731892322054,8.486078646823053,10.246812995885708,0.16955399999999998,0.656927,2.0138629999999997,0.16433403655858037,0.18081978261471332,0.9696898861371823,9.51395182949608,10.35660439532349,1.1490918595164672,1.1757288530804286,1.0337201899203108
05/10/2023 16:35:33.803982,2937,True,True,True,True,Eyes,1.372851,-0.3535316,-2.934834,0.09912928,0.3130833,0.9445381,0.0,0.0,0.0,0.0,0.0,0.0,0.0,-1.16288,-0.07302645,3.052306,1.372506,-0.3557212,-2.943447,-0.06964839,-0.03503895,-0.003882954,0.9969486,352.0017,355.9858,359.8344,0.421327,-0.108434,-0.9004027,0,0,0,1.541696,0.2989219,-0.9293221,0.3087001,0.3712508,2.069,0.9975144,-0.002861397,0.07040494,0.01262302,0.9902681,-0.1385996,-0.06932318,0.1391438,0.9878427,moving,9.626809778808111,10.536734063093814,8.486075937878136,10.172608692200503,0.16918999999999995,0.6546431,2.0141248999999997,0.16448716832255816,0.1803751061424919,0.9697467616780836,9.520515541944789,10.331453977046236,1.1695652107027814,1.197439343587409,1.0465644361334359
05/10/2023 16:35:33.823102,2938,True,True,True,True,Eyes,1.372797,-0.3535429,-2.934836,0.09911515,0.3128652,0.9446118,0.0,0.0,0.0,0.0,0.0,0.0,0.0,-1.162389,-0.07439041,3.052391,1.372476,-0.355752,-2.943387,-0.06983164,-0.03511918,-0.003995452,0.9969326,351.9802,355.9774,359.8228,0.4213155,-0.1084375,-0.9004077,0,0,0,1.541425,0.2968783,-0.9290885,0.3087001,0.3685238,2.069,0.9975014,-0.003061531,0.07058091,0.01287125,0.9902152,-0.1389542,-0.06946488,0.1395155,0.9877804,moving,9.631364748109426,10.50421607298512,8.486075937878136,10.09943010527142,0.16894900000000002,0.6526303,2.0142984999999998,0.16458120258197767,0.17982183328271698,0.9698335089391966,9.523180521997325,10.300039457880857,1.18590790515606,1.214717308059337,1.056328561932988
05/10/2023 16:35:33.842761,2939,True,True,True,True,Eyes,1.372742,-0.3535514,-2.934839,0.09906743,0.3126442,0.94469,0.0,0.0,0.0,0.0,0.0,0.0,0.0,-1.162237,-0.07335103,3.052466,1.372472,-0.3558495,-2.943368,-0.06968248,-0.03514368,-0.003978159,0.9969422,351.9974,355.9744,359.8244,0.4213037,-0.1084411,-0.9004128,0,0,0,1.541261,0.2935855,-0.9285037,0.3087001,0.3658937,2.069,0.9974982,-0.003034191,0.07062684,0.01282979,0.990257,-0.1386592,-0.069518,0.1392184,0.9878185,moving,9.632071862244912,10.50762464170218,8.486075937878136,10.028820255308702,0.16878900000000008,0.649435,2.0148643,0.16459142024079287,0.1798792226492085,0.9698211573391665,9.524042892209996,10.303323396143673,1.2114072720510527,1.2419985101017215,1.0736514204401832
05/10/2023 16:35:33.852885,2940,True,True,True,True,Eyes,1.372691,-0.3535571,-2.934842,0.09901801,0.3124489,0.9447598,0.0,0.0,0.0,0.0,0.0,0.0,0.0,-1.161431,-0.07254213,3.052839,1.372543,-0.3557771,-2.943392,-0.06963059,-0.03527676,-0.003744456,0.996942,352.0043,355.9572,359.8523,0.4212917,-0.1084446,-0.900418,0,0,0,1.540511,0.2908078,-0.9280462,0.3087001,0.3631075,2.069,0.9974831,-0.002553328,0.07085921,0.01237869,0.9902751,-0.1385711,-0.06981629,0.1390995,0.9878142,moving,9.65095536356859,10.498782646823162,8.486075937878136,9.953986032955557,0.1679679999999999,0.6465849,2.0153457999999995,0.16491593409599495,0.17971968004061872,0.9697956137243319,9.54177413886624,10.294647929646938,1.253602833326582,1.285981114510836,1.109301230246721
05/10/2023 16:35:33.872908,2941,True,True,True,True,Eyes,1.372643,-0.3535627,-2.934843,0.09895515,0.3122576,0.9448296,0.0,0.0,0.0,0.0,0.0,0.0,0.0,-1.161033,-0.07433498,3.052963,1.372597,-0.3557193,-2.943391,-0.06986899,-0.03535439,-0.003856698,0.996922,351.9764,355.949,359.8409,0.4212795,-0.108448,-0.9004233,0,0,0,1.54034,0.2893577,-0.9279813,0.3087001,0.3606656,2.069,0.9974704,-0.002749303,0.07103007,0.01263,0.990207,-0.1390352,-0.06995221,0.1395806,0.9877368,moving,9.652273655557767,10.461356499374638,8.486075937878136,9.888371093766105,0.16774299999999998,0.645077,2.0154097,0.16495765215096936,0.17908489001494282,0.9699059122773807,9.541059139304474,10.258521501268543,1.266497503171181,1.2993572994990856,1.1180343820589722
05/10/2023 16:35:33.893177,2942,True,True,True,True,Eyes,1.372599,-0.353568,-2.934842,0.0989112,0.3120766,0.944894,0.0,0.0,0.0,0.0,0.0,0.0,0.0,-1.161434,-0.07553673,3.052737,1.372594,-0.3557239,-2.943346,-0.07006765,-0.03528805,-0.003866077,0.9969104,351.9536,355.9567,359.8401,0.4212674,-0.1084513,-0.9004287,0,0,0,1.540595,0.287469,-0.9278378,0.3087001,0.3579627,2.069,0.9974796,-0.002763164,0.07089981,0.01265336,0.9901512,-0.1394295,-0.06981626,0.1399752,0.9876906,moving,9.641475604852609,10.42701270884879,8.486075937878136,9.815712415713447,0.16800099999999984,0.6431929,2.0155082,0.16479240241119888,0.17850848358612803,0.9700402498784914,9.528829663811669,10.225461248476503,1.27380118126607,1.3071482084415984,1.1203702240326419
05/10/2023 16:35:33.907922,2943,True,True,True,True,Eyes,1.372541,-0.3535761,-2.93484,0.09891506,0.3118534,0.9449674,0.0,0.0,0.0,0.0,0.0,0.0,0.0,-1.162307,-0.07692996,3.052331,1.37262,-0.355722,-2.943293,-0.07015362,-0.03516543,-0.004220737,0.9969074,351.9423,355.9737,359.7986,0.4212554,-0.1084545,-0.9004339,0,0,0,1.541449,0.2850101,-0.9275411,0.3087003,0.3553048,2.069,0.9974911,-0.003481404,0.07070554,0.01334933,0.9901214,-0.1395764,-0.06952114,0.1401701,0.9876837,moving,9.617484652955893,10.407964911173325,8.486081355767933,9.744232310327526,0.16882900000000012,0.6407320999999999,2.0157519,0.1643956335132123,0.17819796795870352,0.9701647690708531,9.504696080627179,10.207261548167562,1.27779622436022,1.3117219165331182,1.118915561065625
05/10/2023 16:35:33.923396,2944,True,True,True,True,Eyes,1.372483,-0.3535848,-2.934839,0.09891792,0.3116173,0.9450449,0.0,0.0,0.0,0.0,0.0,0.0,0.0,-1.163571,-0.07571876,3.051834,1.372627,-0.3557675,-2.943238,-0.06985367,-0.03497402,-0.004489209,0.9969339,351.9757,355.9981,359.7648,0.421243,-0.1084577,-0.9004393,0,0,0,1.542458,0.2809691,-0.9267735,0.3087002,0.3526292,2.069,0.9975133,-0.004064762,0.07036074,0.01383702,0.9902006,-0.138965,-0.06910639,0.139593,0.9877946,moving,9.58890220441214,10.431077437171064,8.486078646823053,9.67224524345459,0.16983100000000007,0.6367366000000001,2.0164645,0.1638993548146307,0.17860424513089437,0.9701739455814081,9.478373873946314,10.229781552179045,1.3033287010030945,1.338673260132586,1.1381988197664303
05/10/2023 16:35:33.942957,2945,True,True,True,True,Eyes,1.372483,-0.3535848,-2.934839,0.09891792,0.3116173,0.9450449,0.0,0.0,0.0,0.0,0.0,0.0,0.0,-1.163825,-0.07304555,3.051821,1.372581,-0.3557818,-2.943277,-0.06952748,-0.03491406,-0.004218444,0.9969601,352.0143,356.003,359.7943,0.4212305,-0.1084609,-0.9004447,0,0,0,1.542339,0.277142,-0.926068,0.3087004,0.3499782,2.069,0.9975264,-0.003556268,0.07020243,0.01326621,0.9902963,-0.1383377,-0.06902923,0.1389268,0.9878939,moving,9.590513549383328,10.464534925818299,8.486084064712776,9.600889620233714,0.16975799999999985,0.6329237999999999,2.0172090000000003,0.1639094880437761,0.17917043546204087,0.9700678297717102,9.481701971813543,10.26205603318115,1.364612557368355,1.4020155849590092,1.1951552378454822
05/10/2023 16:35:33.960176,2946,True,True,True,True,Eyes,1.372483,-0.3535848,-2.934839,0.09891792,0.3116173,0.9450449,0.0,0.0,0.0,0.0,0.0,0.0,0.0,-1.163234,-0.07138783,3.052061,1.372562,-0.3557444,-2.943264,-0.06934725,-0.03499792,-0.003974702,0.9969708,352.0359,355.9914,359.8223,0.4212193,-0.1084638,-0.9004496,0,0,0,1.541691,0.2738663,-0.9254383,0.3087003,0.3472444,2.069,0.9975187,-0.003071303,0.07033506,0.01277934,0.9903503,-0.1379961,-0.06923252,0.1385525,0.9879321,moving,9.607320955333595,10.482243036768239,8.486081355767933,9.527273813348092,0.16912899999999986,0.6296107,2.0178257,0.16418517878210218,0.17946189969591386,0.9699673258405406,9.498840814549201,10.279017284968315,1.4334345732196514,1.4728015675283088,1.2612691895366952
05/10/2023 16:35:33.973105,2947,True,True,True,True,Eyes,1.372483,-0.3535848,-2.934839,0.09891792,0.3116173,0.9450449,0.0,0.0,0.0,0.0,0.0,0.0,0.0,-1.162844,-0.0703041,3.05225,1.372595,-0.3557377,-2.943266,-0.06922237,-0.03506169,-0.003837723,0.9969776,352.0508,355.9829,359.8381,0.4212091,-0.1084665,-0.900454,0,0,0,1.541289,0.270781,-0.9249004,0.3087003,0.3445615,2.069,0.9975119,-0.00279814,0.07044274,0.01250635,0.9903871,-0.1377572,-0.06938012,0.1382954,0.9879578,moving,9.618700447861471,10.494995457569052,8.486081355767933,9.454997760369292,0.1686939999999999,0.6265187,2.0183656,0.16437140831691233,0.17967213321378905,0.9698968626852794,9.510485192670599,10.291237338933817,1.496638002471908,1.537667460134211,1.3223841551601707
05/10/2023 16:35:33.992713,2948,True,True,True,True,Eyes,1.372483,-0.3535848,-2.934839,0.09891792,0.3116173,0.9450449,0.0,0.0,0.0,0.0,0.0,0.0,0.0,-1.163576,-0.06964484,3.05198,1.372596,-0.3557594,-2.943256,-0.06914176,-0.03494002,-0.003785843,0.9969876,352.0603,355.9966,359.8428,0.4211999,-0.1084688,-0.900458,0,0,0,1.541704,0.267833,-0.9244697,0.3087001,0.341916,2.069,0.9975297,-0.002717247,0.07019305,0.0123805,0.9904102,-0.1376024,-0.06914602,0.1381315,0.9879972,moving,9.606608359795178,10.502951199802567,8.486075937878136,9.383699497190422,0.16910800000000004,0.6235923999999999,2.0187863,0.16416241112924984,0.17981314974673346,0.9699061261394406,9.499252645514556,10.299006176554629,1.541766944482731,1.5837668017632702,1.3653986078012923
05/10/2023 16:35:34.003725,2949,True,True,True,True,Eyes,1.372499,-0.3535818,-2.934839,0.09903362,0.3110839,0.9452084,0.0,0.0,0.0,0.0,0.0,0.0,0.0,-1.163702,-0.06956151,3.051989,1.372597,-0.3557447,-2.943315,-0.06915966,-0.03491494,-0.003702966,0.9969876,352.0585,355.9988,359.8522,0.4211917,-0.1084709,-0.9004616,0,0,0,1.541695,0.2652241,-0.9241845,0.3087001,0.3391554,2.069,0.9975345,-0.002554212,0.07013171,0.01221303,0.9904065,-0.1376441,-0.06910732,0.1381612,0.9879958,moving,9.612697827685551,10.467345565519217,8.486075937878136,9.309267925063992,0.16909799999999997,0.6209688,2.0191305,0.16428395639533988,0.17920668722804717,0.969997688184831,9.503232798951586,10.264600451175824,1.5731228694161008,1.615679641487004,1.395445561631126
05/10/2023 16:35:34.028420,2950,True,True,True,True,Eyes,1.372515,-0.353581,-2.934841,0.0991457,0.3105831,0.9453614,0.0,0.0,0.0,0.0,0.0,0.0,0.0,-1.163727,-0.07004705,3.05197,1.372617,-0.3556265,-2.943321,-0.06921887,-0.03491393,-0.003707035,0.9969835,352.0517,355.999,359.852,0.4211847,-0.1084727,-0.9004646,0,0,0,1.541694,0.2629801,-0.9239025,0.3087003,0.3365311,2.069,0.9975346,-0.002558299,0.07013042,0.01222511,0.9903901,-0.1377613,-0.06910402,0.138279,0.9879795,moving,9.61873230451969,10.430325904012129,8.486081355767933,9.238481880090626,0.16907699999999992,0.6186066,2.0194185,0.16440528160937593,0.1785762729809594,0.9700934627917205,9.507084931239367,10.228830597297707,1.6011741465524012,1.6441989992290036,1.4224060189689731
05/10/2023 16:35:34.042887,2951,True,True,True,True,Eyes,1.372531,-0.3535792,-2.934844,0.0993015,0.3098861,0.9455738,0.0,0.0,0.0,0.0,0.0,0.0,0.0,-1.163794,-0.07083663,3.051977,1.372601,-0.355681,-2.943375,-0.06936571,-0.03489807,-0.003688371,0.9969741,352.0349,356.0006,359.8546,0.4211788,-0.1084743,-0.9004672,0,0,0,1.5417,0.2609248,-0.9237826,0.3087002,0.3339045,2.069,0.997537,-0.002512961,0.07009663,0.01219588,0.9903497,-0.1380541,-0.06907324,0.138569,0.987941,moving,9.626047543407822,10.370951700261488,8.486078646823053,9.167605298699472,0.1690990000000001,0.6166058000000001,2.0195924,0.16455970724040508,0.17756626544206472,0.9702527084485828,9.510985497698346,10.17147878693567,1.6144773167909539,1.6575800575938846,1.4346414302377526
05/10/2023 16:35:34.052928,2952,True,True,True,True,Eyes,1.372547,-0.353578,-2.934848,0.09944665,0.3092187,0.9457771,0.0,0.0,0.0,0.0,0.0,0.0,0.0,-1.163245,-0.07072884,3.052176,1.372546,-0.3556649,-2.943389,-0.06936754,-0.03497617,-0.003629937,0.9969713,352.035,355.9911,359.862,0.4211739,-0.1084756,-0.9004694,0,0,0,1.541236,0.2582639,-0.9233993,0.3087004,0.3311622,2.069,0.997527,-0.002385465,0.07024407,0.01209031,0.9903499,-0.1380609,-0.06923687,0.1385688,0.9879296,moving,9.644788494332957,10.329973999001302,8.486084064712776,9.09357644513923,0.16869,0.6139288,2.0199897,0.164898314994041,0.1768621742539297,0.9703239049619572,9.526874429677765,10.131793252918694,1.650659278636561,1.6944836577605424,1.4700811963152707
05/10/2023 16:35:34.077880,2953,True,True,True,True,Eyes,1.3726,-0.3535764,-2.934851,0.09956535,0.3084235,0.9460241,0.0,0.0,0.0,0.0,0.0,0.0,0.0,-1.162921,-0.07083496,3.052305,1.372555,-0.3556777,-2.943392,-0.06939084,-0.03502996,-0.003617796,0.9969679,352.0323,355.9848,359.8639,0.4211698,-0.1084768,-0.9004712,0,0,0,1.540982,0.2558662,-0.923067,0.3087003,0.3286505,2.069,0.9975196,-0.002352135,0.07034956,0.01207517,0.9903436,-0.1381074,-0.06934539,0.1386143,0.9879156,moving,9.657834323917372,10.279186996227597,8.486081355767933,9.025745795920233,0.1684270000000001,0.6115439,2.0203249999999997,0.16514531254670212,0.1759946121132968,0.9704395057419216,9.536753853443669,10.082684779420257,1.671703221060767,1.7158437752298392,1.4903129578092755
05/10/2023 16:35:34.093188,2954,True,True,True,True,Eyes,1.372651,-0.3535764,-2.934856,0.099675,0.3076609,0.9462609,0.0,0.0,0.0,0.0,0.0,0.0,0.0,-1.16261,-0.07119876,3.052463,1.372575,-0.355722,-2.943426,-0.06943642,-0.03508575,-0.003664768,0.9969625,352.0269,355.9787,359.8591,0.4211674,-0.1084776,-0.9004722,0,0,0,1.540787,0.2533276,-0.9227645,0.3087003,0.325966,2.069,0.9975111,-0.002434817,0.07046727,0.01217973,0.9903303,-0.1381938,-0.06944939,0.1387082,0.9878951,moving,9.668882032561259,10.228664533630397,8.486081355767933,8.953220321447086,0.1682119999999998,0.6090496,2.0206615,0.1653582600577001,0.17513250064011526,0.9705592609072615,9.544721477660667,10.033846708304592,1.69499598449902,1.739475604719611,1.5127697431049356
05/10/2023 16:35:34.108252,2955,True,True,True,True,Eyes,1.37271,-0.3535757,-2.934859,0.09975547,0.3067172,0.9465588,0.0,0.0,0.0,0.0,0.0,0.0,0.0,-1.16224,-0.071354,3.052633,1.372577,-0.3557571,-2.943455,-0.06945215,-0.03514772,-0.003696937,0.9969591,352.025,355.9718,359.856,0.4211665,-0.1084783,-0.9004725,0,0,0,1.540529,0.2505815,-0.9224052,0.3087001,0.3231769,2.069,0.997502,-0.002489221,0.07059521,0.01225356,0.9903255,-0.138222,-0.06956816,0.1387418,0.9878821,moving,9.679350715506853,10.170259914942994,8.486075937878136,8.877838284859042,0.1679520000000001,0.6063386,2.0210498,0.16556528996088046,0.17413694594766538,0.9707031550604907,9.55171284540148,9.97740669149687,1.714354742808976,1.7590504156600304,1.5312193505673743
05/10/2023 16:35:34.122770,2956,True,True,True,True,Eyes,1.372767,-0.3535743,-2.934863,0.09983514,0.305805,0.9468454,0.0,0.0,0.0,0.0,0.0,0.0,0.0,-1.162195,-0.07048857,3.052634,1.372574,-0.3557436,-2.943421,-0.0693307,-0.03515302,-0.003640919,0.9969677,352.0391,355.9708,359.862,0.4211671,-0.1084789,-0.9004722,0,0,0,1.540414,0.2474885,-0.9218566,0.3087003,0.3205081,2.069,0.997502,-0.002385391,0.07059771,0.01213413,0.99036,-0.1379849,-0.069588,0.1384969,0.9879151,moving,9.686124710478005,10.128069347419832,8.486081355767933,8.80567861842899,0.16784,0.6032321,2.0215644,0.16570138055054986,0.17341807118770525,0.9708085237440787,9.55600340587341,9.936641286968044,1.7406447106871439,1.785727104936455,1.5568589373899244
05/10/2023 16:35:34.142909,2957,True,True,True,True,Eyes,1.37284,-0.3535732,-2.934868,0.09987346,0.3047705,0.9471748,0.0,0.0,0.0,0.0,0.0,0.0,0.0,-1.162396,-0.07000673,3.052595,1.372569,-0.3557249,-2.943453,-0.06924996,-0.03511913,-0.003636155,0.9969745,352.0484,355.9747,359.8619,0.421169,-0.1084792,-0.9004712,0,0,0,1.54051,0.2446235,-0.9214462,0.3086999,0.317925,2.069,0.9975069,-0.00238631,0.07052935,0.0121143,0.9903824,-0.1378255,-0.06952213,0.1383363,0.9879422,moving,9.684497963322354,10.07415302676974,8.486070519988186,8.735809302364917,0.16794100000000012,0.6003484,2.0220067999999998,0.16570079823261727,0.17250445539786358,0.9709713310755478,9.551575044235701,9.884624028970842,1.7514629361000291,1.7964944368381,1.5668679482517254
05/10/2023 16:35:34.158180,2958,True,True,True,True,Eyes,1.372911,-0.3535725,-2.934874,0.09990491,0.3037776,0.9474905,0.0,0.0,0.0,0.0,0.0,0.0,0.0,-1.162519,-0.06919578,3.05257,1.372494,-0.3557456,-2.943489,-0.06911301,-0.03508773,-0.003650655,0.9969848,352.0641,355.9785,359.8595,0.4211726,-0.1084794,-0.9004695,0,0,0,1.540538,0.2413305,-0.9209505,0.3087,0.3151881,2.069,0.997511,-0.002429259,0.07046848,0.01212933,0.9904201,-0.1375531,-0.06945925,0.1380654,0.9879845,moving,9.682344905679802,10.029551232935509,8.48607322893318,8.661751330999934,0.16804399999999986,0.5970761,2.0225385,0.1656865297895144,0.1717489876636274,0.9711077839132718,9.547133583628444,9.84159932681588,1.7719277256290755,1.8171247883183874,1.586786176375678
05/10/2023 16:35:34.172908,2959,True,True,True,True,Eyes,1.372986,-0.3535678,-2.934877,0.09992589,0.3026924,0.9478356,0.0,0.0,0.0,0.0,0.0,0.0,0.0,-1.162388,-0.06842718,3.052674,1.372523,-0.3557553,-2.943512,-0.06908598,-0.03510285,-0.00341321,0.9969871,352.0681,355.9749,359.8869,0.4211775,-0.1084793,-0.9004672,0,0,0,1.540257,0.2387774,-0.9205975,0.3086999,0.3126156,2.069,0.9975122,-0.001955623,0.07046579,0.01165608,0.9904309,-0.137516,-0.06952257,0.1379953,0.9879898,moving,9.691532094719593,9.963157011010278,8.486070519988186,8.592115266545253,0.16773400000000005,0.5945327,2.0229145,0.1658753310775625,0.17061807502016602,0.9712749580596294,9.552465939577141,9.777458992681417,1.7804703701968485,1.8256212841713972,1.5944400082821149
05/10/2023 16:35:34.193274,2960,True,True,True,True,Eyes,1.373058,-0.3535649,-2.934881,0.09995823,0.3016546,0.9481629,0.0,0.0,0.0,0.0,0.0,0.0,0.0,-1.162738,-0.06979761,3.052464,1.372522,-0.3556471,-2.943478,-0.06920993,-0.03505466,-0.003621291,0.9969795,352.0531,355.982,359.863,0.4211838,-0.1084791,-0.9004643,0,0,0,1.540616,0.2365804,-0.920338,0.3086999,0.3098846,2.069,0.9975162,-0.002368445,0.07039881,0.01207297,0.9903938,-0.1377479,-0.06939629,0.1382557,0.9879623,moving,9.681687199390955,9.888506417138824,8.486070519988186,8.518160706357456,0.16809399999999997,0.5922275,2.0231399999999997,0.1657450306897715,0.16935620557028083,0.9715179312904041,9.53901670780636,9.70549522452814,1.7740110481185323,1.8186111764538893,1.5869653217636588
05/10/2023 16:35:34.207927,2961,True,True,True,True,Eyes,1.373111,-0.3535627,-2.934885,0.09998254,0.3005559,0.9485091,0.0,0.0,0.0,0.0,0.0,0.0,0.0,-1.163464,-0.07076067,3.052169,1.372495,-0.3556861,-2.943491,-0.06929535,-0.03493985,-0.003819522,0.9969768,352.0425,355.9969,359.8395,0.4211912,-0.1084786,-0.9004608,0,0,0,1.541211,0.2341693,-0.9201126,0.3087001,0.3072417,2.069,0.9975292,-0.002773611,0.07019778,0.01245829,0.9903672,-0.1379048,-0.06913909,0.1384386,0.9879547,moving,9.664235386168777,9.814128806512201,8.486075937878136,8.44656462626153,0.1687160000000001,0.5898554,2.0233784,0.16548512619422098,0.168102328444473,0.9717798877793781,9.518250238345475,9.633852447492462,1.761208116920269,1.8050738136434192,1.5732247636585608
05/10/2023 16:35:34.223263,2962,True,True,True,True,Eyes,1.373163,-0.3535589,-2.934887,0.1000005,0.2995052,0.9488395,0.0,0.0,0.0,0.0,0.0,0.0,0.0,-1.163389,-0.07014558,3.052161,1.372454,-0.3556613,-2.94346,-0.06926536,-0.03493772,-0.003640565,0.9969797,352.0467,355.9957,359.86,0.4211992,-0.1084781,-0.9004571,0,0,0,1.540986,0.2315663,-0.9196979,0.3087001,0.3046248,2.069,0.9975322,-0.002419191,0.07016872,0.01209909,0.9903781,-0.1378579,-0.06916005,0.1383667,0.9879633,moving,9.669672742429277,9.751015039313469,8.486075937878136,8.375646694941297,0.1685319999999999,0.5872276000000001,2.0237621,0.1656080097866245,0.1670282749384804,0.9719441362820852,9.520142460760894,9.572906146071151,1.7707172134684468,1.8145356095829925,1.5819999263800861
05/10/2023 16:35:34.243270,2963,True,True,True,True,Eyes,1.373214,-0.3535579,-2.934891,0.1000065,0.2984078,0.9491846,0.0,0.0,0.0,0.0,0.0,0.0,0.0,-1.163114,-0.07010898,3.052264,1.372473,-0.3556184,-2.943454,-0.06930443,-0.03497978,-0.003514038,0.996976,352.0427,355.9898,359.8751,0.4212077,-0.1084774,-0.9004533,0,0,0,1.54069,0.2292711,-0.9193753,0.3087001,0.3020416,2.069,0.9975281,-0.002158317,0.07023508,0.01185533,0.9903691,-0.1379439,-0.06926093,0.1384355,0.9879466,moving,9.6778081810776,9.678038480940778,8.486075937878136,8.305616672092512,0.16821699999999984,0.5848895000000001,2.0240787,0.1657812824862305,0.16578530358304316,0.9721274193815075,9.524111897793988,9.502421776919357,1.7739927246149825,1.8176268486363125,1.5842541188262764
05/10/2023 16:35:34.258885,2964,True,True,True,True,Eyes,1.373263,-0.3535583,-2.934893,0.1000165,0.2973502,0.9495155,0.0,0.0,0.0,0.0,0.0,0.0,0.0,-1.163011,-0.0699563,3.052353,1.3725,-0.3556621,-2.943484,-0.06929329,-0.03499984,-0.003494386,0.9969762,352.044,355.9873,359.8775,0.4212166,-0.1084767,-0.9004492,0,0,0,1.540583,0.2264592,-0.9190068,0.3087002,0.2992816,2.069,0.9975256,-0.002117131,0.07027227,0.01181815,0.9903724,-0.1379229,-0.06930372,0.1384121,0.9879469,moving,9.680901794421187,9.614777239667394,8.486078646823053,8.230766017458468,0.16808299999999998,0.5821213,2.0244772,0.16586409847413364,0.16470955198033965,0.972296246406587,9.52373734341638,9.44135089698045,1.784825246502489,1.828411719836798,1.5944438908732466
05/10/2023 16:35:34.274832,2965,True,True,True,True,Eyes,1.373302,-0.3535603,-2.934896,0.09999708,0.2962644,0.9498569,0.0,0.0,0.0,0.0,0.0,0.0,0.0,-1.163426,-0.06940582,3.052171,1.372509,-0.3556949,-2.943437,-0.06923636,-0.03493138,-0.00343225,0.9969826,352.0508,355.9948,359.8839,0.4212258,-0.108476,-0.900445,0,0,0,1.540786,0.2235444,-0.9185475,0.3087002,0.2965775,2.069,0.997536,-0.002006744,0.07012723,0.01168083,0.9903891,-0.1378151,-0.06917669,0.1382947,0.9879722,moving,9.673483714669572,9.55397936147738,8.486078646823053,8.157403912450299,0.168277,0.5792393,2.0248895,0.16576699917782803,0.16368044445924324,0.972486583598303,9.513362070914134,9.382736717722647,1.7897787891575014,1.833126776841359,1.5989845893844314
05/10/2023 16:35:34.292906,2966,True,True,True,True,Eyes,1.37334,-0.3535604,-2.934901,0.09998208,0.295223,0.9501826,0.0,0.0,0.0,0.0,0.0,0.0,0.0,-1.163422,-0.06962857,3.052186,1.372498,-0.3556968,-2.943462,-0.06924679,-0.03493278,-0.003494662,0.9969817,352.0494,355.9951,359.8768,0.421235,-0.1084753,-0.9004408,0,0,0,1.540793,0.2209053,-0.9182111,0.3087002,0.2939021,2.069,0.9975349,-0.002130261,0.07013867,0.01180619,0.9903854,-0.1378314,-0.0691707,0.1383197,0.9879692,moving,9.670788605263509,9.490301072298843,8.486078646823053,8.084793924266167,0.16829500000000008,0.5766021,2.0252508999999996,0.16575125687617437,0.1625999513419129,0.9726704406223432,9.507386087906736,9.32130718669766,1.795056688094437,1.8382023905976548,1.6037561963658546
05/10/2023 16:35:34.303183,2967,True,True,True,True,Eyes,1.373389,-0.3535607,-2.934903,0.0999674,0.2941381,0.9505205,0.0,0.0,0.0,0.0,0.0,0.0,0.0,-1.163529,-0.07047999,3.052181,1.372518,-0.3556541,-2.943515,-0.06929373,-0.03492703,-0.003699486,0.996978,352.0432,355.9974,359.8533,0.4212442,-0.1084747,-0.9004366,0,0,0,1.540982,0.218287,-0.9179235,0.3087003,0.291122,2.069,0.9975328,-0.002536163,0.07015565,0.01221706,0.9903694,-0.1379102,-0.06913024,0.138427,0.9879569,moving,9.663481001118187,9.42184472650273,8.486081355767933,8.009314688732202,0.16846400000000017,0.5739411,2.0255915,0.16565915537009865,0.16144022627575194,0.972879242987905,9.49671098349294,9.255301705076796,1.7960822504740588,1.838888531824296,1.604324122281683
05/10/2023 16:35:34.323358,2968,True,True,True,True,Eyes,1.373436,-0.3535625,-2.934907,0.09995427,0.2931005,0.9508424,0.0,0.0,0.0,0.0,0.0,0.0,0.0,-1.164382,-0.07098076,3.051815,1.372518,-0.35565,-2.943485,-0.06932107,-0.03479407,-0.003840033,0.9969802,352.0395,356.0139,359.8361,0.4212537,-0.108474,-0.9004322,0,0,0,1.541621,0.215746,-0.9176001,0.3087004,0.2885147,2.069,0.9975492,-0.002832948,0.06991038,0.0124808,0.9903597,-0.1379562,-0.06884559,0.1384907,0.987968,moving,9.643676652403682,9.357022714270746,8.486084064712776,7.938501502269182,0.169103,0.571396,2.0258849,0.16535270996122653,0.1603478190085081,0.9731120629593161,9.474184047627407,9.192897938214067,1.7886855595733269,1.830907706023249,1.5968255993523914
05/10/2023 16:35:34.342945,2969,True,True,True,True,Eyes,1.373422,-0.3535702,-2.93491,0.09992355,0.2920448,0.9511704,0.0,0.0,0.0,0.0,0.0,0.0,0.0,-1.164382,-0.07143033,3.051826,1.372482,-0.3556901,-2.94352,-0.0693837,-0.03478924,-0.003882491,0.9969757,352.0321,356.0147,359.8314,0.4212634,-0.1084734,-0.9004278,0,0,0,1.541611,0.2133788,-0.9173492,0.3087001,0.2859296,2.069,0.9975492,-0.002913886,0.06990681,0.01256911,0.9903416,-0.1380776,-0.06882929,0.1386178,0.9879512,moving,9.639888667617605,9.286145120131616,8.486075937878136,7.868267151974534,0.16912900000000008,0.5690689,2.0261708,0.1653209735922455,0.15914476795703453,0.9733149179018148,9.466772775980532,9.12452930510599,1.7861724535859087,1.8280212657116715,1.5937254737421116
05/10/2023 16:35:34.352815,2970,True,True,True,True,Eyes,1.373407,-0.3535768,-2.934911,0.09989631,0.2910236,0.9514862,0.0,0.0,0.0,0.0,0.0,0.0,0.0,-1.163949,-0.07112551,3.051932,1.37239,-0.3557003,-2.943492,-0.06936333,-0.03484266,-0.003813501,0.9969756,352.0347,356.008,359.8397,0.4212717,-0.1084731,-0.9004239,0,0,0,1.541207,0.2106701,-0.9169151,0.3087003,0.2832523,2.069,0.9975429,-0.002770328,0.07000358,0.01243754,0.9903484,-0.1380413,-0.06894551,0.1385728,0.9879494,moving,9.64597054163895,9.225609158961225,8.486081355767933,7.795502737885348,0.168817,0.5663704,2.0265769000000002,0.16545206902444828,0.15811279599750255,0.9734608127173878,9.469422961680875,9.066065724712937,1.799456484111465,1.841343883988807,1.6066396663271099
05/10/2023 16:35:34.373135,2971,True,True,True,True,Eyes,1.37338,-0.3535838,-2.934914,0.09986661,0.2899603,0.9518139,0.0,0.0,0.0,0.0,0.0,0.0,0.0,-1.164207,-0.07029265,3.051813,1.372374,-0.3556814,-2.943461,-0.06925648,-0.03479519,-0.003736554,0.9969849,352.0473,356.0129,359.8478,0.4212788,-0.108473,-0.9004206,0,0,0,1.541283,0.2075575,-0.9164028,0.3087003,0.2804924,2.069,0.9975507,-0.002630991,0.06989811,0.01227016,0.9903792,-0.1378353,-0.06886299,0.1383554,0.9879857,moving,9.640832880530432,9.171933891120046,8.486081355767933,7.720466905718348,0.16890899999999998,0.5632389,2.0270582,0.16538912060314365,0.15720246324665338,0.9736189398001126,9.46162349008566,9.014307650781713,1.812922282809799,1.8547796347955758,1.6204031379305925
05/10/2023 16:35:34.383154,2972,True,True,True,True,Eyes,1.373353,-0.3535904,-2.934916,0.09984355,0.2889362,0.9521276,0.0,0.0,0.0,0.0,0.0,0.0,0.0,-1.164362,-0.0694629,3.051783,1.372327,-0.355637,-2.943499,-0.06913555,-0.03475953,-0.003680089,0.9969948,352.0614,356.0166,359.8535,0.4212845,-0.1084732,-0.900418,0,0,0,1.541298,0.2045621,-0.9159614,0.3087001,0.2778922,2.069,0.9975564,-0.002531821,0.06981898,0.0121443,0.9904135,-0.1375997,-0.06880128,0.1381114,0.9880241,moving,9.636907724797888,9.122664607517056,8.486075937878136,7.649748588840287,0.16897099999999998,0.5601991,2.0275376,0.16534462453895,0.1563663472809717,0.9737610330070117,9.455226412960291,8.966792202735968,1.8273268108145992,1.8691964583369864,1.6351931152788541
05/10/2023 16:35:34.403496,2973,True,True,True,True,Eyes,1.37329,-0.3535999,-2.934918,0.09984767,0.2878698,0.9524502,0.0,0.0,0.0,0.0,0.0,0.0,0.0,-1.16487,-0.06890804,3.051602,1.372311,-0.3556358,-2.943506,-0.06908339,-0.0346697,-0.003590001,0.9970019,352.0678,356.0263,359.863,0.4212888,-0.1084736,-0.9004159,0,0,0,1.541542,0.201701,-0.9155722,0.3087001,0.2751765,2.069,0.9975702,-0.002368274,0.06962754,0.01194868,0.9904292,-0.1375036,-0.06863549,0.1380015,0.988051,moving,9.629164205176293,9.06225682280234,8.486075937878136,7.575863950923749,0.1692309999999999,0.5573368,2.0279338000000005,0.16524005552202561,0.15534238102936865,0.973942724775802,9.44455817005055,8.90855692854868,1.8334464423830479,1.8751038788307675,1.641572039845045
05/10/2023 16:35:34.427866,2974,True,True,True,True,Eyes,1.37323,-0.3536102,-2.934919,0.09985437,0.2868508,0.9527569,0.0,0.0,0.0,0.0,0.0,0.0,0.0,-1.165629,-0.06887257,3.051275,1.3723,-0.3556297,-2.943474,-0.06912821,-0.03453836,-0.003476879,0.9970037,352.0631,356.0406,359.8752,0.4212912,-0.1084744,-0.9004147,0,0,0,1.54195,0.1993282,-0.9152781,0.3087003,0.2725431,2.069,0.99759,-0.002157771,0.06935044,0.01170807,0.9904184,-0.137602,-0.06838904,0.1380823,0.9880568,moving,9.617289381509368,8.993040545617491,8.486081355767933,7.504194192706808,0.16964999999999986,0.5549579,2.0281959,0.16506887616981356,0.1541701772344401,0.9741580003972062,9.429440758329843,8.841852668282861,1.8286500146159266,1.869838244361602,1.636843657678526
05/10/2023 16:35:34.443019,2975,True,True,True,True,Eyes,1.373173,-0.3536176,-2.93492,0.0998675,0.2857675,0.953081,0.0,0.0,0.0,0.0,0.0,0.0,0.0,-1.166038,-0.06853867,3.051124,1.372292,-0.3556588,-2.943471,-0.06916703,-0.03446013,-0.003269223,0.9970044,352.0595,356.0479,359.8987,0.4212917,-0.1084754,-0.9004143,0,0,0,1.542064,0.1968378,-0.9149804,0.3087002,0.2698027,2.069,0.9976036,-0.001751852,0.06916603,0.01128587,0.9904104,-0.1376943,-0.06826155,0.138145,0.9880568,moving,9.614177505975096,8.919507395683837,8.486078646823053,7.429587274498048,0.16977200000000003,0.5524966,2.0284906,0.16504840109763502,0.1529203508027301,0.9743584380396076,9.422540248830527,8.77091629213028,1.8279582022129028,1.8688148660406194,1.6358862630319553
05/10/2023 16:35:34.453197,2976,True,True,True,True,Eyes,1.373118,-0.3536214,-2.934921,0.09988949,0.2847257,0.9533904,0.0,0.0,0.0,0.0,0.0,0.0,0.0,-1.166342,-0.0690189,3.050956,1.372265,-0.3555798,-2.943451,-0.06926211,-0.03440278,-0.003206343,0.9970002,352.0488,356.054,359.9058,0.4212907,-0.1084767,-0.9004146,0,0,0,1.542196,0.1946781,-0.9147189,0.3087002,0.2671256,2.069,0.9976123,-0.00162783,0.06904331,0.01115907,0.9903849,-0.137888,-0.068155,0.1383293,0.9880384,moving,9.610144666784594,8.844268335032535,8.486078646823053,7.356679212145233,0.16993099999999983,0.5502579,2.0287321,0.16501270355494657,0.15164163343971443,0.9745642677311399,9.414661588564426,8.698340670900812,1.8240640463234894,1.8645229458938797,1.6316622657900783
05/10/2023 16:35:34.478102,2977,True,True,True,True,Eyes,1.373052,-0.3536268,-2.934924,0.09990451,0.2836035,0.9537233,0.0,0.0,0.0,0.0,0.0,0.0,0.0,-1.167001,-0.06928673,3.050707,1.372264,-0.3554966,-2.94347,-0.06925831,-0.03429829,-0.003293798,0.9970037,352.0489,356.0667,359.8949,0.4212885,-0.108478,-0.9004155,0,0,0,1.542666,0.1919685,-0.9143835,0.3087004,0.2643682,2.069,0.9976255,-0.001816973,0.06884727,0.01131874,0.9903849,-0.1378756,-0.06793478,0.1383275,0.9880539,moving,9.596725766061065,8.777576441453707,8.486084064712776,7.28155921151655,0.17040200000000016,0.5474650999999999,2.0290865,0.16481323621222932,0.15051224198800334,0.9747731282070087,9.398189888400417,8.634084139556943,1.8231561328545098,1.8632210123983326,1.6313370940966132
05/10/2023 16:35:34.493146,2978,True,True,True,True,Eyes,1.372989,-0.3536321,-2.934928,0.09991685,0.2825173,0.9540443,0.0,0.0,0.0,0.0,0.0,0.0,0.0,-1.167314,-0.07030448,3.050629,1.372287,-0.3555002,-2.943527,-0.06935529,-0.03425761,-0.003465083,0.9969977,352.0371,356.0728,359.8752,0.4212847,-0.1084794,-0.900417,0,0,0,1.54297,0.1897511,-0.914198,0.3087003,0.2618206,2.069,0.9976288,-0.002157465,0.06879015,0.01166125,0.9903557,-0.1380567,-0.06782886,0.1385315,0.9880326,moving,9.588146731560416,8.702961270666611,8.486081355767933,7.212132421458968,0.17068299999999992,0.5452513,2.029329,0.1646992574351886,0.14924556289194396,0.9749870997264873,9.38596260141751,8.562144976265092,1.814389422886935,1.8539468034845048,1.6224426505753582
05/10/2023 16:35:34.509935,2979,True,True,True,True,Eyes,1.372916,-0.3536388,-2.934931,0.09995992,0.281348,0.9543853,0.0,0.0,0.0,0.0,0.0,0.0,0.0,-1.167033,-0.07010946,3.050743,1.372277,-0.3554983,-2.943534,-0.06926261,-0.03430897,-0.003604307,0.9970019,352.0472,356.068,359.8592,0.4212797,-0.1084809,-0.9004192,0,0,0,1.542824,0.1865641,-0.9136958,0.3087,0.2590451,2.069,0.9976198,-0.002434346,0.06891148,0.01193966,0.9903795,-0.1378626,-0.0679129,0.1383572,0.9880512,moving,9.592922208852475,8.645248582223045,8.48607322893318,7.136470702398372,0.170547,0.5420624,2.0298382000000004,0.1648052120264007,0.14826074973467218,0.9751194674210654,9.387503437584003,8.506415756058496,1.8315728749516045,1.871236317250342,1.6399164219911058
05/10/2023 16:35:34.523513,2980,True,True,True,True,Eyes,1.372845,-0.3536443,-2.934933,0.1000043,0.2802281,0.9547101,0.0,0.0,0.0,0.0,0.0,0.0,0.0,-1.167089,-0.07040849,3.050713,1.372281,-0.3555026,-2.943529,-0.06922819,-0.03430992,-0.003805776,0.9970036,352.0504,356.0695,359.8358,0.4212733,-0.1084826,-0.900422,0,0,0,1.54295,0.1836889,-0.9132741,0.3087001,0.2563843,2.069,0.9976167,-0.002838316,0.06894114,0.01233917,0.9903859,-0.1377803,-0.06788728,0.1383026,0.9880606,moving,9.5904811461922,8.584530081984395,8.486075937878136,7.063912270274637,0.17066899999999996,0.5391915,2.0302549,0.16478938140439692,0.147227693576596,0.9752786725395889,9.381929338661019,8.447840516473654,1.839811821320462,1.8793587718794427,1.6485783894985844
05/10/2023 16:35:34.543026,2981,True,True,True,True,Eyes,1.372785,-0.3536517,-2.934931,0.1000551,0.2790413,0.9550523,0.0,0.0,0.0,0.0,0.0,0.0,0.0,-1.167132,-0.07134914,3.050625,1.37226,-0.3554792,-2.943491,-0.06929666,-0.03430866,-0.004006746,0.996998,352.0417,356.0713,359.8129,0.4212657,-0.1084844,-0.9004254,0,0,0,1.543063,0.181282,-0.9129349,0.3087001,0.2537473,2.069,0.9976137,-0.003234483,0.06896663,0.01274438,0.9903638,-0.1379023,-0.06785602,0.1384522,0.9880418,moving,9.588070151371864,8.50791444549543,8.486075937878136,6.991980374241874,0.17080300000000004,0.5367611999999999,2.0305561,0.16478052191222392,0.14592363915083467,0.975476107863387,9.375540816308424,8.373924219131707,1.8349946960712074,1.8741524364258755,1.6434465492950794
05/10/2023 16:35:34.552975,2982,True,True,True,True,Eyes,1.37273,-0.3536587,-2.934932,0.1001102,0.277893,0.9553813,0.0,0.0,0.0,0.0,0.0,0.0,0.0,-1.167649,-0.07107684,3.05038,1.37227,-0.355527,-2.943424,-0.06923673,-0.03422965,-0.004068888,0.9970046,352.0484,356.0809,359.8048,0.4212573,-0.1084863,-0.9004291,0,0,0,1.543412,0.1782972,-0.9124569,0.3087001,0.2510614,2.069,0.9976236,-0.003373503,0.06881766,0.0128533,0.9903795,-0.1377801,-0.0676908,0.1383372,0.9880692,moving,9.580770622434896,8.446109074767284,8.486075937878136,6.918691811058378,0.1711419999999999,0.5338242,2.0309671,0.16468192771866016,0.144873722464719,0.9756492541916952,9.365226354469547,8.31433690657234,1.8402406006939698,1.8791913020958848,1.6494637575967008
05/10/2023 16:35:34.577956,2983,True,True,True,True,Eyes,1.372688,-0.3536646,-2.934931,0.100186,0.2766584,0.9557316,0.0,0.0,0.0,0.0,0.0,0.0,0.0,-1.168165,-0.07052422,3.050267,1.372313,-0.3555233,-2.94348,-0.06912933,-0.03415377,-0.00410628,0.9970146,352.0605,356.09,359.7995,0.4212484,-0.1084883,-0.9004329,0,0,0,1.543759,0.1753023,-0.9120669,0.3086998,0.2484956,2.069,0.9976333,-0.003465988,0.06867132,0.01291009,0.9904085,-0.1375654,-0.06753586,0.1381264,0.9881093,moving,9.57571535622303,8.384304460729057,8.486067811043153,6.848659087975757,0.1714460000000002,0.5308256,2.0314131,0.16462134928669664,0.1438226855960019,0.9758149632958603,9.35707500423722,8.25473334214423,1.844216644977631,1.8829600323892046,1.653994661064912
05/10/2023 16:35:34.593092,2984,True,True,True,True,Eyes,1.372647,-0.3536713,-2.934931,0.1002658,0.2754561,0.9560704,0.0,0.0,0.0,0.0,0.0,0.0,0.0,-1.169316,-0.0705393,3.049798,1.372307,-0.3554991,-2.943457,-0.06910596,-0.03396728,-0.004170603,0.9970223,352.063,356.1121,359.7905,0.4212393,-0.1084903,-0.9004369,0,0,0,1.544537,0.1725587,-0.9117134,0.3086999,0.2458373,2.069,0.9976577,-0.003621686,0.06830867,0.01301105,0.9904139,-0.137517,-0.06715582,0.1380837,0.9881412,moving,9.557606374003768,8.314718251316009,8.486070519988186,6.776079914580233,0.1722300000000001,0.5280578,2.0317436,0.1643412352477235,0.1426441921923395,0.9760350896684284,9.335929342394182,8.187719268260157,1.8367757503593867,1.8749925380422021,1.6477213608129198
05/10/2023 16:35:34.603188,2985,True,True,True,True,Eyes,1.372634,-0.3536757,-2.934928,0.1003014,0.2741527,0.9564413,0.0,0.0,0.0,0.0,0.0,0.0,0.0,-1.17,-0.0687471,3.049583,1.372307,-0.3555212,-2.94346,-0.06887056,-0.03385055,-0.004039389,0.997043,352.0906,356.1246,359.8038,0.4212301,-0.1084924,-0.900441,0,0,0,1.544872,0.1688323,-0.9111261,0.3086999,0.2430043,2.069,0.9976757,-0.003392275,0.0680573,0.0127175,0.990481,-0.1370604,-0.06694452,0.1376073,0.9882219,moving,9.549857646834111,8.260811481274532,8.486070519988186,6.698706881668155,0.17256500000000008,0.5243534999999999,2.0323339,0.16423106807573612,0.14172847174876707,0.9761870879495393,9.325600983867716,8.135757550978132,1.8517309193868192,1.8899242924928255,1.6643094742102604
05/10/2023 16:35:34.622884,2986,True,True,True,True,Eyes,1.372616,-0.3536799,-2.934925,0.1003418,0.2728923,0.9567974,0.0,0.0,0.0,0.0,0.0,0.0,0.0,-1.171244,-0.06735241,3.049105,1.372302,-0.3554904,-2.943435,-0.068679,-0.03364255,-0.003947043,0.9970638,352.113,356.1479,359.812,0.4212215,-0.1084945,-0.9004447,0,0,0,1.545613,0.1654949,-0.9106129,0.3086998,0.2403548,2.069,0.9977052,-0.003249832,0.06762968,0.01249198,0.9905353,-0.1366891,-0.06654536,0.1372202,0.9883028,moving,9.531022358544142,8.204682424718623,8.486067811043153,6.626323257195738,0.173311,0.5209853,2.0328221,0.16393257051057716,0.14077917457114947,0.9763745619413434,9.304469244818653,8.08173520484154,1.8550410186135147,1.8929204072138195,1.6697319677588798
05/10/2023 16:35:34.643118,2987,True,True,True,True,Eyes,1.372596,-0.3536863,-2.934922,0.1003447,0.2715668,0.9571742,0.0,0.0,0.0,0.0,0.0,0.0,0.0,-1.171643,-0.06656328,3.048895,1.372169,-0.3554868,-2.943419,-0.06856345,-0.03355489,-0.003916038,0.9970747,352.1264,356.1578,359.8145,0.4212134,-0.1084965,-0.9004483,0,0,0,1.545782,0.1624707,-0.9101543,0.3086999,0.2377611,2.069,0.9977174,-0.003207886,0.06745045,0.01241044,0.9905675,-0.136463,-0.06637646,0.1369886,0.9883463,moving,9.52203679828913,8.13718026398417,8.486070519988186,6.55544348643227,0.17361300000000002,0.5179575,2.0332647,0.1638063317631594,0.1396317504914211,0.9765605433125839,9.292227511284482,8.016663214334308,1.8532610108028704,1.8907980757439387,1.6688475627887656
05/10/2023 16:35:34.661266,2988,True,True,True,True,Eyes,1.372578,-0.3536969,-2.934922,0.1003166,0.2703027,0.9575349,0.0,0.0,0.0,0.0,0.0,0.0,0.0,-1.170554,-0.06536028,3.049284,1.372046,-0.3555267,-2.943415,-0.06844382,-0.0337055,-0.003734017,0.9970785,352.1408,356.139,359.8362,0.4212055,-0.1084985,-0.9004517,0,0,0,1.544862,0.1593075,-0.9096097,0.3086998,0.235003,2.069,0.9977,-0.00283235,0.06772518,0.01206008,0.990603,-0.136236,-0.0667029,0.1367394,0.9883587,moving,9.54182949922594,8.07255924679575,8.486067811043153,6.480048936533688,0.17281599999999986,0.5148341999999999,2.0338053,0.16416951538391605,0.13852177169318125,0.9766576388717046,9.307875776077566,7.95415378253486,1.872897625432644,1.9106862197978869,1.687706558735298
05/10/2023 16:35:34.677368,2989,True,True,True,True,Eyes,1.372561,-0.3537059,-2.934923,0.1003047,0.2689697,0.9579114,0.0,0.0,0.0,0.0,0.0,0.0,0.0,-1.168458,-0.06493419,3.05023,1.372103,-0.3556421,-2.943512,-0.06851351,-0.03404238,-0.003420054,0.9970634,352.134,356.0976,359.8753,0.421198,-0.1085007,-0.9004549,0,0,0,1.543265,0.1570353,-0.9093246,0.3087,0.2323716,2.069,0.9976588,-0.002155297,0.06835347,0.01148475,0.9905884,-0.1363918,-0.06741618,0.1368575,0.988294,moving,9.586450385693967,7.980800891607265,8.48607322893318,6.408096799896918,0.17116200000000004,0.5126774000000001,2.0341874,0.16496671517772019,0.13693901981697826,0.9767464718877553,9.346014271893878,7.865268787482969,1.881491145306901,1.9194343039560957,1.6919955079059215
05/10/2023 16:35:34.683259,2990,True,True,True,True,Eyes,1.372542,-0.3537146,-2.934919,0.1002889,0.2676777,0.958275,0.0,0.0,0.0,0.0,0.0,0.0,0.0,-1.167048,-0.06487495,3.050789,1.372116,-0.3555924,-2.943532,-0.06852248,-0.03427162,-0.003341024,0.9970551,352.1332,356.0705,359.8863,0.4211908,-0.1085029,-0.900458,0,0,0,1.542242,0.154532,-0.9089178,0.3087001,0.2297086,2.069,0.9976286,-0.001965617,0.06879926,0.01135912,0.990587,-0.1364124,-0.06788353,0.1368704,0.9882603,moving,9.613171701544001,7.901550115763412,8.486075937878136,6.335259934932347,0.170126,0.5101244,2.0346142,0.16545353613791816,0.13557667015850455,0.9768542798461245,9.367564329035593,7.7885891242644965,1.8916735091965942,1.9296657200254526,1.6997610174110374
05/10/2023 16:35:34.703606,2991,True,True,True,True,Eyes,1.372522,-0.3537239,-2.934919,0.1002897,0.2663534,0.9586437,0.0,0.0,0.0,0.0,0.0,0.0,0.0,-1.166778,-0.06362215,3.050758,1.372075,-0.3555915,-2.943384,-0.06835657,-0.03430731,-0.003247354,0.9970657,352.1526,356.0657,359.8967,0.4211839,-0.1085053,-0.900461,0,0,0,1.54195,0.1513151,-0.9082382,0.3087003,0.2270944,2.069,0.9976249,-0.001785391,0.06885724,0.01116591,0.9906337,-0.1360891,-0.06796932,0.1365348,0.9883007,moving,9.619498847986911,7.839607561112403,8.486081355767933,6.263737814429133,0.169875,0.5069066,2.0351458,0.16558550820536677,0.13451747129940067,0.97697819348997,9.370376288744552,7.728766316918741,1.9031466305561882,1.9411338619939509,1.7112235510286398
05/10/2023 16:35:34.727260,2992,True,True,True,True,Eyes,1.372506,-0.3537281,-2.934918,0.1003053,0.2651046,0.9589882,0.0,0.0,0.0,0.0,0.0,0.0,0.0,-1.165705,-0.06239295,3.051316,1.372122,-0.3555865,-2.94349,-0.06826254,-0.03447685,-0.00296824,0.997067,352.1645,356.044,359.9299,0.4211771,-0.1085077,-0.9004639,0,0,0,1.541059,0.1484064,-0.9078417,0.3087002,0.224397,2.069,0.997605,-0.001212112,0.06915671,0.01062602,0.9906628,-0.13592,-0.06834622,0.1363293,0.9883031,moving,9.646022022363287,7.771750963032603,8.486078646823053,6.189918870233714,0.1689369999999999,0.5039929000000001,2.0356483,0.1660642070341742,0.13334944104823954,0.9770570994587383,9.392339877062883,7.663083601755218,1.9233317857953647,1.9615456671380824,1.7296021923074205
05/10/2023 16:35:34.743168,2993,True,True,True,True,Eyes,1.372502,-0.3537343,-2.934918,0.1003527,0.263835,0.9593333,0.0,0.0,0.0,0.0,0.0,0.0,0.0,-1.166762,-0.06504077,3.05087,1.372207,-0.3554763,-2.943477,-0.06859559,-0.03432631,-0.003186446,0.9970489,352.1254,356.063,359.9049,0.4211706,-0.10851,-0.9004667,0,0,0,1.541907,0.1470324,-0.9078272,0.3087001,0.2216434,2.069,0.9976231,-0.001644816,0.06888716,0.01106335,0.990569,-0.1365675,-0.06801285,0.137005,0.9882327,moving,9.626035761956,7.65959190530657,8.486075937878136,6.114540633867845,0.16969999999999996,0.5025087,2.0356498000000003,0.16576594844548106,0.13144324098755517,0.9773659892004827,9.367126200394823,7.555000683318639,1.8830679877729035,1.9200759963829703,1.6885421875524778
05/10/2023 16:35:34.761269,2994,True,True,True,True,Eyes,1.372498,-0.3537387,-2.934915,0.1004183,0.2626216,0.9596594,0.0,0.0,0.0,0.0,0.0,0.0,0.0,-1.167693,-0.0661096,3.050536,1.37226,-0.3555315,-2.943493,-0.06875978,-0.03418423,-0.00324639,0.9970422,352.1064,356.0798,359.8975,0.4211647,-0.1085123,-0.9004692,0,0,0,1.542567,0.144907,-0.907679,0.3087003,0.2189146,2.069,0.9976418,-0.001772575,0.06861268,0.01117458,0.9905231,-0.1368909,-0.06771979,0.1373348,0.988207,moving,9.611998760650525,7.5680642368512245,8.486081355767933,6.039820316144159,0.170307,0.5004385,2.0358140000000002,0.16556077179429085,0.12988632117375837,0.9776089597505925,9.348741128581468,7.466782159842681,1.8619696458014696,1.898214814976339,1.6674537435869652
05/10/2023 16:35:34.777297,2995,True,True,True,True,Eyes,1.372491,-0.3537459,-2.934911,0.1004822,0.2612939,0.960015,0.0,0.0,0.0,0.0,0.0,0.0,0.0,-1.169008,-0.06774321,3.049904,1.372255,-0.3554936,-2.943404,-0.06888694,-0.03398422,-0.003589943,0.997039,352.0904,356.1056,359.8568,0.4211593,-0.1085145,-0.9004714,0,0,0,1.543609,0.1427563,-0.9074143,0.3087001,0.2163584,2.069,0.9976643,-0.002476488,0.06826178,0.01184076,0.9904834,-0.1371219,-0.06727259,0.1376099,0.9881994,moving,9.58497328663928,7.477951770540155,8.486075937878136,5.969807436428829,0.171354,0.4982499,2.0359897,0.16513275821497703,0.12835794811552784,0.977883113791692,9.317912553197761,7.380027597067535,1.8307593274219724,1.8660318099181388,1.6372761086812044
05/10/2023 16:35:34.792895,2996,True,True,True,True,Eyes,1.372482,-0.3537487,-2.934907,0.1005356,0.2600011,0.9603604,0.0,0.0,0.0,0.0,0.0,0.0,0.0,-1.169932,-0.06669274,3.049564,1.372214,-0.3555449,-2.943407,-0.0686514,-0.03383536,-0.003764631,0.9970598,352.1168,356.1242,359.8345,0.4211542,-0.1085167,-0.9004735,0,0,0,1.544265,0.1389735,-0.906853,0.3086999,0.2136503,2.069,0.997682,-0.002861436,0.06798863,0.01215281,0.9905456,-0.1366443,-0.06695484,0.1371538,0.9882843,moving,9.56750170342004,7.429495280209007,8.486070519988186,5.895614581367882,0.17205099999999995,0.4945184,2.036554,0.16485217060247853,0.1275369578821695,0.9780379148982636,9.298502242913008,7.333399003587831,1.8415751372011109,1.8767747341586207,1.6514446249247805
05/10/2023 16:35:34.808531,2997,True,True,True,True,Eyes,1.372478,-0.3537506,-2.934904,0.100558,0.2586571,0.9607209,0.0,0.0,0.0,0.0,0.0,0.0,0.0,-1.169296,-0.06534147,3.049773,1.372161,-0.3554396,-2.943378,-0.06841547,-0.03393175,-0.003747864,0.9970728,352.144,356.113,359.8363,0.4211495,-0.1085188,-0.9004755,0,0,0,1.54376,0.1354775,-0.9061942,0.3086999,0.2109712,2.069,0.9976692,-0.002830873,0.06817765,0.0121167,0.9906105,-0.136176,-0.067152,0.1366847,0.9883358,moving,9.58035286768246,7.376065536459062,8.486070519988186,5.822196699034141,0.17159900000000006,0.4909171,2.0371838,0.16509109149252912,0.12661972588635806,0.9781167777762986,9.308053836360873,7.281741742471567,1.8650600159053712,1.9005163036384534,1.6750905367226574
05/10/2023 16:35:34.824389,2998,True,True,True,True,Eyes,1.372475,-0.3537531,-2.934898,0.1005736,0.257356,0.9610686,0.0,0.0,0.0,0.0,0.0,0.0,0.0,-1.167837,-0.06515414,3.050372,1.372162,-0.3554082,-2.943419,-0.06832954,-0.03417601,-0.00384922,0.9970699,352.1534,356.0857,359.8262,0.4211452,-0.1085208,-0.9004772,0,0,0,1.542786,0.1324653,-0.9056974,0.3087,0.2082889,2.069,0.9976344,-0.00300542,0.06867777,0.01234634,0.9906325,-0.1359955,-0.06762571,0.1365217,0.9883261,moving,9.606779902496617,7.310247353850477,8.48607322893318,5.748671899272986,0.1706239999999999,0.4878735,2.0377216000000002,0.16556625926409263,0.12548589871820745,0.9781825579487191,9.330032908870464,7.218026837736671,1.8864217812460284,1.922108568345848,1.6944827755239844
05/10/2023 16:35:34.843141,2999,True,True,True,True,Eyes,1.372463,-0.3537553,-2.934893,0.1006057,0.2559893,0.9614302,0.0,0.0,0.0,0.0,0.0,0.0,0.0,-1.167321,-0.06485924,3.050503,1.372196,-0.3554226,-2.943326,-0.06821435,-0.03427548,-0.004011299,0.9970737,352.166,356.0755,359.8078,0.4211413,-0.1085226,-0.9004788,0,0,0,1.542483,0.1292768,-0.9050893,0.3087003,0.2056317,2.069,0.9976182,-0.003322961,0.06889761,0.01267528,0.9906614,-0.1357545,-0.0678031,0.1363044,0.988344,moving,9.616482183010922,7.244273724968118,8.486081355767933,5.675816381632286,0.17028700000000008,0.4846994,2.0382366999999997,0.16575567922422216,0.12435547103283837,0.9782948582549835,9.335884035757754,7.154288480730902,1.8976845327809497,1.9333557531131536,1.7052989012870887
05/10/2023 16:35:34.861308,3000,True,True,True,True,Eyes,1.372454,-0.3537601,-2.934886,0.1006308,0.2546828,0.9617745,0.0,0.0,0.0,0.0,0.0,0.0,0.0,-1.166594,-0.06493095,3.050818,1.372231,-0.3553774,-2.943355,-0.06814368,-0.03440829,-0.00418037,0.9970733,352.1734,356.0615,359.7891,0.4211376,-0.1085244,-0.9004804,0,0,0,1.542047,0.1262757,-0.9046283,0.3087001,0.2029221,2.069,0.9975972,-0.003646855,0.06918491,0.01302568,0.990678,-0.1356008,-0.06804544,0.1361762,0.988345,moving,9.629410137378702,7.177026435561737,8.486075937878136,5.601505186645093,0.16981599999999997,0.4816531,2.0387267,0.16600048153333477,0.1232020305960641,0.9783992922945304,9.344776567942962,7.089296625503284,1.910967004508568,1.946658752204778,1.717815513264872
05/10/2023 16:35:34.877332,3001,True,True,True,True,Eyes,1.372455,-0.3537658,-2.93488,0.100626,0.2533299,0.9621323,0.0,0.0,0.0,0.0,0.0,0.0,0.0,-1.166199,-0.06561887,3.050974,1.372327,-0.3554469,-2.943322,-0.06823319,-0.03449249,-0.004262133,0.9970639,352.1628,356.0524,359.7807,0.4211341,-0.1085262,-0.9004818,0,0,0,1.541819,0.1239228,-0.9042907,0.3087,0.2002843,2.069,0.9975842,-0.003792173,0.06936406,0.0132063,0.9906521,-0.1357717,-0.06820079,0.1363597,0.988309,moving,9.636866039742296,7.086949403171133,8.48607322893318,5.5291449504363674,0.16949199999999998,0.4793697,2.0390313000000004,0.1661596450202863,0.12166039765820588,0.9785652317662222,9.347183807308765,7.002315340044929,1.9015494046552432,1.9367701996804394,1.7063828483109462
05/10/2023 16:35:34.892844,3002,True,True,True,True,Eyes,1.372455,-0.3537688,-2.934873,0.1006319,0.2520266,0.9624738,0.0,0.0,0.0,0.0,0.0,0.0,0.0,-1.166476,-0.06607074,3.05088,1.37239,-0.3554658,-2.943312,-0.06822744,-0.03446689,-0.004462877,0.9970643,352.1626,356.0569,359.7573,0.421131,-0.108528,-0.9004831,0,0,0,1.542087,0.1210952,-0.9039049,0.3087,0.1975709,2.069,0.9975842,-0.004196377,0.06934039,0.01360273,0.9906502,-0.1357466,-0.06812242,0.1363619,0.9883141,moving,9.630067952267495,7.0122592753102095,8.48607322893318,5.454692389139087,0.169697,0.476561,2.0394071,0.16606950392123615,0.12038649008943433,0.9787379705329262,9.336669060820206,6.930290366512614,1.8976849358886103,1.9325471616272565,1.7032036460894595
05/10/2023 16:35:34.903468,3003,True,True,True,True,Eyes,1.372462,-0.3537697,-2.934867,0.1006283,0.2506994,0.9628207,0.0,0.0,0.0,0.0,0.0,0.0,0.0,-1.167225,-0.06619388,3.050564,1.37238,-0.3554026,-2.943297,-0.06819339,-0.03434796,-0.004575359,0.9970703,352.1661,356.0716,359.7433,0.4211283,-0.1085297,-0.9004841,0,0,0,1.542605,0.1182749,-0.9035227,0.3087001,0.1948606,2.069,0.9975985,-0.004439301,0.06911865,0.01380851,0.9906574,-0.1356729,-0.06787062,0.1363015,0.9883397,moving,9.614118836208696,6.937720224263166,8.486075937878136,5.380306438350055,0.17022500000000007,0.47367750000000003,2.0397743,0.16582259810710392,0.11911811278213816,0.9789349750795358,9.317342360037065,6.858480427781801,1.8886249271960844,1.9230232658567137,1.6958780049406477
05/10/2023 16:35:34.923637,3004,True,True,True,True,Eyes,1.372472,-0.3537682,-2.93486,0.1006199,0.2494407,0.9631485,0.0,0.0,0.0,0.0,0.0,0.0,0.0,-1.167315,-0.0672608,3.050521,1.372383,-0.3553483,-2.943317,-0.06834614,-0.03433409,-0.004611223,0.99706,352.1484,356.0734,359.7396,0.4211261,-0.1085313,-0.900485,0,0,0,1.542661,0.1164361,-0.903348,0.3087003,0.1923394,2.069,0.9975998,-0.004502126,0.06909662,0.01388854,0.9906151,-0.1359737,-0.06783599,0.136607,0.9883,moving,9.611283973988881,6.845007692763496,8.486081355767933,5.311094119950959,0.17027800000000015,0.4717844,2.039969,0.16580568452150068,0.11753425067689639,0.9791293249836444,9.309691303184684,6.769033739176833,1.8686388217999677,1.902359529875938,1.674491349273656
05/10/2023 16:35:34.943727,3005,True,True,True,True,Eyes,1.372477,-0.3537688,-2.934851,0.100606,0.2481864,0.9634739,0.0,0.0,0.0,0.0,0.0,0.0,0.0,-1.166968,-0.06873995,3.050626,1.372459,-0.3552944,-2.943294,-0.06855823,-0.03440494,-0.00466552,0.997043,352.1239,356.0656,359.7347,0.4211245,-0.1085327,-0.9004856,0,0,0,1.542451,0.1146338,-0.9031271,0.3087003,0.1896154,2.069,0.9975891,-0.004585962,0.06924612,0.01402093,0.990556,-0.13639,-0.06796668,0.137032,0.9882321,moving,9.617325415941496,6.746325603632406,8.486081355767933,5.236297040395614,0.16999199999999992,0.4699282,2.0401669,0.16594208043753902,0.11584499798197126,0.9793074975434367,9.310278722468857,6.673759226274262,1.8536507577325665,1.8867695634255224,1.6569848626670542
05/10/2023 16:35:34.960761,3006,True,True,True,True,Eyes,1.372481,-0.3537711,-2.934839,0.1005913,0.2469784,0.9637858,0.0,0.0,0.0,0.0,0.0,0.0,0.0,-1.167444,-0.06969753,3.05037,1.372477,-0.3553187,-2.943228,-0.06869058,-0.0343335,-0.004745331,0.9970357,352.1084,356.0745,359.7255,0.4211232,-0.108534,-0.900486,0,0,0,1.542784,0.1124279,-0.9028357,0.3087003,0.1869107,2.069,0.9975974,-0.004745753,0.06911536,0.01417931,0.9905182,-0.1366481,-0.06781153,0.1372998,0.9882057,moving,9.606748083006165,6.659477962922073,8.486081355767933,5.162012198338101,0.170307,0.4677466,2.0403922999999997,0.16578993826077248,0.1143634207495513,0.9795073824886877,9.295476450981502,6.5900307782591,1.8378481526969168,1.870373660432564,1.6414498118295815
05/10/2023 16:35:34.976735,3007,True,True,True,True,Eyes,1.372482,-0.3537748,-2.934831,0.1005581,0.245731,0.9641081,0.0,0.0,0.0,0.0,0.0,0.0,0.0,-1.167377,-0.06927496,3.050354,1.372474,-0.3553636,-2.943171,-0.06864195,-0.03434354,-0.004714435,0.997039,352.1141,356.0731,359.7289,0.4211224,-0.1085353,-0.9004862,0,0,0,1.542678,0.1094554,-0.9023534,0.3087001,0.1841398,2.069,0.9975966,-0.004686135,0.06913089,0.01411576,0.9905321,-0.1365536,-0.06783647,0.1372012,0.9882176,moving,9.606854996682761,6.5897903501002775,8.486075937878136,5.085891119474793,0.17020400000000002,0.464819,2.0408176,0.1658145502220103,0.11317151245195972,0.9796416834875029,9.291882304095864,6.522781011889802,1.8432235596037874,1.8755955306331125,1.6474150851444322
05/10/2023 16:35:34.993340,3008,True,True,True,True,Eyes,1.372483,-0.353781,-2.934823,0.1005257,0.2445196,0.9644194,0.0,0.0,0.0,0.0,0.0,0.0,0.0,-1.166581,-0.06849828,3.05072,1.372473,-0.355376,-2.943216,-0.06851579,-0.0344737,-0.004703238,0.9970432,352.1286,356.058,359.7308,0.4211217,-0.1085365,-0.9004864,0,0,0,1.54209,0.1064048,-0.9018891,0.3087003,0.1815797,2.069,0.9975789,-0.004654677,0.06938803,0.01410265,0.990567,-0.1363021,-0.06809904,0.1369507,0.9882343,moving,9.62030375023797,6.531983262332961,8.486081355767933,5.015545046703744,0.1696169999999999,0.4617808,2.0413269,0.1660633094866626,0.11217830607290098,0.9797137516284854,9.301777632959663,6.466895066091031,1.86120058693337,1.8936856396820634,1.6648655487455815
05/10/2023 16:35:35.008313,3009,True,True,True,True,Eyes,1.372501,-0.3537865,-2.934817,0.100473,0.2432528,0.9647452,0.0,0.0,0.0,0.0,0.0,0.0,0.0,-1.166525,-0.06775156,3.0508,1.372502,-0.3554366,-2.943239,-0.06835529,-0.03449325,-0.004811576,0.997053,352.1465,356.0566,359.7178,0.4211212,-0.1085379,-0.9004864,0,0,0,1.542061,0.1029403,-0.9013807,0.3087002,0.1788554,2.069,0.9975741,-0.004879201,0.06944098,0.01431038,0.9906088,-0.1359758,-0.0681254,0.1366396,0.9882756,moving,9.617614480312486,6.476158107521853,8.486078646823053,4.940670460912403,0.1695589999999998,0.4583769,2.0418583000000003,0.16603524388406993,0.11122421990082414,0.9798272909322799,9.296223916801738,6.413043811858921,1.8748588580188432,1.907379263639209,1.6805411756473905
05/10/2023 16:35:35.027970,3010,True,True,True,True,Eyes,1.372518,-0.353786,-2.93481,0.1004167,0.2420544,0.9650524,0.0,0.0,0.0,0.0,0.0,0.0,0.0,-1.166309,-0.06636456,3.050961,1.372529,-0.3554282,-2.943277,-0.0681784,-0.03452762,-0.004678144,0.9970646,352.1674,356.0517,359.7328,0.4211213,-0.1085393,-0.9004862,0,0,0,1.541814,0.0994769,-0.9008667,0.3087,0.1760131,2.069,0.9975719,-0.004620747,0.06949043,0.0140369,0.9906597,-0.1356335,-0.06821464,0.1362796,0.9883191,moving,9.621358760909436,6.422771283748941,8.48607322893318,4.862534734423083,0.1692849999999999,0.4549051,2.0424103000000002,0.16611630573433173,0.11030966129567729,0.9799169008329334,9.297000365700335,6.36149687951919,1.896854121891804,1.9295624708640222,1.7042565339691373
05/10/2023 16:35:35.043120,3011,True,True,True,True,Eyes,1.372534,-0.3537856,-2.934803,0.1003667,0.2407914,0.9653735,0.0,0.0,0.0,0.0,0.0,0.0,0.0,-1.165874,-0.06801599,3.051069,1.372557,-0.3552864,-2.943258,-0.06841723,-0.03460318,-0.004702331,0.9970456,352.1399,356.0431,359.7315,0.4211218,-0.1085405,-0.9004858,0,0,0,1.54152,0.09813839,-0.9007025,0.3087002,0.1735428,2.069,0.997561,-0.004641969,0.06964532,0.01411178,0.990594,-0.1361047,-0.06835844,0.1367556,0.9882435,moving,9.626575473034219,6.32008257142037,8.486078646823053,4.794610666393805,0.16896299999999997,0.45342479,2.0425555,0.1662379020293897,0.10855096647674628,0.9800926562784416,9.296580325029142,6.262362192237555,1.8727456046285111,1.9046778057254514,1.6766655933702297
05/10/2023 16:35:35.057352,3012,True,True,True,True,Eyes,1.372545,-0.353785,-2.934796,0.1003253,0.2395779,0.9656798,0.0,0.0,0.0,0.0,0.0,0.0,0.0,-1.166229,-0.06914517,3.050925,1.37257,-0.3552674,-2.943272,-0.06848519,-0.03455931,-0.004979938,0.997041,352.131,356.0503,359.6994,0.4211228,-0.1085416,-0.9004852,0,0,0,1.541849,0.09552254,-0.9003955,0.3087003,0.1707389,2.069,0.9975617,-0.005196803,0.06959619,0.014664,0.9905699,-0.1362208,-0.06823197,0.1369093,0.9882309,moving,9.613812063451878,6.2434805338197235,8.486081355767933,4.717497477479934,0.16927899999999996,0.45078994,2.0428764999999998,0.16604327693268445,0.1072441069894426,0.9802696281217901,9.280214631331043,6.188537353439747,1.8659238702563814,1.8974722230613699,1.6717075031297965
05/10/2023 16:35:35.072970,3013,True,True,True,True,Eyes,1.372564,-0.3537845,-2.934789,0.1002199,0.2383301,0.9659993,0.0,0.0,0.0,0.0,0.0,0.0,0.0,-1.166676,-0.06896371,3.050684,1.372468,-0.3552621,-2.943243,-0.06847388,-0.03446805,-0.004940579,0.9970452,352.1324,356.0605,359.7032,0.4211241,-0.1085425,-0.9004845,0,0,0,1.542063,0.09296224,-0.900041,0.3087001,0.1681815,2.069,0.9975751,-0.005131638,0.069409,0.01457228,0.9905738,-0.1362025,-0.06805579,0.1368837,0.9882466,moving,9.598434644437493,6.16890783160718,8.486075937878136,4.647148613814532,0.16959499999999994,0.44822434,2.043202,0.16580288856189118,0.10597248724468754,0.9804484415889585,9.261437159840604,6.116690615169714,1.8538766851223525,1.8849649887982798,1.6615470857818397
05/10/2023 16:35:35.092895,3014,True,True,True,True,Eyes,1.372586,-0.3537857,-2.934782,0.1001146,0.2371373,0.9663038,0.0,0.0,0.0,0.0,0.0,0.0,0.0,-1.166011,-0.06888455,3.050933,1.372441,-0.3552617,-2.943249,-0.06854915,-0.03456215,-0.004724829,0.9970376,352.1246,356.0479,359.7291,0.4211258,-0.1085434,-0.9004836,0,0,0,1.541482,0.09090549,-0.8997545,0.3087002,0.1656856,2.069,0.9975663,-0.004683252,0.06956729,0.01416008,0.9905574,-0.1363656,-0.06827176,0.1370188,0.9882129,moving,9.607516548149313,6.085691000891346,8.486078646823053,4.578477945686213,0.169041,0.44616719000000005,2.0434944999999995,0.16598352417404458,0.10454515184067918,0.980571184059711,9.265775536062124,6.036317161020583,1.847951664817525,1.878646896122802,1.6532460242975986
05/10/2023 16:35:35.106961,3015,True,True,True,True,Eyes,1.37262,-0.3537866,-2.934772,0.09997513,0.2358653,0.9666294,0.0,0.0,0.0,0.0,0.0,0.0,0.0,-1.165873,-0.06871736,3.051012,1.372519,-0.3553065,-2.94323,-0.06859668,-0.03458999,-0.004562404,0.9970343,352.1198,356.0434,359.7483,0.4211279,-0.1085442,-0.9004825,0,0,0,1.541311,0.08847477,-0.8994119,0.3087002,0.1630013,2.069,0.9975654,-0.00435223,0.06960075,0.01384326,0.9905474,-0.1364708,-0.06834888,0.1371021,0.988196,moving,9.606037033356815,6.001432292969097,8.486078646823053,4.504609045796206,0.16879200000000005,0.44378127,2.0438180999999997,0.16598330781483847,0.10310301235404058,0.9807238009130472,9.259879301359083,5.955018206266729,1.8391793274832589,1.8694348399568532,1.643914287831697
05/10/2023 16:35:35.122972,3016,True,True,True,True,Eyes,1.372653,-0.3537877,-2.934764,0.09984399,0.2346351,0.9669424,0.0,0.0,0.0,0.0,0.0,0.0,0.0,-1.166236,-0.06814396,3.050851,1.372554,-0.355297,-2.943179,-0.06853737,-0.03453331,-0.004479578,0.9970406,352.127,356.0493,359.7571,0.4211309,-0.1085449,-0.9004811,0,0,0,1.541491,0.08560315,-0.8989626,0.3087002,0.1603003,2.069,0.9975747,-0.004198999,0.06947626,0.01366629,0.9905651,-0.1363597,-0.06824818,0.1369785,0.9882201,moving,9.593929491181694,5.932942249349927,8.486078646823053,4.430265432034007,0.1689369999999999,0.44090015,2.0442164000000003,0.16579615926347546,0.10193386883990457,0.9808777586252527,9.244576119697708,5.889016526629152,1.8369164167416068,1.8669148643269344,1.6441633654657832
05/10/2023 16:35:35.142876,3017,True,True,True,True,Eyes,1.372694,-0.3537877,-2.934755,0.09971134,0.233356,0.9672655,0.0,0.0,0.0,0.0,0.0,0.0,0.0,-1.16651,-0.06731254,3.05079,1.372574,-0.3553033,-2.943195,-0.06841892,-0.03449013,-0.004437581,0.9970505,352.1407,356.054,359.7612,0.4211344,-0.1085455,-0.9004794,0,0,0,1.541622,0.08242081,-0.8985191,0.3087001,0.1575647,2.069,0.9975815,-0.004129429,0.06938403,0.01356854,0.9905983,-0.1361281,-0.06816956,0.1367403,0.9882586,moving,9.582520279629414,5.8690463448411805,8.486075937878136,4.3549542334214895,0.1690480000000001,0.43772411,2.0446758999999997,0.16561933159538833,0.10084296798781293,0.9810203129192338,9.230189741515048,5.827442934139896,1.8395604520709565,1.8694023420392227,1.6498267565130507
05/10/2023 16:35:35.158203,3018,True,True,True,True,Eyes,1.372732,-0.3537884,-2.934749,0.09959509,0.2321255,0.9675735,0.0,0.0,0.0,0.0,0.0,0.0,0.0,-1.166813,-0.06726041,3.050698,1.372617,-0.3552673,-2.943203,-0.06837119,-0.03445168,-0.004517954,0.9970548,352.1459,356.0591,359.7514,0.4211388,-0.1085461,-0.9004773,0,0,0,1.541835,0.07959987,-0.8981323,0.3087001,0.1549179,2.069,0.9975853,-0.00429829,0.06931821,0.0137203,0.9906099,-0.1360283,-0.06808262,0.1366509,0.988277,moving,9.570182749163962,5.801808669500178,8.486075937878136,4.2820733463941085,0.1692180000000001,0.43486717,2.0450707,0.16542731835190416,0.09969491007882919,0.9811700336087932,9.214731334805238,5.762651537571823,1.8371922372873872,1.8667841413973476,1.6501667999514669
05/10/2023 16:35:35.177933,3019,True,True,True,True,Eyes,1.372816,-0.3537846,-2.934743,0.0994534,0.2308412,0.9678953,0.0,0.0,0.0,0.0,0.0,0.0,0.0,-1.167545,-0.06780124,3.050457,1.372606,-0.3552842,-2.943259,-0.0683725,-0.03433932,-0.004737978,0.9970575,352.1449,356.0738,359.7251,0.4211437,-0.1085466,-0.9004749,0,0,0,1.542382,0.07691437,-0.8978633,0.3087002,0.1523305,2.069,0.9975967,-0.004752341,0.06912443,0.0141438,0.9906055,-0.1360172,-0.06782865,0.136668,0.988292,moving,9.54532756389479,5.72748260409398,8.486078646823053,4.210814643255342,0.16977599999999993,0.43219857,2.0453957,0.16502257172608317,0.09842878788105017,0.9813660248287929,9.186832061642097,5.691114522446129,1.8208427560251863,1.8499432347377802,1.637786030198331
05/10/2023 16:35:35.193178,3020,True,True,True,True,Eyes,1.372893,-0.353783,-2.934739,0.09930885,0.2296146,0.9682019,0.0,0.0,0.0,0.0,0.0,0.0,0.0,-1.167306,-0.06898317,3.050519,1.372575,-0.3552346,-2.943276,-0.06849859,-0.03437889,-0.004881527,0.9970468,352.1299,356.0703,359.7094,0.4211504,-0.1085468,-0.9004717,0,0,0,1.542236,0.07473119,-0.8976004,0.3087,0.1496236,2.069,0.9975885,-0.005024411,0.06922348,0.01444403,0.9905682,-0.1362569,-0.06788597,0.1369282,0.9882521,moving,9.538993106598172,5.641602843078156,8.48607322893318,4.1362508643294325,0.16966099999999984,0.42996579,2.0456756,0.16493798837756452,0.09695911837207014,0.9815265766853009,9.17617051989793,5.60828797869041,1.8084145261141134,1.8370424188637455,1.6257698290511735
05/10/2023 16:35:35.208261,3021,True,True,True,True,Eyes,1.372982,-0.3537827,-2.934734,0.0991527,0.2283079,0.9685268,0.0,0.0,0.0,0.0,0.0,0.0,0.0,-1.166518,-0.06972799,3.050827,1.372488,-0.355287,-2.943335,-0.06859469,-0.03449614,-0.004957597,0.9970357,352.1185,356.0574,359.7019,0.4211583,-0.1085469,-0.9004681,0,0,0,1.541672,0.07241695,-0.8973373,0.3087001,0.1469739,2.069,0.9975709,-0.005153298,0.06946788,0.0146183,0.9905404,-0.1364407,-0.06810763,0.1371247,0.9882095,moving,9.54218545679109,5.553660105199148,8.486075937878136,4.063249109065217,0.169184,0.42770395,2.0459977,0.16501682736716855,0.09545118726538389,0.9816610591101402,9.174581683140678,5.52339856183397,1.7984807479571845,1.8266615048594768,1.6143347192204027
05/10/2023 16:35:35.223264,3022,True,True,True,True,Eyes,1.373067,-0.3537801,-2.934726,0.09899882,0.2270484,0.9688386,0.0,0.0,0.0,0.0,0.0,0.0,0.0,-1.165988,-0.07008657,3.050994,1.372476,-0.3553278,-2.943307,-0.06864849,-0.03458223,-0.004983582,0.9970289,352.1122,356.0476,359.6998,0.4211678,-0.1085468,-0.9004636,0,0,0,1.541281,0.06991883,-0.8969577,0.3087002,0.1442789,2.069,0.9975585,-0.005189514,0.0696432,0.01468559,0.9905251,-0.1365444,-0.06827472,0.1372338,0.988183,moving,9.54294975164659,5.472589697928042,8.486078646823053,3.988985739230648,0.16880499999999987,0.42524663,2.0463493,0.16505185615328172,0.09406153904713867,0.9817893291365274,9.171017234680075,5.445159357361336,1.7937094558094797,1.8215535233622708,1.6092179700946023
05/10/2023 16:35:35.243047,3023,True,True,True,True,Eyes,1.373156,-0.3537783,-2.934718,0.09885061,0.225722,0.9691636,0.0,0.0,0.0,0.0,0.0,0.0,0.0,-1.165675,-0.06990835,3.051061,1.37247,-0.3552685,-2.943258,-0.06859165,-0.03463535,-0.005024969,0.9970308,352.1185,356.0419,359.6953,0.4211785,-0.1085466,-0.9004586,0,0,0,1.541036,0.06706642,-0.896474,0.3087001,0.141591,2.069,0.9975502,-0.005268708,0.06975435,0.01477149,0.9905399,-0.1364279,-0.06837567,0.137124,0.9881912,moving,9.54011939055917,5.400455715029523,8.486075937878136,3.914904642715365,0.168566,0.42233492,2.046784,0.16502257521194352,0.09282587595014513,0.9819118363533657,9.164462286336782,5.375571055461876,1.7938758643886912,1.8215020144357512,1.6105137090695059
05/10/2023 16:35:35.256652,3024,True,True,True,True,Eyes,1.373242,-0.3537779,-2.934711,0.09871364,0.2244451,0.969474,0.0,0.0,0.0,0.0,0.0,0.0,0.0,-1.165888,-0.0694952,3.050972,1.372469,-0.3552839,-2.943239,-0.06855906,-0.03459713,-0.00494893,0.9970347,352.1226,356.0457,359.7036,0.4211906,-0.1085462,-0.9004531,0,0,0,1.541111,0.0642959,-0.8960789,0.3087002,0.1389099,2.069,0.997557,-0.005124618,0.06966767,0.0146124,0.9905503,-0.1363691,-0.06831049,0.137054,0.9882054,moving,9.529693608624251,5.3264698517470705,8.486078646823053,3.8409978980676205,0.16864199999999996,0.4195798,2.0471601,0.16486328839525283,0.09156032610478997,0.9820573430992448,9.150488449326486,5.304253151749741,1.788100735415533,1.8154225716519996,1.607033392027365
05/10/2023 16:35:35.273070,3025,True,True,True,True,Eyes,1.373338,-0.3537769,-2.934705,0.09856287,0.2231154,0.9697963,0.0,0.0,0.0,0.0,0.0,0.0,0.0,-1.166405,-0.06884557,3.050803,1.372501,-0.3553127,-2.943234,-0.06850462,-0.03451306,-0.004838462,0.9970419,352.1293,356.0545,359.7155,0.4212037,-0.1085458,-0.900447,0,0,0,1.541389,0.0614306,-0.8956959,0.3087,0.1362225,2.069,0.9975709,-0.004919687,0.06948487,0.0143769,0.9905674,-0.13627,-0.06815903,0.1369379,0.988232,moving,9.513896107375352,5.25118809748588,8.48607322893318,3.766904640385976,0.16888799999999993,0.4167433,2.0475380999999997,0.1646119384774201,0.09027375774447163,0.9822186838616364,9.131268475117405,5.231725352785177,1.7784482830919863,1.8054133184591266,1.6006175761787782
05/10/2023 16:35:35.293135,3026,True,True,True,True,Eyes,1.373428,-0.353774,-2.934698,0.09842573,0.2218416,0.9701024,0.0,0.0,0.0,0.0,0.0,0.0,0.0,-1.166954,-0.06818417,3.050668,1.372521,-0.3553025,-2.943289,-0.06845169,-0.03441965,-0.004702024,0.9970495,352.136,356.0642,359.7302,0.421218,-0.1085453,-0.9004404,0,0,0,1.541681,0.05867216,-0.8953848,0.3087002,0.1335852,2.069,0.9975864,-0.004664134,0.06927991,0.01408847,0.9905846,-0.1361757,-0.06799246,0.1368231,0.9882593,moving,9.498247306092084,5.178718745282528,8.486078646823053,3.694180400423509,0.16915999999999998,0.41397466000000005,2.0479042,0.1643620652174041,0.08903510857081828,0.9823735782591088,9.1123410299356,5.161910413197366,1.7701150334476319,1.796758050535248,1.595755608763119
05/10/2023 16:35:35.307430,3027,True,True,True,True,Eyes,1.373536,-0.3537701,-2.934691,0.09829465,0.2205143,0.9704183,0.0,0.0,0.0,0.0,0.0,0.0,0.0,-1.167564,-0.06825063,3.050392,1.372499,-0.3552555,-2.943263,-0.06848504,-0.03431336,-0.004638266,0.9970512,352.1324,356.076,359.7369,0.4212332,-0.1085446,-0.9004334,0,0,0,1.542029,0.0561876,-0.8950547,0.3087002,0.1308667,2.069,0.9976022,-0.004549275,0.06905964,0.01394908,0.9905766,-0.1362479,-0.06778903,0.1368845,0.9882648,moving,9.48012900779916,5.094191313968549,8.486078646823053,3.619204573794406,0.16953000000000018,0.4114431,2.0482082999999998,0.16407251611828724,0.08759001814419268,0.9825519171393015,9.090393700440556,5.080478042554553,1.752539452892847,1.778685470746943,1.5813022590672023
05/10/2023 16:35:35.323024,3028,True,True,True,True,Eyes,1.373638,-0.3537679,-2.934684,0.0981707,0.2192413,0.9707192,0.0,0.0,0.0,0.0,0.0,0.0,0.0,-1.168304,-0.0683322,3.050112,1.372495,-0.3552457,-2.943271,-0.06848601,-0.03419267,-0.004670833,0.9970551,352.1322,356.0902,359.7321,0.4212497,-0.1085437,-0.9004257,0,0,0,1.542505,0.05351692,-0.8947355,0.3087001,0.1281787,2.069,0.9976181,-0.004630717,0.06882371,0.01399759,0.9905757,-0.1362492,-0.06754418,0.136888,0.9882811,moving,9.459076294666483,5.018070223681973,8.486075937878136,3.5450577264473804,0.17001,0.40876262,2.0485355000000003,0.1637301229431784,0.08628953123528338,0.9827240522410281,9.066064103519423,5.007180044961765,1.7395987388256802,1.7653598815311122,1.5729551635637378
05/10/2023 16:35:35.343078,3029,True,True,True,True,Eyes,1.373757,-0.3537625,-2.934677,0.09802458,0.2179459,0.9710256,0.0,0.0,0.0,0.0,0.0,0.0,0.0,-1.168421,-0.0683471,3.050041,1.372442,-0.3552845,-2.943264,-0.06850543,-0.03416384,-0.004648039,0.9970548,352.1301,356.0933,359.7346,0.4212672,-0.1085428,-0.9004177,0,0,0,1.542524,0.05102071,-0.8944051,0.3087,0.1256082,2.069,0.9976225,-0.004587884,0.06876326,0.01394952,0.9905708,-0.1362897,-0.0674896,0.1369249,0.9882797,moving,9.448175946098798,4.937937121831993,8.48607322893318,3.474140919229784,0.17008200000000007,0.40630520999999997,2.0488589,0.16356250802170702,0.08491741386768613,0.982871450525459,9.051306734024667,4.929933610769094,1.7263222140397678,1.7516680510673577,1.5616725892507937
05/10/2023 16:35:35.357304,3030,True,True,True,True,Eyes,1.373872,-0.3537591,-2.934671,0.09787644,0.2167056,0.9713181,0.0,0.0,0.0,0.0,0.0,0.0,0.0,-1.168262,-0.06903481,3.050082,1.372417,-0.3552257,-2.943278,-0.06858472,-0.03418755,-0.004705558,0.9970483,352.1207,356.091,359.7285,0.421286,-0.1085416,-0.900409,0,0,0,1.542395,0.04863459,-0.8940955,0.3087001,0.1228389,2.069,0.9976181,-0.00469385,0.06881873,0.01407282,0.990548,-0.1364428,-0.0675278,0.1370863,0.9882547,moving,9.441700630245439,4.855551128144619,8.486075937878136,3.397727552751014,0.16997799999999996,0.40386028999999996,2.0491824999999997,0.16347100508729745,0.08350533343073518,0.9830076580324353,9.040694787235005,4.8504796389508895,1.7181194778176407,1.743120228106913,1.5550211226925594
05/10/2023 16:35:35.373375,3031,True,True,True,True,Eyes,1.374013,-0.3537548,-2.934662,0.09772225,0.2154228,0.971619,0.0,0.0,0.0,0.0,0.0,0.0,0.0,-1.167679,-0.06924871,3.050321,1.372428,-0.3552693,-2.943289,-0.06862853,-0.03428433,-0.004696525,0.997042,352.1157,356.0798,359.7305,0.421306,-0.1085403,-0.9003998,0,0,0,1.541964,0.04613021,-0.8937446,0.3087002,0.120164,2.069,0.997605,-0.004659499,0.06901047,0.01407103,0.9905362,-0.136529,-0.0677212,0.1371731,0.9882294,moving,9.444394118246473,4.773984861641987,8.486078646823053,3.3239074739095162,0.1695359999999999,0.40139951,2.0495444000000003,0.16353632092378803,0.08210494449492252,0.9831148213174795,9.03896343179166,4.771747329411875,1.7134344645996993,1.7381291589472048,1.5498134831749508
05/10/2023 16:35:35.393129,3032,True,True,True,True,Eyes,1.374148,-0.3537519,-2.934656,0.09757253,0.2141933,0.9719058,0.0,0.0,0.0,0.0,0.0,0.0,0.0,-1.16755,-0.06944233,3.050329,1.372418,-0.3552821,-2.943254,-0.06864931,-0.03430553,-0.004729087,0.9970397,352.1132,356.0776,359.727,0.4213275,-0.1085388,-0.9003899,0,0,0,1.541846,0.04353848,-0.8933524,0.3087003,0.1174891,2.069,0.9976015,-0.004720075,0.06905724,0.01414028,0.9905298,-0.1365677,-0.06775865,0.1372167,0.9882208,moving,9.4380419859,4.698658508479408,8.486081355767933,3.2500763457615856,0.16942800000000013,0.39882058,2.0499016,0.1634446289028764,0.08081362251893691,0.9832370335515739,9.028844752828917,4.699105020219857,1.7089501459620045,1.733383778470794,1.5473448887017642
05/10/2023 16:35:35.406956,3033,True,True,True,True,Eyes,1.374303,-0.3537488,-2.934649,0.09740418,0.2129148,0.9722036,0.0,0.0,0.0,0.0,0.0,0.0,0.0,-1.167442,-0.06949586,3.050424,1.372417,-0.3553144,-2.943308,-0.0686746,-0.03432101,-0.004698928,0.9970376,352.1104,356.0755,359.7307,0.4213504,-0.1085372,-0.9003793,0,0,0,1.541728,0.04093006,-0.8930514,0.3087003,0.1147685,2.069,0.9976,-0.004656051,0.06908406,0.01408398,0.9905234,-0.1366198,-0.06779328,0.1372649,0.9882117,moving,9.43106058063528,4.618931279028658,8.486081355767933,3.174972747544056,0.169311,0.39624445999999997,2.0502566,0.1633428332689991,0.07944672843981683,0.9833653758157942,9.017886083101146,4.622220601091047,1.701569172470042,1.7256888410365474,1.541863358929813
05/10/2023 16:35:35.423057,3034,True,True,True,True,Eyes,1.374453,-0.3537421,-2.934642,0.09725211,0.2116888,0.9724864,0.0,0.0,0.0,0.0,0.0,0.0,0.0,-1.167428,-0.06986704,3.050425,1.372446,-0.35533,-2.943296,-0.06877083,-0.03432397,-0.0046229,0.9970312,352.0996,356.0746,359.7398,0.4213751,-0.1085355,-0.900368,0,0,0,1.541673,0.03873351,-0.8927584,0.3087003,0.1121319,2.069,0.997601,-0.004497374,0.06907997,0.01393933,0.9904984,-0.136816,-0.0678083,0.1374507,0.9881849,moving,9.424320899536763,4.533485383956879,8.486081355767933,3.102177588512318,0.16922700000000002,0.39406350999999995,2.0505376,0.16324608774443036,0.07798139325067936,0.9834986203715147,9.006856995677008,4.539815806812213,1.6877222135021992,1.711413289299786,1.5290555627050328
05/10/2023 16:35:35.443152,3035,True,True,True,True,Eyes,1.374611,-0.3537366,-2.934634,0.0971002,0.2104271,0.9727755,0.0,0.0,0.0,0.0,0.0,0.0,0.0,-1.168211,-0.07014099,3.050122,1.37249,-0.3552383,-2.94329,-0.0687969,-0.03420356,-0.004640151,0.9970335,352.0966,356.0886,359.737,0.4214011,-0.1085335,-0.9003561,0,0,0,1.542189,0.03629112,-0.8924484,0.3087001,0.1094802,2.069,0.9976171,-0.004546575,0.06884264,0.01395897,0.9904909,-0.1368682,-0.06756574,0.137503,0.9881942,moving,9.402033707201532,4.455043070038143,8.486075937878136,3.028955414163059,0.16969900000000004,0.39152942,2.0508416,0.1628805290617807,0.07663953919128598,0.9836648316066817,8.981214429885778,4.464287155887367,1.6716062953092208,1.694905495130388,1.518334395009524
05/10/2023 16:35:35.455049,3036,True,True,True,True,Eyes,1.374763,-0.3537323,-2.934624,0.09697201,0.2092077,0.9730512,0.0,0.0,0.0,0.0,0.0,0.0,0.0,-1.169597,-0.07016841,3.049594,1.372545,-0.3552696,-2.943265,-0.06880607,-0.03398616,-0.004654948,0.9970402,352.0956,356.1138,359.7336,0.4214287,-0.1085314,-0.9003434,0,0,0,1.543113,0.03343788,-0.8921105,0.3087001,0.1066117,2.069,0.9976465,-0.004605431,0.06841172,0.01395925,0.9904881,-0.1368884,-0.06713057,0.1375212,0.9882214,moving,9.370123641121783,4.3808243667628375,8.486075937878136,2.949735532627449,0.17056800000000005,0.38870748,2.0511545,0.1623483874436762,0.07537196903033389,0.9838506683755921,8.946521198099877,4.392907129326174,1.6591216439111958,1.6821282926095005,1.5148445778952422
05/10/2023 16:35:35.472681,3037,True,True,True,True,Eyes,1.374922,-0.3537268,-2.934616,0.09685453,0.2079402,0.9733345,0.0,0.0,0.0,0.0,0.0,0.0,0.0,-1.170967,-0.06951997,3.049036,1.372532,-0.3552908,-2.943219,-0.06870922,-0.03376053,-0.004653581,0.9970546,352.1068,356.1399,359.7316,0.4214574,-0.1085292,-0.9003302,0,0,0,1.543996,0.03043622,-0.8917097,0.3087,0.1040147,2.069,0.9976771,-0.004640429,0.06796166,0.01391907,0.9905148,-0.1366994,-0.06668268,0.1373279,0.9882785,moving,9.3382200715676,4.315784073061715,8.48607322893318,2.8780039699294035,0.17146399999999984,0.38572702000000003,2.0515093,0.16181404121866538,0.07426168686422609,0.984023065571318,8.912321177324985,4.330384272976595,1.6485728784666716,1.6713365509001983,1.5136366334717437
05/10/2023 16:35:35.493071,3038,True,True,True,True,Eyes,1.375073,-0.3537214,-2.93461,0.09673875,0.2067212,0.9736056,0.0,0.0,0.0,0.0,0.0,0.0,0.0,-1.171564,-0.06951404,3.048837,1.372523,-0.3552597,-2.943259,-0.06865456,-0.03366623,-0.004772042,0.9970609,352.1126,356.1517,359.7169,0.4214873,-0.1085268,-0.9003165,0,0,0,1.544396,0.02753231,-0.8913689,0.3087,0.1013401,2.069,0.9976876,-0.004893351,0.0677898,0.01413871,0.9905276,-0.1365842,-0.06647931,0.1372268,0.9883063,moving,9.319396381585173,4.250933828292542,8.48607322893318,2.804119585771906,0.17187300000000016,0.38279201,2.0518900999999996,0.1615040259619834,0.07315163448026919,0.9841570975221884,8.89073792480758,4.267945841016674,1.6470149651580182,1.6696403592110547,1.518730002874455
05/10/2023 16:35:35.503184,3039,True,True,True,True,Eyes,1.375214,-0.3537157,-2.934604,0.09659593,0.2054343,0.9738922,0.0,0.0,0.0,0.0,0.0,0.0,0.0,-1.171264,-0.06961742,3.048972,1.372469,-0.3552564,-2.943308,-0.06863967,-0.03370942,-0.004841974,0.9970601,352.114,356.1473,359.7092,0.4215182,-0.1085244,-0.9003023,0,0,0,1.544156,0.02467361,-0.8910056,0.3086998,0.09854403,2.069,0.9976804,-0.005027872,0.06788535,0.01428308,0.9905303,-0.1365493,-0.06655593,0.1372022,0.9883046,moving,9.31549705891311,4.177117889603806,8.486067811043153,2.7268696822868805,0.17168700000000015,0.37993001000000004,2.0523024000000003,0.16145197513277557,0.07188427931158337,0.9842590881691033,8.88306345282776,4.196742530569947,1.648201722186753,1.6706803225177693,1.5225412078875713
05/10/2023 16:35:35.522809,3040,True,True,True,True,Eyes,1.375351,-0.3537124,-2.934602,0.09644435,0.2042069,0.9741653,0.0,0.0,0.0,0.0,0.0,0.0,0.0,-1.170185,-0.06981876,3.049373,1.372452,-0.3552272,-2.94331,-0.06863774,-0.03388635,-0.004904158,0.997054,352.114,356.1274,359.7034,0.4215496,-0.1085218,-0.9002879,0,0,0,1.543398,0.02221692,-0.8906048,0.3086999,0.09606284,2.069,0.9976553,-0.005127653,0.06824625,0.01443118,0.9905296,-0.1365387,-0.06689981,0.1372034,0.9882812,moving,9.326442546246957,4.105615761943297,8.486070519988186,2.658310974424728,0.17094600000000004,0.37744412000000005,2.0527052,0.16165424758146374,0.07065354776973422,0.9843149814998462,8.889819502852943,4.127659732434544,1.651261338578245,1.673593824825021,1.5238106883170601
05/10/2023 16:35:35.542963,3041,True,True,True,True,Eyes,1.375485,-0.3537129,-2.934597,0.09630487,0.202909,0.9744503,0.0,0.0,0.0,0.0,0.0,0.0,0.0,-1.169051,-0.07080764,3.049874,1.372478,-0.3552802,-2.943383,-0.06875715,-0.03408017,-0.005015351,0.9970387,352.0998,356.1059,359.6926,0.4215813,-0.1085192,-0.9002733,0,0,0,1.542641,0.02016112,-0.8903598,0.3087,0.09358966,2.069,0.9976268,-0.005314487,0.06864817,0.01468751,0.9904945,-0.1367652,-0.06726882,0.1374489,0.988222,moving,9.33927968349933,4.016738935206899,8.48607322893318,2.5899660119662493,0.17016299999999984,0.37544131999999997,2.0530231999999997,0.16189217716031135,0.06912387110573708,0.9843845238800023,8.89747697427482,4.04179593332286,1.6404943985394111,1.662420593173102,1.5089940895270175
05/10/2023 16:35:35.552919,3042,True,True,True,True,Eyes,1.375615,-0.3537123,-2.934595,0.09615479,0.2016676,0.9747227,0.0,0.0,0.0,0.0,0.0,0.0,0.0,-1.168249,-0.06981936,3.050176,1.37248,-0.3553634,-2.943343,-0.06863195,-0.03421031,-0.004950806,0.9970431,352.1143,356.0903,359.7006,0.4216133,-0.1085166,-0.9002587,0,0,0,1.54203,0.01699895,-0.8898271,0.3087,0.09096166,2.069,0.9976103,-0.005176493,0.06889787,0.01456817,0.9905303,-0.1365193,-0.06753874,0.1371967,0.9882386,moving,9.347060636378636,3.9566748737822635,8.48607322893318,2.5173346054876924,0.1695500000000001,0.37236235,2.0535159,0.1620373891103835,0.06809023705639795,0.9844325830512154,8.901789806899865,3.983774882232459,1.6552197140927638,1.6771999653332743,1.524226806763219
05/10/2023 16:35:35.572690,3043,True,True,True,True,Eyes,1.375754,-0.3537084,-2.934591,0.09600116,0.2003841,0.9750026,0.0,0.0,0.0,0.0,0.0,0.0,0.0,-1.167065,-0.06992114,3.050689,1.372502,-0.3553389,-2.9434,-0.06867956,-0.03440275,-0.004854053,0.9970337,352.1092,356.0673,359.7134,0.4216454,-0.1085142,-0.9002439,0,0,0,1.54117,0.01451561,-0.8894802,0.3087003,0.08817583,2.069,0.9975858,-0.004953776,0.06926814,0.01440484,0.990519,-0.1366176,-0.06793465,0.1372856,0.9881991,moving,9.362209917465083,3.873881633261573,8.486081355767933,2.4403323334850837,0.16866799999999982,0.36985451,2.0539198,0.1623133479544201,0.06666458876695852,0.9844847840069825,8.911998532510204,3.9037642839702063,1.658304436201305,1.6800788230053911,1.5241517362601391
05/10/2023 16:35:35.583304,3044,True,True,True,True,Eyes,1.37589,-0.3537044,-2.934583,0.09586129,0.1991704,0.9752649,0.0,0.0,0.0,0.0,0.0,0.0,0.0,-1.167356,-0.07236654,3.050499,1.37257,-0.3552667,-2.943355,-0.06900969,-0.03437147,-0.00500845,0.9970112,352.0707,356.0721,359.6967,0.4216779,-0.1085117,-0.900229,0,0,0,1.541412,0.01325041,-0.8893197,0.3087004,0.08553368,2.069,0.997587,-0.005243032,0.06922872,0.01473089,0.9904252,-0.1372626,-0.06784621,0.1379512,0.9881126,moving,9.348759310905034,3.76571367097471,8.486084064712776,2.3672933208946616,0.16884199999999994,0.36851711,2.0540353,0.16210207740945,0.06480814857260894,0.9846434282047312,8.893295810458499,3.7994833416264355,1.6220857453657493,1.6431031787172952,1.4889558963773772
05/10/2023 16:35:35.603377,3045,True,True,True,True,Eyes,1.376014,-0.3537012,-2.934575,0.09574907,0.1979272,0.9755291,0.0,0.0,0.0,0.0,0.0,0.0,0.0,-1.167968,-0.07418373,3.050163,1.372639,-0.355261,-2.943263,-0.06926651,-0.0342868,-0.005121189,0.9969958,352.0408,356.0827,359.684,0.4217106,-0.1085091,-0.900214,0,0,0,1.541851,0.01154193,-0.8890637,0.3087001,0.08279762,2.069,0.9975964,-0.005461754,0.06907704,0.01496146,0.9903519,-0.1377656,-0.06765814,0.138468,0.9880531,moving,9.331549953757747,3.663578375073348,8.486075937878136,2.291650169474675,0.16921200000000014,0.36680292999999997,2.0541993,0.16182454434975568,0.06305574187450148,0.984802963092194,8.871290374976095,3.7010523999583467,1.5911439797247624,1.6115251511673012,1.4610971253962026
05/10/2023 16:35:35.627959,3046,True,True,True,True,Eyes,1.376129,-0.3537005,-2.934567,0.09565464,0.1967049,0.9757856,0.0,0.0,0.0,0.0,0.0,0.0,0.0,-1.168718,-0.0758338,3.049821,1.372632,-0.3552514,-2.943253,-0.06935701,-0.0341818,-0.005558515,0.9969907,352.0287,356.0983,359.6331,0.4217433,-0.1085066,-0.9001989,0,0,0,1.542437,0.009093761,-0.8887702,0.3087001,0.08015725,2.069,0.9976014,-0.00634208,0.0689289,0.01582507,0.9903173,-0.1379166,-0.06738683,0.1386766,0.9880425,moving,9.308257562740522,3.586628148941897,8.486075937878136,2.2186449528565277,0.16980499999999998,0.364345161,2.0544827999999997,0.16143752144911622,0.06173702868110975,0.984950065212899,8.844758136759467,3.62697122877132,1.5759665538622671,1.5960453154698635,1.4532844935615234
05/10/2023 16:35:35.642728,3047,True,True,True,True,Eyes,1.376217,-0.3537023,-2.934561,0.0956118,0.1954567,0.9760405,0.0,0.0,0.0,0.0,0.0,0.0,0.0,-1.169661,-0.07355711,3.049445,1.372509,-0.3553023,-2.943232,-0.06899378,-0.0340097,-0.0055562,0.9970218,352.0705,356.1183,359.6306,0.4217757,-0.1085042,-0.900184,0,0,0,1.542971,0.004904896,-0.8881754,0.3087,0.07749334,2.069,0.9976249,-0.006386388,0.06858349,0.01577222,0.990418,-0.1371986,-0.06705012,0.1379545,0.9881665,moving,9.286949475091657,3.554036315335197,8.48607322893318,2.144981559882375,0.1704620000000001,0.360207196,2.0550566000000003,0.161076728561254,0.06118039394518272,0.9850437769089739,8.822491796577683,3.595681152984378,1.6002993413805289,1.620752314675227,1.4891966834781416
05/10/2023 16:35:35.654136,3048,True,True,True,True,Eyes,1.376305,-0.3537054,-2.934558,0.09556139,0.1942557,0.9762852,0.0,0.0,0.0,0.0,0.0,0.0,0.0,-1.169117,-0.07148904,3.049718,1.372476,-0.355318,-2.943261,-0.06876186,-0.03408305,-0.005293468,0.9970368,352.0981,356.1077,359.6606,0.4218072,-0.1085019,-0.9001696,0,0,0,1.542471,0.001424819,-0.8876608,0.3087001,0.07482612,2.069,0.9976206,-0.005868339,0.06869207,0.01524279,0.9904876,-0.1367553,-0.06723612,0.137477,0.9882203,moving,9.29696765720175,3.5059734748608737,8.486075937878136,2.0712195294112927,0.1699949999999999,0.35674281900000004,2.0556002,0.1612571102249515,0.06035226407743875,0.985065376816629,8.829597632006143,3.5492244220326237,1.6273416070865263,1.6480486232058646,1.5174009413959015
05/10/2023 16:35:35.672839,3049,True,True,True,True,Eyes,1.376338,-0.3537123,-2.934557,0.0955524,0.1930405,0.9765271,0.0,0.0,0.0,0.0,0.0,0.0,0.0,-1.168505,-0.07105038,3.050066,1.372547,-0.355354,-2.943331,-0.06872074,-0.0341912,-0.005222199,0.9970363,352.1031,356.0947,359.6695,0.4218378,-0.1084999,-0.9001555,0,0,0,1.542017,-0.001560181,-0.8872793,0.3087002,0.07197905,2.069,0.9976074,-0.005714155,0.06889746,0.01511273,0.9905003,-0.136677,-0.06746197,0.1373912,0.9882168,moving,9.310491744731431,3.43804403510142,8.486078646823053,1.9924761694970934,0.16947,0.353793819,2.0560517000000003,0.16150095897106706,0.05918194542673706,0.9850964472615628,8.839028540223273,3.4835697768198575,1.643388726854002,1.6641284235511207,1.5322968945508049
05/10/2023 16:35:35.692668,3050,True,True,True,True,Eyes,1.376368,-0.3537164,-2.934556,0.09554453,0.1918764,0.9767572,0.0,0.0,0.0,0.0,0.0,0.0,0.0,-1.16838,-0.07036439,3.050151,1.372545,-0.3553553,-2.943353,-0.0686279,-0.03420945,-0.005170892,0.9970424,352.1139,356.0922,359.6752,0.4218661,-0.1084982,-0.9001424,0,0,0,1.541877,-0.004428536,-0.8868854,0.3087,0.06944379,2.069,0.997606,-0.00561575,0.06892627,0.01500664,0.9905269,-0.1364961,-0.06750681,0.1372036,0.9882399,moving,9.313510076674694,3.3791697401786593,8.48607322893318,1.9223504041189188,0.16933200000000004,0.350926764,2.0564676,0.16156247712227523,0.0581690806653858,0.9851466194848253,8.838814172096901,3.4267328956276835,1.6546417664045758,1.6754027321566471,1.545183760509458
05/10/2023 16:35:35.707251,3051,True,True,True,True,Eyes,1.376363,-0.3537242,-2.934557,0.09554569,0.1906953,0.9769884,0.0,0.0,0.0,0.0,0.0,0.0,0.0,-1.168423,-0.07034919,3.050072,1.372494,-0.3552918,-2.943319,-0.06865354,-0.03419029,-0.005082509,0.9970416,352.1114,356.0937,359.6853,0.4218924,-0.1084968,-0.9001302,0,0,0,1.54183,-0.00686118,-0.8865167,0.3087002,0.06677604,2.069,0.9976103,-0.005440379,0.06887614,0.01482951,0.9905217,-0.1365533,-0.06748041,0.1372484,0.9882354,moving,9.313320118260037,3.3050030197763904,8.486078646823053,1.848553723011441,0.16933599999999993,0.34843061999999997,2.0568022999999998,0.16157111069894742,0.05689372645170246,0.9852197166785557,8.834696259456518,3.3551630104241563,1.6543919186335667,1.6749844793646127,1.5464170798191885
05/10/2023 16:35:35.728013,3052,True,True,True,True,Eyes,1.376359,-0.3537317,-2.934558,0.09554492,0.1895587,0.9772097,0.0,0.0,0.0,0.0,0.0,0.0,0.0,-1.167837,-0.07066709,3.050346,1.372502,-0.3553215,-2.943371,-0.06873639,-0.0342833,-0.005014393,0.9970332,352.1021,356.0824,359.6942,0.4219159,-0.1084957,-0.9001194,0,0,0,1.541385,-0.009274423,-0.8862174,0.3087002,0.06398812,2.069,0.997599,-0.00528601,0.0690525,0.01471205,0.9905004,-0.1367211,-0.06767382,0.1374087,0.9881999,moving,9.325473062391755,3.2274725907082407,8.486078646823053,1.7714262843927129,0.1688829999999999,0.34604707700000004,2.0571536,0.1617922754401693,0.05555847700788735,0.9852596842954872,8.842296259506483,3.2802537291903207,1.6602202704973934,1.6806706491823478,1.5503068231032078
05/10/2023 16:35:35.742674,3053,True,True,True,True,Eyes,1.376309,-0.3537407,-2.934561,0.09555509,0.1884129,0.9774302,0.0,0.0,0.0,0.0,0.0,0.0,0.0,-1.16774,-0.07031924,3.050406,1.372524,-0.3553226,-2.943376,-0.06869865,-0.03430089,-0.00496611,0.9970353,352.1066,356.08,359.6998,0.4219369,-0.108495,-0.9001096,0,0,0,1.541275,-0.0119867,-0.8858361,0.3087003,0.06138337,2.069,0.9975976,-0.005189924,0.06908072,0.01461562,0.9905117,-0.1366493,-0.06771606,0.1373306,0.9882079,moving,9.32937829068314,3.1634413829591894,8.486081355767933,1.6993604107609022,0.16875099999999987,0.34333589999999997,2.0575399,0.16186925834268853,0.05445665971472072,0.9853084833693769,8.842663108428217,3.218433685664062,1.669161303212485,1.6895806620550748,1.5603634707513796
05/10/2023 16:35:35.757952,3054,True,True,True,True,Eyes,1.37626,-0.3537496,-2.934566,0.09555991,0.1873212,0.9776395,0.0,0.0,0.0,0.0,0.0,0.0,0.0,-1.167803,-0.07097089,3.050388,1.372536,-0.3552758,-2.943398,-0.06876903,-0.03429507,-0.005036293,0.9970303,352.0982,356.0812,359.6919,0.4219545,-0.1084947,-0.9001014,0,0,0,1.541301,-0.0144386,-0.8855255,0.3087001,0.0586026,2.069,0.9975969,-0.005325794,0.06907915,0.01475955,0.9904909,-0.1367842,-0.06769377,0.1374751,0.9881893,moving,9.328628211495026,3.0918084902596434,8.486075937878136,1.6224186438332227,0.16876500000000005,0.34083719999999995,2.0578725,0.16186712030148054,0.05322477237522484,0.9853761105790061,8.838139767836005,3.1493131975070114,1.673487225216531,1.6938125204868606,1.5669575356094632
05/10/2023 16:35:35.773986,3055,True,True,True,True,Eyes,1.376164,-0.3537622,-2.934571,0.0955869,0.1861973,0.9778516,0.0,0.0,0.0,0.0,0.0,0.0,0.0,-1.167419,-0.07169521,3.050554,1.372539,-0.3552858,-2.943433,-0.06888011,-0.03435814,-0.00505609,0.9970205,352.0854,356.074,359.6906,0.421969,-0.1084948,-0.9000946,0,0,0,1.541015,-0.01652431,-0.8852645,0.3087001,0.05605194,2.069,0.9975879,-0.005348864,0.06920807,0.01481523,0.9904599,-0.1370023,-0.06781501,0.1376972,0.9881501,moving,9.337750380141289,3.01307533101824,8.486075937878136,1.551838689855192,0.16847600000000007,0.33876149,2.0581685000000003,0.16203558510095173,0.051869215089271545,0.9854207706804614,8.842754828129802,3.073266208093657,1.671251329586782,1.6913195668121739,1.5626776775792297
05/10/2023 16:35:35.792710,3056,True,True,True,True,Eyes,1.376072,-0.3537757,-2.934577,0.09560819,0.1851277,0.9780526,0.0,0.0,0.0,0.0,0.0,0.0,0.0,-1.167207,-0.07273364,3.050585,1.372534,-0.3552969,-2.943407,-0.06901265,-0.034396,-0.00515377,0.9970095,352.0698,356.0704,359.6801,0.4219796,-0.1084953,-0.9000896,0,0,0,1.540855,-0.01876608,-0.8849331,0.3086999,0.0532943,2.069,0.9975806,-0.005529196,0.06929762,0.01502423,0.9904214,-0.137258,-0.06787492,0.137967,0.9881083,moving,9.342598060238085,2.936151610936311,8.486070519988186,1.4755260466424867,0.16832100000000016,0.33653082,2.0584739,0.16212998141875123,0.0505453769912273,0.9854740552947583,8.843346036758822,2.998997682705864,1.673342726155343,1.693241408150414,1.5648040199249709
05/10/2023 16:35:35.808153,3057,True,True,True,True,Eyes,1.375932,-0.3537914,-2.934584,0.09563591,0.1838888,0.9782836,0.0,0.0,0.0,0.0,0.0,0.0,0.0,-1.166839,-0.07361615,3.050719,1.372536,-0.3553328,-2.943417,-0.06914224,-0.03445784,-0.005203333,0.996998,352.0547,356.0637,359.6754,0.4219867,-0.1084963,-0.9000861,0,0,0,1.540582,-0.02096418,-0.884637,0.3087,0.05059341,2.069,0.9975712,-0.00561044,0.06942832,0.01514041,0.9903845,-0.1375107,-0.06798925,0.1382279,0.9880641,moving,9.351341236672043,2.8489464873460686,8.48607322893318,1.4007787780152117,0.16804599999999992,0.33436862,2.05878,0.16229252553829776,0.04904408415698695,0.9855231778296902,8.847146345830303,2.9147780655219107,1.6674113667232209,1.6869731591121906,1.556459970033472
05/10/2023 16:35:35.828246,3058,True,True,True,True,Eyes,1.375797,-0.3538068,-2.934589,0.09565701,0.1826903,0.978506,0.0,0.0,0.0,0.0,0.0,0.0,0.0,-1.166526,-0.0737524,3.050815,1.372528,-0.3553258,-2.9434,-0.06913179,-0.03451148,-0.005277023,0.9969965,352.0556,356.058,359.6673,0.4219895,-0.1084979,-0.9000847,0,0,0,1.540339,-0.02366573,-0.8842266,0.3087001,0.04793444,2.069,0.9975622,-0.005750664,0.06954526,0.01529402,0.9903859,-0.1374841,-0.06808602,0.1382125,0.9880595,moving,9.35842768208138,2.7806295714054663,8.486075937878136,1.327186987358628,0.16781099999999993,0.33166007000000003,2.0591734,0.1624236844319435,0.047867906105924354,0.9855593394681097,8.85035195106054,2.8487982164096786,1.6756523300398047,1.6951380211461233,1.5646078569898325
05/10/2023 16:35:35.843163,3059,True,True,True,True,Eyes,1.375797,-0.3538068,-2.934589,0.09565701,0.1826903,0.978506,0.0,0.0,0.0,0.0,0.0,0.0,0.0,-1.166136,-0.07302138,3.05094,1.372538,-0.3553317,-2.943352,-0.06901611,-0.03457778,-0.005265069,0.9970023,352.0689,356.0503,359.6688,0.4219885,-0.1085,-0.9000849,0,0,0,1.540024,-0.02674609,-0.8837189,0.3087001,0.04530135,2.069,0.9975533,-0.005725724,0.06967498,0.01527142,0.9904181,-0.1372543,-0.06822149,0.1379825,0.9880823,moving,9.366126731933372,2.7939761176233215,8.486075937878136,1.2543071552973903,0.16748600000000002,0.32858561,2.0596331,0.16255432971850786,0.048096433444638195,0.9855266735567851,8.858480555428946,2.861619454394726,1.7528223730255397,1.7734344965820028,1.6498903072637066
05/10/2023 16:35:35.859058,3060,True,True,True,True,Eyes,1.375797,-0.3538068,-2.934589,0.09565701,0.1826903,0.978506,0.0,0.0,0.0,0.0,0.0,0.0,0.0,-1.165771,-0.07258517,3.051143,1.372536,-0.3553591,-2.943405,-0.06892692,-0.03463936,-0.005309566,0.9970061,352.0789,356.0436,359.6638,0.4219876,-0.1085018,-0.9000852,0,0,0,1.539738,-0.02982783,-0.883321,0.3086999,0.04260606,2.069,0.9975438,-0.005812172,0.06980324,0.01536251,0.9904417,-0.1370732,-0.06833936,0.1378089,0.9880984,moving,9.372538623790994,2.8050847998583412,8.486070519988186,1.1797015212792532,0.16720200000000007,0.32553127,2.060084,0.1626631231928965,0.048286632050696804,0.9854994220346163,8.865249840455713,2.872290880215321,1.829686202854783,1.8514039271170009,1.7345419265771078
05/10/2023 16:35:35.872983,3061,True,True,True,True,Eyes,1.375649,-0.3538239,-2.934599,0.09576903,0.1812275,0.978767,0.0,0.0,0.0,0.0,0.0,0.0,0.0,-1.165497,-0.07099918,3.051345,1.372562,-0.3554096,-2.943447,-0.06875967,-0.03467971,-0.005097213,0.9970174,352.0989,356.0373,359.6879,0.4219868,-0.1085035,-0.9000853,0,0,0,1.539473,-0.03314301,-0.8828809,0.3087001,0.03990102,2.069,0.9975427,-0.005394888,0.06985351,0.01493315,0.9904922,-0.1367556,-0.06845158,0.1374627,0.9881389,moving,9.387294300520594,2.7352121604510424,8.486075937878136,1.1048219846585567,0.16691100000000003,0.32226659,2.0605661,0.16292628918750918,0.04708269917538113,0.9855141794425586,8.875764688230051,2.8047517165876785,1.8412482031232913,1.8628920157874438,1.7440236281792323
05/10/2023 16:35:35.892884,3062,True,True,True,True,Eyes,1.375508,-0.3538378,-2.934609,0.0958845,0.1798182,0.9790156,0.0,0.0,0.0,0.0,0.0,0.0,0.0,-1.165225,-0.0716182,3.051463,1.372609,-0.3553739,-2.94346,-0.0688924,-0.03472681,-0.005007995,0.9970071,352.084,356.0311,359.6991,0.4219822,-0.1085057,-0.9000872,0,0,0,1.539258,-0.03509006,-0.8826128,0.3087001,0.03730237,2.069,0.9975379,-0.005201186,0.06993576,0.01477084,0.9904575,-0.1370246,-0.06855572,0.1377202,0.9880958,moving,9.401370425076829,2.6357216589630346,8.486075937878136,1.0328839236613434,0.16664900000000005,0.32028384000000004,2.0608472,0.163181352195824,0.04536940780439146,0.9855523479581751,8.88405322801223,2.7086362834700077,1.8246787684373342,1.8457661834596961,1.7223623006983124
05/10/2023 16:35:35.910342,3063,True,True,True,True,Eyes,1.375289,-0.3538575,-2.934622,0.09602091,0.1782697,0.9792854,0.0,0.0,0.0,0.0,0.0,0.0,0.0,-1.165798,-0.07242954,3.051214,1.372623,-0.3553084,-2.94345,-0.06887883,-0.03465034,-0.005339167,0.9970089,352.0843,356.0426,359.6602,0.4219744,-0.1085082,-0.9000906,0,0,0,1.539666,-0.03792042,-0.8822331,0.3087002,0.03459769,2.069,0.9975417,-0.005873043,0.06982891,0.01541974,0.9904544,-0.1369756,-0.06835788,0.1377156,0.9881101,moving,9.397201622166701,2.55088036381866,8.486078646823053,0.9580071933514726,0.16704300000000005,0.31738798,2.0612169,0.16312029053058172,0.04391044220665745,0.9856285505356023,8.875534087785933,2.626795478146058,1.8142861247297117,1.8350449622266076,1.7136306136280495
05/10/2023 16:35:35.923364,3064,True,True,True,True,Eyes,1.375078,-0.3538746,-2.934635,0.09614394,0.1767873,0.9795421,0.0,0.0,0.0,0.0,0.0,0.0,0.0,-1.16657,-0.07240248,3.050923,1.372586,-0.3553444,-2.943466,-0.06881685,-0.03452507,-0.005496239,0.9970166,352.0909,356.0583,359.6409,0.4219616,-0.1085114,-0.9000961,0,0,0,1.540161,-0.04089066,-0.8818851,0.3087001,0.03197515,2.069,0.9975556,-0.006207869,0.0696006,0.0157115,0.9904681,-0.1368435,-0.06808767,0.1376026,0.9881445,moving,9.388970244792112,2.47283131924891,8.486075937878136,0.8854013104179076,0.1675749999999998,0.31445374,2.0615809,0.16298817337293225,0.0425687110964159,0.9857093346867364,8.863459700593605,2.5515399757205297,1.8057385227354927,1.8262398972738678,1.7083432197242123
05/10/2023 16:35:35.942908,3065,True,True,True,True,Eyes,1.37482,-0.3538952,-2.93465,0.09617043,0.175157,0.9798323,0.0,0.0,0.0,0.0,0.0,0.0,0.0,-1.165951,-0.07239953,3.051136,1.37254,-0.3552997,-2.943468,-0.06885832,-0.03461321,-0.005374284,0.9970114,352.0865,356.0471,359.6558,0.4219447,-0.108515,-0.9001036,0,0,0,1.539665,-0.04331237,-0.8815166,0.3087002,0.0292491,2.069,0.9975461,-0.005949629,0.06975965,0.01548326,0.9904593,-0.136933,-0.06827939,0.1376771,0.9881209,moving,9.403204093651572,2.370334206881291,8.486078646823053,0.8099267077968789,0.16712499999999997,0.31198733,2.0619514000000003,0.16324507252704645,0.04080353848793308,0.9857414366461307,8.871740746512486,2.4525219518903776,1.7900329004380744,1.8099697921289408,1.6872623954368935
05/10/2023 16:35:35.958236,3066,True,True,True,True,Eyes,1.374573,-0.3539172,-2.934662,0.09619483,0.173589,0.9801089,0.0,0.0,0.0,0.0,0.0,0.0,0.0,-1.164962,-0.0728184,3.051515,1.372544,-0.355313,-2.943477,-0.0689557,-0.03477181,-0.005303566,0.9969995,352.0756,356.0282,359.6656,0.4219227,-0.1085192,-0.9001134,0,0,0,1.538949,-0.04544625,-0.8811823,0.3087,0.02666032,2.069,0.9975256,-0.005779875,0.07006638,0.01537073,0.9904339,-0.1371288,-0.06860354,0.1378664,0.9880721,moving,9.424671742800262,2.2659971133690058,8.48607322893318,0.7382500155245357,0.16640499999999991,0.30986674999999997,2.0622947000000003,0.16362615395757202,0.03900591468732595,0.9857510144348808,8.886896275693488,2.3516735980658603,1.7737455455418136,1.7930360747083973,1.6624664722979223
05/10/2023 16:35:35.972790,3067,True,True,True,True,Eyes,1.374313,-0.3539412,-2.934673,0.09612447,0.1720517,0.9803869,0.0,0.0,0.0,0.0,0.0,0.0,0.0,-1.164965,-0.07211611,3.051492,1.37258,-0.355366,-2.943414,-0.06890603,-0.03477224,-0.005168795,0.9970036,352.0818,356.0271,359.681,0.4218965,-0.108524,-0.9001251,0,0,0,1.538897,-0.04827097,-0.8807307,0.3087003,0.02400416,2.069,0.9975284,-0.005514579,0.07004841,0.01509865,0.9904505,-0.1370396,-0.06862376,0.1377586,0.9880857,moving,9.423339966800366,2.178939066039149,8.486081355767933,0.6647053436240162,0.16631700000000005,0.30709503,2.0626833,0.16361264054813418,0.03750815905817027,0.9858114509145318,8.880993919404242,2.2676721463516363,1.7619145077935237,1.780830556244371,1.65089627280596
05/10/2023 16:35:35.988051,3068,True,True,True,True,Eyes,1.374064,-0.3539647,-2.934685,0.09605221,0.1705714,0.9806525,0.0,0.0,0.0,0.0,0.0,0.0,0.0,-1.164812,-0.0719755,3.051529,1.37259,-0.3553931,-2.943381,-0.06890137,-0.03479796,-0.005135308,0.9970033,352.0825,356.0239,359.6851,0.4218663,-0.1085293,-0.9001386,0,0,0,1.538748,-0.05094054,-0.8803221,0.3087001,0.02133819,2.069,0.9975255,-0.005444582,0.07009503,0.01503509,0.9904525,-0.1370324,-0.06867971,0.1377472,0.9880834,moving,9.42351469472242,2.0916337551507556,8.486075937878136,0.5908868466915419,0.16615800000000003,0.30445256000000004,2.0630589,0.16362467600219388,0.0360058940656741,0.9858653540396896,8.876530447589575,2.1834206843025346,1.7509297422703,1.7694724372206667,1.6397008105413609
05/10/2023 16:35:36.003046,3069,True,True,True,True,Eyes,1.373827,-0.3539865,-2.934697,0.09592101,0.1690988,0.9809203,0.0,0.0,0.0,0.0,0.0,0.0,0.0,-1.164444,-0.07178554,3.051714,1.372573,-0.3554053,-2.943429,-0.0688544,-0.03485691,-0.005171069,0.9970043,352.0877,356.0174,359.6812,0.4218325,-0.1085352,-0.9001538,0,0,0,1.538454,-0.05392933,-0.8799377,0.3087003,0.01854229,2.069,0.9975165,-0.005511052,0.07021708,0.01511126,0.9904646,-0.1369358,-0.06879287,0.1376567,0.9880882,moving,9.423252769565488,2.0106759948901245,8.486081355767933,0.5134685926529516,0.16588099999999995,0.30147597,2.0634913,0.163628221369083,0.03461282909531564,0.9859146192782412,8.871982881291164,2.105297950148649,1.748018962742414,1.766329602354298,1.6379379386247577
05/10/2023 16:35:36.028324,3070,True,True,True,True,Eyes,1.373601,-0.3540063,-2.934707,0.09579457,0.1676905,0.9811745,0.0,0.0,0.0,0.0,0.0,0.0,0.0,-1.164869,-0.07246909,3.05153,1.372598,-0.3553764,-2.943414,-0.06890723,-0.03479728,-0.005307581,0.9970019,352.0811,356.0253,359.6652,0.4217961,-0.1085414,-0.9001701,0,0,0,1.538733,-0.05625969,-0.8796209,0.3087001,0.01600879,2.069,0.9975219,-0.005787769,0.07011738,0.0153789,0.9904472,-0.1370319,-0.06865445,0.1377707,0.9880819,moving,9.408575849397204,1.9232403239442308,8.486075937878136,0.4433145472938367,0.16613499999999992,0.29911670999999995,2.0637931000000003,0.1633840075709892,0.03310960606631004,0.9860068574498666,8.853198137142734,2.021033070595192,1.7259988415348864,1.7438997652236097,1.619868651453285
05/10/2023 16:35:36.043136,3071,True,True,True,True,Eyes,1.373399,-0.3540253,-2.934717,0.09557726,0.1663012,0.9814321,0.0,0.0,0.0,0.0,0.0,0.0,0.0,-1.164856,-0.07358268,3.05152,1.372641,-0.3553523,-2.943409,-0.0690046,-0.03481463,-0.0055045,0.9969935,352.0692,356.0249,359.643,0.4217574,-0.1085479,-0.9001874,0,0,0,1.538727,-0.05858833,-0.8792921,0.3087002,0.01332116,2.069,0.9975153,-0.006171162,0.07017957,0.01578064,0.9904161,-0.137211,-0.06866023,0.1379776,0.9880526,moving,9.396825163998393,1.832694632392857,8.486078646823053,0.36889110682704623,0.16608599999999996,0.29676397,2.0641169,0.16319000746109522,0.03155238489383637,0.9860900248624951,8.837068766210477,1.9337448603323313,1.7064975530415474,1.724001154293671,1.6037335607161116
05/10/2023 16:35:36.053298,3072,True,True,True,True,Eyes,1.373205,-0.3540462,-2.934726,0.09536622,0.1649653,0.981678,0.0,0.0,0.0,0.0,0.0,0.0,0.0,-1.165007,-0.0739646,3.051445,1.372631,-0.3553669,-2.943403,-0.06901577,-0.03479408,-0.005635637,0.9969927,352.0674,356.0283,359.6277,0.4217173,-0.1085545,-0.9002054,0,0,0,1.538799,-0.06130692,-0.8789214,0.3087001,0.01060823,2.069,0.9975152,-0.006434696,0.07015679,0.01604006,0.9904101,-0.1372243,-0.068601,0.1380086,0.9880524,moving,9.381853832533313,1.7542147115746083,8.486075937878136,0.29376581976305843,0.1661680000000001,0.29405998,2.0644816,0.16293912443838948,0.030202943328922788,0.9861737097219229,8.818475398339679,1.8581245602464365,1.6959789758343813,1.7132801878695867,1.5992834865157166
05/10/2023 16:35:36.072999,3073,True,True,True,True,Eyes,1.37301,-0.3540661,-2.934735,0.09510982,0.163598,0.9819317,0.0,0.0,0.0,0.0,0.0,0.0,0.0,-1.164798,-0.07383674,3.051517,1.372596,-0.3554302,-2.943402,-0.06899419,-0.03482408,-0.005659936,0.996993,352.0697,356.025,359.6251,0.4216762,-0.1085614,-0.9002238,0,0,0,1.538602,-0.06417394,-0.8785213,0.3087001,0.007877141,2.069,0.9975105,-0.006480511,0.07021974,0.01609115,0.9904156,-0.1371793,-0.06865773,0.1379677,0.9880542,moving,9.371293575330588,1.6761303444589852,8.486075937878136,0.21813666181584157,0.1660060000000001,0.29125626,2.0648807,0.1627638273120458,0.02885977683558566,0.9862429197358312,8.804154509802206,1.7828525937227242,1.6885719050026244,1.7056833950895511,1.596718486609484
05/10/2023 16:35:36.093150,3074,True,True,True,True,Eyes,1.372819,-0.3540849,-2.934745,0.09485815,0.1622807,0.9821746,0.0,0.0,0.0,0.0,0.0,0.0,0.0,-1.164484,-0.07339042,3.051624,1.372555,-0.3554043,-2.943399,-0.06889496,-0.03487172,-0.005707677,0.996998,352.0809,356.0199,359.6196,0.4216342,-0.1085684,-0.9002426,0,0,0,1.538332,-0.06709713,-0.8780944,0.3087001,0.005333096,2.069,0.9975027,-0.006576113,0.07032052,0.01618605,0.9904418,-0.1369782,-0.0687476,0.1377743,0.9880749,moving,9.362700525345701,1.6103702763456402,8.486075937878136,0.1476864261990613,0.16577700000000006,0.28830717,2.0653045999999997,0.16262112051785754,0.0277284789456268,0.9862989109372223,8.79238351122886,1.7194587627888482,1.6882226550642556,1.7052608928936064,1.601340878002222
05/10/2023 16:35:36.107833,3075,True,True,True,True,Eyes,1.372639,-0.3541037,-2.934754,0.09458359,0.1609421,0.9824213,0.0,0.0,0.0,0.0,0.0,0.0,0.0,-1.164014,-0.07286239,3.051821,1.372489,-0.3553921,-2.943436,-0.0688304,-0.03493498,-0.005643254,0.9970007,352.0886,356.0121,359.6273,0.4215915,-0.1085756,-0.9002618,0,0,0,1.537939,-0.06997147,-0.8777099,0.3087001,0.00265348,2.069,0.9974954,-0.006443479,0.07043725,0.01606183,0.9904611,-0.1368536,-0.06888355,0.1376422,0.9880839,moving,9.355850166627883,1.5377118822866953,8.486075937878136,0.0734814507821102,0.16544999999999987,0.28542063,2.0657261,0.16250870592023023,0.026478200345900954,0.9863517887396781,8.781926175727467,1.6493948198883936,1.6861673242369535,1.7030789663257901,1.6034432668989018
05/10/2023 16:35:36.123010,3076,True,True,True,True,Eyes,1.372466,-0.3541237,-2.934764,0.0943167,0.1596563,0.9826568,0.0,0.0,0.0,0.0,0.0,0.0,0.0,-1.163554,-0.07196575,3.052001,1.372468,-0.355399,-2.943428,-0.06875978,-0.03499919,-0.005457351,0.9970043,352.0974,356.0032,359.6489,0.4215482,-0.1085828,-0.9002811,0,0,0,1.537551,-0.07299188,-0.8772604,0.3087001,-0.0001871884,2.069,0.9974905,-0.006068929,0.07053916,0.01569507,0.9904847,-0.1367256,-0.06903818,0.1374896,0.9880943,moving,9.350798625075774,1.467110460690833,8.486075937878136,-0.005183714482621445,0.16508299999999987,0.28240712,2.0661676,0.16242686275237753,0.025263117761307838,0.9863972068858561,8.773311711332347,1.5813022561026533,1.6905833008795876,1.7074529170679895,1.612278550504143
05/10/2023 16:35:36.143193,3077,True,True,True,True,Eyes,1.372304,-0.3541441,-2.934772,0.09405738,0.1583564,0.9828919,0.0,0.0,0.0,0.0,0.0,0.0,0.0,-1.163352,-0.07106534,3.052117,1.372482,-0.3554484,-2.943434,-0.06872362,-0.0350235,-0.00520589,0.9970073,352.1025,355.9984,359.678,0.4215049,-0.1085901,-0.9003006,0,0,0,1.537353,-0.07561535,-0.8768978,0.3087,-0.002756357,2.069,0.9974925,-0.005566736,0.07055289,0.0151945,0.9905,-0.1366712,-0.06912183,0.1374005,0.9881008,moving,9.342304266592764,1.390696897406859,8.48607322893318,-0.07633036708619846,0.164871,0.27983305,2.0665362,0.1622858663242854,0.023948130432616663,0.9864531473309787,8.761070625464209,1.50762699271131,1.6819591088293833,1.698617256658366,1.6076518546487415
05/10/2023 16:35:36.160819,3078,True,True,True,True,Eyes,1.372149,-0.3541642,-2.93478,0.09381378,0.1571111,0.983115,0.0,0.0,0.0,0.0,0.0,0.0,0.0,-1.163452,-0.07069969,3.052085,1.372466,-0.355466,-2.943437,-0.06871875,-0.03499882,-0.005081515,0.9970091,352.1036,356.0003,359.6921,0.4214616,-0.1085975,-0.9003199,0,0,0,1.537367,-0.07817227,-0.8765551,0.3087,-0.005357623,2.069,0.9974985,-0.005322482,0.07048667,0.01494278,0.9905038,-0.1366707,-0.0690899,0.1373821,0.9881057,moving,9.327705046043446,1.3157067573882595,8.48607322893318,-0.1483656355776145,0.16490099999999996,0.27729373,2.0668819,0.16203938263814793,0.022657945973614965,0.9865241417444395,8.743021052692743,1.4353715359578842,1.6722514601183853,1.6887427534758366,1.6044455779608227
05/10/2023 16:35:36.172917,3079,True,True,True,True,Eyes,1.37203,-0.3541825,-2.934784,0.09355569,0.155834,0.9833428,0.0,0.0,0.0,0.0,0.0,0.0,0.0,-1.163876,-0.07069513,3.051907,1.372463,-0.3554803,-2.94342,-0.068749,-0.03492595,-0.005018373,0.9970099,352.1004,356.0082,359.6989,0.4214186,-0.108605,-0.9003391,0,0,0,1.537612,-0.08071348,-0.8762121,0.3087002,-0.008061111,2.069,0.99751,-0.005204486,0.07033304,0.01480898,0.9904968,-0.1367363,-0.06895301,0.1374374,0.9881075,moving,9.30615357664084,1.235597106021079,8.486078646823053,-0.22323117519255334,0.165149,0.27476682,2.0672079,0.16167318786569543,0.021279883235141503,0.9866148751635857,8.717999134809727,1.358228327430766,1.657227055210946,1.6735300548793168,1.5983745716150435
05/10/2023 16:35:36.183341,3080,True,True,True,True,Eyes,1.371916,-0.3542,-2.93479,0.09330802,0.1546105,0.9835594,0.0,0.0,0.0,0.0,0.0,0.0,0.0,-1.164034,-0.07088578,3.051847,1.372482,-0.3554666,-2.943417,-0.06877016,-0.034904,-0.00503919,0.9970092,352.0979,356.0109,359.6964,0.4213769,-0.1086124,-0.9003577,0,0,0,1.537688,-0.08327228,-0.8758606,0.3087002,-0.01073545,2.069,0.9975126,-0.005247529,0.0702923,0.01484894,0.9904905,-0.1367771,-0.06890611,0.1374807,0.9881048,moving,9.290113433171667,1.161063553695334,8.486078646823053,-0.29728876570152624,0.16520599999999996,0.27219432,2.0675564,0.16140124319890664,0.01999732299759631,0.9866861873978511,8.69858499146607,1.2864243837924236,1.64913175079236,1.6653118101871685,1.597906845342864
05/10/2023 16:35:36.202802,3081,True,True,True,True,Eyes,1.371797,-0.354217,-2.934796,0.09304744,0.1533562,0.9837805,0.0,0.0,0.0,0.0,0.0,0.0,0.0,-1.164029,-0.07128263,3.051862,1.372467,-0.355465,-2.943448,-0.06881235,-0.03490406,-0.005093044,0.9970058,352.0928,356.0113,359.6904,0.4213363,-0.1086198,-0.9003758,0,0,0,1.537649,-0.08566073,-0.8755621,0.3087001,-0.01329872,2.069,0.9975116,-0.005351929,0.07030002,0.01495925,0.9904779,-0.1368571,-0.06889816,0.1375682,0.9880931,moving,9.275567221692102,1.0828115414438177,8.486075937878136,-0.3682697128751411,0.16518199999999994,0.26980426999999996,2.0678859000000003,0.161154945487001,0.018650494826784908,0.986752889500224,8.680413455322535,1.2110207999833134,1.635978942352978,1.651948332682989,1.5912025624323172
05/10/2023 16:35:36.224856,3082,True,True,True,True,Eyes,1.371682,-0.3542353,-2.934801,0.09279303,0.1521555,0.983991,0.0,0.0,0.0,0.0,0.0,0.0,0.0,-1.164,-0.07203734,3.051853,1.372485,-0.3554079,-2.943444,-0.06889286,-0.03491511,-0.005176249,0.9969995,352.0833,356.0107,359.6812,0.4212968,-0.1086271,-0.9003934,0,0,0,1.537604,-0.08800724,-0.8752206,0.3087001,-0.01602235,2.069,0.9975083,-0.005510632,0.07033391,0.01513224,0.990454,-0.1370108,-0.06890748,0.1377338,0.9880694,moving,9.262350642088192,1.0037647323599332,8.486075937878136,-0.4436900350754453,0.16511900000000002,0.26740066,2.0682234,0.160931269229341,0.017289766835533307,0.986814228325087,8.663481281631157,1.1348401713714358,1.6266724788127649,1.6424760942454586,1.5884678997881452
05/10/2023 16:35:36.243023,3083,True,True,True,True,Eyes,1.371619,-0.3542508,-2.934804,0.09267128,0.1508143,0.9842089,0.0,0.0,0.0,0.0,0.0,0.0,0.0,-1.163646,-0.07243136,3.05197,1.372453,-0.3554575,-2.943444,-0.06894519,-0.03496958,-0.005223524,0.9969937,352.0771,356.0048,359.6764,0.4212582,-0.1086343,-0.9004106,0,0,0,1.537317,-0.09055194,-0.8748571,0.3087,-0.0187403,2.069,0.9974997,-0.005593671,0.07044917,0.01523761,0.9904386,-0.1371105,-0.06900862,0.1378412,0.9880474,moving,9.262207632155365,0.9195327950282814,8.48607322893318,-0.518951539200624,0.16486400000000012,0.26490556,2.0685868999999997,0.160932670298289,0.01583900466623854,0.9868383249663462,8.658874620992881,1.0535569372162052,1.6189705035352153,1.6345096486980537,1.5819744718232807
05/10/2023 16:35:36.253224,3084,True,True,True,True,Eyes,1.371559,-0.3542643,-2.934806,0.09255151,0.149528,0.9844164,0.0,0.0,0.0,0.0,0.0,0.0,0.0,-1.163429,-0.0727075,3.052061,1.372438,-0.3554431,-2.943468,-0.06898256,-0.03500287,-0.005234872,0.9969899,352.0727,356.001,359.6755,0.4212218,-0.1086414,-0.9004267,0,0,0,1.537125,-0.09316728,-0.8745044,0.3087001,-0.02154762,2.069,0.9974948,-0.005609054,0.07051724,0.0152674,0.990428,-0.1371834,-0.06907278,0.1379163,0.9880325,moving,9.260073743017228,0.8397078693307743,8.486075937878136,-0.5966858637846064,0.16468700000000003,0.26227582,2.0689636,0.16089926734511867,0.014464198537734035,0.9868648671954557,8.652582914409768,0.976541560033815,1.6162838738896723,1.6316554657443074,1.5820142541355473
05/10/2023 16:35:36.278075,3085,True,True,True,True,Eyes,1.37153,-0.3542783,-2.934805,0.09251025,0.1481558,0.9846277,0.0,0.0,0.0,0.0,0.0,0.0,0.0,-1.163209,-0.07292295,3.052106,1.372425,-0.3554085,-2.943444,-0.06900501,-0.03503741,-0.005252301,0.9969871,352.0701,355.9971,359.6739,0.4211875,-0.1086483,-0.9004419,0,0,0,1.536932,-0.09558859,-0.8741279,0.3087,-0.02411467,2.069,0.9974896,-0.005637439,0.07058854,0.01530846,0.9904214,-0.1372261,-0.0691388,0.1379623,0.9880214,moving,9.262617260933721,0.7568085583977839,8.48607322893318,-0.6677652278733774,0.16450699999999996,0.25981991000000004,2.0693161,0.16094623289377835,0.01303622121322337,0.9868770754707875,8.650636291314324,0.896523989564135,1.6074063818280684,1.6224768430293885,1.572921408491704
05/10/2023 16:35:36.293764,3086,True,True,True,True,Eyes,1.371502,-0.354293,-2.934804,0.09246778,0.1468348,0.9848295,0.0,0.0,0.0,0.0,0.0,0.0,0.0,-1.162985,-0.07239756,3.052181,1.372483,-0.3554462,-2.943388,-0.0689452,-0.03508256,-0.005202217,0.9969898,352.0771,355.9915,359.6798,0.4211559,-0.1086549,-0.900456,0,0,0,1.53675,-0.09843341,-0.8736706,0.3087001,-0.02672556,2.069,0.9974843,-0.005535566,0.07067124,0.01521066,0.990439,-0.1371103,-0.06923658,0.1378403,0.9880315,moving,9.266843406297863,0.6854592178269191,8.486075937878136,-0.7400563734702024,0.16426700000000016,0.25701279,2.0697174,0.16102147518041593,0.011807124796173393,0.9868802203075044,8.650924192650276,0.8276394763623544,1.6103888501128052,1.6253284408924034,1.576339184529663
05/10/2023 16:35:36.302868,3087,True,True,True,True,Eyes,1.371481,-0.3543071,-2.934803,0.0924774,0.145427,0.9850375,0.0,0.0,0.0,0.0,0.0,0.0,0.0,-1.162768,-0.07195711,3.052286,1.372466,-0.3554751,-2.943405,-0.06889636,-0.03511342,-0.005153501,0.9969925,352.0829,355.9876,359.6855,0.4211267,-0.1086614,-0.9004688,0,0,0,1.53655,-0.1013829,-0.8732746,0.3087,-0.02949521,2.069,0.997481,-0.005437629,0.07072575,0.01511438,0.9904535,-0.1370164,-0.06930552,0.1377402,0.9880406,moving,9.272491551951493,0.6078492293004697,8.48607322893318,-0.8167407353430006,0.16408400000000012,0.2540922,2.0701304,0.1611211647566576,0.01047016368731958,0.9868790727266582,8.652250499040688,0.7527026408470521,1.6124702307547574,1.6272401009506312,1.5782165238544472
05/10/2023 16:35:36.323230,3088,True,True,True,True,Eyes,1.371461,-0.3543216,-2.934803,0.09248654,0.1440751,0.9852353,0.0,0.0,0.0,0.0,0.0,0.0,0.0,-1.162849,-0.07180354,3.052266,1.372445,-0.3554557,-2.943424,-0.06885837,-0.0350976,-0.005175745,0.9969954,352.0872,355.9896,359.6826,0.4210999,-0.1086677,-0.9004806,0,0,0,1.536558,-0.1041658,-0.8729143,0.3087001,-0.03215447,2.069,0.9974827,-0.00548686,0.07069706,0.01515391,0.9904634,-0.1369396,-0.0692715,0.1376663,0.9880534,moving,9.272100614325524,0.5332287027853738,8.486075937878136,-0.8903659368532679,0.16411300000000018,0.25128989999999995,2.0705096999999997,0.16111646903594226,0.009184876934789796,0.98689265491661,8.64791480192603,0.6806963508549315,1.6115563090593312,1.6261784926606595,1.5793759937947753
05/10/2023 16:35:36.333340,3089,True,True,True,True,Eyes,1.37143,-0.3543378,-2.934803,0.09257016,0.1426813,0.9854302,0.0,0.0,0.0,0.0,0.0,0.0,0.0,-1.162846,-0.07171801,3.05228,1.372436,-0.3554803,-2.943437,-0.06885455,-0.03509592,-0.005160233,0.9969959,352.0877,355.9897,359.6844,0.4210753,-0.1086738,-0.9004914,0,0,0,1.536513,-0.1068127,-0.8725648,0.3087001,-0.03479329,2.069,0.9974833,-0.005456434,0.07069157,0.01512249,0.9904648,-0.1369332,-0.06927035,0.1376576,0.9880546,moving,9.27801646647789,0.45182580035490866,8.486075937878136,-0.9634223232963282,0.16407700000000003,0.24866760000000004,2.0708721999999997,0.16122027402066588,0.007782607539351366,0.986887694334439,8.64929790143086,0.6020973053485866,1.6074029647253096,1.6217573962640668,1.5740054374297818
05/10/2023 16:35:36.353021,3090,True,True,True,True,Eyes,1.371401,-0.3543532,-2.934803,0.09264828,0.141341,0.9856161,0.0,0.0,0.0,0.0,0.0,0.0,0.0,-1.163006,-0.07159224,3.052193,1.372447,-0.355493,-2.9434,-0.06884529,-0.03507102,-0.005140962,0.9969975,352.0888,355.9924,359.6863,0.4210523,-0.1086799,-0.9005014,0,0,0,1.536583,-0.1094743,-0.8721706,0.3087,-0.03743675,2.069,0.9974872,-0.005422102,0.07063929,0.01508,0.9904678,-0.1369165,-0.06922358,0.1376377,0.9880607,moving,9.28094865457444,0.3740954998520246,8.48607322893318,-1.036604028031285,0.16413600000000006,0.2460187,2.0712294,0.16127233219731577,0.006443685087538384,0.9868889463548061,8.6480001231444,0.5270649194062088,1.6050802201205032,1.6192282421754407,1.5720308191155703
05/10/2023 16:35:36.372780,3091,True,True,True,True,Eyes,1.371401,-0.3543532,-2.934803,0.09264828,0.141341,0.9856161,0.0,0.0,0.0,0.0,0.0,0.0,0.0,-1.162841,-0.0712935,3.052294,1.372436,-0.3554926,-2.943438,-0.06881399,-0.03509397,-0.005094117,0.9969991,352.0926,355.9894,359.6918,0.4210309,-0.1086858,-0.9005107,0,0,0,1.536427,-0.1121411,-0.8718337,0.3087,-0.04002242,2.069,0.9974849,-0.005327747,0.07067842,0.01498757,0.9904774,-0.1368574,-0.06927623,0.1375725,0.9880661,moving,9.283951501776226,0.37706433450124077,8.48607322893318,-1.1081826003037463,0.163991,0.2433515,2.0716042999999997,0.16132400108924252,0.006494766082759257,0.9868801666531034,8.65105184354033,0.5299071401510104,1.670956842289033,1.6859917543163172,1.646376609728414
05/10/2023 16:35:36.383221,3092,True,True,True,True,Eyes,1.371401,-0.3543532,-2.934803,0.09264828,0.141341,0.9856161,0.0,0.0,0.0,0.0,0.0,0.0,0.0,-1.163213,-0.07112867,3.052172,1.372463,-0.3554939,-2.94344,-0.06880623,-0.03503558,-0.005051124,0.9970019,352.0937,355.9958,359.6963,0.4210116,-0.1086912,-0.9005191,0,0,0,1.536649,-0.1148337,-0.8714828,0.3087,-0.04272456,2.069,0.997494,-0.005250628,0.07055617,0.01489329,0.9904804,-0.1368459,-0.06916598,0.1375538,0.9880764,moving,9.27763916322062,0.37723193235109553,8.48607322893318,-1.1829816875163521,0.16418599999999994,0.2406602,2.0719572,0.1612152712995378,0.006497769818269453,0.9868979146468869,8.644976759766214,0.5301166378073701,1.7335783083225875,1.749526555369833,1.7204523255057511
05/10/2023 16:35:36.411583,3093,True,True,True,True,Eyes,1.371401,-0.3543532,-2.934803,0.09264828,0.141341,0.9856161,0.0,0.0,0.0,0.0,0.0,0.0,0.0,-1.163129,-0.07138652,3.052207,1.37244,-0.3554994,-2.943461,-0.06884258,-0.03504565,-0.005066935,0.996999,352.0894,355.9948,359.6947,0.4209942,-0.108696,-0.9005266,0,0,0,1.536548,-0.1173178,-0.8711546,0.3087,-0.04537186,2.069,0.9974923,-0.005278192,0.0705786,0.01492872,0.9904701,-0.1369168,-0.06918331,0.1376271,0.988065,moving,9.27868213807789,0.37328412626441115,8.48607322893318,-1.2562588162802255,0.16410799999999992,0.23818160000000002,2.0723064,0.16123330700650468,0.006429751155781968,0.986895413738958,8.645772556539454,0.5262990895796856,1.795321761045103,1.8120814232403029,1.7896973383736057
05/10/2023 16:35:36.422976,3094,True,True,True,True,Eyes,1.371401,-0.3543532,-2.934803,0.09264828,0.141341,0.9856161,0.0,0.0,0.0,0.0,0.0,0.0,0.0,-1.163012,-0.07124311,3.052265,1.372431,-0.3554626,-2.94348,-0.06885365,-0.03505869,-0.004967903,0.9969983,352.0886,355.9925,359.7062,0.4209786,-0.1087003,-0.9005334,0,0,0,1.536427,-0.1198882,-0.8708051,0.3087,-0.0480983,2.069,0.9974924,-0.005078145,0.07059102,0.01473382,0.990469,-0.1369456,-0.06922278,0.1376422,0.9880602,moving,9.281032678626103,0.3705825841248865,8.48607322893318,-1.331722237532788,0.16399600000000003,0.23557440000000002,2.0726749,0.16127384205503323,0.006383175398086652,0.9868890928507691,8.647894733905844,0.52367429921122,1.8611697431149705,1.8787767915574862,1.8624399340739224
05/10/2023 16:35:36.442721,3095,True,True,True,True,Eyes,1.371401,-0.3543532,-2.934803,0.09264828,0.141341,0.9856161,0.0,0.0,0.0,0.0,0.0,0.0,0.0,-1.163374,-0.07194376,3.052075,1.372422,-0.3554746,-2.943445,-0.06894728,-0.03500034,-0.005031337,0.9969935,352.0776,355.9997,359.6989,0.4209645,-0.1087042,-0.9005395,0,0,0,1.536632,-0.1223964,-0.8704372,0.3087001,-0.05097666,2.069,0.9974993,-0.005206064,0.07048402,0.01485878,0.9904419,-0.1371278,-0.06909643,0.1378322,0.9880425,moving,9.273887370859814,0.3605998560870429,8.486075937878136,-1.4113855375799846,0.16420999999999997,0.23307819999999996,2.0730078,0.16115094107710062,0.006211354511182418,0.9869102653799229,8.640478302093937,0.5140949755055503,1.9207920960495484,1.9392212584710224,1.9316612788860172
05/10/2023 16:35:36.459578,3096,True,True,True,True,Eyes,1.371401,-0.3543532,-2.934803,0.09264828,0.141341,0.9856161,0.0,0.0,0.0,0.0,0.0,0.0,0.0,-1.163079,-0.07071811,3.052209,1.372419,-0.3555202,-2.943434,-0.06882098,-0.03504187,-0.004864647,0.9970017,352.0927,355.9936,359.7179,0.4209518,-0.1087077,-0.9005449,0,0,0,1.536386,-0.1254452,-0.8700059,0.3087002,-0.05356202,2.069,0.9974968,-0.004876891,0.07054318,0.01452335,0.9904801,-0.1368883,-0.06920402,0.1375702,0.9880715,moving,9.279972333831683,0.3728177754373348,8.486078646823053,-1.4829349418229154,0.16396699999999997,0.230075,2.0734281,0.16125553838648077,0.006421694826792279,0.9868918339019764,8.646991334869258,0.5258392955176995,1.9990192210854987,2.0184363586427385,2.0152088799371706
05/10/2023 16:35:36.477977,3097,True,True,True,True,Eyes,1.37131,-0.354363,-2.934809,0.092893,0.139167,0.9859023,0.0,0.0,0.0,0.0,0.0,0.0,0.0,-1.162605,-0.07061073,3.052415,1.372428,-0.3554559,-2.943462,-0.06881094,-0.0351182,-0.004815083,0.9969999,352.0941,355.9844,359.7242,0.4209405,-0.1087109,-0.9005499,0,0,0,1.536028,-0.1280891,-0.869634,0.3087,-0.05628191,2.069,0.9974871,-0.004768241,0.07068834,0.01443431,0.9904838,-0.1368708,-0.06936301,0.1375472,0.9880635,moving,9.30495888619264,0.24630659556334705,8.48607322893318,-1.5582024439483393,0.16359999999999997,0.22736679999999998,2.073828,0.16168776940297816,0.004242283234826533,0.9868328008035278,8.664362043447772,0.4035661904417327,1.963125847898751,1.9816222125684422,1.969853567211966
05/10/2023 16:35:36.493237,3098,True,True,True,True,Eyes,1.371223,-0.354372,-2.934812,0.09312527,0.1370948,0.9861708,0.0,0.0,0.0,0.0,0.0,0.0,0.0,-1.162568,-0.07248878,3.05233,1.37247,-0.35541,-2.943391,-0.06907602,-0.03513461,-0.004909658,0.9969805,352.0633,355.9832,359.7145,0.4209278,-0.1087141,-0.9005554,0,0,0,1.535986,-0.1295436,-0.8693205,0.3087001,-0.05886179,2.069,0.9974829,-0.004935748,0.07073531,0.01464358,0.9904088,-0.1373899,-0.06937876,0.1380799,0.9879882,moving,9.32134808744575,0.09601826435111309,8.486075937878136,-1.629590483400219,0.163516,0.2258664,2.0740705,0.16197129722494397,0.0016537055933962957,0.9867941583761689,8.672184961230407,0.25841304926625636,1.8999155966214505,1.917134610338884,1.8971541602975304
05/10/2023 16:35:36.504456,3099,True,True,True,True,Eyes,1.371343,-0.3543707,-2.934808,0.09331165,0.1351502,0.9864215,0.0,0.0,0.0,0.0,0.0,0.0,0.0,-1.162436,-0.07439485,3.052273,1.372481,-0.3554039,-2.943322,-0.06930159,-0.03516703,-0.005124032,0.9969625,352.0365,355.9811,359.6909,0.4209142,-0.1087175,-0.9005614,0,0,0,1.53586,-0.1315716,-0.8689359,0.3087001,-0.06175946,2.069,0.9974741,-0.005342673,0.07083062,0.0150912,0.9903421,-0.1378218,-0.0694102,0.1385426,0.9879211,moving,9.335938157250801,-0.040486602762179365,8.486075937878136,-1.7097660672718002,0.16337899999999994,0.22383229999999998,2.0743861000000003,0.16222274571786294,-0.0006972646366328744,0.9867539261851441,8.679005100357978,0.12657464605781085,1.8569350374723443,1.8731683647100599,1.8464476372665102
05/10/2023 16:35:36.522970,3100,True,True,True,True,Eyes,1.371456,-0.3543713,-2.934804,0.09349358,0.1332638,0.9866608,0.0,0.0,0.0,0.0,0.0,0.0,0.0,-1.162934,-0.07510462,3.052028,1.372405,-0.3554168,-2.943317,-0.06924961,-0.03509179,-0.005537807,0.9969667,352.0408,355.9931,359.6424,0.4209051,-0.1087202,-0.9005653,0,0,0,1.536119,-0.1346007,-0.8685545,0.3087001,-0.06438679,2.069,0.9974758,-0.006181831,0.07073767,0.0159022,0.9903477,-0.1376904,-0.06920371,0.1384678,0.9879462,moving,9.336259720804195,-0.13874595078451005,8.486075937878136,-1.7824558373367207,0.16371399999999992,0.2208161,2.0747625,0.16222784443401037,-0.0023894933171196425,0.9867503437852346,8.674101998762142,0.031751362483045914,1.8348266951483956,1.8505660366222942,1.8239247691309624
05/10/2023 16:35:36.543336,3101,True,True,True,True,Eyes,1.371564,-0.3543783,-2.934802,0.0935597,0.1316115,0.9868764,0.0,0.0,0.0,0.0,0.0,0.0,0.0,-1.163108,-0.07343397,3.051972,1.372318,-0.3554574,-2.943321,-0.06900161,-0.0350486,-0.00548771,0.9969857,352.0695,355.9977,359.6468,0.4208997,-0.1087226,-0.9005676,0,0,0,1.53616,-0.1380545,-0.8681315,0.3087,-0.06681637,2.069,0.997483,-0.006105516,0.07064322,0.01577915,0.9904173,-0.1372026,-0.06912857,0.1379719,0.9880207,moving,9.336810254811876,-0.2076025973237665,8.48607322893318,-1.8496693986366333,0.16384200000000004,0.21740289999999998,2.0751895,0.16223676892419323,-0.003575338459470126,0.9867453982853117,8.670979509161466,-0.034699873347091376,1.8337770578002925,1.849361205166476,1.8243641934102979
05/10/2023 16:35:36.553060,3102,True,True,True,True,Eyes,1.371668,-0.3543844,-2.934799,0.09362205,0.1300157,0.987082,0.0,0.0,0.0,0.0,0.0,0.0,0.0,-1.162509,-0.07224798,3.052307,1.372347,-0.3555737,-2.943375,-0.06895095,-0.03513735,-0.005177791,0.9969878,352.0765,355.985,359.683,0.4208976,-0.1087248,-0.9005683,0,0,0,1.53573,-0.1409186,-0.867774,0.3087,-0.06953081,2.069,0.9974771,-0.005478879,0.07077704,0.01516989,0.9904379,-0.1371226,-0.06934898,0.1378504,0.9880223,moving,9.354264533082748,-0.29954659963589436,8.48607322893318,-1.9247574902698383,0.16338300000000006,0.2146551,2.075601,0.1625362354233873,-0.00515853112120266,0.9866891136258455,8.682924360794463,-0.12355845235568905,1.8274390991207095,1.8425706444085412,1.8119239339160806
05/10/2023 16:35:36.573341,3103,True,True,True,True,Eyes,1.371754,-0.3543908,-2.934794,0.09366111,0.1285699,0.9872677,0.0,0.0,0.0,0.0,0.0,0.0,0.0,-1.16245,-0.07097071,3.052351,1.37237,-0.3555577,-2.943358,-0.06881011,-0.03514398,-0.005003361,0.9969981,352.0934,355.9829,359.7027,0.4208984,-0.1087269,-0.9005677,0,0,0,1.535658,-0.1440396,-0.8673368,0.3086999,-0.07219136,2.069,0.9974797,-0.005140161,0.07076552,0.0148132,0.9904803,-0.1368554,-0.06938839,0.1375588,0.9880601,moving,9.359699710472395,-0.3704551719833595,8.486070519988186,-1.9983484357071855,0.16328799999999988,0.2115181,2.0760212,0.16262869536335423,-0.0063795433077393285,0.9866667842019059,8.684400939126066,-0.19202677022924594,1.8325022067629535,1.8475022166545576,1.817177182976499
05/10/2023 16:35:36.593301,3104,True,True,True,True,Eyes,1.371834,-0.3543965,-2.934791,0.09370293,0.1271828,0.9874433,0.0,0.0,0.0,0.0,0.0,0.0,0.0,-1.163385,-0.0697971,3.051962,1.372354,-0.3555048,-2.943309,-0.06867453,-0.03498282,-0.004854333,0.9970139,352.1096,356.0004,359.718,0.4209013,-0.1087288,-0.9005662,0,0,0,1.536253,-0.1470872,-0.8669294,0.3086999,-0.07481609,2.069,0.9975052,-0.004874814,0.07042345,0.01448453,0.9905205,-0.1365993,-0.06908999,0.1372786,0.98812,moving,9.34581915634493,-0.4383831610973877,8.486070519988186,-2.0709421364135756,0.16389900000000002,0.2084176,2.0763796,0.16238832300922101,-0.007549600473710255,0.9866980341037754,8.667418707344698,-0.2574726477762056,1.8301192507418853,1.8451061014485655,1.822514403585381
05/10/2023 16:35:36.603496,3105,True,True,True,True,Eyes,1.371886,-0.3544051,-2.934788,0.09370096,0.1259332,0.9876037,0.0,0.0,0.0,0.0,0.0,0.0,0.0,-1.163677,-0.06938377,3.051889,1.372322,-0.3554945,-2.943355,-0.06866987,-0.03492228,-0.004699634,0.997017,352.1108,356.0061,359.7354,0.420906,-0.1087306,-0.9005637,0,0,0,1.536415,-0.149708,-0.8666288,0.3087,-0.07752311,2.069,0.9975167,-0.004575011,0.07028165,0.01416744,0.9905247,-0.1366018,-0.06899076,0.1372583,0.9881297,moving,9.340937427162215,-0.5133648068445206,8.48607322893318,-2.1458048102331198,0.16409300000000004,0.20578649999999998,2.0767262,0.16230254662996668,-0.008840989322841657,0.9867014894516337,8.658735524434709,-0.32979343865167254,1.8278650970798616,1.8427298125544997,1.8242010771844717
05/10/2023 16:35:36.623264,3106,True,True,True,True,Eyes,1.371937,-0.3544131,-2.934788,0.09369813,0.124733,0.9877561,0.0,0.0,0.0,0.0,0.0,0.0,0.0,-1.16383,-0.06901756,3.051849,1.37235,-0.3555021,-2.943351,-0.0686655,-0.03489584,-0.004570126,0.9970189,352.1118,356.0081,359.7501,0.4209116,-0.1087324,-0.9005609,0,0,0,1.536499,-0.1524241,-0.8662571,0.3087002,-0.08029953,2.069,0.9975228,-0.004320722,0.07021125,0.01390528,0.9905283,-0.1366026,-0.06895601,0.1372406,0.9881347,moving,9.339661483337004,-0.585054074236429,8.486078646823053,-2.222579126087817,0.1641490000000001,0.20307799999999998,2.0770939,0.1622786509766175,-0.01007559495202398,0.9866934152842405,8.65370235265253,-0.3989643495618562,1.831849938952865,1.846643429098345,1.8313024217533918
05/10/2023 16:35:36.642736,3107,True,True,True,True,Eyes,1.371944,-0.3544225,-2.93479,0.09367806,0.1236419,0.9878953,0.0,0.0,0.0,0.0,0.0,0.0,0.0,-1.163763,-0.06883144,3.051938,1.372356,-0.3554928,-2.943411,-0.06865481,-0.03490461,-0.00451477,0.9970195,352.1133,356.0067,359.7565,0.4209178,-0.1087342,-0.9005578,0,0,0,1.536426,-0.1550041,-0.8659578,0.3087001,-0.08289546,2.069,0.9975225,-0.004209888,0.07022107,0.01379537,0.9905323,-0.1365852,-0.06898123,0.1372155,0.9881364,moving,9.340807618341758,-0.6485049644852647,8.486075937878136,-2.2943552663215594,0.16407000000000016,0.2004887,2.0774532000000003,0.1622965248839111,-0.011168247579145953,0.9866788385182285,8.651440712756695,-0.4602035055350352,1.839795199452012,1.8545591016850314,1.8415912115252244
05/10/2023 16:35:36.658262,3108,True,True,True,True,Eyes,1.371951,-0.3544339,-2.934792,0.09365316,0.1226005,0.9880275,0.0,0.0,0.0,0.0,0.0,0.0,0.0,-1.163973,-0.0694707,3.051855,1.372354,-0.3554491,-2.94343,-0.06873944,-0.03487063,-0.004549384,0.9970147,352.1034,356.0109,359.7526,0.4209236,-0.1087361,-0.9005548,0,0,0,1.536533,-0.157361,-0.8656432,0.3087,-0.08565541,2.069,0.9975267,-0.00427763,0.07015851,0.01386558,0.9905084,-0.1367512,-0.06890763,0.1373857,0.9881179,moving,9.336242906611416,-0.7187766889364304,8.48607322893318,-2.3706585691962117,0.16417899999999985,0.19808810000000002,2.0777868,0.16221561399401982,-0.012378541431063116,0.9866777609853525,8.643312957703563,-0.5279815934172053,1.8430981553377572,1.8578219040516524,1.8493736154087006
05/10/2023 16:35:36.672947,3109,True,True,True,True,Eyes,1.371929,-0.3544466,-2.934793,0.09361584,0.1215999,0.9881546,0.0,0.0,0.0,0.0,0.0,0.0,0.0,-1.16353,-0.06978878,3.052,1.37234,-0.3555105,-2.943412,-0.06881286,-0.03493946,-0.004521174,0.9970073,352.0951,356.0027,359.7567,0.4209289,-0.1087381,-0.9005521,0,0,0,1.536194,-0.159715,-0.8652719,0.3087,-0.08829466,2.069,0.9975176,-0.004206717,0.07029203,0.01382386,0.9904888,-0.1368979,-0.06904757,0.1375298,0.9880881,moving,9.343103210939546,-0.7861706878225854,8.48607322893318,-2.443617059127624,0.16385400000000017,0.1957955,2.0781400999999997,0.16233129810487454,-0.013538847363568224,0.9866434127625482,8.646349567273479,-0.5930691109452009,1.8512870373130625,1.8659123408697613,1.8574757638133397
05/10/2023 16:35:36.692723,3110,True,True,True,True,Eyes,1.371908,-0.3544582,-2.934792,0.09357771,0.1206447,0.9882753,0.0,0.0,0.0,0.0,0.0,0.0,0.0,-1.162769,-0.07014269,3.052262,1.372336,-0.3554894,-2.943395,-0.06884138,-0.03506617,-0.004578182,0.9970007,352.0915,355.9885,359.7512,0.4209331,-0.1087404,-0.9005499,0,0,0,1.53563,-0.1622203,-0.8648601,0.3087001,-0.09094448,2.069,0.9974988,-0.004300895,0.07055232,0.01395691,0.9904798,-0.1369487,-0.06929164,0.1375909,0.9880624,moving,9.355930041831108,-0.8443887010898059,8.486075937878136,-2.516859765977683,0.16329400000000005,0.1932691,2.0785349,0.1625498892060557,-0.014540834511834105,0.9865931773977676,8.655623671768574,-0.6493468962573123,1.8705333473800965,1.8851540056586935,1.875193524049877
05/10/2023 16:35:36.703558,3111,True,True,True,True,Eyes,1.371864,-0.354472,-2.934791,0.09351597,0.1196444,0.9884027,0.0,0.0,0.0,0.0,0.0,0.0,0.0,-1.162594,-0.07100374,3.052264,1.372318,-0.3554731,-2.943359,-0.06892599,-0.03509783,-0.004710328,0.9969931,352.0813,355.9858,359.7366,0.4209364,-0.1087428,-0.9005481,0,0,0,1.535457,-0.1645567,-0.8644761,0.3087,-0.09361351,2.069,0.9974919,-0.004554025,0.07063391,0.01423063,0.990454,-0.1371068,-0.06933525,0.1377681,0.9880347,moving,9.356175950386353,-0.9107594310592039,8.48607322893318,-2.5906251290690623,0.16313900000000015,0.19091639999999999,2.0788829,0.162551308703423,-0.015683677575768308,0.9865753953754343,8.652339464550137,-0.7133969028705797,1.8772540659443424,1.8918317867163474,1.8845769483739674
05/10/2023 16:35:36.722951,3112,True,True,True,True,Eyes,1.371822,-0.3544855,-2.934789,0.09345214,0.1186832,0.9885246,0.0,0.0,0.0,0.0,0.0,0.0,0.0,-1.162006,-0.07122284,3.05246,1.372341,-0.3554844,-2.943323,-0.06894352,-0.0352002,-0.004755274,0.9969881,352.0791,355.9744,359.7323,0.4209382,-0.1087454,-0.900547,0,0,0,1.53502,-0.1671051,-0.864053,0.3087,-0.09623282,2.069,0.9974767,-0.004628253,0.07084405,0.01433556,0.9904484,-0.137137,-0.06953267,0.1378065,0.9880155,moving,9.364853221223035,-0.9682955806075001,8.48607322893318,-2.663008001983966,0.16267900000000002,0.18837929999999997,2.07927,0.1626981110258944,-0.01667397470477608,0.9865349423482828,8.657650304142443,-0.7689852864269067,1.8944150147384544,1.9090061461442815,1.9017783098414764
05/10/2023 16:35:36.742956,3113,True,True,True,True,Eyes,1.371757,-0.3545014,-2.934791,0.09337606,0.117567,0.9886652,0.0,0.0,0.0,0.0,0.0,0.0,0.0,-1.161678,-0.07114914,3.052585,1.372353,-0.3554887,-2.943316,-0.06893177,-0.03525601,-0.004752988,0.9969869,352.0804,355.9679,359.7329,0.4209388,-0.1087483,-0.9005464,0,0,0,1.534758,-0.1699039,-0.8636423,0.3087001,-0.09900908,2.069,0.9974688,-0.004616815,0.07095481,0.01433785,0.9904516,-0.137113,-0.06964427,0.1377833,0.9880109,moving,9.367899978300315,-1.0322849975992858,8.486075937878136,-2.7397187927022517,0.16240500000000013,0.1855848,2.0796737,0.16274748780980666,-0.017775605954530774,0.9865076020009726,8.65719195614019,-0.8307585056725917,1.9071059804746695,1.9217033597634714,1.9166142202233138
05/10/2023 16:35:36.753399,3114,True,True,True,True,Eyes,1.371694,-0.354518,-2.934793,0.09330122,0.1164875,0.9888,0.0,0.0,0.0,0.0,0.0,0.0,0.0,-1.161721,-0.07100582,3.052641,1.372343,-0.3554985,-2.943391,-0.06888415,-0.0352493,-0.004810038,0.9969902,352.0856,355.9692,359.7261,0.4209376,-0.1087514,-0.9005466,0,0,0,1.534741,-0.1727809,-0.8633348,0.3087,-0.1016766,2.069,0.9974687,-0.004734884,0.07094908,0.01444736,0.9904637,-0.1370145,-0.06962374,0.1376927,0.988025,moving,9.363449191696493,-1.0891751617906236,8.48607322893318,-2.8134157353506772,0.16239799999999982,0.1827176,2.0800562,0.1626679367265511,-0.018755369510202048,0.986502546264023,8.649883947345792,-0.8856241710427344,1.9199243362061522,1.9346302322525495,1.9347388110243
05/10/2023 16:35:36.773423,3115,True,True,True,True,Eyes,1.371624,-0.3545343,-2.934795,0.09319215,0.1153042,0.988949,0.0,0.0,0.0,0.0,0.0,0.0,0.0,-1.161581,-0.06992254,3.052713,1.372343,-0.3555284,-2.94338,-0.06876633,-0.03526702,-0.004674379,0.9969984,352.0997,355.9661,359.7414,0.4209349,-0.1087548,-0.9005474,0,0,0,1.534616,-0.1758786,-0.8629147,0.3087,-0.1043448,2.069,0.9974688,-0.004470329,0.07096521,0.01417106,0.9904987,-0.1367901,-0.06967945,0.1374495,0.9880549,moving,9.3609479869394,-1.1468853145299613,8.48607322893318,-2.8871221455063556,0.1622729999999999,0.17964980000000003,2.0804652999999997,0.16262176424507183,-0.019749149931383506,0.9864907971345044,8.64441148637047,-0.9412958824602209,1.9329829048760236,1.9477756724230868,1.9522578850470456
05/10/2023 16:35:36.792925,3116,True,True,True,True,Eyes,1.371558,-0.3545499,-2.934798,0.09308238,0.1141725,0.9890906,0.0,0.0,0.0,0.0,0.0,0.0,0.0,-1.161421,-0.0703623,3.052808,1.372419,-0.3554978,-2.943395,-0.06889553,-0.03529776,-0.004525259,0.9969891,352.0855,355.9613,359.7594,0.4209307,-0.1087585,-0.9005489,0,0,0,1.534519,-0.1778593,-0.8626083,0.3087002,-0.1069898,2.069,0.9974672,-0.004159552,0.0710065,0.01388698,0.9904658,-0.1370567,-0.06975943,0.1376956,0.9880149,moving,9.360168563720938,-1.2302707676973825,8.486078646823053,-2.9601782409441726,0.1620999999999999,0.17763849999999998,2.0807867,0.16260355976113944,-0.021184882397987978,0.9864639817762552,8.639236345334085,-1.021757438738271,1.923678160504856,1.9381984028518973,1.9444620045240706
05/10/2023 16:35:36.810397,3117,True,True,True,True,Eyes,1.371488,-0.3545635,-2.934798,0.09300188,0.1129248,0.9892415,0.0,0.0,0.0,0.0,0.0,0.0,0.0,-1.161089,-0.0714424,3.052931,1.372432,-0.355499,-2.943411,-0.06897915,-0.03536387,-0.00474811,0.99698,352.075,355.9554,359.7346,0.4209252,-0.1087623,-0.900551,0,0,0,1.534234,-0.1802743,-0.8622568,0.3087,-0.1096758,2.069,0.9974537,-0.004588799,0.07116916,0.01434628,0.9904386,-0.1372058,-0.06985908,0.1378775,0.9879825,moving,9.363168252163398,-1.3095906461379345,8.48607322893318,-3.0343569159122676,0.161802,0.1752247,2.0811542000000003,0.16265036265147018,-0.022550341559683586,0.986426098136962,8.637919292265305,-1.0983242875326489,1.9206782754694962,1.934971411966204,1.9419782607176526
05/10/2023 16:35:36.826088,3118,True,True,True,True,Eyes,1.371419,-0.3545776,-2.934798,0.09291843,0.1117327,0.9893847,0.0,0.0,0.0,0.0,0.0,0.0,0.0,-1.161713,-0.07140946,3.052614,1.372386,-0.3554039,-2.94336,-0.0689019,-0.03526166,-0.004890825,0.9969882,352.0833,355.9684,359.7169,0.4209184,-0.1087663,-0.9005537,0,0,0,1.534584,-0.1831716,-0.8618476,0.3087001,-0.1122998,2.069,0.9974654,-0.004892997,0.07098489,0.01461138,0.9904572,-0.1370438,-0.06963694,0.1377337,0.9880183,moving,9.346962908748578,-1.3684579935842471,8.486075937878136,-3.106813521836352,0.16219799999999984,0.1722323,2.0815124000000003,0.16236755908635866,-0.023564924764423623,0.9864489776740764,8.619177077167215,-1.1550090010195757,1.9254120540188813,1.939846983454917,1.956337598872152
05/10/2023 16:35:36.843128,3119,True,True,True,True,Eyes,1.371322,-0.3545949,-2.934798,0.0928245,0.110459,0.9895365,0.0,0.0,0.0,0.0,0.0,0.0,0.0,-1.161198,-0.0713698,3.052819,1.372362,-0.3554289,-2.943377,-0.06895792,-0.03533496,-0.004746494,0.9969823,352.0774,355.9587,359.7344,0.4209106,-0.1087704,-0.9005569,0,0,0,1.534208,-0.1855869,-0.8614928,0.3087,-0.1150206,2.069,0.9974578,-0.004591091,0.07111127,0.01433759,0.9904446,-0.1371642,-0.06980204,0.1378351,0.9879925,moving,9.351998028432394,-1.4515191053134116,8.48607322893318,-3.1819325641507388,0.16184599999999993,0.169842,2.0818842,0.16244860038513156,-0.0249946060445431,0.986400418296287,8.619623332380597,-1.2352015638769853,1.920823800405722,1.9349822988629943,1.9513065411558648
05/10/2023 16:35:36.861266,3120,True,True,True,True,Eyes,1.371231,-0.354614,-2.934797,0.09273205,0.1092324,0.9896814,0.0,0.0,0.0,0.0,0.0,0.0,0.0,-1.160831,-0.07161167,3.052953,1.372434,-0.3554292,-2.943343,-0.06901684,-0.03540463,-0.004699094,0.9969761,352.0708,355.9503,359.7407,0.420901,-0.1087747,-0.9005608,0,0,0,1.533949,-0.187987,-0.8610874,0.3086999,-0.1177171,2.069,0.9974489,-0.004482735,0.07124376,0.0142568,0.9904292,-0.1372835,-0.0699465,0.137949,0.9879664,moving,9.356152183993224,-1.5307259876758934,8.486070519988186,-3.2563699019013876,0.16151500000000008,0.1674422,2.0822556,0.16251443806222587,-0.026357914832471026,0.9863541663925415,8.619424975850805,-1.3116681065100637,1.918655476749819,1.9325860965921444,1.9492687048984945
05/10/2023 16:35:36.877199,3121,True,True,True,True,Eyes,1.371127,-0.3546329,-2.934793,0.0926197,0.1079385,0.9898337,0.0,0.0,0.0,0.0,0.0,0.0,0.0,-1.160688,-0.07107717,3.053022,1.372463,-0.3554932,-2.943325,-0.06896347,-0.03543078,-0.0046396,0.9969791,352.0772,355.9468,359.7475,0.4208901,-0.1087794,-0.9005653,0,0,0,1.533827,-0.1908963,-0.8606771,0.3087001,-0.1203952,2.069,0.9974462,-0.00436431,0.07128742,0.01413803,0.9904451,-0.1371815,-0.07000756,0.137839,0.9879774,moving,9.35415872068736,-1.60113937464057,8.486075937878136,-3.33028841465766,0.16136400000000006,0.16459690000000002,2.0826479000000004,0.16247477730783433,-0.027570247741214464,0.9863273850219756,8.613767932778702,-1.379602355895557,1.9209668498535315,1.9348188856846091,1.9548609529607248
05/10/2023 16:35:36.892847,3122,True,True,True,True,Eyes,1.371028,-0.3546525,-2.934789,0.09250717,0.1066869,0.9899799,0.0,0.0,0.0,0.0,0.0,0.0,0.0,-1.160756,-0.07140151,3.052921,1.372506,-0.3554397,-2.943241,-0.06899558,-0.03542906,-0.004674623,0.9969767,352.0734,355.9473,359.7436,0.4208777,-0.1087843,-0.9005706,0,0,0,1.533841,-0.1934083,-0.8602318,0.3087,-0.1231037,2.069,0.9974458,-0.004432085,0.07128894,0.01420988,0.9904355,-0.1372427,-0.06999883,0.1379052,0.9879688,moving,9.348578570064262,-1.6775756896602847,8.48607322893318,-3.405034713553239,0.161335,0.16203140000000002,2.0830092000000002,0.16237267725205448,-0.028886539905892995,0.9863065218436378,8.604334419664932,-1.4533216263231463,1.917082763376113,1.9308107475122578,1.9552927361647183
05/10/2023 16:35:36.913189,3123,True,True,True,True,Eyes,1.370927,-0.3546719,-2.934787,0.09239143,0.1053806,0.9901307,0.0,0.0,0.0,0.0,0.0,0.0,0.0,-1.160437,-0.07085326,3.053059,1.372516,-0.3554763,-2.943236,-0.06888597,-0.03548612,-0.004730578,0.996982,352.0857,355.9412,359.7372,0.4208641,-0.1087894,-0.9005764,0,0,0,1.533572,-0.1966325,-0.8597962,0.3087001,-0.125838,2.069,0.9974367,-0.004543609,0.07140978,0.01432159,0.9904647,-0.1370204,-0.07010631,0.1376919,0.9879909,moving,9.349351314408333,-1.7404690618312457,8.486075937878136,-3.4804812443514965,0.16105599999999987,0.15884380000000003,2.0834398000000003,0.16238081601292062,-0.02996914946725436,0.9862729697946111,8.60174247581035,-1.5140199486587729,1.9286436431129355,1.942392023007261,1.9698600903248762
05/10/2023 16:35:36.922780,3124,True,True,True,True,Eyes,1.37083,-0.35469,-2.934785,0.09227647,0.1041336,0.9902733,0.0,0.0,0.0,0.0,0.0,0.0,0.0,-1.160315,-0.07108346,3.053173,1.372541,-0.3554497,-2.943304,-0.06886614,-0.03551514,-0.0048528,0.9969817,352.0875,355.9388,359.7232,0.4208492,-0.1087948,-0.9005826,0,0,0,1.533441,-0.1993847,-0.8594791,0.3086999,-0.1285041,2.069,0.9974303,-0.004784725,0.07148428,0.01456789,0.9904678,-0.1369719,-0.07014749,0.1376613,0.9879923,moving,9.346745486768205,-1.8093066537623892,8.486070519988186,-3.5540343252965187,0.16090000000000004,0.15606499999999998,2.0838248999999998,0.1623300672874059,-0.031154340172585525,0.9862445531410492,8.59557882397995,-1.5804289128526534,1.9317731368922428,1.9454655088843629,1.9766411896626237
05/10/2023 16:35:36.943233,3125,True,True,True,True,Eyes,1.370719,-0.3547108,-2.934783,0.09219978,0.1028074,0.990419,0.0,0.0,0.0,0.0,0.0,0.0,0.0,-1.160083,-0.072162,3.053241,1.37256,-0.355441,-2.943302,-0.06897603,-0.03556251,-0.005010676,0.9969718,352.0742,355.9346,359.7058,0.4208334,-0.1088003,-0.9005893,0,0,0,1.533228,-0.2015902,-0.8591312,0.3087001,-0.1311297,2.069,0.9974204,-0.005085082,0.07160086,0.01489692,0.9904344,-0.1371779,-0.07021839,0.1378907,0.9879552,moving,9.34859156404995,-1.897142684114052,8.486075937878136,-3.6264586211955785,0.16066800000000003,0.1538508,2.0841708,0.1623540033600446,-0.032666112950618144,0.9861916949282592,8.592698080009178,-1.6652051692229688,1.9191297003954977,1.9324768603102902,1.9641495320028692
05/10/2023 16:35:36.957841,3126,True,True,True,True,Eyes,1.370613,-0.3547306,-2.934782,0.09212371,0.1015349,0.9905574,0.0,0.0,0.0,0.0,0.0,0.0,0.0,-1.160205,-0.07269123,3.053159,1.372528,-0.3554692,-2.943288,-0.06901394,-0.03554343,-0.005142391,0.9969692,352.0693,355.9378,359.6906,0.4208163,-0.1088061,-0.9005966,0,0,0,1.533242,-0.2040045,-0.8587868,0.3087,-0.133635,2.069,0.9974204,-0.005347625,0.0715812,0.01515959,0.9904212,-0.137244,-0.07016162,0.1379751,0.9879475,moving,9.342870120404184,-1.9739740257299416,8.48607322893318,-3.6955537596594645,0.16071400000000002,0.15146469999999998,2.0845012,0.1622483710228247,-0.03398912725512235,0.9861644294364957,8.583107427804098,-1.7393045734974746,1.909840945215572,1.9230022604020056,1.9586542609940043
05/10/2023 16:35:36.977910,3127,True,True,True,True,Eyes,1.370508,-0.3547506,-2.93478,0.09206007,0.1001916,0.9907001,0.0,0.0,0.0,0.0,0.0,0.0,0.0,-1.160047,-0.07307121,3.053218,1.372522,-0.355465,-2.9433,-0.06903481,-0.03557235,-0.005238771,0.9969662,352.0665,355.9352,359.6798,0.4207983,-0.108812,-0.9006043,0,0,0,1.533076,-0.2065931,-0.8584275,0.3086999,-0.1362968,2.069,0.9974144,-0.005534294,0.07165216,0.01535721,0.9904135,-0.137278,-0.07020553,0.1380235,0.9879376,moving,9.343606385171672,-2.0534173171015606,8.486070519988186,-3.7689533074655963,0.16055400000000009,0.14887189999999997,2.0848725,0.16225334390325633,-0.03535642863004958,0.986115549358043,8.57960228798969,-1.815973389430488,1.9049775415788988,1.9179237456974934,1.9552183386706217
05/10/2023 16:35:36.992797,3128,True,True,True,True,Eyes,1.370407,-0.3547703,-2.934779,0.09199885,0.09889828,0.9908357,0.0,0.0,0.0,0.0,0.0,0.0,0.0,-1.160256,-0.07334933,3.053123,1.372482,-0.3554615,-2.94331,-0.06904015,-0.0355358,-0.005336239,0.9969667,352.0655,355.9402,359.6683,0.4207794,-0.1088181,-0.9006124,0,0,0,1.533147,-0.2093008,-0.8580759,0.3086999,-0.1390087,2.069,0.9974174,-0.005733308,0.07159284,0.01554689,0.99041,-0.1372822,-0.07011917,0.1380407,0.9879413,moving,9.336933449591356,-2.1281819879711903,8.486070519988186,-3.8437216306920545,0.16066500000000006,0.14616069999999998,2.0852341,0.16213096572356556,-0.03664391603241764,0.9860886450791957,8.56920421095375,-1.8880712444158827,1.9020923085605335,1.9149527385081129,1.9574165739350675
05/10/2023 16:35:37.008005,3129,True,True,True,True,Eyes,1.370326,-0.3547893,-2.934777,0.09193619,0.09753232,0.9909769,0.0,0.0,0.0,0.0,0.0,0.0,0.0,-1.16024,-0.07301831,3.053138,1.372464,-0.3554727,-2.943319,-0.06899304,-0.035535,-0.005321942,0.99697,352.071,355.9402,359.6698,0.4207598,-0.1088244,-0.9006208,0,0,0,1.533089,-0.2122113,-0.8576955,0.3087002,-0.1417445,2.069,0.9974179,-0.005708299,0.07158899,0.01551497,0.9904233,-0.1371897,-0.07012029,0.1379462,0.9879544,moving,9.334719402119918,-2.2027293013444535,8.486078646823053,-3.9191356049649713,0.16062500000000002,0.14326139999999998,2.0856234999999996,0.1620850937166702,-0.037927170166780544,0.9860476585682395,8.56311524333796,-1.959993088030973,1.901989118917288,1.9147432545015224,1.9606565326086773
05/10/2023 16:35:37.023061,3130,True,True,True,True,Eyes,1.370248,-0.3548073,-2.934775,0.09188062,0.09622204,0.9911101,0.0,0.0,0.0,0.0,0.0,0.0,0.0,-1.160661,-0.07219586,3.052985,1.372447,-0.3554694,-2.943313,-0.06892662,-0.03545641,-0.005159024,0.9969783,352.0793,355.948,359.6877,0.4207401,-0.1088307,-0.9006292,0,0,0,1.533362,-0.214876,-0.8573607,0.3086999,-0.1442314,2.069,0.9974324,-0.005399088,0.07140971,0.01517465,0.990445,-0.1370708,-0.06998734,0.1378025,0.9879839,moving,9.32441536922139,-2.2740265657114738,8.486070519988186,-3.987676708980504,0.16091499999999992,0.14059339999999998,2.0859522999999998,0.16190007979324844,-0.03915535424928858,0.986030010715652,8.549401391209082,-2.028717399194331,1.8950521033299534,1.9077261071133382,1.959982749068858
05/10/2023 16:35:37.043002,3131,True,True,True,True,Eyes,1.370186,-0.3548267,-2.934774,0.0918249,0.09482884,0.9912496,0.0,0.0,0.0,0.0,0.0,0.0,0.0,-1.160969,-0.07167849,3.052879,1.372444,-0.3554636,-2.943314,-0.06891976,-0.03539698,-0.004972172,0.9969817,352.0809,355.9534,359.7087,0.4207205,-0.108837,-0.9006377,0,0,0,1.533568,-0.217541,-0.8570076,0.3087,-0.1469841,2.069,0.9974446,-0.005035226,0.07126564,0.01479343,0.9904507,-0.1370715,-0.06989492,0.1377755,0.9879943,moving,9.316511967414387,-2.3573553110605703,8.48607322893318,-4.063530154258155,0.16112400000000004,0.13792259999999998,2.0863064,0.16175480539195874,-0.040590338529211595,0.9859958914755219,8.537363006136076,-2.1090703257632755,1.8850348097012513,1.8975408016510638,1.9551326968893328
05/10/2023 16:35:37.056693,3132,True,True,True,True,Eyes,1.370126,-0.3548456,-2.934773,0.09177867,0.09349335,0.9913807,0.0,0.0,0.0,0.0,0.0,0.0,0.0,-1.161447,-0.07080746,3.052771,1.372448,-0.3555061,-2.943363,-0.06885283,-0.03531183,-0.004806654,0.9969902,352.0892,355.9619,359.7269,0.4207012,-0.1088434,-0.9006459,0,0,0,1.53389,-0.2204424,-0.856703,0.3087,-0.1496625,2.069,0.9974599,-0.004721733,0.071073,0.01444701,0.9904723,-0.1369517,-0.06974918,0.1376306,0.9880247,moving,9.305938364223016,-2.4300585831543797,8.48607322893318,-4.1373224967186815,0.16144200000000009,0.13506369999999998,2.08666,0.16156448285886002,-0.04184276748783729,0.9859747074753943,8.52331474197379,-2.1791494028675884,1.8814456446461854,1.8939189292635303,1.958527200672974
05/10/2023 16:35:37.078193,3133,True,True,True,True,Eyes,1.37007,-0.354865,-2.934775,0.09175706,0.09207848,0.991515,0.0,0.0,0.0,0.0,0.0,0.0,0.0,-1.161976,-0.07057065,3.052599,1.372449,-0.3555126,-2.943386,-0.0688665,-0.03521948,-0.004687239,0.996993,352.0882,355.9716,359.74,0.4206823,-0.1088498,-0.900654,0,0,0,1.534243,-0.2229793,-0.856399,0.3087,-0.1523263,2.069,0.9974753,-0.004495406,0.07087273,0.01419717,0.9904708,-0.1369887,-0.06958155,0.137649,0.988034,moving,9.295976545700666,-2.5159788037077546,8.48607322893318,-4.21069896181472,0.161794,0.13253330000000002,2.0869869999999997,0.16138284613207737,-0.043322578092340094,0.9859404297246855,8.509154920441969,-2.261987542488752,1.8660355301717872,1.8783023709736073,1.9488481111401001
05/10/2023 16:35:37.093077,3134,True,True,True,True,Eyes,1.370015,-0.354884,-2.934776,0.09173975,0.09071796,0.9916421,0.0,0.0,0.0,0.0,0.0,0.0,0.0,-1.162245,-0.07080996,3.052542,1.372444,-0.3555265,-2.94344,-0.06891426,-0.03517302,-0.004673182,0.9969915,352.0828,355.9769,359.7414,0.4206639,-0.1088562,-0.9006618,0,0,0,1.534396,-0.2253797,-0.8561224,0.3087,-0.1549411,2.069,0.9974821,-0.0044704,0.0707785,0.01416609,0.990458,-0.1370851,-0.06949031,0.1377426,0.9880274,moving,9.291194088062197,-2.6010681289661464,8.48607322893318,-4.282712230002457,0.1619520000000001,0.13014680000000003,2.0873176,0.16129013511317875,-0.04478743101408937,0.9858902387321647,8.500031166890402,-2.344063054880482,1.8524236004844616,1.8644426728529007,1.9386994218375193
05/10/2023 16:35:37.103894,3135,True,True,True,True,Eyes,1.369977,-0.3549002,-2.934777,0.09170964,0.0892657,0.9917766,0.0,0.0,0.0,0.0,0.0,0.0,0.0,-1.162506,-0.07068676,3.052429,1.372423,-0.3555323,-2.943432,-0.0688908,-0.03512772,-0.004685877,0.9969946,352.0854,355.9822,359.7395,0.4206459,-0.1088627,-0.9006695,0,0,0,1.534523,-0.2283679,-0.8557236,0.3087,-0.1578451,2.069,0.9974881,-0.004503634,0.07068992,0.01418354,0.9904642,-0.1370383,-0.06939866,0.1376967,0.9880402,moving,9.285736617072963,-2.6828918527766223,8.48607322893318,-4.362674356784404,0.16210000000000013,0.1271644,2.0877084,0.16118586527893541,-0.046196122332502976,0.9858422199767574,8.490430072686113,-2.4229821348669116,1.8485047714034777,1.8604114585493856,1.939697114978188
05/10/2023 16:35:37.122877,3136,True,True,True,True,Eyes,1.36994,-0.3549151,-2.934779,0.09167482,0.08787452,0.9919041,0.0,0.0,0.0,0.0,0.0,0.0,0.0,-1.162385,-0.07083362,3.052458,1.372384,-0.3554897,-2.94344,-0.06890298,-0.03514161,-0.004697148,0.9969933,352.084,355.9807,359.7383,0.4206286,-0.108869,-0.9006767,0,0,0,1.53439,-0.2307936,-0.8553828,0.3087,-0.1603838,2.069,0.997486,-0.004523326,0.0707192,0.01420877,0.9904606,-0.1370615,-0.06942461,0.1377217,0.9880349,moving,9.286804210081955,-2.7652436841998775,8.48607322893318,-4.432563951121333,0.16200599999999987,0.12469610000000003,2.0880571999999997,0.16119350611695657,-0.047612977839642176,0.985773607584945,8.487089965462982,-2.50246021622614,1.838001185653162,1.8496288753851444,1.9301040026924832
05/10/2023 16:35:37.142818,3137,True,True,True,True,Eyes,1.369926,-0.3549306,-2.934782,0.09163731,0.08638114,0.9920387,0.0,0.0,0.0,0.0,0.0,0.0,0.0,-1.161941,-0.07125181,3.052638,1.372368,-0.3554723,-2.943471,-0.06894807,-0.03521313,-0.004742266,0.9969875,352.0786,355.9728,359.7339,0.4206122,-0.1088752,-0.9006837,0,0,0,1.534037,-0.233143,-0.8550498,0.3087004,-0.1629457,2.069,0.9974751,-0.004600204,0.07086802,0.01431171,0.9904474,-0.1371467,-0.06956015,0.1378147,0.9880124,moving,9.294429872462391,-2.8568116915808504,8.486084064712776,-4.503078837191713,0.16166900000000006,0.12232930000000003,2.0884212,0.16131237722224492,-0.04918737376782781,0.9856768230237324,8.489581721504363,-2.5908815858980425,1.8228278454059346,1.8340170281717985,1.91220045012496
05/10/2023 16:35:37.157745,3138,True,True,True,True,Eyes,1.369912,-0.3549466,-2.934784,0.09159912,0.08494214,0.9921665,0.0,0.0,0.0,0.0,0.0,0.0,0.0,-1.161804,-0.07183135,3.052719,1.372351,-0.3555232,-2.943517,-0.06903581,-0.03523321,-0.004778342,0.9969805,352.0684,355.9707,359.7303,0.4205969,-0.1088813,-0.9006901,0,0,0,1.533895,-0.2356463,-0.8547207,0.3087,-0.1657755,2.069,0.9974716,-0.004663122,0.07091338,0.01439253,0.9904225,-0.137318,-0.06959388,0.1379914,0.9879853,moving,9.29616932574865,-2.950292002646919,8.48607322893318,-4.5809516294273225,0.1615439999999999,0.11987689999999998,2.0887963,0.16132930413198254,-0.05079533685441911,0.9855925218044932,8.486298760357652,-2.681103799634156,1.8099428108206768,1.8207983151593878,1.899847843179613
05/10/2023 16:35:37.173533,3139,True,True,True,True,Eyes,1.3699,-0.3549632,-2.934788,0.09154872,0.08337167,0.9923044,0.0,0.0,0.0,0.0,0.0,0.0,0.0,-1.161649,-0.07137075,3.052781,1.37235,-0.3555503,-2.943507,-0.06896885,-0.03525847,-0.004765703,0.9969842,352.0761,355.9677,359.7316,0.4205828,-0.1088872,-0.9006959,0,0,0,1.53375,-0.2385133,-0.8543314,0.3086999,-0.168368,2.069,0.9974683,-0.004639189,0.07096165,0.01436614,0.9904412,-0.1371857,-0.06964691,0.1378578,0.9880002,moving,9.29782273698303,-3.034284875957679,8.486070519988186,-4.6522793261396895,0.1614,0.11703699999999997,2.0891756,0.16134571309064716,-0.05223997385199559,0.9855143691244691,8.483436214555692,-2.762169928912517,1.7996352971805738,1.810206535900208,1.89011123298381
05/10/2023 16:35:37.192877,3140,True,True,True,True,Eyes,1.369889,-0.3549797,-2.934789,0.09150761,0.08185653,0.9924343,0.0,0.0,0.0,0.0,0.0,0.0,0.0,-1.161918,-0.07145438,3.052705,1.372353,-0.3555745,-2.943532,-0.069001,-0.03521294,-0.004732892,0.9969837,352.0725,355.9727,359.7352,0.4205697,-0.1088931,-0.9007013,0,0,0,1.533908,-0.241003,-0.8540173,0.3087001,-0.1710059,2.069,0.9974753,-0.004577777,0.07086659,0.01429669,0.9904329,-0.1372524,-0.0695603,0.1379191,0.9879978,moving,9.292023804425897,-3.1268082072739483,8.486075937878136,-4.724841285376506,0.16155500000000012,0.11457150000000002,2.0895146999999996,0.16123230799825394,-0.05383235939130033,0.9854472050536068,8.47293835708183,-2.851411609443939,1.779506301679164,1.7897658177266722,1.873475739553086
05/10/2023 16:35:37.203585,3141,True,True,True,True,Eyes,1.369889,-0.3549797,-2.934789,0.09150761,0.08185653,0.9924343,0.0,0.0,0.0,0.0,0.0,0.0,0.0,-1.162483,-0.07067502,3.052466,1.37236,-0.3555848,-2.943483,-0.06890283,-0.0351199,-0.004671152,0.9969941,352.0841,355.983,359.7411,0.4205576,-0.1088989,-0.9007063,0,0,0,1.534269,-0.2440542,-0.8536102,0.3087,-0.1736867,2.069,0.9974895,-0.004474502,0.07067236,0.01415394,0.9904611,-0.1370633,-0.06938495,0.1377195,0.9880379,moving,9.28129448748551,-3.116427001949445,8.48607322893318,-4.798567753931941,0.16190900000000008,0.11153059999999998,2.0898728,0.16104930424569347,-0.05365543348269645,0.985486778230842,8.463147959769147,-2.8413124975688198,1.849373263842617,1.8606381592168295,1.9573895132362673
05/10/2023 16:35:37.223134,3142,True,True,True,True,Eyes,1.369889,-0.3549797,-2.934789,0.09150761,0.08185653,0.9924343,0.0,0.0,0.0,0.0,0.0,0.0,0.0,-1.162988,-0.07050928,3.052291,1.372383,-0.3555911,-2.943487,-0.06890474,-0.03503794,-0.004608126,0.9969971,352.0841,355.992,359.7478,0.4205467,-0.1089041,-0.9007107,0,0,0,1.534601,-0.2467438,-0.8532667,0.3086999,-0.1764293,2.069,0.9975022,-0.004360015,0.07050049,0.01401714,0.9904618,-0.1370727,-0.0692304,0.1377186,0.9880489,moving,9.272000504575052,-3.11761257166507,8.486070519988186,-4.873977344195951,0.1622180000000002,0.10884729999999998,2.0902203000000004,0.16088925685247005,-0.05367724489493368,0.985511732257913,8.454127308664631,-2.8423862528323416,1.9120490756831081,1.924188960279152,2.0318422013674295
05/10/2023 16:35:37.243286,3143,True,True,True,True,Eyes,1.369889,-0.3549797,-2.934789,0.09150761,0.08185653,0.9924343,0.0,0.0,0.0,0.0,0.0,0.0,0.0,-1.163252,-0.07015392,3.052218,1.372381,-0.3555947,-2.943507,-0.06888516,-0.03499018,-0.004517628,0.9970006,352.0868,355.9968,359.7578,0.420537,-0.1089088,-0.9007147,0,0,0,1.534768,-0.2495176,-0.8529227,0.3087003,-0.179184,2.069,0.9975106,-0.004187548,0.07039284,0.01382876,0.9904689,-0.137041,-0.06914806,0.1376732,0.9880611,moving,9.266647307634747,-3.11669890220402,8.486081355767933,-4.9497025965497015,0.16238699999999984,0.10607709999999998,2.0905842999999997,0.16079730785509383,-0.053662344089043065,0.9855275504121972,8.449016249330011,-2.841464049385854,1.9792672035271415,1.9922815435321037,2.1085643442548263
05/10/2023 16:35:37.258220,3144,True,True,True,True,Eyes,1.369889,-0.3549797,-2.934789,0.09150761,0.08185653,0.9924343,0.0,0.0,0.0,0.0,0.0,0.0,0.0,-1.163761,-0.07007349,3.051971,1.372351,-0.355508,-2.943474,-0.06886144,-0.03490223,-0.004515574,0.9970053,352.0895,356.0069,359.7572,0.4205282,-0.108913,-0.9007183,0,0,0,1.535069,-0.2521597,-0.8525506,0.3087001,-0.1818353,2.069,0.9975229,-0.004197266,0.07021732,0.01381094,0.9904755,-0.1369952,-0.06897352,0.1376256,0.9880799,moving,9.256516536495294,-3.1140360498425412,8.486075937878136,-5.02256907283864,0.16271799999999992,0.1033483,2.0909234000000003,0.16062343146268862,-0.053618079095979994,0.9855583132759071,8.43939325611497,-2.8388177227676663,2.0442492683121927,2.0581732229975667,2.1842502676464073
05/10/2023 16:35:37.273131,3145,True,True,True,True,Eyes,1.369889,-0.3549797,-2.934789,0.09150761,0.08185653,0.9924343,0.0,0.0,0.0,0.0,0.0,0.0,0.0,-1.163985,-0.0696395,3.05189,1.372349,-0.3555416,-2.943466,-0.06880779,-0.03486431,-0.004487909,0.9970105,352.0958,356.0111,359.7599,0.4205202,-0.1089168,-0.9007215,0,0,0,1.535191,-0.2549911,-0.8521866,0.3087,-0.1844449,2.069,0.9975287,-0.004151112,0.07013776,0.01374686,0.9904907,-0.1368912,-0.06890255,0.1375171,0.9881,moving,9.252127988439167,-3.1082654775745304,8.48607322893318,-5.094273593996484,0.16284199999999993,0.10055049999999999,2.0912794,0.1605487929960979,-0.05351947629530802,0.9855758340851379,8.43546962446965,-2.8332158788557917,2.113818652658903,2.128630576933361,2.2616239112597722
05/10/2023 16:35:37.293002,3146,True,True,True,True,Eyes,1.369889,-0.3549797,-2.934789,0.09150761,0.08185653,0.9924343,0.0,0.0,0.0,0.0,0.0,0.0,0.0,-1.164345,-0.0693256,3.05175,1.372367,-0.35552,-2.94345,-0.06877729,-0.03480608,-0.004432414,0.9970149,352.0995,356.0174,359.7657,0.4205131,-0.1089202,-0.9007244,0,0,0,1.535419,-0.2578131,-0.8518073,0.3086999,-0.1872104,2.069,0.9975377,-0.00405063,0.07001406,0.0136261,0.9905001,-0.1368354,-0.06879466,0.1374525,0.9881164,moving,9.245494410931007,-3.105583894915002,8.486070519988186,-5.170244349177196,0.1630520000000002,0.09770689999999999,2.0916427,0.16043507256411751,-0.05347435064212535,0.9855968015993108,8.42921829973528,-2.8305779402531517,2.184168310003846,2.199897142488463,2.340357041136078
05/10/2023 16:35:37.303402,3147,True,True,True,True,Eyes,1.369528,-0.3550072,-2.934803,0.09180991,0.07948329,0.9925993,0.0,0.0,0.0,0.0,0.0,0.0,0.0,-1.164424,-0.06912458,3.051743,1.372366,-0.3555098,-2.943471,-0.06875448,-0.03479154,-0.004403201,0.9970171,352.1023,356.0188,359.7689,0.4205067,-0.1089233,-0.900727,0,0,0,1.535444,-0.2606167,-0.8514515,0.3087001,-0.189968,2.069,0.9975404,-0.003995986,0.06998099,0.01356428,0.9905069,-0.1367924,-0.06877002,0.1374051,0.9881247,moving,9.263807956723136,-3.2412926754212656,8.486075937878136,-5.245979937661396,0.16307800000000006,0.09489310000000001,2.0920195,0.16072955693980018,-0.05580594108074624,0.9854195704317781,8.439669445131582,-2.961676290307076,2.1355776190545424,2.1502646610416467,2.2847749814555667
05/10/2023 16:35:37.328199,3148,True,True,True,True,Eyes,1.369181,-0.3550355,-2.934817,0.09209933,0.0772082,0.9927521,0.0,0.0,0.0,0.0,0.0,0.0,0.0,-1.164707,-0.06957531,3.051541,1.37231,-0.3554507,-2.943417,-0.06881749,-0.03473667,-0.004414326,0.9970146,352.095,356.0252,359.7674,0.4204916,-0.1089274,-0.9007336,0,0,0,1.535585,-0.2627761,-0.8510854,0.3087001,-0.1924656,2.069,0.9975477,-0.004021312,0.06987349,0.01358327,0.9904893,-0.1369174,-0.06865837,0.1375307,0.988115,moving,9.276746914874215,-3.3806204342948325,8.486075937878136,-5.314558950464951,0.16327500000000006,0.0926746,2.0923316,0.1609300596279746,-0.05820012260870315,0.9852483881867391,8.444748440155008,-3.0962263069398337,2.0757507715138153,2.0893249575377726,2.2187175754018784
05/10/2023 16:35:37.342955,3149,True,True,True,True,Eyes,1.369208,-0.3550415,-2.934816,0.09226409,0.07498635,0.992907,0.0,0.0,0.0,0.0,0.0,0.0,0.0,-1.164605,-0.06931826,3.051578,1.372317,-0.3554979,-2.9434,-0.06884532,-0.03474785,-0.004265451,0.9970129,352.0924,356.0228,359.7848,0.420469,-0.1089323,-0.9007435,0,0,0,1.535525,-0.2652628,-0.8507109,0.3087001,-0.1951171,2.069,0.9975488,-0.003720965,0.06987543,0.01328987,0.9904842,-0.1369829,-0.0687008,0.1375757,0.9881058,moving,9.290172280070532,-3.515214089571995,8.486075937878136,-5.387347031429181,0.16320800000000002,0.09023509999999996,2.0926891,0.16113870446380427,-0.06051231578499907,0.9850748718756938,8.450547407540691,-3.2262115662684017,2.0249444228435025,2.037511393713918,2.1614274855390447
05/10/2023 16:35:37.353387,3150,True,True,True,True,Eyes,1.369234,-0.355049,-2.934813,0.09242735,0.0728483,0.9930511,0.0,0.0,0.0,0.0,0.0,0.0,0.0,-1.164605,-0.07004148,3.051606,1.372348,-0.3555029,-2.943431,-0.06897569,-0.03475059,-0.004240344,0.9970039,352.0775,356.0222,359.7882,0.4204494,-0.108937,-0.9007521,0,0,0,1.535512,-0.2674516,-0.8503858,0.3087,-0.1978844,2.069,0.9975488,-0.003661387,0.06987791,0.01324917,0.9904487,-0.1372434,-0.06870798,0.1378328,0.9880695,moving,9.302483923225463,-3.6549460542060173,8.48607322893318,-5.463295415910092,0.1631640000000001,0.0880513,2.0930451999999997,0.1613264029787695,-0.06291257050089388,0.9848938913543043,8.45500033745041,-3.361146897023139,1.972551989695613,1.9841002584875447,2.102378158192219
05/10/2023 16:35:37.373496,3151,True,True,True,True,Eyes,1.369309,-0.3550536,-2.934809,0.09247369,0.07076152,0.9931976,0.0,0.0,0.0,0.0,0.0,0.0,0.0,-1.165012,-0.06942886,3.051424,1.372363,-0.3555467,-2.943377,-0.06891014,-0.03468458,-0.004178657,0.9970111,352.0853,356.0294,359.7945,0.4204324,-0.1089413,-0.9007595,0,0,0,1.535776,-0.2703721,-0.8499792,0.3087001,-0.2005379,2.069,0.9975591,-0.003552096,0.06973772,0.01311257,0.9904679,-0.1371185,-0.06858592,0.1376982,0.9880968,moving,9.299806097777575,-3.7697234240826707,8.486075937878136,-5.536102488362668,0.16341300000000003,0.08517459999999999,2.0933978,0.1612599404584029,-0.0648861346283373,0.9847766598762546,8.446330012673895,-3.471887473071721,1.9338547861217619,1.944801216540304,2.064597628576316
05/10/2023 16:35:37.393050,3152,True,True,True,True,Eyes,1.369383,-0.355054,-2.934805,0.09252008,0.06876851,0.9933332,0.0,0.0,0.0,0.0,0.0,0.0,0.0,-1.164968,-0.06884092,3.051474,1.372432,-0.3555139,-2.943369,-0.06891169,-0.03469167,-0.00392996,0.9970116,352.0862,356.0266,359.8233,0.420419,-0.1089453,-0.9007653,0,0,0,1.535812,-0.2728016,-0.8496183,0.3087,-0.2031489,2.069,0.9975621,-0.003055109,0.06971762,0.01261775,0.9904715,-0.1371389,-0.06863435,0.1376842,0.9880953,moving,9.305585172462276,-3.8895073648541434,8.48607322893318,-5.607725939914247,0.16337999999999986,0.08271230000000002,2.0937507,0.16133727683649757,-0.06694392737292117,0.9846261793614566,8.445545022987153,-3.5875234119554023,1.893446935513646,1.9036477870836326,2.0206090144925395
05/10/2023 16:35:37.403374,3153,True,True,True,True,Eyes,1.369461,-0.3550531,-2.9348,0.09244225,0.06683394,0.9934725,0.0,0.0,0.0,0.0,0.0,0.0,0.0,-1.165264,-0.07012242,3.051367,1.372495,-0.3554148,-2.943388,-0.06906123,-0.03465733,-0.004041468,0.9970022,352.0685,356.0313,359.8107,0.4204089,-0.1089488,-0.9007696,0,0,0,1.535972,-0.2748212,-0.8492975,0.3086999,-0.2058651,2.069,0.997565,-0.003271748,0.06966509,0.01284566,0.9904284,-0.1374283,-0.06854865,0.1379885,0.9880589,moving,9.299524745688881,-4.017771410442742,8.486070519988186,-5.682216519883585,0.16347699999999987,0.08059359999999999,2.0940905,0.16120882212450702,-0.06914944336475082,0.9844948062477579,8.432898950709486,-3.7112531138488443,1.843085546553725,1.8525888101928765,1.971680492297782
05/10/2023 16:35:37.423114,3154,True,True,True,True,Eyes,1.369535,-0.3550537,-2.934792,0.09237503,0.06497382,0.9936022,0.0,0.0,0.0,0.0,0.0,0.0,0.0,-1.166092,-0.07161185,3.051014,1.37257,-0.3553634,-2.943357,-0.0692433,-0.03453989,-0.004183797,0.9969929,352.0471,356.046,359.7941,0.4204019,-0.1089518,-0.9007725,0,0,0,1.536488,-0.2767747,-0.848955,0.3087,-0.2085852,2.069,0.997579,-0.003559118,0.06945144,0.01312574,0.9903757,-0.1377812,-0.06829264,0.1383592,0.9880247,moving,9.284585218423977,-4.144996361623625,8.48607322893318,-5.756794746739551,0.163918,0.07858870000000001,2.0944019999999997,0.160927253459665,-0.07133866207606598,0.9843847264585421,8.411750127326318,-3.8339128963742497,1.7898406219753964,1.7987538552072264,1.9243176800873472
05/10/2023 16:35:37.443143,3155,True,True,True,True,Eyes,1.36957,-0.3550566,-2.934786,0.09218031,0.06317738,0.9937361,0.0,0.0,0.0,0.0,0.0,0.0,0.0,-1.166929,-0.07271305,3.050608,1.372568,-0.3554004,-2.943292,-0.06926312,-0.03442172,-0.004595497,0.9969938,352.0432,356.0629,359.7457,0.4203975,-0.1089544,-0.9007742,0,0,0,1.536889,-0.2795287,-0.8485585,0.3087,-0.2112106,2.069,0.997588,-0.004395052,0.06927308,0.01393167,0.990363,-0.1377934,-0.06799987,0.1384262,0.9880356,moving,9.262030546126033,-4.245927818423609,8.48607322893318,-5.828757985331876,0.16432099999999994,0.07587169999999999,2.0947335000000002,0.16051946886929855,-0.07307754365913911,0.9843237272692531,8.384656623759685,-3.931141678822216,1.7541148317759339,1.7627992215167283,1.9003244392830083
05/10/2023 16:35:37.461438,3156,True,True,True,True,Eyes,1.369602,-0.3550599,-2.93478,0.09198581,0.06144331,0.9938628,0.0,0.0,0.0,0.0,0.0,0.0,0.0,-1.167281,-0.07167968,3.050442,1.372432,-0.3553795,-2.9433,-0.06900954,-0.03435185,-0.004787161,0.997013,352.0716,356.0726,359.7221,0.4203945,-0.1089569,-0.9007753,0,0,0,1.536977,-0.2833186,-0.8481776,0.3087,-0.213892,2.069,0.9975941,-0.004804513,0.06915919,0.01428693,0.9904296,-0.1372779,-0.06783775,0.1379357,0.9881153,moving,9.244491583545509,-4.31488044696002,8.48607322893318,-5.90223716070976,0.16454499999999994,0.07206090000000004,2.0951223999999997,0.16020403688382184,-0.07426592737190965,0.9842861237499334,8.36409397368336,-3.9975486566970138,1.750432879822271,1.759232712661758,1.9085903793191488
05/10/2023 16:35:37.473006,3157,True,True,True,True,Eyes,1.369596,-0.3550659,-2.934777,0.0917192,0.05978031,0.9939889,0.0,0.0,0.0,0.0,0.0,0.0,0.0,-1.166554,-0.07030135,3.050738,1.372378,-0.3553896,-2.943309,-0.0688667,-0.03445358,-0.004581575,0.9970202,352.0888,356.0592,359.746,0.4203927,-0.1089592,-0.9007758,0,0,0,1.536487,-0.2864736,-0.8477721,0.3086999,-0.2165664,2.069,0.9975839,-0.004390437,0.06933286,0.01388125,0.9904728,-0.1370073,-0.06807079,0.1376387,0.9881407,moving,9.242425883329346,-4.398311582581983,8.486070519988186,-5.975505111027297,0.16410899999999984,0.06891600000000003,2.0955369,0.16015124094531744,-0.07569977515716264,0.984185528495708,8.357676665991773,-4.0780445637024085,1.740575868572877,1.7491749088712418,1.901799545272455
05/10/2023 16:35:37.493103,3158,True,True,True,True,Eyes,1.369591,-0.3550721,-2.934774,0.09145882,0.0581696,0.9941084,0.0,0.0,0.0,0.0,0.0,0.0,0.0,-1.165095,-0.06952891,3.051357,1.372384,-0.3553766,-2.943354,-0.06877169,-0.0346893,-0.004481819,0.9970192,352.1,356.0313,359.759,0.4203909,-0.1089614,-0.9007764,0,0,0,1.535483,-0.2894222,-0.847367,0.3087003,-0.2192143,2.069,0.9975532,-0.004165635,0.06978823,0.0137082,0.9905007,-0.1368224,-0.06855533,0.1374443,0.9881342,moving,9.256186689686507,-4.482645448120841,8.486081355767933,-6.048027748978188,0.16309899999999988,0.06595439999999997,2.095987,0.16036977709854766,-0.07714554174765349,0.984037615669409,8.366465412063908,-4.159531367764012,1.7363297705358927,1.7445583891539087,1.8922807814505864
05/10/2023 16:35:37.503292,3159,True,True,True,True,Eyes,1.369591,-0.3550789,-2.934772,0.09114198,0.05661558,0.9942272,0.0,0.0,0.0,0.0,0.0,0.0,0.0,-1.164781,-0.06832448,3.051496,1.372406,-0.3553854,-2.943334,-0.06858955,-0.03474383,-0.004441482,0.99703,352.1211,356.0247,359.7634,0.4203892,-0.1089636,-0.900777,0,0,0,1.535243,-0.2928541,-0.8469365,0.3087002,-0.2219219,2.069,0.9975463,-0.004090454,0.06989055,0.01362271,0.9905515,-0.136463,-0.06867199,0.1370803,0.9881767,moving,9.24565942710527,-4.552806325792201,8.486078646823053,-6.122165383481954,0.1628369999999999,0.06253130000000001,2.0963975,0.16017384115744637,-0.07835299994484378,0.9839741143167379,8.35259669572259,-4.227157369910614,1.73524389816972,1.7435167947935035,1.8997033459909418
05/10/2023 16:35:37.523052,3160,True,True,True,True,Eyes,1.36959,-0.3550859,-2.934772,0.09083414,0.05512419,0.9943392,0.0,0.0,0.0,0.0,0.0,0.0,0.0,-1.164934,-0.06788376,3.05148,1.372424,-0.355395,-2.943357,-0.06854705,-0.03471851,-0.004372643,0.997034,352.1262,356.0271,359.771,0.4203877,-0.1089659,-0.9007775,0,0,0,1.535342,-0.2956428,-0.8466034,0.3087001,-0.224579,2.069,0.997551,-0.003959647,0.06983053,0.01347905,0.9905643,-0.1363838,-0.0686316,0.1369911,0.9881918,moving,9.226619024664222,-4.635838340545145,8.486075937878136,-6.194900261995056,0.1629179999999999,0.05975220000000003,2.0967535999999996,0.1598286532593583,-0.07978339904886624,0.9839153280658071,8.329839958808018,-4.307139677296126,1.7177570819550494,1.7260006194384045,1.8942147994086747
05/10/2023 16:35:37.543179,3161,True,True,True,True,Eyes,1.369588,-0.3550909,-2.934775,0.09062588,0.05350722,0.9944466,0.0,0.0,0.0,0.0,0.0,0.0,0.0,-1.16461,-0.06763411,3.051674,1.372422,-0.3554026,-2.943425,-0.06854358,-0.03476622,-0.004279073,0.9970331,352.127,356.0208,359.7821,0.4203863,-0.1089681,-0.9007779,0,0,0,1.535119,-0.2983406,-0.8462825,0.3087,-0.2273268,2.069,0.997546,-0.003766753,0.06991273,0.01329875,0.9905669,-0.1363828,-0.06873953,0.1369779,0.9881861,moving,9.221898239014571,-4.730939382622549,8.48607322893318,-6.270096862924607,0.16269699999999987,0.057062,2.0971425,0.15972641667172768,-0.08141778804823761,0.9837981137286271,8.320244486493678,-4.398877022128619,1.698038964278291,1.7060024017072954,1.878553396741128
05/10/2023 16:35:37.553176,3162,True,True,True,True,Eyes,1.369585,-0.355096,-2.934779,0.09042186,0.05196145,0.9945471,0.0,0.0,0.0,0.0,0.0,0.0,0.0,-1.164298,-0.06775871,3.051828,1.372438,-0.3553338,-2.943465,-0.06857447,-0.03481674,-0.004222598,0.9970294,352.1237,356.0146,359.7892,0.420385,-0.1089702,-0.9007782,0,0,0,1.5349,-0.3006409,-0.8459628,0.3087002,-0.2298787,2.069,0.9975399,-0.003645029,0.07000575,0.01319519,0.9905595,-0.1364475,-0.0688475,0.1370356,0.9881707,moving,9.21776592048849,-4.825314672722483,8.486078646823053,-6.339913030892698,0.16246199999999988,0.05469289999999999,2.0975022,0.15963402382150402,-0.08303940332701512,0.9836775259728263,8.31125469607874,-4.489918464885945,1.6744383755904773,1.682074449308316,1.8582366124927054
05/10/2023 16:35:37.572877,3163,True,True,True,True,Eyes,1.369612,-0.3550993,-2.93478,0.09026154,0.05041381,0.9946413,0.0,0.0,0.0,0.0,0.0,0.0,0.0,-1.16401,-0.06835455,3.051968,1.372435,-0.355341,-2.943511,-0.06866151,-0.03486354,-0.004248064,0.9970217,352.1136,356.0093,359.787,0.4203836,-0.1089723,-0.9007787,0,0,0,1.534661,-0.3029715,-0.8456333,0.3087001,-0.2325829,2.069,0.997533,-0.003683257,0.07010277,0.01325839,0.9905351,-0.1366178,-0.06893605,0.1372102,0.9881403,moving,9.215980504530775,-4.925050974312317,8.486075937878136,-6.413875270212909,0.16222599999999998,0.05236950000000001,2.0978776999999997,0.15958027172790784,-0.08475233552642365,0.9835401323818167,8.304242481705694,-4.586151074091275,1.6508484825216243,1.6581189524531317,1.8367468913467873
05/10/2023 16:35:37.593260,3164,True,True,True,True,Eyes,1.369637,-0.3551014,-2.934783,0.09009728,0.04893583,0.99473,0.0,0.0,0.0,0.0,0.0,0.0,0.0,-1.163829,-0.06837091,3.051986,1.372415,-0.3553322,-2.943468,-0.0686937,-0.03488674,-0.004175513,0.9970189,352.1101,356.006,359.7956,0.4203831,-0.1089742,-0.9007787,0,0,0,1.534523,-0.3053909,-0.8452293,0.3086998,-0.2352059,2.069,0.9975309,-0.003533132,0.07013913,0.01311913,0.9905275,-0.1366865,-0.06899182,0.1372692,0.9881282,moving,9.210888743150093,-5.0158177707948965,8.486067811043153,-6.485596118090808,0.16210800000000014,0.049941299999999966,2.0982387000000005,0.15947143527099628,-0.08631187004328454,0.9834221528130362,8.294519402745555,-4.673703039232062,1.6317648963601028,1.638784236499813,1.8219899346422228
05/10/2023 16:35:37.603599,3165,True,True,True,True,Eyes,1.36966,-0.3551067,-2.934786,0.08997997,0.04744335,0.994813,0.0,0.0,0.0,0.0,0.0,0.0,0.0,-1.163063,-0.06906894,3.052308,1.372423,-0.3553097,-2.943515,-0.06879403,-0.03501333,-0.004193219,0.9970074,352.0985,355.9915,359.795,0.4203832,-0.1089759,-0.9007785,0,0,0,1.53396,-0.3077119,-0.8448635,0.3087001,-0.2379946,2.069,0.9975129,-0.003543925,0.07039402,0.01317876,0.9904996,-0.1368827,-0.06924016,0.1374699,0.9880829,moving,9.220740697799124,-5.11396441195833,8.486075937878136,-6.561825325555745,0.16153700000000004,0.04759780000000002,2.0986515,0.1596169600590852,-0.0879942380337834,0.9832495164320059,8.298807888388193,-4.768489675401069,1.6170009706514386,1.6235866267596888,1.8030868188957128
05/10/2023 16:35:37.623168,3166,True,True,True,True,Eyes,1.369683,-0.3551148,-2.93479,0.08986695,0.04601312,0.9948903,0.0,0.0,0.0,0.0,0.0,0.0,0.0,-1.162985,-0.06981769,3.05237,1.372471,-0.3553667,-2.943537,-0.06888704,-0.03503754,-0.004286582,0.9969998,352.0875,355.9894,359.7848,0.4203838,-0.1089776,-0.9007779,0,0,0,1.533854,-0.310054,-0.8445195,0.3087,-0.2406526,2.069,0.9975079,-0.003720176,0.07045541,0.01337471,0.9904724,-0.1370604,-0.06927425,0.1376611,0.9880539,moving,9.219166535579156,-5.206528873529823,8.48607322893318,-6.63446013699688,0.16138300000000005,0.045312699999999984,2.0990175,0.15956723636718864,-0.08958333670771934,0.9831139851568461,8.292379778543337,-4.857803015224579,1.5988249923021856,1.605121020183761,1.7871842885019333
05/10/2023 16:35:37.643982,3167,True,True,True,True,Eyes,1.369775,-0.3551176,-2.934788,0.0897731,0.04456993,0.9949645,0.0,0.0,0.0,0.0,0.0,0.0,0.0,-1.162997,-0.07004008,3.052372,1.372483,-0.3554426,-2.943534,-0.06892446,-0.03503862,-0.004314878,0.9969971,352.0831,355.9895,359.7817,0.4203849,-0.1089794,-0.9007772,0,0,0,1.533823,-0.3125298,-0.8441676,0.3087001,-0.2432207,2.069,0.9975073,-0.003773804,0.0704616,0.01343388,0.9904616,-0.1371326,-0.069272,0.1377373,0.9880434,moving,9.215820250313882,-5.294346741922872,8.486075937878136,-6.704617925642819,0.16134000000000004,0.04291279999999997,2.0993664,0.15948791759866032,-0.09109124595486773,0.9829883180661394,8.284495481007928,-4.942522455185072,1.581834148818885,1.5878890304940025,1.7735882068844815
05/10/2023 16:35:37.654665,3168,True,True,True,True,Eyes,1.369865,-0.3551206,-2.934788,0.08968629,0.04317794,0.9950336,0.0,0.0,0.0,0.0,0.0,0.0,0.0,-1.163308,-0.06946707,3.052214,1.372469,-0.3553898,-2.943493,-0.06881259,-0.03498773,-0.004339863,0.9970065,352.0958,355.9957,359.778,0.4203883,-0.1089809,-0.9007755,0,0,0,1.533978,-0.3157213,-0.8437502,0.3087001,-0.246008,2.069,0.9975141,-0.003838551,0.07036327,0.01346894,0.9904919,-0.1369095,-0.06916872,0.1375169,0.9880814,moving,9.206530834245084,-5.361979586088102,8.486075937878136,-6.780741170555541,0.16150900000000012,0.039668499999999995,2.0997428,0.1593113967131527,-0.09225417046733235,0.9829083767850678,8.271953951076398,-5.007718256731591,1.5850614551925133,1.5912069919591443,1.7859055065083072
05/10/2023 16:35:37.678362,3169,True,True,True,True,Eyes,1.369928,-0.3551277,-2.934788,0.08960854,0.04172327,0.9951028,0.0,0.0,0.0,0.0,0.0,0.0,0.0,-1.163602,-0.06905159,3.052131,1.372484,-0.3553965,-2.943505,-0.06873553,-0.03494331,-0.004363842,0.9970133,352.1046,356.001,359.7745,0.4203936,-0.1089822,-0.9007729,0,0,0,1.534138,-0.3186579,-0.8434126,0.3087001,-0.248626,2.069,0.9975199,-0.003897924,0.07027778,0.01350531,0.9905128,-0.1367555,-0.06907798,0.1373654,0.9881088,moving,9.19867078712458,-5.437274127030152,8.486075937878136,-6.85221881372178,0.16165399999999996,0.03673860000000001,2.1000924000000003,0.15915727802518242,-0.09354813594778572,0.9828111778874788,8.260383597315414,-5.0803184567248065,1.5781552958084155,1.5842537314361715,1.7862160865121226
05/10/2023 16:35:37.692887,3170,True,True,True,True,Eyes,1.369989,-0.3551333,-2.93479,0.08953013,0.04032977,0.9951673,0.0,0.0,0.0,0.0,0.0,0.0,0.0,-1.164033,-0.0679321,3.051986,1.372433,-0.3554282,-2.943518,-0.06856365,-0.03486454,-0.004347934,0.9970279,352.1244,356.01,359.7751,0.4203999,-0.1089835,-0.9007698,0,0,0,1.534382,-0.3221527,-0.8430609,0.3086998,-0.2513974,2.069,0.9975311,-0.003889143,0.07011806,0.0134509,0.9905602,-0.1364166,-0.06892563,0.1370229,0.988167,moving,9.186433677306708,-5.4986270326954285,8.486067811043153,-6.927861294256249,0.1619489999999999,0.03327550000000001,2.1004571,0.15893143826434744,-0.09460397179762758,0.982746648921633,8.245334187707147,-5.139431775721066,1.585324938818285,1.591610166167081,1.804558899058844
05/10/2023 16:35:37.707019,3171,True,True,True,True,Eyes,1.370055,-0.3551412,-2.934792,0.08946124,0.03892891,0.9952292,0.0,0.0,0.0,0.0,0.0,0.0,0.0,-1.163678,-0.06768355,3.052171,1.372461,-0.3554009,-2.943555,-0.06858248,-0.03491949,-0.004189095,0.9970254,352.1229,356.0024,359.7939,0.4204071,-0.1089848,-0.9007663,0,0,0,1.534181,-0.3245962,-0.8427229,0.3087,-0.2540495,2.069,0.9975262,-0.003563538,0.07020584,0.013143,0.9905578,-0.1364644,-0.06905664,0.1370495,0.9881542,moving,9.190117448345596,-5.5845043279215805,8.48607322893318,-7.000224892290203,0.16172000000000009,0.030804700000000018,2.1008321,0.15897209008820634,-0.09607620192537622,0.9825971565322928,8.244328573121619,-5.222331746761507,1.5751025675784676,1.5811207984414886,1.7942531915901303
05/10/2023 16:35:37.722945,3172,True,True,True,True,Eyes,1.370117,-0.3551486,-2.934792,0.08940455,0.03757671,0.9952863,0.0,0.0,0.0,0.0,0.0,0.0,0.0,-1.163671,-0.06883341,3.052179,1.372504,-0.3554416,-2.943563,-0.06870053,-0.03493538,-0.004375979,0.997016,352.1086,356.002,359.7729,0.4204152,-0.108986,-0.9007623,0,0,0,1.534076,-0.3270441,-0.8423396,0.3087,-0.2568925,2.069,0.9975207,-0.003925683,0.07026353,0.013526,0.9905221,-0.1366853,-0.069061,0.1372968,0.9881195,moving,9.191251391852063,-5.674008716896283,8.48607322893318,-7.077772348496888,0.16157200000000005,0.02839750000000002,2.1012234000000003,0.15896768653650264,-0.09761111805802684,0.9824466122550939,8.2406729456546,-5.308712590407733,1.5651421243189567,1.5709323902899732,1.7859993635843392
05/10/2023 16:35:37.743107,3173,True,True,True,True,Eyes,1.370162,-0.3551536,-2.934789,0.08936646,0.03618688,0.9953412,0.0,0.0,0.0,0.0,0.0,0.0,0.0,-1.164532,-0.06900737,3.051796,1.372475,-0.3554364,-2.943524,-0.06863828,-0.03480072,-0.004600754,0.9970239,352.1148,356.0194,359.7457,0.4204241,-0.1089873,-0.900758,0,0,0,1.534527,-0.329717,-0.8420175,0.3086999,-0.2592192,2.069,0.9975355,-0.004396799,0.07002587,0.01395144,0.9905352,-0.1365478,-0.06876272,0.1371882,0.9881554,moving,9.175977139761235,-5.74427722317973,8.486070519988186,-7.141217506414186,0.16205200000000008,0.025719400000000003,2.1015065,0.15868673805459474,-0.09882045480892868,0.9823711089763657,8.222223262744478,-5.376406534873868,1.552212157910842,1.5580158211423394,1.7844251568569944
05/10/2023 16:35:37.752941,3174,True,True,True,True,Eyes,1.370204,-0.3551587,-2.934786,0.0893234,0.03485961,0.9953924,0.0,0.0,0.0,0.0,0.0,0.0,0.0,-1.164321,-0.0681394,3.051812,1.372455,-0.3553331,-2.943458,-0.06853268,-0.03482761,-0.004471464,0.9970309,352.1275,356.0153,359.7604,0.4204332,-0.1089886,-0.9007536,0,0,0,1.534387,-0.3327337,-0.8415637,0.3087001,-0.2619839,2.069,0.9975341,-0.004142715,0.07006129,0.01369003,0.9905666,-0.1363469,-0.06883553,0.1369698,0.9881806,moving,9.177649866235196,-5.811049266178977,8.486075937878136,-7.216583287995845,0.16193199999999996,0.02259939999999999,2.1018943,0.15869717708253656,-0.09996506157463136,0.9822535745035933,8.220292963908264,-5.4408546074955,1.5606718713941417,1.5664611022517974,1.7955091021779215
05/10/2023 16:35:37.773208,3175,True,True,True,True,Eyes,1.37027,-0.355165,-2.934783,0.08927627,0.03347298,0.9954443,0.0,0.0,0.0,0.0,0.0,0.0,0.0,-1.163726,-0.06818128,3.052017,1.372448,-0.355339,-2.943439,-0.06860191,-0.03491659,-0.00432147,0.9970236,352.1201,356.0038,359.7787,0.4204425,-0.1089898,-0.9007491,0,0,0,1.534009,-0.3348639,-0.8411801,0.3087001,-0.2644972,2.069,0.9975243,-0.003826526,0.07021824,0.0134079,0.9905502,-0.1364936,-0.06903239,0.1370972,0.9881492,moving,9.186599735225899,-5.90177295354636,8.486075937878136,-7.285074128948775,0.16156100000000007,0.020475100000000024,2.1022589000000003,0.15882551348848095,-0.10151814863851946,0.9820736066811953,8.224105814786023,-5.528471223494533,1.545177485325242,1.5505662618928069,1.7760298738600042
05/10/2023 16:35:37.787822,3176,True,True,True,True,Eyes,1.370334,-0.3551733,-2.934778,0.08923399,0.03213976,0.995492,0.0,0.0,0.0,0.0,0.0,0.0,0.0,-1.163603,-0.0677714,3.052084,1.372443,-0.3553911,-2.943446,-0.06857359,-0.03493269,-0.004246245,0.9970254,352.1236,356.0013,359.7874,0.4204526,-0.108991,-0.9007442,0,0,0,1.533919,-0.3377128,-0.8408088,0.3087,-0.2672369,2.069,0.9975234,-0.003676307,0.0702399,0.01325815,0.9905593,-0.1364425,-0.06907518,0.1370359,0.9881548,moving,9.187400819051955,-5.977024044165653,8.48607322893318,-7.359710832046684,0.16147599999999995,0.017678300000000036,2.1026371999999998,0.15881808916990517,-0.10280801726404626,0.9819405874831907,8.220885561237633,-5.601095031455834,1.5450915370103422,1.55038161174679,1.778497689957903
05/10/2023 16:35:37.808016,3177,True,True,True,True,Eyes,1.37044,-0.3551758,-2.934771,0.08916481,0.03074984,0.9955422,0.0,0.0,0.0,0.0,0.0,0.0,0.0,-1.163792,-0.06726798,3.052008,1.372452,-0.355445,-2.94342,-0.0685381,-0.03489953,-0.004156469,0.9970292,352.1281,356.0045,359.7973,0.4204633,-0.1089923,-0.9007391,0,0,0,1.534056,-0.3404326,-0.8404422,0.3086999,-0.2698185,2.069,0.9975295,-0.003504348,0.07016145,0.01307214,0.9905705,-0.1363789,-0.06902195,0.1369591,0.9881691,moving,9.180956558041784,-6.054936580217478,8.486070519988186,-7.430017499652855,0.16160400000000008,0.015012400000000037,2.1029778,0.15868546127582447,-0.10414545429772155,0.9818211836745027,8.210540879741838,-5.676232325261315,1.535485233411604,1.5406862564704953,1.7752968823748454
05/10/2023 16:35:37.825756,3178,True,True,True,True,Eyes,1.370541,-0.3551774,-2.934765,0.08909559,0.02942589,0.9955883,0.0,0.0,0.0,0.0,0.0,0.0,0.0,-1.163886,-0.06731448,3.051942,1.372446,-0.3553613,-2.943403,-0.06852082,-0.0348848,-0.004185103,0.9970308,352.1299,356.0064,359.7938,0.4204757,-0.1089934,-0.9007331,0,0,0,1.534068,-0.3431169,-0.8400589,0.3087,-0.2725253,2.069,0.9975311,-0.003564685,0.07013597,0.01312602,0.9905748,-0.1363427,-0.06898891,0.1369267,0.9881759,moving,9.177064729206744,-6.129420661430434,8.48607322893318,-7.503709673065578,0.16162199999999993,0.012244399999999989,2.1033441,0.15859728114026567,-0.10542322712708943,0.9816989435940408,8.202838182992302,-5.748080453889387,1.5330740764605058,1.5382261020251264,1.7783295663274377
05/10/2023 16:35:37.843178,3179,True,True,True,True,Eyes,1.370659,-0.3551779,-2.934758,0.08900762,0.02806891,0.9956353,0.0,0.0,0.0,0.0,0.0,0.0,0.0,-1.163718,-0.06842303,3.051977,1.372421,-0.3553414,-2.943413,-0.06866283,-0.03491149,-0.004274646,0.9970198,352.1133,356.004,359.7843,0.4204895,-0.1089943,-0.9007266,0,0,0,1.533874,-0.3451878,-0.8396967,0.3087,-0.2751975,2.069,0.9975258,-0.00372957,0.07020191,0.01331806,0.9905343,-0.1366179,-0.06902787,0.1372149,0.9881332,moving,9.17755279293907,-6.223361985752507,8.48607322893318,-7.576435384569002,0.16145300000000007,0.010153599999999985,2.1037163000000003,0.1585782064785404,-0.10703299063707217,0.9815277693871307,8.198324645624675,-5.8387380790150205,1.5146681396613406,1.5195234812343628,1.7613606027516389
05/10/2023 16:35:37.857369,3180,True,True,True,True,Eyes,1.370772,-0.3551776,-2.93475,0.08892399,0.02676823,0.9956787,0.0,0.0,0.0,0.0,0.0,0.0,0.0,-1.163937,-0.06928563,3.051854,1.372409,-0.3553261,-2.943399,-0.06876691,-0.03487721,-0.004363975,0.9970134,352.101,356.0086,359.7741,0.4205049,-0.108995,-0.9007192,0,0,0,1.533946,-0.347412,-0.8393305,0.3086999,-0.2778563,2.069,0.9975291,-0.003905084,0.07014628,0.01349868,0.9905041,-0.1368186,-0.0689459,0.1374275,0.9881094,moving,9.171145609631338,-6.309623905038301,8.486070519988186,-7.648772042566415,0.16153700000000004,0.00791409999999998,2.1040685,0.15844289041126888,-0.1085130118716103,0.9813872143558918,8.187572733948135,-5.921932857445698,1.4995029273987137,1.5042092981678414,1.7524481446077638
05/10/2023 16:35:37.872825,3181,True,True,True,True,Eyes,1.370891,-0.3551805,-2.934741,0.08867942,0.0253891,0.9957366,0.0,0.0,0.0,0.0,0.0,0.0,0.0,-1.164037,-0.06959918,3.051797,1.372402,-0.3553083,-2.943393,-0.06879876,-0.03486149,-0.004406189,0.9970117,352.0972,356.0108,359.7693,0.4205218,-0.1089955,-0.9007113,0,0,0,1.533959,-0.3498928,-0.8389682,0.3087001,-0.2804933,2.069,0.9975305,-0.003989188,0.07012089,0.0135829,0.9904947,-0.1368791,-0.06890834,0.1374935,0.9881028,moving,9.157321090817625,-6.392856863290627,8.486075937878136,-7.720491379168748,0.16155700000000017,0.0054155000000000175,2.1044248,0.1581810769522421,-0.10994321776372953,0.9812702269364402,8.169832523494978,-6.002148544487173,1.4830156681886055,1.4876772039309105,1.747201188942541
05/10/2023 16:35:37.882925,3182,True,True,True,True,Eyes,1.371004,-0.355186,-2.934735,0.08844862,0.02406127,0.9957901,0.0,0.0,0.0,0.0,0.0,0.0,0.0,-1.164042,-0.06938246,3.051774,1.372381,-0.3553897,-2.943365,-0.06878358,-0.03485698,-0.004390508,0.997013,352.099,356.0112,359.771,0.4205401,-0.1089959,-0.9007027,0,0,0,1.533924,-0.3527002,-0.8385728,0.3087,-0.2831882,2.069,0.9975314,-0.003959611,0.0701097,0.01354996,0.9904991,-0.1368501,-0.06890171,0.1374623,0.9881076,moving,9.14514388857769,-6.468503268114278,8.48607322893318,-7.79376029887996,0.161543,0.002689499999999956,2.1047922,0.15794953722343572,-0.11124284765052328,0.9811610463575451,8.154082529717908,-6.075055627783011,1.475404215013979,1.480094703726124,1.7504752414175742
05/10/2023 16:35:37.902957,3183,True,True,True,True,Eyes,1.37111,-0.3551887,-2.93473,0.08812817,0.022668,0.9958512,0.0,0.0,0.0,0.0,0.0,0.0,0.0,-1.164252,-0.06873509,3.051748,1.372341,-0.3554551,-2.943417,-0.06872582,-0.03481163,-0.004298303,0.9970189,352.106,356.0157,359.781,0.4205594,-0.1089962,-0.9006936,0,0,0,1.534062,-0.3558466,-0.8382438,0.3087001,-0.2860946,2.069,0.9975393,-0.003786062,0.0700065,0.01335589,0.9905166,-0.1367426,-0.06882487,0.1373411,0.9881299,moving,9.122677540565928,-6.544127772362804,8.486075937878136,-7.8727507354892525,0.161721,-0.0003914999999999891,2.1051732000000003,0.15754154943743295,-0.11254520923234676,0.9810781116673073,8.128416785123191,-6.1478637201071855,1.4683767771661551,1.4732618839471712,1.761577499113519
05/10/2023 16:35:37.927351,3184,True,True,True,True,Eyes,1.371211,-0.3551918,-2.934724,0.0878281,0.02132773,0.9959073,0.0,0.0,0.0,0.0,0.0,0.0,0.0,-1.164712,-0.06862998,3.051568,1.372313,-0.3553672,-2.943433,-0.06869443,-0.03473178,-0.004301158,0.9970237,352.1096,356.0249,359.7799,0.4205796,-0.1089965,-0.9006842,0,0,0,1.534336,-0.3583221,-0.8379512,0.3087001,-0.2885438,2.069,0.9975504,-0.003804954,0.06984773,0.01334847,0.9905252,-0.1366812,-0.06866587,0.1372787,0.9881495,moving,9.097868037645846,-6.618321581754561,8.486075937878136,-7.939291981315296,0.16202300000000003,-0.0029548999999999825,2.1054818,0.15709368822669073,-0.11382375954469301,0.9810024068738566,8.100568558331394,-6.219273453072048,1.450747976284855,1.4557652179708893,1.762691032820291
05/10/2023 16:35:37.943351,3185,True,True,True,True,Eyes,1.371335,-0.3551935,-2.934719,0.08748684,0.01991727,0.9959666,0.0,0.0,0.0,0.0,0.0,0.0,0.0,-1.16519,-0.06799957,3.05138,1.372295,-0.3553782,-2.943421,-0.06864754,-0.03464491,-0.004174338,0.9970306,352.1155,356.034,359.7937,0.4206004,-0.1089967,-0.9006745,0,0,0,1.534683,-0.3612562,-0.8375865,0.3087001,-0.2913513,2.069,0.9975646,-0.00356731,0.06965717,0.01308046,0.9905402,-0.1365981,-0.06851094,0.1371766,0.9881745,moving,9.069237412612237,-6.696629067108656,8.486075937878136,-8.01554120672634,0.16238799999999998,-0.00587800000000005,2.1058345,0.1565789423445234,-0.11517395081867406,0.9809271680405669,8.06881920098887,-6.294623993608212,1.4368349459474052,1.442084095205598,1.7707792744680917
05/10/2023 16:35:37.953216,3186,True,True,True,True,Eyes,1.371455,-0.3551969,-2.934714,0.08717023,0.01856546,0.9960204,0.0,0.0,0.0,0.0,0.0,0.0,0.0,-1.165635,-0.06764972,3.051246,1.372287,-0.3553747,-2.943454,-0.06866504,-0.03456203,-0.003996563,0.9970329,352.1142,356.0421,359.8136,0.4206222,-0.1089968,-0.9006643,0,0,0,1.535043,-0.3637806,-0.8372808,0.3087001,-0.2940576,2.069,0.997579,-0.003223003,0.0694678,0.01271581,0.9905382,-0.1366463,-0.0683701,0.1371989,0.9881812,moving,9.042253539782777,-6.779650983958215,8.486075937878136,-8.089014890825762,0.1627559999999999,-0.008405900000000022,2.1061731999999997,0.15609070958302765,-0.11660431233296427,0.9808359124984403,8.03840690236809,-6.3745364491268415,1.417191176326804,1.422591777520117,1.7719604658131778
05/10/2023 16:35:37.973242,3187,True,True,True,True,Eyes,1.37156,-0.3552033,-2.934709,0.08681854,0.0171358,0.9960768,0.0,0.0,0.0,0.0,0.0,0.0,0.0,-1.16641,-0.06739986,3.050957,1.372296,-0.3554186,-2.943446,-0.06868244,-0.0344311,-0.003882003,0.9970368,352.1127,356.0563,359.8258,0.420645,-0.1089968,-0.9006537,0,0,0,1.535605,-0.366272,-0.8369631,0.3087001,-0.2966504,2.069,0.9975988,-0.003011376,0.06919139,0.01247062,0.9905353,-0.1366905,-0.06812488,0.1372251,0.9881945,moving,9.008100961974108,-6.866233778286927,8.486075937878136,-8.15938204035453,0.16330900000000015,-0.010853400000000013,2.1064828999999996,0.15547840510216707,-0.11809792573975207,0.9807545215345507,8.000896324748803,-6.457830927644187,1.3889536597840955,1.3945402659912198,1.7693714833697682
05/10/2023 16:35:37.983162,3188,True,True,True,True,Eyes,1.37166,-0.3552045,-2.934704,0.08648407,0.01576269,0.9961286,0.0,0.0,0.0,0.0,0.0,0.0,0.0,-1.166736,-0.0672085,3.050832,1.372289,-0.3554617,-2.943439,-0.06869123,-0.03437303,-0.0038064,0.9970384,352.112,356.0624,359.8341,0.4206682,-0.1089969,-0.9006428,0,0,0,1.535833,-0.3688551,-0.8366165,0.3087001,-0.299285,2.069,0.997608,-0.002868003,0.06906538,0.01231251,0.9905341,-0.1367139,-0.06801952,0.1372373,0.9882001,moving,8.983443159750543,-6.94802087310824,8.486075937878136,-8.23085824224534,0.1635439999999999,-0.0133934,2.1068225000000003,0.15503000479795298,-0.11950631531524397,0.9806549253992869,7.9727914578873005,-6.536569373732858,1.3701536265178031,1.3758800343953224,1.770332095219642
05/10/2023 16:35:38.003226,3189,True,True,True,True,Eyes,1.37176,-0.3552067,-2.934699,0.08612873,0.01434671,0.9961807,0.0,0.0,0.0,0.0,0.0,0.0,0.0,-1.167057,-0.0675703,3.050667,1.372284,-0.355336,-2.943421,-0.0686948,-0.03432385,-0.003895315,0.9970396,352.1112,356.0688,359.8235,0.4206917,-0.1089969,-0.9006318,0,0,0,1.535973,-0.3714271,-0.8362445,0.3087,-0.3019791,2.069,0.9976134,-0.003051826,0.06897966,0.01248331,0.9905317,-0.1367155,-0.0679093,0.1372503,0.9882057,moving,8.959606044798607,-7.029392003089273,8.48607322893318,-8.303921999355305,0.16368899999999997,-0.016091100000000025,2.1071765,0.1545955722021224,-0.12090723519039374,0.9805516930819302,7.945499656600832,-6.614912621344029,1.3537698529633688,1.3596543822175293,1.7734070221227256
05/10/2023 16:35:38.027867,3190,True,True,True,True,Eyes,1.371854,-0.3552116,-2.934695,0.08578639,0.01298735,0.9962289,0.0,0.0,0.0,0.0,0.0,0.0,0.0,-1.16726,-0.06799015,3.050584,1.372263,-0.3553542,-2.943433,-0.0687422,-0.03428961,-0.003956697,0.9970373,352.1056,356.0732,359.8163,0.4207154,-0.1089968,-0.9006208,0,0,0,1.536044,-0.3738835,-0.8359042,0.3087001,-0.3046113,2.069,0.9976171,-0.003175664,0.06892001,0.01260424,0.9905177,-0.1368057,-0.06783205,0.1373484,0.9881974,moving,8.938139496844423,-7.112924370030744,8.486075937878136,-8.375280778029294,0.16378099999999995,-0.01852929999999997,2.1075288000000003,0.15420082871876645,-0.1223443070075209,0.9804356032548798,7.920377999871597,-6.695359413177168,1.3348779727627007,1.3408598592546008,1.7726110541095812
05/10/2023 16:35:38.043106,3191,True,True,True,True,Eyes,1.371966,-0.3552154,-2.934692,0.08541442,0.01155425,0.9962785,0.0,0.0,0.0,0.0,0.0,0.0,0.0,-1.167177,-0.06805596,3.050642,1.37223,-0.3554227,-2.94347,-0.06874692,-0.03429913,-0.003995774,0.9970365,352.1049,356.0724,359.8119,0.4207391,-0.1089968,-0.9006097,0,0,0,1.535924,-0.3765844,-0.8355728,0.3087001,-0.3072709,2.069,0.9976152,-0.003251946,0.06894434,0.01268378,0.9905158,-0.1368122,-0.06784555,0.1373605,0.9881949,moving,8.919883424810832,-7.1961548112131535,8.486075937878136,-8.447355798968035,0.163694,-0.021161700000000006,2.1078972,0.15386091564978255,-0.12377503883981261,0.9803094061544358,7.898366691167466,-6.775539138175716,1.3182175615731466,1.324270685123571,1.7721097894803248
05/10/2023 16:35:38.053093,3192,True,True,True,True,Eyes,1.372072,-0.3552208,-2.934689,0.08505338,0.01018296,0.9963244,0.0,0.0,0.0,0.0,0.0,0.0,0.0,-1.166943,-0.06809407,3.05072,1.372207,-0.3554161,-2.94347,-0.06874552,-0.03433442,-0.00400954,0.9970352,352.1049,356.0685,359.8106,0.4207633,-0.1089968,-0.9005983,0,0,0,1.535711,-0.3794497,-0.835166,0.3087001,-0.3101595,2.069,0.9976102,-0.003274628,0.06901653,0.01271598,0.9905159,-0.1368081,-0.06791397,0.1373587,0.9881904,moving,8.904988017908783,-7.275456679614602,8.486075937878136,-8.525606204356563,0.1635040000000001,-0.02403359999999999,2.108304,0.1535796139303472,-0.12513729406217647,0.9801806159983721,7.879802893674226,-6.851953197039425,1.3122852889266543,1.3184692506873854,1.7800790412310286
05/10/2023 16:35:38.076694,3193,True,True,True,True,Eyes,1.372225,-0.3552231,-2.934684,0.08467142,0.008740918,0.9963706,0.0,0.0,0.0,0.0,0.0,0.0,0.0,-1.16661,-0.06829441,3.050854,1.372193,-0.355459,-2.943483,-0.06879836,-0.03438481,-0.003975951,0.9970301,352.099,356.0624,359.8151,0.4207878,-0.1089967,-0.9005869,0,0,0,1.535464,-0.3818182,-0.8348063,0.3087,-0.3127506,2.069,0.9976037,-0.003197048,0.06911243,0.01265952,0.9905019,-0.1369146,-0.06801828,0.1374615,0.988169,moving,8.890549206219289,-7.365781845186846,8.48607322893318,-8.595770275043375,0.16327099999999994,-0.02635919999999997,2.1086767,0.15330217884517855,-0.12668788422812666,0.9800248198427326,7.861094345221636,-6.939008257688106,1.2886658470860357,1.294786605500104,1.770722730197031
05/10/2023 16:35:38.093057,3194,True,True,True,True,Eyes,1.372372,-0.3552243,-2.93468,0.08430542,0.007359096,0.9964128,0.0,0.0,0.0,0.0,0.0,0.0,0.0,-1.166602,-0.06800932,3.05087,1.372205,-0.3554551,-2.943484,-0.0687575,-0.03438747,-0.00395896,0.9970329,352.1038,356.062,359.8169,0.4208138,-0.1089966,-0.9005748,0,0,0,1.535439,-0.3845056,-0.83446,0.3087002,-0.315302,2.069,0.9976037,-0.003165631,0.06911528,0.01262322,0.9905135,-0.1368347,-0.06802645,0.1373792,0.9881799,moving,8.871317826561645,-7.441516566073761,8.486078646823053,-8.664833942621868,0.1632340000000001,-0.02905049999999998,2.1090240000000002,0.1529474376522329,-0.12799030910771775,0.9799110113828094,7.838540689295947,-7.011947188353337,1.2762686852418488,1.2825422524697605,1.775201405157944
05/10/2023 16:35:38.103346,3195,True,True,True,True,Eyes,1.372527,-0.3552254,-2.934675,0.08395009,0.005883414,0.9964526,0.0,0.0,0.0,0.0,0.0,0.0,0.0,-1.166646,-0.06816077,3.050853,1.372203,-0.3554286,-2.943492,-0.06878772,-0.03437865,-0.003936549,0.9970312,352.1004,356.0628,359.8195,0.4208409,-0.1089963,-0.9005622,0,0,0,1.535448,-0.3869846,-0.8341045,0.3087001,-0.3179704,2.069,0.9976052,-0.003120064,0.06909473,0.01257938,0.9905055,-0.1368963,-0.0680116,0.1374377,0.9881727,moving,8.851647350601684,-7.530945973217991,8.486075937878136,-8.737037536878066,0.16324499999999986,-0.03155600000000003,2.1093875,0.1525803066141155,-0.1295270715532766,0.9797663006995284,7.8148372672118676,-7.098098249431833,1.2539498254982413,1.260277476483928,1.771068417914053
05/10/2023 16:35:38.123438,3196,True,True,True,True,Eyes,1.372675,-0.3552276,-2.934668,0.08361442,0.004466048,0.9964882,0.0,0.0,0.0,0.0,0.0,0.0,0.0,-1.166546,-0.06843203,3.050864,1.372201,-0.3554296,-2.94347,-0.06884225,-0.03439363,-0.003914487,0.9970269,352.0942,356.0609,359.8224,0.4208694,-0.1089958,-0.9005489,0,0,0,1.535356,-0.3894993,-0.8336934,0.3087,-0.3207514,2.069,0.9976035,-0.003070227,0.06912172,0.01254117,0.9904909,-0.1370059,-0.06804379,0.1375444,0.9881556,moving,8.835844954940187,-7.619802020973632,8.48607322893318,-8.812258193351779,0.16315499999999994,-0.03406969999999998,2.1097766,0.1522792886535755,-0.13105252509648352,0.9796102814226234,7.79489240779548,-7.183725284639431,1.2363291109161099,1.2426954507668655,1.7691383106664342
05/10/2023 16:35:38.143144,3197,True,True,True,True,Eyes,1.372829,-0.3552305,-2.934663,0.08345264,0.002926067,0.9965075,0.0,0.0,0.0,0.0,0.0,0.0,0.0,-1.166949,-0.06825706,3.050675,1.372188,-0.3554609,-2.943433,-0.06883189,-0.03432468,-0.003888571,0.9970301,352.0955,356.0686,359.8248,0.4208987,-0.1089953,-0.9005352,0,0,0,1.53561,-0.3921441,-0.8333234,0.3087,-0.3233548,2.069,0.9976134,-0.00302878,0.06898078,0.01247931,0.9904941,-0.136988,-0.06791015,0.1375219,0.988168,moving,8.820411446747674,-7.708200767586479,8.48607322893318,-8.882647381938575,0.16342199999999996,-0.03668319999999997,2.1101096000000004,0.15198447641374493,-0.1325698495707711,0.979451916360028,7.775327352075889,-7.268913812876458,1.2147458322968563,1.2211088787878306,1.7633195210703017
05/10/2023 16:35:38.157880,3198,True,True,True,True,Eyes,1.372975,-0.3552333,-2.934657,0.08329727,0.00144214,0.9965237,0.0,0.0,0.0,0.0,0.0,0.0,0.0,-1.166923,-0.06806979,3.050701,1.372162,-0.3554784,-2.943455,-0.0687839,-0.03432699,-0.003934515,0.9970332,352.1009,356.0688,359.8193,0.4209291,-0.1089947,-0.9005211,0,0,0,1.535523,-0.3950714,-0.8329756,0.3086999,-0.3260665,2.069,0.9976123,-0.003123395,0.06899155,0.01256797,0.9905066,-0.1368895,-0.06790902,0.1374298,0.9881808,moving,8.813936562433218,-7.788091674389481,8.486070519988186,-8.955935990471502,0.16336099999999987,-0.03959299999999999,2.1104794,0.15184558877621895,-0.13393831386044158,0.9792872126543614,7.764848195055425,-7.345960014401514,1.2066522820374812,1.2129948426904595,1.7641383974915148
05/10/2023 16:35:38.173380,3199,True,True,True,True,Eyes,1.373125,-0.3552355,-2.934654,0.08323689,-0.0001252085,0.9965298,0.0,0.0,0.0,0.0,0.0,0.0,0.0,-1.166916,-0.0677219,3.050687,1.372125,-0.3554772,-2.943446,-0.06871737,-0.03432352,-0.003955974,0.9970378,352.1084,356.0693,359.8166,0.4209601,-0.1089941,-0.9005067,0,0,0,1.53546,-0.3979364,-0.8326184,0.3087,-0.3286664,2.069,0.9976125,-0.003171267,0.06898738,0.01260575,0.9905246,-0.136756,-0.06789999,0.1372992,0.9881997,moving,8.812207739768436,-7.870985662412148,8.48607322893318,-9.026175269740937,0.163335,-0.04245920000000003,2.1108276,0.1517865262779004,-0.13535622447266593,0.9791014149510123,7.758784075331956,-7.4259401199195265,1.1941559726984305,1.200344428919547,1.7577548315023734
05/10/2023 16:35:38.192909,3200,True,True,True,True,Eyes,1.373272,-0.3552388,-2.934652,0.08317615,-0.001628715,0.9965335,0.0,0.0,0.0,0.0,0.0,0.0,0.0,-1.16623,-0.06748828,3.051013,1.372126,-0.3554561,-2.943509,-0.06869356,-0.03443313,-0.00390241,0.9970359,352.1113,356.0563,359.8235,0.4209919,-0.1089934,-0.9004919,0,0,0,1.534986,-0.4006525,-0.8322799,0.3087001,-0.3313591,2.069,0.9975982,-0.003051018,0.06919826,0.01251235,0.9905319,-0.1367111,-0.06812596,0.1372486,0.9881911,moving,8.822965861361816,-7.956244992954321,8.486075937878136,-9.098892817479118,0.16286,-0.045196400000000025,2.1112291,0.1519397325474642,-0.13680976683430077,0.9788755521698216,7.764629666095466,-7.508297282195723,1.1854357573745216,1.1912761524667952,1.7465620172019616
05/10/2023 16:35:38.210518,3201,True,True,True,True,Eyes,1.37344,-0.3552402,-2.934648,0.08317137,-0.003193253,0.9965302,0.0,0.0,0.0,0.0,0.0,0.0,0.0,-1.166118,-0.06756726,3.051114,1.372211,-0.3554867,-2.943528,-0.06870861,-0.03446515,-0.00390627,0.9970338,352.1096,356.0526,359.8234,0.4210242,-0.1089927,-0.9004769,0,0,0,1.534901,-0.4033037,-0.8319167,0.3087001,-0.3340688,2.069,0.9975938,-0.003053259,0.06926262,0.01252547,0.9905277,-0.1367403,-0.06818905,0.1372789,0.9881825,moving,8.828652374821653,-8.04865876632003,8.486075937878136,-9.172039627493662,0.16269,-0.047817,2.1116113000000003,0.15200326626589603,-0.1383870850794742,0.978644028690792,7.765207555200355,-7.597520147713155,1.1689503066182394,1.174454415633118,1.7316936268730558
05/10/2023 16:35:38.227882,3202,True,True,True,True,Eyes,1.373602,-0.3552389,-2.934643,0.08316673,-0.004692137,0.9965246,0.0,0.0,0.0,0.0,0.0,0.0,0.0,-1.16639,-0.06802404,3.050985,1.372227,-0.3554665,-2.943508,-0.06876178,-0.03442533,-0.00395537,0.9970313,352.1033,356.0576,359.8176,0.4210576,-0.1089918,-0.9004614,0,0,0,1.535032,-0.4057397,-0.8315365,0.3087001,-0.3367499,2.069,0.9975985,-0.003152959,0.06919022,0.01262155,0.9905124,-0.1368429,-0.0681023,0.1373876,0.9881734,moving,8.826445675040064,-8.140974329564434,8.486075937878136,-9.244384729546974,0.16280499999999987,-0.05027319999999996,2.1119715,0.15193153178225244,-0.13996526005936727,0.9784306491318083,7.758182996268472,-7.6865885128438345,1.1494299338944647,1.154714713150096,1.71946421516116
05/10/2023 16:35:38.243091,3203,True,True,True,True,Eyes,1.373751,-0.3552414,-2.934637,0.08320252,-0.006220135,0.9965132,0.0,0.0,0.0,0.0,0.0,0.0,0.0,-1.166407,-0.06834364,3.050922,1.372223,-0.3554002,-2.943466,-0.06880168,-0.03442251,-0.003963039,0.9970284,352.0987,356.0579,359.8169,0.4210919,-0.1089908,-0.9004455,0,0,0,1.535003,-0.4081378,-0.8311283,0.3087,-0.339404,2.069,0.9975988,-0.003165874,0.06918575,0.01263918,0.9905012,-0.1369216,-0.0680951,0.1374673,0.9881629,moving,8.830550872775442,-8.234045866417702,8.48607322893318,-9.315972005819546,0.16277999999999992,-0.052737599999999996,2.1123377,0.15196696021574022,-0.14155365536793746,0.9781965614551973,7.757201880457401,-7.776434158371058,1.130485375181979,1.1354422126326356,1.7033585137472451
05/10/2023 16:35:38.253742,3204,True,True,True,True,Eyes,1.373895,-0.3552451,-2.934631,0.08323423,-0.00769318,0.9965003,0.0,0.0,0.0,0.0,0.0,0.0,0.0,-1.166405,-0.0688507,3.050885,1.372201,-0.3554687,-2.943441,-0.06885653,-0.03442383,-0.004060569,0.9970242,352.092,356.0585,359.8058,0.4211265,-0.1089898,-0.9004295,0,0,0,1.534901,-0.410791,-0.830711,0.3087,-0.3422014,2.069,0.997597,-0.003356361,0.06920197,0.01283758,0.9904847,-0.1370237,-0.06808358,0.1375828,0.9881476,moving,8.835642314652583,-8.324441352455635,8.48607322893318,-9.391392662373285,0.16270000000000007,-0.05532229999999999,2.11273,0.1520198339153854,-0.14309560557133905,0.9779640012417663,7.757313303849262,-7.863704861875543,1.1180771623833752,1.122757161378047,1.6926077644268165
05/10/2023 16:35:38.277808,3205,True,True,True,True,Eyes,1.374039,-0.355245,-2.934626,0.08327828,-0.009191128,0.9964839,0.0,0.0,0.0,0.0,0.0,0.0,0.0,-1.165998,-0.06756535,3.051069,1.372216,-0.3555004,-2.94343,-0.06874968,-0.03448236,-0.003817452,0.9970306,352.1052,356.0499,359.8339,0.4211613,-0.1089888,-0.9004133,0,0,0,1.534734,-0.4138059,-0.8303322,0.3087001,-0.3448756,2.069,0.9975928,-0.002870932,0.06928483,0.01235354,0.9905178,-0.1368278,-0.06823502,0.1373543,0.9881689,moving,8.844735328579919,-8.402316690722351,8.486075937878136,-9.4634610395448,0.16251799999999994,-0.05830550000000001,2.1130978000000002,0.15214540978998942,-0.14442187533975903,0.9777494607086543,7.761945774824811,-7.938923828378782,1.1156786772906577,1.1201178007586492,1.6877731486409815
05/10/2023 16:35:38.292780,3206,True,True,True,True,Eyes,1.374179,-0.3552463,-2.93462,0.08332393,-0.01059846,0.9964662,0.0,0.0,0.0,0.0,0.0,0.0,0.0,-1.165366,-0.06859156,3.051304,1.372241,-0.355399,-2.943448,-0.06886794,-0.03459269,-0.003893455,0.9970183,352.0913,356.0377,359.8265,0.4211963,-0.1089877,-0.9003971,0,0,0,1.534231,-0.4158396,-0.8299388,0.3087001,-0.3475048,2.069,0.9975764,-0.002999037,0.06951536,0.01252835,0.9904841,-0.1370558,-0.06844281,0.1375946,0.9881211,moving,8.86315379822726,-8.496651269586266,8.486075937878136,-9.534287240528013,0.16198999999999986,-0.060440599999999955,2.1135092,0.15242346743480245,-0.1460251767882084,0.9774680694153547,7.774693106865607,-8.03009662378433,1.1001293886020038,1.1040272283588368,1.6639275656587764
05/10/2023 16:35:38.302878,3207,True,True,True,True,Eyes,1.374318,-0.3552499,-2.934612,0.08338441,-0.01203637,0.9964448,0.0,0.0,0.0,0.0,0.0,0.0,0.0,-1.165732,-0.07107005,3.051108,1.372281,-0.3554404,-2.943424,-0.06926186,-0.0345402,-0.00395401,0.9969926,352.0459,356.0441,359.8207,0.4212315,-0.1089866,-0.9003807,0,0,0,1.534432,-0.4170774,-0.8294906,0.3087,-0.3503613,2.069,0.9975827,-0.003099601,0.06942035,0.01266887,0.9903743,-0.1378339,-0.06832492,0.1383802,0.9880195,moving,8.864342344095679,-8.624585609016718,8.48607322893318,-9.61120319266321,0.16215099999999993,-0.061637,2.1139333999999996,0.1523937121300145,-0.1482080620724664,0.9771441041733934,7.769051251466237,-8.153563009436333,1.0532941550211206,1.0566464781781382,1.624449266652636
05/10/2023 16:35:38.323546,3208,True,True,True,True,Eyes,1.37445,-0.3552526,-2.934601,0.08344629,-0.01342854,0.9964218,0.0,0.0,0.0,0.0,0.0,0.0,0.0,-1.165835,-0.07297114,3.050956,1.372278,-0.3554904,-2.943349,-0.06949977,-0.03453184,-0.004161695,0.9969755,352.0177,356.0466,359.7976,0.4212667,-0.1089855,-0.9003643,0,0,0,1.534346,-0.4186005,-0.8290527,0.3087,-0.3527651,2.069,0.9975805,-0.003498306,0.06943326,0.01309813,0.9903049,-0.1382917,-0.06827632,0.1388665,0.9879547,moving,8.871624834354204,-8.72991597146682,8.48607322893318,-9.675902380704246,0.16206799999999988,-0.0631101,2.1142963,0.15247618115262163,-0.15000221959098872,0.9768573902138562,7.770482105168494,-8.255262536171276,1.018692256533557,1.0215382160764461,1.590687972006284
05/10/2023 16:35:38.343030,3209,True,True,True,True,Eyes,1.374588,-0.3552552,-2.934592,0.08353522,-0.0148745,0.9963938,0.0,0.0,0.0,0.0,0.0,0.0,0.0,-1.166365,-0.07286629,3.050678,1.372256,-0.3554666,-2.943283,-0.06938143,-0.03445371,-0.004400836,0.9969854,352.0304,356.0576,359.7689,0.4213019,-0.1089845,-0.900348,0,0,0,1.534516,-0.4218583,-0.8286503,0.3087001,-0.3554569,2.069,0.9975871,-0.003994242,0.06931036,0.01355603,0.9903337,-0.1380413,-0.06808902,0.1386478,0.9879984,moving,8.87186378573646,-8.79673008289036,8.486075937878136,-9.748323632823322,0.16226000000000007,-0.0663917,2.1146327,0.15245348495261402,-0.15114178995699998,0.9766852526088102,7.767167669397203,-8.319740355858565,1.0239731201413345,1.026821575459522,1.5992746098508583
05/10/2023 16:35:38.352919,3210,True,True,True,True,Eyes,1.37472,-0.3552561,-2.934581,0.08361322,-0.01627338,0.9963654,0.0,0.0,0.0,0.0,0.0,0.0,0.0,-1.166342,-0.07022437,3.050759,1.372211,-0.355459,-2.943315,-0.06899968,-0.0344456,-0.004263309,0.9970127,352.0748,356.0576,359.7832,0.4213371,-0.1089835,-0.9003316,0,0,0,1.534526,-0.4261815,-0.8283531,0.3087,-0.3582653,2.069,0.9975907,-0.003747676,0.06927375,0.01325462,0.9904417,-0.1372934,-0.06809707,0.1378808,0.9881051,moving,8.875200554414686,-8.835635935917086,8.48607322893318,-9.823848422337758,0.162315,-0.07072249999999997,2.1149619,0.15249470982735125,-0.15180398304082302,0.9765761199108679,7.768319619574777,-8.357309982428607,1.0589812781383716,1.0620659083852173,1.6327600066997536
05/10/2023 16:35:38.373002,3211,True,True,True,True,Eyes,1.374831,-0.3552604,-2.934572,0.08368155,-0.01768308,0.9963356,0.0,0.0,0.0,0.0,0.0,0.0,0.0,-1.165665,-0.06904286,3.051009,1.37221,-0.3554217,-2.943282,-0.06884808,-0.03455201,-0.004138975,0.9970201,352.0926,356.0444,359.7978,0.4213722,-0.1089824,-0.9003153,0,0,0,1.534096,-0.4292852,-0.827955,0.3087001,-0.3608539,2.069,0.9975781,-0.003495604,0.06946801,0.01301096,0.9904856,-0.1369998,-0.06832818,0.1375719,0.9881322,moving,8.891987900656519,-8.901708144028053,8.486075937878136,-9.893431733072935,0.16188599999999997,-0.07386349999999997,2.1153269999999997,0.1527541425841189,-0.15292384137628623,0.9763607896767257,7.7809942639607,-8.421197080852183,1.0687287427876249,1.0715783679202666,1.6323648605914587
05/10/2023 16:35:38.393017,3212,True,True,True,True,Eyes,1.374936,-0.3552618,-2.934562,0.08375072,-0.01904692,0.9963047,0.0,0.0,0.0,0.0,0.0,0.0,0.0,-1.165316,-0.06795812,3.051173,1.372216,-0.3554586,-2.943282,-0.06869595,-0.03460855,-0.004084226,0.9970289,352.1103,356.0374,359.804,0.4214068,-0.1089815,-0.9002993,0,0,0,1.533855,-0.4324784,-0.827609,0.3087,-0.36342,2.069,0.9975711,-0.003389248,0.06957258,0.01289912,0.9905284,-0.136701,-0.0684503,0.1372664,0.9881662,moving,8.903643824988848,-8.964055227450578,8.48607322893318,-9.962381147386457,0.16163899999999987,-0.07701979999999997,2.115673,0.15292733918931267,-0.15398202362104713,0.9761673979569995,7.788920759216259,-8.481450583100134,1.079423637135382,1.0821367035204503,1.636819141588285
05/10/2023 16:35:38.403876,3213,True,True,True,True,Eyes,1.375021,-0.3552671,-2.934555,0.08382009,-0.02048232,0.9962704,0.0,0.0,0.0,0.0,0.0,0.0,0.0,-1.165523,-0.06708068,3.051079,1.372179,-0.355391,-2.943271,-0.06855895,-0.0345676,-0.004040947,0.99704,352.1262,356.0419,359.8081,0.4214406,-0.1089806,-0.9002835,0,0,0,1.533974,-0.4357316,-0.8272532,0.3087,-0.3662061,2.069,0.9975775,-0.003318133,0.06948464,0.0127978,0.9905667,-0.1364326,-0.06837647,0.1369914,0.9882095,moving,8.90429974363237,-9.032014117935688,8.48607322893318,-10.037208820522817,0.1617949999999999,-0.08034059999999998,2.1160178000000003,0.15291047181672157,-0.1551401647038354,0.9759866596121101,7.785947471095366,-8.547036276476843,1.0860121322809921,1.0887285280117627,1.6464477786484524
05/10/2023 16:35:38.426647,3214,True,True,True,True,Eyes,1.375107,-0.3552687,-2.934549,0.08388573,-0.0218539,0.9962357,0.0,0.0,0.0,0.0,0.0,0.0,0.0,-1.165255,-0.06668893,3.051223,1.372172,-0.3554451,-2.943302,-0.06854775,-0.03460493,-0.003930436,0.9970397,352.1279,356.0367,359.8211,0.4214733,-0.1089798,-0.9002683,0,0,0,1.533826,-0.4383995,-0.8269157,0.3087,-0.3688509,2.069,0.9975741,-0.00309342,0.06954384,0.01258178,0.9905715,-0.1364176,-0.06846614,0.1369617,0.9882074,moving,8.913373703773898,-9.111825020926483,8.48607322893318,-10.108209541216622,0.16165399999999996,-0.08295439999999998,2.1163863000000003,0.15303188077273422,-0.1564965458102816,0.9757510200937239,7.7904588885337365,-8.624122930176277,1.0816622216177447,1.0841438133720607,1.6390217752179403
05/10/2023 16:35:38.443284,3215,True,True,True,True,Eyes,1.375159,-0.3552735,-2.934546,0.08388214,-0.02331586,0.9962028,0.0,0.0,0.0,0.0,0.0,0.0,0.0,-1.165299,-0.06728867,3.051246,1.372274,-0.355359,-2.943321,-0.06862888,-0.03461397,-0.003938258,0.997034,352.1186,356.0357,359.8206,0.4215049,-0.1089791,-0.9002536,0,0,0,1.533853,-0.4405808,-0.8265578,0.3087001,-0.371483,2.069,0.9975727,-0.003102115,0.06956316,0.01260419,0.9905492,-0.136578,-0.06848206,0.1371233,0.9881839,moving,8.916751015432753,-9.205877081521729,8.486075937878136,-10.178838194347339,0.16157899999999992,-0.08522180000000001,2.1167632000000003,0.15304986009669166,-0.15809759229852605,0.9754900066633956,7.788724199054853,-8.714909279066722,1.0618155144497745,1.064018021227801,1.6215385646461016
05/10/2023 16:35:38.460664,3216,True,True,True,True,Eyes,1.375207,-0.3552788,-2.934545,0.08387752,-0.02471676,0.9961694,0.0,0.0,0.0,0.0,0.0,0.0,0.0,-1.165371,-0.06795788,3.051254,1.37229,-0.355371,-2.943363,-0.0687222,-0.03460577,-0.003982894,0.9970276,352.1077,356.037,359.8157,0.4215348,-0.1089785,-0.9002397,0,0,0,1.533848,-0.4429697,-0.8262067,0.3087,-0.3742597,2.069,0.9975731,-0.003185742,0.06955323,0.01269848,0.9905227,-0.1367602,-0.06845839,0.1373115,0.9881594,moving,8.918422843052698,-9.297272134741583,8.48607322893318,-10.253313105857842,0.1615580000000001,-0.08759870000000003,2.1171563000000004,0.1530395011198273,-0.15965369473337077,0.9752381447306016,7.785486689606861,-8.80311869496746,1.0472553796620336,1.0492571311562366,1.6105543543956942
05/10/2023 16:35:38.476392,3217,True,True,True,True,Eyes,1.375235,-0.3552841,-2.934544,0.08379699,-0.02614056,0.9961399,0.0,0.0,0.0,0.0,0.0,0.0,0.0,-1.165217,-0.06811786,3.051309,1.37222,-0.3553896,-2.943394,-0.06875341,-0.03461871,-0.003976941,0.9970251,352.1041,356.0354,359.8167,0.4215629,-0.1089781,-0.9002266,0,0,0,1.533693,-0.445412,-0.8258741,0.3087002,-0.3768433,2.069,0.9975715,-0.003169912,0.06957828,0.01269053,0.9905143,-0.1368224,-0.06848457,0.1373731,0.988149,moving,8.917456632526108,-9.383547255157383,8.486078646823053,-10.322577376095124,0.16147299999999998,-0.09002239999999995,2.1175199,0.1529860472346679,-0.16112337261485543,0.975004868157544,7.779978210884174,-8.88636738378426,1.03153627157331,1.0333753115773439,1.600399002638607
05/10/2023 16:35:38.493163,3218,True,True,True,True,Eyes,1.375263,-0.355292,-2.934545,0.08370725,-0.02749162,0.9961111,0.0,0.0,0.0,0.0,0.0,0.0,0.0,-1.164723,-0.06925905,3.051473,1.372207,-0.3553528,-2.943405,-0.06893629,-0.03469622,-0.003972315,0.9970098,352.0832,356.0263,359.8185,0.4215888,-0.1089778,-0.9002145,0,0,0,1.533321,-0.4472812,-0.8254561,0.3087,-0.379555,2.069,0.9975607,-0.003137216,0.06973259,0.01270453,0.990464,-0.1371846,-0.06863726,0.1377359,0.988088,moving,8.923791425965906,-9.483190594283965,8.48607322893318,-10.395243109263706,0.16111399999999998,-0.09192839999999997,2.1179489,0.15305072516126295,-0.16281711758026463,0.9747133312756435,7.780797371038469,-8.982571728358689,1.0101274676470202,1.0116506363831599,1.578940931813856
05/10/2023 16:35:38.510839,3219,True,True,True,True,Eyes,1.375289,-0.3553014,-2.934544,0.08354371,-0.02886187,0.996086,0.0,0.0,0.0,0.0,0.0,0.0,0.0,-1.163916,-0.07068375,3.051827,1.372258,-0.3554251,-2.943455,-0.06914291,-0.03483922,-0.004059273,0.99699,352.0591,356.0104,359.8105,0.4216128,-0.1089777,-0.9002032,0,0,0,1.532694,-0.4491866,-0.8250482,0.3087,-0.382255,2.069,0.9975395,-0.003276339,0.07003003,0.01291188,0.9904056,-0.1375867,-0.06890736,0.1381524,0.988011,moving,8.934531914621807,-9.585540864070454,8.48607322893318,-10.467561737882592,0.16043600000000002,-0.0937615,2.1184068000000003,0.15318865877826582,-0.1645544646991719,0.9743997851938117,7.78571922749205,-9.081421614375506,0.9883224613574695,0.9894827005106754,1.5530229133309148
05/10/2023 16:35:38.523042,3220,True,True,True,True,Eyes,1.375313,-0.3553087,-2.934545,0.08338652,-0.03018601,0.99606,0.0,0.0,0.0,0.0,0.0,0.0,0.0,-1.163491,-0.07100487,3.051946,1.372281,-0.355454,-2.943403,-0.0691723,-0.03491614,-0.004125354,0.996985,352.0554,356.0021,359.8036,0.4216351,-0.108978,-0.9001927,0,0,0,1.532326,-0.4517838,-0.8245955,0.3087,-0.3849466,2.069,0.9975277,-0.003395373,0.07019246,0.01305629,0.9903963,-0.1376394,-0.06905101,0.1382156,0.9879921,moving,8.937190631796323,-9.66494825619207,8.48607322893318,-10.539621819568435,0.160045,-0.09632980000000002,2.1188075,0.15319874953297993,-0.16590449710763588,0.9741693238336053,7.784068895626284,-9.158070334297706,0.9831062310304752,0.9841548423065839,1.5496756403955683
05/10/2023 16:35:38.543127,3221,True,True,True,True,Eyes,1.375322,-0.3553216,-2.934545,0.08318574,-0.03153641,0.9960349,0.0,0.0,0.0,0.0,0.0,0.0,0.0,-1.163564,-0.0707069,3.051931,1.372255,-0.3554094,-2.943428,-0.06907404,-0.03490457,-0.004223788,0.9969919,352.0663,356.0042,359.7917,0.4216558,-0.1089783,-0.900183,0,0,0,1.532264,-0.4548528,-0.824273,0.3086999,-0.3876233,2.069,0.9975276,-0.003600167,0.07018265,0.01324417,0.9904219,-0.1374377,-0.06901564,0.1380274,0.9880209,moving,8.927109290485765,-9.730565723999971,8.486070519988186,-10.611249567038946,0.16000900000000007,-0.09944340000000002,2.119155,0.1529979702175203,-0.1670252957045082,0.9740092947283336,7.77087101350954,-9.221315293365835,0.9837939195771194,0.9849463074055937,1.56314670431105
05/10/2023 16:35:38.553062,3222,True,True,True,True,Eyes,1.375332,-0.3553318,-2.934546,0.08299302,-0.03285366,0.9960084,0.0,0.0,0.0,0.0,0.0,0.0,0.0,-1.16349,-0.06952575,3.05198,1.37225,-0.3555128,-2.943411,-0.06890988,-0.03491548,-0.004189312,0.997003,352.0853,356.0028,359.7951,0.4216746,-0.1089791,-0.9001741,0,0,0,1.532196,-0.4582188,-0.8239285,0.3086999,-0.3902323,2.069,0.9975267,-0.00354147,0.07019903,0.01316555,0.9904678,-0.1371141,-0.06904429,0.1376992,0.9880646,moving,8.918345923055748,-9.788500142956694,8.486070519988186,-10.681033408210897,0.15994599999999992,-0.10270599999999996,2.1194825,0.15282293158255866,-0.1680146808915426,0.9738666006194594,7.759351039538997,-9.27715603793808,0.9904152454277928,0.991704418505107,1.5808203168065806
05/10/2023 16:35:38.573224,3223,True,True,True,True,Eyes,1.375353,-0.3553397,-2.934548,0.08278849,-0.0341985,0.9959801,0.0,0.0,0.0,0.0,0.0,0.0,0.0,-1.163527,-0.0679988,3.052052,1.372275,-0.3554567,-2.943459,-0.06864703,-0.03491445,-0.004187988,0.9970211,352.1154,356.003,359.7942,0.4216917,-0.10898,-0.900166,0,0,0,1.532191,-0.4619136,-0.8236676,0.3087,-0.3928958,2.069,0.9975268,-0.003557478,0.07019586,0.01314457,0.9905401,-0.1365926,-0.06904589,0.1371775,0.9881371,moving,8.907623671145272,-9.836173267684961,8.48607322893318,-10.752241921140515,0.15991600000000017,-0.10645689999999997,2.1197913999999995,0.15261909378992425,-0.16883030324938356,0.9737574502873926,7.746487448808912,-9.323079750407919,1.0068692146882405,1.008407929943573,1.6091897453113249
05/10/2023 16:35:38.592881,3224,True,True,True,True,Eyes,1.375377,-0.3553467,-2.93455,0.08258613,-0.03548717,0.995952,0.0,0.0,0.0,0.0,0.0,0.0,0.0,-1.16351,-0.06816253,3.052051,1.372294,-0.3554147,-2.943451,-0.06873056,-0.03491308,-0.004037789,0.9970161,352.1064,356.0019,359.8119,0.4217076,-0.108981,-0.9001584,0,0,0,1.532258,-0.4640649,-0.8232828,0.3087,-0.3955378,2.069,0.9975295,-0.003252288,0.07017282,0.01285067,0.9905196,-0.136769,-0.06906275,0.1373329,0.9881144,moving,8.896232447734807,-9.922576922311722,8.48607322893318,-10.822842443424413,0.159964,-0.10865020000000003,2.1201682,0.1523862890152717,-0.17030478639516128,0.9735373095357147,7.730924286318471,-9.406373590617962,0.9877826926214551,0.9892970197429425,1.6051896886358745
05/10/2023 16:35:38.603429,3225,True,True,True,True,Eyes,1.375399,-0.3553532,-2.934552,0.08239088,-0.03679974,0.9959205,0.0,0.0,0.0,0.0,0.0,0.0,0.0,-1.163362,-0.06903499,3.052143,1.372368,-0.3553997,-2.943476,-0.06878313,-0.03495834,-0.00424657,0.9970101,352.0996,355.9983,359.7884,0.4217225,-0.1089822,-0.9001513,0,0,0,1.531998,-0.4666213,-0.822906,0.3087,-0.3982629,2.069,0.9975197,-0.003658655,0.07029181,0.01327683,0.9905017,-0.136858,-0.06912345,0.1374518,0.9880936,moving,8.894830602448128,-10.002015295336749,8.48607322893318,-10.895628761694628,0.15962999999999994,-0.11122160000000003,2.12057,0.15232620769611213,-0.17165599606449264,0.9733093371356917,7.725358648338506,-9.483021481483632,0.9812198640265132,0.9826635322728644,1.6044145353475312
05/10/2023 16:35:38.627868,3226,True,True,True,True,Eyes,1.375416,-0.3553581,-2.934554,0.08219721,-0.03805303,0.9958894,0.0,0.0,0.0,0.0,0.0,0.0,0.0,-1.163911,-0.06945872,3.051917,1.372322,-0.3553787,-2.943492,-0.06877387,-0.03486922,-0.004432099,0.997013,352.0999,356.0101,359.7662,0.4217364,-0.1089833,-0.9001446,0,0,0,1.532198,-0.4692434,-0.8226031,0.3087,-0.4007999,2.069,0.997529,-0.004041539,0.07013974,0.0136339,0.990501,-0.1368278,-0.06892049,0.137446,0.9881086,moving,8.877462553912864,-10.07098038038879,8.48607322893318,-10.963359028665995,0.1598759999999999,-0.11386469999999999,2.1208888999999997,0.1519993133984986,-0.1728362123780547,0.973151562642489,7.704960068241027,-9.54944177325648,0.9728339140353278,0.9744358653134154,1.6153327133910405
05/10/2023 16:35:38.643122,3227,True,True,True,True,Eyes,1.375417,-0.3553642,-2.934555,0.08201662,-0.03930388,0.9958556,0.0,0.0,0.0,0.0,0.0,0.0,0.0,-1.163195,-0.06957561,3.052133,1.372226,-0.3553489,-2.943484,-0.06884237,-0.03496438,-0.004298903,0.9970054,352.0926,355.998,359.7826,0.4217494,-0.1089845,-0.9001384,0,0,0,1.53177,-0.4688565,-0.8225512,0.3086999,-0.4008,2.069,0.997518,-0.003757996,0.07031123,0.01338612,0.9904845,-0.1369718,-0.06912745,0.137573,0.9880764,static,8.878603692839398,-10.15338518430638,8.486070519988186,-10.963361697755134,0.15954400000000013,-0.11350759999999999,2.1209328000000003,0.15198060532418062,-0.1742361419386198,0.9729047021359695,7.701688035853904,-9.628971529898687,0.8990767067886263,0.9000801320589409,1.5478543217915004
05/10/2023 16:35:38.658551,3228,True,True,True,True,Eyes,1.375422,-0.3553732,-2.934554,0.08184265,-0.04050309,0.995822,0.0,0.0,0.0,0.0,0.0,0.0,0.0,-1.162356,-0.06966522,3.052415,1.372239,-0.3553475,-2.943442,-0.06893376,-0.03509533,-0.004110587,0.9969953,352.0828,355.9814,359.8058,0.4217611,-0.1089857,-0.9001328,0,0,0,1.531328,-0.4683737,-0.8224488,0.3087,-0.4007999,2.069,0.9975028,-0.003357967,0.07054646,0.01303498,0.9904625,-0.1371647,-0.06941302,0.1377418,0.9880329,static,8.883547524967218,-10.236239064391437,8.48607322893318,-10.963359028665995,0.15908900000000004,-0.11302620000000002,2.1209932,0.15202601037481592,-0.17564163461915547,0.9726449936643884,7.7020573004707735,-9.708963422234877,0.8282135262362127,0.8286671578229634,1.4792529579204696
05/10/2023 16:35:38.672707,3229,True,True,True,True,Eyes,1.375403,-0.3553849,-2.934553,0.08167502,-0.04169894,0.9957863,0.0,0.0,0.0,0.0,0.0,0.0,0.0,-1.162287,-0.06938189,3.05247,1.372323,-0.3554261,-2.943416,-0.06894211,-0.03511602,-0.004009334,0.9969944,352.0822,355.9781,359.8176,0.4217717,-0.1089871,-0.9001276,0,0,0,1.531377,-0.4683688,-0.8224161,0.3087,-0.4008,2.069,0.9975016,-0.003152622,0.07057378,0.01283651,0.9904618,-0.1371882,-0.06946813,0.1377514,0.9880277,static,8.876865554050589,-10.30795222366515,8.48607322893318,-10.963361697755134,0.15905400000000003,-0.11294269999999995,2.1209999,0.1518788162587943,-0.17686291938531679,0.9724465531200901,7.691812409260098,-9.778116482164128,0.7629231932064469,0.7630728799384633,1.4267643360937803
05/10/2023 16:35:38.692791,3230,True,True,True,True,Eyes,1.375387,-0.3553961,-2.934551,0.0815166,-0.04284726,0.9957505,0.0,0.0,0.0,0.0,0.0,0.0,0.0,-1.162366,-0.06908116,3.052425,1.37235,-0.3554472,-2.943379,-0.06890883,-0.03510673,-0.003980601,0.9969971,352.0862,355.979,359.8207,0.4217807,-0.1089887,-0.9001232,0,0,0,1.531458,-0.4685181,-0.8223898,0.3087,-0.4008001,2.069,0.9975033,-0.003098969,0.07055121,0.01277562,0.9904714,-0.1371243,-0.06945401,0.1376833,0.9880382,static,8.867931582594355,-10.37107515716916,8.48607322893318,-10.963364366844228,0.15910800000000003,-0.11307089999999997,2.1209892000000004,0.1516972711345176,-0.1779391722623678,0.972278504812403,7.679852732832117,-9.83896288293339,0.7047567020737446,0.704714346496749,1.3835715324313145
05/10/2023 16:35:38.707934,3231,True,True,True,True,Eyes,1.375369,-0.3554069,-2.93455,0.08134681,-0.04400709,0.9957139,0.0,0.0,0.0,0.0,0.0,0.0,0.0,-1.162805,-0.06955382,3.052258,1.372406,-0.3554462,-2.943365,-0.06892288,-0.03505124,-0.004137061,0.9969975,352.084,355.9867,359.8023,0.4217885,-0.1089906,-0.9001194,0,0,0,1.531667,-0.4685331,-0.8223878,0.3087,-0.4008,2.069,0.9975086,-0.003417614,0.07046225,0.01308094,0.9904651,-0.1371419,-0.06932171,0.1377219,0.9880421,static,8.855515622758636,-10.43776145046928,8.48607322893318,-10.963361697755134,0.15926099999999987,-0.11308689999999999,2.1209772,0.15145480049077625,-0.1790774361484597,0.97210740836157,7.664347987024214,-9.903221599114095,0.6426209469042213,0.6424510115973323,1.3413162945170614
05/10/2023 16:35:38.722808,3232,True,True,True,True,Eyes,1.375353,-0.3554158,-2.934549,0.08118151,-0.04511573,0.9956778,0.0,0.0,0.0,0.0,0.0,0.0,0.0,-1.16304,-0.06998023,3.052152,1.37242,-0.3554279,-2.943352,-0.06892546,-0.03502245,-0.004294266,0.9969977,352.083,355.9912,359.7839,0.421795,-0.1089925,-0.9001161,0,0,0,1.531722,-0.4685783,-0.8223819,0.3086999,-0.4008,2.069,0.99751,-0.003734868,0.07042657,0.01339062,0.9904617,-0.1371363,-0.06924263,0.1377378,0.9880455,static,8.846386796799248,-10.500199238859004,8.486070519988186,-10.963361697755134,0.15930200000000005,-0.11315039999999998,2.1209701,0.1512700321274188,-0.18014183946576584,0.9719395264759083,7.652236854946349,-9.963405356365625,0.587035339787162,0.5868111132772587,1.3019951096844395
05/10/2023 16:35:38.742780,3233,True,True,True,True,Eyes,1.375317,-0.3554268,-2.934548,0.08101349,-0.04626898,0.9956385,0.0,0.0,0.0,0.0,0.0,0.0,0.0,-1.163073,-0.07091355,3.052138,1.372436,-0.3553909,-2.94337,-0.06900381,-0.03502652,-0.004460277,0.9969915,352.0734,355.9921,359.7651,0.4218005,-0.1089946,-0.9001132,0,0,0,1.531634,-0.4682863,-0.8223783,0.3086999,-0.4008,2.069,0.9975065,-0.004059788,0.07045783,0.01372764,0.9904372,-0.1372799,-0.06922673,0.1379048,0.9880233,static,8.841389784665372,-10.573917169489325,8.486070519988186,-10.963361697755134,0.15919799999999995,-0.11289539999999998,2.1209917,0.1511498377838542,-0.1813955700807937,0.9717249613174754,7.643509604595761,-10.03450578236754,0.5273262073702564,0.527180064538593,1.2540662692606979
05/10/2023 16:35:38.757977,3234,True,True,True,True,Eyes,1.375281,-0.3554422,-2.934548,0.08085228,-0.0473774,0.9955994,0.0,0.0,0.0,0.0,0.0,0.0,0.0,-1.163209,-0.07106176,3.052055,1.372411,-0.3554089,-2.943352,-0.06896167,-0.03500827,-0.004628259,0.9969942,352.0775,355.9955,359.7455,0.4218045,-0.1089969,-0.9001111,0,0,0,1.531599,-0.4685619,-0.8223726,0.3087,-0.4008,2.069,0.997506,-0.004400237,0.07044443,0.01405715,0.9904458,-0.1371847,-0.06916774,0.1378328,0.9880374,static,8.833804721763585,-10.631071084693893,8.48607322893318,-10.963361697755134,0.15918799999999989,-0.11315299999999995,2.1209794,0.15099352744550298,-0.18236919143983862,0.9715669339656751,7.633166716021101,-10.089602252311222,0.48091993299090213,0.48097218488669163,1.2210262438908897
05/10/2023 16:35:38.773229,3235,True,True,True,True,Eyes,1.375254,-0.3554546,-2.934547,0.08070762,-0.04854316,0.995555,0.0,0.0,0.0,0.0,0.0,0.0,0.0,-1.163209,-0.07090172,3.052086,1.372376,-0.355527,-2.943382,-0.0689469,-0.0350031,-0.004645311,0.9969953,352.0792,355.9963,359.7434,0.4218071,-0.1089995,-0.9001095,0,0,0,1.531577,-0.4687507,-0.8224074,0.3087,-0.4007999,2.069,0.9975064,-0.004435996,0.0704364,0.01408941,0.9904495,-0.1371543,-0.06915528,0.1378047,0.9880422,static,8.826928973531878,-10.696751594876691,8.48607322893318,-10.963359028665995,0.15920099999999993,-0.11322370000000004,2.1209746000000003,0.1508450205506358,-0.1834870306767611,0.9713795374015008,7.623055112788902,-10.152932303998577,0.43224859517962955,0.43273798351618176,1.1838884005041928
05/10/2023 16:35:38.792858,3236,True,True,True,True,Eyes,1.375229,-0.3554662,-2.934547,0.08056454,-0.0496621,0.9955114,0.0,0.0,0.0,0.0,0.0,0.0,0.0,-1.163147,-0.07084277,3.05207,1.372335,-0.3554714,-2.943365,-0.06891512,-0.03500843,-0.004676792,0.9969972,352.0827,355.9959,359.7397,0.4218089,-0.1090022,-0.9001083,0,0,0,1.531497,-0.4688442,-0.8223959,0.3087,-0.4008,2.069,0.9975051,-0.004500275,0.07045121,0.01415072,0.9904577,-0.1370889,-0.069162,0.1377438,0.9880502,static,8.821425295243285,-10.757580590352763,8.48607322893318,-10.963361697755134,0.15916200000000003,-0.1133728,2.1209691,0.15072200795919258,-0.184521710143504,0.971202621297043,7.614523333070395,-10.211590997677535,0.39230272307456976,0.3934550451350245,1.1509814970161745
05/10/2023 16:35:38.807990,3237,True,True,True,True,Eyes,1.375182,-0.3554791,-2.934547,0.08046605,-0.05080165,0.9954619,0.0,0.0,0.0,0.0,0.0,0.0,0.0,-1.162733,-0.07057977,3.052271,1.372347,-0.355466,-2.943398,-0.06890599,-0.03507383,-0.004587021,0.9969959,352.0841,355.9876,359.7505,0.4218098,-0.109005,-0.9001076,0,0,0,1.53128,-0.4688324,-0.8224114,0.3087,-0.4008,2.069,0.9974976,-0.004312887,0.07056907,0.01398007,0.9904618,-0.1370762,-0.06930479,0.1377197,0.9880436,static,8.823967362987208,-10.823950782711748,8.48607322893318,-10.963361697755134,0.158933,-0.11336639999999998,2.1209866,0.15073261240594749,-0.18564630926705544,0.9709866706653262,7.613452244827514,-10.275657860267156,0.36318604030407386,0.3655240745304696,1.111037330604706
05/10/2023 16:35:38.828755,3238,True,True,True,True,Eyes,1.375137,-0.3554915,-2.934549,0.08037376,-0.05189277,0.9954131,2.11662,1.545258,-0.4653288,-0.8276374,0.9084696,0.2306636,-0.348536,0.3219344,-0.3964629,2.063358,1.372324,-0.3554589,-2.943362,-0.06889578,-0.0350113,-0.004421343,0.9969997,352.0859,355.9936,359.7691,0.4218094,-0.109008,-0.9001074,0,0,0,1.531607,-0.4687948,-0.8224004,0.3086999,-0.4007999,2.069,0.9975093,-0.003991893,0.07042171,0.01364041,0.9904676,-0.1370685,-0.06920327,0.1376877,0.9880552,static,8.810902839868211,-10.888155683661935,8.486070519988186,-10.963359028665995,0.15928299999999984,-0.11333589999999999,2.1209616000000002,0.15047941676656412,-0.18674155863654052,0.9708159330861904,7.597454046270394,-10.337517110591731,0.3298202532434288,0.33342402303739105,1.0868842366054978
05/10/2023 16:35:38.839138,3239,True,True,True,True,Eyes,1.375077,-0.3555055,-2.934552,0.08028057,-0.05300808,0.9953618,2.114699,1.544846,-0.4676017,-0.8296614,0.8740118,0.06972864,-0.4808756,0.3212783,-0.3985978,2.061101,1.37233,-0.355459,-2.943403,-0.06891444,-0.035003,-0.004275827,0.9969993,352.0844,355.9933,359.7859,0.4218079,-0.1090112,-0.9001077,0,0,0,1.531723,-0.4686486,-0.8224411,0.3087,-0.4008,2.069,0.997513,-0.003701568,0.07038525,0.01335041,0.990465,-0.1371159,-0.06920659,0.1377146,0.9880512,static,8.804448156799056,-10.956927124153534,8.48607322893318,-10.963361697755134,0.1593929999999999,-0.1131896,2.1209619,0.1503359101482678,-0.1879108226884608,0.9706124747809959,7.587584289618739,-10.40383311440814,0.3130698367647801,0.3184399447792892,1.0584680484798215
05/10/2023 16:35:38.855036,3240,True,True,True,True,Eyes,1.375016,-0.3555185,-2.934556,0.08019854,-0.05407288,0.9953111,2.1137,1.544532,-0.4698124,-0.8307672,0.8304974,-0.07588478,-0.5518294,0.3205507,-0.4006317,2.059802,1.372339,-0.3554743,-2.943424,-0.0688896,-0.03494819,-0.004065494,0.9970037,352.0881,355.998,359.8096,0.421805,-0.1090145,-0.9001087,0,0,0,1.532072,-0.468674,-0.8224883,0.3086999,-0.4007999,2.069,0.9975242,-0.003291492,0.07024709,0.01292176,0.9904754,-0.1370822,-0.06912681,0.1376505,0.9880657,static,8.792085171234458,-11.018513880118627,8.486070519988186,-10.963359028665995,0.15973300000000012,-0.11319969999999996,2.1209357,0.1500956684810929,-0.18896098683141782,0.9704457242482686,7.5724011514554865,-10.463171147835531,0.30401945491574445,0.3109453720770573,1.0416235553810267
05/10/2023 16:35:38.877745,3241,True,True,True,True,Eyes,1.374957,-0.3555315,-2.934561,0.08012291,-0.05516011,0.9952576,2.113754,1.544317,-0.4721264,-0.8308313,0.7945178,-0.2514851,-0.5527175,0.3200227,-0.4032468,2.059464,1.372266,-0.3554642,-2.94346,-0.06895746,-0.03486154,-0.004006174,0.9970022,352.0805,356.0075,359.816,0.4218007,-0.109018,-0.9001103,0,0,0,1.532396,-0.468353,-0.822538,0.3087,-0.4008,2.069,0.9975373,-0.003180403,0.07006657,0.01279625,0.9904576,-0.1372221,-0.06896156,0.1377808,0.9880591,static,8.778834015560811,-11.090038000299566,8.48607322893318,-10.963361697755134,0.1601300000000001,-0.11288880000000001,2.120922,0.14983531735324804,-0.19017988685467724,0.970247904975545,7.555834759799112,-10.532092075656767,0.31040471945296966,0.3189917927050134,1.0253473052589366
05/10/2023 16:35:38.887417,3242,True,True,True,True,Eyes,1.3749,-0.3555438,-2.934566,0.08005133,-0.05620461,0.9952049,2.115265,1.54423,-0.4744314,-0.8294435,0.7895022,-0.4055175,-0.4606974,0.3197993,-0.4056768,2.060559,1.372259,-0.355464,-2.943449,-0.06895076,-0.03479741,-0.004044184,0.9970049,352.0812,356.0152,359.8111,0.4217953,-0.1090216,-0.9001124,0,0,0,1.53264,-0.468402,-0.8225489,0.3086999,-0.4008,2.069,0.9975456,-0.003265526,0.06994407,0.01286276,0.9904589,-0.137207,-0.06882868,0.1377699,0.9880699,static,8.769479873218268,-11.14923652971439,8.486070519988186,-10.963361697755134,0.1603810000000001,-0.11293799999999998,2.1209001,0.14964706064698707,-0.19118776323114728,0.9700788437206631,7.543678317666166,-10.589148223950259,0.32920641524834293,0.33892523460812857,1.0139717880564816
05/10/2023 16:35:38.908338,3243,True,True,True,True,Eyes,1.374833,-0.3555556,-2.934571,0.07996206,-0.05724978,0.9951526,2.117154,1.544125,-0.4767622,-0.8276796,0.7605008,-0.5534514,-0.3396029,0.3197754,-0.4081949,2.062022,1.372256,-0.3554592,-2.943468,-0.06893679,-0.03478859,-0.004011044,0.9970062,352.0829,356.016,359.8148,0.4217889,-0.1090252,-0.900115,0,0,0,1.532691,-0.4684412,-0.822574,0.3087,-0.4008,2.069,0.9975473,-0.003201644,0.0699219,0.0127945,0.9904633,-0.1371818,-0.06881586,0.1377399,0.9880749,static,8.764469361079414,-11.208679706300602,8.48607322893318,-10.963361697755134,0.1604350000000001,-0.11298200000000003,2.1208940000000003,0.14953219189526223,-0.19219749442080675,0.9698971143176038,7.535695385659207,-10.646473325959201,0.3603610926166012,0.3710597414308074,1.0018164927598088
05/10/2023 16:35:38.923134,3244,True,True,True,True,Eyes,1.374767,-0.3555671,-2.934578,0.07987143,-0.05824912,0.9951018,0.0,0.0,0.0,0.0,0.0,0.0,0.0,-1.163814,-0.06989545,3.051911,1.372243,-0.3554318,-2.943489,-0.06899485,-0.03485579,-0.004100611,0.9969996,352.0759,356.0089,359.8052,0.4217814,-0.109029,-0.900118,0,0,0,1.532348,-0.4682063,-0.8225585,0.3087,-0.4008,2.069,0.9975365,-0.003366875,0.07006826,0.01298635,0.9904458,-0.1372898,-0.06893658,0.1378615,0.9880496,static,8.770131119243896,-11.272313746591495,8.48607322893318,-10.963361697755134,0.16010499999999994,-0.1127745,2.1209305,0.149595820535886,-0.19327266822276312,0.9696735346860347,7.53777628926889,-10.707923392006338,0.4078525591987985,0.41969066409435396,0.9820976600218906
05/10/2023 16:35:38.943371,3245,True,True,True,True,Eyes,1.374704,-0.3555798,-2.934585,0.07972367,-0.05924792,0.9950547,0.0,0.0,0.0,0.0,0.0,0.0,0.0,-1.163531,-0.07048509,3.052029,1.372235,-0.3554357,-2.943517,-0.06905442,-0.03490426,-0.004188557,0.9969934,352.0687,356.004,359.7957,0.4217729,-0.1090328,-0.9001215,0,0,0,1.532089,-0.4679964,-0.8225566,0.3086999,-0.4008,2.069,0.9975283,-0.003531341,0.07017709,0.01317251,0.9904279,-0.1374012,-0.06902014,0.137986,0.9880264,static,8.770284089782246,-11.336062054456303,8.486070519988186,-10.963361697755134,0.15985399999999994,-0.11256069999999996,2.1209604,0.14956589070977275,-0.19435231825035731,0.969462354246718,7.534541635735427,-10.769442042571235,0.45598621435785375,0.4687034341033369,0.9710880754256754
05/10/2023 16:35:38.953214,3246,True,True,True,True,Eyes,1.374643,-0.3555939,-2.934593,0.07957802,-0.06021199,0.9950085,0.0,0.0,0.0,0.0,0.0,0.0,0.0,-1.163056,-0.07065129,3.052215,1.372209,-0.3554683,-2.943533,-0.06904833,-0.03498164,-0.004276006,0.9969907,352.069,355.9958,359.7862,0.4217636,-0.1090366,-0.9001254,0,0,0,1.531692,-0.4680915,-0.8225485,0.3087,-0.4008,2.069,0.997516,-0.00369543,0.07034323,0.01335712,0.9904281,-0.1373819,-0.06916223,0.1379802,0.9880172,static,8.773643765427593,-11.390287493918944,8.48607322893318,-10.963361697755134,0.15948300000000004,-0.11262319999999998,2.1209845,0.14959497187705154,-0.19526887591255632,0.9692736819743336,7.534902901884016,-10.821795333735796,0.5012468212459615,0.5147450328947211,0.9616475583499746
05/10/2023 16:35:38.972752,3247,True,True,True,True,Eyes,1.374583,-0.3556083,-2.9346,0.07944465,-0.06117433,0.9949604,0.0,0.0,0.0,0.0,0.0,0.0,0.0,-1.162684,-0.07003343,3.052381,1.372193,-0.355517,-2.943547,-0.06897529,-0.03503771,-0.004221267,0.996994,352.0776,355.9889,359.7927,0.4217536,-0.1090406,-0.9001296,0,0,0,1.531467,-0.4684216,-0.8225607,0.3087,-0.4008,2.069,0.9975091,-0.003583682,0.07044711,0.01325063,0.9904491,-0.1372401,-0.06928246,0.1378317,0.9880295,static,8.772931823602194,-11.438518052046359,8.48607322893318,-10.963361697755134,0.15927399999999992,-0.11290459999999997,2.1209863,0.14955805734836702,-0.1960858201044844,0.9691143829646043,7.531657901742749,-10.86833271959316,0.5409836651230783,0.5550328047591506,0.9591345700507958
05/10/2023 16:35:38.992997,3248,True,True,True,True,Eyes,1.374527,-0.3556238,-2.934607,0.07932069,-0.06210425,0.9949127,0.0,0.0,0.0,0.0,0.0,0.0,0.0,-1.162598,-0.07008341,3.05241,1.372188,-0.3555264,-2.943545,-0.06900201,-0.03504907,-0.004180496,0.996992,352.0747,355.9872,359.7976,0.4217429,-0.1090446,-0.9001341,0,0,0,1.531436,-0.4682983,-0.8225496,0.3087,-0.4008,2.069,0.9975082,-0.003498928,0.07046421,0.01317275,0.9904425,-0.1372958,-0.06931036,0.1378819,0.9880205,static,8.768075838372324,-11.496107249210251,8.48607322893318,-10.963361697755134,0.15924800000000006,-0.11277189999999998,2.1209954,0.14944605559553245,-0.1970631775457775,0.9689334192161642,7.5239222669401515,-10.923869889812876,0.5882328845968368,0.602779639939591,0.9629610981543631
05/10/2023 16:35:39.003034,3249,True,True,True,True,Eyes,1.374481,-0.3556381,-2.934614,0.07921179,-0.06304922,0.994862,0.0,0.0,0.0,0.0,0.0,0.0,0.0,-1.162872,-0.06933033,3.052331,1.37223,-0.3555663,-2.943529,-0.06891729,-0.03500811,-0.004103691,0.9969996,352.0847,355.9914,359.8058,0.4217318,-0.1090488,-0.9001389,0,0,0,1.53169,-0.4686634,-0.8225678,0.3086999,-0.4008,2.069,0.9975151,-0.003357428,0.07037177,0.01300808,0.9904671,-0.1371337,-0.06924051,0.1377083,0.9880497,static,8.757124783741645,-11.542077913189319,8.486070519988186,-10.963361697755134,0.15945999999999994,-0.1130971,2.1209612,0.14923683596177598,-0.1978468624002644,0.968806016028029,7.510928472957326,-10.968148986295253,0.6243596005266396,0.6390484112376739,0.9751537981360183
05/10/2023 16:35:39.023178,3250,True,True,True,True,Eyes,1.374438,-0.3556503,-2.934622,0.07911193,-0.06395394,0.9948121,0.0,0.0,0.0,0.0,0.0,0.0,0.0,-1.163106,-0.06882635,3.052282,1.372238,-0.3555615,-2.943555,-0.06888011,-0.034966,-0.003992538,0.9970042,352.0895,355.9954,359.8181,0.4217206,-0.109053,-0.9001436,0,0,0,1.531934,-0.4687665,-0.8226168,0.3087,-0.4008,2.069,0.9975229,-0.003144229,0.07027248,0.01277807,0.9904792,-0.1370683,-0.06917246,0.1376267,0.9880658,static,8.746131565660498,-11.591644757731746,8.48607322893318,-10.963361697755134,0.15969599999999984,-0.113205,2.1209382,0.14902496143508906,-0.1986913080177483,0.9686657025020168,7.4977032498351734,-11.015898099184266,0.6651302373352979,0.6799778981371044,0.9897652696762578
05/10/2023 16:35:39.043955,3251,True,True,True,True,Eyes,1.374399,-0.3556607,-2.934629,0.07911869,-0.06486616,0.9947525,0.0,0.0,0.0,0.0,0.0,0.0,0.0,-1.163417,-0.06884256,3.052194,1.372262,-0.3555222,-2.943581,-0.06890393,-0.03491557,-0.003928354,0.9970044,352.087,356.0007,359.8252,0.4217092,-0.1090573,-0.9001484,0,0,0,1.532204,-0.4685988,-0.8226544,0.3087,-0.4007999,2.069,0.9975309,-0.00302153,0.07016332,0.01264481,0.9904736,-0.1371207,-0.06908059,0.1376694,0.9880663,static,8.741345261342847,-11.648095573914976,8.48607322893318,-10.963359028665995,0.1599419999999998,-0.11307659999999997,2.1209265999999998,0.14891446270892966,-0.1996489532032555,0.968485777054917,7.490095170518317,-11.070337252311356,0.7154960725306112,0.7307721580151177,1.0017068599037124
05/10/2023 16:35:39.054570,3252,True,True,True,True,Eyes,1.374361,-0.3556699,-2.934635,0.07912554,-0.06574339,0.9946944,0.0,0.0,0.0,0.0,0.0,0.0,0.0,-1.163997,-0.06931919,3.051938,1.372267,-0.3555138,-2.943555,-0.068972,-0.03482248,-0.003958008,0.9970029,352.0791,356.0116,359.8213,0.4216979,-0.1090614,-0.9001532,0,0,0,1.532586,-0.4683203,-0.8226423,0.3087,-0.4007999,2.069,0.9975435,-0.003088738,0.0699822,0.01269584,0.9904544,-0.1372549,-0.06889024,0.1378062,0.9880605,static,8.733141869987554,-11.706303450510616,8.48607322893318,-10.963359028665995,0.1603190000000001,-0.11280650000000003,2.1209127,0.14874512863061587,-0.2006379315017356,0.9683074413386018,7.479100406258452,-11.126446122392728,0.767350680884,0.7829491218096445,1.0200939494702148
05/10/2023 16:35:39.077887,3253,True,True,True,True,Eyes,1.374361,-0.3556699,-2.934635,0.07912554,-0.06574339,0.9946944,0.0,0.0,0.0,0.0,0.0,0.0,0.0,-1.164005,-0.06914827,3.051905,1.372268,-0.3554926,-2.943521,-0.06895007,-0.03482083,-0.003936357,0.9970046,352.0817,356.0117,359.8237,0.4216867,-0.1090655,-0.9001579,0,0,0,1.532605,-0.468382,-0.8226148,0.3087001,-0.4008,2.069,0.9975441,-0.003047334,0.06997588,0.01265093,0.9904608,-0.1372129,-0.06889023,0.1377612,0.9880668,static,8.732541014646163,-11.70405133538545,8.486075937878136,-10.963361697755134,0.16033699999999995,-0.11288940000000003,2.1209062000000003,0.14873614890040154,-0.20060014424984052,0.9683166496232339,7.478640771480586,-11.124268271411228,0.7650647029399691,0.7806190962045437,1.0202041658120218
05/10/2023 16:35:39.093194,3254,True,True,True,True,Eyes,1.374361,-0.3556699,-2.934635,0.07912554,-0.06574339,0.9946944,0.0,0.0,0.0,0.0,0.0,0.0,0.0,-1.163954,-0.06979123,3.051912,1.372269,-0.3554363,-2.943531,-0.06901798,-0.034832,-0.004005182,0.9969991,352.0736,356.0109,359.8161,0.4216767,-0.1090691,-0.9001622,0,0,0,1.532523,-0.4680695,-0.8226045,0.3086999,-0.4007999,2.069,0.9975414,-0.003178256,0.0700078,0.01279439,0.9904409,-0.1373427,-0.06890208,0.1379008,0.9880465,static,8.73513239067015,-11.711015243661663,8.486070519988186,-10.963359028665995,0.16025400000000012,-0.11263320000000004,2.1209265000000004,0.14877632107926228,-0.200716608401369,0.9682863435979646,7.480768936833101,-11.131008092613973,0.7723335362262288,0.7880492568673921,1.019184714238176
05/10/2023 16:35:39.103008,3255,True,True,True,True,Eyes,1.374335,-0.3556823,-2.93464,0.07929051,-0.06657556,0.9946259,0.0,0.0,0.0,0.0,0.0,0.0,0.0,-1.163728,-0.07003537,3.052,1.372257,-0.3555689,-2.943528,-0.06901097,-0.03487467,-0.004167633,0.9969974,352.0738,356.0073,359.7977,0.4216676,-0.1090724,-0.9001661,0,0,0,1.532247,-0.4683053,-0.8225871,0.3086999,-0.4008,2.069,0.9975328,-0.003496767,0.07011514,0.01312371,0.9904402,-0.1373168,-0.0689647,0.1378982,0.9880425,static,8.753681354182765,-11.756563384094997,8.486070519988186,-10.963361697755134,0.15998999999999985,-0.11273639999999996,2.1209409,0.14906601570185904,-0.20147740692390365,0.9680837508078404,7.496230347808676,-11.175102674641101,0.8203008360309291,0.8371287080196934,1.012234067670608
05/10/2023 16:35:39.123199,3256,True,True,True,True,Eyes,1.374311,-0.3556882,-2.934644,0.0794441,-0.06735679,0.9945611,0.0,0.0,0.0,0.0,0.0,0.0,0.0,-1.162948,-0.06854114,3.052358,1.372293,-0.355631,-2.943531,-0.06888613,-0.03499648,-0.003892008,0.9970029,352.0892,355.9911,359.83,0.4216587,-0.1090758,-0.9001699,0,0,0,1.531913,-0.4687622,-0.8225833,0.3086998,-0.4008,2.069,0.9975201,-0.002939142,0.07031938,0.01258223,0.9904791,-0.137087,-0.06924697,0.1376318,0.9880599,static,8.77346118474556,-11.7914588572867,8.486067811043153,-10.963361697755134,0.1596200000000001,-0.11313120000000004,2.1209477000000003,0.14938200138475483,-0.20205723900790237,0.9679142387856027,7.51344326092818,-11.2089266837844,0.8586724952780265,0.8765499739731328,1.0031453921789735
05/10/2023 16:35:39.138343,3257,True,True,True,True,Eyes,1.374262,-0.355696,-2.93465,0.07966125,-0.06789239,0.9945073,0.0,0.0,0.0,0.0,0.0,0.0,0.0,-1.162929,-0.0708406,3.052281,1.372329,-0.3554885,-2.943499,-0.06913765,-0.03501604,-0.004145165,0.9969838,352.0593,355.9907,359.8019,0.42165,-0.109079,-0.9001736,0,0,0,1.531735,-0.4676706,-0.8224843,0.3087,-0.4007999,2.069,0.9975134,-0.003423471,0.07039402,0.01310718,0.9904056,-0.1375679,-0.06924768,0.1381485,0.9879878,static,8.79424284068137,-11.848405574748284,8.48607322893318,-10.963359028665995,0.15940600000000016,-0.1121821,2.1210147,0.14970295980728934,-0.20300918717966615,0.9676654147329813,7.530451853811445,-11.264037854396364,0.9179654563648735,0.9371637521464545,1.001808349352384
05/10/2023 16:35:39.153927,3258,True,True,True,True,Eyes,1.374216,-0.3557023,-2.934649,0.07986971,-0.06840281,0.9944556,0.0,0.0,0.0,0.0,0.0,0.0,0.0,-1.162992,-0.07303452,3.052225,1.372359,-0.3555318,-2.943499,-0.06946782,-0.03501315,-0.004241542,0.9969606,352.021,355.9917,359.7921,0.4216409,-0.1090822,-0.9001775,0,0,0,1.531727,-0.4663594,-0.8224111,0.3086999,-0.4008,2.069,0.9975122,-0.003592725,0.07040277,0.01332187,0.9903125,-0.1382163,-0.06922418,0.1388104,0.9878966,static,8.80974342299515,-11.914967690481033,8.486070519988186,-10.963361697755134,0.15936799999999995,-0.11082759999999997,2.1210879,0.1499291742984525,-0.20412613650446704,0.9673953785566088,7.541860294394146,-11.328387979769008,0.9847037638184966,1.005145817049844,1.0123127662324618
05/10/2023 16:35:39.172790,3259,True,True,True,True,Eyes,1.374173,-0.3557081,-2.934647,0.08011762,-0.06869374,0.9944156,0.0,0.0,0.0,0.0,0.0,0.0,0.0,-1.163519,-0.07461825,3.051848,1.372398,-0.3555037,-2.943342,-0.06956311,-0.03495231,-0.00464044,0.9969544,352.0085,356.0019,359.746,0.4216316,-0.1090853,-0.9001815,0,0,0,1.531816,-0.4661161,-0.8222467,0.3087,-0.4008,2.069,0.9975136,-0.004389831,0.0703373,0.01411539,0.9902789,-0.1383781,-0.06904609,0.1390269,0.9878786,static,8.824389998564676,-11.93757128498169,8.48607322893318,-10.963361697755134,0.15941800000000006,-0.1106124,2.1210953,0.15016448247965233,-0.204500377498111,0.967279831423027,7.554777790474596,-11.350311410729766,1.0100844271016653,1.0312819965741802,1.0084846424536744
05/10/2023 16:35:39.192787,3260,True,True,True,True,Eyes,1.374127,-0.3557136,-2.934646,0.08035201,-0.06899518,0.9943758,0.0,0.0,0.0,0.0,0.0,0.0,0.0,-1.164231,-0.07347462,3.051562,1.372345,-0.3555224,-2.94332,-0.06932347,-0.03483496,-0.004775368,0.9969745,352.0355,356.0166,359.7285,0.4216221,-0.1090883,-0.9001856,0,0,0,1.532188,-0.4672194,-0.8223136,0.3086999,-0.4007999,2.069,0.9975274,-0.004692079,0.07012121,0.0143516,0.9903429,-0.1378947,-0.06879704,0.1385601,0.9879615,static,8.826335170666836,-11.925473816722931,8.486070519988186,-10.963359028665995,0.15984300000000018,-0.11169699999999999,2.1210063999999997,0.15020390169818604,-0.20429489966717235,0.9673171113365742,7.557294408259981,-11.338652001407997,0.9993734142554469,1.0205120763123325,1.001733438149337
05/10/2023 16:35:39.207790,3261,True,True,True,True,Eyes,1.374093,-0.3557155,-2.934645,0.08053327,-0.06921973,0.9943455,0.0,0.0,0.0,0.0,0.0,0.0,0.0,-1.163541,-0.0708786,3.051872,1.372258,-0.355518,-2.943346,-0.06900918,-0.03492258,-0.004491666,0.9969947,352.0727,356.0043,359.7607,0.4216124,-0.1090913,-0.9001898,0,0,0,1.531878,-0.4684105,-0.8223855,0.3086999,-0.4008,2.069,0.9975204,-0.004136377,0.07025518,0.01377629,0.9904352,-0.1372898,-0.06901531,0.1379173,0.9880363,static,8.841926717631761,-11.906247082943139,8.486070519988186,-10.963361697755134,0.1596200000000001,-0.1128925,2.1209605,0.150477801349796,-0.20396168628780614,0.9673448267272541,7.573341947163166,-11.320216069368053,0.9863180719547182,1.0078027996599708,0.9800094337252313
05/10/2023 16:35:39.228317,3262,True,True,True,True,Eyes,1.374061,-0.35572,-2.934645,0.08070917,-0.06945213,0.994315,0.0,0.0,0.0,0.0,0.0,0.0,0.0,-1.162799,-0.06990203,3.052187,1.372273,-0.3554708,-2.943355,-0.06889555,-0.03504069,-0.004350985,0.996999,352.0862,355.9896,359.7774,0.4216028,-0.1090941,-0.9001939,0,0,0,1.531468,-0.4687734,-0.8223846,0.3087,-0.4008,2.069,0.9975064,-0.003847559,0.07047057,0.01350415,0.9904689,-0.1370726,-0.06927153,0.1376825,0.9880511,static,8.86374220118991,-11.908823362168782,8.48607322893318,-10.963361697755134,0.15919499999999998,-0.11330260000000003,2.1209704,0.1508450784725,-0.20399362521740372,0.9672808541886437,7.59423152501557,-11.322867269280055,0.9958214673786124,1.0181019651691472,0.9615746881049457
05/10/2023 16:35:39.243271,3263,True,True,True,True,Eyes,1.374001,-0.3557258,-2.934647,0.08089799,-0.0695729,0.9942913,0.0,0.0,0.0,0.0,0.0,0.0,0.0,-1.16289,-0.06832862,3.052215,1.372296,-0.3555312,-2.943365,-0.06867485,-0.03502745,-0.004279356,0.9970149,352.1119,355.9906,359.7847,0.4215933,-0.1090968,-0.900198,0,0,0,1.531584,-0.4697365,-0.8224499,0.3087,-0.4007999,2.069,0.9975095,-0.003722152,0.07043354,0.01334417,0.9905309,-0.1366399,-0.06925802,0.1372395,0.9881137,static,8.871574672324291,-11.891365133115121,8.48607322893318,-10.963359028665995,0.1592880000000001,-0.11420530000000001,2.1209151,0.15098692768670247,-0.20369443779783877,0.967321862739643,7.602706864252211,-11.306079242692775,0.9825243689453286,1.0048913835591753,0.9475195403537766
05/10/2023 16:35:39.254361,3264,True,True,True,True,Eyes,1.373944,-0.3557295,-2.934648,0.08107624,-0.06968746,0.9942687,0.0,0.0,0.0,0.0,0.0,0.0,0.0,-1.163059,-0.06788096,3.052179,1.37229,-0.3555395,-2.943387,-0.06864273,-0.03499416,-0.004183273,0.9970187,352.1159,355.9937,359.7954,0.4215833,-0.1090995,-0.9002024,0,0,0,1.531768,-0.4698379,-0.8224909,0.3086998,-0.4007999,2.069,0.9975158,-0.003537413,0.07035395,0.01314579,0.9905414,-0.1365834,-0.06920536,0.1371689,0.9881272,static,8.876749319261608,-11.895589442120558,8.486067811043153,-10.963359028665995,0.159478,-0.11429839999999997,2.1208961,0.15107207766737915,-0.20376306235592306,0.9672940547434768,7.607470191022308,-11.310194881757148,0.9881901469252264,1.0107846381072048,0.9445786822153889
05/10/2023 16:35:39.272881,3265,True,True,True,True,Eyes,1.373911,-0.355729,-2.93465,0.08120593,-0.06974131,0.9942544,0.0,0.0,0.0,0.0,0.0,0.0,0.0,-1.162715,-0.06762287,3.0523,1.372322,-0.3554935,-2.94336,-0.06864392,-0.03505042,-0.004058592,0.9970171,352.1163,355.9862,359.8102,0.4215728,-0.1091021,-0.900207,0,0,0,1.531628,-0.4697261,-0.8224478,0.3086999,-0.4007999,2.069,0.99751,-0.003280975,0.07044892,0.01290497,0.9905431,-0.1365938,-0.06933453,0.1371628,0.9881189,static,8.889021298596779,-11.900694107177602,8.486070519988186,-10.963359028665995,0.15930599999999995,-0.11423259999999996,2.1209122000000002,0.15127669992431686,-0.20384280008717465,0.9672453350725808,7.6190273819551875,-11.315213774304654,0.9971973452736759,1.0202775991805524,0.9357166051954804
05/10/2023 16:35:39.293931,3266,True,True,True,True,Eyes,1.373881,-0.3557295,-2.934653,0.08133017,-0.0697937,0.9942406,0.0,0.0,0.0,0.0,0.0,0.0,0.0,-1.162564,-0.06826645,3.052401,1.372352,-0.3554467,-2.943412,-0.06874123,-0.03507886,-0.004057921,0.9970095,352.1051,355.9829,359.8109,0.4215625,-0.1091044,-0.9002116,0,0,0,1.531538,-0.4692652,-0.822468,0.3087,-0.4007999,2.069,0.997506,-0.00326884,0.07050581,0.0129143,0.9905164,-0.1367866,-0.06939001,0.137356,0.9880883,static,8.900047774678685,-11.915094269505447,8.48607322893318,-10.963359028665995,0.15918600000000005,-0.11381849999999999,2.1209439999999997,0.15145519297879473,-0.20408025501721833,0.9671673597843042,7.628890967063787,-11.329193451959561,1.0142457297671876,1.0378703643427383,0.9319851154015623
05/10/2023 16:35:39.302901,3267,True,True,True,True,Eyes,1.373863,-0.35573,-2.934657,0.08139107,-0.06977947,0.9942366,0.0,0.0,0.0,0.0,0.0,0.0,0.0,-1.162649,-0.06842834,3.052404,1.372377,-0.3554732,-2.943438,-0.06874128,-0.03507205,-0.004130889,0.9970094,352.1048,355.9843,359.8025,0.4215525,-0.1091066,-0.900216,0,0,0,1.531554,-0.4693257,-0.8224952,0.3086999,-0.4007999,2.069,0.9975058,-0.003415275,0.07050223,0.01305886,0.9905151,-0.1367816,-0.0693664,0.1373612,0.9880892,static,8.903960796145457,-11.913311582205447,8.486070519988186,-10.963359028665995,0.15917700000000012,-0.11385250000000002,2.1209428,0.15152228250041824,-0.20404803701452492,0.9671636335104667,7.632757004493644,-11.327502757586636,1.0140640844212372,1.0378064062641577,0.9277632300527341
05/10/2023 16:35:39.323247,3268,True,True,True,True,Eyes,1.373844,-0.3557301,-2.934662,0.08144325,-0.06975705,0.9942339,0.0,0.0,0.0,0.0,0.0,0.0,0.0,-1.162331,-0.06925067,3.052552,1.372375,-0.3555137,-2.943481,-0.06887901,-0.0351229,-0.004137885,0.9969981,352.089,355.9784,359.8026,0.4215429,-0.1091086,-0.9002202,0,0,0,1.531334,-0.4687832,-0.8224909,0.3087,-0.4007999,2.069,0.9974985,-0.003412465,0.07060494,0.01308939,0.9904771,-0.1370538,-0.06946489,0.1376351,0.9880441,static,8.913494629896903,-11.927947407048013,8.48607322893318,-10.963359028665995,0.15895900000000007,-0.11326950000000002,2.1209900999999998,0.15167538665975794,-0.20429023254004444,0.9670885041581365,7.64116944418121,-11.34169855630456,1.0308068054395922,1.055044924973076,0.9257446752004442
05/10/2023 16:35:39.343135,3269,True,True,True,True,Eyes,1.373827,-0.3557286,-2.934664,0.081467,-0.06973194,0.9942337,0.0,0.0,0.0,0.0,0.0,0.0,0.0,-1.161848,-0.06995195,3.052744,1.372376,-0.3555044,-2.943507,-0.06898893,-0.03520139,-0.004143203,0.9969876,352.0763,355.9694,359.8031,0.4215338,-0.1091104,-0.9002243,0,0,0,1.531,-0.4683068,-0.8224669,0.3086998,-0.4008,2.069,0.9974874,-0.00340443,0.07076237,0.01311846,0.9904467,-0.1372705,-0.06961904,0.1378539,0.9880028,static,8.924435381568449,-11.939291288387786,8.486067811043153,-10.963361697755134,0.15862399999999988,-0.11280240000000002,2.1210401,0.15185403129460717,-0.20447602275211374,0.9670211864586562,7.651112553475558,-11.352728256114327,1.0451139439394275,1.069861997063483,0.9212798700222701
05/10/2023 16:35:39.353556,3270,True,True,True,True,Eyes,1.37381,-0.3557296,-2.934665,0.08148801,-0.06970467,0.9942339,0.0,0.0,0.0,0.0,0.0,0.0,0.0,-1.161863,-0.07126176,3.052639,1.372396,-0.3554838,-2.943428,-0.06913964,-0.03520923,-0.004296848,0.9969763,352.0584,355.9696,359.786,0.4215251,-0.109112,-0.9002281,0,0,0,1.530908,-0.4677182,-0.8223496,0.3086999,-0.4007999,2.069,0.9974837,-0.003699002,0.07079969,0.01343642,0.9904025,-0.1375586,-0.06961136,0.1381637,0.98796,static,8.929512060928095,-11.953074483199849,8.486070519988186,-10.963359028665995,0.158512,-0.11223439999999996,2.1210784,0.1519322486772814,-0.20470615799484795,0.9669602191370812,7.655274321643885,-11.366067535047561,1.0594373938174044,1.0845169805836679,0.9232531962010282
05/10/2023 16:35:39.373461,3271,True,True,True,True,Eyes,1.373792,-0.35573,-2.934667,0.08147488,-0.06967242,0.9942371,0.0,0.0,0.0,0.0,0.0,0.0,0.0,-1.161733,-0.0714637,3.052687,1.372393,-0.3555455,-2.943425,-0.06917983,-0.03523037,-0.004303877,0.9969727,352.0537,355.9672,359.7855,0.4215168,-0.1091135,-0.9002318,0,0,0,1.530812,-0.4676118,-0.8223307,0.3086999,-0.4007999,2.069,0.9974806,-0.003707233,0.07084291,0.01345616,0.9903912,-0.1376375,-0.06965195,0.138244,0.987946,static,8.931395127512427,-11.955787985892307,8.486070519988186,-10.963359028665995,0.1584190000000001,-0.11206630000000001,2.1210943,0.1519625521074569,-0.204750959054351,0.9669458313263433,7.65694530241818,-11.368700330098207,1.0625873918856568,1.0877634123318942,0.9229031352516197
05/10/2023 16:35:39.393104,3272,True,True,True,True,Eyes,1.373774,-0.3557314,-2.93467,0.08146379,-0.069655,0.9942393,0.0,0.0,0.0,0.0,0.0,0.0,0.0,-1.161258,-0.07118207,3.052898,1.372403,-0.3555413,-2.943446,-0.06910616,-0.03531263,-0.004360547,0.9969746,352.062,355.9582,359.7794,0.4215089,-0.1091149,-0.9002353,0,0,0,1.530446,-0.4679419,-0.822341,0.3086999,-0.4007999,2.069,0.997468,-0.00381407,0.07101427,0.01357535,0.9904106,-0.1374862,-0.06980892,0.1381022,0.9879547,static,8.940882011110396,-11.945694183228476,8.486070519988186,-10.963359028665995,0.15804299999999993,-0.11240060000000002,2.121105,0.1521283722475921,-0.2045753437410195,0.9669570005233925,7.666624491207979,-11.359031537159488,1.057117109946565,1.0825136712051733,0.9099717182754558
05/10/2023 16:35:39.403146,3273,True,True,True,True,Eyes,1.373751,-0.3557347,-2.934674,0.08143274,-0.06967549,0.9942405,0.0,0.0,0.0,0.0,0.0,0.0,0.0,-1.161368,-0.070216,3.052886,1.37236,-0.3555672,-2.94347,-0.06893928,-0.03528958,-0.004387084,0.9969869,352.081,355.9611,359.7754,0.4215013,-0.1091162,-0.9002387,0,0,0,1.530487,-0.4686886,-0.8224106,0.3087,-0.4008,2.069,0.9974708,-0.003882054,0.07097138,0.01361341,0.9904563,-0.1371535,-0.06976161,0.1377727,0.988004,static,8.936227163159115,-11.92720403701408,8.48607322893318,-10.963361697755134,0.1581269999999999,-0.11312139999999998,2.1210594,0.15205987990650882,-0.20426548001352995,0.9670333724792326,7.663119015407194,-11.341153214313033,1.0387551895835252,1.0637812836515057,0.9055275078887944
05/10/2023 16:35:39.423531,3274,True,True,True,True,Eyes,1.373731,-0.3557361,-2.934678,0.08140197,-0.06968917,0.994242,0.0,0.0,0.0,0.0,0.0,0.0,0.0,-1.161276,-0.06878513,3.052995,1.37237,-0.3555907,-2.943506,-0.06876379,-0.03530028,-0.004246938,0.9969994,352.1017,355.9588,359.791,0.4214939,-0.1091174,-0.900242,0,0,0,1.530523,-0.4693904,-0.8224846,0.3087,-0.4008,2.069,0.9974717,-0.003613626,0.07097277,0.01332315,0.990507,-0.1368151,-0.06980462,0.1374147,0.9880508,static,8.932830029316413,-11.909627709075554,8.48607322893318,-10.963361697755134,0.158153,-0.1137997,2.1210214,0.1520120895908647,-0.20397032304149176,0.9671031215106992,7.660777271538915,-11.324166248470762,1.0217175436842032,1.0464277341837427,0.9007182362472855
05/10/2023 16:35:39.443283,3275,True,True,True,True,Eyes,1.373696,-0.3557392,-2.934682,0.08136114,-0.0697099,0.9942439,0.0,0.0,0.0,0.0,0.0,0.0,0.0,-1.161053,-0.06871986,3.053119,1.372427,-0.3555483,-2.943524,-0.06881821,-0.03533746,-0.004071408,0.9969949,352.0962,355.9531,359.8117,0.4214866,-0.1091187,-0.9002453,0,0,0,1.530515,-0.469034,-0.8224807,0.3086999,-0.4008,2.069,0.9974694,-0.003254625,0.07102291,0.01298207,0.9904949,-0.1369351,-0.06990216,0.1375106,0.9880307,static,8.932210616697152,-11.91952633934057,8.486070519988186,-10.963361697755134,0.158088,-0.11348570000000002,2.1210433,0.15199621258613558,-0.20413790693675646,0.9670702685215125,7.659655107610774,-11.333713798030756,1.030326689899319,1.0551264415745103,0.9056064884890624
05/10/2023 16:35:39.453204,3276,True,True,True,True,Eyes,1.373662,-0.3557416,-2.934687,0.08133136,-0.06973392,0.9942447,0.0,0.0,0.0,0.0,0.0,0.0,0.0,-1.161158,-0.06968802,3.053076,1.372465,-0.3555401,-2.943526,-0.06887162,-0.03533778,-0.00432283,0.9969901,352.089,355.9551,359.783,0.4214791,-0.1091199,-0.9002487,0,0,0,1.530421,-0.468916,-0.822467,0.3087,-0.4008,2.069,0.9974651,-0.003752097,0.07105829,0.01348718,0.990476,-0.1370232,-0.0698674,0.1376342,0.9880159,static,8.934709903005837,-11.923716072217086,8.48607322893318,-10.963361697755134,0.15795599999999999,-0.11337589999999997,2.121059,0.15203615449500277,-0.20420736376094747,0.9670493749071358,7.6618416953497,-11.33777582677937,1.0350450149979256,1.0599789572775409,0.9052864524372105
05/10/2023 16:35:39.472832,3277,True,True,True,True,Eyes,1.373659,-0.3557441,-2.934691,0.08128486,-0.06972472,0.994249,0.0,0.0,0.0,0.0,0.0,0.0,0.0,-1.162086,-0.07004818,3.052693,1.37243,-0.3555255,-2.943522,-0.06884578,-0.03518975,-0.004529949,0.9969962,352.0912,355.9738,359.7578,0.4214714,-0.1091211,-0.9002522,0,0,0,1.530903,-0.4691145,-0.8225126,0.3086998,-0.4007999,2.069,0.9974824,-0.004187352,0.07079183,0.01387801,0.9904795,-0.1369592,-0.06954435,0.1375968,0.9880439,static,8.917967756853427,-11.917088076613078,8.486067811043153,-10.963359028665995,0.15847299999999986,-0.113589,2.1210094,0.15175687863755682,-0.20410432567318254,0.9671148396508967,7.646056874437474,-11.331253086029701,1.0226907126132476,1.0469654531497057,0.9170411174318629
05/10/2023 16:35:39.493395,3278,True,True,True,True,Eyes,1.373658,-0.3557465,-2.934695,0.08123419,-0.06970979,0.9942543,0.0,0.0,0.0,0.0,0.0,0.0,0.0,-1.161386,-0.06944773,3.053005,1.372412,-0.3555614,-2.94356,-0.06883325,-0.03529176,-0.004328903,0.9969944,352.0934,355.9604,359.7817,0.4214644,-0.1091222,-0.9002553,0,0,0,1.530559,-0.469105,-0.8225238,0.3087,-0.4007999,2.069,0.9974715,-0.003773291,0.07096733,0.01349028,0.9904864,-0.1369472,-0.06977544,0.1375583,0.9880329,static,8.923578287171607,-11.917662240530039,8.48607322893318,-10.963359028665995,0.15814700000000004,-0.11354359999999997,2.1210362000000003,0.15185138032000245,-0.2041110431939621,0.9670987032648076,7.6514339695943185,-11.331849611836056,1.0253348152483048,1.0498120289643476,0.9123639641693077
05/10/2023 16:35:39.507942,3279,True,True,True,True,Eyes,1.373683,-0.3557476,-2.934696,0.08115737,-0.06969329,0.9942617,0.0,0.0,0.0,0.0,0.0,0.0,0.0,-1.160811,-0.06953204,3.053245,1.372442,-0.3555662,-2.943569,-0.0688957,-0.03538502,-0.00420916,0.9969873,352.0867,355.9487,359.7965,0.4214581,-0.1091233,-0.9002581,0,0,0,1.530258,-0.4687851,-0.8224909,0.3086999,-0.4008,2.069,0.9974604,-0.003517207,0.07113682,0.01326871,0.9904713,-0.1370784,-0.06997684,0.1376741,0.9880026,static,8.928194877527122,-11.925686168482343,8.486070519988186,-10.963361697755134,0.15781599999999996,-0.11321890000000001,2.1210781,0.15192499067442167,-0.20424413374869832,0.9670590119020924,7.655457844511433,-11.339627682842721,1.0343006911565102,1.059028958286609,0.9118626586260568
05/10/2023 16:35:39.528155,3280,True,True,True,True,Eyes,1.373709,-0.3557511,-2.934697,0.08107964,-0.06967975,0.994269,0.0,0.0,0.0,0.0,0.0,0.0,0.0,-1.160645,-0.06929213,3.05327,1.372469,-0.3555574,-2.943512,-0.06885306,-0.03541768,-0.004213558,0.996989,352.0916,355.945,359.7961,0.4214529,-0.1091243,-0.9002604,0,0,0,1.530145,-0.4689573,-0.8224333,0.3087,-0.4008,2.069,0.9974557,-0.003524509,0.07120232,0.01327897,0.990483,-0.136993,-0.07004184,0.13759,0.9880096,static,8.927310550743972,-11.919960400007001,8.48607322893318,-10.963361697755134,0.15767600000000015,-0.1133999,2.1210787,0.15191318220057493,-0.20414786793560766,0.9670812029166077,7.654909284022701,-11.334095590895998,1.0288235902979783,1.053456905292626,0.9100973150397321
05/10/2023 16:35:39.543084,3281,True,True,True,True,Eyes,1.37373,-0.3557541,-2.934699,0.08098198,-0.06967966,0.9942769,0.0,0.0,0.0,0.0,0.0,0.0,0.0,-1.160378,-0.06905478,3.053406,1.372509,-0.3556224,-2.943515,-0.06882358,-0.03546805,-0.00421218,0.9969893,352.095,355.9391,359.7966,0.4214489,-0.1091253,-0.9002621,0,0,0,1.529973,-0.4691441,-0.8224275,0.3087,-0.4007999,2.069,0.9974486,-0.003516922,0.07130232,0.01328107,0.9904911,-0.136934,-0.07014274,0.1375315,0.9880107,static,8.927291729241581,-11.916642921547933,8.48607322893318,-10.963359028665995,0.15746400000000005,-0.1135217,2.1210875000000002,0.1519146680052297,-0.2040918119694965,0.9670927338719459,7.6550671482714465,-11.330894062197537,1.0258442657520215,1.0504398818792713,0.9086545586579127
05/10/2023 16:35:39.561489,3282,True,True,True,True,Eyes,1.373749,-0.3557571,-2.934702,0.08088745,-0.06967912,0.9942847,0.0,0.0,0.0,0.0,0.0,0.0,0.0,-1.160207,-0.06914061,3.053493,1.372534,-0.3555937,-2.943532,-0.06879173,-0.03550467,-0.004307611,0.9969898,352.0982,355.9357,359.7857,0.4214459,-0.1091262,-0.9002634,0,0,0,1.529794,-0.4692928,-0.8224383,0.3087,-0.4008,2.069,0.9974417,-0.003704433,0.07138824,0.01347414,0.9904983,-0.1368634,-0.07020293,0.1374752,0.9880142,static,8.927380162395627,-11.911705674826221,8.48607322893318,-10.963361697755134,0.15726000000000018,-0.1136991,2.1210937,0.1519188707030911,-0.20400835632370706,0.9671097514036158,7.655414321860141,-11.32613025915651,1.0214527633104764,1.0459962277030614,0.9064189147634767
05/10/2023 16:35:39.577911,3283,True,True,True,True,Eyes,1.373785,-0.3557598,-2.934702,0.08078893,-0.06966583,0.9942936,0.0,0.0,0.0,0.0,0.0,0.0,0.0,-1.160332,-0.06979215,3.053443,1.372506,-0.3555952,-2.943558,-0.06881942,-0.03548795,-0.004499204,0.9969876,352.0943,355.9391,359.7636,0.4214436,-0.1091271,-0.9002644,0,0,0,1.529737,-0.4692664,-0.8224607,0.3086999,-0.4008,2.069,0.9974407,-0.004086782,0.07138135,0.01385582,0.9904873,-0.1369049,-0.07014282,0.1375435,0.988009,static,8.922759535670899,-11.91150103938723,8.486070519988186,-10.963361697755134,0.1572309999999999,-0.11367119999999997,2.1210972999999997,0.15184090300295935,-0.20400736650463341,0.9671221622257365,7.650971713412285,-11.325897820997852,1.019490484809688,1.0438704457778665,0.9103968680747713
05/10/2023 16:35:39.587286,3284,True,True,True,True,Eyes,1.373819,-0.355764,-2.934704,0.08069339,-0.06965141,0.9943024,0.0,0.0,0.0,0.0,0.0,0.0,0.0,-1.160491,-0.07076445,3.053345,1.372519,-0.3556101,-2.943535,-0.06892935,-0.03546955,-0.004629191,0.99698,352.0811,355.9423,359.7489,0.4214424,-0.1091279,-0.9002649,0,0,0,1.52976,-0.4688765,-0.8224169,0.3086999,-0.4008,2.069,0.9974409,-0.004340636,0.07136304,0.01412021,0.9904546,-0.137114,-0.0700867,0.1377708,0.9879813,static,8.917447810860955,-11.921544772444303,8.486070519988186,-10.963361697755134,0.15724099999999996,-0.11326639999999999,2.1211181,0.15174567169086883,-0.2041799238743971,0.9671007261708434,7.645319294011289,-11.335549889419068,1.0265038738312697,1.0508097695118361,0.9194491144134754
05/10/2023 16:35:39.608057,3285,True,True,True,True,Eyes,1.373819,-0.3557706,-2.934706,0.08058542,-0.06965549,0.9943109,0.0,0.0,0.0,0.0,0.0,0.0,0.0,-1.160576,-0.07131365,3.053317,1.372516,-0.3556527,-2.943548,-0.06896695,-0.03546133,-0.004772836,0.9969772,352.0762,355.9444,359.7324,0.4214421,-0.1091287,-0.9002649,0,0,0,1.529718,-0.4688267,-0.8224226,0.3086998,-0.4008,2.069,0.9974394,-0.004625498,0.07136659,0.01440814,0.9904416,-0.1371784,-0.07004992,0.1378555,0.9879721,static,8.912570749576672,-11.924152272460443,8.486067811043153,-10.963361697755134,0.15720199999999984,-0.113174,2.1211254,0.15166184692277712,-0.2042266002032944,0.9671040497381356,7.640480333628352,-11.338029238148646,1.0270369792981726,1.0512008775777746,0.924875098478303
05/10/2023 16:35:39.622956,3286,True,True,True,True,Eyes,1.373818,-0.3557769,-2.934709,0.08048235,-0.06966074,0.9943188,0.0,0.0,0.0,0.0,0.0,0.0,0.0,-1.160823,-0.07142931,3.053206,1.372493,-0.3556564,-2.943543,-0.06895348,-0.03542099,-0.004854785,0.9969791,352.0775,355.9497,359.7226,0.4214419,-0.1091296,-0.9002649,0,0,0,1.529822,-0.4689275,-0.8224322,0.3087,-0.4008,2.069,0.9974436,-0.004795434,0.07129748,0.01456504,0.9904437,-0.1371464,-0.06995846,0.1378343,0.9879815,static,8.90309531607917,-11.921691276812632,8.48607322893318,-10.963361697755134,0.15732900000000005,-0.11327110000000001,2.1211108000000003,0.15150307420395948,-0.2041900736012618,0.9671365651973725,7.631478260472741,-11.335582663314499,1.0213289398489998,1.045133007451262,0.9321378692660457
05/10/2023 16:35:39.643248,3287,True,True,True,True,Eyes,1.373782,-0.3557843,-2.934713,0.08035393,-0.06964794,0.9943301,0.0,0.0,0.0,0.0,0.0,0.0,0.0,-1.160852,-0.07139677,3.053202,1.372458,-0.355653,-2.943567,-0.06893924,-0.03541118,-0.00487406,0.9969804,352.079,355.951,359.7202,0.4214416,-0.1091307,-0.9002649,0,0,0,1.529819,-0.4689939,-0.8224615,0.3087,-0.4008,2.069,0.9974446,-0.004836245,0.07128052,0.01460112,0.9904472,-0.1371169,-0.06993647,0.1378073,0.9879869,static,8.8946463250063,-11.918982882283453,8.48607322893318,-10.963361697755134,0.15736100000000008,-0.11334090000000002,2.1211054999999996,0.15136178865707528,-0.20414883026116892,0.9671674112666461,7.623478621323847,-11.332905114073018,1.0158220688498998,1.0392996791850189,0.938419838675947
05/10/2023 16:35:39.657872,3288,True,True,True,True,Eyes,1.373744,-0.3557911,-2.934718,0.08023687,-0.06963681,0.9943403,0.0,0.0,0.0,0.0,0.0,0.0,0.0,-1.16086,-0.07108524,3.053185,1.372426,-0.3556264,-2.943564,-0.06891907,-0.03540087,-0.004789706,0.9969825,352.0817,355.9515,359.7298,0.4214403,-0.1091318,-0.9002654,0,0,0,1.529873,-0.4690143,-0.8224675,0.3086999,-0.4007999,2.069,0.9974477,-0.004670916,0.0712483,0.01443009,0.9904544,-0.1370831,-0.06992789,0.1377613,0.9879939,static,8.885152004757558,-11.917065357369156,8.486070519988186,-10.963359028665995,0.15744700000000011,-0.11338789999999999,2.1210964999999997,0.15120239542542183,-0.20412149236815869,0.9671980793971175,7.614429511499844,-11.330982848788024,1.0107153071251014,1.033838378516772,0.9459943555855329
05/10/2023 16:35:39.677806,3289,True,True,True,True,Eyes,1.373699,-0.3557997,-2.934723,0.08009609,-0.0696373,0.9943517,0.0,0.0,0.0,0.0,0.0,0.0,0.0,-1.161083,-0.07044446,3.053117,1.372368,-0.3556159,-2.943594,-0.06888539,-0.03534678,-0.004614719,0.9969876,352.0863,355.9564,359.7494,0.4214382,-0.1091331,-0.9002662,0,0,0,1.530135,-0.4690683,-0.8225244,0.3086999,-0.4007999,2.069,0.9974586,-0.004331882,0.07111636,0.01407139,0.9904671,-0.1370295,-0.06984481,0.137682,0.9880108,static,8.867726448735324,-11.915355590509122,8.486070519988186,-10.963359028665995,0.157767,-0.11345240000000001,2.1210696,0.15090887392948213,-0.2041019081562107,0.9672481394832442,7.597725073883226,-11.329201056498048,1.0031590889953563,1.0256503798609822,0.9607278599810086
05/10/2023 16:35:39.692939,3290,True,True,True,True,Eyes,1.373655,-0.3558051,-2.934728,0.07996473,-0.06964436,0.9943618,0.0,0.0,0.0,0.0,0.0,0.0,0.0,-1.161179,-0.06962016,3.053099,1.372358,-0.3556477,-2.943594,-0.06885356,-0.03531886,-0.004379253,0.9969918,352.0909,355.9577,359.7762,0.4214351,-0.1091346,-0.9002675,0,0,0,1.530364,-0.4691274,-0.8225443,0.3086999,-0.4008,2.069,0.9974668,-0.003868501,0.07102827,0.01359581,0.9904801,-0.1369835,-0.06982216,0.1376022,0.9880235,static,8.852954583175823,-11.915093293723798,8.486070519988186,-10.963361697755134,0.1580060000000001,-0.11347970000000002,2.1210497,0.15065938851447475,-0.2041053413190217,0.9672863291293393,7.5835015297052415,-11.328836161538598,0.9980305967468908,1.0199985032273964,0.9737568309892279
05/10/2023 16:35:39.708135,3291,True,True,True,True,Eyes,1.373621,-0.3558116,-2.934733,0.0798547,-0.06965172,0.9943701,0.0,0.0,0.0,0.0,0.0,0.0,0.0,-1.161248,-0.0685682,3.053094,1.372352,-0.3555744,-2.943602,-0.06874894,-0.03529818,-0.004185346,0.9970007,352.1037,355.9586,359.798,0.4214311,-0.1091362,-0.9002692,0,0,0,1.530547,-0.4694086,-0.8225856,0.3087,-0.4007999,2.069,0.9974731,-0.00349216,0.07096008,0.01319901,0.9905121,-0.13679,-0.06980913,0.1373809,0.9880553,static,8.840668502753646,-11.905913825555343,8.48607322893318,-10.963359028665995,0.15819500000000009,-0.1138342,2.1210164,0.15045672333033222,-0.20395672986980684,0.9673491912078972,7.572146931615962,-11.319884953255533,0.9856120492550393,1.0070488336495569,0.9810056125386765
05/10/2023 16:35:39.723233,3292,True,True,True,True,Eyes,1.373587,-0.3558172,-2.934739,0.07975028,-0.06966206,0.9943777,0.0,0.0,0.0,0.0,0.0,0.0,0.0,-1.161504,-0.06838089,3.052997,1.372359,-0.3556142,-2.943591,-0.06877225,-0.03525214,-0.004074689,0.9970012,352.1015,355.963,359.8105,0.4214266,-0.1091378,-0.9002712,0,0,0,1.530805,-0.4693004,-0.8225849,0.3086999,-0.4008,2.069,0.9974813,-0.0032762,0.07085329,0.01297368,0.9905075,-0.1368447,-0.06973239,0.1374193,0.9880553,static,8.82755298882519,-11.910516607410644,8.486070519988186,-10.963361697755134,0.15844599999999986,-0.11368620000000002,2.1210061000000002,0.15023256620358416,-0.2040414636363284,0.9673661029774833,7.5592617059021014,-11.324227421299858,0.9858096266967379,1.0068330047269765,0.9945846612014034
05/10/2023 16:35:39.743191,3293,True,True,True,True,Eyes,1.373558,-0.3558217,-2.934746,0.07961352,-0.06968606,0.994387,0.0,0.0,0.0,0.0,0.0,0.0,0.0,-1.16156,-0.06813794,3.053005,1.372327,-0.3555988,-2.943632,-0.06873099,-0.03523741,-0.004069927,0.9970045,352.1062,355.9647,359.8108,0.4214216,-0.1091394,-0.9002733,0,0,0,1.530838,-0.4694585,-0.82264,0.3086998,-0.4007999,2.069,0.9974835,-0.003271665,0.07082316,0.01295927,0.9905189,-0.1367634,-0.06970424,0.137337,0.9880688,static,8.81763588477839,-11.907121583987651,8.486067811043153,-10.963359028665995,0.15851099999999985,-0.11385970000000001,2.120992,0.15006679490842273,-0.20398934180734374,0.9674028482431888,7.549883494348464,-11.320876162083641,0.9796746135359555,1.000312525337836,1.0021275245757264
05/10/2023 16:35:39.753248,3294,True,True,True,True,Eyes,1.373528,-0.3558244,-2.934754,0.0794785,-0.06970542,0.9943965,0.0,0.0,0.0,0.0,0.0,0.0,0.0,-1.161619,-0.06879944,3.052992,1.372313,-0.355581,-2.943667,-0.06881399,-0.03522708,-0.004125083,0.9969989,352.0965,355.9663,359.8047,0.4214162,-0.1091411,-0.9002756,0,0,0,1.530839,-0.469115,-0.8226585,0.3087,-0.4007999,2.069,0.997484,-0.003377174,0.07081044,0.01307364,0.9904953,-0.1369243,-0.06967498,0.1375056,0.9880474,static,8.80971553481982,-11.917020915717668,8.48607322893318,-10.963359028665995,0.15852600000000017,-0.11353400000000002,2.1210085000000003,0.14992759626194477,-0.20416085515709528,0.9673883076885497,7.541724483734025,-11.330369143204923,0.9866199978134973,1.0070825869682087,1.0131589099115177
05/10/2023 16:35:39.773175,3295,True,True,True,True,Eyes,1.373501,-0.3558278,-2.934762,0.07938077,-0.06972214,0.9944031,0.0,0.0,0.0,0.0,0.0,0.0,0.0,-1.16135,-0.06926653,3.053093,1.372287,-0.3555403,-2.943693,-0.06886477,-0.03526819,-0.004168884,0.9969937,352.0905,355.9619,359.8001,0.4214106,-0.1091427,-0.9002781,0,0,0,1.530616,-0.4688774,-0.8226598,0.3087,-0.4007999,2.069,0.9974775,-0.003455231,0.07089851,0.01317018,0.9904805,-0.1370214,-0.06975015,0.1376096,0.9880276,static,8.809653336202443,-11.923328903470503,8.48607322893318,-10.963359028665995,0.15832899999999994,-0.11333710000000002,2.1210332000000003,0.14992313383493747,-0.20426749138351677,0.9673664531327199,7.54132987256707,-11.336455917938862,0.9925114456049592,1.0130381268010462,1.0157466702790567
05/10/2023 16:35:39.783137,3296,True,True,True,True,Eyes,1.373476,-0.3558301,-2.934767,0.07928586,-0.06973656,0.9944097,0.0,0.0,0.0,0.0,0.0,0.0,0.0,-1.161004,-0.06965405,3.053227,1.372274,-0.3555594,-2.943708,-0.06891616,-0.03532398,-0.004202869,0.9969881,352.0844,355.9557,359.7969,0.4214047,-0.1091442,-0.9002807,0,0,0,1.530351,-0.4686917,-0.8226449,0.3086999,-0.4007999,2.069,0.9974691,-0.003511635,0.07101445,0.01324921,0.9904658,-0.1371202,-0.06985588,0.1377141,0.9880055,static,8.811302416929482,-11.929735314820235,8.486070519988186,-10.963359028665995,0.15807700000000002,-0.11313229999999996,2.1210630999999998,0.14994754848186795,-0.2043748970439082,0.9673400234732529,7.542579409610237,-11.342650621079056,0.9989843127423953,1.0196366574566138,1.0168763874913458
05/10/2023 16:35:39.803000,3297,True,True,True,True,Eyes,1.37344,-0.3558316,-2.934773,0.07925536,-0.06975001,0.9944112,0.0,0.0,0.0,0.0,0.0,0.0,0.0,-1.161027,-0.06995401,3.053161,1.372321,-0.3555364,-2.943637,-0.0689422,-0.03533088,-0.004253469,0.9969858,352.0812,355.9553,359.7912,0.4213988,-0.1091457,-0.9002832,0,0,0,1.530342,-0.4685814,-0.8225647,0.3086999,-0.4007999,2.069,0.9974672,-0.003609719,0.07103525,0.01335287,0.9904578,-0.1371682,-0.06986228,0.1377693,0.9879974,static,8.811231205452769,-11.932861331296294,8.486070519988186,-10.963359028665995,0.1580210000000002,-0.113045,2.1210723,0.14994465698708206,-0.2044277672774942,0.9673293123213704,7.54234492731427,-11.345666706565497,1.0018945493855531,1.0225772274881009,1.0182225468180537
05/10/2023 16:35:39.822946,3298,True,True,True,True,Eyes,1.373403,-0.3558356,-2.93478,0.07922703,-0.06976055,0.9944127,0.0,0.0,0.0,0.0,0.0,0.0,0.0,-1.160693,-0.07000732,3.053297,1.372317,-0.355492,-2.943654,-0.06891545,-0.03538765,-0.004316597,0.9969854,352.084,355.9492,359.7842,0.4213924,-0.1091471,-0.900286,0,0,0,1.530066,-0.4686768,-0.8225696,0.3087,-0.4008,2.069,0.9974581,-0.003729656,0.0711569,0.01348468,0.990464,-0.1371099,-0.06996698,0.1377209,0.9879967,static,8.817075435816935,-11.929671578561884,8.48607322893318,-10.963361697755134,0.15774899999999992,-0.11318480000000003,2.1210844,0.15004514661090276,-0.20437075893726844,0.9673257576484411,7.548146957974768,-11.342632798986516,1.0005734229571441,1.021429021864305,1.0117075951000942
05/10/2023 16:35:39.843311,3299,True,True,True,True,Eyes,1.373352,-0.3558405,-2.934787,0.07920009,-0.06975865,0.9944149,0.0,0.0,0.0,0.0,0.0,0.0,0.0,-1.160667,-0.06993327,3.053332,1.372284,-0.3555565,-2.943686,-0.06893843,-0.03538347,-0.004256548,0.9969842,352.0816,355.9492,359.7912,0.4213857,-0.1091485,-0.9002889,0,0,0,1.530082,-0.4686163,-0.8225982,0.3086998,-0.4007999,2.069,0.9974598,-0.003608861,0.0711404,0.01336598,0.9904588,-0.1371598,-0.06996664,0.1377623,0.987991,static,8.81413907807544,-11.932981674474162,8.486067811043153,-10.963359028665995,0.15779799999999988,-0.11305979999999999,2.1210878,0.14999372034781297,-0.2044282399777051,0.9673215057072188,7.545141216425975,-11.34580484198094,1.0028336186371285,1.0236204528614112,1.0156808832404047
05/10/2023 16:35:39.858974,3300,True,True,True,True,Eyes,1.373302,-0.3558437,-2.934792,0.07917581,-0.06975955,0.9944168,0.0,0.0,0.0,0.0,0.0,0.0,0.0,-1.160701,-0.06957757,3.053301,1.372278,-0.355552,-2.943662,-0.06887157,-0.03537839,-0.004275262,0.9969889,352.0892,355.95,359.7888,0.4213782,-0.10915,-0.9002922,0,0,0,1.530088,-0.468904,-0.8225909,0.3087,-0.4007999,2.069,0.9974601,-0.003651649,0.0711326,0.01339791,0.9904769,-0.1370259,-0.06995482,0.1376309,0.9880102,static,8.81218071213956,-11.925051090588731,8.48607322893318,-10.963359028665995,0.15780999999999978,-0.11335200000000001,2.1210711,0.14996491504902199,-0.204295255473964,0.9673540968398111,7.5436744464095655,-11.33813696302902,0.9948450093178464,1.015479055701497,1.014186356340592
05/10/2023 16:35:39.874834,3301,True,True,True,True,Eyes,1.373242,-0.3558473,-2.934798,0.07914106,-0.06975617,0.9944199,0.0,0.0,0.0,0.0,0.0,0.0,0.0,-1.160821,-0.06938708,3.05322,1.372279,-0.3555134,-2.943625,-0.06883718,-0.03535926,-0.004270054,0.9969919,352.0932,355.9522,359.7891,0.4213702,-0.1091515,-0.9002958,0,0,0,1.530172,-0.4690098,-0.8225676,0.3086998,-0.4007999,2.069,0.9974629,-0.003646357,0.07109366,0.01338248,0.9904864,-0.1369583,-0.06991791,0.1375622,0.9880223,static,8.807709016528571,-11.920898160983278,8.486067811043153,-10.963359028665995,0.15789300000000006,-0.1134964,2.1210573999999998,0.14989159789743703,-0.20422745552401195,0.9673798754558331,7.539584853168287,-11.334095524658771,0.9896832877086675,1.0101159611574546,1.0165016178091197
05/10/2023 16:35:39.882930,3302,True,True,True,True,Eyes,1.373184,-0.3558506,-2.934804,0.07910492,-0.06975174,0.994423,0.0,0.0,0.0,0.0,0.0,0.0,0.0,-1.160831,-0.06913644,3.053225,1.37227,-0.3555046,-2.943635,-0.06881396,-0.03535397,-0.004222841,0.996994,352.096,355.9524,359.7944,0.4213614,-0.109153,-0.9002997,0,0,0,1.53021,-0.4690778,-0.8225847,0.3087,-0.4008,2.069,0.9974645,-0.003554599,0.07107656,0.01328598,0.9904935,-0.1369156,-0.0699142,0.1375128,0.9880295,static,8.804135848181273,-11.918552928980581,8.48607322893318,-10.963361697755134,0.15793999999999997,-0.11357319999999999,2.1210503000000003,0.14983246067944603,-0.2041896917989772,0.967396919583691,7.536265375712915,-11.331805324189222,0.9864725025172484,1.0067542490463812,1.0187667367453594
05/10/2023 16:35:39.908032,3303,True,True,True,True,Eyes,1.373132,-0.3558536,-2.934811,0.07906282,-0.06974129,0.9944271,0.0,0.0,0.0,0.0,0.0,0.0,0.0,-1.160567,-0.06911209,3.05334,1.372266,-0.3555013,-2.943651,-0.06882416,-0.03539444,-0.004184314,0.9969921,352.095,355.9474,359.7992,0.4213519,-0.1091545,-0.900304,0,0,0,1.530055,-0.4690113,-0.8225868,0.3086999,-0.4008,2.069,0.9974595,-0.003471469,0.07115191,0.01321544,0.9904914,-0.1369381,-0.06999999,0.1375305,0.988021,static,8.805768404245963,-11.91969921406823,8.486070519988186,-10.963361697755134,0.15778899999999996,-0.11351,2.1210642,0.1498594368805966,-0.20420820544725704,0.9673888526634299,7.53777805560079,-11.332923849423928,0.9880076786896106,1.008359153430363,1.0177596877259327
05/10/2023 16:35:39.927701,3304,True,True,True,True,Eyes,1.373082,-0.3558554,-2.934817,0.07902144,-0.06972784,0.9944313,0.0,0.0,0.0,0.0,0.0,0.0,0.0,-1.160182,-0.06906831,3.053513,1.372257,-0.3555019,-2.943682,-0.06883505,-0.03545338,-0.004136223,0.9969894,352.094,355.9402,359.8053,0.421342,-0.109156,-0.9003084,0,0,0,1.529822,-0.4689406,-0.8225974,0.3086999,-0.4008,2.069,0.9974519,-0.003366672,0.0712627,0.01312841,0.9904892,-0.1369623,-0.07012383,0.1375489,0.9880096,static,8.809432778947837,-11.920918602494359,8.486070519988186,-10.963361697755134,0.15756499999999996,-0.1134387,2.1210845999999997,0.14992070503792645,-0.20422686836801784,0.9673753865526831,7.541245170095916,-11.334128294350304,0.9901885041742502,1.0106821341713983,1.014969364537578
05/10/2023 16:35:39.939739,3305,True,True,True,True,Eyes,1.373038,-0.3558547,-2.934824,0.07896477,-0.0697303,0.9944357,0.0,0.0,0.0,0.0,0.0,0.0,0.0,-1.160051,-0.06914529,3.053522,1.372271,-0.355473,-2.943639,-0.06887039,-0.03547454,-0.004072082,0.9969864,352.0901,355.9373,359.813,0.4213317,-0.1091575,-0.9003131,0,0,0,1.52978,-0.4687312,-0.8225402,0.3087,-0.4008,2.069,0.9974499,-0.00323333,0.07129616,0.01300591,0.9904806,-0.1370368,-0.07017437,0.1376146,0.9879968,static,8.807677900215928,-11.926003732056383,8.48607322893318,-10.963361697755134,0.1575089999999999,-0.11325820000000003,2.1210988,0.14988831072115272,-0.20431375400860752,0.9673621324539234,7.53928399260845,-11.339022195401583,0.9944579984087595,1.0149429790852942,1.0185924933516552
05/10/2023 16:35:39.955603,3306,True,True,True,True,Eyes,1.372996,-0.3558573,-2.934828,0.07891021,-0.06973223,0.9944399,0.0,0.0,0.0,0.0,0.0,0.0,0.0,-1.159714,-0.06981978,3.053679,1.372272,-0.355424,-2.94369,-0.06899098,-0.03552638,-0.004025918,0.9969765,352.0765,355.9309,359.8192,0.4213213,-0.1091588,-0.9003178,0,0,0,1.529586,-0.4681471,-0.8225486,0.3087,-0.4008,2.069,0.9974433,-0.003125492,0.07139343,0.01292949,0.9904481,-0.1372787,-0.07028242,0.1378508,0.9879562,static,8.810194097143187,-11.940729506204228,8.48607322893318,-10.963361697755134,0.15731399999999995,-0.11272309999999996,2.1211414,0.14992287582553096,-0.2045612887525595,0.9673044661858651,7.54092790215287,-11.353251694075562,1.0089812153621942,1.0297097504645634,1.0224059359987114
05/10/2023 16:35:39.973269,3307,True,True,True,True,Eyes,1.372964,-0.3558607,-2.934833,0.07885262,-0.06973005,0.9944445,0.0,0.0,0.0,0.0,0.0,0.0,0.0,-1.159776,-0.07000417,3.053579,1.372253,-0.3555032,-2.943614,-0.069005,-0.03551756,-0.004101139,0.9969755,352.0746,355.9325,359.8105,0.4213108,-0.1091602,-0.9003226,0,0,0,1.529566,-0.4682023,-0.822471,0.3087,-0.4008,2.069,0.9974433,-0.003275691,0.07138626,0.01307925,0.9904431,-0.1373012,-0.07025426,0.1378839,0.9879536,static,8.807028639948815,-11.941192787666436,8.48607322893318,-10.963361697755134,0.15731300000000004,-0.1126991,2.121143,0.14986911205090606,-0.20457077149353134,0.9673106676956119,7.5378523836667615,-11.353674810766853,1.008536502152227,1.02915791609322,1.0254106970315153
05/10/2023 16:35:39.982892,3308,True,True,True,True,Eyes,1.372933,-0.3558591,-2.934838,0.07879186,-0.06971645,0.9944504,0.0,0.0,0.0,0.0,0.0,0.0,0.0,-1.159354,-0.06839222,3.053803,1.372268,-0.3555351,-2.943631,-0.06885495,-0.03557716,-0.003829984,0.9969848,352.0929,355.9235,359.8416,0.4213005,-0.1091615,-0.9003272,0,0,0,1.52947,-0.4687414,-0.822507,0.3087,-0.4007999,2.069,0.9974392,-0.002737545,0.07146719,0.0125362,0.9904886,-0.1370221,-0.07041233,0.1375672,0.9879865,static,8.80552451310302,-11.92673928077403,8.48607322893318,-10.963359028665995,0.15720200000000006,-0.11320629999999998,2.121124,0.14985152201509877,-0.20432732806998793,0.967364979217544,7.537169485474177,-11.339715709818488,0.9945466991156398,1.0149633654026637,1.0208147068878997
05/10/2023 16:35:40.002786,3309,True,True,True,True,Eyes,1.372899,-0.3558574,-2.934843,0.07878803,-0.06968125,0.9944531,0.0,0.0,0.0,0.0,0.0,0.0,0.0,-1.158964,-0.06953737,3.053928,1.372253,-0.3554185,-2.943655,-0.06900396,-0.03563963,-0.003876435,0.9969721,352.0756,355.9166,359.8374,0.4212904,-0.1091627,-0.9003318,0,0,0,1.529167,-0.4680118,-0.822477,0.3087,-0.4007999,2.069,0.9974295,-0.002810844,0.0715984,0.01264795,0.9904469,-0.1373137,-0.07052844,0.1378663,0.9879366,static,8.813752649840477,-11.941423780943946,8.48607322893318,-10.963359028665995,0.156914,-0.11259329999999995,2.121178,0.14998262894365363,-0.20457112206195976,0.9672930607659267,7.544320882269847,-11.353948600454629,1.0106344585149118,1.0314962251674378,1.019537981654397
05/10/2023 16:35:40.026813,3310,True,True,True,True,Eyes,1.372867,-0.3558542,-2.934843,0.07878405,-0.06964151,0.9944562,0.0,0.0,0.0,0.0,0.0,0.0,0.0,-1.159282,-0.07169318,3.053745,1.372285,-0.3554104,-2.943629,-0.06930758,-0.03559722,-0.004004792,0.9969521,352.0402,355.9224,359.8235,0.4212804,-0.1091637,-0.9003364,0,0,0,1.529311,-0.4667784,-0.822394,0.3087,-0.4008,2.069,0.9974336,-0.003050857,0.07153255,0.01291948,0.9903609,-0.1379075,-0.07042231,0.1384778,0.9878586,static,8.811649549646726,-11.972380758757792,8.48607322893318,-10.963361697755134,0.1570260000000001,-0.11136799999999997,2.121235,0.14993031751407443,-0.20509536781802767,0.9671901520164682,7.540651481137202,-11.383806352699947,1.0391326581542617,1.0602449745582643,1.0346960853686766
05/10/2023 16:35:40.043092,3311,True,True,True,True,Eyes,1.372825,-0.355854,-2.934842,0.07876109,-0.06963948,0.9944582,0.0,0.0,0.0,0.0,0.0,0.0,0.0,-1.159687,-0.07331172,3.053443,1.372308,-0.3553718,-2.943509,-0.06942382,-0.03555162,-0.00436102,0.9969441,352.0255,355.9305,359.7825,0.4212706,-0.1091646,-0.9003409,0,0,0,1.529342,-0.4664142,-0.8222581,0.3087,-0.4008,2.069,0.9974341,-0.003759128,0.07149146,0.01363164,0.9903226,-0.1381132,-0.07028043,0.1387334,0.9878328,static,8.81107887636549,-11.980906772684559,8.48607322893318,-10.963361697755134,0.1570339999999999,-0.11104239999999999,2.1212509,0.14991605423168602,-0.20523974737422535,0.9671617759202775,7.539649115805238,-11.392029688203321,1.047007003853593,1.0681884900971477,1.0389777899189647
05/10/2023 16:35:40.062841,3312,True,True,True,True,Eyes,1.372781,-0.3558534,-2.934843,0.0787387,-0.06965157,0.994459,0.0,0.0,0.0,0.0,0.0,0.0,0.0,-1.160156,-0.07308662,3.053209,1.372235,-0.3554281,-2.943473,-0.06927556,-0.03547746,-0.004654304,0.9969558,352.0413,355.9415,359.7475,0.4212607,-0.1091655,-0.9003453,0,0,0,1.52943,-0.4672382,-0.8222743,0.3086999,-0.4007999,2.069,0.9974394,-0.004364828,0.07138377,0.01419571,0.9903584,-0.1377991,-0.07009406,0.1384596,0.9878845,static,8.805291945732865,-11.960489386031547,8.486070519988186,-10.963359028665995,0.15719499999999997,-0.11181009999999997,2.1211987,0.14982931729546872,-0.2048977840714735,0.967247590084115,7.5351547603964635,-11.372283000627442,1.0262196812396658,1.0469819808546947,1.035113325527514
05/10/2023 16:35:40.074957,3313,True,True,True,True,Eyes,1.372717,-0.355854,-2.934846,0.07872146,-0.06965041,0.9944605,0.0,0.0,0.0,0.0,0.0,0.0,0.0,-1.159778,-0.07131657,3.053415,1.372139,-0.3554116,-2.94354,-0.06907257,-0.03551386,-0.004427408,0.9969696,352.0655,355.9355,359.7731,0.4212507,-0.1091663,-0.9003499,0,0,0,1.529298,-0.4679753,-0.8223786,0.3086999,-0.4008,2.069,0.9974383,-0.003921915,0.0714241,0.01373405,0.9904187,-0.137412,-0.07020085,0.1380409,0.9879355,static,8.804167878151368,-11.940034486355273,8.486070519988186,-10.963361697755134,0.15715900000000005,-0.11256369999999999,2.1211614,0.1498213960666276,-0.20455271801046282,0.9673219054550186,7.53515656866386,-11.35253539611349,1.0066605878962922,1.027168761821721,1.0274694692871233
05/10/2023 16:35:40.092724,3314,True,True,True,True,Eyes,1.372658,-0.3558578,-2.93485,0.07870586,-0.0696626,0.9944609,0.0,0.0,0.0,0.0,0.0,0.0,0.0,-1.158828,-0.06974944,3.053812,1.372128,-0.3554054,-2.943547,-0.06892567,-0.0356556,-0.004147478,0.9969758,352.0835,355.917,359.8059,0.4212401,-0.1091671,-0.9003548,0,0,0,1.528834,-0.4684552,-0.8223778,0.3086999,-0.4008,2.069,0.9974229,-0.003354698,0.07166728,0.01318504,0.9904641,-0.1371387,-0.07052381,0.1377302,0.9879559,static,8.814759293318795,-11.927757347637888,8.486070519988186,-10.963361697755134,0.156706,-0.11304980000000003,2.1211692,0.15000703095020473,-0.20433962547993983,0.9673381931827834,7.546016164379153,-11.340768028870423,0.9981159309012572,1.018869608549769,1.0129845656600187
05/10/2023 16:35:40.107123,3315,True,True,True,True,Eyes,1.372619,-0.3558579,-2.934853,0.07866206,-0.06967357,0.9944636,0.0,0.0,0.0,0.0,0.0,0.0,0.0,-1.158789,-0.06818727,3.053922,1.372182,-0.3554796,-2.943574,-0.06874079,-0.0356648,-0.003997887,0.996989,352.1053,355.9148,359.8225,0.4212289,-0.109168,-0.9003599,0,0,0,1.528927,-0.4692433,-0.8224461,0.3087,-0.4007999,2.069,0.9974241,-0.003068446,0.07166445,0.01287495,0.9905174,-0.1367824,-0.07056518,0.1373528,0.9880055,static,8.810247378268523,-11.90901450965144,8.48607322893318,-10.963359028665995,0.1567449999999999,-0.11376369999999997,2.1211279,0.14994089843923242,-0.2040252455074521,0.9674148044845128,7.542661856818337,-11.32264693853054,0.9792793580910407,0.9996765315916484,1.0095111783484334
05/10/2023 16:35:40.122886,3316,True,True,True,True,Eyes,1.37258,-0.3558599,-2.934858,0.07862042,-0.06968046,0.9944664,0.0,0.0,0.0,0.0,0.0,0.0,0.0,-1.159114,-0.06733516,3.053775,1.372104,-0.3554243,-2.943573,-0.06864082,-0.03559397,-0.003882632,0.9969988,352.1173,355.9221,359.8348,0.4212179,-0.1091689,-0.900365,0,0,0,1.529208,-0.4695618,-0.8224913,0.3086999,-0.4007999,2.069,0.997436,-0.002855561,0.0715073,0.01262836,0.9905468,-0.1365932,-0.07044127,0.137146,0.988043,static,8.79742230954698,-11.899207565841328,8.486070519988186,-10.963359028665995,0.1571039999999999,-0.11413749999999995,2.1210817000000004,0.14972941271323115,-0.20386626273137454,0.9674810631553675,7.530821059514194,-11.313086134089922,0.966439656106937,0.9862821205895781,1.0172563983598484
05/10/2023 16:35:40.143135,3317,True,True,True,True,Eyes,1.372584,-0.3558577,-2.934863,0.07852934,-0.06970154,0.9944721,0.0,0.0,0.0,0.0,0.0,0.0,0.0,-1.158949,-0.06709,3.05387,1.372081,-0.3554726,-2.943606,-0.06866953,-0.03560971,-0.003733525,0.9969968,352.1146,355.9191,359.8523,0.4212069,-0.1091698,-0.90037,0,0,0,1.529196,-0.4694186,-0.8225155,0.3087,-0.4007999,2.069,0.997436,-0.002554022,0.07151828,0.01233523,0.9905411,-0.1366607,-0.07049276,0.1371925,0.9880329,static,8.791685158690717,-11.905687026492735,8.48607322893318,-10.963359028665995,0.1571149999999999,-0.11394599999999999,2.1210905,0.14962894998804566,-0.20397880541334965,0.9674728646661026,7.5249477030109375,-11.319295439468702,0.970938469192901,0.9906466106025298,1.0249160966217767
05/10/2023 16:35:40.153113,3318,True,True,True,True,Eyes,1.37259,-0.3558532,-2.934869,0.07844006,-0.06971937,0.9944779,0.0,0.0,0.0,0.0,0.0,0.0,0.0,-1.158665,-0.06654656,3.054039,1.372084,-0.3554343,-2.943661,-0.06861743,-0.03565112,-0.003622617,0.9969994,352.121,355.9134,359.8652,0.4211971,-0.1091705,-0.9003745,0,0,0,1.529082,-0.4695478,-0.8225701,0.3087,-0.4008,2.069,0.9974318,-0.002330916,0.07158543,0.01211607,0.990557,-0.1365647,-0.07059114,0.1370814,0.9880413,moving,8.789342995692255,-11.902208064301355,8.48607322893318,-10.963361697755134,0.15699799999999997,-0.11411350000000003,2.1210909,0.14959123418705844,-0.20392123850797034,0.9674908362843434,7.522874845206007,-11.315920497557208,0.9670236150493339,0.9866129187311228,1.0256943178805833
05/10/2023 16:35:40.173199,3319,True,True,True,True,Eyes,1.3726,-0.35585,-2.934874,0.07835259,-0.06972414,0.9944845,0.0,0.0,0.0,0.0,0.0,0.0,0.0,-1.158512,-0.06698754,3.054143,1.372143,-0.3553069,-2.943706,-0.06865126,-0.03568695,-0.003661388,0.9969956,352.117,355.9096,359.8611,0.4211883,-0.109171,-0.9003785,0,0,0,1.525921,-0.4673691,-0.8233299,0.3056022,-0.3988309,2.068754,0.997426,-0.002400866,0.07166218,0.01220068,0.9905472,-0.1366287,-0.07065675,0.1371513,0.9880269,moving,8.789105740432825,-11.905923770237482,8.403122100580067,-10.912061619442218,0.1537780000000002,-0.1120622,2.1203761,0.14958523048978115,-0.20398417660811283,0.9674785368738298,7.522449040868448,-11.31950438041611,1.0434344104199658,1.0661826039742783,0.9703579966032391
05/10/2023 16:35:40.192790,3320,True,True,True,True,Eyes,1.372608,-0.3558461,-2.934882,0.07825463,-0.06972219,0.9944924,0.0,0.0,0.0,0.0,0.0,0.0,0.0,-1.158412,-0.06758153,3.054149,1.372125,-0.355345,-2.94369,-0.06874371,-0.03570139,-0.003690591,0.9969885,352.1062,355.9081,359.8582,0.4211806,-0.1091713,-0.9003821,0,0,0,1.522704,-0.4650567,-0.8240408,0.3024283,-0.3968135,2.068502,0.9974235,-0.002450461,0.07169517,0.01226744,0.9905214,-0.1368099,-0.07068034,0.1373369,0.9879994,moving,8.785815711006716,-11.916086846269895,8.318075749488678,-10.859471993976634,0.15057900000000002,-0.10971169999999997,2.1196492,0.14952415857071757,-0.2041577016688187,0.9674514268972979,7.518738845864392,-11.329286913449772,1.1296220221206392,1.1555153039607942,0.9271815054536048
05/10/2023 16:35:40.203368,3321,True,True,True,True,Eyes,1.372644,-0.3558403,-2.934888,0.07814944,-0.06969289,0.9945027,0.0,0.0,0.0,0.0,0.0,0.0,0.0,-1.157433,-0.06822672,3.054541,1.372063,-0.3553946,-2.94375,-0.06883062,-0.035853,-0.00374567,0.9969769,352.096,355.891,359.8535,0.4211738,-0.1091715,-0.9003853,0,0,0,1.518756,-0.4627243,-0.8248109,0.2991578,-0.3947348,2.068243,0.9974011,-0.002533125,0.07200486,0.01240426,0.9904966,-0.1369765,-0.0709736,0.1375136,0.9879538,moving,8.798359129058445,-11.923991270816316,8.230377997216358,-10.80524825523068,0.14669299999999996,-0.10732969999999997,2.1189391,0.1497318979147015,-0.20428466692176855,0.9673924683414062,7.530409117724452,-11.337009644362189,1.22507204947017,1.2546666892247762,0.8790486944579501
05/10/2023 16:35:40.227807,3322,True,True,True,True,Eyes,1.372678,-0.3558362,-2.934894,0.07804171,-0.06965522,0.9945138,0.0,0.0,0.0,0.0,0.0,0.0,0.0,-1.157083,-0.06933075,3.054662,1.372117,-0.3553906,-2.943739,-0.06895358,-0.03592506,-0.003883128,0.9969653,352.0813,355.8837,359.8387,0.4211685,-0.1091713,-0.9003878,0,0,0,1.515261,-0.4602505,-0.8255186,0.2959288,-0.3926823,2.067987,0.9973887,-0.002788366,0.07216758,0.01269701,0.9904606,-0.1372097,-0.07109655,0.1377676,0.9879096,moving,8.802942880576573,-11.934315956036949,8.143734492932705,-10.751676736800738,0.14314399999999994,-0.1048599,2.1182204,0.14980379282955733,-0.2044567357106481,0.967344986775575,7.534279277905683,-11.347007711214118,1.3210142269396477,1.3539539213782958,0.8519710254578019
05/10/2023 16:35:40.243558,3323,True,True,True,True,Eyes,1.372736,-0.3558311,-2.934896,0.07792395,-0.06966306,0.9945225,0.0,0.0,0.0,0.0,0.0,0.0,0.0,-1.156687,-0.07045424,3.054762,1.372093,-0.3554296,-2.94372,-0.06908808,-0.03599156,-0.00401876,0.9969531,352.0653,355.877,359.8242,0.4211645,-0.109171,-0.9003897,0,0,0,1.511796,-0.4578221,-0.8261991,0.2927851,-0.3906844,2.067738,0.9973769,-0.003039856,0.07231908,0.01298621,0.9904214,-0.1374659,-0.07120848,0.1380444,0.9878629,moving,8.806386993620078,-11.948624214808039,8.059322254740469,-10.699498327326562,0.1397029999999999,-0.1023925,2.1175208999999997,0.1498542644236912,-0.2046967204312014,0.9672864306900832,7.536839684886404,-11.360841326522134,1.4193284557009511,1.455479717087684,0.8428301124107406
05/10/2023 16:35:40.255001,3324,True,True,True,True,Eyes,1.372791,-0.3558278,-2.9349,0.07780653,-0.06967423,0.9945309,0.0,0.0,0.0,0.0,0.0,0.0,0.0,-1.156295,-0.07058048,3.054856,1.372048,-0.3554472,-2.943686,-0.06909196,-0.03605095,-0.004064872,0.9969505,352.0647,355.8706,359.8193,0.4211624,-0.1091705,-0.9003907,0,0,0,1.508295,-0.4558277,-0.8269178,0.289548,-0.3886267,2.067481,0.9973676,-0.00312329,0.07244372,0.01308661,0.9904195,-0.1374694,-0.07132033,0.1380556,0.9878533,moving,8.80714945605554,-11.94920205162986,7.972346326333072,-10.645728974633524,0.136247,-0.10038049999999998,2.1167682,0.14986683522372,-0.2047060789118545,0.9672824915442765,7.537543907084714,-11.361404711928982,1.508742520981307,1.5478818843337896,0.8374036689301171
05/10/2023 16:35:40.273350,3325,True,True,True,True,Eyes,1.372862,-0.3558239,-2.934905,0.0778024,-0.06984399,0.9945194,0.0,0.0,0.0,0.0,0.0,0.0,0.0,-1.155929,-0.07017526,3.05502,1.372055,-0.3554881,-2.943694,-0.0690423,-0.03611087,-0.004035137,0.9969519,352.0705,355.8634,359.823,0.4211618,-0.1091699,-0.900391,0,0,0,1.504701,-0.4539372,-0.8277357,0.2861281,-0.3864528,2.067209,0.9973595,-0.003059318,0.07255878,0.01303203,0.9904338,-0.1373723,-0.0714444,0.1379551,0.9878583,moving,8.813505667100486,-11.953851336333694,7.880396984788957,-10.58889051691637,0.13264600000000004,-0.09844910000000001,2.1159583,0.14997174414959175,-0.20478129142089696,0.9672503977781344,7.5434235056409955,-11.365939395808926,1.610964218221244,1.6534236757557237,0.8469687632004262
05/10/2023 16:35:40.293170,3326,True,True,True,True,Eyes,1.37293,-0.3558196,-2.934911,0.07779706,-0.07001134,0.994508,0.0,0.0,0.0,0.0,0.0,0.0,0.0,-1.155956,-0.06973392,3.055072,1.372066,-0.3555113,-2.94374,-0.06895228,-0.03611042,-0.004082166,0.996958,352.0806,355.8639,359.8172,0.4211631,-0.109169,-0.9003906,0,0,0,1.501751,-0.4525018,-0.8285105,0.2831384,-0.3845525,2.066972,0.9973587,-0.003159704,0.07256408,0.01311928,0.9904578,-0.1371902,-0.07143818,0.1377798,0.9878832,moving,8.813855458781164,-11.952566692177403,7.79995798593399,-10.539172201708496,0.12968500000000005,-0.09699050000000004,2.1152295,0.14997834348499214,-0.20475938648516956,0.9672539596553501,7.543828798073996,-11.364702353455312,1.6943742246202909,1.7394459092290706,0.8643507345498944
05/10/2023 16:35:40.308485,3327,True,True,True,True,Eyes,1.37293,-0.3558196,-2.934911,0.07779706,-0.07001134,0.994508,0.0,0.0,0.0,0.0,0.0,0.0,0.0,-1.155582,-0.06865853,3.055287,1.37208,-0.3554999,-2.943787,-0.06886957,-0.03616278,-0.003844084,0.9969627,352.0911,355.856,359.8448,0.4211658,-0.1091681,-0.9003894,0,0,0,1.49847,-0.4507253,-0.8293338,0.2798956,-0.3824913,2.066715,0.9973549,-0.002683784,0.07263536,0.01264584,0.9904844,-0.1370427,-0.0715764,0.1375988,0.9878985,moving,8.815858561971554,-11.946241206403794,7.712653148952527,-10.48521281072157,0.12639,-0.09522540000000002,2.1144532,0.15001561953206105,-0.20465142925785829,0.967271026515509,7.546095025551721,-11.35861337963072,1.78291909516621,1.830755624408745,0.8891401252005354
05/10/2023 16:35:40.328017,3328,True,True,True,True,Eyes,1.37293,-0.3558196,-2.934911,0.07779706,-0.07001134,0.994508,0.0,0.0,0.0,0.0,0.0,0.0,0.0,-1.155309,-0.06917259,3.055397,1.372146,-0.3554353,-2.943783,-0.0689358,-0.03621859,-0.003860421,0.9969561,352.0834,355.8496,359.8436,0.4211683,-0.1091672,-0.9003883,0,0,0,1.495198,-0.4484296,-0.830053,0.276749,-0.3804912,2.066465,0.9973466,-0.002703826,0.07274892,0.01269086,0.9904659,-0.1371723,-0.07168444,0.1377316,0.9878721,moving,8.822828392213019,-11.953798626686737,7.627885314799608,-10.432825160764635,0.12305199999999994,-0.09299429999999997,2.11373,0.1501293055616289,-0.20477543810055152,0.9672271418335765,7.552411756601368,-11.365959074681827,1.883426307546059,1.9342309175218264,0.9361811573031799
05/10/2023 16:35:40.344092,3329,True,True,True,True,Eyes,1.37293,-0.3558196,-2.934911,0.07779706,-0.07001134,0.994508,0.0,0.0,0.0,0.0,0.0,0.0,0.0,-1.156166,-0.0698742,3.055057,1.372182,-0.3554035,-2.94377,-0.06892551,-0.03609803,-0.004157853,0.9969599,352.0834,355.8659,359.8083,0.4211706,-0.1091664,-0.9003873,0,0,0,1.492429,-0.44656,-0.8308364,0.2735253,-0.3784423,2.06621,0.9973592,-0.003314275,0.07254974,0.01326658,0.990464,-0.1371318,-0.07140341,0.1377321,0.9878924,moving,8.813522929204476,-11.948463504876864,7.540980251439404,-10.379122464709123,0.12024699999999999,-0.09115650000000003,2.1129336000000003,0.1499749462242804,-0.2046902236025135,0.9672691250132079,7.543725988185543,-11.36074023729794,1.9673354145594768,2.0204445468976044,0.9816216127064988
05/10/2023 16:35:40.353227,3330,True,True,True,True,Eyes,1.37293,-0.3558196,-2.934911,0.07779706,-0.07001134,0.994508,0.0,0.0,0.0,0.0,0.0,0.0,0.0,-1.156637,-0.06981772,3.054791,1.372088,-0.3553637,-2.943726,-0.068881,-0.03600996,-0.004234333,0.9969658,352.0882,355.8767,359.7986,0.4211726,-0.1091657,-0.9003865,0,0,0,1.489283,-0.4445991,-0.8316402,0.2700807,-0.3762528,2.065936,0.9973707,-0.003482166,0.07238472,0.01340377,0.9904749,-0.1370391,-0.07121806,0.137649,0.9879174,moving,8.804357894867595,-11.942134432884872,7.448063270416401,-10.321706866379834,0.11719499999999994,-0.08923540000000002,2.1120858,0.14982348696931685,-0.20458812636921184,0.9673141959251552,7.535228300952406,-11.354563294734016,2.057593501289186,2.1131305228510247,1.036527927332833
05/10/2023 16:35:40.373491,3331,True,True,True,True,Eyes,1.373007,-0.3558121,-2.934916,0.07776814,-0.07026155,0.9944925,0.0,0.0,0.0,0.0,0.0,0.0,0.0,-1.156007,-0.06954449,3.054996,1.372058,-0.3553888,-2.943696,-0.06888029,-0.03610403,-0.004133994,0.996963,352.0887,355.8651,359.8109,0.4211744,-0.109165,-0.9003857,0,0,0,1.485891,-0.4426777,-0.8323189,0.2670149,-0.3743041,2.065694,0.9973588,-0.003269165,0.07255826,0.01321659,0.9904768,-0.1370437,-0.07141925,0.1376407,0.987904,moving,8.812419396150661,-11.958091759900292,7.365303798646066,-10.270566271780206,0.11383300000000007,-0.0872889,2.1113771000000003,0.14995106548593798,-0.20485349153371213,0.9672381436491178,7.542151562405199,-11.370023209871349,2.1645813067667654,2.2230352731335628,1.1135891029744125
05/10/2023 16:35:40.392956,3332,True,True,True,True,Eyes,1.373081,-0.3558061,-2.93492,0.07773559,-0.07050401,0.9944779,0.0,0.0,0.0,0.0,0.0,0.0,0.0,-1.155349,-0.06982386,3.055329,1.372097,-0.3554707,-2.943761,-0.0689553,-0.03621473,-0.004087121,0.9969539,352.0802,355.8519,359.8175,0.4211779,-0.1091641,-0.9003841,0,0,0,1.48245,-0.4405004,-0.8330825,0.2639274,-0.3723413,2.065449,0.9973436,-0.003154947,0.07277249,0.01314374,0.9904569,-0.1371945,-0.07164518,0.1377865,0.9878673,moving,8.82330173644203,-11.981681243343777,7.281912183070833,-10.219032846233493,0.11035300000000015,-0.08502970000000004,2.1106784999999997,0.1501221519048318,-0.2052463129662374,0.967128337651403,7.551388697749797,-11.392869545939176,2.2799925303244755,2.34154033214833,1.2043712839234635
05/10/2023 16:35:40.410931,3333,True,True,True,True,Eyes,1.373183,-0.3557974,-2.934923,0.07776978,-0.07074887,0.9944579,0.0,0.0,0.0,0.0,0.0,0.0,0.0,-1.154955,-0.0695681,3.055459,1.372097,-0.355499,-2.943733,-0.06892434,-0.03627882,-0.004068737,0.9969538,352.0838,355.8444,359.82,0.4211829,-0.1091629,-0.900382,0,0,0,1.478945,-0.4385992,-0.8338319,0.2606289,-0.3702449,2.065187,0.9973346,-0.003111698,0.07289747,0.01311367,0.9904658,-0.1371335,-0.07177573,0.137724,0.9878665,moving,8.83276897657476,-11.992732640158913,7.192766314098187,-10.163961334464455,0.10684800000000005,-0.08310020000000001,2.1099011,0.1502761092214667,-0.20542800510327336,0.9670659139254586,7.55992712052298,-11.403605846564664,2.3918798964995074,2.456422850704182,1.292874925951722
05/10/2023 16:35:40.423168,3334,True,True,True,True,Eyes,1.373282,-0.3557893,-2.934925,0.07779713,-0.070987,0.9944388,0.0,0.0,0.0,0.0,0.0,0.0,0.0,-1.154632,-0.06930298,3.055605,1.372147,-0.3554976,-2.943728,-0.06886081,-0.03634217,-0.004111313,0.9969557,352.0909,355.8374,359.8153,0.42119,-0.1091615,-0.9003788,0,0,0,1.475644,-0.43694,-0.8345667,0.2575114,-0.3682633,2.064939,0.9973246,-0.00319249,0.07302927,0.0132027,0.9904826,-0.1370035,-0.07189684,0.1376012,0.9878749,moving,8.842593138232528,-11.99883480101873,7.108460463774222,-10.111876922769753,0.10349699999999995,-0.08144239999999997,2.1091613000000002,0.15043876723483945,-0.20552585825566494,0.9670198412916932,7.5690721281581235,-11.409568806088737,2.4954817470222057,2.562777041981959,1.3770139176487945
05/10/2023 16:35:40.442819,3335,True,True,True,True,Eyes,1.373405,-0.3557774,-2.934927,0.07768577,-0.07098258,0.9944478,0.0,0.0,0.0,0.0,0.0,0.0,0.0,-1.154244,-0.069114,3.055769,1.372165,-0.3555044,-2.943732,-0.06882309,-0.03640954,-0.004125036,0.9969558,352.0952,355.8297,359.8141,0.4211988,-0.1091598,-0.9003749,0,0,0,1.472223,-0.4351152,-0.8353277,0.2543071,-0.3662265,2.064685,0.9973146,-0.003213321,0.07316519,0.01323659,0.9904927,-0.1369268,-0.0720296,0.1375275,0.9878755,moving,8.843947831819078,-11.994147943229136,7.021750883115925,-10.058306647066352,0.10005799999999998,-0.07961079999999998,2.1084042999999997,0.15046420764588053,-0.20544594528881352,0.9670328423743799,7.570626468268869,-11.40505621149156,2.588891646466902,2.6585490862108005,1.4543035437130976
05/10/2023 16:35:40.458931,3336,True,True,True,True,Eyes,1.373523,-0.3557653,-2.93493,0.07757705,-0.0709677,0.9944574,0.0,0.0,0.0,0.0,0.0,0.0,0.0,-1.154284,-0.06990513,3.05575,1.372184,-0.3554679,-2.943743,-0.06890869,-0.03640977,-0.00421861,0.9969494,352.085,355.8304,359.8037,0.4212099,-0.1091577,-0.9003701,0,0,0,1.469164,-0.4328306,-0.8360611,0.2512199,-0.3642645,2.06444,0.997313,-0.003393581,0.07317881,0.01342938,0.9904676,-0.1370898,-0.072016,0.1377041,0.9878518,moving,8.839369300335528,-12.001896891971489,6.93816022947427,-10.006675979239905,0.09697999999999984,-0.0773627,2.1076819,0.15038263519126133,-0.20557932100352327,0.9670172383951668,7.565802464302267,-11.412499347505173,2.684082001089865,2.7559939081439544,1.5395694585502107
05/10/2023 16:35:40.473184,3337,True,True,True,True,Eyes,1.373675,-0.35575,-2.934927,0.07737782,-0.07077681,0.9944865,0.0,0.0,0.0,0.0,0.0,0.0,0.0,-1.154289,-0.07114181,3.055749,1.372192,-0.3554545,-2.943771,-0.06905665,-0.03641487,-0.004347346,0.9969385,352.0674,355.8308,359.7895,0.4212228,-0.1091553,-0.9003643,0,0,0,1.465819,-0.4301648,-0.8368599,0.2478885,-0.362147,2.064176,0.9973101,-0.003638694,0.07320719,0.01369745,0.9904246,-0.1373738,-0.07200634,0.1380071,0.9878103,moving,8.830517947305982,-12.006134175320906,6.84790067141021,-9.950919120612799,0.0936269999999999,-0.07471030000000001,2.1069111,0.15023077813006164,-0.20565563295874634,0.9670245893868222,7.557046524938012,-11.416521373752833,2.781509537416278,2.8556400655158236,1.628151653251262
05/10/2023 16:35:40.493034,3338,True,True,True,True,Eyes,1.37382,-0.3557356,-2.934927,0.07718632,-0.07059717,0.9945141,0.0,0.0,0.0,0.0,0.0,0.0,0.0,-1.154497,-0.07172978,3.05555,1.37218,-0.355445,-2.943666,-0.0691119,-0.03638469,-0.004451843,0.9969354,352.0607,355.8351,359.7774,0.4212383,-0.1091525,-0.9003574,0,0,0,1.462802,-0.4280042,-0.8375022,0.2447476,-0.3601506,2.063927,0.9973127,-0.003847167,0.07316172,0.01390563,0.9904075,-0.1374762,-0.07193103,0.1381241,0.9877994,moving,8.817321166156132,-12.000570173114102,6.762750297448791,-9.898320948458931,0.09062199999999998,-0.07255919999999999,2.1061638,0.15001083531507592,-0.20556865750231473,0.9670771736768118,7.544622358562669,-11.411052220277398,2.863611256336032,2.939509016333188,1.7028446261147783
05/10/2023 16:35:40.507905,3339,True,True,True,True,Eyes,1.373948,-0.3557208,-2.934926,0.07691351,-0.07017988,0.9945648,0.0,0.0,0.0,0.0,0.0,0.0,0.0,-1.154511,-0.07168379,3.055575,1.372136,-0.355449,-2.943717,-0.06907409,-0.03637795,-0.004523435,0.9969378,352.0647,355.8365,359.769,0.4212559,-0.1091493,-0.9003496,0,0,0,1.459725,-0.4262726,-0.8382955,0.2416655,-0.3581913,2.063682,0.9973124,-0.003993617,0.073158,0.01404471,0.9904166,-0.1373961,-0.0719082,0.1380543,0.9878109,moving,8.800780265164429,-11.970913295864559,6.679146951012717,-9.846674428817549,0.08758899999999992,-0.07082359999999999,2.1054215,0.14974744743635449,-0.20507634900618338,0.9672225380133386,7.5302532720099356,-11.382307995722725,2.9251714560569773,3.002285576688457,1.7557199154327932
05/10/2023 16:35:40.522851,3340,True,True,True,True,Eyes,1.37407,-0.3557064,-2.934926,0.07664988,-0.06978913,0.9946126,0.0,0.0,0.0,0.0,0.0,0.0,0.0,-1.154328,-0.07126173,3.055646,1.372114,-0.3554292,-2.943722,-0.06899416,-0.03640533,-0.004537961,0.9969423,352.0739,355.8334,359.7672,0.421275,-0.1091458,-0.900341,0,0,0,1.456266,-0.4244919,-0.8391134,0.2382906,-0.3560463,2.063414,0.9973081,-0.004024658,0.07321421,0.01407168,0.9904385,-0.1372359,-0.07196184,0.1378968,0.9878289,moving,8.787724999394815,-11.938759070751185,6.587544848185176,-9.790099285258655,0.084152,-0.06906269999999998,2.1046086,0.14954419711263847,-0.2045398680183543,0.9673675239276444,7.51937621376242,-11.35118019115346,2.996756015476453,3.075309996011731,1.8180438082243497
05/10/2023 16:35:40.542812,3341,True,True,True,True,Eyes,1.374148,-0.3556943,-2.934927,0.07624707,-0.06926663,0.9946801,0.0,0.0,0.0,0.0,0.0,0.0,0.0,-1.154148,-0.07042092,3.055723,1.372091,-0.355424,-2.943722,-0.06886644,-0.03643064,-0.004507066,0.9969503,352.0886,355.8303,359.7704,0.4212953,-0.1091421,-0.900332,0,0,0,1.45316,-0.4231187,-0.8398524,0.2352476,-0.3541119,2.063173,0.997305,-0.003968944,0.07325985,0.01400434,0.9904742,-0.1369844,-0.0720183,0.1376412,0.9878604,moving,8.765143559165,-11.89396931901444,6.504899783154608,-9.739046459033455,0.08106900000000006,-0.0676947,2.1038696000000003,0.1491866104102754,-0.20379472303352364,0.9675799962737626,7.49998797460348,-11.30778694540182,3.0436270210646277,3.122882396034527,1.8577263583025996
05/10/2023 16:35:40.554426,3342,True,True,True,True,Eyes,1.374222,-0.3556828,-2.934929,0.07586261,-0.06876592,0.9947443,0.0,0.0,0.0,0.0,0.0,0.0,0.0,-1.154408,-0.06961283,3.05565,1.372085,-0.3554212,-2.943732,-0.06878102,-0.03638214,-0.004392505,0.9969586,352.0989,355.8351,359.7829,0.4213156,-0.1091382,-0.900323,0,0,0,1.450317,-0.4214856,-0.8406327,0.2321055,-0.3521146,2.062924,0.997314,-0.003753488,0.07314722,0.01376309,0.9904997,-0.136824,-0.07193873,0.1374633,0.9878911,moving,8.733967554373294,-11.856251926804157,6.419514914454645,-9.686305412802373,0.07823200000000008,-0.06606440000000002,2.1030993,0.14867972203273666,-0.20317342664961535,0.9677887211017031,7.471940883079838,-11.271153534217879,3.092726552742508,3.1725949782559546,1.9024573549467367
05/10/2023 16:35:40.573088,3343,True,True,True,True,Eyes,1.374285,-0.3556699,-2.934932,0.07535424,-0.06818446,0.9948229,0.0,0.0,0.0,0.0,0.0,0.0,0.0,-1.154397,-0.06902725,3.055678,1.372072,-0.3554252,-2.943749,-0.06875297,-0.03637412,-0.00422888,0.9969615,352.1028,355.8347,359.8016,0.4213356,-0.1091343,-0.900314,0,0,0,1.447254,-0.4195634,-0.8414199,0.2288997,-0.3500773,2.06267,0.9973181,-0.003430401,0.07310869,0.01343372,0.9905103,-0.1367805,-0.0719457,0.1373958,0.9878998,moving,8.699541030862921,-11.821130502053743,6.332348112512374,-9.632477976495819,0.07518200000000008,-0.06413819999999998,2.1023291,0.14811623386549277,-0.20259745809670848,0.9679957828803459,7.440623141740424,-11.23700065063998,3.143491939735769,3.223942026513513,1.950068345533859
05/10/2023 16:35:40.592805,3344,True,True,True,True,Eyes,1.374347,-0.3556589,-2.934935,0.07486839,-0.06762172,0.994898,0.0,0.0,0.0,0.0,0.0,0.0,0.0,-1.154276,-0.06882691,3.055755,1.372069,-0.3553874,-2.943782,-0.06877699,-0.03638579,-0.004074892,0.99696,352.1007,355.8321,359.8195,0.4213553,-0.1091303,-0.9003053,0,0,0,1.444065,-0.4173529,-0.8422256,0.2256436,-0.3480074,2.062411,0.9973189,-0.003119998,0.07311088,0.01313002,0.9905063,-0.1368393,-0.07198985,0.1374323,0.9878916,moving,8.66911550857987,-11.793022654164785,6.2437645575479035,-9.577762311615363,0.07199599999999995,-0.06196550000000001,2.1015564,0.14761649990970577,-0.20213783169084548,0.9681682029454807,7.412789559479874,-11.209646185214966,3.203507293024253,3.2847687317288936,2.0074024090990052
05/10/2023 16:35:40.602935,3345,True,True,True,True,Eyes,1.374408,-0.3556467,-2.934937,0.0740103,-0.06688244,0.9950122,0.0,0.0,0.0,0.0,0.0,0.0,0.0,-1.154379,-0.06891596,3.055722,1.372076,-0.3554222,-2.943784,-0.06882697,-0.03636664,-0.00400533,0.9969576,352.0953,355.8337,359.8276,0.4213745,-0.1091262,-0.9002967,0,0,0,1.441036,-0.415169,-0.8429869,0.2224445,-0.345974,2.062157,0.9973229,-0.002980275,0.07306334,0.0129923,0.9904936,-0.1369438,-0.07196064,0.1375265,0.9878806,moving,8.61441504591746,-11.756363784917822,6.156679450909219,-9.523978958607689,0.06895999999999991,-0.05974679999999999,2.1007971,0.14671039855530316,-0.20154581332622235,0.9684293508158965,7.362012901719191,-11.17385624805527,3.239022461837651,3.3202418989751683,2.0432630270908274
05/10/2023 16:35:40.623072,3346,True,True,True,True,Eyes,1.374465,-0.3556343,-2.93494,0.07318529,-0.06617138,0.9951207,0.0,0.0,0.0,0.0,0.0,0.0,0.0,-1.154538,-0.06944829,3.05569,1.372149,-0.3554061,-2.943792,-0.06887833,-0.03635595,-0.004086751,0.9969541,352.089,355.8356,359.8183,0.4213933,-0.1091221,-0.9002884,0,0,0,1.437985,-0.4129781,-0.8437507,0.2192555,-0.3439472,2.061905,0.9973231,-0.00314033,0.0730534,0.01315688,0.9904782,-0.1370399,-0.07192745,0.1376342,0.9878681,moving,8.565045703787222,-11.71964482573832,6.069815988426542,-9.470334817707853,0.065836,-0.05757200000000001,2.1000413,0.14589412242849883,-0.20094964716750752,0.9686764630752887,7.3163776871855895,-11.138048663734708,3.2781019605348294,3.359399774460455,2.0821108378380644
05/10/2023 16:35:40.642988,3347,True,True,True,True,Eyes,1.374487,-0.3556233,-2.934942,0.07210783,-0.06537358,0.9952521,0.0,0.0,0.0,0.0,0.0,0.0,0.0,-1.154523,-0.06983054,3.055688,1.372133,-0.3553909,-2.943804,-0.06890185,-0.03635947,-0.004175167,0.9969519,352.086,355.8359,359.8083,0.4214117,-0.109118,-0.9002803,0,0,0,1.434938,-0.4110036,-0.8444815,0.2162246,-0.3420205,2.061664,0.9973211,-0.00331441,0.07307264,0.01333535,0.9904702,-0.13708,-0.07192193,0.1376873,0.987861,moving,8.502398732555742,-11.674560622631883,5.987217568575828,-9.419318846149425,0.062805,-0.055612700000000015,2.0993225,0.14485703365659178,-0.20021820465822615,0.9689835380373524,7.258388999701979,-11.094068099390874,3.2974220533260974,3.3782024447968046,2.102537007651494
05/10/2023 16:35:40.653642,3348,True,True,True,True,Eyes,1.374507,-0.3556122,-2.934946,0.07106654,-0.06460036,0.9953774,0.0,0.0,0.0,0.0,0.0,0.0,0.0,-1.154358,-0.07028639,3.055694,1.372096,-0.3553801,-2.943775,-0.06895725,-0.03638247,-0.004219378,0.9969471,352.0794,355.8336,359.8036,0.4214288,-0.1091138,-0.9002728,0,0,0,1.431644,-0.4087826,-0.8452063,0.2130271,-0.3399881,2.061411,0.997317,-0.003395321,0.07312471,0.01343066,0.9904542,-0.1371864,-0.07196088,0.1378005,0.9878424,moving,8.443615729414704,-11.635219025929942,5.900027382938611,-9.365469382988081,0.059547999999999934,-0.05340250000000002,2.0985687,0.14388188442603056,-0.19958149157879557,0.969260057777921,7.203819825456286,-11.055658422299175,3.328497411251479,3.409047538237578,2.13462261811627
05/10/2023 16:35:40.672854,3349,True,True,True,True,Eyes,1.37453,-0.355601,-2.934946,0.06981321,-0.06377612,0.9955193,0.0,0.0,0.0,0.0,0.0,0.0,0.0,-1.153866,-0.07099667,3.055889,1.372084,-0.3553694,-2.943807,-0.0690505,-0.0364624,-0.004267056,0.9969375,352.0685,355.8247,359.7991,0.4214447,-0.1091098,-0.9002659,0,0,0,1.427932,-0.4062724,-0.8460334,0.2096219,-0.3378239,2.06114,0.9973046,-0.003472483,0.07329074,0.01354347,0.9904276,-0.1373669,-0.07211217,0.1379892,0.987805,moving,8.379121764249966,-11.597315636208815,5.807124266351499,-9.308101983282347,0.0558479999999999,-0.050902999999999976,2.0977736,0.14280884881188002,-0.1989715018647044,0.969544185992561,7.143669993767144,-11.018593409230512,3.362900435187002,3.443206394908809,2.1707453557972207
05/10/2023 16:35:40.683503,3350,True,True,True,True,Eyes,1.374553,-0.3555907,-2.934946,0.06860951,-0.06298403,0.9956535,0.0,0.0,0.0,0.0,0.0,0.0,0.0,-1.15378,-0.07116014,3.05588,1.372112,-0.3553698,-2.943756,-0.06907583,-0.03648176,-0.004272858,0.9969351,352.0656,355.8225,359.7987,0.4214595,-0.1091057,-0.9002594,0,0,0,1.424877,-0.4042685,-0.8467061,0.20657,-0.3358839,2.060899,0.9973016,-0.003479507,0.0733302,0.01355954,0.9904205,-0.1374165,-0.07214959,0.13804,0.9877952,moving,8.309723551834628,-11.553871781136953,5.723808109019243,-9.256640209498354,0.05276499999999995,-0.04889869999999996,2.0970499,0.14165498014443667,-0.19826952694517935,0.9698573123119426,7.079087279772708,-10.976144704545499,3.37930243734861,3.458935034244534,2.1894011371070254
05/10/2023 16:35:40.703534,3351,True,True,True,True,Eyes,1.374564,-0.3555813,-2.934946,0.06728357,-0.06213997,0.995797,0.0,0.0,0.0,0.0,0.0,0.0,0.0,-1.15373,-0.07113788,3.055891,1.372109,-0.3553783,-2.943748,-0.06908253,-0.0364885,-0.004251417,0.9969344,352.0649,355.8215,359.8013,0.4214735,-0.1091017,-0.9002534,0,0,0,1.421674,-0.4022311,-0.84747,0.2033354,-0.3338279,2.060642,0.997301,-0.003435332,0.07334067,0.0135182,0.9904191,-0.1374313,-0.07216588,0.1380518,0.9877924,moving,8.231178618405657,-11.505552043841956,5.6354607630364555,-9.202078725257149,0.04956500000000008,-0.04685280000000003,2.096278,0.140347867406854,-0.1974886689338643,0.9702065870883504,7.005947432102314,-10.928921532568724,3.391654008573708,3.4704092718459867,2.2045906176092998
05/10/2023 16:35:40.723122,3352,True,True,True,True,Eyes,1.374574,-0.3555719,-2.934946,0.06601047,-0.06133038,0.9959323,0.0,0.0,0.0,0.0,0.0,0.0,0.0,-1.153791,-0.07060134,3.055884,1.3721,-0.3553624,-2.943757,-0.06899769,-0.03647676,-0.004235859,0.9969407,352.0747,355.8228,359.8026,0.4214863,-0.1090978,-0.9002479,0,0,0,1.418578,-0.4005792,-0.8482521,0.2001382,-0.3317958,2.060388,0.997303,-0.003412177,0.07331485,0.01347942,0.9904428,-0.1372642,-0.0721458,0.1378822,0.9878176,moving,8.153471852904298,-11.44860097521194,5.548086756861325,-9.14812150860035,0.0464779999999998,-0.0452168,2.0955049000000003,0.13905835428017382,-0.19656029608883469,0.9705806344401346,6.934073354677135,-10.87337541726984,3.3979126196665,3.475663573331631,2.213020537343564
05/10/2023 16:35:40.743059,3353,True,True,True,True,Eyes,1.374577,-0.3555605,-2.934943,0.06460832,-0.06046004,0.9960774,0.0,0.0,0.0,0.0,0.0,0.0,0.0,-1.153771,-0.07050276,3.055897,1.372094,-0.3553546,-2.943764,-0.06898545,-0.03647842,-0.004222522,0.9969417,352.0761,355.8225,359.8041,0.4214982,-0.109094,-0.9002427,0,0,0,1.415375,-0.398598,-0.8490371,0.1968885,-0.3297302,2.060131,0.997303,-0.003386255,0.07331628,0.01345217,0.9904464,-0.1372409,-0.07215111,0.137857,0.9878206,moving,8.069975363589966,-11.396487730563631,5.459226310913883,-9.093239212929662,0.043281000000000125,-0.04324339999999999,2.0947269,0.13766749636146067,-0.1957158105409754,0.9709494426542715,6.8563623448018545,-10.822454020468143,3.4048091825906033,3.481517535505479,2.2230998510635005
05/10/2023 16:35:40.754949,3354,True,True,True,True,Eyes,1.37458,-0.3555485,-2.93494,0.06326191,-0.05962117,0.9962145,0.0,0.0,0.0,0.0,0.0,0.0,0.0,-1.153592,-0.07021269,3.055896,1.37209,-0.3552892,-2.943696,-0.06894395,-0.03650627,-0.004183353,0.9969437,352.0811,355.819,359.8087,0.4215089,-0.1090903,-0.9002382,0,0,0,1.41212,-0.396704,-0.8497356,0.1936854,-0.327694,2.059876,0.9972996,-0.00330736,0.07336622,0.01337491,0.9904585,-0.137161,-0.07221255,0.1377719,0.9878281,moving,7.992396746880815,-11.343206726549003,5.371596977938815,-9.039115334595792,0.04003000000000001,-0.041414799999999974,2.0939604000000003,0.13637674708162606,-0.19484795365116814,0.971306203518053,6.784417069220907,-10.770450508855072,3.413842482302952,3.489617252845837,2.2346324297203224
05/10/2023 16:35:40.778159,3355,True,True,True,True,Eyes,1.374569,-0.3555396,-2.934935,0.06182358,-0.0587185,0.9963584,0.0,0.0,0.0,0.0,0.0,0.0,0.0,-1.153606,-0.07050857,3.055875,1.372104,-0.3552636,-2.943683,-0.06898439,-0.03650666,-0.004194373,0.9969409,352.0764,355.819,359.8076,0.4215188,-0.1090865,-0.900234,0,0,0,1.408977,-0.3945171,-0.8504851,0.1904787,-0.3256558,2.059622,0.9972994,-0.003326303,0.07336865,0.01339986,0.9904472,-0.1372405,-0.07221127,0.1378529,0.9878168,moving,7.907191961499115,-11.295056756558418,5.283818877615304,-8.984903204657348,0.036872999999999934,-0.0392535,2.0931979,0.13495338508722618,-0.19406979643379432,0.9716607311723935,6.704849297956249,-10.723340768991394,3.4208203165574806,3.4955537144502853,2.2453268404893865
05/10/2023 16:35:40.792893,3356,True,True,True,True,Eyes,1.374559,-0.3555335,-2.934931,0.06043978,-0.05785347,0.9964939,0.0,0.0,0.0,0.0,0.0,0.0,0.0,-1.153732,-0.07069582,3.055821,1.372196,-0.3553066,-2.943633,-0.06900853,-0.03650307,-0.004230095,0.9969391,352.0735,355.8197,359.8035,0.4215274,-0.1090829,-0.9002305,0,0,0,1.405879,-0.392448,-0.8512097,0.1872324,-0.3235925,2.059365,0.9972993,-0.003396248,0.07336649,0.01347234,0.9904399,-0.1372858,-0.07219884,0.1379034,0.9878107,moving,7.825116136832458,-11.246974165194105,5.194909043173205,-8.929992764602547,0.03368300000000013,-0.03714140000000005,2.0924233,0.13358229499630403,-0.19329054485713126,0.972005462673463,6.62829371550624,-10.676319726386776,3.431400793348665,3.5051950254190816,2.2592586120968576
05/10/2023 16:35:40.804527,3357,True,True,True,True,Eyes,1.374541,-0.3555232,-2.934928,0.05889984,-0.05693619,0.9966389,0.0,0.0,0.0,0.0,0.0,0.0,0.0,-1.15354,-0.07054725,3.055937,1.372207,-0.355366,-2.943662,-0.06898735,-0.03653677,-0.004241611,0.9969392,352.0758,355.8159,359.8024,0.421535,-0.1090795,-0.9002274,0,0,0,1.402323,-0.3904315,-0.8520702,0.1837503,-0.3213791,2.059088,0.9972942,-0.003416107,0.07343511,0.01349841,0.9904455,-0.1372424,-0.07226465,0.1378623,0.9878116,moving,7.737698420207348,-11.190969382004557,5.09949182316674,-8.871059617574677,0.03011600000000003,-0.03506549999999997,2.0915918,0.13212325818930937,-0.1923782984323841,0.9723857530911553,6.547009798468671,-10.621613300463963,3.4403898682795324,3.5131346919475903,2.271507535866753
05/10/2023 16:35:40.822919,3358,True,True,True,True,Eyes,1.374524,-0.3555138,-2.934925,0.05742345,-0.05605467,0.996775,0.0,0.0,0.0,0.0,0.0,0.0,0.0,-1.153483,-0.07088733,3.055959,1.372184,-0.355257,-2.943695,-0.06898825,-0.03654579,-0.004329173,0.9969385,352.0753,355.8156,359.7924,0.4215414,-0.1090762,-0.9002248,0,0,0,1.399273,-0.3884646,-0.852822,0.1807409,-0.3194663,2.058849,0.9972913,-0.003589377,0.07346513,0.0136743,0.9904438,-0.1372376,-0.07227049,0.1378705,0.9878101,moving,7.65238269597603,-11.138769392844855,5.016983099232131,-8.820100495663477,0.02708899999999992,-0.033207600000000004,2.090873,0.13069731283134034,-0.19152882816138117,0.9727460612438921,6.467549970727052,-10.570594428754946,3.43864698391058,3.5102074709729365,2.273405651983078
05/10/2023 16:35:40.843117,3359,True,True,True,True,Eyes,1.37451,-0.3555046,-2.934921,0.05587115,-0.05512334,0.9969152,0.0,0.0,0.0,0.0,0.0,0.0,0.0,-1.153719,-0.07107738,3.055861,1.372202,-0.3552668,-2.94368,-0.06900043,-0.03651275,-0.004381764,0.9969386,352.0738,355.8198,359.7861,0.4215468,-0.1090729,-0.9002227,0,0,0,1.396334,-0.3864872,-0.8535565,0.1776105,-0.3174766,2.058601,0.9972952,-0.003697908,0.07340663,0.01377549,0.9904395,-0.1372584,-0.07219726,0.1378984,0.9878116,moving,7.557240450889813,-11.085333078568327,4.9311129911077165,-8.767062632026557,0.024132000000000042,-0.03122039999999998,2.0901235,0.12910405419905385,-0.19066166708519125,0.9731291568439316,6.378684710422891,-10.518308139859037,3.4327870659501953,3.5029877673681002,2.2720749792347377
05/10/2023 16:35:40.853266,3360,True,True,True,True,Eyes,1.374497,-0.3554938,-2.934917,0.05437758,-0.05422453,0.9970471,0.0,0.0,0.0,0.0,0.0,0.0,0.0,-1.153509,-0.07114071,3.055908,1.372218,-0.3552808,-2.94364,-0.06901298,-0.03655003,-0.004382279,0.9969364,352.0723,355.8155,359.7864,0.4215514,-0.1090697,-0.9002209,0,0,0,1.393062,-0.3844649,-0.8542746,0.1744244,-0.3154515,2.058348,0.9972898,-0.003692855,0.07348099,0.01378256,0.990436,-0.1372827,-0.07227125,0.1379234,0.9878026,moving,7.473024780188924,-11.034539163190852,4.843672287131622,-8.713054904977382,0.020844000000000085,-0.02918409999999999,2.0893653999999997,0.12769443879111894,-0.18983382967509133,0.9734769580691145,6.300210541736988,-10.468654461621455,3.438363196511209,3.5075324223561486,2.2811474065517356
05/10/2023 16:35:40.873209,3361,True,True,True,True,Eyes,1.374506,-0.3554855,-2.93491,0.052805,-0.05327608,0.9971827,0.0,0.0,0.0,0.0,0.0,0.0,0.0,-1.153331,-0.07173806,3.055984,1.372222,-0.3552339,-2.943666,-0.06907333,-0.03658241,-0.004452768,0.9969308,352.0651,355.8123,359.7787,0.4215552,-0.1090666,-0.9002195,0,0,0,1.389782,-0.3821987,-0.8550574,0.1712443,-0.31343,2.058096,0.9972838,-0.003824465,0.07355538,0.01393194,0.9904181,-0.1373968,-0.0723251,0.1380484,0.9877812,moving,7.384710141885147,-10.98567608613899,4.756351041119124,-8.659112091499727,0.01756000000000002,-0.02696480000000001,2.0886085999999997,0.12621347556813942,-0.18903967042814818,0.9738245260281159,6.217683256530827,-10.420833037337143,3.442082154707074,3.510152643936071,2.2889195125216517
05/10/2023 16:35:40.893241,3362,True,True,True,True,Eyes,1.374514,-0.3554783,-2.934908,0.05128145,-0.05237352,0.99731,0.0,0.0,0.0,0.0,0.0,0.0,0.0,-1.153394,-0.07173121,3.055915,1.372208,-0.3553331,-2.943614,-0.06906,-0.0365738,-0.004524251,0.9969316,352.0663,355.8139,359.7704,0.421559,-0.1090635,-0.9002181,0,0,0,1.386631,-0.380373,-0.855773,0.1680409,-0.3113939,2.057842,0.9972838,-0.003969165,0.07354804,0.01407231,0.9904205,-0.1373652,-0.07229826,0.1380271,0.9877861,moving,7.294404551905885,-10.930960660431452,4.668346330545028,-8.604751423345686,0.014422999999999853,-0.025039900000000004,2.087841,0.12470023568699212,-0.18814589965122222,0.97419247609255,6.133547536153648,-10.367348996781756,3.44132066858726,3.508194862985819,2.2920656139822158
05/10/2023 16:35:40.911907,3363,True,True,True,True,Eyes,1.374517,-0.355466,-2.934904,0.04970123,-0.0513778,0.9974418,0.0,0.0,0.0,0.0,0.0,0.0,0.0,-1.152158,-0.07051122,3.056515,1.372218,-0.3553518,-2.943716,-0.06894578,-0.03676728,-0.004304611,0.9969335,352.0803,355.7898,359.7968,0.4215626,-0.1090605,-0.9002168,0,0,0,1.382549,-0.3786962,-0.8566931,0.1646212,-0.3092202,2.057571,0.9972593,-0.003512924,0.07390261,0.01365272,0.9904559,-0.1371522,-0.07271547,0.1377853,0.9877893,moving,7.219809248903733,-10.862451502169616,4.574350686192499,-8.54668432612493,0.01033100000000009,-0.023344399999999987,2.0870229,0.12345905584828007,-0.18701016445256002,0.9745691842573675,6.065285557640206,-10.300672800903005,3.4498732484305976,3.515853896376834,2.3020343960404035
05/10/2023 16:35:40.927999,3364,True,True,True,True,Eyes,1.374522,-0.3554546,-2.9349,0.04818211,-0.05040423,0.997566,0.0,0.0,0.0,0.0,0.0,0.0,0.0,-1.152025,-0.07179788,3.0565,1.372236,-0.355227,-2.943687,-0.06909627,-0.03679588,-0.004405105,0.9969215,352.0626,355.7872,359.7861,0.4215661,-0.1090574,-0.9002156,0,0,0,1.379435,-0.3760716,-0.8573838,0.1615885,-0.3072925,2.05733,0.9972533,-0.00369817,0.07397395,0.013868,0.9904127,-0.1374429,-0.07275645,0.1380913,0.9877436,moving,7.134905458058018,-10.822348799057316,4.490952386614464,-8.49516385840584,0.0071989999999999554,-0.02084459999999999,2.0863032,0.12203007190920988,-0.18636117816048808,0.9748734273260364,5.985580953662796,-10.261330998627962,3.4572391235610374,3.5222546177116176,2.3137115033290856
05/10/2023 16:35:40.943383,3365,True,True,True,True,Eyes,1.37452,-0.3554467,-2.934893,0.04660879,-0.04939172,0.9976913,0.0,0.0,0.0,0.0,0.0,0.0,0.0,-1.15194,-0.07315925,3.056498,1.372287,-0.355242,-2.943659,-0.06931557,-0.03681805,-0.00442562,0.9969054,352.0373,355.7848,359.7848,0.4215693,-0.1090543,-0.9002144,0,0,0,1.376066,-0.3730694,-0.8581581,0.1582076,-0.3051437,2.057062,0.9972497,-0.003719722,0.07402174,0.01392798,0.9903516,-0.1378762,-0.07279469,0.138528,0.9876796,moving,7.045146820054094,-10.788738659651036,4.397931755865534,-8.43770104383676,0.003778999999999977,-0.017827399999999993,2.0855008999999995,0.12051517195447319,-0.18582390663867923,0.9751643043384206,5.900852682387884,-10.228217822547698,3.4763223060153994,3.540497912305628,2.3376744097979496
05/10/2023 16:35:40.960113,3366,True,True,True,True,Eyes,1.374517,-0.3554396,-2.934885,0.04510689,-0.0484376,0.9978072,0.0,0.0,0.0,0.0,0.0,0.0,0.0,-1.1525,-0.0743483,3.056211,1.37233,-0.3553139,-2.943582,-0.06940267,-0.03674736,-0.004724585,0.9969006,352.0261,355.7953,359.7501,0.4215724,-0.1090513,-0.9002134,0,0,0,1.373312,-0.3709286,-0.8588105,0.1551587,-0.3032058,2.05682,0.9972546,-0.004319151,0.07392272,0.01452061,0.9903219,-0.1380279,-0.07261112,0.1387223,0.9876658,moving,6.95230943679515,-10.74056307822922,4.3140055604962395,-8.38585178074556,0.0009820000000000384,-0.015614699999999981,2.0847715,0.1189528774247373,-0.18503903223897986,0.975505412845828,5.813929798465841,-10.181025612507957,3.47332784669946,3.536285146617993,2.339320800124083
05/10/2023 16:35:40.975895,3367,True,True,True,True,Eyes,1.374533,-0.3554289,-2.934877,0.04359229,-0.04747601,0.9979207,0.0,0.0,0.0,0.0,0.0,0.0,0.0,-1.153375,-0.07370302,3.055868,1.372296,-0.3553229,-2.943567,-0.0691894,-0.03661218,-0.004991457,0.996919,352.0495,355.8131,359.7173,0.4215751,-0.1090484,-0.9002124,0,0,0,1.370602,-0.3698729,-0.8595711,0.1519499,-0.301166,2.056566,0.9972692,-0.004885807,0.07368945,0.0150185,0.9903759,-0.137587,-0.07230803,0.138318,0.9877447,moving,6.849996047572562,-10.657676715449053,4.225635058121402,-8.331245114510935,-0.0016939999999998623,-0.014550000000000007,2.0839958999999997,0.11724145244383874,-0.18366527122601878,0.9759720757971441,5.719715263334632,-10.10026558989386,3.4458262509039383,3.5070720832051006,2.315536460938164
05/10/2023 16:35:40.992930,3368,True,True,True,True,Eyes,1.374548,-0.355418,-2.93487,0.04213383,-0.04656003,0.9980265,0.0,0.0,0.0,0.0,0.0,0.0,0.0,-1.153594,-0.07175449,3.055798,1.372239,-0.3552869,-2.943563,-0.06897802,-0.03655582,-0.004714999,0.9969372,352.0749,355.8175,359.7479,0.421578,-0.1090455,-0.9002114,0,0,0,1.367805,-0.3687396,-0.8603187,0.1488345,-0.2991859,2.056318,0.9972829,-0.004358018,0.07353816,0.01444421,0.9904396,-0.1371888,-0.07223725,0.1378782,0.9878114,moving,6.752944322691473,-10.582778262846864,4.139799418661251,-8.278214851724796,-0.004434000000000049,-0.013452699999999984,2.0832443,0.1156152830178453,-0.1824243107867776,0.9763987238280232,5.630148250980563,-10.027253762122749,3.424461700108389,3.484184094639906,2.2978852782681725
05/10/2023 16:35:41.003289,3369,True,True,True,True,Eyes,1.374548,-0.355418,-2.93487,0.04213383,-0.04656003,0.9980265,0.0,0.0,0.0,0.0,0.0,0.0,0.0,-1.153103,-0.07070887,3.056006,1.372227,-0.3552707,-2.943568,-0.06887805,-0.03662653,-0.004529279,0.9969423,352.0872,355.8079,359.7695,0.4215811,-0.1090425,-0.9002103,0,0,0,1.364275,-0.3670321,-0.8611253,0.1454941,-0.2970625,2.056053,0.9972759,-0.00398533,0.07365301,0.01407639,0.9904706,-0.1370031,-0.07240513,0.1376667,0.9878286,moving,6.7584192854871725,-10.573020592480248,4.047719095532553,-8.221312952863556,-0.007952000000000181,-0.011761399999999977,2.0824427,0.1157122576762439,-0.1822559520496064,0.9764186766404453,5.635942826152199,-10.017878981088058,3.5275079162637564,3.5886521623098995,2.3979374704678493
05/10/2023 16:35:41.027891,3370,True,True,True,True,Eyes,1.374548,-0.355418,-2.93487,0.04213383,-0.04656003,0.9980265,0.0,0.0,0.0,0.0,0.0,0.0,0.0,-1.153181,-0.07004431,3.056078,1.372312,-0.3552859,-2.943616,-0.06878518,-0.03662572,-0.004491157,0.9969489,352.098,355.8077,359.7735,0.421584,-0.1090399,-0.9002093,0,0,0,1.361317,-0.365493,-0.8619187,0.1423833,-0.2950852,2.055807,0.9972767,-0.003916294,0.07364579,0.01399352,0.9904969,-0.1368216,-0.07241008,0.1374796,0.9878543,moving,6.757584471096676,-10.562657379485566,3.9619261364993448,-8.168295284332318,-0.010994999999999866,-0.010207100000000024,2.0816973,0.115701876297891,-0.18207956376857604,0.9764528145308983,5.63568802089078,-10.00787210248478,3.6185516145652326,3.680852532567717,2.4870709108357776
05/10/2023 16:35:41.043706,3371,True,True,True,True,Eyes,1.374548,-0.355418,-2.93487,0.04213383,-0.04656003,0.9980265,0.0,0.0,0.0,0.0,0.0,0.0,0.0,-1.153878,-0.06880745,3.055865,1.372323,-0.3552958,-2.943632,-0.06863245,-0.03650914,-0.004376375,0.9969642,352.116,355.8203,359.7851,0.4215865,-0.1090375,-0.9002084,0,0,0,1.358708,-0.3641406,-0.8626975,0.1391896,-0.2930554,2.055553,0.9972959,-0.003714754,0.07339733,0.0137376,0.9905409,-0.1365286,-0.07219588,0.1371678,0.9879134,moving,6.742174872887518,-10.545931874664912,3.8738097044440867,-8.113847785925376,-0.013614999999999933,-0.008844799999999986,2.0809345,0.11544533019903497,-0.18179997792099356,0.9765352704789941,5.621723251236813,-9.991615289027187,3.6975663771526563,3.7606584203088076,2.5653874098792055
05/10/2023 16:35:41.053208,3372,True,True,True,True,Eyes,1.374548,-0.355418,-2.93487,0.04213383,-0.04656003,0.9980265,0.0,0.0,0.0,0.0,0.0,0.0,0.0,-1.153644,-0.06876856,3.055986,1.372281,-0.3552736,-2.943688,-0.06866015,-0.03653518,-0.004281661,0.9969618,352.1132,355.8165,359.7964,0.4215888,-0.1090353,-0.9002076,0,0,0,1.3554,-0.3619728,-0.863527,0.1359475,-0.2909944,2.055296,0.9972937,-0.003520282,0.07343633,0.01355433,0.9905348,-0.1365902,-0.07226041,0.137216,0.9879019,moving,6.744008338077834,-10.550011846600635,3.78431526525767,-8.058531003987113,-0.016881000000000146,-0.006699199999999961,2.080161,0.11547508298137771,-0.18186888229528853,0.9765189222894898,5.623273928672511,-9.995566359628466,3.804296100343098,3.868754305252512,2.6709314732417075
05/10/2023 16:35:41.078499,3373,True,True,True,True,Eyes,1.374548,-0.355418,-2.93487,0.04213383,-0.04656003,0.9980265,0.0,0.0,0.0,0.0,0.0,0.0,0.0,-1.153681,-0.06888092,3.055968,1.372296,-0.3553174,-2.943675,-0.06871597,-0.03652824,-0.004210974,0.9969584,352.1071,355.8167,359.8047,0.4215909,-0.1090334,-0.9002069,0,0,0,1.352335,-0.3597958,-0.8642718,0.132764,-0.2889712,2.055043,0.9972959,-0.003376184,0.07341301,0.01341648,0.9905208,-0.1367063,-0.07225556,0.1373216,0.9878876,moving,6.742409594280557,-10.557074530232772,3.6963997810772526,-8.004203332148203,-0.019960999999999895,-0.0044783999999999935,2.0794032,0.1154452062588351,-0.18198988982071707,0.9764999104358475,5.621358320826981,-10.00236979347548,3.908596780180929,3.974333546160987,2.77455124063849
05/10/2023 16:35:41.092410,3374,True,True,True,True,Eyes,1.374548,-0.355418,-2.93487,0.04213383,-0.04656003,0.9980265,0.0,0.0,0.0,0.0,0.0,0.0,0.0,-1.153576,-0.06915528,3.056045,1.372311,-0.3552651,-2.943719,-0.06872379,-0.03655022,-0.004276584,0.9969569,352.1059,355.8147,359.7974,0.4215927,-0.1090316,-0.9002063,0,0,0,1.349213,-0.3578018,-0.8650526,0.1296849,-0.2870141,2.054799,0.9972916,-0.003503401,0.07346579,0.01355088,0.9905175,-0.1367167,-0.07229017,0.1373419,0.9878823,moving,6.745843106387342,-10.5574137049976,3.611328981581549,-7.951621271192371,-0.023098000000000063,-0.002536700000000003,2.0786664000000004,0.11550362525145882,-0.1819944261077302,0.9764921567251876,5.624649623382004,-10.002723080116702,4.009207947672356,4.076190992419714,2.874104841037024
05/10/2023 16:35:41.103149,3375,True,True,True,True,Eyes,1.374462,-0.3553989,-2.934879,0.04045038,-0.04550857,0.9981446,0.0,0.0,0.0,0.0,0.0,0.0,0.0,-1.153188,-0.06958318,3.056205,1.372324,-0.3552284,-2.943742,-0.06877159,-0.03661677,-0.004312121,0.9969509,352.1003,355.8073,359.794,0.4215944,-0.1090301,-0.9002057,0,0,0,1.345596,-0.3554509,-0.8658913,0.1262829,-0.2848515,2.054529,0.9972812,-0.003561557,0.07360335,0.01363433,0.9905038,-0.136808,-0.07241713,0.1374396,0.9878594,moving,6.654674406056072,-10.501815043963934,3.5172956245604876,-7.8934892018629075,-0.026728000000000085,-0.00022250000000001435,2.0778507,0.11396926839638064,-0.18107906537222235,0.9768425070807808,5.53972887660663,-9.948380181205422,4.014238747952097,4.080013396687656,2.8831949632248555
05/10/2023 16:35:41.122845,3376,True,True,True,True,Eyes,1.37438,-0.3553812,-2.934887,0.03883068,-0.04449472,0.9982547,0.0,0.0,0.0,0.0,0.0,0.0,0.0,-1.152731,-0.07017827,3.056352,1.372328,-0.3552715,-2.943722,-0.06886977,-0.03669275,-0.0043265,0.9969413,352.0889,355.7986,359.7933,0.4215937,-0.1090282,-0.9002063,0,0,0,1.342413,-0.3532681,-0.8665735,0.1233637,-0.2829959,2.054298,0.9972698,-0.003572491,0.07375696,0.01368057,0.9904765,-0.1370007,-0.07256509,0.1376357,0.9878212,moving,6.5682397253562055,-10.454434638396487,3.4365711588351617,-7.84358172751725,-0.029914999999999914,0.002003400000000044,2.0771485000000003,0.11251185542706796,-0.18030136306699246,0.9771553350178126,5.458934875942271,-9.902003769071692,4.012659337739296,4.077241829077907,2.885663928011791
05/10/2023 16:35:41.143046,3377,True,True,True,True,Eyes,1.37443,-0.3553547,-2.934887,0.03713655,-0.04330127,0.9983716,0.0,0.0,0.0,0.0,0.0,0.0,0.0,-1.152619,-0.07087243,3.056384,1.372362,-0.3552875,-2.94371,-0.06892768,-0.03672284,-0.004467915,0.9969356,352.0817,355.7962,359.7775,0.4215908,-0.109026,-0.9002078,0,0,0,1.339168,-0.3510823,-0.8673229,0.120194,-0.2809812,2.054046,0.997263,-0.003846005,0.07383655,0.01397089,0.990458,-0.1371048,-0.07260469,0.1377611,0.9878008,moving,6.473507950985186,-10.39094300527904,3.3488855202837176,-7.789373357814996,-0.03319400000000017,0.0042051999999999645,2.0763871,0.11091773504671067,-0.17925074570443214,0.9775307674096957,5.370998709531104,-9.84001714417649,4.002725310506689,4.0658861229809355,2.8799447370863294
05/10/2023 16:35:41.158528,3378,True,True,True,True,Eyes,1.374478,-0.3553306,-2.934886,0.03550943,-0.0421552,0.9984798,0.0,0.0,0.0,0.0,0.0,0.0,0.0,-1.15292,-0.07141215,3.056228,1.372341,-0.3552481,-2.943693,-0.06897133,-0.03667462,-0.004565678,0.9969339,352.0763,355.8026,359.7661,0.4215896,-0.1090232,-0.9002088,0,0,0,1.336104,-0.3488322,-0.8680868,0.1169201,-0.2789004,2.053787,0.9972682,-0.004044361,0.07375413,0.01416235,0.9904442,-0.1371848,-0.07249453,0.1378546,0.9877958,moving,6.373086931513308,-10.328900902756745,3.258276207867714,-7.733353054860212,-0.036237000000000075,0.00641590000000003,2.0756062,0.10922493408169201,-0.17822573762329624,0.9779086827191417,5.277502216179904,-9.779386274988413,3.992796726066904,4.0544931218165745,2.8746348655981615
05/10/2023 16:35:41.173160,3379,True,True,True,True,Eyes,1.374378,-0.3553205,-2.93489,0.0339501,-0.04085377,0.9985882,0.0,0.0,0.0,0.0,0.0,0.0,0.0,-1.152883,-0.07138979,3.056239,1.372345,-0.3552826,-2.943684,-0.06897282,-0.03668137,-0.004566858,0.9969335,352.0761,355.8018,359.766,0.4215898,-0.1090198,-0.9002091,0,0,0,1.332959,-0.3468832,-0.8688388,0.1137445,-0.2768819,2.053535,0.9972672,-0.004045671,0.07376775,0.01416574,0.9904438,-0.1371876,-0.07250779,0.1378577,0.9877945,moving,6.281494985897139,-10.253955905672962,3.1703512311061623,-7.678985083084658,-0.03938599999999992,0.008399400000000001,2.0748452000000004,0.10768620716143473,-0.17697634095329334,0.9783062345311058,5.1931999326282865,-9.706370845042379,3.978258213722417,4.038525745882523,2.8639500514217477
05/10/2023 16:35:41.184767,3380,True,True,True,True,Eyes,1.374282,-0.3553102,-2.934895,0.03245027,-0.03961935,0.9986879,0.0,0.0,0.0,0.0,0.0,0.0,0.0,-1.152662,-0.07071775,3.056366,1.37239,-0.3553383,-2.943686,-0.06886911,-0.03672556,-0.004567694,0.9969391,352.088,355.7968,359.7658,0.4215873,-0.1090167,-0.9002106,0,0,0,1.329537,-0.3452886,-0.8696415,0.1104028,-0.274758,2.05327,0.9972607,-0.00404891,0.07385544,0.01416594,0.9904724,-0.1369811,-0.07259714,0.1376521,0.9878166,moving,6.197586283477095,-10.170830287853992,3.077787614563203,-7.621748160140558,-0.04285300000000003,0.010049699999999995,2.0740445000000003,0.10628031792141025,-0.17558354368822415,0.9787109623031279,5.11673694664985,-9.625519206061709,3.9697806121584036,4.028766986111873,2.8587432174451286
05/10/2023 16:35:41.202915,3381,True,True,True,True,Eyes,1.374145,-0.3553025,-2.934904,0.03091053,-0.03828668,0.9987887,0.0,0.0,0.0,0.0,0.0,0.0,0.0,-1.152463,-0.06960952,3.056494,1.372386,-0.3553197,-2.943718,-0.06867953,-0.03675849,-0.004571266,0.9969509,352.1097,355.793,359.7648,0.4215827,-0.1090136,-0.9002132,0,0,0,1.326474,-0.3442069,-0.8703837,0.1074313,-0.272869,2.053034,0.9972558,-0.004065543,0.07392072,0.01416377,0.9905244,-0.1366042,-0.07266492,0.1372763,0.9878639,moving,6.109832597591162,-10.072143147994813,2.995445293749464,-7.570817391675943,-0.045912000000000175,0.011112800000000034,2.0733343,0.10481254227215184,-0.17392477948228108,0.9791653078221684,5.037393676039261,-9.529621511986452,3.9371131199279703,3.9945010724187484,2.829570069406542
05/10/2023 16:35:41.223376,3382,True,True,True,True,Eyes,1.374016,-0.3552924,-2.934912,0.02942492,-0.03698893,0.9988824,0.0,0.0,0.0,0.0,0.0,0.0,0.0,-1.151992,-0.06936106,3.056765,1.372409,-0.3552816,-2.943803,-0.06871688,-0.03682831,-0.004359722,0.9969467,352.1063,355.7833,359.7899,0.421575,-0.1090108,-0.9002172,0,0,0,1.323116,-0.342006,-0.8712412,0.104228,-0.270833,2.05278,0.9972494,-0.003631369,0.07403088,0.01375427,0.990518,-0.136693,-0.07283254,0.1373353,0.9878433,moving,6.027487857938319,-10.003321871694427,2.906643980245667,-7.515895327571658,-0.04929300000000003,0.013275599999999999,2.0725618,0.10342645794010394,-0.17277371564905936,0.9795163433389426,4.961679173265464,-9.462585481260243,3.9345959296710955,3.990859220937046,2.830684051429619
05/10/2023 16:35:41.248038,3383,True,True,True,True,Eyes,1.373865,-0.3552839,-2.934919,0.02790811,-0.03559044,0.9989767,0.0,0.0,0.0,0.0,0.0,0.0,0.0,-1.151606,-0.07129785,3.05687,1.372458,-0.3552175,-2.943792,-0.06894911,-0.03690636,-0.00454203,0.996927,352.0789,355.7756,359.7705,0.4215647,-0.1090081,-0.9002223,0,0,0,1.319615,-0.3389685,-0.8720216,0.1009897,-0.2687746,2.052523,0.9972345,-0.003966822,0.07421222,0.01414546,0.9904508,-0.1371392,-0.07295955,0.1378097,0.9877679,moving,5.949420110097189,-9.94819115603625,2.8168361590202786,-7.460341802570631,-0.05284299999999997,0.016249000000000013,2.0717704,0.1021083935257325,-0.17185465242806824,0.9798162294922849,4.889360596206806,-9.40879328580296,3.944948231704753,4.000309565031677,2.8446125791125914
05/10/2023 16:35:41.253118,3384,True,True,True,True,Eyes,1.373718,-0.3552793,-2.934927,0.02645038,-0.03425505,0.999063,0.0,0.0,0.0,0.0,0.0,0.0,0.0,-1.152326,-0.07218793,3.056557,1.372486,-0.3551909,-2.943761,-0.06897582,-0.03680642,-0.004827651,0.9969276,352.0746,355.7894,359.7369,0.4215515,-0.1090057,-0.9002287,0,0,0,1.31679,-0.3368189,-0.872762,0.09773605,-0.2667064,2.052265,0.9972439,-0.004548129,0.07405265,0.01470314,0.990438,-0.1371724,-0.07272068,0.1378832,0.9877753,moving,5.8550231646720725,-9.872181574114807,2.726565735838558,-7.404494760942088,-0.05569600000000019,0.018372,2.0709989999999996,0.10051652130181457,-0.17058244735354072,0.9802030231650507,4.802411270310031,-9.33472930009778,3.930562214176757,3.984560715051301,2.834596983547175
05/10/2023 16:35:41.272866,3385,True,True,True,True,Eyes,1.373583,-0.3552747,-2.934932,0.02491966,-0.03288433,0.9991485,0.0,0.0,0.0,0.0,0.0,0.0,0.0,-1.152108,-0.07126638,3.056682,1.37245,-0.3552772,-2.94379,-0.06888068,-0.03683149,-0.004721213,0.9969337,352.086,355.7857,359.749,0.4215359,-0.1090035,-0.9002362,0,0,0,1.313583,-0.3353346,-0.8735436,0.09458859,-0.2647058,2.052015,0.9972423,-0.004339517,0.07408749,0.01448743,0.9904664,-0.1369912,-0.07278669,0.1376867,0.9877977,moving,5.765923320404605,-9.783128505059809,2.6392075239207746,-7.350447803216688,-0.058867,0.019942600000000033,2.0702464,0.09901804890761615,-0.16908428832911157,0.9806151248563736,4.7212594175603435,-9.248118354940594,3.9089918650632445,3.9616015787937906,2.8171073125971313
05/10/2023 16:35:41.293057,3386,True,True,True,True,Eyes,1.373456,-0.3552714,-2.934937,0.02344191,-0.03157009,0.9992266,0.0,0.0,0.0,0.0,0.0,0.0,0.0,-1.151301,-0.07178658,3.056952,1.372465,-0.3552755,-2.94376,-0.0690117,-0.03696056,-0.004607229,0.9969203,352.0714,355.7699,359.7637,0.4215184,-0.1090015,-0.9002447,0,0,0,1.309928,-0.3327759,-0.8743069,0.09136578,-0.2626576,2.051759,0.9972254,-0.004084656,0.07432937,0.0142875,0.9904323,-0.1372578,-0.07305755,0.1379389,0.9877427,moving,5.692466199198775,-9.723520461024053,2.549723194316546,-7.295087817134467,-0.06253700000000006,0.02249960000000001,2.0694531,0.09777770419698456,-0.16808471250439366,0.9809113323124053,4.653622206610902,-9.190040399276896,3.9198852754083435,3.971664474832277,2.831472468964059
05/10/2023 16:35:41.303631,3387,True,True,True,True,Eyes,1.373304,-0.3552717,-2.934942,0.02194688,-0.03019303,0.9993032,0.0,0.0,0.0,0.0,0.0,0.0,0.0,-1.150633,-0.07152531,3.057269,1.372574,-0.3553735,-2.943759,-0.06900373,-0.03708522,-0.004553373,0.9969165,352.0725,355.755,359.7709,0.4214993,-0.1089999,-0.9002538,0,0,0,1.306378,-0.3309026,-0.8750923,0.08815297,-0.2606154,2.051505,0.9972079,-0.00396063,0.07457013,0.0141967,0.9904355,-0.1372442,-0.07331334,0.1379196,0.9877264,moving,5.617898495138358,-9.643856685822339,2.460480455068238,-7.239858238742251,-0.06619599999999992,0.024470900000000018,2.0686667,0.09652335486844855,-0.16674122264577623,0.9812648861383385,4.585978623408795,-9.112600141103234,3.9176687622424993,3.9684376287556433,2.832826273613985
05/10/2023 16:35:41.322964,3388,True,True,True,True,Eyes,1.373161,-0.3552749,-2.934946,0.02050781,-0.02886944,0.9993728,0.0,0.0,0.0,0.0,0.0,0.0,0.0,-1.150793,-0.07101581,3.057211,1.372566,-0.3554043,-2.943748,-0.06893633,-0.03705716,-0.004527142,0.9969224,352.0804,355.7581,359.7734,0.4214783,-0.1089986,-0.9002637,0,0,0,1.303334,-0.3292117,-0.8758463,0.08493816,-0.2585719,2.05125,0.9972125,-0.003917249,0.07451038,0.01413559,0.9904546,-0.1371128,-0.07326204,0.1377839,0.9877492,moving,5.529220031029496,-9.560116014073513,2.3711490486925832,-7.184569170085626,-0.06923199999999996,0.02619260000000001,2.0679016999999997,0.09502737993394605,-0.16533076920514608,0.9816493987334144,4.504951063572768,-9.031118879212524,3.90228303344632,3.9517888528436385,2.821853445341088
05/10/2023 16:35:41.343547,3389,True,True,True,True,Eyes,1.373015,-0.3552766,-2.93495,0.01899637,-0.02754081,0.9994402,0.0,0.0,0.0,0.0,0.0,0.0,0.0,-1.150656,-0.07105494,3.057246,1.372582,-0.3554046,-2.943725,-0.06893711,-0.03708304,-0.004540587,0.9969212,352.0802,355.7552,359.7721,0.4214557,-0.1089977,-0.9002744,0,0,0,1.300132,-0.3272395,-0.8765864,0.08177515,-0.2565616,2.050998,0.9972085,-0.00394042,0.07456376,0.01416601,0.9904541,-0.137113,-0.07331171,0.1377865,0.987745,moving,5.443201970539648,-9.483755603524115,2.2832253216436804,-7.130155746821322,-0.0724499999999999,0.0281651,2.0671386000000003,0.09357389185443038,-0.1640450290139382,0.9820046979947217,4.426096110350415,-8.956779743874872,3.8918112846386017,3.9401630305152593,2.815750422836603
05/10/2023 16:35:41.353053,3390,True,True,True,True,Eyes,1.372875,-0.3552773,-2.934954,0.01754746,-0.02626284,0.999501,0.0,0.0,0.0,0.0,0.0,0.0,0.0,-1.150374,-0.07155567,3.057351,1.372653,-0.3553476,-2.94371,-0.06895803,-0.03714636,-0.00466334,0.9969169,352.0773,355.7489,359.7585,0.4214317,-0.1089971,-0.9002857,0,0,0,1.29668,-0.325045,-0.8773726,0.07848317,-0.2544691,2.050738,0.9971968,-0.004174845,0.07470682,0.014421,0.9904461,-0.1371444,-0.07342052,0.1378373,0.9877298,moving,5.36647111473308,-9.411999097710057,2.191679749627861,-7.0734815796340555,-0.07597299999999985,0.030302600000000013,2.0663374,0.0922774446537396,-0.16283482323385629,0.9823286581734707,4.355948121599615,-8.88695367897307,3.8956589442548126,3.943090715960641,2.8236038392448615
05/10/2023 16:35:41.373333,3391,True,True,True,True,Eyes,1.372735,-0.3552776,-2.934958,0.01604489,-0.02497179,0.9995594,0.0,0.0,0.0,0.0,0.0,0.0,0.0,-1.150674,-0.07219037,3.057213,1.372671,-0.3553261,-2.943694,-0.06899039,-0.03710772,-0.004831994,0.9969153,352.0728,355.7547,359.7389,0.4214065,-0.1089969,-0.9002976,0,0,0,1.29374,-0.3229356,-0.8781078,0.07534622,-0.2524752,2.050488,0.9971994,-0.004514027,0.07465322,0.01475433,0.9904339,-0.1371965,-0.07331979,0.1379137,0.9877267,moving,5.275335567124889,-9.34052076435593,2.104415625675335,-7.0194592408325756,-0.07893100000000008,0.03239049999999999,2.0655862,0.09073300571022594,-0.16163225404350018,0.9826711347378032,4.271901805142617,-8.817287053482751,3.8833785038783613,3.929638643827572,2.8160577377106795
05/10/2023 16:35:41.383220,3392,True,True,True,True,Eyes,1.372599,-0.3552787,-2.934962,0.01459949,-0.02372549,0.999612,0.0,0.0,0.0,0.0,0.0,0.0,0.0,-1.150534,-0.07287514,3.057239,1.372618,-0.355311,-2.94371,-0.06904189,-0.03712778,-0.004972437,0.9969103,352.0663,355.7534,359.7231,0.4213802,-0.1089968,-0.9003099,0,0,0,1.290428,-0.3207086,-0.8789014,0.07214233,-0.2504386,2.050234,0.9971936,-0.004787402,0.07471275,0.01504089,0.990417,-0.1372879,-0.07333952,0.1380264,0.9877095,moving,5.194079636843386,-9.274106544420562,2.0152559924933917,-6.9642488857381855,-0.08218999999999999,0.03460239999999998,2.0648085999999997,0.08935584908708104,-0.16051316542456256,0.9829807986361248,4.197109018117843,-8.752582085240546,3.884110136854682,3.929422624922421,2.82110231254893
05/10/2023 16:35:41.403557,3393,True,True,True,True,Eyes,1.372463,-0.3552799,-2.934965,0.01311437,-0.0224544,0.9996618,0.0,0.0,0.0,0.0,0.0,0.0,0.0,-1.150333,-0.07352576,3.057296,1.372596,-0.3553303,-2.943714,-0.06912677,-0.03715917,-0.005032777,0.9969029,352.0563,355.7503,359.7167,0.4213531,-0.1089969,-0.9003226,0,0,0,1.287235,-0.318451,-0.8796598,0.0690565,-0.2484772,2.04999,0.9971877,-0.004896993,0.07478397,0.01517177,0.9903923,-0.1374513,-0.07339238,0.1381994,0.9876814,moving,5.111016628922921,-9.210654865695899,1.929351068042925,-6.91104983188754,-0.08536100000000002,0.036879300000000004,2.0640542,0.0879461212925804,-0.1594445336635515,0.9832816593395307,4.120417354490966,-8.690722312789177,3.8813656381062724,3.9257074588927994,2.8227655961641225
05/10/2023 16:35:41.427970,3394,True,True,True,True,Eyes,1.372333,-0.355282,-2.934968,0.01168844,-0.02123461,0.9997061,0.0,0.0,0.0,0.0,0.0,0.0,0.0,-1.149928,-0.07360953,3.057437,1.372588,-0.355325,-2.943709,-0.06913482,-0.03722446,-0.005041255,0.9968999,352.0554,355.7428,359.7163,0.4213252,-0.1089973,-0.9003356,0,0,0,1.283739,-0.3163686,-0.8804545,0.06578019,-0.2463949,2.04973,0.9971778,-0.004904238,0.07491518,0.01519826,0.9903899,-0.1374657,-0.07352106,0.1382163,0.9876694,moving,5.0346964347837995,-9.141648027795577,1.8381124261299733,-6.854547816034029,-0.08884899999999996,0.0389564,2.0632545,0.086652740815827,-0.15827815803256914,0.9835848422315273,4.050519290462576,-8.62355280107049,3.887028972931644,3.9305186302854596,2.8326882586034543
05/10/2023 16:35:41.443401,3395,True,True,True,True,Eyes,1.372193,-0.355284,-2.93497,0.01021361,-0.02000386,0.9997478,0.0,0.0,0.0,0.0,0.0,0.0,0.0,-1.149884,-0.07337299,3.057442,1.37259,-0.3553495,-2.943686,-0.0691265,-0.03722959,-0.004977964,0.9969006,352.0566,355.7417,359.7236,0.4212968,-0.1089979,-0.9003488,0,0,0,1.280519,-0.3143882,-0.8812197,0.06250645,-0.2443138,2.04947,0.9971784,-0.004777965,0.07491662,0.01507217,0.9903935,-0.1374538,-0.07354019,0.1381952,0.987671,moving,4.94783616364478,-9.070511028741198,1.746913086153679,-6.798051137756443,-0.09207100000000001,0.04096129999999998,2.0624663,0.08517808669628765,-0.1570769152195336,0.9839063329915335,3.9705754736278633,-8.554247915719838,3.8830772452309783,3.925555056823117,2.833531636738224
05/10/2023 16:35:41.453830,3396,True,True,True,True,Eyes,1.372058,-0.3552861,-2.934971,0.008802903,-0.01883011,0.999784,0.0,0.0,0.0,0.0,0.0,0.0,0.0,-1.15009,-0.0732154,3.057358,1.372576,-0.3553142,-2.943687,-0.06910733,-0.03719232,-0.004949674,0.9969035,352.0589,355.7458,359.7265,0.4212676,-0.1089986,-0.9003623,0,0,0,1.277588,-0.3124805,-0.8819655,0.05937287,-0.2423219,2.049221,0.9971845,-0.00472817,0.07483842,0.01500922,0.9903994,-0.1374185,-0.07347018,0.1381549,0.9876818,moving,4.860235837526365,-9.001182416896128,1.6595884266384788,-6.743950610217161,-0.09498800000000007,0.04283370000000003,2.0617215,0.08368939703046421,-0.1559059957217459,0.9842202579313878,3.889822433156591,-8.486682534780131,3.875082677418801,3.916534089971199,2.8303812967020514
05/10/2023 16:35:41.477953,3397,True,True,True,True,Eyes,1.371888,-0.3552924,-2.934974,0.007365239,-0.01764781,0.9998171,0.0,0.0,0.0,0.0,0.0,0.0,0.0,-1.150429,-0.0723891,3.057212,1.372562,-0.3553144,-2.943655,-0.06900831,-0.03713183,-0.004864648,0.996913,352.0706,355.7521,359.7354,0.421238,-0.1089995,-0.900376,0,0,0,1.274633,-0.31086,-0.8826968,0.05610751,-0.2402466,2.048962,0.9971951,-0.00457445,0.07470582,0.01482407,0.9904284,-0.1372293,-0.07336301,0.1379518,0.9877181,moving,4.767719654200926,-8.922463381104222,1.5685602580991898,-6.687556697036752,-0.09792900000000015,0.04445439999999995,2.0609582,0.08211744762367548,-0.15457389026106258,0.9845626250478265,3.804829575375847,-8.410018141621943,3.8621494071351608,3.9024900676562244,2.8227245504079055
05/10/2023 16:35:41.493110,3398,True,True,True,True,Eyes,1.371725,-0.3552986,-2.934977,0.00598973,-0.01651704,0.9998457,0.0,0.0,0.0,0.0,0.0,0.0,0.0,-1.150787,-0.07166547,3.057146,1.372602,-0.3553463,-2.943685,-0.06896099,-0.03707259,-0.004705142,0.9969193,352.0768,355.7577,359.7531,0.421207,-0.1090008,-0.9003904,0,0,0,1.271847,-0.3091292,-0.8834676,0.0529507,-0.2382401,2.048712,0.997207,-0.004268167,0.07456569,0.01449442,0.9904445,-0.1371482,-0.07326781,0.1378459,0.98774,moving,4.678414574142072,-8.853010842926537,1.4805284282474223,-6.6330050756169285,-0.10075500000000015,0.04621710000000001,2.0602174,0.08059767924820652,-0.1533994210584636,0.9848719434540998,3.7224400290442885,-8.34232027136259,3.853600193311993,3.8929296691557194,2.819206637370627
05/10/2023 16:35:41.503348,3399,True,True,True,True,Eyes,1.371581,-0.3553026,-2.934978,0.004579246,-0.01536338,0.9998714,0.0,0.0,0.0,0.0,0.0,0.0,0.0,-1.151112,-0.07110876,3.057041,1.372616,-0.3553486,-2.943682,-0.06890632,-0.03701818,-0.004619546,0.9969255,352.0834,355.7633,359.7623,0.4211749,-0.1090023,-0.9004052,0,0,0,1.268909,-0.3073394,-0.8842275,0.04970162,-0.2361749,2.048454,0.9972166,-0.004109113,0.07444537,0.01431226,0.9904612,-0.1370469,-0.07317211,0.1377309,0.9877631,moving,4.588402762938863,-8.781020933753524,1.38989425824434,-6.576833208039352,-0.103707,0.04800920000000003,2.0594544999999997,0.07906540715418152,-0.15218055820795573,0.985185037732492,3.6395039363358457,-8.272168475374615,3.8461146288915335,3.8844433558480684,2.8168964078278944
05/10/2023 16:35:41.523185,3400,True,True,True,True,Eyes,1.371442,-0.3553061,-2.934979,0.003227043,-0.0142552,0.9998932,0.0,0.0,0.0,0.0,0.0,0.0,0.0,-1.151585,-0.07099858,3.056825,1.372617,-0.3553194,-2.943643,-0.0688912,-0.03694113,-0.004607202,0.9969293,352.0852,355.7722,359.763,0.4211424,-0.1090041,-0.9004201,0,0,0,1.265943,-0.3052904,-0.884973,0.04635505,-0.2340476,2.048189,0.9972283,-0.004096274,0.07429019,0.01427595,0.9904655,-0.1370189,-0.07302061,0.1376997,0.9877787,moving,4.500012132493651,-8.715832656279812,1.2965089595445598,-6.518941795899004,-0.10667399999999994,0.05002899999999999,2.0586699999999998,0.07755874595991194,-0.15107751659499827,0.9854746373420362,3.5577695221041665,-8.20859256137917,3.847000927267118,3.8844255729154624,2.8228034010669427
05/10/2023 16:35:41.540290,3401,True,True,True,True,Eyes,1.371321,-0.3553073,-2.934978,0.001781368,-0.01311133,0.9999124,0.0,0.0,0.0,0.0,0.0,0.0,0.0,-1.151705,-0.07098296,3.056788,1.37261,-0.3553096,-2.943656,-0.06889834,-0.0369187,-0.004580741,0.9969299,352.0845,355.7745,359.766,0.4211096,-0.1090059,-0.9004352,0,0,0,1.263276,-0.3035062,-0.885654,0.04354981,-0.2322644,2.047966,0.997232,-0.004046081,0.07424191,0.01422063,0.9904641,-0.1370354,-0.07297949,0.1377119,0.98778,moving,4.41242007870898,-8.651274818075514,1.2182059193251642,-6.47039542718059,-0.10933400000000004,0.0518034,2.0580019999999997,0.07606489248052449,-0.14998434053379875,0.9857579406967247,3.476771347022596,-8.145631067734934,3.8312735239504745,3.867717545741709,2.812033471097669
05/10/2023 16:35:41.553126,3402,True,True,True,True,Eyes,1.371205,-0.3553095,-2.934978,0.0003894448,-0.01201185,0.9999278,0.0,0.0,0.0,0.0,0.0,0.0,0.0,-1.151742,-0.07178509,3.056726,1.372605,-0.3552853,-2.943631,-0.06901573,-0.03691288,-0.004609839,0.9969217,352.071,355.7754,359.763,0.421077,-0.1090078,-0.9004502,0,0,0,1.260139,-0.3009967,-0.8864101,0.04034033,-0.2302245,2.047711,0.9972324,-0.004096158,0.07423481,0.01428643,0.9904311,-0.1372662,-0.0729622,0.1379469,0.9877485,moving,4.330619698751072,-8.601729725040107,1.1285927140399616,-6.414835854569371,-0.11246600000000018,0.05428860000000002,2.0572209,0.07466702515029258,-0.14914768841947523,0.9859918071743029,3.40055883572012,-8.097200786650955,3.841849989294591,3.877561296939173,2.827044715380401
05/10/2023 16:35:41.573224,3403,True,True,True,True,Eyes,1.371114,-0.35531,-2.934977,-0.001300919,-0.01082886,0.9999405,0.0,0.0,0.0,0.0,0.0,0.0,0.0,-1.151443,-0.07191539,3.056843,1.372603,-0.355309,-2.943637,-0.06903159,-0.03696217,-0.004629668,0.9969189,352.069,355.7699,359.7612,0.4210448,-0.1090097,-0.9004651,0,0,0,1.25667,-0.298886,-0.8872255,0.03702132,-0.2281149,2.047448,0.9972247,-0.004127693,0.07433573,0.01433392,0.9904264,-0.1372955,-0.07305737,0.13798,0.9877369,moving,4.2376081471878555,-8.53584068444378,1.0358916384811738,-6.3573484022518665,-0.11593300000000006,0.056423,2.0564115,0.07307870350299436,-0.148031175810681,0.9862789839704705,3.3144078507568775,-8.032913666128529,3.8377967495374983,3.8725724300127213,2.8282777591872565
05/10/2023 16:35:41.593153,3404,True,True,True,True,Eyes,1.371026,-0.35531,-2.934974,-0.002923465,-0.009691122,0.9999488,0.0,0.0,0.0,0.0,0.0,0.0,0.0,-1.151612,-0.0722571,3.05677,1.372612,-0.3553143,-2.943631,-0.06908637,-0.03693619,-0.00463779,0.9969159,352.0627,355.7729,359.7603,0.4210135,-0.1090115,-0.9004795,0,0,0,1.253627,-0.2966619,-0.8879912,0.03380479,-0.2260706,2.047193,0.9972284,-0.004143399,0.07428536,0.01435055,0.9904111,-0.137404,-0.07300373,0.1380892,0.9877256,moving,4.1398405206164455,-8.47705904881766,0.9460250109371671,-6.30161446885466,-0.1189849999999999,0.05865240000000005,2.0556398,0.07140635255280922,-0.14703710614507587,0.9865501960601144,3.2232957776750712,-7.975449244644479,3.830512702691878,3.8643261547594947,2.82624928158901
05/10/2023 16:35:41.608587,3405,True,True,True,True,Eyes,1.370932,-0.3553109,-2.934971,-0.004682183,-0.00845629,0.9999533,0.0,0.0,0.0,0.0,0.0,0.0,0.0,-1.15165,-0.07245994,3.056705,1.372616,-0.3553008,-2.943583,-0.06911084,-0.03693185,-0.004657116,0.9969144,352.0598,355.7736,359.7581,0.4209831,-0.1090133,-0.9004935,0,0,0,1.250457,-0.2945248,-0.8887246,0.03055951,-0.2240078,2.046936,0.9972287,-0.004180708,0.0742795,0.01439027,0.9904041,-0.1374512,-0.07299206,0.1381392,0.9877195,moving,4.036692217542359,-8.409226026223024,0.8553276106081744,-6.245349018089069,-0.12215900000000013,0.06077600000000005,2.0548583999999996,0.069642156974904,-0.1458872553862936,0.9868469549767261,3.1274778966738435,-7.90920946639118,3.814762910838428,3.8475244597772544,2.8162206081719523
05/10/2023 16:35:41.623183,3406,True,True,True,True,Eyes,1.370841,-0.3553118,-2.934969,-0.006368553,-0.007268863,0.9999533,0.0,0.0,0.0,0.0,0.0,0.0,0.0,-1.152047,-0.07253951,3.056549,1.372599,-0.3553214,-2.943584,-0.06911177,-0.03686582,-0.004698385,0.9969165,352.0595,355.7815,359.7529,0.4209535,-0.1090151,-0.9005072,0,0,0,1.247535,-0.2925289,-0.8894842,0.02733295,-0.2219569,2.04668,0.9972376,-0.004272071,0.07415371,0.01446352,0.990403,-0.1374509,-0.07285485,0.1381437,0.987729,moving,3.930832725884407,-8.341321418404892,0.7651267341136488,-6.1893835981762235,-0.12506399999999984,0.06279250000000003,2.0540998,0.0678303370100956,-0.14473568948962684,0.987142655641309,3.029050708316391,-7.842880092721555,3.7961681716551854,3.827862433325392,2.803462576608369
05/10/2023 16:35:41.643212,3407,True,True,True,True,Eyes,1.370766,-0.3553139,-2.934966,-0.008137489,-0.006046397,0.9999486,0.0,0.0,0.0,0.0,0.0,0.0,0.0,-1.152215,-0.07275081,3.056483,1.372593,-0.3553226,-2.943588,-0.069135,-0.03683862,-0.004728371,0.9969158,352.0568,355.7849,359.7493,0.4209245,-0.1090169,-0.9005204,0,0,0,1.244509,-0.2904478,-0.8902488,0.02414805,-0.2199325,2.046427,0.9972411,-0.004333901,0.07410378,0.01452125,0.990396,-0.1374952,-0.0727962,0.1381919,0.9877266,moving,3.8246058300357255,-8.274075367671749,0.6760647392204917,-6.134116864813329,-0.12808399999999986,0.06487480000000001,2.0533392,0.06601113846235956,-0.1435945731723481,0.9874325842508038,2.9302344684868222,-7.777183450417453,3.776291547665689,3.8069322813136606,2.7894352426735836
05/10/2023 16:35:41.653124,3408,True,True,True,True,Eyes,1.370694,-0.3553156,-2.934963,-0.009833062,-0.004874858,0.9999398,0.0,0.0,0.0,0.0,0.0,0.0,0.0,-1.152228,-0.07242021,3.056501,1.372617,-0.3553803,-2.943587,-0.06909448,-0.03684025,-0.004716864,0.9969186,352.0615,355.7846,359.7505,0.4208966,-0.1090187,-0.9005333,0,0,0,1.241382,-0.2886794,-0.8910098,0.0209465,-0.2178972,2.046173,0.9972411,-0.004313742,0.07410528,0.01449557,0.9904074,-0.1374156,-0.07280163,0.1381107,0.9877375,moving,3.72558238395722,-8.202569660833928,0.5865115634551822,-6.0785261548649085,-0.131235,0.06670090000000001,2.0525772,0.06431589921495878,-0.14237793576732433,0.9877206312959466,2.8385870683374828,-7.7074307225297085,3.760484498386981,3.790161794881124,2.7794197542383046
05/10/2023 16:35:41.673216,3409,True,True,True,True,Eyes,1.370624,-0.3553163,-2.93496,-0.01157335,-0.00367046,0.9999263,0.0,0.0,0.0,0.0,0.0,0.0,0.0,-1.152405,-0.07213512,3.056417,1.372616,-0.3553738,-2.943562,-0.06906881,-0.0368093,-0.004665907,0.9969217,352.0646,355.7878,359.756,0.4208696,-0.1090204,-0.9005457,0,0,0,1.238316,-0.2867556,-0.8917542,0.01768814,-0.2158263,2.045915,0.9972466,-0.004218339,0.07403652,0.01438784,0.9904155,-0.1373689,-0.07274744,0.1380559,0.9877492,moving,3.619906566555398,-8.131014332777847,0.4953434135389594,-6.021935834371101,-0.13430000000000009,0.06861820000000002,2.0518077999999997,0.06250505454479395,-0.14116055527126387,0.9880115565773435,2.7405305939896083,-7.637579772141872,3.7410954403277508,3.7697621953685196,2.7660749825186186
05/10/2023 16:35:41.692984,3410,True,True,True,True,Eyes,1.370556,-0.3553178,-2.934958,-0.01324433,-0.002519038,0.9999091,0.0,0.0,0.0,0.0,0.0,0.0,0.0,-1.152475,-0.07240736,3.056407,1.372618,-0.3553612,-2.943587,-0.06911846,-0.03679669,-0.004649424,0.9969189,352.059,355.7891,359.758,0.4208437,-0.1090222,-0.9005576,0,0,0,1.235276,-0.2845778,-0.8925379,0.01453649,-0.213823,2.045665,0.9972488,-0.004183536,0.07400934,0.01435686,0.990402,-0.1374688,-0.0727239,0.1381531,0.9877373,moving,3.520823161835899,-8.071056812917213,0.4071368027283818,-5.967169190647373,-0.13734199999999985,0.0707834,2.0510491,0.06080525282402172,-0.14014130591895915,0.9882626683714912,2.6482127291284483,-7.578970659094039,3.730063478244315,3.757843247134248,2.76049366628086
05/10/2023 16:35:41.711125,3411,True,True,True,True,Eyes,1.370473,-0.3553189,-2.934955,-0.01492071,-0.00135659,0.9998878,0.0,0.0,0.0,0.0,0.0,0.0,0.0,-1.152432,-0.07188427,3.056432,1.372622,-0.3553792,-2.943579,-0.06905844,-0.03680225,-0.004592943,0.996923,352.0661,355.788,359.7643,0.4208186,-0.1090238,-0.9005691,0,0,0,1.232188,-0.2829003,-0.8932727,0.01140529,-0.2118327,2.045416,0.997249,-0.00407461,0.07401237,0.01424063,0.9904197,-0.1373538,-0.07274365,0.13803,0.9877531,moving,3.423091511043557,-7.997965372927488,0.31947936684926487,-5.912735628696633,-0.14043399999999995,0.07247890000000001,2.0503063,0.05912993946569858,-0.1388944907061509,0.9885403639823889,2.557894519828948,-7.507697464229583,3.7121888590069054,3.7390629077103488,2.748527906697637
05/10/2023 16:35:41.722903,3412,True,True,True,True,Eyes,1.370393,-0.3553196,-2.934952,-0.01652927,-0.0002459407,0.9998633,0.0,0.0,0.0,0.0,0.0,0.0,0.0,-1.152578,-0.0714604,3.056353,1.37261,-0.3553526,-2.943553,-0.06901782,-0.0367735,-0.00451496,0.9969272,352.0711,355.7907,359.7729,0.420794,-0.1090255,-0.9005804,0,0,0,1.229019,-0.2809697,-0.8940324,0.00806129,-0.2097072,2.045151,0.9972547,-0.003926119,0.07394423,0.01407823,0.9904323,-0.1372794,-0.07269778,0.1379436,0.9877685,moving,3.325253461968103,-7.930096876152286,0.22583931574556254,-5.8545753568066905,-0.14359100000000002,0.07438290000000003,2.0495206,0.057451197945242456,-0.13773694984520515,0.988801187520751,2.4671966644559564,-7.441463635266579,3.7041356628817317,3.730168578907801,2.7462514766371036
05/10/2023 16:35:41.743651,3413,True,True,True,True,Eyes,1.370307,-0.3553208,-2.934948,-0.01818641,0.0008546651,0.9998342,0.0,0.0,0.0,0.0,0.0,0.0,0.0,-1.152647,-0.07105422,3.056346,1.372619,-0.3553429,-2.94356,-0.06895108,-0.03676376,-0.004510057,0.9969323,352.0788,355.7918,359.7731,0.4207698,-0.1090272,-0.9005915,0,0,0,1.225948,-0.2792592,-0.8947867,0.004886553,-0.2076894,2.044899,0.9972562,-0.003922641,0.07392391,0.01406224,0.9904508,-0.1371475,-0.07268002,0.1378107,0.9877883,moving,3.2274012767534694,-7.859642523265845,0.13691548107977655,-5.799338136831321,-0.146671,0.07608370000000003,2.0487733,0.0557717744242244,-0.13653397888583496,0.9890641461694671,2.3766223738451444,-7.372734332939225,3.689112894366256,3.7142908634115073,2.7371266969995234
05/10/2023 16:35:41.753218,3414,True,True,True,True,Eyes,1.370223,-0.3553219,-2.934945,-0.01977647,0.001917067,0.9998026,0.0,0.0,0.0,0.0,0.0,0.0,0.0,-1.15284,-0.07160318,3.05622,1.37262,-0.3553542,-2.943516,-0.06905278,-0.03673158,-0.004492937,0.9969264,352.0672,355.7954,359.7752,0.420746,-0.1090289,-0.9006025,0,0,0,1.22293,-0.2768561,-0.8955172,0.001675889,-0.2056486,2.044645,0.9972612,-0.003885419,0.07385787,0.01403109,0.9904231,-0.137351,-0.07261687,0.1380111,0.987765,moving,3.130983542151028,-7.8107704952884145,0.04696235538653291,-5.743443999971883,-0.14968999999999988,0.07849810000000002,2.0479988,0.05411353393008927,-0.13570268818251352,0.9892707054916462,2.2862856149981763,-7.324842955757409,3.6883934524325177,3.712819079708843,2.7414214047455867
05/10/2023 16:35:41.773215,3415,True,True,True,True,Eyes,1.370118,-0.3553268,-2.934943,-0.02140677,0.003021452,0.9997662,0.0,0.0,0.0,0.0,0.0,0.0,0.0,-1.15291,-0.0722746,3.056201,1.372585,-0.3553529,-2.943556,-0.06912288,-0.03671784,-0.004589437,0.9969216,352.0588,355.7977,359.7643,0.4207224,-0.1090305,-0.9006132,0,0,0,1.219783,-0.2745509,-0.8963363,-0.001537889,-0.2036057,2.044389,0.9972615,-0.004074532,0.07384407,0.0142267,0.990402,-0.1374831,-0.07257514,0.1381572,0.9877477,moving,3.0351957716731537,-7.755670697593871,-0.04310066843389469,-5.687472250786481,-0.15280199999999988,0.08080200000000004,2.0472197000000003,0.052466369558251756,-0.13476312029660514,0.9894877538958027,2.1968864367564125,-7.270946510935783,3.684879193493243,3.7085514407315734,2.74316112614156
05/10/2023 16:35:41.793189,3416,True,True,True,True,Eyes,1.370019,-0.3553323,-2.934944,-0.02298189,0.004089221,0.9997275,0.0,0.0,0.0,0.0,0.0,0.0,0.0,-1.152854,-0.07177511,3.05622,1.372586,-0.355425,-2.943532,-0.06908215,-0.03672462,-0.004518225,0.9969245,352.0638,355.7964,359.7724,0.4206985,-0.1090323,-0.9006242,0,0,0,1.216722,-0.2728739,-0.8970489,-0.004634708,-0.2016374,2.044144,0.9972618,-0.003934628,0.07384759,0.01408269,0.9904145,-0.1374075,-0.07259908,0.1380712,0.9877579,moving,2.943610875896158,-7.690225098720877,-0.12990706752613929,-5.633516313804708,-0.155864,0.08255109999999999,2.0464830999999997,0.0508924371282694,-0.13364370688960708,0.9897218208691566,2.1120869688210995,-7.207098109632555,3.675252209233977,3.698183821078959,2.7391051325528517
05/10/2023 16:35:41.808139,3417,True,True,True,True,Eyes,1.369901,-0.3553343,-2.934944,-0.02460358,0.005206755,0.9996837,0.0,0.0,0.0,0.0,0.0,0.0,0.0,-1.15206,-0.07210967,3.056597,1.372624,-0.3554432,-2.943602,-0.06917804,-0.03685456,-0.004416885,0.9969136,352.0531,355.7805,359.7855,0.4206745,-0.1090342,-0.9006351,0,0,0,1.212956,-0.2704333,-0.897975,-0.007977217,-0.1995127,2.043879,0.9972445,-0.003707454,0.07409271,0.01390556,0.9903898,-0.1376035,-0.07287051,0.1382546,0.9877123,moving,2.8634771776515437,-7.63768967231557,-0.22362309390186652,-5.575248739856967,-0.15966800000000014,0.08500990000000003,2.0456269999999996,0.04951419675379204,-0.13274536562840727,0.9899126015543713,2.03763949181387,-7.15579475080032,3.6902842699006806,3.7126608633843534,2.7588827764634662
05/10/2023 16:35:41.823833,3418,True,True,True,True,Eyes,1.369787,-0.3553362,-2.934942,-0.0261584,0.006306806,0.9996379,0.0,0.0,0.0,0.0,0.0,0.0,0.0,-1.152132,-0.0748311,3.056469,1.372664,-0.3553446,-2.943558,-0.06955552,-0.0368538,-0.004555361,0.9968867,352.0092,355.7816,359.7711,0.4206499,-0.1090362,-0.9006464,0,0,0,1.20985,-0.2667715,-0.8987663,-0.01117216,-0.197482,2.043625,0.9972421,-0.003955588,0.07411182,0.01420913,0.9902826,-0.1383422,-0.07284441,0.1390137,0.9876076,moving,2.774199563218863,-7.618180036279855,-0.3132234334809531,-5.519536013290364,-0.16281400000000001,0.08857310000000002,2.0447916999999998,0.04797378532473591,-0.13241825291112705,0.9900322676693283,1.9526267567030395,-7.136292283482664,3.711358492732328,3.733160523709152,2.7835189817141455
05/10/2023 16:35:41.842822,3419,True,True,True,True,Eyes,1.369672,-0.3553397,-2.934936,-0.0277578,0.007419893,0.9995872,0.0,0.0,0.0,0.0,0.0,0.0,0.0,-1.152306,-0.07702395,3.056281,1.372665,-0.3553478,-2.943487,-0.06989309,-0.03682731,-0.00462319,0.9968638,351.9702,355.7851,359.7645,0.420625,-0.1090381,-0.9006578,0,0,0,1.206872,-0.2634211,-0.8995032,-0.01431333,-0.1954855,2.043376,0.9972448,-0.004069433,0.07406987,0.01436533,0.9901871,-0.1390073,-0.07277736,0.1396883,0.9875174,moving,2.6787943585930263,-7.593469341051052,-0.40133582225892056,-5.464735935935218,-0.16579300000000008,0.09192669999999997,2.0439838000000004,0.046327783571229436,-0.13200153368439366,0.9901663760455394,1.861984046746733,-7.111724396596564,3.723006187255475,3.74415649259631,2.7991405500594997
05/10/2023 16:35:41.856023,3420,True,True,True,True,Eyes,1.369558,-0.3553412,-2.934929,-0.02928326,0.008456038,0.9995354,0.0,0.0,0.0,0.0,0.0,0.0,0.0,-1.152954,-0.0779168,3.055942,1.372658,-0.355399,-2.943409,-0.06992788,-0.03673423,-0.004923485,0.9968634,351.965,355.7982,359.7293,0.4205997,-0.1090402,-0.9006695,0,0,0,1.20412,-0.261312,-0.9001647,-0.0174655,-0.193482,2.043126,0.9972527,-0.004678593,0.07392658,0.01495358,0.9901717,-0.1390553,-0.07254943,0.1397788,0.9875214,moving,2.5813787323906827,-7.538162511505647,-0.48977648104915067,-5.409720542022934,-0.16853799999999985,0.09408700000000003,2.0432443,0.044649863377570084,-0.13105569575459297,0.990369034278985,1.771026887957919,-7.057615847020049,3.71618950934815,3.736610705237317,2.7976402216055676
05/10/2023 16:35:41.873218,3421,True,True,True,True,Eyes,1.369432,-0.3553409,-2.934925,-0.03090766,0.009493187,0.9994772,0.0,0.0,0.0,0.0,0.0,0.0,0.0,-1.153644,-0.07545778,3.055664,1.372575,-0.355345,-2.943372,-0.06952406,-0.03660983,-0.004903893,0.9968962,352.0114,355.8126,359.7288,0.4205741,-0.1090423,-0.9006811,0,0,0,1.201515,-0.2610007,-0.9007502,-0.02054696,-0.1915234,2.042881,0.9972713,-0.004686817,0.07367428,0.01486787,0.9902847,-0.1382575,-0.07231053,0.1389756,0.9876522,moving,2.4719154700181263,-7.432734185054514,-0.57625206520006,-5.355916963872542,-0.17106,0.09434430000000005,2.0426218,0.04276794776252871,-0.1292437792974898,0.990690176353342,1.671117079304537,-6.955048594247838,3.6689331798159874,3.6884271841743224,2.758240388896166
05/10/2023 16:35:41.883269,3422,True,True,True,True,Eyes,1.369314,-0.3553463,-2.934921,-0.03246981,0.01047284,0.9994179,0.0,0.0,0.0,0.0,0.0,0.0,0.0,-1.153135,-0.07332918,3.055921,1.37255,-0.3552809,-2.943406,-0.06924471,-0.03668116,-0.00469806,0.9969141,352.0443,355.8028,359.752,0.4205479,-0.1090444,-0.9006931,0,0,0,1.198065,-0.2601268,-0.9015201,-0.02375145,-0.1894864,2.042627,0.9972648,-0.004287172,0.07378655,0.01444707,0.9903662,-0.1377174,-0.07248529,0.1384067,0.9877194,moving,2.3875731590962657,-7.344995438066643,-0.6661992201089323,-5.299933876150102,-0.174485,0.09515410000000002,2.0418859,0.041317703141938764,-0.1277343585196435,0.9909474702728504,1.5944809156247515,-6.8697419773467185,3.6564313464042537,3.6752962514639687,2.752266729567357
05/10/2023 16:35:41.903412,3423,True,True,True,True,Eyes,1.369194,-0.3553505,-2.934918,-0.03409761,0.01145202,0.9993529,0.0,0.0,0.0,0.0,0.0,0.0,0.0,-1.152936,-0.07169393,3.056093,1.372618,-0.3554191,-2.943417,-0.06904902,-0.03672014,-0.004569375,0.9969267,352.0673,355.7973,359.7663,0.4205214,-0.1090465,-0.9007052,0,0,0,1.194731,-0.2590328,-0.9022984,-0.02706121,-0.1873827,2.042365,0.9972615,-0.004039688,0.0738456,0.01418165,0.9904228,-0.1373381,-0.07258356,0.1380092,0.9877677,moving,2.296379481817879,-7.26683096791519,-0.7591211148696916,-5.242091582510132,-0.1778869999999999,0.09638629999999998,2.0411186000000003,0.03974732616765551,-0.1263904144215845,0.9911839525098578,1.5107332974382448,-6.793622750553972,3.6472511329845942,3.665467702104133,2.749452312458845
05/10/2023 16:35:41.922955,3424,True,True,True,True,Eyes,1.369077,-0.3553548,-2.934914,-0.03565393,0.01238849,0.9992874,0.0,0.0,0.0,0.0,0.0,0.0,0.0,-1.153207,-0.07038483,3.056031,1.372644,-0.3553886,-2.943419,-0.06881788,-0.03668264,-0.004593598,0.9969441,352.0938,355.8019,359.7622,0.4204946,-0.1090488,-0.9007174,0,0,0,1.191831,-0.2579971,-0.9029917,-0.03018981,-0.185394,2.042116,0.9972665,-0.00411028,0.07377332,0.01420796,0.990486,-0.1368781,-0.07250882,0.1375522,0.9878369,moving,2.2015435055576,-7.186959913703613,-0.84697573447416,-5.187391105612043,-0.1808129999999999,0.09739150000000002,2.0404273,0.03811335153123145,-0.1250165313124148,0.9914223240079645,1.4235656894177005,-6.715829099219183,3.6282491207543845,3.6457845486447162,2.737057006697284
05/10/2023 16:35:41.943390,3425,True,True,True,True,Eyes,1.368952,-0.3553594,-2.934912,-0.03726237,0.01338172,0.9992159,0.0,0.0,0.0,0.0,0.0,0.0,0.0,-1.153622,-0.06993416,3.055852,1.372607,-0.3553924,-2.943402,-0.06877649,-0.03660581,-0.004521236,0.9969499,352.0988,355.8102,359.7698,0.4204675,-0.1090512,-0.9007298,0,0,0,1.188897,-0.2561477,-0.9037194,-0.03346351,-0.183313,2.041857,0.9972791,-0.003979653,0.07361024,0.01405013,0.9904987,-0.1368024,-0.07236642,0.1374645,0.9878596,moving,2.0986840716971553,-7.125671773999325,-0.9389228824024883,-5.130123526682571,-0.18370999999999982,0.09924470000000002,2.0396826,0.03633828925992187,-0.12396415697553832,0.9916210899229562,1.3276789962228572,-6.655907357394709,3.6176115825419615,3.6344557797507293,2.7323067862614834
05/10/2023 16:35:41.961383,3426,True,True,True,True,Eyes,1.368833,-0.3553653,-2.934912,-0.03880897,0.01434235,0.9991437,0.0,0.0,0.0,0.0,0.0,0.0,0.0,-1.153277,-0.07076198,3.055983,1.372607,-0.3553909,-2.943422,-0.06892606,-0.03665954,-0.004486607,0.9969379,352.0818,355.8037,359.7748,0.42044,-0.1090536,-0.9007424,0,0,0,1.185564,-0.2535647,-0.904548,-0.03663738,-0.1812957,2.041605,0.9972719,-0.003892143,0.07371305,0.01399933,0.9904581,-0.137101,-0.07247607,0.137759,0.9878106,moving,2.014900372806719,-7.088169881570399,-1.0280842541258797,-5.074587532589273,-0.18704299999999985,0.10182620000000003,2.038874,0.03489101765842737,-0.12332144781407217,0.9917532000459963,1.248915979457425,-6.619083828375305,3.6325267425753354,3.648872334828457,2.751399438728444
05/10/2023 16:35:41.973056,3427,True,True,True,True,Eyes,1.368725,-0.3553698,-2.934913,-0.04043566,0.01537411,0.9990638,0.0,0.0,0.0,0.0,0.0,0.0,0.0,-1.153109,-0.07129985,3.05612,1.372638,-0.3554335,-2.943492,-0.06901455,-0.03669142,-0.004498899,0.9969305,352.0716,355.8001,359.774,0.4204122,-0.1090562,-0.9007551,0,0,0,1.182258,-0.2512097,-0.9054291,-0.0399019,-0.1792208,2.041346,0.997267,-0.003905698,0.07377855,0.01403466,0.9904335,-0.1372753,-0.0725366,0.1379355,0.9877815,moving,1.9241902604756198,-7.0396000028532555,-1.1198098508469838,-5.017441058022018,-0.19038,0.10422380000000003,2.0380629,0.03332430809062309,-0.12248723740800377,0.9919104039633843,1.1640643266115323,-6.571527215935595,3.6386688737517723,3.6544580276551275,2.762474442357865
05/10/2023 16:35:41.993349,3428,True,True,True,True,Eyes,1.368621,-0.3553733,-2.934914,-0.04200457,0.01636983,0.9989833,0.0,0.0,0.0,0.0,0.0,0.0,0.0,-1.152964,-0.07198253,3.056151,1.372629,-0.3554237,-2.94349,-0.06912098,-0.03671351,-0.004509741,0.9969224,352.0593,355.7976,359.7734,0.4203844,-0.1090588,-0.9007677,0,0,0,1.179052,-0.2487926,-0.9062155,-0.0430647,-0.1772105,2.041095,0.9972636,-0.003916375,0.07382448,0.01406707,0.990404,-0.1374854,-0.0725776,0.1381476,0.9877489,moving,1.8357196074448017,-6.9951470767940105,-1.2086941178477426,-4.96205055297323,-0.1935770000000001,0.1066311,2.0372745,0.0317956667932988,-0.1217236982845948,0.9920546183366589,1.0811526955911879,-6.527960432823089,3.6456095609126105,3.660865526883194,2.774071408747046
05/10/2023 16:35:42.008346,3429,True,True,True,True,Eyes,1.36852,-0.3553757,-2.934914,-0.04363113,0.01743783,0.9988955,0.0,0.0,0.0,0.0,0.0,0.0,0.0,-1.152379,-0.07228407,3.056395,1.37264,-0.355404,-2.943518,-0.06918871,-0.03680757,-0.004452298,0.9969145,352.0518,355.7862,359.7811,0.4203568,-0.1090613,-0.9007803,0,0,0,1.175529,-0.2465105,-0.9070635,-0.04627572,-0.1751695,2.040841,0.9972507,-0.003783785,0.07400409,0.01397046,0.9903862,-0.1376227,-0.0727719,0.1382782,0.9877163,moving,1.751752454594648,-6.9420665715684455,-1.298949396641372,-4.905788711642814,-0.19711100000000004,0.1088935,2.0364545,0.030345185812785988,-0.12081002618443801,0.9922117115876723,1.0030393663444654,-6.476102062402718,3.653102293191461,3.667861680592411,2.7865814691998265
05/10/2023 16:35:42.023278,3430,True,True,True,True,Eyes,1.368424,-0.3553816,-2.934916,-0.04520005,0.01847076,0.9988071,0.0,0.0,0.0,0.0,0.0,0.0,0.0,-1.151779,-0.07337016,3.056557,1.372638,-0.3553935,-2.94348,-0.06934422,-0.03690712,-0.004502631,0.9968997,352.0337,355.7751,359.7768,0.4203294,-0.1090639,-0.9007928,0,0,0,1.172025,-0.2438909,-0.9078573,-0.04942504,-0.1731676,2.040591,0.9972352,-0.003858754,0.07420985,0.01409593,0.9903422,-0.1379261,-0.07296092,0.1385908,0.9876585,moving,1.6724867430407013,-6.901151509897024,-1.3874865750630214,-4.85058391751998,-0.20061299999999993,0.11150259999999998,2.0356227000000002,0.028974974380682847,-0.12010633170635618,0.9923380252963563,0.9288119701383115,-6.43601899202732,3.669199923430553,3.6835124756696143,2.806927737933398
05/10/2023 16:35:42.042990,3431,True,True,True,True,Eyes,1.368345,-0.3553855,-2.934916,-0.04682609,0.01955229,0.9987117,0.0,0.0,0.0,0.0,0.0,0.0,0.0,-1.151228,-0.07393792,3.056801,1.372657,-0.3554838,-2.943513,-0.0694383,-0.03700072,-0.004530527,0.9968895,352.0227,355.7645,359.7747,0.4203023,-0.1090664,-0.9008051,0,0,0,1.16845,-0.241554,-0.9087353,-0.05269498,-0.1710892,2.040331,0.9972208,-0.003894337,0.07440043,0.0141714,0.9903156,-0.1381094,-0.07314206,0.1387799,0.9876185,moving,1.5890338761637661,-6.850395972844314,-1.4794310029336966,-4.793246719188668,-0.20420700000000003,0.11392980000000003,2.0347777,0.02753250162059278,-0.1192320957602165,0.9924846110449072,0.8510709730122781,-6.386408121148641,3.680392224308072,3.694230605426601,2.823013055687692
05/10/2023 16:35:42.058307,3432,True,True,True,True,Eyes,1.368268,-0.3553892,-2.934918,-0.04839109,0.0205877,0.9986163,0.0,0.0,0.0,0.0,0.0,0.0,0.0,-1.15126,-0.07386687,3.056771,1.372685,-0.3554675,-2.943481,-0.06942184,-0.03700085,-0.004536916,0.9968907,352.0246,355.7645,359.7739,0.4202758,-0.109069,-0.9008171,0,0,0,1.165506,-0.2397209,-0.9094275,-0.05571949,-0.1691667,2.040091,0.9972207,-0.003908283,0.07440154,0.01418295,0.99032,-0.1380762,-0.07314169,0.1387477,0.987623,moving,1.4981538458888737,-6.789553522648727,-1.5644881261155448,-4.740187626105687,-0.207179,0.1157466,2.0340534999999997,0.02596151177025037,-0.1181830795144733,0.992652419143502,0.7667066559480655,-6.327007119103358,3.671763853929265,3.6850612514036682,2.8200115629688454
05/10/2023 16:35:42.073136,3433,True,True,True,True,Eyes,1.36819,-0.3553959,-2.93492,-0.04999181,0.02163944,0.9985152,0.0,0.0,0.0,0.0,0.0,0.0,0.0,-1.150978,-0.0738323,3.056924,1.372688,-0.3554697,-2.943527,-0.06938265,-0.0370505,-0.004612383,0.9968913,352.0288,355.7594,359.7654,0.4202501,-0.1090715,-0.9008288,0,0,0,1.161968,-0.2377511,-0.9103032,-0.05911267,-0.1670099,2.039822,0.997212,-0.004054764,0.07451066,0.01433741,0.9903296,-0.1379921,-0.07323059,0.1386757,0.9876266,moving,1.4112933633329632,-6.7252739213214,-1.6599285989446766,-4.680636955043009,-0.21072000000000002,0.1177186,2.0332238,0.024459856046690723,-0.11707379190809787,0.9928219849258298,0.6863988243329033,-6.264319661402034,3.6767588343486723,3.68957242312014,2.8307778598196385
05/10/2023 16:35:42.093113,3434,True,True,True,True,Eyes,1.368115,-0.355404,-2.934925,-0.0515296,0.02263854,0.9984149,0.0,0.0,0.0,0.0,0.0,0.0,0.0,-1.150783,-0.07313079,3.057017,1.372697,-0.355545,-2.943517,-0.06926282,-0.0370864,-0.00464916,0.9968981,352.0424,355.7556,359.761,0.4202249,-0.1090741,-0.9008402,0,0,0,1.158921,-0.2364643,-0.9109926,-0.06207147,-0.1651294,2.039587,0.997206,-0.004132061,0.07458673,0.01440689,0.9903622,-0.1377511,-0.07329869,0.1384408,0.9876546,moving,1.3262405221958213,-6.654695193058899,-1.7431646174178501,-4.628695051958388,-0.21377599999999997,0.11908070000000001,2.0325244,0.02298934221321154,-0.11585476212613965,0.9930001409611183,0.608167431257548,-6.195567187273822,3.6654328747354485,3.6777607973910036,2.825570861181151
05/10/2023 16:35:42.108053,3435,True,True,True,True,Eyes,1.368044,-0.35541,-2.934929,-0.05310195,0.02366081,0.9983088,0.0,0.0,0.0,0.0,0.0,0.0,0.0,-1.150639,-0.07189021,3.057204,1.372725,-0.3555837,-2.943606,-0.06914111,-0.03710557,-0.004457884,0.9969066,352.0572,355.7519,359.7827,0.4202003,-0.1090767,-0.9008514,0,0,0,1.155698,-0.2350396,-0.9118346,-0.06530736,-0.1630724,2.039331,0.9972066,-0.003757149,0.07459801,0.01401923,0.9903992,-0.1375236,-0.07336511,0.1381853,0.9876854,moving,1.2360502978996715,-6.582179203771157,-1.8342082587862276,-4.571853183823881,-0.21702700000000008,0.12054410000000002,2.0317714,0.021429351710078696,-0.11460185838949374,0.9931804005919863,0.5250872905015747,-6.124906370841063,3.658031888566767,3.6698635276233413,2.8245795599687855
05/10/2023 16:35:42.123362,3436,True,True,True,True,Eyes,1.367974,-0.3554146,-2.93493,-0.05460718,0.02464305,0.9982038,0.0,0.0,0.0,0.0,0.0,0.0,0.0,-1.150578,-0.07286507,3.057184,1.372771,-0.3555476,-2.943569,-0.0692574,-0.03712705,-0.004552222,0.9968974,352.0434,355.7501,359.7724,0.4201763,-0.1090794,-0.9008623,0,0,0,1.152522,-0.2325166,-0.9126031,-0.06849608,-0.1610456,2.039078,0.9972017,-0.003933552,0.07465425,0.01421884,0.9903654,-0.137747,-0.07339315,0.1384231,0.98765,moving,1.1516992578076626,-6.5397857288183046,-1.9239387333736446,-4.515824730686236,-0.22024899999999992,0.12303100000000003,2.0309659,0.01996885541114012,-0.11387040760059272,0.9932949337642564,0.44603697442574575,-6.08335814283137,3.670448008187262,3.6818429046820484,2.841468960546743
05/10/2023 16:35:42.143176,3437,True,True,True,True,Eyes,1.367921,-0.3554179,-2.93493,-0.05614114,0.02564966,0.9980933,0.0,0.0,0.0,0.0,0.0,0.0,0.0,-1.150975,-0.07345712,3.056947,1.372754,-0.3555211,-2.943504,-0.06925622,-0.03707083,-0.004786177,0.9968984,352.0425,355.7585,359.745,0.4201529,-0.109082,-0.9008729,0,0,0,1.149458,-0.2303545,-0.9133191,-0.07182336,-0.1589306,2.038814,0.9972057,-0.004407894,0.07457464,0.01467744,0.9903613,-0.137728,-0.07324875,0.1384377,0.9876587,moving,1.0573439608986859,-6.482856816825174,-2.0175819552920613,-4.457334016077147,-0.22329599999999994,0.1251666,2.0301849,0.018335130626153936,-0.11288694546573816,0.9934386386143046,0.3581154882573534,-6.02770743128756,3.6712049104630196,3.6821070063771417,2.8478081056291065
05/10/2023 16:35:42.153280,3438,True,True,True,True,Eyes,1.36787,-0.355422,-2.934932,-0.05762395,0.02662095,0.9979833,0.0,0.0,0.0,0.0,0.0,0.0,0.0,-1.151021,-0.07304895,3.056916,1.372731,-0.3555248,-2.943491,-0.06921116,-0.03705757,-0.004735443,0.9969023,352.0479,355.7596,359.7505,0.4201305,-0.1090845,-0.9008831,0,0,0,1.146425,-0.2286137,-0.914037,-0.074944,-0.1569471,2.038567,0.9972087,-0.004311955,0.07454103,0.01457114,0.9903747,-0.1376425,-0.07323005,0.1383445,0.987673,moving,0.9694318917752623,-6.422300498541855,-2.1054211105036265,-4.40245646650475,-0.2263059999999999,0.12691109999999997,2.029454,0.01681282433649651,-0.11183989720336207,0.9935839310308751,0.2765965792731777,-5.968605006447195,3.668473109774843,3.678925236992375,2.8507594643486627
05/10/2023 16:35:42.173060,3439,True,True,True,True,Eyes,1.367821,-0.3554281,-2.934932,-0.05916876,0.02764188,0.9978652,0.0,0.0,0.0,0.0,0.0,0.0,0.0,-1.150205,-0.07325804,3.057282,1.372744,-0.3555482,-2.943548,-0.06927744,-0.03718854,-0.00465798,0.9968932,352.0406,355.7438,359.7608,0.420109,-0.109087,-0.9008928,0,0,0,1.142707,-0.2263612,-0.9149534,-0.07820287,-0.1548759,2.038308,0.9971906,-0.004134362,0.07479138,0.01443967,0.9903579,-0.137778,-0.07350061,0.1384709,0.9876353,moving,0.8944985856241415,-6.3715929136135045,-2.1971644223828997,-4.345131973837075,-0.23003700000000005,0.12918699999999997,2.0285946,0.015514904279377562,-0.1109628522201011,0.9937034297179886,0.20706438451369336,-5.9191048761914855,3.686512618752433,3.696609811099721,2.87362260104861
05/10/2023 16:35:42.192792,3440,True,True,True,True,Eyes,1.367774,-0.3554341,-2.93493,-0.06065236,0.02861602,0.9977487,0.0,0.0,0.0,0.0,0.0,0.0,0.0,-1.149942,-0.07317421,3.057341,1.372787,-0.3556069,-2.943476,-0.06928974,-0.0372377,-0.004619151,0.9968906,352.0394,355.7379,359.7657,0.4200884,-0.1090895,-0.9009021,0,0,0,1.13953,-0.2244665,-0.915648,-0.0812795,-0.1529203,2.038064,0.997184,-0.004049195,0.07488394,0.01436996,0.9903551,-0.1378046,-0.0736037,0.1384926,0.9876245,moving,0.8138661157120098,-6.317439879748508,-2.2837878173207153,-4.290984415957226,-0.23325700000000005,0.1311404,2.027828,0.01411792865413735,-0.11002588750349022,0.9938284771002922,0.13222200025222014,-5.866236742472499,3.691911393102326,3.701618785823663,2.884185037545371
05/10/2023 16:35:42.202845,3441,True,True,True,True,Eyes,1.367729,-0.3554391,-2.934928,-0.06222365,0.02961153,0.9976228,0.0,0.0,0.0,0.0,0.0,0.0,0.0,-1.149911,-0.07264099,3.05735,1.372819,-0.3556123,-2.943445,-0.06921808,-0.03724718,-0.004582475,0.9968955,352.0478,355.7365,359.7697,0.4200687,-0.109092,-0.900911,0,0,0,1.13635,-0.2227649,-0.9163786,-0.08450976,-0.150867,2.037808,0.9971833,-0.003980142,0.07489747,0.01429285,0.9903757,-0.137665,-0.07362871,0.1383477,0.987643,moving,0.7235663464817714,-6.252436230649811,-2.3747475669860245,-4.234109080390445,-0.23646900000000004,0.1328474,2.0270664,0.012553173839487054,-0.1089005541353224,0.9939733213440282,0.04863771939825995,-5.802824549713306,3.688454350458489,3.6977281663018746,2.886808699923964
05/10/2023 16:35:42.228115,3442,True,True,True,True,Eyes,1.367687,-0.355442,-2.934926,-0.06373135,0.03057103,0.9974987,0.0,0.0,0.0,0.0,0.0,0.0,0.0,-1.149798,-0.07293537,3.057394,1.372862,-0.3555989,-2.943435,-0.069227,-0.03727677,-0.004671044,0.9968934,352.0464,355.7338,359.7598,0.4200499,-0.1090944,-0.9009195,0,0,0,1.133181,-0.2207274,-0.9171458,-0.0876565,-0.1488671,2.037558,0.9971772,-0.004151946,0.07496865,0.01447418,0.9903716,-0.1376756,-0.07367521,0.1383721,0.9876361,moving,0.6398946490631018,-6.199096466175738,-2.463366716066542,-4.178692460675988,-0.23968100000000003,0.1348715,2.0262892,0.011102740777054167,-0.10797701864970347,0.9940913549269668,-0.02917708849483497,-5.750718228266515,3.694121322159654,3.703007351565175,2.8976790983382323
05/10/2023 16:35:42.243837,3443,True,True,True,True,Eyes,1.367641,-0.3554454,-2.934925,-0.06532099,0.03160617,0.9973637,0.0,0.0,0.0,0.0,0.0,0.0,0.0,-1.14995,-0.07373127,3.057308,1.37289,-0.355555,-2.943418,-0.06926167,-0.0372662,-0.004887719,0.9968904,352.0414,355.7367,359.7349,0.4200319,-0.1090968,-0.9009277,0,0,0,1.130078,-0.2184579,-0.9179155,-0.09088692,-0.1468135,2.037302,0.9971747,-0.0045828,0.0749777,0.01490728,0.9903579,-0.1377283,-0.07362356,0.1384569,0.9876281,moving,0.5473900483695743,-6.14484614794205,-2.55435201679751,-4.121764086349317,-0.24281200000000003,0.1370971,2.0255025,0.00949872827791199,-0.10703749783364101,0.9942096760809332,-0.11545694113516847,-5.697666379504237,3.694736137443046,3.703196574145811,2.9037350477722574
05/10/2023 16:35:42.253628,3444,True,True,True,True,Eyes,1.367597,-0.3554499,-2.934924,-0.06684895,0.03260581,0.9972302,0.0,0.0,0.0,0.0,0.0,0.0,0.0,-1.149731,-0.0744974,3.057409,1.372887,-0.3555801,-2.943454,-0.0693275,-0.03730749,-0.005039303,0.9968835,352.0332,355.7332,359.718,0.4200145,-0.1090991,-0.9009355,0,0,0,1.126793,-0.2161865,-0.9187585,-0.0940596,-0.144797,2.03705,0.9971655,-0.004874326,0.07508115,0.01522007,0.9903367,-0.1378469,-0.0736837,0.1385989,0.9876037,moving,0.46413483103437264,-6.096031144479148,-2.6437215183394,-4.065843553126711,-0.24609400000000003,0.1393936,2.0246955,0.008054788931828146,-0.10619174830049627,0.9943130421160359,-0.19311039181948902,-5.64992963057574,3.7041080330648426,3.712200525890847,2.918017065438624
05/10/2023 16:35:42.272935,3445,True,True,True,True,Eyes,1.367556,-0.3554532,-2.934923,-0.06844495,0.03362204,0.9970881,0.0,0.0,0.0,0.0,0.0,0.0,0.0,-1.149607,-0.07512006,3.057428,1.37289,-0.3556115,-2.943437,-0.06939591,-0.03733231,-0.005134155,0.9968773,352.025,355.731,359.7076,0.4199978,-0.1091014,-0.900943,0,0,0,1.12348,-0.2138635,-0.9195645,-0.09733666,-0.142714,2.03679,0.9971599,-0.005054825,0.07514405,0.01541767,0.9903157,-0.1379751,-0.07371889,0.1387417,0.987581,moving,0.3747796759570339,-6.046429746755795,-2.7360405475102385,-4.008055587932809,-0.2494099999999999,0.141748,2.0238725,0.00650470467886231,-0.10533210433148456,0.9944157422979666,-0.27660138004133095,-5.601387849017845,3.711459752516174,3.719162765205401,2.9304519638947353
05/10/2023 16:35:42.291245,3446,True,True,True,True,Eyes,1.367516,-0.3554558,-2.934922,-0.06997712,0.03459871,0.9969484,0.0,0.0,0.0,0.0,0.0,0.0,0.0,-1.149058,-0.07545352,3.057637,1.372876,-0.3556023,-2.943455,-0.06939804,-0.03742466,-0.005251499,0.996873,352.0242,355.7213,359.6948,0.4199817,-0.1091036,-0.9009502,0,0,0,1.119874,-0.2117609,-0.9204243,-0.1006142,-0.1406307,2.03653,0.9971436,-0.005275759,0.07534416,0.01566455,0.9903127,-0.137969,-0.07388638,0.1387551,0.9875666,moving,0.2969519974439561,-5.9915602430970285,-2.828382399849758,-3.9502362952020302,-0.25300199999999995,0.14384139999999998,2.0230307,0.0051544555815825,-0.10438057985348972,0.9945240602704518,-0.34870243111046756,-5.547849541257635,3.725541715080771,3.7329235935332092,2.949776403617606
05/10/2023 16:35:42.303697,3447,True,True,True,True,Eyes,1.367447,-0.3554597,-2.934923,-0.07155908,0.03561176,0.9968004,0.0,0.0,0.0,0.0,0.0,0.0,0.0,-1.149012,-0.07549125,3.057613,1.37285,-0.3555878,-2.943427,-0.06941454,-0.03742703,-0.005222798,0.9968719,352.0224,355.7208,359.6982,0.4199662,-0.1091057,-0.9009572,0,0,0,1.116738,-0.2097183,-0.9211639,-0.1037745,-0.1386219,2.036279,0.9971439,-0.00521696,0.075345,0.01560888,0.9903088,-0.1380039,-0.07389484,0.1387858,0.9875616,moving,0.20527025323477077,-5.935756661919158,-2.9174299539653985,-3.8944636021654273,-0.2561119999999999,0.1458695,2.0222631,0.003563425855671494,-0.10341262254913286,0.9946321271277063,-0.43410678945232106,-5.493305011054394,3.72370358963781,3.7307015345437016,2.9535043237119702
05/10/2023 16:35:42.323097,3448,True,True,True,True,Eyes,1.367381,-0.3554659,-2.934922,-0.07307456,0.03658164,0.9966553,0.0,0.0,0.0,0.0,0.0,0.0,0.0,-1.148986,-0.07539785,3.057642,1.372845,-0.3555848,-2.943447,-0.0694265,-0.03742715,-0.005154881,0.9968715,352.0213,355.7202,359.7061,0.4199505,-0.1091078,-0.9009642,0,0,0,1.113614,-0.2077105,-0.9219524,-0.1069511,-0.1366029,2.036027,0.9971452,-0.005080636,0.07533589,0.01547438,0.9903067,-0.1380327,-0.07390435,0.1388045,0.9875584,moving,0.1170463769303122,-5.881708931770655,-3.006944264238554,-3.838385890691502,-0.259231,0.1478743,2.0214946,0.0020320887906614196,-0.10247476628592711,0.9947334756668061,-0.5162715306272472,-5.440481052740238,3.7262514781492158,3.732892521398871,2.9614455210614268
05/10/2023 16:35:42.342898,3449,True,True,True,True,Eyes,1.367303,-0.3554705,-2.934923,-0.07476716,0.03769927,0.9964882,0.0,0.0,0.0,0.0,0.0,0.0,0.0,-1.149192,-0.07491353,3.057556,1.37285,-0.3556484,-2.943416,-0.06940192,-0.03739014,-0.005050472,0.9968751,352.0246,355.7237,359.7177,0.4199347,-0.10911,-0.9009714,0,0,0,1.110704,-0.2059667,-0.9226456,-0.1100722,-0.134619,2.03578,0.9971529,-0.004879484,0.07524762,0.01525927,0.9903157,-0.1379924,-0.07384557,0.1387478,0.9875707,moving,0.014116627189013593,-5.814870721962807,-3.0949009918520543,-3.7832612330900743,-0.262146,0.14968169999999997,2.0207704,0.0002451138633383157,-0.10131450997536381,0.9948544646830935,-0.6119315435545163,-5.375202928461276,3.70771985051275,3.7139504130757475,2.9494771812374334
05/10/2023 16:35:42.357562,3450,True,True,True,True,Eyes,1.367229,-0.3554746,-2.934924,-0.07638849,0.03877092,0.9963241,0.0,0.0,0.0,0.0,0.0,0.0,0.0,-1.149692,-0.07414475,3.057386,1.372844,-0.3556058,-2.943423,-0.06931102,-0.03730334,-0.004951308,0.9968851,352.0355,355.7329,359.7281,0.4199185,-0.1091122,-0.9009787,0,0,0,1.107873,-0.204316,-0.923357,-0.1133047,-0.1325643,2.035523,0.9971679,-0.004700705,0.07506065,0.01504283,0.990343,-0.1378208,-0.07368794,0.1385596,0.9876089,moving,-0.09038893418855716,-5.743025457182645,-3.186006070032512,-3.7261499904592212,-0.26497099999999985,0.15128980000000003,2.020066,-0.0015696655948067642,-0.10006682623239554,0.9949795295987915,-0.7088447162830267,-5.305081042618049,3.6888440342659745,3.69467618337542,2.9375758100824165
05/10/2023 16:35:42.373518,3451,True,True,True,True,Eyes,1.367164,-0.3554778,-2.934924,-0.07809448,0.04007453,0.9961402,0.0,0.0,0.0,0.0,0.0,0.0,0.0,-1.14991,-0.07374641,3.057327,1.372853,-0.3555957,-2.943434,-0.06930815,-0.03726208,-0.004797989,0.9968877,352.0365,355.7365,359.7454,0.4199021,-0.1091144,-0.9009861,0,0,0,1.104797,-0.202315,-0.9241381,-0.1166124,-0.1304619,2.035261,0.997177,-0.004400979,0.07495729,0.01473124,0.9903467,-0.1378273,-0.07362714,0.1385424,0.9876158,moving,-0.19475112417655535,-5.667690786820735,-3.2792361341562097,-3.6676885623923363,-0.26805600000000007,0.15328070000000002,2.0192959,-0.0033824255143524024,-0.09875805575001342,0.9951057327939321,-0.8054345781770693,-5.2315929446840475,3.670694259957222,3.676146987609137,2.9266860192572817
05/10/2023 16:35:42.382831,3452,True,True,True,True,Eyes,1.367101,-0.35548,-2.934925,-0.0797281,0.04132941,0.9959595,0.0,0.0,0.0,0.0,0.0,0.0,0.0,-1.150433,-0.07346928,3.05711,1.372859,-0.355611,-2.943401,-0.06930093,-0.03717455,-0.004718274,0.9968917,352.0377,355.7459,359.7538,0.4198856,-0.1091166,-0.9009935,0,0,0,1.102048,-0.2004182,-0.9248159,-0.1197778,-0.1284497,2.03501,0.9971916,-0.004254756,0.07477196,0.01455968,0.9903502,-0.1378202,-0.07346403,0.1385219,0.9876309,moving,-0.29995174106217365,-5.594936362243333,-3.368462016351591,-3.6117144854469787,-0.27081100000000013,0.15519280000000002,2.0185851,-0.0052101822717275995,-0.09749362147355074,0.9952225195771424,-0.9029694268309549,-5.160588454869169,3.6485348665564477,3.6536179770414408,2.9116428836886614
05/10/2023 16:35:42.403411,3453,True,True,True,True,Eyes,1.367051,-0.3554819,-2.934926,-0.08145665,0.04275159,0.9957596,0.0,0.0,0.0,0.0,0.0,0.0,0.0,-1.150734,-0.07383272,3.057029,1.372858,-0.3555901,-2.943448,-0.06934208,-0.03712591,-0.004755917,0.9968906,352.0328,355.7518,359.7493,0.4198691,-0.1091188,-0.9010009,0,0,0,1.099303,-0.1983495,-0.9255707,-0.1227733,-0.1265458,2.034772,0.9971981,-0.004333483,0.07468051,0.01463103,0.9903381,-0.1378998,-0.07336138,0.1386061,0.9876267,moving,-0.405811131138033,-5.518703506163467,-3.4529047922167235,-3.5587348409806054,-0.273555,0.1572406,2.0178773000000003,-0.007049853792041816,-0.09616829556354192,0.9953401548007718,-1.0009546720581717,-5.086222273278588,3.6182901195294064,3.6230176576832505,2.8888193518414784
05/10/2023 16:35:42.423102,3454,True,True,True,True,Eyes,1.367001,-0.3554827,-2.934929,-0.08312042,0.04411992,0.9955624,0.0,0.0,0.0,0.0,0.0,0.0,0.0,-1.150801,-0.07375348,3.056994,1.372843,-0.3556282,-2.943438,-0.06931537,-0.03711513,-0.004804664,0.9968926,352.0357,355.7535,359.7435,0.4198531,-0.1091208,-0.9010081,0,0,0,1.096236,-0.1965119,-0.9263062,-0.1259277,-0.124541,2.034522,0.9971988,-0.004434171,0.07466567,0.01472477,0.9903446,-0.1378433,-0.07333352,0.1385566,0.9876357,moving,-0.5035467428673669,-5.437807484945282,-3.5418309660070855,-3.5029264230056794,-0.27660700000000005,0.15911630000000002,2.0171318,-0.008748887735148356,-0.09476160551912052,0.9954615808449763,-1.090862636302128,-5.007417581528071,3.597651324470659,3.6020738116302184,2.8758893231987837
05/10/2023 16:35:42.443144,3455,True,True,True,True,Eyes,1.366961,-0.3554807,-2.934931,-0.08487018,0.04560106,0.995348,0.0,0.0,0.0,0.0,0.0,0.0,0.0,-1.150389,-0.07404646,3.057151,1.372791,-0.3556036,-2.943474,-0.06935438,-0.03717354,-0.004812656,0.9968877,352.0311,355.7468,359.7432,0.4198373,-0.1091227,-0.9010152,0,0,0,1.092646,-0.1942315,-0.9271975,-0.1292901,-0.1224037,2.034256,0.9971899,-0.004439058,0.07478327,0.01475165,0.9903336,-0.1379192,-0.07344814,0.1386349,0.9876162,moving,-0.59843070692824,-5.357763171666883,-3.6366252753412582,-3.443406229158825,-0.2801450000000001,0.16137210000000002,2.0162765,-0.01039877060700737,-0.09336934117109397,0.9955772581419761,-1.1780673040043967,-4.929456371053789,3.5868734073640383,3.591015001202747,2.872777806000677
05/10/2023 16:35:42.453742,3456,True,True,True,True,Eyes,1.366921,-0.3554805,-2.934933,-0.08655485,0.04702626,0.9951366,0.0,0.0,0.0,0.0,0.0,0.0,0.0,-1.149858,-0.07478535,3.057322,1.372771,-0.3555808,-2.943475,-0.06944942,-0.03725883,-0.004864184,0.9968776,352.02,355.7373,359.7383,0.4198221,-0.1091244,-0.9010221,0,0,0,1.089215,-0.1918541,-0.9280326,-0.1324174,-0.1204158,2.034007,0.9971762,-0.004522784,0.07496061,0.0148732,0.9903063,-0.1381027,-0.07360935,0.1388276,0.9875771,moving,-0.6863077473147489,-5.287567218206232,-3.724798826297368,-3.388028563130852,-0.2835559999999999,0.16372669999999998,2.0154424,-0.011927081132575373,-0.09214796798277106,0.9956739228180951,-1.25904103221208,-4.861051906474604,3.57949916752197,3.5833887786817864,2.872239417097389
05/10/2023 16:35:42.477939,3457,True,True,True,True,Eyes,1.366868,-0.3554806,-2.934934,-0.0883195,0.048548,0.9949085,0.0,0.0,0.0,0.0,0.0,0.0,0.0,-1.149418,-0.07500815,3.057473,1.372733,-0.3556222,-2.943479,-0.06949309,-0.03732421,-0.004860452,0.9968722,352.015,355.7297,359.7395,0.4198073,-0.109126,-0.9010288,0,0,0,1.085678,-0.1896678,-0.9288824,-0.1357127,-0.1183214,2.033746,0.9971666,-0.00450295,0.07509045,0.01487805,0.9902942,-0.1381886,-0.07373938,0.1389142,0.9875553,moving,-0.7813070961993899,-5.205639270746185,-3.817710758736836,-3.3296603717893944,-0.28705500000000006,0.1659544,2.0145966,-0.013579728329519501,-0.0907222398913863,0.9957837274850833,-1.346256976479594,-4.781272104802283,3.565547982307189,3.569179742069871,2.86622755922385
05/10/2023 16:35:42.488304,3458,True,True,True,True,Eyes,1.36682,-0.3554833,-2.934935,-0.09001578,0.05000951,0.994684,0.0,0.0,0.0,0.0,0.0,0.0,0.0,-1.149367,-0.07509544,3.057428,1.372712,-0.3556357,-2.943423,-0.06951715,-0.03732886,-0.004845634,0.9968704,352.0123,355.7291,359.7413,0.4197927,-0.1091275,-0.9010354,0,0,0,1.08249,-0.1875934,-0.92961,-0.1389176,-0.1162841,2.033492,0.9971662,-0.004470945,0.07509777,0.01485093,0.9902878,-0.1382374,-0.07375036,0.1389609,0.9875479,moving,-0.8793565995952077,-5.124831763490035,-3.9080777345869517,-3.2728626499161333,-0.290222,0.1680423,2.013813,-0.015285729469324189,-0.08931553478102924,0.9958861045906898,-1.43647217265342,-4.702550454364867,3.5466870241491018,3.5500621559597207,2.8553180684418002
05/10/2023 16:35:42.503146,3459,True,True,True,True,Eyes,1.366774,-0.3554848,-2.934937,-0.09177695,0.05151336,0.9944463,0.0,0.0,0.0,0.0,0.0,0.0,0.0,-1.149203,-0.07496822,3.05753,1.372756,-0.3557016,-2.943432,-0.06953333,-0.03735984,-0.004779717,0.9968684,352.0107,355.7249,359.7492,0.4197783,-0.109129,-0.9010419,0,0,0,1.079271,-0.1856337,-0.9304119,-0.1421109,-0.1142544,2.033238,0.9971628,-0.004333989,0.0751504,0.01472501,0.9902846,-0.138274,-0.07382101,0.1389883,0.9875387,moving,-0.9782469308291049,-5.0403516034878155,-3.998122518096987,-3.2162577853665493,-0.293485,0.1700679,2.0130201000000003,-0.0170068008085432,-0.08784460644558377,0.995989042227956,-1.527302929635941,-4.620278309919556,3.5248950843807094,3.5280259097524715,2.8418696437537228
05/10/2023 16:35:42.523119,3460,True,True,True,True,Eyes,1.366732,-0.3554871,-2.934937,-0.09346113,0.05295401,0.9942137,0.0,0.0,0.0,0.0,0.0,0.0,0.0,-1.149283,-0.07449284,3.057525,1.372767,-0.3556981,-2.943442,-0.06946598,-0.03734751,-0.004751311,0.9968737,352.0186,355.7262,359.7521,0.4197642,-0.1091305,-0.9010482,0,0,0,1.076288,-0.1839881,-0.9311375,-0.1452063,-0.1122869,2.032992,0.9971652,-0.004284151,0.07512161,0.01466168,0.9903038,-0.1381427,-0.07380139,0.1388525,0.9875593,moving,-1.0775817182145837,-4.950108587417789,-4.08540888392465,-3.1613677333553585,-0.29647900000000016,0.17171000000000003,2.0123045,-0.01873612153366662,-0.08627310681952048,0.9960953267901774,-1.6182563221496835,-4.532441612232749,3.496615209888645,3.4995168383328927,2.8225317260241156
05/10/2023 16:35:42.543029,3461,True,True,True,True,Eyes,1.366693,-0.3554882,-2.934938,-0.09519743,0.05441874,0.9939698,0.0,0.0,0.0,0.0,0.0,0.0,0.0,-1.149798,-0.07409075,3.057322,1.372815,-0.3557207,-2.943397,-0.0694373,-0.03726848,-0.004676211,0.9968791,352.0222,355.7347,359.76,0.4197505,-0.1091319,-0.9010545,0,0,0,1.073543,-0.1821895,-0.9317962,-0.1483699,-0.110276,2.032742,0.9971784,-0.004147587,0.07495375,0.01449888,0.9903132,-0.1380926,-0.07365493,0.1387897,0.987579,moving,-1.1876752591009516,-4.862604377566046,-4.174617693570843,-3.105244984397332,-0.299272,0.1735312,2.0116008,-0.02065278903602616,-0.0847485299096274,0.9961882664622298,-1.719724550079687,-4.447166468443686,3.4629103002421187,3.4655644769063567,2.797722933977748
05/10/2023 16:35:42.553104,3462,True,True,True,True,Eyes,1.366654,-0.355488,-2.934941,-0.09686137,0.05582808,0.9937309,0.0,0.0,0.0,0.0,0.0,0.0,0.0,-1.149872,-0.07354534,3.057338,1.372815,-0.3557186,-2.943429,-0.06938206,-0.03725251,-0.004590625,0.9968838,352.0289,355.7359,359.7695,0.419737,-0.1091333,-0.9010606,0,0,0,1.070418,-0.1804324,-0.9325781,-0.1516102,-0.1082164,2.032485,0.9971824,-0.003983328,0.07490987,0.01432195,0.9903301,-0.1379897,-0.07363584,0.1386737,0.9875968,moving,-1.2863102187044697,-4.775081690692258,-4.2659930163979425,-3.047743971996408,-0.3023969999999998,0.1752862,2.0108509000000003,-0.022370586652959656,-0.08322362205146956,0.996279773314208,-1.8101477564621604,-4.361960199991446,3.441704586028482,3.4441552185259865,2.785379728991104
05/10/2023 16:35:42.572922,3463,True,True,True,True,Eyes,1.366617,-0.3554863,-2.934942,-0.09858941,0.05722483,0.9934815,0.0,0.0,0.0,0.0,0.0,0.0,0.0,-1.150031,-0.07391953,3.057269,1.372776,-0.3556874,-2.943451,-0.06942,-0.03722179,-0.004636686,0.9968822,352.0244,355.7398,359.7642,0.419724,-0.1091346,-0.9010665,0,0,0,1.067319,-0.1782048,-0.9333782,-0.1548572,-0.1061525,2.032227,0.9971861,-0.004076585,0.07485524,0.01441233,0.9903187,-0.138062,-0.07356773,0.1387523,0.9875908,moving,-1.3901041375454513,-4.699855727217373,-4.357559649322759,-2.9901028343543534,-0.3054570000000001,0.1774826,2.0100728,-0.024177991901645934,-0.08191204847446783,0.9963462675180988,-1.9061956730126253,-4.2885813048872174,3.4225321680755556,3.424769651966536,2.774028060923032
05/10/2023 16:35:42.593306,3464,True,True,True,True,Eyes,1.366579,-0.3554839,-2.934946,-0.1002472,0.05857333,0.9932369,0.0,0.0,0.0,0.0,0.0,0.0,0.0,-1.149999,-0.07376528,3.057272,1.372799,-0.3556695,-2.943429,-0.06939714,-0.03723046,-0.004623808,0.9968836,352.027,355.7387,359.7656,0.4197112,-0.1091357,-0.9010723,0,0,0,1.064182,-0.1763062,-0.9341193,-0.1580369,-0.1041316,2.031975,0.997185,-0.004051421,0.07487062,0.01438617,0.9903254,-0.1380174,-0.0735871,0.138706,0.9875959,moving,-1.4854012585895133,-4.619972957847065,-4.447227895835926,-2.9336416548067237,-0.30861700000000014,0.17936330000000003,2.0093097,-0.025838068427065077,-0.08051949434376242,0.9964180251617905,-1.993807121331041,-4.210772858925404,3.406185095957382,3.4082444590604313,2.7659243679655776
05/10/2023 16:35:42.603528,3465,True,True,True,True,Eyes,1.366541,-0.3554847,-2.934949,-0.101958,0.05990613,0.9929832,0.0,0.0,0.0,0.0,0.0,0.0,0.0,-1.150031,-0.07459781,3.057287,1.372771,-0.3556557,-2.943493,-0.06948349,-0.03722446,-0.004738684,0.9968771,352.0166,355.7403,359.7527,0.4196988,-0.1091367,-0.901078,0,0,0,1.06105,-0.1738989,-0.9349847,-0.161233,-0.1021,2.031721,0.9971837,-0.004274801,0.07487495,0.01462074,0.9902992,-0.1381802,-0.0735579,0.1388858,0.9875728,moving,-1.585271775283984,-4.5544545864614445,-4.53736059795335,-2.8768626050217687,-0.3117209999999999,0.18175680000000002,2.0085083,-0.027577389632999896,-0.07937633419890931,0.9964630945539277,-2.086588598308621,-4.14679153537388,3.3935876305784385,3.3954592138796333,2.760254133660138
05/10/2023 16:35:42.622847,3466,True,True,True,True,Eyes,1.366508,-0.3554858,-2.934952,-0.1036152,0.06118002,0.9927341,0.0,0.0,0.0,0.0,0.0,0.0,0.0,-1.149732,-0.07440642,3.057374,1.372757,-0.3557555,-2.943455,-0.0694706,-0.03727151,-0.004732267,0.9968763,352.0181,355.7348,359.7538,0.4196866,-0.1091377,-0.9010836,0,0,0,1.057619,-0.1720088,-0.9357629,-0.1645182,-0.1000119,2.031461,0.9971769,-0.004256422,0.07496767,0.01461352,0.9903029,-0.1381544,-0.07365265,0.1388599,0.9875693,moving,-1.676107165909836,-4.480008520309004,-4.630003571086533,-2.8184823311823743,-0.3151379999999999,0.1837467,2.0076921000000003,-0.02916012672966132,-0.07807803666553788,0.996520749919747,-2.170188167134543,-4.074263301484063,3.3874070587647385,3.389125735299514,2.7618250608775607
05/10/2023 16:35:42.643908,3467,True,True,True,True,Eyes,1.366496,-0.3554786,-2.934952,-0.1053175,0.06246521,0.9924749,0.0,0.0,0.0,0.0,0.0,0.0,0.0,-1.148609,-0.0737491,3.057868,1.372828,-0.3557597,-2.943481,-0.06941868,-0.03746,-0.004584725,0.9968736,352.0247,355.7119,359.7721,0.4196747,-0.1091386,-0.901089,0,0,0,1.053746,-0.1702879,-0.9366643,-0.1677454,-0.0979605,2.031204,0.9971514,-0.003939933,0.0753223,0.01434163,0.99032,-0.1380598,-0.07404923,0.1387468,0.9875556,moving,-1.7534210665837207,-4.399276942264486,-4.721014086615718,-2.761110006079218,-0.31908199999999987,0.18547180000000002,2.0068167,-0.030508128983783245,-0.07667074420394913,0.9965896630237169,-2.2404219460970927,-3.995771827114359,3.388115298466173,3.389719640818878,2.7708711951161837
05/10/2023 16:35:42.654118,3468,True,True,True,True,Eyes,1.366486,-0.3554742,-2.934952,-0.1069534,0.06372215,0.99222,0.0,0.0,0.0,0.0,0.0,0.0,0.0,-1.148955,-0.07611814,3.057602,1.372873,-0.3556141,-2.943396,-0.06967113,-0.0374229,-0.004868893,0.996856,351.9945,355.7183,359.7401,0.4196637,-0.1091393,-0.901094,0,0,0,1.050845,-0.1669985,-0.9374276,-0.1709305,-0.095936,2.030952,0.9971516,-0.004492577,0.07528894,0.01492176,0.9902444,-0.1385397,-0.07393204,0.1392686,0.9874909,moving,-1.8524230757851459,-4.358498528502605,-4.8108326244723045,-2.7044681653282487,-0.322028,0.1886156,2.0059684,-0.0322318653544704,-0.07595732168825615,0.9965900173641618,-2.3336788845783056,-3.9556712804739216,3.3879639878799055,3.389395742616381,2.7752116831732065
05/10/2023 16:35:42.673144,3469,True,True,True,True,Eyes,1.36649,-0.3554695,-2.934948,-0.1086058,0.06495637,0.9919604,0.0,0.0,0.0,0.0,0.0,0.0,0.0,-1.148844,-0.07798004,3.057651,1.372921,-0.355684,-2.943421,-0.06995609,-0.03745033,-0.004948822,0.9968346,351.9614,355.7157,359.7323,0.4196536,-0.1091397,-0.9010987,0,0,0,1.047601,-0.163849,-0.9383684,-0.1741866,-0.09386642,2.030694,0.997146,-0.004626556,0.07535598,0.01510607,0.9901633,-0.1390986,-0.07397117,0.13984,0.9874072,moving,-1.9451415280051791,-4.3211422328906615,-4.9026527909176485,-2.6465455728336593,-0.32532000000000005,0.191835,2.0050526,-0.033846228286600576,-0.0753035143205309,0.9965860718107223,-2.4210611442925174,-3.91892064498655,3.397417871873934,3.398697815947775,2.788769518055535
05/10/2023 16:35:42.692954,3470,True,True,True,True,Eyes,1.366491,-0.3554668,-2.934947,-0.1101894,0.06611324,0.9917094,0.0,0.0,0.0,0.0,0.0,0.0,0.0,-1.149289,-0.07923195,3.057361,1.372926,-0.355716,-2.943321,-0.07003311,-0.03739377,-0.005282044,0.9968296,351.9512,355.7249,359.6937,0.4196446,-0.10914,-0.9011028,0,0,0,1.044773,-0.1614344,-0.9390361,-0.1773428,-0.09186026,2.030444,0.9971476,-0.005292992,0.07529027,0.0157682,0.9901349,-0.1392271,-0.07381059,0.1400172,0.9873942,moving,-2.043466589641555,-4.266538108903281,-4.9916538076991674,-2.5903786138949374,-0.32815300000000014,0.19428159999999997,2.0042849,-0.035558972001232945,-0.07434929547495171,0.9965981839219915,-2.5129321188387888,-3.8654833288240753,3.3902195789325074,3.3913593919584675,2.787463586284378
05/10/2023 16:35:42.703018,3471,True,True,True,True,Eyes,1.366494,-0.3554638,-2.934947,-0.1118443,0.06723577,0.9914486,0.0,0.0,0.0,0.0,0.0,0.0,0.0,-1.149454,-0.07712311,3.057398,1.372882,-0.3557535,-2.943384,-0.06968152,-0.03736215,-0.005301346,0.9968553,351.9915,355.7288,359.6897,0.4196366,-0.1091402,-0.9011065,0,0,0,1.041573,-0.1608002,-0.9397497,-0.1806812,-0.08973835,2.030179,0.997152,-0.005362446,0.07522814,0.01577625,0.9902328,-0.1385286,-0.07375051,0.1393209,0.9874971,moving,-2.143361425831206,-4.16218487249416,-5.085791620141568,-2.530951215238219,-0.33130899999999985,0.1949533,2.0036343,-0.03730149039270678,-0.07252944814286849,0.9966685510331491,-2.6036766983114656,-3.7640259474678373,3.3633133282739758,3.3643452101343447,2.7715280587493245
05/10/2023 16:35:42.723242,3472,True,True,True,True,Eyes,1.366496,-0.3554588,-2.934947,-0.1134398,0.06829324,0.9911949,0.0,0.0,0.0,0.0,0.0,0.0,0.0,-1.149004,-0.07520604,3.057616,1.372865,-0.3557496,-2.943393,-0.06944508,-0.03742565,-0.005101931,0.9968705,352.0194,355.72,359.7122,0.4196295,-0.1091403,-0.9011099,0,0,0,1.038195,-0.1598991,-0.9404603,-0.1838174,-0.08774479,2.029929,0.9971465,-0.004973874,0.07532566,0.01536998,0.9903027,-0.1380736,-0.07390844,0.1388374,0.9875534,moving,-2.2288785948837266,-4.072798924474688,-5.174227680652979,-2.4751006060202236,-0.33467,0.1958505,2.0029326999999997,-0.03879338904776008,-0.07097043583162757,0.9967237103850823,-2.6813578267051135,-3.6771208818397136,3.3498340023621394,3.350779186075082,2.767535519591973
05/10/2023 16:35:42.741004,3473,True,True,True,True,Eyes,1.366509,-0.3554524,-2.934947,-0.1149851,0.06910236,0.9909608,0.0,0.0,0.0,0.0,0.0,0.0,0.0,-1.148462,-0.07369742,3.057871,1.372868,-0.3556913,-2.943414,-0.06919836,-0.03751449,-0.005065536,0.9968845,352.0479,355.7095,359.7161,0.4196232,-0.1091402,-0.9011129,0,0,0,1.034968,-0.1590394,-0.9411472,-0.1867333,-0.08589138,2.029699,0.997134,-0.004907626,0.07549627,0.01529139,0.9903719,-0.1375855,-0.07409418,0.1383456,0.9876085,moving,-2.3084233871025273,-3.9978681777547296,-5.256442709294807,-2.423156912492719,-0.33789999999999987,0.1966519,2.0022668,-0.040180835916499714,-0.06966305391909657,0.9967610425071476,-2.7540495458300827,-3.6042103630086584,3.3413688492011815,3.3422348051808255,2.767102961136538
05/10/2023 16:35:42.753245,3474,True,True,True,True,Eyes,1.366521,-0.3554461,-2.934948,-0.1164679,0.06987661,0.9907333,0.0,0.0,0.0,0.0,0.0,0.0,0.0,-1.148494,-0.07292935,3.057886,1.372885,-0.3557023,-2.943414,-0.06909471,-0.03751032,-0.00501369,0.9968921,352.06,355.7096,359.7216,0.4196178,-0.1091399,-0.9011154,0,0,0,1.031865,-0.1575099,-0.9418703,-0.1899196,-0.08386621,2.029446,0.9971356,-0.004812686,0.07548033,0.01517975,0.9904015,-0.1373838,-0.07409466,0.1381361,0.9876378,moving,-2.394995428606581,-3.9411899065983405,-5.346282630908904,-2.366383417214331,-0.3410199999999999,0.19819240000000002,2.0015437,-0.04168973126024554,-0.06867275151553402,0.9967677781665732,-2.8344826508543575,-3.5488604163526274,3.344387044761403,3.3451624219878267,2.7762188302245074
05/10/2023 16:35:42.773129,3475,True,True,True,True,Eyes,1.366521,-0.3554461,-2.934948,-0.1164679,0.06987661,0.9907333,0.0,0.0,0.0,0.0,0.0,0.0,0.0,-1.148514,-0.07279399,3.057876,1.372866,-0.3556962,-2.943417,-0.06906331,-0.03750517,-0.005033095,0.9968944,352.0635,355.7104,359.7192,0.4196132,-0.1091394,-0.9011176,0,0,0,1.028661,-0.1555825,-0.9426461,-0.193188,-0.08178872,2.029186,0.9971361,-0.004854467,0.07547259,0.01521539,0.9904099,-0.1373201,-0.07408219,0.1380752,0.9876472,moving,-2.395596416401477,-3.9377694354585464,-5.438434576299244,-2.3081241702069932,-0.34420499999999987,0.2001137,2.0007709,-0.041700357795040416,-0.06861321541490896,0.996771433636912,-2.8348804275668265,-3.5455550939242007,3.4509858619064278,3.451754301494652,2.8826601423604212
05/10/2023 16:35:42.792785,3476,True,True,True,True,Eyes,1.366521,-0.3554461,-2.934948,-0.1164679,0.06987661,0.9907333,0.0,0.0,0.0,0.0,0.0,0.0,0.0,-1.148241,-0.07255751,3.058055,1.37289,-0.3557581,-2.943473,-0.06907724,-0.03754797,-0.004924611,0.9968923,352.0624,355.7045,359.7321,0.4196091,-0.1091389,-0.9011195,0,0,0,1.025366,-0.1536584,-0.943503,-0.1963794,-0.07976021,2.028933,0.9971318,-0.004631194,0.07554292,0.01500603,0.9904082,-0.1373553,-0.0741822,0.1380949,0.987637,moving,-2.390667119137517,-3.9383660963034237,-5.528408711733093,-2.251218491135125,-0.34752399999999994,0.20209970000000002,1.99997,-0.04161457244963007,-0.06862384114617101,0.9967742873241521,-2.8301611138701377,-3.546168174586181,3.5617986514468973,3.562567801955402,2.9928973891604094
05/10/2023 16:35:42.807703,3477,True,True,True,True,Eyes,1.366521,-0.3554461,-2.934948,-0.1164679,0.06987661,0.9907333,0.0,0.0,0.0,0.0,0.0,0.0,0.0,-1.148187,-0.07310414,3.05813,1.372935,-0.3556624,-2.943534,-0.06914464,-0.03756345,-0.004937856,0.996887,352.0546,355.7028,359.731,0.4196054,-0.1091385,-0.9011213,0,0,0,1.022038,-0.1511804,-0.9444169,-0.1997549,-0.0776148,2.028665,0.9971292,-0.004650346,0.07557587,0.01503959,0.9903893,-0.1374878,-0.07421018,0.1382297,0.987616,moving,-2.388872347980077,-3.9462068500007796,-5.623568883459716,-2.1910135967303552,-0.350897,0.204482,1.9991171,-0.04158295706881528,-0.06876033662963915,0.9967662002056371,-2.8288472543893386,-3.5537481289738726,3.6794443079746615,3.680212634206072,3.109262676160176
05/10/2023 16:35:42.828028,3478,True,True,True,True,Eyes,1.366521,-0.3554461,-2.934948,-0.1164679,0.06987661,0.9907333,0.0,0.0,0.0,0.0,0.0,0.0,0.0,-1.148158,-0.07400355,3.058141,1.372953,-0.3556632,-2.943548,-0.06926391,-0.03757348,-0.005007642,0.996878,352.0406,355.7022,359.7235,0.4196021,-0.1091382,-0.9011229,0,0,0,1.018915,-0.1486846,-0.9452554,-0.2029273,-0.07559811,2.028414,0.9971263,-0.004779045,0.07560604,0.01518899,0.9903548,-0.137719,-0.07421865,0.1384716,0.9875815,moving,-2.387693149688902,-3.9605087698274577,-5.712995485959389,-2.1344009751650574,-0.3540380000000001,0.2069786,1.9982925999999999,-0.04156172681911008,-0.0690092038807202,0.9967498867458954,-2.8284694874583822,-3.5675584888126473,3.792948142104913,3.793719191681527,3.220936307186588
05/10/2023 16:35:42.842883,3479,True,True,True,True,Eyes,1.366602,-0.3554316,-2.934954,-0.1182987,0.07049576,0.9904725,0.0,0.0,0.0,0.0,0.0,0.0,0.0,-1.147738,-0.0744943,3.058345,1.372932,-0.3556441,-2.94362,-0.06933483,-0.03763766,-0.00501737,0.9968706,352.0324,355.6948,359.7232,0.4195991,-0.1091379,-0.9011244,0,0,0,1.015547,-0.1464118,-0.946164,-0.2060776,-0.07359554,2.028164,0.9971164,-0.004784132,0.07573551,0.01522254,0.990335,-0.137858,-0.07434399,0.1386134,0.9875522,moving,-2.486437543559971,-3.9333061019581654,-5.801795506637113,-2.0781675127808223,-0.35738500000000006,0.2092323,1.9974560000000001,-0.04328090847122439,-0.06853095673697479,0.9967097264432301,-2.922198375340977,-3.5405605663691695,3.7984066186262164,3.7990969464326545,3.2296552574156254
05/10/2023 16:35:42.858242,3480,True,True,True,True,Eyes,1.36668,-0.3554182,-2.93496,-0.1200662,0.07109778,0.9902167,0.0,0.0,0.0,0.0,0.0,0.0,0.0,-1.147411,-0.07565147,3.058418,1.372936,-0.355649,-2.943595,-0.06949769,-0.03769419,-0.005086087,0.9968568,352.0134,355.6888,359.7165,0.4195984,-0.109137,-0.9011248,0,0,0,1.012114,-0.1436756,-0.9470451,-0.2093623,-0.07150789,2.027904,0.9971066,-0.004900882,0.07585837,0.01537952,0.9902884,-0.138175,-0.07444449,0.1389419,0.9874985,moving,-2.5824003744602844,-3.9181630759433586,-5.894375570353462,-2.01952530505144,-0.360822,0.2119734,1.9965499000000002,-0.044951030418144695,-0.06826248507624959,0.9966541715448846,-3.013886139399335,-3.5252213172071336,3.8169614339814446,3.817591529127899,3.2502830404227865
05/10/2023 16:35:42.878015,3481,True,True,True,True,Eyes,1.366805,-0.3554022,-2.934963,-0.1218611,0.07165093,0.9899576,0.0,0.0,0.0,0.0,0.0,0.0,0.0,-1.146654,-0.07647014,3.058726,1.372966,-0.3556653,-2.943626,-0.06958161,-0.03782702,-0.005206694,0.9968452,352.0032,355.6744,359.704,0.4195997,-0.1091357,-0.9011243,0,0,0,1.008454,-0.14127,-0.9479964,-0.2125982,-0.06945105,2.027647,0.997084,-0.005116407,0.07613996,0.01564467,0.9902626,-0.1383303,-0.07469079,0.1391181,0.9874551,moving,-2.6712124663306778,-3.897276826358258,-5.985575736246299,-1.9617305114071146,-0.36451199999999995,0.2143953,1.9956296,-0.04649702677686066,-0.06789436131257733,0.9966084564480195,-3.0983771586952695,-3.5043939322514515,3.837551334998276,3.8381432258693424,3.273488362011364
05/10/2023 16:35:42.893223,3482,True,True,True,True,Eyes,1.366926,-0.3553887,-2.934965,-0.1235881,0.07217473,0.9897054,0.0,0.0,0.0,0.0,0.0,0.0,0.0,-1.146185,-0.07660833,3.058873,1.372979,-0.3556981,-2.94359,-0.06956914,-0.03791071,-0.005301383,0.9968424,352.0042,355.6655,359.6937,0.4196041,-0.1091339,-0.9011225,0,0,0,1.005127,-0.1393806,-0.9487655,-0.2156754,-0.06749518,2.027403,0.9970694,-0.005294456,0.07631964,0.01584412,0.9902641,-0.138297,-0.07484439,0.1391009,0.9874458,moving,-2.7617813128405473,-3.866810132167965,-6.07229516191239,-1.906755196632048,-0.36785199999999985,0.21631750000000002,1.9948245,-0.04807407768697434,-0.06735937499665309,0.9965699105210583,-3.1840530990726554,-3.4743080685885754,3.8466830472481592,3.8472480158179527,3.2862081826834832
05/10/2023 16:35:42.907632,3483,True,True,True,True,Eyes,1.367079,-0.3553739,-2.934967,-0.1253759,0.07285613,0.9894306,0.0,0.0,0.0,0.0,0.0,0.0,0.0,-1.145873,-0.07603756,3.059005,1.372992,-0.3557445,-2.943579,-0.06948088,-0.0379646,-0.005302218,0.9968466,352.0143,355.6593,359.6936,0.419611,-0.1091316,-0.9011195,0,0,0,1.00167,-0.1377161,-0.9495606,-0.218989,-0.06538895,2.02714,0.9970611,-0.005295367,0.07642658,0.01584662,0.9902886,-0.138121,-0.07495296,0.1389262,0.9874622,moving,-2.859380104706384,-3.8176806907929977,-6.165669516446435,-1.8475350790205194,-0.37132199999999993,0.2180284,1.9940184000000003,-0.04977446399667615,-0.06649927727621414,0.9965442253364034,-3.2755145310147133,-3.4261593490349727,3.8482227998848937,3.8487690767011116,3.2931824160976118
05/10/2023 16:35:42.923238,3484,True,True,True,True,Eyes,1.367227,-0.3553533,-2.934972,-0.1270946,0.07349803,0.9891638,0.0,0.0,0.0,0.0,0.0,0.0,0.0,-1.145632,-0.07507145,3.05918,1.373,-0.3557816,-2.943634,-0.06930422,-0.03800803,-0.005351502,0.9968569,352.0343,355.6548,359.6875,0.4196212,-0.1091289,-0.9011151,0,0,0,0.9984922,-0.1365185,-0.9503173,-0.2220619,-0.06343576,2.026896,0.9970535,-0.005401128,0.07651889,0.01593759,0.9903365,-0.137766,-0.07503536,0.1385796,0.9875047,moving,-2.9542230625492696,-3.761173068154309,-6.252253757407784,-1.792600762589393,-0.37450779999999995,0.2192631,1.9933166999999998,-0.05142736545330053,-0.06551091497963919,0.9965257483349561,-3.363928386884716,-3.370911494128385,3.8403345946731466,3.8408701340277185,3.291426470589669
05/10/2023 16:35:42.942882,3485,True,True,True,True,Eyes,1.367367,-0.3553317,-2.934977,-0.12886,0.0744036,0.9888676,0.0,0.0,0.0,0.0,0.0,0.0,0.0,-1.145423,-0.07404107,3.05934,1.373031,-0.3556199,-2.943698,-0.06917494,-0.03803979,-0.005183536,0.9968657,352.0499,355.6498,359.7066,0.419634,-0.1091257,-0.9011095,0,0,0,0.9952071,-0.1349702,-0.9511228,-0.2252812,-0.06138955,2.026641,0.9970522,-0.005071778,0.07655825,0.01559738,0.9903759,-0.1375219,-0.07512397,0.1383106,0.9875357,moving,-3.053121438337471,-3.692649512920894,-6.34295273404799,-1.7350319638403167,-0.3778238999999999,0.22064969999999998,1.9925751999999999,-0.05315154031085517,-0.06431324435572112,0.9965132442600774,-3.4556134559202274,-3.3040375065191214,3.827687032769846,3.8282184397843073,3.28610810838234
05/10/2023 16:35:42.957184,3486,True,True,True,True,Eyes,1.367501,-0.3553124,-2.934983,-0.1305487,0.07527629,0.98858,0.0,0.0,0.0,0.0,0.0,0.0,0.0,-1.145265,-0.07461548,3.059384,1.373072,-0.3555946,-2.943681,-0.06923918,-0.03807472,-0.005246168,0.9968596,352.0422,355.6462,359.6999,0.419649,-0.1091219,-0.901103,0,0,0,0.9919164,-0.132613,-0.9519542,-0.2285464,-0.05931415,2.026382,0.9970456,-0.005186859,0.07663678,0.01573191,0.9903568,-0.137644,-0.07518382,0.138443,0.9875125,moving,-3.147290326439397,-3.650554259176571,-6.434936730651365,-1.6766238418196806,-0.38115560000000004,0.22298159999999997,1.9917268000000004,-0.054791889068780346,-0.06357544198274803,0.9964717313485751,-3.544142258988181,-3.262702773203135,3.8341566736711146,3.834712527908008,3.2973230132907676
05/10/2023 16:35:42.972979,3487,True,True,True,True,Eyes,1.367634,-0.3552954,-2.934989,-0.1322923,0.07634255,0.9882665,0.0,0.0,0.0,0.0,0.0,0.0,0.0,-1.145726,-0.07533947,3.059264,1.373066,-0.3556309,-2.943752,-0.06924576,-0.0380102,-0.005531895,0.9968599,352.0403,355.6559,359.6665,0.4196659,-0.1091176,-0.9010956,0,0,0,0.9891695,-0.1305076,-0.9527431,-0.2316537,-0.05733906,2.026135,0.9970492,-0.005764958,0.0765478,0.01629314,0.9903488,-0.1376361,-0.07501556,0.1384772,0.9875205,moving,-3.2563660821306706,-3.5931754494291908,-6.522465110331515,-1.6210220575877299,-0.38389649999999986,0.22512330000000003,1.9910089,-0.05669241531835292,-0.0625708514546916,0.9964291099700212,-3.646227789369009,-3.206506519647654,3.8147543142092046,3.8153364023328638,3.284281063784131
05/10/2023 16:35:42.992921,3488,True,True,True,True,Eyes,1.367763,-0.3552774,-2.934994,-0.1339774,0.07736691,0.9879597,0.0,0.0,0.0,0.0,0.0,0.0,0.0,-1.146074,-0.07540965,3.059096,1.373023,-0.3557051,-2.943726,-0.06927755,-0.03794604,-0.005517983,0.9968603,352.0367,355.6632,359.6677,0.4196844,-0.1091131,-0.9010875,0,0,0,0.9863204,-0.1285124,-0.9534371,-0.2347756,-0.05535464,2.025887,0.9970593,-0.005743697,0.07641834,0.01625893,0.9903404,-0.1377013,-0.07488924,0.1385389,0.9875214,moving,-3.3618061522899447,-3.5378477749866426,-6.610394933976066,-1.565140759735114,-0.3867026000000001,0.2271927,1.9902889,-0.05852955246208806,-0.061602073605995386,0.9963831729379151,-3.744917983862285,-3.15231713457418,3.800020719629562,3.8006449505997675,3.27568115000234
05/10/2023 16:35:43.010739,3489,True,True,True,True,Eyes,1.367898,-0.3552567,-2.934997,-0.1357339,0.07858957,0.9876234,0.0,0.0,0.0,0.0,0.0,0.0,0.0,-1.145193,-0.07533222,3.059436,1.373059,-0.3556641,-2.943723,-0.06930824,-0.0380899,-0.005389341,0.9968533,352.0337,355.6456,359.6838,0.4197043,-0.1091083,-0.9010789,0,0,0,0.982385,-0.1262854,-0.9543893,-0.2382147,-0.05316865,2.025615,0.9970402,-0.005464877,0.07668713,0.01602465,0.9903346,-0.1377697,-0.07519303,0.1385908,0.9874911,moving,-3.447473072197198,-3.4695945734281777,-6.707243620287889,-1.5035630803234519,-0.3906740000000001,0.2293787,1.9893337,-0.06002363204236043,-0.06040972761995639,0.9963673121669947,-3.8238646180539666,-3.0858041607667763,3.8060861202377088,3.8067550299538686,3.2889757231037673
05/10/2023 16:35:43.026726,3490,True,True,True,True,Eyes,1.368026,-0.3552408,-2.935001,-0.1374174,0.07975776,0.9872969,0.0,0.0,0.0,0.0,0.0,0.0,0.0,-1.144854,-0.07559821,3.059521,1.373087,-0.355618,-2.943678,-0.06935583,-0.03814874,-0.005361591,0.9968479,352.0283,355.6385,359.6877,0.4197257,-0.1091032,-0.9010696,0,0,0,0.9791235,-0.1241272,-0.9551668,-0.2413242,-0.05119228,2.025368,0.9970319,-0.005397704,0.0768007,0.01598105,0.9903221,-0.1378653,-0.07531327,0.1386835,0.9874688,moving,-3.538754386739863,-3.407507104698651,-6.794803235287932,-1.4478737789258032,-0.3939634999999999,0.2314908,1.9885111999999998,-0.06161494612968904,-0.05932423549904661,0.9963354075553457,-3.908549649057745,-3.0251986720214763,3.79954312708295,3.800265369103947,3.28913568926639
05/10/2023 16:35:43.043555,3491,True,True,True,True,Eyes,1.368181,-0.3552239,-2.935003,-0.1391947,0.08103491,0.9869438,0.0,0.0,0.0,0.0,0.0,0.0,0.0,-1.144968,-0.07501388,3.059515,1.373037,-0.3557182,-2.943713,-0.06929636,-0.03811999,-0.005311705,0.9968534,352.0354,355.6415,359.693,0.419748,-0.1090978,-0.9010598,0,0,0,0.9760196,-0.1224883,-0.9559302,-0.2445442,-0.04914549,2.025113,0.9970374,-0.005306828,0.07673625,0.01587313,0.9903396,-0.1377517,-0.07526392,0.1385616,0.9874898,moving,-3.6455942610974703,-3.326602313976312,-6.885460672604347,-1.390182460134524,-0.3970174000000001,0.2332299,1.9877827999999997,-0.06347798636708449,-0.05791051778637449,0.9963015621194881,-4.007232043448084,-2.9463166267352507,3.7736734213737084,3.774447802627968,3.2719647898711983
05/10/2023 16:35:43.053445,3492,True,True,True,True,Eyes,1.368332,-0.3552038,-2.935005,-0.1409004,0.08226471,0.9866,0.0,0.0,0.0,0.0,0.0,0.0,0.0,-1.144816,-0.07509258,3.059576,1.373057,-0.3557494,-2.943707,-0.06930394,-0.03814898,-0.005335611,0.9968517,352.0344,355.6383,359.6905,0.4197721,-0.1090923,-0.9010493,0,0,0,0.9727506,-0.1204541,-0.9567377,-0.2477831,-0.04708694,2.024856,0.9970324,-0.005349878,0.07679729,0.01592537,0.990337,-0.1377644,-0.07531818,0.1385786,0.9874833,moving,-3.7417307285701074,-3.2569081115468874,-6.976640031926801,-1.332142521968729,-0.40030639999999995,0.23529529999999999,1.9869692999999997,-0.06515415352995474,-0.05669244554208837,0.9962634531728025,-4.096193015145161,-2.878333856721645,3.7633776350826875,3.7642211380002433,3.2692021442779056
05/10/2023 16:35:43.077122,3493,True,True,True,True,Eyes,1.3685,-0.3551821,-2.935006,-0.1428587,0.08359297,0.9862067,0.0,0.0,0.0,0.0,0.0,0.0,0.0,-1.144853,-0.07578665,3.05953,1.373093,-0.355656,-2.943685,-0.06932867,-0.03815699,-0.005515572,0.9968487,352.0308,355.6389,359.6699,0.4197976,-0.1090865,-0.9010381,0,0,0,0.9696699,-0.118159,-0.9575141,-0.2509648,-0.04506449,2.024603,0.9970272,-0.005705634,0.07683827,0.01628713,0.9903262,-0.1377995,-0.07530872,0.1386413,0.9874752,moving,-3.8552461902032804,-3.1853689241316587,-7.066198960698273,-1.2751037126541216,-0.4034230999999999,0.237497,1.9861708999999999,-0.06713256710000476,-0.055441187703603095,0.996202560257992,-4.201806373241987,-2.8084391604574996,3.7352889136121235,3.736218793450243,3.248978684227538
05/10/2023 16:35:43.093100,3494,True,True,True,True,Eyes,1.36866,-0.3551612,-2.935006,-0.1447395,0.08487675,0.9858227,0.0,0.0,0.0,0.0,0.0,0.0,0.0,-1.144752,-0.07690087,3.059559,1.37309,-0.3556559,-2.943706,-0.06943987,-0.0381795,-0.005688819,0.9968391,352.0172,355.6376,359.6506,0.4198248,-0.1090804,-0.9010261,0,0,0,0.9664699,-0.1155973,-0.9583911,-0.2541721,-0.04302584,2.024349,0.9970199,-0.006039314,0.07690771,0.01664403,0.9902915,-0.1380064,-0.07532758,0.1388751,0.9874408,moving,-3.962627304443745,-3.1262396574607463,-7.156462389102715,-1.2175904122428538,-0.40662009999999993,0.2400586,1.9853149,-0.06900341741984242,-0.05440611406637012,0.996131760623404,-4.302165701254419,-2.7505665288049874,3.7196457982520874,3.7206887116862384,3.239911319189411
05/10/2023 16:35:43.103421,3495,True,True,True,True,Eyes,1.368814,-0.3551411,-2.935006,-0.1467724,0.08621068,0.9854063,0.0,0.0,0.0,0.0,0.0,0.0,0.0,-1.144621,-0.07777223,3.059568,1.373073,-0.3556563,-2.943696,-0.06953652,-0.03820262,-0.005802457,0.9968308,352.0056,355.6358,359.6381,0.4198534,-0.109074,-0.9010136,0,0,0,0.9631075,-0.1130463,-0.9592634,-0.2575168,-0.04089981,2.024084,0.9970138,-0.006255179,0.07697006,0.01688109,0.990262,-0.138189,-0.07535612,0.1390756,0.9874105,moving,-4.078756292376612,-3.0618349442344193,-7.2505791912629425,-1.1575940695098819,-0.4099655,0.24261,1.9844326,-0.07102659134875818,-0.05327876937959544,0.9960504961508148,-4.4106765464162025,-2.687536865955571,3.6983649451500824,3.6995396755368573,3.225797884648628
05/10/2023 16:35:43.123268,3496,True,True,True,True,Eyes,1.368959,-0.3551198,-2.935007,-0.1487226,0.08749223,0.9850009,0.0,0.0,0.0,0.0,0.0,0.0,0.0,-1.144368,-0.077934,3.059638,1.37306,-0.3556739,-2.943677,-0.06953545,-0.03824535,-0.005874927,0.9968288,352.0054,355.6315,359.6301,0.419883,-0.1090675,-0.9010006,0,0,0,0.960004,-0.11115,-0.9600112,-0.2605114,-0.03899643,2.023846,0.9970055,-0.006393776,0.07706516,0.01703141,0.9902606,-0.1381805,-0.07543109,0.1390792,0.9874042,moving,-4.187821491863502,-2.988733583967004,-7.334834696885315,-1.1038658080650503,-0.413056,0.2445239,1.9836658000000003,-0.07292741283064508,-0.05200075599101304,0.9959807171306756,-4.511917761426022,-2.616168338299842,3.667016961909954,3.6682991488175056,3.202486372720021
05/10/2023 16:35:43.143745,3497,True,True,True,True,Eyes,1.36911,-0.3551019,-2.935008,-0.1507882,0.08877598,0.9845718,0.0,0.0,0.0,0.0,0.0,0.0,0.0,-1.144352,-0.07815289,3.05964,1.373001,-0.3556233,-2.943713,-0.06954702,-0.03823951,-0.00591294,0.996828,352.0039,355.6324,359.6257,0.4199134,-0.1090607,-0.9009873,0,0,0,0.9569235,-0.1090807,-0.9608068,-0.2636267,-0.03701633,2.023599,0.9970056,-0.006469482,0.07705887,0.01710725,0.9902565,-0.1382006,-0.07541396,0.1391051,0.9874019,moving,-4.309139288943186,-2.916495224370203,-7.422471222291197,-1.0479561288189891,-0.4160774999999999,0.24654259999999997,1.9829062,-0.07504100944019867,-0.05073700224113695,0.9958887933626019,-4.625014094152475,-2.5455398973783887,3.629595593529186,3.631015571270359,3.173093684029313
05/10/2023 16:35:43.153113,3498,True,True,True,True,Eyes,1.369254,-0.3550828,-2.935007,-0.1527645,0.08999409,0.9841565,0.0,0.0,0.0,0.0,0.0,0.0,0.0,-1.144128,-0.07777429,3.059747,1.372965,-0.3557036,-2.943735,-0.06951933,-0.03826762,-0.005858075,0.9968293,352.0074,355.6288,359.6321,0.4199445,-0.1090539,-0.9009736,0,0,0,0.9536898,-0.1073519,-0.9615986,-0.2667603,-0.03502445,2.02335,0.9970025,-0.006358324,0.07710704,0.01699968,0.9902655,-0.1381494,-0.07547805,0.1390461,0.9874053,moving,-4.421184895584038,-2.8422768660652182,-7.510610911747896,-0.9916983052383596,-0.41927519999999996,0.2483517,1.9821364000000004,-0.07699340804291857,-0.04943955145730832,0.9958050467119883,-4.72906863237684,-2.4730709076291983,3.599722916631574,3.6012767345959533,3.151419083372273
05/10/2023 16:35:43.173241,3499,True,True,True,True,Eyes,1.369347,-0.3550667,-2.935009,-0.1547985,0.09119064,0.9837285,0.0,0.0,0.0,0.0,0.0,0.0,0.0,-1.144565,-0.07661796,3.059561,1.372933,-0.3556497,-2.943702,-0.06935702,-0.03818889,-0.005773578,0.9968441,352.0264,355.6372,359.6405,0.4199762,-0.109047,-0.9009596,0,0,0,0.9507226,-0.105948,-0.9622157,-0.2700515,-0.03293249,2.023089,0.9970165,-0.006213379,0.07693761,0.01680805,0.9903126,-0.1378353,-0.07533585,0.1387172,0.9874625,moving,-4.5488221608998805,-2.7534380595892776,-7.603166379792386,-0.9325966613834108,-0.4222104,0.24970170000000003,1.9814863,-0.07921756426386381,-0.04788709968762275,0.9957065196802307,-4.847375095529059,-2.3863751188735574,3.5542157786487265,3.5559080422449574,3.1157434756224953
05/10/2023 16:35:43.193054,3500,True,True,True,True,Eyes,1.369436,-0.3550527,-2.935011,-0.1567492,0.09233443,0.9833128,0.0,0.0,0.0,0.0,0.0,0.0,0.0,-1.144904,-0.07599261,3.05946,1.372907,-0.3556172,-2.943728,-0.06932304,-0.0381214,-0.005596509,0.9968499,352.0311,355.6436,359.6602,0.4200071,-0.1090401,-0.900946,0,0,0,0.9478002,-0.1041822,-0.9629343,-0.2732391,-0.03090651,2.022836,0.9970309,-0.005872375,0.07677857,0.01644314,0.990326,-0.1377826,-0.0752267,0.138636,0.9874821,moving,-4.670030688368828,-2.680968064590365,-7.692793932645897,-0.8753427405363282,-0.4251068000000001,0.251435,1.9807937,-0.08132866997037552,-0.04661969878202783,0.9955964405491953,-4.960353822580847,-2.315523975253592,3.5191273966058523,3.520991400418024,3.088745852918956
05/10/2023 16:35:43.203989,3501,True,True,True,True,Eyes,1.36951,-0.3550406,-2.935013,-0.1587704,0.09346404,0.9828817,0.0,0.0,0.0,0.0,0.0,0.0,0.0,-1.144992,-0.07528245,3.059441,1.372897,-0.355654,-2.943725,-0.06930335,-0.03809578,-0.005377896,0.9968535,352.0343,355.6448,359.6852,0.4200371,-0.1090334,-0.9009328,0,0,0,0.9447749,-0.1024986,-0.9636496,-0.2763661,-0.02891882,2.022588,0.9970396,-0.005441618,0.07669724,0.01600228,0.9903362,-0.1377608,-0.07520641,0.1385803,0.9874915,moving,-4.790390109232068,-2.6102212246856173,-7.7807018265539085,-0.8191551811006131,-0.42812210000000006,0.25315540000000003,1.9800754,-0.08342466402986848,-0.04538244519553036,0.9954801665446427,-5.072605581299587,-2.246342111554476,3.483621732067865,3.4856680477686823,3.061151386001495
05/10/2023 16:35:43.227324,3502,True,True,True,True,Eyes,1.369579,-0.3550282,-2.935018,-0.1607044,0.09455194,0.9824632,0.0,0.0,0.0,0.0,0.0,0.0,0.0,-1.145339,-0.07498294,3.059323,1.372908,-0.3556584,-2.943725,-0.06931312,-0.03803474,-0.005240683,0.9968559,352.0338,355.6508,359.7006,0.420066,-0.1090269,-0.9009202,0,0,0,0.9416718,-0.1004446,-0.9644177,-0.2797559,-0.02676407,2.022319,0.9970518,-0.005175797,0.07655681,0.01572102,0.9903364,-0.1377917,-0.07510381,0.1385891,0.9874982,moving,-4.909932595591527,-2.546271776734347,-7.875981008382028,-0.7582279230298081,-0.43123620000000007,0.2552138,1.9793073,-0.08550575389007475,-0.044263494210706744,0.9953539179725532,-5.184430587439712,-2.1837259528288793,3.461039927083113,3.463314021250113,3.0457328020421937
05/10/2023 16:35:43.242967,3503,True,True,True,True,Eyes,1.369618,-0.3550191,-2.935025,-0.1626787,0.09563214,0.9820336,0.0,0.0,0.0,0.0,0.0,0.0,0.0,-1.145712,-0.07532242,3.059227,1.372866,-0.3556414,-2.943799,-0.06936013,-0.0379664,-0.005256041,0.9968551,352.0284,355.6588,359.6985,0.4200937,-0.1090205,-0.900908,0,0,0,0.9388079,-0.09825608,-0.965224,-0.2829157,-0.02475567,2.022069,0.9970618,-0.005212313,0.07642312,0.01574573,0.9903231,-0.1378849,-0.07496488,0.1386831,0.9874954,moving,-5.033101807682485,-2.4891112423804214,-7.9647758965687,-0.701422429755759,-0.4340580999999999,0.25738532000000003,1.9785749999999998,-0.08764912014357532,-0.04326237724856655,0.9952114627638137,-5.300111292000128,-2.1276336927451194,3.431206696303121,3.4337361946180716,3.0223361860518243
05/10/2023 16:35:43.253960,3504,True,True,True,True,Eyes,1.369655,-0.3550088,-2.935034,-0.1645775,0.09667202,0.9816154,0.0,0.0,0.0,0.0,0.0,0.0,0.0,-1.145923,-0.07550862,3.059154,1.372839,-0.3556652,-2.94382,-0.0693856,-0.03792807,-0.005279437,0.9968547,352.0253,355.6634,359.6956,0.4201196,-0.1090144,-0.9008967,0,0,0,0.9357726,-0.09614661,-0.9660077,-0.2861442,-0.02270359,2.021812,0.9970672,-0.00526234,0.07635017,0.01578899,0.9903155,-0.1379343,-0.0748849,0.1387352,0.9874942,moving,-5.148488778435693,-2.43190264849047,-8.055490411968739,-0.6433660568278189,-0.43706639999999997,0.25951859,1.9778123,-0.0896570334711306,-0.0422610793031427,0.9950756976228395,-5.408288745607403,-2.0715539422544604,3.4103486511554135,3.4131395572229466,3.0078891765598104
05/10/2023 16:35:43.277765,3505,True,True,True,True,Eyes,1.369724,-0.3549964,-2.93504,-0.1665489,0.09769808,0.9811813,0.0,0.0,0.0,0.0,0.0,0.0,0.0,-1.145587,-0.07595974,3.059297,1.372849,-0.3556273,-2.94385,-0.06941048,-0.03798844,-0.005378847,0.9968501,352.022,355.6572,359.6847,0.4201437,-0.1090086,-0.9008861,0,0,0,0.9324258,-0.09394142,-0.966884,-0.2893463,-0.0206683,2.021559,0.9970559,-0.005450216,0.07648426,0.0159974,0.9903065,-0.137975,-0.07499086,0.1387924,0.9874781,moving,-5.257055842771481,-2.3765043751221997,-8.145438222266568,-0.5857682615285741,-0.4404232,0.26168588,1.976966,-0.09154611431776298,-0.04129181578539924,0.9949444654346544,-5.5099890626716395,-2.0172727671945383,3.3953961338292613,3.3984538541380993,2.9991327784130486
05/10/2023 16:35:43.293031,3506,True,True,True,True,Eyes,1.369789,-0.3549834,-2.935046,-0.1684475,0.09868961,0.9807578,0.0,0.0,0.0,0.0,0.0,0.0,0.0,-1.145236,-0.0766302,3.059407,1.372828,-0.3556211,-2.943856,-0.06949318,-0.03804435,-0.005440877,0.996842,352.0122,355.6512,359.6783,0.4201671,-0.1090028,-0.9008759,0,0,0,0.9291911,-0.09164768,-0.9677294,-0.2924131,-0.01871899,2.021315,0.9970461,-0.005559743,0.0766046,0.01613503,0.9902822,-0.1381334,-0.07509218,0.1389614,0.9874466,moving,-5.361801848630384,-2.329159002880199,-8.23157543158893,-0.5305894750335843,-0.4436368999999999,0.26397342,1.9761265999999997,-0.09336804386676832,-0.04046276867266753,0.994809144698056,-5.608433793675131,-1.9707916027264294,3.383455511101266,3.386805687361636,2.9924996610138628
05/10/2023 16:35:43.303301,3507,True,True,True,True,Eyes,1.369865,-0.3549703,-2.935051,-0.1704029,0.09968603,0.9803191,0.0,0.0,0.0,0.0,0.0,0.0,0.0,-1.144682,-0.07727799,3.059592,1.37281,-0.3555976,-2.94386,-0.06957236,-0.03813367,-0.005493698,0.9968327,352.0029,355.6413,359.6733,0.4201897,-0.1089971,-0.9008661,0,0,0,0.9255617,-0.08919007,-0.9686682,-0.2957489,-0.01659855,2.02105,0.9970313,-0.005646499,0.07679019,0.0162587,0.9902591,-0.138285,-0.07526135,0.139123,0.987411,moving,-5.466042790749356,-2.2809549790622374,-8.325247474707991,-0.4705501988767679,-0.44724830000000004,0.26640753,1.9751918,-0.09518100959090345,-0.03961896841774966,0.9946712539754782,-5.7063461780286175,-1.9234856561829652,3.3804949738969716,3.384171522380241,2.994939973496376
05/10/2023 16:35:43.323053,3508,True,True,True,True,Eyes,1.369938,-0.354957,-2.935055,-0.1722807,0.1006453,0.9798928,0.0,0.0,0.0,0.0,0.0,0.0,0.0,-1.144313,-0.07734132,3.059699,1.372799,-0.3556055,-2.943835,-0.06958842,-0.03819183,-0.005481566,0.9968294,352.0011,355.6345,359.6752,0.420212,-0.1089914,-0.9008564,0,0,0,0.9222112,-0.08716875,-0.9694727,-0.2989154,-0.01458594,2.020799,0.9970227,-0.005612954,0.07690437,0.01624379,0.9902548,-0.1383169,-0.07537857,0.1391542,0.9873977,moving,-5.569161387357472,-2.2266623684213465,-8.414144447581567,-0.41354844773979144,-0.4505878000000001,0.26843675,1.9743623000000001,-0.0969746331808199,-0.038669689352483695,0.9945353644497756,-5.802853797578869,-1.8703126801069825,3.369642941884257,3.3736198218428965,2.990150646287889
05/10/2023 16:35:43.343176,3509,True,True,True,True,Eyes,1.370046,-0.3549416,-2.935057,-0.1742167,0.1016176,0.97945,0.0,0.0,0.0,0.0,0.0,0.0,0.0,-1.144205,-0.07764328,3.059723,1.372797,-0.3555883,-2.943828,-0.06962167,-0.03821056,-0.005514208,0.9968262,351.9971,355.6326,359.6718,0.4202339,-0.1089858,-0.9008468,0,0,0,0.9190264,-0.08501059,-0.9702758,-0.3020951,-0.01256484,2.020547,0.9970191,-0.005672848,0.07694639,0.01631398,0.9902449,-0.13838,-0.07541075,0.1392228,0.9873856,moving,-5.680395131232763,-2.1742193551049525,-8.503392975470524,-0.35629115420902596,-0.4537706,0.27057771,1.9735521999999999,-0.0989087021954524,-0.03775214838488894,0.99438007904975,-5.907281108815856,-1.8188631699675657,3.3533830797291158,3.3577045391433336,2.979750614642974
05/10/2023 16:35:43.361189,3510,True,True,True,True,Eyes,1.370149,-0.3549242,-2.935057,-0.1760735,0.1025477,0.979021,0.0,0.0,0.0,0.0,0.0,0.0,0.0,-1.14397,-0.07724974,3.059834,1.372795,-0.3555871,-2.943843,-0.06957679,-0.03824644,-0.005462354,0.9968282,352.0025,355.628,359.6779,0.4202563,-0.1089802,-0.9008371,0,0,0,0.9157411,-0.08324042,-0.9710714,-0.3052815,-0.01053944,2.020294,0.9970148,-0.005567926,0.07701037,0.01621219,0.9902585,-0.1382944,-0.07549016,0.1391301,0.9873926,moving,-5.784778310567126,-2.113920273636388,-8.592812162226627,-0.2988970676967692,-0.4570539,0.27234668,1.9727716000000002,-0.10072408970556479,-0.03669890947107637,0.9942373330423472,-6.004688895855253,-1.7598843451662112,3.338928648379281,3.3435554953021227,2.972013772993053
05/10/2023 16:35:43.374176,3511,True,True,True,True,Eyes,1.37025,-0.3549066,-2.935057,-0.1779531,0.1034596,0.9785851,0.0,0.0,0.0,0.0,0.0,0.0,0.0,-1.144045,-0.07702482,3.059739,1.372773,-0.3555215,-2.943786,-0.06954406,-0.03823002,-0.005429987,0.9968313,352.0064,355.6297,359.6813,0.4202791,-0.1089744,-0.9008271,0,0,0,0.9125805,-0.08129758,-0.9717721,-0.3085384,-0.008469284,2.020036,0.997018,-0.005508222,0.07697301,0.0161429,0.9902683,-0.1382322,-0.07546251,0.1390626,0.9874042,moving,-5.8965785432783075,-2.0563004053680394,-8.684186806784657,-0.2402191769968348,-0.4601925,0.27422392,1.9720138999999999,-0.102667679534078,-0.03569190018837283,0.9940751623563536,-6.109387550086673,-1.7034348529107775,3.322012288119598,3.3269972736404747,2.9615184157004304
05/10/2023 16:35:43.382998,3512,True,True,True,True,Eyes,1.370348,-0.3548922,-2.935058,-0.1797547,0.1043288,0.9781634,0.0,0.0,0.0,0.0,0.0,0.0,0.0,-1.144307,-0.0766089,3.059641,1.372773,-0.3555052,-2.943777,-0.06948587,-0.03818649,-0.005400975,0.9968373,352.0132,355.6345,359.6841,0.4203022,-0.1089685,-0.9008171,0,0,0,0.9096556,-0.07956937,-0.972455,-0.3116874,-0.0064677,2.019786,0.9970252,-0.005460942,0.07688201,0.01607463,0.9902851,-0.1381197,-0.07538085,0.1389447,0.9874271,moving,-6.006973090147985,-1.9982567674366567,-8.772516459144795,-0.18347025207733825,-0.4631174,0.27593583,1.9713219999999998,-0.10458655103695987,-0.03467785863653169,0.9939109553897008,-6.212708889739833,-1.6465870570950252,3.3024813332642418,3.307821068639028,2.9484446030929767
05/10/2023 16:35:43.408508,3513,True,True,True,True,Eyes,1.370461,-0.3548763,-2.93506,-0.1815771,0.1052059,0.9777328,0.0,0.0,0.0,0.0,0.0,0.0,0.0,-1.144493,-0.07605758,3.059632,1.372782,-0.355568,-2.943813,-0.06941684,-0.03815641,-0.005372056,0.9968433,352.0213,355.6377,359.6868,0.4203254,-0.1089627,-0.9008069,0,0,0,0.9067941,-0.07803363,-0.9731619,-0.3147253,-0.004536837,2.019545,0.9970305,-0.005412801,0.07681774,0.01600759,0.9903049,-0.1379855,-0.0753261,0.1388054,0.9874508,moving,-6.117076606836604,-1.9384560864609948,-8.857709877801167,-0.12871274230875523,-0.4659878999999999,0.27753437,1.9706511,-0.10650013090479597,-0.033633607454390466,0.9937436567857553,-6.315656510073451,-1.5880459065711738,3.278557030383343,3.2842414189004514,2.931158236720083
05/10/2023 16:35:43.424507,3514,True,True,True,True,Eyes,1.370571,-0.3548602,-2.935061,-0.1833231,0.1060496,0.9773158,0.0,0.0,0.0,0.0,0.0,0.0,0.0,-1.14478,-0.07613879,3.05955,1.372783,-0.3555558,-2.943843,-0.06943251,-0.03810871,-0.00536294,0.9968441,352.0195,355.6432,359.6876,0.4203492,-0.1089568,-0.9007965,0,0,0,0.9038364,-0.07596362,-0.9739348,-0.3179328,-0.00249815,2.01929,0.9970379,-0.005400063,0.0767216,0.015984,0.9903007,-0.138018,-0.07523215,0.1388355,0.9874537,moving,-6.224811143239828,-1.8905724854357944,-8.947641073077007,-0.07088302253153259,-0.4689466000000001,0.27959217999999997,1.9699082000000003,-0.10837152198272261,-0.03279642795675773,0.9935693519426994,-6.416953099708534,-1.5410227342846814,3.268794491550393,3.274915658184488,2.9267204155206654
05/10/2023 16:35:43.443036,3515,True,True,True,True,Eyes,1.370697,-0.354842,-2.93506,-0.1850975,0.1069124,0.9768872,0.0,0.0,0.0,0.0,0.0,0.0,0.0,-1.144999,-0.07638669,3.059451,1.372793,-0.3555335,-2.943829,-0.06944561,-0.03807749,-0.00542366,0.9968442,352.0178,355.6472,359.6804,0.4203734,-0.1089508,-0.9007859,0,0,0,0.900658,-0.07372174,-0.9747253,-0.3213281,-0.0003399253,2.019021,0.9970413,-0.005524459,0.07666793,0.01610171,0.9902958,-0.1380399,-0.07516134,0.1388659,0.9874549,moving,-6.3326626191137025,-1.84242238034173,-9.04280998383848,-0.00964640033743888,-0.47213499999999997,0.28181176,1.9691037,-0.11024458879364706,-0.0319548188456915,0.9933906419420856,-6.518348259211531,-1.493741499132409,3.2650934139413814,3.27169169259656,2.928386118901283
05/10/2023 16:35:43.457681,3516,True,True,True,True,Eyes,1.370817,-0.3548216,-2.935059,-0.1868001,0.1077549,0.9764705,0.0,0.0,0.0,0.0,0.0,0.0,0.0,-1.144892,-0.07630968,3.05947,1.372786,-0.3555094,-2.943811,-0.06945007,-0.03809172,-0.005373104,0.9968435,352.0175,355.6452,359.6863,0.4203984,-0.1089447,-0.900775,0,0,0,0.8975095,-0.07176781,-0.9754812,-0.3244582,0.001649499,2.018773,0.9970403,-0.005421342,0.0766893,0.01600323,0.9902956,-0.1380523,-0.07519665,0.138871,0.9874514,moving,-6.430660203134063,-1.7925537902366522,-9.130523404815454,0.04681522389043315,-0.4752765000000001,0.28374159,1.9683298000000002,-0.11194658236648192,-0.031084238153005365,0.9932279527073238,-6.610154841453452,-1.4448764790804596,3.2598688315686477,3.266885317534752,2.9287201696125975
05/10/2023 16:35:43.478151,3517,True,True,True,True,Eyes,1.370951,-0.3548042,-2.935055,-0.1885459,0.1086519,0.9760355,0.0,0.0,0.0,0.0,0.0,0.0,0.0,-1.144876,-0.07766223,3.059423,1.372784,-0.3554381,-2.943803,-0.06961282,-0.03809809,-0.005491791,0.9968312,351.9983,355.6454,359.6734,0.420424,-0.1089384,-0.9007639,0,0,0,0.8943468,-0.06893322,-0.9763629,-0.3276965,0.003708035,2.018516,0.9970368,-0.005644547,0.07671932,0.01625301,0.9902478,-0.138366,-0.07519012,0.1392029,0.9874052,moving,-6.532841268523106,-1.7604928477643158,-9.221248042931615,0.10525282772268225,-0.4784372,0.28650487999999996,1.9674401,-0.1137196957600289,-0.03052226875516339,0.9930439622428374,-6.706938321581466,-1.4131642880929398,3.2647935236994194,3.2723902441921555,2.9372340581706617
05/10/2023 16:35:43.492944,3518,True,True,True,True,Eyes,1.37108,-0.3547879,-2.935054,-0.1902348,0.1094988,0.975613,0.0,0.0,0.0,0.0,0.0,0.0,0.0,-1.144634,-0.07776362,3.059481,1.372782,-0.3555317,-2.94376,-0.06963339,-0.0381389,-0.005519544,0.9968281,351.9958,355.6409,359.6706,0.4204504,-0.108932,-0.9007523,0,0,0,0.8911751,-0.06700492,-0.9771203,-0.3307717,0.00566268,2.018272,0.9970299,-0.00569259,0.07680455,0.01631555,0.9902415,-0.138404,-0.07526717,0.139246,0.9873933,moving,-6.627420157097298,-1.7135092787213373,-9.307381218721051,0.16075475128592345,-0.48160689999999995,0.28852678,1.9666397,-0.11536161609039106,-0.029702282415651718,0.9928793804152616,-6.795602948724839,-1.367109199257597,3.262280906118924,3.2703297916263088,2.9399657020100793
05/10/2023 16:35:43.504135,3519,True,True,True,True,Eyes,1.371224,-0.3547642,-2.935052,-0.1919565,0.1103921,0.975175,0.0,0.0,0.0,0.0,0.0,0.0,0.0,-1.143614,-0.07649305,3.059959,1.372801,-0.3555433,-2.943817,-0.06949221,-0.03830136,-0.005345843,0.9968327,352.0127,355.6208,359.6913,0.4204776,-0.1089257,-0.9007404,0,0,0,0.8871788,-0.065617,-0.9780672,-0.334151,0.007810593,2.018004,0.9970089,-0.005334529,0.07710308,0.01598111,0.9902845,-0.1381347,-0.0756171,0.1389537,0.9874077,moving,-6.709161104645041,-1.6417267572033991,-9.402006399668712,0.22175960987456533,-0.4856221999999999,0.2899263,1.9657498000000002,-0.11678223221203438,-0.028453582832761226,0.992749866846233,-6.870578397620733,-1.297220118257782,3.2664182510461277,3.2747514750308233,2.9521902282931642
05/10/2023 16:35:43.527869,3520,True,True,True,True,Eyes,1.371363,-0.3547441,-2.935048,-0.1936107,0.1112727,0.9747478,0.0,0.0,0.0,0.0,0.0,0.0,0.0,-1.143328,-0.07914829,3.059996,1.372872,-0.3553813,-2.943801,-0.06980085,-0.03836846,-0.005592594,0.9968072,351.9762,355.6149,359.6648,0.4205056,-0.108919,-0.900728,0,0,0,0.8840123,-0.06208229,-0.9790663,-0.3372688,0.009792268,2.017757,0.9969932,-0.005793174,0.07727263,0.01650578,0.9901931,-0.1387268,-0.07571116,0.1395851,0.9873114,moving,-6.799716132530968,-1.629582236477758,-9.489284414884859,0.27805688378320276,-0.4888597000000001,0.29329901,1.9647347000000002,-0.11835183439416563,-0.02823787265662095,0.9925701266751806,-6.957213080232657,-1.284815364609893,3.288346061082306,3.2974026988819656,2.9755595958684258
05/10/2023 16:35:43.543220,3521,True,True,True,True,Eyes,1.371528,-0.3547231,-2.935039,-0.1953018,0.1121992,0.9743041,0.0,0.0,0.0,0.0,0.0,0.0,0.0,-1.143182,-0.08101988,3.059981,1.37291,-0.355453,-2.943754,-0.07008167,-0.03840131,-0.005690633,0.9967856,351.9435,355.6118,359.655,0.4205345,-0.1089122,-0.9007154,0,0,0,0.8807414,-0.05890861,-0.9800225,-0.3405526,0.01187959,2.017496,0.9969859,-0.005962227,0.07735338,0.01672714,0.9901124,-0.1392757,-0.07575814,0.1401498,0.9872278,moving,-6.895741792253311,-1.6088990245089987,-9.581188351352075,0.3373699392865177,-0.49216860000000007,0.29654439,1.9637315000000002,-0.12001640200590225,-0.027873951804965963,0.9923804909917474,-7.048667472217552,-1.2641293279097503,3.306765083717163,3.316562392177941,2.99640816747026
05/10/2023 16:35:43.553885,3522,True,True,True,True,Eyes,1.371683,-0.3547027,-2.93503,-0.1969177,0.1130691,0.9738782,0.0,0.0,0.0,0.0,0.0,0.0,0.0,-1.143973,-0.08195052,3.05954,1.372873,-0.3554689,-2.943643,-0.0700461,-0.0382882,-0.0061647,0.9967898,351.9455,355.6288,359.5992,0.4205648,-0.1089052,-0.9007021,0,0,0,0.8782726,-0.05673608,-0.9805552,-0.3436423,0.01384348,2.017251,0.9969921,-0.006925941,0.07719419,0.0176537,0.9901111,-0.1391704,-0.07546694,0.1401145,0.9872551,moving,-7.006124161059294,-1.562291847022984,-9.667633592987265,0.3931888132661996,-0.49460040000000005,0.29873281999999995,1.9630877999999998,-0.12193076260012589,-0.027060331639313845,0.9921696316490756,-7.152583822068623,-1.218317876021962,3.2922622195064353,3.3026560627783472,2.9870435483632316
05/10/2023 16:35:43.573287,3523,True,True,True,True,Eyes,1.371871,-0.3546825,-2.935021,-0.1985839,0.1139598,0.973436,0.0,0.0,0.0,0.0,0.0,0.0,0.0,-1.144446,-0.08057356,3.059394,1.372805,-0.3554562,-2.943671,-0.06978142,-0.03820537,-0.006251567,0.9968109,351.9756,355.6391,359.5874,0.4205961,-0.1088982,-0.9006884,0,0,0,0.8753479,-0.05565381,-0.9811441,-0.3469121,0.01592198,2.016992,0.9970025,-0.007131206,0.07703953,0.01779531,0.9901829,-0.1386401,-0.07529456,0.1395954,0.9873418,moving,-7.11429260715187,-1.4811982140964046,-9.759090906933057,0.4522790904919159,-0.4974571000000001,0.29980239,1.9625269000000003,-0.12380826774022491,-0.0256500295234195,0.991974614733594,-7.252536705319461,-1.1392435437447797,3.265427775273154,3.276170406722394,2.9691342611802662
05/10/2023 16:35:43.593951,3524,True,True,True,True,Eyes,1.372052,-0.354661,-2.935011,-0.2001854,0.1148033,0.9730088,0.0,0.0,0.0,0.0,0.0,0.0,0.0,-1.144015,-0.07871917,3.059613,1.372789,-0.3555153,-2.943681,-0.06960052,-0.03826218,-0.005968916,0.9968231,351.9976,355.6303,359.6196,0.4206291,-0.108891,-0.9006737,0,0,0,0.8721105,-0.05482367,-0.9818094,-0.3498692,0.01780152,2.016757,0.9970008,-0.006573772,0.07711213,0.01722604,0.9902403,-0.138302,-0.07545038,0.1392156,0.9873835,moving,-7.200738896259444,-1.4054901078030464,-9.841782588477491,0.5057255173331959,-0.5006785,0.30069163,1.9618716000000003,-0.1253089165092159,-0.02433463631268494,0.991819347391603,-7.331839002243809,-1.0655306455043632,3.2490517412497297,3.260039409266344,2.961192789287892
05/10/2023 16:35:43.603155,3525,True,True,True,True,Eyes,1.372242,-0.354638,-2.935001,-0.2018191,0.1156952,0.9725655,0.0,0.0,0.0,0.0,0.0,0.0,0.0,-1.143856,-0.07778469,3.059667,1.372806,-0.355461,-2.943649,-0.0694762,-0.03828818,-0.005874948,0.9968314,352.0122,355.6265,359.6302,0.4206636,-0.1088836,-0.9006585,0,0,0,0.8688285,-0.05332813,-0.9825092,-0.3530949,0.01985177,2.016501,0.996999,-0.006392429,0.07715005,0.0170329,0.9902771,-0.1380622,-0.07551737,0.138962,0.9874141,moving,-7.293584914707299,-1.3368580836853305,-9.931958425914086,0.5640393402567443,-0.5039775,0.30213287,1.9611398000000002,-0.12691955067752567,-0.023141784854692996,0.9916430132198049,-7.4176849169243875,-0.9985977822767791,3.2404648484910408,3.2518342210185383,2.9603050610920527
05/10/2023 16:35:43.627328,3526,True,True,True,True,Eyes,1.372422,-0.3546133,-2.934993,-0.2033836,0.1165511,0.9721373,0.0,0.0,0.0,0.0,0.0,0.0,0.0,-1.144131,-0.07639745,3.059623,1.3728,-0.3554336,-2.94368,-0.06927453,-0.03823997,-0.005798279,0.9968476,352.0357,355.6315,359.6377,0.4206995,-0.108876,-0.9006426,0,0,0,0.865773,-0.05212101,-0.9831608,-0.3563664,0.02193123,2.016242,0.9970082,-0.006261889,0.07704218,0.01685811,0.9903349,-0.1376688,-0.07543549,0.1385558,0.9874775,moving,-7.391011983124214,-1.2617513559954918,-10.023384159518265,0.6231976940494656,-0.507027,0.30331259,1.9605192000000002,-0.12860935448139488,-0.02183706714459145,0.9914548674296083,-7.50760264413067,-0.9253821276362111,3.225929952145469,3.2376559725083425,2.9541929688661077
05/10/2023 16:35:43.643505,3527,True,True,True,True,Eyes,1.37263,-0.3545881,-2.934983,-0.2050114,0.1174546,0.9716865,0.0,0.0,0.0,0.0,0.0,0.0,0.0,-1.144359,-0.07640627,3.05953,1.372769,-0.355371,-2.943694,-0.06928453,-0.03819535,-0.005755049,0.9968488,352.0348,355.6364,359.6424,0.4207366,-0.1088682,-0.9006262,0,0,0,0.8628097,-0.05008227,-0.9839002,-0.3595234,0.02393791,2.015991,0.997016,-0.006181135,0.07694746,0.01676652,0.9903331,-0.1376927,-0.07535251,0.138572,0.9874815,moving,-7.491861310662125,-1.2085924840499016,-10.11158868484515,0.6802990489126631,-0.5099592999999999,0.30528873,1.9597938,-0.13035683977211449,-0.02091237489930879,0.9912465275470417,-7.601983239682194,-0.8733203873867059,3.2174034489309067,3.2296877152971866,2.951584801973125
05/10/2023 16:35:43.653502,3528,True,True,True,True,Eyes,1.37283,-0.3545633,-2.934977,-0.2065806,0.1183223,0.9712488,0.0,0.0,0.0,0.0,0.0,0.0,0.0,-1.144071,-0.07623959,3.059658,1.372777,-0.355403,-2.943704,-0.06932364,-0.0382368,-0.005604619,0.9968454,352.0309,355.6303,359.6602,0.4207753,-0.1088602,-0.9006091,0,0,0,0.8594331,-0.04807201,-0.9847547,-0.3627576,0.0259937,2.015735,0.9970131,-0.00587245,0.07700942,0.01647531,0.9903256,-0.1377813,-0.0754553,0.1386385,0.9874644,moving,-7.5787985007509135,-1.1587358381334945,-10.201917051758516,0.7388107851646385,-0.5133439,0.30733099,1.9589493,-0.13186309050102873,-0.020045793345839356,0.9910652016934827,-7.683130196363556,-0.8245505862812579,3.2246661934165948,3.237504304279821,2.9645212093421804
05/10/2023 16:35:43.673496,3529,True,True,True,True,Eyes,1.373032,-0.3545371,-2.93497,-0.2081873,0.1192348,0.9707941,0.0,0.0,0.0,0.0,0.0,0.0,0.0,-1.143522,-0.07622379,3.059915,1.372783,-0.3553884,-2.943756,-0.06934944,-0.03832296,-0.005522943,0.9968408,352.0283,355.6197,359.6705,0.4208153,-0.108852,-0.9005914,0,0,0,0.8559369,-0.04603478,-0.9856849,-0.3659545,0.0280256,2.015481,0.9970017,-0.005695637,0.0771698,0.01632634,0.9903203,-0.1378374,-0.07563774,0.138684,0.987444,moving,-7.663255052086243,-1.1060110572521098,-10.291180611789185,0.7966560428327574,-0.5168461000000001,0.30935362,1.9580711000000002,-0.13332622263029748,-0.019130009152425353,0.9908875996378724,-7.761734091530338,-0.7730317887286762,3.2310425108861685,3.244400536475942,2.976914440725771
05/10/2023 16:35:43.692869,3530,True,True,True,True,Eyes,1.373226,-0.354512,-2.934965,-0.2097351,0.1201125,0.9703526,0.0,0.0,0.0,0.0,0.0,0.0,0.0,-1.14327,-0.0769155,3.060006,1.372761,-0.3553565,-2.943784,-0.06943983,-0.03836152,-0.005564601,0.9968328,352.0177,355.6156,359.6664,0.4208566,-0.1088435,-0.9005732,0,0,0,0.8526563,-0.04362053,-0.9865862,-0.3691407,0.03005084,2.015229,0.9969949,-0.005766319,0.07725285,0.01642159,0.9902943,-0.1380128,-0.07570722,0.1388667,0.987413,moving,-7.7503972888617,-1.0650947553287313,-10.380111763802526,0.854324098534978,-0.5201046999999999,0.31173597000000003,1.9571977999999999,-0.1348349236448054,-0.01841859232355443,0.9906968718924767,-7.843552996100211,-0.7328879207386743,3.2416763306776084,3.255697614380178,2.9922186377559767
05/10/2023 16:35:43.707916,3531,True,True,True,True,Eyes,1.373429,-0.354485,-2.934959,-0.2113382,0.1210402,0.9698893,0.0,0.0,0.0,0.0,0.0,0.0,0.0,-1.142797,-0.07709807,3.060197,1.372768,-0.3553608,-2.9438,-0.06946642,-0.03843961,-0.005569691,0.996828,352.0146,355.6066,359.6665,0.4208986,-0.1088348,-0.9005546,0,0,0,0.8493302,-0.04159138,-0.9874517,-0.3722274,0.03201288,2.014984,0.9969827,-0.005763523,0.07740916,0.01644457,0.9902868,-0.1380639,-0.07586153,0.1389203,0.9873936,moving,-7.836158042033717,-1.0131933457533349,-10.46624315480341,0.9102050506614815,-0.5234378,0.31376941999999997,1.9563483,-0.13631985036828498,-0.017517567005652747,0.9905098951002667,-7.923457593639016,-0.6821538126064107,3.243785003522681,3.2583445323881657,3.000227517954919
05/10/2023 16:35:43.726949,3532,True,True,True,True,Eyes,1.373625,-0.3544602,-2.934954,-0.2128794,0.1219413,0.9694394,0.0,0.0,0.0,0.0,0.0,0.0,0.0,-1.142456,-0.07776541,3.060312,1.372796,-0.3553265,-2.943796,-0.06955799,-0.03850058,-0.005598079,0.996819,352.004,355.5998,359.6642,0.4209418,-0.108826,-0.9005355,0,0,0,0.8457348,-0.03900933,-0.9884144,-0.3756913,0.03421465,2.014709,0.9969727,-0.005804497,0.07753499,0.01651659,0.9902607,-0.1382424,-0.07597742,0.1391045,0.9873587,moving,-7.920369661343521,-0.9707255151825037,-10.562868232426437,0.9729279105782962,-0.5270611999999999,0.31631717,1.9553816,-0.1377772848498846,-0.01677997890768057,0.9903211206218223,-8.002369587945632,-0.6405348859679351,3.2650466906595197,3.2803334186705695,3.026452627124176
05/10/2023 16:35:43.742988,3533,True,True,True,True,Eyes,1.373827,-0.3544362,-2.934948,-0.2144747,0.1228683,0.9689706,0.0,0.0,0.0,0.0,0.0,0.0,0.0,-1.142214,-0.0787397,3.060404,1.372813,-0.3553557,-2.943813,-0.06966629,-0.03854766,-0.005733012,0.9968089,351.9909,355.5954,359.6494,0.4209856,-0.108817,-0.9005162,0,0,0,0.8426942,-0.03662789,-0.9892836,-0.3786738,0.03611028,2.014472,0.9969624,-0.006058489,0.07764809,0.01680038,0.9902275,-0.1384459,-0.07605051,0.1393299,0.9873214,moving,-8.01005759896941,-0.9307639626654236,-10.64603831936565,1.0269415920756466,-0.5301188000000001,0.31872781,1.9545294,-0.1393289022322722,-0.01608573839954152,0.9901155214277934,-8.086692749983005,-0.6012930937590396,3.2674628843800666,3.2834441364769273,3.0333806117389477
05/10/2023 16:35:43.759123,3534,True,True,True,True,Eyes,1.374019,-0.3544118,-2.934944,-0.2160073,0.1237559,0.9685171,0.0,0.0,0.0,0.0,0.0,0.0,0.0,-1.142385,-0.07881346,3.060333,1.3728,-0.3553878,-2.94381,-0.06967165,-0.0385189,-0.005763913,0.9968094,351.9902,355.5989,359.6457,0.4210303,-0.1088079,-0.9004964,0,0,0,0.839637,-0.0345906,-0.9900441,-0.3819066,0.03816521,2.014216,0.9969661,-0.006123694,0.07759517,0.0168584,0.9902253,-0.1384547,-0.07598885,0.1393428,0.9873243,moving,-8.104201511991487,-0.8791940720236218,-10.736154489571666,1.0855061326557152,-0.533163,0.3207972,1.9537659,-0.14095756667964282,-0.015191027187566063,0.9898991092627828,-8.174694816003669,-0.5508154689425205,3.2677473573920826,3.2843908674912914,3.0395104940059157
05/10/2023 16:35:43.775231,3535,True,True,True,True,Eyes,1.374223,-0.3543863,-2.93494,-0.217591,0.1246602,0.9680465,0.0,0.0,0.0,0.0,0.0,0.0,0.0,-1.142214,-0.07877496,3.060416,1.372781,-0.3553487,-2.943842,-0.06963571,-0.03854597,-0.005816485,0.9968106,351.9941,355.5963,359.6397,0.4210754,-0.1087987,-0.9004763,0,0,0,0.8362845,-0.0325788,-0.9908918,-0.3852175,0.04026973,2.013953,0.9969608,-0.006227517,0.07765612,0.01696422,0.9902341,-0.1383788,-0.07603599,0.1392756,0.9873301,moving,-8.195179133411292,-0.8223448734114696,-10.828420066434292,1.145497511263308,-0.5364965,0.3227699,1.9529502,-0.14253127240178368,-0.014205602135305126,0.9896883712375286,-8.259365050806588,-0.4952672397650135,3.2700424965268278,3.287303068211137,3.048303239761243
05/10/2023 16:35:43.793213,3536,True,True,True,True,Eyes,1.374417,-0.354362,-2.934937,-0.2191133,0.1255156,0.9675924,0.0,0.0,0.0,0.0,0.0,0.0,0.0,-1.142076,-0.07859528,3.060515,1.372788,-0.3553397,-2.943884,-0.0696069,-0.03856903,-0.005807062,0.9968117,351.9974,355.5935,359.6408,0.4211212,-0.1087894,-0.900456,0,0,0,0.8330857,-0.03071126,-0.9917136,-0.388391,0.04228672,2.013701,0.9969574,-0.006207755,0.07770053,0.01694644,0.9902423,-0.138322,-0.07608369,0.1392179,0.9873347,moving,-8.282619249063448,-0.7678671355323843,-10.916825523885507,1.2030060756178198,-0.5397022999999999,0.32462843999999996,1.9521704000000002,-0.14404334185067297,-0.013261649385455557,0.98948244094682,-8.340751572093396,-0.44203425208189506,3.2720263437013544,3.2898911703491693,3.0565200285390257
05/10/2023 16:35:43.807121,3537,True,True,True,True,Eyes,1.374623,-0.3543397,-2.934934,-0.2207274,0.1264111,0.9671089,0.0,0.0,0.0,0.0,0.0,0.0,0.0,-1.141901,-0.07750526,3.060607,1.372786,-0.3553423,-2.943884,-0.06946943,-0.03859373,-0.005703671,0.996821,352.0136,355.5899,359.6523,0.4211674,-0.10878,-0.9004355,0,0,0,0.829944,-0.02944422,-0.9923921,-0.3914496,0.04423091,2.013459,0.996956,-0.00600891,0.07773453,0.01673325,0.9902829,-0.1380569,-0.07614961,0.1389374,0.9873691,moving,-8.374797785076263,-0.6965277927737608,-11.001996658049437,1.258449727265398,-0.542842,0.32589808,1.9514919000000002,-0.14563733583241079,-0.01202679270173665,0.9892649283392833,-8.425810518477387,-0.37249386116216454,3.2565000892160354,3.2747688501648446,3.0490510022556387
05/10/2023 16:35:43.822984,3538,True,True,True,True,Eyes,1.374821,-0.3543165,-2.934931,-0.2222771,0.1272795,0.9666399,0.0,0.0,0.0,0.0,0.0,0.0,0.0,-1.141349,-0.07724556,3.060894,1.372854,-0.3554065,-2.943922,-0.06952801,-0.0386842,-0.005477238,0.9968147,352.0079,355.5776,359.6794,0.4212143,-0.1087706,-0.9004148,0,0,0,0.8263512,-0.02744246,-0.9933574,-0.3947345,0.04631895,2.013198,0.9969471,-0.005540311,0.07788359,0.01629885,0.9902717,-0.1381893,-0.07636031,0.1390368,0.9873388,moving,-8.454702151078177,-0.6465090099245546,-11.093443304848728,1.3180085696153647,-0.5465028000000001,0.32796404,1.9505646000000003,-0.14701828584625454,-0.011160861973964674,0.9890707433563574,-8.500170477358381,-0.3236208135346458,3.2707898971504705,3.289724030511332,3.069203640917504
05/10/2023 16:35:43.843251,3539,True,True,True,True,Eyes,1.375038,-0.3542888,-2.934924,-0.223895,0.1281698,0.9661489,0.0,0.0,0.0,0.0,0.0,0.0,0.0,-1.141261,-0.07827422,3.060901,1.3729,-0.3553623,-2.943907,-0.06959096,-0.03871617,-0.005716349,0.9968076,351.9996,355.5758,359.6524,0.4212615,-0.1087612,-0.9003938,0,0,0,0.8233263,-0.02499098,-0.9941873,-0.3978339,0.04828894,2.012952,0.9969368,-0.006007609,0.07798076,0.01678479,0.9902488,-0.138295,-0.07638953,0.1391802,0.9873163,moving,-8.548481619762844,-0.605569135224485,-11.179693783462412,1.3742115597149904,-0.5495737,0.33037132,1.9497196999999997,-0.1486381209978117,-0.010451575528606094,0.9888365078128235,-8.58838524638395,-0.2834039745025031,3.2730826766583276,3.2928420931553326,3.0761289299401713
05/10/2023 16:35:43.857386,3540,True,True,True,True,Eyes,1.375245,-0.354265,-2.934919,-0.2254524,0.1290201,0.9656733,0.0,0.0,0.0,0.0,0.0,0.0,0.0,-1.142188,-0.07863483,3.06046,1.372838,-0.355276,-2.943856,-0.06952289,-0.03856813,-0.006000769,0.9968166,352.0062,355.5952,359.6181,0.4213096,-0.1087516,-0.9003724,0,0,0,0.8206767,-0.02280727,-0.9947591,-0.4011794,0.0504154,2.012687,0.996953,-0.006600596,0.07772508,0.01732607,0.9902611,-0.1381402,-0.07605632,0.139066,0.9873581,moving,-8.659780273150627,-0.5529675966567208,-11.272755921361243,1.4348906354895057,-0.5521613,0.33246873,1.9490968999999998,-0.15056003206980687,-0.009540942362538753,0.9885547735783955,-8.692866708518387,-0.23180099539774282,3.2625536058872964,3.2831725646473733,3.0714311555059357
05/10/2023 16:35:43.878260,3541,True,True,True,True,Eyes,1.375387,-0.3542445,-2.934917,-0.2271036,0.129947,0.965162,0.0,0.0,0.0,0.0,0.0,0.0,0.0,-1.141783,-0.07812592,3.060645,1.372791,-0.3553497,-2.943891,-0.06950188,-0.0386209,-0.005873429,0.9968168,352.0092,355.5881,359.6331,0.4213582,-0.1087419,-0.9003509,0,0,0,0.8172889,-0.02112246,-0.9955992,-0.4043246,0.05241454,2.012438,0.9969478,-0.006341013,0.07781234,0.01707791,0.99027,-0.1381076,-0.0761795,0.1390149,0.9873558,moving,-8.750872122580837,-0.4922928952197818,-11.360212975203877,1.491948143411479,-0.5555021000000001,0.33422724,1.9482917999999998,-0.15213294116469508,-0.008492015145253273,0.9883235341108256,-8.777444081411623,-0.17256026908259267,3.2568779217599553,3.278089715757639,3.0726671498885785
05/10/2023 16:35:43.893260,3542,True,True,True,True,Eyes,1.375525,-0.3542249,-2.934913,-0.2286882,0.1308279,0.9646688,0.0,0.0,0.0,0.0,0.0,0.0,0.0,-1.141153,-0.07826763,3.060848,1.37277,-0.3553329,-2.943873,-0.06952903,-0.03871963,-0.005853565,0.9968111,352.0061,355.5765,359.6363,0.4214055,-0.1087324,-0.9003299,0,0,0,0.8136943,-0.01899594,-0.9964998,-0.4075677,0.0544759,2.01218,0.996933,-0.006285519,0.0780063,0.01705407,0.9902629,-0.1381613,-0.07637833,0.1390679,0.987333,moving,-8.833485857779229,-0.44218350328065403,-11.450365711895817,1.5507941228753717,-0.5590757000000001,0.33633696,1.9473732,-0.15355891316649758,-0.007625948679314286,0.9881101310202998,-8.854410584793479,-0.12357928166254836,3.2674409995308604,3.2893798791321993,3.0890952267213807
05/10/2023 16:35:43.903605,3543,True,True,True,True,Eyes,1.375634,-0.3542082,-2.934909,-0.2305103,0.1320114,0.9640737,0.0,0.0,0.0,0.0,0.0,0.0,0.0,-1.141203,-0.0775241,3.060817,1.372798,-0.3553354,-2.943827,-0.06943417,-0.03871452,-0.005789482,0.9968182,352.0173,355.5766,359.6432,0.4214517,-0.1087231,-0.9003094,0,0,0,0.8106573,-0.01748672,-0.9971427,-0.4106858,0.05645788,2.011933,0.9969353,-0.006165899,0.07798664,0.01691834,0.9902908,-0.1379782,-0.0763787,0.1388748,0.9873602,moving,-8.942079061801984,-0.3591053207662105,-11.53700540254601,1.6073843245745336,-0.5621406999999999,0.33784868,1.9466843000000003,-0.15543294933815727,-0.006191356752048155,0.9878270964745555,-8.954667571500517,-0.04258663323430603,3.2335510119468234,3.2558753414588137,3.0644531054107125
05/10/2023 16:35:43.923134,3544,True,True,True,True,Eyes,1.375739,-0.354192,-2.934906,-0.232261,0.1331462,0.9634973,0.0,0.0,0.0,0.0,0.0,0.0,0.0,-1.141418,-0.07726938,3.060711,1.372832,-0.3553751,-2.943773,-0.06941765,-0.03868386,-0.005747998,0.9968207,352.0193,355.5798,359.6477,0.4214961,-0.1087141,-0.9002897,0,0,0,0.8075257,-0.01554778,-0.9978542,-0.4140208,0.05857766,2.011668,0.996941,-0.006088763,0.07791977,0.01683013,0.9902963,-0.1379492,-0.07632372,0.1388386,0.9873695,moving,-9.049496422241074,-0.28826296122518175,-11.629640846020758,1.6679216303829543,-0.5653063,0.33982732,1.9459188000000003,-0.15728571515597603,-0.004968495285832236,0.9875407068395701,-9.054440410329407,0.026589476388351713,3.2149279985879926,3.2378701956697533,3.0537892074800257
05/10/2023 16:35:43.942886,3545,True,True,True,True,Eyes,1.375809,-0.3541747,-2.934903,-0.2341793,0.1344831,0.9628469,0.0,0.0,0.0,0.0,0.0,0.0,0.0,-1.141241,-0.07720461,3.060794,1.372848,-0.3553721,-2.943782,-0.06941018,-0.03871487,-0.00573663,0.9968202,352.0202,355.5761,359.6493,0.4215387,-0.1087053,-0.9002707,0,0,0,0.8044041,-0.01366866,-0.9986423,-0.4170922,0.0605298,2.011425,0.9969365,-0.006062363,0.07797989,0.01681119,0.9902986,-0.1379348,-0.07638717,0.1388231,0.9873667,moving,-9.160204072409996,-0.20709849187286744,-11.714915453390857,1.7236813464966156,-0.5684439000000001,0.34170344,1.9451397000000001,-0.15919448459940957,-0.0035684469356057763,0.9872406919456403,-9.156836878082823,0.10575138010053414,3.1789139163192943,3.2022587378859977,3.026790936555151
05/10/2023 16:35:43.953298,3546,True,True,True,True,Eyes,1.375877,-0.3541587,-2.934902,-0.236019,0.1357769,0.962216,0.0,0.0,0.0,0.0,0.0,0.0,0.0,-1.141441,-0.07808918,3.060655,1.372826,-0.3553036,-2.943757,-0.06949367,-0.03868393,-0.005864038,0.996815,352.0101,355.5807,359.6347,0.4215789,-0.1086968,-0.9002529,0,0,0,0.801539,-0.01121897,-0.9993968,-0.420174,0.06248879,2.01118,0.9969383,-0.006314144,0.07793646,0.0170673,0.9902725,-0.138091,-0.07630641,0.1389983,0.9873484,moving,-9.274378044942885,-0.1419657761657691,-11.800453342274718,1.7796479973072608,-0.5712870000000001,0.34408463,1.9443602000000002,-0.16116201080282064,-0.0024453781725572443,0.9869249170986588,-9.263424811635858,0.16946877625979573,3.149888692363191,3.173902314531965,3.0048612096349134
05/10/2023 16:35:43.973410,3547,True,True,True,True,Eyes,1.375896,-0.3541448,-2.934901,-0.2380254,0.1371935,0.9615206,0.0,0.0,0.0,0.0,0.0,0.0,0.0,-1.141457,-0.07904607,3.060654,1.372825,-0.3553202,-2.943785,-0.06961069,-0.03868444,-0.005968243,0.9968061,351.9962,355.5815,359.6232,0.4216169,-0.1086886,-0.9002361,0,0,0,0.79832,-0.008589894,-1.000326,-0.4235052,0.0646061,2.010916,0.9969358,-0.006512661,0.07795266,0.01728406,0.9902375,-0.1383149,-0.07629085,0.1392385,0.9873158,moving,-9.39480835420266,-0.07274262377432421,-11.892872216295968,1.8401484924865485,-0.5745049999999999,0.346730306,1.943459,-0.16323643987514486,-0.0012525688123275203,0.9865861885714945,-9.375825731617164,0.23718080892678456,3.121600021150452,3.146343191987534,2.9841294208815543
05/10/2023 16:35:43.983513,3548,True,True,True,True,Eyes,1.375914,-0.3541299,-2.934901,-0.2399517,0.1385564,0.9608461,0.0,0.0,0.0,0.0,0.0,0.0,0.0,-1.141451,-0.07958427,3.060572,1.372823,-0.3553065,-2.943715,-0.06966004,-0.03868958,-0.006061828,0.9968019,351.9901,355.5816,359.6126,0.4216515,-0.1086807,-0.9002209,0,0,0,0.7952614,-0.006325334,-1.001068,-0.4266464,0.06660274,2.010667,0.9969327,-0.006694647,0.07797623,0.01747512,0.9902215,-0.1384054,-0.07628716,0.1393435,0.9873012,moving,-9.510024102250942,0.0012788921469209173,-11.979984910653089,1.89721177458121,-0.5775615999999999,0.348981166,1.942647,-0.16522015107227547,2.2014115591259542e-05,0.9862566721670852,-9.48294616747297,0.3094838327116729,3.0884186628502244,3.113722513285052,2.9590678434831164
05/10/2023 16:35:44.008918,3549,True,True,True,True,Eyes,1.375902,-0.3541157,-2.934902,-0.2420041,0.1400144,0.9601198,0.0,0.0,0.0,0.0,0.0,0.0,0.0,-1.14128,-0.08001396,3.060634,1.372817,-0.3552701,-2.943732,-0.06968486,-0.03872027,-0.006156167,0.9967983,351.9868,355.5788,359.6021,0.4216832,-0.1086732,-0.900207,0,0,0,0.7919376,-0.004031539,-1.00195,-0.4299518,0.06870374,2.010404,0.9969257,-0.00687648,0.07805057,0.01766934,0.9902123,-0.1384467,-0.0763346,0.1394002,0.9872895,moving,-9.630010422559417,0.08382691909188626,-12.0716196011368,1.957269781911473,-0.5808793999999999,0.351238561,1.941782,-0.1672849993945001,0.001442438727936965,0.985907549075626,-9.594212225565927,0.39005108829463475,3.051732873686347,3.077538552343898,2.931505029529206
05/10/2023 16:35:44.025046,3550,True,True,True,True,Eyes,1.37589,-0.3541022,-2.934903,-0.24397,0.1414067,0.9594179,0.0,0.0,0.0,0.0,0.0,0.0,0.0,-1.141483,-0.0800404,3.060511,1.372757,-0.355253,-2.943714,-0.06966934,-0.03867956,-0.00620079,0.9968007,351.9885,355.5839,359.5966,0.4217114,-0.108666,-0.9001946,0,0,0,0.7889555,-0.002048999,-1.00265,-0.4331172,0.07071576,2.010153,0.9969309,-0.006972346,0.07797564,0.01775146,0.9902155,-0.1384132,-0.07624762,0.1393726,0.9873002,moving,-9.752741567299921,0.1683719214794049,-12.159331799935616,2.014794092417731,-0.5838015,0.353204001,1.941064,-0.16939594490259008,0.0028961710539504165,0.9855437831923476,-9.70801786074176,0.4725662067291878,3.0070728446643105,3.0333070041046173,2.8961020147573278
05/10/2023 16:35:44.043329,3551,True,True,True,True,Eyes,1.375844,-0.3540914,-2.934905,-0.2460174,0.1428481,0.9586813,0.0,0.0,0.0,0.0,0.0,0.0,0.0,-1.141679,-0.07950839,3.060422,1.37272,-0.3552555,-2.943701,-0.06958471,-0.03864206,-0.006196687,0.9968081,351.9982,355.5882,359.5964,0.4217365,-0.1086591,-0.9001837,0,0,0,0.7858632,-0.0003464818,-1.003329,-0.4363801,0.0727897,2.009894,0.9969368,-0.006976022,0.07789981,0.01773161,0.9902391,-0.1382463,-0.07617505,0.1392041,0.9873295,moving,-9.879753691001573,0.26504883229243104,-12.249709659042113,2.0740997820284566,-0.5868568,0.3549090182,1.940372,-0.17157920272266808,0.0045573568065347125,0.9851597755887374,-9.825305956962048,0.5668210820214745,2.9550045825445017,2.981502411401303,2.8547543484780373
05/10/2023 16:35:44.057793,3552,True,True,True,True,Eyes,1.375798,-0.3540803,-2.934909,-0.2479814,0.1442247,0.9579689,0.0,0.0,0.0,0.0,0.0,0.0,0.0,-1.141871,-0.07856295,3.060367,1.372713,-0.3552797,-2.943692,-0.06948759,-0.03860487,-0.006066303,0.9968171,352.0099,355.5915,359.6107,0.4217579,-0.1086526,-0.9001745,0,0,0,0.7827775,0.001134336,-1.003989,-0.439609,0.07484207,2.009638,0.9969457,-0.00672887,0.07780704,0.01745911,0.9902694,-0.1380645,-0.07612092,0.1390012,0.9873623,moving,-10.000751942849105,0.36248021880662906,-12.339105984187265,2.1327990092143456,-0.5899355000000001,0.356414036,1.939703,-0.17365772748799307,0.006230307579025762,0.9847863368032868,-9.936757718897509,0.6617585245355466,2.9062280620911674,2.9329044038824637,2.816955323625978
05/10/2023 16:35:44.077944,3553,True,True,True,True,Eyes,1.37571,-0.35407,-2.934913,-0.2500192,0.1456271,0.9572269,0.0,0.0,0.0,0.0,0.0,0.0,0.0,-1.141906,-0.07793292,3.060388,1.372675,-0.3552617,-2.94373,-0.06945273,-0.0385851,-0.005891701,0.9968215,352.0147,355.5924,359.6305,0.421776,-0.1086465,-0.9001667,0,0,0,0.7795296,0.002883166,-1.004768,-0.4428842,0.07692388,2.009378,0.996953,-0.006386265,0.07774331,0.01710563,0.9902833,-0.1380093,-0.07610653,0.1389186,0.987375,moving,-10.12375014062302,0.4556778560868449,-12.429747103813728,2.19235130063676,-0.5931454,0.358144866,1.9389619999999999,-0.17576943498178174,0.007829178542651402,0.984400325272291,-10.050361690694434,0.7526255074314263,2.8598663063164347,2.8868073450179583,2.78105830643401
05/10/2023 16:35:44.092960,3554,True,True,True,True,Eyes,1.375626,-0.3540609,-2.934917,-0.2519727,0.1469702,0.956509,0.0,0.0,0.0,0.0,0.0,0.0,0.0,-1.142092,-0.07739776,3.060249,1.372649,-0.3552271,-2.94366,-0.06945864,-0.03854096,-0.005657643,0.9968241,352.0151,355.5956,359.6572,0.42179,-0.1086409,-0.9001608,0,0,0,0.7766373,0.004570425,-1.005366,-0.4458784,0.07882702,2.009141,0.9969652,-0.005925344,0.07762305,0.01663335,0.990287,-0.13804,-0.07605116,0.1389122,0.9873801,moving,-10.243938226178134,0.542366333517831,-12.512572618929921,2.2468011302454687,-0.5960117,0.359797525,1.938294,-0.17783171467236603,0.00931505826517591,0.984016798261357,-10.161602548086629,0.8371898488868111,2.810383524061751,2.837569379640303,2.7411793517634906
05/10/2023 16:35:44.104270,3555,True,True,True,True,Eyes,1.375523,-0.3540533,-2.934922,-0.2538505,0.1483895,0.9557931,0.0,0.0,0.0,0.0,0.0,0.0,0.0,-1.142264,-0.07705176,3.060201,1.372645,-0.3552462,-2.943668,-0.06947193,-0.03850493,-0.005497231,0.9968255,352.0143,355.5984,359.6754,0.4218004,-0.1086356,-0.9001566,0,0,0,0.7732388,0.006643564,-1.006193,-0.4494117,0.08107296,2.008861,0.9969743,-0.005609533,0.07752919,0.01630958,0.9902868,-0.1380794,-0.07600158,0.1389261,0.9873821,moving,-10.359480651115245,0.6309610700421341,-12.610269482619588,2.3110702988754745,-0.5994061999999999,0.361889764,1.9374750000000003,-0.1798129685213829,0.01083263672157432,0.9836411542840695,-10.268264677817497,0.9235585884279146,2.7811456609852585,2.8087038620751117,2.7221637078517507
05/10/2023 16:35:44.123037,3556,True,True,True,True,Eyes,1.375425,-0.3540472,-2.934928,-0.2556523,0.14975,0.9551004,0.0,0.0,0.0,0.0,0.0,0.0,0.0,-1.142627,-0.07707065,3.060086,1.372675,-0.3552633,-2.943673,-0.06947646,-0.03845074,-0.005503216,0.9968272,352.0138,355.6048,359.6743,0.4218072,-0.1086307,-0.900154,0,0,0,0.7706548,0.008453488,-1.006838,-0.4522965,0.08290654,2.008632,0.9969825,-0.00562867,0.07742216,0.01631435,0.9902855,-0.1380888,-0.07589279,0.1389353,0.9873891,moving,-10.474123738107918,0.7129537586586847,-12.69000247726107,2.3635489505433576,-0.6020202000000001,0.363716788,1.936835,-0.18177782870940304,0.012235762792729699,0.9832634652899624,-10.374410268915277,1.0035495076142968,2.735289186599295,2.763074930960751,2.6854358603621686
05/10/2023 16:35:44.142980,3557,True,True,True,True,Eyes,1.375288,-0.3540424,-2.934939,-0.257389,0.1511634,0.9544111,0.0,0.0,0.0,0.0,0.0,0.0,0.0,-1.142601,-0.07689095,3.060106,1.372655,-0.3552936,-2.943685,-0.06947783,-0.03844875,-0.005440033,0.9968276,352.0139,355.6045,359.6816,0.4218108,-0.1086263,-0.9001529,0,0,0,0.7675752,0.01029584,-1.0076,-0.4553957,0.08487657,2.008386,0.9969842,-0.005502877,0.07740946,0.01618822,0.9902865,-0.1380965,-0.07589762,0.1389331,0.9873891,moving,-10.578439674975069,0.8001556812182371,-12.77562574383914,2.4199417806317194,-0.6050798,0.36558944,1.9360849999999998,-0.18356416354496136,0.013727602056632385,0.9829118828397508,-10.470325948166952,1.088489223915783,2.7017993673691,2.72971310380111,2.662174498170928
05/10/2023 16:35:44.153136,3558,True,True,True,True,Eyes,1.375157,-0.3540358,-2.934949,-0.2590534,0.1525276,0.9537435,0.0,0.0,0.0,0.0,0.0,0.0,0.0,-1.142355,-0.07725453,3.060213,1.37258,-0.3552832,-2.943747,-0.06953383,-0.03847567,-0.005441491,0.9968227,352.0074,355.6014,359.6819,0.4218104,-0.1086223,-0.9001535,0,0,0,0.7641671,0.01258144,-1.008538,-0.4586899,0.08697042,2.008125,0.99698,-0.005497679,0.07746357,0.01619912,0.9902709,-0.1382071,-0.0759501,0.1390445,0.9873693,moving,-10.675719736058266,0.8765387895389041,-12.866592810550541,2.4798884337474405,-0.6084128999999999,0.36786464,1.9352090000000002,-0.1852292619555883,0.015033166238188025,0.9825803382084403,-10.560034269517695,1.1629354810050831,2.6866061543608324,2.714895009041579,2.6560454406783753
05/10/2023 16:35:44.172970,3559,True,True,True,True,Eyes,1.374987,-0.35403,-2.934963,-0.2606727,0.1539377,0.9530755,0.0,0.0,0.0,0.0,0.0,0.0,0.0,-1.142417,-0.0779922,3.060155,1.372556,-0.3552356,-2.943747,-0.06961909,-0.03846418,-0.005511978,0.9968166,351.9973,355.6032,359.6741,0.4218067,-0.1086187,-0.9001557,0,0,0,0.7611961,0.01496634,-1.009343,-0.461778,0.08893326,2.007879,0.9969802,-0.00563318,0.07745095,0.01634455,0.9902456,-0.1383709,-0.075916,0.139219,0.9873474,moving,-10.775480421844316,0.9505857435242578,-12.951838441782778,2.5360951860093413,-0.6113599000000001,0.37020194,1.934404,-0.18693609710573256,0.0162976409263499,0.9822368671588038,-10.652257415246446,1.2351461059859885,2.6640158595026735,2.692651931304866,2.6420714234137384
05/10/2023 16:35:44.192902,3560,True,True,True,True,Eyes,1.374825,-0.3540244,-2.934976,-0.2622276,0.1552915,0.9524291,0.0,0.0,0.0,0.0,0.0,0.0,0.0,-1.142263,-0.07837027,3.060228,1.372576,-0.3552065,-2.943767,-0.06966034,-0.03849351,-0.005548812,0.9968124,351.9924,355.6001,359.6702,0.4217989,-0.1086154,-0.9001598,0,0,0,0.757907,0.01724008,-1.010231,-0.4650548,0.09101608,2.00762,0.9969749,-0.005699308,0.07751467,0.01642519,0.9902333,-0.1384494,-0.07596854,0.1393038,0.9873314,moving,-10.866506281428382,1.0271263756338282,-13.042239367159121,2.5957447039310835,-0.614669,0.37244657999999997,1.9335359999999997,-0.18849216204500036,0.01760445147688386,0.9819168716529009,-10.735929437701849,1.3096970496342293,2.6532832328377705,2.682233755699432,2.6406408426432493
05/10/2023 16:35:44.203233,3561,True,True,True,True,Eyes,1.37468,-0.3540194,-2.934987,-0.2637555,0.1566628,0.9517824,0.0,0.0,0.0,0.0,0.0,0.0,0.0,-1.142094,-0.0784905,3.060284,1.372562,-0.3552034,-2.94377,-0.06965672,-0.03852121,-0.00560248,0.9968113,351.9926,355.5974,359.6642,0.4217877,-0.1086125,-0.9001654,0,0,0,0.7547123,0.01925707,-1.011038,-0.4682139,0.0930239,2.007369,0.9969695,-0.005802708,0.07757724,0.01653575,0.9902331,-0.1384376,-0.07601625,0.1393008,0.9873281,moving,-10.95645701608137,1.1094102737624563,-13.129360941441218,2.6532573013619905,-0.6178497000000001,0.37446047,1.9327320000000001,-0.19002858692034014,0.01900885424959016,0.9815944851347865,-10.81826052820395,1.3897821435153928,2.6364423740451812,2.665515918817998,2.6339238019656066
05/10/2023 16:35:44.223432,3562,True,True,True,True,Eyes,1.374541,-0.3540121,-2.934998,-0.2652195,0.1579794,0.9511577,0.0,0.0,0.0,0.0,0.0,0.0,0.0,-1.142009,-0.07801473,3.060299,1.372538,-0.3552594,-2.943744,-0.06961624,-0.03852894,-0.005533776,0.9968143,351.9976,355.5959,359.6721,0.4217738,-0.1086099,-0.9001722,0,0,0,0.7513201,0.02107048,-1.01181,-0.4715839,0.09516597,2.007102,0.9969698,-0.005667814,0.07758288,0.01639677,0.9902459,-0.1383625,-0.07604192,0.1392153,0.9873382,moving,-11.043715960839696,1.1959377999458625,-13.222249810548128,2.7146242945731913,-0.6212179,0.37632988,1.931934,-0.19151769690181542,0.020485185289764965,0.9812752790277393,-10.897772069782656,1.4739419950310162,2.6264707623787578,2.6556389821074857,2.634860401560472
05/10/2023 16:35:44.242855,3563,True,True,True,True,Eyes,1.374402,-0.3540061,-2.935008,-0.2667031,0.159279,0.9505259,0.0,0.0,0.0,0.0,0.0,0.0,0.0,-1.142118,-0.07813925,3.060242,1.372523,-0.355193,-2.943745,-0.06962354,-0.03850889,-0.005540748,0.9968144,351.9967,355.5983,359.6711,0.4217577,-0.1086075,-0.9001801,0,0,0,0.7483246,0.0231235,-1.012553,-0.4747071,0.09715134,2.006854,0.9969727,-0.005683945,0.07754397,0.01640845,0.9902438,-0.1383767,-0.0760009,0.1392302,0.9873393,moving,-11.13605865712267,1.2741709097957812,-13.308298476349393,2.7715118254292244,-0.6241983999999999,0.3783165,1.9311919999999998,-0.1930935051467477,0.02181815706783527,0.980937661757222,-10.982623497023887,1.5501361540327905,2.608947948324932,2.6383054504480987,2.62688458827939
05/10/2023 16:35:44.258173,3564,True,True,True,True,Eyes,1.37427,-0.3539993,-2.935016,-0.2681239,0.1605224,0.949917,0.0,0.0,0.0,0.0,0.0,0.0,0.0,-1.142137,-0.07765323,3.060246,1.372529,-0.3552226,-2.943738,-0.06956773,-0.03850514,-0.005493838,0.9968187,352.0033,355.5984,359.6763,0.4217395,-0.1086054,-0.9001889,0,0,0,0.7450835,0.02488351,-1.013302,-0.4780079,0.0992493,2.006592,0.9969743,-0.005595292,0.07752966,0.01631015,0.9902603,-0.1382697,-0.07600089,0.1391159,0.9873554,moving,-11.222328170423516,1.357683478576569,-13.399196301605096,2.8316346823684815,-0.6274455000000001,0.38010611,1.9304360000000003,-0.19456406388770295,0.023241037980863813,0.9806145281093094,-11.061341357007814,1.6313790669592356,2.599471324479452,2.6289326753862703,2.6279610507576763
05/10/2023 16:35:44.273539,3565,True,True,True,True,Eyes,1.374144,-0.3539928,-2.935026,-0.269566,0.1617594,0.9492987,0.0,0.0,0.0,0.0,0.0,0.0,0.0,-1.142364,-0.07734564,3.060142,1.372541,-0.3551936,-2.943708,-0.06953047,-0.03846863,-0.005453268,0.996823,352.0078,355.6023,359.6805,0.4217198,-0.1086034,-0.9001983,0,0,0,0.7421739,0.02665946,-1.013951,-0.4811103,0.1012212,2.006346,0.9969808,-0.005522399,0.07745117,0.01622137,0.9902716,-0.1381996,-0.07593449,0.1390387,0.9873713,moving,-11.313701096976533,1.4387303572531338,-13.484587969864698,2.8881531975917683,-0.6303671,0.38185306,1.929757,-0.19612116020191575,0.02462033787412969,0.9802705152916048,-11.145108816995014,1.7102811913368636,2.5807355135181504,2.610282817047507,2.6192642420784518
05/10/2023 16:35:44.293044,3566,True,True,True,True,Eyes,1.374023,-0.3539867,-2.935035,-0.2709472,0.1629486,0.948702,0.0,0.0,0.0,0.0,0.0,0.0,0.0,-1.142613,-0.07695332,3.06008,1.372516,-0.3552102,-2.943739,-0.06949235,-0.03842141,-0.005396569,0.9968277,352.0124,355.6073,359.6865,0.4216988,-0.1086015,-0.9002084,0,0,0,0.7390981,0.02847299,-1.014686,-0.4843798,0.1032993,2.006087,0.9969894,-0.005418911,0.0773491,0.01609889,0.9902834,-0.1381291,-0.07584903,0.1389585,0.9873892,moving,-11.40248477083782,1.5175019785781343,-13.574533961606615,2.9477241573071487,-0.6334179000000001,0.38368318999999995,1.929053,-0.19763323533131905,0.0259599749740847,0.9799322936946311,-11.226501407394117,1.7869680863730362,2.570899917310716,2.600640914783844,2.6192769101131836
05/10/2023 16:35:44.303366,3567,True,True,True,True,Eyes,1.373895,-0.3539803,-2.935044,-0.2723548,0.1641233,0.9480962,0.0,0.0,0.0,0.0,0.0,0.0,0.0,-1.142783,-0.07711002,3.060005,1.372508,-0.355214,-2.943734,-0.06952313,-0.03839193,-0.005388396,0.9968268,352.0089,355.6106,359.6873,0.4216767,-0.1085998,-0.900219,0,0,0,0.7360434,0.0305917,-1.01545,-0.4876009,0.1053468,2.005832,0.996994,-0.00540434,0.07728942,0.01608085,0.990275,-0.1381913,-0.07579095,0.1390188,0.9873852,moving,-11.491268330289753,1.5863432002693592,-13.663103411910042,3.0064264630584145,-0.6364646,0.3858057,1.928284,-0.19914527149560052,0.027128876169467964,0.9795943977274957,-11.308420732965502,1.8540720863309326,2.5647548801508866,2.5948996310089174,2.6215360245635417
05/10/2023 16:35:44.328120,3568,True,True,True,True,Eyes,1.373772,-0.3539738,-2.935052,-0.2737023,0.1652547,0.9475115,0.0,0.0,0.0,0.0,0.0,0.0,0.0,-1.142884,-0.07709077,3.059955,1.372481,-0.3551946,-2.943737,-0.06950247,-0.03837252,-0.005423894,0.9968289,352.0111,355.6132,359.683,0.4216535,-0.1085982,-0.9002301,0,0,0,0.7330258,0.03253236,-1.016179,-0.4907442,0.1073448,2.005582,0.9969962,-0.005479417,0.07725561,0.01614736,0.99028,-0.1381479,-0.07574771,0.1389804,0.9873939,moving,-11.57588692818256,1.6572218406334414,-13.74949883476859,3.06371966772205,-0.6394552000000001,0.38772696,1.927558,-0.20058510285118272,0.028332185544305222,0.9792665680528938,-11.386217681048048,1.9231106915370546,2.558547124104145,2.5889814325439895,2.624135409631994
05/10/2023 16:35:44.343078,3569,True,True,True,True,Eyes,1.373644,-0.3539678,-2.935061,-0.2750817,0.1663778,0.9469153,0.0,0.0,0.0,0.0,0.0,0.0,0.0,-1.143078,-0.07742238,3.05983,1.372461,-0.3551869,-2.943701,-0.06955152,-0.03833837,-0.00543889,0.9968266,352.0055,355.6172,359.6812,0.4216294,-0.1085968,-0.9002416,0,0,0,0.7301099,0.03468388,-1.016893,-0.4938426,0.1093142,2.005336,0.9970012,-0.005510277,0.07718997,0.01617624,0.990266,-0.1382446,-0.07567684,0.1390786,0.9873855,moving,-11.663801429180522,1.7203918919353687,-13.834616022285887,3.1202000822205176,-0.6423511,0.38987078000000003,1.9268079999999999,-0.2020811998452282,0.02940260213864626,0.9789273594288854,-11.467600265457676,1.9847354025569586,2.5520932352280585,2.583001929389252,2.6252702016814378
05/10/2023 16:35:44.357976,3570,True,True,True,True,Eyes,1.373522,-0.3539631,-2.935067,-0.2764057,0.1674598,0.9463388,0.0,0.0,0.0,0.0,0.0,0.0,0.0,-1.142548,-0.07796466,3.06004,1.372498,-0.3551865,-2.94371,-0.06963684,-0.03843045,-0.005443311,0.9968171,351.9956,355.6066,359.6818,0.4216044,-0.1085954,-0.9002534,0,0,0,0.7263323,0.03721976,-1.017948,-0.4973724,0.1115578,2.005056,0.9969869,-0.00549962,0.07737436,0.01620432,0.9902422,-0.138412,-0.07585814,0.1392488,0.9873477,moving,-11.733818393111717,1.7770017195727903,-13.931532233985612,3.184553363098875,-0.6461657,0.39240626,1.9257619999999998,-0.20327148196799,0.03036215453882528,0.9786515540192371,-11.532080841352936,2.0398940304378015,2.5781395275445553,2.6098175713182847,2.6584980672279945
05/10/2023 16:35:44.373926,3571,True,True,True,True,Eyes,1.37341,-0.3539587,-2.935074,-0.2777529,0.1685203,0.9457558,0.0,0.0,0.0,0.0,0.0,0.0,0.0,-1.142474,-0.07831079,3.06002,1.372498,-0.3552166,-2.943666,-0.06968362,-0.03844457,-0.005481979,0.9968131,351.9901,355.6053,359.6776,0.4215788,-0.1085942,-0.9002656,0,0,0,0.7233877,0.03926814,-1.018685,-0.5003415,0.1134449,2.004821,0.9969839,-0.005571104,0.07740811,0.01628693,0.9902283,-0.1385016,-0.0758801,0.1393446,0.9873325,moving,-11.814606978504033,1.8360278385756432,-14.013008067806387,3.238688013317443,-0.6491103,0.39448474,1.9249809999999998,-0.20464486605171606,0.03136117425906246,0.9783336617698014,-11.606815157577643,2.0974659013624968,2.575601471891984,2.6077620511182524,2.6631095039539745
05/10/2023 16:35:44.394248,3572,True,True,True,True,Eyes,1.373303,-0.3539538,-2.935083,-0.279056,0.1695355,0.9451907,0.0,0.0,0.0,0.0,0.0,0.0,0.0,-1.14228,-0.0775215,3.060155,1.372519,-0.3552344,-2.943698,-0.06954804,-0.03848093,-0.005497016,0.996821,352.0056,355.6012,359.6756,0.4215528,-0.1085931,-0.9002779,0,0,0,0.720202,0.04068759,-1.019421,-0.5034693,0.115433,2.004572,0.996978,-0.005606535,0.07748182,0.01631163,0.9902657,-0.1382308,-0.07595259,0.139077,0.9873646,moving,-11.890278657192955,1.9137244674636948,-14.098806676060855,3.295729817475511,-0.652317,0.39592199,1.924277,-0.20592811482707324,0.0326788407894765,0.9780213193745646,-11.675627141225519,2.173016205391506,2.573078119378614,2.6052897722875,2.6706338035761306
05/10/2023 16:35:44.404020,3573,True,True,True,True,Eyes,1.373197,-0.3539459,-2.93509,-0.280397,0.1705578,0.9446098,0.0,0.0,0.0,0.0,0.0,0.0,0.0,-1.141531,-0.0772326,3.060476,1.372527,-0.3552182,-2.943732,-0.06956726,-0.03859615,-0.005321132,0.9968162,352.0041,355.5865,359.6969,0.4215266,-0.1085921,-0.9002902,0,0,0,0.716526,0.04256803,-1.020392,-0.5066745,0.1174706,2.004318,0.996964,-0.005238324,0.07768689,0.01597844,0.9902642,-0.1382808,-0.07620618,0.1391023,0.9873415,moving,-11.956775640681192,1.9796302744264356,-14.18667573531077,3.3541977707925668,-0.6560010000000001,0.39778622999999996,1.9233399999999998,-0.20705537714431949,0.033795594879547544,0.9777453879043567,-11.736221892872187,2.237118872856834,2.5869585010970773,2.619520993253395,2.693063181237181
05/10/2023 16:35:44.423064,3574,True,True,True,True,Eyes,1.373097,-0.3539388,-2.935095,-0.2816828,0.171563,0.9440449,0.0,0.0,0.0,0.0,0.0,0.0,0.0,-1.141618,-0.07919422,3.06035,1.372513,-0.35515,-2.943702,-0.06982726,-0.038584,-0.005451917,0.9967977,351.9737,355.5889,359.6829,0.4215003,-0.1085911,-0.9003026,0,0,0,0.713489,0.04580772,-1.021345,-0.509887,0.1195124,2.004063,0.9969631,-0.005480486,0.07768226,0.01625735,0.9901889,-0.1387866,-0.07615949,0.139628,0.9872709,moving,-12.037663962550162,2.008592594545654,-14.274701813157161,3.412794899890227,-0.659024,0.40095772,1.922357,-0.20843205280925303,0.03427957641025796,0.9774358423977013,-11.812647336174626,2.2656797552477377,2.6072421265214696,2.641235025396906,2.716171092309523
05/10/2023 16:35:44.443260,3575,True,True,True,True,Eyes,1.372971,-0.3539329,-2.9351,-0.2830831,0.1726001,0.9434369,0.0,0.0,0.0,0.0,0.0,0.0,0.0,-1.141659,-0.08117765,3.060255,1.372558,-0.3551678,-2.943651,-0.0701139,-0.0385879,-0.005561102,0.9967769,351.9403,355.5892,359.6716,0.4214741,-0.1085901,-0.900315,0,0,0,0.7103657,0.04908648,-1.022339,-0.5131744,0.1216018,2.003803,0.9969601,-0.00567526,0.07770687,0.01649745,0.9901063,-0.1393466,-0.07614723,0.140205,0.98719,moving,-12.123376269691912,2.0372594858490563,-14.364725714909186,3.472764493684045,-0.6621923,0.40425427999999997,1.921312,-0.209890578280787,0.034757527268876556,0.9771068926961576,-11.893737919828308,2.293992049633051,2.626104703564183,2.6616389618231686,2.737751843811381
05/10/2023 16:35:44.458223,3576,True,True,True,True,Eyes,1.372847,-0.3539283,-2.935103,-0.2844163,0.1735826,0.9428555,0.0,0.0,0.0,0.0,0.0,0.0,0.0,-1.142428,-0.08218992,3.059886,1.372564,-0.355157,-2.943593,-0.07010186,-0.03848287,-0.005997365,0.9967793,351.9398,355.6049,359.6204,0.4214472,-0.1085892,-0.9003277,0,0,0,0.7079659,0.05151153,-1.022919,-0.5162846,0.1235788,2.003556,0.9969662,-0.006560656,0.0775587,0.01735154,0.9900995,-0.1392906,-0.075877,0.1402137,0.9872096,moving,-12.221982451154377,2.0873225110325206,-14.449858937433646,3.5295170531428273,-0.6645980999999999,0.40666853000000003,1.920674,-0.21156560870782753,0.03559812415245725,0.9767153174685105,-11.986120766607877,2.3430493058694863,2.6174506530306147,2.653932692328278,2.7345404531115975
05/10/2023 16:35:44.477938,3577,True,True,True,True,Eyes,1.372724,-0.3539233,-2.935107,-0.2859011,0.1745941,0.9422194,0.0,0.0,0.0,0.0,0.0,0.0,0.0,-1.143107,-0.08122763,3.059608,1.372479,-0.3551763,-2.943577,-0.06989342,-0.03836576,-0.006131068,0.9967976,351.9632,355.6195,359.6031,0.4214199,-0.1085884,-0.9003406,0,0,0,0.7052004,0.05288517,-1.023383,-0.5195499,0.1256543,2.003297,0.9969809,-0.006859842,0.07734283,0.0175859,0.9901546,-0.1388687,-0.07562875,0.1398096,0.9872859,moving,-12.328006460403525,2.170576723761928,-14.539187854128059,3.589104238764907,-0.6672786,0.40806147,1.920194,-0.21336172257306185,0.037002519056153094,0.9762722598724882,-12.08389216588262,2.424192383690763,2.590451850108623,2.6270788847642352,2.717627006564537
05/10/2023 16:35:44.493206,3578,True,True,True,True,Eyes,1.372604,-0.3539176,-2.935111,-0.2873397,0.1755585,0.9416024,0.0,0.0,0.0,0.0,0.0,0.0,0.0,-1.142456,-0.07932371,3.059834,1.372344,-0.3551749,-2.94357,-0.06969272,-0.03843979,-0.005853014,0.9968106,351.9874,355.6088,359.6349,0.4213921,-0.1085877,-0.9003537,0,0,0,0.7013664,0.05384207,-1.024103,-0.5228667,0.1277626,2.003034,0.9969763,-0.006310744,0.0774502,0.01702664,0.9902174,-0.1384909,-0.07581855,0.1393908,0.9873306,moving,-12.404446681576445,2.2617779924213592,-14.629874786521896,3.649640751485987,-0.6709776000000001,0.40901697000000004,1.9194669999999998,-0.21465148587099242,0.03854531422800636,0.9759297967418247,-12.152728415791056,2.512780560217655,2.5863328133755545,2.62272630830584,2.725565122413265
05/10/2023 16:35:44.507860,3579,True,True,True,True,Eyes,1.372502,-0.3539111,-2.935115,-0.2888857,0.1765488,0.940944,0.0,0.0,0.0,0.0,0.0,0.0,0.0,-1.141447,-0.07871491,3.060213,1.372314,-0.3551487,-2.943573,-0.06969255,-0.03858837,-0.005592724,0.9968062,351.9885,355.5895,359.6661,0.4213641,-0.108587,-0.900367,0,0,0,0.6974577,0.05555934,-1.025077,-0.526089,0.1298108,2.002778,0.9969593,-0.00577108,0.07770981,0.01652837,0.9902233,-0.1385083,-0.07615072,0.1393716,0.9873078,moving,-12.478667891232897,2.331367691521814,-14.717932474803359,3.708459916502275,-0.6748563000000001,0.41070804,1.9184960000000002,-0.2159056016207357,0.03971937502413307,0.9756060578012062,-12.220572507830726,2.5804966536568212,2.59211012697845,2.6288189118565453,2.7402751553386957
05/10/2023 16:35:44.527945,3580,True,True,True,True,Eyes,1.372404,-0.353904,-2.935118,-0.290374,0.1774904,0.9403085,0.0,0.0,0.0,0.0,0.0,0.0,0.0,-1.141226,-0.07717294,3.060362,1.372368,-0.3551489,-2.943576,-0.06951374,-0.03862623,-0.005406686,0.9968183,352.0099,355.5837,359.687,0.4213363,-0.1085864,-0.9003801,0,0,0,0.6942114,0.05657279,-1.02573,-0.5291921,0.1317832,2.002532,0.9969576,-0.00540886,0.07775833,0.01614907,0.9902772,-0.1381674,-0.07625499,0.1390028,0.9873517,moving,-12.563297548596287,2.416490949385797,-14.802683078978376,3.765108125155164,-0.6781566,0.41172169,1.9178460000000002,-0.21733375220450227,0.04115540775567829,0.9752293318525577,-12.297624384185289,2.663281482445776,2.5775762040389156,2.6141185589916947,2.7366660400828393
05/10/2023 16:35:44.537700,3581,True,True,True,True,Eyes,1.372297,-0.3538996,-2.935125,-0.2919674,0.1784666,0.9396302,0.0,0.0,0.0,0.0,0.0,0.0,0.0,-1.140949,-0.07638294,3.060487,1.372365,-0.3551258,-2.943583,-0.06946834,-0.0386616,-0.005190094,0.9968212,352.016,355.5779,359.7121,0.4213087,-0.1085857,-0.9003931,0,0,0,0.6908805,0.05810598,-1.026497,-0.5323204,0.1337716,2.002284,0.9969566,-0.004975678,0.07779849,0.0157187,0.9902944,-0.1380937,-0.0763563,0.1388963,0.9873589,moving,-12.653939352376062,2.4897884856789205,-14.888075991803005,3.822222495222077,-0.6814845,0.41323178,1.9170859999999998,-0.21886502530219984,0.042388107429588415,0.974834115005402,-12.381098303479943,2.7346999133982406,2.5645369035290186,2.60129715976802,2.73269875685675
05/10/2023 16:35:44.558258,3582,True,True,True,True,Eyes,1.372195,-0.353894,-2.935132,-0.2934965,0.1794,0.9389757,0.0,0.0,0.0,0.0,0.0,0.0,0.0,-1.140761,-0.07590684,3.060613,1.372358,-0.35518,-2.943625,-0.06946135,-0.03868379,-0.005035217,0.9968218,352.0175,355.5741,359.7301,0.4212811,-0.1085851,-0.9004061,0,0,0,0.6875539,0.05983403,-1.027337,-0.5355277,0.1358102,2.002029,0.9969565,-0.004664371,0.07782118,0.01541248,0.9902996,-0.1380916,-0.07642217,0.1388707,0.9873573,moving,-12.742887121765673,2.55435919910821,-14.975582362063161,3.880787016626694,-0.6848040999999999,0.41501403,1.916288,-0.22036782348665812,0.04347160713554189,0.974447619139965,-12.46340246501833,2.7976840902552222,2.559708854094227,2.5969864826629165,2.7357192444091596
05/10/2023 16:35:44.573308,3583,True,True,True,True,Eyes,1.372092,-0.3538874,-2.935142,-0.295085,0.1803656,0.9382927,0.0,0.0,0.0,0.0,0.0,0.0,0.0,-1.140736,-0.07569849,3.06065,1.372363,-0.3551426,-2.943651,-0.06942374,-0.0386882,-0.005026397,0.9968242,352.0219,355.5735,359.731,0.4212537,-0.1085845,-0.900419,0,0,0,0.6845956,0.06158081,-1.028067,-0.5385239,0.1377146,2.001792,0.9969559,-0.004649109,0.07782856,0.01539262,0.9903102,-0.1380176,-0.07643276,0.1387954,0.9873672,moving,-12.839468131653947,2.6202250143266608,-15.057276034545652,3.9355000303521117,-0.6877674,0.41672340999999996,1.915584,-0.22199930989040356,0.044574867449282046,0.9740274561642056,-12.552995007298856,2.8619758078333137,2.540834665162386,2.5784918580266356,2.724679379259669
05/10/2023 16:35:44.593072,3584,True,True,True,True,Eyes,1.371992,-0.3538806,-2.935152,-0.2966171,0.1812982,0.9376296,0.0,0.0,0.0,0.0,0.0,0.0,0.0,-1.140708,-0.0761483,3.06069,1.372353,-0.3551181,-2.943701,-0.06948657,-0.03869085,-0.005041719,0.9968196,352.0146,355.5733,359.7296,0.4212263,-0.1085839,-0.9004319,0,0,0,0.6814538,0.06385824,-1.028954,-0.5417172,0.1397445,2.001538,0.9969552,-0.004674379,0.07783627,0.01542836,0.9902924,-0.138141,-0.07643493,0.1389213,0.9873493,moving,-12.932970036106562,2.6719201125226,-15.144306289555567,3.9938277276790615,-0.6908991999999999,0.41897634,1.914747,-0.22357984348020504,0.04543682474443041,0.9736259839786122,-12.640371648120865,2.9125694006726977,2.5377313869731553,2.5763244688560727,2.7274178737951633
05/10/2023 16:35:44.603222,3585,True,True,True,True,Eyes,1.371904,-0.3538736,-2.935163,-0.2982107,0.1822828,0.9369329,0.0,0.0,0.0,0.0,0.0,0.0,0.0,-1.140038,-0.07667428,3.060947,1.372351,-0.3551064,-2.943724,-0.06957538,-0.03879832,-0.005025348,0.9968093,352.0044,355.5607,359.7327,0.421199,-0.1085832,-0.9004447,0,0,0,0.677713,0.06629413,-1.030025,-0.5450976,0.141893,2.001271,0.9969389,-0.004619811,0.07804833,0.01541744,0.9902681,-0.1383168,-0.07664977,0.1390967,0.9873079,moving,-13.017912896269156,2.7246771474106692,-15.236368235543068,4.055566684246187,-0.6946380000000001,0.42140053,1.913699,-0.2250139055515365,0.04631761169259899,0.9732539858784437,-12.719442547599048,2.964123003375145,2.5474581678896793,2.58704678187527,2.7433855411053347
05/10/2023 16:35:44.623483,3586,True,True,True,True,Eyes,1.371821,-0.3538674,-2.935174,-0.2997393,0.1832375,0.9362587,0.0,0.0,0.0,0.0,0.0,0.0,0.0,-1.139654,-0.07723913,3.061128,1.37241,-0.355119,-2.94375,-0.06962541,-0.03887454,-0.005128604,0.9968024,351.9982,355.5527,359.7216,0.4211721,-0.1085825,-0.9004574,0,0,0,0.674585,0.06847431,-1.030941,-0.5481073,0.1438059,2.001032,0.9969249,-0.004811098,0.07821462,0.01563772,0.990252,-0.1384068,-0.0767863,0.1392043,0.9872822,moving,-13.104189179076796,2.776381046701114,-15.318296767743501,4.110544022790079,-0.6978249999999999,0.42359331,1.912809,-0.22647004490028894,0.04717951831908122,0.9728748092691429,-12.79985450299792,3.0146704138712876,2.5446183053643225,2.5850074005615644,2.746541535746646
05/10/2023 16:35:44.643044,3587,True,True,True,True,Eyes,1.371743,-0.3538593,-2.935185,-0.3012933,0.1842238,0.9355661,0.0,0.0,0.0,0.0,0.0,0.0,0.0,-1.139555,-0.0781638,3.061173,1.372424,-0.3551312,-2.943775,-0.06969897,-0.03890066,-0.005321619,0.9967951,351.9889,355.5513,359.6999,0.4211456,-0.1085817,-0.9004698,0,0,0,0.6713657,0.07105084,-1.031887,-0.5514183,0.1459106,2.000769,0.9969168,-0.005186454,0.07829379,0.0160318,0.9902275,-0.1385371,-0.07681014,0.1393652,0.9872576,moving,-13.19899610430008,2.8247581475593173,-15.408376170632893,4.171040237384317,-0.7010583000000001,0.42618204,1.911888,-0.22807080986214276,0.04798252770668285,0.9724615011938744,-12.888664984891355,3.06207199465408,2.545683460536195,2.5872448169611535,2.752953872286134
05/10/2023 16:35:44.653150,3588,True,True,True,True,Eyes,1.371667,-0.3538535,-2.935197,-0.3027866,0.1851708,0.9348968,0.0,0.0,0.0,0.0,0.0,0.0,0.0,-1.139551,-0.07814172,3.061161,1.372395,-0.3550961,-2.943778,-0.06964611,-0.03890146,-0.00542614,0.9967982,351.9945,355.552,359.6876,0.4211197,-0.1085809,-0.9004821,0,0,0,0.6683379,0.07295422,-1.032616,-0.5545331,0.1478906,2.000522,0.9969144,-0.005398862,0.07830962,0.0162362,0.9902399,-0.1384241,-0.07679798,0.1392684,0.9872721,moving,-13.292197760298174,2.887877303755607,-15.49306507486566,4.227957287825575,-0.7040571,0.42805032000000004,1.911162,-0.2296406312751582,0.04903520402580262,0.9720394571189663,-12.97514614972775,3.1236875988931634,2.5346378245961136,2.57674820268424,2.749423077567825
05/10/2023 16:35:44.673153,3589,True,True,True,True,Eyes,1.371603,-0.3538516,-2.93521,-0.3043114,0.1861314,0.9342107,0.0,0.0,0.0,0.0,0.0,0.0,0.0,-1.139372,-0.07813507,3.061249,1.372397,-0.3551447,-2.943793,-0.0696694,-0.0389289,-0.005384198,0.9967958,351.992,355.5485,359.6928,0.4210944,-0.10858,-0.900494,0,0,0,0.6650587,0.07494567,-1.033473,-0.5577468,0.1499332,2.000266,0.9969111,-0.005309587,0.07835855,0.0161582,0.9902344,-0.1384731,-0.0768581,0.1393115,0.9872614,moving,-13.382229670183445,2.9478117306701654,-15.580400780511384,4.28668234611279,-0.7073383000000001,0.43009037,1.9103199999999998,-0.2311563029614795,0.05003352637064909,0.9716292338492639,-13.05874120315569,3.1822059354872128,2.5309950032833135,2.5738163794599016,2.7529321033578094
05/10/2023 16:35:44.693035,3590,True,True,True,True,Eyes,1.371542,-0.3538499,-2.935224,-0.305776,0.187035,0.9335518,0.0,0.0,0.0,0.0,0.0,0.0,0.0,-1.139128,-0.07774246,3.06146,1.372479,-0.3552533,-2.943857,-0.06960151,-0.0389837,-0.005426867,0.9967982,351.9996,355.5425,359.688,0.4210698,-0.1085793,-0.9005055,0,0,0,0.6618633,0.0765882,-1.03433,-0.5608958,0.1519347,2.000017,0.9969016,-0.005392333,0.0784732,0.01624563,0.9902524,-0.1383342,-0.07696233,0.1391804,0.9872718,moving,-13.466844707354939,3.011882747339232,-15.665914154582692,4.344227601390808,-0.7106157,0.4318415,1.909527,-0.232578368564535,0.05110221058150158,0.9712342061695435,-13.136895889644508,3.2446751167351335,2.527877509346128,2.5711960726184016,2.7577072090603476
05/10/2023 16:35:44.703601,3591,True,True,True,True,Eyes,1.37144,-0.3538448,-2.935241,-0.3071624,0.1880039,0.9329018,0.0,0.0,0.0,0.0,0.0,0.0,0.0,-1.139044,-0.07627356,3.061563,1.372494,-0.3552533,-2.943886,-0.06937853,-0.03899893,-0.005376228,0.9968134,352.0254,355.5405,359.693,0.4210459,-0.1085785,-0.9005167,0,0,0,0.6586261,0.0776633,-1.034971,-0.5641117,0.1539788,1.999762,0.9969003,-0.005306814,0.0784953,0.01612957,0.9903154,-0.1378955,-0.07700332,0.1387342,0.9873314,moving,-13.550587443586844,3.1004782246219276,-15.753197690067301,4.403004912672656,-0.7138679000000001,0.4329166,1.908915,-0.2339796120900393,0.05258576877240223,0.9708183418544483,-13.212908716802225,3.3308039465104478,2.515919490979045,2.558919238855556,2.757296316961836
05/10/2023 16:35:44.723390,3592,True,True,True,True,Eyes,1.371344,-0.3538407,-2.935257,-0.3084899,0.1889432,0.9322738,0.0,0.0,0.0,0.0,0.0,0.0,0.0,-1.138958,-0.0770658,3.061587,1.372517,-0.3551099,-2.943904,-0.06951052,-0.03901267,-0.005315442,0.9968039,352.0105,355.5383,359.7007,0.4210217,-0.1085778,-0.9005281,0,0,0,0.6552811,0.08032908,-1.035939,-0.5674613,0.1561078,1.999496,0.9968995,-0.005173326,0.07851491,0.01602049,0.9902801,-0.138162,-0.077037,0.1389914,0.9872926,moving,-13.629894423507876,3.147200268863749,-15.84405695239303,4.464230462601735,-0.7172359,0.43543898,1.907965,-0.23531348988642684,0.05335973171972305,0.9704536515995805,-13.286867805903533,3.376491101586802,2.532029661530911,2.576253915190935,2.778919438995103
05/10/2023 16:35:44.744046,3593,True,True,True,True,Eyes,1.371227,-0.3538409,-2.935273,-0.3097517,0.1898678,0.9316674,0.0,0.0,0.0,0.0,0.0,0.0,0.0,-1.138997,-0.07797986,3.061554,1.372544,-0.3551334,-2.943894,-0.06954654,-0.03902329,-0.005601712,0.9967994,352.0051,355.5394,359.6679,0.4209974,-0.1085772,-0.9005396,0,0,0,0.652422,0.08273375,-1.036748,-0.570541,0.1580653,1.999252,0.9968916,-0.005739697,0.07857594,0.01659543,0.9902638,-0.1382107,-0.07701762,0.1390851,0.9872809,moving,-13.710681702023523,3.1927196857858244,-15.927539998899691,4.520528108003704,-0.720122,0.43786715,1.9071459999999998,-0.2366720058771612,0.0541123317880898,0.9700815731344591,-13.362317444410513,3.4210289154568425,2.538776460790088,2.584092861052296,2.790925514676303
05/10/2023 16:35:44.754082,3594,True,True,True,True,Eyes,1.371112,-0.353839,-2.935291,-0.3109666,0.1907487,0.9310825,0.0,0.0,0.0,0.0,0.0,0.0,0.0,-1.139859,-0.07750437,3.06124,1.372528,-0.355206,-2.943888,-0.06944432,-0.03888476,-0.005695173,0.9968115,352.0164,355.5562,359.6555,0.4209723,-0.1085767,-0.9005514,0,0,0,0.6497798,0.08444209,-1.03726,-0.5738199,0.1601495,1.998992,0.996911,-0.005953376,0.07831254,0.01675468,0.9902901,-0.1380029,-0.07673056,0.1388887,0.9873309,moving,-13.803331599751303,3.257904498958477,-16.016370639945123,4.580475601626892,-0.7227482,0.43964809000000005,1.9066279999999998,-0.23822621652435583,0.05519435398090909,0.9696400196581311,-13.448157221122527,3.484633715768993,2.5322072652052108,2.5781264738246517,2.792237383071333
05/10/2023 16:35:44.773211,3595,True,True,True,True,Eyes,1.371001,-0.3538387,-2.935306,-0.312171,0.1916698,0.9304902,0.0,0.0,0.0,0.0,0.0,0.0,0.0,-1.139558,-0.07702073,3.06138,1.372508,-0.3551491,-2.94392,-0.06939448,-0.03892634,-0.005596298,0.9968139,352.0226,355.5506,359.6671,0.4209466,-0.1085763,-0.9005634,0,0,0,0.6464118,0.08616459,-1.038081,-0.5770075,0.1621756,1.998739,0.9969069,-0.00575439,0.07838132,0.01655948,0.9903061,-0.1379111,-0.07682791,0.1387824,0.9873382,moving,-13.872127816233622,3.3252418501749497,-16.102676048399324,4.638757863014104,-0.7260962000000001,0.44131369,1.9058389999999998,-0.2393752908473859,0.05631750709192018,0.9692924565350547,-13.510892076962568,3.5501352299146163,2.542313187466068,2.588565187898966,2.8111284908187577
05/10/2023 16:35:44.793192,3596,True,True,True,True,Eyes,1.370896,-0.3538379,-2.935317,-0.3133207,0.1925536,0.9299212,0.0,0.0,0.0,0.0,0.0,0.0,0.0,-1.139318,-0.07722783,3.061444,1.372558,-0.3551947,-2.94387,-0.06947856,-0.03896918,-0.005494365,0.9968069,352.0134,355.5448,359.6796,0.4209205,-0.1085761,-0.9005756,0,0,0,0.643075,0.08832169,-1.03895,-0.5802326,0.1642257,1.998483,0.9969025,-0.005538597,0.07845297,0.01636869,0.990285,-0.1380852,-0.07692601,0.1389416,0.9873083,moving,-13.937016696405191,3.3751481579157785,-16.189942849304945,4.69773573422654,-0.729483,0.44351639,1.90492,-0.24046156194008209,0.057145966799280204,0.9689751100202736,-13.570785736297898,3.59878611793785,2.56520753114215,2.612453664169234,2.8403651599321638
05/10/2023 16:35:44.803628,3597,True,True,True,True,Eyes,1.370768,-0.3538401,-2.935329,-0.3144515,0.1934525,0.9293526,0.0,0.0,0.0,0.0,0.0,0.0,0.0,-1.139908,-0.07717326,3.061181,1.372616,-0.3551818,-2.943798,-0.06950182,-0.03887979,-0.005420233,0.9968092,352.0111,355.5545,359.6875,0.4208942,-0.1085759,-0.9005879,0,0,0,0.6402895,0.09033477,-1.039546,-0.5834398,0.1662642,1.998229,0.996918,-0.005401444,0.07826488,0.01621031,0.9902803,-0.1381386,-0.07675802,0.1389816,0.9873157,moving,-14.01646262516747,3.4324575369155537,-16.27666650712276,4.756383675330297,-0.7323265000000001,0.44551657,1.904252,-0.24179159459264865,0.058095348296176366,0.968587438503076,-13.644317049105116,3.654691164905926,2.571376296795572,2.6194087134281907,2.853592482582426
05/10/2023 16:35:44.823464,3598,True,True,True,True,Eyes,1.370645,-0.3538431,-2.935341,-0.315533,0.1943119,0.9288067,0.0,0.0,0.0,0.0,0.0,0.0,0.0,-1.140494,-0.07712486,3.060984,1.372656,-0.3552117,-2.943797,-0.06948581,-0.03879235,-0.005456056,0.9968135,352.0128,355.5649,359.6826,0.4208672,-0.108576,-0.9006006,0,0,0,0.637471,0.09234373,-1.040206,-0.586722,0.1683504,1.997968,0.9969308,-0.005486305,0.0780957,0.01626838,0.9902839,-0.1381055,-0.07657923,0.1389521,0.9873338,moving,-14.094342851205488,3.4881767856996224,-16.365369910561327,4.816411579837238,-0.7351850000000001,0.44755543000000003,1.903591,-0.24309479260993705,0.059017448733140424,0.968205524197452,-13.71642366446552,3.709049879344649,2.5819857188864805,2.6309259914874508,2.871091456297223
05/10/2023 16:35:44.848021,3599,True,True,True,True,Eyes,1.370497,-0.3538449,-2.935352,-0.3166292,0.1951528,0.9282572,0.0,0.0,0.0,0.0,0.0,0.0,0.0,-1.140788,-0.07685265,3.060885,1.372687,-0.3552375,-2.943783,-0.06943361,-0.03875122,-0.005486378,0.9968186,352.0186,355.5699,359.6785,0.4208396,-0.1085763,-0.9006134,0,0,0,0.634547,0.09415065,-1.040866,-0.5899141,0.1703794,1.997715,0.9969364,-0.005556573,0.07801775,0.01631912,0.9902978,-0.1380002,-0.07649399,0.1388506,0.9873547,moving,-14.167881494109999,3.5470144529536176,-16.45157671272117,4.8747964522647935,-0.73814,0.44938815,1.9029169999999997,-0.24432305030840157,0.05999258399722138,0.9678363663066473,-13.784180319298608,3.766385033735898,2.5919989435915456,2.641641324858905,2.8885254702648773
05/10/2023 16:35:44.853438,3600,True,True,True,True,Eyes,1.370354,-0.3538464,-2.935364,-0.3176768,0.1959658,0.9277278,0.0,0.0,0.0,0.0,0.0,0.0,0.0,-1.141057,-0.07740557,3.060751,1.372719,-0.3551663,-2.943756,-0.06944139,-0.0387205,-0.005662502,0.9968183,352.017,355.5749,359.658,0.420811,-0.1085768,-0.9006268,0,0,0,0.6316999,0.09646803,-1.041587,-0.5930862,0.1723956,1.997463,0.9969373,-0.005911362,0.07798101,0.01666658,0.9902917,-0.1380024,-0.07640816,0.1388794,0.9873572,moving,-14.239240604421068,3.592386453662926,-16.537193756902703,4.932819063131235,-0.7410191,0.45163433,1.902169,-0.24551712438977827,0.06074008312178279,0.9674874670270684,-13.850550695832219,3.8107092482223344,2.609477314245298,2.6603286021704724,2.9115599554728506
05/10/2023 16:35:44.873578,3601,True,True,True,True,Eyes,1.370237,-0.3538464,-2.935374,-0.3187352,0.1967809,0.9271921,0.0,0.0,0.0,0.0,0.0,0.0,0.0,-1.141245,-0.07799777,3.060665,1.372716,-0.3551622,-2.943756,-0.06945498,-0.03869812,-0.005864956,0.9968171,352.0146,355.5791,359.6345,0.4207814,-0.1085775,-0.9006405,0,0,0,0.6287837,0.09879072,-1.042359,-0.5962793,0.1744252,1.99721,0.9969361,-0.006317023,0.07796459,0.01706813,0.9902833,-0.1380139,-0.07633518,0.1389217,0.9873569,moving,-14.310754336658718,3.636355312700425,-16.623317477791442,4.991230166058258,-0.7439323000000001,0.45395292,1.901397,-0.24671356304980638,0.06146324862099509,0.9671373881215033,-13.917144542494164,3.8536805927266524,2.628077811122887,2.680230241973077,2.9355393009670987
05/10/2023 16:35:44.893270,3602,True,True,True,True,Eyes,1.370124,-0.3538467,-2.935385,-0.3197558,0.197574,0.9266719,0.0,0.0,0.0,0.0,0.0,0.0,0.0,-1.141515,-0.07872704,3.060559,1.372696,-0.3551688,-2.943779,-0.06951716,-0.03865626,-0.006009323,0.9968135,352.0068,355.5851,359.6178,0.4207518,-0.1085782,-0.9006543,0,0,0,0.6259083,0.1012058,-1.04316,-0.5994555,0.1764441,1.996958,0.9969392,-0.006605801,0.07790167,0.01735489,0.9902625,-0.1381267,-0.07623067,0.1390558,0.9873461,moving,-14.381217329196565,3.6753820800361052,-16.708933056151345,5.049338529517372,-0.7467876999999999,0.4563746,1.900619,-0.24789294463204037,0.06210270043150434,0.9667949161844103,-13.982987859081845,3.891874838765064,2.649311917117203,2.7029644523344714,2.961502897657915
05/10/2023 16:35:44.903650,3603,True,True,True,True,Eyes,1.369996,-0.3538491,-2.935396,-0.3208013,0.1983581,0.9261429,0.0,0.0,0.0,0.0,0.0,0.0,0.0,-1.141034,-0.07963216,3.060719,1.372676,-0.3551799,-2.943791,-0.06964976,-0.03873222,-0.00605021,0.996801,351.9914,355.5766,359.6143,0.4207221,-0.108579,-0.9006681,0,0,0,0.6223999,0.1038158,-1.044214,-0.6027495,0.1785379,1.996697,0.9969264,-0.006666331,0.07805943,0.01745709,0.9902247,-0.1383852,-0.07637384,0.1393226,0.9872975,moving,-14.438063755064201,3.709009002083503,-16.79766295843057,5.109606279709007,-0.7502761,0.4589957,1.899577,-0.2488434404479555,0.06265433721888616,0.9665151097170684,-14.035993701313009,3.924755167253606,2.6885416968029374,2.7439717809444,3.0051105211614213
05/10/2023 16:35:44.927836,3604,True,True,True,True,Eyes,1.369872,-0.3538491,-2.935407,-0.3218062,0.1991156,0.9256315,0.0,0.0,0.0,0.0,0.0,0.0,0.0,-1.140895,-0.07928285,3.060756,1.372636,-0.3552105,-2.943782,-0.06961489,-0.03874695,-0.006007113,0.9968031,351.9955,355.5746,359.6192,0.420692,-0.10858,-0.900682,0,0,0,0.6192195,0.105539,-1.044954,-0.6058664,0.180519,1.99645,0.9969252,-0.006581089,0.07808251,0.01737054,0.9902353,-0.1383192,-0.07640977,0.1392502,0.9873049,moving,-14.498668512451868,3.7630448897006255,-16.88156762807281,5.166634278594573,-0.7534164999999999,0.4607495,1.8988280000000002,-0.24985145665137815,0.06354879441681947,0.9661965258949151,-14.091539135757248,3.977358706745864,2.709287916739556,2.76555082539496,3.032925217299087
05/10/2023 16:35:44.944771,3605,True,True,True,True,Eyes,1.36973,-0.3538513,-2.93542,-0.3228625,0.1998881,0.9250971,0.0,0.0,0.0,0.0,0.0,0.0,0.0,-1.140684,-0.07976696,3.060822,1.372597,-0.355153,-2.943807,-0.06967846,-0.03877484,-0.006021552,0.9967975,351.9882,355.5714,359.6181,0.4206617,-0.108581,-0.900696,0,0,0,0.6159233,0.1078772,-1.04587,-0.6090947,0.182571,1.996193,0.9969205,-0.006600993,0.07814046,0.01740807,0.9902173,-0.1384436,-0.07646216,0.1393776,0.9872829,moving,-14.5615246954178,3.8050081481813938,-16.968423800445994,5.225710281025964,-0.7566737000000001,0.4630302,1.897937,-0.25090018918919116,0.06423842422133023,0.9658791905692234,-14.149895044243179,4.01832912420094,2.7371993457002213,2.79491643024521,3.0662474798030113
05/10/2023 16:35:44.953674,3606,True,True,True,True,Eyes,1.369592,-0.3538557,-2.935432,-0.3238796,0.2006229,0.9245823,0.0,0.0,0.0,0.0,0.0,0.0,0.0,-1.140421,-0.07967642,3.060938,1.372583,-0.3551803,-2.943825,-0.06969732,-0.03881208,-0.00594796,0.9967952,351.9863,355.5666,359.6269,0.4206306,-0.1085821,-0.9007104,0,0,0,0.6125814,0.1098199,-1.04674,-0.612296,0.1846059,1.99594,0.9969165,-0.006447599,0.0782045,0.01726799,0.9902138,-0.1384862,-0.07654627,0.1394096,0.9872718,moving,-14.61970395916661,3.8526677415636055,-17.054481438981906,5.284293110274505,-0.7600016,0.4650002,1.897085,-0.2518679599926026,0.0650249436338072,0.9655745751667475,-14.203441019392558,4.064761148718854,2.765574076910088,2.8244809386066567,3.100917554432555
05/10/2023 16:35:44.973526,3607,True,True,True,True,Eyes,1.369457,-0.3538607,-2.935443,-0.3249446,0.2013707,0.9240459,0.0,0.0,0.0,0.0,0.0,0.0,0.0,-1.140243,-0.07899344,3.060985,1.372555,-0.3552321,-2.943794,-0.06967957,-0.03882805,-0.005740313,0.996797,351.9893,355.563,359.6509,0.420599,-0.1085834,-0.9007249,0,0,0,0.6092329,0.1114022,-1.047481,-0.6154799,0.1866297,1.995687,0.9969189,-0.00603281,0.07820733,0.0168549,0.9902236,-0.138467,-0.07660741,0.1393585,0.9872743,moving,-14.681360697175059,3.910139726630206,-17.14002547305508,5.342563794871507,-0.7633221,0.4666343,1.896313,-0.2528910722527461,0.06597525791980334,0.9652426369114302,-14.259818078657782,4.120688502731599,2.785799699323943,2.845500165424369,3.1286696636562406
05/10/2023 16:35:44.993176,3608,True,True,True,True,Eyes,1.369328,-0.3538667,-2.935453,-0.325965,0.2020843,0.9235307,0.0,0.0,0.0,0.0,0.0,0.0,0.0,-1.139998,-0.07874638,3.061092,1.372539,-0.355256,-2.943809,-0.06971057,-0.03885773,-0.005574537,0.9967946,351.9865,355.5583,359.6704,0.4205671,-0.1085848,-0.9007397,0,0,0,0.6060132,0.1131647,-1.048302,-0.6185201,0.1885621,1.995446,0.996918,-0.005695749,0.07824356,0.01653093,0.9902188,-0.138541,-0.07668915,0.1394075,0.987261,moving,-14.739151892316693,3.9584814716539114,-17.22165066482855,5.39820472814741,-0.7665257999999999,0.4684207,1.8955069999999998,-0.2538510716351371,0.0667722814502588,0.9649359021373387,-14.312953833719552,4.167775871135942,2.8090344748679636,2.8697740696457497,3.15823881735851
05/10/2023 16:35:45.002976,3609,True,True,True,True,Eyes,1.369188,-0.3538711,-2.935464,-0.3269947,0.2028192,0.9230054,0.0,0.0,0.0,0.0,0.0,0.0,0.0,-1.140242,-0.07830536,3.060982,1.372525,-0.3552824,-2.94378,-0.06971531,-0.03880847,-0.005402503,0.9967972,351.9867,355.5626,359.6899,0.4205349,-0.1085865,-0.9007545,0,0,0,0.6029153,0.1149319,-1.048978,-0.621742,0.1906099,1.99519,0.9969295,-0.005359311,0.07812163,0.01618149,0.9902211,-0.1385647,-0.07661508,0.1394034,0.9872673,moving,-14.806554214889855,4.0117432963314545,-17.30810199315389,5.457173626661514,-0.7696097,0.4702143,1.8948019999999999,-0.2549709436978955,0.06764863820819766,0.9645794989342612,-14.375091983084317,4.219683871723505,2.82732167033324,2.889119264892987,3.1833832023092743
05/10/2023 16:35:45.023622,3610,True,True,True,True,Eyes,1.369054,-0.3538755,-2.935476,-0.3279808,0.2035211,0.9225008,0.0,0.0,0.0,0.0,0.0,0.0,0.0,-1.140406,-0.07818609,3.060921,1.372524,-0.3552319,-2.943784,-0.06970318,-0.03877985,-0.005365742,0.9967993,351.9883,355.5656,359.6938,0.4205023,-0.1085883,-0.9007695,0,0,0,0.5998042,0.1169185,-1.04972,-0.6249999,0.1926807,1.994932,0.9969347,-0.005290979,0.07805946,0.01610329,0.9902254,-0.138544,-0.07656342,0.1393763,0.9872752,moving,-14.871031372631649,4.060135054892512,-17.395452178578292,5.516806027981455,-0.7727198000000001,0.47215039999999997,1.894064,-0.25604233113037594,0.06844323997819386,0.9642395018277877,-14.434669167567277,4.266870095399522,2.8514478120207474,2.9145481175194536,3.2138101801212406
05/10/2023 16:35:45.045009,3611,True,True,True,True,Eyes,1.368955,-0.3538785,-2.935486,-0.3289873,0.2042317,0.9219853,0.0,0.0,0.0,0.0,0.0,0.0,0.0,-1.140596,-0.07788134,3.060892,1.372511,-0.3552346,-2.943825,-0.06968511,-0.03874304,-0.005288946,0.9968024,351.9907,355.5692,359.7023,0.4204694,-0.1085902,-0.9007846,0,0,0,0.596654,0.1187928,-1.050484,-0.6282893,0.1947716,1.994671,0.996942,-0.005144442,0.07797544,0.01594369,0.9902321,-0.1385147,-0.0765012,0.1393344,0.9872859,moving,-14.937135566132259,4.1112729037712805,-17.483589411999393,5.577022106990483,-0.775857,0.4740274,1.893341,-0.2571397179634235,0.06928293831650463,0.9638875267198933,-14.495668835593982,4.316718624020814,2.873832210601442,2.9381708452486635,3.2428435423393958
05/10/2023 16:35:45.058360,3612,True,True,True,True,Eyes,1.36886,-0.3538807,-2.935495,-0.3299494,0.2049115,0.9214905,0.0,0.0,0.0,0.0,0.0,0.0,0.0,-1.141217,-0.07755893,3.060683,1.37255,-0.3552542,-2.943819,-0.06964482,-0.03864751,-0.00527082,0.9968091,351.9954,355.5801,359.7035,0.4204372,-0.1085921,-0.9007995,0,0,0,0.5938847,0.1206097,-1.051077,-0.6315127,0.1968204,1.994415,0.9969572,-0.005124804,0.07778255,0.0158912,0.9902436,-0.1384378,-0.0763142,0.1392526,0.987312,moving,-15.008166510250524,4.161197347495747,-17.569899749226625,5.636029757523559,-0.7786652999999999,0.4758639,1.892742,-0.2583196868796592,0.07009995052250356,0.9635128474960765,-14.561481393682438,4.365433489669574,2.8903380781520305,2.955944489557176,3.265730527440938
05/10/2023 16:35:45.073471,3613,True,True,True,True,Eyes,1.368785,-0.3538817,-2.935503,-0.3309181,0.205616,0.9209861,0.0,0.0,0.0,0.0,0.0,0.0,0.0,-1.141504,-0.07738501,3.060564,1.372541,-0.3552358,-2.943808,-0.0696182,-0.03859904,-0.005261824,0.9968128,351.9985,355.5857,359.704,0.4204057,-0.1085939,-0.9008139,0,0,0,0.5909608,0.1224835,-1.051735,-0.6346672,0.1988255,1.994165,0.9969648,-0.005115717,0.07768467,0.0158645,0.9902512,-0.1383864,-0.0762194,0.1391988,0.9873268,moving,-15.074437912950014,4.210636243662027,-17.654302609092486,5.693780324554722,-0.7815802000000001,0.47771929999999996,1.8920730000000001,-0.25941908739127867,0.07090968034557399,0.9631581796813984,-14.622732357636812,4.413643784156352,2.908984999210937,2.975805473328075,3.290770084885015
05/10/2023 16:35:45.093236,3614,True,True,True,True,Eyes,1.368713,-0.3538812,-2.93551,-0.331842,0.2062953,0.9205016,0.0,0.0,0.0,0.0,0.0,0.0,0.0,-1.14164,-0.0774149,3.060537,1.372537,-0.3552425,-2.943836,-0.06963412,-0.03857454,-0.005237912,0.9968128,351.9968,355.5883,359.7066,0.4203753,-0.1085957,-0.9008279,0,0,0,0.5879251,0.1244829,-1.05251,-0.6378373,0.2008406,1.993913,0.9969692,-0.005070228,0.07763266,0.01581464,0.9902474,-0.1384203,-0.07617371,0.1392285,0.9873262,moving,-15.13484826032647,4.25404378205275,-17.73907087260488,5.751823961796182,-0.7846118999999999,0.4797254,1.891326,-0.26042121138115554,0.07161934109876908,0.9628351478898142,-14.678654289611474,4.455989432884629,2.9359067488631863,3.0042171827506845,3.3234525403231596
05/10/2023 16:35:45.103964,3615,True,True,True,True,Eyes,1.368652,-0.3538818,-2.935516,-0.3330047,0.2070878,0.9199036,0.0,0.0,0.0,0.0,0.0,0.0,0.0,-1.142081,-0.07770252,3.060319,1.372535,-0.3552069,-2.943793,-0.06967022,-0.03850339,-0.005258038,0.9968129,351.9926,355.5966,359.7039,0.4203461,-0.1085974,-0.9008413,0,0,0,0.5851651,0.1266286,-1.053149,-0.6409444,0.2028154,1.993667,0.9969797,-0.005117481,0.07749402,0.01584764,0.9902368,-0.1384914,-0.0760287,0.1393012,0.9873271,moving,-15.216094657455917,4.301526849514317,-17.822089193435396,5.808706747526492,-0.7873699000000001,0.48183549999999997,1.890644,-0.26177167449014044,0.07238985750970071,0.962411252733593,-14.754442257957024,4.502425655204152,2.9407770535297795,3.01044826670828,3.334190758326328
05/10/2023 16:35:45.123003,3616,True,True,True,True,Eyes,1.368594,-0.3538816,-2.935523,-0.3341204,0.2078503,0.9193268,0.0,0.0,0.0,0.0,0.0,0.0,0.0,-1.141856,-0.07760915,3.060383,1.372525,-0.3552621,-2.943768,-0.06966854,-0.03853825,-0.005246142,0.9968117,351.9928,355.5925,359.7055,0.4203182,-0.1085991,-0.9008541,0,0,0,0.5818843,0.1285355,-1.053954,-0.6441333,0.2048424,1.993414,0.9969746,-0.005089025,0.07756174,0.01582864,0.9902376,-0.1384885,-0.07609978,0.1392972,0.9873222,moving,-15.282006106137072,4.352071631839946,-17.907238448477756,5.867097221450744,-0.7906407,0.48379760000000005,1.8898139999999999,-0.2628627086814994,0.07321632960937845,0.9620512042337697,-14.81528761857735,4.551700412625999,2.9601159617019364,3.0310307468660067,3.360123316068642
05/10/2023 16:35:45.143585,3617,True,True,True,True,Eyes,1.368551,-0.3538831,-2.935529,-0.3353963,0.2086622,0.9186781,0.0,0.0,0.0,0.0,0.0,0.0,0.0,-1.141814,-0.07782173,3.060445,1.37254,-0.3552401,-2.943817,-0.06968591,-0.03854826,-0.005276874,0.9968099,351.9907,355.5916,359.7021,0.4202915,-0.1086005,-0.9008663,0,0,0,0.5787434,0.1306633,-1.054819,-0.6473342,0.2068769,1.99316,0.9969724,-0.005147539,0.07758604,0.01589262,0.9902321,-0.1385204,-0.07611515,0.1393341,0.9873158,moving,-15.361332035817151,4.4026527908895,-17.992648073503947,5.925706537584703,-0.7937966000000001,0.4859034,1.8889980000000002,-0.26417835666961437,0.0740380210759382,0.9616278960620066,-14.889060231179727,4.601111779642156,2.968066284318235,3.0403152477185706,3.3744345849033115
05/10/2023 16:35:45.153981,3618,True,True,True,True,Eyes,1.368512,-0.3538852,-2.935534,-0.3366217,0.2094382,0.918053,0.0,0.0,0.0,0.0,0.0,0.0,0.0,-1.141652,-0.0776898,3.060492,1.372554,-0.3553138,-2.943783,-0.06968633,-0.03857654,-0.005252538,0.9968089,351.9907,355.5882,359.7052,0.4202664,-0.108602,-0.9008779,0,0,0,0.5754179,0.1325971,-1.055629,-0.6506115,0.20896,1.9929,0.9969685,-0.005095039,0.07763895,0.01584807,0.9902325,-0.1385227,-0.07617485,0.1393332,0.9873114,moving,-15.434642904586948,4.4547536690915,-18.080032669233677,5.985718288963392,-0.7971361,0.48791090000000004,1.8881539999999999,-0.26539166893433136,0.07488654402325934,0.9612279162215548,-14.956954764384383,4.651944169326259,2.9828818628490015,3.0564586819057715,3.3959636337822685
05/10/2023 16:35:45.173276,3619,True,True,True,True,Eyes,1.368471,-0.3538861,-2.935541,-0.3379798,0.2102553,0.9173671,0.0,0.0,0.0,0.0,0.0,0.0,0.0,-1.141523,-0.0774779,3.060576,1.372595,-0.3553302,-2.943795,-0.06962163,-0.03860781,-0.005327592,0.9968118,351.9978,355.5852,359.6965,0.4202427,-0.1086034,-0.9008887,0,0,0,0.5753888,0.1324379,-1.055633,-0.6506115,0.2089601,1.9929,0.9969621,-0.005245335,0.07771126,0.01599709,0.9902489,-0.1383879,-0.07622761,0.1392107,0.9873245,static,-15.517742158188467,4.51371440281376,-18.080032669233677,5.985721132694636,-0.7972062,0.4877681,1.8881620000000001,-0.2667661403478307,0.07584581476435974,0.9607722265423746,-15.033919624124007,4.709470427631232,2.8838518994714764,2.9550188621744726,3.302668700575664
05/10/2023 16:35:45.192870,3620,True,True,True,True,Eyes,1.368436,-0.3538873,-2.935549,-0.3392839,0.2110452,0.9167041,0.0,0.0,0.0,0.0,0.0,0.0,0.0,-1.141385,-0.07712433,3.06066,1.37262,-0.3553083,-2.94381,-0.069537,-0.03863704,-0.005379094,0.9968165,352.0073,355.5822,359.6904,0.4202203,-0.1086047,-0.9008991,0,0,0,0.5753335,0.1322065,-1.055617,-0.6506114,0.2089601,1.9929,0.9969565,-0.005350531,0.07777616,0.01609735,0.9902713,-0.1382156,-0.07627998,0.1390469,0.9873435,static,-15.597480549923239,4.574008311345013,-18.08003007114106,5.985721132694636,-0.7972864999999999,0.4875148,1.888193,-0.26808277598421065,0.07682767980050324,0.9603276425450491,-15.107574478761501,4.768257776232689,2.7872254572044057,2.855868557070116,3.2121191249696985
05/10/2023 16:35:45.203794,3621,True,True,True,True,Eyes,1.36837,-0.3538894,-2.93556,-0.3406687,0.2119046,0.915992,0.0,0.0,0.0,0.0,0.0,0.0,0.0,-1.141288,-0.07763413,3.060745,1.372695,-0.3553168,-2.943838,-0.06959563,-0.03866712,-0.005440548,0.9968109,352.0003,355.5792,359.6838,0.4201991,-0.108606,-0.9009088,0,0,0,0.5753402,0.1325099,-1.055754,-0.6506115,0.20896,1.9929,0.9969505,-0.005464267,0.07784489,0.01622852,0.9902537,-0.1383266,-0.07633033,0.1391681,0.9873226,static,-15.681977316606812,4.622248121383769,-18.080032669233677,5.985718288963392,-0.7973548,0.4878267,1.8880839999999999,-0.26948246012989346,0.07760471928896172,0.9598733134905206,-15.186455079144677,4.815448854776307,2.691880810643538,2.758572161851484,3.121269264010689
05/10/2023 16:35:45.228089,3622,True,True,True,True,Eyes,1.368307,-0.3538898,-2.935569,-0.3419963,0.2127306,0.9153055,0.0,0.0,0.0,0.0,0.0,0.0,0.0,-1.141479,-0.07849297,3.060688,1.372713,-0.3553057,-2.943869,-0.0696669,-0.03864526,-0.005605785,0.9968058,351.9914,355.5831,359.6649,0.4201782,-0.1086072,-0.9009184,0,0,0,0.5755627,0.1330356,-1.055832,-0.6506115,0.2089601,1.9929,0.9969502,-0.005791167,0.0778247,0.01656035,0.9902301,-0.1384555,-0.07626255,0.139322,0.9873061,static,-15.770538949291188,4.663344936214615,-18.080032669233677,5.985721132694636,-0.7971503000000001,0.4883413,1.8880369999999997,-0.2709518738770947,0.07825965791177221,0.9594062975123332,-15.269632452880593,4.855777659192877,2.5962038015376137,2.6612854126287853,3.029046323413804
05/10/2023 16:35:45.243372,3623,True,True,True,True,Eyes,1.368252,-0.3538885,-2.935578,-0.3434015,0.2135897,0.914579,0.0,0.0,0.0,0.0,0.0,0.0,0.0,-1.141524,-0.07866159,3.060627,1.372732,-0.355265,-2.943824,-0.06966754,-0.03864383,-0.005657753,0.9968055,351.9911,355.5836,359.6589,0.4201578,-0.1086084,-0.9009277,0,0,0,0.575624,0.1331538,-1.055789,-0.6506115,0.20896,1.9929,0.9969493,-0.005894918,0.07782907,0.0166638,0.9902288,-0.1384527,-0.07625242,0.1393272,0.9873062,static,-15.860113201789657,4.7188340015676955,-18.080032669233677,5.985718288963392,-0.797108,0.4884188,1.8880350000000001,-0.27243213422392476,0.07915439410656527,0.9589135579003772,-15.35302224903563,4.910002732621917,2.493238116655008,2.555980876217004,2.9315098140759783
05/10/2023 16:35:45.259063,3624,True,True,True,True,Eyes,1.368199,-0.3538904,-2.935585,-0.3447496,0.2144158,0.9138783,0.0,0.0,0.0,0.0,0.0,0.0,0.0,-1.141093,-0.0792276,3.060778,1.372713,-0.3552434,-2.94384,-0.06974558,-0.0387114,-0.00568223,0.9967972,351.982,355.576,359.657,0.4201379,-0.1086095,-0.9009369,0,0,0,0.5753675,0.1335054,-1.05599,-0.6506115,0.20896,1.9929,0.9969383,-0.005928164,0.07796744,0.01672796,0.9902065,-0.1386044,-0.0763822,0.1394843,0.987274,static,-15.937575804847764,4.764075007350887,-18.080032669233677,5.985718288963392,-0.7973455,0.4887488,1.8878499999999998,-0.27371240085760806,0.07988135198961846,0.958488633433785,-15.425282260484371,4.954246720662594,2.40544955686071,2.4662793279073822,2.8480929284290424
05/10/2023 16:35:45.274777,3625,True,True,True,True,Eyes,1.368141,-0.3538947,-2.935592,-0.3461689,0.2152298,0.9131502,0.0,0.0,0.0,0.0,0.0,0.0,0.0,-1.140997,-0.07932466,3.060781,1.372692,-0.3553261,-2.943808,-0.06974053,-0.0387278,-0.005766528,0.9967965,351.9822,355.5748,359.6474,0.4201185,-0.1086106,-0.9009458,0,0,0,0.5753428,0.1335238,-1.055986,-0.6506115,0.20896,1.9929,0.9969338,-0.006094315,0.07801178,0.0168979,0.990206,-0.1385876,-0.07640314,0.1394809,0.9872728,static,-16.026600521994006,4.816377549873603,-18.080032669233677,5.985718288963392,-0.7973492,0.48884989999999995,1.8878220000000001,-0.2751826815943607,0.08072104740752635,0.9579972161500571,-15.508311459114523,5.00539262249629,2.30444974740653,2.363036467643355,2.7522333467405877
05/10/2023 16:35:45.291102,3626,True,True,True,True,Eyes,1.368086,-0.3538955,-2.935599,-0.3475317,0.2160206,0.9124455,0.0,0.0,0.0,0.0,0.0,0.0,0.0,-1.140198,-0.07806861,3.061103,1.372705,-0.3553798,-2.943788,-0.06965097,-0.03884954,-0.005497543,0.9967996,351.9936,355.5586,359.679,0.4200996,-0.1086118,-0.9009545,0,0,0,0.5746934,0.1327274,-1.056054,-0.6506114,0.20896,1.9929,0.996921,-0.005548081,0.07821622,0.01637171,0.990237,-0.1384289,-0.07668458,0.1392832,0.9872789,static,-16.094577915004773,4.88929528172954,-18.08003007114106,5.985718288963392,-0.7980116,0.4881072,1.887734,-0.2762921105402804,0.0819130526439504,0.9575765734703661,-15.569961053866114,5.076273040926674,2.2128888038743666,2.268074883044639,2.6697447688234504
05/10/2023 16:35:45.307081,3627,True,True,True,True,Eyes,1.368029,-0.3538957,-2.935603,-0.3489444,0.2168284,0.9117144,0.0,0.0,0.0,0.0,0.0,0.0,0.0,-1.140059,-0.07899258,3.061113,1.372719,-0.3553025,-2.943771,-0.06976883,-0.03887612,-0.00555055,0.99679,351.9799,355.5559,359.6736,0.420081,-0.1086129,-0.900963,0,0,0,0.5746488,0.1333323,-1.056199,-0.6506114,0.20896,1.9929,0.9969157,-0.005640782,0.07827718,0.01649015,0.990203,-0.1386582,-0.07672815,0.1395213,0.9872419,static,-16.18117552863459,4.928534987473298,-18.08003007114106,5.985718288963392,-0.7980702000000001,0.48863480000000004,1.8875719999999998,-0.2777248163175596,0.08253335273425733,0.9571087026002327,-15.651343988060004,5.114794862614415,2.1197829541755935,2.1733120131603174,2.5801208701754734
05/10/2023 16:35:45.323343,3628,True,True,True,True,Eyes,1.367975,-0.3538955,-2.935604,-0.3502928,0.2176228,0.9110079,0.0,0.0,0.0,0.0,0.0,0.0,0.0,-1.140197,-0.08074772,3.060964,1.372759,-0.3552934,-2.943699,-0.07005986,-0.03885903,-0.005549994,0.9967702,351.9464,355.5578,359.6748,0.4200628,-0.108614,-0.9009714,0,0,0,0.5747682,0.1344607,-1.056383,-0.6506115,0.20896,1.9929,0.9969183,-0.00561922,0.07824471,0.01650906,0.9901216,-0.1392358,-0.07668938,0.1400985,0.9871632,static,-16.267220502833375,4.949338151870303,-18.080032669233677,5.985718288963392,-0.7979908000000001,0.48975409999999997,1.887316,-0.279154643846109,0.08284510594397156,0.9566658224868152,-15.733172404389645,5.13552113141111,2.035351470708335,2.088150315281457,2.496114642682459
05/10/2023 16:35:45.342966,3629,True,True,True,True,Eyes,1.367906,-0.3538975,-2.935606,-0.3516622,0.2184056,0.9102926,0.0,0.0,0.0,0.0,0.0,0.0,0.0,-1.140291,-0.08242342,3.060869,1.372762,-0.3553367,-2.943677,-0.07025779,-0.03885207,-0.005759384,0.9967554,351.9228,355.5602,359.6515,0.4200451,-0.108615,-0.9009795,0,0,0,0.5749567,0.1354813,-1.056559,-0.6506115,0.20896,1.9929,0.9969147,-0.006022071,0.07826129,0.01694071,0.9900613,-0.1396121,-0.07664272,0.1405072,0.9871087,static,-16.35739290417186,4.972240558247991,-18.080032669233677,5.985718288963392,-0.7978053,0.490818,1.887118,-0.2806517920118206,0.08318965802456006,0.9561976673644789,-15.818867556111243,5.158304412868146,1.9466796306567904,1.9986557659657835,2.407795961280139
05/10/2023 16:35:45.353077,3630,True,True,True,True,Eyes,1.367838,-0.3538994,-2.935609,-0.3529758,0.2191226,0.9096117,0.0,0.0,0.0,0.0,0.0,0.0,0.0,-1.141292,-0.08111146,3.060455,1.372697,-0.3553312,-2.943629,-0.06995071,-0.03869072,-0.005985786,0.9967819,351.9571,355.5808,359.6227,0.4200274,-0.1086161,-0.9009877,0,0,0,0.5756567,0.1346464,-1.05597,-0.6506115,0.20896,1.9929,0.9969344,-0.006520158,0.07796985,0.01734593,0.9901421,-0.138988,-0.076295,0.1399144,0.9872199,static,-16.463933166737192,5.048354861607051,-18.080032669233677,5.985718288963392,-0.7970403,0.4899776,1.887659,-0.2824001573145626,0.08441470874285203,0.9555754193625217,-15.917515331403,5.232561342468105,1.819850992032556,1.8682686629375909,2.2899184750711954
05/10/2023 16:35:45.373285,3631,True,True,True,True,Eyes,1.367769,-0.3539011,-2.935613,-0.3543229,0.2198153,0.9089205,0.0,0.0,0.0,0.0,0.0,0.0,0.0,-1.14152,-0.07824725,3.060441,1.372648,-0.3553206,-2.943651,-0.06958165,-0.03863673,-0.005731816,0.9968112,352.0006,355.5851,359.6499,0.4200097,-0.1086173,-0.9009958,0,0,0,0.575615,0.1328755,-1.055526,-0.6506115,0.20896,1.9929,0.9969487,-0.006050264,0.07782471,0.01680389,0.9902511,-0.1382766,-0.0762294,0.1391625,0.9873312,static,-16.5523679607324,5.147845124971035,-18.080032669233677,5.985718288963392,-0.7970330000000001,0.4881961,1.888125,-0.2838352086526904,0.08603585782245982,0.955005426370231,-15.997472460747108,5.329239209329084,1.6988516449949147,1.7423521172652947,2.18358004294991
05/10/2023 16:35:45.383198,3632,True,True,True,True,Eyes,1.367705,-0.3539026,-2.935618,-0.3556172,0.2204677,0.9082568,0.0,0.0,0.0,0.0,0.0,0.0,0.0,-1.140893,-0.07688606,3.060725,1.372627,-0.3553162,-2.943676,-0.06946307,-0.0387248,-0.005467524,0.9968177,352.0154,355.5728,359.6806,0.4199919,-0.1086184,-0.901004,0,0,0,0.5750634,0.1320351,-1.055558,-0.6506115,0.20896,1.9929,0.996941,-0.005520362,0.0779627,0.01628013,0.99029,-0.1380606,-0.07644354,0.1389075,0.9873505,static,-16.620089209087045,5.216054419945107,-18.080032669233677,5.985718288963392,-0.7975636,0.48735130000000004,1.888118,-0.2849362710476778,0.0871430181434978,0.9545770949774862,-16.059124977924736,5.3955740201825115,1.6102805320438272,1.6503991572032262,2.105311890140403
05/10/2023 16:35:45.403402,3633,True,True,True,True,Eyes,1.367638,-0.3539048,-2.935624,-0.3568968,0.221122,0.9075955,0.0,0.0,0.0,0.0,0.0,0.0,0.0,-1.140873,-0.07588643,3.060809,1.372681,-0.3553109,-2.943706,-0.06933612,-0.03873301,-0.005370603,0.9968267,352.0304,355.5711,359.6913,0.4199743,-0.1086196,-0.9010121,0,0,0,0.5750111,0.1314116,-1.05547,-0.6506115,0.2089601,1.9929,0.9969418,-0.00533593,0.07796494,0.01607831,0.9903273,-0.1378161,-0.07647543,0.1386482,0.9873846,static,-16.698983997178622,5.27943267052063,-18.080032669233677,5.985721132694636,-0.7976699,0.48672249999999995,1.8882360000000002,-0.2862246024106744,0.08816354640798138,0.9540977530704646,-16.131803112114778,5.4573313935949015,1.5141798025642752,1.551173370834206,2.0186119299205556
05/10/2023 16:35:45.427379,3634,True,True,True,True,Eyes,1.36757,-0.3539063,-2.93563,-0.3581264,0.2217515,0.9069574,0.0,0.0,0.0,0.0,0.0,0.0,0.0,-1.141209,-0.07504213,3.060698,1.372647,-0.3553263,-2.943712,-0.06923823,-0.03866923,-0.005279616,0.9968365,352.042,355.5778,359.7008,0.4199567,-0.1086208,-0.9010201,0,0,0,0.5751532,0.1308934,-1.055273,-0.6506114,0.20896,1.9929,0.9969536,-0.005171049,0.07782489,0.01588061,0.9903564,-0.1376301,-0.07636268,0.1384467,0.9874216,static,-16.782938344470114,5.338039059936364,-18.08003007114106,5.985718288963392,-0.7974937999999999,0.4862197,1.8884390000000002,-0.28759824114183685,0.08910115382210271,0.9535975081886812,-16.20961092991451,5.514522177950287,1.4157048294895558,1.4498052735147784,1.928858091955065
05/10/2023 16:35:45.443155,3635,True,True,True,True,Eyes,1.367516,-0.3539059,-2.935636,-0.3593141,0.2223689,0.9063363,0.0,0.0,0.0,0.0,0.0,0.0,0.0,-1.141065,-0.07520401,3.060718,1.372572,-0.3553138,-2.943718,-0.06930603,-0.03867538,-0.005175903,0.9968321,352.0347,355.5762,359.7132,0.419939,-0.108622,-0.9010282,0,0,0,0.574984,0.1310162,-1.055347,-0.6506115,0.20896,1.9929,0.9969549,-0.004958139,0.07782316,0.01567989,0.9903398,-0.1377726,-0.07638828,0.1385733,0.9874018,static,-16.855433708647684,5.377148360048772,-18.080032669233677,5.985718288963392,-0.7975879999999999,0.48633000000000004,1.888371,-0.2887885223776237,0.0897184784771197,0.9531798480908041,-16.277408713838334,5.552811447328394,1.3352904516370587,1.367479423116648,1.8538774118316304
05/10/2023 16:35:45.453874,3636,True,True,True,True,Eyes,1.367465,-0.3539052,-2.935642,-0.3604529,0.2229635,0.9057378,0.0,0.0,0.0,0.0,0.0,0.0,0.0,-1.140835,-0.07542989,3.06083,1.372574,-0.3552864,-2.943753,-0.06937994,-0.03870774,-0.00507346,0.9968263,352.0267,355.5717,359.7256,0.4199217,-0.1086231,-0.9010361,0,0,0,0.5747931,0.1311771,-1.055498,-0.6506115,0.2089601,1.9929,0.9969519,-0.004743634,0.07787378,0.0154858,0.9903213,-0.1379267,-0.07646579,0.1387123,0.9873763,static,-16.92189154618712,5.4138654542914555,-18.080032669233677,5.985721132694636,-0.7977809,0.4864635,1.888255,-0.2898786702492379,0.09029819820571232,0.952794085694719,-16.339514307875255,5.588746538661324,1.261257264757005,1.2916306661788055,1.7852151115576296
05/10/2023 16:35:45.478059,3637,True,True,True,True,Eyes,1.367424,-0.3539051,-2.935648,-0.361554,0.2235374,0.9051573,0.0,0.0,0.0,0.0,0.0,0.0,0.0,-1.140916,-0.07564172,3.06081,1.372615,-0.3552789,-2.943752,-0.06940921,-0.03870153,-0.005084606,0.9968244,352.0233,355.5724,359.7244,0.4199047,-0.1086241,-0.901044,0,0,0,0.5748672,0.1313137,-1.055515,-0.6506115,0.2089601,1.9929,0.9969527,-0.004764433,0.07786308,0.0155094,0.9903131,-0.137984,-0.07645141,0.1387711,0.9873691,static,-16.992585356395733,5.4500998962945655,-18.080032669233677,5.985721132694636,-0.7977477999999999,0.48659260000000004,1.888237,-0.2910389205668791,0.0908672876477182,0.9523862055956412,-16.40572823525564,5.624247920856542,1.1836251886896654,1.2122012073419195,1.7128800951949503
05/10/2023 16:35:45.492883,3638,True,True,True,True,Eyes,1.367383,-0.353906,-2.935656,-0.3626125,0.2240926,0.9045964,0.0,0.0,0.0,0.0,0.0,0.0,0.0,-1.140871,-0.07523614,3.060867,1.372596,-0.3553067,-2.943789,-0.06937224,-0.03870268,-0.005021088,0.9968272,352.0278,355.5718,359.7315,0.4198883,-0.1086251,-0.9010515,0,0,0,0.5747967,0.1310519,-1.055514,-0.6506115,0.2089601,1.9929,0.9969538,-0.004640531,0.07785641,0.0153801,0.9903245,-0.1379156,-0.07646311,0.1386929,0.9873792,static,-17.05875379846451,5.495443430504244,-18.080032669233677,5.985721132694636,-0.7977992999999999,0.4863586,1.8882750000000001,-0.29211918385769525,0.09158943491284925,0.9519861990904221,-16.467097237929114,5.668505387810913,1.106606629365129,1.1328648450475605,1.6438328790846637
05/10/2023 16:35:45.503762,3639,True,True,True,True,Eyes,1.367349,-0.3539052,-2.935664,-0.363609,0.2246315,0.9040626,0.0,0.0,0.0,0.0,0.0,0.0,0.0,-1.140655,-0.07561159,3.06097,1.372564,-0.3553335,-2.943834,-0.06943747,-0.03873168,-0.005020266,0.9968216,352.0203,355.5685,359.7321,0.4198724,-0.108626,-0.9010587,0,0,0,0.5746559,0.1312723,-1.055668,-0.6506115,0.2089601,1.9929,0.9969493,-0.00462976,0.07791432,0.01538748,0.9903064,-0.1380446,-0.07651994,0.1388224,0.9873566,static,-17.118577858337552,5.525386044103151,-18.080032669233677,5.985721132694636,-0.7979080999999999,0.48660580000000003,1.8881659999999998,-0.293100305076893,0.09205802166931329,0.9516393918928401,-16.523168458108373,5.697852868333375,1.0412293687790208,1.0659754908926538,1.5832543413833364
05/10/2023 16:35:45.523434,3640,True,True,True,True,Eyes,1.367317,-0.353903,-2.935672,-0.3645593,0.2251527,0.90355,0.0,0.0,0.0,0.0,0.0,0.0,0.0,-1.140298,-0.07623357,3.061107,1.37255,-0.3553058,-2.943863,-0.06950732,-0.03878966,-0.005083889,0.9968142,352.012,355.5622,359.7256,0.4198572,-0.1086269,-0.9010658,0,0,0,0.5744677,0.1316559,-1.055863,-0.6506114,0.20896,1.9929,0.996939,-0.004743054,0.07803889,0.01552771,0.9902858,-0.1381774,-0.07662541,0.1389662,0.9873282,static,-17.173365616961526,5.550873381757571,-18.08003007114106,5.985718288963392,-0.7980822999999999,0.4869617,1.888,-0.2939992780917132,0.0924546262453132,0.9513234941917345,-16.574621945912547,5.722862872179094,0.9820935221387259,1.0055498624113635,1.5281840836878497
05/10/2023 16:35:45.543064,3641,True,True,True,True,Eyes,1.367275,-0.3539017,-2.935678,-0.3652982,0.2256921,0.903117,0.0,0.0,0.0,0.0,0.0,0.0,0.0,-1.140729,-0.07661313,3.06091,1.37255,-0.3552716,-2.94384,-0.06954496,-0.03872159,-0.005136112,0.9968139,352.0074,355.5705,359.7192,0.4198426,-0.1086276,-0.9010725,0,0,0,0.5747679,0.1319159,-1.055771,-0.6506116,0.2089601,1.9929,0.9969485,-0.004853712,0.07791082,0.01562528,0.9902743,-0.138249,-0.07648205,0.1390445,0.9873282,static,-17.229402999870732,5.581411234860181,-18.08003526732622,5.985721132694636,-0.7977820999999999,0.4871875,1.8880689999999998,-0.29491637152277805,0.09293418187676812,0.9509929475350406,-16.62701190098632,5.752756108982291,0.9199463221254176,0.9418289377181888,1.4715806486234537
05/10/2023 16:35:45.553429,3642,True,True,True,True,Eyes,1.367236,-0.3539056,-2.935686,-0.3660058,0.2262029,0.9027026,0.0,0.0,0.0,0.0,0.0,0.0,0.0,-1.140693,-0.07649285,3.060905,1.372521,-0.3552803,-2.94383,-0.06951745,-0.0387241,-0.005158472,0.9968156,352.0105,355.5704,359.7165,0.4198283,-0.1086282,-0.9010791,0,0,0,0.574744,0.1318335,-1.05574,-0.6506115,0.20896,1.9929,0.9969477,-0.00490009,0.07791878,0.01566809,0.9902814,-0.1381926,-0.07648435,0.1389916,0.9873356,static,-17.275172020203346,5.618247764259468,-18.080032669233677,5.985718288963392,-0.7977770000000001,0.4871138,1.8880900000000003,-0.2956595694593953,0.0935230844980644,0.9507043879681332,-16.66917080593334,5.788649906035681,0.8648437039496214,0.88477977535865,1.424558578951754
05/10/2023 16:35:45.573392,3643,True,True,True,True,Eyes,1.36719,-0.3539105,-2.935695,-0.3665488,0.2266824,0.902362,0.0,0.0,0.0,0.0,0.0,0.0,0.0,-1.140835,-0.07580015,3.060907,1.372541,-0.3554037,-2.943845,-0.06942391,-0.03870469,-0.005156612,0.9968229,352.0212,355.5727,359.7161,0.4198144,-0.1086289,-0.9010855,0,0,0,0.5748326,0.1313493,-1.055633,-0.6506115,0.2089601,1.9929,0.9969507,-0.004906396,0.07787941,0.01565452,0.9903075,-0.1380075,-0.07644743,0.1388058,0.9873645,static,-17.313003450274298,5.661033677451356,-18.080032669233677,5.985721132694636,-0.7977084,0.486753,1.888212,-0.29626786075175204,0.09421441657128785,0.9504467952973021,-16.70336364342014,5.83022483069996,0.8152657669029723,0.8329200239697641,1.3854229341859525
05/10/2023 16:35:45.583194,3644,True,True,True,True,Eyes,1.367148,-0.3539134,-2.935704,-0.3670709,0.2271449,0.9020333,0.0,0.0,0.0,0.0,0.0,0.0,0.0,-1.140814,-0.074009,3.060997,1.372517,-0.3554208,-2.943893,-0.06914812,-0.03870343,-0.005111489,0.9968423,352.0531,355.5725,359.7201,0.4198006,-0.1086298,-0.9010918,0,0,0,0.5747684,0.1302066,-1.055409,-0.6506114,0.20896,1.9929,0.9969518,-0.00483816,0.07786933,0.01554324,0.9903848,-0.1374639,-0.07645552,0.1382552,0.9874412,static,-17.347490852525297,5.724985713833276,-18.08003007114106,5.985718288963392,-0.7977486,0.4856274,1.888484,-0.29681024763152936,0.09525841161037976,0.9501733723116471,-16.733210487552153,5.892199885197397,0.7632829463021201,0.7775571892434497,1.3500624735846622
05/10/2023 16:35:45.603306,3645,True,True,True,True,Eyes,1.36709,-0.3539163,-2.935714,-0.3674432,0.2276008,0.9017669,0.0,0.0,0.0,0.0,0.0,0.0,0.0,-1.1409,-0.07422471,3.060997,1.372588,-0.3553743,-2.943904,-0.0692272,-0.03869464,-0.004988349,0.9968377,352.0446,355.5725,359.7346,0.419787,-0.1086307,-0.901098,0,0,0,0.5747895,0.1303798,-1.055473,-0.6506115,0.2089601,1.9929,0.9969557,-0.004587707,0.07783521,0.01530259,0.9903654,-0.1376305,-0.07645388,0.1384026,0.9874207,static,-17.3704764186717,5.750768347947891,-18.080032669233677,5.985721132694636,-0.7977985,0.48575409999999997,1.8884309999999997,-0.2971795324279648,0.09567447617252096,0.9500162585121898,-16.75399663229094,5.917254208320993,0.7345081931441803,0.7474442345565466,1.3278024292054864
05/10/2023 16:35:45.628183,3646,True,True,True,True,Eyes,1.36703,-0.3539174,-2.935724,-0.3677839,0.2280384,0.9015174,0.0,0.0,0.0,0.0,0.0,0.0,0.0,-1.141207,-0.0751957,3.06087,1.372587,-0.355353,-2.94392,-0.06929335,-0.03865355,-0.005208638,0.9968336,352.036,355.579,359.7091,0.4197732,-0.1086316,-0.9011043,0,0,0,0.5751051,0.1309772,-1.055504,-0.6506115,0.20896,1.9929,0.9969575,-0.005027423,0.07778415,0.01574116,0.9903426,-0.1377452,-0.07634045,0.1385505,0.9874087,static,-17.40145569715665,5.763344020388594,-18.080032669233677,5.985718288963392,-0.7974819,0.48633019999999993,1.8884159999999999,-0.2976876053009252,0.09586709330698213,0.9498377343249746,-16.78318797831433,5.929624223044951,0.7018125182525419,0.7140847445208478,1.2980572778567818
05/10/2023 16:35:45.646733,3647,True,True,True,True,Eyes,1.366946,-0.3539196,-2.935734,-0.3680418,0.2284402,0.9013103,0.0,0.0,0.0,0.0,0.0,0.0,0.0,-1.142448,-0.07520226,3.060337,1.372483,-0.3553097,-2.9439,-0.06926858,-0.03843698,-0.005267743,0.9968435,352.0387,355.6045,359.7005,0.4197591,-0.1086325,-0.9011108,0,0,0,0.5758731,0.1310281,-1.055118,-0.6506115,0.20896,1.9929,0.9969897,-0.00517728,0.07736107,0.01582718,0.9903483,-0.1376949,-0.07590153,0.1385048,0.9874489,static,-17.444611050675324,5.791063949343709,-18.080032669233677,5.985718288963392,-0.7966098999999999,0.48633780000000004,1.8887820000000002,-0.2983902566500182,0.09630447123621823,0.9495728787015867,-16.823311442039625,5.956700669585847,0.6537406471787278,0.6645682397347117,1.2570561901181927
05/10/2023 16:35:45.659902,3648,True,True,True,True,Eyes,1.366868,-0.353922,-2.935741,-0.3682924,0.2288341,0.901108,0.0,0.0,0.0,0.0,0.0,0.0,0.0,-1.142163,-0.0743846,3.060439,1.372428,-0.3552989,-2.943902,-0.06922089,-0.03846523,-0.005051621,0.9968467,352.0451,355.5995,359.7254,0.4197442,-0.1086335,-0.9011176,0,0,0,0.5755551,0.130541,-1.055103,-0.6506114,0.20896,1.9929,0.9969898,-0.004746188,0.07738721,0.01539658,0.990366,-0.1376166,-0.07598851,0.1383938,0.9874578,static,-17.454518415386456,5.830391581410396,-18.08003007114106,5.985718288963392,-0.7968729,0.4858399,1.8887990000000001,-0.29853560647864646,0.09695161571199305,0.9494613424251832,-16.830773905143932,5.99472703436452,0.6356209502162362,0.6445085085273274,1.2492886479014953
05/10/2023 16:35:45.676018,3649,True,True,True,True,Eyes,1.366771,-0.353928,-2.935747,-0.3684722,0.2292163,0.9009374,0.0,0.0,0.0,0.0,0.0,0.0,0.0,-1.142105,-0.07501495,3.060438,1.37251,-0.355306,-2.943855,-0.06939119,-0.03848055,-0.004896932,0.9968352,352.0262,355.5965,359.7441,0.4197287,-0.1086345,-0.9011247,0,0,0,0.5754769,0.1309641,-1.055234,-0.6506114,0.20896,1.9929,0.9969905,-0.004422446,0.07739713,0.01510329,0.9903218,-0.1379663,-0.07603791,0.13872,0.9874082,static,-17.461563315693184,5.841599286758575,-18.08003007114106,5.985718288963392,-0.7970330999999999,0.48627010000000004,1.888621,-0.2986470330404298,0.09713379691093509,0.9494077355020359,-16.83696932893379,6.005595844078245,0.6266916995491326,0.6350365457127137,1.2432196612080393
05/10/2023 16:35:45.683360,3650,True,True,True,True,Eyes,1.366678,-0.3539327,-2.935752,-0.3686424,0.2295788,0.9007754,0.0,0.0,0.0,0.0,0.0,0.0,0.0,-1.142417,-0.07460907,3.060267,1.372502,-0.3553591,-2.943787,-0.06940096,-0.03842197,-0.004740207,0.9968374,352.0258,355.602,359.7618,0.4197123,-0.1086358,-0.9011322,0,0,0,0.5755828,0.1307268,-1.05507,-0.6506115,0.20896,1.9929,0.9970025,-0.004117385,0.07725887,0.01478347,0.9903221,-0.1379987,-0.07594297,0.1387272,0.9874145,static,-17.477044720591387,5.870283743471144,-18.080032669233677,5.985718288963392,-0.7969192000000002,0.48608589999999996,1.888717,-0.29888980097851187,0.0976013154522996,0.9492833274767689,-16.85036883965819,6.033393659994166,0.6069375001257189,0.6139377822718192,1.230587694871508
05/10/2023 16:35:45.703163,3651,True,True,True,True,Eyes,1.366557,-0.3539383,-2.935757,-0.3687624,0.2299269,0.9006375,0.0,0.0,0.0,0.0,0.0,0.0,0.0,-1.142667,-0.07424366,3.060172,1.372501,-0.3553312,-2.943779,-0.06936011,-0.03837883,-0.004685004,0.9968423,352.0307,355.6065,359.7676,0.419695,-0.1086371,-0.9011401,0,0,0,0.5757065,0.1305215,-1.05495,-0.6506115,0.20896,1.9929,0.9970102,-0.0040165,0.07716517,0.01466434,0.9903345,-0.1379226,-0.07586536,0.1386418,0.9874325,static,-17.489710728807644,5.899476441138229,-18.080032669233677,5.985718288963392,-0.7967945,0.4858527,1.888829,-0.2990855458896672,0.09807866857122263,0.9491724840168914,-16.861027842908708,6.06166062764441,0.5908779925754849,0.5965883418779283,1.221368087600094
05/10/2023 16:35:45.723314,3652,True,True,True,True,Eyes,1.366443,-0.3539428,-2.935763,-0.3688721,0.2302607,0.9005073,0.0,0.0,0.0,0.0,0.0,0.0,0.0,-1.142957,-0.0739409,3.060014,1.372506,-0.3553095,-2.94372,-0.06929653,-0.03833484,-0.00471467,0.9968482,352.0379,355.6119,359.7636,0.4196764,-0.1086387,-0.9011486,0,0,0,0.5758988,0.1303452,-1.05476,-0.6506114,0.20896,1.9929,0.9970164,-0.004086677,0.07708144,0.01471256,0.9903515,-0.1377948,-0.0757746,0.1385177,0.9874568,static,-17.503468567623422,5.926947581740704,-18.08003007114106,5.985718288963392,-0.7966072,0.4856547,1.88896,-0.2993001412512654,0.09852680221593177,0.9490584324309358,-16.87283051247058,6.088274544331259,0.5749821778782318,0.5795491034985512,1.2115480015126452
05/10/2023 16:35:45.743059,3653,True,True,True,True,Eyes,1.366313,-0.3539488,-2.935771,-0.3689412,0.2305626,0.9004017,0.0,0.0,0.0,0.0,0.0,0.0,0.0,-1.143379,-0.0739592,3.059932,1.372565,-0.3552862,-2.943774,-0.06925567,-0.03827941,-0.004810864,0.9968527,352.0422,355.6191,359.7519,0.4196567,-0.1086404,-0.9011575,0,0,0,0.5762364,0.1303548,-1.054693,-0.6506114,0.20896,1.9929,0.997023,-0.004289312,0.07698423,0.01489358,0.990361,-0.1377071,-0.07565151,0.1384437,0.9874767,static,-17.51703781324983,5.947103782610138,-18.08003007114106,5.985718288963392,-0.7963286,0.485641,1.8890809999999998,-0.299515128557419,0.09885367357895165,0.9489565753627871,-16.884839496981307,6.107828073971753,0.5605473494122591,0.5643149497810352,1.2014122140860346
05/10/2023 16:35:45.753877,3654,True,True,True,True,Eyes,1.366187,-0.3539526,-2.935776,-0.3690081,0.2308613,0.9002978,0.0,0.0,0.0,0.0,0.0,0.0,0.0,-1.143273,-0.074512,3.059968,1.372542,-0.3552986,-2.943793,-0.06931742,-0.03829575,-0.004885228,0.9968474,352.0348,355.6178,359.7437,0.4196355,-0.1086423,-0.9011671,0,0,0,0.5762066,0.1306859,-1.054804,-0.6506115,0.20896,1.9929,0.9970192,-0.004430529,0.07702729,0.01504878,0.9903425,-0.1378236,-0.07567277,0.1385719,0.9874571,static,-17.521421154756645,5.955851846366145,-18.080032669233677,5.985718288963392,-0.7963353999999999,0.48598450000000004,1.8889889999999998,-0.29958347211856373,0.09899634064464918,0.9489201832401368,-16.88860014319611,6.116303175332367,0.5559667889435553,0.559409356821763,1.1985674268259814
05/10/2023 16:35:45.773341,3655,True,True,True,True,Eyes,1.366021,-0.3539614,-2.935784,-0.3690363,0.2311246,0.9002187,0.0,0.0,0.0,0.0,0.0,0.0,0.0,-1.143066,-0.07533181,3.059962,1.372516,-0.3552536,-2.943745,-0.06938445,-0.038332,-0.005033046,0.9968407,352.0264,355.6147,359.7272,0.4196132,-0.1086442,-0.9011772,0,0,0,0.5761487,0.1311993,-1.05489,-0.6506114,0.20896,1.9929,0.9970106,-0.004715001,0.07712021,0.01535358,0.9903209,-0.1379446,-0.07572335,0.1387163,0.9874329,static,-17.522368530228523,5.958588366844817,-18.08003007114106,5.985718288963392,-0.7963673000000001,0.48645289999999997,1.8888549999999997,-0.29959782342408375,0.0990411961559162,0.9489109889426387,-16.889368062412444,6.1189511024149885,0.5549762717408786,0.5583210786698865,1.1980930688431053
05/10/2023 16:35:45.793392,3656,True,True,True,True,Eyes,1.36586,-0.3539674,-2.93579,-0.3690612,0.2313828,0.9001421,0.0,0.0,0.0,0.0,0.0,0.0,0.0,-1.142835,-0.07512376,3.060044,1.372492,-0.355309,-2.943741,-0.06936254,-0.03836551,-0.0050233,0.9968409,352.029,355.6108,359.7285,0.4195888,-0.1086464,-0.9011883,0,0,0,0.5759879,0.1310428,-1.054917,-0.6506115,0.20896,1.9929,0.9970057,-0.004692601,0.07718548,0.01533712,0.9903272,-0.1379014,-0.07579177,0.1386722,0.9874339,static,-17.520894406530612,5.977380038969596,-18.080032669233677,5.985718288963392,-0.7965041,0.4863518,1.888824,-0.29956401976260627,0.0993535107389577,0.9488889543256378,-16.886950298835824,6.137074022316818,0.5564625374428224,0.5592004320738327,1.2026446277155665
05/10/2023 16:35:45.803467,3657,True,True,True,True,Eyes,1.365674,-0.3539756,-2.935796,-0.3691453,0.2316117,0.9000487,0.0,0.0,0.0,0.0,0.0,0.0,0.0,-1.142955,-0.07563809,3.059926,1.372472,-0.35525,-2.943693,-0.06942131,-0.03834498,-0.005067211,0.9968374,352.022,355.6135,359.7235,0.4195628,-0.1086488,-0.9012002,0,0,0,0.576081,0.1313929,-1.054897,-0.6506115,0.20896,1.9929,0.997008,-0.004778452,0.07715096,0.01542629,0.9903101,-0.1380149,-0.07574387,0.1387921,0.9874207,static,-17.529765500513665,5.983655199555551,-18.080032669233677,5.985718288963392,-0.796391,0.4866429,1.8887960000000001,-0.2997079359695035,0.09945271867121794,0.948833075059293,-16.895167539875114,6.143196715842977,0.5477657910853999,0.5502710362258247,1.1952844137285292
05/10/2023 16:35:45.823203,3658,True,True,True,True,Eyes,1.365494,-0.3539847,-2.935804,-0.3692226,0.2318217,0.899963,0.0,0.0,0.0,0.0,0.0,0.0,0.0,-1.142932,-0.07580072,3.059895,1.372441,-0.3552588,-2.94367,-0.06944743,-0.03834401,-0.005074138,0.9968356,352.019,355.6136,359.7228,0.4195345,-0.1086515,-0.9012131,0,0,0,0.5760599,0.1314946,-1.054898,-0.6506115,0.20896,1.9929,0.997008,-0.004790376,0.0771501,0.01544194,0.9903026,-0.1380662,-0.07574056,0.1388444,0.9874136,static,-17.535391382896798,5.993789448523891,-18.080032669233677,5.985718288963392,-0.7963811000000001,0.4867534,1.8887720000000001,-0.2997961501053626,0.0996176561456011,0.9487879748799043,-16.900052232854765,6.153018896273205,0.5425200579949144,0.5447010872022767,1.1917815753917327
05/10/2023 16:35:45.844273,3659,True,True,True,True,Eyes,1.365296,-0.3539939,-2.935812,-0.3693305,0.2320105,0.8998701,0.0,0.0,0.0,0.0,0.0,0.0,0.0,-1.143295,-0.07490975,3.059793,1.372412,-0.3552891,-2.943692,-0.06935211,-0.03827557,-0.004963757,0.9968454,352.0305,355.6207,359.7346,0.4195044,-0.1086543,-0.9012268,0,0,0,0.5762113,0.1309439,-1.054711,-0.6506115,0.2089601,1.9929,0.9970207,-0.004587213,0.07699815,0.01520518,0.9903314,-0.1378867,-0.07562117,0.1386466,0.9874505,static,-17.54889954726712,6.021611104711354,-18.080032669233677,5.985721132694636,-0.7962007,0.486233,1.888981,-0.3000061088198901,0.1000714353406122,0.948673879536128,-16.91159566432317,6.179969173308854,0.5309575269506861,0.5323443278004413,1.184473442389783
05/10/2023 16:35:45.853766,3660,True,True,True,True,Eyes,1.365107,-0.3540044,-2.935817,-0.3694319,0.2321853,0.8997833,0.0,0.0,0.0,0.0,0.0,0.0,0.0,-1.143449,-0.07442051,3.059735,1.37238,-0.3552567,-2.943698,-0.06931628,-0.03823986,-0.004844553,0.9968498,352.0351,355.6239,359.7479,0.4194722,-0.1086575,-0.9012414,0,0,0,0.5762304,0.1306692,-1.054616,-0.6506115,0.20896,1.9929,0.9970285,-0.004357296,0.07691041,0.01495987,0.9903436,-0.1378253,-0.07556718,0.1385663,0.987466,static,-17.557786481764893,6.041949590733959,-18.080032669233677,5.985718288963392,-0.7961495999999999,0.4859259,1.889082,-0.3001431304094925,0.10040363756134055,0.9485953510665286,-16.919082059946547,6.199663178685226,0.5243670924928704,0.5252647328961781,1.180499357493365
05/10/2023 16:35:45.873306,3661,True,True,True,True,Eyes,1.364916,-0.3540142,-2.935824,-0.3695355,0.2323325,0.8997028,2.094641,0.5908718,0.1326391,-1.051269,0.9652814,0.1561285,0.2094178,-0.6359285,0.2110579,1.995236,1.372413,-0.3552921,-2.943632,-0.06931676,-0.03816573,-0.004604324,0.9968537,352.0361,355.6305,359.775,0.4194384,-0.1086609,-0.9012567,0,0,0,0.5763782,0.1302949,-1.054414,-0.6506114,0.20896,1.9929,0.9970444,-0.003888628,0.07672961,0.01447073,0.990348,-0.1378459,-0.07545298,0.1385488,0.9874771,static,-17.56862663260691,6.0615342289166865,-18.08003007114106,5.985718288963392,-0.7960348000000002,0.485587,1.889218,-0.3003128868906405,0.10072223925232086,0.9485078835369517,-16.92849100440237,6.218644496214539,0.5164989528502931,0.5169927791522361,1.1748603492542484
05/10/2023 16:35:45.892902,3662,True,True,True,True,Eyes,1.364734,-0.354026,-2.935832,-0.3696288,0.2324762,0.8996273,2.092897,0.5911388,0.1325226,-1.053005,0.984427,0.1485726,0.09396546,-0.6357764,0.2111728,1.993521,1.372423,-0.3552639,-2.943663,-0.06935024,-0.03815326,-0.004498207,0.9968525,352.0327,355.6311,359.7873,0.419403,-0.1086644,-0.9012728,0,0,0,0.5763628,0.1302996,-1.054451,-0.6506115,0.2089601,1.9929,0.9970482,-0.003676224,0.07669025,0.01425997,0.9903406,-0.1379206,-0.07544244,0.1386071,0.9874697,static,-17.57417012567218,6.07139347275743,-18.080032669233677,5.985721132694636,-0.7960602,0.48556350000000004,1.889212,-0.3003997372772529,0.10088255571265767,0.9484632939960352,-16.9333108787507,6.228200671644223,0.5127452075903427,0.5130659439393187,1.172078150797843
05/10/2023 16:35:45.904156,3663,True,True,True,True,Eyes,1.364534,-0.3540398,-2.935843,-0.3697234,0.232604,0.8995554,2.090655,0.5915702,0.1322549,-1.055183,0.9905699,0.1260402,-0.05371223,-0.6358598,0.2111555,1.991248,1.372451,-0.355324,-2.943691,-0.06938764,-0.03806795,-0.004479638,0.9968532,352.0286,355.6408,359.7889,0.4193664,-0.1086683,-0.9012893,0,0,0,0.5767062,0.1303637,-1.054377,-0.6506115,0.2089601,1.9929,0.9970615,-0.003648193,0.07651797,0.01421397,0.9903306,-0.1379975,-0.07527465,0.1386796,0.9874724,static,-17.58964438395003,6.076777694029603,-18.080032669233677,5.985721132694636,-0.7957448000000001,0.48568769999999994,1.889314,-0.30065341415188374,0.10096322402381346,0.9483743369293864,-16.947939667446178,6.233513568866013,0.4985722704480595,0.4987704559269565,1.1588941522503153
05/10/2023 16:35:45.923609,3664,True,True,True,True,Eyes,1.364343,-0.3540526,-2.935854,-0.3698135,0.2327291,0.8994861,2.089707,0.5915408,0.132283,-1.056191,0.9862928,0.1178987,-0.1154389,-0.6359771,0.2111652,1.990318,1.372447,-0.3553431,-2.943737,-0.06941834,-0.03806927,-0.004513762,0.9968508,352.0249,355.6409,359.7852,0.4193283,-0.1086724,-0.9013066,0,0,0,0.5767235,0.1305118,-1.054457,-0.6506114,0.20896,1.9929,0.9970607,-0.003713684,0.07652543,0.0142845,0.9903214,-0.1380558,-0.07527208,0.1387431,0.9874637,static,-17.59601042184637,6.080100375122917,-18.08003007114106,5.985718288963392,-0.7957235,0.48585490000000003,1.88928,-0.3007572291141104,0.10101476425874645,0.948336021355101,-16.953899118708854,6.236768146796628,0.4929981933509707,0.4931358829888365,1.1537750877636226
05/10/2023 16:35:45.943101,3665,True,True,True,True,Eyes,1.364163,-0.3540639,-2.935865,-0.3699096,0.2328423,0.8994173,2.088961,0.5914366,0.1323346,-1.057017,0.9793,0.1124552,-0.1683012,-0.6361715,0.2111909,1.989537,1.372444,-0.3553368,-2.943754,-0.06941416,-0.03807932,-0.004615785,0.9968503,352.0249,355.6406,359.7734,0.419289,-0.1086767,-0.9013243,0,0,0,0.5767535,0.1306485,-1.054494,-0.6506115,0.2089601,1.9929,0.9970573,-0.003916005,0.07655954,0.01448898,0.9903207,-0.1380395,-0.07527794,0.1387426,0.9874632,static,-17.60316898740504,6.08390494630382,-18.080032669233677,5.985721132694636,-0.7956905,0.4859853,1.8892600000000002,-0.30087390183033924,0.10107383674043255,0.9482927307032867,-16.960596860058256,6.240493748469826,0.4867927580037793,0.4868665446526447,1.1480616780526918
05/10/2023 16:35:45.961789,3666,True,True,True,True,Eyes,1.363991,-0.3540739,-2.935878,-0.3700066,0.2329528,0.8993487,2.088253,0.5913236,0.1323904,-1.05781,0.9745752,0.07959808,-0.2094455,-0.6362955,0.2107906,1.988866,1.372434,-0.3553218,-2.943784,-0.06950553,-0.03811035,-0.004744082,0.9968421,352.0139,355.638,359.7593,0.4192489,-0.1086811,-0.9013424,0,0,0,0.5767191,0.1311976,-1.054671,-0.6506115,0.20896,1.9929,0.9970502,-0.004160441,0.0766395,0.01475596,0.9902929,-0.1382105,-0.07532053,0.1389337,0.9874331,static,-17.608032850406314,6.075525635671571,-18.080032669233677,5.985718288963392,-0.7957148999999999,0.48651940000000005,1.889113,-0.30095872485010755,0.10093230980532468,0.9482808075865763,-16.965729316125685,6.232444468585726,0.4803063452764941,0.4804676768481175,1.1412912732772238
05/10/2023 16:35:45.977982,3667,True,True,True,True,Eyes,1.363808,-0.3540854,-2.93589,-0.3700916,0.2330304,0.8992937,2.08801,0.5910536,0.1324843,-1.058156,0.9721127,0.07757217,-0.2213133,-0.636318,0.2107907,1.988679,1.372425,-0.3553029,-2.943812,-0.06950435,-0.03819096,-0.004823145,0.9968387,352.0136,355.6293,359.7508,0.4192084,-0.1086856,-0.9013607,0,0,0,0.5764566,0.1313194,-1.054833,-0.6506115,0.20896,1.9929,0.9970364,-0.00430692,0.0768109,0.01492467,0.9902918,-0.1382008,-0.07546999,0.1389377,0.9874212,static,-17.605918881888435,6.07721310658244,-18.080032669233677,5.985718288963392,-0.7959684,0.48662229999999995,1.888979,-0.3009228647929763,0.10096144445611326,0.9482891619925502,-16.963602298439618,6.234056891809182,0.48271546026641393,0.48286145528711705,1.1437171129675208
05/10/2023 16:35:45.998308,3668,True,True,True,True,Eyes,1.363623,-0.3541,-2.935905,-0.3701694,0.2330783,0.8992492,2.087742,0.5908052,0.1325073,-1.058505,0.9652647,0.08956339,-0.2454432,-0.6364488,0.2110185,1.988352,1.372404,-0.3553234,-2.943781,-0.06945417,-0.03823045,-0.004864385,0.9968404,352.0192,355.6251,359.7462,0.4191671,-0.1086902,-0.9013793,0,0,0,0.5763102,0.1311623,-1.054819,-0.6506115,0.2089601,1.9929,0.9970295,-0.004387503,0.07689503,0.01500856,0.9903049,-0.1380975,-0.07554363,0.1388414,0.9874291,static,-17.60745507746967,6.084347442127049,-18.080032669233677,5.985721132694636,-0.7960938,0.4864857,1.888962,-0.30094466805139847,0.1010787866898309,0.9482696810404914,-16.964704415066503,6.240953191901503,0.48270146943437076,0.4827594941062551,1.144159306473786
05/10/2023 16:35:46.008009,3669,True,True,True,True,Eyes,1.363446,-0.3541142,-2.93592,-0.3702472,0.2331197,0.8992065,2.087229,0.5906548,0.1324598,-1.059071,0.9551868,0.0863928,-0.2831153,-0.6363526,0.2113294,1.987956,1.372401,-0.3553889,-2.943866,-0.06941371,-0.03829281,-0.004812005,0.9968412,352.024,355.6175,359.7525,0.4191251,-0.108695,-0.9013982,0,0,0,0.576029,0.1308604,-1.05496,-0.6506115,0.20896,1.9929,0.997021,-0.004277518,0.07701174,0.0149097,0.9903172,-0.1380204,-0.07567567,0.1387574,0.9874308,static,-17.604556854668125,6.0935810020577,-18.080032669233677,5.985718288963392,-0.796372,0.4862493,1.888906,-0.30089196376943816,0.10123337629461329,0.9482699736578946,-16.961421166561,6.249841701170861,0.48758629386243135,0.4875567814243182,1.1493706411718299
05/10/2023 16:35:46.023705,3670,True,True,True,True,Eyes,1.363277,-0.3541275,-2.935934,-0.3703234,0.2331529,0.8991665,2.087651,0.5901712,0.1326143,-1.058789,0.9569843,0.1391074,-0.2546178,-0.6366138,0.211762,1.988334,1.372404,-0.3553914,-2.943877,-0.06936833,-0.03832612,-0.004707324,0.9968435,352.0297,355.6128,359.7647,0.4190825,-0.1087,-0.9014174,0,0,0,0.5758283,0.1305294,-1.054973,-0.6506115,0.20896,1.9929,0.9970179,-0.004067692,0.07706337,0.01470217,0.9903317,-0.1379379,-0.07575721,0.1386596,0.9874383,static,-17.603867893592618,6.105124981670021,-18.080032669233677,5.985718288963392,-0.7965757,0.48592080000000004,1.8889040000000001,-0.3008746544906398,0.1014250116176904,0.9482549759382806,-16.96014467821253,6.260976496289488,0.4910320272437308,0.4909081908304606,1.1532199240100558
05/10/2023 16:35:46.043114,3671,True,True,True,True,Eyes,1.363114,-0.3541403,-2.935949,-0.3703856,0.2331475,0.8991423,2.087302,0.5900072,0.1325089,-1.059168,0.9461182,0.1537481,-0.2849946,-0.636796,0.2120402,1.987921,1.372462,-0.3553787,-2.943851,-0.06931386,-0.03832844,-0.004616941,0.9968477,352.0363,355.6118,359.7749,0.4190398,-0.1087051,-0.9014366,0,0,0,0.575811,0.130202,-1.054891,-0.6506115,0.20896,1.9929,0.9970192,-0.003891388,0.07705526,0.01451816,0.9903485,-0.1378368,-0.0757752,0.1385446,0.987453,static,-17.60601106803335,6.114859131926847,-18.080032669233677,5.985718288963392,-0.7966510000000001,0.4855807,1.88896,-0.3009051892982026,0.10158508772438721,0.9482281698506652,-16.961693884818736,6.270386225851385,0.4914853663340877,0.4912981128864978,1.1540006373563039
05/10/2023 16:35:46.053474,3672,True,True,True,True,Eyes,1.362956,-0.3541516,-2.935963,-0.3704402,0.2331446,0.8991205,2.086586,0.5900009,0.1323247,-1.059871,0.9309244,0.1432172,-0.3359593,-0.6370794,0.2119852,1.987163,1.372471,-0.3553733,-2.943886,-0.06931583,-0.03826794,-0.004586199,0.99685,352.0363,355.6186,359.7779,0.418997,-0.1087102,-0.9014559,0,0,0,0.5760313,0.1301756,-1.054829,-0.6506114,0.20896,1.9929,0.9970291,-0.003838357,0.0769306,0.01444865,0.9903486,-0.137844,-0.07565901,0.138546,0.9874618,static,-17.615684040177058,6.116310395822293,-18.08003007114106,5.985718288963392,-0.7964397,0.4855489,1.889057,-0.3010646774684819,0.10160373645462259,0.9481754903627855,-16.97093992032178,6.271859898341769,0.4825639906544279,0.48236037860283293,1.1454073438135373
05/10/2023 16:35:46.073129,3673,True,True,True,True,Eyes,1.362798,-0.3541622,-2.935976,-0.3704943,0.2331322,0.8991014,2.085916,0.5899783,0.1321318,-1.060526,0.914468,0.1205835,-0.3862744,-0.6374004,0.2117444,1.9864,1.372448,-0.3553478,-2.943876,-0.06936675,-0.0381888,-0.004531865,0.9968497,352.0307,355.6273,359.7838,0.4189543,-0.1087153,-0.9014751,0,0,0,0.5762756,0.1303249,-1.054738,-0.6506115,0.2089601,1.9929,0.9970421,-0.00373711,0.07676571,0.01433324,0.9903354,-0.1379503,-0.07550827,0.1386426,0.9874597,static,-17.626730298495403,6.112675905670761,-18.080032669233677,5.985721132694636,-0.7961723999999999,0.48567269999999996,1.889138,-0.3012495192332086,0.1015373712650359,0.948123866322137,-16.981779378857382,6.2684361796820385,0.47094145750925753,0.4707446799469535,1.1340582381938982
05/10/2023 16:35:46.087053,3674,True,True,True,True,Eyes,1.362646,-0.354174,-2.935986,-0.3705493,0.2331062,0.8990855,2.085511,0.5898616,0.1319714,-1.060933,0.904396,0.1096015,-0.4123775,-0.6377136,0.2109418,1.985998,1.372433,-0.3553351,-2.943877,-0.06948985,-0.03816663,-0.004674836,0.9968414,352.0159,355.6309,359.7677,0.4189117,-0.1087205,-0.9014943,0,0,0,0.5764522,0.1310194,-1.054833,-0.6506115,0.2089601,1.9929,0.9970429,-0.004015752,0.07674185,0.01462453,0.9902986,-0.1381839,-0.07544244,0.1388976,0.987429,static,-17.63469589078501,6.0917644497710945,-18.080032669233677,5.985721132694636,-0.7959808,0.4863545,1.8890440000000002,-0.30139216547993525,0.10118654296988247,0.9481160617921728,-16.990566230100047,6.248316776134995,0.45786196171419574,0.4577881948408185,1.1206665846505683
05/10/2023 16:35:46.108407,3675,True,True,True,True,Eyes,1.362502,-0.354182,-2.935997,-0.3706182,0.2330453,0.8990729,2.085233,0.5896767,0.1317719,-1.06122,0.8923243,0.1015019,-0.4398347,-0.637769,0.2115719,1.98558,1.372425,-0.3553707,-2.943782,-0.06934573,-0.03818434,-0.004550335,0.9968513,352.033,355.6279,359.7815,0.4188694,-0.1087256,-0.9015133,0,0,0,0.5762821,0.1302482,-1.054618,-0.6506114,0.20896,1.9929,0.9970425,-0.003776174,0.0767593,0.01436786,0.9903409,-0.1379072,-0.07549712,0.1386023,0.9874663,static,-17.63510765539221,6.109532870451635,-18.08003007114106,5.985718288963392,-0.7961429,0.48561889999999996,1.889164,-0.3013899070499422,0.10148064257826125,0.9480853572585488,-16.990020415945466,6.2654665226591515,0.4620187616961848,0.4618289798452454,1.125335560033324
05/10/2023 16:35:46.122867,3676,True,True,True,True,Eyes,1.362365,-0.3541919,-2.936007,-0.3706767,0.2330183,0.8990558,2.085427,0.5893459,0.1317509,-1.061092,0.9101094,0.08088377,-0.4063972,-0.6374648,0.2112007,1.986009,1.372448,-0.3552861,-2.943841,-0.06940895,-0.0383436,-0.004532357,0.9968408,352.0258,355.6094,359.7852,0.4188276,-0.1087307,-0.9015321,0,0,0,0.5756837,0.1305367,-1.054991,-0.6506115,0.20896,1.9929,0.9970184,-0.003713299,0.0770741,0.01435885,0.9903237,-0.1380318,-0.07581575,0.1387269,0.9874244,static,-17.619920759336825,6.100700230069647,-18.080032669233677,5.985718288963392,-0.7967642999999999,0.4858228,1.88885,-0.3011428547344161,0.10134278309426765,0.948178620792799,-16.97585154523622,6.256828055095864,0.474378953257274,0.4742613376710055,1.1369768950531447
05/10/2023 16:35:46.133219,3677,True,True,True,True,Eyes,1.36221,-0.3542043,-2.936018,-0.3707166,0.232969,0.899052,2.084412,0.5894836,0.1313992,-1.062023,0.8903329,-0.04886375,-0.4526803,-0.637805,0.2093727,1.985077,1.37248,-0.3553512,-2.943818,-0.06978464,-0.03827022,-0.004677995,0.9968168,351.9821,355.6189,359.7694,0.4187863,-0.1087357,-0.9015507,0,0,0,0.5761173,0.1321328,-1.055227,-0.6506114,0.20896,1.9929,0.997027,-0.003984861,0.07694969,0.01466755,0.9902164,-0.1387669,-0.07564388,0.139483,0.987331,static,-17.631530802640597,6.049825152105536,-18.08003007114106,5.985718288963392,-0.7963626999999999,0.487484,1.888591,-0.30136103953996235,0.10049354254392687,0.9481995691493037,-16.989740685293093,6.20782115668524,0.4525890259324645,0.45305770465513084,1.11268172841249
05/10/2023 16:35:46.153443,3678,True,True,True,True,Eyes,1.362061,-0.3542143,-2.936024,-0.3707441,0.232931,0.8990506,2.084213,0.5893514,0.1312636,-1.062212,0.8860363,-0.1074227,-0.4509988,-0.6378806,0.2085037,1.984993,1.372499,-0.3553884,-2.94381,-0.06994607,-0.0383108,-0.004789718,0.9968033,351.963,355.615,359.7576,0.4187451,-0.1087408,-0.9015693,0,0,0,0.5760667,0.1328743,-1.055449,-0.6506114,0.2089601,1.9929,0.9970186,-0.004189433,0.07704671,0.01490819,0.9901692,-0.1390779,-0.07570663,0.1398119,0.9872797,static,-17.629834878493963,6.024555433879061,-18.08003007114106,5.985721132694636,-0.7964322999999999,0.4882627,1.888361,-0.3013457495003148,0.10007585550852634,0.9482486921733666,-16.98944676961942,6.183422896701131,0.45089200652162537,0.45186703180364873,1.1083582115223944
05/10/2023 16:35:46.173149,3679,True,True,True,True,Eyes,1.361901,-0.3542265,-2.93603,-0.3707654,0.232835,0.8990667,2.083562,0.5893886,0.1308997,-1.062768,0.8488777,-0.1674459,-0.5013667,-0.6384736,0.2077163,1.984157,1.372505,-0.3553513,-2.943715,-0.06994545,-0.03822506,-0.005133942,0.996805,351.9616,355.6277,359.7172,0.4187041,-0.1087458,-0.9015877,0,0,0,0.5766463,0.1334131,-1.055242,-0.6506115,0.20896,1.9929,0.997025,-0.00488774,0.07692404,0.01558242,0.9901626,-0.1390515,-0.07548766,0.1398364,0.9872929,static,-17.647049822236124,6.005489313529869,-18.080032669233677,5.985718288963392,-0.7958587000000001,0.4887644,1.888473,-0.30164055150352614,0.09975055330889616,0.9481892505793701,-17.00705045410851,6.165154241626422,0.4320708746981579,0.4334340079026049,1.0878823902807708
05/10/2023 16:35:46.191885,3680,True,True,True,True,Eyes,1.361748,-0.3542387,-2.936036,-0.3708002,0.2327235,0.8990812,2.083384,0.5892288,0.1306139,-1.062904,0.8391058,-0.1866763,-0.5109339,-0.6389124,0.2091633,1.983665,1.372448,-0.3553817,-2.943664,-0.06955058,-0.03813301,-0.005051255,0.9968366,352.0073,355.6378,359.7242,0.4186631,-0.108751,-0.9016061,0,0,0,0.5768655,0.1317525,-1.054654,-0.6506115,0.20896,1.9929,0.9970407,-0.004766206,0.07672739,0.0153749,0.9902744,-0.1382759,-0.07532212,0.1390463,0.9874172,static,-17.65964220587063,6.047401113874032,-18.080032669233677,5.985718288963392,-0.7955824999999999,0.4871342,1.88901,-0.3018279555473319,0.10043787585952275,0.9480570332573222,-17.016963699574536,6.2056946612640065,0.4244813228515303,0.424891648041657,1.0855898114033162
05/10/2023 16:35:46.210119,3681,True,True,True,True,Eyes,1.361596,-0.3542504,-2.936042,-0.370827,0.2325643,0.8991114,2.083684,0.5889099,0.1303402,-1.062577,0.8518843,-0.02630335,-0.5230691,-0.6384651,0.2098436,1.984125,1.372454,-0.3553854,-2.943681,-0.06936327,-0.03829002,-0.004856902,0.9968445,352.0296,355.6182,359.7471,0.4186223,-0.1087561,-0.9016245,0,0,0,0.5761225,0.1307351,-1.054726,-0.6506115,0.20896,1.9929,0.9970205,-0.00437131,0.07701217,0.01499499,0.9903303,-0.1379168,-0.07566462,0.1386607,0.9874452,static,-17.64017671045312,6.065733326822211,-18.080032669233677,5.985718288963392,-0.7963315000000001,0.4861205,1.8889550000000002,-0.3014962304328865,0.100752305475785,0.9481292755471292,-16.997229818767835,6.223238061701671,0.44687821115178666,0.4470745695723619,1.108547543147608
05/10/2023 16:35:46.225795,3682,True,True,True,True,Eyes,1.361452,-0.3542598,-2.936048,-0.3708501,0.2324046,0.899143,2.083828,0.5886641,0.1300314,-1.062389,0.8604555,-0.01286885,-0.509363,-0.6383377,0.2100121,1.984354,1.372458,-0.3553709,-2.943689,-0.06925767,-0.0383691,-0.004778952,0.9968493,352.0421,355.6085,359.7563,0.4185816,-0.1087613,-0.9016428,0,0,0,0.5757633,0.1302243,-1.054752,-0.6506115,0.20896,1.9929,0.9970099,-0.004213081,0.07715838,0.0148425,0.9903611,-0.1377122,-0.07583447,0.1384456,0.9874624,static,-17.63113619189381,6.070556796948708,-18.080032669233677,5.985718288963392,-0.7966947,0.4855952,1.888937,-0.3013439740544696,0.1008371973435183,0.9481684967099117,-16.988260457926916,6.227824330252437,0.45668395742517554,0.45684310195658806,1.1182941905466146
05/10/2023 16:35:46.243071,3683,True,True,True,True,Eyes,1.361311,-0.3542693,-2.936055,-0.3708704,0.232232,0.8991793,2.083484,0.5886089,0.1295823,-1.06263,0.8447989,-0.02204161,-0.5346298,-0.6385869,0.2099234,1.98397,1.372495,-0.3553218,-2.943691,-0.06917378,-0.03832908,-0.004750574,0.9968567,352.0518,355.6129,359.7589,0.4185412,-0.1087665,-0.9016609,0,0,0,0.5759293,0.1299131,-1.054606,-0.6506115,0.20896,1.9929,0.9970167,-0.004168547,0.07707442,0.01477402,0.9903848,-0.1375485,-0.07575997,0.1382769,0.9874917,static,-17.63623348470059,6.070836787629282,-18.080032669233677,5.985718288963392,-0.7965657,0.4852349,1.889085,-0.3014282915480041,0.10083901997108448,0.9481415749108215,-16.993158490104683,6.228133093541286,0.4517469515191572,0.45188812222426106,1.1135800010488082
05/10/2023 16:35:46.256668,3684,True,True,True,True,Eyes,1.361179,-0.3542805,-2.936065,-0.3708918,0.2320716,0.8992119,2.083145,0.5885574,0.1291582,-1.062876,0.8331541,-0.05789937,-0.5500019,-0.6387676,0.2094187,1.983675,1.372495,-0.355328,-2.943718,-0.0692412,-0.03828193,-0.004652128,0.9968544,352.0446,355.6175,359.7701,0.4185012,-0.1087716,-0.9016789,0,0,0,0.5760439,0.1300278,-1.054616,-0.6506115,0.20896,1.9929,0.9970257,-0.003973614,0.07696725,0.01457636,0.990368,-0.1376906,-0.07567878,0.1384029,0.9874803,static,-17.64021297835483,6.057568848714827,-18.080032669233677,5.985718288963392,-0.7964511,0.4853558,1.889102,-0.3015009590101676,0.10061703380101465,0.9481420674985603,-16.997697931190416,6.215359566611919,0.4453363741791085,0.44564993371632067,1.1064283083757498
05/10/2023 16:35:46.273161,3685,True,True,True,True,Eyes,1.361047,-0.354291,-2.936075,-0.3708959,0.2319057,0.899253,2.082933,0.5884954,0.128753,-1.062991,0.8321705,-0.1000304,-0.5454228,-0.638778,0.2087819,1.983659,1.37256,-0.3553762,-2.943786,-0.069346,-0.03829551,-0.004564518,0.996847,352.0329,355.6152,359.7808,0.4184617,-0.1087767,-0.9016966,0,0,0,0.5759999,0.1302551,-1.054801,-0.6506115,0.20896,1.9929,0.9970253,-0.00378897,0.07698259,0.01441153,0.9903406,-0.1379051,-0.07571647,0.1386043,0.9874492,static,-17.63622838766457,6.03883511201294,-18.080032669233677,5.985718288963392,-0.7965601,0.4856313,1.8889849999999997,-0.3014444446866286,0.10030889778129339,0.9481926766917005,-16.994851387984287,6.197251249268343,0.44632017593836604,0.4469716291107846,1.105605990608519
05/10/2023 16:35:46.293350,3686,True,True,True,True,Eyes,1.360919,-0.354299,-2.936082,-0.3708923,0.2317491,0.8992949,2.082828,0.5884142,0.1283943,-1.063006,0.8278009,-0.1240759,-0.5471297,-0.6392459,0.2080048,1.983531,1.372587,-0.3553632,-2.94379,-0.06943418,-0.03821146,-0.004613351,0.9968438,352.0226,355.6253,359.7749,0.4184227,-0.1087818,-0.9017141,0,0,0,0.5763884,0.1306846,-1.05476,-0.6506114,0.2089599,1.9929,0.9970372,-0.003891218,0.07682236,0.01450394,0.9903152,-0.1380775,-0.07554106,0.1387826,0.9874375,static,-17.64553039780774,6.017652571830975,-18.08003007114106,5.985715445232119,-0.7961986,0.48604780000000003,1.88903,-0.30160925329125277,0.09995287971923664,0.9481779057123377,-17.004940691203146,6.176880360310944,0.43460436997434876,0.43567183312919544,1.0919529292109544
05/10/2023 16:35:46.303172,3687,True,True,True,True,Eyes,1.360802,-0.3543051,-2.936093,-0.370886,0.2315737,0.8993427,2.082258,0.5885218,0.127891,-1.063429,0.7835696,-0.1987453,-0.5886586,-0.6395453,0.207397,1.98287,1.372566,-0.3553139,-2.943747,-0.06944997,-0.03811993,-0.004664072,0.996846,352.0206,355.6363,359.7683,0.4183842,-0.1087867,-0.9017314,0,0,0,0.5767553,0.1308754,-1.05459,-0.6506115,0.20896,1.9929,0.9970502,-0.004003867,0.07664723,0.01459358,0.99031,-0.1381062,-0.07535154,0.1388174,0.9874471,static,-17.65583106736174,6.0034725376809615,-18.080032669233677,5.985718288963392,-0.7958107,0.48618930000000005,1.8891570000000002,-0.30178703786630195,0.09971233161947902,0.9481466818324423,-17.015621015518025,6.1632744877140375,0.42319543259972064,0.4245729765049165,1.0791192576728803
05/10/2023 16:35:46.323016,3688,True,True,True,True,Eyes,1.36069,-0.354313,-2.936103,-0.3708847,0.2314167,0.8993835,2.082443,0.5883435,0.1275992,-1.063187,0.7979628,-0.2506152,-0.5481308,-0.639284,0.2065483,1.983346,1.372541,-0.3552842,-2.943843,-0.06955384,-0.03822505,-0.004709642,0.9968345,352.0084,355.6244,359.7644,0.4183465,-0.1087915,-0.9017482,0,0,0,0.5763632,0.1313619,-1.054958,-0.6506115,0.20896,1.9929,0.9970334,-0.00407207,0.07686324,0.01470686,0.9902802,-0.1383073,-0.07555294,0.1390274,0.9874022,static,-17.643647795427583,5.979480682476766,-18.080032669233677,5.985718288963392,-0.7961778,0.48664609999999997,1.8888850000000001,-0.30159722463877936,0.09932154138337995,0.9482479503340069,-17.005151360016985,6.140030016523353,0.4343028074155083,0.43642945113894754,1.0859014403553993
05/10/2023 16:35:46.337151,3689,True,True,True,True,Eyes,1.36059,-0.3543195,-2.93611,-0.3708591,0.2312346,0.8994409,2.082741,0.5881865,0.1272822,-1.062808,0.8049804,-0.3083792,-0.5068616,-0.6391352,0.2056106,1.983832,1.37254,-0.3553368,-2.943825,-0.06969985,-0.03829904,-0.004740829,0.9968213,351.9915,355.6161,359.7621,0.4183096,-0.1087961,-0.9017648,0,0,0,0.5761076,0.1319096,-1.055202,-0.6506114,0.2089601,1.9929,0.9970214,-0.004112645,0.07701547,0.01479039,0.9902388,-0.1385934,-0.07569372,0.1393197,0.9873502,static,-17.6329360087955,5.949805616448789,-18.08003007114106,5.985721132694636,-0.7964324,0.48724639999999997,1.888623,-0.3014345934870493,0.09883573613114759,0.9483504246825072,-16.996401471453858,6.111312347930897,0.4453478682137144,0.4485343073744314,1.0908822555182422
05/10/2023 16:35:46.358153,3690,True,True,True,True,Eyes,1.360492,-0.3543296,-2.93612,-0.3708439,0.2310533,0.8994938,2.083178,0.5879584,0.1269955,-1.062314,0.8129871,-0.3612225,-0.4566948,-0.6389493,0.2047257,1.984448,1.372538,-0.3553269,-2.943803,-0.06978111,-0.03841659,-0.004876576,0.9968105,351.9816,355.6036,359.7477,0.4182738,-0.1088006,-0.9017808,0,0,0,0.5757535,0.1324183,-1.055458,-0.6506115,0.20896,1.9929,0.9970008,-0.004360539,0.0772687,0.01508355,0.9902136,-0.1387424,-0.07590754,0.1394918,0.9873095,static,-17.620176695676022,5.923125061792976,-18.080032669233677,5.985718288963392,-0.7967845,0.4877452,1.888345,-0.3012364617090725,0.09840057884399837,0.9484586665040836,-16.985519260080803,6.085468907074739,0.4598216364413746,0.46409635691768375,1.0990494932572614
05/10/2023 16:35:46.373264,3691,True,True,True,True,Eyes,1.360391,-0.3543408,-2.936129,-0.3708019,0.2308245,0.8995699,2.083579,0.5877965,0.1266003,-1.061804,0.8376096,-0.3583206,-0.4123307,-0.6385323,0.204681,1.985082,1.372505,-0.3554228,-2.943839,-0.06969643,-0.03854436,-0.004871625,0.9968115,351.9913,355.5888,359.7489,0.4182389,-0.1088051,-0.9017965,0,0,0,0.5752229,0.1319792,-1.055614,-0.6506114,0.2089601,1.9929,0.9969812,-0.004339376,0.07752198,0.01508499,0.9902374,-0.1385728,-0.07616385,0.139324,0.9873134,static,-17.60259122264639,5.917782667609501,-18.08003007114106,5.985721132694636,-0.7972821000000001,0.487402,1.888225,-0.30094771721013625,0.09832154599504592,0.9485585637845573,-16.968853415500952,6.080180397920023,0.4776907757277473,0.4822483686753556,1.1151843402892883
05/10/2023 16:35:46.383270,3692,True,True,True,True,Eyes,1.360295,-0.3543521,-2.936139,-0.3707607,0.2305949,0.8996458,2.083744,0.5877252,0.1261486,-1.061508,0.8334193,-0.3886738,-0.3928677,-0.6385831,0.2049833,1.985234,1.372508,-0.3554399,-2.943833,-0.06948729,-0.03855217,-0.004904551,0.9968256,352.0151,355.5882,359.7443,0.4182049,-0.1088096,-0.9018117,0,0,0,0.5752093,0.1312049,-1.055421,-0.6506115,0.20896,1.9929,0.9969794,-0.004420192,0.07754119,0.01513573,0.9902949,-0.1381552,-0.07617798,0.1389116,0.9873705,static,-17.599974782728157,5.925716521898512,-18.080032669233677,5.985718288963392,-0.7972987,0.4866448,1.8884120000000002,-0.3009004378248121,0.09845443754814982,0.9485598137555975,-16.965910710071693,6.087816815798798,0.4795492762372736,0.48379312360455773,1.1187903508114907
05/10/2023 16:35:46.403633,3693,True,True,True,True,Eyes,1.360207,-0.3543612,-2.936151,-0.3706968,0.2303379,0.899738,2.083452,0.5878779,0.125537,-1.061589,0.8409449,-0.3422462,-0.419141,-0.6385025,0.2049339,1.985022,1.372523,-0.3554508,-2.943869,-0.06936127,-0.03853463,-0.00487604,0.9968352,352.0297,355.5901,359.7469,0.4181717,-0.1088141,-0.9018266,0,0,0,0.5752662,0.1306697,-1.055303,-0.6506115,0.20896,1.9929,0.9969826,-0.004375597,0.07750175,0.01506684,0.9903305,-0.1379077,-0.07614893,0.1386593,0.9874082,static,-17.597202866314205,5.925033121634454,-18.080032669233677,5.985718288963392,-0.7972568,0.4861205,1.8885659999999997,-0.30085485068459594,0.09844461166932798,0.9485753273217022,-16.963275330964752,6.087136355739529,0.48234691852406425,0.48662851141399166,1.1213530116988604
05/10/2023 16:35:46.423240,3694,True,True,True,True,Eyes,1.360124,-0.3543677,-2.936163,-0.3706262,0.2301129,0.8998246,2.083632,0.5878753,0.1251028,-1.06126,0.8444524,-0.3632042,-0.3936786,-0.6384165,0.2045646,1.985348,1.372577,-0.3554021,-2.943914,-0.06939252,-0.03852799,-0.004677272,0.9968342,352.027,355.5892,359.7699,0.4181394,-0.1088185,-0.9018411,0,0,0,0.5752063,0.1305517,-1.055353,-0.6506115,0.20896,1.9929,0.9969875,-0.003977822,0.07746117,0.01467204,0.9903256,-0.1379852,-0.0761629,0.1387061,0.9874005,static,-17.588987319539033,5.915214889927925,-18.080032669233677,5.985718288963392,-0.7973707,0.4859538,1.888561,-0.3007235462371847,0.09828632454632892,0.948633324727587,-16.95587789462409,6.077599538136878,0.49136913216074607,0.4960809054300418,1.127903418395037
05/10/2023 16:35:46.442970,3695,True,True,True,True,Eyes,1.36004,-0.3543751,-2.936173,-0.3705232,0.2298663,0.8999301,2.083957,0.5878856,0.1246563,-1.060757,0.8088098,-0.4715423,-0.3513891,-0.6388705,0.2028584,1.985778,1.372606,-0.3553578,-2.943952,-0.06958935,-0.03844987,-0.004942224,0.9968222,352.0033,355.6003,359.7395,0.4181081,-0.1088227,-0.9018551,0,0,0,0.5757316,0.1317422,-1.055477,-0.6506115,0.20896,1.9929,0.9969944,-0.004501635,0.07734322,0.01520444,0.9902658,-0.1383564,-0.07596751,0.1391165,0.9873579,static,-17.594629179337545,5.866990882501678,-18.080032669233677,5.985718288963392,-0.7968744,0.4871,1.888475,-0.30084082368290044,0.0974840805419786,0.9486789738086422,-16.96387411430158,6.031105777869391,0.4928612988567711,0.4997126624856225,1.117080992541411
05/10/2023 16:35:46.453307,3696,True,True,True,True,Eyes,1.359956,-0.3543793,-2.936183,-0.3704293,0.2296295,0.9000292,2.083777,0.5880637,0.1241173,-1.060723,0.7685561,-0.5203612,-0.372217,-0.6395124,0.2021832,1.985432,1.372565,-0.3553848,-2.94392,-0.0695798,-0.03825774,-0.005099178,0.9968295,352.0037,355.6238,359.7198,0.4180777,-0.1088268,-0.9018687,0,0,0,0.5765384,0.1319207,-1.055141,-0.6506115,0.20896,1.9929,0.9970207,-0.004842091,0.07698248,0.01548995,0.9902653,-0.1383282,-0.07556327,0.1391085,0.98739,static,-17.612783256682675,5.847824932518245,-18.080032669233677,5.985718288963392,-0.7960266,0.4873055,1.8887789999999998,-0.30115107964546095,0.09715675560301337,0.9486141083129901,-16.98238825345976,6.012747892925282,0.4794107517352852,0.48717203458425745,1.097977168692501
05/10/2023 16:35:46.477882,3697,True,True,True,True,Eyes,1.359885,-0.354385,-2.93619,-0.370335,0.22935,0.9001392,2.084651,0.5878652,0.1237296,-1.059714,0.779635,-0.5507475,-0.2980713,-0.6392613,0.2015787,1.986452,1.372472,-0.3553076,-2.943911,-0.0696206,-0.03830847,-0.004986939,0.9968252,351.9995,355.617,359.7334,0.4180481,-0.1088307,-0.901882,0,0,0,0.5761738,0.1319887,-1.055244,-0.6506115,0.20896,1.9929,0.9970152,-0.004608097,0.07706808,0.01527633,0.9902562,-0.1384171,-0.07567931,0.1391812,0.9873708,static,-17.59797183080904,5.829641290456199,-18.080032669233677,5.985718288963392,-0.7962982,0.4872963,1.8886669999999999,-0.3009144753249058,0.0968632742989294,0.9487191358530018,-16.96907737563102,5.99508849473172,0.4979907414343717,0.5066978206048239,1.1109948087817096
05/10/2023 16:35:46.493100,3698,True,True,True,True,Eyes,1.359818,-0.3543927,-2.936198,-0.370247,0.2290746,0.9002455,2.085164,0.5877928,0.1232654,-1.059039,0.7737412,-0.5809097,-0.252722,-0.6386126,0.2010888,1.987244,1.372468,-0.3553585,-2.943875,-0.06967451,-0.03844872,-0.004824225,0.996817,351.994,355.5995,359.7535,0.4180195,-0.1088345,-0.9018948,0,0,0,0.5755181,0.1318986,-1.055473,-0.6506114,0.2089601,1.9929,0.9969969,-0.004259949,0.07732492,0.01497553,0.9902444,-0.1385345,-0.07598042,0.1392764,0.9873343,static,-17.572413091143122,5.811743620628395,-18.08003007114106,5.985721132694636,-0.7969499,0.4872571,1.8884019999999997,-0.30049953692224807,0.0965801608235438,0.9488794836485944,-16.94539282040261,5.977623737738323,0.5269457936289382,0.5366033666377668,1.1346661441007162
05/10/2023 16:35:46.503252,3699,True,True,True,True,Eyes,1.35977,-0.3544002,-2.936203,-0.3701523,0.2287833,0.9003586,2.086236,0.587545,0.122896,-1.057842,0.8056005,-0.5710695,-0.1577572,-0.6386929,0.2009724,1.988447,1.372526,-0.3554094,-2.943914,-0.06959555,-0.038474,-0.004777891,0.9968216,352.0033,355.5962,359.7587,0.417992,-0.1088382,-0.9019071,0,0,0,0.5754426,0.1314751,-1.055472,-0.6506115,0.20896,1.9929,0.9969938,-0.004170173,0.07736847,0.01488065,0.9902673,-0.138381,-0.07603839,0.1391163,0.9873524,static,-17.56221255495809,5.803923963728294,-18.080032669233677,5.985718288963392,-0.7970833999999999,0.4868845,1.888442,-0.3003342593651963,0.09645593064426682,0.948944528538548,-16.935976174129827,5.97000053642326,0.5387315516165745,0.5488049265778018,1.1441644600905148
05/10/2023 16:35:46.527252,3700,True,True,True,True,Eyes,1.359726,-0.3544068,-2.936207,-0.3700582,0.2285028,0.9004685,2.086833,0.587476,0.1224402,-1.05708,0.7985248,-0.5912018,-0.113308,-0.6387566,0.2005851,1.989076,1.372555,-0.3554284,-2.943865,-0.0695711,-0.03846292,-0.004744173,0.9968239,352.0062,355.5972,359.7624,0.4179659,-0.1088418,-0.9019187,0,0,0,0.5754901,0.1313142,-1.055379,-0.6506115,0.20896,1.9929,0.9969962,-0.004106394,0.07734162,0.01481002,0.9902747,-0.1383353,-0.0760214,0.1390652,0.9873609,static,-17.55620357926564,5.790307558793149,-18.080032669233677,5.985718288963392,-0.7970649,0.48674259999999997,1.888486,-0.3002412323970208,0.09623336424927424,0.948996555558193,-16.930906988713538,5.956815156125359,0.5482926876570042,0.5590905731296211,1.1494891129187466
05/10/2023 16:35:46.543219,3701,True,True,True,True,Eyes,1.35969,-0.35441,-2.93621,-0.3699443,0.2282161,0.9005879,2.087489,0.5874351,0.1219886,-1.056243,0.7824407,-0.6194229,-0.06404628,-0.6389352,0.2000613,1.989766,1.372583,-0.3554178,-2.94385,-0.06951893,-0.03843796,-0.00485547,0.996828,352.0117,355.601,359.7491,0.4179413,-0.1088453,-0.9019297,0,0,0,0.5756896,0.131287,-1.055282,-0.6506115,0.20896,1.9929,0.9969979,-0.004335806,0.07730716,0.01502447,0.9902871,-0.1382235,-0.07595697,0.1389701,0.9873793,static,-17.553311170687344,5.773653428113806,-18.080032669233677,5.985718288963392,-0.7968934000000001,0.4867048,1.8885679999999998,-0.3002012924684768,0.09595877094422474,0.9490368998659852,-16.92900278446575,5.940721935275254,0.5561121990999219,0.5678089839356624,1.151909053473447
05/10/2023 16:35:46.554037,3702,True,True,True,True,Eyes,1.359655,-0.3544127,-2.936212,-0.3698322,0.2279504,0.9007012,2.088136,0.5873955,0.1215788,-1.055426,0.7500827,-0.6610531,-0.01961639,-0.6393666,0.1993515,1.990379,1.372593,-0.3553487,-2.943849,-0.06948414,-0.03835679,-0.00504128,0.9968328,352.015,355.6119,359.7269,0.4179182,-0.1088486,-0.90194,0,0,0,0.5761411,0.1314974,-1.055131,-0.6506115,0.2089601,1.9929,0.9970067,-0.004720247,0.07717118,0.015381,0.9902931,-0.1381414,-0.07577004,0.1389149,0.9874014,static,-17.55826351632163,5.753691810352822,-18.080032669233677,5.985721132694636,-0.7964519,0.4868461,1.8887180000000001,-0.30029299736200205,0.095625228200505,0.9490415292100688,-16.934835007521023,5.921496330241551,0.5582336495235728,0.5710347234249032,1.1469971707211262
05/10/2023 16:35:46.573565,3703,True,True,True,True,Eyes,1.359619,-0.3544147,-2.936213,-0.3697118,0.2276881,0.900817,2.090203,0.5868461,0.1214996,-1.053322,0.7033865,-0.7000167,0.1233862,-0.6398919,0.1984649,1.992468,1.372593,-0.355345,-2.943825,-0.06957524,-0.03833856,-0.00514696,0.9968265,352.004,355.6148,359.715,0.4178965,-0.1088517,-0.9019496,0,0,0,0.5762896,0.1320055,-1.055174,-0.6506114,0.20896,1.9929,0.9970073,-0.004926422,0.07714999,0.01559608,0.9902655,-0.1383142,-0.07571758,0.1391035,0.9873789,static,-17.55350333039566,5.7224561503269396,-18.08003007114106,5.985718288963392,-0.7963034,0.4873505,1.8886509999999999,-0.300229050009512,0.09510983999059565,0.9491135808201248,-16.9319042025333,5.891317714318118,0.5741179068920742,0.5886742412908962,1.1520002077515794
05/10/2023 16:35:46.593260,3704,True,True,True,True,Eyes,1.359581,-0.3544196,-2.936213,-0.3695979,0.2274361,0.9009274,2.092591,0.5861641,0.1215112,-1.05094,0.6574755,-0.6987503,0.2819113,-0.6403537,0.1975569,1.994886,1.37256,-0.3553281,-2.943784,-0.06966618,-0.03836346,-0.005292115,0.9968184,351.993,355.6131,359.6988,0.417876,-0.1088546,-0.9019588,0,0,0,0.5762688,0.1325797,-1.055273,-0.6506115,0.2089601,1.9929,0.9970005,-0.005205284,0.07722017,0.01589583,0.9902372,-0.138483,-0.07574546,0.1392951,0.9873497,static,-17.54499466642159,5.6900841063274745,-18.080032669233677,5.985721132694636,-0.7962912,0.4879078,1.888511,-0.300103390595803,0.0945774980753482,0.9492065208104561,-16.925420818630712,5.860014116854163,0.5948839133989307,0.6112830079532425,1.1614347934276468
05/10/2023 16:35:46.610872,3705,True,True,True,True,Eyes,1.359533,-0.3544241,-2.936213,-0.3694733,0.2271686,0.901046,0.0,0.0,0.0,0.0,0.0,0.0,0.0,-1.142826,-0.0775212,3.060052,1.372509,-0.3553983,-2.943789,-0.06968266,-0.03837673,-0.005239075,0.9968171,351.9913,355.6111,359.7051,0.4178566,-0.1088574,-0.9019674,0,0,0,0.5761302,0.1324952,-1.05531,-0.6506115,0.2089601,1.9929,0.9969996,-0.005096412,0.0772393,0.01579318,0.9902337,-0.1385196,-0.07577902,0.1393238,0.9873431,static,-17.53383120083979,5.673142932918653,-18.080032669233677,5.985721132694636,-0.7963787999999999,0.4878935,1.8884790000000002,-0.29992630901238404,0.09430233965257828,0.9492898736703704,-16.91556001022158,5.84358131193628,0.6119647100488098,0.6293180237771954,1.1731156389000719
05/10/2023 16:35:46.627945,3706,True,True,True,True,Eyes,1.359486,-0.354431,-2.936214,-0.3693541,0.2269017,0.9011621,0.0,0.0,0.0,0.0,0.0,0.0,0.0,-1.142684,-0.0776971,3.060063,1.37248,-0.3553724,-2.943766,-0.06970825,-0.03839527,-0.005237664,0.9968145,351.9883,355.609,359.7055,0.4178379,-0.1088601,-0.9019757,0,0,0,0.5760302,0.132616,-1.055342,-0.6506115,0.20896,1.9929,0.9969967,-0.005089026,0.07727613,0.01579489,0.9902266,-0.1385702,-0.0758157,0.1393746,0.9873331,static,-17.523306399641935,5.653138456353555,-18.080032669233677,5.985718288963392,-0.7964497999999999,0.4879884,1.888424,-0.29976121418692125,0.09397600535684869,0.9493743666291306,-16.906477280947428,5.824197234106558,0.6300124380318494,0.6485009516664755,1.184618630841907
05/10/2023 16:35:46.643252,3707,True,True,True,True,Eyes,1.359441,-0.3544358,-2.936215,-0.3692377,0.2266137,0.9012823,0.0,0.0,0.0,0.0,0.0,0.0,0.0,-1.142756,-0.07674801,3.060088,1.372468,-0.3554302,-2.943794,-0.06962136,-0.03837532,-0.00509151,0.9968222,351.999,355.6101,359.7219,0.4178199,-0.1088629,-0.9019837,0,0,0,0.5759867,0.1320146,-1.055243,-0.6506115,0.20896,1.9929,0.9970028,-0.004807175,0.07721569,0.01549414,0.9902539,-0.1384094,-0.07579778,0.139191,0.9873604,static,-17.51515762179175,5.650601171295388,-18.080032669233677,5.985718288963392,-0.7964813000000001,0.4874448,1.888551,-0.2996272751030344,0.09393810951999927,0.9494204337470356,-16.898757916123284,5.821687078192814,0.638187794604478,0.6568008082947447,1.1926090224557602
05/10/2023 16:35:46.654105,3708,True,True,True,True,Eyes,1.359397,-0.3544389,-2.936217,-0.3691236,0.2263284,0.9014007,0.0,0.0,0.0,0.0,0.0,0.0,0.0,-1.143199,-0.07661715,3.059934,1.372458,-0.3553772,-2.943813,-0.06964384,-0.03829551,-0.004968286,0.9968243,351.9969,355.6183,359.7355,0.4178025,-0.1088655,-0.9019915,0,0,0,0.5761972,0.1319825,-1.055147,-0.6506115,0.20896,1.9929,0.9970176,-0.004570922,0.07703981,0.01523911,0.9902501,-0.1384648,-0.07565577,0.1392258,0.9873664,static,-17.513892770677476,5.63526172753815,-18.080032669233677,5.985718288963392,-0.7962608,0.4873597,1.888666,-0.2996135064842983,0.09368434657271865,0.9494498347060978,-16.898352639640997,5.806874853517002,0.6463290912254935,0.6658334522861037,1.195137091190975
05/10/2023 16:35:46.677904,3709,True,True,True,True,Eyes,1.359367,-0.3544433,-2.936218,-0.3690117,0.2260507,0.9015161,0.0,0.0,0.0,0.0,0.0,0.0,0.0,-1.143551,-0.07584292,3.059829,1.372453,-0.3553319,-2.943829,-0.06960132,-0.03822725,-0.004747949,0.9968309,352.0028,355.6245,359.7602,0.4177858,-0.108868,-0.9019989,0,0,0,0.5762958,0.1315519,-1.054996,-0.6506115,0.2089601,1.9929,0.9970322,-0.004144469,0.07687314,0.01478714,0.9902662,-0.1383985,-0.07555129,0.1391245,0.9873887,static,-17.510025499713937,5.631582049323912,-18.080032669233677,5.985721132694636,-0.7961571999999999,0.4868838,1.888833,-0.29955106758279315,0.09362528575299627,0.9494752740562907,-16.894820496837887,5.803294679142417,0.6513531402475233,0.6710608494574564,1.1991694227884515
05/10/2023 16:35:46.693479,3710,True,True,True,True,Eyes,1.35934,-0.3544451,-2.936218,-0.3688951,0.2257873,0.9016299,0.0,0.0,0.0,0.0,0.0,0.0,0.0,-1.144349,-0.07545155,3.059574,1.372516,-0.3553747,-2.943829,-0.0696194,-0.03809924,-0.004572967,0.9968354,352.0015,355.6378,359.7794,0.4177699,-0.1088705,-0.902006,0,0,0,0.576728,0.1313365,-1.054796,-0.6506115,0.20896,1.9929,0.9970551,-0.003812097,0.07659408,0.01442188,0.9902645,-0.1384497,-0.07532061,0.1391466,0.9874032,moving,-17.51325919371581,5.6204251392551114,-18.080032669233677,5.985718288963392,-0.795788,0.4867112,1.889033,-0.29960995372839605,0.09343859406496971,0.9494751608048208,-16.898529121151544,5.792552664118658,0.6539218619854335,0.6742931541802852,1.1971898733084603
05/10/2023 16:35:46.703099,3711,True,True,True,True,Eyes,1.359314,-0.3544453,-2.936217,-0.3687757,0.2255291,0.9017433,0.0,0.0,0.0,0.0,0.0,0.0,0.0,-1.145111,-0.07574511,3.059269,1.372538,-0.3553186,-2.943813,-0.06965198,-0.03797945,-0.004597124,0.9968375,351.9977,355.6519,359.7758,0.4177549,-0.1088728,-0.9020127,0,0,0,0.5819283,0.1315443,-1.054263,-0.645898,0.2089599,1.9929,0.9970729,-0.003874483,0.07635907,0.01445586,0.9902549,-0.1385142,-0.07507828,0.1392126,0.9874123,moving,-17.51894157316143,5.599947868827383,-17.957486253129602,5.985715445232119,-0.7906097000000001,0.4868629,1.88955,-0.29971376053000787,0.09309606260491302,0.9494759901275088,-16.905092324732934,5.772834975302642,0.5622289602882528,0.584070252053269,1.0737090271593914
05/10/2023 16:35:46.723019,3712,True,True,True,True,Eyes,1.359287,-0.3544462,-2.936216,-0.3686616,0.2252795,0.9018524,0.0,0.0,0.0,0.0,0.0,0.0,0.0,-1.145444,-0.07577503,3.059108,1.372502,-0.3552788,-2.943797,-0.06963213,-0.03792159,-0.004645474,0.996841,351.9998,355.6589,359.7697,0.4177408,-0.1088749,-0.902019,0,0,0,0.586225,0.1315656,-1.053828,-0.6418087,0.20896,1.9929,0.9970807,-0.003980475,0.07625053,0.01454272,0.9902595,-0.138472,-0.07495663,0.1391766,0.9874266,moving,-17.518608751094593,5.584653700726759,-17.851030573067646,5.985718288963392,-0.7862770000000001,0.4868444,1.889969,-0.29971538658209906,0.09284256809681278,0.949500355142483,-16.90558295700035,5.758073494459525,0.4981112173374443,0.5209194483423562,0.9724676586869294
05/10/2023 16:35:46.743296,3713,True,True,True,True,Eyes,1.359252,-0.35445,-2.936221,-0.3685487,0.2250324,0.9019603,0.0,0.0,0.0,0.0,0.0,0.0,0.0,-1.145332,-0.07563812,3.059152,1.372482,-0.3552985,-2.943802,-0.06958351,-0.03793996,-0.004714253,0.9968433,352.0051,355.6574,359.7617,0.4177274,-0.1088769,-0.9020249,0,0,0,0.5901601,0.1314391,-1.053515,-0.6378179,0.20896,1.9929,0.9970767,-0.004118754,0.07629646,0.01467874,0.9902718,-0.13837,-0.07498432,0.1390854,0.9874374,moving,-17.510185526586497,5.571531572044859,-17.7470161341712,5.985718288963392,-0.7823219,0.4867376,1.8902869999999998,-0.2995817933350717,0.09262918722656358,0.949563421195988,-16.898160640428497,5.745346825316818,0.45392415420909854,0.4771156811096165,0.8822324465767318
05/10/2023 16:35:46.752928,3714,True,True,True,True,Eyes,1.359218,-0.3544533,-2.936224,-0.3684472,0.2248044,0.9020586,0.0,0.0,0.0,0.0,0.0,0.0,0.0,-1.144643,-0.07609737,3.059504,1.372436,-0.3553614,-2.943926,-0.06961688,-0.03804847,-0.004828499,0.9968362,352.0007,355.6458,359.7495,0.4177144,-0.1088788,-0.9020307,0,0,0,0.5941395,0.1316388,-1.053515,-0.6334451,0.20896,1.9929,0.997058,-0.004328814,0.07652847,0.01492408,0.9902603,-0.1384258,-0.0751839,0.1391607,0.9874116,moving,-17.492734074061403,5.548017927487854,-17.632906498888396,5.985718288963392,-0.7782965,0.4870002,1.8904109999999998,-0.29930319018654183,0.0922479394277682,0.9496883664111346,-16.882588021754295,5.722523966501887,0.43635764710372066,0.4595975577803863,0.7951409110999178
05/10/2023 16:35:46.776982,3715,True,True,True,True,Eyes,1.359188,-0.354455,-2.936225,-0.3683437,0.2246042,0.9021508,0.0,0.0,0.0,0.0,0.0,0.0,0.0,-1.144004,-0.07691666,3.05969,1.372438,-0.3553547,-2.943892,-0.06971954,-0.03815606,-0.004900476,0.9968247,351.9886,355.6339,359.7426,0.4177018,-0.1088807,-0.9020363,0,0,0,0.5981587,0.1321138,-1.053418,-0.6290563,0.20896,1.9929,0.9970402,-0.004449385,0.07675312,0.01509028,0.9902303,-0.1386223,-0.07538649,0.1393702,0.9873667,moving,-17.474281102935997,5.5200524164401745,-17.51823389208704,5.985718288963392,-0.7742793,0.4874685,1.890474,-0.29900994861940977,0.09179324445631291,0.9498248495521538,-16.866286305110442,5.695397451891401,0.44536163838713205,0.46773555830935665,0.7136678811623718
05/10/2023 16:35:46.793003,3716,True,True,True,True,Eyes,1.359158,-0.354456,-2.936228,-0.3682485,0.2244147,0.9022368,0.0,0.0,0.0,0.0,0.0,0.0,0.0,-1.143749,-0.0769648,3.05974,1.372438,-0.3553203,-2.94385,-0.06971408,-0.03819924,-0.004919014,0.9968233,351.9891,355.629,359.7408,0.4176897,-0.1088825,-0.9020417,0,0,0,0.6023779,0.13213,-1.053102,-0.6246719,0.2089599,1.9929,0.9970332,-0.004480726,0.07684163,0.01513282,0.9902315,-0.1386094,-0.07546993,0.139361,0.9873616,moving,-17.463222712778105,5.507551500574954,-17.403531397861496,5.985715445232119,-0.7700601,0.4874503,1.8907479999999999,-0.2988321953733029,0.09159134967289563,0.9499002591198983,-16.85629119824628,5.683250316783848,0.4622291150302798,0.4818753065333122,0.6252655355943837
05/10/2023 16:35:46.803452,3717,True,True,True,True,Eyes,1.359141,-0.3544558,-2.936229,-0.3681688,0.2242379,0.9023132,0.0,0.0,0.0,0.0,0.0,0.0,0.0,-1.143381,-0.07721359,3.059895,1.372436,-0.3553062,-2.943877,-0.0697506,-0.03825836,-0.00491971,0.9968185,351.9849,355.6222,359.7413,0.417678,-0.1088842,-0.902047,0,0,0,0.6065602,0.1322612,-1.052915,-0.6202493,0.20896,1.9929,0.9970242,-0.00447103,0.07695958,0.0151452,0.9902213,-0.1386809,-0.07558697,0.1394338,0.9873423,moving,-17.450852831804983,5.491764230737282,-17.28768351366743,5.985718288963392,-0.7658758,0.4875674,1.890962,-0.298634133632539,0.09133553692237215,0.9499870977590882,-16.845206400272456,5.6679219068103555,0.5036119170028152,0.520206534003099,0.5447756752902142
05/10/2023 16:35:46.823056,3718,True,True,True,True,Eyes,1.359125,-0.3544594,-2.93623,-0.3680905,0.2240626,0.9023887,0.0,0.0,0.0,0.0,0.0,0.0,0.0,-1.14362,-0.0773716,3.059789,1.372433,-0.3552969,-2.943867,-0.0697816,-0.03821817,-0.004907257,0.9968179,351.9814,355.6267,359.7426,0.417667,-0.1088857,-0.9020519,0,0,0,0.611184,0.1323557,-1.052528,-0.6157562,0.20896,1.9929,0.9970306,-0.004449432,0.07687799,0.01511713,0.9902129,-0.138744,-0.07550824,0.1394942,0.9873398,moving,-17.449654342086465,5.477787323313344,-17.169839424403698,5.985718288963392,-0.7612490000000001,0.4876526,1.891339,-0.2986206195229967,0.09110419605922668,0.9500135692993038,-16.84479279668181,5.654425039881012,0.5667966846516486,0.5799053836825486,0.464123396394679
05/10/2023 16:35:46.842871,3719,True,True,True,True,Eyes,1.359105,-0.3544608,-2.936234,-0.368003,0.2238896,0.9024674,0.0,0.0,0.0,0.0,0.0,0.0,0.0,-1.143872,-0.07677197,3.059742,1.372446,-0.3553881,-2.943883,-0.06974634,-0.03817406,-0.004791184,0.9968227,351.986,355.6309,359.7554,0.4176567,-0.1088872,-0.9020565,0,0,0,0.615503,0.1319547,-1.052109,-0.6115229,0.2089599,1.9929,0.9970396,-0.00422692,0.07677386,0.01487692,0.990225,-0.1386836,-0.0754372,0.1394152,0.9873564,moving,-17.446784013072353,5.475572169603645,-17.058672091400805,5.985715445232119,-0.756943,0.48734279999999996,1.891774,-0.2985740163262707,0.09106886505654961,0.9500316771834671,-16.84214383061435,5.65226568403609,0.6311265479339259,0.6409968996902647,0.39758424385392244
05/10/2023 16:35:46.853839,3720,True,True,True,True,Eyes,1.359085,-0.3544628,-2.936236,-0.3679132,0.223723,0.9025453,0.0,0.0,0.0,0.0,0.0,0.0,0.0,-1.144356,-0.0762738,3.05962,1.372465,-0.3553258,-2.94393,-0.06964175,-0.03809952,-0.004821536,0.9968326,351.9979,355.6398,359.7509,0.4176469,-0.1088886,-0.9020609,0,0,0,0.6202613,0.1316426,-1.051602,-0.6070745,0.20896,1.9929,0.9970503,-0.004305894,0.07662924,0.01491916,0.9902536,-0.1384749,-0.07528614,0.1392097,0.9873969,moving,-17.450165701584602,5.47596099533039,-16.941713399551116,5.985718288963392,-0.7522037,0.4869684,1.892328,-0.29862995016683835,0.0910736398656895,0.9500136141131328,-16.84538255023797,5.652666492005179,0.713099894711316,0.719983501099292,0.3467032333083825
05/10/2023 16:35:46.874159,3721,True,True,True,True,Eyes,1.359065,-0.3544641,-2.936237,-0.3678334,0.2235886,0.9026111,0.0,0.0,0.0,0.0,0.0,0.0,0.0,-1.144844,-0.07618791,3.059426,1.372467,-0.3553416,-2.943914,-0.06963452,-0.03802016,-0.004816464,0.9968362,351.9987,355.6489,359.7508,0.4176375,-0.1088899,-0.902065,0,0,0,0.6247041,0.1315803,-1.051141,-0.6029224,0.20896,1.9929,0.9970625,-0.00430742,0.07647052,0.01489748,0.9902557,-0.1384622,-0.07512896,0.1391946,0.987411,moving,-17.453759843762708,5.468774691125169,-16.832413695455717,5.985718288963392,-0.7477629000000001,0.4869219,1.8927729999999998,-0.29869285352525665,0.09095260534227077,0.9500054067652051,-16.849227926970467,5.645758862527058,0.8033125461092601,0.8082708205557461,0.34037498439860886
05/10/2023 16:35:46.892911,3722,True,True,True,True,Eyes,1.359044,-0.3544633,-2.93624,-0.3677583,0.2234674,0.9026717,0.0,0.0,0.0,0.0,0.0,0.0,0.0,-1.144957,-0.07606959,3.059366,1.372482,-0.3553228,-2.943887,-0.06963904,-0.03800155,-0.004753614,0.996837,351.9985,355.6506,359.7579,0.4176285,-0.1088912,-0.902069,0,0,0,0.6291086,0.1315149,-1.050753,-0.5985476,0.20896,1.9929,0.9970666,-0.004184373,0.07642477,0.01476994,0.9902556,-0.1384762,-0.07510062,0.1391988,0.9874126,moving,-17.449702138752475,5.463044753131114,-16.7171150083472,5.985718288963392,-0.7433734,0.4868377,1.893134,-0.29862811706901,0.09085952579836179,0.950034651120713,-16.845621013575293,5.640198734380628,0.8964722629644742,0.8999286242224162,0.36864285694796045
05/10/2023 16:35:46.903601,3723,True,True,True,True,Eyes,1.359023,-0.3544664,-2.936242,-0.3676493,0.22336,0.9027427,0.0,0.0,0.0,0.0,0.0,0.0,0.0,-1.14476,-0.07678995,3.059439,1.372463,-0.3552752,-2.94392,-0.06972984,-0.03803162,-0.004799694,0.9968292,351.9879,355.6474,359.7532,0.4176199,-0.1088923,-0.9020729,0,0,0,0.6338151,0.1319509,-1.050553,-0.5937288,0.2089599,1.9929,0.9970611,-0.004265071,0.07649142,0.01487283,0.9902294,-0.1386524,-0.07515269,0.1393826,0.9873827,moving,-17.439608016435162,5.443625442145734,-16.589953143639224,5.985715445232119,-0.7386479,0.4872261,1.8933669999999998,-0.2984694054321674,0.09054223610994236,0.9501148337411429,-16.836922337144184,5.62138260368419,1.0053287615898272,1.0078566238865911,0.44015020387462966
05/10/2023 16:35:46.923086,3724,True,True,True,True,Eyes,1.359004,-0.3544723,-2.936244,-0.3675584,0.2232424,0.9028088,0.0,0.0,0.0,0.0,0.0,0.0,0.0,-1.144365,-0.07670611,3.059577,1.372437,-0.3553747,-2.943907,-0.06969063,-0.03809679,-0.004896755,0.9968289,351.9919,355.6407,359.7424,0.4176115,-0.1088934,-0.9020766,0,0,0,0.6374005,0.1318078,-1.050313,-0.5899224,0.20896,1.9929,0.9970493,-0.004452477,0.07663447,0.01507243,0.9902384,-0.1385662,-0.07526943,0.1393124,0.9873837,moving,-17.428086618815207,5.436187481003615,-16.489388117842335,5.985718288963392,-0.7350364999999999,0.48718249999999996,1.8935939999999998,-0.29828154872116336,0.09042445779996411,0.9501850404262566,-16.826212364166143,5.614117746219502,1.0859000783255492,1.087721924310457,0.5015351795030478
05/10/2023 16:35:46.933226,3725,True,True,True,True,Eyes,1.359037,-0.3544697,-2.936243,-0.3673577,0.2230585,0.9029359,0.0,0.0,0.0,0.0,0.0,0.0,0.0,-1.143471,-0.0753971,3.059977,1.372478,-0.3554402,-2.943915,-0.06958885,-0.03823846,-0.00463777,0.9968319,352.0047,355.6223,359.7729,0.4176036,-0.1088947,-0.9020801,0,0,0,0.6408826,0.1309809,-1.050093,-0.5857356,0.20896,1.9929,0.9970326,-0.003924213,0.07688011,0.0145681,0.9902717,-0.1383821,-0.07558917,0.1390914,0.9873905,moving,-17.394804792640784,5.444976649317354,-16.378652137087002,5.985718288963392,-0.7315954000000001,0.4864211,1.8938220000000001,-0.2977251402882228,0.0905866946774409,0.950344045737187,-16.793668284304623,5.622347505711177,1.1500011041504687,1.1510724304908395,0.5516128430091942
05/10/2023 16:35:46.953693,3726,True,True,True,True,Eyes,1.35907,-0.3544655,-2.93624,-0.36716,0.2229015,0.9030551,0.0,0.0,0.0,0.0,0.0,0.0,0.0,-1.143383,-0.07700029,3.059958,1.372582,-0.355319,-2.943868,-0.06974018,-0.0382795,-0.004863331,0.9968187,351.9864,355.6193,359.7479,0.4175972,-0.1088957,-0.9020829,0,0,0,0.6452404,0.1319598,-1.04994,-0.5814779,0.20896,1.9929,0.997022,-0.00435648,0.07699376,0.01503496,0.9902253,-0.1386643,-0.07563708,0.1394089,0.9873419,moving,-17.38072893659275,5.4080757427270845,-16.26591177137492,5.985718288963392,-0.7273415999999999,0.4872788,1.893928,-0.2975080693619313,0.08998099417520321,0.9504695825169991,-16.782059387425818,5.586631402832733,1.2546262955254477,1.2555828220737497,0.652440575253019
05/10/2023 16:35:46.973116,3727,True,True,True,True,Eyes,1.35907,-0.3544655,-2.93624,-0.36716,0.2229015,0.9030551,0.0,0.0,0.0,0.0,0.0,0.0,0.0,-1.143738,-0.07866868,3.05978,1.372632,-0.3552805,-2.943847,-0.06995838,-0.03823417,-0.004990723,0.9968044,351.9608,355.6255,359.7338,0.4175923,-0.1088964,-0.9020851,0,0,0,0.6499863,0.1329876,-1.049732,-0.5770435,0.2089601,1.9929,0.9970265,-0.004599948,0.07692228,0.01529915,0.9901618,-0.139088,-0.0755257,0.1398513,0.9872879,moving,-17.387189277424476,5.378520650189483,-16.148354763983594,5.985721132694636,-0.7226457000000001,0.4882681,1.8941149999999998,-0.29762853223064306,0.08948717855692136,0.9504784898220551,-16.78985402085086,5.5581594488876265,1.3790051889431592,1.379638857689503,0.7709282003021684
05/10/2023 16:35:46.983020,3728,True,True,True,True,Eyes,1.35907,-0.3544655,-2.93624,-0.36716,0.2229015,0.9030551,0.0,0.0,0.0,0.0,0.0,0.0,0.0,-1.144299,-0.08084571,3.059407,1.372541,-0.3553193,-2.943774,-0.07016277,-0.0381446,-0.005390021,0.9967914,351.9356,355.639,359.6879,0.417588,-0.108897,-0.9020871,0,0,0,0.6548885,0.1342365,-1.049419,-0.5726746,0.20896,1.9929,0.9970319,-0.005392792,0.07680078,0.01609812,0.9900963,-0.1394641,-0.07528806,0.1402865,0.9872444,moving,-17.403530879289054,5.33998970334624,-16.032397413103485,5.985718288963392,-0.7176525,0.4895558,1.8943549999999998,-0.297916949862216,0.08883959675347412,0.9504488807777796,-16.8076486415984,5.521100512971592,1.515149541230885,1.5155765861140704,0.9038164332708514
05/10/2023 16:35:47.008972,3729,True,True,True,True,Eyes,1.35907,-0.3544655,-2.93624,-0.36716,0.2229015,0.9030551,0.0,0.0,0.0,0.0,0.0,0.0,0.0,-1.144639,-0.07957214,3.059314,1.37249,-0.3553945,-2.94379,-0.06990893,-0.03808828,-0.005525701,0.9968107,351.9641,355.6467,359.6707,0.417584,-0.1088976,-0.9020889,0,0,0,0.659467,0.1333377,-1.048781,-0.5683328,0.2089601,1.9929,0.9970375,-0.005690733,0.07670621,0.01634158,0.9901645,-0.138951,-0.07516102,0.1397929,0.9873241,moving,-17.413435658283962,5.363720305295947,-15.917025560084154,5.985721132694636,-0.713023,0.4887322,1.895009,-0.2980708401519802,0.08922875254954282,0.9503641733082142,-16.815936094257278,5.544075632135831,1.6207602512646717,1.620533310758842,1.0015442559424164
05/10/2023 16:35:47.023085,3730,True,True,True,True,Eyes,1.35907,-0.3544655,-2.93624,-0.36716,0.2229015,0.9030551,0.0,0.0,0.0,0.0,0.0,0.0,0.0,-1.144263,-0.07763439,3.059463,1.372494,-0.3553561,-2.943749,-0.06965812,-0.03814461,-0.005341869,0.9968271,351.9937,355.6388,359.6913,0.4175805,-0.1088981,-0.9020905,0,0,0,0.6634327,0.132148,-1.048233,-0.5639997,0.20896,1.9929,0.9970329,-0.005335676,0.07679137,0.015964,0.9902384,-0.1384667,-0.07530294,0.1392817,0.9873855,moving,-17.404886259001604,5.399163024753288,-15.801752629788567,5.985718288963392,-0.7090613000000001,0.4875041,1.895516,-0.2979130974989254,0.08982125674007918,0.9503578200417403,-16.805815617795943,5.578213373115604,1.7076646395982482,1.7070689825213121,1.0836063585668063
05/10/2023 16:35:47.042913,3731,True,True,True,True,Eyes,1.35907,-0.3544655,-2.93624,-0.36716,0.2229015,0.9030551,0.0,0.0,0.0,0.0,0.0,0.0,0.0,-1.143381,-0.07709935,3.0598,1.372508,-0.3553365,-2.943739,-0.06960059,-0.03828758,-0.005252029,0.9968261,352.0007,355.6216,359.7025,0.4175773,-0.1088986,-0.9020919,0,0,0,0.6672732,0.1317991,-1.048021,-0.5595422,0.2089601,1.9929,0.997013,-0.005141044,0.0770632,0.01580039,0.9902564,-0.1383572,-0.07560103,0.1391615,0.9873796,moving,-17.387294939268706,5.408460962733734,-15.683033178707763,5.985721132694636,-0.7052348,0.4871356,1.8957179999999998,-0.29761690345933417,0.08998418723700227,0.9504352070293024,-16.78836741276631,5.5870528266012025,1.8000584314053725,1.7993714047782279,1.1750319941453506
05/10/2023 16:35:47.053898,3732,True,True,True,True,Eyes,1.35907,-0.3544655,-2.93624,-0.36716,0.2229015,0.9030551,0.0,0.0,0.0,0.0,0.0,0.0,0.0,-1.143645,-0.07584566,3.059773,1.372547,-0.3553205,-2.943765,-0.06939352,-0.03825166,-0.005245167,0.996842,352.0245,355.6257,359.7021,0.4175744,-0.108899,-0.9020932,0,0,0,0.6720312,0.1309875,-1.04744,-0.5549334,0.2089601,1.9929,0.9970186,-0.005148371,0.0769897,0.01576604,0.990314,-0.1379475,-0.07553377,0.13875,0.9874427,moving,-17.392166633637526,5.4324275762929135,-15.560138652336146,5.985721132694636,-0.7005157999999999,0.48630799999999996,1.896325,-0.2976870106705773,0.0903796735375039,0.9503757237153788,-16.79179134266978,5.6102176135856325,1.914395515158412,1.9137555444274679,1.2876223213618658
05/10/2023 16:35:47.078243,3733,True,True,True,True,Eyes,1.359381,-0.3544297,-2.936221,-0.36609,0.2226062,0.9035622,0.0,0.0,0.0,0.0,0.0,0.0,0.0,-1.143695,-0.07528156,3.059801,1.37254,-0.3553204,-2.943802,-0.06931746,-0.03824047,-0.00520232,0.9968479,352.0334,355.6267,359.7067,0.4175718,-0.1088994,-0.9020944,0,0,0,0.6762645,0.13062,-1.047058,-0.5506899,0.20896,1.9929,0.9970212,-0.005070379,0.07696109,0.01567331,0.9903361,-0.1378,-0.07551864,0.1385958,0.9874655,moving,-17.32570384784355,5.4200233072812205,-15.446854936089407,5.985718288963392,-0.6962755,0.4859404,1.8967439999999998,-0.2965890639843588,0.09020619269728208,0.9507354140722972,-16.728391091609357,5.597744504546117,1.9627954839323911,1.9621631036945213,1.3389766896028903
05/10/2023 16:35:47.093606,3734,True,True,True,True,Eyes,1.35968,-0.3543944,-2.936204,-0.365062,0.2223273,0.9040467,0.0,0.0,0.0,0.0,0.0,0.0,0.0,-1.143503,-0.07462078,3.059914,1.372594,-0.355346,-2.9438,-0.06927463,-0.03827413,-0.005050472,0.9968505,352.039,355.6216,359.7242,0.4175777,-0.1088983,-0.9020917,0,0,0,0.6801187,0.1302188,-1.046741,-0.5466387,0.20896,1.9929,0.9970192,-0.004766278,0.0770069,0.01537198,0.990351,-0.1377263,-0.07560741,0.1384995,0.9874722,moving,-17.254764774183855,5.409110095901339,-15.338589193580189,5.985718288963392,-0.6924753000000001,0.4855648,1.897059,-0.2954156635194738,0.09005938419640186,0.9511146203353696,-16.660597386214295,5.586676403357475,2.0016758310786655,2.0010511897520464,1.3809200150115943
05/10/2023 16:35:47.103516,3735,True,True,True,True,Eyes,1.360059,-0.3543546,-2.936184,-0.36392,0.2222151,0.9045345,0.0,0.0,0.0,0.0,0.0,0.0,0.0,-1.143529,-0.07504326,3.05994,1.372605,-0.3553256,-2.943845,-0.06934096,-0.03827067,-0.005048735,0.996846,352.0314,355.6219,359.7247,0.4175908,-0.1088958,-0.902086,0,0,0,0.6845897,0.1304716,-1.046502,-0.542181,0.2089601,1.9929,0.9970198,-0.004758171,0.07700008,0.01537307,0.9903327,-0.1378581,-0.07559975,0.138631,0.9874544,moving,-17.183712766012857,5.3899299381079535,-15.219330200554495,5.985721132694636,-0.6880153000000001,0.48579720000000004,1.897343,-0.2942435320489175,0.0897749510713391,0.9515046929814778,-16.593133424895555,5.567629795561783,2.0533791227289924,2.0527459684587863,1.4360138110044172
05/10/2023 16:35:47.127484,3736,True,True,True,True,Eyes,1.360423,-0.3543153,-2.936169,-0.3628311,0.2221129,0.904997,0.0,0.0,0.0,0.0,0.0,0.0,0.0,-1.143468,-0.07548684,3.059945,1.372527,-0.3552764,-2.94388,-0.06936486,-0.03827155,-0.005146696,0.9968437,352.0282,355.6227,359.7135,0.4176125,-0.108892,-0.9020764,0,0,0,0.6890885,0.1307109,-1.046219,-0.5376569,0.20896,1.9929,0.9970176,-0.0049515,0.07701551,0.0155703,0.990324,-0.1378979,-0.07558751,0.1386858,0.9874476,moving,-17.117463176306384,5.372513187834427,-15.0981565245218,5.985718288963392,-0.6834385000000001,0.4859873,1.897661,-0.2931499855666932,0.08951717452306765,0.951866523684006,-16.53020458825518,5.550321225773144,2.1109914563128056,2.1103601232946123,1.4967739506943658
05/10/2023 16:35:47.143323,3737,True,True,True,True,Eyes,1.360839,-0.3542754,-2.93615,-0.361656,0.2222247,0.9054397,0.0,0.0,0.0,0.0,0.0,0.0,0.0,-1.142739,-0.07605675,3.060276,1.372508,-0.3552523,-2.943967,-0.06943575,-0.03838772,-0.005182202,0.9968342,352.0199,355.6095,359.7107,0.4176414,-0.1088868,-0.9020637,0,0,0,0.6927305,0.1310234,-1.04622,-0.5335647,0.20896,1.9929,0.996999,-0.005000631,0.07725205,0.01566255,0.9903036,-0.138034,-0.07581272,0.1388297,0.9874101,moving,-17.03215859758415,5.364472674892479,-14.988431612074564,5.985718288963392,-0.6797775,0.48627570000000003,1.8977469999999999,-0.2917349016387051,0.08942404392918743,0.9523098327201006,-16.44841267476033,5.541916593387915,2.13668187651183,2.136063225726815,1.5259438549293773
05/10/2023 16:35:47.153583,3738,True,True,True,True,Eyes,1.361239,-0.3542374,-2.936131,-0.3605337,0.2223437,0.905858,0.0,0.0,0.0,0.0,0.0,0.0,0.0,-1.142132,-0.07705793,3.060509,1.372581,-0.3552659,-2.943964,-0.06959628,-0.03849817,-0.005193237,0.9968185,352.0014,355.5968,359.711,0.4176784,-0.1088805,-0.9020473,0,0,0,0.6967678,0.1316129,-1.046184,-0.5291766,0.2089601,1.9929,0.9969819,-0.004994771,0.07747424,0.01571209,0.9902588,-0.1383499,-0.07602853,0.1391496,0.9873485,moving,-16.95001238043858,5.347934824682769,-14.870647551834187,5.985721132694636,-0.6758132,0.48687880000000006,1.8977799999999998,-0.2903754406636073,0.08918771578708437,0.9527474170741573,-16.370115678029027,5.5253358793853105,2.175601370447511,2.174978037848746,1.5685532324211873
05/10/2023 16:35:47.173285,3739,True,True,True,True,Eyes,1.361551,-0.3542093,-2.936118,-0.3592505,0.2226613,0.9062897,0.0,0.0,0.0,0.0,0.0,0.0,0.0,-1.141517,-0.07812315,3.060716,1.372596,-0.3552746,-2.943961,-0.06972283,-0.03860524,-0.005310006,0.996805,351.9863,355.5853,359.699,0.417722,-0.1088731,-0.902028,0,0,0,0.7006655,0.1322037,-1.046129,-0.5249563,0.2089601,1.9929,0.9969629,-0.005202749,0.07770424,0.01596941,0.990221,-0.1385901,-0.07622333,0.1394101,0.9872967,moving,-16.860953642328706,5.3428023093882935,-14.75724608196566,5.985721132694636,-0.6719304999999999,0.48747830000000003,1.8978319999999997,-0.2888953049051899,0.08914407527157227,0.9532013602811018,-16.28455113999873,5.519709074586153,2.2003562877877987,2.199756830399727,1.5968180793678106
05/10/2023 16:35:47.192951,3740,True,True,True,True,Eyes,1.361852,-0.354181,-2.936105,-0.3580129,0.222959,0.9067062,0.0,0.0,0.0,0.0,0.0,0.0,0.0,-1.141449,-0.07818723,3.060758,1.372597,-0.355336,-2.943972,-0.06974018,-0.03861677,-0.005316721,0.9968033,351.9843,355.584,359.6984,0.4177693,-0.1088652,-0.902007,0,0,0,0.7052226,0.1321924,-1.045814,-0.5203478,0.20896,1.9929,0.9969609,-0.005213169,0.07772822,0.01598573,0.9902161,-0.1386238,-0.07624505,0.1394451,0.9872901,moving,-16.784084166750628,5.353815530999711,-14.633278317161361,5.985718288963392,-0.6673744,0.4875284,1.898158,-0.28761054393009133,0.08936338564884831,0.9535693187657951,-16.20987829773987,5.529755235876375,2.2422021100472533,2.2417107079526373,1.6412098599937148
05/10/2023 16:35:47.210998,3741,True,True,True,True,Eyes,1.36211,-0.3541594,-2.936096,-0.3566165,0.2234111,0.907145,0.0,0.0,0.0,0.0,0.0,0.0,0.0,-1.141864,-0.07766885,3.06061,1.372612,-0.3553042,-2.943962,-0.06963213,-0.03855413,-0.0053618,0.9968131,351.9965,355.5916,359.6922,0.4178197,-0.1088568,-0.9019847,0,0,0,0.7096571,0.1318427,-1.045294,-0.5161834,0.20896,1.9929,0.9969696,-0.005320212,0.07760923,0.01605864,0.9902453,-0.138407,-0.07611582,0.1392339,0.9873299,moving,-16.70756673873066,5.386874335243322,-14.521136125197746,5.985718288963392,-0.6629548999999999,0.48714690000000005,1.898668,-0.2863216109696514,0.08994980581512463,0.9539019164599812,-16.134375164978657,5.561078178327206,2.267204664164945,2.2669567505140003,1.6681904636564582
05/10/2023 16:35:47.223301,3742,True,True,True,True,Eyes,1.362358,-0.3541383,-2.936089,-0.3552739,0.2238352,0.9075672,0.0,0.0,0.0,0.0,0.0,0.0,0.0,-1.141789,-0.07751963,3.060703,1.372573,-0.3553734,-2.944036,-0.0696196,-0.03855905,-0.005355769,0.9968138,351.998,355.591,359.6928,0.4178718,-0.1088483,-0.9019616,0,0,0,0.7140203,0.1316943,-1.045017,-0.511744,0.20896,1.9929,0.996969,-0.005308478,0.07761812,0.01604634,0.9902489,-0.1383825,-0.07612666,0.1392086,0.9873326,moving,-16.625335527136112,5.409200498338755,-14.401463198445942,5.985718288963392,-0.6585527,0.4870677,1.899019,-0.2849416495037027,0.09036027647946011,0.9542762912850528,-16.053934365049546,5.582000823226914,2.297387265477744,2.2973856657558724,1.7010728228376821
05/10/2023 16:35:47.243091,3743,True,True,True,True,Eyes,1.362567,-0.3541193,-2.936084,-0.3537869,0.224357,0.9080192,0.0,0.0,0.0,0.0,0.0,0.0,0.0,-1.141907,-0.0767571,3.060701,1.372569,-0.3553618,-2.944063,-0.06949567,-0.03853915,-0.00534547,0.9968233,352.0122,355.5933,359.6933,0.4179251,-0.1088397,-0.9019379,0,0,0,0.7183677,0.1311945,-1.044563,-0.5074433,0.20896,1.9929,0.9969723,-0.005300372,0.07757641,0.01601359,0.9902836,-0.1381378,-0.07609046,0.1389618,0.9873701,moving,-16.53775835393254,5.449911517027937,-14.285406651142884,5.985718288963392,-0.6542012999999999,0.4865563,1.8995,-0.2834640558473261,0.09107991225804515,0.9546479352383794,-15.967365619261438,5.620624509922766,2.3147747483081944,2.315205625837876,1.721127374115175
05/10/2023 16:35:47.261886,3744,True,True,True,True,Eyes,1.362768,-0.3541,-2.936079,-0.3523525,0.2248664,0.9084508,0.0,0.0,0.0,0.0,0.0,0.0,0.0,-1.141533,-0.07700518,3.060878,1.372615,-0.3553258,-2.944092,-0.06959858,-0.03859922,-0.005177298,0.9968147,352.0011,355.585,359.7137,0.4179784,-0.1088311,-0.9019142,0,0,0,0.7225112,0.1314067,-1.044416,-0.5029866,0.2089601,1.9929,0.9969666,-0.004948713,0.0776732,0.01569452,0.9902585,-0.1383541,-0.07623188,0.1391534,0.9873323,moving,-16.44055171084763,5.469856055149528,-14.165013937689146,5.985721132694636,-0.6501037999999999,0.4867325,1.899676,-0.2818341997408612,0.09145799394207155,0.955094213848231,-15.872617512095218,5.63913555530198,2.3325535716279857,2.333278580731775,1.7424211688856954
05/10/2023 16:35:47.278931,3745,True,True,True,True,Eyes,1.362934,-0.3540792,-2.936074,-0.3507361,0.225444,0.908933,0.0,0.0,0.0,0.0,0.0,0.0,0.0,-1.141824,-0.07794264,3.060735,1.372643,-0.3553024,-2.944071,-0.06963471,-0.03856849,-0.005456778,0.9968118,351.9958,355.5908,359.6813,0.4180315,-0.1088225,-0.9018906,0,0,0,0.7271248,0.1318692,-1.044073,-0.4987057,0.2089601,1.9929,0.9969654,-0.00550735,0.07765101,0.01625017,0.9902425,-0.1384045,-0.07613109,0.1392463,0.987327,moving,-16.351008121003595,5.484512441684551,-14.049249884324814,5.985721132694636,-0.6455182,0.48717160000000004,1.899998,-0.28033378699000366,0.0917443067305452,0.9555082194950416,-15.78553578648246,5.652601488658648,2.3547018370507575,2.3556954667491836,1.7679528928322883
05/10/2023 16:35:47.292942,3746,True,True,True,True,Eyes,1.363089,-0.3540604,-2.936069,-0.3491896,0.2259908,0.9093925,0.0,0.0,0.0,0.0,0.0,0.0,0.0,-1.14275,-0.07857323,3.06031,1.372567,-0.3551908,-2.944053,-0.06961848,-0.03841642,-0.00571258,0.9968174,351.9966,355.6104,359.6505,0.4180837,-0.1088139,-0.9018675,0,0,0,0.7321409,0.1321928,-1.04352,-0.4943675,0.20896,1.9929,0.9969831,-0.006039813,0.07738371,0.01673778,0.9902413,-0.1383549,-0.07579291,0.1392327,0.9873549,moving,-16.279358752022993,5.5051326097225335,-13.931816785568957,5.985718288963392,-0.6404261000000001,0.4873836,1.9005329999999998,-0.27912890755761915,0.09212185363738243,0.9558245417110571,-15.71538451667541,5.671957909857552,2.394826930705419,2.3962295130797218,1.8109553906545743
05/10/2023 16:35:47.303701,3747,True,True,True,True,Eyes,1.363221,-0.3540464,-2.936066,-0.347497,0.2265969,0.90989,0.0,0.0,0.0,0.0,0.0,0.0,0.0,-1.142333,-0.07784563,3.060465,1.372501,-0.3552189,-2.94406,-0.06959051,-0.0384645,-0.005498914,0.9968187,352.0007,355.6031,359.6754,0.4181346,-0.1088054,-0.9018449,0,0,0,0.7363985,0.131786,-1.043188,-0.4896921,0.2089601,1.9929,0.9969804,-0.005609312,0.0774496,0.01631637,0.9902538,-0.1383152,-0.07591891,0.1391613,0.9873553,moving,-16.167805060022044,5.546641108035337,-13.80512202714783,5.985721132694636,-0.6361025,0.48700489999999996,1.900872,-0.2772481638021448,0.09286694462690546,0.9562998057422226,-15.605664347388098,5.711169741522047,2.401099386088938,2.4031359474416973,1.8213541976702423
05/10/2023 16:35:47.323419,3748,True,True,True,True,Eyes,1.363349,-0.354034,-2.936062,-0.3458716,0.2271755,0.9103648,0.0,0.0,0.0,0.0,0.0,0.0,0.0,-1.141681,-0.07830608,3.060736,1.372538,-0.3552826,-2.944077,-0.06972851,-0.03857011,-0.005368283,0.9968056,351.9854,355.5898,359.692,0.4181838,-0.1087972,-0.9018231,0,0,0,0.7399043,0.1320804,-1.043159,-0.4857178,0.20896,1.9929,0.9969671,-0.005323397,0.07764245,0.01608114,0.9902182,-0.1385974,-0.07614517,0.1394256,0.9873005,moving,-16.054593410138096,5.5644482213906725,-13.697317377175764,5.985718288963392,-0.6326337000000001,0.487363,1.900918,-0.27534898035186733,0.09321708427192381,0.9568142216673401,-15.495603649134951,5.727497051342864,2.3923019806942714,2.3946228858447323,1.8167310542496784
05/10/2023 16:35:47.343299,3749,True,True,True,True,Eyes,1.363454,-0.3540238,-2.936053,-0.3441278,0.2277759,0.9108755,0.0,0.0,0.0,0.0,0.0,0.0,0.0,-1.141742,-0.07800111,3.060692,1.372565,-0.3553033,-2.944031,-0.06973067,-0.03856003,-0.00525286,0.9968066,351.9857,355.5901,359.7052,0.4182315,-0.1087892,-0.901802,0,0,0,0.7441361,0.1319181,-1.042766,-0.4814572,0.20896,1.9929,0.996971,-0.005094537,0.07760634,0.0158498,0.9902201,-0.1386109,-0.07614119,0.1394211,0.9873015,moving,-15.948221757190415,5.598562667775644,-13.581636814598738,5.985718288963392,-0.6284289000000001,0.4872214,1.9012649999999998,-0.2735561598571304,0.09383668562458788,0.9572678223408073,-15.39127032951215,5.759612791185467,2.3951327346222655,2.3980437371989116,1.8237042398435308
05/10/2023 16:35:47.360627,3750,True,True,True,True,Eyes,1.363555,-0.3540142,-2.936045,-0.3424501,0.2283432,0.9113656,0.0,0.0,0.0,0.0,0.0,0.0,0.0,-1.142373,-0.07735172,3.060388,1.372624,-0.3553063,-2.943915,-0.06964778,-0.03846652,-0.005206384,0.9968162,351.9954,355.6005,359.7095,0.4182771,-0.1087816,-0.9017817,0,0,0,0.7488996,0.1315272,-1.042109,-0.4770638,0.20896,1.9929,0.9969864,-0.005021401,0.07741332,0.01573783,0.9902442,-0.1384515,-0.07596286,0.1392526,0.987339,moving,-15.856969623847121,5.638455140426693,-13.462232280262828,5.985718288963392,-0.6237244000000001,0.48683350000000003,1.901806,-0.2720128751107623,0.0945461560928022,0.9576377002716958,-15.301203000530995,5.797418768124591,2.4160774074571294,2.4197848332214944,1.8485859513562635
05/10/2023 16:35:47.373540,3751,True,True,True,True,Eyes,1.36364,-0.3540028,-2.936037,-0.3406654,0.228929,0.9118873,0.0,0.0,0.0,0.0,0.0,0.0,0.0,-1.142639,-0.07661858,3.060313,1.372636,-0.3553092,-2.943916,-0.06955082,-0.03842326,-0.005151443,0.9968249,352.0068,355.6051,359.715,0.4183208,-0.1087744,-0.9017623,0,0,0,0.7533485,0.1310709,-1.041624,-0.4727381,0.20896,1.9929,0.9969942,-0.004925434,0.07731909,0.01561491,0.9902723,-0.1382641,-0.07588594,0.1390558,0.9873726,moving,-15.753453929693482,5.680718514717935,-13.344551191460573,5.985718288963392,-0.6192875,0.4863801,1.902292,-0.2702627150759199,0.09530131231516693,0.9580582312209674,-15.199189987357318,5.837419882169285,2.4235800417662583,2.4281345235706744,1.8605583787409092
05/10/2023 16:35:47.393057,3752,True,True,True,True,Eyes,1.36372,-0.3539919,-2.93603,-0.3389465,0.2294967,0.9123851,0.0,0.0,0.0,0.0,0.0,0.0,0.0,-1.14311,-0.07678217,3.06012,1.37263,-0.3552289,-2.943914,-0.06952506,-0.03835002,-0.005251087,0.996829,352.0093,355.6143,359.7028,0.4183624,-0.1087674,-0.9017439,0,0,0,0.7580042,0.1311423,-1.041177,-0.4684162,0.20896,1.9929,0.9970034,-0.005136296,0.07718698,0.01580144,0.9902774,-0.1382064,-0.07572665,0.1390119,0.9873911,moving,-15.659931077351452,5.708638154639701,-13.226858849719937,5.985718288963392,-0.6146258,0.4863712,1.902737,-0.26868532540444423,0.09581206779839764,0.9584509791594209,-15.107569292037526,5.863654822642578,2.4435741859283104,2.448798453468275,1.8846674130075776
05/10/2023 16:35:47.403751,3753,True,True,True,True,Eyes,1.363789,-0.3539842,-2.936021,-0.3371359,0.2300779,0.9129094,0.0,0.0,0.0,0.0,0.0,0.0,0.0,-1.143339,-0.07734472,3.060006,1.3726,-0.3552306,-2.943913,-0.06957737,-0.03831177,-0.005352101,0.9968262,352.0029,355.6196,359.6911,0.418402,-0.1087607,-0.9017263,0,0,0,0.762457,0.1314309,-1.040855,-0.4641422,0.2089599,1.9929,0.9970071,-0.005338965,0.07712512,0.01600149,0.9902607,-0.138303,-0.07563558,0.1391232,0.9873824,moving,-15.556617497655306,5.728007936642231,-13.110359029096292,5.985715445232119,-0.610143,0.48666149999999997,1.9030579999999997,-0.26694701784432806,0.09618430819838754,0.9588993149783753,-15.00696567345679,5.88156501448736,2.4540875084982696,2.4597954498251067,1.8994641548754496
05/10/2023 16:35:47.427994,3754,True,True,True,True,Eyes,1.363853,-0.353975,-2.936012,-0.3354022,0.2306397,0.9134061,0.0,0.0,0.0,0.0,0.0,0.0,0.0,-1.143027,-0.07788548,3.060051,1.372561,-0.3552673,-2.943867,-0.06964431,-0.03835958,-0.005420766,0.9968193,351.9949,355.6146,359.6839,0.4184395,-0.1087544,-0.9017097,0,0,0,0.7667015,0.1316994,-1.040594,-0.4597113,0.20896,1.9929,0.9969983,-0.005463997,0.0772302,0.0161501,0.9902405,-0.1384297,-0.07572009,0.1392615,0.9873564,moving,-15.447599143359914,5.745603791045388,-12.98946587272742,5.985718288963392,-0.6058594999999999,0.4869667,1.903273,-0.2651131079695205,0.09652945398071634,0.9593732928297858,-14.90095777696073,5.897720188360803,2.463669179080421,2.4698328178848095,1.9135163876118622
05/10/2023 16:35:47.443376,3755,True,True,True,True,Eyes,1.36389,-0.3539709,-2.936005,-0.3335764,0.2311979,0.9139335,0.0,0.0,0.0,0.0,0.0,0.0,0.0,-1.142443,-0.07838616,3.060235,1.372513,-0.3552231,-2.943872,-0.06969298,-0.03844921,-0.005480327,0.9968123,351.989,355.6047,359.6779,0.418475,-0.1087483,-0.9016939,0,0,0,0.7707176,0.1319657,-1.04042,-0.4553315,0.20896,1.9929,0.9969832,-0.005566433,0.07741716,0.01628499,0.9902257,-0.1385202,-0.0758894,0.1393631,0.9873291,moving,-15.328158933576248,5.764884516930011,-12.869851164192426,5.985718288963392,-0.6017954000000001,0.4871888,1.903452,-0.2631029018833543,0.09690758677314747,0.9598884876223817,-14.784815670259306,5.915422412163901,2.4615941784182134,2.46820676684174,1.916254307181325
05/10/2023 16:35:47.453365,3756,True,True,True,True,Eyes,1.363925,-0.3539673,-2.935998,-0.3318257,0.231731,0.9144356,0.0,0.0,0.0,0.0,0.0,0.0,0.0,-1.141903,-0.07872614,3.060433,1.372504,-0.3552866,-2.943874,-0.06975144,-0.03853631,-0.005495072,0.9968047,351.9822,355.5947,359.6772,0.4185079,-0.1087427,-0.9016793,0,0,0,0.7747137,0.1321146,-1.040247,-0.4509903,0.20896,1.9929,0.9969695,-0.0055791,0.07759292,0.01633095,0.9902091,-0.1386336,-0.07605977,0.1394807,0.9872994,moving,-15.212729933894272,5.783438750348911,-12.751177928001647,5.985718288963392,-0.5977903,0.4874012,1.9036270000000002,-0.2611592298453429,0.09727162081811468,0.9603822710456784,-14.672578202277226,5.932453918820366,2.462783161158909,2.4698492442770856,1.9221384203831422
05/10/2023 16:35:47.477341,3757,True,True,True,True,Eyes,1.363896,-0.3539682,-2.935992,-0.3299049,0.2322486,0.9149991,0.0,0.0,0.0,0.0,0.0,0.0,0.0,-1.141714,-0.07846496,3.060517,1.372494,-0.3552909,-2.943886,-0.06976079,-0.03855973,-0.005368462,0.9968039,351.9817,355.591,359.692,0.4185385,-0.1087376,-0.9016657,0,0,0,0.7788512,0.1319896,-1.039954,-0.4466494,0.20896,1.9929,0.9969687,-0.005322691,0.077622,0.01608252,0.9902092,-0.1386617,-0.07612398,0.1394897,0.9872932,moving,-15.091721087204558,5.811266338562225,-12.63240155143904,5.985718288963392,-0.5936428000000001,0.4872805,1.903932,-0.2591169948002239,0.09779375963628648,0.960882288227169,-14.554470764116127,5.958392045481208,2.457797720489088,2.465499150678559,1.9222634527826734
05/10/2023 16:35:47.493065,3758,True,True,True,True,Eyes,1.363868,-0.3539699,-2.935988,-0.3280537,0.2327332,0.9155414,0.0,0.0,0.0,0.0,0.0,0.0,0.0,-1.14195,-0.07808635,3.060399,1.372504,-0.355287,-2.94384,-0.06974255,-0.03851904,-0.005265073,0.9968072,351.9843,355.5949,359.7035,0.4185654,-0.108733,-0.9016538,0,0,0,0.7832586,0.1317956,-1.039501,-0.4423233,0.2089599,1.9929,0.9969772,-0.005123693,0.0775265,0.01586936,0.9902166,-0.1386341,-0.07605771,0.1394454,0.9873045,moving,-14.982766032946872,5.839956483062981,-12.513920226194426,5.985715445232119,-0.5892453999999999,0.48708260000000003,1.9043389999999998,-0.2572757607179986,0.09832496790163212,0.9613227404019986,-14.447935283380923,5.985253753713139,2.4647223613736537,2.473144818358149,1.9340151122944078
05/10/2023 16:35:47.503152,3759,True,True,True,True,Eyes,1.363841,-0.3539721,-2.935982,-0.3260869,0.2332052,0.9161237,0.0,0.0,0.0,0.0,0.0,0.0,0.0,-1.142574,-0.07696748,3.060218,1.372503,-0.3553022,-2.943862,-0.06963306,-0.03840984,-0.005094349,0.99682,351.9976,355.6061,359.7219,0.418589,-0.108729,-0.9016433,0,0,0,0.7880496,0.1311659,-1.038932,-0.4378146,0.2089601,1.9929,0.9969974,-0.004807108,0.07728486,0.01550549,0.9902505,-0.1384319,-0.07586592,0.1392146,0.9873519,moving,-14.873675935908539,5.8804566672695575,-12.390322098417501,5.985721132694636,-0.5844534,0.4864681,1.9049300000000002,-0.25542636984568706,0.09905471372077596,0.9617408687570108,-14.34064307784981,6.023511198059343,2.4761272033584025,2.485583812681176,1.9506870614873288
05/10/2023 16:35:47.527389,3760,True,True,True,True,Eyes,1.363815,-0.3539751,-2.935977,-0.324192,0.2336589,0.9166805,0.0,0.0,0.0,0.0,0.0,0.0,0.0,-1.14327,-0.07660732,3.059932,1.372489,-0.3553074,-2.943833,-0.0696414,-0.0382873,-0.004941906,0.9968249,351.9973,355.6191,359.7385,0.4186095,-0.1087255,-0.9016342,0,0,0,0.7925537,0.131025,-1.038439,-0.4336517,0.20896,1.9929,0.9970193,-0.004519667,0.07701979,0.01518519,0.9902512,-0.1384621,-0.07564315,0.139219,0.9873683,moving,-14.770337398050732,5.906107206367616,-12.276099336564606,5.985718288963392,-0.5799353,0.4863324,1.9053940000000003,-0.2536792182951766,0.09953259001412686,0.9621539332267411,-14.239682185990254,6.047482168687428,2.485359560138578,2.495508251206182,1.9645539909600638
05/10/2023 16:35:47.543258,3761,True,True,True,True,Eyes,1.363767,-0.3539765,-2.935973,-0.3222446,0.2340981,0.9172549,0.0,0.0,0.0,0.0,0.0,0.0,0.0,-1.143784,-0.07659617,3.059799,1.372493,-0.355327,-2.943889,-0.06968347,-0.0381988,-0.004846205,0.9968258,351.993,355.6285,359.749,0.4186274,-0.1087225,-0.9016262,0,0,0,0.7970194,0.1310574,-1.038107,-0.4294551,0.20896,1.9929,0.9970347,-0.004337995,0.07683048,0.01498529,0.9902415,-0.1385543,-0.07547969,0.1392948,0.9873701,moving,-14.66087766816392,5.924727400457775,-12.16085151491759,5.985718288963392,-0.5754735999999999,0.4863844,1.905782,-0.251831429243758,0.09989509450331566,0.9626016598604011,-14.133194536546325,6.0646224965614755,2.4901125801196295,2.5007700124954204,1.973920684562642
05/10/2023 16:35:47.558593,3762,True,True,True,True,Eyes,1.363721,-0.3539779,-2.93597,-0.3203728,0.2345205,0.9178025,0.0,0.0,0.0,0.0,0.0,0.0,0.0,-1.144296,-0.07693663,3.059563,1.372506,-0.3552493,-2.943855,-0.06970171,-0.03812059,-0.004913466,0.9968272,351.9906,355.6381,359.7407,0.4186424,-0.10872,-0.9016196,0,0,0,0.8017849,0.1312573,-1.037665,-0.425041,0.20896,1.9929,0.9970453,-0.004481613,0.07668424,0.01510989,0.990235,-0.1385865,-0.07531433,0.1393357,0.987377,moving,-14.558072567994277,5.939783311346342,-12.03952277843528,5.985718288963392,-0.5707211,0.4865066,1.90619,-0.2500962674599275,0.10019459030721203,0.9630228065742382,-14.033309869356984,6.07837362494594,2.5078248444259987,2.5189686509872136,1.9959388706100363
05/10/2023 16:35:47.574493,3763,True,True,True,True,Eyes,1.363662,-0.3539802,-2.935969,-0.3184722,0.2349122,0.9183636,0.0,0.0,0.0,0.0,0.0,0.0,0.0,-1.14429,-0.07713038,3.059604,1.372494,-0.3552491,-2.943906,-0.06970751,-0.03812154,-0.004973623,0.9968264,351.9897,355.6385,359.7338,0.4186547,-0.1087178,-0.9016142,0,0,0,0.8062028,0.1313194,-1.037387,-0.4206366,0.20896,1.9929,0.997044,-0.004600964,0.07669451,0.01523039,0.9902323,-0.1385934,-0.07530771,0.1393518,0.9873753,moving,-14.444423023335771,5.954199461211342,-11.918351331674348,5.985718288963392,-0.5662912000000001,0.48656849999999996,1.906519,-0.24817817651820862,0.10048807536005283,0.9634883108253932,-13.923007021661046,6.091425321500289,2.514704481835603,2.526268320649267,2.007440761796921
05/10/2023 16:35:47.592953,3764,True,True,True,True,Eyes,1.363605,-0.3539825,-2.935967,-0.3166463,0.2352926,0.9188974,0.0,0.0,0.0,0.0,0.0,0.0,0.0,-1.144305,-0.07762191,3.059603,1.372459,-0.3552516,-2.943939,-0.06975323,-0.03811646,-0.005058779,0.9968231,351.984,355.6397,359.7241,0.4186643,-0.108716,-0.90161,0,0,0,0.8105019,0.1315573,-1.037136,-0.416371,0.20896,1.9929,0.9970431,-0.004767923,0.07669646,0.01540291,0.9902179,-0.1386776,-0.075285,0.1394489,0.9873632,moving,-14.336362617238885,5.96292882296113,-11.800895257474446,5.985718288963392,-0.5619571000000001,0.4868089,1.9068029999999998,-0.2463556952949337,0.10068317890981981,0.9639355204190647,-13.818392818561456,6.099031526356106,2.5237177376751747,2.5355697766363137,2.020677188162536
05/10/2023 16:35:47.603061,3765,True,True,True,True,Eyes,1.363564,-0.3539849,-2.935965,-0.3148212,0.2356246,0.9194393,0.0,0.0,0.0,0.0,0.0,0.0,0.0,-1.14422,-0.07808393,3.059576,1.372429,-0.3552574,-2.943904,-0.06980401,-0.0381285,-0.005124174,0.9968187,351.9779,355.6388,359.7169,0.4186715,-0.1087145,-0.9016068,0,0,0,0.8147951,0.1317896,-1.036834,-0.4120371,0.20896,1.9929,0.9970399,-0.004892702,0.07672976,0.01553879,0.9902023,-0.1387731,-0.075299,0.1395546,0.9873472,moving,-14.225936415320241,5.968779492273197,-11.681455372594819,5.985718288963392,-0.5576338999999999,0.487047,1.9070699999999998,-0.2444937814864918,0.1008306285532184,0.9643940800518678,-13.711651133212452,6.103841874326021,2.5324702477270047,2.5445374235059632,2.033629270011802
05/10/2023 16:35:47.623073,3766,True,True,True,True,Eyes,1.363525,-0.3539872,-2.935962,-0.3130679,0.235945,0.9199556,0.0,0.0,0.0,0.0,0.0,0.0,0.0,-1.143621,-0.07788914,3.05985,1.37248,-0.3552748,-2.943925,-0.06978746,-0.03823276,-0.005085889,0.996816,351.9799,355.6265,359.7221,0.418677,-0.1087133,-0.9016044,0,0,0,0.8187011,0.1316455,-1.036623,-0.4077375,0.2089599,1.9929,0.9970248,-0.004803057,0.07693191,0.01547573,0.9902077,-0.1387416,-0.07551218,0.1395194,0.987336,moving,-14.107738210890775,5.984853642378637,-11.562858948521836,5.985715445232119,-0.5537789,0.4869203,1.907302,-0.24249576659887925,0.1011534765019051,0.9648645689318114,-13.596876220553588,6.118459131703218,2.532388884564191,2.5448794082902304,2.038344217550468
05/10/2023 16:35:47.643578,3767,True,True,True,True,Eyes,1.363498,-0.3539896,-2.935958,-0.3112635,0.2362085,0.9205002,0.0,0.0,0.0,0.0,0.0,0.0,0.0,-1.143642,-0.07804781,3.059812,1.37247,-0.3552749,-2.943903,-0.06983048,-0.03822593,-0.005047322,0.9968135,351.9752,355.627,359.7267,0.418681,-0.1087123,-0.9016026,0,0,0,0.8229254,0.131755,-1.036307,-0.4034915,0.20896,1.9929,0.9970266,-0.004723806,0.07691316,0.01540115,0.9901965,-0.1388301,-0.07550333,0.1396018,0.987325,moving,-13.998690377285808,5.9910664010225965,-11.445642314651979,5.985718288963392,-0.5495446,0.4870299,1.907596,-0.24065522553208324,0.10130593287273844,0.9653093858931583,-13.491443827721712,6.123629327969031,2.5403469181146177,2.5530536642266153,2.0504446555705975
05/10/2023 16:35:47.658602,3768,True,True,True,True,Eyes,1.363474,-0.3539916,-2.935954,-0.3095247,0.2364562,0.9210228,0.0,0.0,0.0,0.0,0.0,0.0,0.0,-1.143468,-0.07796767,3.0599,1.372486,-0.3552915,-2.943915,-0.06984417,-0.038254,-0.004986685,0.9968117,351.9739,355.6232,359.7339,0.4186839,-0.1087116,-0.9016013,0,0,0,0.8272858,0.1317116,-1.036014,-0.3989828,0.20896,1.9929,0.9970235,-0.004597933,0.07696066,0.01528521,0.9901938,-0.1388615,-0.07556749,0.1396245,0.9873168,moving,-13.889379469705327,6.000453406800871,-11.32106711868684,5.985718288963392,-0.5452002000000001,0.4870031,1.907901,-0.2388081048000577,0.10151176441417213,0.9657464073532434,-13.385589472333793,6.131860700789398,2.555319225288882,2.568354620392557,2.0696884193622673
05/10/2023 16:35:47.673248,3769,True,True,True,True,Eyes,1.363469,-0.3539926,-2.935947,-0.3077342,0.2366496,0.9215729,0.0,0.0,0.0,0.0,0.0,0.0,0.0,-1.143952,-0.07759041,3.05971,1.372498,-0.3552825,-2.943891,-0.06979039,-0.03817692,-0.004968161,0.9968185,351.9802,355.632,359.7352,0.418686,-0.108711,-0.9016004,0,0,0,0.8319834,0.1314787,-1.035513,-0.3945681,0.2089601,1.9929,0.9970357,-0.004575946,0.07680438,0.01523347,0.9902093,-0.1387573,-0.07541747,0.139516,0.9873437,moving,-13.78986179072353,6.01319399205134,-11.198983956112762,5.985721132694636,-0.5405146,0.4867612,1.908378,-0.2371240364409002,0.10176972867432073,0.9661340976861027,-13.288996133284114,6.143402401817712,2.5775431468897185,2.5910234873266993,2.0959518800193853
05/10/2023 16:35:47.683598,3770,True,True,True,True,Eyes,1.363464,-0.3539923,-2.935941,-0.3060069,0.2368298,0.9221016,0.0,0.0,0.0,0.0,0.0,0.0,0.0,-1.144468,-0.07705063,3.059509,1.372495,-0.3552835,-2.943869,-0.06973825,-0.03808906,-0.004885576,0.996826,351.9865,355.6415,359.7438,0.4186878,-0.1087106,-0.9015996,0,0,0,0.8362706,0.1311854,-1.035034,-0.390546,0.20896,1.9929,0.9970507,-0.00442761,0.07661775,0.01505267,0.9902254,-0.1386616,-0.07525489,0.139406,0.9873716,moving,-13.69418665278601,6.027277245210204,-11.087667897126114,5.985718288963392,-0.5362244,0.4864689,1.9088349999999998,-0.23550364341907515,0.10204857767294091,0.9665009360934325,-13.19603508905777,6.1562688613641505,2.5929278380839276,2.6068500475576153,2.115254054188291
05/10/2023 16:35:47.703344,3771,True,True,True,True,Eyes,1.36347,-0.3539915,-2.935934,-0.3041704,0.23697,0.922673,0.0,0.0,0.0,0.0,0.0,0.0,0.0,-1.145053,-0.07671401,3.059303,1.372498,-0.3552501,-2.943878,-0.06966555,-0.03799562,-0.00491821,0.9968345,351.9948,355.6526,359.739,0.4186894,-0.1087102,-0.9015989,0,0,0,0.8409248,0.1309528,-1.034545,-0.3862643,0.20896,1.9929,0.9970643,-0.00451131,0.07643595,0.01509925,0.990245,-0.1385163,-0.07506543,0.1392638,0.9874061,moving,-13.594767973973303,6.037301548219561,-10.969073921611086,5.985718288963392,-0.5315732,0.4862029,1.9093330000000002,-0.23382111372009623,0.10226038817034751,0.9668869519520383,-13.099681277719416,6.165190083133067,2.611920241498333,2.626200694776736,2.138152901643241
05/10/2023 16:35:47.723266,3772,True,True,True,True,Eyes,1.363475,-0.3539901,-2.935928,-0.3024056,0.2371042,0.9232185,0.0,0.0,0.0,0.0,0.0,0.0,0.0,-1.145424,-0.07647192,3.059178,1.372491,-0.3552482,-2.943889,-0.06963385,-0.03793315,-0.004900442,0.9968391,351.9985,355.6597,359.7404,0.4186911,-0.1087099,-0.9015982,0,0,0,0.8455919,0.1307987,-1.034117,-0.3818054,0.20896,1.9929,0.9970741,-0.004487042,0.07630897,0.01505277,0.9902542,-0.1384557,-0.07494402,0.1391993,0.9874244,moving,-13.495085622770496,6.044032934124361,-10.845470671933754,5.985718288963392,-0.5268991,0.4860469,1.909772,-0.23213484472403548,0.10241652198790244,0.9672767014665969,-13.003248034701775,6.170931625296858,2.635677156685068,2.6502565886226646,2.1657116906989007
05/10/2023 16:35:47.749119,3773,True,True,True,True,Eyes,1.363472,-0.3539866,-2.93592,-0.3005206,0.2371987,0.9238096,0.0,0.0,0.0,0.0,0.0,0.0,0.0,-1.14545,-0.07651818,3.059154,1.372473,-0.3552328,-2.943885,-0.06963683,-0.03792632,-0.004906305,0.9968391,351.9981,355.6605,359.7397,0.4186928,-0.1087095,-0.9015975,0,0,0,0.8498635,0.1308121,-1.033784,-0.377535,0.2089601,1.9929,0.997075,-0.004499456,0.07629618,0.01506373,0.9902533,-0.1384613,-0.07492955,0.1392056,0.9874246,moving,-13.382069265401553,6.0430665296862935,-10.72699687454621,5.985721132694636,-0.5226095000000001,0.4860449,1.9101009999999998,-0.23022569407317098,0.10244796965732597,0.9677295979042023,-12.894371570287262,6.169143857483612,2.6410963825500753,2.655691603940194,2.1751222879892604
05/10/2023 16:35:47.753193,3774,True,True,True,True,Eyes,1.363467,-0.3539883,-2.935912,-0.2987135,0.2372901,0.924372,0.0,0.0,0.0,0.0,0.0,0.0,0.0,-1.145248,-0.07721227,3.05918,1.372452,-0.3552071,-2.943865,-0.06975693,-0.03795438,-0.004883252,0.9968299,351.9844,355.657,359.7431,0.4186943,-0.1087091,-0.9015968,0,0,0,0.8541445,0.1312605,-1.033571,-0.3731,0.2089601,1.9929,0.9970712,-0.004440382,0.07634939,0.0150307,0.9902202,-0.1387009,-0.07498682,0.1394422,0.9873869,moving,-13.268842311585347,6.0296386956609505,-10.603858259871352,5.985721132694636,-0.5183075,0.4864676,1.9102940000000002,-0.22831706564295298,0.10226838903170613,0.9682006172097346,-12.78595325442799,6.155329143066377,2.651013498278733,2.6653458965445447,2.1886766418206687
05/10/2023 16:35:47.773305,3775,True,True,True,True,Eyes,1.363428,-0.3539914,-2.935905,-0.296773,0.2373285,0.924987,0.0,0.0,0.0,0.0,0.0,0.0,0.0,-1.144912,-0.07750598,3.059248,1.372406,-0.35529,-2.943824,-0.06979568,-0.03800448,-0.004939093,0.996825,351.9797,355.6517,359.7372,0.4186957,-0.1087089,-0.9015962,0,0,0,0.8589091,0.1313524,-1.033241,-0.3681214,0.20896,1.9929,0.9970625,-0.004541724,0.07645709,0.01515192,0.9902083,-0.1387727,-0.07507818,0.1395236,0.9873685,moving,-13.146811575517363,6.0193553378328755,-10.46550838888532,5.985718288963392,-0.5134969,0.48664240000000003,1.9105830000000001,-0.22625732605373206,0.10214503032588312,0.9686970609003568,-12.668882826574908,6.144482249512617,2.667327611180013,2.6815141673501923,2.2090868945863544
05/10/2023 16:35:47.783077,3776,True,True,True,True,Eyes,1.363393,-0.3539898,-2.9359,-0.2949238,0.2373718,0.9255672,0.0,0.0,0.0,0.0,0.0,0.0,0.0,-1.14402,-0.07597408,3.0596,1.37241,-0.3552614,-2.943805,-0.069624,-0.03814267,-0.004724405,0.9968327,352.0003,355.634,359.7623,0.418696,-0.1087088,-0.9015961,0,0,0,0.8619416,0.1305068,-1.032903,-0.3643868,0.20896,1.9929,0.9970456,-0.004107593,0.07670159,0.01473017,0.9902603,-0.1384466,-0.07538585,0.1391674,0.9873953,moving,-13.01599232723995,6.041532813471924,-10.361646759612155,5.985718288963392,-0.5104683999999999,0.4857682,1.9109019999999999,-0.22403505018979353,0.10257402839798423,0.9691681618492152,-12.541619660167546,6.164893750031838,2.6403394801640974,2.65493232560294,2.1873238655958054
05/10/2023 16:35:47.802983,3777,True,True,True,True,Eyes,1.363369,-0.3539883,-2.935896,-0.2929378,0.2374225,0.9261847,0.0,0.0,0.0,0.0,0.0,0.0,0.0,-1.142832,-0.07671636,3.060054,1.372442,-0.3551499,-2.943833,-0.06972844,-0.03834034,-0.004711337,0.9968179,351.9883,355.6111,359.7659,0.4186954,-0.1087088,-0.9015964,0,0,0,0.8654882,0.1309849,-1.032905,-0.3600868,0.20896,1.9929,0.9970157,-0.004045867,0.0770937,0.01473952,0.9902315,-0.1386518,-0.07577965,0.1393744,0.9873359,moving,-12.873047939198397,6.0259450651772,-10.241975701937662,5.985718288963392,-0.5069537999999999,0.4861348,1.9109280000000002,-0.22162115210773625,0.1023682798352034,0.969744758640747,-12.404673596925813,6.148769837185379,2.617256930571983,2.6313797352736388,2.1688356305547374
05/10/2023 16:35:47.823287,3778,True,True,True,True,Eyes,1.363347,-0.3539876,-2.935888,-0.2910223,0.2374904,0.9267709,0.0,0.0,0.0,0.0,0.0,0.0,0.0,-1.14256,-0.07890114,3.060182,1.37253,-0.3551647,-2.943875,-0.07006922,-0.03839864,-0.004760691,0.9967915,351.949,355.6046,359.7622,0.4186943,-0.1087087,-0.9015968,0,0,0,0.8696653,0.1323107,-1.033009,-0.3558091,0.2089601,1.9929,0.9970058,-0.004109709,0.07721803,0.01487196,0.9901353,-0.1393232,-0.07588372,0.1400544,0.9872317,moving,-12.750610748791761,5.983530659518901,-10.122835571313713,5.985721132694636,-0.5028647,0.4874754,1.9108659999999997,-0.2195635086127915,0.10169888193333666,0.970283037765481,-12.288916093342639,6.106913217384553,2.6146208585681805,2.627776090450349,2.169468218090459
05/10/2023 16:35:47.843236,3779,True,True,True,True,Eyes,1.36331,-0.3539903,-2.935879,-0.288977,0.2375285,0.9274009,0.0,0.0,0.0,0.0,0.0,0.0,0.0,-1.143017,-0.08073246,3.05987,1.372576,-0.3551894,-2.943753,-0.07028161,-0.03834203,-0.004997943,0.9967776,351.9236,355.613,359.7353,0.4186929,-0.1087087,-0.9015975,0,0,0,0.8744055,0.1332933,-1.032713,-0.3514985,0.20896,1.9929,0.9970098,-0.004574196,0.07713947,0.01535315,0.9900711,-0.139727,-0.07573442,0.1404935,0.9871808,moving,-12.637522258369177,5.948537329329825,-10.002689579361281,5.985718288963392,-0.49817050000000007,0.4884827,1.91104,-0.21766019765728772,0.10115045139144388,0.9707690501355909,-12.181775363186107,6.072288719720339,2.6226494740292674,2.6350950021066035,2.1808047351262103
05/10/2023 16:35:47.862249,3780,True,True,True,True,Eyes,1.363273,-0.3539925,-2.935872,-0.2870074,0.237545,0.9280082,0.0,0.0,0.0,0.0,0.0,0.0,0.0,-1.143875,-0.08116508,3.059502,1.37253,-0.355257,-2.94373,-0.07020584,-0.03821221,-0.005387597,0.9967858,351.9306,355.6312,359.6889,0.4186908,-0.1087089,-0.9015985,0,0,0,0.8795464,0.1332442,-1.032158,-0.347074,0.20896,1.9929,0.9970216,-0.00537512,0.07693525,0.016106,0.9900842,-0.1395486,-0.07542229,0.1403721,0.987222,moving,-12.541380407338965,5.941270101705945,-9.879276456823153,5.985718288963392,-0.4929836000000001,0.48850119999999997,1.911572,-0.21603285929974483,0.10106474694842045,0.9711415007989455,-12.089497214416804,6.0645483078293845,2.6500214722124045,2.6624749923149262,2.211626091628571
05/10/2023 16:35:47.873224,3781,True,True,True,True,Eyes,1.363248,-0.3539941,-2.935863,-0.2849661,0.2375582,0.9286336,0.0,0.0,0.0,0.0,0.0,0.0,0.0,-1.144262,-0.07960021,3.059373,1.372468,-0.3552433,-2.943734,-0.06996192,-0.03813891,-0.00535051,0.996806,351.9588,355.6394,359.6916,0.4186881,-0.1087091,-0.9015997,0,0,0,0.8841228,0.1322625,-1.031512,-0.3426692,0.20896,1.9929,0.9970336,-0.005330298,0.07678284,0.01600338,0.9901534,-0.1390688,-0.07528552,0.139885,0.9873015,moving,-12.427002802664337,5.965185562346174,-9.756320785285409,5.985718288963392,-0.48834520000000003,0.4875058,1.912222,-0.21408389872019426,0.10151469027515828,0.9715260117734936,-11.977988671377005,6.086761386158632,2.657721337334147,2.670760946025218,2.2239644564564225
05/10/2023 16:35:47.893217,3782,True,True,True,True,Eyes,1.363225,-0.3539954,-2.935854,-0.2830065,0.2375526,0.9292341,0.0,0.0,0.0,0.0,0.0,0.0,0.0,-1.143412,-0.07861513,3.059666,1.372395,-0.3552463,-2.943715,-0.06988404,-0.03825738,-0.005141928,0.9968081,351.9686,355.6241,359.7162,0.418685,-0.1087095,-0.901601,0,0,0,0.8880906,0.1317579,-1.031168,-0.3380033,0.2089601,1.9929,0.9970199,-0.004903871,0.07698921,0.01559819,0.9901795,-0.1389285,-0.07555185,0.1397154,0.9873052,moving,-12.29182922743564,5.973528833534352,-9.625977746274195,5.985721132694636,-0.4843044000000001,0.4870042,1.912547,-0.2117870475720446,0.10170825278671919,0.9720090571633626,-11.847262662737956,6.093789849100268,2.652655589772264,2.665879361818438,2.2239122122006023
05/10/2023 16:35:47.903241,3783,True,True,True,True,Eyes,1.363201,-0.3539959,-2.935847,-0.2809426,0.2375375,0.9298641,0.0,0.0,0.0,0.0,0.0,0.0,0.0,-1.143417,-0.07716277,3.059702,1.37241,-0.3552341,-2.943711,-0.0696765,-0.03825701,-0.005058547,0.996823,351.9928,355.6235,359.7249,0.4186819,-0.1087099,-0.9016024,0,0,0,0.8920531,0.1308796,-1.030649,-0.3339775,0.2089601,1.9929,0.9970216,-0.004753724,0.07697584,0.01541618,0.9902393,-0.1385232,-0.07556601,0.1392973,0.9873632,moving,-12.166830307149564,5.992624297043346,-9.51343511670514,5.985721132694636,-0.48035689999999986,0.4861137,1.913062,-0.20965795420095035,0.10208011859998008,0.9724316143033946,-11.725772773291943,6.11127123149261,2.6398090717358818,2.6534041701843365,2.215897275159698
05/10/2023 16:35:47.922965,3784,True,True,True,True,Eyes,1.363178,-0.3539952,-2.935842,-0.2789627,0.2375215,0.9304641,0.0,0.0,0.0,0.0,0.0,0.0,0.0,-1.144093,-0.07603303,3.059505,1.372389,-0.3552082,-2.943752,-0.06954256,-0.03813753,-0.004925789,0.9968376,352.0088,355.6363,359.7387,0.4186785,-0.1087104,-0.901604,0,0,0,0.8966118,0.1302646,-1.030116,-0.3297506,0.20896,1.9929,0.9970425,-0.004516061,0.07671896,0.01512479,0.9902791,-0.1382695,-0.07534875,0.1390209,0.9874187,moving,-12.05924637726982,6.005437055640788,-9.395190892590183,5.985718288963392,-0.4757772000000001,0.4854728,1.913636,-0.20782611483724728,0.1023384850512422,0.9727976319931201,-11.621401169085752,6.122821543829793,2.6501840898973654,2.6641284607186155,2.2304280973995647
05/10/2023 16:35:47.944941,3785,True,True,True,True,Eyes,1.363178,-0.353995,-2.935836,-0.276965,0.2375064,0.9310645,0.0,0.0,0.0,0.0,0.0,0.0,0.0,-1.143925,-0.07593471,3.059617,1.372387,-0.3551767,-2.943806,-0.06955442,-0.03816002,-0.004841564,0.9968362,352.0078,355.633,359.7487,0.4186749,-0.1087108,-0.9016056,0,0,0,0.9007841,0.1302546,-1.029868,-0.325417,0.2089599,1.9929,0.9970407,-0.004344097,0.0767521,0.01496089,0.9902774,-0.1382992,-0.07540509,0.1390382,0.987412,moving,-11.934930495785105,5.999723517308563,-9.27387793219734,5.985715445232119,-0.47160290000000005,0.4854313,1.913938,-0.20571599029934898,0.10228808476084032,0.9732512951326227,-11.50188581981073,6.116367261607074,2.6472639187422082,2.6610894333449813,2.231835353333563
05/10/2023 16:35:47.953052,3786,True,True,True,True,Eyes,1.363179,-0.3539942,-2.935832,-0.2750389,0.2374903,0.9316394,0.0,0.0,0.0,0.0,0.0,0.0,0.0,-1.144105,-0.07608861,3.05955,1.372391,-0.3552243,-2.943802,-0.06961203,-0.03812854,-0.00478513,0.9968337,352.0014,355.6362,359.7552,0.4186718,-0.1087112,-0.901607,0,0,0,0.9052041,0.1303679,-1.029555,-0.3210744,0.20896,1.9929,0.9970466,-0.004231547,0.07668184,0.01484837,0.9902626,-0.1384183,-0.07534944,0.1391482,0.9874008,moving,-11.82148646834258,5.988409097540544,-9.15222882723571,5.985718288963392,-0.46718689999999996,0.48559220000000003,1.9142469999999998,-0.20379174053678845,0.10213788582405786,0.9736718079045105,-11.393146158794258,6.104590361841057,2.655611221035163,2.669258997373281,2.244067970581487
05/10/2023 16:35:47.973255,3787,True,True,True,True,Eyes,1.363205,-0.3539914,-2.935827,-0.2730556,0.2374994,0.9322203,0.0,0.0,0.0,0.0,0.0,0.0,0.0,-1.144658,-0.07607192,3.059381,1.372398,-0.355209,-2.94384,-0.0695927,-0.0380406,-0.004821923,0.9968383,352.0035,355.6466,359.7501,0.418669,-0.1087116,-0.9016082,0,0,0,0.9100153,0.1303214,-1.029152,-0.3166237,0.2089601,1.9929,0.9970593,-0.004318657,0.07651179,0.01490805,0.9902672,-0.1383785,-0.0751695,0.1391122,0.9874195,moving,-11.713251164384447,5.984896425523312,-9.027465113737385,5.985721132694636,-0.46238270000000004,0.48553040000000003,1.9146879999999997,-0.20195246751075036,0.10211792406838727,0.9740570537058352,-11.289012871576979,6.10038160848046,2.672106693434667,2.6857861772658413,2.2644525355362886
05/10/2023 16:35:47.983454,3788,True,True,True,True,Eyes,1.363229,-0.3539895,-2.935822,-0.2711551,0.2375161,0.9327706,0.0,0.0,0.0,0.0,0.0,0.0,0.0,-1.144643,-0.07663354,3.059388,1.372419,-0.3551975,-2.943847,-0.06967337,-0.038047,-0.004845909,0.9968323,351.9942,355.6461,359.7478,0.4186672,-0.1087118,-0.901609,0,0,0,0.9140964,0.1306458,-1.028933,-0.3125475,0.20896,1.9929,0.9970579,-0.004359393,0.07652821,0.01496284,0.9902443,-0.1385366,-0.07517769,0.139274,0.9873961,moving,-11.598744116774894,5.970748406439305,-8.91312371133574,5.985718288963392,-0.4583226,0.4858433,1.9149139999999998,-0.2000094890376884,0.1019188620553771,0.9744786955556285,-11.179398980757878,6.085862224911112,2.6722520517121495,2.685662126830915,2.2684868094616477
05/10/2023 16:35:48.003924,3789,True,True,True,True,Eyes,1.363273,-0.3539864,-2.935817,-0.2692412,0.2375536,0.9333153,0.0,0.0,0.0,0.0,0.0,0.0,0.0,-1.144259,-0.07732636,3.059506,1.372417,-0.355221,-2.943837,-0.0697908,-0.03810871,-0.00484548,0.9968218,351.9807,355.6389,359.7488,0.4186663,-0.1087119,-0.9016094,0,0,0,0.918231,0.1310553,-1.028758,-0.3081631,0.20896,1.9929,0.9970484,-0.004340884,0.07665151,0.01497943,0.9902115,-0.1387686,-0.07529882,0.1395072,0.9873539,moving,-11.476671484138922,5.954158681984395,-8.790057076709074,5.985718288963392,-0.454186,0.4862763,1.9150789999999998,-0.19793769950865953,0.1016803368422155,0.9749265418878303,-11.0626227487575,6.06892933334322,2.6736923446787255,2.6867997660790253,2.2740885672461606
05/10/2023 16:35:48.023410,3790,True,True,True,True,Eyes,1.363314,-0.3539858,-2.935811,-0.2674039,0.2375909,0.9338339,0.0,0.0,0.0,0.0,0.0,0.0,0.0,-1.143887,-0.07822567,3.059614,1.372383,-0.3552234,-2.943844,-0.06989801,-0.03816732,-0.004942725,0.9968115,351.9679,355.6328,359.7386,0.4186667,-0.1087118,-0.9016093,0,0,0,0.9224927,0.1315199,-1.028582,-0.3036984,0.20896,1.9929,0.9970376,-0.00451829,0.07678223,0.01518957,0.9901796,-0.138973,-0.07540028,0.1397276,0.9873151,moving,-11.361533543210957,5.936370468615786,-8.664652426926079,5.985718288963392,-0.44989029999999985,0.4867433,1.9152619999999998,-0.19598342592837437,0.101418260806053,0.975348587646326,-10.952593914750077,6.050892366923184,2.684494817041343,2.6973325643581716,2.2888695708021896
05/10/2023 16:35:48.043235,3791,True,True,True,True,Eyes,1.363375,-0.353986,-2.935806,-0.265527,0.2375955,0.9343681,0.0,0.0,0.0,0.0,0.0,0.0,0.0,-1.143767,-0.07834592,3.059648,1.372365,-0.3552884,-2.943836,-0.0699248,-0.03818437,-0.004951295,0.9968089,351.9648,355.631,359.7378,0.4186681,-0.1087117,-0.9016086,0,0,0,0.9267018,0.1315451,-1.028285,-0.2993995,0.20896,1.9929,0.9970348,-0.00453092,0.07681747,0.01521106,0.990172,-0.1390252,-0.0754326,0.1397815,0.987305,moving,-11.247302544008294,5.928299067011155,-8.543825654850457,5.985718288963392,-0.44566320000000004,0.48683350000000003,1.9155510000000002,-0.1940404084282687,0.10132075736186394,0.9757470879646369,-10.842923698011965,6.042239043885834,2.691341209597443,2.704086584645569,2.2997926880060477
05/10/2023 16:35:48.053918,3792,True,True,True,True,Eyes,1.363435,-0.3539844,-2.9358,-0.2637237,0.237597,0.9348783,0.0,0.0,0.0,0.0,0.0,0.0,0.0,-1.143241,-0.07836688,3.059901,1.37238,-0.3553352,-2.943882,-0.06994393,-0.03827113,-0.004924414,0.9968044,351.9627,355.6207,359.7417,0.418671,-0.1087116,-0.9016073,0,0,0,0.9308392,0.1315293,-1.028082,-0.2949088,0.20896,1.9929,0.9970222,-0.004463688,0.07698654,0.01517102,0.9901672,-0.1390639,-0.07560881,0.1398178,0.9872863,moving,-11.128955636648355,5.921859430424685,-8.417526272527295,5.985718288963392,-0.44154079999999996,0.48686450000000003,1.9158,-0.19202590017948368,0.10125197919527867,0.9761526778792743,-10.729199904037593,6.035129239108999,2.699485560783214,2.7121812532409773,2.31220163926382
05/10/2023 16:35:48.073412,3793,True,True,True,True,Eyes,1.363516,-0.3539807,-2.935795,-0.2618733,0.2375803,0.9354026,0.0,0.0,0.0,0.0,0.0,0.0,0.0,-1.143286,-0.07827082,3.059858,1.372396,-0.3552904,-2.943851,-0.06991222,-0.03826791,-0.004946597,0.9968066,351.9662,355.6212,359.739,0.4186751,-0.1087113,-0.9016054,0,0,0,0.9351987,0.1314483,-1.027684,-0.290579,0.2089601,1.9929,0.9970222,-0.004510813,0.07698308,0.01521239,0.9901757,-0.1389993,-0.07559977,0.1397565,0.9872957,moving,-11.019151970342053,5.919078732250983,-8.29567406155432,5.985721132694636,-0.4371972999999999,0.48673869999999997,1.916167,-0.1901550143462135,0.1012421684967075,0.9765199138393522,-10.623516159521623,6.031614977206088,2.7115568852077097,2.7242931430357658,2.3282944569003408
05/10/2023 16:35:48.093180,3794,True,True,True,True,Eyes,1.363595,-0.353978,-2.93579,-0.260096,0.2375534,0.9359052,0.0,0.0,0.0,0.0,0.0,0.0,0.0,-1.143312,-0.077759,3.059907,1.372356,-0.3552776,-2.943919,-0.06981353,-0.03825791,-0.004972242,0.9968138,351.9774,355.6227,359.7355,0.418681,-0.1087109,-0.9016027,0,0,0,0.9394006,0.1310786,-1.027325,-0.2863765,0.20896,1.9929,0.9970232,-0.004570958,0.07696629,0.01525464,0.9902027,-0.1388017,-0.07557777,0.1395626,0.9873248,moving,-10.914824233847064,5.923509236796017,-8.177332089844619,5.985718288963392,-0.4329553999999999,0.4863562,1.9165940000000001,-0.1883744568713462,0.10135310011153617,0.9768534708700207,-10.52272765899888,6.0351010041895155,2.7252779403750758,2.738198897933944,2.3459153924154097
05/10/2023 16:35:48.103478,3795,True,True,True,True,Eyes,1.363716,-0.3539731,-2.935784,-0.2582707,0.2375464,0.9364122,0.0,0.0,0.0,0.0,0.0,0.0,0.0,-1.143548,-0.07656834,3.059832,1.372375,-0.3552958,-2.943891,-0.06973043,-0.03821168,-0.004709903,0.9968228,351.9882,355.6259,359.765,0.4186883,-0.1087103,-0.9015994,0,0,0,0.9437293,0.130534,-1.026836,-0.2820465,0.20896,1.9929,0.9970354,-0.004060843,0.07683738,0.01471891,0.990231,-0.1386578,-0.0755237,0.1393777,0.9873551,moving,-10.806228676884093,5.934876274780392,-8.055326219922605,5.985718288963392,-0.4286456999999999,0.4858298,1.9170549999999997,-0.1865182120655941,0.10158351203871796,0.9771855512593417,-10.417457726573145,6.045248532742479,2.7381408176882807,2.751372246375058,2.3628815257298763
05/10/2023 16:35:48.123272,3796,True,True,True,True,Eyes,1.363832,-0.3539672,-2.935778,-0.2565052,0.2375387,0.9368994,0.0,0.0,0.0,0.0,0.0,0.0,0.0,-1.143301,-0.07831275,3.059932,1.372361,-0.3553147,-2.943948,-0.07000256,-0.03824922,-0.004751745,0.9968019,351.9567,355.6218,359.7617,0.4186981,-0.1087095,-0.901595,0,0,0,0.9480752,0.1315791,-1.026848,-0.2775684,0.20896,1.9929,0.9970288,-0.00411801,0.07691906,0.01482818,0.9901541,-0.1391938,-0.07558853,0.1399208,0.9872733,moving,-10.696388411909549,5.897709603758134,-7.929069968251685,5.985718288963392,-0.42428579999999994,0.4868938,1.9170999999999998,-0.18465584534827656,0.10098576120559746,0.9776012132549394,-10.313563013977193,6.008551327306559,2.7560512737031058,2.768717554623537,2.3846023636558966
05/10/2023 16:35:48.143365,3797,True,True,True,True,Eyes,1.363949,-0.3539619,-2.93577,-0.2546453,0.2375058,0.9374149,0.0,0.0,0.0,0.0,0.0,0.0,0.0,-1.14403,-0.07873487,3.059619,1.372351,-0.3552873,-2.943926,-0.06993951,-0.03814307,-0.005067621,0.9968089,351.9626,355.6367,359.7241,0.4187099,-0.1087085,-0.9015896,0,0,0,0.9529329,0.1315666,-1.026354,-0.2733203,0.20896,1.9929,0.9970388,-0.004767484,0.07675155,0.01543831,0.9901656,-0.1390461,-0.07533384,0.1398192,0.9873071,moving,-10.60368293417515,5.890608586882706,-7.809226679530662,5.985718288963392,-0.4194181000000001,0.48685389999999995,1.9175719999999998,-0.18307551579183443,0.10089493276443903,0.977907713768407,-10.224588101840423,6.000997312411231,2.783364473852838,2.7960743220722124,2.4154097476287024
05/10/2023 16:35:48.153335,3798,True,True,True,True,Eyes,1.36406,-0.3539551,-2.935763,-0.2528698,0.2374792,0.9379022,0.0,0.0,0.0,0.0,0.0,0.0,0.0,-1.144301,-0.07806289,3.059481,1.372291,-0.3553049,-2.943895,-0.06983976,-0.03808941,-0.00505225,0.9968181,351.9742,355.6428,359.725,0.4187236,-0.1087072,-0.9015834,0,0,0,0.9572728,0.1311333,-1.025858,-0.2691021,0.20896,1.9929,0.9970474,-0.004752036,0.07664212,0.01539266,0.9901937,-0.1388502,-0.07523073,0.1396199,0.9873432,moving,-10.503852790432484,5.8966304510997105,-7.690158825977819,5.985718288963392,-0.4150181999999999,0.4864382,1.918037,-0.18136887469174406,0.10103021068339435,0.9782117719450323,-10.128050055833441,6.006053043632572,2.8021548423718365,2.8151039711640915,2.4379760357424383
05/10/2023 16:35:48.173264,3799,True,True,True,True,Eyes,1.364189,-0.3539508,-2.935753,-0.2510459,0.2374368,0.9384028,0.0,0.0,0.0,0.0,0.0,0.0,0.0,-1.143452,-0.07844344,3.059768,1.372251,-0.3552639,-2.943897,-0.06993775,-0.03821624,-0.004944784,0.9968069,351.9633,355.6272,359.7389,0.4187388,-0.1087058,-0.9015766,0,0,0,0.9610472,0.1314572,-1.025721,-0.2647097,0.20896,1.9929,0.9970301,-0.004512474,0.07688007,0.01520351,0.9901686,-0.1390509,-0.07549676,0.1398068,0.9872965,moving,-10.37819473746243,5.880786295272595,-7.566102753951601,5.985718288963392,-0.4112038000000001,0.4867211,1.918176,-0.1792272907400964,0.1007999228745465,0.9786301889638092,-10.007778558913632,5.989812499722618,2.8013468407912216,2.814049048439951,2.4416792375532714
05/10/2023 16:35:48.193405,3800,True,True,True,True,Eyes,1.364314,-0.3539472,-2.935743,-0.2492922,0.2373861,0.938883,0.0,0.0,0.0,0.0,0.0,0.0,0.0,-1.142978,-0.07837906,3.059946,1.372268,-0.3553513,-2.943878,-0.06997432,-0.03829278,-0.004862199,0.9968017,351.9595,355.6177,359.7492,0.4187559,-0.1087042,-0.9015688,0,0,0,0.9650298,0.1314348,-1.025466,-0.260376,0.20896,1.9929,0.99702,-0.004334274,0.07702106,0.01505232,0.9901599,-0.1391287,-0.07566015,0.1398734,0.9872745,moving,-10.263162317438152,5.871181257140222,-7.443634589837462,5.985718288963392,-0.4072382,0.4867861,1.9184120000000002,-0.17726443999506497,0.1006722335144069,0.9790007501812791,-9.897417279805575,5.979673144131594,2.8092391778177612,2.821853174487994,2.453790136373359
05/10/2023 16:35:48.204000,3801,True,True,True,True,Eyes,1.36443,-0.3539441,-2.93573,-0.2474466,0.2373243,0.9393867,0.0,0.0,0.0,0.0,0.0,0.0,0.0,-1.1432,-0.07753345,3.059863,1.372276,-0.3553612,-2.943851,-0.06986352,-0.03825614,-0.004799762,0.9968112,351.9725,355.6215,359.7556,0.4187745,-0.1087025,-0.9015604,0,0,0,0.9694708,0.1309366,-1.024964,-0.2560245,0.20896,1.9929,0.9970269,-0.004223497,0.07693894,0.01491433,0.9901921,-0.1389142,-0.07559763,0.1396487,0.9873111,moving,-10.156423854198495,5.877398011991585,-7.320594545789456,5.985718288963392,-0.4028052000000001,0.4862978,1.918887,-0.17543781814770673,0.10081196658078502,0.9793153397739804,-9.794210498645521,5.984864671502152,2.8250552966493547,2.8378973111856842,2.473616100143025
05/10/2023 16:35:48.223139,3802,True,True,True,True,Eyes,1.364541,-0.3539398,-2.93572,-0.2456737,0.2372643,0.939867,0.0,0.0,0.0,0.0,0.0,0.0,0.0,-1.143741,-0.076877,3.059613,1.372269,-0.3553594,-2.943787,-0.0697984,-0.03816368,-0.004703521,0.9968198,351.9804,355.6314,359.7657,0.4187944,-0.1087007,-0.9015513,0,0,0,0.974282,0.1306068,-1.024412,-0.2514832,0.20896,1.9929,0.9970428,-0.004049598,0.07674122,0.01470465,0.9902121,-0.1387938,-0.07542802,0.1395119,0.9873434,moving,-10.059606389854967,5.879717753014764,-7.192115428627096,5.985718288963392,-0.397987,0.4859662,1.9193749999999998,-0.17378149212153876,0.10088169886247432,0.979603373026968,-9.700772553274186,5.986370628607581,2.8563693828752674,2.8694495162565476,2.508657209462787
05/10/2023 16:35:48.243698,3803,True,True,True,True,Eyes,1.36469,-0.353935,-2.935707,-0.2437594,0.2371681,0.9403896,0.0,0.0,0.0,0.0,0.0,0.0,0.0,-1.143767,-0.07693756,3.059635,1.372286,-0.3553286,-2.943817,-0.06979863,-0.03816219,-0.004713235,0.9968199,351.9803,355.6316,359.7646,0.4188152,-0.1086989,-0.9015419,0,0,0,0.9786159,0.1306273,-1.02411,-0.2471661,0.20896,1.9929,0.9970428,-0.004069154,0.07673959,0.01472383,0.9902119,-0.1387936,-0.0754237,0.139513,0.9873437,moving,-9.945837219346433,5.8692501148521945,-7.069911741546609,5.985718288963392,-0.3936700999999999,0.4859559,1.919707,-0.1718385318781681,0.10073759104326552,0.9799609223060305,-9.591674586992664,5.975408417764499,2.8652959551773707,2.878282854314173,2.521783920584061
05/10/2023 16:35:48.254503,3804,True,True,True,True,Eyes,1.364833,-0.3539275,-2.935696,-0.2419102,0.2370815,0.9408889,0.0,0.0,0.0,0.0,0.0,0.0,0.0,-1.144481,-0.07705662,3.059359,1.3723,-0.3553814,-2.943798,-0.06982546,-0.03804822,-0.004724571,0.9968221,351.9772,355.6449,359.7625,0.4188379,-0.108697,-0.9015316,0,0,0,0.9835004,0.1306706,-1.023688,-0.2427357,0.20896,1.9929,0.9970601,-0.004105644,0.07651441,0.01473258,0.9902042,-0.1388476,-0.07519482,0.1395666,0.9873534,moving,-9.848742777821856,5.856854329093519,-6.9444336386888885,5.985718288963392,-0.3887996,0.48605200000000004,1.9201100000000002,-0.17018080024924587,0.10055494531134022,0.9802689951485049,-9.498750399338713,5.9627117088839,2.894201073299125,2.9071665751732603,2.5544203680020177
05/10/2023 16:35:48.273080,3805,True,True,True,True,Eyes,1.364833,-0.3539275,-2.935696,-0.2419102,0.2370815,0.9408889,0.0,0.0,0.0,0.0,0.0,0.0,0.0,-1.145196,-0.0778363,3.059108,1.372294,-0.355312,-2.943847,-0.06988559,-0.03793576,-0.004866612,0.9968215,351.9697,355.659,359.7454,0.4188621,-0.1086948,-0.9015206,0,0,0,0.9883984,0.1310463,-1.023375,-0.2383601,0.20896,1.9929,0.9970744,-0.004399963,0.07631056,0.01500461,0.9901847,-0.1389577,-0.07495014,0.1396962,0.9873537,moving,-9.864058208037392,5.846956682653221,-6.820441841686886,5.985718288963392,-0.3838955999999999,0.4863583,1.920472,-0.17044583475675132,0.10038093920401124,0.9802407811900579,-9.514036867098405,5.953276311802387,3.0332462646522034,3.046777866681855,2.6937903858325343
05/10/2023 16:35:48.283187,3806,True,True,True,True,Eyes,1.364833,-0.3539275,-2.935696,-0.2419102,0.2370815,0.9408889,0.0,0.0,0.0,0.0,0.0,0.0,0.0,-1.145617,-0.07798058,3.058877,1.372213,-0.3553444,-2.943808,-0.06991979,-0.03785386,-0.004861944,0.9968223,351.9659,355.6684,359.7454,0.4188838,-0.1086929,-0.9015107,0,0,0,0.9928038,0.1311272,-1.022989,-0.2341799,0.2089601,1.9929,0.9970869,-0.004399522,0.07614702,0.01498646,0.9901751,-0.1390271,-0.07478724,0.1397633,0.9873567,moving,-9.873159619189238,5.843425465843195,-6.701927116163001,5.985721132694636,-0.3794091999999999,0.4864716,1.9208190000000003,-0.17060263602422288,0.10031776273072272,0.9802199710839342,-9.522996358655192,5.9499375360905375,3.1602799411896454,3.174423356305007,2.821296180254988
05/10/2023 16:35:48.303250,3807,True,True,True,True,Eyes,1.364833,-0.3539275,-2.935696,-0.2419102,0.2370815,0.9408889,0.0,0.0,0.0,0.0,0.0,0.0,0.0,-1.14566,-0.07784572,3.058879,1.372196,-0.3553224,-2.943835,-0.06989544,-0.03784357,-0.004857386,0.9968244,351.9687,355.6696,359.7458,0.4189034,-0.1086911,-0.9015018,0,0,0,0.9970959,0.1310334,-1.022657,-0.2298934,0.2089601,1.9929,0.9970886,-0.004393736,0.07612581,0.01497411,0.990182,-0.1389793,-0.07476778,0.1397146,0.9873649,moving,-9.874320266737683,5.846344140409045,-6.580338782588384,5.985721132694636,-0.37510009999999994,0.4863558,1.921178,-0.1706216346429044,0.10036736039275629,0.9802115870612191,-9.523960170383262,5.952762856746941,3.2820891797534206,3.2969288684921607,2.9438058907877895
05/10/2023 16:35:48.323579,3808,True,True,True,True,Eyes,1.364833,-0.3539275,-2.935696,-0.2419102,0.2370815,0.9408889,0.0,0.0,0.0,0.0,0.0,0.0,0.0,-1.145873,-0.07774168,3.05877,1.372174,-0.3553174,-2.943812,-0.06985964,-0.03780778,-0.004903498,0.9968281,351.9726,355.6741,359.74,0.418921,-0.1086896,-0.9014938,0,0,0,1.001453,0.1309092,-1.022252,-0.2256732,0.20896,1.9929,0.997093,-0.004493414,0.07606083,0.01505837,0.9901912,-0.1389053,-0.0746906,0.1396469,0.9873804,moving,-9.87939159993517,5.849437961328666,-6.460572886566339,5.985718288963392,-0.3707210000000001,0.4862266,1.92156,-0.17070750385495875,0.10041877330540439,0.980191370470556,-9.528683897710543,5.9557867863780505,3.4059842687904953,3.421533826017381,3.0682570087186836
05/10/2023 16:35:48.344595,3809,True,True,True,True,Eyes,1.36499,-0.3539205,-2.935685,-0.2394815,0.2364327,0.9416731,0.0,0.0,0.0,0.0,0.0,0.0,0.0,-1.14591,-0.07743412,3.05881,1.372171,-0.3553959,-2.943852,-0.06983425,-0.03779949,-0.004871469,0.9968303,351.9756,355.6748,359.7435,0.4189369,-0.1086881,-0.9014866,0,0,0,1.00583,0.1306939,-1.021927,-0.2212889,0.20896,1.9929,0.9970949,-0.004432658,0.07603975,0.01499145,0.9901989,-0.1388575,-0.07467897,0.1395941,0.9873887,moving,-9.73391181816936,5.808810357830813,-6.336089901527329,5.985718288963392,-0.366341,0.4860898,1.921925,-0.16822923389431838,0.09976683585507792,0.9806862602595935,-9.390622623815075,5.915480080550524,3.387586608267122,3.402424164226227,3.055340170496182
05/10/2023 16:35:48.353699,3810,True,True,True,True,Eyes,1.36514,-0.3539141,-2.935673,-0.2371438,0.23581,0.9424206,0.0,0.0,0.0,0.0,0.0,0.0,0.0,-1.146385,-0.07694122,3.05861,1.372178,-0.3553838,-2.943815,-0.06979839,-0.03771898,-0.004763722,0.9968364,351.9803,355.6832,359.7551,0.4189553,-0.1086865,-0.9014783,0,0,0,1.010627,0.1304863,-1.021448,-0.216723,0.2089601,1.9929,0.9971092,-0.004231855,0.07586431,0.01476275,0.990211,-0.1387958,-0.07453431,0.1395145,0.987411,moving,-9.600809611208359,5.773244567861521,-6.2063869065604615,5.985721132694636,-0.36155099999999996,0.4858701,1.922367,-0.16596009065078487,0.09919675423559582,0.9811306628289149,-9.26422258960439,5.880151714321619,3.386745646171275,3.401066272278802,3.0596574917124872
05/10/2023 16:35:48.377372,3811,True,True,True,True,Eyes,1.365336,-0.3539051,-2.935659,-0.2346862,0.2352733,0.9431696,0.0,0.0,0.0,0.0,0.0,0.0,0.0,-1.146807,-0.0768742,3.058418,1.372172,-0.3553919,-2.943779,-0.06983312,-0.03764477,-0.004663367,0.9968373,351.9767,355.691,359.7663,0.4189758,-0.1086846,-0.901469,0,0,0,1.01512,0.1305392,-1.021066,-0.2124331,0.20896,1.9929,0.9971222,-0.004039532,0.07570273,0.01455494,0.9902031,-0.1388734,-0.0744001,0.1395756,0.9874124,moving,-9.46012466050542,5.734386064979553,-6.0844659735678475,5.985718288963392,-0.3570519999999999,0.48593109999999995,1.9227130000000001,-0.16356071595905275,0.09857136197813489,0.9815964605275569,-9.13068882543661,5.841588482959387,3.3713024374003133,3.3850021355251396,3.0496306439020144
05/10/2023 16:35:48.393429,3812,True,True,True,True,Eyes,1.365524,-0.3538961,-2.93565,-0.2323222,0.2347596,0.9438826,0.0,0.0,0.0,0.0,0.0,0.0,0.0,-1.147272,-0.07623535,3.058267,1.372159,-0.355434,-2.943788,-0.06978965,-0.03756113,-0.004535086,0.9968441,351.9823,355.6996,359.7802,0.4189993,-0.1086824,-0.9014583,0,0,0,1.019516,0.1302415,-1.020654,-0.2082477,0.20896,1.9929,0.9971372,-0.003798791,0.07551817,0.0142843,0.9902177,-0.1387981,-0.07425216,0.1394795,0.9874371,moving,-9.325953428894191,5.7067521770886644,-5.96546164117055,5.985718288963392,-0.3526429999999998,0.48567550000000004,1.9231340000000001,-0.1612686180096889,0.09813544008196143,0.9820192998271086,-9.002837623400861,5.813906359828596,3.358766576326557,3.37205088142699,3.0422314501731402
05/10/2023 16:35:48.403689,3813,True,True,True,True,Eyes,1.365745,-0.3538841,-2.935638,-0.2299059,0.2344215,0.944558,0.0,0.0,0.0,0.0,0.0,0.0,0.0,-1.147545,-0.0764178,3.058239,1.372173,-0.3554283,-2.943865,-0.06983364,-0.03751583,-0.004498067,0.9968429,351.9774,355.7046,359.7843,0.4190255,-0.1086799,-0.9014465,0,0,0,1.024241,0.1303812,-1.020396,-0.2036762,0.20896,1.9929,0.9971446,-0.003727997,0.07542301,0.01420747,0.9902061,-0.1388889,-0.07416654,0.1395638,0.9874316,moving,-9.186306875043941,5.677402200962394,-5.835420233504693,5.985718288963392,-0.34793200000000013,0.4858095,1.923469,-0.1588819680231772,0.0976706695376723,0.9824545477680915,-8.869800226255489,5.784526770293558,3.352148777765138,3.365040875615989,3.041042579049329
05/10/2023 16:35:48.422898,3814,True,True,True,True,Eyes,1.365955,-0.3538718,-2.935629,-0.2275853,0.2341044,0.9451984,0.0,0.0,0.0,0.0,0.0,0.0,0.0,-1.148255,-0.07602096,3.057952,1.372177,-0.3554311,-2.943831,-0.0698246,-0.03739526,-0.004372375,0.9968485,351.979,355.7175,359.7978,0.4190547,-0.1086771,-0.9014332,0,0,0,1.028832,0.130262,-1.019951,-0.1994601,0.20896,1.9929,0.997165,-0.003494971,0.07516544,0.01393941,0.9902108,-0.1388821,-0.07394424,0.1395361,0.9874522,moving,-9.059510068718927,5.65782587859991,-5.715435043946314,5.985718288963392,-0.343345,0.4856931,1.9238799999999998,-0.15671203741160245,0.09736917159975209,0.9828329135668447,-8.748629178570072,5.764676046849782,3.3474527660587827,3.3601117844622257,3.041237631477451
05/10/2023 16:35:48.443259,3815,True,True,True,True,Eyes,1.366153,-0.3538598,-2.935622,-0.2252252,0.2339622,0.9457988,0.0,0.0,0.0,0.0,0.0,0.0,0.0,-1.148199,-0.07661933,3.057981,1.37213,-0.3554167,-2.943879,-0.06995098,-0.03739199,-0.004298944,0.9968402,351.9648,355.7172,359.8068,0.4190864,-0.1086738,-0.9014189,0,0,0,1.033002,0.1307129,-1.019798,-0.1951975,0.20896,1.9929,0.9971667,-0.003339506,0.0751491,0.01380193,0.9901768,-0.1391384,-0.07394625,0.1397814,0.9874175,moving,-8.918122226765352,5.631704980171562,-5.594075371057418,5.985718288963392,-0.3391280000000001,0.48612959999999994,1.924081,-0.1542924670224255,0.09695847539413445,0.9832563045791768,-8.613742173499796,5.738399360209566,3.3305593816218257,3.342845034060589,3.0297779209527085
05/10/2023 16:35:48.453343,3816,True,True,True,True,Eyes,1.366341,-0.353848,-2.935615,-0.2229567,0.2338234,0.9463704,0.0,0.0,0.0,0.0,0.0,0.0,0.0,-1.148368,-0.076796,3.057935,1.372132,-0.3554247,-2.943899,-0.06999186,-0.03736321,-0.004274862,0.9968385,351.9602,355.7203,359.8095,0.4191201,-0.1086703,-0.9014037,0,0,0,1.03743,0.1308369,-1.019512,-0.1908567,0.20896,1.9929,0.9971715,-0.003292453,0.07508858,0.01375294,0.9901657,-0.1392217,-0.07389176,0.1398606,0.9874103,moving,-8.786337761568245,5.614783219593653,-5.470437516673419,5.985718288963392,-0.33470199999999983,0.48626159999999996,1.924387,-0.15203430147107355,0.09670231629638594,0.9836331834874859,-8.487623072155033,5.721072563500179,3.324479290213082,3.336583171416816,3.0287697232065773
05/10/2023 16:35:48.473542,3817,True,True,True,True,Eyes,1.366541,-0.3538346,-2.935607,-0.2206953,0.2338394,0.9468964,0.0,0.0,0.0,0.0,0.0,0.0,0.0,-1.148449,-0.07679874,3.057896,1.37212,-0.3554164,-2.943897,-0.06997398,-0.03734999,-0.004316439,0.99684,351.9621,355.7222,359.8045,0.4191553,-0.1086665,-0.9013878,0,0,0,1.041969,0.1307828,-1.019148,-0.1863729,0.20896,1.9929,0.9971727,-0.003378542,0.075068,0.01383265,0.9901701,-0.1391833,-0.07385984,0.1398282,0.9874172,moving,-8.655028783478475,5.612443329674194,-5.342672967843867,5.985718288963392,-0.3301510000000001,0.48619920000000005,1.9247490000000003,-0.1497797393802129,0.09669580869889792,0.9839796862835494,-8.361188632440374,5.717820955931355,3.3211775311935985,3.3333219533373555,3.030380470907931
05/10/2023 16:35:48.503546,3818,True,True,True,True,Eyes,1.366734,-0.3538221,-2.935601,-0.2185278,0.2338528,0.9473956,0.0,0.0,0.0,0.0,0.0,0.0,0.0,-1.148275,-0.07677078,3.057953,1.372116,-0.3554169,-2.943889,-0.06997362,-0.03737737,-0.004305282,0.9968392,351.9622,355.7189,359.806,0.4191921,-0.1086625,-0.9013711,0,0,0,1.046024,0.1307605,-1.018843,-0.1821875,0.20896,1.9929,0.9971688,-0.003352485,0.07512097,0.01381421,0.9901704,-0.139183,-0.07391594,0.1398267,0.9874132,moving,-8.523675779497148,5.609240250967138,-5.22336310754953,5.985718288963392,-0.3260919999999998,0.4861774,1.925046,-0.14752383864677643,0.09667393994722753,0.9843225186421573,-8.23475755501591,5.713736032952843,3.3095864873099776,3.321716340344482,3.0236519088373806
05/10/2023 16:35:48.503546,3819,True,True,True,True,Eyes,1.366953,-0.3538058,-2.935592,-0.2163722,0.2339468,0.9478671,0.0,0.0,0.0,0.0,0.0,0.0,0.0,-1.147889,-0.07673669,3.05812,1.372115,-0.3554232,-2.94391,-0.06996404,-0.03744042,-0.004312214,0.9968374,351.9632,355.7117,359.8057,0.4192302,-0.1086582,-0.9013539,0,0,0,1.050097,0.130705,-1.018571,-0.1778594,0.2089601,1.9929,0.9971592,-0.003358186,0.07524743,0.01383612,0.9901729,-0.1391626,-0.07404063,0.1398085,0.9874064,moving,-8.389576092524416,5.611513700502621,-5.099937631761871,5.985721132694636,-0.3220179999999999,0.4861282,1.925339,-0.14521863058683881,0.09674635563434789,0.984658197258036,-8.105388611412046,5.7149152081914085,3.2986581932377703,3.3108537274902243,3.0176267893538866
05/10/2023 16:35:48.528315,3820,True,True,True,True,Eyes,1.367166,-0.3537928,-2.935582,-0.2143058,0.2340293,0.948316,0.0,0.0,0.0,0.0,0.0,0.0,0.0,-1.147432,-0.07692412,3.058245,1.372122,-0.3553942,-2.943868,-0.06997249,-0.03751866,-0.004352596,0.9968337,351.9621,355.703,359.8017,0.4192702,-0.1086536,-0.9013359,0,0,0,1.054276,0.1307702,-1.018251,-0.1733966,0.2089601,1.9929,0.9971468,-0.003427079,0.07540885,0.01392818,0.9901698,-0.1391753,-0.0741906,0.1398285,0.9873924,moving,-8.259637618763781,5.610559563072325,-4.972621180227369,5.985721132694636,-0.3178460000000001,0.4861644,1.9256170000000001,-0.1429849721270794,0.09676175131646331,0.984983444660934,-7.9802015755062605,5.713011230396579,3.296097786391736,3.308356581526555,3.019918959985077
05/10/2023 16:35:48.543241,3821,True,True,True,True,Eyes,1.367428,-0.3537756,-2.935569,-0.2121622,0.2341884,0.9487587,0.0,0.0,0.0,0.0,0.0,0.0,0.0,-1.147135,-0.07641184,3.058367,1.372171,-0.3554564,-2.943835,-0.06988128,-0.03757767,-0.004390489,0.9968376,351.9724,355.6965,359.7974,0.4193117,-0.1086488,-0.9013172,0,0,0,1.058623,0.1303555,-1.017827,-0.1688769,0.20896,1.9929,0.9971373,-0.003501258,0.0755313,0.01400516,0.9901947,-0.1389906,-0.07430405,0.1396506,0.9874091,moving,-8.127780027592078,5.625597795426429,-4.843631274203664,5.985718288963392,-0.31354799999999994,0.4858119,1.926008,-0.14071381749627446,0.09705218416417702,0.9852819757529707,-7.852316394589866,5.726525462019368,3.291310371003423,3.303834106647605,3.019828981113429
05/10/2023 16:35:48.553605,3822,True,True,True,True,Eyes,1.367678,-0.3537605,-2.935556,-0.2101038,0.2343401,0.9491792,0.0,0.0,0.0,0.0,0.0,0.0,0.0,-1.146911,-0.07579234,3.05845,1.372184,-0.3554509,-2.943812,-0.06976831,-0.03761848,-0.004412083,0.996844,351.9852,355.692,359.7948,0.4193558,-0.1086436,-0.9012972,0,0,0,1.062753,0.129917,-1.017397,-0.1645983,0.20896,1.9929,0.9971308,-0.003547163,0.07561516,0.01404547,0.9902259,-0.1387643,-0.07438386,0.1394282,0.9874344,moving,-8.002809018113107,5.643300037012384,-4.721476851914691,5.985718288963392,-0.309431,0.4853679,1.9264149999999998,-0.13855988285028534,0.09738646167015298,0.9855541988662891,-7.730927321932763,5.742662588237132,3.2863355672402417,3.299150048754614,3.0192496096128805
05/10/2023 16:35:48.573740,3823,True,True,True,True,Eyes,1.367986,-0.3537404,-2.935539,-0.2079909,0.2345118,0.949602,0.0,0.0,0.0,0.0,0.0,0.0,0.0,-1.146843,-0.07574278,3.058473,1.37216,-0.3554883,-2.943815,-0.06976788,-0.03762543,-0.004407752,0.9968438,351.9853,355.6912,359.7953,0.419402,-0.1086381,-0.9012764,0,0,0,1.066821,0.1298611,-1.01709,-0.1604643,0.20896,1.9929,0.9971298,-0.003537588,0.07562839,0.01403777,0.990226,-0.1387636,-0.07439832,0.139427,0.9874335,moving,-7.8777621118019026,5.649918804203586,-4.603409883644943,5.985718288963392,-0.305339,0.4853494,1.9267249999999998,-0.13640667321163927,0.09752973086312006,0.9858403158357596,-7.610053118623576,5.7481035219949375,3.2785852714661705,3.291526060659614,3.016017957493663
05/10/2023 16:35:48.593226,3824,True,True,True,True,Eyes,1.368284,-0.353721,-2.935524,-0.2059616,0.2346781,0.9500031,0.0,0.0,0.0,0.0,0.0,0.0,0.0,-1.147011,-0.07576293,3.058379,1.372175,-0.3554778,-2.943778,-0.06976515,-0.03760158,-0.004421564,0.9968448,351.9856,355.6941,359.7935,0.4194517,-0.1086323,-0.901254,0,0,0,1.071598,0.1298511,-1.016683,-0.1557925,0.20896,1.9929,0.9971332,-0.003568668,0.07558282,0.01406179,0.9902266,-0.1387575,-0.07434893,0.1394226,0.9874379,moving,-7.761534416261536,5.656401039512643,-4.469936236244572,5.985718288963392,-0.30057699999999987,0.4853289,1.927095,-0.13440472226956668,0.09766822709989204,0.9861015005315549,-7.497686314787719,5.753479435638983,3.294844345556287,3.3080308991115537,3.036643776130396
05/10/2023 16:35:48.604096,3825,True,True,True,True,Eyes,1.368642,-0.3536955,-2.935506,-0.2038491,0.234872,0.9504107,0.0,0.0,0.0,0.0,0.0,0.0,0.0,-1.147059,-0.07589856,3.058376,1.37221,-0.3554779,-2.94378,-0.06980238,-0.03759759,-0.004386049,0.9968426,351.9814,355.6942,359.7977,0.419504,-0.108626,-0.9012303,0,0,0,1.075622,0.1299654,-1.016416,-0.1517838,0.20896,1.9929,0.9971344,-0.003495598,0.07557005,0.0139932,0.9902168,-0.1388341,-0.07434543,0.1394938,0.9874281,moving,-7.637212873885119,5.660795379846615,-4.355368580369608,5.985718288963392,-0.29658799999999985,0.4854433,1.9273639999999999,-0.13226338213208777,0.09777226952474408,0.986380652531396,-7.377629248036688,5.756779273106495,3.284623136077232,3.2978897591868095,3.030919434150137
05/10/2023 16:35:48.623665,3826,True,True,True,True,Eyes,1.368985,-0.3536706,-2.935491,-0.2018166,0.2350685,0.9507959,0.0,0.0,0.0,0.0,0.0,0.0,0.0,-1.146949,-0.07634667,3.058424,1.372246,-0.355447,-2.943786,-0.06987903,-0.03761994,-0.00436607,0.9968364,351.9727,355.6914,359.8006,0.4195605,-0.1086191,-0.9012049,0,0,0,1.07993,0.1302697,-1.016178,-0.147401,0.20896,1.9929,0.9971313,-0.003446824,0.07561204,0.01396221,0.9901957,-0.1389874,-0.07439166,0.1396444,0.9874033,moving,-7.514854133201947,5.660655507563224,-4.23006932645209,5.985718288963392,-0.292316,0.4857167,1.9276079999999998,-0.1301562928992242,0.09779737805502045,0.9866584999121604,-7.259704531414804,5.755718420952666,3.287472966526231,3.3008297500032184,3.038353075999302
05/10/2023 16:35:48.643205,3827,True,True,True,True,Eyes,1.369368,-0.3536461,-2.935472,-0.1996609,0.2352601,0.9512035,0.0,0.0,0.0,0.0,0.0,0.0,0.0,-1.147062,-0.07756835,3.058391,1.372242,-0.3554345,-2.943831,-0.07000347,-0.03760749,-0.004545954,0.9968273,351.9577,355.6943,359.7802,0.4196201,-0.1086118,-0.901178,0,0,0,1.084468,0.1308281,-1.016007,-0.1430266,0.20896,1.9929,0.99713,-0.003797753,0.07561282,0.01432837,0.9901577,-0.1392208,-0.07433989,0.1399047,0.9873704,moving,-7.3929294454832055,5.650911561965778,-4.1049697876639595,5.985718288963392,-0.287774,0.4862626,1.9278239999999998,-0.12805817729568666,0.09765647501092277,0.9869469105120182,-7.142707697503883,5.745392865838436,3.291628414476223,3.3049620657262784,3.047229547946596
05/10/2023 16:35:48.654102,3828,True,True,True,True,Eyes,1.369739,-0.3536218,-2.935455,-0.1976046,0.235448,0.9515864,0.0,0.0,0.0,0.0,0.0,0.0,0.0,-1.146977,-0.07696193,3.058402,1.372255,-0.3555259,-2.943776,-0.06994529,-0.03762179,-0.004482819,0.9968311,351.9646,355.6921,359.7874,0.4196838,-0.1086039,-0.9011493,0,0,0,1.088674,0.1304675,-1.015577,-0.1387187,0.20896,1.9929,0.997129,-0.003674292,0.07563224,0.01420016,0.9901751,-0.13911,-0.07437804,0.1397846,0.9873846,moving,-7.269715313437278,5.6665990324594,-3.9817336886129318,5.985718288963392,-0.2835810000000001,0.4859934,1.9281990000000002,-0.1259317743810299,0.09795358335205845,0.9871911157520905,-7.023118834541661,5.759599020159995,3.2898353442557022,3.303431589280185,3.0497792591596036
05/10/2023 16:35:48.678432,3829,True,True,True,True,Eyes,1.370096,-0.3535968,-2.935436,-0.1954224,0.2356565,0.9519854,0.0,0.0,0.0,0.0,0.0,0.0,0.0,-1.14594,-0.07741717,3.058865,1.372362,-0.3555079,-2.943817,-0.07001158,-0.03780797,-0.004483554,0.9968194,351.957,355.6706,359.7891,0.4197507,-0.1085957,-0.9011192,0,0,0,1.092445,0.1307249,-1.015455,-0.1343164,0.2089601,1.9929,0.9971009,-0.003644597,0.07600322,0.01423258,0.9901565,-0.1392387,-0.07474762,0.1399168,0.9873379,moving,-7.120554376841139,5.6675688398599116,-3.8557589634902043,5.985721132694636,-0.27991699999999997,0.4862328,1.9283620000000001,-0.12336075925584686,0.0980021942146862,0.9875109089180218,-6.879302679145438,5.759406206299154,3.266685847886197,3.280260656178605,3.0320018216332993
05/10/2023 16:35:48.694535,3830,True,True,True,True,Eyes,1.37044,-0.3535743,-2.935416,-0.1933288,0.2358737,0.9523589,0.0,0.0,0.0,0.0,0.0,0.0,0.0,-1.145794,-0.07964915,3.058815,1.372411,-0.3554538,-2.943752,-0.07031374,-0.03784501,-0.00462474,0.9967961,351.9217,355.6674,359.7744,0.4198201,-0.108587,-0.9010878,0,0,0,1.09666,0.1319943,-1.015385,-0.1301056,0.20896,1.9929,0.9970927,-0.003897796,0.07609787,0.01454189,0.9900692,-0.1398269,-0.07479715,0.140527,0.9872475,moving,-6.995684642933663,5.640089607689607,-3.735229176522676,5.985718288963392,-0.2757510000000001,0.4874481,1.928367,-0.12121364279766815,0.09755455958438958,0.9878209667618699,-6.760408267089779,5.731943710218535,3.2654081696174813,3.278723689756175,3.0358046819289166
05/10/2023 16:35:48.710599,3831,True,True,True,True,Eyes,1.370724,-0.3535581,-2.935397,-0.1911152,0.2360696,0.9527572,0.0,0.0,0.0,0.0,0.0,0.0,0.0,-1.14549,-0.08131468,3.058866,1.37243,-0.3554938,-2.943719,-0.07053257,-0.03790324,-0.004775042,0.9967778,351.8959,355.6618,359.7585,0.4198916,-0.1085781,-0.9010556,0,0,0,1.101313,0.1328448,-1.015236,-0.1253438,0.20896,1.9929,0.9970811,-0.004172486,0.07623581,0.01486614,0.9900047,-0.1402486,-0.07488861,0.1409726,0.987177,moving,-6.861770161410381,5.620609757709955,-3.598887742464942,5.985718288963392,-0.27111700000000005,0.48833860000000007,1.9284830000000002,-0.11890815350293797,0.09724602728587695,0.988131681039868,-6.6323719239268,5.7121322245602055,3.2700474074202988,3.2832462471549833,3.04579638416867
05/10/2023 16:35:48.726506,3832,True,True,True,True,Eyes,1.370996,-0.3535416,-2.935379,-0.1889793,0.2362308,0.9531431,0.0,0.0,0.0,0.0,0.0,0.0,0.0,-1.145913,-0.08183435,3.058674,1.372443,-0.3555342,-2.943688,-0.07042728,-0.03785828,-0.005254232,0.9967845,351.9059,355.6709,359.7024,0.4199633,-0.1085693,-0.9010231,0,0,0,1.105813,0.1325646,-1.014774,-0.1213519,0.20896,1.9929,0.9970783,-0.005142163,0.07621318,0.01580719,0.9900249,-0.1400038,-0.07473301,0.1407994,0.9872135,moving,-6.751264079226042,5.630769831306336,-3.4845588203064355,5.985718288963392,-0.26663000000000014,0.48809880000000005,1.9289139999999998,-0.11699984543416686,0.09744347770936235,0.98833989122924,-6.52532461788495,5.721100568634994,3.2725281264415167,3.2859323876559197,3.0522580450602628
05/10/2023 16:35:48.743181,3833,True,True,True,True,Eyes,1.371233,-0.3535276,-2.935364,-0.1867623,0.2363574,0.9535486,0.0,0.0,0.0,0.0,0.0,0.0,0.0,-1.146594,-0.08006284,3.05845,1.372402,-0.3555023,-2.943694,-0.07008381,-0.03774767,-0.005368664,0.9968122,351.9449,355.6847,359.6868,0.420035,-0.1085605,-0.9009908,0,0,0,1.110587,0.1312835,-1.014056,-0.1170218,0.20896,1.9929,0.9970926,-0.005412099,0.07600717,0.0159941,0.9901189,-0.1393155,-0.07450216,0.1401261,0.9873267,moving,-6.63710740398304,5.672767951375376,-3.3605123810045257,5.985718288963392,-0.2618149999999999,0.4867858,1.9296379999999997,-0.11502194575374568,0.09819074410364137,0.9884980726159285,-6.413069657847804,5.760765191705834,3.2775170532136406,3.2915061686717264,3.0608348247454678
05/10/2023 16:35:48.753947,3834,True,True,True,True,Eyes,1.371463,-0.3535163,-2.935351,-0.1846443,0.2364719,0.9539326,0.0,0.0,0.0,0.0,0.0,0.0,0.0,-1.146151,-0.0778473,3.05869,1.372347,-0.3555073,-2.943737,-0.06986371,-0.03779638,-0.005014081,0.9968277,351.9716,355.6763,359.7272,0.4201057,-0.1085519,-0.9009588,0,0,0,1.114214,0.1302694,-1.013596,-0.1128782,0.20896,1.9929,0.9970926,-0.004715159,0.07605357,0.01527754,0.9901878,-0.1389051,-0.07465235,0.1396632,0.987381,moving,-6.501358253701471,5.707955073344198,-3.2417791418981468,5.985718288963392,-0.25813299999999995,0.48577670000000006,1.930141,-0.1126725010453009,0.09882456850971456,0.9887054639891123,-6.280364728572871,5.793693773655766,3.2570323962304433,3.271392423732693,3.044647070191635
05/10/2023 16:35:48.773157,3835,True,True,True,True,Eyes,1.371687,-0.353506,-2.935337,-0.1824175,0.2365913,0.9543314,0.0,0.0,0.0,0.0,0.0,0.0,0.0,-1.14546,-0.07708749,3.059055,1.372428,-0.3555604,-2.943783,-0.06980513,-0.03791585,-0.004863861,0.9968281,351.979,355.6613,359.7452,0.4201753,-0.1085436,-0.9009274,0,0,0,1.118073,0.1299129,-1.013314,-0.1085117,0.20896,1.9929,0.9970774,-0.004403425,0.07627021,0.01499031,0.9902071,-0.1387986,-0.07491211,0.1395363,0.9873792,moving,-6.3547336044904625,5.7211217471141484,-3.1166286410263657,5.985718288963392,-0.2543549999999999,0.4854733,1.9304689999999998,-0.11013915027288554,0.09908008933386205,0.9889653745418295,-6.1383460145304864,5.8052901995703365,3.234432065938284,3.2488975182928437,3.027099301440022
05/10/2023 16:35:48.793030,3836,True,True,True,True,Eyes,1.371901,-0.3534942,-2.935324,-0.1802737,0.2366954,0.9547129,0.0,0.0,0.0,0.0,0.0,0.0,0.0,-1.146138,-0.07604086,3.058817,1.372476,-0.3555653,-2.943749,-0.0696604,-0.03781154,-0.004805081,0.9968423,351.9959,355.6729,359.7505,0.4202438,-0.1085355,-0.9008964,0,0,0,1.122779,0.1293062,-1.012759,-0.1042029,0.20896,1.9929,0.9970944,-0.004311881,0.07605374,0.01484775,0.9902487,-0.1385175,-0.07471485,0.1392442,0.9874355,moving,-6.240385320640741,5.742232574370237,-2.993102716007714,5.985718288963392,-0.24969700000000006,0.4848715,1.93099,-0.10816101509341819,0.09946620461646118,0.9891449386578376,-6.027014528029128,5.8247970120104835,3.24159945788299,3.2563982569033536,3.0381765156914793
05/10/2023 16:35:48.803316,3837,True,True,True,True,Eyes,1.372104,-0.3534847,-2.935313,-0.178029,0.2367641,0.9551169,0.0,0.0,0.0,0.0,0.0,0.0,0.0,-1.146614,-0.0751304,3.05865,1.372448,-0.3555164,-2.943757,-0.06954975,-0.03772476,-0.004694605,0.9968539,352.0091,355.6821,359.7621,0.4203109,-0.1085275,-0.900866,0,0,0,1.127453,0.1288681,-1.012278,-0.09974666,0.20896,1.9929,0.9971096,-0.004112177,0.07586515,0.01460716,0.9902816,-0.1383077,-0.07455913,0.1390161,0.9874793,moving,-6.117026329886461,5.7580690632213285,-2.86532065024206,5.985718288963392,-0.24499499999999985,0.4843845,1.9314790000000002,-0.10602794443786875,0.09976264163392039,0.9893459187200009,-5.907278140958685,5.839145873796603,3.24461527655445,3.259664706225568,3.0454866356979493
05/10/2023 16:35:48.823190,3838,True,True,True,True,Eyes,1.372299,-0.3534752,-2.935305,-0.175869,0.2368347,0.9554995,0.0,0.0,0.0,0.0,0.0,0.0,0.0,-1.146652,-0.07464343,3.058702,1.372449,-0.3555548,-2.943808,-0.06951156,-0.0377145,-0.004605806,0.9968573,352.0139,355.6826,359.7721,0.4203767,-0.1085199,-0.9008363,0,0,0,1.131675,0.128634,-1.011963,-0.09548996,0.20896,1.9929,0.9971128,-0.003939477,0.07583226,0.01442585,0.9902939,-0.1382388,-0.07455163,0.1389336,0.9874915,moving,-5.990221441856033,5.765360589702358,-2.7432337031012137,5.985718288963392,-0.24077400000000004,0.4841888,1.9318450000000003,-0.10383654232410353,0.09991177474281904,0.9895632797003204,-5.7846738624451275,5.845222721790482,3.239297914818402,3.254456466331628,3.0446834395820477
05/10/2023 16:35:48.843110,3839,True,True,True,True,Eyes,1.372483,-0.3534683,-2.9353,-0.1736301,0.2368725,0.9558996,0.0,0.0,0.0,0.0,0.0,0.0,0.0,-1.146922,-0.07522666,3.058643,1.372461,-0.3555415,-2.943862,-0.06957887,-0.03767397,-0.004669929,0.9968539,352.0059,355.6878,359.7646,0.4204409,-0.1085124,-0.9008072,0,0,0,1.136154,0.1289135,-1.01174,-0.09121758,0.20896,1.9929,0.9971177,-0.00406785,0.07576074,0.0145531,0.990274,-0.1383681,-0.07446103,0.1390718,0.9874789,moving,-5.86491717419593,5.75619184652614,-2.6206719645174537,5.985718288963392,-0.23630699999999982,0.48445499999999997,1.9321220000000001,-0.10167355075093094,0.09977583724178464,0.9898016516165339,-5.664389195841977,5.835426667510767,3.2372461991875605,3.252354434605743,3.047425496339604
05/10/2023 16:35:48.853374,3840,True,True,True,True,Eyes,1.372661,-0.3534596,-2.935294,-0.1714872,0.2369143,0.9562759,0.0,0.0,0.0,0.0,0.0,0.0,0.0,-1.146374,-0.07524145,3.058927,1.372448,-0.3555893,-2.943944,-0.06958633,-0.03776028,-0.004667227,0.9968502,352.005,355.6778,359.7657,0.4205033,-0.1085053,-0.9007789,0,0,0,1.140091,0.1288759,-1.011544,-0.08691521,0.20896,1.9929,0.9971048,-0.004049853,0.07593223,0.01456025,0.9902719,-0.1383818,-0.07463313,0.1390868,0.9874638,moving,-5.729742374444135,5.755151164461631,-2.4972256476764656,5.985718288963392,-0.23235699999999992,0.4844652,1.9324000000000001,-0.09933801844315812,0.09978150766370023,0.9900381058571869,-5.5341598613649605,5.833399550954519,3.2256314227768743,3.240729175314373,3.0407516202775215
05/10/2023 16:35:48.878205,3841,True,True,True,True,Eyes,1.37284,-0.3534507,-2.93529,-0.1692595,0.2369616,0.9566611,0.0,0.0,0.0,0.0,0.0,0.0,0.0,-1.145833,-0.07579923,3.059115,1.372489,-0.355538,-2.943931,-0.06967503,-0.03785422,-0.004650706,0.9968405,351.9949,355.6667,359.7687,0.4205641,-0.1084983,-0.9007513,0,0,0,1.144281,0.1292484,-1.011315,-0.08237679,0.20896,1.9929,0.9970909,-0.003997037,0.07611732,0.01454701,0.9902475,-0.1385577,-0.07482117,0.1392619,0.9874249,moving,-5.588338966843524,5.745316992818896,-2.366981309681636,5.985718288963392,-0.22820799999999997,0.48478640000000006,1.9326160000000001,-0.0968957813878264,0.09963569161189982,0.9902948929355746,-5.398393781013777,5.822839533932266,3.2153069876485514,3.2303154549584594,3.0357850813568024
05/10/2023 16:35:48.884332,3842,True,True,True,True,Eyes,1.373013,-0.3534428,-2.935285,-0.1671236,0.2370128,0.9570238,0.0,0.0,0.0,0.0,0.0,0.0,0.0,-1.145221,-0.07721391,3.059354,1.372406,-0.3551124,-2.944067,-0.06980973,-0.03794063,-0.0047098,0.9968275,351.9791,355.6572,359.7632,0.4206235,-0.1084916,-0.9007244,0,0,0,1.148039,0.1301989,-1.011306,-0.07823165,0.20896,1.9929,0.9970766,-0.004092465,0.07629811,0.01468697,0.9902089,-0.1388191,-0.07498295,0.1395339,0.9873742,moving,-5.454573517600021,5.729497372916177,-2.24800196264119,5.985718288963392,-0.22436699999999998,0.4853113,1.932761,-0.09458591268958613,0.09938443661793273,0.9905433648690269,-5.2703068894349965,5.8065613195951,3.2019484063950534,3.2167919259552944,3.0276103266760317
05/10/2023 16:35:48.903386,3843,True,True,True,True,Eyes,1.373126,-0.3534422,-2.935283,-0.1648841,0.2370769,0.9573963,0.0,0.0,0.0,0.0,0.0,0.0,0.0,-1.14485,-0.07801214,3.05948,1.372422,-0.3551287,-2.944067,-0.06989192,-0.03800861,-0.004831947,0.9968185,351.9691,355.6503,359.75,0.4206813,-0.1084851,-0.9006982,0,0,0,1.152859,0.1305174,-1.011033,-0.0732341,0.20896,1.9929,0.997064,-0.00432016,0.0764508,0.01494614,0.9901835,-0.1389718,-0.07509995,0.1397064,0.9873409,moving,-5.318264760184487,5.719531921919169,-2.104529902633344,5.985718288963392,-0.21956299999999995,0.4856461,1.933034,-0.09223049737544681,0.09923417172365609,0.9907805068310072,-5.13945811368112,5.795913167856129,3.209880468486928,3.2247398215421144,3.0408576471469684
05/10/2023 16:35:48.923203,3844,True,True,True,True,Eyes,1.373234,-0.3534423,-2.93528,-0.162737,0.2371312,0.9577502,0.0,0.0,0.0,0.0,0.0,0.0,0.0,-1.144598,-0.07805938,3.059577,1.372413,-0.355209,-2.944064,-0.06992549,-0.03804692,-0.00479964,0.9968148,351.9654,355.6456,359.7542,0.4207362,-0.108479,-0.9006733,0,0,0,1.156333,0.1305426,-1.0108,-0.06956974,0.20896,1.9929,0.9970588,-0.004247806,0.0765227,0.0148896,0.9901748,-0.1390403,-0.07518023,0.1397708,0.9873257,moving,-5.187892062015233,5.717081904060783,-1.9993148177063431,5.985718288963392,-0.21608000000000005,0.4857516,1.933264,-0.08997600660732014,0.09921235503054965,0.9909900148976133,-5.013931924555705,5.792562370899659,3.1851053149037405,3.1998734897208068,3.020798819781261
05/10/2023 16:35:48.943235,3845,True,True,True,True,Eyes,1.373302,-0.353447,-2.935278,-0.1604612,0.2371694,0.9581248,0.0,0.0,0.0,0.0,0.0,0.0,0.0,-1.144376,-0.07742751,3.059657,1.372409,-0.3552239,-2.944046,-0.06985297,-0.03807985,-0.004727715,0.9968191,351.9741,355.6412,359.7625,0.4207883,-0.1084734,-0.9006497,0,0,0,1.160454,0.1302073,-1.010396,-0.06524841,0.20896,1.9929,0.9970551,-0.00410537,0.07657793,0.01474533,0.9901964,-0.1389015,-0.07525694,0.1396216,0.987341,moving,-5.050112474755784,5.726316642671844,-1.875218814461858,5.985718288963392,-0.2119549999999999,0.48543119999999995,1.93365,-0.0875911300891905,0.09939330198522406,0.9911856631464221,-4.880646886511489,5.800431385767398,3.170626772523311,3.1854731152959572,3.0111341937482496
05/10/2023 16:35:48.953566,3846,True,True,True,True,Eyes,1.373369,-0.3534501,-2.935277,-0.1582754,0.2371805,0.9584854,0.0,0.0,0.0,0.0,0.0,0.0,0.0,-1.144564,-0.07637891,3.059623,1.372428,-0.3552617,-2.944043,-0.06969228,-0.03805286,-0.004713446,0.9968314,351.9926,355.6443,359.7632,0.420837,-0.1084685,-0.9006275,0,0,0,1.164954,0.1295224,-1.009888,-0.0608438,0.20896,1.9929,0.9970595,-0.004093041,0.07652155,0.014701,0.9902415,-0.1385842,-0.07520759,0.1393016,0.9873899,moving,-4.925703541304679,5.743441951414201,-1.7487131456440936,5.985718288963392,-0.20747399999999994,0.48478410000000005,1.9341550000000003,-0.08543600010654809,0.09970826983446819,0.9913419715975821,-4.759830163994805,5.816016021553467,3.1711472832895105,3.186214964162941,3.015895316115158
05/10/2023 16:35:48.973695,3847,True,True,True,True,Eyes,1.37339,-0.3534514,-2.935279,-0.1559752,0.2372091,0.9588553,0.0,0.0,0.0,0.0,0.0,0.0,0.0,-1.14477,-0.07414237,3.059647,1.372451,-0.3552237,-2.944083,-0.06939209,-0.03801613,-0.00453044,0.9968545,352.0278,355.6472,359.7827,0.4208825,-0.108464,-0.9006068,0,0,0,1.169357,0.1283269,-1.009288,-0.05645442,0.20896,1.9929,0.9970685,-0.003756341,0.07642186,0.01430842,0.9903284,-0.1380032,-0.07516436,0.1386921,0.987479,moving,-4.792840430534083,5.779864563105046,-1.622627930080499,5.985718288963392,-0.2030940000000001,0.48355059999999994,1.934795,-0.08313149036254582,0.10035806827797936,0.9914722991176075,-4.629841317819462,5.850158696702033,3.1614875981562753,3.176888895520573,3.010267224425519
05/10/2023 16:35:48.993113,3848,True,True,True,True,Eyes,1.37341,-0.3534538,-2.935282,-0.1537595,0.2372399,0.9592055,0.0,0.0,0.0,0.0,0.0,0.0,0.0,-1.144749,-0.07519102,3.05964,1.372489,-0.3550974,-2.944093,-0.06954457,-0.03802454,-0.004530074,0.9968436,352.0103,355.6461,359.7834,0.420924,-0.10846,-0.9005879,0,0,0,1.173676,0.1290303,-1.009118,-0.05213453,0.2089601,1.9929,0.9970672,-0.003742749,0.07643913,0.01432035,0.9902861,-0.1383056,-0.07517897,0.1389946,0.9874354,moving,-4.662355171893854,5.76213922076088,-1.498523462443208,5.985721132694636,-0.19881300000000013,0.4841277,1.9349750000000001,-0.08087566051813756,0.100069973194849,0.9916879918719634,-4.505017054372128,5.832066269796172,3.1564473335231957,3.171721923036342,3.010417501809675
05/10/2023 16:35:49.010490,3849,True,True,True,True,Eyes,1.373402,-0.3534619,-2.935283,-0.1514223,0.2372395,0.9595774,0.0,0.0,0.0,0.0,0.0,0.0,0.0,-1.145042,-0.07611054,3.059537,1.372494,-0.3551255,-2.944117,-0.06958302,-0.03798959,-0.004814782,0.9968409,352.0047,355.6525,359.7505,0.4209618,-0.1084564,-0.9005706,0,0,0,1.178424,0.129204,-1.008826,-0.04771462,0.20896,1.9929,0.9970672,-0.004312282,0.07640921,0.014886,0.99027,-0.1383605,-0.0750691,0.1390922,0.98743,moving,-4.535476617863264,5.75184499245861,-1.3715310094796658,5.985718288963392,-0.1940700000000002,0.48432949999999997,1.9352909999999999,-0.0786807033070501,0.09990940921328136,0.9918808077415656,-4.3832747660207305,5.821172203287462,3.1573289850367687,3.172577584808269,3.0162353803003095
05/10/2023 16:35:49.028211,3850,True,True,True,True,Eyes,1.373395,-0.3534703,-2.935285,-0.1491909,0.2372452,0.9599254,0.0,0.0,0.0,0.0,0.0,0.0,0.0,-1.145387,-0.07599947,3.059367,1.372444,-0.3552146,-2.944084,-0.06958613,-0.03792515,-0.004804078,0.9968433,352.0044,355.6598,359.7512,0.4209956,-0.1084534,-0.9005552,0,0,0,1.183007,0.1291054,-1.008435,-0.04331559,0.20896,1.9929,0.9970772,-0.004299699,0.07627945,0.01485595,0.9902694,-0.1383685,-0.07494225,0.1390973,0.9874389,moving,-4.412537914015001,5.750159710381283,-1.245125092676655,5.985718288963392,-0.18943700000000008,0.48432,1.9356490000000002,-0.07655235331705129,0.09989683053169658,0.992048559084863,-4.264873057571935,5.818615633053371,3.160849549273816,3.1761599180019515,3.0243678792602875
05/10/2023 16:35:49.043044,3851,True,True,True,True,Eyes,1.37338,-0.3534796,-2.935285,-0.146833,0.2372485,0.960288,0.0,0.0,0.0,0.0,0.0,0.0,0.0,-1.144439,-0.07634613,3.059727,1.372458,-0.3552318,-2.944091,-0.06968857,-0.03807672,-0.004693328,0.9968309,351.9931,355.6414,359.7657,0.4210258,-0.108451,-0.9005414,0,0,0,1.186615,0.1294442,-1.008273,-0.03904086,0.20896,1.9929,0.9970563,-0.004049882,0.07656625,0.01466393,0.990243,-0.138578,-0.07525796,0.1392928,0.9873874,moving,-4.255587241838277,5.7379397827296295,-1.1222793044791755,5.985718288963392,-0.18584299999999998,0.484676,1.9358179999999998,-0.07383596143903369,0.09970571747159311,0.9922735733088422,-4.1142487434160895,5.8056357030419505,3.1279858787141617,3.143089693035975,2.9973840029740306
05/10/2023 16:35:49.053316,3852,True,True,True,True,Eyes,1.373368,-0.3534892,-2.935282,-0.1445627,0.2372433,0.9606338,0.0,0.0,0.0,0.0,0.0,0.0,0.0,-1.144016,-0.07640234,3.059851,1.372494,-0.3552364,-2.944039,-0.06969655,-0.03815242,-0.004696479,0.9968274,351.9921,355.6327,359.766,0.4210525,-0.1084491,-0.9005291,0,0,0,1.190899,0.1294532,-1.007908,-0.03448409,0.2089601,1.9929,0.9970446,-0.004044972,0.07671741,0.01468134,0.9902406,-0.1385925,-0.07540809,0.1393092,0.9873735,moving,-4.1147991820889445,5.7347930497292925,-0.9913170063502079,5.985721132694636,-0.18159500000000017,0.4846896,1.936131,-0.07139778380978798,0.09966897109043309,0.9924557964954638,-3.9787209552837046,5.801533760016449,3.118451345344691,3.133545245401485,2.993076568074653
05/10/2023 16:35:49.073201,3853,True,True,True,True,Eyes,1.373317,-0.3535036,-2.93528,-0.1421755,0.2372212,0.9609954,0.0,0.0,0.0,0.0,0.0,0.0,0.0,-1.144559,-0.07577452,3.059639,1.372552,-0.3552497,-2.943984,-0.06960513,-0.03807372,-0.004679149,0.9968369,352.0027,355.6417,359.7669,0.4210764,-0.1084478,-0.9005182,0,0,0,1.195423,0.1290631,-1.007415,-0.03029914,0.20896,1.9929,0.997057,-0.004028441,0.07655797,0.01462895,0.9902665,-0.1384136,-0.07525519,0.1391262,0.9874111,moving,-3.9845751852031377,5.742449554788454,-0.8710317150689955,5.985718288963392,-0.1771290000000001,0.4843128,1.936569,-0.06914087161064297,0.09981749449726374,0.992600592895279,-3.8528018983853496,5.807936942485664,3.1078761108414263,3.123032599484359,2.9870653881811626
05/10/2023 16:35:49.087090,3854,True,True,True,True,Eyes,1.373271,-0.353516,-2.935277,-0.1398737,0.2371969,0.9613392,0.0,0.0,0.0,0.0,0.0,0.0,0.0,-1.144868,-0.07534897,3.059528,1.37258,-0.3552986,-2.943959,-0.06953749,-0.03802925,-0.004695554,0.9968433,352.0104,355.6469,359.7644,0.4210965,-0.108447,-0.9005089,0,0,0,1.199936,0.1287364,-1.006978,-0.0259852,0.20896,1.9929,0.9970635,-0.004072546,0.07647143,0.01465038,0.990285,-0.1382788,-0.07516536,0.1389931,0.9874367,moving,-3.8560783545689046,5.746940607826189,-0.747030921985737,5.985718288963392,-0.17264400000000002,0.484035,1.936981,-0.06691397865115087,0.09991051001137344,0.9927439187566348,-3.728715462866014,5.811298514354687,3.1029804998388126,3.1182031234448546,2.9867817059669726
05/10/2023 16:35:49.108548,3855,True,True,True,True,Eyes,1.373239,-0.3535262,-2.935274,-0.1374797,0.2371456,0.9616971,0.0,0.0,0.0,0.0,0.0,0.0,0.0,-1.145569,-0.07539782,3.059257,1.372615,-0.3552663,-2.943939,-0.06950853,-0.0379245,-0.004778719,0.9968488,352.0134,355.6597,359.7538,0.4211135,-0.1084468,-0.900501,0,0,0,1.204761,0.1286535,-1.006562,-0.0216509,0.2089601,1.9929,0.9970778,-0.004255168,0.07627431,0.01479947,0.9902915,-0.1382165,-0.07494566,0.1389414,0.9874606,moving,-3.7302778415541384,5.744707630114433,-0.622437850268535,5.985721132694636,-0.16785399999999995,0.4839198,1.937377,-0.064734274320846,0.09988620947868071,0.9928908472455544,-3.607584534984344,5.808191759621093,3.101913145165916,3.1171713010131596,2.990420941535434
05/10/2023 16:35:49.123259,3856,True,True,True,True,Eyes,1.373207,-0.3535365,-2.935271,-0.1351798,0.2371099,0.9620318,0.0,0.0,0.0,0.0,0.0,0.0,0.0,-1.146102,-0.07584873,3.059078,1.372604,-0.3552322,-2.943982,-0.0695236,-0.03784081,-0.004910789,0.9968503,352.0111,355.6704,359.738,0.421128,-0.108447,-0.9004942,0,0,0,1.209308,0.1287519,-1.006273,-0.01750226,0.20896,1.9929,0.9970879,-0.004528984,0.07612607,0.0150523,0.9902847,-0.1382376,-0.07476041,0.1389809,0.9874691,moving,-3.6084911612625286,5.737952411561834,-0.5031762001917248,5.985718288963392,-0.16329599999999989,0.48398410000000003,1.9377090000000001,-0.0626243117794692,0.0997825992959892,0.9930365026871742,-3.4905621524418793,5.800751388017981,3.099927779925594,3.115183612157513,2.9931066773750166
05/10/2023 16:35:49.142945,3857,True,True,True,True,Eyes,1.373156,-0.3535489,-2.935269,-0.1328009,0.2370692,0.9623731,0.0,0.0,0.0,0.0,0.0,0.0,0.0,-1.146112,-0.07700628,3.059019,1.372573,-0.3552465,-2.943967,-0.06971475,-0.03783355,-0.00491883,0.9968372,351.9891,355.6713,359.7378,0.4211403,-0.1084476,-0.9004884,0,0,0,1.21385,0.1294629,-1.006095,-0.01295933,0.20896,1.9929,0.9970889,-0.004531434,0.0761136,0.01508166,0.9902313,-0.1386163,-0.07474194,0.1393607,0.9874169,moving,-3.470716556879065,5.712143525751748,-0.37257486509526344,5.985718288963392,-0.15872299999999995,0.4847094,1.9378719999999998,-0.06023887837687998,0.09934988884142791,0.9932274388840411,-3.35914111447123,5.77480313634935,3.0950788359543244,3.11019695412289,2.9940045363215186
05/10/2023 16:35:49.158436,3858,True,True,True,True,Eyes,1.373108,-0.3535603,-2.935268,-0.1305151,0.2370351,0.9626943,0.0,0.0,0.0,0.0,0.0,0.0,0.0,-1.146159,-0.07775378,3.058987,1.372556,-0.3552728,-2.943976,-0.06984564,-0.03782175,-0.004912208,0.9968285,351.9742,355.6725,359.739,0.4211501,-0.1084485,-0.9004837,0,0,0,1.218094,0.129926,-1.005906,-0.008733541,0.20896,1.9929,0.9970908,-0.00450989,0.07608979,0.01507663,0.9901949,-0.1388767,-0.07471742,0.1396198,0.9873822,moving,-3.3387713952354474,5.693922188264157,-0.25108727794322505,5.985718288963392,-0.1544620000000001,0.48519880000000004,1.9380700000000002,-0.05795320356448983,0.09904745384180905,0.9933937654810291,-3.2329360777305087,5.756221024286075,3.086424512948048,3.101441305677399,2.9906673601868925
05/10/2023 16:35:49.173230,3859,True,True,True,True,Eyes,1.373036,-0.3535736,-2.935267,-0.128153,0.2369984,0.9630205,0.0,0.0,0.0,0.0,0.0,0.0,0.0,-1.146301,-0.0782159,3.058949,1.372603,-0.3552623,-2.943984,-0.06992777,-0.03780473,-0.004894789,0.9968235,351.9648,355.6743,359.7413,0.4211577,-0.1084497,-0.90048,0,0,0,1.222426,0.1302345,-1.005667,-0.00449419,0.20896,1.9929,0.9970937,-0.00447128,0.07605385,0.01504568,0.9901723,-0.1390412,-0.07468472,0.1397814,0.9873618,moving,-3.202922160050867,5.681285370362181,-0.1292075281403115,5.985718288963392,-0.150177,0.48549679999999995,1.9383169999999998,-0.05559882714346788,0.09884159726796982,0.9935487031351793,-3.1026719261221363,5.742998464881126,3.0738152035964292,3.088753962417384,2.9833543938104206
05/10/2023 16:35:49.187316,3860,True,True,True,True,Eyes,1.372966,-0.3535871,-2.935263,-0.1258778,0.2369566,0.9633309,0.0,0.0,0.0,0.0,0.0,0.0,0.0,-1.146795,-0.07838187,3.058742,1.3726,-0.3552682,-2.943966,-0.06997498,-0.03772169,-0.004855598,0.9968235,351.9596,355.6836,359.7453,0.4211626,-0.1084514,-0.9004775,0,0,0,1.227183,0.1303861,-1.005331,-2.342463e-05,0.20896,1.9929,0.997107,-0.0044012,0.07588328,0.0149595,0.9901598,-0.1391391,-0.07452419,0.1398717,0.9873611,moving,-3.079305354677073,5.672733401392794,-0.0006734569901117593,5.985718288963392,-0.14541700000000013,0.4856543,1.938635,-0.05345583119217079,0.09870487443383769,0.9936799764440083,-2.983980951836842,5.733810370182349,3.0795152301556477,3.094500589966529,2.9939240485278296
05/10/2023 16:35:49.203023,3861,True,True,True,True,Eyes,1.372873,-0.3536023,-2.935261,-0.1235188,0.2368972,0.9636508,0.0,0.0,0.0,0.0,0.0,0.0,0.0,-1.147418,-0.07766837,3.058475,1.372598,-0.355284,-2.943911,-0.06990927,-0.03761575,-0.004745471,0.9968326,351.9676,355.695,359.7569,0.4211654,-0.1084534,-0.900476,0,0,0,1.231747,0.1300797,-1.004861,0.004216537,0.20896,1.9929,0.9971251,-0.004201501,0.07565673,0.01472026,0.9901803,-0.1390187,-0.07432972,0.1397327,0.9873955,moving,-2.9522846315128244,5.676825652265135,0.12122505583203587,5.985718288963392,-0.14085100000000006,0.48536369999999995,1.93905,-0.05125236090097226,0.09878727129258907,0.9937878607603141,-2.8613383802424277,5.7367982651459215,3.0739413458325564,3.0889927904106704,2.992932646830797
05/10/2023 16:35:49.228096,3862,True,True,True,True,Eyes,1.372783,-0.3536178,-2.935258,-0.1212469,0.2368382,0.9639538,0.0,0.0,0.0,0.0,0.0,0.0,0.0,-1.148473,-0.07711282,3.058079,1.372572,-0.3552928,-2.943909,-0.06986691,-0.03743471,-0.004640955,0.9968429,351.973,355.7151,359.7673,0.4211655,-0.1084558,-0.9004756,0,0,0,1.236651,0.1298728,-1.004443,0.008521408,0.20896,1.9929,0.9971542,-0.004021709,0.07528155,0.0144835,0.9901942,-0.1389452,-0.07398456,0.1396401,0.9874345,moving,-2.838956216016872,5.678319479557904,0.2449885786596976,5.985718288963392,-0.13592099999999996,0.48516560000000003,1.9394660000000001,-0.04928642045046161,0.09882297362322105,0.9938837663010367,-2.7520306224633737,5.7373822741544,3.084047757746169,3.099227246369104,3.007290286645369
05/10/2023 16:35:49.243085,3863,True,True,True,True,Eyes,1.372715,-0.3536314,-2.935256,-0.1189115,0.2367456,0.9642674,0.0,0.0,0.0,0.0,0.0,0.0,0.0,-1.149115,-0.07652444,3.05784,1.372545,-0.3553103,-2.943906,-0.0698636,-0.03731591,-0.004429661,0.9968485,351.9743,355.7271,359.7907,0.4211634,-0.1084585,-0.9004763,0,0,0,1.24123,0.129799,-1.004086,0.01281726,0.20896,1.9929,0.9971758,-0.003617354,0.07501557,0.01404545,0.990199,-0.1389563,-0.07377769,0.1396175,0.9874532,moving,-2.7127305085471005,5.674322098764945,0.36849053022507283,5.985718288963392,-0.13131499999999985,0.4851093,1.93982,-0.04709699885631051,0.0987640756845073,0.9939957609101177,-2.630583490784069,5.732569642643886,3.081702166812987,3.096916317410333,3.0097390618831628
05/10/2023 16:35:49.254521,3864,True,True,True,True,Eyes,1.372651,-0.3536468,-2.935255,-0.1166634,0.2366543,0.9645643,0.0,0.0,0.0,0.0,0.0,0.0,0.0,-1.149778,-0.07563007,3.057624,1.372545,-0.3553064,-2.943917,-0.06980883,-0.037198,-0.004211093,0.9968578,351.9815,355.739,359.8147,0.4211598,-0.1084615,-0.9004776,0,0,0,1.24593,0.1295485,-1.003686,0.01721958,0.20896,1.9929,0.9971972,-0.003202224,0.07475017,0.01358922,0.990218,-0.1388657,-0.07357428,0.1394922,0.9874861,moving,-2.5914636518153653,5.676367214098161,0.49504978044920706,5.985718288963392,-0.12661499999999992,0.48485490000000003,1.9402309999999998,-0.044992891403482956,0.09880914087578216,0.9940886725262914,-2.5135952348525485,5.733625578587157,3.086656471039318,3.101977313758098,3.0191878978832927
05/10/2023 16:35:49.273689,3865,True,True,True,True,Eyes,1.372651,-0.3536468,-2.935255,-0.1166634,0.2366543,0.9645643,0.0,0.0,0.0,0.0,0.0,0.0,0.0,-1.150351,-0.07504645,3.05747,1.372563,-0.3553616,-2.943952,-0.06979954,-0.03709852,-0.004027626,0.9968629,351.9834,355.749,359.835,0.4211549,-0.1084648,-0.9004795,0,0,0,1.250548,0.1294239,-1.003365,0.02156734,0.2089601,1.9929,0.9972149,-0.002851062,0.07452652,0.0132089,0.9902236,-0.1388623,-0.07340202,0.13946,0.9875035,moving,-2.5992395800111248,5.67922227165419,0.6200357866874697,5.985721132694636,-0.12201499999999998,0.4847855,1.9405869999999998,-0.04512758387284716,0.09885807512597901,0.9940777019925177,-2.5209383796603584,5.736439565524819,3.217776581766261,3.2338329329839324,3.1508506809106445
05/10/2023 16:35:49.293158,3866,True,True,True,True,Eyes,1.372651,-0.3536468,-2.935255,-0.1166634,0.2366543,0.9645643,0.0,0.0,0.0,0.0,0.0,0.0,0.0,-1.151045,-0.07494804,3.057241,1.372544,-0.3553444,-2.943994,-0.06979435,-0.03698019,-0.003999206,0.9968678,351.9841,355.7624,359.8373,0.4211505,-0.1084677,-0.9004812,0,0,0,1.255383,0.1294046,-1.003045,0.02598744,0.20896,1.9929,0.9972329,-0.002811343,0.07428695,0.01313537,0.9902255,-0.1388557,-0.07317045,0.1394472,0.9875224,moving,-2.6121415414075297,5.680168255840216,0.7470953109305349,5.985718288963392,-0.11716100000000007,0.484749,1.940949,-0.04535136106531706,0.09887348486105939,0.9940659854775704,-2.533323395459025,5.737450073507471,3.3562854788270746,3.3731043643575163,3.289799993318168
05/10/2023 16:35:49.303656,3867,True,True,True,True,Eyes,1.372651,-0.3536468,-2.935255,-0.1166634,0.2366543,0.9645643,0.0,0.0,0.0,0.0,0.0,0.0,0.0,-1.151332,-0.07479733,3.057154,1.372524,-0.355328,-2.944023,-0.06979266,-0.0369268,-0.003938789,0.9968702,351.9846,355.7681,359.8439,0.4211465,-0.1084703,-0.9004828,0,0,0,1.260018,0.1293962,-1.002727,0.03048682,0.20896,1.9929,0.9972418,-0.002698485,0.07417223,0.01300736,0.9902269,-0.1388575,-0.07307264,0.1394393,0.9875308,moving,-2.617043308859188,5.680968475112276,0.8764262514021263,5.985718288963392,-0.112506,0.48472419999999994,1.9412960000000001,-0.0454363439566766,0.09888698617038548,0.9940607617527858,-2.5380053757482193,5.7382593809372615,3.4891830470733924,3.506736662128291,3.423387101635753
05/10/2023 16:35:49.323290,3868,True,True,True,True,Eyes,1.372651,-0.3536468,-2.935255,-0.1166634,0.2366543,0.9645643,0.0,0.0,0.0,0.0,0.0,0.0,0.0,-1.151401,-0.07524362,3.057114,1.372473,-0.3553164,-2.944045,-0.06986853,-0.03690617,-0.003929774,0.9968656,351.9759,355.7704,359.8451,0.421143,-0.1084727,-0.9004841,0,0,0,1.264304,0.1296912,-1.002501,0.03475714,0.20896,1.9929,0.997245,-0.002677755,0.0741301,0.01299207,0.9902059,-0.139009,-0.07303184,0.1395891,0.9875126,moving,-2.619084621111705,5.672372253759871,0.9991648124001331,5.985718288963392,-0.10816899999999996,0.4850076,1.941544,-0.04547243741821875,0.09873768144492906,0.99407395255115,-2.5404289011418513,5.729979423010737,3.6136000076564287,3.6317922160947624,3.5488203708422166
05/10/2023 16:35:49.343316,3869,True,True,True,True,Eyes,1.372589,-0.3536585,-2.935257,-0.1140571,0.2365448,0.9649029,0.0,0.0,0.0,0.0,0.0,0.0,0.0,-1.150611,-0.07540181,3.057385,1.372449,-0.355321,-2.944032,-0.06990809,-0.0370298,-0.003892889,0.9968584,351.9715,355.7558,359.8505,0.4211397,-0.1084749,-0.9004854,0,0,0,1.268028,0.1298282,-1.002238,0.03902817,0.2089601,1.9929,0.9972273,-0.002583952,0.07437121,0.01293868,0.9901954,-0.1390886,-0.07328264,0.1396652,0.9874834,moving,-2.452973492743612,5.660419186141013,1.1219146075004116,5.985721132694636,-0.1044210000000001,0.4851492,1.941794,-0.04259107537021063,0.09854282965347122,0.9942209924954092,-2.3809613730108534,5.717187698382073,3.5716646362634434,3.5896582407936695,3.5131539021492437
05/10/2023 16:35:49.354213,3870,True,True,True,True,Eyes,1.372528,-0.353669,-2.935259,-0.111554,0.2364365,0.965222,0.0,0.0,0.0,0.0,0.0,0.0,0.0,-1.150081,-0.07558632,3.057583,1.372456,-0.3553286,-2.944031,-0.06997544,-0.03711313,-0.003802691,0.9968509,351.9642,355.7454,359.8618,0.4211352,-0.1084772,-0.9004872,0,0,0,1.272107,0.1300674,-1.001988,0.04350191,0.20896,1.9929,0.9972163,-0.002387415,0.07452469,0.01277544,0.990178,-0.1392279,-0.07346031,0.1397924,0.9874521,moving,-2.2964073775585385,5.645976853567273,1.2504792435090366,5.985718288963392,-0.1003489999999998,0.485396,1.9420429999999997,-0.03987506572135054,0.09830324166517838,0.994357317338232,-2.2308256106582083,5.702066044412594,3.5452522351356195,3.563120675143234,3.492841548580057
05/10/2023 16:35:49.373073,3871,True,True,True,True,Eyes,1.372528,-0.353669,-2.935259,-0.111554,0.2364365,0.965222,0.0,0.0,0.0,0.0,0.0,0.0,0.0,-1.150072,-0.07556021,3.057577,1.372452,-0.3553085,-2.944025,-0.0699555,-0.03711556,-0.003832404,0.9968522,351.9663,355.7454,359.8584,0.4211296,-0.1084797,-0.9004896,0,0,0,1.276387,0.130001,-1.001644,0.04778715,0.20896,1.9929,0.9972155,-0.002447806,0.07453364,0.01283356,0.9901831,-0.1391861,-0.07346125,0.139755,0.9874573,moving,-2.2967361430851483,5.6480007121296705,1.3736150470464834,5.985718288963392,-0.09606500000000007,0.48530950000000006,1.942381,-0.039880632402570663,0.09833834341826539,0.9943536232674836,-2.2310351089619544,5.704021567592387,3.667303679450775,3.685855534418451,3.6156404398173816
05/10/2023 16:35:49.393627,3872,True,True,True,True,Eyes,1.372528,-0.353669,-2.935259,-0.111554,0.2364365,0.965222,0.0,0.0,0.0,0.0,0.0,0.0,0.0,-1.150173,-0.07486296,3.057549,1.37245,-0.3553497,-2.944013,-0.06986611,-0.03709727,-0.003787949,0.9968591,351.9768,355.7472,359.8629,0.4211245,-0.108482,-0.9004917,0,0,0,1.280722,0.1295988,-1.001222,0.05209858,0.20896,1.9929,0.9972189,-0.002368419,0.07449079,0.01273579,0.9902087,-0.1390123,-0.0734322,0.1395744,0.987485,moving,-2.2980999927129364,5.658647838148917,1.4974906080150006,5.985718288963392,-0.09172800000000003,0.4849485,1.942791,-0.03990356915130655,0.09852302958085962,0.994334420878331,-2.231784747753224,5.7143064270878305,3.790375073442106,3.8096565577660995,3.7391388150090092
05/10/2023 16:35:49.403424,3873,True,True,True,True,Eyes,1.372474,-0.3536794,-2.935261,-0.1088093,0.2363204,0.9655637,0.0,0.0,0.0,0.0,0.0,0.0,0.0,-1.150571,-0.07414466,3.057392,1.372448,-0.355326,-2.943991,-0.06976593,-0.03703052,-0.003739136,0.9968688,351.9885,355.7545,359.8676,0.42112,-0.108484,-0.9004935,0,0,0,1.285207,0.1292192,-1.000773,0.05637151,0.20896,1.9929,0.9972295,-0.002287919,0.07435086,0.01262179,0.9902375,-0.138818,-0.0733074,0.1393719,0.9875229,moving,-2.145682540145453,5.662633728738335,1.62024618001319,5.985718288963392,-0.0872409999999999,0.4845452,1.9432180000000001,-0.03725802288825532,0.0986022822341401,0.9944292250577802,-2.0846698735165448,5.716999509608725,3.7605380107626205,3.7797622621497684,3.7146484014076226
05/10/2023 16:35:49.423296,3874,True,True,True,True,Eyes,1.37242,-0.3536907,-2.935262,-0.1061708,0.236202,0.9658863,0.0,0.0,0.0,0.0,0.0,0.0,0.0,-1.150614,-0.07378849,3.057391,1.372448,-0.3553277,-2.943998,-0.0697021,-0.03702422,-0.003751482,0.9968735,351.9958,355.7554,359.8659,0.4211145,-0.1084863,-0.9004958,0,0,0,1.289553,0.128959,-1.000395,0.06069943,0.2089601,1.9929,0.9972303,-0.002318176,0.07433988,0.01264084,0.9902551,-0.1386905,-0.07329395,0.1392461,0.9875417,moving,-1.993718258637151,5.6618961309403435,1.7445663710981638,5.985721132694636,-0.08289499999999994,0.4842867,1.9436030000000002,-0.034620403498111435,0.09859883442705762,0.9945248441419569,-1.938242374865609,5.715137827071813,3.7331265586442632,3.7522839184523957,3.6927355151200625
05/10/2023 16:35:49.444328,3875,True,True,True,True,Eyes,1.372362,-0.353701,-2.935263,-0.1035493,0.2361482,0.966184,0.0,0.0,0.0,0.0,0.0,0.0,0.0,-1.150809,-0.07329422,3.057325,1.372418,-0.3553592,-2.944004,-0.06963369,-0.03698681,-0.003733826,0.9968798,352.0037,355.7596,359.8673,0.4211082,-0.1084887,-0.9004984,0,0,0,1.294093,0.1286494,-0.9999976,0.06514896,0.20896,1.9929,0.9972361,-0.002293296,0.07426279,0.0125954,0.9902745,-0.1385566,-0.07322279,0.139109,0.9875663,moving,-1.8458351580727057,5.665860140451395,1.8723626886468872,5.985718288963392,-0.07832499999999998,0.4840086,1.9440064000000001,-0.03205312872097771,0.09867609380793949,0.994603226015145,-1.7954989730998183,5.717844105145266,3.7127841045477306,3.7319303935791384,3.677630452895931
05/10/2023 16:35:49.453739,3876,True,True,True,True,Eyes,1.372306,-0.353711,-2.935265,-0.1010282,0.2361076,0.9664608,0.0,0.0,0.0,0.0,0.0,0.0,0.0,-1.150598,-0.07310951,3.057393,1.372418,-0.3553389,-2.94399,-0.0696223,-0.03701915,-0.003678696,0.9968796,352.0052,355.7554,359.8739,0.421101,-0.1084912,-0.9005014,0,0,0,1.298192,0.1286157,-0.9996619,0.06942533,0.20896,1.9929,0.9972321,-0.002179718,0.0743195,0.01248915,0.9902784,-0.1385377,-0.07329503,0.1390825,0.9875646,moving,-1.6950934537883275,5.664430955284869,1.9951680799576923,5.985718288963392,-0.0742259999999999,0.4839546,1.9443281,-0.02943633012012406,0.09865923011334025,0.9946857959638016,-1.6502865135237876,5.715324287820799,3.685147580153806,3.7042213403396644,3.6554687946950284
05/10/2023 16:35:49.477848,3877,True,True,True,True,Eyes,1.372232,-0.3537263,-2.935269,-0.09851396,0.2360913,0.9667243,0.0,0.0,0.0,0.0,0.0,0.0,0.0,-1.150739,-0.074467,3.057332,1.372406,-0.3553447,-2.94402,-0.0697841,-0.03699978,-0.003831236,0.9968685,351.986,355.7588,359.8568,0.421093,-0.1084939,-0.9005048,0,0,0,1.302744,0.1292308,-0.9995158,0.07381391,0.20896,1.9929,0.9972326,-0.002474485,0.07430254,0.01280247,0.990231,-0.1388476,-0.0732331,0.1394146,0.9875224,moving,-1.5544450277476995,5.643139219539901,2.121176754348701,5.985718288963392,-0.06966200000000011,0.48457550000000005,1.9445042000000001,-0.026995485056660926,0.09829636216665065,0.9947909546394259,-1.5158559688944304,5.693713366726243,3.6725448654436894,3.6915519641241112,3.648735932422635
05/10/2023 16:35:49.492942,3878,True,True,True,True,Eyes,1.372162,-0.3537375,-2.935272,-0.0961054,0.236081,0.9669692,0.0,0.0,0.0,0.0,0.0,0.0,0.0,-1.149855,-0.07379776,3.057712,1.372419,-0.3554522,-2.944034,-0.06979154,-0.03713498,-0.003581111,0.9968638,351.9862,355.7411,359.8868,0.421084,-0.1084969,-0.9005087,0,0,0,1.306375,0.1291467,-0.9992396,0.07815158,0.20896,1.9929,0.9972163,-0.001956346,0.07453689,0.01232317,0.9902326,-0.1388794,-0.07353715,0.1394113,0.9875003,moving,-1.3948746407374961,5.642874895605068,2.24570349222594,5.985718288963392,-0.06604399999999999,0.4845989,1.9447943999999997,-0.02422485623948415,0.09829874946311676,0.9948620167706491,-1.3620724237790869,5.692250841729373,3.637775481410568,3.6566857582489893,3.6196920038439684
05/10/2023 16:35:49.503452,3879,True,True,True,True,Eyes,1.372081,-0.353749,-2.935275,-0.09366336,0.2361209,0.9671991,0.0,0.0,0.0,0.0,0.0,0.0,0.0,-1.149359,-0.07470125,3.057878,1.372472,-0.3553668,-2.944021,-0.06987852,-0.03722955,-0.003692227,0.9968538,351.9757,355.7311,359.8751,0.421074,-0.1085,-0.900513,0,0,0,1.310532,0.129562,-0.9989912,0.08255955,0.20896,1.9929,0.9972007,-0.00215813,0.07474084,0.01256431,0.9902067,-0.1390424,-0.07370881,0.1395922,0.9874619,moving,-1.244927542221653,5.633971101902274,2.3722266688410483,5.985718288963392,-0.061939999999999884,0.4849288,1.9450298000000004,-0.021621472013419823,0.09815001058499713,0.9949367270506436,-1.218022379707732,5.682523995775662,3.615367909891403,3.6342166515239622,3.6030285885664335
05/10/2023 16:35:49.528610,3880,True,True,True,True,Eyes,1.372003,-0.3537611,-2.935273,-0.09131692,0.2361836,0.9674082,0.0,0.0,0.0,0.0,0.0,0.0,0.0,-1.149451,-0.07698748,3.057791,1.372538,-0.355364,-2.943995,-0.07019327,-0.0372306,-0.003844719,0.9968311,351.939,355.7321,359.8589,0.4210629,-0.1085032,-0.9005178,0,0,0,1.314872,0.1307795,-0.9989567,0.08673112,0.2089601,1.9929,0.9971982,-0.002438394,0.07476499,0.01289175,0.9901162,-0.1396554,-0.07368549,0.1402279,0.9873736,moving,-1.1116823045781075,5.600203796542788,2.4919430953773056,5.985721132694636,-0.057665999999999995,0.4861435,1.9450383000000002,-0.019308733283619726,0.09756825136205084,0.9950415606192637,-1.091389072827937,5.648930095505249,3.605412121347308,3.624188135248697,3.599124564449748
05/10/2023 16:35:49.544387,3881,True,True,True,True,Eyes,1.371904,-0.3537736,-2.935269,-0.08888874,0.2361299,0.9676474,0.0,0.0,0.0,0.0,0.0,0.0,0.0,-1.149391,-0.07945779,3.057651,1.37255,-0.3553983,-2.943882,-0.07052475,-0.03725092,-0.004048681,0.996806,351.9,355.7312,359.8369,0.421051,-0.1085066,-0.9005229,0,0,0,1.319431,0.1320202,-0.9988275,0.091215,0.20896,1.9929,0.9971919,-0.002817276,0.07483495,0.01332572,0.9900197,-0.1402974,-0.07369281,0.1409006,0.9872772,moving,-0.9723721616999915,5.55747385300946,2.620597944708916,5.985718288963392,-0.053118999999999916,0.4874185,1.9450545,-0.016890536284865434,0.09683038003454929,0.9951575833936716,-0.9593857743529524,5.606641304095413,3.5996831807073417,3.6184012329305797,3.5999976096109623
05/10/2023 16:35:49.558325,3882,True,True,True,True,Eyes,1.371805,-0.3537866,-2.935266,-0.08655196,0.2360464,0.9678796,0.0,0.0,0.0,0.0,0.0,0.0,0.0,-1.149438,-0.07974958,3.057508,1.37254,-0.3553908,-2.943766,-0.07044884,-0.03725703,-0.004349535,0.99681,351.9075,355.733,359.802,0.4210377,-0.1085102,-0.9005287,0,0,0,1.324051,0.1317049,-0.9982952,0.09567551,0.2089601,1.9929,0.9971859,-0.00342189,0.07488919,0.01392075,0.9900361,-0.1401241,-0.0736635,0.1407723,0.9872978,moving,-0.8423670765558536,5.559345821641272,2.748556013699768,5.985721132694636,-0.048489000000000004,0.4870957,1.9454708,-0.014632414307226276,0.09686634394930678,0.9951898656489615,-0.8339846012129821,5.607464031277175,3.5973411778404802,3.6161477494713674,3.6024541207726943
05/10/2023 16:35:49.576189,3883,True,True,True,True,Eyes,1.371805,-0.3537866,-2.935266,-0.08655196,0.2360464,0.9678796,0.0,0.0,0.0,0.0,0.0,0.0,0.0,-1.149805,-0.07731184,3.057403,1.372461,-0.3554119,-2.943769,-0.07005534,-0.03718591,-0.00433826,0.9968404,351.9527,355.7413,359.801,0.4210233,-0.108514,-0.900535,0,0,0,1.328553,0.1301326,-0.9975839,0.100012,0.20896,1.9929,0.9971967,-0.00343896,0.07474468,0.01385925,0.9901469,-0.1393453,-0.073529,0.1399906,0.9874189,moving,-0.8507717254366142,5.604566697324079,2.872930049441192,5.985718288963392,-0.043907999999999836,0.4855445,1.9461851000000001,-0.014777257998607872,0.09765156242172819,0.9951109836754888,-0.8396860536479576,5.651166040023091,3.72354426642855,3.7431579507198602,3.7276592569852562
05/10/2023 16:35:49.592306,3884,True,True,True,True,Eyes,1.371805,-0.3537866,-2.935266,-0.08655196,0.2360464,0.9678796,0.0,0.0,0.0,0.0,0.0,0.0,0.0,-1.148939,-0.07494742,3.057786,1.372428,-0.3554359,-2.94378,-0.06973518,-0.03731624,-0.004168817,0.9968587,351.9901,355.725,359.8202,0.4210104,-0.1085174,-0.9005406,0,0,0,1.331856,0.1288587,-0.9970015,0.1040066,0.2089601,1.9929,0.9971802,-0.003106933,0.07497945,0.01351595,0.9902392,-0.1387211,-0.07381661,0.1393434,0.987489,moving,-0.8331463596163966,5.642295954253463,2.987474458748426,5.985721132694636,-0.04057200000000005,0.4842946,1.9467784999999997,-0.014470201919263632,0.09830726306715042,0.9950509334268389,-0.8206966446970263,5.687441626349364,3.815800745752301,3.8360245425322868,3.8198347892314053
05/10/2023 16:35:49.611336,3885,True,True,True,True,Eyes,1.371805,-0.3537866,-2.935266,-0.08655196,0.2360464,0.9678796,0.0,0.0,0.0,0.0,0.0,0.0,0.0,-1.14835,-0.07362175,3.058119,1.372474,-0.3554265,-2.943842,-0.06950192,-0.03742168,-0.004188269,0.9968709,352.0168,355.7131,359.8178,0.4209988,-0.1085205,-0.9005457,0,0,0,1.33581,0.127945,-0.9965203,0.1083391,0.2089601,1.9929,0.9971642,-0.00314857,0.07519136,0.01355208,0.9903039,-0.1382554,-0.07402699,0.1388823,0.9875382,moving,-0.8218606292680224,5.668931668390092,3.1116810441637797,5.985721132694636,-0.03666400000000003,0.48337149999999995,1.9473217,-0.014273545926658901,0.0987701118241419,0.9950079375190368,-0.8084060752197904,5.71305984975032,3.9253843735813705,3.9462774435306773,3.929558142943532
05/10/2023 16:35:49.627422,3886,True,True,True,True,Eyes,1.371805,-0.3537866,-2.935266,-0.08655196,0.2360464,0.9678796,0.0,0.0,0.0,0.0,0.0,0.0,0.0,-1.148161,-0.07285801,3.058238,1.372485,-0.355409,-2.94387,-0.06941365,-0.0374499,-0.004086687,0.9968765,352.0274,355.709,359.8294,0.4209883,-0.1085232,-0.9005503,0,0,0,1.339933,0.127613,-0.9961443,0.1126488,0.2089601,1.9929,0.9971616,-0.002948776,0.07523318,0.01334691,0.99033,-0.1380876,-0.0740985,0.1386998,0.9875585,moving,-0.8168162675092511,5.679659004478031,3.2352049507789324,5.985721132694636,-0.032551999999999914,0.48302199999999995,1.9477257,-0.014185680635874331,0.09895652652529487,0.9949906718919065,-0.8029750786698866,5.723373622233557,4.042004678423468,4.0635637044085,4.046692991380047
05/10/2023 16:35:49.633203,3887,True,True,True,True,Eyes,1.371805,-0.3537866,-2.935266,-0.08655196,0.2360464,0.9678796,0.0,0.0,0.0,0.0,0.0,0.0,0.0,-1.147892,-0.07284284,3.058344,1.372489,-0.3553864,-2.943876,-0.06945023,-0.03748942,-0.003981384,0.9968729,352.0236,355.7036,359.842,0.4209788,-0.1085257,-0.9005544,0,0,0,1.344218,0.1277753,-0.9958507,0.117172,0.20896,1.9929,0.9971574,-0.002730567,0.07529739,0.01314516,0.9903216,-0.1381676,-0.07419136,0.1387646,0.9875424,moving,-0.8102463741760859,5.676081487626918,3.3648157668420198,5.985718288963392,-0.028271000000000157,0.4831617,1.9480252999999998,-0.01407167578771052,0.09889455898889199,0.9949984517434585,-0.7968326669059048,5.719871583742994,4.164303293687088,4.186528255022839,4.1701309519957634
05/10/2023 16:35:49.653038,3888,True,True,True,True,Eyes,1.371805,-0.3537866,-2.935266,-0.08655196,0.2360464,0.9678796,0.0,0.0,0.0,0.0,0.0,0.0,0.0,-1.148162,-0.07371798,3.058287,1.372545,-0.3553256,-2.943925,-0.06957945,-0.03745358,-0.003994099,0.9968652,352.0088,355.7078,359.8408,0.4209703,-0.1085279,-0.9005581,0,0,0,1.348799,0.1283267,-0.9956936,0.121553,0.20896,1.9929,0.9971626,-0.002751156,0.07522815,0.01317515,0.9902856,-0.1384235,-0.07411651,0.1390218,0.9875118,moving,-0.8143897889342365,5.661185094854057,3.490319042219441,5.985718288963392,-0.023745999999999823,0.48365230000000003,1.9482314,-0.014143995363177939,0.09863576425142408,0.9950231144223058,-0.8016164945464346,5.70552782960844,4.294023406131763,4.316924821570474,4.301071650794406
05/10/2023 16:35:49.678296,3889,True,True,True,True,Eyes,1.371729,-0.3537875,-2.935279,-0.08315387,0.2364968,0.9680675,0.0,0.0,0.0,0.0,0.0,0.0,0.0,-1.148833,-0.07481229,3.058022,1.372539,-0.3553152,-2.943943,-0.06973176,-0.03734498,-0.004064693,0.9968582,351.991,355.7208,359.8325,0.4209627,-0.1085299,-0.9005615,0,0,0,1.353249,0.1289109,-0.9955518,0.1255349,0.20896,1.9929,0.9971777,-0.002895582,0.0750222,0.01331211,0.9902419,-0.1387217,-0.07388844,0.1393289,0.9874857,moving,-0.6320658978669049,5.669843643727523,3.6043601774106886,5.985718288963392,-0.01929000000000003,0.4842261,1.9483912,-0.010977444826711556,0.09879005720389288,0.9950477412492302,-0.6254292123663083,5.712503756336552,4.225543898883332,4.248185810766144,4.238604070057566
05/10/2023 16:35:49.691553,3890,True,True,True,True,Eyes,1.371654,-0.3537852,-2.935293,-0.07989785,0.2369439,0.9682323,0.0,0.0,0.0,0.0,0.0,0.0,0.0,-1.148622,-0.07502142,3.058171,1.372533,-0.3553534,-2.944019,-0.06978253,-0.03737593,-0.004034953,0.9968537,351.9853,355.717,359.8364,0.4209538,-0.1085318,-0.9005654,0,0,0,1.357531,0.1290623,-0.9953464,0.129977,0.20896,1.9929,0.9971735,-0.002828142,0.0750798,0.01326089,0.9902283,-0.1388243,-0.07395352,0.1394276,0.9874669,moving,-0.4403407977545478,5.690672198916909,3.731547608295393,5.985718288963392,-0.01500199999999996,0.4844157,1.9486726,-0.0076474474320496755,0.09915484626235849,0.9950425608764605,-0.43953516598453546,5.731152673061888,4.15989400109315,4.182308581129044,4.1788437590671
05/10/2023 16:35:49.702908,3891,True,True,True,True,Eyes,1.371346,-0.3538039,-2.935312,-0.07678806,0.2371668,0.9684294,0.0,0.0,0.0,0.0,0.0,0.0,0.0,-1.14787,-0.07677025,3.058432,1.372486,-0.3552787,-2.944073,-0.07000845,-0.03749434,-0.004148024,0.9968329,351.9588,355.7041,359.8253,0.4209436,-0.1085335,-0.9005699,0,0,0,1.361435,0.129996,-0.995293,0.1343202,0.2089599,1.9929,0.9971539,-0.003019933,0.07533197,0.01351961,0.9901632,-0.1392624,-0.07417039,0.1398845,0.987386,moving,-0.24943236110468184,5.677606372935272,3.8558677192799267,5.985715445232119,-0.011051000000000144,0.4852747,1.94878,-0.00433204618135289,0.09892990383242643,0.9950849749989964,-0.25622646416536654,5.717099491659075,4.094708952451907,4.116845874020243,4.120858297010293
05/10/2023 16:35:49.723117,3892,True,True,True,True,Eyes,1.371053,-0.3538235,-2.935329,-0.07380916,0.2373774,0.9686095,0.0,0.0,0.0,0.0,0.0,0.0,0.0,-1.14749,-0.07770243,3.05853,1.372503,-0.3553339,-2.944036,-0.07012569,-0.03756388,-0.004256295,0.9968216,351.9449,355.6969,359.8138,0.4209265,-0.108536,-0.9005776,0,0,0,1.365545,0.1303732,-0.9950442,0.1386207,0.20896,1.9929,0.9971417,-0.003217147,0.07548593,0.01375392,0.9901286,-0.1394858,-0.07429203,0.1401254,0.9873427,moving,-0.07171294084506782,5.676507262665776,3.9789297688678595,5.985718288963392,-0.00695800000000002,0.48570709999999995,1.9489918,-0.0012454890182854728,0.09891167559434282,0.9950955304940027,-0.08499475658364891,5.714694061270224,4.040497190365037,4.062427577266395,4.072951838723721
05/10/2023 16:35:49.733006,3893,True,True,True,True,Eyes,1.370649,-0.3538529,-2.93535,-0.07094121,0.2375229,0.968788,0.0,0.0,0.0,0.0,0.0,0.0,0.0,-1.146882,-0.07789925,3.058761,1.37257,-0.3553733,-2.944009,-0.07011478,-0.03767966,-0.004370341,0.9968175,351.9456,355.6845,359.8016,0.4209035,-0.1085392,-0.900588,0,0,0,1.369612,0.1302642,-0.9946717,0.1430135,0.2089601,1.9929,0.9971223,-0.003429061,0.07573233,0.01399666,0.9901296,-0.1394539,-0.07450663,0.1401126,0.9873283,moving,0.10462333244923326,5.6864485418922985,4.1045950930383,5.985721132694636,-0.002958000000000016,0.4856375,1.9493372999999998,0.0018170348282271348,0.09908423390545305,0.9950773764991728,0.0854895771160682,5.722953137971974,3.989405396137162,4.011151726015303,4.027686205151425
05/10/2023 16:35:49.753255,3894,True,True,True,True,Eyes,1.370259,-0.3538823,-2.935371,-0.06819268,0.2376514,0.9689539,0.0,0.0,0.0,0.0,0.0,0.0,0.0,-1.146413,-0.07732698,3.058937,1.372567,-0.3553944,-2.943993,-0.07000992,-0.03775789,-0.004399194,0.9968218,351.9575,355.6757,359.7984,0.4208723,-0.1085434,-0.900602,0,0,0,1.373491,0.129817,-0.9942359,0.1472015,0.20896,1.9929,0.9971099,-0.003483572,0.07589175,0.01405728,0.9901585,-0.1392426,-0.0746598,0.139907,0.9873459,moving,0.27133042058211265,5.70665851703742,4.224364875196907,5.985718288963392,0.0009239999999999249,0.48521139999999996,1.9497570999999998,0.004712122741922467,0.09943428803554087,0.9950330186053542,0.24723787648309392,5.741194429737445,3.941302971002289,3.9628721598960346,3.984636882029415
05/10/2023 16:35:49.773137,3895,True,True,True,True,Eyes,1.369942,-0.3539098,-2.935388,-0.06549502,0.2377171,0.9691238,0.0,0.0,0.0,0.0,0.0,0.0,0.0,-1.145914,-0.07668546,3.05916,1.372514,-0.3554245,-2.944034,-0.06989194,-0.03783256,-0.004432945,0.9968271,351.9709,355.6674,359.7946,0.4208341,-0.1085487,-0.9006193,0,0,0,1.377455,0.1293079,-0.993834,0.1515083,0.20896,1.9929,0.9970981,-0.003549377,0.07604469,0.01412614,0.9901909,-0.1390049,-0.07480539,0.1396758,0.9873676,moving,0.4346409245930176,5.724773789070417,4.347493566239575,5.985718288963392,0.004941000000000084,0.48473239999999995,1.9501999999999997,0.007548010298813055,0.09974714305411053,0.9949841667065472,0.4056013388550941,5.7574400222088995,3.900128380034179,3.9215440616248136,3.94849658723249
05/10/2023 16:35:49.793177,3896,True,True,True,True,Eyes,1.36964,-0.3539373,-2.935408,-0.06291264,0.2377789,0.9692798,0.0,0.0,0.0,0.0,0.0,0.0,0.0,-1.145681,-0.0753105,3.059291,1.372518,-0.3554537,-2.94404,-0.06967314,-0.03787203,-0.004420789,0.996841,351.9961,355.6628,359.7954,0.4207914,-0.1085546,-0.9006385,0,0,0,1.381771,0.128411,-0.9932849,0.1560085,0.20896,1.9929,0.9970923,-0.003536323,0.07612081,0.01409097,0.9902522,-0.1385712,-0.07488876,0.1392409,0.9874228,moving,0.5880648751085383,5.754460841938446,4.47610845429974,5.985718288963392,0.009253000000000178,0.4838647,1.9507551000000003,0.010211773546918695,0.10026030478851604,0.9949089039755146,0.5550498430475609,5.784927261850269,3.87359438850268,3.8949150029871547,3.9261963360794896
05/10/2023 16:35:49.808331,3897,True,True,True,True,Eyes,1.3694,-0.3539577,-2.935426,-0.06036454,0.2378192,0.9694319,0.0,0.0,0.0,0.0,0.0,0.0,0.0,-1.145308,-0.07463551,3.059562,1.372574,-0.3554772,-2.944129,-0.06966993,-0.03792926,-0.00416096,0.9968401,351.9976,355.6541,359.8258,0.4207451,-0.1085611,-0.9006593,0,0,0,1.385675,0.1284065,-0.9930557,0.1602752,0.20896,1.9929,0.9970881,-0.003010566,0.0761986,0.01358068,0.9902576,-0.1385839,-0.07503902,0.1392152,0.9874149,moving,0.7466064746256408,5.758935974595057,4.598008246060424,5.985718288963392,0.01310100000000003,0.4838837,1.9510733000000002,0.012964618046205734,0.10033480751031686,0.9948692896036369,0.7080932655620209,5.788046125132889,3.836898438857445,3.8580728120554233,3.8949342535990668
05/10/2023 16:35:49.823341,3898,True,True,True,True,Eyes,1.369167,-0.3539745,-2.935439,-0.05790196,0.237855,0.9695733,0.0,0.0,0.0,0.0,0.0,0.0,0.0,-1.145308,-0.07660472,3.059546,1.372614,-0.3553892,-2.944155,-0.06986914,-0.03794624,-0.004427741,0.9968244,351.9735,355.6542,359.7961,0.4206972,-0.1085678,-0.9006809,0,0,0,1.390388,0.1292111,-0.9929169,0.1648354,0.2089601,1.9929,0.9970809,-0.003524819,0.07627019,0.0141299,0.9901974,-0.1389585,-0.07503274,0.1396305,0.9873568,moving,0.885578114775267,5.738401322950564,4.7282472149859895,5.985721132694636,0.017773999999999957,0.4846003,1.9512380999999999,0.01537820540712477,0.09997482052944631,0.994871131417679,0.8409478519992868,5.767178482707077,3.829416201092044,3.850619807512308,3.8934377132991878
05/10/2023 16:35:49.843096,3899,True,True,True,True,Eyes,1.368995,-0.3539906,-2.935449,-0.05540709,0.2378502,0.9697202,0.0,0.0,0.0,0.0,0.0,0.0,0.0,-1.146338,-0.07702309,3.059021,1.372541,-0.3553206,-2.944064,-0.06985785,-0.03777548,-0.0046095,0.9968307,351.9741,355.6754,359.7737,0.420648,-0.1085747,-0.9007031,0,0,0,1.395308,0.1291809,-0.9924927,0.1690375,0.20896,1.9929,0.9971035,-0.003911955,0.07595554,0.01446761,0.9901973,-0.1389247,-0.07466751,0.1396212,0.9873857,moving,1.0065449824946173,5.739989755798725,4.848215566560925,5.985718288963392,0.02276699999999998,0.4845015,1.9515713,0.017478567869249444,0.09999894554199584,0.9948339761518388,0.9576227429557529,5.767795987341414,3.82827965476156,3.8495214492832255,3.8966912436876866
05/10/2023 16:35:49.853319,3900,True,True,True,True,Eyes,1.368832,-0.3540079,-2.935457,-0.05302143,0.2378524,0.969853,0.0,0.0,0.0,0.0,0.0,0.0,0.0,-1.146335,-0.07662788,3.059029,1.372502,-0.3553855,-2.944071,-0.069883,-0.03776064,-0.004418524,0.9968305,351.972,355.6756,359.7957,0.4205992,-0.1085816,-0.9007251,0,0,0,1.399701,0.1292343,-0.9921896,0.1735564,0.20896,1.9929,0.9971092,-0.003531387,0.07589947,0.01408669,0.9901937,-0.1389893,-0.07466436,0.1396567,0.987381,moving,1.1461891436624982,5.738805576688943,4.977180872743934,5.985718288963392,0.027198999999999973,0.48461980000000004,1.9518814,0.01990322298257428,0.09997384947495062,0.994790917213296,1.0921521365597073,5.765596576144283,3.8177014868518033,3.838940415762283,3.891259673862903
05/10/2023 16:35:49.878190,3901,True,True,True,True,Eyes,1.368737,-0.3540218,-2.935459,-0.05060489,0.2378275,0.9699882,0.0,0.0,0.0,0.0,0.0,0.0,0.0,-1.14571,-0.07685509,3.059254,1.372549,-0.3554264,-2.944041,-0.06998277,-0.03786411,-0.00428059,0.9968202,351.9612,355.6625,359.8128,0.420551,-0.1085886,-0.9007467,0,0,0,1.403433,0.1296007,-0.9919379,0.1777544,0.2089601,1.9929,0.997096,-0.003234286,0.07608655,0.01383363,0.9901682,-0.1391963,-0.07488827,0.1398446,0.9873375,moving,1.300102756739955,5.727414456119376,5.096942726956923,5.985721132694636,0.03088399999999991,0.4850271,1.9521031,0.02257591749387732,0.09977040443662283,0.994754279777305,1.2398932354420438,5.753439430933415,3.784479295858544,3.8056163887865186,3.8640374699229145
05/10/2023 16:35:49.893862,3902,True,True,True,True,Eyes,1.368646,-0.3540341,-2.93546,-0.04827971,0.2377985,0.9701139,0.0,0.0,0.0,0.0,0.0,0.0,0.0,-1.146131,-0.07638323,3.059047,1.372578,-0.3554436,-2.943962,-0.06993864,-0.03779838,-0.004214092,0.9968261,351.9665,355.6696,359.8198,0.4205053,-0.1085954,-0.9007672,0,0,0,1.408027,0.129409,-0.9914902,0.1821194,0.20896,1.9929,0.9971071,-0.003114299,0.07594629,0.01368857,0.9901816,-0.1391147,-0.07476737,0.1397519,0.9873598,moving,1.427984039597934,5.732053508632269,5.221421456711718,5.985718288963392,0.03544899999999984,0.4848526,1.9524718,0.024795914371115082,0.09984570052887806,0.9946939402095208,1.3633942439483515,5.75694848094833,3.7807508588721954,3.8019091596643033,3.8648039535637397
05/10/2023 16:35:49.903169,3903,True,True,True,True,Eyes,1.368582,-0.3540442,-2.935458,-0.04587002,0.2377849,0.9702341,0.0,0.0,0.0,0.0,0.0,0.0,0.0,-1.146524,-0.07604012,3.058885,1.372568,-0.3554147,-2.943945,-0.06988886,-0.03773206,-0.004190863,0.9968321,351.9724,355.6771,359.8217,0.4204617,-0.108602,-0.9007868,0,0,0,1.412992,0.1292317,-0.9910713,0.1868631,0.20896,1.9929,0.9971175,-0.003081072,0.07581084,0.01362927,0.990196,-0.1390186,-0.07463927,0.1396511,0.9873837,moving,1.5597919234407842,5.738278330552232,5.356643688990546,5.985718288963392,0.040424000000000015,0.4846464,1.9528736999999998,0.02708384120393976,0.09994782568212,0.9946239610489366,1.4907639308902947,5.761958095653481,3.783695074448977,3.8049060254593496,3.8723500523841268
05/10/2023 16:35:49.923377,3904,True,True,True,True,Eyes,1.368523,-0.3540556,-2.935457,-0.04355455,0.2377752,0.9703432,0.0,0.0,0.0,0.0,0.0,0.0,0.0,-1.146567,-0.07602033,3.058844,1.372576,-0.3554007,-2.943917,-0.06985066,-0.03773042,-0.004270727,0.9968346,351.9764,355.6779,359.8123,0.4204209,-0.1086083,-0.900805,0,0,0,1.41699,0.1290654,-0.9907039,0.1908042,0.2089599,1.9929,0.9971163,-0.003243428,0.07581859,0.01378541,0.9902053,-0.1389368,-0.07462535,0.1395814,0.9873946,moving,1.6914991661547458,5.743352439816764,5.468941857958301,5.985715445232119,0.044413999999999954,0.4844661,1.9532131,0.029369893158679435,0.10002945123818657,0.9945508979473185,1.617975567943249,5.765858027399542,3.7640689406336736,3.7852097849728294,3.8572371784748083
05/10/2023 16:35:49.943222,3905,True,True,True,True,Eyes,1.368495,-0.3540636,-2.935455,-0.04116244,0.2377252,0.9704599,0.0,0.0,0.0,0.0,0.0,0.0,0.0,-1.146665,-0.07657996,3.058821,1.372608,-0.3554424,-2.943926,-0.06991528,-0.03772298,-0.004354048,0.99683,351.9686,355.6794,359.8029,0.4203827,-0.1086145,-0.9008221,0,0,0,1.421299,0.1292423,-0.9904541,0.1950031,0.2089599,1.9929,0.997116,-0.003405666,0.07581561,0.01395531,0.9901858,-0.1390588,-0.07459796,0.1397158,0.9873776,moving,1.8270166860218178,5.73439095875553,5.58853943653489,5.985715445232119,0.04869100000000004,0.48468469999999997,1.9534718999999998,0.03172266957766514,0.09986671391111891,0.9944950207905844,1.748114995371682,5.756184699773548,3.7487777243402047,3.7699094684262846,3.8472775116170794
05/10/2023 16:35:49.954060,3906,True,True,True,True,Eyes,1.368469,-0.3540716,-2.935451,-0.03886732,0.2376808,0.9705654,0.0,0.0,0.0,0.0,0.0,0.0,0.0,-1.146377,-0.0772796,3.058915,1.372611,-0.3554093,-2.943933,-0.06998204,-0.03777446,-0.00445521,0.9968229,351.9605,355.6743,359.792,0.4203476,-0.1086203,-0.9008378,0,0,0,1.425379,0.1294984,-0.9901965,0.1992239,0.20896,1.9929,0.9971065,-0.003595043,0.07593245,0.01416918,0.9901653,-0.1391828,-0.07468532,0.139856,0.9873512,moving,1.9632686274416007,5.725612051303059,5.708711575051178,5.985718288963392,0.052767999999999926,0.4849077,1.9537364999999998,0.03408808164388301,0.0997065656266578,0.994432818440019,1.8789719612212294,5.746681999472997,3.733338034955239,3.7544637604680826,3.837192184062677
05/10/2023 16:35:49.973558,3907,True,True,True,True,Eyes,1.368467,-0.3540785,-2.935447,-0.03651189,0.2376092,0.9706744,0.0,0.0,0.0,0.0,0.0,0.0,0.0,-1.146132,-0.07811892,3.058955,1.372624,-0.3554193,-2.943894,-0.07005446,-0.0378239,-0.004617813,0.9968152,351.9514,355.6698,359.7739,0.4203154,-0.1086258,-0.9008521,0,0,0,1.429893,0.1297145,-0.9898664,0.2038193,0.20896,1.9929,0.9970961,-0.003906746,0.07605387,0.01450567,0.9901421,-0.1393134,-0.07475987,0.140012,0.9873234,moving,2.1015882600180893,5.714734893858591,5.839491794202018,5.985718288963392,0.057269000000000014,0.4851338,1.9540275999999999,0.03648939736134314,0.09950933595418053,0.9943673651068481,2.011710494701422,5.735138829573295,3.7265352754164516,3.7477132802933615,3.835974418876474
05/10/2023 16:35:49.983470,3908,True,True,True,True,Eyes,1.368465,-0.3540833,-2.935443,-0.03424716,0.2375366,0.9707747,0.0,0.0,0.0,0.0,0.0,0.0,0.0,-1.145991,-0.07768905,3.059035,1.372628,-0.3554268,-2.943907,-0.069971,-0.03784929,-0.004648031,0.99682,351.9609,355.6672,359.7703,0.4202864,-0.108631,-0.9008651,0,0,0,1.434093,0.1293566,-0.9894684,0.2081109,0.20896,1.9929,0.9970917,-0.003969796,0.0761083,0.0145632,0.9901649,-0.1391451,-0.07480739,0.1398488,0.987343,moving,2.234381598455014,5.721789391317947,5.961571101270231,5.985718288963392,0.0614650000000001,0.4847834,1.9544385999999998,0.03879347939810718,0.09962311212094471,0.9942687382972683,2.140074002636444,5.740941629245055,3.715375233473361,3.736522454490041,3.8293283599097783
05/10/2023 16:35:50.004030,3909,True,True,True,True,Eyes,1.368457,-0.3540903,-2.935441,-0.03186964,0.2374568,0.9708751,0.0,0.0,0.0,0.0,0.0,0.0,0.0,-1.146183,-0.07775486,3.058983,1.372632,-0.3553825,-2.943933,-0.06994223,-0.03782176,-0.004725962,0.9968227,351.9639,355.671,359.761,0.4202603,-0.1086359,-0.9008767,0,0,0,1.438694,0.129248,-0.9891273,0.2125588,0.20896,1.9929,0.9970943,-0.004131214,0.07606426,0.01471257,0.9901715,-0.1390825,-0.07474209,0.1397975,0.9873552,moving,2.366776767201602,5.72227364121033,6.088039217581325,5.985718288963392,0.06606199999999984,0.48463049999999996,1.9548056999999999,0.041090861878100016,0.09962235097588959,0.9941764400126024,2.2677051689626726,5.740407114170144,3.7094109445615695,3.7305760020452383,3.8282019037027584
05/10/2023 16:35:50.023182,3910,True,True,True,True,Eyes,1.368449,-0.354097,-2.935438,-0.02957839,0.237374,0.9709679,0.0,0.0,0.0,0.0,0.0,0.0,0.0,-1.146232,-0.07755578,3.059011,1.372622,-0.3553956,-2.94398,-0.06990994,-0.03781191,-0.00472757,0.9968253,351.9676,355.6722,359.7606,0.4202367,-0.1086405,-0.9008872,0,0,0,1.442971,0.1290902,-0.98882,0.2168194,0.20896,1.9929,0.9970958,-0.004138266,0.07604473,0.01471198,0.9901805,-0.1390185,-0.07472271,0.1397335,0.9873657,moving,2.4976834704060313,5.72300620282739,6.209125994987862,5.985718288963392,0.070349,0.48448579999999997,1.9551599999999998,0.04336218858987544,0.0996254941798482,0.994079695684164,2.393914892224255,5.740123484422266,3.6995689325667427,3.720728860515945,3.823107710576344
05/10/2023 16:35:50.043815,3911,True,True,True,True,Eyes,1.36848,-0.3541026,-2.935435,-0.0269886,0.23735,0.9710492,0.0,0.0,0.0,0.0,0.0,0.0,0.0,-1.146942,-0.07692838,3.058716,1.372599,-0.355395,-2.943944,-0.0698438,-0.03768937,-0.004646303,0.9968349,351.9756,355.6857,359.7686,0.4202152,-0.1086448,-0.9008967,0,0,0,1.44762,0.1288336,-0.9884173,0.2210759,0.2089601,1.9929,0.9971158,-0.003998456,0.07578919,0.01452793,0.9902005,-0.1388952,-0.07449114,0.1395957,0.9874027,moving,2.6345011089698414,5.731246591112095,6.330040674388532,5.985721132694636,0.075021,0.4842286,1.9555267,0.045735233938335756,0.0997578958231896,0.9939600628033982,2.526220028171637,5.7470402243163425,3.6832014051254807,3.7042907515324184,3.811301626034104
05/10/2023 16:35:50.053327,3912,True,True,True,True,Eyes,1.368511,-0.3541074,-2.935432,-0.02449638,0.2373271,0.971121,0.0,0.0,0.0,0.0,0.0,0.0,0.0,-1.147244,-0.07654414,3.05865,1.372601,-0.3554201,-2.943978,-0.06984978,-0.0376329,-0.004490728,0.9968373,351.9756,355.6909,359.7862,0.4201967,-0.1086489,-0.9009049,0,0,0,1.452053,0.1288597,-0.9881454,0.2254031,0.20896,1.9929,0.9971272,-0.00369575,0.07565511,0.01421035,0.9902017,-0.1389197,-0.07440041,0.1395957,0.9874095,moving,2.774691025671736,5.731201981974946,6.452905722770353,5.985718288963392,0.07945200000000008,0.48427980000000004,1.9558326,0.04816715741814161,0.09974572026897968,0.9938465363942226,2.6613358918909062,5.745936375193966,3.6659615863841193,3.6870098872223425,3.7991442653058236
05/10/2023 16:35:50.077378,3913,True,True,True,True,Eyes,1.368641,-0.3541069,-2.935425,-0.02180561,0.2373935,0.9711688,0.0,0.0,0.0,0.0,0.0,0.0,0.0,-1.147761,-0.07637718,3.058478,1.372602,-0.3554058,-2.943999,-0.0698638,-0.03754375,-0.004389379,0.9968401,351.9744,355.7004,359.7972,0.4201808,-0.1086526,-0.9009119,0,0,0,1.457015,0.1289398,-0.9878438,0.2300923,0.20896,1.9929,0.9971424,-0.003505118,0.07546355,0.01399691,0.9901996,-0.1389565,-0.07423692,0.1396157,0.9874191,moving,2.921457911085793,5.735721696480252,6.585981988609507,5.985718288963392,0.08441299999999985,0.4843456,1.9561551999999998,0.05071245745211989,0.09981151540071626,0.9937131903198938,2.8030329423678984,5.749187358136413,3.65203641451818,3.673041656584391,3.790336445185067
05/10/2023 16:35:50.093179,3914,True,True,True,True,Eyes,1.368768,-0.3541032,-2.935418,-0.01921809,0.2374547,0.9712085,0.0,0.0,0.0,0.0,0.0,0.0,0.0,-1.148081,-0.07636899,3.058374,1.372623,-0.3554288,-2.944002,-0.06989651,-0.03749147,-0.00431954,0.9968402,351.9709,355.7059,359.805,0.4201699,-0.1086558,-0.9009166,0,0,0,1.461332,0.1290506,-0.9875787,0.234239,0.2089599,1.9929,0.9971514,-0.003370737,0.07534984,0.01385283,0.9901916,-0.1390274,-0.07414217,0.1396752,0.9874177,moving,3.0658624418163316,5.737818512707295,6.703603090769606,5.985715445232119,0.08870900000000015,0.4844794,1.9564232999999998,0.053216658783162826,0.09983485525242199,0.9935798955857915,2.942324557705768,5.750118105618244,3.625275288528171,3.6461774392097555,3.7686499319676794
05/10/2023 16:35:50.103825,3915,True,True,True,True,Eyes,1.368932,-0.3540984,-2.935409,-0.01645179,0.2375761,0.9712297,0.0,0.0,0.0,0.0,0.0,0.0,0.0,-1.148434,-0.07642016,3.058248,1.372678,-0.3553494,-2.943995,-0.06988556,-0.03744354,-0.004337896,0.9968427,351.9721,355.7116,359.8024,0.4201634,-0.1086585,-0.9009193,0,0,0,1.466054,0.1290642,-0.9872305,0.238717,0.2089601,1.9929,0.9971583,-0.003414872,0.07525696,0.01388192,0.9901944,-0.1390049,-0.07404432,0.1396547,0.987428,moving,3.2192523854773074,5.748895979596571,6.830557771677262,5.985721132694636,0.0933759999999999,0.4844136,1.9567645000000002,0.055875440398955395,0.10001241040494957,0.9934161503482409,3.090752976053487,5.759647242363379,3.5983111813584325,3.6190624124953588,3.746631729068137
05/10/2023 16:35:50.123356,3916,True,True,True,True,Eyes,1.36909,-0.3540955,-2.935403,-0.01379824,0.2376857,0.971244,0.0,0.0,0.0,0.0,0.0,0.0,0.0,-1.148552,-0.07682648,3.058187,1.372685,-0.3553805,-2.943981,-0.06990993,-0.03743067,-0.004454377,0.9968408,351.9688,355.714,359.789,0.4201618,-0.1086605,-0.9009198,0,0,0,1.470521,0.1290735,-0.9869108,0.2430557,0.2089601,1.9929,0.9971582,-0.003647059,0.07524766,0.01411416,0.9901855,-0.1390447,-0.07400204,0.1397116,0.9874231,moving,3.3682458164110884,5.755488244911155,6.95349895924703,5.985721132694636,0.09783600000000003,0.484454,1.9570702,0.0584579541570598,0.10011185919927179,0.9932573051284465,3.2347059784437127,5.7648814010450335,3.572016580928796,3.5926379278786387,3.7253444701325393
05/10/2023 16:35:50.143125,3917,True,True,True,True,Eyes,1.369269,-0.3540916,-2.935396,-0.01101733,0.2378351,0.9712431,0.0,0.0,0.0,0.0,0.0,0.0,0.0,-1.148106,-0.07704729,3.058371,1.372671,-0.3554091,-2.944007,-0.06985997,-0.03751089,-0.004666835,0.9968403,351.9736,355.7065,359.7649,0.4201644,-0.108662,-0.9009184,0,0,0,1.474493,0.1287635,-0.9865478,0.2472283,0.20896,1.9929,0.9971424,-0.004063158,0.07543679,0.0145452,0.9901956,-0.1389284,-0.07413267,0.1396286,0.987425,moving,3.5331890975214866,5.7736689753106685,7.071672892105716,5.985718288963392,0.10182200000000008,0.48417259999999995,1.9574592000000002,0.061315259022721454,0.10040979764779517,0.9930550776252313,3.394646621337624,5.781177806188938,3.5245229319435647,3.54483179797798,3.6827108228874432
05/10/2023 16:35:50.153318,3918,True,True,True,True,Eyes,1.369439,-0.3540864,-2.93539,-0.008365214,0.2379852,0.9712328,0.0,0.0,0.0,0.0,0.0,0.0,0.0,-1.147398,-0.07760382,3.058628,1.372633,-0.3554148,-2.944029,-0.06987414,-0.03762819,-0.004848082,0.9968342,351.9712,355.6944,359.745,0.4201714,-0.108663,-0.900915,0,0,0,1.478289,0.1287367,-0.9862346,0.251415,0.20896,1.9929,0.9971213,-0.004406992,0.07569563,0.01492394,0.9901882,-0.138941,-0.07434062,0.1396707,0.9874035,moving,3.6955616031751544,5.7845893063845,7.190185406857674,5.985718288963392,0.10565599999999997,0.48415149999999996,1.9577944,0.06412814646025652,0.10058125114844364,0.9928600489339532,3.5517243005943104,5.790487335927728,3.4803587073166273,3.5004068901911536,3.6436951500934374
05/10/2023 16:35:50.173051,3919,True,True,True,True,Eyes,1.369615,-0.3540809,-2.935384,-0.005589771,0.2381653,0.9712086,0.0,0.0,0.0,0.0,0.0,0.0,0.0,-1.146083,-0.07809284,3.059119,1.372578,-0.3553939,-2.944068,-0.06997801,-0.03782959,-0.004771149,0.9968196,351.9596,355.6704,359.756,0.420182,-0.1086635,-0.9009099,0,0,0,1.481862,0.1291816,-0.985996,0.2559049,0.20896,1.9929,0.9970923,-0.004217471,0.07608631,0.01480643,0.9901606,-0.1391499,-0.07475081,0.1398719,0.987344,moving,3.8796484772039386,5.786636616174703,7.317211853756457,5.985718288963392,0.10928399999999994,0.4845755,1.958072,0.06731769469262912,0.10059554783076537,0.9926474520774132,3.729260034492147,5.791070037659626,3.4235449439571393,3.443323319157743,3.5932278245468496
05/10/2023 16:35:50.193144,3920,True,True,True,True,Eyes,1.369787,-0.3540768,-2.935377,-0.002924943,0.2383324,0.9711792,0.0,0.0,0.0,0.0,0.0,0.0,0.0,-1.145413,-0.07830819,3.059375,1.372605,-0.3554064,-2.944065,-0.07002992,-0.03794141,-0.004730516,0.996812,351.9538,355.6572,359.7618,0.4201961,-0.1086636,-0.9009033,0,0,0,1.485705,0.1293742,-0.9856934,0.2602042,0.20896,1.9929,0.9970762,-0.0041168,0.07630346,0.01474494,0.9901469,-0.1392543,-0.07497835,0.1399723,0.9873125,moving,4.046465659703558,5.793829178734859,7.438778191598579,5.985718288963392,0.11309999999999998,0.4847806,1.9583716,0.07020675523241537,0.10070004717497923,0.9924366169749312,3.890423822101627,5.796748616437078,3.3782077161641655,3.3977353847344123,3.5533826515959146
05/10/2023 16:35:50.203415,3921,True,True,True,True,Eyes,1.369928,-0.3540753,-2.935372,-0.0001230955,0.23847,0.9711498,0.0,0.0,0.0,0.0,0.0,0.0,0.0,-1.14556,-0.07771906,3.059342,1.372673,-0.3554367,-2.944037,-0.06996948,-0.03792594,-0.004655563,0.9968171,351.961,355.6584,359.7701,0.4202133,-0.1086634,-0.9008954,0,0,0,1.490105,0.1291173,-0.985284,0.2645414,0.20896,1.9929,0.99708,-0.003974172,0.07626192,0.0145888,0.9901652,-0.1391404,-0.07495894,0.1398467,0.9873317,moving,4.207368322729827,5.812126240633979,7.561347971594729,5.985718288963392,0.11743199999999998,0.484554,1.9587529999999997,0.07299130816668606,0.10099672715483433,0.9922055332080497,4.046476197208466,5.813187857058405,3.3392463594890307,3.3584689494237003,3.5191036273901566
05/10/2023 16:35:50.223254,3922,True,True,True,True,Eyes,1.370063,-0.3540726,-2.935366,0.002571475,0.238594,0.9711159,0.0,0.0,0.0,0.0,0.0,0.0,0.0,-1.146043,-0.07704619,3.059181,1.372685,-0.355454,-2.944033,-0.06989676,-0.03784578,-0.004574548,0.9968256,351.9698,355.667,359.7784,0.4202323,-0.1086629,-0.9008866,0,0,0,1.494654,0.1288262,-0.9849052,0.2688317,0.20896,1.9929,0.9970936,-0.003829458,0.07609078,0.01441064,0.990187,-0.1390035,-0.07481179,0.139696,0.9873642,moving,4.35488391287478,5.8308259232804796,7.682523908167123,5.985718288963392,0.121969,0.4842802,1.9591278,0.07554327398035225,0.10130123661425824,0.9919834039787343,4.189647167537833,5.830116927522567,3.3122789140961073,3.331242948692885,3.49634090284562
05/10/2023 16:35:50.242972,3923,True,True,True,True,Eyes,1.370188,-0.354071,-2.935361,0.005405295,0.238675,0.9710845,0.0,0.0,0.0,0.0,0.0,0.0,0.0,-1.146398,-0.0766083,3.059039,1.372684,-0.3554192,-2.944016,-0.06981591,-0.03778882,-0.004585267,0.9968334,351.979,355.6737,359.7764,0.4202529,-0.1086622,-0.9008771,0,0,0,1.499221,0.1285208,-0.9844927,0.2731811,0.2089601,1.9929,0.997102,-0.003864971,0.07597858,0.01441801,0.9902095,-0.1388431,-0.07469808,0.1395362,0.9873955,moving,4.511297938761874,5.848604090468476,7.8052985342619605,5.985721132694636,0.1265369999999999,0.48394,1.9595232999999999,0.07824875678288504,0.1015877836795616,0.9917444899006471,4.341345762737187,5.846089396690493,3.2781879587212917,3.296853197584596,3.466765902834181
05/10/2023 16:35:50.253662,3924,True,True,True,True,Eyes,1.370306,-0.3540688,-2.935359,0.008125698,0.2387542,0.9710461,0.0,0.0,0.0,0.0,0.0,0.0,0.0,-1.146483,-0.07619298,3.059048,1.372696,-0.3554286,-2.944041,-0.06976434,-0.03777517,-0.004547175,0.9968377,351.9851,355.675,359.7804,0.4202747,-0.1086614,-0.900867,0,0,0,1.503612,0.1283075,-0.9841409,0.2775473,0.20896,1.9929,0.9971048,-0.003794869,0.07594589,0.01433631,0.9902245,-0.1387439,-0.07467697,0.139431,0.9874119,moving,4.667080023494695,5.862714031364539,7.928474887090471,5.985718288963392,0.13091600000000003,0.4837361,1.9599001,0.08094308164093568,0.10181003922861662,0.991505449686271,4.49224066533179,5.858526787679141,3.2453211155912234,3.2637136062584218,3.438587399614037
05/10/2023 16:35:50.278182,3925,True,True,True,True,Eyes,1.37042,-0.3540659,-2.935357,0.01092627,0.2388158,0.9710034,0.0,0.0,0.0,0.0,0.0,0.0,0.0,-1.146461,-0.07634345,3.059076,1.372671,-0.3554154,-2.944078,-0.06980219,-0.03777228,-0.004509167,0.9968354,351.9809,355.675,359.7849,0.4202973,-0.1086604,-0.9008566,0,0,0,1.507852,0.1284683,-0.9838925,0.2818376,0.20896,1.9929,0.9971058,-0.003716617,0.07593499,0.01426297,0.9902146,-0.1388219,-0.074676,0.1395032,0.9874018,moving,4.828748054862005,5.86570634167293,8.049438201747488,5.985718288963392,0.135181,0.4838837,1.9601855000000001,0.08374017761642893,0.1018381953795643,0.9912701635436805,4.648218744614384,5.8601910612988695,3.2047577560351224,3.2229253621109017,3.403535056447333
05/10/2023 16:35:50.293575,3926,True,True,True,True,Eyes,1.370531,-0.3540666,-2.935353,0.01360525,0.2388664,0.9709572,0.0,0.0,0.0,0.0,0.0,0.0,0.0,-1.146272,-0.07730877,3.05911,1.372664,-0.3553931,-2.944072,-0.06986603,-0.03781144,-0.004728594,0.9968283,351.9726,355.6722,359.7602,0.4203206,-0.1086593,-0.9008459,0,0,0,1.512272,0.1286327,-0.9835873,0.2862788,0.2089599,1.9929,0.9970959,-0.004143721,0.07604376,0.01471066,0.9901928,-0.1389313,-0.07472229,0.1396465,0.9873781,moving,4.983145016593855,5.866440246566181,8.17458002808092,5.985715445232119,0.13960799999999995,0.4840258,1.9604846999999999,0.08641118286130298,0.10182759094576453,0.9910420744383435,4.797068984607691,5.859730979724801,3.1756422183581576,3.1936631014498444,3.3798598986249093
05/10/2023 16:35:50.303147,3927,True,True,True,True,Eyes,1.370645,-0.3540638,-2.935349,0.01633568,0.2388936,0.9709083,0.0,0.0,0.0,0.0,0.0,0.0,0.0,-1.145695,-0.07616293,3.059333,1.372694,-0.3554765,-2.944025,-0.06975889,-0.03790446,-0.004560407,0.9968331,351.9856,355.6602,359.7799,0.4203444,-0.1086582,-0.9008349,0,0,0,1.516219,0.1281887,-0.9830842,0.2906998,0.2089599,1.9929,0.9970849,-0.003803582,0.0762051,0.01438027,0.9902257,-0.1387302,-0.07493259,0.1394216,0.9873939,moving,5.154232011677055,5.883690006368064,8.299074728497226,5.985715445232119,0.1435249999999999,0.48366519999999996,1.9609408,0.08936756540325617,0.10209920469168808,0.9907517974882164,4.962881687241778,5.875082503971544,3.128868727465355,3.146497243557076,3.3380269106484515
05/10/2023 16:35:50.322914,3928,True,True,True,True,Eyes,1.370757,-0.3540613,-2.935344,0.01895808,0.2389417,0.9708489,0.0,0.0,0.0,0.0,0.0,0.0,0.0,-1.144692,-0.07786974,3.059678,1.372741,-0.3554015,-2.944026,-0.0700082,-0.03807618,-0.004599957,0.9968089,351.9568,355.6406,359.7778,0.4203687,-0.108657,-0.9008237,0,0,0,1.519698,0.129216,-0.9829631,0.2947898,0.20896,1.9929,0.9970581,-0.003839266,0.07655342,0.01450184,0.9901554,-0.1392193,-0.07526528,0.1399199,0.9872981,moving,5.324011318430522,5.86238664019019,8.414178312282909,5.985718288963392,0.146957,0.4846175,1.9610629,0.09230674307047847,0.10170344940462964,0.9905230966465686,5.125388620259221,5.853239929403021,3.0750676349880703,3.09262715914541,3.2914568437263565
05/10/2023 16:35:50.343084,3929,True,True,True,True,Eyes,1.370888,-0.3540585,-2.935336,0.02165911,0.2389549,0.9707891,0.0,0.0,0.0,0.0,0.0,0.0,0.0,-1.144708,-0.08014029,3.059622,1.37281,-0.3554128,-2.944001,-0.07033078,-0.03808888,-0.004732139,0.9967852,351.9192,355.64,359.7641,0.4203934,-0.1086556,-0.9008122,0,0,0,1.524127,0.1303932,-0.9829102,0.2991071,0.20896,1.9929,0.9970537,-0.00407621,0.0765985,0.01479149,0.9900624,-0.1398489,-0.07526723,0.1405698,0.9872056,moving,5.478472683952868,5.831095412780795,8.535604538125474,5.985718288963392,0.15131699999999992,0.48580599999999996,1.9610908,0.0949822250827399,0.10113690351112638,0.9903280979682061,5.272601879105487,5.821874918947969,3.043322725537988,3.061039595894803,3.2671135582757937
05/10/2023 16:35:50.353212,3930,True,True,True,True,Eyes,1.371014,-0.3540574,-2.935327,0.02426559,0.2389576,0.9707268,0.0,0.0,0.0,0.0,0.0,0.0,0.0,-1.14465,-0.08163726,3.059579,1.372871,-0.3554338,-2.943943,-0.07049993,-0.03811673,-0.004930247,0.9967711,351.8989,355.6384,359.7422,0.4204191,-0.1086542,-0.9008004,0,0,0,1.528532,0.1309276,-0.9826664,0.3034297,0.20896,1.9929,0.9970456,-0.004454201,0.07668248,0.01520311,0.9900109,-0.1401687,-0.07529215,0.1409204,0.9871538,moving,5.627898275473928,5.817351444004968,8.657102490154013,5.985718288963392,0.15566100000000005,0.48636140000000005,1.9612766,0.09756726296591839,0.10087400199059485,0.9901035999398187,5.415892493189873,5.807481221686847,3.016142879808231,3.0338796233069045,3.246107006334145
05/10/2023 16:35:50.372905,3931,True,True,True,True,Eyes,1.371165,-0.354056,-2.935316,0.0269247,0.2388956,0.970672,0.0,0.0,0.0,0.0,0.0,0.0,0.0,-1.145427,-0.08201945,3.059232,1.372859,-0.3554707,-2.943897,-0.07043318,-0.03800345,-0.005266021,0.9967784,351.9051,355.6542,359.7023,0.4204455,-0.1086527,-0.9007882,0,0,0,1.533559,0.1304467,-0.9822351,0.307801,0.20896,1.9929,0.997056,-0.005144702,0.07650384,0.01585152,0.9900229,-0.1400123,-0.07502023,0.1408128,0.9871898,moving,5.761640493296037,5.827892319716319,8.779889545161756,5.985718288963392,0.16069999999999984,0.48591739999999994,1.9616619000000002,0.09987652320336857,0.10103289563709004,0.9898571679113317,5.545355518275847,5.816641216871576,3.0047820890505754,3.022372640105302,3.238950050153586
05/10/2023 16:35:50.383405,3932,True,True,True,True,Eyes,1.371305,-0.3540508,-2.935307,0.0294634,0.238818,0.9706173,0.0,0.0,0.0,0.0,0.0,0.0,0.0,-1.146013,-0.07931799,3.059021,1.372813,-0.3555004,-2.943849,-0.07001526,-0.0379016,-0.005216603,0.9968121,351.9533,355.6657,359.7053,0.4204733,-0.1086512,-0.9007755,0,0,0,1.538259,0.1287748,-0.9814795,0.3122085,0.2089599,1.9929,0.9970725,-0.005092566,0.07629203,0.01570733,0.9901413,-0.1391887,-0.07483106,0.1399795,0.9873226,moving,5.897282341382532,5.875290603544979,8.903611191971123,5.985715445232119,0.16544599999999998,0.4842752,1.9623695000000003,0.10221129703700108,0.10182744756868974,0.9895373129915361,5.678604875801636,5.861354453976757,2.9913235732554133,3.008356163013773,3.2274031969183996
05/10/2023 16:35:50.403444,3933,True,True,True,True,Eyes,1.371414,-0.354049,-2.935299,0.03201495,0.2387061,0.970564,0.0,0.0,0.0,0.0,0.0,0.0,0.0,-1.144931,-0.07780844,3.059473,1.372723,-0.3553996,-2.943912,-0.06978703,-0.03805982,-0.005113186,0.9968226,351.9799,355.6467,359.7175,0.4205019,-0.1086494,-0.9007623,0,0,0,1.541786,0.1280177,-0.9809434,0.3165507,0.20896,1.9929,0.9970506,-0.004881716,0.07659145,0.01550604,0.9902073,-0.1387413,-0.07516411,0.1395198,0.9873625,moving,6.064350186654741,5.899088863226252,9.025418026943157,5.985718288963392,0.16906300000000019,0.4834173,1.9629686,0.10509211399175136,0.1022075936790039,0.9891962862181626,5.840891253237623,5.883055731674087,2.945792702003483,2.9623347907003783,3.186181158238897
05/10/2023 16:35:50.422994,3934,True,True,True,True,Eyes,1.37152,-0.3540484,-2.935294,0.0344605,0.2385933,0.9705079,0.0,0.0,0.0,0.0,0.0,0.0,0.0,-1.144198,-0.07707357,3.059769,1.372737,-0.3554257,-2.943905,-0.0696891,-0.0381804,-0.005059903,0.9968251,351.9914,355.6324,359.7242,0.4205305,-0.1086477,-0.9007491,0,0,0,1.545588,0.1276196,-0.9804736,0.3208733,0.20896,1.9929,0.9970334,-0.00476616,0.07682359,0.01540919,0.9902356,-0.1385493,-0.07541311,0.139322,0.9873713,moving,6.220081337021624,5.907976815272481,9.14659339443575,5.985718288963392,0.17285099999999987,0.4830453,1.9634314000000002,0.1077789907333046,0.10233142772322908,0.9888942516185368,5.991460017776335,5.890454258039729,2.9112809099415466,2.927544458914653,3.15657121891746
05/10/2023 16:35:50.443113,3935,True,True,True,True,Eyes,1.371609,-0.3540488,-2.935291,0.03683889,0.2385163,0.9704396,0.0,0.0,0.0,0.0,0.0,0.0,0.0,-1.144002,-0.07646164,3.059936,1.372777,-0.3554539,-2.943965,-0.06962658,-0.03821459,-0.004972521,0.9968285,351.9989,355.6277,359.7343,0.420559,-0.108646,-0.900736,0,0,0,1.54985,0.1273707,-0.9801252,0.3253089,0.20896,1.9929,0.9970298,-0.004592,0.07687922,0.015235,0.9902549,-0.1384315,-0.07549433,0.1391916,0.9873836,moving,6.362792607295897,5.914358957141393,9.270850749424767,5.985718288963392,0.17707300000000004,0.4828246,1.9638398,0.1102408494643451,0.10241377476646396,0.9886144447041757,6.1293469829847975,5.895533182747209,2.8928406915561196,2.908933535204972,3.142797999862501
05/10/2023 16:35:50.452994,3936,True,True,True,True,Eyes,1.371696,-0.3540477,-2.935288,0.03912014,0.2384448,0.9703678,0.0,0.0,0.0,0.0,0.0,0.0,0.0,-1.143634,-0.07633623,3.060106,1.3728,-0.355453,-2.943985,-0.06964561,-0.03827354,-0.004871906,0.9968255,351.9972,355.6201,359.7465,0.4205869,-0.1086443,-0.9007232,0,0,0,1.55391,0.127481,-0.9798148,0.3296623,0.20896,1.9929,0.9970228,-0.004381712,0.07698268,0.01504405,0.9902515,-0.1384761,-0.07562546,0.139222,0.9873693,moving,6.5029859713484095,5.911478352479487,9.3927199041871,5.985718288963392,0.18110999999999988,0.48293400000000003,1.9641702,0.11266038968548422,0.10233611532891754,0.9883495997736841,6.264315708997769,5.891692555132043,2.8746574681400467,2.8906874218373213,3.129816871176448
05/10/2023 16:35:50.473139,3937,True,True,True,True,Eyes,1.371775,-0.354046,-2.935287,0.04165434,0.238439,0.9702638,0.0,0.0,0.0,0.0,0.0,0.0,0.0,-1.143521,-0.0765121,3.060146,1.37281,-0.3554151,-2.943987,-0.06968724,-0.03829123,-0.004825711,0.9968222,351.9926,355.6177,359.7521,0.4206142,-0.1086427,-0.9007106,0,0,0,1.558146,0.1276879,-0.9795192,0.334002,0.2089599,1.9929,0.997021,-0.004283932,0.07701167,0.01495757,0.9902408,-0.138562,-0.0756665,0.1393011,0.9873549,moving,6.651965686417133,5.9107622748557604,9.514120247704012,5.985715445232119,0.18533599999999995,0.48310299999999995,1.9644678,0.11523041427267894,0.10229341410379073,0.9880577368807012,6.407867756355892,5.889874223562604,2.8472415810466267,2.863135817673475,3.107730696147513
05/10/2023 16:35:50.493011,3938,True,True,True,True,Eyes,1.371849,-0.3540438,-2.935285,0.04409058,0.2384315,0.970158,0.0,0.0,0.0,0.0,0.0,0.0,0.0,-1.143942,-0.07711077,3.060023,1.372824,-0.3553877,-2.944035,-0.06975142,-0.03822712,-0.0048997,0.9968197,351.9849,355.6256,359.7433,0.4206408,-0.1086411,-0.9006984,0,0,0,1.562684,0.1279064,-0.979323,0.3382282,0.20896,1.9929,0.9970294,-0.004435442,0.07689462,0.01510103,0.9902215,-0.1386846,-0.07552758,0.1394338,0.9873468,moving,6.783655340202837,5.908085734673946,9.632262700762446,5.985718288963392,0.18985999999999992,0.48329409999999995,1.964712,0.11750197201974585,0.10221986393001038,0.987797798332527,6.534651239389031,5.886294865975777,2.8338090286153355,2.849665016825642,3.099206637620428
05/10/2023 16:35:50.503242,3939,True,True,True,True,Eyes,1.371903,-0.3540411,-2.935286,0.04667455,0.2384622,0.9700295,0.0,0.0,0.0,0.0,0.0,0.0,0.0,-1.144233,-0.07691491,3.059873,1.372804,-0.3553762,-2.943999,-0.06973859,-0.03817467,-0.004853308,0.9968228,351.9866,355.6313,359.7482,0.4206667,-0.1086394,-0.9006865,0,0,0,1.567319,0.1278696,-0.9789519,0.3427197,0.20896,1.9929,0.9970383,-0.00435128,0.07678369,0.01500027,0.9902259,-0.1386635,-0.07542984,0.1394046,0.9873585,moving,6.9275527625861155,5.915894300561164,9.757730959792543,5.985718288963392,0.194515,0.48324579999999995,1.9650470999999998,0.11998113822945802,0.10232392045318071,0.9874888896028383,6.673757122195267,5.89274132279632,2.81537920297507,2.8310393881574694,3.085375073993776
05/10/2023 16:35:50.527233,3940,True,True,True,True,Eyes,1.371952,-0.354037,-2.935288,0.04915297,0.2385012,0.9698976,0.0,0.0,0.0,0.0,0.0,0.0,0.0,-1.143865,-0.07778874,3.060026,1.372831,-0.355326,-2.944031,-0.06985926,-0.0382394,-0.004885332,0.9968117,351.9726,355.6241,359.7456,0.4206913,-0.1086378,-0.9006752,0,0,0,1.571478,0.1283602,-0.978738,0.3470961,0.2089601,1.9929,0.9970278,-0.004396761,0.07691753,0.01508226,0.9901916,-0.1388994,-0.07555239,0.1396467,0.9873149,moving,7.077125448554663,5.909716091863811,9.87989312596641,5.985721132694636,0.19864700000000002,0.48368619999999996,1.965293,0.12256037491175376,0.10218500626414487,0.9871865934783088,6.8175909015809015,5.885647515584248,2.7882021518552853,2.803798034769218,3.0639369514267076
05/10/2023 16:35:50.543173,3941,True,True,True,True,Eyes,1.372034,-0.3540334,-2.935287,0.05173737,0.2385518,0.9697506,0.0,0.0,0.0,0.0,0.0,0.0,0.0,-1.143564,-0.07906148,3.060124,1.372799,-0.355291,-2.944069,-0.07001723,-0.03828663,-0.004993253,0.9967983,351.954,355.6194,359.7342,0.4207147,-0.1086361,-0.9006644,0,0,0,1.575414,0.1289399,-0.9785891,0.351182,0.20896,1.9929,0.9970184,-0.004593085,0.07702733,0.01531598,0.9901453,-0.1392038,-0.07562888,0.1399685,0.9872634,moving,7.229328249481788,5.900959093274735,9.993864505238045,5.985718288963392,0.202615,0.4842309,1.9654798999999998,0.12518470941828497,0.10200043117374215,0.9868762047523223,6.963822830981973,5.876045259139248,2.750321122436068,2.7658352862462032,3.0320258444148114
05/10/2023 16:35:50.553153,3942,True,True,True,True,Eyes,1.372112,-0.3540303,-2.935286,0.05421206,0.238594,0.9696051,0.0,0.0,0.0,0.0,0.0,0.0,0.0,-1.143706,-0.07936022,3.060019,1.372794,-0.35535,-2.944018,-0.07004687,-0.03826641,-0.005068017,0.9967967,351.9503,355.6224,359.7256,0.4207378,-0.1086344,-0.9006538,0,0,0,1.579891,0.128934,-0.9782337,0.3555437,0.20896,1.9929,0.99702,-0.00474268,0.07699766,0.01546445,0.9901356,-0.1392571,-0.07557767,0.1400328,0.9872583,moving,7.36823715534258,5.905910878486091,10.115440871313593,5.985718288963392,0.20709699999999986,0.484284,1.9657842999999997,0.12757623954302805,0.10205437866367709,0.9865643927950597,7.09796910502516,5.879772653292439,2.7330046108156774,2.7483626907327996,3.0193311077232914
05/10/2023 16:35:50.573031,3943,True,True,True,True,Eyes,1.372205,-0.354027,-2.935285,0.05674829,0.2386024,0.9694578,0.0,0.0,0.0,0.0,0.0,0.0,0.0,-1.143227,-0.07895449,3.060218,1.372786,-0.3553569,-2.944031,-0.06998169,-0.03834334,-0.005060948,0.9967984,351.9577,355.6134,359.7267,0.4207606,-0.1086327,-0.9006434,0,0,0,1.58385,0.1286596,-0.9778212,0.359839,0.2089599,1.9929,0.9970084,-0.004722827,0.0771495,0.01545615,0.990154,-0.1391271,-0.0757328,0.1399033,0.9872648,moving,7.5233999069525925,5.919485811611709,10.235076545656188,5.985715445232119,0.21106399999999992,0.48401649999999996,1.9662098,0.13024480999787086,0.10225233345069658,0.9861950362159762,7.248238696073371,5.891698445050122,2.697498612050363,2.712485310054291,2.9883171746024093
05/10/2023 16:35:50.593057,3944,True,True,True,True,Eyes,1.372293,-0.3540247,-2.935287,0.05918058,0.2385967,0.9693138,0.0,0.0,0.0,0.0,0.0,0.0,0.0,-1.142678,-0.07816553,3.060447,1.372769,-0.3553719,-2.944041,-0.06985431,-0.03843058,-0.005053712,0.9968039,351.9724,355.6034,359.7277,0.4207835,-0.1086309,-0.900633,0,0,0,1.587794,0.1281339,-0.9773378,0.3641719,0.20896,1.9929,0.9969951,-0.004706036,0.07732155,0.0154442,0.9901897,-0.1388737,-0.07590947,0.1396505,0.9872869,moving,7.6737907729603485,5.939296311991296,10.355668150196498,5.985718288963392,0.21502500000000002,0.4835058,1.9667032,0.13282874361495173,0.10255783871909908,0.9858186363410902,7.394239855781401,5.909677704294807,2.6677286692369155,2.6822791179288274,2.962404380478643
05/10/2023 16:35:50.602948,3945,True,True,True,True,Eyes,1.372374,-0.3540233,-2.935291,0.06161456,0.2385594,0.9691713,0.0,0.0,0.0,0.0,0.0,0.0,0.0,-1.142414,-0.07733423,3.060623,1.372709,-0.3553914,-2.944125,-0.06969945,-0.03846585,-0.00509672,0.9968132,351.99,355.5997,359.7223,0.4208063,-0.1086291,-0.9006225,0,0,0,1.592065,0.1274627,-0.9769081,0.3686349,0.20896,1.9929,0.9969888,-0.004798856,0.07739701,0.01552305,0.9902321,-0.1385626,-0.07597606,0.1393468,0.9873248,moving,7.817438645482365,5.960892856875355,10.479783732471764,5.985718288963392,0.2193560000000001,0.48285410000000006,1.9672169000000002,0.13529516335058026,0.10289476482581297,0.9854480383162898,7.533836721444391,5.929431530479109,2.6483280157871283,2.662460828687429,2.946484683646223
05/10/2023 16:35:50.628181,3946,True,True,True,True,Eyes,1.372454,-0.3540198,-2.935293,0.06394192,0.2385345,0.9690267,0.0,0.0,0.0,0.0,0.0,0.0,0.0,-1.141654,-0.0757601,3.060983,1.372731,-0.3553989,-2.944153,-0.06957043,-0.0385798,-0.00477562,0.9968193,352.0062,355.584,359.7597,0.4208288,-0.1086273,-0.9006123,0,0,0,1.595731,0.1271261,-0.976447,0.372974,0.20896,1.9929,0.9969776,-0.004152835,0.07757866,0.01488889,0.9902743,-0.1383298,-0.07624969,0.1390668,0.9873431,moving,7.9710749616945575,5.9762683535825865,10.600358392428742,5.985718288963392,0.2230000000000001,0.482525,1.9677060000000002,0.13793386427970017,0.10312132519433859,0.9850585076590421,7.6827306260780155,5.943106427073945,2.615575057350949,2.6293004127356814,2.9179389222110896
05/10/2023 16:35:50.648000,3947,True,True,True,True,Eyes,1.372521,-0.3540156,-2.935295,0.06631026,0.2384748,0.9688822,0.0,0.0,0.0,0.0,0.0,0.0,0.0,-1.141003,-0.07671526,3.061185,1.372782,-0.3553452,-2.944117,-0.06972644,-0.03869307,-0.00475432,0.9968042,351.9883,355.5706,359.7638,0.4208511,-0.1086254,-0.9006021,0,0,0,1.599581,0.1277942,-0.9761821,0.3772456,0.2089601,1.9929,0.9969605,-0.004082394,0.07780182,0.01487411,0.9902312,-0.1386393,-0.07647581,0.1393751,0.9872822,moving,8.121022127903503,5.96014219401456,10.718964673273096,5.985721132694636,0.22679899999999997,0.4831394,1.9679349,0.14051596155185675,0.10280637502250663,0.9847264148468022,7.826397561434632,5.926409954953117,2.58428668691976,2.5980684654460973,2.8931751264475154
05/10/2023 16:35:50.653165,3948,True,True,True,True,Eyes,1.372582,-0.3540119,-2.935298,0.06859075,0.2384168,0.9687377,0.0,0.0,0.0,0.0,0.0,0.0,0.0,-1.141789,-0.07757077,3.060867,1.37281,-0.3553043,-2.944106,-0.06971441,-0.03858526,-0.005114102,0.9968075,351.9881,355.586,359.7214,0.4208728,-0.1086235,-0.9005922,0,0,0,1.604607,0.1275432,-0.9758461,0.3815801,0.20896,1.9929,0.9969701,-0.004815654,0.07763719,0.01557545,0.9902275,-0.138589,-0.07621108,0.1393783,0.9873022,moving,8.233349477839035,5.967188305834266,10.839222504999778,5.985718288963392,0.2317969999999998,0.4828475,1.9682599,0.14244485959418787,0.10289881468827608,0.9844395810917158,7.935035039253327,5.932359526223917,2.592234886965618,2.605938908332017,2.9046776058213215
05/10/2023 16:35:50.673036,3949,True,True,True,True,Eyes,1.372641,-0.3540097,-2.9353,0.0708971,0.2383533,0.9685873,0.0,0.0,0.0,0.0,0.0,0.0,0.0,-1.142289,-0.07745534,3.060655,1.372724,-0.3553112,-2.944115,-0.06971547,-0.03848778,-0.005074017,0.9968113,351.9882,355.597,359.7252,0.4208938,-0.1086216,-0.9005826,0,0,0,1.609405,0.1275373,-0.9755523,0.3861152,0.20896,1.9929,0.9969859,-0.004749287,0.07743759,0.01548206,0.990228,-0.1385957,-0.07602263,0.1393769,0.9873169,moving,8.356249443502461,5.967926324720836,10.964942447927285,5.985718288963392,0.23668099999999992,0.4828485,1.9685627,0.14455645430001024,0.1028796637053882,0.984133760444517,8.05352797628473,5.93214174883916,2.595062403641923,2.6087536766292487,2.911907394018804
05/10/2023 16:35:50.693033,3950,True,True,True,True,Eyes,1.372699,-0.354009,-2.935302,0.0731075,0.2382951,0.9684373,0.0,0.0,0.0,0.0,0.0,0.0,0.0,-1.141576,-0.07727021,3.060941,1.372738,-0.355343,-2.944121,-0.06975675,-0.03859874,-0.004906818,0.996805,351.9842,355.5828,359.7456,0.4209142,-0.1086197,-0.9005733,0,0,0,1.613032,0.1277601,-0.9752342,0.3902979,0.20896,1.9929,0.9969721,-0.004397234,0.0776354,0.01516732,0.9902198,-0.138689,-0.07626626,0.1394465,0.9872883,moving,8.499790071117589,5.963265381142274,11.080798670371431,5.985718288963392,0.240294,0.4831031,1.9688868,0.14702330680254985,0.10276183888146313,0.9837805736027182,8.191628417308463,5.926557755309642,2.567502198895212,2.5811062594344896,2.889775894412252
05/10/2023 16:35:50.708135,3951,True,True,True,True,Eyes,1.372759,-0.3540085,-2.935301,0.07536534,0.2381994,0.9682876,0.0,0.0,0.0,0.0,0.0,0.0,0.0,-1.14136,-0.07738867,3.06102,1.372764,-0.3553793,-2.944106,-0.06979993,-0.03863636,-0.004862938,0.9968008,351.9794,355.5781,359.7511,0.4209341,-0.1086179,-0.9005643,0,0,0,1.6172,0.1279046,-0.9749093,0.3946305,0.20896,1.9929,0.9969671,-0.004301131,0.07770436,0.01508839,0.9902086,-0.1387774,-0.07634663,0.139529,0.9872704,moving,8.635342031444003,5.957567860565697,11.20071027285194,5.985718288963392,0.24443599999999988,0.4832839,1.9691967000000001,0.14935240433696348,0.10262777187831745,0.9834435239023622,8.32197420474388,5.920033908194008,2.551925204941902,2.565522687610348,2.87948533382327
05/10/2023 16:35:50.723037,3952,True,True,True,True,Eyes,1.372818,-0.3540069,-2.935298,0.07753155,0.2381026,0.9681405,0.0,0.0,0.0,0.0,0.0,0.0,0.0,-1.141641,-0.07654294,3.060868,1.372771,-0.3553831,-2.944031,-0.06968994,-0.03859031,-0.004799291,0.9968105,351.9923,355.5829,359.7576,0.4209534,-0.1086162,-0.9005554,0,0,0,1.621683,0.1274886,-0.9744161,0.3989854,0.20896,1.9929,0.9969755,-0.004189253,0.07760338,0.01494668,0.9902406,-0.1385649,-0.07626553,0.1393057,0.9873082,moving,8.75658010635772,5.968782318386414,11.321138987959245,5.985718288963392,0.24891200000000002,0.4828717,1.9696148999999998,0.1514305485714519,0.10278739843024634,0.9831091276128524,8.439421188573032,5.929938531503953,2.5512132192506436,2.5646148023242485,2.882257597204238
05/10/2023 16:35:50.742992,3953,True,True,True,True,Eyes,1.372889,-0.3540054,-2.935298,0.07968918,0.2380025,0.9679899,0.0,0.0,0.0,0.0,0.0,0.0,0.0,-1.141545,-0.07637608,3.06087,1.372778,-0.3553552,-2.943992,-0.06964428,-0.03860934,-0.004832661,0.9968128,351.9974,355.581,359.7537,0.4209723,-0.1086146,-0.9005468,0,0,0,1.625973,0.1272983,-0.9739839,0.4033365,0.20896,1.9929,0.9969719,-0.004256677,0.0776457,0.01501236,0.9902526,-0.1384715,-0.07629944,0.1392178,0.987318,moving,8.882796569590369,5.9738728043826255,11.441361483947116,5.985718288963392,0.25319499999999984,0.48265349999999996,1.9700081000000003,0.15359502307108922,0.10283997940514929,0.9827677800177785,8.561341556319366,5.933895814992075,2.5453197898161855,2.558592334953402,2.8804861312531007
05/10/2023 16:35:50.753308,3954,True,True,True,True,Eyes,1.372958,-0.3540014,-2.935299,0.08176235,0.2379141,0.9678388,0.0,0.0,0.0,0.0,0.0,0.0,0.0,-1.141245,-0.07650813,3.06104,1.372787,-0.3553765,-2.944049,-0.06966178,-0.03865972,-0.004845364,0.9968095,351.9953,355.5753,359.7527,0.4209912,-0.1086129,-0.9005382,0,0,0,1.630157,0.1273219,-0.9736911,0.4077158,0.2089599,1.9929,0.9969639,-0.004273602,0.07774781,0.01504602,0.9902475,-0.1385044,-0.07639766,0.1392537,0.9873053,moving,9.008083764316005,5.972073255832482,11.562260138883802,5.985715445232119,0.2573700000000001,0.48269839999999997,1.9703579000000002,0.15574472413875942,0.102774104706082,0.9824363633063351,8.682000731422646,5.9312112061763465,2.5409516894832955,2.554212806665081,2.880775063475721
05/10/2023 16:35:50.773151,3955,True,True,True,True,Eyes,1.373028,-0.3539962,-2.935296,0.08377372,0.2378429,0.9676841,0.0,0.0,0.0,0.0,0.0,0.0,0.0,-1.141283,-0.07781363,3.061033,1.372803,-0.3553154,-2.944091,-0.06980228,-0.03866138,-0.005000303,0.9967989,351.9785,355.5763,359.7355,0.4210099,-0.1086112,-0.9005297,0,0,0,1.634507,0.1278125,-0.9735266,0.4119573,0.20896,1.9929,0.9969606,-0.004571288,0.0777733,0.0153659,0.9902052,-0.138771,-0.07637717,0.1395443,0.9872659,moving,9.121410702565615,5.9587783303341535,11.679255159830522,5.985718288963392,0.26170399999999994,0.4831279,1.9705643999999998,0.15769183345370563,0.10251404443785479,0.9821527146991248,8.790522465855522,5.917523992700772,2.5445041771066608,2.557986323054083,2.889537513043015
05/10/2023 16:35:50.792916,3956,True,True,True,True,Eyes,1.373095,-0.3539917,-2.935294,0.08570392,0.2377745,0.967532,0.0,0.0,0.0,0.0,0.0,0.0,0.0,-1.141487,-0.07884705,3.060814,1.372758,-0.3552868,-2.943994,-0.06992141,-0.03862637,-0.005121266,0.9967914,351.9643,355.5813,359.7218,0.4210286,-0.1086094,-0.9005212,0,0,0,1.63911,0.128204,-0.9732101,0.41639,0.20896,1.9929,0.9969636,-0.004808046,0.07772103,0.01561129,0.9901695,-0.1389985,-0.07628869,0.1397897,0.987238,moving,9.22657646583383,5.947436446457139,11.801418658756509,5.985718288963392,0.26635200000000014,0.4834908,1.9707839,0.1594980221291102,0.10228957356951536,0.9818845501653873,8.89128189049238,5.905783230584391,2.5613825597466806,2.575126757641368,2.9112343814198205
05/10/2023 16:35:50.808303,3957,True,True,True,True,Eyes,1.373171,-0.3539846,-2.935291,0.08760528,0.2376959,0.967381,0.0,0.0,0.0,0.0,0.0,0.0,0.0,-1.141403,-0.0790351,3.060861,1.372743,-0.3553008,-2.944021,-0.06993882,-0.03863892,-0.005157655,0.9967895,351.9622,355.5801,359.7178,0.4210471,-0.1086076,-0.9005128,0,0,0,1.643491,0.1282127,-0.9728995,0.4208239,0.2089599,1.9929,0.9969609,-0.004877474,0.07775116,0.01568691,0.9901639,-0.13903,-0.07630829,0.1398271,0.9872311,moving,9.337217997734353,5.946245954884148,11.92350643787854,5.985715445232119,0.270748,0.48351350000000004,1.9711215000000002,0.1613946719158536,0.10223723190854696,0.9815800188525335,8.997857555429709,5.903797187396657,2.572780007943269,2.586589595643612,2.9267955146099447
05/10/2023 16:35:50.828076,3958,True,True,True,True,Eyes,1.373244,-0.3539787,-2.935287,0.08943413,0.2376168,0.9672331,0.0,0.0,0.0,0.0,0.0,0.0,0.0,-1.141287,-0.07883978,3.06091,1.37277,-0.3552441,-2.944015,-0.06987445,-0.03866505,-0.005211018,0.9967926,351.9693,355.5775,359.7115,0.4210657,-0.1086057,-0.9005044,0,0,0,1.647705,0.1279602,-0.9724814,0.4250941,0.20896,1.9929,0.9969558,-0.004985212,0.07781029,0.015792,0.9901808,-0.1388977,-0.07635383,0.1397036,0.9872451,moving,9.444941640891729,5.954634971559774,12.04098297224618,5.985718288963392,0.27493499999999993,0.48320430000000003,1.9715335999999999,0.16323799566816927,0.1023494958866683,0.9812634786073975,9.102129122148648,5.911077505495264,2.5825250132096595,2.5962274104402727,2.9398015577228716
05/10/2023 16:35:50.843147,3959,True,True,True,True,Eyes,1.373345,-0.3539713,-2.935283,0.0912715,0.2375122,0.9670871,0.0,0.0,0.0,0.0,0.0,0.0,0.0,-1.141427,-0.07861459,3.060831,1.372757,-0.3552756,-2.943983,-0.06985335,-0.0386397,-0.005187855,0.9967951,351.9718,355.5803,359.7139,0.4210843,-0.1086036,-0.9004959,0,0,0,1.652038,0.1278393,-0.9721123,0.4293694,0.20896,1.9929,0.9969602,-0.004944233,0.0777565,0.01574068,0.9901872,-0.138858,-0.07630695,0.1396599,0.987255,moving,9.548817399761257,5.95531240038419,12.158496960729531,5.985718288963392,0.2792809999999999,0.4831149,1.9718706999999998,0.1650170506317681,0.10233038173462183,0.9809678164049722,9.202282881424392,5.910945212336912,2.5961112997543374,2.60985668744394,2.957159565473281
05/10/2023 16:35:50.853288,3960,True,True,True,True,Eyes,1.373441,-0.3539647,-2.935279,0.09303623,0.2374076,0.9669446,0.0,0.0,0.0,0.0,0.0,0.0,0.0,-1.141643,-0.07797915,3.060754,1.372675,-0.3552699,-2.944009,-0.06977506,-0.03858846,-0.005123202,0.996803,351.9811,355.5857,359.7206,0.4211037,-0.1086015,-0.9004871,0,0,0,1.65682,0.1275567,-0.9717286,0.4340905,0.2089601,1.9929,0.9969693,-0.004828621,0.07764512,0.01559867,0.9902104,-0.1387086,-0.07621524,0.1394994,0.9872847,moving,9.646418272044484,5.961736615353746,12.288143938077557,5.985721132694636,0.28414499999999987,0.4828266,1.9722803999999998,0.1666864507357295,0.10241120855937878,0.98067708222537,9.296693651129546,5.916406083049176,2.628054990522226,2.6418345428224606,2.992253230491812
05/10/2023 16:35:50.873130,3961,True,True,True,True,Eyes,1.373539,-0.353958,-2.935273,0.09482993,0.2372992,0.966797,0.0,0.0,0.0,0.0,0.0,0.0,0.0,-1.141832,-0.07712331,3.060688,1.37265,-0.3552848,-2.944002,-0.0697022,-0.03854699,-0.004966782,0.9968105,351.9902,355.5893,359.738,0.4211236,-0.1085992,-0.900478,0,0,0,1.660728,0.1273471,-0.9713847,0.43798,0.20896,1.9929,0.9969789,-0.004528261,0.07754048,0.0152755,0.9902339,-0.1385769,-0.0761557,0.1393427,0.9873115,moving,9.748623419622877,5.9660760339102605,12.394858328162012,5.985718288963392,0.28807800000000006,0.4826319,1.9726172999999998,0.1684347840685491,0.10245460108040264,0.9803738283872542,9.395431519717304,5.919820272903694,2.6325972330797556,2.646307806993491,3.0001506175086297
05/10/2023 16:35:50.893126,3962,True,True,True,True,Eyes,1.373633,-0.3539522,-2.935268,0.09655388,0.2371958,0.9666517,0.0,0.0,0.0,0.0,0.0,0.0,0.0,-1.141618,-0.07686302,3.060737,1.372691,-0.3552758,-2.943944,-0.069742,-0.03858027,-0.004765041,0.9968074,351.9865,355.5838,359.7617,0.4211441,-0.1085968,-0.9004687,0,0,0,1.664795,0.1276433,-0.971028,0.4422883,0.20896,1.9929,0.9969777,-0.004118326,0.07757884,0.01488099,0.9902267,-0.138671,-0.07624953,0.1394063,0.9872953,moving,9.856109164322953,5.957083413909102,12.512961216496993,5.985718288963392,0.2921039999999999,0.48291909999999993,1.9729160000000001,0.1702769326020085,0.10226787353688256,0.9800750260360069,9.49855163260463,5.910329009248877,2.6430997589666627,2.657006357389982,3.015352165661252
05/10/2023 16:35:50.912968,3963,True,True,True,True,Eyes,1.373728,-0.3539448,-2.935262,0.09834591,0.2370612,0.966504,0.0,0.0,0.0,0.0,0.0,0.0,0.0,-1.141911,-0.07640091,3.060665,1.372697,-0.3552958,-2.943966,-0.06973179,-0.03852637,-0.004615561,0.9968109,351.9883,355.5888,359.7785,0.4211649,-0.1085944,-0.9004592,0,0,0,1.669252,0.1276724,-0.9707457,0.4466404,0.20896,1.9929,0.9969888,-0.003828658,0.07745071,0.01457471,0.9902323,-0.1386632,-0.0761633,0.1393744,0.9873064,moving,9.95666130907281,5.952621334585606,12.632155176990022,5.985718288963392,0.2965549999999999,0.48296819999999996,1.9732203,0.17199856662761856,0.10216052878555815,0.9797855030625164,9.595229346553896,5.90526220982415,2.66163369255895,2.6756985715232733,3.037991389099154
05/10/2023 16:35:50.923361,3964,True,True,True,True,Eyes,1.373819,-0.3539367,-2.935259,0.1000661,0.2369343,0.9663585,0.0,0.0,0.0,0.0,0.0,0.0,0.0,-1.142341,-0.07628804,3.060481,1.372675,-0.3552574,-2.943954,-0.06972606,-0.03845108,-0.004574579,0.9968144,351.9892,355.5972,359.7826,0.4211862,-0.1085918,-0.9004496,0,0,0,1.673921,0.1276969,-0.9704323,0.4510706,0.20896,1.9929,0.9970012,-0.003757929,0.0772951,0.01448209,0.9902347,-0.138656,-0.07601923,0.1393597,0.9873196,moving,10.048507296273549,5.949481787557568,12.753374062833249,5.985718288963392,0.3012459999999999,0.4829543,1.9735217,0.17357042275421442,0.10207825606164911,0.9795168071004632,9.683586033196399,5.901537540361311,2.6908552481661685,2.705109481864507,3.0709420289769236
05/10/2023 16:35:50.943292,3965,True,True,True,True,Eyes,1.373916,-0.353927,-2.935258,0.1018809,0.2367712,0.9662089,0.0,0.0,0.0,0.0,0.0,0.0,0.0,-1.142302,-0.07667577,3.060533,1.372664,-0.3552293,-2.944011,-0.06977046,-0.03845615,-0.004607601,0.9968109,351.9839,355.5968,359.779,0.4212076,-0.1085892,-0.9004399,0,0,0,1.678331,0.1278581,-0.9701849,0.4555006,0.2089601,1.9929,0.9969998,-0.003819606,0.07730997,0.01455202,0.9902217,-0.1387415,-0.07602407,0.1394503,0.9873064,moving,10.153492969810314,5.9401205777231585,12.874471502160125,5.985721132694636,0.3056669999999999,0.48308740000000006,1.9738261000000001,0.17536844235218846,0.10188525354751014,0.979216657287848,9.784276965539684,5.891709503095723,2.7068682299508215,2.721360612657249,3.091624243121836
05/10/2023 16:35:50.967036,3966,True,True,True,True,Eyes,1.37401,-0.3539194,-2.935256,0.1036217,0.2366183,0.9660613,0.0,0.0,0.0,0.0,0.0,0.0,0.0,-1.142283,-0.07706419,3.06057,1.372669,-0.3551985,-2.944053,-0.06981906,-0.03846015,-0.004630505,0.9968073,351.9783,355.5965,359.7766,0.4212295,-0.1085864,-0.90043,0,0,0,1.682903,0.1280451,-0.9699156,0.4600793,0.20896,1.9929,0.9969987,-0.00386094,0.0773213,0.01460194,0.9902077,-0.1388361,-0.0760281,0.1395485,0.9872922,moving,10.254280631008477,5.930572892226212,12.999510922525848,5.985718288963392,0.3102340000000001,0.4832436,1.9741373999999998,0.17709425454781827,0.10169016035872648,0.9789263752988978,9.880911864862611,5.881733281594534,2.7310060193187806,2.745784108091139,3.1203321881196455
05/10/2023 16:35:50.978148,3967,True,True,True,True,Eyes,1.374112,-0.3539101,-2.935254,0.1054439,0.2364708,0.9659002,0.0,0.0,0.0,0.0,0.0,0.0,0.0,-1.142181,-0.07743251,3.0606,1.372671,-0.3552399,-2.944049,-0.0698792,-0.03847761,-0.004647934,0.9968023,351.9713,355.5946,359.775,0.4212515,-0.1085835,-0.9004201,0,0,0,1.686815,0.1282125,-0.9696499,0.4640569,0.20896,1.9929,0.9969957,-0.003888573,0.07735873,0.01464371,0.9901906,-0.1389538,-0.07605956,0.1396692,0.9872727,moving,10.361423542377503,5.920260702295314,13.108032812311418,5.985718288963392,0.314144,0.4834524,1.9743991000000003,0.17892839181765843,0.10147974382708437,0.978614604353637,9.983631538987561,5.870971219355713,2.732419410441527,2.7473891565155673,3.126507669386289
05/10/2023 16:35:50.993177,3968,True,True,True,True,Eyes,1.37421,-0.3539015,-2.935251,0.1071938,0.2363295,0.9657421,0.0,0.0,0.0,0.0,0.0,0.0,0.0,-1.142078,-0.07796046,3.060615,1.372693,-0.3552058,-2.944032,-0.06993502,-0.03850056,-0.004709728,0.9967972,351.9646,355.5925,359.7683,0.4212739,-0.1085805,-0.9004099,0,0,0,1.691476,0.1284008,-0.9693044,0.4687573,0.20896,1.9929,0.9969911,-0.004004213,0.07741325,0.01477436,0.9901738,-0.1390594,-0.07609574,0.1397847,0.9872536,moving,10.464155919838152,5.911410434087512,13.236151701083719,5.985718288963392,0.31878300000000004,0.4836066,1.9747276,0.180686178097002,0.10129548330666976,0.9783106240593866,10.0821778007156,5.861653294206461,2.7577362398635668,2.772991573831315,3.156413072955965
05/10/2023 16:35:51.003126,3969,True,True,True,True,Eyes,1.374304,-0.3538943,-2.935248,0.1090145,0.2361863,0.9655733,0.0,0.0,0.0,0.0,0.0,0.0,0.0,-1.142092,-0.07822838,3.060598,1.372687,-0.3552163,-2.944028,-0.06995903,-0.03849966,-0.004762989,0.9967954,351.9616,355.593,359.7623,0.4212966,-0.1085774,-0.9003997,0,0,0,1.695503,0.1284263,-0.9690101,0.4727603,0.20896,1.9929,0.9969902,-0.004108653,0.07741899,0.01488225,0.9901661,-0.1391029,-0.07608614,0.1398364,0.987247,moving,10.568491071307319,5.906163428792056,13.345155438353533,5.985718288963392,0.322816,0.4836426,1.9750178999999999,0.18246967597057953,0.10117200387305113,0.9779923160098615,10.182460019281175,5.855800411011051,2.762431144253362,2.7778038057071335,3.165362691514658
05/10/2023 16:35:51.028174,3970,True,True,True,True,Eyes,1.374403,-0.3538888,-2.935246,0.1109025,0.236067,0.9653875,0.0,0.0,0.0,0.0,0.0,0.0,0.0,-1.142021,-0.07804051,3.060586,1.372628,-0.3552395,-2.944008,-0.06991874,-0.03850347,-0.004795478,0.9967979,351.9661,355.5928,359.7584,0.4213195,-0.1085743,-0.9003894,0,0,0,1.699836,0.1282008,-0.9686052,0.4771613,0.20896,1.9929,0.996989,-0.004176017,0.07743094,0.01494447,0.9901767,-0.1390204,-0.07608976,0.1397589,0.9872577,moving,10.67773574243745,5.909718308939059,13.464883448078353,5.985718288963392,0.32720799999999994,0.4834403,1.9754028000000001,0.18433360040231914,0.10119688305069854,0.9776401857406646,10.287941118041019,5.858404249405074,2.772838328986451,2.7881836973239493,3.179492323162883
05/10/2023 16:35:51.043166,3971,True,True,True,True,Eyes,1.374496,-0.3538837,-2.935245,0.112713,0.2359464,0.9652073,0.0,0.0,0.0,0.0,0.0,0.0,0.0,-1.141937,-0.07758868,3.060633,1.372617,-0.3552886,-2.944012,-0.06986963,-0.03851384,-0.004752388,0.9968011,351.9719,355.5913,359.7632,0.4213426,-0.1085712,-0.9003789,0,0,0,1.703852,0.1279773,-0.9682394,0.4812738,0.20896,1.9929,0.9969882,-0.004092476,0.07744537,0.01485627,0.9901913,-0.1389262,-0.07611717,0.1396583,0.9872699,moving,10.784739005900214,5.912799391333313,13.576654736196756,5.985718288963392,0.33123499999999995,0.4832659,1.9757726,0.18615875632347276,0.10121401445333836,0.9772925338595335,10.391236760337643,5.860567830648485,2.777569507671497,2.7928678111770457,3.1878755179810274
05/10/2023 16:35:51.052903,3972,True,True,True,True,Eyes,1.374586,-0.3538772,-2.935246,0.1144506,0.2358288,0.9650315,0.0,0.0,0.0,0.0,0.0,0.0,0.0,-1.141811,-0.07707179,3.060738,1.372587,-0.3552895,-2.944072,-0.06979624,-0.03852785,-0.004719632,0.996806,351.9805,355.5894,359.7668,0.4213657,-0.1085681,-0.9003685,0,0,0,1.708117,0.1276976,-0.9678824,0.4856644,0.20896,1.9929,0.9969867,-0.004030915,0.07746842,0.01478731,0.9902124,-0.1387829,-0.07615076,0.1395103,0.9872882,moving,10.887771704232138,5.918874556613477,13.695868203296051,5.985718288963392,0.3355300000000001,0.4829871,1.9761895999999997,0.1879145418461738,0.10128316006170311,0.9769492336824407,10.490864329125356,5.865650764346379,2.793646716409305,2.8088919581588523,3.207252101709003
05/10/2023 16:35:51.072885,3973,True,True,True,True,Eyes,1.374663,-0.3538719,-2.935244,0.1162897,0.2357304,0.9648356,0.0,0.0,0.0,0.0,0.0,0.0,0.0,-1.141819,-0.07685134,3.060753,1.372582,-0.3552495,-2.944092,-0.06977181,-0.03852345,-0.004674146,0.996808,351.9835,355.5896,359.7719,0.4213888,-0.108565,-0.900358,0,0,0,1.71253,0.1276609,-0.967541,0.4901106,0.20896,1.9929,0.9969882,-0.00394275,0.0774532,0.01469415,0.9902201,-0.138738,-0.0761487,0.1394583,0.9872957,moving,10.994819003228454,5.920481578788231,13.816468240400193,5.985718288963392,0.33994800000000014,0.48291039999999996,1.976551,0.18973963482596196,0.10127435681466845,0.9765972693313741,10.594124209373787,5.866391535572652,2.807136238062658,2.8224032748681283,3.2245526710485413
05/10/2023 16:35:51.082986,3974,True,True,True,True,Eyes,1.374737,-0.3538659,-2.935243,0.1180557,0.2356351,0.9646444,0.0,0.0,0.0,0.0,0.0,0.0,0.0,-1.141649,-0.07672831,3.060747,1.372561,-0.3552601,-2.944026,-0.0697801,-0.03854578,-0.004611913,0.9968068,351.9828,355.5865,359.7793,0.4214116,-0.1085619,-0.9003478,0,0,0,1.716794,0.1277194,-0.9671294,0.4945415,0.20896,1.9929,0.9969859,-0.003814914,0.07748902,0.01457383,0.9902189,-0.138759,-0.07620174,0.1394701,0.9872899,moving,11.10097915256197,5.918115261910868,13.936529192769655,5.985718288963392,0.344233,0.4829795,1.9768966,0.19155029278383576,0.1011977672870124,0.9762516910799234,10.696318233860554,5.863304724140177,2.8209850028905947,2.836355795697793,3.242522496311685
05/10/2023 16:35:51.103036,3975,True,True,True,True,Eyes,1.374821,-0.3538607,-2.935244,0.1200923,0.2355189,0.9644215,0.0,0.0,0.0,0.0,0.0,0.0,0.0,-1.141736,-0.0766803,3.060725,1.372574,-0.3552351,-2.944033,-0.0697757,-0.03853299,-0.004593871,0.9968076,351.9834,355.5878,359.7812,0.421434,-0.1085589,-0.9003376,0,0,0,1.721167,0.1277249,-0.9668065,0.4988747,0.2089601,1.9929,0.9969882,-0.003781076,0.07746104,0.01453574,0.9902205,-0.1387518,-0.07617888,0.1394599,0.9872931,moving,11.218020313509642,5.917443618067693,14.053822207300623,5.985721132694636,0.34859299999999993,0.48296000000000006,1.9772265,0.19354518483809827,0.10114598240497889,0.975863665738236,10.809089533680158,5.861770946811726,2.8212504398205533,2.836623732508798,3.2470992857996532
05/10/2023 16:35:51.128030,3976,True,True,True,True,Eyes,1.374902,-0.3538552,-2.935246,0.1220482,0.2354154,0.9642012,0.0,0.0,0.0,0.0,0.0,0.0,0.0,-1.141983,-0.07678279,3.060676,1.372581,-0.3552655,-2.944073,-0.06982999,-0.0384894,-0.004516393,0.9968059,351.9775,355.5922,359.79,0.4214562,-0.1085559,-0.9003276,0,0,0,1.725496,0.1279549,-0.9666102,0.5030853,0.2089601,1.9929,0.9969963,-0.003628508,0.07736368,0.01437936,0.9902067,-0.1388662,-0.07610215,0.1395615,0.9872847,moving,11.328002101820383,5.9093554253491805,14.167681593974773,5.985721132694636,0.35291499999999987,0.4832204,1.9774628,0.19542155210227863,0.10096992034413291,0.9755078779392179,10.914663373477904,5.8531335735425545,2.8251568535134752,2.8407061339428594,3.2557191223639865
05/10/2023 16:35:51.143214,3977,True,True,True,True,Eyes,1.374975,-0.3538498,-2.935246,0.1241572,0.2352573,0.9639705,0.0,0.0,0.0,0.0,0.0,0.0,0.0,-1.142057,-0.07760277,3.060649,1.372589,-0.3552522,-2.944093,-0.06995359,-0.03847855,-0.004539629,0.9967976,351.9632,355.5936,359.7878,0.4214783,-0.1085529,-0.9003176,0,0,0,1.729872,0.1284178,-0.9664224,0.5074019,0.20896,1.9929,0.9969976,-0.003666756,0.07734577,0.01443361,0.9901718,-0.1391098,-0.07607552,0.1398085,0.9872518,moving,11.448587779984056,5.8924346011539726,14.2842888677831,5.985718288963392,0.357283,0.48367000000000004,1.9776706000000002,0.19748083454758583,0.10063946837213535,0.9751272479925593,11.029988878836775,5.83589242038674,2.8213557989823395,2.8372350106672535,3.257747106352917
05/10/2023 16:35:51.157971,3978,True,True,True,True,Eyes,1.375047,-0.3538447,-2.935247,0.1261773,0.235103,0.9637458,0.0,0.0,0.0,0.0,0.0,0.0,0.0,-1.142291,-0.07684517,3.060526,1.372551,-0.3552397,-2.944055,-0.06981555,-0.03843682,-0.004569981,0.9968088,351.9789,355.5988,359.7834,0.4215,-0.1085499,-0.9003078,0,0,0,1.734538,0.1278409,-0.9659268,0.5119372,0.20896,1.9929,0.9970035,-0.003743816,0.07726644,0.01447777,0.9902098,-0.1388342,-0.07599021,0.1395368,0.9872968,moving,11.560670620477964,5.905796556832932,14.406673972443896,5.985718288963392,0.36198699999999984,0.48308059999999997,1.9781282,0.1993842005564329,0.10082722323749364,0.9747204267299516,11.13872577241524,5.847938668405255,2.831492351585572,2.8471253155890506,3.27085136652702
05/10/2023 16:35:51.172875,3979,True,True,True,True,Eyes,1.375117,-0.353838,-2.935248,0.1283176,0.2349413,0.9635026,0.0,0.0,0.0,0.0,0.0,0.0,0.0,-1.14212,-0.07613438,3.060629,1.372573,-0.3552402,-2.944067,-0.06976252,-0.03846155,-0.004412732,0.9968122,351.9857,355.5946,359.8015,0.4215213,-0.108547,-0.9002981,0,0,0,1.738564,0.1277563,-0.9655569,0.5161632,0.20896,1.9929,0.9970025,-0.003430981,0.07729357,0.01416368,0.9902274,-0.1387408,-0.0760622,0.1394197,0.9873078,moving,11.690866144012686,5.906094738313322,14.520591886000997,5.985718288963392,0.36599099999999996,0.4829965,1.9785100999999998,0.20159943246575823,0.10078564695680245,0.9742689584089156,11.26422699901786,5.84724124067877,2.815309065523803,2.8308457543090224,3.25930792808509
05/10/2023 16:35:51.186003,3980,True,True,True,True,Eyes,1.375185,-0.3538311,-2.935249,0.1303727,0.2348025,0.9632605,0.0,0.0,0.0,0.0,0.0,0.0,0.0,-1.141942,-0.07817969,3.060648,1.372631,-0.3551884,-2.944051,-0.07000883,-0.03850762,-0.004611542,0.9967922,351.9566,355.5908,359.78,0.4215423,-0.1085441,-0.9002886,0,0,0,1.743032,0.1285889,-0.9653834,0.5206244,0.2089601,1.9929,0.9969918,-0.00380175,0.07741389,0.01458524,0.990155,-0.1392133,-0.07612249,0.1399236,0.9872319,moving,11.811332344341062,5.879728257523726,14.640722768780881,5.985721132694636,0.370401,0.4837773,1.9786676,0.20365758945845217,0.100293666516335,0.9738915814835204,11.378936220939451,5.820885877277346,2.8152687631482194,2.831375048187494,3.2659488889307187
05/10/2023 16:35:51.207828,3981,True,True,True,True,Eyes,1.375228,-0.3538257,-2.935248,0.1325388,0.2346435,0.9630035,0.0,0.0,0.0,0.0,0.0,0.0,0.0,-1.141923,-0.08002216,3.06061,1.372667,-0.3551843,-2.944037,-0.07026462,-0.03852028,-0.004727554,0.9967732,351.9267,355.5902,359.7679,0.4215629,-0.1085411,-0.9002793,0,0,0,1.747055,0.1294816,-0.9652919,0.5245818,0.20896,1.9929,0.9969877,-0.004011371,0.07745633,0.01483782,0.9900811,-0.1397115,-0.07612761,0.14044,0.9871581,moving,11.936080286298175,5.849827124901552,14.747177360460745,5.985718288963392,0.37438799999999994,0.4846659,1.9787450999999998,0.2057890132675081,0.09973995857157145,0.9735002153530662,11.497584756119348,5.791087154562905,2.7976871006214945,2.8143797129803647,3.2554160060840642
05/10/2023 16:35:51.222976,3982,True,True,True,True,Eyes,1.375267,-0.3538229,-2.935247,0.1346253,0.2344686,0.9627568,0.0,0.0,0.0,0.0,0.0,0.0,0.0,-1.142105,-0.08168861,3.060402,1.372638,-0.355169,-2.943953,-0.0703752,-0.03850345,-0.005124294,0.996764,351.9123,355.5953,359.7224,0.4215825,-0.1085382,-0.9002705,0,0,0,1.751701,0.1295536,-0.9649556,0.5289243,0.20896,1.9929,0.9969825,-0.004796049,0.07747895,0.0156348,0.9900422,-0.1399003,-0.07603645,0.1406895,0.9871296,moving,12.047627826940053,5.840969079107407,14.863871470174637,5.985718288963392,0.37906299999999993,0.4847226,1.9789974,0.20768793335798325,0.09954863398545595,0.9731166135368409,11.604626859996015,5.781695020666885,2.803037935389927,2.819961097570875,3.2656241245717155
05/10/2023 16:35:51.243228,3983,True,True,True,True,Eyes,1.375278,-0.3538215,-2.935246,0.1367732,0.2342573,0.9625055,0.0,0.0,0.0,0.0,0.0,0.0,0.0,-1.142473,-0.08098382,3.060262,1.372585,-0.3552235,-2.943949,-0.07015883,-0.03844789,-0.005389269,0.99678,351.9359,355.604,359.6905,0.4216012,-0.1085355,-0.9002621,0,0,0,1.756552,0.1283784,-0.9644086,0.5334476,0.20896,1.9929,0.9969854,-0.005348913,0.07740439,0.01613875,0.9900974,-0.1394514,-0.07589197,0.1402802,0.987199,moving,12.161285578493434,5.865426732577895,14.985290127557782,5.985718288963392,0.38396699999999995,0.48360190000000003,1.9795403999999999,0.20961001853315386,0.09992211422187743,0.972666150121274,11.71547035761449,5.804436765321107,2.8101726636767816,2.826565363064116,3.2748411135085727
05/10/2023 16:35:51.254128,3984,True,True,True,True,Eyes,1.375288,-0.3538214,-2.935245,0.1388208,0.2340503,0.9622625,0.0,0.0,0.0,0.0,0.0,0.0,0.0,-1.142226,-0.07944709,3.06034,1.372515,-0.3552136,-2.943925,-0.06997359,-0.03847102,-0.005219931,0.9967932,351.9579,355.6,359.7094,0.4216183,-0.108533,-0.9002544,0,0,0,1.760445,0.1277952,-0.9638785,0.5376419,0.20896,1.9929,0.9969855,-0.005022472,0.07742582,0.01579029,0.9901529,-0.1390967,-0.07596479,0.1399,0.9872473,moving,12.286452550607793,5.878076735405781,15.097754533197485,5.985718288963392,0.3879300000000001,0.4830088,1.9800465000000003,0.2117307503331653,0.10009003705873186,0.9721892563662267,11.8367802630489,5.815696968514214,2.797326789955753,2.813361964156946,3.2654035646422606
05/10/2023 16:35:51.283111,3985,True,True,True,True,Eyes,1.37528,-0.3538207,-2.935246,0.1409296,0.2338031,0.9620161,0.0,0.0,0.0,0.0,0.0,0.0,0.0,-1.141327,-0.07820922,3.060695,1.372507,-0.3552423,-2.943913,-0.06987407,-0.03860651,-0.004971017,0.9967961,351.9704,355.5824,359.7387,0.4216339,-0.1085307,-0.9002473,0,0,0,1.764278,0.1275956,-0.9633335,0.5422163,0.20896,1.9929,0.9969697,-0.004514992,0.07766032,0.01530537,0.9901858,-0.1389166,-0.07627094,0.1396842,0.9872543,moving,12.429422373699477,5.877465346768473,15.220275130657312,5.985718288963392,0.3917710000000001,0.48283790000000004,1.9805794999999997,0.21415739876383852,0.1000255134497187,0.9716643060228192,11.97454539397032,5.814025138598287,2.777005006141766,2.7929514515137925,3.2502676907443333
05/10/2023 16:35:51.283111,3986,True,True,True,True,Eyes,1.375272,-0.3538213,-2.935247,0.1429587,0.233565,0.9617745,0.0,0.0,0.0,0.0,0.0,0.0,0.0,-1.141695,-0.07706034,3.060632,1.37254,-0.3551873,-2.943951,-0.0697128,-0.03854827,-0.004881209,0.9968101,351.9893,355.5884,359.7479,0.4216478,-0.1085287,-0.900241,0,0,0,1.768749,0.1270757,-0.9629362,0.5465023,0.20896,1.9929,0.9969804,-0.00435666,0.07753117,0.01510589,0.9902326,-0.1386045,-0.07617003,0.1393571,0.9873083,moving,12.542781135433696,5.886591126296858,15.334942032047346,5.985718288963392,0.3962089999999998,0.482263,1.9810148,0.21607696366815854,0.10013690689851695,0.971227745500347,12.08428730421659,5.8219737968981615,2.7781891409336406,2.793919946411611,3.254776247032989
05/10/2023 16:35:51.303140,3987,True,True,True,True,Eyes,1.37527,-0.353821,-2.935249,0.1450295,0.2332868,0.9615319,0.0,0.0,0.0,0.0,0.0,0.0,0.0,-1.142206,-0.07647008,3.060434,1.372532,-0.3552187,-2.943928,-0.0696828,-0.03845749,-0.004737536,0.9968165,351.9934,355.5977,359.7636,0.42166,-0.1085269,-0.9002355,0,0,0,1.774037,0.127033,-0.962579,0.5515475,0.2089599,1.9929,0.9969972,-0.004085256,0.07733037,0.01480456,0.9902437,-0.1385575,-0.07600986,0.1392863,0.9873307,moving,12.655781538316203,5.876988557899438,15.469759285456131,5.985715445232119,0.401505,0.4822517,1.9813490000000002,0.21799656231769524,0.09993042456136147,0.9708199064227893,12.192690210013039,5.811852200656891,2.8000239269477385,2.8160774665175246,3.28167794779434
05/10/2023 16:35:51.323133,3988,True,True,True,True,Eyes,1.375268,-0.353818,-2.935252,0.1470248,0.2330184,0.961294,0.0,0.0,0.0,0.0,0.0,0.0,0.0,-1.142405,-0.07601157,3.060393,1.372535,-0.3551997,-2.943951,-0.06964108,-0.03842169,-0.004648809,0.9968211,351.9986,355.6012,359.7734,0.421671,-0.1085252,-0.9002306,0,0,0,1.777635,0.1269554,-0.962326,0.5550717,0.20896,1.9929,0.9970043,-0.003916605,0.07724659,0.01461952,0.990257,-0.1384822,-0.0759516,0.1391966,0.9873478,moving,12.769616906531306,5.870459686368575,15.563828591457007,5.985718288963392,0.4051,0.4821551,1.9816250000000002,0.21992841040584835,0.09977546543354475,0.9704001091217352,12.302060945689567,5.804690421932387,2.780474274396617,2.796587829060163,3.266787300026903
05/10/2023 16:35:51.342860,3989,True,True,True,True,Eyes,1.37527,-0.3538154,-2.935256,0.1490896,0.2327409,0.9610432,0.0,0.0,0.0,0.0,0.0,0.0,0.0,-1.143059,-0.07588881,3.060173,1.372552,-0.3551304,-2.943974,-0.06962704,-0.03831572,-0.004611335,0.9968264,352.0004,355.6131,359.7768,0.4216808,-0.1085236,-0.9002262,0,0,0,1.782327,0.1269797,-0.962093,0.5593591,0.20896,1.9929,0.9970213,-0.00385778,0.0770304,0.01452902,0.9902616,-0.1384588,-0.0757461,0.1391655,0.9873679,moving,12.87853341182615,5.861187069147377,15.678153596849391,5.985718288963392,0.409775,0.4821101,1.981881,0.2217771617597314,0.09957566833316156,0.9699998167139063,12.406545203264765,5.794918132907371,2.7860270714020166,2.8023884821877276,3.277167401968411
05/10/2023 16:35:51.353266,3990,True,True,True,True,Eyes,1.37527,-0.3538142,-2.93526,0.1510691,0.2324756,0.9607981,0.0,0.0,0.0,0.0,0.0,0.0,0.0,-1.143627,-0.07627261,3.059961,1.372551,-0.3551395,-2.943985,-0.06970102,-0.03822125,-0.004594739,0.9968249,351.992,355.6239,359.7783,0.4216896,-0.1085221,-0.9002222,0,0,0,1.787003,0.1272534,-0.9619213,0.5636777,0.2089599,1.9929,0.997036,-0.003832178,0.07684031,0.01448842,0.9902413,-0.1386082,-0.07555928,0.1393106,0.9873618,moving,12.983304994711512,5.8426982606109625,15.79318124860705,5.985715445232119,0.4144519999999998,0.4823929,1.9820637,0.22355846122394163,0.09922122098370438,0.9696270057374979,12.506545536366616,5.77628352906246,2.7966464265902222,2.813513546671312,3.293301691689463
05/10/2023 16:35:51.372845,3991,True,True,True,True,Eyes,1.37527,-0.3538119,-2.935268,0.1531283,0.2321911,0.960541,0.0,0.0,0.0,0.0,0.0,0.0,0.0,-1.143455,-0.07617465,3.06002,1.372514,-0.3551695,-2.94399,-0.06971391,-0.03824057,-0.00453542,0.9968235,351.9908,355.6212,359.7853,0.4216975,-0.1085207,-0.9002187,0,0,0,1.791212,0.1273175,-0.9615929,0.5680538,0.20896,1.9929,0.9970342,-0.003710229,0.07687056,0.01437383,0.9902388,-0.138638,-0.07560583,0.1393318,0.9873553,moving,13.10657268265619,5.830046047041028,15.90960732933177,5.985718288963392,0.418698,0.482487,1.9823971,0.22564999060149826,0.09895814566889824,0.9691694191463208,12.624682489773202,5.76314131587397,2.7901955344080966,2.8073541061591847,3.2924567894656622
05/10/2023 16:35:51.393114,3992,True,True,True,True,Eyes,1.37527,-0.3538098,-2.935276,0.1551019,0.231924,0.9602888,0.0,0.0,0.0,0.0,0.0,0.0,0.0,-1.142824,-0.07701093,3.060302,1.372471,-0.3551399,-2.944083,-0.06985115,-0.03833375,-0.004516107,0.9968104,351.9751,355.6102,359.7889,0.4217045,-0.1085193,-0.9002156,0,0,0,1.795172,0.1278988,-0.9614046,0.5724524,0.20896,1.9929,0.9970203,-0.003648092,0.07705386,0.01435872,0.9902008,-0.1389104,-0.07579204,0.1396029,0.9873027,moving,13.232342786668049,5.805005811940951,16.02649626758362,5.985718288963392,0.422701,0.48303870000000004,1.9826784,0.22778762422211402,0.0984842429964712,0.9687174885887563,12.744574097079179,5.7380256533530085,2.7822179652970163,2.7999911918190374,3.291255805157692
05/10/2023 16:35:51.412985,3993,True,True,True,True,Eyes,1.37528,-0.3538072,-2.93528,0.1571475,0.2316165,0.9600304,0.0,0.0,0.0,0.0,0.0,0.0,0.0,-1.142528,-0.07791197,3.060385,1.372457,-0.3551452,-2.944085,-0.06996558,-0.03838274,-0.00459853,0.9968001,351.9616,355.6052,359.7803,0.4217108,-0.108518,-0.9002128,0,0,0,1.799362,0.1282502,-0.9611325,0.5768045,0.2089601,1.9929,0.9970112,-0.00379669,0.0771633,0.01453857,0.9901673,-0.1391304,-0.07587635,0.1398364,0.9872631,moving,13.355406469929601,5.782510112547887,16.142014838341854,5.985721132694636,0.42690499999999987,0.48339540000000003,1.9829525,0.22987757633815176,0.09805439477079068,0.9682672897065617,12.86199219179735,5.715385961971895,2.7756592298805254,2.79400803821576,3.2911441272564326
05/10/2023 16:35:51.423309,3994,True,True,True,True,Eyes,1.375289,-0.3538049,-2.935285,0.1591063,0.2313145,0.9597806,0.0,0.0,0.0,0.0,0.0,0.0,0.0,-1.142754,-0.07805461,3.060218,1.372486,-0.3551351,-2.943989,-0.06998918,-0.03835182,-0.004601506,0.9967996,351.9589,355.6087,359.7798,0.4217166,-0.1085167,-0.9002103,0,0,0,1.803821,0.1283311,-0.9607528,0.5811202,0.20896,1.9929,0.997016,-0.003805134,0.07710226,0.01454198,0.9901606,-0.1391774,-0.07581405,0.1398833,0.9872613,moving,13.466000502187622,5.7684717425736505,16.256434261433807,5.985718288963392,0.4313349999999998,0.48346619999999996,1.9832362000000003,0.23175259730023046,0.09777245073169163,0.9678487972141185,12.967840446719263,5.701001999779103,2.7801160810209544,2.7988777441430095,3.3008957335101674
05/10/2023 16:35:51.443049,3995,True,True,True,True,Eyes,1.375303,-0.3538036,-2.93529,0.1611193,0.2309844,0.9595243,0.0,0.0,0.0,0.0,0.0,0.0,0.0,-1.142441,-0.07741973,3.060395,1.372487,-0.35514,-2.944034,-0.06990119,-0.03840103,-0.00455708,0.9968041,351.9692,355.6027,359.7849,0.421722,-0.1085154,-0.9002079,0,0,0,1.808224,0.1280115,-0.9603158,0.5857688,0.2089601,1.9929,0.9970092,-0.003716476,0.07719369,0.01445359,0.9901861,-0.1390056,-0.07591952,0.1397056,0.9872784,moving,13.589946170522225,5.765215116673004,16.37953073461481,5.985721132694636,0.43573700000000004,0.4831515,1.9837181999999998,0.23384820450547394,0.09766705287674139,0.9673552957410623,13.087129324681912,5.696921453903355,2.7794187890512685,2.798286072460311,3.3050434639499193
05/10/2023 16:35:51.452995,3996,True,True,True,True,Eyes,1.375317,-0.3538041,-2.935294,0.1630545,0.2306622,0.9592749,0.0,0.0,0.0,0.0,0.0,0.0,0.0,-1.142731,-0.07672226,3.060302,1.372487,-0.3551635,-2.944029,-0.06979835,-0.03835353,-0.004539216,0.9968133,351.9811,355.6081,359.7862,0.4217271,-0.1085142,-0.9002056,0,0,0,1.812828,0.1275804,-0.9599112,0.590212,0.20896,1.9929,0.9970168,-0.003695477,0.07709626,0.01440353,0.9902151,-0.1388036,-0.07582893,0.1395,0.9873145,moving,13.69791514293681,5.764037210955759,16.49704302749936,5.985718288963392,0.4403410000000001,0.4827439,1.9841178,0.2356721818231217,0.09760292719214224,0.9669190480941798,13.19112978372554,5.69496777909215,2.7889324916132994,2.8078923438198697,3.3186741681505167
05/10/2023 16:35:51.473155,3997,True,True,True,True,Eyes,1.375358,-0.3537971,-2.935301,0.1650403,0.2303391,0.9590128,0.0,0.0,0.0,0.0,0.0,0.0,0.0,-1.143014,-0.07623163,3.060179,1.372478,-0.3552049,-2.943998,-0.06973539,-0.03830571,-0.004516302,0.9968196,351.9884,355.6135,359.7881,0.421732,-0.1085131,-0.9002034,0,0,0,1.816986,0.1272954,-0.9595548,0.5942168,0.2089599,1.9929,0.9970246,-0.003661348,0.07699765,0.0143464,0.9902332,-0.1386812,-0.07573787,0.1393732,0.9873393,moving,13.808875492826793,5.758290074947995,16.60283850696231,5.985715445232119,0.4445079999999999,0.4825003,1.9844432,0.23754761328786475,0.09746010497760153,0.966474320163621,13.297770985387269,5.688582134692187,2.7840870208324895,2.8032038141038007,3.318397132111015
05/10/2023 16:35:51.493299,3998,True,True,True,True,Eyes,1.3754,-0.3537902,-2.935304,0.1669517,0.2300411,0.9587535,0.0,0.0,0.0,0.0,0.0,0.0,0.0,-1.142515,-0.07603925,3.060453,1.372528,-0.3550537,-2.944078,-0.06974273,-0.03838689,-0.004353103,0.9968167,351.9883,355.6028,359.8077,0.4217375,-0.1085118,-0.900201,0,0,0,1.820911,0.1276377,-0.9592537,0.5985434,0.20896,1.9929,0.9970151,-0.003324079,0.07713657,0.0140329,0.9902341,-0.1387072,-0.07592218,0.1393756,0.9873248,moving,13.932735829146438,5.743038237385241,16.717004249392367,5.985718288963392,0.448383,0.4826914,1.9848243,0.23964363402819439,0.09715130417251858,0.9659878903752828,13.416341226844619,5.6729267845166005,2.7752919387992865,2.7948245460874173,3.3154509367004854
05/10/2023 16:35:51.502926,3999,True,True,True,True,Eyes,1.375445,-0.3537854,-2.935307,0.1689524,0.2297116,0.958482,0.0,0.0,0.0,0.0,0.0,0.0,0.0,-1.142884,-0.07764876,3.06022,1.37258,-0.3550522,-2.943998,-0.06995147,-0.03834127,-0.004497712,0.9968033,351.9637,355.6091,359.7915,0.4217434,-0.1085104,-0.9001985,0,0,0,1.826007,0.1282895,-0.9590341,0.6033081,0.20896,1.9929,0.9970195,-0.00360261,0.07706666,0.01433072,0.9901732,-0.1391108,-0.07580817,0.1398006,0.9872735,moving,14.041315100842759,5.709495707057214,16.842572176233222,5.985718288963392,0.453427,0.4833417,1.9849639000000001,0.24148824102374236,0.09654029091381953,0.9655897051242072,13.519212839875077,5.639736438016204,2.7942313984972604,2.8148428228197835,3.341320206107713
05/10/2023 16:35:51.522992,4000,True,True,True,True,Eyes,1.375487,-0.3537799,-2.935312,0.1708724,0.2293888,0.9582189,0.0,0.0,0.0,0.0,0.0,0.0,0.0,-1.143731,-0.07828069,3.059898,1.372596,-0.3550946,-2.943997,-0.06992387,-0.03822071,-0.004838946,0.9968082,351.9654,355.6258,359.7511,0.4217498,-0.1085089,-0.9001957,0,0,0,1.830673,0.1277502,-0.958777,0.6072527,0.20896,1.9929,0.9970316,-0.004301922,0.07687415,0.01499208,0.9901744,-0.1390315,-0.07552071,0.1397713,0.9872996,moving,14.1333544777004,5.7078557802499805,16.946401493277172,5.985718288963392,0.45807700000000007,0.48284479999999996,1.98522,0.24304060747671255,0.09647410045667718,0.965206749884622,13.607835480419899,5.637457447553285,2.8059999141278995,2.8267368263766417,3.3566811936592047
05/10/2023 16:35:51.533121,4001,True,True,True,True,Eyes,1.375555,-0.3537747,-2.935315,0.1728436,0.2290704,0.9579414,0.0,0.0,0.0,0.0,0.0,0.0,0.0,-1.143683,-0.07790324,3.059958,1.372563,-0.3550693,-2.944048,-0.0698531,-0.0382234,-0.004846201,0.9968129,351.9735,355.6256,359.7499,0.4217566,-0.1085073,-0.9001927,0,0,0,1.834749,0.127471,-0.9584391,0.611383,0.20896,1.9929,0.997031,-0.004321465,0.07688021,0.01500156,0.9901941,-0.1388905,-0.07552612,0.1396314,0.9873191,moving,14.248789206110796,5.704456955344425,17.054996022953922,5.985718288963392,0.462186,0.4825403,1.9856089,0.2449872350930226,0.09636814881508618,0.9647249963520742,13.718913776700564,5.6333040801067,2.7994241506726727,2.8202667669364097,3.3546446202796116
05/10/2023 16:35:51.552927,4002,True,True,True,True,Eyes,1.37562,-0.3537704,-2.935314,0.174734,0.2287683,0.9576707,0.0,0.0,0.0,0.0,0.0,0.0,0.0,-1.143007,-0.07799587,3.060154,1.372502,-0.355117,-2.944015,-0.06993736,-0.03831724,-0.004696055,0.9968042,351.9644,355.6135,359.7684,0.4217644,-0.1085056,-0.9001892,0,0,0,1.838551,0.1279078,-0.9580818,0.6157362,0.2089599,1.9929,0.9970195,-0.004002481,0.07704642,0.01472171,0.9901734,-0.1390678,-0.07573271,0.1397876,0.9872811,moving,14.37262063589818,5.680463167544881,17.16931453278884,5.985715445232119,0.46604899999999994,0.48302480000000003,1.9859331999999998,0.24708266097050544,0.09591150414957633,0.9642360797537498,13.836992363699407,5.609212915128119,2.791729687711833,2.8133033441025708,3.3535242944967028
05/10/2023 16:35:51.573211,4003,True,True,True,True,Eyes,1.375727,-0.3537619,-2.935312,0.1767079,0.2284246,0.9573905,0.0,0.0,0.0,0.0,0.0,0.0,0.0,-1.14288,-0.07851154,3.060127,1.372515,-0.3551334,-2.943942,-0.0700087,-0.03834246,-0.004738553,0.9967981,351.9561,355.6109,359.764,0.421773,-0.1085039,-0.9001854,0,0,0,1.842825,0.1281116,-0.9577155,0.620079,0.2089601,1.9929,0.9970148,-0.004078148,0.07710285,0.01481537,0.9901527,-0.1392057,-0.07577589,0.1399325,0.9872573,moving,14.489964469834044,5.660119868973606,17.28321966364275,5.985721132694636,0.47031,0.483245,1.9862265,0.24906637111785418,0.09551903614954525,0.9637645489480645,13.949011730580924,5.588693584678807,2.7899303515759706,2.812168337898008,3.357763156444462
05/10/2023 16:35:51.593155,4004,True,True,True,True,Eyes,1.37583,-0.3537544,-2.935308,0.1785985,0.228093,0.9571187,0.0,0.0,0.0,0.0,0.0,0.0,0.0,-1.142936,-0.07775226,3.060099,1.372534,-0.3550866,-2.943912,-0.06990464,-0.03833431,-0.004670341,0.996806,351.9683,355.6114,359.7714,0.4217836,-0.1085019,-0.9001807,0,0,0,1.847271,0.127804,-0.9572554,0.6245379,0.2089601,1.9929,0.9970173,-0.003951355,0.07707669,0.01467034,0.9901831,-0.1390047,-0.07577077,0.1397208,0.9872876,moving,14.601017273726738,5.65765546363093,17.400023483255705,5.985721132694636,0.4747370000000002,0.48289059999999995,1.9866566,0.250936058930866,0.09542999052037837,0.9632882527979179,14.055916202851693,5.585475095142182,2.79578215710326,2.818166574956124,3.367974226954173
05/10/2023 16:35:51.603013,4005,True,True,True,True,Eyes,1.375969,-0.3537452,-2.935304,0.1805628,0.227743,0.9568335,0.0,0.0,0.0,0.0,0.0,0.0,0.0,-1.142682,-0.07750985,3.060166,1.372543,-0.355101,-2.943871,-0.06988399,-0.03837608,-0.004628997,0.996806,351.9709,355.6062,359.7764,0.4217958,-0.1084997,-0.9001753,0,0,0,1.851376,0.1277407,-0.9568275,0.6288446,0.20896,1.9929,0.9970117,-0.003864676,0.077154,0.01459217,0.9901896,-0.1389663,-0.07586002,0.1396768,0.987287,moving,14.721456889505932,5.645640338909261,17.512698823275553,5.985718288963392,0.47883299999999984,0.48284170000000004,1.9870435,0.2529665927103845,0.0951759822308545,0.9627822084427922,14.1713611959641,5.572969076147733,2.7890942566942356,2.811882740255538,3.366734182017832
05/10/2023 16:35:51.623106,4006,True,True,True,True,Eyes,1.376103,-0.3537351,-2.9353,0.1824499,0.2274087,0.9565549,0.0,0.0,0.0,0.0,0.0,0.0,0.0,-1.1427,-0.07776251,3.060196,1.372604,-0.3551035,-2.943887,-0.06990485,-0.03838506,-0.004678569,0.9968039,351.9682,355.6056,359.7708,0.4218103,-0.1084974,-0.9001688,0,0,0,1.855797,0.1277492,-0.9565122,0.6332186,0.20896,1.9929,0.9970094,-0.003960627,0.07717887,0.01469383,0.9901828,-0.1390037,-0.07587065,0.139722,0.9872798,moving,14.831931069174061,5.631622462975342,17.62699196207145,5.985718288963392,0.483193,0.4828527,1.9873748,0.25482940391984044,0.09489243205352989,0.9623187417880495,14.2770950215205,5.558605797735533,2.794089852661979,2.8174011515910387,3.377015634028881
05/10/2023 16:35:51.643266,4007,True,True,True,True,Eyes,1.376239,-0.3537252,-2.935297,0.184569,0.2271391,0.9562124,0.0,0.0,0.0,0.0,0.0,0.0,0.0,-1.142773,-0.07847518,3.060162,1.372612,-0.355071,-2.943898,-0.06997029,-0.03837883,-0.004791559,0.9967991,351.9602,355.6072,359.758,0.4218268,-0.1084947,-0.9001614,0,0,0,1.860132,0.1278955,-0.9562543,0.637453,0.20896,1.9929,0.9970082,-0.004181687,0.07718249,0.0149232,0.9901624,-0.1391248,-0.07584143,0.1398604,0.9872624,moving,14.953060722928246,5.618911315458625,17.737499497444116,5.985718288963392,0.48751999999999995,0.4829665,1.9876437,0.25686983448345446,0.09462606823613935,0.9618023891455988,14.39316816227382,5.5454228912006505,2.784746174133074,2.808495441484491,3.3731901987129307
05/10/2023 16:35:51.653231,4008,True,True,True,True,Eyes,1.376368,-0.353717,-2.935295,0.1865963,0.2268799,0.9558803,0.0,0.0,0.0,0.0,0.0,0.0,0.0,-1.142723,-0.0796321,3.060139,1.372552,-0.3550797,-2.943913,-0.0701165,-0.03838103,-0.004903022,0.9967882,351.943,355.6078,359.7458,0.421845,-0.1084919,-0.9001532,0,0,0,1.864549,0.1283192,-0.9560565,0.6418697,0.2089601,1.9929,0.9970057,-0.004392263,0.07720307,0.01515683,0.9901192,-0.1394062,-0.07582794,0.140159,0.9872212,moving,15.069727424007313,5.597221594560364,17.852619508562785,5.985721132694636,0.491997,0.48339889999999996,1.9878565,0.2588379524736612,0.09421072309801089,0.9613152813403014,14.504463460284512,5.523609379051844,2.7853400273657485,2.8098790446231035,3.3798958854493133
05/10/2023 16:35:51.673101,4009,True,True,True,True,Eyes,1.37648,-0.3537102,-2.935293,0.1887771,0.2266613,0.9555039,0.0,0.0,0.0,0.0,0.0,0.0,0.0,-1.142203,-0.07968768,3.060341,1.372535,-0.3551122,-2.943927,-0.07012543,-0.03846342,-0.004910937,0.9967843,351.9419,355.5983,359.7456,0.4218648,-0.1084889,-0.9001443,0,0,0,1.868589,0.1283019,-0.9556576,0.6462657,0.2089601,1.9929,0.9969929,-0.004395762,0.07736822,0.01518482,0.9901166,-0.1394221,-0.07599069,0.1401776,0.987206,moving,15.206691407816464,5.592392927205183,17.967052223844572,5.985721132694636,0.496054,0.48341409999999996,1.9882694,0.26113871854531545,0.09406933972642048,0.9607067035871333,14.636216284035346,5.517913295799087,2.763547611226073,2.788242979350421,3.363526754789637
05/10/2023 16:35:51.693091,4010,True,True,True,True,Eyes,1.376588,-0.3537051,-2.935291,0.190868,0.2264426,0.9551404,0.0,0.0,0.0,0.0,0.0,0.0,0.0,-1.141904,-0.07971752,3.060431,1.37255,-0.355117,-2.943898,-0.07013133,-0.03851494,-0.004909084,0.9967819,351.9412,355.5923,359.7463,0.4218854,-0.1084858,-0.900135,0,0,0,1.87269,0.1283087,-0.9552497,0.6505735,0.2089601,1.9929,0.996985,-0.004384364,0.07747055,0.01518878,0.990115,-0.1394331,-0.07609343,0.1401894,0.9871964,moving,15.335111720749524,5.587189363923774,18.07904538849969,5.985721132694636,0.50014,0.4834257,1.9886483,0.2632949753402956,0.0939250537436067,0.9601322140573836,14.759714633812212,5.511920084745421,2.7478352258343164,2.772724209821906,3.3529754088051282
05/10/2023 16:35:51.708160,4011,True,True,True,True,Eyes,1.37667,-0.3537005,-2.935291,0.19307,0.2262164,0.9547513,0.0,0.0,0.0,0.0,0.0,0.0,0.0,-1.141761,-0.0789949,3.060501,1.372542,-0.3551504,-2.943896,-0.07002293,-0.03853697,-0.004894262,0.9967887,351.9537,355.5897,359.7477,0.4219067,-0.1084828,-0.9001254,0,0,0,1.872615,0.1278666,-0.9551193,0.6506116,0.20896,1.9929,0.9969819,-0.004360147,0.07751185,0.01515403,0.9901457,-0.1392189,-0.07614101,0.1399734,0.9872233,moving,15.467170192569121,5.594802372369987,18.08003526732622,5.985718288963392,0.500073,0.483017,1.9887767,0.2655055027429015,0.09399353909862825,0.9595165303430699,14.887399491717126,5.518267411464915,2.617747885861879,2.6419460919427338,3.226675304175054
05/10/2023 16:35:51.727969,4012,True,True,True,True,Eyes,1.376748,-0.353695,-2.935291,0.1951855,0.2260016,0.954372,0.0,0.0,0.0,0.0,0.0,0.0,0.0,-1.141786,-0.07844722,3.060514,1.372523,-0.3551213,-2.943916,-0.06995613,-0.03852708,-0.004825138,0.9967942,351.9617,355.5903,359.7553,0.421928,-0.1084798,-0.9001158,0,0,0,1.872586,0.1277106,-0.9550924,0.6506116,0.2089601,1.9929,0.9969848,-0.004228929,0.07748222,0.01500975,0.9901657,-0.1390919,-0.07613203,0.1398355,0.9872436,static,15.59151901541566,5.5963500609262455,18.08003526732622,5.985721132694636,0.5000630000000001,0.4828319,1.9888236000000004,0.2675880902000454,0.09396329644838107,0.9589408375392385,15.00733182630981,5.518820006750201,2.4950425698561998,2.5187939509918333,3.1079741147316957
05/10/2023 16:35:51.743223,4013,True,True,True,True,Eyes,1.376791,-0.3536921,-2.935292,0.1974291,0.2257912,0.9539602,0.0,0.0,0.0,0.0,0.0,0.0,0.0,-1.142001,-0.07852221,3.060423,1.372522,-0.3550934,-2.943911,-0.0699872,-0.03848918,-0.004771761,0.9967938,351.9583,355.5943,359.7613,0.4219491,-0.1084768,-0.9001063,0,0,0,1.872703,0.1279186,-0.9551607,0.6506116,0.20896,1.9929,0.9969916,-0.004125424,0.07739947,0.01490042,0.990158,-0.1391583,-0.07606363,0.1398929,0.9872408,static,15.719803308915017,5.587653811478864,18.08003526732622,5.985718288963392,0.500181,0.483012,1.9887503,0.2697396752905534,0.09375931462179916,0.9583578022868532,15.13051377718704,5.5094573621912275,2.3698784096943086,2.393564334990939,2.987725136481388
05/10/2023 16:35:51.753121,4014,True,True,True,True,Eyes,1.376831,-0.3536893,-2.935293,0.1995811,0.2255872,0.9535607,0.0,0.0,0.0,0.0,0.0,0.0,0.0,-1.142041,-0.0782328,3.060371,1.372485,-0.3551067,-2.943881,-0.06999914,-0.03847096,-0.004636236,0.9967943,351.9576,355.5952,359.7768,0.4219692,-0.108474,-0.9000972,0,0,0,1.872647,0.1281062,-0.9551742,0.6506116,0.2089601,1.9929,0.996997,-0.003856878,0.07734433,0.01462861,0.9901572,-0.1391927,-0.0760462,0.1399062,0.9872403,static,15.84654611981118,5.579072129761149,18.08003526732622,5.985721132694636,0.500162,0.4832129,1.9887068,0.27186418815350594,0.09355768017017776,0.9577771309372289,15.252216090323046,5.500216940389354,2.2465536474177488,2.270206418732504,2.869194245528336
05/10/2023 16:35:51.773170,4015,True,True,True,True,Eyes,1.376822,-0.3536901,-2.935296,0.2018225,0.2253656,0.9531411,0.0,0.0,0.0,0.0,0.0,0.0,0.0,-1.141964,-0.07812843,3.060418,1.372482,-0.3551044,-2.943898,-0.06998517,-0.03848242,-0.004625732,0.9967949,351.9592,355.5938,359.7781,0.4219882,-0.1084713,-0.9000885,0,0,0,1.87259,0.1280667,-0.955168,0.6506116,0.2089601,1.9929,0.9969954,-0.003835413,0.07736561,0.01460821,0.9901613,-0.1391657,-0.07607068,0.1398777,0.9872423,static,15.979704724210706,5.576429564857474,18.08003526732622,5.985721132694636,0.500108,0.48317109999999996,1.9887299999999999,0.27409207214304837,0.09345206146629857,0.9571521195060111,15.3804171838874,5.496659253765268,2.1164352173925036,2.139838306472364,2.7435596071257153
05/10/2023 16:35:51.793200,4016,True,True,True,True,Eyes,1.376813,-0.3536906,-2.935301,0.2039705,0.2251491,0.9527349,0.0,0.0,0.0,0.0,0.0,0.0,0.0,-1.141692,-0.07782826,3.060525,1.372452,-0.3551124,-2.943909,-0.06992389,-0.03852356,-0.00465399,0.9967974,351.9661,355.5894,359.7749,0.4220051,-0.108469,-0.9000809,0,0,0,1.872411,0.1277884,-0.9550755,0.6506116,0.20896,1.9929,0.9969885,-0.003890736,0.07745121,0.0146656,0.990178,-0.1390413,-0.07614951,0.1397584,0.9872532,static,16.110175314142857,5.580506543534512,18.08003526732622,5.985718288963392,0.49995900000000004,0.4829008,1.9888335000000001,0.27627072758678595,0.09345952427981365,0.9565247901539871,15.506384005293572,5.499606306223626,1.9881899125726257,2.011105366157895,2.6191574367199517
05/10/2023 16:35:51.802912,4017,True,True,True,True,Eyes,1.376746,-0.3536968,-2.93531,0.2061844,0.2249277,0.9523107,0.0,0.0,0.0,0.0,0.0,0.0,0.0,-1.141394,-0.07804725,3.060661,1.372454,-0.3551035,-2.943941,-0.0699167,-0.03857638,-0.004749916,0.9967954,351.9665,355.584,359.7642,0.42202,-0.1084668,-0.9000742,0,0,0,1.872264,0.1276642,-0.9550385,0.6506115,0.20896,1.9929,0.9969786,-0.004075123,0.07756972,0.01486366,0.9901782,-0.1390188,-0.07624131,0.1397518,0.987247,static,16.24456467510088,5.580359213540807,18.080032669233677,5.985718288963392,0.49980999999999987,0.4827677,1.9889025,0.2785152866869739,0.09339406034131262,0.9558801864981696,15.635903711718655,5.498447223009764,1.8570834910010448,1.8796964482366116,2.4922278091456764
05/10/2023 16:35:51.828262,4018,True,True,True,True,Eyes,1.37663,-0.3537053,-2.93532,0.2084408,0.2247156,0.9518694,0.0,0.0,0.0,0.0,0.0,0.0,0.0,-1.141279,-0.07801405,3.060746,1.372479,-0.3551526,-2.943966,-0.0699086,-0.03859983,-0.004772651,0.9967949,351.9673,355.5815,359.7617,0.4220317,-0.1084651,-0.9000689,0,0,0,1.87221,0.1275592,-0.9550301,0.6506116,0.20896,1.9929,0.9969745,-0.00411779,0.07761953,0.01491163,0.99018,-0.1390006,-0.07628493,0.1397375,0.9872457,static,16.379531547669586,5.5789443685573605,18.08003526732622,5.985718288963392,0.4997309999999999,0.4827118,1.9889359,0.28076849248225355,0.09330664877242249,0.9552292633543338,15.765912790482297,5.496060610391241,1.7260816612737064,1.7484787453350816,2.365359904965611
05/10/2023 16:35:51.843150,4019,True,True,True,True,Eyes,1.376516,-0.3537134,-2.935333,0.2106043,0.2245143,0.9514406,0.0,0.0,0.0,0.0,0.0,0.0,0.0,-1.141413,-0.07872525,3.06069,1.372485,-0.3551327,-2.943979,-0.06998684,-0.03858223,-0.004859916,0.9967897,351.958,355.5842,359.7519,0.4220391,-0.108464,-0.9000656,0,0,0,1.87235,0.1277858,-0.9551267,0.6506116,0.20896,1.9929,0.9969756,-0.004288133,0.07759701,0.01508913,0.9901564,-0.1391493,-0.07623648,0.1398993,0.9872265,static,16.503088002897446,5.569469555574322,18.08003526732622,5.985718288963392,0.499865,0.48291850000000003,1.9888523,0.2828335288133778,0.09308982282725539,0.9546410515352368,15.884496637541908,5.485982422439329,1.6083562049167535,1.6309585165899836,2.251693987016383
05/10/2023 16:35:51.853217,4020,True,True,True,True,Eyes,1.376407,-0.3537194,-2.935344,0.212683,0.2243249,0.9510227,0.0,0.0,0.0,0.0,0.0,0.0,0.0,-1.141214,-0.07915378,3.06078,1.372449,-0.3551283,-2.944024,-0.0700426,-0.03860933,-0.004890725,0.9967846,351.9514,355.5813,359.7488,0.4220427,-0.1084634,-0.9000639,0,0,0,1.872229,0.1279776,-0.9551951,0.6506116,0.20896,1.9929,0.9969708,-0.004341403,0.07765548,0.01515859,0.9901403,-0.1392571,-0.07628524,0.1400124,0.9872068,static,16.627870900227997,5.5616903797643165,18.08003526732622,5.985718288963392,0.4997799999999999,0.4831059,1.9888289000000001,0.2849169816393134,0.09290041978203485,0.9540396850981435,16.004352517392668,5.477531254012745,1.4900087497821688,1.5128056771606602,2.136986883643333
05/10/2023 16:35:51.873134,4021,True,True,True,True,Eyes,1.376242,-0.3537299,-2.935357,0.2147826,0.2241474,0.9505927,0.0,0.0,0.0,0.0,0.0,0.0,0.0,-1.141355,-0.07983157,3.060685,1.372432,-0.355087,-2.944012,-0.07012562,-0.03858542,-0.004946648,0.9967794,351.9417,355.5845,359.7425,0.4220431,-0.1084631,-0.9000638,0,0,0,1.87235,0.1282797,-0.9552812,0.6506115,0.20896,1.9929,0.9969734,-0.004449779,0.07761607,0.01527309,0.9901158,-0.1394178,-0.07622852,0.1401813,0.9871871,static,16.74763257906818,5.552083577014288,18.080032669233677,5.985718288963392,0.49991799999999986,0.4833667,1.9887308,0.28691640113451594,0.09268274616721565,0.9534615832878277,16.11927187009706,5.46735440979552,1.3780300340971594,1.4011884468836464,2.0281232760009527
05/10/2023 16:35:51.892959,4022,True,True,True,True,Eyes,1.376083,-0.3537408,-2.935367,0.2168035,0.2239728,0.9501749,0.0,0.0,0.0,0.0,0.0,0.0,0.0,-1.140985,-0.07978505,3.060852,1.372479,-0.3551064,-2.944016,-0.07016429,-0.03864852,-0.004838555,0.9967748,351.9377,355.5763,359.7556,0.4220392,-0.1084634,-0.9000657,0,0,0,1.87207,0.1285434,-0.9552726,0.6506115,0.2089601,1.9929,0.9969658,-0.004222409,0.07772674,0.01506939,0.9901072,-0.139502,-0.07636876,0.14025,0.9871665,static,16.875786805859008,5.543205088796622,18.080032669233677,5.985721132694636,0.4995909999999999,0.4836498,1.9887434,0.28905393815834124,0.09247289485690567,0.9528360288601799,16.242318791262786,5.457816887948327,1.2594012898042661,1.2829764411563263,1.9120343064150245
05/10/2023 16:35:51.902904,4023,True,True,True,True,Eyes,1.375871,-0.3537575,-2.93538,0.2188695,0.2237686,0.9497494,0.0,0.0,0.0,0.0,0.0,0.0,0.0,-1.141491,-0.07945094,3.060603,1.372475,-0.3551272,-2.943944,-0.07011947,-0.03856605,-0.004830497,0.9967812,351.9429,355.5858,359.7557,0.4220314,-0.1084642,-0.9000692,0,0,0,1.872391,0.1283468,-0.9552388,0.6506116,0.20896,1.9929,0.9969787,-0.004221436,0.07756125,0.01503836,0.9901199,-0.139415,-0.07620639,0.1401601,0.9871919,static,16.98841513551697,5.544519930668236,18.08003526732622,5.985718288963392,0.499916,0.48347399999999996,1.9887052,0.2909273334538847,0.09243992679524829,0.9522690343385485,16.350942294530547,5.458233472439145,1.1538478865736388,1.1774083843482626,1.8077618040646275
05/10/2023 16:35:51.922971,4024,True,True,True,True,Eyes,1.375667,-0.3537721,-2.935392,0.2208572,0.2235674,0.9493364,0.0,0.0,0.0,0.0,0.0,0.0,0.0,-1.141947,-0.07809788,3.060485,1.372454,-0.3551823,-2.943965,-0.06994246,-0.03848523,-0.004743192,0.9967972,351.9636,355.5945,359.7643,0.422019,-0.1084656,-0.9000748,0,0,0,1.872629,0.1276857,-0.9551783,0.6506116,0.2089601,1.9929,0.9969928,-0.004072496,0.07738743,0.0148395,0.9901711,-0.1390718,-0.07606043,0.139802,0.9872539,static,17.098369063433523,5.558684960582502,18.08003526732622,5.985721132694636,0.500175,0.482868,1.9887867,0.292749253914978,0.09262148776601678,0.9516927129256548,16.457669899884223,5.471070801068598,1.047604876264071,1.0705271730121015,1.7020382925533717
05/10/2023 16:35:51.943047,4025,True,True,True,True,Eyes,1.375418,-0.3537899,-2.935407,0.2228679,0.2233543,0.9489166,0.0,0.0,0.0,0.0,0.0,0.0,0.0,-1.142414,-0.07756281,3.060295,1.372462,-0.355145,-2.943935,-0.0698712,-0.03840897,-0.00469313,0.9968054,351.972,355.6029,359.7692,0.4220025,-0.1084676,-0.9000823,0,0,0,1.872908,0.1274917,-0.95516,0.6506116,0.20896,1.9929,0.9970055,-0.00398891,0.07722836,0.01472363,0.990192,-0.1389354,-0.0759167,0.1396565,0.9872856,static,17.20936826045892,5.561112715533698,18.08003526732622,5.985718288963392,0.500446,0.48263670000000003,1.9887750000000002,0.2945928304469406,0.09260693046601193,0.9511251119665505,16.56478225233399,5.472573680704802,0.9457235515140867,0.968685155163856,1.5997840755639188
05/10/2023 16:35:51.952885,4026,True,True,True,True,Eyes,1.375178,-0.3538107,-2.935421,0.2248024,0.2231516,0.9485079,0.0,0.0,0.0,0.0,0.0,0.0,0.0,-1.142647,-0.07720962,3.060266,1.372471,-0.3551508,-2.943981,-0.06981255,-0.03837212,-0.004695506,0.996811,351.9788,355.6072,359.7684,0.4219811,-0.1084703,-0.900092,0,0,0,1.873064,0.1272481,-0.9551854,0.6506116,0.20896,1.9929,0.9970111,-0.004003353,0.07715509,0.01471877,0.9902083,-0.1388195,-0.07584387,0.1395402,0.9873076,static,17.319424277484398,5.564240126867305,18.08003526732622,5.985718288963392,0.5005930000000001,0.48239889999999996,1.9887956,0.29641932924979025,0.092604067153234,0.950557762571278,16.671022665877008,5.474758869811383,0.8465446067247528,0.8695820369534162,1.4987981982451262
05/10/2023 16:35:51.973136,4027,True,True,True,True,Eyes,1.374897,-0.3538311,-2.935437,0.2267149,0.2229458,0.948101,0.0,0.0,0.0,0.0,0.0,0.0,0.0,-1.143087,-0.07693988,3.060102,1.372458,-0.3552431,-2.943969,-0.06982154,-0.03829442,-0.004608302,0.9968137,351.9781,355.6155,359.7778,0.4219556,-0.1084736,-0.9001036,0,0,0,1.873306,0.1272838,-0.9552685,0.6506115,0.20896,1.9929,0.9970246,-0.003839686,0.0769883,0.01453479,0.9902074,-0.1388452,-0.07570127,0.1395511,0.9873169,static,17.425087591634362,5.55625600965403,18.080032669233677,5.985718288963392,0.500848,0.4825269,1.9887005000000002,0.29817697511436425,0.09241861595643733,0.9500259326760475,16.772439783653958,5.46625460741789,0.7593696091737572,0.7831927630035697,1.4069973954714714
05/10/2023 16:35:51.992948,4028,True,True,True,True,Eyes,1.374626,-0.3538481,-2.935453,0.2285496,0.2227617,0.9477037,0.0,0.0,0.0,0.0,0.0,0.0,0.0,-1.143145,-0.07702833,3.060088,1.372437,-0.3551724,-2.943997,-0.06985051,-0.03827822,-0.004545525,0.9968125,351.9751,355.6169,359.7851,0.4219254,-0.1084775,-0.9001172,0,0,0,1.873309,0.1275394,-0.9553481,0.6506116,0.20896,1.9929,0.9970282,-0.003714565,0.07694743,0.01440958,0.9902005,-0.1389077,-0.07567739,0.1396037,0.9873114,static,17.532712686896303,5.548071712040651,18.08003526732622,5.985718288963392,0.500872,0.4827118,1.9886488999999998,0.29996629568890254,0.09222869241113708,0.949480956832495,16.875737090357234,5.457542325184738,0.6760732130015739,0.7007828004029893,1.3150300178187322
05/10/2023 16:35:52.003085,4029,True,True,True,True,Eyes,1.374347,-0.3538712,-2.935466,0.2303642,0.2225589,0.947312,0.0,0.0,0.0,0.0,0.0,0.0,0.0,-1.14304,-0.07826808,3.060087,1.372412,-0.3551084,-2.944009,-0.07004377,-0.03828988,-0.004547633,0.9967985,351.9529,355.6154,359.7858,0.4218912,-0.1084819,-0.9001328,0,0,0,1.873247,0.1283647,-0.9555348,0.6506116,0.20896,1.9929,0.9970264,-0.003702211,0.07697165,0.01443008,0.9901464,-0.1392908,-0.07569753,0.1399873,0.9872555,static,17.640842351178907,5.52178295080641,18.08003526732622,5.985718288963392,0.5008350000000001,0.4834731,1.9884741999999997,0.30177139205740194,0.09173824643163618,0.9489564136630493,16.978560201555336,5.431355310767792,0.6121935137876415,0.6388477248803618,1.2331121733682098
05/10/2023 16:35:52.027932,4030,True,True,True,True,Eyes,1.37408,-0.3538927,-2.935478,0.2320934,0.2223643,0.9469355,0.0,0.0,0.0,0.0,0.0,0.0,0.0,-1.142974,-0.07795006,3.060036,1.372416,-0.3552429,-2.943904,-0.07002518,-0.03830171,-0.004523973,0.9967994,351.9551,355.6139,359.7885,0.4218532,-0.1084869,-0.9001499,0,0,0,1.873185,0.128185,-0.9554027,0.6506116,0.20896,1.9929,0.997025,-0.003654819,0.07699183,0.01438315,0.990152,-0.1392556,-0.07572465,0.1399487,0.9872589,static,17.744877078955376,5.51943490367691,18.08003526732622,5.985718288963392,0.500769,0.48342789999999997,1.9885012999999998,0.3034965170412313,0.09164666656126128,0.9484148997407995,17.07870666568126,5.428302212571222,0.5472666880423119,0.5742396769870995,1.146024280149724
05/10/2023 16:35:52.043123,4031,True,True,True,True,Eyes,1.373803,-0.3539113,-2.935492,0.2337484,0.2221797,0.9465716,0.0,0.0,0.0,0.0,0.0,0.0,0.0,-1.14216,-0.07703879,3.060385,1.372413,-0.3552242,-2.943929,-0.06996109,-0.03842434,-0.004299509,0.9968002,351.9634,355.5979,359.8151,0.4218121,-0.1084924,-0.9001685,0,0,0,1.872531,0.128221,-0.955268,0.6506115,0.2089601,1.9929,0.9970102,-0.003195085,0.07720438,0.01394792,0.9901739,-0.139144,-0.07600119,0.1398049,0.9872581,static,17.860894316855333,5.51698715570035,18.080032669233677,5.985721132694636,0.5001179999999998,0.4834452,1.9886609999999998,0.30541911076849276,0.09154706106514457,0.947807063652159,17.19039685610322,5.425062232187645,0.4906985486308268,0.5174293755402519,1.0515656340533375
05/10/2023 16:35:52.053078,4032,True,True,True,True,Eyes,1.37354,-0.3539299,-2.935504,0.2353338,0.2220214,0.9462158,0.0,0.0,0.0,0.0,0.0,0.0,0.0,-1.141579,-0.07838327,3.060571,1.372395,-0.3551432,-2.943951,-0.07015043,-0.03851667,-0.004340583,0.9967832,351.9415,355.5875,359.812,0.4217679,-0.1084983,-0.9001885,0,0,0,1.872176,0.1290107,-0.9553777,0.6506115,0.20896,1.9929,0.9969953,-0.003249317,0.07739452,0.01405716,0.9901202,-0.1395152,-0.07617655,0.1401839,0.9871908,static,17.964060953030845,5.4946466601838155,18.080032669233677,5.985718288963392,0.49978100000000003,0.4841539,1.9885733,0.3071371719905593,0.09112455608010847,0.9472924113022783,17.288645958427605,5.402722872138957,0.4780024999932916,0.5045798089016806,0.9829428172985198
05/10/2023 16:35:52.072918,4033,True,True,True,True,Eyes,1.373294,-0.3539474,-2.935512,0.2368031,0.2218798,0.9458825,0.0,0.0,0.0,0.0,0.0,0.0,0.0,-1.141369,-0.07999256,3.060609,1.372451,-0.3551668,-2.943923,-0.07041554,-0.03855955,-0.004351271,0.9967628,351.911,355.5825,359.8123,0.4217213,-0.1085044,-0.9002095,0,0,0,1.872079,0.130025,-0.955564,0.6506116,0.2089601,1.9929,0.9969885,-0.003243987,0.07748224,0.01410475,0.9900454,-0.1400396,-0.07625665,0.1407107,0.9871096,static,18.055162159822057,5.462740119937373,18.08003526732622,5.985721132694636,0.49962799999999996,0.4851918,1.988359,0.3086592661349817,0.09055013734767547,0.9468527803619906,17.374758610447294,5.3712435202309265,0.49752026527073123,0.5235721642539122,0.9354132236383097
05/10/2023 16:35:52.093161,4034,True,True,True,True,Eyes,1.373057,-0.3539638,-2.935518,0.2382338,0.2217213,0.9455603,0.0,0.0,0.0,0.0,0.0,0.0,0.0,-1.14219,-0.08103561,3.060211,1.372519,-0.3551634,-2.943825,-0.07046443,-0.038451,-0.004658864,0.9967622,351.9041,355.5976,359.7761,0.4216731,-0.1085108,-0.9002314,0,0,0,1.872799,0.1298572,-0.9555879,0.6506115,0.20896,1.9929,0.9969997,-0.003868702,0.07730956,0.01470641,0.9900261,-0.1401142,-0.07599643,0.1408308,0.9871125,static,18.121869406825073,5.463404861467824,18.080032669233677,5.985718288963392,0.5002800000000001,0.4850206,1.9882370999999999,0.3097620800721136,0.09052697788385616,0.9464947328415693,17.43908783946147,5.371380233630982,0.49997093424751626,0.5239862871816967,0.8878184054418611
05/10/2023 16:35:52.102826,4035,True,True,True,True,Eyes,1.372818,-0.3539793,-2.935527,0.2394642,0.2215393,0.9452922,0.0,0.0,0.0,0.0,0.0,0.0,0.0,-1.143597,-0.08080506,3.05965,1.372503,-0.3551542,-2.94379,-0.07028685,-0.03823514,-0.005005001,0.9967813,351.923,355.6254,359.7336,0.4216236,-0.1085174,-0.9002538,0,0,0,1.873883,0.1287463,-0.9555579,0.6506116,0.20896,1.9929,0.997026,-0.004602927,0.07692771,0.01535264,0.9900694,-0.1397385,-0.07552057,0.1405039,0.9871956,static,18.16428448072503,5.48861952144517,18.08003526732622,5.985718288963392,0.5013799999999999,0.48390049999999996,1.9882320999999998,0.3104514734968284,0.0909220003781391,0.9462310396292525,17.48130618598134,5.3953915792103455,0.48284614231746836,0.5041875788101627,0.8408104049641296
05/10/2023 16:35:52.128125,4036,True,True,True,True,Eyes,1.372588,-0.3539954,-2.935535,0.2406353,0.2213586,0.9450371,0.0,0.0,0.0,0.0,0.0,0.0,0.0,-1.143862,-0.07912537,3.059579,1.372337,-0.3551333,-2.943854,-0.0700459,-0.03816143,-0.004909696,0.9968016,351.9511,355.6332,359.743,0.421573,-0.1085241,-0.9002767,0,0,0,1.873938,0.127919,-0.9554711,0.6506117,0.20896,1.9929,0.9970392,-0.00444188,0.07676656,0.01513409,0.9901389,-0.139269,-0.07539094,0.1400184,0.9872745,static,18.22747398994935,5.5076167191028675,18.08003786541868,5.985718288963392,0.5016010000000002,0.4830523,1.9883829,0.31148680449289007,0.0912032179791803,0.9458636484364489,17.543217545784728,5.413245839210332,0.4822047508953544,0.500318420528088,0.7847934513604009
05/10/2023 16:35:52.142807,4037,True,True,True,True,Eyes,1.372361,-0.354012,-2.935543,0.2416572,0.2211839,0.9448172,0.0,0.0,0.0,0.0,0.0,0.0,0.0,-1.143264,-0.07743812,3.059856,1.372317,-0.3551605,-2.943871,-0.06988189,-0.0382446,-0.004638022,0.9968112,351.9711,355.6215,359.7743,0.4215214,-0.1085309,-0.9003,0,0,0,1.873389,0.1275654,-0.9552757,0.6506116,0.20896,1.9929,0.9970317,-0.003901255,0.07689352,0.01459167,0.99019,-0.1389633,-0.07559706,0.1396729,0.9873078,static,18.302706764035133,5.512540054943703,18.08003526732622,5.985718288963392,0.501072,0.4827259,1.9885953,0.31272729334652927,0.09124534429998442,0.9454501512436398,17.61598980633206,5.417427609548685,0.5078318512344777,0.5229533789895411,0.7336841869489299
05/10/2023 16:35:52.163022,4038,True,True,True,True,Eyes,1.372142,-0.3540289,-2.93555,0.2426401,0.2210078,0.9446064,0.0,0.0,0.0,0.0,0.0,0.0,0.0,-1.143225,-0.07639736,3.059888,1.372366,-0.3551704,-2.943837,-0.06973982,-0.03825743,-0.004570341,0.9968209,351.9877,355.6195,359.7816,0.4214692,-0.1085379,-0.9003236,0,0,0,1.873334,0.127074,-0.9550985,0.6506116,0.20896,1.9929,0.997031,-0.003775489,0.07690908,0.01444775,0.990231,-0.1386865,-0.07563414,0.1393859,0.9873455,static,18.36391568573599,5.520831013444328,18.08003526732622,5.985718288963392,0.5009680000000001,0.4822444,1.9887384999999997,0.31373408494044125,0.09135019938067473,0.9451063335569734,17.6754242241529,5.424965272499438,0.5321087658724037,0.5447093453356974,0.6914868340982545
05/10/2023 16:35:52.178169,4039,True,True,True,True,Eyes,1.371942,-0.3540443,-2.935559,0.2435245,0.2208342,0.9444195,0.0,0.0,0.0,0.0,0.0,0.0,0.0,-1.143462,-0.07530648,3.059839,1.372357,-0.355189,-2.943852,-0.06960236,-0.03821373,-0.004476015,0.9968326,352.0039,355.6238,359.7915,0.4214165,-0.1085449,-0.9003474,0,0,0,1.873431,0.1266173,-0.9550341,0.6506116,0.2089601,1.9929,0.9970394,-0.003604145,0.07680846,0.0142432,0.990271,-0.1384217,-0.07556229,0.1391059,0.9873905,static,18.41333617970472,5.527002701254225,18.08003526732622,5.985721132694636,0.501074,0.48180629999999997,1.9888179000000001,0.31454700148269277,0.09142610493271887,0.9448288570768882,17.723384251827362,5.430547028417306,0.5562797136649611,0.5670203678312553,0.6598622832959182
05/10/2023 16:35:52.193237,4040,True,True,True,True,Eyes,1.371752,-0.3540589,-2.935568,0.2443748,0.2206615,0.9442402,0.0,0.0,0.0,0.0,0.0,0.0,0.0,-1.143345,-0.07533753,3.059911,1.372349,-0.3551855,-2.943887,-0.06963476,-0.03822768,-0.004406501,0.9968301,352.0005,355.6216,359.7997,0.4213639,-0.1085519,-0.9003711,0,0,0,1.87332,0.1268298,-0.9550933,0.6506117,0.20896,1.9929,0.9970385,-0.003461114,0.07682669,0.01410901,0.9902632,-0.1384911,-0.07559931,0.1391649,0.9873793,static,18.466490055463105,5.514510703950191,18.08003786541868,5.985718288963392,0.500971,0.4820153,1.9887937,0.31543019085019,0.09119193615575358,0.9445569973451617,17.773952418358665,5.418089968056091,0.5996408175338638,0.6094110955374081,0.6448955044020481
05/10/2023 16:35:52.202790,4041,True,True,True,True,Eyes,1.371579,-0.3540683,-2.935579,0.2451493,0.2205054,0.9440759,0.0,0.0,0.0,0.0,0.0,0.0,0.0,-1.143546,-0.07458243,3.059892,1.372385,-0.355177,-2.943911,-0.06953637,-0.03819782,-0.004339576,0.9968386,352.0121,355.6246,359.8068,0.4213117,-0.108559,-0.9003947,0,0,0,1.873426,0.1265242,-0.9550593,0.6506116,0.20896,1.9929,0.9970442,-0.003339437,0.07675762,0.01396399,0.9902917,-0.1383015,-0.07555059,0.1389646,0.9874113,static,18.510411243142293,5.5176668397412785,18.08003526732622,5.985718288963392,0.5010410000000001,0.48170120000000005,1.9888517,0.31615332967021464,0.09122082616726432,0.9443124211256878,17.81645210305125,5.420803311111943,0.6273716983868126,0.6358424645134658,0.6233819188026785
05/10/2023 16:35:52.223020,4042,True,True,True,True,Eyes,1.371413,-0.3540786,-2.935591,0.2458955,0.2203636,0.9439149,0.0,0.0,0.0,0.0,0.0,0.0,0.0,-1.144093,-0.07516447,3.059742,1.372379,-0.3550797,-2.943997,-0.06959413,-0.03810852,-0.004394448,0.9968376,352.0052,355.6353,359.8,0.4212602,-0.1085658,-0.900418,0,0,0,1.873821,0.1267776,-0.9552844,0.6506115,0.20896,1.9929,0.9970568,-0.003456842,0.07658766,0.01406536,0.9902747,-0.1384131,-0.07536434,0.139083,0.9874088,static,18.543382503502475,5.507086860528061,18.080032669233677,5.985718288963392,0.5014419999999999,0.4818573,1.9887126,0.31670226419739833,0.09102887636178955,0.9441469541802118,17.847669245625237,5.410344079023713,0.6580626359403938,0.6661689824683876,0.6205225556696108
05/10/2023 16:35:52.244048,4043,True,True,True,True,Eyes,1.371277,-0.3540853,-2.935599,0.2465591,0.2202391,0.9437708,0.0,0.0,0.0,0.0,0.0,0.0,0.0,-1.144356,-0.07553288,3.059653,1.372388,-0.3551137,-2.944007,-0.06968668,-0.03806357,-0.004334,0.9968331,351.9949,355.64,359.807,0.4212095,-0.1085724,-0.9004409,0,0,0,1.873974,0.1271739,-0.9554352,0.6506115,0.20896,1.9929,0.9970648,-0.003335501,0.07649011,0.0139456,0.9902499,-0.138602,-0.07528201,0.1392619,0.9873899,static,18.57850540365493,5.489581915941424,18.080032669233677,5.985718288963392,0.5015860000000001,0.4822876,1.9885718,0.3172898968832869,0.0907216242569892,0.9439791746231623,17.880592791838605,5.393185933297302,0.6952957206405519,0.7032967848616923,0.6251966548267577
05/10/2023 16:35:52.260026,4044,True,True,True,True,Eyes,1.371147,-0.3540928,-2.935606,0.2472065,0.2201209,0.943629,0.0,0.0,0.0,0.0,0.0,0.0,0.0,-1.144113,-0.07726717,3.059692,1.372468,-0.3550684,-2.943966,-0.06992541,-0.03811978,-0.004430545,0.9968139,351.967,355.6342,359.7974,0.4211603,-0.1085788,-0.9004632,0,0,0,1.873904,0.1280555,-0.9555593,0.6506116,0.2089601,1.9929,0.9970545,-0.003501776,0.07661627,0.01416394,0.9901816,-0.1390674,-0.07537704,0.139743,0.9873146,static,18.621045741349256,5.461310688265455,18.08003526732622,5.985721132694636,0.501436,0.4831239,1.9884067,0.31800485495559777,0.09023303342335685,0.9437853918152946,17.92009424083112,5.365582133993715,0.7452792672902677,0.7534577939268,0.6404322834352493
05/10/2023 16:35:52.275688,4045,True,True,True,True,Eyes,1.37104,-0.3541029,-2.935612,0.2477976,0.2200101,0.9434999,0.0,0.0,0.0,0.0,0.0,0.0,0.0,-1.144828,-0.07827899,3.05937,1.372497,-0.3550968,-2.94392,-0.07001409,-0.0380169,-0.004639326,0.9968106,351.956,355.6477,359.7729,0.4211127,-0.1085849,-0.9004847,0,0,0,1.874495,0.1281267,-0.9556786,0.6506116,0.2089601,1.9929,0.9970664,-0.003925622,0.07644093,0.01457249,0.990153,-0.1392288,-0.07514166,0.1399343,0.9873055,static,18.640475061461704,5.453395587407395,18.08003526732622,5.985721132694636,0.5019979999999999,0.48322350000000003,1.9882413999999997,0.31832898358535594,0.0900923258610996,0.9436896666797997,17.938400735301506,5.357796995545438,0.7648920467235506,0.7729574690860944,0.6436995127203565
05/10/2023 16:35:52.292882,4046,True,True,True,True,Eyes,1.370939,-0.3541104,-2.935619,0.2483636,0.2198915,0.9433786,0.0,0.0,0.0,0.0,0.0,0.0,0.0,-1.145226,-0.07829797,3.059241,1.372467,-0.3552003,-2.943942,-0.06997436,-0.03795364,-0.004785597,0.9968151,351.9599,355.6563,359.7553,0.4210671,-0.1085908,-0.9005053,0,0,0,1.874819,0.1276917,-0.9557101,0.6506115,0.20896,1.9929,0.9970733,-0.004229147,0.07633527,0.01485227,0.9901614,-0.1391397,-0.07499579,0.1398662,0.9873262,static,18.664317348547815,5.457984329242433,18.080032669233677,5.985718288963392,0.5023519999999999,0.482892,1.9882318999999997,0.3187197876328045,0.09015540254366436,0.9435516058375715,17.961623924093832,5.362044746623596,0.7799495841934801,0.7873320257197644,0.6348143967651195
05/10/2023 16:35:52.307852,4047,True,True,True,True,Eyes,1.370846,-0.3541179,-2.935625,0.2488821,0.2197613,0.9432723,0.0,0.0,0.0,0.0,0.0,0.0,0.0,-1.145112,-0.07784975,3.059344,1.372516,-0.3551452,-2.943976,-0.06984603,-0.03798532,-0.004889893,0.9968224,351.9742,355.6535,359.743,0.4210233,-0.1085965,-0.900525,0,0,0,1.874806,0.1271237,-0.9555771,0.6506115,0.20896,1.9929,0.9970664,-0.004442463,0.07641231,0.01505496,0.9901952,-0.1388767,-0.07504614,0.1396197,0.9873573,static,18.697069639744626,5.471143830654409,18.080032669233677,5.985718288963392,0.5022899999999999,0.4822689,1.9883989000000002,0.31925330914874733,0.09035499262488923,0.9433521402587268,17.993889488880406,5.374495910260259,0.7971865710713012,0.8034435239152239,0.6172628643850956
05/10/2023 16:35:52.323118,4048,True,True,True,True,Eyes,1.370756,-0.3541299,-2.935634,0.2493707,0.2196255,0.943175,0.0,0.0,0.0,0.0,0.0,0.0,0.0,-1.145058,-0.07671836,3.059352,1.372496,-0.3551549,-2.943943,-0.06967527,-0.03799085,-0.004855826,0.9968343,351.9939,355.6526,359.7462,0.4209815,-0.108602,-0.9005439,0,0,0,1.874732,0.1264801,-0.9553763,0.6506115,0.2089601,1.9929,0.9970663,-0.004386863,0.0764178,0.01497495,0.9902436,-0.1385404,-0.0750645,0.1392784,0.987404,static,18.727642715721803,5.483911940182387,18.080032669233677,5.985721132694636,0.5022360000000001,0.48163500000000004,1.9885667,0.31975101075938545,0.0905491864008882,0.9431650559972142,18.02403391164401,5.386585868292526,0.8139961039040323,0.8192748244649942,0.6017465628499857
05/10/2023 16:35:52.343196,4049,True,True,True,True,Eyes,1.37068,-0.3541399,-2.935641,0.2498196,0.2195074,0.9430836,0.0,0.0,0.0,0.0,0.0,0.0,0.0,-1.144384,-0.07529715,3.059732,1.372467,-0.3552695,-2.944038,-0.06949653,-0.03809186,-0.004754462,0.9968434,352.0148,355.6402,359.7579,0.4209415,-0.1086073,-0.9005619,0,0,0,1.874218,0.1257869,-0.9552097,0.6506118,0.20896,1.9929,0.9970528,-0.004184403,0.07660407,0.01477341,0.9902952,-0.1381921,-0.07528239,0.1389165,0.9874384,static,18.767954373360546,5.496866621304372,18.080040463511068,5.985718288963392,0.5017509999999998,0.48105640000000005,1.9888282999999998,0.32040886523555995,0.09074113590652519,0.9429232275857531,18.063574499253864,5.398782178281394,0.8396818456272247,0.8439203163435515,0.5871670341575986
05/10/2023 16:35:52.353151,4050,True,True,True,True,Eyes,1.370609,-0.3541455,-2.935649,0.2502468,0.2194075,0.9429936,0.0,0.0,0.0,0.0,0.0,0.0,0.0,-1.144052,-0.07428792,3.059882,1.372508,-0.3552455,-2.944023,-0.06945448,-0.03813926,-0.004442803,0.996846,352.021,355.6322,359.794,0.4209035,-0.1086126,-0.900579,0,0,0,1.873853,0.1260081,-0.9551395,0.6506115,0.2089601,1.9929,0.9970513,-0.003559696,0.07665507,0.01415546,0.9903127,-0.1381319,-0.07542078,0.1388097,0.987443,static,18.80436387858029,5.487466359844097,18.080032669233677,5.985721132694636,0.5013449999999999,0.4812536,1.9888835,0.32101311470116023,0.0905668700215724,0.9427344609442284,18.098168088938504,5.389435363977283,0.8751498181198925,0.8791550031148475,0.5965614900600897
05/10/2023 16:35:52.373177,4051,True,True,True,True,Eyes,1.370541,-0.3541516,-2.935655,0.2506557,0.2193034,0.9429092,0.0,0.0,0.0,0.0,0.0,0.0,0.0,-1.14371,-0.07585582,3.059995,1.372538,-0.3551479,-2.944045,-0.06966072,-0.03820202,-0.004527031,0.9968287,351.997,355.6256,359.7857,0.4208674,-0.1086175,-0.9005954,0,0,0,1.873696,0.1268288,-0.9552899,0.6506115,0.20896,1.9929,0.9970402,-0.00370299,0.07679246,0.01434771,0.9902537,-0.1385337,-0.07553102,0.1392255,0.987376,static,18.833804410709554,5.462354451820947,18.080032669233677,5.985718288963392,0.501158,0.48197670000000004,1.9887551,0.32151004969643493,0.09013762579185958,0.9426062364526838,18.125211261281187,5.364979451499432,0.9133101691275807,0.9176500118651116,0.6223807592748226
05/10/2023 16:35:52.393180,4052,True,True,True,True,Eyes,1.370475,-0.3541581,-2.935661,0.2510446,0.2192004,0.9428297,0.0,0.0,0.0,0.0,0.0,0.0,0.0,-1.144752,-0.07654729,3.059538,1.372532,-0.3551698,-2.943994,-0.06971179,-0.03803887,-0.004700229,0.9968307,351.9904,355.6458,359.7647,0.4208331,-0.1086222,-0.9006108,0,0,0,1.874469,0.1267931,-0.9554318,0.6506115,0.2089601,1.9929,0.9970619,-0.004067147,0.07649194,0.01467418,0.9902363,-0.1386241,-0.07518131,0.1393393,0.9873866,static,18.83511720541927,5.456782046055901,18.080032669233677,5.985721132694636,0.5019369999999999,0.48196289999999997,1.9885622,0.32153435207739617,0.09004516722006259,0.9426067992784106,18.126180925377913,5.359592113304901,0.917427521909476,0.9219160559187748,0.6278273731425741
05/10/2023 16:35:52.403185,4053,True,True,True,True,Eyes,1.370404,-0.3541639,-2.935664,0.2513826,0.2191216,0.942758,0.0,0.0,0.0,0.0,0.0,0.0,0.0,-1.144494,-0.07584712,3.059648,1.372484,-0.3551851,-2.94401,-0.06963887,-0.03806905,-0.004600788,0.996835,351.9992,355.6415,359.7761,0.4208005,-0.1086268,-0.9006255,0,0,0,1.874228,0.1266074,-0.9553578,0.6506116,0.20896,1.9929,0.9970592,-0.003870282,0.07653792,0.01447462,0.9902585,-0.1384866,-0.07525634,0.1391872,0.9874024,static,18.8605416536297,5.458888341794845,18.08003526732622,5.985718288963392,0.501744,0.48179249999999996,1.9886522,0.32195198830892224,0.0900663224439492,0.9424622584054361,18.150797333848534,5.3614323172277425,0.9375918206359402,0.9416687380890001,0.6282835701850182
05/10/2023 16:35:52.422907,4054,True,True,True,True,Eyes,1.370337,-0.3541708,-2.935667,0.2517053,0.2190464,0.9426893,0.0,0.0,0.0,0.0,0.0,0.0,0.0,-1.143981,-0.07604271,3.059787,1.372481,-0.3551627,-2.943964,-0.06971832,-0.03814697,-0.004476842,0.9968271,351.9906,355.6315,359.7914,0.4207693,-0.1086311,-0.9006395,0,0,0,1.87383,0.1270936,-0.9553245,0.6506116,0.20896,1.9929,0.9970495,-0.003606191,0.07667609,0.01424436,0.9902387,-0.1386527,-0.07542761,0.1393358,0.9873683,static,18.89059679813473,5.4429075865726935,18.08003526732622,5.985718288963392,0.501349,0.48225629999999997,1.9886394999999997,0.32245446040845416,0.08978722192029347,0.9423170249327285,18.178917325939114,5.345783370353694,0.9713880759608302,0.9755272696631903,0.6475294291161788
05/10/2023 16:35:52.443179,4055,True,True,True,True,Eyes,1.370292,-0.3541755,-2.935667,0.251997,0.2189722,0.9426286,0.0,0.0,0.0,0.0,0.0,0.0,0.0,-1.143882,-0.07592234,3.059804,1.372488,-0.3551931,-2.943933,-0.06971625,-0.03816326,-0.004446582,0.9968268,351.991,355.6294,359.795,0.4207395,-0.1086353,-0.9006529,0,0,0,1.87375,0.1270915,-0.955279,0.6506115,0.20896,1.9929,0.9970476,-0.003543745,0.07670431,0.01418614,0.9902397,-0.1386507,-0.07546431,0.1393294,0.9873664,static,18.910303261068258,5.439083743032812,18.080032669233677,5.985718288963392,0.5012620000000001,0.48228459999999995,1.988654,0.3227806872518449,0.08971379265067153,0.9422123185701086,18.197707993714396,5.341944222238257,0.9900689633875819,0.9940616592898426,0.6544406244874024
05/10/2023 16:35:52.468198,4056,True,True,True,True,Eyes,1.370266,-0.3541799,-2.935669,0.2522474,0.2189133,0.9425753,0.0,0.0,0.0,0.0,0.0,0.0,0.0,-1.144167,-0.07589293,3.059676,1.372505,-0.3551767,-2.943904,-0.06971774,-0.03811903,-0.004429023,0.9968285,351.9909,355.6344,359.7966,0.4207115,-0.1086393,-0.9006656,0,0,0,1.873934,0.1271296,-0.9552974,0.6506116,0.2089601,1.9929,0.9970546,-0.003514808,0.07661384,0.0141451,0.9902396,-0.1386556,-0.07537871,0.1393309,0.9873728,static,18.920445606409952,5.435620180197056,18.08003526732622,5.985721132694636,0.5014289999999999,0.4823063,1.9886065999999998,0.3229492905810274,0.08965138633914654,0.942160477060262,18.207299661674934,5.338525117709423,1.0004792395380742,1.0044404392384738,0.6595899543517049
05/10/2023 16:35:52.483323,4057,True,True,True,True,Eyes,1.370243,-0.3541848,-2.935671,0.2524939,0.2188555,0.9425227,0.0,0.0,0.0,0.0,0.0,0.0,0.0,-1.14423,-0.07616863,3.059723,1.372542,-0.3551987,-2.943965,-0.06973303,-0.03811754,-0.004507069,0.9968271,351.9888,355.6352,359.7877,0.4206857,-0.108643,-0.9006773,0,0,0,1.874031,0.127078,-0.9553654,0.6506115,0.20896,1.9929,0.9970534,-0.003669435,0.07662176,0.01430164,0.990234,-0.1386799,-0.0753646,0.1393671,0.9873688,static,18.93348451176367,5.434150487301173,18.080032669233677,5.985718288963392,0.5014890000000001,0.4822767,1.9885996,0.3231645938465692,0.08962025673958054,0.9420895893165702,18.219788882437015,5.337008191493872,1.0123335993615676,1.0161727645180874,0.663593693224891
05/10/2023 16:35:52.483323,4058,True,True,True,True,Eyes,1.370173,-0.354182,-2.935707,0.2527489,0.2187958,0.9424683,0.0,0.0,0.0,0.0,0.0,0.0,0.0,-1.144468,-0.07622957,3.059894,1.371745,-0.3551783,-2.944611,-0.06972218,-0.03794172,-0.004528645,0.9968345,351.99,355.6556,359.7837,0.4206618,-0.1086466,-0.900688,0,0,0,1.873958,0.1270134,-0.9561735,0.6506115,0.20896,1.9929,0.9970798,-0.003737859,0.07627472,0.01431938,0.9902366,-0.1386593,-0.07501173,0.1393466,0.9873985,static,18.92826581963813,5.432559895164784,18.080032669233677,5.985718288963392,0.502213,0.4821917,1.9884375,0.3230794935535656,0.0895968624661341,0.9421210899534815,18.21467460130666,5.335512749947061,1.0087136662189118,1.012661683917645,0.6639997687046755
05/10/2023 16:35:52.512834,4059,True,True,True,True,Eyes,1.370081,-0.3541771,-2.935765,0.2529702,0.2187444,0.9424208,0.0,0.0,0.0,0.0,0.0,0.0,0.0,-1.144639,-0.07653132,3.060116,1.370569,-0.3549888,-2.945487,-0.06969734,-0.0377146,-0.004605548,0.9968445,351.9925,355.6825,359.7729,0.4206381,-0.1086496,-0.9006987,0,0,0,1.87375,0.1269941,-0.9572433,0.6506115,0.2089601,1.9929,0.9971128,-0.003924814,0.07583318,0.01443924,0.9902421,-0.1386074,-0.07454919,0.1393022,0.9874398,static,18.91426056063121,5.434493654874672,18.080032669233677,5.985721132694636,0.5031810000000001,0.4819829,1.9882437,0.3228480310958938,0.08963613478911386,0.9421966413916008,18.201278607421685,5.337484815662433,0.9958224271268844,0.9998939479211439,0.6594777481056998
05/10/2023 16:35:52.524965,4060,True,True,True,True,Eyes,1.369994,-0.3541735,-2.935818,0.2531788,0.2186987,0.9423754,0.0,0.0,0.0,0.0,0.0,0.0,0.0,-1.145041,-0.07747641,3.059869,1.37061,-0.3549842,-2.945392,-0.06981593,-0.0376604,-0.004702582,0.9968377,351.9785,355.6895,359.7618,0.4206139,-0.1086522,-0.9007097,0,0,0,1.874082,0.1273494,-0.9573071,0.6506115,0.20896,1.9929,0.9971192,-0.004116828,0.07573924,0.01463401,0.9902073,-0.1388361,-0.07442598,0.1395445,0.9874149,static,18.91850106235593,5.421884884546689,18.080032669233677,5.985718288963392,0.5034719999999999,0.48233360000000003,1.9880849,0.3229238807686912,0.08942634455841873,0.9421905947336221,18.20469675624868,5.3252851905430605,1.0060375005851352,1.010414446750016,0.6720959842763261
05/10/2023 16:35:52.543147,4061,True,True,True,True,Eyes,1.369916,-0.3541694,-2.935867,0.2533524,0.2186698,0.9423354,0.0,0.0,0.0,0.0,0.0,0.0,0.0,-1.144772,-0.07765973,3.059947,1.370638,-0.3550115,-2.945357,-0.06985749,-0.03770845,-0.004685293,0.996833,351.9738,355.6838,359.7643,0.4205892,-0.1086544,-0.900721,0,0,0,1.873906,0.1275107,-0.9572668,0.6506115,0.20896,1.9929,0.9971123,-0.004072474,0.07583265,0.01460934,0.9901959,-0.1389192,-0.07452343,0.1396259,0.987396,static,18.93449872928816,5.415868421498222,18.080032669233677,5.985718288963392,0.503268,0.4825222,1.9880902,0.32319005422541086,0.08931882680971177,0.942109474603707,18.21979647528126,5.319358215705075,1.022714560531226,1.0270545843503645,0.6808595073241878
05/10/2023 16:35:52.559116,4062,True,True,True,True,Eyes,1.369844,-0.3541648,-2.935909,0.2535202,0.2186379,0.9422978,0.0,0.0,0.0,0.0,0.0,0.0,0.0,-1.144817,-0.07787767,3.059887,1.370645,-0.3550019,-2.945316,-0.06991763,-0.03769965,-0.00462646,0.9968295,351.9672,355.6843,359.7713,0.4205644,-0.1086562,-0.9007323,0,0,0,1.87391,0.1278243,-0.9572983,0.6506115,0.20896,1.9929,0.9971147,-0.003951842,0.07580718,0.01449532,0.9901802,-0.139043,-0.0745133,0.1397407,0.9873806,static,18.944381375438265,5.405674232233667,18.080032669233677,5.985718288963392,0.5032650000000001,0.4828262,1.9880176999999999,0.32335762004508734,0.08914582251438807,0.9420684894933594,18.22878075394111,5.30944598209165,1.0364326023122523,1.0409369787191833,0.6924378858394138
05/10/2023 16:35:52.577821,4063,True,True,True,True,Eyes,1.369781,-0.3541622,-2.935947,0.2536595,0.2185926,0.9422708,0.0,0.0,0.0,0.0,0.0,0.0,0.0,-1.14503,-0.07749087,3.059728,1.370737,-0.3549863,-2.945182,-0.06985982,-0.03768137,-0.004613327,0.9968343,351.9738,355.6863,359.7725,0.4205399,-0.1086577,-0.9007437,0,0,0,1.874065,0.1276254,-0.9571282,0.6506115,0.20896,1.9929,0.9971177,-0.003932618,0.07576872,0.01446227,0.9901966,-0.1389297,-0.07447958,0.139625,0.9873994,static,18.950925641619264,5.409712917846188,18.080032669233677,5.985718288963392,0.503328,0.4826117,1.9880537999999999,0.32346338187167367,0.08920881733589432,0.9420261964220109,18.235302534160205,5.313293817813869,1.0398410411479024,1.0441440307287448,0.6901183958966882
05/10/2023 16:35:52.598141,4064,True,True,True,True,Eyes,1.369725,-0.3541598,-2.935981,0.2538005,0.2185435,0.9422442,0.0,0.0,0.0,0.0,0.0,0.0,0.0,-1.14547,-0.07616603,3.059577,1.370793,-0.3550306,-2.94513,-0.06970333,-0.03761463,-0.004486624,0.9968483,351.9924,355.6931,359.7859,0.4205157,-0.1086589,-0.9007548,0,0,0,1.874297,0.127103,-0.9570052,0.6506115,0.2089601,1.9929,0.99713,-0.003701237,0.07561763,0.0141887,0.9902426,-0.1386298,-0.0743667,0.1393048,0.9874532,static,18.954292440064254,5.420777007281634,18.080032669233677,5.985721132694636,0.5035040000000002,0.48213359999999994,1.9881247999999998,0.3235134796008962,0.08938910549602475,0.9419918810484944,18.239134523076277,5.323945253192943,1.036958556386334,1.0409092235787871,0.6806325841350753
05/10/2023 16:35:52.603241,4065,True,True,True,True,Eyes,1.369715,-0.3541591,-2.935987,0.2538814,0.2185024,0.9422318,0.0,0.0,0.0,0.0,0.0,0.0,0.0,-1.146258,-0.075232,3.059296,1.370913,-0.355029,-2.945065,-0.06959784,-0.03750193,-0.004377748,0.9968604,352.005,355.7053,359.797,0.4204922,-0.1086599,-0.9007657,0,0,0,1.874793,0.1268029,-0.9569624,0.6506115,0.20896,1.9929,0.9971489,-0.0035079,0.07537774,0.01394811,0.990274,-0.1384303,-0.074159,0.139087,0.9874995,static,18.94843681550984,5.426413715179168,18.080032669233677,5.985718288963392,0.5038799999999999,0.4818319,1.9881026,0.3234143690228395,0.08948496841026357,0.9420166746619364,18.233789787718933,5.329429018397642,1.029063773745486,1.0329314437684547,0.6740599811178629
05/10/2023 16:35:52.623062,4066,True,True,True,True,Eyes,1.369708,-0.3541595,-2.935991,0.2539628,0.218466,0.9422184,0.0,0.0,0.0,0.0,0.0,0.0,0.0,-1.146995,-0.07528281,3.058795,1.371834,-0.355082,-2.944398,-0.0696353,-0.03753864,-0.004358311,0.9968565,352.0008,355.7009,359.7997,0.4204707,-0.1086608,-0.9007756,0,0,0,1.875554,0.1269237,-0.9562967,0.6506115,0.2089601,1.9929,0.9971437,-0.003461192,0.07544826,0.01391725,0.9902638,-0.1385056,-0.07423428,0.13916,0.9874836,static,18.957698050266625,5.419783552038421,18.080032669233677,5.985721132694636,0.50372,0.4820057,1.9881013,0.3235699870589215,0.08937094338135138,0.9419741547368572,18.24236422107511,5.322960793161884,1.0403731952003141,1.0443092771122542,0.682350936381578
05/10/2023 16:35:52.643206,4067,True,True,True,True,Eyes,1.369716,-0.3541593,-2.935994,0.254008,0.2184499,0.94221,0.0,0.0,0.0,0.0,0.0,0.0,0.0,-1.147411,-0.07509479,3.058646,1.371888,-0.3551087,-2.944372,-0.06964744,-0.03747572,-0.004269859,0.9968584,351.9998,355.7074,359.8095,0.4204511,-0.1086615,-0.9007847,0,0,0,1.875802,0.1270406,-0.9563552,0.6506115,0.20896,1.9929,0.9971547,-0.003292714,0.07531074,0.01373307,0.990262,-0.1385372,-0.0741212,0.1391773,0.9874896,static,18.95476882300422,5.414149283584623,18.080032669233677,5.985718288963392,0.503914,0.4821493,1.9880168,0.323524499863862,0.08927978486982195,0.9419984739772386,18.23924204585754,5.3175458560022335,1.0407896009470154,1.0449184018969881,0.6868784650680158
05/10/2023 16:35:52.653039,4068,True,True,True,True,Eyes,1.369722,-0.3541576,-2.935997,0.2540517,0.2184357,0.9422015,0.0,0.0,0.0,0.0,0.0,0.0,0.0,-1.147953,-0.07486135,3.058427,1.371876,-0.3551174,-2.944355,-0.06962381,-0.03738431,-0.004243782,0.9968636,352.0026,355.7178,359.8116,0.4204337,-0.1086622,-0.9007928,0,0,0,1.87614,0.1269599,-0.9564087,0.6506116,0.2089601,1.9929,0.9971688,-0.003255269,0.07512505,0.01366662,0.9902691,-0.1384936,-0.07394318,0.1391282,0.9875098,static,18.94748169150329,5.414734934365729,18.08003526732622,5.985721132694636,0.5042639999999998,0.48207730000000004,1.9879463,0.3234042934856102,0.08929329016136371,0.9420384595104713,18.232249613767472,5.318166153349338,1.0342982112304635,1.0385030271981326,0.684688876579164
05/10/2023 16:35:52.672927,4069,True,True,True,True,Eyes,1.369749,-0.3541558,-2.935998,0.2540545,0.2184288,0.9422023,0.0,0.0,0.0,0.0,0.0,0.0,0.0,-1.147917,-0.07531175,3.058438,1.371868,-0.3550804,-2.944372,-0.06966127,-0.0373918,-0.004316835,0.9968604,351.998,355.7175,359.8034,0.4204181,-0.1086628,-0.9008,0,0,0,1.876154,0.1270612,-0.9564471,0.6506116,0.2089601,1.9929,0.9971664,-0.003397042,0.07515024,0.01381608,0.9902573,-0.1385623,-0.07394738,0.1392079,0.9874983,static,18.947116518564602,5.412522288168748,18.08003526732622,5.985721132694636,0.504286,0.48214160000000006,1.9879248999999999,0.32339932994838877,0.08925706630842276,0.9420435516832153,18.231780262492872,5.316033699941651,1.0351443668598646,1.03941657270554,0.686664256493237
05/10/2023 16:35:52.683021,4070,True,True,True,True,Eyes,1.369777,-0.3541539,-2.936,0.2540499,0.2184273,0.9422039,0.0,0.0,0.0,0.0,0.0,0.0,0.0,-1.147628,-0.07545897,3.058519,1.371849,-0.3551103,-2.944352,-0.06970581,-0.03743417,-0.004278819,0.9968558,351.993,355.7122,359.8084,0.4204047,-0.1086632,-0.9008062,0,0,0,1.875939,0.1272549,-0.9564322,0.6506115,0.20896,1.9929,0.9971607,-0.003311972,0.07522945,0.01374949,0.9902456,-0.1386529,-0.07403642,0.1392936,0.9874796,static,18.952238490521893,5.406205272611188,18.080032669233677,5.985718288963392,0.5040899999999999,0.4823652,1.9879197999999998,0.3234866494590379,0.08915039192945769,0.9420236841455205,18.236381793882853,5.309898985297982,1.0427901861987965,1.0471763608918416,0.6936690709447574
05/10/2023 16:35:52.707987,4071,True,True,True,True,Eyes,1.369814,-0.3541515,-2.936001,0.2539973,0.2184283,0.9422178,0.0,0.0,0.0,0.0,0.0,0.0,0.0,-1.147079,-0.07601273,3.058747,1.371915,-0.3551064,-2.944359,-0.06978065,-0.03753554,-0.004310842,0.9968467,351.9843,355.7008,359.8058,0.4203934,-0.1086634,-0.9008114,0,0,0,1.875621,0.127527,-0.9564065,0.6506116,0.20896,1.9929,0.997145,-0.003355987,0.07543599,0.013833,0.9902242,-0.1387976,-0.07423273,0.1394448,0.9874435,static,18.95990511247003,5.399074469345259,18.08003526732622,5.985718288963392,0.503706,0.4826334,1.9879525,0.3236162099790488,0.08902897760097282,0.9419906172946425,18.243392742282428,5.302959705641298,1.0530161685721495,1.0575074068249082,0.7020291644398123
05/10/2023 16:35:52.728107,4072,True,True,True,True,Eyes,1.369849,-0.3541512,-2.936,0.2539411,0.2184354,0.9422314,0.0,0.0,0.0,0.0,0.0,0.0,0.0,-1.146708,-0.07629061,3.058863,1.371907,-0.3551092,-2.944346,-0.06983311,-0.03759396,-0.004293732,0.9968408,351.9783,355.6939,359.8085,0.4203841,-0.1086635,-0.9008157,0,0,0,1.875368,0.1277565,-0.9563876,0.6506115,0.2089601,1.9929,0.9971365,-0.00330973,0.07555009,0.01381094,0.9902098,-0.1389021,-0.07435071,0.1395478,0.9874201,static,18.96339700953373,5.392932876434797,18.080032669233677,5.985721132694636,0.5034609999999999,0.4828657,1.9879584,0.3236766364743169,0.08892607068769581,0.9419796740593981,18.246432477251286,5.297006609476664,1.0592050331431269,1.0638282166183248,0.7085312911930245
05/10/2023 16:35:52.743180,4073,True,True,True,True,Eyes,1.369895,-0.3541524,-2.935999,0.2538501,0.2184471,0.9422531,0.0,0.0,0.0,0.0,0.0,0.0,0.0,-1.146246,-0.0767332,3.05899,1.371909,-0.3551561,-2.944302,-0.06991379,-0.03766982,-0.004292146,0.9968324,351.9691,355.6851,359.8096,0.4203767,-0.1086636,-0.9008192,0,0,0,1.875066,0.1280371,-0.9563467,0.6506116,0.20896,1.9929,0.9971251,-0.00328982,0.07570115,0.01382438,0.9901873,-0.1390613,-0.07450082,0.139708,0.987386,static,18.96646942083187,5.384274293866194,18.08003526732622,5.985718288963392,0.5031569999999999,0.4831932,1.9879552999999999,0.3237312936350594,0.08878195217750812,0.9419743774206127,18.24893436643032,5.288627777648356,1.0663785788751758,1.0712144452628323,0.7172601248108209
05/10/2023 16:35:52.753150,4074,True,True,True,True,Eyes,1.36994,-0.3541525,-2.935997,0.2537705,0.218457,0.9422723,0.0,0.0,0.0,0.0,0.0,0.0,0.0,-1.146134,-0.07631692,3.059068,1.37193,-0.3552108,-2.944312,-0.06986924,-0.03769011,-0.004253377,0.9968349,351.9743,355.6824,359.8141,0.4203711,-0.1086636,-0.9008219,0,0,0,1.874977,0.1278533,-0.9562974,0.6506115,0.20896,1.9929,0.9971227,-0.003213069,0.075736,0.01374659,0.9902004,-0.1389756,-0.07454728,0.1396168,0.9873955,static,18.964830189673584,5.388470455909573,18.080032669233677,5.985718288963392,0.5030469999999998,0.4830641,1.9880146,0.3237023339354379,0.08885187467826464,0.9419777907347114,18.24757706049945,5.2926895026421,1.0627728356553665,1.0675072019729377,0.7129937038393689
05/10/2023 16:35:52.773280,4075,True,True,True,True,Eyes,1.369974,-0.3541537,-2.935995,0.2536713,0.2184596,0.9422984,0.0,0.0,0.0,0.0,0.0,0.0,0.0,-1.146788,-0.07633203,3.058809,1.371983,-0.3551855,-2.944277,-0.06986157,-0.03759314,-0.004275307,0.996839,351.9751,355.6938,359.8107,0.4203673,-0.1086635,-0.9008236,0,0,0,1.875436,0.1278137,-0.9563495,0.6506115,0.20896,1.9929,0.997137,-0.003270955,0.07554597,0.01377621,0.9902021,-0.13896,-0.07435124,0.1396029,0.9874123,static,18.947529371920925,5.389138127872554,18.080032669233677,5.985718288963392,0.5034530000000002,0.48299919999999996,1.9879275,0.32341729753586224,0.08887200515490545,0.9420737860023257,18.230937561369345,5.293464723330318,1.0478841004643735,1.0528335185490711,0.7085106107901158
05/10/2023 16:35:52.793174,4076,True,True,True,True,Eyes,1.370006,-0.3541532,-2.935996,0.2535803,0.2184553,0.9423239,0.0,0.0,0.0,0.0,0.0,0.0,0.0,-1.147219,-0.07564053,3.058689,1.371994,-0.3551931,-2.944297,-0.0697456,-0.03752543,-0.004284842,0.9968497,351.9884,355.7018,359.8086,0.4203647,-0.1086635,-0.9008248,0,0,0,1.875722,0.1273311,-0.9563232,0.6506116,0.2089601,1.9929,0.997147,-0.00330822,0.07541212,0.01377715,0.9902343,-0.1387302,-0.07421672,0.1393733,0.9874548,static,18.93449535799619,5.40177264234212,18.08003526732622,5.985721132694636,0.503728,0.48252419999999996,1.9879738000000002,0.32319675578800516,0.08908683761832965,0.9421291904875171,18.21904539129592,5.305755731197731,1.030186953830076,1.0349385904162218,0.6940293666689602
05/10/2023 16:35:52.803362,4077,True,True,True,True,Eyes,1.370046,-0.3541519,-2.935996,0.2534722,0.2184382,0.9423569,0.0,0.0,0.0,0.0,0.0,0.0,0.0,-1.147585,-0.07497329,3.058605,1.371986,-0.3551497,-2.944344,-0.0696453,-0.03746253,-0.004244713,0.9968591,352.0001,355.7087,359.8123,0.4203632,-0.1086634,-0.9008254,0,0,0,1.875936,0.1270189,-0.9563401,0.6506116,0.20896,1.9929,0.9971571,-0.003244583,0.07528098,0.01368094,0.990263,-0.1385351,-0.07409848,0.1391711,0.9874921,static,18.921834571190825,5.41003542304122,18.08003526732622,5.985718288963392,0.5039500000000001,0.4821686,1.9880039,0.32298440673177126,0.08922953441584762,0.9421884596861431,18.207281008917384,5.313825166026855,1.015142632043316,1.0198219600024792,0.6838361261314716
05/10/2023 16:35:52.823165,4078,True,True,True,True,Eyes,1.370084,-0.3541522,-2.935997,0.253365,0.2184236,0.9423891,0.0,0.0,0.0,0.0,0.0,0.0,0.0,-1.147679,-0.07492843,3.058579,1.37197,-0.3551425,-2.944361,-0.06964666,-0.03744322,-0.004221082,0.9968599,352.0001,355.7108,359.8148,0.4203629,-0.1086632,-0.9008256,0,0,0,1.875982,0.1270569,-0.9563806,0.6506116,0.2089601,1.9929,0.9971604,-0.003200062,0.07523925,0.01363124,0.990263,-0.1385398,-0.07406332,0.139172,0.9874947,static,18.913669397983167,5.407498522705415,18.08003526732622,5.985721132694636,0.5040120000000001,0.48219940000000006,1.9879803999999996,0.3228512162167148,0.0891920982862535,0.9422376397976536,18.199276637054396,5.31143882717147,1.0096699289050486,1.0145379492650382,0.6847445741269421
05/10/2023 16:35:52.843138,4079,True,True,True,True,Eyes,1.37013,-0.3541521,-2.935997,0.25323,0.2184201,0.9424262,0.0,0.0,0.0,0.0,0.0,0.0,0.0,-1.147503,-0.07450342,3.058669,1.371982,-0.3551808,-2.944364,-0.06963234,-0.03746864,-0.004100007,0.9968604,352.0022,355.7069,359.8289,0.4203636,-0.108663,-0.9008253,0,0,0,1.875808,0.127104,-0.9563574,0.6506115,0.2089601,1.9929,0.9971586,-0.00295621,0.07527301,0.01339233,0.9902691,-0.1385202,-0.07413103,0.1391347,0.9874949,static,18.910708607800633,5.404295560751755,18.080032669233677,5.985721132694636,0.5038259999999999,0.4822848,1.9880066000000003,0.32280401059900915,0.08914094180217161,0.9422586580479198,18.196253030826888,5.308370353956432,1.0089351516839844,1.0139419167897132,0.6872490450383377
05/10/2023 16:35:52.852932,4080,True,True,True,True,Eyes,1.370178,-0.3541553,-2.935996,0.2530923,0.2184188,0.9424636,0.0,0.0,0.0,0.0,0.0,0.0,0.0,-1.147028,-0.07486445,3.058823,1.371971,-0.3551851,-2.944353,-0.06967428,-0.03754616,-0.004140415,0.9968544,351.9972,355.6982,359.8251,0.4203653,-0.1086627,-0.9008245,0,0,0,1.875513,0.1272261,-0.9563051,0.6506115,0.20896,1.9929,0.9971463,-0.003022779,0.07543306,0.01348679,0.9902567,-0.1385993,-0.07427914,0.1392211,0.9874716,static,18.91052025311683,5.400543201545497,18.080032669233677,5.985718288963392,0.5035419999999999,0.4824112,1.9880479,0.32280273438386553,0.08907928335688621,0.942265035851704,18.1958724133811,5.304750730450633,1.010818482993622,1.0159426705865917,0.6907500720745302
05/10/2023 16:35:52.873182,4081,True,True,True,True,Eyes,1.370228,-0.3541571,-2.935996,0.2529349,0.2184252,0.9425043,0.0,0.0,0.0,0.0,0.0,0.0,0.0,-1.146577,-0.07433513,3.059039,1.372065,-0.3552681,-2.944334,-0.06965563,-0.03762948,-0.004003171,0.9968531,351.9999,355.6875,359.8415,0.4203681,-0.1086625,-0.9008233,0,0,0,1.875176,0.1272357,-0.9561996,0.6506114,0.20896,1.9929,0.997136,-0.002738938,0.07557981,0.01322336,0.9902641,-0.1385716,-0.07446445,0.1391741,0.9874642,static,18.913114187485203,5.3981781096980805,18.08003007114106,5.985718288963392,0.5031109999999999,0.4825038,1.9881343999999999,0.3228465392268415,0.08903897554484182,0.9422537662937285,18.198247029214198,5.302448774865158,1.014267996331436,1.0194275879904446,0.693420852060351
05/10/2023 16:35:52.893018,4082,True,True,True,True,Eyes,1.370278,-0.3541567,-2.935997,0.2527869,0.2184593,0.9425362,0.0,0.0,0.0,0.0,0.0,0.0,0.0,-1.145832,-0.07455459,3.059354,1.372122,-0.35524,-2.944355,-0.0697212,-0.03775567,-0.003912834,0.9968442,351.9928,355.6722,359.8532,0.4203719,-0.1086623,-0.9008216,0,0,0,1.874665,0.1276386,-0.9561675,0.6506115,0.2089601,1.9929,0.9971184,-0.002536229,0.07581864,0.01306571,0.9902474,-0.1387069,-0.07472741,0.1392978,0.9874269,static,18.92013696502946,5.3896766070955655,18.080032669233677,5.985721132694636,0.502543,0.4828786,1.9881875,0.3229662194179974,0.08889533742260979,0.9422264117386576,18.2045647049234,5.294191634161627,1.0247491483170041,1.0300700482545584,0.7026530262187309
05/10/2023 16:35:52.907996,4083,True,True,True,True,Eyes,1.370339,-0.354156,-2.935993,0.2526494,0.218487,0.9425666,0.0,0.0,0.0,0.0,0.0,0.0,0.0,-1.145969,-0.07741681,3.059247,1.372141,-0.3551938,-2.944367,-0.07013304,-0.03773972,-0.004043177,0.9968153,351.9449,355.6749,359.8399,0.4203765,-0.108662,-0.9008194,0,0,0,1.874854,0.1291578,-0.9565808,0.6506115,0.2089601,1.9929,0.9971188,-0.002766998,0.0758062,0.01335421,0.9901301,-0.1395142,-0.07467195,0.1401246,0.9873142,static,18.906949369027473,5.3472002578838005,18.080032669233677,5.985721132694636,0.502713,0.4843516,1.9877862000000002,0.32276926935953504,0.08820304842311383,0.9423589045214681,18.18960066817481,5.253301495690297,1.0378378407128763,1.0447488387009845,0.74056982861951
05/10/2023 16:35:52.923378,4084,True,True,True,True,Eyes,1.370397,-0.3541547,-2.935986,0.2525323,0.2185084,0.942593,0.0,0.0,0.0,0.0,0.0,0.0,0.0,-1.146539,-0.07930946,3.05892,1.372203,-0.3552064,-2.944269,-0.07040092,-0.03766176,-0.004166727,0.9967988,351.9137,355.6848,359.8262,0.4203823,-0.1086617,-0.9008167,0,0,0,1.875328,0.1300518,-0.9568081,0.6506116,0.20896,1.9929,0.9971284,-0.003003933,0.07566908,0.01360962,0.9900527,-0.1400373,-0.07449571,0.140665,0.9872506,static,18.8883675788922,5.320523775713754,18.08003526732622,5.985718288963392,0.503125,0.4852582,1.9874608999999999,0.3224759081374635,0.08777355384538323,0.9424994105988183,18.1702758274235,5.227699139345355,1.038671598801738,1.0468451969508308,0.763371724570882
05/10/2023 16:35:52.943070,4085,True,True,True,True,Eyes,1.370454,-0.354156,-2.935978,0.2524177,0.2184795,0.9426304,0.0,0.0,0.0,0.0,0.0,0.0,0.0,-1.147487,-0.08057526,3.058447,1.372219,-0.3551917,-2.944176,-0.07045282,-0.03752729,-0.004552172,0.9967986,351.9061,355.7034,359.7808,0.420389,-0.1086613,-0.9008136,0,0,0,1.876153,0.1298138,-0.9568591,0.6506116,0.20896,1.9929,0.997142,-0.003787388,0.07545573,0.014363,0.9900313,-0.1401129,-0.07417288,0.1407962,0.9872562,static,18.859312246634328,5.324393418030485,18.08003526732622,5.985718288963392,0.5039339999999999,0.4850055,1.9873169000000002,0.32199567037554644,0.08785237777193007,0.942656250272028,18.14247693654811,5.231653225373888,1.01349692498929,1.0220680972391203,0.7566459424205344
05/10/2023 16:35:52.952939,4086,True,True,True,True,Eyes,1.370506,-0.3541576,-2.935973,0.2523002,0.2184266,0.942674,0.0,0.0,0.0,0.0,0.0,0.0,0.0,-1.14855,-0.07840168,3.058082,1.372192,-0.3552517,-2.944158,-0.07010432,-0.03735196,-0.004560427,0.9968297,351.9461,355.7239,359.7769,0.4203966,-0.1086609,-0.9008101,0,0,0,1.876824,0.1283526,-0.9566762,0.6506116,0.2089601,1.9929,0.9971681,-0.003854871,0.07510649,0.01432901,0.9901292,-0.1394235,-0.07382768,0.1401048,0.9873804,static,18.832948301410596,5.360146722874159,18.08003526732622,5.985721132694636,0.504632,0.4836043,1.9874817999999999,0.32154463657531573,0.08845489842549317,0.9427537421924054,18.118963615189045,5.266354868362001,0.971137931374027,0.9788878276474674,0.7204187938464817
05/10/2023 16:35:52.973279,4087,True,True,True,True,Eyes,1.370567,-0.3541571,-2.935966,0.2521574,0.2183316,0.9427344,0.0,0.0,0.0,0.0,0.0,0.0,0.0,-1.148085,-0.07548979,3.058347,1.372142,-0.3552508,-2.944199,-0.06970471,-0.0374127,-0.004357037,0.9968564,351.9928,355.7154,359.7992,0.4204048,-0.1086606,-0.9008064,0,0,0,1.876372,0.1270178,-0.9562909,0.6506116,0.20896,1.9929,0.9971626,-0.003470996,0.07519758,0.01390236,0.9902445,-0.1386452,-0.07398277,0.1392972,0.9874831,static,18.835773359849643,5.393439193788727,18.08003526732622,5.985718288963392,0.50423,0.48226859999999994,1.9879080999999998,0.3215754504026628,0.08900171679509145,0.9426919512664411,18.12345276288519,5.298460922248077,0.9536507067543978,0.9601742503690991,0.6886274515477013
05/10/2023 16:35:52.993053,4088,True,True,True,True,Eyes,1.370629,-0.3541562,-2.93596,0.2520183,0.2182329,0.9427943,0.0,0.0,0.0,0.0,0.0,0.0,0.0,-1.147557,-0.07422546,3.05856,1.372149,-0.3552139,-2.944183,-0.06953029,-0.0374967,-0.004254827,0.9968658,352.0133,355.7049,359.8109,0.4204138,-0.1086602,-0.9008022,0,0,0,1.875963,0.1264927,-0.9560333,0.6506116,0.20896,1.9929,0.9971518,-0.003268669,0.07535005,0.0136973,0.9902949,-0.1383056,-0.07416669,0.1389438,0.9875191,static,18.83919495947215,5.4039568662669195,18.08003526732622,5.985718288963392,0.503814,0.48170660000000004,1.9881497000000001,0.3216267506411068,0.08917310870232231,0.9426581057022725,18.12730858092631,5.308584647366596,0.9503261327969574,0.9564359838049408,0.6787818020254163
05/10/2023 16:35:53.012984,4089,True,True,True,True,Eyes,1.37068,-0.354156,-2.935957,0.2518584,0.2181302,0.9428609,0.0,0.0,0.0,0.0,0.0,0.0,0.0,-1.147471,-0.07356071,3.058645,1.372213,-0.3552017,-2.944194,-0.06942506,-0.03752094,-0.004236198,0.9968724,352.0254,355.702,359.8128,0.4204235,-0.1086597,-0.9007977,0,0,0,1.875912,0.1261135,-0.9559197,0.6506115,0.20896,1.9929,0.9971485,-0.003236111,0.07539538,0.01365569,0.9903245,-0.138098,-0.07421898,0.1387337,0.9875447,static,18.832944080749687,5.408536114565713,18.080032669233677,5.985718288963392,0.5036990000000001,0.4813152,1.9882743,0.32152166275117705,0.08925182235573959,0.9426866113079724,18.1215267883608,5.3130509486650075,0.9426322226720193,0.9486911278353262,0.6739459270789006
05/10/2023 16:35:53.028404,4090,True,True,True,True,Eyes,1.370732,-0.354155,-2.935955,0.2516993,0.2180415,0.9429238,0.0,0.0,0.0,0.0,0.0,0.0,0.0,-1.147,-0.07350096,3.058874,1.372225,-0.3552006,-2.944241,-0.06946119,-0.03759374,-0.004118401,0.9968676,352.0218,355.6926,359.8271,0.4204336,-0.1086593,-0.900793,0,0,0,1.875551,0.1263999,-0.9559415,0.6506115,0.20896,1.9929,0.9971395,-0.00298839,0.07552411,0.01343361,0.9903163,-0.1381776,-0.07437983,0.1387969,0.9875237,static,18.833726107812385,5.394508738440807,18.080032669233677,5.985718288963392,0.5033259999999999,0.4816005,1.9882994999999999,0.3215411848158146,0.08902039490105765,0.9427017352843277,18.121536318214726,5.299508530466796,0.9513837483639475,0.9579052834104806,0.6874637339777996
05/10/2023 16:35:53.042983,4091,True,True,True,True,Eyes,1.370791,-0.3541526,-2.935954,0.2515208,0.2179302,0.9429972,0.0,0.0,0.0,0.0,0.0,0.0,0.0,-1.146682,-0.07386404,3.059018,1.372291,-0.3552329,-2.944241,-0.06954449,-0.0376539,-0.004071468,0.9968597,352.0124,355.6853,359.8334,0.420444,-0.1086587,-0.9007882,0,0,0,1.875346,0.1267561,-0.9559667,0.6506115,0.20896,1.9929,0.9971312,-0.002880122,0.07563762,0.01335461,0.990294,-0.1383456,-0.07450501,0.1389588,0.9874915,static,18.83054209673744,5.375828982666888,18.080032669233677,5.985718288963392,0.503055,0.481989,1.9882743,0.32149762053380815,0.08871443722122331,0.9427454761133258,18.11747646387969,5.281506549025516,0.9598428351818289,0.9670725757185213,0.7052065033901941
05/10/2023 16:35:53.052857,4092,True,True,True,True,Eyes,1.370847,-0.3541508,-2.935951,0.2513514,0.2178307,0.9430653,0.0,0.0,0.0,0.0,0.0,0.0,0.0,-1.146602,-0.07478428,3.059081,1.372321,-0.3551609,-2.944293,-0.06963137,-0.03767632,-0.004195689,0.9968523,352.0019,355.6837,359.8196,0.4204549,-0.1086581,-0.9007832,0,0,0,1.875374,0.12703,-0.9560679,0.6506115,0.20896,1.9929,0.9971258,-0.003118059,0.07569974,0.01361187,0.9902678,-0.1385082,-0.07453113,0.1391405,0.9874639,static,18.820579992923125,5.36308737522658,18.080032669233677,5.985718288963392,0.5030530000000002,0.4821909,1.9882251000000002,0.3213395554604772,0.0885097940168184,0.9428185438715676,18.107198770929475,5.2692862047986315,0.9596399231130713,0.9675120636789714,0.7169469494335052
05/10/2023 16:35:53.073282,4093,True,True,True,True,Eyes,1.370902,-0.3541486,-2.935949,0.2511871,0.2177299,0.9431324,0.0,0.0,0.0,0.0,0.0,0.0,0.0,-1.146735,-0.07519877,3.058976,1.372283,-0.3551758,-2.944263,-0.06971909,-0.03764656,-0.004159295,0.9968474,351.992,355.6868,359.8239,0.4204662,-0.1086574,-0.9007781,0,0,0,1.875435,0.1274002,-0.9561562,0.6506115,0.20896,1.9929,0.9971309,-0.003042997,0.07563572,0.01354173,0.9902439,-0.1386854,-0.07447579,0.1393118,0.9874439,static,18.80782860906605,5.344391586900965,18.080032669233677,5.985718288963392,0.503152,0.482576,1.9881067999999997,0.3211383510928687,0.0882085064158888,0.9429153786758447,18.09391681450478,5.251341147064379,0.9612267683939482,0.9700447767060835,0.734508377102448
05/10/2023 16:35:53.092873,4094,True,True,True,True,Eyes,1.370957,-0.3541453,-2.935946,0.2510275,0.21764,0.9431956,0.0,0.0,0.0,0.0,0.0,0.0,0.0,-1.146436,-0.07573766,3.059082,1.372296,-0.3551633,-2.944265,-0.06980802,-0.03769673,-0.004151779,0.9968393,351.9818,355.6809,359.8256,0.4204777,-0.1086567,-0.9007728,0,0,0,1.875244,0.127777,-0.9561949,0.6506115,0.20896,1.9929,0.9971234,-0.003014245,0.07573482,0.01354038,0.9902192,-0.1388617,-0.0745755,0.1394878,0.9874116,static,18.803942159666118,5.327758531558379,18.080032669233677,5.985718288963392,0.502948,0.4829403,1.9880701000000003,0.32108212949938847,0.0879365391338633,0.942959885900194,18.089288519371518,5.235319558880392,0.9687016668526417,0.9782412753010473,0.7504558114052773
05/10/2023 16:35:53.103215,4095,True,True,True,True,Eyes,1.371019,-0.3541445,-2.935942,0.2508508,0.2175387,0.943266,0.0,0.0,0.0,0.0,0.0,0.0,0.0,-1.146267,-0.07668662,3.059119,1.372349,-0.3551348,-2.944242,-0.06992427,-0.03773628,-0.004237078,0.9968293,351.9681,355.6769,359.8166,0.4204895,-0.1086558,-0.9007674,0,0,0,1.8752,0.1281697,-0.956236,0.6506114,0.20896,1.9929,0.9971161,-0.003169922,0.07582582,0.01372465,0.9901853,-0.1390853,-0.07464073,0.1397249,0.9873731,static,18.796132245600365,5.3102395802853914,18.08003007114106,5.985718288963392,0.5028509999999999,0.48330449999999997,1.988006,0.3209616798532046,0.08765199301221491,0.9430274040562797,18.080831699606176,5.21847276430659,0.974015748533429,0.9844154662248275,0.7672459434328005
05/10/2023 16:35:53.123290,4096,True,True,True,True,Eyes,1.371078,-0.3541444,-2.935938,0.250681,0.217436,0.9433349,0.0,0.0,0.0,0.0,0.0,0.0,0.0,-1.146123,-0.07660952,3.059162,1.372342,-0.3552091,-2.944222,-0.06990199,-0.0377614,-0.004288773,0.9968297,351.9704,355.6745,359.8107,0.4205018,-0.108655,-0.9007618,0,0,0,1.875127,0.1279505,-0.9561642,0.6506115,0.2089601,1.9929,0.9971113,-0.003271159,0.07588295,0.01382955,0.9901906,-0.1390368,-0.07468377,0.1396846,0.9873756,static,18.78797852525094,5.307530499235653,18.080032669233677,5.985721132694636,0.502785,0.4831596,1.9880578,0.32082864504707886,0.08761158129814502,0.943076509491517,18.072829231427175,5.2159201833843305,0.9696852170806867,0.9803723121159171,0.7698346517761324
05/10/2023 16:35:53.133277,4097,True,True,True,True,Eyes,1.371125,-0.3541469,-2.935934,0.2505133,0.2173209,0.9434059,0.0,0.0,0.0,0.0,0.0,0.0,0.0,-1.146038,-0.07643634,3.059181,1.372305,-0.3552254,-2.94422,-0.06984877,-0.03777261,-0.00435375,0.9968327,351.9762,355.6737,359.8031,0.4205143,-0.1086541,-0.9007561,0,0,0,1.875087,0.1276506,-0.9560926,0.6506116,0.2089601,1.9929,0.9971086,-0.003403179,0.07591417,0.01395666,0.9902044,-0.1389262,-0.07469774,0.139584,0.9873887,static,18.77819606036924,5.308018856603612,18.08003526732622,5.985721132694636,0.5027819999999998,0.482876,1.9881274000000002,0.32066723110771467,0.08762466980630282,0.943130120048956,18.06342657848183,5.216465473915818,0.9621057804329635,0.9729896546014309,0.7694349336418007
05/10/2023 16:35:53.158979,4098,True,True,True,True,Eyes,1.37117,-0.3541508,-2.935933,0.2503513,0.2171943,0.943478,0.0,0.0,0.0,0.0,0.0,0.0,0.0,-1.145845,-0.07548755,3.059297,1.372321,-0.3552669,-2.944228,-0.06969807,-0.03780754,-0.004352362,0.996842,351.9935,355.6697,359.8029,0.4205269,-0.1086534,-0.9007503,0,0,0,1.874954,0.1270196,-0.9559192,0.6506115,0.20896,1.9929,0.9971033,-0.003407009,0.075983,0.01394746,0.9902465,-0.1386268,-0.07476959,0.139285,0.9874255,static,18.772818156923098,5.317054900225915,18.080032669233677,5.985718288963392,0.5026330000000001,0.4822865,1.9883088,0.3205743919597699,0.08777631547497657,0.9431475237254464,18.05872262927454,5.225226003282084,0.9522068066447523,0.9628408276506322,0.7607907954121423
05/10/2023 16:35:53.173269,4099,True,True,True,True,Eyes,1.37122,-0.3541545,-2.935934,0.2501929,0.2170798,0.9435464,0.0,0.0,0.0,0.0,0.0,0.0,0.0,-1.145762,-0.07443374,3.059421,1.372345,-0.3553021,-2.944282,-0.06950118,-0.03782848,-0.004415929,0.9968546,352.0158,355.6679,359.7949,0.4205393,-0.1086528,-0.9007446,0,0,0,1.874928,0.1261363,-0.9557554,0.6506115,0.20896,1.9929,0.997099,-0.003545832,0.07603281,0.01406233,0.9903002,-0.1382311,-0.07480516,0.1388992,0.9874772,static,18.765021025596003,5.334334620127398,18.080032669233677,5.985718288963392,0.502583,0.48143840000000004,1.9885265999999997,0.3204378521048712,0.08806505149348742,0.9431670400174491,18.052124331567104,5.241960034896297,0.935151343312715,0.9452564373640628,0.7442816777297725
05/10/2023 16:35:53.192979,4100,True,True,True,True,Eyes,1.371272,-0.3541548,-2.935936,0.2500343,0.2169824,0.9436108,0.0,0.0,0.0,0.0,0.0,0.0,0.0,-1.1453,-0.07396033,3.059653,1.372361,-0.3553053,-2.944324,-0.06952479,-0.03789451,-0.004166106,0.9968515,352.0142,355.6583,359.8243,0.4205517,-0.1086523,-0.9007389,0,0,0,1.874508,0.1265203,-0.9557816,0.6506116,0.20896,1.9929,0.9970933,-0.00303676,0.0761297,0.01357519,0.9902979,-0.138296,-0.0749711,0.1389275,0.9874606,static,18.767408247840905,5.31673496511854,18.08003526732622,5.985718288963392,0.5021470000000001,0.48182559999999997,1.9885424,0.3204854050335596,0.08777383828273573,0.9431779860855964,18.053491462076764,5.224958200178964,0.9484092333475369,0.9591768877137038,0.7612230200699477
05/10/2023 16:35:53.208335,4101,True,True,True,True,Eyes,1.371326,-0.3541561,-2.935937,0.2499016,0.2168562,0.943675,0.0,0.0,0.0,0.0,0.0,0.0,0.0,-1.14474,-0.07576767,3.059882,1.372446,-0.3552298,-2.94436,-0.06973975,-0.03800562,-0.004329255,0.9968317,351.9888,355.6466,359.8073,0.4205642,-0.1086517,-0.9007332,0,0,0,1.874266,0.127267,-0.9558967,0.6506117,0.20896,1.9929,0.9970737,-0.003330071,0.07637424,0.01393208,0.9902353,-0.1387085,-0.07516655,0.1393667,0.9873839,static,18.76877474758698,5.289510484814435,18.08003786541868,5.985718288963392,0.5018199999999999,0.48249679999999995,1.9884633,0.32052061527827913,0.08732457615393013,0.9432077609769601,18.05336416346266,5.198676075978157,0.9674509487215824,0.9793180277197104,0.7874940834042723
05/10/2023 16:35:53.228036,4102,True,True,True,True,Eyes,1.371374,-0.3541552,-2.935937,0.2497745,0.2167358,0.9437364,0.0,0.0,0.0,0.0,0.0,0.0,0.0,-1.145408,-0.07654619,3.059605,1.372439,-0.3552608,-2.944351,-0.06977932,-0.03790554,-0.00456221,0.9968317,351.9833,355.6601,359.7798,0.4205768,-0.1086512,-0.9007273,0,0,0,1.874823,0.1271142,-0.9560009,0.6506115,0.20896,1.9929,0.9970847,-0.003805465,0.07620759,0.01438556,0.9902201,-0.1387706,-0.0749342,0.1394623,0.987388,static,18.74560584206124,5.28404607269185,18.080032669233677,5.985718288963392,0.5023839999999999,0.482375,1.9883501000000001,0.32014140894690074,0.08724643759336592,0.943343859863205,18.030743537497727,5.1935782025069885,0.9544746908693733,0.9671254042135221,0.7936720576399566
05/10/2023 16:35:53.243207,4103,True,True,True,True,Eyes,1.371426,-0.3541539,-2.935935,0.2496403,0.2165946,0.9438043,0.0,0.0,0.0,0.0,0.0,0.0,0.0,-1.14544,-0.07592922,3.05953,1.372326,-0.3552073,-2.944329,-0.06974025,-0.03787492,-0.004393529,0.9968363,351.9885,355.6623,359.7989,0.4205893,-0.1086507,-0.9007215,0,0,0,1.874717,0.1272047,-0.9559898,0.6506114,0.20896,1.9929,0.9970924,-0.003476444,0.07612299,0.01404207,0.990234,-0.1387064,-0.07489737,0.139372,0.9874036,moving,18.737126852241243,5.273264528715799,18.08003007114106,5.985718288963392,0.502391,0.482412,1.9883392000000002,0.32000666793952137,0.08707310540221476,0.9434055668807554,18.021999292365674,5.183238108529154,0.9558821209827425,0.9692092344912713,0.8045756715654814
05/10/2023 16:35:53.253300,4104,True,True,True,True,Eyes,1.37148,-0.354156,-2.935934,0.2495101,0.216461,0.9438694,0.0,0.0,0.0,0.0,0.0,0.0,0.0,-1.145042,-0.0760819,3.059635,1.372337,-0.3552009,-2.944283,-0.06981664,-0.03793614,-0.004267087,0.9968292,351.9803,355.6541,359.8143,0.4206019,-0.1086501,-0.9007158,0,0,0,1.870795,0.1254735,-0.9556483,0.6470504,0.2066965,1.993182,0.9970853,-0.003209966,0.07622753,0.01380426,0.9902148,-0.1388668,-0.07503587,0.1395143,0.987373,moving,18.738349564582176,5.251580061760779,17.98508228458126,5.920511061919432,0.49845800000000007,0.48067439999999995,1.9886347,0.32003683809405337,0.08671512211026008,0.9434283272403542,18.022027326943846,5.162303217906065,0.9980656257709586,1.0074126652436097,0.7591074172200998
05/10/2023 16:35:53.278074,4105,True,True,True,True,Eyes,1.371532,-0.3541586,-2.935929,0.249394,0.2163045,0.9439359,0.0,0.0,0.0,0.0,0.0,0.0,0.0,-1.145107,-0.07576448,3.059681,1.372444,-0.3552871,-2.944288,-0.06981547,-0.03793889,-0.004176667,0.9968296,351.9808,355.6531,359.8247,0.4206146,-0.1086495,-0.9007099,0,0,0,1.868031,0.1237847,-0.955409,0.6442847,0.2049387,1.993402,0.9970864,-0.003029407,0.0762204,0.01362429,0.9902167,-0.1388713,-0.07505403,0.1395051,0.9873729,moving,18.733274935241827,5.238403308540441,17.911279504532278,5.869871280961438,0.495587,0.47907180000000005,1.9888789999999998,0.3199592515470983,0.08650053950367521,0.9434742822568372,18.0164372069221,5.149625972475597,1.0297917153144671,1.0365463271368347,0.7278814785167774
05/10/2023 16:35:53.293278,4106,True,True,True,True,Eyes,1.371582,-0.3541609,-2.935924,0.2492846,0.2161483,0.9440006,0.0,0.0,0.0,0.0,0.0,0.0,0.0,-1.145893,-0.07538894,3.059329,1.37248,-0.3552914,-2.944201,-0.06976163,-0.03781727,-0.004170328,0.9968379,351.987,355.6671,359.8242,0.4206274,-0.108649,-0.9007039,0,0,0,1.865314,0.1215948,-0.9551009,0.6410854,0.2029051,1.993656,0.9971049,-0.003037892,0.07597725,0.01359067,0.9902318,-0.1387667,-0.07481353,0.1393975,0.9874064,moving,18.71308822410923,5.2334454630243625,17.825853845144415,5.811290053619113,0.492834,0.4768862,1.9891001,0.31962881967461065,0.0864290746140507,0.943592849106639,17.996717763028464,5.144994372843873,1.0546176508895906,1.0588150046616729,0.6878549357636594
05/10/2023 16:35:53.304352,4107,True,True,True,True,Eyes,1.371636,-0.3541615,-2.93592,0.2491665,0.2159859,0.9440689,0.0,0.0,0.0,0.0,0.0,0.0,0.0,-1.146004,-0.07534817,3.0593,1.372499,-0.3552889,-2.944205,-0.06971174,-0.03780704,-0.004273169,0.9968414,351.9923,355.6691,359.8121,0.4206403,-0.1086486,-0.9006979,0,0,0,1.862222,0.1193259,-0.9547683,0.6379038,0.2008828,1.993908,0.9971048,-0.003248154,0.07597104,0.01379053,0.9902441,-0.13866,-0.07477947,0.1393062,0.9874218,moving,18.703135621827265,5.232002050428729,17.740846062628947,5.753038740922102,0.48972300000000013,0.4746148,1.9894367000000002,0.31946541441523296,0.08641032389607592,0.9436498538043381,17.98704864004832,5.143676781377822,1.0922169119603797,1.0942944889664665,0.6572196793063856
05/10/2023 16:35:53.323056,4108,True,True,True,True,Eyes,1.371688,-0.354161,-2.935917,0.2490547,0.215829,0.9441344,0.0,0.0,0.0,0.0,0.0,0.0,0.0,-1.145978,-0.07563841,3.059309,1.372496,-0.3552543,-2.944216,-0.06970578,-0.03781592,-0.004387982,0.996841,351.9925,355.669,359.7989,0.4206533,-0.1086482,-0.9006919,0,0,0,1.858812,0.1171129,-0.9544458,0.6344962,0.1987166,1.994178,0.9971014,-0.003476266,0.07600464,0.01402022,0.9902437,-0.1386393,-0.07478116,0.139303,0.9874221,moving,18.695435436319066,5.226346809869797,17.64973334093857,5.690645367705665,0.48631599999999997,0.47236720000000004,1.9897702,0.31934110892774237,0.08632101013197013,0.94370022012027,17.97932699410586,5.138277707307598,1.143557905011434,1.1441442317695896,0.6432278044843789
05/10/2023 16:35:53.343048,4109,True,True,True,True,Eyes,1.371744,-0.3541618,-2.935912,0.2489327,0.2156702,0.9442027,0.0,0.0,0.0,0.0,0.0,0.0,0.0,-1.146037,-0.07601991,3.059307,1.372492,-0.3552297,-2.944251,-0.06972303,-0.03780971,-0.004486914,0.9968396,351.9901,355.6706,359.7875,0.4206663,-0.1086477,-0.9006858,0,0,0,1.855804,0.115214,-0.9542162,0.6314369,0.1967722,1.994421,0.9971006,-0.00367305,0.07600611,0.01421788,0.9902371,-0.138666,-0.07475474,0.1393446,0.9874182,moving,18.685650534602118,5.21719643821925,17.567870969067744,5.634641572377585,0.48331199999999996,0.47044369999999996,1.9900348,0.31918393852437477,0.08617509647455719,0.9437665649514659,17.969410621275337,5.129521585929688,1.1933426544170775,1.1931854831327289,0.6452753621548845
05/10/2023 16:35:53.353237,4110,True,True,True,True,Eyes,1.371797,-0.3541625,-2.935908,0.2488119,0.2155149,0.94427,0.0,0.0,0.0,0.0,0.0,0.0,0.0,-1.14588,-0.07645407,3.059315,1.372489,-0.3552677,-2.944207,-0.06978051,-0.0378372,-0.004537169,0.9968343,351.9832,355.6678,359.7822,0.4206795,-0.1086473,-0.9006798,0,0,0,1.852544,0.1134181,-0.9539104,0.6282939,0.1947744,1.99467,0.9970955,-0.003765012,0.07606805,0.01432621,0.9902202,-0.1387758,-0.07480162,0.1394625,0.9873981,moving,18.68054224978699,5.20216586497348,17.483717849183577,5.577104554126194,0.4800549999999999,0.46868580000000004,1.9902966,0.3191065789533617,0.08592987465368936,0.9438150849156328,17.963689711143402,5.1150556479086315,1.2546717446177746,1.2541800773825384,0.6662298252180154
05/10/2023 16:35:53.373219,4111,True,True,True,True,Eyes,1.371844,-0.354163,-2.935903,0.2487005,0.2153764,0.944331,0.0,0.0,0.0,0.0,0.0,0.0,0.0,-1.145593,-0.07630309,3.059456,1.372509,-0.3552648,-2.944229,-0.06974653,-0.03788796,-0.004553258,0.9968347,351.9871,355.662,359.7805,0.4206928,-0.1086468,-0.9006736,0,0,0,1.849131,0.1113086,-0.9535617,0.6250961,0.1927418,1.994924,0.9970875,-0.003792583,0.07617119,0.0143628,0.9902294,-0.1387065,-0.0749009,0.1393965,0.9873999,moving,18.679426137330804,5.197848401752722,17.398033680061307,5.518566630452766,0.4766220000000001,0.46657339999999997,1.9906673000000001,0.3190901599316818,0.08585925999223691,0.9438271172447681,17.962384918738564,5.110897715932853,1.3213796995870486,1.3209189270230228,0.6961941284314308
05/10/2023 16:35:53.393161,4112,True,True,True,True,Eyes,1.371886,-0.3541649,-2.935898,0.2485926,0.2152414,0.9443902,0.0,0.0,0.0,0.0,0.0,0.0,0.0,-1.145742,-0.07677063,3.059333,1.372494,-0.3552525,-2.944179,-0.06982151,-0.03786162,-0.004558539,0.9968303,351.9785,355.6651,359.7801,0.4207059,-0.1086464,-0.9006675,0,0,0,1.845903,0.1095897,-0.9533091,0.6218103,0.1906534,1.995185,0.9970915,-0.003801071,0.07611979,0.01437529,0.9902083,-0.1388552,-0.07484664,0.1395456,0.9873829,moving,18.66972364125745,5.180246633708528,17.309930526225127,5.458425109882297,0.47340899999999997,0.46484220000000004,1.9908699,0.3189381888200268,0.0855739235721646,0.9439044052346752,17.952099591642146,5.093985323637682,1.3880926446193274,1.3879555397402554,0.7383748820054673
05/10/2023 16:35:53.403011,4113,True,True,True,True,Eyes,1.371935,-0.3541656,-2.935891,0.2485037,0.2151145,0.9444425,0.0,0.0,0.0,0.0,0.0,0.0,0.0,-1.14565,-0.0763745,3.059356,1.372436,-0.3552902,-2.94418,-0.06978088,-0.03786546,-0.004513636,0.9968333,351.9833,355.6643,359.7851,0.4207189,-0.108646,-0.9006615,0,0,0,1.842574,0.107482,-0.9529849,0.6186233,0.1886276,1.995438,0.9970917,-0.003714115,0.07612104,0.01428326,0.9902205,-0.138778,-0.07486118,0.1394616,0.9873937,moving,18.665687782939436,5.1751812215705675,17.224419058092145,5.400090317956846,0.47013799999999994,0.46277219999999997,1.9911950999999997,0.3188739366563123,0.08549242364366229,0.9439334885737596,17.947941000231914,5.089127709928168,1.4581657607215672,1.4587116366370112,0.7875161867223429
05/10/2023 16:35:53.423221,4114,True,True,True,True,Eyes,1.371983,-0.3541663,-2.935887,0.2484211,0.2149944,0.9444916,0.0,0.0,0.0,0.0,0.0,0.0,0.0,-1.145999,-0.07593128,3.059197,1.372439,-0.35527,-2.94414,-0.06973611,-0.03780638,-0.004442767,0.9968389,351.9888,355.6706,359.7926,0.4207319,-0.1086456,-0.9006554,0,0,0,1.839529,0.1054299,-0.9526756,0.6154238,0.186594,1.995692,0.9971019,-0.003584506,0.0759934,0.01413039,0.9902343,-0.1386954,-0.07475411,0.1393673,0.9874151,moving,18.655330618818407,5.169775091017655,17.13851430528376,5.341534433690143,0.46709,0.46069989999999994,1.9914644,0.3187056103241053,0.08540846212801856,0.9439979586694013,17.937671714100766,5.083989133535741,1.5250299633393471,1.5265100722891163,0.8396321490383348
05/10/2023 16:35:53.443348,4115,True,True,True,True,Eyes,1.372033,-0.3541686,-2.935882,0.2483504,0.2148731,0.9445378,0.0,0.0,0.0,0.0,0.0,0.0,0.0,-1.146293,-0.07567415,3.059162,1.372461,-0.3552729,-2.944201,-0.06973131,-0.03775739,-0.004352782,0.9968416,351.9897,355.6755,359.8026,0.4207449,-0.1086453,-0.9006495,0,0,0,1.836366,0.1034795,-0.9524881,0.6121373,0.1845049,1.995952,0.9971108,-0.003412324,0.07588331,0.01394381,0.9902372,-0.1386934,-0.07466922,0.1393508,0.9874238,moving,18.647077348061032,5.159134373242011,17.050220964050524,5.281386793196938,0.463905,0.4587524,1.9917129,0.3185743201705133,0.08523711464787553,0.9440577645075595,17.929152493500524,5.073783229681548,1.5989602354643664,1.6015292583465186,0.9031167549357085
05/10/2023 16:35:53.468013,4116,True,True,True,True,Eyes,1.37209,-0.3541704,-2.93588,0.2482507,0.2147779,0.9445857,0.0,0.0,0.0,0.0,0.0,0.0,0.0,-1.14686,-0.07533699,3.058944,1.372474,-0.3553184,-2.944175,-0.06974476,-0.03766068,-0.004211627,0.9968449,351.9888,355.6855,359.8181,0.4207579,-0.108645,-0.9006435,0,0,0,1.833548,0.1017247,-0.9522974,0.6090406,0.1825366,1.996197,0.9971279,-0.003143406,0.07567118,0.01364995,0.9902359,-0.1387322,-0.07449622,0.1393666,0.9874347,moving,18.632533294660345,5.145831005598838,16.966971195141667,5.2247206918757545,0.461074,0.4570431,1.9918776,0.3183404721518251,0.08502496362020782,0.9441558136107225,17.91442880980652,5.061055454633529,1.663786977454502,1.6674293658065202,0.9614895950908495
05/10/2023 16:35:53.473134,4117,True,True,True,True,Eyes,1.372145,-0.3541717,-2.935876,0.2481619,0.2146879,0.9446295,0.0,0.0,0.0,0.0,0.0,0.0,0.0,-1.147071,-0.07538572,3.05894,1.372478,-0.3553226,-2.944253,-0.06976831,-0.03762389,-0.00417403,0.9968449,351.9863,355.6895,359.8223,0.420771,-0.1086446,-0.9006374,0,0,0,1.830361,0.09983373,-0.9521354,0.6057631,0.1804532,1.996458,0.997134,-0.003071807,0.07559279,0.01357163,0.9902299,-0.1387822,-0.07442793,0.1394104,0.9874337,moving,18.623637597920826,5.135594639067103,16.878789210927316,5.164740620056689,0.4578829999999998,0.45515633,1.9921175999999998,0.3181983578026355,0.0848605524805515,0.9442185165588902,17.905311856802694,5.051244613278249,1.7400891309965258,1.7450917975286286,1.0327778493217399
05/10/2023 16:35:53.493096,4118,True,True,True,True,Eyes,1.372197,-0.3541733,-2.935873,0.2480775,0.2146004,0.9446715,0.0,0.0,0.0,0.0,0.0,0.0,0.0,-1.147615,-0.07557389,3.058682,1.37247,-0.3553133,-2.944206,-0.06979411,-0.03753503,-0.004191093,0.9968462,351.9832,355.6999,359.8197,0.4207842,-0.1086444,-0.9006312,0,0,0,1.826755,0.09750479,-0.9518338,0.6018388,0.177959,1.996769,0.9971471,-0.003116302,0.07541833,0.0135952,0.9902225,-0.1388334,-0.07424828,0.1394626,0.9874398,moving,18.608132550207205,5.126782514058796,16.773138811709437,5.092943237900825,0.45428499999999983,0.45281809,1.9923722,0.31794655065871424,0.0847228747923531,0.9443156495631139,17.88990022242307,5.0428581855945165,1.8284534344410668,1.8353057284651275,1.11788396576909
05/10/2023 16:35:53.503214,4119,True,True,True,True,Eyes,1.37225,-0.3541737,-2.93587,0.2479443,0.2145046,0.9447282,0.0,0.0,0.0,0.0,0.0,0.0,0.0,-1.147633,-0.07570666,3.058688,1.372468,-0.3553212,-2.944222,-0.0697949,-0.03753395,-0.004244197,0.9968459,351.9829,355.7004,359.8136,0.4207975,-0.1086441,-0.9006251,0,0,0,1.823912,0.09569417,-0.9515872,0.5989941,0.1761508,1.996995,0.9971464,-0.003222263,0.07542358,0.01370098,0.9902213,-0.1388309,-0.07423869,0.1394681,0.9874398,moving,18.5991375911691,5.121889862369833,16.696496175932825,5.04089546662435,0.45144399999999996,0.45101537,1.9926347999999998,0.31780035648346705,0.08464660998842648,0.9443716726137747,17.880971102540133,5.038204811684284,1.8960316703125024,1.9043645783080692,1.1844779826511738
05/10/2023 16:35:53.523244,4120,True,True,True,True,Eyes,1.372299,-0.3541749,-2.935869,0.2478097,0.2144111,0.9447848,0.0,0.0,0.0,0.0,0.0,0.0,0.0,-1.147335,-0.07630077,3.05879,1.372458,-0.3552999,-2.944235,-0.0698815,-0.0375809,-0.004260497,0.9968381,351.9729,355.6951,359.8124,0.4208108,-0.1086438,-0.9006189,0,0,0,1.820865,0.09430631,-0.951377,0.5961665,0.1743537,1.997219,0.9971391,-0.003241631,0.0755196,0.01374647,0.9901969,-0.1390009,-0.07432868,0.1396413,0.9874085,moving,18.59599090422298,5.106228833077553,16.62027550779362,4.98917213164882,0.448407,0.44960621,1.992858,0.3177554552789644,0.08438982029292093,0.9444098233286894,17.87710737696241,5.023115636673752,1.9696432145292169,1.9791800319923882,1.257290145070615
05/10/2023 16:35:53.543049,4121,True,True,True,True,Eyes,1.372382,-0.3541725,-2.935867,0.2475725,0.2142987,0.9448725,0.0,0.0,0.0,0.0,0.0,0.0,0.0,-1.146701,-0.07652873,3.059025,1.372417,-0.355319,-2.944254,-0.0698837,-0.03768158,-0.004346332,0.9968339,351.9723,355.6841,359.8033,0.4208241,-0.1086435,-0.9006128,0,0,0,1.817325,0.09230433,-0.9510179,0.5930584,0.1723781,1.997466,0.9971224,-0.003398483,0.07573202,0.0139318,0.9901947,-0.1389973,-0.07451707,0.1396524,0.9873927,moving,18.59182428904594,5.101379340822629,16.536437457617414,4.932313428145067,0.4449080000000001,0.44762333,1.9932360999999998,0.317688884684007,0.08431187046509928,0.9444391975564642,17.87283421448776,5.01846737634696,2.0510321511004213,2.0623283709533995,1.3391709355285286
05/10/2023 16:35:53.553242,4122,True,True,True,True,Eyes,1.372462,-0.3541711,-2.935866,0.2473429,0.2141907,0.9449571,0.0,0.0,0.0,0.0,0.0,0.0,0.0,-1.146216,-0.07662058,3.05923,1.37241,-0.3552874,-2.944288,-0.06989371,-0.03775888,-0.004339936,0.9968302,351.9711,355.6752,359.8047,0.4208381,-0.108643,-0.9006063,0,0,0,1.813835,0.09046452,-0.9507092,0.5899287,0.1703888,1.997714,0.9971108,-0.003374141,0.07588507,0.01393058,0.990192,-0.1390166,-0.07467172,0.1396721,0.9873783,moving,18.58703244267378,5.09269021149019,16.451969654827344,4.8750665320302735,0.4414250000000002,0.44575191999999997,1.9935787999999999,0.31761369145892415,0.0841708762308253,0.9444770476722449,17.867754732625958,5.010118574648393,2.133141777424216,2.1461251533655417,1.4222118128930556
05/10/2023 16:35:53.573305,4123,True,True,True,True,Eyes,1.372555,-0.3541706,-2.935864,0.2469862,0.2140497,0.9450823,0.0,0.0,0.0,0.0,0.0,0.0,0.0,-1.146056,-0.07668543,3.059302,1.372408,-0.355312,-2.944301,-0.06989843,-0.03778549,-0.004361777,0.9968288,351.9705,355.6723,359.8025,0.4208527,-0.1086424,-0.9005995,0,0,0,1.810478,0.08845693,-0.9504075,0.5867061,0.1683404,1.99797,0.9971064,-0.003413597,0.07594109,0.01397818,0.9901903,-0.1390239,-0.07472157,0.1396831,0.987373,moving,18.568440626397237,5.082591013044517,16.364934638740444,4.816122032800424,0.43806999999999996,0.44376893,1.9938935,0.3173114237285594,0.08401335869918056,0.9445926247675543,17.84929971635779,5.0005134707310495,2.204885821173469,2.219559495726949,1.4957740090107456
05/10/2023 16:35:53.593349,4124,True,True,True,True,Eyes,1.372645,-0.35417,-2.935864,0.2466419,0.2139138,0.945203,0.0,0.0,0.0,0.0,0.0,0.0,0.0,-1.14609,-0.07589525,3.059306,1.372407,-0.3553578,-2.944292,-0.06980613,-0.03777731,-0.004288496,0.9968358,351.9814,355.6727,359.8105,0.4208683,-0.1086418,-0.9005923,0,0,0,1.807233,0.08615652,-0.9500415,0.5835145,0.1663116,1.998222,0.997109,-0.003275676,0.07591428,0.01382403,0.9902174,-0.1388465,-0.07471682,0.1394945,0.9873999,moving,18.548458621758783,5.080743845574116,16.278694132070584,4.757750031805897,0.43482600000000016,0.44151432,1.9942505,0.3169825380370525,0.0839926477316896,0.9447049050267806,17.829942606532306,4.99888214476848,2.2759538055992588,2.2926307688727534,1.569877869587829
05/10/2023 16:35:53.602977,4125,True,True,True,True,Eyes,1.372745,-0.3541683,-2.935863,0.2461329,0.2137576,0.945371,0.0,0.0,0.0,0.0,0.0,0.0,0.0,-1.145972,-0.07558143,3.059407,1.372398,-0.3553527,-2.944348,-0.06977869,-0.03779158,-0.004223803,0.9968375,351.9848,355.6705,359.8179,0.4208845,-0.1086411,-0.9005848,0,0,0,1.803807,0.08410229,-0.9497705,0.5802349,0.164227,1.998483,0.9971079,-0.003146796,0.0759336,0.01369498,0.9902262,-0.1387968,-0.07475467,0.1394352,0.9874054,moving,18.520973863505535,5.069756233137986,16.19000366312756,4.6977727547601535,0.43140899999999993,0.43945499,1.9945775000000001,0.3165338174701241,0.08382472196412594,0.9448702567266031,17.802869236774054,4.988487007984111,2.3420643265782117,2.360464738825008,1.6388563499225919
05/10/2023 16:35:53.623088,4126,True,True,True,True,Eyes,1.372843,-0.3541651,-2.935861,0.2456459,0.2136075,0.9455315,0.0,0.0,0.0,0.0,0.0,0.0,0.0,-1.146096,-0.07539687,3.059361,1.372415,-0.3553473,-2.944336,-0.06976987,-0.03777204,-0.004171233,0.996839,351.9861,355.6723,359.8238,0.4209017,-0.1086402,-0.9005768,0,0,0,1.800603,0.08213535,-0.949479,0.5770028,0.1621725,1.998739,0.9971118,-0.003045394,0.07588732,0.01358679,0.9902295,-0.1387836,-0.07472322,0.1394138,0.9874108,moving,18.490710749849946,5.057297682622962,16.10255168284533,4.638669579731375,0.428188,0.43748265,1.9948569999999999,0.3160397652524233,0.08363377789768224,0.9450524576493435,17.773039986028394,4.976693430775629,2.4045346044617313,2.424572790791599,1.7043448286500646
05/10/2023 16:35:53.643336,4127,True,True,True,True,Eyes,1.37295,-0.354162,-2.935859,0.2449916,0.2134326,0.9457408,0.0,0.0,0.0,0.0,0.0,0.0,0.0,-1.146276,-0.07545605,3.059269,1.372463,-0.3553084,-2.944294,-0.06977138,-0.0377513,-0.004179149,0.9968397,351.9859,355.6748,359.8227,0.4209197,-0.1086392,-0.9005685,0,0,0,1.797559,0.08023648,-0.9491702,0.5738595,0.1601746,1.998989,0.9971148,-0.003063963,0.07584715,0.0135998,0.990229,-0.1387862,-0.07468082,0.1394173,0.9874136,moving,18.44931743957984,5.043329473549427,16.017442061405063,4.581197283400254,0.4250959999999999,0.43554488,1.9951238000000002,0.3153625368045076,0.0834231940569686,0.9452973398203968,17.732403105499834,4.963527245077655,2.4538599673240564,2.475395729200643,1.7570622021883207
05/10/2023 16:35:53.653498,4128,True,True,True,True,Eyes,1.373054,-0.3541626,-2.935856,0.2443683,0.2132598,0.9459411,0.0,0.0,0.0,0.0,0.0,0.0,0.0,-1.14634,-0.07568562,3.059276,1.372478,-0.355329,-2.944323,-0.0698138,-0.03774254,-0.004175534,0.9968371,351.981,355.6758,359.8232,0.4209386,-0.1086381,-0.9005597,0,0,0,1.794411,0.07844187,-0.9489568,0.5706983,0.1581655,1.999239,0.9971161,-0.003054753,0.07582933,0.01359455,0.9902171,-0.1388708,-0.0746633,0.1395011,0.9874031,moving,18.4112553541405,5.024588518902265,15.931806764479054,4.523411142055442,0.4219329999999999,0.43377087000000003,1.9953661999999999,0.3147422071233969,0.0831320334992004,0.9455297885690963,17.6947237229412,4.94573012475645,2.506738203470078,2.529593657455125,1.8127960518445099
05/10/2023 16:35:53.677997,4129,True,True,True,True,Eyes,1.373168,-0.3541634,-2.935854,0.243585,0.2130681,0.9461862,0.0,0.0,0.0,0.0,0.0,0.0,0.0,-1.146705,-0.0755032,3.05914,1.37249,-0.3554174,-2.944303,-0.06977034,-0.03768852,-0.00424636,0.9968419,351.9857,355.6826,359.8145,0.4209583,-0.108637,-0.9005507,0,0,0,1.791261,0.07602675,-0.9486309,0.5673175,0.1560166,1.999508,0.9971231,-0.003206817,0.07573152,0.01372498,0.9902281,-0.1387799,-0.07454643,0.1394201,0.9874234,moving,18.357447711985582,5.0161021740569,15.840153130744046,4.461606272124161,0.418771,0.43144415,1.9956721000000002,0.3138570779286693,0.08301760016208029,0.9458339205328048,17.642412460704172,4.937947908196142,2.552920175303077,2.5776418901795113,1.8641459295570328
05/10/2023 16:35:53.693228,4130,True,True,True,True,Eyes,1.373278,-0.3541594,-2.935851,0.2428348,0.2128927,0.9464185,0.0,0.0,0.0,0.0,0.0,0.0,0.0,-1.146029,-0.07432494,3.059471,1.372531,-0.3554421,-2.944332,-0.06968632,-0.03779376,-0.003981713,0.9968448,351.9965,355.6683,359.8455,0.4209789,-0.1086358,-0.9005411,0,0,0,1.787541,0.07400386,-0.9482388,0.5641759,0.1540197,1.999757,0.9971116,-0.002670883,0.07590397,0.01320572,0.990256,-0.1386319,-0.07479408,0.1392339,0.9874309,moving,18.329552787269613,5.003412830165647,15.75493894390632,4.4041808108051095,0.4150100000000001,0.42944596,1.9960932000000002,0.3134016958838671,0.08282124274257673,0.946002134096045,17.614853479858326,4.925913694204016,2.617137908997518,2.643428730922174,1.9317057960945563
05/10/2023 16:35:53.708216,4131,True,True,True,True,Eyes,1.373423,-0.3541548,-2.935846,0.2419222,0.2126647,0.9467034,0.0,0.0,0.0,0.0,0.0,0.0,0.0,-1.146025,-0.07622203,3.059404,1.372545,-0.355327,-2.944316,-0.06987461,-0.03780749,-0.004237876,0.9968302,351.9738,355.6687,359.8168,0.4210002,-0.1086345,-0.9005313,0,0,0,1.784314,0.07258524,-0.9480516,0.5608734,0.1519205,2.000019,0.9971052,-0.003165318,0.07596753,0.01373245,0.9901991,-0.1389858,-0.07478305,0.1396267,0.9873763,moving,18.27219749768095,4.9717002761551585,15.66530433955463,4.3438188115694,0.41176900000000005,0.42791224,1.9962644000000003,0.31246745342029975,0.08232430234984117,0.9463544541270644,17.557890675660648,4.895744893461226,2.65434199085095,2.6814412302819854,1.9714221870232824
05/10/2023 16:35:53.723130,4132,True,True,True,True,Eyes,1.373564,-0.3541507,-2.935837,0.2410507,0.2124497,0.946974,0.0,0.0,0.0,0.0,0.0,0.0,0.0,-1.145803,-0.07793343,3.059452,1.37259,-0.3553672,-2.944299,-0.07014966,-0.03785101,-0.004271299,0.9968091,351.942,355.6638,359.8145,0.4210232,-0.108633,-0.9005207,0,0,0,1.780974,0.07163878,-0.9479408,0.5576723,0.1498856,2.000273,0.9970981,-0.003204868,0.07605971,0.01382581,0.9901216,-0.1395283,-0.07486118,0.140175,0.9872926,moving,18.224350903533967,4.923756896804409,15.578368855060653,4.285311562549083,0.4083840000000001,0.42700598,1.9963582,0.31169688377298765,0.08155412370981074,0.9466752607038561,17.509231461437352,4.849841299332206,2.6947726787309327,2.721917237109797,2.0116968530114674
05/10/2023 16:35:53.743080,4133,True,True,True,True,Eyes,1.373715,-0.3541465,-2.935827,0.2400292,0.2121749,0.947295,0.0,0.0,0.0,0.0,0.0,0.0,0.0,-1.145982,-0.07985568,3.059247,1.372625,-0.3553741,-2.94419,-0.07030988,-0.03784498,-0.004659117,0.9967962,351.922,355.6676,359.7704,0.4210475,-0.1086314,-0.9005096,0,0,0,1.778246,0.0700646,-0.9476686,0.554695,0.1479934,2.000509,0.9970921,-0.003966629,0.07610262,0.01461013,0.9900696,-0.1398166,-0.0747923,0.1405219,0.9872485,moving,18.1561849501753,4.896034186580461,15.497466874823294,4.230912902358308,0.405621,0.42543870000000006,1.9965213999999998,0.3105812329932648,0.08112723421615367,0.947078503424331,17.442060769981374,4.82360452442857,2.7127923305704402,2.7406510407070814,2.0329114038635216
05/10/2023 16:35:53.753804,4134,True,True,True,True,Eyes,1.373859,-0.3541419,-2.935817,0.2390432,0.2118989,0.947606,0.0,0.0,0.0,0.0,0.0,0.0,0.0,-1.146238,-0.07875973,3.059166,1.372605,-0.3553863,-2.944184,-0.07006987,-0.037808,-0.004807285,0.9968139,351.9489,355.6732,359.752,0.4210733,-0.1086296,-0.9004977,0,0,0,1.77525,0.06701411,-0.9471877,0.5515344,0.1459845,2.000759,0.9970949,-0.004285533,0.07604877,0.01488234,0.9901342,-0.1393297,-0.07470138,0.1400567,0.9873216,moving,18.091402788158067,4.906861196164814,15.411539522556447,4.173166085642338,0.4026449999999999,0.42240041,1.9969963,0.30950490496428645,0.08133621864349236,0.9474128244135583,17.380196662736317,4.834542851730972,2.748133245943547,2.7784844137632962,2.0767836098888695
05/10/2023 16:35:53.773316,4135,True,True,True,True,Eyes,1.374012,-0.3541367,-2.935804,0.2379285,0.2115998,0.9479534,0.0,0.0,0.0,0.0,0.0,0.0,0.0,-1.145893,-0.07718718,3.059298,1.372554,-0.3553706,-2.94417,-0.06987144,-0.03785069,-0.004651397,0.9968268,351.9723,355.6671,359.7695,0.4211003,-0.1086276,-0.9004853,0,0,0,1.771704,0.06443556,-0.9466966,0.5483465,0.1439581,2.001013,0.9970914,-0.003983912,0.07611117,0.01456264,0.9901927,-0.1389473,-0.07481116,0.1396516,0.9873706,moving,18.033161464557082,4.9014742946444905,15.324806278520404,4.114918504749271,0.3991499999999999,0.41980616,1.9974734,0.30854329860943,0.08127384765849932,0.9477318658849904,17.323776554723697,4.829785165418398,2.7880822593766807,2.8202584676496345,2.1229499541158523
05/10/2023 16:35:53.793078,4136,True,True,True,True,Eyes,1.374158,-0.3541337,-2.935794,0.2368564,0.2112984,0.948289,0.0,0.0,0.0,0.0,0.0,0.0,0.0,-1.1451,-0.07655054,3.05959,1.372582,-0.3553672,-2.944136,-0.06977887,-0.03798413,-0.004613205,0.9968285,351.9831,355.6514,359.7746,0.4211286,-0.1086256,-0.9004723,0,0,0,1.767861,0.06211236,-0.9461882,0.5450807,0.1418824,2.001272,0.9970719,-0.003896168,0.07637111,0.01449812,0.9902192,-0.1387647,-0.0750835,0.1394656,0.9873762,moving,17.985604095615376,4.888253374538498,15.23591054985608,4.055262707718432,0.39527899999999994,0.41747955999999997,1.9979478,0.30776148567169703,0.08107673259268652,0.9480028623130649,17.277238260762918,4.817386760707265,2.83938995697787,2.8730972915304607,2.1789566070622604
05/10/2023 16:35:53.802944,4137,True,True,True,True,Eyes,1.374308,-0.3541293,-2.935784,0.2356415,0.2109369,0.9486721,0.0,0.0,0.0,0.0,0.0,0.0,0.0,-1.144999,-0.075302,3.05971,1.372576,-0.3554117,-2.944187,-0.06958883,-0.03799923,-0.004587357,0.9968413,352.005,355.6495,359.7768,0.4211579,-0.1086235,-0.9004589,0,0,0,1.764519,0.0593625,-0.9457811,0.5418659,0.1398389,2.001527,0.99707,-0.003857089,0.07639686,0.01443438,0.9902727,-0.1383894,-0.07511993,0.1390866,0.9874269,moving,17.916091068924043,4.881723764859693,15.148351782780205,3.996538785770279,0.39194299999999993,0.4147742,1.9984058999999998,0.30661303363100606,0.08100024432818355,0.9483814916206643,17.209893603920726,4.8116116459686635,2.8703708706102167,2.9058446626186902,2.216821699583291
05/10/2023 16:35:53.828293,4138,True,True,True,True,Eyes,1.374452,-0.354129,-2.935776,0.2344677,0.2105982,0.9490381,0.0,0.0,0.0,0.0,0.0,0.0,0.0,-1.14532,-0.07488233,3.059592,1.372578,-0.3553903,-2.94418,-0.06954429,-0.03794442,-0.004522726,0.9968468,352.0104,355.6553,359.7837,0.4211881,-0.1086212,-0.900445,0,0,0,1.761431,0.05727413,-0.9454945,0.5386307,0.1377826,2.001784,0.9970795,-0.003739294,0.0762786,0.01429456,0.9902863,-0.1383068,-0.07502048,0.1389932,0.9874476,moving,17.841489676683732,4.858290387141565,15.060184003700515,3.937452856469735,0.3888529999999999,0.41266442999999997,1.9986854999999997,0.305386746883007,0.08064573946770878,0.948807261234894,17.13674785548522,4.789562798458985,2.893299577604457,2.92977866134328,2.244595461052135
05/10/2023 16:35:53.848008,4139,True,True,True,True,Eyes,1.37459,-0.3541266,-2.935769,0.2332312,0.2101509,0.9494418,0.0,0.0,0.0,0.0,0.0,0.0,0.0,-1.14485,-0.07493317,3.059834,1.372596,-0.3554907,-2.944229,-0.06962223,-0.03801711,-0.004388216,0.9968391,352.002,355.6458,359.8001,0.4212191,-0.108619,-0.9004309,0,0,0,1.757842,0.05564362,-0.9452753,0.535427,0.1357461,2.002037,0.9970709,-0.003455019,0.07640492,0.01404236,0.990267,-0.1384707,-0.07518285,0.139138,0.9874148,moving,17.778648610411416,4.8122511389561815,14.97283570415243,3.878945494392523,0.385246,0.41113432,1.9989537,0.3043639867422699,0.07991077411334793,0.9491979544681114,17.073737649366407,4.745610163587492,2.9205257094922823,2.9569655884206503,2.27264089381378
05/10/2023 16:35:53.853649,4140,True,True,True,True,Eyes,1.374723,-0.3541226,-2.935765,0.232047,0.2097262,0.9498259,0.0,0.0,0.0,0.0,0.0,0.0,0.0,-1.144936,-0.075055,3.059821,1.372639,-0.3554514,-2.944237,-0.06964172,-0.03800918,-0.004374144,0.9968382,351.9998,355.6466,359.8017,0.4212506,-0.1086168,-0.9004164,0,0,0,1.754582,0.05374986,-0.9450108,0.5321376,0.1336553,2.002298,0.9970723,-0.003426579,0.07638724,0.01401468,0.9902618,-0.1385105,-0.07516874,0.1391755,0.9874107,moving,17.707829856561055,4.778052731443816,14.883090885435166,3.818882699016935,0.38194300000000014,0.40920125999999996,1.9992262000000003,0.30320357699475675,0.07937503603107288,0.9496143027771333,17.003666568104265,4.71314437604664,2.9461799883074957,2.9831455556347115,2.3014224238352017
05/10/2023 16:35:53.878165,4141,True,True,True,True,Eyes,1.374787,-0.3541205,-2.935766,0.2307878,0.2091511,0.9502594,0.0,0.0,0.0,0.0,0.0,0.0,0.0,-1.145192,-0.07553685,3.05977,1.372647,-0.3554119,-2.944297,-0.06971241,-0.03796772,-0.004379425,0.9968348,351.9917,355.6514,359.8011,0.4212822,-0.1086145,-0.9004018,0,0,0,1.751539,0.05210283,-0.9448721,0.5289512,0.1316299,2.002551,0.9970785,-0.003437483,0.07630568,0.01402477,0.990242,-0.1386509,-0.07508449,0.1393161,0.9873973,moving,17.62835181440533,4.728794549600138,14.796106026186699,3.7607052689198928,0.378892,0.40751473,1.9994249000000002,0.30190479756232236,0.07859259390609222,0.9500930564636157,16.92445048954847,4.666211341301632,2.9563858687711995,2.993127638482892,2.312961608380672
05/10/2023 16:35:53.894125,4142,True,True,True,True,Eyes,1.37485,-0.3541188,-2.935765,0.2295719,0.2086129,0.950672,0.0,0.0,0.0,0.0,0.0,0.0,0.0,-1.144902,-0.07648107,3.059911,1.372666,-0.355372,-2.944351,-0.06984618,-0.03801812,-0.004411538,0.9968233,351.9762,355.6458,359.7984,0.4213124,-0.1086123,-0.900388,0,0,0,1.748181,0.05070895,-0.9447109,0.5257946,0.1296236,2.002801,0.9970703,-0.003484207,0.07641096,0.01410589,0.9902041,-0.1389132,-0.07517845,0.139584,0.9873523,moving,17.56139285732157,4.676097516043374,14.70989197575118,3.703084434305766,0.37551500000000004,0.40608095,1.9996401000000001,0.30081423062939683,0.07774681283037231,0.9505083285514035,16.85711814578429,4.615865063889606,2.9765920521359788,3.012940712133121,2.3331842411216765
05/10/2023 16:35:53.909789,4143,True,True,True,True,Eyes,1.374894,-0.3541166,-2.935764,0.2281525,0.2079529,0.9511583,0.0,0.0,0.0,0.0,0.0,0.0,0.0,-1.144399,-0.07758629,3.060039,1.372689,-0.3553849,-2.944305,-0.07003251,-0.0381033,-0.004405639,0.9968071,351.9548,355.6359,359.8006,0.4213411,-0.1086102,-0.9003748,0,0,0,1.744301,0.04928529,-0.9444361,0.5222747,0.1273863,2.003081,0.9970574,-0.003446205,0.07658035,0.01412008,0.9901521,-0.139282,-0.07534619,0.1399535,0.9872872,moving,17.48694421724842,4.607976564585822,14.613691829354202,3.638835212881013,0.37161200000000005,0.40467019,1.9998689,0.29960452881070404,0.07664726203527769,0.9509797090748896,16.781748777732876,4.550691288311837,2.996788734952807,3.03229521058291,2.352010296260021
05/10/2023 16:35:53.925882,4144,True,True,True,True,Eyes,1.374935,-0.3541157,-2.935763,0.2267854,0.2073124,0.9516249,0.0,0.0,0.0,0.0,0.0,0.0,0.0,-1.144261,-0.07861501,3.06007,1.372706,-0.355353,-2.944306,-0.07011928,-0.03813635,-0.004591357,0.9967988,351.9441,355.6335,359.7798,0.4213681,-0.1086081,-0.9003624,0,0,0,1.741396,0.04774514,-0.9442101,0.5194195,0.1255716,2.003307,0.9970491,-0.003805132,0.07667242,0.01450151,0.9901244,-0.1394394,-0.07538465,0.1401398,0.9872578,moving,17.406720390523038,4.5585614864842485,14.535623820545604,3.5867303631598886,0.36868999999999996,0.40309814,2.0000959,0.29829070614538766,0.07585976419101982,0.9514557004669733,16.701805571102824,4.503612491019056,2.9960435311329716,3.031113862328183,2.3522364279201815
05/10/2023 16:35:53.943082,4145,True,True,True,True,Eyes,1.374974,-0.354118,-2.935761,0.2251966,0.2066729,0.9521412,0.0,0.0,0.0,0.0,0.0,0.0,0.0,-1.143929,-0.07834455,3.06017,1.372696,-0.3553824,-2.944276,-0.0700513,-0.03819259,-0.00465709,0.9968013,351.9516,355.6276,359.7724,0.4213934,-0.1086062,-0.9003508,0,0,0,1.738102,0.0455184,-0.9438038,0.5163702,0.1236334,2.003549,0.9970393,-0.003933506,0.07679329,0.01463526,0.9901423,-0.1392987,-0.07548835,0.1400101,0.9872683,moving,17.318316082494793,4.522661997030377,14.452202776319494,3.5310848371441024,0.3654060000000001,0.4009008,2.0004722,0.2968349598334587,0.07529938180282897,0.9519553932323671,16.61469488387003,4.46963821724644,2.997479016847131,3.0327925659107042,2.3573829902075483
05/10/2023 16:35:53.953875,4146,True,True,True,True,Eyes,1.375011,-0.3541214,-2.935762,0.2236679,0.2060396,0.9526386,0.0,0.0,0.0,0.0,0.0,0.0,0.0,-1.143557,-0.07754555,3.06038,1.37275,-0.3554538,-2.944295,-0.06991088,-0.03826461,-0.004699347,0.9968081,351.9675,355.6196,359.7675,0.4214172,-0.1086045,-0.9003399,0,0,0,1.734614,0.04287469,-0.943365,0.5131435,0.1215824,2.003805,0.9970275,-0.004018468,0.076942,0.01471892,0.9901807,-0.1390158,-0.07562787,0.1397351,0.9872966,moving,17.235795145872128,4.495235523253415,14.363882810886144,3.472208357316393,0.3618640000000002,0.39832849,2.00093,0.2954729995182701,0.07487678221420307,0.952412264993187,16.533704249502698,4.443795934775343,3.0126771758840842,3.0486825092307956,2.3774161386161574
05/10/2023 16:35:53.973281,4147,True,True,True,True,Eyes,1.375036,-0.3541244,-2.935763,0.2219596,0.2054081,0.9531744,0.0,0.0,0.0,0.0,0.0,0.0,0.0,-1.143348,-0.07634804,3.060551,1.372768,-0.355483,-2.944349,-0.06968249,-0.0383062,-0.004778098,0.9968222,351.9933,355.6156,359.7577,0.4214395,-0.108603,-0.9003296,0,0,0,1.731288,0.03992507,-0.9429166,0.5099758,0.1195688,2.004056,0.9970196,-0.004187285,0.07703483,0.01486437,0.9902431,-0.138556,-0.07570302,0.1392882,0.987354,moving,17.138799349307845,4.478374173064719,14.277134042121023,3.414413546313455,0.35851999999999995,0.39540807,2.0014323999999997,0.293865584733985,0.07463520176030816,0.9529284302403201,16.439322935846842,4.428258588483446,3.0159618688897774,3.0530542978521673,2.388083453668224
05/10/2023 16:35:53.993067,4148,True,True,True,True,Eyes,1.375062,-0.3541242,-2.935765,0.220311,0.2048155,0.9536842,0.0,0.0,0.0,0.0,0.0,0.0,0.0,-1.143148,-0.07497337,3.060654,1.372766,-0.3554523,-2.944348,-0.06950001,-0.03833415,-0.004656506,0.9968342,352.0148,355.6114,359.7712,0.4214602,-0.1086017,-0.9003201,0,0,0,1.727609,0.03721559,-0.9424532,0.5065239,0.1173747,2.00433,0.9970176,-0.003955083,0.07707284,0.01461198,0.9902961,-0.138203,-0.07577833,0.138917,0.9874005,moving,17.04700600887725,4.452750829333802,14.182547684985725,3.3514457141158953,0.354843,0.39266789,2.0018948,0.29234704447887533,0.07424517226631339,0.9534257910663534,16.349491010686222,4.404226500358528,3.0309202341181165,3.068875110869873,2.4091473098753404
05/10/2023 16:35:54.003036,4149,True,True,True,True,Eyes,1.375082,-0.3541254,-2.935768,0.2185539,0.2042247,0.9542152,0.0,0.0,0.0,0.0,0.0,0.0,0.0,-1.142631,-0.07575047,3.060875,1.372822,-0.355379,-2.944379,-0.06965918,-0.03842145,-0.004546896,0.9968204,351.997,355.6004,359.7852,0.4214795,-0.1086005,-0.9003112,0,0,0,1.72422,0.03617623,-0.9422895,0.503518,0.115464,2.004568,0.9970062,-0.003712062,0.07723203,0.01441769,0.9902539,-0.138526,-0.07596509,0.1392248,0.9873428,moving,16.9549571883684,4.387933720650959,14.10014305507029,3.2966195109605927,0.3513980000000001,0.39155523,2.0020895000000003,0.2908374751099253,0.07320176098852156,0.9539681590421155,16.257333469822385,4.342374131092623,3.019379144405681,3.056293578822353,2.397305406289695
05/10/2023 16:35:54.028182,4150,True,True,True,True,Eyes,1.375101,-0.3541276,-2.93577,0.21688,0.2036553,0.9547186,0.0,0.0,0.0,0.0,0.0,0.0,0.0,-1.142687,-0.07726678,3.060883,1.372831,-0.3554027,-2.944441,-0.06978539,-0.03842575,-0.004851989,0.99681,351.9812,355.6023,359.7506,0.4214973,-0.1085994,-0.900303,0,0,0,1.721091,0.03440765,-0.9421354,0.5002806,0.1134065,2.004825,0.9969998,-0.004309908,0.07728353,0.01503613,0.9902129,-0.1387526,-0.07592914,0.1394984,0.9873069,moving,16.851820191280066,4.340646173518196,14.011342789145546,3.2375876354157365,0.34826,0.38981035,2.0023055999999997,0.2891356033529145,0.07245342718630504,0.954542363945548,16.155418902029492,4.297521795067764,3.010402551751098,3.0471380031953927,2.391761443086827
05/10/2023 16:35:54.042946,4151,True,True,True,True,Eyes,1.37508,-0.3541304,-2.935772,0.2151273,0.2030643,0.9552408,0.0,0.0,0.0,0.0,0.0,0.0,0.0,-1.143702,-0.07764494,3.060452,1.372819,-0.3554285,-2.944399,-0.06980078,-0.03826441,-0.004987228,0.9968144,351.9789,355.622,359.7338,0.4215138,-0.1085985,-0.9002954,0,0,0,1.71859,0.03237027,-0.9419221,0.4971107,0.1113914,2.005077,0.997022,-0.00460091,0.07698124,0.01528445,0.9902059,-0.1387752,-0.07558879,0.1395385,0.9873274,moving,16.728138218830324,4.2986476799883375,13.924347096800524,3.1797797920739552,0.34577100000000005,0.38779876999999996,2.0024769000000004,0.2870879797354778,0.07179988765002768,0.955209463494403,16.033983224073566,4.2579288884379425,2.982054640385675,3.0187928061692335,2.369170754396162
05/10/2023 16:35:54.053906,4152,True,True,True,True,Eyes,1.375063,-0.3541327,-2.935771,0.21344,0.2025037,0.9557382,0.0,0.0,0.0,0.0,0.0,0.0,0.0,-1.142985,-0.07731673,3.060678,1.372746,-0.3553847,-2.944386,-0.06980672,-0.03836253,-0.004820748,0.9968109,351.9789,355.6093,359.7538,0.4215281,-0.1085978,-0.9002889,0,0,0,1.714569,0.03048125,-0.9415531,0.4936839,0.1092134,2.005349,0.9970101,-0.004254824,0.07715343,0.01496668,0.9902076,-0.1387983,-0.07580735,0.1395381,0.9873107,moving,16.6427155343425,4.2524133433209625,13.830254671574219,3.1173084149579933,0.341823,0.38586595,2.0028329,0.28567870708127047,0.07106030260203837,0.9556871866711462,15.949197990503578,4.21395886454924,2.9962013241892773,3.0328862990552756,2.3859092600985585
05/10/2023 16:35:54.078000,4153,True,True,True,True,Eyes,1.375015,-0.3541393,-2.93577,0.2116702,0.2019007,0.9562594,0.0,0.0,0.0,0.0,0.0,0.0,0.0,-1.142754,-0.07757074,3.060719,1.372797,-0.355376,-2.944323,-0.06988297,-0.03840504,-0.004735708,0.9968044,351.9705,355.6037,359.7643,0.4215405,-0.1085972,-0.9002832,0,0,0,1.711054,0.0288333,-0.9412311,0.4903711,0.1071077,2.005611,0.9970053,-0.004073433,0.07722652,0.01480887,0.9901879,-0.1389556,-0.07590273,0.1396831,0.9872829,moving,16.54477144410046,4.197331002749161,13.73925060824852,3.056921345923627,0.33825700000000003,0.38420930000000003,2.0030919,0.2840624532936274,0.070176670575807,0.9562342620156373,15.85187492102699,4.161545212753498,2.9922322326331763,3.0284453678051206,2.383983090148267
05/10/2023 16:35:54.093030,4154,True,True,True,True,Eyes,1.37497,-0.3541459,-2.935767,0.2099717,0.2013186,0.9567564,0.0,0.0,0.0,0.0,0.0,0.0,0.0,-1.143036,-0.07734111,3.060596,1.372789,-0.3554091,-2.944299,-0.06987867,-0.0383552,-0.004672119,0.9968069,351.9713,355.609,359.7712,0.4215505,-0.108597,-0.9002785,0,0,0,1.708214,0.02700892,-0.9409762,0.4874042,0.1052218,2.005847,0.9970141,-0.003953981,0.07711843,0.01467482,0.9901903,-0.1389527,-0.0758125,0.1396695,0.9872917,moving,16.440306085624986,4.153440971461669,13.6576998272683,3.002843284168214,0.33542499999999986,0.38241801999999997,2.0033228,0.2823322784500587,0.06948114932898268,0.9567972391687445,15.74886029944335,4.119981551115124,2.975094278628943,3.0111082058024494,2.370854282292467
05/10/2023 16:35:54.103114,4155,True,True,True,True,Eyes,1.374899,-0.3541537,-2.935764,0.2081866,0.2006519,0.9572864,0.0,0.0,0.0,0.0,0.0,0.0,0.0,-1.143251,-0.07706472,3.060504,1.372822,-0.3554384,-2.94426,-0.06983964,-0.03832608,-0.004671248,0.9968108,351.9758,355.6123,359.7709,0.4215583,-0.108597,-0.9002748,0,0,0,1.704795,0.02465707,-0.9406111,0.4838798,0.1029814,2.006126,0.9970186,-0.00395934,0.07706018,0.01466606,0.9902012,-0.1388758,-0.07575522,0.1395919,0.9873071,moving,16.332215678552817,4.110107643886208,13.560785510225738,2.938611535074877,0.3319730000000001,0.38009547,2.0036489,0.28054011520422045,0.06879516810709242,0.9573737857412064,15.642381308816521,4.0789825421696095,2.9727465657976344,3.0088583068787984,2.3734968090421047
05/10/2023 16:35:54.122974,4156,True,True,True,True,Eyes,1.374832,-0.3541619,-2.935763,0.2064731,0.2000127,0.957791,0.0,0.0,0.0,0.0,0.0,0.0,0.0,-1.143489,-0.07736513,3.060424,1.372914,-0.3554198,-2.944237,-0.06982487,-0.03830925,-0.004820605,0.9968118,351.9768,355.6155,359.7535,0.4215637,-0.1085974,-0.9002723,0,0,0,1.702013,0.02266634,-0.9403099,0.4809036,0.1010899,2.006363,0.9970183,-0.004260594,0.07704742,0.01496035,0.9902025,-0.1388351,-0.07570103,0.1395738,0.9873137,moving,16.227420934575882,4.070358807235103,13.478895971695202,2.884388735641372,0.32909900000000003,0.37808614,2.0039271000000003,0.2788006097447838,0.06816693203107009,0.9579265682970215,15.53926892410926,4.041417650201002,2.957408979103792,2.993478659067788,2.3630176918860464
05/10/2023 16:35:54.143119,4157,True,True,True,True,Eyes,1.374752,-0.3541688,-2.935759,0.2046503,0.1992842,0.9583341,0.0,0.0,0.0,0.0,0.0,0.0,0.0,-1.14353,-0.07793266,3.060421,1.372921,-0.3554391,-2.94426,-0.06987187,-0.03830845,-0.004939538,0.9968079,351.9709,355.6165,359.74,0.4215668,-0.1085981,-0.9002707,0,0,0,1.699187,0.0209842,-0.9401038,0.478046,0.09927332,2.006589,0.9970161,-0.004494178,0.0770626,0.01520091,0.990187,-0.1389192,-0.07568206,0.1396761,0.9873008,moving,16.118527310436253,4.016826518408264,13.40024508679308,2.8323230974756246,0.32626599999999994,0.3764233,2.0041561999999997,0.2769957492874422,0.06730848601945785,0.9585108802037651,15.431474680946117,3.990582661349613,2.92971233037857,2.9651486643295986,2.338259797684739
05/10/2023 16:35:54.159534,4158,True,True,True,True,Eyes,1.374674,-0.3541756,-2.935756,0.202895,0.1985827,0.9588526,0.0,0.0,0.0,0.0,0.0,0.0,0.0,-1.143234,-0.07833865,3.060451,1.372889,-0.3553748,-2.944209,-0.06985942,-0.03835945,-0.005105483,0.996806,351.9716,355.612,359.7212,0.4215676,-0.1085991,-0.9002702,0,0,0,1.695786,0.01890752,-0.9397129,0.4748475,0.09724045,2.006843,0.997005,-0.004818812,0.0771872,0.01553789,0.9901872,-0.1388809,-0.07576053,0.1396643,0.9872965,moving,16.01891125457502,3.9737232128934927,13.312164815295883,2.7740651481650582,0.322897,0.37428232,2.0044961,0.2753415267469318,0.0666203097407432,0.9590352216002115,15.333175666314085,3.9497415006043153,2.9253234682811815,2.9606850151304944,2.338097462814199
05/10/2023 16:35:54.173161,4159,True,True,True,True,Eyes,1.374584,-0.3541841,-2.935751,0.2012306,0.1978513,0.9593545,0.0,0.0,0.0,0.0,0.0,0.0,0.0,-1.142842,-0.07853287,3.060614,1.372879,-0.3553816,-2.944235,-0.06985738,-0.03842503,-0.005185125,0.9968032,351.9714,355.605,359.7125,0.4215664,-0.1086002,-0.9002706,0,0,0,1.692249,0.01683792,-0.939399,0.4715925,0.09517166,2.007101,0.9969932,-0.004968556,0.07732882,0.01570564,0.9901861,-0.1388696,-0.07587994,0.1396666,0.9872869,moving,15.927680059294204,3.9256287633600357,13.222488823026952,2.7147877104770277,0.31936999999999993,0.37221952,2.004836,0.2738282700376701,0.06584485611963699,0.9595220067351558,15.242693371867281,3.9040204091654087,2.9287046859470274,2.963814380173626,2.344248457562638
05/10/2023 16:35:54.183242,4160,True,True,True,True,Eyes,1.374498,-0.3541915,-2.935748,0.1996296,0.1971471,0.9598339,0.0,0.0,0.0,0.0,0.0,0.0,0.0,-1.142841,-0.07839099,3.060553,1.372815,-0.355379,-2.944197,-0.06982885,-0.03841625,-0.005199285,0.9968055,351.9747,355.6062,359.7107,0.4215631,-0.1086017,-0.900272,0,0,0,1.688897,0.01469812,-0.9390509,0.4683049,0.09308171,2.007362,0.9969943,-0.005000226,0.07731317,0.01573048,0.9901938,-0.1388121,-0.07586093,0.139611,0.9872962,moving,15.832776374503068,3.8803930963370084,13.131868492353423,2.6549130629748205,0.3160820000000002,0.37007712,2.0051461,0.2722515984081677,0.06511757047553259,0.960020229476099,15.148823117775338,3.8610858490166153,2.930946299669133,2.9659239201347476,2.350097604525966
05/10/2023 16:35:54.203334,4161,True,True,True,True,Eyes,1.374454,-0.3541992,-2.935738,0.1980387,0.196404,0.9603156,0.0,0.0,0.0,0.0,0.0,0.0,0.0,-1.142643,-0.07827219,3.060669,1.372813,-0.355358,-2.944242,-0.06980723,-0.03844733,-0.005191466,0.9968058,351.9772,355.6025,359.7117,0.421558,-0.1086034,-0.9002742,0,0,0,1.685624,0.01274064,-0.9387842,0.4652058,0.09111196,2.007608,0.9969897,-0.004981965,0.07737384,0.01571757,0.9902,-0.1387693,-0.07592423,0.1395677,0.9872975,moving,15.743388876488304,3.831697188120061,13.04640456179683,2.5984909303195485,0.31281099999999995,0.36809864000000003,2.0054578000000003,0.27076737916769605,0.06432959700341344,0.9604929145210213,15.060085911020225,3.8147703953549215,2.9309346778043897,2.965555945850656,2.3524983131294452
05/10/2023 16:35:54.222884,4162,True,True,True,True,Eyes,1.374411,-0.3542072,-2.935729,0.1965152,0.1956906,0.9607741,0.0,0.0,0.0,0.0,0.0,0.0,0.0,-1.143217,-0.07754454,3.060389,1.372801,-0.3554023,-2.944154,-0.06975545,-0.03834711,-0.005054746,0.9968141,351.9837,355.613,359.7265,0.4215523,-0.1086052,-0.9002766,0,0,0,1.68273,0.01063442,-0.9384457,0.4620218,0.08908802,2.007861,0.9970079,-0.004727445,0.07715506,0.01542712,0.9902173,-0.1386788,-0.07574467,0.1394541,0.9873273,moving,15.644994710287449,3.784516680982074,12.958557980114804,2.5405254195337204,0.3099290000000001,0.36603672,2.0057083,0.26913066857554213,0.06356893926995226,0.961003423085675,14.96274827039317,3.769985465098236,2.926118949209322,2.960482488342155,2.351244505211141
05/10/2023 16:35:54.242971,4163,True,True,True,True,Eyes,1.374354,-0.3542135,-2.93572,0.1950009,0.1949447,0.9612343,0.0,0.0,0.0,0.0,0.0,0.0,0.0,-1.143635,-0.07688484,3.06024,1.37279,-0.3554168,-2.944148,-0.06972724,-0.03826913,-0.00487096,0.99682,351.9878,355.6206,359.7469,0.4215463,-0.1086072,-0.9002792,0,0,0,1.679616,0.008620411,-0.9381856,0.4587274,0.08699414,2.008121,0.9970235,-0.004374139,0.07697414,0.01504774,0.9902288,-0.1386382,-0.07561558,0.1393838,0.9873472,moving,15.550378647332652,3.731631862939774,12.867634477844193,2.480568879775618,0.30682600000000004,0.36403721099999997,2.0059624000000005,0.26755793413285084,0.06271041445397058,0.9614989975850011,14.868749416235815,3.719667252702385,2.926175713074469,2.960113995569751,2.3536834482240523
05/10/2023 16:35:54.254123,4164,True,True,True,True,Eyes,1.374299,-0.3542202,-2.935713,0.1935473,0.1942322,0.9616721,0.0,0.0,0.0,0.0,0.0,0.0,0.0,-1.143719,-0.07690325,3.060215,1.372789,-0.3553285,-2.944166,-0.06978102,-0.03824775,-0.004714646,0.9968177,351.9823,355.6218,359.765,0.4215395,-0.1086093,-0.9002821,0,0,0,1.67634,0.007042587,-0.9379749,0.4554735,0.08492586,2.00838,0.9970298,-0.004061351,0.07691003,0.01473722,0.9902167,-0.1387573,-0.07559408,0.1394785,0.9873354,moving,15.465294227591759,3.672633324416501,12.777773612039931,2.4213526558385876,0.3035509999999999,0.362371087,2.0061911,0.2661458240784557,0.06174534602350466,0.9619531409286927,14.783613020502097,3.6633771391334315,2.9312677077434746,2.9645354392506196,2.359240672259546
05/10/2023 16:35:54.278239,4165,True,True,True,True,Eyes,1.374233,-0.3542288,-2.935705,0.1920837,0.1934917,0.9621147,0.0,0.0,0.0,0.0,0.0,0.0,0.0,-1.143826,-0.07686412,3.060199,1.372794,-0.3553456,-2.944185,-0.06981645,-0.03822637,-0.004620881,0.9968165,351.9787,355.6235,359.7758,0.4215321,-0.1086115,-0.9002853,0,0,0,1.673083,0.005228251,-0.9377463,0.452205,0.0828484,2.008639,0.9970348,-0.003874682,0.07685456,0.01455,0.9902087,-0.1388351,-0.07556411,0.1395417,0.9873288,moving,15.378732407080843,3.615834946712708,12.687475604889402,2.361885116850799,0.30028900000000003,0.360573851,2.0064387,0.2647073267295563,0.06081668759111629,0.9624090831952944,14.697169399195582,3.6092213730534417,2.9363623359694104,2.9690492335346033,2.3653153876196717
05/10/2023 16:35:54.293196,4166,True,True,True,True,Eyes,1.374169,-0.3542359,-2.935699,0.1906767,0.1927837,0.9625366,0.0,0.0,0.0,0.0,0.0,0.0,0.0,-1.143986,-0.0765253,3.0601,1.372751,-0.3553621,-2.944155,-0.06979581,-0.0381903,-0.004546384,0.9968197,351.9814,355.627,359.784,0.4215238,-0.1086138,-0.9002889,0,0,0,1.670022,0.00328216,-0.9374496,0.4491127,0.08088291,2.008884,0.9970416,-0.003732804,0.07677232,0.0143949,0.9902158,-0.1388004,-0.07550306,0.1394949,0.9873401,moving,15.293584009126613,3.568263674457056,12.602008079286605,2.305632207349717,0.29727099999999984,0.35864426,2.0067054,0.263289151753299,0.06004176027577138,0.9628466517780259,14.612577599711258,3.5639591229425003,2.940658291670133,2.9730151711391812,2.371871923811627
05/10/2023 16:35:54.303306,4167,True,True,True,True,Eyes,1.3741,-0.3542446,-2.935692,0.1892467,0.1920554,0.9629644,0.0,0.0,0.0,0.0,0.0,0.0,0.0,-1.143855,-0.07688263,3.060179,1.372747,-0.3553332,-2.9442,-0.06984211,-0.03821104,-0.004562091,0.9968155,351.976,355.6248,359.7826,0.4215148,-0.1086162,-0.9002928,0,0,0,1.666477,0.001381099,-0.9372078,0.4456881,0.07870609,2.009156,0.9970382,-0.003757646,0.07681598,0.0144326,0.9902025,-0.1388907,-0.07554147,0.139588,0.987324,moving,15.21222698147896,3.5143441576957875,12.507309917963312,2.243341063764712,0.29373000000000005,0.356714299,2.0069922,0.26193555789655726,0.05915821223595069,0.9632705202755224,14.531303210666406,3.5125420905791183,2.956717358224223,2.9886493914945063,2.3890207398375294
05/10/2023 16:35:54.323104,4168,True,True,True,True,Eyes,1.374034,-0.354252,-2.935687,0.1878737,0.1913518,0.9633732,0.0,0.0,0.0,0.0,0.0,0.0,0.0,-1.143588,-0.07757956,3.060261,1.372761,-0.3553494,-2.944192,-0.06992356,-0.0382603,-0.00464723,0.9968075,351.9662,355.6197,359.7735,0.421505,-0.1086188,-0.9002971,0,0,0,1.663299,-0.0002083182,-0.9369548,0.4426937,0.07680282,2.009394,0.9970291,-0.003914196,0.07692619,0.01461538,0.9901782,-0.139045,-0.0756264,0.1397563,0.9872937,moving,15.136460059113592,3.460048549725927,12.42447084697162,2.188887004391454,0.2905380000000002,0.3551410818,2.0072372,0.2606752117660876,0.05826594452972733,0.9636666823502483,14.455396739174212,3.4607198282950287,2.9637969230005745,2.995118889311668,2.3962927015657827
05/10/2023 16:35:54.343240,4169,True,True,True,True,Eyes,1.373949,-0.354262,-2.935683,0.186477,0.1906448,0.9637847,0.0,0.0,0.0,0.0,0.0,0.0,0.0,-1.143598,-0.07766232,3.060266,1.372779,-0.3553288,-2.944197,-0.06989254,-0.03826616,-0.004745821,0.996809,351.9694,355.6198,359.7621,0.4214946,-0.1086214,-0.9003017,0,0,0,1.660178,-0.002298325,-0.9366477,0.4395761,0.07482117,2.009641,0.9970264,-0.004112316,0.07695151,0.01481039,0.990185,-0.1389758,-0.07562472,0.1397022,0.9873015,moving,15.05429591615337,3.4187082409258776,12.33819296633161,2.1322007848454767,0.28739899999999996,0.353030475,2.0075493,0.2593031729513432,0.05759265265164715,0.9640772843024787,14.374011808824488,3.4214479131510322,2.974180671411995,3.0053812850586747,2.4097129532982065
05/10/2023 16:35:54.354418,4170,True,True,True,True,Eyes,1.373867,-0.3542723,-2.935679,0.1851334,0.1899648,0.9641779,0.0,0.0,0.0,0.0,0.0,0.0,0.0,-1.143511,-0.07769915,3.060307,1.372728,-0.3553519,-2.944227,-0.0698995,-0.03827187,-0.004751142,0.9968083,351.9686,355.6192,359.7615,0.4214832,-0.1086242,-0.9003067,0,0,0,1.656818,-0.004291415,-0.9363877,0.4363286,0.07275715,2.009899,0.9970254,-0.004121585,0.07696365,0.01482232,0.990183,-0.1389891,-0.07563525,0.1397165,0.9872986,moving,14.976573164341792,3.372394656624052,12.248278087875843,2.0731679454978074,0.28408999999999995,0.351060485,2.0078393,0.2580063807499196,0.056833771948887,0.9644701414462757,14.296643741118293,3.3773431503191222,2.9909014956703164,3.0218511000994503,2.4283069851759045
05/10/2023 16:35:54.373106,4171,True,True,True,True,Eyes,1.373767,-0.3542831,-2.935677,0.1837758,0.1892816,0.9645718,0.0,0.0,0.0,0.0,0.0,0.0,0.0,-1.143297,-0.07795897,3.06038,1.372726,-0.355369,-2.944226,-0.06990621,-0.0383105,-0.004842816,0.996806,351.9674,355.6155,359.7513,0.4214708,-0.1086272,-0.9003121,0,0,0,1.653431,-0.006325513,-0.9360748,0.4331031,0.07070678,2.010154,0.9970177,-0.004298412,0.07705335,0.01501098,0.9901794,-0.1389948,-0.07569917,0.1397369,0.9872909,moving,14.90058954508916,3.3282903051780472,12.158941865802332,2.0145374487248784,0.2807050000000002,0.349043487,2.0081512,0.25673759605061747,0.05611095219389278,0.9648508661640331,14.221069097129346,3.3353571504054793,3.0094063321188185,3.040160943959663,2.448863696192185
05/10/2023 16:35:54.393250,4172,True,True,True,True,Eyes,1.373671,-0.3542927,-2.935676,0.1824689,0.1886275,0.9649481,0.0,0.0,0.0,0.0,0.0,0.0,0.0,-1.143333,-0.07798114,3.060371,1.372704,-0.3553444,-2.944245,-0.06989386,-0.03830208,-0.00487119,0.996807,351.9687,355.6167,359.7479,0.4214571,-0.1086303,-0.9003181,0,0,0,1.650256,-0.008310586,-0.935805,0.429944,0.06869882,2.010405,0.9970185,-0.004357113,0.07704048,0.01506543,0.9901822,-0.1389682,-0.07567862,0.1397145,0.9872956,moving,14.823148011955752,3.2865357101547565,12.071401198104455,1.9571287545195533,0.277552,0.347033814,2.0084400000000002,0.2554430582644719,0.05542746593431026,0.9652340176981251,14.144213946090009,3.295649711165124,3.0254425669230485,3.056048654918966,2.4674259947546138
05/10/2023 16:35:54.403131,4173,True,True,True,True,Eyes,1.373565,-0.3543043,-2.935673,0.1811043,0.187953,0.9653367,0.0,0.0,0.0,0.0,0.0,0.0,0.0,-1.143081,-0.07815775,3.060474,1.372701,-0.3553272,-2.944262,-0.06992082,-0.03834218,-0.004866556,0.9968036,351.9656,355.612,359.7489,0.4214424,-0.1086336,-0.9003246,0,0,0,1.646883,-0.01012346,-0.935535,0.4267774,0.06668609,2.010656,0.9970124,-0.004340168,0.0771198,0.01506384,0.9901748,-0.1390215,-0.07575869,0.1397679,0.9872819,moving,14.74835746798779,3.238211783019423,11.983620656287545,1.8995946866409257,0.27418200000000015,0.34520374,2.0087270000000004,0.25419403923804734,0.05463194810014638,0.9656090216630172,14.06956535067001,3.2495827679617033,3.0415129712280207,3.0717528169902,2.4846796750749394
05/10/2023 16:35:54.423342,4174,True,True,True,True,Eyes,1.373464,-0.354317,-2.93567,0.1797945,0.1872991,0.9657086,0.0,0.0,0.0,0.0,0.0,0.0,0.0,-1.142989,-0.0781391,3.06047,1.372726,-0.3553507,-2.944207,-0.06994172,-0.03835988,-0.004820047,0.9968016,351.9634,355.6096,359.7545,0.4214265,-0.108637,-0.9003316,0,0,0,1.643473,-0.01205799,-0.9351922,0.4234742,0.06458643,2.010918,0.9970106,-0.00424335,0.07714862,0.01497517,0.9901699,-0.1390662,-0.07580013,0.1398059,0.9872734,moving,14.674826149220957,3.1909232847780813,11.892014971430784,1.8395867967735327,0.27074700000000007,0.34329271,2.0090148,0.25296533295800966,0.053852905277703395,0.9659754241799394,13.99618535857867,3.204505491334714,3.0636185486705156,3.0935656377465786,2.5080941092615885
05/10/2023 16:35:54.443369,4175,True,True,True,True,Eyes,1.373383,-0.3543269,-2.935669,0.1783898,0.1865952,0.9661053,0.0,0.0,0.0,0.0,0.0,0.0,0.0,-1.143069,-0.07756868,3.060461,1.372749,-0.3553865,-2.944199,-0.06986171,-0.03835015,-0.0048005,0.9968078,351.9727,355.6106,359.7563,0.4214097,-0.1086407,-0.9003391,0,0,0,1.640278,-0.01437092,-0.934849,0.4202669,0.0625478,2.011173,0.9970125,-0.004211937,0.0771262,0.01492877,0.9901926,-0.1389092,-0.07578472,0.1396456,0.9872972,moving,14.592344999166803,3.1526498317901974,11.803029156528604,1.781333684972503,0.2675289999999999,0.34101558,2.0093499999999995,0.251582936395562,0.05322744526490904,0.9663710494837519,13.914657597938243,3.1681955088930502,3.0782736143692775,3.1081812760061753,2.5263333891666653
05/10/2023 16:35:54.454716,4176,True,True,True,True,Eyes,1.373306,-0.3543362,-2.935668,0.1770413,0.1859175,0.9664839,0.0,0.0,0.0,0.0,0.0,0.0,0.0,-1.142881,-0.07737797,3.060575,1.372716,-0.3553466,-2.94426,-0.06982169,-0.03837513,-0.004800528,0.9968097,351.9773,355.6077,359.7563,0.4213925,-0.1086444,-0.9003466,0,0,0,1.63691,-0.01644948,-0.9345832,0.4170754,0.06051919,2.011426,0.9970086,-0.004211592,0.07717574,0.01492926,0.9902038,-0.1388294,-0.07583502,0.1395663,0.9873045,moving,14.516825967104621,3.1121966134781016,11.71445096759933,1.7233785359818057,0.26419400000000004,0.33889712,2.0096768,0.2503178012240074,0.052562938189622585,0.9667358499561304,13.839724440140168,3.129729358508657,3.0978612425790946,3.1276382927430704,2.548452465538203
05/10/2023 16:35:54.478047,4177,True,True,True,True,Eyes,1.373306,-0.3543362,-2.935668,0.1770413,0.1859175,0.9664839,0.0,0.0,0.0,0.0,0.0,0.0,0.0,-1.142959,-0.07712978,3.060553,1.372742,-0.3553408,-2.944248,-0.06979559,-0.03836519,-0.004763346,0.996812,351.9804,355.6086,359.7604,0.4213751,-0.1086481,-0.9003544,0,0,0,1.63375,-0.0184719,-0.9342785,0.4139033,0.05850297,2.011678,0.9970109,-0.00414088,0.07715066,0.01485176,0.9902118,-0.1387807,-0.07582083,0.1395117,0.9873134,moving,14.516220012363096,3.1142545638312074,11.62637397864474,1.6657878541447646,0.26100800000000013,0.3368689,2.0099695,0.25030711685482876,0.052597811455105364,0.9667367196673075,13.839249589265354,3.131719877926584,3.2016960289431435,3.2325324294842868,2.654387908055003
05/10/2023 16:35:54.493305,4178,True,True,True,True,Eyes,1.373306,-0.3543362,-2.935668,0.1770413,0.1859175,0.9664839,0.0,0.0,0.0,0.0,0.0,0.0,0.0,-1.142863,-0.07747272,3.060579,1.372751,-0.3553401,-2.944244,-0.06983024,-0.03838458,-0.004815223,0.9968085,351.9762,355.6068,359.7547,0.4213594,-0.1086514,-0.9003614,0,0,0,1.630405,-0.02036527,-0.9339932,0.4106476,0.05643365,2.011935,0.9970069,-0.004238901,0.07719666,0.01496052,0.9902011,-0.1388451,-0.07585165,0.1395844,0.9873007,moving,14.51769652023274,3.11160794417349,11.535949894554616,1.6066932495874413,0.25765400000000005,0.33497483,2.0102507999999997,0.25033262358477715,0.05255279770393523,0.9667325631702914,13.840532267902251,3.12915470178214,3.308245482422499,3.3399971822928083,2.7620624158341194
05/10/2023 16:35:54.513091,4179,True,True,True,True,Eyes,1.373306,-0.3543362,-2.935668,0.1770413,0.1859175,0.9664839,0.0,0.0,0.0,0.0,0.0,0.0,0.0,-1.142644,-0.07767311,3.060665,1.372771,-0.3553695,-2.94424,-0.06986434,-0.03842375,-0.004822341,0.9968046,351.9722,355.6023,359.7544,0.4213454,-0.1086544,-0.9003676,0,0,0,1.62695,-0.02227357,-0.9336988,0.407369,0.05434957,2.012196,0.9970007,-0.004244963,0.07727577,0.01498276,0.9901915,-0.1389116,-0.07592813,0.1396528,0.9872851,moving,14.522048029551263,3.1079871300636563,11.444842101050439,1.5471872737267804,0.25417899999999993,0.33309593,2.0105412,0.25040686385777183,0.052490663879565025,0.9667167115600867,13.844534253610592,3.1256276674392995,3.417787047377022,3.450404689009947,2.872280714617238
05/10/2023 16:35:54.528109,4180,True,True,True,True,Eyes,1.373306,-0.3543362,-2.935668,0.1770413,0.1859175,0.9664839,0.0,0.0,0.0,0.0,0.0,0.0,0.0,-1.142636,-0.0783045,3.060626,1.372705,-0.355243,-2.944259,-0.0699477,-0.03841349,-0.004823134,0.9967992,351.9627,355.6034,359.7546,0.4213327,-0.1086571,-0.9003732,0,0,0,1.623798,-0.0237132,-0.9335023,0.4042763,0.05238375,2.012441,0.9970023,-0.004241521,0.07725581,0.01498926,0.9901682,-0.1390771,-0.07590633,0.1398182,0.9872635,moving,14.520831646684583,3.0983055503572565,11.358874690364319,1.491069898695709,0.251093,0.3315298,2.0107567,0.25038848664120894,0.052327568644504066,0.9667303134734269,13.842848231536685,3.116294090153939,3.5137674153071843,3.5469956630356942,2.9684134189404014
05/10/2023 16:35:54.543357,4181,True,True,True,True,Eyes,1.373306,-0.3543362,-2.935668,0.1770413,0.1859175,0.9664839,0.0,0.0,0.0,0.0,0.0,0.0,0.0,-1.142551,-0.07902935,3.060601,1.372696,-0.3553045,-2.944217,-0.06999067,-0.03843544,-0.005033385,0.9967942,351.9568,355.6026,359.7307,0.4213212,-0.1086595,-0.9003783,0,0,0,1.620462,-0.02574894,-0.9331721,0.4009998,0.05030113,2.012701,0.9969947,-0.004654253,0.07732903,0.01541474,0.990152,-0.1391457,-0.07591986,0.1399195,0.9872481,moving,14.52040461506491,3.0986552781277856,11.267762106424305,1.431629757328185,0.24776600000000015,0.32955556,2.0110449,0.25038120262271857,0.052333571300014814,0.9667318751129176,13.84245520313603,3.116634810814422,3.6207744147034178,3.654949709094918,3.077058103534798
05/10/2023 16:35:54.559258,4182,True,True,True,True,Eyes,1.373306,-0.3543362,-2.935668,0.1770413,0.1859175,0.9664839,0.0,0.0,0.0,0.0,0.0,0.0,0.0,-1.141875,-0.07756501,3.060932,1.372722,-0.3553477,-2.944242,-0.0698621,-0.0385389,-0.004769583,0.9968007,351.9727,355.5885,359.7614,0.421311,-0.1086617,-0.9003829,0,0,0,1.616852,-0.02801797,-0.9328038,0.3979263,0.04834762,2.012945,0.996984,-0.004123831,0.07749761,0.01489346,0.9901931,-0.1389095,-0.07616475,0.1396448,0.9872681,moving,14.535905331356181,3.1073825160579536,11.18226283210723,1.3758856223749034,0.24412999999999996,0.32732973,2.0114382,0.25064084018493865,0.05247718046757878,0.9666568069551424,13.857858159210151,3.1249393547424944,3.7389730970474844,3.774254827857123,3.1965605442606564
05/10/2023 16:35:54.574946,4183,True,True,True,True,Eyes,1.372219,-0.3543971,-2.935714,0.1757173,0.1843695,0.9670218,0.0,0.0,0.0,0.0,0.0,0.0,0.0,-1.141634,-0.07854381,3.061009,1.372769,-0.3552279,-2.944248,-0.06993005,-0.03859311,-0.004944572,0.9967929,351.9641,355.5837,359.7419,0.4213017,-0.1086637,-0.900387,0,0,0,1.613522,-0.02968886,-0.9325335,0.3947419,0.04632357,2.013197,0.9969723,-0.004459791,0.07763021,0.01525506,0.9901707,-0.1390299,-0.07624712,0.1397932,0.9872407,moving,14.463046219133783,3.0065889264339973,11.0936514861881,1.3181406401390967,0.240753,0.32553904,2.0117145,0.24943312808100596,0.05079292906535737,0.967058962368617,13.782287406623622,3.0282242628673828,3.7355800945227955,3.768776788547485,3.186400651107714
05/10/2023 16:35:54.593251,4184,True,True,True,True,Eyes,1.371178,-0.3544537,-2.935757,0.1744526,0.1828911,0.9675315,0.0,0.0,0.0,0.0,0.0,0.0,0.0,-1.141861,-0.08048818,3.060874,1.372785,-0.3552482,-2.944237,-0.07022417,-0.03856029,-0.005021167,0.996773,351.93,355.588,359.7341,0.4212654,-0.1086687,-0.9004034,0,0,0,1.61039,-0.03059113,-0.9324327,0.3914642,0.04424021,2.013458,0.9969758,-0.004594199,0.07757694,0.01542566,0.9900867,-0.1396079,-0.0761665,0.1403824,0.9871633,moving,14.385077002728506,2.88125648100564,11.002402320274818,1.2587148689882504,0.23760500000000007,0.32465707,2.0118043,0.24814290286770388,0.04869406741228548,0.9674988657117161,13.700489539829677,2.9078676979926183,3.721180127599602,3.7516835274368687,3.1621795802481523
05/10/2023 16:35:54.603187,4185,True,True,True,True,Eyes,1.370694,-0.3544778,-2.935775,0.1729471,0.1815575,0.9680527,0.0,0.0,0.0,0.0,0.0,0.0,0.0,-1.142372,-0.08244652,3.060574,1.372817,-0.3552223,-2.944166,-0.07040033,-0.03849713,-0.005373586,0.9967613,351.9083,355.5981,359.6938,0.4212058,-0.1086763,-0.9004303,0,0,0,1.607663,-0.03198916,-0.9322067,0.3883548,0.0422639,2.013705,0.9969782,-0.005291943,0.07750149,0.01613279,0.9900298,-0.1399309,-0.07598828,0.1407584,0.9871235,moving,14.286035597892095,2.784282420223861,10.915811302884729,1.2023546771804798,0.2348460000000001,0.32323314,2.0119593,0.24648921948463653,0.04707698877981746,0.9680013827403501,13.599886338614875,2.815036592385647,3.6943414388906985,3.723023929934943,3.131293942934708
05/10/2023 16:35:54.623318,4186,True,True,True,True,Eyes,1.370227,-0.3545039,-2.935793,0.1714993,0.1802587,0.9685529,0.0,0.0,0.0,0.0,0.0,0.0,0.0,-1.143156,-0.08187476,3.060272,1.372709,-0.3552653,-2.944186,-0.07020151,-0.03836445,-0.005648118,0.9967788,351.9299,355.6157,359.6601,0.4211397,-0.1086844,-0.9004602,0,0,0,1.604971,-0.03495139,-0.9318597,0.3851835,0.04024813,2.013956,0.9969925,-0.005873366,0.07727475,0.01664633,0.9900797,-0.1395174,-0.07568873,0.1403841,0.9871998,moving,14.183670727218658,2.730870310071058,10.827471175820719,1.144881544443524,0.23226199999999997,0.32031391,2.0123263000000002,0.24476948668100254,0.04619534471905992,0.968480158516836,13.498391032477462,2.7642681743338167,3.683945214605461,3.7120662431455176,3.1234957880155236
05/10/2023 16:35:54.643291,4187,True,True,True,True,Eyes,1.369846,-0.3545258,-2.935807,0.1697871,0.1790212,0.969084,0.0,0.0,0.0,0.0,0.0,0.0,0.0,-1.143015,-0.07963219,3.06039,1.372637,-0.355327,-2.944218,-0.06993289,-0.03836773,-0.005424934,0.9967989,351.9617,355.6136,359.6847,0.4210681,-0.1086932,-0.9004925,0,0,0,1.601611,-0.03788018,-0.9314494,0.3820402,0.03824988,2.014205,0.996997,-0.005448806,0.07724859,0.01618147,0.99016,-0.1390018,-0.07573106,0.1398343,0.9872746,moving,14.088009165249517,2.6769419538149872,10.739880196183654,1.087919703466724,0.2289739999999998,0.31744682,2.0127686,0.2431621287394988,0.045302652582131564,0.9689271888267705,13.403329138921336,2.712950852578548,3.678534345168561,3.706070601809941,3.1200459141099466
05/10/2023 16:35:54.654736,4188,True,True,True,True,Eyes,1.369481,-0.3545466,-2.935821,0.168139,0.1778196,0.9695924,0.0,0.0,0.0,0.0,0.0,0.0,0.0,-1.141933,-0.07879564,3.060801,1.372618,-0.3552961,-2.944216,-0.06986041,-0.03853389,-0.005245063,0.9967985,351.9708,355.593,359.7065,0.4209939,-0.1087022,-0.9005262,0,0,0,1.597576,-0.04000267,-0.9310483,0.378807,0.0361948,2.014462,0.9969753,-0.005072556,0.07755388,0.01584053,0.9901839,-0.1388693,-0.07608818,0.1396777,0.9872693,moving,14.01403568278621,2.6044608684158934,10.649749119566609,1.0293498516013726,0.2249580000000002,0.31529343,2.0131677,0.2419240801131035,0.04409095398292881,0.9692928777419255,13.328186416904998,2.643565926569465,3.688288542824058,3.714754203813548,3.127254369644204
05/10/2023 16:35:54.678124,4189,True,True,True,True,Eyes,1.369193,-0.3545628,-2.93583,0.1663401,0.176752,0.9700977,0.0,0.0,0.0,0.0,0.0,0.0,0.0,-1.141698,-0.0776704,3.060929,1.372635,-0.3552884,-2.944221,-0.06968856,-0.0385745,-0.00520499,0.9968092,351.9907,355.588,359.7107,0.4209177,-0.1087114,-0.9005606,0,0,0,1.594122,-0.04264802,-0.9306399,0.3755629,0.03413302,2.014719,0.9969698,-0.005000362,0.07762828,0.01575317,0.9902328,-0.1385308,-0.07617737,0.1393339,0.9873111,moving,13.915130282182659,2.5541118117678225,10.559288132417521,0.9706023075384789,0.221487,0.31264038,2.0135811,0.24025925094937792,0.043257591980979754,0.9697443575430335,13.230187933338275,2.595727195800739,3.684667743240374,3.7106844225998206,3.1264575239411054
05/10/2023 16:35:54.683208,4190,True,True,True,True,Eyes,1.368918,-0.3545788,-2.93584,0.1646113,0.1757257,0.970579,0.0,0.0,0.0,0.0,0.0,0.0,0.0,-1.141687,-0.07693624,3.060954,1.37261,-0.3552517,-2.944239,-0.06960309,-0.03856799,-0.005103522,0.9968159,352.0009,355.588,359.722,0.4208417,-0.1087206,-0.900595,0,0,0,1.590866,-0.04484528,-0.9303316,0.3723837,0.03211218,2.014971,0.9969729,-0.00480564,0.07760081,0.01554345,0.9902587,-0.1383693,-0.07617992,0.1391566,0.9873359,moving,13.815710087967068,2.4949519690094544,10.470606862492287,0.9130338067026639,0.21825599999999978,0.31040642,2.0139074,0.2385862499893636,0.042274237448340066,0.9702007457909703,13.13122583428911,2.5393898998569933,3.6749636043838376,3.700294672227858,3.118321255872363
05/10/2023 16:35:54.713174,4191,True,True,True,True,Eyes,1.368712,-0.3545894,-2.935847,0.1627608,0.1748066,0.9710569,0.0,0.0,0.0,0.0,0.0,0.0,0.0,-1.141635,-0.07639426,3.060995,1.372608,-0.3552606,-2.944248,-0.06957238,-0.03857001,-0.004964712,0.9968186,352.0051,355.5866,359.7379,0.4207662,-0.1087297,-0.9006292,0,0,0,1.587451,-0.04693022,-0.930034,0.3690694,0.03000548,2.015234,0.9969754,-0.004531018,0.07758544,0.01526465,0.9902701,-0.1383191,-0.07620381,0.1390851,0.9873441,moving,13.710625234735689,2.434826588628797,10.378125212746303,0.8530326204043632,0.2148429999999999,0.30833037999999996,2.014214,0.23681632636821856,0.041274498458652345,0.970677274793357,13.026752782594627,2.4821637182392684,3.664185370230222,3.6888519290519723,3.1095491856044672
05/10/2023 16:35:54.725041,4192,True,True,True,True,Eyes,1.368515,-0.3545982,-2.935854,0.1609893,0.1739264,0.9715102,0.0,0.0,0.0,0.0,0.0,0.0,0.0,-1.141557,-0.07653522,3.061029,1.372599,-0.3552067,-2.944268,-0.06960655,-0.03857872,-0.004915846,0.9968162,352.0014,355.5852,359.7437,0.420693,-0.1087384,-0.9006623,0,0,0,1.584324,-0.04856959,-0.9298054,0.3660405,0.02808034,2.015474,0.996975,-0.004429726,0.07759612,0.01517105,0.9902616,-0.1383906,-0.07622741,0.1391492,0.9873332,moving,13.609765037145669,2.3719987695502023,10.293582346810826,0.7982146535335164,0.21172500000000016,0.30663711,2.0144626,0.23511729748550683,0.04022715229586041,0.9711342073456003,12.926208175455116,2.4222976998546786,3.6467961020516353,3.6706762428063384,3.093277306513734
05/10/2023 16:35:54.742983,4193,True,True,True,True,Eyes,1.368373,-0.3546027,-2.93586,0.159082,0.1731043,0.9719712,0.0,0.0,0.0,0.0,0.0,0.0,0.0,-1.141995,-0.07696837,3.060869,1.372602,-0.3551712,-2.944285,-0.06965383,-0.03850911,-0.004963534,0.9968154,351.9958,355.5936,359.7379,0.420622,-0.1087468,-0.9006944,0,0,0,1.581393,-0.05033627,-0.9295952,0.3628468,0.02605036,2.015728,0.9969848,-0.004530838,0.07746438,0.01526007,0.9902474,-0.1384817,-0.07608147,0.1392463,0.9873309,moving,13.490897143736893,2.3128124190781993,10.204407630402892,0.7404236064549814,0.20879099999999995,0.30483493,2.0146897999999998,0.23311118974339964,0.03924345127175509,0.9716580261494413,12.808500535241448,2.366081982323144,3.6200199646108224,3.643270494942286,3.069864005466825
05/10/2023 16:35:54.763195,4194,True,True,True,True,Eyes,1.368235,-0.3546094,-2.935865,0.1572468,0.1723231,0.9724085,0.0,0.0,0.0,0.0,0.0,0.0,0.0,-1.141646,-0.07782432,3.060996,1.372561,-0.355126,-2.944328,-0.06976435,-0.0385606,-0.005015359,0.9968054,351.9828,355.588,359.7328,0.4205544,-0.1087547,-0.900725,0,0,0,1.577919,-0.05183947,-0.9293967,0.359643,0.024014,2.015982,0.9969759,-0.004618362,0.0775746,0.01537898,0.9902156,-0.1386961,-0.07617503,0.1394697,0.9872921,moving,13.390022877513026,2.2495184544536064,10.114927212817584,0.6824643169706264,0.20535800000000015,0.30328653,2.0149313,0.23140961627272202,0.03818599516549788,0.9721067415905686,12.707917637639762,2.305766237193246,3.60817496821125,3.630690055996161,3.0592006255585695
05/10/2023 16:35:54.774591,4195,True,True,True,True,Eyes,1.368135,-0.3546116,-2.93587,0.1553271,0.171553,0.9728531,0.0,0.0,0.0,0.0,0.0,0.0,0.0,-1.141374,-0.07838026,3.061069,1.372556,-0.3551861,-2.944309,-0.06987291,-0.03860275,-0.004997761,0.9967961,351.9704,355.583,359.7356,0.4204901,-0.1087622,-0.9007542,0,0,0,1.57453,-0.05339551,-0.929146,0.3564744,0.02199978,2.016233,0.9969697,-0.004568927,0.07765657,0.01535807,0.9901856,-0.1389122,-0.07625973,0.1396839,0.9872553,moving,13.284080301386046,2.185361715863857,10.026404055784115,0.6251482463525508,0.20197399999999988,0.30179059,2.0151630000000003,0.2296210343352133,0.03711361542645253,0.9725722873513436,12.602404014234383,2.244656261419138,3.5902519414500866,3.6120244450451335,3.042791809638099
05/10/2023 16:35:54.783173,4196,True,True,True,True,Eyes,1.368039,-0.3546147,-2.935874,0.1534813,0.1708183,0.9732752,0.0,0.0,0.0,0.0,0.0,0.0,0.0,-1.140914,-0.07941583,3.061247,1.372546,-0.3551109,-2.944357,-0.06997257,-0.03868096,-0.005133292,0.9967855,351.9584,355.575,359.7211,0.4204296,-0.1087691,-0.9007816,0,0,0,1.570927,-0.05500203,-0.9289246,0.3531949,0.01991534,2.016493,0.9969549,-0.004820368,0.07783161,0.01564679,0.990155,-0.1390982,-0.07639485,0.1398924,0.9872152,moving,13.184721437716918,2.128161278485053,9.93475385091909,0.5658476533158331,0.19838099999999992,0.30010887,2.0154324,0.22794210178690896,0.03615729416763691,0.9730031162905192,12.503604980863305,2.190209339141327,3.5847699060570415,3.6059829698191708,3.0393333173894415
05/10/2023 16:35:54.802999,4197,True,True,True,True,Eyes,1.367957,-0.3546198,-2.935876,0.1515619,0.170078,0.9737056,0.0,0.0,0.0,0.0,0.0,0.0,0.0,-1.140713,-0.08007777,3.061289,1.372532,-0.3551382,-2.944345,-0.07005199,-0.03871469,-0.005215245,0.9967782,351.9489,355.5718,359.7122,0.4203727,-0.1087756,-0.9008074,0,0,0,1.567634,-0.0566721,-0.9286644,0.3500656,0.01792631,2.016742,0.9969479,-0.004972803,0.07791059,0.01582097,0.990131,-0.1392488,-0.07644922,0.1400564,0.9871878,moving,13.076735609824846,2.0714773870788927,9.847270984173859,0.5092742929654083,0.1951019999999999,0.2984661,2.0156806000000005,0.22611553658608674,0.03521005792108289,0.9734639936959919,12.396518487876818,2.1363261660236397,3.5668117753666113,3.587467111429569,3.0242289319358857
05/10/2023 16:35:54.828193,4198,True,True,True,True,Eyes,1.367879,-0.3546238,-2.935878,0.149718,0.1693587,0.9741161,0.0,0.0,0.0,0.0,0.0,0.0,0.0,-1.140219,-0.07990825,3.061471,1.372578,-0.3551859,-2.944311,-0.07003147,-0.03880336,-0.005212426,0.9967762,351.9512,355.5615,359.7132,0.4203193,-0.1087817,-0.9008315,0,0,0,1.564108,-0.05873913,-0.9283031,0.3468964,0.01591194,2.016993,0.9969343,-0.004956331,0.07808659,0.01582615,0.9901368,-0.1392069,-0.07662646,0.1400159,0.9871798,moving,12.980438032031794,2.02619905973121,9.75865299246231,0.4519936824288438,0.19152999999999998,0.29644676999999997,2.0160079,0.22448501383185893,0.034454090640805166,0.9738682761400157,12.301302504712512,2.0933609858386437,3.5654630937422493,3.5858083344096108,3.0264092860763148
05/10/2023 16:35:54.844930,4199,True,True,True,True,Eyes,1.367814,-0.3546288,-2.935881,0.1477922,0.1685694,0.974547,0.0,0.0,0.0,0.0,0.0,0.0,0.0,-1.140172,-0.07946107,3.061517,1.372582,-0.3551623,-2.944329,-0.06993669,-0.03881389,-0.005251519,0.9967822,351.9619,355.5606,359.7083,0.4202693,-0.1087873,-0.9008542,0,0,0,1.560819,-0.06108966,-0.927974,0.3436797,0.01386747,2.017248,0.9969318,-0.005040213,0.07811254,0.01589827,0.9901626,-0.1390156,-0.07664344,0.139831,0.9872047,moving,12.87005286432456,1.985870344709515,9.66868000847841,0.393870752441687,0.188237,0.29407264,2.0163550000000003,0.222613458886391,0.0337834814830477,0.9743212799214239,12.192771177705666,2.055278809918525,3.5552012760998686,3.575367234834691,3.021806241971841
05/10/2023 16:35:54.860605,4200,True,True,True,True,Eyes,1.367752,-0.3546318,-2.935885,0.1459372,0.1678099,0.9749576,0.0,0.0,0.0,0.0,0.0,0.0,0.0,-1.140313,-0.07814893,3.061504,1.372516,-0.3551896,-2.944363,-0.06971943,-0.03878162,-0.005263264,0.9967987,351.9868,355.5645,359.7058,0.4202226,-0.1087927,-0.9008753,0,0,0,1.557648,-0.06395599,-0.9276096,0.3404899,0.01183981,2.017501,0.9969366,-0.005085164,0.07804883,0.01590049,0.990223,-0.1385842,-0.07658102,0.1394007,0.9872704,moving,12.759204312226531,1.9610447291156143,9.579433726884657,0.33623941485946846,0.18513199999999985,0.29123361,2.0167534,0.22073108820196868,0.033375961246564,0.9747635521456742,12.084615728629693,2.032160722754595,3.550537418380095,3.5708448978694687,3.0252414687822826
05/10/2023 16:35:54.876255,4201,True,True,True,True,Eyes,1.367697,-0.3546335,-2.935887,0.1440074,0.1669652,0.9753894,0.0,0.0,0.0,0.0,0.0,0.0,0.0,-1.139964,-0.07722911,3.061701,1.372523,-0.3551425,-2.94441,-0.06966898,-0.03882756,-0.004994723,0.9968017,351.9938,355.5571,359.7369,0.420179,-0.1087977,-0.9008951,0,0,0,1.554012,-0.06601402,-0.9273293,0.3371576,0.009721726,2.017766,0.996935,-0.004547346,0.07810271,0.01536765,0.9902425,-0.1385044,-0.07671079,0.1392802,0.9872773,moving,12.656337824950889,1.9060454997733143,9.486171057172463,0.2760526043739508,0.181489,0.28912848,2.0170807,0.21898732286822314,0.03245332196066257,0.9751878409900763,11.982552750296465,1.979864521000009,3.544848380246018,3.5646646650953175,3.022399147201048
05/10/2023 16:35:54.893227,4202,True,True,True,True,Eyes,1.367643,-0.3546337,-2.935886,0.1421659,0.1661541,0.975798,0.0,0.0,0.0,0.0,0.0,0.0,0.0,-1.139442,-0.07822999,3.061828,1.372565,-0.3551006,-2.944352,-0.06980062,-0.03892232,-0.005057244,0.9967885,351.9784,355.5466,359.731,0.4201383,-0.1088023,-0.9009135,0,0,0,1.550537,-0.0673804,-0.9270363,0.3340433,0.007742018,2.018013,0.996919,-0.004648401,0.07830065,0.01551561,0.9902046,-0.1387593,-0.07688866,0.1395466,0.9872259,moving,12.560353851545429,1.8394417098906504,9.398988956817112,0.21981165634088162,0.17797200000000002,0.2877202,2.0173156999999997,0.21736113966717524,0.03133135860456365,0.9755883075376616,11.886507629335743,1.9163177706902934,3.533051359710427,3.55210212521856,3.010960335533132
05/10/2023 16:35:54.902963,4203,True,True,True,True,Eyes,1.36768,-0.3546305,-2.935881,0.1402668,0.1652439,0.9762273,0.0,0.0,0.0,0.0,0.0,0.0,0.0,-1.140292,-0.0793252,3.061422,1.372558,-0.3550696,-2.944295,-0.06985372,-0.03879608,-0.005363587,0.9967882,351.971,355.5636,359.6949,0.4201003,-0.1088065,-0.9009308,0,0,0,1.547741,-0.06935176,-0.9267435,0.3306949,0.005613744,2.018278,0.9969322,-0.005272619,0.07809228,0.01611282,0.9901834,-0.1388425,-0.07659361,0.1396749,0.9872307,moving,12.433136197557019,1.7803468005520757,9.305230815767484,0.1593650671549507,0.1751830000000001,0.28571784,2.0175514999999997,0.21520102620468368,0.030339986139561362,0.9760983897621397,11.760757151255817,1.8602534760737053,3.5044494591290216,3.5229779814008326,2.987077328070188
05/10/2023 16:35:54.927360,4204,True,True,True,True,Eyes,1.367715,-0.3546257,-2.935876,0.1384326,0.1643807,0.9766348,0.0,0.0,0.0,0.0,0.0,0.0,0.0,-1.140161,-0.07861459,3.061492,1.372498,-0.3550839,-2.944325,-0.06976324,-0.03880534,-0.005302341,0.9967945,351.9816,355.5621,359.7017,0.4200672,-0.1088102,-0.9009458,0,0,0,1.544486,-0.07159773,-0.9264476,0.3275986,0.003645658,2.018524,0.996932,-0.005156315,0.07810172,0.01598506,0.9902099,-0.1386677,-0.07662209,0.1394907,0.9872544,moving,12.329324315359548,1.7336743600597215,9.21850457224094,0.1034818460545645,0.17198800000000003,0.28348617,2.0178774,0.2134371406037207,0.02955656845066383,0.9765096661675288,11.658224747589236,1.8159998283628374,3.4938929434265,3.512083015376341,2.980763723231131
05/10/2023 16:35:54.943139,4205,True,True,True,True,Eyes,1.367727,-0.3546268,-2.935869,0.1366441,0.1634588,0.9770412,0.0,0.0,0.0,0.0,0.0,0.0,0.0,-1.139345,-0.07914096,3.061758,1.372479,-0.3550406,-2.944314,-0.06988863,-0.03892965,-0.005186676,0.9967814,351.9677,355.5468,359.7166,0.4200382,-0.1088133,-0.9009588,0,0,0,1.54077,-0.07289961,-0.9261949,0.3244767,0.00166136,2.018772,0.9969152,-0.004898486,0.07833368,0.01578145,0.9901773,-0.1389235,-0.07688373,0.1397312,0.9872001,moving,12.242039794591342,1.6579706584644416,9.131039687175656,0.0471518798372329,0.16829099999999997,0.28214099,2.0181191,0.21195710876487994,0.02827561932567718,0.9768697811149002,11.57008157205148,1.743605781820762,3.4860160093412067,3.503292566417835,2.971006758278034
05/10/2023 16:35:54.958706,4206,True,True,True,True,Eyes,1.367739,-0.3546273,-2.935862,0.1349263,0.1625703,0.9774281,0.0,0.0,0.0,0.0,0.0,0.0,0.0,-1.13903,-0.07872441,3.06185,1.372481,-0.3551101,-2.944266,-0.06987609,-0.0389774,-0.005078252,0.9967811,351.9696,355.5404,359.7294,0.4200126,-0.1088162,-0.9009705,0,0,0,1.537254,-0.0749591,-0.9258435,0.3212248,-0.0004054308,2.019029,0.9969099,-0.004676635,0.07841355,0.01557099,0.9901831,-0.1389064,-0.07699417,0.1396982,0.9871961,moving,12.149965724405247,1.6004450562846455,9.039915702160295,-0.011505269816524893,0.16477299999999984,0.280151,2.0184225,0.21039269430334956,0.027304256913549915,0.9772355352122467,11.478286537106905,1.6887899503944221,3.4862189603109828,3.5029694538610374,2.972651369500033
05/10/2023 16:35:54.974699,4207,True,True,True,True,Eyes,1.367787,-0.3546273,-2.935853,0.1331728,0.161592,0.9778308,0.0,0.0,0.0,0.0,0.0,0.0,0.0,-1.139049,-0.07826424,3.061828,1.3725,-0.3550954,-2.944232,-0.06982976,-0.0389749,-0.00500273,0.9967847,351.9753,355.5401,359.7379,0.4199899,-0.1088187,-0.9009807,0,0,0,1.534056,-0.07703638,-0.9255078,0.3180614,-0.002416253,2.019281,0.9969119,-0.004530075,0.07839785,0.0154165,0.9901976,-0.1388205,-0.07700049,0.1396004,0.9872095,moving,12.049791980911774,1.5420504993801283,8.951240944743466,-0.06855956801514942,0.16155600000000003,0.27805902,2.0187242,0.20868934911079015,0.02631809164521466,0.9776278208870437,11.378638751447017,1.6331968618340982,3.4759295864320356,3.49214594668303,2.9644957511392165
05/10/2023 16:35:54.993025,4208,True,True,True,True,Eyes,1.367835,-0.3546269,-2.935843,0.1314939,0.1606479,0.9782135,0.0,0.0,0.0,0.0,0.0,0.0,0.0,-1.139061,-0.07795316,3.061876,1.372522,-0.3551141,-2.944265,-0.06978761,-0.03897553,-0.004985683,0.9967878,351.9802,355.5399,359.7397,0.4199708,-0.108821,-0.9009894,0,0,0,1.530817,-0.07918814,-0.9252356,0.3148497,-0.004457504,2.019535,0.9969121,-0.004499317,0.07839654,0.01537935,0.9902096,-0.1387382,-0.07700478,0.1395155,0.9872212,moving,11.953648872502221,1.4866495747639417,8.861198653181807,-0.12646265186089375,0.15829500000000007,0.27592595999999997,2.0190294,0.20705359798531242,0.025381801924271877,0.97800031533036,11.283034607130388,1.5804621467333908,3.472145567027649,3.487890396021843,2.962917760568823
05/10/2023 16:35:55.003375,4209,True,True,True,True,Eyes,1.367891,-0.3546271,-2.935834,0.1298301,0.1596663,0.9785963,0.0,0.0,0.0,0.0,0.0,0.0,0.0,-1.13948,-0.07780477,3.061678,1.372541,-0.3551016,-2.944211,-0.06974074,-0.0389136,-0.005040887,0.9967932,351.9854,355.5475,359.7326,0.4199549,-0.108823,-0.9009965,0,0,0,1.527841,-0.0813694,-0.9248888,0.3116309,-0.006503552,2.01979,0.9969206,-0.004621717,0.07828073,0.01547717,0.9902216,-0.1386419,-0.07687451,0.1394265,0.9872439,moving,11.850512573508487,1.4309352637816883,8.770933882560064,-0.1844868989719194,0.1553,0.27373220000000004,2.0193222000000004,0.20529760091477095,0.024440021962804204,0.9783943381788789,11.18067364032749,1.5274779286133187,3.462270857892341,3.4775557044653,2.955954883122198
05/10/2023 16:35:55.029138,4210,True,True,True,True,Eyes,1.367945,-0.3546261,-2.935827,0.1282327,0.1587287,0.9789594,0.0,0.0,0.0,0.0,0.0,0.0,0.0,-1.13956,-0.07855785,3.06168,1.372569,-0.3551109,-2.944249,-0.06981148,-0.03891014,-0.005172045,0.9967877,351.9766,355.5489,359.7177,0.4199422,-0.1088248,-0.9010022,0,0,0,1.524635,-0.08314431,-0.9246749,0.3083879,-0.008565098,2.020048,0.9969185,-0.004878114,0.07829241,0.01574361,0.9901992,-0.138772,-0.07684815,0.1395769,0.9872247,moving,11.757147026586368,1.3660413652130006,8.679964555503451,-0.2429353291026783,0.15206600000000003,0.27196659,2.0195741000000003,0.2037083606883972,0.023339780831412124,0.9787533350225313,11.087242934601681,1.4655614201726426,3.45777886652476,3.47244265081383,2.9519400970816023
05/10/2023 16:35:55.044851,4211,True,True,True,True,Eyes,1.367983,-0.3546271,-2.935818,0.1266489,0.1577649,0.9793214,0.0,0.0,0.0,0.0,0.0,0.0,0.0,-1.139543,-0.07956612,3.061682,1.372563,-0.3550828,-2.944278,-0.06990107,-0.03891834,-0.005344683,0.9967802,351.9656,355.5493,359.6983,0.4199322,-0.1088263,-0.9010068,0,0,0,1.521293,-0.08486027,-0.9244509,0.3050822,-0.01066631,2.02031,0.9969136,-0.00521408,0.07833324,0.01609581,0.9901705,-0.138936,-0.07683885,0.139768,0.9871984,moving,11.665557472451509,1.2982883982494748,8.587219093650944,-0.30249262138426064,0.14873000000000003,0.27022252999999996,2.0198271,0.20214883878459652,0.02218970176247996,0.979103455286984,10.99537228667535,1.4008724551351863,3.455664862572904,3.469678233960047,2.949687167307703
05/10/2023 16:35:55.060799,4212,True,True,True,True,Eyes,1.368018,-0.3546266,-2.935809,0.1251257,0.1568355,0.9796664,0.0,0.0,0.0,0.0,0.0,0.0,0.0,-1.139235,-0.0796546,3.061746,1.372548,-0.3550912,-2.944234,-0.06987999,-0.03897083,-0.005433409,0.9967792,351.9676,355.544,359.6884,0.4199242,-0.1088277,-0.9010103,0,0,0,1.517903,-0.08691689,-0.9241001,0.3019398,-0.0126636,2.020559,0.9969035,-0.005385255,0.07844999,0.01627838,0.9901745,-0.1388863,-0.07693125,0.1397333,0.9871961,moving,11.583386499287172,1.2440507655451891,8.49903570177336,-0.3590894072031518,0.1453549999999999,0.26817431,2.0201339,0.20074845965496346,0.021269100407802263,0.9794119416587193,10.913296521168114,1.3491545980431514,3.4625338336463134,3.4761010134349766,2.9574909780969
05/10/2023 16:35:55.073179,4213,True,True,True,True,Eyes,1.368026,-0.354632,-2.935804,0.1236172,0.1558746,0.9800112,0.0,0.0,0.0,0.0,0.0,0.0,0.0,-1.139016,-0.07981816,3.061801,1.372522,-0.355056,-2.944227,-0.06985013,-0.03900791,-0.005555013,0.9967791,351.9705,355.5407,359.6745,0.419918,-0.1088288,-0.901013,0,0,0,1.514452,-0.0890511,-0.9237744,0.2986808,-0.01473495,2.020818,0.996895,-0.005624829,0.07854056,0.01652366,0.9901802,-0.1388169,-0.0769885,0.1396837,0.9871987,moving,11.50003316951997,1.1896053252319325,8.407557219273356,-0.41776918292447335,0.1419299999999999,0.2660049,2.0204526,0.1993272440630831,0.02034442649574783,0.9797218019781,10.830070148490313,1.2972451521398678,3.472126370100893,3.4852633060250624,2.9681379788849953
05/10/2023 16:35:55.093244,4214,True,True,True,True,Eyes,1.368032,-0.3546373,-2.935799,0.1221659,0.1549486,0.9803399,0.0,0.0,0.0,0.0,0.0,0.0,0.0,-1.138711,-0.07962051,3.061976,1.372491,-0.355145,-2.944289,-0.06981403,-0.03905395,-0.005592496,0.9967796,351.9744,355.5357,359.6704,0.4199127,-0.1088301,-0.9010153,0,0,0,1.5111,-0.09119907,-0.9235301,0.2955806,-0.01670557,2.021064,0.996887,-0.005695946,0.07863722,0.016602,0.9901894,-0.1387416,-0.07707549,0.1396152,0.9872016,moving,11.421880387985471,1.136561783330475,8.320519393862547,-0.4735806772213351,0.1386090000000002,0.26394593,2.0207588999999997,0.1979942326472849,0.019442764666797313,0.9800102846589441,10.751930558527013,1.2466491945190765,3.4817120439160427,3.4944239524045977,2.9784141859860673
05/10/2023 16:35:55.103252,4215,True,True,True,True,Eyes,1.368032,-0.3546439,-2.935794,0.1206563,0.1539976,0.9806768,0.0,0.0,0.0,0.0,0.0,0.0,0.0,-1.13849,-0.07917655,3.062053,1.372462,-0.3551462,-2.944286,-0.0697669,-0.03908284,-0.005528361,0.9967822,351.9801,355.5319,359.6778,0.4199081,-0.1088314,-0.9010174,0,0,0,1.507751,-0.09328654,-0.9232211,0.2924385,-0.01870272,2.021313,0.996884,-0.005567766,0.07868554,0.01647452,0.990204,-0.1386527,-0.07714276,0.1395169,0.9872103,moving,11.339470150967022,1.0813281447845278,8.232288688484616,-0.5301288529811563,0.135289,0.26185966000000005,2.0210649,0.19658798419115206,0.018503360744111505,0.9803116747782423,10.669571343179637,1.1939719963979283,3.4879264451302934,3.5001957511605406,2.9854430957073848
05/10/2023 16:35:55.123420,4216,True,True,True,True,Eyes,1.368032,-0.3546513,-2.93579,0.1192026,0.1530827,0.9809977,0.0,0.0,0.0,0.0,0.0,0.0,0.0,-1.138219,-0.0787794,3.062151,1.372458,-0.3551582,-2.944273,-0.06977672,-0.03911858,-0.005350029,0.9967811,351.9798,355.5263,359.6987,0.4199041,-0.1088327,-0.9010191,0,0,0,1.504137,-0.09525171,-0.9229142,0.2890612,-0.02084935,2.021581,0.9968823,-0.005206481,0.07873194,0.01612475,0.9902052,-0.1386856,-0.07723872,0.1395228,0.9872019,moving,11.262220699929541,1.01978837562291,8.137432498392164,-0.590892677106825,0.1316790000000001,0.25990649,2.0213588,0.19526976229587814,0.01745511178980648,0.9805942582417341,10.59185164654864,1.1351702939649588,3.503724861337155,3.515479307020561,3.0005777335277153
05/10/2023 16:35:55.143114,4217,True,True,True,True,Eyes,1.368029,-0.3546587,-2.935784,0.1177193,0.1521346,0.9813242,0.0,0.0,0.0,0.0,0.0,0.0,0.0,-1.137939,-0.07805508,3.062301,1.372463,-0.3551811,-2.944296,-0.06973576,-0.03915715,-0.005165665,0.9967834,351.9853,355.5204,359.7201,0.4199004,-0.1088342,-0.9010206,0,0,0,1.501005,-0.097139,-0.9226595,0.2861632,-0.02269164,2.021811,0.9968801,-0.004836792,0.07878285,0.01575941,0.9902205,-0.1386183,-0.07734191,0.1394274,0.9872073,moving,11.183626279745303,0.9621120901586184,8.05602220792767,-0.6430277685445888,0.12854199999999993,0.25804210000000005,2.0216365,0.19392769047043462,0.016472466511394307,0.9808774971071179,10.513040610555962,1.080107053312837,3.504181168610156,3.515448932362407,3.0010220001112455
05/10/2023 16:35:55.159062,4218,True,True,True,True,Eyes,1.368026,-0.354665,-2.935779,0.116302,0.151225,0.9816338,0.0,0.0,0.0,0.0,0.0,0.0,0.0,-1.138528,-0.07783625,3.062058,1.372495,-0.3551658,-2.944252,-0.06974707,-0.03906165,-0.005053001,0.9967868,351.9845,355.5305,359.7324,0.4198971,-0.1088357,-0.901022,0,0,0,1.498136,-0.09901401,-0.922367,0.2829407,-0.02473995,2.022066,0.9968973,-0.00462466,0.07857714,0.0155224,0.9902196,-0.1386512,-0.07716741,0.1394407,0.9872191,moving,11.092803654873274,0.9019063976704439,7.965482341191424,-0.7009781066215139,0.1256409999999999,0.25615179,2.021885,0.19237576755472152,0.015446573578391964,0.9811997964501721,10.422309558092838,1.022695449389346,3.503369689200765,3.514168085494495,3.0011748535196463
05/10/2023 16:35:55.173008,4219,True,True,True,True,Eyes,1.36802,-0.3546738,-2.935776,0.1148223,0.1502391,0.9819592,0.0,0.0,0.0,0.0,0.0,0.0,0.0,-1.139094,-0.07784829,3.061855,1.372507,-0.3551446,-2.944257,-0.06975789,-0.03896982,-0.00502832,0.9967899,351.9834,355.5409,359.7346,0.4198942,-0.1088374,-0.9010231,0,0,0,1.495202,-0.100952,-0.9221122,0.2796679,-0.02682015,2.022326,0.9969121,-0.004587449,0.07839098,0.01546126,0.9902171,-0.138676,-0.07698791,0.1394598,0.9872304,moving,10.998014105895017,0.8387986872155061,7.873507705796872,-0.759813857486486,0.122695,0.2541926,2.0221448,0.19075525483221645,0.014370462730906142,0.9815323432090945,10.327601130863844,0.9625133982731894,3.499406446500975,3.509715417570611,2.998163723829904
05/10/2023 16:35:55.193159,4220,True,True,True,True,Eyes,1.368013,-0.3546792,-2.935774,0.1134036,0.1492941,0.9822682,0.0,0.0,0.0,0.0,0.0,0.0,0.0,-1.139303,-0.07803887,3.061841,1.372524,-0.3551936,-2.944315,-0.06978074,-0.03893955,-0.005066991,0.9967893,351.9806,355.5447,359.7299,0.4198914,-0.1088391,-0.9010243,0,0,0,1.492122,-0.1028824,-0.9219068,0.2764794,-0.02884677,2.022579,0.9969161,-0.004666983,0.07833622,0.01553591,0.9902099,-0.1387188,-0.0769219,0.139508,0.9872288,moving,10.913167713066612,0.7781510807746922,7.78388674618963,-0.817118203625952,0.11959799999999987,0.2523112,2.0224082,0.18930426996438646,0.01333531735771619,0.9818278791128461,10.24260666156185,0.9046301233158105,3.5026019657453555,3.512446933323076,3.0016197166821
05/10/2023 16:35:55.203090,4221,True,True,True,True,Eyes,1.368021,-0.3546861,-2.935771,0.1118987,0.1483018,0.982591,0.0,0.0,0.0,0.0,0.0,0.0,0.0,-1.139451,-0.07866487,3.061764,1.372513,-0.3551173,-2.944322,-0.06982017,-0.03891867,-0.005192122,0.9967867,351.9756,355.5481,359.7155,0.4198887,-0.1088408,-0.9010254,0,0,0,1.488958,-0.1046756,-0.9216496,0.273254,-0.0308969,2.022835,0.9969168,-0.00491626,0.07831224,0.01578549,0.9901963,-0.1387874,-0.07686219,0.1395957,0.9872209,moving,10.823698675602532,0.7141923476027918,7.693212162234957,-0.8750710383122476,0.11644499999999991,0.25044170000000004,2.0226724000000003,0.1877735005703409,0.012242966618906323,0.9821359572268286,10.152981114358203,0.8435865705575545,3.501439938701215,3.510798188473159,3.0007077955635
05/10/2023 16:35:55.223176,4222,True,True,True,True,Eyes,1.368028,-0.3546904,-2.935769,0.1104454,0.147355,0.9828979,0.0,0.0,0.0,0.0,0.0,0.0,0.0,-1.139201,-0.07859278,3.061843,1.372465,-0.3551763,-2.944322,-0.0698199,-0.03895139,-0.005185724,0.9967855,351.9756,355.5443,359.7165,0.4198865,-0.1088426,-0.9010261,0,0,0,1.48553,-0.106696,-0.9213602,0.2700514,-0.03293246,2.023089,0.9969118,-0.004898943,0.07837649,0.01577727,0.9901966,-0.1387869,-0.07692822,0.1395949,0.9872159,moving,10.744532875157565,0.6554850158942216,7.60316359727783,-0.9325958119803281,0.11306499999999997,0.2484803,2.0229618,0.1864185109947264,0.011239581498042009,0.9824061150037837,10.073564668152004,0.7875326877679456,3.5110368539807277,3.5199718260050554,3.010269673405111
05/10/2023 16:35:55.248425,4223,True,True,True,True,Eyes,1.368044,-0.3546937,-2.935767,0.1089106,0.146355,0.9832186,0.0,0.0,0.0,0.0,0.0,0.0,0.0,-1.138529,-0.07937694,3.062085,1.372442,-0.3551195,-2.944352,-0.06990682,-0.03905954,-0.005258596,0.9967747,351.9653,355.5323,359.7094,0.4198847,-0.1088444,-0.9010268,0,0,0,1.481824,-0.1082842,-0.921123,0.2668328,-0.03497827,2.023344,0.9968934,-0.005022215,0.07860234,0.01594433,0.9901708,-0.1389519,-0.0771319,0.1397735,0.9871747,moving,10.668701398792159,0.5849612320555827,7.512650853299303,-0.9903939405091134,0.10938200000000009,0.24683529999999998,2.0232289999999997,0.1851205155274855,0.010032863058704072,0.9826646714892134,9.996735011638684,0.7200506285352068,3.5190012306383593,3.5273784834395214,3.016006420663902
05/10/2023 16:35:55.263222,4224,True,True,True,True,Eyes,1.368058,-0.3546956,-2.935765,0.1074294,0.1453946,0.983524,0.0,0.0,0.0,0.0,0.0,0.0,0.0,-1.137721,-0.07963398,3.062369,1.372424,-0.3551041,-2.944352,-0.06993135,-0.03918963,-0.005288462,0.9967676,351.9623,355.5175,359.7071,0.4198835,-0.108846,-0.9010271,0,0,0,1.47795,-0.1101919,-0.9208179,0.2635431,-0.03706928,2.023605,0.9968724,-0.00506157,0.07886557,0.0160239,0.9901633,-0.1389961,-0.07738625,0.1398251,0.9871476,moving,10.598818050647658,0.5234418238347553,7.420121923181866,-1.049451731440715,0.10552600000000001,0.24491219999999997,2.0235341,0.18392366915096556,0.00897980730394242,0.9828995733320622,9.92611601274675,0.6612128360733244,3.5386229296227825,3.546562167366185,3.0342016477950384
05/10/2023 16:35:55.274894,4225,True,True,True,True,Eyes,1.368094,-0.3546997,-2.93576,0.1058712,0.1443972,0.9838398,0.0,0.0,0.0,0.0,0.0,0.0,0.0,-1.13715,-0.07964751,3.062551,1.372416,-0.3550745,-2.944328,-0.06993101,-0.03928151,-0.005279067,0.9967641,351.9623,355.5068,359.709,0.4198828,-0.1088475,-0.9010273,0,0,0,1.474323,-0.1121185,-0.9204953,0.2603429,-0.03910355,2.023859,0.9968582,-0.00502998,0.07904714,0.01601796,0.9901636,-0.1389947,-0.07757045,0.1398242,0.9871333,moving,10.520523398992008,0.46178811077397364,7.330095533186189,-1.1068901754280602,0.10190699999999997,0.242956,2.0238327,0.18258198524919175,0.007924158396630146,0.9831587058036403,9.847382882829464,0.6023090860190186,3.54770248096701,3.5552189148506774,3.042712230232315
05/10/2023 16:35:55.293241,4226,True,True,True,True,Eyes,1.36813,-0.3547024,-2.935755,0.1043774,0.1434354,0.98414,0.0,0.0,0.0,0.0,0.0,0.0,0.0,-1.136856,-0.07941434,3.062646,1.372418,-0.355153,-2.944297,-0.0699323,-0.03932721,-0.005213066,0.9967627,351.9625,355.501,359.7169,0.4198832,-0.108849,-0.901027,0,0,0,1.470933,-0.1140987,-0.9201819,0.2571917,-0.04110655,2.024109,0.9968523,-0.004891895,0.07912891,0.01589287,0.9901646,-0.1390018,-0.07767066,0.1398219,0.9871257,moving,10.441144645575957,0.4012034173355195,7.241434492401649,-1.1634294956594957,0.09851500000000013,0.2410543,2.0241151000000004,0.1812211041647228,0.006886322178085796,0.9834182147876346,9.767661586531041,0.5444451494788007,3.5546564385953037,3.5617722016931426,3.049370284930922
05/10/2023 16:35:55.303006,4227,True,True,True,True,Eyes,1.368145,-0.3547072,-2.93575,0.1028226,0.1424229,0.9844507,0.0,0.0,0.0,0.0,0.0,0.0,0.0,-1.137078,-0.07906479,3.062562,1.372448,-0.3551193,-2.944276,-0.06988239,-0.03929528,-0.0051836,0.9967675,351.9683,355.5045,359.7198,0.4198845,-0.1088503,-0.9010262,0,0,0,1.467811,-0.1162412,-0.9198603,0.2539589,-0.04316138,2.024366,0.9968581,-0.004841592,0.079061,0.01582578,0.9901791,-0.1389056,-0.07761203,0.1397204,0.9871446,moving,10.349069701407153,0.3439700238960113,7.150462271384277,-1.2214146513331847,0.09536300000000009,0.23887810000000004,2.0244157,0.1796416387207173,0.005905711067226385,0.9837143662975476,9.675881212006312,0.48991130782350856,3.5543321797776333,3.5611119994799325,3.0506355672443237
05/10/2023 16:35:55.323276,4228,True,True,True,True,Eyes,1.36816,-0.3547125,-2.935746,0.1013322,0.1414477,0.9847458,0.0,0.0,0.0,0.0,0.0,0.0,0.0,-1.137473,-0.0785366,3.062434,1.372479,-0.3551324,-2.944265,-0.06980199,-0.03923628,-0.005175808,0.9967754,351.9776,355.5113,359.7199,0.4198861,-0.1088517,-0.9010253,0,0,0,1.464873,-0.1185207,-0.9195455,0.2507949,-0.04517244,2.024617,0.9968675,-0.004840695,0.07894209,0.01579578,0.9902018,-0.1387477,-0.07749696,0.13956,0.9871764,moving,10.257375873791133,0.29294894597915916,7.0614152078152435,-1.278148319974201,0.09239400000000009,0.2366117,2.0247195000000002,0.17806796523184748,0.005031187845108434,0.9840053069556213,9.584797753233191,0.44136950342030323,3.5547401260235834,3.561251352762281,3.053555471166577
05/10/2023 16:35:55.343228,4229,True,True,True,True,Eyes,1.368152,-0.35472,-2.935745,0.0997833,0.1404528,0.9850464,0.0,0.0,0.0,0.0,0.0,0.0,0.0,-1.137678,-0.07813862,3.062401,1.372483,-0.3551461,-2.944297,-0.06976226,-0.03920061,-0.005118642,0.9967801,351.9825,355.515,359.726,0.4198879,-0.1088531,-0.9010243,0,0,0,1.461805,-0.1206188,-0.9192893,0.247631,-0.04718354,2.024868,0.9968742,-0.004734873,0.07886295,0.01567377,0.990214,-0.138674,-0.0774346,0.1394766,0.9871931,moving,10.165463269226688,0.23528737161195615,6.972358721573368,-1.33486654883227,0.08932200000000012,0.23452730000000002,2.0250077,0.17649002266146363,0.004042065491464103,0.9842941835382392,9.49315112868605,0.38642123623933566,3.5520896474265258,3.5582720506069636,3.0524131435298303
05/10/2023 16:35:55.355559,4230,True,True,True,True,Eyes,1.368144,-0.3547267,-2.935743,0.09829543,0.1395029,0.9853309,0.0,0.0,0.0,0.0,0.0,0.0,0.0,-1.138125,-0.0783715,3.062232,1.372473,-0.3551641,-2.944301,-0.06979629,-0.03912684,-0.005140612,0.9967805,351.9785,355.5237,359.7231,0.4198893,-0.1088545,-0.9010234,0,0,0,1.458845,-0.1224819,-0.9190395,0.2444161,-0.04922685,2.025123,0.9968854,-0.004786306,0.07871933,0.01570994,0.9902041,-0.1387409,-0.07728414,0.1395454,0.9871952,moving,10.072077274925794,0.1731176715913875,6.881854792379413,-1.3924761183337397,0.0863719999999999,0.23268219999999998,2.0252615,0.1748861430903571,0.0029749039453672854,0.98458418637697,9.399845244398216,0.32713375018692015,3.5478511583293044,3.5536746338398113,3.0491529998298703
05/10/2023 16:35:55.378351,4231,True,True,True,True,Eyes,1.368153,-0.35473,-2.93574,0.09663709,0.1385019,0.9856361,0.0,0.0,0.0,0.0,0.0,0.0,0.0,-1.13808,-0.0788064,3.062253,1.372477,-0.3551514,-2.944317,-0.06986871,-0.03913365,-0.005133119,0.9967752,351.9702,355.5228,359.7243,0.4198905,-0.1088561,-0.9010227,0,0,0,1.455581,-0.1241356,-0.9188077,0.2412178,-0.05125986,2.025376,0.9968845,-0.004764695,0.07873219,0.01570157,0.9901841,-0.138885,-0.07729761,0.1396885,0.9871739,moving,9.978442520453822,0.10295060339172896,6.791808817364949,-1.4497786081452206,0.08310400000000007,0.2310158,2.0255093,0.1732773633072826,0.0017696455826664154,0.9848714884746516,9.305875308622172,0.26013063901577455,3.5393961043519826,3.544799340163285,3.0404473282708064
05/10/2023 16:35:55.393052,4232,True,True,True,True,Eyes,1.36816,-0.3547365,-2.935735,0.09504513,0.1375363,0.985926,0.0,0.0,0.0,0.0,0.0,0.0,0.0,-1.138002,-0.07969302,3.062223,1.372482,-0.3550926,-2.944285,-0.06998774,-0.03914888,-0.005177321,0.996766,351.9563,355.5213,359.7198,0.4198917,-0.1088576,-0.901022,0,0,0,1.452296,-0.1255702,-0.9185453,0.2380193,-0.05329292,2.02563,0.9968811,-0.00484127,0.07876923,0.01580104,0.9901499,-0.1391174,-0.07731983,0.1399281,0.9871382,moving,9.889205849667484,0.030469517648896723,6.701742768803501,-1.5070645538812713,0.07981400000000005,0.2295224,2.0257397,0.17174347588818778,0.0005238918061517273,0.9851415086461569,9.216021578513391,0.1908612074727345,3.533940781841001,3.5389167711302627,3.0339001011941313
05/10/2023 16:35:55.403103,4233,True,True,True,True,Eyes,1.368176,-0.3547436,-2.935731,0.09327644,0.1365116,0.9862373,0.0,0.0,0.0,0.0,0.0,0.0,0.0,-1.138024,-0.07949662,3.062156,1.372458,-0.3551772,-2.944219,-0.06994299,-0.03914555,-0.005244228,0.9967688,351.9612,355.5223,359.7119,0.4198931,-0.1088591,-0.9010211,0,0,0,1.449036,-0.1278302,-0.9181744,0.2348025,-0.05533758,2.025885,0.9968802,-0.004978652,0.07877173,0.01593048,0.9901609,-0.1390234,-0.07730453,0.1398446,0.9871513,moving,9.787437296052277,-0.026494205717096327,6.611152100920549,-1.5646601755544722,0.07657800000000003,0.22734700000000002,2.0260446,0.1699934098166817,-0.0004556807864067175,0.985445054824896,9.11491258974079,0.1366609494611504,3.5244176141264663,3.5291276813936263,3.027095993820116
05/10/2023 16:35:55.427947,4234,True,True,True,True,Eyes,1.368193,-0.354746,-2.935728,0.09157,0.1355439,0.9865307,0.0,0.0,0.0,0.0,0.0,0.0,0.0,-1.136995,-0.07837892,3.062632,1.372452,-0.3551978,-2.944287,-0.0698482,-0.03930246,-0.005022595,0.9967704,351.973,355.5024,359.7383,0.4198948,-0.1088607,-0.9010202,0,0,0,1.445145,-0.1301023,-0.9179059,0.2316378,-0.05734923,2.026136,0.9968602,-0.004522336,0.07905272,0.01550316,0.990192,-0.1388505,-0.07764943,0.13964,0.9871531,moving,9.70977708384085,-0.07824790092275412,6.522018094434252,-1.6213086185805752,0.0726929999999999,0.2250955,2.0263811,0.1686574300318128,-0.001346119323858544,0.9856738279103946,9.037316180564266,0.08730597429321466,3.537119440197186,3.5415877446311064,3.0407381158315134
05/10/2023 16:35:55.442994,4235,True,True,True,True,Eyes,1.368168,-0.3547544,-2.935726,0.0897881,0.1345424,0.9868315,0.0,0.0,0.0,0.0,0.0,0.0,0.0,-1.136406,-0.08018705,3.062793,1.372494,-0.3550911,-2.944269,-0.07006913,-0.03941031,-0.00516319,0.9967501,351.947,355.491,359.724,0.4198968,-0.1088622,-0.9010191,0,0,0,1.441523,-0.1311084,-0.9176873,0.228426,-0.05939066,2.026391,0.9968404,-0.004769926,0.07928803,0.01581571,0.9901273,-0.1392758,-0.0778409,0.1400898,0.9870743,moving,9.619667891755073,-0.16315795257952437,6.431546843449677,-1.6787778494084147,0.06902900000000001,0.22398269999999998,2.0265817,0.16710653806503764,-0.0028075984771337714,0.9859348315270787,8.945962090701197,0.006049119610341797,3.526054004593274,3.530045253295135,3.0267021576534177
05/10/2023 16:35:55.455723,4236,True,True,True,True,Eyes,1.368145,-0.3547607,-2.935723,0.08808377,0.1335837,0.9871153,0.0,0.0,0.0,0.0,0.0,0.0,0.0,-1.136426,-0.08172658,3.062758,1.372523,-0.3551698,-2.94426,-0.07030535,-0.0394135,-0.005238599,0.9967329,351.9195,355.4911,359.7164,0.4198979,-0.1088639,-0.9010183,0,0,0,1.43832,-0.1322111,-0.9175018,0.2252303,-0.06142175,2.026645,0.9968382,-0.004901006,0.07930606,0.01598493,0.9900594,-0.1397384,-0.07783286,0.1405642,0.9870075,moving,9.522581508261231,-0.24830676779352656,6.341518870634841,-1.7359380406593434,0.0657970000000001,0.22295869999999998,2.0267581999999997,0.16543479610088163,-0.004274041014192431,0.9862114538726782,8.847870557745335,-0.07538534770520441,3.50817602400013,3.5117241219251456,3.0065318933214162
05/10/2023 16:35:55.473096,4237,True,True,True,True,Eyes,1.368092,-0.3547685,-2.935719,0.08632276,0.1325297,0.9874129,0.0,0.0,0.0,0.0,0.0,0.0,0.0,-1.136979,-0.08302003,3.062489,1.372555,-0.3551297,-2.94422,-0.07037697,-0.03934295,-0.005571703,0.9967288,351.9098,355.502,359.6777,0.4198984,-0.1088656,-0.9010179,0,0,0,1.435455,-0.1339378,-0.9172123,0.2220344,-0.0634533,2.026898,0.9968422,-0.00556928,0.07921273,0.01664463,0.9900321,-0.1398551,-0.07764425,0.1407319,0.9869984,moving,9.411860055727766,-0.31648020413913797,6.251479493526611,-1.7930943253811968,0.06289999999999996,0.2211919,2.0270077,0.16352774625868194,-0.005449238868493564,0.9865236729860201,8.737537843479528,-0.14033529929239072,3.4850627059605612,3.4883225999024727,2.985313805563602
05/10/2023 16:35:55.493208,4238,True,True,True,True,Eyes,1.368039,-0.3547771,-2.935716,0.08463205,0.1315016,0.9876966,0.0,0.0,0.0,0.0,0.0,0.0,0.0,-1.137813,-0.08313188,3.062129,1.37253,-0.3551164,-2.944184,-0.07024965,-0.03921942,-0.005926875,0.9967405,351.9229,355.5192,359.6351,0.4198975,-0.1088674,-0.901018,0,0,0,1.43266,-0.1365537,-0.9168367,0.2187546,-0.06553799,2.027159,0.9968534,-0.006304812,0.07901587,0.01732541,0.9900598,-0.1395764,-0.07735043,0.1405062,0.9870536,moving,9.298820490011995,-0.35987737750108734,6.159063414518279,-1.8517258643149643,0.06013000000000002,0.2185627,2.0273472999999997,0.16158038732969854,-0.006198468100535072,0.9868400000835563,8.626285353919402,-0.18135847008184056,3.473008555709879,3.476159720254768,2.9794817217058727
05/10/2023 16:35:55.503322,4239,True,True,True,True,Eyes,1.367964,-0.3547899,-2.935713,0.08288583,0.1304202,0.9879881,0.0,0.0,0.0,0.0,0.0,0.0,0.0,-1.137788,-0.08151481,3.062152,1.372471,-0.3551371,-2.944178,-0.07004166,-0.03920983,-0.005793086,0.9967564,351.9473,355.5193,359.6496,0.4198954,-0.1088695,-0.9010187,0,0,0,1.429395,-0.1393248,-0.9164662,0.2155801,-0.06755571,2.02741,0.9968581,-0.006055947,0.07897681,0.01704123,0.9901212,-0.1391747,-0.07735378,0.1400832,0.9871135,moving,9.199211553818953,-0.40389626400612333,6.069611243888913,-1.9084573354003855,0.056923999999999975,0.21581229999999998,2.0277118,0.15986373111210486,-0.006958601272530021,0.9871145528598416,8.527944626334172,-0.2230832257562285,3.4694524961917987,3.472477806620117,2.9805853298812943
05/10/2023 16:35:55.523088,4240,True,True,True,True,Eyes,1.367892,-0.3548011,-2.935709,0.08120891,0.1293659,0.988266,0.0,0.0,0.0,0.0,0.0,0.0,0.0,-1.136907,-0.08019859,3.062492,1.372453,-0.3551991,-2.944156,-0.06994448,-0.03933995,-0.005521264,0.9967597,351.9597,355.502,359.6815,0.4198916,-0.1088718,-0.9010202,0,0,0,1.425632,-0.1416198,-0.9161212,0.2124504,-0.06954496,2.027658,0.9968438,-0.005503523,0.0791973,0.01650997,0.9901546,-0.1390013,-0.07765257,0.1398701,0.9871203,moving,9.120631315133224,-0.4605957854881856,5.981412479890613,-1.9643703899456013,0.05317900000000009,0.2135793,2.0280348,0.1585086248052906,-0.00793719672316396,0.9873257449660227,8.449199079833921,-0.27720399071466784,3.4780043802660976,3.4808092387479426,2.9893981269736596
05/10/2023 16:35:55.543381,4241,True,True,True,True,Eyes,1.367818,-0.35481,-2.935708,0.07945319,0.1281156,0.9885715,0.0,0.0,0.0,0.0,0.0,0.0,0.0,-1.13693,-0.0787268,3.062496,1.372474,-0.3551654,-2.944124,-0.06974012,-0.03933695,-0.005415767,0.9967746,351.9836,355.5016,359.6927,0.4198864,-0.1088743,-0.9010224,0,0,0,1.422417,-0.1443407,-0.9157262,0.2092652,-0.0715697,2.027911,0.9968466,-0.005309871,0.07917553,0.01628332,0.9902139,-0.1386043,-0.07766475,0.1394564,0.9871778,moving,9.021158807118082,-0.5142729758915425,5.8916408623372565,-2.0212625239908113,0.04994300000000007,0.21082470000000003,2.0283978,0.15679303986737528,-0.008864620960955756,0.9875917112456708,8.350477435099966,-0.3282500989485674,3.4708276163795175,3.47345650106427,2.985325503676758
05/10/2023 16:35:55.555964,4242,True,True,True,True,Eyes,1.367746,-0.3548193,-2.935709,0.07776592,0.126914,0.9888606,0.0,0.0,0.0,0.0,0.0,0.0,0.0,-1.137307,-0.07788622,3.062389,1.372391,-0.3551343,-2.944178,-0.06962314,-0.03925906,-0.005352358,0.9967862,351.9973,355.5101,359.6989,0.4198799,-0.108877,-0.9010251,0,0,0,1.419355,-0.1467586,-0.9154575,0.2060242,-0.07362983,2.028168,0.9968602,-0.005203635,0.07901109,0.01613699,0.9902479,-0.1383785,-0.07752049,0.139219,0.9872227,moving,8.916788997077797,-0.5745138049401814,5.800291002757856,-2.079130836412865,0.046964000000000006,0.20837570000000002,2.0287205,0.15499226906740432,-0.009905820085557002,0.987866012776822,8.246687433306437,-0.38559309986169354,3.458270903298063,3.4606982185677335,2.9753866237051794
05/10/2023 16:35:55.578254,4243,True,True,True,True,Eyes,1.367746,-0.3548193,-2.935709,0.07776592,0.126914,0.9888606,0.0,0.0,0.0,0.0,0.0,0.0,0.0,-1.137188,-0.07749394,3.062487,1.372389,-0.3551533,-2.944223,-0.06960525,-0.03927284,-0.005243425,0.9967875,351.9999,355.5077,359.7115,0.4198721,-0.1088798,-0.9010283,0,0,0,1.416073,-0.1487652,-0.9152196,0.2028566,-0.07564315,2.028419,0.9968603,-0.004985969,0.07902329,0.01592035,0.9902552,-0.1383514,-0.07756341,0.1391751,0.9872255,moving,8.919091497880503,-0.5738877948472809,5.711004249933403,-2.1356661763514797,0.043683999999999834,0.20638810000000002,2.0290034,0.15503198420712266,-0.009894964306241691,0.9878598896078263,8.24893984816624,-0.3850064191898992,3.565566814055109,3.5680492574198963,3.0831682870259467
05/10/2023 16:35:55.592963,4244,True,True,True,True,Eyes,1.367746,-0.3548193,-2.935709,0.07776592,0.126914,0.9888606,0.0,0.0,0.0,0.0,0.0,0.0,0.0,-1.136968,-0.07752982,3.062669,1.372435,-0.3551413,-2.944308,-0.06961179,-0.03931458,-0.005229875,0.9967855,351.9992,355.5027,359.7134,0.4198652,-0.1088823,-0.9010313,0,0,0,1.412708,-0.1506831,-0.9150252,0.1996593,-0.07767546,2.028673,0.996854,-0.004952612,0.07910453,0.01589964,0.9902537,-0.1383648,-0.07764827,0.1391873,0.9872171,moving,8.92396906976251,-0.5747675140646126,5.620872734479514,-2.19271567838579,0.040273,0.2044582,2.0292828,0.15511605675342044,-0.009909999516922986,0.9878465411128649,8.253594290440818,-0.38589226145063527,3.6755458019504816,3.678070372163946,3.1930915507088953
05/10/2023 16:35:55.603032,4245,True,True,True,True,Eyes,1.367746,-0.3548193,-2.935709,0.07776592,0.126914,0.9888606,0.0,0.0,0.0,0.0,0.0,0.0,0.0,-1.137038,-0.07838309,3.062623,1.37243,-0.3551354,-2.944312,-0.06972228,-0.03930476,-0.005301663,0.9967778,351.9862,355.5044,359.7056,0.4198589,-0.1088845,-0.9010339,0,0,0,1.409256,-0.1523635,-0.9147723,0.1962059,-0.07987043,2.028947,0.996854,-0.005088324,0.07909549,0.01604999,0.9902214,-0.1385785,-0.07761692,0.139412,0.9871879,moving,8.922471316871272,-0.5865786051677785,5.523516738367892,-2.2543106855560104,0.036826000000000025,0.20277189999999998,2.0295397,0.15508991738982272,-0.010113678403873352,0.9878485809955728,8.251524098864206,-0.3972787006982281,3.78354372110098,3.786056327986306,3.3000896884337703
05/10/2023 16:35:55.623169,4246,True,True,True,True,Eyes,1.367746,-0.3548193,-2.935709,0.07776592,0.126914,0.9888606,0.0,0.0,0.0,0.0,0.0,0.0,0.0,-1.136694,-0.07902941,3.062729,1.372422,-0.355144,-2.94431,-0.06983469,-0.03935818,-0.005288824,0.9967678,351.9733,355.4981,359.708,0.4198533,-0.1088865,-0.9010363,0,0,0,1.406022,-0.1537319,-0.9145541,0.1932356,-0.08175825,2.029182,0.996846,-0.005046328,0.07920062,0.01604059,0.9901903,-0.1388016,-0.07772324,0.1396343,0.9871481,moving,8.928793781997866,-0.5996600455410774,5.439777185546128,-2.307269762212178,0.033600000000000074,0.2014121,2.0297559,0.15519856568394008,-0.010339039425891872,0.9878291843305723,8.256923814430811,-0.4099502091775582,3.881997517161891,3.8844777969226736,3.396488865720573
05/10/2023 16:35:55.642910,4247,True,True,True,True,Eyes,1.367685,-0.3548271,-2.935716,0.075927,0.1254453,0.9891909,0.0,0.0,0.0,0.0,0.0,0.0,0.0,-1.135845,-0.07969671,3.063088,1.372432,-0.3551892,-2.944363,-0.06994366,-0.03949745,-0.00529903,0.9967546,351.9607,355.4821,359.7084,0.4198482,-0.1088884,-0.9010384,0,0,0,1.402254,-0.1552768,-0.9143651,0.1900635,-0.08377466,2.029434,0.9968238,-0.005038473,0.07947979,0.01608886,0.9901596,-0.1390147,-0.07799726,0.1398519,0.9870957,moving,8.840578270367224,-0.70045130010271,5.350341404651737,-2.3638171196996582,0.029821999999999793,0.1999124,2.0299979,0.153674477470215,-0.012079664495428764,0.9880477245274311,8.166552338689948,-0.5065468475883984,3.864264529075541,3.866334081349269,3.3734992053748294
05/10/2023 16:35:55.656285,4248,True,True,True,True,Eyes,1.367625,-0.3548343,-2.935721,0.07416179,0.1240331,0.9895028,0.0,0.0,0.0,0.0,0.0,0.0,0.0,-1.135566,-0.08058947,3.063184,1.372443,-0.3551573,-2.944379,-0.07002811,-0.03954997,-0.005434777,0.996746,351.9504,355.4771,359.6936,0.419842,-0.1088903,-0.9010411,0,0,0,1.398822,-0.1568929,-0.9141302,0.1868601,-0.08581086,2.029688,0.9968125,-0.005294962,0.07960371,0.0163734,0.990133,-0.1391706,-0.07808136,0.1400304,0.9870637,moving,8.745802596322779,-0.793404056633626,5.260020393994618,-2.420901100741293,0.02637899999999993,0.1982644,2.0302488,0.15203673682991733,-0.013686095978289937,0.9882800684170645,8.070273891312628,-0.5955296491733616,3.845262285267719,3.8470019743492405,3.351045457075645
05/10/2023 16:35:55.678398,4249,True,True,True,True,Eyes,1.367527,-0.3548453,-2.935728,0.07231033,0.1226537,0.9898118,0.0,0.0,0.0,0.0,0.0,0.0,0.0,-1.135595,-0.08087188,3.063087,1.3724,-0.3551509,-2.944317,-0.07001799,-0.03954507,-0.005573259,0.996746,351.9509,355.4788,359.6776,0.4198349,-0.1088923,-0.9010442,0,0,0,1.395522,-0.1589473,-0.9137787,0.1836119,-0.08787553,2.029946,0.9968103,-0.005572514,0.07961322,0.01664798,0.9901329,-0.1391395,-0.07805231,0.1400211,0.9870673,moving,8.639407908409359,-0.8736585403498565,5.168431412430643,-2.4787631838012847,0.023121999999999865,0.19620359999999998,2.0305383,0.15019831211516615,-0.015074657285321022,0.9885410133692604,7.963470465723001,-0.6721706228551901,3.8226386123709224,3.8241389556429586,3.328065502765113
05/10/2023 16:35:55.693367,4250,True,True,True,True,Eyes,1.367434,-0.354858,-2.935736,0.07053147,0.1213266,0.9901036,0.0,0.0,0.0,0.0,0.0,0.0,0.0,-1.135377,-0.08004528,3.063207,1.372402,-0.3551998,-2.944329,-0.06991381,-0.03957903,-0.005511553,0.9967524,351.9632,355.4744,359.6844,0.4198259,-0.1088946,-0.9010482,0,0,0,1.392189,-0.1613328,-0.9134759,0.1804673,-0.08987421,2.030195,0.9968063,-0.005453065,0.07967165,0.01652155,0.9901634,-0.1389372,-0.07813031,0.1398098,0.9870912,moving,8.542757718913942,-0.9423406237561495,5.079762485357743,-2.534758021951066,0.019787,0.193867,2.0308531000000003,0.1485277861611795,-0.016263787392607636,0.9887744721717828,7.866672969171065,-0.7377178974914006,3.8102583955480656,3.811578302712253,3.3160553755488777
05/10/2023 16:35:55.708997,4251,True,True,True,True,Eyes,1.367339,-0.3548714,-2.935744,0.06864494,0.11998,0.9904002,0.0,0.0,0.0,0.0,0.0,0.0,0.0,-1.135288,-0.07982665,3.063288,1.372395,-0.3552511,-2.94437,-0.0698869,-0.03959172,-0.005506609,0.9967538,351.9663,355.4729,359.685,0.4198153,-0.1088972,-0.9010528,0,0,0,1.388682,-0.1635758,-0.9132105,0.1770673,-0.09203532,2.030465,0.9968044,-0.005443581,0.07969607,0.01651135,0.990171,-0.138884,-0.07815672,0.1397561,0.9870966,moving,8.437254064133073,-1.0204520671456845,4.983887131974422,-2.5952816035856237,0.01628699999999994,0.1916753,2.0311595000000002,0.14670345037588906,-0.017616618350227563,0.9890235774506871,7.760842038015857,-0.8122975669647321,3.794371819344229,3.7955014473677244,3.300077366522265
05/10/2023 16:35:55.724662,4252,True,True,True,True,Eyes,1.367249,-0.354883,-2.935756,0.06682479,0.1186821,0.9906811,0.0,0.0,0.0,0.0,0.0,0.0,0.0,-1.135327,-0.07894981,3.063309,1.372373,-0.3552759,-2.944391,-0.0697329,-0.03958406,-0.005537541,0.9967647,351.9838,355.474,359.6807,0.4198032,-0.1089,-0.9010581,0,0,0,1.385511,-0.1661556,-0.9128999,0.1739305,-0.0940292,2.030714,0.9968048,-0.005518627,0.07968426,0.01655987,0.9902133,-0.1385762,-0.07813968,0.139453,0.9871408,moving,8.332834491835241,-1.080467190970161,4.895431681089121,-2.6511025080653474,0.013137999999999872,0.1891203,2.0314911,0.14489802085981104,-0.018657591360421145,0.9892706875025162,7.6570160487466135,-0.8694223844601097,3.7782260607875138,3.7792371429472404,3.2864467563829796
05/10/2023 16:35:55.743160,4253,True,True,True,True,Eyes,1.367182,-0.3548912,-2.935766,0.06493137,0.1174254,0.9909567,0.0,0.0,0.0,0.0,0.0,0.0,0.0,-1.134662,-0.07793656,3.063668,1.372414,-0.3552416,-2.944465,-0.06966057,-0.0396878,-0.005284155,0.996767,351.9932,355.46,359.7104,0.41979,-0.1089029,-0.901064,0,0,0,1.382043,-0.1682177,-0.9126871,0.1709099,-0.09594917,2.030954,0.9967939,-0.005004795,0.07985517,0.01606349,0.990239,-0.1384513,-0.07838278,0.1392901,0.9871446,moving,8.238664673424825,-1.1508157250492275,4.810250844221406,-2.7048362210807393,0.009628999999999888,0.1870239,2.0317779000000002,0.1432685162736596,-0.019876981639625084,0.9894842224592415,7.5625207787218205,-0.9365965625075705,3.763304551915987,3.764173360295628,3.2713393713440793
05/10/2023 16:35:55.763088,4254,True,True,True,True,Eyes,1.367115,-0.3548984,-2.935773,0.06312369,0.1162102,0.9912168,0.0,0.0,0.0,0.0,0.0,0.0,0.0,-1.134579,-0.07976601,3.063677,1.372456,-0.3552,-2.944478,-0.06989621,-0.03971235,-0.005426539,0.9967487,351.9655,355.4583,359.6953,0.4197762,-0.1089059,-0.90107,0,0,0,1.378804,-0.1691773,-0.9125126,0.1677524,-0.09795594,2.031204,0.996787,-0.005266306,0.07992505,0.01636928,0.9901701,-0.1389069,-0.07840787,0.1397689,0.9870749,moving,8.13841076266558,-1.249445255218734,4.7212102035547865,-2.760981677017983,0.00634800000000002,0.1860227,2.0319654000000003,0.14153193300386827,-0.02158570898594249,0.9896984007935242,7.460661107776678,-1.0310160309436343,3.7358983907906573,3.7365762424461253,3.2399648753095427
05/10/2023 16:35:55.774756,4255,True,True,True,True,Eyes,1.367056,-0.3549058,-2.93578,0.06124153,0.1150511,0.99147,0.0,0.0,0.0,0.0,0.0,0.0,0.0,-1.135388,-0.07969248,3.063298,1.37242,-0.3551853,-2.944412,-0.06980687,-0.03958426,-0.005618,0.996759,351.9749,355.4746,359.6718,0.419762,-0.1089089,-0.9010762,0,0,0,1.376087,-0.1715084,-0.9121369,0.1645783,-0.09997356,2.031456,0.996803,-0.00567308,0.07969628,0.01672609,0.9901908,-0.1387165,-0.07812759,0.139606,0.9871202,moving,8.0157377025914,-1.3069778140330572,4.631698946348187,-2.8174105181115094,0.003667000000000087,0.18367689999999998,2.0322750999999997,0.13940952718026967,-0.022586353343499108,0.9899772128094501,7.339373701313505,-1.0856070365117312,3.705213450590569,3.7058231551580896,3.214132212208703
05/10/2023 16:35:55.793004,4256,True,True,True,True,Eyes,1.367,-0.3549114,-2.935787,0.05942881,0.1139524,0.9917071,0.0,0.0,0.0,0.0,0.0,0.0,0.0,-1.135403,-0.07887554,3.06331,1.372369,-0.3552025,-2.94443,-0.0697073,-0.03957079,-0.005539311,0.996767,351.9868,355.4756,359.6803,0.4197477,-0.1089118,-0.9010825,0,0,0,1.372697,-0.1739656,-0.9118297,0.1612378,-0.102097,2.031721,0.9968069,-0.005526058,0.07965796,0.01655955,0.9902204,-0.1385255,-0.07811345,0.1394023,0.9871501,moving,7.911590255786991,-1.3626687407362057,4.537495113739243,-2.8767782162857105,0.000328000000000106,0.18123689999999998,2.0326003000000004,0.13760671572615787,-0.023554584831159082,0.9902067856941182,7.236039407876523,-1.1385610374248911,3.6976991686565417,3.698248981820858,3.2099128131941117
05/10/2023 16:35:55.803066,4257,True,True,True,True,Eyes,1.36698,-0.354918,-2.935789,0.05750187,0.1129194,0.9919389,0.0,0.0,0.0,0.0,0.0,0.0,0.0,-1.134982,-0.07998788,3.063447,1.372385,-0.3551714,-2.944436,-0.06988883,-0.03964001,-0.005528424,0.9967515,351.9659,355.4675,359.6829,0.4197333,-0.1089147,-0.9010889,0,0,0,1.369273,-0.1751021,-0.9116315,0.1581194,-0.104079,2.031968,0.9967963,-0.005480144,0.07979524,0.01656172,0.9901699,-0.1388853,-0.07824974,0.1397619,0.9870884,moving,7.810279197515087,-1.4461837976739897,4.449555428395966,-2.9321724543592627,-0.0031120000000000037,0.18006930000000002,2.0328045,0.13585083178656449,-0.0250040155651124,0.9904137458615895,7.1339627143632365,-1.218386950738423,3.6741427813630607,3.6745920236292267,3.1848238929923745
05/10/2023 16:35:55.823146,4258,True,True,True,True,Eyes,1.366963,-0.354925,-2.93579,0.05564941,0.1119249,0.9921572,0.0,0.0,0.0,0.0,0.0,0.0,0.0,-1.134766,-0.07936376,3.063474,1.372375,-0.355252,-2.944359,-0.0698271,-0.03967239,-0.005462732,0.996755,351.9733,355.4632,359.6905,0.4197198,-0.1089176,-0.9010948,0,0,0,1.36597,-0.1773314,-0.9112637,0.1550061,-0.106058,2.032215,0.9967926,-0.005349595,0.0798502,0.01643043,0.9901887,-0.1387676,-0.07832441,0.1396345,0.9871006,moving,7.708964964988068,-1.499861538158624,4.361759072857494,-2.987463391635926,-0.006404999999999994,0.1779206,2.0330953,0.13409610589552146,-0.02593813215880627,0.9906287888351355,7.03346594446993,-1.2694196536855742,3.662477773168251,3.662887734941208,3.1764275362947485
05/10/2023 16:35:55.842969,4259,True,True,True,True,Eyes,1.366994,-0.3549288,-2.935789,0.05374851,0.1109839,0.9923677,0.0,0.0,0.0,0.0,0.0,0.0,0.0,-1.134614,-0.07900423,3.06356,1.372403,-0.3552695,-2.944366,-0.06979474,-0.03969929,-0.005402239,0.9967564,351.9773,355.4596,359.6975,0.4197072,-0.1089204,-0.9011003,0,0,0,1.362693,-0.1794005,-0.9109871,0.1518587,-0.1080584,2.032465,0.9967896,-0.00522783,0.07989514,0.01631103,0.990199,-0.1387078,-0.07838695,0.1395656,0.9871053,moving,7.604192432703174,-1.5537410340063453,4.2730013001588265,-3.0433324129958828,-0.009710000000000107,0.17586900000000003,2.0333788999999998,0.13228111602530568,-0.02687629661954162,0.9908477942715713,6.929625282720498,-1.3206208831898412,3.6486931530469406,3.649070681406712,3.166288994966901
05/10/2023 16:35:55.856805,4260,True,True,True,True,Eyes,1.367027,-0.3549325,-2.935788,0.05192624,0.1100755,0.9925659,0.0,0.0,0.0,0.0,0.0,0.0,0.0,-1.134751,-0.078623,3.063515,1.372419,-0.3552698,-2.944353,-0.06974591,-0.0396787,-0.005369909,0.996761,351.983,355.4618,359.7008,0.4196966,-0.1089229,-0.9011049,0,0,0,1.359357,-0.1816729,-0.9106643,0.1484712,-0.1102115,2.032734,0.9967936,-0.005170175,0.07984941,0.01623988,0.9902133,-0.1386138,-0.0783513,0.1394661,0.9871222,moving,7.498292675256087,-1.6033994013693125,4.177474222099229,-3.103444480089946,-0.013062000000000129,0.17359690000000003,2.0336887,0.13044642421636282,-0.027741859394258744,0.9910671700697746,6.824922122629654,-1.3677401692279212,3.643536897315814,3.643894954169384,3.1656989498004973
05/10/2023 16:35:55.873124,4261,True,True,True,True,Eyes,1.367096,-0.3549332,-2.935785,0.04988855,0.1090323,0.9927856,0.0,0.0,0.0,0.0,0.0,0.0,0.0,-1.135026,-0.07840633,3.063451,1.372461,-0.3552729,-2.944367,-0.06969064,-0.03964292,-0.005418997,0.996766,351.9892,355.4663,359.6946,0.4196879,-0.1089253,-0.9011086,0,0,0,1.356436,-0.1837909,-0.9103913,0.1454015,-0.1121628,2.032977,0.9967982,-0.005277463,0.07978473,0.01632842,0.9902277,-0.1385009,-0.07827411,0.1393601,0.9871433,moving,7.378038951716212,-1.6595072108463065,4.09091232370912,-3.157904103271933,-0.016024999999999956,0.171482,2.0339757,0.1283625241893618,-0.028720242099241317,0.9913114382015619,6.706042116114531,-1.420974590125269,3.612198151548658,3.6125330054940736,3.13939929998818
05/10/2023 16:35:55.883375,4262,True,True,True,True,Eyes,1.367162,-0.3549353,-2.935781,0.0479354,0.1080358,0.9929907,0.0,0.0,0.0,0.0,0.0,0.0,0.0,-1.135807,-0.07903233,3.063135,1.372475,-0.3552533,-2.944352,-0.06975777,-0.03952129,-0.005506618,0.9967657,351.9811,355.481,359.6839,0.4196819,-0.1089274,-0.9011112,0,0,0,1.353757,-0.1854455,-0.9101201,0.142248,-0.1141672,2.033227,0.9968155,-0.00546378,0.07955518,0.01649145,0.9902071,-0.138629,-0.07801867,0.1394995,0.9871438,moving,7.252740041085259,-1.7265737822071783,4.001988718692284,-3.213825606155042,-0.01871799999999979,0.16980779999999998,2.0342319,0.12619000981689812,-0.029888982530657485,0.9915557458292416,6.581718039557412,-1.484746104518605,3.5745040908033188,3.574814980929212,3.1055948370498307
05/10/2023 16:35:55.903097,4263,True,True,True,True,Eyes,1.36724,-0.3549358,-2.935776,0.04582904,0.1069316,0.9932097,0.0,0.0,0.0,0.0,0.0,0.0,0.0,-1.136061,-0.07959437,3.063015,1.37246,-0.355291,-2.944342,-0.06983098,-0.03947983,-0.005571986,0.9967617,351.9724,355.4863,359.6763,0.4196782,-0.1089293,-0.9011127,0,0,0,1.350672,-0.1871559,-0.9098548,0.139046,-0.1162025,2.033481,0.9968206,-0.005594056,0.07948216,0.01662172,0.9901852,-0.1387697,-0.07792577,0.1396497,0.98713,moving,7.128088593509167,-1.8008881661899958,3.911699813163311,-3.2705886261716355,-0.02178799999999992,0.16813510000000004,2.0344872,0.1240276047588656,-0.031183606247450903,0.99178874369452,6.457633478613374,-1.55551670011591,3.5359717643554895,3.5362658594066354,3.0697312488907706
05/10/2023 16:35:55.923050,4264,True,True,True,True,Eyes,1.367314,-0.3549379,-2.935772,0.04380538,0.1058683,0.9934148,0.0,0.0,0.0,0.0,0.0,0.0,0.0,-1.136052,-0.08010581,3.062996,1.372429,-0.355266,-2.944351,-0.06986338,-0.03948107,-0.005687516,0.9967588,351.9682,355.4871,359.6631,0.4196769,-0.1089309,-0.9011131,0,0,0,1.347398,-0.1889724,-0.9095944,0.1358457,-0.118237,2.033736,0.9968178,-0.0058216,0.07950091,0.01685473,0.9901735,-0.1388248,-0.07791152,0.139723,0.9871207,moving,7.012790301306074,-1.86747390680028,3.8214598132093833,-3.3273069489981424,-0.025030999999999803,0.1662936,2.0347566,0.12202702816126114,-0.03234426146381533,0.9919996100147244,6.342973735464635,-1.6188998835333055,3.509080784778535,3.5093735616699644,3.045765447544712
05/10/2023 16:35:55.943102,4265,True,True,True,True,Eyes,1.367362,-0.3549417,-2.935768,0.04167049,0.1047335,0.9936269,0.0,0.0,0.0,0.0,0.0,0.0,0.0,-1.135955,-0.07996738,3.063045,1.372411,-0.3553073,-2.944364,-0.06983086,-0.03949568,-0.005725616,0.9967602,351.9717,355.4857,359.6587,0.4196776,-0.1089322,-0.9011126,0,0,0,1.343985,-0.1911653,-0.9093103,0.1325547,-0.1203287,2.033997,0.9968147,-0.0058981,0.07953508,0.01693017,0.9901817,-0.138757,-0.07793579,0.1396615,0.9871275,moving,6.892994285168003,-1.9315388525771189,3.7286683594223224,-3.3856002193408403,-0.028426000000000062,0.16414199999999998,2.0350537,0.11994823814214953,-0.03346197920109979,0.9922160391150908,6.224112721431087,-1.6798164513078417,3.4821191723468012,3.4824205694690353,3.0227373070060497
05/10/2023 16:35:55.957036,4266,True,True,True,True,Eyes,1.367407,-0.3549495,-2.935763,0.03961981,0.1036444,0.993825,0.0,0.0,0.0,0.0,0.0,0.0,0.0,-1.135791,-0.07975298,3.063075,1.372367,-0.3552736,-2.944351,-0.06979047,-0.03951547,-0.00572414,0.9967625,351.9764,355.4835,359.6589,0.4196796,-0.1089336,-0.9011116,0,0,0,1.340645,-0.1932368,-0.9090104,0.1293849,-0.1223434,2.034248,0.9968116,-0.005895609,0.07957404,0.01692682,0.9901931,-0.1386766,-0.07797608,0.1395814,0.9871356,moving,6.778736043656219,-1.9922552045253594,3.639298885576297,-3.441727477688468,-0.031721999999999806,0.16203680000000004,2.0353406,0.11796509097431152,-0.03452167289336646,0.9924175094348453,6.110766796171135,-1.737543509995252,3.457576939368797,3.457894668754612,3.0020653938318214
05/10/2023 16:35:55.973268,4267,True,True,True,True,Eyes,1.367413,-0.3549608,-2.935759,0.0375123,0.1025088,0.9940246,0.0,0.0,0.0,0.0,0.0,0.0,0.0,-1.135654,-0.07942104,3.063112,1.372315,-0.3553752,-2.94434,-0.06979892,-0.03952476,-0.005611996,0.996762,351.9759,355.4815,359.6719,0.4196825,-0.108935,-0.9011101,0,0,0,1.337307,-0.1952542,-0.9087257,0.1261837,-0.1243782,2.034502,0.9968126,-0.005670077,0.07957698,0.01670522,0.9901932,-0.1387022,-0.07801013,0.1395894,0.9871318,moving,6.660561437143029,-2.0622784749657592,3.5490476131319375,-3.4983930818929143,-0.03500799999999993,0.160121,2.0356142999999998,0.11591297036298742,-0.03574321387209392,0.9926161081191524,5.993152421844828,-1.8042221652311121,3.426599638866042,3.426943746436708,2.9738633813334743
05/10/2023 16:35:55.985126,4268,True,True,True,True,Eyes,1.367422,-0.354972,-2.935755,0.03548957,0.1014232,0.9942101,0.0,0.0,0.0,0.0,0.0,0.0,0.0,-1.135473,-0.07892773,3.063179,1.372292,-0.3553758,-2.944336,-0.06980706,-0.0395411,-0.005395342,0.996762,351.976,355.4778,359.6971,0.4196853,-0.1089365,-0.9011086,0,0,0,1.333875,-0.1972195,-0.9084411,0.1228923,-0.1264702,2.034763,0.9968148,-0.005235245,0.07957939,0.01627624,0.9901957,-0.1387354,-0.07807287,0.1395887,0.9871269,moving,6.548370138216575,-2.130048271752979,3.456258717034282,-3.5566299593052997,-0.038417000000000145,0.15815630000000003,2.0358948999999997,0.11396418414056328,-0.03692563737801396,0.9927983481334152,5.881424450805772,-1.8687714801046327,3.4049493531880834,3.405332340942013,2.954707275191402
05/10/2023 16:35:56.003033,4269,True,True,True,True,Eyes,1.367422,-0.354972,-2.935755,0.03548957,0.1014232,0.9942101,0.0,0.0,0.0,0.0,0.0,0.0,0.0,-1.135542,-0.07873631,3.063168,1.372352,-0.3553838,-2.944317,-0.06986715,-0.03952991,-0.005178605,0.9967595,351.97,355.4774,359.7223,0.4196881,-0.1089383,-0.901107,0,0,0,1.330774,-0.1989029,-0.9081673,0.1197326,-0.1284785,2.035013,0.9968212,-0.004799963,0.07952725,0.01584733,0.9901835,-0.1388721,-0.07808,0.1396909,0.9871119,moving,6.547975273057705,-2.1388378050736674,3.3671888481253958,-3.612516820543531,-0.041578000000000115,0.15648090000000003,2.0361496999999997,0.11395669886142756,-0.037077970504957425,0.9927935298474068,5.8805775526355895,-1.8772504436972057,3.5051510221334707,3.5055858457139357,3.054222025094574
05/10/2023 16:35:56.028156,4270,True,True,True,True,Eyes,1.367422,-0.354972,-2.935755,0.03548957,0.1014232,0.9942101,0.0,0.0,0.0,0.0,0.0,0.0,0.0,-1.135788,-0.07860932,3.063107,1.372368,-0.3554086,-2.944335,-0.06992502,-0.03948394,-0.004999848,0.996758,351.9642,355.4812,359.7428,0.4196906,-0.1089399,-0.9011056,0,0,0,1.327814,-0.2005943,-0.9079274,0.1166123,-0.1304618,2.035261,0.996832,-0.004445447,0.07941109,0.01548911,0.990171,-0.1390018,-0.07801264,0.1397915,0.987103,moving,6.543444291175176,-2.1470727162381182,3.279233328211298,-3.6676857587558707,-0.04455399999999998,0.15481430000000002,2.0364076,0.11387758191903571,-0.037221000549159514,0.992797255975976,5.875773595902522,-1.8851628961165607,3.6005300923535777,3.6010189163358555,3.1495093455288954
05/10/2023 16:35:56.042998,4271,True,True,True,True,Eyes,1.367422,-0.354972,-2.935755,0.03548957,0.1014232,0.9942101,0.0,0.0,0.0,0.0,0.0,0.0,0.0,-1.136692,-0.07874358,3.062792,1.372376,-0.3554127,-2.944355,-0.0699657,-0.03933562,-0.004964378,0.9967612,351.9597,355.498,359.7458,0.4196929,-0.1089413,-0.9011044,0,0,0,1.325122,-0.2024383,-0.9076618,0.1133468,-0.1325374,2.03552,0.9968562,-0.004392311,0.07911112,0.01540089,0.9901603,-0.1390876,-0.07772177,0.1398687,0.987115,moving,6.5266144874269125,-2.1521672271660437,3.1871921242236936,-3.7254014832218134,-0.04725400000000013,0.15297440000000004,2.0366931999999998,0.11358557772611569,-0.03731053125516629,0.992827345921292,5.859282365080847,-1.889951780010389,3.6909082321869273,3.6914506287216033,3.2417498158098113
05/10/2023 16:35:56.063205,4272,True,True,True,True,Eyes,1.367422,-0.354972,-2.935755,0.03548957,0.1014232,0.9942101,0.0,0.0,0.0,0.0,0.0,0.0,0.0,-1.137314,-0.07882902,3.062584,1.372377,-0.355381,-2.944385,-0.06997324,-0.03923393,-0.004972013,0.9967646,351.9589,355.5098,359.7442,0.4196949,-0.1089426,-0.9011033,0,0,0,1.322362,-0.204304,-0.9074086,0.1102109,-0.1345309,2.035769,0.9968719,-0.004421202,0.0789098,0.0154025,0.990158,-0.1391035,-0.07751817,0.1398838,0.9871289,moving,6.514931864870773,-2.153040930927875,3.0988099365181823,-3.7808128703651125,-0.05001499999999992,0.151077,2.0369764,0.11338306981163393,-0.03732653988290301,0.9928498914334908,5.847976034429226,-1.8907065082266281,3.7835182198006927,3.784115552700616,3.336227854044116
05/10/2023 16:35:56.073156,4273,True,True,True,True,Eyes,1.367422,-0.354972,-2.935755,0.03548957,0.1014232,0.9942101,0.0,0.0,0.0,0.0,0.0,0.0,0.0,-1.137587,-0.07952964,3.062477,1.372374,-0.3553498,-2.944404,-0.07005721,-0.03919102,-0.005037995,0.9967601,351.9489,355.5153,359.7366,0.4196967,-0.1089438,-0.9011022,0,0,0,1.319181,-0.2059683,-0.9071565,0.1068971,-0.1366371,2.036031,0.9968774,-0.00455212,0.07883398,0.01553457,0.9901332,-0.1392656,-0.07742218,0.1400554,0.9871121,moving,6.509865439497757,-2.1621890539417756,3.0054229375379578,-3.8393364777488252,-0.053193000000000046,0.1493815,2.0372475,0.11329460145611016,-0.03748544340424677,0.9928540037854119,5.842607555721691,-1.8994961638269388,3.8844216691654823,3.8850921135443985,3.436945882782407
05/10/2023 16:35:56.093376,4274,True,True,True,True,Eyes,1.367422,-0.354972,-2.935755,0.03548957,0.1014232,0.9942101,0.0,0.0,0.0,0.0,0.0,0.0,0.0,-1.137291,-0.07991102,3.062656,1.372348,-0.3553534,-2.944497,-0.07009626,-0.03923602,-0.005089667,0.9967554,351.9442,355.5105,359.7312,0.4196984,-0.1089448,-0.9011014,0,0,0,1.315763,-0.2077578,-0.9069871,0.1037289,-0.1386508,2.036283,0.9968693,-0.00464571,0.07893095,0.0156469,0.9901212,-0.1393383,-0.07750387,0.140137,0.9870941,moving,6.514881420467662,-2.1662194319965935,2.916144488250267,-3.895265395515752,-0.056584999999999885,0.1475956,2.0375099,0.11338122487014231,-0.03755491050198459,0.9928414901499477,5.847228245397462,-1.9034234577730271,3.9918089572960183,3.9925565057075105,3.543823683024144
05/10/2023 16:35:56.108186,4275,True,True,True,True,Eyes,1.367422,-0.354972,-2.935755,0.03548957,0.1014232,0.9942101,0.0,0.0,0.0,0.0,0.0,0.0,0.0,-1.136929,-0.08063743,3.062744,1.372331,-0.355349,-2.944477,-0.07017705,-0.03929597,-0.005180421,0.9967468,351.9345,355.5043,359.7216,0.4196998,-0.1089458,-0.9011005,0,0,0,1.312036,-0.2095251,-0.9066973,0.1003066,-0.1408261,2.036554,0.9968579,-0.004811788,0.07906336,0.01584249,0.9900966,-0.1394904,-0.07760917,0.1403046,0.987062,moving,6.521519457058247,-2.174719476329207,2.819716206047647,-3.9556610887869756,-0.06029499999999999,0.14582390000000003,2.0377796999999997,0.11349562254634554,-0.037701706216679856,0.9928228558157812,5.85317517639116,-1.911676279946775,4.107089101198754,4.107931393801061,3.657833679041057
05/10/2023 16:35:56.123458,4276,True,True,True,True,Eyes,1.367422,-0.354972,-2.935755,0.03548957,0.1014232,0.9942101,0.0,0.0,0.0,0.0,0.0,0.0,0.0,-1.136014,-0.08077213,3.063099,1.3723,-0.355366,-2.94451,-0.07017133,-0.03944262,-0.005244531,0.9967412,351.9348,355.4879,359.7153,0.4197012,-0.1089466,-0.9010998,0,0,0,1.308259,-0.211469,-0.906474,0.097201,-0.1428001,2.036801,0.9968336,-0.004919397,0.0793642,0.01599036,0.9900969,-0.1394716,-0.07789213,0.140299,0.9870405,moving,6.538093832065131,-2.1734082757673585,2.732218323381171,-4.010444189587101,-0.06404100000000001,0.14389700000000002,2.038036,0.11378292194958395,-0.03767773945139039,0.9927908806196212,5.869219500188059,-1.9105363800687991,4.2251042774228615,4.226037072277517,3.7749687669918215
05/10/2023 16:35:56.143034,4277,True,True,True,True,Eyes,1.367912,-0.3549457,-2.935739,0.03326457,0.09983202,0.9944481,0.0,0.0,0.0,0.0,0.0,0.0,0.0,-1.135174,-0.08115834,3.063452,1.372296,-0.3553622,-2.944565,-0.07021325,-0.03957997,-0.005284892,0.9967324,351.9298,355.4723,359.712,0.4197024,-0.1089474,-0.9010991,0,0,0,1.30464,-0.2131404,-0.9062962,0.09418659,-0.1447163,2.03704,0.996811,-0.004977172,0.07964341,0.01609332,0.9900844,-0.1395493,-0.07815914,0.140386,0.987007,moving,6.427723832819091,-2.2721392748404967,2.647298713565078,-4.063605003400613,-0.06765599999999994,0.1422218,2.0382688,0.11186286100293696,-0.03939708640122006,0.9929423736247273,5.75760432975312,-2.0049772193124404,4.182356840757343,4.183415296010205,3.7298725688032097
05/10/2023 16:35:56.158742,4278,True,True,True,True,Eyes,1.368383,-0.354922,-2.935722,0.03112564,0.0982988,0.9946701,0.0,0.0,0.0,0.0,0.0,0.0,0.0,-1.134614,-0.08110124,3.063644,1.3723,-0.355362,-2.944546,-0.07017865,-0.03967487,-0.005341093,0.9967308,351.9335,355.4618,359.7061,0.4197161,-0.1089466,-0.9010928,0,0,0,1.301118,-0.2151791,-0.9060104,0.09109047,-0.1466842,2.037286,0.9967948,-0.005078603,0.07984,0.01621592,0.9900928,-0.1394746,-0.07834069,0.1403223,0.9870017,moving,6.317228471363908,-2.3584463687924804,2.560085210261289,-4.118178736400535,-0.07118200000000008,0.1401829,2.0385356,0.10994110954531217,-0.040901579342964206,0.9930962091459502,5.64652746775527,-2.0874279682409225,4.147635593302121,4.148829170989843,3.6946007214887775
05/10/2023 16:35:56.174434,4279,True,True,True,True,Eyes,1.368651,-0.3549121,-2.935714,0.02913922,0.09684343,0.9948729,0.0,0.0,0.0,0.0,0.0,0.0,0.0,-1.134426,-0.08065912,3.0637,1.372303,-0.355399,-2.944515,-0.07011702,-0.03970622,-0.005328021,0.996734,351.9406,355.4581,359.7076,0.4197406,-0.1089446,-0.9010817,0,0,0,1.297801,-0.2173974,-0.9056924,0.08794257,-0.148685,2.037535,0.9967901,-0.005053076,0.07990026,0.0161894,0.9901105,-0.1393529,-0.07840592,0.1401991,0.9870141,moving,6.2083151689442495,-2.4375240957333864,2.471423909170774,-4.1736459414183456,-0.07450200000000007,0.13800160000000003,2.0388226,0.10804691712317913,-0.04228100640265697,0.9932461987989376,5.537358975636828,-2.162914306626991,4.119156428545453,4.1204945516813805,3.6664696288032883
05/10/2023 16:35:56.183016,4280,True,True,True,True,Eyes,1.368908,-0.3549041,-2.935706,0.02723715,0.0954451,0.995062,0.0,0.0,0.0,0.0,0.0,0.0,0.0,-1.134461,-0.08019081,3.063717,1.372323,-0.3553603,-2.944527,-0.07003368,-0.03970415,-0.005326274,0.99674,351.9502,355.4584,359.7074,0.4197694,-0.1089422,-0.9010685,0,0,0,1.294465,-0.2197348,-0.9053933,0.08462369,-0.1507948,2.037799,0.9967905,-0.005056565,0.07989547,0.01617908,0.9901338,-0.1391878,-0.07840339,0.1400337,0.9870377,moving,6.100277616630448,-2.5105841321522377,2.377955849016461,-4.232108761739419,-0.07785799999999998,0.1356255,2.0391337,0.10616803768209203,-0.04355636805496718,0.993393780871778,5.429353812743141,-2.232600164869821,4.099643632968776,4.101137207157083,3.648159009965267
05/10/2023 16:35:56.203311,4281,True,True,True,True,Eyes,1.368997,-0.3549081,-2.935705,0.02546675,0.09411752,0.9952353,0.0,0.0,0.0,0.0,0.0,0.0,0.0,-1.134877,-0.08006901,3.063563,1.372343,-0.3553981,-2.94451,-0.07002762,-0.03963925,-0.005311783,0.9967431,351.951,355.4657,359.7085,0.419802,-0.1089394,-0.9010537,0,0,0,1.291606,-0.2217016,-0.9050938,0.08152029,-0.1527672,2.038045,0.996801,-0.005037283,0.07976422,0.01614065,0.9901358,-0.139178,-0.07827634,0.1400202,0.9870497,moving,5.992640690086357,-2.5884112202287985,2.290567659656728,-4.286744225292545,-0.08073700000000006,0.1336965,2.0394162000000002,0.10429536177940894,-0.04491464114334774,0.9935316390608149,5.321481871870351,-2.306889287566025,4.0713780526221495,4.073043053875477,3.6202577996930843
05/10/2023 16:35:56.223425,4282,True,True,True,True,Eyes,1.369083,-0.3549111,-2.935708,0.02376943,0.09284219,0.9953971,0.0,0.0,0.0,0.0,0.0,0.0,0.0,-1.135275,-0.07924581,3.063461,1.372356,-0.35539,-2.944531,-0.0698759,-0.03957868,-0.005348406,0.9967558,351.9683,355.4731,359.7031,0.4198336,-0.1089369,-0.9010392,0,0,0,1.288581,-0.2243012,-0.9047835,0.0782819,-0.1548255,2.038301,0.9968098,-0.005130918,0.07964803,0.0161933,0.9901775,-0.1388751,-0.07815313,0.1397218,0.9871017,moving,5.889306256827751,-2.6459329108751817,2.199390191910825,-4.343738245900649,-0.08377499999999993,0.13108879999999998,2.0397475,0.10249864377179185,-0.045920691527519375,0.9936726638332712,5.218834050395897,-2.3616161384619767,4.05996158202463,4.06177590738004,3.611903828085729
05/10/2023 16:35:56.243428,4283,True,True,True,True,Eyes,1.369135,-0.3549163,-2.935713,0.02208198,0.09174014,0.9955381,0.0,0.0,0.0,0.0,0.0,0.0,0.0,-1.135463,-0.07909384,3.0635,1.372381,-0.3553708,-2.94463,-0.06987068,-0.03954824,-0.005288919,0.9967577,351.9691,355.4761,359.7097,0.4198642,-0.1089346,-0.9010253,0,0,0,1.285423,-0.2263076,-0.9045919,0.07501575,-0.1569017,2.038561,0.9968159,-0.005017018,0.07957911,0.01607007,0.9901802,-0.1388699,-0.07810094,0.1397066,0.987108,moving,5.790262279509261,-2.7109290308350165,2.1074411822209456,-4.401200877678115,-0.08695800000000009,0.1290632,2.0400381000000003,0.1007754507693731,-0.04705620541368749,0.9937957525235475,5.119924921062162,-2.423588323115589,4.050187300788386,4.052183380705061,3.6036106466634372
05/10/2023 16:35:56.257597,4284,True,True,True,True,Eyes,1.369185,-0.354923,-2.935716,0.02046324,0.09068907,0.995669,0.0,0.0,0.0,0.0,0.0,0.0,0.0,-1.135766,-0.08003578,3.063393,1.372395,-0.3553579,-2.944656,-0.07003359,-0.03949858,-0.005267877,0.9967484,351.9505,355.4816,359.7125,0.419893,-0.1089326,-0.9010121,0,0,0,1.282383,-0.227603,-0.9043704,0.07179709,-0.1589475,2.038816,0.9968242,-0.004969041,0.07947814,0.01603395,0.9901351,-0.1391956,-0.07800242,0.1400279,0.9870703,moving,5.692997818915412,-2.791975782615327,2.0168426403983366,-4.457801724251601,-0.09001199999999998,0.1277549,2.0402856000000003,0.09908154798959559,-0.04847020180541513,0.993898131376999,5.021879383402558,-2.5010629275360956,4.033744308410376,4.035974846845095,3.585954900075719
05/10/2023 16:35:56.273248,4285,True,True,True,True,Eyes,1.369206,-0.3549343,-2.93572,0.01883061,0.08972166,0.9957889,0.0,0.0,0.0,0.0,0.0,0.0,0.0,-1.135908,-0.08105943,3.063258,1.372374,-0.3554044,-2.944602,-0.0701293,-0.03948089,-0.005467663,0.9967414,351.9387,355.4853,359.6897,0.4199201,-0.1089309,-0.9009997,0,0,0,1.279214,-0.2291985,-0.904061,0.06862406,-0.1609642,2.039068,0.9968227,-0.005362157,0.07947137,0.01643723,0.990104,-0.1393698,-0.07793759,0.1402333,0.9870462,moving,5.59791111311826,-2.858920484862231,1.9275402112809326,-4.513573698676391,-0.09315999999999991,0.1262059,2.040541,0.0974263647675709,-0.04963959761685484,0.9940040821374679,4.926680982674886,-2.564945449809099,4.023659191122406,4.026102310552935,3.576590194433956
05/10/2023 16:35:56.293087,4286,True,True,True,True,Eyes,1.369228,-0.3549399,-2.935725,0.01725458,0.08881517,0.9958986,0.0,0.0,0.0,0.0,0.0,0.0,0.0,-1.13532,-0.08053246,3.063518,1.372384,-0.3554614,-2.94462,-0.07012668,-0.03957008,-0.005280256,0.996739,351.9398,355.4734,359.712,0.419945,-0.1089297,-0.9009882,0,0,0,1.275656,-0.2312124,-0.9038178,0.06545562,-0.1629782,2.039319,0.9968126,-0.004976236,0.07962266,0.01607591,0.9901087,-0.1393781,-0.07814151,0.1402139,0.9870329,moving,5.5190601774674155,-2.9134521727950182,1.8383802128824263,-4.5692501775252845,-0.09672800000000015,0.12424899999999997,2.0408022,0.09605370699645048,-0.05059240131570425,0.9940895184722631,4.847789544091509,-2.616972194274449,4.0333196453054505,4.035972253889525,3.5871902440007624
05/10/2023 16:35:56.303392,4287,True,True,True,True,Eyes,1.369266,-0.354946,-2.935727,0.01541585,0.08788209,0.9960116,0.0,0.0,0.0,0.0,0.0,0.0,0.0,-1.134743,-0.08284292,3.063704,1.372437,-0.3553348,-2.944647,-0.07041144,-0.03967801,-0.005456678,0.9967136,351.9063,355.4623,359.6938,0.4199678,-0.1089287,-0.9009777,0,0,0,1.272002,-0.231885,-0.9036562,0.06223496,-0.1650253,2.039574,0.9967918,-0.005289918,0.07986366,0.01646506,0.9900249,-0.1399271,-0.07832681,0.1407931,0.9869358,moving,5.426866177048835,-3.00044362481743,1.7477642266313795,-4.625819078333066,-0.10043499999999983,0.1234498,2.0409908,0.09444663305967751,-0.052109708642399305,0.9941651921473843,4.754315642337241,-2.7002218370796696,4.019187647893313,4.022143275227362,3.5703327787204393
05/10/2023 16:35:56.323257,4288,True,True,True,True,Eyes,1.369305,-0.3549514,-2.935728,0.01364532,0.08699937,0.9961149,0.0,0.0,0.0,0.0,0.0,0.0,0.0,-1.134249,-0.08538157,3.063789,1.372478,-0.3553618,-2.944595,-0.07079197,-0.03976779,-0.005559438,0.9966825,351.8621,355.4526,359.6845,0.4199893,-0.108928,-0.9009678,0,0,0,1.268418,-0.2323186,-0.9034349,0.05901697,-0.1670708,2.03983,0.9967752,-0.005451508,0.08005886,0.01671247,0.9899151,-0.140672,-0.07848461,0.1415564,0.9868141,moving,5.33676180186161,-3.095991103843648,1.6572362742740487,-4.682317875145142,-0.10406000000000004,0.12304320000000002,2.0411601,0.09287485884425456,-0.053775508201807806,0.9942245392528825,4.662401839159393,-2.791743908358737,4.003602798988085,4.006911620377513,3.550392935473922
05/10/2023 16:35:56.343209,4289,True,True,True,True,Eyes,1.369337,-0.3549586,-2.935728,0.01173178,0.08611847,0.9962158,0.0,0.0,0.0,0.0,0.0,0.0,0.0,-1.133997,-0.08720058,3.063842,1.372547,-0.3553516,-2.944575,-0.07096288,-0.03983202,-0.005865512,0.9966662,351.841,355.4477,359.6505,0.4200096,-0.1089274,-0.9009584,0,0,0,1.264916,-0.2335816,-0.9031875,0.05576567,-0.1691373,2.040088,0.996758,-0.006038726,0.08023092,0.01734511,0.9898598,-0.1409853,-0.07856598,0.1419199,0.9867554,moving,5.234896532692978,-3.166215896133848,1.5657864212445303,-4.73937450493259,-0.10763100000000003,0.12176999999999999,2.0413875,0.09110099439038508,-0.05500309264133923,0.9943214843941173,4.560496083629348,-2.8587404442557274,3.988562688423037,3.992141908596291,3.536250900623277
05/10/2023 16:35:56.357676,4290,True,True,True,True,Eyes,1.369365,-0.3549669,-2.93573,0.009893442,0.08525059,0.9963104,0.0,0.0,0.0,0.0,0.0,0.0,0.0,-1.134471,-0.087538,3.063624,1.372533,-0.3553752,-2.944544,-0.07086579,-0.03976992,-0.006248938,0.9966732,351.8505,355.458,359.6053,0.4200287,-0.1089271,-0.9009495,0,0,0,1.261883,-0.2359438,-0.902841,0.05255881,-0.1711757,2.040342,0.9967586,-0.006819644,0.08016089,0.01809295,0.989878,-0.140763,-0.07838954,0.1417571,0.9867928,moving,5.122395489545569,-3.2044771841548907,1.4756017205388465,-4.795633075399913,-0.11064999999999992,0.1194314,2.041703,0.08914512203907196,-0.05567696768125302,0.9944612505897731,4.4500351126066375,-2.894811530340171,3.9750763815887638,3.978804074581958,3.529925856163442
05/10/2023 16:35:56.373079,4291,True,True,True,True,Eyes,1.3694,-0.3549736,-2.935734,0.00788753,0.08433274,0.9964064,0.0,0.0,0.0,0.0,0.0,0.0,0.0,-1.134281,-0.08565527,3.063767,1.372442,-0.3554068,-2.944603,-0.07059184,-0.03978395,-0.006167924,0.9966925,351.8823,355.4558,359.6135,0.4200466,-0.108927,-0.9009413,0,0,0,1.258454,-0.2390786,-0.9025559,0.049327,-0.1732299,2.040598,0.9967583,-0.006678202,0.08017554,0.01791189,0.9899575,-0.140226,-0.07843392,0.1412075,0.986868,moving,5.0096597225697845,-3.2279957150190204,1.3847306672786581,-4.8523041014942265,-0.11398799999999998,0.11632820000000002,2.0420471,0.0871861948117243,-0.05609492795721878,0.9946114138788549,4.340130068718579,-2.9166539926923387,3.9683839664163996,3.9722145448436574,3.5328638476080845
05/10/2023 16:35:56.393189,4292,True,True,True,True,Eyes,1.369437,-0.3549811,-2.935737,0.005953181,0.08344012,0.9964951,0.0,0.0,0.0,0.0,0.0,0.0,0.0,-1.133348,-0.08351088,3.064208,1.372427,-0.3553636,-2.944653,-0.07031195,-0.03992631,-0.005960193,0.996708,351.9153,355.4377,359.6374,0.4200635,-0.108927,-0.9009334,0,0,0,1.254671,-0.2421192,-0.9022996,0.04618054,-0.1752298,2.040848,0.9967408,-0.006266549,0.08042788,0.01749573,0.9900414,-0.139685,-0.07875159,0.1406369,0.9869242,moving,4.915914703385666,-3.249836833923498,1.296274182621753,-4.907452474587532,-0.11775599999999997,0.1132444,2.0423534,0.08555687605091158,-0.056482083736921776,0.9947311061240556,4.248617732585435,-2.93702144342395,3.9771826176373386,3.9811414332738906,3.5494972722323
05/10/2023 16:35:56.403245,4293,True,True,True,True,Eyes,1.369461,-0.3549895,-2.935741,0.003925741,0.08249641,0.9965836,0.0,0.0,0.0,0.0,0.0,0.0,0.0,-1.13277,-0.08259666,3.064468,1.372499,-0.3553874,-2.944639,-0.0701727,-0.04003251,-0.005935265,0.9967136,351.9314,355.4253,359.6404,0.4200796,-0.1089273,-0.9009259,0,0,0,1.250962,-0.2447322,-0.9019943,0.04288245,-0.1773261,2.04111,0.9967244,-0.006213139,0.08063489,0.0174499,0.9900811,-0.139409,-0.07896891,0.1403594,0.9869463,moving,4.812601863836913,-3.289880501648133,1.2035715844321968,-4.965234971457732,-0.121537,0.11065520000000001,2.0426447,0.08375971732120815,-0.05718603717577277,0.9948437102382716,4.146917999163675,-2.974882062518389,3.9747835667366234,3.9789335452066905,3.5531384463929836
05/10/2023 16:35:56.423152,4294,True,True,True,True,Eyes,1.369481,-0.3549942,-2.935743,0.001966357,0.0815717,0.9966656,0.0,0.0,0.0,0.0,0.0,0.0,0.0,-1.132533,-0.08151051,3.064585,1.372478,-0.3553829,-2.94465,-0.06997949,-0.04007036,-0.005963848,0.9967255,351.9534,355.4212,359.6366,0.4200946,-0.1089277,-0.9009188,0,0,0,1.247624,-0.247422,-0.9017054,0.03976996,-0.1793046,2.041357,0.9967176,-0.006280433,0.080713,0.01749685,0.9901346,-0.1390227,-0.0790436,0.1399786,0.9869945,moving,4.705167087993332,-3.322292111997168,1.1161020024811366,-5.01974821614877,-0.12485400000000002,0.1079609,2.0429446,0.08189145679229556,-0.0577578043370717,0.9949663071515021,4.041650359436171,-3.0053465110144133,3.9659330657759315,3.970232413041357,3.5519920352571885
05/10/2023 16:35:56.443190,4295,True,True,True,True,Eyes,1.369479,-0.3549997,-2.935747,-0.0001128197,0.08058228,0.996748,0.0,0.0,0.0,0.0,0.0,0.0,0.0,-1.131448,-0.080062,3.064916,1.37238,-0.3552961,-2.944594,-0.06974928,-0.04023124,-0.005902133,0.9967355,351.98,355.4022,359.644,0.4201086,-0.1089281,-0.9009123,0,0,0,1.24362,-0.2502423,-0.9013659,0.0365684,-0.1813398,2.04161,0.9966933,-0.006153531,0.08102313,0.01737793,0.9902004,-0.1385683,-0.07937645,0.1395181,0.9870329,moving,4.605122091652282,-3.354593331627556,1.0261465029273922,-5.075803107496645,-0.12875999999999999,0.10505380000000003,2.0432281,0.08015134927315923,-0.05832699597363089,0.9950747785129855,3.943511013924434,-3.0357603494309475,3.966877474064888,3.9713510745382345,3.5598862544695593
05/10/2023 16:35:56.457754,4296,True,True,True,True,Eyes,1.369481,-0.3550087,-2.935755,-0.002174604,0.07964116,0.9968212,0.0,0.0,0.0,0.0,0.0,0.0,0.0,-1.127395,-0.07979825,3.066433,1.372307,-0.3552738,-2.944649,-0.0696602,-0.04088299,-0.005964531,0.9967149,351.9897,355.3275,359.6416,0.4201211,-0.1089287,-0.9009064,0,0,0,1.237628,-0.2525265,-0.9013044,0.03336902,-0.1833734,2.041864,0.996586,-0.006194039,0.08232835,0.01758571,0.9902238,-0.138375,-0.08066638,0.1393504,0.9869521,moving,4.56242705135833,-3.399522568456503,0.9362689348975809,-5.131787333375629,-0.134679,0.10274729999999999,2.0433446,0.07940615506501178,-0.05911081119382157,0.9950881983904448,3.8999768961957333,-3.0787942594680233,4.013867979308454,4.018676884417865,3.6053218221643757
05/10/2023 16:35:56.473292,4297,True,True,True,True,Eyes,1.369439,-0.3550192,-2.935765,-0.004318416,0.07865787,0.9968923,0.0,0.0,0.0,0.0,0.0,0.0,0.0,-1.122554,-0.08128455,3.06831,1.372404,-0.3553717,-2.944737,-0.06976394,-0.0417,-0.006296325,0.9966718,351.976,355.2357,359.6104,0.4201323,-0.1089295,-0.9009011,0,0,0,1.231115,-0.2541017,-0.9013795,0.03017636,-0.1854026,2.042118,0.9964429,-0.006732426,0.08400094,0.01836905,0.9901868,-0.1385384,-0.08224391,0.1395886,0.9867882,moving,4.534025946745856,-3.467926325930291,0.8465976203657032,-5.187625370904167,-0.141289,0.10127000000000003,2.0433575,0.07890725970060858,-0.0603011724100153,0.9950564707600741,3.8689741862603757,-3.1445893809457677,4.063446723860283,4.068721232460488,3.6481167966958745
05/10/2023 16:35:56.493345,4298,True,True,True,True,Eyes,1.3694,-0.3550332,-2.935774,-0.006448769,0.07773302,0.9969534,0.0,0.0,0.0,0.0,0.0,0.0,0.0,-1.119064,-0.08229259,3.069537,1.372372,-0.3553177,-2.944738,-0.06980716,-0.04227331,-0.006543166,0.996643,351.9696,355.1714,359.5868,0.4201412,-0.1089305,-0.9008968,0,0,0,1.225414,-0.2558201,-0.9012915,0.0269224,-0.1874707,2.042376,0.9963403,-0.007140442,0.08517631,0.01894436,0.9901683,-0.1385924,-0.08334927,0.1396988,0.9866799,moving,4.47841621390981,-3.5265276333960593,0.7552236015609971,-5.244511597138377,-0.14695799999999992,0.09949760000000002,2.0434465,0.07793658884309759,-0.0613235708728794,0.9950705495422909,3.812267238798646,-3.2007191957811987,4.094770264963644,4.100442918554597,3.6773092309215083
05/10/2023 16:35:56.513436,4299,True,True,True,True,Eyes,1.369366,-0.3550438,-2.935782,-0.008643067,0.0767669,0.9970117,0.0,0.0,0.0,0.0,0.0,0.0,0.0,-1.113603,-0.08423245,3.071479,1.372403,-0.3554203,-2.944721,-0.07004072,-0.04317446,-0.006746974,0.9965866,351.9414,355.0689,359.5718,0.4201481,-0.1089319,-0.9008934,0,0,0,1.218432,-0.2569138,-0.9013332,0.02366111,-0.1895438,2.042635,0.9961809,-0.007399947,0.08699931,0.01949583,0.9900975,-0.1390207,-0.08510906,0.1401859,0.9864605,moving,4.457202154074011,-3.6095386135585867,0.6636629212876861,-5.301509562106864,-0.15397100000000008,0.0985065,2.0433878,0.07756118380871466,-0.06276702529696535,0.9950099259712071,3.7874165974111085,-3.2806647568463747,4.1474967830549465,4.1537580094921775,3.7204369039190683
05/10/2023 16:35:56.523086,4300,True,True,True,True,Eyes,1.369338,-0.355054,-2.935792,-0.01073064,0.0758562,0.9970611,0.0,0.0,0.0,0.0,0.0,0.0,0.0,-1.111905,-0.08553079,3.072104,1.372555,-0.3553252,-2.944709,-0.0701445,-0.04348359,-0.006961271,0.9965643,351.9283,355.0349,359.5501,0.4201533,-0.1089335,-0.9008907,0,0,0,1.214156,-0.2582485,-0.9011958,0.02056414,-0.1915123,2.04288,0.9961214,-0.00777444,0.08764496,0.01997498,0.9900626,-0.1392016,-0.08569179,0.1404124,0.9863778,moving,4.373882075705505,-3.674625865430341,0.5767341385748647,-5.355610965718114,-0.15839899999999996,0.09707670000000002,2.0435132,0.07610864234749089,-0.06390447544356002,0.9950496668130514,3.703657684638631,-3.342843865274748,4.1459494122323814,4.1525947748179055,3.7187205143106943
05/10/2023 16:35:56.543440,4301,True,True,True,True,Eyes,1.369325,-0.3550663,-2.9358,-0.01282357,0.07486067,0.9971115,0.0,0.0,0.0,0.0,0.0,0.0,0.0,-1.113512,-0.08735651,3.071571,1.372643,-0.3553292,-2.944772,-0.07035855,-0.04324298,-0.007184152,0.9965581,351.9027,355.0645,359.5235,0.4201572,-0.1089353,-0.9008887,0,0,0,1.211857,-0.2593618,-0.9009637,0.01726018,-0.1936123,2.043142,0.9961569,-0.008233824,0.08719923,0.02040388,0.9899961,-0.1396114,-0.08517736,0.1408541,0.9863595,moving,4.227351710370061,-3.7576058823000635,0.4840152779733418,-5.413299930390307,-0.1607860000000001,0.09596740000000004,2.0438083,0.07355667049044479,-0.06535805570192715,0.9951470484676462,3.5580259803519985,-3.4218112924501205,4.086162286111672,4.093151649644813,3.6627269613477034
05/10/2023 16:35:56.557850,4302,True,True,True,True,Eyes,1.369317,-0.355078,-2.935809,-0.01483587,0.07391666,0.9971541,0.0,0.0,0.0,0.0,0.0,0.0,0.0,-1.114831,-0.08763626,3.07107,1.372604,-0.3553923,-2.944767,-0.07039633,-0.04302416,-0.00724184,0.9965646,351.8982,355.0902,359.5152,0.4201602,-0.1089372,-0.900887,0,0,0,1.209395,-0.2612544,-0.9006357,0.01399833,-0.1956856,2.043401,0.996193,-0.008376437,0.08677229,0.02049141,0.9899839,-0.1396858,-0.0847331,0.1409321,0.9863865,moving,4.087750269118705,-3.81784261673094,0.3924989187520954,-5.470229234679706,-0.16320899999999994,0.0941379,2.0441313,0.07112680037418066,-0.06641598734626798,0.995253721271302,3.420279148272088,-3.4788837483151123,4.040620262402323,4.047871549044314,3.6239357009109274
05/10/2023 16:35:56.578139,4303,True,True,True,True,Eyes,1.369321,-0.3550895,-2.935813,-0.01682416,0.07291417,0.9971963,0.0,0.0,0.0,0.0,0.0,0.0,0.0,-1.114665,-0.08828938,3.071186,1.37273,-0.3553935,-2.944786,-0.07055008,-0.04306525,-0.007126358,0.9965528,351.8811,355.0845,359.5296,0.4201626,-0.1089393,-0.9008856,0,0,0,1.206273,-0.2624992,-0.9004489,0.01095094,-0.1976227,2.043643,0.9961892,-0.00812707,0.08683912,0.0202801,0.9899439,-0.1399999,-0.08482806,0.1412275,0.9863361,moving,3.9796727549019697,-3.895143691044176,0.30701871038877937,-5.523395858145717,-0.16645700000000008,0.09289429999999999,2.0443371,0.06924300827682041,-0.06776768194573049,0.9952954015610963,3.3120104660083705,-3.5526619307510137,4.009765334095297,4.017411212503639,3.593573105410027
05/10/2023 16:35:56.583232,4304,True,True,True,True,Eyes,1.369325,-0.3551041,-2.935817,-0.01868721,0.07194344,0.9972337,0.0,0.0,0.0,0.0,0.0,0.0,0.0,-1.117915,-0.08745518,3.069994,1.372858,-0.3553808,-2.944691,-0.07044079,-0.04255753,-0.007083523,0.9965826,351.8941,355.1428,359.5299,0.4201649,-0.1089415,-0.9008843,0,0,0,1.205245,-0.2648957,-0.8999062,0.007763758,-0.1996486,2.043896,0.9962773,-0.00812306,0.08582212,0.0201142,0.9899758,-0.1397972,-0.08382624,0.141003,0.9864539,moving,3.815236694537993,-3.9402222263520303,0.21763750559773262,-5.578976312871097,-0.167613,0.09048509999999998,2.0447848000000004,0.06638266208368986,-0.06856409233748588,0.9954357991397167,3.1511316632271056,-3.5949187143464303,3.945482269288189,3.9532562376282367,3.541450624688862
05/10/2023 16:35:56.603391,4305,True,True,True,True,Eyes,1.369344,-0.355118,-2.93582,-0.02056004,0.0708994,0.9972715,0.0,0.0,0.0,0.0,0.0,0.0,0.0,-1.12134,-0.08595321,3.068803,1.372889,-0.3554639,-2.944684,-0.07035362,-0.04199209,-0.00675649,0.9966151,351.9059,355.2055,359.5626,0.4201669,-0.108944,-0.9008831,0,0,0,1.204514,-0.2672706,-0.8994366,0.004699051,-0.2015966,2.044139,0.9963821,-0.007558648,0.08465057,0.01937583,0.9900094,-0.1396635,-0.0827492,0.1407984,0.9865741,moving,3.6436978644044182,-3.992723340481943,0.131710864948142,-5.6323974274844835,-0.16837499999999994,0.08819329999999997,2.0452474,0.06339803874709138,-0.06948970409449344,0.9955660473244827,2.9830132533688403,-3.6442845844355842,3.868000004530658,3.8758978051462494,3.4759916551841084
05/10/2023 16:35:56.628403,4306,True,True,True,True,Eyes,1.369361,-0.3551318,-2.935823,-0.02231802,0.06988913,0.9973051,0.0,0.0,0.0,0.0,0.0,0.0,0.0,-1.124424,-0.08586413,3.067718,1.372939,-0.355459,-2.944704,-0.07034038,-0.04149847,-0.00677625,0.9966365,351.9076,355.2627,359.5562,0.4201691,-0.1089465,-0.9008818,0,0,0,1.20334,-0.269275,-0.8990223,0.001504436,-0.2036271,2.044392,0.996464,-0.007668882,0.08367106,0.01934495,0.9900126,-0.1396451,-0.08176449,0.14077,0.9866602,moving,3.4869890067644547,-4.050722947643966,0.042163057666093705,-5.688057821358759,-0.16959899999999983,0.08618400000000004,2.0456817000000003,0.06067049943125268,-0.07050944510113055,0.9956643790179401,2.8288965923614438,-3.6990687494320715,3.8060467613400877,3.8141435877879664,3.4237349958253818
05/10/2023 16:35:56.643436,4307,True,True,True,True,Eyes,1.369384,-0.3551433,-2.93583,-0.02411889,0.06867531,0.9973475,0.0,0.0,0.0,0.0,0.0,0.0,0.0,-1.127502,-0.08544257,3.066582,1.372904,-0.3554692,-2.9447,-0.07024653,-0.04099591,-0.006866415,0.9966633,351.9182,355.3216,359.5412,0.4201715,-0.1089492,-0.9008804,0,0,0,1.201909,-0.271733,-0.8985484,-0.001886517,-0.2057823,2.044661,0.9965444,-0.007927368,0.08268293,0.01944665,0.9900365,-0.1394613,-0.08075355,0.1405873,0.9867695,moving,3.3268837088123226,-4.11103288689431,-0.0528642309936856,-5.747108372001123,-0.170995,0.08373619999999998,2.0461516,0.057883636645723324,-0.0715693132022512,0.9957546750234729,2.6713837930294657,-3.756056698044499,3.7466039528425177,3.754921987151058,3.3742871935802263
05/10/2023 16:35:56.660441,4308,True,True,True,True,Eyes,1.369404,-0.3551544,-2.935837,-0.02586304,0.06750441,0.9973837,0.0,0.0,0.0,0.0,0.0,0.0,0.0,-1.127974,-0.08344433,3.066525,1.37283,-0.3554308,-2.944804,-0.06999373,-0.04089888,-0.00666403,0.9966865,351.9482,355.3312,359.5626,0.4201742,-0.1089519,-0.9008788,0,0,0,1.199149,-0.2746376,-0.8983169,-0.00494273,-0.207725,2.044904,0.9965657,-0.007558567,0.08245959,0.01900923,0.990113,-0.1389785,-0.08059383,0.1400687,0.9868563,moving,3.2163316630415886,-4.150866695716982,-0.1384891499850728,-5.800311337294768,-0.17368099999999997,0.08079320000000001,2.0464871000000002,0.05595938960830458,-0.07226951409371049,0.9958140646127193,2.562717881804126,-3.793660023816589,3.729825797396014,3.7383807073580053,3.3649916675188236
05/10/2023 16:35:56.676164,4309,True,True,True,True,Eyes,1.369404,-0.3551544,-2.935837,-0.02586304,0.06750441,0.9973837,0.0,0.0,0.0,0.0,0.0,0.0,0.0,-1.126653,-0.08259988,3.067006,1.372767,-0.3554299,-2.944804,-0.0699317,-0.04109615,-0.006465978,0.996684,351.9561,355.3068,359.5868,0.420177,-0.1089547,-0.9008772,0,0,0,1.195093,-0.2768574,-0.8981073,-0.008104771,-0.2097349,2.045155,0.9965386,-0.007141227,0.08282411,0.01863692,0.9901354,-0.1388682,-0.08101541,0.1399311,0.9868413,moving,3.238882387171056,-4.143985040185888,-0.2270569914359222,-5.855331936130324,-0.1776740000000001,0.07857250000000005,2.0466967,0.056351817889170625,-0.07214831380500604,0.995800723372332,2.5848178806277797,-3.7871898243899946,3.856403742881532,3.8654164037574508,3.4905375073900884
05/10/2023 16:35:56.683259,4310,True,True,True,True,Eyes,1.369404,-0.3551544,-2.935837,-0.02586304,0.06750441,0.9973837,0.0,0.0,0.0,0.0,0.0,0.0,0.0,-1.124648,-0.08265221,3.067689,1.372767,-0.3554182,-2.944752,-0.06996766,-0.04141961,-0.00638038,0.9966686,351.9523,355.2687,359.5994,0.4201795,-0.1089571,-0.9008757,0,0,0,1.190491,-0.2786903,-0.8979059,-0.01134492,-0.2117944,2.045411,0.9964874,-0.006922184,0.08345609,0.01851432,0.9901277,-0.1389406,-0.08167042,0.1399977,0.9867779,moving,3.2760946211250355,-4.148143263919285,-0.3177891237290374,-5.911688508424552,-0.1822760000000001,0.07672790000000002,2.0468461,0.056998266713721935,-0.07221792908824899,0.995758884240063,2.620463268549523,-3.7914841155283816,3.993672318019076,4.003260196507776,3.623340142518627
05/10/2023 16:35:56.703027,4311,True,True,True,True,Eyes,1.369404,-0.3551544,-2.935837,-0.02586304,0.06750441,0.9973837,0.0,0.0,0.0,0.0,0.0,0.0,0.0,-1.123387,-0.08298969,3.068083,1.372814,-0.3554216,-2.944668,-0.06998914,-0.04163705,-0.006457238,0.9966576,351.9494,355.2442,359.5924,0.4201817,-0.1089593,-0.9008744,0,0,0,1.186428,-0.2805202,-0.897644,-0.0145072,-0.2138045,2.045663,0.9964494,-0.007043029,0.08389963,0.01869959,0.9901197,-0.1389727,-0.08209189,0.1400481,0.9867357,moving,3.3011454720852553,-4.150395178730148,-0.40631687560951424,-5.966662426275344,-0.18638599999999994,0.0749014,2.047024,0.05743347108839211,-0.07225526053937557,0.9957311690191812,2.644488375859016,-3.7938467835216767,4.118325796752768,4.12845052944562,3.74546932970796
05/10/2023 16:35:56.723123,4312,True,True,True,True,Eyes,1.369404,-0.3551544,-2.935837,-0.02586304,0.06750441,0.9973837,0.0,0.0,0.0,0.0,0.0,0.0,0.0,-1.122715,-0.08349994,3.068288,1.372842,-0.3553711,-2.944633,-0.07001739,-0.04175588,-0.00656835,0.9966499,351.9456,355.2314,359.5807,0.4201837,-0.1089613,-0.9008732,0,0,0,1.182768,-0.2822474,-0.8974012,-0.01764645,-0.2157999,2.045912,0.9964266,-0.007245414,0.08415178,0.01893996,0.9901088,-0.1390171,-0.08231219,0.1401142,0.986708,moving,3.314876702371594,-4.153401699121163,-0.49417669816625653,-6.021213403590037,-0.19007399999999985,0.07312370000000001,2.0472318,0.057671886788979276,-0.07230651466322957,0.9957136680013162,2.6575633405988475,-3.7968519960771574,4.231715039557631,4.242358821634479,3.857622187719754
05/10/2023 16:35:56.733101,4313,True,True,True,True,Eyes,1.369404,-0.3551544,-2.935837,-0.02586304,0.06750441,0.9973837,0.0,0.0,0.0,0.0,0.0,0.0,0.0,-1.122799,-0.0848161,3.06822,1.372922,-0.3553993,-2.944592,-0.07017036,-0.0417617,-0.006737152,0.9966377,351.9272,355.232,359.562,0.4201855,-0.1089631,-0.9008722,0,0,0,1.17946,-0.2836216,-0.8971158,-0.02094045,-0.2178935,2.046173,0.9964212,-0.007568133,0.08418807,0.01928987,0.9900615,-0.1393061,-0.08229707,0.1404316,0.9866642,moving,3.3157868834943476,-4.170699154103261,-0.5863421725217365,-6.078423711262315,-0.19346200000000002,0.0717777,2.0474762,0.05768644151892697,-0.07260705371468847,0.9956909547891531,2.6575228981389563,-3.8135510293854122,4.332275709158658,4.343503672819062,3.9562998953270436
05/10/2023 16:35:56.758293,4314,True,True,True,True,Eyes,1.369404,-0.3551544,-2.935837,-0.02586304,0.06750441,0.9973837,0.0,0.0,0.0,0.0,0.0,0.0,0.0,-1.123501,-0.08500886,3.067953,1.372938,-0.3554256,-2.944577,-0.07018627,-0.04165235,-0.006792792,0.9966409,351.9251,355.2451,359.5548,0.4201872,-0.1089647,-0.9008712,0,0,0,1.176733,-0.2854857,-0.8968019,-0.02407596,-0.2198864,2.046422,0.9964379,-0.007693101,0.08397838,0.01938679,0.9900555,-0.1393352,-0.08207134,0.1404669,0.9866779,moving,3.303249301377415,-4.172476437855226,-0.6740482932514303,-6.132855763535819,-0.19620499999999996,0.0699399,2.0477751,0.057468427541169,-0.07263885430855713,0.9957012422980421,2.645344599663508,-3.815171248240056,4.422490004739015,4.434183493812169,4.04846028632812
05/10/2023 16:35:56.773100,4315,True,True,True,True,Eyes,1.369435,-0.3551561,-2.935836,-0.02794076,0.06540479,0.9974676,0.0,0.0,0.0,0.0,0.0,0.0,0.0,-1.124706,-0.08530998,3.067531,1.372931,-0.3554537,-2.944605,-0.07023578,-0.04145488,-0.006813626,0.9966454,351.9194,355.2681,359.551,0.4201886,-0.1089662,-0.9008704,0,0,0,1.174328,-0.2872341,-0.8964976,-0.02723175,-0.2218924,2.046672,0.9964701,-0.007758306,0.08358876,0.01940477,0.9900411,-0.1394354,-0.08167452,0.1405653,0.9866968,moving,3.163324659758571,-4.30034172842229,-0.7622971735064902,-6.1876229344057,-0.19860299999999986,0.06821959999999999,2.0481074,0.05502750394779833,-0.07487106368892678,0.995673833795709,2.503698307782062,-3.937503214005447,4.343377606627943,4.35572463871002,3.9660768071144754
05/10/2023 16:35:56.793184,4316,True,True,True,True,Eyes,1.369461,-0.3551586,-2.935835,-0.02991182,0.06338501,0.9975408,0.0,0.0,0.0,0.0,0.0,0.0,0.0,-1.126608,-0.0852702,3.066821,1.372929,-0.3554444,-2.944593,-0.07023983,-0.04114441,-0.006801649,0.996658,351.9192,355.3039,359.5499,0.4201908,-0.1089675,-0.9008693,0,0,0,1.172258,-0.2892242,-0.8960866,-0.03052464,-0.2239852,2.046933,0.9965218,-0.007777883,0.08296931,0.01933779,0.9900402,-0.1394505,-0.08105832,0.1405699,0.986747,moving,3.0163222665220344,-4.418351132343576,-0.8543530337513155,-6.244732987235722,-0.20067100000000004,0.0662202,2.0485064,0.05246449154229213,-0.07693227083639473,0.9956550240742107,2.3557532101500707,-4.050270634495365,4.266971472705228,4.279929667649395,3.8885019113701627
05/10/2023 16:35:56.803208,4317,True,True,True,True,Eyes,1.369454,-0.3551681,-2.935835,-0.03200287,0.06136528,0.9976022,0.0,0.0,0.0,0.0,0.0,0.0,0.0,-1.128331,-0.08493549,3.066165,1.372849,-0.3554649,-2.944596,-0.07019972,-0.0408502,-0.006789359,0.9966731,351.924,355.3378,359.5487,0.4201934,-0.1089687,-0.9008679,0,0,0,1.170211,-0.2913249,-0.8957012,-0.03365123,-0.2259729,2.047181,0.9965703,-0.007798198,0.0823818,0.01926889,0.9900518,-0.1393777,-0.08047536,0.140487,0.9868065,moving,2.8641720383561737,-4.5312814882778065,-0.9417339384259714,-6.298949646504039,-0.2026380000000001,0.06413999999999997,2.0488948000000002,0.04981262023216849,-0.07890529087038728,0.9956368256853606,2.20311597492268,-4.1580977906460985,4.182878065732879,4.19637593903513,3.8043826892439996
05/10/2023 16:35:56.823297,4318,True,True,True,True,Eyes,1.369444,-0.3551772,-2.935835,-0.03400164,0.05942157,0.9976538,0.0,0.0,0.0,0.0,0.0,0.0,0.0,-1.129376,-0.08395961,3.065796,1.372769,-0.3555091,-2.944616,-0.07009524,-0.04066288,-0.006679176,0.9966888,351.9366,355.3586,359.5594,0.4201955,-0.1089701,-0.9008667,0,0,0,1.167583,-0.293832,-0.8953516,-0.03693351,-0.228059,2.047441,0.9966038,-0.00761357,0.08199284,0.01901467,0.9900841,-0.1391831,-0.08012014,0.1402695,0.9868664,moving,2.729289493091057,-4.632351337744881,-1.0334386973510081,-6.355824824052945,-0.20518599999999987,0.06167710000000004,2.0492643999999998,0.04746188517683787,-0.08067072128138963,0.9956102366598063,2.067750970182483,-4.254610150685604,4.1245880088541815,4.138657305594931,3.745995255948772
05/10/2023 16:35:56.843328,4319,True,True,True,True,Eyes,1.369581,-0.3551779,-2.935828,-0.03620623,0.05760837,0.9976825,0.0,0.0,0.0,0.0,0.0,0.0,0.0,-1.129857,-0.08323964,3.065607,1.372694,-0.3555071,-2.944618,-0.07005178,-0.04056519,-0.006501633,0.9966971,351.9424,355.3684,359.5789,0.4201972,-0.1089717,-0.9008657,0,0,0,1.164727,-0.2959863,-0.8950347,-0.0400971,-0.23007,2.047692,0.9966244,-0.007276988,0.08177331,0.01864364,0.9901009,-0.1391133,-0.07995152,0.1401683,0.9868944,moving,2.592630462475,-4.732953793341376,-1.1218000710555431,-6.410625795917689,-0.207967,0.05952080000000004,2.0495833,0.04508056581321682,-0.08242782749479638,0.9955769091494477,1.9306985454752843,-4.35065803042231,4.061121277739087,4.075730307153849,3.6825554984008915
05/10/2023 16:35:56.858297,4320,True,True,True,True,Eyes,1.369712,-0.3551775,-2.93582,-0.03831798,0.05586667,0.9977027,0.0,0.0,0.0,0.0,0.0,0.0,0.0,-1.129558,-0.08251461,3.065732,1.372656,-0.3554955,-2.944633,-0.0700381,-0.0405963,-0.006238244,0.9966986,351.9452,355.3627,359.6095,0.4202022,-0.1089729,-0.9008632,0,0,0,1.161316,-0.2980797,-0.8947796,-0.04334009,-0.2321312,2.04795,0.996626,-0.006748721,0.08179835,0.01812187,0.9901115,-0.1391072,-0.0800507,0.1401202,0.9868932,moving,2.4758328748492904,-4.832660755638644,-1.212350707866134,-6.466766292358149,-0.21134000000000008,0.05741580000000002,2.0498534,0.04304470579605089,-0.08416778596520369,0.9955214548688072,1.8128365406031264,-4.4459920431080855,4.018744458397759,4.033980545930896,3.6380333223780634
05/10/2023 16:35:56.878433,4321,True,True,True,True,Eyes,1.369813,-0.3551808,-2.935813,-0.04054141,0.05431098,0.9977007,0.0,0.0,0.0,0.0,0.0,0.0,0.0,-1.129791,-0.08207601,3.065628,1.372651,-0.3554696,-2.944607,-0.07004236,-0.04054964,-0.006046578,0.9967012,351.9456,355.3665,359.6312,0.4202101,-0.1089739,-0.9008594,0,0,0,1.15827,-0.3000556,-0.8944554,-0.04655983,-0.2341777,2.048205,0.9966384,-0.006372879,0.08167877,0.01773365,0.990115,-0.1391322,-0.0799847,0.140113,0.9868996,moving,2.3434991246222006,-4.923663286547122,-1.302224334430102,-6.522483748085115,-0.21438100000000015,0.05541400000000002,2.0501516,0.04073973443568135,-0.085757152241674,0.9954827774157355,1.6804622320060962,-4.5328086678051935,3.965139398948265,3.9808951767305865,3.585418536054873
05/10/2023 16:35:56.893318,4322,True,True,True,True,Eyes,1.36991,-0.3551842,-2.935806,-0.04267027,0.05281384,0.9976923,0.0,0.0,0.0,0.0,0.0,0.0,0.0,-1.13055,-0.08145246,3.065318,1.372638,-0.3555049,-2.94456,-0.07001384,-0.04041778,-0.005890451,0.9967095,351.9496,355.3805,359.648,0.4202199,-0.1089747,-0.9008547,0,0,0,1.155667,-0.3021564,-0.8940798,-0.04967333,-0.2361567,2.048452,0.9966634,-0.006082528,0.08139437,0.01740174,0.9901267,-0.1390907,-0.07974473,0.1400431,0.9869289,moving,2.2066711267310035,-5.00738534847459,-1.3891048007439195,-6.5763371914615805,-0.21697100000000002,0.05334850000000002,2.0504802,0.038357419532827855,-0.08721991540491034,0.9954503372043483,1.5441425218366138,-4.612565589540721,3.906966080198946,3.923163826074616,3.5299205033451795
05/10/2023 16:35:56.903324,4323,True,True,True,True,Eyes,1.369988,-0.3551904,-2.9358,-0.04488,0.05143958,0.9976671,0.0,0.0,0.0,0.0,0.0,0.0,0.0,-1.130855,-0.08099782,3.065219,1.372609,-0.3554933,-2.944577,-0.06996769,-0.04036024,-0.005818286,0.9967155,351.9553,355.3866,359.6557,0.4202312,-0.1089754,-0.9008493,0,0,0,1.152601,-0.3043388,-0.8937878,-0.05291371,-0.2382164,2.048709,0.9966744,-0.005950525,0.08126952,0.01724618,0.9901413,-0.1390061,-0.07964116,0.1399454,0.9869512,moving,2.0737096781271984,-5.081974066540303,-1.4794967944488986,-6.632360732175279,-0.22000799999999998,0.05115449999999999,2.0507892,0.03604309900839511,-0.0885233644513374,0.9954217177523672,1.4120340384213979,-4.683538038320019,3.86008572072819,3.876722204354525,3.486955756748982
05/10/2023 16:35:56.923145,4324,True,True,True,True,Eyes,1.370063,-0.3551957,-2.935793,-0.04699481,0.05012438,0.9976367,0.0,0.0,0.0,0.0,0.0,0.0,0.0,-1.131583,-0.08116472,3.06495,1.372584,-0.3555186,-2.944589,-0.07002029,-0.04023517,-0.005774399,0.9967172,351.9495,355.4006,359.66,0.4202434,-0.1089762,-0.9008436,0,0,0,1.149749,-0.3061834,-0.8934659,-0.05621801,-0.2403169,2.048971,0.9966956,-0.005876329,0.08101481,0.01714544,0.9901276,-0.1391162,-0.07939751,0.1400455,0.9869565,moving,1.9384820410303674,-5.164452377087397,-1.5716409851898538,-6.689466733715103,-0.22283500000000012,0.049335200000000023,2.0511231,0.033689274718497045,-0.08996359456664543,0.995375072646387,1.277322778124293,-4.762106842385105,3.8099807256161355,3.827091904713293,3.4396672332341525
05/10/2023 16:35:56.943050,4325,True,True,True,True,Eyes,1.370133,-0.3551984,-2.935788,-0.04917621,0.0488973,0.9975924,0.0,0.0,0.0,0.0,0.0,0.0,0.0,-1.132061,-0.08150601,3.064731,1.372573,-0.3555031,-2.944561,-0.07007709,-0.04015519,-0.005773457,0.9967164,351.943,355.4099,359.6597,0.4202564,-0.108977,-0.9008374,0,0,0,1.14692,-0.3078344,-0.8931415,-0.05932173,-0.2422895,2.049217,0.9967085,-0.005881079,0.08085585,0.01713691,0.9901117,-0.1392303,-0.07923749,0.1401576,0.9869535,moving,1.8045910444992292,-5.24236674882729,-1.6581629963435802,-6.743070245218235,-0.2256530000000001,0.04766870000000001,2.0514195,0.03135925283032262,-0.09132400687072355,0.995327265348445,1.1441419367066186,-4.836281532790814,3.7564373431455698,3.7739603245732747,3.3895067681947624
05/10/2023 16:35:56.958544,4326,True,True,True,True,Eyes,1.3702,-0.3552083,-2.935783,-0.05126489,0.04772357,0.9975442,0.0,0.0,0.0,0.0,0.0,0.0,0.0,-1.132155,-0.08260772,3.064668,1.372545,-0.355422,-2.944586,-0.07024497,-0.04013358,-0.005775812,0.9967054,351.9238,355.4123,359.66,0.4202699,-0.1089776,-0.900831,0,0,0,1.143841,-0.3089565,-0.8929055,-0.06241952,-0.2442586,2.049463,0.9967119,-0.0058752,0.08081415,0.01715193,0.9900646,-0.1395635,-0.07919127,0.1404907,0.9869099,moving,1.6827802584677725,-5.329906605045808,-1.7444910472891082,-6.7965525593345015,-0.2287039999999998,0.04646549999999999,2.0516805000000002,0.02923897584266532,-0.09285059945856211,0.9952506757122825,1.0220936084039025,-4.919836282055228,3.709873614612087,3.727900073566332,3.3430606698833616
05/10/2023 16:35:56.973280,4327,True,True,True,True,Eyes,1.37028,-0.355217,-2.935776,-0.05343355,0.04659477,0.9974837,0.0,0.0,0.0,0.0,0.0,0.0,0.0,-1.132473,-0.08251053,3.064578,1.372528,-0.3556064,-2.944597,-0.07031067,-0.04007338,-0.005654156,0.996704,351.9168,355.4183,359.6739,0.4202838,-0.1089785,-0.9008245,0,0,0,1.140828,-0.3108805,-0.8926131,-0.06564397,-0.2463081,2.049719,0.9967243,-0.005635867,0.08067767,0.01690621,0.9900489,-0.1397047,-0.07908747,0.140611,0.986901,moving,1.5514003924496698,-5.402950443461532,-1.8343184366743155,-6.852192481306993,-0.23170000000000002,0.044725899999999985,2.0519838999999997,0.026953537774222016,-0.09412536782894856,0.9951953931541101,0.8915914519956238,-4.9893298805154025,3.664405362604951,3.6828514053845773,3.3016422868894457
05/10/2023 16:35:56.993046,4328,True,True,True,True,Eyes,1.370356,-0.3552268,-2.935769,-0.05550621,0.04550023,0.9974211,0.0,0.0,0.0,0.0,0.0,0.0,0.0,-1.13267,-0.08223352,3.064471,1.372537,-0.3555917,-2.944551,-0.07028077,-0.04004168,-0.005614254,0.9967076,351.9204,355.4216,359.678,0.4202984,-0.1089794,-0.9008176,0,0,0,1.137702,-0.3129788,-0.8922697,-0.068872,-0.24836,2.049975,0.9967303,-0.005563218,0.08060884,0.01681986,0.9900582,-0.1396491,-0.07903053,0.1405484,0.9869146,moving,1.4288919319606364,-5.463063134325672,-1.92421432119329,-6.907871637398883,-0.2348349999999999,0.04261290000000001,2.0522813,0.024823088470281307,-0.09517469736183179,0.9951510700716283,0.7703258045450698,-5.04641197423448,3.6322820600720758,3.6511358719571936,3.2749929109545
05/10/2023 16:35:57.003075,4329,True,True,True,True,Eyes,1.370414,-0.3552373,-2.935763,-0.05760979,0.04443071,0.99735,0.0,0.0,0.0,0.0,0.0,0.0,0.0,-1.133288,-0.08116543,3.064275,1.372507,-0.3556273,-2.944565,-0.07015593,-0.03993227,-0.00550914,0.9967213,351.9353,355.4334,359.6887,0.4203135,-0.1089804,-0.9008104,0,0,0,1.134943,-0.3154959,-0.8919455,-0.07202747,-0.2503656,2.050225,0.9967501,-0.005379182,0.08037569,0.01658512,0.9900956,-0.1394118,-0.07882969,0.1402918,0.9869671,moving,1.2953121219980415,-5.51069200882099,-2.0120589065322103,-6.962269075869618,-0.2375639999999999,0.040131399999999984,2.0526195,0.02250111253832609,-0.09600718895601684,0.9951262824376861,0.6390516525538703,-5.091363335899218,3.592757671429129,3.611894115549728,3.244792055641147
05/10/2023 16:35:57.022938,4330,True,True,True,True,Eyes,1.370468,-0.3552464,-2.935757,-0.0596233,0.04340318,0.9972769,0.0,0.0,0.0,0.0,0.0,0.0,0.0,-1.133924,-0.08078751,3.064032,1.372514,-0.3556101,-2.944546,-0.07013261,-0.03982602,-0.005415003,0.9967276,351.9384,355.445,359.6986,0.4203286,-0.1089816,-0.9008033,0,0,0,1.132134,-0.3175833,-0.8915914,-0.07525553,-0.2524174,2.050481,0.9967691,-0.005208362,0.08015092,0.01638077,0.9901042,-0.1393749,-0.07863186,0.1402375,0.9869906,moving,1.1673109084659679,-5.567498278740127,-2.1018921014896677,-7.017891997524933,-0.24038000000000004,0.03802679999999997,2.0529545999999996,0.020275945829519252,-0.09699838398599772,0.9950779812333483,0.5126673829828629,-5.145213150873152,3.55699525114041,3.57649692573521,3.216029751190481
05/10/2023 16:35:57.043258,4331,True,True,True,True,Eyes,1.370523,-0.3552557,-2.93575,-0.06166793,0.0423879,0.9971963,0.0,0.0,0.0,0.0,0.0,0.0,0.0,-1.134302,-0.08063146,3.063874,1.372486,-0.3555876,-2.944538,-0.07013073,-0.03975705,-0.00535293,0.9967309,351.9389,355.4524,359.7052,0.4203437,-0.1089829,-0.9007961,0,0,0,1.129115,-0.3195765,-0.8912669,-0.07849884,-0.2544787,2.050738,0.9967814,-0.005094481,0.08000497,0.01624724,0.990106,-0.1393773,-0.07850336,0.1402286,0.9870021,moving,1.0418562595016496,-5.626084479404944,-2.1921169149462103,-7.073745727651402,-0.243371,0.03601110000000002,2.0532711,0.018095260919157873,-0.09801993151141987,0.9950199912310048,0.38864311817411323,-5.20079987907646,3.5233152028045853,3.5432055518587773,3.1887691199341046
05/10/2023 16:35:57.058622,4332,True,True,True,True,Eyes,1.370577,-0.3552648,-2.935741,-0.06361926,0.04141983,0.9971143,0.0,0.0,0.0,0.0,0.0,0.0,0.0,-1.135102,-0.0801926,3.063566,1.372512,-0.3555882,-2.944502,-0.07012802,-0.03962437,-0.005194151,0.9967372,351.94,355.4665,359.7224,0.4203587,-0.1089843,-0.900789,0,0,0,1.126505,-0.3215868,-0.8908845,-0.0816732,-0.2564965,2.05099,0.9968058,-0.004796849,0.07971869,0.01591196,0.9901102,-0.1393868,-0.07826166,0.14021,0.9870239,moving,0.9140347697524098,-5.681539200118835,-2.2803906912493073,-7.128392672064192,-0.24600699999999986,0.034001400000000015,2.0536175,0.01587389380957088,-0.09898665926630248,0.9949621101365045,0.26250377529501767,-5.253346801045655,3.486577823718568,3.50681322502017,3.1594476236211624
05/10/2023 16:35:57.078172,4333,True,True,True,True,Eyes,1.370622,-0.3552794,-2.935732,-0.06559786,0.04046288,0.9970254,0.0,0.0,0.0,0.0,0.0,0.0,0.0,-1.136005,-0.0807057,3.063202,1.372541,-0.3555952,-2.94447,-0.07021353,-0.03948215,-0.005205114,0.9967368,351.9302,355.483,359.7204,0.4203736,-0.1089858,-0.9007818,0,0,0,1.123832,-0.3232249,-0.8905045,-0.08491504,-0.2585572,2.051248,0.9968281,-0.004831895,0.07943756,0.01592062,0.990086,-0.1395578,-0.07797569,0.1403798,0.9870224,moving,0.7841012524742854,-5.746919593842955,-2.370506671606474,-7.184171921360972,-0.24870900000000007,0.03237030000000002,2.0539655,0.013615953222549704,-0.10012528473775906,0.99488165392355,0.13380221756723737,-5.315456074537413,3.4459694151822897,3.4665898816602283,3.1246858927840986
05/10/2023 16:35:57.093018,4334,True,True,True,True,Eyes,1.370667,-0.3552903,-2.935724,-0.06748629,0.03954194,0.9969363,0.0,0.0,0.0,0.0,0.0,0.0,0.0,-1.137004,-0.07972845,3.062843,1.372585,-0.3557099,-2.944422,-0.07013279,-0.03932133,-0.005067211,0.9967496,351.9401,355.5005,359.7346,0.4203883,-0.1089875,-0.9007748,0,0,0,1.12129,-0.3257033,-0.8900834,-0.08814856,-0.2606124,2.051504,0.9968563,-0.004586051,0.07909777,0.01561691,0.9901115,-0.1394112,-0.07767627,0.1402082,0.9870704,moving,0.65653422015002,-5.790628904990371,-2.460358714495198,-7.239779275000858,-0.25129500000000005,0.03000660000000005,2.0543386,0.01139997055714665,-0.10088701792746568,0.994832549175798,0.008531265159867518,-5.356670532454905,3.4163652324622555,3.4373039378185353,3.1050791081539595
05/10/2023 16:35:57.103163,4335,True,True,True,True,Eyes,1.370739,-0.3552978,-2.935711,-0.06941123,0.03865501,0.9968389,0.0,0.0,0.0,0.0,0.0,0.0,0.0,-1.137864,-0.07952252,3.062569,1.372645,-0.3556318,-2.944446,-0.0701117,-0.03918818,-0.005011286,0.9967565,351.9428,355.5154,359.7399,0.4204027,-0.1089894,-0.9007678,0,0,0,1.118608,-0.327732,-0.8897496,-0.09140837,-0.2626846,2.051763,0.9968783,-0.004494963,0.07882484,0.01548516,0.9901184,-0.1393758,-0.07741944,0.1401614,0.9870973,moving,0.5303024307240553,-5.839454563802593,-2.5509052071931975,-7.295815568976235,-0.25403699999999985,0.027899799999999975,2.0546964,0.009207367726475967,-0.10173704331320385,0.9947686764262632,-0.11572419146048912,-5.402832399673401,3.3867625712655895,3.408053386517001,3.0843948934351433
05/10/2023 16:35:57.122945,4336,True,True,True,True,Eyes,1.370806,-0.355305,-2.935698,-0.07125091,0.03781889,0.9967412,0.0,0.0,0.0,0.0,0.0,0.0,0.0,-1.139498,-0.0818736,3.061832,1.372682,-0.3555698,-2.944366,-0.07041293,-0.03893532,-0.005216619,0.9967441,351.9074,355.5462,359.7155,0.4204176,-0.1089912,-0.9007606,0,0,0,1.116437,-0.3282901,-0.8892841,-0.09456889,-0.2646936,2.052013,0.9969137,-0.004916167,0.07835174,0.01588237,0.9900296,-0.1399611,-0.07688247,0.1407736,0.9870521,moving,0.39628387565867546,-5.9233140690815125,-2.6386612002997487,-7.350119819214901,-0.25624500000000006,0.027279700000000018,2.0550819000000002,0.006879477628523346,-0.10319483701115917,0.9946373604464589,-0.2493433886245071,-5.482743213785734,3.331925824474252,3.353604965212508,3.032480006808408
05/10/2023 16:35:57.142993,4337,True,True,True,True,Eyes,1.370897,-0.3553123,-2.935682,-0.07310726,0.03696875,0.9966387,0.0,0.0,0.0,0.0,0.0,0.0,0.0,-1.140118,-0.08321747,3.061505,1.372637,-0.3555723,-2.944324,-0.07060025,-0.03882992,-0.005310496,0.9967345,351.8855,355.5591,359.7046,0.4204328,-0.1089931,-0.9007532,0,0,0,1.113822,-0.3292893,-0.8889385,-0.0975139,-0.2665654,2.052247,0.996928,-0.005103507,0.07815608,0.01606911,0.9899749,-0.140327,-0.07665638,0.1411518,0.9870157,moving,0.27780197888338964,-5.994509586586137,-2.720401509152695,-7.40068781348363,-0.258815,0.026283,2.0553855,0.00482202869451185,-0.10443195083843797,0.9945203738296703,-0.36731612845695255,-5.550550769121851,3.2895318214311047,3.3115798890367,2.9933288980270394
05/10/2023 16:35:57.158509,4338,True,True,True,True,Eyes,1.370982,-0.3553215,-2.935667,-0.07488057,0.03612648,0.9965379,0.0,0.0,0.0,0.0,0.0,0.0,0.0,-1.140667,-0.08387515,3.061243,1.372632,-0.3556012,-2.944282,-0.07061306,-0.03875061,-0.005559638,0.9967353,351.8829,355.5703,359.6753,0.420449,-0.1089948,-0.9007455,0,0,0,1.110823,-0.3311452,-0.8885778,-0.1007296,-0.2686094,2.052502,0.996935,-0.005610377,0.07803337,0.01655557,0.9899658,-0.1403342,-0.07646304,0.1411959,0.9870243,moving,0.1676328928731414,-6.045862097603303,-2.809621708136847,-7.455883397969088,-0.2618090000000002,0.024456000000000033,2.0557042,0.0029094686455609226,-0.10532404404021803,0.9944337027657197,-0.47622404528459394,-5.599272608257472,3.271781660109765,3.2942685116305204,2.9819034654860888
05/10/2023 16:35:57.173177,4339,True,True,True,True,Eyes,1.371043,-0.3553329,-2.935655,-0.07671445,0.03523073,0.9964305,0.0,0.0,0.0,0.0,0.0,0.0,0.0,-1.141331,-0.081956,3.06104,1.372581,-0.3556478,-2.944292,-0.07028417,-0.03863857,-0.0056117,0.9967626,351.9205,355.5837,359.6669,0.4204659,-0.1089966,-0.9007373,0,0,0,1.107887,-0.3345451,-0.888222,-0.1040139,-0.2706969,2.052763,0.9969512,-0.005755705,0.0778158,0.01661843,0.9900573,-0.1396796,-0.07623815,0.1405469,0.9871344,moving,0.049245508790401106,-6.060324183975689,-2.9007074843656575,-7.512223060068154,-0.264694,0.02110270000000003,2.05607,0.0008546927162173257,-0.10557545732490983,0.9944109536888572,-0.5910957674883224,-5.612332783124128,3.2650970356154363,3.2878918790357066,2.9906336029616734
05/10/2023 16:35:57.193158,4340,True,True,True,True,Eyes,1.371102,-0.3553445,-2.935644,-0.07848054,0.03435554,0.9963235,0.0,0.0,0.0,0.0,0.0,0.0,0.0,-1.14062,-0.07984743,3.061367,1.37256,-0.3556561,-2.944307,-0.07002267,-0.03874368,-0.005398363,0.9967782,351.9514,355.5699,359.6912,0.4204828,-0.1089986,-0.9007292,0,0,0,1.104292,-0.3376459,-0.8879948,-0.1071639,-0.2726991,2.053013,0.9969395,-0.00533607,0.07799372,0.01618781,0.9901354,-0.1391758,-0.07648169,0.1400124,0.9871914,moving,-0.04129673975090324,-6.080056316003024,-2.988033569101804,-7.566234598945653,-0.26826799999999995,0.018010199999999976,2.0563122,-0.0007167096346142043,-0.10591792640764533,0.9943746246422611,-0.6794093106580126,-5.630689284079841,3.2770367377454632,3.300300566636818,3.012653586553579
05/10/2023 16:35:57.203123,4341,True,True,True,True,Eyes,1.371184,-0.3553546,-2.935632,-0.08027516,0.03341802,0.9962124,0.0,0.0,0.0,0.0,0.0,0.0,0.0,-1.140139,-0.07850245,3.06162,1.372578,-0.3556662,-2.944338,-0.06984218,-0.03882151,-0.005295045,0.9967884,351.9726,355.5602,359.703,0.4204996,-0.1090006,-0.9007211,0,0,0,1.100474,-0.3405848,-0.8877491,-0.1106576,-0.2749197,2.05329,0.9969297,-0.005133319,0.07813329,0.01597884,0.9901881,-0.1388246,-0.07665402,0.1396469,0.9872299,moving,-0.13615817012776174,-6.1131144711794425,-3.0848471849297034,-7.62610751206477,-0.2721040000000001,0.015081399999999967,2.0565889000000004,-0.002362893017309825,-0.10649136657550226,0.9943108250788467,-0.7725927756983613,-5.661872793212343,3.2903349432133213,3.314198975285141,3.0339311929829686
05/10/2023 16:35:57.232972,4342,True,True,True,True,Eyes,1.371261,-0.355363,-2.935619,-0.08199055,0.03252063,0.9961025,0.0,0.0,0.0,0.0,0.0,0.0,0.0,-1.140363,-0.07798547,3.06156,1.372602,-0.3556643,-2.944338,-0.06979284,-0.03878548,-0.005209237,0.9967937,351.9786,355.5636,359.7124,0.4205169,-0.1090026,-0.9007128,0,0,0,1.097659,-0.3426421,-0.887462,-0.1136285,-0.2768079,2.053525,0.9969371,-0.004971172,0.07804938,0.01579897,0.9902036,-0.138734,-0.07659511,0.1395422,0.9872493,moving,-0.23949961232905195,-6.158977305046144,-3.1671399902018416,-7.676994199152123,-0.27494300000000016,0.013022199999999984,2.056876,-0.0041559184471180455,-0.1072866207231046,0.99421956404349,-0.8746288058877123,-5.70534872552025,3.2735146338003784,3.2977952442415663,3.0237383160416553
05/10/2023 16:35:57.252996,4343,True,True,True,True,Eyes,1.371329,-0.3553743,-2.93561,-0.08371751,0.03150822,0.9959913,0.0,0.0,0.0,0.0,0.0,0.0,0.0,-1.140771,-0.07792708,3.061337,1.372544,-0.3556326,-2.944294,-0.06983995,-0.03870327,-0.005067725,0.9967943,351.9739,355.572,359.7282,0.4205346,-0.1090047,-0.9007043,0,0,0,1.094733,-0.3444345,-0.8870848,-0.1168295,-0.2788429,2.05378,0.9969527,-0.00469689,0.07786623,0.01550903,0.9901934,-0.1388398,-0.07645052,0.1396244,0.9872489,moving,-0.3490580300036433,-6.2221916314359325,-3.2557679146543417,-7.731804015403465,-0.27781100000000003,0.011198100000000044,2.0572092,-0.006056287081506198,-0.1083824146883042,0.9940908573450302,-0.9835774610717212,-5.765521907304562,3.250568757152411,3.275346073830094,3.0048485462634984
05/10/2023 16:35:57.258505,4344,True,True,True,True,Eyes,1.371395,-0.3553846,-2.935601,-0.08537044,0.03053487,0.9958813,0.0,0.0,0.0,0.0,0.0,0.0,0.0,-1.140807,-0.0785988,3.061382,1.372575,-0.355666,-2.944354,-0.07002734,-0.03869261,-0.00489452,0.9967824,351.9532,355.5717,359.749,0.4205523,-0.1090068,-0.9006957,0,0,0,1.091541,-0.3457698,-0.8868455,-0.1201032,-0.2809236,2.054039,0.9969578,-0.004338462,0.07782173,0.01517662,0.9901444,-0.1392253,-0.07645074,0.1399828,0.9871981,moving,-0.4462829389249258,-6.298992346685021,-3.3463727499413696,-7.787822379077412,-0.281034,0.009896199999999966,2.0575085,-0.007742007699129597,-0.10971354518596663,0.9939331231631804,-1.081359609553972,-5.838899360713804,3.234514257296669,3.2599287994241406,2.9880738708464185
05/10/2023 16:35:57.278191,4345,True,True,True,True,Eyes,1.371461,-0.3553979,-2.935593,-0.08703052,0.02948028,0.9957694,0.0,0.0,0.0,0.0,0.0,0.0,0.0,-1.14124,-0.07859594,3.061224,1.372588,-0.3556696,-2.94435,-0.07004269,-0.03862279,-0.004862084,0.9967842,351.9515,355.5795,359.7522,0.4205699,-0.1090089,-0.9006872,0,0,0,1.087616,-0.3482896,-0.8864284,-0.1242848,-0.2835816,2.054371,0.9969693,-0.004282408,0.07767827,0.01510338,0.9901407,-0.1392593,-0.07631606,0.1400105,0.9872046,moving,-0.5501895798081231,-6.36143561609314,-3.4620455450358287,-7.8593366596468845,-0.284972,0.007379999999999998,2.0579216000000002,-0.009543352863490555,-0.1107949858266486,0.9937975104761055,-1.1848200462106864,-5.898371234310996,3.2482421789501843,3.2745400743480864,3.0051857466489786
05/10/2023 16:35:57.293349,4346,True,True,True,True,Eyes,1.371524,-0.3554074,-2.935587,-0.08862939,0.02847273,0.9956576,0.0,0.0,0.0,0.0,0.0,0.0,0.0,-1.141249,-0.07820985,3.061261,1.372556,-0.3557365,-2.944389,-0.07000855,-0.03861364,-0.004815534,0.9967873,351.9557,355.5802,359.7573,0.4205876,-0.1090112,-0.9006787,0,0,0,1.085332,-0.3499127,-0.8862578,-0.1265575,-0.2850262,2.054551,0.9969716,-0.004193555,0.07765342,0.01500669,0.9901512,-0.1391954,-0.0763049,0.1399391,0.9872156,moving,-0.643704520305366,-6.415374015063994,-3.524887010807997,-7.898185709243783,-0.28722400000000015,0.00582379999999999,2.0581312,-0.011164184398868626,-0.11172861522993174,0.9936760030757991,-1.2778135099704593,-5.949714490584057,3.2138007484933637,3.240361563772672,2.9742023145898435
05/10/2023 16:35:57.303064,4347,True,True,True,True,Eyes,1.371575,-0.3554187,-2.93558,-0.09023545,0.02743462,0.9955425,0.0,0.0,0.0,0.0,0.0,0.0,0.0,-1.140826,-0.07868567,3.061416,1.372557,-0.3556594,-2.944408,-0.07007121,-0.03868227,-0.004818718,0.9967801,351.9485,355.5723,359.7578,0.4206051,-0.1090134,-0.9006702,0,0,0,1.081881,-0.3514976,-0.8860375,-0.1296881,-0.2870161,2.054799,0.9969609,-0.004185378,0.07779073,0.01502743,0.9901336,-0.1393184,-0.07644012,0.1400639,0.9871874,moving,-0.7284397208070867,-6.482424629018949,-3.611417855994493,-7.951675971722268,-0.29067599999999993,0.004161799999999993,2.0583705,-0.012632059578028092,-0.1128894222508881,0.9935272384450137,-1.3630405134631358,-6.01377754693484,3.2085563163750312,3.235778489947073,2.968274074138364
05/10/2023 16:35:57.323334,4348,True,True,True,True,Eyes,1.371624,-0.3554293,-2.935573,-0.09178675,0.02644259,0.9954275,0.0,0.0,0.0,0.0,0.0,0.0,0.0,-1.140378,-0.07964945,3.061502,1.372527,-0.3556766,-2.944361,-0.07021921,-0.03875168,-0.004851578,0.9967668,351.9313,355.5645,359.7552,0.4206223,-0.1090157,-0.9006619,0,0,0,1.078367,-0.3528223,-0.8857527,-0.132839,-0.2890189,2.055049,0.9969496,-0.004229557,0.07793412,0.01511401,0.9900914,-0.1396084,-0.07657142,0.1403604,0.9871352,moving,-0.809802849229306,-6.556787905554654,-3.6984713599521655,-8.00548437520447,-0.29416,0.002854300000000032,2.0586083,-0.014040829964625502,-0.11417666219113867,0.9933611985086369,-1.445405401729042,-6.084922881886705,3.2036508923765186,3.231582774124417,2.9605510739926175
05/10/2023 16:35:57.343330,4349,True,True,True,True,Eyes,1.37168,-0.355441,-2.935564,-0.09335766,0.02540732,0.9953084,0.0,0.0,0.0,0.0,0.0,0.0,0.0,-1.139719,-0.08028316,3.061745,1.372532,-0.355675,-2.944374,-0.07026615,-0.03886541,-0.004982834,0.9967583,351.9253,355.5524,359.7412,0.420639,-0.1090181,-0.9006539,0,0,0,1.074633,-0.354531,-0.8855543,-0.1360327,-0.2910489,2.055303,0.9969293,-0.004471519,0.07817909,0.01539521,0.9900756,-0.1396894,-0.07677859,0.1404641,0.9871042,moving,-0.8867171072857233,-6.622647657268021,-3.7866671857870235,-8.059993355519962,-0.29789900000000014,0.0011440000000000339,2.0588197,-0.015372275580480925,-0.1153161704387308,0.9932098819885157,-1.523031223233908,-6.147895929326725,3.207933807209997,3.2366144524924585,2.9631342086072596
05/10/2023 16:35:57.358790,4350,True,True,True,True,Eyes,1.371734,-0.355454,-2.935557,-0.09487101,0.02440283,0.9951904,0.0,0.0,0.0,0.0,0.0,0.0,0.0,-1.139713,-0.08010256,3.061718,1.372567,-0.3557014,-2.94432,-0.07023441,-0.03887384,-0.005000039,0.9967602,351.9289,355.5516,359.7392,0.4206555,-0.1090205,-0.9006459,0,0,0,1.071265,-0.3567192,-0.8852102,-0.1393532,-0.2931593,2.055566,0.9969276,-0.004507118,0.07819815,0.01542824,0.9900842,-0.139625,-0.07679345,0.1404025,0.9871119,moving,-0.9730797817198864,-6.677045692963017,-3.8783245438529845,-8.116635498935224,-0.3013020000000002,-0.0010178000000000131,2.0591098,-0.016867474124593447,-0.11625629032305933,0.9930759800637441,-1.6091555557555328,-6.199736858127415,3.212958295235364,3.2423549986639184,2.970459273525567
05/10/2023 16:35:57.378246,4351,True,True,True,True,Eyes,1.371769,-0.3554702,-2.935552,-0.0963842,0.02333185,0.9950708,0.0,0.0,0.0,0.0,0.0,0.0,0.0,-1.139357,-0.07946739,3.061909,1.372561,-0.3557463,-2.94436,-0.07009365,-0.03893568,-0.00509784,0.9967673,351.9446,355.5453,359.7278,0.4206719,-0.109023,-0.9006379,0,0,0,1.067792,-0.3592332,-0.8850145,-0.1424953,-0.2951566,2.055816,0.9969161,-0.004704431,0.07833427,0.01562101,0.9901218,-0.1393372,-0.07690497,0.1401311,0.9871418,moving,-1.0528631713900964,-6.72326638979628,-3.9650153842475224,-8.170209752116994,-0.30476899999999985,-0.0034868999999999595,2.0593455,-0.018248578024951875,-0.11705454518131594,0.9929579090269463,-1.6885047850668233,-6.2437363913937,3.221720290670305,3.2518111268359937,2.9822474943838198
05/10/2023 16:35:57.393429,4352,True,True,True,True,Eyes,1.371803,-0.3554833,-2.93555,-0.09783565,0.0223101,0.9949525,0.0,0.0,0.0,0.0,0.0,0.0,0.0,-1.139246,-0.07761306,3.062036,1.372578,-0.3557849,-2.944387,-0.0698228,-0.03895498,-0.005024096,0.9967858,351.976,355.5425,359.7352,0.4206875,-0.1090258,-0.9006303,0,0,0,1.06452,-0.3623856,-0.8847716,-0.1456833,-0.2971829,2.056068,0.9969145,-0.004576005,0.07836114,0.01545579,0.9901991,-0.1388053,-0.07695796,0.1395882,0.9872146,moving,-1.1349618224671283,-6.750620246925595,-4.052935735053879,-8.22454030914673,-0.30805800000000017,-0.006600699999999959,2.0596153999999998,-0.0196702569671205,-0.1175254066536289,0.9928750636464435,-1.7690845584310388,-6.269511793757905,3.238326673524109,3.2690995861788585,3.0063454047971545
05/10/2023 16:35:57.403372,4353,True,True,True,True,Eyes,1.371816,-0.3555,-2.935551,-0.09926263,0.02124266,0.9948345,0.0,0.0,0.0,0.0,0.0,0.0,0.0,-1.139224,-0.07789278,3.062088,1.372596,-0.3557243,-2.944439,-0.06991787,-0.0389538,-0.00487982,0.99678,351.9657,355.5415,359.7523,0.4207024,-0.1090286,-0.900623,0,0,0,1.061217,-0.3640402,-0.8845213,-0.1490121,-0.2992989,2.056332,0.9969175,-0.004281082,0.07833909,0.01517535,0.9901754,-0.1390053,-0.07697435,0.1397657,0.9871882,moving,-1.2184087165148128,-6.822050971047516,-4.144693999069197,-8.281242509762057,-0.31137899999999985,-0.008315899999999987,2.0599177,-0.021113158982628326,-0.11875963610227097,0.9926985373512305,-1.853302244351829,-6.337811430719511,3.238357203336851,3.2699213295659733,3.004563284834456
05/10/2023 16:35:57.423044,4354,True,True,True,True,Eyes,1.371828,-0.3555145,-2.93555,-0.1006224,0.02022101,0.9947192,0.0,0.0,0.0,0.0,0.0,0.0,0.0,-1.139117,-0.07896796,3.062164,1.372592,-0.3557743,-2.944501,-0.0700345,-0.03897618,-0.005042126,0.9967701,351.9516,355.5402,359.7343,0.4207161,-0.1090316,-0.9006162,0,0,0,1.057969,-0.3654112,-0.8843322,-0.1520755,-0.301246,2.056575,0.9969109,-0.004592327,0.07840683,0.01551103,0.9901395,-0.1392235,-0.07699434,0.1400096,0.987152,moving,-1.2935537618102828,-6.895427966880979,-4.229096810479674,-8.333391146797734,-0.3146230000000001,-0.009636900000000004,2.0601687999999996,-0.0224116515015972,-0.12002746678882749,0.9925175910627722,-1.9296216767271506,-6.408052050499763,3.236498827815157,3.2688149377698776,2.9990859484982537
05/10/2023 16:35:57.443106,4355,True,True,True,True,Eyes,1.371796,-0.3555317,-2.935551,-0.1020106,0.0191465,0.994599,0.0,0.0,0.0,0.0,0.0,0.0,0.0,-1.13997,-0.07945043,3.061783,1.372595,-0.3557391,-2.944451,-0.07006308,-0.0388431,-0.005162025,0.9967727,351.9478,355.5565,359.7195,0.4207288,-0.1090347,-0.9006099,0,0,0,1.055256,-0.3671534,-0.8839198,-0.1552608,-0.3032705,2.056828,0.9969291,-0.004847796,0.0781588,0.01573366,0.9901291,-0.1392729,-0.07671214,0.1400749,0.9871648,moving,-1.3885286385360276,-6.961550931735432,-4.316816877110582,-8.387583594721837,-0.31733900000000004,-0.011414300000000044,2.0605312,-0.024053481696621234,-0.12116818308235898,0.9923404774584172,-2.024668697760384,-6.471142437540512,3.2241072951289573,3.257060202710132,2.9877566810295857
05/10/2023 16:35:57.458839,4356,True,True,True,True,Eyes,1.371767,-0.3555484,-2.935549,-0.1033458,0.0181186,0.9944804,0.0,0.0,0.0,0.0,0.0,0.0,0.0,-1.139674,-0.07938227,3.061864,1.372535,-0.3557319,-2.944448,-0.07011905,-0.03887386,-0.004996101,0.9967684,351.9421,355.5516,359.7391,0.4207393,-0.1090381,-0.9006046,0,0,0,1.051787,-0.3690136,-0.8836357,-0.1585533,-0.3053635,2.057089,0.9969277,-0.004508315,0.07819713,0.01541151,0.9901168,-0.1393965,-0.07679583,0.1401733,0.9871442,moving,-1.4632709127177863,-7.025988404475736,-4.407446244923617,-8.443582042926886,-0.32074800000000003,-0.013281700000000007,2.0608123,-0.02534448501170415,-0.12228023541268362,0.9921719130950394,-2.100125654498932,-6.532759412536626,3.2338743057460326,3.2676811519097884,2.995825667793316
05/10/2023 16:35:57.473311,4357,True,True,True,True,Eyes,1.371717,-0.3555714,-2.935548,-0.1047781,0.01702329,0.99435,0.0,0.0,0.0,0.0,0.0,0.0,0.0,-1.139399,-0.07940096,3.061924,1.372571,-0.355738,-2.944386,-0.07017877,-0.03891924,-0.004862711,0.9967631,351.9359,355.5452,359.7551,0.4207481,-0.1090417,-0.9006001,0,0,0,1.048549,-0.3707336,-0.883321,-0.161644,-0.3073278,2.057334,0.9969233,-0.004231334,0.07826903,0.01515655,0.9901026,-0.1395247,-0.07690399,0.1402817,0.9871205,moving,-1.5418335090693545,-7.094930831073525,-4.49247985969992,-8.496109214668278,-0.32402200000000003,-0.014995599999999998,2.061065,-0.026700944136138417,-0.12346965439480764,0.9919891477067178,-2.179503729563712,-6.5986947866335575,3.23189114711838,3.266437623641798,2.9916617606765294
05/10/2023 16:35:57.493119,4358,True,True,True,True,Eyes,1.371672,-0.355593,-2.935546,-0.1061478,0.01595809,0.9942223,0.0,0.0,0.0,0.0,0.0,0.0,0.0,-1.139741,-0.07876867,3.061838,1.372652,-0.3558481,-2.944362,-0.07014107,-0.0388721,-0.004748797,0.9967681,351.9407,355.5498,359.7677,0.4207546,-0.1090457,-0.9005965,0,0,0,1.045689,-0.3729784,-0.8829837,-0.1647753,-0.3093181,2.057583,0.9969329,-0.004013838,0.07815911,0.01491996,0.9901153,-0.1394596,-0.07682676,0.140198,0.9871384,moving,-1.6273893987444745,-7.15110965144226,-4.578587895680059,-8.549301127259234,-0.3269629999999999,-0.017130299999999987,2.0613783,-0.02817874894726745,-0.12443718524859643,0.9918272747478526,-2.264944941978963,-6.6522602879947,3.2304126355647873,3.2656564380476554,2.9919404511200116
05/10/2023 16:35:57.513526,4359,True,True,True,True,Eyes,1.371598,-0.355617,-2.935545,-0.1075849,0.01484819,0.994085,0.0,0.0,0.0,0.0,0.0,0.0,0.0,-1.140166,-0.07771528,3.061694,1.372686,-0.3558322,-2.944335,-0.06997121,-0.03880921,-0.004737011,0.9967825,351.9603,355.557,359.7678,0.4207594,-0.1090501,-0.9005937,0,0,0,1.042702,-0.3756648,-0.8826336,-0.1680174,-0.311379,2.05784,0.9969428,-0.004012485,0.07803158,0.01487459,0.9901632,-0.1391245,-0.07670577,0.1398598,0.9871957,moving,-1.7180672823595065,-7.19549026179369,-4.6677008781583575,-8.604354091414612,-0.32998400000000006,-0.019832600000000034,2.0617014,-0.02974552971097292,-0.1251997170369003,0.9916855353363685,-2.354696908773313,-6.694401689566047,3.2328749760680457,3.268827869417322,2.99965090297489
05/10/2023 16:35:57.523129,4360,True,True,True,True,Eyes,1.371527,-0.3556382,-2.935544,-0.1089653,0.01378385,0.99395,0.0,0.0,0.0,0.0,0.0,0.0,0.0,-1.140373,-0.07787162,3.061604,1.372674,-0.3558415,-2.94433,-0.06995577,-0.03877817,-0.004842191,0.9967844,351.9616,355.5615,359.7554,0.4207618,-0.1090548,-0.900592,0,0,0,1.039566,-0.3776362,-0.8823321,-0.1711945,-0.3133985,2.058092,0.9969456,-0.004227725,0.07798444,0.01507875,0.9901655,-0.1390861,-0.07662947,0.1398372,0.9872049,moving,-1.8010790670894816,-7.255880105573241,-4.75498337669753,-8.658271604373269,-0.33310799999999996,-0.0217947,2.0619978999999997,-0.031178140903234,-0.12623937535717095,0.9915097464292333,-2.43790946577216,-6.7520501043044545,3.2331950309004207,3.2699010055699835,3.0004186234616648
05/10/2023 16:35:57.543244,4361,True,True,True,True,Eyes,1.371415,-0.3556604,-2.935545,-0.1104054,0.01269382,0.9938056,0.0,0.0,0.0,0.0,0.0,0.0,0.0,-1.140462,-0.07835317,3.06157,1.372697,-0.3557982,-2.944336,-0.06995247,-0.03877551,-0.005024406,0.9967839,351.9612,355.5632,359.7343,0.4207622,-0.1090598,-0.9005912,0,0,0,1.036015,-0.3796504,-0.8820367,-0.1746747,-0.3156107,2.058368,0.9969425,-0.004591608,0.07800454,0.01544138,0.9901628,-0.1390653,-0.07659867,0.1398446,0.9872062,moving,-1.8837883689014097,-7.3198059473219335,-4.850542938897037,-8.717301221384886,-0.33668200000000015,-0.02385219999999999,2.0622993,-0.032604778323133465,-0.12733974200220688,0.9913231433513607,-2.521018080985855,-6.813113066790733,3.241813028490019,3.279424601910864,3.0087569844909043
05/10/2023 16:35:57.563334,4362,True,True,True,True,Eyes,1.371308,-0.3556839,-2.935547,-0.1117945,0.01165622,0.993663,0.0,0.0,0.0,0.0,0.0,0.0,0.0,-1.140181,-0.07934833,3.061632,1.372687,-0.3557546,-2.944328,-0.07004217,-0.03882637,-0.005184932,0.9967747,351.9501,355.5586,359.7166,0.4207596,-0.1090651,-0.9005917,0,0,0,1.032798,-0.380935,-0.8818087,-0.1775814,-0.3174582,2.058599,0.9969313,-0.004897452,0.07812861,0.01577538,0.9901344,-0.1392299,-0.07667595,0.1400351,0.9871731,moving,-1.957519265478627,-7.391229552181737,-4.930313818360877,-8.766570797193353,-0.3398889999999999,-0.025180400000000047,2.0625193,-0.03387501016635825,-0.1285699674546498,0.9911217293647019,-2.5958708898457177,-6.88147935346237,3.237204734434674,3.2755260636845,3.0005322090792816
05/10/2023 16:35:57.573132,4363,True,True,True,True,Eyes,1.371189,-0.3557081,-2.935549,-0.1132718,0.01056196,0.993508,0.0,0.0,0.0,0.0,0.0,0.0,0.0,-1.139687,-0.08008751,3.061817,1.37269,-0.3558091,-2.944341,-0.07014815,-0.03890902,-0.005240064,0.9967637,351.9377,355.5495,359.7114,0.4207546,-0.1090708,-0.9005934,0,0,0,1.02914,-0.3825204,-0.8815867,-0.1808417,-0.3195303,2.058857,0.9969172,-0.004987419,0.07830137,0.015905,0.9901036,-0.1394345,-0.07683105,0.14025,0.9871307,moving,-2.033440281599407,-7.4669267504970165,-5.019747395592344,-8.821805932057735,-0.34355,-0.026711299999999993,2.0627543,-0.03518226327100833,-0.1298734320554261,0.9909063032070975,-2.6730613161122534,-6.953953110638952,3.2401059768682194,3.279287693343094,2.9993015383765185
05/10/2023 16:35:57.593245,4364,True,True,True,True,Eyes,1.371075,-0.355733,-2.935551,-0.1146891,0.009513092,0.9933559,0.0,0.0,0.0,0.0,0.0,0.0,0.0,-1.139496,-0.08042619,3.061875,1.372676,-0.3558137,-2.944343,-0.07016623,-0.03894177,-0.005331244,0.9967607,351.9352,355.5464,359.7012,0.420747,-0.1090768,-0.9005963,0,0,0,1.025411,-0.3845494,-0.8813041,-0.1843441,-0.3217565,2.059135,0.9969102,-0.005163155,0.07837941,0.01609275,0.9900965,-0.1394627,-0.07688312,0.1402931,0.9871205,moving,-2.1113997166780054,-7.53028798087183,-5.1157676739782865,-8.88111156758232,-0.34726499999999993,-0.028735699999999975,2.0630389,-0.036525223049708656,-0.13096283289622074,0.9907142257603782,-2.751561946951111,-7.014507161517069,3.2539181068771317,3.294078199628244,3.0122550902024057
05/10/2023 16:35:57.603318,4365,True,True,True,True,Eyes,1.370941,-0.3557572,-2.935553,-0.1161913,0.008416405,0.9931911,0.0,0.0,0.0,0.0,0.0,0.0,0.0,-1.139517,-0.08045855,3.061853,1.372674,-0.3558562,-2.944325,-0.07019028,-0.03893695,-0.005304302,0.9967593,351.9326,355.5468,359.7044,0.4207372,-0.1090831,-0.9006001,0,0,0,1.022567,-0.3862436,-0.8810288,-0.1871779,-0.3235578,2.05936,0.9969116,-0.005108233,0.07836616,0.01604022,0.9900904,-0.1395126,-0.07687692,0.1403387,0.9871144,moving,-2.199505495176695,-7.596108656383211,-5.193417708554643,-8.92907192901236,-0.35010699999999995,-0.03038740000000001,2.0632962,-0.0380428750278283,-0.13209336694789417,0.9905068890502529,-2.8399723372736574,-7.077357815238436,3.2365391090079494,3.2772399099839875,2.994586828721693
05/10/2023 16:35:57.628075,4366,True,True,True,True,Eyes,1.370789,-0.3557825,-2.935556,-0.1177832,0.007284456,0.9930126,0.0,0.0,0.0,0.0,0.0,0.0,0.0,-1.139465,-0.08003858,3.061852,1.372655,-0.3558071,-2.944308,-0.07013842,-0.03894028,-0.00524354,0.9967631,351.9388,355.5459,359.7112,0.420725,-0.1090897,-0.900605,0,0,0,1.019177,-0.3884877,-0.8807187,-0.1905123,-0.325677,2.059624,0.9969123,-0.004990716,0.07836401,0.01591555,0.9901062,-0.1394144,-0.07689293,0.1402311,0.9871285,moving,-2.2921723353570385,-7.6549620693580955,-5.284740551424835,-8.985469990520311,-0.35347799999999996,-0.032680600000000004,2.0635893,-0.03963941627516329,-0.1331024753788706,0.9903092532060869,-2.932409142830757,-7.133450506490343,3.233548492168687,3.275013871130105,2.993900336531734
05/10/2023 16:35:57.643306,4367,True,True,True,True,Eyes,1.370644,-0.3558088,-2.935559,-0.1193041,0.006193975,0.9928385,0.0,0.0,0.0,0.0,0.0,0.0,0.0,-1.139931,-0.07957903,3.061649,1.372663,-0.3558049,-2.94426,-0.07010675,-0.03886184,-0.005143042,0.996769,351.9429,355.5542,359.722,0.42071,-0.1090966,-0.9006111,0,0,0,1.016432,-0.3905551,-0.8803404,-0.1935839,-0.3276296,2.059868,0.9969266,-0.004803894,0.07819367,0.0157018,0.9901171,-0.1393607,-0.07675143,0.1401602,0.9871496,moving,-2.390514809800312,-7.713397966084095,-5.3688191976893345,-9.03740276423494,-0.35623099999999996,-0.03475020000000001,2.0639195999999997,-0.04133349981772907,-0.13410321814570936,0.9901050395595118,-3.0302941029616264,-7.189097345225348,3.217300039814022,3.2593382353547575,2.9807603963773173
05/10/2023 16:35:57.658658,4368,True,True,True,True,Eyes,1.370506,-0.3558354,-2.935561,-0.120755,0.005142605,0.992669,0.0,0.0,0.0,0.0,0.0,0.0,0.0,-1.140441,-0.07905021,3.061532,1.372692,-0.355852,-2.944304,-0.07009444,-0.03877578,-0.00498326,0.9967741,351.945,355.5628,359.7397,0.4206929,-0.1091038,-0.9006183,0,0,0,1.013665,-0.3926835,-0.8800335,-0.1967505,-0.3296424,2.060119,0.9969432,-0.004498436,0.07799996,0.0153703,0.9901239,-0.1393502,-0.07660277,0.1401231,0.9871664,moving,-2.4861860655772063,-7.771212043009376,-5.455454593863054,-9.090910388387266,-0.359027,-0.03683150000000002,2.0642704999999997,-0.042980863028836615,-0.13509280136940127,0.9899002679076566,-3.12557149187995,-7.244164336991068,3.206643086960113,3.2493321338179557,2.973016355026299
05/10/2023 16:35:57.673312,4369,True,True,True,True,Eyes,1.370357,-0.3558604,-2.935565,-0.1222908,0.004014573,0.9924862,0.0,0.0,0.0,0.0,0.0,0.0,0.0,-1.140977,-0.0782851,3.061347,1.372704,-0.3558852,-2.944288,-0.07006296,-0.03868142,-0.004773941,0.996781,351.9496,355.572,359.7629,0.4206739,-0.1091112,-0.9006262,0,0,0,1.010748,-0.3950207,-0.879643,-0.2001017,-0.3317726,2.060385,0.9969619,-0.004096879,0.07778276,0.01493742,0.9901368,-0.1393055,-0.07644485,0.1400442,0.9871898,moving,-2.5882240214338137,-7.830729886000958,-5.547089267960044,-9.147505757538172,-0.36195599999999994,-0.03913549999999999,2.0646449999999996,-0.04473741682993342,-0.1361105161593821,0.9896830324289004,-3.2270756424139666,-7.300827296968731,3.1952645635467185,3.2386389491518375,2.9652461212267984
05/10/2023 16:35:57.693125,4370,True,True,True,True,Eyes,1.370214,-0.3558853,-2.93557,-0.1237644,0.00293248,0.9923073,0.0,0.0,0.0,0.0,0.0,0.0,0.0,-1.141461,-0.07787037,3.061169,1.372664,-0.3558306,-2.944305,-0.06998348,-0.03859649,-0.004782845,0.9967898,351.9587,355.5819,359.7609,0.4206529,-0.1091189,-0.9006351,0,0,0,1.007736,-0.3973033,-0.8793141,-0.2033791,-0.3338558,2.060645,0.9969749,-0.004132749,0.07761461,0.01493721,0.9901589,-0.1391484,-0.07627572,0.1398868,0.9872252,moving,-2.6839279704990164,-7.884159965961993,-5.636655960909402,-9.20282147065413,-0.36492800000000014,-0.04147270000000003,2.0649908999999997,-0.0463845786603012,-0.13702306122070618,0.9894812556768385,-3.322151954166162,-7.351663458422334,3.1897015287169563,3.2338012847591426,2.963733251067053
05/10/2023 16:35:57.708252,4371,True,True,True,True,Eyes,1.370098,-0.3559075,-2.935572,-0.1253411,0.001784885,0.992112,0.0,0.0,0.0,0.0,0.0,0.0,0.0,-1.14148,-0.07789671,3.061202,1.37267,-0.3558552,-2.944342,-0.06999578,-0.03859325,-0.004771503,0.9967892,351.9573,355.5822,359.7622,0.4206304,-0.1091268,-0.9006447,0,0,0,1.004771,-0.3990958,-0.8790837,-0.2063314,-0.335732,2.060879,0.9969755,-0.004109635,0.07760664,0.01491509,0.9901556,-0.1391738,-0.07627069,0.1399104,0.9872223,moving,-2.776469139328068,-7.951649894063466,-5.717295727400365,-9.252614645605297,-0.367899,-0.04324060000000002,2.0652583,-0.04797489861020058,-0.138178091672861,0.9892446723600087,-3.414925834768333,-7.416091388647209,3.1710986102304353,3.215737910008719,2.9451188084432816
05/10/2023 16:35:57.728466,4372,True,True,True,True,Eyes,1.369987,-0.3559265,-2.935577,-0.1268587,0.0006931991,0.9919206,0.0,0.0,0.0,0.0,0.0,0.0,0.0,-1.141447,-0.07789078,3.061191,1.372687,-0.3558305,-2.944311,-0.06998713,-0.03860248,-0.004781337,0.9967893,351.9583,355.5812,359.7611,0.4206071,-0.1091347,-0.9006547,0,0,0,1.001356,-0.4011583,-0.878762,-0.2096797,-0.3378606,2.061145,0.996974,-0.00412862,0.07762633,0.01493532,0.9901579,-0.1391557,-0.0762878,0.139894,0.9872233,moving,-2.863990439032095,-8.013732123568305,-5.808700548780888,-9.309073294663136,-0.3713310000000001,-0.04532780000000003,2.065549,-0.049478525699862295,-0.1392396897213502,0.9890218760451726,-3.502574552365136,-7.475338842608331,3.171550779900009,3.217021352119081,2.9463195943409266
05/10/2023 16:35:57.743214,4373,True,True,True,True,Eyes,1.369901,-0.3559443,-2.935576,-0.128488,-0.000453949,0.991711,0.0,0.0,0.0,0.0,0.0,0.0,0.0,-1.141201,-0.07893312,3.061299,1.372694,-0.3557774,-2.94436,-0.07009865,-0.03864774,-0.004901415,0.9967791,351.9449,355.5769,359.7481,0.4205832,-0.1091425,-0.9006649,0,0,0,0.9979292,-0.4025125,-0.8785589,-0.212842,-0.3398704,2.061396,0.9969647,-0.004352945,0.07773368,0.01518956,0.9901243,-0.1393669,-0.07635935,0.1401246,0.9871851,moving,-2.953101428564883,-8.09391396570605,-5.894979538691096,-9.362351498663323,-0.3747648000000001,-0.046735099999999974,2.0658011,-0.05100667431809484,-0.1406128026280601,0.9887499373687894,-3.5927157024177534,-7.5520405005044315,3.1575624166009355,3.203682348463173,2.9287616294036445
05/10/2023 16:35:57.758586,4374,True,True,True,True,Eyes,1.369819,-0.3559618,-2.935578,-0.130063,-0.001553911,0.9915045,0.0,0.0,0.0,0.0,0.0,0.0,0.0,-1.141016,-0.07945761,3.061254,1.372658,-0.3557926,-2.94427,-0.07015856,-0.03867609,-0.004975554,0.9967734,351.9377,355.5742,359.7401,0.4205596,-0.1091502,-0.900675,0,0,0,0.9946233,-0.4041287,-0.8782138,-0.2159274,-0.3418316,2.061641,0.9969588,-0.004492083,0.07780073,0.01534592,0.990106,-0.1394795,-0.07640442,0.1402492,0.9871638,moving,-3.041371744870524,-8.16504373879255,-5.979114032613084,-9.41431279948957,-0.37803469999999995,-0.04833609999999999,2.0660562,-0.05252068091466425,-0.14182902313997225,0.9884968782955599,-3.6815663458255523,-7.620013219658215,3.1455811941997287,3.1923350286593832,2.915173469151658
05/10/2023 16:35:57.773065,4375,True,True,True,True,Eyes,1.369772,-0.3559796,-2.935579,-0.1317675,-0.002730098,0.9912769,0.0,0.0,0.0,0.0,0.0,0.0,0.0,-1.140157,-0.07964015,3.061617,1.372655,-0.3558039,-2.94432,-0.07017172,-0.03881648,-0.005009999,0.9967668,351.936,355.5583,359.7373,0.4205362,-0.1091578,-0.900685,0,0,0,0.9906706,-0.4061019,-0.8780757,-0.2192427,-0.3439388,2.061904,0.9969364,-0.004539962,0.07808508,0.01543524,0.9901016,-0.1395008,-0.07667884,0.1402786,0.9871384,moving,-3.124617560552743,-8.23475992013422,-6.069467203054485,-9.470112229008098,-0.3819844,-0.05029800000000001,2.0662442999999997,-0.053947479383817436,-0.1430208071169382,0.9882483180682384,-3.765499264833201,-7.686659834262076,3.1458857379656147,3.1934675110266357,2.9135838248927994
05/10/2023 16:35:57.783305,4376,True,True,True,True,Eyes,1.369728,-0.355997,-2.935579,-0.1334049,-0.003867912,0.9910541,0.0,0.0,0.0,0.0,0.0,0.0,0.0,-1.139868,-0.07947868,3.061758,1.372675,-0.3558671,-2.944335,-0.07014537,-0.03886782,-0.00503017,0.9967666,351.939,355.5526,359.7353,0.4205139,-0.1091652,-0.9006945,0,0,0,0.9872418,-0.4082203,-0.8778495,-0.2224308,-0.3459654,2.062157,0.996928,-0.004575016,0.07818998,0.01548061,0.9901087,-0.1394461,-0.07677861,0.1402281,0.9871379,moving,-3.2143777014063395,-8.297660267876747,-6.156303182680717,-9.523746554323932,-0.38543320000000014,-0.05235319999999999,2.0664855,-0.055486888510872315,-0.14409346609632293,0.9880072547536227,-3.855349232735361,-7.746679836093002,3.1389093750192663,3.1871951805914436,2.9072934493809157
05/10/2023 16:35:57.803311,4377,True,True,True,True,Eyes,1.369706,-0.3560128,-2.93558,-0.1351589,-0.00506553,0.990811,0.0,0.0,0.0,0.0,0.0,0.0,0.0,-1.139784,-0.07885164,3.061814,1.372689,-0.3558723,-2.944335,-0.07003421,-0.03888552,-0.005048945,0.9967737,351.9516,355.5507,359.7327,0.4204927,-0.1091725,-0.9007035,0,0,0,0.9840378,-0.4105789,-0.8776026,-0.2255285,-0.3479344,2.062403,0.9969248,-0.004618677,0.0782273,0.01551194,0.9901394,-0.1392239,-0.07681292,0.1400092,0.9871662,moving,-3.314860632801332,-8.354341478176838,-6.240628787422541,-9.575826889780256,-0.3886512000000001,-0.05470660000000005,2.0667324000000002,-0.057211389414783674,-0.14505666140467222,0.9877679117423037,-3.9552041211781512,-7.800617195485912,3.1216743825305864,3.170511931117049,2.893878947674712
05/10/2023 16:35:57.828028,4378,True,True,True,True,Eyes,1.369687,-0.3560282,-2.93558,-0.1368392,-0.006212986,0.9905738,0.0,0.0,0.0,0.0,0.0,0.0,0.0,-1.139678,-0.07826135,3.061895,1.372701,-0.3558691,-2.944358,-0.06996932,-0.03890117,-0.004966646,0.996778,351.9594,355.5482,359.7421,0.420473,-0.1091795,-0.9007118,0,0,0,0.9807749,-0.4128627,-0.8773572,-0.2287303,-0.3499695,2.062656,0.996924,-0.00445751,0.07824668,0.01534506,0.9901593,-0.1391013,-0.07685663,0.1398742,0.987182,moving,-3.4122401530466933,-8.41231242402061,-6.327742408096531,-9.629631513496596,-0.39192609999999994,-0.05699360000000003,2.0670007999999997,-0.058881483472455115,-0.14604178800992393,0.9875245759762454,-4.052136296738801,-7.855822640441569,3.1099507396117567,3.1594333613487295,2.885269674082026
05/10/2023 16:35:57.845109,4379,True,True,True,True,Eyes,1.369695,-0.3560415,-2.93558,-0.1385932,-0.007405627,0.9903218,0.0,0.0,0.0,0.0,0.0,0.0,0.0,-1.13989,-0.07833147,3.061835,1.372735,-0.3558764,-2.944362,-0.07000589,-0.03886943,-0.004910892,0.9967769,351.9555,355.5515,359.7484,0.4204548,-0.1091864,-0.9007195,0,0,0,0.9776868,-0.4147371,-0.8770423,-0.231965,-0.3520253,2.062912,0.9969301,-0.004347949,0.07817589,0.01523231,0.9901501,-0.1391787,-0.07680072,0.1399423,0.9871767,moving,-3.519349766324109,-8.4848402590405,-6.415698420105983,-9.683950649952035,-0.39504820000000007,-0.058860700000000044,2.0673196999999996,-0.060716249889903144,-0.14727552284910345,0.987230288899998,-4.159218855575875,-7.925001942804067,3.0847956095092584,3.134756968866341,2.8610488600370827
05/10/2023 16:35:57.858690,4380,True,True,True,True,Eyes,1.369705,-0.3560528,-2.935581,-0.1402739,-0.008542569,0.9900759,0.0,0.0,0.0,0.0,0.0,0.0,0.0,-1.140082,-0.07845575,3.061796,1.372772,-0.3558704,-2.944383,-0.07003814,-0.03884227,-0.004880579,0.9967759,351.9519,355.5543,359.7518,0.4204386,-0.1091929,-0.9007263,0,0,0,0.9745229,-0.4166309,-0.876745,-0.2352485,-0.3541124,2.063173,0.996935,-0.004288807,0.07811773,0.01517057,0.9901417,-0.1392455,-0.07675042,0.1400038,0.9871719,moving,-3.6214818509787055,-8.553941942106112,-6.504924456018929,-9.73905994705201,-0.39824910000000013,-0.06076050000000005,2.067638,-0.06246483489598006,-0.14845000553059057,0.9869451709829302,-4.2613221887272195,-7.990912652713411,3.066953529355042,3.1174903275243846,2.8442521154953657
05/10/2023 16:35:57.877026,4381,True,True,True,True,Eyes,1.369764,-0.3560601,-2.935578,-0.1420471,-0.009722841,0.9898122,0.0,0.0,0.0,0.0,0.0,0.0,0.0,-1.140317,-0.0790762,3.06172,1.372819,-0.3558373,-2.944394,-0.07014076,-0.03881004,-0.004868487,0.99677,351.9402,355.5579,359.7534,0.4204243,-0.1091992,-0.9007322,0,0,0,0.9714885,-0.4181283,-0.8764344,-0.2384276,-0.3561334,2.063426,0.9969402,-0.004261192,0.07805232,0.01514986,0.9901132,-0.1394505,-0.0766864,0.1402063,0.9871481,moving,-3.7296063024273005,-8.633840233774071,-6.591260901691349,-9.792392040602568,-0.40133050000000003,-0.062290999999999985,2.0679596,-0.06431388916223105,-0.1498085187031778,0.9866211202427959,-4.369773902414415,-8.067196810045425,3.0363816744840766,3.0872818683422247,2.8127038719875137
05/10/2023 16:35:57.883126,4382,True,True,True,True,Eyes,1.369822,-0.3560723,-2.935574,-0.1437525,-0.01086489,0.989554,0.0,0.0,0.0,0.0,0.0,0.0,0.0,-1.140798,-0.08009365,3.061482,1.372766,-0.3558248,-2.944386,-0.07021809,-0.03873222,-0.005087746,0.9967664,351.9304,355.5687,359.7278,0.4204129,-0.1092049,-0.9007369,0,0,0,0.9684989,-0.4195684,-0.876089,-0.2415538,-0.3581203,2.063673,0.9969478,-0.004703183,0.07792846,0.01558199,0.9900871,-0.1395879,-0.07649945,0.1403762,0.9871385,moving,-3.8369179974651826,-8.711469184833346,-6.676116514156962,-9.844802927146723,-0.4042670999999999,-0.06374360000000001,2.0682970000000003,-0.06614822643568397,-0.15112696124891797,0.9862986361797544,-4.477321865842158,-8.141297190340962,3.0058090152344423,3.0570400044243526,2.781479768178795
05/10/2023 16:35:57.903087,4383,True,True,True,True,Eyes,1.369938,-0.3560793,-2.935571,-0.1455864,-0.01203431,0.9892723,0.0,0.0,0.0,0.0,0.0,0.0,0.0,-1.140382,-0.07900095,3.061665,1.372791,-0.355955,-2.944358,-0.07013136,-0.03879747,-0.00491048,0.9967709,351.9411,355.5597,359.7484,0.4204041,-0.1092104,-0.9007403,0,0,0,0.9650381,-0.4221718,-0.875825,-0.2448033,-0.3601858,2.063931,0.9969413,-0.004347408,0.07803313,0.01523109,0.990115,-0.1394288,-0.07665562,0.1401908,0.9871527,moving,-3.9388414365357294,-8.76705037215509,-6.764262125984252,-9.89925043673583,-0.4077529000000001,-0.06621679999999996,2.068533,-0.06789275485247763,-0.15206580977350403,0.9860357353391894,-4.578506787947866,-8.19416212091564,2.991989025339083,3.043826384437916,2.7721566626908163
05/10/2023 16:35:57.923379,4384,True,True,True,True,Eyes,1.370051,-0.3560851,-2.935566,-0.1473487,-0.01313188,0.9889975,0.0,0.0,0.0,0.0,0.0,0.0,0.0,-1.139579,-0.07972586,3.062063,1.372892,-0.3559194,-2.944438,-0.07020937,-0.03894664,-0.00498346,0.9967592,351.9318,355.543,359.7416,0.4203992,-0.1092153,-0.9007419,0,0,0,0.9613226,-0.4236883,-0.8757436,-0.2479346,-0.3621761,2.064179,0.9969167,-0.004465781,0.07834063,0.01540346,0.9900916,-0.1395755,-0.07694109,0.1403519,0.9871076,moving,-4.024716341857176,-8.840326056984113,-6.8491522241081695,-9.951688559338674,-0.4115694,-0.06776890000000002,2.0686944,-0.06935705093322607,-0.15331126652617416,0.9857410388698752,-4.665162528538153,-8.264223783357323,2.98278034608887,3.035220694543766,2.7599544127636966
05/10/2023 16:35:57.943246,4385,True,True,True,True,Eyes,1.3702,-0.3560887,-2.935555,-0.1493845,-0.01428343,0.988676,0.0,0.0,0.0,0.0,0.0,0.0,0.0,-1.139567,-0.08187312,3.061978,1.372938,-0.3558995,-2.944385,-0.07050512,-0.03896083,-0.005120344,0.9967372,351.8972,355.5424,359.7272,0.4203976,-0.1092199,-0.9007421,0,0,0,0.9580548,-0.4242798,-0.8753887,-0.2510922,-0.3641832,2.06443,0.9969117,-0.004713399,0.07838942,0.01570115,0.9900056,-0.1401512,-0.07694538,0.1409491,0.9870222,moving,-4.1419412673558345,-8.942691561938943,-6.9347010411542165,-10.004535201535836,-0.4148832,-0.0683803,2.0689963000000002,-0.0713540861622764,-0.155050253178581,0.9853263375988784,-4.783577457164457,-8.362120071770049,2.9353725300370908,2.9878117526207646,2.7064478809096837
05/10/2023 16:35:57.958566,4386,True,True,True,True,Eyes,1.370344,-0.3560911,-2.935543,-0.151336,-0.01539185,0.9883625,0.0,0.0,0.0,0.0,0.0,0.0,0.0,-1.139521,-0.08334216,3.061831,1.372901,-0.3559133,-2.944271,-0.07067704,-0.03897046,-0.005302782,0.9967237,351.8767,355.5427,359.707,0.4204001,-0.1092239,-0.9007404,0,0,0,0.9546561,-0.4254167,-0.8749856,-0.2542944,-0.3662186,2.064684,0.9969064,-0.005062184,0.07843514,0.01607945,0.9899533,-0.1404777,-0.076936,0.1413043,0.9869721,moving,-4.254212492845137,-9.029050615425595,-7.021407086637594,-10.058098878051394,-0.4182448999999999,-0.06950339999999999,2.0692854,-0.07326757765217423,-0.1565134337537804,0.9849544824347248,-4.896368693962056,-8.444607524196192,2.8997273711361435,2.952339114452704,2.668172130749913
05/10/2023 16:35:57.973114,4387,True,True,True,True,Eyes,1.370526,-0.3560888,-2.935527,-0.1533792,-0.01661088,0.9880278,0.0,0.0,0.0,0.0,0.0,0.0,0.0,-1.140064,-0.08371085,3.061601,1.372905,-0.3558833,-2.944255,-0.07057836,-0.03889955,-0.00568006,0.9967314,351.8864,355.554,359.6625,0.4204062,-0.1092274,-0.9007372,0,0,0,0.9515039,-0.4275268,-0.8746601,-0.2575349,-0.3682783,2.064941,0.9969091,-0.005832054,0.07834657,0.01681392,0.9899728,-0.1402534,-0.07674301,0.1411372,0.987011,moving,-4.3790136554749735,-9.093577288295117,-7.109095716091883,-10.112270704988234,-0.4214011000000001,-0.07164349999999997,2.0695949000000002,-0.07539966247457312,-0.15759748372134771,0.9846207178011614,-5.020078278405935,-8.50593178796807,2.8611467266633483,2.9139465223157686,2.6352075006134674
05/10/2023 16:35:57.993195,4388,True,True,True,True,Eyes,1.3707,-0.3560869,-2.935515,-0.1553488,-0.01779566,0.9876994,0.0,0.0,0.0,0.0,0.0,0.0,0.0,-1.140432,-0.08140969,3.061449,1.372833,-0.3558268,-2.944215,-0.07024556,-0.03882508,-0.005549745,0.9967585,351.9251,355.5617,359.6754,0.4204164,-0.1092302,-0.900732,0,0,0,0.9485675,-0.4308982,-0.8743145,-0.2607185,-0.3703019,2.065194,0.9969236,-0.005608931,0.07817814,0.01651809,0.9900695,-0.1396048,-0.07661876,0.1404666,0.9871163,moving,-4.504767307095631,-9.122747516953686,-7.195189026864753,-10.165459731794508,-0.42426549999999996,-0.07507140000000001,2.0699004999999997,-0.07755457602324198,-0.15807254437500817,0.9843771626715552,-5.142830099660856,-8.533129667181568,2.832191592207146,2.8854146657254818,2.62234219847693
05/10/2023 16:35:58.002912,4389,True,True,True,True,Eyes,1.3709,-0.356085,-2.935504,-0.1573635,-0.01908396,0.9873564,0.0,0.0,0.0,0.0,0.0,0.0,0.0,-1.139533,-0.08001843,3.061872,1.372825,-0.3558297,-2.944271,-0.07009678,-0.03896211,-0.00534431,0.9967647,351.9431,355.5442,359.6996,0.4204301,-0.1092326,-0.9007254,0,0,0,0.9448221,-0.4336415,-0.8742115,-0.2639384,-0.3723484,2.065449,0.9969068,-0.005191803,0.07842135,0.01611628,0.9901157,-0.1393235,-0.07692288,0.1401564,0.9871368,moving,-4.609843660051503,-9.177661540324712,-7.282212421685527,-10.219223601758282,-0.42800289999999996,-0.07781179999999999,2.0700595,-0.07934784182971352,-0.15899342794821258,0.984085940936428,-5.247018476300517,-8.585326922870882,2.814443941918499,2.8681712511590227,2.609910487470993
05/10/2023 16:35:58.023005,4390,True,True,True,True,Eyes,1.371092,-0.3560846,-2.935493,-0.1592889,-0.02032661,0.9870228,0.0,0.0,0.0,0.0,0.0,0.0,0.0,-1.13927,-0.07926601,3.062089,1.37288,-0.3558611,-2.944346,-0.06999695,-0.03901117,-0.005290091,0.9967701,351.9548,355.5381,359.7058,0.4204476,-0.1092343,-0.900717,0,0,0,0.9414569,-0.4360907,-0.8740588,-0.2671375,-0.3743819,2.065703,0.9969003,-0.005084683,0.0785109,0.01600733,0.9901449,-0.139129,-0.07702974,0.1399545,0.9871572,moving,-4.7184521654484195,-9.237639581965363,-7.3686166716534816,-10.272611778977431,-0.43142310000000006,-0.08022960000000001,2.0702872,-0.08119973633453519,-0.15999955476195243,0.9837717610057328,-5.354879887219146,-8.64238425866322,2.7909721099879867,2.8450903954948616,2.5909028551788196
05/10/2023 16:35:58.043210,4391,True,True,True,True,Eyes,1.371284,-0.3560832,-2.935483,-0.1612429,-0.02162022,0.9866779,0.0,0.0,0.0,0.0,0.0,0.0,0.0,-1.139837,-0.07864478,3.06187,1.372894,-0.3558953,-2.94431,-0.06993431,-0.03891864,-0.005214246,0.9967785,351.9623,355.5482,359.7135,0.4204684,-0.1092357,-0.9007071,0,0,0,0.9385559,-0.4384539,-0.8736578,-0.2704254,-0.3764718,2.065964,0.9969163,-0.004951398,0.07831584,0.01583839,0.990164,-0.1390122,-0.07685722,0.1398239,0.9871891,moving,-4.845534589857147,-9.304681304469504,-7.457362261557956,-10.327448464094234,-0.43433810000000006,-0.08255859999999998,2.0706522,-0.08336612277581483,-0.16112162375793357,0.9834072894750185,-5.480921636595861,-8.706118298118795,2.7506943000430972,2.8049414342315426,2.5563702883390147
05/10/2023 16:35:58.058436,4392,True,True,True,True,Eyes,1.371468,-0.3560821,-2.935472,-0.1631207,-0.02285455,0.9863414,0.0,0.0,0.0,0.0,0.0,0.0,0.0,-1.139673,-0.07821858,3.061947,1.372865,-0.3558689,-2.944332,-0.06989028,-0.0389373,-0.005138124,0.9967813,351.9677,355.5455,359.7222,0.4204921,-0.1092366,-0.9006959,0,0,0,0.9352554,-0.4406214,-0.8734163,-0.2736126,-0.3784976,2.066217,0.996915,-0.004800495,0.07834214,0.01568585,0.9901779,-0.1389305,-0.07690573,0.1397308,0.9871985,moving,-4.955373978475662,-9.370278519312832,-7.543334103498385,-10.380571744476681,-0.43760960000000004,-0.08475250000000001,2.0709157,-0.08523565406253492,-0.1622216621585345,0.9830661555466175,-5.590267519255444,-8.768588855239251,2.7236365987977744,2.7781702628743976,2.5323818664807725
05/10/2023 16:35:58.073316,4393,True,True,True,True,Eyes,1.371633,-0.3560824,-2.935465,-0.1650642,-0.02413164,0.9859875,0.0,0.0,0.0,0.0,0.0,0.0,0.0,-1.139378,-0.07866409,3.062054,1.372875,-0.3558756,-2.944336,-0.07000089,-0.03898221,-0.005049029,0.9967723,351.9554,355.5395,359.7334,0.4205181,-0.1092372,-0.9006837,0,0,0,0.9318391,-0.4422186,-0.8731483,-0.276853,-0.3805573,2.066473,0.9969098,-0.004607886,0.07841964,0.01552304,0.9901488,-0.1391562,-0.07700589,0.1399435,0.9871606,moving,-5.066558669194896,-9.455828522806824,-7.630688848942923,-10.434558265290681,-0.44103590000000004,-0.086343,2.0711877,-0.08712214834196819,-0.16366250232705937,0.9826617896953688,-5.701968605950869,-8.850303791335138,2.689953146383709,2.7445720044329622,2.495961540964821
05/10/2023 16:35:58.093261,4394,True,True,True,True,Eyes,1.371793,-0.3560826,-2.935458,-0.1669267,-0.02535456,0.9856433,0.0,0.0,0.0,0.0,0.0,0.0,0.0,-1.138874,-0.07910058,3.06229,1.372882,-0.355878,-2.944394,-0.07005322,-0.03906644,-0.005089629,0.9967651,351.9492,355.5301,359.7296,0.4205458,-0.1092375,-0.9006707,0,0,0,0.9282356,-0.4439411,-0.8729914,-0.2800569,-0.3825938,2.066728,0.9968958,-0.004672868,0.0785932,0.01561979,0.9901333,-0.1392555,-0.07716702,0.1400509,0.9871327,moving,-5.167006579753742,-9.533408955401747,-7.716996345186733,-10.487895791891436,-0.4446463999999999,-0.08806309999999995,2.0714026,-0.08882518842537723,-0.1649680166280656,0.9822910623188894,-5.802898523688741,-8.924409288497385,2.6678889712519203,2.7227730211762236,2.4714895339771754
05/10/2023 16:35:58.113098,4395,True,True,True,True,Eyes,1.371926,-0.3560856,-2.935457,-0.1688418,-0.02660755,0.985284,0.0,0.0,0.0,0.0,0.0,0.0,0.0,-1.139051,-0.07928073,3.062222,1.372902,-0.3558764,-2.944388,-0.07009725,-0.03903903,-0.005056516,0.9967632,351.9443,355.533,359.7334,0.4205749,-0.1092376,-0.9006571,0,0,0,0.9253026,-0.445645,-0.8726825,-0.2830986,-0.3845272,2.066969,0.9969008,-0.00460724,0.07853423,0.01555335,0.9901215,-0.1393459,-0.07711644,0.1401355,0.9871247,moving,-5.284392896009836,-9.610880274815983,-7.798886240402512,-10.5385093079317,-0.4475994000000001,-0.08976860000000003,2.0717055,-0.09081741941710673,-0.1662660517404312,0.981889949113091,-5.92014827324077,-8.99828131982102,2.625391335086923,2.6801441009905163,2.429394699223349
05/10/2023 16:35:58.123210,4396,True,True,True,True,Eyes,1.372053,-0.3560891,-2.935454,-0.1706768,-0.02779765,0.9849349,0.0,0.0,0.0,0.0,0.0,0.0,0.0,-1.138834,-0.07992369,3.062364,1.372891,-0.3559006,-2.944471,-0.07021987,-0.03906934,-0.005020529,0.9967536,351.9304,355.5291,359.7383,0.4206044,-0.1092376,-0.9006433,0,0,0,0.9217472,-0.4472655,-0.8724675,-0.2864918,-0.386684,2.067239,0.9968967,-0.004521572,0.07859008,0.01549534,0.9900879,-0.1395915,-0.07717992,0.1403761,0.9870855,moving,-5.390605684459582,-9.693586554461325,-7.89017468096329,-10.59493178147335,-0.4511438000000001,-0.09136489999999997,2.0720035,-0.09261535008067118,-0.16765534661708906,0.9814856689335363,-6.026906457082392,-9.077289667446667,2.6021399311208935,2.6571165549406963,2.4031242290800656
05/10/2023 16:35:58.133286,4397,True,True,True,True,Eyes,1.372139,-0.3560961,-2.935452,-0.1725107,-0.02900574,0.9845805,0.0,0.0,0.0,0.0,0.0,0.0,0.0,-1.139147,-0.08099794,3.062213,1.372904,-0.3559182,-2.944456,-0.07036446,-0.03902346,-0.005110467,0.9967448,351.9134,355.5351,359.7282,0.4206342,-0.1092375,-0.9006295,0,0,0,0.9185481,-0.4486443,-0.8720976,-0.2898082,-0.3887919,2.067501,0.9969021,-0.004695931,0.07851204,0.01567939,0.9900454,-0.139872,-0.07707366,0.1406697,0.987052,moving,-5.504309979928373,-9.781886667944162,-7.979342180385257,-10.650050164358232,-0.4543558999999999,-0.09272609999999998,2.0723584,-0.09453865888816002,-0.16913702900294275,0.9810479819781358,-6.141181899932182,-9.161639410340422,2.5679507011868905,2.622878618961302,2.365206077556709
05/10/2023 16:35:58.158398,4398,True,True,True,True,Eyes,1.372221,-0.3561018,-2.935451,-0.1742734,-0.03017073,0.984235,0.0,0.0,0.0,0.0,0.0,0.0,0.0,-1.139252,-0.08115458,3.062095,1.372835,-0.3559358,-2.944408,-0.07039172,-0.03899589,-0.005118851,0.9967439,351.9102,355.5384,359.7272,0.4206632,-0.1092376,-0.9006159,0,0,0,0.9156916,-0.4502948,-0.8717653,-0.292668,-0.3906097,2.067729,0.9969062,-0.00471439,0.07845846,0.01569434,0.9900376,-0.1399258,-0.07701717,0.1407243,0.9870487,moving,-5.612469591082095,-9.853036360908007,-8.056175841631626,-10.69754525625509,-0.4571434,-0.09435899999999997,2.0726427000000003,-0.09637044179357791,-0.17032510110928617,0.9806641239496398,-6.249203354931222,-9.229480852277383,2.5307475078212955,2.5855164886914177,2.3281672323780054
05/10/2023 16:35:58.175663,4399,True,True,True,True,Eyes,1.372253,-0.3561124,-2.935452,-0.1760357,-0.03136892,0.9838839,0.0,0.0,0.0,0.0,0.0,0.0,0.0,-1.139033,-0.08079803,3.062198,1.37283,-0.3559113,-2.944427,-0.07032266,-0.03903154,-0.005130429,0.9967472,351.9181,355.5344,359.7258,0.4206914,-0.1092376,-0.9006028,0,0,0,0.9123396,-0.4524861,-0.8715517,-0.2958211,-0.3926137,2.067978,0.9969004,-0.004737878,0.07853074,0.01571709,0.9900568,-0.1397873,-0.07708759,0.1405883,0.9870626,moving,-5.713187316721885,-9.915082256081323,-8.14084536085816,-10.749887929434452,-0.46049039999999997,-0.09657480000000002,2.0728753,-0.09807632871879138,-0.1713582803839473,0.9803149896765664,-6.349569160329509,-9.2885933875508,2.5121118434175322,2.5671821305708202,2.3117206069763947
05/10/2023 16:35:58.193210,4400,True,True,True,True,Eyes,1.372283,-0.3561234,-2.935455,-0.1777281,-0.03253382,0.9835417,0.0,0.0,0.0,0.0,0.0,0.0,0.0,-1.138872,-0.08016595,3.062284,1.372826,-0.3559439,-2.944434,-0.07022096,-0.03905796,-0.005134539,0.9967534,351.9297,355.5314,359.7251,0.4207175,-0.109238,-0.9005905,0,0,0,0.9088837,-0.4549652,-0.871312,-0.2991185,-0.3947098,2.06824,0.9968962,-0.004750364,0.07858338,0.01572111,0.9900854,-0.1395849,-0.07714118,0.140387,0.987087,moving,-5.81092126312371,-9.971375234797316,-8.22932336500057,-10.804595331676031,-0.46394230000000014,-0.09902130000000003,2.073122,-0.09973187692134032,-0.17229285353160087,0.9799840447476568,-6.446753917347842,-9.342176902429971,2.5023021490956667,2.5579140830381673,2.305693279233702
05/10/2023 16:35:58.203370,4401,True,True,True,True,Eyes,1.372294,-0.3561344,-2.935462,-0.1793952,-0.03369718,0.9831998,0.0,0.0,0.0,0.0,0.0,0.0,0.0,-1.138777,-0.0790368,3.062381,1.372815,-0.3559601,-2.94447,-0.07003331,-0.03907279,-0.005140313,0.9967659,351.9513,355.5298,359.7237,0.4207417,-0.1092386,-0.9005791,0,0,0,0.9056324,-0.4576872,-0.8711236,-0.302254,-0.3967027,2.068489,0.9968938,-0.004774584,0.07861283,0.01572017,0.9901378,-0.1392119,-0.07717285,0.1400153,0.9871373,moving,-5.908385760006584,-10.017820043780794,-8.313400289430541,-10.856578442553221,-0.4671825999999999,-0.10172710000000001,2.0733464,-0.10138494858897695,-0.17305812103039195,0.9796795207556768,-6.543156489957223,-9.386258914329911,2.490922083227482,2.5470788245069342,2.301217639565747
05/10/2023 16:35:58.223373,4402,True,True,True,True,Eyes,1.372306,-0.3561431,-2.935469,-0.1810005,-0.03479596,0.9828672,0.0,0.0,0.0,0.0,0.0,0.0,0.0,-1.138195,-0.07877716,3.062666,1.372828,-0.3559283,-2.944533,-0.07008571,-0.03915773,-0.004889719,0.9967602,351.9464,355.5179,359.7535,0.4207637,-0.1092394,-0.9005687,0,0,0,0.9021268,-0.459628,-0.8709494,-0.3055051,-0.3987693,2.068747,0.9968855,-0.00425896,0.07874712,0.01523655,0.9901281,-0.1393344,-0.07737631,0.1401002,0.9871094,moving,-5.997635645885066,-10.083702442808613,-8.400518272297507,-10.910452718272419,-0.47070119999999993,-0.1036997,2.0735836,-0.10289062138140481,-0.17415742805701048,0.9793276177831031,-6.632672871662816,-9.44916047427917,2.484487855912223,2.5411337891370906,2.293611210057201
05/10/2023 16:35:58.243080,4403,True,True,True,True,Eyes,1.372293,-0.3561545,-2.935476,-0.1825247,-0.03585633,0.9825473,0.0,0.0,0.0,0.0,0.0,0.0,0.0,-1.13802,-0.08050957,3.06273,1.372874,-0.3558839,-2.944562,-0.07027542,-0.03920138,-0.005100819,0.9967441,351.9236,355.5145,359.7304,0.4207838,-0.1092404,-0.9005592,0,0,0,0.8986509,-0.4605858,-0.8707139,-0.3087,-0.4008,2.069,0.9968745,-0.004658636,0.0788644,0.01567821,0.9900707,-0.1396933,-0.07743055,0.1404931,0.9870492,moving,-6.081656036557729,-10.170633346295318,-8.48607322893318,-10.963361697755134,-0.4742230999999999,-0.10470190000000001,2.0738480999999998,-0.10429917133162003,-0.1756172106814664,0.9789179829896106,-6.718265650101389,-9.53241353615906,2.4748919706076453,2.531726737663218,2.274369424027306
05/10/2023 16:35:58.258525,4404,True,True,True,True,Eyes,1.372279,-0.356167,-2.935485,-0.1839922,-0.03688227,0.9822356,0.0,0.0,0.0,0.0,0.0,0.0,0.0,-1.138833,-0.08091927,3.062344,1.372799,-0.3559116,-2.944519,-0.07027242,-0.03906546,-0.005292863,0.9967486,351.9231,355.5318,359.7071,0.4208013,-0.1092416,-0.9005509,0,0,0,0.8990405,-0.460471,-0.8705571,-0.3087,-0.4008,2.069,0.9968917,-0.00506086,0.07862077,0.01604176,0.9900675,-0.1396743,-0.077133,0.1405014,0.9870713,static,-6.182949709456514,-10.233588334631861,-8.48607322893318,-10.963361697755134,-0.4737585000000001,-0.10455940000000002,2.0739619,-0.10600954005147939,-0.176660586782498,0.9785464832619296,-6.81923479741555,-9.592398993569558,2.3617505177870117,2.415977464193496,2.158214329730015
05/10/2023 16:35:58.278313,4405,True,True,True,True,Eyes,1.372239,-0.3561812,-2.935491,-0.1854026,-0.03787345,0.9819325,0.0,0.0,0.0,0.0,0.0,0.0,0.0,-1.138173,-0.0799734,3.062688,1.372769,-0.35595,-2.944604,-0.07021224,-0.03915773,-0.005066377,0.9967504,351.931,355.5193,359.7337,0.4208167,-0.1092431,-0.9005436,0,0,0,0.8987433,-0.4609423,-0.8707258,-0.3087001,-0.4007999,2.069,0.996882,-0.004601123,0.0787724,0.01559853,0.9900892,-0.1395714,-0.07734951,0.1403649,0.9870738,static,-6.259472801865224,-10.280662871132552,-8.486075937878136,-10.963359028665995,-0.4740256999999999,-0.10499230000000004,2.0738782000000002,-0.10730107580317298,-0.1774397589393896,0.9782645694989294,-6.895486977508705,-9.637247157446488,2.2766825706028153,2.3289129586168436,2.0708804735760116
05/10/2023 16:35:58.293190,4406,True,True,True,True,Eyes,1.372202,-0.3561944,-2.935497,-0.1867558,-0.03883576,0.9816384,0.0,0.0,0.0,0.0,0.0,0.0,0.0,-1.137889,-0.0809789,3.062686,1.372747,-0.3558897,-2.944538,-0.07036713,-0.03920044,-0.005071387,0.9967378,351.9132,355.5144,359.7342,0.4208294,-0.1092449,-0.9005374,0,0,0,0.8985425,-0.4602302,-0.8706667,-0.3087,-0.4007999,2.069,0.9968752,-0.004592842,0.07885882,0.01562653,0.9900455,-0.1398775,-0.07743138,0.1406727,0.9870236,static,-6.336006687693562,-10.354581566128465,-8.48607322893318,-10.963359028665995,-0.4742044999999999,-0.1043405,2.0738713,-0.10858301050246488,-0.1786766708250348,0.9778978835114027,-6.973173745178824,-9.708000010916022,2.184847542965312,2.2345908195129875,1.96590719806159
05/10/2023 16:35:58.303386,4407,True,True,True,True,Eyes,1.372126,-0.3562093,-2.935503,-0.1880803,-0.03982655,0.9813458,0.0,0.0,0.0,0.0,0.0,0.0,0.0,-1.138156,-0.07994774,3.062597,1.372797,-0.3559394,-2.944491,-0.07024602,-0.03916229,-0.004976464,0.9967483,351.9276,355.518,359.7443,0.4208398,-0.1092469,-0.9005323,0,0,0,0.8987975,-0.4608607,-0.8706028,-0.3087,-0.4008,2.069,0.9968832,-0.004418575,0.07876904,0.01542255,0.9900815,-0.1396454,-0.07737073,0.140425,0.9870636,static,-6.420945917051208,-10.397030469077974,-8.48607322893318,-10.963361697755134,-0.4739995,-0.1049213,2.0738882000000003,-0.11001843379844775,-0.1793726386985711,0.9776100108026108,-7.057292182052058,-9.748320727191437,2.093755868959958,2.1413738288434927,1.8755638725660833
05/10/2023 16:35:58.322957,4408,True,True,True,True,Eyes,1.372055,-0.3562235,-2.935507,-0.1893503,-0.04078005,0.9810624,0.0,0.0,0.0,0.0,0.0,0.0,0.0,-1.138778,-0.07953289,3.062328,1.372785,-0.355918,-2.944449,-0.07017934,-0.03905958,-0.004971818,0.996757,351.9353,355.5299,359.7437,0.4208472,-0.1092493,-0.9005286,0,0,0,0.8992118,-0.461119,-0.8704772,-0.3087,-0.4008,2.069,0.9968992,-0.004429038,0.07856365,0.01539374,0.9901003,-0.1395151,-0.07716797,0.1402919,0.9870984,static,-6.509139332693525,-10.44518614427274,-8.48607322893318,-10.963361697755134,-0.4735731999999999,-0.10520099999999999,2.0739718000000003,-0.11150670947224056,-0.18016416593508888,0.9772958141409588,-7.14484984364157,-9.794123888285162,1.9984089153668063,2.0437156197299284,1.7793249350096865
05/10/2023 16:35:58.343306,4409,True,True,True,True,Eyes,1.371968,-0.3562388,-2.935513,-0.1908249,-0.04179176,0.9807341,0.0,0.0,0.0,0.0,0.0,0.0,0.0,-1.138983,-0.07943988,3.062257,1.372826,-0.355917,-2.944432,-0.07013527,-0.03903647,-0.005042487,0.9967606,351.94,355.5332,359.7352,0.420852,-0.109252,-0.900526,0,0,0,0.8993126,-0.4612464,-0.8704532,-0.3087,-0.4007999,2.069,0.9969015,-0.004576638,0.07852735,0.01552797,0.9901112,-0.1394225,-0.07711273,0.1402099,0.9871144,static,-6.599460863592825,-10.500601688360005,-8.48607322893318,-10.963359028665995,-0.4735134000000001,-0.10532940000000002,2.0739788,-0.11302790565158252,-0.18107799202642172,0.9769521594809103,-7.234843794757775,-9.846916762471881,1.8997493625278743,1.9425371484381446,1.6769074007504259
05/10/2023 16:35:58.358351,4410,True,True,True,True,Eyes,1.371883,-0.3562528,-2.935522,-0.1922401,-0.04275725,0.980416,0.0,0.0,0.0,0.0,0.0,0.0,0.0,-1.139305,-0.07994142,3.062136,1.372836,-0.3559143,-2.94444,-0.07014163,-0.03899359,-0.005227771,0.9967609,351.9385,355.5396,359.7135,0.420854,-0.1092549,-0.9005247,0,0,0,0.8994069,-0.4610706,-0.8704335,-0.3087,-0.4007999,2.069,0.9969043,-0.004951527,0.07846793,0.01589182,0.9901057,-0.1394212,-0.0770012,0.1402366,0.9871193,static,-6.687187398740029,-10.561187287808082,-8.48607322893318,-10.963359028665995,-0.47342909999999994,-0.10515629999999998,2.0740065000000003,-0.11450204975149042,-0.18207998969325795,0.9765941477848321,-7.3226109210302,-9.904718406608549,1.8031283568385885,1.8432938830296115,1.573011286857505
05/10/2023 16:35:58.373345,4411,True,True,True,True,Eyes,1.371783,-0.3562671,-2.935528,-0.1938267,-0.04375709,0.9800594,0.0,0.0,0.0,0.0,0.0,0.0,0.0,-1.139428,-0.08058619,3.062115,1.372818,-0.3559021,-2.944494,-0.07018583,-0.03897586,-0.005371393,0.9967578,351.9327,355.5428,359.697,0.4208535,-0.1092581,-0.9005246,0,0,0,0.8993904,-0.4607599,-0.8704718,-0.3087,-0.4007999,2.069,0.9969041,-0.005236851,0.07845297,0.01617906,0.9900902,-0.1394978,-0.07694498,0.1403352,0.9871097,static,-6.782879932890094,-10.62748833444977,-8.48607322893318,-10.963359028665995,-0.47342760000000006,-0.1048578,2.0740222,-0.11610890845392827,-0.1831755486198686,0.9761994365148783,-7.418359084528093,-9.967975213192714,1.6987540419382194,1.735994391384775,1.4597268354965705
05/10/2023 16:35:58.393225,4412,True,True,True,True,Eyes,1.371685,-0.3562823,-2.935533,-0.1953515,-0.04471231,0.9797136,0.0,0.0,0.0,0.0,0.0,0.0,0.0,-1.139226,-0.08158618,3.062073,1.372771,-0.355884,-2.944424,-0.07030463,-0.03900578,-0.00547883,0.9967477,351.9186,355.5402,359.6853,0.4208505,-0.1092616,-0.9005256,0,0,0,0.8991655,-0.4601606,-0.8704129,-0.3087001,-0.4008,2.069,0.9968971,-0.00543745,0.0785282,0.0164066,0.9900545,-0.1397246,-0.07698745,0.1405794,0.9870716,static,-6.87002847572546,-10.699040949580578,-8.486075937878136,-10.963361697755134,-0.4736055,-0.1042766,2.0740111,-0.1175670678659422,-0.18436268647269272,0.9758014765477264,-7.506150970527498,-10.036364465744386,1.6032368765802585,1.637520948826506,1.3489169024787024
05/10/2023 16:35:58.403219,4413,True,True,True,True,Eyes,1.371614,-0.3562965,-2.935536,-0.1970258,-0.0457167,0.9793319,0.0,0.0,0.0,0.0,0.0,0.0,0.0,-1.139057,-0.08193946,3.062111,1.372747,-0.3559223,-2.944414,-0.07035632,-0.03903055,-0.005509453,0.9967428,351.9125,355.5376,359.6822,0.4208452,-0.1092652,-0.9005275,0,0,0,0.8990243,-0.4599589,-0.8704174,-0.3087,-0.4007999,2.069,0.9968925,-0.005490925,0.0785821,0.01647511,0.9900393,-0.1398242,-0.0770316,0.1406844,0.9870532,static,-6.96763313486693,-10.764544473983127,-8.48607322893318,-10.963359028665995,-0.47372269999999994,-0.10403659999999998,2.0739966,-0.11920457041472712,-0.1854416905893259,0.9753982789946642,-7.603699771998402,-10.09883718983349,1.500190745864676,1.531400517964411,1.2353060055392604
05/10/2023 16:35:58.423185,4414,True,True,True,True,Eyes,1.371544,-0.356311,-2.935539,-0.1986282,-0.04668215,0.9789625,0.0,0.0,0.0,0.0,0.0,0.0,0.0,-1.138898,-0.08199933,3.06215,1.372744,-0.3559395,-2.944394,-0.07038154,-0.03905478,-0.00547907,0.9967403,351.9098,355.5345,359.686,0.4208386,-0.1092691,-0.9005302,0,0,0,0.8989369,-0.459895,-0.8704127,-0.3087001,-0.4008,2.069,0.9968894,-0.005424949,0.0786262,0.01641989,0.9900329,-0.1398763,-0.0770837,0.1407322,0.9870424,static,-7.061805542450384,-10.823650828858502,-8.486075937878136,-10.963361697755134,-0.4738070999999999,-0.10395549999999998,2.0739813,-0.1207850084596867,-0.18641192307982585,0.9750187372738981,-7.697601097192631,-10.155162579055043,1.4028319771997877,1.431106315470579,1.1291051279051194
05/10/2023 16:35:58.443279,4415,True,True,True,True,Eyes,1.371491,-0.3563233,-2.935542,-0.2003361,-0.04771977,0.9785644,0.0,0.0,0.0,0.0,0.0,0.0,0.0,-1.139104,-0.08173367,3.062073,1.372736,-0.3559575,-2.944388,-0.07038489,-0.03901529,-0.005374982,0.9967423,351.9099,355.5382,359.6978,0.4208308,-0.109273,-0.9005333,0,0,0,0.8991435,-0.4599793,-0.8703613,-0.3087,-0.4008,2.069,0.9968978,-0.005222768,0.078533,0.01620711,0.9900342,-0.1398918,-0.07701973,0.1407306,0.9870476,static,-7.170759689777752,-10.883278451737889,-8.48607322893318,-10.963361697755134,-0.47359249999999997,-0.1040218,2.0740267,-0.12261580768279214,-0.18738414400169984,0.9746037967515158,-7.8057770546185115,-10.211879143243221,1.2927345931022012,1.317749229777136,1.013671009017681
05/10/2023 16:35:58.458617,4416,True,True,True,True,Eyes,1.37144,-0.3563362,-2.935544,-0.2019673,-0.04871786,0.9781798,0.0,0.0,0.0,0.0,0.0,0.0,0.0,-1.139441,-0.08078328,3.061962,1.372689,-0.3559286,-2.944402,-0.07027894,-0.03894744,-0.005243705,0.996753,351.9226,355.545,359.7119,0.4208224,-0.109277,-0.9005367,0,0,0,0.8994421,-0.4604952,-0.8703242,-0.3087,-0.4007999,2.069,0.9969112,-0.00497899,0.07837901,0.01592773,0.9900668,-0.139693,-0.07690491,0.14051,0.987088,static,-7.278566336452922,-10.927633633683897,-8.48607322893318,-10.963359028665995,-0.4732469,-0.10456660000000001,2.0740778000000004,-0.12443214960357635,-0.18809570414157703,0.9742364125348768,-7.912036763778524,-10.253866394865268,1.1859526182886542,1.208035264068874,0.9126322702735994
05/10/2023 16:35:58.478357,4417,True,True,True,True,Eyes,1.371438,-0.3563453,-2.935544,-0.2037215,-0.04977166,0.977763,0.0,0.0,0.0,0.0,0.0,0.0,0.0,-1.139872,-0.08035958,3.061811,1.372707,-0.355954,-2.944389,-0.07028691,-0.03887274,-0.005070881,0.9967563,351.9225,355.5522,359.7312,0.4208136,-0.1092811,-0.9005404,0,0,0,0.8998553,-0.4606201,-0.8702256,-0.3086999,-0.4008,2.069,0.9969264,-0.004644375,0.07820612,0.01557335,0.9900681,-0.1397236,-0.07678045,0.1405121,0.9870973,static,-7.395554742081615,-10.98751644866217,-8.486070519988186,-10.963361697755134,-0.4728516999999999,-0.10466609999999998,2.0741634,-0.12639713493786187,-0.18906650317188328,0.973795550168649,-8.027969861008986,-10.310768426621603,1.0722079282990784,1.090783257047226,0.7973294120286419
05/10/2023 16:35:58.493051,4418,True,True,True,True,Eyes,1.371436,-0.356355,-2.935544,-0.2053963,-0.05078313,0.9773604,0.0,0.0,0.0,0.0,0.0,0.0,0.0,-1.140663,-0.07986388,3.061542,1.372703,-0.3559353,-2.944405,-0.07024159,-0.03873916,-0.00498221,0.9967651,351.9282,355.567,359.7402,0.4208055,-0.109285,-0.9005437,0,0,0,0.9004471,-0.4608562,-0.8701193,-0.3087,-0.4007999,2.069,0.996949,-0.004489983,0.0779276,0.01537438,0.9900826,-0.1396427,-0.07652776,0.1404147,0.9871308,static,-7.51340102137369,-11.040523948552053,-8.48607322893318,-10.963359028665995,-0.47225590000000006,-0.10492089999999998,2.0742857,-0.12837825652388293,-0.1899185849818455,0.9733703674166523,-8.144365034792806,-10.361029247337736,0.96054678883647,0.9757282655635591,0.6925067908819542
05/10/2023 16:35:58.513152,4419,True,True,True,True,Eyes,1.37147,-0.3563609,-2.935544,-0.2067626,-0.05169538,0.9770244,0.0,0.0,0.0,0.0,0.0,0.0,0.0,-1.141332,-0.07982421,3.061303,1.372704,-0.3559601,-2.944413,-0.0702389,-0.03863009,-0.004988614,0.9967695,351.9285,355.5797,359.7385,0.4207982,-0.1092889,-0.9005467,0,0,0,0.9008945,-0.4608835,-0.8700254,-0.3087,-0.4007999,2.069,0.9969656,-0.004518325,0.07771136,0.01537166,0.9900832,-0.1396385,-0.07630979,0.1404094,0.9871485,static,-7.6087630879747925,-11.094256223566187,-8.48607322893318,-10.963359028665995,-0.4718094999999999,-0.1049234,2.0743876,-0.12997572879620725,-0.19079128433940123,0.9729875944797453,-8.239127865045926,-10.412159615785264,0.8748590345709398,0.8870215099202293,0.6039890773064279
05/10/2023 16:35:58.523041,4420,True,True,True,True,Eyes,1.371501,-0.3563683,-2.935545,-0.2080829,-0.05256888,0.9766976,0.0,0.0,0.0,0.0,0.0,0.0,0.0,-1.141295,-0.08012739,3.061309,1.372638,-0.3559334,-2.944446,-0.07025737,-0.03862776,-0.005052991,0.9967679,351.9261,355.5804,359.7312,0.4207925,-0.1092925,-0.900549,0,0,0,0.9008063,-0.460729,-0.8700572,-0.3087,-0.4007999,2.069,0.9969648,-0.004645548,0.07771584,0.01550109,0.9900767,-0.1396702,-0.07629581,0.1404509,0.9871436,static,-7.688258530722101,-11.149071774651695,-8.48607322893318,-10.963359028665995,-0.4718317000000001,-0.10479559999999999,2.0743888000000004,-0.13130222230539668,-0.19168829899653103,0.9726332837755992,-8.318655554247615,-10.464455412955736,0.809707552592168,0.8191443808652922,0.526244710724859
05/10/2023 16:35:58.543048,4421,True,True,True,True,Eyes,1.371523,-0.3563752,-2.935548,-0.2091866,-0.05340608,0.9764163,0.0,0.0,0.0,0.0,0.0,0.0,0.0,-1.14059,-0.08034843,3.061582,1.372601,-0.3559753,-2.944475,-0.07027476,-0.03873883,-0.005107775,0.9967621,351.9238,355.568,359.7258,0.4207881,-0.1092959,-0.9005506,0,0,0,0.9002837,-0.460659,-0.8701912,-0.3087,-0.4007999,2.069,0.9969465,-0.004737749,0.07794468,0.0156272,0.9900708,-0.1396987,-0.07650889,0.1404901,0.9871215,static,-7.741798954919061,-11.201119928086527,-8.48607322893318,-10.963359028665995,-0.47231729999999994,-0.10468369999999999,2.0742838,-0.13218834364140045,-0.19254887963977407,0.9723431517016138,-8.373020385247951,-10.514277053724593,0.7740077887836,0.7813286378039032,0.46309347402288725
05/10/2023 16:35:58.558856,4422,True,True,True,True,Eyes,1.371545,-0.356383,-2.935549,-0.2102519,-0.05420514,0.9761434,0.0,0.0,0.0,0.0,0.0,0.0,0.0,-1.139894,-0.08058953,3.061878,1.372665,-0.3559476,-2.944494,-0.07027701,-0.0388657,-0.005178569,0.9967567,351.9232,355.554,359.7187,0.4207847,-0.1092991,-0.9005518,0,0,0,0.8997886,-0.4605705,-0.8703336,-0.3087,-0.4007999,2.069,0.9969253,-0.004860817,0.07820716,0.01578628,0.9900687,-0.1396956,-0.07675142,0.1405007,0.9871012,static,-7.7909186579150935,-11.249511638721739,-8.48607322893318,-10.963359028665995,-0.4728764,-0.10462290000000002,2.0741604000000002,-0.13300055811944173,-0.1933488464546479,0.9720735934764215,-8.42293043641602,-10.560603656718385,0.746266071407946,0.7517467617815546,0.40767499540629454
05/10/2023 16:35:58.578261,4423,True,True,True,True,Eyes,1.371578,-0.356391,-2.935551,-0.2111717,-0.05497137,0.975902,0.0,0.0,0.0,0.0,0.0,0.0,0.0,-1.139477,-0.08099198,3.062005,1.372663,-0.3559775,-2.944472,-0.07032569,-0.03893565,-0.005230474,0.9967502,351.9173,355.5463,359.7135,0.4207821,-0.1093022,-0.9005526,0,0,0,0.8994716,-0.4603581,-0.8703723,-0.3087,-0.4008,2.069,0.9969133,-0.004950601,0.0783539,0.01590331,0.9900539,-0.139787,-0.07688256,0.1406016,0.9870766,static,-7.838334491740256,-11.300978612618536,-8.48607322893318,-10.963361697755134,-0.47319139999999993,-0.10438059999999999,2.0740997,-0.13378200391164352,-0.19420134563268182,0.9717964111831281,-8.471361414125944,-10.609910799879263,0.7266672858469828,0.7304455166966007,0.35375694297664667
05/10/2023 16:35:58.592890,4424,True,True,True,True,Eyes,1.371609,-0.3563992,-2.935553,-0.2120532,-0.05571095,0.9756689,0.0,0.0,0.0,0.0,0.0,0.0,0.0,-1.139186,-0.08135143,3.062125,1.372599,-0.3560066,-2.944521,-0.07037445,-0.03897322,-0.00526325,0.9967452,351.9116,355.5422,359.7102,0.4207806,-0.1093052,-0.9005529,0,0,0,0.8992361,-0.4601583,-0.8704484,-0.3087,-0.4007998,2.069,0.9969068,-0.005006802,0.07843351,0.01597768,0.9900395,-0.1398805,-0.07695194,0.140701,0.987057,static,-7.8874797532694245,-11.350596333776494,-8.48607322893318,-10.963356359576805,-0.4733628999999999,-0.10415170000000001,2.0740726,-0.13459318849092178,-0.19502122450702372,0.9715201838412727,-8.52136114370747,-10.657420316859584,0.710618039523812,0.7129298329607129,0.3079644446402714
05/10/2023 16:35:58.603274,4425,True,True,True,True,Eyes,1.371637,-0.3564063,-2.935553,-0.2128043,-0.05644706,0.975463,0.0,0.0,0.0,0.0,0.0,0.0,0.0,-1.139326,-0.08105388,3.062054,1.372595,-0.3560182,-2.944493,-0.07031718,-0.03895174,-0.005290025,0.9967498,351.9181,355.5449,359.7067,0.4207799,-0.1093081,-0.9005529,0,0,0,0.8993076,-0.4603884,-0.8704145,-0.3087,-0.4007999,2.069,0.9969096,-0.005067712,0.07839424,0.01602362,0.990055,-0.1397652,-0.07690632,0.1405894,0.9870766,static,-7.93545833742806,-11.38784522674273,-8.48607322893318,-10.963359028665995,-0.4732874,-0.10437019999999997,2.0740785,-0.1353898963924372,-0.1956313456041862,0.9712867535501933,-8.569580189757394,-10.69300266980198,0.6939717380748973,0.6952447706418476,0.2829593138320495
05/10/2023 16:35:58.623113,4426,True,True,True,True,Eyes,1.371663,-0.3564141,-2.935555,-0.2135232,-0.0571586,0.9752644,0.0,0.0,0.0,0.0,0.0,0.0,0.0,-1.139629,-0.08072761,3.061898,1.372566,-0.3559871,-2.944457,-0.07026853,-0.03889741,-0.005270291,0.9967556,351.9237,355.551,359.7083,0.4207801,-0.1093109,-0.9005525,0,0,0,0.8995125,-0.4605749,-0.8703361,-0.3087,-0.4008,2.069,0.9969184,-0.005039855,0.07828307,0.01597291,0.9900691,-0.1396711,-0.07680173,0.1404911,0.9870986,static,-7.986005482132493,-11.423787715110965,-8.48607322893318,-10.963361697755134,-0.4730534999999999,-0.10458780000000001,2.0741209,-0.1362304416745129,-0.19621777893359682,0.9710508546884109,-8.620205563155368,-10.727304898599156,0.6792833942523835,0.6797498575567834,0.2715037670303284
05/10/2023 16:35:58.643201,4427,True,True,True,True,Eyes,1.3717,-0.3564221,-2.935557,-0.2141484,-0.0578448,0.9750869,0.0,0.0,0.0,0.0,0.0,0.0,0.0,-1.13971,-0.08025247,3.06194,1.372559,-0.3560117,-2.94452,-0.07021694,-0.0388802,-0.005212592,0.9967602,351.9299,355.5526,359.7146,0.4207808,-0.1093136,-0.9005518,0,0,0,0.8996054,-0.4608603,-0.8703889,-0.3087,-0.4007999,2.069,0.9969223,-0.004931312,0.07824048,0.01585151,0.9900849,-0.1395736,-0.07677644,0.1403842,0.9871158,static,-8.027167635290795,-11.45701275557234,-8.48607322893318,-10.963359028665995,-0.4729536000000001,-0.10484860000000001,2.0741311,-0.13691279757421457,-0.19676217014964598,0.9708447635536865,-8.661641297295542,-10.759055789295715,0.6740066254378455,0.6740091586653655,0.26937698536749777
05/10/2023 16:35:58.658805,4428,True,True,True,True,Eyes,1.371735,-0.3564295,-2.93556,-0.2147458,-0.0585138,0.9749156,0.0,0.0,0.0,0.0,0.0,0.0,0.0,-1.140168,-0.08012441,3.061805,1.372615,-0.3560313,-2.944524,-0.07022408,-0.03881181,-0.005155556,0.9967627,351.9294,355.56,359.7207,0.4207824,-0.1093162,-0.9005507,0,0,0,0.8999721,-0.4608924,-0.8703234,-0.3087,-0.4007999,2.069,0.9969341,-0.004826683,0.07809641,0.01572878,0.9900841,-0.1395933,-0.07664824,0.1403937,0.9871244,static,-8.072782829041248,-11.496060152037055,-8.48607322893318,-10.963359028665995,-0.47264289999999987,-0.10486109999999998,2.0742006,-0.13766759175834592,-0.1974029134643679,0.9706079406571311,-8.707677871359714,-10.796391592225586,0.6744719600528969,0.6742250673800418,0.27746484890247647
05/10/2023 16:35:58.677411,4429,True,True,True,True,Eyes,1.371767,-0.3564373,-2.935566,-0.2152663,-0.05915781,0.9747618,0.0,0.0,0.0,0.0,0.0,0.0,0.0,-1.140231,-0.07917467,3.061848,1.372617,-0.3560214,-2.944568,-0.07011777,-0.03879646,-0.005027902,0.9967713,351.9421,355.5608,359.7348,0.4207846,-0.1093187,-0.9005494,0,0,0,0.9001011,-0.4614275,-0.8703659,-0.3087,-0.4007999,2.069,0.9969391,-0.004582695,0.0780475,0.01546398,0.9901164,-0.1393926,-0.07663731,0.1401729,0.9871566,static,-8.108299201009295,-11.519092685391527,-8.48607322893318,-10.963359028665995,-0.4725159,-0.1054061,2.0742021,-0.138258580895436,-0.1977766104509212,0.9704477164207509,-8.743131321932497,-10.818349374431792,0.6722144992928226,0.6719770184994185,0.2951383794045917
05/10/2023 16:35:58.693161,4430,True,True,True,True,Eyes,1.371798,-0.3564456,-2.93557,-0.2157643,-0.05977468,0.9746141,0.0,0.0,0.0,0.0,0.0,0.0,0.0,-1.14043,-0.07935083,3.061823,1.372622,-0.3560358,-2.944619,-0.07015442,-0.03876325,-0.005014549,0.9967701,351.938,355.5645,359.7362,0.4207874,-0.1093211,-0.9005478,0,0,0,0.9002498,-0.4612977,-0.8703772,-0.3087,-0.4008,2.069,0.9969445,-0.004557876,0.07797967,0.01543553,0.9901064,-0.1394669,-0.07657251,0.1402444,0.9871516,static,-8.14330609602107,-11.559219586684934,-8.48607322893318,-10.963361697755134,-0.4723722,-0.10526189999999996,2.0742418,-0.13883249532149694,-0.19844013326309418,0.9702303547074451,-8.779000648215524,-10.856807177669337,0.6874401219839534,0.6874124898521015,0.3117055320621197
05/10/2023 16:35:58.703437,4431,True,True,True,True,Eyes,1.371828,-0.3564496,-2.935572,-0.216229,-0.06036962,0.9744745,0.0,0.0,0.0,0.0,0.0,0.0,0.0,-1.140513,-0.07939309,3.061767,1.372624,-0.3560553,-2.944591,-0.07017665,-0.03874916,-0.004988002,0.9967691,351.9356,355.5659,359.7393,0.4207906,-0.1093235,-0.900546,0,0,0,0.9003237,-0.4612443,-0.8703291,-0.3087001,-0.4007998,2.069,0.9969472,-0.004505199,0.07794803,0.01538234,0.9901007,-0.1395133,-0.07654787,0.1402864,0.9871475,static,-8.174230674792224,-11.596095735576753,-8.486075937878136,-10.963356359576805,-0.4723003000000001,-0.10518899999999998,2.0742618999999998,-0.1393385603560677,-0.19905026849585736,0.9700328751232199,-8.81076288048172,-10.89215887608696,0.7050728907257381,0.7054123517843488,0.3324014024527424
05/10/2023 16:35:58.723270,4432,True,True,True,True,Eyes,1.371856,-0.3564548,-2.935574,-0.2166802,-0.06093957,0.9743388,0.0,0.0,0.0,0.0,0.0,0.0,0.0,-1.140343,-0.08045912,3.06173,1.372591,-0.3559602,-2.944543,-0.0703169,-0.03877341,-0.005038709,0.9967582,351.9193,355.5634,359.7343,0.4207942,-0.1093257,-0.900544,0,0,0,0.9001657,-0.4605223,-0.8702776,-0.3087,-0.4007999,2.069,0.9969425,-0.004591899,0.07800404,0.0154976,0.9900603,-0.1397871,-0.07658681,0.1405686,0.9871044,static,-8.19912082206407,-11.646479013498867,-8.48607322893318,-10.963359028665995,-0.47242529999999994,-0.10456209999999999,2.0742654,-0.13973551185515096,-0.19989190323746175,0.9698026867337238,-8.837425594943902,-10.94059069553101,0.7400720847205094,0.7409416964147979,0.3520893098278877
05/10/2023 16:35:58.743435,4433,True,True,True,True,Eyes,1.371886,-0.3564606,-2.935576,-0.2171228,-0.06150023,0.974205,0.0,0.0,0.0,0.0,0.0,0.0,0.0,-1.140134,-0.0807758,3.061799,1.37257,-0.3559949,-2.944548,-0.07029627,-0.03881236,-0.005225633,0.9967571,351.9208,355.5605,359.7129,0.4207982,-0.1093278,-0.9005419,0,0,0,0.8998902,-0.4604985,-0.8703374,-0.3087001,-0.4007999,2.069,0.9969326,-0.004960648,0.07810767,0.0158741,0.9900623,-0.139731,-0.0766383,0.1405423,0.9871041,static,-8.219207186795408,-11.68072692106168,-8.486075937878136,-10.963359028665995,-0.4726798000000001,-0.10450359999999997,2.0742106000000002,-0.14005882466000014,-0.2004623010750217,0.9696382635176171,-8.858602271806648,-10.973488137089914,0.7640482176123933,0.7653989961743369,0.37266401531095117
05/10/2023 16:35:58.758640,4434,True,True,True,True,Eyes,1.371915,-0.3564633,-2.935579,-0.2175552,-0.06202478,0.9740753,0.0,0.0,0.0,0.0,0.0,0.0,0.0,-1.13938,-0.07972324,3.06214,1.37261,-0.3560122,-2.944561,-0.07021263,-0.03893271,-0.005006798,0.9967595,351.9313,355.5448,359.7388,0.4208024,-0.1093299,-0.9005397,0,0,0,0.8995426,-0.4610418,-0.8704658,-0.3087,-0.4007999,2.069,0.9969183,-0.004514011,0.07831619,0.01544829,0.9900903,-0.1395804,-0.07691004,0.1403601,0.9871089,static,-8.23504652260437,-11.697148522524152,-8.48607322893318,-10.963359028665995,-0.47306740000000014,-0.1050296,2.0740952000000004,-0.1403189470171795,-0.20073274091217275,0.9695447324827537,-8.874739812303007,-10.98921522491017,0.7738395293384649,0.7755394436048381,0.3895256806843325
05/10/2023 16:35:58.773231,4435,True,True,True,True,Eyes,1.37195,-0.3564666,-2.93558,-0.2179077,-0.06233106,0.9739769,0.0,0.0,0.0,0.0,0.0,0.0,0.0,-1.138988,-0.08106399,3.062254,1.372645,-0.3559451,-2.944557,-0.07035721,-0.03900833,-0.005161694,0.9967456,351.914,355.5373,359.7222,0.4208069,-0.1093317,-0.9005374,0,0,0,0.8991888,-0.4602498,-0.8705131,-0.3087,-0.4007999,2.069,0.9969034,-0.004800756,0.07848907,0.01577882,0.9900464,-0.1398538,-0.07703642,0.1406592,0.9870564,static,-8.246084213498518,-11.73470118509237,-8.48607322893318,-10.963359028665995,-0.4734561999999999,-0.10430469999999997,2.0740439,-0.14048715295919884,-0.2013632929605026,0.9693895566773686,-8.887370501318363,-11.025370244818022,0.8056551137931078,0.8078139945617356,0.40606020705363666
05/10/2023 16:35:58.793368,4436,True,True,True,True,Eyes,1.371985,-0.3564688,-2.935579,-0.2182479,-0.06260297,0.9738833,0.0,0.0,0.0,0.0,0.0,0.0,0.0,-1.139135,-0.08315209,3.062169,1.372696,-0.3559861,-2.944555,-0.07068428,-0.03899296,-0.005222515,0.9967227,351.8762,355.5395,359.7165,0.4208119,-0.1093335,-0.9005349,0,0,0,0.8992731,-0.4588715,-0.8704329,-0.3087,-0.4008,2.069,0.9969046,-0.00489842,0.07846863,0.01592318,0.9899529,-0.1404979,-0.07699203,0.1413125,0.9869666,static,-8.268918991110684,-11.789374770698469,-8.48607322893318,-10.963361697755134,-0.47342289999999987,-0.10288539999999996,2.0741221,-0.14084638465681518,-0.2022778008194535,0.9691470202971639,-8.91227982088081,-11.077957789226613,0.8510742724647181,0.8540805346555788,0.44134376986670354
05/10/2023 16:35:58.809206,4437,True,True,True,True,Eyes,1.372006,-0.3564709,-2.935575,-0.2185179,-0.06277616,0.9738116,0.0,0.0,0.0,0.0,0.0,0.0,0.0,-1.139443,-0.08535963,3.061937,1.372734,-0.3559673,-2.944479,-0.0708943,-0.03896444,-0.00559388,0.9967068,351.8504,355.5457,359.6743,0.4208172,-0.109335,-0.9005322,0,0,0,0.8992445,-0.45768,-0.8703152,-0.3087,-0.4007999,2.069,0.996901,-0.005626203,0.0784654,0.01667563,0.9898854,-0.1408857,-0.07687911,0.1417576,0.9869115,static,-8.283793207793666,-11.83136669593025,-8.48607322893318,-10.963359028665995,-0.4734894999999999,-0.10171269999999999,2.0741638,-0.14107700070681994,-0.20298129842662155,0.9689663686320215,-8.928843760471464,-11.118367693234795,0.8876110106881553,0.8912656828251245,0.46911984576448923
05/10/2023 16:35:58.824980,4438,True,True,True,True,Eyes,1.372024,-0.3564751,-2.935573,-0.2187703,-0.0629629,0.9737428,0.0,0.0,0.0,0.0,0.0,0.0,0.0,-1.14037,-0.08500537,3.061505,1.372654,-0.3559585,-2.944417,-0.07073261,-0.03881315,-0.005851179,0.9967228,351.8679,355.5654,359.6427,0.4208226,-0.1093365,-0.9005295,0,0,0,0.89966,-0.4581426,-0.8701628,-0.3087,-0.4007998,2.069,0.9969186,-0.006173298,0.07819964,0.01715472,0.9899253,-0.1405474,-0.07654416,0.1414558,0.9869809,static,-8.312348192840727,-11.829675610129332,-8.48607322893318,-10.963356359576805,-0.472994,-0.1021841,2.0742542,-0.14156116686462802,-0.2029385159192003,0.9689046425127593,-8.956275986027546,-11.116519713162404,0.8793226473962531,0.8835663144570508,0.4945196109971079
05/10/2023 16:35:58.843045,4439,True,True,True,True,Eyes,1.372044,-0.3564763,-2.935569,-0.2189933,-0.06310108,0.9736838,0.0,0.0,0.0,0.0,0.0,0.0,0.0,-1.14056,-0.08301574,3.061482,1.372597,-0.3560105,-2.94443,-0.07052077,-0.0387631,-0.00559218,0.9967411,351.8934,355.5691,359.6712,0.4208279,-0.1093379,-0.9005269,0,0,0,0.8999377,-0.4592843,-0.8701537,-0.3087,-0.4007999,2.069,0.9969323,-0.005680705,0.07806229,0.01661512,0.9899911,-0.1401484,-0.07648483,0.1410154,0.9870485,static,-8.334983090802066,-11.808466461508122,-8.48607322893318,-10.963359028665995,-0.4726593000000001,-0.10327379999999997,2.0742763,-0.14195504696939598,-0.20256831501982925,0.9689245566680823,-8.976966789581125,-11.095881483978722,0.8539499868777701,0.8585073109097495,0.5084669989760714
05/10/2023 16:35:58.858721,4440,True,True,True,True,Eyes,1.372064,-0.3564765,-2.935566,-0.2192052,-0.06324293,0.973627,0.0,0.0,0.0,0.0,0.0,0.0,0.0,-1.139838,-0.08189023,3.061781,1.372646,-0.3559486,-2.944416,-0.07041907,-0.03887958,-0.005358393,0.9967452,351.9061,355.5538,359.6987,0.4208332,-0.1093392,-0.9005242,0,0,0,0.8996219,-0.4598356,-0.8702528,-0.3087,-0.4007999,2.069,0.9969193,-0.005206177,0.07826073,0.01615763,0.9900249,-0.1399631,-0.0767514,0.1407964,0.9870591,static,-8.337618116735777,-11.800117990650396,-8.48607322893318,-10.963359028665995,-0.47302410000000006,-0.10388700000000001,2.0741632,-0.1420038957649522,-0.2024257171467449,0.9689472873465448,-8.979063569402271,-11.08780522142529,0.8452851300242786,0.849826147396487,0.5084548462627875
05/10/2023 16:35:58.878345,4441,True,True,True,True,Eyes,1.37208,-0.3564778,-2.935563,-0.2194024,-0.06337044,0.9735743,0.0,0.0,0.0,0.0,0.0,0.0,0.0,-1.140026,-0.08121273,3.061738,1.372655,-0.35592,-2.944424,-0.07030148,-0.03885124,-0.005361585,0.9967546,351.9196,355.5571,359.6976,0.4208386,-0.1093403,-0.9005216,0,0,0,0.8997465,-0.4602966,-0.8702592,-0.3087,-0.4007999,2.069,0.9969237,-0.005225768,0.07820415,0.01615097,0.9900579,-0.13973,-0.07669645,0.1405632,0.9870965,static,-8.35250290820965,-11.794398473497544,-8.48607322893318,-10.963359028665995,-0.47290849999999995,-0.10437659999999999,2.0741648,-0.1422587419826412,-0.202321514007207,0.9689316790730867,-8.993106427863559,-11.082173222128977,0.8368715548720885,0.8417051677660756,0.5207681608795156
05/10/2023 16:35:58.893466,4442,True,True,True,True,Eyes,1.372097,-0.3564785,-2.935561,-0.2195929,-0.06349918,0.9735228,0.0,0.0,0.0,0.0,0.0,0.0,0.0,-1.14072,-0.08031756,3.061485,1.37263,-0.355953,-2.944412,-0.07020198,-0.03873062,-0.005265578,0.9967667,351.9315,355.5703,359.7072,0.4208438,-0.1093414,-0.900519,0,0,0,0.9002674,-0.460818,-0.8701475,-0.3087,-0.4007999,2.069,0.9969444,-0.005059174,0.07795009,0.01593504,0.9900879,-0.1395421,-0.07647148,0.1403579,0.9871432,static,-8.37926663594642,-11.788978898592811,-8.48607322893318,-10.963359028665995,-0.47236259999999997,-0.10486499999999999,2.0742645,-0.14271446868985488,-0.20221642656051905,0.9688864365685944,-9.018614388363316,-11.076740782320995,0.8270692315069448,0.8324997404945016,0.5444772801036583
05/10/2023 16:35:58.902979,4443,True,True,True,True,Eyes,1.372082,-0.3564772,-2.935564,-0.2197928,-0.06358242,0.9734724,0.0,0.0,0.0,0.0,0.0,0.0,0.0,-1.140512,-0.07971278,3.06161,1.372642,-0.3559389,-2.944442,-0.07014163,-0.03876189,-0.005161026,0.9967703,351.9388,355.5659,359.7193,0.420849,-0.1093424,-0.9005165,0,0,0,0.9002018,-0.4611398,-0.8702117,-0.3087,-0.4007999,2.069,0.9969418,-0.004851072,0.07799741,0.01572636,0.9901071,-0.1394301,-0.0765494,0.1402303,0.9871553,static,-8.389148445651864,-11.78482858485955,-8.48607322893318,-10.963359028665995,-0.47244019999999987,-0.10520089999999999,2.0742303,-0.1428838549037207,-0.202141281066539,0.9688772982804827,-9.027918511406408,-11.072660930569175,0.8215291961260889,0.827167845946013,0.5527596366397839
05/10/2023 16:35:58.927590,4444,True,True,True,True,Eyes,1.372069,-0.3564751,-2.935565,-0.2199831,-0.06366033,0.9734243,0.0,0.0,0.0,0.0,0.0,0.0,0.0,-1.14025,-0.07997358,3.061752,1.372652,-0.3558453,-2.944502,-0.07015747,-0.03880625,-0.005183846,0.9967673,351.9369,355.5609,359.7171,0.4208533,-0.1093432,-0.9005144,0,0,0,0.9000175,-0.4609633,-0.8703118,-0.3087,-0.4007999,2.069,0.9969344,-0.004889081,0.07808898,0.01577927,0.9901021,-0.139459,-0.07663423,0.1402637,0.9871441,static,-8.395258599388445,-11.791681137066476,-8.48607322893318,-10.963359028665995,-0.47263449999999996,-0.10511800000000004,2.0741902,-0.1429837702846642,-0.20225420381430398,0.9688389691824092,-9.034171170494856,-11.07922744902932,0.8274252669404605,0.8332855526194884,0.5602114282854641
05/10/2023 16:35:58.943404,4445,True,True,True,True,Eyes,1.372062,-0.3564749,-2.93557,-0.220208,-0.06371608,0.9733698,0.0,0.0,0.0,0.0,0.0,0.0,0.0,-1.140488,-0.08024985,3.061641,1.372679,-0.3558262,-2.944476,-0.07016627,-0.0387758,-0.005268076,0.9967675,351.9355,355.5651,359.7072,0.4208567,-0.1093439,-0.9005126,0,0,0,0.9001276,-0.4608404,-0.8702621,-0.3087001,-0.4008,2.069,0.9969374,-0.005060588,0.0780402,0.0159436,0.9900979,-0.1394704,-0.07656164,0.1402875,0.9871463,static,-8.411130053537514,-11.797946439301889,-8.486075937878136,-10.963361697755134,-0.47255139999999995,-0.1050142,2.0742138999999997,-0.1432491779391255,-0.20235229822077855,0.9687792783142816,-9.04980083710335,-11.08515340516143,0.8316087650134929,0.8379430627448743,0.5767312909834339
05/10/2023 16:35:58.958976,4446,True,True,True,True,Eyes,1.372057,-0.3564733,-2.935575,-0.2204336,-0.06376775,0.9733154,0.0,0.0,0.0,0.0,0.0,0.0,0.0,-1.139627,-0.08045331,3.062056,1.372656,-0.3558917,-2.944582,-0.07022137,-0.03890929,-0.005228771,0.9967586,351.9293,355.5493,359.713,0.4208596,-0.1093445,-0.9005112,0,0,0,0.8995742,-0.46071,-0.8704793,-0.3087,-0.4007999,2.069,0.9969175,-0.004959117,0.07830069,0.01588817,0.9900833,-0.1395806,-0.076832,0.1403944,0.9871101,static,-8.410047819098054,-11.806264850249557,-8.48607322893318,-10.963359028665995,-0.4730818000000001,-0.10481830000000003,2.0741027,-0.14322661372682532,-0.20249362512584002,0.9687531340490856,-9.049199078250867,-11.093188909928994,0.8399405472594772,0.8463274112304637,0.577898364973056
05/10/2023 16:35:58.978158,4447,True,True,True,True,Eyes,1.372064,-0.3564716,-2.935579,-0.2206442,-0.06377842,0.9732669,0.0,0.0,0.0,0.0,0.0,0.0,0.0,-1.138939,-0.08070743,3.062315,1.372693,-0.3558576,-2.94458,-0.07023837,-0.03902921,-0.005268588,0.9967526,351.9272,355.5358,359.7095,0.4208621,-0.109345,-0.90051,0,0,0,0.8990967,-0.4605775,-0.8705891,-0.3087,-0.4008,2.069,0.9968979,-0.005020261,0.07854505,0.01598565,0.9900776,-0.1396093,-0.07706482,0.1404318,0.9870866,static,-8.408236824380282,-11.809532074325856,-8.48607322893318,-10.963361697755134,-0.47359629999999997,-0.10471989999999998,2.0739909,-0.1431942827386308,-0.20254980799809275,0.968746087041311,-9.047626939004791,-11.09635550402114,0.843371940609451,0.8497427917079143,0.5770874472732119
05/10/2023 16:35:58.993073,4448,True,True,True,True,Eyes,1.372068,-0.3564704,-2.935581,-0.2208524,-0.06378138,0.9732195,0.0,0.0,0.0,0.0,0.0,0.0,0.0,-1.138478,-0.08200839,3.062452,1.372699,-0.3558848,-2.944574,-0.07043099,-0.03910685,-0.005329306,0.9967355,351.9048,355.5273,359.704,0.4208644,-0.1093454,-0.9005089,0,0,0,0.8987518,-0.4597521,-0.8706201,-0.3086999,-0.4007999,2.069,0.9968845,-0.005115149,0.07870907,0.01613249,0.9900221,-0.1399853,-0.07720768,0.140819,0.9870203,static,-8.4114627089597,-11.832940843166327,-8.486070519988186,-10.963359028665995,-0.4739471999999999,-0.1038673,2.0739539,-0.14323687901319687,-0.20294432158273154,0.9686572360895253,-9.051978044092412,-11.118920694109667,0.8660919501247965,0.872776522127029,0.5868992738054667
05/10/2023 16:35:59.003399,4449,True,True,True,True,Eyes,1.372097,-0.356468,-2.935581,-0.221025,-0.06377544,0.9731807,0.0,0.0,0.0,0.0,0.0,0.0,0.0,-1.138043,-0.08268961,3.062544,1.372643,-0.3558951,-2.944545,-0.070507,-0.03917252,-0.005419777,0.9967272,351.8956,355.5204,359.6944,0.4208665,-0.1093457,-0.9005078,0,0,0,0.89838,-0.4593749,-0.870644,-0.3087001,-0.4008,2.069,0.9968723,-0.005280205,0.07885288,0.01632795,0.9899988,-0.1401279,-0.07732435,0.1409771,0.9869886,static,-8.413070601569332,-11.8431468045395,-8.486075937878136,-10.963361697755134,-0.4742630000000001,-0.10347979999999996,2.073901,-0.14325884710977782,-0.20311620937012237,0.9686179538087105,-9.054069232602066,-11.128757340286699,0.8759819639249831,0.8828089336029288,0.5915843992363002
05/10/2023 16:35:59.028374,4450,True,True,True,True,Eyes,1.372127,-0.3564662,-2.935582,-0.2211922,-0.06377666,0.9731426,0.0,0.0,0.0,0.0,0.0,0.0,0.0,-1.137895,-0.08263284,3.06259,1.372672,-0.3559121,-2.944518,-0.07051351,-0.03920036,-0.005387904,0.9967257,351.895,355.5169,359.6983,0.4208692,-0.1093459,-0.9005065,0,0,0,0.8983103,-0.4593905,-0.8706403,-0.3087001,-0.4007998,2.069,0.9968686,-0.005212214,0.07890385,0.01626883,0.9899976,-0.1401428,-0.07738417,0.1409877,0.9869824,static,-8.42038178411455,-11.843367024003737,-8.486075937878136,-10.963356359576805,-0.4743616999999999,-0.10347839999999997,2.0738776999999997,-0.14338243982406912,-0.20311625265909966,0.9685996260024972,-9.061127600115022,-11.128914530487588,0.8754332985340244,0.8824593426010308,0.5984094937388024
05/10/2023 16:35:59.045187,4451,True,True,True,True,Eyes,1.372176,-0.3564657,-2.935583,-0.2213447,-0.06378613,0.9731073,0.0,0.0,0.0,0.0,0.0,0.0,0.0,-1.137867,-0.0821214,3.062677,1.37274,-0.3559222,-2.944551,-0.0704227,-0.0392168,-0.005403711,0.9967315,351.9053,355.5152,359.6963,0.4208724,-0.1093459,-0.900505,0,0,0,0.8983019,-0.4597695,-0.8707092,-0.3087,-0.4007999,2.069,0.9968657,-0.005248591,0.07893832,0.0162956,0.9900229,-0.1399612,-0.07741614,0.1408089,0.9870054,static,-8.427085623084766,-11.833973022682224,-8.48607322893318,-10.963359028665995,-0.4744381000000001,-0.10384729999999998,2.0738418000000003,-0.14350070111663868,-0.20295392598126558,0.9686161348127443,-9.067090525123032,-11.119798536628243,0.8654938223393752,0.8726100298647843,0.6017095795508304
05/10/2023 16:35:59.059119,4452,True,True,True,True,Eyes,1.372225,-0.3564619,-2.935585,-0.2214911,-0.06379317,0.9730736,0.0,0.0,0.0,0.0,0.0,0.0,0.0,-1.13821,-0.0808644,3.062588,1.37274,-0.3559917,-2.944548,-0.07025731,-0.03915897,-0.005332348,0.9967458,351.9247,355.5213,359.7033,0.4208765,-0.1093459,-0.9005031,0,0,0,0.8985758,-0.4605866,-0.8706808,-0.3087,-0.4007999,2.069,0.9968763,-0.005127584,0.07881233,0.0161324,0.9900709,-0.1396397,-0.07731378,0.140475,0.987061,static,-8.443105826181494,-11.814281227431147,-8.48607322893318,-10.963359028665995,-0.47416420000000004,-0.10459489999999999,2.0738672,-0.14378191255069833,-0.20261267150474502,0.9686459486849636,-9.081486436674949,-11.100674615033924,0.8446420932794676,0.8520063298183572,0.6110421083795384
05/10/2023 16:35:59.077257,4453,True,True,True,True,Eyes,1.372267,-0.3564562,-2.935588,-0.2216192,-0.06377926,0.9730452,0.0,0.0,0.0,0.0,0.0,0.0,0.0,-1.138001,-0.08080721,3.06273,1.372794,-0.3559118,-2.944598,-0.0703264,-0.03919094,-0.005106722,0.9967408,351.9178,355.5158,359.7299,0.4208814,-0.1093456,-0.9005008,0,0,0,0.8986115,-0.460395,-0.8707289,-0.3087,-0.4008,2.069,0.9968759,-0.004667842,0.0788447,0.01569247,0.9900562,-0.1397941,-0.07740814,0.1405946,0.9870365,static,-8.45073076385598,-11.81664439474346,-8.48607322893318,-10.963361697755134,-0.47418250000000006,-0.1044832,2.0738691,-0.14390969944490029,-0.20264879026666088,0.9686192705428509,-9.088960900045954,-11.102897388397423,0.8464125991624352,0.8540143153468814,0.6188244928433313
05/10/2023 16:35:59.093032,4454,True,True,True,True,Eyes,1.372305,-0.3564485,-2.935587,-0.2217347,-0.06376755,0.9730198,0.0,0.0,0.0,0.0,0.0,0.0,0.0,-1.137932,-0.08206424,3.062735,1.372838,-0.3558687,-2.944596,-0.07043677,-0.03921793,-0.005322758,0.9967308,351.9041,355.5144,359.7057,0.4208868,-0.1093452,-0.9004983,0,0,0,0.8984362,-0.4597205,-0.8707455,-0.3086999,-0.4007998,2.069,0.9968672,-0.005085946,0.07892927,0.01613548,0.9900206,-0.1399955,-0.07742959,0.1408305,0.9870012,static,-8.451603524633494,-11.833133530822737,-8.486070519988186,-10.963356359576805,-0.4744018,-0.1038518,2.0738505000000003,-0.14391599577044054,-0.2029273821685055,0.9685601543202016,-9.090676898073246,-11.118802897880142,0.8626694290115752,0.8704598218122166,0.6242695721334063
05/10/2023 16:35:59.103130,4455,True,True,True,True,Eyes,1.372352,-0.3564411,-2.935588,-0.2218336,-0.06376779,0.9729972,0.0,0.0,0.0,0.0,0.0,0.0,0.0,-1.138621,-0.08257043,3.062347,1.37275,-0.3558017,-2.944521,-0.0704079,-0.03910339,-0.005578713,0.9967359,351.9063,355.5297,359.6751,0.4208927,-0.1093445,-0.9004956,0,0,0,0.898693,-0.4595701,-0.8705881,-0.3086999,-0.4008,2.069,0.9968796,-0.005614633,0.07873709,0.01662738,0.9900232,-0.1399199,-0.07716594,0.1407925,0.9870273,static,-8.466833896570025,-11.835620312462215,-8.486070519988186,-10.963361697755134,-0.47405699999999995,-0.10376839999999998,2.0739329,-0.1441723984575423,-0.20296175657203852,0.9685147769809588,-9.1054882101851,-11.121087410348478,0.8642194578701571,0.8724707093142136,0.6391836006516121
05/10/2023 16:35:59.123034,4456,True,True,True,True,Eyes,1.372397,-0.356433,-2.935588,-0.2219395,-0.06375947,0.9729736,0.0,0.0,0.0,0.0,0.0,0.0,0.0,-1.137824,-0.08167353,3.062721,1.372699,-0.3558211,-2.944599,-0.07031288,-0.03921919,-0.005447455,0.9967389,351.9178,355.5153,359.6907,0.4208992,-0.1093436,-0.9004928,0,0,0,0.8982289,-0.4600946,-0.8707851,-0.3087,-0.4007999,2.069,0.9968644,-0.005344152,0.07894863,0.01637461,0.9900529,-0.1397399,-0.07741652,0.1405945,0.9870359,static,-8.461404455399682,-11.821323715308822,-8.48607322893318,-10.963359028665995,-0.4744700999999999,-0.10427350000000002,2.0738139,-0.14408790993089696,-0.2027226058158932,0.9685774399989144,-9.099496702474449,-11.107332193738648,0.8503671730390202,0.858319259899119,0.6300925568140556
05/10/2023 16:35:59.142971,4457,True,True,True,True,Eyes,1.372436,-0.3564275,-2.935587,-0.2220395,-0.06376183,0.9729506,0.0,0.0,0.0,0.0,0.0,0.0,0.0,-1.136904,-0.08231577,3.063001,1.372695,-0.3557963,-2.944557,-0.07043145,-0.03936646,-0.005401695,0.996725,351.9043,355.4979,359.6978,0.4209061,-0.1093424,-0.9004896,0,0,0,0.8976407,-0.4596134,-0.870855,-0.3087,-0.4008,2.069,0.9968422,-0.005222732,0.07923596,0.01631328,0.9900205,-0.1399763,-0.07771416,0.1408269,0.9869794,static,-8.451425800188657,-11.833738131180832,-8.48607322893318,-10.963361697755134,-0.47505430000000004,-0.1038171,2.073702,-0.14391266786753523,-0.20293768862363354,0.9685584231882476,-9.090537679557762,-11.11938768561194,0.8632745313895333,0.871065772592084,0.6242766862181953
05/10/2023 16:35:59.163261,4458,True,True,True,True,Eyes,1.372477,-0.3564242,-2.935584,-0.2221352,-0.06377222,0.972928,0.0,0.0,0.0,0.0,0.0,0.0,0.0,-1.136421,-0.08190235,3.06318,1.372729,-0.3558429,-2.944525,-0.07039955,-0.0394482,-0.00532915,0.9967243,351.9083,355.4878,359.7066,0.4209134,-0.1093412,-0.9004864,0,0,0,0.8973734,-0.4598534,-0.8709005,-0.3087,-0.4007999,2.069,0.9968309,-0.005069116,0.0793883,0.01617766,0.990031,-0.1399174,-0.07788762,0.1407584,0.9869755,static,-8.448694406276939,-11.829047924890011,-8.48607322893318,-10.963359028665995,-0.4753556000000001,-0.1040105,2.0736245,-0.14386885842860064,-0.20285969306696097,0.9685811957755519,-9.0876562667092,-11.114882277025,0.8588280108352909,0.8664954941768148,0.6203720223648787
05/10/2023 16:35:59.173399,4459,True,True,True,True,Eyes,1.372537,-0.3564182,-2.935579,-0.2222349,-0.06376953,0.9729055,0.0,0.0,0.0,0.0,0.0,0.0,0.0,-1.136477,-0.08114851,3.063178,1.372816,-0.3558923,-2.944476,-0.07030642,-0.03945234,-0.005274558,0.996731,351.9192,355.4869,359.7126,0.420921,-0.1093399,-0.900483,0,0,0,0.8974708,-0.4603362,-0.8708719,-0.3087,-0.4008,2.069,0.9968314,-0.004967126,0.07938842,0.01606214,0.9900584,-0.139737,-0.07790507,0.1405693,0.9870011,static,-8.454697206941413,-11.817188178607923,-8.48607322893318,-10.963361697755134,-0.4753452,-0.10444389999999998,2.0736041,-0.1439765487681111,-0.2026560116433762,0.9686079237825306,-9.092812697911073,-11.103392129413173,0.8466833432111222,0.8544027821592606,0.6226887705795837
05/10/2023 16:35:59.193217,4460,True,True,True,True,Eyes,1.372593,-0.3564118,-2.935575,-0.222327,-0.06376037,0.972885,0.0,0.0,0.0,0.0,0.0,0.0,0.0,-1.136646,-0.08077306,3.06312,1.372863,-0.35585,-2.944455,-0.07021648,-0.03943535,-0.005326874,0.9967378,351.9293,355.4893,359.706,0.4209294,-0.1093385,-0.9004793,0,0,0,0.8975611,-0.4606293,-0.8708572,-0.3086999,-0.4008,2.069,0.996833,-0.005080971,0.07936147,0.01615702,0.9900826,-0.1395547,-0.07786533,0.140395,0.987029,static,-8.461071970630943,-11.807616983038665,-8.486070519988186,-10.963361697755134,-0.47530189999999994,-0.10477930000000002,2.0735978,-0.1440893348900585,-0.20249083313471283,0.9686256392455689,-9.098449051850286,-11.094107632134682,0.8368194192217071,0.8446253099446772,0.6261804577295292
05/10/2023 16:35:59.203322,4461,True,True,True,True,Eyes,1.372676,-0.3564061,-2.935571,-0.2224055,-0.06373955,0.9728684,0.0,0.0,0.0,0.0,0.0,0.0,0.0,-1.13712,-0.08155632,3.062928,1.372836,-0.3558341,-2.944474,-0.0702618,-0.03936172,-0.005526835,0.9967364,351.9232,355.4995,359.6825,0.4209385,-0.109337,-0.9004752,0,0,0,0.8977379,-0.4602639,-0.8708117,-0.3087,-0.4007999,2.069,0.9968402,-0.005486345,0.07924315,0.01654884,0.9900655,-0.1396299,-0.07768985,0.1405001,0.9870279,static,-8.471408248914514,-11.8160548320797,-8.48607322893318,-10.963359028665995,-0.47509809999999997,-0.10442980000000002,2.0736623,-0.14425987992379147,-0.20262838622961837,0.9685714658822893,-9.108859051924552,-11.102171992788882,0.8446336757818281,0.8528219009841934,0.6380683508274205
05/10/2023 16:35:59.223400,4462,True,True,True,True,Eyes,1.372755,-0.3563986,-2.935566,-0.2224838,-0.06371103,0.9728524,0.0,0.0,0.0,0.0,0.0,0.0,0.0,-1.137318,-0.08227777,3.062869,1.372827,-0.3558941,-2.944505,-0.07033578,-0.039333,-0.005659582,0.9967317,351.9141,355.5038,359.6673,0.4209488,-0.1093354,-0.9004706,0,0,0,0.8977814,-0.4599086,-0.8708106,-0.3087,-0.4007999,2.069,0.9968417,-0.005749134,0.07920504,0.0168152,0.9900417,-0.1397666,-0.07761274,0.140657,0.9870116,static,-8.477626596018512,-11.825786137291486,-8.48607322893318,-10.963359028665995,-0.47504560000000007,-0.10401450000000001,2.0736944,-0.1443600748441765,-0.2027899012307327,0.9685227687265145,-9.115368719029489,-11.11151570618976,0.8540013161743736,0.8624684709018178,0.6465007462876087
05/10/2023 16:35:59.243455,4463,True,True,True,True,Eyes,1.372862,-0.3563884,-2.935561,-0.2225343,-0.06369824,0.9728417,0.0,0.0,0.0,0.0,0.0,0.0,0.0,-1.137177,-0.08311933,3.062867,1.372805,-0.3558431,-2.944489,-0.07042618,-0.03935597,-0.005756631,0.9967238,351.9033,355.502,359.6567,0.4209601,-0.1093336,-0.9004655,0,0,0,0.8976165,-0.4594032,-0.8708046,-0.3086999,-0.4008,2.069,0.9968359,-0.00593216,0.07926489,0.01701892,0.990014,-0.1399378,-0.07764322,0.140844,0.9869825,static,-8.476802629628372,-11.837394768785508,-8.486070519988186,-10.963361697755134,-0.4751885,-0.10356009999999999,2.0736844,-0.14434013682467786,-0.20298672756457492,0.9684845208099798,-9.115190443502355,-11.12272433890436,0.8655228454830078,0.8740822061147953,0.6489902384139004
05/10/2023 16:35:59.259171,4464,True,True,True,True,Eyes,1.372964,-0.3563794,-2.935554,-0.2225871,-0.06368508,0.9728305,0.0,0.0,0.0,0.0,0.0,0.0,0.0,-1.136909,-0.08380246,3.062957,1.372777,-0.3558241,-2.944514,-0.07049359,-0.03939862,-0.005855299,0.9967167,351.8951,355.4978,359.646,0.4209731,-0.1093315,-0.9004597,0,0,0,0.8973638,-0.4590255,-0.8708632,-0.3086999,-0.4008,2.069,0.9968269,-0.006117448,0.07936405,0.01722685,0.9899927,-0.1400629,-0.07771301,0.1409857,0.9869568,static,-8.473726262272049,-11.846343560851157,-8.486070519988186,-10.963361697755134,-0.47541319999999987,-0.1032014,2.0736508,-0.14428346424216112,-0.2031396889922656,0.9684609114123673,-9.11270013810127,-11.13138325454391,0.8745092318557647,0.8830681464389285,0.6487649203234351
05/10/2023 16:35:59.273140,4465,True,True,True,True,Eyes,1.373083,-0.3563682,-2.935547,-0.2226317,-0.06368196,0.9728205,0.0,0.0,0.0,0.0,0.0,0.0,0.0,-1.136509,-0.0838179,3.06306,1.372748,-0.3558419,-2.944478,-0.07051034,-0.03945833,-0.005826935,0.9967133,351.8933,355.4907,359.6498,0.4209875,-0.1093292,-0.9004533,0,0,0,0.8971024,-0.4589971,-0.8708779,-0.3086998,-0.4007999,2.069,0.9968182,-0.006051125,0.07947901,0.01718001,0.9899887,-0.1400973,-0.07783557,0.141017,0.9869427,static,-8.469957389706115,-11.847360337046545,-8.486067811043153,-10.963359028665995,-0.4756456000000001,-0.1031552,2.0736001,-0.1442191755177056,-0.20315879972260428,0.9684664798550571,-9.109121556839009,-11.132392968196053,0.8756888042662371,0.884148097828742,0.645576055057263
05/10/2023 16:35:59.283503,4466,True,True,True,True,Eyes,1.373195,-0.3563581,-2.935539,-0.2226678,-0.06368297,0.9728122,0.0,0.0,0.0,0.0,0.0,0.0,0.0,-1.136691,-0.08343491,3.063003,1.372731,-0.3558126,-2.94449,-0.07045062,-0.03942534,-0.00580799,0.9967189,351.9002,355.4944,359.6514,0.4210035,-0.1093267,-0.9004461,0,0,0,0.8972309,-0.4592321,-0.8708697,-0.3087,-0.4008,2.069,0.9968238,-0.006022787,0.07941031,0.01713295,0.990006,-0.139981,-0.0777736,0.1408969,0.9869648,static,-8.476037802438356,-11.840323421109066,-8.48607322893318,-10.963361697755134,-0.47550009999999987,-0.1034195,2.0736203,-0.1443256894153665,-0.2030366730081115,0.9684762522035724,-9.114608661796828,-11.125556293028483,0.8684529336031225,0.8770191411895352,0.6491254710000055
05/10/2023 16:35:59.308401,4467,True,True,True,True,Eyes,1.373322,-0.3563471,-2.93553,-0.2226754,-0.06370542,0.972809,0.0,0.0,0.0,0.0,0.0,0.0,0.0,-1.136994,-0.08286715,3.062856,1.372681,-0.3558298,-2.944459,-0.07042994,-0.03936116,-0.005644118,0.9967238,351.9034,355.5004,359.6697,0.4210208,-0.109324,-0.9004384,0,0,0,0.8975275,-0.4594627,-0.8707705,-0.3087,-0.4007999,2.069,0.9968377,-0.005706847,0.07925945,0.01679566,0.9900155,-0.1399541,-0.07766938,0.1408427,0.9869807,static,-8.48640688226958,-11.835980109841609,-8.48607322893318,-10.963359028665995,-0.4751535,-0.10363290000000003,2.0736885000000003,-0.14450336680405018,-0.20295794018870683,0.9684662700787198,-9.124372187617633,-11.121286510400704,0.8637927847568894,0.872621144963063,0.6575459300647557
05/10/2023 16:35:59.323255,4468,True,True,True,True,Eyes,1.373444,-0.3563369,-2.935522,-0.2226739,-0.06373025,0.9728077,0.0,0.0,0.0,0.0,0.0,0.0,0.0,-1.137447,-0.08208251,3.062698,1.372676,-0.3558312,-2.94445,-0.07040478,-0.03927617,-0.005398087,0.9967304,351.9074,355.5083,359.6973,0.4210397,-0.1093211,-0.9004299,0,0,0,0.8979964,-0.45976,-0.8706674,-0.3087,-0.4008,2.069,0.9968565,-0.005230415,0.0790556,0.01629134,0.990028,-0.1399251,-0.0775354,0.1407732,0.9870011,static,-8.499883631512668,-11.829568509689249,-8.48607322893318,-10.963361697755134,-0.4746796,-0.10392879999999999,2.0737826,-0.14473468842659432,-0.20284262982224716,0.9684558684722882,-9.137021225316806,-11.114997301422486,0.8571501437835178,0.8663168982886518,0.6683761293578789
05/10/2023 16:35:59.343321,4469,True,True,True,True,Eyes,1.373562,-0.3563262,-2.935514,-0.2226448,-0.06374773,0.9728132,0.0,0.0,0.0,0.0,0.0,0.0,0.0,-1.137968,-0.08160886,3.062534,1.372668,-0.3558376,-2.944471,-0.07038943,-0.03918326,-0.005253151,0.996736,351.9099,355.5178,359.7132,0.42106,-0.109318,-0.9004208,0,0,0,0.8984438,-0.4599414,-0.8705928,-0.3087,-0.4007999,2.069,0.9968742,-0.004955835,0.07885025,0.01598818,0.9900354,-0.1399077,-0.07737118,0.140731,0.98702,static,-8.511103422114777,-11.825979317312504,-8.48607322893318,-10.963359028665995,-0.4742242,-0.10410380000000002,2.0738782000000002,-0.1449263646518537,-0.2027762092949954,0.9684410978031566,-9.14764469440171,-11.111448810740807,0.8535126310141014,0.8629833561287811,0.6779434987350669
05/10/2023 16:35:59.359153,4470,True,True,True,True,Eyes,1.373673,-0.3563162,-2.935507,-0.222613,-0.06376016,0.9728197,0.0,0.0,0.0,0.0,0.0,0.0,0.0,-1.138879,-0.08135286,3.062181,1.372667,-0.3558188,-2.944452,-0.0703774,-0.03903161,-0.00518269,0.9967431,351.9116,355.5348,359.72,0.4210812,-0.1093148,-0.9004112,0,0,0,0.8991034,-0.4600233,-0.8704279,-0.3087,-0.4008,2.069,0.9968994,-0.004837733,0.07853846,0.0158255,0.9900403,-0.1398918,-0.07707948,0.140701,0.9870471,static,-8.527846083726025,-11.824198257511714,-8.48607322893318,-10.963361697755134,-0.4735636000000001,-0.10420450000000003,2.0740241,-0.14521054280027418,-0.20273757458384953,0.9684066545577962,-9.163687160490792,-11.109603387726327,0.851881547905094,0.8618494961483053,0.6932151701503618
05/10/2023 16:35:59.374841,4471,True,True,True,True,Eyes,1.37379,-0.3563069,-2.935501,-0.2225609,-0.06377534,0.9728306,0.0,0.0,0.0,0.0,0.0,0.0,0.0,-1.13916,-0.08170715,3.062089,1.372628,-0.3558278,-2.944491,-0.07042797,-0.03897965,-0.00520663,0.9967415,351.9057,355.541,359.7171,0.4211033,-0.1093114,-0.9004013,0,0,0,0.8992674,-0.4597998,-0.8704091,-0.3087001,-0.4008,2.069,0.996907,-0.004888811,0.07843865,0.01586984,0.9900256,-0.139991,-0.07697188,0.1408028,0.9870409,static,-8.53059153833973,-11.831445437857626,-8.486075937878136,-10.963361697755134,-0.4733605999999999,-0.10397199999999995,2.0740819000000004,-0.14525321883440742,-0.20285877439132566,0.9683748471371914,-9.16671778255555,-11.116576184960833,0.8590978373886298,0.8692243775428682,0.6976732758358871
05/10/2023 16:35:59.393498,4472,True,True,True,True,Eyes,1.373901,-0.356297,-2.935494,-0.2225146,-0.0637844,0.9728406,0.0,0.0,0.0,0.0,0.0,0.0,0.0,-1.139274,-0.08173448,3.062057,1.372591,-0.3558498,-2.944517,-0.07042051,-0.0389563,-0.005244299,0.9967427,351.9064,355.544,359.7125,0.4211262,-0.109308,-0.900391,0,0,0,0.8993077,-0.4598228,-0.8704178,-0.3087,-0.4007999,2.069,0.9969098,-0.004967787,0.07839743,0.01594108,0.9900269,-0.1399736,-0.07692021,0.1407908,0.9870467,static,-8.529939396275264,-11.831937655975434,-8.48607322893318,-10.963359028665995,-0.47328329999999985,-0.10397299999999998,2.0740992,-0.1452419310711866,-0.20286743385787592,0.9683747289368476,-9.166115347242439,-11.117056113031747,0.8595742896190656,0.8696856170226307,0.6971944322906475
05/10/2023 16:35:59.403328,4473,True,True,True,True,Eyes,1.374014,-0.3562877,-2.935489,-0.2224672,-0.06379323,0.9728508,0.0,0.0,0.0,0.0,0.0,0.0,0.0,-1.139067,-0.08231047,3.062082,1.372579,-0.3558256,-2.944488,-0.07047392,-0.03899208,-0.00533508,0.9967369,351.8998,355.5406,359.7025,0.4211496,-0.1093044,-0.9003805,0,0,0,0.8991025,-0.4595046,-0.8704178,-0.3087,-0.4007999,2.069,0.9969023,-0.005139493,0.07848167,0.01613119,0.9900099,-0.1400719,-0.07697774,0.140904,0.987026,static,-8.521763475229687,-11.840334515761441,-8.48607322893318,-10.963359028665995,-0.47347649999999997,-0.10367899999999997,2.0740702000000004,-0.1450992465826247,-0.20301363298183334,0.9683654185249417,-9.158680693898738,-11.125220998504991,0.867758592963188,0.8777014291016058,0.6918092939586425
05/10/2023 16:35:59.423084,4474,True,True,True,True,Eyes,1.374122,-0.3562776,-2.935482,-0.2224238,-0.06379776,0.9728605,0.0,0.0,0.0,0.0,0.0,0.0,0.0,-1.138685,-0.08241078,3.062245,1.372557,-0.355843,-2.94452,-0.07049727,-0.03904983,-0.005320677,0.9967332,351.8972,355.5338,359.7048,0.4211737,-0.1093008,-0.9003696,0,0,0,0.8988502,-0.4594373,-0.8704983,-0.3087,-0.4007999,2.069,0.9968936,-0.005100778,0.07859471,0.0161124,0.9900036,-0.1401184,-0.07709435,0.1409495,0.9870105,static,-8.512765066374026,-11.842770252240035,-8.48607322893318,-10.963359028665995,-0.4737068,-0.10359429999999997,2.0740217,-0.14494576625379726,-0.2030594311886405,0.9683788750784237,-9.150137047848158,-11.127639588501049,0.8701252684663674,0.8798162048598328,0.6840824935135126
05/10/2023 16:35:59.443372,4475,True,True,True,True,Eyes,1.37421,-0.3562714,-2.935477,-0.2223763,-0.06379346,0.9728716,0.0,0.0,0.0,0.0,0.0,0.0,0.0,-1.138542,-0.08278582,3.062249,1.372534,-0.3558144,-2.944495,-0.07054146,-0.03907082,-0.005352741,0.996729,351.892,355.5316,359.7015,0.4211982,-0.1092971,-0.9003586,0,0,0,0.8987247,-0.459199,-0.8704854,-0.3087001,-0.4007998,2.069,0.9968897,-0.005158238,0.07864121,0.01618269,0.9899905,-0.1402031,-0.07713085,0.1410397,0.9869947,static,-8.507136911561846,-11.848147231321617,-8.486075937878136,-10.963356359576805,-0.4738092999999999,-0.10338460000000005,2.0740096,-0.1448477570791666,-0.2031532474398589,0.9683738223180116,-9.144997773401458,-11.132870992629082,0.8754680016029858,0.885041496956753,0.6803772454662729
05/10/2023 16:35:59.463454,4476,True,True,True,True,Eyes,1.374294,-0.3562653,-2.935471,-0.2223248,-0.06378867,0.9728837,0.0,0.0,0.0,0.0,0.0,0.0,0.0,-1.138175,-0.08281532,3.062394,1.372514,-0.355878,-2.944506,-0.07058123,-0.03912431,-0.00529017,0.9967245,351.8877,355.5249,359.7093,0.4212225,-0.1092935,-0.9003477,0,0,0,0.8985149,-0.4591467,-0.8705345,-0.3087001,-0.4007999,2.069,0.9968826,-0.005022801,0.07873907,0.01606857,0.9899806,-0.1402861,-0.07724552,0.141114,0.9869752,static,-8.49892227090427,-11.85090395911709,-8.486075937878136,-10.963359028665995,-0.4739991,-0.10326869999999999,2.0739715,-0.1447073613415402,-0.2032040614173275,0.9683841664536709,-9.13722657077671,-11.135593410454842,0.878285320792557,0.8876378945502827,0.6735442294269914
05/10/2023 16:35:59.478295,4477,True,True,True,True,Eyes,1.374379,-0.356261,-2.935467,-0.2222864,-0.06378391,0.9728928,0.0,0.0,0.0,0.0,0.0,0.0,0.0,-1.138513,-0.08269364,3.062225,1.372501,-0.3558782,-2.944464,-0.07060942,-0.03906261,-0.005179892,0.9967256,351.8849,355.5311,359.7216,0.4212466,-0.10929,-0.9003369,0,0,0,0.898812,-0.4591131,-0.8704196,-0.3087001,-0.4008,2.069,0.9968946,-0.004809485,0.0786009,0.01584224,0.989975,-0.1403518,-0.07713791,0.1411611,0.9869769,static,-8.505550283314061,-11.851640282250367,-8.486075937878136,-10.963361697755134,-0.4736889999999999,-0.10323490000000002,2.0740444,-0.14481910662875774,-0.20321315139260798,0.9683655676179433,-9.14365386463529,-11.136253813210311,0.8789315865530039,0.8884920336182037,0.6799267705751876
05/10/2023 16:35:59.493279,4478,True,True,True,True,Eyes,1.374459,-0.3562576,-2.935462,-0.2222431,-0.06378418,0.9729027,0.0,0.0,0.0,0.0,0.0,0.0,0.0,-1.138649,-0.08273894,3.06226,1.372506,-0.3559178,-2.944546,-0.07064106,-0.03903807,-0.005134173,0.9967245,351.8815,355.5335,359.7269,0.4212705,-0.1092866,-0.9003261,0,0,0,0.8989413,-0.459055,-0.8704688,-0.3087001,-0.4007999,2.069,0.9968994,-0.00471933,0.07854576,0.01575009,0.989967,-0.1404185,-0.07709504,0.1412202,0.9869717,static,-8.506608004460348,-11.85432777067659,-8.486075937878136,-10.963359028665995,-0.47356469999999995,-0.10313719999999998,2.0740771999999996,-0.14483560752934477,-0.20325808186968575,0.9683536955727665,-9.144815901809686,-11.138839251736707,0.8815855902195373,0.891205287797419,0.6817122917840687
05/10/2023 16:35:59.503050,4479,True,True,True,True,Eyes,1.374546,-0.3562535,-2.935458,-0.2221923,-0.06378977,0.9729139,0.0,0.0,0.0,0.0,0.0,0.0,0.0,-1.139067,-0.08230543,3.06205,1.372495,-0.3559393,-2.94448,-0.07060672,-0.03896578,-0.005060743,0.9967301,351.8858,355.5413,359.7346,0.421294,-0.1092833,-0.9003155,0,0,0,0.8992648,-0.4592756,-0.8703364,-0.3087,-0.4007999,2.069,0.9969121,-0.004585898,0.07839137,0.01559088,0.9899781,-0.1403573,-0.07696208,0.1411461,0.9869927,static,-8.512957461819443,-11.849323898234461,-8.48607322893318,-10.963359028665995,-0.47323020000000005,-0.10333629999999999,2.0741436,-0.1449456133652947,-0.20317019571558695,0.9683556425653755,-9.150670178782745,-11.133962439702442,0.8766097074785798,0.8863726711081253,0.6861447584924169
05/10/2023 16:35:59.523029,4480,True,True,True,True,Eyes,1.374628,-0.3562483,-2.935452,-0.2221377,-0.0638067,0.9729253,0.0,0.0,0.0,0.0,0.0,0.0,0.0,-1.139718,-0.08177659,3.06186,1.372491,-0.3559263,-2.944523,-0.07052397,-0.03885832,-0.005048195,0.9967402,351.8954,355.5536,359.7348,0.4213175,-0.1092801,-0.9003049,0,0,0,0.8997103,-0.4596157,-0.8702942,-0.3087,-0.4007999,2.069,0.9969291,-0.004582591,0.07817533,0.01554436,0.9900018,-0.1401958,-0.07675125,0.1409805,0.9870328,static,-8.522081284577824,-11.840824772337168,-8.48607322893318,-10.963359028665995,-0.47278069999999994,-0.10368940000000004,2.0742287999999998,-0.14510438126657568,-0.2030217832156735,0.9683630342921207,-9.159013015751839,-11.125691694164994,0.8682466504454245,0.8782042537973233,0.6922426243533064
05/10/2023 16:35:59.533149,4481,True,True,True,True,Eyes,1.374697,-0.3562422,-2.935448,-0.2220826,-0.0637978,0.9729384,0.0,0.0,0.0,0.0,0.0,0.0,0.0,-1.140086,-0.08078721,3.061685,1.372481,-0.3558963,-2.944465,-0.07039116,-0.03879469,-0.004969229,0.9967524,351.911,355.5604,359.7428,0.4213407,-0.1092769,-0.9002944,0,0,0,0.9000021,-0.4602021,-0.8701979,-0.3087,-0.4007999,2.069,0.9969406,-0.004444575,0.07803698,0.01536779,0.9900408,-0.1399396,-0.07663781,0.1407107,0.9870801,static,-8.526875148866798,-11.823598534834753,-8.48607322893318,-10.963359028665995,-0.47247890000000003,-0.1043058,2.0742671,-0.14519442090341395,-0.20272791217782707,0.9684110410691844,-9.16271953382174,-11.109031998758976,0.85127481309141,0.8612065981190221,0.6921494319401363
05/10/2023 16:35:59.559230,4482,True,True,True,True,Eyes,1.374764,-0.3562371,-2.935445,-0.222032,-0.06378838,0.9729506,0.0,0.0,0.0,0.0,0.0,0.0,0.0,-1.140056,-0.0807786,3.0617,1.372449,-0.3558502,-2.944489,-0.07039182,-0.038793,-0.00494503,0.9967526,351.9111,355.5604,359.7456,0.4213635,-0.1092739,-0.9002841,0,0,0,0.8999894,-0.4601723,-0.8702187,-0.3087001,-0.4008,2.069,0.9969413,-0.004396524,0.07803022,0.01531936,0.9900411,-0.1399428,-0.07663786,0.1407101,0.9870802,static,-8.524387816819853,-11.822577843930674,-8.486075937878136,-10.963361697755134,-0.4724596,-0.10432209999999997,2.0742703,-0.1451528758147984,-0.20271191620332066,0.9684206514522788,-9.160268035087586,-11.108065847373561,0.85022554830647,0.860069872694533,0.6895464269042874
05/10/2023 16:35:59.573425,4483,True,True,True,True,Eyes,1.37483,-0.3562325,-2.935442,-0.2219986,-0.06375943,0.9729601,0.0,0.0,0.0,0.0,0.0,0.0,0.0,-1.139811,-0.08077535,3.061845,1.372451,-0.3558682,-2.944542,-0.07041225,-0.03883035,-0.004896456,0.9967499,351.9089,355.5557,359.7516,0.4213856,-0.1092708,-0.900274,0,0,0,0.8998612,-0.4601437,-0.8702987,-0.3087,-0.4007999,2.069,0.9969365,-0.004292819,0.07809785,0.01522935,0.9900362,-0.1399866,-0.07671877,0.1407471,0.9870687,static,-8.51880690364595,-11.822082082744176,-8.48607322893318,-10.963359028665995,-0.47258980000000006,-0.10427549999999997,2.0742433,-0.14505871332809267,-0.20270636218275787,0.9684359038811634,-9.154862722014897,-11.107629665035502,0.8496794150915709,0.8593467152817661,0.6841735178848738
05/10/2023 16:35:59.584296,4484,True,True,True,True,Eyes,1.374892,-0.3562275,-2.935437,-0.2219687,-0.06372739,0.9729691,0.0,0.0,0.0,0.0,0.0,0.0,0.0,-1.1397,-0.08141008,3.061883,1.372539,-0.3558783,-2.944514,-0.07052562,-0.03886167,-0.004879383,0.9967409,351.896,355.5519,359.7543,0.4214073,-0.1092679,-0.9002642,0,0,0,0.8998288,-0.459693,-0.8702754,-0.3087,-0.4008,2.069,0.9969319,-0.004245473,0.07815825,0.01520845,0.9900046,-0.1402123,-0.07678178,0.1409708,0.9870318,static,-8.513980713048628,-11.83269638210468,-8.48607322893318,-10.963361697755134,-0.47271019999999997,-0.10381470000000004,2.0742385999999997,-0.144971568717734,-0.20288840076811931,0.9684109120967126,-9.15077425866559,-11.11790904574919,0.8601560983604208,0.8697825136680889,0.6824311992423292
05/10/2023 16:35:59.608213,4485,True,True,True,True,Eyes,1.374961,-0.3562259,-2.935431,-0.2219528,-0.06367944,0.9729759,0.0,0.0,0.0,0.0,0.0,0.0,0.0,-1.139569,-0.08186588,3.061845,1.372487,-0.3558635,-2.944462,-0.07056437,-0.03887879,-0.004963987,0.9967369,351.8911,355.5506,359.7448,0.4214284,-0.109265,-0.9002547,0,0,0,0.8996645,-0.4594502,-0.8702376,-0.3087,-0.4008,2.069,0.9969276,-0.004408663,0.07820441,0.01538249,0.989992,-0.1402822,-0.07680328,0.1410542,0.9870182,static,-8.509801501866258,-11.836067599265165,-8.48607322893318,-10.963361697755134,-0.47282250000000003,-0.10358669999999998,2.0742244000000003,-0.1448991221122868,-0.20294756399586417,0.9684093913044197,-9.146925095753085,-11.121193913803616,0.8634956203398497,0.8730284196215049,0.6794381489893903
05/10/2023 16:35:59.623499,4486,True,True,True,True,Eyes,1.375028,-0.3562244,-2.93543,-0.2219501,-0.063627,0.9729798,0.0,0.0,0.0,0.0,0.0,0.0,0.0,-1.139216,-0.08047915,3.062014,1.372496,-0.3559546,-2.944447,-0.07042426,-0.03893122,-0.004782747,0.9967458,351.908,355.5431,359.7656,0.4214492,-0.1092623,-0.9002452,0,0,0,0.8995478,-0.4602724,-0.8702884,-0.3087,-0.4007999,2.069,0.996923,-0.004050962,0.07828268,0.01501777,0.9900351,-0.1400177,-0.0769354,0.1407626,0.9870495,static,-8.505718193317492,-11.813073408088021,-8.48607322893318,-10.963359028665995,-0.47294819999999993,-0.10431780000000002,2.0741585999999996,-0.14484193562200104,-0.20256058599643484,0.9684988156487867,-9.141769580861997,-11.099035281634196,0.8407646297370653,0.8499414398781959,0.6695862540048526
05/10/2023 16:35:59.643166,4487,True,True,True,True,Eyes,1.375097,-0.3562192,-2.935429,-0.2219395,-0.06353508,0.9729883,0.0,0.0,0.0,0.0,0.0,0.0,0.0,-1.138219,-0.0809949,3.062488,1.372526,-0.3559585,-2.944554,-0.07051005,-0.03909618,-0.004767126,0.9967333,351.8982,355.5239,359.7691,0.4214697,-0.1092598,-0.900236,0,0,0,0.898904,-0.4599346,-0.8705322,-0.3087,-0.4007999,2.069,0.9968975,-0.003989759,0.07860918,0.01501645,0.9900113,-0.1401867,-0.07726468,0.1409322,0.9869996,static,-8.486309070557397,-11.816780769552974,-8.48607322893318,-10.963359028665995,-0.4736219999999999,-0.10397610000000002,2.0740218,-0.14451164071011469,-0.20263315791837774,0.9685330500292922,-9.123259316492229,-11.102759773921324,0.8447891391738727,0.8534217734741915,0.6522566043794038
05/10/2023 16:35:59.659297,4488,True,True,True,True,Eyes,1.375165,-0.3562135,-2.935424,-0.2219302,-0.0634304,0.9729972,0.0,0.0,0.0,0.0,0.0,0.0,0.0,-1.13823,-0.08296975,3.062465,1.372596,-0.3558685,-2.944568,-0.07073925,-0.0391126,-0.004964043,0.9967154,351.871,355.5235,359.7476,0.4214899,-0.1092572,-0.9002269,0,0,0,0.8988086,-0.4587301,-0.8705283,-0.3087001,-0.4008,2.069,0.9968911,-0.004361886,0.07867055,0.01542907,0.9899427,-0.1406255,-0.07726596,0.1414021,0.9869323,static,-8.48147469691893,-11.840968634487256,-8.486075937878136,-10.963361697755134,-0.47378739999999997,-0.1028616,2.0740396999999997,-0.14441733475355267,-0.20304482859532996,0.9684608466672332,-9.119883095383903,-11.126137787385897,0.8688865725337218,0.8776189986655384,0.654375708795049
05/10/2023 16:35:59.675085,4489,True,True,True,True,Eyes,1.37524,-0.3562077,-2.935419,-0.2219149,-0.06330401,0.9730089,0.0,0.0,0.0,0.0,0.0,0.0,0.0,-1.138486,-0.08457568,3.062253,1.372661,-0.3558521,-2.944464,-0.07090152,-0.03909238,-0.005212928,0.9967034,351.8513,355.5278,359.7194,0.4215098,-0.1092546,-0.9002179,0,0,0,0.8988326,-0.4578375,-0.8703905,-0.3087001,-0.4008,2.069,0.9968892,-0.004848068,0.07866623,0.01593491,0.9898916,-0.140928,-0.07718782,0.1417431,0.9868895,static,-8.479461114012917,-11.857438929538452,-8.486075937878136,-10.963361697755134,-0.4738283999999999,-0.1019854,2.0740735,-0.1443747391136542,-0.2033244878020367,0.968408502321827,-9.118816170129602,-11.142046955797445,0.8852635151028495,0.8941017013114825,0.6574865952635738
05/10/2023 16:35:59.683161,4490,True,True,True,True,Eyes,1.375309,-0.356201,-2.935414,-0.2218951,-0.06319355,0.9730207,0.0,0.0,0.0,0.0,0.0,0.0,0.0,-1.139059,-0.08525166,3.062015,1.372649,-0.3558551,-2.944462,-0.07082807,-0.03901695,-0.005664659,0.9967092,351.8577,355.5403,359.6663,0.4215297,-0.109252,-0.9002089,0,0,0,0.8989071,-0.4577917,-0.870366,-0.3087,-0.4007999,2.069,0.9968911,-0.005765046,0.07857952,0.01681903,0.9899026,-0.1407479,-0.07697465,0.141632,0.9869221,static,-8.479701165156602,-11.852341130020658,-8.48607322893318,-10.963359028665995,-0.47374190000000005,-0.10193660000000004,2.074096,-0.14438145510726458,-0.20323814419607894,0.9684257302235132,-9.118777079242555,-11.13712573275826,0.8802106698329845,0.8890049379647598,0.656131869099039
05/10/2023 16:35:59.703012,4491,True,True,True,True,Eyes,1.375345,-0.3561977,-2.935411,-0.2218744,-0.06308659,0.9730323,0.0,0.0,0.0,0.0,0.0,0.0,0.0,-1.139407,-0.08445311,3.061882,1.372578,-0.3558223,-2.944474,-0.07068703,-0.03894993,-0.005676986,0.9967218,351.8739,355.5482,359.6637,0.4215495,-0.1092494,-0.9002,0,0,0,0.8991058,-0.4583383,-0.8703444,-0.3087,-0.4007998,2.069,0.9969013,-0.005810242,0.07844705,0.01682326,0.9899423,-0.1404684,-0.07684189,0.1413528,0.9869725,static,-8.485379155304264,-11.830453076763458,-8.48607322893318,-10.963356359576805,-0.4734722000000001,-0.102516,2.0741296,-0.1444888355812428,-0.2028649470385415,0.9684879006533352,-9.123088410881167,-11.115960667576044,0.858354566415888,0.867096994974653,0.6550392483295591
05/10/2023 16:35:59.723237,4492,True,True,True,True,Eyes,1.37538,-0.3561961,-2.93541,-0.2218627,-0.06300054,0.9730405,0.0,0.0,0.0,0.0,0.0,0.0,0.0,-1.138384,-0.0834744,3.062274,1.372533,-0.3558567,-2.944474,-0.07064226,-0.03909807,-0.005400476,0.9967207,351.8802,355.5288,359.6966,0.4215682,-0.109247,-0.9001916,0,0,0,0.898587,-0.4587821,-0.8704733,-0.3087,-0.4007998,2.069,0.9968843,-0.00524158,0.07870271,0.01628948,0.989961,-0.1403989,-0.0771767,0.1412435,0.986962,static,-8.471375689764763,-11.814132789279677,-8.48607322893318,-10.963356359576805,-0.473946,-0.1029254,2.0740007,-0.14426032603786604,-0.20259588939652534,0.9685782385862853,-9.108725698999882,-11.100317456522694,0.8427352985648433,0.8509033734776078,0.6375377953947413
05/10/2023 16:35:59.743216,4493,True,True,True,True,Eyes,1.375417,-0.3561934,-2.935408,-0.2218359,-0.06292744,0.9730514,0.0,0.0,0.0,0.0,0.0,0.0,0.0,-1.137585,-0.08197248,3.062649,1.37255,-0.3558925,-2.944501,-0.07046126,-0.03922537,-0.005243346,0.9967293,351.9016,355.5128,359.715,0.4215859,-0.1092446,-0.9001836,0,0,0,0.8981575,-0.4597043,-0.8706462,-0.3086999,-0.4007999,2.069,0.9968678,-0.004924655,0.07893303,0.01598013,0.9900154,-0.1400502,-0.07745522,0.1408729,0.9869932,static,-8.456614802263696,-11.785579289377466,-8.486070519988186,-10.963359028665995,-0.4743924999999999,-0.10381180000000001,2.0738548,-0.14402525467883856,-0.20212017655481318,0.9687126594196397,-9.092983948191069,-11.072874854663654,0.8152884688086195,0.8227477112888892,0.6167151899190794
05/10/2023 16:35:59.759391,4494,True,True,True,True,Eyes,1.375453,-0.3561902,-2.935406,-0.2218056,-0.06286596,0.9730622,0.0,0.0,0.0,0.0,0.0,0.0,0.0,-1.13815,-0.08110443,3.06246,1.372566,-0.3558667,-2.944495,-0.07034639,-0.0391334,-0.00516963,0.9967414,351.9152,355.5229,359.7222,0.4216028,-0.1092424,-0.900176,0,0,0,0.8985894,-0.4602147,-0.8705717,-0.3087,-0.4007999,2.069,0.9968837,-0.004799782,0.07873908,0.01581135,0.9900493,-0.1398297,-0.07728443,0.1406389,0.9870399,static,-8.466077200301028,-11.767557792710905,-8.48607322893318,-10.963359028665995,-0.47397659999999997,-0.104348,2.0739232999999997,-0.14419462766258723,-0.20181042637804236,0.9687519596600989,-9.10114791375449,-11.055412403213953,0.796898052674174,0.804447321614299,0.6219249887837772
05/10/2023 16:35:59.773303,4495,True,True,True,True,Eyes,1.375495,-0.3561864,-2.935406,-0.2217863,-0.06279188,0.9730715,0.0,0.0,0.0,0.0,0.0,0.0,0.0,-1.138389,-0.08026713,3.06241,1.372592,-0.3558489,-2.944501,-0.07025985,-0.03909341,-0.005039379,0.9967497,351.9257,355.5265,359.7365,0.4216189,-0.1092402,-0.9001687,0,0,0,0.8988453,-0.4606606,-0.8705496,-0.3087,-0.4008,2.069,0.9968926,-0.004552605,0.07864081,0.01553939,0.9900763,-0.139669,-0.07722456,0.140457,0.9870705,moving,-8.471090473645988,-11.75072415752591,-8.48607322893318,-10.963361697755134,-0.4737467000000001,-0.10481169999999995,2.0739514,-0.14428812483807474,-0.20152304408695876,0.9687979804409753,-9.105086732308202,-11.039129911116484,0.7799799510278684,0.7875050006268423,0.623633337399942
05/10/2023 16:35:59.793279,4496,True,True,True,True,Eyes,1.375534,-0.3561788,-2.935405,-0.2217632,-0.06271568,0.9730816,0.0,0.0,0.0,0.0,0.0,0.0,0.0,-1.138416,-0.08001268,3.062452,1.372627,-0.3558417,-2.944533,-0.07025538,-0.03909012,-0.004944124,0.9967507,351.9266,355.5261,359.7475,0.4216345,-0.1092381,-0.9001616,0,0,0,0.9000118,-0.45805,-0.8707283,-0.3076571,-0.3980919,2.069142,0.9968951,-0.004363535,0.07862091,0.0153487,0.9900795,-0.1396677,-0.07723151,0.1404407,0.9870723,moving,-8.47137123858589,-11.743775301391382,-8.457247521236871,-10.890332911508553,-0.4726152,-0.10220830000000003,2.0738046999999997,-0.14429642879345395,-0.20140528413689945,0.9688211526436926,-9.104988676715251,-11.032422099448643,0.8445650046621724,0.8535592494025651,0.6631424747593397
05/10/2023 16:35:59.803420,4497,True,True,True,True,Eyes,1.375567,-0.3561723,-2.935405,-0.221761,-0.06261896,0.9730884,0.0,0.0,0.0,0.0,0.0,0.0,0.0,-1.138752,-0.08052307,3.062263,1.37258,-0.3557445,-2.944514,-0.07031414,-0.03902858,-0.004972524,0.9967487,351.9198,355.5334,359.744,0.4216495,-0.109236,-0.9001548,0,0,0,0.9012384,-0.4550787,-0.8707923,-0.3066503,-0.3954773,2.069279,0.9969041,-0.004424191,0.07850266,0.01540124,0.9900624,-0.1397829,-0.0771041,0.1405592,0.9870654,moving,-8.477983029682264,-11.745620427716867,-8.429419617732552,-10.819801531943018,-0.4713415999999999,-0.09933419999999998,2.0737217,-0.14440739123833843,-0.201433202291314,0.9687988851446133,-9.111459162326527,-11.034152626568742,0.9163869976804553,0.92709170676482,0.7149295994412339
05/10/2023 16:35:59.828092,4498,True,True,True,True,Eyes,1.375597,-0.356167,-2.935405,-0.2217671,-0.06252331,0.9730932,0.0,0.0,0.0,0.0,0.0,0.0,0.0,-1.138776,-0.08123788,3.062265,1.372553,-0.3557594,-2.944556,-0.07041643,-0.03902102,-0.005015019,0.9967416,351.9079,355.5346,359.7395,0.4216639,-0.1092338,-0.9001483,0,0,0,0.9023665,-0.4517496,-0.8709782,-0.3055355,-0.3925828,2.069431,0.9969044,-0.004501915,0.07849403,0.0154928,0.9900327,-0.1399826,-0.07708147,0.1407654,0.9870378,moving,-8.478771736048182,-11.752663617914305,-8.398605009501459,-10.741690068020329,-0.47018649999999995,-0.09599019999999997,2.0735778,-0.14441712952222807,-0.20155201064684197,0.9687727631012245,-9.112593003470227,-11.040943378596765,1.0016895494831892,1.0141470419177112,0.7741649691264146
05/10/2023 16:35:59.843013,4499,True,True,True,True,Eyes,1.375607,-0.3561614,-2.935405,-0.22178,-0.06239411,0.9730985,0.0,0.0,0.0,0.0,0.0,0.0,0.0,-1.138078,-0.08139175,3.062491,1.372543,-0.3557839,-2.944528,-0.07046071,-0.03913151,-0.004974481,0.9967343,351.9029,355.5215,359.7452,0.4216776,-0.1092316,-0.9001421,0,0,0,0.9029232,-0.4490961,-0.8711891,-0.3045579,-0.3900443,2.069563,0.996888,-0.004402004,0.07870845,0.01543094,0.9900211,-0.1400719,-0.07730642,0.1408506,0.987008,moving,-8.467257262607264,-11.74910185436913,-8.371587652486944,-10.67316842632862,-0.46961980000000003,-0.09331220000000001,2.0733389,-0.14422408010839682,-0.20149750966741375,0.968812805643928,-9.101306126972588,-11.037593384471286,1.0666675200821147,1.080178418538148,0.8156559336650095
05/10/2023 16:35:59.860931,4500,True,True,True,True,Eyes,1.375617,-0.3561581,-2.935402,-0.2217992,-0.06226437,0.9731024,0.0,0.0,0.0,0.0,0.0,0.0,0.0,-1.137692,-0.08238921,3.062571,1.372537,-0.3557419,-2.944498,-0.07057736,-0.03919731,-0.00507218,0.9967231,351.8891,355.5146,359.735,0.4216902,-0.1092294,-0.9001365,0,0,0,0.9036665,-0.4458042,-0.8713627,-0.3035184,-0.3873449,2.069705,0.9968756,-0.004578232,0.07885367,0.015644,0.9899862,-0.1402945,-0.07742174,0.1410898,0.9869648,moving,-8.459477930019565,-11.756795137668846,-8.342852743636948,-10.60027113777771,-0.46887049999999986,-0.09006229999999998,2.0731352999999997,-0.1440884735351123,-0.2016316117598836,0.9688050488675878,-9.094216387198534,-11.045076313546382,1.147512353148479,1.162389434063718,0.8731546078769443
05/10/2023 16:35:59.876810,4501,True,True,True,True,Eyes,1.375603,-0.3561575,-2.935402,-0.2217917,-0.06212195,0.9731132,0.0,0.0,0.0,0.0,0.0,0.0,0.0,-1.137231,-0.08288148,3.062694,1.372543,-0.3557939,-2.944452,-0.07063814,-0.03927694,-0.005140256,0.9967152,351.8818,355.506,359.7281,0.4217018,-0.1092274,-0.9001313,0,0,0,0.904357,-0.4429232,-0.8715387,-0.3025016,-0.3847048,2.069844,0.9968618,-0.004697841,0.07902204,0.01579564,0.9899676,-0.1404084,-0.07756965,0.141216,0.9869351,moving,-8.448719545405792,-11.75669741811904,-8.314744656719766,-10.528950736222003,-0.4681860000000001,-0.08712930000000002,2.0729133,-0.14390644430471455,-0.20163535413115158,0.968831313556138,-9.083842027009695,-11.045063421068582,1.2190060499882525,1.2350348925061267,0.9262197732970444
05/10/2023 16:35:59.893164,4502,True,True,True,True,Eyes,1.37559,-0.3561574,-2.935402,-0.2217822,-0.06199449,0.9731236,0.0,0.0,0.0,0.0,0.0,0.0,0.0,-1.136901,-0.08239049,3.062851,1.37255,-0.3558192,-2.944468,-0.07056648,-0.0393313,-0.005123093,0.9967183,351.8901,355.4996,359.7302,0.4217119,-0.1092255,-0.9001269,0,0,0,0.9051936,-0.4406294,-0.8717715,-0.3014828,-0.3820588,2.069982,0.9968536,-0.00466162,0.07912748,0.0157635,0.9899883,-0.1402668,-0.0776814,0.1410728,0.9869468,moving,-8.441623382952812,-11.740618639156502,-8.286586053298064,-10.457453916067742,-0.4673563999999999,-0.0848102,2.0726965,-0.14379457811300503,-0.2013667954807561,0.9689038832037338,-9.076149543898032,-11.029601000391288,1.2753637135049976,1.2924969168883647,0.975070659895138
05/10/2023 16:35:59.903180,4503,True,True,True,True,Eyes,1.375558,-0.3561591,-2.935404,-0.2217528,-0.06185072,0.9731394,0.0,0.0,0.0,0.0,0.0,0.0,0.0,-1.137005,-0.08153751,3.062837,1.372564,-0.3558304,-2.944462,-0.07046545,-0.03931354,-0.00503241,0.9967266,351.9021,355.5009,359.7401,0.4217207,-0.1092239,-0.9001229,0,0,0,0.9063915,-0.4384422,-0.8719156,-0.3004418,-0.3793561,2.070124,0.9968582,-0.004491381,0.07907892,0.01557236,0.9900186,-0.1400739,-0.07766047,0.1408653,0.9869781,moving,-8.442676885716953,-11.718860704043927,-8.257809672428733,-10.384395737194136,-0.4661724999999999,-0.08261180000000001,2.0725464000000002,-0.14382350769928945,-0.20099797849315965,0.9689761188901683,-9.076010592672349,-11.008596492952357,1.3287431338536535,1.3472092021280004,1.0291157997896219
05/10/2023 16:35:59.922999,4504,True,True,True,True,Eyes,1.375528,-0.3561569,-2.935405,-0.2217219,-0.06172476,0.9731544,0.0,0.0,0.0,0.0,0.0,0.0,0.0,-1.137177,-0.08080202,3.062833,1.372552,-0.3558386,-2.944508,-0.07034343,-0.03928383,-0.005035848,0.9967363,351.9161,355.5045,359.7389,0.4217277,-0.1092225,-0.9001198,0,0,0,0.9075523,-0.4363092,-0.8721086,-0.2994175,-0.3766959,2.070263,0.9968628,-0.004512106,0.07901972,0.01556554,0.9900529,-0.139832,-0.07760275,0.1406234,0.9870171,moving,-8.443573286145226,-11.697749536461329,-8.229497519186047,-10.312466573894636,-0.4649997,-0.0804706,2.0723994,-0.14384943224098387,-0.20064016490622127,0.9690463860137857,-9.075754536117598,-10.988217308769636,1.3819580820603905,1.4017265497866245,1.082954290074143
05/10/2023 16:35:59.943144,4505,True,True,True,True,Eyes,1.375453,-0.3561562,-2.935409,-0.2216822,-0.06156748,0.9731733,0.0,0.0,0.0,0.0,0.0,0.0,0.0,-1.137142,-0.07961136,3.062839,1.372568,-0.3557451,-2.944472,-0.070237,-0.03928218,-0.004783009,0.9967451,351.9294,355.5026,359.7675,0.4217333,-0.1092213,-0.9001173,0,0,0,0.9087611,-0.4341513,-0.8722267,-0.2983719,-0.3739811,2.070405,0.9968681,-0.004016757,0.07898053,0.01505301,0.9900877,-0.139641,-0.07763675,0.1403925,0.9870474,moving,-8.444513068732395,-11.671132617729516,-8.200595943032166,-10.239036439661122,-0.4638069,-0.07840620000000004,2.0722453,-0.14387886195886648,-0.20018908314512507,0.9691351960868084,-9.075248191250399,-10.962524713989138,1.4316799947881311,1.4527198723249988,1.1350999244134148
05/10/2023 16:35:59.959558,4506,True,True,True,True,Eyes,1.375378,-0.3561574,-2.935415,-0.221642,-0.0614087,0.9731926,0.0,0.0,0.0,0.0,0.0,0.0,0.0,-1.136853,-0.08076301,3.062915,1.372595,-0.3557039,-2.944463,-0.07043324,-0.03933115,-0.004750214,0.9967295,351.907,355.4966,359.7726,0.4217364,-0.1092202,-0.9001159,0,0,0,0.9096395,-0.4306963,-0.8723814,-0.2973593,-0.3713517,2.070543,0.996861,-0.003928914,0.07907417,0.0150098,0.9900332,-0.1400321,-0.07773589,0.1407794,0.9869844,moving,-8.437305659786244,-11.683476258359102,-8.172604422576248,-10.167891147119983,-0.46295549999999996,-0.07499239999999996,2.0720815999999997,-0.14375058994485973,-0.20040166338379597,0.9691104077957077,-9.068956403621508,-10.974490937633023,1.5161545154635687,1.538526884519798,1.2058399960108483
05/10/2023 16:35:59.973278,4507,True,True,True,True,Eyes,1.375278,-0.3561616,-2.935421,-0.2215707,-0.06124731,0.973219,0.0,0.0,0.0,0.0,0.0,0.0,0.0,-1.137272,-0.08172134,3.062786,1.372536,-0.3557496,-2.944539,-0.07047722,-0.0392649,-0.005044121,0.9967275,351.9007,355.5067,359.7384,0.4217372,-0.1092194,-0.9001157,0,0,0,0.9108014,-0.4276201,-0.8725681,-0.2963107,-0.3686282,2.070686,0.9968656,-0.004520666,0.07898381,0.01558979,0.990015,-0.1400971,-0.07756183,0.1408893,0.9869825,moving,-8.43619492633848,-11.685420101866395,-8.14361717521713,-10.09417602297559,-0.4617346,-0.0718705,2.0719708999999997,-0.14373079776117542,-0.20043512286719578,0.9691064179634115,-9.067988981746339,-10.976375162874431,1.5940781103581072,1.6179182485701409,1.2777865859150062
05/10/2023 16:35:59.993206,4508,True,True,True,True,Eyes,1.375182,-0.3561647,-2.935426,-0.2215097,-0.0610926,0.9732426,0.0,0.0,0.0,0.0,0.0,0.0,0.0,-1.137422,-0.08114302,3.062695,1.372487,-0.3557822,-2.944506,-0.07039723,-0.03923248,-0.005023343,0.9967345,351.91,355.5103,359.7401,0.4217354,-0.1092189,-0.9001166,0,0,0,0.9119418,-0.4253657,-0.8726683,-0.2952908,-0.3659801,2.070825,0.9968712,-0.004490163,0.07891601,0.0155376,0.990038,-0.1399406,-0.07750149,0.1407289,0.9870101,moving,-8.436059387860675,-11.666911011405508,-8.115423451021314,-10.022479267849473,-0.4605452,-0.06958350000000002,2.0718377,-0.14373789916069976,-0.20012183736917477,0.9691700975455567,-9.06687636908288,-10.958514807023787,1.6503116047156703,1.6753994040847684,1.3347004105360945
05/10/2023 16:36:00.013111,4509,True,True,True,True,Eyes,1.375067,-0.3561684,-2.935431,-0.2214402,-0.06089356,0.9732709,0.0,0.0,0.0,0.0,0.0,0.0,0.0,-1.136619,-0.08090311,3.062966,1.372472,-0.3557597,-2.94448,-0.07043043,-0.03935288,-0.00483334,0.9967284,351.907,355.4948,359.7632,0.4217312,-0.1092186,-0.9001186,0,0,0,0.9125436,-0.4227513,-0.8728864,-0.294285,-0.3633685,2.070962,0.996856,-0.004091775,0.07912909,0.01517834,0.9900324,-0.1400196,-0.07776744,0.1407804,0.9869818,moving,-8.420510521890328,-11.65481142227324,-8.087619635502941,-9.951749497362451,-0.4599283999999999,-0.06699159999999998,2.0715936,-0.1434807763851288,-0.19992470556856895,0.9692488903906806,-9.051248089204456,-10.94695628863987,1.7094223656213985,1.7352914055917597,1.385285657973787
05/10/2023 16:36:00.028322,4510,True,True,True,True,Eyes,1.374959,-0.3561729,-2.935433,-0.2213711,-0.06070932,0.9732981,0.0,0.0,0.0,0.0,0.0,0.0,0.0,-1.136408,-0.08119372,3.062999,1.37248,-0.3557425,-2.94444,-0.07049908,-0.03938624,-0.004777119,0.9967226,351.8994,355.4904,359.7703,0.4217245,-0.1092187,-0.9001217,0,0,0,0.9135063,-0.4197977,-0.8730201,-0.2932436,-0.3606647,2.071103,0.9968518,-0.003969538,0.07918786,0.01507631,0.9900141,-0.1401597,-0.07784073,0.1409124,0.9869572,moving,-8.413241090584624,-11.65064375778414,-8.05883480824535,-9.878504165146767,-0.45897369999999993,-0.06405519999999998,2.0714199000000004,-0.14335979604919408,-0.19985773724326417,0.9692805737527281,-9.044020535524337,-10.942989474782514,1.7801970910719123,1.8072306296525904,1.4504205912991375
05/10/2023 16:36:00.043400,4511,True,True,True,True,Eyes,1.374847,-0.3561779,-2.935436,-0.2212687,-0.06045374,0.9733374,0.0,0.0,0.0,0.0,0.0,0.0,0.0,-1.136595,-0.08054012,3.062946,1.372548,-0.3557656,-2.944405,-0.07042504,-0.03936443,-0.004707041,0.9967289,351.9082,355.4924,359.7778,0.4217157,-0.109219,-0.9001258,0,0,0,0.9148507,-0.4172612,-0.8731396,-0.2921141,-0.3577312,2.071256,0.9968566,-0.003838804,0.07913432,0.01492777,0.9900363,-0.1400188,-0.07780834,0.1407599,0.9869815,moving,-8.40995615053295,-11.62587379211589,-8.027614379430478,-9.799010605189904,-0.4576973000000001,-0.061495599999999984,2.0712654,-0.14331668922064295,-0.19943996116450197,0.9693731041245025,-9.039540294764157,-10.919111168593323,1.838209372472118,1.8664443023233088,1.5095096323841595
05/10/2023 16:36:00.059810,4512,True,True,True,True,Eyes,1.374741,-0.3561823,-2.93544,-0.2211621,-0.06021498,0.9733764,0.0,0.0,0.0,0.0,0.0,0.0,0.0,-1.137122,-0.07996804,3.062782,1.37258,-0.3557697,-2.944406,-0.07035105,-0.03928233,-0.004663573,0.9967377,351.9169,355.5016,359.7819,0.421705,-0.1092196,-0.9001307,0,0,0,0.9161764,-0.4152416,-0.8732098,-0.2912003,-0.3553583,2.07138,0.9968703,-0.003769612,0.0789645,0.01482382,0.990058,-0.1398767,-0.07765216,0.1406095,0.9870152,moving,-8.413052118188654,-11.602784999849499,-8.002355129323446,-9.734688083300176,-0.4564035999999999,-0.059471899999999966,2.0711961999999997,-0.1433807415312332,-0.19904744015545947,0.9694442809647613,-9.041299310627656,-10.896806921054152,1.8833576272151573,1.9127096241416357,1.5588217360970198
05/10/2023 16:36:00.075545,4513,True,True,True,True,Eyes,1.374627,-0.3561852,-2.935446,-0.2210035,-0.05980232,0.9734378,0.0,0.0,0.0,0.0,0.0,0.0,0.0,-1.137816,-0.07950211,3.06255,1.372587,-0.3557614,-2.944418,-0.0702595,-0.03917229,-0.00470104,0.9967482,351.9272,355.5146,359.7762,0.4216926,-0.1092204,-0.9001365,0,0,0,0.917689,-0.4128928,-0.8732908,-0.2901593,-0.3526555,2.071522,0.9968869,-0.003867054,0.07875041,0.01487596,0.990083,-0.1396938,-0.07742923,0.1404303,0.9870583,moving,-8.414708813026088,-11.569333628698274,-7.973576879404357,-9.66139863800601,-0.454898,-0.0571314,2.0711272000000003,-0.14342560191088055,-0.19848009348478063,0.9695538995668298,-9.041121348417509,-10.864513614588875,1.9277851602555398,1.9582679366135614,1.6084579074997756
05/10/2023 16:36:00.093386,4514,True,True,True,True,Eyes,1.374516,-0.3561869,-2.935451,-0.2208484,-0.05939724,0.9734977,0.0,0.0,0.0,0.0,0.0,0.0,0.0,-1.138735,-0.08019674,3.062211,1.372583,-0.3557187,-2.944446,-0.07031435,-0.03902681,-0.004835805,0.9967495,351.9204,355.5325,359.7597,0.4216785,-0.1092213,-0.900143,0,0,0,0.9192737,-0.4098864,-0.8733425,-0.2891425,-0.3500155,2.071661,0.9969071,-0.004151884,0.07847995,0.01512846,0.990065,-0.1397941,-0.07711985,0.140549,0.9870656,moving,-8.41978452104861,-11.555157221805448,-7.945466393619431,-9.589789600332331,-0.45330930000000014,-0.054167699999999985,2.0711035,-0.14351866710725736,-0.1982374732438556,0.9695896638274953,-9.045261318993674,-10.850794891028677,1.9899269146120682,2.0217931579523216,1.6732253945727436
05/10/2023 16:36:00.108480,4515,True,True,True,True,Eyes,1.374403,-0.3561912,-2.935457,-0.2206539,-0.05887716,0.9735735,0.0,0.0,0.0,0.0,0.0,0.0,0.0,-1.139037,-0.08106992,3.062065,1.372544,-0.3556929,-2.944457,-0.07040492,-0.0389757,-0.004957902,0.9967444,351.9095,355.5394,359.7456,0.4216629,-0.1092224,-0.9001501,0,0,0,0.920459,-0.406714,-0.8734614,-0.288108,-0.3473288,2.071802,0.9969126,-0.00439536,0.07839574,0.01537168,0.9900371,-0.139965,-0.0769995,0.1407379,0.9870481,moving,-8.411666848797418,-11.537863493576152,-7.916868076755213,-9.516894721612552,-0.45208499999999996,-0.05102110000000004,2.0709956,-0.14338985049177055,-0.19794856590121113,0.9696678500861659,-9.036519823827561,-10.83416776679126,2.047850944400194,2.080658694276055,1.7288228105495804
05/10/2023 16:36:00.123486,4516,True,True,True,True,Eyes,1.374294,-0.3561951,-2.935462,-0.2204725,-0.05838318,0.9736444,0.0,0.0,0.0,0.0,0.0,0.0,0.0,-1.138905,-0.08100235,3.062084,1.372489,-0.3557661,-2.944441,-0.07039157,-0.03899013,-0.004992391,0.9967446,351.9108,355.538,359.7417,0.421646,-0.1092236,-0.9001579,0,0,0,0.9214097,-0.4041004,-0.8736206,-0.2870569,-0.3445995,2.071945,0.9969097,-0.004463127,0.07842924,0.01544143,0.9900402,-0.1399355,-0.07702357,0.1407142,0.9870496,moving,-8.397719842878471,-11.508237420653149,-7.8878117675563,-9.442823398947946,-0.45107930000000007,-0.04833430000000005,2.0708203999999997,-0.14316839710452542,-0.19745355861072345,0.9698015461304466,-9.021505606524485,-10.805683967092797,2.0939724666585264,2.1274259861003917,1.772752280697596
05/10/2023 16:36:00.143189,4517,True,True,True,True,Eyes,1.374173,-0.3561977,-2.935468,-0.2202468,-0.05772861,0.9737345,0.0,0.0,0.0,0.0,0.0,0.0,0.0,-1.138414,-0.08054265,3.062282,1.372485,-0.3557558,-2.944447,-0.07033487,-0.03906754,-0.004936972,0.9967459,351.9176,355.5287,359.7485,0.4216279,-0.1092249,-0.9001662,0,0,0,0.9221582,-0.4017228,-0.8738518,-0.2860329,-0.3419403,2.072084,0.9968987,-0.004346194,0.07857529,0.01533743,0.9900573,-0.1398262,-0.07718633,0.1405977,0.9870535,moving,-8.374709481321963,-11.46228775598209,-7.859505706232563,-9.370635183785076,-0.4503267999999999,-0.04596699999999998,2.0705951999999996,-0.14280136924973472,-0.19668627625056914,0.9700115460591734,-8.99688989232498,-10.761516386460693,2.1205601833902126,2.1541693091873606,1.796717369741129
05/10/2023 16:36:00.159766,4518,True,True,True,True,Eyes,1.374056,-0.3562036,-2.935475,-0.2200311,-0.0571021,0.9738202,0.0,0.0,0.0,0.0,0.0,0.0,0.0,-1.137866,-0.08023208,3.062483,1.372455,-0.3557207,-2.944454,-0.07029349,-0.03915029,-0.004894035,0.9967458,351.9225,355.5187,359.7539,0.4216086,-0.1092264,-0.900175,0,0,0,0.9228238,-0.3993219,-0.8740844,-0.2850376,-0.3393561,2.072219,0.9968866,-0.004252199,0.07873379,0.01526024,0.9900697,-0.1397463,-0.07735772,0.1405127,0.9870521,moving,-8.35160201692901,-11.419979693997474,-7.831993316944117,-9.300463824537257,-0.4496312,-0.04360120000000001,2.0703696,-0.14243067558515748,-0.19598052682229755,0.970208870542045,-8.97237378906606,-10.720863708663925,2.1485233389938188,2.1822787910791077,1.8215387594075836
05/10/2023 16:36:00.173417,4519,True,True,True,True,Eyes,1.373941,-0.356209,-2.935482,-0.2198046,-0.05636533,0.9739143,0.0,0.0,0.0,0.0,0.0,0.0,0.0,-1.137723,-0.07993698,3.062566,1.372445,-0.355803,-2.944472,-0.07027832,-0.03916975,-0.004843403,0.9967464,351.9244,355.5161,359.7599,0.4215881,-0.109228,-0.9001845,0,0,0,0.9238135,-0.3968313,-0.8742722,-0.2840036,-0.3366708,2.07236,0.9968845,-0.004149721,0.07876538,0.01516085,0.9900751,-0.1397199,-0.07740383,0.1404787,0.9870534,moving,-8.335204339720853,-11.374259118694573,-7.803408325524167,-9.227523913286795,-0.44863149999999996,-0.04102830000000002,2.0701998,-0.14217518344553706,-0.19521351242875476,0.9704009883182907,-8.954143684511815,-10.676867163198155,2.177500405687287,2.2116236214267233,1.8506182000855964
05/10/2023 16:36:00.193091,4520,True,True,True,True,Eyes,1.373829,-0.3562142,-2.935489,-0.2195809,-0.05566362,0.974005,0.0,0.0,0.0,0.0,0.0,0.0,0.0,-1.138198,-0.07934633,3.062403,1.372432,-0.3558062,-2.944475,-0.07023551,-0.03908486,-0.00471734,0.9967533,351.93,355.5249,359.7735,0.4215667,-0.1092298,-0.9001943,0,0,0,0.9252353,-0.3944857,-0.8743466,-0.2829913,-0.3340425,2.072497,0.9969003,-0.003913758,0.07857858,0.01489434,0.9900894,-0.1396462,-0.07725329,0.1403837,0.9870787,moving,-8.332125490324067,-11.326099407855725,-7.7754270707814195,-9.15611703466918,-0.4471967000000001,-0.03867949999999998,2.0701284,-0.14214647596967322,-0.19439856464901256,0.9705686620188815,-8.948621163734733,-10.630416055510569,2.2054092582910507,2.2402536977453233,1.8841289718579322
05/10/2023 16:36:00.213348,4521,True,True,True,True,Eyes,1.373748,-0.3562156,-2.935493,-0.2193223,-0.05482261,0.974111,0.0,0.0,0.0,0.0,0.0,0.0,0.0,-1.138487,-0.07862797,3.062331,1.372418,-0.3558075,-2.9445,-0.07019822,-0.03902667,-0.004523694,0.9967591,351.9351,355.5301,359.7952,0.4215445,-0.1092317,-0.9002044,0,0,0,0.9265775,-0.3921437,-0.8744617,-0.2819711,-0.3313933,2.072636,0.996913,-0.003538863,0.07843548,0.01449727,0.9901035,-0.1395883,-0.07716526,0.1402945,0.9870983,moving,-8.3245854294555,-11.269007195760983,-7.747223980057508,-9.084118927380977,-0.44584049999999986,-0.036336199999999985,2.0700383,-0.14204635466436596,-0.19343416453400236,0.970776023232496,-8.938324922727771,-10.575378788906542,2.224545813811017,2.2598856140423407,1.9085537535598092
05/10/2023 16:36:00.223133,4522,True,True,True,True,Eyes,1.373669,-0.3562172,-2.935498,-0.2190675,-0.05401642,0.9742133,0.0,0.0,0.0,0.0,0.0,0.0,0.0,-1.139203,-0.07838684,3.062004,1.372423,-0.3558,-2.944428,-0.07021158,-0.03890621,-0.004403709,0.9967635,351.9341,355.543,359.8081,0.4215224,-0.1092335,-0.9002146,0,0,0,0.9282064,-0.3894277,-0.8744329,-0.2809134,-0.3286466,2.072781,0.9969338,-0.003315578,0.07817894,0.01424224,0.9901019,-0.139626,-0.07694218,0.1403113,0.9871133,moving,-8.323665455001152,-11.221400313336227,-7.717980943721437,-9.009446897055232,-0.44421659999999996,-0.03362769999999998,2.0699951,-0.14205373777287475,-0.1926272638554853,0.9709353067465721,-8.934912504373326,-10.529444827939534,2.2572151618705814,2.2933799604516714,1.9471302301600681
05/10/2023 16:36:00.243101,4523,True,True,True,True,Eyes,1.373611,-0.3562178,-2.935504,-0.2187979,-0.05307944,0.9743255,0.0,0.0,0.0,0.0,0.0,0.0,0.0,-1.139611,-0.07817465,3.06189,1.372395,-0.3558051,-2.944474,-0.07020759,-0.03883117,-0.004332946,0.9967669,351.9349,355.5511,359.8157,0.4215004,-0.1092353,-0.9002246,0,0,0,0.9296759,-0.3865593,-0.8745788,-0.2797771,-0.3256965,2.072935,0.9969468,-0.003185389,0.07801965,0.01409036,0.9901043,-0.1396247,-0.07680282,0.1402977,0.9871261,moving,-8.315614268101283,-11.165150384733023,-7.686571349024959,-8.929229843034577,-0.44271910000000003,-0.03075420000000001,2.0698952,-0.14194422661091205,-0.19167702344348048,0.9711394766772953,-8.92416831481205,-10.475224237504461,2.285950933614748,2.3227216068287513,1.9803395964979642
05/10/2023 16:36:00.259778,4524,True,True,True,True,Eyes,1.373556,-0.3562198,-2.935509,-0.2185408,-0.05217613,0.9744319,0.0,0.0,0.0,0.0,0.0,0.0,0.0,-1.139746,-0.07805395,3.061879,1.372367,-0.3558159,-2.944524,-0.07019824,-0.03880294,-0.004310732,0.9967688,351.9361,355.5542,359.818,0.4214792,-0.109237,-0.9002343,0,0,0,0.9306985,-0.3842806,-0.8747389,-0.2788711,-0.3233439,2.073058,0.9969515,-0.00314581,0.07796033,0.0140414,0.9901073,-0.1396083,-0.07674991,0.1402774,0.9871331,moving,-8.302257856004147,-11.111159611772022,-7.661526943390903,-8.865242017022478,-0.4416684999999999,-0.02846470000000001,2.0697851,-0.1417434144581002,-0.19076734619258334,0.9713478170194367,-8.908430685328874,-10.423223889619205,2.2985797856439207,2.335526053116038,1.995514083387767
05/10/2023 16:36:00.274178,4525,True,True,True,True,Eyes,1.373564,-0.3562156,-2.935512,-0.2182768,-0.05116707,0.9745446,0.0,0.0,0.0,0.0,0.0,0.0,0.0,-1.139563,-0.07823926,3.061942,1.372374,-0.3558535,-2.944516,-0.07025378,-0.03883176,-0.004264284,0.9967639,351.9299,355.5504,359.8238,0.4214586,-0.1092387,-0.9002437,0,0,0,0.9316388,-0.381501,-0.8749028,-0.2778588,-0.3207147,2.073196,0.9969478,-0.003044814,0.07801135,0.01395712,0.9900925,-0.1397217,-0.07681302,0.140384,0.987113,moving,-8.28225064252617,-11.057823282323712,-7.633542068012572,-8.793711371316666,-0.4407352,-0.02564749999999999,2.0696132,-0.14142923556552955,-0.18987166487225804,0.9715691072001885,-8.886317582914872,-10.371905409435616,2.3181609564836787,2.355212423585491,2.0149796308382175
05/10/2023 16:36:00.283484,4526,True,True,True,True,Eyes,1.373572,-0.3562117,-2.935516,-0.2180234,-0.05019418,0.9746519,0.0,0.0,0.0,0.0,0.0,0.0,0.0,-1.139087,-0.07893351,3.062133,1.372369,-0.3558283,-2.944554,-0.07035811,-0.03890801,-0.004272908,0.9967536,351.9179,355.5417,359.8239,0.4214402,-0.10924,-0.9002521,0,0,0,0.932372,-0.3783662,-0.8751581,-0.2768268,-0.3180349,2.073337,0.9969358,-0.003043086,0.07816467,0.01399306,0.990063,-0.1399269,-0.07696214,0.1405919,0.9870718,moving,-8.256855812670494,-11.013207070359035,-7.605011512988549,-8.720784027458382,-0.43999699999999997,-0.0225379,2.0693959,-0.1410192589261321,-0.1891262171508657,0.9717740619224049,-8.859474408666836,-10.329042661527897,2.3461976613728828,2.3832969598121285,2.0396502128288305
05/10/2023 16:36:00.303199,4527,True,True,True,True,Eyes,1.373619,-0.356206,-2.935516,-0.2177518,-0.04912755,0.9747669,0.0,0.0,0.0,0.0,0.0,0.0,0.0,-1.139132,-0.07934415,3.062142,1.372382,-0.3558339,-2.944585,-0.07039898,-0.03890506,-0.004338615,0.9967505,351.9129,355.5425,359.8165,0.4214239,-0.1092411,-0.9002596,0,0,0,0.9334524,-0.3754306,-0.8753482,-0.2757741,-0.3153014,2.07348,0.9969352,-0.00317128,0.07816815,0.01412679,0.9900503,-0.1400029,-0.07694642,0.140678,0.9870607,moving,-8.238445785048425,-10.957263544931502,-7.57591176848455,-8.646379572668112,-0.43892960000000003,-0.019596700000000022,2.0692368,-0.1407329058421199,-0.1881850223582416,0.9719982090935733,-8.838762388653752,-10.27519613612562,2.366718488021911,2.403983372731202,2.061027677217185
05/10/2023 16:36:00.323061,4528,True,True,True,True,Eyes,1.373666,-0.3562002,-2.935516,-0.2174908,-0.0481065,0.9748761,0.0,0.0,0.0,0.0,0.0,0.0,0.0,-1.139354,-0.07945806,3.062024,1.372382,-0.3558744,-2.944546,-0.07041166,-0.03887088,-0.00437364,0.9967508,351.9113,355.5468,359.8122,0.4214104,-0.1092418,-0.9002659,0,0,0,0.9346094,-0.3727948,-0.8754327,-0.2747702,-0.3126942,2.073616,0.9969399,-0.003244932,0.07810507,0.01419278,0.9900461,-0.1400257,-0.07687325,0.1407058,0.9870625,moving,-8.22472030461416,-10.900187010115294,-7.548162411790691,-8.575396711590939,-0.43777259999999996,-0.016920400000000002,2.0691132999999997,-0.14052637822157896,-0.18722219970694803,0.9722140087135738,-8.822505331318276,-10.220220802549195,2.3837425529409817,2.421235328185737,2.080720107738362
05/10/2023 16:36:00.333165,4529,True,True,True,True,Eyes,1.373758,-0.3561912,-2.935514,-0.2172315,-0.04702206,0.9749869,0.0,0.0,0.0,0.0,0.0,0.0,0.0,-1.13941,-0.07928973,3.062027,1.372415,-0.3558642,-2.944552,-0.0703679,-0.03886874,-0.004407556,0.9967539,351.9162,355.5473,359.8081,0.4213994,-0.1092422,-0.900271,0,0,0,0.9356951,-0.3702765,-0.8755963,-0.2737391,-0.3100172,2.073756,0.9969396,-0.003316275,0.07810543,0.01425672,0.9900579,-0.1399363,-0.07686482,0.1406215,0.9870752,moving,-8.207147870895218,-10.832909646429147,-7.519660156639482,-8.502494133899322,-0.43671989999999994,-0.014412299999999989,2.0689557,-0.14025898028265704,-0.18608762740630996,0.9724704968619167,-8.80199930016484,-10.155430718407288,2.392171160748194,2.4297069408248033,2.092030839022744
05/10/2023 16:36:00.359781,4530,True,True,True,True,Eyes,1.373845,-0.3561806,-2.93551,-0.2169793,-0.04598359,0.9750925,0.0,0.0,0.0,0.0,0.0,0.0,0.0,-1.139573,-0.07913074,3.061971,1.37241,-0.3558834,-2.944553,-0.07033549,-0.03884246,-0.004431362,0.996757,351.9198,355.5505,359.805,0.4213919,-0.1092422,-0.9002746,0,0,0,0.9368479,-0.3677408,-0.8757333,-0.2727058,-0.3073342,2.073897,0.9969433,-0.003369976,0.07805635,0.01429799,0.9900665,-0.1398705,-0.07680962,0.140559,0.9870884,moving,-8.193073327120393,-10.769445858692219,-7.491094689011412,-8.429407452664474,-0.43556209999999995,-0.011857399999999962,2.0688196999999997,-0.14004892012124168,-0.18501589520115813,0.9727051502021652,-8.785066939598915,-10.09429428941494,2.4053505567142417,2.4430623712967723,2.108604364141234
05/10/2023 16:36:00.378150,4531,True,True,True,True,Eyes,1.37399,-0.3561661,-2.935503,-0.2167025,-0.04488654,0.9752052,0.0,0.0,0.0,0.0,0.0,0.0,0.0,-1.139788,-0.07899112,3.061809,1.372372,-0.3558331,-2.944487,-0.07029746,-0.03880315,-0.00445374,0.9967612,351.9241,355.5553,359.8019,0.4213874,-0.1092417,-0.9002768,0,0,0,0.9380193,-0.3651679,-0.8757907,-0.2716759,-0.3046595,2.074037,0.996949,-0.003423106,0.07798112,0.01433416,0.9900769,-0.1397939,-0.07672877,0.1404852,0.9871052,moving,-8.178978783663398,-10.7019340820029,-7.462625259178597,-8.356531491104409,-0.4343526999999999,-0.009334799999999976,2.0686963,-0.13984009594643765,-0.183875112848583,0.9729515134512475,-8.767900541685467,-10.029251678545245,2.4145243513187014,2.4523612469281826,2.121729574803419
05/10/2023 16:36:00.383245,4532,True,True,True,True,Eyes,1.374131,-0.3561498,-2.935496,-0.216434,-0.04383322,0.9753128,0.0,0.0,0.0,0.0,0.0,0.0,0.0,-1.139652,-0.07858738,3.0619,1.372371,-0.3558485,-2.944518,-0.07024655,-0.03882372,-0.004418734,0.9967641,351.9301,355.5526,359.8059,0.4213871,-0.1092407,-0.9002771,0,0,0,0.9390076,-0.3627347,-0.8759938,-0.2706372,-0.3019623,2.074178,0.9969464,-0.003354407,0.07801699,0.01426334,0.9900918,-0.1396954,-0.07677538,0.1403816,0.9871163,moving,-8.159237683454213,-10.634195991349767,-7.4339134065100545,-8.283025567145296,-0.43336339999999995,-0.006886200000000009,2.0685241999999997,-0.13953510273848996,-0.18273266186162518,0.9732105706208356,-8.745279857124721,-9.96403340021392,2.422703891862596,2.4605076042106426,2.1320106244190664
05/10/2023 16:36:00.403208,4533,True,True,True,True,Eyes,1.374317,-0.3561331,-2.935486,-0.2161426,-0.04269129,0.975428,0.0,0.0,0.0,0.0,0.0,0.0,0.0,-1.13989,-0.07868984,3.061802,1.372391,-0.3557882,-2.944508,-0.07024205,-0.03878959,-0.004449031,0.9967657,351.9305,355.5568,359.8021,0.4213904,-0.1092391,-0.9002756,0,0,0,0.9402209,-0.3599891,-0.8761126,-0.2696004,-0.2992703,2.07432,0.9969512,-0.003419963,0.07795328,0.0143186,0.9900925,-0.1396846,-0.07670324,0.1403749,0.9871228,moving,-8.143660023193867,-10.568069991034518,-7.405249781470539,-8.20963897343236,-0.4321700999999999,-0.004200900000000007,2.0683954,-0.13929981270103164,-0.18161540546560212,0.9734533166206003,-8.726757518205515,-9.900339294292985,2.4334304420838535,2.4713248572111786,2.1458914868204815
05/10/2023 16:36:00.423414,4534,True,True,True,True,Eyes,1.374498,-0.3561174,-2.935478,-0.2158621,-0.04159389,0.9755376,0.0,0.0,0.0,0.0,0.0,0.0,0.0,-1.139984,-0.07788715,3.061781,1.372392,-0.3558701,-2.944491,-0.07015883,-0.0387713,-0.004364098,0.9967726,351.9404,355.5583,359.8114,0.4213983,-0.1092369,-0.9002723,0,0,0,0.9413713,-0.3578257,-0.8762292,-0.2685753,-0.2966082,2.07446,0.9969555,-0.003259727,0.07790469,0.01414032,0.9901174,-0.1395264,-0.07667997,0.1402032,0.9871491,moving,-8.128214598427538,-10.493159992989137,-7.376911209256644,-8.13705232227558,-0.43102070000000003,-0.0019556000000000018,2.0682618,-0.13907036650406918,-0.18034841967950793,0.9737217197921745,-8.70789660639865,-9.828167578146747,2.4351087195493473,2.472994164686795,2.152067130933761
05/10/2023 16:36:00.443172,4535,True,True,True,True,Eyes,1.374704,-0.3560996,-2.935469,-0.2155302,-0.0403977,0.9756612,0.0,0.0,0.0,0.0,0.0,0.0,0.0,-1.140094,-0.07803452,3.06179,1.372428,-0.3558749,-2.944529,-0.07016447,-0.03876072,-0.004409411,0.9967724,351.9395,355.5599,359.8061,0.4214101,-0.1092343,-0.9002671,0,0,0,0.9425188,-0.3550421,-0.8764194,-0.2675187,-0.2938648,2.074603,0.9969563,-0.00335111,0.07788999,0.01422961,0.990115,-0.1395342,-0.07665246,0.1402178,0.9871491,moving,-8.107308860513744,-10.425303692630951,-7.347706595267973,-8.062236515882722,-0.4299092,0.0008327999999999669,2.0681096,-0.13874457712455657,-0.17920336045452362,0.9739795256488218,-8.684147146053837,-9.762844039432998,2.444330014519144,2.4821527114968878,2.1629006669148327
05/10/2023 16:36:00.459720,4536,True,True,True,True,Eyes,1.374903,-0.3560806,-2.935457,-0.2152144,-0.03924704,0.9757778,0.0,0.0,0.0,0.0,0.0,0.0,0.0,-1.140045,-0.07820103,3.061809,1.372415,-0.3558882,-2.944539,-0.07020722,-0.03876481,-0.004377307,0.9967694,351.9348,355.5591,359.81,0.421426,-0.109231,-0.90026,0,0,0,0.9435486,-0.3522445,-0.8765857,-0.2664925,-0.2911997,2.074743,0.9969563,-0.00328319,0.07789379,0.01416947,0.9901036,-0.1396215,-0.07666452,0.1403002,0.9871364,moving,-8.08683368289287,-10.362728174683872,-7.319338533071039,-7.98953530050708,-0.4288664,0.003643699999999972,2.0679532999999997,-0.13842346864443994,-0.1781475936187087,0.9742187953972491,-8.661092835089992,-9.70261322888972,2.4564272087785293,2.494211944290929,2.175991864805135
05/10/2023 16:36:00.478169,4537,True,True,True,True,Eyes,1.375147,-0.3560604,-2.935444,-0.2148881,-0.03800526,0.9758989,0.0,0.0,0.0,0.0,0.0,0.0,0.0,-1.139814,-0.07844234,3.061834,1.372421,-0.3558388,-2.944485,-0.07023359,-0.03880457,-0.004391002,0.9967659,351.9317,355.5546,359.8089,0.4214455,-0.1092273,-0.9002513,0,0,0,0.9444777,-0.3493197,-0.8767273,-0.2654267,-0.2884322,2.074888,0.9969499,-0.003302833,0.07797494,0.01420437,0.9900959,-0.1396721,-0.07674135,0.1403537,0.9871229,moving,-8.06087778320897,-10.29387728002389,-7.289877408769361,-7.914025120999191,-0.4279432999999999,0.0065191,2.0677576999999996,-0.13801148663692364,-0.17698705206413876,0.9744887743265181,-8.632423146955,-9.636368114804629,2.464046872791565,2.5016270457845113,2.1837798532432484
05/10/2023 16:36:00.493474,4538,True,True,True,True,Eyes,1.375382,-0.356041,-2.935433,-0.2145779,-0.03681325,0.9760129,0.0,0.0,0.0,0.0,0.0,0.0,0.0,-1.139953,-0.0788101,3.06176,1.372404,-0.3558604,-2.944478,-0.07026315,-0.03878285,-0.004476591,0.9967642,351.9279,355.5578,359.799,0.4214694,-0.1092231,-0.9002406,0,0,0,0.9455571,-0.3465533,-0.8768581,-0.2644198,-0.2858176,2.075024,0.9969517,-0.003474202,0.0779438,0.01437422,0.9900861,-0.1397244,-0.07668564,0.1404188,0.987118,moving,-8.042247874102705,-10.229869057177437,-7.262048052346828,-7.842674720507817,-0.4268468999999999,0.009307100000000013,2.0676199000000004,-0.1377217543186327,-0.17590546016715705,0.9747256326685788,-8.611071337316913,-9.574740772648385,2.4739057179629635,2.511455467034088,2.1954308534702913
05/10/2023 16:36:00.503063,4539,True,True,True,True,Eyes,1.375646,-0.3560146,-2.935418,-0.2142568,-0.03552442,0.9761311,0.0,0.0,0.0,0.0,0.0,0.0,0.0,-1.139407,-0.07818586,3.062048,1.372422,-0.3559051,-2.944535,-0.07029431,-0.03886013,-0.004162717,0.9967605,351.9257,355.5463,359.8359,0.421497,-0.1092184,-0.9002283,0,0,0,0.9463506,-0.3441361,-0.8771118,-0.2634335,-0.2832569,2.075159,0.9969451,-0.002835171,0.07805371,0.01376175,0.9900827,-0.1398096,-0.07688323,0.1404567,0.9870972,moving,-8.016184780285693,-10.15215127197111,-7.234782100552411,-7.772773870241954,-0.4260714,0.011768999999999974,2.0674232000000003,-0.1373109118360454,-0.17459318780040123,0.9750193933528879,-8.581827910794749,-9.499939868018036,2.4672288949066408,2.504401518877064,2.1903503826477815
05/10/2023 16:36:00.523372,4540,True,True,True,True,Eyes,1.375902,-0.3559922,-2.935406,-0.2139487,-0.03426161,0.9762439,0.0,0.0,0.0,0.0,0.0,0.0,0.0,-1.13956,-0.08031306,3.061899,1.372453,-0.355797,-2.944495,-0.07056895,-0.03884549,-0.004308811,0.9967409,351.8936,355.5491,359.8202,0.4215287,-0.109213,-0.9002141,0,0,0,0.9475303,-0.339934,-0.8772419,-0.2623334,-0.2804,2.075308,0.996945,-0.003106965,0.07804592,0.01407211,0.9900029,-0.1403432,-0.07682964,0.1410127,0.9870221,moving,-7.996777795045023,-10.113259469599852,-7.204375897977834,-7.694776665084382,-0.4249226999999999,0.01586299999999996,2.0672531,-0.13699676862272459,-0.17393896723120691,0.9751805871243361,-8.561059659068476,-9.462555899794157,2.507541659166141,2.5449871988308095,2.2283703126451244
05/10/2023 16:36:00.533290,4541,True,True,True,True,Eyes,1.376164,-0.355969,-2.93539,-0.2136184,-0.03286254,0.9763643,0.0,0.0,0.0,0.0,0.0,0.0,0.0,-1.139553,-0.08218601,3.061934,1.372502,-0.3558763,-2.944548,-0.07089157,-0.0388518,-0.004305469,0.9967178,351.8565,355.5482,359.8221,0.4215639,-0.1092072,-0.9001983,0,0,0,0.9485437,-0.3361729,-0.8774588,-0.2613685,-0.2778945,2.075439,0.996944,-0.003074145,0.078059,0.0140912,0.9899117,-0.1409832,-0.07683811,0.1416523,0.9869298,moving,-7.975362794035818,-10.068892812956713,-7.17770572277438,-7.626357552989884,-0.4239583000000001,0.019703399999999982,2.0670892000000003,-0.1366505322450871,-0.17319214693147983,0.9753620486499877,-8.53806557424405,-9.419903859334491,2.532010022402826,2.5694815234818487,2.2510857998959004
05/10/2023 16:36:00.559911,4542,True,True,True,True,Eyes,1.376415,-0.3559482,-2.935372,-0.2132873,-0.03154654,0.9764801,0.0,0.0,0.0,0.0,0.0,0.0,0.0,-1.140357,-0.08412549,3.06149,1.372515,-0.3558787,-2.944446,-0.07107827,-0.03873754,-0.004641634,0.9967075,351.8336,355.5641,359.7832,0.4216023,-0.1092009,-0.9001811,0,0,0,0.9499844,-0.3325373,-0.8774443,-0.2603536,-0.275259,2.075578,0.9969557,-0.003745908,0.07787983,0.0147595,0.9898526,-0.1413289,-0.07656015,0.1420481,0.9868945,moving,-7.963698555252245,-10.020892975893094,-7.149649658376015,-7.554369838609138,-0.4225306,0.023341400000000012,2.0670017,-0.13647172436695057,-0.1723792632610022,0.9755310862649005,-8.524276741808624,-9.373671995440976,2.5596283472823695,2.597385607348762,2.2802324347222624
05/10/2023 16:36:00.573243,4543,True,True,True,True,Eyes,1.376673,-0.3559245,-2.935355,-0.21291,-0.03001614,0.9766107,0.0,0.0,0.0,0.0,0.0,0.0,0.0,-1.141522,-0.08222109,3.061047,1.372491,-0.3559067,-2.944391,-0.07070391,-0.03855387,-0.004809714,0.9967406,351.8759,355.5868,359.7606,0.4216435,-0.1091943,-0.9001626,0,0,0,0.9517165,-0.3313802,-0.877383,-0.2593373,-0.2726201,2.075716,0.996981,-0.004136254,0.07753653,0.01503989,0.9899556,-0.140576,-0.07617626,0.1413177,0.9870291,moving,-7.957590357117028,-9.893133913784563,-7.121559250804362,-7.482279078002636,-0.42077449999999994,0.024526500000000007,2.067008,-0.13642006569351714,-0.17020480855724934,0.9759200709766944,-8.511611417698738,-9.250429967064434,2.514266189108673,2.5516992475476976,2.2491337428391804
05/10/2023 16:36:00.593186,4544,True,True,True,True,Eyes,1.37692,-0.3559034,-2.935339,-0.2125574,-0.02856854,0.9767308,0.0,0.0,0.0,0.0,0.0,0.0,0.0,-1.141747,-0.07950801,3.061014,1.372428,-0.3558725,-2.944403,-0.07033561,-0.03849995,-0.0046056,0.9967696,351.9191,355.5915,359.7821,0.4216872,-0.1091873,-0.9001429,0,0,0,0.9530151,-0.3302612,-0.877483,-0.2582703,-0.2698494,2.075861,0.9969931,-0.003765609,0.07739903,0.01459728,0.9900634,-0.1398621,-0.07610328,0.1405714,0.9871414,moving,-7.942340121659842,-9.76314466173762,-7.0920674268670885,-7.406572035629644,-0.4194129,0.025611300000000004,2.0669199999999996,-0.1362126732503224,-0.16799508258690893,0.976331718891561,-8.490016470025537,-9.125104968993721,2.4683748057356474,2.5052740763500454,2.215314192236524
05/10/2023 16:36:00.603026,4545,True,True,True,True,Eyes,1.377143,-0.3558834,-2.935326,-0.2121499,-0.02694929,0.9768655,0.0,0.0,0.0,0.0,0.0,0.0,0.0,-1.140827,-0.07760105,3.061428,1.372409,-0.3559147,-2.944429,-0.07008801,-0.03864144,-0.004449326,0.9967822,351.9482,355.574,359.8002,0.4217331,-0.1091801,-0.9001223,0,0,0,0.9534917,-0.3288073,-0.8777601,-0.2572498,-0.2671996,2.076,0.9969741,-0.003453417,0.07765788,0.01428662,0.9901357,-0.1393811,-0.07641051,0.1400688,0.9871891,moving,-7.900761517567239,-9.637624845577973,-7.063860106034468,-7.33415289728985,-0.41891729999999994,0.027107399999999948,2.0666689,-0.1355535769830068,-0.16587094772767103,0.9767866224814917,-8.443282762370885,-9.004292226663129,2.4150646235905824,2.4507931347169682,2.166142249330279
05/10/2023 16:36:00.623060,4546,True,True,True,True,Eyes,1.377355,-0.3558621,-2.935313,-0.2117563,-0.02540203,0.9769923,0.0,0.0,0.0,0.0,0.0,0.0,0.0,-1.140623,-0.07655966,3.061542,1.372407,-0.3559278,-2.944442,-0.06994677,-0.03867196,-0.004377407,0.9967914,351.9647,355.57,359.8081,0.4217801,-0.1091728,-0.9001011,0,0,0,0.9544396,-0.3267794,-0.8779409,-0.2562138,-0.2645094,2.076141,0.9969707,-0.003316766,0.07770811,0.01413668,0.9901766,-0.1391061,-0.07648337,0.1397832,0.9872239,moving,-7.872319377639648,-9.53033501856532,-7.0352250711314355,-7.2606158519684545,-0.4179673999999999,0.02914840000000002,2.0665011,-0.13511034553186543,-0.16405158088451155,0.9771551674717042,-8.410177447883783,-8.900972129253722,2.384098226520023,2.4191634862500795,2.1403884588471573
05/10/2023 16:36:00.643036,4547,True,True,True,True,Eyes,1.377562,-0.3558409,-2.935303,-0.2113201,-0.02370508,0.9771295,0.0,0.0,0.0,0.0,0.0,0.0,0.0,-1.140649,-0.07588381,3.061537,1.372362,-0.3558733,-2.944456,-0.06987168,-0.03865566,-0.004268017,0.9967976,351.9738,355.571,359.8202,0.421828,-0.1091653,-0.9000796,0,0,0,0.9555292,-0.3244734,-0.8780835,-0.2551942,-0.2618615,2.076279,0.9969751,-0.003106827,0.07766016,0.01391057,0.9901994,-0.1389659,-0.0764673,0.1396258,0.9872474,moving,-7.847166801795733,-9.42127751338725,-7.007046246827336,-7.188224030358245,-0.4168328000000001,0.03139989999999998,2.0663725,-0.1347231795110692,-0.16220000360269943,0.9775177742556803,-8.380148908038208,-8.795921320234923,2.351410948427549,2.3858605166581683,2.114261453581651
05/10/2023 16:36:00.659858,4548,True,True,True,True,Eyes,1.377762,-0.3558221,-2.935297,-0.2108964,-0.02206297,0.9772595,0.0,0.0,0.0,0.0,0.0,0.0,0.0,-1.140435,-0.0754765,3.061696,1.372372,-0.3558941,-2.944521,-0.06987094,-0.03868437,-0.004110544,0.9967972,351.9746,355.5664,359.8386,0.4218765,-0.1091576,-0.9000579,0,0,0,0.9565288,-0.3218894,-0.8783193,-0.2541452,-0.2591372,2.076422,0.9969733,-0.002788931,0.07769535,0.01360059,0.9902023,-0.1389763,-0.07654653,0.1396123,0.9872431,moving,-7.81831262307755,-9.322879563876302,-6.9780518480867,-7.113725993671353,-0.41584319999999997,0.0340047,2.0662016999999997,-0.13426800782654968,-0.16053101725039648,0.9778558641708262,-8.347118209089162,-8.701185054906118,2.329677760795088,2.3635561484207432,2.096275022969287
05/10/2023 16:36:00.678381,4549,True,True,True,True,Eyes,1.377937,-0.3558048,-2.935292,-0.2104487,-0.0203525,0.977393,0.0,0.0,0.0,0.0,0.0,0.0,0.0,-1.140829,-0.07643703,3.061602,1.372428,-0.3559332,-2.94457,-0.0700323,-0.03862809,-0.00412031,0.9967881,351.956,355.5729,359.8378,0.4219252,-0.1091498,-0.9000359,0,0,0,0.9578703,-0.3185799,-0.8784872,-0.2531142,-0.2564605,2.076563,0.9969818,-0.002803726,0.07758515,0.01362458,0.990157,-0.1392964,-0.07643092,0.139933,0.9872067,moving,-7.796477056171539,-9.242517094654897,-6.949553857799655,-7.040514382881486,-0.41455770000000003,0.03735329999999998,2.0660828,-0.13392528648658308,-0.15916675848483702,0.9781257161888015,-8.321809058622389,-8.623800025391908,2.325642995765558,2.3592572658779534,2.0952035132570495
05/10/2023 16:36:00.693099,4550,True,True,True,True,Eyes,1.378103,-0.3557858,-2.935286,-0.2100172,-0.01870451,0.9775187,0.0,0.0,0.0,0.0,0.0,0.0,0.0,-1.141428,-0.07701382,3.061388,1.372414,-0.3559598,-2.944598,-0.07014805,-0.03852535,-0.004086568,0.9967841,351.9429,355.5844,359.8413,0.4219736,-0.1091421,-0.9000142,0,0,0,0.9593155,-0.3155418,-0.8785883,-0.2521089,-0.2538498,2.076699,0.9969983,-0.002741897,0.07737622,0.01355181,0.9901251,-0.13953,-0.07622956,0.1401598,0.9871901,moving,-7.781417455029401,-9.159786652673123,-6.921771545743034,-6.969100342394323,-0.41309850000000004,0.04041800000000001,2.0660097,-0.1336987745289994,-0.1577591227657683,0.978384683400905,-8.302905108126607,-8.544078615241688,2.319866040422852,2.3533162982046694,2.0947759968749895
05/10/2023 16:36:00.703155,4551,True,True,True,True,Eyes,1.378263,-0.3557656,-2.93528,-0.2095698,-0.01698309,0.9776462,0.0,0.0,0.0,0.0,0.0,0.0,0.0,-1.141428,-0.07744157,3.061312,1.372357,-0.3559004,-2.944564,-0.07022891,-0.03851399,-0.004041705,0.9967791,351.9338,355.5854,359.8468,0.4220214,-0.1091343,-0.8999926,0,0,0,0.9603788,-0.3124826,-0.8787061,-0.2510685,-0.2511481,2.076841,0.9970007,-0.002647782,0.07734755,0.01346696,0.9901031,-0.1396941,-0.07621218,0.1403167,0.9871691,moving,-7.754813395985289,-9.068475185091351,-6.893015489342428,-6.895179849295946,-0.41197820000000007,0.043417800000000006,2.0658579,-0.13327773253878222,-0.15620863405033247,0.9786909253946717,-8.272419090499104,-8.456163820370248,2.3049418507510593,2.3379281957502633,2.0831287172987905
05/10/2023 16:36:00.723006,4552,True,True,True,True,Eyes,1.378417,-0.3557468,-2.935276,-0.2091419,-0.01532285,0.9777653,0.0,0.0,0.0,0.0,0.0,0.0,0.0,-1.141082,-0.07827172,3.06141,1.372356,-0.355883,-2.944556,-0.07035224,-0.03857084,-0.004065455,0.996768,351.9196,355.5789,359.8451,0.4220685,-0.1091266,-0.8999715,0,0,0,0.9612261,-0.309185,-0.8789182,-0.2500049,-0.2483865,2.076986,0.9969916,-0.00267754,0.07746438,0.01353172,0.9900681,-0.1399361,-0.07632031,0.1405634,0.9871258,moving,-7.721017660012709,-8.986830499135607,-6.863619201100264,-6.819607537954042,-0.41112989999999994,0.04669800000000002,2.0656378,-0.1327296950257824,-0.1548253671592102,0.9789852091294338,-8.235514430575222,-8.37763194537472,2.2981808917182396,2.3306624553585675,2.0759423341641026
05/10/2023 16:36:00.743140,4553,True,True,True,True,Eyes,1.378563,-0.3557298,-2.935273,-0.2086755,-0.01362968,0.9778899,0.0,0.0,0.0,0.0,0.0,0.0,0.0,-1.140946,-0.07889032,3.06148,1.372379,-0.3559003,-2.944581,-0.07044324,-0.0385973,-0.004096399,0.9967604,351.909,355.5761,359.8421,0.4221149,-0.1091188,-0.8999507,0,0,0,0.9621179,-0.3063137,-0.8791212,-0.2490426,-0.2458879,2.077116,0.9969869,-0.00272842,0.07752164,0.01360409,0.9900419,-0.1401138,-0.07636738,0.1407463,0.987096,moving,-7.688328849256894,-8.899780241909491,-6.837026978033848,-6.751224703151046,-0.41026110000000005,0.04958659999999998,2.0654597999999997,-0.13220192953431734,-0.1533486983969994,0.9792888825706701,-8.199389864252181,-8.293875286246825,2.2791949768129838,2.311061612998981,2.0581067647891573
05/10/2023 16:36:00.759879,4554,True,True,True,True,Eyes,1.378703,-0.3557126,-2.935269,-0.2082277,-0.012018,0.9780065,0.0,0.0,0.0,0.0,0.0,0.0,0.0,-1.140669,-0.07865638,3.061614,1.372361,-0.3559519,-2.944607,-0.07041454,-0.03863924,-0.004088758,0.9967608,351.9123,355.5712,359.8432,0.4221604,-0.109111,-0.8999304,0,0,0,0.9629827,-0.3038204,-0.8793358,-0.2480103,-0.2432073,2.077257,0.9969806,-0.0027095,0.07760397,0.01359256,0.9900502,-0.1400569,-0.07645234,0.1406889,0.9870976,moving,-7.655185745967199,-8.803010274339533,-6.8084957722874195,-6.677843966776347,-0.4093783,0.0521315,2.0652711999999998,-0.1316692189830323,-0.15170535943282926,0.979616568921379,-8.162311772876853,-8.200742486893299,2.2563983726633463,2.287622291011261,2.0376549428267707
05/10/2023 16:36:00.773137,4555,True,True,True,True,Eyes,1.378837,-0.3556963,-2.935265,-0.2077396,-0.01038987,0.978129,0.0,0.0,0.0,0.0,0.0,0.0,0.0,-1.140607,-0.07756037,3.061631,1.37237,-0.3559276,-2.944572,-0.07024597,-0.0386504,-0.00404988,0.9967725,351.9318,355.5697,359.847,0.4222049,-0.1091034,-0.8999104,0,0,0,0.9640127,-0.3018352,-0.8794467,-0.2469709,-0.240508,2.077398,0.9969795,-0.002643549,0.07762028,0.01350369,0.9900982,-0.1397254,-0.07648232,0.1403515,0.9871433,moving,-7.623221682491314,-8.68875416012612,-6.779771954554078,-6.603942248396515,-0.40835730000000015,0.054092399999999985,2.0651253,-0.13116201335878222,-0.1497617270262337,0.9799836645666942,-8.12544236035361,-8.090726531242556,2.2185039545025202,2.2489660181619127,2.0053319786914816
05/10/2023 16:36:00.793297,4556,True,True,True,True,Eyes,1.378965,-0.3556808,-2.935262,-0.207269,-0.008843723,0.978244,0.0,0.0,0.0,0.0,0.0,0.0,0.0,-1.140735,-0.0767377,3.061597,1.372361,-0.3559586,-2.944564,-0.07011004,-0.03862966,-0.004063495,0.9967829,351.9474,355.5722,359.8447,0.4222485,-0.1090958,-0.8998909,0,0,0,0.9651293,-0.2997808,-0.8795614,-0.2459496,-0.2378561,2.077538,0.9969825,-0.002684191,0.07758054,0.0135175,0.9901361,-0.139455,-0.07644097,0.1400829,0.9871846,moving,-7.595723469429227,-8.58405353697606,-6.7515441072473985,-6.531321924006001,-0.4072317,0.0561778,2.0650026,-0.13072713745239456,-0.14797925364516323,0.9803124651648695,-8.093384191155131,-7.98989788824428,2.189673029505096,2.2195373099861113,1.9819128775592374
05/10/2023 16:36:00.803256,4557,True,True,True,True,Eyes,1.379098,-0.355661,-2.935262,-0.2067885,-0.007268426,0.9783586,0.0,0.0,0.0,0.0,0.0,0.0,0.0,-1.140696,-0.07509598,3.061687,1.372332,-0.3559636,-2.944613,-0.06993205,-0.03862142,-0.003838293,0.9967965,351.9688,355.5714,359.8698,0.4222909,-0.1090884,-0.8998719,0,0,0,0.9662441,-0.297959,-0.8797293,-0.2449001,-0.2351312,2.07768,0.9969873,-0.002250244,0.07753223,0.01305374,0.9901896,-0.1391195,-0.07645854,0.1397125,0.9872357,moving,-7.568200188413495,-8.468210793802449,-6.72254335083994,-6.456696501461019,-0.40608790000000006,0.05800460000000002,2.0648836999999998,-0.1302948357531576,-0.1460052922650968,0.9806658831372534,-8.060710729078117,-7.878317223397354,2.152851954119554,2.182046112076632,1.952356885720339
05/10/2023 16:36:00.828256,4558,True,True,True,True,Eyes,1.379228,-0.3556435,-2.935262,-0.20632,-0.005750158,0.9784676,0.0,0.0,0.0,0.0,0.0,0.0,0.0,-1.140671,-0.07626396,3.06173,1.372375,-0.3558825,-2.944669,-0.07011101,-0.0386306,-0.003836661,0.9967836,351.9482,355.5703,359.8708,0.4223325,-0.1090809,-0.8998533,0,0,0,0.9673043,-0.2944613,-0.8799686,-0.2438675,-0.2324501,2.077821,0.9969859,-0.00223178,0.07755068,0.0130655,0.9901394,-0.1394746,-0.0764747,0.1400674,0.9871843,moving,-7.538262345581761,-8.400781380503608,-6.694005974999894,-6.383255179506065,-0.4050706999999999,0.06142120000000001,2.0647004000000004,-0.12980448233180425,-0.1448604752604302,0.9809006524825432,-8.028278568554827,-7.813473978116851,2.1581513780427493,2.1870484198982982,1.9559675779039603
05/10/2023 16:36:00.843423,4559,True,True,True,True,Eyes,1.379351,-0.355628,-2.935264,-0.2058264,-0.004239696,0.9785793,0.0,0.0,0.0,0.0,0.0,0.0,0.0,-1.141337,-0.0769771,3.061484,1.372412,-0.355918,-2.944667,-0.07015315,-0.0385369,-0.004038696,0.9967834,351.9425,355.5827,359.847,0.4223732,-0.1090734,-0.8998351,0,0,0,0.9687474,-0.2915231,-0.880062,-0.2428379,-0.2297764,2.077961,0.9969972,-0.00264444,0.07739255,0.01345838,0.9901245,-0.1395437,-0.07625923,0.1401662,0.9871869,moving,-7.5167910935760585,-8.32225806555681,-6.665553919425202,-6.31000734814495,-0.40366459999999993,0.06439490000000003,2.064605,-0.12946239590146125,-0.1435225036395052,0.9811425519995169,-8.00341812719975,-7.737860986595195,2.1562352190036784,2.1848930583396706,1.9566927840823203
05/10/2023 16:36:00.860169,4560,True,True,True,True,Eyes,1.379468,-0.3556107,-2.935264,-0.2053588,-0.002790261,0.9786828,0.0,0.0,0.0,0.0,0.0,0.0,0.0,-1.141946,-0.07677934,3.061264,1.372355,-0.3559734,-2.94469,-0.07012819,-0.03842836,-0.004047487,0.9967893,351.9454,355.5954,359.845,0.4224129,-0.1090661,-0.8998173,0,0,0,0.970178,-0.2890361,-0.8801478,-0.2418186,-0.2271295,2.078099,0.9970137,-0.002679162,0.07717764,0.01345881,0.9901313,-0.139495,-0.07604227,0.1401171,0.9872106,moving,-7.500175812297596,-8.235877414342257,-6.637388916097113,-6.237484817958596,-0.402177,0.06693729999999998,2.0645422,-0.12920564203220658,-0.14204794991040004,0.9813910165184039,-7.982821119330901,-7.654628874661109,2.1482621417466223,2.176688815043687,1.9540944426884228
05/10/2023 16:36:00.874926,4561,True,True,True,True,Eyes,1.379583,-0.3555933,-2.935264,-0.2048734,-0.001350191,0.9787876,0.0,0.0,0.0,0.0,0.0,0.0,0.0,-1.141307,-0.07655579,3.061468,1.372332,-0.3559183,-2.944666,-0.07014485,-0.03852228,-0.003892517,0.9967851,351.9441,355.5832,359.8637,0.4224517,-0.1090588,-0.8998,0,0,0,0.9708906,-0.286229,-0.8803556,-0.2407424,-0.2243346,2.078246,0.9970018,-0.002355727,0.07734294,0.01316428,0.9901291,-0.1395388,-0.07625078,0.1401386,0.9871915,moving,-7.460558669695621,-8.1513925115421,-6.607648145817203,-6.160892129540995,-0.40144140000000006,0.06968930000000001,2.0643103999999997,-0.12855363715202434,-0.14061271457660995,0.9816833123932783,-7.940154970988662,-7.573400223577301,2.137691070257288,2.1655364537428374,1.9418428244445012
05/10/2023 16:36:00.893047,4562,True,True,True,True,Eyes,1.379694,-0.3555776,-2.935262,-0.2044024,3.168881e-05,0.978887,0.0,0.0,0.0,0.0,0.0,0.0,0.0,-1.141385,-0.07680389,3.061409,1.372348,-0.3559196,-2.944633,-0.07020466,-0.03851026,-0.003850286,0.9967816,351.9375,355.5843,359.8687,0.4224895,-0.1090515,-0.8997831,0,0,0,0.9719667,-0.2834625,-0.8804674,-0.2397588,-0.2217807,2.07838,0.9970043,-0.002268588,0.07731326,0.01308299,0.9901129,-0.1396609,-0.07623202,0.140254,0.9871765,moving,-7.4332778973553175,-8.077522409609324,-6.580468029849984,-6.090894993811235,-0.40038129999999994,0.0724571,2.0641656,-0.12810920801735987,-0.13935501783415385,0.9819207252749828,-7.909942052430459,-7.502321570032103,2.134430760667432,2.1619373624864946,1.9389755431100395
05/10/2023 16:36:00.903249,4563,True,True,True,True,Eyes,1.379813,-0.3555618,-2.93526,-0.2038955,0.001424336,0.9789916,0.0,0.0,0.0,0.0,0.0,0.0,0.0,-1.141736,-0.07652923,3.061294,1.372368,-0.3559453,-2.94463,-0.07017439,-0.03845537,-0.003827393,0.9967859,351.941,355.5904,359.8708,0.4225263,-0.1090443,-0.8997667,0,0,0,0.9734367,-0.2805336,-0.8805956,-0.2385633,-0.2186763,2.078542,0.9970131,-0.002233018,0.07720072,0.01302735,0.9901218,-0.1396033,-0.07612638,0.1401921,0.9871935,moving,-7.40851738874356,-7.993171709299923,-6.547435842486199,-6.005799919923225,-0.3989313,0.07541170000000003,2.0640344,-0.12771081454816754,-0.1379164207626306,0.9821756285183009,-7.881602185801381,-7.421110006695669,2.138608335039485,2.1658965946035615,1.9450199159275532
05/10/2023 16:36:00.923170,4564,True,True,True,True,Eyes,1.379927,-0.3555472,-2.935258,-0.2034046,0.002764401,0.9790909,0.0,0.0,0.0,0.0,0.0,0.0,0.0,-1.141709,-0.07675177,3.061292,1.37239,-0.3559579,-2.944611,-0.0702319,-0.03846137,-0.003783108,0.9967818,351.9346,355.5894,359.8762,0.4225625,-0.1090372,-0.8997506,0,0,0,0.9743544,-0.2780176,-0.8807238,-0.2376678,-0.2163511,2.078664,0.9970128,-0.002139437,0.07720657,0.0129443,0.9901063,-0.1397208,-0.0761438,0.1403028,0.9871764,moving,-7.378072874865297,-7.921419429782005,-6.522691264693706,-5.942052958444003,-0.39803560000000004,0.07794030000000002,2.0638872,-0.12721065662253989,-0.13669518657352253,0.9824112878454472,-7.848452339716317,-7.352099003940805,2.12943792234494,2.156286003033178,1.9354256065440179
05/10/2023 16:36:00.943364,4565,True,True,True,True,Eyes,1.380042,-0.3555334,-2.935256,-0.2028961,0.004123956,0.9791916,0.0,0.0,0.0,0.0,0.0,0.0,0.0,-1.142063,-0.07713896,3.061157,1.372388,-0.3559715,-2.944618,-0.07025355,-0.03840798,-0.003893342,0.9967819,351.9317,355.5964,359.8631,0.422598,-0.1090303,-0.8997348,0,0,0,0.9755669,-0.2753128,-0.8808468,-0.2366798,-0.2137856,2.078799,0.9970194,-0.002365032,0.07711579,0.01315822,0.9900986,-0.1397558,-0.07602172,0.140354,0.9871786,moving,-7.352245023334614,-7.847465572877136,-6.495390016165482,-5.871708463958353,-0.3968210999999999,0.08065869999999997,2.0637712,-0.1267899479420186,-0.13543438915382533,0.9826402491523792,-7.819635335762207,-7.280928532268234,2.127017583108216,2.1535590673937683,1.9337856311910941
05/10/2023 16:36:00.960074,4566,True,True,True,True,Eyes,1.380151,-0.3555159,-2.935255,-0.2024101,0.005430466,0.9792858,0.0,0.0,0.0,0.0,0.0,0.0,0.0,-1.142394,-0.0773446,3.061043,1.372383,-0.3559945,-2.944633,-0.07025006,-0.03835755,-0.003994907,0.9967837,351.9316,355.6031,359.851,0.4226329,-0.1090234,-0.8997192,0,0,0,0.9767927,-0.2726611,-0.8809795,-0.235666,-0.2111527,2.078937,0.9970255,-0.002574875,0.07702964,0.01335336,0.9900979,-0.1397417,-0.07590707,0.1403547,0.9871873,moving,-7.327531694093326,-7.773534346811952,-6.467378067536627,-5.7995084460390345,-0.39559029999999995,0.0833334,2.0636535,-0.12638797668215024,-0.1341732714178444,0.982865010676366,-7.791893734393015,-7.209771466026926,2.127012550441488,2.153286445924223,1.9347308694734238
05/10/2023 16:36:00.973088,4567,True,True,True,True,Eyes,1.380257,-0.3554994,-2.935254,-0.201914,0.006760889,0.97938,0.0,0.0,0.0,0.0,0.0,0.0,0.0,-1.142193,-0.07771993,3.061081,1.372344,-0.3558871,-2.944635,-0.07025099,-0.03838847,-0.004097826,0.9967821,351.9311,355.6003,359.8394,0.4226671,-0.1090165,-0.899704,0,0,0,0.977669,-0.2698128,-0.8811682,-0.2346328,-0.2084702,2.079077,0.9970191,-0.002775622,0.07710562,0.01356293,0.990096,-0.1397352,-0.07595412,0.1403645,0.9871823,moving,-7.292870237386588,-7.698658630828937,-6.438832683927205,-5.725940776222911,-0.394675,0.08607429999999999,2.0634668,-0.12581517642554313,-0.13289848557205497,0.9831117389848084,-7.754513792717912,-7.13777823778569,2.123797262536704,2.1496501754007067,1.9298450191403385
05/10/2023 16:36:00.983262,4568,True,True,True,True,Eyes,1.380359,-0.3554846,-2.935254,-0.2014375,0.008032655,0.9794685,0.0,0.0,0.0,0.0,0.0,0.0,0.0,-1.142238,-0.07830206,3.061068,1.372336,-0.355908,-2.944656,-0.0703277,-0.03838149,-0.004152457,0.9967767,351.922,355.6015,359.8333,0.4227005,-0.1090097,-0.8996891,0,0,0,0.9787519,-0.2667766,-0.8813581,-0.2335881,-0.2057572,2.079219,0.9970193,-0.002879583,0.07709959,0.01367671,0.9900735,-0.1398832,-0.07593146,0.1405208,0.9871618,moving,-7.264317608929493,-7.634957655359743,-6.409968871473572,-5.651526349307157,-0.3935841,0.08913140000000003,2.0632979000000002,-0.1253435604556119,-0.13181331798004178,0.983318042903847,-7.723614541113633,-7.076522475241289,2.133973480438357,2.159609110700822,1.9381122011615761
05/10/2023 16:36:01.003366,4569,True,True,True,True,Eyes,1.380468,-0.3554699,-2.935256,-0.2009498,0.009335559,0.979557,0.0,0.0,0.0,0.0,0.0,0.0,0.0,-1.142243,-0.07794863,3.061083,1.372328,-0.3559305,-2.944665,-0.07025089,-0.03838211,-0.004204958,0.9967819,351.9306,355.6019,359.827,0.4227332,-0.109003,-0.8996745,0,0,0,0.9797879,-0.2644201,-0.8815125,-0.2325576,-0.2030814,2.07936,0.9970183,-0.002990096,0.077108,0.01377561,0.9900942,-0.1397268,-0.07592639,0.1403724,0.9871833,moving,-7.234003345830193,-7.551873792765909,-6.381495218711152,-5.578120967115341,-0.39254009999999995,0.09151039999999999,2.0631525,-0.12484688055039408,-0.13039549754559826,0.9835701101942627,-7.689989050142306,-6.996575442395799,2.1247731507128664,2.1499930984930207,1.9298106656707388
05/10/2023 16:36:01.023011,4570,True,True,True,True,Eyes,1.380573,-0.3554552,-2.935257,-0.200478,0.01058239,0.9796411,0.0,0.0,0.0,0.0,0.0,0.0,0.0,-1.142356,-0.07750237,3.061094,1.372299,-0.3559542,-2.944719,-0.07021473,-0.03835482,-0.004122571,0.9967859,351.9351,355.6044,359.8361,0.4227654,-0.1089963,-0.8996602,0,0,0,0.9809282,-0.261992,-0.8816893,-0.2315321,-0.2004186,2.079499,0.9970238,-0.002832495,0.07704201,0.01360479,0.9901057,-0.1396619,-0.07588416,0.1402943,0.9871976,moving,-7.208904569966979,-7.4741735544837695,-6.353164399135473,-5.505067319131861,-0.3913707999999999,0.0939622,2.0630297,-0.12443781443289709,-0.12906823223788094,0.9837970939362825,-7.661675986128898,-6.921784173767275,2.1220858889521614,2.1470143469656886,1.9285458821361017
05/10/2023 16:36:01.043247,4571,True,True,True,True,Eyes,1.380659,-0.355442,-2.93526,-0.1999675,0.01187177,0.9797306,0.0,0.0,0.0,0.0,0.0,0.0,0.0,-1.142555,-0.07711118,3.061008,1.372275,-0.3559403,-2.94471,-0.07017338,-0.03831614,-0.004063869,0.9967905,351.9401,355.6084,359.8424,0.422797,-0.1089898,-0.8996462,0,0,0,0.9821483,-0.2594541,-0.8817996,-0.2304763,-0.197677,2.079643,0.9970307,-0.002724106,0.07695667,0.0134792,0.9901184,-0.1395849,-0.07581596,0.1402077,0.9872151,moving,-7.18265533321269,-7.3938904120465585,-6.3239945056662155,-5.429840945865507,-0.39012669999999994,0.09648619999999997,2.0629104000000003,-0.12400928465814562,-0.1276965012533418,0.9840301262876933,-7.632117048858735,-6.844509092801843,2.118925509859628,2.1435458293138656,1.926777245548834
05/10/2023 16:36:01.063201,4572,True,True,True,True,Eyes,1.380742,-0.3554295,-2.935262,-0.1994696,0.01310644,0.9798163,0.0,0.0,0.0,0.0,0.0,0.0,0.0,-1.142643,-0.0767144,3.061015,1.372251,-0.3559586,-2.944749,-0.07018608,-0.03828918,-0.003882316,0.9967913,351.9395,355.6101,359.8632,0.4228275,-0.1089833,-0.8996326,0,0,0,0.9833138,-0.2568451,-0.8819685,-0.2294382,-0.1949813,2.079784,0.9970378,-0.002364982,0.07687761,0.01311445,0.9901177,-0.1396244,-0.07578769,0.1402191,0.9872157,moving,-7.1567187697123025,-7.320651562296282,-6.295316120442604,-5.355867371630453,-0.3889372000000001,0.09911350000000002,2.0627804999999997,-0.12358378552498445,-0.1264453090193831,0.9842451491481332,-7.603233199682568,-6.7740294298613355,2.1209556925609845,2.145318493851026,1.929204683172123
05/10/2023 16:36:01.078091,4573,True,True,True,True,Eyes,1.380786,-0.3554187,-2.935267,-0.1989578,0.01440208,0.9799023,0.0,0.0,0.0,0.0,0.0,0.0,0.0,-1.143101,-0.07603133,3.060815,1.372236,-0.3559653,-2.944708,-0.07018496,-0.0382007,-0.003623784,0.9967958,351.9408,355.6182,359.8922,0.4228572,-0.108977,-0.8996195,0,0,0,0.9847354,-0.2543538,-0.8820019,-0.2284104,-0.1923125,2.079924,0.9970552,-0.001862115,0.07666527,0.01258657,0.9901219,-0.1396433,-0.07564792,0.140197,0.9872295,moving,-7.137449263856621,-7.240962235407093,-6.266921799435709,-5.2826231790760465,-0.3875006,0.10161149999999997,2.0627060999999998,-0.12327426465350619,-0.12508112756191184,0.9844583845122321,-7.580432989981488,-6.697274569577625,2.1189655047820395,2.143107539500217,1.930427466738142
05/10/2023 16:36:01.093099,4574,True,True,True,True,Eyes,1.380827,-0.3554077,-2.93527,-0.1984612,0.01564721,0.9799838,0.0,0.0,0.0,0.0,0.0,0.0,0.0,-1.14324,-0.07628748,3.060775,1.372233,-0.3559551,-2.944729,-0.07027384,-0.0381715,-0.003508575,0.9967909,351.9311,355.6206,359.9057,0.4228849,-0.1089709,-0.8996072,0,0,0,0.9859192,-0.2513635,-0.8821709,-0.2273751,-0.1896237,2.080065,0.9970613,-0.001629717,0.07659113,0.01235955,0.9900985,-0.1398288,-0.07560489,0.1403645,0.987209,moving,-7.111504366631301,-7.17711055836942,-6.238321085351184,-5.208822677443019,-0.38631380000000004,0.1045916,2.0625581000000004,-0.12284539811704263,-0.12399057887582933,0.9846498239781319,-7.552039133761509,-6.635853646727323,2.129319873075233,2.153278018489219,1.9396578301379694
05/10/2023 16:36:01.103376,4575,True,True,True,True,Eyes,1.380832,-0.3553988,-2.935278,-0.1979433,0.01695987,0.9800668,0.0,0.0,0.0,0.0,0.0,0.0,0.0,-1.143565,-0.07635257,3.060599,1.372182,-0.355941,-2.9447,-0.07029293,-0.03810963,-0.003488703,0.9967921,351.929,355.6276,359.9076,0.4229108,-0.108965,-0.8995957,0,0,0,0.9872839,-0.2483394,-0.8822697,-0.2262388,-0.1866735,2.080219,0.997071,-0.001597348,0.07646521,0.0123127,0.9900934,-0.139869,-0.07548428,0.1404008,0.9872131,moving,-7.087344564651707,-7.103195488319481,-6.206933299980152,-5.127840745633636,-0.3848981,0.10760160000000002,2.0624303,-0.12244959458792173,-0.12272627761315547,0.9848575923634943,-7.524831891695388,-6.564707982658622,2.1388872960842558,2.16267204041945,1.9497292516861977
05/10/2023 16:36:01.123045,4576,True,True,True,True,Eyes,1.380836,-0.3553902,-2.935287,-0.1974466,0.01822294,0.9801442,0.0,0.0,0.0,0.0,0.0,0.0,0.0,-1.143568,-0.07659107,3.060667,1.372203,-0.3559357,-2.944769,-0.07029612,-0.03811513,-0.003569479,0.9967914,351.9283,355.6276,359.8983,0.4229342,-0.1089594,-0.8995854,0,0,0,0.9882072,-0.2459053,-0.8824874,-0.2253246,-0.1842995,2.080343,0.997069,-0.001757362,0.0764875,0.01247474,0.9900914,-0.139869,-0.07548381,0.1404132,0.9872114,moving,-7.056116591195274,-7.032134787035576,-6.181680898880686,-5.062668883069817,-0.3839958000000001,0.11003040000000003,2.0622816,-0.1219311294909711,-0.12151252074218617,0.985072279150814,-7.490963620302489,-6.496370285327152,2.1314741629216747,2.1548628092937516,1.9415769249371324
05/10/2023 16:36:01.143241,4577,True,True,True,True,Eyes,1.380804,-0.3553848,-2.935297,-0.1969229,0.01953762,0.9802243,0.0,0.0,0.0,0.0,0.0,0.0,0.0,-1.143526,-0.07701662,3.060684,1.37218,-0.355932,-2.944793,-0.07031499,-0.03812345,-0.003690192,0.9967893,351.9255,355.6276,359.8845,0.4229553,-0.1089541,-0.8995761,0,0,0,0.9891338,-0.2432317,-0.8826748,-0.2243517,-0.181773,2.080476,0.997066,-0.001995387,0.07652107,0.01271799,0.9900844,-0.1398971,-0.07548316,0.1404598,0.9872047,moving,-7.022789887860503,-6.960616824656395,-6.154804673948284,-4.9933021774199435,-0.3830462,0.11270030000000003,2.0621182000000005,-0.12137632815640566,-0.120291084563676,0.9852907527161346,-7.455048285877242,-6.427607209190571,2.127281175413181,2.150284923632522,1.9359401784467936
05/10/2023 16:36:01.160042,4578,True,True,True,True,Eyes,1.380773,-0.3553785,-2.935308,-0.1964219,0.02080062,0.9802988,0.0,0.0,0.0,0.0,0.0,0.0,0.0,-1.143054,-0.07736868,3.060881,1.372166,-0.3559605,-2.944826,-0.0703582,-0.03819942,-0.003731061,0.9967831,351.9204,355.6191,359.8806,0.4229734,-0.1089492,-0.8995682,0,0,0,0.9898583,-0.2403836,-0.8829362,-0.2233183,-0.17909,2.080617,0.9970538,-0.002062834,0.07667808,0.0128134,0.9900716,-0.1399787,-0.07562803,0.1405488,0.9871811,moving,-6.983569086505309,-6.893338660441226,-6.12625872172683,-4.919632870284966,-0.38230770000000003,0.11557690000000001,2.0618898,-0.12071865547963194,-0.11914367043256005,0.9855109121103033,-7.413677023122473,-6.3629801632516765,2.129241084490617,2.151858640257988,1.9340882324451416
05/10/2023 16:36:01.178182,4579,True,True,True,True,Eyes,1.380705,-0.355374,-2.935318,-0.195886,0.02211555,0.9803773,0.0,0.0,0.0,0.0,0.0,0.0,0.0,-1.142901,-0.07757723,3.060916,1.372155,-0.355929,-2.944818,-0.07036026,-0.03822567,-0.003795611,0.9967818,351.9199,355.6166,359.8734,0.4229887,-0.1089445,-0.8995616,0,0,0,0.990793,-0.2376208,-0.883109,-0.2222812,-0.1763964,2.080758,0.9970488,-0.002187655,0.07673943,0.01294593,0.99007,-0.1399775,-0.07567119,0.1405578,0.9871765,moving,-6.947853810673653,-6.818837059307446,-6.097612851893673,-4.8456674417282315,-0.381362,0.1183082,2.061709,-0.12012269913380827,-0.11787070157371339,0.9857368349445111,-7.3753012348197915,-6.29135593217496,2.126330425524716,2.1485595238961395,1.929378867738138
05/10/2023 16:36:01.193199,4580,True,True,True,True,Eyes,1.380638,-0.3553696,-2.935329,-0.1953741,0.02337274,0.9804503,0.0,0.0,0.0,0.0,0.0,0.0,0.0,-1.142468,-0.07751262,3.061026,1.372118,-0.3559241,-2.94478,-0.07034507,-0.03829122,-0.003802758,0.9967803,351.9216,355.6091,359.873,0.4230007,-0.1089403,-0.8995565,0,0,0,0.991536,-0.23501,-0.8832748,-0.2212507,-0.1737207,2.080898,0.9970387,-0.002193834,0.07687087,0.01296822,0.9900743,-0.1399459,-0.07580085,0.1405284,0.9871707,moving,-6.9093783592374125,-6.744623306378806,-6.069150393297978,-4.772187580208722,-0.380582,0.12091410000000002,2.0615052,-0.11947873352941354,-0.11660293215703986,0.9859658732139748,-7.334280397929202,-6.22003036224647,2.12213332937241,2.1439416336782178,1.922707115011802
05/10/2023 16:36:01.204174,4581,True,True,True,True,Eyes,1.380555,-0.3553649,-2.93534,-0.1948283,0.02468164,0.9805267,0.0,0.0,0.0,0.0,0.0,0.0,0.0,-1.142205,-0.07703173,3.061145,1.372102,-0.3559211,-2.944798,-0.07028969,-0.03832877,-0.003740274,0.996783,351.9282,355.6043,359.8803,0.4230097,-0.1089364,-0.8995527,0,0,0,0.9924266,-0.2325876,-0.8834628,-0.2202119,-0.1710234,2.081039,0.9970338,-0.002068249,0.07693674,0.01284472,0.9900907,-0.1398404,-0.07588513,0.1404139,0.9871805,moving,-6.872443480550475,-6.661601582696918,-6.040459889170218,-4.698108915596962,-0.3796753999999999,0.12333349999999998,2.0613352000000003,-0.11886293389092334,-0.11518270255694218,0.9862070813096964,-7.294277103770909,-6.140193391257291,2.1111351542023065,2.1324868464028772,1.9109330816565926
05/10/2023 16:36:01.228043,4582,True,True,True,True,Eyes,1.380476,-0.3553619,-2.935349,-0.1942975,0.0259384,0.9805997,0.0,0.0,0.0,0.0,0.0,0.0,0.0,-1.14215,-0.07689697,3.061168,1.372117,-0.3558927,-2.944793,-0.0702912,-0.03833723,-0.003671469,0.9967827,351.9283,355.6028,359.8883,0.4230156,-0.1089329,-0.8995504,0,0,0,0.9934658,-0.2299147,-0.8836188,-0.2191765,-0.1683349,2.08118,0.9970336,-0.001929775,0.07694392,0.01270885,0.9900913,-0.1398486,-0.07591163,0.1404116,0.9871789,moving,-6.8398953083338,-6.5880139325725,-6.011862809120799,-4.624265239352675,-0.3786512000000001,0.125978,2.0611742,-0.11831998501079309,-0.11392342920782837,0.9864187367266873,-7.259002330544283,-6.069427163184479,2.1101593317502316,2.131184353798493,1.9088871029973564
05/10/2023 16:36:01.248358,4583,True,True,True,True,Eyes,1.380365,-0.3553606,-2.935358,-0.1937341,0.02723119,0.9806761,0.0,0.0,0.0,0.0,0.0,0.0,0.0,-1.142661,-0.0767602,3.060952,1.372133,-0.3559316,-2.944751,-0.07030189,-0.03825429,-0.003614064,0.9967855,351.9274,355.6118,359.8943,0.4230188,-0.1089297,-0.8995493,0,0,0,0.9948866,-0.2272513,-0.8836723,-0.2181372,-0.1656361,2.081321,0.9970471,-0.001826194,0.0767708,0.01258359,0.9900892,-0.1398753,-0.07575451,0.1404283,0.9871886,moving,-6.815921440336757,-6.5136796518844715,-5.983160402809665,-4.550134412874045,-0.3772464000000001,0.12868030000000003,2.0610787000000004,-0.11792447881629078,-0.11264891066436394,0.9866124327945979,-7.231952055162076,-5.997875551436517,2.1120361115460535,2.132838683835163,1.9119191916164313
05/10/2023 16:36:01.260176,4584,True,True,True,True,Eyes,1.380259,-0.3553554,-2.935368,-0.1931898,0.02847809,0.9807481,0.0,0.0,0.0,0.0,0.0,0.0,0.0,-1.142958,-0.07632992,3.060842,1.372183,-0.3559317,-2.944717,-0.07027253,-0.03821006,-0.00351792,0.9967896,351.9312,355.6162,359.9049,0.4230188,-0.1089269,-0.8995496,0,0,0,0.9961484,-0.2248212,-0.8837466,-0.2171296,-0.1630194,2.081459,0.9970553,-0.001643017,0.07666922,0.01238349,0.9900988,-0.139825,-0.07568036,0.1403627,0.9872035,moving,-6.7887704981581045,-6.436706391176096,-5.955330597730127,-4.478250963138706,-0.3760345999999999,0.13111050000000002,2.0609703999999995,-0.11747452051052977,-0.11132934130286987,0.9868159153984033,-7.201699635499634,-5.923801348961578,2.1079159320539675,2.128419538351054,1.9086779970081758
05/10/2023 16:36:01.275814,4585,True,True,True,True,Eyes,1.380226,-0.3553464,-2.935374,-0.1927198,0.02990248,0.9807981,0.0,0.0,0.0,0.0,0.0,0.0,0.0,-1.143206,-0.0768908,3.060757,1.372188,-0.355832,-2.94475,-0.07034418,-0.03817002,-0.003530087,0.9967859,351.9229,355.6209,359.9035,0.423016,-0.1089243,-0.8995512,0,0,0,0.9973987,-0.2216744,-0.8839301,-0.2160706,-0.1602698,2.081603,0.9970612,-0.001667405,0.07659132,0.01240756,0.9900784,-0.1399667,-0.07559804,0.1405057,0.9871895,moving,-6.76505605195146,-6.362973951335373,-5.926085006937168,-4.402713791357488,-0.3747893,0.1341576,2.0608199,-0.11708265952405732,-0.11006446252078236,0.9870042844459114,-7.174931326684026,-5.852828554165737,2.111950320014607,2.132250526830489,1.9137528460226243
05/10/2023 16:36:01.293296,4586,True,True,True,True,Eyes,1.380194,-0.3553408,-2.935381,-0.1922753,0.03126228,0.9808429,0.0,0.0,0.0,0.0,0.0,0.0,0.0,-1.143318,-0.0776661,3.06066,1.372151,-0.3559174,-2.944719,-0.07043146,-0.03815187,-0.003665212,0.99678,351.9123,355.6241,359.8882,0.4230126,-0.1089218,-0.8995531,0,0,0,0.9985006,-0.2186121,-0.8840752,-0.2150257,-0.1575563,2.081745,0.997062,-0.001932636,0.07657434,0.012681,0.9900519,-0.1401297,-0.07554175,0.140689,0.9871677,moving,-6.739870164264277,-6.2969340677931305,-5.89722996608276,-4.328163797445092,-0.37365039999999994,0.1373053,2.0606438000000002,-0.11666341876029021,-0.10893216227552256,0.987179490450667,-7.147152928449243,-5.789290255795026,2.121390269923252,2.1415178918229176,1.9228099071778328
05/10/2023 16:36:01.303420,4587,True,True,True,True,Eyes,1.380194,-0.3553408,-2.935381,-0.1922753,0.03126228,0.9808429,0.0,0.0,0.0,0.0,0.0,0.0,0.0,-1.142692,-0.07657656,3.060945,1.372163,-0.355994,-2.944729,-0.07037663,-0.03824364,-0.003387549,0.9967814,351.9198,355.6112,359.9207,0.4230086,-0.1089193,-0.8995553,0,0,0,0.9992217,-0.216326,-0.8842892,-0.2139609,-0.1547911,2.08189,0.9970519,-0.001370373,0.07671791,0.01213621,0.9900713,-0.1400411,-0.0757643,0.1405593,0.9871691,moving,-6.730421393713268,-6.285658073407245,-5.867825518386405,-4.252188170693124,-0.37294130000000003,0.139668,2.0604398,-0.1165030857868264,-0.10873994062604145,0.9872196168715911,-7.1374477541170425,-5.778480352475318,2.1883180493523557,2.2088620349345263,1.9853232597315515
05/10/2023 16:36:01.328381,4588,True,True,True,True,Eyes,1.380194,-0.3553408,-2.935381,-0.1922753,0.03126228,0.9808429,0.0,0.0,0.0,0.0,0.0,0.0,0.0,-1.142285,-0.0777548,3.061172,1.372247,-0.3558882,-2.944811,-0.07048775,-0.03832889,-0.003537003,0.9967698,351.9064,355.6025,359.9046,0.4230051,-0.1089172,-0.8995572,0,0,0,0.9999469,-0.2131476,-0.8846221,-0.2129852,-0.1522577,2.082023,0.9970368,-0.001647721,0.0769088,0.01245459,0.9900379,-0.140249,-0.07591154,0.1407913,0.9871247,moving,-6.720088062805246,-6.3009678077511415,-5.8408820680691145,-4.182577218473435,-0.3723001,0.1427406,2.0601889,-0.11632162749072442,-0.10900606127879447,0.987211665856766,-7.12830049434537,-5.793332527539913,2.2725101105692542,2.293595838398801,2.0620327034267607
05/10/2023 16:36:01.343347,4589,True,True,True,True,Eyes,1.380194,-0.3553408,-2.935381,-0.1922753,0.03126228,0.9808429,0.0,0.0,0.0,0.0,0.0,0.0,0.0,-1.142347,-0.07998544,3.061087,1.372299,-0.355885,-2.944783,-0.07082643,-0.03832904,-0.003609857,0.9967455,351.8672,355.6029,359.8977,0.4230019,-0.1089152,-0.8995589,0,0,0,1.001064,-0.2090008,-0.8848552,-0.2119444,-0.1495554,2.082164,0.9970357,-0.001766799,0.07691995,0.01262564,0.9899411,-0.1409151,-0.07589725,0.1414686,0.987029,moving,-6.720172190113178,-6.340969498623904,-5.812144275097419,-4.108323230921745,-0.371235,0.14688420000000002,2.0599278,-0.11631420330350659,-0.10969536357807158,0.9871361856099915,-7.130503819891798,-5.8319337585661515,2.3882795111519766,2.410233194347022,2.170001184413749
05/10/2023 16:36:01.361559,4590,True,True,True,True,Eyes,1.380194,-0.3553408,-2.935381,-0.1922753,0.03126228,0.9808429,0.0,0.0,0.0,0.0,0.0,0.0,0.0,-1.142445,-0.081651,3.060905,1.372306,-0.3558594,-2.944678,-0.07101087,-0.03832413,-0.003824939,0.9967317,351.845,355.6052,359.8737,0.422999,-0.1089134,-0.8995605,0,0,0,1.002151,-0.2054043,-0.8849701,-0.2109092,-0.1468672,2.082305,0.9970332,-0.002182017,0.07694097,0.01306774,0.9898856,-0.1412644,-0.07585452,0.1418507,0.9869774,moving,-6.720022853982833,-6.3658837256644745,-5.783559962313953,-4.034451524642735,-0.370155,0.15045509999999998,2.0597079000000003,-0.11630607488011294,-0.11012470038741637,0.9870893388806616,-7.131681680767596,-5.855977264604933,2.48977923866067,2.5124766377886805,2.266139490214853
05/10/2023 16:36:01.377461,4591,True,True,True,True,Eyes,1.380194,-0.3553408,-2.935381,-0.1922753,0.03126228,0.9808429,0.0,0.0,0.0,0.0,0.0,0.0,0.0,-1.143137,-0.08173829,3.060597,1.372307,-0.3558845,-2.944625,-0.07090373,-0.03822627,-0.00413614,0.9967419,351.856,355.6191,359.8365,0.4229964,-0.1089118,-0.8995619,0,0,0,1.003587,-0.2030853,-0.8849823,-0.2099019,-0.1442513,2.082442,0.9970433,-0.00282456,0.07678998,0.0136661,0.9899111,-0.1410292,-0.07561691,0.1416616,0.9870228,moving,-6.729809953761374,-6.359253564917977,-5.755747525878231,-3.962563719336832,-0.36871999999999994,0.1527992,2.0596427,-0.11647619591751537,-0.11000826734961167,0.9870822622864921,-7.140762954919816,-5.8495050625192535,2.563763547292612,2.587067805320413,2.3406869443166305
05/10/2023 16:36:01.393514,4592,True,True,True,True,Eyes,1.380194,-0.3553408,-2.935381,-0.1922753,0.03126228,0.9808429,0.0,0.0,0.0,0.0,0.0,0.0,0.0,-1.143118,-0.07912892,3.060601,1.372264,-0.3558315,-2.944576,-0.07051369,-0.03822006,-0.004018621,0.9967704,351.9013,355.619,359.8483,0.4229941,-0.1089104,-0.8995631,0,0,0,1.004614,-0.2020541,-0.8849635,-0.2088712,-0.1415748,2.082582,0.9970462,-0.00262121,0.07675998,0.01340136,0.9900234,-0.1402647,-0.07562651,0.1408791,0.9871341,moving,-6.73057863582704,-6.312588344340594,-5.727290464554882,-3.8890077409518513,-0.36765000000000003,0.15377740000000004,2.0596125,-0.11649983300553832,-0.10920398538650293,0.9871687769103539,-7.139028060868593,-5.804467032918084,2.5995211581809765,2.6230383328759754,2.3794930846769438
05/10/2023 16:36:01.403346,4593,True,True,True,True,Eyes,1.380194,-0.3553408,-2.935381,-0.1922753,0.03126228,0.9808429,0.0,0.0,0.0,0.0,0.0,0.0,0.0,-1.142448,-0.07780486,3.06087,1.372253,-0.3557675,-2.944575,-0.07032071,-0.03832459,-0.003924613,0.9967803,351.9238,355.6063,359.8592,0.422992,-0.1089091,-0.8995643,0,0,0,1.005222,-0.2001739,-0.8851326,-0.2078373,-0.1388906,2.082723,0.9970316,-0.00243393,0.07695436,0.01321398,0.9900792,-0.1398878,-0.07585043,0.1404894,0.9871725,moving,-6.718707528583097,-6.2887898850638715,-5.698744511879651,-3.81523609696732,-0.3670309999999999,0.15559360000000003,2.0594424,-0.11630052666285376,-0.10879650274213952,0.9872372683961647,-7.126323818978484,-5.781591206669974,2.6518458932953926,2.675592064954894,2.4299249156116987
05/10/2023 16:36:01.423020,4594,True,True,True,True,Eyes,1.380194,-0.3553408,-2.935381,-0.1922753,0.03126228,0.9808429,0.0,0.0,0.0,0.0,0.0,0.0,0.0,-1.142019,-0.07673037,3.061089,1.372267,-0.3558148,-2.944594,-0.07015406,-0.03839713,-0.003911006,0.9967893,351.943,355.5978,359.8606,0.4229901,-0.1089079,-0.8995653,0,0,0,1.005988,-0.1982479,-0.8853095,-0.2068037,-0.1362061,2.082864,0.9970208,-0.002409467,0.07709645,0.01318433,0.9901262,-0.1395573,-0.07599897,0.140158,0.9872081,moving,-6.710207578018068,-6.269455665028458,-5.670207757744034,-3.7414535554736608,-0.3662789999999998,0.15756689999999998,2.0592845,-0.11615829730329609,-0.10846517508929693,0.987290469609499,-7.117105619432868,-5.762997888461774,2.70952917341931,2.733568051482078,2.4859917361882107
05/10/2023 16:36:01.443089,4595,True,True,True,True,Eyes,1.379579,-0.355346,-2.935409,-0.1908823,0.03342003,0.9810439,0.0,0.0,0.0,0.0,0.0,0.0,0.0,-1.142284,-0.0761542,3.061011,1.372279,-0.3558273,-2.944594,-0.07008502,-0.0383535,-0.003855309,0.9967961,351.9512,355.6025,359.8663,0.4229884,-0.1089069,-0.8995662,0,0,0,1.007224,-0.195926,-0.8854086,-0.2057789,-0.133545,2.083003,0.9970283,-0.002309904,0.07700163,0.01306193,0.9901465,-0.1394252,-0.07592084,0.1400167,0.9872342,moving,-6.632654556789601,-6.136190461053157,-5.641917143166976,-3.668313102496015,-0.36505500000000013,0.15990130000000002,2.0591854,-0.1148502813221029,-0.10618479581573276,0.9876913923911185,-7.035288028026276,-5.634983015503393,2.636583487229794,2.6593193263748187,2.4102433423830956
05/10/2023 16:36:01.460249,4596,True,True,True,True,Eyes,1.37899,-0.3553483,-2.935437,-0.1895398,0.03550392,0.9812309,0.0,0.0,0.0,0.0,0.0,0.0,0.0,-1.142152,-0.07623532,3.061092,1.372318,-0.3558162,-2.944613,-0.07014078,-0.03837605,-0.003746524,0.9967917,351.9453,355.5989,359.8793,0.4229711,-0.1089069,-0.8995744,0,0,0,1.008238,-0.1930313,-0.8856154,-0.2047299,-0.1308213,2.083146,0.9970265,-0.002085557,0.07703143,0.01285246,0.9901325,-0.1395439,-0.07598028,0.140119,0.9872151,moving,-6.550896904487714,-6.020518766181074,-5.612957594659897,-3.593448542176688,-0.36407999999999996,0.16278490000000004,2.0589975999999997,-0.11346464563546413,-0.10420727053982076,0.9880620234538293,-6.950351320079619,-5.523977798551591,2.580433162109488,2.6019992354282087,2.348524044269396
05/10/2023 16:36:01.473466,4597,True,True,True,True,Eyes,1.378429,-0.3553512,-2.935466,-0.1882945,0.03768431,0.9813893,0.0,0.0,0.0,0.0,0.0,0.0,0.0,-1.142509,-0.07730052,3.060964,1.372364,-0.3557512,-2.944633,-0.07029413,-0.03832553,-0.003777636,0.9967827,351.9275,355.6049,359.876,0.4229403,-0.1089077,-0.8995888,0,0,0,1.009529,-0.1896909,-0.8858033,-0.2037177,-0.1281928,2.083283,0.9970338,-0.002142846,0.07693554,0.01291908,0.9900889,-0.1398464,-0.07587335,0.1404255,0.9871798,moving,-6.482868962988913,-5.912947375060127,-5.585017638227287,-3.5212004641191426,-0.362835,0.1660603,2.0588297,-0.1123130187030899,-0.10236550221546081,0.9883860449697232,-6.879077371594248,-5.420685531343335,2.5341047826348464,2.5547192188911776,2.298398162662307
05/10/2023 16:36:01.493229,4598,True,True,True,True,Eyes,1.377891,-0.355354,-2.935495,-0.1870925,0.03977991,0.9815366,0.0,0.0,0.0,0.0,0.0,0.0,0.0,-1.142922,-0.07736063,3.060819,1.372308,-0.3557617,-2.944669,-0.07031891,-0.03824704,-0.003749193,0.996784,351.9248,355.6138,359.8788,0.4228982,-0.1089092,-0.8996084,0,0,0,1.010862,-0.1869099,-0.8859484,-0.2026734,-0.1254809,2.083426,0.9970462,-0.002095291,0.07677536,0.01285325,0.9900824,-0.1398987,-0.0757208,0.1404723,0.9871848,moving,-6.420801506664067,-5.794568554317646,-5.556188291166661,-3.4466555003737462,-0.36144600000000016,0.16885180000000002,2.0587206,-0.11126539895366222,-0.10033509218770324,0.9887128107831847,-6.812974899076841,-5.306918928503347,2.482353456415396,2.502049504165122,2.2450150555973716
05/10/2023 16:36:01.513141,4599,True,True,True,True,Eyes,1.377432,-0.355351,-2.935519,-0.1859785,0.04201265,0.9816552,0.0,0.0,0.0,0.0,0.0,0.0,0.0,-1.143323,-0.07736191,3.060704,1.372306,-0.3557621,-2.944706,-0.07036179,-0.03817605,-0.00364908,0.9967841,351.9203,355.6212,359.8899,0.4228464,-0.1089114,-0.8996325,0,0,0,1.012172,-0.184192,-0.8860974,-0.2016705,-0.1228774,2.083562,0.9970586,-0.001902418,0.07662009,0.01264696,0.9900718,-0.1399924,-0.07559306,0.1405496,0.9871836,moving,-6.3633001314621405,-5.669123552144263,-5.528506426534437,-3.375090954033573,-0.36013399999999995,0.17157010000000003,2.0586086,-0.11029689141914581,-0.09818079475898679,0.9890374736040485,-6.7508984316223435,-5.186298867895871,2.4224171777298267,2.4412017718700354,2.1851124276202007
05/10/2023 16:36:01.523375,4600,True,True,True,True,Eyes,1.376992,-0.3553492,-2.935543,-0.1849131,0.04416624,0.9817619,0.0,0.0,0.0,0.0,0.0,0.0,0.0,-1.14297,-0.07888794,3.060781,1.372331,-0.3557022,-2.944684,-0.07058629,-0.03823864,-0.003689826,0.9967657,351.8944,355.6141,359.8867,0.4227879,-0.1089137,-0.8996596,0,0,0,1.013021,-0.1804457,-0.8863626,-0.2006146,-0.1201352,2.083705,0.9970484,-0.001957536,0.07675082,0.01275403,0.9900079,-0.1404338,-0.07570902,0.1409982,0.9871108,moving,-6.293086064474149,-5.571368354114045,-5.499363264071705,-3.2997129401744303,-0.35931,0.17525650000000004,2.0583214,-0.10910272905304526,-0.09650599890154102,0.9893346887116364,-6.678038232017479,-5.09249582707375,2.3883489139902925,2.4063279501264705,2.1455407615846016
05/10/2023 16:36:01.543498,4601,True,True,True,True,Eyes,1.376657,-0.3553447,-2.93556,-0.1841848,0.04637001,0.9817972,0.0,0.0,0.0,0.0,0.0,0.0,0.0,-1.142584,-0.0798502,3.060897,1.372333,-0.355731,-2.944677,-0.07070237,-0.03830639,-0.003801007,0.9967544,351.8806,355.6071,359.8749,0.4227239,-0.1089164,-0.8996894,0,0,0,1.01383,-0.1771963,-0.8866115,-0.1995575,-0.1173901,2.083849,0.9970363,-0.002160636,0.07690158,0.01299404,0.9899735,-0.1406546,-0.07582664,0.141237,0.9870676,moving,-6.24180871789716,-5.45946190622263,-5.470185943850127,-3.2242528096310776,-0.358503,0.17853470000000002,2.0580655,-0.10823734615957341,-0.0945825124014089,0.9896154735807491,-6.62267889668025,-4.9848934546822585,2.3473613479933984,2.3646482636776374,2.1043040387095524
05/10/2023 16:36:01.563566,4602,True,True,True,True,Eyes,1.376336,-0.3553403,-2.935576,-0.1834896,0.04847453,0.9818257,0.0,0.0,0.0,0.0,0.0,0.0,0.0,-1.142147,-0.07979429,3.061048,1.372321,-0.3557901,-2.944661,-0.07070462,-0.03837571,-0.003793243,0.9967517,351.8803,355.5991,359.8764,0.4226577,-0.1089191,-0.8997201,0,0,0,1.014574,-0.1746081,-0.8868039,-0.1985356,-0.114737,2.083988,0.9970258,-0.002135163,0.07703849,0.01298852,0.9899729,-0.1406588,-0.0759657,0.141241,0.9870563,moving,-6.192628683267475,-5.338254009707222,-5.4419818489782825,-3.1513211993738675,-0.3577469999999998,0.181182,2.0578571,-0.1074089987553129,-0.09249714990790953,0.9899027744140662,-6.568847521101065,-4.868299259392708,2.2956138796857424,2.3121733902847614,2.0537380313941678
05/10/2023 16:36:01.573176,4603,True,True,True,True,Eyes,1.376031,-0.355339,-2.935594,-0.1829675,0.05063115,0.9818143,0.0,0.0,0.0,0.0,0.0,0.0,0.0,-1.141786,-0.07904118,3.0612,1.372342,-0.3557874,-2.944649,-0.07056113,-0.03844097,-0.003834253,0.9967591,351.8966,355.5919,359.8716,0.4225898,-0.1089218,-0.8997517,0,0,0,1.015351,-0.1725809,-0.8869417,-0.1975314,-0.1121293,2.084125,0.9970152,-0.002218777,0.07717385,0.01306853,0.9900128,-0.1403701,-0.07609167,0.1409597,0.9870868,moving,-6.153883822796898,-5.198174333751562,-5.414266303769578,-3.079636558606354,-0.35699100000000006,0.18320649999999997,2.0577073,-0.10676330233334722,-0.09008301231134574,0.9901952268410786,-6.524072584104948,-4.733414723876693,2.2281134907269724,2.243933238572248,1.9916456009533317
05/10/2023 16:36:01.593174,4604,True,True,True,True,Eyes,1.375738,-0.3553376,-2.935613,-0.1824671,0.05268513,0.9817994,0.0,0.0,0.0,0.0,0.0,0.0,0.0,-1.141671,-0.07789618,3.061341,1.37236,-0.3558355,-2.944706,-0.07035236,-0.03846579,-0.003895047,0.9967727,351.9203,355.5897,359.8639,0.4225208,-0.1089245,-0.8997837,0,0,0,1.016381,-0.1706373,-0.8871081,-0.1964398,-0.1092944,2.084274,0.9970105,-0.002352635,0.07723136,0.01317727,0.9900708,-0.139951,-0.07613526,0.1405503,0.9871418,moving,-6.121097931173667,-5.056890486915283,-5.384139606245385,-3.0017059389788585,-0.35597900000000005,0.18519820000000004,2.0575979,-0.10621986062259245,-0.08764618408364679,0.9904723696150132,-6.484977150981622,-4.597323065524398,2.1681467740465252,2.183321116729682,1.938514202792012
05/10/2023 16:36:01.603200,4605,True,True,True,True,Eyes,1.375452,-0.3553349,-2.935631,-0.1820562,0.05480394,0.9817597,0.0,0.0,0.0,0.0,0.0,0.0,0.0,-1.14153,-0.07653987,3.061467,1.372366,-0.3558303,-2.944746,-0.07015774,-0.03848692,-0.003817994,0.9967859,351.943,355.5867,359.872,0.4224512,-0.1089273,-0.8998161,0,0,0,1.017235,-0.1690854,-0.8872278,-0.1955134,-0.1068889,2.0844,0.9970084,-0.002211135,0.07726217,0.01301176,0.9901266,-0.1395706,-0.07619071,0.1401584,0.9871933,moving,-6.094306350751293,-4.911168267507088,-5.3585743952920675,-2.9355800217993524,-0.3551310000000001,0.1867449,2.0575181999999996,-0.10577985971450393,-0.08513081882698587,0.9907388179064555,-6.451423698803464,-4.45690299319801,2.093651339496764,2.108139090966823,1.8731639499762391
05/10/2023 16:36:01.623471,4606,True,True,True,True,Eyes,1.375178,-0.3553309,-2.935649,-0.1816565,0.05684813,0.9817175,0.0,0.0,0.0,0.0,0.0,0.0,0.0,-1.14141,-0.0775986,3.0615,1.372415,-0.3557681,-2.944745,-0.07034585,-0.03851094,-0.003760576,0.996772,351.9217,355.5834,359.8797,0.422381,-0.1089301,-0.8998487,0,0,0,1.018268,-0.165523,-0.8874738,-0.1944501,-0.1041277,2.084544,0.9970055,-0.002078705,0.07730233,0.01291504,0.9900746,-0.1399479,-0.07624416,0.1405272,0.9871367,moving,-6.068097133701127,-4.813831444204714,-5.329233999180158,-2.8596771825625447,-0.354147,0.19024509999999997,2.0572712,-0.10534166518054842,-0.08345148577297087,0.9909283661205134,-6.420998570849304,-4.3631707067966445,2.075014055212657,2.089171512788839,1.8580749870136533
05/10/2023 16:36:01.643505,4607,True,True,True,True,Eyes,1.374903,-0.3553265,-2.935662,-0.1812926,0.0589478,0.981661,0.0,0.0,0.0,0.0,0.0,0.0,0.0,-1.141794,-0.0788517,3.061344,1.37244,-0.3557366,-2.944758,-0.07043952,-0.03846314,-0.004023419,0.9967661,351.9097,355.591,359.8494,0.4223108,-0.1089328,-0.8998813,0,0,0,1.019542,-0.1623585,-0.8876507,-0.1934456,-0.1015194,2.084681,0.9970089,-0.002602163,0.07724434,0.01343947,0.9900442,-0.140114,-0.07611071,0.140733,0.9871177,moving,-6.051809660695267,-4.707805814285955,-5.3015148266029115,-2.787976523348908,-0.35289800000000016,0.19337810000000002,2.0571073,-0.10507596811138234,-0.08161994687553843,0.9911091736322948,-6.399675271265649,-4.26097859406626,2.0474094109811323,2.0612343011907983,1.837305489721148
05/10/2023 16:36:01.663294,4608,True,True,True,True,Eyes,1.374637,-0.3553234,-2.935678,-0.1809543,0.060962,0.9816003,0.0,0.0,0.0,0.0,0.0,0.0,0.0,-1.142482,-0.07907164,3.060915,1.372294,-0.3557037,-2.944657,-0.07046255,-0.03832981,-0.004057134,0.9967695,351.907,355.6067,359.8445,0.4222405,-0.1089354,-0.899914,0,0,0,1.021,-0.1595537,-0.8876219,-0.1924194,-0.09885469,2.084821,0.9970287,-0.002686422,0.07698373,0.01348969,0.9900371,-0.1401588,-0.07584023,0.1407809,0.9871317,moving,-6.0472169197152335,-4.594845365698707,-5.273197933266608,-2.7147258466597544,-0.351294,0.19615000000000002,2.0570351,-0.1050131631963423,-0.07966630987084405,0.9912746782399118,-6.389255701923488,-4.152005847724,2.0196757839422794,2.0332129247214175,1.8197139182955688
05/10/2023 16:36:01.678324,4609,True,True,True,True,Eyes,1.374389,-0.3553214,-2.935691,-0.1806386,0.06299315,0.9815302,0.0,0.0,0.0,0.0,0.0,0.0,0.0,-1.141506,-0.07854512,3.061335,1.372257,-0.3557284,-2.944715,-0.07048184,-0.03847088,-0.003799353,0.9967638,351.9059,355.5883,359.8755,0.4221704,-0.1089381,-0.8999466,0,0,0,1.021427,-0.1569228,-0.8879384,-0.1913685,-0.09612627,2.084964,0.9970111,-0.002151118,0.07722834,0.01299711,0.9900358,-0.1402151,-0.07615718,0.1407998,0.9871046,moving,-6.012659345764014,-4.475591429382994,-5.244201658826164,-2.639725267236178,-0.35083,0.1988056,2.0567766,-0.10443227300212417,-0.07760769893219857,0.9914993291429811,-6.349621451555952,-4.03718658906586,1.9771918070182048,1.9902089794615916,1.781811175228377
05/10/2023 16:36:01.683408,4610,True,True,True,True,Eyes,1.374151,-0.3553211,-2.935701,-0.1803299,0.06493671,0.9814603,0.0,0.0,0.0,0.0,0.0,0.0,0.0,-1.141317,-0.07864082,3.061425,1.372346,-0.3557532,-2.944694,-0.07053606,-0.03851232,-0.003714889,0.9967586,351.9,355.5827,359.8858,0.4221008,-0.1089407,-0.8999789,0,0,0,1.022421,-0.1540159,-0.8881276,-0.1903047,-0.09336355,2.085108,0.9970061,-0.00197268,0.07729905,0.01283871,0.9900218,-0.1403287,-0.07625091,0.140901,0.9870829,moving,-5.989834134503705,-4.368275403174283,-5.214852635780977,-2.5637840665150162,-0.34992500000000004,0.20173729999999998,2.0565664000000003,-0.10405215653254452,-0.07575350220621144,0.9916826736613603,-6.321928470711161,-3.933798706621895,1.9512157450379126,1.9638699823157522,1.7614076809170403
05/10/2023 16:36:01.709086,4611,True,True,True,True,Eyes,1.373924,-0.355321,-2.935711,-0.1799162,0.06688675,0.9814053,0.0,0.0,0.0,0.0,0.0,0.0,0.0,-1.141731,-0.07796869,3.061233,1.372376,-0.3557914,-2.944618,-0.07046881,-0.03844729,-0.003632364,0.9967662,351.9081,355.5896,359.8945,0.4220321,-0.1089433,-0.9000108,0,0,0,1.023696,-0.1518725,-0.8881242,-0.1893372,-0.09085163,2.08524,0.9970173,-0.001822565,0.07715786,0.0126599,0.9900419,-0.1402026,-0.07613397,0.1407612,0.9871119,moving,-5.973067545353128,-4.246777026232392,-5.188158993730961,-2.4947368078976413,-0.3486800000000001,0.2039189,2.0564938,-0.10377833536135883,-0.07365254518867338,0.991869648145838,-6.299322500053315,-3.8166789271784247,1.9076175014011363,1.919824565180915,1.7269091766827687
05/10/2023 16:36:01.728953,4612,True,True,True,True,Eyes,1.373707,-0.3553205,-2.935719,-0.1795164,0.06876353,0.9813488,0.0,0.0,0.0,0.0,0.0,0.0,0.0,-1.142097,-0.07759961,3.061107,1.372396,-0.3557863,-2.94461,-0.07041948,-0.03838994,-0.003606085,0.9967719,351.9139,355.5961,359.8969,0.4219645,-0.108946,-0.9000421,0,0,0,1.024979,-0.1494685,-0.8882095,-0.1883264,-0.08822672,2.085377,0.9970264,-0.001782091,0.0770399,0.01259569,0.9900562,-0.1401074,-0.07602415,0.1406612,0.9871346,moving,-5.95624832122375,-4.1324698353202916,-5.16027412192628,-2.422586382349947,-0.34741699999999986,0.2063178,2.0564005,-0.1035021119620296,-0.07167565720822545,0.9920433161770859,-6.27704731835581,-3.706499082947612,1.874257293684141,1.8860743221540972,1.701650432673943
05/10/2023 16:36:01.743180,4613,True,True,True,True,Eyes,1.373477,-0.3553194,-2.935728,-0.1789127,0.07064384,0.9813254,0.0,0.0,0.0,0.0,0.0,0.0,0.0,-1.142278,-0.07816648,3.061021,1.372415,-0.3557812,-2.944597,-0.0704664,-0.0383684,-0.003718679,0.996769,351.908,355.5994,359.8839,0.421898,-0.1089486,-0.900073,0,0,0,1.026152,-0.146543,-0.8883623,-0.1872968,-0.08555274,2.085517,0.9970281,-0.002005961,0.07701296,0.01282069,0.9900413,-0.1401921,-0.0759648,0.1407628,0.9871247,moving,-5.923503075076834,-4.031279558090668,-5.13187075649296,-2.3490885290096744,-0.346263,0.2092382,2.0562347,-0.10294792598232078,-0.06992753198513893,0.992225635550101,-6.2401181765166145,-3.609097648163671,1.8477259721634387,1.8591525989404565,1.678045090079619
05/10/2023 16:36:01.760652,4614,True,True,True,True,Eyes,1.373211,-0.3552961,-2.935762,-0.1783263,0.07244481,0.981301,0.0,0.0,0.0,0.0,0.0,0.0,0.0,-1.142288,-0.07902628,3.061039,1.371533,-0.3551823,-2.945127,-0.07042959,-0.03822444,-0.003897294,0.9967765,351.9115,355.6176,359.862,0.4218323,-0.1089513,-0.9001035,0,0,0,1.026953,-0.1432962,-0.8889409,-0.1862525,-0.08284126,2.08566,0.9970474,-0.002385199,0.07675141,0.01315372,0.9900489,-0.1401072,-0.07565349,0.1407031,0.9871571,moving,-5.905916718149036,-3.9261591476613718,-5.103060740560227,-2.2745609883380906,-0.3445799999999999,0.2118861,2.0561860999999997,-0.10265632940660355,-0.06810905630810013,0.9923824901973076,-6.21759100839961,-3.5077889060851395,1.825296587688472,1.8363970705242731,1.662236088839624
05/10/2023 16:36:01.773346,4615,True,True,True,True,Eyes,1.372925,-0.3552524,-2.935812,-0.1776177,0.07422583,0.9812964,0.0,0.0,0.0,0.0,0.0,0.0,0.0,-1.141625,-0.07947773,3.061323,1.370432,-0.3546247,-2.945756,-0.07036913,-0.03814935,-0.003978047,0.9967833,351.9181,355.6269,359.8518,0.4217661,-0.1089533,-0.9001343,0,0,0,1.02721,-0.1403164,-0.8896513,-0.1852368,-0.08020335,2.085797,0.9970576,-0.002561427,0.07661314,0.01329958,0.9900647,-0.139982,-0.07549341,0.1405891,0.9871856,moving,-5.873342521465257,-3.817905870685278,-5.075046088941218,-2.202060238359335,-0.34322200000000014,0.2143083,2.0561046999999997,-0.10210500757945559,-0.06623772946650493,0.9925660061012366,-6.1804520089429955,-3.403570340579102,1.7916117472873847,1.8022858545989409,1.6326508425597712
05/10/2023 16:36:01.783449,4616,True,True,True,True,Eyes,1.37265,-0.3552108,-2.935861,-0.1769439,0.0759367,0.9812871,0.0,0.0,0.0,0.0,0.0,0.0,0.0,-1.141707,-0.07961771,3.061195,1.370461,-0.3546251,-2.945646,-0.07035696,-0.03814614,-0.00406947,0.996784,351.9191,355.628,359.8412,0.4216987,-0.108954,-0.9001658,0,0,0,1.028324,-0.1376351,-0.8896945,-0.1841993,-0.07750978,2.085938,0.9970566,-0.002745073,0.07661954,0.01348046,0.9900667,-0.1399509,-0.07547428,0.1405719,0.9871895,moving,-5.8346352776738435,-3.719363571800754,-5.046428895623971,-2.1280311384185473,-0.3421369999999999,0.21699000000000002,2.0559515,-0.10144576810992981,-0.06453489745177117,0.9927456380785491,-6.137917043480833,-3.3087693342682867,1.7655489097621173,1.7758401432106112,1.6079456035732365
05/10/2023 16:36:01.803089,4617,True,True,True,True,Eyes,1.372396,-0.3551676,-2.935903,-0.1762036,0.07761385,0.9812891,0.0,0.0,0.0,0.0,0.0,0.0,0.0,-1.14113,-0.07984239,3.061455,1.370449,-0.3546326,-2.945703,-0.07036608,-0.03824031,-0.004131109,0.9967795,351.9177,355.6176,359.8348,0.4216307,-0.1089536,-0.9001977,0,0,0,1.028995,-0.1348827,-0.8899806,-0.183159,-0.07480842,2.08608,0.9970412,-0.002853967,0.07681569,0.01361725,0.9900631,-0.139963,-0.07565293,0.1405949,0.9871725,moving,-5.7809109440548605,-3.624724058984235,-5.017734337866405,-2.053790271039643,-0.3414539999999999,0.21974990000000003,2.0557224,-0.10052536831825687,-0.0629009285766567,0.992944127155333,-6.081115322906077,-3.217848172128964,1.7366270503732284,1.7465026476759984,1.5766451460085804
05/10/2023 16:36:01.823314,4618,True,True,True,True,Eyes,1.372152,-0.3551278,-2.935943,-0.1754891,0.07922095,0.9812887,0.0,0.0,0.0,0.0,0.0,0.0,0.0,-1.141179,-0.07944369,3.061329,1.370485,-0.354551,-2.945574,-0.07030378,-0.0382385,-0.004097274,0.9967842,351.925,355.6176,359.8384,0.4215626,-0.1089521,-0.9002298,0,0,0,1.030057,-0.1324824,-0.8899743,-0.1821561,-0.07220434,2.086217,0.9970421,-0.002791575,0.07680716,0.01354482,0.9900811,-0.139842,-0.07565493,0.1404687,0.9871904,moving,-5.739656864384465,-3.5244351646622665,-4.990072442099274,-1.9822258538778725,-0.34042799999999995,0.2220686,2.0555997,-0.0998211790299332,-0.06116716984159201,0.993123459312107,-6.036032995568592,-3.1213809625355915,1.7052453792864055,1.7147263234705121,1.5465147399862766
05/10/2023 16:36:01.845166,4619,True,True,True,True,Eyes,1.371907,-0.3550924,-2.935979,-0.1747047,0.08080735,0.9812994,0.0,0.0,0.0,0.0,0.0,0.0,0.0,-1.141445,-0.07898849,3.061248,1.370503,-0.3545913,-2.945567,-0.07028195,-0.03819351,-0.003987497,0.9967878,351.928,355.6219,359.8506,0.4214947,-0.1089499,-0.9002618,0,0,0,1.031286,-0.1300279,-0.8900785,-0.1811351,-0.06955308,2.086356,0.9970507,-0.002580748,0.07670215,0.013318,0.9900891,-0.1398077,-0.07558115,0.1404169,0.9872034,moving,-5.699222259933746,-3.4287984220000993,-4.961913768437035,-1.9093685943735539,-0.3392170000000001,0.2245634,2.0554885,-0.09913022594972812,-0.05951352410392399,0.9932932151224834,-5.991987311413971,-3.0293969058555392,1.679741543572502,1.6888726454988814,1.5216816100821633
05/10/2023 16:36:01.860635,4620,True,True,True,True,Eyes,1.37171,-0.3550814,-2.93599,-0.1739536,0.08233568,0.9813058,0.0,0.0,0.0,0.0,0.0,0.0,0.0,-1.14181,-0.07839477,3.061097,1.370585,-0.3546291,-2.945493,-0.070258,-0.03814134,-0.003830484,0.9967921,351.9315,355.6267,359.8682,0.4214271,-0.108947,-0.9002938,0,0,0,1.032628,-0.1275342,-0.8901129,-0.1800876,-0.06683253,2.086498,0.9970611,-0.002276924,0.07657623,0.01299586,0.9900983,-0.1397731,-0.07549973,0.1403574,0.9872181,moving,-5.661474932804462,-3.3355351982333215,-4.9330270698946,-1.8346114578019992,-0.33795699999999984,0.2270949,2.0553801,-0.09848516771705976,-0.05790033984197185,0.9934527239147264,-5.950657610463481,-2.939682974588023,1.659533520428583,1.6683549872758785,1.502249970647454
05/10/2023 16:36:01.876662,4621,True,True,True,True,Eyes,1.371487,-0.3550706,-2.936002,-0.1731543,0.08386693,0.9813174,0.0,0.0,0.0,0.0,0.0,0.0,0.0,-1.142614,-0.07774761,3.060737,1.371535,-0.3552032,-2.944902,-0.07035779,-0.03816085,-0.003585852,0.9967852,351.9211,355.6224,359.8971,0.4213612,-0.1089443,-0.900325,0,0,0,1.034528,-0.1251085,-0.8897329,-0.1790394,-0.06411022,2.086641,0.9970618,-0.001778821,0.07658093,0.01251847,0.9900739,-0.1399896,-0.07557176,0.1405369,0.9871871,moving,-5.612544798942002,-3.254927684063184,-4.904120370031613,-1.759809124088677,-0.33700700000000006,0.23009469999999999,2.0551690999999996,-0.09764452862667639,-0.05650732585150678,0.9936158116964834,-5.899221099519424,-2.8622664967377727,1.6459160530973194,1.6544620515011077,1.4851389565746094
05/10/2023 16:36:01.893174,4622,True,True,True,True,Eyes,1.371273,-0.3550624,-2.936013,-0.172381,0.08533987,0.9813266,0.0,0.0,0.0,0.0,0.0,0.0,0.0,-1.142869,-0.0780265,3.060657,1.371594,-0.355133,-2.944906,-0.07041597,-0.03812591,-0.003530895,0.9967827,351.9146,355.6259,359.9034,0.4212961,-0.1089418,-0.9003558,0,0,0,1.035772,-0.1221627,-0.8898957,-0.1780108,-0.06143948,2.086781,0.9970679,-0.001669724,0.07650375,0.01240841,0.9900582,-0.1401096,-0.07550923,0.1406481,0.987176,moving,-5.5716594800129196,-3.175911385604631,-4.87575636532226,-1.6864281714070908,-0.33582200000000006,0.23297029999999996,2.0550103,-0.09694289840710824,-0.05514078473791073,0.9937613228271129,-5.85562278423246,-2.7863246772405,1.6357234828874014,1.6440320527326697,1.4730616152939568
05/10/2023 16:36:01.903175,4623,True,True,True,True,Eyes,1.371061,-0.355054,-2.936021,-0.1715808,0.08682331,0.9813367,0.0,0.0,0.0,0.0,0.0,0.0,0.0,-1.143293,-0.0781523,3.060483,1.371599,-0.3551898,-2.944883,-0.07045767,-0.0380565,-0.003508527,0.9967824,351.91,355.6338,359.9056,0.421232,-0.1089396,-0.900386,0,0,0,1.037158,-0.1192695,-0.8900108,-0.176934,-0.0586433,2.086927,0.9970788,-0.001631732,0.07636249,0.01235722,0.9900468,-0.1401949,-0.07537369,0.140729,0.9871748,moving,-5.533242558651976,-3.094923798129443,-4.8460660349732505,-1.6096057116826348,-0.334441,0.2359203,2.0548722,-0.09628392357880666,-0.05373950134552335,0.9939021324608833,-5.814298982292016,-2.708461874134553,1.6284864400092462,1.6365761187983852,1.4645681636687788
05/10/2023 16:36:01.923367,4624,True,True,True,True,Eyes,1.370858,-0.3550443,-2.93603,-0.1708186,0.08825008,0.9813424,0.0,0.0,0.0,0.0,0.0,0.0,0.0,-1.143372,-0.07806039,3.060398,1.371609,-0.355167,-2.944822,-0.07041696,-0.03804878,-0.003564763,0.9967855,351.9144,355.6351,359.8988,0.4211688,-0.1089376,-0.9004158,0,0,0,1.038209,-0.1168478,-0.8900768,-0.1759532,-0.05609642,2.087061,0.9970792,-0.001748049,0.07635498,0.01246517,0.9900575,-0.1401099,-0.0753509,0.1406525,0.9871875,moving,-5.490129572381583,-3.0089846979730184,-4.819021696838859,-1.5396360983278048,-0.33340000000000014,0.2383192,2.0547451999999997,-0.09554357192379298,-0.05225241226869809,0.9940528597815468,-5.768186309610873,-2.6258563666742236,1.6075478427159335,1.6153547870034057,1.4424936511143518
05/10/2023 16:36:01.943457,4625,True,True,True,True,Eyes,1.370661,-0.3550361,-2.936038,-0.1700413,0.08968163,0.9813477,0.0,0.0,0.0,0.0,0.0,0.0,0.0,-1.142851,-0.07849994,3.060602,1.371601,-0.3551272,-2.944852,-0.07044315,-0.03813607,-0.003653976,0.9967799,351.911,355.6258,359.8894,0.4211068,-0.1089358,-0.900445,0,0,0,1.038881,-0.1140552,-0.8903338,-0.1749482,-0.05348699,2.087198,0.9970646,-0.001911569,0.07654133,0.01265727,0.9900488,-0.1401539,-0.07551174,0.1407113,0.9871668,moving,-5.435361419337831,-2.930931442201614,-4.791312143434797,-1.4679528299054694,-0.3327200000000001,0.24107199999999998,2.0545182,-0.09459993911956549,-0.050902792048398024,0.9942132085426593,-5.711258496107281,-2.5509489388652993,1.5909281306953,1.5984698589048139,1.4209791919016757
05/10/2023 16:36:01.960666,4626,True,True,True,True,Eyes,1.370472,-0.3550283,-2.936045,-0.1693012,0.09106275,0.9813484,0.0,0.0,0.0,0.0,0.0,0.0,0.0,-1.142255,-0.07898262,3.060813,1.371629,-0.3551584,-2.944836,-0.07050064,-0.0382404,-0.003714276,0.9967716,351.9041,355.6142,359.8835,0.4210459,-0.1089342,-0.9004737,0,0,0,1.039535,-0.1111684,-0.8905748,-0.1739238,-0.05082658,2.087337,0.9970478,-0.002012624,0.07675761,0.01279652,0.9900317,-0.140262,-0.07571018,0.1408302,0.9871347,moving,-5.380782947085092,-2.858903163822232,-4.763070594962225,-1.3948745066144292,-0.3320939999999999,0.24398999999999998,2.0542612,-0.09365870766015558,-0.049657331339137516,0.9943652240828152,-5.65483314921397,-2.4818542144800277,1.5816888398191429,1.589008640344931,1.4059748712111388
05/10/2023 16:36:01.973175,4627,True,True,True,True,Eyes,1.370274,-0.3550224,-2.936053,-0.1685382,0.09245557,0.9813495,0.0,0.0,0.0,0.0,0.0,0.0,0.0,-1.141735,-0.07968399,3.060969,1.371626,-0.355165,-2.944816,-0.07057955,-0.03832874,-0.003801892,0.9967622,351.8947,355.6046,359.8745,0.4209862,-0.1089328,-0.9005017,0,0,0,1.040268,-0.108062,-0.8908167,-0.1728634,-0.04807344,2.087481,0.9970329,-0.002168713,0.07694595,0.01298961,0.9900082,-0.1404106,-0.07587261,0.1409935,0.9870989,moving,-5.326826600923529,-2.7890580340918616,-4.733837825799134,-1.319254372868597,-0.33135800000000004,0.24710300000000002,2.0539993,-0.09272776413068583,-0.04844937609431549,0.9945120502783819,-5.5991232459311195,-2.4148615338596144,1.5777896113024492,1.5849159252051332,1.3960923714094935
05/10/2023 16:36:01.983251,4628,True,True,True,True,Eyes,1.370083,-0.355018,-2.936061,-0.1678091,0.09379158,0.9813477,0.0,0.0,0.0,0.0,0.0,0.0,0.0,-1.14135,-0.07996413,3.061124,1.371679,-0.3551772,-2.944808,-0.07061475,-0.03840141,-0.003829153,0.996757,351.8905,355.5965,359.8721,0.4209275,-0.1089315,-0.9005293,0,0,0,1.041076,-0.1052562,-0.8910336,-0.1718354,-0.04540429,2.087621,0.9970213,-0.002210058,0.07709453,0.01305688,0.9899978,-0.1404774,-0.07601295,0.1410655,0.9870778,moving,-5.276517403080177,-2.7165586290523196,-4.705498844200947,-1.2459465160154697,-0.3306030000000002,0.24992100000000003,2.0537744,-0.09186001306441824,-0.047194742105338604,0.9946529330044787,-5.5467877277603375,-2.345279864358311,1.5706530927719864,1.5775811172789886,1.3843051673598883
05/10/2023 16:36:02.003281,4629,True,True,True,True,Eyes,1.369882,-0.3550156,-2.936067,-0.1670637,0.09513111,0.981346,0.0,0.0,0.0,0.0,0.0,0.0,0.0,-1.141075,-0.07986143,3.061245,1.371688,-0.3552076,-2.944818,-0.070604,-0.03844727,-0.003822677,0.996756,351.8918,355.5911,359.8732,0.4208697,-0.1089306,-0.9005564,0,0,0,1.041933,-0.1027002,-0.8912241,-0.1708174,-0.04276022,2.08776,0.9970144,-0.002191491,0.07718487,0.01304961,0.9900009,-0.140456,-0.07610529,0.1410438,0.9870738,moving,-5.228278848544227,-2.6380959588224204,-4.677436198213645,-1.1733329716111602,-0.329755,0.2525074,2.0535939,-0.0910283312009893,-0.04583610669652842,0.9947929804261737,-5.4961315688243175,-2.269927940458368,1.5582024087620021,1.5649147689657972,1.3684964872298195
05/10/2023 16:36:02.023400,4630,True,True,True,True,Eyes,1.369688,-0.3550138,-2.936072,-0.1663442,0.09641089,0.9813433,0.0,0.0,0.0,0.0,0.0,0.0,0.0,-1.141204,-0.07960165,3.061175,1.371737,-0.3552244,-2.944763,-0.07055122,-0.03843683,-0.003856415,0.99676,351.8976,355.5926,359.869,0.4208125,-0.1089299,-0.9005833,0,0,0,1.04307,-0.1002843,-0.8912919,-0.1697992,-0.04011685,2.087898,0.9970155,-0.002264311,0.07716871,0.01311137,0.9900153,-0.1403488,-0.07608042,0.1409417,0.9870902,moving,-5.188141625370426,-2.5588560488367675,-4.649371804597024,-1.1007450557283347,-0.32866700000000004,0.2549401,2.0534711,-0.0903370388280362,-0.04446307637628902,0.994918277696244,-5.453242421800702,-2.1937646737637713,1.5479429387113475,1.5544647271649052,1.3567976468927687
05/10/2023 16:36:02.043194,4631,True,True,True,True,Eyes,1.369503,-0.3550138,-2.936079,-0.1656197,0.09770432,0.9813378,0.0,0.0,0.0,0.0,0.0,0.0,0.0,-1.141489,-0.07905051,3.06108,1.371741,-0.3552349,-2.944757,-0.07047956,-0.03838968,-0.003816814,0.996767,351.9061,355.5978,359.8728,0.4207561,-0.1089294,-0.9006097,0,0,0,1.044344,-0.097859,-0.8913791,-0.1687359,-0.0373562,2.088043,0.9970233,-0.002197573,0.07706913,0.01302032,0.9900361,-0.1402103,-0.07599311,0.1407965,0.9871177,moving,-5.151738547324222,-2.475573724248131,-4.620063949381574,-1.0249426316714432,-0.32739700000000016,0.2573759,2.0533779,-0.0897105616085147,-0.04301930668652294,0.9950383164841886,-5.41373786332745,-2.1136721972881127,1.5386547228195415,1.5449946423362484,1.3473122684537637
05/10/2023 16:36:02.060920,4632,True,True,True,True,Eyes,1.369326,-0.3550146,-2.936085,-0.164925,0.09894288,0.9813308,0.0,0.0,0.0,0.0,0.0,0.0,0.0,-1.141485,-0.07916427,3.061129,1.371764,-0.3552867,-2.944792,-0.0705107,-0.03839294,-0.003805254,0.9967647,351.9025,355.5973,359.8743,0.4207006,-0.1089293,-0.9006356,0,0,0,1.045411,-0.09510127,-0.891591,-0.1676978,-0.03466055,2.088184,0.997023,-0.00217166,0.07707408,0.01300011,0.9900275,-0.140273,-0.07600084,0.1408574,0.9871085,moving,-5.11135843002373,-2.4076347284524453,-4.591453507628761,-0.9509319502919495,-0.3263529999999999,0.26018543,2.053201,-0.08901373311711705,-0.041842031347063394,0.9951511884561264,-5.371214165868469,-2.048416217387637,1.5404902325611383,1.5467010416467124,1.3462906078038952
05/10/2023 16:36:02.073286,4633,True,True,True,True,Eyes,1.369178,-0.3550116,-2.936088,-0.164212,0.100178,0.981325,0.0,0.0,0.0,0.0,0.0,0.0,0.0,-1.141414,-0.07885897,3.061167,1.371774,-0.3553047,-2.944789,-0.07047687,-0.03840481,-0.003771631,0.9967667,351.9066,355.5957,359.8781,0.4206461,-0.1089294,-0.9006611,0,0,0,1.046419,-0.09259892,-0.891736,-0.1666635,-0.03197414,2.088325,0.9970217,-0.002105571,0.07709289,0.01293217,0.9900376,-0.1402083,-0.07602964,0.1407877,0.9871162,moving,-5.068879709438756,-2.332147845680507,-4.562948232845925,-0.8771815413032688,-0.32535500000000006,0.26270578,2.0530530000000002,-0.08828067050029866,-0.04053354140548163,0.9952705780289841,-5.326267342739154,-1.9758923619310007,1.5343723923733734,1.5404199446516396,1.3378421173265012
05/10/2023 16:36:02.093131,4634,True,True,True,True,Eyes,1.369037,-0.3550075,-2.936091,-0.1635351,0.1013709,0.9813155,0.0,0.0,0.0,0.0,0.0,0.0,0.0,-1.141441,-0.07880175,3.061106,1.371821,-0.3552534,-2.944719,-0.07049622,-0.03840505,-0.003685796,0.9967656,351.9047,355.5949,359.8881,0.4205933,-0.1089296,-0.9006857,0,0,0,1.047508,-0.08981201,-0.8918326,-0.1656211,-0.02926728,2.088467,0.9970229,-0.001932929,0.07708132,0.01276257,0.9900334,-0.1402533,-0.07604199,0.1408195,0.9871107,moving,-5.029636156297023,-2.2644152224874614,-4.534221552039473,-0.8028768768395764,-0.32431299999999985,0.26544139,2.0528864000000002,-0.08760307252313979,-0.039359309215755145,0.9953775390783307,-5.284850040519,-1.9108269325583804,1.5372912142995758,1.5432206471891248,1.3382811564407384
05/10/2023 16:36:02.104148,4635,True,True,True,True,Eyes,1.368894,-0.3550105,-2.936092,-0.1628499,0.1025958,0.9813021,0.0,0.0,0.0,0.0,0.0,0.0,0.0,-1.140856,-0.07939979,3.061334,1.371853,-0.3552231,-2.944734,-0.07059163,-0.03850466,-0.003675103,0.9967552,351.8938,355.5833,359.8906,0.4205421,-0.1089299,-0.9007095,0,0,0,1.04813,-0.08685303,-0.8921134,-0.1646392,-0.02671772,2.0886,0.9970078,-0.001890145,0.07727829,0.01276257,0.9900066,-0.1404421,-0.07624055,0.1410082,0.9870684,moving,-4.978789782179197,-2.204651069580419,-4.5071652563662035,-0.7328972047887834,-0.323723,0.26837007,2.0526206,-0.08672319198362895,-0.03832398800991121,0.9954949319244408,-5.232672433164511,-1.8535389212242595,1.5396681101015282,1.5454737564505736,1.3349900824355592
05/10/2023 16:36:02.123297,4636,True,True,True,True,Eyes,1.368758,-0.3550164,-2.936095,-0.162199,0.1037608,0.9812875,0.0,0.0,0.0,0.0,0.0,0.0,0.0,-1.141037,-0.07941326,3.061256,1.371865,-0.3553937,-2.944697,-0.07057812,-0.03848243,-0.003783578,0.9967564,351.8949,355.5867,359.8778,0.4204924,-0.1089304,-0.9007326,0,0,0,1.049335,-0.08429921,-0.892219,-0.1635856,-0.02398148,2.088743,0.9970096,-0.002110577,0.0772493,0.01297465,0.9900088,-0.1404072,-0.07618115,0.1409896,0.9870756,moving,-4.944383285193084,-2.1375603064596027,-4.478134241503078,-0.6578009932056136,-0.32253,0.27109448999999997,2.0524780000000002,-0.08612917110570638,-0.037160207912331655,0.995590709933779,-5.195951248804605,-1.7890562891569228,1.5457665652793835,1.5514753610366365,1.3397760262779765
05/10/2023 16:36:02.133141,4637,True,True,True,True,Eyes,1.368615,-0.3550165,-2.936099,-0.1615268,0.1049669,0.9812701,0.0,0.0,0.0,0.0,0.0,0.0,0.0,-1.140561,-0.0780893,3.061523,1.371914,-0.3554659,-2.944724,-0.07047114,-0.03855734,-0.003536048,0.9967621,351.9083,355.5761,359.9066,0.4204443,-0.1089312,-0.900755,0,0,0,1.050032,-0.08233795,-0.8923829,-0.1625819,-0.02137536,2.08888,0.9970016,-0.001614837,0.07736336,0.01248356,0.9900426,-0.1402133,-0.0763666,0.1407586,0.9870943,moving,-4.896265792658213,-2.0523323662298347,-4.450478091278924,-0.5862831605290479,-0.321882,0.27312795,2.0523411,-0.08529763357080988,-0.03568177975218121,0.995716370593954,-5.145052848892872,-1.7071749237456582,1.5268223972720958,1.5323272980133644,1.318647958615686
05/10/2023 16:36:02.153465,4638,True,True,True,True,Eyes,1.368479,-0.3550183,-2.9361,-0.1608784,0.106149,0.9812495,0.0,0.0,0.0,0.0,0.0,0.0,0.0,-1.140345,-0.0803262,3.061568,1.372009,-0.355314,-2.944721,-0.0707005,-0.03861909,-0.003810572,0.9967425,351.8807,355.5711,359.8764,0.4203973,-0.1089322,-0.9007769,0,0,0,1.050975,-0.07850045,-0.8927066,-0.1615751,-0.01876125,2.089017,0.9969881,-0.00213554,0.07752539,0.0130571,0.9899738,-0.1406461,-0.07644775,0.1412347,0.98702,moving,-4.853063587815139,-2.0143957588593335,-4.4227389721894514,-0.5145537563659714,-0.32103400000000004,0.27681355,2.0520144,-0.08454878859711965,-0.03502473452085858,0.995803605816083,-5.101400900005388,-1.6708927800320716,1.554859578703049,1.5603542249299338,1.3407840802753863
05/10/2023 16:36:02.176892,4639,True,True,True,True,Eyes,1.36834,-0.3550199,-2.936096,-0.1602234,0.1073749,0.9812233,0.0,0.0,0.0,0.0,0.0,0.0,0.0,-1.140596,-0.08222845,3.061391,1.372064,-0.3553609,-2.944655,-0.07100415,-0.03858835,-0.003860704,0.9967219,351.8456,355.5749,359.8717,0.4203515,-0.1089333,-0.9007981,0,0,0,1.052228,-0.07460535,-0.8929506,-0.1605466,-0.01609054,2.089157,0.9969921,-0.002216232,0.07747195,0.01317596,0.9898871,-0.1412448,-0.07637544,0.1418407,0.9869387,moving,-4.81920798639669,-1.9792023828685577,-4.394403492740613,-0.4412793310362074,-0.319836,0.28075554999999996,2.0517044,-0.08396214286830114,-0.0344147787924075,0.9958745167369696,-5.06690295894227,-1.6371871461009937,1.5899978897434948,1.5955143907805172,1.3720244291464145
05/10/2023 16:36:02.183483,4640,True,True,True,True,Eyes,1.368207,-0.3550224,-2.936094,-0.1595895,0.1085433,0.981198,0.0,0.0,0.0,0.0,0.0,0.0,0.0,-1.140912,-0.08404195,3.061129,1.37209,-0.3553649,-2.944544,-0.07117436,-0.03855564,-0.00418268,0.9967097,351.8247,355.5813,359.8351,0.4203069,-0.1089345,-0.9008188,0,0,0,1.053552,-0.07103941,-0.8930851,-0.1594986,-0.01336932,2.0893,0.996992,-0.002849489,0.07745297,0.01382618,0.9898334,-0.1415578,-0.07626216,0.1422029,0.9868953,moving,-4.788012844905443,-1.9358608320199588,-4.365531754145516,-0.3666276533422332,-0.318538,0.28432548999999996,2.0514589,-0.08342205179087725,-0.033662967603796286,0.9959455495037095,-5.034536938025786,-1.5955983439815504,1.6195941352448946,1.6251101627621116,1.3992629826123304
05/10/2023 16:36:02.203154,4641,True,True,True,True,Eyes,1.368073,-0.3550243,-2.93609,-0.1589446,0.1097434,0.9811692,0.0,0.0,0.0,0.0,0.0,0.0,0.0,-1.141249,-0.08382821,3.061011,1.372074,-0.3553889,-2.94455,-0.07104206,-0.0385094,-0.004427994,0.99672,351.8388,355.5887,359.8058,0.4202634,-0.1089359,-0.900839,0,0,0,1.054845,-0.06882843,-0.8931525,-0.1584685,-0.01069456,2.08944,0.9969949,-0.003355365,0.0773953,0.01429851,0.9898669,-0.141277,-0.07613701,0.1419591,0.9869401,moving,-4.757603264193681,-1.8549524650557305,-4.337155988870096,-0.29325934264225845,-0.317229,0.28656047,2.0513975,-0.08289728880529107,-0.03225796039216878,0.996035873973136,-5.000934996082987,-1.5177513985063846,1.611922486723152,1.6173006275645125,1.3928328561930483
05/10/2023 16:36:02.228228,4642,True,True,True,True,Eyes,1.367945,-0.3550246,-2.936088,-0.158336,0.1108876,0.981139,0.0,0.0,0.0,0.0,0.0,0.0,0.0,-1.141256,-0.08172449,3.061015,1.372022,-0.3553741,-2.944524,-0.07077472,-0.03849305,-0.004230942,0.9967403,351.8703,355.5891,359.8272,0.4202208,-0.1089374,-0.9008586,0,0,0,1.05585,-0.06735182,-0.8931162,-0.1574399,-0.008023739,2.08958,0.9970008,-0.002985631,0.07733404,0.01388297,0.9899461,-0.1407623,-0.07613627,0.1414138,0.9870185,moving,-4.723951622744939,-1.7556344140825382,-4.308822791985514,-0.22000790643439955,-0.3161720000000001,0.28802228,2.0514078,-0.08231673709626909,-0.030532832969846456,0.996138437645802,-4.963231578554095,-1.4221635316910506,1.5855765263327068,1.5907484770130398,1.3687326281178411
05/10/2023 16:36:02.243514,4643,True,True,True,True,Eyes,1.367815,-0.3550289,-2.936087,-0.1576986,0.1120555,0.981109,0.0,0.0,0.0,0.0,0.0,0.0,0.0,-1.140458,-0.08108544,3.061364,1.372047,-0.3553335,-2.944554,-0.07068594,-0.03862468,-0.004164386,0.9967418,351.8808,355.5734,359.8356,0.4201793,-0.1089389,-0.9008778,0,0,0,1.056391,-0.06497392,-0.8933388,-0.1563817,-0.005275548,2.089724,0.9969816,-0.002841192,0.07758638,0.01376208,0.9899724,-0.1405896,-0.07640892,0.141233,0.9870232,moving,-4.672199341118883,-1.6772465011444788,-4.279676068891059,-0.14464397828912778,-0.31565599999999994,0.29035958,2.0512152,-0.08142025685568088,-0.029172117153678803,0.9962529210785466,-4.909192775685699,-1.346910336989044,1.5770498058706723,1.5820698506396693,1.3571056264694814
05/10/2023 16:36:02.253366,4644,True,True,True,True,Eyes,1.36769,-0.3550328,-2.936086,-0.1570847,0.113168,0.9810798,0.0,0.0,0.0,0.0,0.0,0.0,0.0,-1.140448,-0.08019277,3.061426,1.372087,-0.3554258,-2.94456,-0.07056416,-0.03863224,-0.004137489,0.9967504,351.8949,355.5723,359.8382,0.4201387,-0.1089406,-0.9008965,0,0,0,1.057451,-0.06289446,-0.8934376,-0.1553424,-0.002577543,2.089865,0.9969809,-0.002795984,0.0775973,0.01370019,0.9900072,-0.14035,-0.07642946,0.1409894,0.9870565,moving,-4.636216309123818,-1.5988012030326093,-4.251052538786985,-0.07066593322088008,-0.31463600000000014,0.29253134000000003,2.0511224,-0.08079771171535904,-0.02780950548961761,0.9963425788111813,-4.870349689789154,-1.2714824411501693,1.571034063021488,1.575927832365001,1.3511066748983573
05/10/2023 16:36:02.276718,4645,True,True,True,True,Eyes,1.367554,-0.3550389,-2.936086,-0.1564411,0.1143284,0.981048,0.0,0.0,0.0,0.0,0.0,0.0,0.0,-1.1406,-0.07940707,3.061394,1.372092,-0.3554207,-2.944562,-0.07046291,-0.0386058,-0.004067826,0.9967588,351.9068,355.5749,359.8456,0.420099,-0.1089424,-0.9009148,0,0,0,1.058568,-0.06074175,-0.8935154,-0.1543383,3.036857e-05,2.090002,0.9969862,-0.002668728,0.07753461,0.01354984,0.9900369,-0.140155,-0.07638808,0.1407831,0.9870892,moving,-4.602221932956263,-1.5193521618888672,-4.223398545312745,0.0008325307299826269,-0.31352400000000014,0.29467895,2.0510466,-0.08020955067061203,-0.02642916034345217,0.9964275721719713,-4.83337006322936,-1.195070879434958,1.5619107954617952,1.5666743946009898,1.3424791317237053
05/10/2023 16:36:02.293332,4646,True,True,True,True,Eyes,1.367425,-0.3550456,-2.936088,-0.155826,0.1154398,0.9810158,0.0,0.0,0.0,0.0,0.0,0.0,0.0,-1.140184,-0.07935792,3.061593,1.372129,-0.3554576,-2.944586,-0.07050479,-0.03867421,-0.00395632,0.9967536,351.9025,355.566,359.8592,0.4200598,-0.1089445,-0.9009328,0,0,0,1.059325,-0.05803728,-0.8937579,-0.1533251,0.002661228,2.09014,0.9969773,-0.002433519,0.0776552,0.01334039,0.9900268,-0.1402458,-0.07653944,0.1408578,0.9870668,moving,-4.558706885635038,-1.4585692777813213,-4.195496088064778,0.07295063982693813,-0.31280399999999986,0.29742031999999996,2.0508281000000004,-0.07945493807766313,-0.02537361379973241,0.9965155202441641,-4.78820450783391,-1.1367443111741182,1.5693135358081247,1.5739997908203274,1.3470950765787357
05/10/2023 16:36:02.303346,4647,True,True,True,True,Eyes,1.367312,-0.3550492,-2.936089,-0.1551439,0.1167612,0.9809675,0.0,0.0,0.0,0.0,0.0,0.0,0.0,-1.140002,-0.07896858,3.061707,1.372157,-0.3554797,-2.944607,-0.07048583,-0.03870367,-0.003852489,0.9967543,351.9052,355.5618,359.8713,0.4200213,-0.1089467,-0.9009506,0,0,0,1.060258,-0.05550185,-0.8939422,-0.1522875,0.005355269,2.090281,0.9969744,-0.00222385,0.07769918,0.01313609,0.9900339,-0.1402159,-0.076613,0.1408123,0.9870676,moving,-4.515939964228801,-1.3788022743838881,-4.16692407549201,0.14679061835711202,-0.31189900000000015,0.29997785,2.0506648,-0.07871378561199899,-0.02398765815108468,0.9966086372292557,-4.742752833531343,-1.0600922948538563,1.560450821364688,1.5650066341624833,1.3372154369381601
05/10/2023 16:36:02.323387,4648,True,True,True,True,Eyes,1.367204,-0.3550526,-2.936091,-0.1544895,0.1180354,0.9809183,0.0,0.0,0.0,0.0,0.0,0.0,0.0,-1.140407,-0.07912689,3.061541,1.37215,-0.355446,-2.944603,-0.07050464,-0.03863676,-0.003861341,0.9967555,351.903,355.5696,359.8698,0.4199837,-0.1089489,-0.9009678,0,0,0,1.061577,-0.05273393,-0.8940639,-0.1512632,0.008015752,2.09042,0.9969846,-0.002249484,0.07756729,0.01314577,0.9900284,-0.1402534,-0.07647832,0.1408502,0.9870726,moving,-4.486387633034964,-1.3075730632492117,-4.13872042472172,0.219700590449273,-0.310573,0.30271207,2.0505391,-0.07820200377018927,-0.022749591206929765,0.9966779696795474,-4.710490644176381,-0.9915793051295114,1.5618759766549395,1.5663452049333964,1.3394477105466198
05/10/2023 16:36:02.343317,4649,True,True,True,True,Eyes,1.367113,-0.3550542,-2.936094,-0.1538282,0.1196967,0.9808208,0.0,0.0,0.0,0.0,0.0,0.0,0.0,-1.140388,-0.07944632,3.061591,1.372177,-0.3554463,-2.944644,-0.07058732,-0.03863994,-0.003786975,0.9967497,351.8938,355.5686,359.8788,0.4199471,-0.1089512,-0.9009846,0,0,0,1.062618,-0.04976752,-0.8943126,-0.1502355,0.01068431,2.09056,0.9969852,-0.002094353,0.07756332,0.01300431,0.9900061,-0.1404231,-0.07649407,0.1410084,0.9870488,moving,-4.448149401226125,-1.2201485612228837,-4.11042385132994,0.2928213207160215,-0.3095589999999999,0.30567878,2.0503313999999997,-0.07753940447157634,-0.0212298885624793,0.9967631561231526,-4.668997564509188,-0.9075034893957112,1.5458801271920293,1.5502052801828878,1.3239275821677787
05/10/2023 16:36:02.363526,4650,True,True,True,True,Eyes,1.367026,-0.3550558,-2.936095,-0.1531898,0.1212963,0.9807242,0.0,0.0,0.0,0.0,0.0,0.0,0.0,-1.139978,-0.08030161,3.061749,1.372214,-0.3554567,-2.944654,-0.07072001,-0.03871286,-0.003806879,0.9967374,351.8785,355.5602,359.8777,0.4199118,-0.1089534,-0.9010007,0,0,0,1.063411,-0.04656559,-0.8946073,-0.1492092,0.01334956,2.090699,0.9969736,-0.002113371,0.07771154,0.01306447,0.9899684,-0.1406838,-0.07663465,0.1412733,0.987,moving,-4.403741109731908,-1.1432841209469464,-4.082169177904102,0.3658408272723223,-0.30880299999999994,0.30889111,2.0500466999999998,-0.07676892920010586,-0.01989386436036783,0.9968503545435746,-4.622117892387326,-0.833664883665425,1.5387944762642924,1.543005708569245,1.3154309426360462
05/10/2023 16:36:02.373542,4651,True,True,True,True,Eyes,1.366938,-0.3550575,-2.936097,-0.152536,0.1231506,0.9805951,0.0,0.0,0.0,0.0,0.0,0.0,0.0,-1.140194,-0.08091086,3.06165,1.372228,-0.3554611,-2.944644,-0.07077219,-0.03868522,-0.003927818,0.9967344,351.8719,355.5644,359.8637,0.4198779,-0.1089556,-0.9010163,0,0,0,1.064669,-0.04353726,-0.8947779,-0.1481419,0.01612076,2.090845,0.9969761,-0.002354305,0.07767374,0.01330566,0.9899517,-0.1407783,-0.07656182,0.141386,0.9869896,moving,-4.370793177452393,-1.0437489185739508,-4.052784829390273,0.44175116210672133,-0.3075589999999999,0.31192383999999995,2.0498661,-0.07619819566758017,-0.018162889033951142,0.9969272772671613,-4.585081205054858,-0.7378621395819207,1.5151073293827526,1.5191575952281853,1.2941510626918453
05/10/2023 16:36:02.383215,4652,True,True,True,True,Eyes,1.366855,-0.3550593,-2.936099,-0.151915,0.1249259,0.980467,0.0,0.0,0.0,0.0,0.0,0.0,0.0,-1.139958,-0.08138043,3.061711,1.372209,-0.3554944,-2.944634,-0.07083572,-0.03872255,-0.003973339,0.9967282,351.8644,355.5604,359.8591,0.419845,-0.1089577,-0.9010313,0,0,0,1.065543,-0.04068023,-0.8949865,-0.147134,0.01873794,2.090982,0.9969696,-0.002434798,0.07775463,0.01340656,0.9899331,-0.1409002,-0.0766288,0.1415156,0.9869657,moving,-4.331862452811232,-0.949072494457866,-4.025039335238476,0.5134315558463877,-0.3066660000000001,0.31481417,2.0496475000000003,-0.07552295848070968,-0.016516379097992168,0.9970073609400394,-4.542535943015862,-0.6467934162761939,1.49044790558459,1.494342170533045,1.2704033709802358
05/10/2023 16:36:02.403328,4653,True,True,True,True,Eyes,1.366757,-0.3550611,-2.936104,-0.1512683,0.1268759,0.9803165,0.0,0.0,0.0,0.0,0.0,0.0,0.0,-1.139388,-0.08113113,3.061923,1.37222,-0.3554968,-2.944621,-0.07077505,-0.03881957,-0.004015764,0.9967286,351.8712,355.5496,359.8547,0.4198134,-0.1089597,-0.9010459,0,0,0,1.066272,-0.0381093,-0.8951626,-0.1460496,0.02155417,2.09113,0.9969538,-0.002510339,0.07795358,0.01350017,0.9899495,-0.1407752,-0.07681672,0.1413988,0.9869679,moving,-4.284825855057495,-0.83002599726581,-3.9951887505451,0.5905511562088573,-0.3059479999999999,0.3173875,2.0494584000000002,-0.07470683605438387,-0.014445699014116652,0.9971009192577683,-4.490885131100048,-0.5322687649395165,1.446122773133666,1.4498031250085346,1.2273709614549775
05/10/2023 16:36:02.428123,4654,True,True,True,True,Eyes,1.366663,-0.3550639,-2.936108,-0.1506468,0.1287331,0.9801701,0.0,0.0,0.0,0.0,0.0,0.0,0.0,-1.13902,-0.08053237,3.062142,1.372208,-0.3555019,-2.944695,-0.07065298,-0.03887989,-0.004065522,0.9967347,351.885,355.5431,359.8489,0.4197824,-0.1089618,-0.9010601,0,0,0,1.066998,-0.03613332,-0.8953431,-0.1450972,0.0240269,2.091259,0.9969437,-0.002610533,0.07808034,0.01359845,0.9899833,-0.1405284,-0.07693137,0.1411607,0.986993,moving,-4.243539795241197,-0.709375920018803,-3.9689753224171405,0.6582539018829824,-0.3052100000000002,0.31936858,2.0493519,-0.07399041119266112,-0.012346693830463204,0.9971825672979138,-4.444691742430482,-0.41615313573057766,1.3914629799231486,1.3949182698252471,1.175013444494937
05/10/2023 16:36:02.444910,4655,True,True,True,True,Eyes,1.366573,-0.355063,-2.936112,-0.1499911,0.1306901,0.9800116,0.0,0.0,0.0,0.0,0.0,0.0,0.0,-1.139036,-0.07933751,3.06215,1.372201,-0.355527,-2.944678,-0.07047517,-0.03887563,-0.004029008,0.9967476,351.9055,355.5434,359.8523,0.4197521,-0.1089638,-0.901074,0,0,0,1.068052,-0.03421897,-0.8953667,-0.1440575,0.02672663,2.0914,0.9969449,-0.002552276,0.07806627,0.01351134,0.990034,-0.1401787,-0.07693049,0.1408052,0.9870439,moving,-4.207242049673616,-0.5754133887381574,-3.940360551508007,0.7321601546227022,-0.304149,0.32130802999999997,2.0493113000000003,-0.07336057377258257,-0.010015629018488126,0.9972551738862534,-4.402599928212846,-0.28715316386451994,1.3313156634799757,1.3345314928319951,1.1192251259786439
05/10/2023 16:36:02.461180,4656,True,True,True,True,Eyes,1.366488,-0.3550621,-2.936116,-0.1493637,0.1325793,0.9798537,0.0,0.0,0.0,0.0,0.0,0.0,0.0,-1.138576,-0.07923904,3.062319,1.372261,-0.3554587,-2.944653,-0.07054272,-0.03895012,-0.003796668,0.9967408,351.8988,355.5328,359.88,0.4197224,-0.1089657,-0.9010875,0,0,0,1.068796,-0.03125843,-0.8955857,-0.1430069,0.02945456,2.091543,0.996937,-0.002073292,0.07818201,0.01306388,0.9900187,-0.1403299,-0.0771107,0.1409214,0.9870132,moving,-4.16199105512452,-0.47095892933906813,-3.911446735972882,0.8068255944765645,-0.3034649999999999,0.32420027,2.0490673,-0.07257414461142443,-0.008198016478591738,0.997329356396174,-4.353444284344312,-0.186696403601776,1.2990520758268072,1.3021158724022608,1.0874041536760528
05/10/2023 16:36:02.477003,4657,True,True,True,True,Eyes,1.366395,-0.3550636,-2.936122,-0.1486822,0.1345485,0.9796888,0.0,0.0,0.0,0.0,0.0,0.0,0.0,-1.138353,-0.08038661,3.062424,1.372326,-0.3554609,-2.944677,-0.07066628,-0.03900295,-0.00395215,0.9967295,351.8839,355.5279,359.8631,0.4196936,-0.1089675,-0.9011008,0,0,0,1.069744,-0.02804181,-0.8958805,-0.1419867,0.03210405,2.091682,0.9969263,-0.002366061,0.07830934,0.01339083,0.9899813,-0.140562,-0.07719222,0.1411786,0.9869701,moving,-4.118890381117585,-0.37324582386330163,-3.8833711851467405,0.8793316335886462,-0.3025819999999999,0.32741909,2.0487965,-0.07182477410215679,-0.006497497184872705,0.9973960219742392,-4.306718822771587,-0.09272881840390432,1.2715947377161896,1.2745271980572008,1.060247492150064
05/10/2023 16:36:02.493346,4658,True,True,True,True,Eyes,1.366304,-0.3550673,-2.936128,-0.1480282,0.1364358,0.9795269,0.0,0.0,0.0,0.0,0.0,0.0,0.0,-1.139786,-0.0804041,3.061928,1.372327,-0.3555342,-2.944706,-0.07059353,-0.03877911,-0.004175257,0.9967423,351.8913,355.5556,359.8352,0.4196652,-0.1089693,-0.9011137,0,0,0,1.071805,-0.02564272,-0.895887,-0.1409545,0.03478432,2.091823,0.9969575,-0.002848202,0.07789506,0.01379842,0.9899982,-0.1404033,-0.07671608,0.1410509,0.9870254,moving,-4.109730657300196,-0.25850600104675137,-3.8549666245796144,0.9526671533411778,-0.3005220000000002,0.32989148,2.048819,-0.07166611582499419,-0.0045001643984596,0.997418537878375,-4.291803088926932,0.017926476727731844,1.234916108247878,1.2376773094300713,1.0317781879353858
05/10/2023 16:36:02.503413,4659,True,True,True,True,Eyes,1.366203,-0.3550664,-2.936134,-0.1473518,0.1383901,0.9793547,0.0,0.0,0.0,0.0,0.0,0.0,0.0,-1.13978,-0.07973447,3.061953,1.372302,-0.3555861,-2.944717,-0.07057945,-0.03876668,-0.003963214,0.9967448,351.8939,355.5554,359.8595,0.4196372,-0.1089711,-0.9011266,0,0,0,1.072827,-0.02312568,-0.8960379,-0.1399029,0.03751445,2.091966,0.9969629,-0.002428364,0.07784042,0.01337289,0.9900056,-0.1403921,-0.07672153,0.1410067,0.9870313,moving,-4.071838863800488,-0.14114279061074111,-3.826031377535728,1.0273538371702897,-0.29947499999999994,0.33246042000000003,2.0486790999999998,-0.07100697471377061,-0.002457185844251919,0.9974727930791218,-4.249055552114074,0.13089594410371808,1.1914799660630921,1.1940710571148776,0.9912548644617325
05/10/2023 16:36:02.523433,4660,True,True,True,True,Eyes,1.366108,-0.355069,-2.936137,-0.1467027,0.1402674,0.979185,0.0,0.0,0.0,0.0,0.0,0.0,0.0,-1.13914,-0.08061591,3.062134,1.372295,-0.355488,-2.944696,-0.07073136,-0.03886674,-0.003904851,0.9967303,351.8767,355.5432,359.8677,0.4196095,-0.1089729,-0.9011393,0,0,0,1.073421,-0.01981205,-0.8963325,-0.138892,0.04013938,2.092103,0.9969483,-0.002285971,0.0780317,0.01328236,0.9899637,-0.1406966,-0.07692692,0.1413037,0.9869729,moving,-4.02364864258751,-0.04922147698868425,-3.798218738388712,1.099149962948504,-0.2988740000000001,0.33567595,2.0483635,-0.0701681794099331,-0.0008569592098063294,0.9975347523441267,-4.197731945750451,0.21923590398409715,1.1677987344577658,1.170288684799819,0.9663640897817354
05/10/2023 16:36:02.543106,4661,True,True,True,True,Eyes,1.366008,-0.3550704,-2.936137,-0.1460224,0.1421507,0.9790152,0.0,0.0,0.0,0.0,0.0,0.0,0.0,-1.13917,-0.0804241,3.062083,1.372331,-0.3555683,-2.944623,-0.07076291,-0.03886342,-0.003788206,0.9967286,351.8736,355.5427,359.8813,0.419582,-0.1089746,-0.9011518,0,0,0,1.074476,-0.01715487,-0.8964345,-0.137865,0.0428068,2.092243,0.9969506,-0.00205145,0.0780087,0.01305181,0.9899565,-0.1407684,-0.07693644,0.1413573,0.9869645,moving,-3.985100769461935,0.057593570575366224,-3.7699635686021247,1.172094652715832,-0.297855,0.33841343,2.0481885,-0.0694970335956163,0.001002766920054271,0.9975817166644566,-4.154911684601652,0.32202136749995447,1.1327198019144478,1.1350756262408526,0.9331718181821075
05/10/2023 16:36:02.561354,4662,True,True,True,True,Eyes,1.365913,-0.3550716,-2.936137,-0.1453678,0.1439555,0.9788488,0.0,0.0,0.0,0.0,0.0,0.0,0.0,-1.139165,-0.07998973,3.062045,1.372372,-0.3555562,-2.944553,-0.07069223,-0.03887196,-0.003783871,0.9967332,351.8817,355.5417,359.8815,0.4195548,-0.1089764,-0.9011644,0,0,0,1.075534,-0.0147579,-0.8964789,-0.1368298,0.0454945,2.092384,0.9969493,-0.00204713,0.07802494,0.01303891,0.9899766,-0.1406284,-0.07695498,0.1412168,0.9869831,moving,-3.9476336620094057,0.17018039507240884,-3.741484976139605,1.245580252372267,-0.29683799999999994,0.3407983,2.0480741,-0.06884440235793464,0.0029631567070494413,0.9976229871473683,-4.11282687528822,0.430384807826088,1.0927670361800128,1.0949804262024052,0.8957892714651936
05/10/2023 16:36:02.573341,4663,True,True,True,True,Eyes,1.36582,-0.3550721,-2.936141,-0.1447698,0.1457697,0.978669,0.0,0.0,0.0,0.0,0.0,0.0,0.0,-1.139248,-0.07991701,3.062021,1.37242,-0.3555507,-2.944537,-0.07065133,-0.03886955,-0.003852024,0.996736,351.8861,355.5425,359.8734,0.4195279,-0.1089782,-0.9011767,0,0,0,1.076674,-0.01221108,-0.8965932,-0.1357939,0.04818437,2.092525,0.9969487,-0.002186532,0.07802966,0.01317127,0.9899871,-0.140542,-0.07694107,0.1411409,0.9869952,moving,-3.9153383580525576,0.27906511915549537,-3.7129892840921777,1.319111236888214,-0.29574600000000006,0.34333962,2.0479438,-0.06828157082184377,0.004859218663473566,0.9976543124104722,-4.075923178316429,0.5352148338637431,1.0574657644862488,1.0595475802169165,0.8638371271550463
05/10/2023 16:36:02.593360,4664,True,True,True,True,Eyes,1.365732,-0.3550713,-2.936143,-0.1441881,0.147515,0.9784933,0.0,0.0,0.0,0.0,0.0,0.0,0.0,-1.139318,-0.08047459,3.062056,1.372414,-0.3555653,-2.944616,-0.07067769,-0.03886316,-0.00401232,0.9967337,351.8824,355.5446,359.855,0.4195013,-0.1089799,-0.9011889,0,0,0,1.077795,-0.009423226,-0.8968443,-0.1347796,0.0508182,2.092663,0.9969471,-0.002504913,0.07803961,0.01349195,0.9899771,-0.1405818,-0.07690527,0.1412055,0.9869886,moving,-3.8852026754720304,0.37516209887499424,-3.685089811940441,1.391096529295213,-0.29461899999999996,0.34614207399999997,2.0477716999999998,-0.06775617931723499,0.006532719775059176,0.9976805326797606,-4.041779411989074,0.6277209527805598,1.0334753865603985,1.035455419158192,0.8425970220704159
05/10/2023 16:36:02.603363,4665,True,True,True,True,Eyes,1.365663,-0.3550685,-2.936145,-0.1436452,0.1492485,0.9783102,0.0,0.0,0.0,0.0,0.0,0.0,0.0,-1.139825,-0.0811314,3.06183,1.372444,-0.3555359,-2.944584,-0.07071465,-0.03879288,-0.004179178,0.9967332,351.8774,355.554,359.8354,0.4194751,-0.1089816,-0.9012009,0,0,0,1.079259,-0.006447792,-0.89696,-0.1337279,0.05354941,2.092805,0.9969553,-0.002844603,0.07792336,0.0138175,0.9899639,-0.1406431,-0.07674123,0.1412915,0.9869891,moving,-3.8647474514836144,0.46936813305164077,-3.6561655446205066,1.4657294219616581,-0.29318500000000003,0.349088108,2.047624,-0.06739917506943013,0.008173299607957638,0.9976925648880063,-4.017066213687311,0.7184755490177405,1.0160793372300625,1.0179598370805605,0.8298419389031575
05/10/2023 16:36:02.623003,4666,True,True,True,True,Eyes,1.365596,-0.3550686,-2.936147,-0.1431241,0.1509174,0.9781305,0.0,0.0,0.0,0.0,0.0,0.0,0.0,-1.139825,-0.08182216,3.061835,1.372434,-0.3555446,-2.944613,-0.07077633,-0.03879627,-0.00430747,0.9967283,351.8698,355.5547,359.8209,0.4194498,-0.108983,-0.9012125,0,0,0,1.080318,-0.003546357,-0.8971888,-0.1327224,0.05616045,2.092943,0.9969526,-0.003095039,0.07794841,0.01407847,0.9899443,-0.1407553,-0.07672894,0.1414237,0.9869711,moving,-3.8367851441740233,0.5574758190192448,-3.628509943579055,1.5370627904120435,-0.29211600000000004,0.351998243,2.0474242,-0.06691133872498659,0.009707829427368878,0.997711619382905,-3.9854410582786457,0.8032883980277001,0.9996854460971286,1.001483496471804,0.8159808083280542
05/10/2023 16:36:02.643232,4667,True,True,True,True,Eyes,1.36553,-0.3550704,-2.936149,-0.1426195,0.1525464,0.9779515,0.0,0.0,0.0,0.0,0.0,0.0,0.0,-1.13974,-0.08224937,3.061848,1.372415,-0.3556177,-2.944605,-0.07083707,-0.03880899,-0.004359913,0.9967231,351.8625,355.5536,359.8152,0.4194252,-0.1089845,-0.9012237,0,0,0,1.081332,-0.0006612539,-0.8973915,-0.131684,0.05885646,2.093084,0.9969497,-0.003193022,0.07798132,0.01418948,0.9899262,-0.1408715,-0.07674595,0.1415483,0.9869519,moving,-3.808032598627957,0.6443234028796005,-3.5999541006959874,1.6107038051798857,-0.291083,0.3549564461,2.0472135000000002,-0.06640960137601123,0.011220502358319756,0.9977292856568691,-3.953121106489327,0.8868792614303124,0.9868042943623463,0.9885280690257032,0.8053874248554609
05/10/2023 16:36:02.661217,4668,True,True,True,True,Eyes,1.365466,-0.3550702,-2.936152,-0.1421362,0.1541064,0.9777774,0.0,0.0,0.0,0.0,0.0,0.0,0.0,-1.139664,-0.08160308,3.061901,1.372395,-0.3556755,-2.944615,-0.07073575,-0.03881899,-0.004368252,0.9967299,351.8741,355.5526,359.8139,0.4194015,-0.1089859,-0.9012346,0,0,0,1.082348,0.001590997,-0.8974966,-0.1306309,0.06159157,2.093227,0.996948,-0.003216155,0.07800207,0.01419972,0.9899548,-0.1406697,-0.0767661,0.141348,0.9869791,moving,-3.780535765686018,0.7462829159478559,-3.5709961037775595,1.6853972885456974,-0.29004699999999994,0.35726649699999996,2.0471184000000004,-0.06592936398818788,0.012996388575987158,0.9977397148907398,-3.9212096937898995,0.9850627274767668,0.9605892938562913,0.9622071890879577,0.7830185540949479
05/10/2023 16:36:02.678094,4669,True,True,True,True,Eyes,1.365393,-0.355069,-2.936154,-0.1416393,0.1556101,0.9776112,0.0,0.0,0.0,0.0,0.0,0.0,0.0,-1.139562,-0.08129197,3.061951,1.372385,-0.3556274,-2.94463,-0.07069594,-0.03883199,-0.004319667,0.9967324,351.8789,355.5507,359.8194,0.4193784,-0.1089873,-0.9012452,0,0,0,1.083287,0.004043072,-0.8976431,-0.1296302,0.06419018,2.093364,0.9969469,-0.003120578,0.07802097,0.01410163,0.9899669,-0.1405944,-0.07679943,0.1412653,0.9869883,moving,-3.7512701918989637,0.8386223594443133,-3.543479084818675,1.7563473655017872,-0.28909799999999986,0.35967047199999996,2.0469869000000003,-0.0654182679414533,0.014604845917563308,0.9977509717295214,-3.888103909686473,1.0739493857913136,0.9394221396116854,0.9409550100429045,0.7644823559952816
05/10/2023 16:36:02.693323,4670,True,True,True,True,Eyes,1.365322,-0.3550685,-2.936158,-0.1411628,0.1570553,0.9774491,0.0,0.0,0.0,0.0,0.0,0.0,0.0,-1.139657,-0.08090514,3.061894,1.372337,-0.3555893,-2.944623,-0.07068437,-0.0388026,-0.004180911,0.9967351,351.8809,355.5529,359.8351,0.4193558,-0.1089885,-0.9012555,0,0,0,1.084384,0.006717861,-0.8977715,-0.12857,0.06694266,2.093508,0.9969538,-0.002849046,0.07794287,0.01381999,0.9899725,-0.1405827,-0.07676078,0.1412316,0.9869961,moving,-3.72705458675126,0.9254406814285409,-3.5143300110906504,1.8314835346413638,-0.2879529999999999,0.362307161,2.0468515,-0.06499506667040983,0.016117134487573292,0.9977554438524298,-3.860158316701704,1.1575463418192067,0.9292200655118332,0.9306800722847887,0.757488321250448
05/10/2023 16:36:02.703005,4671,True,True,True,True,Eyes,1.365248,-0.3550699,-2.936162,-0.1406565,0.158474,0.9772931,0.0,0.0,0.0,0.0,0.0,0.0,0.0,-1.13968,-0.08068383,3.061921,1.372343,-0.3556014,-2.944649,-0.07072741,-0.03879101,-0.003993139,0.9967332,351.8768,355.5527,359.8569,0.4193336,-0.1089898,-0.9012657,0,0,0,1.08549,0.00966996,-0.897989,-0.127463,0.06981778,2.093658,0.9969586,-0.002473013,0.07789341,0.01344736,0.9899634,-0.1406829,-0.07676372,0.1413025,0.9869858,moving,-3.6984782051526945,1.0050244731353783,-3.4838971486334205,1.9099500964525666,-0.286853,0.36527136,2.04666,-0.06449592305644013,0.01750356818953462,0.9977644832251709,-3.8283935275128504,1.2341289359668273,0.9286068740074959,0.9300190393496951,0.7585591578916777
05/10/2023 16:36:02.723482,4672,True,True,True,True,Eyes,1.365178,-0.35507,-2.936166,-0.1401657,0.1598422,0.9771408,0.0,0.0,0.0,0.0,0.0,0.0,0.0,-1.139949,-0.07995376,3.061857,1.372372,-0.3556389,-2.94465,-0.07068072,-0.038745,-0.003832259,0.9967389,351.8829,355.5567,359.8748,0.4193117,-0.108991,-0.9012758,0,0,0,1.086557,0.0117045,-0.8980646,-0.126562,0.07215634,2.093781,0.9969683,-0.002162477,0.07777902,0.01311657,0.9899791,-0.1406035,-0.07669555,0.1411974,0.9870061,moving,-3.67500313563827,1.0916487484110966,-3.4591277529002147,1.9737585916284726,-0.28581499999999993,0.3673434,2.0465854,-0.06408535113228203,0.019012550835007733,0.997763341711334,-3.8011719745306616,1.3175442393249042,0.906811910616476,0.9081409342020024,0.7400077876076508
05/10/2023 16:36:02.743340,4673,True,True,True,True,Eyes,1.365119,-0.3550688,-2.936171,-0.1396603,0.1611785,0.9769937,0.0,0.0,0.0,0.0,0.0,0.0,0.0,-1.140334,-0.08038813,3.061736,1.372401,-0.3556096,-2.944675,-0.07076943,-0.0386837,-0.003782308,0.9967352,351.8729,355.5634,359.8805,0.4192902,-0.1089922,-0.9012857,0,0,0,1.087856,0.01470903,-0.8982753,-0.1255461,0.07479468,2.093919,0.9969785,-0.002064672,0.07765015,0.01301517,0.9899548,-0.1407841,-0.07657947,0.1413694,0.9869905,moving,-3.6533844833025615,1.1596099863639022,-3.4312026996855076,2.0457325608405377,-0.28454500000000005,0.37031863000000004,2.0463997000000003,-0.06370739780596835,0.020196522320260313,0.997764333923091,-3.776729823712204,1.3829636488945756,0.9122619165378304,0.9135523860011289,0.7474300128307628
05/10/2023 16:36:02.763471,4674,True,True,True,True,Eyes,1.365063,-0.3550691,-2.936177,-0.1391709,0.1624606,0.9768511,0.0,0.0,0.0,0.0,0.0,0.0,0.0,-1.140543,-0.08058229,3.061679,1.37237,-0.3556009,-2.944717,-0.07078812,-0.03864516,-0.003811386,0.9967354,351.8706,355.5681,359.8769,0.4192693,-0.1089933,-0.9012953,0,0,0,1.08907,0.01752311,-0.8984706,-0.1244966,0.07752001,2.094062,0.9969841,-0.002126648,0.07757759,0.01306912,0.989949,-0.1408194,-0.07649838,0.1414086,0.9869912,moving,-3.63094279303866,1.2315184948381475,-3.402355495140634,2.120062420714408,-0.2833000000000001,0.37312401,2.0462464,-0.06331493039196821,0.02144927575862368,0.9977631009860359,-3.751284992514779,1.4521859699633022,0.916228982391135,0.9174761364591009,0.7535321808693163
05/10/2023 16:36:02.778131,4675,True,True,True,True,Eyes,1.365029,-0.3550681,-2.936181,-0.1386817,0.1636895,0.9767154,0.0,0.0,0.0,0.0,0.0,0.0,0.0,-1.140845,-0.0805279,3.061593,1.37238,-0.3556361,-2.944735,-0.07078007,-0.03859792,-0.003824842,0.9967377,351.8715,355.5736,359.8749,0.4192489,-0.1089944,-0.9013046,0,0,0,1.09032,0.02009532,-0.8986126,-0.1234785,0.08016369,2.0942,0.9969911,-0.002160802,0.07748543,0.01308865,0.9899511,-0.1408031,-0.07640254,0.1413936,0.9870008,moving,-3.6093365849588963,1.3035952023317703,-3.3743746447806213,2.192149613967814,-0.28206,0.37573142000000004,2.0461224000000002,-0.06293691747121036,0.022704961815366867,0.9977591232609627,-3.7266364944526202,1.521576926075695,0.9178949685092617,0.9190952375952207,0.7574669236878923
05/10/2023 16:36:02.793347,4676,True,True,True,True,Eyes,1.364995,-0.3550662,-2.936186,-0.1382115,0.1648719,0.9765833,0.0,0.0,0.0,0.0,0.0,0.0,0.0,-1.140728,-0.08065814,3.061623,1.372382,-0.3556122,-2.944726,-0.07075852,-0.0386218,-0.00391817,0.9967379,351.8736,355.5717,359.8643,0.4192297,-0.1089954,-0.9013134,0,0,0,1.091363,0.02284881,-0.8987669,-0.122404,0.0829545,2.094347,0.996986,-0.002345134,0.0775461,0.01327642,0.9899558,-0.1407527,-0.07643712,0.141358,0.9870031,moving,-3.581555460395107,1.3735671442156339,-3.3448438234390183,2.268229438776048,-0.2810189999999999,0.37846101,2.0459591,-0.062451356608242026,0.02392418304243582,0.9977612768113885,-3.6961481372468405,1.58889004607577,0.924277308164275,0.9254474703507146,0.7647984906982804
05/10/2023 16:36:02.804012,4677,True,True,True,True,Eyes,1.364983,-0.355064,-2.936189,-0.1377178,0.1660279,0.9764571,0.0,0.0,0.0,0.0,0.0,0.0,0.0,-1.1406,-0.08104336,3.061684,1.372353,-0.3556255,-2.944762,-0.07079869,-0.0386399,-0.003977037,0.9967341,351.8687,355.57,359.8578,0.4192115,-0.1089962,-0.9013218,0,0,0,1.092422,0.02589884,-0.8990157,-0.1212931,0.08583906,2.094497,0.9969823,-0.002456787,0.07759053,0.0133994,0.9899434,-0.1408276,-0.07646426,0.1414423,0.986989,moving,-3.5526458437016926,1.4353479383872927,-3.3143182234090505,2.346847502297235,-0.27993099999999993,0.38152433999999996,2.0457463,-0.0619462722065589,0.025000819430456664,0.9977662765112763,-3.6650066851763174,1.6482901210544108,0.9409827127063054,0.9421419795351275,0.7816423812112059
05/10/2023 16:36:02.823104,4678,True,True,True,True,Eyes,1.364971,-0.3550641,-2.936194,-0.1372485,0.1671406,0.9763334,0.0,0.0,0.0,0.0,0.0,0.0,0.0,-1.140248,-0.08136183,3.061792,1.372345,-0.355655,-2.944747,-0.07083359,-0.0386982,-0.004028775,0.9967291,351.8644,355.5637,359.8525,0.4191948,-0.1089969,-0.9013295,0,0,0,1.093144,0.02842757,-0.8992027,-0.1203675,0.08824217,2.094624,0.9969724,-0.00254893,0.07771399,0.01351346,0.9899327,-0.140892,-0.0765725,0.1415156,0.9869701,moving,-3.520466311692794,1.495298335995939,-3.2888830798293194,2.4123260727118843,-0.27920100000000003,0.38408257,2.0455443,-0.06138424360630983,0.026045707776898727,0.9977743405296869,-3.6308107238433323,1.7058991094800706,0.9446709175809433,0.9458174576453433,0.7848270944111803
05/10/2023 16:36:02.843328,4679,True,True,True,True,Eyes,1.365002,-0.3550608,-2.936196,-0.1367656,0.1682182,0.976216,0.0,0.0,0.0,0.0,0.0,0.0,0.0,-1.139822,-0.08162218,3.061982,1.372321,-0.3557141,-2.944791,-0.07087266,-0.03876433,-0.004055225,0.9967237,351.8598,355.5562,359.8501,0.4191794,-0.1089976,-0.9013366,0,0,0,1.093917,0.03121489,-0.8994737,-0.1193334,0.0909276,2.094764,0.9969618,-0.002589214,0.07784946,0.01357854,0.9899213,-0.1409665,-0.07669985,0.1415953,0.9869488,moving,-3.486307785001057,1.553024044450234,-3.2604714410063096,2.4854825542092245,-0.2784039999999999,0.38692899,2.0453173,-0.06078775067994088,0.027051942797082715,0.9977840009585123,-3.594825390636772,1.7613462849252717,0.9582701363692415,0.9594169722758044,0.7976000878422539
05/10/2023 16:36:02.858299,4680,True,True,True,True,Eyes,1.365032,-0.3550577,-2.936198,-0.1363032,0.1692524,0.976102,0.0,0.0,0.0,0.0,0.0,0.0,0.0,-1.139788,-0.08138257,3.062003,1.372341,-0.3556999,-2.944785,-0.0708297,-0.03877367,-0.004057361,0.9967263,351.8647,355.5552,359.8498,0.4191664,-0.108998,-0.9013426,0,0,0,1.094892,0.0335702,-0.8995893,-0.1183605,0.09345424,2.094897,0.9969603,-0.002595501,0.07786825,0.01358081,0.9899334,-0.140881,-0.07671872,0.1415103,0.9869595,moving,-3.4596042589655016,1.61794255313707,-3.2337412782370194,2.554295396879931,-0.27744900000000006,0.3892701,2.0451957,-0.060320831753833376,0.028183258424241422,0.9977811146945599,-3.565643751240465,1.8237909661514975,0.9620892813206213,0.9632085620720454,0.8023689767804308
05/10/2023 16:36:02.873276,4681,True,True,True,True,Eyes,1.365087,-0.3550536,-2.936197,-0.1358272,0.1702253,0.9759992,0.0,0.0,0.0,0.0,0.0,0.0,0.0,-1.139706,-0.08126599,3.062033,1.372339,-0.3557033,-2.944782,-0.07083383,-0.03878413,-0.004001807,0.9967259,351.8645,355.5535,359.8563,0.4191553,-0.1089982,-0.9013477,0,0,0,1.095891,0.0362764,-0.899756,-0.1173112,0.09617862,2.09504,0.9969596,-0.002482951,0.07788121,0.01347187,0.9899331,-0.1408934,-0.07674736,0.1415142,0.9869568,moving,-3.4312233196138906,1.6745539714166384,-3.2049149495858202,2.6284761308099647,-0.276448,0.3919797,2.045026,-0.05982489045644364,0.029169980944434487,0.9977826487337542,-3.535286105455092,1.8782065633480225,0.9792868392966309,0.980399390313146,0.8197862675660824
05/10/2023 16:36:02.883400,4682,True,True,True,True,Eyes,1.36514,-0.3550495,-2.936198,-0.1353642,0.1711509,0.9759016,0.0,0.0,0.0,0.0,0.0,0.0,0.0,-1.139913,-0.0811561,3.061957,1.372362,-0.3557236,-2.944767,-0.07081642,-0.03875477,-0.004010549,0.9967281,351.8665,355.557,359.8549,0.4191468,-0.1089982,-0.9013516,0,0,0,1.09708,0.0388239,-0.8998681,-0.1162924,0.09882408,2.095178,0.996964,-0.002505906,0.07782397,0.0134838,0.9899379,-0.1408586,-0.07668792,0.1414803,0.9869663,moving,-3.4088516845626873,1.7301821344312747,-3.1769300030517367,2.700490972699831,-0.275282,0.3945475,2.0448989,-0.05943358020398677,0.03013941324019488,0.9977771772338166,-3.5107725292677543,1.9317187851323172,0.9965449214066292,0.9976406707712665,0.838129768405605
05/10/2023 16:36:02.903425,4683,True,True,True,True,Eyes,1.365211,-0.3550438,-2.936198,-0.1349165,0.1720755,0.975801,0.0,0.0,0.0,0.0,0.0,0.0,0.0,-1.140424,-0.08039743,3.061818,1.372386,-0.3557163,-2.944788,-0.07071611,-0.03867299,-0.003950823,0.9967387,351.8783,355.566,359.8607,0.4191405,-0.1089981,-0.9013546,0,0,0,1.098445,0.0410192,-0.8999197,-0.1152786,0.101457,2.095316,0.9969776,-0.002406269,0.07765251,0.01334548,0.9899673,-0.1406654,-0.07653496,0.1412765,0.9870073,moving,-3.3926527624245066,1.79606043857965,-3.1490835365242864,2.7721456922979204,-0.2739410000000002,0.39673549999999996,2.0448683,-0.05914939470192743,0.03128715964681063,0.9977587353770101,-3.4916645452428545,1.9951691617739253,1.0049656246079999,1.0060160984456923,0.8491491485715194
05/10/2023 16:36:02.923485,4684,True,True,True,True,Eyes,1.365277,-0.3550403,-2.936198,-0.1344859,0.1729657,0.9757031,0.0,0.0,0.0,0.0,0.0,0.0,0.0,-1.140604,-0.0804334,3.061781,1.372412,-0.3557079,-2.944811,-0.07071395,-0.0386482,-0.003967131,0.9967397,351.8784,355.569,359.8586,0.4191366,-0.1089976,-0.9013565,0,0,0,1.099645,0.04371989,-0.9000863,-0.114237,0.1041612,2.095458,0.9969812,-0.00244246,0.07760546,0.01337433,0.9899676,-0.1406602,-0.07648332,0.1412735,0.9870117,moving,-3.371679783245334,1.8478210812572795,-3.120475424426664,2.8457210762580853,-0.272767,0.39942779,2.0447247,-0.05878248187915743,0.03218921609304537,0.9977517748500134,-3.46870421205107,2.044959787092529,1.027995111984819,1.0290325698985954,0.8732021133485921
05/10/2023 16:36:02.943325,4685,True,True,True,True,Eyes,1.365329,-0.355035,-2.936198,-0.134031,0.1739714,0.9755868,0.0,0.0,0.0,0.0,0.0,0.0,0.0,-1.140613,-0.08060834,3.061765,1.372372,-0.3557588,-2.944814,-0.07074645,-0.03864058,-0.003979092,0.9967377,351.8747,355.57,359.8573,0.4191347,-0.108997,-0.9013574,0,0,0,1.1007,0.04648176,-0.9002703,-0.1132035,0.106845,2.095598,0.9969821,-0.002464854,0.07759205,0.01339959,0.9899582,-0.1407238,-0.07646603,0.1413388,0.9870037,moving,-3.3473824456349806,1.9023835271730987,-3.0920933951458327,2.918723570322702,-0.2716719999999999,0.40224055999999997,2.0445437,-0.05835754181760696,0.03314017955215405,0.9977455021825242,-3.4423911402787217,2.0974290140205554,1.0468877808400192,1.0479120109097844,0.8928791958919897
05/10/2023 16:36:02.953471,4686,True,True,True,True,Eyes,1.365378,-0.3550313,-2.936196,-0.1335967,0.1749442,0.9754725,0.0,0.0,0.0,0.0,0.0,0.0,0.0,-1.140848,-0.08080605,3.061648,1.3724,-0.3557018,-2.944783,-0.07077229,-0.03860693,-0.003976799,0.9967372,351.8717,355.5738,359.8575,0.4191344,-0.1089963,-0.9013577,0,0,0,1.101914,0.04929709,-0.9003995,-0.1121785,0.1095071,2.095738,0.9969874,-0.002463044,0.07752481,0.01339225,0.9899509,-0.1407757,-0.07639902,0.1413898,0.9870016,moving,-3.3270581104746593,1.9559808091569828,-3.063945358353435,2.9911151845212025,-0.270486,0.40499889,2.0443835000000004,-0.05800179400051962,0.034074215839919014,0.997734879278256,-3.419958544250389,2.1489969153165323,1.0670454121332287,1.0680503243712247,0.9142803551760088
05/10/2023 16:36:02.973387,4687,True,True,True,True,Eyes,1.365431,-0.3550309,-2.936193,-0.1331438,0.1759809,0.9753479,0.0,0.0,0.0,0.0,0.0,0.0,0.0,-1.140566,-0.08162412,3.061689,1.372388,-0.3557379,-2.944741,-0.07085505,-0.03865721,-0.004116863,0.9967288,351.8616,355.5691,359.8421,0.4191354,-0.1089954,-0.9013573,0,0,0,1.102833,0.05234554,-0.9006124,-0.1111383,0.1122079,2.095879,0.9969774,-0.002728674,0.07764491,0.01368491,0.9899252,-0.1409282,-0.0764781,0.1415648,0.9869703,moving,-3.2978094299409535,2.0051704775574617,-3.035383793649691,3.064541046154222,-0.269555,0.40808344,2.0441286,-0.05749075165635562,0.03493181317949011,0.9977347626396708,-3.3891583018151428,2.196243914010767,1.0903831210803356,1.0913904966563972,0.9376013610891656
05/10/2023 16:36:02.993486,4688,True,True,True,True,Eyes,1.365482,-0.3550289,-2.936191,-0.1327187,0.1769839,0.9752243,0.0,0.0,0.0,0.0,0.0,0.0,0.0,-1.140463,-0.08036962,3.061764,1.372412,-0.3558321,-2.944721,-0.0707176,-0.03867334,-0.003985405,0.9967384,351.878,355.5663,359.8568,0.4191377,-0.1089945,-0.9013563,0,0,0,1.103779,0.05432683,-0.9006479,-0.1100979,0.1149091,2.096021,0.996977,-0.00247504,0.07765809,0.01341458,0.9899663,-0.1406656,-0.07653073,0.1412821,0.9870068,moving,-3.271014867183826,2.0806516284179795,-3.0068176779273528,3.1379563643727373,-0.2686329999999999,0.41015893,2.0440731,-0.05702147617379981,0.03624716844349826,0.9977147305388346,-3.3593285308436123,2.268880918364853,1.0888493545067282,1.0898134975689102,0.93784648651981
05/10/2023 16:36:03.003442,4689,True,True,True,True,Eyes,1.365533,-0.355024,-2.936188,-0.1322476,0.1780697,0.9750907,0.0,0.0,0.0,0.0,0.0,0.0,0.0,-1.139742,-0.08096603,3.062071,1.372444,-0.355794,-2.944767,-0.07082177,-0.03879323,-0.003946899,0.9967266,351.8661,355.552,359.8626,0.419141,-0.1089936,-0.9013549,0,0,0,1.104334,0.05740574,-0.901001,-0.1090824,0.1175463,2.096159,0.996959,-0.002373149,0.07789154,0.01336277,0.9899374,-0.1408736,-0.07677343,0.1414861,0.9869588,moving,-3.2306499779101587,2.1321890161976302,-2.9789383809086956,3.209613670442725,-0.26811000000000007,0.41319974,2.043766,-0.056316715216615416,0.03714608587926746,0.9977217622570937,-3.317689678145401,2.3183093650277473,1.1054561006157226,1.1064368999812817,0.9535071086419998
05/10/2023 16:36:03.023417,4690,True,True,True,True,Eyes,1.365581,-0.3550187,-2.936182,-0.131793,0.1791302,0.9749579,0.0,0.0,0.0,0.0,0.0,0.0,0.0,-1.140175,-0.08308575,3.061812,1.372514,-0.3557353,-2.944699,-0.07110116,-0.03874002,-0.004101827,0.9967082,351.8334,355.5593,359.8456,0.4191453,-0.1089926,-0.901353,0,0,0,1.105799,0.06140947,-0.9013002,-0.1080246,0.1202929,2.096303,0.9969648,-0.002667729,0.07780828,0.01368557,0.9898556,-0.1414164,-0.07664171,0.142052,0.9868877,moving,-3.2131569640411457,2.1601919756474657,-2.949899838338749,3.2842224198958943,-0.26671500000000004,0.41714477,2.0433988,-0.056011068174133545,0.03763435630956967,0.9977205749309811,-3.299343850063064,2.3452000184160724,1.1534543069571943,1.1544473802778572,1.0019352213645925
05/10/2023 16:36:03.043101,4691,True,True,True,True,Eyes,1.365616,-0.3550161,-2.936174,-0.1312931,0.1802227,0.9748241,0.0,0.0,0.0,0.0,0.0,0.0,0.0,-1.140165,-0.08494461,3.061704,1.372482,-0.3557278,-2.944652,-0.07131405,-0.03874567,-0.004328838,0.9966917,351.808,355.5605,359.8204,0.4191505,-0.1089915,-0.9013507,0,0,0,1.106927,0.06503683,-0.9015957,-0.1069969,0.1229621,2.096443,0.9969601,-0.003102814,0.07785239,0.01415526,0.9897912,-0.1418208,-0.07661756,0.1424917,0.9868262,moving,-3.187376580779013,2.1968702537279534,-2.9216898279812065,3.3567080828620446,-0.265555,0.42076463,2.0430563,-0.05556079017001556,0.03827401423507819,0.9977215162928617,-3.2725502082342137,2.3803996958719766,1.1888750578825396,1.1898795067160053,1.037439671951306
05/10/2023 16:36:03.061183,4692,True,True,True,True,Eyes,1.365646,-0.3550131,-2.936166,-0.130808,0.1812516,0.9746984,0.0,0.0,0.0,0.0,0.0,0.0,0.0,-1.14106,-0.0858472,3.06128,1.372477,-0.3557881,-2.944579,-0.071297,-0.03861868,-0.004764752,0.9966959,351.808,355.5787,359.769,0.4191562,-0.1089904,-0.9013482,0,0,0,1.108753,0.06776172,-0.9016056,-0.1059553,0.1256661,2.096585,0.9969718,-0.003991227,0.07766158,0.01500481,0.9897881,-0.1417548,-0.07630272,0.1424908,0.9868507,moving,-3.180488082986925,2.254036371731988,-2.8931005186478465,3.4301176644561733,-0.26372399999999985,0.42354981999999997,2.0429734,-0.055438685487107495,0.03926972011403579,0.9976894745173708,-3.2628780375510953,2.4355132124175096,1.2097327416779846,1.210685268446155,1.0611189516267123
05/10/2023 16:36:03.073462,4693,True,True,True,True,Eyes,1.365666,-0.3550105,-2.936158,-0.1303147,0.182278,0.9745731,0.0,0.0,0.0,0.0,0.0,0.0,0.0,-1.141397,-0.08427039,3.061149,1.372392,-0.3557737,-2.94457,-0.07104687,-0.03855041,-0.004738575,0.9967165,351.8369,355.5865,359.7703,0.4191621,-0.1089893,-0.9013456,0,0,0,1.10997,0.06937101,-0.9015057,-0.104937,0.1283105,2.096723,0.9969828,-0.00396826,0.07752098,0.0149238,0.9898598,-0.1412618,-0.07617434,0.1419925,0.9869325,moving,-3.1609459345885855,2.342731471307854,-2.865154209099996,3.5018901278529846,-0.26242200000000016,0.42514471000000004,2.0430643,-0.05509498302147193,0.040814896338922116,0.9976465329195539,-3.239337258297132,2.5209566334018114,1.195425846419279,1.1963032792360926,1.0498778380567217
05/10/2023 16:36:03.093170,4694,True,True,True,True,Eyes,1.365687,-0.3550103,-2.936153,-0.1298527,0.183252,0.9744521,0.0,0.0,0.0,0.0,0.0,0.0,0.0,-1.140498,-0.08311722,3.061485,1.372336,-0.3557764,-2.944563,-0.07096304,-0.03867723,-0.004475496,0.9967188,351.8476,355.5697,359.8013,0.4191681,-0.1089882,-0.9013429,0,0,0,1.110295,0.07159238,-0.901653,-0.1039057,0.1309876,2.096864,0.9969681,-0.003432314,0.07773583,0.01441093,0.9898884,-0.1411142,-0.07646545,0.1418066,0.9869367,moving,-3.1176362083656652,2.4117700773543773,-2.8368518127920668,3.5745270837462546,-0.26204099999999997,0.42736878,2.04291,-0.05433813496616796,0.04201872679963063,0.9976380646718712,-3.1939315986203205,2.5872515756643053,1.195306531312603,1.1961788046571595,1.049866135421856
05/10/2023 16:36:03.103500,4695,True,True,True,True,Eyes,1.365679,-0.3550107,-2.93615,-0.1293627,0.1842299,0.9743329,0.0,0.0,0.0,0.0,0.0,0.0,0.0,-1.139702,-0.0818831,3.06188,1.372344,-0.3558294,-2.944621,-0.07083799,-0.03880066,-0.004295247,0.9967237,351.8627,355.554,359.8226,0.419174,-0.1089872,-0.9013403,0,0,0,1.110711,0.07354845,-0.9018224,-0.1029046,0.1335879,2.096999,0.9969522,-0.003065228,0.07795562,0.01405947,0.9899271,-0.1408785,-0.07673855,0.1415451,0.986953,moving,-3.074172937961391,2.484844942078668,-2.8093830256045873,3.6450632770189006,-0.261633,0.42937785,2.0427986000000002,-0.05357841795424847,0.04329285779745978,0.9976247018899238,-3.1481638107057925,2.657440369504027,1.1891877114399183,1.190050537757708,1.0441127466906635
05/10/2023 16:36:03.123112,4696,True,True,True,True,Eyes,1.365671,-0.3550095,-2.936146,-0.1288911,0.1851666,0.9742178,0.0,0.0,0.0,0.0,0.0,0.0,0.0,-1.14031,-0.08082378,3.06169,1.372369,-0.3558083,-2.94462,-0.07070053,-0.03870217,-0.004201978,0.9967377,351.8789,355.5647,359.8319,0.4191792,-0.1089863,-0.901338,0,0,0,1.112116,0.0755775,-0.9018061,-0.1018968,0.1362042,2.097136,0.996969,-0.002904012,0.07774598,0.01384907,0.9899676,-0.1406145,-0.07655764,0.141265,0.9870071,moving,-3.0581571181347296,2.5561333825886865,-2.781731214459411,3.7160110950680747,-0.26025299999999985,0.43138580000000004,2.0428139,-0.05329663720707593,0.04453475781625088,0.9975850996583074,-3.128945276557424,2.7261129451558967,1.1915542115833324,1.1923621883174318,1.04902619229367
05/10/2023 16:36:03.143303,4697,True,True,True,True,Eyes,1.365657,-0.3550076,-2.936144,-0.128391,0.1861133,0.9741035,0.0,0.0,0.0,0.0,0.0,0.0,0.0,-1.140457,-0.08042791,3.061614,1.372339,-0.355767,-2.944606,-0.07068912,-0.03866732,-0.004058696,0.9967404,351.8809,355.5676,359.8481,0.4191837,-0.1089855,-0.901336,0,0,0,1.113287,0.07840513,-0.9019337,-0.1007819,0.1390997,2.097288,0.9969768,-0.002624213,0.07765639,0.01355765,0.9899732,-0.1406035,-0.07650876,0.1412313,0.9870157,moving,-3.032407549030439,2.6140430955027005,-2.751142936624333,3.794505353214398,-0.25905200000000006,0.43417213,2.0426723,-0.05284589849742832,0.04554410480400092,0.9975635736932971,-3.101054925803454,2.7818013156087984,1.212718615794225,1.2135076942787613,1.0714512905186
05/10/2023 16:36:03.161343,4698,True,True,True,True,Eyes,1.365642,-0.3550054,-2.936142,-0.1279069,0.187029,0.9739918,0.0,0.0,0.0,0.0,0.0,0.0,0.0,-1.140853,-0.08042967,3.06149,1.372358,-0.3557472,-2.944625,-0.07071223,-0.03860253,-0.003998744,0.9967416,351.8785,355.5746,359.8546,0.4191875,-0.1089848,-0.9013344,0,0,0,1.114545,0.08104512,-0.9020897,-0.0997978,0.1416549,2.097422,0.9969877,-0.002512087,0.07751901,0.01343077,0.9899676,-0.1406549,-0.07638797,0.1412724,0.9870192,moving,-3.0120084543340755,2.6653379581290513,-2.7241458700918013,3.8637533666778845,-0.25781300000000007,0.43679232,2.0425353,-0.052488568906678065,0.0464380460369479,0.997541230421204,-3.078672426931467,2.83114680294906,1.2317356201426644,1.2325032895915156,1.0917716771195523
05/10/2023 16:36:03.173795,4699,True,True,True,True,Eyes,1.36559,-0.3550046,-2.936143,-0.1273882,0.1879708,0.9738785,0.0,0.0,0.0,0.0,0.0,0.0,0.0,-1.141126,-0.08093667,3.061377,1.372327,-0.3557383,-2.944642,-0.07080244,-0.03855149,-0.003982359,0.9967372,351.8683,355.5803,359.8565,0.4191905,-0.1089841,-0.901333,0,0,0,1.115798,0.08415057,-0.9023216,-0.09874244,0.1443959,2.097566,0.9969959,-0.00247965,0.07741532,0.01339781,0.9899423,-0.1408358,-0.07628748,0.1414499,0.9870016,moving,-2.9885642765950235,2.7099972116842785,-2.6951960172621625,3.938013828090105,-0.256529,0.43988887,2.0423204,-0.05207849123859915,0.04721658288865238,0.9975262066556247,-3.053707052041977,2.8740658466066367,1.2618128729621252,1.2625726694938426,1.1227268008565754
05/10/2023 16:36:03.189687,4700,True,True,True,True,Eyes,1.36554,-0.3550053,-2.936144,-0.1268959,0.1888829,0.9737662,0.0,0.0,0.0,0.0,0.0,0.0,0.0,-1.141009,-0.0813311,3.061434,1.372317,-0.3557233,-2.944674,-0.07088372,-0.03856596,-0.003935165,0.9967311,351.8591,355.5782,359.8624,0.4191919,-0.1089835,-0.9013325,0,0,0,1.116706,0.08702433,-0.902584,-0.09776013,0.1469464,2.097699,0.9969944,-0.002377203,0.07743765,0.013312,0.9899201,-0.1410005,-0.07632188,0.1416076,0.9869763,moving,-2.9587406287570994,2.754246265944598,-2.668253663271854,4.007094013057867,-0.25561100000000003,0.44274763,2.04209,-0.051557348271331134,0.04798824505963137,0.9975163656737593,-3.0226147613987386,2.9165407728059023,1.2853208464136758,1.2860832611318833,1.1466813671154474
05/10/2023 16:36:03.203403,4701,True,True,True,True,Eyes,1.365472,-0.3550074,-2.936146,-0.1263914,0.1898191,0.9736498,0.0,0.0,0.0,0.0,0.0,0.0,0.0,-1.140583,-0.08176464,3.061562,1.372291,-0.3557608,-2.944662,-0.07099536,-0.0386271,-0.003850874,0.9967211,351.8467,355.5704,359.8731,0.4191918,-0.108983,-0.9013326,0,0,0,1.117426,0.09006365,-0.9028605,-0.09673673,0.149604,2.097839,0.9969863,-0.002191805,0.07754768,0.01316119,0.9898897,-0.1412276,-0.0764541,0.1418226,0.9869353,moving,-2.92236800794441,2.7967754699584666,-2.640184883842759,4.079050523561907,-0.2548649999999999,0.44582445,2.0418015,-0.05092226303292358,0.048730254691384714,0.9975130551346826,-2.9853016662350553,2.9573064780459157,1.3121791448744153,1.312957207460119,1.173633374244016
05/10/2023 16:36:03.223378,4702,True,True,True,True,Eyes,1.365408,-0.355009,-2.936148,-0.1259111,0.1907215,0.9735357,0.0,0.0,0.0,0.0,0.0,0.0,0.0,-1.140191,-0.08260292,3.061672,1.372278,-0.3557839,-2.944651,-0.07111215,-0.03869101,-0.003909323,0.99671,351.833,355.5634,359.8674,0.41919,-0.1089828,-0.9013335,0,0,0,1.118227,0.09317212,-0.9031454,-0.09571962,0.152245,2.097977,0.9969755,-0.00229012,0.07768343,0.01329572,0.9898556,-0.1414538,-0.07657143,0.1420589,0.9868922,moving,-2.888988437318551,2.835291736084295,-2.612292492411022,4.1505375187187985,-0.254051,0.44895602,2.0415056,-0.050339457113594235,0.04940227007855612,0.9975096037675747,-2.951086242526551,2.9942223226250237,1.3432434530312087,1.3440357564685985,1.2049257395519146
05/10/2023 16:36:03.243327,4703,True,True,True,True,Eyes,1.365322,-0.3550119,-2.93615,-0.1254314,0.1916393,0.9734174,0.0,0.0,0.0,0.0,0.0,0.0,0.0,-1.139814,-0.08319482,3.061821,1.372307,-0.355773,-2.944663,-0.0711523,-0.03876276,-0.004038734,0.9967037,351.8278,355.5562,359.8533,0.4191868,-0.1089827,-0.9013349,0,0,0,1.1191,0.0960805,-0.9033921,-0.09468085,0.1549427,2.098118,0.9969622,-0.002534724,0.07784471,0.01356696,0.9898421,-0.1415224,-0.07669524,0.1421487,0.9868696,moving,-2.8558651754967728,2.8827817786583614,-2.5838085482102118,4.223536133199391,-0.25320699999999996,0.4518535,2.0412708999999998,-0.04976072114250412,0.050230505970328174,0.9974972977078949,-2.9166417621264547,3.0397998538601807,1.3672829128476438,1.3680778660848485,1.2296379659516263
05/10/2023 16:36:03.261239,4704,True,True,True,True,Eyes,1.365238,-0.355015,-2.936155,-0.1249771,0.1925212,0.9733018,0.0,0.0,0.0,0.0,0.0,0.0,0.0,-1.13992,-0.0828788,3.061776,1.372318,-0.3557745,-2.944644,-0.07112182,-0.03874538,-0.003988933,0.9967068,351.8315,355.5578,359.8587,0.4191816,-0.1089828,-0.9013373,0,0,0,1.120192,0.09857237,-0.9034952,-0.09366181,0.1575882,2.098257,0.9969658,-0.002440311,0.07780297,0.01346288,0.9898515,-0.1414661,-0.07666817,0.1420843,0.986881,moving,-2.8319489862870704,2.938158340433241,-2.55586727030601,4.295097890911223,-0.25212599999999985,0.45434687,2.0411487999999998,-0.04934192368857459,0.05119563157349509,0.9974690289585897,-2.890652857911557,3.0930575914998566,1.383968592100941,1.384740429665587,1.2477909564816374
05/10/2023 16:36:03.278465,4705,True,True,True,True,Eyes,1.365153,-0.355019,-2.936162,-0.1244992,0.1934114,0.9731865,0.0,0.0,0.0,0.0,0.0,0.0,0.0,-1.139421,-0.08293477,3.062019,1.372303,-0.3557847,-2.944711,-0.07113343,-0.03882307,-0.003978809,0.996703,351.8302,355.5487,359.8606,0.4191748,-0.1089831,-0.9013405,0,0,0,1.120929,0.1013387,-0.9037756,-0.09260592,0.1603311,2.098401,0.9969539,-0.002408148,0.07795619,0.01345462,0.9898484,-0.1414889,-0.07682409,0.1421068,0.9868656,moving,-2.796341990169758,2.988741378767842,-2.5269182481341357,4.369270414638553,-0.251374,0.4571234,2.0409354,-0.04871980009091257,0.05207780742715727,0.9974538923105825,-2.8536504027231953,3.1416010877523965,1.4057991827226062,1.4065736993327411,1.2704038243879454
05/10/2023 16:36:03.293425,4706,True,True,True,True,Eyes,1.365069,-0.355021,-2.936167,-0.1240427,0.1942505,0.9730777,0.0,0.0,0.0,0.0,0.0,0.0,0.0,-1.13976,-0.08190292,3.061961,1.372311,-0.3558055,-2.944746,-0.07096049,-0.0387704,-0.003993781,0.9967175,351.85,355.555,359.8577,0.4191664,-0.1089836,-0.9013443,0,0,0,1.122218,0.1033005,-0.9037862,-0.09156704,0.1630284,2.098542,0.9969618,-0.002459009,0.07785305,0.01346367,0.9898973,-0.1411454,-0.07671945,0.1417648,0.9869229,moving,-2.7773679116165644,3.057321145827895,-2.498439010456992,4.442186888116206,-0.2500930000000001,0.459106,2.0409598,-0.048386428612884946,0.05327253131932755,0.9974070630107609,-2.8317243369484544,3.2076373927453212,1.4119482864727024,1.4126763451215005,1.2787460910497543
05/10/2023 16:36:03.303358,4707,True,True,True,True,Eyes,1.364972,-0.3550203,-2.936175,-0.1235622,0.1951358,0.9729616,0.0,0.0,0.0,0.0,0.0,0.0,0.0,-1.13968,-0.08031711,3.061993,1.37226,-0.3557522,-2.944736,-0.07078175,-0.03876635,-0.003772819,0.9967312,351.8715,355.5537,359.8823,0.4191567,-0.1089842,-0.9013488,0,0,0,1.123089,0.1052081,-0.9037679,-0.09053758,0.1657019,2.098682,0.9969659,-0.002033071,0.07781336,0.01300887,0.9899514,-0.1408082,-0.07674517,0.1413933,0.9869742,moving,-2.7481609234191406,3.1315826383514898,-2.4702202360676773,4.514435560166182,-0.24917100000000003,0.4609603,2.0409680999999997,-0.047874631277487305,0.05456657520906677,0.9973617103814636,-2.799634122976081,3.2790791650641853,1.4098134115259977,1.4105081456896427,1.2785221671161993
05/10/2023 16:36:03.323392,4708,True,True,True,True,Eyes,1.364879,-0.355023,-2.936182,-0.1230949,0.1959884,0.9728495,0.0,0.0,0.0,0.0,0.0,0.0,0.0,-1.139235,-0.08153269,3.06215,1.372298,-0.3556664,-2.944752,-0.07098024,-0.03884239,-0.003739216,0.9967142,351.8489,355.5446,359.8877,0.4191455,-0.1089849,-0.9013539,0,0,0,1.123865,0.1088007,-0.9041672,-0.08949301,0.1684145,2.098824,0.9969546,-0.001939774,0.07796034,0.01296794,0.9898956,-0.1412036,-0.07689869,0.1417845,0.9869062,moving,-2.7127235992756717,3.158801107352226,-2.4415899641037813,4.587716424489202,-0.24843300000000013,0.4644671,2.0405848,-0.04725652295988348,0.05504199185157785,0.9973651072508867,-2.7640347806992667,3.3050769980020287,1.4536912005808853,1.4544113694791405,1.3225485087998254
05/10/2023 16:36:03.343527,4709,True,True,True,True,Eyes,1.36478,-0.3550256,-2.936191,-0.1225895,0.1968651,0.9727364,0.0,0.0,0.0,0.0,0.0,0.0,0.0,-1.139539,-0.08221871,3.062062,1.372317,-0.3557537,-2.944778,-0.07099623,-0.0388073,-0.004008962,0.9967134,351.8459,355.5508,359.8564,0.4191329,-0.1089856,-0.9013597,0,0,0,1.125248,0.1115226,-0.9043491,-0.08846796,0.1710764,2.098963,0.9969559,-0.002481228,0.07792874,0.01350191,0.9898869,-0.1412146,-0.07679026,0.1418369,0.9869071,moving,-2.692401976064534,3.2054185965210253,-2.4134976871640164,4.659604139274166,-0.24706899999999998,0.4672763,2.0404288999999998,-0.046900660724901524,0.05585440181894896,0.9973368391943791,-2.741975103045884,3.349909378588125,1.4799916550125174,1.48069010772658,1.3502584119022907
05/10/2023 16:36:03.361437,4710,True,True,True,True,Eyes,1.364684,-0.355028,-2.936198,-0.1221123,0.1977093,0.9726251,0.0,0.0,0.0,0.0,0.0,0.0,0.0,-1.140185,-0.0820345,3.061818,1.372294,-0.3557501,-2.94478,-0.07091923,-0.0387038,-0.004126016,0.9967225,351.8542,355.5638,359.8417,0.4191189,-0.1089865,-0.9013661,0,0,0,1.12678,0.1139162,-0.9043857,-0.0874372,0.1737526,2.099104,0.9969699,-0.002735297,0.07773911,0.01371467,0.9899069,-0.1410542,-0.07656866,0.1416929,0.986945,moving,-2.679421521394541,3.262366032043447,-2.3852501131615638,4.731850816456091,-0.245514,0.4696663,2.0403943,-0.046672089794471655,0.05684625115966099,0.9972914248258125,-2.7264429676961743,3.4047657681092853,1.4979864254506805,1.4986401666317526,1.370243514683109
05/10/2023 16:36:03.373432,4711,True,True,True,True,Eyes,1.364577,-0.3550323,-2.936204,-0.1216147,0.1985801,0.97251,0.0,0.0,0.0,0.0,0.0,0.0,0.0,-1.139571,-0.08214366,3.062005,1.372275,-0.3557473,-2.94475,-0.07096,-0.0387984,-0.004066178,0.9967161,351.8498,355.5523,359.8495,0.4191039,-0.1089875,-0.9013729,0,0,0,1.127385,0.1167325,-0.9046001,-0.08640657,0.1764291,2.099244,0.9969563,-0.00259938,0.07791905,0.01361192,0.9898963,-0.1411384,-0.07676491,0.1417695,0.9869187,moving,-2.6399956911077336,3.3090000402762723,-2.3570098374361264,4.804083121692966,-0.24488999999999983,0.4724798,2.0401499,-0.04598368143439547,0.05765978535275609,0.9972766625500237,-2.685969344329866,3.4494695303428977,1.5209640916175315,1.5216288685867803,1.393984339598585
05/10/2023 16:36:03.393465,4712,True,True,True,True,Eyes,1.364474,-0.3550375,-2.936209,-0.1211346,0.199411,0.9724,0.0,0.0,0.0,0.0,0.0,0.0,0.0,-1.138935,-0.08264989,3.062222,1.372289,-0.3557817,-2.944733,-0.07105723,-0.03890302,-0.004041626,0.9967051,351.8387,355.54,359.8537,0.4190875,-0.1089886,-0.9013804,0,0,0,1.127995,0.1197262,-0.9048843,-0.08538689,0.1790765,2.099383,0.9969404,-0.002527936,0.07812406,0.0135853,0.9898691,-0.1413318,-0.07697531,0.1419607,0.9868748,moving,-2.600830498103792,3.3464897398352087,-2.3290716414448385,4.8755043529954,-0.244294,0.4755079,2.0398487,-0.04530025073958437,0.058314138535464605,0.9972699969255857,-2.646232069434638,3.485350952988797,1.552293759641664,1.552977322252322,1.4258741924281368
05/10/2023 16:36:03.403266,4713,True,True,True,True,Eyes,1.364363,-0.3550434,-2.936213,-0.1206226,0.200274,0.9722862,0.0,0.0,0.0,0.0,0.0,0.0,0.0,-1.139139,-0.08212626,3.062105,1.372272,-0.3558082,-2.94468,-0.07099859,-0.03886566,-0.003990095,0.9967109,351.8456,355.5439,359.859,0.4190701,-0.1089899,-0.9013882,0,0,0,1.129177,0.1221787,-0.9049211,-0.08432949,0.1818229,2.099527,0.9969471,-0.002435128,0.07804224,0.01347276,0.9898866,-0.14122,-0.07690907,0.1418403,0.9868973,moving,-2.575841832018999,3.4040508555767524,-2.300102848122665,4.9495708173639885,-0.24309499999999984,0.4779869,2.0397589,-0.04486264318632394,0.05931716520333222,0.9972305443455776,-2.6190935887228584,3.5407086827803553,1.5692667826407192,1.5699248197041165,1.4445233147485752
05/10/2023 16:36:03.423110,4714,True,True,True,True,Eyes,1.364258,-0.3550486,-2.936218,-0.1201294,0.2010965,0.9721775,0.0,0.0,0.0,0.0,0.0,0.0,0.0,-1.139446,-0.0817458,3.062016,1.372312,-0.3558138,-2.944677,-0.07097153,-0.03881874,-0.003908778,0.996715,351.8491,355.5487,359.8679,0.4190516,-0.1089914,-0.9013966,0,0,0,1.130376,0.1246182,-0.905023,-0.08333123,0.1844145,2.099663,0.9969556,-0.002281823,0.07793727,0.01330193,0.9898955,-0.1411733,-0.07682762,0.1417803,0.9869123,moving,-2.5524841500023108,3.455921365099448,-2.272756777252881,5.019437757167741,-0.24193599999999993,0.480432,2.039654,-0.04445369034080553,0.060221047497436744,0.9971946958424193,-2.5938289958413803,3.5905872854791823,1.5877064571739528,1.5883421896214778,1.464479784767942
05/10/2023 16:36:03.443121,4715,True,True,True,True,Eyes,1.364155,-0.3550532,-2.936224,-0.1195945,0.2019527,0.972066,0.0,0.0,0.0,0.0,0.0,0.0,0.0,-1.139573,-0.08141547,3.061995,1.372343,-0.3557988,-2.944681,-0.07089178,-0.03880594,-0.003963772,0.9967211,351.858,355.5507,359.8611,0.4190322,-0.1089931,-0.9014055,0,0,0,1.131572,0.1270584,-0.9051074,-0.08227412,0.187159,2.099806,0.9969568,-0.002399505,0.07791939,0.01340359,0.9899172,-0.141011,-0.0767954,0.1416263,0.9869369,moving,-2.5249853638232396,3.5144786337237552,-2.243802403977689,5.093403017420818,-0.24077100000000007,0.4828572,2.0395736,-0.04397235379960421,0.061241474209910135,0.9971539298230032,-2.5642183545923958,3.646887314886325,1.6031523874998295,1.6037662131185624,1.4815782325234075
05/10/2023 16:36:03.463176,4716,True,True,True,True,Eyes,1.364058,-0.3550542,-2.93623,-0.1190772,0.2027814,0.9719569,0.0,0.0,0.0,0.0,0.0,0.0,0.0,-1.140257,-0.08125058,3.06179,1.372376,-0.3557977,-2.944713,-0.07084945,-0.03870111,-0.004004051,0.9967279,351.8627,355.5631,359.8554,0.4190121,-0.1089948,-0.9014146,0,0,0,1.133094,0.129506,-0.905202,-0.08126666,0.189775,2.099943,0.9969724,-0.002497996,0.07771633,0.0134658,0.9899287,-0.1409253,-0.07658158,0.1415452,0.9869652,moving,-2.508692853044027,3.567345524307713,-2.216209797836166,5.163878244285715,-0.239282,0.4853037,2.039511,-0.043686308314464135,0.062162299263109594,0.9971094454570105,-2.5457104726480697,3.697780892527059,1.622524277755442,1.6231029121852014,1.5026683398325935
05/10/2023 16:36:03.473351,4717,True,True,True,True,Eyes,1.363949,-0.3550567,-2.936237,-0.1185306,0.2036524,0.9718417,0.0,0.0,0.0,0.0,0.0,0.0,0.0,-1.140468,-0.08210748,3.061699,1.37239,-0.3557145,-2.944727,-0.07092962,-0.03867353,-0.004120274,0.9967229,351.853,355.5672,359.8421,0.4189915,-0.1089965,-0.901424,0,0,0,1.134351,0.1326048,-0.9054387,-0.08024268,0.1924342,2.100083,0.9969748,-0.002727346,0.07767808,0.01369974,0.989904,-0.1410757,-0.07650908,0.1417131,0.9869467,moving,-2.482965340858696,3.6079011749602774,-2.1881665881812338,5.23548997700128,-0.2380389999999999,0.4883193,2.0392883,-0.04323665789680734,0.06286930453667819,0.9970848183489704,-2.5187620798141053,3.736722657451763,1.653502142627144,1.6540712237111963,1.5347953795987348
05/10/2023 16:36:03.493203,4718,True,True,True,True,Eyes,1.363843,-0.3550608,-2.936245,-0.1180099,0.2044923,0.9717286,0.0,0.0,0.0,0.0,0.0,0.0,0.0,-1.140463,-0.08285382,3.061688,1.372367,-0.3557467,-2.944743,-0.07102874,-0.03867286,-0.004190776,0.9967155,351.8413,355.5678,359.8344,0.4189701,-0.1089983,-0.9014337,0,0,0,1.135468,0.1357446,-0.9057149,-0.07918237,0.1951874,2.100227,0.9969737,-0.002860253,0.07768701,0.01384779,0.9898748,-0.1412667,-0.07649635,0.141915,0.9869187,moving,-2.4549278762381475,3.6449082941322435,-2.1591322558995727,5.30960815882591,-0.23689899999999997,0.4914913,2.0390281,-0.042746979015349594,0.06351463828897197,0.9970649406249034,-2.48977556536391,3.7722225894242247,1.6902103405910975,1.6907751738544639,1.5725391528029031
05/10/2023 16:36:03.513169,4719,True,True,True,True,Eyes,1.363732,-0.3550642,-2.936255,-0.1174577,0.2053855,0.9716071,0.0,0.0,0.0,0.0,0.0,0.0,0.0,-1.140069,-0.08313528,3.061829,1.372307,-0.3557866,-2.944768,-0.07108104,-0.03872669,-0.004188246,0.9967097,351.8353,355.5616,359.8354,0.418948,-0.1090001,-0.9014438,0,0,0,1.136222,0.1385425,-0.9059739,-0.07816795,0.1978216,2.100365,0.9969654,-0.002843464,0.07779394,0.0138544,0.9898599,-0.14137,-0.07660313,0.1420187,0.9868955,moving,-2.4178822084773537,3.6910611637211415,-2.131356976051749,5.380496016412869,-0.23608499999999988,0.4943291,2.0387940999999996,-0.04210012330598106,0.0643195398790003,0.9970408457417,-2.451621523011805,3.816480060446067,1.7129908509993605,1.7135596955770367,1.5964696334594903
05/10/2023 16:36:03.528419,4720,True,True,True,True,Eyes,1.363625,-0.3550678,-2.936262,-0.1169244,0.206244,0.9714896,0.0,0.0,0.0,0.0,0.0,0.0,0.0,-1.139725,-0.083195,3.061977,1.372289,-0.3557729,-2.944799,-0.07107726,-0.03878063,-0.004210734,0.9967078,351.8356,355.5555,359.8333,0.4189252,-0.109002,-0.9014542,0,0,0,1.13703,0.1411597,-0.9061838,-0.07715811,0.2004437,2.100502,0.9969567,-0.002880902,0.07790449,0.01390659,0.9898605,-0.1413599,-0.07670733,0.1420131,0.9868882,moving,-2.382344508255188,3.7413947168168256,-2.103710105484058,5.45103355021124,-0.2352590000000001,0.4969326,2.0386152,-0.04147933509509604,0.06519709833392395,0.9970099041074896,-2.4146990929234864,3.864783326325779,1.7316286678243678,1.732195736935592,1.6164479339234148
05/10/2023 16:36:03.544235,4721,True,True,True,True,Eyes,1.363508,-0.3550735,-2.93627,-0.1163788,0.2071394,0.9713647,0.0,0.0,0.0,0.0,0.0,0.0,0.0,-1.140047,-0.08307415,3.061833,1.372304,-0.3557791,-2.944764,-0.07109822,-0.03872672,-0.00411984,0.9967089,351.8336,355.561,359.8434,0.4189019,-0.1090039,-0.9014648,0,0,0,1.138288,0.1439526,-0.9063091,-0.07609841,0.2031954,2.100646,0.9969665,-0.00270576,0.07778434,0.01371936,0.9898561,-0.1414093,-0.0766127,0.1420475,0.9868906,moving,-2.356618513193242,3.7921523539940583,-2.074700785499006,5.525029164342609,-0.234016,0.4997317,2.0384549,-0.04102928178943295,0.06608154694084221,0.996970392598315,-2.387210908168157,3.9135700798943693,1.755112122212204,1.7556593191824112,1.6414819394746463
05/10/2023 16:36:03.561554,4722,True,True,True,True,Eyes,1.363395,-0.3550794,-2.936278,-0.1158579,0.2079857,0.9712461,0.0,0.0,0.0,0.0,0.0,0.0,0.0,-1.139997,-0.08252445,3.061846,1.372283,-0.35582,-2.944747,-0.07105388,-0.03872786,-0.004024824,0.9967123,351.8392,355.5601,359.8542,0.4188778,-0.109006,-0.9014757,0,0,0,1.139245,0.1463631,-0.9064084,-0.07506917,0.2058679,2.100786,0.9969679,-0.002519651,0.07777303,0.01352671,0.9898703,-0.1413288,-0.07662911,0.1419523,0.986903,moving,-2.3260018082270784,3.847534514214637,-2.0465279619475596,5.596867241183432,-0.23303799999999986,0.5021831,2.0383386,-0.040493918587008,0.06704665254641325,0.9969278209087651,-2.354763597441946,3.9667825180319283,1.7709836234998937,1.7715164747747474,1.6589711907204845
05/10/2023 16:36:03.575737,4723,True,True,True,True,Eyes,1.363282,-0.3550836,-2.936285,-0.1153082,0.2088754,0.9711205,0.0,0.0,0.0,0.0,0.0,0.0,0.0,-1.13992,-0.08105412,3.061931,1.37228,-0.3558234,-2.944767,-0.07090327,-0.03873066,-0.003802133,0.9967238,351.8575,355.558,359.8792,0.4188533,-0.1090081,-0.9014869,0,0,0,1.140079,0.1482421,-0.9064311,-0.07407637,0.2084456,2.100922,0.996971,-0.002087093,0.07774671,0.01307161,0.9899165,-0.1410474,-0.07666837,0.1416364,0.9869453,moving,-2.2916858815492662,3.918780981595151,-2.019354291426506,5.666128674073157,-0.23220099999999988,0.5040655,2.0383359,-0.03989345610490315,0.06828791118403585,0.9968677006397476,-2.3179092308998595,4.035276114553886,1.7679275244830026,1.7684423805674312,1.657955102761982
05/10/2023 16:36:03.593327,4724,True,True,True,True,Eyes,1.363174,-0.3550867,-2.936293,-0.1147815,0.2097289,0.9709989,0.0,0.0,0.0,0.0,0.0,0.0,0.0,-1.140629,-0.08062416,3.061645,1.372284,-0.3557869,-2.944733,-0.07088291,-0.0386104,-0.003674863,0.9967304,351.8604,355.5709,359.8928,0.4188282,-0.1090103,-0.9014983,0,0,0,1.141535,0.1508131,-0.9064807,-0.07305017,0.2111108,2.101061,0.9969915,-0.00185206,0.07748927,0.01279933,0.9899242,-0.1410185,-0.07644734,0.1415861,0.9869697,moving,-2.273965682210704,3.9721784001624805,-1.9912706724992026,5.737718678316291,-0.2307490000000001,0.5066,2.0382523,-0.03958260305500248,0.06921777688463399,0.9968159232963774,-2.2979971637227052,4.086670851671642,1.787547989396348,1.7880293460397179,1.6792974918954355
05/10/2023 16:36:03.603304,4725,True,True,True,True,Eyes,1.363069,-0.3550889,-2.936301,-0.1142146,0.2106352,0.9708697,0.0,0.0,0.0,0.0,0.0,0.0,0.0,-1.140576,-0.0805029,3.061723,1.37229,-0.355765,-2.944791,-0.07088155,-0.03861674,-0.003617564,0.9967304,351.8608,355.5697,359.8995,0.4188027,-0.1090125,-0.9015098,0,0,0,1.142509,0.153439,-0.9066971,-0.07203515,0.2137466,2.101199,0.9969913,-0.001737045,0.07749379,0.0126859,0.9899254,-0.1410202,-0.07646811,0.141579,0.9869691,moving,-2.2406522343373174,4.025785094032623,-1.9634952456734,5.808490518053531,-0.229781,0.509204,2.0380939,-0.03900047218265826,0.0701519971723255,0.9967736940612715,-2.2630448660816436,4.138149548365276,1.8036481641151487,1.8041215660810703,1.696988193861649
05/10/2023 16:36:03.623357,4726,True,True,True,True,Eyes,1.362968,-0.3550917,-2.936312,-0.1136691,0.2115075,0.970744,0.0,0.0,0.0,0.0,0.0,0.0,0.0,-1.141036,-0.0806382,3.061542,1.372305,-0.3557561,-2.944779,-0.07091165,-0.03854337,-0.003600639,0.9967313,351.8574,355.578,359.9009,0.4187771,-0.1090147,-0.9015214,0,0,0,1.14389,0.1562912,-0.9068444,-0.07098244,0.2164801,2.101342,0.9970029,-0.001711391,0.0773454,0.01264409,0.9899171,-0.1410821,-0.0763241,0.1416373,0.9869719,moving,-2.2182127869299983,4.073493902910347,-1.9346914473395738,5.881857346286884,-0.22841500000000003,0.5120473,2.0379346,-0.03860781233414935,0.07098304042036428,0.9967300763930588,-2.238886082638773,4.184019033573589,1.830003451792172,1.8304542314255747,1.724873709076099
05/10/2023 16:36:03.643330,4727,True,True,True,True,Eyes,1.362871,-0.3550939,-2.936323,-0.1130943,0.2124415,0.9706072,0.0,0.0,0.0,0.0,0.0,0.0,0.0,-1.141095,-0.08082187,3.061588,1.372291,-0.3557723,-2.944859,-0.07094288,-0.03853041,-0.003601351,0.9967294,351.8538,355.5795,359.9009,0.4187514,-0.1090168,-0.9015332,0,0,0,1.144964,0.1590246,-0.9071074,-0.06996942,0.21911,2.10148,0.9970049,-0.001712229,0.07731976,0.01264606,0.9899083,-0.1411442,-0.0762978,0.1416992,0.9869651,moving,-2.187563257169102,4.124501541128271,-1.9069760521975043,5.952414698878147,-0.22732699999999983,0.5147969,2.0377516,-0.03807219228956196,0.07187183217015827,0.9966870101598353,-2.2066392196470828,4.233009783797751,1.8488829104590556,1.8493230361050759,1.7453226853302906
05/10/2023 16:36:03.663540,4728,True,True,True,True,Eyes,1.362776,-0.3550946,-2.936333,-0.112543,0.2133375,0.9704747,0.0,0.0,0.0,0.0,0.0,0.0,0.0,-1.141073,-0.08135632,3.061585,1.372288,-0.3557774,-2.944862,-0.07101876,-0.03853444,-0.003633028,0.9967238,351.845,355.5793,359.8976,0.4187256,-0.1090189,-0.9015449,0,0,0,1.14605,0.1620795,-0.907355,-0.06891103,0.2218588,2.101624,0.9970038,-0.001768916,0.07733241,0.01271559,0.9898863,-0.1412922,-0.07630035,0.1418522,0.9869429,moving,-2.1567453617203163,4.167906492884779,-1.87802246707375,6.026133425102046,-0.22623799999999994,0.5178569,2.037507,-0.037534031010026996,0.07262833742665588,0.9966525373539761,-2.1746334333878337,4.274662622744835,1.8785812278239784,1.8790140456148157,1.776408747120883
05/10/2023 16:36:03.678169,4729,True,True,True,True,Eyes,1.362692,-0.3550927,-2.936344,-0.1119971,0.2142862,0.9703289,0.0,0.0,0.0,0.0,0.0,0.0,0.0,-1.141003,-0.08128577,3.061592,1.372246,-0.3557413,-2.944865,-0.07101595,-0.03853723,-0.003597346,0.996724,351.8454,355.5786,359.9017,0.4186999,-0.109021,-0.9015566,0,0,0,1.147044,0.1648219,-0.9075203,-0.06785689,0.2245963,2.101768,0.9970039,-0.001697606,0.07733291,0.01264464,0.9898876,-0.1412894,-0.07631103,0.1418439,0.9869432,moving,-2.125448873781748,4.224023895701265,-1.8491876276200894,6.0995174654366435,-0.22520200000000012,0.5205632,2.0373447000000002,-0.03698697158964548,0.07360596489415935,0.996601337526037,-2.1414919249567133,4.328579430483757,1.8953122440412713,1.8957311007232922,1.7948992522936351
05/10/2023 16:36:03.683256,4730,True,True,True,True,Eyes,1.362612,-0.3550923,-2.936352,-0.1114754,0.2151985,0.970187,0.0,0.0,0.0,0.0,0.0,0.0,0.0,-1.140767,-0.08207366,3.061676,1.372236,-0.3557065,-2.944891,-0.07113156,-0.03857422,-0.003615328,0.9967142,351.8321,355.5745,359.9005,0.4186745,-0.1090228,-0.9015681,0,0,0,1.147882,0.1678292,-0.9078334,-0.06689337,0.2270983,2.101899,0.996998,-0.001719209,0.07740927,0.01269459,0.9898545,-0.1415167,-0.07638061,0.1420746,0.9869047,moving,-2.092343127539569,4.263969715098108,-1.8228347728043088,6.166563899130063,-0.22435399999999994,0.5235357,2.0370576000000002,-0.036409237210951566,0.07430233628347747,0.996570872765677,-2.1074645761831956,4.3668768743981365,1.9211684644023803,1.9215877243530481,1.8220558476512065
05/10/2023 16:36:03.711204,4731,True,True,True,True,Eyes,1.362561,-0.3550887,-2.936358,-0.1109428,0.2161494,0.9700367,0.0,0.0,0.0,0.0,0.0,0.0,0.0,-1.140616,-0.08217579,3.061688,1.372269,-0.3557424,-2.944829,-0.07115383,-0.03860481,-0.0036179,0.9967115,351.8295,355.571,359.9005,0.4186496,-0.1090245,-0.9015795,0,0,0,1.148835,0.1705359,-0.9079683,-0.06586924,0.2297579,2.102038,0.9969932,-0.001718244,0.07747056,0.01270576,0.9898481,-0.1415603,-0.07644086,0.142119,0.9868936,moving,-2.0592604529088367,4.31702773163206,-1.794827158712836,6.237806554611234,-0.2234339999999999,0.5262783,2.0368607,-0.03583132082976884,0.0752267417413659,0.9965225141027482,-2.072763812460471,4.417827840461136,1.9384851315026228,1.9388956273829208,1.8410788422704436
05/10/2023 16:36:03.723399,4732,True,True,True,True,Eyes,1.362513,-0.3550867,-2.936365,-0.1104321,0.2170571,0.9698922,0.0,0.0,0.0,0.0,0.0,0.0,0.0,-1.140695,-0.08239084,3.061623,1.372282,-0.3557197,-2.944794,-0.07117514,-0.03859573,-0.003645736,0.9967103,351.8269,355.5722,359.8973,0.4186257,-0.109026,-0.9015903,0,0,0,1.149948,0.173291,-0.9081107,-0.06484994,0.232404,2.102177,0.9969941,-0.001773371,0.07745649,0.0127616,0.9898416,-0.1416006,-0.07641855,0.1421634,0.9868889,moving,-2.032335242163402,4.367487287737855,-1.76695390924204,6.308656927328691,-0.22233400000000003,0.5290107000000001,2.0366833,-0.03536064963969298,0.07610560607685743,0.9964725155127929,-2.0441356106864093,4.466317869710098,1.9588322339944264,1.9592260771877077,1.8630735087061279
05/10/2023 16:36:03.733513,4733,True,True,True,True,Eyes,1.362475,-0.3550861,-2.936373,-0.109901,0.2179913,0.9697431,0.0,0.0,0.0,0.0,0.0,0.0,0.0,-1.14062,-0.08207336,3.061722,1.37229,-0.355756,-2.944851,-0.07110986,-0.03861074,-0.003686569,0.9967141,351.8343,355.5708,359.8925,0.418603,-0.1090274,-0.9016008,0,0,0,1.150969,0.1756571,-0.9082644,-0.06382297,0.2350712,2.102317,0.9969912,-0.001857703,0.07749205,0.01284012,0.9898596,-0.1414677,-0.07644344,0.1420371,0.9869052,moving,-2.0018706085559974,4.429314318776549,-1.7388738395313699,6.380043510617266,-0.2213210000000001,0.5314131,2.0365865999999997,-0.03482792450738306,0.07718229296616286,0.9964085637936345,-2.0114929449030576,4.525750796903244,1.9680011873116243,1.9683779312969683,1.8742258787954489
05/10/2023 16:36:03.758521,4734,True,True,True,True,Eyes,1.362438,-0.3550822,-2.93638,-0.1093863,0.2188807,0.9696009,0.0,0.0,0.0,0.0,0.0,0.0,0.0,-1.140625,-0.08112055,3.06178,1.372304,-0.3558152,-2.944874,-0.07098076,-0.03861058,-0.003640029,0.9967235,351.8493,355.5706,359.8973,0.4185815,-0.1090286,-0.9016107,0,0,0,1.152031,0.177819,-0.9083157,-0.06275521,0.2378439,2.102462,0.996992,-0.001774988,0.07748488,0.01273742,0.989897,-0.1412153,-0.0764514,0.1417775,0.9869419,moving,-1.9726353821929679,4.496588775929868,-1.7096819989162475,6.454224240079502,-0.22027299999999994,0.5336342000000001,2.0365583000000003,-0.03431635509556303,0.07835356731184742,0.9963348508425535,-1.9797462031261042,4.590449825207781,1.974862365781426,1.975216720330462,1.8832391626997167
05/10/2023 16:36:03.773387,4735,True,True,True,True,Eyes,1.362416,-0.3550763,-2.936388,-0.1088542,0.219811,0.9694503,0.0,0.0,0.0,0.0,0.0,0.0,0.0,-1.140984,-0.0805946,3.06163,1.372262,-0.3557306,-2.944872,-0.07088888,-0.0385447,-0.003622928,0.9967327,351.8599,355.5781,359.8983,0.4185611,-0.1090296,-0.90162,0,0,0,1.153237,0.1800425,-0.9083375,-0.06178167,0.2403724,2.102594,0.9970024,-0.0017574,0.07735118,0.01268696,0.9899233,-0.1410352,-0.07632387,0.1415938,0.9869782,moving,-1.950367946019453,4.5617888186962885,-1.6830689687923153,6.5218445085344205,-0.21902500000000003,0.5357731,2.0365345,-0.03392607875034315,0.07948835945460489,0.9962583091952465,-1.9548252315868666,4.6531997558650575,1.9778714702057698,1.97819793005996,1.888302062183592
05/10/2023 16:36:03.783230,4736,True,True,True,True,Eyes,1.362395,-0.3550717,-2.936396,-0.1083427,0.2207064,0.9693042,0.0,0.0,0.0,0.0,0.0,0.0,0.0,-1.141003,-0.08028021,3.061685,1.372276,-0.3557135,-2.944923,-0.07084598,-0.03854202,-0.003591566,0.9967359,351.865,355.5782,359.9017,0.4185421,-0.1090304,-0.9016287,0,0,0,1.154303,0.1825849,-0.9085031,-0.0607347,0.2430912,2.102737,0.9970033,-0.001698593,0.07734132,0.01262078,0.9899359,-0.1409526,-0.07632352,0.1415063,0.9869907,moving,-1.921742623166423,4.619425104697316,-1.6544507282595473,6.594520876272668,-0.21797299999999997,0.5382984,2.0364199000000003,-0.033425638839610486,0.08049185980461133,0.9961946973133559,-1.9241776702964126,4.708602507235133,1.992790683844791,1.9931001640604373,1.905109109193947
05/10/2023 16:36:03.803197,4737,True,True,True,True,Eyes,1.362396,-0.3550652,-2.936404,-0.1078156,0.2216536,0.9691468,0.0,0.0,0.0,0.0,0.0,0.0,0.0,-1.141126,-0.08033621,3.061637,1.37231,-0.3557386,-2.944904,-0.070882,-0.03852534,-0.003538967,0.9967343,351.8611,355.5796,359.9078,0.4185244,-0.1090309,-0.9016369,0,0,0,1.155411,0.1853457,-0.9086741,-0.05970947,0.2457526,2.102876,0.9970065,-0.001593312,0.07730074,0.01251632,0.9899264,-0.1410283,-0.07629735,0.1415737,0.9869831,moving,-1.8933907984115685,4.671245135956716,-1.6264305047718448,6.665635757259271,-0.21689899999999995,0.5410843000000001,2.0362299000000004,-0.03293026331588435,0.08139415264731696,0.9961378577382409,-1.8941022871134596,4.758394608006119,2.011882808704367,2.012178359072525,1.9259327569950153
05/10/2023 16:36:03.823428,4738,True,True,True,True,Eyes,1.362397,-0.3550602,-2.93641,-0.1073028,0.2225666,0.9689944,0.0,0.0,0.0,0.0,0.0,0.0,0.0,-1.141004,-0.08056301,3.06173,1.372328,-0.3557334,-2.944952,-0.07095673,-0.03854287,-0.003443449,0.9967285,351.8529,355.5768,359.9193,0.4185084,-0.1090311,-0.9016443,0,0,0,1.156338,0.1883072,-0.9089724,-0.05867551,0.2484381,2.103017,0.9970052,-0.001394614,0.07732224,0.01233412,0.9899065,-0.1411838,-0.07634489,0.1417146,0.9869592,moving,-1.861117615892425,4.716957648109968,-1.598174027932735,6.7373618268426645,-0.2159899999999999,0.5440406,2.0359795999999997,-0.03236703623896138,0.08219038749814891,0.9960908817586726,-1.8605714372253093,4.802263244354663,2.037153299120919,2.037442606771944,1.9528079589018805
05/10/2023 16:36:03.845208,4739,True,True,True,True,Eyes,1.36242,-0.355057,-2.936417,-0.1067824,0.2235285,0.9688305,0.0,0.0,0.0,0.0,0.0,0.0,0.0,-1.141426,-0.08107716,3.061519,1.372322,-0.3557684,-2.944909,-0.0710004,-0.03847869,-0.003563319,0.9967276,351.8474,355.5851,359.9051,0.418494,-0.1090312,-0.901651,0,0,0,1.157747,0.1911557,-0.9091077,-0.05764313,0.2511185,2.103157,0.9970134,-0.001639313,0.07721154,0.01256732,0.9898925,-0.1412619,-0.07619954,0.1418103,0.9869567,moving,-1.8415804825967335,4.767411793362061,-1.5699643196904847,6.808923297056999,-0.21457499999999996,0.5469241,2.0358013,-0.032025041776600045,0.08306842304190727,0.9960291375179736,-1.8390643196089949,4.8508039568337,2.0592368229315396,2.0595010462902614,1.976523756627445
05/10/2023 16:36:03.853286,4740,True,True,True,True,Eyes,1.362445,-0.3550489,-2.936422,-0.1062923,0.2244608,0.9686688,0.0,0.0,0.0,0.0,0.0,0.0,0.0,-1.140781,-0.07977378,3.061855,1.372331,-0.3558539,-2.944957,-0.070903,-0.03857384,-0.00330381,0.9967317,351.8597,355.5721,359.9354,0.4184816,-0.1090311,-0.9016568,0,0,0,1.158199,0.1932657,-0.9092535,-0.05661337,0.2537923,2.103298,0.9970023,-0.001116023,0.07736403,0.01205603,0.9899237,-0.1410877,-0.07642704,0.1415974,0.9869696,moving,-1.7991354317356822,4.835294853098361,-1.5418281925199062,6.880273457690398,-0.214132,0.5491196,2.0357035,-0.03128405235836344,0.08425041828567649,0.9959533738865977,-1.7945533598369978,4.9159903329912495,2.0608397632309607,2.061102740911292,1.980474237189998
05/10/2023 16:36:03.877421,4741,True,True,True,True,Eyes,1.362512,-0.3550364,-2.936425,-0.1058121,0.2254494,0.9684919,0.0,0.0,0.0,0.0,0.0,0.0,0.0,-1.140062,-0.08066472,3.062078,1.372386,-0.3557321,-2.944924,-0.07101923,-0.03870083,-0.003324268,0.9967183,351.8463,355.5575,359.9346,0.4184709,-0.1090307,-0.9016618,0,0,0,1.158842,0.1966489,-0.9095697,-0.05553937,0.2565815,2.103444,0.9969824,-0.00112971,0.07761983,0.01212372,0.9898905,-0.141315,-0.07667547,0.1418297,0.986917,moving,-1.7583640448371094,4.879742608500721,-1.51248728273892,6.954673576836711,-0.21354400000000018,0.552381,2.0353543,-0.030573314283185188,0.08502489455109902,0.9959097512288433,-1.7528988474247997,4.958574166676965,2.0891811120133292,2.089448229916123,2.0105249502741316
05/10/2023 16:36:03.893334,4742,True,True,True,True,Eyes,1.362579,-0.3550218,-2.936423,-0.1053466,0.2264155,0.9683172,0.0,0.0,0.0,0.0,0.0,0.0,0.0,-1.140191,-0.08287859,3.061975,1.372437,-0.3557023,-2.944909,-0.07134972,-0.03869004,-0.003399581,0.9966949,351.808,355.5592,359.9273,0.418463,-0.1090299,-0.9016656,0,0,0,1.160053,0.2006907,-0.9100749,-0.05452,0.2592287,2.103582,0.9969831,-0.001255643,0.07760945,0.01229773,0.9897954,-0.1419647,-0.07663921,0.1424908,0.9868246,moving,-1.7347772984355767,4.8979581181059055,-1.484642263302814,7.025256474716608,-0.2123839999999999,0.556393,2.0348341,-0.030162505291071888,0.08534257152847657,0.9958950513719419,-1.7291990027357824,4.975973762666228,2.1416944602413106,2.1419537422268164,2.063823546893156
05/10/2023 16:36:03.903368,4743,True,True,True,True,Eyes,1.362663,-0.3550069,-2.936418,-0.1048542,0.2274056,0.9681386,0.0,0.0,0.0,0.0,0.0,0.0,0.0,-1.140344,-0.08484876,3.061778,1.372496,-0.3556479,-2.944799,-0.07155623,-0.03868677,-0.003671452,0.9966793,351.7831,355.5617,359.8969,0.4184576,-0.1090286,-0.9016683,0,0,0,1.161415,0.2043472,-0.910354,-0.05348255,0.2619222,2.103724,0.9969797,-0.001781962,0.07764203,0.01285508,0.9897324,-0.1423532,-0.07659116,0.1429213,0.986766,moving,-1.7125373460044142,4.930271715725678,-1.456305328940892,7.097037092373194,-0.21108099999999985,0.5599951000000001,2.0344450000000003,-0.02977449057738628,0.08590522021012215,0.9958583392383011,-1.7060492715576991,5.0069882877707785,2.1816191691425866,2.181863204696136,2.104917110599316
05/10/2023 16:36:03.923067,4744,True,True,True,True,Eyes,1.362741,-0.3549922,-2.936413,-0.1043737,0.2283332,0.9679722,0.0,0.0,0.0,0.0,0.0,0.0,0.0,-1.14118,-0.0852173,3.061419,1.372491,-0.3556744,-2.944758,-0.07147828,-0.03856597,-0.004026067,0.9966882,351.7905,355.5786,359.8546,0.418455,-0.1090269,-0.9016696,0,0,0,1.163226,0.2066934,-0.9103276,-0.05247854,0.2645296,2.10386,0.9969929,-0.002512208,0.07745206,0.01353873,0.9897493,-0.1421726,-0.07630094,0.1427937,0.986807,moving,-1.7062241568898997,4.990968805656788,-1.428885705276711,7.1664975591547915,-0.2092649999999998,0.5623678,2.0344304,-0.029662035582191965,0.08696044098465314,0.9957701264828369,-1.6967442649829492,5.06551356634522,2.1929329297658016,2.1931351928323477,2.1179900722264846
05/10/2023 16:36:03.943502,4745,True,True,True,True,Eyes,1.362845,-0.3549773,-2.936408,-0.1038937,0.2292245,0.9678131,0.0,0.0,0.0,0.0,0.0,0.0,0.0,-1.14181,-0.08329478,3.061192,1.372423,-0.3556606,-2.944745,-0.07119104,-0.03845076,-0.003955016,0.9967135,351.8238,355.5915,359.8605,0.4184547,-0.1090248,-0.90167,0,0,0,1.164622,0.2081982,-0.9101053,-0.05144069,0.2672244,2.104001,0.9970118,-0.002409337,0.0772119,0.01335873,0.9898324,-0.14161,-0.07608566,0.1422183,0.9869067,moving,-1.6918786830222987,5.076871812977181,-1.400544668726057,7.238253157766762,-0.2078009999999999,0.5638588,2.0346397,-0.029408833602944766,0.08845394748415385,0.9956460156662784,-1.678360289948482,5.148301924477157,2.180763097247929,2.180927514955593,2.1083352856991087
05/10/2023 16:36:03.953197,4746,True,True,True,True,Eyes,1.362946,-0.3549641,-2.936402,-0.1034372,0.230065,0.9676626,0.0,0.0,0.0,0.0,0.0,0.0,0.0,-1.14103,-0.08098936,3.061572,1.372411,-0.355691,-2.944776,-0.07094894,-0.03856231,-0.003623485,0.9967278,351.853,355.576,359.8986,0.4184572,-0.1090224,-0.9016691,0,0,0,1.164868,0.2096514,-0.9100685,-0.05045113,0.2697939,2.104136,0.9969996,-0.001751346,0.0773864,0.01269516,0.9899063,-0.1411541,-0.07635807,0.141713,0.9869584,moving,-1.64817754603845,5.156530736191823,-1.373524841981104,7.306640227208897,-0.20754300000000003,0.5653424,2.0347075,-0.02864585028191704,0.08984011439550393,0.9955441904378873,-1.632013931487507,5.224842573681339,2.1674182152431043,2.1675804324655896,2.097784087942965
05/10/2023 16:36:03.973216,4747,True,True,True,True,Eyes,1.363073,-0.3549494,-2.936396,-0.1029817,0.2309037,0.9675114,0.0,0.0,0.0,0.0,0.0,0.0,0.0,-1.140836,-0.07958764,3.061692,1.372459,-0.3557124,-2.944762,-0.07076318,-0.0385984,-0.003519335,0.99674,351.8748,355.5711,359.9101,0.4184619,-0.1090196,-0.9016672,0,0,0,1.165744,0.211567,-0.910023,-0.04939869,0.272527,2.104279,0.9969956,-0.001553031,0.07744322,0.01247841,0.9899604,-0.1407933,-0.07644705,0.1413367,0.9870055,moving,-1.6171603219842943,5.2278915672501824,-1.3447915874877177,7.37935096784351,-0.2067150000000002,0.5672794,2.034739,-0.02810372362008233,0.09108137807336797,0.9954468452034404,-1.5983328621368924,5.293471492731804,2.168483404968915,2.1686314301726486,2.1012321058471892
05/10/2023 16:36:03.983501,4748,True,True,True,True,Eyes,1.363194,-0.3549346,-2.93639,-0.1025491,0.2317059,0.9673656,0.0,0.0,0.0,0.0,0.0,0.0,0.0,-1.140992,-0.07828936,3.061684,1.372472,-0.355717,-2.944772,-0.07057627,-0.03857297,-0.003455141,0.9967543,351.8965,355.5736,359.9165,0.4184696,-0.1090166,-0.901664,0,0,0,1.166843,0.2134335,-0.909968,-0.04837382,0.2751878,2.104418,0.9970004,-0.001443181,0.07738325,0.01233253,0.9900141,-0.1404279,-0.07640784,0.140961,0.9870622,moving,-1.5951354204531762,5.296962778494963,-1.3168142985493174,7.450106576945315,-0.20562899999999984,0.5691505,2.034804,-0.027717988021407687,0.09228234108592892,0.9953470895786682,-1.5734402708018,5.35995895903333,2.170930477336929,2.17105754500037,2.105842813292977
05/10/2023 16:36:04.003265,4749,True,True,True,True,Eyes,1.363331,-0.3549176,-2.936386,-0.1021014,0.2325353,0.9672138,0.0,0.0,0.0,0.0,0.0,0.0,0.0,-1.140698,-0.07782912,3.061802,1.372436,-0.3556974,-2.944789,-0.07054853,-0.03860945,-0.003327967,0.9967554,351.9003,355.5684,359.9313,0.4184797,-0.1090132,-0.9016597,0,0,0,1.167579,0.2159322,-0.9101245,-0.04735994,0.2778209,2.104557,0.9969965,-0.001186659,0.0774379,0.01208202,0.9900236,-0.1403823,-0.07649877,0.1408962,0.9870644,moving,-1.563821987110252,5.349836229207771,-1.2891391245541348,7.520088795113895,-0.20485700000000007,0.5716296,2.0346645,-0.027171662649865397,0.09320221054651011,0.995276316023131,-1.5404545339927818,5.410745205636593,2.1874464312998896,2.1875664275180626,2.1242621809678544
05/10/2023 16:36:04.028296,4750,True,True,True,True,Eyes,1.363464,-0.3549004,-2.936382,-0.1016733,0.2333325,0.9670669,0.0,0.0,0.0,0.0,0.0,0.0,0.0,-1.140314,-0.07757455,3.062008,1.372481,-0.3556676,-2.94483,-0.0705322,-0.03867541,-0.003247513,0.9967543,351.9025,355.5601,359.9411,0.4184923,-0.1090095,-0.9016544,0,0,0,1.168345,0.2185807,-0.910335,-0.04631463,0.2805351,2.104699,0.9969873,-0.001018221,0.07755785,0.01192967,0.9900293,-0.1403553,-0.07664164,0.1408577,0.9870589,moving,-1.5310914864674812,5.399142480939962,-1.2606100091212804,7.592197761428475,-0.2041360000000001,0.5742482999999999,2.034495,-0.026600946038890322,0.09406011208057756,0.995211027646888,-1.5062922489519255,5.458078361399549,2.2095578778731193,2.209672304407586,2.1482144624194355
05/10/2023 16:36:04.043237,4751,True,True,True,True,Eyes,1.363605,-0.3548837,-2.936378,-0.1012401,0.23417,0.96691,0.0,0.0,0.0,0.0,0.0,0.0,0.0,-1.140118,-0.07784504,3.062086,1.372491,-0.3556492,-2.94484,-0.07054222,-0.03871225,-0.003320923,0.9967518,351.901,355.5564,359.933,0.418507,-0.1090055,-0.901648,0,0,0,1.169355,0.2214258,-0.910534,-0.04524551,0.2833112,2.104844,0.9969807,-0.001158575,0.07764155,0.01208197,0.9900255,-0.1403691,-0.07670447,0.1408833,0.9870504,moving,-1.504289656310012,5.446673867791743,-1.2314345319496995,7.665917022273574,-0.20313599999999998,0.577075,2.034306,-0.026133346016425807,0.09488686571363379,0.9951450275156074,-1.477938314702789,5.503743623655864,2.235850424538213,2.2359539569508473,2.176179661838986
05/10/2023 16:36:04.053336,4752,True,True,True,True,Eyes,1.363741,-0.3548637,-2.936375,-0.1008291,0.2349904,0.9667538,0.0,0.0,0.0,0.0,0.0,0.0,0.0,-1.139967,-0.07835674,3.062166,1.372508,-0.3556768,-2.944866,-0.07063907,-0.03873774,-0.003299212,0.996744,351.89,355.5533,359.9361,0.4185239,-0.1090011,-0.9016407,0,0,0,1.170255,0.2243405,-0.9108338,-0.04426004,0.2858703,2.104979,0.996977,-0.001104144,0.07768931,0.01204973,0.9899985,-0.1405625,-0.0767571,0.1410737,0.987019,moving,-1.4781253850609515,5.483973682836181,-1.2045440246974275,7.733837414531484,-0.20225300000000002,0.5800173,2.0340322000000004,-0.02567730412482981,0.09553580987804851,0.9950947142846436,-1.450741698002236,5.539540183111159,2.2663399618087983,2.2664363154380207,2.208065586471472
05/10/2023 16:36:04.077586,4753,True,True,True,True,Eyes,1.363888,-0.3548464,-2.93637,-0.1003982,0.2358464,0.9665902,0.0,0.0,0.0,0.0,0.0,0.0,0.0,-1.139514,-0.07985473,3.062287,1.372502,-0.355582,-2.944872,-0.0708514,-0.03881138,-0.003342103,0.996726,351.8654,355.545,359.9327,0.4185427,-0.1089965,-0.9016326,0,0,0,1.171075,0.2280704,-0.9112804,-0.04319517,0.2886352,2.105123,0.9969651,-0.001162641,0.07784221,0.012162,0.9899378,-0.1409794,-0.07689504,0.1414983,0.9869475,moving,-1.4464560274713703,5.509639344541719,-1.1754912593311733,7.80719232961881,-0.20142700000000002,0.5836524000000001,2.0335916000000003,-0.025126191693220522,0.09598289935419266,0.995065774315848,-1.4188563899229465,5.564068059622551,2.313381912087089,2.3134760912553047,2.2562874545221847
05/10/2023 16:36:04.093107,4754,True,True,True,True,Eyes,1.364029,-0.3548296,-2.936366,-0.0999807,0.2366632,0.9664339,0.0,0.0,0.0,0.0,0.0,0.0,0.0,-1.139309,-0.08051366,3.062349,1.372527,-0.3556656,-2.944853,-0.07095081,-0.03885129,-0.003396527,0.9967172,351.8538,355.5407,359.9272,0.4185633,-0.1089915,-0.9016236,0,0,0,1.172011,0.2310107,-0.9115478,-0.04218915,0.2912475,2.10526,0.9969581,-0.001257691,0.07792948,0.01228381,0.9899089,-0.1411718,-0.07696554,0.1416997,0.9869131,moving,-1.419731282829273,5.545891503726061,-1.1480466670758447,7.876462285538665,-0.20051600000000014,0.5866763,2.0333052,-0.024660545779954336,0.09661360578107983,0.9950164633491008,-1.3911751583431105,5.598849383956185,2.3462658653893222,2.3463530636874963,2.2905527701235924
05/10/2023 16:36:04.103159,4755,True,True,True,True,Eyes,1.364188,-0.3548128,-2.93636,-0.09954578,0.2374869,0.9662766,0.0,0.0,0.0,0.0,0.0,0.0,0.0,-1.139551,-0.08026007,3.062248,1.372517,-0.3556606,-2.94484,-0.07088751,-0.03881282,-0.003449204,0.9967231,351.8608,355.5457,359.9205,0.4185856,-0.1089864,-0.9016139,0,0,0,1.173273,0.2334867,-0.9116059,-0.04113957,0.2939731,2.105403,0.9969633,-0.001373115,0.07786027,0.01237849,0.9899261,-0.1410426,-0.07688224,0.1415782,0.986937,moving,-1.401120591490975,5.601270259931128,-1.1194169517006818,7.948702083334593,-0.19924399999999998,0.5891473,2.0332341,-0.02433504666024113,0.09757605235561308,0.9949304383753252,-1.3702996972298798,5.652149385328619,2.364203715508832,2.3642743297253848,2.3102156710408632
05/10/2023 16:36:04.123387,4756,True,True,True,True,Eyes,1.364341,-0.3547966,-2.936356,-0.09913124,0.2382722,0.966126,0.0,0.0,0.0,0.0,0.0,0.0,0.0,-1.139526,-0.08011314,3.062276,1.372531,-0.35569,-2.944846,-0.07087722,-0.03881811,-0.003426379,0.9967236,351.8621,355.5449,359.9232,0.4186097,-0.1089811,-0.9016033,0,0,0,1.174324,0.2361544,-0.9117653,-0.0400793,0.2967267,2.105547,0.9969628,-0.001327666,0.07786755,0.01233294,0.9899293,-0.141024,-0.07689615,0.141556,0.9869391,moving,-1.3771383746603874,5.648844515892911,-1.0904992592186884,8.02164998301745,-0.19820700000000002,0.5918444,2.0330807,-0.023916643457171947,0.09840314205176541,0.9948592401505151,-1.3446610960694196,5.697877352219991,2.3899958994908546,2.390056017610739,2.337630740505156
05/10/2023 16:36:04.143362,4757,True,True,True,True,Eyes,1.364497,-0.3547821,-2.936352,-0.0986768,0.2390613,0.9659775,0.0,0.0,0.0,0.0,0.0,0.0,0.0,-1.139252,-0.0797886,3.062426,1.372522,-0.3556881,-2.94489,-0.07080721,-0.03886284,-0.003459663,0.9967266,351.87,355.54,359.9194,0.4186354,-0.1089756,-0.9015921,0,0,0,1.175134,0.2383607,-0.9118922,-0.03911996,0.2992174,2.105677,0.9969555,-0.001393137,0.0779612,0.01240022,0.9899487,-0.140882,-0.07698132,0.1414198,0.9869521,moving,-1.347548499969369,5.7030786335779124,-1.0643373978222455,8.087603011421974,-0.19738800000000012,0.5940488,2.0329978,-0.023400649567617955,0.09934600192387867,0.9947777279491806,-1.3132643757379643,5.749989692447048,2.4012295674977566,2.4012840391990276,2.350829783158113
05/10/2023 16:36:04.153565,4758,True,True,True,True,Eyes,1.364647,-0.3547654,-2.936349,-0.0982435,0.2398154,0.9658348,0.0,0.0,0.0,0.0,0.0,0.0,0.0,-1.139212,-0.07873437,3.062498,1.372551,-0.3557311,-2.944903,-0.07064437,-0.03887426,-0.003447405,0.9967378,351.8887,355.5387,359.9201,0.4186625,-0.10897,-0.9015802,0,0,0,1.176143,0.2403086,-0.9118726,-0.03809233,0.3018854,2.105817,0.9969538,-0.001379823,0.07798197,0.01236481,0.9899949,-0.1405598,-0.07700782,0.1410959,0.9869964,moving,-1.322167270641751,5.766247652499116,-1.0363159453317325,8.158215082793168,-0.19640800000000014,0.5960397000000001,2.0330304,-0.022957433149070956,0.10044372985440592,0.9946778803495085,-1.2854500130663127,5.810756111399301,2.4089424994671926,2.408987166376987,2.360642159685269
05/10/2023 16:36:04.173361,4759,True,True,True,True,Eyes,1.364814,-0.3547453,-2.936345,-0.09778842,0.2406119,0.9656829,0.0,0.0,0.0,0.0,0.0,0.0,0.0,-1.139141,-0.07817248,3.062537,1.372557,-0.3556617,-2.944907,-0.07061312,-0.03887896,-0.003270987,0.9967405,351.8931,355.5367,359.9404,0.4186907,-0.1089642,-0.9015677,0,0,0,1.177024,0.2428906,-0.912002,-0.03705631,0.3045752,2.105958,0.9969555,-0.001029922,0.07796641,0.01201138,0.9900062,-0.1405115,-0.07704251,0.1410202,0.9870044,moving,-1.2929231052964139,5.8179875312179785,-1.0080690520735553,8.229369926278391,-0.19553299999999996,0.5985523,2.0329050000000004,-0.022447682317801976,0.1013430900485416,0.994598313148624,-1.2545188241224496,5.860464112256921,2.4281099492407234,2.4281488601082066,2.3816910475222586
05/10/2023 16:36:04.183164,4760,True,True,True,True,Eyes,1.364974,-0.3547288,-2.936342,-0.09734048,0.2413755,0.9655375,0.0,0.0,0.0,0.0,0.0,0.0,0.0,-1.138979,-0.07949555,3.062593,1.372601,-0.3556024,-2.944924,-0.07073425,-0.03892091,-0.003478987,0.9967295,351.8783,355.5335,359.9173,0.4187205,-0.1089582,-0.9015546,0,0,0,1.17815,0.2461923,-0.9123373,-0.03601392,0.3072827,2.1061,0.9969461,-0.001429136,0.0780794,0.0124413,0.9899691,-0.140735,-0.07709506,0.1412767,0.9869636,moving,-1.2671763243524174,5.847610584048711,-0.9796517427048462,8.300957297228953,-0.19445099999999993,0.6017947,2.0325867,-0.021999575876384937,0.1018583102174678,0.9945556134545881,-1.2281318754861141,5.888855710002499,2.470103607211586,2.4701377451721003,2.424866273320526
05/10/2023 16:36:04.203018,4761,True,True,True,True,Eyes,1.365132,-0.354714,-2.936342,-0.09688618,0.2421357,0.9653929,0.0,0.0,0.0,0.0,0.0,0.0,0.0,-1.139623,-0.07991004,3.062382,1.372619,-0.3556741,-2.944948,-0.07071045,-0.03883,-0.003733849,0.9967338,351.8799,355.5461,359.887,0.4187514,-0.1089521,-0.901541,0,0,0,1.179824,0.2487406,-0.9124491,-0.03498647,0.3099503,2.10624,0.9969566,-0.001951933,0.07793439,0.01293468,0.9899722,-0.140669,-0.0768783,0.141249,0.9869846,moving,-1.2573166002676386,5.893402104937371,-0.9516449850757484,8.371454382732493,-0.19279500000000005,0.6044147,2.0324989,-0.021826635380841154,0.10265353432774325,0.9944777173661896,-1.2161994349280656,5.932970190319348,2.4968108821333783,2.4968336403972957,2.4527931452907823
05/10/2023 16:36:04.228371,4762,True,True,True,True,Eyes,1.365282,-0.3546974,-2.936338,-0.09645949,0.2428661,0.9652521,0.0,0.0,0.0,0.0,0.0,0.0,0.0,-1.139423,-0.07901666,3.062524,1.372583,-0.355711,-2.945007,-0.07059915,-0.03885313,-0.00365618,0.9967412,351.893,355.5428,359.8957,0.4187831,-0.108946,-0.901527,0,0,0,1.180662,0.2508896,-0.9125409,-0.03395954,0.3126177,2.10638,0.9969541,-0.001802535,0.07796927,0.01277453,0.9900048,-0.1404541,-0.07693677,0.1410223,0.9870124,moving,-1.2296051572085054,5.949764148665629,-0.9236556365263979,8.441911259476694,-0.191921,0.6066005999999999,2.0324660999999997,-0.021343467706192477,0.10363283218654798,0.9943865871852601,-1.1865002951651282,5.9871502056048955,2.510838538399241,2.510856891805972,2.46879305454724
05/10/2023 16:36:04.244307,4763,True,True,True,True,Eyes,1.365448,-0.3546806,-2.936332,-0.09603246,0.2435981,0.9651102,0.0,0.0,0.0,0.0,0.0,0.0,0.0,-1.138771,-0.07888979,3.062674,1.372563,-0.3556513,-2.944924,-0.07061635,-0.0389521,-0.003539221,0.9967365,351.8915,355.5305,359.9101,0.4188156,-0.1089397,-0.9015126,0,0,0,1.181179,0.253669,-0.912677,-0.03292581,0.3153021,2.106521,0.9969404,-0.001554032,0.07814981,0.01255665,0.9900016,-0.1404961,-0.0771501,0.1410475,0.9869921,moving,-1.1922765822226336,5.991726220436957,-0.8954842327451259,8.512781341652847,-0.191384,0.6093203,2.032247,-0.020694026025495728,0.10436249334535827,0.9943239879993331,-1.1482959181466423,6.027361391290382,2.538447257696588,2.5384650131363333,2.4982445993007394
05/10/2023 16:36:04.253179,4764,True,True,True,True,Eyes,1.365607,-0.3546659,-2.936325,-0.09561751,0.2442991,0.9649742,0.0,0.0,0.0,0.0,0.0,0.0,0.0,-1.138752,-0.07864392,3.062665,1.372604,-0.3556661,-2.944879,-0.07063106,-0.03895688,-0.003413673,0.9967357,351.8904,355.5289,359.9247,0.4188491,-0.1089333,-0.9014978,0,0,0,1.18216,0.2564195,-0.9128159,-0.03186986,0.318044,2.106664,0.9969414,-0.001301929,0.07814166,0.01230819,0.9899992,-0.140535,-0.07717721,0.141067,0.9869872,moving,-1.1661119023343522,6.032230858696915,-0.866711155998227,8.585136690056547,-0.19044399999999984,0.6120856,2.0320631,-0.02023844777245467,0.10506637391796728,0.9942592355359549,-1.1209288795382952,6.066250620957433,2.5703880652621094,2.570402495854812,2.531681986360744
05/10/2023 16:36:04.277579,4765,True,True,True,True,Eyes,1.365765,-0.3546509,-2.936319,-0.09516826,0.2450535,0.9648274,0.0,0.0,0.0,0.0,0.0,0.0,0.0,-1.139249,-0.07821235,3.062475,1.372603,-0.3557036,-2.944859,-0.07061763,-0.03887047,-0.003295521,0.9967405,351.8925,355.5379,359.9375,0.4188834,-0.108927,-0.9014826,0,0,0,1.183471,0.2590097,-0.9129076,-0.03082357,0.3207611,2.106806,0.9969565,-0.001079676,0.07795297,0.01205944,0.9900045,-0.1405187,-0.07702209,0.1410311,0.9870045,moving,-1.14855376798337,6.079089827023135,-0.8382045987351162,8.656799520811749,-0.18913200000000008,0.6147133,2.0319514,-0.01993203033426192,0.10588014741351598,0.9941791769670516,-1.1015199039181165,6.1113369413582666,2.5963146682381906,2.5963250706151704,2.5590456606597685
05/10/2023 16:36:04.293572,4766,True,True,True,True,Eyes,1.365916,-0.3546347,-2.936313,-0.09472788,0.2457769,0.9646867,0.0,0.0,0.0,0.0,0.0,0.0,0.0,-1.139448,-0.07853234,3.062434,1.372646,-0.3556939,-2.944882,-0.07066294,-0.03884524,-0.003310065,0.9967382,351.8872,355.5409,359.9358,0.4189184,-0.1089206,-0.9014671,0,0,0,1.184663,0.2618229,-0.9131308,-0.02981323,0.323384,2.106944,0.9969602,-0.001108697,0.07790487,0.01208837,0.9899916,-0.1406077,-0.07696927,0.141122,0.9869956,moving,-1.1271137237746554,6.116472727809946,-0.8106804270631144,8.725939050314704,-0.187983,0.6175168,2.0317512000000004,-0.019558642890849617,0.10652956516162265,0.9941171944064433,-1.0788721966794244,6.14724942672985,2.6285733740635893,2.628582226135267,2.5925985034467103
05/10/2023 16:36:04.303365,4767,True,True,True,True,Eyes,1.366047,-0.3546199,-2.936308,-0.09417326,0.2468146,0.964476,0.0,0.0,0.0,0.0,0.0,0.0,0.0,-1.140048,-0.07878691,3.062195,1.372657,-0.3556488,-2.944873,-0.07064781,-0.03875478,-0.003436218,0.9967423,351.8884,355.5524,359.9205,0.4189538,-0.1089141,-0.9014515,0,0,0,1.18622,0.26451,-0.913224,-0.02877952,0.3260687,2.107085,0.9969726,-0.001374166,0.07774258,0.01232593,0.9899942,-0.140569,-0.07677154,0.1411017,0.9870139,moving,-1.1092514347520603,6.178642830533107,-0.7825230141000082,8.79667277017786,-0.18643699999999996,0.6201588,2.031649,-0.01924646941313171,0.1076088396332139,0.9940069996212855,-1.0583577559964672,6.207108780619787,2.6383305583903995,2.6383389141158675,2.6042132134011244
05/10/2023 16:36:04.323505,4768,True,True,True,True,Eyes,1.36617,-0.3546041,-2.936302,-0.09363977,0.2478109,0.9642725,0.0,0.0,0.0,0.0,0.0,0.0,0.0,-1.140609,-0.07951352,3.061958,1.372653,-0.3556651,-2.944864,-0.07073136,-0.03866669,-0.003536807,0.9967395,351.8784,355.5634,359.9085,0.418989,-0.1089077,-0.9014359,0,0,0,1.187717,0.2674899,-0.9134395,-0.02776214,0.3287105,2.107223,0.9969848,-0.001580655,0.07758155,0.01252045,0.9899691,-0.140728,-0.0765809,0.141275,0.9870039,moving,-1.09165080335677,6.2272460946453965,-0.7548140039105219,8.866243691648545,-0.184936,0.623155,2.0314245,-0.018939374547241185,0.10845264549488391,0.9939212376831644,-1.038815279237447,6.2538780351711445,2.6603970601036497,2.660407364756305,2.627757798490934
05/10/2023 16:36:04.343484,4769,True,True,True,True,Eyes,1.366304,-0.354588,-2.936296,-0.09308684,0.2489651,0.9640287,0.0,0.0,0.0,0.0,0.0,0.0,0.0,-1.140516,-0.07983074,3.06193,1.372597,-0.3556286,-2.944838,-0.07073175,-0.03867814,-0.003648805,0.9967386,351.8778,355.563,359.8957,0.419024,-0.1089013,-0.9014204,0,0,0,1.188767,0.270207,-0.9135731,-0.02673629,0.3313745,2.107363,0.9969814,-0.001802264,0.07762016,0.01274535,0.9899674,-0.1407199,-0.0765878,0.1412844,0.987002,moving,-1.0622223739002818,6.294652429085976,-0.7268773312553186,8.936359836445225,-0.18383000000000016,0.6258356,2.0312649,-0.01842649162220253,0.10962293266872655,0.9938024915759118,-1.006875327333213,6.318702863889975,2.6628951250970654,2.6629071188690157,2.632589391411953
05/10/2023 16:36:04.362023,4770,True,True,True,True,Eyes,1.366434,-0.3545712,-2.936291,-0.0925589,0.2500739,0.9637925,0.0,0.0,0.0,0.0,0.0,0.0,0.0,-1.140419,-0.07960153,3.061978,1.37258,-0.3556537,-2.944849,-0.07068736,-0.03869234,-0.003672904,0.9967411,351.8828,355.5615,359.8928,0.4190589,-0.1088949,-0.9014049,0,0,0,1.18976,0.272666,-0.9136907,-0.02570812,0.3340437,2.107502,0.9969788,-0.001851748,0.07765175,0.01279199,0.9899796,-0.1406298,-0.07661324,0.1411982,0.9870124,moving,-1.0321349424181356,6.3651187364816515,-0.6988812927804672,9.006581805595005,-0.18281999999999998,0.6283197,2.0311583,-0.017902174778249,0.11084615095077659,0.9936763715839665,-0.9741378710921581,6.38647559796426,2.662387716644678,2.6624021372599898,2.6345251418745317
05/10/2023 16:36:04.373250,4771,True,True,True,True,Eyes,1.36656,-0.354554,-2.936287,-0.09199816,0.251305,0.9635259,0.0,0.0,0.0,0.0,0.0,0.0,0.0,-1.140137,-0.07985857,3.062089,1.372598,-0.3556193,-2.944858,-0.07069821,-0.03874384,-0.003731738,0.9967381,351.8813,355.5561,359.8865,0.4190936,-0.1088885,-0.9013895,0,0,0,1.190684,0.275451,-0.9138908,-0.02466722,0.3367468,2.107644,0.99697,-0.001960891,0.07776257,0.01291737,0.9899757,-0.140646,-0.07670727,0.1412244,0.9870014,moving,-0.9967414692858587,6.4362774310086435,-0.6705416440151925,9.077653166444788,-0.1819139999999999,0.6310703,2.0309672,-0.017285934424415603,0.11208137698903989,0.9935486831768797,-0.9362495974514268,6.45487633949432,2.661425746305754,2.661441733676965,2.6362016236448302
05/10/2023 16:36:04.393432,4772,True,True,True,True,Eyes,1.366679,-0.3545371,-2.936283,-0.09145797,0.2524852,0.9632688,0.0,0.0,0.0,0.0,0.0,0.0,0.0,-1.140037,-0.08007264,3.062134,1.372579,-0.355621,-2.94488,-0.07074016,-0.03875571,-0.003714776,0.9967347,351.8766,355.5545,359.8888,0.4191282,-0.108882,-0.9013743,0,0,0,1.191638,0.2782473,-0.9141273,-0.02365096,0.3393861,2.107782,0.9969684,-0.001922122,0.07778389,0.01288846,0.9899641,-0.1407304,-0.07673275,0.1413063,0.9869876,moving,-0.9653382750903318,6.501381701540347,-0.6428764084781274,9.14701342626594,-0.18094100000000002,0.6338683,2.0307527,-0.01673922125669086,0.11321131629072625,0.9934299743235262,-0.902528455614467,6.517464720145747,2.6651920623794294,2.665210850625807,2.6423371441662153
05/10/2023 16:36:04.403040,4773,True,True,True,True,Eyes,1.366799,-0.3545189,-2.936277,-0.09086719,0.2537436,0.962994,0.0,0.0,0.0,0.0,0.0,0.0,0.0,-1.140227,-0.07980818,3.062041,1.372549,-0.3556091,-2.944866,-0.07072852,-0.03871656,-0.003636199,0.9967374,351.8782,355.5584,359.8975,0.4191624,-0.1088755,-0.9013592,0,0,0,1.192768,0.2809255,-0.914247,-0.02259608,0.3421249,2.107925,0.9969756,-0.001771941,0.07769485,0.0127254,0.9899685,-0.140714,-0.07666611,0.1412771,0.986997,moving,-0.9356695528928063,6.577684442188969,-0.6141634220308853,9.218951221157347,-0.17978099999999997,0.6365346000000001,2.030619,-0.01622232624525638,0.11453517527035002,0.9932867836392663,-0.8698849159393189,6.590872815055525,2.6607383918389216,2.660762370048065,2.640490407304191
05/10/2023 16:36:04.423360,4774,True,True,True,True,Eyes,1.366913,-0.3545017,-2.936272,-0.0902971,0.254952,0.9627284,0.0,0.0,0.0,0.0,0.0,0.0,0.0,-1.140793,-0.07899359,3.06177,1.372475,-0.3555938,-2.944817,-0.07065564,-0.03860652,-0.003491254,0.9967473,351.8873,355.57,359.9129,0.4191963,-0.1088689,-0.9013442,0,0,0,1.194026,0.2832105,-0.9142224,-0.0215928,0.3447298,2.108062,0.9969947,-0.001504258,0.07745524,0.01241533,0.9899912,-0.1405821,-0.07646853,0.1411212,0.9870347,moving,-0.9138165799999634,6.6585015495318896,-0.586857997119274,9.287331444234459,-0.17844899999999986,0.6388043,2.0305946,-0.015840885584177872,0.11593682291703888,0.9931302936547564,-0.8445348689062604,6.668696441329182,2.649050509013652,2.649084470189894,2.631282320218537
05/10/2023 16:36:04.443195,4775,True,True,True,True,Eyes,1.367026,-0.3544856,-2.936267,-0.08971065,0.2562008,0.9624516,0.0,0.0,0.0,0.0,0.0,0.0,0.0,-1.141238,-0.07853842,3.061628,1.372466,-0.3555979,-2.944833,-0.07067515,-0.03852222,-0.003269196,0.9967499,351.886,355.5779,359.938,0.4192298,-0.1088623,-0.9013295,0,0,0,1.195205,0.2859284,-0.9143972,-0.02055506,0.3474247,2.108203,0.9970107,-0.001072013,0.07725615,0.01196227,0.9899887,-0.140639,-0.07633194,0.1411428,0.9870421,moving,-0.8863119640406776,6.7315913603852655,-0.5586183439300789,9.358039991460593,-0.1772609999999999,0.6415263,2.0304358000000002,-0.015361832941281572,0.11720449138862613,0.9929889497238327,-0.8141476021840355,6.739020415581855,2.646769747213806,2.6468123319076953,2.631455631520293
05/10/2023 16:36:04.462042,4776,True,True,True,True,Eyes,1.367134,-0.3544701,-2.936262,-0.08914266,0.2574008,0.9621841,0.0,0.0,0.0,0.0,0.0,0.0,0.0,-1.141906,-0.07812139,3.061391,1.372455,-0.3556362,-2.944835,-0.07068235,-0.03840411,-0.003108341,0.9967545,351.8859,355.5902,359.9556,0.4192628,-0.1088558,-0.9013149,0,0,0,1.196573,0.2885566,-0.9145288,-0.01952444,0.3501013,2.108344,0.997031,-0.0007675189,0.07699835,0.01162549,0.9899887,-0.1406672,-0.07611954,0.1411447,0.9870583,moving,-0.8649252644441296,6.802839582850864,-0.5305756711374734,9.428226367940658,-0.17588199999999987,0.6441928,2.0303062,-0.014988967177524619,0.11843986227682728,0.9928480033983664,-0.7897546256703498,6.807613539751644,2.6465345230326522,2.646591283494384,2.633398056834852
05/10/2023 16:36:04.473457,4777,True,True,True,True,Eyes,1.367248,-0.3544522,-2.936258,-0.08855722,0.258629,0.9619089,0.0,0.0,0.0,0.0,0.0,0.0,0.0,-1.142362,-0.07805967,3.06121,1.372449,-0.3556339,-2.944826,-0.07070639,-0.0383252,-0.003030636,0.9967561,351.8835,355.5987,359.964,0.4192954,-0.1088493,-0.9013005,0,0,0,1.197859,0.2912932,-0.9146817,-0.0185004,0.3527602,2.108483,0.997044,-0.0006219367,0.07683033,0.01146128,0.9899828,-0.1407218,-0.07597319,0.1411864,0.9870636,moving,-0.839863090151136,6.873315900616667,-0.5027157621518554,9.497915784802489,-0.17459000000000002,0.6469271,2.0301443,-0.014552530913352603,0.119661805103025,0.9927080885123478,-0.7618600955218812,6.875433959437683,2.6460958465806796,2.646165692628729,2.6352545816081068
05/10/2023 16:36:04.493450,4778,True,True,True,True,Eyes,1.367356,-0.3544337,-2.936255,-0.08799433,0.2598117,0.9616418,0.0,0.0,0.0,0.0,0.0,0.0,0.0,-1.142589,-0.07783073,3.061131,1.372433,-0.3556017,-2.944838,-0.07066752,-0.03828506,-0.003022345,0.9967604,351.888,355.6033,359.9644,0.4193277,-0.1088427,-0.9012862,0,0,0,1.199065,0.2938829,-0.914791,-0.01745084,0.3554856,2.108625,0.9970502,-0.0006140873,0.07674922,0.01143613,0.989994,-0.1406457,-0.07589489,0.1411086,0.9870808,moving,-0.8132413192044975,6.947906848257104,-0.4741652284054758,9.569311325129426,-0.17336799999999997,0.6494846000000001,2.0300469999999997,-0.0140890557486942,0.12095487093160293,0.9925580541118532,-0.7322440938917145,6.947213219930127,2.6431588051691786,2.643243088843287,2.6347681442776745
05/10/2023 16:36:04.513181,4779,True,True,True,True,Eyes,1.367471,-0.3544153,-2.936252,-0.08742252,0.2610352,0.9613625,0.0,0.0,0.0,0.0,0.0,0.0,0.0,-1.142568,-0.07829124,3.061142,1.372411,-0.3555675,-2.944867,-0.0707192,-0.03828638,-0.003066168,0.9967566,351.8819,355.6035,359.9597,0.4193595,-0.1088361,-0.9012722,0,0,0,1.200105,0.296734,-0.9150419,-0.01644748,0.3580909,2.108762,0.9970495,-0.0006972819,0.07675806,0.01152761,0.9899788,-0.1407449,-0.07589072,0.1412144,0.9870659,moving,-0.7824818020214969,7.014235295853628,-0.4468745543794816,9.637518032262559,-0.17230600000000007,0.6523015,2.0298251,-0.013554270532413933,0.12210471818322356,0.9924246311917947,-0.6990783953542007,7.010987809299091,2.644570153164943,2.6446634076590874,2.6386109583534525
05/10/2023 16:36:04.523302,4780,True,True,True,True,Eyes,1.36758,-0.3543967,-2.936249,-0.0868774,0.262215,0.9610909,0.0,0.0,0.0,0.0,0.0,0.0,0.0,-1.142275,-0.07834682,3.061228,1.372341,-0.3555993,-2.944873,-0.07075449,-0.03832002,-0.00301374,0.9967529,351.8781,355.5991,359.9661,0.4193911,-0.1088295,-0.9012583,0,0,0,1.200903,0.2995343,-0.9152683,-0.01540548,0.3607967,2.108904,0.997045,-0.0005852806,0.07681765,0.01143054,0.9899694,-0.1408185,-0.07596471,0.1412805,0.9870508,moving,-0.7474368114414615,7.080441030917481,-0.41853649354200484,9.708318555972681,-0.17143799999999998,0.6551336,2.0296046999999997,-0.012945401572223049,0.12325239653389661,0.9922909705551869,-0.661788770447743,7.0746115526639874,2.648280508597309,2.6483798265740908,2.6449166810122935
05/10/2023 16:36:04.543190,4781,True,True,True,True,Eyes,1.367681,-0.3543768,-2.936247,-0.0863001,0.2634217,0.9608127,0.0,0.0,0.0,0.0,0.0,0.0,0.0,-1.141909,-0.07888684,3.061352,1.372328,-0.3555763,-2.944884,-0.07082596,-0.03837863,-0.003043335,0.9967455,351.8697,355.5925,359.9635,0.4194224,-0.1088228,-0.9012445,0,0,0,1.201778,0.3026479,-0.9155592,-0.0143266,0.3635983,2.109051,0.9970357,-0.0006304536,0.07693856,0.01150327,0.9899489,-0.1409573,-0.07607637,0.1414245,0.9870215,moving,-0.7095079097104248,7.143631246018518,-0.38919926042001685,9.781584354983838,-0.17054999999999998,0.6582242,2.0293248,-0.012286823419365031,0.12434770729470204,0.9921624995095324,-0.6218795511730071,7.135303479254955,2.6572252156044875,2.6573284019687984,2.6564906532779897
05/10/2023 16:36:04.561910,4782,True,True,True,True,Eyes,1.367779,-0.354359,-2.936241,-0.08574243,0.2645777,0.9605451,0.0,0.0,0.0,0.0,0.0,0.0,0.0,-1.141608,-0.07924348,3.061425,1.372318,-0.3555425,-2.944861,-0.07086335,-0.03842786,-0.003080193,0.9967408,351.8653,355.5871,359.9598,0.4194531,-0.1088161,-0.9012311,0,0,0,1.202601,0.3053827,-0.9157539,-0.01334479,0.3661474,2.109185,0.9970276,-0.0006940543,0.07704177,0.01158656,0.9899378,-0.1410281,-0.07616868,0.1415015,0.9870034,moving,-0.6739305293835663,7.207710468662315,-0.3625049216725768,9.848208866738622,-0.1697169999999999,0.6609252,2.0291071,-0.011669102575227422,0.1254582025808076,0.9920302839247838,-0.584189616485133,7.1968710970608525,2.6586936809830353,2.6588000487779637,2.6605894220706103
05/10/2023 16:36:04.573302,4783,True,True,True,True,Eyes,1.367886,-0.3543414,-2.936236,-0.08517024,0.2657709,0.9602665,0.0,0.0,0.0,0.0,0.0,0.0,0.0,-1.141939,-0.07897529,3.061252,1.372353,-0.3555765,-2.944781,-0.07083713,-0.03837975,-0.003057306,0.9967448,351.8684,355.5925,359.9619,0.4194834,-0.1088093,-0.9012178,0,0,0,1.203851,0.3078868,-0.9157816,-0.01232165,0.3688043,2.109324,0.9970353,-0.0006572839,0.07694276,0.01153213,0.9899455,-0.1409784,-0.07607648,0.1414478,0.9870182,moving,-0.6473412021514354,7.281694685207555,-0.33469040872508066,9.917616341452177,-0.16850199999999993,0.6634633000000001,2.0289994,-0.011206887408656954,0.12673973725137094,0.9918726414045206,-0.5546370742355338,7.268065103966019,2.6542757174209832,2.6543988955109072,2.658664758056871
05/10/2023 16:36:04.593373,4784,True,True,True,True,Eyes,1.367989,-0.3543241,-2.936232,-0.0846149,0.2669113,0.9599993,0.0,0.0,0.0,0.0,0.0,0.0,0.0,-1.142291,-0.07825246,3.061153,1.372372,-0.3556068,-2.944784,-0.07073257,-0.0383248,-0.003036431,0.9967542,351.8805,355.5988,359.9634,0.4195134,-0.1088026,-0.9012046,0,0,0,1.205075,0.3099857,-0.9157797,-0.01133324,0.371371,2.109458,0.997044,-0.0006315276,0.07683036,0.01147478,0.9899753,-0.1407732,-0.07597126,0.1412387,0.9870562,moving,-0.6225768513326355,7.361540824662336,-0.3078234184290777,9.984632193050542,-0.16729700000000003,0.6655925,2.0290043,-0.010776249859670503,0.12812247777248503,0.9916997945439894,-0.5265324884735461,7.344929710437909,2.641764851356424,2.6419080321686605,2.6487474122745294
05/10/2023 16:36:04.603594,4785,True,True,True,True,Eyes,1.368086,-0.3543063,-2.936228,-0.08402464,0.2680758,0.9597266,0.0,0.0,0.0,0.0,0.0,0.0,0.0,-1.14281,-0.07776308,3.060995,1.372362,-0.355596,-2.944813,-0.07067436,-0.03823582,-0.002981526,0.9967619,351.8874,355.6086,359.9688,0.4195431,-0.1087959,-0.9011917,0,0,0,1.206509,0.3126402,-0.9158756,-0.01021683,0.3742701,2.10961,0.9970583,-0.0005391579,0.07664546,0.01134833,0.9899925,-0.140663,-0.07580259,0.141119,0.9870863,moving,-0.5988231578972532,7.437719227449278,-0.27748098579355734,10.060280481485169,-0.16585300000000003,0.6682362,2.0289374,-0.010363319421489457,0.12944145370332488,0.991532870405247,-0.49959658465561835,7.418262576922985,2.642003261764767,2.642174922813141,2.651338142765838
05/10/2023 16:36:04.628359,4786,True,True,True,True,Eyes,1.368178,-0.3542902,-2.936224,-0.08345561,0.2691922,0.9594638,0.0,0.0,0.0,0.0,0.0,0.0,0.0,-1.143338,-0.07747853,3.060765,1.372326,-0.3555887,-2.94479,-0.07062072,-0.03814517,-0.003001723,0.9967692,351.8935,355.6193,359.9655,0.4195723,-0.1087892,-0.9011788,0,0,0,1.207839,0.3149082,-0.9158959,-0.00926064,0.3767529,2.10974,0.9970719,-0.0005963715,0.07646783,0.01137173,0.9900074,-0.1405561,-0.07561989,0.1410141,0.9871153,moving,-0.578137231367943,7.5101193683087235,-0.25149647818640264,10.125029962661257,-0.16448699999999983,0.6704969000000001,2.0288940999999996,-0.010003679945848047,0.13069475957288887,0.9913722152145873,-0.47581791551471175,7.487972611805973,2.6350336723945866,2.6352327407832736,2.6465811113481723
05/10/2023 16:36:04.643112,4787,True,True,True,True,Eyes,1.368283,-0.3542719,-2.936221,-0.08286136,0.2703469,0.9591905,0.0,0.0,0.0,0.0,0.0,0.0,0.0,-1.143568,-0.07722899,3.060686,1.372307,-0.355611,-2.944796,-0.07060976,-0.0381018,-0.002940136,0.9967718,351.895,355.6238,359.9722,0.419601,-0.1087825,-0.9011663,0,0,0,1.208988,0.3175153,-0.9160348,-0.008223757,0.3794453,2.109881,0.9970792,-0.0004805692,0.0763728,0.01124201,0.9900113,-0.1405396,-0.0755424,0.1409877,0.987125,moving,-0.5487238330155054,7.580363896213305,-0.22332263370353211,10.195206986599468,-0.163319,0.6731263000000001,2.0287612,-0.009493203824878858,0.1319107252380336,0.9912160744556278,-0.44374187398018444,7.555536427694862,2.6347948854160355,2.635012396148058,2.648857357622696
05/10/2023 16:36:04.658195,4788,True,True,True,True,Eyes,1.368383,-0.3542536,-2.936218,-0.08229198,0.2714637,0.9589241,0.0,0.0,0.0,0.0,0.0,0.0,0.0,-1.143403,-0.07768002,3.060765,1.372326,-0.3555783,-2.944821,-0.070705,-0.03812804,-0.002874498,0.9967642,351.8843,355.6202,359.9804,0.4196296,-0.1087758,-0.9011538,0,0,0,1.20984,0.3204914,-0.9163517,-0.007232636,0.3820187,2.110016,0.997076,-0.0003387076,0.07641582,0.01112208,0.989985,-0.1407332,-0.07560286,0.1411716,0.9870942,moving,-0.5125559717071552,7.636193431715393,-0.19639561717133303,10.262243545822963,-0.1624859999999999,0.6760697,2.0284693000000003,-0.008866343969218975,0.1328772821073475,0.9910928088706951,-0.405920497548681,7.609138580653341,2.6447940325061152,2.645013529565511,2.661365557698687
05/10/2023 16:36:04.673185,4789,True,True,True,True,Eyes,1.368481,-0.354239,-2.936214,-0.08170249,0.2725948,0.9586536,0.0,0.0,0.0,0.0,0.0,0.0,0.0,-1.143143,-0.07863396,3.060816,1.372305,-0.3555647,-2.944811,-0.0708136,-0.03817157,-0.00298532,0.9967545,351.8714,355.616,359.9684,0.4196578,-0.1087692,-0.9011414,0,0,0,1.210853,0.3237467,-0.9166666,-0.006159082,0.3848069,2.110162,0.997068,-0.0005451291,0.07651818,0.01135739,0.989953,-0.1409396,-0.07567258,0.1413955,0.9870567,moving,-0.47739761898157956,7.690415325652698,-0.16723284855129933,10.334835166471366,-0.16145200000000015,0.6793114,2.0281444,-0.008257126876707585,0.13381584219203807,0.9909717891475911,-0.36915739994611474,7.661196988856322,2.6623198629797296,2.662547366589278,2.681252436690118
05/10/2023 16:36:04.693439,4790,True,True,True,True,Eyes,1.368577,-0.354223,-2.936211,-0.08114767,0.2736787,0.9583918,0.0,0.0,0.0,0.0,0.0,0.0,0.0,-1.143014,-0.07824886,3.060846,1.372294,-0.3556678,-2.944773,-0.07078806,-0.03818925,-0.002935144,0.9967558,351.8745,355.6136,359.9743,0.4196858,-0.1087626,-0.9011291,0,0,0,1.211773,0.3262311,-0.9167641,-0.005116537,0.3875145,2.110303,0.997066,-0.0004445596,0.07654625,0.01125793,0.9899609,-0.1408926,-0.07571515,0.141341,0.9870613,moving,-0.44351924067353715,7.758116789960793,-0.13891626055149436,10.405290408848668,-0.1605209999999999,0.6818989,2.0280089,-0.007669944068055941,0.13498731663512126,0.990817548185841,-0.33291282836139263,7.726272947384626,2.664402281550885,2.6646409033930176,2.6860322461115875
05/10/2023 16:36:04.703032,4791,True,True,True,True,Eyes,1.368695,-0.3542008,-2.936204,-0.08055838,0.274817,0.9581159,0.0,0.0,0.0,0.0,0.0,0.0,0.0,-1.14201,-0.07765844,3.061285,1.372357,-0.3556001,-2.944804,-0.07076357,-0.03835341,-0.002719954,0.9967518,351.8783,355.5929,0.0003362373,0.4197135,-0.108756,-0.901117,0,0,0,1.211888,0.3286252,-0.9169678,-0.004165784,0.389983,2.110434,0.9970433,5.809192e-06,0.07684261,0.01085029,0.9899703,-0.1408588,-0.07607272,0.141276,0.9870431,moving,-0.38717705954878473,7.8297836731161246,-0.11309594688750033,10.469476160414295,-0.16046899999999997,0.6842253,2.0278362,-0.006694467509341884,0.1362275228248211,0.9906550156536904,-0.2748067521310141,7.795005577464293,2.6536786415467066,2.653883359120376,2.6793550126098316
05/10/2023 16:36:04.727614,4792,True,True,True,True,Eyes,1.36881,-0.3541796,-2.936194,-0.07998993,0.2759268,0.9578444,0.0,0.0,0.0,0.0,0.0,0.0,0.0,-1.142392,-0.08070678,3.060995,1.372394,-0.3554902,-2.944729,-0.07116891,-0.03830542,-0.002921617,0.9967242,351.8309,355.5998,359.9785,0.4197415,-0.1087493,-0.9011048,0,0,0,1.213422,0.3331181,-0.9175904,-0.00312373,0.3926888,2.110575,0.9970483,-0.0003717825,0.07677574,0.0112764,0.989853,-0.1416477,-0.07594403,0.1420954,0.9869354,moving,-0.36537375985030435,7.848327722299708,-0.08479983637407855,10.539805159525915,-0.1589719999999999,0.6886083,2.0271386000000002,-0.006317201287284004,0.13654846521150277,0.9906131899421107,-0.25280840366644064,7.812735711221242,2.7058335499285042,2.7060621799272453,2.732239860363725
05/10/2023 16:36:04.743433,4793,True,True,True,True,Eyes,1.368931,-0.3541605,-2.936184,-0.0793639,0.2770599,0.9575694,0.0,0.0,0.0,0.0,0.0,0.0,0.0,-1.142461,-0.08236638,3.06088,1.372427,-0.3554986,-2.944665,-0.07139355,-0.03830477,-0.003048321,0.996708,351.8045,355.6008,359.9648,0.4197698,-0.1087425,-0.9010925,0,0,0,1.214671,0.3367534,-0.9179991,-0.002077922,0.3954049,2.110717,0.9970469,-0.0006071435,0.07679259,0.011546,0.9897873,-0.1420835,-0.07592207,0.1425506,0.9868714,moving,-0.33338331449496494,7.889415386219235,-0.056405535320770826,10.610357863577397,-0.157756,0.692252,2.0266659000000002,-0.005763531405149465,0.13725927888455133,0.9905183717091849,-0.21979542806401897,7.852143481188264,2.7347646422332454,2.7350035932788535,2.7630495537121504
05/10/2023 16:36:04.759067,4794,True,True,True,True,Eyes,1.369045,-0.3541448,-2.936172,-0.07875252,0.2781174,0.9573134,0.0,0.0,0.0,0.0,0.0,0.0,0.0,-1.143336,-0.08332697,3.060493,1.372441,-0.355556,-2.944616,-0.07142269,-0.03818002,-0.003393674,0.9967094,351.7997,355.618,359.9241,0.4197985,-0.1087357,-0.90108,0,0,0,1.216662,0.3396178,-0.9181073,-0.001015916,0.3981622,2.110862,0.9970615,-0.001311173,0.07659353,0.01221885,0.9897745,-0.1421162,-0.07562398,0.1426345,0.9868822,moving,-0.32175672943912775,7.947384266200025,-0.02757531977248405,10.681933603032844,-0.1557790000000001,0.6951738000000001,2.0265087,-0.005561750927078467,0.13826153651186263,0.9903802339791897,-0.20551399153216365,7.90799581521216,2.7500342399215203,2.7503277581710623,2.7796390092253187
05/10/2023 16:36:04.775897,4795,True,True,True,True,Eyes,1.369156,-0.35413,-2.936162,-0.07812599,0.2791637,0.95706,0.0,0.0,0.0,0.0,0.0,0.0,0.0,-1.14405,-0.081083,3.060248,1.372401,-0.3556167,-2.944587,-0.07103237,-0.03806287,-0.003472778,0.9967414,351.8441,355.6324,359.9123,0.4198273,-0.1087289,-0.9010673,0,0,0,1.218207,0.3406086,-0.9176542,-1.341105e-07,0.4008,2.111,0.9970783,-0.001515531,0.07637104,0.01233031,0.9898847,-0.1413374,-0.07538432,0.1418662,0.9870112,moving,-0.30259366109684277,8.054214216248658,-3.639964774225114e-06,10.750370096520475,-0.15419399999999994,0.6962253,2.0269328,-0.005229137869395967,0.14010812295379482,0.9901223436074338,-0.1813764555166461,8.010942342310933,2.71273913614418,2.7130826105397166,2.7454253802925965
05/10/2023 16:36:04.783103,4796,True,True,True,True,Eyes,1.369261,-0.3541152,-2.936152,-0.07753449,0.2801547,0.9568186,0.0,0.0,0.0,0.0,0.0,0.0,0.0,-1.143378,-0.07878381,3.060555,1.372326,-0.3556319,-2.944617,-0.07073908,-0.03815198,-0.003262543,0.9967597,351.8787,355.6206,359.936,0.4198561,-0.1087222,-0.9010547,0,0,0,1.217514,0.3393666,-0.9173099,-1.490116e-07,0.4008,2.111,0.9970676,-0.001106271,0.0765183,0.01190161,0.9899707,-0.1407708,-0.07559514,0.1412687,0.9870808,static,-0.2548431396414628,8.148049320775755,-4.044403495258931e-06,10.750370096520475,-0.15481199999999995,0.6949985000000001,2.0273071,-0.004402938000383563,0.14173006711735142,0.9898955947924434,-0.13037510789940054,8.101132448859234,2.6145110608446056,2.6147688969265164,2.652443539075379
05/10/2023 16:36:04.803292,4797,True,True,True,True,Eyes,1.369361,-0.3540997,-2.936143,-0.07690193,0.2811643,0.9565735,0.0,0.0,0.0,0.0,0.0,0.0,0.0,-1.142751,-0.07751197,3.060803,1.372328,-0.3556155,-2.944598,-0.07057467,-0.03825039,-0.003140376,0.9967679,351.8981,355.6083,359.9501,0.4198849,-0.1087157,-0.9010422,0,0,0,1.216966,0.3386944,-0.9170975,-2.980232e-07,0.4008,2.111,0.9970541,-0.0008614343,0.0766968,0.01165947,0.9900187,-0.1404529,-0.07581028,0.1409334,0.9871122,static,-0.20560127201965409,8.227771165955271,-8.08880699051782e-06,10.750370096520475,-0.155362,0.6943098999999999,2.0275005,-0.0035514765621009192,0.14310776665337682,0.9897008060379541,-0.0786851289736279,8.177691892056526,2.5307867413026726,2.530963042296791,2.5738809646860585
05/10/2023 16:36:04.823440,4798,True,True,True,True,Eyes,1.369458,-0.354084,-2.936136,-0.07629798,0.282135,0.9563359,0.0,0.0,0.0,0.0,0.0,0.0,0.0,-1.142596,-0.07666194,3.060899,1.372342,-0.3555908,-2.944612,-0.07047009,-0.03827367,-0.00304167,0.9967747,351.9106,355.6049,359.9613,0.4199135,-0.1087092,-0.9010296,0,0,0,1.216769,0.3382777,-0.9169766,-1.490116e-07,0.4008,2.111,0.9970518,-0.0006694217,0.07672914,0.01145802,0.9900494,-0.1402528,-0.07587177,0.1407184,0.9871382,static,-0.1669353023343342,8.298205650028875,-4.044403495258931e-06,10.750370096520475,-0.15557299999999996,0.6938685,2.0276354,-0.002883062502768867,0.14432460414132225,0.9895261442710579,-0.03768117083761324,8.245369003621354,2.4577183370069706,2.4578398071297958,2.505284423230649
05/10/2023 16:36:04.843189,4799,True,True,True,True,Eyes,1.36951,-0.3540689,-2.936132,-0.07566442,0.2833171,0.9560367,0.0,0.0,0.0,0.0,0.0,0.0,0.0,-1.142478,-0.07656235,3.06099,1.372353,-0.3555715,-2.944654,-0.07049894,-0.03828885,-0.002921673,0.9967725,351.9078,355.6021,359.9753,0.4199418,-0.1087028,-0.9010172,0,0,0,1.216587,0.3383959,-0.9170673,-2.384186e-07,0.4008,2.111,0.9970508,-0.0004258399,0.07674249,0.01122313,0.9900427,-0.1403191,-0.07591859,0.1407666,0.9871277,static,-0.12701784013428546,8.366062167149703,-6.471046678075655e-06,10.750370096520475,-0.15576599999999985,0.6939674,2.0275866999999996,-0.0021932871721672964,0.1454966698511233,0.9893562371091871,0.004392233305074766,8.310548891972314,2.387615040743562,2.3876884616586493,2.4398251697125386
05/10/2023 16:36:04.853519,4800,True,True,True,True,Eyes,1.369561,-0.3540563,-2.93613,-0.07505232,0.2844564,0.9557467,0.0,0.0,0.0,0.0,0.0,0.0,0.0,-1.142208,-0.07712105,3.061086,1.372337,-0.355526,-2.944678,-0.07060674,-0.0383267,-0.002863078,0.9967635,351.8957,355.5972,359.9829,0.4199685,-0.1086965,-0.9010056,0,0,0,1.216355,0.3388714,-0.9172552,-2.384186e-07,0.4008,2.111,0.9970457,-0.0002953767,0.07680963,0.01111987,0.990013,-0.140537,-0.07600102,0.1409759,0.9870915,static,-0.08711656948504985,8.42202802623614,-6.471046678075655e-06,10.750370096520475,-0.15598199999999984,0.6943973999999999,2.0274228,-0.0015040738528611444,0.1464631928724471,0.989215001753757,0.04581918706176147,8.36425434771283,2.3299352151556962,2.3299710224605565,2.3865557520512573
05/10/2023 16:36:04.883199,4801,True,True,True,True,Eyes,1.369619,-0.3540427,-2.936128,-0.0744466,0.2858292,0.9553844,0.0,0.0,0.0,0.0,0.0,0.0,0.0,-1.142502,-0.07751292,3.061006,1.372369,-0.3555737,-2.944698,-0.07067104,-0.0382844,-0.002884573,0.9967607,351.8882,355.6022,359.9804,0.419994,-0.1086903,-0.9009944,0,0,0,1.21659,0.339089,-0.9173499,-1.639128e-07,0.4008,2.111,0.997052,-0.0003392618,0.07672848,0.01116165,0.9899946,-0.1406633,-0.07591306,0.1411051,0.9870799,static,-0.059028098201738904,8.496613010857232,-4.448844930446206e-06,10.750370096520475,-0.1557789999999999,0.6946627,2.0273480999999998,-0.0010189272476638297,0.1477508678701457,0.9890240757526798,0.07684851147636917,8.436016755502992,2.254512582648907,2.2545298384276653,2.315629021365239
05/10/2023 16:36:04.893117,4802,True,True,True,True,Eyes,1.369676,-0.3540295,-2.93613,-0.07387133,0.2871576,0.9550306,0.0,0.0,0.0,0.0,0.0,0.0,0.0,-1.142728,-0.07811823,3.060924,1.372399,-0.3555756,-2.944703,-0.07074824,-0.03825448,-0.002941965,0.9967561,351.8791,355.6061,359.9738,0.4200184,-0.1086844,-0.9009838,0,0,0,1.216811,0.3394104,-0.9174512,-2.831221e-07,0.4007999,2.111,0.9970559,-0.00045197,0.07667705,0.01127772,0.9899721,-0.1408124,-0.0758445,0.1412626,0.9870625,static,-0.032141040210132754,8.566940021298064,-7.684368269484011e-06,10.750367476802118,-0.15558799999999984,0.694986,2.0272518,-0.0005547079343764527,0.14896477093061478,0.988842301325538,0.10649398472035154,8.503679284053952,2.183658537208997,2.183663894926728,2.249211070787418
05/10/2023 16:36:04.903256,4803,True,True,True,True,Eyes,1.3697,-0.3540178,-2.93613,-0.07329137,0.2886268,0.9546324,0.0,0.0,0.0,0.0,0.0,0.0,0.0,-1.142168,-0.07907611,3.061187,1.372399,-0.3555748,-2.944785,-0.07089161,-0.03834542,-0.002967475,0.9967424,351.8625,355.5957,359.9723,0.4200418,-0.1086785,-0.9009736,0,0,0,1.21647,0.3399993,-0.9177613,-3.278255e-07,0.4008,2.111,0.9970416,-0.0004788787,0.07686172,0.01135235,0.9899311,-0.1410938,-0.07602026,0.1415489,0.987008,static,0.009384708747918443,8.63828359173413,-8.8976871467389e-06,10.750370096520475,-0.15592899999999998,0.6955741,2.0270237,0.00016193603245397842,0.15019597560445552,0.988656268079773,0.15030249365311726,8.572212029697834,2.1121069132428762,2.1121073939415247,2.1833382876758223
05/10/2023 16:36:04.923205,4804,True,True,True,True,Eyes,1.369723,-0.3540069,-2.93613,-0.07273635,0.2900366,0.9542475,0.0,0.0,0.0,0.0,0.0,0.0,0.0,-1.1418,-0.08047196,3.06122,1.372369,-0.3555759,-2.944728,-0.07107107,-0.03840611,-0.003091006,0.9967268,351.8414,355.5896,359.9593,0.4200635,-0.1086728,-0.9009641,0,0,0,1.216334,0.3407486,-0.9179701,-2.533197e-07,0.4008,2.111,0.9970309,-0.0007026488,0.07700016,0.0116209,0.9898787,-0.1414395,-0.07612143,0.1419143,0.9869477,static,0.043648016703117326,8.701551054884527,-6.8754853991094686e-06,10.750370096520475,-0.15603499999999992,0.6963245,2.0267579,0.00075303307703279,0.15128754418288065,0.9884895594407817,0.18668282857364094,8.633006238240252,2.049273236872883,2.0492840737638196,2.1255782163808896
05/10/2023 16:36:04.943408,4805,True,True,True,True,Eyes,1.369748,-0.3539936,-2.93613,-0.07218636,0.2915186,0.9538375,0.0,0.0,0.0,0.0,0.0,0.0,0.0,-1.141479,-0.08076599,3.061313,1.37237,-0.3555857,-2.944706,-0.0710682,-0.03846441,-0.003216321,0.9967244,351.8411,355.5839,359.9453,0.4200836,-0.1086673,-0.9009554,0,0,0,1.216231,0.3407468,-0.9179592,-2.682209e-07,0.4008,2.111,0.9970203,-0.0009443787,0.07713399,0.01187877,0.9898779,-0.1414234,-0.07621967,0.1419182,0.9869396,static,0.07691866271298349,8.790127841006974,-7.279926834296739e-06,10.750370096520475,-0.15613900000000003,0.6963325,2.0267468,0.0013267156700943958,0.1528154216150933,0.988253827649755,0.2234491691084206,8.718231604075307,1.9617152823150608,1.961751080272847,2.044387350061815
05/10/2023 16:36:04.963375,4806,True,True,True,True,Eyes,1.369773,-0.3539817,-2.93613,-0.07166398,0.2929269,0.9534453,0.0,0.0,0.0,0.0,0.0,0.0,0.0,-1.140943,-0.08031204,3.061494,1.372303,-0.355546,-2.94471,-0.07096839,-0.0385434,-0.003255341,0.9967284,351.8524,355.5752,359.941,0.4201024,-0.1086619,-0.9009473,0,0,0,1.215875,0.3403862,-0.9178474,-1.043081e-07,0.4008,2.111,0.9970076,-0.001018656,0.07729664,0.01196011,0.9899058,-0.1412215,-0.07637253,0.1417234,0.9869558,static,0.11309520978094711,8.885845040981593,-2.831081903850562e-06,10.750370096520475,-0.156428,0.6959322,2.0268626000000003,0.0019501920013786714,0.15446599897207963,0.9879960965397871,0.2633951092722199,8.810325522768869,1.8678691721241338,1.867952046916432,1.9578435645183319
05/10/2023 16:36:04.973150,4807,True,True,True,True,Eyes,1.369817,-0.3539689,-2.936131,-0.0711506,0.2943715,0.9530389,0.0,0.0,0.0,0.0,0.0,0.0,0.0,-1.140484,-0.07926044,3.061685,1.37231,-0.3555665,-2.944697,-0.07078884,-0.03862134,-0.003272731,0.996738,351.873,355.5664,359.9389,0.4201199,-0.1086567,-0.9009398,0,0,0,1.215567,0.3396373,-0.917609,-1.490116e-07,0.4008,2.111,0.9969953,-0.001056191,0.07745407,0.01199203,0.9899565,-0.1408631,-0.07652737,0.1413686,0.9869947,static,0.149024908929915,8.993027017632153,-4.044403495258931e-06,10.750370096520475,-0.15674299999999985,0.6952038,2.027088,0.0025689999914312034,0.15631375528898633,0.9877041778550492,0.3037113817733659,8.913484886439813,1.7634950678800145,1.7636508514579465,1.8618244640972126
05/10/2023 16:36:04.983073,4808,True,True,True,True,Eyes,1.36986,-0.3539571,-2.936134,-0.07066614,0.2957583,0.9526455,0.0,0.0,0.0,0.0,0.0,0.0,0.0,-1.140537,-0.07796115,3.061771,1.372355,-0.3555804,-2.94475,-0.07056163,-0.03862193,-0.003304681,0.9967541,351.8989,355.5667,359.9342,0.4201368,-0.1086516,-0.9009326,0,0,0,1.215632,0.3387029,-0.9173447,-1.341105e-07,0.4008,2.111,0.9969949,-0.001137456,0.07745949,0.01203836,0.9900203,-0.1404099,-0.07652676,0.1409204,0.9870588,static,0.17415140853992112,9.102193279609315,-3.639964774225114e-06,10.750370096520475,-0.15672299999999995,0.6942832999999999,2.0274053,0.003001237054395825,0.1581951626308193,0.987403365969547,0.3337205587131201,9.01864084372702,1.6571208786773333,1.6573523465826683,1.763592369501462
05/10/2023 16:36:05.003542,4809,True,True,True,True,Eyes,1.369894,-0.3539439,-2.936137,-0.0701714,0.2971739,0.9522414,0.0,0.0,0.0,0.0,0.0,0.0,0.0,-1.14025,-0.07736513,3.061953,1.372373,-0.3555931,-2.944802,-0.07057773,-0.03865835,-0.003028274,0.9967523,351.8983,355.5602,359.9664,0.4201531,-0.1086465,-0.9009256,0,0,0,1.215196,0.3387123,-0.9174401,-2.980232e-07,0.4008,2.111,0.9969927,-0.0005800407,0.07749306,0.01149372,0.9900192,-0.1404629,-0.07663815,0.1409312,0.9870486,static,0.21238972508925694,9.186455549506194,-8.08880699051782e-06,10.750370096520475,-0.15717700000000012,0.6943054,2.0273619000000003,0.0036593477480630007,0.15964676286552937,0.9871674409003504,0.3750459516221023,9.09966508616496,1.577903928774345,1.5782716945161217,1.6927765843297193
05/10/2023 16:36:05.023493,4810,True,True,True,True,Eyes,1.369927,-0.3539289,-2.936139,-0.06967793,0.2985365,0.9518512,0.0,0.0,0.0,0.0,0.0,0.0,0.0,-1.139981,-0.07846293,3.062028,1.37242,-0.3555542,-2.944787,-0.07069722,-0.03871549,-0.003159366,0.9967412,351.884,355.5547,359.9523,0.4201686,-0.1086415,-0.9009189,0,0,0,1.215157,0.3392587,-0.917606,-2.682209e-07,0.4008001,2.111,0.9969823,-0.0008239863,0.07762535,0.01177229,0.9899838,-0.140689,-0.07673192,0.1411783,0.9870061,static,0.24231547266958775,9.254056143578905,-7.279926834296739e-06,10.750372716238786,-0.15726299999999993,0.6948129000000001,2.0271809999999997,0.004174147713655013,0.16081101764942154,0.9869762691150162,0.407475536257632,9.164673613425194,1.515305927886442,1.5158112026378874,1.6372183391806527
05/10/2023 16:36:05.043537,4811,True,True,True,True,Eyes,1.369939,-0.3539167,-2.936142,-0.06919135,0.299912,0.9514543,0.0,0.0,0.0,0.0,0.0,0.0,0.0,-1.141114,-0.07935449,3.061554,1.372415,-0.3554995,-2.944767,-0.0707467,-0.0385398,-0.003385931,0.9967439,351.8773,355.5768,359.925,0.4201833,-0.1086364,-0.9009126,0,0,0,1.216132,0.3395501,-0.9175902,-1.788139e-07,0.4008,2.111,0.9970065,-0.001296682,0.07730769,0.01220294,0.9899669,-0.1407717,-0.07634952,0.1412936,0.9870192,static,0.2428018332919449,9.330099759478852,-4.853283651480022e-06,10.750370096520475,-0.15628299999999995,0.6950496,2.0271768000000003,0.004181617995612612,0.16212081081820565,0.9867620242074067,0.4119787045271941,9.238052471011686,1.4403338552695923,1.4408757466645576,1.5674294409417684
05/10/2023 16:36:05.053561,4812,True,True,True,True,Eyes,1.369951,-0.3539051,-2.936143,-0.06873168,0.3012367,0.9510691,0.0,0.0,0.0,0.0,0.0,0.0,0.0,-1.141069,-0.07931986,3.061542,1.372341,-0.3555496,-2.944764,-0.0708034,-0.03852916,-0.003256555,0.9967406,351.8714,355.5769,359.94,0.4201969,-0.1086315,-0.9009069,0,0,0,1.215963,0.3397108,-0.9176673,-2.235174e-07,0.4008,2.111,0.9970098,-0.00103589,0.07726831,0.01194787,0.9899525,-0.1408943,-0.076346,0.1413962,0.9870048,static,0.2700141156236797,9.403741938362279,-6.066605242888384e-06,10.750370096520475,-0.15637800000000013,0.6952604,2.0270967000000004,0.004649288790532058,0.16338863029730308,0.9865508430084261,0.4421135186732741,9.308911695726103,1.3727194846123272,1.373433032643193,1.5077373938811487
05/10/2023 16:36:05.073426,4813,True,True,True,True,Eyes,1.369954,-0.353893,-2.936145,-0.06827316,0.3025471,0.9506861,0.0,0.0,0.0,0.0,0.0,0.0,0.0,-1.140678,-0.07933894,3.06165,1.372337,-0.3555505,-2.944727,-0.07087143,-0.03858528,-0.003099291,0.9967342,351.8642,355.5691,359.959,0.4202094,-0.1086267,-0.9009017,0,0,0,1.215557,0.3399624,-0.9177483,-2.533197e-07,0.4008,2.111,0.9970031,-0.0007091512,0.07735784,0.01164753,0.9899352,-0.1410408,-0.07647922,0.1415191,0.9869769,static,0.30553984327253886,9.475371082422754,-6.8754853991094686e-06,10.750370096520475,-0.15677999999999992,0.6955129,2.0269787,0.005259896847058992,0.16462135554015378,0.9863428286418905,0.4801542213610479,9.37776542307574,1.310128318350215,1.311099265232768,1.4541658325263704
05/10/2023 16:36:05.093408,4814,True,True,True,True,Eyes,1.369957,-0.3538826,-2.936144,-0.06783219,0.3038006,0.9503179,0.0,0.0,0.0,0.0,0.0,0.0,0.0,-1.140858,-0.07902893,3.061587,1.372349,-0.3555359,-2.94472,-0.07085191,-0.03855444,-0.003019436,0.996737,351.8668,355.572,359.9678,0.4202208,-0.108622,-0.9008969,0,0,0,1.215608,0.339885,-0.9177059,-2.384186e-07,0.4008,2.111,0.9970089,-0.0005558537,0.07728513,0.01148248,0.9899417,-0.1410086,-0.0764294,0.1414742,0.9869872,static,0.32811691250485603,9.553337266051535,-6.471046678075655e-06,10.750370096520475,-0.15674100000000002,0.6954209,2.0270140999999997,0.005647271628121113,0.1659630418464781,0.9861158647365882,0.5060509165775873,9.452832411997457,1.239988620170599,1.2411899741996746,1.3927304557330722
05/10/2023 16:36:05.103536,4815,True,True,True,True,Eyes,1.369949,-0.3538724,-2.936144,-0.06739137,0.3050211,0.9499582,0.0,0.0,0.0,0.0,0.0,0.0,0.0,-1.14104,-0.07849488,3.061486,1.37236,-0.3555619,-2.944662,-0.07080197,-0.03852404,-0.002942405,0.996742,351.8729,355.5749,359.9763,0.4202311,-0.1086175,-0.9008926,0,0,0,1.215658,0.3396434,-0.9175713,-2.980232e-07,0.4008,2.111,0.9970145,-0.000410481,0.0772137,0.01132079,0.9899569,-0.1409159,-0.07638039,0.1413693,0.9870059,static,0.3506923560630399,9.63282974319153,-8.08880699051782e-06,10.750370096520475,-0.15670200000000012,0.6952053,2.0270907,0.006034401482476914,0.16733063983637192,0.9858823930437268,0.5320270206041089,9.529372295460321,1.1697984171649225,1.1712759040254435,1.3318772420308906
05/10/2023 16:36:05.123186,4816,True,True,True,True,Eyes,1.369942,-0.3538601,-2.936145,-0.06696462,0.306195,0.9496106,0.0,0.0,0.0,0.0,0.0,0.0,0.0,-1.141161,-0.07859075,3.061437,1.372378,-0.3555578,-2.944652,-0.0707939,-0.03851011,-0.002999739,0.996743,351.8736,355.577,359.9695,0.4202402,-0.1086131,-0.9008889,0,0,0,1.215797,0.3396235,-0.9175439,-2.235174e-07,0.4008,2.111,0.997016,-0.0005273768,0.07719406,0.0114325,0.9899585,-0.1408956,-0.07634461,0.1413577,0.9870104,static,0.370741113827532,9.704237669634496,-6.066605242888384e-06,10.750370096520475,-0.15658100000000008,0.6951813,2.0271081,0.006378023626882029,0.16855884857822653,0.985670921438642,0.5551389312509163,9.59812965896274,1.1081183506231298,1.1098858168213526,1.2790011706749744
05/10/2023 16:36:05.133178,4817,True,True,True,True,Eyes,1.369936,-0.3538473,-2.936145,-0.06654214,0.307319,0.9492772,0.0,0.0,0.0,0.0,0.0,0.0,0.0,-1.141239,-0.07919964,3.061433,1.372383,-0.3554951,-2.9447,-0.0708264,-0.03850366,-0.003136883,0.9967403,351.8692,355.5789,359.9537,0.4202482,-0.1086088,-0.9008857,0,0,0,1.215981,0.3398402,-0.9176307,-1.341105e-07,0.4008,2.111,0.9970152,-0.0007991644,0.07720066,0.01170747,0.9899476,-0.1409495,-0.07631195,0.1414326,0.9870022,static,0.38928057295812235,9.767720752687588,-3.639964774225114e-06,10.750370096520475,-0.15640199999999993,0.6953353,2.0270693,0.006695689127459298,0.16965051314449517,0.9854815562624889,0.5763757024832062,9.659250922545906,1.054877171236655,1.0569493513722426,1.2339992699413205
05/10/2023 16:36:05.153418,4818,True,True,True,True,Eyes,1.36993,-0.353836,-2.936142,-0.06613548,0.3083963,0.9489562,0.0,0.0,0.0,0.0,0.0,0.0,0.0,-1.141535,-0.07976234,3.061246,1.372358,-0.3554954,-2.944647,-0.07086814,-0.03845752,-0.003266537,0.9967389,351.8639,355.5852,359.9386,0.4202553,-0.1086045,-0.9008829,0,0,0,1.216292,0.3400301,-0.917617,-1.192093e-07,0.4007999,2.111,0.9970207,-0.001060942,0.07712718,0.01196259,0.9899341,-0.1410228,-0.07620121,0.1415253,0.9869974,static,0.4026660460274716,9.827388049459705,-3.235523339037838e-06,10.750367476802118,-0.15606600000000004,0.6955255,2.02703,0.006924672770653343,0.17067642812797335,0.9853028239457433,0.5924425027551083,9.71672892948596,1.004637541531427,1.0069923403889307,1.1913859992891276
05/10/2023 16:36:05.173137,4819,True,True,True,True,Eyes,1.369945,-0.353825,-2.936141,-0.06576236,0.3094125,0.9486512,0.0,0.0,0.0,0.0,0.0,0.0,0.0,-1.141518,-0.07976344,3.061203,1.372338,-0.3555186,-2.944603,-0.07085023,-0.03845993,-0.003321679,0.9967398,351.8657,355.5854,359.9322,0.4202616,-0.1086004,-0.9008805,0,0,0,1.216321,0.3399425,-0.917547,-2.682209e-07,0.4008,2.111,0.9970196,-0.001171908,0.07713977,0.01207149,0.9899384,-0.1409829,-0.07619839,0.141494,0.9870022,static,0.421650550064576,9.890533931386136,-7.279926834296739e-06,10.750370096520475,-0.15601700000000007,0.6954610999999999,2.027056,0.007249755954192846,0.17176181992904246,0.9851117706452032,0.6140903285896993,9.777521424389377,0.9549110719411711,0.9576604599052799,1.150456610069657
05/10/2023 16:36:05.183428,4820,True,True,True,True,Eyes,1.369958,-0.353813,-2.936139,-0.0654036,0.3103869,0.9483577,0.0,0.0,0.0,0.0,0.0,0.0,0.0,-1.1413,-0.07945234,3.06132,1.372319,-0.3555582,-2.944635,-0.07078432,-0.0384945,-0.003368145,0.996743,351.873,355.5818,359.9268,0.4202676,-0.1085963,-0.9008782,0,0,0,1.216206,0.3396417,-0.9174975,-2.980232e-07,0.4008,2.111,0.9970137,-0.001264736,0.07721505,0.01216396,0.9899565,-0.1408482,-0.0762614,0.1413668,0.9870155,static,0.44366112263358104,9.956735772773921,-8.08880699051782e-06,10.750370096520475,-0.15611300000000017,0.6951999,2.0271375,0.007626652224535797,0.17289946686048308,0.9849099422125187,0.6388168783687822,9.841240040281996,0.905980692281349,0.9092292389760398,1.1111322143846378
05/10/2023 16:36:05.208985,4821,True,True,True,True,Eyes,1.369941,-0.353803,-2.936138,-0.06508268,0.3112902,0.9480837,0.0,0.0,0.0,0.0,0.0,0.0,0.0,-1.141294,-0.07944852,3.061315,1.372285,-0.3555207,-2.944648,-0.0707745,-0.03849022,-0.003375213,0.9967438,351.8741,355.5824,359.9259,0.4202734,-0.1085922,-0.900876,0,0,0,1.216197,0.3396403,-0.9174951,-2.235174e-07,0.4008,2.111,0.9970142,-0.001280193,0.07720753,0.0121767,0.9899592,-0.1408282,-0.07625201,0.1413479,0.9870189,static,0.460358487293237,10.012356931718054,-6.066605242888384e-06,10.750370096520475,-0.156088,0.695161,2.0271529,0.00791232678957711,0.17385512792758964,0.98473947602184,0.6578610920962108,9.894788439651055,0.8661302221873557,0.8698269677975222,1.0792632533674746
05/10/2023 16:36:05.224805,4822,True,True,True,True,Eyes,1.369924,-0.353793,-2.936137,-0.06477082,0.3121562,0.9478203,0.0,0.0,0.0,0.0,0.0,0.0,0.0,-1.141358,-0.07922053,3.061248,1.372221,-0.3555152,-2.944628,-0.070775,-0.03846548,-0.003284038,0.996745,351.8745,355.5845,359.9362,0.4202783,-0.1085883,-0.9008743,0,0,0,1.216135,0.3396337,-0.9174703,-1.639128e-07,0.4008001,2.111,0.9970192,-0.001101908,0.0771454,0.01199149,0.9899603,-0.1408366,-0.07621568,0.1413419,0.9870226,static,0.47707222744959454,10.064901576123411,-4.448844930446206e-06,10.750372716238786,-0.15608599999999995,0.6951489,2.0271577,0.008198254356084903,0.1747577365219143,0.9845773690092883,0.6767578681107689,9.945367860434498,0.8309699856783554,0.8351483933980255,1.0516843877892879
05/10/2023 16:36:05.243538,4823,True,True,True,True,Eyes,1.369923,-0.3537846,-2.936137,-0.06446193,0.3128975,0.9475968,0.0,0.0,0.0,0.0,0.0,0.0,0.0,-1.141768,-0.07892492,3.06109,1.372199,-0.3555037,-2.944627,-0.07076659,-0.03839064,-0.003187026,0.9967489,351.8759,355.5924,359.9468,0.4202822,-0.1085845,-0.9008728,0,0,0,1.216317,0.3395955,-0.9174365,-1.788139e-07,0.4008,2.111,0.997032,-0.0009197813,0.07698272,0.01178688,0.9899638,-0.1408283,-0.07608058,0.1413177,0.9870365,static,0.48830975973658614,10.110966564084032,-4.853283651480022e-06,10.750370096520475,-0.15588199999999985,0.6950992,2.0271905,0.008390160777513044,0.17554896978336126,0.9844348864734238,0.6900327800205344,9.989735812371752,0.7999561286143504,0.8045421297740137,1.0269938897571316
05/10/2023 16:36:05.256508,4824,True,True,True,True,Eyes,1.369922,-0.3537754,-2.936138,-0.0641631,0.3136133,0.9473804,0.0,0.0,0.0,0.0,0.0,0.0,0.0,-1.142148,-0.07836148,3.061028,1.372223,-0.3555418,-2.944678,-0.07076833,-0.03832228,-0.00297492,0.996752,351.8766,355.5985,359.9707,0.4202857,-0.1085808,-0.9008716,0,0,0,1.216391,0.3395313,-0.9174752,-3.278255e-07,0.4007999,2.111,0.9970451,-0.0005065064,0.07681667,0.01135452,0.989966,-0.1408489,-0.07597455,0.141305,0.9870465,static,0.503050575431435,10.154729679577583,-8.8976871467389e-06,10.750367476802118,-0.15583199999999997,0.6950731,2.0272028,0.008642252377666516,0.17630045691094048,0.984298373466854,0.7065621130796311,10.031855934858392,0.7745826775787441,0.7796494205582671,1.0077209083681542
05/10/2023 16:36:05.273402,4825,True,True,True,True,Eyes,1.369922,-0.3537671,-2.936137,-0.063884,0.3142067,0.9472028,0.0,0.0,0.0,0.0,0.0,0.0,0.0,-1.142657,-0.07857439,3.060831,1.372222,-0.3555277,-2.944679,-0.0708719,-0.03823105,-0.002810744,0.9967486,351.8655,355.6077,359.9893,0.4202889,-0.1085772,-0.9008706,0,0,0,1.216594,0.3399417,-0.9175957,-2.086163e-07,0.4008,2.111,0.997061,-0.0001841954,0.07661191,0.01102223,0.9899385,-0.141068,-0.07581509,0.1414979,0.9870312,static,0.5130217859305882,10.179234022743078,-5.66216652185457e-06,10.750370096520475,-0.1556280000000001,0.6954694,2.0270832999999997,0.008812876126082555,0.17672117314717106,0.9842215808874561,0.7174726410961796,10.055427319523265,0.7623418949194606,0.7677197257273607,0.9988596392653575
05/10/2023 16:36:05.293151,4826,True,True,True,True,Eyes,1.369922,-0.35376,-2.936136,-0.06361177,0.3147796,0.9470308,0.0,0.0,0.0,0.0,0.0,0.0,0.0,-1.143069,-0.07826307,3.06065,1.372213,-0.3555398,-2.944645,-0.07085371,-0.03815983,-0.002741961,0.9967529,351.8679,355.6154,-0.003390653,0.4202918,-0.1085737,-0.9008697,0,0,0,1.216804,0.3398447,-0.9175159,-2.682209e-07,0.4008,2.111,0.9970726,-5.858321e-05,0.07646038,0.01087364,0.9899445,-0.141038,-0.07568327,0.1414565,0.9870472,static,0.5220159483313112,10.216167831866422,-7.279926834296739e-06,10.750370096520475,-0.1554089999999999,0.6953845000000001,2.0271291,0.008966336841618995,0.17735532487697525,0.9841060326757266,0.7281008983412447,10.091000605353075,0.7411482290013229,0.7469138574176915,0.9822981447316372
05/10/2023 16:36:05.303268,4827,True,True,True,True,Eyes,1.369904,-0.3537525,-2.936138,-0.06336744,0.3152596,0.9468875,0.0,0.0,0.0,0.0,0.0,0.0,0.0,-1.143451,-0.07840678,3.06051,1.372209,-0.3555605,-2.944651,-0.07089857,-0.0380947,-0.002703275,0.9967522,351.8629,355.6225,0.0007367267,0.4202944,-0.1085704,-0.9008689,0,0,0,1.21703,0.3400006,-0.9175649,-1.639128e-07,0.4007999,2.111,0.997083,1.272912e-05,0.07632525,0.01079071,0.9899321,-0.1411306,-0.07555862,0.1415426,0.9870444,static,0.5294219659455993,10.240148849364376,-4.448844930446206e-06,10.750367476802118,-0.15517899999999996,0.6955610999999999,2.0270861,0.009092855361755494,0.1777670011595498,0.9840305883358881,0.7365112706931851,10.11408638818312,0.7292121791183753,0.7352655142616225,0.9732980164681967
05/10/2023 16:36:05.323259,4828,True,True,True,True,Eyes,1.369887,-0.3537452,-2.936139,-0.06313352,0.3157181,0.9467503,0.0,0.0,0.0,0.0,0.0,0.0,0.0,-1.143208,-0.07836694,3.060635,1.372203,-0.3555078,-2.944695,-0.07085793,-0.03813551,-0.002759262,0.9967534,351.8673,355.6183,-0.005567905,0.4202963,-0.1085671,-0.9008684,0,0,0,1.216914,0.3398966,-0.917564,-1.490116e-07,0.4008,2.111,0.9970762,-9.619964e-05,0.07641443,0.01090502,0.989943,-0.1410453,-0.07563236,0.1414662,0.9870497,static,0.5453859436956158,10.272364197508738,-4.044403495258931e-06,10.750370096520475,-0.155289,0.6954043999999999,2.027131,0.009366077002641998,0.17831979973059203,0.9839279527439558,0.7536068622154712,10.145053591546002,0.7186616761310057,0.7252171251485777,0.9666113333546074
05/10/2023 16:36:05.343085,4829,True,True,True,True,Eyes,1.369863,-0.3537403,-2.936142,-0.0629055,0.3161038,0.9466369,0.0,0.0,0.0,0.0,0.0,0.0,0.0,-1.14303,-0.07839039,3.060689,1.372188,-0.3555085,-2.944689,-0.07082599,-0.03816623,-0.00284416,0.9967543,351.8706,355.6154,359.9847,0.4202975,-0.108564,-0.9008681,0,0,0,1.216863,0.339779,-0.9175207,-1.937151e-07,0.4008,2.111,0.9970705,-0.0002635354,0.07648758,0.01107618,0.9899512,-0.1409751,-0.07568181,0.1414093,0.987054,static,0.5591385280836503,10.299089816733392,-5.257725086667295e-06,10.750370096520475,-0.15532499999999994,0.6952875000000001,2.0271683,0.009601436043348295,0.1787783563015987,0.9838425923339079,0.7682798115325171,10.170739907485174,0.7115451700169799,0.7185371696253678,0.9624100496593226
05/10/2023 16:36:05.353283,4830,True,True,True,True,Eyes,1.369839,-0.3537341,-2.936145,-0.06268983,0.3164787,0.9465259,0.0,0.0,0.0,0.0,0.0,0.0,0.0,-1.142572,-0.07854274,3.060877,1.372153,-0.3555447,-2.944723,-0.07082228,-0.03823838,-0.002921599,0.9967515,351.8707,355.6078,359.9764,0.420298,-0.1085611,-0.9008682,0,0,0,1.216613,0.3397398,-0.9175696,-2.682209e-07,0.4008,2.111,0.9970586,-0.000407959,0.07664214,0.01124047,0.9899514,-0.140961,-0.07581449,0.1414079,0.9870441,static,0.5771057308879913,10.321966864378522,-7.279926834296739e-06,10.750370096520475,-0.15554,0.6952845,2.0271534000000004,0.009909236550012954,0.17917062592753424,0.9837681411519992,0.7868107245933007,10.192680437617796,0.7112597818058712,0.718741091465783,0.9644170922811532
05/10/2023 16:36:05.378475,4831,True,True,True,True,Eyes,1.369798,-0.3537302,-2.936147,-0.06247131,0.3168046,0.9464313,0.0,0.0,0.0,0.0,0.0,0.0,0.0,-1.14214,-0.0792318,3.061023,1.372135,-0.3555086,-2.944738,-0.07088261,-0.03831045,-0.003031062,0.9967442,351.8633,355.6003,359.9646,0.4202978,-0.1085583,-0.9008687,0,0,0,1.21642,0.3400388,-0.9176889,-2.235174e-07,0.4008,2.111,0.9970462,-0.0006112991,0.07680111,0.01147348,0.9899329,-0.1410714,-0.07594171,0.1415359,0.9870159,static,0.5944443841090512,10.334435589712289,-6.066605242888384e-06,10.750370096520475,-0.15571500000000005,0.6955473999999999,2.0270491,0.010206536727236027,0.17938416984677513,0.983726166669559,0.8041836262119733,10.204581631498076,0.7176318118105902,0.725515576888737,0.9719084887914886
05/10/2023 16:36:05.393386,4832,True,True,True,True,Eyes,1.369758,-0.3537266,-2.936148,-0.06226443,0.3171155,0.9463407,0.0,0.0,0.0,0.0,0.0,0.0,0.0,-1.141679,-0.07913604,3.061144,1.372159,-0.3555203,-2.94467,-0.07087047,-0.03839036,-0.003025403,0.9967421,351.8647,355.591,359.9659,0.4202965,-0.1085557,-0.9008696,0,0,0,1.216106,0.3399768,-0.9176292,-2.384186e-07,0.4008,2.111,0.9970341,-0.0005896061,0.07695938,0.01147258,0.9899364,-0.1410468,-0.07610174,0.1415114,0.9870071,static,0.6152488505526997,10.35470705624464,-6.471046678075655e-06,10.750370096520475,-0.156053,0.6954971000000001,2.0270408,0.010563051450497567,0.17973152080499719,0.9836588953662454,0.8253109225222768,10.223986291241108,0.7230864089596706,0.7314973357413346,0.9788915724368252
05/10/2023 16:36:05.403519,4833,True,True,True,True,Eyes,1.369694,-0.353727,-2.936151,-0.06205983,0.3173336,0.9462811,0.0,0.0,0.0,0.0,0.0,0.0,0.0,-1.1414,-0.07907647,3.061238,1.372161,-0.355524,-2.944657,-0.07084405,-0.03843824,-0.003064397,0.9967418,351.8676,355.5858,359.9616,0.4202944,-0.1085534,-0.9008709,0,0,0,1.215951,0.3398717,-0.9175934,-1.490116e-07,0.4008,2.111,0.9970262,-0.0006625835,0.07706019,0.01155507,0.9899435,-0.1409909,-0.07619181,0.1414621,0.9870073,static,0.6311253811816094,10.370854174194944,-4.044403495258931e-06,10.750370096520475,-0.15620999999999996,0.6953957,2.0270636,0.010835064156901972,0.1800082171187499,0.9836054084643107,0.8414697498385799,10.239448219404375,0.7276287867901541,0.736448699596912,0.9844385765054079
05/10/2023 16:36:05.423340,4834,True,True,True,True,Eyes,1.369632,-0.3537275,-2.936152,-0.0618618,0.3175388,0.9462253,0.0,0.0,0.0,0.0,0.0,0.0,0.0,-1.141439,-0.07917163,3.061226,1.372168,-0.3555777,-2.944652,-0.07089113,-0.03843044,-0.003010857,0.996739,351.8624,355.5862,359.968,0.4202909,-0.1085513,-0.9008728,0,0,0,1.215934,0.3400014,-0.9176536,-1.192093e-07,0.4008,2.111,0.9970281,-0.0005533225,0.07703713,0.01145083,0.9899307,-0.1410885,-0.07618334,0.1415513,0.986995,static,0.6431250343272461,10.378063102792373,-3.235523339037838e-06,10.750370096520475,-0.15623399999999998,0.6955791,2.0269984,0.011040811081373399,0.1801315790962597,0.9835806041538862,0.8534177495389177,10.24631407801571,0.7340296965280384,0.7431194177653174,0.9911608585570304
05/10/2023 16:36:05.443108,4835,True,True,True,True,Eyes,1.369632,-0.3537275,-2.936152,-0.0618618,0.3175388,0.9462253,0.0,0.0,0.0,0.0,0.0,0.0,0.0,-1.141674,-0.07867151,3.061128,1.372177,-0.3555821,-2.944623,-0.07083918,-0.03839114,-0.002942647,0.9967445,351.8687,355.5903,359.9753,0.4202861,-0.1085496,-0.9008752,0,0,0,1.216028,0.3397747,-0.9175414,-1.490116e-07,0.4008,2.111,0.997035,-0.00042694,0.07694921,0.01130533,0.9899463,-0.1409912,-0.07611539,0.1414431,0.9870159,static,0.6406050614050744,10.384234878296427,-4.044403495258931e-06,10.750370096520475,-0.15614899999999987,0.6953568,2.0270816,0.010997334235896824,0.18023761355070397,0.9835616663260219,0.8513163784658424,10.252288946122512,0.7287644594791075,0.737858404078199,0.986322104982032
05/10/2023 16:36:05.453545,4836,True,True,True,True,Eyes,1.369632,-0.3537275,-2.936152,-0.0618618,0.3175388,0.9462253,0.0,0.0,0.0,0.0,0.0,0.0,0.0,-1.141806,-0.07876217,3.061084,1.372194,-0.3555668,-2.944625,-0.07085838,-0.03837151,-0.002927532,0.9967439,351.8665,355.5924,359.977,0.4202818,-0.108548,-0.9008774,0,0,0,1.216111,0.3398658,-0.9175647,-2.682209e-07,0.4008,2.111,0.9970381,-0.0003981118,0.07690801,0.01127388,0.989941,-0.1410306,-0.07607825,0.14148,0.9870135,static,0.6388513134997179,10.382071429516365,-7.279926834296739e-06,10.750370096520475,-0.15608299999999997,0.6954326,2.0270602999999996,0.01096730445899088,0.18020053425453653,0.983568795688463,0.8495112971645205,10.250214475700021,0.7283714738843206,0.7374172567223777,0.9858181667334062
05/10/2023 16:36:05.478348,4837,True,True,True,True,Eyes,1.369632,-0.3537275,-2.936152,-0.0618618,0.3175388,0.9462253,0.0,0.0,0.0,0.0,0.0,0.0,0.0,-1.141902,-0.07842022,3.061091,1.372212,-0.3555635,-2.944652,-0.07082107,-0.03835642,-0.002879282,0.9967471,351.871,355.5938,359.9822,0.4202779,-0.1085466,-0.9008794,0,0,0,1.216137,0.3397096,-0.9175366,-2.235174e-07,0.4008,2.111,0.997041,-0.0003069462,0.07687114,0.01117272,0.9899522,-0.1409605,-0.07605549,0.1414023,0.9870263,static,0.6385044949625495,10.386504311109642,-6.066605242888384e-06,10.750370096520475,-0.15607499999999996,0.6952731,2.0271154,0.010961195381196692,0.18027664291528334,0.9835549168093162,0.8494122067862331,10.254494856917237,0.7258362279921287,0.7349109109451707,0.9835668032334791
05/10/2023 16:36:05.493588,4838,True,True,True,True,Eyes,1.369632,-0.3537275,-2.936152,-0.0618618,0.3175388,0.9462253,0.0,0.0,0.0,0.0,0.0,0.0,0.0,-1.142239,-0.07911882,3.060859,1.372192,-0.3554835,-2.94458,-0.07093238,-0.03829793,-0.00286591,0.9967416,351.8583,355.6003,359.9838,0.4202744,-0.1085453,-0.9008812,0,0,0,1.216351,0.3402408,-0.9176008,-1.192093e-07,0.4008,2.111,0.9970501,-0.0002800177,0.07675283,0.01114627,0.9899208,-0.141183,-0.07593969,0.141622,0.9870037,static,0.6324233690545903,10.373745942979305,-3.235523339037838e-06,10.750370096520475,-0.15584100000000012,0.6957243,2.0269792000000004,0.01085724743740582,0.1800578290423674,0.9835961511430404,0.8428741993985425,10.242228971610347,0.727211065423054,0.7360768731651415,0.9842000676312828
05/10/2023 16:36:05.503140,4839,True,True,True,True,Eyes,1.369565,-0.3537273,-2.936153,-0.0612385,0.318265,0.9460219,0.0,0.0,0.0,0.0,0.0,0.0,0.0,-1.1422,-0.07942441,3.060861,1.372192,-0.3554984,-2.944573,-0.07094424,-0.03830877,-0.002964499,0.99674,351.8565,355.5999,359.9726,0.4202713,-0.1085442,-0.9008828,0,0,0,1.216415,0.3402897,-0.9176111,-1.043081e-07,0.4008,2.111,0.9970474,-0.0004740967,0.0767884,0.01134524,0.9899163,-0.1411988,-0.07594714,0.1416531,0.9869987,static,0.6661643756094827,10.416104290145219,-2.831081903850562e-06,10.750370096520475,-0.15577700000000005,0.6957880999999999,2.0269619,0.011434929504408043,0.18078379082763785,0.9834564874706345,0.877641820278092,10.282849712108087,0.7355290274910481,0.7453270266015483,0.9944020534481595
05/10/2023 16:36:05.523383,4840,True,True,True,True,Eyes,1.369502,-0.3537264,-2.936157,-0.06065676,0.3189612,0.9458248,0.0,0.0,0.0,0.0,0.0,0.0,0.0,-1.142003,-0.0785751,3.060963,1.372244,-0.3556092,-2.944542,-0.07083979,-0.03834839,-0.002920452,0.9967461,351.8687,355.595,359.9775,0.4202668,-0.1085433,-0.900885,0,0,0,1.216249,0.3397466,-0.9174483,-1.192093e-07,0.4008,2.111,0.9970418,-0.0003887131,0.07686098,0.01125508,0.9899464,-0.1409946,-0.07603344,0.1414426,0.9870222,static,0.7047841756612415,10.470481818294962,-3.235523339037838e-06,10.750370096520475,-0.1559950000000001,0.6953558,2.0270937,0.012095704976755921,0.18171564806533336,0.9832767459385425,0.9177493965323797,10.335032115868511,0.7474329157502559,0.7583289149520184,1.0073606761320648
05/10/2023 16:36:05.543259,4841,True,True,True,True,Eyes,1.369428,-0.353722,-2.936162,-0.06013423,0.3194005,0.9457099,0.0,0.0,0.0,0.0,0.0,0.0,0.0,-1.140799,-0.07841289,3.06148,1.372272,-0.3555924,-2.944598,-0.07083265,-0.03854566,-0.002850524,0.9967391,351.8698,355.5717,359.9872,0.4202611,-0.1085425,-0.9008877,0,0,0,1.215381,0.3397234,-0.9175599,-2.384186e-07,0.4008,2.111,0.9970122,-0.000221874,0.07724377,0.01114304,0.9899492,-0.1409836,-0.07643612,0.1414231,0.9869939,static,0.7589882692880535,10.498283644343715,-6.471046678075655e-06,10.750370096520475,-0.1568909999999999,0.6953157999999999,2.0270381,0.013024754092919994,0.18219061703117928,0.9831769702462371,0.9714675274048654,10.36145088580304,0.7877144650834591,0.7997628368628119,1.046431976830077
05/10/2023 16:36:05.553492,4842,True,True,True,True,Eyes,1.369358,-0.3537208,-2.936164,-0.05963591,0.3198398,0.945593,0.0,0.0,0.0,0.0,0.0,0.0,0.0,-1.140907,-0.08095625,3.061375,1.372312,-0.3555138,-2.94459,-0.07112477,-0.03854579,-0.00312925,0.9967175,351.835,355.5738,359.9563,0.420254,-0.1085417,-0.9008911,0,0,0,1.215743,0.3410356,-0.9179502,-2.533197e-07,0.4007999,2.111,0.9970089,-0.0007548354,0.07728366,0.01172108,0.989863,-0.1415413,-0.07639339,0.1420238,0.9869109,static,0.7796669068044727,10.490608108325981,-6.8754853991094686e-06,10.750367476802118,-0.15656899999999996,0.6965494,2.0266398,0.013379926330967299,0.18205805559297333,0.9831967773745249,0.9909908522307997,10.353887475396853,0.8094518286717219,0.8218066295067935,1.0673672694311873
05/10/2023 16:36:05.578423,4843,True,True,True,True,Eyes,1.369264,-0.3537224,-2.936164,-0.05919163,0.3201466,0.9455171,0.0,0.0,0.0,0.0,0.0,0.0,0.0,-1.140567,-0.08248022,3.061423,1.372364,-0.355592,-2.944517,-0.07135704,-0.03861308,-0.003207206,0.996698,351.808,355.5665,359.9489,0.4202458,-0.1085411,-0.900895,0,0,0,1.215615,0.3419157,-0.9182208,-2.086163e-07,0.4008,2.111,0.9969975,-0.000882602,0.07742889,0.01190386,0.9897957,-0.1419952,-0.07651345,0.1424905,0.9868345,static,0.8107601174124389,10.48242402739015,-5.66216652185457e-06,10.750370096520475,-0.15674900000000003,0.6975077000000001,2.0262962,0.013913855883241802,0.18191629076273086,0.9832156165946596,1.0205249992460694,10.345754510263813,0.8410567509434845,0.853894750715024,1.0978144668044068
05/10/2023 16:36:05.593478,4844,True,True,True,True,Eyes,1.369172,-0.3537271,-2.936164,-0.05876042,0.320413,0.9454538,0.0,0.0,0.0,0.0,0.0,0.0,0.0,-1.141229,-0.08407158,3.06104,1.372356,-0.3556349,-2.944418,-0.07144666,-0.03852416,-0.003653263,0.9966936,351.7957,355.5804,359.8971,0.4202361,-0.1085407,-0.9008996,0,0,0,1.216472,0.3423071,-0.9182051,-1.490116e-07,0.4008,2.111,0.9970051,-0.001777523,0.07731559,0.01278721,0.989764,-0.1421393,-0.07627153,0.1427023,0.9868225,static,0.8125479493205754,10.487055703100214,-4.044403495258931e-06,10.750370096520475,-0.1558839999999999,0.697942,2.0262129,0.01394432792012414,0.1819957017730379,0.9832005317924778,1.0224938803040493,10.350210576320734,0.8412493787107894,0.8541517501517175,1.098011679190036
05/10/2023 16:36:05.603482,4845,True,True,True,True,Eyes,1.369077,-0.3537266,-2.936164,-0.05835476,0.3205187,0.945443,0.0,0.0,0.0,0.0,0.0,0.0,0.0,-1.141624,-0.08170828,3.06094,1.372314,-0.3557113,-2.944412,-0.07107707,-0.03845409,-0.003636983,0.9967228,351.8383,355.5886,359.8968,0.4202251,-0.1085406,-0.9009048,0,0,0,1.216681,0.3407229,-0.9176611,-2.980232e-07,0.4008,2.111,0.9970161,-0.001783719,0.07717312,0.01271653,0.9898697,-0.1414085,-0.0761391,0.141968,0.9869387,static,0.8281872693085601,10.536066442916777,-8.08880699051782e-06,10.750370096520475,-0.15563300000000013,0.6964342,2.0267508999999997,0.014210444844853804,0.18283596170014246,0.9830407192379382,1.040167618652536,10.397387888348627,0.8419618556848273,0.8554727389882387,1.0984361345452909
05/10/2023 16:36:05.623480,4846,True,True,True,True,Eyes,1.368987,-0.353727,-2.936163,-0.05797204,0.3206128,0.9454347,0.0,0.0,0.0,0.0,0.0,0.0,0.0,-1.140968,-0.0803611,3.061166,1.372268,-0.3555784,-2.944393,-0.07089385,-0.03854832,-0.003484704,0.9967327,351.86,355.5765,359.9143,0.4202127,-0.1085406,-0.9009105,0,0,0,1.216067,0.3400861,-0.917421,-2.533197e-07,0.4008,2.111,0.9970038,-0.001480958,0.07733882,0.01241231,0.9899238,-0.1410558,-0.07635064,0.1415931,0.9869761,static,0.8652863649302763,10.563426069653309,-6.8754853991094686e-06,10.750370096520475,-0.15620100000000003,0.6956645,2.0269719999999998,0.014845647631010664,0.1833036767439249,0.9829442841525996,1.0773761030322435,10.42350936489958,0.8709296491727395,0.8852572852512268,1.1258738918170605
05/10/2023 16:36:05.643354,4847,True,True,True,True,Eyes,1.368902,-0.353731,-2.936165,-0.05769341,0.3206112,0.9454522,0.0,0.0,0.0,0.0,0.0,0.0,0.0,-1.140525,-0.07961646,3.061334,1.372265,-0.3555989,-2.944375,-0.070798,-0.03861804,-0.003423732,0.996737,351.8712,355.568,359.9214,0.4201993,-0.1085408,-0.9009168,0,0,0,1.215702,0.3396658,-0.9172937,-2.533197e-07,0.4008,2.111,0.9969939,-0.001356961,0.07746885,0.01229328,0.9899518,-0.1408695,-0.07649927,0.1413984,0.9869925,static,0.8911066661135835,10.57465094090744,-6.8754853991094686e-06,10.750370096520475,-0.156563,0.6952647000000001,2.0270813,0.015288052810601752,0.18349500440295774,0.9829017206252753,1.1028578186896538,10.434146052598583,0.8934309994565849,0.9082733980858628,1.147304745746372
05/10/2023 16:36:05.653357,4848,True,True,True,True,Eyes,1.368821,-0.3537351,-2.936168,-0.0574266,0.3206098,0.945469,0.0,0.0,0.0,0.0,0.0,0.0,0.0,-1.140598,-0.07858247,3.061443,1.372301,-0.3556941,-2.94446,-0.07069175,-0.03860585,-0.00330111,0.9967455,351.884,355.5685,359.935,0.4201851,-0.1085412,-0.9009233,0,0,0,1.215648,0.3391185,-0.9172308,-8.940697e-08,0.4007999,2.111,0.9969974,-0.001122502,0.07742713,0.01203896,0.9899836,-0.1406685,-0.07649369,0.1411783,0.9870245,static,0.9087965682814516,10.587198952632304,-2.426642368570707e-06,10.750367476802118,-0.15665299999999993,0.6948126,2.0272292,0.015590886140595676,0.18370941457425705,0.982856990345358,1.1205734684769726,10.446121100453327,0.908108592187374,0.9233306993998959,1.1611443468595466
05/10/2023 16:36:05.678160,4849,True,True,True,True,Eyes,1.368726,-0.3537388,-2.936172,-0.05717947,0.3205918,0.94549,0.0,0.0,0.0,0.0,0.0,0.0,0.0,-1.140733,-0.07822564,3.061398,1.372296,-0.355699,-2.944458,-0.07069531,-0.03857649,-0.003154469,0.9967468,351.8842,355.5707,359.9517,0.4201702,-0.1085418,-0.9009302,0,0,0,1.215604,0.339105,-0.9172285,-1.043081e-07,0.4007999,2.111,0.9970039,-0.0008340604,0.07734799,0.01174277,0.9899844,-0.1406873,-0.07645596,0.141174,0.9870281,static,0.9242604820245987,10.586174267232398,-2.831081903850562e-06,10.750367476802118,-0.15669200000000005,0.694804,2.0272295,0.01585620902311147,0.18369105632631832,0.98285609861152,1.135423576821739,10.445015259335175,0.9232510629703924,0.9387342978838127,1.1757691544163542
05/10/2023 16:36:05.693536,4850,True,True,True,True,Eyes,1.368635,-0.3537428,-2.936178,-0.05694097,0.3205744,0.9455103,0.0,0.0,0.0,0.0,0.0,0.0,0.0,-1.140705,-0.07840082,3.061433,1.372285,-0.3556689,-2.944496,-0.07076758,-0.03857318,-0.003036431,0.9967422,351.8764,355.57,359.9656,0.4201543,-0.1085426,-0.9009375,0,0,0,1.215481,0.3394111,-0.9173705,-2.831221e-07,0.4008,2.111,0.9970058,-0.0005936149,0.07732481,0.01151254,0.9899654,-0.1408398,-0.07646528,0.1413083,0.9870081,static,0.9413945909810305,10.577219175777048,-7.684368269484011e-06,10.750370096520475,-0.15680399999999994,0.69508,2.0271255,0.016150602300625067,0.18353657407418084,0.9828801714494144,1.1514627191204538,10.436243891426937,0.9414673334743678,0.9571935464612871,1.193549061763676
05/10/2023 16:36:05.709150,4851,True,True,True,True,Eyes,1.368523,-0.3537469,-2.936188,-0.05668297,0.3205436,0.9455363,0.0,0.0,0.0,0.0,0.0,0.0,0.0,-1.140823,-0.07834828,3.061425,1.372288,-0.3556776,-2.94453,-0.07076569,-0.03855338,-0.003022798,0.9967431,351.8767,355.5722,359.967,0.4201376,-0.1085435,-0.9009451,0,0,0,1.215551,0.3393925,-0.9173963,-8.940697e-08,0.4008,2.111,0.997009,-0.0005693926,0.07728345,0.01148242,0.9899662,-0.1408374,-0.0764278,0.1413035,0.9870117,static,0.9546662963870899,10.575688528784225,-2.426642368570707e-06,10.750370096520475,-0.1567369999999999,0.6950700999999999,2.0271337,0.01637835592850785,0.18350964628776856,0.9828814844034287,1.164173084021624,10.434666382577023,0.9545725157937678,0.9705184289015285,1.2062228047203625
05/10/2023 16:36:05.724853,4852,True,True,True,True,Eyes,1.368415,-0.3537531,-2.936198,-0.05644073,0.3205219,0.9455582,0.0,0.0,0.0,0.0,0.0,0.0,0.0,-1.141159,-0.07871997,3.061335,1.372254,-0.3556534,-2.944596,-0.07081178,-0.0384932,-0.003050667,0.9967421,351.8713,355.5794,359.9635,0.4201197,-0.1085446,-0.9009534,0,0,0,1.2158,0.3396088,-0.9175053,-2.533197e-07,0.4008,2.111,0.997018,-0.0006299112,0.07716763,0.011533,0.9899528,-0.1409273,-0.07630353,0.141397,0.987008,static,0.9612792434417815,10.56906365101668,-6.8754853991094686e-06,10.750370096520475,-0.1564540000000001,0.6952621999999999,2.0270907000000005,0.016492155459954055,0.18339566461593343,0.9829009069983341,1.1701953178630984,10.428223297047275,0.9622146598126596,0.9782346495720248,1.2137346224477823
05/10/2023 16:36:05.743199,4853,True,True,True,True,Eyes,1.36831,-0.3537599,-2.936207,-0.05619721,0.3204705,0.94559,0.0,0.0,0.0,0.0,0.0,0.0,0.0,-1.140764,-0.07919335,3.061494,1.372243,-0.3557098,-2.944619,-0.0709165,-0.03855289,-0.003004239,0.9967324,351.8595,355.572,359.9698,0.4201007,-0.1085458,-0.9009621,0,0,0,1.215496,0.3399717,-0.917695,-5.960464e-08,0.4008001,2.111,0.9970093,-0.0005207739,0.07727993,0.01145692,0.9899237,-0.1411379,-0.07642771,0.1416012,0.9869691,static,0.983787321119267,10.554166069613848,-1.6177613981035745e-06,10.750372716238786,-0.1567470000000002,0.6956815000000001,2.0269239999999997,0.016879096848148027,0.1831388879887923,0.9829420937562161,1.1910987417715535,10.413676727087266,0.9868483908729524,1.0031638572256023,1.2377739113385156
05/10/2023 16:36:05.763514,4854,True,True,True,True,Eyes,1.368208,-0.3537669,-2.936216,-0.05596382,0.320419,0.9456214,0.0,0.0,0.0,0.0,0.0,0.0,0.0,-1.140525,-0.07968357,3.061581,1.372279,-0.3557285,-2.944611,-0.07098921,-0.03859869,-0.00302907,0.9967255,351.851,355.5669,359.9677,0.4200809,-0.1085473,-0.9009712,0,0,0,1.215374,0.3402531,-0.9178028,-2.086163e-07,0.4008,2.111,0.9970019,-0.0005581219,0.07737466,0.01151848,0.9899027,-0.1412797,-0.07651453,0.1417473,0.9869414,static,1.0020035159031064,10.542743494880307,-5.66216652185457e-06,10.750370096520475,-0.15690500000000007,0.6959816,2.0268082,0.01719224824922454,0.18294196565629994,0.9829734384254226,1.2080499136373135,10.402516035243725,1.006737926493597,1.023294287409256,1.2571398976158006
05/10/2023 16:36:05.773139,4855,True,True,True,True,Eyes,1.368113,-0.3537724,-2.936224,-0.05575574,0.3203441,0.945659,0.0,0.0,0.0,0.0,0.0,0.0,0.0,-1.140379,-0.07966685,3.061621,1.372251,-0.3557441,-2.944607,-0.0709601,-0.03862124,-0.003097543,0.9967265,351.8541,355.5649,359.9598,0.4200603,-0.108549,-0.9009806,0,0,0,1.215325,0.3401298,-0.917763,-1.192093e-07,0.4008,2.111,0.9969976,-0.0006936716,0.07742922,0.01165594,0.9899101,-0.1412164,-0.07655001,0.1416949,0.9869461,static,1.0147544583325094,10.541474890089459,-3.235523339037838e-06,10.750370096520475,-0.15692600000000012,0.6958739,2.026844,0.01741107744961009,0.1829194968342996,0.9829737032539008,1.220272257671328,10.401195339217942,1.0192684075324667,1.0360358992378096,1.2692498928220444
05/10/2023 16:36:05.787790,4856,True,True,True,True,Eyes,1.368021,-0.3537784,-2.936232,-0.05556137,0.3202686,0.9456961,0.0,0.0,0.0,0.0,0.0,0.0,0.0,-1.140065,-0.07957405,3.061692,1.372191,-0.3557181,-2.944588,-0.07094669,-0.03866236,-0.003081382,0.9967259,351.8557,355.56,359.962,0.4200393,-0.1085507,-0.9009902,0,0,0,1.215076,0.3400986,-0.9177392,-2.235174e-07,0.4008,2.111,0.9969915,-0.0006566531,0.07750877,0.01162852,0.9899141,-0.1411905,-0.07663431,0.141667,0.9869435,static,1.0313065311246872,10.538584337949155,-6.066605242888384e-06,10.750370096520475,-0.1571149999999999,0.6958167,2.0268488,0.017695216765249926,0.18286900878166637,0.9829781078275794,1.236072167136146,10.398280691716204,1.035800350994714,1.0528337389018676,1.2852456375746457
05/10/2023 16:36:05.803279,4857,True,True,True,True,Eyes,1.367972,-0.3537856,-2.936239,-0.0554028,0.3201686,0.9457392,0.0,0.0,0.0,0.0,0.0,0.0,0.0,-1.13975,-0.07907376,3.061847,1.372188,-0.3557363,-2.944613,-0.07090055,-0.03870942,-0.002996033,0.9967276,351.8614,355.5539,359.972,0.420018,-0.1085526,-0.9009999,0,0,0,1.214782,0.339879,-0.9177173,-2.235174e-07,0.4007999,2.111,0.9969852,-0.0004834192,0.07759032,0.01146149,0.9899282,-0.1411051,-0.07674063,0.141569,0.9869494,static,1.0484674016277609,10.5381352469508,-6.066605242888384e-06,10.750367476802118,-0.15740599999999993,0.6956153,2.0268957,0.017989659798234154,0.18286033226585902,0.9829743171184097,1.2525883784748566,10.39771746191277,1.052412527667045,1.0697378804998008,1.3012896975105046
05/10/2023 16:36:05.828378,4858,True,True,True,True,Eyes,1.367924,-0.3537934,-2.936247,-0.05525625,0.3200654,0.9457827,0.0,0.0,0.0,0.0,0.0,0.0,0.0,-1.139795,-0.07873178,3.061904,1.372193,-0.3558292,-2.944667,-0.07085835,-0.03870237,-0.002995438,0.9967309,351.8662,355.5547,359.9718,0.4199974,-0.1085546,-0.9010093,0,0,0,1.214813,0.3396143,-0.9177103,-2.831221e-07,0.4008,2.111,0.9969863,-0.0004865184,0.07757621,0.01145607,0.9899402,-0.1410216,-0.07672719,0.1414853,0.9869625,static,1.056337914267386,10.5367948119089,-7.684368269484011e-06,10.750370096520475,-0.15738000000000008,0.6954435,2.0269567,0.018124767537813002,0.182836888584967,0.9829761919979453,1.2601030424019692,10.396364378924295,1.0602682130655736,1.0777200127833932,1.308892314826627
05/10/2023 16:36:05.843268,4859,True,True,True,True,Eyes,1.36789,-0.3538035,-2.936253,-0.05511468,0.3199463,0.9458313,0.0,0.0,0.0,0.0,0.0,0.0,0.0,-1.139714,-0.07748285,3.061997,1.372194,-0.3558482,-2.944696,-0.0707694,-0.03870327,-0.002717981,0.9967379,351.8777,355.5524,0.00346013,0.4199776,-0.1085566,-0.9010183,0,0,0,1.214501,0.3391892,-0.9176242,-1.490116e-07,0.4008,2.111,0.9969894,5.978586e-05,0.07753874,0.01089625,0.9899686,-0.1408667,-0.07676933,0.1412875,0.9869875,static,1.0729142270571028,10.540536012769682,-4.044403495258931e-06,10.750370096520475,-0.15769299999999986,0.6950374,2.0270718,0.018408933345595575,0.18290013064329463,0.9829591874938781,1.2762781546294946,10.399849228759036,1.0754839445505286,1.0932446935327573,1.3235411328344566
05/10/2023 16:36:05.853426,4860,True,True,True,True,Eyes,1.367857,-0.3538117,-2.936258,-0.05496237,0.3198345,0.9458779,0.0,0.0,0.0,0.0,0.0,0.0,0.0,-1.139428,-0.07836676,3.062144,1.372241,-0.3558587,-2.944738,-0.07091878,-0.03875592,-0.002708443,0.9967253,351.8605,355.5461,0.005666212,0.4199589,-0.1085588,-0.9010267,0,0,0,1.214328,0.3397855,-0.9178922,-2.533197e-07,0.4008,2.111,0.9969813,9.789711e-05,0.07764216,0.01089619,0.9899263,-0.1411632,-0.07687384,0.141583,0.986937,static,1.0883306623553508,10.516721773397634,-6.8754853991094686e-06,10.750370096520475,-0.15791299999999997,0.6956442,2.0268458000000003,0.018674859014965378,0.18249064788104813,0.9830302051775436,1.289873429715636,10.376751692917047,1.0952683195590989,1.1131352726292438,1.342900559705256
05/10/2023 16:36:05.873118,4861,True,True,True,True,Eyes,1.367834,-0.353821,-2.93626,-0.05481582,0.3197063,0.9459297,0.0,0.0,0.0,0.0,0.0,0.0,0.0,-1.140322,-0.07933289,3.06176,1.372239,-0.3558216,-2.944716,-0.07094873,-0.03862376,-0.003016324,0.9967274,351.8557,355.5639,359.9692,0.4199411,-0.108561,-0.9010348,0,0,0,1.215214,0.3399931,-0.9178592,-2.682209e-07,0.4008,2.111,0.9969982,-0.0005322918,0.07742272,0.01149352,0.9899144,-0.1412001,-0.0765667,0.141666,0.986949,static,1.0731434065895928,10.504772231286038,-7.279926834296739e-06,10.750370096520475,-0.15702499999999997,0.6958147,2.0268568,0.01841499737566905,0.18228649559066412,0.9830729429299646,1.2746016385421142,10.365335234530002,1.0833706739756577,1.1008954116438088,1.3314953022780835
05/10/2023 16:36:05.883273,4862,True,True,True,True,Eyes,1.36781,-0.3538287,-2.936263,-0.05468361,0.3195843,0.9459786,0.0,0.0,0.0,0.0,0.0,0.0,0.0,-1.140839,-0.07879764,3.061527,1.372121,-0.3558472,-2.944712,-0.07089559,-0.03851726,-0.002948678,0.9967356,351.8622,355.5757,359.9759,0.4199245,-0.1085633,-0.9010422,0,0,0,1.21546,0.3397405,-0.9177497,-1.192093e-07,0.4008,2.111,0.9970155,-0.0004166963,0.07720114,0.01133951,0.9899302,-0.1411012,-0.07636494,0.1415555,0.9869804,static,1.0709269497578,10.503653780475641,-3.235523339037838e-06,10.750370096520475,-0.15666099999999994,0.6955876999999999,2.0269623,0.018377034160093175,0.18226743667347545,0.9830772094861325,1.2724060289669288,10.364272694576712,1.0815026074587224,1.0989815295759202,1.3296979131172568
05/10/2023 16:36:05.903151,4863,True,True,True,True,Eyes,1.36781,-0.3538389,-2.936263,-0.05453908,0.3194501,0.9460323,0.0,0.0,0.0,0.0,0.0,0.0,0.0,-1.140325,-0.07858384,3.06173,1.372101,-0.3558168,-2.944731,-0.07091038,-0.03859135,-0.002810211,0.996732,351.8611,355.566,359.9925,0.4199089,-0.1085657,-0.9010492,0,0,0,1.214981,0.3398094,-0.9178174,-2.533197e-07,0.4008,2.111,0.9970056,-0.0001290008,0.077329,0.01107511,0.9899276,-0.1411404,-0.07653191,0.1415742,0.9869648,static,1.0919754120826162,10.49426420052898,-6.8754853991094686e-06,10.750370096520475,-0.15711999999999993,0.6956262,2.0269136,0.018738754778540714,0.18210511073365365,0.9831004923173317,1.2921948628101136,10.355052423248322,1.103838617720431,1.121612921788922,1.3513183915181697
05/10/2023 16:36:05.928608,4864,True,True,True,True,Eyes,1.367812,-0.3538503,-2.936263,-0.05440118,0.3193142,0.9460861,0.0,0.0,0.0,0.0,0.0,0.0,0.0,-1.140115,-0.07848155,3.061815,1.372141,-0.3558981,-2.944707,-0.07094775,-0.03862775,-0.002710372,0.9967282,351.8572,355.5609,0.004520038,0.4198948,-0.1085681,-0.9010555,0,0,0,1.214762,0.3398645,-0.9178604,-1.341105e-07,0.4008,2.111,0.9970011,7.809519e-05,0.07738731,0.01088411,0.9899182,-0.1412219,-0.07661813,0.1416406,0.9869486,static,1.107271592724763,10.482059978489868,-3.639964774225114e-06,10.750370096520475,-0.15737900000000016,0.6957626,2.0268466000000003,0.01900196308771307,0.18189479546092946,0.9831343570963649,1.3062901892686671,10.343159532557573,1.1213697784637444,1.1393194285911512,1.3682923706928838
05/10/2023 16:36:05.943315,4865,True,True,True,True,Eyes,1.367834,-0.3538599,-2.93626,-0.054286,0.3191572,0.9461457,0.0,0.0,0.0,0.0,0.0,0.0,0.0,-1.140145,-0.07777119,3.061824,1.372166,-0.3559367,-2.944693,-0.07085697,-0.0386254,-0.002662133,0.9967349,351.8678,355.5609,0.00965837,0.4198822,-0.1085706,-0.901061,0,0,0,1.21474,0.3394485,-0.9177202,-2.235174e-07,0.4008,2.111,0.997002,0.0001668762,0.07737582,0.01078064,0.9899443,-0.1410456,-0.07662129,0.1414569,0.9869748,static,1.115250405418959,10.483148757573327,-6.066605242888384e-06,10.750370096520475,-0.15742600000000007,0.6953852,2.0269728000000002,0.01913880542306415,0.1819130044894372,0.9831283429242258,1.3140381142936721,10.344149836032601,1.1287295195480895,1.1468235445702082,1.3754006723079413
05/10/2023 16:36:05.962364,4866,True,True,True,True,Eyes,1.367857,-0.3538689,-2.936257,-0.05417021,0.3190115,0.9462015,0.0,0.0,0.0,0.0,0.0,0.0,0.0,-1.140232,-0.0778065,3.061801,1.372182,-0.3559265,-2.944697,-0.07084495,-0.03861564,-0.002701462,0.996736,351.869,355.5623,0.004986567,0.4198714,-0.1085731,-0.9010657,0,0,0,1.214838,0.3394159,-0.9177035,-1.639128e-07,0.4008,2.111,0.9970031,8.615816e-05,0.07736197,0.01085674,0.9899474,-0.1410188,-0.07659643,0.141436,0.9869797,static,1.1199330376098546,10.475665381978663,-4.448844930446206e-06,10.750370096520475,-0.15734399999999993,0.6953423999999999,2.0269935,0.019219619502181245,0.18178432001187755,0.9831505960990689,1.3181543201909067,10.336892901508039,1.135015661239319,1.1531360083520767,1.3814868552329502
05/10/2023 16:36:05.973541,4867,True,True,True,True,Eyes,1.367874,-0.3538776,-2.936254,-0.05407668,0.3188513,0.9462608,0.0,0.0,0.0,0.0,0.0,0.0,0.0,-1.140532,-0.07846788,3.061651,1.372215,-0.355924,-2.94466,-0.07091016,-0.0385771,-0.002811266,0.9967326,351.8611,355.5677,359.9923,0.4198623,-0.1085757,-0.9010696,0,0,0,1.215155,0.3397014,-0.9177411,-1.639128e-07,0.4008,2.111,0.9970078,-0.0001331439,0.07730079,0.01107518,0.9899276,-0.14114,-0.0765034,0.1415738,0.9869671,static,1.1181078180069333,10.458249744618342,-4.448844930446206e-06,10.750370096520475,-0.15705999999999998,0.6956254,2.0269189,0.01918937606919349,0.18148557050952174,0.983206334393275,1.3154711662692864,10.320100519971772,1.137680432934672,1.1556423933380253,1.3840549130954043
05/10/2023 16:36:05.993442,4868,True,True,True,True,Eyes,1.367889,-0.3538862,-2.936251,-0.05398619,0.3187028,0.9463161,0.0,0.0,0.0,0.0,0.0,0.0,0.0,-1.140609,-0.07907838,3.06161,1.372185,-0.3559102,-2.944679,-0.07095218,-0.03856541,-0.002947592,0.9967297,351.8557,355.5701,359.9767,0.4198546,-0.1085782,-0.901073,0,0,0,1.215326,0.3399078,-0.9178103,-2.682209e-07,0.4008,2.111,0.997008,-0.0004033047,0.07729685,0.0113485,0.9899142,-0.1412129,-0.07646029,0.1416676,0.986957,static,1.1183286206843912,10.444156543608521,-7.279926834296739e-06,10.750370096520475,-0.15685900000000008,0.695818,2.0268686999999996,0.019194037616471496,0.1812437253293132,0.9832509575416115,1.3149362830350813,10.306498827092046,1.141639857483367,1.1595007229764382,1.3878394278874564
05/10/2023 16:36:06.003611,4869,True,True,True,True,Eyes,1.367907,-0.3538944,-2.936247,-0.05389926,0.3185409,0.9463755,0.0,0.0,0.0,0.0,0.0,0.0,0.0,-1.140463,-0.07983947,3.061642,1.372176,-0.3559199,-2.94468,-0.07101943,-0.03859389,-0.003090739,0.9967233,351.8473,355.5679,359.9607,0.419848,-0.1085807,-0.9010757,0,0,0,1.21536,0.3401945,-0.91791,-2.235174e-07,0.4008,2.111,0.9970019,-0.0006793909,0.07737385,0.01164305,0.9898933,-0.1413349,-0.07649584,0.141812,0.9869335,static,1.1227281812470136,10.426365747899633,-6.066605242888384e-06,10.750370096520475,-0.15681600000000007,0.6961144,2.02677,0.01927063962177499,0.18093813160937505,0.9833056784031524,1.3182328102463539,10.289297313338352,1.1507496778031205,1.1685508158508078,1.396546400172321
05/10/2023 16:36:06.023467,4870,True,True,True,True,Eyes,1.367923,-0.3539031,-2.936241,-0.05381563,0.3183848,0.9464328,0.0,0.0,0.0,0.0,0.0,0.0,0.0,-1.14008,-0.08014768,3.061723,1.372144,-0.3559198,-2.944638,-0.07105112,-0.0386536,-0.003135805,0.9967185,351.8434,355.5614,359.9561,0.4198426,-0.1085832,-0.9010779,0,0,0,1.215132,0.3403309,-0.9179303,-2.086163e-07,0.4008,2.111,0.9969921,-0.0007582648,0.07749914,0.01174379,0.9898838,-0.1413935,-0.07660794,0.1418784,0.9869152,static,1.1332790266605868,10.413255625938623,-5.66216652185457e-06,10.750370096520475,-0.15701199999999993,0.6962507,2.0267077,0.019452532814814363,0.1807124976421613,0.9833436021972162,1.327706413242832,10.276566131288426,1.164481945625179,1.1823621916340352,1.4097196716572507
05/10/2023 16:36:06.043366,4871,True,True,True,True,Eyes,1.367951,-0.3539121,-2.936237,-0.05380053,0.3182119,0.9464918,0.0,0.0,0.0,0.0,0.0,0.0,0.0,-1.139971,-0.08029577,3.061741,1.372136,-0.3559398,-2.944621,-0.07104094,-0.03867439,-0.0032269,0.9967181,351.8442,355.5598,359.9457,0.4198382,-0.1085858,-0.9010797,0,0,0,1.215137,0.3402837,-0.9179029,-1.937151e-07,0.4008,2.111,0.9969878,-0.0009376914,0.07755341,0.01192755,0.9898855,-0.141366,-0.07663645,0.1418652,0.9869149,static,1.1340772124876257,10.403784390112351,-5.257725086667295e-06,10.750370096520475,-0.1569990000000001,0.6962235,2.0267181,0.01946682268732636,0.18054989316705194,0.9833731828197051,1.3279732378405409,10.267420293077372,1.1680403184893475,1.1858603210876844,1.4130702025485073
05/10/2023 16:36:06.053237,4872,True,True,True,True,Eyes,1.367978,-0.3539214,-2.936233,-0.05378468,0.3180415,0.94655,0.0,0.0,0.0,0.0,0.0,0.0,0.0,-1.139907,-0.07987481,3.061805,1.372129,-0.3559678,-2.94465,-0.0709931,-0.03868172,-0.003183392,0.9967215,351.8499,355.5586,359.9506,0.4198349,-0.1085883,-0.9010809,0,0,0,1.215049,0.340054,-0.917869,-2.086163e-07,0.4007999,2.111,0.9969872,-0.0008536383,0.0775618,0.01183818,0.9898998,-0.1412744,-0.07665781,0.141767,0.9869274,static,1.1372738213756053,10.39909345504945,-5.66216652185457e-06,10.750367476802118,-0.1570799999999999,0.6960218,2.026781,0.019521980860058352,0.18046919216187834,0.9833869294274209,1.3308053302614389,10.2628693247029,1.1724555251375093,1.190293267243053,1.4172904945237046
05/10/2023 16:36:06.073557,4873,True,True,True,True,Eyes,1.368018,-0.3539278,-2.936232,-0.05365605,0.3177853,0.9466432,0.0,0.0,0.0,0.0,0.0,0.0,0.0,-1.140139,-0.07911196,3.061718,1.372144,-0.3559939,-2.944619,-0.07091287,-0.03864264,-0.003087235,0.996729,351.8595,355.5623,359.961,0.4198327,-0.1085908,-0.9010816,0,0,0,1.215115,0.339686,-0.9177166,-2.980232e-07,0.4008,2.111,0.9969944,-0.0006737525,0.07747032,0.01163479,0.9899237,-0.1411232,-0.07659462,0.1416004,0.9869562,static,1.1434208080352393,10.393080070257861,-8.08880699051782e-06,10.750370096520475,-0.15702900000000009,0.6956799,2.0269024,0.01962786003867638,0.1803655827784279,0.9834036914529217,1.3364109029021163,10.257019859370255,1.1800554865397919,1.1979506688510082,1.424573682859881
05/10/2023 16:36:06.093410,4874,True,True,True,True,Eyes,1.368056,-0.353935,-2.936233,-0.05352899,0.3175368,0.9467338,0.0,0.0,0.0,0.0,0.0,0.0,0.0,-1.140586,-0.07845309,3.061619,1.372148,-0.3559892,-2.944671,-0.07086314,-0.0385634,-0.002944884,0.9967361,351.8659,355.5704,359.9766,0.4198318,-0.1085932,-0.9010818,0,0,0,1.215289,0.3394657,-0.9176776,-2.235174e-07,0.4008,2.111,0.9970084,-0.0004050953,0.07729243,0.01133599,0.9899395,-0.1410366,-0.07645769,0.1414908,0.9869826,static,1.146300738052277,10.384104748116272,-6.066605242888384e-06,10.750370096520475,-0.15685899999999986,0.6954549,2.0269934000000003,0.0196778560305877,0.18021135821898077,0.9834309881928729,1.3387104700061767,10.248336828469805,1.1855262461339204,1.2033991839143758,1.4297550026583263
05/10/2023 16:36:06.108848,4875,True,True,True,True,Eyes,1.368056,-0.353935,-2.936233,-0.05352899,0.3175368,0.9467338,0.0,0.0,0.0,0.0,0.0,0.0,0.0,-1.140997,-0.07794756,3.061494,1.372131,-0.3560151,-2.944691,-0.07083241,-0.03848847,-0.002831525,0.9967415,351.8699,355.5781,359.9889,0.4198318,-0.1085955,-0.9010814,0,0,0,1.215457,0.3392967,-0.9176348,-2.533197e-07,0.4008,2.111,0.9970213,-0.0001921353,0.07712722,0.01109706,0.9899496,-0.1409852,-0.07632495,0.1414212,0.9870028,static,1.141102469218448,10.387847744826558,-6.8754853991094686e-06,10.750370096520475,-0.15667399999999998,0.6953118,2.0270562,0.01958839669626679,0.18027591978926116,0.983420941228173,1.3338988404683676,10.251988177074933,1.1794966179299329,1.1973107332886193,1.4239694507553011
05/10/2023 16:36:06.128139,4876,True,True,True,True,Eyes,1.368056,-0.353935,-2.936233,-0.05352899,0.3175368,0.9467338,0.0,0.0,0.0,0.0,0.0,0.0,0.0,-1.141256,-0.07800451,3.061438,1.372136,-0.3560014,-2.944734,-0.07084055,-0.03844625,-0.002829439,0.9967425,351.869,355.583,359.9888,0.4198319,-0.1085976,-0.9010811,0,0,0,1.215635,0.3393433,-0.9176757,-2.831221e-07,0.4008,2.111,0.9970278,-0.0001933378,0.07704291,0.01108755,0.9899473,-0.141002,-0.07624114,0.1414371,0.987007,static,1.136405056052998,10.38689281160621,-7.684368269484011e-06,10.750370096520475,-0.156501,0.6953447,2.0270583,0.019507829086781725,0.18025981336165472,0.9834254951333333,1.329320703977899,10.25110220567281,1.1753995931452226,1.1931260005717843,1.4199937995972018
05/10/2023 16:36:06.143353,4877,True,True,True,True,Eyes,1.368071,-0.3539411,-2.936239,-0.05322933,0.3175236,0.9467552,0.0,0.0,0.0,0.0,0.0,0.0,0.0,-1.141191,-0.07793367,3.061486,1.372128,-0.356039,-2.944757,-0.0708272,-0.03845611,-0.002846393,0.996743,351.8705,355.582,359.9869,0.4198319,-0.1085995,-0.9010808,0,0,0,1.215604,0.3392539,-0.9176822,-1.490116e-07,0.4008,2.111,0.9970261,-0.0002267658,0.07706491,0.01112172,0.9899508,-0.1409741,-0.0762585,0.1414119,0.9870093,static,1.1545124072591166,10.387711872831034,-4.044403495258931e-06,10.750370096520475,-0.1565240000000001,0.6952929,2.0270748000000003,0.019818576526238786,0.18027278299754165,0.9834169790028255,1.3468164352416097,10.251755588332786,1.1920944168613674,1.2101360354808088,1.4361552256517125
05/10/2023 16:36:06.153630,4878,True,True,True,True,Eyes,1.368086,-0.3539495,-2.936247,-0.05295109,0.3175169,0.9467731,0.0,0.0,0.0,0.0,0.0,0.0,0.0,-1.140982,-0.07858869,3.061552,1.372122,-0.3560101,-2.944768,-0.07088628,-0.03849341,-0.002950543,0.9967372,351.8632,355.5785,359.9754,0.4198323,-0.1086013,-0.9010805,0,0,0,1.21556,0.3395399,-0.9177845,-2.980232e-07,0.4008,2.111,0.9970191,-0.0004245218,0.07715392,0.01133914,0.9899328,-0.1410828,-0.07631731,0.1415371,0.9869868,static,1.1719998286528361,10.380423536639107,-8.08880699051782e-06,10.750370096520475,-0.1565620000000001,0.69555,2.0269835,0.02011920112320856,0.18014661227446646,0.9834340437637925,1.3632845358051322,10.244589975608937,1.2107275749687374,1.2290089567438387,1.4540908881603998
05/10/2023 16:36:06.173457,4879,True,True,True,True,Eyes,1.368121,-0.3539561,-2.936253,-0.05283426,0.3173276,0.946843,0.0,0.0,0.0,0.0,0.0,0.0,0.0,-1.140163,-0.07913196,3.061891,1.372115,-0.3560731,-2.944813,-0.07096438,-0.03862703,-0.002992601,0.9967263,351.854,355.5634,359.972,0.4198329,-0.1086032,-0.90108,0,0,0,1.21505,0.3398017,-0.91798,-1.639128e-07,0.4007999,2.111,0.996998,-0.0004833205,0.07742589,0.0114479,0.9899102,-0.1412329,-0.07657641,0.1416953,0.986944,static,1.1930078228972099,10.360052130673811,-4.448844930446206e-06,10.750367476802118,-0.157065,0.6958747999999999,2.026833,0.020481119646558497,0.17979560587674043,0.9834907194508479,1.3824517379834729,10.224772483622996,1.2367647491515,1.2552387621287844,1.4789980410247647
05/10/2023 16:36:06.194339,4880,True,True,True,True,Eyes,1.368155,-0.3539621,-2.936261,-0.05272975,0.3171466,0.9469095,0.0,0.0,0.0,0.0,0.0,0.0,0.0,-1.139729,-0.07943106,3.062022,1.372126,-0.3560982,-2.944781,-0.07097561,-0.03870459,-0.003091407,0.996722,351.8523,355.5552,359.9613,0.4198342,-0.108605,-0.9010791,0,0,0,1.214849,0.3398379,-0.9179853,-1.639128e-07,0.4007999,2.111,0.9969848,-0.000668385,0.07759426,0.01165671,0.9899058,-0.1412466,-0.07671659,0.1417252,0.9869288,static,1.2052465908308412,10.347702460316292,-4.448844930446206e-06,10.750367476802118,-0.1572769999999999,0.6959361,2.0267957,0.02069201760325313,0.17958284331068008,0.9835252088344408,1.3935925439451637,10.212762369538941,1.2521549510277288,1.2707356861838182,1.4936973688364876
05/10/2023 16:36:06.210068,4881,True,True,True,True,Eyes,1.36819,-0.3539672,-2.936271,-0.05275504,0.3168782,0.9469979,0.0,0.0,0.0,0.0,0.0,0.0,0.0,-1.139014,-0.07969621,3.062334,1.372113,-0.3560913,-2.944843,-0.07098324,-0.03882174,-0.003165045,0.9967167,351.8511,355.5422,359.9538,0.4198362,-0.1086068,-0.901078,0,0,0,1.214432,0.3398877,-0.9180936,-2.533197e-07,0.4008,2.111,0.9969657,-0.0007979212,0.07783789,0.01182069,0.9899028,-0.1412546,-0.07693923,0.1417461,0.9869086,static,1.2152284688549628,10.330515615302861,-6.8754853991094686e-06,10.750370096520475,-0.15768099999999996,0.695979,2.0267494,0.020864506629363025,0.17928715979300328,0.9835754659310708,1.402301477578096,10.196101431011433,1.267111768794581,1.2857195368868555,1.5078734929153792
05/10/2023 16:36:06.225824,4882,True,True,True,True,Eyes,1.368225,-0.3539719,-2.93628,-0.05278167,0.3166222,0.947082,0.0,0.0,0.0,0.0,0.0,0.0,0.0,-1.138748,-0.0800705,3.062445,1.372122,-0.3560918,-2.944862,-0.07101302,-0.03886943,-0.003238458,0.9967125,351.8474,355.5373,359.9459,0.4198387,-0.1086084,-0.9010767,0,0,0,1.214326,0.3400202,-0.9181674,-2.980232e-07,0.4008,2.111,0.9969574,-0.0009351539,0.07794323,0.01197609,0.9898934,-0.1413074,-0.07702334,0.1418109,0.9868926,static,1.217308455694168,10.311490603731926,-8.08880699051782e-06,10.750370096520475,-0.15779600000000005,0.6961120000000001,2.0266946,0.020901476037287155,0.17896040976793923,0.9836341479330528,1.4032968670326198,10.177726443620573,1.2755314634140527,1.294014983957518,1.5156469088447198
05/10/2023 16:36:06.243327,4883,True,True,True,True,Eyes,1.368277,-0.3539743,-2.936287,-0.05292362,0.316337,0.9471695,0.0,0.0,0.0,0.0,0.0,0.0,0.0,-1.138542,-0.0802772,3.062507,1.372136,-0.3560906,-2.944845,-0.07103544,-0.03890672,-0.003264828,0.9967093,351.8447,355.5332,359.9432,0.4198418,-0.10861,-0.9010751,0,0,0,1.214215,0.340117,-0.9181932,-2.086163e-07,0.4008,2.111,0.9969512,-0.0009806566,0.07802123,0.01203568,0.9898866,-0.1413494,-0.07709356,0.1418574,0.9868805,static,1.212884445268784,10.291587331082125,-5.66216652185457e-06,10.750370096520475,-0.15792099999999998,0.6962075999999999,2.0266518,0.020826841786100166,0.17861900545215906,0.9836979020032789,1.3979769608988215,10.158553144111252,1.2785193163754345,1.2967590518587822,1.518091802082996
05/10/2023 16:36:06.253444,4884,True,True,True,True,Eyes,1.368326,-0.353979,-2.936294,-0.05306181,0.3160636,0.947253,0.0,0.0,0.0,0.0,0.0,0.0,0.0,-1.138862,-0.08044377,3.062367,1.372149,-0.3560747,-2.944824,-0.07107303,-0.03885542,-0.003238756,0.9967089,351.8405,355.5389,359.946,0.4198457,-0.1086113,-0.9010731,0,0,0,1.214414,0.3402818,-0.9182089,-2.980232e-07,0.4008,2.111,0.9969596,-0.0009330485,0.07791545,0.01197934,0.9898763,-0.1414265,-0.0769947,0.1419299,0.9868777,static,1.200190407171952,10.270719623137655,-8.08880699051782e-06,10.750370096520475,-0.15773499999999996,0.6963565,2.0266151,0.020610257505718186,0.17826151499338036,0.9837672745584947,1.3846350470317035,10.138511737206798,1.2746480499861694,1.2924941030296733,1.5138055573577593
05/10/2023 16:36:06.273243,4885,True,True,True,True,Eyes,1.368398,-0.3539837,-2.936299,-0.05329797,0.3157431,0.9473466,0.0,0.0,0.0,0.0,0.0,0.0,0.0,-1.138685,-0.08041018,3.062427,1.372121,-0.356136,-2.944823,-0.07107801,-0.03887968,-0.003236192,0.9967076,351.8399,355.5361,359.9465,0.4198505,-0.1086126,-0.9010707,0,0,0,1.214283,0.3402404,-0.9182224,-2.682209e-07,0.4008,2.111,0.9969558,-0.0009240931,0.07796339,0.01197805,0.9898749,-0.1414363,-0.07704329,0.1419396,0.9868726,static,1.1896658376003253,10.250707820253462,-7.279926834296739e-06,10.750370096520475,-0.15783799999999992,0.6963764,2.0266006,0.020430838800613582,0.17791855353949731,0.9838330795758025,1.3734295252912199,10.1192798676135,1.272847779604513,1.290342790459622,1.5114905011112156
