,Time,Frame,EyeTrackingEnabled,EyeCalibrationValid,EyeTrackingEnabledAndValid,EyeTrackingDataValid,GazeInputSource,EyeGazeOrigin.x,EyeGazeOrigin.y,EyeGazeOrigin.z,EyeGazeDirection.x,EyeGazeDirection.y,EyeGazeDirection.z,EyeHitInfo.distance,EyeHitPosition.x,EyeHitPosition.y,EyeHitPosition.z,EyeHitNormal.x,EyeHitNormal.y,EyeHitNormal.z,LocalEyeHitPosition.x,LocalEyeHitPosition.y,LocalEyeHitPosition.z,HeadGazeOrigin.x,HeadGazeOrigin.y,HeadGazeOrigin.z,HeadRotation.x,HeadRotation.y,HeadRotation.z,HeadRotation.w,HeadEulerAngles.x,HeadEulerAngles.y,HeadEulerAngles.z,HeadMovementDirection.x,HeadMovementDirection.y,HeadMovementDirection.z,HeadVelocity.x,HeadVelocity.y,HeadVelocity.z,transform.position.x,transform.position.y,transform.position.z,localTransform.position.x,localTransform.position.y,localTransform.position.z,localXAxis.x,localXAxis.y,localXAxis.z,localYAxis.x,localYAxis.y,localYAxis.z,localZAxis.x,localZAxis.y,localZAxis.z,Movement,GazeAngleX,GazeAngleY,TargetAngleX,TargetAngleY
0,05/08/2023 17:07:53.222079,241,True,True,True,True,Eyes,0.01917766,0.1315852,-3.293967,0.8412078,-0.0446339,0.5388666,0.0,0.0,0.0,0.0,0.0,0.0,0.0,-2.616822,0.5819681,2.283645,0.1339841,0.1345711,-3.516449,0.09809382,0.3934678,0.0311356,0.9135597,8.900988,47.21087,7.800045,-0.005721291,0.04008968,-0.9991788,0.1463623,0.01503643,-0.5579812,0.6779581,0.1585656,-2.795432,-0.2305339,0.1647574,0.7818187,0.6884273,0.134082,-0.7128043,0.02030506,0.9788164,0.2037308,0.7250212,-0.1547274,0.6711213,moving,57.35691,-4.734956,-16.42914,11.90016
1,05/08/2023 17:07:53.242466,242,True,True,True,True,Eyes,0.02504949,0.131494,-3.303244,0.8352205,-0.04688696,0.5479127,0.0,0.0,0.0,0.0,0.0,0.0,0.0,-2.611932,0.58015,2.2979,0.1437875,0.1321677,-3.521499,0.09753741,0.3904034,0.03052863,0.9149534,8.896348,46.8134,7.679408,-0.004330232,0.04006013,-0.999187,0.1546648,0.01419795,-0.5529087,0.6803427,0.1564228,-2.795519,-0.2281818,0.1596538,0.7883527,0.6933064,0.1320224,-0.7084464,0.02029331,0.979109,0.2023213,0.7203571,-0.1546474,0.6761434,moving,56.73474,-4.891101,-16.14263,11.44846
2,05/08/2023 17:07:53.261763,243,True,True,True,True,Eyes,0.03110696,0.1312842,-3.312333,0.8292143,-0.04906068,0.5567735,0.0,0.0,0.0,0.0,0.0,0.0,0.0,-2.604451,0.5794296,2.314299,0.1539125,0.1293892,-3.526252,0.09696912,0.386875,0.0301973,0.9165221,8.881045,46.36013,7.583156,-0.002901413,0.04001882,-0.9991939,0.1630003,0.01307244,-0.5475641,0.6829152,0.1541113,-2.795613,-0.2256818,0.1536091,0.7947297,0.6988318,0.1303828,-0.7033025,0.01967686,0.9793702,0.2011138,0.7150154,-0.1543835,0.6818495,moving,56.12073,-5.035671,-15.85312,10.9395
3,05/08/2023 17:07:53.272753,244,True,True,True,True,Eyes,0.03735932,0.1309422,-3.321233,0.8231941,-0.05113662,0.5654525,0.0,0.0,0.0,0.0,0.0,0.0,0.0,-2.595752,0.5815568,2.33103,0.1643773,0.1262241,-3.530848,0.09671657,0.3831476,0.0300298,0.9181188,8.892607,45.88871,7.517434,-0.001435175,0.0399634,-0.9991993,0.1713927,0.01165862,-0.5419787,0.6856129,0.1516872,-2.795711,-0.2218348,0.1461595,0.8016945,0.7045923,0.1292553,-0.6977412,0.01897159,0.9794882,0.2006063,0.7093588,-0.1545829,0.6876877,moving,55.51481,-5.16748,-15.46716,10.3323
4,05/08/2023 17:07:53.291790,245,True,True,True,True,Eyes,0.04376244,0.1304772,-3.329906,0.8173145,-0.05327236,0.5737238,0.0,0.0,0.0,0.0,0.0,0.0,0.0,-2.589973,0.5850585,2.343971,0.1753257,0.1228184,-3.53534,0.09640281,0.3800079,0.03040199,0.9194434,8.86854,45.4942,7.512152,6.967538e-05,0.03989133,-0.9992033,0.1798663,0.009933071,-0.5361604,0.6881624,0.1493963,-2.795804,-0.2156274,0.1378073,0.8089792,0.7093395,0.1291735,-0.6929299,0.01736183,0.9795644,0.2003798,0.7046532,-0.1541679,0.6926011,moving,54.9326,-5.304912,-14.92478,9.667378
5,05/08/2023 17:07:53.311876,246,True,True,True,True,Eyes,0.05035904,0.1299224,-3.338386,0.811471,-0.05534557,0.5817661,0.0,0.0,0.0,0.0,0.0,0.0,0.0,-2.588584,0.5953134,2.350082,0.1864334,0.1196175,-3.539631,0.09739627,0.3777843,0.03037213,0.9202558,8.992823,45.2316,7.533237,0.001610346,0.03980093,-0.9992056,0.1882837,0.007942338,-0.5300096,0.6908075,0.1470195,-2.7959,-0.2073258,0.1302641,0.8166054,0.7127132,0.1294898,-0.6894,0.01768929,0.979183,0.2022072,0.7012325,-0.1563107,0.6955861,moving,54.36221,-5.434405,-14.24568,9.063404
6,05/08/2023 17:07:53.321969,247,True,True,True,True,Eyes,0.05715191,0.1292879,-3.346669,0.8055714,-0.05731528,0.5897199,0.0,0.0,0.0,0.0,0.0,0.0,0.0,-2.585505,0.6095513,2.356469,0.1976817,0.1168833,-3.543529,0.09817285,0.375463,0.03228977,0.9210576,9.009515,44.96746,7.750868,0.003188041,0.03969168,-0.9992062,0.1967764,0.005801443,-0.5236478,0.6933427,0.1447415,-2.795993,-0.1974611,0.1247729,0.8239276,0.7159699,0.133202,-0.6853061,0.01423906,0.9786389,0.2050929,0.6979861,-0.1565985,0.6987793,moving,53.79395,-5.551181,-13.47722,8.611254
7,05/08/2023 17:07:53.341986,248,True,True,True,True,Eyes,0.06415952,0.128573,-3.354757,0.7996379,-0.0591966,0.5975575,0.0,0.0,0.0,0.0,0.0,0.0,0.0,-2.577365,0.6204756,2.368953,0.2092771,0.1142929,-3.547235,0.09770484,0.3722272,0.03575297,0.922292,8.836094,44.58135,8.068208,0.004802797,0.03956358,-0.9992048,0.2053484,0.003549703,-0.5170784,0.695987,0.1423654,-2.796089,-0.1867387,0.1205439,0.8308669,0.7203373,0.1386862,-0.6796178,0.00678743,0.978351,0.2068413,0.6935908,-0.1536083,0.7038014,moving,53.22978,-5.657506,-12.66684,8.254995
8,05/08/2023 17:07:53.361889,249,True,True,True,True,Eyes,0.07138838,0.1277985,-3.36264,0.7936441,-0.06113613,0.6053029,0.0,0.0,0.0,0.0,0.0,0.0,0.0,-2.566737,0.6338271,2.383125,0.2214538,0.1116161,-3.550727,0.09807338,0.3684359,0.03823061,0.9236748,8.801097,44.1331,8.313848,0.006456444,0.03941655,-0.9992013,0.2140504,0.001191982,-0.5103173,0.6985534,0.1400594,-2.796183,-0.1733494,0.1137662,0.8382078,0.7255868,0.1428928,-0.673131,0.001642217,0.9778401,0.2093469,0.6881286,-0.1530048,0.7092732,moving,52.66766,-5.767366,-11.68459,7.729271
9,05/08/2023 17:07:53.382376,250,True,True,True,True,Eyes,0.0788539,0.1269867,-3.370326,0.787634,-0.06298421,0.6129157,0.0,0.0,0.0,0.0,0.0,0.0,0.0,-2.556574,0.6518279,2.395101,0.234212,0.1094419,-3.553959,0.09940141,0.3647431,0.0404034,0.9249051,8.882003,43.71124,8.571169,0.008150052,0.03925128,-0.9991955,0.2228939,-0.001202956,-0.5033475,0.701215,0.1376678,-2.79628,-0.1596074,0.1036966,0.8455209,0.7306601,0.1472506,-0.6666731,-0.002226669,0.9769738,0.2133475,0.6827378,-0.1544,0.7141637,moving,52.1109,-5.867212,-10.68983,6.991967
10,05/08/2023 17:07:53.392011,251,True,True,True,True,Eyes,0.08654676,0.1261434,-3.377805,0.7815085,-0.06463563,0.6205375,0.0,0.0,0.0,0.0,0.0,0.0,0.0,-2.546604,0.669683,2.406523,0.2473744,0.1076824,-3.556998,0.1000647,0.3611944,0.04407597,0.9260578,8.829314,43.30823,8.96118,0.009885732,0.03906905,-0.9991869,0.2319168,-0.003566359,-0.4962037,0.703781,0.135362,-2.796373,-0.1468266,0.09716502,0.851792,0.7351918,0.1539194,-0.6601529,-0.00934815,0.9760887,0.2171714,0.6777947,-0.1534914,0.7190513,moving,51.54953,-5.946525,-9.780181,6.507675
11,05/08/2023 17:07:53.412102,252,True,True,True,True,Eyes,0.0944718,0.1252867,-3.385088,0.7752907,-0.06622221,0.6281233,0.0,0.0,0.0,0.0,0.0,0.0,0.0,-2.533478,0.6808043,2.422598,0.2606919,0.1060525,-3.559744,0.09949671,0.3570136,0.04817662,0.9275348,8.637006,42.81071,9.337771,0.01166515,0.03887119,-0.9991754,0.2410804,-0.005882013,-0.4888683,0.706704,0.1327356,-2.79648,-0.1352496,0.09316809,0.8577094,0.7404406,0.1604143,-0.6526982,-0.01832762,0.9755588,0.2189727,0.6718718,-0.1501739,0.7252834,moving,50.98637,-6.018385,-8.961009,6.199408
12,05/08/2023 17:07:53.422268,253,True,True,True,True,Eyes,0.1026684,0.1244495,-3.392182,0.7688113,-0.06777501,0.6358739,0.0,0.0,0.0,0.0,0.0,0.0,0.0,-2.516564,0.6929111,2.442152,0.2742171,0.1048405,-3.562462,0.09983936,0.3520016,0.05082108,0.9292707,8.614027,42.21675,9.591349,0.01349025,0.03865935,-0.9991607,0.2503907,-0.008099409,-0.4813873,0.708899,0.1307632,-2.79656,-0.1241697,0.08949022,0.862552,0.7470242,0.1647403,-0.6440617,-0.02416587,0.9748986,0.2213338,0.6643575,-0.1497774,0.732254,moving,50.40629,-6.083936,-8.191802,5.923275
13,05/08/2023 17:07:53.442092,254,True,True,True,True,Eyes,0.1111118,0.123778,-3.39907,0.7623689,-0.06966713,0.6433818,0.0,0.0,0.0,0.0,0.0,0.0,0.0,-2.499084,0.697892,2.463468,0.2884502,0.1043408,-3.564696,0.0994469,0.3466948,0.05293119,0.9311882,8.540336,41.57207,9.753617,0.01536425,0.03843604,-0.9991422,0.2599571,-0.01012493,-0.473785,0.7117758,0.1281782,-2.796664,-0.1143691,0.08486068,0.8677998,0.754002,0.1675332,-0.6351485,-0.02962236,0.9746172,0.2219095,0.6562038,-0.1485056,0.7398261,moving,49.83816,-6.180064,-7.507858,5.5851
14,05/08/2023 17:07:53.461986,255,True,True,True,True,Eyes,0.1197717,0.1232204,-3.405731,0.7557296,-0.07099033,0.6510248,0.0,0.0,0.0,0.0,0.0,0.0,0.0,-2.491785,0.733896,2.465177,0.30283,0.1076911,-3.566705,0.1048216,0.3437211,0.05430786,0.9316217,9.089352,41.30828,10.10488,0.01728942,0.03820803,-0.9991195,0.2696899,-0.01153189,-0.4660217,0.7140074,0.1261729,-2.796746,-0.1058089,0.0798901,0.8720794,0.7578129,0.1732475,-0.6290509,-0.02912999,0.9721262,0.2326416,0.6518213,-0.1579745,0.7417365,moving,49.25668,-6.223172,-6.917854,5.234185
15,05/08/2023 17:07:53.472384,256,True,True,True,True,Eyes,0.1286726,0.1226657,-3.412204,0.7490315,-0.07182835,0.6586292,0.0,0.0,0.0,0.0,0.0,0.0,0.0,-2.461581,0.7317162,2.500548,0.3173092,0.1097832,-3.568584,0.1000525,0.3366176,0.06434603,0.9340972,8.256068,40.42588,10.92559,0.01926613,0.03797977,-0.999092,0.2794881,-0.01251271,-0.4580439,0.7166429,0.1238048,-2.796842,-0.099213,0.07643461,0.8762579,0.7650962,0.1875698,-0.6159914,-0.05285206,0.9716982,0.2302375,0.6417433,-0.1435974,0.7533561,moving,48.67459,-6.223929,-6.45972,4.985203
16,05/08/2023 17:07:53.492497,257,True,True,True,True,Eyes,0.13772,0.1221996,-3.418545,0.7422477,-0.07422148,0.6660026,0.0,0.0,0.0,0.0,0.0,0.0,0.0,-2.454591,0.6997346,2.521316,0.3320273,0.1092161,-3.570645,0.09432782,0.3325022,0.06552861,0.9360827,7.644169,39.83312,10.78191,0.02129662,0.03775154,-0.9990595,0.2894217,-0.01342608,-0.4499812,0.7191842,0.1215213,-2.796935,-0.09336719,0.07435983,0.8799665,0.7702966,0.1854088,-0.6101366,-0.05995197,0.9736165,0.2201741,0.6348613,-0.1330205,0.7610891,moving,48.09907,-6.358988,-6.0566,4.830192
17,05/08/2023 17:07:53.511769,258,True,True,True,True,Eyes,0.1469664,0.1219311,-3.424669,0.7353278,-0.07634668,0.6733975,0.0,0.0,0.0,0.0,0.0,0.0,0.0,-2.440176,0.7874487,2.515944,0.3447858,0.1112259,-3.573969,0.1105366,0.3287474,0.06031958,0.9359853,9.628633,39.62234,10.85042,0.02337922,0.03752625,-0.9990214,0.2991984,-0.01401906,-0.4420059,0.7217874,0.1191821,-2.797029,-0.087807,0.07197475,0.8838915,0.7765734,0.1855937,-0.6020704,-0.04023922,0.9682864,0.2465811,0.6287405,-0.1672615,0.7594136,moving,47.51721,-6.468309,-5.673229,4.65529
18,05/08/2023 17:07:53.521941,259,True,True,True,True,Eyes,0.1563444,0.1217271,-3.430647,0.7281098,-0.07848649,0.6809523,0.0,0.0,0.0,0.0,0.0,0.0,0.0,-2.417249,0.7876319,2.541513,0.3588545,0.1156173,-3.574996,0.108909,0.322802,0.0652096,0.9379155,9.334342,38.90581,11.25753,0.0255152,0.03730983,-0.9989772,0.3089859,-0.01398327,-0.4338548,0.7244651,0.1167761,-2.797127,-0.08162072,0.0703553,0.8880603,0.7830932,0.1926343,-0.5913181,-0.05201012,0.9677731,0.2463944,0.6197258,-0.1621953,0.7678754,moving,46.91682,-6.574893,-5.251244,4.529715
19,05/08/2023 17:07:53.547228,260,True,True,True,True,Eyes,0.1658494,0.1216262,-3.436493,0.7207562,-0.08143409,0.6883887,0.0,0.0,0.0,0.0,0.0,0.0,0.0,-2.396818,0.7802933,2.568647,0.371518,0.1169802,-3.577685,0.1076185,0.3168558,0.06575222,0.9400518,9.245561,38.16303,11.20645,0.02770248,0.03710347,-0.9989266,0.3185806,-0.0137562,-0.4257592,0.7269973,0.1145008,-2.79722,-0.07584989,0.06976151,0.8919759,0.7905582,0.1918201,-0.5815693,-0.05542188,0.9681898,0.2440019,0.609874,-0.1606661,0.7760413,moving,46.31583,-6.746546,-4.8605,4.472004
20,05/08/2023 17:07:53.562218,261,True,True,True,True,Eyes,0.1754989,0.1216832,-3.442173,0.7130783,-0.08433493,0.6959935,0.0,0.0,0.0,0.0,0.0,0.0,0.0,-2.368181,0.8351412,2.583757,0.3841145,0.1195519,-3.580462,0.1177698,0.3102396,0.06272721,0.9412477,10.53174,37.52153,11.21159,0.02993975,0.03690931,-0.9988694,0.3279807,-0.01323363,-0.4177524,0.7295955,0.1121661,-2.797314,-0.07216957,0.07086669,0.8957951,0.7996334,0.1911574,-0.5692498,-0.04500999,0.9643911,0.260622,0.5987992,-0.1827802,0.7797634,moving,45.69467,-6.908962,-4.606076,4.52327
21,05/08/2023 17:07:53.572155,262,True,True,True,True,Eyes,0.1852845,0.1217887,-3.447708,0.7052331,-0.08669764,0.7036546,0.0,0.0,0.0,0.0,0.0,0.0,0.0,-2.340368,0.8240594,2.617113,0.3972777,0.1233757,-3.582265,0.1156247,0.3031054,0.06476019,0.9436971,10.30983,36.63314,11.27259,0.03222687,0.03673096,-0.9988048,0.3372505,-0.01226844,-0.4097261,0.732228,0.1098006,-2.79741,-0.07018346,0.07303102,0.8997246,0.8078665,0.192321,-0.5571036,-0.05213507,0.9648741,0.2574877,0.5870551,-0.1789711,0.7895161,moving,45.06419,-7.024041,-4.460353,4.640548
22,05/08/2023 17:07:53.592618,263,True,True,True,True,Eyes,0.1951609,0.1218897,-3.453074,0.6973612,-0.08898262,0.7111747,0.0,0.0,0.0,0.0,0.0,0.0,0.0,-2.318294,0.7951766,2.650594,0.4103849,0.124544,-3.584482,0.110068,0.296779,0.0674106,0.9461835,9.687655,35.7884,11.28491,0.03456289,0.0365683,-0.9987327,0.3463724,-0.01121612,-0.4017479,0.7348343,0.1074587,-2.797505,-0.06875658,0.0736874,0.9038298,0.8147562,0.1928973,-0.5467752,-0.06223385,0.9666817,0.2483012,0.5764542,-0.168277,0.7996145,moving,44.43812,-7.131822,-4.350254,4.660899
23,05/08/2023 17:07:53.612066,264,True,True,True,True,Eyes,0.2051781,0.1220346,-3.458292,0.689428,-0.09097568,0.7186184,0.0,0.0,0.0,0.0,0.0,0.0,0.0,-2.299,0.7903714,2.673747,0.4236588,0.1247396,-3.586637,0.108286,0.2913557,0.06961377,0.9479135,9.481358,35.12032,11.40699,0.03694481,0.0364197,-0.9986528,0.355219,-0.01024007,-0.3937406,0.7373484,0.1051996,-2.797597,-0.06354836,0.06811629,0.9088416,0.8205315,0.1950751,-0.5372836,-0.06887621,0.9668561,0.2458561,0.5674363,-0.1647267,0.806772,moving,43.81237,-7.215151,-3.999747,4.286218
24,05/08/2023 17:07:53.622247,265,True,True,True,True,Eyes,0.2153472,0.122228,-3.463377,0.6814369,-0.09287058,0.7259606,0.0,0.0,0.0,0.0,0.0,0.0,0.0,-2.282313,0.7840018,2.694429,0.4371097,0.1258712,-3.588405,0.1058931,0.2864804,0.07300699,0.9494134,9.162933,34.5183,11.6467,0.03937265,0.03628507,-0.9985649,0.3639576,-0.009190945,-0.3857702,0.7399392,0.1028716,-2.797691,-0.05882698,0.06204409,0.9133484,0.8251979,0.1993002,-0.5285147,-0.07795501,0.9669132,0.2429028,0.5594385,-0.1592425,0.8134313,moving,43.18803,-7.290129,-3.685219,3.886153
25,05/08/2023 17:07:53.642328,266,True,True,True,True,Eyes,0.2256384,0.1224209,-3.468319,0.6733727,-0.0944399,0.7332464,0.0,0.0,0.0,0.0,0.0,0.0,0.0,-2.268014,0.7686552,2.715058,0.4502322,0.1269677,-3.589907,0.1021513,0.281932,0.07637438,0.9509187,8.697075,33.93216,11.84183,0.04184781,0.03616441,-0.9984686,0.3726273,-0.008059327,-0.3778783,0.7425932,0.1004868,-2.797788,-0.05339348,0.0611678,0.9180192,0.8293627,0.2028511,-0.5205853,-0.08765226,0.9674641,0.2373399,0.5517922,-0.1512104,0.820159,moving,42.56264,-7.339118,-3.328665,3.811995
26,05/08/2023 17:07:53.661863,267,True,True,True,True,Eyes,0.236032,0.1225754,-3.47313,0.6651955,-0.09655009,0.7404006,0.0,0.0,0.0,0.0,0.0,0.0,0.0,-2.252143,0.7524334,2.737113,0.4635078,0.1270872,-3.591532,0.09878238,0.2769601,0.0783063,0.9525772,8.326872,33.29219,11.89247,0.04436926,0.03605633,-0.9983636,0.3811435,-0.006997058,-0.3700314,0.745173,0.09816869,-2.797882,-0.04983255,0.05577828,0.9224818,0.8343225,0.2039032,-0.5121812,-0.09446805,0.9682204,0.2315711,0.5431224,-0.1448203,0.8270703,moving,41.93737,-7.42959,-3.092118,3.460202
27,05/08/2023 17:07:53.671706,268,True,True,True,True,Eyes,0.2465292,0.1227288,-3.477817,0.657017,-0.09897719,0.7473501,0.0,0.0,0.0,0.0,0.0,0.0,0.0,-2.236558,0.7578362,2.75294,0.4765526,0.1264288,-3.593341,0.09978148,0.2722528,0.0774959,0.9538955,8.520614,32.74058,11.79636,0.04693596,0.03595841,-0.9982498,0.3894555,-0.006113593,-0.362262,0.7478051,0.09580357,-2.797978,-0.04670563,0.05310883,0.9272189,0.8397455,0.2021775,-0.5039361,-0.09351438,0.9680761,0.2325592,0.5348668,-0.1481652,0.8318441,moving,41.31964,-7.544207,-2.883651,3.278181
28,05/08/2023 17:07:53.697191,269,True,True,True,True,Eyes,0.257126,0.1229221,-3.482385,0.6487683,-0.1022429,0.7540863,0.0,0.0,0.0,0.0,0.0,0.0,0.0,-2.222793,0.7810253,2.762214,0.4895746,0.1266566,-3.595124,0.1041369,0.2680688,0.07543341,0.9547798,9.114784,32.29993,11.67924,0.04954702,0.03586961,-0.9981268,0.3975798,-0.005286532,-0.3545874,0.7503211,0.09354275,-2.79807,-0.04459614,0.05060343,0.9315042,0.8448979,0.1998762,-0.4961824,-0.08821288,0.9669306,0.2392982,0.527604,-0.1584128,0.8345893,moving,40.70663,-7.721369,-2.740965,3.109504
29,05/08/2023 17:07:53.712928,270,True,True,True,True,Eyes,0.2678116,0.1231597,-3.486818,0.6404362,-0.1055404,0.7607251,0.0,0.0,0.0,0.0,0.0,0.0,0.0,-2.204193,0.8024311,2.775362,0.5022957,0.1278726,-3.596713,0.1079265,0.2631622,0.07443967,0.9558015,9.621171,31.77168,11.65065,0.05220116,0.03579028,-0.9979944,0.4055154,-0.004389626,-0.3470186,0.7528603,0.09126117,-2.798162,-0.04408091,0.0513505,0.9356097,0.8504088,0.1991034,-0.4869936,-0.08549476,0.9656212,0.2454919,0.5191296,-0.1671331,0.838195,moving,40.09322,-7.898596,-2.697475,3.1415
30,05/08/2023 17:07:53.722121,271,True,True,True,True,Eyes,0.2785856,0.1234361,-3.491129,0.6319447,-0.1092012,0.7672815,0.0,0.0,0.0,0.0,0.0,0.0,0.0,-2.18626,0.8034866,2.793242,0.5151646,0.1292378,-3.597976,0.1091,0.2579274,0.07239494,0.9572511,9.876611,31.14899,11.40902,0.05489698,0.03572087,-0.9978522,0.4132413,-0.00341325,-0.3394963,0.7554425,0.08894093,-2.798256,-0.04823667,0.06145288,0.9391391,0.8564649,0.19488,-0.478006,-0.0823205,0.9657124,0.2462175,0.5095991,-0.1715269,0.8431413,moving,39.47539,-8.100065,-2.940279,3.743831
31,05/08/2023 17:07:53.741991,272,True,True,True,True,Eyes,0.2894533,0.1237461,-3.495305,0.6234129,-0.1127736,0.7737173,0.0,0.0,0.0,0.0,0.0,0.0,0.0,-2.168805,0.7968431,2.812939,0.5280262,0.130561,-3.599366,0.1098506,0.2524859,0.0685581,0.9588971,10.13982,30.47751,10.948,0.05763333,0.03566164,-0.9977001,0.4207687,-0.002379518,-0.332059,0.7580996,0.08655334,-2.798353,-0.04454216,0.050542,0.9444247,0.8631014,0.1869518,-0.4691536,-0.07600889,0.9664653,0.2452907,0.4992782,-0.1760509,0.8483675,moving,38.85969,-8.292785,-2.700256,3.063329
32,05/08/2023 17:07:53.761995,273,True,True,True,True,Eyes,0.3003833,0.1240723,-3.499346,0.6148495,-0.1164927,0.7799934,0.0,0.0,0.0,0.0,0.0,0.0,0.0,-2.160172,0.780591,2.82795,0.5411875,0.1317566,-3.600378,0.1094513,0.2483151,0.06388897,0.9603531,10.28209,29.92979,10.36736,0.06040907,0.03561266,-0.9975376,0.4281258,-0.001306646,-0.3246632,0.7605226,0.08437613,-2.798441,-0.04964605,0.04795796,0.9482082,0.8685157,0.1770688,-0.4629549,-0.06835514,0.9678773,0.241953,0.4909258,-0.1784946,0.8527201,moving,38.24784,-8.49439,-2.997141,2.895407
33,05/08/2023 17:07:53.772619,274,True,True,True,True,Eyes,0.3113735,0.1244195,-3.503262,0.6062981,-0.1200903,0.7861177,0.0,0.0,0.0,0.0,0.0,0.0,0.0,-2.156915,0.7642931,2.838667,0.5540019,0.1326516,-3.60138,0.1086613,0.2451975,0.0599886,0.9614949,10.34275,29.50849,9.870967,0.06322148,0.0355735,-0.9973647,0.4352283,-0.0002496659,-0.3173056,0.7631904,0.08197897,-2.798539,-0.05565429,0.07543261,0.9524435,0.8725591,0.1686444,-0.4584754,-0.06207052,0.9691882,0.2383726,0.4845492,-0.1795364,0.8561418,moving,37.64143,-8.685569,-3.344171,4.528318
34,05/08/2023 17:07:53.791985,275,True,True,True,True,Eyes,0.322424,0.1247874,-3.507052,0.597758,-0.1237429,0.7920688,0.0,0.0,0.0,0.0,0.0,0.0,0.0,-2.149195,0.7547873,2.850785,0.5664754,0.1335453,-3.602359,0.1083423,0.2416173,0.05742751,0.9625929,10.418,29.05227,9.534652,0.06606832,0.0355439,-0.9971813,0.4420851,0.000807084,-0.3100146,0.7657505,0.07967854,-2.798632,-0.06041074,0.06322245,0.9568099,0.8766463,0.1629134,-0.4527146,-0.05820391,0.9699281,0.23633,0.4776019,-0.1808281,0.8597661,moving,37.0411,-8.879399,-3.612726,3.780397
35,05/08/2023 17:07:53.811764,276,True,True,True,True,Eyes,0.3335377,0.1251725,-3.510715,0.589161,-0.127216,0.7979382,0.0,0.0,0.0,0.0,0.0,0.0,0.0,-2.136976,0.7483352,2.865136,0.5788873,0.1344717,-3.603122,0.1080427,0.2374596,0.055951,0.9637476,10.4676,28.5381,9.314311,0.06894784,0.03552361,-0.9969871,0.4487115,0.00186212,-0.3027855,0.7683576,0.07733586,-2.798727,-0.06245244,0.04939633,0.9622891,0.8809649,0.1591568,-0.445612,-0.05653375,0.9703926,0.2348239,0.4697924,-0.1816795,0.8638794,moving,36.44046,-9.058478,-3.713281,2.938534
36,05/08/2023 17:07:53.831741,277,True,True,True,True,Eyes,0.3447136,0.1255678,-3.514243,0.5804806,-0.1307744,0.8037041,0.0,0.0,0.0,0.0,0.0,0.0,0.0,-2.11914,0.7433622,2.883116,0.5915729,0.1352708,-3.603809,0.1072367,0.2325147,0.0561736,0.9650295,10.41932,27.93962,9.261482,0.07185856,0.03551231,-0.9967819,0.4551301,0.002905933,-0.2956069,0.7709273,0.07502682,-2.798821,-0.06511146,0.05845414,0.9660966,0.8855629,0.1582866,-0.4367194,-0.05855015,0.9706897,0.2330954,0.4608148,-0.1808507,0.8688744,moving,35.83895,-9.241863,-3.8557,3.462487
37,05/08/2023 17:07:53.842278,278,True,True,True,True,Eyes,0.3559608,0.1259687,-3.517635,0.571708,-0.1341231,0.8094202,0.0,0.0,0.0,0.0,0.0,0.0,0.0,-2.099592,0.7442905,2.900416,0.6044615,0.1359843,-3.604275,0.1068137,0.2274695,0.05759014,0.9661946,10.38173,27.3473,9.354429,0.07479867,0.0355095,-0.9965657,0.4613499,0.003917337,-0.2884548,0.7735826,0.0726409,-2.798918,-0.06707174,0.05056951,0.9704407,0.889882,0.1598803,-0.4272568,-0.06269285,0.9705485,0.2326056,0.4518625,-0.1802056,0.8736969,moving,35.23425,-9.408575,-3.953694,2.982976
38,05/08/2023 17:07:53.861869,279,True,True,True,True,Eyes,0.3672773,0.1263555,-3.520897,0.5626526,-0.1374726,0.815183,0.0,0.0,0.0,0.0,0.0,0.0,0.0,-2.075087,0.743576,2.921214,0.6174842,0.1364864,-3.604506,0.1057555,0.221681,0.059921,0.9675138,10.25755,26.66709,9.525212,0.07776719,0.03551458,-0.9963383,0.4674104,0.00488491,-0.2813242,0.7760946,0.07038374,-2.799009,-0.07053876,0.03706409,0.9743583,0.894534,0.1628367,-0.4162849,-0.06906082,0.9704505,0.2312065,0.4416328,-0.1780731,0.8793466,moving,34.61407,-9.572303,-4.140709,2.178452
39,05/08/2023 17:07:53.872186,280,True,True,True,True,Eyes,0.3786754,0.1267138,-3.52403,0.5534467,-0.1406797,0.8209177,0.0,0.0,0.0,0.0,0.0,0.0,0.0,-2.047344,0.7391636,2.944878,0.6305013,0.1365531,-3.604734,0.1041321,0.2153356,0.0621866,0.9689789,10.07992,25.91313,9.668888,0.08076338,0.03552641,-0.9960995,0.4733153,0.005752362,-0.2742309,0.7786908,0.06805083,-2.799104,-0.07187989,0.03648621,0.9780486,0.8995268,0.1653617,-0.40436,-0.07566828,0.9705787,0.2285856,0.4302625,-0.1750217,0.8855742,moving,33.98708,-9.724253,-4.203292,2.136435
40,05/08/2023 17:07:53.892386,281,True,True,True,True,Eyes,0.3901607,0.1270266,-3.527041,0.5440632,-0.1440533,0.8265857,0.0,0.0,0.0,0.0,0.0,0.0,0.0,-2.017011,0.7401581,2.968524,0.6439352,0.1362122,-3.604871,0.1035775,0.2085603,0.06373313,0.9704188,10.04623,25.11857,9.758679,0.08378694,0.03554349,-0.9958491,0.4791107,0.006481982,-0.2671741,0.7813838,0.06563106,-2.799202,-0.07365862,0.03517214,0.9811729,0.9048814,0.1668999,-0.391579,-0.08049132,0.9704196,0.2276115,0.4179842,-0.1744427,0.8915486,moving,33.35313,-9.885939,-4.293256,2.053005
41,05/08/2023 17:07:53.911762,282,True,True,True,True,Eyes,0.4017183,0.1272741,-3.529937,0.5345685,-0.1472898,0.8321912,0.0,0.0,0.0,0.0,0.0,0.0,0.0,-1.988667,0.7347718,2.992013,0.6574482,0.1354761,-3.605029,0.1023508,0.2019745,0.06446233,0.9718926,9.956971,24.33029,9.740952,0.08683851,0.03556397,-0.9955869,0.4848199,0.007031702,-0.2601773,0.783874,0.06339341,-2.799293,-0.07361344,0.03391873,0.9843535,0.9101018,0.1666455,-0.3793995,-0.08395641,0.9707379,0.2249876,0.4057906,-0.1729085,0.8974612,moving,32.71517,-10.03686,-4.27682,1.97351
42,05/08/2023 17:07:53.922139,283,True,True,True,True,Eyes,0.4133779,0.1274497,-3.532732,0.5248917,-0.1508541,0.8376943,0.0,0.0,0.0,0.0,0.0,0.0,0.0,-1.963216,0.7323031,3.012536,0.6708151,0.1341605,-3.605256,0.1017777,0.1958815,0.06442604,0.9732015,9.954185,23.60357,9.6598,0.08991744,0.03558554,-0.9953128,0.4904035,0.007352191,-0.2532535,0.7864718,0.06105912,-2.799387,-0.07288963,0.03451239,0.9870938,0.9149594,0.1652717,-0.36815,-0.0855263,0.9709812,0.2233401,0.3943785,-0.1728606,0.9025435,moving,32.07089,-10.20856,-4.223207,2.002453
43,05/08/2023 17:07:53.942293,284,True,True,True,True,Eyes,0.4251032,0.1275311,-3.535422,0.5150906,-0.1543102,0.8431311,0.0,0.0,0.0,0.0,0.0,0.0,0.0,-1.936279,0.7349488,3.032371,0.684114,0.1325804,-3.605414,0.1021295,0.1896188,0.063899,0.9744389,10.06731,22.86609,9.544626,0.09302532,0.0356059,-0.9950264,0.4959583,0.0074378,-0.2464453,0.7891324,0.05866847,-2.799484,-0.0709421,0.0406534,0.9899939,0.9199233,0.1632627,-0.3564919,-0.08579998,0.970973,0.2232708,0.3825958,-0.174805,0.9072285,moving,31.42184,-10.37151,-4.09876,2.35149
44,05/08/2023 17:07:53.962241,285,True,True,True,True,Eyes,0.4368835,0.1274994,-3.538009,0.5052466,-0.1580054,0.8483868,0.0,0.0,0.0,0.0,0.0,0.0,0.0,-1.91011,0.7325292,3.052745,0.6974882,0.1304342,-3.605671,0.1019172,0.1833668,0.06266997,0.9757366,10.13136,22.11582,9.334875,0.0961611,0.0356223,-0.9947277,0.5013767,0.007235792,-0.2397274,0.79172,0.05634331,-2.799579,-0.06883267,0.04608034,0.9919314,0.9248982,0.1596752,-0.3450611,-0.08492234,0.9713708,0.2218718,0.3706096,-0.1759055,0.9119791,moving,30.77541,-10.55002,-3.969538,2.659773
45,05/08/2023 17:07:53.972197,286,True,True,True,True,Eyes,0.4487242,0.1273308,-3.540513,0.4953598,-0.1615728,0.8535296,0.0,0.0,0.0,0.0,0.0,0.0,0.0,-1.88686,0.7292976,3.071298,0.7109552,0.127858,-3.605993,0.1017573,0.1775222,0.06079593,0.976952,10.20897,21.40839,9.05659,0.09932335,0.03563166,-0.9944165,0.506635,0.006706471,-0.2331043,0.794466,0.05387583,-2.799679,-0.06746265,0.04878636,0.9943435,0.9295794,0.1549178,-0.3344885,-0.08266103,0.9718986,0.2204093,0.3592343,-0.1772388,0.9162626,moving,30.12943,-10.71923,-3.881366,2.808901
46,05/08/2023 17:07:53.992110,287,True,True,True,True,Eyes,0.4606004,0.1270182,-3.542934,0.4855773,-0.1653253,0.8584183,0.0,0.0,0.0,0.0,0.0,0.0,0.0,-1.869129,0.7259851,3.086569,0.7243058,0.1244424,-3.606591,0.1014901,0.1725616,0.05877214,0.9779919,10.26664,20.80223,8.767451,0.1025114,0.03563045,-0.9940931,0.5117587,0.005798263,-0.2266304,0.7968368,0.05174554,-2.799765,-0.06516293,0.04724816,0.9963801,0.9335367,0.1499839,-0.325598,-0.07993077,0.9724911,0.2187966,0.3494572,-0.1782293,0.9198445,moving,29.49533,-10.90129,-3.741796,2.714922
47,05/08/2023 17:07:54.011913,288,True,True,True,True,Eyes,0.4725312,0.1265779,-3.545288,0.4757836,-0.1689952,0.8631746,0.0,0.0,0.0,0.0,0.0,0.0,0.0,-1.852396,0.7273412,3.100096,0.73759,0.1208482,-3.607264,0.1017153,0.1678646,0.05715686,0.9788814,10.36657,20.23754,8.538382,0.1057231,0.03561525,-0.9937572,0.516682,0.004512577,-0.2202974,0.7994137,0.04943006,-2.799859,-0.06317526,0.04564203,0.9982862,0.9371092,0.1460484,-0.3170116,-0.07775076,0.9727742,0.2183237,0.3402666,-0.1799452,0.9229509,moving,28.86365,-11.07744,-3.621061,2.617762
48,05/08/2023 17:07:54.022281,289,True,True,True,True,Eyes,0.4844921,0.1260159,-3.54756,0.4660436,-0.1727238,0.8677384,0.0,0.0,0.0,0.0,0.0,0.0,0.0,-1.834888,0.7325408,3.113241,0.7508916,0.1173716,-3.608059,0.1022002,0.1631573,0.05635375,0.979673,10.47791,19.68305,8.406995,0.108958,0.03558348,-0.9934089,0.5214735,0.00292088,-0.2141406,0.8021415,0.04697888,-2.799958,-0.06013584,0.04927161,1.000361,0.9404079,0.1437659,-0.3081628,-0.07706709,0.9727588,0.2186345,0.3312003,-0.1818564,0.9258696,moving,28.23929,-11.25762,-3.440148,2.819759
49,05/08/2023 17:07:54.046946,290,True,True,True,True,Eyes,0.4965231,0.1253574,-3.549775,0.4562691,-0.1763134,0.8721995,0.0,0.0,0.0,0.0,0.0,0.0,0.0,-1.815164,0.7358449,3.127904,0.7644446,0.114052,-3.608696,0.102069,0.1581446,0.0564916,0.9805004,10.50316,19.09497,8.366308,0.1122133,0.03553303,-0.9930483,0.5260678,0.001059635,-0.2081071,0.8046268,0.04474573,-2.800049,-0.05849645,0.054203,1.001644,0.943598,0.1430634,-0.2985896,-0.07849674,0.9727812,0.2180251,0.3216538,-0.1822897,0.9291444,moving,27.61518,-11.42822,-3.342301,3.097484
50,05/08/2023 17:07:54.061973,291,True,True,True,True,Eyes,0.5086473,0.1246514,-3.551931,0.4462759,-0.179895,0.8766273,0.0,0.0,0.0,0.0,0.0,0.0,0.0,-1.792231,0.7422987,3.143924,0.7782295,0.1110698,-3.609623,0.1019023,0.1527578,0.05804101,0.981281,10.50126,18.47761,8.4828,0.1154902,0.03546274,-0.992675,0.5305968,-0.0009792114,-0.2022654,0.8072149,0.04242017,-2.800143,-0.05732495,0.0564573,1.003072,0.9465926,0.1450418,-0.2879677,-0.08277634,0.9724943,0.217722,0.3116258,-0.1822571,0.9325619,moving,26.97986,-11.59682,-3.270862,3.22146
51,05/08/2023 17:07:54.072122,292,True,True,True,True,Eyes,0.5208548,0.1238766,-3.554038,0.4361819,-0.1832433,0.8810036,0.0,0.0,0.0,0.0,0.0,0.0,0.0,-1.764431,0.7435381,3.163735,0.7925308,0.1091852,-3.610437,0.1004414,0.1466644,0.06143926,0.982154,10.32759,17.78124,8.778825,0.1187904,0.0353731,-0.9922886,0.5351335,-0.003038622,-0.1965989,0.8098546,0.04004824,-2.80024,-0.05502108,0.05574301,1.004492,0.9494296,0.150148,-0.2757519,-0.09122328,0.9722735,0.2153198,0.300436,-0.179276,0.9368021,moving,26.33986,-11.74964,-3.135245,3.176299
52,05/08/2023 17:07:54.091967,293,True,True,True,True,Eyes,0.5331692,0.1230371,-3.556096,0.4258738,-0.1863853,0.8853768,0.0,0.0,0.0,0.0,0.0,0.0,0.0,-1.734662,0.7415191,3.185287,0.8068274,0.1067232,-3.611453,0.09885859,0.1401605,0.06374416,0.9831169,10.16656,17.02498,8.945181,0.1221148,0.03526384,-0.991889,0.539648,-0.005180662,-0.1911244,0.8124206,0.03774248,-2.800333,-0.05164832,0.05625366,1.005788,0.9525835,0.1530481,-0.2629849,-0.09762379,0.9723274,0.2122479,0.2881915,-0.1765103,0.941164,moving,25.68795,-11.88805,-2.939619,3.201214
53,05/08/2023 17:07:54.111759,294,True,True,True,True,Eyes,0.5456035,0.1221424,-3.558131,0.4155469,-0.1894654,0.8896199,0.0,0.0,0.0,0.0,0.0,0.0,0.0,-1.707403,0.7357346,3.206339,0.8217802,0.1038501,-3.612621,0.09690035,0.1338708,0.06541916,0.9840779,9.973901,16.28375,9.037057,0.1254655,0.03513484,-0.9914753,0.5442123,-0.007388439,-0.1858289,0.8149434,0.0354756,-2.800425,-0.04806805,0.05589753,1.006645,0.9555979,0.1546994,-0.2508003,-0.1028109,0.9726613,0.2082304,0.2761568,-0.1731995,0.9453778,moving,25.03757,-12.02285,-2.73384,3.178288
54,05/08/2023 17:07:54.122019,295,True,True,True,True,Eyes,0.5581781,0.1212001,-3.560153,0.4051498,-0.1924706,0.893761,0.0,0.0,0.0,0.0,0.0,0.0,0.0,-1.685088,0.7452397,3.22161,0.8371654,0.1016379,-3.614208,0.09734557,0.1284274,0.06678788,0.9846673,10.05254,15.66817,9.147225,0.1288457,0.03498619,-0.9910469,0.5488626,-0.009629174,-0.1807853,0.8175784,0.03310794,-2.800521,-0.04675901,0.05628775,1.007286,0.9580915,0.1565314,-0.2399136,-0.106524,0.9721265,0.2088608,0.2659196,-0.1745512,0.9480605,moving,24.38521,-12.153,-2.657808,3.198397
55,05/08/2023 17:07:54.141976,296,True,True,True,True,Eyes,0.5708508,0.1202234,-3.562156,0.3947984,-0.1953006,0.8977705,0.0,0.0,0.0,0.0,0.0,0.0,0.0,-1.666752,0.7490585,3.235766,0.8525296,0.09992494,-3.615597,0.09686084,0.123582,0.06859064,0.9852111,10.01486,15.11574,9.297146,0.1322592,0.03481817,-0.9906031,0.5536546,-0.0118784,-0.1760028,0.8201173,0.03082653,-2.800614,-0.04655427,0.05747942,1.007495,0.9600456,0.159093,-0.2302213,-0.111212,0.9718267,0.2078099,0.2567962,-0.1739036,0.9506909,moving,23.7377,-12.27288,-2.645638,3.265288
56,05/08/2023 17:07:54.162892,297,True,True,True,True,Eyes,0.5836291,0.1193427,-3.564123,0.3846358,-0.1984929,0.9014743,0.0,0.0,0.0,0.0,0.0,0.0,0.0,-1.65224,0.7471262,3.249427,0.8676198,0.09810855,-3.617247,0.09588294,0.119199,0.06938016,0.9857913,9.933268,14.60148,9.327454,0.1357062,0.03463151,-0.9901433,0.5584536,-0.01409579,-0.1714544,0.8228099,0.02840709,-2.800712,-0.04628357,0.05666617,1.007701,0.961956,0.159647,-0.2217059,-0.1139304,0.9719857,0.2055812,0.2483153,-0.1725011,0.9531961,moving,23.10669,-12.41763,-2.62974,3.218532
57,05/08/2023 17:07:54.171722,298,True,True,True,True,Eyes,0.5965148,0.1186621,-3.566072,0.3744225,-0.2018274,0.9050268,0.0,0.0,0.0,0.0,0.0,0.0,0.0,-1.637998,0.8014466,3.249084,0.8829823,0.09965213,-3.61833,0.1031605,0.1156064,0.07118535,0.9853556,10.76846,14.29184,9.61809,0.1391879,0.03443111,-0.9896668,0.5632812,-0.01589202,-0.1670666,0.8254095,0.02607113,-2.800807,-0.04410201,0.05008942,1.007729,0.9631357,0.1641378,-0.2131397,-0.1164338,0.9685811,0.2197585,0.2425138,-0.1868406,0.9519862,moving,22.47558,-12.57165,-2.505881,2.84556
58,05/08/2023 17:07:54.192029,299,True,True,True,True,Eyes,0.6095786,0.1180378,-3.567933,0.3634976,-0.2041354,0.9089545,0.0,0.0,0.0,0.0,0.0,0.0,0.0,-1.589959,0.8457645,3.267884,0.8985385,0.1036938,-3.619977,0.1060049,0.1077642,0.08243199,0.9850659,11.01566,13.53854,10.87846,0.1427047,0.03422483,-0.9891731,0.5681415,-0.01698035,-0.1628898,0.8279216,0.02381387,-2.800898,-0.0421207,0.04739571,1.007254,0.9631837,0.185249,-0.1948332,-0.1395548,0.9639359,0.2266101,0.2297861,-0.1910772,0.9542997,moving,21.79683,-12.65762,-2.394562,2.69403
59,05/08/2023 17:07:54.211760,300,True,True,True,True,Eyes,0.6227357,0.1175132,-3.569856,0.3528602,-0.207456,0.912388,0.0,0.0,0.0,0.0,0.0,0.0,0.0,-1.53849,0.7848347,3.31198,0.9155231,0.1040989,-3.619822,0.09525513,0.09735624,0.08836522,0.9867319,9.832984,12.24421,11.29201,0.1462614,0.034015,-0.9886606,0.5732443,-0.01783427,-0.1586982,0.8305083,0.02148957,-2.800992,-0.04236096,0.04769444,1.00609,0.9654267,0.1929329,-0.1752945,-0.1558382,0.9662361,0.2051884,0.2089635,-0.1707768,0.9628965,moving,21.14366,-12.80995,-2.410988,2.714116
60,05/08/2023 17:07:54.222224,301,True,True,True,True,Eyes,0.6359764,0.117218,-3.571685,0.3420698,-0.2108757,0.9157072,0.0,0.0,0.0,0.0,0.0,0.0,0.0,-1.533201,0.8776813,3.299201,0.930932,0.1062278,-3.623236,0.1095034,0.09533279,0.0859426,0.9856645,11.50661,12.18067,11.19816,0.1498574,0.03380509,-0.9881291,0.5783209,-0.01833805,-0.1549477,0.8331198,0.01914296,-2.801088,-0.04408574,0.04695429,1.004843,0.9670511,0.1902997,-0.1691103,-0.1485426,0.9612458,0.2322535,0.2067543,-0.1994809,0.9578413,moving,20.48358,-12.96839,-2.512142,2.675371
61,05/08/2023 17:07:54.242380,302,True,True,True,True,Eyes,0.6492862,0.1170701,-3.573458,0.3311325,-0.2132697,0.9191667,0.0,0.0,0.0,0.0,0.0,0.0,0.0,-1.496878,0.9037448,3.31316,0.9467543,0.1114523,-3.622935,0.1110396,0.08890804,0.09417683,0.9853407,11.65848,11.5519,12.10258,0.1534903,0.03360287,-0.9875783,0.5833439,-0.01812361,-0.1511369,0.8355245,0.01698221,-2.801175,-0.04593229,0.04699536,1.003153,0.9664522,0.2053372,-0.1542947,-0.1658479,0.9576018,0.2355699,0.1961241,-0.2020776,0.9595311,moving,19.8117,-13.06291,-2.621624,2.682211
62,05/08/2023 17:07:54.261865,303,True,True,True,True,Eyes,0.6626636,0.1169936,-3.575195,0.3198608,-0.2159046,0.9225368,0.0,0.0,0.0,0.0,0.0,0.0,0.0,-1.473018,0.824033,3.349517,0.9618356,0.1146259,-3.623508,0.09877019,0.08227625,0.09759331,0.9868895,10.30519,10.64087,12.25748,0.1571579,0.03341258,-0.9870077,0.5882726,-0.01747961,-0.1473866,0.8381146,0.01465485,-2.80127,-0.04669881,0.04689945,1.001257,0.9674124,0.2088805,-0.1431165,-0.1763747,0.96144,0.2110098,0.1816738,-0.1788913,0.9669501,moving,19.12239,-13.17207,-2.670351,2.681808
63,05/08/2023 17:07:54.272463,304,True,True,True,True,Eyes,0.6760927,0.1170067,-3.576843,0.3084127,-0.2181625,0.9258978,0.0,0.0,0.0,0.0,0.0,0.0,0.0,-1.443319,0.8508332,3.3612,0.9769814,0.1163388,-3.624462,0.1032991,0.0760161,0.0962857,0.9870563,10.91109,9.967282,12.09728,0.1608577,0.03323545,-0.9864175,0.5931085,-0.0166604,-0.1437555,0.840758,0.01227957,-2.801366,-0.04714477,0.04756329,0.9990661,0.9699013,0.2057836,-0.1301719,-0.174374,0.9601167,0.2185626,0.1699568,-0.1892856,0.9671017,moving,18.4227,-13.25835,-2.701717,2.725665
64,05/08/2023 17:07:54.292146,305,True,True,True,True,Eyes,0.6895618,0.1170695,-3.578404,0.2966119,-0.2200272,0.9293059,0.0,0.0,0.0,0.0,0.0,0.0,0.0,-1.41296,0.8154426,3.386752,0.9917676,0.1184715,-3.624066,0.09906089,0.06880549,0.09495759,0.9881477,10.52744,9.058527,11.81442,0.1645864,0.03307334,-0.9858077,0.5978091,-0.0156214,-0.1400733,0.8432971,0.009998073,-2.801459,-0.04928339,0.04813748,0.9963686,0.9724978,0.2012961,-0.1171668,-0.1740324,0.9623399,0.2088408,0.1547931,-0.1827064,0.9709055,moving,17.70182,-13.32035,-2.831714,2.765976
65,05/08/2023 17:07:54.311714,306,True,True,True,True,Eyes,0.7030339,0.1171532,-3.579889,0.2847651,-0.2218107,0.9325818,0.0,0.0,0.0,0.0,0.0,0.0,0.0,-1.396585,0.7690073,3.40807,1.005978,0.1195976,-3.623599,0.09359071,0.06345223,0.09199134,0.9893191,9.991846,8.33536,11.35462,0.1683405,0.03292654,-0.9851785,0.6023479,-0.01449593,-0.1363524,0.8460227,0.007548932,-2.801558,-0.05324116,0.05117563,0.9934361,0.9750229,0.1938946,-0.1083299,-0.1701405,0.9655567,0.1968562,0.1427681,-0.173508,0.9744292,moving,16.98012,-13.37898,-3.067715,2.948915
66,05/08/2023 17:07:54.322214,307,True,True,True,True,Eyes,0.7165173,0.1172671,-3.581265,0.2725462,-0.2236011,0.9357997,0.0,0.0,0.0,0.0,0.0,0.0,0.0,-1.370333,0.7608299,3.424308,1.019616,0.1202128,-3.623326,0.09307616,0.0574811,0.09044357,0.9898751,10.0129,7.623044,11.10986,0.1721141,0.03279438,-0.9845307,0.6066232,-0.01337492,-0.1326251,0.8485942,0.005238254,-2.801652,-0.05725032,0.05216184,0.9902194,0.9770318,0.1897559,-0.09696195,-0.1683554,0.9663136,0.1946651,0.1306345,-0.17387,0.9760655,moving,16.23789,-13.43836,-3.308918,3.015386
67,05/08/2023 17:07:54.342667,308,True,True,True,True,Eyes,0.7299942,0.1173812,-3.582556,0.2601255,-0.2253735,0.9389044,0.0,0.0,0.0,0.0,0.0,0.0,0.0,-1.331033,0.7377075,3.447593,1.032979,0.1209044,-3.622167,0.08995162,0.04967965,0.09076407,0.9905567,9.7405,6.686007,11.04105,0.1759031,0.03267656,-0.9838648,0.6106761,-0.01223085,-0.1287968,0.851193,0.002903116,-2.801747,-0.05969965,0.04957647,0.9870132,0.9785876,0.1887515,-0.08209228,-0.1708764,0.9673412,0.1872226,0.1147498,-0.1691861,0.9788813,moving,15.48551,-13.49784,-3.461328,2.87548
68,05/08/2023 17:07:54.362208,309,True,True,True,True,Eyes,0.7434777,0.1175086,-3.583744,0.2474021,-0.2277276,0.9417709,0.0,0.0,0.0,0.0,0.0,0.0,0.0,-1.283646,0.7348126,3.469494,1.04644,0.1210414,-3.621519,0.08971234,0.04102298,0.09096756,0.990956,9.807498,5.68583,10.97807,0.1797022,0.03257177,-0.9831814,0.6144664,-0.01115466,-0.1249407,0.8536965,0.0006534806,-2.801838,-0.0612089,0.04931202,0.9832087,0.9800841,0.1876502,-0.06498211,-0.1729292,0.9673532,0.1852655,0.09762577,-0.1703384,0.9805376,moving,14.71896,-13.59364,-3.562308,2.871217
69,05/08/2023 17:07:54.372258,310,True,True,True,True,Eyes,0.756934,0.1176889,-3.584827,0.234562,-0.2302819,0.9444315,0.0,0.0,0.0,0.0,0.0,0.0,0.0,-1.236503,0.7564091,3.484732,1.059683,0.1214728,-3.620328,0.09294535,0.03281613,0.09125718,0.9909372,10.2659,4.78031,10.95291,0.1835078,0.03247923,-0.9824812,0.6180488,-0.01010314,-0.1210098,0.8563605,-0.001740238,-2.801935,-0.06314683,0.0504351,0.9789994,0.9811904,0.1869605,-0.04807359,-0.17476,0.9660666,0.1901954,0.08200131,-0.1782166,0.9805685,moving,13.94794,-13.70311,-3.690546,2.949098
70,05/08/2023 17:07:54.396961,311,True,True,True,True,Eyes,0.7703533,0.1179052,-3.58579,0.221401,-0.233131,0.9469063,0.0,0.0,0.0,0.0,0.0,0.0,0.0,-1.187515,0.7767327,3.499886,1.072621,0.1229711,-3.618988,0.09574879,0.02451394,0.09281398,0.9907658,10.67156,3.871356,11.0653,0.1873146,0.03239971,-0.9817652,0.6213349,-0.008955995,-0.1169979,0.8589195,-0.004039685,-2.802028,-0.06598872,0.04919035,0.9745124,0.9815692,0.1886082,-0.03080149,-0.1792195,0.9644355,0.1942797,0.0663488,-0.1851788,0.9804624,moving,13.1602,-13.8313,-3.873847,2.88966
71,05/08/2023 17:07:54.412160,312,True,True,True,True,Eyes,0.7837402,0.11812,-3.586658,0.2081035,-0.2359843,0.9492124,0.0,0.0,0.0,0.0,0.0,0.0,0.0,-1.135209,0.7680215,3.521252,1.085469,0.1241105,-3.617198,0.09479347,0.01533017,0.09340074,0.9909872,10.66198,2.80497,11.03026,0.191117,0.03233326,-0.9810342,0.6243126,-0.007769763,-0.1128676,0.8618417,-0.006665503,-2.802135,-0.06745586,0.04491504,0.9703042,0.9820825,0.1880243,-0.01267644,-0.1822115,0.964581,0.1907419,0.04809156,-0.1850145,0.9815584,moving,12.36577,-13.9613,-3.976822,2.650309
72,05/08/2023 17:07:54.431826,313,True,True,True,True,Eyes,0.7970997,0.118328,-3.587429,0.1948044,-0.2394045,0.9511765,0.0,0.0,0.0,0.0,0.0,0.0,0.0,-1.093954,0.7682065,3.536838,1.098208,0.1243682,-3.615878,0.09593435,0.007563443,0.09057497,0.9912294,10.88368,1.889137,10.62195,0.1949109,0.03227855,-0.9802893,0.6270144,-0.006659199,-0.1086991,0.8641219,-0.008714397,-2.802218,-0.06767786,0.04330757,0.9656073,0.983478,0.1810123,0.00238429,-0.17811,0.9651855,0.191556,0.03237272,-0.1888158,0.9814788,moving,11.57433,-14.1275,-4.009212,2.568
73,05/08/2023 17:07:54.444109,314,True,True,True,True,Eyes,0.8104091,0.1185529,-3.588114,0.1816346,-0.2429231,0.9528888,0.0,0.0,0.0,0.0,0.0,0.0,0.0,-1.063898,0.7884692,3.543915,1.110738,0.1245303,-3.614367,0.09988812,0.001613807,0.08732469,0.9911581,11.40413,1.206754,10.19044,0.198693,0.0322342,-0.9795312,0.6294722,-0.005635587,-0.1044889,0.8666995,-0.01103045,-2.802312,-0.06755456,0.0396083,0.9606142,0.9847436,0.1734275,0.01424632,-0.1727827,0.9647936,0.1982917,0.02064447,-0.197728,0.9800395,moving,10.79195,-14.30196,-4.022666,2.361097
74,05/08/2023 17:07:54.461983,315,True,True,True,True,Eyes,0.8236298,0.1187886,-3.588722,0.168792,-0.2466402,0.9542944,0.0,0.0,0.0,0.0,0.0,0.0,0.0,-1.041972,0.8063098,3.548926,1.122921,0.1252444,-3.613043,0.1029455,-0.003037023,0.0858473,0.9909709,11.80336,0.6822812,9.972814,0.2024587,0.03219976,-0.978761,0.6316321,-0.004622876,-0.1002745,0.8691978,-0.01327544,-2.802403,-0.07254139,0.04371548,0.9551911,0.985242,0.1695191,0.02369439,-0.1707696,0.9640649,0.2035106,0.01165599,-0.2045535,0.978786,moving,10.03052,-14.49116,-4.342955,2.620382
75,05/08/2023 17:07:54.472212,316,True,True,True,True,Eyes,0.836795,0.1190252,-3.589266,0.1560783,-0.2504195,0.9554735,0.0,0.0,0.0,0.0,0.0,0.0,0.0,-1.018918,0.8194858,3.555163,1.134769,0.1259422,-3.611838,0.1050514,-0.007756987,0.08534021,0.990768,12.0923,0.1499747,9.861975,0.2062017,0.03217465,-0.97798,0.6333962,-0.003638384,-0.09608476,0.8718859,-0.01569082,-2.802501,-0.07113096,0.02514762,0.9510468,0.9853137,0.1674749,0.03330097,-0.1707345,0.9633625,0.2068392,0.002559473,-0.2094871,0.9778081,moving,9.277428,-14.6863,-4.277318,1.514664
76,05/08/2023 17:07:54.492427,317,True,True,True,True,Eyes,0.8499373,0.1192765,-3.589743,0.143494,-0.2544547,0.9563798,0.0,0.0,0.0,0.0,0.0,0.0,0.0,-0.997,0.8363195,3.560287,1.146679,0.1262698,-3.610853,0.1077421,-0.0123222,0.0843539,0.9905171,12.44602,359.6342,9.695414,0.2099186,0.03215792,-0.9771895,0.6348881,-0.002710324,-0.09195045,0.8744161,-0.01796435,-2.802593,-0.07439688,0.01276286,0.9458153,0.9854652,0.1644527,0.04258763,-0.1697632,0.9625521,0.2113619,-0.006233766,-0.2155196,0.9764796,moving,8.532937,-14.89898,-4.497568,0.773104
77,05/08/2023 17:07:54.511814,318,True,True,True,True,Eyes,0.8630183,0.1195328,-3.590166,0.1311035,-0.2585244,0.9570669,0.0,0.0,0.0,0.0,0.0,0.0,0.0,-0.9801306,0.862753,3.561444,1.158515,0.1268606,-3.609797,0.1116947,-0.01604841,0.08361165,0.9900889,12.9358,359.2298,9.566878,0.2136089,0.03214916,-0.9763898,0.6362217,-0.001793713,-0.08786537,0.877013,-0.02029784,-2.802688,-0.07546231,0.04141439,0.9423534,0.9855031,0.1619809,0.05045665,-0.169151,0.9610668,0.2184917,-0.01310074,-0.223859,0.9745335,moving,7.800098,-15.11607,-4.578394,2.516407
78,05/08/2023 17:07:54.522094,319,True,True,True,True,Eyes,0.8760027,0.1197783,-3.590539,0.1189777,-0.2625448,0.9575565,0.0,0.0,0.0,0.0,0.0,0.0,0.0,-0.9615437,0.8807138,3.565079,1.170189,0.1272833,-3.608943,0.1140964,-0.01996092,0.0840136,0.9897097,13.24989,358.8027,9.565012,0.2172699,0.03214767,-0.9755816,0.6372914,-0.0009171457,-0.08386088,0.8796114,-0.02263265,-2.802783,-0.07545429,0.02938986,0.9381136,0.9850865,0.1617432,0.05868233,-0.1708531,0.9598475,0.2224906,-0.02033974,-0.2291986,0.9731671,moving,7.082776,-15.33267,-4.598511,1.794414
79,05/08/2023 17:07:54.542042,320,True,True,True,True,Eyes,0.8889372,0.1200211,-3.590856,0.1069682,-0.2664504,0.9578945,0.0,0.0,0.0,0.0,0.0,0.0,0.0,-0.9413172,0.8915272,3.570835,1.182094,0.127519,-3.608068,0.1152783,-0.02412895,0.08508043,0.9893886,13.42757,358.3427,9.634781,0.2208961,0.03215229,-0.9747669,0.6380069,-0.00012556,-0.07994932,0.8822209,-0.02497742,-2.802878,-0.0740943,0.02330849,0.9355547,0.9843582,0.1627921,0.06736168,-0.1739183,0.9589444,0.2240044,-0.02812995,-0.232216,0.9722574,moving,6.371829,-15.54458,-4.528274,1.427176
80,05/08/2023 17:07:54.562148,321,True,True,True,True,Eyes,0.9018382,0.1202493,-3.591102,0.09506763,-0.2700954,0.9581288,0.0,0.0,0.0,0.0,0.0,0.0,0.0,-0.9151992,0.8955199,3.579556,1.193917,0.1276873,-3.60708,0.1152988,-0.02906752,0.08697112,0.9890892,13.48188,357.7932,9.789374,0.2244872,0.03216219,-0.9739457,0.6385302,0.0006101487,-0.07610222,0.8847788,-0.02727587,-2.802971,-0.07030562,0.03849685,0.9328933,0.9831822,0.1653415,0.07755607,-0.1787473,0.9582844,0.2230256,-0.0374454,-0.2331377,0.9717225,moving,5.666465,-15.74308,-4.309834,2.363032
81,05/08/2023 17:07:54.572289,322,True,True,True,True,Eyes,0.9146993,0.1204395,-3.591285,0.08323659,-0.2734477,0.9582788,0.0,0.0,0.0,0.0,0.0,0.0,0.0,-0.8910637,0.8860157,3.590676,1.206057,0.1275726,-3.605707,0.1137442,-0.03404762,0.08770952,0.989045,13.35412,357.2078,9.808644,0.2280435,0.03217627,-0.9731188,0.6389214,0.001258129,-0.07227566,0.8875356,-0.02975304,-2.803071,-0.06747892,0.02732334,0.9304003,0.9822956,0.1657519,0.08730216,-0.1812428,0.9587386,0.2190237,-0.04739635,-0.2309689,0.971806,moving,4.964282,-15.92625,-4.148215,1.682138
82,05/08/2023 17:07:54.592167,323,True,True,True,True,Eyes,0.9275415,0.1205679,-3.591408,0.0713552,-0.2764843,0.9583657,0.0,0.0,0.0,0.0,0.0,0.0,0.0,-0.8695689,0.8707511,3.602392,1.218048,0.12683,-3.604423,0.1115768,-0.03879843,0.08748312,0.9891371,13.15098,356.6306,9.720118,0.2315653,0.03219268,-0.9722862,0.6391693,0.001753259,-0.06848843,0.8900691,-0.03202956,-2.803164,-0.06658244,0.0127929,0.9276172,0.9816828,0.1644076,0.09627611,-0.1817236,0.9597946,0.213941,-0.05723177,-0.2275178,0.9720906,moving,4.258105,-16.09262,-4.105532,0.7901241
83,05/08/2023 17:07:54.611943,324,True,True,True,True,Eyes,0.9403448,0.1206231,-3.591473,0.05957622,-0.2793636,0.9583353,0.0,0.0,0.0,0.0,0.0,0.0,0.0,-0.8506072,0.8549696,3.613545,1.230221,0.1252827,-3.603203,0.1093534,-0.04326381,0.08676907,0.9892631,12.93623,356.0804,9.580719,0.2350541,0.03220895,-0.9714481,0.6393457,0.002033184,-0.06474748,0.8925042,-0.03421767,-2.803252,-0.06720564,0.006618693,0.924237,0.9811988,0.1622128,0.1045755,-0.1811369,0.9610259,0.2088506,-0.06662159,-0.2238664,0.9723402,moving,3.557293,-16.25189,-4.158927,0.4103025
84,05/08/2023 17:07:54.622313,325,True,True,True,True,Eyes,0.9531039,0.1205873,-3.591484,0.04778476,-0.2821601,0.9581765,0.0,0.0,0.0,0.0,0.0,0.0,0.0,-0.8307104,0.8514078,3.621753,1.242172,0.1235926,-3.601917,0.1088041,-0.04766846,0.08610471,0.9891791,12.91249,355.5535,9.446301,0.2385107,0.03222249,-0.9706048,0.6393949,0.002076819,-0.06105575,0.8951303,-0.03657731,-2.803348,-0.06933221,-0.002086252,0.9206925,0.9806274,0.1599729,0.1130424,-0.180719,0.9614953,0.2070446,-0.07556821,-0.2234625,0.9717788,moving,2.855005,-16.40844,-4.306498,-0.1298297
85,05/08/2023 17:07:54.642292,326,True,True,True,True,Eyes,0.9658384,0.1204604,-3.591434,0.03612652,-0.2848627,0.9578874,0.0,0.0,0.0,0.0,0.0,0.0,0.0,-0.808915,0.8505397,3.629678,1.254181,0.1216176,-3.600634,0.1084944,-0.05225595,0.08580431,0.9890076,12.91887,355.0121,9.351828,0.2419347,0.03223041,-0.9697568,0.6393085,0.001844966,-0.05742745,0.8976656,-0.0388555,-2.803441,-0.07197544,-0.01298681,0.9169916,0.9798139,0.1583833,0.1219816,-0.1810612,0.9617332,0.2056359,-0.08474449,-0.2235711,0.9709966,moving,2.159875,-16.56176,-4.487992,-0.8113919
86,05/08/2023 17:07:54.662345,327,True,True,True,True,Eyes,0.9785594,0.1202311,-3.591315,0.02447651,-0.2876214,0.9574314,0.0,0.0,0.0,0.0,0.0,0.0,0.0,-0.7904831,0.8534377,3.635728,1.266401,0.1193223,-3.599129,0.1086728,-0.05638015,0.08538666,0.9887976,12.97578,354.5272,9.248107,0.2453276,0.03223017,-0.968904,0.6391534,0.001353618,-0.05383017,0.9003037,-0.04122602,-2.803537,-0.0734871,-0.02175069,0.913336,0.9790608,0.1566063,0.1300555,-0.1811142,0.9617987,0.2052826,-0.09293868,-0.224539,0.970023,moving,1.464434,-16.72076,-4.600114,-1.364216
87,05/08/2023 17:07:54.672336,328,True,True,True,True,Eyes,0.9912556,0.1199107,-3.591127,0.01300136,-0.2902766,0.9568545,0.0,0.0,0.0,0.0,0.0,0.0,0.0,-0.7738769,0.8631826,3.639533,1.278655,0.1166448,-3.597445,0.1095323,-0.06010762,0.08566806,0.9884588,13.1108,354.1031,9.228466,0.248692,0.03221912,-0.9680464,0.6389674,0.0005843027,-0.05024488,0.9029211,-0.04357792,-2.803632,-0.07429329,-0.02079703,0.9101541,0.9780961,0.1561912,0.1375947,-0.1825262,0.9613273,0.2062377,-0.100061,-0.2268348,0.9687795,moving,0.7784647,-16.87599,-4.666545,-1.308981
88,05/08/2023 17:07:54.697891,329,True,True,True,True,Eyes,1.003933,0.1194673,-3.590857,0.00158546,-0.2928922,0.9561442,0.0,0.0,0.0,0.0,0.0,0.0,0.0,-0.7577807,0.8662613,3.6446,1.290819,0.1141448,-3.595623,0.1094728,-0.06381689,0.08602554,0.9882017,13.14065,353.6744,9.221105,0.2520288,0.03219536,-0.9671838,0.6387178,-0.0004119474,-0.04666657,0.9054295,-0.0458319,-2.803724,-0.07580042,-0.01408744,0.9072255,0.9770541,0.1560488,0.1449628,-0.1839936,0.9612306,0.2053826,-0.107293,-0.2273421,0.9678862,moving,0.09500667,-17.03121,-4.776078,-0.8896199
89,05/08/2023 17:07:54.713965,330,True,True,True,True,Eyes,1.016597,0.1189219,-3.590514,-0.009582835,-0.2955752,0.9552714,0.0,0.0,0.0,0.0,0.0,0.0,0.0,-0.7475405,0.8700917,3.647888,1.303095,0.1107668,-3.593416,0.1096051,-0.06683088,0.08555058,0.9880291,13.18058,353.3171,9.124515,0.2553402,0.03215614,-0.9663162,0.6384268,-0.001717271,-0.04305619,0.9079809,-0.04812438,-2.803817,-0.07617873,-0.009980798,0.9046198,0.9764295,0.1544029,0.1508153,-0.183703,0.9613357,0.2051512,-0.1133081,-0.2280209,0.9670408,moving,-0.5747452,-17.19285,-4.813565,-0.6321268
90,05/08/2023 17:07:54.722133,331,True,True,True,True,Eyes,1.029251,0.1182796,-3.590086,-0.02075141,-0.298285,0.9542512,0.0,0.0,0.0,0.0,0.0,0.0,0.0,-0.7360352,0.8907456,3.647552,1.315487,0.107813,-3.591334,0.1118585,-0.06975056,0.0859766,0.9875377,13.46922,352.9994,9.123742,0.2586279,0.03209974,-0.9654433,0.6381131,-0.003250606,-0.03944356,0.9107004,-0.05056804,-2.803916,-0.07584357,-0.01068996,0.9019111,0.9754858,0.1542059,0.156997,-0.1854147,0.9601914,0.2089352,-0.1185282,-0.2329229,0.9652451,moving,-1.245773,-17.35848,-4.806812,-0.6790701
91,05/08/2023 17:07:54.747172,332,True,True,True,True,Eyes,1.041908,0.1175437,-3.58958,-0.03166073,-0.301067,0.9530772,0.0,0.0,0.0,0.0,0.0,0.0,0.0,-0.7256079,0.9047717,3.648193,1.327929,0.1048533,-3.588877,0.1130646,-0.07255489,0.08685786,0.987121,13.64001,352.6929,9.182063,0.261894,0.03202488,-0.9645649,0.6377881,-0.004982402,-0.03579164,0.9131674,-0.0527848,-2.804006,-0.07500738,-0.01137692,0.8993289,0.974383,0.1550717,0.162882,-0.1878852,0.9593441,0.2106129,-0.1235998,-0.2358207,0.9639044,moving,-1.902636,-17.53078,-4.767647,-0.7247788
92,05/08/2023 17:07:54.763112,333,True,True,True,True,Eyes,1.054571,0.1167343,-3.588979,-0.0426305,-0.3040908,0.9516888,0.0,0.0,0.0,0.0,0.0,0.0,0.0,-0.7116488,0.9266133,3.647754,1.340707,0.1018897,-3.586542,0.1150259,-0.07564399,0.08890549,0.98648,13.90968,352.3755,9.368194,0.2651416,0.03193053,-0.9636804,0.6374916,-0.006891251,-0.03212779,0.9157591,-0.05511364,-2.8041,-0.07640821,-0.01380955,0.8962442,0.9727476,0.158005,0.1696955,-0.1928091,0.9577297,0.2134913,-0.1287897,-0.240392,0.962094,moving,-2.564826,-17.72011,-4.872899,-0.8827574
93,05/08/2023 17:07:54.771872,334,True,True,True,True,Eyes,1.067242,0.1158757,-3.588266,-0.05341286,-0.3072187,0.9501389,0.0,0.0,0.0,0.0,0.0,0.0,0.0,-0.6919697,0.9598246,3.644811,1.353607,0.09932961,-3.583659,0.1182356,-0.07919814,0.09245713,0.9854946,14.34062,352.0359,9.715878,0.2683734,0.0318165,-0.9627891,0.6372318,-0.008905889,-0.02839768,0.9184754,-0.05755437,-2.804199,-0.07954043,-0.01694232,0.8932541,0.9703587,0.1635039,0.1779621,-0.2009601,0.9549441,0.2183962,-0.1342352,-0.247686,0.959496,moving,-3.217544,-17.91814,-5.088522,-1.086597
94,05/08/2023 17:07:54.791853,335,True,True,True,True,Eyes,1.079945,0.1149666,-3.587422,-0.06456244,-0.3102047,0.948475,0.0,0.0,0.0,0.0,0.0,0.0,0.0,-0.6648523,0.9828928,3.645165,1.366533,0.09729156,-3.580287,0.1200473,-0.08377869,0.09651217,0.9845077,14.62824,351.5735,10.11425,0.2715923,0.03168352,-0.9618905,0.6370098,-0.01094719,-0.02455449,0.9210482,-0.05986626,-2.804293,-0.08197048,-0.0196259,0.890469,0.9673331,0.1699191,0.1881336,-0.2101487,0.9525481,0.2202037,-0.1417895,-0.2525463,0.9571395,moving,-3.894101,-18.11066,-5.259435,-1.262593
95,05/08/2023 17:07:54.812045,336,True,True,True,True,Eyes,1.092667,0.1140146,-3.586456,-0.0755887,-0.3134107,0.9466045,0.0,0.0,0.0,0.0,0.0,0.0,0.0,-0.6319178,0.9983544,3.647928,1.37953,0.09503336,-3.576489,0.1210469,-0.0892932,0.09988958,0.9835632,14.83009,350.9853,10.42243,0.2748027,0.03153212,-0.9609832,0.6368988,-0.01301781,-0.0205485,0.9236614,-0.06221432,-2.804388,-0.08349511,-0.02279244,0.887715,0.9640976,0.1748781,0.1998336,-0.2181128,0.9507394,0.2202756,-0.1514683,-0.2559535,0.9547487,moving,-4.565521,-18.31916,-5.373216,-1.470769
96,05/08/2023 17:07:54.822668,337,True,True,True,True,Eyes,1.105385,0.1130351,-3.585359,-0.0869517,-0.3165005,0.9445988,0.0,0.0,0.0,0.0,0.0,0.0,0.0,-0.5962094,1.029985,3.646373,1.392812,0.09308667,-3.572644,0.1243065,-0.09496323,0.1034547,0.9822561,15.29866,350.4014,10.73275,0.2780076,0.03136311,-0.9600665,0.6368523,-0.01509271,-0.01641737,0.9261725,-0.06447071,-2.80448,-0.0843901,-0.0271578,0.8848286,0.9605582,0.179629,0.2122766,-0.2268472,0.94769,0.2245528,-0.1608362,-0.2638504,0.9510598,moving,-5.259339,-18.52412,-5.448078,-1.758012
97,05/08/2023 17:07:54.846937,338,True,True,True,True,Eyes,1.118118,0.1120784,-3.584118,-0.09820008,-0.3196934,0.9424186,0.0,0.0,0.0,0.0,0.0,0.0,0.0,-0.5565494,1.056138,3.645999,1.406218,0.09156381,-3.568284,0.1268906,-0.1011971,0.1071751,0.9809034,15.70155,349.7484,11.05373,0.2812081,0.03117772,-0.95914,0.6367954,-0.01712576,-0.01214001,0.9291263,-0.06712494,-2.804587,-0.08523178,-0.0314697,0.88199,0.9565453,0.184575,0.2257282,-0.2359388,0.9448245,0.2272432,-0.1713302,-0.2706264,0.9473159,moving,-5.948756,-18.7383,-5.519683,-2.043466
98,05/08/2023 17:07:54.862069,339,True,True,True,True,Eyes,1.130872,0.1112431,-3.582704,-0.1096703,-0.322841,0.9400777,0.0,0.0,0.0,0.0,0.0,0.0,0.0,-0.5256312,1.075078,3.645607,1.419393,0.09119215,-3.563642,0.1290787,-0.1065856,0.1090947,0.979835,16.03398,349.1625,11.17542,0.2844064,0.03097881,-0.9582029,0.6367856,-0.01896822,-0.007690133,0.9314896,-0.06924852,-2.804674,-0.08557075,-0.03641456,0.878641,0.9534757,0.1862737,0.2370363,-0.2413054,0.9428741,0.2296958,-0.1807091,-0.2762075,0.9439564,moving,-6.654099,-18.95347,-5.562488,-2.373219
99,05/08/2023 17:07:54.872276,340,True,True,True,True,Eyes,1.143636,0.1105059,-3.581141,-0.1212395,-0.3257068,0.9376652,0.0,0.0,0.0,0.0,0.0,0.0,0.0,-0.498848,1.113286,3.637684,1.43237,0.09320199,-3.558178,0.1335277,-0.1108041,0.1136111,0.9782563,16.64409,348.7785,11.60228,0.2876053,0.03077231,-0.9572542,0.6368396,-0.02033611,-0.002985828,0.9339255,-0.07143727,-2.804762,-0.08493197,-0.04196864,0.875389,0.94963,0.1926906,0.2471301,-0.2518723,0.9385258,0.2360715,-0.1864492,-0.2864257,0.9397856,moving,-7.367432,-19.15515,-5.541605,-2.744821
100,05/08/2023 17:07:54.891870,341,True,True,True,True,Eyes,1.156414,0.1097415,-3.579438,-0.133051,-0.3278401,0.9353172,0.0,0.0,0.0,0.0,0.0,0.0,0.0,-0.4415045,1.083866,3.654307,1.445577,0.09468587,-3.553167,0.1282652,-0.1196044,0.1203525,0.9771172,16.22736,347.8027,12.29827,0.2908064,0.03056266,-0.9562934,0.6369233,-0.02132747,0.001880393,0.9364813,-0.07373385,-2.804856,-0.08358952,-0.04519057,0.8721554,0.9424201,0.2045149,0.2646092,-0.2658793,0.9381266,0.2218708,-0.202861,-0.2794496,0.9384857,moving,-8.096134,-19.31619,-5.474647,-2.966118
101,05/08/2023 17:07:54.912206,342,True,True,True,True,Eyes,1.169221,0.1089962,-3.577704,-0.1443483,-0.3309367,0.9325473,0.0,0.0,0.0,0.0,0.0,0.0,0.0,-0.418877,1.061215,3.663968,1.459249,0.09330349,-3.547983,0.1255911,-0.1250617,0.1183308,0.9770283,15.96258,347.0992,11.99494,0.294011,0.03034944,-0.9553198,0.6370406,-0.02234093,0.006878787,0.9390994,-0.07608633,-2.804951,-0.08247402,-0.04901043,0.8689116,0.9407148,0.1998118,0.2741002,-0.2626384,0.9404494,0.2158149,-0.214655,-0.2750095,0.9371728,moving,-8.798943,-19.53845,-5.42207,-3.228313
102,05/08/2023 17:07:54.931767,343,True,True,True,True,Eyes,1.181998,0.1083292,-3.575878,-0.1558171,-0.3337785,0.9296843,0.0,0.0,0.0,0.0,0.0,0.0,0.0,-0.4055513,1.16893,3.63555,1.472749,0.09326591,-3.545478,0.140044,-0.1269402,0.1195571,0.9746693,17.6587,347.024,11.96237,0.2972206,0.03013374,-0.9543329,0.6372381,-0.0232363,0.0116674,0.9416227,-0.07835371,-2.805043,-0.08194289,-0.05078886,0.8657628,0.9391846,0.1975028,0.2809359,-0.2686116,0.9321876,0.2426399,-0.2139629,-0.3033463,0.9285477,moving,-9.514465,-19.74933,-5.406836,-3.357336
103,05/08/2023 17:07:54.941874,344,True,True,True,True,Eyes,1.194748,0.1076528,-3.574049,-0.1671342,-0.3365805,0.9267036,0.0,0.0,0.0,0.0,0.0,0.0,0.0,-0.3812852,1.175976,3.636949,1.484985,0.09441715,-3.541412,0.1402248,-0.1311049,0.1233944,0.9736131,17.78251,346.5994,12.3404,0.3004327,0.02991876,-0.9533333,0.6373362,-0.02384309,0.01644621,0.9442276,-0.08069441,-2.805138,-0.08082727,-0.05072342,0.8628336,0.9351706,0.2035084,0.2898968,-0.277045,0.9302217,0.2406942,-0.220685,-0.3054046,0.926297,moving,-10.22359,-19.96112,-5.351653,-3.364376
104,05/08/2023 17:07:54.961826,345,True,True,True,True,Eyes,1.20749,0.1070227,-3.57223,-0.1784728,-0.3400006,0.9233348,0.0,0.0,0.0,0.0,0.0,0.0,0.0,-0.3609971,1.183704,3.639652,1.497159,0.09355563,-3.539534,0.1413475,-0.1353494,0.1226821,0.9729598,17.95444,346.0896,12.16507,0.3036447,0.02970421,-0.9523219,0.6373468,-0.02444182,0.02094688,0.9467822,-0.08298984,-2.805231,-0.07970771,-0.05088937,0.8599178,0.9332592,0.2004669,0.2980607,-0.2769921,0.92994,0.2418409,-0.2286974,-0.3082607,0.9234028,moving,-10.93988,-20.21527,-5.295742,-3.386777
105,05/08/2023 17:07:54.972194,346,True,True,True,True,Eyes,1.220204,0.106499,-3.570368,-0.1896365,-0.3437126,0.9197281,0.0,0.0,0.0,0.0,0.0,0.0,0.0,-0.3251697,1.283565,3.612714,1.509502,0.09412417,-3.53801,0.1545677,-0.1397008,0.1258949,0.9699191,19.57324,345.7406,12.31923,0.3068549,0.02949169,-0.9512989,0.6373321,-0.02486549,0.02514461,0.9494829,-0.08541656,-2.80533,-0.07912223,-0.05052456,0.8571054,0.9292684,0.2010293,0.3099156,-0.2874022,0.9205186,0.2646611,-0.2320784,-0.3350116,0.913185,moving,-11.65041,-20.49127,-5.274215,-3.373562
106,05/08/2023 17:07:54.992240,347,True,True,True,True,Eyes,1.232873,0.1060464,-3.568451,-0.2012016,-0.346568,0.9161924,0.0,0.0,0.0,0.0,0.0,0.0,0.0,-0.2816445,1.316231,3.606902,1.521609,0.09624662,-3.535105,0.158414,-0.1457066,0.130642,0.9677848,20.163,345.1468,12.72063,0.3100613,0.0292848,-0.950265,0.6372325,-0.02494475,0.02922351,0.9519766,-0.08765732,-2.80542,-0.08013214,-0.04916959,0.8543164,0.9234045,0.2067028,0.3234162,-0.2990306,0.9156753,0.2685505,-0.2406341,-0.3446921,0.9073492,moving,-12.3859,-20.72012,-5.358483,-3.293985
107,05/08/2023 17:07:55.011997,348,True,True,True,True,Eyes,1.245522,0.1056107,-3.566514,-0.2125486,-0.3494217,0.912539,0.0,0.0,0.0,0.0,0.0,0.0,0.0,-0.252623,1.279271,3.624236,1.53362,0.09737573,-3.531851,0.1532033,-0.1514129,0.1319353,0.9675723,19.65915,344.442,12.81781,0.3132612,0.02908553,-0.9492211,0.6370047,-0.024806,0.03321933,0.9545619,-0.08998043,-2.805515,-0.08162855,-0.04691757,0.851741,0.9193345,0.20892,0.3334316,-0.3017078,0.9182436,0.2565172,-0.2525799,-0.3364239,0.9072058,moving,-13.11156,-20.95242,-5.474353,-3.152913
108,05/08/2023 17:07:55.022183,349,True,True,True,True,Eyes,1.2581,0.1052111,-3.564571,-0.2239364,-0.3516662,0.9089463,0.0,0.0,0.0,0.0,0.0,0.0,0.0,-0.2313758,1.289171,3.625012,1.545893,0.09732218,-3.529441,0.1543025,-0.1554556,0.1329347,0.9666193,19.8546,343.9838,12.84004,0.3164534,0.0288937,-0.9481676,0.6367316,-0.02462475,0.03703762,0.9571883,-0.09234041,-2.80561,-0.08343101,-0.04445502,0.8494256,0.9163239,0.2090201,0.341557,-0.3049688,0.9170382,0.2569727,-0.2595084,-0.3396344,0.9040486,moving,-13.84028,-21.15117,-5.609628,-2.995864
109,05/08/2023 17:07:55.042364,350,True,True,True,True,Eyes,1.27064,0.1048376,-3.562626,-0.2351556,-0.3539394,0.9052231,0.0,0.0,0.0,0.0,0.0,0.0,0.0,-0.2120671,1.294121,3.627147,1.55747,0.09781369,-3.527129,0.1546509,-0.1591397,0.134418,0.9657586,19.96788,343.5722,12.93622,0.3196334,0.02870987,-0.9471058,0.6362625,-0.02434594,0.04064398,0.9597615,-0.09465258,-2.805704,-0.08532231,-0.04328334,0.8469643,0.9132127,0.2104084,0.3489568,-0.3088528,0.9160299,0.2559284,-0.2658053,-0.3414933,0.9015153,moving,-14.56222,-21.35534,-5.752511,-2.925504
110,05/08/2023 17:07:55.062190,351,True,True,True,True,Eyes,1.283123,0.104495,-3.560684,-0.2463402,-0.356014,0.901427,0.0,0.0,0.0,0.0,0.0,0.0,0.0,-0.1843476,1.302496,3.628792,1.569183,0.09808953,-3.525146,0.1555822,-0.1638776,0.1357394,0.9646311,20.16031,343.034,12.98216,0.3227994,0.02853413,-0.9460368,0.6357074,-0.02400561,0.0440404,0.9624193,-0.09704076,-2.805801,-0.08730681,-0.04262315,0.8449416,0.9094379,0.2108839,0.3584002,-0.3128697,0.914738,0.2556695,-0.2739257,-0.3446481,0.8978767,moving,-15.28449,-21.55129,-5.899368,-2.887842
111,05/08/2023 17:07:55.072248,352,True,True,True,True,Eyes,1.29556,0.104223,-3.55873,-0.2572906,-0.3582934,0.897456,0.0,0.0,0.0,0.0,0.0,0.0,0.0,-0.1640353,1.329744,3.622939,1.580885,0.09856796,-3.523052,0.1593547,-0.1675829,0.1359463,0.9633488,20.64598,342.618,12.87518,0.3259486,0.02836673,-0.9449614,0.6350147,-0.02359303,0.04722445,0.9650809,-0.09943233,-2.805898,-0.08935268,-0.04534052,0.8429348,0.9068691,0.2085171,0.3662089,-0.3153376,0.9122494,0.2614636,-0.2795542,-0.3525928,0.8930441,moving,-15.997,-21.76348,-6.050865,-3.078909
112,05/08/2023 17:07:55.091851,353,True,True,True,True,Eyes,1.307918,0.1040127,-3.556768,-0.2684706,-0.360111,0.8934448,0.0,0.0,0.0,0.0,0.0,0.0,0.0,-0.137117,1.354475,3.617734,1.592269,0.1000484,-3.520805,0.1626156,-0.1718616,0.1376928,0.9618006,21.10853,342.1595,12.94419,0.3290794,0.02820921,-0.9438804,0.6342229,-0.02299351,0.05025322,0.9677278,-0.1018108,-2.805995,-0.09046811,-0.0475141,0.8412473,0.9030086,0.2089712,0.3753751,-0.3207607,0.9091938,0.2654793,-0.2858111,-0.3601357,0.8880395,moving,-16.72496,-21.95234,-6.138024,-3.232661
113,05/08/2023 17:07:55.112116,354,True,True,True,True,Eyes,1.320219,0.1038464,-3.554826,-0.2795551,-0.3619719,0.8892835,0.0,0.0,0.0,0.0,0.0,0.0,0.0,-0.1084672,1.346475,3.624322,1.603388,0.1013318,-3.51843,0.1617582,-0.1771014,0.1378101,0.9609776,21.08207,341.5174,12.85354,0.332188,0.02806271,-0.9427953,0.633243,-0.02224493,0.05312529,0.9700771,-0.1039218,-2.80608,-0.09271073,-0.04939173,0.8394257,0.8992869,0.2075696,0.3849648,-0.32216,0.9096853,0.2620794,-0.2957971,-0.3597048,0.8849387,moving,-17.45106,-22.14817,-6.302514,-3.367396
114,05/08/2023 17:07:55.122199,355,True,True,True,True,Eyes,1.332441,0.1037559,-3.552889,-0.291035,-0.3636881,0.8848896,0.0,0.0,0.0,0.0,0.0,0.0,0.0,-0.07984257,1.357177,3.6246,1.614436,0.1022813,-3.516982,0.1638032,-0.1822924,0.1363811,0.9598636,21.35712,340.8658,12.53264,0.335273,0.02792749,-0.9417067,0.6321539,-0.02140908,0.05576282,0.972762,-0.1063343,-2.806178,-0.09649768,-0.04785377,0.8384212,0.8963393,0.2020942,0.3946311,-0.3215346,0.9091375,0.264735,-0.3052725,-0.3641799,0.8798759,moving,-18.20573,-22.34258,-6.565541,-3.266672
115,05/08/2023 17:07:55.142150,356,True,True,True,True,Eyes,1.344583,0.1037582,-3.550937,-0.3024728,-0.3652998,0.8803785,0.0,0.0,0.0,0.0,0.0,0.0,0.0,-0.04860926,1.371999,3.622459,1.62516,0.1040382,-3.514966,0.1664925,-0.187684,0.1353069,0.9585129,21.71317,340.1976,12.23535,0.3383311,0.02780492,-0.9406159,0.6308894,-0.02039618,0.05822922,0.9752793,-0.1085963,-2.80627,-0.1016533,-0.04811153,0.8372043,0.8929335,0.196891,0.4048502,-0.3218829,0.9079446,0.2683805,-0.3147399,-0.3699602,0.8741099,moving,-18.96125,-22.53527,-6.922963,-3.288993
116,05/08/2023 17:07:55.162098,357,True,True,True,True,Eyes,1.356656,0.1038478,-3.548954,-0.3141541,-0.3663702,0.8758311,0.0,0.0,0.0,0.0,0.0,0.0,0.0,-0.01362681,1.362849,3.628695,1.635493,0.1062802,-3.512669,0.1658355,-0.1937265,0.134849,0.9574886,21.70444,339.4422,12.05093,0.3413603,0.02769676,-0.939524,0.6294608,-0.01916526,0.06059126,0.9778634,-0.1109183,-2.806364,-0.1070986,-0.04902881,0.8363633,0.8885717,0.1939793,0.4157072,-0.3224863,0.9086286,0.2653236,-0.3262562,-0.3698189,0.8699373,moving,-19.73253,-22.70012,-7.297168,-3.354922
117,05/08/2023 17:07:55.172217,358,True,True,True,True,Eyes,1.368661,0.1039997,-3.54694,-0.3258756,-0.3671809,0.8711964,0.0,0.0,0.0,0.0,0.0,0.0,0.0,0.02139485,1.337731,3.640227,1.645918,0.1083066,-3.51005,0.1630081,-0.200031,0.1341778,0.9567718,21.44467,338.6392,11.87565,0.3443598,0.02760433,-0.9384314,0.6279126,-0.01774672,0.06290242,0.9804735,-0.1132636,-2.806459,-0.1140921,-0.03916194,0.8363137,0.8839678,0.1915419,0.4265121,-0.3219685,0.9108493,0.2582436,-0.3390238,-0.3656025,0.866832,moving,-20.50857,-22.85384,-7.76848,-2.681022
118,05/08/2023 17:07:55.194052,359,True,True,True,True,Eyes,1.380587,0.1041878,-3.544894,-0.337588,-0.3675525,0.8665676,0.0,0.0,0.0,0.0,0.0,0.0,0.0,0.06125295,1.308466,3.652514,1.656418,0.1099218,-3.507263,0.1596061,-0.2069676,0.1336284,0.9559466,21.12864,337.7599,11.71644,0.3473295,0.02752791,-0.9373386,0.6262524,-0.01622609,0.0651729,0.9829723,-0.1155089,-2.80655,-0.1177644,-0.03874984,0.837539,0.8786157,0.1894167,0.4383557,-0.3215498,0.9133387,0.2498362,-0.3530441,-0.3604632,0.8633806,moving,-21.28436,-22.98411,-8.003753,-2.648976
119,05/08/2023 17:07:55.212213,360,True,True,True,True,Eyes,1.392452,0.1043874,-3.542811,-0.3492827,-0.3677402,0.8618404,0.0,0.0,0.0,0.0,0.0,0.0,0.0,0.09919143,1.275138,3.665412,1.667015,0.1109429,-3.504256,0.1556638,-0.2137769,0.1326509,0.955234,20.73867,336.8867,11.5263,0.3502681,0.02746685,-0.9362463,0.624455,-0.01468839,0.06740086,0.9856656,-0.117929,-2.806648,-0.1176639,-0.05860853,0.8355763,0.8734064,0.1868706,0.4497118,-0.3199799,0.9163451,0.2406754,-0.367116,-0.3541062,0.8601364,moving,-22.0615,-23.10755,-8.015551,-4.012238
120,05/08/2023 17:07:55.222069,361,True,True,True,True,Eyes,1.404281,0.1046045,-3.540698,-0.3608778,-0.3678656,0.8569959,0.0,0.0,0.0,0.0,0.0,0.0,0.0,0.1355238,1.253192,3.673797,1.677539,0.1113963,-3.501299,0.1531112,-0.2201238,0.1320497,0.9542879,20.50927,336.085,11.36825,0.3531765,0.02741969,-0.9351545,0.6225832,-0.01320829,0.06960528,0.9882331,-0.1202361,-2.806742,-0.1257605,-0.03656554,0.8390939,0.8682168,0.1846201,0.4605595,-0.3194338,0.9182397,0.2340898,-0.3796864,-0.3503589,0.8562049,moving,-22.83578,-23.23143,-8.523845,-2.495223
121,05/08/2023 17:07:55.242069,362,True,True,True,True,Eyes,1.416048,0.1048507,-3.538534,-0.3724613,-0.367893,0.8520137,0.0,0.0,0.0,0.0,0.0,0.0,0.0,0.1784178,1.242251,3.678071,1.688373,0.1119338,-3.498585,0.1519151,-0.2269797,0.1324811,0.9528121,20.46494,335.2467,11.2948,0.356057,0.02738531,-0.9340626,0.6207148,-0.01176453,0.07176685,0.9907337,-0.122483,-2.806833,-0.1314518,-0.03906171,0.8389739,0.861858,0.1834959,0.4727897,-0.3214225,0.9187412,0.2293521,-0.3922862,-0.3496341,0.8508041,moving,-23.61274,-23.35432,-8.9048,-2.665704
122,05/08/2023 17:07:55.261886,363,True,True,True,True,Eyes,1.427757,0.1050879,-3.536325,-0.383959,-0.3678593,0.846909,0.0,0.0,0.0,0.0,0.0,0.0,0.0,0.2194901,1.225733,3.682988,1.698794,0.1128688,-3.495191,0.150144,-0.2337402,0.1324103,0.9514672,20.34141,334.4074,11.17865,0.35891,0.02736313,-0.9329706,0.6187745,-0.01031997,0.07395321,0.9934387,-0.1249136,-2.806932,-0.1363274,-0.06357138,0.8381812,0.8556661,0.1817787,0.4845535,-0.3221575,0.9198486,0.223815,-0.4050311,-0.3476134,0.8456446,moving,-24.38788,-23.47797,-9.238076,-4.337262
123,05/08/2023 17:07:55.272533,364,True,True,True,True,Eyes,1.439416,0.1052962,-3.534059,-0.3954377,-0.3676755,0.841691,0.0,0.0,0.0,0.0,0.0,0.0,0.0,0.2625043,1.196985,3.691323,1.709583,0.1128988,-3.491724,0.1467693,-0.2410283,0.1316487,0.9502802,20.02354,333.4851,11.01119,0.3617362,0.02735136,-0.9318788,0.6167735,-0.008989164,0.07614143,0.9961991,-0.1273941,-2.807032,-0.1379233,-0.05870347,0.839939,0.8491479,0.1794551,0.4967329,-0.3209574,0.9222548,0.2154819,-0.4194449,-0.3424062,0.8407282,moving,-25.16476,-23.59713,-9.325108,-3.99791
124,05/08/2023 17:07:55.292023,365,True,True,True,True,Eyes,1.451032,0.1054552,-3.53174,-0.406635,-0.3676521,0.8363492,0.0,0.0,0.0,0.0,0.0,0.0,0.0,0.2993896,1.178343,3.695945,1.720195,0.1123988,-3.488041,0.1446813,-0.2474244,0.1306618,0.9490922,19.8336,332.6722,10.80984,0.3645374,0.02734775,-0.9307867,0.6147466,-0.007824748,0.0783736,0.998584,-0.129537,-2.807119,-0.1390132,-0.06924303,0.8395454,0.8434174,0.1764249,0.5074658,-0.3196156,0.9239897,0.2099739,-0.4318485,-0.3392896,0.835697,moving,-25.92914,-23.72989,-9.40182,-4.714901
125,05/08/2023 17:07:55.312490,366,True,True,True,True,Eyes,1.462607,0.1055741,-3.529362,-0.4178159,-0.367575,0.8308541,0.0,0.0,0.0,0.0,0.0,0.0,0.0,0.3389106,1.170519,3.696604,1.731035,0.1114087,-3.484388,0.1438826,-0.2539076,0.1303491,0.947543,19.80763,331.864,10.65509,0.367315,0.02734963,-0.9296941,0.612708,-0.006878232,0.08062561,1.0011,-0.1317981,-2.807211,-0.141939,-0.08119591,0.8384351,0.8370801,0.173957,0.5186867,-0.3200886,0.9246138,0.2064766,-0.4436668,-0.3388631,0.8296576,moving,-26.69669,-23.8649,-9.608522,-5.531402
126,05/08/2023 17:07:55.322219,367,True,True,True,True,Eyes,1.474181,0.1056378,-3.526911,-0.4287535,-0.3676923,0.8252108,0.0,0.0,0.0,0.0,0.0,0.0,0.0,0.3793443,1.161692,3.69685,1.741754,0.1105693,-3.480545,0.1430808,-0.2605752,0.1295917,0.9459568,19.76928,331.0233,10.44518,0.370071,0.02735499,-0.9286003,0.6106698,-0.006108849,0.08292346,1.0037,-0.1341345,-2.807306,-0.1429369,-0.08424906,0.8386335,0.8306131,0.1706096,0.53007,-0.3197429,0.9254677,0.2031599,-0.4559016,-0.3382334,0.8232569,moving,-27.45497,-24.0165,-9.67256,-5.736683
127,05/08/2023 17:07:55.341993,368,True,True,True,True,Eyes,1.485717,0.1056346,-3.524396,-0.4396099,-0.3677783,0.8194402,0.0,0.0,0.0,0.0,0.0,0.0,0.0,0.416963,1.157895,3.695623,1.75276,0.109209,-3.476796,0.1428021,-0.2668077,0.1290161,0.9443389,19.78869,330.2393,10.25203,0.3728098,0.02736151,-0.9275039,0.6087542,-0.00555139,0.08530017,1.006341,-0.136507,-2.807402,-0.1415405,-0.09191044,0.8380519,0.8243369,0.1674684,0.5407614,-0.3198712,0.9259248,0.2008622,-0.4670663,-0.3385521,0.8168423,moving,-28.21248,-24.17133,-9.586346,-6.258703
128,05/08/2023 17:07:55.362281,369,True,True,True,True,Eyes,1.497273,0.1055564,-3.521797,-0.4501439,-0.3680159,0.8135937,0.0,0.0,0.0,0.0,0.0,0.0,0.0,0.4533608,1.151516,3.69455,1.763466,0.1076043,-3.472727,0.1419854,-0.2727556,0.1292703,0.9427269,19.76878,329.5048,10.17713,0.3755326,0.02736683,-0.9264047,0.6068363,-0.005227806,0.08772739,1.008909,-0.1388146,-2.807496,-0.1384425,-0.09407197,0.8387799,0.8177871,0.1662786,0.550977,-0.3211878,0.9262587,0.1971884,-0.477559,-0.3382252,0.8108891,moving,-28.95481,-24.33884,-9.372302,-6.399172
129,05/08/2023 17:07:55.371788,370,True,True,True,True,Eyes,1.508813,0.1053986,-3.51914,-0.4606267,-0.3682412,0.8076023,0.0,0.0,0.0,0.0,0.0,0.0,0.0,0.4920254,1.140738,3.694564,1.774571,0.1055504,-3.468852,0.1404535,-0.2789764,0.1299598,0.9410396,19.68545,328.7433,10.16865,0.3782447,0.02736857,-0.9253006,0.6050942,-0.005148719,0.09026147,1.011604,-0.1412362,-2.807594,-0.1353617,-0.09081391,0.8398179,0.8105652,0.1662281,0.5615624,-0.322961,0.9267665,0.1918333,-0.4885491,-0.3368561,0.80489,moving,-29.69885,-24.51149,-9.156178,-6.171711
130,05/08/2023 17:07:55.392217,371,True,True,True,True,Eyes,1.520385,0.1051695,-3.516411,-0.4706961,-0.3687577,0.8015379,0.0,0.0,0.0,0.0,0.0,0.0,0.0,0.5326953,1.134617,3.692383,1.785844,0.1034818,-3.464805,0.1395625,-0.2853895,0.130765,0.9391356,19.68046,327.9587,10.15131,0.3809475,0.02736452,-0.9241912,0.6034069,-0.005313318,0.09281731,1.014227,-0.1435932,-2.807689,-0.1325829,-0.08899991,0.8409352,0.8029068,0.1659529,0.5725386,-0.3252715,0.9268456,0.1874983,-0.499539,-0.3367741,0.7981503,moving,-30.42321,-24.7054,-8.959574,-6.041378
131,05/08/2023 17:07:55.412473,372,True,True,True,True,Eyes,1.531965,0.1048784,-3.513619,-0.480632,-0.3692986,0.7953688,0.0,0.0,0.0,0.0,0.0,0.0,0.0,0.569236,1.139426,3.687415,1.797615,0.1014662,-3.460872,0.140031,-0.2911565,0.1318135,0.937147,19.82911,327.2574,10.13381,0.3836456,0.02735297,-0.9230748,0.6019189,-0.005681902,0.09543437,1.01673,-0.1458427,-2.807781,-0.1285253,-0.09347697,0.8411299,0.7957062,0.1655154,0.5826288,-0.3285991,0.9260331,0.1857025,-0.5087969,-0.3392159,0.7912384,moving,-31.14408,-24.90597,-8.687641,-6.341409
132,05/08/2023 17:07:55.422407,373,True,True,True,True,Eyes,1.543589,0.1045591,-3.510738,-0.4901873,-0.3698879,0.7892397,0.0,0.0,0.0,0.0,0.0,0.0,0.0,0.6016399,1.13851,3.684268,1.809499,0.09969155,-3.456555,0.1396395,-0.2964321,0.1332929,0.9353406,19.89184,326.6243,10.20259,0.3863415,0.02733273,-0.9219503,0.6005441,-0.006214092,0.09808538,1.019316,-0.1481661,-2.807875,-0.1249943,-0.09421697,0.8419421,0.788722,0.1665612,0.5917558,-0.3321357,0.9254677,0.1821964,-0.517304,-0.3402455,0.7852577,moving,-31.84392,-25.11077,-8.444423,-6.385082
133,05/08/2023 17:07:55.446227,374,True,True,True,True,Eyes,1.555226,0.1042,-3.507797,-0.4996766,-0.3702892,0.7830768,0.0,0.0,0.0,0.0,0.0,0.0,0.0,0.6288552,1.126785,3.68511,1.821427,0.09853358,-3.45222,0.1378304,-0.3012113,0.1346409,0.9338879,19.78837,326.0508,10.31256,0.3890401,0.02730384,-0.9208156,0.5993826,-0.006799309,0.1008427,1.021854,-0.1504468,-2.807967,-0.1237281,-0.09003632,0.8428388,0.7822872,0.1684468,0.5997103,-0.334511,0.9257492,0.1763256,-0.52548,-0.3385469,0.7805491,moving,-32.54171,-25.3078,-8.35133,-6.097502
134,05/08/2023 17:07:55.462672,375,True,True,True,True,Eyes,1.566903,0.1037767,-3.504777,-0.5089825,-0.370476,0.7769712,0.0,0.0,0.0,0.0,0.0,0.0,0.0,0.6605742,1.09968,3.689615,1.833531,0.09715272,-3.447845,0.1339262,-0.3066567,0.1364561,0.932419,19.47776,325.4023,10.53236,0.3917424,0.02726595,-0.9196703,0.5983324,-0.007468481,0.1036162,1.024441,-0.1527711,-2.808062,-0.1250824,-0.08738537,0.8436253,0.7746828,0.1723298,0.6084152,-0.3366072,0.9268871,0.1660602,-0.5353152,-0.3334409,0.7760508,moving,-33.22822,-25.49278,-8.433675,-5.913787
135,05/08/2023 17:07:55.472240,376,True,True,True,True,Eyes,1.57863,0.1033211,-3.501706,-0.5181491,-0.3708268,0.7707197,0.0,0.0,0.0,0.0,0.0,0.0,0.0,0.6930444,1.066273,3.695346,1.845967,0.09508409,-3.443284,0.1292565,-0.3124282,0.1374931,0.9310087,19.06201,324.6976,10.68532,0.3944518,0.027218,-0.9185129,0.5974625,-0.008290286,0.1064573,1.026991,-0.1550624,-2.808155,-0.1264932,-0.08607464,0.8444387,0.7669685,0.1752478,0.6172904,-0.3367813,0.9287768,0.1547645,-0.546203,-0.3265913,0.7713628,moving,-33.91264,-25.69424,-8.519311,-5.820126
136,05/08/2023 17:07:55.492319,377,True,True,True,True,Eyes,1.590414,0.1028523,-3.498536,-0.5271987,-0.3711928,0.7643803,0.0,0.0,0.0,0.0,0.0,0.0,0.0,0.7322153,1.069212,3.689463,1.859041,0.09383932,-3.43899,0.1291325,-0.3181629,0.1414304,0.9284905,19.25618,324.0453,11.02036,0.3971714,0.02716,-0.9173419,0.5967964,-0.009159857,0.1092823,1.029562,-0.1573731,-2.808249,-0.1278791,-0.08349898,0.8455879,0.7575396,0.1804632,0.627349,-0.3448039,0.9266445,0.1498008,-0.554296,-0.3297924,0.7641943,moving,-34.59431,-25.9018,-8.599732,-5.639484
137,05/08/2023 17:07:55.512492,378,True,True,True,True,Eyes,1.602255,0.1023435,-3.495289,-0.5362974,-0.3713698,0.7579376,0.0,0.0,0.0,0.0,0.0,0.0,0.0,0.7780211,1.044314,3.688898,1.872017,0.09295594,-3.433772,0.12563,-0.3252039,0.1447139,0.9260224,19.07438,323.2154,11.36914,0.3999046,0.02709263,-0.9161557,0.5963408,-0.01001655,0.1122354,1.032221,-0.1597623,-2.808345,-0.1304516,-0.07899064,0.8468587,0.7466007,0.1863059,0.638653,-0.3497273,0.92655,0.1385493,-0.5659314,-0.3267954,0.756919,moving,-35.28226,-26.10366,-8.757109,-5.328838
138,05/08/2023 17:07:55.527199,379,True,True,True,True,Eyes,1.614174,0.1017766,-3.491948,-0.5449682,-0.3718218,0.7515039,0.0,0.0,0.0,0.0,0.0,0.0,0.0,0.8174006,1.015559,3.690463,1.8854,0.09143379,-3.428692,0.1218824,-0.3319477,0.145317,0.9240336,18.76711,322.3746,11.43023,0.4026543,0.02701559,-0.9149528,0.5960836,-0.01094191,0.1152431,1.034906,-0.1621745,-2.808443,-0.1331083,-0.07661816,0.848115,0.7373874,0.1876384,0.648885,-0.3494728,0.9280553,0.1287717,-0.5780386,-0.3217222,0.7499107,moving,-35.94851,-26.32483,-8.919585,-5.162051
139,05/08/2023 17:07:55.542388,380,True,True,True,True,Eyes,1.626129,0.1011812,-3.488516,-0.5536,-0.3721721,0.7449933,0.0,0.0,0.0,0.0,0.0,0.0,0.0,0.8531495,1.0065,3.686919,1.898904,0.08942455,-3.423514,0.120674,-0.3380409,0.145655,0.9219278,18.72221,321.6104,11.38659,0.4054242,0.02692804,-0.9137314,0.5960757,-0.01198619,0.1183507,1.037426,-0.1644389,-2.808535,-0.1360756,-0.0757122,0.849218,0.7290259,0.1869813,0.6584522,-0.3501522,0.9284448,0.1240306,-0.5881451,-0.32098,0.7423323,moving,-36.61581,-26.54508,-9.10348,-5.094747
140,05/08/2023 17:07:55.562055,381,True,True,True,True,Eyes,1.63815,0.1006328,-3.484986,-0.5617455,-0.3729209,0.7384931,0.0,0.0,0.0,0.0,0.0,0.0,0.0,0.8803306,0.9967049,3.684625,1.911844,0.08815565,-3.417886,0.1195472,-0.3432726,0.1447347,0.9202849,18.62675,320.9334,11.216,0.4082149,0.02683021,-0.912491,0.5961751,-0.01305319,0.1215472,1.039999,-0.1667506,-2.808629,-0.1380879,-0.07656771,0.8502811,0.7224316,0.1843197,0.6664225,-0.3484688,0.9295207,0.120668,-0.597212,-0.3194018,0.7357448,moving,-37.25896,-26.79266,-9.224452,-5.145599
141,05/08/2023 17:07:55.572224,382,True,True,True,True,Eyes,1.65023,0.1000764,-3.481358,-0.5700876,-0.3734648,0.7317951,0.0,0.0,0.0,0.0,0.0,0.0,0.0,0.9082823,1.005353,3.677411,1.925036,0.08865783,-3.412541,0.1204276,-0.3477157,0.1479786,0.9179833,18.90561,320.4223,11.45809,0.4110287,0.02672468,-0.9112301,0.5964671,-0.01391522,0.1248444,1.042697,-0.1691754,-2.808727,-0.1400759,-0.08033848,0.8507922,0.7143922,0.1879347,0.6740357,-0.355433,0.927199,0.1181921,-0.602753,-0.3240101,0.7291819,moving,-37.91953,-27.03707,-9.349403,-5.394322
142,05/08/2023 17:07:55.592027,383,True,True,True,True,Eyes,1.662383,0.09952627,-3.477661,-0.57784,-0.3745054,0.7251528,0.0,0.0,0.0,0.0,0.0,0.0,0.0,0.9643825,0.9659387,3.675404,1.9388,0.08783024,-3.406613,0.1155781,-0.3565486,0.1494671,0.9149724,18.54722,319.3252,11.62862,0.4138676,0.026612,-0.9099475,0.5969211,-0.01474958,0.1282364,1.045272,-0.1714887,-2.808821,-0.1420601,-0.08471529,0.8511578,0.7010654,0.1910982,0.6870144,-0.355935,0.9286025,0.104917,-0.617914,-0.3180861,0.7190296,moving,-38.54969,-27.3141,-9.475455,-5.6839
143,05/08/2023 17:07:55.611886,384,True,True,True,True,Eyes,1.674578,0.09910747,-3.473889,-0.5851439,-0.3763497,0.7183087,0.0,0.0,0.0,0.0,0.0,0.0,0.0,0.9742296,1.020617,3.660439,1.952517,0.08759642,-3.401411,0.1226972,-0.358828,0.1488436,0.9132543,19.32499,319.0175,11.23214,0.4167327,0.02649309,-0.9086424,0.5975635,-0.01551488,0.1316351,1.047729,-0.1736969,-2.808911,-0.1444961,-0.08838275,0.8514115,0.6981761,0.1838098,0.6919277,-0.3599185,0.9255819,0.117289,-0.618877,-0.330926,0.7123758,moving,-39.16672,-27.65178,-9.632094,-5.926495
144,05/08/2023 17:07:55.621985,385,True,True,True,True,Eyes,1.686758,0.09880959,-3.470001,-0.5925144,-0.3777525,0.7114981,0.0,0.0,0.0,0.0,0.0,0.0,0.0,1.010743,1.08159,3.63499,1.965835,0.09041215,-3.395866,0.1301278,-0.362678,0.1577589,0.9091994,20.55189,318.6642,11.86245,0.4196237,0.02637283,-0.9073144,0.5982961,-0.0158404,0.1350523,1.050398,-0.1760955,-2.809008,-0.1463684,-0.0893241,0.8519927,0.6871537,0.1924797,0.7005507,-0.3812575,0.9163578,0.1221928,-0.6184356,-0.3510555,0.703063,moving,-39.78652,-27.96498,-9.747996,-5.985105
145,05/08/2023 17:07:55.644870,386,True,True,True,True,Eyes,1.699003,0.09854878,-3.466034,-0.5999012,-0.3792223,0.704492,0.0,0.0,0.0,0.0,0.0,0.0,0.0,1.060256,1.009856,3.641902,1.978016,0.09288628,-3.389134,0.1212059,-0.3708021,0.1607892,0.906621,19.81704,317.6819,12.37781,0.4225378,0.02625535,-0.9059644,0.5989372,-0.0157836,0.1386114,1.052951,-0.1783893,-2.809101,-0.1481314,-0.08932407,0.8527015,0.6733052,0.2016629,0.7113312,-0.3814365,0.9189119,0.1005338,-0.6333768,-0.3390176,0.6956298,moving,-40.41563,-28.29322,-9.85508,-5.980163
146,05/08/2023 17:07:55.662381,387,True,True,True,True,Eyes,1.711282,0.09837756,-3.462007,-0.6069154,-0.3813633,0.6972917,0.0,0.0,0.0,0.0,0.0,0.0,0.0,1.103606,1.008773,3.631491,1.992017,0.09354363,-3.383255,0.1214615,-0.3775946,0.1620626,0.9035514,19.99154,316.8263,12.35888,0.425476,0.02614152,-0.9045916,0.5997368,-0.01561901,0.1421973,1.05552,-0.1806979,-2.809195,-0.1507142,-0.08820596,0.8532194,0.6623161,0.2011374,0.7217209,-0.3845902,0.9179656,0.09710551,-0.6429834,-0.3418813,0.6853389,moving,-41.03597,-28.67516,-10.0175,-5.902279
147,05/08/2023 17:07:55.672004,388,True,True,True,True,Eyes,1.723534,0.09833275,-3.457862,-0.6139506,-0.3831833,0.690098,0.0,0.0,0.0,0.0,0.0,0.0,0.0,1.143188,1.086024,3.598758,2.005728,0.09588908,-3.377165,0.1318203,-0.3823647,0.1662088,0.8993305,21.35865,316.258,12.28409,0.4284372,0.02603383,-0.9031959,0.6005886,-0.01519555,0.1457476,1.058244,-0.1831456,-2.809294,-0.1539619,-0.08541961,0.8536019,0.6523439,0.1981465,0.7315638,-0.3997602,0.9099961,0.1099953,-0.643925,-0.3642047,0.6728414,moving,-41.65812,-29.04163,-10.22436,-5.714542
148,05/08/2023 17:07:55.692334,389,True,True,True,True,Eyes,1.735751,0.09833204,-3.453635,-0.6211262,-0.3842614,0.6830413,0.0,0.0,0.0,0.0,0.0,0.0,0.0,1.163835,1.055293,3.601411,2.017475,0.09884213,-3.370214,0.1284583,-0.3871401,0.164995,0.8979965,21.00581,315.6219,12.17402,0.4314182,0.02593585,-0.9017787,0.60131,-0.01441824,0.1494367,1.060718,-0.1853683,-2.809384,-0.1575846,-0.08408429,0.85377,0.6457984,0.1968672,0.7376907,-0.3957926,0.9125502,0.1029578,-0.6529109,-0.3584625,0.6672421,moving,-42.28194,-29.36098,-10.45767,-5.624686
149,05/08/2023 17:07:55.712267,390,True,True,True,True,Eyes,1.74795,0.09834075,-3.449335,-0.6282679,-0.3851162,0.6759919,0.0,0.0,0.0,0.0,0.0,0.0,0.0,1.175168,1.014259,3.610099,2.029237,0.09991294,-3.363744,0.1237,-0.3913395,0.1608827,0.8975904,20.36402,315.0164,11.81754,0.4344143,0.02584807,-0.9003417,0.6018825,-0.01355527,0.1531499,1.063309,-0.1876965,-2.809479,-0.1619875,-0.08204858,0.8533246,0.6419403,0.1919961,0.7423276,-0.3856309,0.9176301,0.0961444,-0.6627228,-0.3479834,0.6631033,moving,-42.90443,-29.6704,-10.74862,-5.492201
150,05/08/2023 17:07:55.722324,391,True,True,True,True,Eyes,1.7601,0.0983547,-3.444961,-0.6353523,-0.3856369,0.6690378,0.0,0.0,0.0,0.0,0.0,0.0,0.0,1.188656,1.003375,3.609756,2.041088,0.1001704,-3.357667,0.1227097,-0.3951702,0.1577509,0.8966035,20.16475,314.4674,11.42214,0.4374232,0.02576973,-0.8988859,0.6023649,-0.01271583,0.1568619,1.065882,-0.1900083,-2.809572,-0.1666778,-0.07634746,0.8535463,0.6379104,0.1858976,0.7473369,-0.3798624,0.920114,0.0953669,-0.6699067,-0.3447207,0.6575658,moving,-43.52068,-29.95937,-11.04948,-5.111353
151,05/08/2023 17:07:55.741993,392,True,True,True,True,Eyes,1.772208,0.09838436,-3.440518,-0.6421835,-0.38628,0.6621089,0.0,0.0,0.0,0.0,0.0,0.0,0.0,1.196803,0.9982672,3.608952,2.052353,0.1003731,-3.351295,0.1222814,-0.3981008,0.1554703,0.8957634,20.05099,314.0486,11.11962,0.4404408,0.02570008,-0.8974132,0.6026725,-0.01191103,0.1605737,1.068445,-0.1923113,-2.809666,-0.1719999,-0.07221785,0.8532352,0.6346895,0.1811685,0.7512306,-0.3758899,0.9217525,0.09528478,-0.675186,-0.3428562,0.6531259,moving,-44.12477,-30.25965,-11.39725,-4.837985
152,05/08/2023 17:07:55.762054,393,True,True,True,True,Eyes,1.78422,0.09845617,-3.436035,-0.6487544,-0.3871181,0.6551774,0.0,0.0,0.0,0.0,0.0,0.0,0.0,1.208758,1.009403,3.602604,2.063521,0.1008071,-3.345216,0.1235615,-0.4006048,0.1570692,0.8941911,20.29297,313.7419,11.18273,0.4434633,0.02563875,-0.8959252,0.6028367,-0.01110739,0.1642659,1.071032,-0.1946363,-2.80976,-0.177362,-0.06615962,0.8533515,0.6296901,0.1819011,0.75525,-0.3798985,0.9201236,0.09512983,-0.6776191,-0.3468206,0.6484966,moving,-44.71777,-30.57714,-11.74129,-4.433225
153,05/08/2023 17:07:55.772517,394,True,True,True,True,Eyes,1.796151,0.09857406,-3.431469,-0.6552893,-0.3879562,0.6481404,0.0,0.0,0.0,0.0,0.0,0.0,0.0,1.23479,1.013549,3.592814,2.07395,0.10208,-3.338954,0.1240502,-0.4044961,0.1607883,0.8917071,20.56742,313.2903,11.48353,0.4464844,0.02558632,-0.894425,0.6027022,-0.01022552,0.1678611,1.073622,-0.1969632,-2.809855,-0.1824236,-0.05768105,0.8534342,0.62106,0.1863964,0.7612758,-0.3871077,0.9175174,0.09115637,-0.6814924,-0.3513093,0.6419889,moving,-45.31424,-30.9034,-12.06554,-3.866569
154,05/08/2023 17:07:55.792126,395,True,True,True,True,Eyes,1.807991,0.09872407,-3.426835,-0.6617475,-0.3889049,0.6409705,0.0,0.0,0.0,0.0,0.0,0.0,0.0,1.268842,1.001929,3.58402,2.084075,0.1032974,-3.332413,0.1229394,-0.4099194,0.1623485,0.8890979,20.59194,312.6062,11.57914,0.4495001,0.02554341,-0.8929145,0.602334,-0.009258294,0.1714851,1.076208,-0.1992873,-2.809949,-0.1863089,-0.05186294,0.8533859,0.6112182,0.187897,0.7688349,-0.389478,0.9170578,0.08551075,-0.6889988,-0.35171,0.6337041,moving,-45.91373,-31.24703,-12.31542,-3.477767
155,05/08/2023 17:07:55.812512,396,True,True,True,True,Eyes,1.81973,0.09892612,-3.422108,-0.6681449,-0.389878,0.6337014,0.0,0.0,0.0,0.0,0.0,0.0,0.0,1.301575,1.007181,3.57044,2.093764,0.1042071,-3.325936,0.1240861,-0.4150185,0.16332,0.886391,20.8265,311.9435,11.51209,0.4525058,0.02551011,-0.891396,0.6017143,-0.008252789,0.1750992,1.078784,-0.201602,-2.810043,-0.1886615,-0.04759708,0.8532418,0.6021725,0.1865347,0.7762687,-0.3925268,0.9158584,0.08441597,-0.6952057,-0.3555392,0.6247246,moving,-46.51554,-31.60147,-12.46814,-3.192868
156,05/08/2023 17:07:55.822203,397,True,True,True,True,Eyes,1.831316,0.09916666,-3.417325,-0.6745341,-0.3907725,0.626339,0.0,0.0,0.0,0.0,0.0,0.0,0.0,1.330849,1.005466,3.559206,2.103178,0.1056846,-3.318967,0.124432,-0.4199325,0.1636094,0.8839715,20.94051,311.2949,11.40898,0.4554984,0.02548714,-0.8898713,0.6008278,-0.007151465,0.1787732,1.081407,-0.2039585,-2.810138,-0.1906186,-0.03964266,0.8536488,0.5937774,0.1847459,0.783133,-0.3937581,0.9154974,0.0825789,-0.7017001,-0.3573984,0.6163468,moving,-47.12174,-31.96001,-12.58757,-2.658853
157,05/08/2023 17:07:55.842478,398,True,True,True,True,Eyes,1.842775,0.09945382,-3.412458,-0.6810119,-0.3915985,0.6187676,0.0,0.0,0.0,0.0,0.0,0.0,0.0,1.360133,0.9925071,3.550626,2.11192,0.1071141,-3.312144,0.1234944,-0.4251689,0.1624675,0.8818077,20.85161,310.5846,11.20032,0.4584708,0.02547471,-0.8883439,0.5995377,-0.006000751,0.1823955,1.084035,-0.2063203,-2.810234,-0.1920514,-0.03317095,0.853928,0.5856715,0.1815183,0.789962,-0.3915422,0.9167069,0.07964441,-0.7097067,-0.3559489,0.6079612,moving,-47.7417,-32.32843,-12.67512,-2.224544
158,05/08/2023 17:07:55.862501,399,True,True,True,True,Eyes,1.854093,0.09975971,-3.407492,-0.6876044,-0.3923209,0.6109701,0.0,0.0,0.0,0.0,0.0,0.0,0.0,1.403094,0.9808701,3.535757,2.120447,0.1085428,-3.305189,0.123039,-0.432063,0.1611768,0.8787521,20.82522,309.6466,10.91286,0.4614192,0.02547324,-0.886816,0.5979403,-0.004779225,0.1860552,1.08656,-0.2085887,-2.810326,-0.1946269,-0.02930769,0.8540447,0.5746872,0.1769476,0.7990146,-0.38959,0.917767,0.0769645,-0.7196905,-0.3555186,0.596366,moving,-48.37734,-32.70565,-12.83781,-1.965411
159,05/08/2023 17:07:55.872577,400,True,True,True,True,Eyes,1.865287,0.1000677,-3.40243,-0.6941532,-0.3931046,0.6030092,0.0,0.0,0.0,0.0,0.0,0.0,0.0,1.444602,0.9725015,3.519334,2.128604,0.1093398,-3.297791,0.1231507,-0.439086,0.157886,0.8758479,20.75506,308.6535,10.37611,0.4643406,0.02548215,-0.8852897,0.5960193,-0.003574798,0.1897899,1.089212,-0.2109723,-2.810423,-0.1996917,-0.02251975,0.8538346,0.5645512,0.1684207,0.8080326,-0.3847157,0.9198118,0.07707161,-0.7302575,-0.3543736,0.5840749,moving,-49.01923,-33.10052,-13.16352,-1.510817
160,05/08/2023 17:07:55.892291,401,True,True,True,True,Eyes,1.876342,0.1003639,-3.397286,-0.7004579,-0.3940125,0.5950739,0.0,0.0,0.0,0.0,0.0,0.0,0.0,1.474089,0.9898901,3.500309,2.13691,0.1097859,-3.290372,0.1262723,-0.4442617,0.1551636,0.8732762,21.00244,307.8921,9.794006,0.4672334,0.02550038,-0.8837658,0.5938401,-0.002436423,0.1935889,1.091742,-0.2132453,-2.810515,-0.1999248,-0.03002831,0.8547988,0.5571116,0.1588054,0.815112,-0.3831972,0.9199591,0.08267472,-0.7367405,-0.3584076,0.5733737,moving,-49.65044,-33.50949,-13.16401,-2.011922
161,05/08/2023 17:07:55.912292,402,True,True,True,True,Eyes,1.887263,0.1006571,-3.392076,-0.7066042,-0.3950288,0.5870799,0.0,0.0,0.0,0.0,0.0,0.0,0.0,1.4971,1.005591,3.484028,2.144824,0.1098987,-3.283082,0.1289016,-0.4484781,0.153388,0.8710476,21.23175,307.2728,9.359965,0.4700948,0.02552649,-0.8822463,0.5913746,-0.001401577,0.197403,1.09435,-0.2155885,-2.81061,-0.202872,-0.03552474,0.8543215,0.5506791,0.1515973,0.8208354,-0.3828356,0.919713,0.08697661,-0.7417476,-0.3621412,0.5645036,moving,-50.27861,-33.93545,-13.35835,-2.381124
162,05/08/2023 17:07:55.922244,403,True,True,True,True,Eyes,1.898054,0.1009511,-3.386779,-0.7124906,-0.3963512,0.5790188,0.0,0.0,0.0,0.0,0.0,0.0,0.0,1.517358,1.024654,3.468014,2.152593,0.1101915,-3.27622,0.1318286,-0.4521099,0.1526125,0.8688655,21.53551,306.7408,9.030165,0.4729231,0.02555949,-0.8807325,0.5886552,-0.0004378746,0.2011893,1.096978,-0.2179505,-2.810706,-0.2079601,-0.01089089,0.8570778,0.544612,0.1459975,0.8258829,-0.3844016,0.9186613,0.09108735,-0.745408,-0.3670779,0.5564356,moving,-50.90032,-34.3925,-13.63859,-0.7280182
163,05/08/2023 17:07:55.942162,404,True,True,True,True,Eyes,1.908688,0.1012447,-3.381396,-0.7183251,-0.3977325,0.5708046,0.0,0.0,0.0,0.0,0.0,0.0,0.0,1.548413,1.045298,3.446102,2.160084,0.1105102,-3.269201,0.1349803,-0.4566661,0.15401,0.8657468,21.98598,306.1096,8.895391,0.4757172,0.0255986,-0.8792253,0.585708,0.0004703306,0.2050102,1.099571,-0.2202805,-2.810801,-0.2126694,-0.01010753,0.8579287,0.5354739,0.1433855,0.8322911,-0.3899491,0.9161224,0.0930552,-0.7491378,-0.3743798,0.5464728,moving,-51.5282,-34.8685,-13.92224,-0.6749887
164,05/08/2023 17:07:55.962149,405,True,True,True,True,Eyes,1.91918,0.1015245,-3.375902,-0.7239659,-0.399213,0.5625855,0.0,0.0,0.0,0.0,0.0,0.0,0.0,1.586836,1.044148,3.426237,2.167091,0.1108253,-3.261721,0.1354702,-0.4624116,0.1551691,0.8624071,22.15818,305.3353,8.841607,0.4784752,0.02564312,-0.8777261,0.5824691,0.00132306,0.2088587,1.102199,-0.2226418,-2.810896,-0.2148091,-0.008429244,0.8606241,0.524196,0.1423518,0.8396157,-0.3929238,0.9151407,0.09015691,-0.7555326,-0.3771648,0.5356466,moving,-52.14964,-35.35967,-14.0145,-0.5611563
165,05/08/2023 17:07:55.977610,406,True,True,True,True,Eyes,1.929508,0.1017926,-3.37031,-0.7295358,-0.4007359,0.5542458,0.0,0.0,0.0,0.0,0.0,0.0,0.0,1.624356,1.045328,3.40524,2.174012,0.1107418,-3.253969,0.1362268,-0.4680429,0.1563461,0.8590308,22.35843,304.57,8.775398,0.481197,0.02569198,-0.8762355,0.5789961,0.002083007,0.2128081,1.104627,-0.2248231,-2.810985,-0.2150393,0.01518057,0.8647227,0.5129834,0.1410922,0.8467237,-0.3961322,0.9139963,0.08769268,-0.7615296,-0.3803995,0.5247561,moving,-52.7752,-35.86803,-13.96504,1.005748
166,05/08/2023 17:07:55.992342,407,True,True,True,True,Eyes,1.939665,0.1020458,-3.364625,-0.7349519,-0.4021172,0.5460289,0.0,0.0,0.0,0.0,0.0,0.0,0.0,1.658963,1.043744,3.385529,2.180538,0.110756,-3.245974,0.1366067,-0.4733518,0.1575229,0.8558407,22.51682,303.8497,8.735972,0.4838817,0.02574431,-0.8747543,0.5752416,0.002762287,0.2168159,1.107129,-0.227072,-2.811076,-0.2153999,0.02232563,0.8681308,0.5022491,0.140303,0.8532649,-0.3989551,0.9130503,0.08469956,-0.7671901,-0.3829547,0.5145533,moving,-53.38968,-36.3694,-13.93477,1.473145
167,05/08/2023 17:07:56.012253,408,True,True,True,True,Eyes,1.949659,0.1022529,-3.358839,-0.740368,-0.4033818,0.5377159,0.0,0.0,0.0,0.0,0.0,0.0,0.0,1.691471,1.030579,3.369704,2.186809,0.1106949,-3.237851,0.1355121,-0.4787138,0.1576752,0.8529996,22.46668,303.1211,8.66678,0.4865275,0.02579922,-0.8732839,0.571198,0.003356062,0.2208637,1.10972,-0.2293998,-2.81117,-0.2176783,0.01270127,0.870809,0.4919432,0.1392508,0.8594191,-0.3987367,0.9135501,0.08022086,-0.7739516,-0.382146,0.5049391,moving,-54.00978,-36.87637,-14.03476,0.8356342
168,05/08/2023 17:07:56.022225,409,True,True,True,True,Eyes,1.959481,0.1024123,-3.352953,-0.7456529,-0.4045481,0.5294739,0.0,0.0,0.0,0.0,0.0,0.0,0.0,1.723862,1.016002,3.353771,2.192996,0.1097924,-3.229622,0.1341619,-0.4841433,0.1574912,0.8501779,22.37207,302.3792,8.575172,0.4891346,0.02585497,-0.8718246,0.5669057,0.003776009,0.2249689,1.112377,-0.2317872,-2.811267,-0.2207344,0.01495388,0.8735415,0.4816036,0.1378839,0.8654745,-0.3976983,0.9143942,0.07562643,-0.7809573,-0.3806196,0.4952117,moving,-54.62217,-37.38188,-14.18116,0.9807326
169,05/08/2023 17:07:56.042102,410,True,True,True,True,Eyes,1.969128,0.1025218,-3.34695,-0.7509128,-0.4056694,0.5211163,0.0,0.0,0.0,0.0,0.0,0.0,0.0,1.755869,1.010858,3.334284,2.198958,0.1088854,-3.221039,0.1340058,-0.489296,0.1582058,0.8471144,22.44867,301.6717,8.518248,0.4917025,0.02590996,-0.8703772,0.5623581,0.004027731,0.2291269,1.114939,-0.2340895,-2.811361,-0.2241877,0.01582921,0.8762462,0.4711206,0.1368998,0.8713804,-0.3991739,0.9140267,0.07221758,-0.7865785,-0.3818556,0.4852636,moving,-55.24024,-37.89941,-14.35128,1.034924
170,05/08/2023 17:07:56.062053,411,True,True,True,True,Eyes,1.978607,0.1025594,-3.340817,-0.7559642,-0.4067619,0.5128967,0.0,0.0,0.0,0.0,0.0,0.0,0.0,1.789052,1.001029,3.314629,2.20452,0.1078039,-3.212165,0.1332949,-0.4947254,0.1585468,0.8440037,22.44999,300.9243,8.445597,0.4942314,0.02596274,-0.8689423,0.5575581,0.004114593,0.2333887,1.117537,-0.236424,-2.811455,-0.225501,0.01778297,0.8798126,0.4602194,0.1357394,0.877367,-0.3995169,0.9141908,0.06812848,-0.7928331,-0.3818769,0.4749585,moving,-55.84441,-38.41681,-14.37578,1.157918
171,05/08/2023 17:07:56.072199,412,True,True,True,True,Eyes,1.987909,0.1025267,-3.334564,-0.7609604,-0.4078507,0.5045762,0.0,0.0,0.0,0.0,0.0,0.0,0.0,1.81644,0.9986976,3.295162,2.209931,0.1061223,-3.203106,0.133425,-0.4994534,0.158463,0.8412097,22.50516,300.2557,8.297454,0.4967227,0.02601138,-0.8675191,0.5525414,0.00398037,0.237786,1.120234,-0.238847,-2.811554,-0.2275497,0.02348514,0.883147,0.4508716,0.1333221,0.8825758,-0.3998803,0.9141744,0.06618699,-0.7980041,-0.3827665,0.4654882,moving,-56.45251,-38.94873,-14.44844,1.523282
172,05/08/2023 17:07:56.091829,413,True,True,True,True,Eyes,1.997029,0.1024024,-3.328197,-0.765757,-0.4088387,0.4964544,0.0,0.0,0.0,0.0,0.0,0.0,0.0,1.843971,1.000029,3.273905,2.215092,0.1044394,-3.193932,0.1340841,-0.504223,0.1580884,0.838325,22.59629,299.567,8.084792,0.4991769,0.02605423,-0.8661079,0.5472953,0.003643603,0.2422779,1.122668,-0.241034,-2.811642,-0.2291281,0.02878766,0.8868178,0.4415345,0.1298423,0.8877996,-0.4002754,0.914059,0.06538843,-0.8030111,-0.3842356,0.4555613,moving,-57.04391,-39.47204,-14.48676,1.859268
173,05/08/2023 17:07:56.111835,414,True,True,True,True,Eyes,2.005975,0.1021714,-3.321723,-0.7704788,-0.409815,0.4882767,0.0,0.0,0.0,0.0,0.0,0.0,0.0,1.865661,1.002662,3.254982,2.219981,0.1021818,-3.184678,0.1348302,-0.5085321,0.1561849,0.8359559,22.5987,298.9182,7.718648,0.5015943,0.02608921,-0.8647091,0.5418161,0.003052182,0.24684,1.125238,-0.2433433,-2.811736,-0.2294857,0.02570499,0.890798,0.4340027,0.1239963,0.8923377,-0.3982584,0.9148542,0.06657417,-0.8081039,-0.3842744,0.4464317,moving,-57.63628,-40.00704,-14.44631,1.652877
174,05/08/2023 17:07:56.131803,415,True,True,True,True,Eyes,2.01475,0.1018298,-3.315154,-0.7748151,-0.4109898,0.4803634,0.0,0.0,0.0,0.0,0.0,0.0,0.0,1.883684,1.015093,3.235006,2.22485,0.09944667,-3.175547,0.1367359,-0.5122824,0.1543015,0.8337032,22.71119,298.329,7.298507,0.5039759,0.02611405,-0.8633225,0.5361471,0.002176058,0.2514545,1.127847,-0.2456878,-2.811831,-0.2281973,0.02678174,0.8957113,0.4275156,0.1171885,0.8963801,-0.397378,0.9149888,0.06990243,-0.8119859,-0.3860861,0.4377401,moving,-58.20226,-40.54967,-14.29299,1.712632
175,05/08/2023 17:07:56.141984,416,True,True,True,True,Eyes,2.023345,0.1013899,-3.308486,-0.7790541,-0.4122202,0.4723868,0.0,0.0,0.0,0.0,0.0,0.0,0.0,1.901212,1.035445,3.212648,2.229594,0.0965523,-3.166614,0.1395796,-0.5156046,0.1539467,0.831246,23.00436,297.8029,6.988812,0.5063226,0.02612665,-0.861948,0.5303033,0.001020667,0.256074,1.130471,-0.2480462,-2.811927,-0.2264208,0.02824081,0.9004893,0.4209047,0.1119993,0.9001641,-0.3998708,0.913636,0.07329883,-0.8142128,-0.3908012,0.4293389,moving,-58.76908,-41.10902,-14.11397,1.796301
176,05/08/2023 17:07:56.162021,417,True,True,True,True,Eyes,2.031775,0.1008492,-3.301695,-0.7830353,-0.413578,0.4645523,0.0,0.0,0.0,0.0,0.0,0.0,0.0,1.922897,1.044684,3.190646,2.233936,0.09379801,-3.157508,0.1410428,-0.5194625,0.1541257,0.8285596,23.19426,297.2265,6.802376,0.5086346,0.02612558,-0.8605857,0.5242679,-0.000360399,0.2607116,1.133166,-0.2504677,-2.812025,-0.2242922,0.02373935,0.9053356,0.412808,0.1088718,0.9042878,-0.4019375,0.9127044,0.07359966,-0.8173345,-0.3938497,0.4205313,moving,-59.32056,-41.67778,-13.91457,1.502043
177,05/08/2023 17:07:56.172272,418,True,True,True,True,Eyes,2.04003,0.1002363,-3.29478,-0.7869017,-0.4149804,0.4567023,0.0,0.0,0.0,0.0,0.0,0.0,0.0,1.946489,1.046541,3.169367,2.238348,0.09084862,-3.148095,0.141519,-0.5235902,0.1547576,0.8257578,23.31462,296.6317,6.715362,0.5109147,0.02610955,-0.8592345,0.5181032,-0.001960685,0.2654416,1.135716,-0.2527586,-2.812118,-0.2224853,0.01562966,0.909967,0.4038068,0.1073886,0.9085196,-0.4037805,0.9120449,0.07166176,-0.820915,-0.39578,0.4116513,moving,-59.86996,-42.2597,-13.73917,0.9840201
178,05/08/2023 17:07:56.197246,419,True,True,True,True,Eyes,2.048106,0.09957378,-3.287724,-0.7905815,-0.4162893,0.4490926,0.0,0.0,0.0,0.0,0.0,0.0,0.0,1.966707,1.046225,3.149921,2.242453,0.08851501,-3.138167,0.1416785,-0.5271578,0.1564885,0.8231301,23.46745,296.1357,6.777139,0.5131642,0.02607833,-0.8578939,0.5117813,-0.00368181,0.2702618,1.138188,-0.2549798,-2.812208,-0.2197623,0.007007778,0.9145885,0.3952319,0.1082469,0.9121811,-0.4069947,0.9108771,0.06825148,-0.8234969,-0.398228,0.4040636,moving,-60.4011,-42.82917,-13.5112,0.4390043
179,05/08/2023 17:07:56.211957,420,True,True,True,True,Eyes,2.055992,0.09886872,-3.280525,-0.7942723,-0.4173383,0.4415432,0.0,0.0,0.0,0.0,0.0,0.0,0.0,1.986394,1.022684,3.137656,2.246295,0.08662113,-3.127809,0.1387507,-0.5308285,0.1586623,0.8208505,23.34284,295.6844,7.080235,0.5153853,0.02603239,-0.8565627,0.505303,-0.005448529,0.2752126,1.140763,-0.2572934,-2.812302,-0.2172652,-0.0025049,0.9187653,0.3860947,0.1131704,0.9154907,-0.4077816,0.911149,0.0593422,-0.8274327,-0.3962321,0.3979387,moving,-60.92992,-43.38573,-13.30462,-0.1562095
180,05/08/2023 17:07:56.222126,421,True,True,True,True,Eyes,2.063681,0.09812021,-3.273196,-0.7978896,-0.4181474,0.4341947,0.0,0.0,0.0,0.0,0.0,0.0,0.0,2.007699,0.9788518,3.129869,2.24974,0.0847935,-3.117141,0.1331693,-0.5349578,0.1606904,0.8186971,22.95299,295.2072,7.527732,0.5175793,0.0259724,-0.8552407,0.4986434,-0.007236808,0.280297,1.14337,-0.2596363,-2.812397,-0.2149936,-0.008800283,0.9226528,0.3759977,0.1206337,0.9187346,-0.4055934,0.9128891,0.04612535,-0.8331385,-0.3899757,0.3921723,moving,-61.4459,-43.92141,-13.11682,-0.5464718
181,05/08/2023 17:07:56.248208,422,True,True,True,True,Eyes,2.071178,0.09734649,-3.265707,-0.8014884,-0.4188255,0.4268507,0.0,0.0,0.0,0.0,0.0,0.0,0.0,2.028646,0.9353596,3.121104,2.252987,0.08296093,-3.106245,0.127637,-0.5390409,0.162977,0.8164449,22.5891,294.7326,8.001515,0.5197468,0.02589894,-0.8539274,0.4917925,-0.009048122,0.2854683,1.145934,-0.2619402,-2.81249,-0.2117314,-0.01178411,0.9272422,0.3657468,0.1285204,0.9217981,-0.4037266,0.9142946,0.03271459,-0.8385904,-0.3841197,0.3862875,moving,-61.96146,-44.4563,-12.86269,-0.7281196
182,05/08/2023 17:07:56.261796,423,True,True,True,True,Eyes,2.078467,0.09656924,-3.258082,-0.8050348,-0.4194973,0.4194531,0.0,0.0,0.0,0.0,0.0,0.0,0.0,2.052714,0.8969121,3.107477,2.255985,0.08150095,-3.094897,0.1229106,-0.543404,0.1660474,0.8136545,22.36311,294.2079,8.496077,0.5218902,0.02581304,-0.8526217,0.4847761,-0.0108264,0.2908071,1.148528,-0.2642712,-2.812585,-0.2086405,-0.01686212,0.9312155,0.3542808,0.1366302,0.925104,-0.4037906,0.9146425,0.0195518,-0.8434682,-0.380475,0.3792102,moving,-62.47881,-45.00301,-12.62866,-1.037379
183,05/08/2023 17:07:56.272214,424,True,True,True,True,Eyes,2.085555,0.09577981,-3.250287,-0.8086364,-0.420025,0.41193,0.0,0.0,0.0,0.0,0.0,0.0,0.0,2.082734,0.8533275,3.090191,2.258607,0.08064198,-3.083411,0.1177609,-0.5486124,0.169188,0.8102669,22.11537,293.5608,9.002473,0.5240099,0.02571627,-0.8513236,0.4775542,-0.01250857,0.2962333,1.151163,-0.2666387,-2.812681,-0.2049892,-0.02447969,0.9350727,0.3407997,0.1449647,0.9288923,-0.403385,0.9150155,0.005198141,-0.8491974,-0.3764728,0.3703136,moving,-63.00511,-45.55748,-12.36493,-1.499629
184,05/08/2023 17:07:56.291978,425,True,True,True,True,Eyes,2.092448,0.0949848,-3.242318,-0.8121875,-0.4206932,0.4041888,0.0,0.0,0.0,0.0,0.0,0.0,0.0,2.115278,0.8128352,3.068779,2.261026,0.07949325,-3.071473,0.1131473,-0.554399,0.1712185,0.8065505,21.86154,292.8021,9.347106,0.5261073,0.02560975,-0.8500321,0.4701655,-0.01412636,0.3018439,1.153682,-0.2689022,-2.812773,-0.2024022,-0.02946317,0.9383386,0.326652,0.1507352,0.9330474,-0.4016504,0.9157638,-0.007328659,-0.8555557,-0.3723649,0.3596789,moving,-63.54256,-46.14624,-12.17236,-1.798456
185,05/08/2023 17:07:56.312013,426,True,True,True,True,Eyes,2.099112,0.09427079,-3.234171,-0.8155886,-0.421557,0.3963648,0.0,0.0,0.0,0.0,0.0,0.0,0.0,2.149416,0.7840326,3.042027,2.263338,0.07852343,-3.059373,0.1102177,-0.5603877,0.1728248,0.8024646,21.75197,291.9802,9.534188,0.5281854,0.02549465,-0.8487459,0.4626365,-0.0156638,0.3076385,1.156419,-0.2713619,-2.812873,-0.1992786,-0.03133504,0.9417724,0.3121946,0.1538423,0.9374791,-0.4009008,0.9159672,-0.01680619,-0.8612857,-0.3705893,0.3476355,moving,-64.08089,-46.76417,-11.94753,-1.905666
186,05/08/2023 17:07:56.322451,427,True,True,True,True,Eyes,2.105551,0.09366944,-3.225827,-0.8189629,-0.4224881,0.3883344,0.0,0.0,0.0,0.0,0.0,0.0,0.0,2.175102,0.7763515,3.014001,2.26457,0.0797725,-3.046859,0.110196,-0.5646677,0.1767752,0.7985974,22.06406,291.3907,9.809541,0.5302446,0.0253745,-0.8474646,0.4548697,-0.016866,0.3136233,1.158933,-0.2736208,-2.812964,-0.1957809,-0.03357698,0.9452457,0.2998018,0.1578962,0.9408442,-0.4067926,0.9132148,-0.02363406,-0.8629246,-0.375643,0.3380144,moving,-64.63071,-47.41201,-11.70174,-2.034403
187,05/08/2023 17:07:56.342319,428,True,True,True,True,Eyes,2.111779,0.09307479,-3.217317,-0.8225896,-0.4230154,0.3800056,0.0,0.0,0.0,0.0,0.0,0.0,0.0,2.215556,0.7156105,2.987555,2.265618,0.08170169,-3.034233,0.1035673,-0.5714634,0.1814164,0.7935941,21.82213,290.5194,10.5248,0.5322862,0.02525333,-0.8461874,0.4468937,-0.0176581,0.3198363,1.161574,-0.2759939,-2.813061,-0.1929233,-0.03424603,0.948702,0.2810354,0.1695721,0.9445975,-0.4063117,0.9127238,-0.04296491,-0.8694423,-0.3717264,0.3254068,moving,-65.20483,-48.06583,-11.49465,-2.067352
188,05/08/2023 17:07:56.362195,429,True,True,True,True,Eyes,2.117845,0.09255625,-3.208686,-0.8256937,-0.4244805,0.3715458,0.0,0.0,0.0,0.0,0.0,0.0,0.0,2.259756,0.6472067,2.95815,2.266992,0.08114847,-3.021621,0.09583506,-0.5798625,0.1807973,0.7885985,21.15092,289.3587,10.75325,0.5343118,0.02513159,-0.8449134,0.4387633,-0.01838255,0.3261765,1.164034,-0.2782045,-2.81315,-0.1909477,-0.03476752,0.9515981,0.2621439,0.1740106,0.9492107,-0.3962952,0.916256,-0.05852431,-0.8799038,-0.3608258,0.3091504,moving,-65.7732,-48.8045,-11.34629,-2.092424
189,05/08/2023 17:07:56.372348,430,True,True,True,True,Eyes,2.123694,0.09212948,-3.199917,-0.828689,-0.4261398,0.3628766,0.0,0.0,0.0,0.0,0.0,0.0,0.0,2.292679,0.700331,2.910133,2.269238,0.0826904,-3.009889,0.1043203,-0.5840352,0.1863381,0.7831337,22.3987,288.6749,10.59551,0.5363233,0.02501163,-0.8436415,0.4306372,-0.01883523,0.3325003,1.1667,-0.2806002,-2.813247,-0.1887451,-0.03578641,0.9547407,0.248362,0.1700019,0.953633,-0.4137088,0.9087908,-0.05426261,-0.8758776,-0.3810495,0.2960404,moving,-66.35175,-49.58416,-11.18276,-2.146605
190,05/08/2023 17:07:56.392065,431,True,True,True,True,Eyes,2.12939,0.09170229,-3.191067,-0.8316423,-0.4277743,0.3540905,0.0,0.0,0.0,0.0,0.0,0.0,0.0,2.327296,0.6959345,2.871511,2.269959,0.08451472,-2.997724,0.1053068,-0.589712,0.189218,0.7780403,22.77008,287.828,10.63932,0.5383212,0.02489598,-0.8423716,0.4223442,-0.01898543,0.3388566,1.169356,-0.2829864,-2.813344,-0.1861315,-0.03552286,0.9580753,0.2328725,0.1702372,0.9574913,-0.4186398,0.9062141,-0.05930247,-0.8777875,-0.3870341,0.2823004,moving,-66.93702,-50.38371,-10.99427,-2.123401
191,05/08/2023 17:07:56.412187,432,True,True,True,True,Eyes,2.134986,0.09127645,-3.18216,-0.8341384,-0.4301687,0.345207,0.0,0.0,0.0,0.0,0.0,0.0,0.0,2.353065,0.6798909,2.84434,2.272159,0.0841485,-2.986579,0.1040807,-0.595307,0.186719,0.7745404,22.55312,286.9702,10.31227,0.5403062,0.02478421,-0.8411031,0.4140917,-0.01912786,0.3450741,1.171825,-0.2852048,-2.813434,-0.1847294,-0.03220528,0.9618426,0.2214914,0.1653229,0.9610462,-0.4131627,0.9086064,-0.06108075,-0.8833108,-0.3835396,0.2695538,moving,-67.51785,-51.25323,-10.87172,-1.917713
192,05/08/2023 17:07:56.424499,433,True,True,True,True,Eyes,2.140433,0.09090083,-3.173183,-0.8363407,-0.4329998,0.3362223,0.0,0.0,0.0,0.0,0.0,0.0,0.0,2.374513,0.7513044,2.799888,2.275357,0.08398145,-2.976212,0.1146375,-0.5977182,0.191601,0.7699871,23.92784,286.4723,9.955094,0.5422805,0.02467594,-0.8398347,0.4060354,-0.0192577,0.3510923,1.174489,-0.2875985,-2.813531,-0.1848411,-0.03035811,0.9652066,0.2120439,0.1580188,0.9644001,-0.4321026,0.9002945,-0.05250804,-0.8765414,-0.4055857,0.2591823,moving,-68.09909,-52.17084,-10.84112,-1.801499
193,05/08/2023 17:07:56.447331,434,True,True,True,True,Eyes,2.145728,0.09054498,-3.164151,-0.8385452,-0.4356592,0.3271744,0.0,0.0,0.0,0.0,0.0,0.0,0.0,2.399814,0.769186,2.764026,2.277082,0.08480952,-2.966192,0.1182729,-0.6015809,0.1949023,0.7655881,24.55684,285.8374,9.884036,0.5442447,0.02457226,-0.8385663,0.3980147,-0.0192291,0.3569576,1.177031,-0.2898832,-2.813624,-0.1865574,-0.03141813,0.9685702,0.2002272,0.1561284,0.9672296,-0.4407312,0.8960492,-0.05340237,-0.8750229,-0.4155957,0.248224,moving,-68.68581,-53.09393,-10.90229,-1.857888
194,05/08/2023 17:07:56.462001,435,True,True,True,True,Eyes,2.150886,0.09020053,-3.155054,-0.8406091,-0.4382825,0.3182528,0.0,0.0,0.0,0.0,0.0,0.0,0.0,2.422805,0.7469296,2.740264,2.278837,0.08491076,-2.955778,0.1162247,-0.6063315,0.1952351,0.7620612,24.44975,285.1368,9.906996,0.5461987,0.02447323,-0.8372977,0.3900189,-0.01914292,0.3626347,1.179568,-0.2921623,-2.813716,-0.1878912,-0.0354186,0.9720064,0.1884908,0.1566208,0.9695057,-0.4385036,0.8967502,-0.05961375,-0.8787411,-0.413895,0.2377079,moving,-69.26344,-54.01524,-10.94048,-2.086857
195,05/08/2023 17:07:56.472184,436,True,True,True,True,Eyes,2.155898,0.08989856,-3.145899,-0.8425646,-0.4408841,0.309364,0.0,0.0,0.0,0.0,0.0,0.0,0.0,2.443639,0.7366757,2.714914,2.280672,0.08477146,-2.945534,0.1157591,-0.6100885,0.1982764,0.7583393,24.67695,284.5827,10.1079,0.5481433,0.02437872,-0.8360289,0.3820902,-0.01902769,0.3681679,1.182167,-0.294498,-2.813811,-0.1888195,-0.04085965,0.9753547,0.1769573,0.159475,0.9712126,-0.4419681,0.8945726,-0.06636292,-0.8794034,-0.4175016,0.228784,moving,-69.83831,-54.94305,-10.95639,-2.398838
196,05/08/2023 17:07:56.492251,437,True,True,True,True,Eyes,2.160783,0.08962118,-3.136695,-0.8444337,-0.4435031,0.3003943,0.0,0.0,0.0,0.0,0.0,0.0,0.0,2.463556,0.7123947,2.693208,2.282296,0.08546031,-2.934928,0.1134825,-0.6139019,0.2017477,0.7546815,24.77102,284.054,10.48128,0.5500785,0.02428945,-0.8347594,0.3742016,-0.01879194,0.3735437,1.184716,-0.2967886,-2.813904,-0.1891744,-0.03582509,0.9802889,0.1648448,0.1651763,0.9723905,-0.4438448,0.8928391,-0.07642031,-0.880811,-0.4189929,0.2204925,moving,-70.41777,-55.88936,-10.92257,-2.092968
197,05/08/2023 17:07:56.512265,438,True,True,True,True,Eyes,2.165561,0.08936198,-3.127428,-0.8461798,-0.4461437,0.2914371,0.0,0.0,0.0,0.0,0.0,0.0,0.0,2.482551,0.6801789,2.674142,2.284225,0.08574647,-2.92433,0.1099985,-0.6180495,0.2036816,0.7512849,24.64855,283.4777,10.78517,0.5520046,0.02420555,-0.8334894,0.3664037,-0.01849656,0.3787421,1.187386,-0.2991871,-2.814002,-0.1883868,-0.03803711,0.9847208,0.1530574,0.1700767,0.9734717,-0.4420148,0.8928283,-0.08649008,-0.883853,-0.4170509,0.2118304,moving,-70.99552,-56.84599,-10.83038,-2.212082
198,05/08/2023 17:07:56.522292,439,True,True,True,True,Eyes,2.170221,0.08915702,-3.118071,-0.8477663,-0.448915,0.2824317,0.0,0.0,0.0,0.0,0.0,0.0,0.0,2.50097,0.6672897,2.650239,2.286526,0.08592732,-2.91347,0.1091687,-0.6217269,0.2064697,0.7476017,24.83237,282.9303,10.9872,0.5539233,0.02412695,-0.8322176,0.3587539,-0.01816436,0.3838195,1.190016,-0.3015508,-2.814097,-0.1877046,-0.0425514,0.9892818,0.1416521,0.1729679,0.974688,-0.4444602,0.890905,-0.09350611,-0.884528,-0.4199647,0.203076,moving,-71.57461,-57.82425,-10.74349,-2.462912
199,05/08/2023 17:07:56.547029,440,True,True,True,True,Eyes,2.174759,0.08900012,-3.108655,-0.8493106,-0.4515785,0.2734015,0.0,0.0,0.0,0.0,0.0,0.0,0.0,2.515934,0.6578801,2.628031,2.288286,0.08690935,-2.902667,0.1088315,-0.6249143,0.2090799,0.7442604,25.04386,282.4472,11.1501,0.5558363,0.0240546,-0.8309433,0.3512076,-0.01768939,0.3888613,1.192531,-0.303811,-2.814189,-0.1872799,-0.04218464,0.993992,0.1315355,0.1751991,0.9757068,-0.4472404,0.8888826,-0.09931618,-0.8846889,-0.4233119,0.1952757,moving,-72.15612,-58.80781,-10.67012,-2.430152
200,05/08/2023 17:07:56.562491,441,True,True,True,True,Eyes,2.179186,0.08889987,-3.099159,-0.850795,-0.4542293,0.2642415,0.0,0.0,0.0,0.0,0.0,0.0,0.0,2.535555,0.6337177,2.604547,2.290031,0.08788342,-2.89177,0.1066288,-0.6292183,0.2106434,0.7405027,25.02407,281.8083,11.31455,0.5577438,0.02398916,-0.8296661,0.3437508,-0.01709871,0.3937765,1.195229,-0.306235,-2.814287,-0.1881478,-0.04404129,0.9980348,0.1194275,0.1777784,0.9767968,-0.4461494,0.8885193,-0.1071636,-0.8869542,-0.422999,0.1854294,moving,-72.74615,-59.8119,-10.676,-2.526709
201,05/08/2023 17:07:56.572188,442,True,True,True,True,Eyes,2.183506,0.08887529,-3.089619,-0.852146,-0.4569802,0.2549828,0.0,0.0,0.0,0.0,0.0,0.0,0.0,2.556282,0.6239613,2.576137,2.291763,0.08904639,-2.88102,0.1064633,-0.6337237,0.2108646,0.7366112,25.09396,281.0851,11.18791,0.5596475,0.02393147,-0.8283849,0.3364059,-0.01637353,0.3986378,1.197749,-0.3084995,-2.814379,-0.1910251,-0.03904416,1.003226,0.1078609,0.1757138,0.9785146,-0.4455871,0.8884034,-0.1104156,-0.8887172,-0.4241039,0.1741197,moving,-73.34154,-60.83964,-10.78068,-2.228747
202,05/08/2023 17:07:56.592100,443,True,True,True,True,Eyes,2.187694,0.08893935,-3.080012,-0.8535337,-0.4595725,0.245506,0.0,0.0,0.0,0.0,0.0,0.0,0.0,2.574054,0.6421543,2.543539,2.293603,0.09094906,-2.870335,0.1101555,-0.637467,0.2107427,0.7328637,25.4765,280.4024,10.7541,0.5615467,0.02388284,-0.8270999,0.3291827,-0.01546486,0.4033412,1.200338,-0.3108262,-2.814474,-0.1870839,-0.04522368,1.008878,0.0984467,0.1684503,0.9807817,-0.4493323,0.8869066,-0.1072251,-0.8879239,-0.4301409,0.1630032,moving,-73.95293,-61.88864,-10.50546,-2.566606
203,05/08/2023 17:07:56.612107,444,True,True,True,True,Eyes,2.191761,0.08906406,-3.070371,-0.854973,-0.4619139,0.235917,0.0,0.0,0.0,0.0,0.0,0.0,0.0,2.588584,0.644749,2.517176,2.294599,0.09308489,-2.859859,0.1115275,-0.6415241,0.2079788,0.7298994,25.44565,279.6918,10.23906,0.5634419,0.02384479,-0.8258111,0.3219959,-0.01434481,0.4079605,1.20287,-0.3131004,-2.814566,-0.1909829,-0.03223538,1.014595,0.09038325,0.1605121,0.982887,-0.4467024,0.8886129,-0.1040391,-0.8901054,-0.4296546,0.1520169,moving,-74.57395,-62.94487,-10.66037,-1.819771
204,05/08/2023 17:07:56.632109,445,True,True,True,True,Eyes,2.195694,0.08924402,-3.060686,-0.8564435,-0.4640815,0.226126,0.0,0.0,0.0,0.0,0.0,0.0,0.0,2.605303,0.6363055,2.491188,2.295866,0.09470265,-2.849304,0.1113414,-0.6461654,0.2048235,0.7267192,25.24739,278.9138,9.790891,0.5653321,0.02381791,-0.8245191,0.3148763,-0.01310998,0.4124071,1.20547,-0.3154369,-2.814661,-0.1934418,-0.01098879,1.021336,0.08103544,0.1538085,0.9847722,-0.4415882,0.8913008,-0.1028719,-0.8935508,-0.4265275,0.140147,moving,-75.20976,-64.02211,-10.72482,-0.6164343
205,05/08/2023 17:07:56.642277,446,True,True,True,True,Eyes,2.1995,0.08945861,-3.050943,-0.8579493,-0.466009,0.2162377,0.0,0.0,0.0,0.0,0.0,0.0,0.0,2.624981,0.6248458,2.46189,2.296707,0.09622614,-2.838614,0.110888,-0.6511669,0.2023178,0.7230168,25.07682,278.0841,9.413736,0.5672168,0.02380262,-0.823224,0.307784,-0.01178352,0.4167157,1.208038,-0.3177449,-2.814754,-0.1926648,-0.02589183,1.026453,0.07009834,0.1481452,0.9864784,-0.4369715,0.8935427,-0.1031376,-0.8967399,-0.4238331,0.1273711,moving,-75.85379,-65.10774,-10.63071,-1.444955
206,05/08/2023 17:07:56.662225,447,True,True,True,True,Eyes,2.203179,0.08969932,-3.041118,-0.8593265,-0.4678879,0.2064914,0.0,0.0,0.0,0.0,0.0,0.0,0.0,2.64307,0.6066843,2.434835,2.297573,0.09727573,-2.827367,0.1093855,-0.6560539,0.2002357,0.7193981,24.84181,277.2967,9.167078,0.569096,0.02379872,-0.8219262,0.3007324,-0.01043273,0.4209424,1.210687,-0.3201253,-2.814851,-0.1904622,-0.02404674,1.033358,0.05899793,0.1445728,0.9877337,-0.4316239,0.895881,-0.1053473,-0.9001222,-0.4201142,0.1152562,moving,-76.48832,-66.18686,-10.44321,-1.33306
207,05/08/2023 17:07:56.672241,448,True,True,True,True,Eyes,2.206732,0.08996321,-3.031239,-0.8606417,-0.4696601,0.1967621,0.0,0.0,0.0,0.0,0.0,0.0,0.0,2.658254,0.5888785,2.409925,2.2983,0.09810944,-2.815852,0.1078587,-0.6603115,0.1994971,0.7159303,24.70201,276.6185,9.069717,0.5709705,0.02380581,-0.8206249,0.2937256,-0.009084626,0.4251622,1.213247,-0.3224248,-2.814944,-0.188557,-0.002020031,1.040936,0.04837932,0.1432114,0.9885089,-0.4280926,0.8971348,-0.1090219,-0.902439,-0.417899,0.1047106,moving,-77.12222,-67.26897,-10.26733,-0.1111876
208,05/08/2023 17:07:56.697112,449,True,True,True,True,Eyes,2.210166,0.09023903,-3.021296,-0.861769,-0.4715121,0.1871642,0.0,0.0,0.0,0.0,0.0,0.0,0.0,2.672875,0.56752,2.386343,2.298967,0.09890557,-2.804628,0.1058831,-0.6642231,0.2002909,0.7123763,24.64111,276.0116,9.160609,0.5728404,0.02382347,-0.8193203,0.286763,-0.007747894,0.4292877,1.215782,-0.3247031,-2.815037,-0.1915653,-0.01204234,1.045697,0.03738253,0.1447051,0.9887685,-0.426025,0.8973446,-0.1152185,-0.9039388,-0.4169329,0.09519301,moving,-77.74646,-68.34967,-10.38113,-0.659794
209,05/08/2023 17:07:56.713148,450,True,True,True,True,Eyes,2.213469,0.09052706,-3.011293,-0.8628358,-0.4732784,0.1775442,0.0,0.0,0.0,0.0,0.0,0.0,0.0,2.686435,0.5496355,2.362408,2.299612,0.09944714,-2.793188,0.1043088,-0.6680561,0.2007176,0.7088958,24.58668,275.4042,9.188648,0.5747058,0.02385102,-0.8180121,0.2798576,-0.006455559,0.4333609,1.218361,-0.3270203,-2.81513,-0.1952524,-0.02632193,1.049739,0.02682707,0.1452074,0.9890375,-0.423944,0.8976642,-0.120293,-0.905291,-0.4160694,0.0856415,moving,-78.37263,-69.43708,-10.53666,-1.436375
210,05/08/2023 17:07:56.721821,451,True,True,True,True,Eyes,2.216637,0.09081695,-3.001226,-0.8637826,-0.4750442,0.1679661,0.0,0.0,0.0,0.0,0.0,0.0,0.0,2.703271,0.5255921,2.335251,2.29992,0.1000015,-2.781669,0.1020859,-0.6723502,0.2019118,0.7048088,24.54532,274.7325,9.321913,0.5765661,0.02388786,-0.816701,0.272976,-0.005204129,0.4373685,1.221047,-0.3294337,-2.815228,-0.1975903,-0.03205131,1.054133,0.01435391,0.1473435,0.9889812,-0.4218933,0.8976202,-0.1276088,-0.9065319,-0.4154128,0.0750476,moving,-78.99593,-70.52744,-10.61652,-1.741562
211,05/08/2023 17:07:56.747326,452,True,True,True,True,Eyes,2.219681,0.09108584,-2.991081,-0.8647057,-0.4766877,0.1582812,0.0,0.0,0.0,0.0,0.0,0.0,0.0,2.722379,0.4917242,2.306427,2.299995,0.1003057,-2.769965,0.09850672,-0.6773778,0.2021617,0.7004187,24.32246,273.9588,9.458238,0.5784218,0.0239332,-0.8153864,0.2661017,-0.004022198,0.4413259,1.223543,-0.3316764,-2.81532,-0.2016703,-0.03563076,1.057792,0.0005798149,0.1497432,0.9887248,-0.4166482,0.8988541,-0.1358878,-0.9090677,-0.4118716,0.06291144,moving,-79.62706,-71.63158,-10.79403,-1.929227
212,05/08/2023 17:07:56.763206,453,True,True,True,True,Eyes,2.222595,0.09133148,-2.980877,-0.8653806,-0.4786026,0.1485123,0.0,0.0,0.0,0.0,0.0,0.0,0.0,2.742066,0.4660681,2.273876,2.300215,0.1000465,-2.757835,0.0960589,-0.6824472,0.2025222,0.6957179,24.20994,273.1475,9.509865,0.5802737,0.0239857,-0.814068,0.259268,-0.002974214,0.4452805,1.226118,-0.3339907,-2.815413,-0.2062613,-0.0315397,1.061812,-0.01349885,0.1506864,0.9884896,-0.4129069,0.8995149,-0.1427617,-0.9106733,-0.4100812,0.05007705,moving,-80.26205,-72.76068,-10.99303,-1.701394
213,05/08/2023 17:07:56.772372,454,True,True,True,True,Eyes,2.225374,0.09153283,-2.970595,-0.8660848,-0.4803069,0.1385733,0.0,0.0,0.0,0.0,0.0,0.0,0.0,2.7622,0.4490325,2.237842,2.300152,0.09984376,-2.745659,0.09492884,-0.6874109,0.2033404,0.6907299,24.24863,272.3201,9.494302,0.5821209,0.02404408,-0.8127464,0.2524545,-0.002058824,0.4491766,1.228758,-0.3363628,-2.81551,-0.2081534,-0.02738324,1.066066,-0.02776189,0.1503963,0.9882361,-0.4114168,0.8992824,-0.1484164,-0.9110246,-0.4106971,0.03690974,moving,-80.90974,-73.90662,-11.04821,-1.47139
214,05/08/2023 17:07:56.797547,455,True,True,True,True,Eyes,2.228028,0.09166374,-2.960235,-0.8666857,-0.482033,0.1284521,0.0,0.0,0.0,0.0,0.0,0.0,0.0,2.782508,0.4248722,2.201723,2.299833,0.09896672,-2.733392,0.09255519,-0.6929868,0.2019748,0.6858638,24.00976,271.4055,9.373363,0.583964,0.02410664,-0.8114213,0.2456436,-0.001331239,0.4530721,1.231294,-0.3386414,-2.815602,-0.2069317,-0.02895088,1.070505,-0.04204881,0.1487754,0.9879766,-0.4053335,0.9012794,-0.1529713,-0.9132013,-0.4068922,0.02240586,moving,-81.56952,-75.07857,-10.9405,-1.549137
215,05/08/2023 17:07:56.812059,456,True,True,True,True,Eyes,2.230565,0.09169691,-2.949792,-0.867249,-0.4836528,0.1181483,0.0,0.0,0.0,0.0,0.0,0.0,0.0,2.803244,0.4069532,2.163013,2.29963,0.09744415,-2.721143,0.09094545,-0.6986625,0.2000961,0.6808534,23.79342,270.4508,9.142886,0.5858039,0.02417113,-0.8100921,0.2388657,-0.0008586444,0.4569692,1.233939,-0.341018,-2.815698,-0.2047311,-0.02718663,1.074808,-0.05633546,0.1453918,0.9877691,-0.3995525,0.903381,-0.1557582,-0.9149777,-0.4034403,0.007199278,moving,-82.24216,-76.27245,-10.78459,-1.448953
216,05/08/2023 17:07:56.822109,457,True,True,True,True,Eyes,2.230565,0.09169691,-2.949792,-0.867249,-0.4836528,0.1181483,0.0,0.0,0.0,0.0,0.0,0.0,0.0,2.823801,0.3949811,2.122123,2.29951,0.09515389,-2.708591,0.0901618,-0.7041318,0.1991704,0.6755741,23.72245,269.508,8.931615,0.5876415,0.02423476,-0.8087582,0.2321448,-0.0007076157,0.46088,1.236591,-0.3434013,-2.815795,-0.2034757,-0.02836005,1.078715,-0.07094099,0.1421372,0.9873016,-0.3960804,0.904404,-0.1586625,-0.9154714,-0.4023065,-0.0078616,moving,-82.24216,-76.27245,-10.68207,-1.505993
217,05/08/2023 17:07:56.842596,458,True,True,True,True,Eyes,2.230565,0.09169691,-2.949792,-0.867249,-0.4836528,0.1181483,0.0,0.0,0.0,0.0,0.0,0.0,0.0,2.843057,0.3826077,2.081503,2.299154,0.09307466,-2.695783,0.08941653,-0.7093227,0.1992352,0.6702024,23.73447,268.6061,8.81008,0.5891831,0.02429041,-0.8076341,0.2182161,-0.0006651588,0.4332272,1.239112,-0.3456666,-2.815887,-0.2013424,-0.03380213,1.082309,-0.08566673,0.1402055,0.9864095,-0.3939063,0.90462,-0.1627898,-0.9151498,-0.4024985,-0.02226797,moving,-82.24216,-76.27245,-10.53829,-1.788851
218,05/08/2023 17:07:56.862549,459,True,True,True,True,Eyes,2.232953,0.09144236,-2.938235,-0.8675219,-0.4857743,0.1069063,0.0,0.0,0.0,0.0,0.0,0.0,0.0,2.858683,0.3744373,2.044089,2.298949,0.0906837,-2.682756,0.08915342,-0.7138042,0.2001282,0.6651947,23.84811,267.8113,8.739674,0.5905689,0.02434043,-0.8066198,0.2051232,-0.0006252493,0.4072335,1.241675,-0.3479699,-2.81598,-0.1949128,-0.03895995,1.08649,-0.09913557,0.1389722,0.9853219,-0.3935246,0.9040008,-0.1670959,-0.9139534,-0.4043134,-0.03492961,moving,-82.97475,-77.58855,-10.1705,-2.053664
219,05/08/2023 17:07:56.872426,460,True,True,True,True,Eyes,2.235231,0.09109937,-2.926625,-0.8676812,-0.4878302,0.0956607,0.0,0.0,0.0,0.0,0.0,0.0,0.0,2.872244,0.3652229,2.008854,2.29864,0.0881594,-2.669672,0.08860248,-0.7181014,0.2006281,0.6604759,23.90255,267.0507,8.667082,0.5920082,0.02438379,-0.8055626,0.1999791,-0.001351382,0.4174694,1.244367,-0.3503885,-2.816079,-0.1873853,-0.04555719,1.089993,-0.1118427,0.1377689,0.9841297,-0.3922712,0.903796,-0.171103,-0.9130251,-0.4051823,-0.04704023,moving,-83.70863,-78.9054,-9.754607,-2.393333
220,05/08/2023 17:07:56.892311,461,True,True,True,True,Eyes,2.237393,0.09068254,-2.914978,-0.8675675,-0.4900852,0.08451737,0.0,0.0,0.0,0.0,0.0,0.0,0.0,2.883569,0.3607469,1.975527,2.298384,0.08572298,-2.65667,0.08858409,-0.7220838,0.2006186,0.6561251,23.95201,266.3296,8.515882,0.5934954,0.02441882,-0.8044664,0.1948153,-0.002299261,0.4272521,1.246845,-0.3526153,-2.816169,-0.1827689,-0.04511508,1.093371,-0.1233056,0.1353315,0.9830977,-0.391192,0.9038101,-0.1734823,-0.9120113,-0.4059713,-0.05850428,moving,-84.43587,-80.21533,-9.489878,-2.36282
221,05/08/2023 17:07:56.912270,462,True,True,True,True,Eyes,2.239448,0.09018639,-2.903262,-0.8674213,-0.4921456,0.07330036,0.0,0.0,0.0,0.0,0.0,0.0,0.0,2.896162,0.3462565,1.941053,2.297793,0.08365602,-2.643573,0.08730452,-0.7264415,0.2009187,0.6513774,23.93172,265.5651,8.487473,0.5950245,0.02444438,-0.8033354,0.189613,-0.003411819,0.4365565,1.249429,-0.3549372,-2.816263,-0.1803614,-0.04412442,1.096014,-0.1361711,0.1349045,0.9814574,-0.388591,0.9040192,-0.178175,-0.9112929,-0.4056477,-0.07067866,moving,-85.16977,-81.52863,-9.344909,-2.305426
222,05/08/2023 17:07:56.923289,463,True,True,True,True,Eyes,2.241421,0.08963472,-2.891478,-0.8669745,-0.4944474,0.06226559,0.0,0.0,0.0,0.0,0.0,0.0,0.0,2.910163,0.3236243,1.904746,2.297387,0.08123204,-2.630068,0.0847673,-0.7314441,0.2003249,0.646277,23.74203,264.7101,8.476315,0.5965903,0.02445928,-0.8021727,0.1843996,-0.004695534,0.4455107,1.252031,-0.3572748,-2.816358,-0.1789139,-0.04137824,1.098766,-0.1502811,0.1349257,0.979393,-0.3829359,0.9053689,-0.1834866,-0.911469,-0.4026193,-0.08439197,moving,-85.89211,-82.82255,-9.248397,-2.156672
223,05/08/2023 17:07:56.942260,464,True,True,True,True,Eyes,2.243294,0.08905848,-2.879605,-0.8663545,-0.4967952,0.05122974,0.0,0.0,0.0,0.0,0.0,0.0,0.0,2.92295,0.3153462,1.867045,2.297433,0.07948019,-2.616184,0.08476801,-0.7354873,0.2030754,0.6408067,24.03902,263.95,8.53698,0.5981898,0.02446309,-0.8009806,0.1792565,-0.006068837,0.4541323,1.25465,-0.3596287,-2.816453,-0.1754296,-0.0355015,1.101719,-0.1643625,0.1355726,0.9770392,-0.3849558,0.9031495,-0.190079,-0.9081818,-0.4073587,-0.09625453,moving,-86.6159,-84.11245,-9.047403,-1.845646
224,05/08/2023 17:07:56.962189,465,True,True,True,True,Eyes,2.245059,0.08844336,-2.867698,-0.8657066,-0.4989274,0.04029181,0.0,0.0,0.0,0.0,0.0,0.0,0.0,2.93577,0.2970516,1.829202,2.29699,0.07832001,-2.60205,0.08347336,-0.7398058,0.205854,0.6350936,24.2432,263.1621,8.702774,0.5998191,0.02445629,-0.7997613,0.1741202,-0.007433413,0.4625034,1.257157,-0.3618813,-2.816545,-0.1704971,-0.03492272,1.10423,-0.1793768,0.1379649,0.9740584,-0.3849812,0.9013127,-0.1985571,-0.9053251,-0.4106107,-0.1085606,moving,-87.33526,-85.383,-8.777356,-1.81145
225,05/08/2023 17:07:56.972232,466,True,True,True,True,Eyes,2.246727,0.08775787,-2.8557,-0.865081,-0.5007736,0.02933815,0.0,0.0,0.0,0.0,0.0,0.0,0.0,2.944959,0.2657457,1.79794,2.296043,0.07691274,-2.5881,0.07950456,-0.7445677,0.2044538,0.6304734,23.87298,262.3708,8.769264,0.6014744,0.02443886,-0.7985176,0.1689673,-0.008832768,0.4704759,1.259862,-0.3643117,-2.816643,-0.1656764,-0.03372265,1.106351,-0.1923647,0.1394123,0.9713702,-0.3761984,0.9037553,-0.2042084,-0.9063501,-0.4047104,-0.1214039,moving,-88.05762,-86.64713,-8.51677,-1.74589
226,05/08/2023 17:07:56.992125,467,True,True,True,True,Eyes,2.248247,0.08711234,-2.843646,-0.8642341,-0.5027457,0.01860638,0.0,0.0,0.0,0.0,0.0,0.0,0.0,2.951787,0.2414426,1.768621,2.295483,0.07449199,-2.573823,0.07621938,-0.748918,0.2028493,0.6262307,23.53422,261.6352,8.776978,0.6031888,0.02440959,-0.7972244,0.1638325,-0.01035927,0.4782412,1.26242,-0.3666103,-2.816737,-0.161847,-0.03321521,1.108046,-0.2040519,0.1398967,0.9689128,-0.368225,0.9060856,-0.2083731,-0.9070686,-0.3992968,-0.1333751,moving,-88.76665,-87.88048,-8.310151,-1.717005
227,05/08/2023 17:07:57.011802,468,True,True,True,True,Eyes,2.249647,0.08654171,-2.831524,-0.8632897,-0.5046459,0.007963228,0.0,0.0,0.0,0.0,0.0,0.0,0.0,2.951081,0.2276064,1.749084,2.293427,0.07487819,-2.560187,0.07516586,-0.7508792,0.2059894,0.622976,23.76581,261.268,9.038224,0.6049538,0.02437054,-0.7958871,0.158563,-0.01167429,0.4857079,1.26496,-0.3688928,-2.816829,-0.1584457,-0.03677768,1.109329,-0.2125023,0.1437719,0.9665262,-0.3695338,0.9038369,-0.2156932,-0.9045926,-0.4029993,-0.1389389,moving,-89.4715,-89.09596,-8.128586,-1.898836
228,05/08/2023 17:07:57.022311,469,True,True,True,True,Eyes,2.249647,0.08654171,-2.831524,-0.8632897,-0.5046459,0.007963228,0.0,0.0,0.0,0.0,0.0,0.0,0.0,2.959845,0.1711666,1.718409,2.292047,0.07601289,-2.546303,0.06865595,-0.755234,0.2100453,0.6170809,23.70323,260.5596,9.779471,0.606763,0.02432464,-0.7945101,0.1532485,-0.01268573,0.4929326,1.267532,-0.3712037,-2.816923,-0.1548477,-0.0405539,1.110197,-0.2289949,0.1555272,0.9609226,-0.3629325,0.9023346,-0.2325342,-0.9032392,-0.4019993,-0.1501842,moving,-89.4715,-89.09596,-7.940255,-2.092001
229,05/08/2023 17:07:57.042099,470,True,True,True,True,Eyes,2.249647,0.08654171,-2.831524,-0.8632897,-0.5046459,0.007963228,0.0,0.0,0.0,0.0,0.0,0.0,0.0,2.978728,0.1089981,1.665714,2.290174,0.07522143,-2.53155,0.06099964,-0.7627584,0.2089149,0.6089608,23.14105,259.28,10.10818,0.6082855,0.02428492,-0.7933463,0.1440536,-0.01192459,0.4633567,1.270105,-0.3735157,-2.817017,-0.1515855,-0.04097614,1.11088,-0.2508918,0.161386,0.9544674,-0.347498,0.9052672,-0.2444105,-0.9034925,-0.3929961,-0.1710428,moving,-89.4715,-89.09596,-7.770325,-2.112465
230,05/08/2023 17:07:57.062337,471,True,True,True,True,Eyes,2.250785,0.08616257,-2.818204,-0.8613488,-0.5080009,-0.003648424,0.0,0.0,0.0,0.0,0.0,0.0,0.0,2.987079,0.1482121,1.625322,2.290008,0.07796057,-2.517153,0.07019942,-0.7635881,0.2217301,0.602363,25.03628,258.7997,10.16603,0.6096537,0.0242491,-0.7922964,0.1354104,-0.01120911,0.4355553,1.272762,-0.3759029,-2.817114,-0.1478662,-0.04303302,1.111078,-0.264462,0.1599172,0.9510451,-0.374331,0.8918155,-0.2540499,-0.8887838,-0.4231921,-0.1759894,moving,89.75732,89.58851,-7.580579,-2.218006
231,05/08/2023 17:07:57.071941,472,True,True,True,True,Eyes,2.251806,0.08583789,-2.804863,-0.8596159,-0.5107077,-0.01543088,0.0,0.0,0.0,0.0,0.0,0.0,0.0,2.99848,0.1102387,1.580888,2.28687,0.08050415,-2.503195,0.06727702,-0.768237,0.2266566,0.5949054,25.35965,257.8994,10.60541,0.6110851,0.02421282,-0.7911941,0.1307011,-0.011674,0.4493819,1.275282,-0.3781679,-2.817205,-0.1453867,-0.04343654,1.110856,-0.2831226,0.166309,0.9445542,-0.3730478,0.8882012,-0.268205,-0.8835592,-0.4282989,-0.1894286,moving,88.9716,88.26935,-7.456383,-2.239232
232,05/08/2023 17:07:57.092304,473,True,True,True,True,Eyes,2.252728,0.08558977,-2.791517,-0.8573816,-0.5139647,-0.02714686,0.0,0.0,0.0,0.0,0.0,0.0,0.0,3.004565,0.06569469,1.546935,2.285183,0.08137432,-2.489188,0.06090937,-0.774133,0.2211128,0.5900146,24.46998,256.92,10.54794,0.612572,0.02417767,-0.7900445,0.1259203,-0.01194761,0.4624418,1.277996,-0.3806064,-2.817304,-0.14237,-0.04363692,1.110447,-0.2963456,0.1666156,0.9404352,-0.3552234,0.8947983,-0.2704666,-0.8865638,-0.4142163,-0.2059838,moving,88.18648,86.97653,-7.30601,-2.250377
233,05/08/2023 17:07:57.112026,474,True,True,True,True,Eyes,2.253475,0.0854574,-2.778214,-0.8551527,-0.5169055,-0.03901856,0.0,0.0,0.0,0.0,0.0,0.0,0.0,3.014505,0.0787552,1.502179,2.283664,0.08315994,-2.47547,0.06576276,-0.7768165,0.2287539,0.5830121,25.59967,256.1725,10.51389,0.6141078,0.02414568,-0.7888522,0.1211324,-0.01197511,0.4747317,1.280431,-0.3827944,-2.817393,-0.1401601,-0.0450473,1.109585,-0.3115446,0.1645613,0.9358739,-0.3689038,0.8866939,-0.2787186,-0.8757,-0.4320805,-0.2155374,moving,87.38754,85.68322,-7.199334,-2.324836
234,05/08/2023 17:07:57.122671,475,True,True,True,True,Eyes,2.254105,0.08531763,-2.764948,-0.853025,-0.519354,-0.05118456,0.0,0.0,0.0,0.0,0.0,0.0,0.0,3.024016,0.04864216,1.458261,2.280292,0.08577332,-2.46302,0.06272574,-0.7823624,0.2264773,0.5767867,25.26042,255.1324,10.39048,0.6156849,0.02411978,-0.7876227,0.1161054,-0.0116537,0.486157,1.283025,-0.3851251,-2.817488,-0.1384745,-0.04408772,1.108572,-0.3267656,0.1631096,0.9309242,-0.3594067,0.889547,-0.2820159,-0.8741004,-0.4267333,-0.2320507,moving,86.56617,84.37144,-7.120079,-2.277443
235,05/08/2023 17:07:57.142000,476,True,True,True,True,Eyes,2.254645,0.08517279,-2.751713,-0.8505541,-0.5220702,-0.06324921,0.0,0.0,0.0,0.0,0.0,0.0,0.0,3.03273,0.03092366,1.414575,2.27804,0.08550325,-2.450031,0.06041692,-0.7880998,0.2212595,0.5712204,24.694,254.0609,9.985806,0.6173515,0.02409857,-0.7863178,0.1110302,-0.0113738,0.4967851,1.285675,-0.3875065,-2.817584,-0.1373305,-0.03922419,1.107574,-0.3401142,0.1575467,0.927093,-0.348005,0.8947881,-0.2797264,-0.8736218,-0.4177718,-0.2495031,moving,85.74718,83.09224,-7.068152,-2.028254
236,05/08/2023 17:07:57.163920,477,True,True,True,True,Eyes,2.25506,0.08506725,-2.738526,-0.8478419,-0.5248714,-0.0753268,0.0,0.0,0.0,0.0,0.0,0.0,0.0,3.038864,0.05759072,1.375594,2.276389,0.08537095,-2.437424,0.06597982,-0.7906675,0.2238252,0.5660334,25.38105,253.3402,9.495639,0.6190955,0.02408165,-0.784946,0.1059884,-0.01112589,0.5066854,1.288485,-0.3900311,-2.817687,-0.1356691,-0.03657004,1.106211,-0.3505056,0.1490489,0.9246243,-0.3577213,0.8910979,-0.2792491,-0.8655525,-0.4286362,-0.2590168,moving,84.92287,81.83298,-6.992011,-1.893442
237,05/08/2023 17:07:57.172319,478,True,True,True,True,Eyes,2.25536,0.08499688,-2.725405,-0.8450379,-0.5275201,-0.0873699,0.0,0.0,0.0,0.0,0.0,0.0,0.0,3.043289,0.0602988,1.340317,2.273894,0.08623233,-2.425625,0.067907,-0.7936108,0.2255444,0.5609817,25.733,252.635,9.280149,0.6209041,0.02406995,-0.7835165,0.1008729,-0.01077495,0.5158429,1.290868,-0.3921725,-2.817774,-0.1343669,-0.03429142,1.104948,-0.3613765,0.1452691,0.9210343,-0.360836,0.8890367,-0.2817997,-0.8597701,-0.4341781,-0.2688586,moving,84.09707,80.59583,-6.933395,-1.77757
238,05/08/2023 17:07:57.192138,479,True,True,True,True,Eyes,2.255541,0.08495734,-2.712368,-0.8421085,-0.5300677,-0.09940574,0.0,0.0,0.0,0.0,0.0,0.0,0.0,3.048391,0.03699529,1.303945,2.271498,0.08699363,-2.41393,0.06568491,-0.7976957,0.2257069,0.555359,25.66117,251.8177,9.315366,0.6227657,0.02406421,-0.7820379,0.09572037,-0.01033956,0.5242565,1.293379,-0.3944289,-2.817865,-0.135208,-0.03177343,1.103304,-0.3745238,0.1459035,0.915666,-0.3554898,0.8894837,-0.2871334,-0.8563638,-0.4330482,-0.2812657,moving,83.26774,79.37846,-6.986664,-1.649573
239,05/08/2023 17:07:57.212310,480,True,True,True,True,Eyes,2.255587,0.08496012,-2.699403,-0.839018,-0.5325618,-0.1114743,0.0,0.0,0.0,0.0,0.0,0.0,0.0,3.055372,0.01065648,1.261233,2.268703,0.08775174,-2.402376,0.06353269,-0.8020744,0.2272476,0.5486335,25.73766,250.9024,9.420164,0.6246688,0.02406497,-0.7805187,0.09052145,-0.009837811,0.5319127,1.29605,-0.3968293,-2.817962,-0.1379355,-0.03461595,1.101122,-0.3899296,0.1474354,0.9089651,-0.3512672,0.8886442,-0.2948267,-0.8512145,-0.4342513,-0.2947195,moving,82.43185,78.1777,-7.140141,-1.800613
240,05/08/2023 17:07:57.222161,481,True,True,True,True,Eyes,2.255484,0.08500642,-2.686512,-0.8357683,-0.5349958,-0.1235753,0.0,0.0,0.0,0.0,0.0,0.0,0.0,3.062774,-0.01559091,1.215129,2.265528,0.08877247,-2.390998,0.06148023,-0.8067361,0.2283816,0.5415154,25.7899,249.9152,9.470293,0.6266029,0.0240731,-0.7789665,0.08522678,-0.009239205,0.5388921,1.298654,-0.3991689,-2.818058,-0.1412101,-0.0422545,1.098412,-0.4059625,0.1481477,0.9018018,-0.3465409,0.888124,-0.3019024,-0.845638,-0.4350724,-0.3092058,moving,81.58928,76.99372,-7.325673,-2.203009
241,05/08/2023 17:07:57.242266,482,True,True,True,True,Eyes,2.255248,0.08508313,-2.673722,-0.8323466,-0.5373827,-0.1357158,0.0,0.0,0.0,0.0,0.0,0.0,0.0,3.068766,-0.03353226,1.170633,2.261995,0.08982935,-2.379945,0.06050367,-0.8110483,0.2289491,0.5349043,25.85562,248.971,9.387902,0.6285586,0.02408944,-0.7773888,0.07980347,-0.008545959,0.5452303,1.301132,-0.4013958,-2.818148,-0.1448199,-0.04913066,1.095556,-0.4204337,0.1467889,0.8953708,-0.3430745,0.8878433,-0.3066502,-0.8399618,-0.4361049,-0.3229198,moving,80.7393,75.82635,-7.53019,-2.567734
242,05/08/2023 17:07:57.262288,483,True,True,True,True,Eyes,2.254875,0.0851871,-2.661041,-0.8286991,-0.5398129,-0.1478509,0.0,0.0,0.0,0.0,0.0,0.0,0.0,3.075109,-0.04029119,1.125053,2.25861,0.09067488,-2.369413,0.06108159,-0.8152356,0.2288062,0.5284956,25.95243,248.0103,9.102926,0.6305265,0.0241143,-0.7757927,0.07430859,-0.007803046,0.5508878,1.303742,-0.4037404,-2.818243,-0.1477266,-0.05390633,1.092719,-0.4339227,0.1422544,0.8896486,-0.3414379,0.8878335,-0.3084992,-0.8337453,-0.4376246,-0.3366801,moving,79.88411,74.68274,-7.699235,-2.824242
243,05/08/2023 17:07:57.272439,484,True,True,True,True,Eyes,2.25436,0.08530365,-2.648472,-0.8248278,-0.5422485,-0.1600796,0.0,0.0,0.0,0.0,0.0,0.0,0.0,3.081284,-0.04173952,1.07847,2.254958,0.09148276,-2.359224,0.06276455,-0.819079,0.2296953,0.5219295,26.21843,247.0605,8.780944,0.6324983,0.02414787,-0.774185,0.06873213,-0.007022967,0.5558782,1.306458,-0.4061812,-2.818342,-0.148844,-0.05999031,1.089996,-0.4473006,0.1369512,0.8838364,-0.3425877,0.8866014,-0.3107598,-0.8261696,-0.4417945,-0.3496596,moving,79.01678,73.55264,-7.775907,-3.150219
244,05/08/2023 17:07:57.292096,485,True,True,True,True,Eyes,2.253704,0.08543064,-2.636001,-0.8207358,-0.5447217,-0.1722532,0.0,0.0,0.0,0.0,0.0,0.0,0.0,3.08908,-0.05356282,1.024271,2.251062,0.09194438,-2.349188,0.06305926,-0.8238029,0.2302987,0.514135,26.3775,245.9394,8.531816,0.6344658,0.02418979,-0.772572,0.06306325,-0.006251941,0.5602317,1.308919,-0.4083927,-2.818432,-0.1484498,-0.06622847,1.087266,-0.4633773,0.1329124,0.8761367,-0.340706,0.8859721,-0.3145995,-0.8180469,-0.4442833,-0.3652553,moving,78.147,72.45189,-7.774802,-3.485742
245,05/08/2023 17:07:57.312568,486,True,True,True,True,Eyes,2.252908,0.0855725,-2.623638,-0.816354,-0.547321,-0.1844066,0.0,0.0,0.0,0.0,0.0,0.0,0.0,3.095496,-0.05474025,0.9714456,2.247069,0.09237339,-2.339005,0.06505727,-0.8279641,0.2313711,0.506666,26.68329,244.8652,8.153762,0.6364229,0.02423967,-0.7709591,0.05731035,-0.005495839,0.5640314,1.31146,-0.4106762,-2.818524,-0.1466396,-0.07053023,1.084858,-0.4781141,0.1267256,0.8691073,-0.3421859,0.8844699,-0.3172092,-0.8088977,-0.4490585,-0.3795139,moving,77.27106,71.38,-7.697979,-3.719754
246,05/08/2023 17:07:57.322251,487,True,True,True,True,Eyes,2.251957,0.08573555,-2.611391,-0.8118237,-0.5498753,-0.196416,0.0,0.0,0.0,0.0,0.0,0.0,0.0,3.100089,-0.05051959,0.9224627,2.242908,0.09296282,-2.32911,0.06796618,-0.831456,0.2330744,0.4997379,27.09793,243.8835,7.742346,0.6383632,0.02429727,-0.7693515,0.05148278,-0.004740512,0.5672776,1.31411,-0.4130571,-2.818621,-0.1480288,-0.06881323,1.082451,-0.4912855,0.1199304,0.8627025,-0.345974,0.8821139,-0.3196516,-0.7993379,-0.4555127,-0.3918769,moving,76.39899,70.34322,-7.787083,-3.637494
247,05/08/2023 17:07:57.342173,488,True,True,True,True,Eyes,2.250869,0.08589146,-2.59927,-0.807069,-0.5524658,-0.2083772,0.0,0.0,0.0,0.0,0.0,0.0,0.0,3.102574,-0.04644555,0.8787093,2.238367,0.09367738,-2.319739,-0.07041699,0.8346824,-0.2336311,-0.493724,27.35799,242.9932,7.319133,0.6402817,0.02436257,-0.7677534,0.04554066,-0.003966935,0.5699815,1.316735,-0.4154156,-2.818717,-0.1473907,-0.07744808,1.079921,-0.5025561,0.113147,0.8571087,-0.3482502,0.8809159,-0.3204825,-0.7913022,-0.4595487,-0.4033063,moving,75.52296,69.33469,-7.771869,-4.102024
248,05/08/2023 17:07:57.362412,489,True,True,True,True,Eyes,2.249655,0.08603458,-2.587291,-0.8021701,-0.5550996,-0.2199716,0.0,0.0,0.0,0.0,0.0,0.0,0.0,3.104804,-0.04214793,0.8345125,2.234,0.0937371,-2.310508,-0.07290177,0.8378463,-0.2344075,-0.4875984,27.63831,242.0952,6.900262,0.642173,0.02443455,-0.7661699,0.03954522,-0.003261209,0.5721455,1.319326,-0.4177439,-2.818811,-0.1427282,-0.09342708,1.076567,-0.5138665,0.1064325,0.8512424,-0.3507544,0.8794769,-0.3217013,-0.7828874,-0.4638885,-0.414602,moving,74.66528,68.38287,-7.552076,-4.959841
249,05/08/2023 17:07:57.382090,490,True,True,True,True,Eyes,2.248301,0.08616883,-2.575438,-0.7969823,-0.5578988,-0.231448,0.0,0.0,0.0,0.0,0.0,0.0,0.0,3.106263,-0.03693533,0.7911537,2.229512,0.09371215,-2.301446,-0.07594356,0.8405266,-0.2367062,-0.4813709,28.10116,241.234,6.523746,0.6440325,0.02451207,-0.7646049,0.03353114,-0.00263616,0.5737562,1.321975,-0.420124,-2.818907,-0.1386173,-0.07542498,1.077822,-0.5250293,0.1002218,0.8451627,-0.3555521,0.8764055,-0.3248016,-0.7732574,-0.4710297,-0.4245045,moving,73.80642,67.46855,-7.328506,-4.002978
250,05/08/2023 17:07:57.397338,491,True,True,True,True,Eyes,2.24678,0.08629415,-2.563702,-0.7917416,-0.5605903,-0.2426597,0.0,0.0,0.0,0.0,0.0,0.0,0.0,3.107221,-0.03897893,0.7468407,2.224773,0.09371764,-2.292534,-0.07817539,0.8432335,-0.2398103,-0.4746969,28.59735,240.3531,6.266311,0.6458566,0.02459422,-0.7630622,0.02745662,-0.002075234,0.5748883,1.32444,-0.4223389,-2.818997,-0.1353412,-0.07408456,1.07659,-0.5371031,0.09583415,0.838055,-0.3595145,0.8727593,-0.3302128,-0.763066,-0.4786512,-0.4343078,moving,72.9603,66.59393,-7.165232,-3.936552
251,05/08/2023 17:07:57.412185,492,True,True,True,True,Eyes,2.245094,0.08638858,-2.552098,-0.786287,-0.563363,-0.2537223,0.0,0.0,0.0,0.0,0.0,0.0,0.0,3.106791,-0.04701787,0.7048652,2.219537,0.09364077,-2.283876,-0.0791842,0.8460305,-0.2421242,-0.4683355,28.93771,239.5072,6.087465,0.647642,0.02468021,-0.7615447,0.02124589,-0.001574764,0.5756042,1.327173,-0.424795,-2.819097,-0.1324881,-0.08222649,1.075061,-0.5487832,0.09280619,0.830797,-0.3607752,0.8702115,-0.3355193,-0.7541073,-0.4838584,-0.4440752,moving,72.11594,65.75459,-7.025578,-4.373775
252,05/08/2023 17:07:57.423956,493,True,True,True,True,Eyes,2.243227,0.08646225,-2.540617,-0.7809187,-0.5659193,-0.2643885,0.0,0.0,0.0,0.0,0.0,0.0,0.0,3.105083,-0.05846387,0.6649408,2.213887,0.09304529,-2.275336,-0.07965235,0.8486086,-0.2448607,-0.4621279,29.28808,238.7113,5.997351,0.6493856,0.02476852,-0.7600555,0.01491356,-0.001196992,0.5758802,1.329604,-0.426979,-2.819185,-0.1298462,-0.0595976,1.076929,-0.5601866,0.09112661,0.8233389,-0.3615013,0.8673975,-0.3419626,-0.745324,-0.4892009,-0.452962,moving,71.29591,64.95877,-6.875014,-3.167537
253,05/08/2023 17:07:57.442038,494,True,True,True,True,Eyes,2.241182,0.08651801,-2.529277,-0.775447,-0.5684043,-0.2749519,0.0,0.0,0.0,0.0,0.0,0.0,0.0,3.102098,-0.0732547,0.6280482,2.20791,0.09263193,-2.267019,-0.079509,0.8510221,-0.2475352,-0.4562522,29.59514,237.9739,5.977329,0.6510848,0.02485819,-0.7585975,0.008419012,-0.0009041583,0.5757676,1.332182,-0.429296,-2.81928,-0.127363,-0.05206228,1.076937,-0.5710242,0.09054915,0.815924,-0.3612048,0.8648093,-0.3487635,-0.7371988,-0.4938681,-0.4611203,moving,70.47691,64.18574,-6.744709,-2.767692
254,05/08/2023 17:07:57.462087,495,True,True,True,True,Eyes,2.238957,0.08654742,-2.518083,-0.7702798,-0.5703514,-0.2852513,0.0,0.0,0.0,0.0,0.0,0.0,0.0,3.098416,-0.08961231,0.5915506,2.201588,0.09227183,-2.258902,-0.07856581,0.8538281,-0.248375,-0.4506828,29.66682,237.2243,5.926183,0.6527373,0.0249484,-0.7571731,0.001777692,-0.0006826284,0.5752434,1.334827,-0.4316726,-2.819376,-0.1266025,-0.05742573,1.075776,-0.5814249,0.08971332,0.8086389,-0.3580401,0.8642746,-0.3533225,-0.7305837,-0.4949555,-0.4703898,moving,69.67931,63.42887,-6.711975,-3.055592
255,05/08/2023 17:07:57.472177,496,True,True,True,True,Eyes,2.236536,0.08649306,-2.507021,-0.7651688,-0.5719846,-0.2955509,0.0,0.0,0.0,0.0,0.0,0.0,0.0,3.093734,-0.1072428,0.5567203,2.194929,0.09165365,-2.250891,-0.07641582,0.8571565,-0.2464332,-0.4457739,29.37949,236.4873,5.842757,0.6543404,0.02503814,-0.7557851,-0.005005167,-0.0005534484,0.5743101,1.337418,-0.4340003,-2.81947,-0.1272123,-0.05555662,1.074931,-0.5908929,0.08870634,0.8018586,-0.3507076,0.8668626,-0.3543352,-0.7265331,-0.4905919,-0.481113,moving,68.88066,62.6741,-6.749257,-2.958637
256,05/08/2023 17:07:57.492141,497,True,True,True,True,Eyes,2.233963,0.08635788,-2.496114,-0.7602556,-0.5733033,-0.3055075,0.0,0.0,0.0,0.0,0.0,0.0,0.0,3.088206,-0.1218466,0.5227585,2.18786,0.0895515,-2.242852,-0.07413804,0.8604897,-0.2435604,-0.4412931,28.98598,235.784,5.732531,0.6558928,0.02512453,-0.7544354,-0.01196685,-0.0006833198,0.5730386,1.339922,-0.4362508,-2.819562,-0.1293388,-0.05635283,1.074083,-0.5995283,0.08737301,0.7955703,-0.342553,0.8703638,-0.3537292,-0.723342,-0.4845956,-0.4918777,moving,68.10735,61.9473,-6.866371,-3.003325
257,05/08/2023 17:07:57.512071,498,True,True,True,True,Eyes,2.231198,0.086125,-2.485337,-0.7552781,-0.5745761,-0.3153053,0.0,0.0,0.0,0.0,0.0,0.0,0.0,3.082458,-0.1245445,0.4916792,2.18103,0.08756513,-2.234782,-0.07453846,0.8626691,-0.2433783,-0.4370506,29.01667,235.1656,5.520941,0.6573935,0.02520509,-0.7531254,-0.01896788,-0.001047871,0.5713771,1.342515,-0.4385805,-2.819656,-0.131415,-0.06093721,1.073178,-0.6068617,0.08413322,0.7903421,-0.3413413,0.8704221,-0.3547556,-0.717778,-0.4850639,-0.4995076,moving,67.34097,61.24371,-6.981345,-3.249881
258,05/08/2023 17:07:57.522434,499,True,True,True,True,Eyes,2.228254,0.08579497,-2.474677,-0.7503241,-0.5756918,-0.3249501,0.0,0.0,0.0,0.0,0.0,0.0,0.0,3.075978,-0.1236873,0.4635034,2.173653,0.08501461,-2.227056,-0.07537617,0.8644586,-0.2433315,-0.4333818,29.08019,234.6255,5.291131,0.6588414,0.02527702,-0.7518567,-0.02612391,-0.001683624,0.5694247,1.345143,-0.4409418,-2.819752,-0.133135,-0.05974581,1.072979,-0.6129975,0.08059169,0.7859638,-0.34123,0.8702165,-0.3553667,-0.7125983,-0.4860333,-0.5059403,moving,66.58355,60.55738,-7.073101,-3.187064
259,05/08/2023 17:07:57.542350,500,True,True,True,True,Eyes,2.225125,0.08536364,-2.464142,-0.7452742,-0.5768716,-0.3343434,0.0,0.0,0.0,0.0,0.0,0.0,0.0,3.069036,-0.121906,0.4379516,2.1665,0.08236859,-2.219265,-0.07649338,0.8658768,-0.2440436,-0.4299408,29.23538,234.14,5.087472,0.6602374,0.02533797,-0.7506291,-0.03338845,-0.0025727,0.567239,1.347783,-0.4433141,-2.819848,-0.1357979,-0.05890048,1.072675,-0.6185995,0.07738099,0.7818868,-0.3423163,0.8691829,-0.3568482,-0.707216,-0.4883987,-0.5111874,moving,65.83814,59.90427,-7.215114,-3.142949
260,05/08/2023 17:07:57.566173,501,True,True,True,True,Eyes,2.221825,0.08483776,-2.453754,-0.7403176,-0.5778676,-0.3435097,0.0,0.0,0.0,0.0,0.0,0.0,0.0,3.061367,-0.1244707,0.4137232,2.158911,0.07954382,-2.211652,-0.07720409,0.8670382,-0.2458274,-0.4264425,29.48066,233.6942,4.9943,0.6615816,0.02538564,-0.749443,-0.04077288,-0.003712325,0.5648111,1.350335,-0.4456075,-2.819941,-0.1369061,-0.06246944,1.072453,-0.6243726,0.07578469,0.7774416,-0.3435403,0.8672168,-0.3604373,-0.7015261,-0.4921297,-0.5154313,moving,65.10855,59.2709,-7.274858,-3.333661
261,05/08/2023 17:07:57.572151,502,True,True,True,True,Eyes,2.218323,0.08420634,-2.443486,-0.7353556,-0.5787849,-0.3525057,0.0,0.0,0.0,0.0,0.0,0.0,0.0,3.053412,-0.1324925,0.3874083,2.151007,0.07680486,-2.204139,-0.07666685,0.8687888,-0.2462594,-0.4227113,29.5189,233.1937,4.942916,0.6628738,0.02541821,-0.7482991,-0.04822636,-0.005067239,0.5620847,1.353029,-0.4480278,-2.82004,-0.1359537,-0.06558383,1.072663,-0.6308751,0.07497866,0.7722534,-0.3414078,0.8669569,-0.3630789,-0.6967337,-0.4927107,-0.5213433,moving,64.38844,58.65673,-7.223387,-3.498774
262,05/08/2023 17:07:57.597250,503,True,True,True,True,Eyes,2.214624,0.08348413,-2.433355,-0.7304708,-0.5795586,-0.3612815,0.0,0.0,0.0,0.0,0.0,0.0,0.0,3.044611,-0.1433803,0.3626416,2.142655,0.07363523,-2.196663,-0.07541031,0.8705561,-0.2463933,-0.4192087,29.48684,232.7319,4.961428,0.6641142,0.02543375,-0.747198,-0.05583989,-0.00665747,0.5591642,1.35557,-0.4503118,-2.820132,-0.134284,-0.0639427,1.073903,-0.6371549,0.07528259,0.7670505,-0.3378782,0.8672073,-0.365773,-0.6927281,-0.4922236,-0.527109,moving,63.68359,58.06168,-7.127438,-3.407502
263,05/08/2023 17:07:57.612764,504,True,True,True,True,Eyes,2.210696,0.08267219,-2.42334,-0.7255973,-0.580246,-0.3698961,0.0,0.0,0.0,0.0,0.0,0.0,0.0,3.034797,-0.1641606,0.337712,2.133826,0.07075311,-2.189239,-0.0729484,0.8723186,-0.2476463,-0.4152232,29.51375,232.271,5.168038,0.6653031,0.02543106,-0.7461398,-0.06358454,-0.008424643,0.5560085,1.358083,-0.4525691,-2.820224,-0.133272,-0.07065479,1.074066,-0.6445368,0.07838842,0.7605445,-0.3329254,0.8666998,-0.3714731,-0.6882829,-0.4926326,-0.5325224,moving,62.98835,57.48324,-7.073206,-3.763639
264,05/08/2023 17:07:57.628385,505,True,True,True,True,Eyes,2.206545,0.08179054,-2.413455,-0.721006,-0.5804899,-0.3783938,0.0,0.0,0.0,0.0,0.0,0.0,0.0,3.023975,-0.1916178,0.311981,2.124385,0.06775714,-2.181942,-0.06918944,0.8743838,-0.2484083,-0.4110465,29.42532,231.797,5.48263,0.6664403,0.02540915,-0.7451251,-0.07155474,-0.01035499,0.552693,1.360742,-0.4549586,-2.820321,-0.1317785,-0.07995531,1.074089,-0.6525071,0.0832185,0.7531991,-0.3252109,0.8670122,-0.3775282,-0.6844501,-0.4912885,-0.5386682,moving,62.3089,56.90158,-6.994587,-4.257254
265,05/08/2023 17:07:57.646720,506,True,True,True,True,Eyes,2.20214,0.08084887,-2.403692,-0.7163367,-0.5807555,-0.3867619,0.0,0.0,0.0,0.0,0.0,0.0,0.0,3.012991,-0.2203339,0.2819602,2.114683,0.06516523,-2.174863,-0.06555656,0.8766558,-0.2494487,-0.4061435,29.38081,231.2306,5.775187,0.6675268,0.02536779,-0.7441531,-0.07971548,-0.01237864,0.5491852,1.363378,-0.4573277,-2.820417,-0.1294799,-0.08866259,1.073886,-0.6614999,0.08768281,0.7448019,-0.3175649,0.8669554,-0.3841105,-0.67939,-0.4906119,-0.5456458,moving,61.63467,56.33784,-6.875048,-4.719773
266,05/08/2023 17:07:57.662120,507,True,True,True,True,Eyes,2.197479,0.07987139,-2.394066,-0.7117508,-0.5806046,-0.3953596,0.0,0.0,0.0,0.0,0.0,0.0,0.0,3.00119,-0.2479612,0.2507262,2.104189,0.06277364,-2.167933,-0.06242135,0.8787639,-0.2511052,-0.4010287,29.43198,230.6483,6.043365,0.6685619,0.02530716,-0.7432253,-0.0881469,-0.01446094,0.5455238,1.365986,-0.459671,-2.820512,-0.1287102,-0.09758502,1.073313,-0.6705593,0.09169354,0.7361675,-0.311108,0.8660995,-0.3912589,-0.6734703,-0.4913899,-0.5522444,moving,60.94893,55.74731,-6.838174,-5.195017
267,05/08/2023 17:07:57.672233,508,True,True,True,True,Eyes,2.192533,0.07886955,-2.38456,-0.707051,-0.5804923,-0.4038659,0.0,0.0,0.0,0.0,0.0,0.0,0.0,2.988275,-0.2806035,0.2157857,2.09305,0.0609106,-2.161138,-0.05836486,0.8813624,-0.2519851,-0.3953447,29.3622,229.983,6.347837,0.6695455,0.02522822,-0.7423421,-0.09684134,-0.01652569,0.5416709,1.368605,-0.4620238,-2.820607,-0.1298961,-0.1040008,1.072575,-0.6805922,0.09636079,0.726298,-0.3021232,0.8661941,-0.3980319,-0.6674697,-0.4903289,-0.560412,moving,60.26509,55.1725,-6.905282,-5.538299
268,05/08/2023 17:07:57.697394,509,True,True,True,True,Eyes,2.192533,0.07886955,-2.38456,-0.707051,-0.5804923,-0.4038659,0.0,0.0,0.0,0.0,0.0,0.0,0.0,2.974164,-0.3142626,0.1799006,2.081265,0.05931222,-2.154435,-0.05451892,0.8837867,-0.2536995,-0.3893399,29.39878,229.3019,6.669412,0.6704774,0.02513219,-0.7415037,-0.1058674,-0.01853968,0.5376871,1.371064,-0.464234,-2.820697,-0.1320647,-0.108169,1.072029,-0.6908846,0.1011844,0.7158496,-0.2939168,0.8653286,-0.4059795,-0.6605239,-0.4908851,-0.5681024,moving,60.26509,55.1725,-7.022957,-5.761709
269,05/08/2023 17:07:57.712220,510,True,True,True,True,Eyes,2.192533,0.07886955,-2.38456,-0.707051,-0.5804923,-0.4038659,0.0,0.0,0.0,0.0,0.0,0.0,0.0,2.960127,-0.3423204,0.1451361,2.069293,0.05853121,-2.148302,-0.05132586,0.8861819,-0.2544114,-0.383826,29.36095,228.6403,6.87525,0.6711602,0.02505094,-0.7408885,-0.09951536,-0.0174273,0.5054259,1.37366,-0.4665665,-2.820791,-0.1343311,-0.112218,1.071393,-0.7000869,0.1043313,0.706395,-0.2862675,0.865281,-0.4115091,-0.6541635,-0.4903099,-0.5759053,moving,60.26509,55.1725,-7.146445,-5.979376
270,05/08/2023 17:07:57.722047,511,True,True,True,True,Eyes,2.186307,0.07788711,-2.374741,-0.701974,-0.5801674,-0.4130839,0.0,0.0,0.0,0.0,0.0,0.0,0.0,2.945207,-0.3697377,0.1093566,2.056744,0.05787609,-2.14228,-0.04777329,0.8888515,-0.2538995,-0.3784122,29.17731,227.9602,7.054527,0.67171,0.02497998,-0.7403926,-0.09354444,-0.01638166,0.4751003,1.376301,-0.4689396,-2.820888,-0.1358739,-0.1160197,1.070692,-0.709044,0.1072307,0.6969638,-0.2770841,0.8665054,-0.415202,-0.6484454,-0.487514,-0.5846786,moving,59.52488,54.54882,-7.232336,-6.184413
271,05/08/2023 17:07:57.742054,512,True,True,True,True,Eyes,2.179799,0.07701647,-2.365102,-0.6968112,-0.5798126,-0.422222,0.0,0.0,0.0,0.0,0.0,0.0,0.0,2.928493,-0.4056738,0.08000875,2.044032,0.05887655,-2.136706,-0.04400134,0.8905568,-0.2565474,-0.3730361,29.32535,227.4072,7.44909,0.6722524,0.02489429,-0.739903,-0.1066107,-0.01834608,0.4760514,1.378825,-0.4712077,-2.82098,-0.136554,-0.1229711,1.069586,-0.717816,0.1130315,0.6869964,-0.2697743,0.8644946,-0.4241119,-0.6418427,-0.4897682,-0.590055,moving,58.78688,53.93774,-7.275587,-6.558542
272,05/08/2023 17:07:57.762836,513,True,True,True,True,Eyes,2.173067,0.07618202,-2.355628,-0.6914889,-0.5792083,-0.4316955,0.0,0.0,0.0,0.0,0.0,0.0,0.0,2.908779,-0.4551577,0.04272723,2.030801,0.06048775,-2.131238,-0.03758567,0.8933241,-0.2577078,-0.3662599,29.20693,226.677,8.009585,0.6727802,0.02479881,-0.7394264,-0.1197384,-0.01985725,0.4764047,1.381428,-0.4735462,-2.821075,-0.1365412,-0.1275534,1.068768,-0.7288823,0.1216237,0.6737497,-0.2559284,0.8643481,-0.4329009,-0.6350052,-0.4879653,-0.598881,moving,58.02353,53.3021,-7.280426,-6.805842
273,05/08/2023 17:07:57.781878,514,True,True,True,True,Eyes,2.166112,0.07544307,-2.346286,-0.6858517,-0.5790668,-0.4407824,0.0,0.0,0.0,0.0,0.0,0.0,0.0,2.890254,-0.4900235,-0.0003004074,2.018304,0.06047924,-2.125203,-0.03245826,0.8967218,-0.2561769,-0.3594578,28.8667,225.8194,8.269472,0.6732892,0.02469543,-0.7389663,-0.1327486,-0.02116914,0.4762439,1.384074,-0.4759244,-2.821171,-0.1357851,-0.1296813,1.068248,-0.7394729,0.1259575,0.6612974,-0.2423816,0.8666397,-0.436104,-0.6280372,-0.4827735,-0.6103268,moving,57.272,52.72182,-7.244024,-6.921622
274,05/08/2023 17:07:57.792122,515,True,True,True,True,Eyes,2.158929,0.07480834,-2.337105,-0.6799352,-0.578952,-0.4500033,0.0,0.0,0.0,0.0,0.0,0.0,0.0,2.873593,-0.5093359,-0.0287118,2.00591,0.06212614,-2.119021,-0.03340542,0.8971448,-0.262702,-0.3535578,29.66875,225.2268,8.32601,0.6737753,0.02458797,-0.7385268,-0.1456484,-0.02211586,0.4756937,1.386612,-0.4782049,-2.821264,-0.1342847,-0.1365922,1.066832,-0.747762,0.1258217,0.6519362,-0.2456996,0.8597435,-0.4477419,-0.6168337,-0.4949849,-0.6119692,moving,56.50211,52.14307,-7.174227,-7.29619
275,05/08/2023 17:07:57.811845,516,True,True,True,True,Eyes,2.151561,0.07424472,-2.328046,-0.6740202,-0.5786694,-0.4591716,0.0,0.0,0.0,0.0,0.0,0.0,0.0,2.855793,-0.5343577,-0.06199861,1.99329,0.063929,-2.113679,-0.03120263,0.89909,-0.2639461,-0.3478453,29.75748,224.5494,8.446517,0.6742383,0.02447959,-0.7381076,-0.1584595,-0.0226931,0.4746959,1.389232,-0.4805588,-2.821359,-0.1317393,-0.1427956,1.065462,-0.7560605,0.1275169,0.64196,-0.2397327,0.8587177,-0.4529152,-0.6090167,-0.4963299,-0.6186726,moving,55.73562,51.56816,-7.048573,-7.633422
276,05/08/2023 17:07:57.822256,517,True,True,True,True,Eyes,2.144031,0.07377331,-2.319067,-0.6677812,-0.5787129,-0.468145,0.0,0.0,0.0,0.0,0.0,0.0,0.0,2.838935,-0.5508749,-0.09360552,1.981468,0.06503722,-2.107447,-0.02872907,0.9015545,-0.2619178,-0.3431808,29.47113,223.9059,8.452441,0.6746803,0.02437229,-0.7377072,-0.1710554,-0.02302236,0.4733924,1.39179,-0.4828575,-2.821452,-0.1291906,-0.1453191,1.064416,-0.7628031,0.1279686,0.6338417,-0.2315719,0.8611475,-0.4525478,-0.6037431,-0.4919849,-0.6272521,moving,54.9678,51.02917,-6.92027,-7.774225
277,05/08/2023 17:07:57.847246,518,True,True,True,True,Eyes,2.136361,0.07341408,-2.310217,-0.6614623,-0.5788367,-0.4768813,0.0,0.0,0.0,0.0,0.0,0.0,0.0,2.822906,-0.5656663,-0.1145291,1.970666,0.06668751,-2.100933,-0.02932516,0.9019094,-0.2665836,-0.3385746,30.04804,223.4314,8.478241,0.6750997,0.02426859,-0.7373269,-0.1833835,-0.02305526,0.4719261,1.394379,-0.4851837,-2.821547,-0.1276205,-0.1462347,1.063553,-0.7690147,0.1276195,0.6263624,-0.2334141,0.8561465,-0.4610109,-0.5950919,-0.5007259,-0.628601,moving,54.21028,50.5162,-6.842466,-7.828874
278,05/08/2023 17:07:57.861999,519,True,True,True,True,Eyes,2.128549,0.07313614,-2.301457,-0.6549972,-0.5788421,-0.4857165,0.0,0.0,0.0,0.0,0.0,0.0,0.0,2.80557,-0.586409,-0.1389813,1.959611,0.06903552,-2.095131,-0.0277574,0.9031897,-0.268364,-0.3338543,30.21864,222.8956,8.588828,0.6754926,0.02417193,-0.7369702,-0.195391,-0.02274963,0.4701594,1.39695,-0.4874935,-2.82164,-0.1277758,-0.1445066,1.063001,-0.7755416,0.1290485,0.6179656,-0.2293293,0.8544206,-0.4662332,-0.5881693,-0.503301,-0.633044,moving,53.44103,49.9994,-6.854232,-7.741454
279,05/08/2023 17:07:57.872277,520,True,True,True,True,Eyes,2.120606,0.07295351,-2.292799,-0.6484627,-0.5788703,-0.4943737,0.0,0.0,0.0,0.0,0.0,0.0,0.0,2.786532,-0.6098764,-0.1707239,1.948824,0.07055504,-2.088771,-0.02431471,0.9056369,-0.2671252,-0.3284428,29.98737,222.2097,8.727958,0.6758571,0.02408425,-0.7366388,-0.2071014,-0.02221848,0.4682283,1.399616,-0.4898896,-2.821738,-0.1287401,-0.1437586,1.062199,-0.7830683,0.1314301,0.60789,-0.2195113,0.8561058,-0.467865,-0.5819097,-0.4998089,-0.6415388,moving,52.6789,49.50162,-6.910629,-7.707609
280,05/08/2023 17:07:57.897435,521,True,True,True,True,Eyes,2.112506,0.07288313,-2.284264,-0.6417138,-0.5787851,-0.5032009,0.0,0.0,0.0,0.0,0.0,0.0,0.0,2.767161,-0.632674,-0.1979046,1.937702,0.07265768,-2.082463,-0.02192958,0.9072938,-0.2680598,-0.3232352,30.03936,221.6029,8.87117,0.6761901,0.02400814,-0.7363356,-0.2185041,-0.02143324,0.4661099,1.402267,-0.4922711,-2.821834,-0.1300975,-0.1431896,1.061581,-0.7900761,0.1334996,0.5982955,-0.2130859,0.8553261,-0.4722411,-0.5747817,-0.5005949,-0.6473259,moving,51.89817,48.99602,-6.986796,-7.681881
281,05/08/2023 17:07:57.913605,522,True,True,True,True,Eyes,2.104274,0.07287931,-2.275849,-0.6351129,-0.5782458,-0.5121166,0.0,0.0,0.0,0.0,0.0,0.0,0.0,2.747344,-0.6551899,-0.2261832,1.925938,0.07515328,-2.076884,-0.01839337,0.9095178,-0.2663887,-0.3185535,29.75478,221.0086,9.030082,0.6764909,0.02394577,-0.7360603,-0.2296939,-0.0203584,0.463748,1.404685,-0.4944443,-2.821923,-0.1314149,-0.1437827,1.060993,-0.796371,0.1362599,0.5892597,-0.2031763,0.8573974,-0.472852,-0.5696606,-0.496289,-0.6551217,moving,51.1194,48.47066,-7.060712,-7.71754
282,05/08/2023 17:07:57.922325,523,True,True,True,True,Eyes,2.095943,0.07291329,-2.267508,-0.6283563,-0.5776255,-0.521073,0.0,0.0,0.0,0.0,0.0,0.0,0.0,2.72963,-0.6662062,-0.2580683,1.914537,0.07665133,-2.071227,-0.01467626,0.9126935,-0.2602684,-0.3146993,28.96844,220.3808,9.010629,0.6767567,0.02389851,-0.7358167,-0.2406086,-0.01914836,0.4611674,1.40732,-0.4968124,-2.822019,-0.1322281,-0.1472848,1.060199,-0.8014981,0.1370227,0.5820875,-0.1906024,0.8640899,-0.4658534,-0.5668084,-0.4843278,-0.6664496,moving,50.33232,47.94654,-7.109226,-7.909015
283,05/08/2023 17:07:57.947545,524,True,True,True,True,Eyes,2.087525,0.07302222,-2.259265,-0.6214952,-0.5771458,-0.5297608,0.0,0.0,0.0,0.0,0.0,0.0,0.0,2.713706,-0.6702482,-0.2847221,1.904057,0.07747921,-2.064719,-0.01396258,0.9146397,-0.2582087,-0.3107534,28.75162,219.8044,8.853724,0.6769875,0.02386632,-0.735605,-0.2511646,-0.01789751,0.4585227,1.409881,-0.4991136,-2.822112,-0.1337612,-0.1417457,1.061575,-0.8064748,0.134937,0.5756653,-0.1860199,0.8662667,-0.4636579,-0.5612444,-0.4810136,-0.6735213,moving,49.55582,47.45124,-7.181568,-7.605373
284,05/08/2023 17:07:57.963246,525,True,True,True,True,Eyes,2.079026,0.0732205,-2.251125,-0.6142688,-0.576991,-0.5382892,0.0,0.0,0.0,0.0,0.0,0.0,0.0,2.698548,-0.6736183,-0.3072426,1.893499,0.07943624,-2.058804,-0.01539536,0.9155598,-0.2598027,-0.3066201,29.02367,219.2677,8.624793,0.6771824,0.02385046,-0.7354258,-0.261349,-0.01649688,0.4557399,1.412459,-0.5014294,-2.822206,-0.1357652,-0.138294,1.06274,-0.8114942,0.1311307,0.5694575,-0.1875122,0.864531,-0.4662887,-0.5534586,-0.4851708,-0.6769733,moving,48.77163,46.98745,-7.280112,-7.414214
285,05/08/2023 17:07:57.971940,526,True,True,True,True,Eyes,2.070462,0.07348836,-2.24309,-0.6069849,-0.5768135,-0.5466768,0.0,0.0,0.0,0.0,0.0,0.0,0.0,2.683371,-0.6769657,-0.3313789,1.883154,0.08174049,-2.053198,-0.01630571,0.9168392,-0.2600824,-0.3024849,29.12863,218.7009,8.389045,0.6773409,0.02385261,-0.7352797,-0.2711676,-0.01491222,0.4528157,1.415157,-0.5038538,-2.822304,-0.1390133,-0.1456563,1.061867,-0.816474,0.1274425,0.5631416,-0.1872414,0.8641826,-0.467043,-0.5461783,-0.4867719,-0.6817201,moving,47.99244,46.53655,-7.458408,-7.81052
286,05/08/2023 17:07:57.997093,527,True,True,True,True,Eyes,2.061846,0.07384038,-2.235164,-0.5992837,-0.5769167,-0.5550011,0.0,0.0,0.0,0.0,0.0,0.0,0.0,2.668321,-0.6779948,-0.3582516,1.873021,0.08370081,-2.047619,-0.01727267,0.9184199,-0.2594706,-0.2981301,29.13735,218.075,8.0943,0.6774629,0.02387361,-0.7351667,-0.2805888,-0.0132139,0.4497502,1.417526,-0.5059829,-2.822391,-0.1428984,-0.1508794,1.061301,-0.8216401,0.1229848,0.5565807,-0.1864391,0.8647534,-0.4663069,-0.5386537,-0.4869048,-0.6875869,moving,47.197,46.10919,-7.668439,-8.091208
287,05/08/2023 17:07:58.013143,528,True,True,True,True,Eyes,2.053173,0.07428386,-2.227378,-0.5915697,-0.5769451,-0.5631871,0.0,0.0,0.0,0.0,0.0,0.0,0.0,2.655373,-0.6737756,-0.3808191,1.863185,0.08609777,-2.042335,-0.0201402,0.919322,-0.2605157,-0.2942329,29.3963,217.5096,7.669412,0.6775481,0.02391476,-0.735087,-0.2896014,-0.01136501,0.4465446,1.420146,-0.5083365,-2.822486,-0.1517943,-0.1478478,1.061443,-0.8260428,0.1162739,0.5514833,-0.1903353,0.8634519,-0.4671439,-0.5304959,-0.4908475,-0.6911171,moving,46.40798,45.69135,-8.138545,-7.929676
288,05/08/2023 17:07:58.022413,529,True,True,True,True,Eyes,2.044438,0.07480534,-2.219733,-0.583672,-0.5768908,-0.5714229,0.0,0.0,0.0,0.0,0.0,0.0,0.0,2.641561,-0.6724199,-0.405962,1.853123,0.08875614,-2.037855,-0.02144605,0.9208329,-0.2593689,-0.2904042,29.34893,216.9284,7.325925,0.6775959,0.02397749,-0.7350412,-0.2982427,-0.009352668,0.4431086,1.422791,-0.5107138,-2.822582,-0.1576799,-0.1496983,1.062502,-0.8304109,0.1111472,0.5459524,-0.1901401,0.8645357,-0.4652148,-0.5237026,-0.4901269,-0.6967863,moving,45.60757,45.27282,-8.44133,-8.01974
289,05/08/2023 17:07:58.042383,530,True,True,True,True,Eyes,2.035667,0.07536524,-2.212231,-0.575775,-0.5765418,-0.5797263,0.0,0.0,0.0,0.0,0.0,0.0,0.0,2.626222,-0.6750396,-0.4353595,1.843292,0.09103938,-2.033776,-0.02034281,0.9232622,-0.2551937,-0.2864426,28.87337,216.3098,7.126158,0.6776053,0.02406264,-0.7350299,-0.3065544,-0.007227065,0.4394589,1.42529,-0.5129589,-2.822674,-0.1557995,-0.160761,1.062364,-0.8350739,0.1086332,0.539306,-0.1837602,0.8689247,-0.4595672,-0.5185406,-0.4828755,-0.7056538,moving,44.80407,44.84221,-8.34316,-8.60493
290,05/08/2023 17:07:58.062630,531,True,True,True,True,Eyes,2.026824,0.0759508,-2.204856,-0.5675033,-0.576301,-0.5880623,0.0,0.0,0.0,0.0,0.0,0.0,0.0,2.607123,-0.6848481,-0.4731815,1.833611,0.09254646,-2.029609,-0.0179175,0.9262261,-0.2509888,-0.2806938,28.35956,215.4975,7.030673,0.6775763,0.02416951,-0.7350532,-0.314474,-0.005113753,0.4355954,1.427871,-0.5152789,-2.822768,-0.1575204,-0.1286943,1.071092,-0.8417802,0.1077106,0.528966,-0.1740933,0.8733672,-0.454886,-0.5109776,-0.4750033,-0.7164316,moving,43.98074,44.42127,-8.366241,-6.851379
291,05/08/2023 17:07:58.072139,532,True,True,True,True,Eyes,2.017938,0.07654309,-2.197622,-0.5591467,-0.5760015,-0.596303,0.0,0.0,0.0,0.0,0.0,0.0,0.0,2.587333,-0.694109,-0.5112305,1.823661,0.09364823,-2.025569,-0.01643582,0.9287975,-0.2484252,-0.2744994,28.06654,214.6534,6.889866,0.6775084,0.02429707,-0.7351116,-0.3221351,-0.003050237,0.4315847,1.430534,-0.5176718,-2.822865,-0.1589791,-0.1261094,1.073376,-0.8487598,0.105854,0.5180749,-0.1669162,0.8760296,-0.4524501,-0.5017425,-0.4704966,-0.72587,moving,43.15815,44.00788,-8.424901,-6.700879
292,05/08/2023 17:07:58.092127,533,True,True,True,True,Eyes,2.017938,0.07654309,-2.197622,-0.5591467,-0.5760015,-0.596303,0.0,0.0,0.0,0.0,0.0,0.0,0.0,2.567444,-0.7043921,-0.5454147,1.813772,0.09432041,-2.02157,-0.01537836,0.9308214,-0.2474668,-0.2685058,27.96637,213.8717,6.779516,0.6774016,0.02444362,-0.7352051,-0.3294631,-0.001090349,0.4273933,1.433157,-0.5200284,-2.82296,-0.1616006,-0.1452004,1.073237,-0.8553364,0.1042636,0.5074732,-0.1615216,0.8770474,-0.4524364,-0.4922507,-0.4689531,-0.7333297,moving,43.15815,44.00788,-8.562872,-7.704875
293,05/08/2023 17:07:58.112253,534,True,True,True,True,Eyes,2.017938,0.07654309,-2.197622,-0.5591467,-0.5760015,-0.596303,0.0,0.0,0.0,0.0,0.0,0.0,0.0,2.547572,-0.7175458,-0.5741189,1.803663,0.09538907,-2.017995,-0.01381178,0.9324641,-0.2469943,-0.2632753,27.89802,213.2186,6.777391,0.6772797,0.02456586,-0.7353132,-0.3096953,-0.001024928,0.4017498,1.435692,-0.5223061,-2.823053,-0.1607496,-0.1271652,1.079096,-0.8609908,0.104297,0.4978124,-0.155813,0.8776062,-0.4533539,-0.4841667,-0.4678991,-0.7393602,moving,43.15815,44.00788,-8.472869,-6.720979
294,05/08/2023 17:07:58.132293,535,True,True,True,True,Eyes,2.00819,0.07719767,-2.190248,-0.5498825,-0.5760059,-0.6048525,0.0,0.0,0.0,0.0,0.0,0.0,0.0,2.525805,-0.7336656,-0.6056864,1.793815,0.09604082,-2.014403,-0.01110202,0.9344384,-0.2457083,-0.2575442,27.70485,212.5125,6.864117,0.6771647,0.02467393,-0.7354154,-0.2911136,-0.0009634321,0.3776448,1.438289,-0.5246394,-2.823147,-0.1596773,-0.1388076,1.080047,-0.8670954,0.1058132,0.4867741,-0.1473098,0.8790084,-0.4534799,-0.4758627,-0.464917,-0.7465968,moving,42.27455,43.60063,-8.409856,-7.323508
295,05/08/2023 17:07:58.142128,536,True,True,True,True,Eyes,1.998424,0.07782902,-2.183037,-0.5405509,-0.5759779,-0.6132325,0.0,0.0,0.0,0.0,0.0,0.0,0.0,2.503397,-0.7479939,-0.6390238,1.78381,0.09636599,-2.010863,-0.008788417,0.9364287,-0.2444937,-0.2514899,27.53706,211.7581,6.899296,0.6770064,0.02480356,-0.7355566,-0.3028922,0.001058108,0.3771075,1.440978,-0.5270554,-2.823245,-0.1578141,-0.1524106,1.080303,-0.8733514,0.106516,0.4753022,-0.1394349,0.8802912,-0.4534815,-0.4667073,-0.4623222,-0.7539516,moving,41.39547,43.20567,-8.311156,-8.030364
296,05/08/2023 17:07:58.162038,537,True,True,True,True,Eyes,1.988647,0.07843091,-2.175994,-0.5310994,-0.5762107,-0.6212202,0.0,0.0,0.0,0.0,0.0,0.0,0.0,2.481243,-0.7599114,-0.6713126,1.773586,0.09644105,-2.007432,-0.007473292,0.9381152,-0.2442223,-0.2454373,27.50886,211.0029,6.854895,0.6768054,0.02495199,-0.7357362,-0.3140173,0.002888664,0.3761147,1.443526,-0.529345,-2.823338,-0.1565253,-0.1420727,1.084335,-0.8794094,0.1058609,0.4641472,-0.1339041,0.8805993,-0.4545488,-0.4568467,-0.4618857,-0.760232,moving,40.5281,42.84736,-8.213986,-7.46454
297,05/08/2023 17:07:58.173003,538,True,True,True,True,Eyes,1.978846,0.07899813,-2.169106,-0.521628,-0.5762438,-0.629164,0.0,0.0,0.0,0.0,0.0,0.0,0.0,2.458784,-0.7712373,-0.7036295,1.763307,0.09638914,-2.00424,-0.00574421,0.9399105,-0.2431984,-0.2395618,27.38205,210.2656,6.838085,0.6765625,0.02511649,-0.7359534,-0.3245075,0.00452103,0.3746758,1.446138,-0.5316926,-2.823433,-0.1570291,-0.1385714,1.086924,-0.8851544,0.105724,0.4531272,-0.1273202,0.8816431,-0.4544173,-0.4475393,-0.4599216,-0.7669293,moving,39.66149,42.48619,-8.220706,-7.265415
298,05/08/2023 17:07:58.192298,539,True,True,True,True,Eyes,1.969042,0.07950752,-2.16236,-0.5121161,-0.5764433,-0.6367498,0.0,0.0,0.0,0.0,0.0,0.0,0.0,2.435494,-0.7790644,-0.7395885,1.75291,0.09608967,-2.000908,-0.003744194,0.9421414,-0.2405188,-0.2334661,27.06196,209.4708,6.78771,0.6762783,0.02529482,-0.7362076,-0.3344387,0.005951406,0.3728604,1.448664,-0.5339625,-2.823526,-0.1574819,-0.1422125,1.088755,-0.8909595,0.1052509,0.4417172,-0.1193611,0.8842734,-0.4514572,-0.438115,-0.4549538,-0.7752889,moving,38.80853,42.15424,-8.230413,-7.441811
299,05/08/2023 17:07:58.212059,540,True,True,True,True,Eyes,1.959221,0.07995933,-2.155743,-0.5026318,-0.5765651,-0.6441537,0.0,0.0,0.0,0.0,0.0,0.0,0.0,2.4157,-0.780935,-0.7682128,1.742706,0.0952858,-1.997378,-0.003152214,0.9437764,-0.2387222,-0.2286654,26.8748,208.8286,6.645363,0.6759549,0.02548518,-0.7364983,-0.3437837,0.00712251,0.3707255,1.451317,-0.5363458,-2.823622,-0.1561891,-0.1432848,1.090936,-0.8954043,0.103225,0.433123,-0.115125,0.8860035,-0.4491591,-0.430113,-0.4520423,-0.7814477,moving,37.96484,41.8309,-8.147655,-7.482464
300,05/08/2023 17:07:58.225555,541,True,True,True,True,Eyes,1.949383,0.08034642,-2.14925,-0.4931611,-0.5768748,-0.6511588,0.0,0.0,0.0,0.0,0.0,0.0,0.0,2.396154,-0.7840938,-0.7930777,1.732435,0.09435967,-1.993765,-0.002774062,0.945031,-0.2380017,-0.224196,26.81311,208.2496,6.528622,0.6755905,0.02568511,-0.736826,-0.3526202,0.008050592,0.3683317,1.453907,-0.5386737,-2.823717,-0.1536936,-0.1453515,1.093121,-0.8994569,0.1014749,0.4250647,-0.1119612,0.886695,-0.4485941,-0.4224238,-0.4510818,-0.7861828,moving,37.1388,41.53838,-8.003364,-7.574147
301,05/08/2023 17:07:58.242333,542,True,True,True,True,Eyes,1.939536,0.08066779,-2.142878,-0.4837518,-0.5770847,-0.657995,0.0,0.0,0.0,0.0,0.0,0.0,0.0,2.378672,-0.7845419,-0.8142879,1.72238,0.0932276,-1.990319,-0.002783688,0.9460797,-0.237272,-0.2205162,26.7555,207.7621,6.389855,0.6751851,0.02589146,-0.7371905,-0.3609766,0.008728819,0.3657111,1.453958,-0.5387191,-2.823719,-0.14988,-0.1447523,1.096136,-0.9027296,0.09937745,0.4185728,-0.1099118,0.8873885,-0.4477287,-0.4159308,-0.4501841,-0.7901491,moving,36.32298,41.2519,-7.786044,-7.522771
393,05/08/2023 17:07:59.772286,634,True,True,True,True,Eyes,0.8669665,0.08188111,-1.922235,0.4922219,-0.4476981,-0.7465146,0.0,0.0,0.0,0.0,0.0,0.0,0.0,-0.6052643,-0.7477905,-1.811701,0.596173,0.09876513,-1.96026,0.1181294,0.9408156,-0.1621669,0.2731545,21.69548,149.2077,8.27211,0.4447786,0.03649229,-0.8948966,-0.5798138,0.01147313,-0.03776659,1.453958,-0.5387191,-2.823719,-0.3161477,-0.135997,1.1208,-0.8228644,0.1336827,-0.5522894,0.3108692,0.9194947,-0.2406032,0.4756627,-0.3696735,-0.7981772,moving,-33.39926,30.95186,-15.75234,-6.918406
394,05/08/2023 17:07:59.787832,635,True,True,True,True,Eyes,0.8553997,0.08245864,-1.924336,0.5015625,-0.4444526,-0.7422243,0.0,0.0,0.0,0.0,0.0,0.0,0.0,-0.6360742,-0.7323904,-1.808035,0.5862467,0.09864174,-1.963812,0.1185112,0.9396905,-0.1594531,0.2784092,21.44835,148.5629,8.274,0.4400679,0.03678324,-0.8972105,-0.5799503,0.01263572,-0.04167218,1.453945,-0.5363069,-2.823709,-0.3137763,-0.1344658,1.123981,-0.8168871,0.1339413,-0.5610308,0.3115141,0.9210597,-0.2336839,0.4854429,-0.3656623,-0.7941264,moving,-34.0491,30.91367,-15.59788,-6.822069
395,05/08/2023 17:07:59.812375,636,True,True,True,True,Eyes,0.843896,0.08298628,-1.926485,0.5108597,-0.4411491,-0.7378413,0.0,0.0,0.0,0.0,0.0,0.0,0.0,-0.6658918,-0.7184017,-1.803196,0.5761702,0.09829586,-1.967077,0.1186721,0.938535,-0.1571871,0.2834807,21.24359,147.9351,8.243463,0.4353186,0.0370801,-0.8995123,-0.579854,0.01361015,-0.0454754,1.453933,-0.5339713,-2.823699,-0.3100208,-0.1305871,1.127751,-0.8111115,0.1336368,-0.5694206,0.3118749,0.9224183,-0.2277688,0.4948057,-0.3623338,-0.789862,moving,-34.69759,30.87485,-15.37102,-6.605107
396,05/08/2023 17:07:59.822070,637,True,True,True,True,Eyes,0.8324561,0.08344825,-1.928673,0.519716,-0.4379038,-0.7335773,0.0,0.0,0.0,0.0,0.0,0.0,0.0,-0.6946854,-0.703573,-1.798557,0.5660958,0.09759954,-1.970386,0.1178321,0.9374964,-0.1547516,0.288562,20.98735,147.2867,8.104325,0.4305375,0.037379,-0.9017981,-0.5795736,0.01437647,-0.04919383,1.453922,-0.5317605,-2.82369,-0.3074217,-0.125393,1.131367,-0.8056951,0.1316236,-0.5775211,0.3102452,0.9243351,-0.2221543,0.5045823,-0.3581618,-0.7855679,moving,-35.31635,30.83479,-15.2017,-6.324457
397,05/08/2023 17:07:59.842213,638,True,True,True,True,Eyes,0.8210532,0.08384137,-1.930919,0.528549,-0.4345626,-0.7292402,0.0,0.0,0.0,0.0,0.0,0.0,0.0,-0.7237744,-0.6883446,-1.793356,0.5557387,0.09654913,-1.973734,0.1170956,0.9364029,-0.1523285,0.293657,20.73545,146.6393,7.979859,0.4257307,0.03767562,-0.904065,-0.579119,0.0148998,-0.05280574,1.453909,-0.5293642,-2.82368,-0.3059074,-0.1195648,1.134847,-0.8001084,0.1298326,-0.5856364,0.3087619,0.9261693,-0.2165098,0.5142885,-0.3540536,-0.7811234,moving,-35.93438,30.7912,-15.08599,-6.014363
398,05/08/2023 17:07:59.862268,639,True,True,True,True,Eyes,0.8097098,0.08414547,-1.933204,0.5370505,-0.4311221,-0.725059,0.0,0.0,0.0,0.0,0.0,0.0,0.0,-0.7529547,-0.6693776,-1.789227,0.5451365,0.09524769,-1.977396,0.1166349,0.9354011,-0.1490143,0.2986904,20.39264,146.0086,7.92173,0.4209009,0.037966,-0.9063115,-0.5785806,0.01518515,-0.05637547,1.453897,-0.5270371,-2.823671,-0.3060187,-0.112268,1.137956,-0.7943608,0.1291826,-0.5935511,0.307219,0.9283821,-0.2091008,0.52403,-0.3484516,-0.7771577,moving,-36.52731,30.73583,-15.05187,-5.634434
399,05/08/2023 17:07:59.872270,640,True,True,True,True,Eyes,0.7983782,0.08435299,-1.935547,0.5454943,-0.4275604,-0.7208523,0.0,0.0,0.0,0.0,0.0,0.0,0.0,-0.779377,-0.6462761,-1.787302,0.5343447,0.09353782,-1.981231,0.1158639,0.9347606,-0.1446367,0.3031146,19.91596,145.4533,7.881703,0.4160531,0.03824542,-0.9085355,-0.577896,0.01518635,-0.05984795,1.453885,-0.5246672,-2.823661,-0.3072132,-0.1051878,1.140745,-0.7893941,0.128927,-0.6001955,0.304293,0.9313115,-0.2001613,0.5331627,-0.3406415,-0.7744035,moving,-37.11608,30.67353,-15.07268,-5.268332
400,05/08/2023 17:07:59.897458,641,True,True,True,True,Eyes,0.7870554,0.08446417,-1.937936,0.5536326,-0.4240812,-0.716691,0.0,0.0,0.0,0.0,0.0,0.0,0.0,-0.8054911,-0.6246711,-1.784162,0.5232247,0.09137538,-1.984981,0.115528,0.9340152,-0.1408055,0.3073159,19.51392,144.9324,7.882596,0.4111863,0.03850938,-0.9107372,-0.5772171,0.01489771,-0.06328589,1.453873,-0.5223586,-2.823652,-0.3089145,-0.1005249,1.143279,-0.7844207,0.1292662,-0.6066092,0.3023532,0.9336542,-0.1920217,0.5415413,-0.334036,-0.7714618,moving,-37.68552,30.6137,-15.12028,-5.024915
401,05/08/2023 17:07:59.912408,642,True,True,True,True,Eyes,0.7757332,0.08451702,-1.94038,0.5616999,-0.4206241,-0.7124385,0.0,0.0,0.0,0.0,0.0,0.0,0.0,-0.833981,-0.6054906,-1.778244,0.5119725,0.08918613,-1.988523,0.1153275,0.9329165,-0.1377323,0.3120838,19.20621,144.3399,7.864431,0.4063002,0.0387539,-0.9129172,-0.5765523,0.01433741,-0.0666556,1.453861,-0.5199652,-2.823642,-0.3113798,-0.09658188,1.145304,-0.7786066,0.1292138,-0.6140649,0.3011498,0.9354588,-0.1850017,0.5505276,-0.328969,-0.7672671,moving,-38.25291,30.55762,-15.20967,-4.820267
402,05/08/2023 17:07:59.921925,643,True,True,True,True,Eyes,0.7643843,0.08450117,-1.942914,0.5694485,-0.4172478,-0.7082604,0.0,0.0,0.0,0.0,0.0,0.0,0.0,-0.8620322,-0.5910665,-1.770666,0.5005949,0.08781584,-1.992338,0.1156231,0.9316837,-0.1357056,0.3165139,19.02993,143.7946,7.876124,0.4013928,0.03897761,-0.915076,-0.5759257,0.01363572,-0.06999085,1.453848,-0.5174952,-2.823632,-0.3152113,-0.09460086,1.146465,-0.7729008,0.1295428,-0.6211631,0.3013537,0.9364306,-0.1796768,0.5584002,-0.3260621,-0.7628062,moving,-38.79963,30.50304,-15.37315,-4.717088
403,05/08/2023 17:07:59.942023,644,True,True,True,True,Eyes,0.7530107,0.08441298,-1.945529,0.577223,-0.4137816,-0.7039875,0.0,0.0,0.0,0.0,0.0,0.0,0.0,-0.893949,-0.566033,-1.764529,0.4889299,0.08607128,-1.996657,0.1169125,0.9303441,-0.13131,0.3217906,18.6369,143.1671,8.070457,0.3964589,0.0391787,-0.9172158,-0.5754169,0.01277002,-0.07339278,1.453836,-0.5152721,-2.823622,-0.3197,-0.09379572,1.147539,-0.7655647,0.1330291,-0.6294554,0.3020464,0.9381783,-0.1690843,0.5680483,-0.3195697,-0.7584172,moving,-39.34948,30.44567,-15.56763,-4.672764
404,05/08/2023 17:07:59.962108,645,True,True,True,True,Eyes,0.7415654,0.08427107,-1.948244,0.584713,-0.4104227,-0.6997598,0.0,0.0,0.0,0.0,0.0,0.0,0.0,-0.9267126,-0.5398717,-1.757594,0.4768708,0.08418757,-2.001225,0.1181401,0.9289149,-0.1267515,0.3272526,18.22842,142.5138,8.26419,0.3914948,0.03935533,-0.9193381,-0.5750127,0.01173924,-0.07683199,1.453825,-0.5130137,-2.823613,-0.3243701,-0.09457612,1.147992,-0.7578977,0.1365246,-0.6379285,0.3024437,0.9399539,-0.1581595,0.5780308,-0.3128061,-0.7536799,moving,-39.88183,30.39245,-15.77786,-4.709615
405,05/08/2023 17:07:59.972378,646,True,True,True,True,Eyes,0.7300749,0.08410433,-1.951043,0.5921865,-0.40717,-0.6953615,0.0,0.0,0.0,0.0,0.0,0.0,0.0,-0.95998,-0.5261065,-1.745515,0.4644371,0.08263479,-2.005652,0.1191919,0.927042,-0.1253428,0.3326798,18.1618,141.8508,8.326165,0.3864916,0.03950701,-0.9214462,-0.5748478,0.01060915,-0.08036883,1.453812,-0.5106298,-2.823604,-0.3275361,-0.09570697,1.148601,-0.7502353,0.1375938,-0.646696,0.3043898,0.940165,-0.1530905,0.5869366,-0.3117015,-0.747227,moving,-40.41851,30.35117,-15.91607,-4.763155
406,05/08/2023 17:07:59.992361,647,True,True,True,True,Eyes,0.7184724,0.08392525,-1.953982,0.5995107,-0.4039494,-0.6909499,0.0,0.0,0.0,0.0,0.0,0.0,0.0,-0.9932641,-0.5139286,-1.732664,0.451769,0.08186416,-2.010478,0.1200253,0.9251506,-0.1241518,0.3380483,18.11148,141.1899,8.357295,0.3814442,0.03963481,-0.9235415,-0.5748285,0.009472392,-0.08394309,1.4538,-0.5082544,-2.823594,-0.3303154,-0.0945136,1.149347,-0.7426344,0.1381443,-0.6552938,0.3060214,0.9403605,-0.1485695,0.5956885,-0.3108668,-0.7406192,moving,-40.94692,30.3118,-16.03433,-4.700994
407,05/08/2023 17:08:00.012393,648,True,True,True,True,Eyes,0.7068022,0.08371326,-1.957014,0.6068672,-0.4006838,-0.6864143,0.0,0.0,0.0,0.0,0.0,0.0,0.0,-1.027028,-0.4942163,-1.721119,0.4387718,0.0811225,-2.015486,0.1204412,0.9234248,-0.1210488,0.3436975,17.83937,140.4919,8.410295,0.3763405,0.03974044,-0.9256284,-0.5751464,0.008366802,-0.08772275,1.453787,-0.505634,-2.823583,-0.3308275,-0.09502137,1.150273,-0.7347322,0.1392285,-0.6639159,0.305645,0.9416823,-0.1407682,0.6055989,-0.3063495,-0.7344388,moving,-41.48029,30.27359,-16.04564,-4.722347
408,05/08/2023 17:08:00.032008,649,True,True,True,True,Eyes,0.6950335,0.08347017,-1.960152,0.6139699,-0.3974864,-0.6819426,0.0,0.0,0.0,0.0,0.0,0.0,0.0,-1.059587,-0.475395,-1.709425,0.4253707,0.08008406,-2.020768,0.120259,0.9218135,-0.1181369,0.3490579,17.56304,139.8198,8.397936,0.3711751,0.03982418,-0.9277083,-0.575648,0.00722882,-0.09155565,1.453776,-0.503574,-2.823575,-0.3319923,-0.09110826,1.151825,-0.727393,0.1392395,-0.6719465,0.3041859,0.9431629,-0.1338456,0.6151184,-0.301755,-0.7284048,moving,-41.99749,30.23678,-16.07865,-4.522624
409,05/08/2023 17:08:00.041806,650,True,True,True,True,Eyes,0.683188,0.08322196,-1.963379,0.6209894,-0.3943307,-0.6774035,0.0,0.0,0.0,0.0,0.0,0.0,0.0,-1.089729,-0.464315,-1.69627,0.4115543,0.07903499,-2.026033,0.1198731,0.9202434,-0.1170905,0.3536556,17.47509,139.2347,8.306781,0.3659401,0.03988639,-0.929783,-0.5764154,0.00606582,-0.09547615,1.453764,-0.50126,-2.823565,-0.3323438,-0.08638793,1.153253,-0.7211164,0.1378055,-0.6789705,0.3034444,0.9438405,-0.1307159,0.6228265,-0.3002912,-0.7224351,moving,-42.51212,30.20458,-16.07589,-4.283913
410,05/08/2023 17:08:00.063289,651,True,True,True,True,Eyes,0.6712932,0.08299039,-1.966704,0.6277298,-0.3911974,-0.6729932,0.0,0.0,0.0,0.0,0.0,0.0,0.0,-1.116168,-0.455213,-1.684652,0.3977919,0.07866073,-2.031423,0.1191675,0.919042,-0.1161641,0.3573051,17.3782,138.7643,8.194498,0.3606314,0.0399288,-0.9318531,-0.577367,0.004957245,-0.09943071,1.453752,-0.4988749,-2.823555,-0.3332028,-0.08541715,1.154144,-0.7162645,0.1360278,-0.6844428,0.3020519,0.94461,-0.128361,0.6290709,-0.2986777,-0.717678,moving,-43.00699,30.16857,-16.1035,-4.232694
411,05/08/2023 17:08:00.078624,652,True,True,True,True,Eyes,0.6593229,0.08283795,-1.97012,0.6343055,-0.3882908,-0.668496,0.0,0.0,0.0,0.0,0.0,0.0,0.0,-1.139796,-0.4435777,-1.675384,0.3842553,0.0789254,-2.036891,0.1188729,0.9181666,-0.114384,0.3602161,17.19874,138.3965,8.177769,0.3552482,0.0399541,-0.9339175,-0.5784093,0.003965118,-0.1034387,1.45374,-0.4965362,-2.823546,-0.3349833,-0.08336917,1.154408,-0.7122273,0.1358844,-0.6886711,0.3006962,0.9455711,-0.1244073,0.6342825,-0.295687,-0.7143215,moving,-43.49669,30.14984,-16.18155,-4.130623
412,05/08/2023 17:08:00.091923,653,True,True,True,True,Eyes,0.6472628,0.08270293,-1.973636,0.6409734,-0.3851087,-0.6639611,0.0,0.0,0.0,0.0,0.0,0.0,0.0,-1.169188,-0.4310753,-1.662135,0.3703956,0.08064318,-2.042504,0.1230985,0.9163353,-0.1132211,0.3638096,17.28146,138.0045,8.626233,0.3497868,0.03996835,-0.935976,-0.5796155,0.003269872,-0.1074795,1.453727,-0.494195,-2.823536,-0.3376167,-0.07946163,1.154557,-0.7049786,0.1432171,-0.6946177,0.3079808,0.9440555,-0.1179282,0.6388683,-0.2970659,-0.709647,moving,-43.99079,30.11447,-16.30003,-3.937137
413,05/08/2023 17:08:00.112292,654,True,True,True,True,Eyes,0.6351076,0.0826228,-1.977231,0.6472883,-0.3824658,-0.6593465,0.0,0.0,0.0,0.0,0.0,0.0,0.0,-1.207853,-0.3992149,-1.647033,0.3561709,0.08079212,-2.048808,0.1230712,0.9142257,-0.1071279,0.3709023,16.68879,137.1196,8.740678,0.3442428,0.03997342,-0.9380291,-0.5810189,0.002668622,-0.1115794,1.453716,-0.4919418,-2.823527,-0.3402734,-0.07526314,1.154451,-0.6945699,0.1455617,-0.7045454,0.3044977,0.9467542,-0.1045834,0.6518081,-0.287173,-0.7019101,moving,-44.47127,30.11665,-16.42284,-3.730057
414,05/08/2023 17:08:00.122289,655,True,True,True,True,Eyes,0.6228595,0.0826651,-1.980966,0.6532849,-0.3802815,-0.6546792,0.0,0.0,0.0,0.0,0.0,0.0,0.0,-1.227452,-0.4239663,-1.630154,0.34173,0.08216345,-2.054326,0.1228085,0.9129738,-0.1142173,0.3719563,17.45241,136.9577,8.394897,0.3386122,0.03997318,-0.9400762,-0.5826235,0.002268111,-0.115671,1.453703,-0.4895405,-2.823517,-0.3426201,-0.07164049,1.154241,-0.6931334,0.1392743,-0.7072264,0.3092096,0.943745,-0.117196,0.6511189,-0.2999136,-0.6972061,moving,-44.93892,30.15089,-16.53278,-3.551632
415,05/08/2023 17:08:00.142191,656,True,True,True,True,Eyes,0.6105564,0.08277537,-1.984819,0.6594317,-0.3776686,-0.6500124,0.0,0.0,0.0,0.0,0.0,0.0,0.0,-1.258262,-0.4198938,-1.613152,0.3276802,0.08505548,-2.06087,0.1289155,0.910565,-0.1156385,0.3753401,17.90063,136.6082,8.945305,0.3328901,0.03997492,-0.9421176,-0.5844104,0.002258938,-0.1199345,1.453691,-0.4872459,-2.823508,-0.344977,-0.06805572,1.154253,-0.6850015,0.1479643,-0.7133582,0.3215794,0.940017,-0.1138184,0.6537278,-0.3073671,-0.6914954,moving,-45.41214,30.15734,-16.64007,-3.3743
416,05/08/2023 17:08:00.162571,657,True,True,True,True,Eyes,0.2996465,0.0870413,-2.084281,0.7962868,-0.315793,-0.5159478,0.0,0.0,0.0,0.0,0.0,0.0,0.0,-1.2888,-0.3797708,-1.604889,0.3139243,0.08664633,-2.06757,0.1291195,0.9094628,-0.1068661,0.3805065,17.01626,135.9776,9.239479,0.3270773,0.03998201,-0.944151,-0.5862551,0.002454207,-0.1242984,1.453679,-0.4847853,-2.823498,-0.3487204,-0.06161642,1.154088,-0.6770859,0.1535323,-0.7197101,0.3161852,0.9438156,-0.09611981,0.6645162,-0.292643,-0.6875889,moving,-57.0591,31.4693,-16.81277,-3.056105
417,05/08/2023 17:08:00.172915,658,True,True,True,True,Eyes,0.2990988,0.08719138,-2.084571,0.79629,-0.3161962,-0.5156958,0.0,0.0,0.0,0.0,0.0,0.0,0.0,-1.317746,-0.3944026,-1.58292,0.2989306,0.08820578,-2.073766,0.1309526,0.9071489,-0.1124468,0.3837813,17.72967,135.5654,9.138432,0.218964,0.04108518,-0.9748672,-1.483809,0.01510476,-0.4152262,1.453667,-0.4824417,-2.823488,-0.3530865,-0.05677336,1.153558,-0.6711266,0.151277,-0.7257439,0.3238969,0.9404142,-0.1034977,0.6668432,-0.3045263,-0.6801351,moving,-57.07198,31.51433,-17.01855,-2.817589
418,05/08/2023 17:08:00.192066,659,True,True,True,True,Eyes,0.2980304,0.0874153,-2.085175,0.7967964,-0.3157011,-0.5152167,0.0,0.0,0.0,0.0,0.0,0.0,0.0,-1.345486,-0.3981764,-1.565747,0.2851788,0.091997,-2.081022,0.1356152,0.9049647,-0.1154105,0.3864295,18.28213,135.2815,9.471946,0.1332197,0.04158323,-0.9902135,-1.394781,0.01419847,-0.3903126,1.453655,-0.4802089,-2.823479,-0.3564866,-0.05522612,1.153059,-0.6645616,0.156258,-0.730713,0.33465,0.9365779,-0.1040734,0.6681073,-0.3136963,-0.6747054,moving,-57.11288,31.49805,-17.17982,-2.742103
419,05/08/2023 17:08:00.212278,660,True,True,True,True,Eyes,0.2964472,0.08763571,-2.086025,0.7974616,-0.3152065,-0.5144899,0.0,0.0,0.0,0.0,0.0,0.0,0.0,-1.378387,-0.3490018,-1.556801,0.2717789,0.09369574,-2.088716,0.1344917,0.9037732,-0.1041192,0.3927663,17.08846,134.485,9.715806,0.0684202,0.0417532,-0.9967822,-1.311094,0.01334656,-0.3668939,1.453643,-0.4778654,-2.823469,-0.3585989,-0.05065009,1.153067,-0.6552936,0.1613109,-0.7379496,0.3248889,0.9421424,-0.08255268,0.6819369,-0.2938478,-0.6697879,moving,-57.17153,31.49406,-17.27547,-2.51518
420,05/08/2023 17:08:00.222174,661,True,True,True,True,Eyes,0.2944128,0.08791004,-2.087147,0.7983093,-0.314858,-0.5133874,0.0,0.0,0.0,0.0,0.0,0.0,0.0,-1.404583,-0.3445467,-1.541027,0.2577568,0.09385706,-2.095491,0.1334417,0.9023271,-0.1042861,0.3963882,17.09697,134.0034,9.523493,0.02171549,0.04177159,-0.9988908,-1.232428,0.01254577,-0.3448803,1.45363,-0.475455,-2.82346,-0.3598501,-0.04598871,1.153383,-0.6501395,0.1581404,-0.7431759,0.3234916,0.9426354,-0.08241104,0.6875114,-0.2939898,-0.6640016,moving,-57.2552,31.52059,-17.32768,-2.283339
421,05/08/2023 17:08:00.242094,662,True,True,True,True,Eyes,0.2919751,0.08825863,-2.088532,0.7994188,-0.3142356,-0.5120405,0.0,0.0,0.0,0.0,0.0,0.0,0.0,-1.435277,-0.3480242,-1.52003,0.2448652,0.09544477,-2.10299,0.1349679,0.8998343,-0.1070784,0.4007695,17.51093,133.4487,9.479945,-0.01017876,0.04174143,-0.9990762,-1.158483,0.01179302,-0.3241874,1.453619,-0.4731974,-2.82345,-0.3617002,-0.04343274,1.153454,-0.6423349,0.15707,-0.7501565,0.328725,0.9406357,-0.08452355,0.6923479,-0.3008876,-0.6558359,moving,-57.35979,31.53715,-17.41038,-2.156425
422,05/08/2023 17:08:00.261778,663,True,True,True,True,Eyes,0.2891673,0.08860397,-2.090137,0.8008363,-0.3133458,-0.5103682,0.0,0.0,0.0,0.0,0.0,0.0,0.0,-1.46369,-0.3299016,-1.505834,0.2326228,0.0975237,-2.110719,0.1334955,0.8983517,-0.1031642,0.4055866,17.07621,132.8184,9.402553,-0.0303932,0.041716,-0.9986668,-1.088974,0.01108544,-0.3047362,1.453607,-0.4708903,-2.823441,-0.3640487,-0.03764459,1.153754,-0.635357,0.1561678,-0.7562627,0.3235359,0.9430722,-0.07706752,0.7011749,-0.2936435,-0.6497133,moving,-57.49088,31.54827,-17.51225,-1.868778
423,05/08/2023 17:08:00.273448,664,True,True,True,True,Eyes,0.2859703,0.08894974,-2.091954,0.8022122,-0.3128215,-0.5085255,0.0,0.0,0.0,0.0,0.0,0.0,0.0,-1.489054,-0.3258233,-1.490541,0.2202749,0.09791992,-2.118264,0.1307211,0.8970314,-0.1026082,0.4095344,16.92712,132.2718,9.049828,-0.04164143,0.04171513,-0.998261,-1.023635,0.01042031,-0.286452,1.453595,-0.4685827,-2.823431,-0.3647369,-0.03426793,1.154395,-0.6303874,0.1504788,-0.7615564,0.3185651,0.9447671,-0.07701585,0.7079043,-0.2911551,-0.6435065,moving,-57.62923,31.59792,-17.53419,-1.700312
424,05/08/2023 17:08:00.292343,665,True,True,True,True,Eyes,0.2824259,0.08931613,-2.093987,0.8036054,-0.3124841,-0.5065295,0.0,0.0,0.0,0.0,0.0,0.0,0.0,-1.509796,-0.3448872,-1.473345,0.2077097,0.09840262,-2.125171,0.1299536,0.8955919,-0.108367,0.4114411,17.52019,131.9883,8.660708,-0.04615727,0.04174277,-0.9980613,-0.9622172,0.009795096,-0.2692649,1.453583,-0.4662548,-2.823422,-0.3633942,-0.03052559,1.155802,-0.6276562,0.1435975,-0.765132,0.3219441,0.9427373,-0.08716873,0.7088013,-0.3010418,-0.6379454,moving,-57.77591,31.67093,-17.4536,-1.512872
425,05/08/2023 17:08:00.312194,666,True,True,True,True,Eyes,0.2785644,0.08970695,-2.096223,0.8050167,-0.312268,-0.5044172,0.0,0.0,0.0,0.0,0.0,0.0,0.0,-1.53082,-0.3511655,-1.458929,0.1957968,0.09930745,-2.13237,0.1309096,0.8941501,-0.1113709,0.4134668,17.90371,131.7216,8.582664,-0.04572491,0.04179644,-0.9980781,-0.9044841,0.00920739,-0.253109,1.45357,-0.4638183,-2.823412,-0.3612989,-0.02452913,1.157507,-0.6238156,0.1420093,-0.7685618,0.326202,0.9409183,-0.09091106,0.7102437,-0.3074182,-0.6332833,moving,-57.92906,31.76028,-17.33499,-1.213993
426,05/08/2023 17:08:00.321954,667,True,True,True,True,Eyes,0.274431,0.09010252,-2.098647,0.8066096,-0.3119491,-0.5020645,0.0,0.0,0.0,0.0,0.0,0.0,0.0,-1.552643,-0.3452448,-1.446191,0.1842639,0.1002891,-2.139474,0.1326827,0.8927076,-0.1116206,0.4159439,18.03912,131.4207,8.71294,-0.04174559,0.0418713,-0.9982494,-0.850215,0.008654946,-0.2379224,1.453558,-0.4614359,-2.823402,-0.3652807,-0.01442,1.157632,-0.618772,0.1440379,-0.7722528,0.3297495,0.9398723,-0.08891199,0.7130123,-0.3096662,-0.6290631,moving,-58.1003,31.85404,-17.51264,-0.7136659
427,05/08/2023 17:08:00.342127,668,True,True,True,True,Eyes,0.2700213,0.09048039,-2.101274,0.8083823,-0.3116009,-0.4994226,0.0,0.0,0.0,0.0,0.0,0.0,0.0,-1.58023,-0.3332089,-1.428736,0.1730747,0.1008607,-2.146931,0.1343191,0.8905084,-0.110725,0.4203489,18.06676,130.8708,8.842408,-0.03530752,0.04196129,-0.9984941,-0.7992021,0.008135649,-0.2236471,1.453547,-0.4592343,-2.823393,-0.3670361,-0.01235834,1.159444,-0.6105301,0.1461383,-0.7783934,0.3323109,0.9393966,-0.08428127,0.7189035,-0.3101249,-0.6220933,moving,-58.29203,31.96096,-17.56582,-0.610684
428,05/08/2023 17:08:00.361983,669,True,True,True,True,Eyes,0.2653653,0.09086305,-2.104101,0.8103923,-0.3111375,-0.4964452,0.0,0.0,0.0,0.0,0.0,0.0,0.0,-1.609439,-0.3224147,-1.408535,0.1619178,0.100813,-2.154491,0.1341632,0.8881523,-0.1097438,0.4256081,18.00743,130.1832,8.763842,-0.02725197,0.04206015,-0.9987424,-0.75125,0.007647511,-0.2102283,1.453534,-0.4568932,-2.823384,-0.3677984,-0.02409995,1.160383,-0.6017163,0.144899,-0.7854568,0.3317304,0.9399131,-0.08073655,0.7265624,-0.3091403,-0.6136283,moving,-58.50843,32.07664,-17.58669,-1.189803
429,05/08/2023 17:08:00.373945,670,True,True,True,True,Eyes,0.2604984,0.09127926,-2.107118,0.8125246,-0.3107081,-0.4932183,0.0,0.0,0.0,0.0,0.0,0.0,0.0,-1.636545,-0.3218637,-1.387815,0.1512035,0.1013277,-2.162123,0.1332136,0.8859189,-0.1107751,0.4302682,18.11413,129.5502,8.513597,-0.0182232,0.04216397,-0.9989437,-0.706175,0.00718866,-0.1976146,1.453522,-0.4545757,-2.823374,-0.3727044,0.007025242,1.16341,-0.5942467,0.1407069,-0.7918789,0.331359,0.939966,-0.08164038,0.7328519,-0.3109107,-0.6051962,moving,-58.74144,32.20932,-17.76312,0.3459758
430,05/08/2023 17:08:00.392077,671,True,True,True,True,Eyes,0.2554647,0.09171884,-2.110304,0.8150908,-0.3097691,-0.4895609,0.0,0.0,0.0,0.0,0.0,0.0,0.0,-1.663471,-0.3176205,-1.367558,0.1411738,0.1025697,-2.169743,0.1328979,0.8836266,-0.1109136,0.4350181,18.15799,128.9173,8.373011,-0.008710543,0.04227131,-0.9990674,-0.6638045,0.00675734,-0.1857577,1.45351,-0.452239,-2.823364,-0.3751081,0.005774796,1.164496,-0.5861952,0.1383654,-0.7982672,0.3313631,0.9400727,-0.08038636,0.7393066,-0.3116384,-0.5969152,moving,-59.01007,32.32354,-17.85482,0.2841305
431,05/08/2023 17:08:00.411887,672,True,True,True,True,Eyes,0.25025,0.09215877,-2.11367,0.8179365,-0.3087244,-0.4854577,0.0,0.0,0.0,0.0,0.0,0.0,0.0,-1.696844,-0.3000675,-1.341825,0.13156,0.1035851,-2.177562,0.1309321,0.8806369,-0.1073981,0.4424943,17.76003,127.9243,8.183566,0.0009193951,0.04238115,-0.9991003,-0.6239762,0.0063519,-0.1746123,1.453498,-0.4498757,-2.823355,-0.3789423,-0.001677305,1.166614,-0.5741113,0.1355612,-0.8074773,0.3256534,0.9426448,-0.07328404,0.7512299,-0.3050309,-0.5853291,moving,-59.31023,32.45412,-17.99496,-0.0823772
432,05/08/2023 17:08:00.422005,673,True,True,True,True,Eyes,0.2448806,0.09258255,-2.117202,0.8209426,-0.3076347,-0.4810552,0.0,0.0,0.0,0.0,0.0,0.0,0.0,-1.730288,-0.3021037,-1.310346,0.1219945,0.1040825,-2.185509,0.126604,0.8773223,-0.1079406,0.4501398,17.66051,126.8491,7.536008,0.01039328,0.04249204,-0.9990419,-0.5865377,0.005970786,-0.1641355,1.453486,-0.4474477,-2.823345,-0.3770097,0.02129027,1.171221,-0.562691,0.1249683,-0.8171667,0.3193218,0.9446405,-0.07541844,0.7625038,-0.3033765,-0.5714459,moving,-59.63059,32.5989,-17.84308,1.041399
433,05/08/2023 17:08:00.442134,674,True,True,True,True,Eyes,0.2393637,0.09301762,-2.12091,0.8240272,-0.3066612,-0.4763802,0.0,0.0,0.0,0.0,0.0,0.0,0.0,-1.760672,-0.3194309,-1.27789,0.1124724,0.1042584,-2.193509,0.1223897,0.8739968,-0.112284,0.456665,17.94198,125.8883,6.723473,0.01951282,0.04260236,-0.9989007,-0.5513454,0.005612539,-0.1542874,1.453474,-0.4452059,-2.823336,-0.3739493,0.03405124,1.176734,-0.5529559,0.111384,-0.8257323,0.3164887,0.9448262,-0.08448952,0.7707627,-0.3080539,-0.557699,moving,-59.96727,32.77068,-17.62951,1.657509
434,05/08/2023 17:08:00.462027,675,True,True,True,True,Eyes,0.2337261,0.09348548,-2.124782,0.8270628,-0.3056252,-0.4717631,0.0,0.0,0.0,0.0,0.0,0.0,0.0,-1.786365,-0.3320235,-1.251422,0.1031852,0.1050389,-2.201298,0.1195374,0.8713125,-0.1155545,0.4617065,18.16476,125.1442,6.13857,0.02813745,0.04271223,-0.9986903,-0.5182647,0.005275786,-0.1450301,1.453462,-0.4428905,-2.823326,-0.3721507,0.04676557,1.181942,-0.5450763,0.1016043,-0.8322072,0.3150134,0.944716,-0.09098582,0.7769548,-0.3117505,-0.546949,moving,-60.29922,32.93663,-17.47733,2.265824
435,05/08/2023 17:08:00.474090,676,True,True,True,True,Eyes,0.2279769,0.09397793,-2.128812,0.830186,-0.3045033,-0.4669785,0.0,0.0,0.0,0.0,0.0,0.0,0.0,-1.810057,-0.3352683,-1.229726,0.09445091,0.1063177,-2.209234,0.1179431,0.869023,-0.1166944,0.4661232,18.22638,124.5172,5.813131,0.03617226,0.04282301,-0.9984269,-0.4871688,0.004959239,-0.1363283,1.453449,-0.4404611,-2.823316,-0.3717093,0.05536464,1.186706,-0.5376369,0.09620266,-0.8376701,0.3137785,0.9449437,-0.09286811,0.782617,-0.3127722,-0.5382231,moving,-60.64231,33.10722,-17.39202,2.671144
436,05/08/2023 17:08:00.492175,677,True,True,True,True,Eyes,0.2221426,0.09447905,-2.132971,0.8332655,-0.3032266,-0.462301,0.0,0.0,0.0,0.0,0.0,0.0,0.0,-1.833281,-0.3315596,-1.209802,0.0859344,0.1073981,-2.217104,0.1160842,0.8669363,-0.1158985,0.4706523,18.07271,123.8913,5.564332,0.04320677,0.04293559,-0.9981424,-0.4579387,0.004661685,-0.1281486,1.453438,-0.4381912,-2.823307,-0.3729591,0.04597151,1.190979,-0.5300218,0.0921795,-0.842959,0.310371,0.946184,-0.09168252,0.7891431,-0.3102237,-0.530108,moving,-60.97821,33.26116,-17.38813,2.210507
437,05/08/2023 17:08:00.511974,678,True,True,True,True,Eyes,0.2162224,0.09498803,-2.137294,0.8363725,-0.3019724,-0.4574863,0.0,0.0,0.0,0.0,0.0,0.0,0.0,-1.856485,-0.3267184,-1.189649,0.07754921,0.1081507,-2.225047,0.1150439,0.8647205,-0.1152828,0.475114,17.98047,123.2815,5.394224,0.0492454,0.04305052,-0.9978577,-0.4304624,0.004381984,-0.1204597,1.453426,-0.4358271,-2.823297,-0.3742265,0.02809536,1.195192,-0.5220634,0.08941678,-0.8482067,0.3085066,0.9469496,-0.0900568,0.7951564,-0.3086927,-0.5219534,moving,-61.32183,33.42755,-17.38586,1.346604
438,05/08/2023 17:08:00.522139,679,True,True,True,True,Eyes,0.2102374,0.09551691,-2.141781,0.8394841,-0.3005798,-0.4526789,0.0,0.0,0.0,0.0,0.0,0.0,0.0,-1.878889,-0.3192021,-1.171478,0.06949863,0.1088433,-2.233337,0.1151999,0.8625852,-0.1145125,0.4791272,17.93539,122.7473,5.368074,0.05438446,0.04316808,-0.9975858,-0.4046347,0.004119065,-0.1132321,1.453414,-0.4335247,-2.823288,-0.3758809,0.02060968,1.19925,-0.5143325,0.08900727,-0.8529596,0.3084715,0.9472317,-0.08716278,0.8001924,-0.3079443,-0.5146483,moving,-61.66492,33.58425,-17.40255,0.9845581
439,05/08/2023 17:08:00.542169,680,True,True,True,True,Eyes,0.2042083,0.0960595,-2.146439,0.8426659,-0.2990697,-0.4477405,0.0,0.0,0.0,0.0,0.0,0.0,0.0,-1.901233,-0.3084221,-1.154148,0.06181896,0.1098199,-2.241872,0.1159001,0.8604553,-0.1130961,0.483108,17.85522,122.23,5.436453,0.05871126,0.04328895,-0.9973353,-0.3803566,0.003871921,-0.1064382,1.453401,-0.4311742,-2.823278,-0.3771385,0.02840638,1.203193,-0.5063478,0.09017839,-0.8576012,0.3087289,0.9475529,-0.08264375,0.8051699,-0.3066128,-0.507632,moving,-62.01659,33.74107,-17.4035,1.352454
440,05/08/2023 17:08:00.561770,681,True,True,True,True,Eyes,0.1981486,0.09658649,-2.151275,0.8459212,-0.29725,-0.4427865,0.0,0.0,0.0,0.0,0.0,0.0,0.0,-1.923727,-0.2945222,-1.137273,0.05464963,0.1106506,-2.250695,0.1155005,0.8584179,-0.1103074,0.4874533,17.57668,121.665,5.462863,0.0623059,0.04341337,-0.9971117,-0.3575352,0.003639606,-0.1000519,1.453389,-0.4288315,-2.823269,-0.3773093,0.035602,1.20778,-0.4980979,0.09075598,-0.8623582,0.3058349,0.9489838,-0.07677754,0.8113959,-0.3019819,-0.5004432,moving,-62.37077,33.87413,-17.34875,1.688432
441,05/08/2023 17:08:00.574403,682,True,True,True,True,Eyes,0.1920748,0.09708197,-2.156293,0.8492576,-0.2953149,-0.437665,0.0,0.0,0.0,0.0,0.0,0.0,0.0,-1.946813,-0.2806905,-1.119129,0.04773036,0.1107417,-2.259818,0.1145167,0.85623,-0.1074275,0.4921541,17.2586,121.0447,5.429667,0.06524082,0.04354009,-0.9969184,-0.3360831,0.003421229,-0.09404879,1.453377,-0.4264735,-2.823259,-0.3758647,0.03636271,1.212628,-0.4893409,0.09036341,-0.8673987,0.301847,0.9506905,-0.07124563,0.8181897,-0.296685,-0.4924876,moving,-62.73568,34.00955,-17.22128,1.717596
442,05/08/2023 17:08:00.592375,683,True,True,True,True,Eyes,0.1859911,0.09752926,-2.161499,0.8525709,-0.2932273,-0.4325975,0.0,0.0,0.0,0.0,0.0,0.0,0.0,-1.969678,-0.2708349,-1.100244,0.04123055,0.1104507,-2.269278,0.1129927,0.8539739,-0.105316,0.4968601,16.98715,120.4084,5.299435,0.06758196,0.04366716,-0.9967569,-0.3159181,0.003215956,-0.08840586,1.453365,-0.4241695,-2.82325,-0.3721265,0.03687972,1.218255,-0.4807256,0.0883311,-0.8724109,0.2976403,0.9522824,-0.06759098,0.8248112,-0.2921573,-0.4840774,moving,-63.0966,34.13057,-16.98574,1.733961
443,05/08/2023 17:08:00.616409,684,True,True,True,True,Eyes,0.1799213,0.0979082,-2.166886,0.8558875,-0.2911066,-0.42745,0.0,0.0,0.0,0.0,0.0,0.0,0.0,-1.990972,-0.2676471,-1.082078,0.03489377,0.1096998,-2.278868,0.1105879,0.8519243,-0.1043985,0.5010952,16.7807,119.8137,5.021233,0.06938889,0.04379204,-0.9966273,-0.296963,0.003022998,-0.08310151,1.453353,-0.4217767,-2.82324,-0.3666162,0.03375155,1.223943,-0.473348,0.08379781,-0.8768809,0.2930522,0.9537426,-0.0670491,0.8307,-0.2887094,-0.4760092,moving,-63.4614,34.25607,-16.6749,1.579593
444,05/08/2023 17:08:00.622200,685,True,True,True,True,Eyes,0.1738818,0.09820663,-2.172421,0.8590896,-0.2889653,-0.4224502,0.0,0.0,0.0,0.0,0.0,0.0,0.0,-2.009845,-0.2679093,-1.067378,0.02910055,0.1084407,-2.288655,0.1083075,0.8502589,-0.1043253,0.5044261,16.65889,119.3342,4.725838,0.07071667,0.04391149,-0.9965287,-0.2791452,0.002841618,-0.07811542,1.45334,-0.4193822,-2.82323,-0.3596589,0.03024295,1.230049,-0.4676478,0.07893,-0.8803838,0.2894275,0.9547715,-0.06814077,0.8351869,-0.2866732,-0.4693413,moving,-63.81473,34.373,-16.2986,1.408435
445,05/08/2023 17:08:00.652005,686,True,True,True,True,Eyes,0.1678719,0.0984102,-2.178126,0.862236,-0.2868357,-0.4174618,0.0,0.0,0.0,0.0,0.0,0.0,0.0,-2.026867,-0.2680624,-1.055746,0.02338085,0.1068497,-2.298409,0.1062751,0.8489577,-0.1042836,0.5070516,16.54921,118.9536,4.468994,0.07161552,0.04402211,-0.9964597,-0.2623965,0.002671121,-0.0734285,1.453328,-0.4170549,-2.82322,-0.3494157,0.02941,1.236892,-0.4632085,0.0746918,-0.8830963,0.2862005,0.9556611,-0.06929082,0.8387653,-0.2848387,-0.4640471,moving,-64.16551,34.49274,-15.77471,1.362085
446,05/08/2023 17:08:00.661789,687,True,True,True,True,Eyes,0.1618897,0.09851976,-2.18402,0.8652754,-0.2847687,-0.4125594,0.0,0.0,0.0,0.0,0.0,0.0,0.0,-2.043315,-0.2676229,-1.045349,0.01801556,0.1048141,-2.30829,0.1045614,0.8477315,-0.1043005,0.5094503,16.46176,118.6064,4.246248,0.07212942,0.04411991,-0.9964183,-0.2466527,0.002510854,-0.06902279,1.453317,-0.4147942,-2.823211,-0.3379302,0.02621749,1.24389,-0.4590546,0.07100809,-0.8855658,0.2835519,0.9563766,-0.07030001,0.8419425,-0.2833754,-0.4591635,moving,-64.50841,34.61534,-15.19883,1.207445
447,05/08/2023 17:08:00.677256,688,True,True,True,True,Eyes,0.1559625,0.09853011,-2.190084,0.8682545,-0.2827287,-0.4076745,0.0,0.0,0.0,0.0,0.0,0.0,0.0,-2.058901,-0.2669247,-1.036498,0.01293186,0.1025966,-2.31818,0.1034166,0.8466207,-0.1045438,0.5114774,16.42789,118.3128,4.075267,0.07230119,0.04420196,-0.9964021,-0.2318535,0.002360203,-0.06488142,1.453304,-0.4124298,-2.823201,-0.3268776,0.02336243,1.250636,-0.4553916,0.06816565,-0.8876776,0.2820527,0.9567512,-0.07122735,0.8444313,-0.2828083,-0.4549228,moving,-64.84838,34.74192,-14.64767,1.070186
448,05/08/2023 17:08:00.692123,689,True,True,True,True,Eyes,0.1500959,0.09841205,-2.196307,0.8711184,-0.2807048,-0.402936,0.0,0.0,0.0,0.0,0.0,0.0,0.0,-2.074508,-0.2642474,-1.028598,0.008288726,0.1002259,-2.32837,0.1025271,0.8455359,-0.1044185,0.5134725,16.37178,118.0304,3.953346,0.07216725,0.0442648,-0.9964089,-0.2179423,0.00221859,-0.06098854,1.453292,-0.4101039,-2.823192,-0.3185372,0.02088121,1.256416,-0.4516686,0.06614868,-0.8897303,0.2806128,0.95717,-0.07128947,0.8469075,-0.2818689,-0.4508858,moving,-65.17709,34.86295,-14.22636,0.9521484
449,05/08/2023 17:08:00.712215,690,True,True,True,True,Eyes,0.1442782,0.09818071,-2.202702,0.8738577,-0.2788408,-0.3982718,0.0,0.0,0.0,0.0,0.0,0.0,0.0,-2.08933,-0.2527938,-1.024717,0.003646541,0.09703653,-2.338764,0.102475,0.8448062,-0.102666,0.5150352,16.20185,117.836,4.024146,0.07176182,0.04430423,-0.9964358,-0.2048658,0.002085475,-0.05732923,1.453281,-0.4078428,-2.823183,-0.3124843,0.02166399,1.261637,-0.4484756,0.06738978,-0.8912512,0.2788961,0.9579172,-0.06790929,0.8491685,-0.2790221,-0.4483972,moving,-65.49826,34.9969,-13.91115,0.9837483
450,05/08/2023 17:08:00.722204,691,True,True,True,True,Eyes,0.1385188,0.09785654,-2.209286,0.8764509,-0.2772212,-0.3936777,0.0,0.0,0.0,0.0,0.0,0.0,0.0,-2.103791,-0.2457146,-1.020714,-0.001014567,0.09409559,-2.349322,0.1038941,0.843949,-0.1028581,0.5161166,16.31136,117.697,4.134082,0.07111581,0.04431725,-0.9964817,-0.1925738,0.001960346,-0.05388947,1.453268,-0.4054331,-2.823173,-0.3089201,0.02304688,1.266143,-0.4456594,0.06918906,-0.8925249,0.2815362,0.9572524,-0.06637107,0.8497795,-0.280857,-0.4460877,moving,-65.81169,35.15256,-13.71144,1.042808
451,05/08/2023 17:08:00.742116,692,True,True,True,True,Eyes,0.1328418,0.09745758,-2.216062,0.878986,-0.2755584,-0.3891672,0.0,0.0,0.0,0.0,0.0,0.0,0.0,-2.118012,-0.2314887,-1.019544,-0.0052782,0.09153166,-2.360217,0.1066406,0.8432283,-0.1019139,0.5169212,16.38695,117.6227,4.452669,0.07025638,0.04430201,-0.9965434,-0.1810194,0.001842726,-0.0506561,1.453256,-0.4031444,-2.823164,-0.3053283,0.02163732,1.270758,-0.4428408,0.07448183,-0.8935015,0.2852077,0.9564826,-0.06162383,0.8500289,-0.282123,-0.4448124,moving,-66.11884,35.30124,-13.5105,0.9754866
452,05/08/2023 17:08:00.761894,693,True,True,True,True,Eyes,0.12724,0.09698614,-2.223071,0.8815182,-0.2737574,-0.3846849,0.0,0.0,0.0,0.0,0.0,0.0,0.0,-2.133708,-0.2051653,-1.01874,-0.009012288,0.08927288,-2.37162,0.1091952,0.8424403,-0.09780879,0.5184634,16.14228,117.4808,4.930591,0.06920937,0.04425772,-0.9966187,-0.1701582,0.001732162,-0.04761674,1.453244,-0.400795,-2.823154,-0.3008047,0.01794153,1.275246,-0.4385441,0.08256026,-0.8949091,0.2854013,0.9570197,-0.05156874,0.8521883,-0.2780235,-0.4432581,moving,-66.42407,35.4372,-13.27231,0.8060454
453,05/08/2023 17:08:00.775336,694,True,True,True,True,Eyes,0.1217388,0.09644447,-2.230301,0.8840083,-0.2719753,-0.3802088,0.0,0.0,0.0,0.0,0.0,0.0,0.0,-2.15133,-0.1764534,-1.014674,-0.0125367,0.08692349,-2.383528,0.1118024,0.8411825,-0.09335421,0.5207663,15.87274,117.2339,5.420396,0.06799792,0.04418371,-0.9967056,-0.1599487,0.001628232,-0.04475973,1.453232,-0.3984773,-2.823144,-0.2951541,0.01683435,1.280224,-0.4326055,0.09086097,-0.8969933,0.2853239,0.9575705,-0.04060998,0.8552443,-0.2735017,-0.4401751,moving,-66.72763,35.57733,-12.98263,0.7533696
454,05/08/2023 17:08:00.792282,695,True,True,True,True,Eyes,0.1163496,0.095842,-2.237743,0.8865116,-0.2700566,-0.3757215,0.0,0.0,0.0,0.0,0.0,0.0,0.0,-2.169218,-0.1498516,-1.010324,-0.0156736,0.08463601,-2.396102,0.1147779,0.8397854,-0.08969639,0.5230116,15.70662,116.9859,5.899922,0.06664424,0.04407957,-0.9968017,-0.1503518,0.001530538,-0.04207415,1.45322,-0.3961308,-2.823135,-0.2923835,0.01516922,1.284196,-0.4265697,0.098953,-0.8990253,0.286602,0.9575612,-0.03059113,0.8578447,-0.2707117,-0.4368267,moving,-67.03179,35.70737,-12.82635,0.6767592
455,05/08/2023 17:08:00.811864,696,True,True,True,True,Eyes,0.1110719,0.09518544,-2.245425,0.8890053,-0.268131,-0.3711811,0.0,0.0,0.0,0.0,0.0,0.0,0.0,-2.187792,-0.1212124,-1.004837,-0.01863538,0.08255548,-2.409079,0.1180083,0.8381788,-0.08576024,0.5255241,15.53324,116.7021,6.41726,0.06516847,0.04394537,-0.9969052,-0.1413307,0.001438706,-0.0395497,1.453208,-0.3937289,-2.823125,-0.2896765,0.01465425,1.2884,-0.4197969,0.107686,-0.9012071,0.2879623,0.9574384,-0.0197324,0.8607253,-0.2677973,-0.4329393,moving,-67.33829,35.8433,-12.67135,0.6516536
456,05/08/2023 17:08:00.822093,697,True,True,True,True,Eyes,0.1059082,0.09448536,-2.253359,0.8915188,-0.2661377,-0.3665583,0.0,0.0,0.0,0.0,0.0,0.0,0.0,-2.207238,-0.09355002,-0.997472,-0.02129588,0.08053956,-2.422532,0.1206112,0.836372,-0.08177414,0.5284391,15.3229,116.3537,6.867699,0.06358872,0.04378148,-0.9970146,-0.1328508,0.001352384,-0.03717672,1.453196,-0.391389,-2.823115,-0.2866254,0.01266664,1.292628,-0.4124103,0.1153264,-0.9036691,0.288177,0.9575318,-0.009315792,0.8642176,-0.2642586,-0.4281304,moving,-67.64942,35.98133,-12.50239,0.5614312
457,05/08/2023 17:08:00.841759,698,True,True,True,True,Eyes,0.1008878,0.09380981,-2.261549,0.8939144,-0.2643334,-0.3620012,0.0,0.0,0.0,0.0,0.0,0.0,0.0,-2.226307,-0.0739172,-0.9905002,-0.02374168,0.07874289,-2.436438,0.1225691,0.8346928,-0.07930062,0.5310144,15.22173,116.0316,7.167638,0.06192171,0.04358872,-0.997128,-0.1248798,0.001271241,-0.03494611,1.453184,-0.3891469,-2.823106,-0.2836895,0.01115769,1.296973,-0.4060012,0.1203955,-0.9059073,0.2888345,0.9573765,-0.002211435,0.8670282,-0.2625552,-0.4234703,moving,-67.95393,36.13693,-12.3381,0.4928961
458,05/08/2023 17:08:00.861784,699,True,True,True,True,Eyes,0.09601572,0.09326743,-2.270021,0.8962509,-0.2627077,-0.3573778,0.0,0.0,0.0,0.0,0.0,0.0,0.0,-2.242866,-0.06237357,-0.989459,-0.02534845,0.07865356,-2.450824,0.1253132,0.8336011,-0.07867558,0.5321807,15.34001,115.8966,7.458492,0.06018301,0.0433708,-0.9972439,-0.117387,0.001194966,-0.03284935,1.453172,-0.3867957,-2.823097,-0.2816128,0.008281931,1.301049,-0.4021608,0.1251832,-0.9069708,0.2926617,0.9562135,0.002210479,0.8675344,-0.2645466,-0.4211879,moving,-68.26048,36.31953,-12.21329,0.3647158
459,05/08/2023 17:08:00.875979,700,True,True,True,True,Eyes,0.09131993,0.09278363,-2.278759,0.8987855,-0.2605762,-0.3525402,0.0,0.0,0.0,0.0,0.0,0.0,0.0,-2.257891,-0.030596,-0.9931226,-0.02640726,0.08115344,-2.465363,0.1326625,0.8323778,-0.07545438,0.5327801,15.48422,115.8971,8.380093,0.05838786,0.04313587,-0.9973609,-0.1103438,0.001123268,-0.03087838,1.453159,-0.3843975,-2.823087,-0.2816477,0.002989098,1.304618,-0.3970922,0.1404495,-0.9069685,0.3012519,0.9534146,0.01574682,0.8669286,-0.266973,-0.4209041,moving,-68.58287,36.46955,-12.18235,0.131274
460,05/08/2023 17:08:00.892313,701,True,True,True,True,Eyes,0.08674407,0.09236006,-2.287721,0.9012511,-0.2587541,-0.3475526,0.0,0.0,0.0,0.0,0.0,0.0,0.0,-2.280326,0.03375213,-0.9795659,-0.02700926,0.08184206,-2.480554,0.1351581,0.8294939,-0.06241703,0.5383087,14.42205,115.2192,9.330882,0.05655074,0.04288798,-0.9974774,-0.1037232,0.001055872,-0.02902568,1.453147,-0.3820751,-2.823077,-0.2822549,5.877018e-05,1.3083,-0.3839121,0.1570264,-0.90992,0.291425,0.9556728,0.0419645,0.8761753,-0.2490627,-0.4126557,moving,-68.91169,36.6678,-12.17449,0.002573784
461,05/08/2023 17:08:00.911868,702,True,True,True,True,Eyes,0.08228803,0.09205762,-2.296888,0.9034897,-0.2576313,-0.3425383,0.0,0.0,0.0,0.0,0.0,0.0,0.0,-2.298673,0.03148543,-0.9737639,-0.0287975,0.08294731,-2.495075,0.138669,0.8278015,-0.06573397,0.5396245,14.98035,115.0467,9.451843,0.05468231,0.04263087,-0.9975926,-0.1112273,-0.000278199,-0.05417203,1.453135,-0.3797514,-2.823068,-0.2809244,-0.0008486211,1.312721,-0.3791525,0.1586375,-0.9116346,0.3005242,0.9528999,0.04082907,0.8751734,-0.2584878,-0.4089688,moving,-69.23688,36.9477,-12.0792,-0.03703942
462,05/08/2023 17:08:00.921970,703,True,True,True,True,Eyes,0.07797591,0.0918623,-2.306229,0.9059159,-0.2559637,-0.3373412,0.0,0.0,0.0,0.0,0.0,0.0,0.0,-2.317992,0.03828791,-0.9641888,-0.03040953,0.08564017,-2.509175,0.1462177,0.8250455,-0.06942312,0.5413877,15.83545,114.8411,9.942241,0.0527926,0.04237065,-0.9977055,-0.1179218,-0.001168831,-0.07842186,1.453123,-0.3773167,-2.823058,-0.2804518,0.0007445812,1.317232,-0.3710392,0.1661029,-0.9136409,0.3164422,0.9476016,0.04376651,0.8730373,-0.2728754,-0.4041594,moving,-69.57589,37.19007,-12.01937,0.03238712
463,05/08/2023 17:08:00.942149,704,True,True,True,True,Eyes,0.07373863,0.09172697,-2.315677,0.90816,-0.2547879,-0.3321575,0.0,0.0,0.0,0.0,0.0,0.0,0.0,-2.333074,0.05764522,-0.9626281,-0.03121565,0.08787449,-2.522798,0.1448473,0.8245043,-0.06383129,0.5432658,15.22674,114.594,10.11745,0.05089115,0.04211215,-0.9978153,-0.1237829,-0.001684652,-0.1017403,1.453111,-0.3750205,-2.823048,-0.2793052,-0.001629025,1.321802,-0.3677631,0.1694996,-0.9143414,0.3082091,0.9498897,0.05212281,0.8773584,-0.2626395,-0.4015758,moving,-69.91013,37.49072,-11.93145,-0.07061285
464,05/08/2023 17:08:00.961837,705,True,True,True,True,Eyes,0.06960869,0.09168585,-2.325221,0.9103938,-0.2537881,-0.3267642,0.0,0.0,0.0,0.0,0.0,0.0,0.0,-2.350699,0.04480877,-0.9521971,-0.03367283,0.08928743,-2.534831,0.1472217,0.8226739,-0.06903125,0.5447643,15.9014,114.3762,10.00096,0.04898331,0.04185769,-0.9979215,-0.1290677,-0.001989548,-0.12398,1.453099,-0.3726757,-2.823039,-0.2779954,-0.004198715,1.326584,-0.363115,0.1670194,-0.9166524,0.3174424,0.9471209,0.04682188,0.8760009,-0.2739827,-0.3969328,moving,-70.25561,37.83543,-11.83549,-0.1813438
465,05/08/2023 17:08:00.978377,706,True,True,True,True,Eyes,0.0655567,0.09171297,-2.334838,0.9125746,-0.2528223,-0.3213852,0.0,0.0,0.0,0.0,0.0,0.0,0.0,-2.368616,0.0279034,-0.9400659,-0.03532321,0.09154378,-2.546608,0.1470747,0.8210185,-0.07327618,0.5467435,16.32864,114.0702,9.680748,0.04707581,0.0416109,-0.9980236,-0.1337135,-0.001993534,-0.1451729,1.453087,-0.3703401,-2.823029,-0.2754518,0.0001963973,1.332234,-0.3588814,0.1613755,-0.9193271,0.3216286,0.9459993,0.04050203,0.8762189,-0.2811464,-0.3914044,moving,-70.59905,38.19087,-11.68183,0.008446517
466,05/08/2023 17:08:00.992264,707,True,True,True,True,Eyes,0.0615659,0.09179043,-2.344457,0.9147051,-0.2520759,-0.3158677,0.0,0.0,0.0,0.0,0.0,0.0,0.0,-2.385093,0.02223213,-0.9297247,-0.03753778,0.09323131,-2.558017,0.1459065,0.8197669,-0.07420974,0.5488046,16.36872,113.7624,9.464122,0.04517402,0.04137401,-0.9981213,-0.1378466,-0.001792562,-0.1653145,1.453074,-0.3679612,-2.82302,-0.2732913,0.004141659,1.338086,-0.3550496,0.1577653,-0.9214391,0.3206719,0.9464084,0.03847891,0.8781283,-0.2818176,-0.3866127,moving,-70.94908,38.59136,-11.54336,0.177342
467,05/08/2023 17:08:01.011885,708,True,True,True,True,Eyes,0.05766092,0.09199468,-2.354127,0.9167997,-0.2513959,-0.3102876,0.0,0.0,0.0,0.0,0.0,0.0,0.0,-2.399563,0.02150109,-0.921483,-0.04035073,0.09464517,-2.568445,0.1490737,0.8181646,-0.07699306,0.5499598,16.85527,113.6054,9.57833,0.0432804,0.04114814,-0.9982146,-0.1415482,-0.001452639,-0.1842505,1.453063,-0.3656697,-2.82301,-0.2713103,0.00295037,1.344205,-0.3506424,0.1592475,-0.9228705,0.3286198,0.9436982,0.0379831,0.8769599,-0.2899551,-0.3832325,moving,-71.3018,39.01448,-11.4111,0.1257572
468,05/08/2023 17:08:01.022012,709,True,True,True,True,Eyes,0.05384925,0.09229048,-2.363822,0.9191779,-0.2500622,-0.3042711,0.0,0.0,0.0,0.0,0.0,0.0,0.0,-2.416392,0.04422657,-0.9076805,-0.04225553,0.09785872,-2.579424,0.1522246,0.8157617,-0.07408983,0.5530564,16.81347,113.2115,10.01102,0.04139993,0.04093766,-0.998303,-0.1447703,-0.0007527303,-0.2022077,1.45305,-0.3633505,-2.823001,-0.2702131,0.001749992,1.350304,-0.3419127,0.1664064,-0.9248809,0.3303097,0.9426767,0.04749832,0.8797676,-0.2892569,-0.3772787,moving,-71.68415,39.41474,-11.31615,0.07425524
469,05/08/2023 17:08:01.047076,710,True,True,True,True,Eyes,0.05009544,0.09261713,-2.373554,0.9215709,-0.2485274,-0.2982302,0.0,0.0,0.0,0.0,0.0,0.0,0.0,-2.4333,0.0739644,-0.8919044,-0.04411354,0.1002594,-2.59035,0.1513205,0.8137455,-0.06694213,0.5571709,16.11525,112.6623,10.29394,0.03953642,0.04074486,-0.9983864,-0.1475191,0.0001798201,-0.2191596,1.453039,-0.3610474,-2.822991,-0.2705656,0.004840136,1.356568,-0.3333258,0.1716763,-0.9270499,0.3208691,0.9452417,0.05967499,0.886531,-0.2775704,-0.370159,moving,-72.06786,39.80583,-11.27956,0.2044263
470,05/08/2023 17:08:01.062802,711,True,True,True,True,Eyes,0.04639854,0.09296492,-2.38325,0.9240009,-0.2469158,-0.2919844,0.0,0.0,0.0,0.0,0.0,0.0,0.0,-2.448844,0.09139528,-0.8789601,-0.04653159,0.1012611,-2.601027,0.1504004,0.8121469,-0.0628854,0.5602167,15.70343,112.2429,10.40328,0.0376919,0.04056921,-0.9984649,-0.1499293,0.001148998,-0.2352068,1.453026,-0.3586057,-2.822981,-0.2735305,0.007294521,1.362503,-0.327074,0.1738356,-0.9288723,0.3147534,0.9468502,0.0663693,0.8910404,-0.270658,-0.3644055,moving,-72.46346,40.21945,-11.35157,0.3067452
471,05/08/2023 17:08:01.078725,712,True,True,True,True,Eyes,0.04275813,0.0933767,-2.392951,0.9263624,-0.2454174,-0.2856973,0.0,0.0,0.0,0.0,0.0,0.0,0.0,-2.465043,0.1029518,-0.862258,-0.04929421,0.1022609,-2.611061,0.1519807,0.8097997,-0.06217386,0.5632589,15.7777,111.8238,10.54471,0.0358681,0.04040994,-0.9985386,-0.1520243,0.002123438,-0.2501803,1.453014,-0.356382,-2.822972,-0.2789997,0.007551998,1.368124,-0.3192825,0.176108,-0.9311522,0.3161879,0.9460725,0.07051224,0.8933553,-0.2719058,-0.3577475,moving,-72.85983,40.66297,-11.5262,0.3162674
472,05/08/2023 17:08:01.091922,713,True,True,True,True,Eyes,0.03918272,0.09381802,-2.402603,0.9288227,-0.2438311,-0.2789889,0.0,0.0,0.0,0.0,0.0,0.0,0.0,-2.480911,0.1119514,-0.8458979,-0.05161435,0.1042126,-2.620968,0.1531437,0.8075646,-0.06151779,0.5662173,15.83002,111.412,10.64283,0.03406701,0.04026811,-0.9986075,-0.1538241,0.003231345,-0.2642747,1.453002,-0.3540746,-2.822963,-0.2833534,0.01506253,1.374633,-0.31189,0.1776819,-0.9333563,0.3170117,0.9455251,0.07406602,0.895672,-0.2727844,-0.3512272,moving,-73.2814,41.15285,-11.64726,0.6277928
473,05/08/2023 17:08:01.111737,714,True,True,True,True,Eyes,0.03565283,0.09429631,-2.412231,0.9312387,-0.2423508,-0.2721409,0.0,0.0,0.0,0.0,0.0,0.0,0.0,-2.499198,0.1236872,-0.8199522,-0.05398047,0.10548,-2.630507,0.1530012,0.8044329,-0.05978619,0.5708803,15.71656,110.7498,10.64983,0.03229045,0.04014325,-0.9986715,-0.1553208,0.004361426,-0.2773739,1.45299,-0.3517162,-2.822953,-0.2793538,0.005462691,1.382501,-0.3013732,0.1778969,-0.9367642,0.3144199,0.9460325,0.07850279,0.9001748,-0.2708787,-0.3410431,moving,-73.70977,41.68615,-11.4236,0.2263923
474,05/08/2023 17:08:01.122141,715,True,True,True,True,Eyes,0.03218629,0.09484192,-2.421817,0.933658,-0.2409961,-0.2649595,0.0,0.0,0.0,0.0,0.0,0.0,0.0,-2.517213,0.1222201,-0.7942853,-0.05645306,0.1068644,-2.639617,0.1524202,0.8014998,-0.06076683,0.5750422,15.82531,110.1402,10.44635,0.03053866,0.04003517,-0.9987309,-0.1565913,0.00553461,-0.2896135,1.452978,-0.3493778,-2.822943,-0.2867591,0.02642256,1.388865,-0.292189,0.1744425,-0.9403166,0.3142165,0.946151,0.07788684,0.9032682,-0.2727053,-0.3312677,moving,-74.15678,42.28834,-11.66594,1.089896
475,05/08/2023 17:08:01.142239,716,True,True,True,True,Eyes,0.02880137,0.09544926,-2.431378,0.9361669,-0.2393476,-0.2574964,0.0,0.0,0.0,0.0,0.0,0.0,0.0,-2.535725,0.125173,-0.7642176,-0.05846388,0.1090225,-2.648451,0.152715,0.7978859,-0.06133332,0.5799093,15.96175,109.4336,10.33962,0.02881311,0.03994499,-0.9987858,-0.1575954,0.006839374,-0.3009957,1.452966,-0.3469812,-2.822934,-0.2911237,0.04248378,1.395388,-0.2807671,0.1725627,-0.9441358,0.3148338,0.9458327,0.07924771,0.9066697,-0.2749957,-0.3198872,moving,-74.62087,42.90803,-11.78473,1.743881
476,05/08/2023 17:08:01.162067,717,True,True,True,True,Eyes,0.02548427,0.0960536,-2.440891,0.9387409,-0.2374626,-0.2497541,0.0,0.0,0.0,0.0,0.0,0.0,0.0,-2.554523,0.1400197,-0.7301476,-0.05995071,0.1110374,-2.657514,0.1499777,0.7941976,-0.05688987,0.5861064,15.43644,108.5393,10.25074,0.02711581,0.03987344,-0.9988362,-0.1582944,0.008251036,-0.3116184,1.452954,-0.3446466,-2.822924,-0.2938019,0.02568766,1.402492,-0.2679725,0.1715368,-0.9480329,0.3049108,0.9485405,0.08544208,0.913904,-0.2661693,-0.3064863,moving,-75.10146,43.55486,-11.83155,1.049297
477,05/08/2023 17:08:01.178480,718,True,True,True,True,Eyes,0.02221555,0.096643,-2.450392,0.9412875,-0.2356467,-0.2417613,0.0,0.0,0.0,0.0,0.0,0.0,0.0,-2.57338,0.1546091,-0.6932836,-0.06184117,0.1115541,-2.666564,0.1470061,0.7902226,-0.05270045,0.5925877,14.92285,107.5971,10.12551,0.02544786,0.03981853,-0.9988822,-0.1587481,0.00956899,-0.3214607,1.452941,-0.3422679,-2.822914,-0.2959185,0.046492,1.410157,-0.2544582,0.1698758,-0.9520469,0.2947944,0.9512237,0.09093786,0.9210578,-0.2575182,-0.2921251,moving,-75.59545,44.2662,-11.85144,1.888323
478,05/08/2023 17:08:01.192008,719,True,True,True,True,Eyes,0.01901232,0.09723363,-2.459836,0.9437124,-0.2340141,-0.2337614,0.0,0.0,0.0,0.0,0.0,0.0,0.0,-2.591702,0.1645997,-0.6580229,-0.06398635,0.1117841,-2.675896,0.1469372,0.7860034,-0.05188514,0.5982609,14.9145,106.7683,10.06662,0.02380932,0.03977791,-0.9989242,-0.1590293,0.01076305,-0.3306774,1.45293,-0.3400052,-2.822905,-0.3014424,0.06339453,1.416253,-0.2409864,0.1689045,-0.9557179,0.2930679,0.9514347,0.09424977,0.9252224,-0.2573773,-0.2787833,moving,-76.08763,45.03095,-12.01581,2.562972
479,05/08/2023 17:08:01.212227,720,True,True,True,True,Eyes,0.01586528,0.09784228,-2.469252,0.9461152,-0.2324032,-0.2255098,0.0,0.0,0.0,0.0,0.0,0.0,0.0,-2.608119,0.176926,-0.6255982,-0.06579372,0.1125117,-2.684767,0.1478558,0.7819446,-0.05106067,0.6034023,14.9684,106.0193,10.11166,0.02220089,0.03975023,-0.9989624,-0.1494876,0.01011727,-0.3108368,1.452917,-0.3376126,-2.822895,-0.3017802,0.03799336,1.423945,-0.228089,0.1696099,-0.9587535,0.2928504,0.9510629,0.09857987,0.9285551,-0.2582863,-0.2665973,moving,-76.59351,45.86246,-11.96578,1.52839
480,05/08/2023 17:08:01.226351,721,True,True,True,True,Eyes,0.01279197,0.0984485,-2.478654,0.9484557,-0.2307435,-0.2172308,0.0,0.0,0.0,0.0,0.0,0.0,0.0,-2.624815,0.1902545,-0.5892758,-0.06761794,0.1135411,-2.693628,0.1478848,0.7775826,-0.04932942,0.6091486,14.8852,105.1766,10.12442,0.02062288,0.03973489,-0.9989969,-0.1405183,0.009510233,-0.2921866,1.452905,-0.3352389,-2.822886,-0.3042884,0.04208468,1.430819,-0.2141359,0.1698875,-0.9619167,0.2900832,0.9513934,0.1034523,0.9327365,-0.256883,-0.2530091,moving,-77.09969,46.72775,-12.00607,1.684755
481,05/08/2023 17:08:01.247358,722,True,True,True,True,Eyes,0.009783595,0.09903058,-2.488049,0.9507924,-0.2289908,-0.2087032,0.0,0.0,0.0,0.0,0.0,0.0,0.0,-2.641451,0.201102,-0.5521386,-0.06891801,0.1140219,-2.702741,0.1460816,0.7733548,-0.04677051,0.6151383,14.59951,104.2885,10.02187,0.01907679,0.0397305,-0.9990277,-0.1320872,0.008939619,-0.2746554,1.452893,-0.3329212,-2.822876,-0.3032143,0.05501986,1.437393,-0.2005303,0.1684051,-0.965105,0.2834864,0.9529454,0.1073804,0.9377759,-0.2520612,-0.2388349,moving,-77.61967,47.65382,-11.91176,2.192071
482,05/08/2023 17:08:01.262369,723,True,True,True,True,Eyes,0.006839275,0.09957813,-2.497452,0.9529783,-0.2273683,-0.2003396,0.0,0.0,0.0,0.0,0.0,0.0,0.0,-2.657626,0.2117342,-0.5151954,-0.07039504,0.1139911,-2.712062,0.1445701,0.7691066,-0.04458054,0.6209567,14.36617,103.4213,9.92772,0.01756218,0.03973493,-0.9990553,-0.124162,0.008403242,-0.2581761,1.452881,-0.33059,-2.822866,-0.3035864,0.0459386,1.444019,-0.1870248,0.1670145,-0.9680538,0.2777448,0.9542241,0.1109692,0.9422737,-0.2481179,-0.224851,moving,-78.12789,48.61596,-11.87279,1.822137
483,05/08/2023 17:08:01.278950,724,True,True,True,True,Eyes,0.003953517,0.1000929,-2.506853,0.955093,-0.225816,-0.1918448,0.0,0.0,0.0,0.0,0.0,0.0,0.0,-2.672899,0.2173487,-0.4834278,-0.07179616,0.1136872,-2.721627,0.1438757,0.765344,-0.04416106,0.6257783,14.3394,102.6943,9.803119,0.01607977,0.03974584,-0.9990799,-0.1167123,0.007899047,-0.2426855,1.452869,-0.3282674,-2.822857,-0.3045568,0.04427847,1.450055,-0.1754033,0.1649587,-0.9705786,0.2754988,0.9546992,0.1124717,0.9451637,-0.2476653,-0.2129033,moving,-78.64242,49.65002,-11.86149,1.749024
484,05/08/2023 17:08:01.292134,725,True,True,True,True,Eyes,0.001124419,0.1005798,-2.516256,0.9570166,-0.2245143,-0.1836101,0.0,0.0,0.0,0.0,0.0,0.0,0.0,-2.687426,0.2221777,-0.4531145,-0.07329325,0.1134193,-2.731061,0.1435157,0.7617257,-0.04414756,0.6302606,14.36873,102.0144,9.686282,0.01462947,0.03976122,-0.9991016,-0.1097095,0.007425104,-0.2281244,1.452857,-0.3260018,-2.822848,-0.3086532,0.06158151,1.455405,-0.16435,0.1629902,-0.9728431,0.2742881,0.9549085,0.1136479,0.9474996,-0.2481612,-0.2016455,moving,-79.1394,50.72336,-11.97353,2.42287
485,05/08/2023 17:08:01.312047,726,True,True,True,True,Eyes,-0.001656358,0.1010476,-2.525649,0.9588487,-0.2233706,-0.1752565,0.0,0.0,0.0,0.0,0.0,0.0,0.0,-2.701906,0.2223051,-0.4227314,-0.07476407,0.1132558,-2.740438,0.1430103,0.7581494,-0.04510884,0.6346045,14.47209,101.3456,9.486991,0.01321159,0.03977946,-0.9991206,-0.103127,0.006979598,-0.2144369,1.452845,-0.3236477,-2.822838,-0.3135628,0.07485656,1.460096,-0.1536506,0.1595937,-0.975152,0.2740988,0.9550265,0.1131114,0.9493479,-0.2499083,-0.1904849,moving,-79.64193,51.88227,-12.12045,2.934884
486,05/08/2023 17:08:01.326868,727,True,True,True,True,Eyes,-0.00437839,0.1014939,-2.535042,0.9605283,-0.2223437,-0.1671787,0.0,0.0,0.0,0.0,0.0,0.0,0.0,-2.716028,0.2209762,-0.3921821,-0.07639734,0.1132944,-2.749686,0.1429693,0.7545179,-0.04679314,0.638806,14.67121,100.6917,9.277644,0.01182473,0.03979952,-0.9991372,-0.09693934,0.006560822,-0.2015707,1.452833,-0.3212595,-2.822828,-0.317952,0.08286636,1.464917,-0.1429736,0.1559623,-0.9773611,0.2755292,0.9547403,0.1120467,0.9506011,-0.2532718,-0.1794749,moving,-80.12665,53.06074,-12.24579,3.237615
487,05/08/2023 17:08:01.342270,728,True,True,True,True,Eyes,-0.007049705,0.1019029,-2.544444,0.9621731,-0.2212672,-0.1589459,0.0,0.0,0.0,0.0,0.0,0.0,0.0,-2.729947,0.2241709,-0.3596907,-0.07774934,0.1132692,-2.759233,0.1421378,0.7507297,-0.04673192,0.6434422,14.6599,99.97604,9.11597,0.01047003,0.03982032,-0.9991516,-0.09112298,0.006167173,-0.1894765,1.452821,-0.3189711,-2.822819,-0.3165707,0.08784962,1.470679,-0.131558,0.1532755,-0.979387,0.2735526,0.9552259,0.1127488,0.9528176,-0.2530809,-0.1675965,moving,-80.61976,54.30867,-12.14783,3.418447
488,05/08/2023 17:08:01.362248,729,True,True,True,True,Eyes,-0.009670977,0.1022655,-2.553866,0.9636804,-0.2202891,-0.1509732,0.0,0.0,0.0,0.0,0.0,0.0,0.0,-2.743763,0.2250903,-0.3273418,-0.07922027,0.1127695,-2.768945,0.1403994,0.7471161,-0.04648295,0.6480317,14.56172,99.26257,8.888237,0.009146452,0.0398403,-0.9991638,-0.0856556,0.005797143,-0.1781079,1.452809,-0.3166179,-2.822809,-0.3123006,0.08983654,1.477056,-0.1206861,0.1495444,-0.981362,0.270034,0.9562547,0.1125101,0.9552574,-0.2514228,-0.1557887,moving,-81.09623,55.57554,-11.93847,3.480518
489,05/08/2023 17:08:01.382118,730,True,True,True,True,Eyes,-0.01224358,0.1025798,-2.563305,0.9651548,-0.2191944,-0.1429329,0.0,0.0,0.0,0.0,0.0,0.0,0.0,-2.757287,0.221349,-0.2995791,-0.08065777,0.1120614,-2.778904,0.1386011,0.7440696,-0.04718613,0.6518618,14.53178,98.65675,8.599313,0.007853809,0.03985767,-0.9991742,-0.08051626,0.005449314,-0.1674214,1.452796,-0.3142589,-2.8228,-0.3087672,0.09459514,1.482924,-0.1117321,0.14474,-0.9831412,0.2677754,0.9571264,0.110478,0.9569809,-0.250917,-0.1456995,moving,-81.5761,56.89232,-11.7618,3.649929
490,05/08/2023 17:08:01.392261,731,True,True,True,True,Eyes,-0.01476465,0.1028465,-2.572796,0.9665767,-0.2177599,-0.135315,0.0,0.0,0.0,0.0,0.0,0.0,0.0,-2.769867,0.2228375,-0.2735636,-0.08207691,0.1111872,-2.788828,0.136498,0.7412592,-0.04626638,0.6555628,14.33298,98.08079,8.40979,0.006591429,0.03987079,-0.9991828,-0.07568529,0.005122355,-0.1573761,1.452785,-0.3120182,-2.82279,-0.3049182,0.09737289,1.488698,-0.1032116,0.1416997,-0.9845143,0.2630218,0.9584554,0.1103752,0.9592533,-0.2475567,-0.1361938,moving,-82.03072,58.14338,-11.57534,3.742276
491,05/08/2023 17:08:01.412409,732,True,True,True,True,Eyes,-0.01723395,0.1030369,-2.58232,0.9680132,-0.2160954,-0.1274882,0.0,0.0,0.0,0.0,0.0,0.0,0.0,-2.781842,0.2310609,-0.245856,-0.08331943,0.1101893,-2.79882,0.1346074,0.7381687,-0.04393631,0.6595891,14.03036,97.46377,8.342763,0.005359098,0.03987819,-0.9991899,-0.07114417,0.004815014,-0.1479336,1.452773,-0.3096451,-2.822781,-0.2935419,0.08801223,1.496247,-0.09364652,0.1407662,-0.985604,0.2566858,0.9599009,0.1127064,0.9619475,-0.242436,-0.1260241,moving,-82.49728,59.46098,-11.09963,3.366372
492,05/08/2023 17:08:01.422014,733,True,True,True,True,Eyes,-0.01965764,0.1031375,-2.591876,0.9693688,-0.214324,-0.1199558,0.0,0.0,0.0,0.0,0.0,0.0,0.0,-2.794058,0.2434196,-0.2115586,-0.08457656,0.1084849,-2.809243,0.1322063,0.734334,-0.04043897,0.66456,13.59807,96.70293,8.3065,0.0041571,0.03987746,-0.9991958,-0.06687552,0.004526113,-0.1390575,1.45276,-0.3072299,-2.822771,-0.2794622,0.08446135,1.503657,-0.08176354,0.1404189,-0.9867105,0.2479154,0.9617723,0.1163266,0.9653253,-0.2351094,-0.1134498,moving,-82.94572,60.76454,-10.52858,3.214962
493,05/08/2023 17:08:01.442139,734,True,True,True,True,Eyes,-0.0220397,0.1031722,-2.601489,0.9706528,-0.2126444,-0.1123187,0.0,0.0,0.0,0.0,0.0,0.0,0.0,-2.806247,0.2532147,-0.1810288,-0.08597443,0.1065156,-2.820137,0.1311539,0.7307683,-0.0388005,0.6687832,13.42282,96.04585,8.262802,0.00298376,0.03986595,-0.9992003,-0.06286298,0.004254546,-0.1307141,1.452748,-0.3049625,-2.822762,-0.2671003,0.09070485,1.51003,-0.07105568,0.139788,-0.9876288,0.2435845,0.9625863,0.1187187,0.9672734,-0.2321354,-0.1024473,moving,-83.3994,62.15701,-10.03095,3.437526
494,05/08/2023 17:08:01.462260,735,True,True,True,True,Eyes,-0.02436515,0.1031548,-2.611176,0.9718679,-0.2108649,-0.1049233,0.0,0.0,0.0,0.0,0.0,0.0,0.0,-2.817394,0.2705927,-0.1535814,-0.08736975,0.1049672,-2.83123,0.1323259,0.7272251,-0.03727503,0.672491,13.42608,95.47081,8.414088,0.001838885,0.03984222,-0.999204,-0.05909121,0.003999274,-0.1228712,1.452736,-0.3026261,-2.822752,-0.2598508,0.09654262,1.515534,-0.06049158,0.1423272,-0.9879696,0.2425957,0.9622009,0.1237613,0.9682398,-0.2321907,-0.09273309,moving,-83.83819,63.54575,-9.729232,3.644934
495,05/08/2023 17:08:01.478943,736,True,True,True,True,Eyes,-0.02664458,0.1030649,-2.620934,0.9730607,-0.208983,-0.09736013,0.0,0.0,0.0,0.0,0.0,0.0,0.0,-2.827933,0.2921495,-0.1246691,-0.08836196,0.1036513,-2.842453,0.1319909,0.7236886,-0.03319304,0.6765735,13.09968,94.84682,8.628649,0.0007222947,0.03980547,-0.999207,-0.05554573,0.003759317,-0.115499,1.452724,-0.3002808,-2.822742,-0.255456,0.09895954,1.520385,-0.04965401,0.1461256,-0.9880192,0.2359557,0.9629533,0.1305602,0.9704946,-0.2266459,-0.0822937,moving,-84.28625,65.02032,-9.537783,3.724042
496,05/08/2023 17:08:01.492504,737,True,True,True,True,Eyes,-0.0288768,0.1029069,-2.630773,0.9741486,-0.2071815,-0.09005821,0.0,0.0,0.0,0.0,0.0,0.0,0.0,-2.838819,0.3102981,-0.09314871,-0.08955754,0.1017798,-2.854028,0.1313363,0.7199185,-0.02983864,0.6808655,12.81522,94.17937,8.758125,-0.0003650541,0.03975429,-0.9992091,-0.0590513,0.003264152,-0.137843,1.452712,-0.2979396,-2.822733,-0.2512657,0.09620966,1.525377,-0.03834615,0.1484708,-0.9881731,0.2297352,0.9637209,0.135882,0.9724974,-0.2218075,-0.07106394,moving,-84.71813,66.50625,-9.353971,3.609019
497,05/08/2023 17:08:01.512047,738,True,True,True,True,Eyes,-0.03105903,0.1026934,-2.640703,0.975193,-0.2053678,-0.0825989,0.0,0.0,0.0,0.0,0.0,0.0,0.0,-2.849904,0.3270011,-0.06127787,-0.09067816,0.1000465,-2.866078,0.1317305,0.7159505,-0.02788155,0.6850435,12.73287,93.51936,8.871405,-0.001425458,0.0396875,-0.9992109,-0.06220487,0.00259449,-0.1590889,1.4527,-0.295557,-2.822723,-0.2470615,0.09577695,1.53004,-0.02672517,0.1504248,-0.9882602,0.2268251,0.9637394,0.1405586,0.9735688,-0.2204058,-0.05987625,moving,-85.1586,68.09002,-9.172595,3.581908
498,05/08/2023 17:08:01.522035,739,True,True,True,True,Eyes,-0.03319661,0.1024377,-2.650742,0.976149,-0.2036301,-0.07528619,0.0,0.0,0.0,0.0,0.0,0.0,0.0,-2.860783,0.3431524,-0.03003407,-0.09167304,0.09847622,-2.878303,0.1317005,0.7121255,-0.02556271,0.6891147,12.58696,92.87404,8.980298,-0.002457941,0.03960461,-0.9992121,-0.06501926,0.001798153,-0.1793354,1.452688,-0.2931938,-2.822713,-0.2444892,0.09722356,1.533943,-0.01555242,0.1523434,-0.9882054,0.2228059,0.964003,0.1451058,0.974739,-0.2179212,-0.04893555,moving,-85.58975,69.70963,-9.055975,3.626638
499,05/08/2023 17:08:01.542209,740,True,True,True,True,Eyes,-0.03528624,0.1021566,-2.660885,0.9770433,-0.2019548,-0.06782758,0.0,0.0,0.0,0.0,0.0,0.0,0.0,-2.87158,0.3577064,0.001652718,-0.09331441,0.09743984,-2.890628,0.1321397,0.7082777,-0.02402591,0.6930402,12.54406,92.24493,9.070193,-0.003462663,0.03950572,-0.999213,-0.06753084,0.0009232414,-0.1986911,1.452676,-0.2908982,-2.822704,-0.2422705,0.09769837,1.53759,-0.004469154,0.1538813,-0.9880793,0.220485,0.9639238,0.1491221,0.9753801,-0.2171902,-0.03823643,moving,-86.02883,71.4351,-8.954197,3.635682
500,05/08/2023 17:08:01.562123,741,True,True,True,True,Eyes,-0.03735905,0.1018598,-2.671165,0.9778555,-0.200362,-0.06044688,0.0,0.0,0.0,0.0,0.0,0.0,0.0,-2.882403,0.3720169,0.03298616,-0.09426507,0.09653956,-2.903364,0.1326534,0.7043912,-0.02258175,0.6969407,12.51622,91.61583,9.15969,-0.00444108,0.03939139,-0.9992136,-0.0697479,2.438156e-05,-0.217198,1.452664,-0.2885677,-2.822694,-0.2393104,0.09262647,1.541153,0.006646125,0.1554036,-0.9878289,0.2183561,0.9637862,0.1530904,0.9758466,-0.2167159,-0.02752791,moving,-86.46272,73.21204,-8.826406,3.439457
501,05/08/2023 17:08:01.578806,742,True,True,True,True,Eyes,-0.0393803,0.1015358,-2.681562,0.9786322,-0.198687,-0.05293953,0.0,0.0,0.0,0.0,0.0,0.0,0.0,-2.893234,0.3859084,0.06269979,-0.09541968,0.09551047,-2.916408,0.1326404,0.7008207,-0.02068465,0.700592,12.4065,91.02589,9.246571,-0.005394225,0.03926261,-0.999214,-0.07178144,-0.0008675077,-0.2350087,1.452651,-0.2862136,-2.822685,-0.2351252,0.08679137,1.544468,0.01684509,0.1569312,-0.9874659,0.2148972,0.9639574,0.1568611,0.9764915,-0.214846,-0.0174861,moving,-86.90358,75.08035,-8.656078,3.216353
502,05/08/2023 17:08:01.592316,743,True,True,True,True,Eyes,-0.04134262,0.1011859,-2.69205,0.9793531,-0.1969136,-0.04574399,0.0,0.0,0.0,0.0,0.0,0.0,0.0,-2.903716,0.4007579,0.09310079,-0.09612406,0.09453473,-2.929618,0.1322263,0.6971895,-0.01810139,0.7043546,12.21078,90.41704,9.355024,-0.00632253,0.03911977,-0.9992142,-0.07353832,-0.001787423,-0.2520976,1.452639,-0.2838307,-2.822675,-0.2305379,0.08202939,1.547225,0.02719844,0.158874,-0.9869242,0.2098731,0.9643771,0.1610282,0.9773504,-0.2115086,-0.007113875,moving,-87.32575,76.92188,-8.474773,3.034815
503,05/08/2023 17:08:01.612153,744,True,True,True,True,Eyes,-0.04322864,0.1009141,-2.70266,0.9799469,-0.1954807,-0.03861904,0.0,0.0,0.0,0.0,0.0,0.0,0.0,-2.915095,0.4092214,0.1199322,-0.09677081,0.09360547,-2.943042,0.130626,0.6942146,-0.01571253,0.7076414,11.92835,89.88251,9.360113,-0.007224554,0.03896358,-0.9992142,-0.07501297,-0.002729927,-0.2684358,1.452627,-0.2814647,-2.822665,-0.227015,0.07886065,1.549496,0.03563861,0.1591272,-0.9866147,0.2036026,0.96538,0.1630569,0.9784049,-0.2066884,0.00200607,moving,-87.74318,78.82459,-8.335045,2.91352
504,05/08/2023 17:08:01.622123,745,True,True,True,True,Eyes,-0.04504104,0.1007454,-2.713386,0.9805104,-0.19389,-0.03172066,0.0,0.0,0.0,0.0,0.0,0.0,0.0,-2.925395,0.428663,0.1355884,-0.09682522,0.09525867,-2.956623,0.1346658,0.6916388,-0.01581871,0.7094017,12.29505,89.58941,9.653104,-0.008100104,0.0387982,-0.9992139,-0.07617024,-0.003381433,-0.2841593,1.452614,-0.2789146,-2.822655,-0.2261513,0.07855523,1.550572,0.04277099,0.1638366,-0.9855599,0.2087239,0.9632298,0.1691826,0.977039,-0.212946,0.007001713,moving,-88.14706,80.70864,-8.298092,2.900244
505,05/08/2023 17:08:01.641870,746,True,True,True,True,Eyes,-0.0467591,0.1006186,-2.724243,0.981064,-0.192115,-0.0246053,0.0,0.0,0.0,0.0,0.0,0.0,0.0,-2.93075,0.4726869,0.1722441,-0.09689745,0.09754935,-2.970436,0.1374517,0.6866469,-0.008793024,0.7138249,12.02323,88.87245,10.3791,-0.008948514,0.03862838,-0.9992132,-0.07703723,-0.003684725,-0.2992869,1.452603,-0.276806,-2.822646,-0.2277318,0.078724,1.551332,0.05687778,0.1762082,-0.9827084,0.201315,0.9620594,0.1841576,0.9778739,-0.2083084,0.01924644,moving,-88.56332,82.70153,-8.351233,2.905043
506,05/08/2023 17:08:01.662180,747,True,True,True,True,Eyes,-0.0484457,0.1005937,-2.735228,0.9813977,-0.1911477,-0.01791709,0.0,0.0,0.0,0.0,0.0,0.0,0.0,-2.941247,0.4820713,0.2080839,-0.09636092,0.09837371,-2.984571,0.1353987,0.6825958,-0.005430881,0.7181232,11.64692,88.15923,10.41444,-0.009768549,0.03845608,-0.9992122,-0.07756916,-0.003844001,-0.3139032,1.452591,-0.2744983,-2.822637,-0.2299949,0.08016965,1.551487,0.06806717,0.177045,-0.9818463,0.1926452,0.9632754,0.1870517,0.978905,-0.20188,0.03146054,moving,-88.95409,84.64507,-8.432209,2.958002
507,05/08/2023 17:08:01.678791,748,True,True,True,True,Eyes,-0.0500099,0.1007224,-2.746331,0.9816903,-0.1901691,-0.01094534,0.0,0.0,0.0,0.0,0.0,0.0,0.0,-2.952271,0.4922817,0.2270567,-0.09731069,0.1009239,-2.998357,0.1432785,0.6790937,-0.01230372,0.7198276,12.88426,87.84794,10.45449,-0.01056082,0.03828536,-0.9992107,-0.07797483,-0.003687971,-0.3280222,1.452577,-0.2717768,-2.822626,-0.2333365,0.08380395,1.551041,0.07736102,0.1768859,-0.9811864,0.2123121,0.9586397,0.1895609,0.9741349,-0.2229824,0.0366063,moving,-89.36121,86.70592,-8.555343,3.092728
508,05/08/2023 17:08:01.692229,749,True,True,True,True,Eyes,-0.05148693,0.1009452,-2.757568,0.9820253,-0.1887079,-0.003969789,0.0,0.0,0.0,0.0,0.0,0.0,0.0,-2.956466,0.5324149,0.2661355,-0.09594766,0.1047075,-3.012444,0.1462517,0.6736326,-0.006275463,0.7244241,12.72967,87.08179,11.10945,-0.0113239,0.03812145,-0.9992086,-0.07798894,-0.003080521,-0.3416518,1.452567,-0.2698313,-2.822618,-0.2370667,0.08630992,1.550327,0.09235944,0.1879477,-0.9778269,0.2061321,0.9571421,0.2034418,0.9741558,-0.2203513,0.04965907,moving,-89.76839,88.79486,-8.693983,3.186486
509,05/08/2023 17:08:01.712444,750,True,True,True,True,Eyes,-0.05288139,0.1012447,-2.768927,0.9822275,-0.1876681,0.00313344,0.0,0.0,0.0,0.0,0.0,0.0,0.0,-2.96397,0.5484335,0.3093193,-0.09540661,0.1070418,-3.026717,0.1437495,0.6688296,-0.0005088375,0.7293853,12.14452,86.24608,11.29909,-0.01205634,0.03796713,-0.9992059,-0.07774068,-0.002227217,-0.3548634,1.452555,-0.2676183,-2.822609,-0.2431472,0.08764341,1.549069,0.1053335,0.1915456,-0.9758152,0.1930301,0.9586717,0.2090169,0.9755226,-0.2103782,0.0640062,moving,89.81722,-89.04343,-8.92056,3.238236
510,05/08/2023 17:08:01.722138,751,True,True,True,True,Eyes,-0.05414719,0.1016814,-2.780376,0.9824088,-0.1864659,0.01016812,0.0,0.0,0.0,0.0,0.0,0.0,0.0,-2.973842,0.5556206,0.3415105,-0.09481789,0.1092582,-3.041078,0.1467988,0.6643857,-0.003237458,0.7328241,12.67716,85.64508,11.24896,-0.01275867,0.03782391,-0.9992027,-0.07725962,-0.001195379,-0.3676471,1.452542,-0.2650664,-2.822598,-0.2502304,0.09683198,1.547198,0.1171623,0.1903171,-0.9747063,0.199807,0.9568793,0.2108536,0.9728052,-0.2194573,0.07408347,moving,89.407,-86.87871,-9.186969,3.581207
511,05/08/2023 17:08:01.742157,752,True,True,True,True,Eyes,-0.05527663,0.1021955,-2.791912,0.9826309,-0.1847568,0.01735825,0.0,0.0,0.0,0.0,0.0,0.0,0.0,-2.983972,0.5596347,0.3684256,-0.09301616,0.1129627,-3.054767,0.1455621,0.6612942,-0.001156942,0.7358672,12.46005,85.12364,11.26919,-0.01342834,0.03769563,-0.9991987,-0.07642142,0.0001865358,-0.3799356,1.452531,-0.2628872,-2.822589,-0.2588452,0.105276,1.544838,0.1253775,0.190816,-0.973586,0.1942214,0.9576207,0.2126985,0.9729124,-0.2157588,0.08300351,moving,88.98798,-84.63271,-9.511831,3.898505
512,05/08/2023 17:08:01.762150,753,True,True,True,True,Eyes,-0.05627867,0.1027453,-2.803565,0.9828339,-0.1828647,0.02445528,0.0,0.0,0.0,0.0,0.0,0.0,0.0,-2.992644,0.5670872,0.3995633,-0.09088749,0.1152096,-3.068488,0.1410357,0.6581982,0.005319939,0.739497,11.62983,84.50646,11.39568,-0.0140635,0.03758342,-0.9991943,-0.07522447,0.001717636,-0.3917478,1.452518,-0.2605234,-2.82258,-0.2662574,0.1056163,1.542642,0.1334935,0.1935271,-0.9719706,0.1777908,0.9601613,0.2155941,0.9749719,-0.2015878,0.09376795,moving,88.57464,-82.38278,-9.792673,3.916617
513,05/08/2023 17:08:01.778799,754,True,True,True,True,Eyes,-0.05716581,0.1033272,-2.815284,0.9829509,-0.1811467,0.03152037,0.0,0.0,0.0,0.0,0.0,0.0,0.0,-3.003047,0.566223,0.425432,-0.08901828,0.1163566,-3.081952,0.1383207,0.6554587,0.007418066,0.7424192,11.28325,84.0015,11.31089,-0.01466169,0.03748693,-0.9991894,-0.07371712,0.003264003,-0.4032025,1.452507,-0.2582117,-2.82257,-0.2713271,0.10535,1.54062,0.1406377,0.1923416,-0.9711981,0.1703124,0.9616247,0.2151083,0.9753023,-0.1956594,0.1024824,moving,88.16332,-80.1291,-9.988248,3.911885
514,05/08/2023 17:08:01.792334,755,True,True,True,True,Eyes,-0.05792308,0.1039459,-2.827044,0.9829745,-0.1797023,0.03831726,0.0,0.0,0.0,0.0,0.0,0.0,0.0,-3.013475,0.5686829,0.4448435,-0.08715431,0.1177342,-3.095296,0.1389282,0.6529364,0.006573198,0.7445334,11.43695,83.62996,11.24964,-0.01522415,0.03740531,-0.999184,-0.0719555,0.004813878,-0.4141659,1.452494,-0.2558725,-2.822561,-0.2765737,0.107768,1.537928,0.1472619,0.1912104,-0.9704394,0.1716346,0.9613115,0.2154571,0.9740922,-0.1982895,0.1087462,moving,87.76768,-77.96329,-10.19483,4.008363
515,05/08/2023 17:08:01.812324,756,True,True,True,True,Eyes,-0.05856849,0.1045849,-2.83884,0.9829286,-0.1783866,0.0450496,0.0,0.0,0.0,0.0,0.0,0.0,0.0,-3.023287,0.5767727,0.4580879,-0.08477516,0.1192872,-3.108272,0.1394862,0.6511063,0.007424888,0.7460221,11.44638,83.36721,11.33995,-0.01574804,0.03733851,-0.9991783,-0.06990998,0.006381134,-0.4245952,1.452482,-0.2535208,-2.822551,-0.2811372,0.1100129,1.535237,0.1520109,0.192719,-0.9694082,0.1705624,0.9609769,0.2177884,0.9735508,-0.1984508,0.1132083,moving,87.37586,-75.82691,-10.3772,4.098727
516,05/08/2023 17:08:01.822027,757,True,True,True,True,Eyes,-0.05908178,0.1052414,-2.850698,0.982787,-0.1773756,0.05164919,0.0,0.0,0.0,0.0,0.0,0.0,0.0,-3.030868,0.5931568,0.4732006,-0.08274036,0.1204203,-3.120988,0.1412914,0.6488283,0.008710309,0.7476515,11.53523,83.07603,11.56154,-0.01623462,0.03728549,-0.9991726,-0.06765162,0.007915442,-0.4345075,1.45247,-0.251087,-2.822541,-0.2845659,0.1108888,1.532545,0.1578917,0.1963722,-0.9677336,0.1703231,0.9599218,0.2225764,0.9726564,-0.1999704,0.118117,moving,86.99166,-73.76521,-10.51899,4.13848
517,05/08/2023 17:08:01.842209,758,True,True,True,True,Eyes,-0.05947528,0.1059223,-2.862554,0.9825592,-0.1765923,0.05824585,0.0,0.0,0.0,0.0,0.0,0.0,0.0,-3.038531,0.6046563,0.4911907,-0.08025423,0.1213405,-3.13343,0.1431046,0.6461561,0.008627051,0.7496192,11.7358,82.72369,11.65946,-0.01668032,0.03724559,-0.9991667,-0.06513238,0.009409882,-0.4440117,1.452458,-0.2488699,-2.822532,-0.2890169,0.1135826,1.529423,0.1648156,0.1978698,-0.966273,0.1720018,0.9588933,0.2256968,0.9712113,-0.2033991,0.1240067,moving,86.60749,-71.74577,-10.70107,4.247275
518,05/08/2023 17:08:01.862289,759,True,True,True,True,Eyes,-0.0597296,0.1066022,-2.874399,0.9822639,-0.1759389,0.0648309,0.0,0.0,0.0,0.0,0.0,0.0,0.0,-3.046563,0.6089749,0.5113802,-0.07777952,0.1226531,-3.145284,0.1445879,0.6433081,0.007183297,0.7517961,12.01449,82.3327,11.60936,-0.01708812,0.03721797,-0.9991601,-0.06240496,0.01088808,-0.4529385,1.452446,-0.2464535,-2.822522,-0.2978893,0.1208003,1.524598,0.1722061,0.1968299,-0.965196,0.1752284,0.9580855,0.2266434,0.9693503,-0.2081591,0.130498,moving,86.22387,-69.7719,-11.05566,4.53032
519,05/08/2023 17:08:01.878994,760,True,True,True,True,Eyes,-0.05986071,0.1072543,-2.886214,0.9819125,-0.1752718,0.07160745,0.0,0.0,0.0,0.0,0.0,0.0,0.0,-3.053333,0.6122353,0.5366948,-0.07475764,0.1232729,-3.156728,0.1440521,0.6401241,0.007713085,0.7546064,11.97768,81.83215,11.56191,-0.01745542,0.03720151,-0.9991538,-0.0594236,0.01227446,-0.4612997,1.452434,-0.2441166,-2.822512,-0.3089975,0.1297624,1.519213,0.1803634,0.1960631,-0.9638612,0.1727817,0.958379,0.2272799,0.9683055,-0.2075305,0.1389804,moving,85.829,-67.77748,-11.49674,4.882024
520,05/08/2023 17:08:01.892453,761,True,True,True,True,Eyes,-0.0598625,0.1078838,-2.897988,0.9814587,-0.1747335,0.07878521,0.0,0.0,0.0,0.0,0.0,0.0,0.0,-3.057816,0.6158086,0.5713267,-0.07195401,0.1232531,-3.167886,0.143194,0.6358603,0.008386403,0.7583582,11.91846,81.16049,11.48521,-0.01778202,0.03719408,-0.999148,-0.05625153,0.01349422,-0.4690648,1.452422,-0.2418022,-2.822503,-0.3076457,0.1074954,1.517956,0.1912229,0.1948225,-0.9620178,0.1693829,0.9588503,0.2278498,0.9668213,-0.2065195,0.1503545,moving,85.41051,-65.72997,-11.45701,4.050689
521,05/08/2023 17:08:01.911944,762,True,True,True,True,Eyes,-0.05972383,0.1084974,-2.909708,0.9809169,-0.1742477,0.08625434,0.0,0.0,0.0,0.0,0.0,0.0,0.0,-3.061349,0.6151253,0.6117425,-0.06889591,0.1233758,-3.178757,0.1429941,0.6307429,0.00708912,0.7626703,12.07382,80.37904,11.27531,-0.01806761,0.03719402,-0.9991426,-0.0528818,0.01457297,-0.4762424,1.45241,-0.239457,-2.822493,-0.3142626,0.1245513,1.513555,0.2042263,0.1911983,-0.9600703,0.1695716,0.9590049,0.2270575,0.964125,-0.2091718,0.1634322,moving,84.97478,-63.66413,-11.72978,4.704304
522,05/08/2023 17:08:01.922016,763,True,True,True,True,Eyes,-0.05941854,0.1091195,-2.921425,0.9802763,-0.1738184,0.0940512,0.0,0.0,0.0,0.0,0.0,0.0,0.0,-3.063681,0.6116833,0.6565683,-0.06541006,0.1236323,-3.189328,0.1419133,0.6251869,0.006179038,0.7674398,12.12784,79.5098,11.02259,-0.01831156,0.03720005,-0.9991379,-0.04929288,0.01553955,-0.4828298,1.452397,-0.2370933,-2.822484,-0.3175345,0.1496874,1.509238,0.2182062,0.1869287,-0.9578328,0.1679606,0.9596449,0.2255459,0.9613403,-0.2100937,0.1780038,moving,84.51962,-61.58267,-11.88139,5.664114
523,05/08/2023 17:08:01.941941,764,True,True,True,True,Eyes,-0.05896684,0.109726,-2.933059,0.9795393,-0.1733819,0.1021836,0.0,0.0,0.0,0.0,0.0,0.0,0.0,-3.064515,0.6125018,0.6998558,-0.06152583,0.1241871,-3.199532,0.1413414,0.619648,0.00586033,0.7720262,12.17955,78.66519,10.86259,-0.01851246,0.03721182,-0.9991337,-0.04541944,0.01647333,-0.4890105,1.452385,-0.2347843,-2.822474,-0.3262982,0.1351492,1.506735,0.232004,0.1842125,-0.9551125,0.1661151,0.9599766,0.2255012,0.9584257,-0.2109758,0.1921179,moving,84.04456,-59.48679,-12.21927,5.125525
524,05/08/2023 17:08:01.962153,765,True,True,True,True,Eyes,-0.05838262,0.1103107,-2.944621,0.9787056,-0.1730127,0.1104623,0.0,0.0,0.0,0.0,0.0,0.0,0.0,-3.061929,0.617451,0.7495809,-0.05761007,0.1244211,-3.209319,0.1405426,0.6132815,0.006727715,0.7772312,12.13502,77.70019,10.779,-0.01866982,0.03722828,-0.9991302,-0.04133918,0.01730447,-0.4945701,1.452373,-0.2324001,-2.822464,-0.3296736,0.1535895,1.504086,0.2476809,0.1828423,-0.9514321,0.1619263,0.9604051,0.2267201,0.9552142,-0.2102162,0.2082671,moving,83.56053,-57.44327,-12.36289,5.83054
525,05/08/2023 17:08:01.978948,766,True,True,True,True,Eyes,-0.05767028,0.1108713,-2.956102,0.9777154,-0.1729799,0.1189562,0.0,0.0,0.0,0.0,0.0,0.0,0.0,-3.060347,0.6155141,0.7973824,-0.05398181,0.1244882,-3.219004,0.1402656,0.6070973,0.005128873,0.7821331,12.30909,76.77497,10.51708,-0.01878454,0.03724824,-0.9991274,-0.03710616,0.0180203,-0.4995829,1.452361,-0.2300165,-2.822455,-0.3322007,0.1631135,1.50191,0.262813,0.1783327,-0.9482231,0.1622869,0.9605985,0.2256402,0.9511007,-0.2131853,0.2235168,moving,83.06306,-55.48417,-12.47219,6.198262
526,05/08/2023 17:08:01.992402,767,True,True,True,True,Eyes,-0.05682413,0.1114309,-2.967484,0.976721,-0.1728148,0.1270867,0.0,0.0,0.0,0.0,0.0,0.0,0.0,-3.058009,0.6197622,0.8407171,-0.05023551,0.1245619,-3.228667,0.1422926,0.6009864,0.002114104,0.7864882,12.78434,75.92662,10.29926,-0.01885805,0.03727062,-0.9991253,-0.03274276,0.01862092,-0.5040504,1.452349,-0.227708,-2.822445,-0.3359621,0.1638501,1.500989,0.2776217,0.1743573,-0.9447358,0.1677064,0.9594967,0.2263641,0.9459391,-0.2212819,0.2371363,moving,82.58657,-53.66952,-12.6164,6.229822
527,05/08/2023 17:08:02.012139,768,True,True,True,True,Eyes,-0.05583696,0.1119992,-2.978765,0.9756116,-0.1727725,0.1353945,0.0,0.0,0.0,0.0,0.0,0.0,0.0,-3.055159,0.6272418,0.8799372,-0.04619484,0.1251773,-3.237888,0.1440157,0.5953833,0.0005657258,0.7904289,13.1202,75.1526,10.1953,-0.01888924,0.03729531,-0.999124,-0.02823976,0.01918234,-0.5079551,1.452337,-0.2254374,-2.822436,-0.3399715,0.178818,1.499174,0.2910368,0.1723835,-0.9410534,0.1705948,0.9585183,0.2283421,0.9413793,-0.2269948,0.2495564,moving,82.09901,-51.91571,-12.77701,6.80197
528,05/08/2023 17:08:02.022111,769,True,True,True,True,Eyes,-0.05469947,0.1125719,-2.98996,0.9745277,-0.1723945,0.1434425,0.0,0.0,0.0,0.0,0.0,0.0,0.0,-3.051839,0.633912,0.918715,-0.04185738,0.1259873,-3.246841,0.1447754,0.5899677,0.0001825427,0.7943414,13.28452,74.38577,10.1264,-0.01887702,0.03732252,-0.9991234,-0.02358386,0.01973646,-0.5113187,1.452325,-0.2230599,-2.822426,-0.3396702,0.1796097,1.499391,0.3038762,0.1711156,-0.9372187,0.1705356,0.9580801,0.2302176,0.9373245,-0.2297868,0.2619565,moving,81.62666,-50.23754,-12.76427,6.830824
529,05/08/2023 17:08:02.042159,770,True,True,True,True,Eyes,-0.05341196,0.1131374,-3.001045,0.973353,-0.1720508,0.1515995,0.0,0.0,0.0,0.0,0.0,0.0,0.0,-3.049518,0.6368144,0.9549949,-0.03726492,0.1267007,-3.255712,0.1447106,0.5850062,-1.258033e-05,0.7980143,13.35459,73.66466,10.02036,-0.0188203,0.03735228,-0.9991235,-0.01875635,0.02027045,-0.5142258,1.452313,-0.2207714,-2.822417,-0.3387733,0.1628565,1.501639,0.3155356,0.169293,-0.9336901,0.1693332,0.9581177,0.2309474,0.9336829,-0.2309769,0.2736533,moving,81.14732,-48.61569,-12.71323,6.189681
530,05/08/2023 17:08:02.061853,771,True,True,True,True,Eyes,-0.05195883,0.1137057,-3.012015,0.9722179,-0.171389,0.1594308,0.0,0.0,0.0,0.0,0.0,0.0,0.0,-3.047951,0.6377356,0.9878004,-0.03240826,0.1271079,-3.264239,0.1442855,0.5805175,-0.0001960724,0.801362,13.38408,73.00424,9.896819,-0.01871827,0.0373842,-0.9991243,-0.01376847,0.02075059,-0.516626,1.452301,-0.2184071,-2.822407,-0.340165,0.1543918,1.502713,0.3259988,0.1672063,-0.9304659,0.1678348,0.9583633,0.2310223,0.9303527,-0.2314776,0.2843623,moving,80.68714,-47.07018,-12.75492,5.866103
531,05/08/2023 17:08:02.079114,772,True,True,True,True,Eyes,-0.05035212,0.114277,-3.022857,0.9710018,-0.17071,0.1673724,0.0,0.0,0.0,0.0,0.0,0.0,0.0,-3.047184,0.6360548,1.017659,-0.02710215,0.1276211,-3.272385,0.1431139,0.5765021,0.0001275574,0.8044649,13.30373,72.39556,9.774576,-0.01856985,0.0374183,-0.9991258,-0.008582941,0.02121052,-0.5185409,1.452288,-0.2160032,-2.822397,-0.3386918,0.1587794,1.503589,0.3352905,0.1652162,-0.927515,0.1648057,0.9590368,0.2304073,0.927588,-0.2301132,0.2943273,moving,80.21999,-45.56562,-12.69432,6.028109
532,05/08/2023 17:08:02.092109,773,True,True,True,True,Eyes,-0.04858329,0.1148323,-3.033551,0.9698585,-0.1695667,0.1749898,0.0,0.0,0.0,0.0,0.0,0.0,0.0,-3.044238,0.6392542,1.04922,-0.02184175,0.128256,-3.28024,0.1424719,0.572124,0.00102235,0.8076971,13.23694,71.75569,9.739521,-0.0183747,0.03745458,-0.999128,-0.003247856,0.02165164,-0.519954,1.452276,-0.2136815,-2.822388,-0.3375354,0.1612556,1.504453,0.3453462,0.1646746,-0.9239146,0.1613716,0.9594014,0.2313181,0.9244972,-0.2289784,0.3047518,moving,79.77227,-44.09828,-12.64534,6.117919
533,05/08/2023 17:08:02.112101,774,True,True,True,True,Eyes,-0.04663515,0.1153724,-3.044124,0.9686343,-0.1683757,0.1827489,0.0,0.0,0.0,0.0,0.0,0.0,0.0,-3.039838,0.640682,1.084369,-0.01607358,0.1284631,-3.287884,0.1408781,0.5673698,0.002667873,0.8113186,13.0362,71.04277,9.702499,-0.01813239,0.03749243,-0.9991308,0.002253509,0.02201846,-0.5208395,1.452264,-0.211367,-2.822378,-0.3305696,0.1587833,1.507147,0.3561688,0.1641889,-0.9198837,0.1555309,0.9602925,0.2316214,0.9213871,-0.2255667,0.3164898,moving,79.31579,-42.65592,-12.37105,6.014129
534,05/08/2023 17:08:02.122144,775,True,True,True,True,Eyes,-0.04450009,0.1158868,-3.054585,0.9674531,-0.1668602,0.1902422,0.0,0.0,0.0,0.0,0.0,0.0,0.0,-3.035887,0.6418209,1.11774,-0.009906804,0.1286441,-3.295639,0.1396456,0.5627242,0.003777782,0.8147555,12.90307,70.3563,9.645434,-0.01784213,0.03753127,-0.9991344,0.007962708,0.02231786,-0.5213079,1.452252,-0.2090073,-2.822369,-0.3240845,0.1609637,1.509445,0.3666545,0.1633198,-0.9159101,0.1510079,0.9609697,0.2318057,0.9180203,-0.2233023,0.3276813,moving,78.87517,-41.25379,-12.11769,6.086886
535,05/08/2023 17:08:02.142152,776,True,True,True,True,Eyes,-0.04217503,0.1163616,-3.064922,0.9662177,-0.1652393,0.1977858,0.0,0.0,0.0,0.0,0.0,0.0,0.0,-3.033088,0.641886,1.147127,-0.003416253,0.1284129,-3.303186,0.1381667,0.5585949,0.004981848,0.8178368,12.73429,69.73999,9.590493,-0.01750307,0.03757021,-0.9991385,0.01389015,0.02252193,-0.521412,1.45224,-0.2066476,-2.822359,-0.3144356,0.1632676,1.512148,0.3758937,0.1625072,-0.9123023,0.1462098,0.9617702,0.2315613,0.9150556,-0.22043,0.3377633,moving,78.43131,-39.87693,-11.74667,6.16239
536,05/08/2023 17:08:02.162282,777,True,True,True,True,Eyes,-0.03966364,0.1167807,-3.075095,0.965067,-0.1634161,0.2047946,0.0,0.0,0.0,0.0,0.0,0.0,0.0,-3.032406,0.639224,1.171605,0.00344685,0.1279085,-3.310647,0.1361296,0.5551828,0.006342809,0.8204879,12.49431,69.21353,9.525183,-0.01711452,0.03760802,-0.9991432,0.02003192,0.02259506,-0.5211387,1.452228,-0.2043545,-2.82235,-0.3030541,0.1478338,1.516454,0.3834638,0.1615621,-0.9093146,0.1407453,0.9628569,0.2304283,0.9127684,-0.2163426,0.3464817,moving,78.01913,-38.58817,-11.30134,5.567973
537,05/08/2023 17:08:02.179029,778,True,True,True,True,Eyes,-0.03694345,0.1171536,-3.085136,0.9638624,-0.1615215,0.211849,0.0,0.0,0.0,0.0,0.0,0.0,0.0,-3.031816,0.6363602,1.194308,0.01069702,0.1270727,-3.317676,0.1343443,0.5518816,0.007278272,0.8229979,12.30389,68.70951,9.441003,-0.01667625,0.03764309,-0.9991487,0.02636417,0.02249647,-0.5203896,1.452215,-0.2019376,-2.82234,-0.2902127,0.1339687,1.52077,0.3907475,0.1602643,-0.9064391,0.1363043,0.9637973,0.2291637,0.9103503,-0.2130967,0.3547567,moving,77.60396,-37.32323,-10.80401,5.034343
538,05/08/2023 17:08:02.192042,779,True,True,True,True,Eyes,-0.0340278,0.1174356,-3.094995,0.9627284,-0.1594056,0.2185036,0.0,0.0,0.0,0.0,0.0,0.0,0.0,-3.032099,0.6290314,1.216592,0.01841595,0.1263223,-3.324621,0.1320886,0.5486821,0.007768296,0.8254939,12.0961,68.20766,9.285684,-0.01618902,0.03767423,-0.9991558,0.0329429,0.02226561,-0.5192884,1.452204,-0.199665,-2.82233,-0.2780361,0.1342218,1.523796,0.3977753,0.1577747,-0.9038153,0.1321239,0.9649845,0.2266013,0.9079196,-0.209552,0.3630011,moving,77.21262,-36.11199,-10.34059,5.033839
539,05/08/2023 17:08:02.212259,780,True,True,True,True,Eyes,-0.03089653,0.1176198,-3.104718,0.9615444,-0.1573114,0.2251343,0.0,0.0,0.0,0.0,0.0,0.0,0.0,-3.032276,0.617453,1.239687,0.02642965,0.1245355,-3.331151,0.1287463,0.5454991,0.008492874,0.8281201,11.76916,67.68538,9.081925,-0.01564923,0.03769919,-0.9991637,0.03971328,0.02177539,-0.5177076,1.452192,-0.1973905,-2.822321,-0.2669172,0.1362461,1.526248,0.4047171,0.1545282,-0.9012909,0.1263957,0.9667045,0.2225005,0.9056646,-0.2039691,0.3717101,moving,76.82224,-34.94372,-9.919826,5.101193
540,05/08/2023 17:08:02.231991,781,True,True,True,True,Eyes,-0.02755446,0.1176929,-3.114282,0.9604332,-0.1554342,0.2311023,0.0,0.0,0.0,0.0,0.0,0.0,0.0,-3.034878,0.6086544,1.255084,0.03473384,0.1223789,-3.337663,0.1269824,0.5430176,0.007682109,0.8300292,11.68056,67.29363,8.849871,-0.01505952,0.0377154,-0.9991724,0.04672428,0.02102165,-0.5158134,1.45218,-0.1950231,-2.822311,-0.2540815,0.1339892,1.529394,0.4101458,0.1506601,-0.8994899,0.1251546,0.9676329,0.2191412,0.9033919,-0.2024551,0.3780148,moving,76.47052,-33.92389,-9.432523,5.006863
541,05/08/2023 17:08:02.246585,782,True,True,True,True,Eyes,-0.023987,0.1176747,-3.123715,0.9592937,-0.1536878,0.2369292,0.0,0.0,0.0,0.0,0.0,0.0,0.0,-3.037248,0.6087903,1.266144,0.04338022,0.1198957,-3.344004,0.1270089,0.5407105,0.006622339,0.831539,11.77472,66.96867,8.716912,-0.01441738,0.03772043,-0.9991819,0.05394702,0.01997973,-0.5135571,1.452168,-0.1927472,-2.822302,-0.2412959,0.1260345,1.532318,0.4151766,0.1483636,-0.8975615,0.1263366,0.9676498,0.2183872,0.9009259,-0.2040642,0.3830018,moving,76.12657,-32.97009,-8.948951,4.702046
542,05/08/2023 17:08:02.262151,783,True,True,True,True,Eyes,-0.02021039,0.1175582,-3.132956,0.9582673,-0.1520034,0.242113,0.0,0.0,0.0,0.0,0.0,0.0,0.0,-3.042626,0.6119007,1.268544,0.05235921,0.1176999,-3.350314,0.1274071,0.5394734,0.006061693,0.8322856,11.86099,66.80376,8.671824,-0.0137218,0.03771266,-0.9991922,0.06141261,0.01872621,-0.511042,1.452156,-0.190379,-2.822292,-0.2288805,0.1202112,1.534965,0.4178634,0.1475556,-0.8964472,0.1273753,0.9674613,0.2186183,0.8995364,-0.2055378,0.3854718,moving,75.82056,-32.12143,-8.480958,4.477995
543,05/08/2023 17:08:02.279338,784,True,True,True,True,Eyes,-0.01618708,0.117373,-3.142055,0.9572457,-0.1503081,0.2471603,0.0,0.0,0.0,0.0,0.0,0.0,0.0,-3.048499,0.6193753,1.266477,0.0617238,0.1154376,-3.356159,0.128377,0.5386502,0.005921501,0.8326705,11.97075,66.71233,8.711284,-0.01299468,0.03769109,-0.999203,0.05772785,0.01760264,-0.4803795,1.452144,-0.1880505,-2.822283,-0.2193836,0.1204539,1.536533,0.4196418,0.1481619,-0.8955159,0.1284392,0.9669685,0.2201706,0.8985567,-0.2074122,0.3867507,moving,75.52246,-31.30548,-8.125679,4.48244
544,05/08/2023 17:08:02.293047,785,True,True,True,True,Eyes,-0.01190368,0.1171264,-3.150974,0.9563464,-0.1483954,0.2517543,0.0,0.0,0.0,0.0,0.0,0.0,0.0,-3.055101,0.6209662,1.265261,0.07167024,0.1135874,-3.361858,0.1277158,0.537967,0.006741615,0.8332075,11.8631,66.6067,8.7366,-0.01221054,0.037655,-0.9992144,0.05426418,0.01654648,-0.4515567,1.452132,-0.1857395,-2.822273,-0.2107282,0.1223705,1.537972,0.4210921,0.1486481,-0.8947542,0.1261794,0.9672865,0.220081,0.8981982,-0.2055739,0.3885604,moving,75.25172,-30.51702,-7.801912,4.549221
545,05/08/2023 17:08:02.312314,786,True,True,True,True,Eyes,-0.007343886,0.1168372,-3.159741,0.9554931,-0.1463352,0.2561621,0.0,0.0,0.0,0.0,0.0,0.0,0.0,-3.063399,0.6200289,1.259871,0.0824571,0.1119229,-3.367016,0.126403,0.5378548,0.008012693,0.8334688,11.659,66.56716,8.770411,-0.01136783,0.03760423,-0.9992264,0.05100833,0.01555369,-0.4244633,1.452119,-0.1833507,-2.822264,-0.2021503,0.1259944,1.539255,0.421296,0.1493295,-0.8945448,0.1226162,0.9679161,0.2193252,0.8985961,-0.2020865,0.3894689,moving,74.99226,-29.73761,-7.481837,4.679466
546,05/08/2023 17:08:02.328140,787,True,True,True,True,Eyes,-0.002487827,0.1164817,-3.168327,0.9547195,-0.1439124,0.2603839,0.0,0.0,0.0,0.0,0.0,0.0,0.0,-3.072374,0.623542,1.250597,0.0936471,0.110561,-3.372134,0.1249828,0.5382187,0.0107556,0.8334172,11.34685,66.59908,8.945992,-0.01046332,0.03753908,-0.9992388,0.04794783,0.01462047,-0.3989955,1.452107,-0.181024,-2.822254,-0.1935125,0.1320189,1.540565,0.4204099,0.1524639,-0.894433,0.1166083,0.9685273,0.2199033,0.89981,-0.1967479,0.3893999,moving,74.74456,-28.92913,-7.159505,4.898002
547,05/08/2023 17:08:02.341930,788,True,True,True,True,Eyes,0.00265794,0.1160624,-3.176759,0.95398,-0.1414407,0.2644178,0.0,0.0,0.0,0.0,0.0,0.0,0.0,-3.079357,0.6248153,1.245687,0.1056984,0.1085576,-3.376627,0.1216333,0.5381768,0.01548069,0.8338653,10.73046,66.54033,9.179475,-0.009495627,0.03745931,-0.9992516,0.04507096,0.01374324,-0.3750558,1.452095,-0.1786461,-2.822244,-0.1842943,0.1325434,1.542101,0.4202522,0.156738,-0.893768,0.1051028,0.9699314,0.2195143,0.9013,-0.1861889,0.3911422,moving,74.50805,-28.14295,-6.815016,4.912491
548,05/08/2023 17:08:02.362222,789,True,True,True,True,Eyes,0.008109738,0.1155938,-3.185015,0.9532669,-0.1388641,0.2683263,0.0,0.0,0.0,0.0,0.0,0.0,0.0,-3.087288,0.637544,1.233371,0.1177943,0.1065736,-3.381387,0.1216007,0.5385186,0.01844905,0.8335891,10.53637,66.60188,9.468183,-0.008463083,0.03736466,-0.9992645,0.0423667,0.01291865,-0.3525524,1.452083,-0.1763019,-2.822235,-0.1757396,0.1310825,1.54377,0.4193147,0.1617263,-0.8933195,0.1002106,0.9697459,0.2226003,0.9022932,-0.1828596,0.390422,moving,74.27911,-27.36245,-6.494476,4.853379
549,05/08/2023 17:08:02.382457,790,True,True,True,True,Eyes,0.01385811,0.1150874,-3.193114,0.9525671,-0.1362003,0.2721495,0.0,0.0,0.0,0.0,0.0,0.0,0.0,-3.092062,0.6586089,1.223273,0.1307133,0.1049381,-3.385692,0.1220487,0.538321,0.02293943,0.8335397,10.29797,66.60769,9.928673,-0.00736264,0.03725532,-0.9992775,0.0398247,0.01214353,-0.3313993,1.452071,-0.1739919,-2.822225,-0.1700673,0.1318518,1.54488,0.4193685,0.1696446,-0.8918244,0.09316088,0.9691558,0.2281624,0.9030233,-0.1787673,0.3906292,moving,74.05531,-26.58619,-6.282083,4.878236
550,05/08/2023 17:08:02.392422,791,True,True,True,True,Eyes,0.01991401,0.1146356,-3.201055,0.9517471,-0.134101,0.2760335,0.0,0.0,0.0,0.0,0.0,0.0,0.0,-3.096508,0.673728,1.217063,0.1435707,0.1034312,-3.390015,0.1218026,0.5377617,0.02680729,0.8338213,10.03742,66.54395,10.27877,-0.006192752,0.03713189,-0.9992901,0.03743521,0.01141492,-0.3115153,1.452059,-0.1716471,-2.822216,-0.1655474,0.1287419,1.546189,0.4201875,0.1757065,-0.8902638,0.08629657,0.968891,0.2319551,0.9033246,-0.1742913,0.391953,moving,73.82635,-25.91114,-6.111264,4.759697
551,05/08/2023 17:08:02.412626,792,True,True,True,True,Eyes,0.02627004,0.1143226,-3.208818,0.9509029,-0.1320244,0.2799163,0.0,0.0,0.0,0.0,0.0,0.0,0.0,-3.101609,0.6959831,1.204579,0.1569488,0.104337,-3.394092,0.1258033,0.5372428,0.0271833,0.8335495,10.39997,66.57054,10.57403,-0.004951804,0.03699778,-0.9993021,0.0351891,0.01073002,-0.2928244,1.452045,-0.1689357,-2.822205,-0.1600248,0.1235383,1.547557,0.4212625,0.1804911,-0.8887975,0.08985661,0.9668692,0.2389347,0.9024764,-0.1805186,0.3910874,moving,73.59721,-25.25122,-5.903677,4.564126
552,05/08/2023 17:08:02.422114,793,True,True,True,True,Eyes,0.03297105,0.1140485,-3.216418,0.9499021,-0.1292647,0.284564,0.0,0.0,0.0,0.0,0.0,0.0,0.0,-3.099035,0.7292957,1.203506,0.1705281,0.1073846,-3.397603,0.128487,0.5353421,0.03264901,0.8341666,10.33495,66.40342,11.25673,-0.003638568,0.03685869,-0.9993131,0.05214587,0.009147223,-0.2985429,1.452034,-0.1669072,-2.822196,-0.1515283,0.1145781,1.549546,0.4246857,0.1920385,-0.8847392,0.08309962,0.9648502,0.249316,0.9015189,-0.1794024,0.3937998,moving,73.32326,-24.43017,-5.58513,4.228926
553,05/08/2023 17:08:02.442166,794,True,True,True,True,Eyes,0.03990549,0.1137715,-3.223914,0.9487901,-0.1270519,0.289232,0.0,0.0,0.0,0.0,0.0,0.0,0.0,-3.091089,0.7229312,1.239389,0.185344,0.1077707,-3.401114,0.1200218,0.5304338,0.04250287,0.83811,8.980196,65.57269,11.59753,-0.002250609,0.03671657,-0.9993224,0.06912015,0.007775958,-0.3034313,1.452023,-0.1646921,-2.822187,-0.1451702,0.1133281,1.550831,0.433667,0.1985714,-0.8789212,0.05608313,0.9675766,0.2462729,0.8993262,-0.1560931,0.4084695,moving,73.04653,-23.71461,-5.347763,4.179503
554,05/08/2023 17:08:02.461855,795,True,True,True,True,Eyes,0.04710694,0.1135693,-3.231282,0.9474882,-0.1254349,0.2941636,0.0,0.0,0.0,0.0,0.0,0.0,0.0,-3.091514,0.7314086,1.249039,0.1978976,0.107524,-3.40614,0.1238365,0.5272057,0.03892016,0.8397642,9.610479,65.20818,11.46277,-0.0007888593,0.03657182,-0.99933,0.08577625,0.006478452,-0.3077116,1.452011,-0.1623528,-2.822178,-0.1401103,0.1173519,1.551719,0.4410787,0.1959421,-0.8758175,0.06520712,0.9662995,0.2490248,0.8950965,-0.1669491,0.4134372,moving,72.75217,-23.09399,-5.159451,4.324877
555,05/08/2023 17:08:02.479565,796,True,True,True,True,Eyes,0.05451844,0.1134323,-3.238527,0.9461837,-0.1236632,0.2990716,0.0,0.0,0.0,0.0,0.0,0.0,0.0,-3.091211,0.7387989,1.259551,0.211513,0.1091975,-3.410456,0.1270413,0.5238199,0.03642969,0.8415142,10.11642,64.81371,11.38939,0.0007464985,0.03642719,-0.9993353,0.102234,0.005483074,-0.3113539,1.451998,-0.1599916,-2.822168,-0.1350524,0.1122295,1.552996,0.4485712,0.1944057,-0.8723476,0.0717813,0.9650668,0.2519793,0.8908599,-0.1756489,0.4189465,moving,72.4592,-22.46461,-4.970083,4.133377
556,05/08/2023 17:08:02.492152,797,True,True,True,True,Eyes,0.0620926,0.1133392,-3.24566,0.9447598,-0.1225155,0.3040045,0.0,0.0,0.0,0.0,0.0,0.0,0.0,-3.099874,0.7132986,1.266947,0.2239755,0.1105878,-3.414787,0.1230213,0.5224339,0.03567741,0.8430039,9.795772,64.52431,11.03947,0.002353769,0.03628487,-0.999338,0.1183345,0.004743197,-0.3144086,1.451986,-0.1576193,-2.822158,-0.1291181,0.108489,1.554419,0.4515798,0.1886934,-0.8720495,0.06838864,0.9671858,0.2446931,0.8896059,-0.1701368,0.4238571,moving,72.16287,-21.9497,-4.748382,3.992423
557,05/08/2023 17:08:02.512383,798,True,True,True,True,Eyes,0.06980053,0.113352,-3.25264,0.9432572,-0.1217902,0.3089222,0.0,0.0,0.0,0.0,0.0,0.0,0.0,-3.105336,0.7123646,1.267397,0.2353107,0.1116037,-3.418924,0.1268484,0.5206176,0.0301713,0.8437752,10.52402,64.34078,10.72676,0.004029615,0.03614613,-0.9993377,0.1339569,0.004179365,-0.3169424,1.451974,-0.1553089,-2.822149,-0.123053,0.1099908,1.55553,0.456094,0.1829946,-0.8709141,0.08116341,0.9659984,0.2454785,0.8862228,-0.1826476,0.4257336,moving,71.86607,-21.51645,-4.523068,4.044628
558,05/08/2023 17:08:02.522160,799,True,True,True,True,Eyes,0.07765229,0.1134355,-3.259544,0.9415668,-0.1211635,0.3142794,0.0,0.0,0.0,0.0,0.0,0.0,0.0,-3.106591,0.7100317,1.276988,0.2462448,0.1142467,-3.422288,0.1295735,0.5177934,0.02618789,0.8452308,11.06481,64.00134,10.47663,0.005770872,0.03601402,-0.9993339,0.1490433,0.003966936,-0.3188664,1.451962,-0.1529021,-2.822139,-0.1178046,0.1097512,1.556673,0.4624083,0.1784542,-0.8685232,0.089915,0.9650498,0.2461589,0.8820964,-0.1919192,0.4302014,moving,71.54184,-21.08305,-4.327734,4.032892
559,05/08/2023 17:08:02.542198,800,True,True,True,True,Eyes,0.08561224,0.1135638,-3.266351,0.9398142,-0.120843,0.3196032,0.0,0.0,0.0,0.0,0.0,0.0,0.0,-3.102829,0.7001481,1.304665,0.2570277,0.1158134,-3.426431,0.1281111,0.513348,0.02558878,0.8481784,11.01409,63.36009,10.2662,0.007573931,0.03589016,-0.9993263,0.163656,0.003979461,-0.3204468,1.45195,-0.1506066,-2.822129,-0.1127575,0.1118243,1.558474,0.4716379,0.1749389,-0.8642651,0.08812353,0.9658655,0.2435941,0.8773779,-0.1910503,0.4401225,moving,71.21835,-20.71177,-4.138208,4.104077
560,05/08/2023 17:08:02.562254,801,True,True,True,True,Eyes,0.09370409,0.113772,-3.273081,0.9379393,-0.1205341,0.3251788,0.0,0.0,0.0,0.0,0.0,0.0,0.0,-3.104834,0.6987597,1.314693,0.2675929,0.1170879,-3.430942,0.1300528,0.5106891,0.02251779,0.849574,11.41885,63.02876,10.05242,0.009435135,0.0357752,-0.9993147,0.1777164,0.004125501,-0.3216398,1.451938,-0.1482599,-2.82212,-0.1080213,0.1141261,1.559672,0.4773793,0.1710942,-0.8618792,0.09457205,0.9651585,0.2439782,0.8735932,-0.1979798,0.4445659,moving,70.87883,-20.33824,-3.961921,4.185053
561,05/08/2023 17:08:02.579761,802,True,True,True,True,Eyes,0.1019094,0.1140243,-3.279716,0.9360579,-0.1198214,0.3308146,0.0,0.0,0.0,0.0,0.0,0.0,0.0,-3.103298,0.7096551,1.326704,0.2786289,0.1190915,-3.435461,0.1308859,0.5078397,0.02426128,0.8511049,11.429,62.67496,10.23935,0.01135182,0.03567074,-0.9992985,0.191329,0.00450268,-0.3225317,1.451926,-0.1459049,-2.82211,-0.1049361,0.1145977,1.561188,0.4830205,0.1742359,-0.8580986,0.09164029,0.9645605,0.2474369,0.8708004,-0.1981535,0.4499355,moving,70.53595,-19.91044,-3.845385,4.198221
562,05/08/2023 17:08:02.592360,803,True,True,True,True,Eyes,0.110199,0.1142731,-3.28628,0.9341068,-0.1190815,0.3365471,0.0,0.0,0.0,0.0,0.0,0.0,0.0,-3.103762,0.7028238,1.343038,0.2895621,0.1203045,-3.439874,0.1268084,0.5053683,0.02819419,0.8530695,10.82769,62.26845,10.33879,0.01332087,0.03557716,-0.9992775,0.2044653,0.004989416,-0.3230839,1.451913,-0.1435788,-2.822101,-0.1018372,0.1125735,1.562573,0.487616,0.1762732,-0.855078,0.08006673,0.9662494,0.2448498,0.869379,-0.187856,0.457045,moving,70.18653,-19.48547,-3.72885,4.12068
563,05/08/2023 17:08:02.612402,804,True,True,True,True,Eyes,0.1185414,0.1145361,-3.292748,0.9321133,-0.1186576,0.3421771,0.0,0.0,0.0,0.0,0.0,0.0,0.0,-3.107209,0.6963162,1.35248,0.299699,0.1203849,-3.444488,0.1260834,0.503334,0.02729094,0.8544081,10.83495,61.97267,10.17816,0.01533814,0.03549333,-0.9992517,0.2170662,0.005436353,-0.3233927,1.451902,-0.1412795,-2.822091,-0.1015158,0.1082822,1.564019,0.4918203,0.1735593,-0.8532233,0.08028895,0.9667163,0.2429263,0.8669871,-0.1879805,0.4615158,moving,69.84191,-19.12515,-3.713689,3.960458
564,05/08/2023 17:08:02.622090,805,True,True,True,True,Eyes,0.1269471,0.1148548,-3.299142,0.9300014,-0.1182885,0.3480016,0.0,0.0,0.0,0.0,0.0,0.0,0.0,-3.109639,0.6981231,1.358859,0.3093116,0.1210646,-3.44868,0.1283697,0.5011987,0.02445125,0.8554083,11.25098,61.72222,10.01175,0.01740013,0.03541876,-0.9992206,0.2290694,0.005899345,-0.3233933,1.451889,-0.1388928,-2.822082,-0.1047215,0.1204741,1.563958,0.496404,0.170509,-0.8511814,0.08684583,0.9658467,0.2441268,0.8637366,-0.1951071,0.4646422,moving,69.48441,-18.7733,-3.830765,4.404884
565,05/08/2023 17:08:02.642039,806,True,True,True,True,Eyes,0.1354048,0.1152458,-3.305427,0.9278219,-0.118018,0.3538619,0.0,0.0,0.0,0.0,0.0,0.0,0.0,-3.107833,0.6928938,1.378011,0.3188617,0.1225998,-3.452672,0.1282645,0.4977869,0.0232404,0.8574474,11.35122,61.2545,9.839832,0.019503,0.03535427,-0.999184,0.2405423,0.006501435,-0.32317,1.451877,-0.1365838,-2.822072,-0.09896347,0.1138638,1.566134,0.5033362,0.1675516,-0.8476903,0.08784197,0.9660162,0.2430977,0.8596141,-0.1968227,0.4715128,moving,69.12365,-18.44427,-3.615694,4.158301
566,05/08/2023 17:08:02.662232,807,True,True,True,True,Eyes,0.1439295,0.1157035,-3.311634,0.9255063,-0.1176098,0.3600084,0.0,0.0,0.0,0.0,0.0,0.0,0.0,-3.106486,0.6851162,1.396688,0.328568,0.1247618,-3.456423,0.1281353,0.4944393,0.021598,0.8594444,11.47221,60.79268,9.623593,0.02164346,0.03530111,-0.9991419,0.2514827,0.007284346,-0.3226347,1.451865,-0.1342447,-2.822062,-0.09535846,0.1045801,1.56764,0.5101265,0.1638348,-0.8443512,0.08958571,0.9662298,0.2416081,0.8554211,-0.1988925,0.4782223,moving,68.74469,-18.09151,-3.480974,3.81665
567,05/08/2023 17:08:02.679775,808,True,True,True,True,Eyes,0.1525116,0.1161908,-3.317743,0.923134,-0.1169714,0.3662531,0.0,0.0,0.0,0.0,0.0,0.0,0.0,-3.100061,0.6789137,1.426005,0.3384281,0.1266954,-3.460377,0.1264075,0.4898711,0.02239192,0.8622912,11.30676,60.14838,9.536684,0.02381914,0.03526018,-0.9990939,0.2619681,0.008220375,-0.3218969,1.451853,-0.1318749,-2.822053,-0.09432086,0.1391563,1.567458,0.5190498,0.1624635,-0.8391621,0.08523006,0.9670395,0.2399385,0.8504841,-0.1960619,0.4880949,moving,68.35931,-17.71208,-3.443587,5.073321
568,05/08/2023 17:08:02.692426,809,True,True,True,True,Eyes,0.1611255,0.1166997,-3.32375,0.9207107,-0.116373,0.3724907,0.0,0.0,0.0,0.0,0.0,0.0,0.0,-3.098474,0.6576279,1.451068,0.3483821,0.127864,-3.46423,0.1224574,0.4863126,0.02246499,0.8648697,10.95099,59.58717,9.258767,0.02602669,0.03523121,-0.9990399,0.2719961,0.009188978,-0.3209108,1.451841,-0.1295683,-2.822043,-0.08725712,0.1335489,1.568865,0.5259907,0.1579637,-0.8356921,0.08024656,0.9689991,0.2336694,0.8466961,-0.1899693,0.4970084,moving,67.97328,-17.34977,-3.183396,4.865548
569,05/08/2023 17:08:02.712175,810,True,True,True,True,Eyes,0.1697971,0.1172683,-3.329651,0.9182402,-0.1156687,0.3787555,0.0,0.0,0.0,0.0,0.0,0.0,0.0,-3.097525,0.6496709,1.46885,0.3580902,0.1290033,-3.468341,0.1221326,0.4831154,0.02081294,0.8667467,11.04652,59.14491,9.032587,0.02826371,0.03521369,-0.9989797,0.281518,0.01016451,-0.3196777,1.451829,-0.1272186,-2.822034,-0.08162853,0.1168665,1.571747,0.5323325,0.1540874,-0.8323936,0.08192918,0.9693009,0.2318261,0.8425614,-0.1916059,0.5033662,moving,67.58485,-16.98222,-2.972979,4.252375
570,05/08/2023 17:08:02.722072,811,True,True,True,True,Eyes,0.1785098,0.1178643,-3.335423,0.9157643,-0.1146118,0.3850192,0.0,0.0,0.0,0.0,0.0,0.0,0.0,-3.096186,0.6369126,1.487918,0.3681531,0.1309863,-3.471776,0.1199503,0.4799927,0.02084698,0.8687834,10.85994,58.68477,8.866573,0.0305279,0.03520833,-0.9989133,0.290642,0.01126019,-0.318201,1.451817,-0.1248353,-2.822024,-0.07685781,0.1312175,1.572176,0.538345,0.1513736,-0.829018,0.0789275,0.9703547,0.2284344,0.8390204,-0.1884088,0.510438,moving,67.19642,-16.57711,-2.798749,4.770984
571,05/08/2023 17:08:02.742048,812,True,True,True,True,Eyes,0.1872689,0.1184785,-3.341096,0.9132648,-0.1135529,0.3912203,0.0,0.0,0.0,0.0,0.0,0.0,0.0,-3.096338,0.610176,1.509349,0.3783498,0.1323145,-3.475212,0.1152015,0.4769845,0.02087629,0.8710791,10.41543,58.18931,8.552693,0.03281676,0.0352148,-0.9988405,0.2993413,0.01237276,-0.3164225,1.451805,-0.1225506,-2.822015,-0.0778586,0.1240109,1.573109,0.5441,0.1462685,-0.8261724,0.07352889,0.9725856,0.2206147,0.8357924,-0.180784,0.5184289,moving,66.81089,-16.18554,-2.833455,4.507405
572,05/08/2023 17:08:02.762221,813,True,True,True,True,Eyes,0.196079,0.1190999,-3.346672,0.9107086,-0.1125437,0.3974214,0.0,0.0,0.0,0.0,0.0,0.0,0.0,-3.099768,0.5848734,1.522622,0.3882307,0.1333848,-3.478577,0.1127857,0.4747659,0.017987,0.8726702,10.35638,57.83038,8.093016,0.03512893,0.0352325,-0.9987613,0.3076581,0.01347292,-0.3144566,1.451793,-0.1202124,-2.822005,-0.07919663,0.1013714,1.57464,0.5485477,0.138487,-0.8245708,0.07570018,0.9739117,0.2139287,0.8326855,-0.1797702,0.5237535,moving,66.42417,-15.81131,-2.879269,3.683476
573,05/08/2023 17:08:02.772288,814,True,True,True,True,Eyes,0.2049257,0.1197251,-3.352149,0.9081498,-0.1114663,0.4035335,0.0,0.0,0.0,0.0,0.0,0.0,0.0,-3.104063,0.5595685,1.533295,0.3982469,0.1341761,-3.481769,0.1098468,0.4729412,0.01584583,0.8740763,10.19743,57.52012,7.684336,0.03746232,0.03526054,-0.9986754,0.3156289,0.01452888,-0.3123169,1.45178,-0.1178242,-2.821995,-0.08081746,0.09314176,1.575205,0.552151,0.1316031,-0.8232921,0.07620121,0.9753652,0.2070172,0.8302547,-0.1770406,0.5285206,moving,66.04218,-15.44152,-2.937042,3.383955
574,05/08/2023 17:08:02.792139,815,True,True,True,True,Eyes,0.2138178,0.120353,-3.357539,0.9055182,-0.1105534,0.409652,0.0,0.0,0.0,0.0,0.0,0.0,0.0,-3.107585,0.5385517,1.543432,0.4079777,0.1348914,-3.48492,0.1072939,0.471125,0.01422849,0.875401,10.04628,57.2238,7.352366,0.03981518,0.03529804,-0.998583,0.3232313,0.01553277,-0.3100094,1.451769,-0.1155751,-2.821986,-0.08321762,0.09873606,1.575037,0.5556775,0.1260089,-0.8217933,0.07618642,0.9765711,0.2012572,0.8278999,-0.1744436,0.5330585,moving,65.65824,-15.10271,-3.02443,3.587069
575,05/08/2023 17:08:02.812077,816,True,True,True,True,Eyes,0.222771,0.1209967,-3.36283,0.902832,-0.1094653,0.4158266,0.0,0.0,0.0,0.0,0.0,0.0,0.0,-3.105621,0.5336785,1.558798,0.4178146,0.1355581,-3.488066,0.1065035,0.4682057,0.01403612,0.8770653,10.00171,56.82508,7.254178,0.04218604,0.03534416,-0.9984841,0.3305137,0.01648445,-0.3075801,1.451756,-0.1132375,-2.821977,-0.08877963,0.1009756,1.574448,0.5611729,0.1243523,-0.8183039,0.07510993,0.9769199,0.1999647,0.8242835,-0.1736775,0.5388809,moving,65.27013,-14.74836,-3.227365,3.669581
576,05/08/2023 17:08:02.822084,817,True,True,True,True,Eyes,0.4482049,0.1365309,-3.493241,0.8213094,-0.0778276,0.5651492,0.0,0.0,0.0,0.0,0.0,0.0,0.0,-3.101388,0.5268246,1.579039,0.4282447,0.1365367,-3.491057,0.1040887,0.4647396,0.01571436,0.8791676,9.695778,56.33868,7.24901,0.04457422,0.03539854,-0.9983785,0.3375426,0.01742653,-0.304999,1.451744,-0.1108408,-2.821967,-0.09250399,0.1059207,1.574091,0.5675403,0.1243794,-0.8138965,0.06911721,0.9778372,0.197629,0.8204393,-0.1684167,0.5463653,moving,55.46785,-7.840975,-3.363211,3.849635
577,05/08/2023 17:08:02.834310,818,True,True,True,True,Eyes,0.4486334,0.1365254,-3.493371,0.8211376,-0.07782568,0.5653992,0.0,0.0,0.0,0.0,0.0,0.0,0.0,-3.096104,0.5227919,1.601097,0.4387603,0.136579,-3.494498,0.1020558,0.4609442,0.01728954,0.8813719,9.43677,55.81732,7.254092,0.07140964,0.03644989,-0.9967806,0.9935918,0.06298329,-0.6779304,1.451732,-0.1085694,-2.821958,-0.09396401,0.1133437,1.573271,0.574463,0.124561,-0.8089975,0.06360698,0.9785714,0.1958371,0.8160555,-0.1639591,0.5542301,moving,55.45041,-7.837359,-3.417945,4.120659
578,05/08/2023 17:08:02.862056,819,True,True,True,True,Eyes,0.449452,0.1365141,-3.493627,0.82083,-0.07796616,0.5658263,0.0,0.0,0.0,0.0,0.0,0.0,0.0,-3.09256,0.5234386,1.617885,0.4494829,0.1364453,-3.49783,0.1018396,0.4575987,0.01744313,0.8831353,9.434059,55.37878,7.221926,0.0919573,0.03724127,-0.995066,0.9339763,0.05920429,-0.6372545,1.45172,-0.1062282,-2.821948,-0.09374472,0.122006,1.57246,0.5805984,0.1240126,-0.8046903,0.06239405,0.9786489,0.1958402,0.8117959,-0.1639124,0.5604643,moving,55.42017,-7.845479,-3.411742,4.436649
579,05/08/2023 17:08:02.875407,820,True,True,True,True,Eyes,0.4506452,0.1364842,-3.49401,0.8203365,-0.07809614,0.5665237,0.0,0.0,0.0,0.0,0.0,0.0,0.0,-3.088529,0.5227122,1.636292,0.4598197,0.1363588,-3.501381,0.1018825,0.4540632,0.01685735,0.8849646,9.498172,54.91628,7.12643,0.1075155,0.03783283,-0.9934831,0.8779377,0.05565203,-0.5990193,1.451708,-0.1038438,-2.821938,-0.09190145,0.1221724,1.571748,0.5870849,0.1223585,-0.8002248,0.06268584,0.9786716,0.1956334,0.8070946,-0.1650161,0.5668932,moving,55.37108,-7.848841,-3.346323,4.444679
580,05/08/2023 17:08:02.892183,821,True,True,True,True,Eyes,0.4521896,0.136411,-3.494513,0.8196741,-0.07840835,0.5674386,0.0,0.0,0.0,0.0,0.0,0.0,0.0,-3.083803,0.5147421,1.657968,0.4700213,0.1358947,-3.504893,0.1009438,0.450237,0.01575359,0.887045,9.491287,54.39715,6.920671,0.1191374,0.03826986,-0.9921397,0.8252615,0.05231291,-0.5630781,1.451696,-0.1015175,-2.821929,-0.08525091,0.1213852,1.571533,0.5940771,0.1188455,-0.7955803,0.06294893,0.9791244,0.193269,0.8019412,-0.1648976,0.5741941,moving,55.30618,-7.867279,-3.105079,4.416756
581,05/08/2023 17:08:02.912512,822,True,True,True,True,Eyes,0.4540751,0.1362987,-3.495138,0.8188454,-0.07878372,0.5685819,0.0,0.0,0.0,0.0,0.0,0.0,0.0,-3.080791,0.5056649,1.676975,0.4802221,0.1348969,-3.508618,0.1006066,0.4467351,0.01339086,0.8888908,9.607171,53.92307,6.621633,0.1276708,0.03858617,-0.9910656,0.7757458,0.04917414,-0.5292934,1.451684,-0.099236,-2.821919,-0.07461005,0.1253841,1.570912,0.6004969,0.113695,-0.791503,0.06608294,0.979398,0.1908208,0.7968918,-0.1668921,0.5806122,moving,55.22503,-7.888774,-2.719205,4.563454
582,05/08/2023 17:08:02.922276,823,True,True,True,True,Eyes,0.4562924,0.1361493,-3.495883,0.8178829,-0.07918192,0.5699103,0.0,0.0,0.0,0.0,0.0,0.0,0.0,-3.076455,0.5001221,1.696935,0.4903132,0.133874,-3.512259,0.1004846,0.4430458,0.01158016,0.8907745,9.715567,53.43237,6.388243,0.133796,0.03880763,-0.9902485,0.7292011,0.04622369,-0.4975358,1.451672,-0.09684852,-2.821909,-0.06210357,0.1260966,1.570156,0.6071527,0.1096692,-0.7869804,0.06840794,0.9795375,0.1892794,0.791635,-0.1687572,0.5872266,moving,55.13077,-7.909896,-2.265011,4.591475
583,05/08/2023 17:08:02.941999,824,True,True,True,True,Eyes,0.4588308,0.1359376,-3.496751,0.8167409,-0.07949891,0.5715017,0.0,0.0,0.0,0.0,0.0,0.0,0.0,-3.071471,0.4935091,1.718481,0.5005732,0.1328776,-3.516026,0.09928168,0.4392526,0.01107001,0.8927923,9.645444,52.92039,6.230006,0.1380571,0.03895415,-0.9896578,0.685449,0.04345027,-0.4676837,1.45166,-0.09452667,-2.8219,-0.04990569,0.1265593,1.568969,0.6138694,0.1069859,-0.7821243,0.06745302,0.9800413,0.1870009,0.7865205,-0.1675507,0.5944008,moving,55.0182,-7.919327,-1.821847,4.611722
584,05/08/2023 17:08:02.962053,825,True,True,True,True,Eyes,0.4616739,0.1356758,-3.497748,0.8154606,-0.07980881,0.573284,0.0,0.0,0.0,0.0,0.0,0.0,0.0,-3.064491,0.4898489,1.7427,0.5108409,0.1311631,-3.519929,0.09807888,0.4350401,0.01108806,0.8949848,9.550144,52.35949,6.122932,0.1408892,0.03904043,-0.9892551,0.644322,0.04084325,-0.4396226,1.451648,-0.09220411,-2.821891,-0.0344052,0.1241783,1.567891,0.6212344,0.1051838,-0.7765334,0.0654892,0.9805151,0.1852057,0.7808835,-0.1659107,0.6022413,moving,54.89207,-7.925403,-1.257075,4.528421
585,05/08/2023 17:08:02.980296,826,True,True,True,True,Eyes,0.464822,0.1353626,-3.49886,0.8140001,-0.07999829,0.5753296,0.0,0.0,0.0,0.0,0.0,0.0,0.0,-3.058113,0.4897245,1.76503,0.520984,0.1297212,-3.524055,0.09789408,0.4309884,0.01057629,0.8969693,9.584352,51.83289,6.016724,0.142639,0.03907809,-0.9890028,0.6056627,0.03839265,-0.4132453,1.451635,-0.08984141,-2.821881,-0.01908726,0.1280641,1.566449,0.6282743,0.1033556,-0.771096,0.06540921,0.9806098,0.1847325,0.7752374,-0.1664995,0.6093315,moving,54.7476,-7.916093,-0.6981171,4.673786
586,05/08/2023 17:08:02.992608,827,True,True,True,True,Eyes,0.4682609,0.1349995,-3.500086,0.8123887,-0.07993791,0.577611,0.0,0.0,0.0,0.0,0.0,0.0,0.0,-3.050409,0.4880043,1.789421,0.5314935,0.1281662,-3.527926,0.09678652,0.4266818,0.01099317,0.8991408,9.477963,51.26706,5.956859,0.1435829,0.03907615,-0.9888663,0.5693229,0.03608909,-0.3884506,1.451624,-0.08753315,-2.821871,-0.004345924,0.1404508,1.564066,0.6356435,0.1023629,-0.7651662,0.06282529,0.981023,0.1834306,0.7694221,-0.1646683,0.61715,moving,54.58705,-7.879343,-0.159202,5.131314
587,05/08/2023 17:08:03.011971,828,True,True,True,True,Eyes,0.4719971,0.1345801,-3.501437,0.8105984,-0.07969599,0.5801542,0.0,0.0,0.0,0.0,0.0,0.0,0.0,-3.041368,0.4827002,1.817708,0.5420973,0.1266021,-3.532292,0.09426518,0.4220157,0.01256332,0.901587,9.170487,50.64384,5.943056,0.1439419,0.03904162,-0.9888148,0.5351636,0.03392375,-0.3651435,1.45161,-0.0849712,-2.821861,0.008186847,0.149083,1.561527,0.6434899,0.1022166,-0.7585991,0.05690891,0.9819125,0.1805804,0.7633362,-0.1593727,0.6260337,moving,54.40829,-7.821787,0.3003902,5.453643
588,05/08/2023 17:08:03.022102,829,True,True,True,True,Eyes,0.4760562,0.1341044,-3.502962,0.808654,-0.07926668,0.5829198,0.0,0.0,0.0,0.0,0.0,0.0,0.0,-3.032073,0.4819088,1.845075,0.5529971,0.1247874,-3.536754,0.09227974,0.4173454,0.01444329,0.9039352,8.903697,50.03234,5.992288,0.1438898,0.03897981,-0.9888249,0.5030538,0.03188832,-0.3432349,1.451599,-0.08276336,-2.821852,0.01979756,0.1525276,1.55915,0.6512284,0.1031367,-0.7518407,0.05091345,0.9825517,0.1788855,0.7571719,-0.1547741,0.6346146,moving,54.21398,-7.743706,0.7274836,5.587318
589,05/08/2023 17:08:03.042126,830,True,True,True,True,Eyes,0.4804001,0.1335609,-3.504625,0.8065501,-0.07868381,0.5859058,0.0,0.0,0.0,0.0,0.0,0.0,0.0,-3.023269,0.4843912,1.871285,0.5640295,0.122797,-3.541651,0.09039564,0.4128242,0.01697677,0.9061549,8.615804,49.44736,6.119658,0.1435649,0.03889471,-0.988875,0.4728706,0.02997502,-0.3226408,1.451587,-0.08047056,-2.821842,0.02961314,0.1538187,1.556697,0.6585759,0.1054022,-0.745096,0.04386786,0.9830809,0.1778417,0.7512345,-0.1498081,0.6428096,moving,54.00405,-7.648734,1.089809,5.643132
590,05/08/2023 17:08:03.062051,831,True,True,True,True,Eyes,0.4850315,0.1329649,-3.506449,0.8043606,-0.07801377,0.5889974,0.0,0.0,0.0,0.0,0.0,0.0,0.0,-3.014539,0.489647,1.896674,0.5752321,0.120578,-3.546709,0.08891487,0.4083464,0.01957081,0.9082755,8.368264,48.87552,6.276783,0.1430767,0.03878937,-0.98895,0.4444983,0.02817652,-0.3032824,1.451575,-0.07812203,-2.821833,0.03781742,0.1545848,1.553937,0.6657404,0.1081675,-0.7383018,0.03706477,0.9834222,0.1775017,0.7452624,-0.1455351,0.6506947,moving,53.78635,-7.545013,1.394104,5.681061
591,05/08/2023 17:08:03.080154,832,True,True,True,True,Eyes,0.4899295,0.1323502,-3.508417,0.8020067,-0.0773668,0.5922834,0.0,0.0,0.0,0.0,0.0,0.0,0.0,-3.006325,0.4967358,1.921213,0.5864729,0.1186565,-3.55215,0.08831479,0.4039201,0.02137456,0.9102705,8.251207,48.31907,6.396647,0.1425084,0.038666,-0.989037,0.4178284,0.02648593,-0.2850854,1.451563,-0.07579199,-2.821823,0.04427242,0.1524246,1.551013,0.6727834,0.1102575,-0.7315776,0.03243098,0.9834872,0.1780479,0.7391285,-0.1435135,0.658098,moving,53.55407,-7.442102,1.635018,5.612676
592,05/08/2023 17:08:03.092080,833,True,True,True,True,Eyes,0.4950966,0.1317097,-3.51054,0.7994688,-0.07661563,0.5958017,0.0,0.0,0.0,0.0,0.0,0.0,0.0,-2.996888,0.5086046,1.946369,0.5977885,0.1175772,-3.557695,0.08869983,0.3992668,0.02309516,0.9122417,8.244009,47.7486,6.554375,0.1420781,0.03853288,-0.9891042,0.3927587,0.02489677,-0.2679803,1.451551,-0.07345551,-2.821814,0.0520677,0.1502835,1.548041,0.6801053,0.1129665,-0.7243585,0.02869305,0.9831979,0.1802736,0.7325527,-0.1433891,0.6654369,moving,53.30479,-7.327594,1.926393,5.544888
593,05/08/2023 17:08:03.112399,834,True,True,True,True,Eyes,0.500513,0.1310138,-3.512821,0.7967595,-0.07589655,0.5995115,0.0,0.0,0.0,0.0,0.0,0.0,0.0,-2.985159,0.5090658,1.978148,0.6093261,0.1162573,-3.563509,0.08693158,0.3939226,0.02510092,0.9146792,8.004642,47.06465,6.63436,0.1418256,0.0383921,-0.9891456,0.3691932,0.02340297,-0.2519015,1.451539,-0.07111196,-2.821804,0.0612101,0.1445629,1.544766,0.6883899,0.1144072,-0.7162614,0.02257005,0.9836257,0.1788046,0.7249897,-0.1392534,0.6745358,moving,53.04084,-7.21511,2.269112,5.346304
594,05/08/2023 17:08:03.122081,835,True,True,True,True,Eyes,0.5061613,0.1302697,-3.515259,0.7940494,-0.07505643,0.6032015,0.0,0.0,0.0,0.0,0.0,0.0,0.0,-2.9763,0.5055441,2.006788,0.6207474,0.1142493,-3.569699,0.08623879,0.3889981,0.02428701,0.9168715,8.004137,46.43312,6.472585,0.1417391,0.03824268,-0.9891638,0.3470416,0.02199879,-0.2367874,1.451526,-0.06873932,-2.821795,0.06960568,0.1408484,1.540971,0.6961813,0.1116296,-0.7091336,0.0225573,0.983946,0.177035,0.7175115,-0.1392446,0.6824867,moving,52.7778,-7.092864,2.586293,5.222456
595,05/08/2023 17:08:03.142087,836,True,True,True,True,Eyes,0.5120288,0.1295214,-3.517851,0.7912233,-0.07435711,0.6069899,0.0,0.0,0.0,0.0,0.0,0.0,0.0,-2.969762,0.5109856,2.029972,0.6321945,0.1124159,-3.57618,0.08782218,0.3846168,0.02230001,0.9186186,8.290737,45.89399,6.296428,0.1418076,0.03808395,-0.98916,0.3262191,0.02067886,-0.2225801,1.451512,-0.06600957,-2.821783,0.07611874,0.1372093,1.536797,0.7031452,0.1085262,-0.7027153,0.02658537,0.9835799,0.1785041,0.7105491,-0.1441963,0.6887143,moving,52.50625,-6.984016,2.835587,5.101991
596,05/08/2023 17:08:03.162131,837,True,True,True,True,Eyes,0.51812,0.1287735,-3.520594,0.7883345,-0.07340363,0.6108523,0.0,0.0,0.0,0.0,0.0,0.0,0.0,-2.965489,0.506682,2.051871,0.6433431,0.1116138,-3.582552,0.08808433,0.3806913,0.02014473,0.9202768,8.440722,45.39325,6.043515,0.1420207,0.03791658,-0.9891357,0.306646,0.01943813,-0.2092253,1.451502,-0.06409386,-2.821775,0.07971871,0.131586,1.532663,0.7093366,0.1041433,-0.6971339,0.02998842,0.9836707,0.1774618,0.7042316,-0.1467861,0.6946306,moving,52.22917,-6.852145,2.977455,4.907067
597,05/08/2023 17:08:03.180297,838,True,True,True,True,Eyes,0.5244256,0.1281707,-3.523477,0.7853468,-0.07297469,0.6147399,0.0,0.0,0.0,0.0,0.0,0.0,0.0,-2.959345,0.5004011,2.076944,0.6548203,0.1108683,-3.588974,0.08736464,0.376374,0.01900228,0.9221438,8.442778,44.83789,5.849378,0.1423691,0.03774129,-0.9890917,0.2882472,0.01827184,-0.1966718,1.45149,-0.06176047,-2.821766,0.08321151,0.1280338,1.527793,0.7159631,0.1008092,-0.6908216,0.03071788,0.9840127,0.1754294,0.6974621,-0.1468215,0.7014201,moving,51.9475,-6.769801,3.117544,4.790368
598,05/08/2023 17:08:03.192627,839,True,True,True,True,Eyes,0.5309776,0.1276872,-3.526478,0.7820563,-0.07148363,0.6190945,0.0,0.0,0.0,0.0,0.0,0.0,0.0,-2.953835,0.534541,2.090971,0.6662905,0.1138385,-3.595292,0.09351603,0.3726982,0.01843206,0.9230445,9.143038,44.45749,6.031122,0.142844,0.03756304,-0.9890302,0.2709524,0.01717553,-0.1848715,1.451478,-0.05938322,-2.821756,0.08624011,0.1240887,1.522561,0.7215127,0.1037337,-0.6845865,0.03567927,0.9818301,0.1863781,0.6914813,-0.1588997,0.7047017,moving,51.63402,-6.586479,3.241855,4.659309
599,05/08/2023 17:08:03.212358,840,True,True,True,True,Eyes,0.5377855,0.1271957,-3.529611,0.7785971,-0.0694019,0.6236745,0.0,0.0,0.0,0.0,0.0,0.0,0.0,-2.928453,0.5363094,2.140377,0.6789206,0.1159821,-3.601429,0.08751184,0.3650298,0.02822976,0.9264438,8.136981,43.49007,6.740753,0.1434392,0.03738502,-0.988951,0.2546952,0.016145,-0.1737792,1.451467,-0.05719578,-2.821747,0.08953333,0.1177807,1.517023,0.7319126,0.1161954,-0.6714184,0.0115823,0.9830896,0.182759,0.6813002,-0.1415402,0.7181898,moving,51.30445,-6.349697,3.377626,4.439501
600,05/08/2023 17:08:03.222235,841,True,True,True,True,Eyes,0.5447943,0.1268215,-3.532916,0.7750255,-0.06821086,0.6282378,0.0,0.0,0.0,0.0,0.0,0.0,0.0,-2.91876,0.5068017,2.17543,0.6919108,0.1151566,-3.607839,0.07988391,0.3598897,0.03207672,0.9290151,7.200307,42.77855,6.778369,0.1441481,0.03720703,-0.9888547,0.2394135,0.0151763,-0.1633525,1.451454,-0.05472811,-2.821737,0.09030852,0.118995,1.510737,0.7389011,0.1170983,-0.6635611,-0.002100729,0.9851793,0.1715149,0.6738107,-0.1253386,0.7281959,moving,50.97168,-6.19661,3.420943,4.503672
601,05/08/2023 17:08:03.241910,842,True,True,True,True,Eyes,0.5520582,0.1266571,-3.53627,0.7713034,-0.0663359,0.6330013,0.0,0.0,0.0,0.0,0.0,0.0,0.0,-2.91398,0.5681029,2.182559,0.7034842,0.1177015,-3.615085,0.09172557,0.356582,0.02916984,0.9292926,8.608204,42.50863,6.949416,0.1449649,0.03703192,-0.988742,0.2250487,0.01426572,-0.1535513,1.451442,-0.05246027,-2.821728,0.0902479,0.1251681,1.503764,0.7439967,0.11963,-0.6573869,0.01120074,0.9814711,0.1912827,0.6680894,-0.1496769,0.7288713,moving,50.6246,-5.982523,3.434468,4.758132
602,05/08/2023 17:08:03.261817,843,True,True,True,True,Eyes,0.5595627,0.1265529,-3.539741,0.7673584,-0.06365637,0.6380509,0.0,0.0,0.0,0.0,0.0,0.0,0.0,-2.902133,0.5599239,2.21261,0.7169117,0.1223554,-3.619752,0.08513217,0.3518451,0.03839272,0.931388,7.56007,41.89365,7.618483,0.1458835,0.03686551,-0.9886132,0.2115458,0.01340978,-0.1443382,1.451429,-0.04994686,-2.821718,0.08602396,0.1315761,1.496731,0.7494619,0.1314237,-0.6488718,-0.01161035,0.982557,0.1855987,0.6619455,-0.1315656,0.737915,moving,50.25682,-5.69737,3.289431,5.023897
603,05/08/2023 17:08:03.272255,844,True,True,True,True,Eyes,0.567275,0.1265105,-3.54332,0.7632387,-0.06173653,0.6431603,0.0,0.0,0.0,0.0,0.0,0.0,0.0,-2.890004,0.5368195,2.24815,0.7298258,0.1233764,-3.625826,0.07685494,0.3465981,0.04558566,0.9337479,6.426379,41.17907,8.006286,0.1469,0.03670833,-0.9884687,0.198853,0.01260519,-0.1356779,1.451418,-0.04778713,-2.821709,0.08038169,0.1383283,1.489273,0.7555835,0.1384066,-0.6402634,-0.03185549,0.9840305,0.1751261,0.6542774,-0.1119265,0.7479262,moving,49.88008,-5.482985,3.089473,5.306585
604,05/08/2023 17:08:03.292307,845,True,True,True,True,Eyes,0.5752224,0.1266187,-3.546959,0.7589462,-0.05992026,0.6483905,0.0,0.0,0.0,0.0,0.0,0.0,0.0,-2.87369,0.5846875,2.27138,0.7425476,0.1249374,-3.632098,0.08491281,0.341071,0.04488153,0.9351183,7.365097,40.60764,8.223902,0.1480088,0.03656109,-0.9883088,0.1869218,0.01184888,-0.1275373,1.451406,-0.04543569,-2.821699,0.07404768,0.1391521,1.481851,0.7633125,0.1418617,-0.6302613,-0.0260165,0.9815509,0.1894226,0.6455054,-0.1281915,0.7529209,moving,49.49174,-5.279927,2.860674,5.364582
605,05/08/2023 17:08:03.312425,846,True,True,True,True,Eyes,0.583385,0.1268049,-3.550643,0.7546257,-0.05781232,0.6536036,0.0,0.0,0.0,0.0,0.0,0.0,0.0,-2.86496,0.5830938,2.295639,0.7561388,0.1286247,-3.63726,0.08451987,0.3364711,0.04564285,0.9367819,7.333144,40.04416,8.254251,0.149207,0.03642682,-0.9881337,0.1757065,0.01113795,-0.119885,1.451394,-0.04312161,-2.82169,0.06575561,0.1373877,1.473841,0.7694079,0.1423918,-0.6226845,-0.02863783,0.9815462,0.1890683,0.6381155,-0.1276384,0.7592872,moving,49.1032,-5.054751,2.554564,5.325574
606,05/08/2023 17:08:03.322126,847,True,True,True,True,Eyes,0.5917399,0.1270131,-3.554361,0.7502702,-0.05578711,0.6587735,0.0,0.0,0.0,0.0,0.0,0.0,0.0,-2.8666,0.5513107,2.313588,0.7694911,0.1306284,-3.642094,0.07948174,0.3336057,0.04577844,0.9382399,6.811426,39.62671,8.043278,0.1504898,0.03630635,-0.9879436,0.1651641,0.01046967,-0.1126919,1.451381,-0.0407077,-2.82168,0.05539745,0.1328619,1.465811,0.7732231,0.1389334,-0.6187273,-0.03287119,0.983174,0.1796898,0.6332815,-0.118602,0.7647797,moving,48.71531,-4.840446,2.164351,5.179166
607,05/08/2023 17:08:03.347799,848,True,True,True,True,Eyes,0.6002807,0.1272411,-3.558092,0.7459129,-0.05373531,0.6638723,0.0,0.0,0.0,0.0,0.0,0.0,0.0,-2.8702,0.5315605,2.325375,0.7825273,0.1313679,-3.646693,0.07734402,0.3313092,0.04402063,0.9393159,6.668925,39.30911,7.75056,0.151854,0.03619878,-0.9877388,0.1552543,0.00984149,-0.1059304,1.45137,-0.03843668,-2.82167,0.04647917,0.1206804,1.457289,0.7765928,0.1339481,-0.6155986,-0.03144899,0.9841602,0.1744698,0.6292175,-0.1161321,0.7685043,moving,48.3305,-4.62756,1.826788,4.733953
608,05/08/2023 17:08:03.361802,849,True,True,True,True,Eyes,0.6089999,0.1274742,-3.561832,0.7413807,-0.05197445,0.669069,0.0,0.0,0.0,0.0,0.0,0.0,0.0,-2.872501,0.5092207,2.338383,0.7955448,0.1320835,-3.65079,0.07500593,0.3287884,0.04196055,0.9404848,6.51663,38.96151,7.416587,0.1532951,0.03610335,-0.9875197,0.145939,0.009251,-0.09957457,1.451357,-0.036076,-2.821661,0.03609759,0.1198984,1.447879,0.780275,0.1282487,-0.6121464,-0.02960438,0.9852269,0.1686762,0.6247356,-0.1134916,0.7725446,moving,47.9349,-4.441916,1.428166,4.733845
609,05/08/2023 17:08:03.382102,850,True,True,True,True,Eyes,0.617882,0.1277181,-3.565563,0.7369006,-0.05038039,0.6741211,0.0,0.0,0.0,0.0,0.0,0.0,0.0,-2.874187,0.4930174,2.350365,0.8084738,0.1324285,-3.654732,0.07366084,0.3262795,0.03979548,0.9415583,6.473465,38.62828,7.111282,0.1548101,0.03601891,-0.9872866,0.1371827,0.00869594,-0.0936001,1.451345,-0.03374127,-2.821651,0.02727979,0.1173222,1.437683,0.7839161,0.1230076,-0.6085595,-0.02687149,0.9859808,0.1646809,0.6202851,-0.1127431,0.7762316,moving,47.54753,-4.27405,1.087047,4.665287
610,05/08/2023 17:08:03.392351,851,True,True,True,True,Eyes,0.626959,0.1279767,-3.569298,0.7321237,-0.04907987,0.6794012,0.0,0.0,0.0,0.0,0.0,0.0,0.0,-2.877513,0.4922252,2.35648,0.8214025,0.1329021,-3.658278,0.07415075,0.3244008,0.03866166,0.942216,6.58334,38.39948,6.994111,0.156395,0.03594462,-0.9870394,0.1289517,0.008174184,-0.08798409,1.451333,-0.03135663,-2.821641,0.01981932,0.1140979,1.427602,0.7865388,0.1209644,-0.6055776,-0.02474615,0.9860139,0.1648158,0.6170448,-0.1146483,0.7785316,moving,47.13909,-4.131863,0.795383,4.569525
611,05/08/2023 17:08:03.412556,852,True,True,True,True,Eyes,0.6361834,0.128241,-3.573001,0.7273572,-0.04783022,0.6845902,0.0,0.0,0.0,0.0,0.0,0.0,0.0,-2.877999,0.497543,2.364444,0.8342711,0.1334774,-3.661584,0.07444215,0.3221755,0.03944054,0.942924,6.602069,38.13681,7.074654,0.1580467,0.03587985,-0.9867787,0.1212146,0.007683733,-0.08270504,1.45132,-0.02890697,-2.821631,0.01241958,0.124259,1.416075,0.7892947,0.1223457,-0.601702,-0.02641198,0.9858056,0.1658001,0.6134462,-0.114973,0.7813226,moving,46.73492,-3.996586,0.5024957,5.014795
612,05/08/2023 17:08:03.422027,853,True,True,True,True,Eyes,0.6455385,0.1285022,-3.576658,0.7222679,-0.04684355,0.6900252,0.0,0.0,0.0,0.0,0.0,0.0,0.0,-2.877088,0.5016246,2.373914,0.8470472,0.133875,-3.664603,0.07452822,0.3197109,0.04019622,0.943724,6.601652,37.84278,7.143088,0.1597624,0.03582375,-0.9865045,0.1139417,0.007222709,-0.07774274,1.451309,-0.02667785,-2.821622,0.008591712,0.1206833,1.40552,0.7923384,0.1235232,-0.5974461,-0.0282133,0.9856597,0.1663705,0.609429,-0.1149658,0.784461,moving,46.30783,-3.883664,0.3502353,4.907598
613,05/08/2023 17:08:03.442134,854,True,True,True,True,Eyes,0.6550236,0.128763,-3.580264,0.7171634,-0.04590933,0.6953912,0.0,0.0,0.0,0.0,0.0,0.0,0.0,-2.872672,0.5090525,2.386457,0.8597363,0.1341195,-3.667346,0.0756101,0.3166025,0.04015307,0.9446871,6.743842,37.47841,7.15783,0.1615391,0.03577537,-0.986217,0.1351704,0.007573132,-0.08404949,1.451297,-0.0243899,-2.821613,0.01342267,0.08583856,1.395842,0.7963012,0.1237408,-0.5921085,-0.02798748,0.9853417,0.1682809,0.6042525,-0.1174307,0.788092,moving,45.88305,-3.777154,0.5509494,3.519023
614,05/08/2023 17:08:03.461773,855,True,True,True,True,Eyes,0.6646364,0.1290307,-3.583795,0.7117888,-0.04509147,0.7009447,0.0,0.0,0.0,0.0,0.0,0.0,0.0,-2.86906,0.5051093,2.39992,0.8723592,0.1343844,-3.669767,0.07535546,0.3135278,0.03940379,0.9457639,6.7668,37.09848,7.044473,0.1633731,0.03573392,-0.9859163,0.1555154,0.007901011,-0.0898219,1.451285,-0.02200701,-2.821603,0.01551402,0.1021282,1.385197,0.8002954,0.1217854,-0.5871078,-0.02728129,0.9855378,0.1672453,0.5989851,-0.1178286,0.7920438,moving,45.43979,-3.680741,0.6416782,4.216691
615,05/08/2023 17:08:03.472203,856,True,True,True,True,Eyes,0.6743644,0.1293279,-3.58725,0.7063579,-0.04434484,0.7064644,0.0,0.0,0.0,0.0,0.0,0.0,0.0,-2.8663,0.5033715,2.411045,0.8850492,0.1348573,-3.671607,0.07555614,0.3107014,0.03855656,0.946715,6.840229,36.75374,6.939134,0.1652619,0.03569892,-0.9856028,0.1750231,0.008230004,-0.09502696,1.451272,-0.01966526,-2.821594,0.01737571,0.1130116,1.373789,0.8039561,0.1199549,-0.582465,-0.02605334,0.9856094,0.1670194,0.5941178,-0.1191011,0.7955118,moving,44.99568,-3.591749,0.7246397,4.702717
616,05/08/2023 17:08:03.497028,857,True,True,True,True,Eyes,0.6842186,0.1296382,-3.5906,0.700538,-0.04338016,0.7122954,0.0,0.0,0.0,0.0,0.0,0.0,0.0,-2.857098,0.5082971,2.428138,0.8975658,0.1358654,-3.673301,0.07598761,0.3068228,0.03914627,0.9479205,6.894323,36.29312,6.991652,0.1672025,0.03567057,-0.9852765,0.1937057,0.008627814,-0.09968939,1.45126,-0.01734333,-2.821584,0.01277477,0.1053519,1.364999,0.8086547,0.1208446,-0.5757379,-0.02758565,0.9853869,0.1680824,0.5876365,-0.1200385,0.8001713,moving,44.52321,-3.485119,0.5362047,4.413392
617,05/08/2023 17:08:03.511808,858,True,True,True,True,Eyes,0.6941922,0.1299299,-3.593869,0.6947013,-0.04253843,0.7180394,0.0,0.0,0.0,0.0,0.0,0.0,0.0,-2.846315,0.4934064,2.450183,0.9105739,0.1364824,-3.674314,0.07329116,0.3024253,0.03971931,0.9495208,6.61278,35.7342,6.924474,0.1691923,0.03564861,-0.9849376,0.211646,0.009041006,-0.1037574,1.451248,-0.01498849,-2.821574,0.01117575,0.1230382,1.355025,0.8139226,0.1197588,-0.568496,-0.03109841,0.9861016,0.1632072,0.5801404,-0.1151587,0.8063347,moving,44.05358,-3.390382,0.4725439,5.188313
618,05/08/2023 17:08:03.522127,859,True,True,True,True,Eyes,0.70429,0.1302114,-3.597066,0.6885013,-0.04185623,0.7240263,0.0,0.0,0.0,0.0,0.0,0.0,0.0,-2.840613,0.4882783,2.464722,0.9234341,0.136376,-3.675735,0.07362691,0.2989772,0.03765557,0.9506702,6.746314,35.3103,6.68598,0.1712298,0.03563191,-0.9845861,0.228868,0.00937384,-0.1073417,1.451236,-0.01266229,-2.821565,0.01280808,0.1337467,1.345707,0.8183895,0.1156216,-0.5629124,-0.02757053,0.9863222,0.1625061,0.5740023,-0.1174735,0.8103835,moving,43.55932,-3.308608,0.5453098,5.675857
619,05/08/2023 17:08:03.542381,860,True,True,True,True,Eyes,0.7144827,0.1304873,-3.60017,0.6823273,-0.04134775,0.7298766,0.0,0.0,0.0,0.0,0.0,0.0,0.0,-2.836997,0.4954244,2.474078,0.9361389,0.1364493,-3.676966,0.07582755,0.2961166,0.03572314,0.9514668,7.073261,34.97862,6.531651,0.1733128,0.03561967,-0.984222,0.2454293,0.009655769,-0.1104913,1.451224,-0.01035929,-2.821555,0.01838267,0.1307151,1.338086,0.8220776,0.1128863,-0.5580726,-0.02307117,0.9859481,0.1654512,0.5689079,-0.1231384,0.8131303,moving,43.07156,-3.242359,0.7870814,5.579414
620,05/08/2023 17:08:03.562242,861,True,True,True,True,Eyes,0.7247609,0.1307611,-3.603173,0.6758528,-0.04094227,0.7358986,0.0,0.0,0.0,0.0,0.0,0.0,0.0,-2.83285,0.4997827,2.484103,0.9486243,0.1366381,-3.677912,0.0772401,0.2932221,0.03440655,0.9522978,7.292435,34.63748,6.415129,0.175439,0.03561135,-0.9838456,0.2612816,0.009904063,-0.1131745,1.451212,-0.007996808,-2.821546,0.01840854,0.13989,1.329683,0.8256741,0.1108276,-0.5531543,-0.02023356,0.9857003,0.1672887,0.5637845,-0.1269336,0.8161097,moving,42.56451,-3.184411,0.7931698,6.005743
621,05/08/2023 17:08:03.572107,862,True,True,True,True,Eyes,0.7351468,0.1310329,-3.606081,0.6694158,-0.04068884,0.7417728,0.0,0.0,0.0,0.0,0.0,0.0,0.0,-2.828725,0.5076537,2.493311,0.9612784,0.1369906,-3.678746,0.07942089,0.2903308,0.03276922,0.9530618,7.605884,34.30302,6.288948,0.177606,0.03560653,-0.9834569,0.2764392,0.01013134,-0.1153926,1.4512,-0.005622657,-2.821536,0.01783836,0.1390679,1.322014,0.8292685,0.1085788,-0.5482012,-0.01634553,0.985237,0.1704138,0.5586113,-0.1323582,0.8188007,moving,42.0648,-3.139728,0.7730633,6.005086
622,05/08/2023 17:08:03.602041,863,True,True,True,True,Eyes,0.7456242,0.1312924,-3.608875,0.6629375,-0.03994203,0.7476085,0.0,0.0,0.0,0.0,0.0,0.0,0.0,-2.824771,0.5172285,2.501856,0.9742683,0.1372412,-3.679417,0.0809813,0.2875377,0.03254914,0.9537845,7.802522,33.98283,6.296607,0.1798123,0.03560487,-0.9830561,0.2910104,0.01033876,-0.1171916,1.451188,-0.003286717,-2.821527,0.0159061,0.1249898,1.315723,0.8325253,0.1086601,-0.5432262,-0.01551937,0.9847652,0.1731956,0.5537696,-0.1357592,0.8215283,moving,41.56482,-3.0582,0.692629,5.426646
623,05/08/2023 17:08:03.611781,864,True,True,True,True,Eyes,0.7562085,0.1315382,-3.611567,0.6566057,-0.03923334,0.7532129,0.0,0.0,0.0,0.0,0.0,0.0,0.0,-2.828467,0.5238104,2.502382,0.9876968,0.1372985,-3.679962,0.0814838,0.286169,0.0332851,0.9541278,7.841989,33.82887,6.384069,0.182056,0.03560575,-0.982643,0.3049823,0.01049699,-0.1185415,1.451176,-0.0009559611,-2.821517,0.01372665,0.1264846,1.308636,0.8339988,0.1101528,-0.5406592,-0.01688021,0.984505,0.1745423,0.5515079,-0.1364416,0.8229354,moving,41.07996,-2.981727,0.6009696,5.520706
624,05/08/2023 17:08:03.622286,865,True,True,True,True,Eyes,0.766857,0.1317601,-3.614125,0.6500599,-0.03800096,0.7589322,0.0,0.0,0.0,0.0,0.0,0.0,0.0,-2.833873,0.5320194,2.500163,1.000852,0.1372019,-3.680241,0.08186883,0.2852492,0.03459733,0.9543236,7.846581,33.73166,6.534742,0.184336,0.03560861,-0.9822178,0.3184361,0.01060469,-0.1195064,1.451163,0.001441935,-2.821507,0.01258475,0.1367377,1.301009,0.8348718,0.1127401,-0.5387751,-0.01932808,0.984201,0.1759964,0.5501049,-0.136521,0.8238608,moving,40.58155,-2.866498,0.5542084,5.999828
625,05/08/2023 17:08:03.642313,866,True,True,True,True,Eyes,0.7775982,0.1319486,-3.616564,0.6435115,-0.03675949,0.7645532,0.0,0.0,0.0,0.0,0.0,0.0,0.0,-2.83543,0.5339676,2.503122,1.013919,0.1369165,-3.680167,0.08131663,0.2835765,0.03579117,0.9548252,7.757882,33.53241,6.633903,0.1866502,0.03561267,-0.9817805,0.3312756,0.01063409,-0.1200107,1.451152,0.003685944,-2.821498,0.01495838,0.1380268,1.294344,0.8366068,0.1144676,-0.535711,-0.02222965,0.9842132,0.1755854,0.5473527,-0.1349873,0.825944,moving,40.08675,-2.752644,0.6621224,6.086929
626,05/08/2023 17:08:03.662052,867,True,True,True,True,Eyes,0.7884477,0.1320886,-3.618882,0.6364761,-0.03512375,0.7704962,0.0,0.0,0.0,0.0,0.0,0.0,0.0,-2.828355,0.5328768,2.516056,1.026917,0.1362886,-3.679804,0.08054678,0.2802454,0.03646018,0.955848,7.674516,33.1281,6.654645,0.1889972,0.03561699,-0.9813312,0.3436225,0.01056145,-0.1201271,1.451139,0.006072762,-2.821488,0.01710033,0.1392908,1.287517,0.8402664,0.1148465,-0.5298704,-0.02455504,0.9843657,0.1744165,0.5416175,-0.1335454,0.8299495,moving,39.55875,-2.610072,0.760937,6.174562
627,05/08/2023 17:08:03.681388,868,True,True,True,True,Eyes,0.7994012,0.1321608,-3.621069,0.6293784,-0.03353137,0.7763752,0.0,0.0,0.0,0.0,0.0,0.0,0.0,-2.816393,0.5259919,2.535478,1.040332,0.1352118,-3.67924,0.07946627,0.2758295,0.03605862,0.9572372,7.599288,32.58357,6.53855,0.191377,0.03562029,-0.9808698,0.3555538,0.01034789,-0.1198739,1.451127,0.008381444,-2.821479,0.0221855,0.1337173,1.281373,0.8452358,0.1128716,-0.5223376,-0.02519503,0.9847698,0.1720282,0.5337994,-0.1322441,0.8352064,moving,39.03039,-2.473047,0.9919118,5.957523
628,05/08/2023 17:08:03.692074,869,True,True,True,True,Eyes,0.8104556,0.1321425,-3.62312,0.6218293,-0.03165627,0.7825128,0.0,0.0,0.0,0.0,0.0,0.0,0.0,-2.803739,0.5166835,2.555545,1.053825,0.1336718,-3.678357,0.07867781,0.2712274,0.03448012,0.9586745,7.593787,32.01304,6.301025,0.1937882,0.03562092,-0.9803963,0.367081,0.009943333,-0.1192418,1.451115,0.01071935,-2.821469,0.0243724,0.125171,1.275391,0.8504937,0.1087896,-0.5146118,-0.02343126,0.9852419,0.1695567,0.525463,-0.1321489,0.840491,moving,38.47266,-2.316617,1.094774,5.605241
629,05/08/2023 17:08:03.711809,870,True,True,True,True,Eyes,0.8216007,0.1320097,-3.62505,0.614293,-0.02991511,0.7885108,0.0,0.0,0.0,0.0,0.0,0.0,0.0,-2.793661,0.50657,2.572505,1.067417,0.131455,-3.677265,0.07775071,0.2671179,0.03277744,0.9599629,7.571579,31.50002,6.049424,0.1962307,0.03561682,-0.9799105,0.3782193,0.009291972,-0.1182407,1.451103,0.01304898,-2.82146,0.02551961,0.1271189,1.268766,0.8551474,0.1044674,-0.5077494,-0.02139303,0.9857609,0.1667865,0.5179434,-0.1317647,0.8452057,moving,37.92054,-2.172688,1.152276,5.721426
630,05/08/2023 17:08:03.722263,871,True,True,True,True,Eyes,0.8327819,0.1317726,-3.626822,0.6064482,-0.02800373,0.7946297,0.0,0.0,0.0,0.0,0.0,0.0,0.0,-2.785418,0.5053127,2.585779,1.080775,0.1286062,-3.676347,0.07809109,0.2634681,0.03108472,0.9609996,7.684111,31.0558,5.843294,0.1987029,0.03560544,-0.9794126,0.3889615,0.008336056,-0.1169362,1.451091,0.01544428,-2.82145,0.02637142,0.1219138,1.262327,0.8592366,0.1008938,-0.5015306,-0.01859578,0.985871,0.1664707,0.5112404,-0.1337113,0.8489727,moving,37.35027,-2.018339,1.196798,5.516438
631,05/08/2023 17:08:03.742318,872,True,True,True,True,Eyes,0.8440436,0.1314135,-3.628458,0.5986145,-0.02611319,0.8006116,0.0,0.0,0.0,0.0,0.0,0.0,0.0,-2.775853,0.5043758,2.599661,1.093911,0.1259532,-3.674981,0.07847147,0.2596598,0.02946716,0.9620555,7.79823,30.59362,5.64471,0.2012039,0.03558484,-0.9789026,0.3991672,0.007124616,-0.1152365,1.451079,0.01776279,-2.82144,0.02678812,0.1116969,1.256222,0.863417,0.09744987,-0.4949896,-0.01594631,0.9859478,0.1662907,0.504239,-0.135685,0.852838,moving,36.78534,-1.868129,1.22161,5.081088
632,05/08/2023 17:08:03.761991,873,True,True,True,True,Eyes,0.8553762,0.1309234,-3.629956,0.5904435,-0.02394004,0.8067238,0.0,0.0,0.0,0.0,0.0,0.0,0.0,-2.766812,0.4949426,2.614276,1.10715,0.1226729,-3.673394,0.07742496,0.2558918,0.02789448,0.9631961,7.751386,30.12267,5.406513,0.2037325,0.0355528,-0.9783806,0.4090022,0.00561983,-0.1132297,1.451067,0.02008426,-2.821431,0.02546149,0.1106948,1.249559,0.8674826,0.09336054,-0.4886286,-0.01411088,0.9864545,0.1634268,0.4972675,-0.1348749,0.8570495,moving,36.20051,-1.69979,1.167319,5.062449
633,05/08/2023 17:08:03.780448,874,True,True,True,True,Eyes,0.8667947,0.1303291,-3.631305,0.5823714,-0.02190543,0.8126277,0.0,0.0,0.0,0.0,0.0,0.0,0.0,-2.758958,0.4940753,2.625983,1.120512,0.119014,-3.671789,0.07740822,0.2524252,0.02670674,0.9641454,7.803879,29.70091,5.24557,0.2062879,0.03550704,-0.9778467,0.4184602,0.003812253,-0.1109299,1.451054,0.02246514,-2.821421,0.02294803,0.1079696,1.242883,0.8711365,0.09057792,-0.4826145,-0.0124188,0.9865894,0.1627484,0.4908838,-0.1357826,0.860579,moving,35.62736,-1.544108,1.057763,4.964835
634,05/08/2023 17:08:03.796014,875,True,True,True,True,Eyes,0.8782855,0.1296528,-3.632492,0.5740102,-0.0194827,0.8186164,0.0,0.0,0.0,0.0,0.0,0.0,0.0,-2.755882,0.4986778,2.630909,1.13402,0.1159362,-3.669578,0.07794867,0.2499385,0.02618131,0.9647639,7.892604,29.40606,5.183056,0.2088693,0.03544629,-0.9773008,0.427608,0.001800653,-0.1083196,1.451043,0.02472082,-2.821412,0.02045876,0.1054137,1.236461,0.8736906,0.08948229,-0.4781817,-0.01155281,0.9864771,0.1634915,0.4863449,-0.1373167,0.8629095,moving,35.03797,-1.363356,0.9479424,4.872936
635,05/08/2023 17:08:03.812405,876,True,True,True,True,Eyes,0.8898507,0.1289206,-3.633518,0.5657591,-0.01707397,0.8243937,0.0,0.0,0.0,0.0,0.0,0.0,0.0,-2.754482,0.4969136,2.634956,1.147568,0.1132201,-3.667063,0.07671693,0.2478054,0.02704848,0.9653888,7.742302,29.14668,5.225545,0.2114765,0.03536998,-0.9767426,0.4364237,-0.0003362538,-0.1053817,1.451031,0.02699994,-2.821403,0.02078032,0.1048613,1.229769,0.8757216,0.09024634,-0.4743071,-0.01420284,0.9867658,0.1615288,0.4826074,-0.1347178,0.865414,moving,34.46075,-1.18648,0.9680771,4.87377
636,05/08/2023 17:08:03.822055,877,True,True,True,True,Eyes,0.9014962,0.1281481,-3.634371,0.5571122,-0.01427981,0.8303145,0.0,0.0,0.0,0.0,0.0,0.0,0.0,-2.752289,0.5015314,2.638226,1.160952,0.111117,-3.664247,0.07586303,0.2456927,0.02904387,0.9659381,7.601725,28.90129,5.406149,0.2141091,0.03527834,-0.9761723,0.4449341,-0.002512629,-0.1021358,1.451019,0.02935277,-2.821393,0.02209634,0.09822802,1.223057,0.877583,0.09338716,-0.4702412,-0.01883117,0.9868026,0.1608297,0.4790547,-0.1322862,0.8677597,moving,33.86024,-0.9852798,1.03502,4.591769
637,05/08/2023 17:08:03.842101,878,True,True,True,True,Eyes,0.913213,0.1273298,-3.63506,0.5484394,-0.01146021,0.8361118,0.0,0.0,0.0,0.0,0.0,0.0,0.0,-2.744949,0.5035341,2.64696,1.174607,0.1092473,-3.661018,0.07407478,0.242664,0.0319284,0.9667511,7.338322,28.54412,5.652277,0.2167665,0.03517197,-0.9755895,0.4531746,-0.0046793,-0.09856898,1.451007,0.03170368,-2.821383,0.02388674,0.09357882,1.216305,0.8801895,0.09768419,-0.4644612,-0.02578307,0.986987,0.1587195,0.4739215,-0.127728,0.8712542,moving,33.26248,-0.7852781,1.125075,4.399498
638,05/08/2023 17:08:03.862308,879,True,True,True,True,Eyes,0.925012,0.1264825,-3.63559,0.5392225,-0.008341839,0.8421221,0.0,0.0,0.0,0.0,0.0,0.0,0.0,-2.731316,0.5072515,2.661824,1.188091,0.1072817,-3.657817,0.07248732,0.2385376,0.03486477,0.9677964,7.104119,28.05879,5.903628,0.2194486,0.03505126,-0.974994,0.4611343,-0.006853568,-0.09472193,1.450995,0.03403502,-2.821374,0.02443767,0.09474203,1.208939,0.8837684,0.1020659,-0.4566572,-0.03290209,0.9870601,0.156939,0.4667662,-0.1236728,0.8756908,moving,32.632,-0.5675383,1.158027,4.480993
639,05/08/2023 17:08:03.880292,880,True,True,True,True,Eyes,0.9368916,0.1257223,-3.635942,0.5300268,-0.005534268,0.8479629,0.0,0.0,0.0,0.0,0.0,0.0,0.0,-2.71459,0.5071174,2.680541,1.201883,0.1056101,-3.654557,0.07104883,0.2337074,0.03667591,0.9690138,6.923947,27.48451,6.030298,0.2221552,0.03491702,-0.9743857,0.4688633,-0.008984193,-0.09062862,1.450982,0.03641436,-2.821364,0.02550107,0.09735309,1.201951,0.8880714,0.1042882,-0.4477198,-0.03786965,0.9872139,0.1548374,0.458143,-0.1205517,0.8806658,moving,32.00781,-0.3739382,1.215427,4.630612
640,05/08/2023 17:08:03.892409,881,True,True,True,True,Eyes,0.9488021,0.1251658,-3.636063,0.5203971,-0.002311219,0.8539212,0.0,0.0,0.0,0.0,0.0,0.0,0.0,-2.702034,0.5270178,2.690393,1.215747,0.1069665,-3.650681,0.07336496,0.2298204,0.0381772,0.9697128,7.165628,27.05682,6.235289,0.2248862,0.03477305,-0.9737641,0.4763704,-0.01072565,-0.08624591,1.45097,0.03879733,-2.821354,0.02740943,0.0987862,1.195158,0.8914502,0.1077634,-0.4401177,-0.04032032,0.9863201,0.1598337,0.4513212,-0.1247381,0.8836004,moving,31.35899,-0.1550761,1.313776,4.72506
641,05/08/2023 17:08:03.911866,882,True,True,True,True,Eyes,0.9608152,0.1247393,-3.635949,0.5104302,0.001906469,0.859917,0.0,0.0,0.0,0.0,0.0,0.0,0.0,-2.677265,0.5344532,2.713877,1.229946,0.1112909,-3.646007,0.07070077,0.2239827,0.04538944,0.970965,6.716864,26.3867,6.929194,0.2276406,0.03462596,-0.9731291,0.4835196,-0.01175183,-0.08143307,1.450958,0.04108778,-2.821345,0.02827942,0.1034187,1.188267,0.8955431,0.1198146,-0.4285406,-0.05647161,0.9858825,0.1576288,0.4413768,-0.1169631,0.8896663,moving,30.69255,0.1270268,1.363318,4.974103
642,05/08/2023 17:08:03.921903,883,True,True,True,True,Eyes,0.9728788,0.1243658,-3.635679,0.4999347,0.006328734,0.8660399,0.0,0.0,0.0,0.0,0.0,0.0,0.0,-2.644926,0.4709458,2.756196,1.244569,0.1137245,-3.640351,0.05654741,0.2160522,0.05330827,0.9732842,4.993267,25.35429,7.393954,0.2304195,0.03447967,-0.9724801,0.4905477,-0.01232626,-0.07620734,1.450946,0.04346695,-2.821335,0.02959228,0.1079354,1.181456,0.9009594,0.1282026,-0.4145314,-0.07933379,0.9879212,0.1331081,0.4265892,-0.08703866,0.9002477,moving,29.99634,0.4186912,1.434805,5.219934
643,05/08/2023 17:08:03.942205,884,True,True,True,True,Eyes,0.9849852,0.1241143,-3.635271,0.4892614,0.01022432,0.8720773,0.0,0.0,0.0,0.0,0.0,0.0,0.0,-2.615307,0.4586433,2.787798,1.258523,0.1145901,-3.636618,0.05462142,0.2087785,0.05368553,0.9749594,4.82373,24.48367,7.350751,0.2332418,0.03433479,-0.9718122,0.4973055,-0.01270698,-0.07082308,1.450934,0.04573458,-2.821326,0.03073275,0.1086105,1.175009,0.9070588,0.12749,-0.4012365,-0.08187488,0.9882687,0.1289241,0.412966,-0.08409055,0.9068561,moving,29.29373,0.6717106,1.498248,5.281054
644,05/08/2023 17:08:03.961985,885,True,True,True,True,Eyes,0.9971324,0.1239918,-3.634742,0.478182,0.01413125,0.878147,0.0,0.0,0.0,0.0,0.0,0.0,0.0,-2.580593,0.4763151,2.818413,1.271766,0.1173453,-3.632992,0.05868035,0.2009991,0.05220224,0.9764379,5.371335,23.60388,7.243564,0.2361309,0.03419345,-0.9711192,0.5037866,-0.01269911,-0.06535132,1.450922,0.04815141,-2.821316,0.03278255,0.109558,1.1686,0.9137486,0.1255339,-0.3863999,-0.0783551,0.987663,0.1355807,0.3986529,-0.09361022,0.9123119,moving,28.56985,0.921931,1.606889,5.355912
645,05/08/2023 17:08:03.972209,886,True,True,True,True,Eyes,1.009274,0.1239781,-3.634113,0.4671517,0.0176019,0.884002,0.0,0.0,0.0,0.0,0.0,0.0,0.0,-2.554645,0.4447929,2.848345,1.284579,0.120177,-3.629399,0.0558789,0.19426,0.04965237,0.9780977,5.164707,22.77612,6.853106,0.2390812,0.03405896,-0.9704018,0.510001,-0.01230472,-0.05984237,1.45091,0.05045307,-2.821306,0.03416842,0.1129152,1.162318,0.9195954,0.1188398,-0.3744616,-0.07541967,0.9888244,0.128601,0.3855597,-0.09001911,0.9182812,moving,27.85425,1.1407,1.683827,5.548675
646,05/08/2023 17:08:03.992214,887,True,True,True,True,Eyes,1.021345,0.1240865,-3.633372,0.4560293,0.02084197,0.8897207,0.0,0.0,0.0,0.0,0.0,0.0,0.0,-2.535582,0.4436879,2.867269,1.296652,0.1228633,-3.626412,0.05928345,0.1890073,0.04430557,0.9791827,5.701771,22.16437,6.299137,0.2420851,0.03393383,-0.9696612,0.5158264,-0.0116074,-0.05436356,1.450897,0.05281627,-2.821297,0.03601134,0.1134592,1.155913,0.9246265,0.1091765,-0.3648921,-0.06435648,0.989045,0.1328468,0.3753985,-0.0993505,0.9215234,moving,27.13756,1.341925,1.784416,5.605938
647,05/08/2023 17:08:04.012674,888,True,True,True,True,Eyes,1.033394,0.1242609,-3.632533,0.4449341,0.02443748,0.8952298,0.0,0.0,0.0,0.0,0.0,0.0,0.0,-2.517309,0.432138,2.886675,1.308236,0.125986,-3.623414,0.05919487,0.1840382,0.0422744,0.9802238,5.767287,21.57158,6.038543,0.2451325,0.03382086,-0.9688992,0.5210902,-0.01058594,-0.04887873,1.450886,0.05511183,-2.821287,0.03812128,0.1099144,1.150217,0.9286855,0.104665,-0.3557925,-0.06108849,0.9894177,0.1316087,0.3658022,-0.1004882,0.9252518,moving,26.42763,1.56364,1.898241,5.458592
648,05/08/2023 17:08:04.022120,889,True,True,True,True,Eyes,1.045367,0.1244993,-3.631615,0.4337328,0.02755988,0.90062,0.0,0.0,0.0,0.0,0.0,0.0,0.0,-2.502948,0.3927429,2.906095,1.319816,0.1276461,-3.620245,0.05298549,0.1796574,0.04313226,0.981354,5.077144,21.01379,5.975485,0.2482163,0.03372099,-0.9681173,0.5259699,-0.009427511,-0.04342902,1.450873,0.05751081,-2.821278,0.03985995,0.1075995,1.144311,0.9317256,0.1036945,-0.3480443,-0.06561755,0.9906643,0.1194931,0.3571858,-0.08849695,0.9298315,moving,25.71517,1.752762,1.994986,5.371725
649,05/08/2023 17:08:04.042309,890,True,True,True,True,Eyes,1.05733,0.12486,-3.630602,0.4223856,0.03092037,0.9058887,0.0,0.0,0.0,0.0,0.0,0.0,0.0,-2.486835,0.411792,2.919481,1.331135,0.1295176,-3.617817,0.05452552,0.1755633,0.04585036,0.9818872,5.21979,20.56215,6.294551,0.2513277,0.03363498,-0.9673172,0.5303326,-0.008146537,-0.03807026,1.450861,0.05979884,-2.821268,0.0406515,0.1050852,1.138725,0.9341505,0.1091851,-0.3397667,-0.07089438,0.9898494,0.1231751,0.3497667,-0.09097654,0.932409,moving,24.99807,1.954897,2.044541,5.272506
650,05/08/2023 17:08:04.062334,891,True,True,True,True,Eyes,1.069306,0.1252723,-3.62951,0.4107286,0.03456105,0.9111024,0.0,0.0,0.0,0.0,0.0,0.0,0.0,-2.460189,0.403767,2.94454,1.342943,0.1327302,-3.614521,0.04948067,0.1696132,0.05330736,0.9828231,4.541332,19.86113,7.004739,0.2544622,0.03356516,-0.9664997,0.5343995,-0.006575876,-0.03274621,1.450849,0.06214531,-2.821259,0.04101187,0.1037592,1.133115,0.9367793,0.1215686,-0.3281243,-0.08799826,0.9894199,0.1153448,0.338675,-0.07917825,0.937566,moving,24.26604,2.172372,2.072854,5.231977
651,05/08/2023 17:08:04.073791,892,True,True,True,True,Eyes,1.081274,0.1256843,-3.628369,0.3990417,0.03807604,0.9161419,0.0,0.0,0.0,0.0,0.0,0.0,0.0,-2.435595,0.3649219,2.971781,1.355069,0.1341605,-3.611449,0.04076383,0.1635564,0.05875196,0.983939,3.497198,19.10246,7.422883,0.2576172,0.03351158,-0.9656655,0.538265,-0.004944222,-0.02750556,1.450837,0.06450776,-2.821249,0.04084897,0.1049129,1.127651,0.939595,0.1289511,-0.3170692,-0.1022823,0.989773,0.09943677,0.326649,-0.06099972,0.9431752,moving,23.53638,2.379917,2.074623,5.315306
652,05/08/2023 17:08:04.092324,893,True,True,True,True,Eyes,1.093225,0.1261141,-3.627175,0.3871258,0.04094657,0.9211172,0.0,0.0,0.0,0.0,0.0,0.0,0.0,-2.412475,0.3677383,2.992878,1.366925,0.1345575,-3.609155,0.04015991,0.1580953,0.06072178,0.9847365,3.433739,18.47014,7.615585,0.2607884,0.03347276,-0.9648153,0.5418728,-0.003411652,-0.02243273,1.450825,0.06682313,-2.821239,0.04096311,0.1073385,1.122236,0.9426374,0.1322881,-0.3064874,-0.1068917,0.9894001,0.09829351,0.3162417,-0.05989419,0.946786,moving,22.79597,2.545302,2.090444,5.463549
653,05/08/2023 17:08:04.112402,894,True,True,True,True,Eyes,1.105141,0.1265807,-3.625935,0.375265,0.04361258,0.925891,0.0,0.0,0.0,0.0,0.0,0.0,0.0,-2.3917,0.3694843,3.01167,1.378567,0.1354172,-3.606678,0.04040102,0.1530203,0.06105566,0.9855075,3.494085,17.88512,7.640273,0.263972,0.03344791,-0.96395,0.5452148,-0.001917615,-0.01750477,1.450813,0.06916158,-2.82123,0.04221684,0.1053908,1.117321,0.9457141,0.132706,-0.2966718,-0.1079773,0.98928,0.09831651,0.3065386,-0.06094549,0.9499051,moving,22.06278,2.696831,2.163833,5.388456
654,05/08/2023 17:08:04.122166,895,True,True,True,True,Eyes,1.117014,0.1270709,-3.62464,0.3631516,0.04570172,0.9306086,0.0,0.0,0.0,0.0,0.0,0.0,0.0,-2.371879,0.3724254,3.029338,1.389705,0.1367889,-3.604359,0.04132437,0.148174,0.06063187,0.9862357,3.6432,17.33043,7.591421,0.2671636,0.0334368,-0.9630706,0.5482493,-0.0004026234,-0.01273587,1.450801,0.07151654,-2.82122,0.04232603,0.1091839,1.11235,0.9487365,0.131841,-0.2872578,-0.1073482,0.9892322,0.09947926,0.2972801,-0.06354299,0.9526735,moving,21.31723,2.811508,2.179111,5.605972
655,05/08/2023 17:08:04.142113,896,True,True,True,True,Eyes,1.128849,0.1275716,-3.623308,0.3508969,0.04772981,0.9351969,0.0,0.0,0.0,0.0,0.0,0.0,0.0,-2.341547,0.3723382,3.055075,1.400977,0.1379159,-3.601833,0.04138505,0.1416272,0.06097828,0.9871731,3.694474,16.57445,7.607715,0.2703586,0.03343887,-0.9621785,0.5509719,0.001091966,-0.00808716,1.450789,0.07381138,-2.821211,0.04087228,0.1185571,1.107177,0.9524468,0.1321147,-0.2745739,-0.1086698,0.9891379,0.09898078,0.2846682,-0.06443605,0.956458,moving,20.56668,2.92168,2.114158,6.111978
656,05/08/2023 17:08:04.162293,897,True,True,True,True,Eyes,1.140657,0.1280734,-3.621948,0.3383131,0.04906888,0.9397534,0.0,0.0,0.0,0.0,0.0,0.0,0.0,-2.304465,0.3636356,3.086653,1.412035,0.1386672,-3.599603,0.04080762,0.1339375,0.06016023,0.9883199,3.700818,15.67734,7.476398,0.2735535,0.03345317,-0.9612746,0.5534182,0.002528485,-0.003603651,1.450777,0.07616852,-2.821201,0.03828722,0.1244579,1.102681,0.956883,0.1298465,-0.2598362,-0.1079838,0.989431,0.0967774,0.2696562,-0.06454656,0.960791,moving,19.79898,2.988964,1.988622,6.439634
657,05/08/2023 17:08:04.172269,898,True,True,True,True,Eyes,1.152422,0.1286169,-3.620556,0.3256484,0.05029301,0.9441524,0.0,0.0,0.0,0.0,0.0,0.0,0.0,-2.266396,0.3668078,3.117155,1.423286,0.1392746,-3.597584,0.04310208,0.1261726,0.05726957,0.9894154,4.062238,14.78854,7.152819,0.2767452,0.03347854,-0.9603598,0.5556368,0.003882255,0.0006916719,1.450764,0.07855095,-2.821191,0.03620744,0.1273407,1.098424,0.9616014,0.1242034,-0.2447374,-0.1024502,0.9897248,0.09974343,0.2546111,-0.07084003,0.9644454,moving,19.02987,3.049144,1.887962,6.612802
658,05/08/2023 17:08:04.192345,899,True,True,True,True,Eyes,1.164135,0.1291843,-3.619118,0.3126046,0.05130459,0.9484968,0.0,0.0,0.0,0.0,0.0,0.0,0.0,-2.230901,0.3593856,3.146044,1.43414,0.140837,-3.595424,0.04385438,0.1188263,0.05451535,0.990447,4.238893,13.93509,6.81916,0.2799302,0.03351512,-0.9594349,0.557594,0.005279968,0.00482655,1.450752,0.08085123,-2.821182,0.03263187,0.1398783,1.093199,0.9658169,0.1184112,-0.2306008,-0.09756703,0.9902098,0.0998266,0.2401638,-0.07391517,0.9679142,moving,18.24113,3.096135,1.709765,7.291558
659,05/08/2023 17:08:04.212466,900,True,True,True,True,Eyes,1.17579,0.1297472,-3.617651,0.2993688,0.05243355,0.9526957,0.0,0.0,0.0,0.0,0.0,0.0,0.0,-2.19259,0.3361754,3.177582,1.44499,0.1420258,-3.592955,0.04176928,0.110995,0.05260617,0.9915484,4.0803,13.00752,6.539267,0.2831053,0.0335625,-0.9585011,0.5592767,0.006665345,0.008849233,1.45074,0.08322032,-2.821172,0.03721833,0.1193307,1.090851,0.9698254,0.1135955,-0.2157191,-0.09505076,0.9909759,0.09451057,0.2245084,-0.0711545,0.9718708,moving,17.44446,3.150212,1.954096,6.242896
660,05/08/2023 17:08:04.222131,901,True,True,True,True,Eyes,1.187439,0.1302924,-3.616164,0.2859393,0.05338173,0.9567596,0.0,0.0,0.0,0.0,0.0,0.0,0.0,-2.146653,0.3140954,3.211836,1.454184,0.1428568,-3.589931,0.03975318,0.1023401,0.0508778,0.9926518,3.928323,11.98814,6.280821,0.2862673,0.03361945,-0.9575595,0.5606875,0.007954009,0.01272211,1.450727,0.08565007,-2.821162,0.03522724,0.1042634,1.087852,0.9738759,0.1091446,-0.199131,-0.09287119,0.9916623,0.0893358,0.2072212,-0.06850845,0.9758924,moving,16.63942,3.193467,1.854726,5.474701
661,05/08/2023 17:08:04.242252,902,True,True,True,True,Eyes,1.19899,0.1308261,-3.614619,0.2723545,0.05431534,0.9606627,0.0,0.0,0.0,0.0,0.0,0.0,0.0,-2.09942,0.3009127,3.246616,1.46483,0.1429193,-3.587823,0.03878359,0.0934032,0.04936476,0.9936473,3.890667,10.94615,6.061199,0.2894158,0.03368444,-0.9566103,0.5619937,0.009112558,0.0164184,1.450716,0.08782188,-2.821153,0.03044367,0.1309088,1.082364,0.9776779,0.1053473,-0.1817906,-0.0908573,0.9921179,0.08629608,0.1894487,-0.06785278,0.9795433,moving,15.8284,3.236027,1.611135,6.896266
662,05/08/2023 17:08:04.262317,903,True,True,True,True,Eyes,1.210506,0.1313295,-3.613053,0.2586308,0.05503338,0.9644073,0.0,0.0,0.0,0.0,0.0,0.0,0.0,-2.053329,0.2936605,3.279045,1.475395,0.142766,-3.585716,0.03819347,0.0847938,0.04869355,0.9944748,3.8823,9.948715,5.944427,0.2925459,0.0337563,-0.9556551,0.5629264,0.01016668,0.02006815,1.450704,0.09015552,-2.821144,0.02752352,0.1080629,1.079272,0.9808779,0.1033262,-0.164931,-0.09037188,0.9923404,0.08422272,0.1723702,-0.06770708,0.9827025,moving,15.01212,3.26601,1.460837,5.717725
663,05/08/2023 17:08:04.272364,904,True,True,True,True,Eyes,1.221977,0.1318024,-3.611471,0.2447088,0.05571123,0.9679948,0.0,0.0,0.0,0.0,0.0,0.0,0.0,-2.007515,0.2881792,3.310128,1.485854,0.1425826,-3.583576,0.03754869,0.07633472,0.04861765,0.9951882,3.859703,8.971292,5.896569,0.2956569,0.03383338,-0.9546945,0.5636981,0.01106703,0.02356329,1.450692,0.09250078,-2.821134,0.02518702,0.08757631,1.076952,0.9836187,0.1025,-0.1482838,-0.0910349,0.9924529,0.08215845,0.1555859,-0.0673136,0.9855262,moving,14.18712,3.293924,1.339751,4.648988
664,05/08/2023 17:08:04.292318,905,True,True,True,True,Eyes,1.233361,0.1322303,-3.609864,0.2308423,0.0560865,0.9713734,0.0,0.0,0.0,0.0,0.0,0.0,0.0,-1.957005,0.287924,3.342879,1.496388,0.1423235,-3.581644,0.03723031,0.06728016,0.04941356,0.9958141,3.870399,7.931618,5.949945,0.2987469,0.03391417,-0.9537292,0.5642878,0.01182168,0.0268945,1.45068,0.09485018,-2.821125,0.02513295,0.1056614,1.071559,0.9860634,0.1034231,-0.1303177,-0.0934037,0.9923444,0.08079802,0.1376764,-0.06749982,0.9881746,moving,13.3681,3.304554,1.343602,5.631463
665,05/08/2023 17:08:04.312387,906,True,True,True,True,Eyes,1.244709,0.1326345,-3.608252,0.216825,0.05638312,0.9745809,0.0,0.0,0.0,0.0,0.0,0.0,0.0,-1.908419,0.2909377,3.373112,1.507033,0.141874,-3.579569,0.0375424,0.05858766,0.04983331,0.9963307,3.954832,6.936814,5.966529,0.3018126,0.03399689,-0.9527605,0.5645826,0.01239595,0.03010237,1.450668,0.09716757,-2.821115,0.02169609,0.1035407,1.066893,0.9881683,0.1037,-0.1130036,-0.09490187,0.9922144,0.08064851,0.1204871,-0.06897004,0.9903162,moving,12.5429,3.311083,1.164993,5.543127
666,05/08/2023 17:08:04.322030,907,True,True,True,True,Eyes,1.256059,0.133023,-3.60664,0.2026549,0.05657381,0.9776146,0.0,0.0,0.0,0.0,0.0,0.0,0.0,-1.860481,0.2954011,3.402296,1.517662,0.1417249,-3.577832,0.03784565,0.0500711,0.05077687,0.9967359,4.034626,5.964728,6.042901,0.3048534,0.03408058,-0.9517888,0.564752,0.01286495,0.03313207,1.450656,0.09951425,-2.821105,0.01440167,0.09454186,1.062935,0.9898291,0.1050122,-0.09597195,-0.09743232,0.9919788,0.08052915,0.1036587,-0.07035933,0.9921212,moving,11.71128,3.311969,0.7762516,5.082751
667,05/08/2023 17:08:04.348260,908,True,True,True,True,Eyes,1.267383,0.1333713,-3.605019,0.1882633,0.05688435,0.9804698,0.0,0.0,0.0,0.0,0.0,0.0,0.0,-1.808681,0.2901932,3.433516,1.528241,0.1416816,-3.576167,0.03655325,0.04099965,0.05226521,0.9971215,3.934175,4.921245,6.170077,0.3078716,0.03416459,-0.9508139,0.5649188,0.01325856,0.03597999,1.450644,0.101837,-2.821096,0.006662726,0.09396699,1.058295,0.9911748,0.1072269,-0.07794234,-0.1012322,0.9918644,0.07718177,0.08558419,-0.06861035,0.9939658,moving,10.86926,3.320432,0.3607134,5.074041
668,05/08/2023 17:08:04.362155,909,True,True,True,True,Eyes,1.278711,0.1336704,-3.6034,0.1737207,0.05704788,0.9831412,0.0,0.0,0.0,0.0,0.0,0.0,0.0,-1.75407,0.2771939,3.465664,1.539073,0.1410367,-3.574324,0.03435156,0.03149266,0.05324626,0.9974934,3.737027,3.820292,6.235781,0.3108671,0.03424763,-0.9498358,0.5649944,0.01350786,0.03868422,1.450631,0.1042399,-2.821086,-0.0003231168,0.09312559,1.053399,0.992346,0.1083892,-0.05916927,-0.1040619,0.9919696,0.07188464,0.06648564,-0.06517717,0.9956564,moving,10.02071,3.320929,-0.01757476,5.052093
669,05/08/2023 17:08:04.372069,910,True,True,True,True,Eyes,1.290014,0.1339349,-3.60178,0.1590014,0.05723076,0.9856182,0.0,0.0,0.0,0.0,0.0,0.0,0.0,-1.698493,0.2720137,3.49687,1.550094,0.1401517,-3.572749,0.03362449,0.02194053,0.05341762,0.9977649,3.712765,2.721134,6.217282,0.3138418,0.03432828,-0.9488541,0.565078,0.01359477,0.04122047,1.450619,0.1066418,-2.821076,-0.007113397,0.09460668,1.04833,0.9933304,0.1080719,-0.0401907,-0.105121,0.9920319,0.06944268,0.04737525,-0.06475464,0.996776,moving,9.164089,3.323197,-0.3887719,5.156695
670,05/08/2023 17:08:04.396260,911,True,True,True,True,Eyes,1.301293,0.1341679,-3.60016,0.1442411,0.05739252,0.9878768,0.0,0.0,0.0,0.0,0.0,0.0,0.0,-1.644096,0.2655896,3.526395,1.560965,0.1395818,-3.571128,0.0329688,0.01263256,0.05314997,0.9979622,3.695872,1.64909,6.150424,0.3167954,0.03440569,-0.9478693,0.5650836,0.01357248,0.04360597,1.450607,0.10891,-2.821067,-0.01500463,0.09875864,1.042794,0.994031,0.1069163,-0.02170906,-0.1052504,0.9921762,0.06714609,0.02871823,-0.0644604,0.997507,moving,8.307124,3.324966,-0.8243655,5.410109
671,05/08/2023 17:08:04.412139,912,True,True,True,True,Eyes,1.312563,0.1343634,-3.598541,0.1292677,0.05773645,0.9899275,0.0,0.0,0.0,0.0,0.0,0.0,0.0,-1.587003,0.252571,3.556618,1.572002,0.1391186,-3.569504,0.0312832,0.002947881,0.05318562,0.9980901,3.562273,0.5288458,6.116961,0.319728,0.03447921,-0.9468815,0.5650141,0.01345729,0.04584906,1.450593,0.1116086,-2.821056,-0.02196309,0.1015229,1.037318,0.9943252,0.1063525,-0.002556869,-0.1059836,0.9923853,0.06276047,0.009212134,-0.06213333,0.9980253,moving,7.439759,3.337933,-1.21294,5.589767
672,05/08/2023 17:08:04.422142,913,True,True,True,True,Eyes,1.323808,0.1344873,-3.596927,0.1144299,0.05821336,0.9917242,0.0,0.0,0.0,0.0,0.0,0.0,0.0,-1.528962,0.2312059,3.586711,1.583235,0.1383761,-3.567898,0.02851533,-0.00688436,0.05298109,0.9981647,3.305248,359.3846,6.058893,0.3226407,0.03454809,-0.9458905,0.5649237,0.01323636,0.04795542,1.450583,0.1136077,-2.821048,-0.02827787,0.1033383,1.031879,0.9942912,0.1053751,0.016765,-0.1061603,0.9927597,0.05619651,-0.0107219,-0.05765547,0.998279,moving,6.581957,3.359358,-1.569756,5.718866
673,05/08/2023 17:08:04.442129,914,True,True,True,True,Eyes,1.335056,0.134544,-3.595329,0.09945248,0.05874383,0.9933068,0.0,0.0,0.0,0.0,0.0,0.0,0.0,-1.471934,0.2121037,3.615164,1.594732,0.136852,-3.566383,0.02617947,-0.01651985,0.05227243,0.998153,3.094863,358.2645,5.948699,0.3255335,0.03461063,-0.9448965,0.5647647,0.01281371,0.04991966,1.450571,0.1158517,-2.821039,-0.03288329,0.1078813,1.026126,0.9939893,0.1034868,0.03571559,-0.1052167,0.9931644,0.05053517,-0.03024174,-0.05398929,0.9980834,moving,5.717549,3.384511,-1.835475,6.001718
674,05/08/2023 17:08:04.462324,915,True,True,True,True,Eyes,1.346325,0.134522,-3.593749,0.08478514,0.05914951,0.9946421,0.0,0.0,0.0,0.0,0.0,0.0,0.0,-1.417764,0.2014167,3.641127,1.606201,0.1352852,-3.565143,0.02514441,-0.02562793,0.0512061,0.9980426,3.027484,357.2115,5.800441,0.3284073,0.03466545,-0.9438995,0.5646235,0.01221494,0.05171884,1.450559,0.118198,-2.821029,-0.03754094,0.1102211,1.020478,0.9934422,0.1009229,0.05373062,-0.1035005,0.9934914,0.04756577,-0.04858043,-0.052815,0.9974219,moving,4.872221,3.403265,-2.106825,6.164578
675,05/08/2023 17:08:04.472316,916,True,True,True,True,Eyes,1.357608,0.1344173,-3.592184,0.06998346,0.05969962,0.9957601,0.0,0.0,0.0,0.0,0.0,0.0,0.0,-1.363092,0.1883424,3.666558,1.617767,0.1333458,-3.564013,0.02341172,-0.03475824,0.05089414,0.9978245,2.880873,356.1544,5.742959,0.3312647,0.034711,-0.9428988,0.5645519,0.01141606,0.05335643,1.450547,0.1206063,-2.821019,-0.0425117,0.1132856,1.014322,0.9924033,0.09993933,0.07174828,-0.1031943,0.9937233,0.04318359,-0.06698219,-0.05025955,0.9964876,moving,4.020219,3.430994,-2.399945,6.372731
676,05/08/2023 17:08:04.492305,917,True,True,True,True,Eyes,1.368901,0.1342343,-3.590633,0.0554744,0.06014352,0.9966471,0.0,0.0,0.0,0.0,0.0,0.0,0.0,-1.31041,0.1713127,3.690474,1.629533,0.1312234,-3.562797,0.02100393,-0.04360761,0.05083182,0.9975336,2.655898,355.1265,5.721211,0.334107,0.03474576,-0.9418942,0.5645265,0.01041697,0.05484927,1.450535,0.1229238,-2.82101,-0.04509982,0.1152488,1.008478,0.991029,0.09958103,0.08913547,-0.1032448,0.9939499,0.03747095,-0.0848648,-0.04633757,0.9953144,moving,3.185855,3.453375,-2.560601,6.519475
677,05/08/2023 17:08:04.512120,918,True,True,True,True,Eyes,1.380217,0.1339937,-3.589101,0.04084212,0.0606255,0.9973246,0.0,0.0,0.0,0.0,0.0,0.0,0.0,-1.259506,0.1614372,3.712584,1.641479,0.1291972,-3.561538,0.01947513,-0.05213496,0.0510653,0.9971434,2.53121,354.1409,5.733738,0.3369357,0.03476855,-0.9408852,0.5645344,0.00924317,0.05621248,1.450523,0.1252415,-2.821,-0.04697505,0.1113907,1.002597,0.9893486,0.09980819,0.1059611,-0.1038695,0.9940261,0.03351442,-0.101983,-0.04416357,0.9938053,moving,2.345048,3.478623,-2.682539,6.339688
678,05/08/2023 17:08:04.522158,919,True,True,True,True,Eyes,1.391574,0.1336965,-3.587587,0.02643207,0.06105542,0.9977843,0.0,0.0,0.0,0.0,0.0,0.0,0.0,-1.207047,0.1544924,3.734345,1.653464,0.1274625,-3.560333,0.01815995,-0.06079918,0.05192588,0.9966331,2.436476,353.1419,5.818961,0.3397522,0.03477887,-0.9398715,0.5646123,0.007966797,0.05743597,1.45051,0.127661,-2.82099,-0.05080047,0.1157737,0.9962375,0.9872143,0.1012939,0.1230749,-0.1057103,0.9939478,0.02988352,-0.119303,-0.04251172,0.9919474,moving,1.517454,3.50162,-2.919117,6.628662
679,05/08/2023 17:08:04.542129,920,True,True,True,True,Eyes,1.402965,0.1333542,-3.58611,0.01188744,0.0613399,0.9980461,0.0,0.0,0.0,0.0,0.0,0.0,0.0,-1.153751,0.1432128,3.756082,1.665788,0.1258912,-3.559369,0.0161269,-0.06958959,0.05322095,0.9960245,2.265655,352.1248,5.961225,0.342559,0.03477634,-0.9388522,0.5648047,0.006597133,0.0585324,1.450498,0.129979,-2.820981,-0.05558926,0.1233776,0.9894475,0.9846497,0.1037742,0.1403424,-0.1082633,0.9938149,0.02471833,-0.1369093,-0.03953283,0.9897944,moving,0.6824014,3.516974,-3.215618,7.107723
680,05/08/2023 17:08:04.562346,921,True,True,True,True,Eyes,1.414436,0.132978,-3.584658,-0.002614045,0.06146007,0.9981061,0.0,0.0,0.0,0.0,0.0,0.0,0.0,-1.098208,0.1531658,3.777164,1.678157,0.1244932,-3.55876,0.01707418,-0.0784704,0.05442172,0.9952834,2.437427,351.1133,6.070156,0.3453575,0.03476094,-0.9378269,0.5650892,0.005174466,0.05945003,1.450486,0.1323337,-2.820971,-0.06012315,0.1289591,0.9828454,0.9817614,0.1056504,0.158059,-0.1110097,0.9934934,0.02544631,-0.1543422,-0.04252829,0.9871017,moving,-0.1500576,3.523636,-3.500566,7.475074
681,05/08/2023 17:08:04.580289,922,True,True,True,True,Eyes,1.425968,0.1325384,-3.583228,-0.01719825,0.06166528,0.9979488,0.0,0.0,0.0,0.0,0.0,0.0,0.0,-1.038243,0.1584753,3.798831,1.691058,0.123269,-3.557992,0.01715349,-0.08796703,0.05641183,0.9943768,2.524056,350.0274,6.27366,0.3481521,0.03473297,-0.9367942,0.5655984,0.003735191,0.06024037,1.450473,0.1347719,-2.820961,-0.06480581,0.1359964,0.9759189,0.9781591,0.1091713,0.1768801,-0.1152071,0.9930469,0.0241893,-0.1730094,-0.04403883,0.9839351,moving,-0.9873149,3.535927,-3.799143,7.933202
682,05/08/2023 17:08:04.592298,923,True,True,True,True,Eyes,1.437571,0.1320245,-3.581819,-0.03140192,0.06181544,0.9975935,0.0,0.0,0.0,0.0,0.0,0.0,0.0,-0.9887687,0.1476492,3.817359,1.704177,0.1212887,-3.557072,0.01540527,-0.09618804,0.05704297,0.9936079,2.383464,349.0733,6.343486,0.3509447,0.03469182,-0.935753,0.5662583,0.002192282,0.06091605,1.450462,0.1369802,-2.820952,-0.06992552,0.1410351,0.9689901,0.9749879,0.1103931,0.1929039,-0.1163203,0.9930176,0.0196399,-0.1893889,-0.04158731,0.9810211,moving,-1.802942,3.545774,-4.127498,8.281165
683,05/08/2023 17:08:04.612118,924,True,True,True,True,Eyes,1.449213,0.1314757,-3.580417,-0.04546859,0.06202397,0.9970385,0.0,0.0,0.0,0.0,0.0,0.0,0.0,-0.9501016,0.1493895,3.832147,1.717427,0.1189971,-3.556212,0.01532566,-0.1028838,0.05745148,0.9929146,2.4218,348.3034,6.374952,0.3537379,0.03463663,-0.9347028,0.5670904,0.0005189666,0.06148682,1.45045,0.1392955,-2.820943,-0.07828131,0.1440899,0.9618573,0.9722285,0.1109353,0.2060706,-0.1172424,0.9929289,0.01861249,-0.2025486,-0.04225579,0.9783601,moving,-2.611087,3.55968,-4.652795,8.519774
684,05/08/2023 17:08:04.622575,925,True,True,True,True,Eyes,1.460937,0.1310442,-3.579016,-0.05908155,0.06181931,0.9963371,0.0,0.0,0.0,0.0,0.0,0.0,0.0,-0.9225323,0.1419866,3.843647,1.730104,0.1175958,-3.554963,0.0139793,-0.1081239,0.05811813,0.9923387,2.310352,347.6936,6.454499,0.3565325,0.0345678,-0.9336429,0.5679913,-0.001158511,0.0620026,1.450438,0.1416435,-2.820933,-0.08712587,0.1469168,0.954663,0.969863,0.1123227,0.216216,-0.1183687,0.9928537,0.01517648,-0.2129662,-0.04031233,0.9762276,moving,-3.393594,3.550456,-5.214567,8.748836
685,05/08/2023 17:08:04.642090,926,True,True,True,True,Eyes,1.472706,0.1307386,-3.577615,-0.07287169,0.06171333,0.9954302,0.0,0.0,0.0,0.0,0.0,0.0,0.0,-0.9004952,0.1799987,3.852051,1.742824,0.1199348,-3.553839,0.0179089,-0.1122721,0.06233463,0.9915587,2.838007,347.2506,6.877237,0.3593314,0.0344902,-0.9325722,0.5690838,-0.002383345,0.06248743,1.450426,0.1439771,-2.820924,-0.09431395,0.1481164,0.9476568,0.9670188,0.1195956,0.2248814,-0.1276382,0.9915873,0.02151856,-0.220416,-0.04951232,0.9741485,moving,-4.186939,3.547606,-5.683551,8.883316
686,05/08/2023 17:08:04.661992,927,True,True,True,True,Eyes,1.48451,0.1304496,-3.576172,-0.08652419,0.06220356,0.9943059,0.0,0.0,0.0,0.0,0.0,0.0,0.0,-0.847965,0.166312,3.869267,1.755839,0.122586,-3.552455,0.01399333,-0.1207058,0.06997041,0.9901205,2.556345,346.2725,7.776821,0.3621352,0.03440845,-0.93149,0.5702463,-0.003157168,0.06293888,1.450414,0.146304,-2.820914,-0.09809962,0.1492644,0.9408708,0.9610685,0.1351801,0.2409848,-0.1419364,0.9898167,0.0108185,-0.2370683,-0.04460183,0.9704686,moving,-4.973333,3.579746,-5.95242,9.01456
687,05/08/2023 17:08:04.672236,928,True,True,True,True,Eyes,1.496379,0.1302292,-3.57478,-0.0999528,0.06161752,0.9930824,0.0,0.0,0.0,0.0,0.0,0.0,0.0,-0.8055585,0.1118578,3.883979,1.769422,0.1227012,-3.549763,0.006875459,-0.1283642,0.07025999,0.9892112,1.813159,345.3378,7.892077,0.3649442,0.0343235,-0.9303963,0.5714445,-0.003834852,0.06349342,1.450401,0.1486865,-2.820904,-0.100215,0.1505958,0.9340007,0.9571723,0.1372388,0.2549248,-0.1407691,0.9900325,-0.004435171,-0.2529925,-0.0316403,0.9669507,moving,-5.74741,3.550464,-6.124206,9.159392
688,05/08/2023 17:08:04.696673,929,True,True,True,True,Eyes,1.508251,0.1302244,-3.573368,-0.1132322,0.06081479,0.9917056,0.0,0.0,0.0,0.0,0.0,0.0,0.0,-0.7743238,0.2109556,3.892293,1.782915,0.1243548,-3.549616,0.01989013,-0.1331089,0.07170551,0.988304,3.348223,344.8886,7.855306,0.367759,0.03423764,-0.9292904,0.5727654,-0.004265746,0.06385948,1.450389,0.1510226,-2.820895,-0.1020969,0.1531912,0.9267764,0.9542807,0.1364386,0.2659566,-0.1470288,0.9889254,0.0202257,-0.2602516,-0.05840427,0.9637728,moving,-6.513782,3.509179,-6.286549,9.385818
689,05/08/2023 17:08:04.712566,930,True,True,True,True,Eyes,1.520149,0.1303098,-3.571939,-0.1265864,0.06055526,0.9901055,0.0,0.0,0.0,0.0,0.0,0.0,0.0,-0.740479,0.2275655,3.901967,1.795307,0.1296186,-3.547606,0.02101721,-0.1387505,0.07729397,0.9870827,3.608617,344.264,8.456028,0.3705779,0.03415741,-0.9281728,0.5740142,-0.004024285,0.06426366,1.450377,0.1533616,-2.820885,-0.10505,0.1562344,0.9192822,0.9495479,0.1467588,0.2771655,-0.1584234,0.9871678,0.0200423,-0.2706675,-0.06294061,0.9606131,moving,-7.285819,3.499874,-6.519135,9.645408
690,05/08/2023 17:08:04.722055,931,True,True,True,True,Eyes,1.53207,0.1304828,-3.570489,-0.140025,0.05996683,0.9883304,0.0,0.0,0.0,0.0,0.0,0.0,0.0,-0.6990149,0.1689797,3.916775,1.807962,0.131758,-3.545732,0.01373775,-0.1461558,0.07740369,0.986133,2.849951,343.3523,8.559074,0.3733998,0.03408495,-0.9270437,0.5752667,-0.003526633,0.06469364,1.450365,0.1557224,-2.820875,-0.1087439,0.1622712,0.9115962,0.9452943,0.148645,0.2903849,-0.1566764,0.9876399,0.004468515,-0.2861314,-0.04972051,0.9568995,moving,-8.063901,3.472158,-6.802643,10.09337
691,05/08/2023 17:08:04.742133,932,True,True,True,True,Eyes,1.543996,0.1308113,-3.568981,-0.1534845,0.05963422,0.9863499,0.0,0.0,0.0,0.0,0.0,0.0,0.0,-0.6498961,0.195944,3.928119,1.820762,0.1341356,-3.543687,0.0179642,-0.1537035,0.07725862,0.9849282,3.390264,342.5109,8.448663,0.3762245,0.03402204,-0.9259033,0.5765153,-0.002796027,0.06516364,1.450353,0.1580456,-2.820866,-0.1118924,0.1679889,0.9037995,0.9408127,0.146666,0.3055497,-0.1577107,0.9874168,0.01163705,-0.2999981,-0.05913674,0.952105,moving,-8.844778,3.459862,-7.057438,10.52939
692,05/08/2023 17:08:04.762174,933,True,True,True,True,Eyes,1.55595,0.1312238,-3.567381,-0.1671164,0.05998783,0.9841105,0.0,0.0,0.0,0.0,0.0,0.0,0.0,-0.6073147,0.162834,3.939585,1.832916,0.1381488,-3.540764,0.01485157,-0.1609598,0.0758336,0.9839313,3.074716,341.6423,8.317435,0.3790512,0.03397241,-0.9247515,0.5777026,-0.001642867,0.0657771,1.450341,0.1604028,-2.820856,-0.11534,0.1717036,0.8962354,0.9366825,0.1444491,0.3189992,-0.1540111,0.9880574,0.004813517,-0.3144943,-0.05363816,0.9477427,moving,-9.637721,3.488228,-7.333306,10.84549
693,05/08/2023 17:08:04.780314,934,True,True,True,True,Eyes,1.567883,0.1316573,-3.565723,-0.180639,0.06057426,0.9816824,0.0,0.0,0.0,0.0,0.0,0.0,0.0,-0.5722805,0.09034593,3.949604,1.844784,0.1403044,-3.537249,0.006672067,-0.1675838,0.07314807,0.9831178,2.156877,340.8061,8.145678,0.3818808,0.0339372,-0.9235878,0.5789023,-0.0003068576,0.06663056,1.450329,0.1626656,-2.820847,-0.1194075,0.1774597,0.8882771,0.9331301,0.1415901,0.3304853,-0.1460626,0.9892097,-0.011398,-0.3285331,-0.03763571,0.9437423,moving,-10.42634,3.530933,-7.656146,11.29779
785,05/08/2023 17:08:06.312126,1026,True,True,True,True,Eyes,2.179242,0.1271911,-2.89449,-0.9932264,-0.04119876,0.1086453,0.0,0.0,0.0,0.0,0.0,0.0,0.0,2.628602,-0.3030446,2.261011,2.274914,0.1276618,-2.630974,-0.0178326,-0.7086661,0.09959226,0.6982521,6.675843,269.7086,9.524984,0.5816781,0.03501365,-0.8126649,0.2015486,-0.01049016,0.4987142,1.450329,0.1626656,-2.820847,-0.1411095,0.1028941,0.797225,-0.0242525,0.1643557,0.9861029,-0.1138063,0.9795267,-0.1660586,-0.9932069,-0.116252,-0.005051232,moving,-83.75745,-20.76694,-10.03744,7.354242
786,05/08/2023 17:08:06.322016,1027,True,True,True,True,Eyes,2.182907,0.127256,-2.882794,-0.9944533,-0.04344209,0.09578837,0.0,0.0,0.0,0.0,0.0,0.0,0.0,2.635087,-0.2931066,2.243514,2.277326,0.1276318,-2.619246,-0.01619216,-0.7112569,0.1015421,0.6953709,7.00327,269.2901,9.525533,0.5839394,0.03502198,-0.8110411,0.2006294,-0.009724631,0.5039304,1.447729,0.160279,-2.820771,-0.1447074,0.09741402,0.7949754,-0.03239429,0.1642525,0.9858863,-0.1181853,0.9788541,-0.1669642,-0.9924631,-0.121926,-0.01229709,moving,-84.49809,-24.39532,-10.31646,6.986035
787,05/08/2023 17:08:06.347898,1028,True,True,True,True,Eyes,2.186503,0.1273611,-2.871121,-0.9954997,-0.04585183,0.08293352,0.0,0.0,0.0,0.0,0.0,0.0,0.0,2.644288,-0.2921557,2.221779,2.279608,0.1282042,-2.607847,-0.01539518,-0.7142761,0.106982,0.6914678,7.558527,268.7946,9.871067,0.5862267,0.03503903,-0.8093886,0.1995866,-0.008946335,0.5087844,1.445194,0.1579527,-2.820696,-0.1498878,0.09774446,0.7919157,-0.0432708,0.1699421,0.9845036,-0.1259564,0.9766356,-0.1741199,-0.9910916,-0.1315389,-0.02085452,moving,-85.23778,-28.93708,-10.71773,7.036308
788,05/08/2023 17:08:06.363998,1029,True,True,True,True,Eyes,2.190022,0.1274738,-2.859453,-0.9963565,-0.04850389,0.07015087,0.0,0.0,0.0,0.0,0.0,0.0,0.0,2.659469,-0.3042815,2.190811,2.281631,0.129283,-2.596624,-0.01634953,-0.7185096,0.1107738,0.6864444,7.859128,268.0883,10.209,0.5885335,0.03506526,-0.8077117,0.1983996,-0.008094351,0.5132769,1.442567,0.1555424,-2.820619,-0.15491,0.09741281,0.7883627,-0.05705377,0.1755746,0.9828116,-0.1285855,0.9749237,-0.1816301,-0.990056,-0.1367379,-0.03304673,moving,-85.9726,-34.66085,-11.11675,7.04396
789,05/08/2023 17:08:06.382033,1030,True,True,True,True,Eyes,2.193452,0.1275966,-2.847806,-0.9970348,-0.05133739,0.0573236,0.0,0.0,0.0,0.0,0.0,0.0,0.0,2.681549,-0.3098149,2.150964,2.283411,0.129583,-2.585068,-0.01634429,-0.7238133,0.1135798,0.6803873,8.174027,267.2005,10.37244,0.5908549,0.03510014,-0.8060137,0.1970521,-0.007270597,0.517482,1.439971,0.1531602,-2.820543,-0.160129,0.09451299,0.7852587,-0.07361218,0.1782169,0.9812338,-0.1308961,0.973665,-0.186662,-0.9886594,-0.1421803,-0.0483457,moving,-86.70946,-41.84673,-11.52567,6.863053
790,05/08/2023 17:08:06.396129,1031,True,True,True,True,Eyes,2.196787,0.127754,-2.836206,-0.997536,-0.05424777,0.04448642,0.0,0.0,0.0,0.0,0.0,0.0,0.0,2.701864,-0.299848,2.114586,2.284783,0.1300204,-2.573774,-0.01415486,-0.7285514,0.1157324,0.6749952,8.59941,266.4064,10.30416,0.593185,0.03514318,-0.8042985,0.1955186,-0.006465871,0.5213755,1.437508,0.1508994,-2.820471,-0.1640017,0.09422873,0.7818739,-0.08836246,0.1768627,0.980261,-0.1356126,0.9728113,-0.187743,-0.9868138,-0.1495252,-0.0619752,moving,-87.44651,-50.6462,-11.84632,6.871946
791,05/08/2023 17:08:06.412370,1032,True,True,True,True,Eyes,2.200005,0.1279458,-2.824652,-0.9978792,-0.05695509,0.03151524,0.0,0.0,0.0,0.0,0.0,0.0,0.0,2.720544,-0.2954246,2.078916,2.285879,0.1311243,-2.562828,-0.01273301,-0.7331557,0.1171924,0.6697661,8.904282,265.6253,10.24142,0.5955181,0.03519472,-0.8025703,0.1937918,-0.005605626,0.5248916,1.434748,0.1483667,-2.82039,-0.1701061,0.09927648,0.7773049,-0.1025026,0.1756535,0.9791011,-0.1383124,0.9722077,-0.1888968,-0.98507,-0.1547842,-0.07535874,moving,-88.19108,-61.04271,-12.34406,7.278347
792,05/08/2023 17:08:06.422113,1033,True,True,True,True,Eyes,2.203112,0.1281351,-2.813132,-0.9980613,-0.05942105,0.01851466,0.0,0.0,0.0,0.0,0.0,0.0,0.0,2.741702,-0.3060694,2.036698,2.286384,0.1321328,-2.552202,-0.01368651,-0.738598,0.1157168,0.6639995,8.786946,264.6917,10.13421,0.597848,0.03525503,-0.8008335,0.1918195,-0.004694134,0.5280623,1.432338,0.1461547,-2.820319,-0.1709878,0.09095177,0.7750983,-0.117835,0.1738894,0.97769,-0.1334541,0.9728446,-0.189112,-0.984025,-0.1527607,-0.09142882,moving,-88.93726,-72.69379,-12.44028,6.69261
793,05/08/2023 17:08:06.442174,1034,True,True,True,True,Eyes,2.206115,0.1283141,-2.801658,-0.9980615,-0.06198873,0.005527091,0.0,0.0,0.0,0.0,0.0,0.0,0.0,2.76371,-0.2981677,1.995016,2.286922,0.1322716,-2.54157,-0.01212759,-0.7438692,0.113718,0.6584677,8.813074,263.7852,9.776581,0.6001707,0.03532322,-0.7990913,0.1896316,-0.003844573,0.5309376,1.429842,0.1438642,-2.820246,-0.1748977,0.07756242,0.7721725,-0.1325465,0.1678019,0.9768695,-0.1317165,0.9738423,-0.1851538,-0.982386,-0.1532113,-0.1069771,moving,-89.68271,-84.90482,-12.7622,5.73595
794,05/08/2023 17:08:06.462262,1035,True,True,True,True,Eyes,2.209008,0.1284935,-2.790215,-0.9978846,-0.06460808,-0.007216,0.0,0.0,0.0,0.0,0.0,0.0,0.0,2.782101,-0.2738541,1.959921,2.287472,0.1323004,-2.531076,-0.00808492,-0.7481562,0.1136596,0.6536654,9.177913,263.0411,9.367837,0.6024818,0.03539817,-0.7973469,0.1872609,-0.003076875,0.5335037,1.427208,0.1414468,-2.820169,-0.1779223,0.08796147,0.7690644,-0.1453125,0.1606883,0.9762498,-0.1364932,0.9740323,-0.18064,-0.9799255,-0.1595006,-0.1196062,moving,89.58569,83.62711,-13.02615,6.524832
795,05/08/2023 17:08:06.472269,1036,True,True,True,True,Eyes,2.211797,0.128691,-2.778836,-0.9975368,-0.0672877,-0.01981521,0.0,0.0,0.0,0.0,0.0,0.0,0.0,2.79314,-0.255138,1.93365,2.287847,0.1325122,-2.520699,-0.004987325,-0.7513484,0.1137796,0.6500041,9.467761,262.4795,9.065004,0.6047781,0.03547924,-0.7956031,0.1847034,-0.002353899,0.5358207,1.42461,0.139063,-2.820093,-0.1803748,0.08079281,0.766516,-0.1549401,0.1554088,0.9756239,-0.1404199,0.9740587,-0.1774597,-0.9778937,-0.1644926,-0.1290983,moving,88.86202,73.5911,-13.2418,6.016911
796,05/08/2023 17:08:06.492196,1037,True,True,True,True,Eyes,2.214467,0.1289063,-2.767518,-0.9970433,-0.06982006,-0.03208935,0.0,0.0,0.0,0.0,0.0,0.0,0.0,2.802687,-0.2418954,1.908923,2.288218,0.1332063,-2.51075,-0.00258025,-0.7543312,0.1144044,0.6464437,9.74489,261.9484,8.860376,0.6070556,0.03556635,-0.7938628,0.1819911,-0.00162021,0.5378106,1.422066,0.1367284,-2.820018,-0.181642,0.07026081,0.7656183,-0.1642079,0.1518047,0.9746748,-0.1440192,0.97381,-0.1759336,-0.9758556,-0.1692616,-0.1380445,moving,88.1566,65.31645,-13.34659,5.243349
797,05/08/2023 17:08:06.512508,1038,True,True,True,True,Eyes,2.216998,0.129136,-2.756265,-0.9964021,-0.07225206,-0.04429743,0.0,0.0,0.0,0.0,0.0,0.0,0.0,2.812499,-0.2328788,1.882404,2.288047,0.133892,-2.500948,-0.000807402,-0.757478,0.114563,0.6427299,9.934368,261.3851,8.670369,0.6093108,0.03565943,-0.7921289,0.1790797,-0.0008770763,0.5394966,1.419536,0.1344066,-2.819944,-0.1812673,0.07505149,0.7645013,-0.173795,0.1484893,0.9735225,-0.1460429,0.9737493,-0.1745957,-0.9738925,-0.1725199,-0.147547,moving,87.45445,58.48772,-13.33881,5.606791
798,05/08/2023 17:08:06.522189,1039,True,True,True,True,Eyes,2.219378,0.1293829,-2.745072,-0.9956403,-0.07447269,-0.05616241,0.0,0.0,0.0,0.0,0.0,0.0,0.0,2.822729,-0.2328493,1.853044,2.287313,0.1344858,-2.491164,-0.0004179063,-0.7609545,0.1139513,0.6387201,9.955874,260.7629,8.536375,0.6115401,0.03575831,-0.7904046,0.175928,-0.0001353028,0.5408854,1.416934,0.1320185,-2.819868,-0.181732,0.07460456,0.7640013,-0.1840732,0.146202,0.9719785,-0.1449299,0.9740298,-0.1739573,-0.972169,-0.1728896,-0.1581037,moving,86.77146,52.9788,-13.38022,5.577238
799,05/08/2023 17:08:06.542891,1040,True,True,True,True,Eyes,2.221592,0.1296431,-2.733953,-0.9947532,-0.076502,-0.06792269,0.0,0.0,0.0,0.0,0.0,0.0,0.0,2.828953,-0.2334308,1.828804,2.286136,0.1351646,-2.481391,-0.0001208478,-0.7637529,0.1140582,0.6353521,10.0246,260.2575,8.474469,0.6137398,0.0358629,-0.7886931,0.172512,0.0006133732,0.5420107,1.41442,0.1297118,-2.819794,-0.183314,0.07295517,0.7637311,-0.1926554,0.1451188,0.9704763,-0.1447496,0.9739814,-0.1743781,-0.9705315,-0.174071,-0.1666369,moving,86.09385,48.39957,-13.49705,5.456604
800,05/08/2023 17:08:06.562305,1041,True,True,True,True,Eyes,2.223629,0.1298878,-2.722907,-0.9937708,-0.07822707,-0.07937264,0.0,0.0,0.0,0.0,0.0,0.0,0.0,2.835212,-0.2416194,1.803005,2.284432,0.1357291,-2.471959,-0.00111554,-0.7667607,0.1128349,0.6319377,9.882303,259.7179,8.423779,0.6159069,0.03597304,-0.7869968,0.1688053,0.001357183,0.5428467,1.411858,0.12736,-2.819719,-0.1858626,0.06974386,0.7635888,-0.2013073,0.14432,0.9688382,-0.1408986,0.9745341,-0.1744447,-0.9693416,-0.1716249,-0.1758463,moving,85.43347,44.58353,-13.68015,5.218741
801,05/08/2023 17:08:06.580316,1042,True,True,True,True,Eyes,2.225477,0.1301109,-2.711941,-0.9926731,-0.0798532,-0.09068398,0.0,0.0,0.0,0.0,0.0,0.0,0.0,2.839051,-0.2458265,1.780879,2.28225,0.1355847,-2.462746,-0.001865631,-0.7693196,0.1103686,0.6292559,9.640721,259.2605,8.267884,0.6180378,0.03608757,-0.7853194,0.1647853,0.002009828,0.5434138,1.409212,0.1249321,-2.819641,-0.1884273,0.06107538,0.7640159,-0.2080675,0.1417707,0.9677858,-0.1360296,0.9756306,-0.1721653,-0.9686095,-0.1674695,-0.1837119,moving,84.78033,41.36604,-13.85423,4.570502
802,05/08/2023 17:08:06.592367,1043,True,True,True,True,Eyes,2.227111,0.1303117,-2.701047,-0.9914762,-0.0813037,-0.1018061,0.0,0.0,0.0,0.0,0.0,0.0,0.0,2.843206,-0.252411,1.7572,2.279631,0.1352829,-2.453623,-0.002675385,-0.7718908,0.1101407,0.6261363,9.595007,258.7924,8.283535,0.6201293,0.0362053,-0.7836634,0.1604428,0.002558762,0.5437064,1.40662,0.1225529,-2.819565,-0.1917558,0.0550299,0.7643018,-0.2158924,0.1420564,0.9660282,-0.1337959,0.9757237,-0.1733834,-0.9672068,-0.1666828,-0.1916448,moving,84.13734,38.61134,-14.08423,4.118202
803,05/08/2023 17:08:06.612420,1044,True,True,True,True,Eyes,2.228527,0.1304754,-2.69024,-0.9901823,-0.08254576,-0.112806,0.0,0.0,0.0,0.0,0.0,0.0,0.0,2.847183,-0.2681017,1.731357,2.276242,0.1348775,-2.44468,-0.005009813,-0.7746987,0.1087042,0.6228967,9.333733,258.2844,8.343435,0.6221784,0.03632513,-0.7820319,0.1557186,0.003007348,0.5437655,1.404134,0.1202718,-2.819492,-0.1954399,0.05109492,0.764594,-0.2239492,0.1431851,0.9640251,-0.1276608,0.9763166,-0.1746672,-0.9662036,-0.1621848,-0.2003662,moving,83.50063,36.19479,-14.33851,3.823176
804,05/08/2023 17:08:06.622105,1045,True,True,True,True,Eyes,2.229725,0.1305694,-2.679528,-0.9887907,-0.08386365,-0.1235307,0.0,0.0,0.0,0.0,0.0,0.0,0.0,2.850779,-0.2769687,1.706424,2.272456,0.1341262,-2.435874,-0.006425699,-0.7773181,0.1070858,0.6198936,9.120592,257.8073,8.313025,0.6241826,0.03644563,-0.7804277,0.1506227,0.003318198,0.5435614,1.401577,0.1179252,-2.819417,-0.2007954,0.04509672,0.764734,-0.2313816,0.1427532,0.9623328,-0.1227739,0.9769827,-0.1744459,-0.9650853,-0.1585129,-0.2085294,moving,82.87887,34.17215,-14.712,3.37485
805,05/08/2023 17:08:06.647200,1046,True,True,True,True,Eyes,2.230702,0.1305964,-2.668904,-0.987304,-0.08514988,-0.1340904,0.0,0.0,0.0,0.0,0.0,0.0,0.0,2.853754,-0.2751171,1.683705,2.268439,0.1326116,-2.427151,-0.006244788,-0.7795693,0.1064044,0.6171797,9.101904,257.3918,8.214347,0.6261389,0.0365644,-0.7788534,0.1451809,0.003401141,0.5430849,1.399022,0.1155809,-2.819342,-0.2062571,0.0427493,0.7650979,-0.2381004,0.1410777,0.9609396,-0.1216047,0.9772782,-0.1736075,-0.9635975,-0.1581909,-0.2155347,moving,82.26572,32.41631,-15.08729,3.198035
806,05/08/2023 17:08:06.662852,1047,True,True,True,True,Eyes,2.231454,0.1305434,-2.65838,-0.9857191,-0.08663559,-0.144403,0.0,0.0,0.0,0.0,0.0,0.0,0.0,2.856862,-0.2686092,1.6611,2.264129,0.1310544,-2.418597,-0.005319591,-0.7817388,0.1059944,0.6145091,9.159419,256.9878,8.069605,0.6280453,0.03667942,-0.7773114,0.1394012,0.003277852,0.5423701,1.396458,0.1132276,-2.819267,-0.2106485,0.04127993,0.7658504,-0.2447006,0.1385861,0.9596434,-0.121952,0.9774738,-0.1722577,-0.9618988,-0.159182,-0.2222875,moving,81.66573,30.96194,-15.37901,3.085302
807,05/08/2023 17:08:06.680476,1048,True,True,True,True,Eyes,2.231977,0.1304035,-2.647946,-0.9840485,-0.08814467,-0.1545285,0.0,0.0,0.0,0.0,0.0,0.0,0.0,2.861127,-0.2547681,1.637313,2.259512,0.1291533,-2.410326,-0.003267728,-0.7839469,0.1057453,0.6117473,9.311349,256.5718,7.833689,0.6299003,0.03678853,-0.7758038,0.133293,0.002922215,0.5414022,1.393878,0.1108601,-2.819192,-0.2139087,0.03656621,0.7672971,-0.2515095,0.1345022,0.9584635,-0.1242553,0.9776145,-0.1697954,-0.9598457,-0.1617993,-0.2291668,moving,81.07553,29.70089,-15.57752,2.728416
808,05/08/2023 17:08:06.692619,1049,True,True,True,True,Eyes,2.232254,0.1301755,-2.637568,-0.9823229,-0.08993661,-0.1641739,0.0,0.0,0.0,0.0,0.0,0.0,0.0,2.86344,-0.2400403,1.616169,2.254576,0.1269796,-2.402015,-0.001143415,-0.785816,0.1056097,0.6093754,9.473185,256.2158,7.603289,0.631703,0.03688961,-0.7743318,0.1268654,0.002327295,0.5402198,1.391323,0.1085153,-2.819117,-0.2167402,0.03377779,0.7690151,-0.2573206,0.1305089,0.9574724,-0.1269148,0.9776906,-0.1673731,-0.9579554,-0.164586,-0.2350163,moving,80.51195,28.7145,-15.74003,2.515011
809,05/08/2023 17:08:06.711948,1050,True,True,True,True,Eyes,2.232294,0.1298622,-2.627289,-0.9805371,-0.09167131,-0.1736187,0.0,0.0,0.0,0.0,0.0,0.0,0.0,2.862735,-0.2333446,1.598685,2.249234,0.1245468,-2.393936,-0.0002637325,-0.787253,0.1060083,0.6074495,9.589629,255.9405,7.529444,0.6334534,0.0369808,-0.7728962,0.1200825,0.001503515,0.5389395,1.388767,0.106169,-2.819042,-0.2198688,0.03137826,0.7708454,-0.2620099,0.1292046,0.956377,-0.1283741,0.9775243,-0.1672311,-0.9564888,-0.1665902,-0.2395346,moving,79.959,27.83422,-15.91978,2.331012
810,05/08/2023 17:08:06.722302,1051,True,True,True,True,Eyes,2.232084,0.1294543,-2.617088,-0.9787213,-0.09353703,-0.1826353,0.0,0.0,0.0,0.0,0.0,0.0,0.0,2.861465,-0.2348333,1.580696,2.243636,0.1221874,-2.385978,-0.000636015,-0.7887626,0.1063031,0.6054361,9.60912,255.6544,7.560256,0.6351511,0.03706053,-0.7714978,0.1129991,0.000473503,0.53744,1.386201,0.1038144,-2.818966,-0.2222112,0.02531981,0.7730097,-0.2668937,0.1297228,0.9549556,-0.1277161,0.9773985,-0.168466,-0.955226,-0.1669257,-0.2442937,moving,79.42983,27.11934,-16.03795,1.876043
811,05/08/2023 17:08:06.746635,1052,True,True,True,True,Eyes,2.23163,0.1289553,-2.606977,-0.9768647,-0.09538753,-0.1914068,0.0,0.0,0.0,0.0,0.0,0.0,0.0,2.859245,-0.2351134,1.563991,2.237595,0.1194597,-2.378134,-0.0009783242,-0.7901027,0.1061141,0.603719,9.584428,255.4015,7.556729,0.6367957,0.03712717,-0.7701378,0.1055876,-0.0007784415,0.5357965,1.383661,0.1014835,-2.818892,-0.2234207,0.01883611,0.7753827,-0.2710451,0.1296721,0.9537925,-0.1265802,0.9774777,-0.1688633,-0.9542078,-0.1665008,-0.2485266,moving,78.91392,26.48935,-16.07394,1.391594
812,05/08/2023 17:08:06.762395,1053,True,True,True,True,Eyes,2.230901,0.1284013,-2.596929,-0.9749687,-0.09734093,-0.1999019,0.0,0.0,0.0,0.0,0.0,0.0,0.0,2.854967,-0.2361819,1.550268,2.231312,0.1167729,-2.370141,-0.00130911,-0.791054,0.1070904,0.6022984,9.662934,255.2171,7.640577,0.6383871,0.03717939,-0.7688166,0.0978898,-0.002228721,0.5339828,1.381032,0.09907085,-2.818815,-0.223404,0.01384956,0.7782701,-0.2744696,0.1310719,0.9526207,-0.1269296,0.9770599,-0.1710055,-0.9531814,-0.1678516,-0.2515364,moving,78.41299,25.96346,-16.01623,1.019489
813,05/08/2023 17:08:06.780401,1054,True,True,True,True,Eyes,2.229908,0.1278108,-2.586967,-0.9730503,-0.09917124,-0.2081784,0.0,0.0,0.0,0.0,0.0,0.0,0.0,2.84787,-0.244506,1.539888,2.224271,0.114794,-2.362381,-0.002626538,-0.7915876,0.1086406,0.6013148,9.720285,255.1124,7.861345,0.6399265,0.03721725,-0.767534,0.08983202,-0.003757162,0.5320861,1.378448,0.09669988,-2.818739,-0.2223345,0.009139927,0.7815707,-0.2768274,0.1348127,0.9514161,-0.1264961,0.9763806,-0.1751559,-0.9525574,-0.1688384,-0.2532356,moving,77.92396,25.47202,-15.87954,0.6700039
814,05/08/2023 17:08:06.792031,1055,True,True,True,True,Eyes,2.228635,0.1271767,-2.577101,-0.9711016,-0.1008207,-0.2163261,0.0,0.0,0.0,0.0,0.0,0.0,0.0,2.841027,-0.2663706,1.525966,2.216933,0.1132527,-2.354429,-0.006012273,-0.7925599,0.1097757,0.5998017,9.601544,254.9289,8.234438,0.6414132,0.03724134,-0.7662908,0.08146235,-0.005303108,0.5300465,1.375908,0.09436806,-2.818665,-0.2204436,0.005668536,0.7849565,-0.2804039,0.1412175,0.9494375,-0.1221571,0.9758263,-0.18122,-0.9520775,-0.1667953,-0.2563747,moving,77.44164,24.98829,-15.68662,0.4137523
815,05/08/2023 17:08:06.812293,1056,True,True,True,True,Eyes,2.227085,0.1265012,-2.567297,-0.9691464,-0.1023611,-0.2242263,0.0,0.0,0.0,0.0,0.0,0.0,0.0,2.833645,-0.2889869,1.511561,2.208888,0.1115432,-2.346539,-0.009770886,-0.7935603,0.1096343,0.5984537,9.340888,254.7426,8.551683,0.6426688,0.03724834,-0.7652376,0.07657461,-0.004984922,0.4982437,1.373356,0.092026,-2.81859,-0.2177469,0.003176607,0.7886961,-0.2835154,0.1467297,0.9476758,-0.1157145,0.9757697,-0.1856977,-0.9519606,-0.162308,-0.259667,moving,76.97299,24.53707,-15.43401,0.2307672
816,05/08/2023 17:08:06.822311,1057,True,True,True,True,Eyes,2.22525,0.1258091,-2.557547,-0.9671556,-0.1038525,-0.2320019,0.0,0.0,0.0,0.0,0.0,0.0,0.0,2.824564,-0.3071178,1.499955,2.200733,0.1098106,-2.338176,-0.01273582,-0.7941848,0.110588,0.5973932,9.232326,254.62,8.879555,0.6438921,0.03724344,-0.7642089,0.07198013,-0.004685827,0.468349,1.370709,0.08959715,-2.818512,-0.214208,0.002218118,0.7928569,-0.2859186,0.1523582,0.9460642,-0.1118999,0.9752162,-0.1908713,-0.9516979,-0.1604381,-0.2617835,moving,76.51073,24.11504,-15.11878,0.1602918
817,05/08/2023 17:08:06.842330,1058,True,True,True,True,Eyes,2.223136,0.1251171,-2.547853,-0.9651783,-0.1051374,-0.2395351,0.0,0.0,0.0,0.0,0.0,0.0,0.0,2.813445,-0.3277344,1.491013,2.192139,0.1086159,-2.329964,-0.01609387,-0.794485,0.1114812,0.5967465,9.086906,254.5574,9.244092,0.6451044,0.03722804,-0.7631865,0.06766132,-0.004404677,0.4402481,1.368231,0.0873232,-2.818439,-0.2102328,0.001547711,0.7969887,-0.2872691,0.1586247,0.9446241,-0.1074794,0.9746259,-0.1963482,-0.9518007,-0.1579324,-0.2629311,moving,76.0621,23.69775,-14.7771,0.1112653
818,05/08/2023 17:08:06.862348,1059,True,True,True,True,Eyes,2.220727,0.1244505,-2.538228,-0.9631893,-0.1061688,-0.2469706,0.0,0.0,0.0,0.0,0.0,0.0,0.0,2.802578,-0.3507474,1.480189,2.183355,0.107836,-2.321585,-0.01993057,-0.7950079,0.1114149,0.5959463,8.823804,254.4522,9.58174,0.6463023,0.03720327,-0.7621735,0.06360164,-0.004140397,0.4138332,1.365664,0.08496706,-2.818364,-0.2061772,0.001332371,0.8014095,-0.2889018,0.1644845,0.9431229,-0.1011047,0.974379,-0.2009066,-0.9520051,-0.1533964,-0.2648697,moving,75.61867,23.26212,-14.42751,0.09525609
819,05/08/2023 17:08:06.880150,1060,True,True,True,True,Eyes,2.218027,0.1237949,-2.528672,-0.9612501,-0.1067755,-0.2541595,0.0,0.0,0.0,0.0,0.0,0.0,0.0,2.790627,-0.374128,1.470354,2.173851,0.1077093,-2.313501,-0.02418111,-0.795425,0.1089603,0.5956861,8.310107,254.3714,9.79168,0.6474805,0.03717092,-0.7611744,0.05978554,-0.003891973,0.3890032,1.363054,0.08257244,-2.818288,-0.2023831,0.003196542,0.8060139,-0.2891465,0.1682807,0.9423776,-0.09134372,0.9750859,-0.2021481,-0.9529167,-0.1445307,-0.2665713,moving,75.18962,22.78787,-14.09508,0.2272261
820,05/08/2023 17:08:06.896161,1061,True,True,True,True,Eyes,2.215044,0.1232163,-2.519231,-0.959273,-0.1075536,-0.2612042,0.0,0.0,0.0,0.0,0.0,0.0,0.0,2.778763,-0.3947204,1.460614,2.164147,0.1072076,-2.305577,-0.02822265,-0.7957901,0.1056825,0.5956115,7.734494,254.2989,9.926126,0.6486363,0.03713216,-0.7601916,0.05619841,-0.003658454,0.365663,1.360557,0.08028039,-2.818214,-0.1983511,0.006465195,0.8107538,-0.2889014,0.1708101,0.9419981,-0.08097285,0.9760693,-0.2018217,-0.9539286,-0.1345828,-0.2681567,moving,74.76799,22.37993,-13.7474,0.4568841
821,05/08/2023 17:08:06.912458,1062,True,True,True,True,Eyes,2.211776,0.1227417,-2.509871,-0.9572972,-0.1082492,-0.2680748,0.0,0.0,0.0,0.0,0.0,0.0,0.0,2.763886,-0.4012903,1.46023,2.154069,0.1086616,-2.297946,-0.02902324,-0.7949737,0.1073123,0.5963712,7.816658,254.4462,10.12373,0.649766,0.03708995,-0.7592284,0.05282651,-0.003438947,0.3437232,1.358015,0.07794823,-2.81814,-0.194505,0.007560677,0.8156275,-0.286998,0.1741413,0.9419696,-0.08185045,0.9752834,-0.2052381,-0.9544278,-0.1360036,-0.2656509,moving,74.356,21.98898,-13.41297,0.5311033
822,05/08/2023 17:08:06.922183,1063,True,True,True,True,Eyes,2.208225,0.1222664,-2.500614,-0.9552128,-0.1088794,-0.2751616,0.0,0.0,0.0,0.0,0.0,0.0,0.0,2.753397,-0.4317734,1.444803,2.143959,0.1105897,-2.290478,-0.03340834,-0.7957302,0.1087451,0.5948713,7.661266,254.2747,10.61397,0.6508657,0.03704786,-0.7582879,0.04965692,-0.00323261,0.3230999,1.355422,0.07556859,-2.818064,-0.1906964,0.01194353,0.8209351,-0.2900242,0.1825467,0.9394482,-0.07621063,0.9741168,-0.2128109,-0.95398,-0.1333162,-0.2686054,moving,73.93026,21.58834,-13.07741,0.8335199
823,05/08/2023 17:08:06.942215,1064,True,True,True,True,Eyes,2.204474,0.1218163,-2.491423,-0.9531099,-0.1104451,-0.2817507,0.0,0.0,0.0,0.0,0.0,0.0,0.0,2.745393,-0.441627,1.429474,2.133412,0.110195,-2.282984,-0.03568274,-0.7965713,0.1053532,0.5942237,7.205911,254.1119,10.57391,0.6519327,0.03700594,-0.7573728,0.0466775,-0.003038654,0.3037139,1.352866,0.07322235,-2.817989,-0.1868439,0.01560829,0.8262329,-0.2912501,0.1820544,0.9391645,-0.06835908,0.9752548,-0.2102497,-0.9542016,-0.1254357,-0.271598,moving,73.53169,21.40498,-12.74251,1.08224
824,05/08/2023 17:08:06.963958,1065,True,True,True,True,Eyes,2.200513,0.1214761,-2.48241,-0.9503447,-0.1131483,-0.2899007,0.0,0.0,0.0,0.0,0.0,0.0,0.0,2.735281,-0.4079198,1.434107,2.12485,0.1105496,-2.275438,-0.02864935,-0.7951654,0.1155537,0.5945911,8.6095,254.3803,10.66473,0.6529666,0.03696499,-0.7564837,0.04387685,-0.002856334,0.285491,1.350396,0.07095601,-2.817916,-0.1829841,0.01652088,0.8317055,-0.2912813,0.1829763,0.9389755,-0.09185242,0.9716531,-0.2178378,-0.9522176,-0.1496993,-0.2662175,moving,73.03579,21.32071,-12.408,1.137966
825,05/08/2023 17:08:06.980154,1066,True,True,True,True,Eyes,2.196324,0.1212618,-2.473492,-0.9475147,-0.1157827,-0.2980105,0.0,0.0,0.0,0.0,0.0,0.0,0.0,2.726056,-0.4382655,1.418091,2.11503,0.1132723,-2.268976,-0.0318786,-0.7958158,0.1225872,0.5921431,9.05371,254.2127,11.44277,0.6539645,0.03692821,-0.7556229,0.04124424,-0.002684954,0.2683616,1.347771,0.06854712,-2.817839,-0.1792197,0.01760188,0.8376205,-0.2967009,0.1959173,0.9346579,-0.09443934,0.9679123,-0.232867,-0.9502895,-0.1573603,-0.2686782,moving,72.5407,21.23209,-12.07707,1.203845
826,05/08/2023 17:08:06.992096,1067,True,True,True,True,Eyes,2.191994,0.1210999,-2.464869,-0.9445018,-0.1187108,-0.3063074,0.0,0.0,0.0,0.0,0.0,0.0,0.0,2.721036,-0.4826264,1.388185,2.105414,0.1159967,-2.262254,-0.03792601,-0.7981153,0.1253503,0.5880997,8.944595,253.7242,12.15375,0.6549248,0.03689906,-0.7547922,0.03876958,-0.002523857,0.2522599,1.345255,0.06623813,-2.817766,-0.176451,0.02144662,0.84341,-0.3054014,0.2079755,0.9292345,-0.08689824,0.9656979,-0.2446964,-0.9482507,-0.1554794,-0.2768527,moving,72.03182,21.18407,-11.8165,1.45663
827,05/08/2023 17:08:07.012157,1068,True,True,True,True,Eyes,2.187434,0.121004,-2.456295,-0.9413805,-0.1213996,-0.3147459,0.0,0.0,0.0,0.0,0.0,0.0,0.0,2.723747,-0.5138984,1.344703,2.095745,0.1183606,-2.254985,-0.0409587,-0.801747,0.1315209,0.5815725,9.395702,252.9695,12.80468,0.6558452,0.03687824,-0.7539936,0.03644341,-0.002372426,0.2371243,1.342703,0.06389625,-2.817691,-0.1734976,0.02638755,0.8497849,-0.3201918,0.2186548,0.921774,-0.08730079,0.9620492,-0.2585338,-0.9433218,-0.163252,-0.2889516,moving,71.5129,21.09196,-11.53929,1.778579
828,05/08/2023 17:08:07.022339,1069,True,True,True,True,Eyes,2.182658,0.1209661,-2.447679,-0.9380828,-0.124169,-0.3233925,0.0,0.0,0.0,0.0,0.0,0.0,0.0,2.726334,-0.5377562,1.301229,2.085613,0.1198189,-2.247474,-0.04429968,-0.8055661,0.1305247,0.57625,9.162622,252.1998,12.98342,0.656725,0.03686708,-0.7532281,0.0342568,-0.00223008,0.2228968,1.340053,0.0614637,-2.817613,-0.1697092,0.02812818,0.8565646,-0.3319468,0.2218024,0.9168506,-0.07905708,0.9620017,-0.2613479,-0.9399794,-0.1592372,-0.3017983,moving,70.979,21.00467,-11.20675,1.880824
829,05/08/2023 17:08:07.042287,1070,True,True,True,True,Eyes,2.177712,0.1209907,-2.439142,-0.9346892,-0.1268967,-0.3320442,0.0,0.0,0.0,0.0,0.0,0.0,0.0,2.72907,-0.5340184,1.268658,2.076414,0.1207002,-2.239739,-0.04278409,-0.8083071,0.1323162,0.5721029,9.494357,251.6578,12.92207,0.6575654,0.03686662,-0.7524946,0.0322014,-0.002096276,0.209523,1.337529,0.05914792,-2.817539,-0.1665448,0.03319134,0.8634123,-0.3417356,0.2205623,0.9135475,-0.08223159,0.9613239,-0.262858,-0.9361916,-0.1649504,-0.3103814,moving,70.44264,20.91526,-10.91778,2.201483
830,05/08/2023 17:08:07.062432,1071,True,True,True,True,Eyes,2.172591,0.121045,-2.430673,-0.9311211,-0.1291708,-0.3410694,0.0,0.0,0.0,0.0,0.0,0.0,0.0,2.733024,-0.5318309,1.234213,2.06738,0.1222479,-2.233055,-0.04169706,-0.8112872,0.1322798,0.5679584,9.629098,251.0695,12.7695,0.6583664,0.03687782,-0.7517933,0.03026931,-0.001970499,0.1969516,1.334977,0.05680562,-2.817464,-0.1638866,0.03901451,0.8704612,-0.3513696,0.2179154,0.9105232,-0.08260228,0.9615268,-0.2619982,-0.932586,-0.1672695,-0.319851,moving,69.88223,20.74283,-10.66258,2.566308
831,05/08/2023 17:08:07.080158,1072,True,True,True,True,Eyes,2.167313,0.1210756,-2.422266,-0.9274025,-0.1312671,-0.3502764,0.0,0.0,0.0,0.0,0.0,0.0,0.0,2.740389,-0.5411672,1.185426,2.058123,0.1230396,-2.226391,-0.04337135,-0.8158064,0.1277596,0.5623668,9.187921,250.1722,12.54745,0.659128,0.03690055,-0.7511246,0.02845315,-0.001852269,0.1851345,1.332378,0.05442048,-2.817388,-0.162204,0.03824683,0.8777527,-0.3637253,0.2144607,0.9064825,-0.07293029,0.9635928,-0.2572354,-0.928647,-0.1596731,-0.3348424,moving,69.30864,20.54364,-10.46984,2.495004
832,05/08/2023 17:08:07.092153,1073,True,True,True,True,Eyes,2.16184,0.1211314,-2.413841,-0.9234629,-0.1335171,-0.3597075,0.0,0.0,0.0,0.0,0.0,0.0,0.0,2.748611,-0.5409482,1.136493,2.049075,0.1224963,-2.219321,-0.04317127,-0.8202483,0.1257006,0.5563527,9.100957,249.2803,12.32028,0.6598517,0.0369331,-0.7504872,0.02674597,-0.001741133,0.1740265,1.329831,0.05208297,-2.817313,-0.1614074,0.03949612,0.8852534,-0.3772159,0.2106901,0.9018415,-0.06904547,0.9646712,-0.2542484,-0.9235482,-0.1581746,-0.3493422,moving,68.71808,20.36405,-10.33317,2.554592
833,05/08/2023 17:08:07.112302,1074,True,True,True,True,Eyes,2.156225,0.1211699,-2.405486,-0.9193592,-0.1357131,-0.3692704,0.0,0.0,0.0,0.0,0.0,0.0,0.0,2.754389,-0.5435115,1.089632,2.039735,0.1225872,-2.212197,-0.04278208,-0.8243229,0.1263846,0.5501713,9.281693,248.4392,12.26183,0.6605371,0.03697545,-0.749882,0.008721082,-0.001469139,0.1888577,1.327221,0.04968789,-2.817237,-0.1616816,0.04439307,0.8927543,-0.3909625,0.2095988,0.8962235,-0.06853387,0.9643933,-0.2554384,-0.9178515,-0.1612885,-0.362677,moving,68.11661,20.17923,-10.26525,2.846743
834,05/08/2023 17:08:07.122146,1075,True,True,True,True,Eyes,2.15047,0.1211798,-2.397156,-0.9150626,-0.1381499,-0.3789131,0.0,0.0,0.0,0.0,0.0,0.0,0.0,2.759298,-0.5509176,1.041754,2.030743,0.1222166,-2.205364,-0.04346162,-0.8284737,0.1263178,0.5438623,9.324615,247.5698,12.2523,0.6611858,0.03702627,-0.7493076,-0.00864574,-0.001265499,0.2025917,1.324651,0.04732881,-2.817161,-0.1628971,0.04601977,0.8996008,-0.4046499,0.2094126,0.8901713,-0.06538542,0.9643098,-0.2565763,-0.9121312,-0.1620278,-0.3765152,moving,67.50632,20.03162,-10.26374,2.928457
835,05/08/2023 17:08:07.142314,1076,True,True,True,True,Eyes,2.144603,0.1211666,-2.388894,-0.9105477,-0.1409569,-0.3886309,0.0,0.0,0.0,0.0,0.0,0.0,0.0,2.765539,-0.5472626,0.9937377,2.021943,0.1214574,-2.198227,-0.04182683,-0.8326026,0.1280886,0.537231,9.692039,246.6967,12.13863,0.6617985,0.03708396,-0.7487636,-0.02539399,-0.001159864,0.2154251,1.322108,0.04499541,-2.817087,-0.1664657,0.05220474,0.9061806,-0.4192673,0.2072766,0.8838845,-0.06797606,0.9636877,-0.2582351,-0.9053147,-0.1683524,-0.3899529,moving,66.88673,19.93578,-10.4092,3.297145
836,05/08/2023 17:08:07.162349,1077,True,True,True,True,Eyes,2.138615,0.1211656,-2.380686,-0.9058074,-0.1441073,-0.3984295,0.0,0.0,0.0,0.0,0.0,0.0,0.0,2.771793,-0.5397785,0.9469714,2.013426,0.1210018,-2.191443,-0.03875602,-0.8364863,0.1324618,0.5303232,10.3988,245.849,12.0498,0.6623762,0.03714725,-0.7482495,-0.04146993,-0.00112979,0.227286,1.319472,0.04257677,-2.81701,-0.1636037,0.04750941,0.9149585,-0.4345108,0.2053329,0.8769488,-0.07565736,0.9619037,-0.2627114,-0.8974835,-0.1804985,-0.4024225,moving,66.25717,19.88447,-10.13792,2.972425
837,05/08/2023 17:08:07.180430,1078,True,True,True,True,Eyes,2.132517,0.1211365,-2.372545,-0.9008133,-0.1473323,-0.4084466,0.0,0.0,0.0,0.0,0.0,0.0,0.0,2.778843,-0.5398415,0.890116,2.004645,0.1213433,-2.184579,-0.03707832,-0.8413104,0.1349774,0.5221142,10.85928,244.787,11.94915,0.6629197,0.03721609,-0.7477646,-0.05694681,-0.001065042,0.2382744,1.317026,0.0403313,-2.816938,-0.1635522,0.04747311,0.922787,-0.4520439,0.2033359,0.8685105,-0.07855843,0.9608126,-0.2658339,-0.8885294,-0.1883975,-0.4183557,moving,65.60952,19.83508,-10.05057,2.945006
838,05/08/2023 17:08:07.192283,1079,True,True,True,True,Eyes,2.126342,0.1210765,-2.3645,-0.8957025,-0.1506994,-0.4183382,0.0,0.0,0.0,0.0,0.0,0.0,0.0,2.787652,-0.527328,0.8321085,1.995933,0.1207265,-2.177879,-0.03378635,-0.8462572,0.1355873,0.514124,11.2297,243.7002,11.56262,0.663429,0.03728905,-0.7473092,-0.07182267,-0.001088535,0.2484018,1.314432,0.03795104,-2.816862,-0.1643097,0.07574722,0.9306867,-0.46907,0.1966012,0.8610001,-0.08223349,0.9609491,-0.2642242,-0.8793241,-0.1947427,-0.4345853,moving,64.96506,19.81072,-10.01221,4.652963
839,05/08/2023 17:08:07.212300,1080,True,True,True,True,Eyes,2.120074,0.1210265,-2.356539,-0.8903388,-0.1542057,-0.4283893,0.0,0.0,0.0,0.0,0.0,0.0,0.0,2.795993,-0.5035071,0.7791593,1.987398,0.1202637,-2.171168,-0.02805266,-0.8505971,0.1377857,0.5066684,11.88649,242.7139,11.03751,0.663906,0.03736498,-0.7468817,-0.08603986,-0.001203266,0.2576311,1.311859,0.03558963,-2.816786,-0.1630732,0.07073149,0.9387161,-0.4850004,0.1873464,0.8542108,-0.09190033,0.9604563,-0.262827,-0.8696719,-0.2059734,-0.4486046,moving,64.30532,19.79717,-9.855039,4.309048
840,05/08/2023 17:08:07.222461,1081,True,True,True,True,Eyes,2.113698,0.1209823,-2.348662,-0.8849307,-0.1575191,-0.4382754,0.0,0.0,0.0,0.0,0.0,0.0,0.0,2.802608,-0.4886017,0.7243023,1.978893,0.120556,-2.165042,-0.02385758,-0.8550429,0.1392478,0.4989415,12.37555,241.6825,10.60444,0.6643506,0.03744391,-0.7464822,-0.09968226,-0.001280961,0.2660578,1.309329,0.03326768,-2.816712,-0.1625493,0.06057106,0.9480708,-0.5009766,0.1797515,0.8465884,-0.09815449,0.9600817,-0.2619327,-0.8598769,-0.2143186,-0.463335,moving,63.65239,19.76878,-9.728925,3.655587
841,05/08/2023 17:08:07.242340,1082,True,True,True,True,Eyes,2.107219,0.1208998,-2.340853,-0.8792733,-0.1608483,-0.4483372,0.0,0.0,0.0,0.0,0.0,0.0,0.0,2.807858,-0.4810037,0.663775,1.969883,0.1207169,-2.158937,0.02165522,0.8600357,-0.1380429,-0.4907279,12.48535,240.5349,10.19014,0.6647623,0.03752564,-0.7461116,-0.1128273,-0.001336649,0.2737235,1.306774,0.03092288,-2.816637,-0.1613973,0.06647973,0.9563214,-0.5174346,0.1727315,0.8381083,-0.09823444,0.9609504,-0.2586972,-0.8500658,-0.21619,-0.4802608,moving,62.98319,19.73628,-9.579473,3.976581
842,05/08/2023 17:08:07.262273,1083,True,True,True,True,Eyes,2.100631,0.1207914,-2.333097,-0.8736517,-0.1641478,-0.4580265,0.0,0.0,0.0,0.0,0.0,0.0,0.0,2.811195,-0.4707374,0.6071353,1.960889,0.1197795,-2.152577,0.01878471,0.8645144,-0.1383203,-0.4828352,12.76894,239.4667,9.803041,0.6651418,0.03760882,-0.7457691,-0.1254954,-0.001504152,0.2807276,1.304264,0.0286196,-2.816564,-0.1651154,0.05855075,0.9638876,-0.5330348,0.1660511,0.8296393,-0.1010925,0.9610293,-0.2572996,-0.8400325,-0.2210199,-0.4954755,moving,62.33347,19.7167,-9.720505,3.476125
843,05/08/2023 17:08:07.280383,1084,True,True,True,True,Eyes,2.09394,0.1206641,-2.325402,-0.8678451,-0.1675667,-0.4677247,0.0,0.0,0.0,0.0,0.0,0.0,0.0,2.81155,-0.4616677,0.5577776,1.951753,0.1191239,-2.146051,0.01548332,0.8681633,-0.1408021,-0.4756338,13.28233,238.5433,9.511461,0.6654902,0.03769271,-0.745454,-0.1377289,-0.001739031,0.2871534,1.301623,0.02619576,-2.816486,-0.1698964,0.04498076,0.9711634,-0.5470655,0.1608246,0.8214955,-0.1070564,0.9598701,-0.2592072,-0.8302159,-0.2297496,-0.5078945,moving,61.67757,19.71053,-9.922974,2.651837
844,05/08/2023 17:08:07.292122,1085,True,True,True,True,Eyes,2.087149,0.1205239,-2.317776,-0.8621546,-0.1709645,-0.4769283,0.0,0.0,0.0,0.0,0.0,0.0,0.0,2.809577,-0.4559905,0.5142272,1.942555,0.1186167,-2.13974,0.01299963,0.8712971,-0.142833,-0.4693306,13.69172,237.7358,9.282866,0.6658069,0.0377766,-0.7451656,-0.1495388,-0.002016703,0.2930062,1.299126,0.02390431,-2.816413,-0.1738555,0.04073909,0.9782255,-0.5591195,0.1567248,0.8141392,-0.1114187,0.9588596,-0.2611021,-0.8215663,-0.2366976,-0.5186551,moving,61.04943,19.72123,-10.07768,2.384757
845,05/08/2023 17:08:07.312308,1086,True,True,True,True,Eyes,2.080253,0.120362,-2.310217,-0.8562654,-0.1743056,-0.4862376,0.0,0.0,0.0,0.0,0.0,0.0,0.0,2.805906,-0.4562468,0.4723353,1.93338,0.1182169,-2.133643,0.01158839,0.8742738,-0.1448317,-0.4631792,14.03474,236.958,9.159339,0.6660932,0.03786022,-0.7449047,-0.1609398,-0.002316271,0.2983061,1.296206,0.02122441,-2.816327,-0.1765351,0.03790437,0.9853697,-0.5706618,0.1544289,0.8065341,-0.1139032,0.957779,-0.2639801,-0.8132476,-0.2425101,-0.528978,moving,60.40955,19.72165,-10.15714,2.20292
846,05/08/2023 17:08:07.322275,1087,True,True,True,True,Eyes,2.073223,0.1201662,-2.302667,-0.8504575,-0.1774846,-0.4951981,0.0,0.0,0.0,0.0,0.0,0.0,0.0,2.801827,-0.4611815,0.4231529,1.923947,0.1175594,-2.127579,0.01146074,0.8779353,-0.1452202,-0.4560804,14.15429,236.0294,9.053999,0.666349,0.03794297,-0.744671,-0.1719715,-0.002662909,0.3030828,1.294026,0.01922399,-2.816263,-0.18019,0.04299117,0.9915295,-0.5837185,0.1525877,0.7974894,-0.1123406,0.9575595,-0.2654419,-0.8041468,-0.2445338,-0.5418034,moving,59.78894,19.71825,-10.29992,2.4827
847,05/08/2023 17:08:07.342074,1088,True,True,True,True,Eyes,2.066089,0.1199498,-2.295162,-0.8444756,-0.1808338,-0.5041429,0.0,0.0,0.0,0.0,0.0,0.0,0.0,2.797388,-0.4604449,0.3746674,1.914464,0.1164213,-2.121094,0.009903267,0.8813862,-0.1469028,-0.4488651,14.48141,235.1064,8.872523,0.666575,0.038024,-0.7444643,-0.182744,-0.00309036,0.30755,1.291439,0.01685045,-2.816187,-0.1812765,0.05199036,0.9983578,-0.596844,0.1493363,0.7883373,-0.1144219,0.9566429,-0.2678467,-0.7941566,-0.2500658,-0.5538793,moving,59.16325,19.73269,-10.29134,2.981035
848,05/08/2023 17:08:07.362433,1089,True,True,True,True,Eyes,2.058847,0.1197118,-2.287701,-0.8386554,-0.1839472,-0.5126603,0.0,0.0,0.0,0.0,0.0,0.0,0.0,2.791482,-0.4570287,0.3347013,1.904828,0.1157938,-2.114591,0.007517505,0.884016,-0.1496456,-0.4427929,14.94673,234.3523,8.680332,0.6667715,0.03810291,-0.7442841,-0.1931812,-0.003554189,0.3116097,1.288859,0.01448239,-2.816112,-0.17923,0.05559991,1.005852,-0.6077561,0.1458152,0.780622,-0.1192328,0.9550993,-0.2712356,-0.7851219,-0.2579208,-0.5630815,moving,58.56304,19.73845,-10.10334,3.163888
849,05/08/2023 17:08:07.380590,1090,True,True,True,True,Eyes,2.051512,0.1194434,-2.280296,-0.8327103,-0.1869007,-0.5212117,0.0,0.0,0.0,0.0,0.0,0.0,0.0,2.78373,-0.4594263,0.2988369,1.895155,0.1150404,-2.10824,0.007005002,0.8864622,-0.1506073,-0.4375538,15.1226,233.6841,8.591599,0.6669387,0.03817929,-0.7441303,-0.2033162,-0.004054986,0.3152984,1.286229,0.01206921,-2.816035,-0.1741709,0.05922097,1.013748,-0.6169953,0.144217,0.7736397,-0.1193783,0.9545367,-0.2731455,-0.7778598,-0.2608853,-0.5717283,moving,57.95664,19.72727,-9.748749,3.343297
850,05/08/2023 17:08:07.392604,1091,True,True,True,True,Eyes,2.044074,0.1191282,-2.272935,-0.8269365,-0.189505,-0.5293995,0.0,0.0,0.0,0.0,0.0,0.0,0.0,2.775374,-0.4662692,0.2589478,1.885575,0.1140375,-2.102085,0.00790385,0.88936,-0.1499733,-0.4318387,15.06614,232.9317,8.551513,0.6670771,0.03825247,-0.7440025,-0.2131228,-0.004616998,0.3185935,1.283693,0.009741538,-2.81596,-0.17022,0.06422056,1.020883,-0.6269061,0.1435873,0.7657493,-0.1154698,0.9548911,-0.2735868,-0.7704908,-0.259934,-0.582047,moving,57.37289,19.69545,-9.466298,3.599554
851,05/08/2023 17:08:07.412428,1092,True,True,True,True,Eyes,2.036545,0.1187504,-2.26562,-0.8209463,-0.1920385,-0.5377439,0.0,0.0,0.0,0.0,0.0,0.0,0.0,2.767725,-0.4684312,0.212235,1.875965,0.1125583,-2.095913,0.007904888,0.8927459,-0.1491742,-0.425076,15.04804,232.0327,8.391674,0.6671867,0.03832133,-0.7439008,-0.2226478,-0.005285412,0.3215614,1.280939,0.007214102,-2.81588,-0.1665194,0.06632993,1.028186,-0.6384959,0.1409348,0.7566112,-0.1127066,0.9553692,-0.2730696,-0.761328,-0.2596289,-0.5941151,moving,56.77403,19.65261,-9.199437,3.691129
852,05/08/2023 17:08:07.432722,1093,True,True,True,True,Eyes,2.028955,0.1183042,-2.258382,-0.8150575,-0.1943399,-0.5458143,0.0,0.0,0.0,0.0,0.0,0.0,0.0,2.759986,-0.4661329,0.1622684,1.866219,0.1107133,-2.089521,0.006916654,0.896296,-0.14869,-0.4177287,15.11528,231.058,8.135756,0.6672682,0.0383843,-0.7438247,-0.2318767,-0.006101677,0.3242146,1.278631,0.00509573,-2.815812,-0.1610709,0.0607533,1.035162,-0.65091,0.1366229,0.7467601,-0.1118254,0.9556869,-0.272319,-0.7508739,-0.2607619,-0.6067882,moving,56.19122,19.59852,-8.844286,3.358817
853,05/08/2023 17:08:07.442030,1094,True,True,True,True,Eyes,2.021265,0.1177875,-2.251183,-0.8090285,-0.1964572,-0.5539651,0.0,0.0,0.0,0.0,0.0,0.0,0.0,2.751645,-0.4599194,0.1168849,1.856287,0.1088344,-2.083047,0.005281084,0.8994356,-0.1482296,-0.4111155,15.20679,230.1747,7.824893,0.6673218,0.03843969,-0.7437739,-0.240735,-0.007074401,0.3264755,1.276085,0.002759591,-2.815737,-0.155575,0.05778269,1.042204,-0.6619126,0.1313789,0.7379782,-0.112379,0.9560002,-0.2709882,-0.7411094,-0.2623036,-0.6180243,moving,55.59943,19.52645,-8.490134,3.173388
854,05/08/2023 17:08:07.462053,1095,True,True,True,True,Eyes,2.013506,0.1171778,-2.244049,-0.8032079,-0.1981923,-0.5617625,0.0,0.0,0.0,0.0,0.0,0.0,0.0,2.742785,-0.4512676,0.07454276,1.846147,0.1066758,-2.076638,0.003986923,0.9024281,-0.1461837,-0.405263,15.1062,229.3611,7.479989,0.6673478,0.038486,-0.7437484,-0.2493608,-0.008199918,0.3284827,1.273522,0.000407967,-2.815662,-0.1516816,0.06133737,1.04867,-0.671492,0.1256815,0.7302758,-0.1112898,0.9572289,-0.2670719,-0.732607,-0.2606089,-0.6287845,moving,55.03112,19.43307,-8.23029,3.347452
855,05/08/2023 17:08:07.472279,1096,True,True,True,True,Eyes,2.005651,0.1164825,-2.236941,-0.7972664,-0.1997484,-0.5696198,0.0,0.0,0.0,0.0,0.0,0.0,0.0,2.733148,-0.4438467,0.03503299,1.836139,0.103915,-2.070294,0.003446811,0.9052541,-0.1434583,-0.3999037,14.89068,228.6087,7.191348,0.6673466,0.03852102,-0.7437479,-0.2576743,-0.0095369,0.330177,1.270877,-0.002019757,-2.815584,-0.1510353,0.06409098,1.054687,-0.6801304,0.1209795,0.7230401,-0.1084986,0.9588156,-0.2624892,-0.725018,-0.2569757,-0.6389936,moving,54.45548,19.32422,-8.149578,3.477462
856,05/08/2023 17:08:07.492396,1097,True,True,True,True,Eyes,1.997698,0.1156992,-2.229843,-0.7914432,-0.2011272,-0.5772049,0.0,0.0,0.0,0.0,0.0,0.0,0.0,2.722282,-0.4389116,-0.004066229,1.825978,0.1011268,-2.063747,0.003091712,0.9079812,-0.1415216,-0.3943761,14.74747,227.8571,6.963305,0.6673185,0.03854304,-0.7437723,-0.2657779,-0.01105057,0.3316889,1.268349,-0.004340086,-2.81551,-0.1504514,0.06655429,1.060597,-0.6889162,0.1172399,0.715297,-0.106011,0.9599242,-0.2594365,-0.7170472,-0.2545593,-0.6488786,moving,53.89647,19.21091,-8.073845,3.5907
857,05/08/2023 17:08:07.512395,1098,True,True,True,True,Eyes,1.989639,0.1148533,-2.222749,-0.7855386,-0.2024976,-0.5847426,0.0,0.0,0.0,0.0,0.0,0.0,0.0,2.709726,-0.4395317,-0.04079223,1.815778,0.09818711,-2.056885,0.003523691,0.9104816,-0.1405561,-0.3889149,14.66735,227.1452,6.871567,0.667264,0.03855045,-0.7438208,-0.2736911,-0.01273749,0.3330822,1.26578,-0.006697607,-2.815435,-0.149371,0.06730393,1.066235,-0.6974653,0.1157452,0.7072091,-0.1029122,0.9604631,-0.2586883,-0.7091902,-0.2532067,-0.6579782,moving,53.33658,19.10107,-7.974782,3.611889
858,05/08/2023 17:08:07.523538,1099,True,True,True,True,Eyes,1.981456,0.1139743,-2.215625,-0.7798018,-0.2039726,-0.5918651,0.0,0.0,0.0,0.0,0.0,0.0,0.0,2.695932,-0.4432102,-0.07085228,1.805157,0.09584913,-2.04981,0.003958441,0.9123837,-0.1410452,-0.3842486,14.73404,226.5654,6.865966,0.6671838,0.0385426,-0.7438933,-0.2814464,-0.01451094,0.3343782,1.263137,-0.009123198,-2.815357,-0.1475812,0.06495021,1.071757,-0.7046751,0.1156161,0.7000476,-0.1011696,0.9601812,-0.2604167,-0.7022808,-0.2543326,-0.6649188,moving,52.80171,19.01532,-7.840337,3.467975
859,05/08/2023 17:08:07.542290,1100,True,True,True,True,Eyes,1.973171,0.1130787,-2.208504,-0.7739737,-0.2053237,-0.5990049,0.0,0.0,0.0,0.0,0.0,0.0,0.0,2.679816,-0.4589393,-0.09797049,1.794678,0.09406331,-2.042527,0.00603005,0.914014,-0.1432005,-0.3795206,14.90383,226.0308,7.116414,0.6670782,0.03851994,-0.7439892,-0.2891086,-0.01627739,0.3356874,1.260607,-0.01144445,-2.815283,-0.1477363,0.06387383,1.076467,-0.7118558,0.1197181,0.6920471,-0.09767193,0.9589145,-0.2663515,-0.6955012,-0.2571974,-0.6709158,moving,52.26248,18.92041,-7.814559,3.395752
860,05/08/2023 17:08:07.562343,1101,True,True,True,True,Eyes,1.964785,0.1121603,-2.201359,-0.7682224,-0.2066201,-0.6059228,0.0,0.0,0.0,0.0,0.0,0.0,0.0,2.662326,-0.4781974,-0.1301668,1.783906,0.09272377,-2.035357,0.009733534,0.916186,-0.1431007,-0.3742066,14.76938,225.3976,7.423529,0.6669477,0.03848337,-0.744108,-0.296619,-0.01798754,0.3369087,1.258034,-0.01380609,-2.815208,-0.1475122,0.05876887,1.080954,-0.7197493,0.1249339,0.6829,-0.08926301,0.9588549,-0.2694984,-0.6884716,-0.254929,-0.6789832,moving,51.73597,18.82941,-7.770863,3.111971
861,05/08/2023 17:08:07.580374,1102,True,True,True,True,Eyes,1.956302,0.1112191,-2.194194,-0.7623461,-0.2078805,-0.6128737,0.0,0.0,0.0,0.0,0.0,0.0,0.0,2.644881,-0.4918428,-0.1658812,1.77336,0.09117336,-2.027733,0.01256598,0.9186336,-0.1424813,-0.3683119,14.62667,224.6725,7.604299,0.6667929,0.03843348,-0.7442492,-0.3039785,-0.01966354,0.3381297,1.255472,-0.0161572,-2.815133,-0.148908,0.05229684,1.084696,-0.728377,0.1280422,0.6731066,-0.08186805,0.9590824,-0.2710326,-0.6802682,-0.2525198,-0.688091,moving,51.20311,18.73641,-7.816752,2.760284
862,05/08/2023 17:08:07.596369,1103,True,True,True,True,Eyes,1.94771,0.1102735,-2.186993,-0.7564948,-0.2090303,-0.6196951,0.0,0.0,0.0,0.0,0.0,0.0,0.0,2.62639,-0.507031,-0.1991007,1.762498,0.08966492,-2.019951,0.01523327,0.9207878,-0.1430559,-0.3625646,14.6197,223.9902,7.827839,0.6666146,0.03837083,-0.7444119,-0.3111903,-0.02130716,0.3393389,1.25285,-0.01856356,-2.815056,-0.1493349,0.04993396,1.08802,-0.73663,0.1317872,0.6633317,-0.07568081,0.9586059,-0.2744943,-0.6720485,-0.2524022,-0.696164,moving,50.67682,18.63984,-7.81523,2.627708
863,05/08/2023 17:08:07.612381,1104,True,True,True,True,Eyes,1.939023,0.1093183,-2.179768,-0.7505608,-0.2099142,-0.6265737,0.0,0.0,0.0,0.0,0.0,0.0,0.0,2.605825,-0.5279352,-0.2336345,1.751502,0.08849633,-2.011972,0.01987544,0.923152,-0.1420842,-0.3566617,14.36823,223.2827,8.192855,0.6664132,0.03829652,-0.7445958,-0.3182949,-0.02286561,0.34058,1.250357,-0.02085139,-2.814983,-0.1495327,0.04360426,1.090667,-0.7447948,0.138048,0.6528579,-0.06465586,0.9588341,-0.2765081,-0.6641539,-0.2481529,-0.7052091,moving,50.14462,18.52183,-7.806699,2.289434
864,05/08/2023 17:08:07.622121,1105,True,True,True,True,Eyes,1.930267,0.1083682,-2.172531,-0.7446281,-0.2107752,-0.6333268,0.0,0.0,0.0,0.0,0.0,0.0,0.0,2.585843,-0.54379,-0.2660635,1.740512,0.08722863,-2.004019,0.02420251,0.9254096,-0.1399939,-0.3513307,14.01035,222.6229,8.485095,0.6661895,0.03821136,-0.7448,-0.3252583,-0.02435943,0.341821,1.247828,-0.02317226,-2.814909,-0.1501324,0.03824089,1.092828,-0.7519619,0.1431627,0.6434731,-0.05357383,0.9596319,-0.2761095,-0.6570259,-0.2420971,-0.7139369,moving,49.61792,18.40778,-7.822315,2.004112
865,05/08/2023 17:08:07.642154,1106,True,True,True,True,Eyes,1.92141,0.1075853,-2.165298,-0.7386323,-0.2120303,-0.6398948,0.0,0.0,0.0,0.0,0.0,0.0,0.0,2.566494,-0.5549079,-0.298213,1.729724,0.08643358,-1.996078,0.02662913,0.9275212,-0.1395269,-0.3457278,13.91106,221.9417,8.643302,0.665944,0.03811653,-0.7450238,-0.3320099,-0.02574809,0.3430234,1.245306,-0.025487,-2.814835,-0.1512359,0.0372164,1.094458,-0.7595266,0.1458748,0.6339087,-0.04707848,0.9596463,-0.2772412,-0.6487706,-0.2404154,-0.7220094,moving,49.09684,18.3327,-7.8675,1.947558
866,05/08/2023 17:08:07.662282,1107,True,True,True,True,Eyes,1.912475,0.1069017,-2.158066,-0.7323476,-0.2129895,-0.646763,0.0,0.0,0.0,0.0,0.0,0.0,0.0,2.546008,-0.5789718,-0.3151999,1.718424,0.08972298,-1.98889,0.02796945,0.9281605,-0.1453188,-0.3414942,14.51631,221.5462,8.983872,0.6656765,0.03801871,-0.7452673,-0.3386585,-0.0265518,0.3441385,1.242638,-0.02793552,-2.814756,-0.1522463,0.03740601,1.095941,-0.7651988,0.1511714,0.6257939,-0.04733082,0.9562003,-0.2888612,-0.6420519,-0.2506556,-0.7245283,moving,48.55109,18.22755,-7.908819,1.954827
867,05/08/2023 17:08:07.672292,1108,True,True,True,True,Eyes,1.903413,0.1062329,-2.150812,-0.7258649,-0.2137857,-0.6537704,0.0,0.0,0.0,0.0,0.0,0.0,0.0,2.513408,-0.6218297,-0.3793881,1.70721,0.09130628,-1.981142,0.03827746,0.9325607,-0.1411509,-0.3300638,13.76826,220.1617,9.755158,0.6653871,0.03792161,-0.7455301,-0.3451468,-0.02700942,0.3451889,1.240079,-0.03028347,-2.814681,-0.1526071,0.03945985,1.096959,-0.7791858,0.1645697,0.6048031,-0.02178546,0.9572225,-0.2885315,-0.6264148,-0.2379955,-0.742269,moving,47.99134,18.10797,-7.920058,2.060157
868,05/08/2023 17:08:07.697364,1109,True,True,True,True,Eyes,1.894331,0.1056733,-2.143491,-0.7192934,-0.2161034,-0.6602396,0.0,0.0,0.0,0.0,0.0,0.0,0.0,2.496783,-0.6035392,-0.4209266,1.695076,0.09101191,-1.97327,0.03551167,0.9354166,-0.13807,-0.3235298,13.61094,219.2607,9.222981,0.6650755,0.0378257,-0.7458122,-0.3516234,-0.02739537,0.3462378,1.237554,-0.03260077,-2.814607,-0.1541713,0.04211167,1.097492,-0.7881349,0.1557759,0.5954642,-0.02290309,0.9593512,-0.281284,-0.6150765,-0.2353277,-0.7525303,moving,47.45117,18.12382,-7.996356,2.197408
869,05/08/2023 17:08:07.712504,1110,True,True,True,True,Eyes,1.885106,0.1052856,-2.136214,-0.7126145,-0.2179551,-0.6668404,0.0,0.0,0.0,0.0,0.0,0.0,0.0,2.477133,-0.6174749,-0.4326835,1.684939,0.09348778,-1.963903,0.02909033,0.935145,-0.1539389,-0.3177426,15.63,218.7843,9.0954,0.6647468,0.03773529,-0.7461103,-0.3577705,-0.02743033,0.3474284,1.234995,-0.03494951,-2.814532,-0.1571157,0.04462735,1.097426,-0.7963867,0.1522333,0.5853146,-0.04341857,0.9509131,-0.3063969,-0.6032271,-0.269424,-0.7506849,moving,46.90053,18.09985,-8.147523,2.328676
870,05/08/2023 17:08:07.722115,1111,True,True,True,True,Eyes,1.875825,0.104982,-2.128907,-0.7058338,-0.2196579,-0.6734605,0.0,0.0,0.0,0.0,0.0,0.0,0.0,2.451161,-0.6392242,-0.4701288,1.67221,0.09710945,-1.957575,0.03498928,0.9376928,-0.149962,-0.3114795,15.03682,218.0043,9.478487,0.6643904,0.03765382,-0.7464321,-0.3639804,-0.02694778,0.3484115,1.232324,-0.03740053,-2.814454,-0.1599646,0.04536348,1.097345,-0.8035128,0.1590386,0.5736501,-0.02780181,0.9525743,-0.3030335,-0.5946383,-0.2594398,-0.760984,moving,46.34454,18.06441,-8.293826,2.367219
871,05/08/2023 17:08:07.742167,1112,True,True,True,True,Eyes,1.866462,0.1047647,-2.121614,-0.6988765,-0.2218489,-0.6799667,0.0,0.0,0.0,0.0,0.0,0.0,0.0,2.431542,-0.6356684,-0.5041654,1.661539,0.09884925,-1.949403,0.03422544,0.9399911,-0.1485664,-0.3052433,14.97562,217.1968,9.235454,0.6640099,0.03758426,-0.7467747,-0.3699843,-0.02624159,0.3494294,1.229887,-0.03963642,-2.814382,-0.1635866,0.04570932,1.096472,-0.8113104,0.155041,0.5636826,-0.02635459,0.9535133,-0.3001964,-0.5840214,-0.258408,-0.7695091,moving,45.78572,18.06965,-8.485576,2.387144
872,05/08/2023 17:08:07.762307,1113,True,True,True,True,Eyes,1.857031,0.1046349,-2.114377,-0.6920536,-0.2237981,-0.6862772,0.0,0.0,0.0,0.0,0.0,0.0,0.0,2.415791,-0.6247076,-0.5289171,1.650151,0.1008707,-1.942391,0.02777391,0.9411366,-0.1537951,-0.2997293,15.83304,216.5341,8.636729,0.6636038,0.03752875,-0.7471387,-0.375874,-0.02531894,0.3503426,1.227347,-0.04196797,-2.814308,-0.1683711,0.04828837,1.095329,-0.8187822,0.1444719,0.5556294,-0.03991569,0.9511514,-0.3061337,-0.5727153,-0.2728351,-0.7730191,moving,45.24012,18.06139,-8.738952,2.524291
873,05/08/2023 17:08:07.781007,1114,True,True,True,True,Eyes,1.847529,0.1045424,-2.10718,-0.6852667,-0.2255093,-0.6924992,0.0,0.0,0.0,0.0,0.0,0.0,0.0,2.401054,-0.6080016,-0.5577738,1.638878,0.1028732,-1.936319,0.02518489,0.9431535,-0.1502223,-0.2953988,15.57421,215.8954,8.131817,0.6631708,0.03748936,-0.7475254,-0.3816139,-0.02418944,0.3510337,1.224703,-0.0443944,-2.81423,-0.1746497,0.05015704,1.093447,-0.8242105,0.1362574,0.5496461,-0.04124453,0.9535979,-0.2982445,-0.5647793,-0.2684862,-0.7803456,moving,44.69923,18.03761,-9.074856,2.626349
874,05/08/2023 17:08:07.792560,1115,True,True,True,True,Eyes,1.837974,0.1044947,-2.100058,-0.6786698,-0.226992,-0.6984854,0.0,0.0,0.0,0.0,0.0,0.0,0.0,2.385749,-0.6004665,-0.5768092,1.627645,0.1036612,-1.93005,0.02457711,0.9444467,-0.1478218,-0.2925152,15.35752,215.4875,7.922021,0.6627104,0.03746629,-0.7479351,-0.3872225,-0.02301555,0.3515602,1.222214,-0.04667812,-2.814157,-0.1801453,0.04875919,1.091587,-0.8276617,0.1329038,0.5452639,-0.04005671,0.9550894,-0.293598,-0.5597961,-0.2648413,-0.7851671,moving,44.17564,18.00299,-9.371092,2.557597
875,05/08/2023 17:08:07.812193,1116,True,True,True,True,Eyes,1.828356,0.1044899,-2.093012,-0.6720662,-0.2282568,-0.704433,0.0,0.0,0.0,0.0,0.0,0.0,0.0,2.367217,-0.6075875,-0.5968895,1.616773,0.1046679,-1.924641,0.02644383,0.9456594,-0.1468309,-0.2889114,15.21396,215.0518,8.033611,0.662221,0.03745994,-0.748369,-0.3926548,-0.02177771,0.3518327,1.219602,-0.04907538,-2.814081,-0.186168,0.04456957,1.089236,-0.8316619,0.134856,0.538658,-0.03482855,0.9554828,-0.2929839,-0.5541891,-0.2624243,-0.7899418,moving,43.653,17.95383,-9.699053,2.343132
876,05/08/2023 17:08:07.822126,1117,True,True,True,True,Eyes,1.818687,0.1045085,-2.086065,-0.6654536,-0.2294717,-0.7102917,0.0,0.0,0.0,0.0,0.0,0.0,0.0,2.346868,-0.6176212,-0.6194685,1.6056,0.1056437,-1.919341,0.02940212,0.9470423,-0.1452073,-0.2848881,14.96816,214.5686,8.23813,0.6617029,0.03747064,-0.7488269,-0.3979507,-0.02048535,0.3518621,1.217018,-0.05144713,-2.814005,-0.1934719,0.04363865,1.086636,-0.8359485,0.1384257,0.5310635,-0.02704554,0.9561008,-0.2917874,-0.5481411,-0.2582821,-0.7955072,moving,43.13329,17.90392,-10.09553,2.299729
877,05/08/2023 17:08:07.848226,1118,True,True,True,True,Eyes,1.80896,0.1045326,-2.079201,-0.6587545,-0.2306256,-0.7161385,0.0,0.0,0.0,0.0,0.0,0.0,0.0,2.324826,-0.6323285,-0.6439419,1.594489,0.1062198,-1.914586,0.03313151,0.9484314,-0.1442725,-0.2802956,14.77904,214.0392,8.548199,0.6611542,0.0374979,-0.7493101,-0.4030798,-0.01920049,0.3515908,1.214468,-0.0537876,-2.81393,-0.2020725,0.04182279,1.083447,-0.8406735,0.1437238,0.5221223,-0.01803195,0.9561755,-0.2922384,-0.5412421,-0.255092,-0.8012398,moving,42.61003,17.85066,-10.56479,2.210611
878,05/08/2023 17:08:07.863973,1119,True,True,True,True,Eyes,1.799213,0.1045671,-2.07244,-0.6520132,-0.2321539,-0.7217917,0.0,0.0,0.0,0.0,0.0,0.0,0.0,2.301014,-0.6485117,-0.6704872,1.583299,0.1063513,-1.909617,0.03659565,0.9498404,-0.1444968,-0.2749266,14.73659,213.4338,8.861073,0.660575,0.03754055,-0.7498188,-0.4080771,-0.01797599,0.3510883,1.211915,-0.05612999,-2.813855,-0.2105903,0.03735239,1.080355,-0.8461523,0.1489721,0.5116968,-0.009931984,0.9555629,-0.2946201,-0.5328486,-0.2543757,-0.807072,moving,42.09232,17.82964,-11.03018,1.980166
879,05/08/2023 17:08:07.872132,1120,True,True,True,True,Eyes,1.789415,0.1046247,-2.065773,-0.6451542,-0.2339198,-0.7273634,0.0,0.0,0.0,0.0,0.0,0.0,0.0,2.278004,-0.6631367,-0.6950157,1.572321,0.1068188,-1.904861,0.03795944,0.9509559,-0.1472676,-0.2693592,15.04873,212.8245,9.027733,0.6599646,0.03759767,-0.7503533,-0.4128328,-0.01679397,0.3503048,1.209366,-0.05846913,-2.813781,-0.2205397,0.02719207,1.076452,-0.8520095,0.1515313,0.501117,-0.007140256,0.9537427,-0.3005394,-0.5234777,-0.2596405,-0.8115158,moving,41.57227,17.82777,-11.57833,1.447031
880,05/08/2023 17:08:07.892321,1121,True,True,True,True,Eyes,1.779594,0.1047236,-2.05921,-0.6381937,-0.2361422,-0.7327657,0.0,0.0,0.0,0.0,0.0,0.0,0.0,2.257175,-0.670831,-0.7180219,1.561228,0.1074961,-1.900374,0.03719135,0.9519503,-0.1505713,-0.2640755,15.48762,212.2314,8.974656,0.659322,0.03766898,-0.7509147,-0.4174577,-0.01561366,0.3492886,1.206787,-0.06083624,-2.813705,-0.2307764,0.01604901,1.072127,-0.8577621,0.150333,0.4915736,-0.008715764,0.9518902,-0.3063154,-0.5139735,-0.2670301,-0.815185,moving,41.05386,17.86214,-12.14762,0.8576143
881,05/08/2023 17:08:07.912323,1122,True,True,True,True,Eyes,1.769736,0.1048499,-2.052754,-0.6311054,-0.2384038,-0.7381529,0.0,0.0,0.0,0.0,0.0,0.0,0.0,2.237663,-0.6771594,-0.7382829,1.550428,0.1087534,-1.896072,0.03599858,0.9527904,-0.153816,-0.2592979,15.92865,211.6924,8.875658,0.6586476,0.03775478,-0.751502,-0.4218724,-0.01438006,0.3480209,1.204259,-0.06315585,-2.813631,-0.2430867,0.01600984,1.066885,-0.8629375,0.1483665,0.4830388,-0.01117012,0.9500895,-0.3117774,-0.5051873,-0.2744401,-0.8182106,moving,40.52976,17.89908,-12.83556,0.8597253
882,05/08/2023 17:08:07.922370,1123,True,True,True,True,Eyes,1.759856,0.1050139,-2.0464,-0.6238981,-0.241013,-0.7434137,0.0,0.0,0.0,0.0,0.0,0.0,0.0,2.21786,-0.6771927,-0.7648697,1.5396,0.1095719,-1.892126,0.03472086,0.9541544,-0.1547371,-0.253851,16.12049,211.0267,8.670148,0.6579406,0.03785491,-0.752116,-0.4261348,-0.01313848,0.3465066,1.201743,-0.06546514,-2.813557,-0.2502786,0.01162581,1.062828,-0.8687084,0.1448184,0.4736809,-0.01230218,0.9497018,-0.3129139,-0.4951713,-0.2776582,-0.8232324,moving,40.00452,17.96257,-13.2508,0.6267084
883,05/08/2023 17:08:07.947438,1124,True,True,True,True,Eyes,1.749943,0.1052142,-2.040155,-0.6165935,-0.2436543,-0.7486289,0.0,0.0,0.0,0.0,0.0,0.0,0.0,2.200476,-0.6731677,-0.7875793,1.529093,0.1107414,-1.888159,0.0319271,0.9552649,-0.1562902,-0.2490442,16.4211,210.4273,8.322705,0.6572011,0.03796957,-0.7527566,-0.4302058,-0.0118581,0.344777,1.199195,-0.06780315,-2.813482,-0.2585393,0.001805745,1.057841,-0.8739153,0.138844,0.4658266,-0.01684868,0.9491081,-0.3144997,-0.4857861,-0.2826946,-0.8271008,moving,39.47591,18.02838,-13.73401,0.09780434
884,05/08/2023 17:08:07.962382,1125,True,True,True,True,Eyes,1.739996,0.1054328,-2.034013,-0.6092686,-0.246101,-0.7538077,0.0,0.0,0.0,0.0,0.0,0.0,0.0,2.18041,-0.6756393,-0.8113191,1.518305,0.1118476,-1.88445,0.0310009,0.9564102,-0.1574885,-0.2439587,16.62589,209.8149,8.168249,0.6564282,0.03809897,-0.7534243,-0.4341338,-0.01054577,0.3428265,1.196566,-0.07021633,-2.813405,-0.2678219,0.02681297,1.054205,-0.8790462,0.1361405,0.4568845,-0.01754222,0.9484726,-0.3163731,-0.4764137,-0.2861213,-0.831363,moving,38.94704,18.08068,-14.25449,1.456964
885,05/08/2023 17:08:07.972212,1126,True,True,True,True,Eyes,1.730027,0.1056602,-2.02796,-0.6018911,-0.2486157,-0.7588922,0.0,0.0,0.0,0.0,0.0,0.0,0.0,2.160518,-0.6745759,-0.8364351,1.507524,0.1125156,-1.880751,0.03115851,0.9578354,-0.1560697,-0.2392126,16.50334,209.2149,8.05537,0.6556219,0.03824241,-0.7541187,-0.4379259,-0.00925725,0.3406819,1.193956,-0.07261128,-2.813329,-0.2719177,0.03382827,1.050793,-0.883613,0.1343571,0.4485268,-0.01497824,0.9493428,-0.3138852,-0.4679784,-0.2840712,-0.8368393,moving,38.41857,18.13897,-14.50839,1.843891
886,05/08/2023 17:08:07.992154,1127,True,True,True,True,Eyes,1.720034,0.1059218,-2.021997,-0.5945019,-0.2511423,-0.7638685,0.0,0.0,0.0,0.0,0.0,0.0,0.0,2.140613,-0.679359,-0.8556623,1.496967,0.1129924,-1.876761,0.03069526,0.9586696,-0.1578459,-0.2347239,16.75228,208.6927,7.98109,0.6547824,0.03839901,-0.7548398,-0.4415566,-0.008019662,0.3384021,1.191489,-0.0748749,-2.813256,-0.2725931,0.02992248,1.048853,-0.8879253,0.1329536,0.4403551,-0.0152472,0.9482849,-0.317054,-0.4597355,-0.2882344,-0.8399791,moving,37.89283,18.19967,-14.56865,1.634134
887,05/08/2023 17:08:08.012285,1128,True,True,True,True,Eyes,1.710012,0.1062079,-2.016132,-0.5870678,-0.2535183,-0.7688171,0.0,0.0,0.0,0.0,0.0,0.0,0.0,2.119268,-0.6878545,-0.8750377,1.486331,0.1141256,-1.872947,0.03116685,0.9595124,-0.1594349,-0.2300982,16.95477,208.1654,8.003469,0.6539101,0.03856888,-0.7555871,-0.4450417,-0.006753534,0.3359865,1.188955,-0.0772011,-2.813182,-0.2669448,0.03533621,1.048613,-0.8921669,0.1331813,0.431626,-0.01356143,0.9472182,-0.3203024,-0.4515023,-0.2916167,-0.8432705,moving,37.36531,18.25003,-14.28238,1.930025
888,05/08/2023 17:08:08.032297,1129,True,True,True,True,Eyes,1.699942,0.1065165,-2.010359,-0.5795407,-0.2558011,-0.773756,0.0,0.0,0.0,0.0,0.0,0.0,0.0,2.09642,-0.6958966,-0.8976336,1.475536,0.1149819,-1.869377,0.03319636,0.960683,-0.1588353,-0.2252942,16.8713,207.6042,8.131145,0.6530038,0.03875197,-0.7563614,-0.4484071,-0.005489948,0.3334212,1.186386,-0.07955824,-2.813107,-0.2643278,0.02711605,1.04771,-0.8962809,0.1353517,0.4223271,-0.007786979,0.9473387,-0.3201386,-0.4434181,-0.2902228,-0.8480277,moving,36.83309,18.29371,-14.15972,1.482556
889,05/08/2023 17:08:08.042274,1130,True,True,True,True,Eyes,1.689834,0.1068513,-2.004692,-0.5719466,-0.2578318,-0.7787167,0.0,0.0,0.0,0.0,0.0,0.0,0.0,2.072587,-0.7048491,-0.920429,1.464545,0.1157919,-1.86583,0.03542508,0.9618297,-0.1583734,-0.220333,16.80085,207.0305,8.284347,0.6520638,0.03894784,-0.7571619,-0.4517105,-0.004234854,0.3307358,1.183717,-0.08200753,-2.813028,-0.2633706,0.02923386,1.04711,-0.9003967,0.1379356,0.4126249,-0.001644011,0.9473259,-0.3202671,-0.4350664,-0.2890459,-0.8527423,moving,36.29628,18.31962,-14.11826,1.599203
890,05/08/2023 17:08:08.062223,1131,True,True,True,True,Eyes,1.67969,0.1071878,-1.999139,-0.5643173,-0.2595682,-0.7836902,0.0,0.0,0.0,0.0,0.0,0.0,0.0,2.048405,-0.7095578,-0.9465933,1.453421,0.116715,-1.862637,0.03771289,0.963268,-0.1562715,-0.2151086,16.54916,206.399,8.391196,0.6510898,0.0391563,-0.7579889,-0.4549343,-0.00297641,0.3278926,1.181195,-0.08432246,-2.812954,-0.2616481,0.02651057,1.046478,-0.9046122,0.1398859,0.4026276,0.005424547,0.948314,-0.3172873,-0.4262015,-0.2848378,-0.8586151,moving,35.75679,18.32553,-14.03772,1.451172
891,05/08/2023 17:08:08.072107,1132,True,True,True,True,Eyes,1.669496,0.1074914,-1.99369,-0.5566317,-0.2610012,-0.7886949,0.0,0.0,0.0,0.0,0.0,0.0,0.0,2.025285,-0.7068757,-0.9744117,1.441946,0.1171109,-1.859572,0.03955878,0.9649138,-0.1524049,-0.2101169,16.11053,205.7608,8.402484,0.65008,0.03937642,-0.7588437,-0.4580702,-0.001788309,0.324878,1.17863,-0.08667596,-2.812879,-0.2567238,0.012927,1.046606,-0.9085718,0.1403873,0.3934314,0.01229596,0.9504157,-0.310739,-0.4175473,-0.2774911,-0.8652472,moving,35.21303,18.31083,-13.78207,0.7076442
892,05/08/2023 17:08:08.092013,1133,True,True,True,True,Eyes,1.65924,0.1077482,-1.988339,-0.5490396,-0.2624372,-0.7935252,0.0,0.0,0.0,0.0,0.0,0.0,0.0,2.00317,-0.7013686,-1.001055,1.43049,0.1165768,-1.856563,0.04048976,0.9664311,-0.1491217,-0.2052666,15.76005,205.1378,8.333153,0.649034,0.03960561,-0.7597267,-0.4611679,-0.0007703108,0.3217307,1.176144,-0.08895759,-2.812806,-0.2504971,0.007181093,1.04697,-0.9124525,0.1394805,0.3846762,0.0170417,0.9522466,-0.3048541,-0.4088278,-0.2716093,-0.8712567,moving,34.67934,18.30025,-13.45559,0.3929816
893,05/08/2023 17:08:08.112009,1134,True,True,True,True,Eyes,1.648936,0.1079365,-1.983087,-0.5414467,-0.2637995,-0.7982764,0.0,0.0,0.0,0.0,0.0,0.0,0.0,1.98394,-0.6934072,-1.022587,1.418933,0.1156828,-1.853581,0.04014686,0.9676095,-0.1468611,-0.2013749,15.54762,204.6293,8.165836,0.6479505,0.03984102,-0.7606387,-0.4642656,4.650658e-05,0.3184819,1.173526,-0.09135994,-2.81273,-0.2443991,0.006434381,1.047357,-0.9156727,0.1368412,0.3779126,0.01854469,0.9536402,-0.3003774,-0.4014966,-0.2680391,-0.8757599,moving,34.14786,18.28672,-13.13484,0.3519889
894,05/08/2023 17:08:08.122309,1135,True,True,True,True,Eyes,1.638587,0.108055,-1.977933,-0.5339598,-0.265483,-0.8027488,0.0,0.0,0.0,0.0,0.0,0.0,0.0,1.964305,-0.69008,-1.041245,1.407429,0.1142273,-1.850673,0.03986133,0.9684775,-0.146373,-0.1975792,15.53139,204.162,8.057595,0.6468296,0.04007891,-0.7615796,-0.4673212,0.0006085223,0.315129,1.170965,-0.09370997,-2.812654,-0.2379016,0.003813311,1.047871,-0.9187471,0.1350501,0.3710327,0.01936911,0.953972,-0.2992693,-0.3943711,-0.2677662,-0.8790749,moving,33.63043,18.29995,-12.79122,0.2085045
895,05/08/2023 17:08:08.142188,1136,True,True,True,True,Eyes,1.62819,0.1081026,-1.972886,-0.5264577,-0.2671952,-0.8071239,0.0,0.0,0.0,0.0,0.0,0.0,0.0,1.944523,-0.6898457,-1.057668,1.395889,0.1127436,-1.847836,0.03957359,0.9691327,-0.1469956,-0.1939283,15.63854,203.7293,7.981746,0.6456702,0.04031608,-0.7625502,-0.470329,0.0009274037,0.3116815,1.168425,-0.09604121,-2.81258,-0.2302469,0.007065505,1.048888,-0.9216519,0.1337173,0.3642502,0.0196909,0.9536524,-0.3002654,-0.3875188,-0.2695677,-0.8815685,moving,33.11495,18.31693,-12.38093,0.3859493
896,05/08/2023 17:08:08.162323,1137,True,True,True,True,Eyes,1.617769,0.10806,-1.967951,-0.5189794,-0.2692784,-0.8112642,0.0,0.0,0.0,0.0,0.0,0.0,0.0,1.924608,-0.6886334,-1.074922,1.384296,0.1111197,-1.845309,0.03875091,0.9697995,-0.147882,-0.1900485,15.78942,203.2649,7.846634,0.6444716,0.04054947,-0.7635511,-0.4732995,0.001014766,0.3081211,1.165833,-0.09842037,-2.812504,-0.221405,0.01622346,1.050235,-0.9247602,0.1313707,0.3571567,0.01895174,0.9532586,-0.3015608,-0.3800789,-0.2721026,-0.8840253,moving,32.60774,18.36226,-11.90448,0.8850035
897,05/08/2023 17:08:08.172184,1138,True,True,True,True,Eyes,1.607291,0.107932,-1.963118,-0.511547,-0.2714476,-0.815252,0.0,0.0,0.0,0.0,0.0,0.0,0.0,1.906256,-0.6843961,-1.090716,1.372614,0.1090684,-1.842799,0.0372549,0.9704048,-0.1486772,-0.1866054,15.94117,202.8407,7.63741,0.6432347,0.04077522,-0.7645815,-0.4761657,0.0008260504,0.30444,1.163249,-0.1007914,-2.812428,-0.2101141,0.01957263,1.052119,-0.927581,0.1277926,0.3510877,0.01681674,0.9530144,-0.3024581,-0.3732435,-0.2746502,-0.8861469,moving,32.10708,18.41578,-11.29371,1.065754
898,05/08/2023 17:08:08.192279,1139,True,True,True,True,Eyes,1.596754,0.1077273,-1.958388,-0.5041583,-0.2738021,-0.8190585,0.0,0.0,0.0,0.0,0.0,0.0,0.0,1.888643,-0.6835008,-1.102736,1.36075,0.1069349,-1.840406,0.03586125,0.9707118,-0.150571,-0.1837416,16.20911,202.5031,7.476921,0.6419569,0.04099049,-0.7656431,-0.4790277,0.0003925515,0.3006725,1.160671,-0.1031571,-2.812353,-0.1985011,0.02118891,1.053798,-0.9299061,0.1249542,0.3459209,0.01428955,0.9520846,-0.3055006,-0.3675196,-0.2791438,-0.8871349,moving,31.6137,18.4842,-10.66765,1.151901
899,05/08/2023 17:08:08.212312,1140,True,True,True,True,Eyes,1.586157,0.1074316,-1.953778,-0.4968668,-0.2760129,-0.8227638,0.0,0.0,0.0,0.0,0.0,0.0,0.0,1.870791,-0.682648,-1.115001,1.348805,0.1049238,-1.838154,0.03537719,0.9710994,-0.1514067,-0.1810815,16.3348,202.1884,7.396792,0.6406382,0.04119274,-0.766736,-0.4818971,-0.0002452945,0.2968228,1.158103,-0.1055142,-2.812277,-0.1877326,0.02786353,1.055323,-0.931916,0.1235434,0.3409837,0.01387562,0.951649,-0.3068742,-0.362409,-0.2812496,-0.8885712,moving,31.12776,18.54508,-10.08689,1.51242
900,05/08/2023 17:08:08.222322,1141,True,True,True,True,Eyes,1.575523,0.1070262,-1.949284,-0.4898329,-0.2781845,-0.8262427,0.0,0.0,0.0,0.0,0.0,0.0,0.0,1.854434,-0.6768825,-1.128127,1.336736,0.102443,-1.836412,0.03494671,0.9716422,-0.1506571,-0.178865,16.2762,201.9049,7.290002,0.6392769,0.04137914,-0.7678614,-0.4847742,-0.001117472,0.2928426,1.155468,-0.1079319,-2.8122,-0.176431,0.03096765,1.056864,-0.9335723,0.1218059,0.3370556,0.01401686,0.9521623,-0.305271,-0.3581155,-0.280268,-0.8906198,moving,30.66132,18.60767,-9.477458,1.678369
901,05/08/2023 17:08:08.252012,1142,True,True,True,True,Eyes,1.564826,0.1065267,-1.944907,-0.4829287,-0.2803119,-0.8295814,0.0,0.0,0.0,0.0,0.0,0.0,0.0,1.838288,-0.6726389,-1.139459,1.324699,0.09948561,-1.834499,0.0345104,0.9720351,-0.1506306,-0.1768258,16.29792,201.6531,7.203887,0.6378725,0.04154622,-0.7690195,-0.4875893,-0.002266828,0.2887546,1.152981,-0.1102148,-2.812127,-0.1646394,0.02731247,1.058048,-0.9350836,0.1203614,0.3333651,0.01381988,0.9522389,-0.3050411,-0.3541584,-0.2806318,-0.8920863,moving,30.2052,18.66988,-8.844679,1.478707
902,05/08/2023 17:08:08.262061,1143,True,True,True,True,Eyes,1.554064,0.1059459,-1.940641,-0.4759925,-0.2824166,-0.8328697,0.0,0.0,0.0,0.0,0.0,0.0,0.0,1.820814,-0.6743363,-1.149568,1.312478,0.09662829,-1.832938,0.03524023,0.9722666,-0.1513051,-0.1748218,16.37341,201.4341,7.270931,0.6364233,0.04169157,-0.7702114,-0.4904271,-0.003629167,0.2845593,1.15041,-0.1125739,-2.812052,-0.1536953,0.02831766,1.058937,-0.9363909,0.1214286,0.3292827,0.01562295,0.9517298,-0.3065392,-0.3506108,-0.2818962,-0.8930881,moving,29.74835,18.73121,-8.258308,1.531815
903,05/08/2023 17:08:08.273146,1144,True,True,True,True,Eyes,1.543219,0.1053038,-1.936503,-0.4691458,-0.2844161,-0.836068,0.0,0.0,0.0,0.0,0.0,0.0,0.0,1.800704,-0.6790828,-1.161279,1.299959,0.09423749,-1.831252,0.03703625,0.9725853,-0.1517026,-0.1723152,16.39894,201.1684,7.4462,0.6349285,0.04181355,-0.7714375,-0.493286,-0.005153914,0.2802834,1.147767,-0.1149992,-2.811974,-0.1448729,0.0339561,1.05949,-0.9378717,0.1243232,0.3239454,0.01976047,0.9512292,-0.3078513,-0.3464194,-0.2823237,-0.8945876,moving,29.29825,18.78743,-7.786241,1.835671
904,05/08/2023 17:08:08.292667,1145,True,True,True,True,Eyes,1.532301,0.104607,-1.932505,-0.4623432,-0.2861881,-0.8392469,0.0,0.0,0.0,0.0,0.0,0.0,0.0,1.780243,-0.6826798,-1.174377,1.287058,0.09211793,-1.830157,0.03883386,0.9729859,-0.1516019,-0.169727,16.3695,200.886,7.608208,0.6333854,0.04191166,-0.7726998,-0.4962258,-0.006770907,0.2758808,1.145292,-0.1172711,-2.811902,-0.1384368,0.03814965,1.059459,-0.9393694,0.1270315,0.3185094,0.02410771,0.9510176,-0.3081954,-0.3420586,-0.2818308,-0.8964192,moving,28.85048,18.82968,-7.444516,2.062251
905,05/08/2023 17:08:08.312202,1146,True,True,True,True,Eyes,1.521292,0.1038414,-1.92864,-0.4556744,-0.2877748,-0.8423458,0.0,0.0,0.0,0.0,0.0,0.0,0.0,1.760999,-0.6828193,-1.187422,1.273888,0.09017112,-1.829318,0.04072906,0.9734798,-0.1502692,-0.1676232,16.19539,200.6457,7.760567,0.6317918,0.04198564,-0.7739993,-0.4992042,-0.00845501,0.2713231,1.142732,-0.1196202,-2.811826,-0.1325142,0.04128902,1.059415,-0.9404874,0.129675,0.314115,0.02892063,0.9515206,-0.3062223,-0.3385963,-0.2789137,-0.8986436,moving,28.41156,18.86196,-7.12967,2.231883
906,05/08/2023 17:08:08.322088,1147,True,True,True,True,Eyes,1.51017,0.1030265,-1.924899,-0.4487795,-0.2893325,-0.8455079,0.0,0.0,0.0,0.0,0.0,0.0,0.0,1.740926,-0.685603,-1.199984,1.260641,0.0877263,-1.828639,0.04352544,0.9738898,-0.1491178,-0.1655548,16.02381,200.4265,8.023265,0.630145,0.04203462,-0.7753379,-0.5022799,-0.01024451,0.266638,1.140151,-0.1219888,-2.811751,-0.1246557,0.04027818,1.059551,-0.9413946,0.1341523,0.3094834,0.03540364,0.9517389,-0.3048602,-0.3354451,-0.2760368,-0.9007113,moving,27.95851,18.89093,-6.70998,2.177016
907,05/08/2023 17:08:08.347055,1148,True,True,True,True,Eyes,1.498959,0.1021725,-1.92129,-0.4419259,-0.2908949,-0.8485762,0.0,0.0,0.0,0.0,0.0,0.0,0.0,1.718532,-0.6928588,-1.21296,1.24728,0.08566231,-1.828013,0.04641002,0.9741914,-0.1492556,-0.1628495,16.00322,200.1511,8.316569,0.6284414,0.04205877,-0.7767181,-0.5055097,-0.01207469,0.2618621,1.137587,-0.1243416,-2.811676,-0.1166916,0.04353766,1.059667,-0.9426522,0.1390369,0.3034392,0.04181208,0.9511378,-0.3059228,-0.331147,-0.2756914,-0.9024056,moving,27.50983,18.9219,-6.284152,2.352741
908,05/08/2023 17:08:08.362269,1149,True,True,True,True,Eyes,1.487646,0.101291,-1.917812,-0.4347124,-0.2925282,-0.8517349,0.0,0.0,0.0,0.0,0.0,0.0,0.0,1.693467,-0.7035437,-1.227433,1.233889,0.08387702,-1.827533,0.04942168,0.9744638,-0.1503021,-0.1593331,16.09191,199.7949,8.632521,0.6266788,0.04205859,-0.778141,-0.5088126,-0.01391212,0.2569783,1.135039,-0.1266803,-2.811601,-0.1116138,0.04925144,1.059391,-0.9443409,0.1442155,0.2956723,0.04842306,0.9499335,-0.308677,-0.3253851,-0.2771789,-0.9040444,moving,27.03906,18.95502,-6.014297,2.661782
909,05/08/2023 17:08:08.372141,1150,True,True,True,True,Eyes,1.476236,0.1003811,-1.914476,-0.4274774,-0.2940439,-0.8548691,0.0,0.0,0.0,0.0,0.0,0.0,0.0,1.665475,-0.7126464,-1.246246,1.220326,0.08231004,-1.827247,0.05281283,0.974994,-0.1503718,-0.1548733,16.07317,199.3183,8.95426,0.6248546,0.04203507,-0.7796079,-0.5122206,-0.01572194,0.2519926,1.13244,-0.1290653,-2.811525,-0.1087016,0.05014284,1.059057,-0.94645,0.1495615,0.286118,0.0564072,0.9491982,-0.3095818,-0.3178843,-0.2768646,-0.906805,moving,26.56735,18.98136,-5.860319,2.710741
910,05/08/2023 17:08:08.391879,1151,True,True,True,True,Eyes,1.464675,0.09945731,-1.91127,-0.4198411,-0.2955988,-0.8581112,0.0,0.0,0.0,0.0,0.0,0.0,0.0,1.637183,-0.718809,-1.266471,1.206497,0.0806978,-1.827253,0.05608059,0.9756308,-0.1496855,-0.1503128,15.9749,198.8169,9.243484,0.6229655,0.04198899,-0.7811207,-0.5157188,-0.01750829,0.2468835,1.129918,-0.1313802,-2.811451,-0.1047089,0.04698139,1.058903,-0.9485223,0.1544272,0.2765106,0.06442862,0.9488985,-0.3089348,-0.3100884,-0.2752163,-0.9100009,moving,26.07074,19.0076,-5.64729,2.540431
911,05/08/2023 17:08:08.412050,1152,True,True,True,True,Eyes,1.453013,0.09863447,-1.908237,-0.4123068,-0.2973236,-0.861163,0.0,0.0,0.0,0.0,0.0,0.0,0.0,1.60706,-0.7242284,-1.2885,1.192284,0.07926353,-1.827446,0.05924978,0.9763373,-0.148861,-0.1452428,15.87061,198.2516,9.510944,0.6210066,0.0419218,-0.7826827,-0.5194577,-0.01922916,0.241686,1.12736,-0.1337271,-2.811376,-0.09805584,0.04445034,1.058944,-0.9507879,0.1589375,0.2659719,0.07245359,0.9486598,-0.3078882,-0.3012518,-0.2734658,-0.9134899,moving,25.58412,19.04766,-5.290375,2.403643
912,05/08/2023 17:08:08.422676,1153,True,True,True,True,Eyes,1.441234,0.09793326,-1.90537,-0.4043616,-0.2987394,-0.8644341,0.0,0.0,0.0,0.0,0.0,0.0,0.0,1.579498,-0.7463537,-1.29853,1.178143,0.08088972,-1.828517,0.06308155,0.9760814,-0.1520894,-0.1419674,16.20007,197.974,9.974298,0.6189747,0.04184023,-0.7842949,-0.5232773,-0.02054391,0.236285,1.124717,-0.1361523,-2.811298,-0.09007066,0.0435461,1.059113,-0.9517321,0.1663289,0.2579555,0.07996195,0.945779,-0.3148144,-0.2963317,-0.2789923,-0.9134282,moving,25.06907,19.06462,-4.860936,2.354426
913,05/08/2023 17:08:08.442246,1154,True,True,True,True,Eyes,1.429346,0.09721921,-1.902681,-0.3962253,-0.2994171,-0.8679602,0.0,0.0,0.0,0.0,0.0,0.0,0.0,1.538086,-0.7599217,-1.329228,1.164183,0.0828537,-1.829713,0.07222171,0.9771279,-0.1476506,-0.1349244,15.60822,197.2125,10.83098,0.6168664,0.04175141,-0.7859589,-0.5272179,-0.02141494,0.2307092,1.122301,-0.1383698,-2.811227,-0.08402401,0.04348543,1.058839,-0.953159,0.180983,0.2423496,0.1012964,0.9459667,-0.3080359,-0.285004,-0.269058,-0.9199896,moving,24.53678,19.03272,-4.537189,2.351757
914,05/08/2023 17:08:08.462045,1155,True,True,True,True,Eyes,1.417374,0.0965643,-1.900065,-0.3879109,-0.3010281,-0.8711529,0.0,0.0,0.0,0.0,0.0,0.0,0.0,1.505625,-0.7366717,-1.368163,1.149586,0.0816783,-1.831186,0.07510312,0.9792072,-0.1381405,-0.1281812,14.55342,196.3074,10.86799,0.614678,0.04165513,-0.7876767,-0.5312482,-0.02227216,0.224933,1.119645,-0.1408079,-2.811149,-0.07965893,0.040121,1.058586,-0.9558585,0.182497,0.2302823,0.111669,0.9505535,-0.2897898,-0.2717814,-0.2512826,-0.9289739,moving,24.00267,19.06266,-4.303413,2.170503
915,05/08/2023 17:08:08.472205,1156,True,True,True,True,Eyes,1.405329,0.09601513,-1.897641,-0.3795719,-0.3023764,-0.8743533,0.0,0.0,0.0,0.0,0.0,0.0,0.0,1.481426,-0.7652491,-1.366755,1.136146,0.08250295,-1.830468,0.07346966,0.978175,-0.1487332,-0.1251173,15.81841,196.0885,10.84034,0.612409,0.0415549,-0.7894474,-0.5352884,-0.02290057,0.2192844,1.117015,-0.1432209,-2.811072,-0.0764125,0.03551251,1.058239,-0.9578958,0.1809506,0.2229186,0.1065142,0.9449613,-0.3093588,-0.2666281,-0.2725895,-0.9244483,moving,23.4665,19.07685,-4.130002,1.922018
916,05/08/2023 17:08:08.492248,1157,True,True,True,True,Eyes,1.393238,0.0954918,-1.895312,-0.3709576,-0.3035184,-0.8776485,0.0,0.0,0.0,0.0,0.0,0.0,0.0,1.450415,-0.7673396,-1.390112,1.122268,0.08442502,-1.832569,0.0771318,0.9789562,-0.1458747,-0.1200677,15.49105,195.5034,11.13144,0.6100577,0.04145605,-0.791271,-0.5393069,-0.02317406,0.2133994,1.114622,-0.1454169,-2.811002,-0.07334942,0.03261368,1.057714,-0.9592689,0.186047,0.2125789,0.1159876,0.9455425,-0.304132,-0.2575852,-0.2670878,-0.9286087,moving,22.91243,19.07699,-3.966948,1.766106
917,05/08/2023 17:08:08.512220,1158,True,True,True,True,Eyes,1.38113,0.09500178,-1.893068,-0.3623241,-0.3052841,-0.8806378,0.0,0.0,0.0,0.0,0.0,0.0,0.0,1.428055,-0.7533396,-1.410434,1.109447,0.08437447,-1.832537,0.07721063,0.9800194,-0.1417456,-0.1162276,15.06287,194.986,11.00195,0.6076254,0.04135954,-0.7931454,-0.5432212,-0.02335358,0.2075835,1.112089,-0.1477421,-2.810928,-0.07093143,0.03127423,1.057464,-0.9610595,0.1842853,0.205922,0.1183863,0.9478934,-0.2957748,-0.249699,-0.2598788,-0.9327989,moving,22.36392,19.11951,-3.837476,1.694014
918,05/08/2023 17:08:08.531869,1159,True,True,True,True,Eyes,1.368994,0.09460043,-1.890925,-0.3534152,-0.3073463,-0.883536,0.0,0.0,0.0,0.0,0.0,0.0,0.0,1.400693,-0.7751346,-1.415925,1.096781,0.08510925,-1.832333,0.07533716,0.9794539,-0.1501406,-0.1115908,16.09899,194.5405,10.864,0.6051149,0.0412666,-0.7950672,-0.5469512,-0.02342244,0.2018608,1.10941,-0.1502003,-2.810849,-0.07093561,0.0323239,1.057218,-0.9637437,0.1810871,0.1959738,0.1140699,0.9435642,-0.3109254,-0.2412184,-0.2772977,-0.9300107,moving,21.80145,19.18071,-3.838592,1.751243
919,05/08/2023 17:08:08.542371,1160,True,True,True,True,Eyes,1.356858,0.09426024,-1.888872,-0.3445138,-0.3093461,-0.8863494,0.0,0.0,0.0,0.0,0.0,0.0,0.0,1.374482,-0.7770464,-1.431664,1.084598,0.08673245,-1.832699,0.07462439,0.9799131,-0.1510066,-0.1067649,16.26093,193.9713,10.71554,0.6025274,0.04118114,-0.7970342,-0.5505417,-0.02322114,0.1961789,1.106894,-0.1525092,-2.810776,-0.07158029,0.03535922,1.057202,-0.966065,0.1784952,0.1867031,0.1140064,0.9432564,-0.3118812,-0.2317782,-0.2800121,-0.9315967,moving,21.24053,19.23958,-3.873431,1.915603
920,05/08/2023 17:08:08.572119,1161,True,True,True,True,Eyes,1.34469,0.09400285,-1.88688,-0.3353998,-0.3117283,-0.8890064,0.0,0.0,0.0,0.0,0.0,0.0,0.0,1.350987,-0.7746418,-1.44624,1.072487,0.08761638,-1.832741,0.07376927,0.9804313,-0.1509015,-0.1026717,16.30492,193.4713,10.54443,0.5998664,0.04110535,-0.7990429,-0.5539186,-0.02284845,0.1905673,1.104314,-0.1548767,-2.8107,-0.07128018,0.0322032,1.057445,-0.9680334,0.175638,0.1790614,0.1136648,0.9435737,-0.3110452,-0.223589,-0.2807491,-0.9333748,moving,20.67023,19.32311,-3.856357,1.744334
921,05/08/2023 17:08:08.581367,1162,True,True,True,True,Eyes,1.332536,0.09383287,-1.884994,-0.3262891,-0.314024,-0.8915852,0.0,0.0,0.0,0.0,0.0,0.0,0.0,1.323948,-0.7865649,-1.45582,1.060796,0.08915784,-1.832401,0.07436632,0.9803573,-0.1539932,-0.09826192,16.69769,193.0062,10.59267,0.5971329,0.04104239,-0.8010911,-0.557188,-0.02224971,0.1851088,1.101715,-0.1572617,-2.810624,-0.06956846,0.0289055,1.058334,-0.9696287,0.1760745,0.1697598,0.1155478,0.9415115,-0.3165514,-0.2155674,-0.2873219,-0.9332615,moving,20.10087,19.4027,-3.760867,1.564489
922,05/08/2023 17:08:08.592157,1163,True,True,True,True,Eyes,1.320384,0.09372535,-1.883184,-0.3169575,-0.3161901,-0.8941822,0.0,0.0,0.0,0.0,0.0,0.0,0.0,1.295857,-0.7904817,-1.470726,1.049011,0.09163976,-1.832572,0.07571957,0.9807585,-0.1537381,-0.09350969,16.7023,192.4629,10.66613,0.5943303,0.04099527,-0.8031749,-0.560219,-0.02142466,0.1796603,1.099234,-0.1595386,-2.810551,-0.06869185,0.02832377,1.059033,-0.971045,0.1772772,0.1601388,0.1197732,0.9412622,-0.3157209,-0.2067028,-0.2873989,-0.9352412,moving,19.5177,19.47401,-3.711167,1.532007
923,05/08/2023 17:08:08.612253,1164,True,True,True,True,Eyes,1.308247,0.0936601,-1.881458,-0.3076126,-0.3183089,-0.8966905,0.0,0.0,0.0,0.0,0.0,0.0,0.0,1.263611,-0.7869928,-1.492141,1.037178,0.0928968,-1.832535,0.07850108,0.9815699,-0.1505979,-0.08762713,16.37287,191.7674,10.84371,0.5914612,0.04096546,-0.8052915,-0.563061,-0.02046174,0.1743095,1.096692,-0.1618716,-2.810476,-0.06817371,0.02306879,1.060136,-0.9723181,0.1805015,0.1483801,0.1277156,0.9423156,-0.3094024,-0.1956685,-0.2818871,-0.9392835,moving,18.9347,19.54394,-3.679429,1.246572
924,05/08/2023 17:08:08.622321,1165,True,True,True,True,Eyes,1.296094,0.09366843,-1.879781,-0.2982113,-0.3207431,-0.8989961,0.0,0.0,0.0,0.0,0.0,0.0,0.0,1.236312,-0.7876151,-1.506723,1.025321,0.09386306,-1.832737,0.07864983,0.9819565,-0.1507302,-0.08280143,16.43912,191.2018,10.78184,0.5885289,0.04095325,-0.8074377,-0.5656885,-0.01942979,0.169029,1.094088,-0.1642614,-2.8104,-0.06880224,0.01594302,1.061308,-0.9739163,0.1794228,0.138905,0.1295,0.9421893,-0.3090455,-0.1863246,-0.2829963,-0.9408486,moving,18.35151,19.63535,-3.709169,0.8606355
925,05/08/2023 17:08:08.642300,1166,True,True,True,True,Eyes,1.283982,0.09375067,-1.87819,-0.2887079,-0.3230154,-0.9012817,0.0,0.0,0.0,0.0,0.0,0.0,0.0,1.208578,-0.8009349,-1.514142,1.013975,0.09546451,-1.832355,0.07963081,0.9817191,-0.1540686,-0.07841818,16.85886,190.7499,10.87227,0.5855346,0.04096062,-0.8096113,-0.5682055,-0.01823901,0.1639191,1.091579,-0.1665639,-2.810326,-0.06837672,0.01299791,1.062729,-0.9750193,0.1805138,0.1294321,0.1321866,0.9398435,-0.3149932,-0.1785065,-0.2900152,-0.9402271,moving,17.76184,19.71745,-3.681376,0.7007319
926,05/08/2023 17:08:08.662472,1167,True,True,True,True,Eyes,1.271912,0.09387193,-1.876646,-0.2790782,-0.3253877,-0.903459,0.0,0.0,0.0,0.0,0.0,0.0,0.0,1.177405,-0.7983288,-1.533022,1.002735,0.0973115,-1.832708,0.08024968,0.9823609,-0.1526256,-0.072336,16.75363,190.0206,10.81958,0.5824825,0.04098926,-0.8118085,-0.5704511,-0.01689795,0.1588572,1.089017,-0.168915,-2.810251,-0.07148004,0.0197401,1.064041,-0.9766552,0.179749,0.1176238,0.1355877,0.9405308,-0.3114766,-0.1666164,-0.2882569,-0.9429461,moving,17.1659,19.80688,-3.843236,1.062831
927,05/08/2023 17:08:08.672138,1168,True,True,True,True,Eyes,1.259901,0.09404738,-1.875167,-0.2694178,-0.3278599,-0.9054955,0.0,0.0,0.0,0.0,0.0,0.0,0.0,1.153806,-0.7936006,-1.545834,0.9918751,0.09842236,-1.832258,0.07709832,0.9828557,-0.1532911,-0.0674726,16.91316,189.4004,10.37125,0.5793774,0.04103891,-0.814025,-0.5724342,-0.0155203,0.1539581,1.086383,-0.1713324,-2.810174,-0.06088424,0.001323193,1.066767,-0.9790066,0.1722389,0.1089947,0.1308671,0.9411154,-0.3117301,-0.1562686,-0.290922,-0.9438986,moving,16.56965,19.9042,-3.266534,0.07106835
928,05/08/2023 17:08:08.692183,1169,True,True,True,True,Eyes,1.247969,0.09426768,-1.873746,-0.2597072,-0.3302919,-0.9074467,0.0,0.0,0.0,0.0,0.0,0.0,0.0,1.13024,-0.7955469,-1.555547,0.9812139,0.100007,-1.832288,0.07413081,0.9830254,-0.1556185,-0.06283787,17.25575,188.8313,9.96772,0.5762242,0.04111005,-0.8162565,-0.5741206,-0.01406272,0.1491559,1.083865,-0.1736435,-2.8101,-0.05781269,-0.004511803,1.067963,-0.9811122,0.1653024,0.1004702,0.1261875,0.940575,-0.3152704,-0.1466147,-0.2966375,-0.9436688,moving,15.97088,20.00047,-3.098604,-0.2420551
929,05/08/2023 17:08:08.712294,1170,True,True,True,True,Eyes,1.236115,0.09453166,-1.872387,-0.2499044,-0.3326572,-0.9093333,0.0,0.0,0.0,0.0,0.0,0.0,0.0,1.105226,-0.7896199,-1.57006,0.971063,0.1013471,-1.832178,0.07279816,0.9835987,-0.1545554,-0.05785116,17.1946,188.2032,9.708018,0.5730292,0.04120257,-0.8184979,-0.575469,-0.01255806,0.1444695,1.081292,-0.1760044,-2.810025,-0.05553651,0.02919504,1.071915,-0.9827074,0.1610907,0.09130195,0.1253259,0.9416261,-0.3124638,-0.1363073,-0.295618,-0.9455318,moving,15.36675,20.0938,-2.965874,1.560142
930,05/08/2023 17:08:08.732229,1171,True,True,True,True,Eyes,1.224361,0.09483246,-1.871085,-0.2401095,-0.335076,-0.9110826,0.0,0.0,0.0,0.0,0.0,0.0,0.0,1.075606,-0.7889903,-1.584784,0.9609954,0.102689,-1.832189,0.07238732,0.9839721,-0.1544868,-0.0518939,17.24801,187.4899,9.552472,0.5697976,0.04131632,-0.8207451,-0.5765016,-0.01101266,0.1398794,1.078609,-0.1784666,-2.809946,-0.05582422,0.01229361,1.073114,-0.9841344,0.158488,0.07975854,0.1264203,0.9417878,-0.3115342,-0.1244901,-0.2965084,-0.9468818,moving,14.7642,20.1924,-2.977886,0.6563524
931,05/08/2023 17:08:08.751941,1172,True,True,True,True,Eyes,1.212647,0.09514633,-1.869859,-0.2301747,-0.3372338,-0.9128488,0.0,0.0,0.0,0.0,0.0,0.0,0.0,1.042589,-0.7878647,-1.601189,0.9508331,0.1040249,-1.832109,0.0724154,0.9843769,-0.1540215,-0.0451195,17.25924,186.683,9.430108,0.5665362,0.04145067,-0.822993,-0.5771729,-0.009449489,0.1353926,1.076102,-0.1807677,-2.809873,-0.05341268,0.00712046,1.076303,-0.9854407,0.1564668,0.06652211,0.1286693,0.9420668,-0.309765,-0.1111362,-0.2966956,-0.9484835,moving,14.15212,20.27575,-2.841034,0.3790443
932,05/08/2023 17:08:08.762328,1173,True,True,True,True,Eyes,1.200989,0.09546936,-1.868702,-0.2202328,-0.33938,-0.9145046,0.0,0.0,0.0,0.0,0.0,0.0,0.0,1.006477,-0.7815863,-1.621378,0.9399535,0.1045985,-1.832563,0.07444553,0.9849747,-0.1511065,-0.03807143,16.97795,185.8509,9.518542,0.5632461,0.04160388,-0.8252405,-0.5776852,-0.007940908,0.130948,1.07353,-0.1831281,-2.809797,-0.05085862,0.01843274,1.078247,-0.9860169,0.1581596,0.0525004,0.1351483,0.9432495,-0.3033406,-0.09749721,-0.2920036,-0.9514348,moving,13.54025,20.36029,-2.70052,0.9793818
933,05/08/2023 17:08:08.782568,1174,True,True,True,True,Eyes,1.189378,0.09579094,-1.867616,-0.2102247,-0.341406,-0.9161045,0.0,0.0,0.0,0.0,0.0,0.0,0.0,0.9735143,-0.7795115,-1.63681,0.929329,0.1051881,-1.832975,0.07577972,0.9852743,-0.1499219,-0.03186843,16.89379,185.1278,9.558175,0.5599298,0.04177412,-0.8274856,-0.5779986,-0.006495349,0.1265619,1.070959,-0.1854876,-2.809722,-0.05126798,0.008930594,1.079726,-0.9864839,0.1588832,0.04007622,0.1397721,0.9435617,-0.3002583,-0.08552037,-0.2905984,-0.9530158,moving,12.92429,20.43899,-2.7185,0.4738923
934,05/08/2023 17:08:08.792009,1175,True,True,True,True,Eyes,1.177812,0.09608808,-1.8666,-0.2002292,-0.3435612,-0.9175369,0.0,0.0,0.0,0.0,0.0,0.0,0.0,0.9413708,-0.7770256,-1.651373,0.9187642,0.1054638,-1.833502,0.07682208,0.985523,-0.1489121,-0.02584706,16.8305,184.4236,9.569187,0.5565887,0.0419592,-0.8297273,-0.5781502,-0.005140905,0.1222247,1.068398,-0.1878376,-2.809647,-0.05548596,0.00224188,1.080895,-0.9868609,0.1591177,0.02806627,0.143722,0.9438471,-0.2974839,-0.07382523,-0.2895414,-0.9543145,moving,12.31036,20.52784,-2.938604,0.1188367
935,05/08/2023 17:08:08.812287,1176,True,True,True,True,Eyes,1.166284,0.0963602,-1.865645,-0.1901258,-0.3457167,-0.9188755,0.0,0.0,0.0,0.0,0.0,0.0,0.0,0.9085177,-0.7736146,-1.665988,0.9080679,0.1052361,-1.834049,0.07699858,0.9857516,-0.1482786,-0.01946078,16.81813,183.6658,9.474873,0.553224,0.04215589,-0.8319647,-0.5781615,-0.003941018,0.1179407,1.065826,-0.1901975,-2.809571,-0.05823755,-0.003279895,1.081752,-0.9873852,0.1575741,0.0155325,0.1460317,0.9441693,-0.2953286,-0.06120146,-0.2893347,-0.9552696,moving,11.69018,20.61826,-3.08162,-0.1737215
936,05/08/2023 17:08:08.822356,1177,True,True,True,True,Eyes,1.154773,0.09660777,-1.864741,-0.180163,-0.3481832,-0.919951,0.0,0.0,0.0,0.0,0.0,0.0,0.0,0.8761895,-0.7729595,-1.67824,0.8973589,0.1049513,-1.834502,0.07630963,0.9858099,-0.1489407,-0.01313054,16.95679,182.9136,9.287062,0.5498363,0.04236131,-0.8341972,-0.5780562,-0.002888204,0.1137267,1.063248,-0.192564,-2.809496,-0.06062913,-0.01071247,1.082432,-0.9880087,0.1543649,0.003157209,0.1465422,0.943987,-0.2956584,-0.04861964,-0.2916504,-0.9552884,moving,11.08056,20.73066,-3.205899,-0.5670192
937,05/08/2023 17:08:08.842178,1178,True,True,True,True,Eyes,1.143297,0.09683811,-1.863894,-0.1701603,-0.3507087,-0.9208957,0.0,0.0,0.0,0.0,0.0,0.0,0.0,0.8451578,-0.7769336,-1.686827,0.8866596,0.1046541,-1.834717,0.07539072,0.9856153,-0.1510832,-0.007257814,17.26103,182.2257,9.086053,0.5464248,0.042573,-0.836425,-0.5779043,-0.001972208,0.1096175,1.060745,-0.1948608,-2.809422,-0.06178242,-0.01675588,1.082667,-0.9885272,0.1508055,-0.008473707,0.1464194,0.9429802,-0.298914,-0.03708735,-0.2967254,-0.9542425,moving,10.46886,20.84855,-3.266045,-0.8866668
938,05/08/2023 17:08:08.862854,1179,True,True,True,True,Eyes,1.131856,0.0970396,-1.863109,-0.160368,-0.3532675,-0.9216746,0.0,0.0,0.0,0.0,0.0,0.0,0.0,0.8149015,-0.7804305,-1.694979,0.8759144,0.1045297,-1.835194,0.07482485,0.9854138,-0.152833,-0.001726322,17.51462,181.5788,8.927764,0.5429899,0.0427891,-0.838648,-0.5776585,-0.001162849,0.1055796,1.058156,-0.1972363,-2.809346,-0.0612641,-0.01980311,1.083193,-0.9887965,0.1479946,-0.01946913,0.1469392,0.9420866,-0.3014658,-0.0262737,-0.3009491,-0.9532781,moving,9.87044,20.97126,-3.237132,-1.047374
939,05/08/2023 17:08:08.872169,1180,True,True,True,True,Eyes,1.120445,0.09720394,-1.862379,-0.1504776,-0.3557314,-0.9223946,0.0,0.0,0.0,0.0,0.0,0.0,0.0,0.7833056,-0.7766879,-1.706632,0.8651016,0.1041161,-1.835801,0.07464871,0.9854914,-0.1523705,0.004194369,17.51442,180.8701,8.797539,0.5395319,0.0430073,-0.8408656,-0.5773213,-0.0004885979,0.1015998,1.05558,-0.1996009,-2.809271,-0.0593788,-0.01674518,1.084004,-0.9888199,0.1458531,-0.03101554,0.1484095,0.9424216,-0.2996933,-0.01448149,-0.3009457,-0.9535312,moving,9.265495,21.08967,-3.135375,-0.8850077
940,05/08/2023 17:08:08.892257,1181,True,True,True,True,Eyes,1.109055,0.09731583,-1.861706,-0.1406602,-0.3582491,-0.9229692,0.0,0.0,0.0,0.0,0.0,0.0,0.0,0.7503269,-0.7730628,-1.718115,0.854302,0.1034049,-1.836303,0.074651,0.9855068,-0.1519701,0.01042054,17.52314,180.1292,8.683546,0.536051,0.04322509,-0.8430778,-0.5769141,3.373035e-05,0.09769324,1.053041,-0.201931,-2.809196,-0.05736667,-0.01172507,1.08468,-0.9886372,0.1439709,-0.04322845,0.1503053,0.9426646,-0.2979794,-0.002150416,-0.3010909,-0.9535929,moving,8.665182,21.21365,-3.027446,-0.6193265
941,05/08/2023 17:08:08.912248,1182,True,True,True,True,Eyes,1.097676,0.09737455,-1.861093,-0.1307247,-0.3606701,-0.9234869,0.0,0.0,0.0,0.0,0.0,0.0,0.0,0.7134543,-0.7692139,-1.730588,0.8432125,0.1023272,-1.83689,0.07493521,0.985454,-0.151518,0.0175367,17.53308,179.2876,8.5871,0.5325466,0.04343946,-0.8452849,-0.5764703,0.0003673626,0.09385189,1.050479,-0.2042822,-2.809121,-0.05605736,-0.007159084,1.085544,-0.9881545,0.1423762,-0.05727128,0.1530047,0.942854,-0.2959997,0.01185516,-0.3012562,-0.9534696,moving,8.057004,21.33326,-2.956121,-0.3778559
942,05/08/2023 17:08:08.932100,1183,True,True,True,True,Eyes,1.086304,0.09738091,-1.860533,-0.1209962,-0.3631977,-0.9238222,0.0,0.0,0.0,0.0,0.0,0.0,0.0,0.6792672,-0.7643712,-1.741722,0.8319738,0.1011297,-1.837622,0.07467241,0.9854077,-0.1510655,0.02398466,17.53595,178.5152,8.437946,0.5290168,0.04364768,-0.8474877,-0.5760208,0.0005214973,0.09006077,1.047901,-0.2066482,-2.809046,-0.05297846,-0.007348776,1.086115,-0.9876978,0.139919,-0.06983017,0.154412,0.9432065,-0.2941401,0.02470848,-0.3013041,-0.9532081,moving,7.461753,21.46211,-2.792557,-0.3876638
943,05/08/2023 17:08:08.942500,1184,True,True,True,True,Eyes,1.074937,0.09733214,-1.860026,-0.1111589,-0.365591,-0.9241142,0.0,0.0,0.0,0.0,0.0,0.0,0.0,0.6450019,-0.7630779,-1.750542,0.8206114,0.09995878,-1.838292,0.07514518,0.9851601,-0.151343,0.03013527,17.62123,177.7973,8.382374,0.5254602,0.0438474,-0.8496872,-0.5755751,0.0005092959,0.08633547,1.04535,-0.2089893,-2.808971,-0.05058077,-0.005713403,1.086986,-0.9868902,0.1389385,-0.08212153,0.1571816,0.942897,-0.2936651,0.03663075,-0.3027231,-0.9523744,moving,6.858985,21.58436,-2.664224,-0.3011545
944,05/08/2023 17:08:08.962390,1185,True,True,True,True,Eyes,1.063576,0.09721079,-1.859564,-0.1015098,-0.3679838,-0.9242746,0.0,0.0,0.0,0.0,0.0,0.0,0.0,0.6098247,-0.7569163,-1.761103,0.8092397,0.09858517,-1.838941,0.07563066,0.9850604,-0.1503235,0.03659228,17.55916,177.0328,8.322477,0.5218755,0.04403634,-0.8518838,-0.5751418,0.0003324237,0.08267741,1.04279,-0.2113382,-2.808896,-0.04836351,-0.005721688,1.087562,-0.9858821,0.1380002,-0.09482934,0.1600029,0.9433658,-0.2906204,0.04935308,-0.3016905,-0.9521279,moving,6.267476,21.70911,-2.546246,-0.3014316
945,05/08/2023 17:08:08.972133,1186,True,True,True,True,Eyes,1.052199,0.09702146,-1.859141,-0.09175986,-0.3703598,-0.924345,0.0,0.0,0.0,0.0,0.0,0.0,0.0,0.5755762,-0.7519704,-1.769986,0.7977203,0.09681647,-1.839529,0.07542287,0.9848624,-0.1500641,0.04287659,17.58093,176.2819,8.183417,0.5182616,0.04421156,-0.8540782,-0.5747149,-5.156457e-05,0.07910115,1.040045,-0.2138572,-2.808815,-0.04704177,-0.0115321,1.088124,-0.9849464,0.1356938,-0.1070916,0.1614308,0.9435843,-0.2891172,0.06181855,-0.3020527,-0.9512851,moving,5.669187,21.83463,-2.475471,-0.6072066
946,05/08/2023 17:08:08.992271,1187,True,True,True,True,Eyes,1.040822,0.09676616,-1.85876,-0.08232351,-0.3727617,-0.9242681,0.0,0.0,0.0,0.0,0.0,0.0,0.0,0.5395823,-0.7502443,-1.777056,0.7858292,0.09502168,-1.839942,0.07577365,0.9844571,-0.1505688,0.04931461,17.69384,175.5283,8.106409,0.5146152,0.04437075,-0.856272,-0.5743633,-0.0006164731,0.07562501,1.037702,-0.2160079,-2.808746,-0.04635277,-0.009493887,1.088818,-0.9836531,0.1343413,-0.1199145,0.1640422,0.9431747,-0.2889836,0.07427793,-0.3039306,-0.9497945,moving,5.089839,21.96445,-2.437704,-0.4995747
947,05/08/2023 17:08:09.012143,1188,True,True,True,True,Eyes,1.029414,0.09645172,-1.858433,-0.07277083,-0.3750345,-0.9241502,0.0,0.0,0.0,0.0,0.0,0.0,0.0,0.5024856,-0.7483482,-1.784007,0.7737499,0.09331008,-1.840599,0.07722411,0.9839927,-0.1506361,0.05570973,17.76141,174.7965,8.161198,0.5109356,0.04451188,-0.8584654,-0.5740324,-0.00134539,0.07223013,1.035185,-0.218317,-2.808673,-0.04566199,-0.00906226,1.089709,-0.9818657,0.1351921,-0.1329014,0.1687597,0.9426904,-0.2878453,0.08637045,-0.3050539,-0.9484103,moving,4.50238,22.08808,-2.399456,-0.4764732
948,05/08/2023 17:08:09.022097,1189,True,True,True,True,Eyes,1.017953,0.0960761,-1.858152,-0.06330245,-0.377273,-0.9239361,0.0,0.0,0.0,0.0,0.0,0.0,0.0,0.4635383,-0.7419845,-1.792709,0.76146,0.09155548,-1.841469,0.078995,0.9836288,-0.1494181,0.06251734,17.68725,174.0125,8.250697,0.5072186,0.04463356,-0.8606605,-0.5738158,-0.002207977,0.06887837,1.032602,-0.2206878,-2.808597,-0.04509822,-0.0138633,1.090308,-0.979703,0.1367211,-0.1465943,0.174086,0.9428681,-0.2840668,0.09938113,-0.3038211,-0.9475318,moving,3.919431,22.21178,-2.368564,-0.7284778
949,05/08/2023 17:08:09.051787,1190,True,True,True,True,Eyes,1.006449,0.09566459,-1.857922,-0.05369514,-0.3794367,-0.9236583,0.0,0.0,0.0,0.0,0.0,0.0,0.0,0.423451,-0.7393386,-1.799062,0.7489075,0.08971645,-1.842185,0.08067214,0.9830263,-0.1494046,0.0694956,17.75515,173.2144,8.321856,0.5034592,0.04473448,-0.8628598,-0.5737678,-0.003202361,0.06558788,1.030052,-0.2230281,-2.808522,-0.04449785,-0.01834527,1.090841,-0.9773247,0.1378397,-0.1607376,0.1793716,0.9423406,-0.2825246,0.1125264,-0.3049499,-0.9456972,moving,3.327038,22.33274,-2.335928,-0.9634836
950,05/08/2023 17:08:09.062012,1191,True,True,True,True,Eyes,0.9948822,0.09520333,-1.857755,-0.04421921,-0.3815066,-0.9233078,0.0,0.0,0.0,0.0,0.0,0.0,0.0,0.3825312,-0.7357276,-1.805444,0.7362727,0.08828253,-1.843193,0.0826079,0.9824005,-0.148995,0.07658926,17.78218,172.4043,8.423199,0.4996533,0.0448148,-0.865065,-0.573856,-0.004244751,0.06234283,1.027409,-0.2254535,-2.808444,-0.04329717,-0.02670142,1.091114,-0.9746204,0.1394853,-0.1750989,0.1851309,0.9419529,-0.2800916,0.1258663,-0.3053992,-0.9438695,moving,2.741924,22.45019,-2.272397,-1.401846
951,05/08/2023 17:08:09.082091,1192,True,True,True,True,Eyes,0.9832422,0.09468876,-1.85764,-0.03452768,-0.383447,-0.9229172,0.0,0.0,0.0,0.0,0.0,0.0,0.0,0.338074,-0.7266599,-1.813742,0.7231793,0.08675326,-1.844308,0.0851166,0.9818346,-0.1470598,0.08443703,17.64694,171.505,8.588303,0.4957955,0.04487386,-0.8672788,-0.5741235,-0.005373863,0.05910365,1.024786,-0.2278604,-2.808368,-0.04269621,-0.03816774,1.090853,-0.9712514,0.1423063,-0.1908408,0.1919754,0.9422572,-0.2744028,0.1407719,-0.3031508,-0.942488,moving,2.142519,22.56155,-2.241424,-2.003898
952,05/08/2023 17:08:09.092155,1193,True,True,True,True,Eyes,0.9715279,0.09411717,-1.857577,-0.02498867,-0.3853183,-0.9224453,0.0,0.0,0.0,0.0,0.0,0.0,0.0,0.2917172,-0.717024,-1.821207,0.709609,0.08492734,-1.845335,0.08736914,0.9811535,-0.1452864,0.09271686,17.53556,170.5503,8.716554,0.49188,0.0449109,-0.8695035,-0.5745963,-0.006595131,0.05590218,1.022373,-0.2300756,-2.808297,-0.04207277,-0.04691359,1.090209,-0.9675404,0.1445041,-0.207326,0.1983861,0.942517,-0.2688954,0.1565518,-0.3012977,-0.9405909,moving,1.55174,22.67098,-2.210032,-2.464017
953,05/08/2023 17:08:09.112538,1194,True,True,True,True,Eyes,0.9597298,0.09349052,-1.85755,-0.0153125,-0.3872108,-0.921864,0.0,0.0,0.0,0.0,0.0,0.0,0.0,0.247983,-0.7108091,-1.825886,0.6959202,0.08302565,-1.846458,0.08873124,0.9803494,-0.1447831,0.1003983,17.55931,169.6581,8.741977,0.4879018,0.04492496,-0.8717412,-0.5752631,-0.007914182,0.05273724,1.019807,-0.2324302,-2.808222,-0.04293805,-0.05262363,1.089592,-0.9640939,0.1449033,-0.2225443,0.2030471,0.9423292,-0.2660591,0.1711572,-0.3016929,-0.9379161,moving,0.9516168,22.78388,-2.256713,-2.765045
954,05/08/2023 17:08:09.132337,1195,True,True,True,True,Eyes,0.9597298,0.09349052,-1.85755,-0.0153125,-0.3872108,-0.921864,0.0,0.0,0.0,0.0,0.0,0.0,0.0,0.2067731,-0.7073872,-1.827781,0.681971,0.08110313,-1.847233,0.08937742,0.9794633,-0.1453025,0.1074733,17.68889,168.8302,8.684319,0.4838557,0.04491527,-0.8739941,-0.5761418,-0.009319291,0.04965311,1.017218,-0.2348062,-2.808146,-0.04388484,-0.05398428,1.089037,-0.9609227,0.1438515,-0.2365059,0.2063161,0.9417977,-0.2654256,0.1845588,-0.3038483,-0.9346737,moving,0.9516168,22.78388,-2.307595,-2.837867
955,05/08/2023 17:08:09.142035,1196,True,True,True,True,Eyes,0.9597298,0.09349052,-1.85755,-0.0153125,-0.3872108,-0.921864,0.0,0.0,0.0,0.0,0.0,0.0,0.0,0.169918,-0.7047591,-1.82888,0.6684729,0.0797086,-1.848554,0.0893159,0.9786731,-0.1459818,0.1136273,17.8204,168.0988,8.556565,0.4807642,0.04489919,-0.8756992,-0.5415733,-0.008760133,0.04667392,1.014709,-0.2371082,-2.808072,-0.04523236,-0.05281702,1.088537,-0.958223,0.1416471,-0.2484849,0.2079971,0.941424,-0.2654395,0.1963309,-0.3060343,-0.9315563,moving,0.9516168,22.78388,-2.379462,-2.777875
956,05/08/2023 17:08:09.162166,1197,True,True,True,True,Eyes,0.9597298,0.09349052,-1.85755,-0.0153125,-0.3872108,-0.921864,0.0,0.0,0.0,0.0,0.0,0.0,0.0,0.1334093,-0.7149659,-1.824425,0.6552145,0.08064961,-1.849781,0.09204202,0.9773458,-0.1489737,0.1188704,18.24493,167.5388,8.751284,0.4784229,0.0448791,-0.8769816,-0.5090789,-0.008234525,0.04387349,1.012106,-0.2394975,-2.807996,-0.04570475,-0.05097365,1.087905,-0.9547962,0.1444966,-0.2597786,0.2153309,0.9386702,-0.2693155,0.2049312,-0.3130798,-0.9273534,moving,0.9516168,22.78388,-2.405678,-2.682624
957,05/08/2023 17:08:09.172290,1198,True,True,True,True,Eyes,0.9597298,0.09349052,-1.85755,-0.0153125,-0.3872108,-0.921864,0.0,0.0,0.0,0.0,0.0,0.0,0.0,0.07776618,-0.7020328,-1.829542,0.6416636,0.08110189,-1.851434,0.09737143,0.9760746,-0.1456198,0.1288113,18.02046,166.4314,9.232363,0.4764474,0.0448592,-0.8780574,-0.4785341,-0.007740453,0.04124108,1.009476,-0.2419106,-2.807919,-0.04685473,-0.04868656,1.087173,-0.9478531,0.1525686,-0.2798172,0.2275984,0.9386274,-0.2591865,0.2231003,-0.3093566,-0.9244053,moving,0.9516168,22.78388,-2.467793,-2.564147
958,05/08/2023 17:08:09.192418,1199,True,True,True,True,Eyes,0.9457353,0.09300406,-1.857795,-0.004528237,-0.3905551,-0.9205683,0.0,0.0,0.0,0.0,0.0,0.0,0.0,0.03018183,-0.7071993,-1.825399,0.6276947,0.08147393,-1.852696,0.1002475,0.9743638,-0.1478302,0.1367916,18.39142,165.5412,9.395559,0.4746675,0.04484109,-0.8790218,-0.4498221,-0.007276026,0.03876662,1.006952,-0.244227,-2.807845,-0.04953769,-0.04383847,1.086301,-0.942477,0.1549113,-0.2962087,0.235799,0.9361933,-0.2606548,0.2369302,-0.3155068,-0.9188687,moving,0.2818332,22.98929,-2.611004,-2.31096
959,05/08/2023 17:08:09.212347,1200,True,True,True,True,Eyes,0.9317712,0.09262791,-1.85813,0.006478506,-0.3935933,-0.9192618,0.0,0.0,0.0,0.0,0.0,0.0,0.0,-0.02265781,-0.7388101,-1.809619,0.6137521,0.08426704,-1.853991,0.1054853,0.9712608,-0.1565069,0.1450202,19.54902,164.6985,9.745472,0.4725345,0.04481508,-0.8801717,-0.4648161,-0.008298854,0.03570534,1.004379,-0.2465881,-2.807769,-0.05307406,-0.04174504,1.085258,-0.9356842,0.1595141,-0.3147234,0.2503008,0.9287569,-0.2734231,0.2486867,-0.3346131,-0.9089497,moving,-0.4037859,23.17879,-2.799793,-2.202827
960,05/08/2023 17:08:09.222182,1201,True,True,True,True,Eyes,0.9317712,0.09262791,-1.85813,0.006478506,-0.3935933,-0.9192618,0.0,0.0,0.0,0.0,0.0,0.0,0.0,-0.07413077,-0.7222956,-1.812945,0.6003281,0.08646318,-1.856368,0.1090254,0.9700851,-0.1524653,0.1542816,19.23538,163.6311,10.03257,0.4700785,0.04478684,-0.8814873,-0.4788195,-0.008929351,0.03256058,1.001783,-0.2489707,-2.807693,-0.0574775,-0.04279405,1.083484,-0.9286216,0.1644825,-0.3325778,0.2585729,0.9297357,-0.2621674,0.2660874,-0.3294498,-0.9059033,moving,-0.4037859,23.17879,-3.036626,-2.26182
961,05/08/2023 17:08:09.242153,1202,True,True,True,True,Eyes,0.9317712,0.09262791,-1.85813,0.006478506,-0.3935933,-0.9192618,0.0,0.0,0.0,0.0,0.0,0.0,0.0,-0.119935,-0.7139818,-1.810687,0.5863929,0.08742754,-1.857752,0.1095603,0.9688104,-0.1515378,0.1626019,19.22339,162.6325,9.94084,0.467865,0.04476114,-0.8826654,-0.4500903,-0.00839359,0.03060695,0.9992511,-0.2512945,-2.807619,-0.06230354,-0.04168248,1.081807,-0.9231145,0.1630057,-0.3482659,0.261567,0.9300657,-0.2579933,0.2818558,-0.3292522,-0.901194,moving,-0.4037859,23.17879,-3.296143,-2.206539
962,05/08/2023 17:08:09.262276,1203,True,True,True,True,Eyes,0.9168507,0.09246423,-1.858685,0.01804889,-0.3964059,-0.9178979,0.0,0.0,0.0,0.0,0.0,0.0,0.0,-0.159688,-0.7226089,-1.802201,0.5732208,0.08927409,-1.859849,0.1093858,0.967146,-0.1549112,0.1693099,19.67496,161.8317,9.72936,0.4658702,0.04473776,-0.883721,-0.4230849,-0.007889975,0.02877053,0.9967148,-0.2536221,-2.807544,-0.06777352,-0.03952196,1.079853,-0.918738,0.1591282,-0.361385,0.2640402,0.9280745,-0.2626033,0.2936046,-0.3366837,-0.8946735,moving,-1.126478,23.35772,-3.591275,-2.096055
963,05/08/2023 17:08:09.272208,1204,True,True,True,True,Eyes,0.9020259,0.09234182,-1.859296,0.02959893,-0.3989159,-0.9165096,0.0,0.0,0.0,0.0,0.0,0.0,0.0,-0.1926996,-0.7089561,-1.803479,0.560679,0.09167896,-1.862665,0.1087032,0.9667097,-0.1518564,0.1749159,19.36774,161.1267,9.582351,0.4634927,0.04472244,-0.884971,-0.4424613,-0.007907622,0.02537847,0.9936988,-0.2563899,-2.807456,-0.07259506,-0.03905329,1.078384,-0.915176,0.1570446,-0.3712003,0.263293,0.9302465,-0.2555743,0.3051712,-0.3316299,-0.8926881,moving,-1.84974,23.52135,-3.851247,-2.074039
964,05/08/2023 17:08:09.292465,1205,True,True,True,True,Eyes,0.8873582,0.09224042,-1.859921,0.04047412,-0.4012771,-0.9150621,0.0,0.0,0.0,0.0,0.0,0.0,0.0,-0.2247843,-0.6939137,-1.803748,0.548036,0.09250937,-1.864577,0.1086823,0.9662024,-0.1488272,0.1802541,19.07316,160.4683,9.523235,0.4607683,0.04471605,-0.8863929,-0.4603882,-0.007800404,0.02202292,0.9914915,-0.2584156,-2.807391,-0.07814085,-0.03930998,1.075904,-0.9113935,0.1563649,-0.3806737,0.2636717,0.9320772,-0.2484135,0.3159742,-0.3267753,-0.8907181,moving,-2.532599,23.67863,-4.153991,-2.092469
965,05/08/2023 17:08:09.312248,1206,True,True,True,True,Eyes,0.8727881,0.09219304,-1.860615,0.05121795,-0.4036599,-0.9134744,0.0,0.0,0.0,0.0,0.0,0.0,0.0,-0.25766,-0.6956315,-1.796631,0.5354854,0.09320831,-1.866211,0.1097086,0.96489,-0.1503729,0.1853085,19.32017,159.8803,9.514142,0.4577321,0.04471837,-0.8879645,-0.476768,-0.007636587,0.01882686,0.9890676,-0.26064,-2.80732,-0.08482662,-0.04255521,1.07316,-0.9072496,0.1559826,-0.3905991,0.2674441,0.9307041,-0.2495269,0.3246103,-0.3308466,-0.8860974,moving,-3.209179,23.8404,-4.519477,-2.270823
966,05/08/2023 17:08:09.322138,1207,True,True,True,True,Eyes,0.8583621,0.09217339,-1.861382,0.06160579,-0.4058146,-0.9118768,0.0,0.0,0.0,0.0,0.0,0.0,0.0,-0.2896109,-0.6964219,-1.790358,0.5231787,0.09448201,-1.868587,0.1112874,0.9636309,-0.1514247,0.1900033,19.51934,159.344,9.584791,0.4544125,0.04473078,-0.8896672,-0.4918722,-0.007320526,0.0156137,0.9862354,-0.2632391,-2.807237,-0.09161872,-0.04540682,1.070362,-0.9030278,0.1569376,-0.3998893,0.2720224,0.9293713,-0.2495451,0.3324827,-0.334125,-0.8819386,moving,-3.864992,23.99061,-4.892365,-2.429141
967,05/08/2023 17:08:09.342027,1208,True,True,True,True,Eyes,0.8440459,0.09217317,-1.862242,0.07189078,-0.4077382,-0.9102644,0.0,0.0,0.0,0.0,0.0,0.0,0.0,-0.3201088,-0.6852696,-1.789119,0.511237,0.09525281,-1.871517,0.1133134,0.9628327,-0.1492719,0.1945026,19.3615,158.8297,9.772441,0.45076,0.04475391,-0.8915222,-0.5056376,-0.006940236,0.01237483,0.9839088,-0.2653743,-2.807169,-0.09765396,-0.04535004,1.067588,-0.8986578,0.1601362,-0.408376,0.2762713,0.9297559,-0.2433682,0.340718,-0.3315273,-0.8797735,moving,-4.515728,24.12922,-5.226389,-2.432403
968,05/08/2023 17:08:09.362048,1209,True,True,True,True,Eyes,0.8299086,0.09218003,-1.863162,0.08181653,-0.4095271,-0.9086218,0.0,0.0,0.0,0.0,0.0,0.0,0.0,-0.3489112,-0.672398,-1.788521,0.499479,0.09568422,-1.874574,0.1149272,0.9621618,-0.1467577,0.1987431,19.15297,158.337,9.925297,0.4467055,0.04478834,-0.8935589,-0.518248,-0.00652447,0.009054918,0.9813941,-0.2676821,-2.807095,-0.101888,-0.04381606,1.065171,-0.894586,0.162823,-0.416179,0.2794913,0.9305078,-0.2367273,0.3487131,-0.3280914,-0.8779268,moving,-5.145302,24.26168,-5.463956,-2.355548
969,05/08/2023 17:08:09.372783,1210,True,True,True,True,Eyes,0.8159003,0.09218872,-1.86417,0.09168295,-0.411265,-0.9068933,0.0,0.0,0.0,0.0,0.0,0.0,0.0,-0.3775173,-0.6643701,-1.785812,0.4882782,0.09608131,-1.877601,0.1154862,0.961329,-0.145635,0.2032238,19.08348,157.7989,9.92259,0.4422942,0.044833,-0.8957484,-0.5295651,-0.006112438,0.005749662,0.9787151,-0.2701407,-2.807017,-0.1043703,-0.04485539,1.062845,-0.8907262,0.1628475,-0.4243676,0.2812335,0.9309068,-0.2330672,0.3570923,-0.3269454,-0.874981,moving,-5.77274,24.39371,-5.608406,-2.416627
970,05/08/2023 17:08:09.392231,1211,True,True,True,True,Eyes,0.8159003,0.09218872,-1.86417,0.09168295,-0.411265,-0.9068933,0.0,0.0,0.0,0.0,0.0,0.0,0.0,-0.4051677,-0.6592012,-1.782183,0.477241,0.09619285,-1.880923,0.1151858,0.9604688,-0.1453548,0.2076149,19.08958,157.2576,9.803675,0.4375635,0.04488657,-0.8980661,-0.539816,-0.005719607,0.002380224,0.9762601,-0.2723936,-2.806945,-0.1070368,-0.04722095,1.060091,-0.8872567,0.1609091,-0.4323009,0.2816204,0.9312084,-0.2313889,0.3653297,-0.3270461,-0.8715362,moving,-5.77274,24.39371,-5.765584,-2.550512
971,05/08/2023 17:08:09.412254,1212,True,True,True,True,Eyes,0.8159003,0.09218872,-1.86417,0.09168295,-0.411265,-0.9068933,0.0,0.0,0.0,0.0,0.0,0.0,0.0,-0.4301358,-0.6598384,-1.776524,0.46673,0.09578242,-1.883993,0.1136631,0.959563,-0.1467246,0.2116404,19.25022,156.7409,9.512836,0.4337905,0.04492817,-0.8998926,-0.507427,-0.00537643,0.002237411,0.9737157,-0.2747287,-2.80687,-0.10895,-0.0501011,1.057343,-0.8845783,0.156028,-0.4395188,0.2802394,0.9311052,-0.2334716,0.3728102,-0.3296943,-0.8673607,moving,-5.77274,24.39371,-5.883071,-2.712873
972,05/08/2023 17:08:09.432085,1213,True,True,True,True,Eyes,0.8159003,0.09218872,-1.86417,0.09168295,-0.411265,-0.9068933,0.0,0.0,0.0,0.0,0.0,0.0,0.0,-0.4556032,-0.6598383,-1.771209,0.4563298,0.09588441,-1.887514,0.1128254,0.9586176,-0.1477385,0.2156301,19.38453,156.2394,9.309613,0.4304913,0.04496381,-0.9014738,-0.4769814,-0.005053844,0.002103166,0.9710805,-0.277147,-2.806793,-0.1148357,-0.0472053,1.054834,-0.8815485,0.1525991,-0.4467508,0.2800265,0.9308876,-0.2345923,0.3800762,-0.3319065,-0.8633543,moving,-5.77274,24.39371,-6.213104,-2.562358
973,05/08/2023 17:08:09.441934,1214,True,True,True,True,Eyes,0.8159003,0.09218872,-1.86417,0.09168295,-0.411265,-0.9068933,0.0,0.0,0.0,0.0,0.0,0.0,0.0,-0.4816756,-0.6565484,-1.767042,0.4464267,0.09597688,-1.891295,0.1124025,0.9576957,-0.1478319,0.2198414,19.42529,155.716,9.170188,0.4275173,0.04499536,-0.9028865,-0.4483625,-0.004750614,0.001976976,0.968569,-0.2794518,-2.806719,-0.1158973,-0.06159091,1.052067,-0.8780709,0.1502957,-0.4543157,0.2802939,0.9310228,-0.2337345,0.387849,-0.3325774,-0.8596309,moving,-5.77274,24.39371,-6.286442,-3.350429
974,05/08/2023 17:08:09.462042,1215,True,True,True,True,Eyes,0.8159003,0.09218872,-1.86417,0.09168295,-0.411265,-0.9068933,0.0,0.0,0.0,0.0,0.0,0.0,0.0,-0.5105073,-0.6543084,-1.761446,0.4363226,0.09620826,-1.895203,0.112692,0.9565025,-0.1482735,0.2245411,19.52729,155.1462,9.095828,0.4248365,0.04502334,-0.9041495,-0.4214608,-0.004465577,0.001858357,0.9660077,-0.2818024,-2.806644,-0.11549,-0.08332998,1.047405,-0.8737637,0.1489934,-0.4629666,0.2821673,0.930631,-0.2330399,0.3961296,-0.3342558,-0.8551927,moving,-5.77274,24.39371,-6.292187,-4.548787
975,05/08/2023 17:08:09.472337,1216,True,True,True,True,Eyes,0.8159003,0.09218872,-1.86417,0.09168295,-0.411265,-0.9068933,0.0,0.0,0.0,0.0,0.0,0.0,0.0,-0.538244,-0.6556778,-1.754525,0.426397,0.09613676,-1.899189,0.1130128,0.9551941,-0.1497409,0.2289328,19.74337,154.6145,9.006073,0.4224207,0.04504818,-0.9052795,-0.3961731,-0.004197642,0.001746856,0.9633197,-0.2842692,-2.806565,-0.1184083,-0.06302983,1.048409,-0.8696362,0.147337,-0.4711957,0.2844594,0.9296116,-0.2343186,0.4035051,-0.3378079,-0.8503352,moving,-5.77274,24.39371,-6.443729,-3.440451
976,05/08/2023 17:08:09.492320,1217,True,True,True,True,Eyes,0.8159003,0.09218872,-1.86417,0.09168295,-0.411265,-0.9068933,0.0,0.0,0.0,0.0,0.0,0.0,0.0,-0.5644884,-0.663123,-1.745142,0.4163596,0.09622674,-1.902968,0.1133926,0.9537226,-0.1528075,0.2328198,20.13736,154.145,8.89284,0.420244,0.04507026,-0.9062909,-0.3724027,-0.003945784,0.001642045,0.9608925,-0.2864966,-2.806494,-0.1212426,-0.07323802,1.045032,-0.865874,0.145137,-0.4787454,0.2874434,0.927584,-0.2386718,0.4094365,-0.344272,-0.8448895,moving,-5.77274,24.39371,-6.617764,-4.008854
977,05/08/2023 17:08:09.514455,1218,True,True,True,True,Eyes,0.8159003,0.09218872,-1.86417,0.09168295,-0.411265,-0.9068933,0.0,0.0,0.0,0.0,0.0,0.0,0.0,-0.587856,-0.670542,-1.736934,0.4067902,0.09675877,-1.907171,0.1138773,0.9524308,-0.1556234,0.2359848,20.4988,153.7642,8.81067,0.418283,0.04508992,-0.9071967,-0.3500586,-0.003709037,0.001543522,0.9582694,-0.288904,-2.806417,-0.1240423,-0.08367649,1.04319,-0.8626863,0.1434711,-0.4849623,0.2903701,0.9256266,-0.2426944,0.4140744,-0.3501877,-0.8401852,moving,-5.77274,24.39371,-6.781016,-4.585998
978,05/08/2023 17:08:09.522119,1219,True,True,True,True,Eyes,0.7991861,0.09222335,-1.866368,0.1032922,-0.4144712,-0.9041816,0.0,0.0,0.0,0.0,0.0,0.0,0.0,-0.6131557,-0.6710237,-1.730491,0.3971812,0.09745468,-1.911434,0.1152513,0.951205,-0.1566405,0.2395627,20.68404,153.3491,8.866929,0.4165163,0.04510742,-0.9080082,-0.329055,-0.003486495,0.001450911,0.9556622,-0.2912966,-2.806341,-0.1230396,-0.06841674,1.044255,-0.858654,0.1442047,-0.4918524,0.2943055,0.9243618,-0.2427746,0.4196403,-0.3532142,-0.8361473,moving,-6.517126,24.62643,-6.719911,-3.748507
979,05/08/2023 17:08:09.542013,1220,True,True,True,True,Eyes,0.782761,0.09228456,-1.868664,0.1146998,-0.4175738,-0.9013745,0.0,0.0,0.0,0.0,0.0,0.0,0.0,-0.6388998,-0.6686553,-1.725203,0.3877977,0.09834663,-1.916131,0.116248,0.9500806,-0.1568187,0.2433952,20.76705,152.8943,8.893382,0.4141995,0.04513572,-0.909066,-0.3594546,-0.003173414,-0.005230087,0.953106,-0.2936424,-2.806266,-0.122633,-0.07014489,1.043958,-0.8544905,0.1445521,-0.4989498,0.2972278,0.9237885,-0.2413925,0.4260303,-0.3545693,-0.8323335,moving,-7.251907,24.85657,-6.69979,-3.844001
980,05/08/2023 17:08:09.562156,1221,True,True,True,True,Eyes,0.7666436,0.09236918,-1.871054,0.1258941,-0.4204677,-0.8985308,0.0,0.0,0.0,0.0,0.0,0.0,0.0,-0.664379,-0.6660294,-1.719765,0.3782907,0.09905244,-1.920852,0.1168593,0.9489886,-0.1569752,0.2472313,20.83746,152.4306,8.874352,0.411393,0.0451744,-0.9103376,-0.3871625,-0.002799389,-0.01180241,0.9505571,-0.2959816,-2.806191,-0.1236497,-0.07302505,1.043551,-0.8504412,0.144178,-0.5059275,0.2994148,0.9234053,-0.2401529,0.4325514,-0.355718,-0.8284709,moving,-7.975848,25.07725,-6.757435,-4.002888
981,05/08/2023 17:08:09.582241,1222,True,True,True,True,Eyes,0.7508036,0.09247784,-1.873546,0.1369518,-0.4232742,-0.8955909,0.0,0.0,0.0,0.0,0.0,0.0,0.0,-0.6896417,-0.6613097,-1.71527,0.3691562,0.09973974,-1.92584,0.117003,0.9480016,-0.1565091,0.2512137,20.82576,151.939,8.813203,0.4081516,0.04522293,-0.9117931,-0.4122848,-0.002377577,-0.01826434,0.9479202,-0.2984015,-2.806113,-0.1240889,-0.0697042,1.044415,-0.8464041,0.1432035,-0.5129262,0.3004724,0.9236304,-0.2379562,0.439678,-0.3555272,-0.8247933,moving,-8.694195,25.29636,-6.775659,-3.818257
982,05/08/2023 17:08:09.592304,1223,True,True,True,True,Eyes,0.7351596,0.09262161,-1.876209,0.1480603,-0.4259279,-0.8925601,0.0,0.0,0.0,0.0,0.0,0.0,0.0,-0.7170616,-0.6582363,-1.70895,0.3599482,0.1004248,-1.930884,0.1173534,0.9467481,-0.1566048,0.255678,20.88785,151.3904,8.750094,0.4045238,0.04528083,-0.9134055,-0.4350677,-0.001908945,-0.02464433,0.9448004,-0.3012646,-2.806022,-0.1243469,-0.07496908,1.044872,-0.8417139,0.1421273,-0.5208815,0.3022889,0.9234062,-0.2365212,0.4473691,-0.3565399,-0.8202074,moving,-9.418615,25.51039,-6.78667,-4.103914
983,05/08/2023 17:08:09.612613,1224,True,True,True,True,Eyes,0.7197776,0.09276783,-1.878992,0.1590821,-0.4284026,-0.8894741,0.0,0.0,0.0,0.0,0.0,0.0,0.0,-0.7450881,-0.6498829,-1.704634,0.351013,0.1010355,-1.936457,0.1170247,0.9456881,-0.1552158,0.260552,20.76608,150.7784,8.639242,0.4005487,0.04534815,-0.9151523,-0.4558956,-0.001363087,-0.03115579,0.9428851,-0.3030223,-2.805966,-0.1242193,-0.08394158,1.044382,-0.8368359,0.1404541,-0.52913,0.3022213,0.9244266,-0.2325895,0.4564737,-0.3545535,-0.8160415,moving,-10.14012,25.71713,-6.782921,-4.595236
984,05/08/2023 17:08:09.622250,1225,True,True,True,True,Eyes,0.3395002,0.09656522,-1.953143,0.429267,-0.4710726,-0.7705975,0.0,0.0,0.0,0.0,0.0,0.0,0.0,-0.7727804,-0.6415143,-1.700145,0.341874,0.101218,-1.942189,0.116847,0.9446111,-0.1539452,0.26525,20.66014,150.1911,8.548186,0.3962657,0.04542333,-0.9170113,-0.4746879,-0.0008426261,-0.03763527,0.9403267,-0.3053702,-2.805891,-0.1240305,-0.08641121,1.044408,-0.8319787,0.139082,-0.5370921,0.3024178,0.9252954,-0.2288494,0.46514,-0.352824,-0.8118869,moving,-29.12032,31.43779,-6.772538,-4.729709
985,05/08/2023 17:08:09.642242,1226,True,True,True,True,Eyes,0.339139,0.0965414,-1.953379,0.429584,-0.4709971,-0.7704669,0.0,0.0,0.0,0.0,0.0,0.0,0.0,-0.7997383,-0.633184,-1.695832,0.3329576,0.1011203,-1.948143,0.1164935,0.9435622,-0.1526937,0.2698228,20.54955,149.6157,8.440186,0.2639364,0.04753807,-0.9633676,-1.587039,0.01060008,-0.2578295,0.937773,-0.3077137,-2.805816,-0.1244779,-0.08236361,1.045805,-0.8272502,0.1374373,-0.5447649,0.3022383,0.9262278,-0.2252869,0.4736135,-0.3510173,-0.807761,moving,-29.14243,31.43802,-6.787746,-4.503101
986,05/08/2023 17:08:09.662052,1227,True,True,True,True,Eyes,0.3384243,0.09647828,-1.953857,0.4301375,-0.4710776,-0.7701088,0.0,0.0,0.0,0.0,0.0,0.0,0.0,-0.8247392,-0.6248652,-1.691993,0.323869,0.1005005,-1.954099,0.11569,0.9426701,-0.1514632,0.2739484,20.42285,149.0872,8.290511,0.1556307,0.04855214,-0.9866211,-1.491816,0.009964073,-0.2423598,0.935192,-0.3100824,-2.80574,-0.121714,-0.08924773,1.046205,-0.8231362,0.1351288,-0.5515315,0.3011011,0.9273495,-0.2221734,0.4814404,-0.3489458,-0.8040222,moving,-29.18516,31.45424,-6.63588,-4.875879
987,05/08/2023 17:08:09.672496,1228,True,True,True,True,Eyes,0.3373818,0.09638664,-1.954565,0.4308347,-0.4712342,-0.7696232,0.0,0.0,0.0,0.0,0.0,0.0,0.0,-0.8471977,-0.6226906,-1.68707,0.3149179,0.09947185,-1.960261,0.1151987,0.9416984,-0.1519007,0.2772358,20.48509,148.6656,8.146279,0.07217463,0.048925,-0.9961911,-1.402307,0.009366228,-0.2278182,0.932531,-0.3125243,-2.805662,-0.1187786,-0.09107521,1.047622,-0.8197396,0.1327402,-0.5571424,0.3011894,0.9273109,-0.222215,0.4871475,-0.3499638,-0.8001333,moving,-29.24008,31.47881,-6.468534,-4.968529
988,05/08/2023 17:08:09.692308,1229,True,True,True,True,Eyes,0.3360201,0.09624851,-1.955513,0.4318009,-0.4714749,-0.768934,0.0,0.0,0.0,0.0,0.0,0.0,0.0,-0.8685174,-0.6219842,-1.682101,0.3059807,0.09870983,-1.96654,0.1154958,0.9407106,-0.15272,0.2800017,20.61022,148.3227,8.093169,0.0114993,0.04897754,-0.9987334,-1.318169,0.008804254,-0.2141491,0.9300977,-0.3147574,-2.805591,-0.1161988,-0.08971357,1.049005,-0.8165198,0.1317726,-0.5620782,0.3028201,0.9266746,-0.2226526,0.4915241,-0.3520087,-0.7965516,moving,-29.31673,31.51471,-6.320916,-4.888187
989,05/08/2023 17:08:09.712360,1230,True,True,True,True,Eyes,0.3343646,0.09604245,-1.956702,0.432979,-0.47162,-0.7681821,0.0,0.0,0.0,0.0,0.0,0.0,0.0,-0.892189,-0.6122577,-1.679273,0.2972896,0.09741847,-1.973055,0.1165361,0.9397644,-0.1514527,0.2834156,20.53112,147.9185,8.17623,-0.02990801,0.0489035,-0.9983553,-1.239079,0.008275999,-0.2013002,0.9275377,-0.3171068,-2.805516,-0.113504,-0.09534922,1.049957,-0.8121899,0.1331849,-0.5679872,0.3048811,0.9269629,-0.2186034,0.4973883,-0.350716,-0.7934754,moving,-29.4074,31.54755,-6.169914,-5.188941
990,05/08/2023 17:08:09.721941,1231,True,True,True,True,Eyes,0.3324251,0.09575406,-1.958127,0.4342875,-0.4719048,-0.767268,0.0,0.0,0.0,0.0,0.0,0.0,0.0,-0.9157991,-0.6008684,-1.677284,0.2885412,0.09556402,-1.980057,0.1169261,0.938922,-0.1497766,0.2869162,20.38662,147.4918,8.195505,-0.05589704,0.04880138,-0.9972429,-1.164734,0.007779439,-0.1892221,0.9248642,-0.3195603,-2.805437,-0.1089884,-0.09903672,1.05125,-0.8080148,0.1336224,-0.5738094,0.3055157,0.9277905,-0.2141611,0.5037582,-0.3483531,-0.7904921,moving,-29.51064,31.59342,-5.919001,-5.38187
991,05/08/2023 17:08:09.742105,1232,True,True,True,True,Eyes,0.3302152,0.09537254,-1.959788,0.435754,-0.4720799,-0.7663282,0.0,0.0,0.0,0.0,0.0,0.0,0.0,-0.9376763,-0.5944591,-1.674299,0.2797585,0.09332461,-1.987189,0.1172296,0.9380283,-0.149449,0.2898712,20.38568,147.1277,8.174767,-0.07001282,0.04870972,-0.9963558,-1.09485,0.007312673,-0.1778688,0.9223383,-0.3218783,-2.805363,-0.1033028,-0.1034155,1.052646,-0.8044641,0.1332874,-0.5788544,0.3065712,0.9278445,-0.2124119,0.5087749,-0.3483377,-0.7872796,moving,-29.62368,31.63425,-5.604847,-5.610924
992,05/08/2023 17:08:09.762015,1233,True,True,True,True,Eyes,0.3277,0.09488321,-1.9617,0.4373731,-0.4725199,-0.7651338,0.0,0.0,0.0,0.0,0.0,0.0,0.0,-0.9590586,-0.582104,-1.673682,0.2710214,0.09068801,-1.994536,0.1176281,0.9373683,-0.1476385,0.2927576,20.22187,146.7782,8.214782,-0.07523882,0.04863459,-0.9959786,-1.029159,0.006873912,-0.1671967,0.9198363,-0.3241745,-2.80529,-0.09904718,-0.112091,1.052651,-0.8009131,0.134077,-0.5835763,0.3069662,0.9287331,-0.2079103,0.5141106,-0.3456563,-0.7849917,moving,-29.75356,31.69803,-5.375311,-6.078209
993,05/08/2023 17:08:09.772402,1234,True,True,True,True,Eyes,0.3249379,0.09427449,-1.963835,0.4391221,-0.4729963,-0.7638366,0.0,0.0,0.0,0.0,0.0,0.0,0.0,-0.9802334,-0.5704437,-1.672405,0.2622814,0.08743558,-2.00169,0.1177965,0.9366649,-0.1461555,0.2956713,20.08755,146.4199,8.21794,-0.07396973,0.04856695,-0.9960769,-0.9674096,0.006461477,-0.1571649,0.9168032,-0.3269579,-2.805201,-0.09526737,-0.1175881,1.053199,-0.7974052,0.1342437,-0.588323,0.3070996,0.9295251,-0.2041394,0.5194566,-0.3434555,-0.7824343,moving,-29.89417,31.76735,-5.168636,-6.370604
994,05/08/2023 17:08:09.793092,1235,True,True,True,True,Eyes,0.3219234,0.09356516,-1.966212,0.441011,-0.4738675,-0.7622066,0.0,0.0,0.0,0.0,0.0,0.0,0.0,-1.002672,-0.5658005,-1.668156,0.2535563,0.08397145,-2.009199,0.1179041,0.9355949,-0.1466055,0.2987771,20.16842,146.03,8.146523,-0.06807485,0.04849271,-0.9965008,-0.909365,0.006073789,-0.147735,0.9147143,-0.3288749,-2.80514,-0.09238458,-0.1214847,1.053306,-0.793662,0.1330162,-0.5936394,0.3082256,0.9292109,-0.2038726,0.5244979,-0.3447808,-0.7784784,moving,-30.05357,31.86942,-5.012537,-6.579229
995,05/08/2023 17:08:09.812466,1236,True,True,True,True,Eyes,0.3186943,0.09279232,-1.968831,0.4430227,-0.4747079,-0.7605152,0.0,0.0,0.0,0.0,0.0,0.0,0.0,-1.026173,-0.5644879,-1.662304,0.245012,0.08081166,-2.01702,0.1185532,0.9342631,-0.1479864,0.3019899,20.37238,145.6327,8.103153,-0.05899586,0.04839902,-0.9970841,-0.8548031,0.005709361,-0.1388709,0.912072,-0.3312999,-2.805062,-0.08782262,-0.1248114,1.053639,-0.7894947,0.132139,-0.5993644,0.3109005,0.9280904,-0.2049127,0.5291873,-0.3481202,-0.7738044,moving,-30.22207,31.9721,-4.764688,-6.755631
996,05/08/2023 17:08:09.822431,1237,True,True,True,True,Eyes,0.3152471,0.09193961,-1.971705,0.4452447,-0.4755985,-0.7586589,0.0,0.0,0.0,0.0,0.0,0.0,0.0,-1.049366,-0.5588512,-1.658594,0.2365779,0.0783711,-2.025415,0.1189781,0.9331833,-0.1479584,0.3051582,20.41142,145.241,8.081532,-0.04783349,0.04827701,-0.9976878,-0.8035149,0.005366799,-0.1305386,0.9094855,-0.3336735,-2.804986,-0.08275349,-0.1253471,1.054429,-0.7854456,0.1317553,-0.6047447,0.3123581,0.927905,-0.2035303,0.5343295,-0.3487588,-0.7699737,moving,-30.40799,32.08334,-4.48748,-6.779325
997,05/08/2023 17:08:09.842755,1238,True,True,True,True,Eyes,0.3115981,0.09100547,-1.97482,0.4475456,-0.4764018,-0.7567986,0.0,0.0,0.0,0.0,0.0,0.0,0.0,-1.070951,-0.5454791,-1.658704,0.228249,0.07568114,-2.034197,0.119201,0.9325455,-0.1458363,0.3080289,20.20821,144.8907,8.115374,-0.03542435,0.04811947,-0.998213,-0.755304,0.005044791,-0.1227063,0.9070904,-0.3358715,-2.804916,-0.07840887,-0.1224093,1.055763,-0.7818188,0.1324772,-0.6092697,0.3121643,0.9290458,-0.1985632,0.5397344,-0.3454326,-0.7677001,moving,-30.59866,32.19026,-4.247417,-6.613571
998,05/08/2023 17:08:09.862291,1239,True,True,True,True,Eyes,0.3077243,0.09001148,-1.978198,0.450014,-0.4774703,-0.7546586,0.0,0.0,0.0,0.0,0.0,0.0,0.0,-1.093373,-0.5335063,-1.657687,0.2197197,0.07278001,-2.043146,0.1204697,0.931672,-0.1444254,0.3108306,20.1211,144.5655,8.2474,-0.02239862,0.04792152,-0.9985997,-0.7099857,0.004742104,-0.1153439,0.904541,-0.3382111,-2.804842,-0.07495084,-0.1205782,1.056834,-0.7777428,0.1346927,-0.6139821,0.3142601,0.9292567,-0.1942229,0.5443866,-0.3440056,-0.7650514,moving,-30.80825,32.32142,-4.056634,-6.508949
999,05/08/2023 17:08:09.872342,1240,True,True,True,True,Eyes,0.3036757,0.0889716,-1.981805,0.4524908,-0.4786261,-0.7524421,0.0,0.0,0.0,0.0,0.0,0.0,0.0,-1.115645,-0.5301751,-1.653847,0.2112935,0.07025602,-2.052164,0.1219127,0.9304946,-0.1452246,0.313412,20.28434,144.2628,8.327423,-0.009228813,0.04768125,-0.9988197,-0.6673866,0.004457578,-0.1084233,0.9017093,-0.3408099,-2.804758,-0.07103953,-0.123485,1.057299,-0.7738206,0.135848,-0.6186658,0.3179086,0.9280941,-0.1938436,0.5478469,-0.3466793,-0.7613657,moving,-31.02114,32.46032,-3.843904,-6.661557
1000,05/08/2023 17:08:09.892349,1241,True,True,True,True,Eyes,0.2994547,0.08794281,-1.985689,0.4550816,-0.4800658,-0.7499584,0.0,0.0,0.0,0.0,0.0,0.0,0.0,-1.139141,-0.527431,-1.648933,0.2030175,0.06814072,-2.061297,0.1238322,0.9291248,-0.1462605,0.3162288,20.49387,143.9377,8.447628,0.003738838,0.0473989,-0.9988688,-0.6273434,0.004190123,-0.1019179,0.8994067,-0.342923,-2.804691,-0.06698859,-0.1253987,1.057735,-0.76933,0.1376076,-0.6238555,0.3226148,0.9265469,-0.1934699,0.5514085,-0.3501072,-0.7572146,moving,-31.24976,32.62425,-3.623822,-6.761083
1001,05/08/2023 17:08:09.912073,1242,True,True,True,True,Eyes,0.2951101,0.08699421,-1.989842,0.4575742,-0.481706,-0.7473856,0.0,0.0,0.0,0.0,0.0,0.0,0.0,-1.164688,-0.5236655,-1.643672,0.1952016,0.06683446,-2.071186,0.1263714,0.9275526,-0.1470447,0.3194596,20.70305,143.572,8.637384,0.01625349,0.04707832,-0.9987587,-0.5897028,0.003938716,-0.09580284,0.8967833,-0.3453305,-2.804614,-0.06124918,-0.1274332,1.05819,-0.7639517,0.1404826,-0.6297956,0.328382,0.9248163,-0.1920424,0.5554665,-0.3535246,-0.7526469,moving,-31.47635,32.80265,-3.312644,-6.866808
1002,05/08/2023 17:08:09.922240,1243,True,True,True,True,Eyes,0.2906399,0.08613899,-1.99431,0.4605045,-0.4832656,-0.7445737,0.0,0.0,0.0,0.0,0.0,0.0,0.0,-1.190969,-0.5278122,-1.636361,0.1879766,0.06834966,-2.081986,0.1314756,0.9254724,-0.1498217,0.3221312,21.22408,143.3182,9.0626,0.02814057,0.04672702,-0.998511,-0.5543206,0.003702393,-0.09005467,0.8942084,-0.3476935,-2.804538,-0.05674798,-0.1293141,1.058443,-0.7578913,0.1468296,-0.6356428,0.3398786,0.9205352,-0.1926069,0.5568513,-0.3620165,-0.7475699,moving,-31.736,32.98559,-3.068951,-6.965527
1003,05/08/2023 17:08:09.942376,1244,True,True,True,True,Eyes,0.2860379,0.08528503,-1.999032,0.4636341,-0.4847182,-0.7416816,0.0,0.0,0.0,0.0,0.0,0.0,0.0,-1.228046,-0.5025911,-1.630858,0.1810024,0.06958896,-2.093511,0.1358307,0.9233052,-0.1455317,0.3284482,20.97539,142.6114,9.569468,0.03928208,0.04635274,-0.9981522,-0.5210614,0.00348025,-0.08465139,0.891693,-0.3500019,-2.804465,-0.05332312,-0.1293627,1.058975,-0.7473437,0.155227,-0.6460511,0.3464255,0.9207411,-0.1795136,0.5669805,-0.357967,-0.7418846,moving,-32.00999,33.1662,-2.882609,-6.964651
1004,05/08/2023 17:08:09.962171,1245,True,True,True,True,Eyes,0.2813014,0.08450343,-2.003963,0.466645,-0.4870583,-0.7382524,0.0,0.0,0.0,0.0,0.0,0.0,0.0,-1.258119,-0.4915686,-1.624322,0.173147,0.06875396,-2.104332,0.1361992,0.9217138,-0.1441502,0.333338,20.88732,141.9988,9.54792,0.04954229,0.04595834,-0.9977138,-0.4897977,0.003271434,-0.07957231,0.8890175,-0.3524573,-2.804386,-0.04934292,-0.1321551,1.05924,-0.7406714,0.1549719,-0.6537507,0.3471749,0.921341,-0.1749298,0.5752181,-0.3565313,-0.7362132,moving,-32.29674,33.41463,-2.6671,-7.111705
1005,05/08/2023 17:08:09.972440,1246,True,True,True,True,Eyes,0.2764931,0.0838384,-2.009142,0.4697168,-0.4894394,-0.7347212,0.0,0.0,0.0,0.0,0.0,0.0,0.0,-1.285988,-0.5250487,-1.604325,0.1651129,0.06994107,-2.114509,0.1409458,0.9183625,-0.1548702,0.3357975,22.27871,141.7317,9.63448,0.05850681,0.0455509,-0.9972471,-0.4604099,0.003075148,-0.07479797,0.8864318,-0.3548303,-2.80431,-0.04534173,-0.1329111,1.059688,-0.7347487,0.1548686,-0.6604242,0.3628887,0.912299,-0.1897954,0.573111,-0.3791124,-0.7265106,moving,-32.59131,33.66983,-2.450068,-7.148979
1006,05/08/2023 17:08:09.992185,1247,True,True,True,True,Eyes,0.2715743,0.08324204,-2.014536,0.473137,-0.4918284,-0.7309214,0.0,0.0,0.0,0.0,0.0,0.0,0.0,-1.317614,-0.5197994,-1.594512,0.1585129,0.0720901,-2.125663,0.1442038,0.9160567,-0.1551739,0.3405386,22.48924,141.184,9.878484,0.06630169,0.04513827,-0.9967779,-0.4327853,0.002890639,-0.07031009,0.8839428,-0.3571144,-2.804237,-0.04161717,-0.1316829,1.060588,-0.7264773,0.1585123,-0.6686587,0.3698831,0.9102527,-0.1860821,0.579152,-0.38251,-0.719909,moving,-32.91562,33.93614,-2.247117,-7.077639
1007,05/08/2023 17:08:10.012492,1248,True,True,True,True,Eyes,0.2665589,0.08272461,-2.020096,0.4764621,-0.4947866,-0.7267531,0.0,0.0,0.0,0.0,0.0,0.0,0.0,-1.346623,-0.5171645,-1.584063,0.1513108,0.0730776,-2.135854,0.1441625,0.9142403,-0.1554662,0.3452713,22.57033,140.5694,9.741403,0.07303896,0.04472503,-0.9963255,-0.4068182,0.002717201,-0.06609148,0.8814153,-0.3594339,-2.804163,-0.03886124,-0.1312702,1.061265,-0.7200098,0.1562423,-0.6761466,0.3709544,0.9100949,-0.1847166,0.5864969,-0.3838173,-0.713236,moving,-33.249,34.24774,-2.097111,-7.051224
1008,05/08/2023 17:08:10.032223,1249,True,True,True,True,Eyes,0.2614432,0.08229414,-2.025848,0.4799379,-0.4980051,-0.7222538,0.0,0.0,0.0,0.0,0.0,0.0,0.0,-1.377796,-0.5450835,-1.560067,0.1440118,0.07457004,-2.145448,0.1460187,0.91075,-0.1642621,0.3496155,23.65973,139.9922,9.49628,0.07882056,0.04431564,-0.9959031,-0.3824091,0.002554169,-0.06212599,0.8788012,-0.3618329,-2.804087,-0.03583293,-0.1336101,1.061522,-0.7128951,0.1511158,-0.6847953,0.3808301,0.903393,-0.1971026,0.588854,-0.4013042,-0.701574,moving,-33.60405,34.58686,-1.933354,-7.173902
1009,05/08/2023 17:08:10.042208,1250,True,True,True,True,Eyes,0.2562528,0.0819146,-2.031739,0.4834638,-0.5012438,-0.7176471,0.0,0.0,0.0,0.0,0.0,0.0,0.0,-1.406018,-0.555606,-1.544081,0.1371112,0.07616802,-2.155265,0.1458377,0.9084324,-0.167757,0.3540333,24.08269,139.3859,9.213959,0.08373787,0.04391434,-0.9955195,-0.3594645,0.002400919,-0.05839843,0.8762763,-0.36415,-2.804013,-0.03243955,-0.1331105,1.062337,-0.7067838,0.1461843,-0.6921612,0.3837506,0.9011779,-0.2015291,0.5943,-0.4080547,-0.6930362,moving,-33.96732,34.93255,-1.749042,-7.141921
1010,05/08/2023 17:08:10.065309,1251,True,True,True,True,Eyes,0.2509643,0.08159883,-2.037788,0.4870106,-0.50461,-0.7128741,0.0,0.0,0.0,0.0,0.0,0.0,0.0,-1.431524,-0.5601685,-1.531324,0.1299945,0.07710131,-2.164523,0.1456141,0.9065679,-0.1697727,0.3579226,24.33419,138.8543,8.996856,0.08787503,0.0435231,-0.99518,-0.3378966,0.002256864,-0.05489452,0.8736997,-0.3665146,-2.803937,-0.0291513,-0.133859,1.06301,-0.701376,0.142487,-0.6984047,0.385549,0.8999475,-0.2035839,0.5995195,-0.4120581,-0.6861373,moving,-34.33952,35.29288,-1.570849,-7.177168
1011,05/08/2023 17:08:10.072092,1252,True,True,True,True,Eyes,0.2456173,0.08132933,-2.043988,0.4906596,-0.5077917,-0.7080965,0.0,0.0,0.0,0.0,0.0,0.0,0.0,-1.458328,-0.5634941,-1.517434,0.1228836,0.07824341,-2.173851,0.1477157,0.9042581,-0.1723135,0.3616706,24.73869,138.3844,9.027272,0.09130637,0.0431442,-0.9948875,-0.3176228,0.002121452,-0.05160085,0.8707237,-0.3692458,-2.80385,-0.02507451,-0.1380426,1.063363,-0.6947491,0.1425048,-0.7049938,0.3917876,0.8969763,-0.2047828,0.6031802,-0.4184805,-0.6790051,moving,-34.71916,35.64515,-1.350807,-7.396604
1012,05/08/2023 17:08:10.092590,1253,True,True,True,True,Eyes,0.2402185,0.08109032,-2.050301,0.4944696,-0.5107892,-0.703274,0.0,0.0,0.0,0.0,0.0,0.0,0.0,-1.487216,-0.5488222,-1.508331,0.1160309,0.0790595,-2.183659,0.1495178,0.9024101,-0.1703513,0.3664437,24.64742,137.8083,9.180195,0.09410074,0.04277875,-0.9946429,-0.2985655,0.001994165,-0.0485048,0.8684984,-0.3712879,-2.803784,-0.02094536,-0.1407464,1.06384,-0.6867269,0.1450045,-0.712306,0.3947011,0.8972498,-0.1978736,0.6104238,-0.4170331,-0.6733989,moving,-35.11093,35.99097,-1.127919,-7.536483
1013,05/08/2023 17:08:10.112271,1254,True,True,True,True,Eyes,0.234754,0.08085883,-2.056726,0.4982478,-0.5137876,-0.6984063,0.0,0.0,0.0,0.0,0.0,0.0,0.0,-1.51255,-0.5385087,-1.500001,0.1089719,0.07959482,-2.193077,0.150372,0.9008926,-0.1690977,0.3703879,24.58669,137.3145,9.218471,0.09632058,0.04242699,-0.9944454,-0.2806515,0.001874515,-0.04559451,0.8655422,-0.3740008,-2.803698,-0.01672807,-0.1415457,1.064724,-0.6804026,0.1456746,-0.7182143,0.3962015,0.8975885,-0.1932857,0.6165041,-0.4160696,-0.668438,moving,-35.50432,36.34032,-0.9001102,-7.572569
1014,05/08/2023 17:08:10.122248,1255,True,True,True,True,Eyes,0.2292095,0.08064519,-2.063267,0.5022269,-0.516669,-0.6934127,0.0,0.0,0.0,0.0,0.0,0.0,0.0,-1.536684,-0.5362508,-1.489141,0.1018783,0.07957119,-2.202223,0.151639,0.8990706,-0.1701701,0.3737914,24.79371,136.8802,9.219707,0.09802164,0.04208795,-0.9942937,-0.2638125,0.001762044,-0.04285884,0.8632053,-0.3761455,-2.803629,-0.01373464,-0.1393921,1.066301,-0.6745713,0.1454522,-0.7237386,0.3998846,0.8960955,-0.192627,0.6205208,-0.4193525,-0.6626445,moving,-35.91517,36.69017,-0.7379656,-7.447755
1015,05/08/2023 17:08:10.142137,1256,True,True,True,True,Eyes,0.2236101,0.08044647,-2.069904,0.5061504,-0.5195618,-0.6883801,0.0,0.0,0.0,0.0,0.0,0.0,0.0,-1.560801,-0.5327469,-1.477984,0.0947656,0.07969774,-2.211113,0.1526083,0.8972931,-0.1708404,0.3773455,24.94575,136.4216,9.198175,0.09925286,0.04176128,-0.9941852,-0.2479837,0.001656322,-0.04028731,0.8608654,-0.3782929,-2.80356,-0.01192477,-0.1376601,1.067579,-0.6686423,0.144937,-0.7293221,0.4028004,0.8950486,-0.1914158,0.6250355,-0.4217599,-0.6568481,moving,-36.32621,37.04404,-0.6399627,-7.34752
1016,05/08/2023 17:08:10.162245,1257,True,True,True,True,Eyes,0.2179484,0.08027869,-2.076626,0.5100764,-0.5225587,-0.6831943,0.0,0.0,0.0,0.0,0.0,0.0,0.0,-1.582492,-0.5344734,-1.467268,0.08780136,0.07989598,-2.220073,0.153032,0.8956918,-0.172454,0.3802332,25.17008,136.0298,9.090553,0.1000597,0.04144665,-0.9941175,-0.2331047,0.001556942,-0.03787007,0.8582601,-0.3806837,-2.803484,-0.01277657,-0.1324708,1.070464,-0.664008,0.1429935,-0.7339253,0.4052843,0.8936817,-0.1925555,0.6283614,-0.4253068,-0.6513648,moving,-36.74521,37.4115,-0.6838235,-7.054533
1017,05/08/2023 17:08:10.172297,1258,True,True,True,True,Eyes,0.2122505,0.08014619,-2.083428,0.5139896,-0.5254955,-0.6779891,0.0,0.0,0.0,0.0,0.0,0.0,0.0,-1.603399,-0.5362867,-1.456462,0.08085166,0.08044559,-2.228623,0.1546841,0.8939635,-0.1744924,0.382694,25.49122,135.7159,9.115934,0.1004844,0.04114375,-0.9940873,-0.2191184,0.001463526,-0.03559786,0.8557509,-0.3829865,-2.803411,-0.007349253,-0.1401407,1.071344,-0.6592366,0.1430095,-0.7382113,0.4101182,0.8912506,-0.1935862,0.6302466,-0.4303729,-0.6461958,moving,-37.16609,37.77853,-0.393034,-7.452451
1018,05/08/2023 17:08:10.194095,1259,True,True,True,True,Eyes,0.206499,0.0800532,-2.090297,0.5179189,-0.5286204,-0.6725477,0.0,0.0,0.0,0.0,0.0,0.0,0.0,-1.627355,-0.5303036,-1.445152,0.07421605,0.08117071,-2.237381,0.1559489,0.8921562,-0.1745829,0.3863396,25.59511,135.2528,9.146786,0.1005636,0.0408536,-0.9940909,-0.2059713,0.001375714,-0.03346199,0.853254,-0.3852779,-2.803337,-0.003301501,-0.135994,1.07422,-0.6528434,0.143365,-0.7438024,0.4131581,0.8904015,-0.1910118,0.6348984,-0.4320087,-0.6405252,moving,-37.59933,38.16724,-0.176092,-7.215147
1019,05/08/2023 17:08:10.212109,1260,True,True,True,True,Eyes,0.2007262,0.08000484,-2.097214,0.5218155,-0.5318491,-0.6669671,0.0,0.0,0.0,0.0,0.0,0.0,0.0,-1.650492,-0.5365683,-1.428689,0.06745581,0.08190769,-2.245423,0.1568241,0.8899191,-0.1776944,0.3897111,26.00819,134.7841,9.001932,0.1003312,0.04057668,-0.9941252,-0.193613,0.001293171,-0.03145427,0.8506637,-0.387655,-2.803262,0.001804933,-0.1194492,1.079667,-0.6470627,0.1406225,-0.7493563,0.4176205,0.8876618,-0.1940352,0.6378893,-0.4384995,-0.6330996,moving,-38.03859,38.56936,0.09578408,-6.313252
1020,05/08/2023 17:08:10.222106,1261,True,True,True,True,Eyes,0.1949081,0.07999675,-2.104219,0.5259756,-0.5350838,-0.6610862,0.0,0.0,0.0,0.0,0.0,0.0,0.0,-1.675694,-0.5457184,-1.408526,0.06107777,0.08312201,-2.253678,0.1572385,0.8872964,-0.1814044,0.3937939,26.47185,134.1971,8.74926,0.09982017,0.04031444,-0.9941874,-0.1819963,0.001215581,-0.02956702,0.8480757,-0.3900301,-2.803185,0.00645192,-0.1307274,1.080628,-0.6404048,0.1361623,-0.7558713,0.4219061,0.8847371,-0.1980798,0.6417763,-0.445758,-0.6240376,moving,-38.50658,38.98674,0.3420819,-6.897754
1021,05/08/2023 17:08:10.247543,1262,True,True,True,True,Eyes,0.1890747,0.07999027,-2.111274,0.5302008,-0.5383117,-0.655063,0.0,0.0,0.0,0.0,0.0,0.0,0.0,-1.700657,-0.5473687,-1.390624,0.05496138,0.0839335,-2.261773,0.1568785,0.8850245,-0.1829828,0.398294,26.67031,133.5568,8.489476,0.09905588,0.04006619,-0.994274,-0.1710765,0.001142646,-0.027793,0.8455202,-0.3923753,-2.803111,0.01182154,-0.1345727,1.082965,-0.6335021,0.1319208,-0.762412,0.4234445,0.8838128,-0.198921,0.6475877,-0.448856,-0.6157584,moving,-38.98633,39.41237,0.6254104,-7.08345
1022,05/08/2023 17:08:10.263347,1263,True,True,True,True,Eyes,0.1832118,0.07997182,-2.118375,0.5344616,-0.5416877,-0.6487875,0.0,0.0,0.0,0.0,0.0,0.0,0.0,-1.72866,-0.5447147,-1.370254,0.04864362,0.08401433,-2.270055,0.1572444,0.8822923,-0.1842277,0.4036024,26.87295,132.8229,8.299634,0.09806433,0.03983073,-0.9943818,-0.1608119,0.001074087,-0.02612542,0.8430048,-0.3946838,-2.803037,0.01598173,-0.130231,1.085996,-0.6247588,0.1287617,-0.7701279,0.4261805,0.8826687,-0.1981568,0.6542528,-0.4520137,-0.6063307,moving,-39.48119,39.85928,0.8431156,-6.838172
1023,05/08/2023 17:08:10.272301,1264,True,True,True,True,Eyes,0.1773217,0.07995829,-2.125511,0.5385892,-0.5453173,-0.6423011,0.0,0.0,0.0,0.0,0.0,0.0,0.0,-1.755785,-0.5491638,-1.346866,0.04219301,0.08374158,-2.278073,0.158981,0.8790384,-0.1880177,0.4082475,27.41014,132.1702,8.158841,0.09686906,0.03960638,-0.9945079,-0.1511632,0.001009642,-0.02455789,0.8404273,-0.3970491,-2.802961,0.01626709,-0.1406663,1.086839,-0.6161183,0.1259853,-0.7775128,0.4330164,0.8787488,-0.2007424,0.6579479,-0.4603567,-0.5959668,moving,-39.98087,40.33145,0.8575013,-7.374624
1024,05/08/2023 17:08:10.292879,1265,True,True,True,True,Eyes,0.171401,0.0799832,-2.132712,0.542799,-0.5489359,-0.6356403,0.0,0.0,0.0,0.0,0.0,0.0,0.0,-1.785562,-0.550312,-1.320396,0.03555791,0.08392681,-2.286091,0.1625822,0.8751304,-0.1920615,0.413311,28.07013,131.4909,8.196539,0.09549114,0.03939233,-0.9946498,-0.1420934,0.0009490637,-0.02308442,0.8378671,-0.3993987,-2.802886,0.01612225,-0.1489875,1.088091,-0.6054817,0.125799,-0.7858537,0.4433236,0.8733588,-0.2017637,0.6609507,-0.4705518,-0.5845725,moving,-40.49536,40.81374,0.8488899,-7.796774
1025,05/08/2023 17:08:10.312187,1266,True,True,True,True,Eyes,0.1654616,0.08002029,-2.139971,0.5470748,-0.5524701,-0.6288767,0.0,0.0,0.0,0.0,0.0,0.0,0.0,-1.81447,-0.5451525,-1.297143,0.02921611,0.08482205,-2.294346,0.1658333,0.8716477,-0.1941536,0.4183708,28.50443,130.8282,8.285678,0.09394849,0.03918918,-0.9948047,-0.1335678,0.0008921199,-0.02169935,0.8353329,-0.4017243,-2.802812,0.01659811,-0.1467362,1.091,-0.5949305,0.12664,-0.7937381,0.4515528,0.8696074,-0.1997074,0.6649496,-0.4772267,-0.5745406,moving,-41.02078,41.2994,0.8716114,-7.66014
1026,05/08/2023 17:08:10.322741,1267,True,True,True,True,Eyes,0.1595081,0.08004794,-2.147265,0.5514573,-0.5557442,-0.6221281,0.0,0.0,0.0,0.0,0.0,0.0,0.0,-1.844849,-0.5307932,-1.275261,0.02267567,0.08515873,-2.302983,0.1676897,0.8684985,-0.1935565,0.4244131,28.59052,130.035,8.314967,0.0922585,0.03899638,-0.9949704,-0.1255537,0.0008385928,-0.02039739,0.8325825,-0.4042484,-2.802731,0.01588455,-0.1462299,1.093368,-0.5835076,0.1269807,-0.8021191,0.4555724,0.8688321,-0.1938677,0.6722894,-0.4785466,-0.564819,moving,-41.55393,41.77427,0.8323398,-7.617683
1027,05/08/2023 17:08:10.342331,1268,True,True,True,True,Eyes,0.1535182,0.08008844,-2.154609,0.5558041,-0.5590286,-0.6152795,0.0,0.0,0.0,0.0,0.0,0.0,0.0,-1.873105,-0.5178215,-1.254532,0.01598513,0.08501533,-2.311499,0.1687216,0.8656573,-0.1929311,0.4300561,28.62951,129.2762,8.264455,0.09043734,0.03881247,-0.9951449,-0.1180205,0.0007882772,-0.01917355,0.8301374,-0.4064923,-2.80266,0.01332647,-0.1517869,1.094192,-0.5731698,0.1261678,-0.8096657,0.4580525,0.8686212,-0.1889049,0.679459,-0.4791439,-0.5556589,moving,-42.09264,42.25755,0.6977865,-7.897696
1028,05/08/2023 17:08:10.362277,1269,True,True,True,True,Eyes,0.1475209,0.08014892,-2.161984,0.5602798,-0.5619901,-0.6084846,0.0,0.0,0.0,0.0,0.0,0.0,0.0,-1.899563,-0.5118797,-1.23276,0.009015558,0.08540446,-2.320061,0.1701563,0.8627164,-0.1941037,0.4348461,28.87474,128.6124,8.192451,0.08849747,0.03863703,-0.9953262,-0.1109393,0.0007409806,-0.01802314,0.827589,-0.408831,-2.802585,0.01054919,-0.158066,1.094669,-0.5639116,0.1247828,-0.8163536,0.4624037,0.8667412,-0.1869293,0.6842418,-0.4828964,-0.5464653,moving,-42.63822,42.72525,0.5521353,-8.216501
1029,05/08/2023 17:08:10.382402,1270,True,True,True,True,Eyes,0.1414944,0.08019809,-2.16942,0.5649803,-0.5645902,-0.6016937,0.0,0.0,0.0,0.0,0.0,0.0,0.0,-1.925426,-0.497564,-1.214383,0.002443217,0.08597924,-2.328554,0.1706062,0.8603363,-0.1925448,0.4400472,28.78055,127.9139,8.139884,0.08645232,0.03847012,-0.9955123,-0.1042829,0.0006965217,-0.01694175,0.8249319,-0.4112695,-2.802507,0.01001322,-0.1620527,1.095368,-0.554504,0.1240997,-0.8228759,0.463015,0.8676401,-0.181157,0.6914786,-0.4814561,-0.53857,moving,-43.19758,43.17783,0.5237504,-8.415502
1030,05/08/2023 17:08:10.392349,1271,True,True,True,True,Eyes,0.1354253,0.0802008,-2.176892,0.5698718,-0.5668348,-0.5949323,0.0,0.0,0.0,0.0,0.0,0.0,0.0,-1.952474,-0.474366,-1.197455,-0.004453745,0.08571049,-2.337459,0.1696959,0.8583238,-0.1883143,0.4461182,28.33839,127.1092,8.052104,0.0843129,0.03831032,-0.9957019,0.0,0.0,0.0,0.8224006,-0.4135924,-2.802433,0.01009512,-0.1642853,1.095949,-0.5443636,0.1232871,-0.8297399,0.4593288,0.8714821,-0.1718604,0.7019153,-0.474678,-0.5310324,moving,-43.76748,43.61456,0.5277539,-8.52529
1031,05/08/2023 17:08:10.412106,1272,True,True,True,True,Eyes,0.1293039,0.08017457,-2.184426,0.5747849,-0.5689873,-0.588112,0.0,0.0,0.0,0.0,0.0,0.0,0.0,-1.978833,-0.4566212,-1.177717,-0.01192586,0.08452567,-2.346063,0.169369,0.8559279,-0.1860671,0.4517528,28.13469,126.3432,7.940557,0.08208867,0.03815477,-0.9958937,0.0,0.0,0.0,0.8199239,-0.4158654,-2.80236,0.01138046,-0.1630066,1.096917,-0.5344673,0.1218226,-0.8363636,0.4580479,0.8733864,-0.1654944,0.7103075,-0.471546,-0.522597,moving,-44.34341,44.05309,0.5944198,-8.452544
1032,05/08/2023 17:08:10.422825,1273,True,True,True,True,Eyes,0.1231148,0.08011538,-2.192033,0.5797896,-0.5709845,-0.5812234,0.0,0.0,0.0,0.0,0.0,0.0,0.0,-2.004556,-0.4431354,-1.157309,-0.0194208,0.08381058,-2.355117,0.1699517,0.8533226,-0.1852276,0.4567798,28.12384,125.6555,7.874702,0.07978693,0.03800163,-0.9960866,0.0,0.0,0.0,0.8172288,-0.4183387,-2.802281,0.01205301,-0.1630253,1.097611,-0.5249373,0.1208308,-0.8425204,0.4592637,0.8736143,-0.1608568,0.7166014,-0.4713788,-0.514086,moving,-44.92925,44.49087,0.6291471,-8.448226
1033,05/08/2023 17:08:10.442405,1274,True,True,True,True,Eyes,0.1168774,0.08000138,-2.199693,0.5849083,-0.5727605,-0.5743062,0.0,0.0,0.0,0.0,0.0,0.0,0.0,-2.029267,-0.4265989,-1.138211,-0.02691428,0.08294523,-2.363859,0.1703899,0.8509279,-0.183542,0.4617374,28.01566,124.9887,7.843907,0.07741424,0.03784911,-0.9962796,0.0,0.0,0.0,0.8145285,-0.4208168,-2.802202,0.01294768,-0.1650597,1.097685,-0.5155321,0.1204826,-0.8483579,0.4594754,0.8745592,-0.1550113,0.723263,-0.4697128,-0.5062221,moving,-45.52401,44.92279,0.6757978,-8.551541
1034,05/08/2023 17:08:10.462225,1275,True,True,True,True,Eyes,0.1105778,0.07981996,-2.207397,0.5901712,-0.5743738,-0.5672678,0.0,0.0,0.0,0.0,0.0,0.0,0.0,-2.055092,-0.4051583,-1.118249,-0.03446552,0.08148655,-2.372807,0.1702845,0.8484991,-0.1805913,0.4673749,27.75142,124.2364,7.803902,0.07497718,0.03769463,-0.9964718,0.0,0.0,0.0,0.8122429,-0.4229143,-2.802135,0.01406747,-0.1656879,1.098034,-0.5051278,0.1201647,-0.8546382,0.4577801,0.8767799,-0.1472898,0.7316306,-0.4656365,-0.4978949,moving,-46.13362,45.35662,0.7340052,-8.580916
1035,05/08/2023 17:08:10.472136,1276,True,True,True,True,Eyes,0.1042097,0.07955986,-2.215158,0.5954593,-0.5759172,-0.5601317,0.0,0.0,0.0,0.0,0.0,0.0,0.0,-2.081318,-0.3848079,-1.095377,-0.04238863,0.07966483,-2.381527,0.1705955,0.8456942,-0.1784209,0.4731432,27.59452,123.4574,7.762695,0.07248109,0.03753534,-0.9966625,0.0,0.0,0.0,0.8096064,-0.4253339,-2.802058,0.01534307,-0.1641986,1.098525,-0.4940652,0.1197059,-0.8611445,0.4573805,0.8781263,-0.1403469,0.7393932,-0.4632112,-0.4886029,moving,-46.75105,45.79609,0.8001966,-8.501171
1036,05/08/2023 17:08:10.492124,1277,True,True,True,True,Eyes,0.09777427,0.07921467,-2.222952,0.6005641,-0.5774884,-0.553019,0.0,0.0,0.0,0.0,0.0,0.0,0.0,-2.108492,-0.3642688,-1.070269,-0.05054934,0.07751086,-2.390678,0.1717782,0.8424522,-0.176962,0.4790105,27.56349,122.665,7.772924,0.069931,0.03736823,-0.996851,0.0,0.0,0.0,0.8071475,-0.4275904,-2.801985,0.016002,-0.1589849,1.099908,-0.4820825,0.1198966,-0.8678833,0.4589632,0.8783534,-0.1335969,0.7462903,-0.4627312,-0.478467,moving,-47.36012,46.23995,0.8335078,-8.224783
1037,05/08/2023 17:08:10.512055,1278,True,True,True,True,Eyes,0.09125175,0.07879743,-2.230796,0.6055803,-0.5791165,-0.5457989,0.0,0.0,0.0,0.0,0.0,0.0,0.0,-2.134115,-0.3451243,-1.046047,-0.0589482,0.07517786,-2.399718,0.1730934,0.8393341,-0.1759203,0.4843647,27.58037,121.9379,7.790472,0.06733119,0.03719034,-0.9970366,0.0,0.0,0.0,0.8044761,-0.430042,-2.801907,0.01525438,-0.1549973,1.100894,-0.4708592,0.1201471,-0.8739889,0.4609855,0.8781814,-0.1276311,0.7521863,-0.4629925,-0.4688859,moving,-47.97222,46.69648,0.7938597,-8.014122
1038,05/08/2023 17:08:10.522112,1279,True,True,True,True,Eyes,0.08463853,0.07833862,-2.238699,0.6105027,-0.5808633,-0.5384091,0.0,0.0,0.0,0.0,0.0,0.0,0.0,-2.159656,-0.3286945,-1.019772,-0.06767647,0.07305266,-2.40877,0.1752522,0.8358593,-0.1761756,0.4894772,27.78014,121.2324,7.82818,0.06468455,0.03699958,-0.9972189,0.0,0.0,0.0,0.8018382,-0.4324629,-2.80183,0.01406625,-0.1545773,1.101487,-0.4593971,0.1205044,-0.8800184,0.4654402,0.8764976,-0.1229521,0.7565179,-0.4660799,-0.4587482,moving,-48.59057,47.1722,0.7316412,-7.988444
1039,05/08/2023 17:08:10.542355,1280,True,True,True,True,Eyes,0.07794361,0.07785314,-2.246664,0.6154291,-0.5825748,-0.5308989,0.0,0.0,0.0,0.0,0.0,0.0,0.0,-2.185321,-0.3110816,-0.991827,-0.07637222,0.07156122,-2.417677,0.1774483,0.8322214,-0.1761745,0.4948557,27.96,120.4898,7.87311,0.06199397,0.03679549,-0.9973974,0.0,0.0,0.0,0.7994193,-0.4346827,-2.801759,0.01310664,-0.156277,1.101497,-0.44726,0.1209908,-0.8861827,0.4697145,0.8749493,-0.1176097,0.7611353,-0.468855,-0.4481609,moving,-49.21736,47.65717,0.6817266,-8.075055
1040,05/08/2023 17:08:10.562312,1281,True,True,True,True,Eyes,0.0711592,0.07732607,-2.254674,0.6203595,-0.5841793,-0.5233437,0.0,0.0,0.0,0.0,0.0,0.0,0.0,-2.212438,-0.2883178,-0.9618952,-0.08518593,0.07043195,-2.427146,0.1793289,0.8284148,-0.1748371,0.5010009,27.99297,119.6528,7.937082,0.05926147,0.03657828,-0.9975715,0.0,0.0,0.0,0.7968059,-0.4370811,-2.801682,0.01241517,-0.158225,1.101484,-0.4336781,0.1219303,-0.8927799,0.4723046,0.8745463,-0.1099874,0.7673665,-0.4693632,-0.4368598,moving,-49.84857,48.14407,0.6457713,-8.174456
1041,05/08/2023 17:08:10.572305,1282,True,True,True,True,Eyes,0.06426929,0.07677163,-2.262759,0.6252307,-0.5857332,-0.5157549,0.0,0.0,0.0,0.0,0.0,0.0,0.0,-2.237763,-0.2621826,-0.9353709,-0.09446907,0.06893188,-2.436712,0.180704,0.8251633,-0.1722695,0.5067295,27.86806,118.8898,8.039265,0.0564897,0.03634757,-0.9977407,0.0,0.0,0.0,0.7941837,-0.4394875,-2.801605,0.01223847,-0.1619438,1.10091,-0.4211426,0.1236326,-0.8985288,0.4728088,0.8753385,-0.1011649,0.7740095,-0.4674371,-0.4270969,moving,-50.48066,48.63515,0.6369129,-8.368193
1042,05/08/2023 17:08:10.592536,1283,True,True,True,True,Eyes,0.05729628,0.07619905,-2.27088,0.6301133,-0.5870001,-0.5083189,0.0,0.0,0.0,0.0,0.0,0.0,0.0,-2.262459,-0.2352231,-0.9095612,-0.1040238,0.06769656,-2.446619,0.1833333,0.8217657,-0.1702896,0.5119488,27.87803,118.2082,8.25755,0.05368008,0.03610361,-0.9979047,0.0,0.0,0.0,0.791692,-0.4417742,-2.801532,0.01303834,-0.1642319,1.100576,-0.4085948,0.1269549,-0.9038435,0.4756732,0.8747807,-0.09216181,0.7789645,-0.4675909,-0.4178199,moving,-51.10652,49.10873,0.6787415,-8.487253
1043,05/08/2023 17:08:10.612573,1284,True,True,True,True,Eyes,0.05023205,0.07560328,-2.279073,0.6350415,-0.5880477,-0.5009214,0.0,0.0,0.0,0.0,0.0,0.0,0.0,-2.285672,-0.2049563,-0.88697,-0.1136175,0.06678426,-2.456756,0.1853705,0.8189131,-0.1668524,0.516894,27.70433,117.5838,8.516384,0.05083477,0.03584709,-0.9980629,0.0,0.0,0.0,0.7891293,-0.444126,-2.801457,0.01449603,-0.1703638,1.099153,-0.396917,0.1311147,-0.9084415,0.4760947,0.8755961,-0.08164138,0.7847235,-0.464909,-0.409962,moving,-51.73359,49.57438,0.7555935,-8.81048
1044,05/08/2023 17:08:10.622126,1285,True,True,True,True,Eyes,0.04310055,0.07500033,-2.287317,0.6400473,-0.5888197,-0.4935896,0.0,0.0,0.0,0.0,0.0,0.0,0.0,-2.306234,-0.1853554,-0.8665771,-0.1229813,0.06559803,-2.466698,0.184678,0.8169386,-0.16394,0.5211806,27.41028,116.9976,8.476588,0.04795526,0.03557836,-0.9982151,0.0,0.0,0.0,0.7864633,-0.4465725,-2.801379,0.01538703,-0.1757914,1.097634,-0.3885301,0.1308566,-0.9120972,0.4726259,0.8780354,-0.07535666,0.7909927,-0.460359,-0.4029894,moving,-52.36143,50.02793,0.80314,-9.098926
1045,05/08/2023 17:08:10.642444,1286,True,True,True,True,Eyes,0.03591106,0.07446235,-2.295642,0.6448523,-0.5895873,-0.4863664,0.0,0.0,0.0,0.0,0.0,0.0,0.0,-2.32412,-0.1688249,-0.8518608,-0.1320229,0.06485327,-2.476705,0.1849013,0.8154536,-0.16191,0.5240534,27.24888,116.6171,8.52942,0.04504415,0.03529848,-0.9983606,0.0,0.0,0.0,0.7840485,-0.4487887,-2.801308,0.01603115,-0.1807972,1.095824,-0.3823589,0.1318578,-0.9145572,0.4712558,0.8791934,-0.07026389,0.7948079,-0.4578564,-0.3983063,moving,-52.97534,50.47987,0.8381382,-9.368687
1046,05/08/2023 17:08:10.662390,1287,True,True,True,True,Eyes,0.02863684,0.0740269,-2.30406,0.6498026,-0.5902796,-0.4788805,0.0,0.0,0.0,0.0,0.0,0.0,0.0,-2.343386,-0.1411293,-0.8353064,-0.1406712,0.06584093,-2.486964,0.1889173,0.8129311,-0.1596757,0.5272164,27.31042,116.2575,8.986217,0.04210464,0.03501154,-0.9984991,0.0,0.0,0.0,0.7814923,-0.4511345,-2.801233,0.01599294,-0.1855569,1.093923,-0.3727065,0.1387862,-0.9175121,0.4755207,0.8776278,-0.06041005,0.7968501,-0.4588112,-0.3930933,moving,-53.61116,50.94836,0.8375933,-9.627168
1047,05/08/2023 17:08:10.672626,1288,True,True,True,True,Eyes,0.0212898,0.07365426,-2.31258,0.6545972,-0.5911079,-0.4712685,0.0,0.0,0.0,0.0,0.0,0.0,0.0,-2.368626,-0.09597407,-0.8030062,-0.1500286,0.06775758,-2.497462,0.1951319,0.8080848,-0.1558176,0.5335199,27.38976,115.4932,9.667351,0.0391377,0.03472274,-0.9986299,0.0,0.0,0.0,0.7789053,-0.4535087,-2.801157,0.01474768,-0.1861769,1.092383,-0.3545603,0.1491026,-0.9230685,0.4816298,0.8752888,-0.04361422,0.8014486,-0.4600412,-0.3821549,moving,-54.24851,51.43594,0.773473,-9.672097
1048,05/08/2023 17:08:10.692334,1289,True,True,True,True,Eyes,0.01388055,0.07344843,-2.32111,0.6590909,-0.5923018,-0.4634411,1.017524,0.6845217,-0.5292332,-2.792673,0.1957084,0.9059424,0.3754549,-0.1142561,-0.1008969,1.061709,-0.1592118,0.06892873,-2.508459,0.1973493,0.8041712,-0.1566417,0.5383543,27.67276,114.786,9.669224,0.03614531,0.03443504,-0.9987526,0.0,0.0,0.0,0.7762567,-0.4559393,-2.801079,0.01199898,-0.185758,1.091147,-0.342456,0.1487478,-0.9276843,0.4860626,0.8730333,-0.03944584,0.8040318,-0.4644211,-0.3712762,moving,-54.88696,51.95893,0.6300373,-9.661468
1049,05/08/2023 17:08:10.712603,1290,True,True,True,True,Eyes,0.006505958,0.07335932,-2.329764,0.6639131,-0.5928943,-0.4557364,1.015817,0.6809201,-0.5289127,-2.792709,-0.04443207,0.9268248,0.372856,-0.11747,-0.08011913,1.067143,-0.168504,0.07302365,-2.518547,0.2044292,0.7996552,-0.1637304,0.5403265,28.86666,114.4507,9.863055,0.03312958,0.03415564,-0.9988669,0.0,0.0,0.0,0.7737416,-0.4582475,-2.801006,0.009289712,-0.1888276,1.088821,-0.332512,0.1500099,-0.9310923,0.5038815,0.8628021,-0.04093875,0.7972072,-0.4827727,-0.3624793,moving,-55.53275,52.45182,0.4888299,-9.838602
1050,05/08/2023 17:08:10.732312,1291,True,True,True,True,Eyes,-0.0009152009,0.07333106,-2.338477,0.6693438,-0.5927995,-0.4478478,1.015852,0.6790392,-0.5288657,-2.793424,-0.1698361,0.9302441,0.3252715,-0.1221851,-0.09963833,1.067501,-0.1752246,0.07558027,-2.530187,0.2034493,0.7977579,-0.1533408,0.5465141,27.84189,113.7141,10.22734,0.03009682,0.03388869,-0.998972,0.0,0.0,0.0,0.771162,-0.4606148,-2.80093,0.00674215,-0.1927701,1.085765,-0.3198618,0.1570007,-0.9343658,0.4922123,0.87019,-0.02228186,0.8095775,-0.4670334,-0.3556183,moving,-56.21412,52.92971,0.3557786,-10.06757
1051,05/08/2023 17:08:10.742206,1292,True,True,True,True,Eyes,-0.008343207,0.0733831,-2.34726,0.6745381,-0.5927891,-0.4399993,1.016234,0.6771455,-0.5290294,-2.794403,-0.2960289,0.9191223,0.2599639,-0.1271402,-0.1126806,1.069702,-0.1840103,0.07687874,-2.540612,0.201106,0.7965465,-0.1466774,0.5509591,27.08251,113.1379,10.27104,0.02704884,0.03363552,-0.9990677,0.0,0.0,0.0,0.768618,-0.4629495,-2.800855,0.003580242,-0.1934331,1.083074,-0.3120011,0.1587541,-0.9367245,0.4820071,0.8760842,-0.01206837,0.8187336,-0.4552731,-0.3498598,moving,-56.8837,53.41525,0.189398,-10.12606
1052,05/08/2023 17:08:10.762330,1293,True,True,True,True,Eyes,-0.01575766,0.07350076,-2.356052,0.6800044,-0.5924209,-0.4320084,1.017301,0.6760114,-0.5291696,-2.795535,-0.3716408,0.909856,0.1845132,-0.1314229,-0.1089632,1.07384,-0.1916371,0.07888405,-2.55113,0.2021775,0.7943043,-0.1474991,0.5535784,27.26847,112.7398,10.23085,0.02398955,0.03339815,-0.9991539,0.0,0.0,0.0,0.7660365,-0.4653186,-2.80078,-0.0005069971,-0.1968024,1.079574,-0.3053505,0.1578762,-0.9390613,0.4844854,0.8747366,-0.01047615,0.8197774,-0.4581604,-0.34359,moving,-57.57211,53.89952,-0.02690764,-10.33136
1053,05/08/2023 17:08:10.772226,1294,True,True,True,True,Eyes,-0.02318995,0.0736762,-2.364879,0.6851836,-0.5921966,-0.4240596,1.018617,0.6747496,-0.5295453,-2.796833,-0.455706,0.8847193,0.09799889,-0.1350896,-0.1153263,1.077054,-0.199139,0.0807234,-2.561279,0.2004267,0.7928163,-0.1448812,0.5570288,26.9373,112.2424,10.10373,0.02092288,0.03317781,-0.9992301,0.0,0.0,0.0,0.7633844,-0.4677524,-2.800702,-0.004035592,-0.199063,1.076158,-0.2990965,0.1563971,-0.941319,0.479209,0.8776772,-0.006441535,0.8251666,-0.4530151,-0.3374572,moving,-58.24667,54.39435,-0.2148581,-10.47987
1054,05/08/2023 17:08:10.792137,1295,True,True,True,True,Eyes,-0.03060924,0.07391816,-2.373689,0.6901221,-0.5922632,-0.4158794,1.020111,0.6733921,-0.5302562,-2.797932,-0.5461707,0.8373094,0.02470947,-0.1387606,-0.109928,1.081915,-0.2070091,0.08233183,-2.570977,0.200913,0.7908469,-0.1472753,0.5590218,27.23066,111.8972,9.916224,0.01785108,0.0329752,-0.9992965,0.0,0.0,0.0,0.7609159,-0.4700177,-2.80063,-0.006537497,-0.1970406,1.073225,-0.2942573,0.1531225,-0.9433803,0.4824429,0.8758879,-0.008315006,0.8250221,-0.4575739,-0.3316094,moving,-58.92611,54.92398,-0.3490101,-10.40346
1055,05/08/2023 17:08:10.812365,1296,True,True,True,True,Eyes,-0.03799664,0.07421744,-2.38253,0.6949154,-0.5922541,-0.407833,1.022077,0.6722602,-0.5311118,-2.799367,-0.6215245,0.7801805,-0.07089336,-0.1425594,-0.09857626,1.087611,-0.2144236,0.0843838,-2.580517,0.2036826,0.7883872,-0.151473,0.5603706,27.84713,111.6409,9.859236,0.01477769,0.03279137,-0.9993528,0.0,0.0,0.0,0.7583477,-0.4723746,-2.800554,-0.008750856,-0.1932544,1.070528,-0.2889967,0.1513995,-0.9452826,0.4909235,0.8711386,-0.01056335,0.8218729,-0.4671142,-0.3260818,moving,-59.59211,55.44825,-0.4683445,-10.23297
1056,05/08/2023 17:08:10.822096,1297,True,True,True,True,Eyes,-0.0453394,0.0745624,-2.391398,0.6998983,-0.5920431,-0.399534,1.024325,0.6715838,-0.531882,-2.800651,-0.6665835,0.7288318,-0.156431,-0.1476128,-0.09989785,1.091438,-0.221082,0.08604203,-2.590119,0.2046027,0.786665,-0.149519,0.5629744,27.75003,111.2955,9.992131,0.01170654,0.03262678,-0.9993988,0.0,0.0,0.0,0.7554785,-0.4750077,-2.80047,-0.01176816,-0.1936529,1.067032,-0.2823955,0.1535568,-0.9469284,0.4902583,0.8715636,-0.004870649,0.8245604,-0.4656149,-0.3214082,moving,-60.2803,55.98698,-0.6318825,-10.2865
1057,05/08/2023 17:08:10.842318,1298,True,True,True,True,Eyes,-0.05262049,0.07495317,-2.400286,0.704809,-0.5917585,-0.3912365,1.026894,0.6711437,-0.5327202,-2.802044,-0.6961411,0.6731992,-0.2493799,-0.1520953,-0.1011245,1.095265,-0.2274379,0.08741785,-2.599698,0.2070978,0.7842851,-0.1460081,0.5662942,27.61839,110.8928,10.36913,0.008641283,0.03248133,-0.9994348,0.0,0.0,0.0,0.7530569,-0.4772301,-2.800399,-0.01672921,-0.197714,1.062464,-0.2728429,0.1594803,-0.948748,0.4902144,0.8715844,0.00553262,0.8277963,-0.4635804,-0.315985,moving,-60.96553,56.52963,-0.902086,-10.5416
1058,05/08/2023 17:08:10.862452,1299,True,True,True,True,Eyes,-0.05981288,0.07536444,-2.409159,0.7099981,-0.5912721,-0.3824918,1.029294,0.6709835,-0.5332282,-2.802855,-0.7066616,0.6392021,-0.3033975,-0.1529337,-0.1035379,1.099171,-0.2333089,0.08887241,-2.609124,0.2097864,0.7806615,-0.1415653,0.5714164,27.43745,110.2294,10.7642,0.005586375,0.03235495,-0.9994606,0.0,0.0,0.0,0.7506858,-0.479406,-2.800329,-0.02243331,-0.1991987,1.05829,-0.258946,0.1657588,-0.9515623,0.4893298,0.8718978,0.01872163,0.8327685,-0.46078,-0.3068852,moving,-61.68767,57.10132,-1.214356,-10.65988
1059,05/08/2023 17:08:10.872381,1300,True,True,True,True,Eyes,-0.06694423,0.07576666,-2.418046,0.7150959,-0.5908759,-0.3735015,1.031586,0.6707386,-0.5337726,-2.803345,-0.7232948,0.6031729,-0.3361951,-0.1493375,-0.1099791,1.102579,-0.2386882,0.08981918,-2.618539,0.2094433,0.7766753,-0.1376117,0.577903,27.11867,109.3002,10.76757,0.002546942,0.03224654,-0.9994764,0.0,0.0,0.0,0.7480047,-0.4818665,-2.800251,-0.02750731,-0.1967848,1.055013,-0.2443231,0.1662865,-0.9553297,0.4843912,0.8743932,0.02831664,0.8400424,-0.4558349,-0.2941821,moving,-62.4215,57.70241,-1.493532,-10.56561
1060,05/08/2023 17:08:10.892081,1301,True,True,True,True,Eyes,-0.07397661,0.07617995,-2.426934,0.7201625,-0.5906599,-0.3639876,1.033437,0.6702658,-0.5342298,-2.803092,-0.7549456,0.5727854,-0.3193337,-0.1430132,-0.1082212,1.10673,-0.244408,0.09002066,-2.627881,0.2099497,0.7716563,-0.137398,0.5844567,27.2234,108.29,10.58929,-0.0004739632,0.03215386,-0.9994825,0.0,0.0,0.0,0.7455456,-0.4841233,-2.800179,-0.03242353,-0.1937196,1.051998,-0.228663,0.1634116,-0.9596927,0.4846244,0.8740858,0.03336501,0.8443061,-0.4574611,-0.2790643,moving,-63.18686,58.35701,-1.765349,-10.43381
1061,05/08/2023 17:08:10.912419,1302,True,True,True,True,Eyes,-0.08090761,0.07660243,-2.435825,0.7251307,-0.5905283,-0.3542058,1.035142,0.6697056,-0.5346781,-2.802478,-0.7923138,0.5428948,-0.2783954,-0.1360671,-0.103477,1.110696,-0.2492031,0.09077251,-2.637292,0.2107258,0.7663906,-0.1392959,0.590624,27.54399,107.2899,10.29458,-0.003472309,0.0320757,-0.9994792,0.0,0.0,0.0,0.7430353,-0.4864271,-2.800105,-0.0371719,-0.191783,1.048514,-0.2135159,0.1584536,-0.964004,0.4875396,0.8723826,0.03540933,0.8465911,-0.4624296,-0.26352,moving,-63.9658,59.04418,-2.030399,-10.36536
1062,05/08/2023 17:08:10.922055,1303,True,True,True,True,Eyes,-0.0877338,0.07702103,-2.444757,0.7301455,-0.5904071,-0.3439579,1.036605,0.6691388,-0.5349981,-2.801306,-0.8296118,0.5212409,-0.2001304,-0.1286017,-0.1024481,1.114042,-0.2537425,0.09143762,-2.646411,0.2099817,0.7613197,-0.1403772,0.5971553,27.67962,106.2227,9.888113,-0.006443788,0.03201094,-0.9994665,0.0,0.0,0.0,0.7400593,-0.4891581,-2.800018,-0.04386556,-0.1872666,1.046034,-0.1986266,0.1520723,-0.9682053,0.4873803,0.8724039,0.03703947,0.8502988,-0.4645271,-0.2473997,moving,-64.77575,59.77588,-2.401299,-10.14988
1063,05/08/2023 17:08:10.942753,1304,True,True,True,True,Eyes,-0.094468,0.07741542,-2.453684,0.7349616,-0.5904576,-0.3334537,1.038165,0.6685431,-0.5355768,-2.799864,-0.8695313,0.4827983,-0.1040241,-0.1209455,-0.1027018,1.116887,-0.2579665,0.09163523,-2.655654,0.2084133,0.7563275,-0.1414625,0.6037557,27.752,105.1265,9.393508,-0.009384395,0.03195795,-0.9994448,0.0,0.0,0.0,0.7379173,-0.4911239,-2.799955,-0.04684579,-0.1965255,1.040576,-0.184086,0.1444399,-0.9722394,0.4860751,0.8731045,0.03767743,0.8543087,-0.4656454,-0.2309349,moving,-65.5961,60.54495,-2.577663,-10.69503
1064,05/08/2023 17:08:10.962298,1305,True,True,True,True,Eyes,-0.1011003,0.07780122,-2.462647,0.7396419,-0.590616,-0.3226493,1.03989,0.6680462,-0.5363747,-2.798167,-0.902914,0.429726,0.009046111,-0.1133351,-0.0975365,1.120573,-0.2625237,0.09150296,-2.664557,0.2078437,0.7511326,-0.1446258,0.6096591,28.07935,104.0905,8.859977,-0.01229185,0.03191454,-0.9994147,0.0,0.0,0.0,0.7351595,-0.4936548,-2.799874,-0.04871339,-0.2013827,1.035863,-0.1702337,0.1358915,-0.9759887,0.4885813,0.8717687,0.03616126,0.8557504,-0.4706939,-0.2147985,moving,-66.43203,61.35254,-2.692457,-11.00167
1065,05/08/2023 17:08:10.972663,1306,True,True,True,True,Eyes,-0.107624,0.07817665,-2.471608,0.7440373,-0.5909326,-0.3117807,1.04199,0.6676551,-0.537569,-2.79648,-0.9288234,0.350023,0.1215357,-0.1076318,-0.09200085,1.124155,-0.2665976,0.09160077,-2.673634,0.2078843,0.7462304,-0.1477627,0.6148907,28.43636,103.1566,8.405642,-0.01516322,0.03187928,-0.9993764,0.0,0.0,0.0,0.7327271,-0.495887,-2.799803,-0.05209792,-0.1801579,1.037692,-0.157387,0.1285432,-0.9791353,0.4919749,0.8699005,0.03512213,0.8562651,-0.4761823,-0.2001511,moving,-67.26441,62.18353,-2.874154,-9.849176
1066,05/08/2023 17:08:10.992251,1307,True,True,True,True,Eyes,-0.1140182,0.07855546,-2.480595,0.7482705,-0.5911571,-0.3010392,1.044431,0.6674985,-0.5388673,-2.79501,-0.9393389,0.2634903,0.2195799,-0.1050664,-0.08615057,1.127742,-0.2705426,0.09177414,-2.682611,0.2095377,0.7417528,-0.1494243,0.6193297,28.76496,102.3979,8.248601,-0.01799588,0.03185092,-0.9993303,0.0,0.0,0.0,0.7302135,-0.4981938,-2.799729,-0.0550046,-0.1822086,1.034507,-0.1450496,0.1257646,-0.9813991,0.4959362,0.8675327,0.03787415,0.856159,-0.4812176,-0.1882065,moving,-68.08442,63.01312,-3.043544,-9.989101
1067,05/08/2023 17:08:11.012252,1308,True,True,True,True,Eyes,-0.1202767,0.07892963,-2.489574,0.7523285,-0.5913985,-0.290258,1.047213,0.6675716,-0.5403907,-2.793536,-0.9342495,0.1618806,0.3177617,-0.1032074,-0.08401078,1.130908,-0.2738017,0.09216077,-2.691766,0.2112363,0.7373034,-0.1490961,0.6241261,28.91649,101.6311,8.23533,-0.02078627,0.03182882,-0.9992769,0.0,0.0,0.0,0.727671,-0.5005271,-2.799654,-0.05577987,-0.1856164,1.031639,-0.1316917,0.1253809,-0.9833295,0.4976,0.8662992,0.04381807,0.8573514,-0.4835343,-0.1764739,moving,-68.90275,63.85823,-3.094921,-10.19974
1068,05/08/2023 17:08:11.022593,1309,True,True,True,True,Eyes,-0.1263922,0.07930531,-2.498607,0.756255,-0.5914964,-0.279661,1.050241,0.6678582,-0.5419087,-2.792318,-0.9150002,0.06067744,0.3988646,-0.1008669,-0.08355632,1.134077,-0.2768572,0.09243525,-2.700631,0.2120956,0.7331033,-0.1484958,0.628907,28.97988,100.8621,8.161983,-0.02353176,0.03181215,-0.9992166,0.0,0.0,0.0,0.725045,-0.502937,-2.799577,-0.05354154,-0.1715103,1.03282,-0.1189829,0.1241958,-0.9850982,0.4977561,0.8659289,0.04905124,0.859117,-0.4845024,-0.1648499,moving,-69.70575,64.6951,-2.967566,-9.428513
1069,05/08/2023 17:08:11.042599,1310,True,True,True,True,Eyes,-0.1323515,0.07966346,-2.507644,0.7600854,-0.5915361,-0.2689893,1.053605,0.6684786,-0.5435822,-2.791053,-0.8739302,-0.05087352,0.4833819,-0.09693625,-0.08226805,1.137536,-0.2795143,0.09270538,-2.709812,0.2133353,0.7281911,-0.1481089,0.6342631,29.0993,99.9879,8.080214,-0.02622894,0.03180031,-0.9991499,0.0,0.0,0.0,0.722476,-0.5052946,-2.799502,-0.05281129,-0.1695347,1.03163,-0.104397,0.1228177,-0.9869231,0.4985778,0.8651036,0.05491821,0.8605356,-0.4863246,-0.1515485,moving,-70.51146,65.54728,-2.930532,-9.332382
1070,05/08/2023 17:08:11.062582,1311,True,True,True,True,Eyes,-0.1381607,0.08000433,-2.516734,0.7637929,-0.5914357,-0.2585037,1.057196,0.6693181,-0.5452591,-2.790023,-0.8178547,-0.1626483,0.5519593,-0.0937939,-0.08470596,1.14045,-0.2818045,0.0926493,-2.719052,0.2125027,0.7241876,-0.1474093,0.6392696,29.02538,99.16076,7.842634,-0.02887509,0.03179209,-0.9990771,0.0,0.0,0.0,0.7198392,-0.5077144,-2.799425,-0.05361322,-0.1696337,1.030231,-0.09235425,0.119315,-0.9885519,0.4962522,0.8662262,0.058189,0.8632524,-0.485197,-0.1392099,moving,-71.30174,66.3909,-2.978985,-9.350198
1071,05/08/2023 17:08:11.072116,1312,True,True,True,True,Eyes,-0.1438042,0.08030947,-2.525823,0.7673922,-0.5913072,-0.2479216,1.061436,0.6707332,-0.5473251,-2.788976,-0.723411,-0.3003324,0.6216727,-0.09080938,-0.08383327,1.14422,-0.2839932,0.09246965,-2.728361,0.2123969,0.7200325,-0.1479387,0.6438596,29.114,98.36633,7.587792,-0.03146717,0.03178636,-0.998999,0.0,0.0,0.0,0.717225,-0.5101135,-2.799348,-0.05578995,-0.1667956,1.029427,-0.08066522,0.1153617,-0.990043,0.4963688,0.8660034,0.06046613,0.864356,-0.4865489,-0.1271183,moving,-72.0959,67.25281,-3.10212,-9.203517
1072,05/08/2023 17:08:11.092451,1313,True,True,True,True,Eyes,-0.1492829,0.08059312,-2.534961,0.7709499,-0.5909958,-0.2374029,1.066514,0.6729461,-0.5497123,-2.788155,-0.5758384,-0.4593742,0.6763027,-0.08678772,-0.08530763,1.148283,-0.2857465,0.09193344,-2.737535,0.211707,0.7157696,-0.1475302,0.6489136,29.07502,97.51416,7.336066,-0.03400282,0.03178145,-0.9989161,0.0,0.0,0.0,0.714631,-0.512494,-2.799272,-0.05834755,-0.1726895,1.026651,-0.06818263,0.1115982,-0.9914116,0.4945357,0.86683,0.06356376,0.866479,-0.4859544,-0.1142919,moving,-72.88454,68.11469,-3.252788,-9.548155
1073,05/08/2023 17:08:11.112380,1314,True,True,True,True,Eyes,-0.1545814,0.08083136,-2.544115,0.774397,-0.5906551,-0.2267949,0.0,0.0,0.0,0.0,0.0,0.0,0.0,-2.752437,0.2444975,0.01784992,-0.287325,0.09159665,-2.746827,0.2109052,0.7111854,-0.1473359,0.6542374,29.04723,96.60336,7.043544,-0.0364791,0.03177635,-0.9988288,0.0,0.0,0.0,0.7122226,-0.5147043,-2.799201,-0.0617004,-0.177272,1.024333,-0.0549851,0.1072001,-0.992716,0.4927708,0.8676222,0.06639787,0.8684204,-0.4855305,-0.1005313,moving,-73.67647,68.99462,-3.44703,-9.818412
1074,05/08/2023 17:08:11.132171,1315,True,True,True,True,Eyes,-0.1597117,0.08102635,-2.553293,0.7777286,-0.5901396,-0.216503,0.0,0.0,0.0,0.0,0.0,0.0,0.0,-2.760947,0.2521778,0.05341983,-0.2884126,0.09076574,-2.75642,0.2099689,0.7069163,-0.147184,0.6591808,29.00648,95.75094,6.751661,-0.03889382,0.03176929,-0.9987379,0.0,0.0,0.0,0.7095906,-0.5171196,-2.799124,-0.06473529,-0.1766979,1.022855,-0.04278757,0.1028193,-0.9937793,0.4909026,0.8684999,0.06872151,0.8701631,-0.4849084,-0.08763522,moving,-74.44393,69.85356,-3.621354,-9.801101
1075,05/08/2023 17:08:11.142359,1316,True,True,True,True,Eyes,-0.1646785,0.08116561,-2.562488,0.7809134,-0.5896208,-0.2062073,0.0,0.0,0.0,0.0,0.0,0.0,0.0,-2.769385,0.258639,0.08283472,-0.2895865,0.08991402,-2.766099,0.2093399,0.7033402,-0.1472884,0.6631709,29.00225,95.05226,6.50739,-0.04124536,0.03175879,-0.998644,0.0,0.0,0.0,0.7071156,-0.519391,-2.799052,-0.06747651,-0.1770179,1.021599,-0.03276258,0.09911973,-0.9945361,0.4898291,0.8689659,0.07046867,0.8712028,-0.4848439,-0.07702119,moving,-75.20815,70.7238,-3.778893,-9.830341
1076,05/08/2023 17:08:11.162155,1317,True,True,True,True,Eyes,-0.1694711,0.0812587,-2.571691,0.7839631,-0.588961,-0.1962823,0.0,0.0,0.0,0.0,0.0,0.0,0.0,-2.777149,0.269243,0.1109941,-0.290708,0.08873012,-2.775785,0.2092193,0.69975,-0.1468645,0.6670893,28.99104,94.3829,6.357653,-0.043532,0.03174301,-0.9985474,0.0,0.0,0.0,0.7046241,-0.5216775,-2.798979,-0.07072312,-0.1761552,1.020519,-0.0224384,0.09685889,-0.9950452,0.4887459,0.8693162,0.07359905,0.8721377,-0.4846728,-0.06684538,moving,-75.9437,71.56838,-3.964323,-9.793509
1077,05/08/2023 17:08:11.172389,1318,True,True,True,True,Eyes,-0.1740916,0.08128858,-2.580912,0.786902,-0.5882624,-0.1863664,0.0,0.0,0.0,0.0,0.0,0.0,0.0,-2.784694,0.2793658,0.1376939,-0.2914079,0.08774289,-2.785481,0.2094041,0.6962152,-0.1467495,0.6707451,29.02898,93.74635,6.218832,-0.04575237,0.03172075,-0.9984488,0.0,0.0,0.0,0.7020659,-0.5240251,-2.798904,-0.07498485,-0.1735651,1.020179,-0.01250215,0.09471759,-0.9954257,0.4884436,0.8692291,0.07657497,0.8725059,-0.4852519,-0.05713144,moving,-76.67582,72.42137,-4.203776,-9.6554
1078,05/08/2023 17:08:11.192687,1319,True,True,True,True,Eyes,-0.1785288,0.08125947,-2.590133,0.7897924,-0.5873226,-0.1768623,0.0,0.0,0.0,0.0,0.0,0.0,0.0,-2.791674,0.2921495,0.1643922,-0.2919734,0.08625311,-2.795198,0.2091662,0.6927832,-0.1455234,0.6746289,28.93724,93.10464,6.130815,-0.04790467,0.03169025,-0.9983488,0.0,0.0,0.0,0.6994984,-0.5263814,-2.798828,-0.07770708,-0.1753818,1.01908,-0.002251213,0.09346507,-0.9956201,0.4861622,0.8701448,0.08058669,0.8738657,-0.4838514,-0.04739803,moving,-77.3777,73.24121,-4.360491,-9.764844
1079,05/08/2023 17:08:11.212232,1320,True,True,True,True,Eyes,-0.1827863,0.0811515,-2.599387,0.7925899,-0.58632,-0.167422,0.0,0.0,0.0,0.0,0.0,0.0,0.0,-2.798608,0.3053101,0.1887333,-0.2920972,0.08483693,-2.805089,0.2086554,0.6897069,-0.1436369,0.6783332,28.76449,92.51493,6.087057,-0.04998811,0.03165016,-0.9982479,0.0,0.0,0.0,0.6969588,-0.528712,-2.798754,-0.07855275,-0.1717648,1.019623,0.007345792,0.09295469,-0.9956434,0.4826894,0.8716628,0.084941,0.8757609,-0.4812104,-0.03846516,moving,-78.07251,74.06346,-4.405419,-9.562215
1080,05/08/2023 17:08:11.222344,1321,True,True,True,True,Eyes,-0.1868637,0.08096758,-2.608671,0.795297,-0.5851422,-0.1584653,0.0,0.0,0.0,0.0,0.0,0.0,0.0,-2.805157,0.3232157,0.2102461,-0.2921175,0.08280931,-2.815206,0.2088415,0.6867366,-0.1412718,0.6817774,28.60705,91.98724,6.160034,-0.05200142,0.03159847,-0.9981467,0.0,0.0,0.0,0.6938754,-0.5315417,-2.798664,-0.07700181,-0.168884,1.020197,0.01687027,0.09420644,-0.9954098,0.47947,0.872855,0.09073388,0.8773962,-0.4787998,-0.03044388,moving,-78.73123,74.84691,-4.316351,-9.399535
1081,05/08/2023 17:08:11.243984,1322,True,True,True,True,Eyes,-0.1907598,0.08071187,-2.617991,0.7978758,-0.5839739,-0.1495617,0.0,0.0,0.0,0.0,0.0,0.0,0.0,-2.811235,0.3430633,0.2314663,-0.2919559,0.08076221,-2.825341,0.2092952,0.6837059,-0.1386771,0.6852084,28.45382,91.46751,6.278277,-0.05394353,0.03153353,-0.9980456,0.0,0.0,0.0,0.6917644,-0.533479,-2.798602,-0.07558116,-0.1692399,1.020072,0.02662968,0.09614726,-0.995011,0.4762382,0.8739284,0.09719291,0.8789132,-0.4764504,-0.02251651,moving,-79.38312,75.63474,-4.237529,-9.420125
1082,05/08/2023 17:08:11.262465,1323,True,True,True,True,Eyes,-0.194469,0.08039669,-2.627306,0.8003536,-0.5826856,-0.1411081,0.0,0.0,0.0,0.0,0.0,0.0,0.0,-2.818021,0.3566175,0.2517583,-0.2915609,0.07877864,-2.835593,0.2096169,0.6808007,-0.1375487,0.6882235,28.4123,90.96792,6.271805,-0.05581351,0.03145406,-0.9979453,0.0,0.0,0.0,0.6892419,-0.535794,-2.798528,-0.07303548,-0.1693545,1.019704,0.03518157,0.09608621,-0.994751,0.4747431,0.8742822,0.1012401,0.8794209,-0.475813,-0.01485767,moving,-80.0011,76.38684,-4.096767,-9.429725
1083,05/08/2023 17:08:11.277930,1324,True,True,True,True,Eyes,-0.1979797,0.08002587,-2.636657,0.8028036,-0.5812804,-0.1327384,0.0,0.0,0.0,0.0,0.0,0.0,0.0,-2.824945,0.3697729,0.2698696,-0.2907883,0.07710493,-2.845939,0.2096283,0.6782668,-0.1358828,0.6910471,28.29787,90.51926,6.296371,-0.05761099,0.0313594,-0.9978461,0.0,0.0,0.0,0.686525,-0.5382872,-2.798448,-0.0707531,-0.1631394,1.020418,0.04298018,0.09656508,-0.9943982,0.4721706,0.8751837,0.1053965,0.8804588,-0.4740556,-0.007979692,moving,-80.61146,77.13678,-3.966389,-9.083298
1084,05/08/2023 17:08:11.292836,1325,True,True,True,True,Eyes,-0.2012849,0.07960439,-2.646,0.8052621,-0.5796884,-0.1245564,0.0,0.0,0.0,0.0,0.0,0.0,0.0,-2.830785,0.3895316,0.2872818,-0.2896049,0.07534869,-2.856232,0.2095633,0.6758292,-0.1322484,0.6941532,28.01434,90.08591,6.481549,-0.05933486,0.0312491,-0.9977486,0.0,0.0,0.0,0.6839746,-0.5406278,-2.798373,-0.0685941,-0.1546419,1.021923,0.05153064,0.09965669,-0.9936867,0.4668592,0.8771873,0.1121834,0.8828292,-0.4696926,-0.001323616,moving,-81.20728,77.87335,-3.840081,-8.60497
1085,05/08/2023 17:08:11.312124,1326,True,True,True,True,Eyes,-0.2043924,0.07912821,-2.655393,0.8076754,-0.5780272,-0.1163829,0.0,0.0,0.0,0.0,0.0,0.0,0.0,-2.835933,0.4107292,0.3068609,-0.287996,0.07374322,-2.866531,0.209107,0.673215,-0.1277826,0.6976586,27.63394,89.60474,6.692746,-0.06098387,0.03112304,-0.9976531,0.0,0.0,0.0,0.6815868,-0.5428191,-2.798303,-0.06758991,-0.1505776,1.022865,0.06090627,0.1032506,-0.992789,0.4598453,0.8798918,0.1197202,0.885908,-0.463821,0.006111615,moving,-81.80034,78.61599,-3.780554,-8.374458
1176,05/08/2023 17:08:12.822129,1417,True,True,True,True,Eyes,0.02509056,0.09419122,-3.48313,0.593293,-0.4962789,0.6338065,0.0,0.0,0.0,0.0,0.0,0.0,0.0,-2.228508,1.24803,2.573296,0.2082793,0.0860498,-3.618686,0.1994229,0.3044807,0.003177424,0.9314033,21.68795,37.71704,7.877895,-0.01070041,0.02753256,-0.9995634,0.0,0.0,0.0,0.6815868,-0.5428191,-2.798303,-0.1185722,-0.1605679,1.14658,0.8145628,0.1273598,-0.5659213,0.1155219,0.9204409,0.3734212,0.5684558,-0.3695513,0.7350439,moving,43.10903,-38.06142,-5.904189,-7.971901
1177,05/08/2023 17:08:12.842187,1418,True,True,True,True,Eyes,0.02509056,0.09419122,-3.48313,0.593293,-0.4962789,0.6338065,0.0,0.0,0.0,0.0,0.0,0.0,0.0,-2.218646,1.244197,2.584749,0.2205561,0.08385015,-3.618793,0.1974914,0.301482,0.005586591,0.9327779,21.41144,37.33662,7.99593,-0.008910441,0.02748286,-0.9995823,0.0,0.0,0.0,0.6822079,-0.5404029,-2.797943,-0.11911,-0.1585902,1.146279,0.8181548,0.1295023,-0.5602248,0.1086581,0.9219319,0.3717997,0.5646381,-0.3650627,0.7402115,moving,43.10903,-38.06142,-5.932319,-7.876991
1178,05/08/2023 17:08:12.863821,1419,True,True,True,True,Eyes,0.02509056,0.09419122,-3.48313,0.593293,-0.4962789,0.6338065,0.0,0.0,0.0,0.0,0.0,0.0,0.0,-2.207995,1.246723,2.593031,0.232919,0.08249123,-3.618331,0.1970361,0.2982972,0.007158455,0.9338867,21.33056,36.95252,8.079614,-0.007299413,0.02743805,-0.9995967,0.0,0.0,0.0,0.6827854,-0.5381559,-2.797608,-0.1196625,-0.1577011,1.145707,0.8219351,0.130921,-0.5543306,0.1041803,0.922251,0.3722894,0.5599725,-0.363748,0.7443911,moving,43.10903,-38.06142,-5.962598,-7.837246
1179,05/08/2023 17:08:12.881995,1420,True,True,True,True,Eyes,0.02509056,0.09419122,-3.48313,0.593293,-0.4962789,0.6338065,0.0,0.0,0.0,0.0,0.0,0.0,0.0,-2.197241,1.27542,2.587413,0.2459331,0.08496819,-3.616845,0.2010881,0.2955129,0.00935203,0.9338889,21.71936,36.73964,8.437626,-0.005849469,0.02739765,-0.9996073,0.0,0.0,0.0,0.6834292,-0.5356513,-2.797234,-0.1211714,-0.1560204,1.144913,0.8251694,0.1363157,-0.5481911,0.1013807,0.9189523,0.3811151,0.5557135,-0.3700605,0.7444714,moving,43.10903,-38.06142,-6.041387,-7.760055
1180,05/08/2023 17:08:12.892080,1421,True,True,True,True,Eyes,0.02509056,0.09419122,-3.48313,0.593293,-0.4962789,0.6338065,0.0,0.0,0.0,0.0,0.0,0.0,0.0,-2.165387,1.270007,2.616826,0.2596746,0.08641744,-3.615896,0.1976431,0.2893397,0.01583117,0.9364663,21.1623,36.00194,8.884185,-0.004544353,0.02736125,-0.9996151,0.0,0.0,0.0,0.6840109,-0.533388,-2.796897,-0.1229775,-0.1536494,1.144246,0.8320639,0.1440227,-0.5356559,0.08472124,0.9213732,0.3793333,0.5481715,-0.361011,0.7544395,moving,43.10903,-38.06142,-6.1343,-7.647932
1181,05/08/2023 17:08:12.911965,1422,True,True,True,True,Eyes,0.02509056,0.09419122,-3.48313,0.593293,-0.4962789,0.6338065,0.0,0.0,0.0,0.0,0.0,0.0,0.0,-2.155097,1.237229,2.640793,0.273656,0.08689202,-3.614765,0.1917308,0.2856587,0.01798466,0.9387838,20.46973,35.44025,8.798804,-0.003369894,0.02732845,-0.9996206,0.0,0.0,0.0,0.6846094,-0.5310599,-2.79655,-0.1249956,-0.1487636,1.143906,0.8361512,0.1433065,-0.5294471,0.0757717,0.9258317,0.3702624,0.5432398,-0.3497125,0.7632768,moving,43.10903,-38.06142,-6.236019,-7.409664
1182,05/08/2023 17:08:12.922261,1423,True,True,True,True,Eyes,0.02509056,0.09419122,-3.48313,0.593293,-0.4962789,0.6338065,0.0,0.0,0.0,0.0,0.0,0.0,0.0,-2.130977,1.291041,2.635255,0.286501,0.08907726,-3.614194,0.199774,0.2807371,0.01938012,0.9385636,21.35342,35.03912,9.177638,-0.002312868,0.0272989,-0.9996244,0.0,0.0,0.0,0.6852154,-0.5287019,-2.796198,-0.1262509,-0.1421139,1.143873,0.8416222,0.1485469,-0.5192358,0.07578899,0.9194295,0.3858826,0.5347225,-0.3641197,0.7625541,moving,43.10903,-38.06142,-6.298327,-7.082096
1183,05/08/2023 17:08:12.942542,1424,True,True,True,True,Eyes,0.02509056,0.09419122,-3.48313,0.593293,-0.4962789,0.6338065,0.0,0.0,0.0,0.0,0.0,0.0,0.0,-2.115507,1.256501,2.663282,0.2994065,0.09123462,-3.612377,0.1930994,0.276678,0.02339174,0.9410712,20.51769,34.44846,9.270678,-0.001361405,0.02727227,-0.9996269,0.0,0.0,0.0,0.6858162,-0.5263644,-2.795849,-0.1275596,-0.13676,1.143728,0.8458042,0.1508793,-0.5117136,0.06282617,0.9243308,0.3763845,0.5297813,-0.3504966,0.7723237,moving,43.10903,-38.06142,-6.363879,-6.818704
1184,05/08/2023 17:08:12.962432,1425,True,True,True,True,Eyes,0.02509056,0.09419122,-3.48313,0.593293,-0.4962789,0.6338065,0.0,0.0,0.0,0.0,0.0,0.0,0.0,-2.105926,1.266776,2.667683,0.310844,0.09268667,-3.612612,0.1955925,0.2731474,0.0214081,0.9416347,20.89511,34.02715,9.063453,-0.0005048095,0.02724827,-0.9996284,0.0,0.0,0.0,0.6864141,-0.5240384,-2.795502,-0.1285275,-0.1346102,1.14301,0.8498644,0.1471684,-0.5060356,0.06653394,0.9225705,0.3800485,0.5227847,-0.3566582,0.7742682,moving,43.10903,-38.06142,-6.415759,-6.716682
1185,05/08/2023 17:08:12.972138,1426,True,True,True,True,Eyes,0.02509056,0.09419122,-3.48313,0.593293,-0.4962789,0.6338065,0.0,0.0,0.0,0.0,0.0,0.0,0.0,-2.100484,1.286153,2.663002,0.3229174,0.0959077,-3.611694,0.199881,0.2704237,0.01943732,0.941563,21.46227,33.74748,8.945211,0.0002653841,0.02722668,-0.999629,0.0,0.0,0.0,0.687044,-0.5215878,-2.795137,-0.1291566,-0.1328339,1.142246,0.8529864,0.144708,-0.5014716,0.07150221,0.9193395,0.3869137,0.5170122,-0.3658885,0.7738371,moving,43.10903,-38.06142,-6.451176,-6.633234
1186,05/08/2023 17:08:12.992311,1427,True,True,True,True,Eyes,0.03765044,0.09421473,-3.487767,0.5856287,-0.4953658,0.6416009,0.0,0.0,0.0,0.0,0.0,0.0,0.0,-2.09435,1.265885,2.677636,0.3346412,0.09895037,-3.610641,0.1966829,0.2677202,0.02067437,0.9429817,21.09202,33.359,8.89737,0.0009590904,0.02720722,-0.9996291,0.0,0.0,0.0,0.687613,-0.5193742,-2.794807,-0.1281953,-0.1292849,1.142121,0.8557969,0.1443031,-0.4967779,0.06632087,0.9217769,0.3820066,0.5130431,-0.3598668,0.7792835,moving,42.38863,-37.67093,-6.404252,-6.458232
1187,05/08/2023 17:08:13.012320,1428,True,True,True,True,Eyes,0.05012687,0.09433916,-3.492218,0.5780836,-0.4946622,0.6489443,0.0,0.0,0.0,0.0,0.0,0.0,0.0,-2.096501,1.23911,2.690715,0.3451912,0.0999335,-3.611303,0.1930143,0.2659614,0.01966802,0.9442582,20.73515,33.0368,8.597679,0.001942134,0.02718677,-0.9996282,0.0,0.0,0.0,0.6882137,-0.517037,-2.794458,-0.128443,-0.12616,1.141696,0.8577554,0.1398121,-0.49468,0.06552531,0.9247173,0.3749724,0.5098649,-0.3540487,0.7840201,moving,41.69485,-37.31671,-6.418899,-6.305733
1188,05/08/2023 17:08:13.022393,1429,True,True,True,True,Eyes,0.06282733,0.09462424,-3.496621,0.5704284,-0.4937024,0.6564065,0.0,0.0,0.0,0.0,0.0,0.0,0.0,-2.100818,1.251727,2.682906,0.3556977,0.1025135,-3.611262,0.1959633,0.2650515,0.01827317,0.9439346,21.11655,32.96178,8.530686,0.003182564,0.02716843,-0.9996255,0.0,0.0,0.0,0.6888468,-0.5145741,-2.794091,-0.129696,-0.1209676,1.14201,0.8588275,0.1383781,-0.4932208,0.06938339,0.922529,0.3796396,0.5075443,-0.3602663,0.7826921,moving,40.9912,-36.94789,-6.479212,-6.046514
1189,05/08/2023 17:08:13.042198,1430,True,True,True,True,Eyes,0.07544871,0.094959,-3.500834,0.5629488,-0.4921756,0.6639668,0.0,0.0,0.0,0.0,0.0,0.0,0.0,-2.089059,1.238351,2.698946,0.3667695,0.1055074,-3.610587,0.1921266,0.2623091,0.02370313,0.9453675,20.53781,32.63908,8.945355,0.004659923,0.02715659,-0.99962,0.0,0.0,0.0,0.6894559,-0.5122045,-2.793738,-0.129682,-0.1174642,1.142805,0.8612642,0.1456095,-0.486849,0.0559768,0.925051,0.3756956,0.505065,-0.3508254,0.7885625,moving,40.29317,-36.54826,-6.474053,-5.868584
1190,05/08/2023 17:08:13.062552,1431,True,True,True,True,Eyes,0.07544871,0.094959,-3.500834,0.5629488,-0.4921756,0.6639668,0.0,0.0,0.0,0.0,0.0,0.0,0.0,-2.072804,1.201737,2.729002,0.3775312,0.1069188,-3.610287,0.1843059,0.2585371,0.02937451,0.9478012,19.52279,32.10456,9.218032,0.006347841,0.02715212,-0.9996109,0.0,0.0,0.0,0.6900392,-0.5099352,-2.793399,-0.1293154,-0.1162487,1.143292,0.8645914,0.1509822,-0.4792558,0.03961742,0.930337,0.3645594,0.5009114,-0.3341818,0.7983798,moving,40.29317,-36.54826,-6.453178,-5.80582
1191,05/08/2023 17:08:13.072170,1432,True,True,True,True,Eyes,0.07544871,0.094959,-3.500834,0.5629488,-0.4921756,0.6639668,0.0,0.0,0.0,0.0,0.0,0.0,0.0,-2.056869,1.199426,2.744455,0.388246,0.1077941,-3.610957,0.1834613,0.2544157,0.03052454,0.9490432,19.43234,31.59757,9.231729,0.007866595,0.02714803,-0.9996003,0.0,0.0,0.0,0.6906453,-0.5075771,-2.793048,-0.1287029,-0.1129906,1.144332,0.8686818,0.1512891,-0.4717028,0.03541262,0.9308204,0.3637571,0.4941031,-0.3326935,0.8032293,moving,40.29317,-36.54826,-6.41708,-5.639068
1192,05/08/2023 17:08:13.092584,1433,True,True,True,True,Eyes,0.08892769,0.09540163,-3.504944,0.5546355,-0.4906819,0.6720199,0.0,0.0,0.0,0.0,0.0,0.0,0.0,-2.044407,1.192734,2.758246,0.3992724,0.1088507,-3.610937,0.1822649,0.2507301,0.0310738,0.950236,19.31777,31.12703,9.173791,0.009233738,0.0271443,-0.9995886,0.0,0.0,0.0,0.6912352,-0.5052821,-2.792706,-0.1290237,-0.1123605,1.144957,0.8723376,0.1504535,-0.4651783,0.03234372,0.9316279,0.3619716,0.4878329,-0.3308071,0.8078279,moving,39.53374,-36.13542,-6.429462,-5.604783
1193,05/08/2023 17:08:13.112443,1434,True,True,True,True,Eyes,0.1022682,0.09586887,-3.508907,0.5463002,-0.4893898,0.6797452,0.0,0.0,0.0,0.0,0.0,0.0,0.0,-2.036947,1.181039,2.770542,0.4100406,0.1097057,-3.611058,0.1804532,0.2477746,0.03121077,0.9513519,19.1403,30.72725,9.062742,0.01084573,0.02715022,-0.9995723,0.0,0.0,0.0,0.6918206,-0.5030043,-2.792366,-0.1315452,-0.1112009,1.146136,0.8752674,0.1488082,-0.4601774,0.03003854,0.9329251,0.3588153,0.4827057,-0.3278824,0.8120889,moving,38.78828,-35.7524,-6.547345,-5.541634
1194,05/08/2023 17:08:13.122464,1435,True,True,True,True,Eyes,0.1154756,0.09634846,-3.512714,0.5376262,-0.4884048,0.6873272,0.0,0.0,0.0,0.0,0.0,0.0,0.0,-2.020183,1.196256,2.778408,0.4201249,0.1108016,-3.6115,0.1827043,0.2437209,0.03147268,0.9519605,19.42141,30.27935,9.088961,0.01267352,0.02716558,-0.9995503,0.0,0.0,0.0,0.6924319,-0.5006263,-2.792011,-0.1363873,-0.1103798,1.146932,0.8792192,0.1489792,-0.4525249,0.02913622,0.9312572,0.3631957,0.4755257,-0.3325135,0.8144385,moving,38.03246,-35.39706,-6.781472,-5.497166
1195,05/08/2023 17:08:13.142258,1436,True,True,True,True,Eyes,0.1285525,0.09683809,-3.516412,0.5288195,-0.4877125,0.6946125,0.0,0.0,0.0,0.0,0.0,0.0,0.0,-1.996224,1.199952,2.795985,0.4306248,0.1117308,-3.611704,0.1831695,0.2382727,0.03158951,0.9532456,19.5213,29.62017,9.0044,0.01469058,0.02718986,-0.9995221,0.0,0.0,0.0,0.6930541,-0.4982053,-2.79165,-0.1419225,-0.1122709,1.147895,0.8844565,0.1475137,-0.4426923,0.02706344,0.9309021,0.3642648,0.4658372,-0.3341572,0.8193502,moving,37.28259,-35.07408,-7.048123,-5.586099
1196,05/08/2023 17:08:13.162440,1437,True,True,True,True,Eyes,0.1415805,0.09738197,-3.520023,0.519582,-0.4875204,0.7016826,0.0,0.0,0.0,0.0,0.0,0.0,0.0,-1.976589,1.215158,2.806363,0.4406729,0.1125143,-3.612801,0.18641,0.2332219,0.02893222,0.9539506,20.00833,29.01416,8.701139,0.01687376,0.02722247,-0.9994867,0.0,0.0,0.0,0.6936312,-0.4959604,-2.791315,-0.1428631,-0.1096362,1.149941,0.8895409,0.1421496,-0.434178,0.03175001,0.9288285,0.3691472,0.455751,-0.3421567,0.8217177,moving,36.51921,-34.7911,-7.081867,-5.446159
1197,05/08/2023 17:08:13.172318,1438,True,True,True,True,Eyes,0.1544859,0.09798656,-3.523489,0.5103889,-0.4872388,0.7085912,0.0,0.0,0.0,0.0,0.0,0.0,0.0,-1.963498,1.237675,2.80827,0.4509421,0.114228,-3.613468,0.1909299,0.2293357,0.02638762,0.9540728,20.62309,28.57671,8.4745,0.01920429,0.02726411,-0.9994435,0.0,0.0,0.0,0.6942552,-0.4935326,-2.790953,-0.1469142,-0.09240744,1.153957,0.8934177,0.1379255,-0.4275294,0.03722267,0.9256989,0.3764253,0.4476821,-0.3522188,0.8219019,moving,35.76471,-34.51305,-7.255489,-4.578405
1198,05/08/2023 17:08:13.192490,1439,True,True,True,True,Eyes,0.1672737,0.09862329,-3.526835,0.5009715,-0.4868023,0.7155774,0.0,0.0,0.0,0.0,0.0,0.0,0.0,-1.949904,1.228023,2.823722,0.4609645,0.1162748,-3.613525,0.1896671,0.2254773,0.02621624,0.9552482,20.5201,28.07174,8.326002,0.02166316,0.02731565,-0.9993918,0.0,0.0,0.0,0.6948207,-0.4913326,-2.790625,-0.1466362,-0.09275538,1.155973,0.8969454,0.1356173,-0.4208288,0.03544521,0.9266782,0.3741806,0.4407183,-0.350536,0.8263727,moving,34.99564,-34.22718,-7.229409,-4.587591
1199,05/08/2023 17:08:13.212279,1440,True,True,True,True,Eyes,0.179941,0.09925169,-3.530068,0.4914951,-0.4862196,0.7225116,0.0,0.0,0.0,0.0,0.0,0.0,0.0,-1.931697,1.207618,2.8471,0.470715,0.1176202,-3.613914,0.1864231,0.2208632,0.02651954,0.956955,20.18684,27.44602,8.152907,0.0242335,0.02737705,-0.9993312,0.0,0.0,0.0,0.6954297,-0.4889631,-2.790272,-0.1446761,-0.1013485,1.157589,0.9010323,0.133104,-0.4128246,0.03159199,0.9290863,0.3685113,0.4326,-0.3450826,0.8329317,moving,34.22585,-33.93888,-7.123918,-5.003567
1200,05/08/2023 17:08:13.222291,1441,True,True,True,True,Eyes,0.1924967,0.09987499,-3.533208,0.481824,-0.485718,0.729331,0.0,0.0,0.0,0.0,0.0,0.0,0.0,-1.908768,1.190681,2.87198,0.4805757,0.1180186,-3.614485,0.1838876,0.2153728,0.02590079,0.9587123,19.96426,26.71154,7.880713,0.02689969,0.02744707,-0.999261,0.0,0.0,0.0,0.6960553,-0.4865294,-2.789909,-0.1385646,-0.09146667,1.161547,0.9058875,0.1288715,-0.4034353,0.02954593,0.931029,0.3637471,0.4224866,-0.3414339,0.8395998,moving,33.45028,-33.66272,-6.802846,-4.502498
1201,05/08/2023 17:08:13.242373,1442,True,True,True,True,Eyes,0.2049513,0.1004799,-3.536246,0.4721251,-0.4851428,0.736026,0.0,0.0,0.0,0.0,0.0,0.0,0.0,-1.887889,1.185101,2.890847,0.4904404,0.1185199,-3.615385,0.183207,0.210293,0.02500887,0.9599931,19.95223,26.05862,7.646306,0.02964906,0.02752475,-0.999181,0.0,0.0,0.0,0.6966099,-0.4843716,-2.789587,-0.1351552,-0.09638134,1.163098,0.9103028,0.125071,-0.394596,0.02903763,0.9316195,0.3622733,0.4129232,-0.3412366,0.8444241,moving,32.6782,-33.3904,-6.628199,-4.737051
1202,05/08/2023 17:08:13.262378,1443,True,True,True,True,Eyes,0.2173372,0.1010643,-3.539216,0.46221,-0.4845142,0.7427031,0.0,0.0,0.0,0.0,0.0,0.0,0.0,-1.864881,1.178048,2.911166,0.5005465,0.1186677,-3.616052,0.1818519,0.2050426,0.02521715,0.9613801,19.83523,25.39541,7.517136,0.03246922,0.0276088,-0.9990911,0.0,0.0,0.0,0.6972429,-0.4819088,-2.78922,-0.1333595,-0.1028666,1.164293,0.9146432,0.1230613,-0.3850762,0.02608823,0.9325879,0.3599987,0.4034193,-0.3393164,0.8497748,moving,31.89544,-33.11906,-6.534251,-5.049041
1203,05/08/2023 17:08:13.272339,1444,True,True,True,True,Eyes,0.2296188,0.1016103,-3.542115,0.4522595,-0.4838794,0.7492144,0.0,0.0,0.0,0.0,0.0,0.0,0.0,-1.841841,1.168893,2.932407,0.5104321,0.1186392,-3.617055,0.1802434,0.1997538,0.02513963,0.9627973,19.69617,24.71931,7.348281,0.03535056,0.02769799,-0.9989908,0.0,0.0,0.0,0.6978418,-0.4795789,-2.788872,-0.1343198,-0.09434518,1.16674,0.9189329,0.1204173,-0.3755822,0.02359986,0.9337606,0.3571193,0.3937073,-0.3370323,0.8552215,moving,31.11707,-32.85636,-6.56721,-4.623004
1204,05/08/2023 17:08:13.292164,1445,True,True,True,True,Eyes,0.2418163,0.1021248,-3.544952,0.4422857,-0.4833728,0.7554695,0.0,0.0,0.0,0.0,0.0,0.0,0.0,-1.8201,1.166067,2.950321,0.5203324,0.1183199,-3.618304,0.1797926,0.1946327,0.02439455,0.963949,19.70186,24.07181,7.139952,0.03828352,0.02779073,-0.9988801,0.0,0.0,0.0,0.6984226,-0.4773193,-2.788536,-0.1349762,-0.08133844,1.169987,0.9230461,0.1170172,-0.36646,0.02295681,0.9341591,0.3561177,0.3840038,-0.3371258,0.8595855,moving,30.34662,-32.61238,-6.580865,-3.976849
1205,05/08/2023 17:08:13.312333,1446,True,True,True,True,Eyes,0.2539288,0.1026067,-3.547715,0.4323488,-0.4828108,0.7615564,0.0,0.0,0.0,0.0,0.0,0.0,0.0,-1.799109,1.169449,2.965049,0.5301337,0.1180574,-3.619522,0.1800717,0.1898247,0.02428512,0.964858,19.77135,23.48746,7.03327,0.04125996,0.02788576,-0.9987589,0.0,0.0,0.0,0.6990292,-0.4749592,-2.788184,-0.136884,-0.07368538,1.171932,0.9267536,0.1152275,-0.3575616,0.02150073,0.9339689,0.356707,0.3750539,-0.3382674,0.8630816,moving,29.58433,-32.37384,-6.662071,-3.597742
1206,05/08/2023 17:08:13.322396,1447,True,True,True,True,Eyes,0.2659641,0.1030474,-3.550437,0.4224473,-0.4822836,0.7674248,0.0,0.0,0.0,0.0,0.0,0.0,0.0,-1.778296,1.167754,2.98128,0.5402164,0.1176894,-3.620543,0.1791474,0.1851832,0.02541022,0.9659026,19.67393,22.92866,7.041854,0.04427215,0.02798195,-0.9986272,0.0,0.0,0.0,0.6996193,-0.4726636,-2.787841,-0.1398074,-0.07230064,1.172783,0.930123,0.1154378,-0.3486335,0.01726257,0.9345211,0.3554889,0.3668422,-0.3366668,0.8672268,moving,28.83164,-32.14707,-6.798149,-3.527751
1207,05/08/2023 17:08:13.342277,1448,True,True,True,True,Eyes,0.277916,0.1034404,-3.553115,0.4125617,-0.4817495,0.7731173,0.0,0.0,0.0,0.0,0.0,0.0,0.0,-1.75702,1.165569,2.998533,0.5501478,0.1171099,-3.622222,0.1781027,0.180459,0.02649361,0.9669603,19.56491,22.35805,7.041909,0.04731421,0.028078,-0.9984851,0.0,0.0,0.0,0.7002155,-0.4703441,-2.787495,-0.1440185,-0.0723418,1.172941,0.9334653,0.115517,-0.3395562,0.01304394,0.935155,0.3539985,0.3584305,-0.3348745,0.871428,moving,28.0859,-31.92811,-6.999972,-3.529278
1208,05/08/2023 17:08:13.362468,1449,True,True,True,True,Eyes,0.2898608,0.1037829,-3.55579,0.402613,-0.4812937,0.7786264,0.0,0.0,0.0,0.0,0.0,0.0,0.0,-1.735604,1.167319,3.014117,0.5601605,0.1163544,-3.623884,0.1777903,0.1756843,0.02712301,0.9678792,19.54997,21.78482,7.007958,0.05037962,0.02817257,-0.9983324,0.0,0.0,0.0,0.7008381,-0.4679215,-2.787134,-0.1474834,-0.07826471,1.172319,0.9367988,0.1149735,-0.3304379,0.009966322,0.9353099,0.3536892,0.3497267,-0.3346288,0.8750513,moving,27.34263,-31.72153,-7.170415,-3.819432
1209,05/08/2023 17:08:13.382548,1450,True,True,True,True,Eyes,0.3017332,0.1040802,-3.558435,0.3926511,-0.4808576,0.783965,0.0,0.0,0.0,0.0,0.0,0.0,0.0,-1.712469,1.164605,3.032655,0.570199,0.1153154,-3.625938,0.1768377,0.1705522,0.02746917,0.9689611,19.4709,21.15364,6.917567,0.05346552,0.02826436,-0.9981694,0.0,0.0,0.0,0.7015429,-0.4651799,-2.786725,-0.1490861,-0.08240721,1.171816,0.9403147,0.1135533,-0.3208018,0.007087019,0.9359477,0.3520677,0.3402322,-0.3333279,0.8792807,moving,26.60413,-31.52354,-7.250586,-4.022665
1210,05/08/2023 17:08:13.392853,1451,True,True,True,True,Eyes,0.3135363,0.1043238,-3.561059,0.3826098,-0.4804145,0.7891843,0.0,0.0,0.0,0.0,0.0,0.0,0.0,-1.690144,1.167239,3.048406,0.5803972,0.1145392,-3.627924,0.1768701,0.1655294,0.02742101,0.9698274,19.51107,20.54364,6.808377,0.05656733,0.02835236,-0.9979959,0.0,0.0,0.0,0.7020303,-0.4632835,-2.786443,-0.1489581,-0.07972649,1.171852,0.9436962,0.1117417,-0.31137,0.005367098,0.9359301,0.3521448,0.3307698,-0.3339888,0.882634,moving,25.86489,-31.33089,-7.244211,-3.892097
1211,05/08/2023 17:08:13.412660,1452,True,True,True,True,Eyes,0.3252825,0.1045066,-3.563668,0.3725268,-0.479873,0.7943209,0.0,0.0,0.0,0.0,0.0,0.0,0.0,-1.662048,1.16076,3.070791,0.5906098,0.1135204,-3.630126,0.1752238,0.1596619,0.02809146,0.97109,19.35048,19.82157,6.726405,0.0596804,0.02843541,-0.9978122,0.0,0.0,0.0,0.7027178,-0.4606085,-2.786044,-0.1466082,-0.07585493,1.172002,0.9474379,0.1105118,-0.3002475,0.00139445,0.937015,0.3492864,0.3199367,-0.3313459,0.8876094,moving,25.12601,-31.13743,-7.130217,-3.703164
1212,05/08/2023 17:08:13.422469,1453,True,True,True,True,Eyes,0.3369989,0.104618,-3.566288,0.3623307,-0.4792331,0.7994074,0.0,0.0,0.0,0.0,0.0,0.0,0.0,-1.635229,1.153312,3.092635,0.6010654,0.1122294,-3.63244,0.1734783,0.1539396,0.02855098,0.9723131,19.1814,19.11342,6.622909,0.06280162,0.02851231,-0.9976184,0.0,0.0,0.0,0.7032592,-0.4585024,-2.78573,-0.142455,-0.07133433,1.172452,0.9509749,0.1089313,-0.2894489,-0.002110655,0.9381803,0.3461406,0.3092608,-0.3285601,0.8924158,moving,24.38237,-30.94208,-6.92758,-3.481698
1213,05/08/2023 17:08:13.447327,1454,True,True,True,True,Eyes,0.348671,0.1046653,-3.568907,0.3521145,-0.4785174,0.8043858,0.0,0.0,0.0,0.0,0.0,0.0,0.0,-1.606462,1.153123,3.113007,0.6115477,0.110565,-3.635246,0.1726283,0.1480379,0.02934178,0.9733567,19.10925,18.40398,6.577259,0.0659283,0.02858162,-0.9974147,0.0,0.0,0.0,0.7038584,-0.4561715,-2.785382,-0.138724,-0.06496984,1.172671,0.9544477,0.1082311,-0.2780569,-0.006008963,0.9386771,0.3447452,0.2983178,-0.3273705,0.8965685,moving,23.64108,-30.7478,-6.746593,-3.171134
1214,05/08/2023 17:08:13.462449,1455,True,True,True,True,Eyes,0.3603668,0.1046485,-3.571561,0.3417957,-0.4776478,0.8093382,0.0,0.0,0.0,0.0,0.0,0.0,0.0,-1.580195,1.148296,3.133371,0.6222285,0.1090596,-3.637933,0.1711348,0.1424827,0.03014534,0.9744245,18.96105,17.72919,6.52777,0.06905812,0.02864229,-0.9972011,0.0,0.0,0.0,0.7044371,-0.4539196,-2.785046,-0.1345079,-0.06155604,1.172646,0.9575799,0.1075162,-0.2673594,-0.00998123,0.9396083,0.3421062,0.2879952,-0.3249254,0.9008231,moving,22.89506,-30.54787,-6.543492,-3.004886
1215,05/08/2023 17:08:13.472118,1456,True,True,True,True,Eyes,0.372038,0.1045646,-3.574226,0.3314754,-0.4767146,0.8141665,0.0,0.0,0.0,0.0,0.0,0.0,0.0,-1.552129,1.142368,3.155268,0.6329651,0.1072958,-3.641108,0.1692181,0.1367451,0.03158706,0.9755349,18.75472,17.0406,6.543577,0.07219048,0.02869335,-0.9969778,0.0,0.0,0.0,0.705049,-0.4515391,-2.784691,-0.1309104,-0.06166172,1.172053,0.9606061,0.1079081,-0.2561091,-0.01534907,0.940735,0.3387951,0.2774895,-0.3215176,0.905332,moving,22.15294,-30.35003,-6.373135,-3.011554
1216,05/08/2023 17:08:13.492654,1457,True,True,True,True,Eyes,0.383706,0.104413,-3.576926,0.3211008,-0.4756938,0.8189076,0.0,0.0,0.0,0.0,0.0,0.0,0.0,-1.525399,1.139475,3.174996,0.644112,0.1055773,-3.644149,0.1677612,0.1312172,0.03309477,0.9764952,18.59949,16.38582,6.583324,0.07532362,0.02873386,-0.9967448,0.0,0.0,0.0,0.7056469,-0.449213,-2.784344,-0.1286383,-0.05406639,1.171842,0.9633736,0.1086601,-0.245162,-0.02060744,0.9415218,0.3363213,0.2673701,-0.3189509,0.9092764,moving,21.41058,-30.1518,-6.264529,-2.641636
1217,05/08/2023 17:08:13.512264,1458,True,True,True,True,Eyes,0.3953631,0.1042143,-3.579658,0.3107441,-0.4746857,0.8234754,0.0,0.0,0.0,0.0,0.0,0.0,0.0,-1.50006,1.13974,3.193185,0.6552637,0.1037184,-3.647669,0.16668,0.125962,0.03480392,0.9773127,18.48335,15.77337,6.661494,0.07845655,0.02876295,-0.9965022,0.0,0.0,0.0,0.7062585,-0.4468334,-2.783989,-0.1279831,-0.04654616,1.171191,0.9658445,0.1100193,-0.2346063,-0.02603791,0.9420129,0.334565,0.2578108,-0.3170291,0.9127027,moving,20.67434,-29.96095,-6.236313,-2.275886
1218,05/08/2023 17:08:13.522556,1459,True,True,True,True,Eyes,0.4070312,0.1039764,-3.582424,0.3004996,-0.4735925,0.827895,0.0,0.0,0.0,0.0,0.0,0.0,0.0,-1.472314,1.144897,3.210659,0.6667213,0.1023633,-3.651279,0.1661763,0.1204668,0.03718179,0.9780035,18.42625,15.15271,6.82626,0.08158805,0.02878041,-0.9962502,0.0,0.0,0.0,0.7068646,-0.4444757,-2.783638,-0.12684,-0.04609019,1.170002,0.9682105,0.1127653,-0.2232765,-0.03269036,0.9420059,0.3340003,0.2479914,-0.3160837,0.9157464,moving,19.94929,-29.77146,-6.187276,-2.255901
1219,05/08/2023 17:08:13.547546,1460,True,True,True,True,Eyes,0.4187078,0.1037066,-3.585238,0.2902284,-0.4725327,0.8321541,0.0,0.0,0.0,0.0,0.0,0.0,0.0,-1.444131,1.146997,3.229178,0.678349,0.1011095,-3.654905,0.1651958,0.1149119,0.03973979,0.9787371,18.31454,14.52304,7.003612,0.08471788,0.0287863,-0.9959888,0.0,0.0,0.0,0.7074609,-0.4421558,-2.783292,-0.1245033,-0.04766321,1.168546,0.970432,0.1157555,-0.2118074,-0.03982371,0.9422622,0.3324997,0.2380668,-0.3142334,0.9190112,moving,19.22712,-29.58976,-6.081658,-2.335712
1220,05/08/2023 17:08:13.562620,1461,True,True,True,True,Eyes,0.4304215,0.103403,-3.5881,0.2799436,-0.4713131,0.8363584,0.0,0.0,0.0,0.0,0.0,0.0,0.0,-1.411312,1.153231,3.248483,0.6902986,0.1000454,-3.658943,0.1647527,0.1087212,0.04255916,0.9794003,18.26808,13.82953,7.210501,0.08784518,0.02878083,-0.9957179,0.0,0.0,0.0,0.7080679,-0.4397942,-2.78294,-0.1204204,-0.05359977,1.166414,0.9727368,0.1191891,-0.1989397,-0.0475407,0.9420906,0.3319718,0.2269866,-0.3134635,0.9220725,moving,18.50628,-29.40257,-5.894326,-2.631041
1221,05/08/2023 17:08:13.572323,1462,True,True,True,True,Eyes,0.4421639,0.1030518,-3.591012,0.2697045,-0.4699927,0.840456,0.0,0.0,0.0,0.0,0.0,0.0,0.0,-1.383904,1.150577,3.268339,0.7025427,0.0988417,-3.66302,0.1633254,0.1030841,0.04436892,0.9801685,18.12103,13.17198,7.293197,0.09097049,0.02876417,-0.9954377,0.0,0.0,0.0,0.7086715,-0.4374461,-2.782589,-0.1165691,-0.05806044,1.164088,0.9748101,0.1206505,-0.1875863,-0.05330552,0.9427124,0.3293203,0.2165726,-0.3110254,0.925397,moving,17.79157,-29.21442,-5.718405,-2.855337
1222,05/08/2023 17:08:13.592870,1463,True,True,True,True,Eyes,0.4539195,0.1026401,-3.593977,0.2595973,-0.4683832,0.8445274,0.0,0.0,0.0,0.0,0.0,0.0,0.0,-1.364043,1.141716,3.287107,0.7150326,0.09731703,-3.667214,0.1611921,0.09837053,0.04543195,0.9809569,17.89699,12.60331,7.29579,0.0940937,0.02873607,-0.9951482,0.0,0.0,0.0,0.7093018,-0.4349937,-2.782224,-0.1125303,-0.05938122,1.161594,0.9765183,0.1208467,-0.178348,-0.05742045,0.9439061,0.3251833,0.2076411,-0.3073067,0.9286807,moving,17.08678,-29.01318,-5.533304,-2.926439
1223,05/08/2023 17:08:13.612109,1464,True,True,True,True,Eyes,0.4657004,0.1021718,-3.597,0.2496367,-0.4666594,0.8484753,0.0,0.0,0.0,0.0,0.0,0.0,0.0,-1.351993,1.128051,3.304354,0.7275346,0.09544337,-3.671611,0.1583626,0.094743,0.04636177,0.9817309,17.58703,12.15456,7.294642,0.09721439,0.02869597,-0.9948494,0.0,0.0,0.0,0.7098622,-0.4328133,-2.781899,-0.1083291,-0.06173015,1.15876,0.9777487,0.1210371,-0.1713403,-0.06102207,0.9455437,0.3197239,0.2007082,-0.3021541,0.9318901,moving,16.39483,-28.81069,-5.340888,-3.049411
1224,05/08/2023 17:08:13.622465,1465,True,True,True,True,Eyes,0.47751,0.101741,-3.60006,0.2398588,-0.4650849,0.8521525,0.0,0.0,0.0,0.0,0.0,0.0,0.0,-1.34225,1.11811,3.319358,0.7399639,0.09357616,-3.67609,0.1560446,0.09152072,0.04740523,0.9823577,17.33188,11.76296,7.324518,0.1003325,0.02864348,-0.9945413,0.0,0.0,0.0,0.7104923,-0.4303621,-2.781533,-0.1035359,-0.06205252,1.155792,0.9787534,0.1217004,-0.1650175,-0.06457517,0.9468057,0.3152603,0.1946068,-0.2979061,0.9345481,moving,15.72053,-28.62468,-5.118896,-3.073164
1225,05/08/2023 17:08:13.642419,1466,True,True,True,True,Eyes,0.4893577,0.1013896,-3.603158,0.2301249,-0.4635715,0.8556541,0.0,0.0,0.0,0.0,0.0,0.0,0.0,-1.334293,1.142357,3.321533,0.7524092,0.09402964,-3.680073,0.1586875,0.08901754,0.04942951,0.9820645,17.63082,11.5323,7.557173,0.1034477,0.02858084,-0.9942239,0.0,0.0,0.0,0.711084,-0.4280598,-2.78119,-0.09964287,-0.06374311,1.152038,0.9792652,0.1253379,-0.1591543,-0.06883401,0.94475,0.3204829,0.1905296,-0.3028825,0.9337883,moving,15.05328,-28.4477,-4.943364,-3.166988
1226,05/08/2023 17:08:13.662288,1467,True,True,True,True,Eyes,0.5012695,0.1010343,-3.606289,0.2201466,-0.4616501,0.8593105,0.0,0.0,0.0,0.0,0.0,0.0,0.0,-1.298316,1.151899,3.340001,0.7652336,0.09549118,-3.684209,0.1579675,0.08299056,0.05610527,0.9823497,17.52046,10.92778,8.226549,0.1065605,0.02851124,-0.9938971,0.0,0.0,0.0,0.7116688,-0.4257848,-2.780851,-0.0969829,-0.06479242,1.148127,0.9799295,0.1364496,-0.1453259,-0.08401038,0.9437969,0.3196712,0.1807771,-0.3010463,0.9363177,moving,14.36954,-28.24617,-4.828343,-3.229956
1227,05/08/2023 17:08:13.672474,1468,True,True,True,True,Eyes,0.513222,0.1007677,-3.609487,0.2103979,-0.4605033,0.8623627,0.0,0.0,0.0,0.0,0.0,0.0,0.0,-1.265328,1.129151,3.367817,0.7785714,0.09489295,-3.688231,0.1534721,0.0765054,0.05911864,0.9834115,17.02606,10.1571,8.404745,0.1096717,0.02843523,-0.9935609,0.0,0.0,0.0,0.7123048,-0.4233104,-2.780482,-0.09612203,-0.06359649,1.143688,0.9813039,0.1397588,-0.1323265,-0.09279303,0.9459026,0.3108982,0.1686187,-0.2928066,0.9411865,moving,13.71107,-28.1023,-4.80417,-3.182739
1228,05/08/2023 17:08:13.692851,1469,True,True,True,True,Eyes,0.5251873,0.1006438,-3.61266,0.2005412,-0.4592566,0.8653709,0.0,0.0,0.0,0.0,0.0,0.0,0.0,-1.258455,1.202072,3.353458,0.7915261,0.09691267,-3.693029,0.1637248,0.07438265,0.05941062,0.9819021,18.22113,10.0359,8.538404,0.1127814,0.02835584,-0.9932149,0.0,0.0,0.0,0.7128904,-0.4210319,-2.780142,-0.09603745,-0.06288913,1.139084,0.9818752,0.1410274,-0.126619,-0.09231427,0.9393291,0.3303618,0.165527,-0.3126853,0.9353228,moving,13.04742,-27.95511,-4.819276,-3.160108
1229,05/08/2023 17:08:13.712361,1470,True,True,True,True,Eyes,0.5371982,0.1005937,-3.615846,0.1906719,-0.4576019,0.8684727,0.0,0.0,0.0,0.0,0.0,0.0,0.0,-1.21984,1.20462,3.373091,0.804678,0.1001573,-3.695852,0.1617556,0.0683278,0.06815475,0.9821005,17.96325,9.454572,9.437236,0.1158895,0.02827733,-0.9928593,0.0,0.0,0.0,0.7134718,-0.4187701,-2.779804,-0.09618396,-0.06199753,1.134194,0.9813725,0.1559744,-0.1121607,-0.1117648,0.9383801,0.3270343,0.1562583,-0.3084068,0.9383329,moving,12.38274,-27.78493,-4.847302,-3.1288
1230,05/08/2023 17:08:13.722380,1471,True,True,True,True,Eyes,0.5492141,0.1005855,-3.619089,0.1805277,-0.4562322,0.8713564,0.0,0.0,0.0,0.0,0.0,0.0,0.0,-1.187064,1.163832,3.406135,0.8178694,0.1017141,-3.699476,0.1543706,0.06208989,0.07358254,0.9833107,17.12463,8.716401,9.873945,0.1189959,0.02820161,-0.9924939,0.0,0.0,0.0,0.714092,-0.4163571,-2.779445,-0.09848252,-0.05833089,1.129278,0.9814609,0.1638787,-0.09938937,-0.1255393,0.9415106,0.3127261,0.1448253,-0.2944511,0.9446291,moving,11.70495,-27.63604,-4.984065,-2.956887
1231,05/08/2023 17:08:13.742586,1472,True,True,True,True,Eyes,0.561287,0.1006534,-3.622331,0.1704348,-0.4549981,0.8740302,0.0,0.0,0.0,0.0,0.0,0.0,0.0,-1.149638,1.210552,3.411113,0.8311405,0.1029346,-3.704242,0.1605343,0.05564493,0.07491264,0.982609,17.88744,8.058418,9.989679,0.1220999,0.02812949,-0.9921189,0.0,0.0,0.0,0.7146806,-0.4140674,-2.779103,-0.1025789,-0.05878654,1.123405,0.9825835,0.1650855,-0.08530232,-0.1293539,0.9372337,0.3238219,0.1334065,-0.3071479,0.9422647,moving,11.03414,-27.50035,-5.217252,-2.995493
1232,05/08/2023 17:08:13.762235,1473,True,True,True,True,Eyes,0.5733891,0.100763,-3.625601,0.1600077,-0.4533106,0.8768734,0.0,0.0,0.0,0.0,0.0,0.0,0.0,-1.129658,1.218763,3.421763,0.844646,0.1048533,-3.707499,0.1615317,0.05107972,0.07549419,0.982649,18.04389,7.540689,9.985468,0.1252024,0.02806266,-0.991734,0.0,0.0,0.0,0.7152832,-0.411723,-2.778754,-0.1082076,-0.0620032,1.11707,0.983383,0.1648706,-0.07599746,-0.1318666,0.9364163,0.3251704,0.1247763,-0.3097455,0.9425967,moving,10.34129,-27.33726,-5.532826,-3.176954
1233,05/08/2023 17:08:13.772462,1474,True,True,True,True,Eyes,0.5855248,0.1008966,-3.628894,0.1496903,-0.4516831,0.8795313,0.0,0.0,0.0,0.0,0.0,0.0,0.0,-1.118045,1.207235,3.437258,0.8576478,0.1058814,-3.711524,0.1592465,0.04769672,0.07716553,0.9830621,17.80253,7.140718,10.09625,0.1283031,0.02800168,-0.9913394,0.0,0.0,0.0,0.7158852,-0.4093808,-2.778404,-0.1127882,-0.06505814,1.110293,0.983541,0.1669081,-0.06920099,-0.136526,0.937372,0.3204596,0.1183544,-0.3057374,0.9447311,moving,9.658809,-27.18276,-5.800445,-3.353438
1234,05/08/2023 17:08:13.792308,1475,True,True,True,True,Eyes,0.5855248,0.1008966,-3.628894,0.1496903,-0.4516831,0.8795313,0.0,0.0,0.0,0.0,0.0,0.0,0.0,-1.099666,1.209836,3.44974,0.8706486,0.1065792,-3.715412,0.1589453,0.04356797,0.07886526,0.9831676,17.79834,6.67898,10.21933,0.131402,0.02794656,-0.9909349,0.0,0.0,0.0,0.7164861,-0.407043,-2.778056,-0.1163306,-0.06983495,1.103202,0.9837642,0.1689254,-0.0605987,-0.1412257,0.9370333,0.3194118,0.1107398,-0.3056677,0.9456764,moving,9.658809,-27.18276,-6.019491,-3.622108
1235,05/08/2023 17:08:13.812597,1476,True,True,True,True,Eyes,0.5855248,0.1008966,-3.628894,0.1496903,-0.4516831,0.8795313,0.0,0.0,0.0,0.0,0.0,0.0,0.0,-1.079546,1.217058,3.461143,0.8836637,0.1071577,-3.719383,0.159562,0.0391215,0.07957672,0.9831974,17.91078,6.173218,10.22822,0.1341897,0.02789673,-0.9905627,0.0,0.0,0.0,0.7170796,-0.4047341,-2.777711,-0.1194503,-0.07350627,1.096016,0.9842741,0.1689638,-0.05153348,-0.1439946,0.936415,0.3199882,0.1023232,-0.3075356,0.9460189,moving,9.658809,-27.18276,-6.219886,-3.836899
1236,05/08/2023 17:08:13.832329,1477,True,True,True,True,Eyes,0.5986767,0.1011001,-3.632496,0.1385004,-0.4499952,0.8822255,0.0,0.0,0.0,0.0,0.0,0.0,0.0,-1.063609,1.22879,3.469416,0.8968031,0.1076378,-3.723197,0.160858,0.03527051,0.08000794,0.9830969,18.09746,5.741324,10.22045,0.136698,0.02785169,-0.9902209,0.0,0.0,0.0,0.7176719,-0.4024296,-2.777368,-0.1234003,-0.07660425,1.088492,0.9847095,0.1686582,-0.04360883,-0.145964,0.9354469,0.3219219,0.0950885,-0.3106342,0.9457613,moving,8.922029,-27.02468,-6.467902,-4.02564
1237,05/08/2023 17:08:13.842943,1478,True,True,True,True,Eyes,0.611807,0.101326,-3.636068,0.1274529,-0.4483511,0.8847243,0.0,0.0,0.0,0.0,0.0,0.0,0.0,-1.052166,1.241462,3.475331,0.9094996,0.1086539,-3.726555,0.162301,0.03215437,0.0806339,0.9829154,18.29266,5.4019,10.24992,0.1392883,0.02781251,-0.989861,0.0,0.0,0.0,0.7182642,-0.4001254,-2.777024,-0.1270533,-0.07914311,1.080793,0.9849286,0.16895,-0.03703612,-0.1480752,0.9343132,0.3242418,0.08938397,-0.3138708,0.945249,moving,8.197598,-26.87449,-6.704669,-4.188116
1238,05/08/2023 17:08:13.862446,1479,True,True,True,True,Eyes,0.6248613,0.1015308,-3.639612,0.1161173,-0.4462903,0.8873227,0.0,0.0,0.0,0.0,0.0,0.0,0.0,-1.035161,1.242115,3.486678,0.9221688,0.1094114,-3.729473,0.1619137,0.02823606,0.0818252,0.9830012,18.28246,4.954762,10.31445,0.1419508,0.02777918,-0.9894836,0.0,0.0,0.0,0.7188612,-0.3978026,-2.776678,-0.1300216,-0.07898742,1.073339,0.9850148,0.1700121,-0.02901492,-0.1517249,0.9341772,0.3229435,0.08200939,-0.3137019,0.9459734,moving,7.455504,-26.7007,-6.907011,-4.20883
1239,05/08/2023 17:08:13.872209,1480,True,True,True,True,Eyes,0.6378881,0.1017263,-3.64314,0.1048859,-0.4445081,0.8896132,0.0,0.0,0.0,0.0,0.0,0.0,0.0,-1.013978,1.233543,3.502376,0.9346894,0.1092274,-3.732404,0.1603269,0.02357417,0.08234866,0.9833404,18.14538,4.391807,10.27563,0.1446753,0.02775055,-0.9890897,0.0,0.0,0.0,0.719473,-0.3954225,-2.776323,-0.1355009,-0.07311264,1.066671,0.9853259,0.1695127,-0.01995746,-0.1543944,0.935028,0.3191943,0.07276826,-0.3114292,0.9474791,moving,6.724165,-26.54967,-7.2396,-3.921082
1240,05/08/2023 17:08:13.892415,1481,True,True,True,True,Eyes,0.6378881,0.1017263,-3.64314,0.1048859,-0.4445081,0.8896132,0.0,0.0,0.0,0.0,0.0,0.0,0.0,-0.9908764,1.255806,3.507776,0.9471239,0.1092501,-3.735558,0.1631053,0.01903469,0.08274182,0.9829488,18.51171,3.894876,10.25827,0.1474536,0.02772586,-0.98868,0.0,0.0,0.0,0.7200834,-0.3930476,-2.775969,-0.1358758,-0.08414775,1.059149,0.985583,0.1688713,-0.01042898,-0.1564526,0.9331009,0.3237983,0.0644115,-0.3174984,0.9460687,moving,6.724165,-26.54967,-7.310415,-4.54252
1241,05/08/2023 17:08:13.912275,1482,True,True,True,True,Eyes,0.6378881,0.1017263,-3.64314,0.1048859,-0.4445081,0.8896132,0.0,0.0,0.0,0.0,0.0,0.0,0.0,-0.9558918,1.269275,3.51899,0.9593577,0.1098086,-3.738402,0.1645978,0.01293377,0.08389325,0.9827015,18.74343,3.21068,10.28905,0.1499531,0.02770346,-0.9883046,0.0,0.0,0.0,0.7207101,-0.3906096,-2.775605,-0.138915,-0.0975028,1.050357,0.9855893,0.1691418,0.002197216,-0.1606263,0.931739,0.325671,0.05303735,-0.3213308,0.9454805,moving,6.724165,-26.54967,-7.53393,-5.303467
1242,05/08/2023 17:08:13.927227,1483,True,True,True,True,Eyes,0.6518503,0.1019977,-3.646837,0.0920484,-0.4426996,0.8919328,0.0,0.0,0.0,0.0,0.0,0.0,0.0,-0.9187787,1.267272,3.535697,0.9714134,0.1103022,-3.741053,0.1642176,0.006259481,0.0840807,0.9828143,18.76808,2.416341,10.17899,0.1522018,0.02768314,-0.9879614,0.0,0.0,0.0,0.7212664,-0.3884452,-2.775282,-0.1406192,-0.08237654,1.04607,0.9857826,0.1673273,0.01531124,-0.1632156,0.931926,0.3238434,0.03991887,-0.3217382,0.9459867,moving,5.892125,-26.39692,-7.656158,-4.502672
1243,05/08/2023 17:08:13.942423,1484,True,True,True,True,Eyes,0.6657248,0.1023028,-3.65045,0.07912055,-0.4408407,0.8940913,0.0,0.0,0.0,0.0,0.0,0.0,0.0,-0.8796673,1.271992,3.549801,0.9834012,0.1112597,-3.743449,0.1650592,-0.0006890116,0.08349779,0.9827427,18.9375,1.587855,9.977677,0.1545745,0.02766775,-0.9875934,0.0,0.0,0.0,0.7218956,-0.3859971,-2.774917,-0.1432008,-0.0993697,1.037885,0.9860553,0.1638862,0.02891839,-0.1643411,0.9315672,0.3243063,0.02620991,-0.3245364,0.94551,moving,5.057085,-26.24607,-7.855711,-5.468971
1244,05/08/2023 17:08:13.962312,1485,True,True,True,True,Eyes,0.6794806,0.1026359,-3.65398,0.0658134,-0.4384162,0.8963593,0.0,0.0,0.0,0.0,0.0,0.0,0.0,-0.8402717,1.256403,3.569945,0.9952953,0.1123704,-3.745113,0.1632631,-0.007938009,0.08245962,0.9830985,18.80307,0.6850202,9.702605,0.1570558,0.02765771,-0.9872021,0.0,0.0,0.0,0.7224804,-0.3837221,-2.774578,-0.1443519,-0.09363949,1.033975,0.9862748,0.1595399,0.04253291,-0.1647238,0.9330912,0.3196982,0.01131753,-0.3223164,0.9465643,moving,4.199294,-26.06361,-7.947618,-5.17474
1245,05/08/2023 17:08:13.972168,1486,True,True,True,True,Eyes,0.6931536,0.1029762,-3.657432,0.0523947,-0.4359504,0.8984443,0.0,0.0,0.0,0.0,0.0,0.0,0.0,-0.8003676,1.236738,3.590907,1.006981,0.113382,-3.746713,0.160994,-0.01528129,0.08107544,0.983501,18.61173,359.761,9.385945,0.1596303,0.02765327,-0.9867892,0.0,0.0,0.0,0.7231154,-0.3812517,-2.77421,-0.1476598,-0.08602235,1.029571,0.9863865,0.1545552,0.05616364,-0.1643959,0.9350154,0.3141976,-0.003953001,-0.3191534,0.9476948,moving,3.337546,-25.88396,-8.161637,-4.776065
1246,05/08/2023 17:08:13.992680,1487,True,True,True,True,Eyes,0.7067224,0.1033131,-3.660819,0.03879254,-0.4331985,0.9004633,0.0,0.0,0.0,0.0,0.0,0.0,0.0,-0.7590142,1.220534,3.610385,1.018804,0.1138942,-3.7483,0.1593251,-0.02285674,0.07896417,0.9837977,18.48745,358.8031,8.983171,0.1622859,0.02765407,-0.9863558,0.0,0.0,0.0,0.7237015,-0.3789714,-2.77387,-0.1516985,-0.09508213,1.023675,0.9864845,0.1480862,0.07013476,-0.1626529,0.9367604,0.3098775,-0.01981086,-0.317097,0.9481862,moving,2.466814,-25.69147,-8.429322,-5.306585
1247,05/08/2023 17:08:14.012528,1488,True,True,True,True,Eyes,0.7202082,0.1036573,-3.664152,0.02530793,-0.4306575,0.9021605,0.0,0.0,0.0,0.0,0.0,0.0,0.0,-0.7276504,1.220243,3.622171,1.030585,0.1141894,-3.750126,0.1599573,-0.02903076,0.07594094,0.9837703,18.61042,358.0151,8.502994,0.1650108,0.02765952,-0.9859035,0.0,0.0,0.0,0.7242816,-0.3767144,-2.773533,-0.1559024,-0.1017839,1.01887,0.9867804,0.1401295,0.08141381,-0.1587042,0.9372933,0.3103132,-0.0328246,-0.3191317,0.9471418,moving,1.606873,-25.51806,-8.699636,-5.704851
1248,05/08/2023 17:08:14.022539,1489,True,True,True,True,Eyes,0.7335821,0.1040333,-3.66742,0.01193855,-0.4279896,0.9037048,0.0,0.0,0.0,0.0,0.0,0.0,0.0,-0.7012109,1.234138,3.628124,1.042169,0.114759,-3.752171,0.1621569,-0.03414696,0.07439046,0.9833642,18.90495,357.393,8.218133,0.1677949,0.02766933,-0.9854332,0.0,0.0,0.0,0.7248858,-0.3743638,-2.773182,-0.1622787,-0.0961495,1.01514,0.9866002,0.1352315,0.09128364,-0.1573801,0.9363424,0.3138382,-0.04303194,-0.323999,0.9450783,moving,0.7568718,-25.34197,-9.082363,-5.410656
1249,05/08/2023 17:08:14.042663,1490,True,True,True,True,Eyes,0.7468705,0.104446,-3.670606,-0.001337785,-0.4253854,0.9050113,0.0,0.0,0.0,0.0,0.0,0.0,0.0,-0.6735649,1.243138,3.635322,1.053521,0.1159218,-3.753839,0.1633839,-0.03918238,0.07448392,0.9829662,19.08913,356.8037,8.129004,0.1706284,0.02768394,-0.9849461,0.0,0.0,0.0,0.7255034,-0.371961,-2.772824,-0.1684234,-0.1068579,1.009321,0.9858338,0.1336268,0.1013688,-0.1592339,0.9355157,0.3153648,-0.05269096,-0.3270386,0.9435409,moving,-0.08469436,-25.17508,-9.473549,-6.043454
1250,05/08/2023 17:08:14.062494,1491,True,True,True,True,Eyes,0.7600569,0.1048758,-3.673717,-0.01430227,-0.4222907,0.9063476,0.0,0.0,0.0,0.0,0.0,0.0,0.0,-0.6437117,1.239992,3.646389,1.06485,0.1172186,-3.755058,0.1630718,-0.04465375,0.07427338,0.9828006,19.09694,356.144,7.99476,0.1735033,0.02770386,-0.9844432,0.0,0.0,0.0,0.7261158,-0.3695785,-2.772469,-0.1720887,-0.1240583,1.002744,0.984979,0.1314283,0.1119953,-0.1605554,0.9357821,0.313901,-0.06354768,-0.3271673,0.9428272,moving,-0.9040588,-24.98203,-9.738108,-7.052727
1251,05/08/2023 17:08:14.072323,1492,True,True,True,True,Eyes,0.7731711,0.1053164,-3.676736,-0.02714299,-0.4192216,0.907478,0.0,0.0,0.0,0.0,0.0,0.0,0.0,-0.6176021,1.236762,3.656645,1.07624,0.1180437,-3.756307,0.1628421,-0.04973331,0.07331393,0.9826669,19.10689,355.5165,7.778582,0.1764122,0.02772903,-0.9839255,0.0,0.0,0.0,0.7267221,-0.3672198,-2.772117,-0.1735197,-0.1250323,0.9990571,0.9843034,0.127889,0.1216197,-0.1602837,0.936215,0.3127468,-0.07386535,-0.3273314,0.942018,moving,-1.713226,-24.79521,-9.853038,-7.133495
1252,05/08/2023 17:08:14.092645,1493,True,True,True,True,Eyes,0.7862262,0.1057596,-3.679667,-0.03975953,-0.4157703,0.9086002,0.0,0.0,0.0,0.0,0.0,0.0,0.0,-0.5934615,1.229383,3.667385,1.087702,0.1187382,-3.75714,0.1619396,-0.05452434,0.07277269,0.9826021,19.03708,354.9274,7.620235,0.1793489,0.02775923,-0.9833936,0.0,0.0,0.0,0.7273445,-0.3647985,-2.771756,-0.1754413,-0.126894,0.9946446,0.9834625,0.1253539,0.130721,-0.1606725,0.9369594,0.3103086,-0.08358189,-0.3261801,0.9416054,moving,-2.505614,-24.58856,-10.00327,-7.270361
1253,05/08/2023 17:08:14.112195,1494,True,True,True,True,Eyes,0.7992137,0.1061954,-3.6825,-0.05227695,-0.4123223,0.909537,0.0,0.0,0.0,0.0,0.0,0.0,0.0,-0.5682937,1.220413,3.678654,1.09905,0.1190971,-3.758027,0.1606852,-0.05936291,0.07266208,0.9825358,18.92831,354.3394,7.514704,0.1823085,0.02779405,-0.9828482,0.0,0.0,0.0,0.7279056,-0.3626155,-2.77143,-0.1784463,-0.1298207,0.9901536,0.9823925,0.1237087,0.1400038,-0.1618637,0.9378009,0.307131,-0.09330095,-0.3243847,0.9413127,moving,-3.289538,-24.38631,-10.21623,-7.469542
1254,05/08/2023 17:08:14.132176,1495,True,True,True,True,Eyes,0.8121546,0.1066167,-3.685233,-0.06456322,-0.4085428,0.9104528,0.0,0.0,0.0,0.0,0.0,0.0,0.0,-0.542582,1.20907,3.690252,1.110499,0.1193386,-3.758557,0.1591752,-0.0643333,0.07228408,0.9824967,18.78868,353.7295,7.377098,0.1852864,0.02783286,-0.9822901,0.0,0.0,0.0,0.7285157,-0.3602416,-2.771076,-0.1793453,-0.1244387,0.9877495,0.9812725,0.1215572,0.1494261,-0.1625183,0.9388766,0.3034776,-0.1034028,-0.3220788,0.9410489,moving,-4.056243,-24.16696,-10.29106,-7.18041
1255,05/08/2023 17:08:14.142306,1496,True,True,True,True,Eyes,0.8250329,0.1070162,-3.687848,-0.07679693,-0.4046887,0.911224,0.0,0.0,0.0,0.0,0.0,0.0,0.0,-0.5142112,1.196643,3.702261,1.122098,0.1192836,-3.758959,0.1575071,-0.0696629,0.07187707,0.9824319,18.63235,353.0759,7.231664,0.1882789,0.0278749,-0.9817197,0.0,0.0,0.0,0.7291315,-0.357846,-2.770719,-0.1775503,-0.1227102,0.985029,0.9799616,0.1192838,0.1595204,-0.1631735,0.9400504,0.2994657,-0.1142358,-0.3194944,0.9406772,moving,-4.817439,-23.94675,-10.21778,-7.101051
1256,05/08/2023 17:08:14.162537,1497,True,True,True,True,Eyes,0.8378469,0.1073651,-3.690347,-0.08902153,-0.4005929,0.9119213,0.0,0.0,0.0,0.0,0.0,0.0,0.0,-0.4877802,1.175925,3.715774,1.133569,0.1191268,-3.758794,0.1549053,-0.074897,0.0706811,0.9825473,18.36028,352.4147,7.001556,0.1912825,0.02791931,-0.9811376,0.0,0.0,0.0,0.7297132,-0.355583,-2.770382,-0.1751865,-0.1146283,0.9841238,0.9787893,0.1156911,0.1690774,-0.1620989,0.942017,0.293816,-0.1252819,-0.3149912,0.9407896,moving,-5.575533,-23.71514,-10.09364,-6.643734
1257,05/08/2023 17:08:14.172303,1498,True,True,True,True,Eyes,0.8506075,0.1076493,-3.692733,-0.1011359,-0.3965541,0.9124234,0.0,0.0,0.0,0.0,0.0,0.0,0.0,-0.4655726,1.155155,3.72834,1.145118,0.1181935,-3.75851,0.1523684,-0.0796876,0.06865001,0.982711,18.0839,351.7929,6.683914,0.194294,0.02796458,-0.9805444,0.0,0.0,0.0,0.730319,-0.3532259,-2.77003,-0.1754678,-0.1048312,0.982941,0.9778742,0.1106425,0.17754,-0.15921,0.944142,0.2885272,-0.1356996,-0.3104094,0.9408675,moving,-6.325027,-23.49055,-10.12143,-6.087615
1258,05/08/2023 17:08:14.192442,1499,True,True,True,True,Eyes,0.863296,0.1078626,-3.694997,-0.1130442,-0.3923857,0.9128278,0.0,0.0,0.0,0.0,0.0,0.0,0.0,-0.4431484,1.149537,3.735996,1.156677,0.1169223,-3.758179,0.1517213,-0.08430544,0.06707851,0.9825343,18.02626,351.2101,6.414223,0.197311,0.02800894,-0.9799406,0.0,0.0,0.0,0.7309323,-0.35084,-2.769675,-0.176319,-0.1075436,0.9800552,0.9767862,0.106232,0.1860204,-0.1573957,0.9449622,0.2868325,-0.1453115,-0.3094528,0.9397466,moving,-7.059541,-23.2608,-10.19883,-6.262138
1259,05/08/2023 17:08:14.212314,1500,True,True,True,True,Eyes,0.8759378,0.1079863,-3.697148,-0.1248227,-0.3883199,0.9130318,0.0,0.0,0.0,0.0,0.0,0.0,0.0,-0.4231725,1.135787,3.745306,1.168112,0.1154098,-3.757472,0.1499217,-0.08862201,0.06567276,0.9825258,17.83302,350.6624,6.179857,0.2003306,0.0280507,-0.9793265,0.0,0.0,0.0,0.7315184,-0.3485597,-2.769335,-0.1757209,-0.1136452,0.9771706,0.9756665,0.1024776,0.1938383,-0.1556231,0.9464212,0.2829637,-0.1544552,-0.3062439,0.9393393,moving,-7.784781,-23.04045,-10.19433,-6.633711
1260,05/08/2023 17:08:14.232175,1501,True,True,True,True,Eyes,1.190737,0.1089568,-3.747637,-0.4086633,-0.2692296,0.872072,0.0,0.0,0.0,0.0,0.0,0.0,0.0,-0.3989183,1.133653,3.751634,1.179707,0.1133766,-3.756927,0.1492422,-0.09316313,0.06601969,0.9821858,17.78634,350.1251,6.142033,0.2033512,0.02808781,-0.9787027,0.0,0.0,0.0,0.7321169,-0.346231,-2.768987,-0.1730642,-0.1172503,0.9746635,0.973924,0.1018795,0.2027128,-0.1574949,0.9467363,0.2808659,-0.1633011,-0.3054684,0.9380949,moving,-25.10835,-17.15671,-10.06867,-6.859619
1261,05/08/2023 17:08:14.242344,1502,True,True,True,True,Eyes,1.191205,0.1088706,-3.747566,-0.4089938,-0.2690437,0.8719745,0.0,0.0,0.0,0.0,0.0,0.0,0.0,-0.372032,1.131377,3.757542,1.191453,0.1113617,-3.75574,0.1483746,-0.09793095,0.06734625,0.9817634,17.72976,349.578,6.218483,0.2222232,0.02798873,-0.9745938,0.9443961,0.002911314,-0.1514654,0.7326981,-0.34397,-2.76865,-0.1714343,-0.1170806,0.9728554,0.971748,0.1031752,0.2122749,-0.1612971,0.9468989,0.2781468,-0.1723051,-0.3045279,0.936789,moving,-25.12861,-17.14737,-9.993925,-6.862393
1262,05/08/2023 17:08:14.262420,1503,True,True,True,True,Eyes,1.192068,0.1086669,-3.747437,-0.4095232,-0.2686554,0.8718458,0.0,0.0,0.0,0.0,0.0,0.0,0.0,-0.3496597,1.113521,3.76694,1.203235,0.1091652,-3.753976,0.1455767,-0.1023491,0.06789454,0.9816936,17.44087,349.0522,6.228376,0.2372845,0.02790521,-0.9710391,0.8877324,0.002736636,-0.1423775,0.7332965,-0.3416422,-2.768303,-0.1702112,-0.1180188,0.9704825,0.96983,0.103504,0.2207186,-0.1631026,0.9483955,0.2719256,-0.1811832,-0.2997214,0.9366642,moving,-25.16037,-17.12645,-9.947824,-6.933602
1263,05/08/2023 17:08:14.272389,1504,True,True,True,True,Eyes,1.193362,0.1083518,-3.747241,-0.4102222,-0.2683459,0.8716124,0.0,0.0,0.0,0.0,0.0,0.0,0.0,-0.3355194,1.104349,3.772778,1.215041,0.1062461,-3.752119,0.1439057,-0.1057106,0.06798629,0.9815774,17.27048,348.6481,6.194739,0.2493072,0.02783327,-0.9680241,0.8344684,0.002572437,-0.1338348,0.733939,-0.3391423,-2.76793,-0.168653,-0.1189449,0.9684731,0.9684063,0.1030429,0.2270935,-0.1638923,0.949338,0.2681355,-0.1879591,-0.296883,0.9362328,moving,-25.2039,-17.11218,-9.878607,-7.001825
1264,05/08/2023 17:08:14.291918,1505,True,True,True,True,Eyes,1.195083,0.107952,-3.746964,-0.4111656,-0.2680916,0.8712462,0.0,0.0,0.0,0.0,0.0,0.0,0.0,-0.3231472,1.112383,3.773394,1.226751,0.1032701,-3.750299,0.1442764,-0.1085561,0.06917904,0.981129,17.34515,348.3314,6.280596,0.2589083,0.02776862,-0.9655024,0.7844003,0.002418091,-0.1258048,0.734505,-0.3369403,-2.767602,-0.1673305,-0.1174185,0.9669746,0.9668596,0.1044229,0.2329769,-0.1670713,0.9487971,0.268088,-0.1930533,-0.2981272,0.9347997,moving,-25.26394,-17.10368,-9.817547,-6.923456
1265,05/08/2023 17:08:14.312483,1506,True,True,True,True,Eyes,1.197206,0.1074832,-3.746588,-0.4123674,-0.2678651,0.8707476,0.0,0.0,0.0,0.0,0.0,0.0,0.0,-0.3022784,1.119394,3.774729,1.238487,0.1005568,-3.748204,0.1443878,-0.1123573,0.07137702,0.9805272,17.40906,347.9178,6.470415,0.2665818,0.02770765,-0.9634137,0.7373363,0.002273006,-0.1182565,0.7351133,-0.3345738,-2.767249,-0.1669302,-0.1143244,0.9655699,0.9645624,0.1075282,0.2409507,-0.1724202,0.948115,0.2671128,-0.1997268,-0.2991917,0.9330561,moving,-25.34123,-17.09929,-9.808486,-6.752438
1266,05/08/2023 17:08:14.322385,1507,True,True,True,True,Eyes,1.199762,0.1069357,-3.746094,-0.4138964,-0.2676154,0.8700987,0.0,0.0,0.0,0.0,0.0,0.0,0.0,-0.2775609,1.119418,3.777675,1.25031,0.0984292,-3.745398,0.1436921,-0.1167237,0.07358592,0.9799558,17.38568,347.4342,6.659904,0.272724,0.02764734,-0.9616948,0.6930962,0.002136625,-0.1111611,0.7357072,-0.3322629,-2.766904,-0.1677181,-0.1136561,0.9634967,0.9619214,0.1106773,0.2499156,-0.1777664,0.9478754,0.2644454,-0.2076207,-0.2988023,0.9314563,moving,-25.43992,-17.09628,-9.874667,-6.727639
1267,05/08/2023 17:08:14.342553,1508,True,True,True,True,Eyes,1.202714,0.106339,-3.745459,-0.4156498,-0.2673905,0.8693317,0.0,0.0,0.0,0.0,0.0,0.0,0.0,-0.2510765,1.123582,3.779238,1.262632,0.09614307,-3.742276,0.1434189,-0.1212572,0.07641007,0.979229,17.4222,346.9428,6.914472,0.2776544,0.02758468,-0.9602847,0.6515104,0.002008428,-0.1044914,0.736321,-0.3298752,-2.766548,-0.1683976,-0.1126647,0.9620722,0.9589164,0.1148648,0.2593943,-0.1844271,0.947185,0.2623494,-0.2155598,-0.2994105,0.9294555,moving,-25.55366,-17.09694,-9.928265,-6.679272
1268,05/08/2023 17:08:14.362156,1509,True,True,True,True,Eyes,1.206055,0.1056959,-3.744688,-0.4176299,-0.2669188,0.8685272,0.0,0.0,0.0,0.0,0.0,0.0,0.0,-0.2263609,1.120743,3.781775,1.275128,0.09435623,-3.738218,0.1422082,-0.1255991,0.07971071,0.978595,17.35862,346.4792,7.240026,0.2816308,0.02751779,-0.9591279,0.6124198,0.001887922,-0.09822193,0.7369123,-0.3275749,-2.766205,-0.1688689,-0.1100982,0.9608794,0.9557422,0.1202865,0.2684922,-0.1917314,0.9468461,0.2583053,-0.2231501,-0.2983516,0.9280034,moving,-25.6805,-17.08343,-9.967607,-6.536479
1269,05/08/2023 17:08:14.372303,1510,True,True,True,True,Eyes,1.209769,0.1050055,-3.743809,-0.4198342,-0.2665329,0.8675825,0.0,0.0,0.0,0.0,0.0,0.0,0.0,-0.2008454,1.115541,3.785072,1.287757,0.09253475,-3.734255,0.1407645,-0.1301225,0.08263282,0.9779699,17.26741,345.9858,7.521076,0.2848607,0.02744511,-0.9581757,0.5756746,0.001774647,-0.09232862,0.7375391,-0.3251359,-2.765841,-0.1685828,-0.1082413,0.9600154,0.9524799,0.1249916,0.2777752,-0.1982581,0.9467143,0.2538221,-0.2312482,-0.2968317,0.926507,moving,-25.82293,-17.07765,-9.959838,-6.432909
1270,05/08/2023 17:08:14.395263,1511,True,True,True,True,Eyes,1.209769,0.1050055,-3.743809,-0.4198342,-0.2665329,0.8675825,0.0,0.0,0.0,0.0,0.0,0.0,0.0,-0.1752738,1.119213,3.786122,1.300522,0.09071428,-3.73075,0.140633,-0.134673,0.08483643,0.9771839,17.31946,345.4807,7.70069,0.2875115,0.02736529,-0.9573858,0.5411341,0.001668168,-0.0867889,0.7381364,-0.3228122,-2.765495,-0.1685472,-0.1047838,0.9594554,0.9493319,0.1279226,0.2870623,-0.2036805,0.9460502,0.2519983,-0.2393391,-0.2976991,0.924171,moving,-25.82293,-17.07765,-9.96347,-6.232671
1271,05/08/2023 17:08:14.412317,1512,True,True,True,True,Eyes,1.209769,0.1050055,-3.743809,-0.4198342,-0.2665329,0.8675825,0.0,0.0,0.0,0.0,0.0,0.0,0.0,-0.1489359,1.121438,3.786697,1.313309,0.08963356,-3.7264,0.14045,-0.1393663,0.0870086,0.9763609,17.36825,344.9575,7.874402,0.2896174,0.02729609,-0.9567529,0.5086661,0.001568078,-0.08158156,0.7387514,-0.3204195,-2.765138,-0.1673109,-0.1042732,0.9589512,0.946013,0.1307556,0.2965844,-0.2090516,0.9454066,0.2500077,-0.2477029,-0.298512,0.9217016,moving,-25.82293,-17.07765,-9.896936,-6.205773
1272,05/08/2023 17:08:14.432226,1513,True,True,True,True,Eyes,1.214894,0.1044349,-3.742361,-0.4232097,-0.2654936,0.8662602,0.0,0.0,0.0,0.0,0.0,0.0,0.0,-0.1248165,1.133468,3.783705,1.326061,0.09179401,-3.721543,0.1414253,-0.1433189,0.09196829,0.9751925,17.5895,344.5767,8.374644,0.2913975,0.02723485,-0.956214,0.4781461,0.001473993,-0.07668667,0.7393171,-0.3182188,-2.76481,-0.16655,-0.1038077,0.9584708,0.942003,0.1388358,0.3055404,-0.2199114,0.9430814,0.2494721,-0.2535138,-0.3021953,0.9189172,moving,-26.03773,-17.03939,-9.857648,-6.181355
1273,05/08/2023 17:08:14.443053,1514,True,True,True,True,Eyes,1.220332,0.103875,-3.740808,-0.4266814,-0.2643667,0.8649007,0.0,0.0,0.0,0.0,0.0,0.0,0.0,-0.08624339,1.079043,3.799713,1.338955,0.09276428,-3.715936,0.1336971,-0.1498272,0.09650225,0.9748663,16.83346,343.8447,8.900578,0.293128,0.0271651,-0.955687,0.4494574,0.001385554,-0.07208546,0.739923,-0.3158615,-2.764458,-0.1657536,-0.1008484,0.9586167,0.9364783,0.1480907,0.3179271,-0.2282165,0.9456248,0.2317562,-0.2663188,-0.2895909,0.9193538,moving,-26.2585,-16.99637,-9.809969,-6.005539
1274,05/08/2023 17:08:14.462307,1515,True,True,True,True,Eyes,1.226073,0.1033509,-3.739177,-0.4302975,-0.263425,0.8633953,0.0,0.0,0.0,0.0,0.0,0.0,0.0,-0.0764575,1.064858,3.804547,1.351983,0.09243162,-3.711865,0.1317071,-0.1528994,0.09660012,0.9746505,16.63519,343.4705,8.88738,0.294822,0.02708795,-0.955168,0.4224899,0.001302421,-0.06776033,0.7405379,-0.3134692,-2.764102,-0.1657649,-0.09924948,0.9585299,0.9345804,0.1480268,0.3234928,-0.2285786,0.9466433,0.2271966,-0.272601,-0.286277,0.91855,moving,-26.49067,-16.96713,-9.811495,-5.911535
1275,05/08/2023 17:08:14.472145,1516,True,True,True,True,Eyes,1.232061,0.102896,-3.737453,-0.4339841,-0.2624505,0.8618454,0.0,0.0,0.0,0.0,0.0,0.0,0.0,-0.05966127,1.109761,3.793236,1.364769,0.09275977,-3.708446,0.1370622,-0.1557853,0.09970684,0.973141,17.32716,343.2029,9.122629,0.2964906,0.02700505,-0.9546537,0.3971405,0.001224275,-0.06369472,0.7411444,-0.3111097,-2.76375,-0.165931,-0.09802449,0.9588436,0.931579,0.1513531,0.3305342,-0.2367622,0.942545,0.235696,-0.27587,-0.2978274,0.9138898,moving,-26.72764,-16.93663,-9.817986,-5.837182
1276,05/08/2023 17:08:14.492570,1517,True,True,True,True,Eyes,1.238333,0.1025632,-3.735653,-0.4379113,-0.2615439,0.8601328,0.0,0.0,0.0,0.0,0.0,0.0,0.0,-0.04778636,1.098271,3.797256,1.376762,0.09394309,-3.704502,0.1354511,-0.1588324,0.1008158,0.9727598,17.19042,342.8501,9.22261,0.2981427,0.02691871,-0.9541414,0.3733121,0.001150819,-0.05987303,0.7417346,-0.3088134,-2.763407,-0.1669049,-0.09595752,0.9591089,0.9292169,0.1531111,0.3363228,-0.2391672,0.9429783,0.2314971,-0.2817003,-0.2955483,0.9128506,moving,-26.98158,-16.91315,-9.871801,-5.713351
1277,05/08/2023 17:08:14.512968,1518,True,True,True,True,Eyes,1.24482,0.1023291,-3.733762,-0.4420699,-0.260588,0.8582937,0.0,0.0,0.0,0.0,0.0,0.0,0.0,-0.0352844,1.131769,3.788816,1.388689,0.09635271,-3.701287,0.1396732,-0.1612771,0.1032073,0.9715088,17.73876,342.6183,9.395162,0.2997867,0.02683241,-0.9536285,0.3509133,0.00108177,-0.05628065,0.7423242,-0.3065196,-2.763065,-0.1685807,-0.09275904,0.9598826,0.926676,0.1554814,0.3421948,-0.2455857,0.9396793,0.2380976,-0.2845336,-0.3046775,0.9089622,moving,-27.25104,-16.88891,-9.961063,-5.519686
1278,05/08/2023 17:08:14.522397,1519,True,True,True,True,Eyes,1.251513,0.1021488,-3.731815,-0.4466304,-0.2590757,0.8563884,0.0,0.0,0.0,0.0,0.0,0.0,0.0,-0.002133489,1.111708,3.795327,1.400432,0.09844537,-3.697229,0.1369694,-0.1668419,0.1058147,0.9706733,17.53052,341.9845,9.64236,0.3014292,0.02674861,-0.953113,0.3298585,0.001016863,-0.05290381,0.7429575,-0.3040559,-2.762698,-0.1704166,-0.08855513,0.9610831,0.921934,0.1597186,0.3528847,-0.2511275,0.9400852,0.2305964,-0.2949112,-0.3012137,0.9068063,moving,-27.54329,-16.83168,-10.05502,-5.264424
1279,05/08/2023 17:08:14.544558,1520,True,True,True,True,Eyes,1.258407,0.1020272,-3.729834,-0.4511462,-0.2579029,0.854373,0.0,0.0,0.0,0.0,0.0,0.0,0.0,0.01026738,1.086759,3.803752,1.41206,0.09942511,-3.694033,0.1340571,-0.1703926,0.1043026,0.9706267,17.20453,341.5188,9.447129,0.3030756,0.02666842,-0.952593,0.310067,0.0009558516,-0.04972958,0.7435544,-0.3017334,-2.762352,-0.1724032,-0.0854066,0.9623765,0.9201747,0.1567931,0.3587402,-0.2481624,0.9422993,0.224694,-0.3028102,-0.2957835,0.9059902,moving,-27.83601,-16.79708,-10.15642,-5.071458
1280,05/08/2023 17:08:14.562520,1521,True,True,True,True,Eyes,1.265473,0.102014,-3.72779,-0.4559447,-0.2564283,0.852267,0.0,0.0,0.0,0.0,0.0,0.0,0.0,0.02398705,1.111125,3.798333,1.423829,0.1007658,-3.691215,0.1370591,-0.1731153,0.1060546,0.9695351,17.60702,341.2354,9.553486,0.3047298,0.02659297,-0.9520672,0.291463,0.0008985005,-0.04674581,0.7441497,-0.2994176,-2.762006,-0.1736649,-0.08113265,0.9644812,0.917567,0.1581932,0.3647543,-0.2531013,0.9399344,0.2290478,-0.3066113,-0.3024865,0.9024917,moving,-28.14584,-16.74538,-10.20733,-4.80843
1281,05/08/2023 17:08:14.582439,1522,True,True,True,True,Eyes,1.27272,0.1020666,-3.725694,-0.4608948,-0.2547911,0.8500927,0.0,0.0,0.0,0.0,0.0,0.0,0.0,0.04628813,1.088611,3.80551,1.434912,0.1031775,-3.687751,0.1337642,-0.1770884,0.1097186,0.9688697,17.34112,340.8076,9.967973,0.3063954,0.02652451,-0.9515345,0.2739752,0.0008445905,-0.04394106,0.7447515,-0.297076,-2.761657,-0.1757056,-0.07864928,0.9664006,0.913203,0.1652299,0.372504,-0.2599822,0.9401379,0.2203404,-0.3137983,-0.2980599,0.9014937,moving,-28.46522,-16.6846,-10.30464,-4.65269
1282,05/08/2023 17:08:14.592606,1523,True,True,True,True,Eyes,1.280139,0.1021922,-3.723547,-0.4660445,-0.2530374,0.8478057,0.0,0.0,0.0,0.0,0.0,0.0,0.0,0.07122159,1.053907,3.815927,1.446463,0.1048655,-3.684269,0.1290678,-0.1817749,0.1120459,0.9683725,16.90021,340.2624,10.23924,0.3080757,0.02646401,-0.9509935,0.2575367,0.0007939151,-0.0413046,0.7453566,-0.294722,-2.761306,-0.1793314,-0.07720309,0.968072,0.9088072,0.1700817,0.3809746,-0.2639269,0.9415745,0.2092371,-0.3231286,-0.2907056,0.9005988,moving,-28.79789,-16.61834,-10.49484,-4.55965
1283,05/08/2023 17:08:14.612212,1524,True,True,True,True,Eyes,1.287718,0.1023903,-3.72136,-0.4711401,-0.2513366,0.8454921,0.0,0.0,0.0,0.0,0.0,0.0,0.0,0.08743668,1.056599,3.816303,1.458142,0.1065071,-3.681126,0.1293569,-0.18508,0.1134535,0.9675435,16.99648,339.8908,10.34062,0.3097731,0.02641251,-0.9504433,0.2420845,0.0007462802,-0.03882632,0.7459697,-0.2923368,-2.76095,-0.1849436,-0.07662824,0.9695046,0.9057475,0.1716596,0.3874978,-0.2674251,0.9407902,0.208321,-0.3287939,-0.2923129,0.8980243,moving,-29.1282,-16.55546,-10.80004,-4.519181
1284,05/08/2023 17:08:14.622833,1525,True,True,True,True,Eyes,1.295432,0.1026385,-3.719145,-0.4763101,-0.2493556,0.8431787,0.0,0.0,0.0,0.0,0.0,0.0,0.0,0.09539688,1.049962,3.819329,1.469571,0.1084293,-3.677962,0.1283887,-0.1874535,0.1147387,0.9670638,16.93799,339.6227,10.46682,0.3114903,0.02637092,-0.9498832,0.2275594,0.0007015034,-0.03649674,0.7465755,-0.2899798,-2.760599,-0.1912799,-0.07496172,0.9711214,0.9033924,0.1737855,0.3920213,-0.2700532,0.9407027,0.2053039,-0.3330967,-0.2913366,0.896755,moving,-29.46202,-16.47468,-11.1428,-4.41396
1285,05/08/2023 17:08:14.642640,1526,True,True,True,True,Eyes,1.303272,0.1029192,-3.71691,-0.481475,-0.24733,0.8408386,0.0,0.0,0.0,0.0,0.0,0.0,0.0,0.1027312,1.026513,3.827057,1.480507,0.1097217,-3.675148,0.1253624,-0.190031,0.1148128,0.966949,16.62307,339.2992,10.4861,0.313228,0.02633951,-0.9493124,0.2139059,0.0006594132,-0.03430694,0.7471618,-0.2876988,-2.760259,-0.199376,-0.06549203,0.973531,0.9014124,0.1743908,0.396287,-0.2696818,0.9422046,0.1988022,-0.3387142,-0.2860742,0.8963449,moving,-29.79601,-16.39108,-11.57395,-3.848641
1286,05/08/2023 17:08:14.663000,1527,True,True,True,True,Eyes,1.311219,0.1032332,-3.714657,-0.4868625,-0.2452492,0.8383423,0.0,0.0,0.0,0.0,0.0,0.0,0.0,0.1120509,1.013608,3.831889,1.491398,0.1107635,-3.672437,0.1238853,-0.1928365,0.1139906,0.9666812,16.46791,338.9416,10.36914,0.3149871,0.02631805,-0.9487307,0.2010715,0.0006198484,-0.03224852,0.7477559,-0.2853874,-2.759914,-0.2034216,-0.06253311,0.9769365,0.8996404,0.172606,0.4010665,-0.2681644,0.9433171,0.1955521,-0.3445794,-0.2834783,0.894933,moving,-30.14563,-16.30634,-11.76228,-3.662471
1287,05/08/2023 17:08:14.672175,1528,True,True,True,True,Eyes,1.319277,0.1035773,-3.712396,-0.4923276,-0.2431861,0.8357476,0.0,0.0,0.0,0.0,0.0,0.0,0.0,0.1292727,1.00242,3.835907,1.502178,0.1118097,-3.6697,0.1226565,-0.1965314,0.1135522,0.9661453,16.35818,338.4849,10.27814,0.3167676,0.02630637,-0.9481381,0.1890072,0.0005826575,-0.03031361,0.7483851,-0.2829397,-2.759549,-0.2053166,-0.06586617,0.9796052,0.8969626,0.1712041,0.4076117,-0.2676276,0.9441226,0.1923749,-0.3519001,-0.2816412,0.8926616,moving,-30.50176,-16.22396,-11.83734,-3.846633
1288,05/08/2023 17:08:14.693085,1529,True,True,True,True,Eyes,1.327425,0.1039674,-3.710125,-0.49806,-0.2412303,0.832913,0.0,0.0,0.0,0.0,0.0,0.0,0.0,0.1519163,0.9924322,3.839562,1.512941,0.1128682,-3.667221,0.121612,-0.2008399,0.1132738,0.9654238,16.27895,337.958,10.19273,0.3185702,0.02630422,-0.947534,0.1776668,0.000547698,-0.02849479,0.7489686,-0.2806694,-2.759211,-0.2132747,-0.04224721,0.9844416,0.8936648,0.1698653,0.4153421,-0.2675635,0.9447592,0.1893144,-0.3602403,-0.2803139,0.8897478,moving,-30.87831,-16.1522,-12.22396,-2.457334
1289,05/08/2023 17:08:14.712404,1530,True,True,True,True,Eyes,1.335651,0.1044101,-3.707832,-0.5039971,-0.239184,0.8299264,0.0,0.0,0.0,0.0,0.0,0.0,0.0,0.1803159,0.9909278,3.840519,1.523424,0.1143191,-3.664717,0.1218168,-0.2057399,0.1129066,0.9644086,16.34504,337.3636,10.06191,0.3203941,0.02631178,-0.9469185,0.1670068,0.0005148361,-0.0267851,0.749557,-0.2783805,-2.758869,-0.2182292,-0.04262611,0.9873325,0.8898464,0.167651,0.4243424,-0.2679013,0.9448255,0.1885036,-0.3693267,-0.2814211,0.8856636,moving,-31.26945,-16.07693,-12.46364,-2.472096
1290,05/08/2023 17:08:14.722349,1531,True,True,True,True,Eyes,1.343959,0.1048793,-3.705504,-0.5103083,-0.2369675,0.8266994,0.0,0.0,0.0,0.0,0.0,0.0,0.0,0.2161765,0.9696029,3.845496,1.533643,0.1160034,-3.661856,0.1197737,-0.2119043,0.1114256,0.9635015,16.14252,336.5897,9.827708,0.322239,0.02632942,-0.9462919,0.1569864,0.0004839459,-0.025178,0.7501783,-0.2759632,-2.758509,-0.2218516,-0.05282423,0.9902694,0.8853618,0.1639564,0.435032,-0.2654787,0.9464772,0.1835812,-0.3816485,-0.2780275,0.8815016,moving,-31.68637,-15.99457,-12.62756,-3.053451
1291,05/08/2023 17:08:14.742437,1532,True,True,True,True,Eyes,1.352347,0.1053571,-3.703141,-0.5167826,-0.2347041,0.8233163,0.0,0.0,0.0,0.0,0.0,0.0,0.0,0.2521456,0.9366327,3.852679,1.543837,0.1169757,-3.658808,0.1162722,-0.2182839,0.1091598,0.9627653,15.756,335.7734,9.535229,0.3241047,0.02635676,-0.9456537,0.1475672,0.0004549092,-0.02366732,0.7507639,-0.2736848,-2.758169,-0.2218534,-0.03622428,0.9964061,0.8808726,0.1594298,0.4456968,-0.2609512,0.9491298,0.1762299,-0.3949278,-0.2715412,0.8776659,moving,-32.11584,-15.91135,-12.55236,-2.082067
1292,05/08/2023 17:08:14.762576,1533,True,True,True,True,Eyes,1.360768,0.1058467,-3.700758,-0.5233108,-0.2325241,0.8198038,0.0,0.0,0.0,0.0,0.0,0.0,0.0,0.288304,0.9194971,3.855439,1.554268,0.1176454,-3.6556,0.1145938,-0.2243911,0.1079782,0.9616951,15.59688,335.0139,9.336371,0.3259911,0.02639305,-0.9450041,0.1387132,0.0004276146,-0.02224728,0.7513645,-0.2713482,-2.75782,-0.2259292,-0.03117299,1.000052,0.8759787,0.1562565,0.456339,-0.2591118,0.950418,0.1719499,-0.4068445,-0.2688673,0.8730338,moving,-32.55158,-15.83513,-12.73041,-1.78541
1293,05/08/2023 17:08:14.782466,1534,True,True,True,True,Eyes,1.369266,0.106352,-3.698334,-0.5299089,-0.2303175,0.8161804,0.0,0.0,0.0,0.0,0.0,0.0,0.0,0.3208457,0.9045163,3.857329,1.564632,0.1185781,-3.652115,0.1131233,-0.2299784,0.1071957,0.9606363,15.46479,334.3237,9.18963,0.3278964,0.02643768,-0.9443434,0.1303904,0.0004019577,-0.02091244,0.7519773,-0.2689643,-2.757465,-0.232518,-0.03120559,1.003427,0.8712381,0.1539204,0.4661038,-0.2579841,0.9514244,0.1680353,-0.4175984,-0.2666461,0.8686262,moving,-32.99384,-15.75851,-13.04653,-1.781268
1294,05/08/2023 17:08:14.792622,1535,True,True,True,True,Eyes,1.377789,0.1068532,-3.695898,-0.5363754,-0.2282044,0.8125418,0.0,0.0,0.0,0.0,0.0,0.0,0.0,0.3485243,0.891214,3.85908,1.575056,0.1194475,-3.64872,0.1118631,-0.2349829,0.106059,0.9596984,15.34044,333.6992,9.008215,0.329821,0.0264902,-0.9436715,0.1225669,0.0003778403,-0.01965769,0.7525641,-0.2666812,-2.757124,-0.2372913,-0.02699271,1.007247,0.8670691,0.1509974,0.4747536,-0.2561411,0.9524763,0.1648655,-0.4272973,-0.2645537,0.8645393,moving,-33.42962,-15.68753,-13.25626,-1.535074
1295,05/08/2023 17:08:14.812480,1536,True,True,True,True,Eyes,1.386378,0.1073483,-3.693418,-0.5428362,-0.226087,0.8088347,0.0,0.0,0.0,0.0,0.0,0.0,0.0,0.3696121,0.8820552,3.860256,1.585314,0.1200334,-3.645351,0.1110868,-0.239144,0.1045902,0.9589217,15.25238,333.1729,8.791531,0.3317629,0.0265497,-0.9429888,0.1152129,0.0003551698,-0.01847823,0.753179,-0.2642891,-2.756768,-0.2408008,-0.02101359,1.011534,0.8637421,0.1474562,0.4818779,-0.2537192,0.9534413,0.1630229,-0.4354035,-0.2630714,0.8609397,moving,-33.8669,-15.61684,-13.39032,-1.19009
1296,05/08/2023 17:08:14.822339,1537,True,True,True,True,Eyes,1.394977,0.1078206,-3.690923,-0.5491639,-0.2240311,0.8051268,0.0,0.0,0.0,0.0,0.0,0.0,0.0,0.389603,0.8728642,3.861262,1.595549,0.1203689,-3.641808,0.1101704,-0.2431028,0.1036785,0.9581306,15.16053,332.6788,8.646751,0.3337221,0.02661533,-0.9422954,0.1083001,0.0003338596,-0.01736954,0.7537821,-0.2619425,-2.756418,-0.2453271,-0.01361921,1.015548,0.8603036,0.1451097,0.488693,-0.2522407,0.9542265,0.1607062,-0.4430038,-0.2615244,0.8575271,moving,-34.29726,-15.54953,-13.58083,-0.7683311
1297,05/08/2023 17:08:14.842343,1538,True,True,True,True,Eyes,1.403636,0.1082773,-3.688384,-0.5554764,-0.2220186,0.801345,0.0,0.0,0.0,0.0,0.0,0.0,0.0,0.4091209,0.8595438,3.863032,1.605661,0.1204944,-3.638206,0.1086114,-0.2469701,0.1032441,0.9573662,15.00825,332.2015,8.576174,0.3356972,0.02668589,-0.9415916,0.1018021,0.0003138281,-0.01632736,0.7543998,-0.2595392,-2.756059,-0.2509118,-0.006365955,1.019062,0.8566929,0.1440373,0.4953086,-0.2513323,0.9550884,0.1569653,-0.4504547,-0.2589581,0.8544186,moving,-34.72893,-15.48579,-13.83214,-0.3579152
1298,05/08/2023 17:08:14.862388,1539,True,True,True,True,Eyes,1.412312,0.1087075,-3.685816,-0.5616327,-0.2201226,0.797568,0.0,0.0,0.0,0.0,0.0,0.0,0.0,0.4296508,0.8538713,3.862884,1.61584,0.1205698,-3.634569,0.1080006,-0.2508595,0.1030752,0.9564418,14.96965,331.7268,8.511497,0.3376882,0.02676048,-0.9408772,0.0,0.0,0.0,0.7550125,-0.257156,-2.755704,-0.2552262,-0.002604842,1.022444,0.85289,0.1429849,0.5021294,-0.2513568,0.9554227,0.1548778,-0.4576007,-0.2583074,0.8508107,moving,-35.1525,-15.42909,-14.01595,-0.14597
1299,05/08/2023 17:08:14.872145,1540,True,True,True,True,Eyes,1.421039,0.1091225,-3.683197,-0.5678349,-0.2182915,0.7936702,0.0,0.0,0.0,0.0,0.0,0.0,0.0,0.4494569,0.8517146,3.861687,1.625799,0.1205288,-3.630744,0.1078521,-0.2546236,0.1027763,0.9554956,14.97769,331.2658,8.421651,0.3396935,0.02683802,-0.9401529,0.0,0.0,0.0,0.7555878,-0.2549175,-2.75537,-0.2576998,-0.0009696186,1.026092,0.8492078,0.1414812,0.5087526,-0.2513279,0.9556099,0.1537658,-0.4644141,-0.2584428,0.8470696,moving,-35.58199,-15.37841,-14.09807,-0.05414236
1300,05/08/2023 17:08:14.892934,1541,True,True,True,True,Eyes,1.42982,0.10952,-3.680508,-0.5740701,-0.216513,0.7896618,0.0,0.0,0.0,0.0,0.0,0.0,0.0,0.4781789,0.8456764,3.860158,1.635802,0.1205748,-3.62688,0.1071852,-0.2594285,0.1032482,0.9542264,14.95907,330.688,8.417871,0.3417127,0.02691783,-0.9394186,0.0,0.0,0.0,0.756158,-0.2526992,-2.755039,-0.2595614,0.00963226,1.030256,0.8440734,0.1414305,0.5172403,-0.2526581,0.9557023,0.1509869,-0.4729737,-0.258129,0.8424163,moving,-36.01649,-15.3328,-14.14074,0.5356647
1301,05/08/2023 17:08:14.912373,1542,True,True,True,True,Eyes,1.438652,0.1098882,-3.677756,-0.5803771,-0.2147533,0.7855211,0.0,0.0,0.0,0.0,0.0,0.0,0.0,0.5098897,0.8323984,3.859188,1.64567,0.1205193,-3.62263,0.1057381,-0.2647527,0.1029883,0.9529527,14.83639,330.0353,8.345137,0.3437467,0.02699928,-0.938674,0.0,0.0,0.0,0.7567599,-0.2503573,-2.75469,-0.2584359,0.01732844,1.035068,0.8385989,0.140297,0.5263731,-0.2522748,0.9564257,0.146994,-0.482814,-0.2560597,0.8374509,moving,-36.4586,-15.29043,-14.01899,0.9591193
1302,05/08/2023 17:08:14.922577,1543,True,True,True,True,Eyes,1.447564,0.1102164,-3.674923,-0.5866754,-0.2130494,0.781295,0.0,0.0,0.0,0.0,0.0,0.0,0.0,0.5407032,0.8246223,3.856953,1.655829,0.1201767,-3.61832,0.1049797,-0.269962,0.1025358,0.9516229,14.78329,329.3942,8.233655,0.3457947,0.02708144,-0.9379191,0.0,0.0,0.0,0.757355,-0.2480423,-2.754345,-0.2558681,0.02052599,1.040161,0.8332139,0.1384697,0.5353324,-0.2518319,0.9569314,0.1444407,-0.4922757,-0.2551637,0.8321996,moving,-36.90293,-15.253,-13.81974,1.130498
1303,05/08/2023 17:08:14.947170,1544,True,True,True,True,Eyes,1.45653,0.1104887,-3.672037,-0.5930173,-0.2113327,0.7769614,0.0,0.0,0.0,0.0,0.0,0.0,0.0,0.569001,0.8124505,3.855734,1.666124,0.1194577,-3.613902,0.1035547,-0.2749004,0.102237,0.9503967,14.65784,328.787,8.164701,0.3478582,0.02716327,-0.9371533,0.0,0.0,0.0,0.7579678,-0.2456578,-2.753989,-0.25217,0.02544326,1.045467,0.8279548,0.137397,0.543703,-0.2512659,0.9576481,0.1406261,-0.5013546,-0.253046,0.8274124,moving,-37.35275,-15.21627,-13.56089,1.394116
1304,05/08/2023 17:08:14.962508,1545,True,True,True,True,Eyes,1.465581,0.1107141,-3.669082,-0.5991769,-0.2097121,0.7726628,0.0,0.0,0.0,0.0,0.0,0.0,0.0,0.5968578,0.8015022,3.854316,1.67647,0.1183707,-3.609686,0.1022044,-0.2797375,0.1021094,0.9491444,14.54504,328.1942,8.115953,0.3499367,0.02724339,-0.9363769,0.0,0.0,0.0,0.7585653,-0.2433334,-2.753643,-0.2480597,0.0240621,1.05046,0.8226413,0.1366523,0.5518946,-0.2510138,0.9582559,0.1368858,-0.5101505,-0.251141,0.8226023,moving,-37.79251,-15.1851,-13.28664,1.312202
1305,05/08/2023 17:08:14.972572,1546,True,True,True,True,Eyes,1.47469,0.1108849,-3.666065,-0.6054096,-0.2080936,0.7682293,0.0,0.0,0.0,0.0,0.0,0.0,0.0,0.6272044,0.8020626,3.850045,1.686989,0.1174026,-3.605526,0.1022682,-0.2847035,0.1026771,0.9475983,14.61268,327.5948,8.101048,0.3520306,0.02732077,-0.9355894,0.0,0.0,0.0,0.7591663,-0.2409951,-2.753294,-0.2434183,0.02152157,1.055538,0.8168027,0.1363611,0.5605703,-0.2528256,0.9579972,0.1353534,-0.5185679,-0.2522835,0.8169703,moving,-38.24018,-15.15626,-12.98599,1.168053
1306,05/08/2023 17:08:14.992530,1547,True,True,True,True,Eyes,1.483879,0.1109788,-3.662971,-0.6114963,-0.2063436,0.7638683,0.0,0.0,0.0,0.0,0.0,0.0,0.0,0.6590602,0.7903829,3.847474,1.697563,0.1162509,-3.600957,0.100783,-0.2900054,0.1031207,0.9461003,14.50786,326.9513,8.115634,0.35414,0.02739432,-0.9347908,0.0,0.0,0.0,0.7597578,-0.2386939,-2.752951,-0.2379498,0.0202803,1.060713,0.810526,0.1366699,0.5695339,-0.2535804,0.9584178,0.1308906,-0.5279627,-0.2505128,0.8114793,moving,-38.67817,-15.11651,-12.64384,1.095334
1307,05/08/2023 17:08:15.012335,1548,True,True,True,True,Eyes,1.493132,0.1109954,-3.659811,-0.6176105,-0.2045721,0.7594126,0.0,0.0,0.0,0.0,0.0,0.0,0.0,0.6875595,0.7712127,3.846748,1.708356,0.1144165,-3.596304,0.09829268,-0.2950451,0.1030154,0.9448146,14.27198,326.3316,8.106376,0.3562661,0.02746251,-0.9339806,0.0,0.0,0.0,0.7603718,-0.2363052,-2.752595,-0.2345429,0.02391484,1.065527,0.8046724,0.1366593,0.5777772,-0.2526624,0.9594527,0.1249484,-0.5372746,-0.2465251,0.8065739,moving,-39.12056,-15.07657,-12.41393,1.285739
1308,05/08/2023 17:08:15.022803,1549,True,True,True,True,Eyes,1.502428,0.1109316,-3.65662,-0.6234662,-0.2027814,0.7550958,0.0,0.0,0.0,0.0,0.0,0.0,0.0,0.7122146,0.7609859,3.844639,1.719217,0.1125614,-3.591549,0.09694258,-0.2995705,0.1026501,0.9435691,14.14909,325.7716,8.040675,0.3584083,0.02752391,-0.9331589,0.0,0.0,0.0,0.7609848,-0.2339202,-2.752239,-0.233291,0.0315865,1.070086,0.7994409,0.1356326,0.5852333,-0.2517972,0.9601302,0.1214422,-0.5454286,-0.2444459,0.8017194,moving,-39.54575,-15.03214,-12.2987,1.69075
1309,05/08/2023 17:08:15.042643,1550,True,True,True,True,Eyes,1.511787,0.110786,-3.653359,-0.6293874,-0.200858,0.7506847,0.0,0.0,0.0,0.0,0.0,0.0,0.0,0.7339709,0.7525457,3.842957,1.730247,0.1106838,-3.587109,0.09568065,-0.303646,0.1029447,0.9423624,14.05476,325.2747,8.05425,0.3605662,0.02757717,-0.9323256,0.0,0.0,0.0,0.7615675,-0.2316533,-2.751901,-0.2326979,0.03730279,1.074423,0.794403,0.1359163,0.5919887,-0.2521285,0.9604952,0.1178142,-0.5525895,-0.2428491,0.7972887,moving,-39.97706,-14.97953,-12.22035,1.988448
1310,05/08/2023 17:08:15.062439,1551,True,True,True,True,Eyes,1.521222,0.1105438,-3.650047,-0.635236,-0.1989824,0.7462448,0.0,0.0,0.0,0.0,0.0,0.0,0.0,0.7595949,0.7275739,3.842999,1.741182,0.1085271,-3.582108,0.09236594,-0.3083946,0.1029637,0.9411482,13.73119,324.6909,8.097836,0.36274,0.02762105,-0.9314807,0.0,0.0,0.0,0.7621961,-0.2292076,-2.751536,-0.2312479,0.03941938,1.078719,0.7885825,0.136838,0.5995107,-0.2507786,0.9617341,0.1103531,-0.5614694,-0.237367,0.7927226,moving,-40.40587,-14.93026,-12.09952,2.092815
1311,05/08/2023 17:08:15.072151,1552,True,True,True,True,Eyes,1.530739,0.1102311,-3.646648,-0.6411274,-0.1971372,0.7416822,0.0,0.0,0.0,0.0,0.0,0.0,0.0,0.7887218,0.7181721,3.839672,1.752725,0.1060158,-3.577381,0.09093295,-0.3133853,0.1036526,0.9395621,13.64118,324.0849,8.150937,0.3649296,0.02765403,-0.9306241,0.0,0.0,0.0,0.7628023,-0.2268493,-2.751185,-0.2303832,0.04169366,1.08289,0.7820916,0.1377819,0.6077408,-0.2517701,0.9619747,0.1059079,-0.5700391,-0.2358407,0.7870417,moving,-40.8409,-14.88491,-12.01052,2.204926
1312,05/08/2023 17:08:15.092189,1553,True,True,True,True,Eyes,1.540352,0.1098528,-3.64317,-0.6468837,-0.1953301,0.7371483,0.0,0.0,0.0,0.0,0.0,0.0,0.0,0.81593,0.7087892,3.835821,1.764297,0.1039992,-3.571846,0.08956301,-0.3182043,0.1043277,0.9379981,13.55714,323.499,8.203862,0.3671354,0.02767545,-0.9297554,0.0,0.0,0.0,0.7634167,-0.2244589,-2.750828,-0.2303976,0.04280901,1.086597,0.7757235,0.1387197,0.6156378,-0.252717,0.9621884,0.1016248,-0.5782623,-0.2344149,0.781449,moving,-41.26854,-14.84119,-11.97146,2.256134
1313,05/08/2023 17:08:15.112862,1554,True,True,True,True,Eyes,1.550058,0.1094135,-3.6396,-0.6526525,-0.1935152,0.7325276,0.0,0.0,0.0,0.0,0.0,0.0,0.0,0.8392296,0.6995183,3.832911,1.776334,0.1020537,-3.566379,0.08815245,-0.3225783,0.1050584,0.936555,13.46777,322.9678,8.271853,0.3693593,0.02768482,-0.928874,0.0,0.0,0.0,0.7639892,-0.2222317,-2.750496,-0.2303283,0.04357961,1.090385,0.7698119,0.1399138,0.6227469,-0.2536581,0.9623837,0.09734011,-0.5857023,-0.2328983,0.7763448,moving,-41.69975,-14.79803,-11.92758,2.288733
1314,05/08/2023 17:08:15.132147,1555,True,True,True,True,Eyes,1.559896,0.1089058,-3.635936,-0.6582468,-0.1915426,0.7280265,0.0,0.0,0.0,0.0,0.0,0.0,0.0,0.8609555,0.6868341,3.830523,1.788314,0.1001304,-3.56059,0.08631238,-0.3268178,0.1056899,0.9351845,13.32761,322.4511,8.347236,0.3716013,0.02768181,-0.9279794,0.0,0.0,0.0,0.7646142,-0.2197999,-2.750134,-0.2299473,0.04383743,1.093971,0.7640396,0.1412622,0.6295145,-0.2540958,0.9627597,0.09235333,-0.5930251,-0.2305186,0.7714806,moving,-42.11838,-14.74037,-11.87049,2.29472
1315,05/08/2023 17:08:15.142342,1556,True,True,True,True,Eyes,1.569842,0.1083373,-3.632195,-0.6638315,-0.1896614,0.7234337,0.0,0.0,0.0,0.0,0.0,0.0,0.0,0.8817129,0.6755778,3.828514,1.800907,0.09786745,-3.555067,0.08472513,-0.3310671,0.1052379,0.9338852,13.17515,321.9202,8.294307,0.3738633,0.02766596,-0.9270709,0.0,0.0,0.0,0.7652085,-0.2174879,-2.749789,-0.2289264,0.04386446,1.097669,0.7586392,0.1404607,0.6361898,-0.2526596,0.9634933,0.08856548,-0.6005247,-0.2279287,0.7664325,moving,-42.53987,-14.69053,-11.78056,2.288405
1316,05/08/2023 17:08:15.162153,1557,True,True,True,True,Eyes,1.579884,0.1077674,-3.628347,-0.6691595,-0.1878879,0.7189741,0.0,0.0,0.0,0.0,0.0,0.0,0.0,0.9016486,0.6794689,3.823816,1.813485,0.09585132,-3.549409,0.08511731,-0.3350992,0.1046048,0.9324814,13.22917,321.4138,8.152113,0.3761457,0.02763701,-0.926148,0.0,0.0,0.0,0.7658231,-0.2150971,-2.749432,-0.2279523,0.04133344,1.100947,0.7535326,0.1380386,0.642755,-0.2521296,0.9636258,0.08863463,-0.6071402,-0.2288466,0.7609271,moving,-42.94477,-14.64546,-11.69786,2.150076
1317,05/08/2023 17:08:15.172255,1558,True,True,True,True,Eyes,1.59002,0.1072923,-3.624403,-0.6743612,-0.1864323,0.7144788,0.0,0.0,0.0,0.0,0.0,0.0,0.0,0.9101788,0.6916847,3.819606,1.825767,0.09524491,-3.543127,0.08657585,-0.3376664,0.1043583,0.9314482,13.40062,321.0923,8.03314,0.3784495,0.02759625,-0.9252102,0.0,0.0,0.0,0.7664253,-0.2127541,-2.749083,-0.2277169,0.03907716,1.103855,0.7501815,0.1359411,0.6471072,-0.2528761,0.963228,0.09080524,-0.6109677,-0.2317584,0.7569721,moving,-43.34543,-14.62437,-11.65617,2.027461
1318,05/08/2023 17:08:15.192858,1559,True,True,True,True,Eyes,1.600279,0.1068335,-3.620317,-0.6798044,-0.1843264,0.7098519,0.0,0.0,0.0,0.0,0.0,0.0,0.0,0.9220843,0.6987379,3.815647,1.838165,0.09707927,-3.536857,0.08704699,-0.3401756,0.1092087,0.9299338,13.66214,320.8363,8.515739,0.3807747,0.0275473,-0.9242571,0.0,0.0,0.0,0.767009,-0.210483,-2.748744,-0.2276272,0.04148507,1.106553,0.744708,0.1438912,0.6516942,-0.2623362,0.9609926,0.08759559,-0.613669,-0.2361961,0.7534067,moving,-43.76133,-14.55644,-11.62407,2.147034
1319,05/08/2023 17:08:15.212490,1560,True,True,True,True,Eyes,1.610652,0.1064051,-3.616171,-0.6849705,-0.1828691,0.7052477,0.0,0.0,0.0,0.0,0.0,0.0,0.0,0.9631705,0.6275104,3.817634,1.850785,0.09669961,-3.53002,0.07820395,-0.3474552,0.1097584,0.9279615,12.79202,319.9348,8.810081,0.3831229,0.0274914,-0.9232879,0.0,0.0,0.0,0.7675983,-0.2081903,-2.748402,-0.2283331,0.04159716,1.108821,0.734456,0.1493583,0.662017,-0.2580478,0.9636745,0.06886826,-0.6276828,-0.2214127,0.746318,moving,-44.16436,-14.53652,-11.63594,2.148431
1320,05/08/2023 17:08:15.222340,1561,True,True,True,True,Eyes,1.621117,0.106137,-3.611944,-0.689919,-0.1822563,0.7005672,0.0,0.0,0.0,0.0,0.0,0.0,0.0,0.9626536,0.7001797,3.80633,1.863885,0.09716398,-3.524428,0.08743615,-0.3484291,0.1088184,0.9268823,13.76363,319.8037,8.334695,0.3854945,0.02743002,-0.9223021,0.0,0.0,0.0,0.7682049,-0.2058303,-2.74805,-0.2287799,0.04596373,1.111128,0.7335115,0.1407931,0.6649347,-0.2626542,0.961027,0.08625504,-0.6268761,-0.237917,0.7419042,moving,-44.56124,-14.58255,-11.63454,2.368789
1321,05/08/2023 17:08:15.242559,1562,True,True,True,True,Eyes,1.631624,0.1060414,-3.607578,-0.6950817,-0.1810557,0.6957588,0.0,0.0,0.0,0.0,0.0,0.0,0.0,0.9868393,0.7655327,3.788056,1.876739,0.1009139,-3.518086,0.09525246,-0.3514274,0.1175319,0.9239113,14.98805,319.5287,8.946976,0.3878892,0.02736774,-0.9212994,0.0,0.0,0.0,0.7688026,-0.2035051,-2.747704,-0.2292148,0.05040723,1.113028,0.72537,0.1502295,0.6717659,-0.2841268,0.9542264,0.09340177,-0.6269851,-0.2586176,0.7348515,moving,-44.97211,-14.58643,-11.6367,2.593062
1322,05/08/2023 17:08:15.262716,1563,True,True,True,True,Eyes,1.642231,0.1060487,-3.60314,-0.7002888,-0.1798119,0.6908424,0.0,0.0,0.0,0.0,0.0,0.0,0.0,1.015158,0.6789305,3.795754,1.88838,0.1047933,-3.510311,0.08478297,-0.3573075,0.1186219,0.9225357,13.95736,318.8077,9.386531,0.3903064,0.02730908,-0.9202797,0.0,0.0,0.0,0.7694193,-0.2011061,-2.747346,-0.2306594,0.05022511,1.11447,0.7165204,0.1582788,0.679372,-0.2794531,0.9574814,0.07166159,-0.6391436,-0.2411996,0.7302865,moving,-45.38906,-14.5892,-11.69329,2.580367
1323,05/08/2023 17:08:15.272359,1564,True,True,True,True,Eyes,1.652884,0.106241,-3.59858,-0.7053785,-0.1788632,0.6858929,0.0,0.0,0.0,0.0,0.0,0.0,0.0,1.035637,0.7034867,3.786593,1.901536,0.1073164,-3.504051,0.08838837,-0.3612899,0.1179401,0.920732,14.35831,318.2998,9.105806,0.3927467,0.02725624,-0.9192424,0.0,0.0,0.0,0.7700229,-0.1987573,-2.746995,-0.2341298,0.05289301,1.115225,0.7111195,0.1533148,0.6861514,-0.2810501,0.9565553,0.07754285,-0.6444532,-0.2479851,0.7233142,moving,-45.80241,-14.61576,-11.85646,2.715395
1324,05/08/2023 17:08:15.296755,1565,True,True,True,True,Eyes,1.663556,0.1065633,-3.593899,-0.7106218,-0.1769117,0.6809692,0.0,0.0,0.0,0.0,0.0,0.0,0.0,1.046183,0.726357,3.778499,1.913337,0.112018,-3.496533,0.0918568,-0.3639977,0.1181512,0.9192977,14.76772,317.9592,8.945643,0.3952089,0.02721337,-0.9181877,0.0,0.0,0.0,0.7705961,-0.1965272,-2.746663,-0.2385197,0.06082636,1.115639,0.707092,0.1503608,0.6909505,-0.2841035,0.9552053,0.082874,-0.6475385,-0.254901,0.718136,moving,-46.2207,-14.56316,-12.06796,3.120766
1325,05/08/2023 17:08:15.314162,1566,True,True,True,True,Eyes,1.67425,0.1069325,-3.589109,-0.7157989,-0.1744975,0.6761528,0.0,0.0,0.0,0.0,0.0,0.0,0.0,1.051171,0.6354657,3.79219,1.924665,0.115251,-3.48882,0.08111121,-0.3676152,0.1140558,0.9193865,13.4739,317.463,8.878242,0.3976924,0.02718278,-0.9171157,0.0,0.0,0.0,0.7712044,-0.1941611,-2.74631,-0.2410068,0.06876123,1.116329,0.7037007,0.1500873,0.6944632,-0.2693581,0.9608245,0.0652878,-0.6574584,-0.2330024,0.7165601,moving,-46.63148,-14.47081,-12.18273,3.524728
1326,05/08/2023 17:08:15.322330,1567,True,True,True,True,Eyes,1.684957,0.1073212,-3.584229,-0.7208845,-0.171831,0.6714162,0.0,0.0,0.0,0.0,0.0,0.0,0.0,1.045281,0.5894985,3.80019,1.935952,0.1166399,-3.481387,0.07575097,-0.3693918,0.1098183,0.9196475,12.73607,317.1953,8.61001,0.400196,0.02716447,-0.9160266,0.0,0.0,0.0,0.7718553,-0.1916287,-2.745932,-0.2425569,0.07441849,1.116965,0.7029794,0.1460247,0.696058,-0.2579518,0.9644035,0.05819641,-0.6627827,-0.2204603,0.7156231,moving,-47.03486,-14.35521,-12.25196,3.811732
1327,05/08/2023 17:08:15.342173,1568,True,True,True,True,Eyes,1.69564,0.1077197,-3.579252,-0.7258335,-0.1688921,0.6668142,0.0,0.0,0.0,0.0,0.0,0.0,0.0,1.04337,0.5714238,3.802745,1.946915,0.117396,-3.474443,0.07366841,-0.3710813,0.1075794,0.919401,12.43331,316.9606,8.428843,0.4027184,0.02715772,-0.9149206,0.0,0.0,0.0,0.7724099,-0.1894708,-2.745611,-0.2443595,0.08135545,1.117544,0.7014508,0.1431433,0.6981954,-0.2524912,0.9659992,0.05562023,-0.6664945,-0.215303,0.7137433,moving,-47.4267,-14.2131,-12.33404,4.163699
1328,05/08/2023 17:08:15.362407,1569,True,True,True,True,Eyes,1.963173,0.1178052,-3.452268,-0.8370465,-0.102091,0.5375226,0.0,0.0,0.0,0.0,0.0,0.0,0.0,1.033853,0.5364327,3.808983,1.957009,0.1179442,-3.467155,0.06930959,-0.3719392,0.1055884,0.9196242,11.88936,316.8329,8.382017,0.4052578,0.02716168,-0.9137986,0.0,0.0,0.0,0.772996,-0.1871906,-2.74527,-0.2471762,0.08617654,1.117509,0.7010247,0.1426453,0.6987251,-0.2457612,0.9680945,0.04893263,-0.669452,-0.2060225,0.7137148,moving,-57.29281,-10.75402,-12.47216,4.409628
1329,05/08/2023 17:08:15.382601,1570,True,True,True,True,Eyes,1.963554,0.1178262,-3.451989,-0.8371871,-0.1023459,0.5372552,0.0,0.0,0.0,0.0,0.0,0.0,0.0,1.032934,0.533551,3.808921,1.967285,0.1182565,-3.460537,0.06851722,-0.3730919,0.1079768,0.9189391,11.91714,316.711,8.659778,0.4213708,0.02768964,-0.9064654,0.8025995,0.03025677,0.3809531,0.7735893,-0.1848823,-2.744926,-0.2495984,0.09041689,1.117867,0.698287,0.1473217,0.7004939,-0.2495746,0.9672928,0.04535578,-0.6709009,-0.2064968,0.7122157,moving,-57.31015,-10.78549,-12.5866,4.624211
1330,05/08/2023 17:08:15.392426,1571,True,True,True,True,Eyes,1.964314,0.1178754,-3.451418,-0.8376085,-0.1030275,0.5364674,0.0,0.0,0.0,0.0,0.0,0.0,0.0,1.05323,0.5364752,3.801574,1.976885,0.1187935,-3.453531,0.06839545,-0.376442,0.113275,0.9169418,12.1641,316.3417,9.196899,0.434206,0.02809904,-0.9003749,0.7544436,0.02844136,0.3580959,0.7742059,-0.1824835,-2.744569,-0.2515013,0.09725739,1.118698,0.6909204,0.1562393,0.705846,-0.259227,0.9649817,0.04014635,-0.6748559,-0.2107122,0.7072269,moving,-57.36145,-10.87118,-12.67035,4.968688
1331,05/08/2023 17:08:15.412504,1572,True,True,True,True,Eyes,1.965387,0.1179533,-3.450567,-0.8382912,-0.1037977,0.5352513,0.0,0.0,0.0,0.0,0.0,0.0,0.0,1.080822,0.5365407,3.792315,1.986337,0.1194246,-3.446434,0.06831723,-0.3808645,0.1164971,0.9147149,12.34049,315.8171,9.491073,0.4444556,0.02841718,-0.8953498,0.709177,0.02673488,0.3366101,0.7747997,-0.1801734,-2.744224,-0.2534178,0.1030506,1.119204,0.6827412,0.161084,0.7126825,-0.2651624,0.9635224,0.03624237,-0.6808473,-0.2137208,0.7005499,moving,-57.44165,-10.97477,-12.75817,5.260669
1332,05/08/2023 17:08:15.422187,1573,True,True,True,True,Eyes,1.96677,0.118043,-3.449421,-0.8393661,-0.104599,0.5334074,1.36667,0.8196331,-0.02490924,-2.720429,0.5402588,0.8250044,0.1657959,-0.2953175,0.1997521,1.33849,1.995028,0.1202123,-3.438798,0.06853417,-0.3870481,0.1179889,0.9119077,12.49347,315.0524,9.559419,0.45266,0.02866508,-0.8912221,0.6666263,0.02513079,0.3164135,0.7753915,-0.1778708,-2.743881,-0.2574567,0.1106821,1.119484,0.6725449,0.1621379,0.7220768,-0.268242,0.9627634,0.03365893,-0.6897317,-0.2163284,0.6909937,moving,-57.56451,-11.09468,-12.95157,5.646418
1333,05/08/2023 17:08:15.442166,1574,True,True,True,True,Eyes,1.968399,0.1181428,-3.448022,-0.8407207,-0.1053274,0.5311261,1.362086,0.8232651,-0.02532203,-2.724583,0.7451896,0.6535631,-0.1324679,-0.2880417,0.1953138,1.338699,2.003354,0.1205094,-3.431233,0.06800572,-0.3937421,0.1165397,0.909264,12.44155,314.1911,9.333804,0.4592459,0.02885865,-0.88784,0.6266288,0.02362294,0.2974287,0.7760116,-0.1754584,-2.743521,-0.2577488,0.1001983,1.121591,0.6627714,0.1583773,0.7318816,-0.2654842,0.9635874,0.03189712,-0.7001801,-0.2154435,0.6806849,moving,-57.71731,-11.21677,-12.94223,5.105017
1334,05/08/2023 17:08:15.462102,1575,True,True,True,True,Eyes,1.970267,0.1182736,-3.446365,-0.8424457,-0.1060466,0.5282418,1.359835,0.8246799,-0.02593233,-2.728044,0.800175,0.4588741,-0.3862053,-0.2803985,0.192172,1.34067,2.011034,0.120881,-3.423716,0.06857048,-0.4007279,0.1142936,0.9064504,12.46908,313.283,8.970425,0.4645498,0.02901025,-0.8850715,0.589031,0.02220557,0.279583,0.7766807,-0.1728553,-2.743133,-0.2635577,0.1004625,1.122603,0.6527084,0.1522468,0.7421541,-0.2621591,0.9644701,0.03271021,-0.7108054,-0.2159127,0.6694307,moving,-57.91091,-11.35146,-13.21227,5.113816
1335,05/08/2023 17:08:15.472334,1576,True,True,True,True,Eyes,1.972342,0.1184023,-3.444466,-0.8445309,-0.1065603,0.5247977,1.360344,0.8234892,-0.02655633,-2.730561,0.7205948,0.4171523,-0.5538295,-0.2705122,0.187026,1.346084,2.018502,0.1216232,-3.41619,0.06801958,-0.4088088,0.1122724,0.9031298,12.3954,312.2344,8.667018,0.4688402,0.0291301,-0.8828022,0.5536892,0.02087323,0.262808,0.7772319,-0.1707109,-2.742813,-0.2680395,0.1183692,1.123034,0.6405405,0.1471791,0.7536883,-0.2584071,0.9655365,0.03106516,-0.7231414,-0.2146569,0.6564974,moving,-58.14288,-11.47787,-13.42389,6.016831
1336,05/08/2023 17:08:15.492491,1577,True,True,True,True,Eyes,1.974645,0.1185146,-3.442325,-0.8468125,-0.1068362,0.5210513,1.360247,0.822771,-0.02680899,-2.733567,0.5922801,0.08685428,-0.8010373,-0.2575359,0.1796544,1.351279,2.025715,0.1217011,-3.40842,0.0666355,-0.4179622,0.1096389,0.8993591,12.21076,311.0403,8.324695,0.472331,0.0292255,-0.8809363,0.5204678,0.01962084,0.2470395,0.7778069,-0.1684736,-2.74248,-0.2731884,0.1185026,1.124466,0.626574,0.1415072,0.7664078,-0.2529116,0.9670781,0.02820871,-0.7371844,-0.2115083,0.6417347,moving,-58.39565,-11.58731,-13.65542,6.015952
1337,05/08/2023 17:08:15.512468,1578,True,True,True,True,Eyes,1.97714,0.1186317,-3.439971,-0.8492543,-0.1074554,0.5169339,1.363304,0.8193479,-0.02786271,-2.735233,0.3237768,-0.14053,-0.9356387,-0.2474855,0.184333,1.357883,2.033293,0.1214081,-3.400914,0.07007767,-0.4258965,0.1074158,0.8956356,12.53431,309.995,7.814116,0.4751951,0.02930181,-0.8793921,0.4892398,0.01844359,0.2322171,0.7784122,-0.1661188,-2.742128,-0.2781189,0.1316097,1.125453,0.614148,0.1327192,0.7779511,-0.2521026,0.9671019,0.03403203,-0.7478413,-0.2170242,0.6274025,moving,-58.67148,-11.74288,-13.88069,6.669838
1338,05/08/2023 17:08:15.522470,1579,True,True,True,True,Eyes,1.97714,0.1186317,-3.439971,-0.8492543,-0.1074554,0.5169339,1.364327,0.8184795,-0.02797259,-2.734704,0.2240094,-0.3099863,-0.9239742,-0.2368203,0.196744,1.36193,2.04051,0.1217749,-3.393388,0.07570828,-0.4324662,0.1070141,0.8920701,13.15783,309.1276,7.401863,0.4775698,0.02936377,-0.8781027,0.4598854,0.01733697,0.2182841,0.779012,-0.1637853,-2.74178,-0.2776278,0.1298595,1.128658,0.6030419,0.1254456,0.7877842,-0.2564107,0.9656325,0.04251421,-0.7553768,-0.2276342,0.6144825,moving,-58.67148,-11.74288,-13.81928,6.563391
1339,05/08/2023 17:08:15.542453,1580,True,True,True,True,Eyes,1.97714,0.1186317,-3.439971,-0.8492543,-0.1074554,0.5169339,1.366331,0.8167772,-0.02818799,-2.733668,0.07224871,-0.4738911,-0.8776145,-0.2283034,0.2022646,1.367294,2.047324,0.1227041,-3.385982,0.07842248,-0.4384397,0.1066316,0.8889601,13.46976,308.3383,7.136448,0.4796337,0.02941674,-0.8769753,0.4322922,0.01629675,0.2051871,0.7796279,-0.1613891,-2.741423,-0.2811021,0.1252265,1.131707,0.5928006,0.1208155,0.7962355,-0.2583496,0.9649592,0.04592583,-0.7627862,-0.232932,0.6032411,moving,-58.67148,-11.74288,-13.94927,6.314249
1340,05/08/2023 17:08:15.566031,1581,True,True,True,True,Eyes,1.980296,0.1188417,-3.436837,-0.852163,-0.1079828,0.5120137,0.0,0.0,0.0,0.0,0.0,0.0,0.0,1.505675,0.5728013,3.61289,2.053946,0.1233499,-3.378495,0.07987844,-0.444251,0.1063538,0.8859737,13.6527,307.5714,6.943887,0.4814888,0.02946427,-0.8759566,0.4063547,0.01531895,0.1928758,0.7802308,-0.1590436,-2.741073,-0.2850767,0.1363196,1.133418,0.5826599,0.1174812,0.8041801,-0.2594255,0.9646165,0.04704485,-0.7701986,-0.236036,0.592521,moving,-59.00086,-11.90906,-14.11815,6.858194
1341,05/08/2023 17:08:15.572192,1582,True,True,True,True,Eyes,1.983558,0.1190755,-3.433496,-0.8552233,-0.1083093,0.5068159,0.0,0.0,0.0,0.0,0.0,0.0,0.0,1.545259,0.572765,3.592577,2.060354,0.1244362,-3.370749,0.08046217,-0.4502158,0.1071806,0.8828046,13.80237,306.7953,6.907166,0.4832514,0.02951315,-0.8749838,0.3819734,0.01439981,0.1813033,0.780838,-0.1566813,-2.740721,-0.2874662,0.1344134,1.136443,0.5716361,0.1167884,0.8121531,-0.2616898,0.9640763,0.04555592,-0.7776572,-0.2385735,0.5816631,moving,-59.34849,-12.06297,-14.19536,6.745352
1342,05/08/2023 17:08:15.592133,1583,True,True,True,True,Eyes,1.986704,0.1192723,-3.430271,-0.8576871,-0.1074077,0.5028283,0.0,0.0,0.0,0.0,0.0,0.0,0.0,1.582627,0.5453807,3.576128,2.066282,0.1251994,-3.362386,0.07761224,-0.4563181,0.1066602,0.8799852,13.52898,306.0018,6.904974,0.4849349,0.02956393,-0.8740501,0.359055,0.01353582,0.1704251,0.7814671,-0.1542339,-2.740356,-0.2888139,0.1290504,1.140288,0.5607949,0.116887,0.8196625,-0.2585505,0.9651999,0.03925332,-0.7865499,-0.2339372,0.5715004,moving,-59.61858,-12.05758,-14.21307,6.456894
1343,05/08/2023 17:08:15.612243,1584,True,True,True,True,Eyes,1.989948,0.1194651,-3.426829,-0.8602888,-0.1063878,0.4985828,0.0,0.0,0.0,0.0,0.0,0.0,0.0,1.61624,0.5188202,3.560423,2.07213,0.1254228,-3.353888,0.07477114,-0.4619998,0.1058243,0.8773635,13.23729,305.2587,6.879805,0.486544,0.02961546,-0.8731537,0.3375117,0.01272367,0.1601996,0.782123,-0.1516819,-2.739975,-0.2919296,0.1339444,1.142919,0.5507147,0.1166042,0.8265088,-0.2547812,0.966421,0.03342135,-0.7948583,-0.2289845,0.5619309,moving,-59.90545,-12.04516,-14.32838,6.684285
1344,05/08/2023 17:08:15.622858,1585,True,True,True,True,Eyes,1.993392,0.1196856,-3.422981,-0.8629564,-0.1052909,0.4941862,0.0,0.0,0.0,0.0,0.0,0.0,0.0,1.647154,0.4966033,3.54441,2.077758,0.1254828,-3.345108,0.0724109,-0.4673082,0.1052765,0.8748123,13.00788,304.5634,6.868244,0.4880906,0.02966771,-0.8722884,0.317261,0.01196025,0.1505876,0.7826599,-0.1495932,-2.739664,-0.2975578,0.1354162,1.145402,0.5410798,0.1165179,0.8328602,-0.2518707,0.9673471,0.02829875,-0.8023676,-0.225085,0.5527594,moving,-60.20168,-12.02755,-14.56265,6.742547
1345,05/08/2023 17:08:15.642336,1586,True,True,True,True,Eyes,1.996899,0.1198923,-3.418925,-0.8657618,-0.1040858,0.4895127,0.0,0.0,0.0,0.0,0.0,0.0,0.0,1.679565,0.4767227,3.526637,2.083071,0.1256792,-3.336223,0.07039327,-0.472781,0.1047195,0.8720991,12.8147,303.8429,6.83761,0.4895892,0.02972147,-0.8714464,0.2982253,0.01124264,0.1415523,0.7832459,-0.1473133,-2.739324,-0.3024899,0.131903,1.148524,0.5310239,0.1160904,0.839367,-0.2492128,0.9681572,0.02376101,-0.8098808,-0.2217986,0.5430458,moving,-60.51563,-12.00411,-14.75507,6.551469
1346,05/08/2023 17:08:15.662292,1587,True,True,True,True,Eyes,2.000496,0.1200627,-3.41461,-0.8685542,-0.1029047,0.484793,0.0,0.0,0.0,0.0,0.0,0.0,0.0,1.713421,0.4600296,3.506888,2.088159,0.1255259,-3.327092,0.06882339,-0.4785072,0.1031996,0.869278,12.61606,303.077,6.682237,0.4910479,0.02977636,-0.8706233,0.2803318,0.01056808,0.1330592,0.7838384,-0.1450083,-2.73898,-0.3063188,0.1310079,1.151697,0.5207614,0.1135533,0.8461166,-0.2452833,0.9692264,0.02088978,-0.8177063,-0.2184168,0.5325884,moving,-60.83146,-11.98403,-14.89423,6.489616
1347,05/08/2023 17:08:15.672471,1588,True,True,True,True,Eyes,2.004141,0.1201867,-3.410094,-0.8714129,-0.1017865,0.479874,0.0,0.0,0.0,0.0,0.0,0.0,0.0,1.74632,0.4593277,3.484868,2.093166,0.1246781,-3.317834,0.06922378,-0.4840366,0.1011563,0.8664204,12.58457,302.3221,6.369471,0.4924753,0.0298315,-0.8698148,0.2635119,0.009933996,0.1250757,0.7844809,-0.1425084,-2.738607,-0.3077638,0.131087,1.155335,0.5109519,0.1082741,0.8527631,-0.2423015,0.9699509,0.02202704,-0.8247534,-0.2178805,0.5218334,moving,-61.15908,-11.97557,-14.91634,6.47323
1348,05/08/2023 17:08:15.692644,1589,True,True,True,True,Eyes,2.007822,0.1202691,-3.405371,-0.8741688,-0.100775,0.4750509,0.0,0.0,0.0,0.0,0.0,0.0,0.0,1.773926,0.4688427,3.463541,2.098029,0.1237174,-3.30843,0.07083854,-0.4888421,0.09918511,0.8638158,12.67113,301.6556,6.006785,0.4938781,0.02988582,-0.8690171,0.2477012,0.009337956,0.1175711,0.7850399,-0.1403338,-2.738283,-0.3076833,0.1314062,1.159716,0.5023915,0.1020976,0.8585912,-0.240613,0.9702884,0.02541117,-0.8304868,-0.2193546,0.5120307,moving,-61.47894,-11.9769,-14.85879,6.464553
1349,05/08/2023 17:08:15.712432,1590,True,True,True,True,Eyes,2.011519,0.120296,-3.400448,-0.8769482,-0.09973089,0.4701229,0.0,0.0,0.0,0.0,0.0,0.0,0.0,1.799176,0.4756951,3.443102,2.102518,0.1228307,-3.298879,0.0720894,-0.4933817,0.09728657,0.8613437,12.71998,301.0245,5.675028,0.4952619,0.02993849,-0.8682273,0.2328391,0.008777679,0.1105168,0.7856377,-0.1380078,-2.737936,-0.3055469,0.1339504,1.16431,0.4942197,0.09645918,0.8639691,-0.2387295,0.9706769,0.02818868,-0.8359159,-0.2201863,0.5027552,moving,-61.8047,-11.97705,-14.70442,6.562858
1350,05/08/2023 17:08:15.722754,1591,True,True,True,True,Eyes,2.015249,0.1202518,-3.395314,-0.8795711,-0.0987711,0.4654019,0.0,0.0,0.0,0.0,0.0,0.0,0.0,1.81684,0.4790477,3.426471,2.106673,0.1215314,-3.289112,0.07276691,-0.4970688,0.09484062,0.8594375,12.67155,300.5054,5.332915,0.4966309,0.02998836,-0.8674432,0.2188688,0.008251018,0.1038858,0.7862514,-0.1356204,-2.73758,-0.3008775,0.12994,1.16995,0.4878558,0.09067886,0.8682016,-0.2353595,0.9714205,0.03079262,-0.8405967,-0.2193619,0.4952552,moving,-62.11563,-11.98196,-14.4223,6.337558
1351,05/08/2023 17:08:15.742610,1592,True,True,True,True,Eyes,2.018989,0.1201397,-3.389993,-0.8821982,-0.09786074,0.4605971,0.0,0.0,0.0,0.0,0.0,0.0,0.0,1.833651,0.4814614,3.410405,2.110942,0.1197586,-3.27941,0.07317736,-0.5005469,0.09377355,0.857499,12.67233,300.0255,5.149243,0.49799,0.03003407,-0.8666621,0.2057366,0.007755957,0.09765269,0.7868589,-0.1332568,-2.737228,-0.2959509,0.1224413,1.17574,0.4813188,0.08756404,0.872161,-0.2340788,0.9717032,0.0316229,-0.8447126,-0.2193751,0.4881959,moving,-62.43087,-11.99498,-14.12867,5.945342
1352,05/08/2023 17:08:15.762538,1593,True,True,True,True,Eyes,2.022742,0.1199689,-3.384464,-0.8847367,-0.09703555,0.4558784,0.0,0.0,0.0,0.0,0.0,0.0,0.0,1.848453,0.4825113,3.39519,2.114963,0.1180222,-3.269545,0.07335509,-0.5037176,0.09361632,0.8556423,12.69986,299.5944,5.07548,0.4993425,0.03007443,-0.8658822,0.1933924,0.007290599,0.09179353,0.7874421,-0.1309879,-2.736889,-0.2913305,0.1203605,1.180894,0.4750093,0.08630366,0.8757385,-0.2341046,0.97171,0.03121905,-0.8482695,-0.2198438,0.4817754,moving,-62.7393,-12.0163,-13.85833,5.819672
1353,05/08/2023 17:08:15.782180,1594,True,True,True,True,Eyes,2.026481,0.1197341,-3.378744,-0.8872798,-0.09616827,0.4510944,0.0,0.0,0.0,0.0,0.0,0.0,0.0,1.862182,0.4791078,3.380837,2.118819,0.1164035,-3.259507,0.07296079,-0.5067984,0.09352351,0.853865,12.67336,299.1792,5.042902,0.5006914,0.0301086,-0.8651018,0.1817889,0.006853163,0.08628592,0.7880841,-0.1284903,-2.736517,-0.2878238,0.1191228,1.185477,0.4688174,0.08576007,0.879122,-0.2336657,0.9718601,0.02980221,-0.8518277,-0.2193925,0.4756642,moving,-63.05115,-12.03466,-13.64687,5.738113
1354,05/08/2023 17:08:15.792559,1595,True,True,True,True,Eyes,2.030189,0.1194534,-3.372838,-0.8895729,-0.09500478,0.4468043,0.0,0.0,0.0,0.0,0.0,0.0,0.0,1.874345,0.4695263,3.367586,2.122293,0.1146148,-3.249153,0.07173692,-0.509751,0.09338628,0.8522246,12.56103,298.7861,5.056958,0.5020392,0.0301357,-0.8643193,0.1708816,0.006441974,0.08110876,0.7886355,-0.1263449,-2.736197,-0.2857716,0.1177669,1.189973,0.4628657,0.08603625,0.8822433,-0.2323081,0.9722656,0.02706442,-0.8554463,-0.2174794,0.4700153,moving,-63.33107,-12.00412,-13.50384,5.651932
1355,05/08/2023 17:08:15.812160,1596,True,True,True,True,Eyes,2.03386,0.1191198,-3.366734,-0.8918804,-0.09365253,0.4424687,0.0,0.0,0.0,0.0,0.0,0.0,0.0,1.880556,0.4539257,3.357902,2.125427,0.1132152,-3.238485,0.06973115,-0.5120676,0.09272285,0.851074,12.33654,298.4805,5.074809,0.5033881,0.03015542,-0.8635339,0.1606287,0.006055455,0.07624224,0.7892851,-0.1238176,-2.73582,-0.2852382,0.1177444,1.193795,0.4583785,0.08641388,0.8845462,-0.2292421,0.97308,0.02373199,-0.8586835,-0.2136535,0.4658487,moving,-63.61364,-11.95079,-13.43797,5.632884
1356,05/08/2023 17:08:15.832315,1597,True,True,True,True,Eyes,2.037501,0.1187398,-3.360402,-0.8940772,-0.09201869,0.4383589,0.0,0.0,0.0,0.0,0.0,0.0,0.0,1.887932,0.4235967,3.348935,2.128273,0.1116157,-3.227551,0.06577119,-0.5145951,0.09282108,0.8498532,11.96548,298.1634,5.283171,0.5047391,0.03016725,-0.8627445,0.1509909,0.005692128,0.0716677,0.7898627,-0.1215706,-2.735485,-0.2853289,0.1180135,1.197392,0.4531524,0.09007751,0.8868703,-0.2254596,0.9741168,0.01626118,-0.8624504,-0.2073222,0.4617323,moving,-63.88165,-11.85519,-13.40317,5.628824
1357,05/08/2023 17:08:15.842477,1598,True,True,True,True,Eyes,2.041099,0.1183275,-3.353858,-0.8963031,-0.0902787,0.4341549,0.0,0.0,0.0,0.0,0.0,0.0,0.0,1.895127,0.3849835,3.340309,2.13102,0.1099727,-3.216216,0.06072575,-0.5172267,0.09278362,0.8486343,11.48131,297.8346,5.543051,0.506094,0.03017097,-0.8619502,0.1419315,0.0053506,0.06736764,0.7904416,-0.1193183,-2.735149,-0.2856426,0.1175973,1.200909,0.4477355,0.09466078,0.8891413,-0.2202967,0.9754072,0.007087558,-0.8666039,-0.1990483,0.4575778,moving,-64.15519,-11.74675,-13.37949,5.592772
1358,05/08/2023 17:08:15.862585,1599,True,True,True,True,Eyes,2.044628,0.1179081,-3.347092,-0.8984386,-0.08832566,0.4301243,0.0,0.0,0.0,0.0,0.0,0.0,0.0,1.904859,0.3535163,3.328638,2.133664,0.1086417,-3.204523,0.05661967,-0.5200645,0.09420406,0.8470258,11.18053,297.4782,5.891377,0.5074542,0.03016669,-0.8611502,0.1334156,0.005029564,0.06332558,0.7910605,-0.1169105,-2.73479,-0.2855968,0.1197755,1.204304,0.4413171,0.1006948,0.8916836,-0.2184783,0.9758396,-0.002067724,-0.8703485,-0.193901,0.4526544,moving,-64.4174,-11.60432,-13.34106,5.679745
1359,05/08/2023 17:08:15.872765,1600,True,True,True,True,Eyes,2.048093,0.1174656,-3.340099,-0.9006121,-0.08609369,0.4260116,0.0,0.0,0.0,0.0,0.0,0.0,0.0,1.91065,0.3072537,3.319324,2.135692,0.1079661,-3.192187,0.05064999,-0.5226468,0.09490616,0.8457351,10.654,297.1562,6.284994,0.5088205,0.0301552,-0.8603441,0.1254107,0.004727791,0.05952604,0.7916415,-0.11465,-2.734453,-0.2856561,0.1227268,1.207396,0.4356664,0.1075868,0.8936554,-0.213475,0.9768548,-0.01353185,-0.8744274,-0.1848777,0.4485499,moving,-64.68471,-11.42516,-13.31078,5.803948
1360,05/08/2023 17:08:15.892286,1601,True,True,True,True,Eyes,2.051494,0.1169873,-3.332882,-0.9027714,-0.08372708,0.4218929,0.0,0.0,0.0,0.0,0.0,0.0,0.0,1.915939,0.2567276,3.309823,2.137711,0.1068487,-3.179691,0.04403653,-0.5252426,0.09572639,0.8444036,10.07449,296.8285,6.731166,0.5101941,0.03013676,-0.8595308,0.117886,0.004444123,0.05595448,0.7922435,-0.1123079,-2.734104,-0.2831823,0.1253627,1.211184,0.4299133,0.1154037,0.8954645,-0.2079231,0.9777945,-0.02618995,-0.8786027,-0.1749283,0.444362,moving,-64.95187,-11.22483,-13.15971,5.909316
1361,05/08/2023 17:08:15.912194,1602,True,True,True,True,Eyes,2.054832,0.1164961,-3.325455,-0.904939,-0.08135847,0.4176915,0.0,0.0,0.0,0.0,0.0,0.0,0.0,1.921876,0.2161797,3.298363,2.139585,0.1054029,-3.167112,0.03868828,-0.5278821,0.09620374,0.8429642,9.601475,296.4831,7.069368,0.5115758,0.0301113,-0.8587101,0.1108129,0.004177476,0.05259721,0.7928341,-0.1100103,-2.733761,-0.2796529,0.125323,1.215175,0.4241706,0.1213469,0.8974154,-0.2030383,0.9784961,-0.03634281,-0.8825276,-0.1667941,0.4396873,moving,-65.22343,-11.02213,-12.96005,5.888192
1362,05/08/2023 17:08:15.922847,1603,True,True,True,True,Eyes,2.058081,0.1160955,-3.317775,-0.9070333,-0.07937364,0.4135098,0.0,0.0,0.0,0.0,0.0,0.0,0.0,1.929306,0.1964279,3.28443,2.141451,0.1045624,-3.154607,0.03612625,-0.5304985,0.09716068,0.8413239,9.431885,296.135,7.288907,0.5129664,0.03007934,-0.8578813,0.1041641,0.003926827,0.04944138,0.7934526,-0.1076042,-2.733402,-0.27636,0.1270212,1.219076,0.4182623,0.1251574,0.8996623,-0.2018171,0.9785094,-0.04229943,-0.8856221,-0.1638749,0.4345325,moving,-65.49211,-10.86582,-12.77286,5.948452
1363,05/08/2023 17:08:15.942541,1604,True,True,True,True,Eyes,2.061229,0.1158002,-3.309878,-0.9092714,-0.07706168,0.4090075,0.0,0.0,0.0,0.0,0.0,0.0,0.0,1.933916,0.1877217,3.270348,2.142307,0.1062365,-3.141606,0.03522449,-0.5325211,0.1006351,0.8396745,9.574782,295.877,7.662837,0.5143663,0.030044,-0.857044,0.09791424,0.003691217,0.0464749,0.7940648,-0.1052223,-2.733047,-0.2739725,0.1278255,1.222895,0.4125879,0.1314858,0.9013782,-0.206517,0.9772636,-0.04802637,-0.887199,-0.1663348,0.4303612,moving,-65.78088,-10.67009,-12.6278,5.967283
1364,05/08/2023 17:08:15.963472,1605,True,True,True,True,Eyes,2.06426,0.115506,-3.301754,-0.9116367,-0.07448137,0.4041916,0.0,0.0,0.0,0.0,0.0,0.0,0.0,1.955334,0.1116188,3.248976,2.143113,0.1082937,-3.128414,0.02580205,-0.5375221,0.1033444,0.8364953,8.874251,295.2081,8.448159,0.5157747,0.03000849,-0.8561983,0.09203938,0.003469744,0.0436864,0.7946765,-0.1028423,-2.732692,-0.2716203,0.1294116,1.22682,0.4007799,0.1451559,0.9046023,-0.2006325,0.9773084,-0.06793319,-0.8939363,-0.1542664,0.4208086,moving,-66.08898,-10.4409,-12.48401,6.021597
1365,05/08/2023 17:08:15.972103,1606,True,True,True,True,Eyes,2.067247,0.1152792,-3.293453,-0.9139003,-0.07271038,0.3993738,0.0,0.0,0.0,0.0,0.0,0.0,0.0,1.978371,0.04856122,3.223464,2.143533,0.1079141,-3.114588,0.01798428,-0.5430461,0.09959728,0.8335814,7.941072,294.4262,8.507035,0.5171923,0.02997301,-0.855344,0.0,0.0,0.0,0.7952992,-0.1004198,-2.732331,-0.26855,0.1349586,1.230729,0.3903629,0.1465123,0.9089285,-0.1855774,0.9795139,-0.07818908,-0.9017637,-0.1381545,0.4095552,moving,-66.39471,-10.31831,-12.30923,6.257905
1366,05/08/2023 17:08:15.992266,1607,True,True,True,True,Eyes,2.070108,0.115166,-3.284955,-0.9161879,-0.07110936,0.3943897,0.0,0.0,0.0,0.0,0.0,0.0,0.0,1.989193,0.1082281,3.204575,2.145519,0.109482,-3.102042,0.02614049,-0.5451702,0.1034368,0.8315089,8.989498,294.157,8.35465,0.5186195,0.02993941,-0.8544806,0.0,0.0,0.0,0.7958658,-0.09821529,-2.732002,-0.2652612,0.1368423,1.234927,0.3841805,0.1435153,0.9120355,-0.2005193,0.977235,-0.06930927,-0.9012199,-0.1562534,0.4042122,moving,-66.70966,-10.22075,-12.12287,6.323152
1367,05/08/2023 17:08:16.012199,1608,True,True,True,True,Eyes,2.072891,0.1151096,-3.276309,-0.918495,-0.06921867,0.3893272,0.0,0.0,0.0,0.0,0.0,0.0,0.0,2.001268,0.07121885,3.185287,2.145413,0.1120188,-3.088828,0.02184963,-0.5487685,0.1031677,0.8292964,8.596209,293.6569,8.557618,0.5200554,0.02991058,-0.8536084,0.0,0.0,0.0,0.7964631,-0.09589158,-2.731656,-0.2629417,0.136657,1.239186,0.3764194,0.1471323,0.9146916,-0.1950939,0.977758,-0.07699064,-0.9056749,-0.1494699,0.3967517,moving,-67.02912,-10.0813,-11.97985,6.293127
1368,05/08/2023 17:08:16.022736,1609,True,True,True,True,Eyes,2.07565,0.1150647,-3.267557,-0.9207379,-0.06836319,0.3841459,0.0,0.0,0.0,0.0,0.0,0.0,0.0,2.009615,0.04303128,3.169349,2.146345,0.1132564,-3.076615,0.01852411,-0.5518712,0.09991126,0.8277154,8.102341,293.2114,8.419043,0.5214994,0.02988764,-0.8527278,0.0,0.0,0.0,0.7970767,-0.09350441,-2.7313,-0.2616992,0.1388128,1.243012,0.3709117,0.1449503,0.9172862,-0.185842,0.9793492,-0.07961093,-0.9098831,-0.1409417,0.3901899,moving,-67.35336,-10.0908,-11.88921,6.372079
1369,05/08/2023 17:08:16.042384,1610,True,True,True,True,Eyes,2.078352,0.1150734,-3.258696,-0.9229597,-0.06754261,0.3789238,0.0,0.0,0.0,0.0,0.0,0.0,0.0,2.029409,0.104103,3.145632,2.148683,0.113709,-3.065057,0.02695665,-0.5551229,0.102824,0.824948,9.127709,292.7758,8.135368,0.522952,0.02987037,-0.8518384,0.0,0.0,0.0,0.7976726,-0.09118593,-2.730954,-0.2614433,0.1421009,1.246957,0.3625316,0.1397204,0.9214386,-0.1995774,0.9774011,-0.06968423,-0.9103515,-0.1586356,0.3822238,moving,-67.67925,-10.10674,-11.84139,6.501273
1370,05/08/2023 17:08:16.062612,1611,True,True,True,True,Eyes,2.081023,0.1151223,-3.249764,-0.9251196,-0.0670886,0.3737016,0.0,0.0,0.0,0.0,0.0,0.0,0.0,2.039737,0.1143699,3.128326,2.150048,0.1150417,-3.053536,0.02875737,-0.5579709,0.1005212,0.8232478,9.179309,292.3682,7.767111,0.5244129,0.02985969,-0.8509402,0.0,0.0,0.0,0.7982835,-0.08880938,-2.7306,-0.2600686,0.1406402,1.25126,0.3571281,0.1334161,0.9244781,-0.1975992,0.978137,-0.0648269,-0.9129152,-0.1595246,0.3756831,moving,-68.00378,-10.17758,-11.7415,6.413066
1371,05/08/2023 17:08:16.072165,1612,True,True,True,True,Eyes,2.083653,0.1152427,-3.240755,-0.9272359,-0.06666375,0.3684964,0.0,0.0,0.0,0.0,0.0,0.0,0.0,2.041362,0.1333636,3.117189,2.152175,0.1161828,-3.042443,0.03150423,-0.5594581,0.1002944,0.8221649,9.440565,292.1564,7.553202,0.5258815,0.02985603,-0.8500335,0.0,0.0,0.0,0.7988878,-0.08645827,-2.730249,-0.257671,0.1447104,1.255845,0.3538954,0.1296665,0.926253,-0.2001677,0.977897,-0.06041767,-0.9136142,-0.1640244,0.3720283,moving,-68.32644,-10.25433,-11.59488,6.573171
1372,05/08/2023 17:08:16.092435,1613,True,True,True,True,Eyes,2.086221,0.1154527,-3.231663,-0.9293977,-0.06583247,0.3631611,0.0,0.0,0.0,0.0,0.0,0.0,0.0,2.044527,0.1221684,3.106148,2.153874,0.1180055,-3.031512,0.03030592,-0.5613557,0.101649,0.8207491,9.431569,291.8986,7.7385,0.5273579,0.02986063,-0.8491182,0.0,0.0,0.0,0.7994871,-0.08412694,-2.729901,-0.2561896,0.1483736,1.25995,0.3490947,0.1328318,0.9276254,-0.2008814,0.9774981,-0.06437536,-0.9153031,-0.1638696,0.3679228,moving,-68.65698,-10.27478,-11.49345,6.716306
1373,05/08/2023 17:08:16.112742,1614,True,True,True,True,Eyes,2.088744,0.1156909,-3.222483,-0.9315827,-0.06464239,0.3577359,0.0,0.0,0.0,0.0,0.0,0.0,0.0,2.049669,0.06841248,3.094327,2.155054,0.1202539,-3.020258,0.02354041,-0.5641582,0.1006739,0.8191681,8.752071,291.5068,8.048246,0.5288408,0.02987508,-0.8481948,0.0,0.0,0.0,0.8000759,-0.08183575,-2.72956,-0.2561368,0.1521195,1.264284,0.3431805,0.1383767,0.9290205,-0.1914987,0.9786212,-0.07502495,-0.919541,-0.1521591,0.3623427,moving,-68.99278,-10.24274,-11.45279,6.860884
1374,05/08/2023 17:08:16.122691,1615,True,True,True,True,Eyes,2.09124,0.1159548,-3.213196,-0.9337964,-0.06355273,0.3521155,0.0,0.0,0.0,0.0,0.0,0.0,0.0,2.057279,0.02298737,3.079887,2.156533,0.1210598,-3.008877,0.01771513,-0.567246,0.09944959,0.8173299,8.151032,291.0675,8.274888,0.5303305,0.02989923,-0.8472633,0.0,0.0,0.0,0.8006773,-0.07949626,-2.729211,-0.256603,0.1547978,1.268494,0.3366836,0.1424685,0.9307777,-0.1826639,0.9795919,-0.08386653,-0.9237306,-0.1417829,0.3558364,moving,-69.33957,-10.23107,-11.43601,6.957561
1375,05/08/2023 17:08:16.142432,1616,True,True,True,True,Eyes,2.093692,0.1162454,-3.203837,-0.9359792,-0.06249221,0.3464645,0.0,0.0,0.0,0.0,0.0,0.0,0.0,2.062489,0.008656889,3.066701,2.158241,0.1218227,-2.997624,0.01596659,-0.5695614,0.1002567,0.8156553,8.062379,290.7438,8.442276,0.5318277,0.0299329,-0.8463231,0.0,0.0,0.0,0.8012769,-0.0771636,-2.728863,-0.2573205,0.1570979,1.273427,0.3310967,0.1453618,0.932333,-0.1817376,0.9793874,-0.08815818,-0.92593,-0.1402511,0.3506897,moving,-69.68732,-10.22457,-11.42389,7.032833
1376,05/08/2023 17:08:16.162521,1617,True,True,True,True,Eyes,2.096103,0.1165744,-3.194418,-0.938155,-0.0615013,0.3407092,0.0,0.0,0.0,0.0,0.0,0.0,0.0,2.069718,-0.003621966,3.051966,2.159661,0.1227328,-2.986477,0.01454449,-0.5720996,0.1012246,0.8137839,8.018518,290.3887,8.60203,0.5333315,0.02997591,-0.8453747,0.0,0.0,0.0,0.8018962,-0.07475413,-2.728504,-0.2581746,0.1634122,1.277867,0.3249114,0.1481081,0.9340752,-0.1813916,0.9790841,-0.09214891,-0.9281862,-0.1394932,0.3449812,moving,-70.04053,-10.23226,-11.42203,7.287365
1377,05/08/2023 17:08:16.172154,1618,True,True,True,True,Eyes,2.098477,0.1169295,-3.184928,-0.9403198,-0.06053498,0.3348645,0.0,0.0,0.0,0.0,0.0,0.0,0.0,2.077548,-0.01507384,3.036856,2.161215,0.1240268,-2.975348,0.01330006,-0.5747551,0.1015389,0.8118926,7.950442,290.014,8.687239,0.5348418,0.03002843,-0.8444182,0.0,0.0,0.0,0.8024985,-0.07241093,-2.728154,-0.2630535,0.1712731,1.280951,0.318693,0.1495889,0.9359796,-0.180166,0.9790259,-0.0951236,-0.9305776,-0.1383165,0.3389595,moving,-70.39829,-10.24695,-11.60481,7.615721
1378,05/08/2023 17:08:16.192624,1619,True,True,True,True,Eyes,2.100833,0.1173174,-3.175374,-0.9424818,-0.0598185,0.3288613,0.0,0.0,0.0,0.0,0.0,0.0,0.0,2.090456,-0.02173078,3.01803,2.162755,0.1250057,-2.964093,0.01274986,-0.578071,0.101458,0.809554,7.928848,289.5446,8.683378,0.5363584,0.0300903,-0.8434536,0.0,0.0,0.0,0.8030692,-0.07019047,-2.727823,-0.2676699,0.1816659,1.284246,0.3110805,0.1495308,0.9385465,-0.179012,0.9790875,-0.0966564,-0.9333722,-0.1379432,0.3313428,moving,-70.76453,-10.30915,-11.77336,8.051482
1379,05/08/2023 17:08:16.212417,1620,True,True,True,True,Eyes,2.103152,0.1177567,-3.165767,-0.9445829,-0.05922082,0.3228871,0.0,0.0,0.0,0.0,0.0,0.0,0.0,2.100863,-0.007799685,3.001521,2.164621,0.1262125,-2.953185,0.014983,-0.5808066,0.1006528,0.807656,8.112765,289.1573,8.432769,0.5378814,0.03016152,-0.8424807,0.0,0.0,0.0,0.8036793,-0.06781676,-2.727469,-0.2623225,0.1669334,1.292635,0.3050656,0.1451812,0.9412,-0.1799901,0.9792891,-0.09271735,-0.9351676,-0.1411218,0.3248785,moving,-71.12802,-10.39312,-11.47161,7.358562
1380,05/08/2023 17:08:16.222321,1621,True,True,True,True,Eyes,2.105417,0.1182316,-3.156148,-0.9466565,-0.05857211,0.3168766,0.0,0.0,0.0,0.0,0.0,0.0,0.0,2.107817,0.006672382,2.987049,2.166101,0.1279315,-2.942284,0.01732001,-0.5830792,0.09964087,0.8060961,8.286332,288.8328,8.159191,0.5394107,0.03024262,-0.8414994,0.0,0.0,0.0,0.8043002,-0.06540131,-2.727109,-0.2699406,0.1908476,1.29444,0.3001809,0.1404423,0.943487,-0.1808381,0.9795434,-0.08827384,-0.9365838,-0.1441202,0.3194376,moving,-71.49294,-10.47247,-11.77956,8.387062
1381,05/08/2023 17:08:16.242399,1622,True,True,True,True,Eyes,2.107644,0.1187379,-3.146493,-0.9487253,-0.05778679,0.3107749,0.0,0.0,0.0,0.0,0.0,0.0,0.0,2.115074,-0.002746969,2.972407,2.167322,0.12936,-2.931677,0.01639455,-0.5857145,0.09700693,0.8045244,8.048792,288.4488,7.946342,0.5409448,0.03033361,-0.8405108,0.0,0.0,0.0,0.8048672,-0.06319533,-2.72678,-0.2705857,0.2218596,1.295982,0.2950563,0.1368838,0.9456239,-0.175294,0.9806418,-0.0872571,-0.9392624,-0.1400164,0.3133395,moving,-71.8627,-10.53352,-11.79327,9.714321
1382,05/08/2023 17:08:16.262468,1623,True,True,True,True,Eyes,2.10983,0.1192629,-3.136802,-0.9508376,-0.05694244,0.3044099,0.0,0.0,0.0,0.0,0.0,0.0,0.0,2.128123,-0.01667774,2.953596,2.168667,0.1305902,-2.921085,0.01489821,-0.5891559,0.09528408,0.8022434,7.826763,287.9519,7.85114,0.5424833,0.03043443,-0.839515,0.0,0.0,0.0,0.8054686,-0.06085568,-2.726431,-0.2696003,0.2001912,1.304547,0.2876325,0.1353273,0.9481319,-0.1704368,0.981398,-0.08837038,-0.9424537,-0.1361783,0.3053467,moving,-72.24757,-10.59521,-11.67648,8.724349
1383,05/08/2023 17:08:16.272419,1624,True,True,True,True,Eyes,2.111974,0.1197925,-3.12706,-0.9529411,-0.05598371,0.2979415,0.0,0.0,0.0,0.0,0.0,0.0,0.0,2.144608,-0.03061596,2.931901,2.169929,0.1315508,-2.9104,0.01340773,-0.5930782,0.09367657,0.7995645,7.617304,287.3852,7.763785,0.5440262,0.03054471,-0.8385119,0.0,0.0,0.0,0.8061227,-0.05831103,-2.726052,-0.2705377,0.2097624,1.309753,0.2789661,0.1338973,0.9509203,-0.1657046,0.9820899,-0.08967437,-0.9458964,-0.1325558,0.2961572,moving,-72.6379,-10.64189,-11.67067,9.098887
1384,05/08/2023 17:08:16.292533,1625,True,True,True,True,Eyes,2.114083,0.1203336,-3.117274,-0.9551197,-0.0548115,0.2911049,0.0,0.0,0.0,0.0,0.0,0.0,0.0,2.158345,-0.04735297,2.911538,2.17114,0.1321576,-2.899384,0.01142766,-0.5966908,0.09266945,0.7970208,7.400611,286.8625,7.770628,0.5455731,0.03066373,-0.8375019,0.0,0.0,0.0,0.8066673,-0.0561922,-2.725736,-0.2752267,0.2176124,1.313025,0.2707449,0.1340814,0.9532678,-0.1613565,0.9825636,-0.09237386,-0.9490318,-0.1288062,0.287659,moving,-73.04964,-10.66325,-11.83852,9.410298
1385,05/08/2023 17:08:16.312756,1626,True,True,True,True,Eyes,2.116152,0.1208758,-3.107433,-0.9572871,-0.05360864,0.284126,0.0,0.0,0.0,0.0,0.0,0.0,0.0,2.172031,-0.06416655,2.890982,2.172478,0.1329658,-2.8883,0.00944862,-0.6002832,0.09298977,0.7943071,7.276087,286.3442,7.902532,0.5471238,0.03079102,-0.836485,0.0,0.0,0.0,0.8072833,-0.05379528,-2.725378,-0.2814922,0.1883956,1.321072,0.262026,0.1363811,0.9553756,-0.1590686,0.9825273,-0.09663019,-0.9518611,-0.1266506,0.2791416,moving,-73.46894,-10.68491,-12.02862,8.116117
1386,05/08/2023 17:08:16.322538,1627,True,True,True,True,Eyes,2.11819,0.1214128,-3.097516,-0.9595014,-0.05248735,0.2767711,0.0,0.0,0.0,0.0,0.0,0.0,0.0,2.188728,-0.08300591,2.867527,2.173654,0.1335028,-2.877072,0.007199923,-0.6043462,0.09337488,0.7911984,7.137715,285.7554,8.055928,0.5486785,0.03092592,-0.8354611,0.0,0.0,0.0,0.8078987,-0.0514012,-2.725021,-0.2910618,0.1729416,1.325973,0.2520936,0.1390536,0.95766,-0.1564586,0.9824586,-0.1014684,-0.954971,-0.1242546,0.2694277,moving,-73.90964,-10.73815,-12.38053,7.430924
1387,05/08/2023 17:08:16.342333,1628,True,True,True,True,Eyes,2.120183,0.121933,-3.087533,-0.9616851,-0.05136166,0.2693023,0.0,0.0,0.0,0.0,0.0,0.0,0.0,2.206138,-0.0936754,2.843223,2.174906,0.1338535,-2.86559,0.006057422,-0.6084721,0.09346997,0.7880282,7.082281,285.1558,8.106778,0.5502371,0.03106763,-0.8344302,0.0,0.0,0.0,0.8085003,-0.04906072,-2.724672,-0.298883,0.1683451,1.32973,0.2420501,0.1399424,0.9601187,-0.1546855,0.9824534,-0.1042009,-0.9578539,-0.1232946,0.25945,moving,-74.35607,-10.79784,-12.66783,7.215318
1388,05/08/2023 17:08:16.362536,1629,True,True,True,True,Eyes,2.122147,0.1224383,-3.077458,-0.9638723,-0.05019234,0.2615932,0.0,0.0,0.0,0.0,0.0,0.0,0.0,2.222515,-0.1032276,2.819098,2.175896,0.133959,-2.853957,0.005017892,-0.6124845,0.09318046,0.7849554,7.008744,284.5695,8.116904,0.5517995,0.03121516,-0.8333923,0.0,0.0,0.0,0.8090815,-0.0467996,-2.724335,-0.3091983,0.1589766,1.332585,0.2323603,0.1401382,0.9624811,-0.1524318,0.9825845,-0.1062655,-0.9606108,-0.1220208,0.2496752,moving,-74.81578,-10.86144,-13.06312,6.803197
1389,05/08/2023 17:08:16.372233,1630,True,True,True,True,Eyes,2.124058,0.1228955,-3.067316,-0.9660282,-0.04888324,0.2537714,0.0,0.0,0.0,0.0,0.0,0.0,0.0,2.239007,-0.1165417,2.79454,2.177067,0.1339815,-2.842291,0.003431856,-0.6166164,0.09217943,0.7818412,6.83699,283.961,8.100453,0.5533673,0.03136774,-0.8323463,0.0,0.0,0.0,0.80971,-0.04435431,-2.72397,-0.3163149,0.1650165,1.334791,0.2225747,0.139907,0.9648246,-0.1483716,0.9829823,-0.1083123,-0.9635592,-0.119045,0.2395452,moving,-75.28121,-10.90317,-13.33186,7.047562
1390,05/08/2023 17:08:16.393313,1631,True,True,True,True,Eyes,2.125939,0.1232931,-3.057076,-0.9681267,-0.04763344,0.2458898,0.0,0.0,0.0,0.0,0.0,0.0,0.0,2.255214,-0.1300177,2.769327,2.177771,0.133251,-2.830481,0.001696984,-0.6207588,0.09019224,0.7787947,6.581618,283.3461,8.006973,0.5549393,0.03152363,-0.831293,0.0,0.0,0.0,0.810332,-0.04193462,-2.723609,-0.3158955,0.1766061,1.337343,0.2130478,0.1383756,0.9671933,-0.1425893,0.983725,-0.109332,-0.966581,-0.1146184,0.2293113,moving,-75.74906,-10.96347,-13.29031,7.522809
1391,05/08/2023 17:08:16.412334,1632,True,True,True,True,Eyes,2.12779,0.1236172,-3.046764,-0.9701699,-0.04644185,0.2379361,0.0,0.0,0.0,0.0,0.0,0.0,0.0,2.270675,-0.1326722,2.745019,2.178855,0.1321306,-2.818479,0.00139361,-0.624687,0.0890174,0.7757838,6.510095,282.765,7.889349,0.5565163,0.03168106,-0.8302322,0.0,0.0,0.0,0.8110231,-0.03924597,-2.723209,-0.3125649,0.184978,1.340776,0.2036843,0.1363754,0.969492,-0.1398576,0.9841479,-0.1090537,-0.9689957,-0.1133783,0.2195286,moving,-76.22009,-11.04449,-13.12256,7.855133
1392,05/08/2023 17:08:16.432091,1633,True,True,True,True,Eyes,2.129608,0.1238605,-3.036401,-0.9721172,-0.04542748,0.2300532,0.0,0.0,0.0,0.0,0.0,0.0,0.0,2.285311,-0.1306233,2.721655,2.180299,0.130925,-2.806469,0.001722617,-0.6284519,0.08846411,0.7727998,6.537493,282.2083,7.78439,0.5580987,0.03183803,-0.8291631,0.0,0.0,0.0,0.8115261,-0.03728909,-2.722917,-0.3045736,0.1899242,1.34504,0.1944447,0.1345649,0.9716398,-0.1388952,0.9843423,-0.1085284,-0.9710301,-0.1138533,0.2100906,moving,-76.6858,-11.17021,-12.759,8.037219
1393,05/08/2023 17:08:16.442681,1634,True,True,True,True,Eyes,2.131404,0.1240317,-3.02598,-0.9740101,-0.04445469,0.2220993,0.0,0.0,0.0,0.0,0.0,0.0,0.0,2.297916,-0.1256731,2.699651,2.181437,0.1293344,-2.794446,0.002385874,-0.631888,0.08833376,0.770006,6.621411,281.6994,7.695771,0.5596869,0.03199255,-0.828086,0.0,0.0,0.0,0.8120807,-0.03513119,-2.722595,-0.2955528,0.1888945,1.349997,0.1858294,0.1330198,0.9735366,-0.1390502,0.9843829,-0.1079598,-0.9726936,-0.1153083,0.2014238,moving,-77.15472,-11.31857,-12.34885,7.965238
1394,05/08/2023 17:08:16.462272,1635,True,True,True,True,Eyes,2.13317,0.1241075,-3.015513,-0.9758366,-0.04347035,0.2141339,0.0,0.0,0.0,0.0,0.0,0.0,0.0,2.311547,-0.1282883,2.676215,2.182555,0.1275563,-2.782447,0.001985711,-0.6355775,0.0883841,0.7669587,6.626455,281.1493,7.697593,0.5612811,0.03214302,-0.8270006,0.0,0.0,0.0,0.8126757,-0.03281631,-2.72225,-0.2849819,0.1888691,1.354568,0.1764589,0.1330498,0.9752744,-0.1380981,0.9843686,-0.109304,-0.9745724,-0.1153958,0.1920746,moving,-77.6234,-11.47542,-11.88095,7.93765
1395,05/08/2023 17:08:16.472171,1636,True,True,True,True,Eyes,2.134904,0.1240689,-3.004964,-0.9776198,-0.04238963,0.2060647,0.0,0.0,0.0,0.0,0.0,0.0,0.0,2.325636,-0.1402411,2.651434,2.183775,0.1254312,-2.770153,0.0002109697,-0.6395364,0.08779379,0.7637312,6.466191,280.5534,7.740619,0.5628807,0.03228729,-0.825907,0.0,0.0,0.0,0.8132885,-0.03043214,-2.721894,-0.2710847,0.1861889,1.359982,0.1665709,0.1338319,0.9769048,-0.1343716,0.9845844,-0.1119724,-0.9768307,-0.1126169,0.1819863,moving,-78.09731,-11.62418,-11.27299,7.795639
1396,05/08/2023 17:08:16.493511,1637,True,True,True,True,Eyes,2.136616,0.1239091,-2.994315,-0.9793452,-0.0412384,0.1979455,0.0,0.0,0.0,0.0,0.0,0.0,0.0,2.338709,-0.1557055,2.626505,2.184791,0.1226049,-2.757532,-0.002181934,-0.6434538,0.08722416,0.7604961,6.253681,279.9596,7.833002,0.5644867,0.03242304,-0.8248048,0.0,0.0,0.0,0.8138849,-0.02811208,-2.721548,-0.2540772,0.1809806,1.365818,0.1567181,0.1354752,0.9783078,-0.1298593,0.9847744,-0.1155682,-0.9790691,-0.1089307,0.1719248,moving,-78.57331,-11.76822,-10.53803,7.548127
1397,05/08/2023 17:08:16.514082,1638,True,True,True,True,Eyes,2.138304,0.1236559,-2.983574,-0.9810191,-0.04011332,0.1897166,0.0,0.0,0.0,0.0,0.0,0.0,0.0,2.348704,-0.1725382,2.603792,2.186024,0.1194821,-2.744619,-0.004845233,-0.6469836,0.08772928,0.7574248,6.095099,279.4219,8.045382,0.5660995,0.03254789,-0.8236939,0.0,0.0,0.0,0.8144908,-0.02575457,-2.721197,-0.2392693,0.1880739,1.369864,0.1474316,0.1391662,0.9792327,-0.1266271,0.9845603,-0.1208586,-0.980933,-0.106179,0.1627775,moving,-79.05484,-11.93867,-9.907701,7.817483
1398,05/08/2023 17:08:16.522275,1639,True,True,True,True,Eyes,2.139975,0.1233252,-2.972736,-0.9826441,-0.03895027,0.1813656,0.0,0.0,0.0,0.0,0.0,0.0,0.0,2.360821,-0.1899131,2.578665,2.187189,0.1169501,-2.731588,-0.007443222,-0.6508497,0.08916952,0.7539153,6.018456,278.8312,8.333817,0.5677195,0.03266048,-0.8225736,0.0,0.0,0.0,0.8151168,-0.02331915,-2.720834,-0.2273373,0.2026895,1.371934,0.1368868,0.1441414,0.9800436,-0.1247637,0.9839868,-0.127295,-0.9826984,-0.1048488,0.1526785,moving,-79.54266,-12.12079,-9.408742,8.40408
1399,05/08/2023 17:08:16.542144,1640,True,True,True,True,Eyes,2.14163,0.1229105,-2.961812,-0.9842189,-0.03780566,0.1728699,0.0,0.0,0.0,0.0,0.0,0.0,0.0,2.374279,-0.2004228,2.552574,2.188471,0.1147137,-2.718536,-0.009041317,-0.6548731,0.08963125,0.7503505,5.959524,278.2152,8.461614,0.5693479,0.03276,-0.8214434,0.0,0.0,0.0,0.8156931,-0.02107728,-2.720499,-0.2176017,0.210011,1.374409,0.1262151,0.1463515,0.9811478,-0.1226679,0.983769,-0.1309625,-0.9843894,-0.1038259,0.1421192,moving,-80.03809,-12.33604,-8.996613,8.687654
1400,05/08/2023 17:08:16.562375,1641,True,True,True,True,Eyes,2.143282,0.1224251,-2.950756,-0.9857186,-0.03676163,0.1643393,0.0,0.0,0.0,0.0,0.0,0.0,0.0,2.390547,-0.2069156,2.523876,2.189831,0.1122742,-2.70546,-0.01007317,-0.6592954,0.08953278,0.7464664,5.913017,277.5363,8.49568,0.5709847,0.03284549,-0.8203032,0.0,0.0,0.0,0.8163245,-0.01862061,-2.720133,-0.2083494,0.2150959,1.376818,0.1146271,0.1469488,0.9824799,-0.120384,0.9837648,-0.1330957,-0.9860874,-0.1030185,0.1304564,moving,-80.53468,-12.60911,-8.605098,8.879366
1401,05/08/2023 17:08:16.572835,1642,True,True,True,True,Eyes,2.14493,0.1218852,-2.939597,-0.9871558,-0.03593226,0.1556672,0.0,0.0,0.0,0.0,0.0,0.0,0.0,2.404967,-0.2073292,2.496902,2.191406,0.1099668,-2.692029,-0.01020388,-0.663408,0.09065979,0.7426753,6.034801,276.9058,8.570493,0.5726318,0.03291652,-0.8191513,0.0,0.0,0.0,0.8169382,-0.01623322,-2.719777,-0.1985206,0.2194287,1.379158,0.1033413,0.1482002,0.9835433,-0.1211229,0.9833534,-0.1354452,-0.9872437,-0.1051325,0.1195714,moving,-81.03867,-12.99778,-8.191083,9.04018
1402,05/08/2023 17:08:16.594137,1643,True,True,True,True,Eyes,2.146566,0.1213009,-2.928335,-0.9885257,-0.03490327,0.1469643,0.0,0.0,0.0,0.0,0.0,0.0,0.0,2.420424,-0.2099073,2.468181,2.193026,0.1081336,-2.678315,-0.01048761,-0.6677392,0.09315108,0.7384695,6.252584,276.239,8.771343,0.5742896,0.03297305,-0.8179876,0.0,0.0,0.0,0.8175464,-0.01386659,-2.719424,-0.1895277,0.2138732,1.382179,0.09089435,0.1515844,0.9842563,-0.1235725,0.9824257,-0.1398908,-0.988164,-0.1089117,0.1080286,moving,-81.54376,-13.35994,-7.807843,8.795979
1403,05/08/2023 17:08:16.612447,1644,True,True,True,True,Eyes,2.14818,0.1206555,-2.916979,-0.9898229,-0.03387552,0.1382139,0.0,0.0,0.0,0.0,0.0,0.0,0.0,2.434044,-0.2185781,2.440088,2.19445,0.1064705,-2.664475,-0.01175007,-0.6719929,0.09336694,0.7345545,6.212814,275.5748,8.850789,0.5759591,0.03301537,-0.8168113,0.0,0.0,0.0,0.8181127,-0.01166375,-2.719095,-0.1819297,0.2082324,1.384867,0.07941649,0.1529581,0.9850365,-0.1213743,0.9822891,-0.142746,-0.9894248,-0.1082217,0.09657516,moving,-82.0509,-13.77143,-7.484081,8.551095
1404,05/08/2023 17:08:16.622058,1645,True,True,True,True,Eyes,2.149773,0.1200405,-2.905529,-0.9909924,-0.03281946,0.1298351,0.0,0.0,0.0,0.0,0.0,0.0,0.0,2.444108,-0.2190855,2.415884,2.195609,0.1043603,-2.650767,-0.01202086,-0.6756115,0.09254115,0.7313281,6.168994,275.0092,8.770773,0.5776403,0.03304323,-0.815622,0.0,0.0,0.0,0.8187183,-0.009307536,-2.718744,-0.1752726,0.2044515,1.38678,0.06997062,0.1515988,0.9859625,-0.1191131,0.9825833,-0.1426261,-0.9904121,-0.1074613,0.08680933,moving,-82.5359,-14.18595,-7.203316,8.386639
1405,05/08/2023 17:08:16.642505,1646,True,True,True,True,Eyes,2.151332,0.1195694,-2.894002,-0.9920964,-0.03199834,0.1213292,0.0,0.0,0.0,0.0,0.0,0.0,0.0,2.44832,-0.2059873,2.399014,2.196718,0.1044811,-2.637325,-0.009881604,-0.6779944,0.09617748,0.7286809,6.662144,274.646,8.894103,0.5793334,0.03305893,-0.8144198,0.0,0.0,0.0,0.8193344,-0.006910404,-2.718387,-0.1678746,0.2012522,1.388398,0.06214696,0.1535647,0.9861824,-0.126766,0.9813045,-0.1448167,-0.9899839,-0.1160145,0.08045184,moving,-83.02759,-14.7743,-6.894304,8.24774
1406,05/08/2023 17:08:16.662492,1647,True,True,True,True,Eyes,2.152849,0.1191197,-2.88239,-0.9931954,-0.03041353,0.1124183,0.0,0.0,0.0,0.0,0.0,0.0,0.0,2.455804,-0.2393106,2.374226,2.197556,0.1074139,-2.623813,-0.01385469,-0.681585,0.1018795,0.7244795,6.823092,274.0716,9.653719,0.5810379,0.03306768,-0.8132041,0.0,0.0,0.0,0.8199265,-0.004607113,-2.718043,-0.1598972,0.1976707,1.389837,0.05012505,0.1665055,0.9847658,-0.1287328,0.9788572,-0.1589539,-0.9904117,-0.1188041,0.07050002,moving,-83.54227,-15.13836,-6.562879,8.094648
1407,05/08/2023 17:08:16.673021,1648,True,True,True,True,Eyes,2.154383,0.1187617,-2.870696,-0.9941713,-0.029835,0.1036022,0.0,0.0,0.0,0.0,0.0,0.0,0.0,2.480592,-0.3117675,2.3243,2.198225,0.1073495,-2.609442,-0.02393079,-0.6888946,0.1011939,0.7173644,6.032332,272.8648,10.32021,0.5827537,0.03307083,-0.8119754,0.0,0.0,0.0,0.8205487,-0.002186258,-2.717682,-0.1521948,0.1985245,1.390417,0.03036809,0.1781574,0.9835335,-0.1122142,0.9783742,-0.173758,-0.99322,-0.1050897,0.04970315,moving,-84.0507,-16.06516,-6.24672,8.125804
1408,05/08/2023 17:08:16.694927,1649,True,True,True,True,Eyes,2.15589,0.1186182,-2.858989,-0.9950663,-0.02961219,0.0946902,0.0,0.0,0.0,0.0,0.0,0.0,0.0,2.490583,-0.2605579,2.306497,2.200216,0.1094127,-2.595747,-0.01554292,-0.6914234,0.1092365,0.7139746,7.403885,272.5074,10.30976,0.5844818,0.03307148,-0.8107323,0.0,0.0,0.0,0.8211377,0.0001051094,-2.71734,-0.1466151,0.2023175,1.390213,0.02000245,0.1774776,0.9839216,-0.1344907,0.9756516,-0.1732518,-0.9907129,-0.1288628,0.04338448,moving,-84.56413,-17.36588,-6.020296,8.28012
1409,05/08/2023 17:08:16.712701,1650,True,True,True,True,Eyes,2.157306,0.118661,-2.847221,-0.9959537,-0.02843834,0.08524962,0.0,0.0,0.0,0.0,0.0,0.0,0.0,2.510919,-0.2793405,2.268173,2.201184,0.1146449,-2.58244,-0.01643288,-0.6967131,0.1187277,0.7072656,8.174791,271.6581,11.1163,0.5862206,0.03307587,-0.8094756,0.0,0.0,0.0,0.8217253,0.002391205,-2.717,-0.1418843,0.2052575,1.389697,0.0009893192,0.190842,0.9816203,-0.145046,0.9712674,-0.1886831,-0.9894245,-0.1421934,0.02864181,moving,-85.10764,-18.44814,-5.829546,8.401813
1410,05/08/2023 17:08:16.722173,1651,True,True,True,True,Eyes,2.158703,0.1187733,-2.835399,-0.9967796,-0.02682503,0.07557116,0.0,0.0,0.0,0.0,0.0,0.0,0.0,2.529095,-0.3729129,2.218253,2.20047,0.1188891,-2.569012,-0.02947004,-0.7038661,0.1123796,0.7007674,6.71306,270.4274,11.55822,0.5879689,0.03308893,-0.8082061,0.0,0.0,0.0,0.8223633,0.004873561,-2.716629,-0.1401056,0.2065789,1.388702,-0.01611334,0.1989898,0.9798691,-0.116018,0.9730046,-0.1995037,-0.9931164,-0.1168971,0.007408076,moving,-85.6644,-19.54303,-5.761055,8.461091
1411,05/08/2023 17:08:16.742557,1652,True,True,True,True,Eyes,2.160015,0.1190241,-2.823498,-0.9975241,-0.02517246,0.06566505,0.0,0.0,0.0,0.0,0.0,0.0,0.0,2.557531,-0.3942432,2.166022,2.201503,0.1207786,-2.554768,-0.03172006,-0.7111622,0.1119519,0.6933319,6.617864,269.2204,11.63638,0.5897268,0.03311182,-0.8069233,0.0,0.0,0.0,0.8229264,0.007064184,-2.716303,-0.1386938,0.2097987,1.387631,-0.03656974,0.2003559,0.9790405,-0.1101234,0.9729213,-0.203217,-0.993245,-0.1152469,-0.0135156,moving,-86.23377,-20.97415,-5.707759,8.597545
1412,05/08/2023 17:08:16.762347,1653,True,True,True,True,Eyes,2.160015,0.1190241,-2.823498,-0.9975241,-0.02517246,0.06566505,0.0,0.0,0.0,0.0,0.0,0.0,0.0,2.575607,-0.4032505,2.125671,2.20081,0.1243403,-2.540829,-0.03229307,-0.7166219,0.109905,0.6879907,6.493243,268.3171,11.46599,0.591493,0.03314758,-0.8056281,0.0,0.0,0.0,0.8235281,0.009404835,-2.715954,-0.1380165,0.2140688,1.38607,-0.05125206,0.1975111,0.9789599,-0.1049435,0.9737561,-0.2019554,-0.9931566,-0.1130861,-0.02917944,moving,-86.23377,-20.97415,-5.686425,8.779567
1413,05/08/2023 17:08:16.772967,1654,True,True,True,True,Eyes,2.160015,0.1190241,-2.823498,-0.9975241,-0.02517246,0.06566505,0.0,0.0,0.0,0.0,0.0,0.0,0.0,2.585417,-0.4370163,2.089863,2.200223,0.1270332,-2.527008,-0.03727756,-0.7213835,0.1034432,0.6837513,5.6394,267.4908,11.31432,0.5930804,0.03317963,-0.804459,0.0,0.0,0.0,0.8241535,0.01183807,-2.715591,-0.13776,0.2171057,1.384494,-0.06218913,0.1952416,0.9787815,-0.08767598,0.9758198,-0.2002215,-0.994206,-0.09826724,-0.04356742,moving,-86.23377,-20.97415,-5.682344,8.912107
1414,05/08/2023 17:08:16.794970,1655,True,True,True,True,Eyes,2.160015,0.1190241,-2.823498,-0.9975241,-0.02517246,0.06566505,0.0,0.0,0.0,0.0,0.0,0.0,0.0,2.590668,-0.443348,2.065366,2.199562,0.128634,-2.513809,-0.03838762,-0.7246497,0.09850036,0.6809604,5.19097,266.9389,10.98584,0.594507,0.03320836,-0.8034042,0.0,0.0,0.0,0.8247305,0.01408309,-2.715256,-0.1382199,0.2181404,1.382798,-0.06963895,0.1897848,0.979353,-0.07851452,0.9776481,-0.1950374,-0.9944778,-0.09047561,-0.05318147,moving,-86.23377,-20.97415,-5.708134,8.964694
1415,05/08/2023 17:08:16.812318,1656,True,True,True,True,Eyes,2.160015,0.1190241,-2.823498,-0.9975241,-0.02517246,0.06566505,0.0,0.0,0.0,0.0,0.0,0.0,0.0,2.598644,-0.4325943,2.041701,2.199259,0.129698,-2.501013,-0.03685735,-0.7279088,0.09501784,0.6780574,5.068451,266.4072,10.5579,0.5957892,0.03323413,-0.8024527,0.0,0.0,0.0,0.8253423,0.01646323,-2.714901,-0.1411577,0.2163125,1.380944,-0.07775935,0.1825127,0.9801238,-0.07519751,0.9792263,-0.1883114,-0.9941323,-0.08834583,-0.0624195,moving,-86.23377,-20.97415,-5.836405,8.902533
1416,05/08/2023 17:08:16.832521,1657,True,True,True,True,Eyes,2.160015,0.1190241,-2.823498,-0.9975241,-0.02517246,0.06566505,0.0,0.0,0.0,0.0,0.0,0.0,0.0,2.603041,-0.4228742,2.021463,2.198213,0.1304252,-2.488333,-0.03555871,-0.730599,0.09196667,0.6756499,4.952569,265.9664,10.18885,0.5969417,0.03325725,-0.8015948,0.0,0.0,0.0,0.825927,0.01873786,-2.714562,-0.1435733,0.2114944,1.379328,-0.08446548,0.1762329,0.980718,-0.07231623,0.9805554,-0.182432,-0.9937989,-0.08633103,-0.07007866,moving,-86.23377,-20.97415,-5.942478,8.717354
1417,05/08/2023 17:08:16.842174,1658,True,True,True,True,Eyes,2.160015,0.1190241,-2.823498,-0.9975241,-0.02517246,0.06566505,0.0,0.0,0.0,0.0,0.0,0.0,0.0,2.600743,-0.4131,2.011078,2.197797,0.1309782,-2.476183,-0.03396577,-0.7320426,0.09361126,0.6739415,5.236843,265.7338,10.17429,0.5979779,0.03327799,-0.8008212,0.0,0.0,0.0,0.826533,0.02109571,-2.71421,-0.1461245,0.2042408,1.377871,-0.08929865,0.1759058,0.9803485,-0.07644824,0.9801666,-0.1828367,-0.9930668,-0.09127296,-0.07407983,moving,-86.23377,-20.97415,-6.053644,8.43152
1418,05/08/2023 17:08:16.862311,1659,True,True,True,True,Eyes,2.160015,0.1190241,-2.823498,-0.9975241,-0.02517246,0.06566505,0.0,0.0,0.0,0.0,0.0,0.0,0.0,2.600767,-0.4325851,1.990469,2.196097,0.1323991,-2.464288,-0.03668942,-0.7345108,0.09390876,0.6710656,5.089512,265.2949,10.40749,0.5989099,0.03329662,-0.8001236,0.0,0.0,0.0,0.8271286,0.02341289,-2.713865,-0.1476668,0.2012655,1.375765,-0.09664985,0.1799354,0.9789188,-0.07214029,0.97967,-0.187196,-0.9927006,-0.08871196,-0.08170439,moving,-86.23377,-20.97415,-6.126348,8.322957
1419,05/08/2023 17:08:16.872327,1660,True,True,True,True,Eyes,2.160015,0.1190241,-2.823498,-0.9975241,-0.02517246,0.06566505,0.0,0.0,0.0,0.0,0.0,0.0,0.0,2.60661,-0.4550115,1.961652,2.194401,0.1332851,-2.452829,-0.03999356,-0.7379925,0.09247621,0.6672449,4.768071,264.6761,10.54875,0.599748,0.03331335,-0.7994949,0.0,0.0,0.0,0.8277437,0.02580597,-2.713508,-0.1508942,0.1924785,1.373607,-0.1063696,0.1824384,0.9774466,-0.06437865,0.9796973,-0.1898645,-0.9922404,-0.08312251,-0.09246489,moving,-86.23377,-20.97415,-6.268947,7.976707
1420,05/08/2023 17:08:16.895525,1661,True,True,True,True,Eyes,2.160015,0.1190241,-2.823498,-0.9975241,-0.02517246,0.06566505,0.0,0.0,0.0,0.0,0.0,0.0,0.0,2.619192,-0.4639862,1.926273,2.192482,0.1336625,-2.441542,-0.041233,-0.7423283,0.0908433,0.6625679,4.601888,263.9242,10.49699,0.6005012,0.03332836,-0.7989287,0.0,0.0,0.0,0.8283474,0.02815448,-2.713158,-0.154231,0.1830818,1.371486,-0.1186076,0.1815965,0.9761942,-0.05916286,0.9800947,-0.1895104,-0.9911773,-0.08023176,-0.1055029,moving,-86.23377,-20.97415,-6.416266,7.603552
1421,05/08/2023 17:08:16.912465,1662,True,True,True,True,Eyes,2.160015,0.1190241,-2.823498,-0.9975241,-0.02517246,0.06566505,0.0,0.0,0.0,0.0,0.0,0.0,0.0,2.634064,-0.4594346,1.890776,2.190413,0.13382,-2.430759,-0.04042674,-0.7467119,0.08908127,0.6579145,4.579451,263.1768,10.26253,0.6011789,0.03334185,-0.7984183,0.0,0.0,0.0,0.8289306,0.0304233,-2.712819,-0.1573506,0.1762356,1.368942,-0.1310283,0.17759,0.9753428,-0.05684147,0.9808605,-0.1862308,-0.9897478,-0.07984141,-0.1184259,moving,-86.23377,-20.97415,-6.556986,7.335826
1422,05/08/2023 17:08:16.922515,1663,True,True,True,True,Eyes,2.160721,0.1196506,-2.80717,-0.9983145,-0.02245613,0.05351543,0.0,0.0,0.0,0.0,0.0,0.0,0.0,2.649013,-0.4542963,1.855209,2.188368,0.1340348,-2.420441,-0.03930201,-0.7510615,0.08919749,0.6529977,4.741328,262.4306,10.14446,0.6017877,0.03335396,-0.797959,0.0,0.0,0.0,0.8295327,0.03276609,-2.71247,-0.1599382,0.1758119,1.365752,-0.1440991,0.175528,0.9738715,-0.05745505,0.9809984,-0.1853138,-0.9878941,-0.08265736,-0.1312759,moving,-86.93156,-22.76388,-6.67928,7.335289
1423,05/08/2023 17:08:16.942159,1664,True,True,True,True,Eyes,2.161298,0.1203014,-2.791099,-0.998953,-0.01985214,0.04121587,0.0,0.0,0.0,0.0,0.0,0.0,0.0,2.665379,-0.4578863,1.814672,2.186015,0.1350088,-2.410403,-0.03931278,-0.7558866,0.08953194,0.6473593,4.844571,261.585,10.13566,0.6025719,0.03339441,-0.7973653,0.0,0.0,0.0,0.8301296,0.03508846,-2.712124,-0.1636178,0.1808299,1.360829,-0.1587611,0.1753506,0.9716209,-0.05648664,0.980877,-0.1862509,-0.9856999,-0.08445298,-0.1458202,moving,-87.63737,-25.71837,-6.855988,7.569246
1424,05/08/2023 17:08:16.962297,1665,True,True,True,True,Eyes,2.161718,0.1209834,-2.775213,-0.9994319,-0.0173494,0.02889419,0.0,0.0,0.0,0.0,0.0,0.0,0.0,2.682769,-0.4638261,1.770651,2.183411,0.136241,-2.400362,-0.03970056,-0.761038,0.0891119,0.6413299,4.859509,260.6716,10.09948,0.6035081,0.03346109,-0.7966542,0.0,0.0,0.0,0.8307401,0.03746329,-2.71177,-0.159357,0.1657776,1.359432,-0.1742397,0.1747275,0.9690774,-0.05387298,0.9809659,-0.1865574,-0.9832286,-0.08471276,-0.16151,moving,-88.344,-30.98254,-6.685885,6.952677
1425,05/08/2023 17:08:16.976873,1666,True,True,True,True,Eyes,2.162013,0.1216587,-2.759581,-0.9997512,-0.01493071,0.01657104,0.0,0.0,0.0,0.0,0.0,0.0,0.0,2.697864,-0.4667241,1.729689,2.180441,0.1373468,-2.390595,-0.03980342,-0.7657409,0.08782562,0.63588,4.811793,259.8335,9.977529,0.6045769,0.0335524,-0.7958395,0.0,0.0,0.0,0.831345,0.03981662,-2.711419,-0.1557544,0.1452866,1.357812,-0.1881448,0.1726513,0.9668469,-0.0507349,0.9814047,-0.1851237,-0.98083,-0.08388294,-0.1758868,moving,-89.0504,-42.01924,-6.543791,6.107444
1426,05/08/2023 17:08:16.995738,1667,True,True,True,True,Eyes,2.162196,0.1223376,-2.744236,-0.9999078,-0.0127937,0.004557086,0.0,0.0,0.0,0.0,0.0,0.0,0.0,2.710445,-0.4625057,1.694067,2.177674,0.1378549,-2.38097,-0.03897807,-0.7698322,0.08647104,0.6311592,4.814708,259.1062,9.774223,0.60576,0.03366574,-0.7949345,0.0,0.0,0.0,0.8319353,0.04211364,-2.711076,-0.157747,0.1704667,1.352388,-0.2002378,0.1691671,0.9650325,-0.04914084,0.9820069,-0.1823391,-0.9785144,-0.08393367,-0.1883219,moving,-89.73888,-70.39423,-6.653106,7.184169
1427,05/08/2023 17:08:17.012389,1668,True,True,True,True,Eyes,2.162259,0.1230296,-2.729155,-0.9999145,-0.01075926,-0.007428431,0.0,0.0,0.0,0.0,0.0,0.0,0.0,2.72,-0.4504988,1.665491,2.174995,0.1387845,-2.371782,-0.03671425,-0.7731289,0.08676211,0.627213,5.054385,258.5258,9.570021,0.6070414,0.03379905,-0.7939509,0.0,0.0,0.0,0.8325562,0.04452918,-2.710716,-0.1582589,0.1610307,1.349125,-0.2105117,0.1656063,0.9634621,-0.05206696,0.9822488,-0.1802119,-0.9762038,-0.08810127,-0.1981523,moving,89.57436,55.37794,-6.690496,6.806584
1428,05/08/2023 17:08:17.022181,1669,True,True,True,True,Eyes,2.162182,0.1237285,-2.714294,-0.9997761,-0.008658951,-0.01930649,0.0,0.0,0.0,0.0,0.0,0.0,0.0,2.730098,-0.4488504,1.632901,2.172145,0.1397919,-2.362946,-0.03614208,-0.7767755,0.08614783,0.6228098,5.095482,257.8657,9.445219,0.6084068,0.03395082,-0.7928985,0.0,0.0,0.0,0.8331406,0.0468026,-2.710377,-0.1607704,0.1498104,1.347131,-0.2216032,0.163456,0.9613398,-0.05115887,0.9825446,-0.1788544,-0.973794,-0.08881576,-0.2093729,moving,88.89371,24.15621,-6.805654,6.345623
1429,05/08/2023 17:08:17.042077,1670,True,True,True,True,Eyes,2.16197,0.1244218,-2.699686,-0.9994922,-0.006671044,-0.03115969,0.0,0.0,0.0,0.0,0.0,0.0,0.0,2.741588,-0.449463,1.596418,2.168926,0.1404515,-2.354337,-0.03618323,-0.7807758,0.0839014,0.6180943,4.950041,257.1341,9.254478,0.6098422,0.03411939,-0.7917877,0.0,0.0,0.0,0.8337519,0.04918078,-2.710022,-0.1585774,0.1746201,1.342988,-0.2333008,0.1602199,0.9591145,-0.04721596,0.9833027,-0.1757457,-0.9712579,-0.08628709,-0.2218404,moving,88.21436,12.08415,-6.73419,7.408241
1430,05/08/2023 17:08:17.062261,1671,True,True,True,True,Eyes,2.161583,0.1251359,-2.685258,-0.9990777,-0.004749224,-0.04267597,0.0,0.0,0.0,0.0,0.0,0.0,0.0,2.75175,-0.4442998,1.562648,2.165443,0.1409726,-2.345716,-0.0351471,-0.7844377,0.08315517,0.613602,5.009875,256.4644,9.078794,0.6113362,0.03430307,-0.7906269,0.0,0.0,0.0,0.834356,0.05153126,-2.709671,-0.1604484,0.1755661,1.340431,-0.2445144,0.1571898,0.9568196,-0.04690693,0.9836998,-0.1735927,-0.9685103,-0.08732742,-0.2331555,moving,87.55408,6.35007,-6.825777,7.461973
1431,05/08/2023 17:08:17.072469,1672,True,True,True,True,Eyes,2.161038,0.1258433,-2.671088,-0.9985287,-0.002633797,-0.05416212,0.0,0.0,0.0,0.0,0.0,0.0,0.0,2.757819,-0.4487544,1.532396,2.161364,0.1418647,-2.337427,-0.03578519,-0.7875612,0.0815628,0.6097659,4.866262,255.8805,8.997897,0.6128777,0.03450106,-0.7894239,0.0,0.0,0.0,0.8349658,0.05390375,-2.709318,-0.1656717,0.1826335,1.337568,-0.2538103,0.1558345,0.9546184,-0.04310238,0.9841339,-0.1721126,-0.9662934,-0.08483022,-0.2430664,moving,86.89521,2.783987,-7.060719,7.775168
1432,05/08/2023 17:08:17.096096,1673,True,True,True,True,Eyes,2.160316,0.1265337,-2.657134,-0.9978592,-0.0004008286,-0.0653976,0.0,0.0,0.0,0.0,0.0,0.0,0.0,2.763139,-0.4635233,1.499636,2.157006,0.1423874,-2.329324,-0.03833296,-0.7908272,0.0787757,0.6057371,4.482612,255.2541,9.006299,0.6144564,0.03471181,-0.7881866,0.0,0.0,0.0,0.8355709,0.0562575,-2.708967,-0.169213,0.1837,1.335437,-0.2632266,0.1560642,0.9520273,-0.03480523,0.9846499,-0.1710353,-0.9641061,-0.07815655,-0.2537542,moving,86.25032,0.3511673,-7.221453,7.832335
1433,05/08/2023 17:08:17.112447,1674,True,True,True,True,Eyes,2.15941,0.1271913,-2.643435,-0.9970595,0.001889573,-0.07660849,0.0,0.0,0.0,0.0,0.0,0.0,0.0,2.769808,-0.4716884,1.465336,2.15228,0.1424838,-2.321405,-0.03987401,-0.7942196,0.07615906,0.6015191,4.18655,254.6059,8.938504,0.616063,0.03493369,-0.7869216,0.0,0.0,0.0,0.8361351,0.0584528,-2.708639,-0.1716793,0.1687123,1.335117,-0.2731698,0.1549597,0.949403,-0.02828482,0.9852197,-0.168944,-0.96155,-0.07300407,-0.2647493,moving,85.60635,-1.412932,-7.327312,7.202023
1434,05/08/2023 17:08:17.122231,1675,True,True,True,True,Eyes,2.15832,0.1278112,-2.629987,-0.9961557,0.004027091,-0.08750761,0.0,0.0,0.0,0.0,0.0,0.0,0.0,2.776402,-0.476007,1.431124,2.146978,0.142322,-2.313729,-0.04076603,-0.7975327,0.07411928,0.5973157,3.986691,253.9719,8.855453,0.6176888,0.03516471,-0.7856357,0.0,0.0,0.0,0.8367457,0.06082818,-2.708285,-0.1731478,0.1568654,1.334628,-0.2831041,0.1535697,0.9467144,-0.02352073,0.9856889,-0.1669255,-0.9588006,-0.06952474,-0.2754405,moving,84.97973,-2.634887,-7.391971,6.703499
1435,05/08/2023 17:08:17.142387,1676,True,True,True,True,Eyes,2.157037,0.1283793,-2.61678,-0.9951345,0.006229932,-0.09832938,0.0,0.0,0.0,0.0,0.0,0.0,0.0,2.78237,-0.47947,1.397193,2.141427,0.1420594,-2.30602,-0.04165461,-0.8007658,0.07161758,0.59322,3.742765,253.3495,8.743156,0.6193257,0.03540296,-0.7843351,0.0,0.0,0.0,0.8374315,0.06349643,-2.707887,-0.175663,0.1573741,1.332765,-0.29271,0.1516811,0.9440942,-0.01825879,0.9862716,-0.1641185,-0.9560271,-0.06527712,-0.285922,moving,84.35692,-3.625288,-7.508498,6.734352
1436,05/08/2023 17:08:17.162236,1677,True,True,True,True,Eyes,2.155563,0.1288795,-2.603831,-0.9940426,0.008190786,-0.1086835,0.0,0.0,0.0,0.0,0.0,0.0,0.0,2.78734,-0.4770231,1.366261,2.135489,0.1413576,-2.298519,-0.04172122,-0.8036539,0.06905007,0.5896032,3.542378,252.7966,8.555499,0.6209669,0.03564634,-0.7830254,0.0,0.0,0.0,0.8379582,0.06554542,-2.707582,-0.177397,0.1580546,1.330977,-0.301255,0.1484831,0.9419122,-0.01436545,0.9869828,-0.1601827,-0.9534355,-0.06178679,-0.2952004,moving,83.76036,-4.309871,-7.59183,6.772207
1437,05/08/2023 17:08:17.182255,1678,True,True,True,True,Eyes,2.153891,0.1293118,-2.591115,-0.9928501,0.01007379,-0.1189415,0.0,0.0,0.0,0.0,0.0,0.0,0.0,2.791903,-0.4691636,1.337404,2.129282,0.1403294,-2.291278,-0.04082301,-0.8063232,0.06735586,0.5862079,3.483416,252.2894,8.341342,0.6226053,0.03589237,-0.7817122,0.0,0.0,0.0,0.838583,0.06797624,-2.707219,-0.1789351,0.1579129,1.32945,-0.3093875,0.1448021,0.9398466,-0.01313599,0.9875933,-0.1564827,-0.9508452,-0.06075963,-0.303647,moving,83.16863,-4.841134,-7.665566,6.773894
1438,05/08/2023 17:08:17.196674,1679,True,True,True,True,Eyes,2.152015,0.129666,-2.578647,-0.9916136,0.01161022,-0.1287157,0.0,0.0,0.0,0.0,0.0,0.0,0.0,2.79581,-0.4609269,1.30916,2.122856,0.1391355,-2.284082,-0.03977073,-0.8089011,0.06634228,0.5828345,3.495445,251.7969,8.160027,0.6242343,0.03613879,-0.7804006,0.0,0.0,0.0,0.8391564,0.0702074,-2.706887,-0.1785399,0.1584272,1.328193,-0.3174444,0.1416743,0.9376341,-0.01299199,0.988034,-0.1536882,-0.9481879,-0.06096917,-0.3118053,moving,82.60412,-5.154159,-7.655988,6.802119
1439,05/08/2023 17:08:17.212488,1680,True,True,True,True,Eyes,2.149926,0.1299268,-2.566402,-0.9902986,0.01303765,-0.1383425,0.0,0.0,0.0,0.0,0.0,0.0,0.0,2.799385,-0.4505938,1.281565,2.115978,0.1377009,-2.277207,-0.03844357,-0.8113584,0.06518821,0.5796294,3.50961,251.3273,7.944408,0.6258491,0.0363834,-0.7790948,0.0,0.0,0.0,0.8397577,0.07254638,-2.706538,-0.1798174,0.1630392,1.326673,-0.3251036,0.137953,0.9355622,-0.01318697,0.9885452,-0.150348,-0.9455864,-0.06121591,-0.3195604,moving,82.04738,-5.38376,-7.718835,7.006135
1440,05/08/2023 17:08:17.222451,1681,True,True,True,True,Eyes,2.147614,0.1300946,-2.554336,-0.9889827,0.01402619,-0.147365,0.0,0.0,0.0,0.0,0.0,0.0,0.0,2.801515,-0.4354214,1.257571,2.108773,0.1357397,-2.270289,-0.03638324,-0.8134355,0.06430167,0.576944,3.590689,250.9348,7.68057,0.6274446,0.03662366,-0.7777991,0.0,0.0,0.0,0.8403851,0.07498723,-2.706174,-0.1826233,0.1670363,1.324697,-0.331624,0.1333878,0.9339345,-0.01500609,0.9890831,-0.1465927,-0.9432924,-0.06262834,-0.326002,moving,81.52491,-5.43703,-7.849346,7.186725
1441,05/08/2023 17:08:17.242564,1682,True,True,True,True,Eyes,2.145087,0.1301662,-2.542485,-0.9876164,0.01488163,-0.1561805,0.0,0.0,0.0,0.0,0.0,0.0,0.0,2.800309,-0.4212815,1.239785,2.101408,0.1336222,-2.263295,-0.0343337,-0.814853,0.06458744,0.5750342,3.771206,250.6678,7.499436,0.6290168,0.03685733,-0.7765172,0.0,0.0,0.0,0.8409566,0.07721099,-2.705842,-0.1849365,0.1616587,1.32387,-0.3363137,0.1302338,0.9327015,-0.01832614,0.9892994,-0.1447446,-0.9415716,-0.06577244,-0.3303283,moving,81.01373,-5.442983,-7.952404,6.961961
1442,05/08/2023 17:08:17.262133,1683,True,True,True,True,Eyes,2.142322,0.1301534,-2.530792,-0.9862574,0.01539468,-0.1644973,0.0,0.0,0.0,0.0,0.0,0.0,0.0,2.79764,-0.4132335,1.222938,2.093723,0.1314093,-2.256586,-0.03325924,-0.8160886,0.06511931,0.5732826,3.907872,250.4279,7.426198,0.6305621,0.0370823,-0.7752521,0.0,0.0,0.0,0.8415597,0.07955717,-2.705492,-0.1842147,0.1570522,1.323518,-0.3404822,0.1289485,0.931367,-0.02037856,0.9893066,-0.1444201,-0.9400303,-0.06815236,-0.3342134,moving,80.53084,-5.346522,-7.923843,6.767227
1443,05/08/2023 17:08:17.281950,1684,True,True,True,True,Eyes,2.139336,0.1300686,-2.519309,-0.9848727,0.01574359,-0.1725628,0.0,0.0,0.0,0.0,0.0,0.0,0.0,2.793629,-0.4014796,1.209639,2.085696,0.1292941,-2.249873,-0.03152519,-0.8169512,0.06588952,0.5720626,4.105218,250.2649,7.309055,0.632077,0.03729697,-0.774007,0.0,0.0,0.0,0.842168,0.08192392,-2.705139,-0.1818585,0.1528713,1.323292,-0.3435012,0.126895,0.9305401,-0.02387678,0.9893295,-0.1437258,-0.9388488,-0.07158828,-0.3368059,moving,80.0619,-5.212891,-7.825078,6.589798
1444,05/08/2023 17:08:17.297055,1685,True,True,True,True,Eyes,2.136102,0.1299353,-2.508015,-0.983488,0.01617397,-0.1802492,0.0,0.0,0.0,0.0,0.0,0.0,0.0,2.788967,-0.3907129,1.197412,2.077431,0.1275219,-2.243392,-0.02985673,-0.8176678,0.06683497,0.5710176,4.312724,250.1288,7.210154,0.6335579,0.03750021,-0.7727855,0.0,0.0,0.0,0.8427571,0.08421566,-2.704798,-0.1805875,0.1492625,1.322828,-0.3460951,0.1251537,0.9298143,-0.02750211,0.9892833,-0.143395,-0.9377963,-0.07520018,-0.3389442,moving,79.61435,-5.127484,-7.77375,6.437791
1445,05/08/2023 17:08:17.312064,1686,True,True,True,True,Eyes,2.132624,0.1297383,-2.496936,-0.982078,0.01683325,-0.187722,0.0,0.0,0.0,0.0,0.0,0.0,0.0,2.784168,-0.3853222,1.183191,2.068508,0.1261624,-2.237266,-0.02966401,-0.8184871,0.06467192,0.5701023,4.131351,249.9712,7.043164,0.6350025,0.03769188,-0.7715896,0.0,0.0,0.0,0.8433834,0.08665217,-2.704434,-0.1789129,0.1481457,1.322304,-0.3482071,0.1222984,0.9294059,-0.02518,0.9898751,-0.1396893,-0.9370796,-0.07204323,-0.3416021,moving,79.17857,-5.124073,-7.705553,6.392538
1446,05/08/2023 17:08:17.322142,1687,True,True,True,True,Eyes,2.128885,0.1294665,-2.486045,-0.9806479,0.01777086,-0.1949717,0.0,0.0,0.0,0.0,0.0,0.0,0.0,2.779512,-0.3807758,1.16773,2.059152,0.1243915,-2.231298,-0.02998773,-0.8193721,0.0610903,0.5692083,3.782713,249.8004,6.831368,0.6364065,0.03787113,-0.7704231,0.0,0.0,0.0,0.8439837,0.0889878,-2.704086,-0.1757299,0.1467516,1.321935,-0.3502053,0.1186884,0.9291228,-0.02040399,0.9907374,-0.1342499,-0.9364507,-0.06597285,-0.3445398,moving,78.75513,-5.207884,-7.572155,6.334624
1447,05/08/2023 17:08:17.342246,1688,True,True,True,True,Eyes,2.124896,0.1291189,-2.475362,-0.9791906,0.01883741,-0.2020664,0.0,0.0,0.0,0.0,0.0,0.0,0.0,2.774755,-0.3783597,1.151102,2.049363,0.1222413,-2.22545,-0.03070244,-0.8203095,0.05769467,0.5681734,3.426402,249.6152,6.669369,0.637768,0.03803706,-0.7692883,0.0,0.0,0.0,0.8445835,0.09132147,-2.703738,-0.17256,0.1471308,1.321491,-0.3524725,0.1159321,0.9286133,-0.01519015,0.9914574,-0.1295436,-0.9356987,-0.05976635,-0.3477004,moving,78.34009,-5.325943,-7.439575,6.352973
1448,05/08/2023 17:08:17.362303,1689,True,True,True,True,Eyes,2.120656,0.1287032,-2.464876,-0.9776975,0.01987256,-0.2090759,0.0,0.0,0.0,0.0,0.0,0.0,0.0,2.77032,-0.3778509,1.13275,2.039391,0.1200408,-2.219695,-0.03146761,-0.8213953,0.0555814,0.5667719,3.189509,249.3961,6.596506,0.6390834,0.03818866,-0.7681882,0.0,0.0,0.0,0.8451753,0.09362354,-2.703395,-0.169946,0.1472116,1.320818,-0.3555591,0.1146986,0.9275894,-0.01130925,0.991841,-0.1269785,-0.9345854,-0.05563869,-0.351361,moving,77.92938,-5.429625,-7.331803,6.359643
1449,05/08/2023 17:08:17.382386,1690,True,True,True,True,Eyes,2.116169,0.1282396,-2.454584,-0.9761851,0.02083293,-0.2159368,0.0,0.0,0.0,0.0,0.0,0.0,0.0,2.765958,-0.3746639,1.114447,2.029173,0.1180147,-2.213914,-0.03146141,-0.8224846,0.05477956,0.5652686,3.126599,249.1777,6.537464,0.6403511,0.03832534,-0.767125,0.0,0.0,0.0,0.8458161,0.09611695,-2.703023,-0.1672311,0.1452151,1.320608,-0.3589632,0.1136834,0.9264026,-0.01017727,0.9920188,-0.125679,-0.9332963,-0.05454237,-0.3549413,moving,77.52676,-5.510669,-7.217064,6.275083
1450,05/08/2023 17:08:17.397447,1691,True,True,True,True,Eyes,2.111452,0.127727,-2.44452,-0.9746078,0.02172851,-0.2228618,0.0,0.0,0.0,0.0,0.0,0.0,0.0,2.761472,-0.3703902,1.096491,2.018719,0.1164141,-2.208265,-0.03099768,-0.8235332,0.05485188,0.5637584,3.175484,248.9682,6.492621,0.6415688,0.0384471,-0.7661009,0.0,0.0,0.0,0.8464068,0.09841467,-2.70268,-0.1648568,0.1415962,1.320171,-0.362431,0.1129017,0.9251469,-0.01079119,0.9920608,-0.1252951,-0.9319481,-0.05539427,-0.3583354,moving,77.11973,-5.568605,-7.117984,6.121912
1451,05/08/2023 17:08:17.412520,1692,True,True,True,True,Eyes,2.106471,0.1271893,-2.43465,-0.9730247,0.02251951,-0.2295989,0.0,0.0,0.0,0.0,0.0,0.0,0.0,2.757433,-0.3636552,1.078365,2.008185,0.1148635,-2.202851,-0.03027223,-0.824595,0.05414615,0.562312,3.167343,248.7585,6.372289,0.6427341,0.03855389,-0.7651181,0.0,0.0,0.0,0.8469943,0.1007007,-2.702339,-0.162969,0.1426738,1.319627,-0.3657777,0.1108187,0.9240811,-0.01096939,0.9923036,-0.1233422,-0.9306376,-0.05525241,-0.3617469,moving,76.72311,-5.601767,-7.040169,6.170665
1452,05/08/2023 17:08:17.422531,1693,True,True,True,True,Eyes,2.101241,0.1267951,-2.424987,-0.9714099,0.02272661,-0.2363181,0.0,0.0,0.0,0.0,0.0,0.0,0.0,2.752906,-0.3516206,1.061992,1.996881,0.11375,-2.197609,-0.02845144,-0.8254411,0.05390012,0.5611883,3.270472,248.5974,6.179378,0.6438457,0.03864647,-0.7641781,0.0,0.0,0.0,0.8476143,0.1031127,-2.70198,-0.1613505,0.1463868,1.319196,-0.3685163,0.1074662,0.9233887,-0.01352627,0.9925706,-0.120916,-0.9295228,-0.05704952,-0.3643247,moving,76.32706,-5.493218,-6.973198,6.332019
1453,05/08/2023 17:08:17.442622,1694,True,True,True,True,Eyes,2.095709,0.1264842,-2.415528,-0.9696598,0.0239561,-0.2432817,0.0,0.0,0.0,0.0,0.0,0.0,0.0,2.742508,-0.355291,1.056322,1.985538,0.1169717,-2.192567,-0.02706843,-0.8251739,0.06043945,0.5609834,3.978161,248.6437,6.474158,0.6449015,0.03873069,-0.7632831,0.0,0.0,0.0,0.8481881,0.1053451,-2.701647,-0.1606039,0.1517553,1.318301,-0.3691298,0.1124834,0.9225458,-0.02313874,0.9912288,-0.130116,-0.9290898,-0.06937623,-0.3632893,moving,75.91557,-5.62382,-6.945911,6.566662
1454,05/08/2023 17:08:17.462386,1695,True,True,True,True,Eyes,2.089895,0.1261495,-2.406224,-0.9677903,0.02569579,-0.2504429,0.0,0.0,0.0,0.0,0.0,0.0,0.0,2.736008,-0.4306687,1.010602,1.972737,0.1183619,-2.187882,-0.04145755,-0.8282044,0.05388766,0.5562869,2.472243,247.9366,7.397045,0.6458983,0.03881001,-0.7624357,0.0,0.0,0.0,0.8488317,0.1078489,-2.701273,-0.1588026,0.1559128,1.317676,-0.3776527,0.1286246,0.9169703,0.008716648,0.9907548,-0.1353846,-0.9259065,-0.04313541,-0.3752823,moving,75.49139,-5.858128,-6.871984,6.748093
1455,05/08/2023 17:08:17.472446,1696,True,True,True,True,Eyes,2.083888,0.12587,-2.397073,-0.9659523,0.02623042,-0.257387,0.0,0.0,0.0,0.0,0.0,0.0,0.0,2.73012,-0.4422021,0.9855154,1.960309,0.1172921,-2.182606,-0.04499658,-0.8295414,0.04884594,0.5544822,1.784471,247.6346,7.405104,0.6468357,0.03888434,-0.7616369,0.0,0.0,0.0,0.8493824,0.1099916,-2.700954,-0.1567359,0.1563544,1.317808,-0.3810498,0.1288215,0.9155362,0.02048465,0.9911788,-0.1309391,-0.9243277,-0.03113984,-0.3803273,moving,75.07967,-5.818949,-6.782717,6.766358
1456,05/08/2023 17:08:17.497440,1697,True,True,True,True,Eyes,2.0776,0.1257728,-2.388079,-0.9639602,0.02699612,-0.2646734,0.0,0.0,0.0,0.0,0.0,0.0,0.0,2.723558,-0.428419,0.9766357,1.949681,0.1185848,-2.177109,-0.03915074,-0.8300237,0.06181641,0.5529076,3.40105,247.5662,7.676796,0.647713,0.03895587,-0.7608874,0.0,0.0,0.0,0.8499746,0.1122952,-2.70061,-0.1548997,0.1566074,1.317787,-0.3855211,0.1333496,0.9130125,-0.00336545,0.9892919,-0.1459116,-0.9226931,-0.05932467,-0.3809441,moving,74.64672,-5.823907,-6.704086,6.777312
1457,05/08/2023 17:08:17.512475,1698,True,True,True,True,Eyes,2.071121,0.125723,-2.379245,-0.9619033,0.0278621,-0.2719665,0.0,0.0,0.0,0.0,0.0,0.0,0.0,2.714644,-0.4699084,0.9479051,1.937104,0.1225521,-2.172842,-0.04647677,-0.831551,0.05930611,0.5503142,2.721338,247.1878,8.205881,0.6485289,0.03903076,-0.7601883,0.0,0.0,0.0,0.8505777,0.1146418,-2.70026,-0.154123,0.158977,1.317718,-0.3899884,0.1425696,0.9097159,0.01202162,0.9886454,-0.1497858,-0.9207413,-0.04747845,-0.3872741,moving,74.21239,-5.849363,-6.671122,6.879241
1458,05/08/2023 17:08:17.522453,1699,True,True,True,True,Eyes,2.06445,0.1256858,-2.370533,-0.9596963,0.0282868,-0.2796119,0.0,0.0,0.0,0.0,0.0,0.0,0.0,2.71006,-0.4866146,0.9180677,1.926056,0.123588,-2.167741,-0.04941429,-0.8335527,0.05882453,0.547072,2.521847,246.7411,8.44637,0.6492845,0.0391103,-0.7595389,0.0,0.0,0.0,0.8511998,0.1170621,-2.699899,-0.1518072,0.1627594,1.317701,-0.3965409,0.1467413,0.9062131,0.01801633,0.9881958,-0.152133,-0.9178402,-0.04400033,-0.3945037,moving,73.75628,-5.776646,-6.571851,7.041378
1459,05/08/2023 17:08:17.542164,1700,True,True,True,True,Eyes,2.057626,0.1256802,-2.361956,-0.9574445,0.02846092,-0.2872109,0.0,0.0,0.0,0.0,0.0,0.0,0.0,2.710865,-0.4793151,0.8830717,1.914976,0.1238394,-2.162378,-0.04720517,-0.8363921,0.0617158,0.5425966,2.981327,246.1648,8.403035,0.6499804,0.03919455,-0.7589392,0.0,0.0,0.0,0.8517922,0.1193668,-2.699556,-0.1494062,0.1660595,1.318027,-0.4067212,0.1459377,0.9018204,0.01199049,0.9879256,-0.154464,-0.9134737,-0.05201048,-0.4035602,moving,73.30199,-5.659201,-6.467215,7.180916
1460,05/08/2023 17:08:17.563981,1701,True,True,True,True,Eyes,2.050667,0.1257335,-2.353523,-0.9550987,0.02822851,-0.2949401,0.0,0.0,0.0,0.0,0.0,0.0,0.0,2.711988,-0.4573941,0.855021,1.904512,0.1246876,-2.156951,-0.04287295,-0.8386882,0.06230289,0.5393351,3.339921,245.7216,8.010528,0.6506172,0.03928404,-0.7583888,0.0,0.0,0.0,0.8524116,0.1217764,-2.699196,-0.1457548,0.1695184,1.318651,-0.4145592,0.1391183,0.8993257,0.00470981,0.9885606,-0.1507512,-0.9100102,-0.05825962,-0.4104721,moving,72.83901,-5.467086,-6.307484,7.325447
1461,05/08/2023 17:08:17.572193,1702,True,True,True,True,Eyes,2.043568,0.1258543,-2.345225,-0.9526674,0.02815161,-0.3027087,0.0,0.0,0.0,0.0,0.0,0.0,0.0,2.710804,-0.4410848,0.8307259,1.894142,0.1262948,-2.151602,-0.03889123,-0.8405727,0.0647387,0.5364085,3.848126,245.349,7.766672,0.6511965,0.03938026,-0.7578865,0.0,0.0,0.0,0.8530154,0.1241257,-2.698846,-0.1429177,0.1769563,1.319014,-0.4215069,0.1348346,0.8967451,-0.004070961,0.9885927,-0.1505583,-0.9068162,-0.06711197,-0.4161498,moving,72.37242,-5.313169,-6.183983,7.641063
1462,05/08/2023 17:08:17.597473,1703,True,True,True,True,Eyes,2.036337,0.1259989,-2.337049,-0.9500751,0.02837709,-0.310728,0.0,0.0,0.0,0.0,0.0,0.0,0.0,2.709598,-0.4426174,0.7962878,1.883704,0.1280116,-2.146433,-0.03936621,-0.8432299,0.0625593,0.5324475,3.645488,244.7838,7.659071,0.6517199,0.03948486,-0.757431,0.0,0.0,0.0,0.853627,0.1265051,-2.698491,-0.1388172,0.1863839,1.319365,-0.4299003,0.1330086,0.8930256,-0.0002295468,0.9890733,-0.1474246,-0.9028765,-0.06358285,-0.4251723,moving,71.88934,-5.218037,-6.006287,8.040845
1463,05/08/2023 17:08:17.612368,1704,True,True,True,True,Eyes,2.028975,0.1261519,-2.328977,-0.9474064,0.02863624,-0.3187494,0.0,0.0,0.0,0.0,0.0,0.0,0.0,2.708743,-0.4408375,0.7604308,1.873279,0.1286698,-2.141063,-0.03982553,-0.8460126,0.0591152,0.5283768,3.3215,244.1906,7.473898,0.6521881,0.03959784,-0.7570218,0.0,0.0,0.0,0.8542084,0.1287669,-2.698154,-0.1362019,0.1893798,1.320403,-0.4384638,0.129856,0.8893182,0.004915601,0.9898387,-0.1421102,-0.8987353,-0.05793864,-0.4346468,moving,71.40479,-5.133634,-5.889332,8.16203
1464,05/08/2023 17:08:17.622215,1705,True,True,True,True,Eyes,2.021486,0.1263094,-2.321013,-0.9446428,0.02906645,-0.3268105,0.0,0.0,0.0,0.0,0.0,0.0,0.0,2.70634,-0.43843,0.7280855,1.862779,0.1290211,-2.135419,-0.03957453,-0.8484815,0.05805807,0.5245399,3.26795,243.6601,7.369788,0.6526024,0.03971865,-0.7566584,0.0,0.0,0.0,0.8548161,0.1311316,-2.697801,-0.1361315,0.1927193,1.320978,-0.4465833,0.1280641,0.8855298,0.006248954,0.9901263,-0.1400392,-0.8947202,-0.05700555,-0.4429742,moving,70.91633,-5.0825,-5.883765,8.300402
1465,05/08/2023 17:08:17.642536,1706,True,True,True,True,Eyes,2.013891,0.1264475,-2.313143,-0.9418272,0.02950652,-0.3347997,0.0,0.0,0.0,0.0,0.0,0.0,0.0,2.701372,-0.4411415,0.7017095,1.852234,0.1292333,-2.13001,-0.04064108,-0.8502895,0.05611481,0.5217347,3.039244,243.2614,7.345213,0.6529651,0.03984719,-0.7563387,0.0,0.0,0.0,0.8554083,0.1334353,-2.697458,-0.1382134,0.2071535,1.319678,-0.4522822,0.1276675,0.8826901,0.01055929,0.9903989,-0.1378354,-0.8918123,-0.05301993,-0.4492879,moving,70.43077,-5.036569,-5.978945,8.921081
1466,05/08/2023 17:08:17.662878,1707,True,True,True,True,Eyes,2.006189,0.1266039,-2.305357,-0.9389493,0.0297031,-0.342771,0.0,0.0,0.0,0.0,0.0,0.0,0.0,2.695461,-0.4476575,0.6759515,1.842115,0.1288899,-2.124338,-0.04193407,-0.8520739,0.05615527,0.5187082,2.991843,242.8579,7.463542,0.6532764,0.03998183,-0.7560616,0.0,0.0,0.0,0.8560222,0.1358238,-2.697102,-0.1346858,0.2121582,1.320129,-0.4583669,0.1297183,0.8792459,0.01320545,0.9901762,-0.1392,-0.8886653,-0.05219378,-0.4555769,moving,69.94498,-4.952641,-5.825428,9.129948
1467,05/08/2023 17:08:17.672558,1708,True,True,True,True,Eyes,1.998398,0.126793,-2.297653,-0.9359927,0.02975202,-0.3507597,0.0,0.0,0.0,0.0,0.0,0.0,0.0,2.689645,-0.4507632,0.6518607,1.831996,0.1294749,-2.118804,-0.04174499,-0.8537778,0.05832054,0.5156739,3.240771,242.4775,7.56444,0.6535389,0.04012282,-0.7558265,0.0,0.0,0.0,0.856622,0.1381573,-2.696754,-0.1211274,0.1958596,1.32493,-0.4646755,0.1314307,0.8756726,0.01113312,0.9897121,-0.1426392,-0.885411,-0.05653195,-0.4613582,moving,69.4567,-4.848317,-5.223561,8.408929
1468,05/08/2023 17:08:17.697523,1709,True,True,True,True,Eyes,1.990529,0.1270133,-2.290033,-0.9329834,0.02957613,-0.3587021,0.0,0.0,0.0,0.0,0.0,0.0,0.0,2.684921,-0.4556676,0.6205862,1.822057,0.1304697,-2.112971,-0.04190273,-0.8561732,0.06001874,0.5114776,3.434546,241.9383,7.665419,0.6537543,0.04027073,-0.7556319,0.0,0.0,0.0,0.8572323,0.1405315,-2.6964,-0.1203746,0.2284182,1.322134,-0.4732695,0.1331485,0.870797,0.01035549,0.9892839,-0.1456375,-0.8808569,-0.05990825,-0.4695767,moving,68.96986,-4.713557,-5.202192,9.801933
1469,05/08/2023 17:08:17.712513,1710,True,True,True,True,Eyes,1.982592,0.1272625,-2.282484,-0.9299375,0.02921366,-0.3665551,0.0,0.0,0.0,0.0,0.0,0.0,0.0,2.681604,-0.446946,0.5927131,1.812276,0.1315057,-2.107233,-0.03989423,-0.8583528,0.06040142,0.5079279,3.621479,241.4663,7.475694,0.6539242,0.04042603,-0.7554764,0.0,0.0,0.0,0.8578063,0.1427648,-2.696067,-0.1075007,0.243603,1.321918,-0.4808357,0.1298458,0.8671433,0.007127527,0.9895203,-0.1442183,-0.876782,-0.06316466,-0.4767222,moving,68.48705,-4.556719,-4.649163,10.44132
1470,05/08/2023 17:08:17.722171,1711,True,True,True,True,Eyes,1.974577,0.1275471,-2.275002,-0.9268183,0.02878077,-0.3744056,0.0,0.0,0.0,0.0,0.0,0.0,0.0,2.678754,-0.4293438,0.568166,1.802715,0.1325285,-2.101315,-0.03611984,-0.8603117,0.06097496,0.5048178,3.924797,241.0519,7.123125,0.6540506,0.04058908,-0.7553581,0.0,0.0,0.0,0.8584415,0.1452362,-2.695698,-0.09726813,0.2066096,1.328773,-0.4877085,0.1237111,0.8641967,0.000586151,0.9899548,-0.1413828,-0.8730063,-0.06844706,-0.4828819,moving,68.00283,-4.395715,-4.186669,8.838095
1471,05/08/2023 17:08:17.742557,1712,True,True,True,True,Eyes,1.966505,0.1278562,-2.267602,-0.9236264,0.02843135,-0.382238,0.0,0.0,0.0,0.0,0.0,0.0,0.0,2.675964,-0.4132711,0.5420475,1.793078,0.1336477,-2.095805,-0.03321453,-0.862344,0.05965827,0.5016978,3.98898,240.6154,6.743804,0.654135,0.04076044,-0.7552758,0.0,0.0,0.0,0.8590095,0.1474458,-2.695369,-0.08321582,0.2023574,1.332252,-0.4943926,0.1171456,0.8613091,-0.002576157,0.9906753,-0.1362192,-0.8692352,-0.0695646,-0.4894807,moving,67.51804,-4.2539,-3.574196,8.636714
1472,05/08/2023 17:08:17.762541,1713,True,True,True,True,Eyes,1.95836,0.1281732,-2.260267,-0.9203151,0.02821884,-0.3901587,0.0,0.0,0.0,0.0,0.0,0.0,0.0,2.673163,-0.4013001,0.5116928,1.783636,0.1345651,-2.090265,-0.03136417,-0.8647375,0.05756594,0.4979275,3.917768,240.0877,6.420944,0.654179,0.04094024,-0.755228,0.0,0.0,0.0,0.859615,0.1498014,-2.695017,-0.07717673,0.1966818,1.333637,-0.5021691,0.1115709,0.857542,-0.003083803,0.9914049,-0.130793,-0.8647641,-0.06832469,-0.4975088,moving,67.02596,-4.136805,-3.311977,8.38938
1473,05/08/2023 17:08:17.772345,1714,True,True,True,True,Eyes,1.950145,0.1284995,-2.252996,-0.9169148,0.02807251,-0.3980944,0.0,0.0,0.0,0.0,0.0,0.0,0.0,2.66951,-0.3955071,0.4772604,1.77386,0.135039,-2.084626,0.03077471,0.8674272,-0.05549063,-0.4935017,3.778152,239.4788,6.222781,0.6541838,0.04112808,-0.7552137,0.0,0.0,0.0,0.8602447,0.1522513,-2.694652,-0.0758307,0.1756581,1.33704,-0.5110182,0.1081591,0.8527381,-0.001379799,0.9919474,-0.1266429,-0.8595689,-0.06589341,-0.506754,moving,66.53109,-4.033662,-3.246073,7.484558
1474,05/08/2023 17:08:17.797606,1715,True,True,True,True,Eyes,1.941858,0.1288451,-2.245779,-0.9133822,0.02804039,-0.4061361,0.0,0.0,0.0,0.0,0.0,0.0,0.0,2.66403,-0.3952779,0.4449861,1.763988,0.1355796,-2.078768,0.03091565,0.8698851,-0.05448258,-0.4892603,3.700188,238.9097,6.160974,0.6541507,0.04132366,-0.7552317,0.0,0.0,0.0,0.8608277,0.1545195,-2.694314,-0.07863764,0.1656222,1.338599,-0.5193371,0.1070985,0.8478318,0.0004738066,0.9921517,-0.1250388,-0.8545693,-0.06453557,-0.5153118,moving,66.02764,-3.94954,-3.362048,7.05325
1475,05/08/2023 17:08:17.812618,1716,True,True,True,True,Eyes,1.933493,0.129201,-2.238628,-0.9097417,0.02814035,-0.4142199,0.0,0.0,0.0,0.0,0.0,0.0,0.0,2.656965,-0.4021192,0.413779,1.754042,0.136356,-2.072949,0.03216492,0.8721921,-0.0541939,-0.4850872,3.630936,238.3614,6.252145,0.6540808,0.04152704,-0.755281,0.0,0.0,0.0,0.8614184,0.1568178,-2.693971,-0.08014333,0.1634949,1.339639,-0.527312,0.1086855,0.8426921,0.003530438,0.9920569,-0.1257406,-0.8496647,-0.06332939,-0.5235071,moving,65.51946,-3.886462,-3.423615,6.958195
1476,05/08/2023 17:08:17.822151,1717,True,True,True,True,Eyes,1.925058,0.1295464,-2.231543,-0.9059609,0.02831681,-0.4224133,0.0,0.0,0.0,0.0,0.0,0.0,0.0,2.649537,-0.4115588,0.3791349,1.743819,0.1370408,-2.067241,0.03425772,0.8747397,-0.05309229,-0.4804564,3.437814,237.7478,6.381626,0.653975,0.041738,-0.7553608,0.0,0.0,0.0,0.8620053,0.159101,-2.69363,-0.08342148,0.1622005,1.339833,-0.5359765,0.1109502,0.8369108,0.008916114,0.9920152,-0.1258026,-0.8441861,-0.05996519,-0.5326859,moving,65.00224,-3.835131,-3.562784,6.902651
1568,05/08/2023 17:08:19.362542,1809,True,True,True,True,Eyes,0.7191145,0.1193541,-1.887891,0.3457477,-0.05608495,-0.9366499,0.0,0.0,0.0,0.0,0.0,0.0,0.0,0.2269051,-0.4505345,-1.943773,0.6836893,0.1204307,-1.884353,0.08508699,0.9886606,-0.06501376,0.1052794,8.422348,168.5065,8.988725,0.4230475,0.05664183,-0.9043351,-0.6312369,0.01065639,-0.03026942,0.8620053,0.159101,-2.69363,-0.08921796,0.08063067,0.9615915,-0.963353,0.1545551,-0.2192349,0.1819335,0.9770668,-0.1106373,0.1971076,-0.1464689,-0.969379,moving,-20.26073,3.426679,-5.300816,4.793111
1569,05/08/2023 17:08:19.372763,1810,True,True,True,True,Eyes,0.7169352,0.1193618,-1.888229,0.3491004,-0.05648958,-0.9353811,0.0,0.0,0.0,0.0,0.0,0.0,0.0,0.1807338,-0.4401712,-1.949038,0.6735083,0.1203979,-1.886015,0.08348026,0.987827,-0.06377184,0.1147258,8.345722,167.3894,8.737292,0.4146634,0.05696589,-0.9081897,-0.5933627,0.01001701,-0.02845326,0.8641853,0.1573008,-2.693895,-0.09337077,0.07698371,0.9579226,-0.9597381,0.1502956,-0.2373059,0.1795606,0.9779284,-0.1068364,0.2160112,-0.1451458,-0.9655423,moving,-20.46644,3.456012,-5.567156,4.594716
1570,05/08/2023 17:08:19.398378,1811,True,True,True,True,Eyes,0.7144179,0.1193476,-1.888609,0.3527054,-0.05711142,-0.9339899,0.0,0.0,0.0,0.0,0.0,0.0,0.0,0.1350631,-0.4355139,-1.951558,0.6629874,0.1198584,-1.887479,0.08124358,0.9868667,-0.06425397,0.1239557,8.450876,166.3031,8.395725,0.4077312,0.05722283,-0.9113069,-0.557761,0.009415988,-0.02674606,0.8662919,0.1555612,-2.694151,-0.09466118,0.0734477,0.9549376,-0.9560689,0.1444239,-0.2550959,0.1762824,0.9785419,-0.106679,0.234215,-0.1469614,-0.9610128,moving,-20.68819,3.499154,-5.661129,4.398167
1571,05/08/2023 17:08:19.412458,1812,True,True,True,True,Eyes,0.7115825,0.1193027,-1.889033,0.3568258,-0.05763329,-0.9323913,0.0,0.0,0.0,0.0,0.0,0.0,0.0,0.09064764,-0.432488,-1.95253,0.652563,0.1193388,-1.888797,0.07956631,0.9858087,-0.0649699,0.1327756,8.582003,165.2684,8.117434,0.4019549,0.05742659,-0.9138567,-0.5242953,0.008851029,-0.0251413,0.8689428,0.153372,-2.694474,-0.09725231,0.07251011,0.9515065,-0.9520799,0.1396215,-0.2721215,0.1741272,0.9788962,-0.1069669,0.2514439,-0.1492247,-0.9562993,moving,-20.94183,3.537086,-5.835865,4.357835
1572,05/08/2023 17:08:19.422190,1813,True,True,True,True,Eyes,0.7084044,0.1192178,-1.889505,0.3611531,-0.05821894,-0.9306873,0.0,0.0,0.0,0.0,0.0,0.0,0.0,0.04620761,-0.4225132,-1.95417,0.6419317,0.1185467,-1.890317,0.07840379,0.9847539,-0.06382632,0.1415587,8.505473,164.2297,7.924193,0.3969995,0.05759139,-0.9160099,-0.4928375,0.008319967,-0.02363282,0.8707126,0.1519105,-2.694689,-0.09828508,0.07887155,0.948419,-0.9476283,0.1363465,-0.2888094,0.1724872,0.9795581,-0.1035089,0.2687925,-0.1479039,-0.951775,moving,-21.20874,3.579461,-5.916468,4.75384
1573,05/08/2023 17:08:19.442188,1814,True,True,True,True,Eyes,0.7049207,0.1190716,-1.890002,0.3659047,-0.05873536,-0.9287969,0.0,0.0,0.0,0.0,0.0,0.0,0.0,0.005132139,-0.4129362,-1.95452,0.6313058,0.1174094,-1.891655,0.07742514,0.983728,-0.06277451,0.149479,8.43301,163.2928,7.759978,0.3923869,0.05773646,-0.9179861,-0.4632673,0.007820769,-0.02221485,0.8726822,0.1502841,-2.694928,-0.09867331,0.0832804,0.9452403,-0.9433228,0.1335636,-0.3038141,0.1710975,0.9801294,-0.1003592,0.2843728,-0.146653,-0.9474308,moving,-21.50224,3.618458,-5.959503,5.035044
1574,05/08/2023 17:08:19.462634,1815,True,True,True,True,Eyes,0.7011146,0.1188631,-1.890543,0.3707336,-0.05935489,-0.9268406,0.0,0.0,0.0,0.0,0.0,0.0,0.0,-0.03717369,-0.4030351,-1.9537,0.6203363,0.1157818,-1.892759,0.0775943,0.9825379,-0.06161178,0.1574881,8.366939,162.3536,7.72994,0.3880706,0.05786118,-0.9198112,-0.4354713,0.007351523,-0.02088196,0.874765,0.148564,-2.695181,-0.09886196,0.07941794,0.9427412,-0.9383534,0.1330724,-0.3190374,0.1718849,0.9803662,-0.09663145,0.2999145,-0.1455121,-0.9428032,moving,-21.80127,3.664219,-5.986527,4.815313
1575,05/08/2023 17:08:19.474854,1816,True,True,True,True,Eyes,0.6970103,0.1185875,-1.89112,0.3759582,-0.05991882,-0.9246973,0.0,0.0,0.0,0.0,0.0,0.0,0.0,-0.07732695,-0.3910041,-1.952686,0.6094385,0.1139875,-1.894053,0.07817077,0.9813763,-0.059859,0.1649449,8.237468,161.4782,7.763051,0.3840072,0.05796485,-0.9215085,-0.409343,0.006910432,-0.01962904,0.8769634,0.1467486,-2.695449,-0.1010261,0.07676258,0.9399071,-0.9333653,0.133683,-0.3331044,0.1731768,0.9806125,-0.09170068,0.3143875,-0.1432762,-0.9384203,moving,-22.1254,3.707486,-6.134898,4.669006
1576,05/08/2023 17:08:19.492624,1817,True,True,True,True,Eyes,0.6925879,0.1182524,-1.891737,0.3812494,-0.06056513,-0.9224862,0.0,0.0,0.0,0.0,0.0,0.0,0.0,-0.1204723,-0.3800324,-1.950448,0.5980201,0.1120805,-1.895519,0.07970491,0.9799758,-0.05837891,0.1728775,8.162333,160.5553,7.898874,0.3801585,0.05804659,-0.9230978,-0.3847824,0.006495806,-0.0184513,0.8791261,0.1449626,-2.695711,-0.1045621,0.08181274,0.9369735,-0.9275212,0.136033,-0.3481378,0.1764026,0.9804781,-0.08686145,0.3295254,-0.1419782,-0.9334108,moving,-22.45456,3.756319,-6.36761,4.99018
1577,05/08/2023 17:08:19.512408,1818,True,True,True,True,Eyes,0.6878687,0.1178483,-1.892397,0.386904,-0.06114237,-0.9200907,0.0,0.0,0.0,0.0,0.0,0.0,0.0,-0.163188,-0.3685369,-1.947198,0.5865627,0.1102352,-1.896793,0.08123147,0.9785235,-0.05680633,0.1807385,8.078861,159.6388,8.037854,0.3764892,0.05810593,-0.9245967,-0.3616955,0.006106058,-0.01734422,0.8811979,0.1432517,-2.695963,-0.1091319,0.0875067,0.933771,-0.9214703,0.1384396,-0.3629427,0.179508,0.980349,-0.08180932,0.3444848,-0.140536,-0.9282134,moving,-22.80706,3.801861,-6.666044,5.353737
1578,05/08/2023 17:08:19.522421,1819,True,True,True,True,Eyes,0.6828775,0.1173631,-1.893072,0.3925552,-0.06179219,-0.9176503,0.0,0.0,0.0,0.0,0.0,0.0,0.0,-0.205974,-0.356446,-1.94334,0.5745646,0.1081519,-1.89848,0.08246616,0.9770387,-0.05523339,0.1885311,7.991443,158.7266,8.145931,0.3729676,0.05814191,-0.9260205,-0.3399938,0.005739694,-0.01630357,0.8834476,0.1413939,-2.696237,-0.1122768,0.08875516,0.9312139,-0.9153106,0.1403188,-0.3775142,0.1819717,0.9802972,-0.07683543,0.3592947,-0.1390252,-0.9228106,moving,-23.16041,3.852334,-6.874987,5.444486
1579,05/08/2023 17:08:19.542669,1820,True,True,True,True,Eyes,0.6775832,0.1168113,-1.893756,0.3984819,-0.06247167,-0.9150461,0.0,0.0,0.0,0.0,0.0,0.0,0.0,-0.2456952,-0.3451623,-1.938267,0.5624883,0.1058289,-1.899681,0.08337428,0.9756325,-0.05395827,0.1956486,7.926984,157.8915,8.217859,0.3695675,0.05815313,-0.927382,-0.3195941,0.005395312,-0.01532535,0.8855352,0.1396699,-2.696491,-0.1147072,0.0907046,0.9288676,-0.9095407,0.1415716,-0.3907596,0.183799,0.9802745,-0.07266278,0.3727647,-0.137911,-0.9176203,moving,-23.53204,3.905614,-7.039895,5.577292
1580,05/08/2023 17:08:19.562468,1821,True,True,True,True,Eyes,0.671971,0.1162057,-1.894475,0.4045956,-0.06316011,-0.912312,0.0,0.0,0.0,0.0,0.0,0.0,0.0,-0.2857758,-0.3373108,-1.931273,0.5497817,0.1036797,-1.900593,0.08515719,0.9740819,-0.05352323,0.2026031,7.977155,157.0856,8.37326,0.3662628,0.05813903,-0.928693,-0.3004185,0.005071593,-0.01440583,0.8876672,0.1379093,-2.69675,-0.1178586,0.09054676,0.9262865,-0.9034006,0.1442122,-0.4038198,0.1875881,0.979767,-0.06976578,0.3855882,-0.1387782,-0.9121746,moving,-23.91651,3.960315,-7.25122,5.583064
1581,05/08/2023 17:08:19.575057,1822,True,True,True,True,Eyes,0.6660463,0.1155343,-1.895222,0.4109983,-0.06374395,-0.9094049,0.0,0.0,0.0,0.0,0.0,0.0,0.0,-0.3274676,-0.3241555,-1.924444,0.5370843,0.1016943,-1.901839,0.08710416,0.9724309,-0.05176557,0.2100272,7.889635,156.217,8.573166,0.3630294,0.05809967,-0.9299642,-0.2823934,0.004767298,-0.01354148,0.8898195,0.136132,-2.697011,-0.1220597,0.08755636,0.9237192,-0.896603,0.1476612,-0.417492,0.1911499,0.9794664,-0.06408838,0.399456,-0.1372654,-0.906418,moving,-24.32021,4.009541,-7.527419,5.414704
1582,05/08/2023 17:08:19.598388,1823,True,True,True,True,Eyes,0.659789,0.114807,-1.896008,0.4174792,-0.06448926,-0.9063953,0.0,0.0,0.0,0.0,0.0,0.0,0.0,-0.368753,-0.3096338,-1.916894,0.5235062,0.09942199,-1.903257,0.08788155,0.9708503,-0.04986302,0.2173479,7.759823,155.3497,8.646696,0.3598459,0.05803452,-0.9312047,-0.2654498,0.00448126,-0.01272899,0.892056,0.1342851,-2.697283,-0.1266009,0.08204158,0.9211086,-0.8900735,0.1489644,-0.4307887,0.1923149,0.9795811,-0.05861732,0.4132605,-0.1350208,-0.9005472,moving,-24.73046,4.069688,-7.82593,5.089807
1583,05/08/2023 17:08:19.612431,1824,True,True,True,True,Eyes,0.6532329,0.1140297,-1.896825,0.4240991,-0.06515902,-0.9032686,0.0,0.0,0.0,0.0,0.0,0.0,0.0,-0.4053144,-0.303455,-1.907977,0.5100415,0.09725194,-1.904506,0.08837695,0.9694093,-0.05000407,0.223461,7.842268,154.6328,8.650434,0.3566916,0.05794354,-0.9324232,-0.2495228,0.004212384,-0.01196525,0.8940877,0.1326073,-2.69753,-0.1298453,0.07587728,0.9186538,-0.8845094,0.1489989,-0.4420887,0.1936948,0.9793782,-0.05745121,0.4244119,-0.1364464,-0.8951296,moving,-25.15081,4.125994,-8.045064,4.721694
1584,05/08/2023 17:08:19.632896,1825,True,True,True,True,Eyes,0.6463832,0.1131972,-1.897676,0.4307233,-0.06586844,-0.900077,0.0,0.0,0.0,0.0,0.0,0.0,0.0,-0.4397486,-0.2925634,-1.899827,0.496194,0.09526277,-1.90605,0.08858319,0.9681407,-0.04887564,0.2290587,7.771255,153.9667,8.656689,0.3535491,0.05782696,-0.9336265,-0.2345514,0.003959641,-0.01124734,0.8962959,0.1307837,-2.697798,-0.1325687,0.07052836,0.9158773,-0.8793705,0.1491312,-0.4521813,0.1939127,0.9795284,-0.05405549,0.4348631,-0.1352185,-0.8902867,moving,-25.573,4.185495,-8.236077,4.403447
1585,05/08/2023 17:08:19.643684,1826,True,True,True,True,Eyes,0.6392593,0.1124037,-1.898555,0.4372728,-0.06690241,-0.8968369,0.0,0.0,0.0,0.0,0.0,0.0,0.0,-0.4704363,-0.2836721,-1.891652,0.4825722,0.09307127,-1.907508,0.08805052,0.9670739,-0.04823606,0.2338562,7.728435,153.3918,8.574564,0.3504034,0.05768469,-0.9348205,-0.2204783,0.003722062,-0.0105725,0.8983861,0.1290576,-2.698052,-0.135167,0.0670968,0.9123778,-0.8751169,0.1477421,-0.4608069,0.1928633,0.9798408,-0.05211334,0.4438181,-0.134478,-0.8859692,moving,-25.99258,4.26626,-8.426967,4.205994
1586,05/08/2023 17:08:19.662797,1827,True,True,True,True,Eyes,0.6318539,0.1116914,-1.899492,0.4439064,-0.06799492,-0.8934897,0.0,0.0,0.0,0.0,0.0,0.0,0.0,-0.4976599,-0.2948621,-1.88107,0.4688033,0.09328993,-1.909071,0.08980277,0.9659223,-0.05205464,0.2371075,8.230007,153.0396,8.647109,0.3472409,0.05752131,-0.9360098,-0.2072496,0.003498739,-0.009938149,0.9004766,0.1273312,-2.698307,-0.1378936,0.06642471,0.909186,-0.8714311,0.1487999,-0.4674042,0.1981701,0.9784515,-0.05797564,0.4487056,-0.1431473,-0.8821407,moving,-26.41925,4.351844,-8.624162,4.17858
1587,05/08/2023 17:08:19.672612,1828,True,True,True,True,Eyes,0.624188,0.11101,-1.900493,0.4506725,-0.06891333,-0.8900254,0.0,0.0,0.0,0.0,0.0,0.0,0.0,-0.5360636,-0.2818047,-1.871149,0.4550931,0.09437573,-1.91101,0.09445798,0.9640682,-0.04979765,0.2432499,8.161884,152.3342,9.178866,0.3440493,0.05734297,-0.9371986,-0.1948147,0.003288814,-0.00934186,0.9026863,0.1255065,-2.698575,-0.1411251,0.0688621,0.9055622,-0.8638145,0.1579013,-0.4784265,0.2063544,0.9771958,-0.05006288,0.4596113,-0.1419704,-0.8766994,moving,-26.85579,4.427492,-8.857864,4.348601
1588,05/08/2023 17:08:19.692640,1829,True,True,True,True,Eyes,0.6162483,0.1104285,-1.901523,0.4573069,-0.0707168,-0.8864928,0.0,0.0,0.0,0.0,0.0,0.0,0.0,-0.5707986,-0.2658254,-1.862439,0.4410422,0.09438164,-1.913563,0.09576467,0.9626562,-0.04699879,0.248824,7.940487,151.6659,9.354736,0.340818,0.05715266,-0.9383901,-0.1831258,0.003091485,-0.008781348,0.9047134,0.1238326,-2.698822,-0.1436978,0.07099814,0.9021855,-0.8578317,0.160988,-0.4880655,0.2077658,0.9772405,-0.04283026,0.4700622,-0.1381444,-0.8717556,moving,-27.28744,4.560908,-9.049906,4.499659
1589,05/08/2023 17:08:19.714617,1830,True,True,True,True,Eyes,0.6080841,0.110003,-1.902627,0.4640922,-0.0726546,-0.8828022,0.0,0.0,0.0,0.0,0.0,0.0,0.0,-0.6033406,-0.3018214,-1.844932,0.4267585,0.09633868,-1.915068,0.1007653,0.9606308,-0.05723041,0.2525065,9.255794,151.3247,9.605707,0.3375371,0.05695659,-0.9395871,-0.1721382,0.002905996,-0.008254468,0.9068442,0.1220729,-2.69908,-0.1462633,0.07165194,0.8986006,-0.8521737,0.1646944,-0.4966646,0.2224985,0.9731421,-0.05906682,0.4735973,-0.1608424,-0.8659303,moving,-27.73106,4.704838,-9.244839,4.558962
1590,05/08/2023 17:08:19.722271,1831,True,True,True,True,Eyes,0.5997096,0.1096602,-1.903792,0.4711128,-0.07415831,-0.8789501,0.0,0.0,0.0,0.0,0.0,0.0,0.0,-0.6437752,-0.2975509,-1.831963,0.4130484,0.09963038,-1.917951,0.1061522,0.9583668,-0.05711401,0.2588494,9.463961,150.6135,10.15415,0.3341992,0.05676301,-0.9407912,-0.16181,0.002731636,-0.007759199,0.9090698,0.120235,-2.699351,-0.1489564,0.07296601,0.8948731,-0.8434576,0.1738976,-0.508271,0.2330333,0.9709394,-0.05451745,0.4840198,-0.1644272,-0.8594702,moving,-28.19108,4.822707,-9.450542,4.661461
1591,05/08/2023 17:08:19.742813,1832,True,True,True,True,Eyes,0.5911307,0.1093919,-1.904991,0.4781479,-0.07617129,-0.87497,0.0,0.0,0.0,0.0,0.0,0.0,0.0,-0.6770793,-0.2859459,-1.821493,0.3996862,0.1012077,-1.920428,0.105036,0.9570584,-0.05503629,0.2645333,9.26012,149.9127,10.03232,0.3307985,0.0565757,-0.9420037,-0.1521014,0.002567738,-0.007293648,0.9111151,0.1185459,-2.6996,-0.151591,0.07569178,0.8911201,-0.8379796,0.1719334,-0.517909,0.2301691,0.9718769,-0.04977484,0.4947859,-0.1609169,-0.8539866,moving,-28.65544,4.975391,-9.654332,4.855052
1592,05/08/2023 17:08:19.762688,1833,True,True,True,True,Eyes,0.5824319,0.109258,-1.906252,0.4852583,-0.07791239,-0.8708927,0.0,0.0,0.0,0.0,0.0,0.0,0.0,-0.711805,-0.3094899,-1.803587,0.3860933,0.1028888,-1.922426,0.1054947,0.9551108,-0.06218114,0.2697551,10.11912,149.329,9.824161,0.3273302,0.05639772,-0.943225,-0.1429753,0.002413674,-0.006856029,0.9132769,0.1167608,-2.699862,-0.1532831,0.07795124,0.8873825,-0.8322064,0.1679709,-0.5284116,0.2350656,0.9700088,-0.06186433,0.5021724,-0.1756952,-0.8467317,moving,-29.12639,5.112224,-9.800346,5.020205
1593,05/08/2023 17:08:19.772817,1834,True,True,True,True,Eyes,0.5735835,0.1092058,-1.907581,0.4924781,-0.07937374,-0.8666978,0.0,0.0,0.0,0.0,0.0,0.0,0.0,-0.7431972,-0.3095921,-1.79174,0.3739028,0.106092,-1.925477,0.1051741,0.9536657,-0.06265743,0.2748349,10.21367,148.7181,9.720176,0.3237937,0.05623467,-0.9444547,-0.1343967,0.002268854,-0.006444667,0.9154345,0.114979,-2.700125,-0.155304,0.08258096,0.8837294,-0.8268085,0.166161,-0.5373811,0.2350427,0.9700249,-0.06169748,0.5110212,-0.1773195,-0.8410797,moving,-29.60626,5.232654,-9.967214,5.338557
1594,05/08/2023 17:08:19.792857,1835,True,True,True,True,Eyes,0.5646001,0.1092156,-1.908958,0.4997402,-0.08087891,-0.8623911,0.0,0.0,0.0,0.0,0.0,0.0,0.0,-0.7751303,-0.2967442,-1.781079,0.3613354,0.1079723,-1.928447,0.1035675,0.9523691,-0.06001743,0.2804723,9.928154,148.013,9.560548,0.3201867,0.056089,-0.9456922,-0.1263329,0.002132722,-0.006057987,0.917527,0.113251,-2.700379,-0.1559906,0.08421078,0.8800183,-0.821218,0.1636025,-0.5466581,0.2309355,0.9713433,-0.05622184,0.5217947,-0.1724131,-0.8354663,moving,-30.09152,5.357784,-10.05175,5.466109
1595,05/08/2023 17:08:19.812614,1836,True,True,True,True,Eyes,0.5555097,0.1092985,-1.910402,0.5069777,-0.08240323,-0.8580114,0.0,0.0,0.0,0.0,0.0,0.0,0.0,-0.8056518,-0.3057823,-1.766287,0.3490496,0.109516,-1.930937,0.1035805,0.950725,-0.06326109,0.2852916,10.33418,147.4462,9.410676,0.3165083,0.05596192,-0.9469372,-0.118753,0.002004759,-0.005694508,0.9197364,0.1114265,-2.700648,-0.1578813,0.08329432,0.8763247,-0.81576,0.1608574,-0.5555729,0.2330488,0.9705382,-0.06118652,0.5293624,-0.1793891,-0.8292138,moving,-30.57779,5.485849,-10.21302,5.42963
1596,05/08/2023 17:08:19.822703,1837,True,True,True,True,Eyes,0.5463109,0.1094261,-1.911904,0.5142011,-0.08370461,-0.8535753,0.0,0.0,0.0,0.0,0.0,0.0,0.0,-0.8333014,-0.3056276,-1.754588,0.3372985,0.111333,-1.933964,0.1036983,0.9493712,-0.06395255,0.2895704,10.45629,146.9332,9.355425,0.3127584,0.05585505,-0.9481886,-0.1116278,0.001884474,-0.005352837,0.9218799,0.1096563,-2.700908,-0.1598753,0.08452786,0.871951,-0.8107911,0.1598588,-0.5630832,0.2339339,0.9703134,-0.06137349,0.5365561,-0.1814854,-0.824118,moving,-31.06512,5.600719,-10.38998,5.537013
1597,05/08/2023 17:08:19.842457,1838,True,True,True,True,Eyes,0.5370286,0.1096136,-1.91347,0.5214157,-0.08502975,-0.8490556,0.0,0.0,0.0,0.0,0.0,0.0,0.0,-0.860678,-0.2978508,-1.743744,0.3252578,0.1125206,-1.936923,0.105145,0.9479957,-0.06302906,0.2937277,10.44377,146.4401,9.500821,0.3089375,0.05576844,-0.9494455,-0.1049301,0.001771405,-0.005031667,0.9238624,0.1080192,-2.701149,-0.1610527,0.08450223,0.8679303,-0.8053373,0.1623272,-0.5701596,0.2363808,0.9699438,-0.05773458,0.5436509,-0.1812706,-0.8195029,moving,-31.55461,5.718891,-10.51221,5.560826
1598,05/08/2023 17:08:19.862273,1839,True,True,True,True,Eyes,0.5276721,0.1098567,-1.915128,0.5288682,-0.08601649,-0.8443338,0.0,0.0,0.0,0.0,0.0,0.0,0.0,-0.8896843,-0.2891121,-1.732138,0.3138526,0.1141644,-1.940074,0.1084236,0.9462819,-0.06208344,0.2982292,10.49601,145.9213,9.84772,0.3050466,0.05570283,-0.9507066,0.0,0.0,0.0,0.9259728,0.1062765,-2.701406,-0.161316,0.08681479,0.8640638,-0.7986076,0.1681684,-0.5778803,0.2422288,0.9687799,-0.05282671,0.5509551,-0.1821671,-0.8144102,moving,-32.06193,5.816938,-10.57507,5.737405
1599,05/08/2023 17:08:19.872893,1840,True,True,True,True,Eyes,0.5182533,0.1101366,-1.916877,0.5364632,-0.08682264,-0.8394457,0.0,0.0,0.0,0.0,0.0,0.0,0.0,-0.922644,-0.266706,-1.720657,0.3028882,0.1155511,-1.9437,0.111155,0.9443264,-0.05775327,0.3042315,10.17816,145.1989,10.22924,0.301087,0.05565861,-0.9519706,0.0,0.0,0.0,0.9281212,0.1045023,-2.701667,-0.161291,0.08848006,0.8600198,-0.7901757,0.1747924,-0.5874268,0.2450739,0.9686183,-0.04144219,0.5617486,-0.1767095,-0.8082157,moving,-32.58136,5.905022,-10.62206,5.874004
1600,05/08/2023 17:08:19.897666,1841,True,True,True,True,Eyes,0.508824,0.1104193,-1.918694,0.5442259,-0.08747965,-0.8343652,0.0,0.0,0.0,0.0,0.0,0.0,0.0,-0.9572687,-0.2489084,-1.70698,0.2918133,0.1166585,-1.947649,0.1122911,0.9422392,-0.05454338,0.310807,9.9383,144.3949,10.39379,0.2970606,0.05563519,-0.9532361,0.0,0.0,0.0,0.9303102,0.1026946,-2.701933,-0.1624962,0.09170087,0.8552043,-0.7815795,0.1777053,-0.5979586,0.2455152,0.9688314,-0.03298406,0.5734597,-0.1725876,-0.8008481,moving,-33.11494,5.985351,-10.75845,6.120262
1601,05/08/2023 17:08:19.912557,1842,True,True,True,True,Eyes,0.4993676,0.1107274,-1.920603,0.552035,-0.08814996,-0.8291483,0.0,0.0,0.0,0.0,0.0,0.0,0.0,-0.9902976,-0.2394661,-1.692277,0.281257,0.1171446,-1.951667,0.112136,0.9402199,-0.05338117,0.3171158,9.875061,143.6203,10.3506,0.2929716,0.0556303,-0.954501,0.0,0.0,0.0,0.9324352,0.1009398,-2.702191,-0.1639608,0.0973222,0.850157,-0.7737263,0.177009,-0.608289,0.2447211,0.969152,-0.0292599,0.5843453,-0.1715003,-0.7931762,moving,-33.65511,6.068541,-10.91601,6.530539
1602,05/08/2023 17:08:19.922722,1843,True,True,True,True,Eyes,0.4899425,0.111074,-1.922574,0.5599679,-0.08889675,-0.8237313,0.0,0.0,0.0,0.0,0.0,0.0,0.0,-1.021452,-0.2377932,-1.677079,0.2710238,0.1180928,-1.955787,0.111197,0.9383198,-0.05388654,0.3229358,9.959067,142.905,10.16788,0.2888228,0.05564304,-0.9557638,0.0,0.0,0.0,0.9345447,0.09919772,-2.702447,-0.1600671,0.08309804,0.8477371,-0.7666956,0.1738729,-0.6180182,0.2434805,0.9694629,-0.02930664,0.59405,-0.1729446,-0.7856176,moving,-34.20765,6.159499,-10.69253,5.59844
1603,05/08/2023 17:08:19.942446,1844,True,True,True,True,Eyes,0.4805219,0.1114307,-1.924663,0.5680883,-0.08936132,-0.8181016,0.0,0.0,0.0,0.0,0.0,0.0,0.0,-1.054905,-0.2350249,-1.660026,0.2615097,0.119534,-1.959865,0.110968,0.9360341,-0.05418529,0.3295304,10.05382,142.0981,10.06184,0.2846201,0.05567325,-0.9570221,0.0,0.0,0.0,0.9366621,0.09744919,-2.702705,-0.1592964,0.08246635,0.8441696,-0.758192,0.1720282,-0.6289292,0.243451,0.9695001,-0.02830392,0.6048778,-0.1745732,-0.7769476,moving,-34.77605,6.233711,-10.68616,5.579481
1604,05/08/2023 17:08:19.962438,1845,True,True,True,True,Eyes,0.4711241,0.1117491,-1.926817,0.5761376,-0.0900659,-0.8123752,0.0,0.0,0.0,0.0,0.0,0.0,0.0,-1.090578,-0.2202547,-1.643362,0.2520339,0.120094,-1.964833,0.1085778,0.9337483,-0.05115361,0.3372067,9.715471,141.1248,9.829596,0.280367,0.05571921,-0.958274,0.0,0.0,0.0,0.9387888,0.09569294,-2.702963,-0.1575057,0.09852072,0.8402507,-0.7490052,0.16827,-0.6408406,0.2372674,0.9711883,-0.02230287,0.618624,-0.1687555,-0.7673501,moving,-35.34432,6.326396,-10.61693,6.687486
1605,05/08/2023 17:08:19.972969,1846,True,True,True,True,Eyes,0.4617285,0.1120614,-1.929068,0.5841614,-0.0910448,-0.8065149,0.0,0.0,0.0,0.0,0.0,0.0,0.0,-1.122204,-0.2246738,-1.625089,0.2423643,0.1197089,-1.969178,0.1070635,0.9315366,-0.0534121,0.343401,9.964738,140.3595,9.513316,0.2760678,0.05577713,-0.9595181,0.0,0.0,0.0,0.9410657,0.09381267,-2.70324,-0.1583061,0.09142332,0.8373269,-0.7412266,0.1627836,-0.6512181,0.2361506,0.9713691,-0.02597926,0.6283442,-0.173042,-0.758446,moving,-35.91594,6.440665,-10.70605,6.231142
1606,05/08/2023 17:08:19.998837,1847,True,True,True,True,Eyes,0.4523752,0.1123632,-1.93139,0.5921032,-0.09221713,-0.8005685,0.0,0.0,0.0,0.0,0.0,0.0,0.0,-1.152538,-0.2334808,-1.606775,0.2329154,0.1199558,-1.973814,0.1074356,0.9292161,-0.05705473,0.3489409,10.42858,139.691,9.353721,0.2717258,0.05584507,-0.9607528,0.0,0.0,0.0,0.9431185,0.09211744,-2.70349,-0.1583413,0.09289277,0.8352178,-0.7333958,0.1598443,-0.6607426,0.2394792,0.9704047,-0.03105499,0.6362238,-0.1810097,-0.7499701,moving,-36.48676,6.570916,-10.73479,6.346344
1607,05/08/2023 17:08:20.012522,1848,True,True,True,True,Eyes,0.4430355,0.1126572,-1.933805,0.6000341,-0.09358132,-0.7944821,0.0,0.0,0.0,0.0,0.0,0.0,0.0,-1.18059,-0.2340585,-1.590563,0.223991,0.1201571,-1.978347,0.1071888,0.927154,-0.05832057,0.3542525,10.60797,139.0352,9.217237,0.2673457,0.05592115,-0.9619764,0.0,0.0,0.0,0.9451798,0.09041523,-2.70374,-0.158351,0.1134546,0.8324509,-0.7260316,0.1574407,-0.669396,0.2400815,0.9702185,-0.03220047,0.6443908,-0.1840881,-0.7422079,moving,-37.062,6.717864,-10.77028,7.761013
1608,05/08/2023 17:08:20.023000,1849,True,True,True,True,Eyes,0.4337367,0.1129607,-1.936307,0.6078361,-0.09521873,-0.7883329,0.0,0.0,0.0,0.0,0.0,0.0,0.0,-1.210595,-0.2386595,-1.571788,0.2148728,0.1203282,-1.983019,0.1077274,0.9247302,-0.06095719,0.3599352,10.96957,138.3409,9.105198,0.2629304,0.05600376,-0.9631879,0.0,0.0,0.0,0.9473615,0.0886136,-2.704005,-0.1564118,0.1165344,0.8317044,-0.7176832,0.1553562,-0.6788194,0.2431188,0.9693581,-0.03518814,0.6525524,-0.1902877,-0.733462,moving,-37.63366,6.887105,-10.65075,7.976081
1609,05/08/2023 17:08:20.042686,1850,True,True,True,True,Eyes,0.4244709,0.1132952,-1.938923,0.6156306,-0.09689432,-0.7820553,0.0,0.0,0.0,0.0,0.0,0.0,0.0,-1.239388,-0.2439067,-1.553553,0.2062064,0.120987,-1.987949,0.1086554,0.9223334,-0.0637113,0.3652892,11.35617,137.6877,9.030475,0.2584841,0.0560923,-0.9643854,0.0,0.0,0.0,0.9495147,0.08683541,-2.704267,-0.1548713,0.1085332,0.8319132,-0.7095157,0.1538868,-0.6876818,0.246979,0.9682698,-0.03814486,0.6599915,-0.1969074,-0.7250093,moving,-38.20967,7.062785,-10.54562,7.432949
1610,05/08/2023 17:08:20.062740,1851,True,True,True,True,Eyes,0.4152475,0.1136472,-1.941656,0.6233908,-0.09846256,-0.7756861,0.0,0.0,0.0,0.0,0.0,0.0,0.0,-1.26832,-0.2417345,-1.536309,0.197635,0.1220902,-1.993326,0.1093134,0.9199967,-0.06434447,0.3708323,11.50581,137.0025,9.00728,0.2540101,0.05618725,-0.9655679,0.0,0.0,0.0,0.9515866,0.08512445,-2.704519,-0.1528537,0.1085023,0.8320371,-0.701068,0.1534138,-0.6963964,0.2488579,0.9678208,-0.03731956,0.6682615,-0.1994672,-0.7166865,moving,-38.78757,7.234213,-10.40974,7.429765
1611,05/08/2023 17:08:20.072537,1852,True,True,True,True,Eyes,0.4060731,0.1139933,-1.944515,0.6312013,-0.09980603,-0.7691709,0.0,0.0,0.0,0.0,0.0,0.0,0.0,-1.296484,-0.2327134,-1.520191,0.189526,0.1228108,-1.99875,0.1091901,0.9177834,-0.06301202,0.3765382,11.41367,136.2854,8.978222,0.2495115,0.05628834,-0.9667343,0.0,0.0,0.0,0.9538422,0.08326177,-2.704793,-0.1521562,0.1054903,0.831982,-0.6925935,0.1529728,-0.7049215,0.2478785,0.968214,-0.03343429,0.6774003,-0.1978912,-0.7084973,moving,-39.37318,7.393273,-10.36395,7.226198
1612,05/08/2023 17:08:20.098665,1853,True,True,True,True,Eyes,0.3969716,0.1143149,-1.947474,0.6389256,-0.1009272,-0.7626191,0.0,0.0,0.0,0.0,0.0,0.0,0.0,-1.325548,-0.2191303,-1.50385,0.1814092,0.1229799,-2.00465,0.1085526,0.9155028,-0.06048885,0.3826383,11.17628,135.5112,8.940985,0.2449916,0.05639413,-0.9678834,0.0,0.0,0.0,0.9559088,0.08155517,-2.705044,-0.1520637,0.09947597,0.8326076,-0.6836088,0.1524697,-0.7137454,0.2450511,0.9691149,-0.02768268,0.6874805,-0.1938282,-0.6998584,moving,-39.95642,7.538878,-10.35017,6.813131
1613,05/08/2023 17:08:20.112846,1854,True,True,True,True,Eyes,0.3879336,0.114622,-1.950576,0.6467429,-0.1018873,-0.7558721,0.0,0.0,0.0,0.0,0.0,0.0,0.0,-1.355456,-0.2047119,-1.485966,0.1735667,0.1227813,-2.010488,0.1088243,0.9129214,-0.05817739,0.3890338,11.00504,134.7063,8.99246,0.2404553,0.05650244,-0.9690141,0.0,0.0,0.0,0.9580238,0.07980862,-2.705301,-0.152525,0.100883,0.8329873,-0.6736202,0.1534301,-0.7229767,0.243962,0.9695453,-0.0215501,0.6976522,-0.1908954,-0.6905364,moving,-40.55112,7.676878,-10.37626,6.905454
1614,05/08/2023 17:08:20.122671,1855,True,True,True,True,Eyes,0.378952,0.1149032,-1.953837,0.6545598,-0.1026618,-0.7490073,0.0,0.0,0.0,0.0,0.0,0.0,0.0,-1.387186,-0.1883145,-1.466809,0.1659299,0.1227055,-2.017098,0.109376,0.9100522,-0.05547903,0.3959343,10.81212,133.8372,9.087788,0.2359057,0.0566117,-0.9701253,0.0,0.0,0.0,0.9601772,0.07803029,-2.705563,-0.1525106,0.1063941,0.8333063,-0.6625458,0.1551437,-0.732778,0.2430079,0.9699179,-0.01436619,0.7085056,-0.187589,-0.6803163,moving,-41.15031,7.804551,-10.37141,7.27599
1615,05/08/2023 17:08:20.142283,1856,True,True,True,True,Eyes,0.3700272,0.1151456,-1.957251,0.6623899,-0.1034167,-0.741987,0.0,0.0,0.0,0.0,0.0,0.0,0.0,-1.418512,-0.1741323,-1.447045,0.1584236,0.1222933,-2.023952,0.1091111,0.9071899,-0.0531598,0.4028343,10.62379,132.9593,9.081858,0.2313456,0.05671988,-0.9712166,0.0,0.0,0.0,0.9623479,0.07623779,-2.705827,-0.1514826,0.1090309,0.8343307,-0.6516388,0.1551398,-0.742495,0.2407981,0.9705376,-0.008544673,0.7192937,-0.1843594,-0.6697973,moving,-41.75607,7.934658,-10.29063,7.445261
1616,05/08/2023 17:08:20.162405,1857,True,True,True,True,Eyes,0.3611616,0.1153458,-1.960841,0.6699916,-0.1042332,-0.7350149,0.0,0.0,0.0,0.0,0.0,0.0,0.0,-1.447801,-0.1681656,-1.427756,0.1507544,0.1216127,-2.031102,0.1087879,0.9045138,-0.05296854,0.4089184,10.64903,132.1849,8.984678,0.2267777,0.05682455,-0.9722872,0.0,0.0,0.0,0.9645029,0.07445816,-2.706089,-0.1501994,0.1102847,0.8355274,-0.641902,0.1534807,-0.7512693,0.24012,0.970719,-0.006850807,0.72822,-0.1847923,-0.6599602,moving,-42.35026,8.071354,-10.19099,7.519238
1617,05/08/2023 17:08:20.172500,1858,True,True,True,True,Eyes,0.3523712,0.115481,-1.964579,0.6774955,-0.1050083,-0.7279925,0.0,0.0,0.0,0.0,0.0,0.0,0.0,-1.474029,-0.1659488,-1.410767,0.1436232,0.1207395,-2.038469,0.1072303,0.9022635,-0.05318582,0.4142385,10.65024,131.4961,8.746099,0.2222045,0.05692325,-0.9733367,0.0,0.0,0.0,0.9666634,0.07267395,-2.706351,-0.1478458,0.1141194,0.8372539,-0.6338162,0.1494367,-0.7589108,0.2375632,0.9713459,-0.007137411,0.7360983,-0.1848131,-0.6511555,moving,-42.94234,8.207937,-10.01429,7.7617
1618,05/08/2023 17:08:20.199144,1859,True,True,True,True,Eyes,0.3436445,0.1155392,-1.968472,0.6846232,-0.1059345,-0.7211581,0.0,0.0,0.0,0.0,0.0,0.0,0.0,-1.496642,-0.1683515,-1.396407,0.1365633,0.1193393,-2.04581,0.1048482,0.9005132,-0.05424934,0.4184973,10.68806,130.9349,8.392887,0.2176293,0.05701276,-0.9743647,0.0,0.0,0.0,0.9687694,0.0709348,-2.706607,-0.1463658,0.1126606,0.8393816,-0.6277336,0.143428,-0.7651005,0.2342408,0.9721277,-0.009947059,0.7423487,-0.1854619,-0.643834,moving,-43.51127,8.356696,-9.891404,7.644469
1619,05/08/2023 17:08:20.212630,1860,True,True,True,True,Eyes,0.3349901,0.1155159,-1.972516,0.6916002,-0.1069028,-0.7143255,0.0,0.0,0.0,0.0,0.0,0.0,0.0,-1.517595,-0.1732957,-1.383224,0.1294607,0.1175773,-2.053254,0.10316,0.898903,-0.05624522,0.4220998,10.84808,130.4612,8.076206,0.213055,0.05708953,-0.9753706,0.0,0.0,0.0,0.9708288,0.06923418,-2.706858,-0.1449874,0.1049186,0.8421483,-0.6223799,0.1379795,-0.7704578,0.2329439,0.972389,-0.01403032,0.7472489,-0.1882056,-0.6373367,moving,-44.07396,8.511465,-9.768496,7.101571
1620,05/08/2023 17:08:20.223644,1861,True,True,True,True,Eyes,0.3349901,0.1155159,-1.972516,0.6916002,-0.1069028,-0.7143255,0.0,0.0,0.0,0.0,0.0,0.0,0.0,-1.537484,-0.1773726,-1.371355,0.1224858,0.1156382,-2.060961,0.1017747,0.897419,-0.05809856,0.42533,11.00258,130.0355,7.80153,0.2084842,0.05715023,-0.9763544,0.0,0.0,0.0,0.9731192,0.06734278,-2.707136,-0.1436954,0.0979877,0.8450169,-0.6174724,0.1332469,-0.7752243,0.2320911,0.9725329,-0.01770188,0.7515725,-0.1908531,-0.6314377,moving,-44.07396,8.511465,-9.650848,6.614445
1621,05/08/2023 17:08:20.242778,1862,True,True,True,True,Eyes,0.3349901,0.1155159,-1.972516,0.6916002,-0.1069028,-0.7143255,0.0,0.0,0.0,0.0,0.0,0.0,0.0,-1.555351,-0.1799614,-1.361884,0.1156168,0.1133184,-2.068821,0.1008896,0.8961977,-0.05974851,0.4278795,11.15304,129.6996,7.596773,0.2043667,0.05720377,-0.9772213,0.0,0.0,0.0,0.9750988,0.06570795,-2.707377,-0.1420005,0.0952841,0.8475268,-0.6134806,0.1297038,-0.7789854,0.2319645,0.9725028,-0.02075574,0.7548733,-0.1934302,-0.6266984,moving,-44.07396,8.511465,-9.511389,6.414603
1622,05/08/2023 17:08:20.262520,1863,True,True,True,True,Eyes,0.3349901,0.1155159,-1.972516,0.6916002,-0.1069028,-0.7143255,0.0,0.0,0.0,0.0,0.0,0.0,0.0,-1.571365,-0.1784514,-1.355644,0.1089462,0.1109892,-2.077165,0.1010758,0.8952496,-0.06065315,0.4296898,11.2717,129.4672,7.549706,0.2006577,0.0572511,-0.9779869,0.0,0.0,0.0,0.9772292,0.0639487,-2.707636,-0.1401691,0.09270307,0.8501695,-0.6103011,0.128852,-0.7816202,0.2331001,0.9722098,-0.02173695,0.7570979,-0.1954618,-0.623376,moving,-44.07396,8.511465,-9.362246,6.222986
1623,05/08/2023 17:08:20.272428,1864,True,True,True,True,Eyes,0.3349901,0.1155159,-1.972516,0.6916002,-0.1069028,-0.7143255,0.0,0.0,0.0,0.0,0.0,0.0,0.0,-1.586899,-0.1690916,-1.350675,0.1023955,0.1085146,-2.085402,0.1020876,0.8943439,-0.05987239,0.4314425,11.25541,129.2507,7.672333,0.1973172,0.05729299,-0.9786639,0.0,0.0,0.0,0.979497,0.06207594,-2.707911,-0.1386119,0.08996135,0.8528885,-0.6068712,0.1309399,-0.7839403,0.2342658,0.9719868,-0.01900312,0.7594914,-0.1951829,-0.6205454,moving,-44.07396,8.511465,-9.231036,6.021205
1624,05/08/2023 17:08:20.292279,1865,True,True,True,True,Eyes,0.3254029,0.1150001,-1.978044,0.6986942,-0.1080715,-0.7072107,0.0,0.0,0.0,0.0,0.0,0.0,0.0,-1.60347,-0.1567956,-1.345359,0.09615117,0.1060698,-2.094085,0.1030207,0.8933135,-0.05832309,0.4335624,11.15906,128.9866,7.81983,0.1943088,0.05733013,-0.9792634,0.0,0.0,0.0,0.9815255,0.06040083,-2.708158,-0.136531,0.08815918,0.85581,-0.6028211,0.1334861,-0.7866311,0.2346329,0.9719703,-0.01486983,0.7625971,-0.1935334,-0.6172444,moving,-44.65293,8.688367,-9.064257,5.88144
1625,05/08/2023 17:08:20.312796,1866,True,True,True,True,Eyes,0.315954,0.1144223,-1.983737,0.7056447,-0.109192,-0.7001019,0.0,0.0,0.0,0.0,0.0,0.0,0.0,-1.622236,-0.1433558,-1.337448,0.08983193,0.1034348,-2.102903,0.1052288,0.8918143,-0.0572195,0.436257,11.17883,128.6575,8.072652,0.1910928,0.0573272,-0.9798962,0.0,0.0,0.0,0.9836347,0.058659,-2.708414,-0.134222,0.08631331,0.8590614,-0.5972134,0.1377643,-0.7901627,0.2376139,0.9713057,-0.01024472,0.7660782,-0.1938719,-0.6128114,moving,-45.22591,8.864768,-8.880246,5.737479
1626,05/08/2023 17:08:20.329514,1867,True,True,True,True,Eyes,0.3066407,0.1137802,-1.989594,0.7124442,-0.1102631,-0.6930118,0.0,0.0,0.0,0.0,0.0,0.0,0.0,-1.64317,-0.1275149,-1.328144,0.08364184,0.1013508,-2.112573,0.1074866,0.8900407,-0.05548713,0.4395401,11.14315,128.2522,8.354447,0.1876968,0.05728456,-0.9805549,0.0,0.0,0.0,0.9858169,0.05685698,-2.708679,-0.131313,0.08441251,0.8624378,-0.5905023,0.1425573,-0.7943454,0.2401125,0.9707357,-0.004282252,0.7704889,-0.193261,-0.6074515,moving,-45.79214,9.040392,-8.657248,5.590113
1627,05/08/2023 17:08:20.342872,1868,True,True,True,True,Eyes,0.2974668,0.1131082,-1.995633,0.7190697,-0.1114009,-0.6859509,0.0,0.0,0.0,0.0,0.0,0.0,0.0,-1.663582,-0.1140727,-1.319116,0.07751539,0.09915511,-2.122438,0.1096547,0.8883205,-0.05438567,0.4426112,11.16836,127.8721,8.59824,0.1841454,0.05720248,-0.9812328,0.0,0.0,0.0,0.9880008,0.05505353,-2.708945,-0.1283816,0.08364518,0.866042,-0.5841421,0.1466737,-0.7982885,0.2429605,0.9700361,0.0004450117,0.7744339,-0.1936926,-0.6022748,moving,-46.35031,9.22451,-8.432092,5.516703
1628,05/08/2023 17:08:20.362613,1869,True,True,True,True,Eyes,0.2884241,0.1123849,-2.001885,0.7258183,-0.1121212,-0.6786875,0.0,0.0,0.0,0.0,0.0,0.0,0.0,-1.68386,-0.1012288,-1.310827,0.07163222,0.09776863,-2.132888,0.1128307,0.8865588,-0.05371422,0.4454184,11.28886,127.5332,8.929238,0.1804616,0.05708289,-0.9819239,0.0,0.0,0.0,0.989945,0.05344794,-2.709181,-0.1245536,0.08152828,0.8697475,-0.5777434,0.1522116,-0.8019005,0.2479128,0.968768,0.00527215,0.777658,-0.1957554,-0.5974346,moving,-46.92194,9.380708,-8.149726,5.355135
1629,05/08/2023 17:08:20.372489,1870,True,True,True,True,Eyes,0.2795181,0.1116131,-2.008343,0.7324256,-0.1127672,-0.6714435,0.0,0.0,0.0,0.0,0.0,0.0,0.0,-1.708413,-0.0756887,-1.298107,0.065984,0.09563499,-2.143825,0.1143356,0.8842236,-0.04943479,0.450147,10.9737,126.9297,9.243338,0.1766652,0.05692642,-0.9826232,0.0,0.0,0.0,0.9920794,0.05168538,-2.70944,-0.1206683,0.07797861,0.8738399,-0.5685903,0.1576907,-0.8073655,0.2467023,0.9689671,0.01551286,0.7847568,-0.1903585,-0.589848,moving,-47.48729,9.533707,-7.862236,5.099381
1630,05/08/2023 17:08:20.397253,1871,True,True,True,True,Eyes,0.2707435,0.1108105,-2.015034,0.7390463,-0.1133664,-0.6640472,0.0,0.0,0.0,0.0,0.0,0.0,0.0,-1.72929,-0.06304923,-1.289662,0.06029691,0.09367914,-2.155281,0.1151457,0.8826087,-0.04793784,0.453261,10.89459,126.5298,9.365589,0.1727743,0.05673384,-0.9833259,0.0,0.0,0.0,0.9942557,0.04988822,-2.709705,-0.1170742,0.07764224,0.8780407,-0.562592,0.1598004,-0.8111438,0.2467138,0.9688869,0.01976139,0.7890644,-0.1890028,-0.5845129,moving,-48.0597,9.688153,-7.594778,5.053333
1631,05/08/2023 17:08:20.414098,1872,True,True,True,True,Eyes,0.2621287,0.110003,-2.021939,0.7455593,-0.1138792,-0.6566375,0.0,0.0,0.0,0.0,0.0,0.0,0.0,-1.75168,-0.04721541,-1.279432,0.05496632,0.09198465,-2.167043,0.1172996,0.8805581,-0.04630875,0.456852,10.87881,126.0766,9.629238,0.1688052,0.05650668,-0.984028,0.0,0.0,0.0,0.9963638,0.04814733,-2.709961,-0.1138089,0.07801338,0.8823494,-0.555054,0.1642658,-0.8154334,0.2488907,0.9681926,0.02562203,0.7937053,-0.1887322,-0.5782835,moving,-48.62862,9.838816,-7.349658,5.052697
1632,05/08/2023 17:08:20.422440,1873,True,True,True,True,Eyes,0.2536649,0.1092363,-2.029072,0.7521157,-0.1144588,-0.6490155,0.0,0.0,0.0,0.0,0.0,0.0,0.0,-1.773876,-0.03110896,-1.269567,0.0501118,0.091026,-2.17913,0.1186691,0.8785982,-0.04404984,0.460481,10.75991,125.6104,9.843781,0.1647743,0.0562477,-0.9847259,0.0,0.0,0.0,0.9986225,0.04628204,-2.710236,-0.1110632,0.07560602,0.8869418,-0.54775,0.1679566,-0.81961,0.249093,0.9679546,0.03188547,0.7987006,-0.1866939,-0.572034,moving,-49.20844,10.0017,-7.137449,4.872314
1633,05/08/2023 17:08:20.442973,1874,True,True,True,True,Eyes,0.2453725,0.1085341,-2.036426,0.7585741,-0.1150973,-0.6413407,0.0,0.0,0.0,0.0,0.0,0.0,0.0,-1.796592,-0.02212828,-1.258627,0.04546626,0.09113999,-2.191346,0.1212926,0.876407,-0.04403404,0.4639613,10.93724,125.1743,10.07403,0.1606959,0.05596158,-0.9854159,0.0,0.0,0.0,1.000663,0.0445971,-2.710484,-0.1093763,0.07400761,0.8914971,-0.5400563,0.1717432,-0.8239198,0.2534636,0.9666982,0.03536667,0.8025558,-0.1897336,-0.5656021,moving,-49.78696,10.1742,-6.994569,4.745526
1634,05/08/2023 17:08:20.462367,1875,True,True,True,True,Eyes,0.2372379,0.1079188,-2.044007,0.7650626,-0.1158317,-0.6334526,0.0,0.0,0.0,0.0,0.0,0.0,0.0,-1.821095,-0.008692242,-1.245645,0.04120126,0.09197931,-2.204072,0.1240098,0.8738642,-0.04288547,0.4681281,11.01448,124.6461,10.3638,0.1565838,0.05565371,-0.9860951,0.0,0.0,0.0,1.002735,0.04288601,-2.710736,-0.1075603,0.07330624,0.8964851,-0.5309556,0.1765837,-0.8287972,0.2568873,0.9655648,0.04115283,0.8075243,-0.1910571,-0.558034,moving,-50.3761,10.36249,-6.841646,4.674717
1635,05/08/2023 17:08:20.473508,1876,True,True,True,True,Eyes,0.2292731,0.1073976,-2.051805,0.7714088,-0.1166417,-0.6255583,0.0,0.0,0.0,0.0,0.0,0.0,0.0,-1.8448,0.005559944,-1.233494,0.03690974,0.09337706,-2.216922,0.1276941,0.8713287,-0.04192254,0.4719355,11.16198,124.1709,10.74773,0.15245,0.05533003,-0.9867609,0.0,0.0,0.0,1.004936,0.04106865,-2.711003,-0.1067617,0.07190065,0.9014293,-0.5219423,0.1829575,-0.8331283,0.2620965,0.9638734,0.04747011,0.8117154,-0.1935833,-0.5510389,moving,-50.96038,10.56209,-6.754418,4.560425
1636,05/08/2023 17:08:20.492432,1877,True,True,True,True,Eyes,0.22145,0.1069675,-2.05982,0.7777694,-0.1175057,-0.6174684,0.0,0.0,0.0,0.0,0.0,0.0,0.0,-1.867949,0.01247137,-1.222081,0.03294311,0.09512396,-2.229964,0.1295615,0.8691256,-0.04178172,0.4754879,11.29362,123.7162,10.90257,0.1483061,0.05499623,-0.9874108,0.0,0.0,0.0,1.007028,0.03934098,-2.711257,-0.1052691,0.07168666,0.9065244,-0.5142502,0.1854771,-0.8373441,0.2649439,0.9629362,0.05058277,0.8156908,-0.195837,-0.5443311,moving,-51.55406,10.77469,-6.623738,4.52146
1637,05/08/2023 17:08:20.512492,1878,True,True,True,True,Eyes,0.2138104,0.1066178,-2.068,0.7840019,-0.1182229,-0.6093966,0.0,0.0,0.0,0.0,0.0,0.0,0.0,-1.88872,0.01434641,-1.212656,0.02903519,0.09667471,-2.242278,0.1303029,0.8674068,-0.04226473,0.4783728,11.41933,123.3414,10.91562,0.1441613,0.05465733,-0.9880432,0.0,0.0,0.0,1.009197,0.03754917,-2.711521,-0.1038084,0.07126107,0.9120481,-0.5083618,0.1856146,-0.8409019,0.2664878,0.9624697,0.05134527,0.818873,-0.1979881,-0.5387468,moving,-52.14245,10.97899,-6.493402,4.467616
1638,05/08/2023 17:08:20.522704,1879,True,True,True,True,Eyes,0.2063369,0.1063107,-2.076261,0.7902236,-0.1190102,-0.6011516,0.0,0.0,0.0,0.0,0.0,0.0,0.0,-1.909549,0.02113697,-1.202516,0.02571954,0.0982307,-2.254452,0.129565,0.8657185,-0.04071184,0.481754,11.26382,122.886,10.87944,0.1400262,0.05431736,-0.9886565,0.0,0.0,0.0,1.01134,0.03578012,-2.711782,-0.1029073,0.07102523,0.9175152,-0.5022519,0.1851075,-0.8446764,0.2635599,0.9631109,0.05434698,0.823577,-0.195327,-0.5325111,moving,-52.73845,11.19807,-6.399475,4.426462
1639,05/08/2023 17:08:20.542572,1880,True,True,True,True,Eyes,0.1990098,0.1060611,-2.084632,0.7962881,-0.1201489,-0.5928654,0.0,0.0,0.0,0.0,0.0,0.0,0.0,-1.933551,0.02015547,-1.185204,0.02157977,0.09919526,-2.265707,0.1300503,0.8631676,-0.04220128,0.4860533,11.49465,122.3213,10.79186,0.1359097,0.05397838,-0.9892493,0.0,0.0,0.0,1.013405,0.03407487,-2.712033,-0.1028511,0.07156701,0.9234115,-0.4936784,0.1834863,-0.8500676,0.2655346,0.9626119,0.05356925,0.8281144,-0.1992764,-0.5239426,moving,-53.33098,11.45629,-6.355501,4.431726
1640,05/08/2023 17:08:20.562224,1881,True,True,True,True,Eyes,0.1918055,0.1058751,-2.093077,0.8023503,-0.1216448,-0.5843257,0.0,0.0,0.0,0.0,0.0,0.0,0.0,-1.957757,0.007761881,-1.166753,0.01769226,0.1004332,-2.276792,0.1312582,0.860458,-0.04691448,0.4900842,12.08667,121.7972,10.60159,0.1318194,0.05364288,-0.9898208,0.0,0.0,0.0,1.015667,0.03220689,-2.712307,-0.1034017,0.07399769,0.9299842,-0.4851778,0.1799003,-0.8557096,0.2718684,0.9611406,0.0479193,0.8310779,-0.209391,-0.5152333,moving,-53.93536,11.75985,-6.34446,4.549369
1641,05/08/2023 17:08:20.573154,1882,True,True,True,True,Eyes,0.1847344,0.1057773,-2.101598,0.8082665,-0.1233027,-0.5757619,0.0,0.0,0.0,0.0,0.0,0.0,0.0,-1.981148,-0.003891014,-1.147584,0.01330473,0.1018914,-2.287214,0.133211,0.8576784,-0.05184742,0.4939177,12.74,121.299,10.47243,0.1277606,0.05331345,-0.9903707,0.0,0.0,0.0,1.01778,0.03046132,-2.712564,-0.1030406,0.07407284,0.9366509,-0.4766005,0.1772876,-0.8610582,0.279721,0.9591334,0.04265367,0.8334317,-0.2205273,-0.5067145,moving,-54.53614,12.08763,-6.277841,4.521692
1642,05/08/2023 17:08:20.599107,1883,True,True,True,True,Eyes,0.1778109,0.105769,-2.110189,0.8142343,-0.124772,-0.5669696,0.0,0.0,0.0,0.0,0.0,0.0,0.0,-2.00325,-0.003951527,-1.129994,0.009355398,0.1039612,-2.297611,0.1349722,0.8550425,-0.05356736,0.4978107,13.06086,120.7886,10.4976,0.1237385,0.05299356,-0.9908984,0.0,0.0,0.0,1.019968,0.02865518,-2.71283,-0.103674,0.07361009,0.9437816,-0.4679341,0.177481,-0.8657587,0.2841466,0.9578261,0.04277639,0.8368383,-0.2259859,-0.4986303,moving,-55.14964,12.41115,-6.26878,4.459746
1643,05/08/2023 17:08:20.612677,1884,True,True,True,True,Eyes,0.1710482,0.1058352,-2.118861,0.8201573,-0.1257985,-0.5581367,0.0,0.0,0.0,0.0,0.0,0.0,0.0,-2.024241,0.007570207,-1.113836,0.005864781,0.1060412,-2.30802,0.1355134,0.8526492,-0.05162293,0.5019568,12.94856,120.2354,10.59952,0.1197589,0.05268637,-0.9914036,0.0,0.0,0.0,1.022071,0.02691839,-2.713086,-0.1059102,0.07674817,0.9506923,-0.459351,0.1792657,-0.8699772,0.2829156,0.9579424,0.04801118,0.8419949,-0.2240762,-0.490749,moving,-55.76377,12.70166,-6.356722,4.615406
1644,05/08/2023 17:08:20.632449,1885,True,True,True,True,Eyes,0.1644194,0.1059246,-2.12763,0.8261932,-0.1262996,-0.5490475,0.0,0.0,0.0,0.0,0.0,0.0,0.0,-2.044058,0.03440341,-1.099339,0.002863097,0.1077805,-2.31868,0.1350075,0.8504568,-0.04524707,0.5064079,12.33922,119.6321,10.84517,0.1158271,0.05239397,-0.9918863,0.0,0.0,0.0,1.024238,0.02512863,-2.713349,-0.10976,0.07733503,0.9578378,-0.4506482,0.1838092,-0.8735734,0.2754631,0.9594513,0.05977638,0.8491386,-0.2136991,-0.4830077,moving,-56.39394,12.95461,-6.53709,4.616001
1645,05/08/2023 17:08:20.642964,1886,True,True,True,True,Eyes,0.1579095,0.1059998,-2.136468,0.8321177,-0.1267082,-0.5399306,0.0,0.0,0.0,0.0,0.0,0.0,0.0,-2.063633,0.06816733,-1.083498,-0.000366427,0.1081304,-2.329271,0.1341654,0.8481176,-0.03732928,0.5111777,11.56526,118.976,11.14763,0.1119469,0.05211574,-0.9923463,0.0,0.0,0.0,1.026284,0.02343883,-2.713598,-0.1146474,0.07864144,0.9648442,-0.4413941,0.1894124,-0.8770941,0.2657399,0.9612123,0.07384552,0.857061,-0.200484,-0.4746078,moving,-57.02195,13.2069,-6.776383,4.6597
1646,05/08/2023 17:08:20.662357,1887,True,True,True,True,Eyes,0.1515029,0.1060532,-2.145382,0.8379014,-0.1274065,-0.5307437,0.0,0.0,0.0,0.0,0.0,0.0,0.0,-2.083473,0.08787439,-1.066672,-0.004116486,0.1078207,-2.339814,0.1354904,0.8455177,-0.0344592,0.5153201,11.41498,118.4199,11.39144,0.1081209,0.05184952,-0.9927845,0.0,0.0,0.0,1.028688,0.02145419,-2.71389,-0.122414,0.08732439,0.9714698,-0.4321752,0.1936041,-0.8807621,0.2646342,0.9609098,0.08137013,0.8620866,-0.1979136,-0.4665156,moving,-57.649,13.4986,-7.181935,5.136452
1647,05/08/2023 17:08:20.672937,1888,True,True,True,True,Eyes,0.1451995,0.1061223,-2.154339,0.8434216,-0.1285658,-0.5216423,0.0,0.0,0.0,0.0,0.0,0.0,0.0,-2.103267,0.09339966,-1.050042,-0.007915378,0.1072976,-2.350207,0.1380591,0.8428783,-0.03596933,0.5188469,11.76503,117.9602,11.51369,0.1043508,0.05159294,-0.9932012,0.0,0.0,0.0,1.030697,0.01979501,-2.714134,-0.1247549,0.08610512,0.9792414,-0.4234751,0.1954089,-0.8845813,0.2700592,0.9592918,0.08262753,0.8647176,-0.2038986,-0.4590082,moving,-58.2639,13.84538,-7.260344,5.025118
1648,05/08/2023 17:08:20.698969,1889,True,True,True,True,Eyes,0.1390085,0.1062425,-2.163332,0.8487169,-0.1302999,-0.5125443,0.0,0.0,0.0,0.0,0.0,0.0,0.0,-2.122027,0.08465512,-1.035493,-0.01179315,0.1078645,-2.36022,0.141235,0.8405481,-0.04109541,0.5213855,12.4954,117.6407,11.49587,0.1006382,0.05134575,-0.9935971,0.0,0.0,0.0,1.032716,0.01812772,-2.71438,-0.1289815,0.08271026,0.9867736,-0.4164199,0.1945766,-0.8881072,0.2802828,0.9567277,0.07819042,0.8648908,-0.2163611,-0.4529369,moving,-58.87202,14.26368,-7.44693,4.791269
1649,05/08/2023 17:08:20.712417,1890,True,True,True,True,Eyes,0.132953,0.1064066,-2.172343,0.8538979,-0.1319985,-0.5034229,0.0,0.0,0.0,0.0,0.0,0.0,0.0,-2.140035,0.07786287,-1.020971,-0.01516731,0.1092555,-2.369816,0.1441071,0.8382404,-0.04533745,0.5239568,13.12164,117.3102,11.49523,0.0969845,0.05110933,-0.9939725,0.0,0.0,0.0,1.03481,0.01639798,-2.714634,-0.134215,0.1047248,0.9931983,-0.4094048,0.194083,-0.8914704,0.2891024,0.9543554,0.07500438,0.8653366,-0.2270191,-0.4468276,moving,-59.47816,14.69234,-7.695997,6.019138
1650,05/08/2023 17:08:20.732449,1891,True,True,True,True,Eyes,0.127006,0.1065942,-2.181367,0.8590477,-0.1338128,-0.4940963,0.0,0.0,0.0,0.0,0.0,0.0,0.0,-2.15973,0.07761515,-1.001583,-0.0180598,0.1105006,-2.379304,0.1435194,0.8357528,-0.04594557,0.5280232,13.20062,116.7471,11.33626,0.09339274,0.05088463,-0.994328,0.0,0.0,0.0,1.037039,0.01455753,-2.714905,-0.1360347,0.106258,1.000971,-0.4011874,0.1913728,-0.895782,0.2884141,0.9545823,0.07476488,0.8694057,-0.2283614,-0.438161,moving,-60.09389,15.15354,-7.739241,6.059535
1651,05/08/2023 17:08:20.742370,1892,True,True,True,True,Eyes,0.1212074,0.1068201,-2.190397,0.8641168,-0.1356511,-0.4846657,0.0,0.0,0.0,0.0,0.0,0.0,0.0,-2.180433,0.07155143,-0.9790025,-0.02118761,0.1111341,-2.388525,0.1432727,0.8328932,-0.04848502,0.5323637,13.49215,116.1445,11.08978,0.0898637,0.05067153,-0.994664,0.0,0.0,0.0,1.039021,0.01292088,-2.715146,-0.1393372,0.1009081,1.009219,-0.3921237,0.1870384,-0.9006974,0.2902851,0.9542443,0.07178072,0.872911,-0.2333121,-0.4284762,moving,-60.71281,15.63618,-7.860811,5.709816
1652,05/08/2023 17:08:20.762882,1893,True,True,True,True,Eyes,0.1155469,0.1070622,-2.199407,0.8691825,-0.1372572,-0.4750602,0.0,0.0,0.0,0.0,0.0,0.0,0.0,-2.203231,0.06178375,-0.9505966,-0.02370468,0.1123063,-2.397604,0.1418014,0.8294763,-0.05118541,0.5378117,13.73544,115.3745,10.68971,0.08640021,0.05047064,-0.994981,0.0,0.0,0.0,1.041142,0.01116928,-2.715404,-0.1415231,0.1140677,1.016502,-0.3813017,0.1801855,-0.9067205,0.290298,0.9545448,0.06761071,0.8776878,-0.2374391,-0.4162771,moving,-61.34076,16.11538,-7.926093,6.402717
1653,05/08/2023 17:08:20.772395,1894,True,True,True,True,Eyes,0.1100252,0.1073055,-2.208405,0.8742675,-0.1387885,-0.4651818,0.0,0.0,0.0,0.0,0.0,0.0,0.0,-2.22515,0.06498827,-0.9213665,-0.02624376,0.1131601,-2.406437,0.140514,0.8258813,-0.0508513,0.543682,13.69682,114.5485,10.48493,0.08300443,0.05028154,-0.9952796,0.0,0.0,0.0,1.043342,0.009352398,-2.715671,-0.144937,0.11226,1.023868,-0.3693314,0.176802,-0.9123243,0.2873897,0.9553399,0.06879566,0.8837429,-0.2367842,-0.4036481,moving,-61.98337,16.61264,-8.057161,6.257093
1654,05/08/2023 17:08:20.792845,1895,True,True,True,True,Eyes,0.1046385,0.1075512,-2.217391,0.8794023,-0.140288,-0.4549404,0.0,0.0,0.0,0.0,0.0,0.0,0.0,-2.249,0.07733722,-0.8850553,-0.02859347,0.1134311,-2.415289,0.1406085,0.8211401,-0.04957106,0.5509092,13.67031,113.5405,10.45366,0.07967766,0.05010311,-0.9955603,0.0,0.0,0.0,1.045421,0.007635687,-2.715924,-0.1477178,0.1047917,1.032162,-0.3534568,0.1763003,-0.9186875,0.2855369,0.9555439,0.07351549,0.890807,-0.2363346,-0.3880837,moving,-62.64616,17.13796,-8.144572,5.797169
1655,05/08/2023 17:08:20.812801,1896,True,True,True,True,Eyes,0.09937809,0.1078087,-2.226388,0.8845512,-0.1418757,-0.4443426,0.0,0.0,0.0,0.0,0.0,0.0,0.0,-2.274645,0.09034802,-0.8419359,-0.0309832,0.1137843,-2.424278,0.141712,0.8154135,-0.04907303,0.5591157,13.79782,112.3929,10.45536,0.07642141,0.04993447,-0.995824,0.0,0.0,0.0,1.047588,0.005845957,-2.716187,-0.1502518,0.1102246,1.039518,-0.3346149,0.1762328,-0.9257296,0.2859828,0.9550191,0.07843722,0.8979126,-0.2384965,-0.3699631,moving,-63.32794,17.70794,-8.224566,6.052704
1656,05/08/2023 17:08:20.822582,1897,True,True,True,True,Eyes,0.09424657,0.108082,-2.235402,0.8896101,-0.1434306,-0.4336146,0.0,0.0,0.0,0.0,0.0,0.0,0.0,-2.300046,0.1036474,-0.7975011,-0.03338989,0.1143521,-2.433674,0.1432979,0.809442,-0.04887337,0.5673454,13.98803,111.2355,10.48168,0.0732363,0.04977514,-0.9960713,0.0,0.0,0.0,1.049763,0.004050008,-2.716452,-0.154204,0.1105955,1.04661,-0.31517,0.1765264,-0.9324735,0.2874388,0.9541542,0.08347847,0.9044596,-0.2417191,-0.3514613,moving,-64.01443,18.30313,-8.381461,6.03207
1657,05/08/2023 17:08:20.842172,1898,True,True,True,True,Eyes,0.08923586,0.1083554,-2.244436,0.8946433,-0.1448665,-0.422643,0.0,0.0,0.0,0.0,0.0,0.0,0.0,-2.323058,0.1183741,-0.7571483,-0.03558855,0.115011,-2.443233,0.1442022,0.804047,-0.04764102,0.5748432,14.02814,110.173,10.51908,0.07012302,0.04962489,-0.9963028,0.0,0.0,0.0,1.051914,0.002273317,-2.716713,-0.1584946,0.1098549,1.054073,-0.2975223,0.1771184,-0.9381418,0.2866628,0.9538721,0.08917606,0.9106621,-0.2423985,-0.3345714,moving,-64.71324,18.91983,-8.551162,5.949852
1658,05/08/2023 17:08:20.862337,1899,True,True,True,True,Eyes,0.08433862,0.1086129,-2.253504,0.8994945,-0.1461513,-0.4117638,0.0,0.0,0.0,0.0,0.0,0.0,0.0,-2.344322,0.134114,-0.7193882,-0.03784902,0.1152689,-2.452882,0.1442638,0.7990972,-0.04551312,0.5818592,13.92321,109.1708,10.54298,0.06708147,0.04948279,-0.9965193,0.0,0.0,0.0,1.053926,0.000612036,-2.716958,-0.1611785,0.1103001,1.061135,-0.2812557,0.1775972,-0.943056,0.2835261,0.954233,0.09514366,0.9167924,-0.2406213,-0.3187369,moving,-65.403,19.5418,-8.636784,5.934321
1659,05/08/2023 17:08:20.873090,1900,True,True,True,True,Eyes,0.0795399,0.1088652,-2.262579,0.9043167,-0.147451,-0.4005865,0.0,0.0,0.0,0.0,0.0,0.0,0.0,-2.365118,0.1476679,-0.6801717,-0.04004,0.1150475,-2.462394,0.143911,0.7940323,-0.04376175,0.5889714,13.82844,108.1449,10.50226,0.0641114,0.04934726,-0.9967215,0.0,0.0,0.0,1.0561,-0.001183095,-2.717222,-0.1611863,0.1035782,1.068916,-0.2648046,0.1769911,-0.9479201,0.2800888,0.9547491,0.1000225,0.9227289,-0.2390154,-0.3023952,moving,-66.10802,20.20804,-8.575257,5.534689
1660,05/08/2023 17:08:20.899049,1901,True,True,True,True,Eyes,0.07485712,0.1091092,-2.271681,0.9088959,-0.1486818,-0.3896177,0.0,0.0,0.0,0.0,0.0,0.0,0.0,-2.386569,0.1564365,-0.6361039,-0.04263613,0.1152033,-2.471785,0.144024,0.7883793,-0.04366586,0.596497,13.9261,107.0489,10.38708,0.06121168,0.04921744,-0.9969103,0.0,0.0,0.0,1.05825,-0.002958243,-2.717483,-0.159958,0.09767559,1.076685,-0.2468969,0.1749979,-0.9531096,0.2791841,0.9547008,0.1029693,0.9279539,-0.2406703,-0.2845693,moving,-66.79657,20.88733,-8.450353,5.183614
1661,05/08/2023 17:08:20.912653,1902,True,True,True,True,Eyes,0.07026626,0.1093314,-2.280812,0.9134313,-0.1498097,-0.3784181,0.0,0.0,0.0,0.0,0.0,0.0,0.0,-2.407078,0.1641376,-0.5940633,-0.04470098,0.1152727,-2.481651,0.1432551,0.7830431,-0.04305981,0.6037113,13.91044,105.9879,10.22802,0.0583823,0.04909236,-0.9970861,0.0,0.0,0.0,1.060388,-0.004723895,-2.717743,-0.1584102,0.09497585,1.083815,-0.2300213,0.1723585,-0.9578011,0.2763413,0.9552476,0.1055341,0.933127,-0.2404049,-0.2673572,moving,-67.49665,21.59782,-8.315463,5.008097
1662,05/08/2023 17:08:20.922570,1903,True,True,True,True,Eyes,0.06577124,0.1095299,-2.289966,0.9176406,-0.150885,-0.3676539,0.0,0.0,0.0,0.0,0.0,0.0,0.0,-2.426289,0.1724857,-0.5540602,-0.04722781,0.1149782,-2.491618,0.1422664,0.7780445,-0.04210511,0.6104377,13.83985,104.9927,10.08194,0.05562137,0.04897056,-0.99725,0.0,0.0,0.0,1.062617,-0.006564834,-2.718014,-0.1575149,0.0942248,1.090624,-0.2142523,0.1699741,-0.9618758,0.2727843,0.9559749,0.1081703,0.9379153,-0.2392089,-0.251186,moving,-68.16643,22.31323,-8.218193,4.937824
1663,05/08/2023 17:08:20.942595,1904,True,True,True,True,Eyes,0.06135055,0.1097191,-2.29915,0.921771,-0.1518424,-0.3567661,0.0,0.0,0.0,0.0,0.0,0.0,0.0,-2.444393,0.1777317,-0.5171773,-0.04959441,0.1146928,-2.5017,0.1414822,0.773414,-0.04196579,0.616484,13.84858,104.0902,9.910465,0.05292854,0.04885071,-0.9974024,0.0,0.0,0.0,1.064649,-0.008242948,-2.718261,-0.1539373,0.09311094,1.097342,-0.1998607,0.1671061,-0.9654695,0.2705911,0.9564433,0.1095292,0.9417199,-0.2393568,-0.2363729,moving,-68.84136,23.05498,-7.985454,4.850007
1664,05/08/2023 17:08:20.962297,1905,True,True,True,True,Eyes,0.05704679,0.1098443,-2.308088,0.9250916,-0.1526989,-0.3476904,0.0,0.0,0.0,0.0,0.0,0.0,0.0,-2.461122,0.1829295,-0.4836833,-0.052339,0.1146603,-2.511702,0.1401943,0.7693557,-0.04120357,0.6218838,13.75494,103.2802,9.748693,0.05030163,0.0487322,-0.9975441,0.0,0.0,0.0,1.066758,-0.009984618,-2.718518,-0.1491291,0.083786,1.1043,-0.1872119,0.1644709,-0.9684529,0.2669663,0.9572956,0.1109688,0.9453468,-0.2377696,-0.2231254,moving,-69.40156,23.71016,-7.690928,4.338863
1665,05/08/2023 17:08:20.972359,1906,True,True,True,True,Eyes,0.05279958,0.1099512,-2.317076,0.9284204,-0.1532337,-0.3384596,0.0,0.0,0.0,0.0,0.0,0.0,0.0,-2.476971,0.1923349,-0.4506283,-0.0551474,0.1145507,-2.521762,0.1383995,0.7654217,-0.0388735,0.627267,13.48178,102.4743,9.655377,0.04774088,0.0486127,-0.9976758,0.0,0.0,0.0,1.069052,-0.01187932,-2.718796,-0.1460186,0.08687676,1.11076,-0.1747634,0.1630999,-0.9710079,0.2606362,0.9586688,0.1141177,0.9494876,-0.2331362,-0.21005,moving,-69.97046,24.3581,-7.489061,4.472216
1666,05/08/2023 17:08:20.999151,1907,True,True,True,True,Eyes,0.04858113,0.1100454,-2.326282,0.9316626,-0.1536442,-0.329239,0.0,0.0,0.0,0.0,0.0,0.0,0.0,-2.492356,0.2015845,-0.4187696,-0.05806017,0.1141524,-2.532083,0.1356644,0.7617873,-0.0357444,0.6324537,13.06534,101.6947,9.542135,0.04524362,0.04849149,-0.997798,0.0,0.0,0.0,1.071104,-0.01357351,-2.719046,-0.1436614,0.09429444,1.116347,-0.1631951,0.1614815,-0.9732888,0.2519082,0.960635,0.1171437,0.9538919,-0.2260622,-0.1974494,moving,-70.53717,25.0168,-7.333024,4.828139
1667,05/08/2023 17:08:21.012683,1908,True,True,True,True,Eyes,0.04440229,0.110088,-2.335544,0.9348589,-0.1538228,-0.3199647,0.0,0.0,0.0,0.0,0.0,0.0,0.0,-2.506701,0.2106757,-0.3923841,-0.06101421,0.1132626,-2.542704,0.1337066,0.7587364,-0.03323122,0.6366611,12.74892,101.0606,9.47638,0.04280597,0.04836785,-0.9979116,0.0,0.0,0.0,1.073185,-0.01529195,-2.719299,-0.1418764,0.09631956,1.122088,-0.1535707,0.160582,-0.9750024,0.2452102,0.9620365,0.1198241,0.9572294,-0.220679,-0.187117,moving,-71.10598,25.67589,-7.206219,4.90622
1668,05/08/2023 17:08:21.032823,1909,True,True,True,True,Eyes,0.04027014,0.1100681,-2.344804,0.9378807,-0.1540233,-0.3108964,0.0,0.0,0.0,0.0,0.0,0.0,0.0,-2.520086,0.2264764,-0.3665984,-0.06429696,0.1120104,-2.553398,0.1326999,0.7556374,-0.02985415,0.6407117,12.42507,100.4539,9.565933,0.04042485,0.0482398,-0.9980171,0.0,0.0,0.0,1.075468,-0.01717701,-2.719576,-0.1390076,0.1018531,1.127985,-0.1437584,0.1622902,-0.9762148,0.2388018,0.9629989,0.1249269,0.9603682,-0.2151626,-0.1771943,moving,-71.66025,26.35458,-7.025441,5.159613
1669,05/08/2023 17:08:21.042820,1910,True,True,True,True,Eyes,0.03617014,0.1099795,-2.354128,0.940887,-0.1540329,-0.3016714,0.0,0.0,0.0,0.0,0.0,0.0,0.0,-2.533182,0.2430094,-0.3388889,-0.06751575,0.1107074,-2.563999,0.1317692,0.7522863,-0.02638596,0.6449853,12.10348,99.8101,9.668807,0.03809847,0.04810527,-0.9981151,0.0,0.0,0.0,1.077528,-0.01887809,-2.719826,-0.1364404,0.1076884,1.133223,-0.1332619,0.1642192,-0.9773811,0.2322935,0.9638813,0.1302788,0.9634736,-0.209678,-0.1665957,moving,-72.22288,27.04878,-6.865383,5.428423
1670,05/08/2023 17:08:21.062532,1911,True,True,True,True,Eyes,0.03208398,0.10984,-2.36359,0.9437415,-0.1542411,-0.2925093,0.0,0.0,0.0,0.0,0.0,0.0,0.0,-2.54704,0.2583237,-0.3056283,-0.07088915,0.1089265,-2.575006,0.1307149,0.7482635,-0.02339841,0.6499754,11.82594,99.05069,9.71713,0.03582389,0.04796198,-0.9982061,0.0,0.0,0.0,1.079648,-0.02062955,-2.720084,-0.1341349,0.1084911,1.138741,-0.1208916,0.1652016,-0.9788228,0.2260351,0.9647323,0.1349065,0.9665886,-0.2049392,-0.1539694,moving,-72.77936,27.80282,-6.718042,5.442306
1671,05/08/2023 17:08:21.078262,1912,True,True,True,True,Eyes,0.02802356,0.1096307,-2.373141,0.9465725,-0.1543318,-0.2831644,0.0,0.0,0.0,0.0,0.0,0.0,0.0,-2.560977,0.2724715,-0.2697968,-0.07449719,0.1073092,-2.586227,0.130305,0.743868,-0.02132639,0.6551536,11.6813,98.25693,9.754346,0.03359822,0.0478086,-0.998291,0.0,0.0,0.0,1.081753,-0.02236733,-2.72034,-0.1314947,0.1047262,1.144369,-0.1075888,0.1659153,-0.9802534,0.2218035,0.9651316,0.1390115,0.9691376,-0.2024676,-0.1406379,moving,-73.3456,28.5915,-6.554874,5.228824
1672,05/08/2023 17:08:21.099081,1913,True,True,True,True,Eyes,0.02397636,0.1093528,-2.382773,0.9492507,-0.1546607,-0.2738672,0.0,0.0,0.0,0.0,0.0,0.0,0.0,-2.574839,0.2871653,-0.2337797,-0.07800481,0.1053972,-2.598022,0.1297615,0.7394507,-0.01905376,0.6603118,11.51034,97.46165,9.797348,0.03141866,0.04764317,-0.9983698,0.0,0.0,0.0,1.08401,-0.02423084,-2.720614,-0.1284546,0.09833887,1.150127,-0.09430066,0.1667417,-0.9814808,0.2170674,0.9655978,0.1431875,0.9715911,-0.1995448,-0.1272506,moving,-73.90668,29.45466,-6.372797,4.887051
1673,05/08/2023 17:08:21.112499,1914,True,True,True,True,Eyes,0.0199479,0.1090136,-2.392509,0.9518988,-0.1548796,-0.264388,0.0,0.0,0.0,0.0,0.0,0.0,0.0,-2.58824,0.3017649,-0.197485,-0.08180092,0.1035376,-2.609911,0.1295973,0.7349944,-0.01714579,0.6653526,11.40015,96.67971,9.849777,0.02928254,0.04746409,-0.9984432,0.0,0.0,0.0,1.086022,-0.02589317,-2.720859,-0.1238782,0.09376645,1.155495,-0.08102134,0.1676906,-0.9825049,0.2133226,0.9658211,0.1472517,0.9736167,-0.1976599,-0.1140242,moving,-74.47747,30.36195,-6.119189,4.639288
1674,05/08/2023 17:08:21.122263,1915,True,True,True,True,Eyes,0.01593342,0.1086225,-2.402359,0.9543533,-0.1554262,-0.2550537,0.0,0.0,0.0,0.0,0.0,0.0,0.0,-2.60143,0.3176441,-0.1599147,-0.08543651,0.1016979,-2.622264,0.1292997,0.7303756,-0.01478482,0.6705329,11.24452,95.8715,9.924826,0.02718786,0.04727021,-0.9985117,0.0,0.0,0.0,1.088173,-0.02766944,-2.721121,-0.1184661,0.08837522,1.160581,-0.06733446,0.1690474,-0.9833051,0.2087022,0.966126,0.1518025,0.9756585,-0.1949964,-0.1003341,moving,-75.03723,31.35756,-5.82827,4.35452
1675,05/08/2023 17:08:21.142494,1916,True,True,True,True,Eyes,0.01192269,0.1081854,-2.412327,0.956768,-0.1559713,-0.2454952,0.0,0.0,0.0,0.0,0.0,0.0,0.0,-2.61415,0.3337454,-0.1222034,-0.08915658,0.1000654,-2.634794,0.1297925,0.7256489,-0.01308474,0.675586,11.20745,95.07804,10.02083,0.02513215,0.04706088,-0.9985754,0.0,0.0,0.0,1.090302,-0.02942744,-2.721379,-0.1129496,0.08310327,1.165401,-0.05347503,0.1706879,-0.983873,0.2060473,0.9659653,0.1563822,0.9770797,-0.1943619,-0.08682484,moving,-75.60905,32.42916,-5.535765,4.078786
1676,05/08/2023 17:08:21.162257,1917,True,True,True,True,Eyes,0.007928237,0.1076908,-2.422416,0.959012,-0.1567502,-0.2360621,0.0,0.0,0.0,0.0,0.0,0.0,0.0,-2.626581,0.3511746,-0.08047032,-0.09313822,0.0985188,-2.647706,0.1306518,0.7203829,-0.01150399,0.6810626,11.21777,94.21194,10.13278,0.02311311,0.04683579,-0.9986348,0.0,0.0,0.0,1.092395,-0.03115575,-2.721634,-0.1091128,0.08254219,1.169675,-0.03816777,0.1725688,-0.9842578,0.2039085,0.9655955,0.1613896,0.9782457,-0.1945387,-0.07204276,moving,-76.17148,33.58499,-5.329396,4.036583
1677,05/08/2023 17:08:21.172834,1918,True,True,True,True,Eyes,0.003934067,0.1071392,-2.43264,0.9611982,-0.1575343,-0.2264529,0.0,0.0,0.0,0.0,0.0,0.0,0.0,-2.639472,0.3603916,-0.03961968,-0.09678914,0.09664297,-2.660744,0.1294139,0.7155443,-0.01002898,0.6864021,11.07024,93.35909,10.06035,0.02112922,0.04659424,-0.99869,0.0,0.0,0.0,1.094579,-0.03295884,-2.721899,-0.1070366,0.0814957,1.173421,-0.02420836,0.171435,-0.984898,0.1989706,0.9663029,0.1633076,0.9797064,-0.1920123,-0.05750317,moving,-76.74318,34.82479,-5.211956,3.97289
1678,05/08/2023 17:08:21.192824,1919,True,True,True,True,Eyes,-1.075212e-05,0.1066423,-2.443006,0.9631165,-0.1587668,-0.2172553,0.0,0.0,0.0,0.0,0.0,0.0,0.0,-2.652519,0.36765,8.106232e-05,-0.1008283,0.09473836,-2.674299,0.129128,0.7107782,-0.01005097,0.6913894,11.11877,92.55604,9.957058,0.0191786,0.04633564,-0.9987414,0.0,0.0,0.0,1.096734,-0.03473854,-2.722161,-0.1073536,0.0818555,1.176815,-0.01061328,0.1696644,-0.9854448,0.1974609,0.9664499,0.1642674,0.9802533,-0.1928435,-0.04375938,moving,-77.28825,36.15876,-5.212317,3.978904
1679,05/08/2023 17:08:21.212415,1920,True,True,True,True,Eyes,-0.003917161,0.1062522,-2.453514,0.9649957,-0.1599012,-0.2078815,0.0,0.0,0.0,0.0,0.0,0.0,0.0,-2.6647,0.3782682,0.02433014,-0.1036092,0.09558886,-2.687831,0.1322644,0.7073962,-0.01161784,0.6942347,11.54175,92.09437,10.051,0.01726081,0.04606394,-0.998789,0.0,0.0,0.0,1.098811,-0.03645369,-2.722414,-0.1089973,0.08541463,1.179815,-0.001088624,0.1709957,-0.9852712,0.2032577,0.9647423,0.1672082,0.9791246,-0.2000819,-0.03580647,moving,-77.843,37.56727,-5.27829,4.140795
1680,05/08/2023 17:08:21.222253,1921,True,True,True,True,Eyes,-0.007743194,0.1059012,-2.464183,0.966829,-0.1606384,-0.1985877,0.0,0.0,0.0,0.0,0.0,0.0,0.0,-2.672358,0.4192519,0.06302762,-0.1066583,0.09770124,-2.701911,0.1359938,0.7019728,-0.005700176,0.6990762,11.42838,91.31651,10.75787,0.01537566,0.04578487,-0.9988326,0.0,0.0,0.0,1.101019,-0.03827707,-2.722682,-0.1117437,0.08913484,1.182649,0.01440353,0.1829582,-0.9830152,0.1988976,0.9629464,0.1821374,0.9799145,-0.1981428,-0.02252009,moving,-78.39283,38.96954,-5.397624,4.310166
1681,05/08/2023 17:08:21.242604,1922,True,True,True,True,Eyes,-0.01157192,0.1056162,-2.475003,0.9684536,-0.1620076,-0.1893442,0.0,0.0,0.0,0.0,0.0,0.0,0.0,-2.681606,0.447429,0.1071503,-0.1087944,0.0982472,-2.716836,0.1344135,0.6966058,0.001936555,0.7047479,10.7636,90.38804,11.15119,0.01352467,0.04550078,-0.9988724,0.0,0.0,0.0,1.103065,-0.03996731,-2.722931,-0.1161206,0.09355865,1.184978,0.02947315,0.189996,-0.9813423,0.1845369,0.9638585,0.1921533,0.9823835,-0.1867572,-0.00665328,moving,-78.93755,40.55112,-5.596769,4.514361
1682,05/08/2023 17:08:21.262455,1923,True,True,True,True,Eyes,-0.01534682,0.1054333,-2.485976,0.9699117,-0.1636456,-0.1802539,0.0,0.0,0.0,0.0,0.0,0.0,0.0,-2.695101,0.4487755,0.1337245,-0.1127049,0.09970455,-2.731338,0.1393984,0.6928206,-0.004390675,0.7074945,11.73182,89.93356,11.00718,0.01170541,0.04521481,-0.9989084,0.0,0.0,0.0,1.105209,-0.0417374,-2.723191,-0.1227524,0.09778926,1.186838,0.03996056,0.1869434,-0.9815576,0.1993689,0.9610976,0.1911633,0.9791094,-0.2033311,0.001135304,moving,-79.47194,42.23511,-5.904997,4.710235
1683,05/08/2023 17:08:21.272431,1924,True,True,True,True,Eyes,-0.01905452,0.1053081,-2.497078,0.9713886,-0.164782,-0.1710295,0.0,0.0,0.0,0.0,0.0,0.0,0.0,-2.703938,0.4720214,0.1730597,-0.1150802,0.1019789,-2.745977,0.1429696,0.6873186,-0.003308612,0.712139,12.01552,89.16196,11.3099,0.0099181,0.0449312,-0.9989406,0.0,0.0,0.0,1.107367,-0.04351921,-2.723453,-0.1296015,0.09978054,1.188881,0.05516447,0.191819,-0.9798788,0.2012437,0.9590975,0.1990804,0.9779867,-0.2081766,0.01430572,moving,-80.01444,43.93419,-6.221326,4.797484
1684,05/08/2023 17:08:21.292366,1925,True,True,True,True,Eyes,-0.02273077,0.1052119,-2.508321,0.9726568,-0.1662676,-0.1621538,0.0,0.0,0.0,0.0,0.0,0.0,0.0,-2.717219,0.4655156,0.2086518,-0.1172227,0.1031516,-2.760279,0.1374626,0.6839624,-0.0002675215,0.7164493,11.38121,88.44522,11.03561,0.008164339,0.04465215,-0.9989691,0.0,0.0,0.0,1.109439,-0.04523109,-2.723705,-0.1357494,0.1000532,1.190642,0.06439076,0.1876551,-0.9801222,0.1884217,0.9622079,0.1966039,0.9799751,-0.1973358,0.02659902,moving,-80.53513,45.71766,-6.504414,4.803449
1685,05/08/2023 17:08:21.312304,1926,True,True,True,True,Eyes,-0.02632422,0.1052265,-2.519659,0.973798,-0.1677285,-0.1535726,0.0,0.0,0.0,0.0,0.0,0.0,0.0,-2.733313,0.4462722,0.2327037,-0.1201691,0.1038805,-2.774721,0.1372288,0.6813756,-0.006577207,0.7189245,11.90429,88.02096,10.45447,0.006442977,0.04437825,-0.9989938,0.0,0.0,0.0,1.111591,-0.04700776,-2.723967,-0.1401921,0.103021,1.192509,0.07136814,0.1775517,-0.9815202,0.1964658,0.96225,0.1883512,0.9779099,-0.2062774,0.03379115,moving,-81.03799,47.52271,-6.70495,4.937533
1686,05/08/2023 17:08:21.322132,1927,True,True,True,True,Eyes,-0.02985572,0.1052931,-2.531032,0.9748937,-0.1685748,-0.1454808,0.0,0.0,0.0,0.0,0.0,0.0,0.0,-2.750048,0.425892,0.2384591,-0.1217718,0.1065955,-2.788336,0.1350226,0.6814125,-0.009771827,0.7192709,11.97898,87.95589,10.00524,0.004755108,0.04411338,-0.999015,0.0,0.0,0.0,1.113714,-0.04876102,-2.724225,-0.143797,0.1042336,1.194219,0.07116324,0.169955,-0.982879,0.1980693,0.9633468,0.1809183,0.9776013,-0.2075529,0.03489202,moving,-81.51254,49.20565,-6.865983,4.98824
1687,05/08/2023 17:08:21.352709,1928,True,True,True,True,Eyes,-0.03332858,0.1053895,-2.54248,0.975899,-0.1693875,-0.1375825,0.0,0.0,0.0,0.0,0.0,0.0,0.0,-2.762344,0.4250856,0.254725,-0.1237607,0.1080397,-2.801631,0.131164,0.6802796,-0.006234504,0.7210944,11.39931,87.65955,9.955029,0.00310092,0.04385875,-0.9990327,0.0,0.0,0.0,1.115753,-0.05044498,-2.724473,-0.1478237,0.1068654,1.195613,0.0743617,0.169465,-0.9827269,0.1874477,0.9655142,0.1806808,0.9794559,-0.1976456,0.04003147,moving,-81.97531,50.91527,-7.04819,5.107595
1688,05/08/2023 17:08:21.362631,1929,True,True,True,True,Eyes,-0.03673403,0.1055319,-2.554004,0.9767437,-0.1705056,-0.1299988,0.0,0.0,0.0,0.0,0.0,0.0,0.0,-2.775617,0.4201623,0.2658479,-0.1258318,0.108862,-2.814885,0.1302037,0.6793667,-0.007209722,0.7221192,11.41075,87.48486,9.779496,0.00148115,0.04361462,-0.999047,0.0,0.0,0.0,1.117946,-0.05225548,-2.724739,-0.1527301,0.1109356,1.196635,0.07681792,0.1664995,-0.9830448,0.1873246,0.9659901,0.178249,0.9792899,-0.1978412,0.04301584,moving,-82.41883,52.67698,-7.273508,5.296542
1689,05/08/2023 17:08:21.372391,1930,True,True,True,True,Eyes,-0.04003854,0.1057188,-2.565582,0.9775397,-0.1714549,-0.1225529,0.0,0.0,0.0,0.0,0.0,0.0,0.0,-2.787224,0.4278724,0.2737951,-0.1276228,0.1101915,-2.828113,0.1336079,0.6780965,-0.009625793,0.7226628,11.89749,87.38361,9.843536,-0.0001034945,0.04338178,-0.9990582,0.0,0.0,0.0,1.120161,-0.05408517,-2.725008,-0.1537769,0.1059783,1.198583,0.08018509,0.1672857,-0.9826424,0.1951105,0.9641126,0.1800525,0.977498,-0.2061614,0.04466826,moving,-82.85419,54.44349,-7.311041,5.05293
1690,05/08/2023 17:08:21.397569,1931,True,True,True,True,Eyes,-0.04324327,0.1059288,-2.577196,0.9782945,-0.1722735,-0.1151595,0.0,0.0,0.0,0.0,0.0,0.0,0.0,-2.79693,0.4422735,0.2861621,-0.1285217,0.1114063,-2.841018,0.1339636,0.6766049,-0.006764266,0.7240261,11.72063,87.1597,10.08666,-0.001651824,0.0431608,-0.9990664,0.0,0.0,0.0,1.122429,-0.05595776,-2.725284,-0.1591048,0.1057974,1.199547,0.08432019,0.1714859,-0.9815716,0.1910759,0.964016,0.1848329,0.9779469,-0.2031398,0.04851917,moving,-83.28635,56.2385,-7.555464,5.04032
1691,05/08/2023 17:08:21.412446,1932,True,True,True,True,Eyes,-0.04634495,0.1061621,-2.588828,0.9789894,-0.173117,-0.1077505,0.0,0.0,0.0,0.0,0.0,0.0,0.0,-2.803855,0.4686916,0.3012304,-0.1293582,0.1121467,-2.853542,0.1356453,0.6744818,-0.00239456,0.7257197,11.54345,86.87865,10.55683,-0.003162823,0.04295138,-0.9990718,0.0,0.0,0.0,1.124308,-0.05750929,-2.725513,-0.1627048,0.1071012,1.19991,0.09013725,0.1795049,-0.979619,0.1864561,0.9631892,0.1936507,0.9783198,-0.2001111,0.05334944,moving,-83.71913,58.10127,-7.722068,5.100572
1692,05/08/2023 17:08:21.422185,1933,True,True,True,True,Eyes,-0.04932721,0.1064095,-2.600466,0.9796416,-0.1740921,-0.09997187,0.0,0.0,0.0,0.0,0.0,0.0,0.0,-2.810156,0.489431,0.324486,-0.1300063,0.1129396,-2.865686,0.1378985,0.671203,-0.0004451332,0.728334,11.62293,86.43294,10.85529,-0.004634626,0.04275339,-0.9990746,0.0,0.0,0.0,1.126488,-0.05930982,-2.725778,-0.166797,0.1051695,1.20047,0.09897274,0.1844674,-0.9778426,0.1857642,0.9619676,0.2002748,0.9775971,-0.2014699,0.06094116,moving,-84.17317,60.13354,-7.910207,5.006722
1693,05/08/2023 17:08:21.442725,1934,True,True,True,True,Eyes,-0.05220052,0.1066688,-2.612098,0.9802157,-0.1752936,-0.09192032,0.0,0.0,0.0,0.0,0.0,0.0,0.0,-2.814749,0.5048344,0.3633459,-0.1301748,0.1135211,-2.877473,0.1388708,0.6660729,0.001155835,0.7328441,11.65403,85.65948,10.98896,-0.006065987,0.04256626,-0.9990749,0.0,0.0,0.0,1.128621,-0.06107122,-2.726037,-0.1705635,0.1084878,1.200594,0.1126912,0.1866903,-0.9759341,0.1833021,0.9614271,0.2050811,0.9765762,-0.2020016,0.07412364,moving,-84.64272,62.32842,-8.085669,5.163323
1694,05/08/2023 17:08:21.462457,1935,True,True,True,True,Eyes,-0.0549542,0.1069495,-2.623702,0.980714,-0.1767493,-0.08342592,0.0,0.0,0.0,0.0,0.0,0.0,0.0,-2.819718,0.5100012,0.4071555,-0.1304577,0.1141291,-2.889056,0.1404251,0.6602446,-0.0008863961,0.7378056,12.02762,84.79572,10.85094,-0.007455576,0.04238947,-0.9990731,0.0,0.0,0.0,1.130794,-0.06286585,-2.726301,-0.1730469,0.1088983,1.200878,0.1281527,0.1841218,-0.9745132,0.1867377,0.96056,0.2060423,0.9740154,-0.2083832,0.08871585,moving,-85.13776,64.73263,-8.199891,5.181537
1695,05/08/2023 17:08:21.472587,1936,True,True,True,True,Eyes,-0.05758026,0.1072573,-2.635279,0.981125,-0.178345,-0.07474566,0.0,0.0,0.0,0.0,0.0,0.0,0.0,-2.826484,0.4992602,0.4514146,-0.1303351,0.1150598,-2.900314,0.1401962,0.6546803,-0.005043827,0.7427742,12.40805,83.91795,10.3864,-0.008801569,0.04222299,-0.9990693,0.0,0.0,0.0,1.132959,-0.06465394,-2.726564,-0.1763902,0.1107561,1.201105,0.1427366,0.1760746,-0.9739735,0.1910603,0.9606391,0.2016641,0.971145,-0.2148725,0.1034775,moving,-85.64342,67.2611,-8.354544,5.268451
1696,05/08/2023 17:08:21.492923,1937,True,True,True,True,Eyes,-0.06008492,0.1075753,-2.646838,0.9814538,-0.1800407,-0.0658309,0.0,0.0,0.0,0.0,0.0,0.0,0.0,-2.833777,0.4849718,0.4907098,-0.1299088,0.1160865,-2.911346,0.1391923,0.6498775,-0.009050474,0.7471297,12.69451,83.13731,9.880069,-0.01010379,0.04206678,-0.9990635,0.0,0.0,0.0,1.135064,-0.06639158,-2.72682,-0.1806837,0.1113386,1.201075,0.1551547,0.1673921,-0.9736052,0.1944396,0.9610872,0.196226,0.9685661,-0.2197528,0.1165695,moving,-86.16264,69.91534,-8.555142,5.296135
1697,05/08/2023 17:08:21.512719,1938,True,True,True,True,Eyes,-0.06247014,0.1079051,-2.658372,0.9816755,-0.181889,-0.05682831,0.0,0.0,0.0,0.0,0.0,0.0,0.0,-2.839089,0.4797145,0.5298779,-0.1295433,0.1166872,-2.922487,0.1387085,0.6449583,-0.01133503,0.7514388,12.89018,82.36121,9.559534,-0.01136104,0.04192031,-0.9990562,0.0,0.0,0.0,1.137174,-0.06813423,-2.727076,-0.1862588,0.1117898,1.201238,0.1678007,0.1618872,-0.9724378,0.1959575,0.9612629,0.1938406,0.9661488,-0.2230831,0.1295776,moving,-86.6869,72.64942,-8.813848,5.316751
1698,05/08/2023 17:08:21.522576,1939,True,True,True,True,Eyes,-0.06475056,0.1082524,-2.669867,0.981764,-0.1839772,-0.04787526,0.0,0.0,0.0,0.0,0.0,0.0,0.0,-2.844216,0.4785718,0.5634274,-0.1290712,0.1173626,-2.933532,0.1394946,0.6405255,-0.01394296,0.7550325,13.20922,81.7,9.318892,-0.01257203,0.04178321,-0.9990474,0.0,0.0,0.0,1.139365,-0.06994331,-2.727343,-0.1910215,0.1058418,1.201841,0.1790655,0.1576449,-0.9711249,0.1997544,0.9606937,0.1927843,0.963345,-0.2285075,0.1405368,moving,-87.20821,75.41376,-9.031093,5.032849
1699,05/08/2023 17:08:21.542168,1940,True,True,True,True,Eyes,-0.06691295,0.1086427,-2.681329,0.9817367,-0.1861999,-0.03902271,0.0,0.0,0.0,0.0,0.0,0.0,0.0,-2.849967,0.479409,0.5907178,-0.1287486,0.1182988,-2.944574,0.1417933,0.6366667,-0.01776706,0.7577828,13.74023,81.17059,9.099459,-0.01373687,0.04165529,-0.9990374,0.0,0.0,0.0,1.141446,-0.0716625,-2.727596,-0.191567,0.1081506,1.203429,0.1886798,0.153623,-0.9699485,0.2074772,0.959158,0.1922736,0.9598716,-0.2375204,0.1491005,moving,-87.72377,78.16359,-9.044703,5.135301
1700,05/08/2023 17:08:21.562543,1941,True,True,True,True,Eyes,-0.06895474,0.1090779,-2.692764,0.9816549,-0.1882333,-0.0303637,0.0,0.0,0.0,0.0,0.0,0.0,0.0,-2.857312,0.4768356,0.6107862,-0.128074,0.1197827,-2.955319,0.1428189,0.6339865,-0.02052498,0.7597648,14.06619,80.78561,8.889879,-0.01485525,0.04153731,-0.9990262,0.0,0.0,0.0,1.143655,-0.07348603,-2.727864,-0.1915936,0.1173377,1.204587,0.1952797,0.1499022,-0.969224,0.2122788,0.958363,0.1909924,0.9574985,-0.2430426,0.1553278,moving,-88.22834,80.83662,-9.037385,5.563579
1701,05/08/2023 17:08:21.572497,1942,True,True,True,True,Eyes,-0.0708695,0.1095487,-2.704156,0.9814951,-0.1902405,-0.0218152,0.0,0.0,0.0,0.0,0.0,0.0,0.0,-2.864937,0.4735059,0.628686,-0.127264,0.1212809,-2.965874,0.1428495,0.6317726,-0.02210536,0.7615568,14.21181,80.44495,8.711742,-0.01592737,0.04142996,-0.9990142,0.0,0.0,0.0,1.145723,-0.075194,-2.728116,-0.1914645,0.1281065,1.206256,0.2007495,0.1468278,-0.968577,0.2141658,0.9582107,0.1896449,0.9559459,-0.2455071,0.1609148,moving,-88.72672,83.45837,-9.019102,6.062189
1702,05/08/2023 17:08:21.592586,1943,True,True,True,True,Eyes,-0.07264678,0.1100523,-2.715497,0.9813048,-0.1919859,-0.01350548,0.0,0.0,0.0,0.0,0.0,0.0,0.0,-2.871887,0.4725547,0.6465816,-0.1261338,0.1226265,-2.976267,0.1428241,0.6295189,-0.02296953,0.7634001,14.29907,80.0993,8.590932,-0.01695165,0.04133365,-0.9990014,0.0,0.0,0.0,1.14793,-0.07701681,-2.728384,-0.1919531,0.1317499,1.208498,0.2063567,0.1447511,-0.9677107,0.2148908,0.9581473,0.1891443,0.9545884,-0.2469833,0.1666145,moving,-89.2115,85.97609,-9.025247,6.221788
1703,05/08/2023 17:08:21.612510,1944,True,True,True,True,Eyes,-0.07427565,0.1105784,-2.726799,0.9810609,-0.1936263,-0.005329442,0.0,0.0,0.0,0.0,0.0,0.0,0.0,-2.878733,0.4737318,0.6627824,-0.1246018,0.1238408,-2.986627,0.1426987,0.6274533,-0.02307522,0.765119,14.31899,79.78224,8.532616,-0.01792746,0.04124854,-0.9989879,0.0,0.0,0.0,1.150008,-0.07873247,-2.728636,-0.1927606,0.1264991,1.211183,0.2115398,0.143763,-0.9667385,0.2143842,0.9582092,0.1894058,0.9535673,-0.2473203,0.1718788,moving,-89.68875,88.42337,-9.042829,5.962504
1704,05/08/2023 17:08:21.632733,1945,True,True,True,True,Eyes,-0.07573394,0.1111192,-2.738081,0.9808058,-0.1949685,0.002701449,0.0,0.0,0.0,0.0,0.0,0.0,0.0,-2.885673,0.4764904,0.677139,-0.1226753,0.1249027,-2.997001,0.1424242,0.6256085,-0.02251206,0.766696,14.27402,79.49704,8.526156,-0.01885469,0.04117433,-0.9989738,0.0,0.0,0.0,1.152214,-0.08055421,-2.728904,-0.1942089,0.1113839,1.214347,0.2162146,0.1436837,-0.9657154,0.2127233,0.9584171,0.1902246,0.9528904,-0.2465595,0.1766588,moving,89.84219,-89.20617,-9.086295,5.240696
1705,05/08/2023 17:08:21.642556,1946,True,True,True,True,Eyes,-0.07702978,0.1116432,-2.749318,0.9805254,-0.1961043,0.01063204,0.0,0.0,0.0,0.0,0.0,0.0,0.0,-2.8928,0.48009,0.6888874,-0.1201893,0.1257568,-3.007173,0.1418681,0.6240854,-0.02128599,0.768074,14.15223,79.25489,8.562971,-0.01973184,0.04111044,-0.9989595,0.0,0.0,0.0,1.154245,-0.08223173,-2.729151,-0.1949633,0.09431858,1.217523,0.2201286,0.1443772,-0.9647272,0.2097741,0.9588407,0.1913619,0.952648,-0.244499,0.1807817,moving,89.37875,-86.89668,-9.097599,4.429718
1706,05/08/2023 17:08:21.662533,1947,True,True,True,True,Eyes,-0.07814158,0.1121542,-2.760524,0.9802402,-0.1969509,0.01842964,0.0,0.0,0.0,0.0,0.0,0.0,0.0,-2.898568,0.4869114,0.7039216,-0.1176027,0.1258377,-3.017386,0.1409934,0.622142,-0.01903774,0.7698689,13.93264,78.94434,8.658914,-0.02055636,0.0410554,-0.9989452,0.0,0.0,0.0,1.156436,-0.08404078,-2.729418,-0.1955595,0.09105818,1.220225,0.225154,0.1461226,-0.9633037,0.2047489,0.9595169,0.1934044,0.9525669,-0.2407811,0.1861206,moving,88.9229,-84.65412,-9.105091,4.267736
1707,05/08/2023 17:08:21.672272,1948,True,True,True,True,Eyes,-0.07906146,0.1126335,-2.771688,0.9799102,-0.1977106,0.02620325,0.0,0.0,0.0,0.0,0.0,0.0,0.0,-2.903407,0.4973625,0.719723,-0.1143858,0.1259621,-3.027573,0.1412017,0.6198059,-0.01723568,0.7717549,13.84593,78.60653,8.793513,-0.02132758,0.04100782,-0.998931,0.0,0.0,0.0,1.158646,-0.08586583,-2.729686,-0.196075,0.09838501,1.222316,0.2310872,0.1484319,-0.9615438,0.2016387,0.95953,0.1965807,0.951809,-0.2393118,0.1918055,moving,88.46825,-82.45039,-9.113329,4.601854
1708,05/08/2023 17:08:21.692359,1949,True,True,True,True,Eyes,-0.07977996,0.1130879,-2.782813,0.9795316,-0.1984031,0.03397281,0.0,0.0,0.0,0.0,0.0,0.0,0.0,-2.907098,0.5087396,0.739042,-0.1107169,0.12566,-3.037791,0.1414365,0.6169291,-0.01542132,0.774052,13.76771,78.18989,8.9223,-0.02204384,0.04096584,-0.9989171,0.0,0.0,0.0,1.160692,-0.08755556,-2.729935,-0.1979241,0.1127555,1.22381,0.2383213,0.1506388,-0.9594327,0.1983864,0.9595158,0.1999307,0.9507081,-0.2379861,0.1987883,moving,88.01363,-80.2834,-9.186772,5.264071
1709,05/08/2023 17:08:21.712338,1950,True,True,True,True,Eyes,-0.08029135,0.1134854,-2.793892,0.979103,-0.1990399,0.04171872,0.0,0.0,0.0,0.0,0.0,0.0,0.0,-2.911821,0.5131635,0.758275,-0.1066581,0.1254854,-3.047933,0.1410691,0.614166,-0.01466491,0.7763278,13.7122,77.76996,8.912481,-0.02270227,0.04092815,-0.9989039,0.0,0.0,0.0,1.162736,-0.08924375,-2.730183,-0.1995076,0.1240668,1.225368,0.2451703,0.15051,-0.9577258,0.1960492,0.959769,0.2010183,0.9494507,-0.237045,0.2057995,moving,87.56015,-78.16219,-9.247435,5.781415
1710,05/08/2023 17:08:21.722240,1951,True,True,True,True,Eyes,-0.08060595,0.1138123,-2.804897,0.9786123,-0.199679,0.04946015,0.0,0.0,0.0,0.0,0.0,0.0,0.0,-2.917381,0.5116686,0.7773378,-0.1022114,0.1245252,-3.057976,0.1400966,0.6114982,-0.01490961,0.7786016,13.67377,77.34409,8.768412,-0.02330208,0.04089231,-0.9988916,0.0,0.0,0.0,1.165027,-0.09113534,-2.730462,-0.1986668,0.1224866,1.228492,0.2516953,0.1481204,-0.9564047,0.194555,0.9603012,0.1999246,0.9480496,-0.2363934,0.2128857,moving,87.10667,-76.08794,-9.18612,5.693849
1711,05/08/2023 17:08:21.742505,1952,True,True,True,True,Eyes,-0.08071521,0.1140556,-2.81585,0.9780486,-0.2003764,0.05718597,0.0,0.0,0.0,0.0,0.0,0.0,0.0,-2.923333,0.505662,0.7973747,-0.0975987,0.1232901,-3.068004,0.1388913,0.6087408,-0.01616839,0.7809498,13.68707,76.8956,8.513845,-0.02384116,0.04085582,-0.9988803,0.0,0.0,0.0,1.167047,-0.0928036,-2.730707,-0.1958763,0.1257583,1.231421,0.2583466,0.1438442,-0.9552832,0.194351,0.9608956,0.1972496,0.9463006,-0.236619,0.2202879,moving,86.65376,-74.07164,-9.038046,5.83109
1712,05/08/2023 17:08:21.762356,1953,True,True,True,True,Eyes,-0.08061133,0.1142078,-2.826766,0.9773916,-0.2012243,0.06491888,0.0,0.0,0.0,0.0,0.0,0.0,0.0,-2.929214,0.4983532,0.8171287,-0.09277984,0.1215634,-3.077818,0.1381213,0.6059057,-0.01848585,0.7832364,13.81364,76.44489,8.194971,-0.02432028,0.04081577,-0.9988704,0.0,0.0,0.0,1.169123,-0.09451755,-2.73096,-0.1898333,0.1263143,1.234807,0.2650733,0.1384194,-0.9542412,0.1963345,0.9611616,0.1939619,0.944028,-0.2387646,0.2276018,moving,86.19997,-72.11929,-8.739953,5.840745
1713,05/08/2023 17:08:21.772717,1954,True,True,True,True,Eyes,-0.08030061,0.1142526,-2.837631,0.976651,-0.2022142,0.07254148,0.0,0.0,0.0,0.0,0.0,0.0,0.0,-2.935854,0.4911569,0.8338921,-0.08760111,0.1195542,-3.087699,0.1377444,0.603353,-0.02129282,0.7851996,14.00508,76.04547,7.865417,-0.02473649,0.04076949,-0.9988613,0.0,0.0,0.0,1.171331,-0.09634106,-2.731228,-0.1830273,0.1216816,1.239056,0.2710238,0.1327788,-0.9533707,0.1996552,0.9611462,0.1906196,0.9416389,-0.2420079,0.2339835,moving,85.75212,-70.26528,-8.40269,5.608755
1714,05/08/2023 17:08:21.792460,1955,True,True,True,True,Eyes,-0.07976902,0.1142002,-2.848463,0.9758239,-0.2033582,0.08008306,0.0,0.0,0.0,0.0,0.0,0.0,0.0,-2.942189,0.4919639,0.8461032,-0.08232196,0.1170757,-3.097404,0.1386202,0.6011171,-0.02361044,0.7866928,14.2698,75.73005,7.679323,-0.02508927,0.04071401,-0.9988543,0.0,0.0,0.0,1.173371,-0.09802624,-2.731476,-0.1716452,0.1179039,1.243401,0.2762016,0.1295056,-0.9523345,0.2038022,0.960454,0.1897176,0.939243,-0.2464882,0.2388854,moving,85.30842,-68.50533,-7.859721,5.416805
1715,05/08/2023 17:08:21.812297,1956,True,True,True,True,Eyes,-0.07901946,0.1140389,-2.859237,0.9749299,-0.2045618,0.0875566,0.0,0.0,0.0,0.0,0.0,0.0,0.0,-2.947082,0.5019673,0.8573127,-0.07664315,0.1146402,-3.106965,0.1399653,0.5988359,-0.02399036,0.7881815,14.44016,75.43028,7.703676,-0.02537742,0.040647,-0.9988495,0.0,0.0,0.0,1.175571,-0.09984262,-2.731743,-0.1567488,0.1169192,1.24808,0.2816402,0.129815,-0.9506982,0.20545,0.9596683,0.1919035,0.9372669,-0.2493687,0.2436108,moving,84.86814,-66.82809,-7.158406,5.351803
1716,05/08/2023 17:08:21.822741,1957,True,True,True,True,Eyes,-0.07803551,0.1137879,-2.869955,0.9739742,-0.2057953,0.09498706,0.0,0.0,0.0,0.0,0.0,0.0,0.0,-2.949408,0.5213088,0.8710163,-0.07066941,0.111878,-3.116397,0.142088,0.5959772,-0.02304805,0.7899944,14.59409,75.075,7.89622,-0.02560009,0.04056605,-0.9988469,0.0,0.0,0.0,1.177744,-0.1016369,-2.732008,-0.1416529,0.1171356,1.252483,0.2885599,0.1329467,-0.9481868,0.205778,0.9585596,0.1970251,0.9350874,-0.2519695,0.2492444,moving,84.42983,-65.2238,-6.4526,5.342916
1717,05/08/2023 17:08:21.842491,1958,True,True,True,True,Eyes,-0.07680035,0.1134549,-2.880624,0.9729582,-0.2069873,0.1025117,0.0,0.0,0.0,0.0,0.0,0.0,0.0,-2.948872,0.5506215,0.888061,-0.06402022,0.1094899,-3.125955,0.1451714,0.5923566,-0.02071794,0.7922183,14.7475,74.64487,8.273631,-0.02575599,0.04046967,-0.9988469,0.0,0.0,0.0,1.179896,-0.1034142,-2.732269,-0.1291644,0.1143095,1.256545,0.2973689,0.1391602,-0.9445666,0.2048128,0.9569921,0.2054701,0.932536,-0.2545597,0.2560779,moving,83.98546,-63.65282,-5.869012,5.197965
1718,05/08/2023 17:08:21.862445,1959,True,True,True,True,Eyes,-0.07529613,0.1130458,-2.891267,0.9719057,-0.2080292,0.1101053,0.0,0.0,0.0,0.0,0.0,0.0,0.0,-2.946065,0.5780839,0.9126811,-0.05676826,0.1071674,-3.135563,0.1471081,0.587869,-0.01750123,0.7952754,14.74751,74.06277,8.63085,-0.02584348,0.04035681,-0.9988493,0.0,0.0,0.0,1.181963,-0.1051216,-2.73252,-0.1185053,0.108939,1.260477,0.3082073,0.145124,-0.9401848,0.2007972,0.9561058,0.2134061,0.9298865,-0.2545598,0.2655384,moving,83.53663,-62.10872,-5.370946,4.939616
1719,05/08/2023 17:08:21.872244,1960,True,True,True,True,Eyes,-0.0735312,0.1125996,-2.901876,0.9707888,-0.2091399,0.117599,0.0,0.0,0.0,0.0,0.0,0.0,0.0,-2.947499,0.5900558,0.933279,-0.04891003,0.1048783,-3.145398,0.1474956,0.5842439,-0.01624965,0.7978973,14.73568,73.55348,8.707788,-0.02586052,0.04022672,-0.9988542,0.0,0.0,0.0,1.184058,-0.1068513,-2.732775,-0.1071208,0.1039543,1.26431,0.3167901,0.1464157,-0.9371268,0.1982779,0.9559619,0.2163852,0.9275397,-0.2543602,0.2738083,moving,83.09299,-60.65103,-4.842915,4.700408
1720,05/08/2023 17:08:21.892442,1961,True,True,True,True,Eyes,-0.071502,0.1121279,-2.912437,0.9696805,-0.2098904,0.1251629,0.0,0.0,0.0,0.0,0.0,0.0,0.0,-2.952455,0.5998559,0.9440432,-0.04089073,0.103564,-3.155255,0.1488622,0.581771,-0.01644647,0.799445,14.90104,73.23386,8.744215,-0.02580567,0.04008013,-0.9988615,0.0,0.0,0.0,1.186284,-0.1086893,-2.733046,-0.09358731,0.1024427,1.268612,0.3225442,0.1469112,-0.9350842,0.1995034,0.9551392,0.218878,0.9252912,-0.2571504,0.2787653,moving,82.64513,-59.19131,-4.219148,4.616717
1721,05/08/2023 17:08:21.912234,1962,True,True,True,True,Eyes,-0.06918621,0.1116048,-2.922962,0.9686052,-0.2102272,0.1326976,0.0,0.0,0.0,0.0,0.0,0.0,0.0,-2.955002,0.6094766,0.9621561,-0.03242571,0.1024584,-3.165074,0.1472586,0.5788911,-0.01261586,0.8018984,14.52363,72.79123,8.92957,-0.02567761,0.03991807,-0.9988712,0.0,0.0,0.0,1.188359,-0.1104033,-2.733298,-0.08149959,0.09861165,1.272135,0.3294519,0.1502601,-0.9321392,0.1907266,0.9563115,0.2215664,0.924708,-0.2507793,0.2864001,moving,82.19911,-57.73945,-3.665656,4.432513
1722,05/08/2023 17:08:21.922355,1963,True,True,True,True,Eyes,-0.06663013,0.1110279,-2.933474,0.967499,-0.2105076,0.1401152,0.0,0.0,0.0,0.0,0.0,0.0,0.0,-2.961869,0.6028101,0.9767668,-0.02325113,0.1006206,-3.174816,0.1431038,0.576977,-0.009698893,0.8040676,13.9646,72.41212,8.864157,-0.02547445,0.03974063,-0.9988833,0.0,0.0,0.0,1.190645,-0.1122904,-2.733576,-0.07111393,0.0942365,1.27616,0.334007,0.1495381,-0.9306328,0.1807323,0.9588544,0.2189382,0.9250811,-0.2413224,0.2932377,moving,81.7596,-56.35201,-3.189504,4.223272
1723,05/08/2023 17:08:21.942059,1964,True,True,True,True,Eyes,-0.06381656,0.1104306,-2.943945,0.9663695,-0.2107627,0.1473401,0.0,0.0,0.0,0.0,0.0,0.0,0.0,-2.969214,0.6039795,0.9859636,-0.01500563,0.09873994,-3.184835,0.1433174,0.5749912,-0.01074778,0.8054376,14.07703,72.12708,8.746658,-0.02519617,0.03954774,-0.9988977,0.0,0.0,0.0,1.192637,-0.1139358,-2.733818,-0.06237565,0.0920427,1.279424,0.3385392,0.1474991,-0.9293197,0.1821258,0.9586893,0.2185066,0.9231583,-0.2432261,0.2976904,moving,81.33101,-55.04336,-2.791126,4.114811
1724,05/08/2023 17:08:21.962332,1965,True,True,True,True,Eyes,-0.06076618,0.1098322,-2.954351,0.9652044,-0.2109902,0.1544781,0.0,0.0,0.0,0.0,0.0,0.0,0.0,-2.978428,0.6042433,0.988596,-0.006015154,0.09765518,-3.194353,0.1430067,0.5739266,-0.01086114,0.8062504,14.06753,71.96489,8.694772,-0.02484224,0.03934056,-0.9989141,0.0,0.0,0.0,1.194782,-0.1157068,-2.734078,-0.05600366,0.0877329,1.283353,0.3409806,0.146637,-0.9285634,0.1816642,0.9588623,0.2181313,0.9223505,-0.2430653,0.3003148,moving,80.9071,-53.78999,-2.498719,3.910782
1725,05/08/2023 17:08:21.982173,1966,True,True,True,True,Eyes,-0.0574522,0.1093819,-2.964681,0.9639389,-0.2116756,0.1612924,0.0,0.0,0.0,0.0,0.0,0.0,0.0,-2.985988,0.6085455,0.9933901,0.002912476,0.09713098,-3.203722,0.143599,0.5723899,-0.01105931,0.8072342,14.15208,71.76002,8.691886,-0.02441452,0.0391216,-0.9989336,0.0,0.0,0.0,1.196931,-0.1174819,-2.73434,-0.05024688,0.07963564,1.28758,0.344495,0.1465344,-0.9272815,0.1822442,0.958514,0.2191756,0.9209291,-0.2444966,0.3034982,moving,80.50091,-52.69334,-2.234792,3.539183
1726,05/08/2023 17:08:21.992479,1967,True,True,True,True,Eyes,-0.05384248,0.109054,-2.974953,0.9626842,-0.2118299,0.1684262,0.0,0.0,0.0,0.0,0.0,0.0,0.0,-2.992702,0.6337041,0.9853752,0.01256889,0.1003251,-3.212256,0.149984,0.571255,-0.0124185,0.8068573,14.84586,71.77277,9.006351,-0.02391054,0.03889635,-0.9989548,0.0,0.0,0.0,1.199057,-0.1192375,-2.734598,-0.04573745,0.0687522,1.291901,0.347027,0.1513183,-0.9255675,0.1913981,0.9547011,0.2278431,0.9181172,-0.2562196,0.302345,moving,80.07627,-51.51175,-2.027608,3.046285
1727,05/08/2023 17:08:22.012440,1968,True,True,True,True,Eyes,-0.04997333,0.1087507,-2.985176,0.9614447,-0.2115716,0.1756749,0.0,0.0,0.0,0.0,0.0,0.0,0.0,-2.985252,0.6602046,1.018677,0.02310398,0.1027047,-3.220904,0.1476377,0.5662489,-0.002419364,0.8109004,14.01517,71.04659,9.68813,-0.02332913,0.03866995,-0.9989775,0.0,0.0,0.0,1.201163,-0.1209768,-2.734854,-0.04410149,0.06112766,1.29584,0.3587126,0.1632756,-0.9190573,0.1711231,0.9563945,0.2366989,0.9176285,-0.2421788,0.3151306,moving,79.64516,-50.29604,-1.949203,2.700768
1728,05/08/2023 17:08:22.022264,1969,True,True,True,True,Eyes,-0.04591238,0.1085172,-2.995378,0.9599406,-0.2123034,0.1828696,0.0,0.0,0.0,0.0,0.0,0.0,0.0,-2.986573,0.6611062,1.043175,0.03317858,0.1028874,-3.230048,0.1439856,0.5628265,0.002171756,0.8139348,13.41162,70.48216,9.802719,-0.02266996,0.03844348,-0.9990016,0.0,0.0,0.0,1.203427,-0.1228462,-2.735129,-0.04295221,0.05386495,1.300216,0.3664434,0.1656132,-0.9155826,0.1585425,0.9585268,0.2368345,0.9168333,-0.2319452,0.3249892,moving,79.21433,-49.25971,-1.89206,2.372276
1729,05/08/2023 17:08:22.042224,1970,True,True,True,True,Eyes,-0.0416111,0.108386,-3.005505,0.9584011,-0.2128859,0.1901231,0.0,0.0,0.0,0.0,0.0,0.0,0.0,-2.986382,0.6965297,1.050662,0.04177075,0.1044467,-3.239578,0.1532657,0.5590478,-0.001609844,0.8148453,14.57077,70.19325,10.04081,-0.02193484,0.03821933,-0.9990267,0.0,0.0,0.0,1.205452,-0.1245184,-2.735375,-0.04076673,0.04664559,1.304343,0.3749261,0.1687422,-0.9115682,0.1739892,0.9530141,0.2479757,0.9105811,-0.2515756,0.3279506,moving,78.77961,-48.23276,-1.790174,2.048124
1730,05/08/2023 17:08:22.062125,1971,True,True,True,True,Eyes,-0.03715996,0.1083021,-3.015586,0.9567205,-0.2136685,0.197564,0.0,0.0,0.0,0.0,0.0,0.0,0.0,-2.984541,0.7119004,1.072016,0.0518264,0.1067184,-3.247988,0.1533989,0.5552252,0.002133607,0.8174286,14.38379,69.67936,10.33803,-0.02112546,0.03800123,-0.9990526,0.0,0.0,0.0,1.207646,-0.1263299,-2.735642,-0.03619531,0.04036348,1.308763,0.383441,0.17383,-0.9070591,0.1668537,0.9529284,0.2531545,0.9083683,-0.248416,0.3363877,moving,78.33235,-47.24264,-1.584175,1.766495
1731,05/08/2023 17:08:22.072607,1972,True,True,True,True,Eyes,-0.03256089,0.1082633,-3.025603,0.9548729,-0.2149497,0.2049742,0.0,0.0,0.0,0.0,0.0,0.0,0.0,-2.984614,0.7174296,1.09559,0.05983695,0.1077802,-3.256953,0.1544582,0.5511877,0.001429562,0.819959,14.57948,69.13683,10.27416,-0.02024451,0.0377901,-0.9990789,0.0,0.0,0.0,1.209771,-0.1280851,-2.7359,-0.03051028,0.03686234,1.313342,0.3923802,0.1726153,-0.903461,0.1679265,0.9522812,0.2548747,0.9043442,-0.2517229,0.3446696,moving,77.88467,-46.36083,-1.3308,1.607732
1732,05/08/2023 17:08:22.097029,1973,True,True,True,True,Eyes,-0.02782253,0.1082881,-3.03553,0.9529425,-0.2162834,0.2124195,0.0,0.0,0.0,0.0,0.0,0.0,0.0,-2.986242,0.7211923,1.11454,0.06800426,0.1089642,-3.265495,0.1585378,0.5470659,-0.003952115,0.8219302,15.36328,68.64266,9.971136,-0.01929531,0.03758693,-0.9991055,0.0,0.0,0.0,1.211905,-0.1298478,-2.73616,-0.0252849,0.03306575,1.317785,0.4014066,0.1669645,-0.9005529,0.179958,0.9497003,0.2562899,0.8980467,-0.2649382,0.3511694,moving,77.4337,-45.51639,-1.099223,1.437359
1733,05/08/2023 17:08:22.112700,1974,True,True,True,True,Eyes,-0.02295425,0.1083465,-3.045378,0.9509714,-0.2175405,0.2198397,0.0,0.0,0.0,0.0,0.0,0.0,0.0,-2.991109,0.7070569,1.134719,0.07621928,0.1105741,-3.273562,0.1570365,0.5441383,-0.006003032,0.8241464,15.38923,68.17096,9.612959,-0.0182822,0.03739343,-0.9991319,0.0,0.0,0.0,1.214008,-0.1315845,-2.736415,-0.0201246,0.03071147,1.32252,0.407755,0.1610043,-0.8987845,0.1807938,0.9506071,0.2523091,0.8950137,-0.265375,0.3585062,moving,76.98338,-44.69881,-0.8717942,1.330279
1734,05/08/2023 17:08:22.122453,1975,True,True,True,True,Eyes,-0.01798403,0.1084158,-3.055113,0.9489247,-0.2187631,0.2273423,0.0,0.0,0.0,0.0,0.0,0.0,0.0,-2.992867,0.7082803,1.153068,0.08420387,0.111436,-3.281611,0.1565996,0.5411442,-0.005595835,0.8262013,15.35637,67.74041,9.565333,-0.0172079,0.03720977,-0.999158,0.0,0.0,0.0,1.216207,-0.1334,-2.736683,-0.01487989,0.02715274,1.327283,0.4142634,0.1602394,-0.8959405,0.1787325,0.9508905,0.2527093,0.8924352,-0.2648219,0.3652791,moving,76.52708,-43.89827,-0.6423041,1.171958
1735,05/08/2023 17:08:22.142136,1976,True,True,True,True,Eyes,-0.0129039,0.1085204,-3.064778,0.9467692,-0.2200353,0.2349734,0.0,0.0,0.0,0.0,0.0,0.0,0.0,-2.986128,0.7318193,1.178854,0.09202071,0.1118606,-3.289565,0.1575676,0.5366778,-0.001531812,0.8289434,15.24063,67.17345,9.942444,-0.01607588,0.03703545,-0.9991834,0.0,0.0,0.0,1.218284,-0.1351154,-2.736935,-0.009563543,0.02624499,1.332052,0.4239494,0.1665864,-0.8902337,0.1716656,0.9503402,0.2595851,0.8892682,-0.2628734,0.374299,moving,76.06171,-43.11964,-0.4113511,1.128734
1736,05/08/2023 17:08:22.164563,1977,True,True,True,True,Eyes,-0.007705551,0.1086676,-3.074368,0.9444741,-0.2214567,0.2427461,0.0,0.0,0.0,0.0,0.0,0.0,0.0,-2.975983,0.7589654,1.210206,0.09974956,0.1128149,-3.297639,0.1600389,0.5310847,0.001283763,0.8320667,15.36473,66.4886,10.28268,-0.01488946,0.03687082,-0.999208,0.0,0.0,0.0,1.22038,-0.1368462,-2.73719,-0.002675854,0.02612851,1.337178,0.4358948,0.1721248,-0.8833848,0.1678521,0.9487718,0.2676897,0.8842066,-0.2649626,0.3846732,moving,75.58598,-42.37412,-0.1146556,1.119419
1737,05/08/2023 17:08:22.172457,1978,True,True,True,True,Eyes,-0.002402322,0.1088519,-3.083897,0.9420987,-0.2229067,0.2505245,0.0,0.0,0.0,0.0,0.0,0.0,0.0,-2.969979,0.7665013,1.242703,0.1079016,0.1140294,-3.305747,0.160787,0.5257875,0.001350978,0.8352804,15.49676,65.77591,10.24166,-0.01365104,0.0367164,-0.9992314,0.0,0.0,0.0,1.222515,-0.1386089,-2.737449,0.003278453,0.02265153,1.342112,0.4470913,0.1713365,-0.8779256,0.1668227,0.9482914,0.2700251,0.8787944,-0.2671838,0.3953901,moving,75.10844,-41.66141,0.1399593,0.9669191
1738,05/08/2023 17:08:22.192666,1979,True,True,True,True,Eyes,0.002999075,0.10907,-3.093341,0.9396818,-0.2243846,0.258166,0.0,0.0,0.0,0.0,0.0,0.0,0.0,-2.971666,0.7580111,1.266072,0.1157394,0.1151405,-3.313859,0.1602761,0.5222002,-0.0008676055,0.8376264,15.6291,65.24627,9.92215,-0.01236414,0.03657256,-0.9992536,0.0,0.0,0.0,1.224698,-0.1404122,-2.737715,0.008527357,0.02406144,1.347474,0.4546124,0.1659389,-0.8750955,0.1688458,0.9486217,0.2675968,0.8745393,-0.269409,0.403237,moving,74.63773,-40.9955,0.3625859,1.023005
1739,05/08/2023 17:08:22.212626,1980,True,True,True,True,Eyes,0.008458226,0.1093036,-3.102703,0.9372188,-0.2258291,0.265748,0.0,0.0,0.0,0.0,0.0,0.0,0.0,-2.977926,0.7461654,1.279059,0.123594,0.1162171,-3.321448,0.1592618,0.5201877,-0.002930499,0.8390661,15.68278,64.92148,9.612904,-0.01103148,0.03643943,-0.9992741,0.0,0.0,0.0,1.226698,-0.1420636,-2.737958,0.007303014,0.03274005,1.351881,0.4587924,0.1607743,-0.8738771,0.1706098,0.9492542,0.2642135,0.8720102,-0.2703111,0.408081,moving,74.16934,-40.35744,0.3095152,1.387326
1740,05/08/2023 17:08:22.222242,1981,True,True,True,True,Eyes,0.01396212,0.1095564,-3.111974,0.9346756,-0.2275452,0.2731386,0.0,0.0,0.0,0.0,0.0,0.0,0.0,-2.980746,0.7377384,1.297353,0.1304532,0.1168406,-3.328898,0.1583972,0.5174762,-0.004555233,0.8408972,15.73009,64.50862,9.343485,-0.009656017,0.03631645,-0.9992929,0.0,0.0,0.0,1.228917,-0.1438961,-2.738227,0.01073462,0.02638283,1.357438,0.4643952,0.1562726,-0.8717316,0.1715945,0.9497792,0.261677,0.8688454,-0.2711059,0.4142574,moving,73.71014,-39.79687,0.4530856,1.113446
1741,05/08/2023 17:08:22.242229,1982,True,True,True,True,Eyes,0.0195293,0.1098503,-3.121171,0.9320364,-0.2294336,0.2804789,0.0,0.0,0.0,0.0,0.0,0.0,0.0,-2.983736,0.7333727,1.312621,0.1372275,0.1176869,-3.336287,0.1597317,0.5146698,-0.008234142,0.842338,16.11534,64.12889,9.015636,-0.008242079,0.03620339,-0.9993096,0.0,0.0,0.0,1.230955,-0.1455791,-2.738475,0.01439622,0.008061086,1.361828,0.4700945,0.1505463,-0.8696822,0.17829,0.948836,0.2606204,0.8644212,-0.2775719,0.4192016,moving,73.25182,-39.28339,0.6056652,0.3391476
1742,05/08/2023 17:08:22.262439,1983,True,True,True,True,Eyes,0.02516273,0.1102081,-3.130262,0.9295232,-0.2312577,0.2872394,0.0,0.0,0.0,0.0,0.0,0.0,0.0,-2.983715,0.735093,1.331557,0.1443412,0.1190288,-3.343795,0.1614418,0.5111991,-0.01081753,0.8440943,16.47542,63.67701,8.805518,-0.006793191,0.03610071,-0.9993243,0.0,0.0,0.0,1.233163,-0.1474023,-2.738744,0.01485574,0.02941468,1.367988,0.4771171,0.1467957,-0.8664931,0.1833198,0.947639,0.2614844,0.8595074,-0.283604,0.4252242,moving,72.82791,-38.83769,0.622182,1.231793
1743,05/08/2023 17:08:22.272376,1984,True,True,True,True,Eyes,0.03086997,0.1106037,-3.139277,0.9269904,-0.2329043,0.2940143,0.0,0.0,0.0,0.0,0.0,0.0,0.0,-2.985133,0.7338861,1.348215,0.1519775,0.1210523,-3.351051,0.1610762,0.5085117,-0.01078859,0.845786,16.46588,63.29675,8.730898,-0.005310985,0.03600945,-0.9993365,0.0,0.0,0.0,1.235313,-0.1491775,-2.739005,0.01948555,0.03226257,1.373051,0.4825988,0.1455686,-0.8636598,0.182068,0.9478761,0.2614997,0.8567086,-0.2834442,0.4309405,moving,72.40249,-38.38461,0.8130542,1.346031
1744,05/08/2023 17:08:22.292585,1985,True,True,True,True,Eyes,0.03664058,0.1110197,-3.148194,0.9244888,-0.2344163,0.3006152,0.0,0.0,0.0,0.0,0.0,0.0,0.0,-2.984818,0.7312038,1.36919,0.1594721,0.1223337,-3.358286,0.1596942,0.505455,-0.009937348,0.8478881,16.31102,62.84525,8.664499,-0.003797461,0.03592976,-0.9993463,0.0,0.0,0.0,1.237383,-0.1508875,-2.739257,0.01894821,0.01493171,1.37817,0.4888329,0.1445849,-0.8603125,0.1782879,0.9487981,0.2607597,0.8539647,-0.2808513,0.438026,moving,71.98708,-37.9467,0.7876997,0.6207439
1745,05/08/2023 17:08:22.312445,1986,True,True,True,True,Eyes,0.04249697,0.1114587,-3.15704,0.9219242,-0.2358619,0.3072863,0.0,0.0,0.0,0.0,0.0,0.0,0.0,-2.982855,0.7290291,1.393081,0.1671089,0.1233196,-3.365479,0.1585295,0.5018966,-0.009423955,0.8502232,16.20235,62.32986,8.570415,-0.00225452,0.03586119,-0.9993535,0.0,0.0,0.0,1.239565,-0.1526895,-2.739522,0.01693878,0.02688668,1.383812,0.4960222,0.1431058,-0.8564361,0.1751557,0.9495592,0.2601111,0.8504601,-0.2790305,0.4459366,moving,71.56627,-37.50855,0.7013034,1.113085
1746,05/08/2023 17:08:22.322270,1987,True,True,True,True,Eyes,0.04844825,0.1119078,-3.165817,0.9193391,-0.2372188,0.3139156,0.0,0.0,0.0,0.0,0.0,0.0,0.0,-2.979187,0.7310764,1.418075,0.1750554,0.1243117,-3.372664,0.1582011,0.4979146,-0.009059019,0.8526263,16.18825,61.7802,8.508716,-0.000683945,0.03580343,-0.9993579,0.0,0.0,0.0,1.241715,-0.1544646,-2.739783,0.004939839,0.02735765,1.388824,0.5039981,0.1420934,-0.8519363,0.1729892,0.9497806,0.2607517,0.8462038,-0.2787942,0.454107,moving,71.14713,-37.0775,0.2037916,1.12849
1747,05/08/2023 17:08:22.342420,1988,True,True,True,True,Eyes,0.05449404,0.1123504,-3.174542,0.9166972,-0.2384804,0.320614,0.0,0.0,0.0,0.0,0.0,0.0,0.0,-2.974835,0.731166,1.445403,0.1833834,0.1250094,-3.379968,0.1568454,0.4937975,-0.007778968,0.8552794,16.02017,61.1944,8.471322,0.0009133149,0.03575576,-0.9993595,0.0,0.0,0.0,1.243893,-0.1562634,-2.740048,-0.003608689,0.01230201,1.39426,0.512207,0.1415933,-0.84711,0.1682061,0.9506781,0.2606107,0.8422297,-0.2759757,0.463127,moving,70.72276,-36.64275,-0.1482952,0.5055262
1748,05/08/2023 17:08:22.362996,1989,True,True,True,True,Eyes,0.06064256,0.1127749,-3.183219,0.9139945,-0.2397798,0.3272915,0.0,0.0,0.0,0.0,0.0,0.0,0.0,-2.970556,0.7360944,1.470233,0.1917289,0.1252877,-3.387501,0.1564279,0.4897839,-0.006673575,0.8576699,15.95392,60.64864,8.479998,0.002537458,0.03571698,-0.9993581,0.0,0.0,0.0,1.245963,-0.1579725,-2.740299,-0.0123703,0.01250618,1.399384,0.5201345,0.1417842,-0.8422335,0.1646792,0.9509715,0.2617898,0.8380579,-0.2748642,0.4712842,moving,70.2981,-36.22718,-0.5064713,0.5120341
1749,05/08/2023 17:08:22.382640,1990,True,True,True,True,Eyes,0.06689874,0.113176,-3.191853,0.911236,-0.2409835,0.3340299,0.0,0.0,0.0,0.0,0.0,0.0,0.0,-2.965231,0.7454182,1.494706,0.200359,0.1252867,-3.395077,0.1564701,0.4856398,-0.005141514,0.860026,15.9102,60.10341,8.559359,0.004187606,0.03568564,-0.9993536,0.0,0.0,0.0,1.248156,-0.1597836,-2.740566,-0.02087338,0.02390556,1.40439,0.5282552,0.1431325,-0.8369347,0.1608198,0.9509814,0.2641428,0.8337167,-0.2741305,0.4793423,moving,69.86868,-35.8083,-0.8515217,0.9751961
1750,05/08/2023 17:08:22.397826,1991,True,True,True,True,Eyes,0.07324981,0.1135444,-3.20043,0.9084638,-0.2422177,0.3406231,0.0,0.0,0.0,0.0,0.0,0.0,0.0,-2.960283,0.7535292,1.518867,0.2092322,0.125115,-3.402735,0.1562608,0.4815765,-0.003581484,0.8623537,15.84011,59.56443,8.62825,0.005862939,0.0356603,-0.9993461,0.0,0.0,0.0,1.250389,-0.1616276,-2.740837,-0.02888574,0.01878417,1.408826,0.5361424,0.1443261,-0.8316978,0.1566801,0.9511395,0.2660546,0.8294593,-0.2729537,0.4873332,moving,69.44677,-35.41671,-1.174594,0.7638911
1751,05/08/2023 17:08:22.412550,1992,True,True,True,True,Eyes,0.07971793,0.113869,-3.208959,0.9056207,-0.2433792,0.3473008,0.0,0.0,0.0,0.0,0.0,0.0,0.0,-2.954848,0.7624881,1.543331,0.2181927,0.1248006,-3.410455,0.1564556,0.4773555,-0.002470502,0.8646661,15.83823,59.01239,8.674645,0.007563038,0.03563936,-0.9993354,0.0,0.0,0.0,1.252309,-0.1632129,-2.741071,-0.0350676,0.01417685,1.412815,0.5442513,0.1450975,-0.8262792,0.1536421,0.9510311,0.268205,0.8247331,-0.2729222,0.4953068,moving,69.01844,-35.02176,-1.421852,0.5749136
1752,05/08/2023 17:08:22.422248,1993,True,True,True,True,Eyes,0.08627965,0.1141164,-3.21743,0.9027181,-0.2446568,0.353897,0.0,0.0,0.0,0.0,0.0,0.0,0.0,-2.949008,0.7686948,1.56899,0.2275115,0.1240694,-3.41791,0.156168,0.4730131,-0.001471991,0.8671034,15.79642,58.43195,8.678185,0.009288549,0.03562105,-0.9993215,0.0,0.0,0.0,1.254598,-0.1651034,-2.741349,-0.03583361,0.01464308,1.41718,0.5525129,0.1451863,-0.8207622,0.1502918,0.9512188,0.2694351,0.8198427,-0.2722202,0.5037403,moving,68.59309,-34.65696,-1.448424,0.5919904
1753,05/08/2023 17:08:22.442611,1994,True,True,True,True,Eyes,0.09292512,0.1142824,-3.225875,0.8996631,-0.2461435,0.3605824,0.0,0.0,0.0,0.0,0.0,0.0,0.0,-2.94301,0.7698961,1.59746,0.236754,0.122594,-3.425616,0.1554858,0.4683873,-0.001506113,0.8697329,15.77576,57.79504,8.54777,0.01103839,0.03560276,-0.9993044,0.0,0.0,0.0,1.25654,-0.1667072,-2.741585,-0.02866358,0.01263669,1.420912,0.5612221,0.1430353,-0.815212,0.148275,0.9516438,0.2690514,0.8142753,-0.2718731,0.512875,moving,68.15923,-34.31852,-1.155652,0.5095388
1754,05/08/2023 17:08:22.462340,1995,True,True,True,True,Eyes,0.09965897,0.1143693,-3.234301,0.896386,-0.2481706,0.3672921,0.0,0.0,0.0,0.0,0.0,0.0,0.0,-2.935084,0.7794557,1.625288,0.2454797,0.1208623,-3.433506,0.1575108,0.4632099,-0.003653044,0.8721318,16.1483,57.13478,8.353568,0.01281218,0.03558198,-0.999284,0.0,0.0,0.0,1.258675,-0.1684703,-2.741844,-0.01747143,0.01828158,1.424986,0.5708466,0.1395492,-0.8091108,0.152293,0.950354,0.271356,0.8068093,-0.2781245,0.5212539,moving,67.71874,-34.04596,-0.7024556,0.735025
1755,05/08/2023 17:08:22.472754,1996,True,True,True,True,Eyes,0.1064675,0.1143932,-3.242701,0.8928663,-0.2504618,0.374244,0.0,0.0,0.0,0.0,0.0,0.0,0.0,-2.922671,0.7958345,1.657075,0.2542347,0.1191329,-3.441283,0.1609478,0.456999,-0.006355694,0.8747612,16.70182,56.36771,8.162209,0.01460892,0.03555655,-0.9992603,0.0,0.0,0.0,1.260896,-0.1703041,-2.742114,-0.005748019,0.02358045,1.428774,0.5822231,0.1359865,-0.8015758,0.1582254,0.9481108,0.2757728,0.7974841,-0.2873909,0.5304955,moving,67.25906,-33.79232,-0.2305021,0.9455225
1756,05/08/2023 17:08:22.492804,1997,True,True,True,True,Eyes,0.1133491,0.1143476,-3.251072,0.8892114,-0.2530055,0.381171,0.0,0.0,0.0,0.0,0.0,0.0,0.0,-2.905838,0.8063224,1.698738,0.2629341,0.1177172,-3.449169,0.16342,0.4495625,-0.009420402,0.8781223,17.18606,55.40835,7.844466,0.0164276,0.03552505,-0.9992332,0.0,0.0,0.0,1.263001,-0.172043,-2.74237,0.003370792,0.02707671,1.43214,0.5956098,0.1303904,-0.7926206,0.1634795,0.9464104,0.2785353,0.7864627,-0.2954756,0.5423751,moving,66.79704,-33.57456,0.1348553,1.083132
1757,05/08/2023 17:08:22.512566,1998,True,True,True,True,Eyes,0.1203319,0.1142326,-3.259433,0.8854045,-0.2555859,0.3882457,0.0,0.0,0.0,0.0,0.0,0.0,0.0,-2.891505,0.809378,1.739309,0.2720625,0.1161876,-3.457394,0.1653757,0.4424002,-0.01380709,0.8813298,17.68103,54.4561,7.356082,0.01826694,0.03548601,-0.9992027,0.0,0.0,0.0,1.265144,-0.173812,-2.742631,0.01210275,0.02891663,1.435586,0.6081828,0.1219873,-0.7843676,0.1706617,0.9449205,0.2792846,0.7752342,-0.3037176,0.5538659,moving,66.32278,-33.3573,0.4830225,1.153938
1758,05/08/2023 17:08:22.522267,1999,True,True,True,True,Eyes,0.1203319,0.1142326,-3.259433,0.8854045,-0.2555859,0.3882457,0.0,0.0,0.0,0.0,0.0,0.0,0.0,-2.88329,0.8032076,1.773189,0.2815531,0.1144284,-3.465593,0.1651013,0.4368397,-0.0169524,0.8840957,17.86298,53.67375,6.895461,0.0201276,0.03543811,-0.9991686,0.0,0.0,0.0,1.267347,-0.1756315,-2.742898,0.0187324,0.03421421,1.438975,0.6177675,0.1142705,-0.7780139,0.1742207,0.9449084,0.2771198,0.7668185,-0.3067417,0.5638253,moving,66.32278,-33.3573,0.7458273,1.362053
1759,05/08/2023 17:08:22.542727,2000,True,True,True,True,Eyes,0.1203319,0.1142326,-3.259433,0.8854045,-0.2555859,0.3882457,0.0,0.0,0.0,0.0,0.0,0.0,0.0,-2.879599,0.795621,1.80032,0.2911468,0.1129029,-3.47401,0.163253,0.4327553,-0.01756849,0.8864326,17.73599,53.08043,6.640964,0.02180189,0.03539489,-0.999135,0.0,0.0,0.0,1.269423,-0.177346,-2.743151,0.02301854,0.04524703,1.442319,0.6248284,0.1101507,-0.772953,0.1724438,0.9460796,0.2742199,0.7614805,-0.3046314,0.5721427,moving,66.32278,-33.3573,0.9143282,1.796838
1760,05/08/2023 17:08:22.562393,2001,True,True,True,True,Eyes,0.1203319,0.1142326,-3.259433,0.8854045,-0.2555859,0.3882457,0.0,0.0,0.0,0.0,0.0,0.0,0.0,-2.876175,0.7877187,1.826493,0.3010828,0.1106178,-3.48225,0.1593658,0.4292601,-0.01495482,0.888884,17.22678,52.55864,6.627263,0.0233088,0.03535591,-0.9991024,0.0,0.0,0.0,1.271636,-0.1791737,-2.74342,0.02314284,0.05109125,1.445793,0.6310243,0.1102326,-0.7678914,0.163405,0.9487578,0.2704764,0.7583582,-0.2961544,0.5806766,moving,66.32278,-33.3573,0.9170564,2.023868
1761,05/08/2023 17:08:22.572393,2002,True,True,True,True,Eyes,0.1203319,0.1142326,-3.259433,0.8854045,-0.2555859,0.3882457,0.0,0.0,0.0,0.0,0.0,0.0,0.0,-2.873193,0.7891964,1.848806,0.3109771,0.1080121,-3.4911,0.1562972,0.4261121,-0.01105507,0.890998,16.73481,52.12043,6.806678,0.02466468,0.03532077,-0.9990711,0.0,0.0,0.0,1.273748,-0.1809179,-2.743677,0.02166575,0.05261739,1.449239,0.6366126,0.1135001,-0.7627857,0.1529003,0.950898,0.2690995,0.7558743,-0.2879423,0.5879994,moving,66.32278,-33.3573,0.8564935,2.07932
1762,05/08/2023 17:08:22.593370,2003,True,True,True,True,Eyes,0.1203319,0.1142326,-3.259433,0.8854045,-0.2555859,0.3882457,0.0,0.0,0.0,0.0,0.0,0.0,0.0,-2.871006,0.7994565,1.866315,0.3210479,0.1057371,-3.500098,0.1553982,0.4230969,-0.008124921,0.8926222,16.51695,51.73985,7.009125,0.02588461,0.03528909,-0.9990413,0.0,0.0,0.0,1.275911,-0.1827041,-2.743939,0.02029896,0.05267825,1.452497,0.641846,0.116992,-0.7578565,0.146002,0.9515707,0.2705486,0.7528062,-0.284299,0.5936808,moving,66.32278,-33.3573,0.800669,2.077058
1763,05/08/2023 17:08:22.612553,2004,True,True,True,True,Eyes,0.1203319,0.1142326,-3.259433,0.8854045,-0.2555859,0.3882457,0.0,0.0,0.0,0.0,0.0,0.0,0.0,-2.870889,0.8114815,1.880227,0.3313148,0.103916,-3.5093,0.1549743,0.4205298,-0.005289447,0.8939294,16.351,51.42838,7.23742,0.02698279,0.03526054,-0.9990132,0.0,0.0,0.0,1.277949,-0.1843866,-2.744187,0.01800764,0.05125787,1.455328,0.6462534,0.1208859,-0.7534873,0.1397994,0.95191,0.2726235,0.7502084,-0.281521,0.5982752,moving,66.32278,-33.3573,0.7089188,2.017172
1764,05/08/2023 17:08:22.622271,2005,True,True,True,True,Eyes,0.1203319,0.1142326,-3.259433,0.8854045,-0.2555859,0.3882457,0.0,0.0,0.0,0.0,0.0,0.0,0.0,-2.871829,0.8190852,1.894235,0.3420678,0.1024372,-3.518369,0.1535787,0.4181836,-0.001940566,0.8952834,16.05833,51.12973,7.472357,0.02797141,0.03523479,-0.998987,0.0,0.0,0.0,1.280136,-0.1861925,-2.744453,0.01471874,0.04829261,1.458043,0.6502374,0.1249735,-0.7493817,0.1319229,0.9528196,0.2733698,0.7481895,-0.2766159,0.6030722,moving,66.32278,-33.3573,0.5783732,1.89703
1765,05/08/2023 17:08:22.642651,2006,True,True,True,True,Eyes,0.1203319,0.1142326,-3.259433,0.8854045,-0.2555859,0.3882457,0.0,0.0,0.0,0.0,0.0,0.0,0.0,-2.870526,0.830533,1.910827,0.3527035,0.1005705,-3.527952,0.1530286,0.4152489,0.0008290954,0.8967441,15.88852,50.76787,7.682538,0.02886113,0.03521159,-0.9989625,0.0,0.0,0.0,1.282236,-0.1879269,-2.744708,0.01021865,0.0436453,1.460162,0.6551353,0.1285769,-0.7444902,0.125603,0.9531631,0.2751437,0.7449977,-0.2737665,0.6083012,moving,66.32278,-33.3573,0.4009666,1.712103
1766,05/08/2023 17:08:22.662347,2007,True,True,True,True,Eyes,0.1309355,0.1134935,-3.270912,0.8813108,-0.2574475,0.3962476,0.0,0.0,0.0,0.0,0.0,0.0,0.0,-2.868656,0.8415712,1.928431,0.3636895,0.09919187,-3.537536,0.1529634,0.4120237,0.002764652,0.8982378,15.81408,50.37068,7.826255,0.02966138,0.03519069,-0.9989398,0.0,0.0,0.0,1.284367,-0.1896865,-2.744967,0.007131904,0.03698787,1.462145,0.6604577,0.1310157,-0.7393446,0.1210824,0.9531891,0.2770731,0.7410362,-0.2725168,0.6136774,moving,65.79076,-33.01233,0.2794694,1.449102
1767,05/08/2023 17:08:22.672594,2008,True,True,True,True,Eyes,0.1415638,0.1127224,-3.282322,0.8772278,-0.2591851,0.4040972,0.0,0.0,0.0,0.0,0.0,0.0,0.0,-2.868871,0.8452685,1.946699,0.3749342,0.09749358,-3.547458,0.1521545,0.4089477,0.003796106,0.8997758,15.70623,49.96626,7.837818,0.03069305,0.0351367,-0.9989105,0.0,0.0,0.0,1.286666,-0.1915856,-2.745247,0.005162299,0.03330961,1.463679,0.6654947,0.1312777,-0.7347672,0.1176152,0.9536692,0.2769146,0.7370776,-0.270705,0.6192216,moving,65.26672,-32.67582,0.2020776,1.303681
1768,05/08/2023 17:08:22.692671,2009,True,True,True,True,Eyes,0.1521222,0.1119723,-3.293524,0.8731969,-0.2608799,0.4116661,0.0,0.0,0.0,0.0,0.0,0.0,0.0,-2.873075,0.8459995,1.960125,0.3861617,0.09595221,-3.557251,0.1514386,0.4066385,0.00401917,0.9009413,15.64082,49.65448,7.782795,0.03193023,0.0350523,-0.9988747,0.0,0.0,0.0,1.288621,-0.1931997,-2.745484,0.00501129,0.03009969,1.464353,0.669258,0.1304036,-0.7314975,0.1159195,0.9541004,0.2761433,0.7339322,-0.2696059,0.6234229,moving,64.75861,-32.36314,0.1960761,1.177546
1769,05/08/2023 17:08:22.712470,2010,True,True,True,True,Eyes,0.1627264,0.1113703,-3.304633,0.869136,-0.2625209,0.4191485,0.0,0.0,0.0,0.0,0.0,0.0,0.0,-2.87803,0.861393,1.965294,0.397872,0.09631845,-3.566491,0.15352,0.404751,0.004297313,0.9014376,15.86066,49.46135,7.888596,0.03334886,0.03494157,-0.9988322,0.0,0.0,0.0,1.290694,-0.1949113,-2.745736,0.004944265,0.02718998,1.464857,0.6723163,0.1320222,-0.7283961,0.1165272,0.9528263,0.2802561,0.7310349,-0.2732987,0.6252165,moving,64.2539,-32.05972,0.1933871,1.063375
1770,05/08/2023 17:08:22.722647,2011,True,True,True,True,Eyes,0.1733298,0.1107789,-3.315562,0.8650205,-0.2632868,0.4271061,0.0,0.0,0.0,0.0,0.0,0.0,0.0,-2.867968,0.8939648,1.984193,0.4096028,0.0992607,-3.575445,0.1558982,0.4005418,0.009158689,0.9028723,15.91288,49.03114,8.456653,0.03492953,0.03481198,-0.9987827,0.0,0.0,0.0,1.29288,-0.1967169,-2.746002,0.005182117,0.02530412,1.46497,0.6789648,0.1414257,-0.7204204,0.1083492,0.9512237,0.2888491,0.7261318,-0.2741754,0.630524,moving,63.72203,-31.65149,0.2026746,0.9895597
1771,05/08/2023 17:08:22.742591,2012,True,True,True,True,Eyes,0.1839618,0.110223,-3.326458,0.8607704,-0.2645946,0.4348148,0.0,0.0,0.0,0.0,0.0,0.0,0.0,-2.849592,0.8811457,2.034688,0.4224189,0.09925697,-3.584446,0.1492802,0.3938458,0.01535635,0.9068435,14.99006,48.09241,8.659489,0.03665465,0.03466603,-0.998726,0.0,0.0,0.0,1.294994,-0.1984623,-2.746259,0.006132156,0.0249452,1.46482,0.6892993,0.1454384,-0.7097283,0.08973514,0.9549592,0.2828436,0.7188979,-0.2586515,0.6452019,moving,63.19956,-31.32146,0.2398551,0.9756259
1772,05/08/2023 17:08:22.762600,2013,True,True,True,True,Eyes,0.1946432,0.1097929,-3.337264,0.8563696,-0.2664125,0.4423296,0.0,0.0,0.0,0.0,0.0,0.0,0.0,-2.850694,0.9029148,2.043842,0.4338083,0.09967177,-3.594563,0.1550575,0.3904887,0.01079647,0.9073915,15.84072,47.74048,8.409287,0.03850862,0.03450662,-0.9986617,0.0,0.0,0.0,1.297095,-0.2001977,-2.746514,0.007737219,0.0278763,1.464311,0.694804,0.1406897,-0.7053041,0.1015032,0.9516812,0.2898276,0.7120004,-0.272964,0.6469514,moving,62.68287,-31.06031,0.3027402,1.090616
1773,05/08/2023 17:08:22.772549,2014,True,True,True,True,Eyes,0.2053828,0.1094618,-3.347962,0.8520192,-0.267606,0.4499448,0.0,0.0,0.0,0.0,0.0,0.0,0.0,-2.841393,0.9506643,2.053467,0.44599,0.1024603,-3.603415,0.162617,0.3861186,0.01103128,0.9079353,16.66483,47.36017,8.742508,0.04047761,0.03433914,-0.9985896,0.0,0.0,0.0,1.299308,-0.202025,-2.746783,0.00816673,0.03280435,1.463561,0.7015815,0.1456102,-0.6975538,0.1055475,0.9468681,0.3038101,0.7047291,-0.2867726,0.6489363,moving,62.16181,-30.74219,0.3197095,1.284016
1774,05/08/2023 17:08:22.792316,2015,True,True,True,True,Eyes,0.2161352,0.1092056,-3.358598,0.8474935,-0.2690892,0.4575433,0.0,0.0,0.0,0.0,0.0,0.0,0.0,-2.834474,0.9387535,2.085447,0.4581652,0.1043925,-3.611617,0.1570262,0.3822238,0.016756,0.9104764,15.8505,46.80191,9.00384,0.04255037,0.03416754,-0.9985093,0.0,0.0,0.0,1.30146,-0.2038023,-2.747045,0.006987572,0.04029868,1.462496,0.7072485,0.1505502,-0.6907491,0.08952641,0.950124,0.2987463,0.7012736,-0.2731282,0.6584955,moving,61.63636,-30.46053,0.273748,1.57837
1775,05/08/2023 17:08:22.812685,2016,True,True,True,True,Eyes,0.2269279,0.1091193,-3.369108,0.842861,-0.2708538,0.4649985,0.0,0.0,0.0,0.0,0.0,0.0,0.0,-2.825685,0.9636288,2.104166,0.4691659,0.106005,-3.620667,0.161235,0.3776405,0.01581512,0.9116693,16.38207,46.30433,9.032078,0.04471497,0.03399461,-0.9984207,0.0,0.0,0.0,1.303599,-0.2055687,-2.747305,0.005235702,0.04529643,1.461123,0.7142749,0.1506141,-0.6834667,0.09294146,0.9475063,0.3059309,0.6936665,-0.2820412,0.6627817,moving,61.11489,-30.22008,0.2053095,1.775664
1776,05/08/2023 17:08:22.822273,2017,True,True,True,True,Eyes,0.237761,0.1091529,-3.379495,0.8380777,-0.2722426,0.472768,0.0,0.0,0.0,0.0,0.0,0.0,0.0,-2.817343,0.9871136,2.120213,0.4809971,0.110073,-3.628174,0.165457,0.3732866,0.01525258,0.912715,16.89645,45.84236,9.102278,0.0469614,0.03382573,-0.9983232,0.0,0.0,0.0,1.305678,-0.2072852,-2.747557,0.004998356,0.04995549,1.459355,0.720849,0.1513682,-0.6763611,0.09568318,0.9447827,0.3134172,0.6864557,-0.2906429,0.6665623,moving,60.57222,-29.93542,0.1962398,1.960538
1777,05/08/2023 17:08:22.842142,2018,True,True,True,True,Eyes,0.248597,0.1092271,-3.389779,0.833239,-0.2735157,0.4805226,0.0,0.0,0.0,0.0,0.0,0.0,0.0,-2.804139,0.9795699,2.156607,0.4928434,0.1129284,-3.635665,0.1617391,0.3681399,0.01917803,0.9153938,16.37898,45.15044,9.2486,0.04928082,0.03366421,-0.9982169,0.0,0.0,0.0,1.307804,-0.2090408,-2.747816,0.006433666,0.05383191,1.457193,0.7282104,0.1541961,-0.6677822,0.0839743,0.9469454,0.3102302,0.6801896,-0.2819894,0.676627,moving,60.02828,-29.64874,0.2529654,2.11567
1778,05/08/2023 17:08:22.862644,2019,True,True,True,True,Eyes,0.2594187,0.1093394,-3.399928,0.8282743,-0.2750571,0.4881651,0.0,0.0,0.0,0.0,0.0,0.0,0.0,-2.798269,0.9726919,2.183085,0.5038153,0.1139567,-3.643554,0.1603305,0.3640122,0.01895441,0.9172951,16.28059,44.59111,9.080783,0.05166448,0.03351061,-0.9981016,0.0,0.0,0.0,1.309864,-0.2107424,-2.748066,0.01075098,0.0531548,1.454635,0.7342718,0.1514981,-0.6617352,0.08195096,0.9478697,0.3079401,0.673891,-0.2803415,0.6835785,moving,59.48592,-29.39913,0.4234563,2.092752
1779,05/08/2023 17:08:22.873127,2020,True,True,True,True,Eyes,0.2702389,0.1095052,-3.409938,0.8233079,-0.2764116,0.4957425,0.0,0.0,0.0,0.0,0.0,0.0,0.0,-2.794943,0.9799825,2.198858,0.5147983,0.1151299,-3.65086,0.1622605,0.3604985,0.01708605,0.9183794,16.60155,44.1658,8.906717,0.05410358,0.03336541,-0.9979772,0.0,0.0,0.0,1.312165,-0.2126428,-2.748346,0.01259699,0.05224931,1.451932,0.7394979,0.1483723,-0.6566038,0.08560637,0.9467592,0.3103523,0.6676934,-0.2857144,0.6874248,moving,58.94638,-29.14277,0.4970869,2.060959
1780,05/08/2023 17:08:22.892998,2021,True,True,True,True,Eyes,0.2810636,0.1096994,-3.419806,0.8181732,-0.2777494,0.5034361,0.0,0.0,0.0,0.0,0.0,0.0,0.0,-2.788174,0.9819868,2.220239,0.5256361,0.1165547,-3.657566,0.1611098,0.3569344,0.0191954,0.919931,16.42242,43.71639,9.016675,0.05659115,0.03322947,-0.9978439,0.0,0.0,0.0,1.314179,-0.2143059,-2.748591,0.01010609,0.055741,1.448938,0.7444587,0.1503282,-0.6505249,0.0796944,0.9473503,0.3101229,0.6628951,-0.2827169,0.6932828,moving,58.3953,-28.88585,0.3996214,2.203096
1781,05/08/2023 17:08:22.912630,2022,True,True,True,True,Eyes,0.2918835,0.1099233,-3.429531,0.81293,-0.2791356,0.5111048,0.0,0.0,0.0,0.0,0.0,0.0,0.0,-2.772465,0.9933742,2.248034,0.5365975,0.1174329,-3.664054,0.1605271,0.3519895,0.0226517,0.9218575,16.26139,43.12468,9.277759,0.05912052,0.03310285,-0.9977014,0.0,0.0,0.0,1.316275,-0.2160363,-2.748846,0.008492231,0.04487517,1.446234,0.7511806,0.154771,-0.6416959,0.07124437,0.9474359,0.3119125,0.6562408,-0.2800198,0.7006689,moving,57.84163,-28.64079,0.3364348,1.77726
1782,05/08/2023 17:08:22.922683,2023,True,True,True,True,Eyes,0.3026953,0.1101663,-3.439103,0.807429,-0.2808366,0.5188346,0.0,0.0,0.0,0.0,0.0,0.0,0.0,-2.757227,1.004578,2.274577,0.5473812,0.1184461,-3.670358,0.1616172,0.3467788,0.02313546,0.9236283,16.40963,42.49971,9.288308,0.06168609,0.03298557,-0.9975499,0.0,0.0,0.0,1.318457,-0.2178388,-2.749111,0.004343063,0.03033696,1.442873,0.7584185,0.1548279,-0.6331111,0.06935371,0.9466892,0.3145942,0.6480675,-0.2825027,0.7072487,moving,57.27617,-28.42595,0.1724603,1.204488
1783,05/08/2023 17:08:22.942641,2024,True,True,True,True,Eyes,0.313494,0.1104179,-3.448507,0.8018686,-0.2825358,0.5264793,0.0,0.0,0.0,0.0,0.0,0.0,0.0,-2.746134,1.007712,2.29875,0.5581051,0.119207,-3.676315,0.1626723,0.3420074,0.02140212,0.9252625,16.64194,41.89976,9.060155,0.06428271,0.0328774,-0.9973896,0.0,0.0,0.0,1.320531,-0.2195514,-2.749363,0.0004913807,0.03324673,1.439965,0.7651458,0.1508754,-0.6259301,0.07166507,0.9461594,0.3156685,0.6398563,-0.2863897,0.7131373,moving,56.71247,-28.22028,0.0195519,1.322643
1784,05/08/2023 17:08:22.962297,2025,True,True,True,True,Eyes,0.324301,0.1106618,-3.457795,0.7960808,-0.2845527,0.5341209,0.0,0.0,0.0,0.0,0.0,0.0,0.0,-2.740836,0.9999932,2.319624,0.5686636,0.1196075,-3.681731,0.1623246,0.3382472,0.0191651,0.9267536,16.73256,41.38837,8.728934,0.06690514,0.03277782,-0.9972203,0.0,0.0,0.0,1.322663,-0.2213118,-2.749622,-0.006679535,0.0325376,1.436596,0.7704431,0.1453343,-0.6207216,0.07428899,0.9465669,0.3138348,0.6331655,-0.2879046,0.7184792,moving,56.14083,-28.04644,-0.2663981,1.297476
1785,05/08/2023 17:08:22.972813,2026,True,True,True,True,Eyes,0.3350812,0.1109291,-3.466913,0.79024,-0.2868108,0.541535,0.0,0.0,0.0,0.0,0.0,0.0,0.0,-2.736678,1.003494,2.334581,0.5787709,0.1195582,-3.687467,0.1640253,0.33484,0.01632914,0.9277453,17.06234,40.9576,8.429665,0.06954991,0.03268583,-0.9970424,0.0,0.0,0.0,1.324844,-0.2231128,-2.749887,-0.01236066,0.03342575,1.433442,0.7752311,0.140143,-0.6159356,0.07954587,0.9456581,0.3152826,0.6266492,-0.293412,0.7219558,moving,55.57797,-27.90684,-0.494053,1.335811
1786,05/08/2023 17:08:22.992470,2027,True,True,True,True,Eyes,0.3458101,0.1111893,-3.475846,0.7843614,-0.2892117,0.5487567,0.0,0.0,0.0,0.0,0.0,0.0,0.0,-2.730407,1.02117,2.344837,0.588971,0.1204561,-3.692529,0.1676006,0.3314417,0.01445186,0.9283575,17.55413,40.58162,8.318145,0.07221276,0.03260148,-0.9968559,0.0,0.0,0.0,1.326982,-0.2248786,-2.750147,-0.02078515,0.04639219,1.429825,0.7798751,0.1379327,-0.6105484,0.08426668,0.9434023,0.3207665,0.620237,-0.3016067,0.7241129,moving,55.02251,-27.79061,-0.8328414,1.85837
1787,05/08/2023 17:08:23.012447,2028,True,True,True,True,Eyes,0.3565232,0.1114436,-3.484635,0.778425,-0.2917218,0.5558354,0.0,0.0,0.0,0.0,0.0,0.0,0.0,-2.71628,1.034149,2.366303,0.5994174,0.1207663,-3.697722,0.168685,0.3268785,0.01534747,0.9297636,17.67641,40.04538,8.377637,0.07488907,0.03252397,-0.9966609,0.0,0.0,0.0,1.329367,-0.2268479,-2.750437,-0.01762122,0.01970841,1.426733,0.7858297,0.1388181,-0.6026618,0.08174,0.9426197,0.3237079,0.6130173,-0.3036408,0.7293915,moving,54.47121,-27.69205,-0.7076095,0.791414
1788,05/08/2023 17:08:23.022937,2029,True,True,True,True,Eyes,0.3672217,0.1116992,-3.493292,0.7724355,-0.2945835,0.5626401,0.0,0.0,0.0,0.0,0.0,0.0,0.0,-2.704525,1.053018,2.382423,0.6098217,0.1209269,-3.703071,0.1712195,0.3227199,0.01529652,0.9307534,17.99013,39.57837,8.402765,0.0775756,0.03245256,-0.9964578,0.0,0.0,0.0,1.331253,-0.2284058,-2.750666,-0.01810926,0.001780748,1.422754,0.7912357,0.1389864,-0.5955072,0.08203728,0.9408998,0.3285992,0.6059835,-0.3088532,0.7330715,moving,53.9305,-27.63537,-0.7292393,0.07171255
1789,05/08/2023 17:08:23.042589,2030,True,True,True,True,Eyes,0.3779008,0.1119868,-3.501791,0.7664312,-0.2975515,0.5692506,0.0,0.0,0.0,0.0,0.0,0.0,0.0,-2.694543,1.080959,2.392334,0.6201793,0.121319,-3.708498,0.1757274,0.3188923,0.01434048,0.9312475,18.55079,39.18324,8.417866,0.08027007,0.03238678,-0.9962465,0.0,0.0,0.0,1.333367,-0.2301509,-2.750923,-0.01764989,0.02702215,1.420534,0.7962041,0.1387853,-0.5888952,0.08536714,0.9378285,0.3364375,0.5989753,-0.3181453,0.7348552,moving,53.39766,-27.5964,-0.7118535,1.089779
1790,05/08/2023 17:08:23.062543,2031,True,True,True,True,Eyes,0.3885563,0.112286,-3.510149,0.7604496,-0.3004047,0.5757372,0.0,0.0,0.0,0.0,0.0,0.0,0.0,-2.688379,1.096056,2.402468,0.6304553,0.1224224,-3.713234,0.178326,0.3157165,0.01351296,0.9318479,18.89367,38.8292,8.373843,0.08296979,0.03232708,-0.9960272,0.0,0.0,0.0,1.335499,-0.2319117,-2.751182,-0.01728392,0.01726393,1.417288,0.800281,0.1377849,-0.5835801,0.08741686,0.9360345,0.3408779,0.5932189,-0.3238128,0.7370459,moving,52.8706,-27.55438,-0.6986912,0.6978834
1791,05/08/2023 17:08:23.082357,2032,True,True,True,True,Eyes,0.3991857,0.1126068,-3.518355,0.7544109,-0.3033342,0.5821103,0.0,0.0,0.0,0.0,0.0,0.0,0.0,-2.68112,1.103326,2.41739,0.6404591,0.1230258,-3.718089,0.1796189,0.3122558,0.01260428,0.9327779,19.09998,38.40816,8.25581,0.08567231,0.03227331,-0.9958001,0.0,0.0,0.0,1.337698,-0.2337277,-2.751449,-0.01424515,0.01821527,1.415823,0.8046749,0.1356881,-0.5780027,0.08866007,0.9351564,0.3429605,0.5870586,-0.3272175,0.7404667,moving,52.34589,-27.52375,-0.5764558,0.7370979
1792,05/08/2023 17:08:23.092982,2033,True,True,True,True,Eyes,0.4098304,0.1129563,-3.526424,0.7482803,-0.3060998,0.5885401,0.0,0.0,0.0,0.0,0.0,0.0,0.0,-2.672158,1.110932,2.433565,0.6505361,0.1239033,-3.722672,0.1813655,0.30839,0.01098304,0.933746,19.38563,37.93394,8.066895,0.08837584,0.03222559,-0.9955654,0.0,0.0,0.0,1.339783,-0.2354497,-2.751703,-0.00970149,0.03345656,1.413793,0.80955,0.1323734,-0.5719319,0.09135188,0.9339718,0.3454728,0.5798997,-0.3319245,0.7440043,moving,51.81411,-27.47895,-0.3931591,1.355617
1793,05/08/2023 17:08:23.113704,2034,True,True,True,True,Eyes,0.4204721,0.1133273,-3.534333,0.7421375,-0.3086668,0.5949427,0.0,0.0,0.0,0.0,0.0,0.0,0.0,-2.663674,1.112335,2.45159,0.6608532,0.1248466,-3.726987,0.1819153,0.3046193,0.009820923,0.9348891,19.52134,37.45217,7.878454,0.09107967,0.03218421,-0.995323,0.0,0.0,0.0,1.341929,-0.2372216,-2.751964,-0.008701682,0.02981941,1.41212,0.8142213,0.1291928,-0.5659973,0.09246688,0.9336208,0.3461245,0.5731437,-0.334158,0.7482278,moving,51.28221,-27.42108,-0.3530602,1.209722
1794,05/08/2023 17:08:23.122434,2035,True,True,True,True,Eyes,0.4311348,0.1136907,-3.542105,0.7360663,-0.3109377,0.6012688,0.0,0.0,0.0,0.0,0.0,0.0,0.0,-2.654477,1.105385,2.473777,0.6714804,0.1257119,-3.731086,0.1804468,0.3008341,0.009966159,0.9363967,19.38676,36.94716,7.751767,0.09378225,0.03214926,-0.9950731,0.0,0.0,0.0,1.344195,-0.2390927,-2.752239,-0.008486211,0.0256642,1.410656,0.8187991,0.1272336,-0.5598032,0.08990453,0.9346793,0.3439358,0.5669968,-0.3319432,0.7538757,moving,50.75572,-27.34511,-0.3446752,1.042272
1795,05/08/2023 17:08:23.142682,2036,True,True,True,True,Eyes,0.4418069,0.1140391,-3.549721,0.7300314,-0.313071,0.6074873,0.0,0.0,0.0,0.0,0.0,0.0,0.0,-2.648131,1.099381,2.492404,0.6821842,0.1258046,-3.735252,0.1790028,0.297613,0.01023569,0.9376993,19.24504,36.51696,7.653728,0.09648353,0.03211996,-0.9948157,0.0,0.0,0.0,1.346196,-0.2407455,-2.752482,-0.005161107,0.01962143,1.409018,0.8226435,0.1257431,-0.5544786,0.08735111,0.9357064,0.3417941,0.5618073,-0.329609,0.758769,moving,50.23485,-27.26449,-0.2098683,0.7978268
1796,05/08/2023 17:08:23.162519,2037,True,True,True,True,Eyes,0.4524682,0.114352,-3.557176,0.7242691,-0.3149842,0.6133672,0.0,0.0,0.0,0.0,0.0,0.0,0.0,-2.64337,1.098715,2.506612,0.6931213,0.125781,-3.739177,0.1783582,0.2947697,0.01062952,0.9387152,19.18313,36.15417,7.611799,0.09918325,0.03209542,-0.9945509,0.0,0.0,0.0,1.348255,-0.2424457,-2.752733,0.001705289,0.01836908,1.407679,0.8259957,0.1251054,-0.5496178,0.08519299,0.9361507,0.3411216,0.5572013,-0.3285886,0.7625984,moving,49.73949,-27.18199,0.06940918,0.7476217
1797,05/08/2023 17:08:23.172930,2038,True,True,True,True,Eyes,0.4631423,0.1146245,-3.564483,0.7185118,-0.3168318,0.6191594,0.0,0.0,0.0,0.0,0.0,0.0,0.0,-2.636727,1.101581,2.521179,0.7040606,0.1253225,-3.743093,0.177875,0.2917372,0.01158869,0.9397424,19.12024,35.78137,7.637079,0.1018803,0.03207431,-0.994279,0.0,0.0,0.0,1.350402,-0.244219,-2.752994,0.008853614,0.01681083,1.406174,0.8295102,0.1255663,-0.544193,0.08200476,0.9364524,0.3410751,0.5524384,-0.3275517,0.7664997,moving,49.24771,-27.09941,0.3607434,0.6849394
1798,05/08/2023 17:08:23.192337,2039,True,True,True,True,Eyes,0.4738624,0.1148574,-3.571662,0.7127606,-0.3187287,0.6248074,0.0,0.0,0.0,0.0,0.0,0.0,0.0,-2.62907,1.106895,2.535511,0.71509,0.1246268,-3.746886,0.1779867,0.2884829,0.01206058,0.9407194,19.14213,35.38546,7.626912,0.1045744,0.03205525,-0.9939998,0.0,0.0,0.0,1.35261,-0.2460425,-2.753262,0.01178664,0.01622845,1.405052,0.8332643,0.1253835,-0.5384697,0.08000103,0.9363505,0.3418297,0.5470563,-0.3279127,0.7701966,moving,48.76213,-27.02718,0.4806292,0.6617411
1799,05/08/2023 17:08:23.212462,2040,True,True,True,True,Eyes,0.484608,0.1150536,-3.578692,0.7070244,-0.3206398,0.6303226,0.0,0.0,0.0,0.0,0.0,0.0,0.0,-2.622176,1.111513,2.549242,0.7263433,0.1238504,-3.750598,0.1785922,0.2851534,0.01139303,0.9416276,19.2589,34.97097,7.505307,0.107266,0.03203702,-0.9937136,0.0,0.0,0.0,1.354728,-0.2477909,-2.753519,0.01001185,0.0145617,1.403717,0.8371156,0.1233084,-0.5329472,0.08039637,0.93595,0.3428323,0.541086,-0.3298373,0.7735848,moving,48.28252,-26.96205,0.4086486,0.5943462
1800,05/08/2023 17:08:23.222172,2041,True,True,True,True,Eyes,0.4953696,0.1151747,-3.585565,0.7014372,-0.32247,0.635609,0.0,0.0,0.0,0.0,0.0,0.0,0.0,-2.619879,1.11454,2.558668,0.737748,0.1231881,-3.754104,0.1793143,0.2825459,0.0102238,0.9422897,19.3996,34.64003,7.345694,0.1099551,0.03201865,-0.9934203,0.0,0.0,0.0,1.356871,-0.2495608,-2.75378,0.0109356,0.0129412,1.403148,0.8401266,0.1205966,-0.5288135,0.08206146,0.9354838,0.3437094,0.5361466,-0.3321546,0.7760284,moving,47.81863,-26.90051,0.4465327,0.5284225
1801,05/08/2023 17:08:23.242498,2042,True,True,True,True,Eyes,0.5061544,0.1152158,-3.592291,0.6959326,-0.3242781,0.6407196,0.0,0.0,0.0,0.0,0.0,0.0,0.0,-2.621008,1.110845,2.567118,0.7491771,0.1215469,-3.757355,0.1787516,0.2805636,0.009385902,0.9429973,19.38158,34.36666,7.18614,0.1126421,0.03199818,-0.99312,0.0,0.0,0.0,1.358917,-0.2512505,-2.754029,0.01238787,0.01950236,1.402544,0.8423918,0.1180041,-0.5257859,0.08260062,0.9359196,0.3423912,0.5324969,-0.3318578,0.7786639,moving,47.36537,-26.84468,0.5060477,0.7966455
1802,05/08/2023 17:08:23.262203,2043,True,True,True,True,Eyes,0.5169881,0.1151776,-3.598877,0.6904711,-0.326096,0.6456866,0.0,0.0,0.0,0.0,0.0,0.0,0.0,-2.624714,1.113471,2.570142,0.7605462,0.1196819,-3.760561,0.1791969,0.2791208,0.008522738,0.9433491,19.47119,34.18044,7.074426,0.1153269,0.03197375,-0.9928126,0.0,0.0,0.0,1.361049,-0.2530113,-2.754288,0.01509494,0.02463371,1.401954,0.8440378,0.116115,-0.5235623,0.08395535,0.9356316,0.3428482,0.5296713,-0.3333327,0.77996,moving,46.91969,-26.79549,0.6168836,1.006639
1803,05/08/2023 17:08:23.282186,2044,True,True,True,True,Eyes,0.527859,0.1150559,-3.605298,0.6851206,-0.3277266,0.6505421,0.0,0.0,0.0,0.0,0.0,0.0,0.0,-2.62449,1.122167,2.574301,0.7720994,0.1176224,-3.763543,0.1799124,0.2772307,0.008778389,0.9437679,19.55574,33.96369,7.09095,0.1180103,0.03194369,-0.9924982,0.0,0.0,0.0,1.363207,-0.2547932,-2.75455,0.01465303,0.02025591,1.401258,0.8461322,0.116324,-0.5201241,0.08318495,0.9351089,0.3444583,0.5264415,-0.3347238,0.7815494,moving,46.48298,-26.7378,0.5991231,0.8281824
1804,05/08/2023 17:08:23.293103,2045,True,True,True,True,Eyes,0.5387353,0.1148273,-3.611541,0.6798012,-0.3293133,0.6553037,0.0,0.0,0.0,0.0,0.0,0.0,0.0,-2.628582,1.115353,2.580153,0.7838811,0.1154716,-3.766012,0.1783914,0.2759291,0.008889303,0.9444367,19.39344,33.77331,7.017315,0.1206929,0.03190643,-0.9921767,0.0,0.0,0.0,1.365343,-0.2565575,-2.75481,0.01550955,0.01286338,1.400522,0.8475682,0.1152375,-0.5180236,0.08165596,0.936195,0.3418643,0.5243667,-0.3320531,0.7840793,moving,46.05119,-26.68114,0.6344744,0.5262302
1805,05/08/2023 17:08:23.312792,2046,True,True,True,True,Eyes,0.5496523,0.1145011,-3.617619,0.6746005,-0.330838,0.6598942,0.0,0.0,0.0,0.0,0.0,0.0,0.0,-2.633448,1.11429,2.582749,0.7957336,0.112854,-3.768469,0.1779567,0.2747409,0.008528936,0.9448684,19.36621,33.61048,6.934389,0.1233745,0.03185994,-0.9918484,0.0,0.0,0.0,1.367485,-0.2583257,-2.75507,0.01802123,0.00663197,1.399566,0.8488894,0.1139014,-0.5161524,0.08166653,0.9365173,0.3409778,0.5222235,-0.3316048,0.7856977,moving,45.63138,-26.6269,0.7377166,0.2714992
1806,05/08/2023 17:08:23.322446,2047,True,True,True,True,Eyes,0.5606492,0.1140898,-3.623553,0.6693191,-0.3323427,0.6645,0.0,0.0,0.0,0.0,0.0,0.0,0.0,-2.638881,1.117676,2.582428,0.8076429,0.110189,-3.770597,0.1780554,0.2737786,0.008501626,0.9451293,19.38509,33.49218,6.914661,0.1260552,0.03180264,-0.9915131,0.0,0.0,0.0,1.369599,-0.260072,-2.755327,0.02149737,0.002534747,1.398329,0.849946,0.1135658,-0.5144849,0.08142525,0.936448,0.3412259,0.5205399,-0.3319156,0.7866831,moving,45.20701,-26.57145,0.880774,0.1038598
1807,05/08/2023 17:08:23.345279,2048,True,True,True,True,Eyes,0.5716984,0.1135989,-3.629315,0.6641583,-0.3337963,0.6689349,0.0,0.0,0.0,0.0,0.0,0.0,0.0,-2.643239,1.121544,2.582829,0.8196712,0.1076072,-3.772551,0.1779384,0.2727205,0.009020536,0.9454523,19.36255,33.36751,6.947109,0.1287372,0.03173345,-0.9911706,0.0,0.0,0.0,1.371792,-0.2618827,-2.755594,0.02501619,-0.005193561,1.39685,0.8510843,0.1141119,-0.5124782,0.07999795,0.9365131,0.3413848,0.5188987,-0.3315445,0.7879229,moving,44.79471,-26.51904,1.026,-0.2130277
1808,05/08/2023 17:08:23.365334,2049,True,True,True,True,Eyes,0.5828249,0.113037,-3.634915,0.6589737,-0.3351669,0.6733624,0.0,0.0,0.0,0.0,0.0,0.0,0.0,-2.646145,1.131557,2.581726,0.8319871,0.1052115,-3.774194,0.1784887,0.2715523,0.01009717,0.9456741,19.39631,33.25218,7.066269,0.131421,0.03165157,-0.9908209,0.0,0.0,0.0,1.373874,-0.2636018,-2.755847,0.02773577,-0.009787589,1.395286,0.8523148,0.1160353,-0.5099955,0.07784081,0.9360796,0.3430681,0.5172044,-0.3321005,0.7888022,moving,44.38126,-26.46188,1.138787,-0.4019092
1809,05/08/2023 17:08:23.372580,2050,True,True,True,True,Eyes,0.5940239,0.11242,-3.640335,0.6538914,-0.3364151,0.6776805,0.0,0.0,0.0,0.0,0.0,0.0,0.0,-2.645266,1.143367,2.583535,0.8445209,0.1028756,-3.775655,0.1785758,0.2699438,0.01245335,0.9460899,19.34006,33.09599,7.30493,0.1341078,0.03155654,-0.9904639,0.0,0.0,0.0,1.376083,-0.2654266,-2.756115,0.03038913,-0.01370405,1.393609,0.8539506,0.1199749,-0.5063344,0.0728469,0.9359112,0.344621,0.5152299,-0.3311742,0.790482,moving,43.9765,-26.40079,1.249197,-0.5633996
1810,05/08/2023 17:08:23.392498,2051,True,True,True,True,Eyes,0.6053448,0.111766,-3.645584,0.6486511,-0.3375672,0.6821291,0.0,0.0,0.0,0.0,0.0,0.0,0.0,-2.641249,1.157964,2.586962,0.8574725,0.1009162,-3.776772,0.1786364,0.2679397,0.01568016,0.9466,19.25614,32.90577,7.634054,0.1367989,0.03144838,-0.9900992,0.0,0.0,0.0,1.37817,-0.2671495,-2.756369,0.03252101,-0.01798013,1.391652,0.8559249,0.1254133,-0.5016613,0.06604192,0.9356863,0.3465972,0.5128655,-0.3297918,0.7925947,moving,43.55893,-26.32956,1.33868,-0.7402195
1811,05/08/2023 17:08:23.412507,2052,True,True,True,True,Eyes,0.6167607,0.1110604,-3.650642,0.6434814,-0.3385015,0.6865482,0.0,0.0,0.0,0.0,0.0,0.0,0.0,-2.633982,1.167863,2.59525,0.8708084,0.0992073,-3.777425,0.1775348,0.2654399,0.01971478,0.9474357,19.0225,32.64502,8.00206,0.139497,0.03132758,-0.9897265,0.0,0.0,0.0,1.380599,-0.2691557,-2.756664,0.03526574,-0.02072029,1.390021,0.8583061,0.1316066,-0.4959742,0.05689264,0.9361855,0.3468718,0.5099744,-0.3259394,0.7960461,moving,43.14539,-26.24553,1.453319,-0.8540137
1812,05/08/2023 17:08:23.422408,2053,True,True,True,True,Eyes,0.6282627,0.1103042,-3.65551,0.6381136,-0.339464,0.6910683,0.0,0.0,0.0,0.0,0.0,0.0,0.0,-2.624433,1.178374,2.605498,0.8845264,0.09721256,-3.777962,0.1763111,0.2625582,0.02401009,0.9483677,18.77226,32.33884,8.388529,0.142203,0.03119424,-0.9893455,0.0,0.0,0.0,1.38251,-0.270734,-2.756896,0.03829646,-0.02385722,1.38737,0.8609734,0.1381246,-0.4895369,0.04704304,0.9366758,0.3470235,0.5064698,-0.3218073,0.7999552,moving,42.71854,-26.16102,1.58117,-0.9851611
1813,05/08/2023 17:08:23.445331,2054,True,True,True,True,Eyes,0.6398592,0.1095026,-3.660202,0.6328008,-0.340378,0.6954898,0.0,0.0,0.0,0.0,0.0,0.0,0.0,-2.616753,1.188261,2.614123,0.8983837,0.09527618,-3.778468,0.1755633,0.2598129,0.02730883,0.9491729,18.60787,32.04178,8.682583,0.1449189,0.03104841,-0.9889559,0.0,0.0,0.0,1.384542,-0.2724116,-2.757143,0.04271734,-0.02586283,1.38485,0.863503,0.1430688,-0.4836257,0.03938562,0.9368635,0.3474703,0.5028035,-0.3190895,0.8033496,moving,42.29792,-26.07748,1.766796,-1.069906
1814,05/08/2023 17:08:23.462529,2055,True,True,True,True,Eyes,0.651561,0.108699,-3.664719,0.6272223,-0.3416232,0.6999183,0.0,0.0,0.0,0.0,0.0,0.0,0.0,-2.609903,1.203233,2.619553,0.9122764,0.09337679,-3.778949,0.1760278,0.2571566,0.0298452,0.9497336,18.60302,31.76761,8.9365,0.1476452,0.03089035,-0.9885575,0.0,0.0,0.0,1.386698,-0.2741923,-2.757405,0.04929048,-0.01817818,1.38304,0.8659595,0.1472234,-0.4779535,0.03384345,0.9362469,0.3497089,0.4989678,-0.3190092,0.8057693,moving,41.86467,-26.01655,2.041113,-0.7530316
1815,05/08/2023 17:08:23.472235,2056,True,True,True,True,Eyes,0.6633586,0.1080413,-3.669023,0.6217385,-0.3432093,0.7040232,0.0,0.0,0.0,0.0,0.0,0.0,0.0,-2.604292,1.220203,2.622442,0.9262729,0.09252916,-3.779139,0.1777244,0.2545075,0.03101522,0.9500937,18.77923,31.49662,9.07919,0.1503833,0.03072142,-0.9881499,0.0,0.0,0.0,1.388836,-0.2759576,-2.757665,0.05889243,-0.006543651,1.381028,0.868528,0.1493991,-0.4725876,0.03152965,0.9349042,0.3534969,0.4946362,-0.3219225,0.8072799,moving,41.44844,-25.9891,2.441836,-0.2714795
1816,05/08/2023 17:08:23.492682,2057,True,True,True,True,Eyes,0.6752774,0.1074925,-3.673122,0.6160117,-0.3445102,0.7084083,0.0,0.0,0.0,0.0,0.0,0.0,0.0,-2.600222,1.263981,2.609674,0.9403936,0.09544788,-3.778327,0.1837148,0.2527235,0.03305055,0.9493617,19.39739,31.43984,9.495859,0.1531348,0.03054682,-0.9877327,0.0,0.0,0.0,1.390976,-0.277725,-2.757925,0.07241672,0.002697065,1.37892,0.870077,0.1556119,-0.4677081,0.03010423,0.9303131,0.3655288,0.4919957,-0.3321182,0.8047594,moving,41.00929,-25.93439,3.00624,0.1120662
1817,05/08/2023 17:08:23.512252,2058,True,True,True,True,Eyes,0.6873171,0.106952,-3.677051,0.6103528,-0.3452714,0.7129216,0.0,0.0,0.0,0.0,0.0,0.0,0.0,-2.570207,1.267816,2.641428,0.9549446,0.09735298,-3.777442,0.1796607,0.246925,0.04128041,0.9513392,18.75065,30.78484,10.17434,0.1559009,0.03037023,-0.9873053,0.0,0.0,0.0,1.393091,-0.2794714,-2.758182,0.08508623,0.01272926,1.376498,0.874648,0.1672688,-0.4549859,0.01018211,0.9320359,0.3622229,0.4846518,-0.3214502,0.8135001,moving,40.56779,-25.84113,3.537156,0.5298316
1818,05/08/2023 17:08:23.522722,2059,True,True,True,True,Eyes,0.6873171,0.106952,-3.677051,0.6103528,-0.3452714,0.7129216,0.0,0.0,0.0,0.0,0.0,0.0,0.0,-2.567252,1.236796,2.664251,0.9699114,0.0969027,-3.777375,0.173339,0.2440852,0.04371,0.9531345,18.00457,30.34352,10.17116,0.158683,0.03019222,-0.9868674,0.0,0.0,0.0,1.395266,-0.2812673,-2.758447,0.09262931,0.0160998,1.374099,0.8770238,0.167942,-0.4501387,0.001295947,0.9360861,0.3517687,0.4804453,-0.3090928,0.820752,moving,40.56779,-25.84113,3.856529,0.6712823
1819,05/08/2023 17:08:23.542857,2060,True,True,True,True,Eyes,0.6873171,0.106952,-3.677051,0.6103528,-0.3452714,0.7129216,0.0,0.0,0.0,0.0,0.0,0.0,0.0,-2.56697,1.318968,2.631542,0.9835987,0.09947947,-3.778447,0.1867359,0.2430277,0.04276697,0.9509144,19.53318,30.48877,10.52176,0.1611856,0.03003182,-0.9864666,0.0,0.0,0.0,1.397334,-0.2829757,-2.758698,0.09466887,0.01237513,1.372198,0.8782171,0.1720994,-0.4462247,0.009428537,0.9266014,0.3759269,0.4781693,-0.3343526,0.8121345,moving,40.56779,-25.84113,3.946623,0.5167066
1820,05/08/2023 17:08:23.562653,2061,True,True,True,True,Eyes,0.7004842,0.1066473,-3.680846,0.6043151,-0.3465234,0.7174432,0.0,0.0,0.0,0.0,0.0,0.0,0.0,-2.560271,1.298182,2.651519,0.9980512,0.1020323,-3.77681,0.1799269,0.2407282,0.04975219,0.9524711,18.59017,30.17921,11.0338,0.1634373,0.02988729,-0.9861004,0.0,0.0,0.0,1.399533,-0.2847913,-2.758965,0.0941571,-2.366304e-05,1.370116,0.8791493,0.181402,-0.4406698,-0.008148116,0.9303021,0.3667037,0.4764768,-0.3187967,0.8193525,moving,40.10802,-25.78043,3.931299,-0.0009895458
1821,05/08/2023 17:08:23.572261,2062,True,True,True,True,Eyes,0.7136196,0.1063795,-3.684535,0.5982118,-0.3484478,0.721614,0.0,0.0,0.0,0.0,0.0,0.0,0.0,-2.557836,1.292387,2.663425,1.010602,0.1023726,-3.778204,0.1780316,0.2384468,0.05123839,0.9533219,18.36127,29.88384,11.09231,0.1657854,0.02974443,-0.9857127,0.0,0.0,0.0,1.401698,-0.2865794,-2.759228,0.09131938,-0.01149845,1.368408,0.8810355,0.1825955,-0.436389,-0.01279123,0.9313587,0.3638781,0.4728772,-0.3150076,0.8228958,moving,39.65844,-25.77464,3.817919,-0.4814335
1822,05/08/2023 17:08:23.598173,2063,True,True,True,True,Eyes,0.7267655,0.1062115,-3.688098,0.591674,-0.3505388,0.7259783,0.0,0.0,0.0,0.0,0.0,0.0,0.0,-2.545338,1.345177,2.6556,1.023037,0.1031555,-3.779313,0.1871443,0.2348385,0.04915332,0.9525817,19.47857,29.6092,11.10243,0.1682187,0.02960416,-0.9853046,0.0,0.0,0.0,1.403812,-0.288325,-2.759485,0.08758759,-0.01652062,1.366831,0.8848696,0.1815425,-0.4290082,-0.00574771,0.925122,0.3796266,0.4658033,-0.3334543,0.8196557,moving,39.18011,-25.77359,3.666546,-0.6924894
1823,05/08/2023 17:08:23.613855,2064,True,True,True,True,Eyes,0.7398766,0.1060965,-3.691555,0.5851547,-0.3524375,0.7303299,0.0,0.0,0.0,0.0,0.0,0.0,0.0,-2.537781,1.339107,2.671157,1.03572,0.1052208,-3.779528,0.18596,0.2315583,0.04973315,0.9535859,19.36747,29.19068,11.05937,0.1707282,0.02946898,-0.9848769,0.0,0.0,0.0,1.405906,-0.2900544,-2.75974,0.08204824,-0.02044919,1.365522,0.8878148,0.1809708,-0.4231247,-0.008728515,0.925891,0.3776899,0.4601182,-0.3316254,0.8235993,moving,38.70239,-25.7607,3.438518,-0.8579609
1824,05/08/2023 17:08:23.632685,2065,True,True,True,True,Eyes,0.7529763,0.1060438,-3.694888,0.578218,-0.3542936,0.7349421,0.0,0.0,0.0,0.0,0.0,0.0,0.0,-2.525695,1.337998,2.689328,1.048038,0.1063466,-3.780498,0.1845801,0.2278671,0.05166264,0.9546402,19.20024,28.7431,11.15843,0.1733046,0.02933985,-0.9844307,0.0,0.0,0.0,1.408046,-0.2918214,-2.76,0.07555884,-0.02771521,1.363963,0.8908151,0.1827579,-0.4159904,-0.014519,0.9265223,0.3759595,0.454134,-0.3288706,0.8280135,moving,38.19401,-25.73732,3.170747,-1.164068
1825,05/08/2023 17:08:23.642477,2066,True,True,True,True,Eyes,0.7660274,0.1060457,-3.698102,0.5712732,-0.3557777,0.7396412,0.0,0.0,0.0,0.0,0.0,0.0,0.0,-2.515411,1.327504,2.709363,1.060519,0.1076683,-3.78073,0.1818896,0.224342,0.05352005,0.9558882,18.88797,28.28633,11.2095,0.1759405,0.02921791,-0.9839668,0.0,0.0,0.0,1.410129,-0.2935413,-2.760253,0.07053834,-0.03160949,1.362666,0.8936125,0.1839293,-0.4094222,-0.02070742,0.9281036,0.3717459,0.4483612,-0.3237187,0.8331738,moving,37.68125,-25.6882,2.963268,-1.32884
1826,05/08/2023 17:08:23.662689,2067,True,True,True,True,Eyes,1.09202,0.1067626,-3.775754,0.3709154,-0.3820448,0.8464416,0.0,0.0,0.0,0.0,0.0,0.0,0.0,-2.500314,1.309356,2.737421,1.072452,0.1089125,-3.781196,0.1778204,0.2199956,0.05567272,0.9575397,18.42389,27.70629,11.23561,0.1786279,0.02910395,-0.9834858,0.0,0.0,0.0,1.412276,-0.2953147,-2.760514,0.06637353,-0.03378204,1.361391,0.897005,0.1848571,-0.4015095,-0.0283783,0.9305609,0.3650356,0.4411085,-0.3160446,0.8399637,moving,23.6633,-24.29223,2.791199,-1.421466
1827,05/08/2023 17:08:23.672627,2068,True,True,True,True,Eyes,1.092487,0.1067622,-3.775791,0.3705867,-0.3819886,0.846611,0.0,0.0,0.0,0.0,0.0,0.0,0.0,-2.485694,1.285493,2.767035,1.084534,0.1093734,-3.781464,0.1731942,0.2155222,0.05712734,0.9593176,17.919,27.0898,11.16614,0.1990218,0.02881139,-0.9795711,0.9779787,0.002150662,-0.2329545,1.414441,-0.2971026,-2.760777,0.06195796,-0.03620909,1.360146,0.9005733,0.1842609,-0.3937202,-0.03495213,0.9334805,0.356921,0.4332967,-0.3076721,0.8471079,moving,23.64042,-24.28477,2.608159,-1.524938
1828,05/08/2023 17:08:23.694275,2069,True,True,True,True,Eyes,1.093408,0.1067729,-3.775862,0.3695681,-0.3823302,0.846902,0.0,0.0,0.0,0.0,0.0,0.0,0.0,-2.471501,1.278484,2.788892,1.096249,0.1093624,-3.782464,0.171974,0.2111396,0.05688729,0.9605253,17.83931,26.52904,11.01653,0.2151639,0.0285618,-0.9761598,0.9193,0.002021623,-0.2189772,1.416544,-0.2988389,-2.761033,0.05567759,-0.03735869,1.359049,0.9043679,0.1819044,-0.3860435,-0.03666234,0.9343776,0.3543931,0.425176,-0.3063484,0.8516901,moving,23.57532,-24.29659,2.345984,-1.574598
1829,05/08/2023 17:08:23.712315,2070,True,True,True,True,Eyes,1.094747,0.1068152,-3.775963,0.3683279,-0.3828432,0.8472105,0.0,0.0,0.0,0.0,0.0,0.0,0.0,-2.458888,1.279814,2.805102,1.107877,0.1096348,-3.783284,0.1722506,0.2071453,0.0563345,0.9613777,17.93013,26.0413,10.88575,0.227927,0.02835105,-0.973265,0.8641419,0.001900325,-0.2058386,1.418708,-0.300626,-2.761296,0.04741836,-0.03360321,1.358172,0.9078346,0.1796793,-0.3788824,-0.03695566,0.9343122,0.3545347,0.417697,-0.307857,0.8548412,moving,23.49718,-24.31758,1.999576,-1.417294
1830,05/08/2023 17:08:23.722606,2071,True,True,True,True,Eyes,1.09646,0.1068931,-3.776081,0.3666678,-0.3837634,0.8475143,0.0,0.0,0.0,0.0,0.0,0.0,0.0,-2.448938,1.291802,2.813998,1.1193,0.1104838,-3.784124,0.1743289,0.2037692,0.05560957,0.9617667,18.21988,25.66175,10.80159,0.2380062,0.02817502,-0.9708546,0.8122934,0.001786306,-0.1934883,1.420995,-0.3025149,-2.761574,0.04354888,-0.03750888,1.357726,0.9107714,0.1780126,-0.3725681,-0.03592117,0.9330341,0.3579905,0.4113455,-0.3126644,0.8561751,moving,23.3952,-24.36152,1.837124,-1.582464
1831,05/08/2023 17:08:23.742810,2072,True,True,True,True,Eyes,1.098541,0.107012,-3.776215,0.3647408,-0.3847575,0.8478948,0.0,0.0,0.0,0.0,0.0,0.0,0.0,-2.431815,1.298664,2.831117,1.130501,0.1115674,-3.784837,0.1753205,0.1992721,0.05543857,0.9625382,18.38561,25.1338,10.72502,0.2459558,0.02802969,-0.9688755,0.7635558,0.001679127,-0.181879,1.42299,-0.3041625,-2.761817,0.04717684,-0.06278709,1.354416,0.9144344,0.1765965,-0.3641751,-0.03685052,0.9323786,0.3596001,0.4030532,-0.3154106,0.8591067,moving,23.27604,-24.40759,1.994912,-2.654178
1832,05/08/2023 17:08:23.762339,2073,True,True,True,True,Eyes,1.100961,0.1071768,-3.77637,0.3621196,-0.3859812,0.848462,0.0,0.0,0.0,0.0,0.0,0.0,0.0,-2.42075,1.296808,2.846656,1.141477,0.1127183,-3.785435,0.17612,0.1953286,0.0532769,0.9633225,18.5727,24.63285,10.42031,0.2522188,0.02791148,-0.9672673,0.7177425,0.00157838,-0.1709662,1.425094,-0.3058995,-2.762072,0.04453045,-0.04407716,1.355083,0.9180166,0.1714482,-0.3575625,-0.03384313,0.9322867,0.3601337,0.3950951,-0.3185077,0.861657,moving,23.11256,-24.46168,1.882164,-1.863019
1833,05/08/2023 17:08:23.772639,2074,True,True,True,True,Eyes,1.103703,0.1074091,-3.776524,0.3592425,-0.387188,0.849135,0.0,0.0,0.0,0.0,0.0,0.0,0.0,-2.406379,1.295772,2.864474,1.152143,0.1140673,-3.786087,0.1771988,0.1908597,0.05081566,0.9641529,18.80185,24.06708,10.0766,0.2571502,0.02781733,-0.9659708,0.674678,0.001483677,-0.1607082,1.42722,-0.3076555,-2.762331,0.04199475,-0.02922934,1.354921,0.9219807,0.1656284,-0.350027,-0.0303479,0.9320367,0.3610909,0.3860449,-0.3222962,0.8643463,moving,22.93171,-24.512,1.775271,-1.235834
1834,05/08/2023 17:08:23.792478,2075,True,True,True,True,Eyes,1.106756,0.107696,-3.776675,0.355768,-0.3881352,0.8501648,0.0,0.0,0.0,0.0,0.0,0.0,0.0,-2.392179,1.287663,2.884562,1.162676,0.115948,-3.786295,0.1769827,0.1864857,0.04896405,0.965144,18.86657,23.49846,9.766778,0.2610351,0.02774513,-0.9649302,0.6341973,0.001394656,-0.1510658,1.429413,-0.3094661,-2.762597,0.03814715,-0.05262312,1.353222,0.9256512,0.1605242,-0.3426396,-0.02850523,0.9325593,0.3598897,0.3773027,-0.3233653,0.8678004,moving,22.70782,-24.53865,1.614732,-2.226954
1835,05/08/2023 17:08:23.812339,2076,True,True,True,True,Eyes,1.110112,0.1080139,-3.776816,0.3519959,-0.3888562,0.8514045,0.0,0.0,0.0,0.0,0.0,0.0,0.0,-2.370068,1.270942,2.91456,1.173263,0.1175397,-3.786398,0.1745921,0.1810099,0.04860566,0.9666388,18.65922,22.78475,9.549151,0.2641024,0.02769283,-0.9640967,0.5961455,0.001310977,-0.1420018,1.431518,-0.3112045,-2.762853,0.03825855,-0.0434342,1.353765,0.9297459,0.157174,-0.33297,-0.03076247,0.9343102,0.3551311,0.3669146,-0.3199387,0.8735061,moving,22.46165,-24.54728,1.618796,-1.837647
1836,05/08/2023 17:08:23.822681,2077,True,True,True,True,Eyes,1.113768,0.1083476,-3.776952,0.3476121,-0.3894096,0.8529513,0.0,0.0,0.0,0.0,0.0,0.0,0.0,-2.343966,1.252803,2.947761,1.183981,0.1185682,-3.786439,0.171512,0.1750396,0.0489972,0.9682686,18.36,22.01564,9.394838,0.2665364,0.02765816,-0.9634276,0.5603767,0.001232318,-0.1334817,1.433663,-0.3129764,-2.763114,0.03759968,-0.037411,1.353536,0.9339208,0.1549277,-0.3221635,-0.03484211,0.9363658,0.3492922,0.3557779,-0.3149864,0.8798895,moving,22.17288,-24.53877,1.591202,-1.583221
1837,05/08/2023 17:08:23.842375,2078,True,True,True,True,Eyes,1.117722,0.1086955,-3.777071,0.3429473,-0.3898232,0.8546491,0.0,0.0,0.0,0.0,0.0,0.0,0.0,-2.3138,1.244406,2.979482,1.194907,0.1192567,-3.78649,0.1693447,0.1687284,0.05032175,0.9697016,18.1464,21.2412,9.371758,0.2684861,0.02763881,-0.9628868,0.5267541,0.001158379,-0.1254728,1.435749,-0.3146983,-2.763367,0.03819025,-0.05514625,1.352161,0.9379969,0.1547406,-0.3101889,-0.04044765,0.9375802,0.345409,0.3442758,-0.3114461,0.8857062,moving,21.86424,-24.51871,1.617824,-2.335445
1838,05/08/2023 17:08:23.862335,2079,True,True,True,True,Eyes,1.122014,0.1090577,-3.777184,0.3378952,-0.3901995,0.8564878,0.0,0.0,0.0,0.0,0.0,0.0,0.0,-2.27988,1.240057,3.011602,1.206094,0.1199097,-3.78633,0.1673009,0.1620541,0.05258997,0.9710733,17.93139,20.44427,9.459118,0.2700703,0.0276328,-0.9624438,0.4951488,0.001088877,-0.1179444,1.437927,-0.3164976,-2.763632,0.03840387,-0.06050003,1.35166,0.9419456,0.156361,-0.2971361,-0.04791385,0.9384894,0.3419676,0.3323295,-0.3078779,0.8914978,moving,21.52986,-24.4931,1.627472,-2.562838
1839,05/08/2023 17:08:23.872384,2080,True,True,True,True,Eyes,1.126589,0.1094218,-3.777275,0.3325613,-0.3905421,0.858417,0.0,0.0,0.0,0.0,0.0,0.0,0.0,-2.245605,1.237614,3.042474,1.217514,0.1204268,-3.786058,0.1657221,0.1553145,0.05452777,0.9723375,17.77848,19.64326,9.521431,0.2715304,0.02763649,-0.9620328,0.4654399,0.001023544,-0.1108678,1.440078,-0.3182739,-2.763894,0.037552,-0.05584711,1.351356,0.9458083,0.1575169,-0.2839633,-0.05456074,0.9391258,0.3392134,0.3201091,-0.3053376,0.8968272,moving,21.17698,-24.46346,1.591748,-2.3665
1840,05/08/2023 17:08:23.892729,2081,True,True,True,True,Eyes,1.131469,0.1097823,-3.777351,0.3269973,-0.3910344,0.8603284,0.0,0.0,0.0,0.0,0.0,0.0,0.0,-2.212691,1.23628,3.071181,1.228966,0.1208323,-3.785707,0.1648709,0.1486688,0.055383,0.9734722,17.72971,18.84783,9.478132,0.2729503,0.02764804,-0.9616305,0.4375135,0.0009621314,-0.1042157,1.442177,-0.3200065,-2.764148,0.03550839,-0.06346396,1.350385,0.9496607,0.1568499,-0.2711877,-0.05880532,0.9395006,0.3374619,0.3077118,-0.304527,0.9014304,moving,20.81101,-24.44263,1.506247,-2.690747
1841,05/08/2023 17:08:23.912500,2082,True,True,True,True,Eyes,1.136611,0.1101149,-3.7774,0.3211681,-0.3914578,0.8623294,0.0,0.0,0.0,0.0,0.0,0.0,0.0,-2.18163,1.2314,3.099344,1.24042,0.1210128,-3.7853,0.1640089,0.1421434,0.05520707,0.9746019,17.69753,18.0495,9.317035,0.2743412,0.02766653,-0.9612341,0.4112627,0.0009044035,-0.09796276,1.444351,-0.321802,-2.764413,0.03660995,-0.07086545,1.349049,0.9534949,0.1542354,-0.2589575,-0.06098427,0.9401065,0.3353814,0.2951753,-0.3039921,0.9057927,moving,20.42747,-24.41586,1.554488,-3.006979
1842,05/08/2023 17:08:23.922663,2083,True,True,True,True,Eyes,1.142011,0.1104073,-3.77743,0.3151986,-0.3921205,0.8642287,0.0,0.0,0.0,0.0,0.0,0.0,0.0,-2.154336,1.220219,3.126742,1.251924,0.1206937,-3.784803,0.1626747,0.1359994,0.05404299,0.9757666,17.62378,17.27309,9.037848,0.2757115,0.0276905,-0.9608413,0.386587,0.0008501393,-0.092085,1.446587,-0.3236484,-2.764684,0.04013336,-0.07124335,1.348175,0.9571671,0.149714,-0.2478244,-0.06121939,0.9412326,0.3321648,0.2829901,-0.3027655,0.9100822,moving,20.03776,-24.40489,1.705115,-3.024941
1843,05/08/2023 17:08:23.942594,2084,True,True,True,True,Eyes,1.147661,0.1106536,-3.777428,0.308995,-0.3927444,0.8661835,0.0,0.0,0.0,0.0,0.0,0.0,0.0,-2.126641,1.21582,3.151537,1.26351,0.1200693,-3.784459,0.1622555,0.1299059,0.05291706,0.976728,17.65054,16.51835,8.784376,0.2770702,0.02771836,-0.9604495,0.3633918,0.0007991309,-0.0865599,1.44863,-0.3253358,-2.764933,0.04384923,-0.069094,1.347061,0.9606485,0.145527,-0.2365933,-0.06121521,0.9417459,0.3307075,0.2709377,-0.3032105,0.9135952,moving,19.63293,-24.39046,1.864421,-2.936265
1844,05/08/2023 17:08:23.962526,2085,True,True,True,True,Eyes,1.153521,0.1108284,-3.77739,0.3027654,-0.3934217,0.8680741,0.0,0.0,0.0,0.0,0.0,0.0,0.0,-2.09886,1.210419,3.176014,1.275249,0.1192305,-3.783771,0.1614965,0.1238746,0.05215841,0.9776776,17.62951,15.77333,8.568776,0.2784239,0.02774849,-0.9600571,0.3415883,0.0007511831,-0.08136631,1.45074,-0.3270782,-2.765189,0.04575396,-0.06964684,1.345619,0.9638692,0.1419988,-0.225372,-0.06197758,0.9423967,0.3287052,0.2590656,-0.3028609,0.9171479,moving,19.22766,-24.38061,1.94743,-2.962883
1845,05/08/2023 17:08:23.972932,2086,True,True,True,True,Eyes,1.159612,0.1109202,-3.777333,0.2963585,-0.3941231,0.8699647,0.0,0.0,0.0,0.0,0.0,0.0,0.0,-2.073594,1.199175,3.200756,1.287059,0.1178618,-3.783152,0.1599102,0.1181541,0.05123392,0.9786947,17.51164,15.05194,8.324694,0.2797786,0.02777885,-0.9596623,0.321093,0.0007061121,-0.07648433,1.452795,-0.3287753,-2.765439,0.04683059,-0.06374612,1.344916,0.9668294,0.1380728,-0.2148879,-0.06249664,0.9436076,0.3251135,0.2476592,-0.3008995,0.9209367,moving,18.81171,-24.37212,1.99426,-2.713667
1846,05/08/2023 17:08:23.992871,2087,True,True,True,True,Eyes,1.165897,0.1109333,-3.777256,0.2899972,-0.3951097,0.8716594,0.0,0.0,0.0,0.0,0.0,0.0,0.0,-2.048887,1.201662,3.219811,1.298784,0.115989,-3.7827,0.1601184,0.1127412,0.05053981,0.9793352,17.59119,14.39672,8.147502,0.2811389,0.02780727,-0.9592639,0.3018274,0.0006637453,-0.07189527,1.454904,-0.3305172,-2.765696,0.04723907,-0.05518275,1.344233,0.9694703,0.1350947,-0.2046382,-0.06288692,0.9436157,0.325015,0.2370076,-0.3022233,0.923303,moving,18.40205,-24.38405,2.012662,-2.350758
1847,05/08/2023 17:08:24.012447,2088,True,True,True,True,Eyes,1.172397,0.1108549,-3.777167,0.2833894,-0.3961764,0.8733469,0.0,0.0,0.0,0.0,0.0,0.0,0.0,-2.019068,1.211285,3.239182,1.310381,0.1142713,-3.782326,0.161036,0.1067874,0.05049963,0.979854,17.74601,13.69801,8.049021,0.2825091,0.02783193,-0.9588606,0.2837177,0.0006239206,-0.06758156,1.457027,-0.3322703,-2.765954,0.04950464,-0.05531952,1.342914,0.9720925,0.1333577,-0.1930075,-0.06457131,0.9430344,0.3263689,0.2255365,-0.304798,0.9253278,moving,17.97755,-24.40047,2.111173,-2.358889
1848,05/08/2023 17:08:24.022876,2089,True,True,True,True,Eyes,1.179091,0.1106862,-3.777071,0.2767419,-0.3975351,0.8748599,0.0,0.0,0.0,0.0,0.0,0.0,0.0,-1.984511,1.222406,3.260642,1.322145,0.1120312,-3.782027,0.1620672,0.1001625,0.05046697,0.9803852,17.91867,12.92054,7.939062,0.2838933,0.02785085,-0.9584511,0.2666947,0.0005864854,-0.06352666,1.459332,-0.3341738,-2.766234,0.05101681,-0.05066866,1.342118,0.9748411,0.1314202,-0.1800375,-0.06648803,0.9423746,0.3278863,0.2127536,-0.3076667,0.9274034,moving,17.55357,-24.43698,2.176889,-2.162047
1849,05/08/2023 17:08:24.042625,2090,True,True,True,True,Eyes,1.185999,0.1104215,-3.776962,0.269879,-0.3988829,0.876389,0.0,0.0,0.0,0.0,0.0,0.0,0.0,-1.950259,1.238804,3.279687,1.334055,0.1098312,-3.781895,0.1638914,0.09362792,0.05033617,0.9807343,18.18234,12.16141,7.829424,0.2852938,0.02786228,-0.9580348,0.250693,0.0005512962,-0.05971506,1.461334,-0.3358268,-2.766477,0.05153424,-0.03998622,1.341519,0.9774002,0.1294225,-0.1671489,-0.06804319,0.9412117,0.3308936,0.2001475,-0.3120421,0.9287468,moving,17.11592,-24.47236,2.199927,-1.707292
1850,05/08/2023 17:08:24.062440,2091,True,True,True,True,Eyes,1.193153,0.1100649,-3.776845,0.2629205,-0.4002654,0.8778726,0.0,0.0,0.0,0.0,0.0,0.0,0.0,-1.914858,1.246524,3.301995,1.346182,0.1072666,-3.781529,0.163936,0.08702595,0.05127542,0.981286,18.22876,11.39191,7.815856,0.2867141,0.02786452,-0.9576106,0.2356514,0.0005182184,-0.05613216,1.463419,-0.3375487,-2.766731,0.05086738,-0.03509155,1.340691,0.9795946,0.1291651,-0.1539829,-0.07209833,0.9409916,0.3306609,0.1876065,-0.3128118,0.9311029,moving,16.67282,-24.51058,2.172827,-1.49933
1851,05/08/2023 17:08:24.073200,2092,True,True,True,True,Eyes,1.200509,0.1096349,-3.776722,0.2557643,-0.4017138,0.879324,0.0,0.0,0.0,0.0,0.0,0.0,0.0,-1.879753,1.253667,3.323942,1.358474,0.1046224,-3.781183,0.1637895,0.08051315,0.05244539,0.9818047,18.25058,10.63551,7.828505,0.2881575,0.02785612,-0.9571776,0.2215123,0.0004871253,-0.05276423,1.465647,-0.3393885,-2.767001,0.05153251,-0.03308296,1.339992,0.9815342,0.1293567,-0.1409164,-0.07660783,0.940845,0.3300636,0.1752764,-0.3131734,0.9333813,moving,16.21785,-24.553,2.202357,-1.414284
1852,05/08/2023 17:08:24.092627,2093,True,True,True,True,Eyes,1.208104,0.1091397,-3.776584,0.2484789,-0.4030505,0.8807999,0.0,0.0,0.0,0.0,0.0,0.0,0.0,-1.841272,1.270898,3.343679,1.37081,0.1024444,-3.78101,0.1648795,0.07373161,0.05416779,0.9820613,18.41248,9.872579,7.918134,0.2896268,0.02783624,-0.9567345,0.2082216,0.0004578978,-0.04959837,1.467734,-0.3411117,-2.767255,0.05357313,-0.02958781,1.339077,0.983259,0.1307058,-0.1269556,-0.08207851,0.9397612,0.3318313,0.1626802,-0.3158558,0.9347568,moving,15.75407,-24.58864,2.291039,-1.265783
1853,05/08/2023 17:08:24.112407,2094,True,True,True,True,Eyes,1.215906,0.10857,-3.776453,0.2409643,-0.404429,0.8822548,0.0,0.0,0.0,0.0,0.0,0.0,0.0,-1.798194,1.271744,3.371408,1.383658,0.1003064,-3.780563,0.1634216,0.06620163,0.05642802,0.9827139,18.28369,9.00127,8.024121,0.2911241,0.02780439,-0.9562808,0.1957283,0.0004304239,-0.04662247,1.470165,-0.3431194,-2.76755,0.05546284,-0.02998391,1.338103,0.9848664,0.1325428,-0.1116714,-0.08926765,0.9402184,0.3286647,0.1485576,-0.3137222,0.9378214,moving,15.27624,-24.6269,2.373485,-1.283656
1854,05/08/2023 17:08:24.122990,2095,True,True,True,True,Eyes,1.223932,0.1079534,-3.776328,0.2333683,-0.4058665,0.8836354,0.0,0.0,0.0,0.0,0.0,0.0,0.0,-1.75583,1.28579,3.393739,1.396547,0.09796073,-3.780704,0.1640487,0.05884954,0.05812714,0.9829782,18.40133,8.16528,8.09311,0.2926511,0.02775982,-0.9558159,0.1839846,0.0004045985,-0.04382512,1.472003,-0.3446374,-2.767774,0.05635762,-0.03633758,1.336241,0.986316,0.1335838,-0.09662426,-0.09496702,0.9394186,0.329354,0.134767,-0.315671,0.9392495,moving,14.79405,-24.67,2.41509,-1.557711
1855,05/08/2023 17:08:24.142677,2096,True,True,True,True,Eyes,1.232167,0.1072845,-3.776192,0.2255323,-0.407237,0.8850386,0.0,0.0,0.0,0.0,0.0,0.0,0.0,-1.712424,1.304921,3.413998,1.409662,0.09623004,-3.780765,0.1655847,0.0513792,0.05959482,0.9830517,18.62862,7.321043,8.140646,0.2942096,0.02770259,-0.955339,0.1729455,0.0003803226,-0.04119562,1.474076,-0.3463494,-2.768026,0.05576831,-0.04203269,1.334418,0.9876173,0.1341848,-0.08128083,-0.1001543,0.9380603,0.3316805,0.1207528,-0.3194327,0.9398838,moving,14.29628,-24.7088,2.393126,-1.804157
1856,05/08/2023 17:08:24.162577,2097,True,True,True,True,Eyes,1.240621,0.1065426,-3.776053,0.2175624,-0.408408,0.8864928,0.0,0.0,0.0,0.0,0.0,0.0,0.0,-1.669703,1.307104,3.439434,1.423053,0.09429618,-3.780498,0.1647309,0.043857,0.06107412,0.9834685,18.5818,6.444253,8.162413,0.2958011,0.02763263,-0.9548495,0.1625688,0.0003575032,-0.03872388,1.476292,-0.3481796,-2.768295,0.05398691,-0.04578906,1.332515,0.988693,0.1345781,-0.06614237,-0.1056797,0.9382674,0.3293723,0.1063855,-0.3186582,0.9418806,moving,13.78896,-24.73557,2.320072,-1.968074
1857,05/08/2023 17:08:24.172834,2098,True,True,True,True,Eyes,1.249286,0.1057663,-3.775907,0.209514,-0.4097033,0.8878328,0.0,0.0,0.0,0.0,0.0,0.0,0.0,-1.631825,1.303698,3.464302,1.436802,0.09181004,-3.78035,0.1633538,0.03682613,0.06180507,0.9839409,18.47608,5.606589,8.101086,0.2974269,0.02754934,-0.9543467,0.1528147,0.0003360531,-0.03640044,1.478428,-0.3499428,-2.768555,0.05233109,-0.04917082,1.330447,0.9896479,0.1336564,-0.05227729,-0.1095937,0.9389914,0.3260129,0.09266165,-0.3169088,0.9439188,moving,13.27795,-24.77164,2.25248,-2.116581
1858,05/08/2023 17:08:24.192516,2099,True,True,True,True,Eyes,1.258148,0.1050407,-3.775731,0.2016528,-0.41115,0.8889835,0.0,0.0,0.0,0.0,0.0,0.0,0.0,-1.606077,1.320949,3.475227,1.450605,0.09025441,-3.780105,0.1652858,0.03157714,0.06187548,0.9837962,18.74201,5.003091,8.023876,0.2990884,0.02745315,-0.9538302,0.1436458,0.0003158899,-0.03421642,1.480649,-0.3517768,-2.768825,0.05152267,-0.05050454,1.328323,0.9903486,0.1321842,-0.04167667,-0.1113072,0.9377041,0.3291228,0.08258522,-0.3213073,0.943367,moving,12.78043,-24.82028,2.221262,-2.177411
1859,05/08/2023 17:08:24.212772,2100,True,True,True,True,Eyes,1.267206,0.1043977,-3.775517,0.1936994,-0.4125267,0.8901137,0.0,0.0,0.0,0.0,0.0,0.0,0.0,-1.575476,1.357928,3.47984,1.464322,0.09080831,-3.779271,0.1689588,0.02641156,0.0650661,0.9831184,19.19451,4.489106,8.332444,0.3007855,0.02734666,-0.9532993,0.1350271,0.0002969365,-0.03216343,1.482731,-0.3534961,-2.769078,0.05122393,-0.04946467,1.326007,0.9901376,0.1368603,-0.0299444,-0.1190104,0.9344386,0.3356501,0.07391836,-0.3287761,0.9415107,moving,12.27685,-24.86555,2.212249,-2.136342
1860,05/08/2023 17:08:24.222213,2101,True,True,True,True,Eyes,1.276459,0.1037768,-3.775291,0.185721,-0.4138135,0.891216,0.0,0.0,0.0,0.0,0.0,0.0,0.0,-1.531918,1.368244,3.499938,1.478177,0.09208832,-3.778219,0.1680951,0.01961723,0.07048289,0.9830522,19.13087,3.778813,8.838971,0.3025199,0.0272329,-0.9527537,0.1269254,0.0002791203,-0.03023363,1.484919,-0.3553037,-2.769344,0.04925913,-0.0478358,1.323729,0.9892946,0.1451718,-0.01487387,-0.1319816,0.9335524,0.3332577,0.06226516,-0.327727,0.9427184,moving,11.77143,-24.9066,2.13113,-2.069606
1861,05/08/2023 17:08:24.242630,2102,True,True,True,True,Eyes,1.2859,0.1032527,-3.775067,0.1776884,-0.41578,0.8919383,0.0,0.0,0.0,0.0,0.0,0.0,0.0,-1.483065,1.384362,3.520181,1.492409,0.09202063,-3.777812,0.1689491,0.0117181,0.07327891,0.9828271,19.29173,2.902581,9.021516,0.3042913,0.02711319,-0.9521928,0.1193099,0.000262373,-0.02841961,1.486956,-0.3569854,-2.769591,0.04567754,-0.04872507,1.320806,0.9889857,0.1480005,0.001727088,-0.1400815,0.9321728,0.333813,0.04779454,-0.3303781,0.9426377,moving,11.26674,-24.99273,1.980676,-2.112707
1862,05/08/2023 17:08:24.262226,2103,True,True,True,True,Eyes,1.295531,0.1028378,-3.774779,0.1695215,-0.4174562,0.8927445,0.0,0.0,0.0,0.0,0.0,0.0,0.0,-1.44252,1.45813,3.513084,1.506448,0.09396674,-3.777639,0.1783273,0.005519043,0.07547057,0.9810571,20.43017,2.308474,9.213992,0.3061002,0.02699048,-0.9516164,0.1121513,0.0002466307,-0.02671443,1.489094,-0.3587511,-2.769851,0.04067045,-0.0468086,1.318082,0.9885474,0.1500503,0.01608793,-0.1461135,0.9250071,0.3507316,0.03774592,-0.3490655,0.9363378,moving,10.75177,-25.06125,1.767346,-2.033871
1863,05/08/2023 17:08:24.272668,2104,True,True,True,True,Eyes,1.305334,0.1024987,-3.774477,0.1611836,-0.4190738,0.8935307,0.0,0.0,0.0,0.0,0.0,0.0,0.0,-1.394798,1.461965,3.535087,1.52081,0.09612872,-3.775915,0.1774266,-0.002091986,0.07930294,0.9809316,20.39061,1.469429,9.508277,0.3079466,0.02686783,-0.9510239,0.1054222,0.0002318328,-0.02511157,1.491261,-0.3605406,-2.770115,0.03617793,-0.04511657,1.315062,0.9874133,0.1548392,0.03224509,-0.1563239,0.9244617,0.3477549,0.02403671,-0.3484185,0.9370309,moving,10.22559,-25.12699,1.575834,-1.964908
1864,05/08/2023 17:08:24.292682,2105,True,True,True,True,Eyes,1.315309,0.1022463,-3.774133,0.1527109,-0.4206575,0.8942744,0.0,0.0,0.0,0.0,0.0,0.0,0.0,-1.356089,1.461288,3.555918,1.53486,0.09760602,-3.77539,0.1767782,-0.008920466,0.08063325,0.9809018,20.37987,0.672856,9.519605,0.3098304,0.02674711,-0.9504152,0.09909689,0.0002179228,-0.02360487,1.493369,-0.3622817,-2.770371,0.03051901,-0.04896218,1.311333,0.9868374,0.1550327,0.04600861,-0.1613405,0.9244955,0.3453656,0.0110082,-0.3482427,0.9373398,moving,9.690649,-25.19181,1.33322,-2.1383
1865,05/08/2023 17:08:24.312828,2106,True,True,True,True,Eyes,1.325413,0.1020955,-3.773733,0.144088,-0.422146,0.8950036,0.0,0.0,0.0,0.0,0.0,0.0,0.0,-1.322484,1.485547,3.563126,1.54857,0.09940173,-3.774086,0.1802476,-0.01499931,0.08048081,0.9802086,20.84093,359.976,9.383156,0.3117515,0.0266303,-0.9497901,0.0,0.0,0.0,1.495506,-0.3640463,-2.770631,0.02467328,-0.04923677,1.307579,0.9865957,0.1523688,0.05841785,-0.1631831,0.9220673,0.3509462,-0.0003919641,-0.3557748,0.9345716,moving,9.145658,-25.25183,1.081011,-2.156449
1866,05/08/2023 17:08:24.322436,2107,True,True,True,True,Eyes,1.335639,0.1019963,-3.773289,0.1353396,-0.4233649,0.8957931,1.118585,1.487028,-0.3715734,-2.771269,-0.9882137,-0.1528256,0.008840443,-0.07428868,-0.07607311,1.104829,1.561868,0.1016971,-3.772451,0.1792254,-0.02112536,0.08000358,0.9803221,20.7798,359.2191,9.187901,0.3137091,0.02651951,-0.9491484,0.0,0.0,0.0,1.49772,-0.3658746,-2.7709,0.01813483,-0.04849666,1.30367,0.9863063,0.1492862,0.07009666,-0.1644309,0.9229554,0.3480169,-0.01274198,-0.3547774,0.934864,moving,8.591472,-25.2961,0.7969673,-2.130427
1867,05/08/2023 17:08:24.342628,2108,True,True,True,True,Eyes,1.345964,0.1019434,-3.772813,0.1265677,-0.4247896,0.8964008,1.115552,1.487157,-0.3719316,-2.772831,-0.9796313,-0.1767121,-0.09536903,-0.07498673,-0.07824743,1.103504,1.574889,0.1027751,-3.771042,0.1787948,-0.0267784,0.07918545,0.9803291,20.78096,358.5176,8.96417,0.315702,0.02641545,-0.9484903,0.0,0.0,0.0,1.499797,-0.3675897,-2.771152,0.01142347,-0.04875708,1.29949,0.9860252,0.1456799,0.08081917,-0.1648313,0.9235242,0.3463145,-0.0241874,-0.3547963,0.9346307,moving,8.036777,-25.3555,0.5036588,-2.148738
1868,05/08/2023 17:08:24.362582,2109,True,True,True,True,Eyes,1.356382,0.1019554,-3.772286,0.1176361,-0.4260829,0.8970034,1.113312,1.487347,-0.3724077,-2.773642,-0.9665706,-0.2083839,-0.1493903,-0.0763967,-0.07213086,1.103747,1.587649,0.1039178,-3.76981,0.1819847,-0.03158933,0.07824809,0.9796739,21.19327,357.9462,8.74894,0.3177287,0.02631856,-0.947816,0.0,0.0,0.0,1.501846,-0.3692819,-2.771401,0.004453182,-0.04799497,1.295039,0.9857587,0.1418177,0.09037441,-0.1648128,0.9215176,0.3516277,-0.03341458,-0.361515,0.9317673,moving,7.471327,-25.40805,0.1970192,-2.122447
1960,05/08/2023 17:08:25.892621,2201,True,True,True,True,Eyes,2.080594,0.0938348,-3.334922,-0.6827316,-0.4694174,0.5599328,0.0,0.0,0.0,0.0,0.0,0.0,0.0,2.289023,0.8537543,2.943869,2.290914,0.1026558,-3.062037,0.1252794,-0.5784216,0.1740178,0.7870524,23.48532,289.0574,8.085135,0.5143278,0.02375563,-0.8572642,0.0,0.0,0.0,1.501846,-0.3692818,-2.771401,-0.04109275,-0.04293707,1.042811,0.2702926,0.1289937,0.9540977,-0.4188507,0.9080458,-0.004108487,-0.8668943,-0.3985141,0.2994672,moving,-50.64359,-39.97465,-2.256616,-2.357785
1961,05/08/2023 17:08:25.912692,2202,True,True,True,True,Eyes,2.089062,0.09406573,-3.323069,-0.6922709,-0.4685024,0.5488776,0.0,0.0,0.0,0.0,0.0,0.0,0.0,2.302794,0.8225188,2.934619,2.295347,0.1029961,-3.051583,0.1215725,-0.5819389,0.1745367,0.7849231,23.20298,288.5983,8.288682,0.5158185,0.02376693,-0.8563678,0.0,0.0,0.0,1.498936,-0.3692973,-2.771305,-0.04351029,-0.04340208,1.038865,0.2617683,0.1325003,0.9559922,-0.4154914,0.9095141,-0.01228919,-0.8711167,-0.3939896,0.2931347,moving,-51.59032,-40.48289,-2.398289,-2.392331
1962,05/08/2023 17:08:25.922667,2203,True,True,True,True,Eyes,2.097356,0.09430395,-3.311221,-0.7016283,-0.4675505,0.5376935,0.0,0.0,0.0,0.0,0.0,0.0,0.0,2.32568,0.7944347,2.916806,2.299628,0.1032471,-3.041171,0.1185476,-0.5864244,0.1760672,0.7816991,23.06886,287.9869,8.514791,0.5174522,0.02378641,-0.8553811,0.0,0.0,0.0,1.495905,-0.3693134,-2.771206,-0.04548272,-0.04575408,1.035033,0.2502136,0.1362247,0.9585593,-0.4143014,0.9098936,-0.0211631,-0.87507,-0.3918372,0.2841058,moving,-52.53522,-41.00854,-2.516144,-2.531136
1963,05/08/2023 17:08:25.942813,2204,True,True,True,True,Eyes,2.105464,0.0945354,-3.299448,-0.7106661,-0.4666643,0.5264772,0.0,0.0,0.0,0.0,0.0,0.0,0.0,2.347556,0.7778215,2.896049,2.303396,0.1034475,-3.030973,0.1170709,-0.5908751,0.176181,0.7785378,22.98501,287.3363,8.493978,0.5192113,0.0238135,-0.8543137,0.0,0.0,0.0,1.493076,-0.3693284,-2.771113,-0.04783848,-0.05086502,1.030841,0.2396537,0.1359787,0.9612886,-0.4126757,0.9105093,-0.02591379,-0.878786,-0.3904902,0.2743221,moving,-53.46813,-41.55347,-2.657032,-2.824867
1964,05/08/2023 17:08:25.962809,2205,True,True,True,True,Eyes,2.113392,0.09476952,-3.287699,-0.7194647,-0.4658888,0.5150905,0.0,0.0,0.0,0.0,0.0,0.0,0.0,2.368379,0.7785366,2.871262,2.307098,0.1035373,-3.020937,0.1178923,-0.5950406,0.1759345,0.7752905,23.09008,286.6816,8.281592,0.5210791,0.02384728,-0.8531749,0.0,0.0,0.0,1.490263,-0.3693433,-2.77102,-0.05071196,-0.054928,1.026626,0.2299477,0.1324994,0.9641411,-0.4131021,0.9102969,-0.02657476,-0.8811759,-0.3921779,0.2640564,moving,-54.39977,-42.1287,-2.827925,-3.0626
1965,05/08/2023 17:08:25.972600,2206,True,True,True,True,Eyes,2.121123,0.094993,-3.27603,-0.7279894,-0.4651433,0.5036597,0.0,0.0,0.0,0.0,0.0,0.0,0.0,2.38831,0.7766612,2.847591,2.310412,0.1036691,-3.011188,0.1183586,-0.5990809,0.1757078,0.772153,23.16051,286.0495,8.099267,0.5230412,0.02388719,-0.8519723,0.0,0.0,0.0,1.487257,-0.3693593,-2.770921,-0.05693093,-0.04785582,1.023551,0.2204579,0.1295339,0.9667571,-0.4131594,0.9102359,-0.02774446,-0.883571,-0.3933083,0.2541868,moving,-55.32256,-42.72331,-3.183569,-2.676898
1966,05/08/2023 17:08:25.992692,2207,True,True,True,True,Eyes,2.128681,0.09522413,-3.264379,-0.7362306,-0.464702,0.4919518,0.0,0.0,0.0,0.0,0.0,0.0,0.0,2.412377,0.7700548,2.821122,2.313494,0.1036514,-3.001379,0.1183114,-0.6036963,0.1757009,0.7685587,23.20353,285.3373,7.956506,0.5250837,0.02393237,-0.8507137,0.0,0.0,0.0,1.484497,-0.3693739,-2.77083,-0.05819359,-0.05330393,1.02053,0.2093602,0.1272246,0.9695268,-0.4129213,0.9102632,-0.0302814,-0.886377,-0.3939985,0.2431067,moving,-56.24902,-43.3684,-3.263639,-2.989935
1967,05/08/2023 17:08:26.012942,2208,True,True,True,True,Eyes,2.136043,0.09546813,-3.252801,-0.7441216,-0.4644755,0.4801516,0.0,0.0,0.0,0.0,0.0,0.0,0.0,2.439798,0.7787735,2.787378,2.316601,0.1039164,-2.991845,0.1205056,-0.6082455,0.1774392,0.7642195,23.58059,284.6007,7.814377,0.5271959,0.02398252,-0.8494049,0.0,0.0,0.0,1.481157,-0.3693916,-2.77072,-0.05900389,-0.06894353,1.015656,0.1971057,0.124611,0.9724309,-0.4177988,0.9079875,-0.03166769,-0.8869012,-0.4000385,0.2310318,moving,-57.16748,-44.04927,-3.324825,-3.883325
1968,05/08/2023 17:08:26.022924,2209,True,True,True,True,Eyes,2.143225,0.09570557,-3.241281,-0.7516929,-0.4644512,0.4682338,0.0,0.0,0.0,0.0,0.0,0.0,0.0,2.467895,0.7856299,2.752167,2.319327,0.1045329,-2.981936,0.1225762,-0.6129951,0.1790243,0.759712,23.93671,283.8262,7.654073,0.5293658,0.02403751,-0.8480527,0.0,0.0,0.0,1.47856,-0.3694054,-2.770635,-0.06343725,-0.03792426,1.016526,0.1843746,0.1217365,0.9752877,-0.422291,0.9058508,-0.03323675,-0.8875112,-0.4057273,0.2184241,moving,-58.08099,-44.76764,-3.570966,-2.136584
1969,05/08/2023 17:08:26.042437,2210,True,True,True,True,Eyes,2.150217,0.09595187,-3.229829,-0.7588595,-0.4646549,0.4563202,0.0,0.0,0.0,0.0,0.0,0.0,0.0,2.492293,0.7900497,2.720511,2.322193,0.104628,-2.972096,0.1241483,-0.6173018,0.1805522,0.7555968,24.23767,283.1245,7.535182,0.5315846,0.02409673,-0.846662,0.0,0.0,0.0,1.475899,-0.3694196,-2.770547,-0.0671733,-0.0540839,1.011696,0.1726786,0.1195755,0.9776931,-0.4261234,0.9039761,-0.03529832,-0.8880321,-0.4105226,0.2070513,moving,-58.98051,-45.51851,-3.798678,-3.060043
1970,05/08/2023 17:08:26.062727,2211,True,True,True,True,Eyes,2.156998,0.09622969,-3.218478,-0.7657896,-0.4647516,0.444491,0.0,0.0,0.0,0.0,0.0,0.0,0.0,2.512977,0.8004462,2.689632,2.324682,0.1051551,-2.96221,0.1265345,-0.6209131,0.1828136,0.7516882,24.6612,282.5138,7.441675,0.5338427,0.02416,-0.8452383,0.0,0.0,0.0,1.472983,-0.369435,-2.770452,-0.07410428,-0.06590104,1.009202,0.1620924,0.1177038,0.9797305,-0.4319714,0.9011365,-0.03679372,-0.8872015,-0.4172516,0.196912,moving,-59.86763,-46.2765,-4.19961,-3.736118
1971,05/08/2023 17:08:26.072354,2212,True,True,True,True,Eyes,2.163561,0.0965298,-3.20718,-0.7725595,-0.4646724,0.4327025,0.0,0.0,0.0,0.0,0.0,0.0,0.0,2.530612,0.795903,2.665243,2.326591,0.1063021,-2.952399,0.1268749,-0.6244699,0.1840723,0.7483699,24.82158,281.9468,7.409667,0.5361314,0.02422774,-0.8437864,0.0,0.0,0.0,1.470036,-0.3694507,-2.770355,-0.07514751,-0.04715432,1.009352,0.1523095,0.1170492,0.9813773,-0.4339675,0.9000403,-0.03999651,-0.8879606,-0.419794,0.1878802,moving,-60.74727,-47.04036,-4.257886,-2.674767
1972,05/08/2023 17:08:26.092630,2213,True,True,True,True,Eyes,2.169908,0.09684227,-3.195941,-0.7793157,-0.4641636,0.4209742,0.0,0.0,0.0,0.0,0.0,0.0,0.0,2.549832,0.7691259,2.644802,2.327983,0.1071021,-2.942312,0.124165,-0.6288907,0.1835315,0.7452489,24.57664,281.2977,7.4161,0.5384436,0.02430014,-0.8423108,0.0,0.0,0.0,1.467221,-0.3694656,-2.770262,-0.07808962,-0.05491105,1.007083,0.1416255,0.1173809,0.9829365,-0.4297258,0.9017984,-0.04577482,-0.8917837,-0.4159102,0.1781593,moving,-61.62277,-47.79348,-4.433867,-3.120953
1973,05/08/2023 17:08:26.112751,2214,True,True,True,True,Eyes,2.176029,0.09715126,-3.184752,-0.7859319,-0.4634594,0.4092875,0.0,0.0,0.0,0.0,0.0,0.0,0.0,2.567896,0.7450992,2.6243,2.329284,0.1076629,-2.932415,0.1217358,-0.6332654,0.1821966,0.7422667,24.29774,280.6418,7.330774,0.5407723,0.02437712,-0.8408155,0.0,0.0,0.0,1.464286,-0.3694812,-2.770165,-0.08222556,-0.04750654,1.006913,0.1315588,0.1162947,0.9844632,-0.4246589,0.9039696,-0.05003671,-0.8957438,-0.4114784,0.1683107,moving,-62.49098,-48.55183,-4.668476,-2.701235
1974,05/08/2023 17:08:26.122522,2215,True,True,True,True,Eyes,2.181928,0.09743936,-3.173611,-0.7924736,-0.4623872,0.3977232,0.0,0.0,0.0,0.0,0.0,0.0,0.0,2.583797,0.724201,2.603918,2.330054,0.1078579,-2.922342,0.1196159,-0.6374652,0.1801571,0.739509,23.99155,280.0009,7.165139,0.5431111,0.02445818,-0.8393043,0.0,0.0,0.0,1.461357,-0.3694968,-2.770069,-0.08532447,-0.0447948,1.005838,0.122363,0.1139536,0.9859218,-0.4189576,0.9064708,-0.05277367,-0.8997232,-0.4066019,0.1586602,moving,-63.34904,-49.29947,-4.848747,-2.54997
1975,05/08/2023 17:08:26.142886,2216,True,True,True,True,Eyes,2.187603,0.09769549,-3.162514,-0.7988372,-0.4612389,0.3861578,0.0,0.0,0.0,0.0,0.0,0.0,0.0,2.601321,0.6994326,2.582473,2.330738,0.1075962,-2.912271,0.1169606,-0.6418908,0.1783882,0.7365285,23.65954,279.3363,7.062921,0.5454554,0.02454245,-0.8377802,0.0,0.0,0.0,1.458304,-0.369513,-2.769969,-0.08918518,-0.0535199,1.004364,0.1123078,0.1126241,0.9872704,-0.4129277,0.9089957,-0.05672184,-0.9038128,-0.401301,0.148593,moving,-64.20088,-50.0633,-5.074424,-3.050257
1976,05/08/2023 17:08:26.162485,2217,True,True,True,True,Eyes,2.193056,0.09791985,-3.151475,-0.8049486,-0.46005,0.3747156,0.0,0.0,0.0,0.0,0.0,0.0,0.0,2.620317,0.6830168,2.556427,2.33113,0.1070717,-2.902113,0.1155171,-0.64629,0.1774742,0.7331222,23.50167,278.6505,6.946201,0.5477999,0.02462884,-0.8362466,0.0,0.0,0.0,1.455623,-0.3695272,-2.76988,-0.09252754,-0.0569706,1.003008,0.1016243,0.1109054,0.9886216,-0.4095355,0.9103175,-0.06002329,-0.9066164,-0.3987758,0.1379301,moving,-65.03732,-50.83681,-5.270621,-3.250892
1977,05/08/2023 17:08:26.172264,2218,True,True,True,True,Eyes,2.198285,0.09812375,-3.14046,-0.8107985,-0.4589604,0.3632646,0.0,0.0,0.0,0.0,0.0,0.0,0.0,2.638695,0.6765397,2.527554,2.331355,0.1066132,-2.891775,0.1154848,-0.6503786,0.1774191,0.7295161,23.53287,277.9838,6.805411,0.5501401,0.02471638,-0.8347063,0.0,0.0,0.0,1.452775,-0.3695423,-2.769787,-0.09580603,-0.05937934,1.001944,0.09106053,0.1086424,0.9899015,-0.4090778,0.9103714,-0.06228304,-0.9079447,-0.3992752,0.1273421,moving,-65.86604,-51.63858,-5.462027,-3.391619
1978,05/08/2023 17:08:26.192629,2219,True,True,True,True,Eyes,2.203277,0.09830508,-3.129435,-0.8164369,-0.4578761,0.3518241,0.0,0.0,0.0,0.0,0.0,0.0,0.0,2.656789,0.6744622,2.496858,2.331275,0.1063535,-2.881245,0.1161291,-0.6543528,0.1777647,0.725766,23.65364,277.3179,6.648569,0.5524727,0.02480449,-0.8331616,0.0,0.0,0.0,1.449931,-0.3695574,-2.769693,-0.09917963,-0.05883528,1.00148,0.08044432,0.1060523,0.9911013,-0.4100099,0.9098275,-0.0640765,-0.9085267,-0.4012067,0.1166729,moving,-66.68752,-52.46195,-5.655737,-3.362169
1979,05/08/2023 17:08:26.212391,2220,True,True,True,True,Eyes,2.208034,0.09844574,-3.118436,-0.821877,-0.456745,0.3404442,0.0,0.0,0.0,0.0,0.0,0.0,0.0,2.669009,0.6718809,2.471717,2.330592,0.1059261,-2.870808,0.1164268,-0.6578007,0.1765147,0.7229009,23.61275,276.7368,6.393579,0.5547944,0.02489264,-0.8316148,0.0,0.0,0.0,1.447057,-0.3695727,-2.769598,-0.1030303,-0.05631208,1.001087,0.07228161,0.102034,0.9921515,-0.4083764,0.9105748,-0.0638929,-0.9099474,-0.4005529,0.1074861,moving,-67.49931,-53.30025,-5.876106,-3.219549
1980,05/08/2023 17:08:26.232201,2221,True,True,True,True,Eyes,2.212536,0.09853921,-3.107481,-0.8270816,-0.4555124,0.3293092,0.0,0.0,0.0,0.0,0.0,0.0,0.0,2.680765,0.6654469,2.447666,2.329742,0.1050935,-2.860358,0.1161238,-0.6612471,0.1752428,0.7201096,23.51575,276.1689,6.186488,0.5571019,0.02497982,-0.8300681,0.0,0.0,0.0,1.444047,-0.3695886,-2.769499,-0.1057855,-0.05271673,1.001497,0.06408454,0.09881503,0.9930403,-0.405961,0.9116105,-0.06451394,-0.9116409,-0.3990012,0.09853519,moving,-68.28963,-54.13524,-6.029644,-3.013151
1981,05/08/2023 17:08:26.242449,2222,True,True,True,True,Eyes,2.216794,0.09857599,-3.09654,-0.8321102,-0.4542168,0.3182449,0.0,0.0,0.0,0.0,0.0,0.0,0.0,2.691009,0.6534445,2.425897,2.32827,0.1040877,-2.84988,0.1150043,-0.6645141,0.1741758,0.7175362,23.36105,275.6506,6.072249,0.5593925,0.02506501,-0.8285236,0.0,0.0,0.0,1.441242,-0.3696035,-2.769407,-0.1081374,-0.04812166,1.00168,0.05616779,0.09711086,0.9936875,-0.4027987,0.9128736,-0.06644504,-0.9135637,-0.3965239,0.09039018,moving,-69.07038,-54.98317,-6.161564,-2.75043
1982,05/08/2023 17:08:26.262418,2223,True,True,True,True,Eyes,2.220798,0.09854394,-3.085587,-0.836912,-0.4529442,0.3072782,0.0,0.0,0.0,0.0,0.0,0.0,0.0,2.702374,0.6399984,2.402651,2.326682,0.1027495,-2.839217,0.1137069,-0.6679355,0.1734695,0.7147318,23.22062,275.1108,6.000594,0.5616635,0.02514699,-0.8269833,0.0,0.0,0.0,1.438352,-0.3696189,-2.769312,-0.1085871,-0.04006173,1.003051,0.04754125,0.09607043,0.9942386,-0.399866,0.9139582,-0.06919289,-0.9153398,-0.3942727,0.081866,moving,-69.83893,-55.84696,-6.178596,-2.287171
1983,05/08/2023 17:08:26.272925,2224,True,True,True,True,Eyes,2.22455,0.09843799,-3.074631,-0.8415009,-0.4516519,0.296457,0.0,0.0,0.0,0.0,0.0,0.0,0.0,2.710865,0.6258187,2.381936,2.324675,0.1010128,-2.828382,0.1121564,-0.6710201,0.1725845,0.7122974,23.04119,274.6315,5.947101,0.5639126,0.02522438,-0.8254489,0.0,0.0,0.0,1.435333,-0.3696349,-2.769212,-0.1076815,-0.03742501,1.00409,0.03989318,0.09534455,0.9946446,-0.3963813,0.915271,-0.07183789,-0.9172188,-0.3913927,0.07430591,moving,-70.59286,-56.71975,-6.121167,-2.134572
1984,05/08/2023 17:08:26.292964,2225,True,True,True,True,Eyes,2.228041,0.09825823,-3.06368,-0.8458564,-0.4503721,0.2858183,0.0,0.0,0.0,0.0,0.0,0.0,0.0,2.716939,0.6149683,2.362306,2.322391,0.09912267,-2.817287,0.1110445,-0.6735831,0.1727331,0.7100131,22.97853,274.2302,5.965952,0.5661381,0.02529579,-0.8239219,0.0,0.0,0.0,1.432511,-0.3696499,-2.76912,-0.1053357,-0.03785524,1.005315,0.03289836,0.09569015,0.9948675,-0.3948808,0.9156648,-0.07501413,-0.9181433,-0.3903861,0.06791006,moving,-71.32968,-57.59969,-5.98156,-2.156461
1985,05/08/2023 17:08:26.312805,2226,True,True,True,True,Eyes,2.231267,0.09800086,-3.052726,-0.850054,-0.448979,0.2753654,0.0,0.0,0.0,0.0,0.0,0.0,0.0,2.72137,0.6010906,2.344797,2.319708,0.09717147,-2.806199,0.1094238,-0.6760277,0.1724518,0.7080069,22.83694,273.859,5.994514,0.5683386,0.02535997,-0.8224035,0.0,0.0,0.0,1.429549,-0.3696656,-2.769022,-0.1031319,-0.03991944,1.006185,0.02649415,0.09624705,0.995005,-0.3921411,0.9165736,-0.07821872,-0.9195237,-0.38811,0.06202619,moving,-72.05085,-58.4786,-5.852263,-2.271964
1986,05/08/2023 17:08:26.322403,2227,True,True,True,True,Eyes,2.23423,0.09766123,-3.041832,-0.8540235,-0.4476132,0.2651157,0.0,0.0,0.0,0.0,0.0,0.0,0.0,2.722962,0.5884367,2.329742,2.316611,0.09502419,-2.795131,0.1078006,-0.6781912,0.1713663,0.7064486,22.62818,273.5325,5.963928,0.570512,0.02541568,-0.8208956,0.0,0.0,0.0,1.426604,-0.3696812,-2.768925,-0.09951797,-0.04232185,1.007637,0.02138056,0.09590401,0.9951611,-0.3883418,0.9180253,-0.08012702,-0.9212675,-0.3847494,0.05687144,moving,-72.75401,-59.36227,-5.64045,-2.405071
1987,05/08/2023 17:08:26.342564,2228,True,True,True,True,Eyes,2.236913,0.09725383,-3.030931,-0.8578409,-0.4461518,0.2550637,0.0,0.0,0.0,0.0,0.0,0.0,0.0,2.724279,0.5797139,2.313747,2.313317,0.09284637,-2.784084,0.1067554,-0.6801892,0.1707763,0.7048274,22.50777,273.22,5.933998,0.5726563,0.02546164,-0.8193997,0.0,0.0,0.0,1.423554,-0.3696974,-2.768825,-0.09513885,-0.04413904,1.008998,0.01635622,0.09550785,0.9952944,-0.3859634,0.9188774,-0.08183212,-0.9223692,-0.3828087,0.05189192,moving,-73.4411,-60.24353,-5.386517,-2.50483
1988,05/08/2023 17:08:26.362623,2229,True,True,True,True,Eyes,2.23931,0.09678165,-3.02002,-0.8615106,-0.4446957,0.2450413,0.0,0.0,0.0,0.0,0.0,0.0,0.0,2.724727,0.5655888,2.299204,2.309312,0.09078372,-2.772941,0.1049534,-0.6821492,0.1701275,0.7033591,22.31786,272.9317,5.964829,0.5747699,0.02549711,-0.8179175,0.0,0.0,0.0,1.420939,-0.3697113,-2.768739,-0.0903967,-0.04552729,1.010265,0.01145831,0.09613363,0.9953026,-0.3825092,0.9200828,-0.08446476,-0.9238807,-0.3797445,0.04731461,moving,-74.12254,-61.14386,-5.113107,-2.580271
1989,05/08/2023 17:08:26.382301,2230,True,True,True,True,Eyes,2.241401,0.09626696,-3.009095,-0.8650076,-0.4431898,0.2352546,0.0,0.0,0.0,0.0,0.0,0.0,0.0,2.72553,0.5459505,2.284943,2.304889,0.08872802,-2.76173,0.1023958,-0.6842359,0.1695181,0.7018547,22.06849,272.6392,6.059564,0.5768516,0.0255215,-0.8164499,0.0,0.0,0.0,1.417953,-0.3697272,-2.768641,-0.08608434,-0.04844968,1.011346,0.006169684,0.09782834,0.9951842,-0.37808,0.9215574,-0.08824674,-0.9257525,-0.3757147,0.04267268,moving,-74.78537,-62.03969,-4.865207,-2.742722
1990,05/08/2023 17:08:26.392835,2231,True,True,True,True,Eyes,2.24318,0.09570522,-2.998127,-0.8683665,-0.44174,0.2254002,0.0,0.0,0.0,0.0,0.0,0.0,0.0,2.724352,0.5278493,2.271559,2.299652,0.08716539,-2.750401,0.1001713,-0.6858276,0.1701332,0.7004721,21.94389,272.4229,6.247955,0.5789002,0.02553489,-0.8149982,0.0,0.0,0.0,1.415034,-0.3697427,-2.768545,-0.08258936,-0.0494554,1.012607,0.001390572,0.1009466,0.9948909,-0.3757474,0.9220409,-0.09302965,-0.926721,-0.3736983,0.03921264,moving,-75.44897,-62.96681,-4.662786,-2.796085
1991,05/08/2023 17:08:26.412703,2232,True,True,True,True,Eyes,2.244649,0.09509765,-2.987144,-0.8716093,-0.4401808,0.2157267,0.0,0.0,0.0,0.0,0.0,0.0,0.0,2.729331,0.4983112,2.252726,2.294034,0.08537365,-2.739061,0.09653274,-0.6884951,0.1707775,0.6982057,21.71305,272.0548,6.52357,0.5809141,0.02553722,-0.8135639,0.0,0.0,0.0,1.412201,-0.3697577,-2.768451,-0.07860893,-0.05214886,1.013573,-0.006380679,0.105551,0.9943935,-0.3714002,0.9230329,-0.1003595,-0.928451,-0.3699583,0.033312,moving,-76.09843,-63.89115,-4.43477,-2.945302
1992,05/08/2023 17:08:26.426756,2233,True,True,True,True,Eyes,2.245803,0.09443463,-2.976138,-0.8747147,-0.4387092,0.2059328,0.0,0.0,0.0,0.0,0.0,0.0,0.0,2.730566,0.4743273,2.236374,2.288079,0.08362065,-2.727645,0.09350467,-0.6906779,0.1707904,0.6964566,21.47937,271.7515,6.710229,0.5828922,0.02552845,-0.812148,0.0,0.0,0.0,1.409313,-0.369773,-2.768356,-0.07489252,-0.05390818,1.01477,-0.01241063,0.1087329,0.9939936,-0.3670593,0.9241751,-0.1056784,-0.9301148,-0.3661661,0.02844183,moving,-76.75218,-64.85435,-4.220917,-3.040897
1993,05/08/2023 17:08:26.442673,2234,True,True,True,True,Eyes,2.246635,0.09376497,-2.965119,-0.8777016,-0.4371496,0.1963166,0.0,0.0,0.0,0.0,0.0,0.0,0.0,2.733818,0.4529141,2.216127,2.281713,0.08162048,-2.716105,0.09098525,-0.6930098,0.1718103,0.6942192,21.37435,271.4102,6.935142,0.5848334,0.02550829,-0.810752,0.0,0.0,0.0,1.406563,-0.3697876,-2.768266,-0.07048327,-0.05209745,1.016229,-0.01956285,0.1124407,0.993466,-0.3646554,0.9244058,-0.111805,-0.9309372,-0.3644599,0.02291812,moving,-77.39211,-65.81595,-3.967546,-2.934725
1994,05/08/2023 17:08:26.462588,2235,True,True,True,True,Eyes,2.24711,0.09320162,-2.954087,-0.8803619,-0.4360053,0.186715,0.0,0.0,0.0,0.0,0.0,0.0,0.0,2.735243,0.4258381,2.198663,2.274856,0.08074474,-2.704723,0.08770508,-0.6952251,0.1723554,0.6922888,21.16691,271.1023,7.188394,0.5867371,0.02547777,-0.8093764,0.0,0.0,0.0,1.403632,-0.3698032,-2.768169,-0.06618232,-0.05084267,1.01789,-0.02608844,0.1166899,0.9928257,-0.3605889,0.9252028,-0.1182171,-0.9323599,-0.361086,0.01794005,moving,-78.02563,-66.81744,-3.720084,-2.859495
1995,05/08/2023 17:08:26.472265,2236,True,True,True,True,Eyes,2.247244,0.09273586,-2.943043,-0.8830644,-0.434552,0.1770925,0.0,0.0,0.0,0.0,0.0,0.0,0.0,2.73219,0.4046515,2.184174,2.266761,0.08277062,-2.693356,0.08591798,-0.6959924,0.1772605,0.690501,21.432,271.0111,7.729773,0.5886011,0.02544088,-0.8080229,0.0,0.0,0.0,1.400808,-0.3698182,-2.768076,-0.06072751,-0.05176076,1.019562,-0.03165301,0.1252006,0.9916264,-0.3643936,0.9223936,-0.128091,-0.9307069,-0.3653968,0.01642572,moving,-78.66016,-67.82769,-3.408644,-2.906276
1996,05/08/2023 17:08:26.492979,2237,True,True,True,True,Eyes,2.247079,0.09226324,-2.931937,-0.8857952,-0.4329378,0.1671275,0.0,0.0,0.0,0.0,0.0,0.0,0.0,2.74676,0.3227504,2.157113,2.258814,0.08450188,-2.681904,0.07581922,-0.700945,0.179228,0.6861524,20.81214,270.3589,8.592994,0.5904239,0.02540098,-0.8066931,0.0,0.0,0.0,1.397645,-0.369835,-2.767972,-0.05489451,-0.05102202,1.021709,-0.04689308,0.1396652,0.9890879,-0.3522456,0.9242576,-0.1472108,-0.9347323,-0.355305,0.005855152,moving,-79.31532,-68.89185,-3.075437,-2.858856
1997,05/08/2023 17:08:26.512862,2238,True,True,True,True,Eyes,2.246705,0.09180049,-2.920808,-0.8880335,-0.432046,0.1572666,0.0,0.0,0.0,0.0,0.0,0.0,0.0,2.757716,0.2709768,2.127626,2.251606,0.08366762,-2.669922,0.06913614,-0.7057183,0.1771101,0.6825058,20.1422,269.6561,8.83376,0.592206,0.02535832,-0.8053871,0.0,0.0,0.0,1.395048,-0.3698488,-2.767887,-0.04955322,-0.04864308,1.023682,-0.05881218,0.1441761,0.9878029,-0.3393386,0.9277044,-0.155608,-0.9388241,-0.3443512,-0.005635811,moving,-79.95731,-69.99828,-2.771344,-2.72052
1998,05/08/2023 17:08:26.523073,2239,True,True,True,True,Eyes,2.246069,0.09137544,-2.909712,-0.8900568,-0.4313886,0.1473186,0.0,0.0,0.0,0.0,0.0,0.0,0.0,2.766298,0.3073217,2.090864,2.246222,0.08361206,-2.658206,0.07590425,-0.7074203,0.1831648,0.6784142,21.23156,269.2372,8.708508,0.593949,0.02531348,-0.804104,0.0,0.0,0.0,1.392057,-0.3698646,-2.767788,-0.04597265,-0.04883069,1.02556,-0.06798557,0.1411308,0.9876539,-0.3559156,0.9213784,-0.1561599,-0.9320419,-0.362138,-0.01240983,moving,-80.60184,-71.14504,-2.566674,-2.726006
1999,05/08/2023 17:08:26.542848,2240,True,True,True,True,Eyes,2.245263,0.09099077,-2.898643,-0.8918487,-0.4308682,0.1376892,0.0,0.0,0.0,0.0,0.0,0.0,0.0,2.762557,0.312043,2.073072,2.239172,0.08425878,-2.646833,0.07708691,-0.7087255,0.1824777,0.6771024,21.2873,268.9873,8.5075,0.595652,0.02526776,-0.8028446,0.0,0.0,0.0,1.389252,-0.3698795,-2.767696,-0.04244062,-0.0539031,1.026972,-0.07118002,0.1378453,0.9878929,-0.3563791,0.921519,-0.1542618,-0.9316263,-0.3630447,-0.01646857,moving,-81.22361,-72.27808,-2.366457,-3.004549
2000,05/08/2023 17:08:26.562501,2241,True,True,True,True,Eyes,2.2443,0.09065093,-2.887583,-0.8932734,-0.4308995,0.1280168,0.0,0.0,0.0,0.0,0.0,0.0,0.0,2.755439,0.3233201,2.062251,2.234293,0.08488488,-2.636396,0.07910035,-0.7089686,0.183377,0.6763723,21.53193,268.9044,8.400906,0.5973166,0.02522237,-0.8016084,0.0,0.0,0.0,1.386323,-0.3698951,-2.7676,-0.03981638,-0.05429327,1.028972,-0.07252713,0.1359029,0.9880638,-0.3602216,0.9202321,-0.1530145,-0.9300432,-0.3670196,-0.01778654,moving,-81.84435,-73.45374,-2.215973,-3.020388
2001,05/08/2023 17:08:26.572274,2242,True,True,True,True,Eyes,2.243181,0.09038702,-2.876554,-0.894473,-0.4311257,0.1185276,0.0,0.0,0.0,0.0,0.0,0.0,0.0,2.754577,0.341398,2.042318,2.229553,0.08562436,-2.626227,0.08276969,-0.7094996,0.1876366,0.6742048,22.20141,268.7325,8.419281,0.5989437,0.02517856,-0.8003948,0.0,0.0,0.0,1.383375,-0.3699107,-2.767503,-0.03777224,-0.05120827,1.031373,-0.0771944,0.1355608,0.9877573,-0.3704611,0.9158834,-0.1546487,-0.9256348,-0.3778636,-0.02048107,moving,-82.45164,-74.62769,-2.097421,-2.842435
2002,05/08/2023 17:08:26.592626,2243,True,True,True,True,Eyes,2.241878,0.09023923,-2.865556,-0.895557,-0.4314554,0.1087378,0.0,0.0,0.0,0.0,0.0,0.0,0.0,2.758225,0.3287199,2.020848,2.224684,0.0872074,-2.615887,0.08225452,-0.7113423,0.1915843,0.6712093,22.51864,268.4152,8.727365,0.6005351,0.02513825,-0.7992027,0.0,0.0,0.0,1.380526,-0.3699258,-2.767409,-0.03568211,-0.04986805,1.033916,-0.08542457,0.1401641,0.9864364,-0.3742085,0.9130593,-0.162144,-0.9234016,-0.382984,-0.02554704,moving,-83.07708,-75.85458,-1.976586,-2.761363
2003,05/08/2023 17:08:26.614438,2244,True,True,True,True,Eyes,2.240363,0.0902022,-2.854575,-0.8967258,-0.4313766,0.09898083,0.0,0.0,0.0,0.0,0.0,0.0,0.0,2.765808,0.2879798,1.996496,2.218949,0.08986933,-2.605151,0.07807288,-0.7143564,0.1959328,0.6672407,22.58902,267.9641,9.345199,0.6020911,0.02510433,-0.7980322,0.0,0.0,0.0,1.377692,-0.3699409,-2.767316,-0.03310746,-0.04571195,1.0371,-0.09738924,0.1499249,0.9838892,-0.3730124,0.91103,-0.1757449,-0.9227011,-0.3841185,-0.03280067,moving,-83.70118,-77.07699,-1.828439,-2.523777
2004,05/08/2023 17:08:26.622693,2245,True,True,True,True,Eyes,2.238673,0.0902163,-2.843594,-0.8980227,-0.4308875,0.08883289,0.0,0.0,0.0,0.0,0.0,0.0,0.0,2.770818,0.2322021,1.975692,2.212442,0.09237339,-2.59447,0.07092313,-0.7183215,0.1943813,0.664229,21.93009,267.403,9.702423,0.6036119,0.02507931,-0.7968833,0.0,0.0,0.0,1.374797,-0.3699563,-2.76722,-0.03013024,-0.04132202,1.040539,-0.1075398,0.1563362,0.9818321,-0.3601187,0.9143716,-0.1850382,-0.9266876,-0.373475,-0.04203174,moving,-84.35065,-78.35097,-1.658614,-2.274142
2005,05/08/2023 17:08:26.642641,2246,True,True,True,True,Eyes,2.236856,0.09024345,-2.832652,-0.8992049,-0.4303764,0.07878208,0.0,0.0,0.0,0.0,0.0,0.0,0.0,2.771096,0.2005273,1.958376,2.206663,0.09343592,-2.583858,0.06653993,-0.7214475,0.190478,0.662423,21.28424,266.9346,9.659268,0.6050985,0.0250638,-0.7957556,0.0,0.0,0.0,1.371532,-0.3699736,-2.767113,-0.02755415,-0.03958229,1.044209,-0.1135365,0.1563439,0.9811556,-0.3483642,0.9185811,-0.1866846,-0.930458,-0.3629949,-0.04982793,moving,-84.99293,-79.62663,-1.511546,-2.170841
2006,05/08/2023 17:08:26.662573,2247,True,True,True,True,Eyes,2.234908,0.09030048,-2.821739,-0.9002169,-0.4300229,0.06848089,0.0,0.0,0.0,0.0,0.0,0.0,0.0,2.774544,0.1991135,1.93477,2.201808,0.09378689,-2.573776,0.06693594,-0.7239728,0.1894267,0.6599246,21.26149,266.479,9.45521,0.6065522,0.02505728,-0.7946483,0.0,0.0,0.0,1.368818,-0.369988,-2.767024,-0.02533457,-0.03813267,1.047655,-0.1200381,0.1530951,0.9808938,-0.3469343,0.9192742,-0.1859343,-0.930176,-0.362625,-0.05723407,moving,-85.6498,-80.95166,-1.385267,-2.084539
2007,05/08/2023 17:08:26.672458,2248,True,True,True,True,Eyes,2.232841,0.09038854,-2.81088,-0.9010323,-0.42983,0.05819867,0.0,0.0,0.0,0.0,0.0,0.0,0.0,2.780445,0.2092678,1.906408,2.196803,0.09451415,-2.564017,0.06926947,-0.7266312,0.1886135,0.6569885,21.41517,265.9604,9.095532,0.6079739,0.02505976,-0.793561,0.0,0.0,0.0,1.366018,-0.3700029,-2.766932,-0.02406183,-0.03634584,1.051218,-0.1271359,0.147167,0.980907,-0.3485004,0.9192534,-0.1830864,-0.9286463,-0.3651233,-0.06558233,moving,-86.30434,-82.28909,-1.311242,-1.980212
2008,05/08/2023 17:08:26.692481,2249,True,True,True,True,Eyes,2.230639,0.09051761,-2.80008,-0.9016007,-0.4299387,0.04763307,0.0,0.0,0.0,0.0,0.0,0.0,0.0,2.789282,0.2208993,1.873333,2.191887,0.09541466,-2.554367,0.07213862,-0.7296267,0.1887478,0.653311,21.69643,265.3628,8.75045,0.6093649,0.02507126,-0.792493,0.0,0.0,0.0,1.363191,-0.3700179,-2.766839,-0.02542257,-0.036391,1.054842,-0.1359617,0.1413535,0.9805783,-0.3518906,0.9183406,-0.181173,-0.9261142,-0.3696888,-0.07511822,moving,-86.97578,-83.67796,-1.380609,-1.975864
2009,05/08/2023 17:08:26.712472,2250,True,True,True,True,Eyes,2.228304,0.09069265,-2.789348,-0.9020241,-0.4300857,0.03713005,0.0,0.0,0.0,0.0,0.0,0.0,0.0,2.796885,0.2273523,1.841544,2.1864,0.09659992,-2.544772,0.07427065,-0.7325574,0.1888411,0.6497558,21.91245,264.7859,8.465985,0.6107252,0.0250921,-0.7914445,0.0,0.0,0.0,1.360334,-0.370033,-2.766745,-0.0258975,-0.0384206,1.058594,-0.1446024,0.1365862,0.9800175,-0.3542162,0.9176459,-0.1801583,-0.9239161,-0.3731894,-0.08431277,moving,-87.64287,-85.0658,-1.401407,-2.07858
2010,05/08/2023 17:08:26.726740,2251,True,True,True,True,Eyes,2.225837,0.09091725,-2.778686,-0.9022845,-0.4303294,0.02644162,0.0,0.0,0.0,0.0,0.0,0.0,0.0,2.803567,0.2267003,1.81216,2.180911,0.09790892,-2.535615,0.0752867,-0.7354583,0.188717,0.6463891,22.01912,264.2342,8.262654,0.6120555,0.02512271,-0.7904152,0.0,0.0,0.0,1.357423,-0.3700485,-2.766649,-0.02583721,-0.03286831,1.063698,-0.1530261,0.1332287,0.9792002,-0.3547097,0.9174356,-0.180258,-0.9223686,-0.374916,-0.09313414,moving,-88.32142,-86.48388,-1.39144,-1.769878
2011,05/08/2023 17:08:26.742785,2252,True,True,True,True,Eyes,2.22326,0.09118571,-2.768102,-0.9024329,-0.4305414,0.01578026,0.0,0.0,0.0,0.0,0.0,0.0,0.0,2.809339,0.2203565,1.784548,2.17531,0.09932277,-2.5266,0.07538805,-0.738364,0.18832,0.6431726,22.02879,263.6996,8.118853,0.613356,0.02516358,-0.7894051,0.0,0.0,0.0,1.354592,-0.3700635,-2.766556,-0.02785805,-0.01687678,1.069391,-0.1612916,0.1309168,0.9781852,-0.3535722,0.9177045,-0.1811223,-0.9213969,-0.3750724,-0.1017294,moving,-88.99821,-87.90093,-1.49224,-0.9041485
2012,05/08/2023 17:08:26.762709,2253,True,True,True,True,Eyes,2.220564,0.09149754,-2.757589,-0.9024562,-0.4307524,0.005018783,0.0,0.0,0.0,0.0,0.0,0.0,0.0,2.817943,0.2076122,1.753552,2.170096,0.1006463,-2.517817,0.07468317,-0.7418317,0.1882158,0.6392832,22.00801,263.075,8.050547,0.6146271,0.025215,-0.7884143,0.0,0.0,0.0,1.35174,-0.3700787,-2.766462,-0.02583417,-0.01647948,1.074534,-0.1714789,0.1298417,0.9765942,-0.351451,0.9179946,-0.1837614,-0.920368,-0.3747362,-0.1117837,moving,-89.68137,-89.33247,-1.377252,-0.8786421
2013,05/08/2023 17:08:26.772257,2254,True,True,True,True,Eyes,2.217748,0.09183844,-2.747139,-0.902365,-0.4309343,-0.005742001,0.0,0.0,0.0,0.0,0.0,0.0,0.0,2.82786,0.1911469,1.71951,2.164557,0.1019967,-2.508851,0.07353,-0.7456965,0.1881268,0.6349318,21.95906,262.3826,8.009793,0.6158689,0.02527722,-0.7874426,0.0,0.0,0.0,1.348692,-0.3700948,-2.766361,-0.02610117,-0.02202175,1.079485,-0.1829098,0.1292333,0.9745988,-0.3485575,0.9184033,-0.187198,-0.9192669,-0.3739441,-0.1229397,moving,89.63541,89.23661,-1.385101,-1.168686
2014,05/08/2023 17:08:26.792642,2255,True,True,True,True,Eyes,2.214813,0.09221409,-2.736755,-0.9021235,-0.4311611,-0.01653066,0.0,0.0,0.0,0.0,0.0,0.0,0.0,2.837012,0.175074,1.685618,2.158917,0.1030328,-2.499811,0.07239719,-0.7494575,0.1882378,0.630586,21.92903,261.7035,7.986249,0.6170826,0.02535011,-0.7864895,0.0,0.0,0.0,1.345936,-0.3701095,-2.766271,-0.02347374,-0.01512166,1.085157,-0.1942401,0.128883,0.9724506,-0.3459175,0.9186503,-0.1908472,-0.9179389,-0.3734578,-0.1338558,moving,88.95023,87.80437,-1.23921,-0.7983653
2015,05/08/2023 17:08:26.812943,2256,True,True,True,True,Eyes,2.211753,0.09261237,-2.726433,-0.9017781,-0.4313344,-0.02732916,0.0,0.0,0.0,0.0,0.0,0.0,0.0,2.844775,0.157266,1.65307,2.15308,0.1042591,-2.490681,0.07100538,-0.7530492,0.1885521,0.6263573,21.89627,261.0562,8.007956,0.6182678,0.02543368,-0.7855554,0.0,0.0,0.0,1.342931,-0.3701254,-2.766172,-0.02328563,-0.0258327,1.089264,-0.2052699,0.1292608,0.9701321,-0.343143,0.9188127,-0.1950285,-0.9165792,-0.3729274,-0.1442496,moving,88.26413,86.37461,-1.224648,-1.358557
2016,05/08/2023 17:08:26.822665,2257,True,True,True,True,Eyes,2.208564,0.09301905,-2.716165,-0.9012861,-0.4315399,-0.03816605,0.0,0.0,0.0,0.0,0.0,0.0,0.0,2.853607,0.1369345,1.618102,2.147085,0.1051876,-2.481741,0.06922849,-0.7569626,0.1886354,0.6217972,21.81878,260.3532,8.035892,0.6194246,0.0255276,-0.7846406,0.0,0.0,0.0,1.340038,-0.3701408,-2.766077,-0.02408236,-0.03383302,1.093883,-0.2171514,0.1297792,0.9674724,-0.3393927,0.9192482,-0.1994878,-0.9152367,-0.3716721,-0.1555699,moving,87.57519,84.94582,-1.261191,-1.771554
2017,05/08/2023 17:08:26.842815,2258,True,True,True,True,Eyes,2.205242,0.09342998,-2.705952,-0.9006456,-0.4317722,-0.04909463,0.0,0.0,0.0,0.0,0.0,0.0,0.0,2.862939,0.1197441,1.580404,2.140789,0.1057867,-2.472703,0.06791665,-0.7610428,0.1884994,0.6169839,21.75998,259.6037,7.998183,0.620554,0.02563127,-0.7837442,0.0,0.0,0.0,1.337175,-0.370156,-2.765983,-0.02645397,-0.03303911,1.09824,-0.2294366,0.1292272,0.9647069,-0.3359771,0.9197106,-0.2031052,-0.9134979,-0.3707192,-0.1675979,moving,86.87987,83.51305,-1.379851,-1.723148
2018,05/08/2023 17:08:26.862625,2259,True,True,True,True,Eyes,2.201777,0.09384367,-2.695764,-0.8998536,-0.4320467,-0.05999315,0.0,0.0,0.0,0.0,0.0,0.0,0.0,2.874606,0.1047862,1.536908,2.134326,0.1063113,-2.463692,0.06722151,-0.765521,0.1889419,0.6113589,21.80636,258.753,7.930779,0.6216556,0.02574392,-0.782867,0.0,0.0,0.0,1.334281,-0.3701713,-2.765887,-0.02963544,-0.03121824,1.102932,-0.2434429,0.1281036,0.9614181,-0.3339416,0.9195644,-0.207085,-0.9106143,-0.3714709,-0.1810824,moving,86.18574,82.09457,-1.539149,-1.621311
2019,05/08/2023 17:08:26.872242,2260,True,True,True,True,Eyes,2.198183,0.09423883,-2.685623,-0.8989395,-0.4322797,-0.07100739,0.0,0.0,0.0,0.0,0.0,0.0,0.0,2.885556,0.09346235,1.492589,2.127632,0.106745,-2.454542,0.06694485,-0.7700393,0.1886157,0.6057903,21.81384,257.8826,7.764189,0.6227301,0.02586494,-0.7820086,0.0,0.0,0.0,1.331378,-0.3701867,-2.765792,-0.03402966,-0.02639237,1.10761,-0.257073,0.1254229,0.9582185,-0.3316235,0.919885,-0.209374,-0.907711,-0.3715922,-0.1948844,moving,85.48357,80.67175,-1.759774,-1.364998
2020,05/08/2023 17:08:26.892718,2261,True,True,True,True,Eyes,2.19446,0.09459808,-2.675506,-0.8978583,-0.4325715,-0.08205137,0.0,0.0,0.0,0.0,0.0,0.0,0.0,2.895845,0.08453453,1.448028,2.12096,0.1067089,-2.445401,0.06683253,-0.774573,0.1876466,0.6002992,21.77304,257.0027,7.533624,0.6237771,0.02599303,-0.7811695,0.0,0.0,0.0,1.32855,-0.3702018,-2.765699,-0.03838059,-0.02750703,1.111452,-0.2703489,0.1217548,0.9550326,-0.3288215,0.9206443,-0.2104529,-0.9048691,-0.370931,-0.2088596,moving,84.7785,79.25957,-1.977749,-1.417709
2021,05/08/2023 17:08:26.911196,2262,True,True,True,True,Eyes,2.190621,0.09490876,-2.665424,-0.896585,-0.432954,-0.0931998,0.0,0.0,0.0,0.0,0.0,0.0,0.0,2.906355,0.07818604,1.401081,2.11433,0.1062147,-2.436055,0.06728,-0.7790976,0.1875656,0.5943903,21.85413,256.0952,7.31281,0.6247982,0.02612672,-0.7803485,0.0,0.0,0.0,1.325649,-0.3702171,-2.765603,-0.04314232,-0.03100774,1.114991,-0.2843476,0.1181389,0.9514146,-0.3278096,0.9205852,-0.2122826,-0.9009371,-0.3722449,-0.2230391,moving,84.06543,77.85161,-2.215839,-1.592977
2022,05/08/2023 17:08:26.925926,2263,True,True,True,True,Eyes,2.186659,0.09517696,-2.655343,-0.8950834,-0.4335385,-0.1042593,0.0,0.0,0.0,0.0,0.0,0.0,0.0,2.916219,0.0763101,1.353574,2.10773,0.1054072,-2.426661,0.06847917,-0.7834364,0.1879361,0.5884028,22.02795,255.192,7.055622,0.6257927,0.02626404,-0.7795465,0.0,0.0,0.0,1.322686,-0.3702329,-2.765506,-0.04470263,-0.03190172,1.118738,-0.2981854,0.1138662,0.9476919,-0.3284625,0.9199812,-0.2138854,-0.8962131,-0.3750587,-0.2369241,moving,83.35612,76.47803,-2.288212,-1.633392
2023,05/08/2023 17:08:26.942523,2264,True,True,True,True,Eyes,2.182581,0.09540215,-2.645291,-0.8934317,-0.4341378,-0.1153439,0.0,0.0,0.0,0.0,0.0,0.0,0.0,2.924109,0.07566416,1.308105,2.101031,0.1046855,-2.41702,0.06986072,-0.7874621,0.1885098,0.5826552,22.2283,254.3345,6.802645,0.6267628,0.02640371,-0.778762,0.0,0.0,0.0,1.319861,-0.3702479,-2.765413,-0.04483999,-0.03230496,1.122139,-0.3112652,0.1096471,0.9439766,-0.3296978,0.9191671,-0.2154792,-0.8912989,-0.3782981,-0.2499543,moving,82.64368,75.12111,-2.288288,-1.649018
2024,05/08/2023 17:08:26.962220,2265,True,True,True,True,Eyes,2.178402,0.09556184,-2.635298,-0.8917916,-0.4345525,-0.1259833,0.0,0.0,0.0,0.0,0.0,0.0,0.0,2.929487,0.07014632,1.267225,2.094201,0.1039068,-2.407529,0.07021687,-0.7912095,0.188577,0.5774909,22.30315,253.557,6.621939,0.6277081,0.02654426,-0.7779955,0.0,0.0,0.0,1.316974,-0.3702632,-2.765318,-0.04400241,-0.02906987,1.125785,-0.3231476,0.1066905,0.9403152,-0.3289156,0.9190167,-0.2173086,-0.8873501,-0.379507,-0.2618859,moving,81.95905,73.83234,-2.238322,-1.479155
2025,05/08/2023 17:08:26.973268,2266,True,True,True,True,Eyes,2.174118,0.09564143,-2.625315,-0.8900551,-0.434894,-0.1366347,0.0,0.0,0.0,0.0,0.0,0.0,0.0,2.933,0.05951267,1.228926,2.087232,0.1026435,-2.397753,0.06930811,-0.7950258,0.1873881,0.5727268,22.16939,252.807,6.475502,0.628629,0.02668383,-0.7772468,0.0,0.0,0.0,1.314027,-0.3702788,-2.765221,-0.04326251,-0.02656278,1.129307,-0.3343606,0.1044409,0.9366401,-0.3248478,0.9201642,-0.2185675,-0.8846901,-0.377346,-0.2737393,moving,81.27251,72.55836,-2.193866,-1.347424
2026,05/08/2023 17:08:26.992630,2267,True,True,True,True,Eyes,2.174118,0.09564143,-2.625315,-0.8900551,-0.434894,-0.1366347,0.0,0.0,0.0,0.0,0.0,0.0,0.0,2.935422,0.05317104,1.192035,2.080446,0.1008038,-2.387898,0.06896478,-0.798542,0.1864451,0.5681661,22.09451,252.0958,6.302808,0.6295268,0.02682035,-0.7765151,0.0,0.0,0.0,1.311188,-0.3702939,-2.765127,-0.04108794,-0.02469585,1.132589,-0.3448621,0.1017211,0.9331253,-0.3220062,0.9209642,-0.2194016,-0.8816926,-0.3761354,-0.2848509,moving,81.27251,72.55836,-2.07766,-1.249124
2027,05/08/2023 17:08:27.012792,2268,True,True,True,True,Eyes,2.174118,0.09564143,-2.625315,-0.8900551,-0.434894,-0.1366347,0.0,0.0,0.0,0.0,0.0,0.0,0.0,2.936297,0.05016959,1.157388,2.073664,0.09876038,-2.377829,0.06912647,-0.8016729,0.1859393,0.5638871,22.09133,251.4409,6.12495,0.630334,0.02694317,-0.7758558,0.0,0.0,0.0,1.308323,-0.3703091,-2.765033,-0.03727187,-0.01651623,1.136352,-0.3545056,0.09886396,0.9298127,-0.3205312,0.9212962,-0.220166,-0.8783993,-0.3760841,-0.2949157,moving,81.27251,72.55836,-1.878605,-0.8327028
2028,05/08/2023 17:08:27.022769,2269,True,True,True,True,Eyes,2.174118,0.09564143,-2.625315,-0.8900551,-0.434894,-0.1366347,0.0,0.0,0.0,0.0,0.0,0.0,0.0,2.935441,0.04692155,1.126606,2.066985,0.09690694,-2.367791,0.06909095,-0.8044804,0.1852384,0.5601113,22.05142,250.8579,5.966541,0.6310598,0.02705365,-0.7752618,0.0,0.0,0.0,1.305342,-0.3703249,-2.764935,-0.03312235,-0.009166088,1.139984,-0.3630039,0.0963436,0.9267936,-0.3186729,0.9218263,-0.2206441,-0.8756004,-0.3754386,-0.3039246,moving,81.27251,72.55836,-1.664267,-0.4606792
2029,05/08/2023 17:08:27.042264,2270,True,True,True,True,Eyes,2.174118,0.09564143,-2.625315,-0.8900551,-0.434894,-0.1366347,0.0,0.0,0.0,0.0,0.0,0.0,0.0,2.934089,0.0391559,1.095532,2.060099,0.09439164,-2.357474,0.06787398,-0.8076441,0.1831435,0.5563837,21.79936,250.2474,5.820487,0.6317125,0.02715307,-0.7747266,0.0,0.0,0.0,1.302543,-0.3703398,-2.764843,-0.03023666,-0.002178527,1.143379,-0.3716611,0.09416006,0.9235812,-0.3134321,0.9237031,-0.2203016,-0.8738586,-0.3713574,-0.3137917,moving,81.27251,72.55836,-1.514834,-0.1091679
2030,05/08/2023 17:08:27.062769,2271,True,True,True,True,Eyes,2.174118,0.09564143,-2.625315,-0.8900551,-0.434894,-0.1366347,0.0,0.0,0.0,0.0,0.0,0.0,0.0,2.931298,0.04181981,1.067041,2.053298,0.09157553,-2.347001,0.06811412,-0.8103293,0.1808081,0.5532047,21.61638,249.6993,5.534243,0.6322991,0.02724245,-0.7742448,0.0,0.0,0.0,1.29961,-0.3703554,-2.764746,-0.02866489,0.007036395,1.146735,-0.37865,0.08965809,0.921187,-0.3104375,0.9253378,-0.2176661,-0.8719246,-0.3683903,-0.3225459,moving,81.27251,72.55836,-1.431921,0.3515638
2031,05/08/2023 17:08:27.082422,2272,True,True,True,True,Eyes,2.174118,0.09564143,-2.625315,-0.8900551,-0.434894,-0.1366347,0.0,0.0,0.0,0.0,0.0,0.0,0.0,2.928689,0.04383421,1.036602,2.04654,0.08900749,-2.336116,0.06876226,-0.812957,0.1801545,0.5494697,21.62199,249.1252,5.318968,0.6328266,0.0273229,-0.7738107,0.0,0.0,0.0,1.296686,-0.3703709,-2.76465,-0.02840659,0.01041077,1.149893,-0.3867095,0.0861774,0.9181661,-0.3097804,0.9256322,-0.2173502,-0.8686147,-0.3684813,-0.3312548,moving,81.27251,72.55836,-1.415129,0.518724
2032,05/08/2023 17:08:27.092793,2273,True,True,True,True,Eyes,2.174118,0.09564143,-2.625315,-0.8900551,-0.434894,-0.1366347,0.0,0.0,0.0,0.0,0.0,0.0,0.0,2.924928,0.036807,1.008837,2.039272,0.08713941,-2.325529,0.06779023,-0.8156433,0.1788028,0.5460404,21.45135,248.5909,5.220246,0.6333016,0.02739533,-0.7734196,0.0,0.0,0.0,1.293768,-0.3703864,-2.764554,-0.02779454,0.005693533,1.152557,-0.3944887,0.08468183,0.9149905,-0.3058524,0.9268681,-0.2176462,-0.8665061,-0.3657111,-0.3397388,moving,81.27251,72.55836,-1.381451,0.2830338
2033,05/08/2023 17:08:27.112605,2274,True,True,True,True,Eyes,2.174118,0.09564143,-2.625315,-0.8900551,-0.434894,-0.1366347,0.0,0.0,0.0,0.0,0.0,0.0,0.0,2.921307,0.02903944,0.979126,2.032082,0.08500791,-2.314516,0.06686243,-0.8184357,0.1781167,0.5421873,21.34962,248.0189,5.155954,0.6337289,0.02746053,-0.7730671,0.0,0.0,0.0,1.29099,-0.3704011,-2.764463,-0.02685105,0.0003620088,1.155027,-0.4031247,0.08369999,0.9113092,-0.3025903,0.9276077,-0.2190502,-0.863672,-0.3640579,-0.3486147,moving,81.27251,72.55836,-1.331722,0.01795765
2034,05/08/2023 17:08:27.122229,2275,True,True,True,True,Eyes,2.174118,0.09564143,-2.625315,-0.8900551,-0.434894,-0.1366347,0.0,0.0,0.0,0.0,0.0,0.0,0.0,2.917049,0.02332056,0.9500003,2.024871,0.08280529,-2.303315,0.06651699,-0.8209454,0.1785232,0.5382878,21.39074,247.4714,5.112929,0.6341139,0.02751929,-0.7727492,0.0,0.0,0.0,1.288072,-0.3704166,-2.764367,-0.02625042,-0.005332563,1.157027,-0.4116436,0.0829801,0.9075593,-0.3014074,0.9274099,-0.221505,-0.86006,-0.3647262,-0.3567516,moving,81.27251,72.55836,-1.299693,-0.2640657
2035,05/08/2023 17:08:27.142702,2276,True,True,True,True,Eyes,2.174118,0.09564143,-2.625315,-0.8900551,-0.434894,-0.1366347,0.0,0.0,0.0,0.0,0.0,0.0,0.0,2.911881,0.01697212,0.9223635,2.017589,0.08145146,-2.291898,0.06653896,-0.8231137,0.1803446,0.5343522,21.59224,246.9615,5.133438,0.6344596,0.02757205,-0.7724635,0.0,0.0,0.0,1.285121,-0.3704323,-2.76427,-0.02515137,-0.01115622,1.158868,-0.4200807,0.08319672,0.903665,-0.3022732,0.9260969,-0.2257776,-0.8556653,-0.3679986,-0.3638871,moving,81.27251,72.55836,-1.243318,-0.5515594
2036,05/08/2023 17:08:27.162603,2277,True,True,True,True,Eyes,2.166769,0.09486195,-2.610845,-0.8876519,-0.435707,-0.1491092,0.0,0.0,0.0,0.0,0.0,0.0,0.0,2.906164,0.001127303,0.8955505,2.009922,0.08022984,-2.280697,0.06432512,-0.8258002,0.1797955,0.5306507,21.42103,246.4354,5.212726,0.6347704,0.02761957,-0.7722055,0.0,0.0,0.0,1.282347,-0.370447,-2.764179,-0.02317599,-0.01345906,1.160292,-0.4285446,0.08457775,0.8995535,-0.2970565,0.9270718,-0.2286819,-0.853292,-0.3652185,-0.3721672,moving,80.46439,71.10784,-1.144289,-0.6645851
2037,05/08/2023 17:08:27.172809,2278,True,True,True,True,Eyes,2.159393,0.09414827,-2.596508,-0.8850524,-0.4366663,-0.1612597,0.0,0.0,0.0,0.0,0.0,0.0,0.0,2.899535,-0.01343578,0.870441,2.002191,0.07874699,-2.2694,0.06181525,-0.828504,0.1779114,0.5273593,21.10009,245.9319,5.240836,0.6351318,0.02765247,-0.7719073,0.0,0.0,0.0,1.279187,-0.3704638,-2.764075,-0.02123104,-0.01185215,1.162057,-0.4361425,0.0852181,0.8958337,-0.2900748,0.9290528,-0.2296029,-0.8518432,-0.3599983,-0.3804798,moving,79.67378,69.73095,-1.04669,-0.5843555
2038,05/08/2023 17:08:27.192940,2279,True,True,True,True,Eyes,2.159393,0.09414827,-2.596508,-0.8850524,-0.4366663,-0.1612597,0.0,0.0,0.0,0.0,0.0,0.0,0.0,2.891791,-0.03180015,0.8478565,1.994188,0.07961106,-2.258142,0.06057722,-0.830159,0.181728,0.5235853,21.41748,245.5263,5.530649,0.6355354,0.02767394,-0.7715744,0.0,0.0,0.0,1.276516,-0.370478,-2.763987,-0.01920319,-0.008886363,1.163265,-0.4443779,0.08972274,0.8913351,-0.2908776,0.9266106,-0.2382916,-0.8473008,-0.3651609,-0.385667,moving,79.67378,69.73095,-0.9457529,-0.4376828
2039,05/08/2023 17:08:27.213356,2280,True,True,True,True,Eyes,2.159393,0.09414827,-2.596508,-0.8850524,-0.4366663,-0.1612597,0.0,0.0,0.0,0.0,0.0,0.0,0.0,2.886459,-0.07458264,0.813159,1.985426,0.08116118,-2.247205,0.05483173,-0.8338974,0.1824544,0.5179952,21.16787,244.8182,6.006017,0.6358991,0.0276933,-0.771274,0.0,0.0,0.0,1.273669,-0.3704931,-2.763893,-0.01893112,-0.009024173,1.164067,-0.4573487,0.09757295,0.8839182,-0.2804691,0.9274077,-0.2474914,-0.843901,-0.3611016,-0.3967826,moving,79.67378,69.73095,-0.931714,-0.4441641
2040,05/08/2023 17:08:27.222468,2281,True,True,True,True,Eyes,2.151381,0.09360573,-2.581525,-0.8821576,-0.4375777,-0.174137,0.0,0.0,0.0,0.0,0.0,0.0,0.0,2.881275,-0.1006688,0.7765954,1.977451,0.08136827,-2.235631,0.0514623,-0.8375521,0.1824538,0.5124149,21.00007,244.0663,6.197117,0.6362265,0.02771073,-0.7710024,0.0,0.0,0.0,1.27076,-0.3705085,-2.763797,-0.01897262,-0.009888116,1.164691,-0.4695659,0.1007793,0.8771272,-0.2731887,0.9281245,-0.252889,-0.8395692,-0.3583692,-0.4082838,moving,78.83344,68.29958,-0.9332558,-0.4864239
2041,05/08/2023 17:08:27.242569,2282,True,True,True,True,Eyes,2.143326,0.0932328,-2.566717,-0.8791372,-0.438427,-0.1868143,0.0,0.0,0.0,0.0,0.0,0.0,0.0,2.873468,-0.1080227,0.7502604,1.969303,0.08346837,-2.224019,0.05374813,-0.8385893,0.1905881,0.5074992,21.97516,243.6062,6.395719,0.6365989,0.02772406,-0.7706945,0.0,0.0,0.0,1.268066,-0.3705228,-2.763709,-0.02001113,-0.01193653,1.164547,-0.4791116,0.1033014,0.8716542,-0.2835918,0.9215746,-0.2650961,-0.8306792,-0.3742046,-0.4122416,moving,78.00325,66.92109,-0.9844518,-0.5872572
2042,05/08/2023 17:08:27.262393,2283,True,True,True,True,Eyes,2.143326,0.0932328,-2.566717,-0.8791372,-0.438427,-0.1868143,0.0,0.0,0.0,0.0,0.0,0.0,0.0,2.864999,-0.1419621,0.7214785,1.960251,0.08712219,-2.213308,0.04986939,-0.8413889,0.1922298,0.5026185,21.93847,243.0187,6.768126,0.6370093,0.02773867,-0.7703552,0.0,0.0,0.0,1.265097,-0.3705386,-2.763611,-0.02076765,-0.01330521,1.164505,-0.4897753,0.1093174,0.8649681,-0.2771556,0.9211215,-0.2733495,-0.8266225,-0.3736106,-0.4208447,moving,78.00325,66.92109,-1.021698,-0.6546123
2043,05/08/2023 17:08:27.272992,2284,True,True,True,True,Eyes,2.143326,0.0932328,-2.566717,-0.8791372,-0.438427,-0.1868143,0.0,0.0,0.0,0.0,0.0,0.0,0.0,2.855006,-0.1601873,0.7013836,1.951422,0.08952465,-2.202861,0.04662213,-0.8438355,0.1889562,0.5000636,21.43984,242.5924,6.80538,0.6373786,0.02775181,-0.7700493,0.0,0.0,0.0,1.26217,-0.3705541,-2.763515,-0.02282816,-0.01511433,1.163937,-0.4955254,0.1102975,0.8615619,-0.2676631,0.9242439,-0.2722679,-0.8263237,-0.365524,-0.4284638,moving,78.00325,66.92109,-1.123591,-0.7439738
2044,05/08/2023 17:08:27.292538,2285,True,True,True,True,Eyes,2.134618,0.09321757,-2.551412,-0.8760403,-0.4388198,-0.1999759,0.0,0.0,0.0,0.0,0.0,0.0,0.0,2.845495,-0.1662189,0.6841214,1.94352,0.09278002,-2.1924,0.04812605,-0.8445542,0.1939294,0.4967932,22.04812,242.2771,6.902766,0.6377118,0.02776366,-0.7697719,0.0,0.0,0.0,1.2593,-0.3705693,-2.76342,-0.02632847,-0.01432709,1.163089,-0.5017605,0.1113955,0.8578036,-0.2739757,0.9201505,-0.2797503,-0.8204714,-0.3753851,-0.4311756,moving,77.14128,65.50063,-1.296764,-0.7057413
2045,05/08/2023 17:08:27.312862,2286,True,True,True,True,Eyes,2.12592,0.09329247,-2.536337,-0.8728914,-0.4389823,-0.2129673,0.0,0.0,0.0,0.0,0.0,0.0,0.0,2.836169,-0.1900885,0.660598,1.934253,0.09597748,-2.183077,-0.04471533,0.8470631,-0.1924682,-0.4933974,21.72735,241.7964,7.05978,0.6380841,0.0277884,-0.7694626,0.0,0.0,0.0,1.256418,-0.3705847,-2.763325,-0.03053186,-0.01512664,1.161921,-0.5091195,0.1141732,0.8530897,-0.26568,0.921913,-0.2819406,-0.8186647,-0.3701903,-0.4390303,moving,76.28889,64.12019,-1.505218,-0.7458715
2046,05/08/2023 17:08:27.322574,2287,True,True,True,True,Eyes,2.12592,0.09329247,-2.536337,-0.8728914,-0.4389823,-0.2129673,0.0,0.0,0.0,0.0,0.0,0.0,0.0,2.827941,-0.2085835,0.6334879,1.925806,0.0981687,-2.173408,-0.04201851,0.8498643,-0.1906482,-0.4895082,21.4191,241.2289,7.110098,0.6384879,0.02782738,-0.7691264,0.0,0.0,0.0,1.253433,-0.3706005,-2.763227,-0.03563627,-0.01713505,1.160435,-0.5172321,0.1152277,0.8480527,-0.2580678,0.9237754,-0.2829134,-0.8160096,-0.365187,-0.4480698,moving,76.28889,64.12019,-1.758966,-0.845971
2047,05/08/2023 17:08:27.342437,2288,True,True,True,True,Eyes,2.12592,0.09329247,-2.536337,-0.8728914,-0.4389823,-0.2129673,0.0,0.0,0.0,0.0,0.0,0.0,0.0,2.820628,-0.2209609,0.6031399,1.917033,0.09974363,-2.164158,-0.04107494,0.8524451,-0.1908563,-0.484999,21.42184,240.6205,7.102438,0.6388516,0.02786248,-0.7688233,0.0,0.0,0.0,1.250609,-0.3706155,-2.763134,-0.04079515,-0.01741259,1.158713,-0.5261775,0.115102,0.8425489,-0.2551585,0.9237734,-0.2855464,-0.8111912,-0.3652316,-0.4566994,moving,76.28889,64.12019,-2.016396,-0.8609486
2048,05/08/2023 17:08:27.362294,2289,True,True,True,True,Eyes,2.116509,0.09352571,-2.520782,-0.8692802,-0.4391607,-0.2269135,0.0,0.0,0.0,0.0,0.0,0.0,0.0,2.813642,-0.2342748,0.5707884,1.9084,0.1009775,-2.155244,-0.03995094,0.8552056,-0.1910098,-0.4801485,21.41189,239.9676,7.10143,0.6391786,0.02789407,-0.7685494,0.0,0.0,0.0,1.247716,-0.3706309,-2.763039,-0.04666618,-0.01930596,1.156476,-0.5357228,0.1150936,0.8365135,-0.2517587,0.9238384,-0.2883405,-0.8059894,-0.36507,-0.4659455,moving,75.37019,62.67469,-2.310749,-0.9563948
2049,05/08/2023 17:08:27.382313,2290,True,True,True,True,Eyes,2.107134,0.09380172,-2.505524,-0.8654043,-0.4394779,-0.2406959,0.0,0.0,0.0,0.0,0.0,0.0,0.0,2.806679,-0.2518516,0.5355389,1.899667,0.1021639,-2.146742,-0.03856048,0.8580754,-0.1923545,-0.4745729,21.51279,239.2581,7.187267,0.6395376,0.02794497,-0.768249,0.0,0.0,0.0,1.244833,-0.3706461,-2.762944,-0.05268795,-0.02244665,1.153891,-0.5465876,0.1163969,0.8292732,-0.2487481,0.9230256,-0.2935099,-0.7996041,-0.366709,-0.4755609,moving,74.45709,61.29109,-2.614372,-1.114435
2050,05/08/2023 17:08:27.392417,2291,True,True,True,True,Eyes,2.097802,0.09410555,-2.490583,-0.8612555,-0.439741,-0.2546895,0.0,0.0,0.0,0.0,0.0,0.0,0.0,2.799914,-0.2734726,0.4957969,1.891137,0.1034906,-2.138459,-0.03707635,0.8611872,-0.1949966,-0.4679297,21.74988,238.4469,7.338005,0.6399209,0.02801436,-0.7679275,0.0,0.0,0.0,1.241856,-0.3706619,-2.762846,-0.06006872,-0.02351367,1.150883,-0.5593343,0.11863,0.8204098,-0.2463487,0.9212034,-0.3011588,-0.7914907,-0.3705554,-0.4860365,moving,73.52606,59.92141,-2.987762,-1.170447
2051,05/08/2023 17:08:27.412233,2292,True,True,True,True,Eyes,2.088491,0.0944159,-2.475921,-0.8568199,-0.4401051,-0.2686393,0.0,0.0,0.0,0.0,0.0,0.0,0.0,2.793914,-0.295732,0.4465199,1.882372,0.104594,-2.130383,-0.03532969,0.8652294,-0.1963282,-0.4599838,21.85384,237.4229,7.396213,0.6403248,0.02810167,-0.7675878,0.0,0.0,0.0,1.238796,-0.3706782,-2.762745,-0.06495522,-0.02665836,1.147668,-0.5743334,0.119479,0.8098554,-0.2417522,0.9204141,-0.3072358,-0.7821105,-0.3722401,-0.4997401,moving,72.59219,58.60019,-3.239346,-1.330643
2052,05/08/2023 17:08:27.422494,2293,True,True,True,True,Eyes,2.079181,0.0947536,-2.461514,-0.8520653,-0.4406371,-0.2825309,0.0,0.0,0.0,0.0,0.0,0.0,0.0,2.78816,-0.3055655,0.3975632,1.873525,0.1050958,-2.122293,-0.03563556,0.8690046,-0.1973242,-0.4523542,22.03613,236.4065,7.225459,0.6407421,0.02820502,-0.7672358,0.0,0.0,0.0,1.236003,-0.370693,-2.762654,-0.07113985,-0.02999157,1.14391,-0.5882117,0.116586,0.8002593,-0.2404559,0.9195865,-0.3107116,-0.7721322,-0.3751912,-0.5128778,moving,71.65533,57.33252,-3.558646,-1.501864
2053,05/08/2023 17:08:27.443049,2294,True,True,True,True,Eyes,2.069877,0.09512328,-2.447399,-0.847098,-0.4411948,-0.2962637,0.0,0.0,0.0,0.0,0.0,0.0,0.0,2.781953,-0.3072639,0.3541422,1.864613,0.1061117,-2.114484,-0.03788638,0.8719284,-0.1996384,-0.4454774,22.45116,235.5065,6.948037,0.641169,0.02832392,-0.7668749,0.0,0.0,0.0,1.233252,-0.3707076,-2.762563,-0.07650331,-0.03061369,1.139842,-0.6002292,0.1118003,0.7919759,-0.2439372,0.9174183,-0.3143857,-0.7617216,-0.3818958,-0.523389,moving,70.72325,56.11852,-3.83979,-1.538471
2054,05/08/2023 17:08:27.462695,2295,True,True,True,True,Eyes,2.060596,0.09549075,-2.433573,-0.8420405,-0.4415752,-0.3098049,0.0,0.0,0.0,0.0,0.0,0.0,0.0,2.774553,-0.3117031,0.315285,1.855453,0.1072804,-2.107247,-0.038744,0.8747963,-0.1999,-0.4396252,22.56985,234.7047,6.715042,0.6416002,0.02845776,-0.7665095,0.0,0.0,0.0,1.230396,-0.3707228,-2.762469,-0.08276533,-0.03425162,1.135796,-0.6104574,0.107976,0.784655,-0.2435485,0.9170777,-0.315678,-0.7536753,-0.3838094,-0.5335395,moving,69.80035,54.94688,-4.167772,-1.727316
2055,05/08/2023 17:08:27.472190,2296,True,True,True,True,Eyes,2.051347,0.09584722,-2.420013,-0.8367475,-0.4420896,-0.3231257,0.0,0.0,0.0,0.0,0.0,0.0,0.0,2.766555,-0.3181107,0.2763033,1.846524,0.1076358,-2.100031,-0.03841235,0.8779624,-0.1984882,-0.4339458,22.44945,233.8968,6.512026,0.6420308,0.02860473,-0.7661436,0.0,0.0,0.0,1.227436,-0.3707385,-2.762372,-0.09231935,-0.03075036,1.131884,-0.620431,0.104817,0.777225,-0.2397154,0.9182538,-0.3151926,-0.7467274,-0.3818681,-0.5445869,moving,68.88501,53.83673,-4.662869,-1.556195
2056,05/08/2023 17:08:27.492685,2297,True,True,True,True,Eyes,2.042135,0.09621164,-2.40674,-0.8313548,-0.44272,-0.3359287,0.0,0.0,0.0,0.0,0.0,0.0,0.0,2.758793,-0.3195721,0.2404842,1.837755,0.1074132,-2.093326,-0.04001134,0.8802754,-0.200056,-0.4283596,22.7361,233.1616,6.283904,0.64246,0.02876402,-0.7657778,0.0,0.0,0.0,1.224564,-0.3707538,-2.762277,-0.0945797,-0.04463157,1.128031,-0.6298144,0.1009498,0.7701579,-0.2418339,0.9167534,-0.3179303,-0.73814,-0.3864873,-0.5529714,moving,67.99766,52.80937,-4.792749,-2.265777
2057,05/08/2023 17:08:27.512426,2298,True,True,True,True,Eyes,2.032932,0.09657454,-2.393745,-0.8257776,-0.4434691,-0.3484628,0.0,0.0,0.0,0.0,0.0,0.0,0.0,2.749598,-0.3245701,0.2087734,1.828895,0.1081163,-2.086306,-0.04160308,0.8820965,-0.2031457,-0.4229739,23.17758,232.4983,6.148099,0.6428838,0.02893448,-0.7654158,0.0,0.0,0.0,1.221682,-0.3707691,-2.762182,-0.09608129,-0.05773358,1.123923,-0.6387246,0.09845478,0.7631105,-0.2452465,0.914002,-0.3231942,-0.7293046,-0.3935823,-0.5596501,moving,67.12115,51.84095,-4.886187,-2.940579
2058,05/08/2023 17:08:27.522417,2299,True,True,True,True,Eyes,2.023743,0.09695788,-2.381007,-0.8201683,-0.4441945,-0.3605764,0.0,0.0,0.0,0.0,0.0,0.0,0.0,2.739424,-0.3351321,0.1788492,1.820187,0.1088501,-2.079379,-0.04173269,0.8840232,-0.2053761,-0.4178301,23.45251,231.8671,6.122214,0.6432974,0.0291144,-0.7650614,0.0,0.0,0.0,1.218736,-0.3707847,-2.762085,-0.09687215,-0.03675135,1.123503,-0.6473528,0.09783928,0.7558848,-0.2454099,0.9121581,-0.3282401,-0.7216012,-0.3979889,-0.5664774,moving,66.26793,50.93192,-4.928042,-1.873556
2059,05/08/2023 17:08:27.542809,2300,True,True,True,True,Eyes,2.014559,0.09737002,-2.368521,-0.8144385,-0.4449684,-0.3724152,0.0,0.0,0.0,0.0,0.0,0.0,0.0,2.729076,-0.3441678,0.1522934,1.81135,0.109756,-2.072794,-0.04198579,0.8856733,-0.2073656,-0.413303,23.70465,231.3105,6.083618,0.6437004,0.02930438,-0.7647152,0.0,0.0,0.0,1.215906,-0.3707997,-2.761992,-0.1036564,-0.03690961,1.120405,-0.6548355,0.09703825,0.7495156,-0.245781,0.9104734,-0.3326107,-0.71469,-0.4020221,-0.5723601,moving,65.42699,50.07244,-5.28578,-1.886818
2060,05/08/2023 17:08:27.562758,2301,True,True,True,True,Eyes,2.005372,0.0978041,-2.356298,-0.8088325,-0.4455028,-0.3838192,0.0,0.0,0.0,0.0,0.0,0.0,0.0,2.718111,-0.3545828,0.1265087,1.802214,0.1108835,-2.066298,-0.04176395,0.8873615,-0.208804,-0.4089577,23.87413,230.771,6.068042,0.6440888,0.02950392,-0.7643803,0.0,0.0,0.0,1.213006,-0.3708151,-2.761897,-0.1118625,-0.03225664,1.119324,-0.6620189,0.09666459,0.7432275,-0.2449035,0.9093133,-0.3364099,-0.7083457,-0.4047287,-0.5783091,moving,64.61403,49.25373,-5.707049,-1.650691
2061,05/08/2023 17:08:27.572661,2302,True,True,True,True,Eyes,1.996174,0.09825648,-2.344327,-0.80318,-0.4459423,-0.3950155,0.0,0.0,0.0,0.0,0.0,0.0,0.0,2.706273,-0.3699638,0.09992099,1.792815,0.1118521,-2.060115,-0.03988489,0.8894402,-0.2086633,-0.4046788,23.79518,230.225,6.1442,0.6444604,0.02971288,-0.7640591,0.0,0.0,0.0,1.209926,-0.3708315,-2.761796,-0.1170767,-0.0193627,1.119057,-0.6692886,0.09793279,0.7365202,-0.2398337,0.9097376,-0.338906,-0.7032301,-0.4034682,-0.5853894,moving,63.81138,48.46548,-5.972608,-0.9912728
2062,05/08/2023 17:08:27.592775,2303,True,True,True,True,Eyes,1.986979,0.09871474,-2.332642,-0.7976913,-0.4460489,-0.4058681,0.0,0.0,0.0,0.0,0.0,0.0,0.0,2.693641,-0.3886303,0.07385206,1.783296,0.1127234,-2.054102,-0.03735502,0.8914959,-0.2086636,-0.4003739,23.7006,229.6933,6.300255,0.6448115,0.02993032,-0.7637544,0.0,0.0,0.0,1.207058,-0.3708467,-2.761701,-0.1211092,-0.01378338,1.11883,-0.6766109,0.1004832,0.7294527,-0.2336906,0.9101283,-0.3421334,-0.6982741,-0.4019574,-0.5923208,moving,63.03285,47.70036,-6.178,-0.7058174
2063,05/08/2023 17:08:27.612430,2304,True,True,True,True,Eyes,1.977755,0.09916794,-2.321207,-0.7921931,-0.4460023,-0.4165478,0.0,0.0,0.0,0.0,0.0,0.0,0.0,2.680298,-0.4087978,0.04604816,1.773346,0.1134124,-2.048319,-0.03419884,0.8937784,-0.2079232,-0.3959277,23.50037,229.1344,6.481063,0.6451426,0.03015731,-0.7634658,0.0,0.0,0.0,1.204378,-0.3708609,-2.761613,-0.124208,-0.01379424,1.118252,-0.6841438,0.1035127,0.7219647,-0.2257775,0.9111968,-0.344594,-0.6935217,-0.398755,-0.6000188,moving,62.26389,46.95579,-6.338055,-0.7067379
2064,05/08/2023 17:08:27.622631,2305,True,True,True,True,Eyes,1.968506,0.09959539,-2.310026,-0.7868785,-0.4457239,-0.4267931,0.0,0.0,0.0,0.0,0.0,0.0,0.0,2.667025,-0.4267317,0.02011013,1.763389,0.1137101,-2.042806,-0.0311896,0.8958844,-0.2069585,-0.3919014,23.2827,228.6246,6.647267,0.6454489,0.03039136,-0.7631977,0.0,0.0,0.0,1.201332,-0.3708771,-2.761513,-0.1276963,-0.02855408,1.117017,-0.6908812,0.1063301,0.7151067,-0.2180992,0.9123908,-0.3463752,-0.6892868,-0.3952682,-0.6071632,moving,61.52515,46.24294,-6.521688,-1.464322
2065,05/08/2023 17:08:27.642670,2306,True,True,True,True,Eyes,1.959216,0.09999493,-2.299089,-0.7814932,-0.4453912,-0.4369153,0.0,0.0,0.0,0.0,0.0,0.0,0.0,2.653266,-0.4444622,-0.008584976,1.753212,0.1135486,-2.037349,-0.0283327,0.8981035,-0.2062832,-0.3873689,23.10876,228.0549,6.801294,0.6457292,0.03063201,-0.7629498,0.0,0.0,0.0,1.198475,-0.3708922,-2.761419,-0.1323427,-0.04215869,1.115473,-0.6982854,0.1089241,0.7074839,-0.2107068,0.913289,-0.348577,-0.6841057,-0.3924778,-0.6147853,moving,60.79142,45.55039,-6.766098,-2.164433
2066,05/08/2023 17:08:27.662568,2307,True,True,True,True,Eyes,1.949858,0.1003554,-2.288368,-0.7760946,-0.4450728,-0.4467521,0.0,0.0,0.0,0.0,0.0,0.0,0.0,2.639627,-0.4596468,-0.03881454,1.742911,0.1132637,-2.032202,-0.02619373,0.9002891,-0.2060051,-0.3825643,23.01486,227.4495,6.892608,0.6459814,0.03087737,-0.7627254,0.0,0.0,0.0,1.195666,-0.3709072,-2.761326,-0.1343334,-0.04324397,1.115133,-0.7059169,0.1104565,0.6996291,-0.2047842,0.9137516,-0.3508866,-0.6780448,-0.3909698,-0.622413,moving,60.07349,44.89211,-6.86898,-2.220772
2067,05/08/2023 17:08:27.672476,2308,True,True,True,True,Eyes,1.940441,0.1006572,-2.277881,-0.7705945,-0.444797,-0.4564424,0.0,0.0,0.0,0.0,0.0,0.0,0.0,2.62592,-0.4716437,-0.07022905,1.73239,0.1126343,-2.02706,-0.02497438,0.9023796,-0.2063657,-0.3774926,23.03514,226.8119,6.910824,0.6462036,0.03112581,-0.7625265,0.0,0.0,0.0,1.192741,-0.3709227,-2.76123,-0.1342924,-0.0418312,1.115294,-0.7137515,0.1107304,0.691591,-0.2008758,0.9135789,-0.3535852,-0.6709756,-0.3912958,-0.6298252,moving,59.36068,44.25969,-6.865918,-2.147978
2068,05/08/2023 17:08:27.692820,2309,True,True,True,True,Eyes,1.93099,0.1008831,-2.267646,-0.7651216,-0.4445996,-0.4657468,0.0,0.0,0.0,0.0,0.0,0.0,0.0,2.612694,-0.4783448,-0.09994626,1.721488,0.1115409,-2.022129,-0.02472161,0.9042111,-0.2067863,-0.3728683,23.10346,226.2185,6.83722,0.6463937,0.03137516,-0.7623547,0.0,0.0,0.0,1.189797,-0.3709383,-2.761133,-0.1324257,-0.03818418,1.115988,-0.7207164,0.109501,0.6845275,-0.1989152,0.9132565,-0.3555211,-0.6640791,-0.3923927,-0.6364176,moving,58.67018,43.66927,-6.767207,-1.959645
2069,05/08/2023 17:08:27.712697,2310,True,True,True,True,Eyes,1.921476,0.1010182,-2.257643,-0.7596043,-0.4444369,-0.4748444,0.0,0.0,0.0,0.0,0.0,0.0,0.0,2.599877,-0.4819857,-0.1258073,1.710544,0.1100699,-2.017282,-0.02511474,0.9056311,-0.2076786,-0.3688782,23.24658,225.7102,6.733156,0.64655,0.03162285,-0.7622117,0.0,0.0,0.0,1.186894,-0.3709537,-2.761038,-0.1312746,-0.03604504,1.11618,-0.726596,0.1077268,0.6785667,-0.1987056,0.9124777,-0.3576318,-0.6577036,-0.3946888,-0.6415967,moving,57.98965,43.1055,-6.707776,-1.849622
2070,05/08/2023 17:08:27.722204,2311,True,True,True,True,Eyes,1.911922,0.1010472,-2.247896,-0.7542194,-0.444252,-0.4835218,0.0,0.0,0.0,0.0,0.0,0.0,0.0,2.587274,-0.4847389,-0.1492987,1.699486,0.1080374,-2.01279,-0.02526312,0.9069124,-0.2081007,-0.3654664,23.32361,225.27,6.646476,0.6466708,0.03186603,-0.762099,0.0,0.0,0.0,1.183997,-0.3709691,-2.760942,-0.1305546,-0.03593333,1.116298,-0.7315924,0.1062848,0.6734067,-0.1979306,0.9121117,-0.3589927,-0.6523776,-0.395924,-0.6462569,moving,57.33651,42.57629,-6.670624,-1.843699
2071,05/08/2023 17:08:27.742261,2312,True,True,True,True,Eyes,1.902293,0.1009559,-2.238382,-0.7488039,-0.4440663,-0.4920344,0.0,0.0,0.0,0.0,0.0,0.0,0.0,2.574377,-0.4875631,-0.1746287,1.688257,0.1056273,-2.008546,-0.02508587,0.9083968,-0.2078996,-0.3618892,23.32007,224.7979,6.559156,0.6467544,0.03210158,-0.7620181,0.0,0.0,0.0,1.181261,-0.3709836,-2.760852,-0.1303815,-0.03770606,1.116143,-0.7368141,0.1048974,0.6679087,-0.1960491,0.912297,-0.359554,-0.6470473,-0.3958673,-0.6516282,moving,56.69134,42.06659,-6.662775,-1.934858
2072,05/08/2023 17:08:27.762332,2313,True,True,True,True,Eyes,1.892615,0.1007365,-2.229132,-0.7434522,-0.443873,-0.5002555,0.0,0.0,0.0,0.0,0.0,0.0,0.0,2.561824,-0.4876467,-0.1992075,1.676775,0.1026494,-2.004573,-0.02536325,0.9097486,-0.2077137,-0.3585655,23.33605,224.3514,6.428831,0.6467991,0.03232615,-0.7619708,0.0,0.0,0.0,1.178363,-0.370999,-2.760757,-0.1284319,-0.03977917,1.116659,-0.7415749,0.1028096,0.6629455,-0.1951063,0.9124234,-0.3597458,-0.6418723,-0.3961233,-0.6565715,moving,56.06411,41.58241,-6.561015,-2.040207
2073,05/08/2023 17:08:27.772518,2314,True,True,True,True,Eyes,1.882846,0.1003908,-2.220125,-0.7381061,-0.4436255,-0.5083264,0.0,0.0,0.0,0.0,0.0,0.0,0.0,2.54898,-0.4881818,-0.2231429,1.665004,0.09948291,-2.00082,-0.02554157,0.9110207,-0.2076224,-0.3553616,23.35641,223.9256,6.317704,0.646803,0.03253641,-0.7619587,0.0,0.0,0.0,1.175362,-0.3710149,-2.760658,-0.1256065,-0.04248597,1.117172,-0.7461314,0.1010242,0.6580895,-0.1940998,0.9124811,-0.3601435,-0.6368775,-0.3964495,-0.6612221,moving,55.4452,41.11178,-6.414971,-2.177905
2074,05/08/2023 17:08:27.792814,2315,True,True,True,True,Eyes,1.872968,0.09993464,-2.21135,-0.7327718,-0.4433141,-0.5162538,0.0,0.0,0.0,0.0,0.0,0.0,0.0,2.536103,-0.4891413,-0.2469835,1.652999,0.09609415,-1.997609,-0.0252475,0.9123578,-0.2068812,-0.352372,23.28421,223.5207,6.232966,0.6467641,0.03272936,-0.7619836,0.0,0.0,0.0,1.172577,-0.3710297,-2.760566,-0.1230833,-0.04454117,1.117345,-0.7503929,0.09972876,0.6534251,-0.1918678,0.9131255,-0.3597063,-0.6325322,-0.3952923,-0.6660683,moving,54.83447,40.65313,-6.28618,-2.282795
2075,05/08/2023 17:08:27.812967,2316,True,True,True,True,Eyes,1.862975,0.09937332,-2.202816,-0.7274626,-0.4429084,-0.5240518,0.0,0.0,0.0,0.0,0.0,0.0,0.0,2.522503,-0.4921452,-0.2708468,1.64066,0.09295388,-1.994538,-0.02454539,0.9137146,-0.2061166,-0.3493409,23.19196,223.1187,6.192661,0.6466802,0.03290284,-0.7620474,0.0,0.0,0.0,1.169701,-0.371045,-2.760472,-0.1213126,-0.04665899,1.117516,-0.7547168,0.09915493,0.6485142,-0.1888648,0.9138269,-0.359514,-0.6282773,-0.3938128,-0.6709537,moving,54.23166,40.20321,-6.195518,-2.390849
2076,05/08/2023 17:08:27.822242,2317,True,True,True,True,Eyes,1.852848,0.09872565,-2.194531,-0.722209,-0.442394,-0.5316971,0.0,0.0,0.0,0.0,0.0,0.0,0.0,2.508012,-0.497867,-0.2950718,1.627862,0.08984915,-1.991748,-0.02312127,0.9151455,-0.2050981,-0.3462788,23.04176,222.7212,6.221319,0.646549,0.03305503,-0.7621522,0.0,0.0,0.0,1.166732,-0.3710607,-2.760374,-0.1184921,-0.04948185,1.11761,-0.7591127,0.09972354,0.6432751,-0.1843608,0.9148004,-0.3593763,-0.6243065,-0.3914019,-0.6760515,moving,53.63914,39.76186,-6.052048,-2.535098
2077,05/08/2023 17:08:27.842421,2318,True,True,True,True,Eyes,1.842584,0.09799697,-2.186492,-0.7170209,-0.4418219,-0.5391423,0.0,0.0,0.0,0.0,0.0,0.0,0.0,2.493513,-0.5044509,-0.3159182,1.614508,0.08711217,-1.989386,-0.0213637,0.9163344,-0.2039576,-0.3439131,22.86003,222.4188,6.301212,0.6463678,0.03318489,-0.7623002,0.0,0.0,0.0,1.163701,-0.3710768,-2.760274,-0.1148663,-0.05189005,1.117546,-0.7625349,0.1011348,0.6389934,-0.17944,0.9158898,-0.3590922,-0.6215642,-0.3884813,-0.6802502,moving,53.05976,39.33429,-5.868502,-2.658455
2078,05/08/2023 17:08:27.862582,2319,True,True,True,True,Eyes,1.832194,0.09720284,-2.178725,-0.7119353,-0.4411796,-0.5463594,0.0,0.0,0.0,0.0,0.0,0.0,0.0,2.477977,-0.5162879,-0.3349712,1.600926,0.08442764,-1.987218,-0.01891836,0.9173002,-0.2038213,-0.3415545,22.75888,222.1566,6.508456,0.646134,0.03329164,-0.7624935,0.0,0.0,0.0,1.161088,-0.3710907,-2.760188,-0.1092859,-0.0525977,1.117275,-0.7659653,0.1045246,0.6343279,-0.1739398,0.9161979,-0.3610073,-0.618904,-0.3868539,-0.6835949,moving,52.49634,38.92052,-5.586598,-2.695311
2079,05/08/2023 17:08:27.872365,2320,True,True,True,True,Eyes,1.821643,0.0963529,-2.171207,-0.7069381,-0.4404243,-0.5534121,0.0,0.0,0.0,0.0,0.0,0.0,0.0,2.461529,-0.5312151,-0.3537941,1.586813,0.08215086,-1.985387,-0.01564245,0.9183035,-0.2033632,-0.3392898,22.58868,221.9149,6.796769,0.6458448,0.03337505,-0.7627343,0.0,0.0,0.0,1.158144,-0.3711063,-2.760092,-0.1034875,-0.05408919,1.117127,-0.7692757,0.1092691,0.6295041,-0.1667272,0.9167975,-0.3628836,-0.6167798,-0.3841129,-0.6870518,moving,51.94511,38.51398,-5.29261,-2.771988
2080,05/08/2023 17:08:27.892722,2321,True,True,True,True,Eyes,1.810938,0.0954775,-2.163929,-0.7018641,-0.4397385,-0.5603721,0.0,0.0,0.0,0.0,0.0,0.0,0.0,2.444392,-0.5474417,-0.3736279,1.572375,0.07994199,-1.983831,-0.01196338,0.9193859,-0.2027042,-0.3368942,22.38247,221.6591,7.11824,0.6454982,0.03343529,-0.7630255,0.0,0.0,0.0,1.15538,-0.371121,-2.76,-0.09758669,-0.05619951,1.116673,-0.7727185,0.1145818,0.6243215,-0.1585776,0.9175358,-0.3646659,-0.6146213,-0.3807875,-0.6908269,moving,51.39595,38.1222,-4.994423,-2.88113
2081,05/08/2023 17:08:27.913927,2322,True,True,True,True,Eyes,1.800076,0.09457714,-2.156891,-0.6968461,-0.4389589,-0.5672043,0.0,0.0,0.0,0.0,0.0,0.0,0.0,2.427268,-0.562445,-0.3941154,1.558025,0.07845551,-1.982346,-0.009297366,0.9203526,-0.2030303,-0.3341312,22.32946,221.3619,7.364145,0.6450919,0.03347346,-0.7633677,0.0,0.0,0.0,1.152394,-0.3711368,-2.759902,-0.09098244,-0.05536357,1.116566,-0.7765402,0.1185637,0.6188121,-0.1527912,0.9173845,-0.3675057,-0.6112617,-0.3799319,-0.6942704,moving,50.85582,37.73626,-4.658405,-2.838616
2082,05/08/2023 17:08:27.923092,2323,True,True,True,True,Eyes,1.78903,0.09376299,-2.150085,-0.6916546,-0.438615,-0.5737864,0.0,0.0,0.0,0.0,0.0,0.0,0.0,2.411654,-0.5685457,-0.4160452,1.54335,0.0769337,-1.981052,-0.007778374,0.921509,-0.2018226,-0.3317052,22.15558,221.0477,7.416828,0.644623,0.03349074,-0.7637633,0.0,0.0,0.0,1.149549,-0.371152,-2.759809,-0.0842692,-0.0524435,1.116403,-0.7798222,0.1195555,0.6144783,-0.1482269,0.9184143,-0.3668023,-0.6081989,-0.3771228,-0.6984785,moving,50.32141,37.3951,-4.316658,-2.689517
2083,05/08/2023 17:08:27.942480,2324,True,True,True,True,Eyes,1.777828,0.09308307,-2.14353,-0.6864825,-0.4383305,-0.5801794,0.0,0.0,0.0,0.0,0.0,0.0,0.0,2.395907,-0.5859905,-0.4237905,1.528391,0.07820049,-1.980217,-0.007263053,0.9209896,-0.2063936,-0.330344,22.64197,220.9994,7.657636,0.6440873,0.03349207,-0.7642153,0.0,0.0,0.0,1.146692,-0.3711671,-2.759715,-0.07861927,-0.04890081,1.116274,-0.7816405,0.1229834,0.6114848,-0.1497402,0.9146978,-0.3753742,-0.6054887,-0.3849714,-0.6965494,moving,49.79724,37.07136,-4.028694,-2.508363
2084,05/08/2023 17:08:27.962528,2325,True,True,True,True,Eyes,1.76643,0.09242217,-2.137196,-0.681105,-0.437668,-0.5869775,0.0,0.0,0.0,0.0,0.0,0.0,0.0,2.371598,-0.6282126,-0.4438076,1.513413,0.08076061,-1.979685,-0.0005141651,0.9218599,-0.2090667,-0.3262902,22.69316,220.6801,8.444632,0.6434838,0.03348356,-0.7647243,0.0,0.0,0.0,1.143799,-0.3711825,-2.759619,-0.07464325,-0.04750082,1.115846,-0.787069,0.1354848,0.6018027,-0.1373808,0.9125817,-0.3851247,-0.6013728,-0.3857959,-0.6996517,moving,49.24518,36.70932,-3.827035,-2.437572
2085,05/08/2023 17:08:27.982434,2326,True,True,True,True,Eyes,1.754934,0.09184752,-2.13102,-0.6756148,-0.437892,-0.5931233,0.0,0.0,0.0,0.0,0.0,0.0,0.0,2.3503,-0.6417071,-0.4798565,1.497764,0.08037088,-1.978939,0.005133259,0.9246533,-0.2030621,-0.3221115,21.85242,220.0941,8.694888,0.6428105,0.03346677,-0.7652913,0.0,0.0,0.0,1.140876,-0.371198,-2.759523,-0.07191235,-0.0495192,1.115065,-0.7924357,0.1403103,0.5935982,-0.1213243,0.9174789,-0.378831,-0.5977677,-0.3722171,-0.7100201,moving,48.72005,36.43777,-3.689989,-2.542792
2086,05/08/2023 17:08:27.992881,2327,True,True,True,True,Eyes,1.743304,0.09136055,-2.125068,-0.6698818,-0.4383723,-0.5992395,0.0,0.0,0.0,0.0,0.0,0.0,0.0,2.334724,-0.6602565,-0.47806,1.48383,0.08206183,-1.976595,0.001692517,0.9226496,-0.2146974,-0.3203436,23.27199,220.1113,8.808722,0.6420674,0.03344546,-0.765916,0.0,0.0,0.0,1.13798,-0.3712134,-2.759428,-0.06967664,-0.04971671,1.114339,-0.7947544,0.1406771,0.590403,-0.1344307,0.9078043,-0.3972653,-0.5918565,-0.3950966,-0.7025702,moving,48.18593,36.18725,-3.577895,-2.554583
2087,05/08/2023 17:08:28.013795,2328,True,True,True,True,Eyes,1.73162,0.09092861,-2.119265,-0.6642979,-0.4386615,-0.6052143,0.0,0.0,0.0,0.0,0.0,0.0,0.0,2.314793,-0.6837896,-0.4934516,1.468907,0.08369175,-1.976015,0.005396463,0.9231625,-0.2160665,-0.3178952,23.29703,219.9097,9.231031,0.6412535,0.0334231,-0.7665987,0.0,0.0,0.0,1.135144,-0.3712284,-2.759335,-0.06848365,-0.04817908,1.113663,-0.7978272,0.1473366,0.5846058,-0.1274094,0.9065723,-0.4023599,-0.5892698,-0.3954979,-0.7045159,moving,47.66465,35.93473,-3.518917,-2.477174
2088,05/08/2023 17:08:28.022473,2329,True,True,True,True,Eyes,1.719888,0.09055062,-2.1136,-0.6584165,-0.4395128,-0.6109961,0.0,0.0,0.0,0.0,0.0,0.0,0.0,2.298302,-0.6943797,-0.5080669,1.455928,0.08454614,-1.973731,0.008262849,0.9240604,-0.2145632,-0.3162387,23.03619,219.7131,9.442606,0.6403699,0.03340166,-0.7673382,0.0,0.0,0.0,1.132195,-0.3712441,-2.759238,-0.06856179,-0.04729131,1.113235,-0.7998497,0.1509771,0.5809015,-0.1204356,0.9077887,-0.4017647,-0.5879931,-0.3913126,-0.7079116,moving,47.13936,35.7289,-3.524276,-2.432519
2089,05/08/2023 17:08:28.042573,2330,True,True,True,True,Eyes,1.708088,0.09028608,-2.10812,-0.6526188,-0.4402378,-0.6166679,0.0,0.0,0.0,0.0,0.0,0.0,0.0,2.280883,-0.7132511,-0.5153801,1.443081,0.08554083,-1.971539,0.007395406,0.9232814,-0.2219665,-0.3134133,23.90613,219.5415,9.620901,0.6394194,0.03338292,-0.7681314,0.0,0.0,0.0,1.129344,-0.3712592,-2.759144,-0.06889519,-0.04990622,1.112312,-0.803435,0.1527906,0.5754542,-0.1254784,0.9013523,-0.4145107,-0.5820203,-0.4052395,-0.7050062,moving,46.62239,35.52295,-3.544301,-2.568974
2090,05/08/2023 17:08:28.062482,2331,True,True,True,True,Eyes,1.696194,0.09010778,-2.102786,-0.6466209,-0.440598,-0.6226996,0.0,0.0,0.0,0.0,0.0,0.0,0.0,2.262331,-0.728701,-0.5339291,1.42962,0.08798005,-1.97045,0.01023891,0.9243184,-0.2213836,-0.3106768,23.75934,219.2323,9.844599,0.638401,0.03337065,-0.7689785,0.0,0.0,0.0,1.126346,-0.3712751,-2.759045,-0.07007706,-0.05084436,1.111646,-0.8067502,0.1564855,0.569795,-0.1186295,0.9017689,-0.4156199,-0.5788619,-0.4028959,-0.7089385,moving,46.07965,35.28174,-3.607097,-2.618765
2091,05/08/2023 17:08:28.082356,2332,True,True,True,True,Eyes,1.68424,0.08996259,-2.097609,-0.6405798,-0.440622,-0.6288957,0.0,0.0,0.0,0.0,0.0,0.0,0.0,2.238894,-0.7489139,-0.5635345,1.416243,0.08960922,-1.969091,0.01636641,0.9265614,-0.2175864,-0.3063859,23.15285,218.7006,10.25303,0.6373162,0.03336734,-0.7698781,0.0,0.0,0.0,1.123407,-0.3712907,-2.758949,-0.0709134,-0.04819565,1.111523,-0.8117194,0.1636598,0.5606485,-0.1030018,0.9047766,-0.4132431,-0.5748929,-0.3931854,-0.7175674,moving,45.52732,35.01617,-3.650431,-2.482789
2092,05/08/2023 17:08:28.092779,2333,True,True,True,True,Eyes,1.672205,0.08985461,-2.092551,-0.6339633,-0.4407632,-0.6354669,0.0,0.0,0.0,0.0,0.0,0.0,0.0,2.214647,-0.7648945,-0.5984948,1.402926,0.09048019,-1.967621,0.02129407,0.9290339,-0.214145,-0.3009727,22.64858,218.0129,10.51813,0.636165,0.03337328,-0.7708295,0.0,0.0,0.0,1.120416,-0.3713066,-2.75885,-0.07282811,-0.04957408,1.111069,-0.8179242,0.1684694,0.5501075,-0.08933775,0.9073769,-0.4107138,-0.5683476,-0.3850781,-0.7271148,moving,44.93214,34.74538,-3.750247,-2.55475
2093,05/08/2023 17:08:28.114031,2334,True,True,True,True,Eyes,1.370114,0.08809078,-1.969648,-0.4487493,-0.4332756,-0.7815986,0.0,0.0,0.0,0.0,0.0,0.0,0.0,2.192715,-0.769963,-0.6348543,1.389601,0.09076815,-1.965871,0.02203258,0.9312668,-0.2128575,-0.2948703,22.54822,217.2159,10.39038,0.6349481,0.03338895,-0.7718317,0.0,0.0,0.0,1.117703,-0.371321,-2.758761,-0.07443029,-0.04929991,1.110725,-0.8251324,0.1665672,0.5398263,-0.08449436,0.9084125,-0.4094478,-0.5585856,-0.3834608,-0.7354865,moving,29.86198,29.00159,-3.833692,-2.541426
2094,05/08/2023 17:08:28.128219,2335,True,True,True,True,Eyes,1.36959,0.08812453,-1.969584,-0.4479795,-0.4333993,-0.7819716,0.0,0.0,0.0,0.0,0.0,0.0,0.0,2.172049,-0.7747188,-0.6655645,1.376278,0.09160952,-1.964288,0.02184878,0.9329542,-0.2128572,-0.2895014,22.61404,216.5304,10.23424,0.61906,0.03433116,-0.7845919,-0.9062726,-0.005291507,0.3687075,1.114491,-0.3713381,-2.758655,-0.07618096,-0.04592186,1.111062,-0.8314233,0.1640127,0.5308818,-0.08247711,0.9084289,-0.4098225,-0.5494844,-0.3845215,-0.7417617,moving,29.80773,28.99694,-3.922397,-2.366773
2095,05/08/2023 17:08:28.142664,2336,True,True,True,True,Eyes,1.368579,0.08819495,-1.969467,-0.4468263,-0.4335693,-0.7825369,0.0,0.0,0.0,0.0,0.0,0.0,0.0,2.151699,-0.7752527,-0.6993904,1.363418,0.09239864,-1.962785,0.02130701,0.9349825,-0.2116916,-0.2837963,22.56692,215.7649,9.977675,0.606976,0.03502126,-0.7939472,-0.8518963,-0.004974016,0.3465851,1.111957,-0.3713515,-2.758572,-0.07894993,-0.04022646,1.111366,-0.8380114,0.1599979,0.5216681,-0.08031119,0.9094654,-0.4079495,-0.5397102,-0.3837621,-0.7492926,moving,29.72624,28.98891,-4.06339,-2.072946
2096,05/08/2023 17:08:28.162308,2337,True,True,True,True,Eyes,1.367071,0.08829883,-1.969281,-0.4448883,-0.4340853,-0.7833546,0.0,0.0,0.0,0.0,0.0,0.0,0.0,2.134955,-0.7682212,-0.7291296,1.350619,0.09338486,-1.96136,0.01813949,0.9365984,-0.2114203,-0.2788477,22.70058,215.0654,9.476377,0.5977777,0.03553128,-0.8008732,-0.8007825,-0.004675576,0.32579,1.109049,-0.3713669,-2.758476,-0.0819186,-0.04179333,1.111452,-0.8438299,0.1518869,0.5146664,-0.08392926,0.9099449,-0.4061481,-0.5300066,-0.3859155,-0.755091,moving,29.59342,28.99244,-4.215313,-2.153448
2097,05/08/2023 17:08:28.172502,2338,True,True,True,True,Eyes,1.365113,0.08841661,-1.969041,-0.4426197,-0.4345874,-0.7843606,0.0,0.0,0.0,0.0,0.0,0.0,0.0,2.116352,-0.7624421,-0.7617321,1.337956,0.09419931,-1.959974,0.01501566,0.9383666,-0.2113337,-0.2730949,22.85594,214.2693,8.965803,0.59078,0.0359111,-0.8060322,-0.7527356,-0.004395041,0.3062426,1.105997,-0.3713832,-2.758376,-0.08553153,-0.04596114,1.111508,-0.8503877,0.1436087,0.5061797,-0.08724791,0.9102253,-0.4048183,-0.5188729,-0.3884155,-0.7615148,moving,29.43632,28.98933,-4.400289,-2.367846
2098,05/08/2023 17:08:28.192902,2339,True,True,True,True,Eyes,1.362697,0.08856694,-1.968677,-0.4398267,-0.4357036,-0.785312,0.0,0.0,0.0,0.0,0.0,0.0,0.0,2.099403,-0.7526075,-0.7912183,1.325105,0.09468774,-1.958333,0.0115913,0.9399922,-0.2104871,-0.2682821,22.92295,213.5668,8.411605,0.5854647,0.03619551,-0.8098887,-0.7075714,-0.004131339,0.287868,1.103244,-0.3713978,-2.758285,-0.0903452,-0.03957425,1.112477,-0.8557807,0.1347313,0.4994866,-0.09114836,0.9111217,-0.4019319,-0.5092459,-0.389493,-0.7674397,moving,29.25171,29.02221,-4.642852,-2.03733
2099,05/08/2023 17:08:28.212497,2340,True,True,True,True,Eyes,1.359883,0.08877701,-1.968276,-0.4368601,-0.4369086,-0.7862977,0.0,0.0,0.0,0.0,0.0,0.0,0.0,2.085681,-0.7476704,-0.8059044,1.313048,0.09555203,-1.955845,0.006205891,0.9401277,-0.2143504,-0.2649069,23.56227,213.1135,7.852621,0.5814353,0.03641088,-0.8127767,-0.6651171,-0.003883458,0.2705959,1.100235,-0.3714137,-2.758186,-0.09098309,-0.04498926,1.113188,-0.8595721,0.1252345,0.495432,-0.1018972,0.9080307,-0.4063215,-0.5007529,-0.3997456,-0.7677568,moving,29.05617,29.05887,-4.672514,-2.314338
2100,05/08/2023 17:08:28.222772,2341,True,True,True,True,Eyes,1.356658,0.08905768,-1.967828,-0.4335766,-0.4381539,-0.7874215,0.0,0.0,0.0,0.0,0.0,0.0,0.0,2.069796,-0.7479829,-0.823148,1.300626,0.09725282,-1.954488,0.003906097,0.9407416,-0.2156523,-0.2616947,23.8098,212.685,7.550675,0.5783848,0.03657796,-0.8149428,-0.6252101,-0.003650451,0.2543602,1.097449,-0.3714285,-2.758094,-0.09068084,-0.04771979,1.114405,-0.8630012,0.1202194,0.4906894,-0.1055209,0.9069577,-0.4077906,-0.4940588,-0.4037018,-0.7700199,moving,28.83843,29.09338,-4.651998,-2.451958
2101,05/08/2023 17:08:28.242635,2342,True,True,True,True,Eyes,1.353074,0.08937348,-1.967361,-0.4300707,-0.4392358,-0.7887403,0.0,0.0,0.0,0.0,0.0,0.0,0.0,2.051855,-0.7476175,-0.8466682,1.288477,0.09911884,-1.95343,0.003168619,0.942103,-0.2144097,-0.2577993,23.72569,212.1458,7.312258,0.5760735,0.03671318,-0.8165722,-0.5876975,-0.003431424,0.2390986,1.094707,-0.3714431,-2.758004,-0.09341484,-0.029649,1.11687,-0.8670592,0.1165197,0.4843883,-0.104579,0.9080369,-0.4056258,-0.4871058,-0.4023583,-0.7751361,moving,28.60199,29.11268,-4.781083,-1.520646
2102,05/08/2023 17:08:28.262741,2343,True,True,True,True,Eyes,1.349122,0.08970334,-1.966856,-0.4262788,-0.4403368,-0.7901834,0.0,0.0,0.0,0.0,0.0,0.0,0.0,2.031372,-0.7466977,-0.8755624,1.276252,0.1002779,-1.952374,0.002792978,0.9438737,-0.2124873,-0.2528712,23.56003,211.4707,7.0646,0.5743147,0.03682776,-0.8178051,-0.5524356,-0.003225538,0.2247526,1.091802,-0.3714585,-2.757909,-0.0958479,-0.03284669,1.118402,-0.8720967,0.1127363,0.47617,-0.1021914,0.9096827,-0.4025348,-0.4785439,-0.3997098,-0.7818107,moving,28.34545,29.12913,-4.898322,-1.682253
2103,05/08/2023 17:08:28.272377,2344,True,True,True,True,Eyes,1.344836,0.09003267,-1.966329,-0.4222646,-0.4413826,-0.7917538,0.0,0.0,0.0,0.0,0.0,0.0,0.0,2.009287,-0.7473828,-0.9048963,1.26392,0.1009051,-1.951148,0.002387578,0.9455686,-0.2112971,-0.2474827,23.47883,210.7551,6.831395,0.5729607,0.03692961,-0.8187497,-0.5192895,-0.003032006,0.2112675,1.088958,-0.3714736,-2.757815,-0.1016014,-0.04412875,1.118958,-0.8774934,0.1091,0.4670148,-0.1000695,0.9106956,-0.4007737,-0.4690327,-0.3984101,-0.7882117,moving,28.07226,29.13855,-5.188226,-2.258423
2104,05/08/2023 17:08:28.292899,2345,True,True,True,True,Eyes,1.340196,0.09034711,-1.965765,-0.4179324,-0.4424989,-0.7934276,0.0,0.0,0.0,0.0,0.0,0.0,0.0,1.986074,-0.7524511,-0.9319577,1.251583,0.1012302,-1.950002,0.002776258,0.947033,-0.210877,-0.2421814,23.45759,210.0866,6.723324,0.5718966,0.03702411,-0.8194891,-0.4881321,-0.002850085,0.1985914,1.085986,-0.3714894,-2.757717,-0.106372,-0.03410672,1.121613,-0.8826811,0.1073994,0.4575366,-0.09688254,0.9110464,-0.4007596,-0.4598784,-0.3980702,-0.7937582,moving,27.77771,29.14865,-5.41764,-1.74175
2105,05/08/2023 17:08:28.314384,2346,True,True,True,True,Eyes,1.335248,0.09063072,-1.965189,-0.4133555,-0.443661,-0.7951742,0.0,0.0,0.0,0.0,0.0,0.0,0.0,1.960492,-0.7606803,-0.9600403,1.239175,0.1011972,-1.948858,0.004036971,0.9485466,-0.2106067,-0.2364064,23.43022,209.3827,6.711658,0.5710004,0.0371166,-0.8201097,-0.4588442,-0.00267908,0.186676,1.083104,-0.3715047,-2.757622,-0.1101759,-0.04285708,1.122106,-0.8881915,0.1072361,0.4467846,-0.09191905,0.911257,-0.4014493,-0.4501854,-0.3976318,-0.7995138,moving,27.46677,29.15898,-5.607712,-2.18726
2106,05/08/2023 17:08:28.324268,2347,True,True,True,True,Eyes,1.329966,0.09089267,-1.964592,-0.4084393,-0.445077,-0.7969215,0.0,0.0,0.0,0.0,0.0,0.0,0.0,1.933802,-0.772002,-0.9867599,1.226755,0.1007556,-1.947868,0.005220394,0.9497937,-0.2116269,-0.2303886,23.55307,208.6741,6.730114,0.5700631,0.03721695,-0.820757,-0.4313135,-0.002518336,0.1754754,1.0802,-0.3715201,-2.757527,-0.1121098,-0.05040812,1.123273,-0.8937879,0.1074294,0.4354336,-0.08759622,0.9103736,-0.4044092,-0.4398527,-0.3995983,-0.8042705,moving,27.13611,29.18316,-5.699607,-2.569488
2107,05/08/2023 17:08:28.342594,2348,True,True,True,True,Eyes,1.324378,0.09111949,-1.963991,-0.4032434,-0.446523,-0.7987566,0.0,0.0,0.0,0.0,0.0,0.0,0.0,1.904837,-0.7856452,-1.014646,1.214241,0.1003912,-1.94697,0.006421098,0.9510183,-0.2132826,-0.2236818,23.75326,207.8929,6.752986,0.5690787,0.03732388,-0.821435,-0.4054347,-0.002367235,0.1649469,1.077194,-0.371536,-2.757428,-0.1122,-0.05165759,1.124342,-0.8998504,0.107628,0.4227118,-0.08320168,0.9089386,-0.4085439,-0.4281898,-0.4027987,-0.8089539,moving,26.78642,29.20618,-5.698777,-2.630589
2108,05/08/2023 17:08:28.362681,2349,True,True,True,True,Eyes,1.31848,0.09129149,-1.963376,-0.3979081,-0.4481307,-0.8005298,0.0,0.0,0.0,0.0,0.0,0.0,0.0,1.87556,-0.7955926,-1.043947,1.201258,0.09979878,-1.94616,0.007273119,0.9523795,-0.2141333,-0.2169499,23.87337,207.0847,6.704879,0.5680426,0.03743557,-0.8221468,-0.3811086,-0.002225201,0.1550501,1.074389,-0.3715509,-2.757335,-0.1112437,-0.05296285,1.125253,-0.9057595,0.106766,0.4101225,-0.07905889,0.908188,-0.4110282,-0.4163522,-0.4047166,-0.8141592,moving,26.42995,29.23978,-5.645975,-2.694781
2109,05/08/2023 17:08:28.382392,2350,True,True,True,True,Eyes,1.312296,0.09138865,-1.962734,-0.3923704,-0.4498161,-0.802316,0.0,0.0,0.0,0.0,0.0,0.0,0.0,1.848172,-0.8008559,-1.071779,1.18833,0.09868494,-1.945239,0.007281756,0.9536619,-0.2146234,-0.2107435,23.97182,206.3159,6.557479,0.5669512,0.0375495,-0.8228945,-0.3582421,-0.002091689,0.1457471,1.071377,-0.3715669,-2.757236,-0.1086746,-0.0520443,1.126352,-0.9110684,0.1043496,0.3988303,-0.0765723,0.9077675,-0.4124255,-0.4050817,-0.4062872,-0.819048,moving,26.06081,29.27704,-5.51105,-2.645532
2110,05/08/2023 17:08:28.393876,2351,True,True,True,True,Eyes,1.305828,0.09141528,-1.962074,-0.3867621,-0.4515708,-0.8040515,0.0,0.0,0.0,0.0,0.0,0.0,0.0,1.823649,-0.8042543,-1.09396,1.175224,0.0970524,-1.943887,0.006091232,0.9544549,-0.2161812,-0.2055345,24.2153,205.6637,6.326176,0.565801,0.03766271,-0.8236806,-0.3367476,-0.001966188,0.1370022,1.068482,-0.3715823,-2.757141,-0.1037917,-0.04865715,1.127867,-0.915437,0.100493,0.3897132,-0.07723776,0.9064572,-0.4151743,-0.3949804,-0.4101665,-0.8220426,moving,25.68833,29.31941,-5.257822,-2.470258
2111,05/08/2023 17:08:28.415180,2352,True,True,True,True,Eyes,1.299116,0.0913725,-1.961392,-0.3809804,-0.4533487,-0.8058095,0.0,0.0,0.0,0.0,0.0,0.0,0.0,1.79963,-0.8079998,-1.115219,1.162443,0.09542595,-1.942901,0.0054721,0.9552474,-0.2172824,-0.200651,24.38846,205.0565,6.15495,0.5645896,0.03777252,-0.8245064,-0.3165427,-0.001848217,0.1287821,1.065472,-0.3715983,-2.757042,-0.09522557,-0.04827444,1.129331,-0.9194185,0.09765027,0.3809647,-0.07674143,0.9055168,-0.4173129,-0.3857206,-0.4129209,-0.8250551,moving,25.30442,29.36212,-4.819798,-2.447678
2112,05/08/2023 17:08:28.422806,2353,True,True,True,True,Eyes,1.292169,0.09125941,-1.960685,-0.3751066,-0.4552182,-0.8075094,0.0,0.0,0.0,0.0,0.0,0.0,0.0,1.774176,-0.8124294,-1.137053,1.149813,0.09376094,-1.941589,0.005170139,0.956105,-0.2182797,-0.1954243,24.54299,204.4117,6.007371,0.5633159,0.03787658,-0.8253723,-0.2975502,-0.001737324,0.1210552,1.062831,-0.3716123,-2.756955,-0.08661258,-0.04624137,1.130323,-0.9235654,0.0952007,0.3714351,-0.07542791,0.9046545,-0.4194174,-0.3759493,-0.4153759,-0.8283269,moving,24.91595,29.41131,-4.381805,-2.342656
2113,05/08/2023 17:08:28.442671,2354,True,True,True,True,Eyes,1.284992,0.09105824,-1.959947,-0.3689944,-0.457111,-0.8092543,0.0,0.0,0.0,0.0,0.0,0.0,0.0,1.746467,-0.8207294,-1.158832,1.137364,0.09201802,-1.94025,0.005687149,0.9569158,-0.219715,-0.18975,24.72978,203.7388,5.957115,0.5619782,0.03797279,-0.8262793,-0.2796971,-0.001633084,0.1137919,1.059599,-0.3716294,-2.756849,-0.07895571,-0.03996544,1.13185,-0.9279252,0.09426609,0.3606505,-0.0724976,0.903386,-0.4226558,-0.3656487,-0.4183392,-0.8314404,moving,24.51149,29.46013,-3.990379,-2.022264
2114,05/08/2023 17:08:28.462331,2355,True,True,True,True,Eyes,1.277601,0.09077773,-1.959183,-0.3627819,-0.4590243,-0.8109784,0.0,0.0,0.0,0.0,0.0,0.0,0.0,1.714757,-0.8296505,-1.184211,1.124627,0.08972427,-1.938615,0.006830923,0.9579714,-0.220772,-0.1830416,24.86526,202.9454,5.940947,0.5605755,0.03805842,-0.8272277,-0.2629153,-0.001535099,0.1069643,1.057137,-0.3716425,-2.756768,-0.07402384,-0.03974125,1.132032,-0.9328985,0.09390856,0.3476811,-0.06773326,0.9024262,-0.4254871,-0.3537134,-0.4204857,-0.8355113,moving,24.10081,29.51043,-3.741259,-2.010607
2115,05/08/2023 17:08:28.472892,2356,True,True,True,True,Eyes,1.269985,0.09042016,-1.958382,-0.3563828,-0.4609011,-0.8127493,0.0,0.0,0.0,0.0,0.0,0.0,0.0,1.683558,-0.8396412,-1.206666,1.111704,0.08762448,-1.936967,0.007622587,0.9587477,-0.2225728,-0.1766527,25.09303,202.1961,5.910266,0.5591077,0.03813133,-0.8282171,-0.2471404,-0.001442993,0.1005465,1.054138,-0.3716584,-2.756669,-0.068973,-0.04319893,1.132321,-0.9374716,0.09325245,0.3353376,-0.0640199,0.9008065,-0.4294753,-0.342124,-0.4240892,-0.8385105,moving,23.67699,29.55709,-3.485749,-2.18482
2116,05/08/2023 17:08:28.492767,2357,True,True,True,True,Eyes,1.262156,0.08997416,-1.957538,-0.3499209,-0.4625154,-0.8146378,0.0,0.0,0.0,0.0,0.0,0.0,0.0,1.651957,-0.8462911,-1.230449,1.098651,0.08542344,-1.93516,0.008994423,0.9597954,-0.2228756,-0.1704064,25.13577,201.4541,5.910563,0.5575743,0.03818972,-0.8292475,-0.232312,-0.001356414,0.0945137,1.051368,-0.3716731,-2.756578,-0.06389499,-0.03816134,1.132383,-0.9417614,0.09322446,0.3231013,-0.05869324,0.9004911,-0.4308954,-0.3311197,-0.4247646,-0.8425762,moving,23.24554,29.586,-3.229504,-1.930139
2117,05/08/2023 17:08:28.515800,2358,True,True,True,True,Eyes,1.25412,0.08943804,-1.956634,-0.3433001,-0.4641005,-0.8165511,0.0,0.0,0.0,0.0,0.0,0.0,0.0,1.620649,-0.8478059,-1.255924,1.085714,0.0828248,-1.933129,0.01091697,0.9611837,-0.2213014,-0.1644157,24.95035,200.7279,5.935449,0.5559752,0.03823145,-0.8303186,-0.2183732,-0.001275029,0.08884288,1.048396,-0.3716889,-2.75648,-0.06013238,-0.0305317,1.133127,-0.9456967,0.09375726,0.3112354,-0.05178441,0.901813,-0.4290125,-0.3208991,-0.4218327,-0.8479865,moving,22.8032,29.61246,-3.037702,-1.54344
2118,05/08/2023 17:08:28.522956,2359,True,True,True,True,Eyes,1.245914,0.08883212,-1.955682,-0.3366266,-0.46556,-0.8184964,0.0,0.0,0.0,0.0,0.0,0.0,0.0,1.587404,-0.8553321,-1.277838,1.072639,0.08011378,-1.930632,0.01313799,0.9621363,-0.2215754,-0.158195,24.97449,200.013,6.040083,0.5543102,0.03825451,-0.83143,-0.2052708,-0.001198527,0.08351231,1.045431,-0.3717047,-2.756383,-0.05721319,-0.0259892,1.133828,-0.9496036,0.09538531,0.2985882,-0.04482318,0.9014634,-0.4305283,-0.3102324,-0.4222147,-0.8517575,moving,22.35611,29.63118,-2.888707,-1.313084
2119,05/08/2023 17:08:28.543465,2360,True,True,True,True,Eyes,1.237507,0.08818205,-1.954667,-0.3297263,-0.4669727,-0.8204981,0.0,0.0,0.0,0.0,0.0,0.0,0.0,1.551309,-0.865338,-1.300405,1.059524,0.07788224,-1.928151,0.01609187,0.9631101,-0.2218928,-0.1514057,24.99515,199.2479,6.219306,0.552581,0.03825789,-0.8325801,-0.1929546,-0.001126615,0.07850157,1.042645,-0.3717194,-2.756291,-0.05563831,-0.0220992,1.134156,-0.953635,0.09818815,0.2844993,-0.03619519,0.9010092,-0.4322873,-0.298782,-0.4225417,-0.85568,moving,21.89328,29.64564,-2.80851,-1.116276
2120,05/08/2023 17:08:28.562676,2361,True,True,True,True,Eyes,1.228937,0.08749499,-1.953606,-0.3227225,-0.4681683,-0.8225988,0.0,0.0,0.0,0.0,0.0,0.0,0.0,1.511132,-0.876023,-1.3254,1.046199,0.07613618,-1.925433,0.01976972,0.9642635,-0.2217105,-0.1436991,24.95416,198.3808,6.449784,0.5507868,0.0382418,-0.8337688,-0.1813773,-0.001059019,0.07379147,1.039726,-0.3717349,-2.756195,-0.05462056,-0.02002749,1.134408,-0.9579195,0.1018457,0.2683613,-0.02559277,0.9009072,-0.4332565,-0.2858939,-0.421893,-0.86039,moving,21.4211,29.64564,-2.756603,-1.011427
2121,05/08/2023 17:08:28.573275,2362,True,True,True,True,Eyes,1.220145,0.0867635,-1.952475,-0.3153953,-0.4691772,-0.8248628,0.0,0.0,0.0,0.0,0.0,0.0,0.0,1.466424,-0.8857762,-1.354254,1.032609,0.07460272,-1.9228,0.02427298,0.9656944,-0.2205294,-0.1349519,24.79524,197.3919,6.730957,0.548929,0.0382067,-0.8349948,-0.1704947,-0.0009954774,0.06936399,1.036685,-0.3717511,-2.756095,-0.0538947,-0.02273476,1.134271,-0.9623977,0.1064023,0.2499388,-0.01264115,0.9015552,-0.4324793,-0.2713504,-0.4193765,-0.8663095,moving,20.9249,29.63097,-2.720353,-1.148254
2122,05/08/2023 17:08:28.592771,2363,True,True,True,True,Eyes,1.211154,0.08596627,-1.951273,-0.307891,-0.4698453,-0.8273141,0.0,0.0,0.0,0.0,0.0,0.0,0.0,1.419341,-0.8894004,-1.386521,1.018377,0.07273997,-1.919796,0.02845626,0.9674206,-0.2179724,-0.1256018,24.49372,196.3011,6.930976,0.5470066,0.0381527,-0.8362579,-0.160265,-0.0009357488,0.06520215,1.033789,-0.3717664,-2.756,-0.0535593,-0.02565256,1.133854,-0.966829,0.1098137,0.2306141,0.0003029224,0.9033567,-0.4288902,-0.2554248,-0.4145935,-0.8734246,moving,20.41312,29.59296,-2.704442,-1.296051
2123,05/08/2023 17:08:28.615793,2364,True,True,True,True,Eyes,1.201946,0.085099,-1.949969,-0.3001685,-0.4704237,-0.8298196,0.0,0.0,0.0,0.0,0.0,0.0,0.0,1.375524,-0.8891794,-1.415413,1.003942,0.07037689,-1.916571,0.03142512,0.9689121,-0.2156591,-0.1171026,24.23936,195.2915,7.017707,0.5450197,0.03807897,-0.8375577,-0.1506491,-0.0008796038,0.06129002,1.030982,-0.3717813,-2.755907,-0.05319351,-0.03066722,1.132885,-0.9705989,0.1114048,0.21337,0.01038788,0.9050072,-0.4252694,-0.2404784,-0.4105495,-0.8795564,moving,19.88644,29.54885,-2.688292,-1.550619
2124,05/08/2023 17:08:28.632548,2365,True,True,True,True,Eyes,1.192561,0.08422794,-1.948601,-0.2924463,-0.4709715,-0.8322626,0.0,0.0,0.0,0.0,0.0,0.0,0.0,1.334955,-0.8886914,-1.438716,0.9894151,0.06780389,-1.912652,0.03366297,0.970024,-0.2142514,-0.1096208,24.09668,194.4049,7.065214,0.5429683,0.03798461,-0.8388934,-0.1416101,-0.0008268276,0.05761262,1.028049,-0.3717969,-2.755811,-0.05346596,-0.03562775,1.131676,-0.9737005,0.1122806,0.198245,0.01833495,0.9059263,-0.4230383,-0.2270943,-0.4082777,-0.8841596,moving,19.36082,29.50521,-2.704924,-1.803206
2125,05/08/2023 17:08:28.642880,2366,True,True,True,True,Eyes,1.18298,0.08346821,-1.947178,-0.2846783,-0.4716768,-0.8345534,0.0,0.0,0.0,0.0,0.0,0.0,0.0,1.299078,-0.8951666,-1.453549,0.9750718,0.06689224,-1.90958,0.03586406,0.9704778,-0.2147588,-0.103756,24.16684,193.7458,7.189042,0.5408525,0.03787157,-0.8402641,-0.1331135,-0.000777218,0.05415586,1.025293,-0.3718116,-2.75572,-0.05280817,-0.03948918,1.13011,-0.9758968,0.1141756,0.1859815,0.02504552,0.9051849,-0.4242795,-0.21679,-0.4093951,-0.8862267,moving,18.83525,29.47447,-2.67539,-2.001259
2126,05/08/2023 17:08:28.662264,2367,True,True,True,True,Eyes,1.173236,0.08279417,-1.945729,-0.2767544,-0.4720356,-0.8370122,0.0,0.0,0.0,0.0,0.0,0.0,0.0,1.256625,-0.9179738,-1.463411,0.9607354,0.06877628,-1.906727,0.04186639,0.9703982,-0.2169724,-0.09745654,24.38958,193.1572,7.796236,0.5386711,0.03774661,-0.8416697,-0.1251267,-0.0007305849,0.05090651,1.022403,-0.3718269,-2.755625,-0.05109048,-0.04186431,1.12846,-0.9774991,0.1235449,0.1709756,0.03896338,0.9023404,-0.4292594,-0.207311,-0.4129388,-0.8868506,moving,18.29624,29.42096,-2.592268,-2.12462
2127,05/08/2023 17:08:28.672745,2368,True,True,True,True,Eyes,1.163287,0.08217759,-1.944179,-0.2684732,-0.4725782,-0.8393998,0.0,0.0,0.0,0.0,0.0,0.0,0.0,1.199548,-0.9255602,-1.493516,0.9459462,0.07011205,-1.904321,0.05109904,0.9719085,-0.2124247,-0.08751319,23.82667,192.1042,8.582035,0.5364238,0.03761471,-0.8431097,-0.1176191,-0.0006867498,0.04785212,1.019482,-0.3718424,-2.755529,-0.04860997,-0.0418261,1.126725,-0.9794606,0.1365071,0.1484002,0.06214723,0.9045293,-0.4218585,-0.191819,-0.4039711,-0.8944343,moving,17.73633,29.37931,-2.470363,-2.125948
2128,05/08/2023 17:08:28.692504,2369,True,True,True,True,Eyes,1.15317,0.08169816,-1.94257,-0.2601826,-0.4736725,-0.8413913,0.0,0.0,0.0,0.0,0.0,0.0,0.0,1.146265,-0.9393628,-1.512016,0.9309731,0.07089159,-1.900205,0.05466955,0.9721821,-0.2141569,-0.07752521,24.07439,190.9962,8.788824,0.5341107,0.03747927,-0.8445829,-0.1404074,-0.002495286,0.04963194,1.016577,-0.3718578,-2.755433,-0.04685771,-0.04054433,1.124487,-0.9820023,0.1395026,0.1273215,0.0730924,0.9022962,-0.4248755,-0.1741529,-0.4079224,-0.8962533,moving,17.18312,29.37792,-2.386152,-2.064953
2129,05/08/2023 17:08:28.712750,2370,True,True,True,True,Eyes,1.142856,0.08133226,-1.940959,-0.2516777,-0.4742758,-0.8436354,0.0,0.0,0.0,0.0,0.0,0.0,0.0,1.0993,-0.9708675,-1.514285,0.9162859,0.07384038,-1.897121,0.05638897,0.9709427,-0.2219921,-0.06935728,25.04065,190.1537,8.908039,0.5317314,0.03734676,-0.8460887,-0.1623356,-0.003783836,0.05148057,1.013727,-0.371873,-2.755339,-0.04643548,-0.03734797,1.122052,-0.9840199,0.1402944,0.109648,0.07870737,0.8950796,-0.4389051,-0.1597197,-0.4232612,-0.8918184,moving,16.61117,29.34387,-2.369801,-1.906411
2130,05/08/2023 17:08:28.722675,2371,True,True,True,True,Eyes,1.132387,0.08107709,-1.939295,-0.2429781,-0.4745659,-0.8460194,0.0,0.0,0.0,0.0,0.0,0.0,0.0,1.054181,-0.9567171,-1.543825,0.9011448,0.07608092,-1.895296,0.06017935,0.9728478,-0.2148964,-0.06136267,24.25116,189.1672,9.053078,0.5292839,0.037222,-0.8476275,-0.1835378,-0.004654522,0.05322579,1.010699,-0.371889,-2.75524,-0.04706866,-0.0348804,1.119177,-0.9852266,0.1434639,0.09352842,0.09071744,0.9003959,-0.4255085,-0.1452577,-0.4107375,-0.9001087,moving,16.02415,29.2898,-2.40824,-1.785109
2131,05/08/2023 17:08:28.742992,2372,True,True,True,True,Eyes,1.121777,0.08091186,-1.937619,-0.2340321,-0.4747826,-0.8484165,0.0,0.0,0.0,0.0,0.0,0.0,0.0,1.01493,-0.9525163,-1.560946,0.8871486,0.07835934,-1.892286,0.0620442,0.9737037,-0.2123105,-0.05455201,23.99681,188.3444,9.068312,0.526768,0.03710923,-0.8491983,-0.2039324,-0.005140753,0.05502259,1.007963,-0.3719035,-2.75515,-0.04750454,-0.0338347,1.115729,-0.9863495,0.1439893,0.07988972,0.09766141,0.9021496,-0.4202242,-0.1325803,-0.4066857,-0.903897,moving,15.42129,29.23182,-2.438018,-1.736973
2132,05/08/2023 17:08:28.763008,2373,True,True,True,True,Eyes,1.111074,0.08083741,-1.935928,-0.2248759,-0.4747644,-0.8508993,0.0,0.0,0.0,0.0,0.0,0.0,0.0,0.9741677,-0.948217,-1.579058,0.8730462,0.08035228,-1.890205,0.06216821,0.9744545,-0.2106662,-0.04683495,23.87521,187.3808,8.863317,0.5241836,0.03701137,-0.8508003,-0.223525,-0.005328002,0.05674948,1.005106,-0.3719187,-2.755056,-0.04822594,-0.03197691,1.111859,-0.9878832,0.1408933,0.06508356,0.1014271,0.9035097,-0.4163925,-0.1174705,-0.4047459,-0.9068524,moving,14.80369,29.1596,-2.483598,-1.647364
2133,05/08/2023 17:08:28.772663,2374,True,True,True,True,Eyes,1.100262,0.08080945,-1.934223,-0.2156034,-0.4747218,-0.8533196,0.0,0.0,0.0,0.0,0.0,0.0,0.0,0.9414968,-0.9381782,-1.594853,0.8594496,0.08249466,-1.888039,0.06002662,0.9753184,-0.2085793,-0.04056674,23.70278,186.5326,8.416001,0.5215321,0.03693104,-0.8524317,-0.2422235,-0.005231683,0.05841818,1.002002,-0.3719352,-2.754954,-0.04922533,-0.02987537,1.107794,-0.9895025,0.1340129,0.05409036,0.1001674,0.9057829,-0.4117327,-0.1041716,-0.4019923,-0.9096982,moving,14.17983,29.08822,-2.54429,-1.544797
2134,05/08/2023 17:08:28.792922,2375,True,True,True,True,Eyes,1.089368,0.08083118,-1.932519,-0.2063633,-0.4747071,-0.8556094,0.0,0.0,0.0,0.0,0.0,0.0,0.0,0.9114119,-0.9317371,-1.606418,0.8459481,0.08361165,-1.885938,0.05768251,0.9758074,-0.2079508,-0.0350617,23.69044,185.7923,7.981759,0.5188141,0.03686868,-0.8540915,-0.2601244,-0.005001646,0.06002931,0.9992754,-0.3719497,-2.754864,-0.05093753,-0.0295648,1.102899,-0.9908869,0.1271562,0.04443668,0.0979918,0.9068584,-0.4098847,-0.09241717,-0.4017949,-0.9110544,moving,13.56012,29.02228,-2.644334,-1.535528
2135,05/08/2023 17:08:28.816134,2376,True,True,True,True,Eyes,1.078404,0.08091609,-1.930842,-0.1971151,-0.4746965,-0.857793,0.0,0.0,0.0,0.0,0.0,0.0,0.0,0.8866479,-0.9295818,-1.612818,0.8330127,0.08482108,-1.884236,0.05637963,0.9759917,-0.2080396,-0.03132325,23.73818,185.3028,7.727464,0.5160303,0.0368248,-0.8557782,-0.2772009,-0.00463637,0.06153948,0.9964173,-0.3719648,-2.75477,-0.052899,-0.02986661,1.097934,-0.9916804,0.123085,0.03768406,0.09701914,0.9070818,-0.4096218,-0.08460084,-0.4025578,-0.9114768,moving,12.94151,28.95983,-2.758405,-1.558207
2136,05/08/2023 17:08:28.822789,2377,True,True,True,True,Eyes,1.067406,0.08103596,-1.929213,-0.187892,-0.4746433,-0.8598897,0.0,0.0,0.0,0.0,0.0,0.0,0.0,0.8528035,-0.9324255,-1.621726,0.8203001,0.08641449,-1.883169,0.0583729,0.9760932,-0.2077443,-0.02602047,23.73567,184.7027,7.833501,0.5131814,0.03680044,-0.8574907,-0.2934613,-0.004103445,0.06287608,0.9935037,-0.3719803,-2.754674,-0.05527699,-0.03135347,1.092572,-0.991831,0.124766,0.02654353,0.1031436,0.9068699,-0.4085932,-0.07505006,-0.4025177,-0.9123304,moving,12.3258,28.89789,-2.896321,-1.643762
2137,05/08/2023 17:08:28.842682,2378,True,True,True,True,Eyes,1.056344,0.08117863,-1.927625,-0.1785674,-0.474697,-0.8618448,0.0,0.0,0.0,0.0,0.0,0.0,0.0,0.8163762,-0.9289019,-1.635477,0.8077024,0.08741806,-1.882574,0.06067681,0.9765558,-0.2055718,-0.01993642,23.52101,183.9953,7.942933,0.5102691,0.03679522,-0.8592271,-0.3088469,-0.003497621,0.06399193,0.9906451,-0.3719955,-2.75458,-0.05966806,-0.0337708,1.086649,-0.9918419,0.1267053,0.01399117,0.1103119,0.9081171,-0.403924,-0.06388494,-0.3990853,-0.9146858,moving,11.7056,28.84561,-3.142963,-1.780061
2138,05/08/2023 17:08:28.862548,2379,True,True,True,True,Eyes,1.045208,0.08133605,-1.926099,-0.1691654,-0.4749812,-0.8635832,0.0,0.0,0.0,0.0,0.0,0.0,0.0,0.7790029,-0.9337279,-1.644024,0.7950141,0.08812971,-1.881938,0.061912,0.9763883,-0.20652,-0.01350892,23.67916,183.252,7.938346,0.5072938,0.03680831,-0.8609866,-0.3235008,-0.002859772,0.06491601,0.9878612,-0.3720103,-2.754488,-0.06482345,-0.03456092,1.080505,-0.9919692,0.12648,0.00080777,0.1153206,0.9070328,-0.4049601,-0.05195204,-0.4016147,-0.9143343,moving,11.0832,28.81133,-3.433268,-1.832032
2139,05/08/2023 17:08:28.873587,2380,True,True,True,True,Eyes,1.03404,0.081504,-1.924628,-0.159735,-0.4754398,-0.8651253,0.0,0.0,0.0,0.0,0.0,0.0,0.0,0.7461588,-0.9388477,-1.650289,0.7825973,0.08861364,-1.881842,0.06185693,0.9760987,-0.2081882,-0.00792379,23.91896,182.5848,7.799742,0.5042549,0.03683855,-0.8627686,-0.3374999,-0.002215916,0.06560012,0.9848912,-0.372026,-2.75439,-0.07067472,-0.03697261,1.074054,-0.992222,0.1240562,-0.01028696,0.1174577,0.9056628,-0.4074048,-0.04122457,-0.4054442,-0.9131899,moving,10.46116,28.79152,-3.76474,-1.971538
2140,05/08/2023 17:08:28.892810,2381,True,True,True,True,Eyes,1.022839,0.08172102,-1.92322,-0.1503044,-0.476318,-0.8663312,0.0,0.0,0.0,0.0,0.0,0.0,0.0,0.7171159,-0.9449292,-1.653882,0.7705861,0.08909749,-1.881683,0.06064055,0.9756725,-0.2106584,-0.002979595,24.24919,181.9713,7.536535,0.5011536,0.03688472,-0.8645717,-0.3507543,-0.001579108,0.06607688,0.9818856,-0.372042,-2.754292,-0.07652241,-0.04011232,1.067292,-0.9926278,0.119586,-0.01973466,0.1170753,0.9038915,-0.4114286,-0.0313631,-0.4107059,-0.9112284,moving,9.842575,28.80246,-4.100959,-2.152349
2141,05/08/2023 17:08:28.916305,2382,True,True,True,True,Eyes,1.011635,0.0819704,-1.921883,-0.1408365,-0.4771927,-0.86744,0.0,0.0,0.0,0.0,0.0,0.0,0.0,0.6908234,-0.9604347,-1.651034,0.759145,0.09053785,-1.881778,0.05922944,0.9746641,-0.2156855,0.00122913,24.87169,181.4624,7.277576,0.4979907,0.03694744,-0.8663947,-0.3633125,-0.0008333223,0.0663355,0.9790531,-0.372057,-2.754199,-0.0814507,-0.04117128,1.060942,-0.992981,0.1149274,-0.02794584,0.1159878,0.8999432,-0.4202963,-0.02315389,-0.4205875,-0.9069566,moving,9.222003,28.8159,-4.390104,-2.222325
2142,05/08/2023 17:08:28.922649,2383,True,True,True,True,Eyes,1.000422,0.08222244,-1.920593,-0.1314297,-0.4781106,-0.8684103,0.0,0.0,0.0,0.0,0.0,0.0,0.0,0.6607444,-0.9610088,-1.658228,0.7477927,0.0915873,-1.882089,0.05889374,0.9746138,-0.2159118,0.006453454,24.93699,180.8121,7.095681,0.4947676,0.03702649,-0.8682359,-0.375125,-3.516546e-05,0.06636688,0.9761059,-0.3720727,-2.754102,-0.08635342,-0.04473683,1.054286,-0.9929801,0.1120105,-0.03801095,0.117584,0.8998272,-0.4201011,-0.01285245,-0.4216214,-0.9066812,moving,8.606126,28.83536,-4.682473,-2.429791
2143,05/08/2023 17:08:28.942657,2384,True,True,True,True,Eyes,0.9892094,0.08249366,-1.919349,-0.1221027,-0.4792751,-0.8691297,0.0,0.0,0.0,0.0,0.0,0.0,0.0,0.6330531,-0.963709,-1.662166,0.7364271,0.09192916,-1.881891,0.0585409,0.9743415,-0.2170509,0.01098273,25.10315,180.2538,6.933185,0.491486,0.03712038,-0.8700937,-0.3862567,0.0007230592,0.06625512,0.973376,-0.3720872,-2.754012,-0.09471959,-0.03830647,1.04839,-0.9929046,0.10931,-0.04681456,0.1188453,0.8989238,-0.4216774,-0.004010844,-0.4242491,-0.9055365,moving,7.997056,28.87422,-5.162526,-2.092565
2144,05/08/2023 17:08:28.962315,2385,True,True,True,True,Eyes,0.9780436,0.08279991,-1.918172,-0.1129599,-0.4803611,-0.8697662,0.0,0.0,0.0,0.0,0.0,0.0,0.0,0.604634,-0.9772422,-1.659716,0.7251403,0.09262404,-1.881711,0.05929752,0.9733788,-0.2208761,0.01520798,25.58158,179.7833,6.923019,0.4881479,0.03722847,-0.8719662,-0.3967184,0.001493346,0.06600988,0.9704884,-0.3721025,-2.753917,-0.09997177,-0.04051143,1.042905,-0.9925051,0.1087197,-0.05580105,0.122156,0.8953952,-0.4281885,0.003411441,-0.4317957,-0.901965,moving,7.399807,28.91132,-5.475583,-2.224524
2145,05/08/2023 17:08:28.972922,2386,True,True,True,True,Eyes,0.9668852,0.08313202,-1.91705,-0.1039026,-0.4814323,-0.870303,0.0,0.0,0.0,0.0,0.0,0.0,0.0,0.5751997,-0.9844471,-1.661621,0.7139204,0.09390521,-1.882146,0.06130582,0.972882,-0.2221821,0.01942838,25.76595,179.3281,7.057732,0.4847563,0.0373509,-0.8738511,-0.4064128,0.002322491,0.06558229,0.9674129,-0.3721188,-2.753815,-0.1031852,-0.05725822,1.035629,-0.9917284,0.1106534,-0.06504514,0.1279199,0.8937535,-0.4299317,0.01056094,-0.434696,-0.9005154,moving,6.80813,28.95039,-5.689905,-3.164569
2146,05/08/2023 17:08:28.992485,2387,True,True,True,True,Eyes,0.9557099,0.08350509,-1.916011,-0.09487119,-0.4823118,-0.8708471,0.0,0.0,0.0,0.0,0.0,0.0,0.0,0.54549,-0.9876038,-1.665383,0.7029045,0.09495576,-1.882373,0.06372231,0.9726062,-0.2222939,0.02371058,25.8127,178.8675,7.237479,0.4813125,0.03748741,-0.8757467,-0.4155031,0.003179471,0.06501371,0.9646137,-0.3721337,-2.753723,-0.1100639,-0.03379607,1.03274,-0.9907548,0.113412,-0.07445228,0.1344949,0.8930497,-0.4293871,0.01779195,-0.4354307,-0.9000468,moving,6.217356,28.97953,-6.083314,-1.874317
2147,05/08/2023 17:08:29.012504,2388,True,True,True,True,Eyes,0.9445447,0.08389357,-1.915055,-0.08585119,-0.4829578,-0.8714249,0.0,0.0,0.0,0.0,0.0,0.0,0.0,0.5144749,-0.9884543,-1.67115,0.6917899,0.09622413,-1.883251,0.06633345,0.9724684,-0.2215986,0.02827,25.76911,178.372,7.431944,0.4778163,0.03763845,-0.8776526,-0.4240987,0.004107921,0.06422782,0.9612603,-0.3721515,-2.753613,-0.116736,-0.03570172,1.027256,-0.9896015,0.1164852,-0.08438215,0.1415436,0.8929879,-0.4272447,0.02558457,-0.4347457,-0.9001901,moving,5.62652,28.99593,-6.483204,-1.990483
2148,05/08/2023 17:08:29.018892,2389,True,True,True,True,Eyes,0.9333689,0.08428676,-1.914185,-0.07677513,-0.4832228,-0.8721246,0.0,0.0,0.0,0.0,0.0,0.0,0.0,0.4830576,-0.9795119,-1.682338,0.6807836,0.09692629,-1.884194,0.06866581,0.972886,-0.2183462,0.03321167,25.43031,177.802,7.578421,0.474269,0.03780322,-0.8795675,-0.4321486,0.005026888,0.06324305,0.9587888,-0.3721646,-2.753532,-0.1243035,-0.04142702,1.023061,-0.9883642,0.1191047,-0.09460817,0.1481113,0.8952199,-0.420291,0.03463649,-0.429413,-0.9024441,moving,5.03091,28.98976,-6.927566,-2.318822
2149,05/08/2023 17:08:29.042715,2390,True,True,True,True,Eyes,0.9222028,0.08468098,-1.913411,-0.06767464,-0.4833649,-0.8727993,0.0,0.0,0.0,0.0,0.0,0.0,0.0,0.4521445,-0.9705316,-1.69288,0.6697199,0.09732787,-1.885261,0.07041742,0.9732296,-0.2154272,0.03816365,25.13137,177.2178,7.656519,0.4706703,0.03798052,-0.8814908,-0.4397471,0.005904843,0.06205771,0.955972,-0.3721795,-2.753439,-0.1285222,-0.02733991,1.020238,-0.9871697,0.1206217,-0.1046236,0.1535076,0.897265,-0.4139455,0.04394434,-0.4246951,-0.9042692,moving,4.433699,28.97812,-7.179886,-1.535021
2150,05/08/2023 17:08:29.062258,2391,True,True,True,True,Eyes,0.9110568,0.08506224,-1.912738,-0.05831448,-0.4833521,-0.8734816,0.0,0.0,0.0,0.0,0.0,0.0,0.0,0.4206299,-0.9640906,-1.701977,0.658698,0.09771996,-1.886715,0.07167433,0.9733604,-0.213429,0.04336441,24.94214,176.5969,7.670007,0.4670212,0.03816903,-0.8834215,-0.4468606,0.006733206,0.0606574,0.9530198,-0.3721952,-2.753342,-0.1336016,-0.0330475,1.01631,-0.9859648,0.1210195,-0.1150132,0.1580404,0.8986217,-0.4092703,0.05382365,-0.4217029,-0.9051354,moving,3.819454,28.9585,-7.489017,-1.862438
2151,05/08/2023 17:08:29.072495,2392,True,True,True,True,Eyes,0.8999211,0.08541518,-1.912154,-0.04889204,-0.483257,-0.8741122,0.0,0.0,0.0,0.0,0.0,0.0,0.0,0.3895214,-0.9547656,-1.712355,0.647953,0.09776889,-1.888401,0.07218864,0.9736121,-0.2109247,0.04877623,24.69324,175.9274,7.589102,0.4633225,0.03836691,-0.8853584,-0.4534869,0.007472974,0.05903784,0.9500777,-0.3722108,-2.753245,-0.1368204,-0.04578188,1.012259,-0.9848196,0.1199913,-0.125431,0.1611437,0.9005991,-0.4036756,0.0645255,-0.41776,-0.9062635,moving,3.20141,28.93621,-7.697642,-2.589575
2152,05/08/2023 17:08:29.093416,2393,True,True,True,True,Eyes,0.8887747,0.08572727,-1.911679,-0.03973526,-0.4832235,-0.8745949,0.0,0.0,0.0,0.0,0.0,0.0,0.0,0.3574178,-0.9479937,-1.720627,0.6369653,0.09743299,-1.889915,0.07248808,0.9736215,-0.2093989,0.0543942,24.5594,175.2346,7.478025,0.4595746,0.03857178,-0.8873007,-0.4596848,0.008083442,0.05724616,0.9472569,-0.3722258,-2.753152,-0.1373754,-0.05651188,1.008328,-0.9835737,0.1183717,-0.1362766,0.1639321,0.9017952,-0.3998646,0.07556089,-0.4156364,-0.9063869,moving,2.601316,28.92114,-7.758259,-3.207795
2153,05/08/2023 17:08:29.112631,2394,True,True,True,True,Eyes,0.8776225,0.0860016,-1.911316,-0.03062046,-0.4831507,-0.8750016,0.0,0.0,0.0,0.0,0.0,0.0,0.0,0.3266203,-0.9424419,-1.727873,0.6258461,0.09674075,-1.891925,0.07254205,0.9735324,-0.2083607,0.05965021,24.47815,174.5834,7.347133,0.4557774,0.03878087,-0.8892481,-0.4655428,0.008534683,0.05523689,0.944342,-0.3722413,-2.753056,-0.1346678,-0.0606702,1.005226,-0.9823592,0.1163865,-0.1463726,0.1661016,0.902647,-0.3970375,0.085913,-0.4143461,-0.9060555,moving,2.004233,28.90621,-7.630349,-3.453885
2154,05/08/2023 17:08:29.122469,2395,True,True,True,True,Eyes,0.8664837,0.08622099,-1.911055,-0.02178383,-0.4831169,-0.8752849,0.0,0.0,0.0,0.0,0.0,0.0,0.0,0.2998246,-0.9382467,-1.7334,0.6144796,0.09611233,-1.894216,0.07249395,0.9734159,-0.2077027,0.0637624,24.43162,174.0727,7.233998,0.4519305,0.03899181,-0.8912003,-0.4710667,0.008845593,0.05301166,0.9413235,-0.3722573,-2.752957,-0.1331389,-0.06230187,1.002372,-0.9813581,0.1146463,-0.154249,0.1676208,0.9032084,-0.3951174,0.09402028,-0.413607,-0.905588,moving,1.425666,28.89668,-7.565959,-3.556612
2155,05/08/2023 17:08:29.142607,2396,True,True,True,True,Eyes,0.8553501,0.08637794,-1.910896,-0.01308505,-0.4829946,-0.8755255,0.0,0.0,0.0,0.0,0.0,0.0,0.0,0.2766748,-0.9334857,-1.738239,0.6033442,0.09505349,-1.896407,0.0725385,0.9733548,-0.2069684,0.06695466,24.36958,173.6774,7.157522,0.4480346,0.03920162,-0.8931561,-0.4762191,0.008973049,0.05061488,0.9386548,-0.3722715,-2.752869,-0.1305516,-0.06617349,0.9995766,-0.9805105,0.1134964,-0.1603676,0.1689264,0.9038045,-0.3931937,0.1003149,-0.4126208,-0.9053624,moving,0.8562427,28.88388,-7.441106,-3.787541
2156,05/08/2023 17:08:29.162717,2397,True,True,True,True,Eyes,0.8442266,0.08646121,-1.910837,-0.004673696,-0.482954,-0.8756332,0.0,0.0,0.0,0.0,0.0,0.0,0.0,0.256069,-0.9269386,-1.743497,0.5922852,0.09370202,-1.89868,0.07240672,0.9734228,-0.2058288,0.0695681,24.25456,173.3469,7.07691,0.4440898,0.03940726,-0.895115,-0.4810469,0.008905506,0.04805434,0.9357503,-0.3722869,-2.752774,-0.1279643,-0.06748503,0.9971821,-0.9798351,0.1123265,-0.1652451,0.1696029,0.9047835,-0.3906426,0.1056316,-0.4107913,-0.9055895,moving,0.3058135,28.87886,-7.312571,-3.871631
2157,05/08/2023 17:08:29.172507,2398,True,True,True,True,Eyes,0.8331044,0.08647816,-1.910895,0.003544491,-0.4828501,-0.8756958,0.0,0.0,0.0,0.0,0.0,0.0,0.0,0.2375002,-0.9220312,-1.747483,0.5812347,0.09203706,-1.901037,0.07205097,0.9734136,-0.2052714,0.0716814,24.20216,173.0751,6.980059,0.4400972,0.03960541,-0.8970761,-0.4855545,0.008620978,0.04534704,0.9330006,-0.3723015,-2.752683,-0.123878,-0.06838623,0.994976,-0.9793408,0.1108425,-0.1691313,0.1696991,0.9053446,-0.3892986,0.1099713,-0.4099574,-0.9054507,moving,-0.2319108,28.87191,-7.097003,-3.931843
2158,05/08/2023 17:08:29.192833,2399,True,True,True,True,Eyes,0.8219953,0.08640445,-1.911064,0.01153846,-0.4827186,-0.8756995,0.0,0.0,0.0,0.0,0.0,0.0,0.0,0.2211092,-0.9170683,-1.751597,0.5701112,0.09046273,-1.903888,0.07141712,0.9734696,-0.2046702,0.07325646,24.13852,172.8622,6.863697,0.4360564,0.03979337,-0.8990388,-0.489788,0.00815457,0.04245134,0.9300189,-0.3723173,-2.752585,-0.1215317,-0.07025188,0.9926313,-0.9790661,0.109058,-0.1718598,0.1690316,0.9060194,-0.3880169,0.113392,-0.408944,-0.9054871,moving,-0.7549013,28.86521,-6.980203,-4.048267
2159,05/08/2023 17:08:29.212368,2400,True,True,True,True,Eyes,0.810882,0.08623024,-1.911346,0.01931084,-0.4823982,-0.8757391,0.0,0.0,0.0,0.0,0.0,0.0,0.0,0.2067378,-0.908016,-1.757472,0.5590965,0.08821134,-1.906717,0.07120078,0.9737612,-0.2029824,0.07428136,23.94694,172.7232,6.818785,0.4319684,0.03996756,-0.9010024,-0.4937279,0.00744417,0.03939893,0.9272219,-0.3723322,-2.752493,-0.1216343,-0.0618436,0.9918699,-0.9788253,0.1085095,-0.1735696,0.1688207,0.9074572,-0.3847349,0.1157596,-0.4058905,-0.9065608,moving,-1.263219,28.84804,-6.991349,-3.567803
2160,05/08/2023 17:08:29.222722,2401,True,True,True,True,Eyes,0.7997665,0.08594983,-1.911735,0.02692557,-0.4820946,-0.8757054,0.0,0.0,0.0,0.0,0.0,0.0,0.0,0.1903899,-0.8959743,-1.76505,0.547858,0.08557893,-1.909699,0.07203288,0.9741479,-0.2003584,0.07552151,23.65557,172.5811,6.902293,0.4278327,0.04012424,-0.9029666,-0.497444,0.006474892,0.03618849,0.9242283,-0.372348,-2.752394,-0.1231483,-0.06081146,0.9899452,-0.9782154,0.1100786,-0.176003,0.1706041,0.9093356,-0.3794774,0.1182735,-0.4012375,-0.9083059,moving,-1.761135,28.83373,-7.091115,-3.515212
2161,05/08/2023 17:08:29.242628,2402,True,True,True,True,Eyes,0.7886209,0.08559675,-1.912255,0.03420217,-0.4817612,-0.8756348,0.0,0.0,0.0,0.0,0.0,0.0,0.0,0.1747451,-0.8889717,-1.76978,0.536307,0.08275904,-1.912708,0.07325143,0.9742426,-0.1991483,0.07632573,23.5294,172.5082,7.037304,0.4236227,0.04026075,-0.9049432,-0.500944,0.005245168,0.03284952,0.9214618,-0.3723627,-2.752303,-0.1236778,-0.0656969,0.9877154,-0.9776175,0.112329,-0.1778953,0.1731296,0.9099484,-0.3768556,0.1195438,-0.3992195,-0.9090289,moving,-2.236828,28.81894,-7.137205,-3.805366
2162,05/08/2023 17:08:29.262358,2403,True,True,True,True,Eyes,0.7774587,0.08518649,-1.912913,0.04136716,-0.4814789,-0.8754809,0.0,0.0,0.0,0.0,0.0,0.0,0.0,0.1607493,-0.885803,-1.77299,0.5244464,0.08063947,-1.91636,0.07513732,0.9741976,-0.1986541,0.07635409,23.48637,172.5502,7.269969,0.419324,0.04037555,-0.9069379,-0.504324,0.003871209,0.02931822,0.9185044,-0.3723784,-2.752206,-0.1221511,-0.07144833,0.9854404,-0.9770489,0.1160611,-0.1786206,0.1767333,0.9097819,-0.3755827,0.1189153,-0.3985308,-0.9094132,moving,-2.705258,28.80901,-7.066103,-4.146914
2163,05/08/2023 17:08:29.272718,2404,True,True,True,True,Eyes,0.7662588,0.08470204,-1.913718,0.04820554,-0.4810058,-0.8753911,0.0,0.0,0.0,0.0,0.0,0.0,0.0,0.1468679,-0.8773293,-1.77918,0.5125962,0.07885158,-1.92036,0.07732197,0.9744568,-0.1965356,0.07634808,23.25584,172.5955,7.547969,0.4149399,0.04046725,-0.9089479,-0.5075512,0.00240816,0.02558538,0.9155645,-0.372394,-2.752109,-0.1200182,-0.07516742,0.9832843,-0.9763848,0.1206836,-0.1791888,0.180704,0.9107902,-0.371224,0.1184028,-0.3948376,-0.9110898,moving,-3.151948,28.78771,-6.959016,-4.371488
2164,05/08/2023 17:08:29.292775,2405,True,True,True,True,Eyes,0.7549783,0.08414949,-1.914669,0.05512778,-0.4806502,-0.8751779,0.0,0.0,0.0,0.0,0.0,0.0,0.0,0.1345537,-0.8657699,-1.786893,0.5004992,0.07652806,-1.924653,0.07909344,0.974892,-0.1937729,0.07604049,22.94477,172.6624,7.785432,0.4104719,0.0405338,-0.9109714,-0.5106978,0.0008103156,0.0216377,0.9126881,-0.3724093,-2.752015,-0.1186825,-0.0772604,0.9809964,-0.9759244,0.1247459,-0.1789148,0.1836843,0.9123926,-0.3657866,0.1176102,-0.3898438,-0.91334,moving,-3.60432,28.77572,-6.898208,-4.503153
2165,05/08/2023 17:08:29.312776,2406,True,True,True,True,Eyes,0.7436522,0.08355011,-1.915774,0.0617258,-0.4803328,-0.8749117,0.0,0.0,0.0,0.0,0.0,0.0,0.0,0.1206779,-0.8626964,-1.790486,0.4880666,0.07423013,-1.928971,0.08150387,0.9748085,-0.1933047,0.0757558,22.90591,172.754,8.088874,0.4059169,0.04057363,-0.9130083,-0.5138975,-0.0008959307,0.01748593,0.9097954,-0.3724247,-2.75192,-0.1170325,-0.0789263,0.9786682,-0.9752365,0.1296134,-0.179205,0.1881892,0.9119808,-0.3645214,0.1161846,-0.389219,-0.9137889,moving,-4.035582,28.7671,-6.819246,-4.610734
2166,05/08/2023 17:08:29.323950,2407,True,True,True,True,Eyes,0.7321846,0.08294936,-1.917083,0.07000937,-0.4801539,-0.874386,0.0,0.0,0.0,0.0,0.0,0.0,0.0,0.1036558,-0.8625342,-1.79339,0.4756501,0.07248352,-1.933769,0.08452778,0.9745029,-0.1934286,0.0760565,22.94525,172.7926,8.450159,0.4012755,0.04058629,-0.9150572,-0.5170421,-0.002640328,0.0131212,0.9066582,-0.3724413,-2.751816,-0.1148031,-0.0776228,0.9764755,-0.9741411,0.1353221,-0.1809347,0.1941681,0.9108809,-0.3641357,0.1155344,-0.3898513,-0.9136018,moving,-4.57773,28.77263,-6.705416,-4.545046
2167,05/08/2023 17:08:29.342709,2408,True,True,True,True,Eyes,0.7206962,0.08232473,-1.918563,0.07814195,-0.4798783,-0.8738481,0.0,0.0,0.0,0.0,0.0,0.0,0.0,0.08284453,-0.8569528,-1.800011,0.4634643,0.07143155,-1.939425,0.08750463,0.9744302,-0.1919089,0.07745805,22.80273,172.6853,8.785872,0.3965389,0.04057368,-0.9171203,-0.5204221,-0.004284152,0.008407892,0.9039338,-0.3724558,-2.751727,-0.1118417,-0.07519257,0.9743432,-0.9726864,0.1408045,-0.1845407,0.2002641,0.9110278,-0.3604477,0.1173691,-0.3875595,-0.9143425,moving,-5.109957,28.77362,-6.54814,-4.412916
2168,05/08/2023 17:08:29.362326,2409,True,True,True,True,Eyes,0.709157,0.08171605,-1.920245,0.08634998,-0.4797392,-0.8731518,0.0,0.0,0.0,0.0,0.0,0.0,0.0,0.05865484,-0.849058,-1.807573,0.4514208,0.07019358,-1.944981,0.08909238,0.9744151,-0.1901354,0.08016374,22.63292,172.3828,8.92174,0.3917098,0.04053625,-0.9191949,-0.5236621,-0.005901006,0.003462396,0.9010878,-0.3724709,-2.751633,-0.1088824,-0.07410651,0.971895,-0.9712726,0.143142,-0.1901048,0.2041098,0.9118221,-0.3562577,0.1223463,-0.3848256,-0.9148445,moving,-5.647878,28.78589,-6.392253,-4.360337
2169,05/08/2023 17:08:29.372935,2410,True,True,True,True,Eyes,0.6976264,0.08123854,-1.922141,0.09432007,-0.4798424,-0.87227,0.0,0.0,0.0,0.0,0.0,0.0,0.0,0.03411886,-0.848444,-1.812344,0.4395661,0.06986187,-1.951285,0.08967426,0.9741017,-0.1902262,0.08305772,22.67451,172.0451,8.922088,0.3867879,0.04047643,-0.9212794,-0.52686,-0.007372993,-0.001792908,0.8981457,-0.3724865,-2.751536,-0.1063646,-0.07295656,0.9693754,-0.9701201,0.1431042,-0.1959301,0.2063032,0.911545,-0.355703,0.1276965,-0.3854956,-0.9138309,moving,-6.171514,28.81553,-6.261724,-4.304047
2170,05/08/2023 17:08:29.392538,2411,True,True,True,True,Eyes,0.6861178,0.0808024,-1.924268,0.1028456,-0.4796341,-0.8714207,0.0,0.0,0.0,0.0,0.0,0.0,0.0,0.00618574,-0.8613728,-1.811477,0.4281989,0.0725331,-1.958273,0.09337381,0.9730012,-0.1928462,0.08579274,23.03546,171.8199,9.293567,0.381778,0.04040236,-0.9233701,-0.5298404,-0.008363137,-0.007373405,0.8953197,-0.3725015,-2.751443,-0.1056669,-0.06873471,0.9669977,-0.9678422,0.148616,-0.2029665,0.2147952,0.9081833,-0.3592576,0.1309393,-0.3913008,-0.9109002,moving,-6.730946,28.8286,-6.236148,-4.065775
2171,05/08/2023 17:08:29.412446,2412,True,True,True,True,Eyes,0.6746073,0.08039422,-1.926535,0.1112841,-0.4796044,-0.8703996,0.0,0.0,0.0,0.0,0.0,0.0,0.0,-0.03423336,-0.8344163,-1.829229,0.4168458,0.0729491,-1.965813,0.09675844,0.9734642,-0.1855685,0.0925719,22.28432,171.027,9.581884,0.3766855,0.04031683,-0.925463,-0.5325755,-0.009169775,-0.01331037,0.8919351,-0.3725195,-2.751332,-0.1049688,-0.06560481,0.9645646,-0.9641366,0.1540249,-0.2161415,0.2227386,0.9124043,-0.3433743,0.1443202,-0.3792028,-0.9139895,moving,-7.28597,28.85548,-6.210773,-3.890976
2172,05/08/2023 17:08:29.427929,2413,True,True,True,True,Eyes,0.663159,0.0800944,-1.928959,0.1199317,-0.4803181,-0.8688561,0.0,0.0,0.0,0.0,0.0,0.0,0.0,-0.06286657,-0.8413613,-1.828723,0.4052168,0.0732654,-1.971421,0.09708485,0.9726201,-0.1878425,0.09643611,22.58935,170.5797,9.514996,0.3715145,0.04022186,-0.927555,-0.5351526,-0.009844107,-0.01931311,0.8894172,-0.3725328,-2.751249,-0.1046353,-0.06260812,0.9622459,-0.9625494,0.1526238,-0.2240647,0.2250829,0.9105794,-0.3466738,0.1511181,-0.3841237,-0.9108308,moving,-7.859101,28.93455,-6.206001,-3.722678
2173,05/08/2023 17:08:29.442603,2414,True,True,True,True,Eyes,0.6517482,0.07986307,-1.931555,0.1286372,-0.4805726,-0.867469,0.0,0.0,0.0,0.0,0.0,0.0,0.0,-0.1001514,-0.871346,-1.817669,0.3939541,0.07583185,-1.97794,0.1015266,0.9701985,-0.1954832,0.1009632,23.56668,170.1872,9.896147,0.3662748,0.04012349,-0.9296407,-0.5373883,-0.01015294,-0.02542526,0.8867319,-0.3725471,-2.751161,-0.1036803,-0.05877537,0.9602129,-0.9589977,0.1575287,-0.2356021,0.2364751,0.9029573,-0.3588142,0.1562152,-0.3998159,-0.9031855,moving,-8.434937,28.98619,-6.162713,-3.502748
2174,05/08/2023 17:08:29.462741,2415,True,True,True,True,Eyes,0.6403971,0.07964403,-1.934204,0.1377037,-0.481122,-0.8657709,0.0,0.0,0.0,0.0,0.0,0.0,0.0,-0.1340072,-0.843936,-1.83336,0.3833258,0.07710936,-1.984568,0.1041454,0.970782,-0.1881796,0.1064177,22.80079,169.5363,10.13096,0.3609727,0.04002517,-0.9317166,-0.5393773,-0.01023774,-0.03168888,0.8838474,-0.3725624,-2.751066,-0.1012631,-0.0551835,0.958364,-0.9556583,0.1621536,-0.2458128,0.2422561,0.9074844,-0.3431968,0.1674207,-0.3875285,-0.9065276,moving,-9.037376,29.06159,-6.031631,-3.295506
2175,05/08/2023 17:08:29.472679,2416,True,True,True,True,Eyes,0.6290922,0.07947927,-1.936943,0.1466122,-0.4820792,-0.8637733,0.0,0.0,0.0,0.0,0.0,0.0,0.0,-0.1663635,-0.8519869,-1.829245,0.3724238,0.0773754,-1.988721,0.1052387,0.9695692,-0.1910321,0.1112076,23.19391,168.9967,10.12475,0.355618,0.03992721,-0.9337777,-0.5410681,-0.01028059,-0.03773511,0.8808985,-0.3725781,-2.750969,-0.09950677,-0.05018374,0.9566798,-0.9531153,0.1615839,-0.2558548,0.2465607,0.9048632,-0.3470309,0.1754389,-0.3938442,-0.9022792,moving,-9.633264,29.16626,-5.938131,-3.002764
2176,05/08/2023 17:08:29.493341,2417,True,True,True,True,Eyes,0.6178757,0.07940207,-1.939772,0.1558284,-0.4830278,-0.8616273,0.0,0.0,0.0,0.0,0.0,0.0,0.0,-0.1977125,-0.8720084,-1.819986,0.3621661,0.07861133,-1.993613,0.1067899,0.9677612,-0.196732,0.1154584,23.91863,168.5507,10.16106,0.3502179,0.03983215,-0.9358204,-0.5425188,-0.01015805,-0.0436875,0.8779945,-0.3725935,-2.750873,-0.09845012,-0.04800189,0.9549139,-0.9505306,0.1612655,-0.2654904,0.252123,0.8997849,-0.3561196,0.1814544,-0.4054388,-0.8959318,moving,-10.25134,29.27497,-5.886308,-2.877738
2177,05/08/2023 17:08:29.512711,2418,True,True,True,True,Eyes,0.6067168,0.0793654,-1.942712,0.1650625,-0.4837109,-0.859522,0.0,0.0,0.0,0.0,0.0,0.0,0.0,-0.232127,-0.8649901,-1.823103,0.3521525,0.08072069,-1.998817,0.1099368,0.9671253,-0.1950045,0.120647,23.81061,167.9827,10.42787,0.3447833,0.03974405,-0.9378399,-0.5436171,-0.009780149,-0.0495524,0.8751155,-0.3726088,-2.750778,-0.09801948,-0.04902846,0.9530531,-0.9467163,0.1655919,-0.2762378,0.2596987,0.8997743,-0.3506605,0.1904851,-0.4037147,-0.894835,moving,-10.87073,29.36939,-5.872102,-2.944904
2178,05/08/2023 17:08:29.522681,2419,True,True,True,True,Eyes,0.5956225,0.07936919,-1.945745,0.174552,-0.4842865,-0.8573203,0.0,0.0,0.0,0.0,0.0,0.0,0.0,-0.2671441,-0.845828,-1.831525,0.3422649,0.08157768,-2.004364,0.1126504,0.9669865,-0.1904532,0.1263899,23.37873,167.3174,10.6553,0.3393204,0.03966402,-0.9398336,-0.5444767,-0.009303356,-0.05540015,0.8721303,-0.3726246,-2.75068,-0.09763771,-0.04608569,0.9518394,-0.9426708,0.1697201,-0.2873439,0.2660055,0.902075,-0.3398556,0.2015254,-0.396807,-0.8955063,moving,-11.50823,29.46141,-5.856798,-2.771954
2179,05/08/2023 17:08:29.542377,2420,True,True,True,True,Eyes,0.5846011,0.07939108,-1.948888,0.1840347,-0.4845839,-0.8551664,0.0,0.0,0.0,0.0,0.0,0.0,0.0,-0.2998637,-0.8336016,-1.836055,0.3324512,0.08251995,-2.00962,0.1145533,0.9665802,-0.1878078,0.1316384,23.15512,166.7043,10.7821,0.333836,0.0395931,-0.9417987,-0.5450911,-0.0087338,-0.06117384,0.8693481,-0.3726394,-2.750589,-0.096861,-0.04351103,0.9509292,-0.9390981,0.1720044,-0.2975061,0.2708953,0.9032116,-0.3329034,0.2114501,-0.3932218,-0.8947994,moving,-12.14502,29.53826,-5.816051,-2.619817
2180,05/08/2023 17:08:29.562610,2421,True,True,True,True,Eyes,0.5736563,0.0793901,-1.952107,0.1936923,-0.48479,-0.8529137,0.0,0.0,0.0,0.0,0.0,0.0,0.0,-0.3307275,-0.8138313,-1.844254,0.323077,0.08290569,-2.015371,0.1160588,0.9665588,-0.1832744,0.1367663,22.70812,166.0848,10.88649,0.3283365,0.03953097,-0.9437326,-0.5454497,-0.00814408,-0.06693441,0.8664282,-0.3726549,-2.750493,-0.09491515,-0.04225585,0.9506102,-0.9356509,0.1742238,-0.3069265,0.2744868,0.9058817,-0.3225451,0.221844,-0.3860368,-0.8954111,moving,-12.79457,29.61359,-5.701889,-2.545196
2181,05/08/2023 17:08:29.573951,2422,True,True,True,True,Eyes,0.5627795,0.0793594,-1.955387,0.2032911,-0.4851241,-0.8504866,0.0,0.0,0.0,0.0,0.0,0.0,0.0,-0.362158,-0.7981185,-1.849111,0.3135692,0.08235983,-2.020459,0.1176234,0.9661996,-0.180196,0.1419596,22.4332,165.468,10.98514,0.3228292,0.03947517,-0.9456331,-0.5455573,-0.007658385,-0.07257501,0.8634724,-0.3726706,-2.750395,-0.0916627,-0.04318574,0.9504247,-0.9320246,0.1761342,-0.3167131,0.2784564,0.9073883,-0.314815,0.2319321,-0.3816061,-0.8947539,moving,-13.44313,29.70077,-5.508793,-2.601637
2182,05/08/2023 17:08:29.592998,2423,True,True,True,True,Eyes,0.5519766,0.0793208,-1.958728,0.2128839,-0.4858188,-0.8477384,0.0,0.0,0.0,0.0,0.0,0.0,0.0,-0.396117,-0.7977555,-1.845885,0.3042317,0.08164278,-2.025189,0.1192364,0.9649587,-0.1813386,0.1474917,22.65251,164.8361,11.03384,0.3173197,0.03942318,-0.9474982,-0.5454541,-0.007290971,-0.07806064,0.8605013,-0.3726863,-2.750298,-0.08780017,-0.04623285,0.9503765,-0.9280576,0.1766246,-0.327891,0.2836083,0.905798,-0.3147957,0.2414024,-0.3851413,-0.890725,moving,-14.09661,29.816,-5.278267,-2.785065
2183,05/08/2023 17:08:29.612462,2424,True,True,True,True,Eyes,0.5412436,0.07929301,-1.962131,0.2223418,-0.4867716,-0.8447589,0.0,0.0,0.0,0.0,0.0,0.0,0.0,-0.4298771,-0.8047976,-1.839113,0.2948879,0.08153234,-2.030079,0.1200673,0.9634442,-0.1842849,0.1529651,23.06833,164.2009,10.96361,0.3118138,0.0393739,-0.9493265,-0.5451357,-0.006969317,-0.0833981,0.8578121,-0.3727006,-2.750209,-0.08540034,-0.04798573,0.9502778,-0.9243712,0.174978,-0.3389999,0.2877346,0.9032458,-0.3183642,0.2504936,-0.3918286,-0.8852817,moving,-14.7459,29.95165,-5.135309,-2.890783
2184,05/08/2023 17:08:29.622883,2425,True,True,True,True,Eyes,0.5306084,0.07927075,-1.965588,0.2317637,-0.4879372,-0.841548,0.0,0.0,0.0,0.0,0.0,0.0,0.0,-0.4612956,-0.8152344,-1.830891,0.2857595,0.08183446,-2.034995,0.1211983,0.9618191,-0.1879706,0.157741,23.56713,163.6599,10.93291,0.3063163,0.03932736,-0.9511164,-0.5446264,-0.006634552,-0.08860377,0.8547797,-0.3727167,-2.750109,-0.08438899,-0.04727128,0.9508753,-0.9208578,0.1738403,-0.3490001,0.292443,0.899956,-0.3233515,0.2578732,-0.3998233,-0.8795699,moving,-15.39764,30.10555,-5.071641,-2.846027
2185,05/08/2023 17:08:29.642292,2426,True,True,True,True,Eyes,0.5200709,0.07926754,-1.969074,0.2411204,-0.4893286,-0.8381041,0.0,0.0,0.0,0.0,0.0,0.0,0.0,-0.4912921,-0.8202578,-1.824971,0.2770244,0.08207791,-2.03991,0.1212183,0.9605622,-0.1901846,0.1626534,23.87869,163.064,10.77862,0.3008346,0.03928332,-0.9528662,-0.5438545,-0.006303244,-0.09365875,0.851972,-0.3727316,-2.750017,-0.08636741,-0.04444358,0.9514846,-0.9176999,0.1710072,-0.3585852,0.2947439,0.8982719,-0.3259351,0.2663698,-0.4048014,-0.8747473,moving,-16.05039,30.27859,-5.186594,-2.674326
2186,05/08/2023 17:08:29.662322,2427,True,True,True,True,Eyes,0.5096511,0.07929236,-1.972601,0.2503944,-0.4908406,-0.8344928,0.0,0.0,0.0,0.0,0.0,0.0,0.0,-0.5194824,-0.83452,-1.814158,0.2687519,0.08263068,-2.044113,0.1196772,0.9590267,-0.1946697,0.167478,24.42323,162.4446,10.39845,0.2953758,0.03924234,-0.9545742,-0.5428358,-0.005934683,-0.09849734,0.8490522,-0.3727471,-2.749921,-0.08954328,-0.0408071,0.9532622,-0.915257,0.1643414,-0.3678268,0.294753,0.8955621,-0.3333004,0.2746367,-0.4134735,-0.8681096,moving,-16.70218,30.46363,-5.366249,-2.451212
2187,05/08/2023 17:08:29.672657,2428,True,True,True,True,Eyes,0.4993516,0.07937477,-1.976172,0.2597449,-0.4922951,-0.8307697,0.0,0.0,0.0,0.0,0.0,0.0,0.0,-0.5483788,-0.8474122,-1.803802,0.2607742,0.08345643,-2.048795,0.1188783,0.9574267,-0.1987287,0.1723628,24.93039,161.8287,10.10652,0.2899478,0.0392054,-0.9562384,-0.541525,-0.005504126,-0.1031683,0.8461413,-0.3727626,-2.749825,-0.08817354,-0.05011261,0.9543009,-0.912318,0.1591277,-0.3772986,0.2961414,0.8927497,-0.3395559,0.2828004,-0.4215167,-0.8615959,moving,-17.36215,30.65001,-5.27891,-3.005976
2188,05/08/2023 17:08:29.692965,2429,True,True,True,True,Eyes,0.4892184,0.07948148,-1.979768,0.2690723,-0.4934057,-0.8271343,0.0,0.0,0.0,0.0,0.0,0.0,0.0,-0.5820504,-0.844034,-1.799074,0.2532428,0.08493958,-2.053412,0.11838,0.9563445,-0.1985419,0.1788082,24.96621,161.0099,9.871687,0.284558,0.03917493,-0.9578574,-0.539932,-0.004926668,-0.1076909,0.8432726,-0.3727778,-2.749731,-0.0839339,-0.04578894,0.9576457,-0.9080276,0.1554222,-0.3890114,0.2974259,0.8931346,-0.3374144,0.2949978,-0.4220836,-0.8572173,moving,-18.02005,30.8171,-5.008951,-2.73746
2189,05/08/2023 17:08:29.712541,2430,True,True,True,True,Eyes,0.4791917,0.07959436,-1.983421,0.2784729,-0.4944581,-0.8233857,0.0,0.0,0.0,0.0,0.0,0.0,0.0,-0.6173471,-0.8361152,-1.795478,0.2457231,0.08584192,-2.058202,0.1184297,0.9552774,-0.1974037,0.1856108,24.90495,160.1581,9.710558,0.2792178,0.03915134,-0.9594287,-0.5379355,-0.004310946,-0.1120187,0.84044,-0.3727928,-2.749637,-0.08150309,-0.03156805,0.9614465,-0.9030464,0.1529859,-0.4013764,0.2995469,0.8940124,-0.3331869,0.3078626,-0.4211142,-0.8531613,moving,-18.68578,30.98558,-4.845455,-1.880569
2190,05/08/2023 17:08:29.722438,2431,True,True,True,True,Eyes,0.4692771,0.07972433,-1.987124,0.2877648,-0.4953026,-0.8196748,0.0,0.0,0.0,0.0,0.0,0.0,0.0,-0.654423,-0.8268478,-1.791384,0.238131,0.08609886,-2.063221,0.1195574,0.9539944,-0.1962435,0.1925857,24.86492,159.3123,9.677965,0.2739303,0.03913395,-0.9609524,-0.5357396,-0.003713639,-0.1162575,0.8374209,-0.3728088,-2.749538,-0.08151287,-0.04647231,0.9625426,-0.8972337,0.1525267,-0.4143761,0.3037015,0.894389,-0.3283802,0.3205267,-0.4204804,-0.8487986,moving,-19.34474,31.14319,-4.84054,-2.764139
2191,05/08/2023 17:08:29.743118,2432,True,True,True,True,Eyes,0.4594639,0.07987521,-1.990876,0.2971588,-0.4961351,-0.8158104,0.0,0.0,0.0,0.0,0.0,0.0,0.0,-0.6925097,-0.8183403,-1.785741,0.2306129,0.08662929,-2.068196,0.1219955,0.9524294,-0.1954501,0.1994862,24.89633,158.5094,9.800833,0.2686985,0.03912273,-0.9624289,-0.5333389,-0.003100894,-0.1203889,0.8346882,-0.3728234,-2.749448,-0.08169971,-0.05195719,0.9652313,-0.8906448,0.1544051,-0.427681,0.3103635,0.8938327,-0.323632,0.3323048,-0.4209777,-0.8440092,moving,-20.01414,31.30588,-4.838133,-3.081186
2192,05/08/2023 17:08:29.762503,2433,True,True,True,True,Eyes,0.4497256,0.08004118,-1.994699,0.3066037,-0.4967684,-0.8119208,0.0,0.0,0.0,0.0,0.0,0.0,0.0,-0.7347691,-0.8063411,-1.779133,0.2231015,0.08727426,-2.07316,0.1246123,0.950677,-0.194004,0.2074791,24.87116,157.5718,9.928524,0.263524,0.03911787,-0.9638587,-0.5307784,-0.002462218,-0.124423,0.831688,-0.3728393,-2.749349,-0.0789108,-0.05591661,0.9674029,-0.8828486,0.1564286,-0.4428417,0.3174357,0.8936684,-0.3171614,0.3461405,-0.4205792,-0.8386299,moving,-20.68792,31.46011,-4.663278,-3.308058
2193,05/08/2023 17:08:29.782514,2434,True,True,True,True,Eyes,0.4400832,0.08019612,-1.998582,0.316236,-0.4973347,-0.8078694,0.0,0.0,0.0,0.0,0.0,0.0,0.0,-0.7760926,-0.7929195,-1.772733,0.2156964,0.0876625,-2.078319,0.1260448,0.9490579,-0.1921462,0.2155963,24.77559,156.5865,9.918678,0.2584047,0.03911918,-0.9652438,-0.5281466,-0.001816577,-0.1284271,0.8287705,-0.3728548,-2.749254,-0.0772491,-0.06093043,0.9696885,-0.8752622,0.1563957,-0.4576648,0.3220997,0.8943851,-0.3103661,0.3607887,-0.4190653,-0.8331965,moving,-21.37759,31.61698,-4.554782,-3.595456
2194,05/08/2023 17:08:29.792771,2435,True,True,True,True,Eyes,0.4305351,0.08033389,-2.002521,0.3257534,-0.4977605,-0.8038155,0.0,0.0,0.0,0.0,0.0,0.0,0.0,-0.8188251,-0.7788849,-1.765038,0.2082019,0.08754341,-2.083623,0.1268932,0.9473152,-0.1903005,0.2242271,24.67401,155.5207,9.825963,0.2533413,0.03912512,-0.9665849,-0.5253849,-0.001242756,-0.1323683,0.8260238,-0.3728693,-2.749163,-0.07666053,-0.0620935,0.9716977,-0.8672404,0.1550747,-0.4731232,0.3257568,0.8953676,-0.3036433,0.3765318,-0.4174549,-0.8270157,moving,-22.06069,31.76775,-4.510915,-3.656347
2195,05/08/2023 17:08:29.812700,2436,True,True,True,True,Eyes,0.4210793,0.08044432,-2.006514,0.3354411,-0.4982052,-0.7995442,0.0,0.0,0.0,0.0,0.0,0.0,0.0,-0.8599844,-0.7688417,-1.755201,0.2008591,0.08725525,-2.08889,0.1267874,0.9454729,-0.1893791,0.2326835,24.65215,154.4513,9.603094,0.2483338,0.039134,-0.9678831,-0.5225062,-0.0007548844,-0.1362451,0.8231265,-0.3728848,-2.749068,-0.07912315,-0.06188178,0.9733636,-0.8595667,0.1516173,-0.4880136,0.3278788,0.8961211,-0.2991029,0.3919701,-0.4171082,-0.819988,moving,-22.76002,31.92751,-4.647263,-3.637695
2196,05/08/2023 17:08:29.822639,2437,True,True,True,True,Eyes,0.4116815,0.0805475,-2.010557,0.3449368,-0.4987488,-0.795153,0.0,0.0,0.0,0.0,0.0,0.0,0.0,-0.8990627,-0.7644255,-1.742966,0.1934753,0.08673972,-2.09419,0.1255522,0.9435343,-0.1897258,0.2407984,24.73937,153.3931,9.222169,0.2433826,0.03914379,-0.9691396,-0.519523,-0.0003782939,-0.1400495,0.8201798,-0.3729004,-2.748971,-0.08016903,-0.06279054,0.9747886,-0.8525053,0.1455543,-0.5020441,0.328297,0.8964815,-0.2975601,0.4067621,-0.4184912,-0.8120404,moving,-23.45116,32.09743,-4.701565,-3.685588
2197,05/08/2023 17:08:29.842737,2438,True,True,True,True,Eyes,0.4023709,0.08064114,-2.014636,0.3545602,-0.4993746,-0.7905138,0.0,0.0,0.0,0.0,0.0,0.0,0.0,-0.9370018,-0.7664731,-1.726977,0.1860795,0.08661262,-2.098994,0.124307,0.9412851,-0.1916605,0.2485892,24.99992,152.368,8.804785,0.2384839,0.03915378,-0.9703562,-0.5165451,-4.604695e-05,-0.1437758,0.8172141,-0.3729161,-2.748873,-0.07988141,-0.06706929,0.9754961,-0.8455027,0.1387272,-0.5156361,0.3293061,0.895628,-0.2990115,0.4203372,-0.4226171,-0.8029397,moving,-24.15713,32.28097,-4.681391,-3.933126
2198,05/08/2023 17:08:29.862728,2439,True,True,True,True,Eyes,0.3931288,0.08071433,-2.018754,0.3639458,-0.5000148,-0.7858299,0.0,0.0,0.0,0.0,0.0,0.0,0.0,-0.9760212,-0.7651293,-1.711122,0.1787145,0.0865236,-2.103937,0.1236724,0.9389704,-0.192866,0.256598,25.19239,151.3271,8.469334,0.2336378,0.03916325,-0.971534,-0.5134844,0.0002376102,-0.1473844,0.8144757,-0.3729306,-2.748783,-0.07832044,-0.06491491,0.9767435,-0.8377251,0.1332713,-0.5295802,0.3312275,0.8950157,-0.2987228,0.4341713,-0.4256591,-0.7939202,moving,-24.85053,32.46814,-4.584469,-3.802318
2199,05/08/2023 17:08:29.872868,2440,True,True,True,True,Eyes,0.3839606,0.080766,-2.022906,0.3734476,-0.500753,-0.7808862,0.0,0.0,0.0,0.0,0.0,0.0,0.0,-1.016382,-0.759674,-1.69524,0.1712216,0.08611531,-2.108849,0.1231593,0.9366253,-0.193203,0.2650236,25.28987,150.2348,8.157901,0.2288426,0.03917099,-0.9726743,-0.5104014,0.0004429371,-0.1508946,0.8115623,-0.3729461,-2.748687,-0.07708184,-0.06145865,0.9775366,-0.8291887,0.1283015,-0.544045,0.333115,0.8950088,-0.2966375,0.448866,-0.4271979,-0.7848703,moving,-25.55879,32.67053,-4.508624,-3.597505
2200,05/08/2023 17:08:29.892512,2441,True,True,True,True,Eyes,0.374862,0.0808017,-2.027091,0.3824854,-0.5015535,-0.7759826,0.0,0.0,0.0,0.0,0.0,0.0,0.0,-1.055775,-0.7579904,-1.677291,0.1636751,0.08569953,-2.113854,0.1229034,0.9340562,-0.1945585,0.273095,25.50475,149.1849,7.853915,0.2240976,0.03917589,-0.9737783,-0.5072821,0.0005713702,-0.1542978,0.8086709,-0.3729615,-2.748592,-0.07595171,-0.05652112,0.9785283,-0.8206279,0.1233314,-0.557996,0.3358634,0.8940834,-0.2963286,0.4623484,-0.4305858,-0.7751324,moving,-26.2389,32.87646,-4.438303,-3.305809
2201,05/08/2023 17:08:29.912888,2442,True,True,True,True,Eyes,0.3658382,0.0808126,-2.031307,0.3917363,-0.5023237,-0.7708525,0.0,0.0,0.0,0.0,0.0,0.0,0.0,-1.096367,-0.7527588,-1.658964,0.1562209,0.08537658,-2.118757,0.1239725,0.9313072,-0.1953797,0.2812908,25.70017,148.1502,7.716959,0.2194009,0.03917726,-0.9748471,-0.5041409,0.0006441752,-0.1575955,0.8057494,-0.372977,-2.748496,-0.07532655,-0.04745305,0.9799452,-0.8110129,0.120996,-0.5723797,0.3408301,0.8929151,-0.2941724,0.4754928,-0.4336618,-0.7654048,moving,-26.93903,33.09016,-4.395575,-2.772336
2202,05/08/2023 17:08:29.922541,2443,True,True,True,True,Eyes,0.3568694,0.0807976,-2.035547,0.4006326,-0.5030522,-0.7657884,0.0,0.0,0.0,0.0,0.0,0.0,0.0,-1.139631,-0.7394602,-1.641321,0.1488142,0.08479944,-2.123713,0.1245392,0.9286306,-0.1942436,0.2905251,25.66601,146.9775,7.550575,0.2151892,0.03917518,-0.9757856,-0.4738924,0.0006055247,-0.1481398,0.8027796,-0.3729928,-2.748398,-0.07370949,-0.04763865,0.9806367,-0.8001707,0.1184365,-0.5879629,0.344167,0.8935189,-0.2883975,0.4911991,-0.4331246,-0.7557295,moving,-27.61692,33.30122,-4.29855,-2.781203
2203,05/08/2023 17:08:29.942734,2444,True,True,True,True,Eyes,0.3479516,0.08075881,-2.039814,0.4097064,-0.5038859,-0.7604208,0.0,0.0,0.0,0.0,0.0,0.0,0.0,-1.18209,-0.7342572,-1.618811,0.1412098,0.08416847,-2.128378,0.1249004,0.9254957,-0.1952559,0.2995542,25.8646,145.8062,7.291908,0.2109427,0.0391677,-0.9767127,-0.4454589,0.0005691932,-0.1392514,0.7998893,-0.3730081,-2.748303,-0.07327355,-0.04505461,0.9815625,-0.7893344,0.1142102,-0.6032474,0.3481691,0.8925501,-0.2865881,0.5056972,-0.4362459,-0.7442849,moving,-28.3153,33.53008,-4.269207,-2.628084
2204,05/08/2023 17:08:29.962779,2445,True,True,True,True,Eyes,0.3392083,0.08066031,-2.044003,0.4173147,-0.5042901,-0.7560026,0.0,0.0,0.0,0.0,0.0,0.0,0.0,-1.226432,-0.7261252,-1.595116,0.1333394,0.08359503,-2.133312,0.1260453,0.9221239,-0.1958659,0.3089282,26.04667,144.6065,7.125298,0.2066677,0.03915408,-0.9776267,-0.4187313,0.0005350416,-0.1308963,0.7972429,-0.3730221,-2.748216,-0.07383518,-0.03710198,0.9828674,-0.7773519,0.1114417,-0.619116,0.3534756,0.8914983,-0.2833473,0.5203642,-0.439103,-0.7323999,moving,-28.89877,33.70519,-4.296116,-2.161816
2205,05/08/2023 17:08:29.982306,2446,True,True,True,True,Eyes,0.3304769,0.08051123,-2.048214,0.4250692,-0.5048089,-0.7513216,0.0,0.0,0.0,0.0,0.0,0.0,0.0,-1.26878,-0.7101631,-1.575058,0.1253264,0.08258267,-2.138321,0.1274628,0.9191565,-0.1945916,0.3178658,26.02431,143.4827,7.0704,0.2023765,0.03913205,-0.9785249,-0.3936074,0.0005029391,-0.1230425,0.7942418,-0.3730381,-2.748117,-0.07499866,-0.03474918,0.9836468,-0.7654291,0.1106086,-0.6339433,0.3580247,0.8917747,-0.2766881,0.5347304,-0.4387525,-0.7221909,moving,-29.49953,33.89694,-4.360111,-2.02324
2206,05/08/2023 17:08:29.992528,2447,True,True,True,True,Eyes,0.3217303,0.08032461,-2.0525,0.4328168,-0.5053685,-0.7465067,0.0,0.0,0.0,0.0,0.0,0.0,0.0,-1.310673,-0.6962827,-1.552778,0.1169046,0.08131812,-2.143249,0.1298707,0.9158676,-0.1943334,0.3264273,26.152,142.4187,7.104444,0.1980719,0.03909993,-0.9794066,-0.369991,0.0004727628,-0.11566,0.7914291,-0.373053,-2.748025,-0.07633421,-0.03434908,0.9844879,-0.7531577,0.1110172,-0.6484048,0.3647601,0.8907363,-0.2711807,0.5474519,-0.440754,-0.7113595,moving,-30.10471,34.09713,-4.433671,-1.998257
2207,05/08/2023 17:08:30.012546,2448,True,True,True,True,Eyes,0.3129961,0.08007416,-2.056824,0.4407099,-0.5059846,-0.7414542,0.0,0.0,0.0,0.0,0.0,0.0,0.0,-1.352361,-0.682001,-1.529575,0.108677,0.07999502,-2.148347,0.1329398,0.9123729,-0.1942915,0.3348934,26.33213,141.3761,7.207673,0.193755,0.03905674,-0.9802714,-0.3477916,0.000444397,-0.1087204,0.7886083,-0.373068,-2.747932,-0.07751362,-0.03593788,0.9848768,-0.7403468,0.1124474,-0.6627535,0.3727152,0.8891557,-0.2654912,0.5594372,-0.4435739,-0.7001945,moving,-30.72665,34.31048,-4.500124,-2.08978
2208,05/08/2023 17:08:30.022837,2449,True,True,True,True,Eyes,0.3042805,0.07975775,-2.061163,0.4483517,-0.5066531,-0.736399,0.0,0.0,0.0,0.0,0.0,0.0,0.0,-1.39445,-0.6619684,-1.507149,0.1001111,0.07821682,-2.153613,0.1362077,0.9089227,-0.1930975,0.343541,26.39822,140.3215,7.371959,0.1894282,0.03900041,-0.981119,-0.3269241,0.0004177332,-0.1021972,0.7855459,-0.3730842,-2.747831,-0.07781678,-0.04226744,0.9848413,-0.7268541,0.1149308,-0.677107,0.3802784,0.8883216,-0.2574356,0.5719016,-0.4446073,-0.6893859,moving,-31.33487,34.52853,-4.517813,-2.457513
2209,05/08/2023 17:08:30.042699,2450,True,True,True,True,Eyes,0.295554,0.07939885,-2.065545,0.4560701,-0.5075083,-0.7310508,0.0,0.0,0.0,0.0,0.0,0.0,0.0,-1.436853,-0.6435273,-1.482019,0.09123147,0.07642348,-2.15891,0.1405411,0.9050386,-0.1929084,0.3520511,26.62405,139.2947,7.621351,0.1850944,0.03892903,-0.9819487,-0.3073086,0.0003926692,-0.09606533,0.7827815,-0.3730989,-2.74774,-0.07811888,-0.04772246,0.9846691,-0.7126166,0.118563,-0.6914626,0.3902174,0.8860691,-0.2502238,0.5830163,-0.4481344,-0.6776928,moving,-31.95821,34.76906,-4.536069,-2.774696
2210,05/08/2023 17:08:30.062341,2451,True,True,True,True,Eyes,0.286802,0.07900377,-2.069999,0.4635533,-0.5083727,-0.7257242,0.0,0.0,0.0,0.0,0.0,0.0,0.0,-1.480753,-0.6232922,-1.454594,0.08214048,0.07507412,-2.16439,0.1457659,0.9007548,-0.1927834,0.3608709,26.90461,138.2412,7.957806,0.1807542,0.03884197,-0.9827604,-0.2888701,0.000369109,-0.09030141,0.7798871,-0.3731143,-2.747645,-0.07745004,-0.05159608,0.984333,-0.6970491,0.1234588,-0.7063147,0.4017384,0.8831738,-0.2420958,0.5939097,-0.4525064,-0.6652136,moving,-32.56824,35.01139,-4.498921,-3.000544
2211,05/08/2023 17:08:30.072986,2452,True,True,True,True,Eyes,0.278015,0.07856646,-2.074508,0.4711801,-0.5094255,-0.7200521,0.0,0.0,0.0,0.0,0.0,0.0,0.0,-1.525105,-0.5986678,-1.427021,0.07305972,0.0737491,-2.170245,0.1508493,0.8964134,-0.1916967,0.370054,27.08576,137.14,8.303008,0.1764075,0.03873895,-0.983554,-0.2715379,0.0003469625,-0.08488332,0.7769599,-0.3731298,-2.747549,-0.07578851,-0.05648553,0.9836606,-0.680609,0.1285703,-0.7212773,0.4123228,0.8809937,-0.2320342,0.605608,-0.4553237,-0.6526247,moving,-33.19951,35.2788,-4.405787,-3.286532
2212,05/08/2023 17:08:30.092883,2453,True,True,True,True,Eyes,0.278015,0.07856646,-2.074508,0.4711801,-0.5094255,-0.7200521,0.0,0.0,0.0,0.0,0.0,0.0,0.0,-1.571875,-0.5745741,-1.394267,0.06330559,0.07232596,-2.176159,0.1560745,0.8914294,-0.1913408,0.379978,27.37054,135.9257,8.603468,0.1720542,0.03861946,-0.9843295,-0.2552456,0.0003261448,-0.07979032,0.7740585,-0.3731452,-2.747453,-0.07368208,-0.05899197,0.9832097,-0.662515,0.1328483,-0.7371738,0.4236694,0.878059,-0.2225237,0.6177202,-0.4597433,-0.638011,moving,-33.19951,35.2788,-4.285756,-3.433595
2213,05/08/2023 17:08:30.112769,2454,True,True,True,True,Eyes,0.278015,0.07856646,-2.074508,0.4711801,-0.5094255,-0.7200521,0.0,0.0,0.0,0.0,0.0,0.0,0.0,-1.615901,-0.5540506,-1.361749,0.05386563,0.07161551,-2.18276,0.1600412,0.8866572,-0.1912097,0.3894413,27.62795,134.7325,8.756256,0.1681336,0.03851128,-0.985011,-0.2399309,0.0003065761,-0.0750029,0.7712799,-0.3731599,-2.747362,-0.07234574,-0.06035715,0.9822692,-0.6454443,0.1348734,-0.7518047,0.4327333,0.8756513,-0.2144217,0.6293989,-0.4637282,-0.6235484,moving,-33.19951,35.2788,-4.212323,-3.516213
2214,05/08/2023 17:08:30.122389,2455,True,True,True,True,Eyes,0.2684399,0.07801129,-2.079623,0.4797181,-0.5101803,-0.7138534,0.0,0.0,0.0,0.0,0.0,0.0,0.0,-1.657687,-0.5265661,-1.332843,0.04400996,0.07045413,-2.189696,0.1616005,0.8827149,-0.1883266,0.3990403,27.48055,133.4924,8.752321,0.1646026,0.03841339,-0.985611,-0.225535,0.0002881815,-0.07050273,0.768254,-0.373176,-2.747262,-0.07312831,-0.06103602,0.9810672,-0.6293046,0.1349945,-0.7653447,0.435594,0.8768367,-0.2035072,0.6436101,-0.4614476,-0.6106002,moving,-33.90157,35.55282,-4.262919,-3.560006
2215,05/08/2023 17:08:30.142737,2456,True,True,True,True,Eyes,0.2588548,0.07746617,-2.08482,0.488185,-0.5110904,-0.7074335,0.0,0.0,0.0,0.0,0.0,0.0,0.0,-1.694269,-0.5009843,-1.307355,0.03399767,0.06896937,-2.196542,0.1618951,0.8794802,-0.1851476,0.4074616,27.23231,132.3851,8.660312,0.1609447,0.03829218,-0.9862196,-0.2407281,-0.001394627,-0.08161695,0.7654164,-0.3731911,-2.747169,-0.07562302,-0.06130916,0.9797134,-0.61553,0.1338859,-0.7766576,0.4356481,0.8790206,-0.1937353,0.6567597,-0.4575994,-0.5993907,moving,-34.60874,35.8465,-4.413847,-3.580824
2216,05/08/2023 17:08:30.162662,2457,True,True,True,True,Eyes,0.2492531,0.07696921,-2.090075,0.4963897,-0.5117797,-0.7011981,0.0,0.0,0.0,0.0,0.0,0.0,0.0,-1.728691,-0.4861741,-1.279584,0.02409474,0.06869963,-2.203809,0.1650693,0.8755764,-0.1857119,0.4142815,27.51496,131.508,8.767707,0.1571731,0.03815036,-0.9868333,-0.2550399,-0.002946292,-0.09231251,0.7624809,-0.3732067,-2.747072,-0.07901728,-0.06216764,0.9780749,-0.6022459,0.1351876,-0.786781,0.4429356,0.8765264,-0.1884395,0.6641596,-0.4619802,-0.5877638,moving,-35.29531,36.12438,-4.618813,-3.636898
2217,05/08/2023 17:08:30.173224,2458,True,True,True,True,Eyes,0.2396218,0.07645001,-2.095425,0.5048111,-0.5123873,-0.6947122,0.0,0.0,0.0,0.0,0.0,0.0,0.0,-1.771071,-0.4533812,-1.245253,0.01374381,0.0693957,-2.210859,0.1707106,0.8704402,-0.1835099,0.4236931,27.65371,130.3603,9.20427,0.1532995,0.03799218,-0.9874486,-0.2685424,-0.004260398,-0.1025387,0.7595274,-0.3732224,-2.746975,-0.08310539,-0.0616416,0.9762986,-0.582684,0.141683,-0.8002532,0.4526905,0.874364,-0.174811,0.6749449,-0.4641266,-0.5736164,moving,-36.00395,36.41075,-4.865455,-3.612749
2218,05/08/2023 17:08:30.192905,2459,True,True,True,True,Eyes,0.2299495,0.07606121,-2.100827,0.5125358,-0.513455,-0.6882376,0.0,0.0,0.0,0.0,0.0,0.0,0.0,-1.808925,-0.428295,-1.212931,0.00327803,0.06832429,-2.218596,0.1711502,0.8664086,-0.1809453,0.4327846,27.49606,129.1396,9.077656,0.1493336,0.0378181,-0.9880629,-0.2813238,-0.005562378,-0.112436,0.7566857,-0.3732374,-2.746881,-0.08836219,-0.06148848,0.9741036,-0.5668101,0.1399513,-0.8118743,0.4531927,0.8759329,-0.1654028,0.687999,-0.4616875,-0.5599126,moving,-36.67533,36.72453,-5.183188,-3.611897
2219,05/08/2023 17:08:30.212589,2460,True,True,True,True,Eyes,0.2203106,0.07579156,-2.106371,0.5204915,-0.5143031,-0.6816017,0.0,0.0,0.0,0.0,0.0,0.0,0.0,-1.839716,-0.4429768,-1.173131,-0.007305154,0.07119207,-2.225286,0.176628,0.8609474,-0.1901834,0.4374956,28.81766,128.4528,9.04401,0.1452842,0.03763581,-0.9886734,-0.2934614,-0.006395039,-0.1218961,0.7538151,-0.3732527,-2.746787,-0.0948581,-0.06268218,0.9714186,-0.5548003,0.137726,-0.8205048,0.4705436,0.8652656,-0.1729279,0.686138,-0.4820237,-0.5448558,moving,-37.36644,37.03641,-5.577196,-3.691974
2220,05/08/2023 17:08:30.222477,2461,True,True,True,True,Eyes,0.2106387,0.07555934,-2.11198,0.5286887,-0.5143595,-0.6752204,0.0,0.0,0.0,0.0,0.0,0.0,0.0,-1.879542,-0.3952294,-1.144103,-0.01626755,0.07372725,-2.234313,0.1814927,0.8564439,-0.1833474,0.4471556,28.44823,127.3047,9.618227,0.1411619,0.03745153,-0.9892774,-0.3047704,-0.006820291,-0.1312128,0.7508686,-0.3732683,-2.74669,-0.1017844,-0.06499252,0.9683613,-0.5342247,0.1469068,-0.8324798,0.4748462,0.8668882,-0.1517427,0.699375,-0.4763645,-0.5328714,moving,-38.06048,37.2989,-6.000323,-3.839704
2221,05/08/2023 17:08:30.242489,2462,True,True,True,True,Eyes,0.2009129,0.07539252,-2.117674,0.5366417,-0.5150099,-0.6684164,0.0,0.0,0.0,0.0,0.0,0.0,0.0,-1.915567,-0.3456442,-1.114746,-0.02699693,0.07428369,-2.241713,0.1820396,0.8529341,-0.1743135,0.4571431,27.63208,126.042,9.824092,0.1369741,0.03726709,-0.9898729,-0.3154999,-0.007107732,-0.1401692,0.7480375,-0.3732833,-2.746597,-0.1098733,-0.06406242,0.9654014,-0.5157635,0.1511632,-0.8432899,0.4699081,0.8729527,-0.1309196,0.7163619,-0.4637922,-0.5212699,moving,-38.75943,37.61399,-6.492951,-3.796486
2222,05/08/2023 17:08:30.262349,2463,True,True,True,True,Eyes,0.1912319,0.07536186,-2.123483,0.5446894,-0.5151663,-0.6617531,0.0,0.0,0.0,0.0,0.0,0.0,0.0,-1.949793,-0.3450134,-1.07094,-0.03803835,0.07581062,-2.249544,0.186594,0.846971,-0.1803726,0.463992,28.60034,125.061,9.750725,0.1327259,0.03708543,-0.9904583,-0.3257473,-0.007181724,-0.1488387,0.7451631,-0.3732986,-2.746502,-0.120055,-0.06218949,0.9620973,-0.4997882,0.1486965,-0.8532884,0.4834622,0.8652968,-0.1323845,0.7186626,-0.4786969,-0.5043544,moving,-39.45782,37.9003,-7.112869,-3.698425
2223,05/08/2023 17:08:30.278107,2464,True,True,True,True,Eyes,0.1815733,0.07538637,-2.129403,0.5530704,-0.5147362,-0.6551029,0.0,0.0,0.0,0.0,0.0,0.0,0.0,-1.979078,-0.3235883,-1.042639,-0.04680224,0.07901139,-2.258345,0.1880378,0.8434247,-0.1778937,0.4707764,28.49796,124.1581,9.807222,0.1284269,0.03691244,-0.9910313,-0.3352454,-0.00684282,-0.157337,0.7421955,-0.3733144,-2.746405,-0.1307283,-0.06369114,0.9583179,-0.4860228,0.1496951,-0.8610305,0.4846878,0.8659913,-0.1230324,0.7272275,-0.4771274,-0.4934469,moving,-40.17272,38.1579,-7.768015,-3.802365
2224,05/08/2023 17:08:30.292844,2465,True,True,True,True,Eyes,0.1719109,0.07542899,-2.13538,0.5615065,-0.5137568,-0.6486635,0.0,0.0,0.0,0.0,0.0,0.0,0.0,-2.00655,-0.2771833,-1.022586,-0.05606359,0.08022851,-2.266975,0.1872391,0.8413243,-0.1677746,0.4785048,27.48363,123.2002,10.02918,0.1240849,0.0367496,-0.9915904,-0.3441066,-0.006358714,-0.1656573,0.7393669,-0.3733294,-2.746311,-0.1422279,-0.06601888,0.9539205,-0.4719497,0.1544957,-0.8679832,0.4756195,0.8735864,-0.1031161,0.7423274,-0.4614953,-0.48577,moving,-40.88065,38.38005,-8.480229,-3.959011
2225,05/08/2023 17:08:30.312695,2466,True,True,True,True,Eyes,0.162261,0.07552849,-2.141442,0.5697043,-0.5130669,-0.6420276,0.0,0.0,0.0,0.0,0.0,0.0,0.0,-2.032076,-0.2578643,-0.9946375,-0.06608882,0.08071151,-2.274697,0.1873019,0.8382108,-0.1656245,0.4846539,27.33611,122.3518,9.947565,0.1197056,0.03659659,-0.9921342,-0.3524472,-0.005849339,-0.1736465,0.7365401,-0.3733444,-2.746218,-0.1538774,-0.06351507,0.949865,-0.4600573,0.1534559,-0.8745278,0.4745381,0.874973,-0.09610315,0.7504407,-0.4592097,-0.4753585,moving,-41.5843,38.62959,-9.201928,-3.825529
2226,05/08/2023 17:08:30.322697,2467,True,True,True,True,Eyes,0.1526524,0.07567307,-2.14757,0.5778374,-0.5120333,-0.6355516,0.0,0.0,0.0,0.0,0.0,0.0,0.0,-2.05591,-0.2551106,-0.9655466,-0.07546131,0.08223146,-2.282909,0.1888847,0.8346447,-0.1683496,0.4892333,27.76471,121.673,9.797754,0.1152951,0.03645488,-0.9926616,-0.3602501,-0.005199871,-0.1814138,0.7334144,-0.373361,-2.746116,-0.1644495,-0.06025696,0.9457555,-0.4499467,0.1505788,-0.8802692,0.4800277,0.871962,-0.09620682,0.7530746,-0.4658416,-0.4646184,moving,-42.27681,38.85672,-9.86406,-3.645561
2227,05/08/2023 17:08:30.342822,2468,True,True,True,True,Eyes,0.1430719,0.07585144,-2.153776,0.5858529,-0.5110412,-0.628978,0.0,0.0,0.0,0.0,0.0,0.0,0.0,-2.078327,-0.233169,-0.9429111,-0.08431683,0.08344862,-2.29103,0.1898682,0.8319544,-0.1654878,0.4943844,27.58683,120.9934,9.894197,0.1108606,0.03632525,-0.9931715,-0.367461,-0.004454121,-0.1889132,0.7307056,-0.3733754,-2.746027,-0.173722,-0.0609751,0.9412647,-0.4390683,0.1522941,-0.8854522,0.4795525,0.8731277,-0.08762088,0.7597687,-0.4630923,-0.4563958,moving,-42.96692,39.09367,-10.45697,-3.70644
2228,05/08/2023 17:08:30.362567,2469,True,True,True,True,Eyes,0.1335456,0.07607082,-2.160006,0.5935944,-0.5101566,-0.6224033,0.0,0.0,0.0,0.0,0.0,0.0,0.0,-2.100584,-0.2122531,-0.9190075,-0.09326224,0.08443929,-2.299185,0.1919905,0.8288624,-0.1637993,0.4992962,27.59731,120.3465,10.053,0.1064073,0.03620785,-0.9936627,-0.374155,-0.003651773,-0.1961965,0.7278721,-0.3733904,-2.745933,-0.1797402,-0.06269771,0.9372723,-0.4276859,0.1546987,-0.8905914,0.4818362,0.8726189,-0.0798139,0.7647997,-0.4632545,-0.4477462,moving,-43.64282,39.33996,-10.85578,-3.827031
2229,05/08/2023 17:08:30.387586,2470,True,True,True,True,Eyes,0.1241016,0.07636418,-2.166311,0.601245,-0.5092458,-0.6157704,0.0,0.0,0.0,0.0,0.0,0.0,0.0,-2.122339,-0.2009131,-0.8913291,-0.1018478,0.08576779,-2.306822,0.1946306,0.8252054,-0.1650683,0.5038923,27.94192,119.6993,10.09632,0.1019419,0.03610322,-0.9941345,-0.3802845,-0.002774542,-0.2031165,0.7249477,-0.3734059,-2.745837,-0.1846112,-0.06255886,0.9334062,-0.4164231,0.1548672,-0.8958839,0.4875737,0.8697428,-0.07628481,0.7673746,-0.4685762,-0.4376901,moving,-44.31619,39.59095,-11.1877,-3.83435
2230,05/08/2023 17:08:30.392529,2471,True,True,True,True,Eyes,0.1241016,0.07636418,-2.166311,0.601245,-0.5092458,-0.6157704,0.0,0.0,0.0,0.0,0.0,0.0,0.0,-2.142546,-0.1896266,-0.8678019,-0.1094525,0.0877368,-2.315138,0.1947036,0.8225809,-0.1640888,0.5084546,27.90121,119.0478,9.999534,0.09747141,0.03601328,-0.9945861,-0.3857993,-0.00172797,-0.209843,0.7221248,-0.3734209,-2.745744,-0.1909194,-0.05896884,0.9302968,-0.4071289,0.1534555,-0.9003874,0.4871823,0.8703308,-0.07195678,0.7725927,-0.4679485,-0.4290976,moving,-44.31619,39.59095,-11.59745,-3.626962
2231,05/08/2023 17:08:30.412925,2472,True,True,True,True,Eyes,0.1241016,0.07636418,-2.166311,0.601245,-0.5092458,-0.6157704,0.0,0.0,0.0,0.0,0.0,0.0,0.0,-2.16006,-0.1727347,-0.8491795,-0.116694,0.08900589,-2.32277,0.1943797,0.8206452,-0.1611836,0.5126188,27.63481,118.4822,9.996272,0.09344624,0.03593172,-0.9949753,-0.3626513,-0.001624291,-0.1972524,0.7193072,-0.3734359,-2.745651,-0.1918131,-0.07213703,0.9256864,-0.398877,0.153782,-0.9040179,0.484285,0.8724727,-0.06526372,0.7786946,-0.4638345,-0.4224837,moving,-44.31619,39.59095,-11.70668,-4.455949
2232,05/08/2023 17:08:30.422668,2473,True,True,True,True,Eyes,0.1241016,0.07636418,-2.166311,0.601245,-0.5092458,-0.6157704,0.0,0.0,0.0,0.0,0.0,0.0,0.0,-2.179089,-0.1469744,-0.8279154,-0.1237993,0.08945151,-2.330696,0.1940937,0.8182964,-0.1564127,0.5179324,27.19618,117.7808,10.07713,0.0898223,0.0358578,-0.9953117,-0.3408922,-0.001526834,-0.1854173,0.7162523,-0.3734521,-2.745551,-0.1941115,-0.0683924,0.9236993,-0.3881476,0.1556299,-0.9083617,0.4796747,0.8757254,-0.05492902,0.7869269,-0.4570386,-0.4145625,moving,-44.31619,39.59095,-11.86778,-4.234558
2233,05/08/2023 17:08:30.442445,2474,True,True,True,True,Eyes,0.1241016,0.07636418,-2.166311,0.601245,-0.5092458,-0.6157704,0.0,0.0,0.0,0.0,0.0,0.0,0.0,-2.198885,-0.1277801,-0.8013015,-0.1309526,0.08998214,-2.338431,0.1954254,0.8149316,-0.154826,0.523187,27.18294,117.055,10.13355,0.08655961,0.03579088,-0.9956031,-0.3204387,-0.001435224,-0.1742922,0.7134548,-0.3734669,-2.745459,-0.1963487,-0.0547469,0.9227598,-0.3761688,0.1565108,-0.9132368,0.4805224,0.8756757,-0.04785708,0.7922092,-0.4568331,-0.4046089,moving,-44.31619,39.59095,-12.01248,-3.395351
2234,05/08/2023 17:08:30.462290,2475,True,True,True,True,Eyes,0.1241016,0.07636418,-2.166311,0.601245,-0.5092458,-0.6157704,0.0,0.0,0.0,0.0,0.0,0.0,0.0,-2.219025,-0.1096968,-0.7716529,-0.137596,0.09045665,-2.346154,0.1967154,0.8111466,-0.1536946,0.5288879,27.22065,116.2504,10.13995,0.08362246,0.03573031,-0.9958563,-0.3012123,-0.001349111,-0.1638347,0.7106116,-0.373482,-2.745365,-0.1988247,-0.06851432,0.9190953,-0.3631612,0.1565556,-0.9184792,0.4817044,0.875362,-0.04125691,0.7975429,-0.4574184,-0.393311,moving,-44.31619,39.59095,-12.2065,-4.263251
2235,05/08/2023 17:08:30.472387,2476,True,True,True,True,Eyes,0.1241016,0.07636418,-2.166311,0.601245,-0.5092458,-0.6157704,0.0,0.0,0.0,0.0,0.0,0.0,0.0,-2.238709,-0.09271683,-0.7423706,-0.1441909,0.09101964,-2.354242,0.1975358,0.8075129,-0.15245,0.5344732,27.21726,115.4537,10.1075,0.08097851,0.03567554,-0.9960767,-0.2831396,-0.001268164,-0.1540046,0.7076533,-0.3734977,-2.745268,-0.1988001,-0.06277901,0.9190024,-0.3506361,0.1560645,-0.9234166,0.4819863,0.8754773,-0.03505555,0.8029593,-0.4573658,-0.382195,moving,-44.31619,39.59095,-12.20624,-3.907925
2236,05/08/2023 17:08:30.492597,2477,True,True,True,True,Eyes,0.1241016,0.07636418,-2.166311,0.601245,-0.5092458,-0.6157704,0.0,0.0,0.0,0.0,0.0,0.0,0.0,-2.257577,-0.08240835,-0.7112787,-0.1503053,0.09222352,-2.361836,0.1989419,0.8035288,-0.1533109,0.5396845,27.45884,114.6774,10.00962,0.07859839,0.03562603,-0.9962691,-0.2661512,-0.001192074,-0.1447643,0.704752,-0.3735131,-2.745173,-0.1990187,-0.05279586,0.9188188,-0.3383255,0.1542321,-0.928304,0.4851902,0.8738357,-0.03164776,0.8063041,-0.4611112,-0.3704728,moving,-44.31619,39.59095,-12.22162,-3.288632
2237,05/08/2023 17:08:30.512373,2478,True,True,True,True,Eyes,0.1241016,0.07636418,-2.166311,0.601245,-0.5092458,-0.6157704,0.0,0.0,0.0,0.0,0.0,0.0,0.0,-2.277139,-0.06991671,-0.6774197,-0.1562761,0.09314708,-2.369821,0.198289,0.7996539,-0.1522503,0.5459441,27.3874,113.7447,9.783822,0.07645587,0.03558129,-0.9964374,-0.2501822,-0.00112055,-0.1360785,0.7018134,-0.3735287,-2.745076,-0.2001047,-0.05623186,0.9177711,-0.3252529,0.1508848,-0.9335117,0.4833654,0.8750026,-0.02698568,0.8127536,-0.4600045,-0.3575297,moving,-44.31619,39.59095,-12.29989,-3.506131
2238,05/08/2023 17:08:30.522636,2479,True,True,True,True,Eyes,0.1127033,0.07687707,-2.175025,0.6103035,-0.509786,-0.6063398,0.0,0.0,0.0,0.0,0.0,0.0,0.0,-2.295532,-0.06425579,-0.6437864,-0.162579,0.09329074,-2.377588,0.1974881,0.7958555,-0.1530231,0.5515401,27.47837,112.8685,9.44234,0.07452749,0.0355409,-0.9965849,-0.2351712,-0.001053317,-0.1279138,0.6988282,-0.3735446,-2.744978,-0.2005545,-0.06400493,0.9156764,-0.313604,0.1455472,-0.938333,0.4831407,0.8751648,-0.02572336,0.817452,-0.4614137,-0.344775,moving,-45.18667,40.05577,-12.35403,-3.998418
2239,05/08/2023 17:08:30.542587,2480,True,True,True,True,Eyes,0.1015338,0.07742585,-2.18369,0.6190418,-0.5105091,-0.5967979,0.0,0.0,0.0,0.0,0.0,0.0,0.0,-2.312761,-0.0676397,-0.6114905,-0.1690063,0.09389306,-2.385368,0.1988017,0.7917477,-0.1576963,0.5556486,28.07579,112.1575,9.100471,0.072248,0.03551525,-0.9967537,-0.2552561,0.0005485539,-0.1463808,0.6960681,-0.3735592,-2.744887,-0.2011732,-0.068661,0.9141434,-0.3034651,0.1395541,-0.9425674,0.4900489,0.8712195,-0.02878364,0.8171663,-0.470639,-0.332773,moving,-46.04811,40.54413,-12.4111,-4.295402
2240,05/08/2023 17:08:30.562838,2481,True,True,True,True,Eyes,0.09064456,0.07798994,-2.192182,0.6278305,-0.5107235,-0.5873588,0.0,0.0,0.0,0.0,0.0,0.0,0.0,-2.328914,-0.06488822,-0.581291,-0.1746489,0.09533364,-2.392982,0.1998796,0.7879445,-0.160181,0.5599407,28.44201,111.4547,8.871484,0.06966709,0.03550439,-0.9969378,-0.2734492,0.002161981,-0.1635939,0.6931348,-0.3735748,-2.74479,-0.2018965,-0.07667059,0.9114437,-0.2930288,0.1356044,-0.9464381,0.4943718,0.8687804,-0.02858598,0.8183705,-0.4762689,-0.3216167,moving,-46.90752,41.0078,-12.49007,-4.808397
2241,05/08/2023 17:08:30.572745,2482,True,True,True,True,Eyes,0.07998392,0.07857696,-2.200648,0.6365066,-0.5108438,-0.5778391,0.0,0.0,0.0,0.0,0.0,0.0,0.0,-2.345035,-0.05306382,-0.5517991,-0.1798979,0.09675244,-2.400991,0.1998102,0.7844748,-0.159251,0.5650792,28.40324,110.6809,8.730379,0.0668313,0.0355076,-0.9971318,-0.2897099,0.003724535,-0.1792536,0.6902133,-0.3735903,-2.744694,-0.2019752,-0.08084467,0.9093616,-0.2815231,0.1335133,-0.9502207,0.4934709,0.86943,-0.02403955,0.8229408,-0.4756739,-0.3106496,moving,-47.76593,41.47858,-12.52249,-5.080391
2242,05/08/2023 17:08:30.592469,2483,True,True,True,True,Eyes,0.06952013,0.07920226,-2.209247,0.6453279,-0.5105258,-0.5682564,0.0,0.0,0.0,0.0,0.0,0.0,0.0,-2.360666,-0.03961743,-0.5220861,-0.1850249,0.09785601,-2.408958,0.1993009,0.781069,-0.1575788,0.5704204,28.2637,109.8848,8.590515,0.0637804,0.03552434,-0.997331,-0.3043092,0.005262111,-0.1938964,0.6872664,-0.3736059,-2.744597,-0.199999,-0.07726496,0.9085951,-0.2697996,0.1315632,-0.9538866,0.4911078,0.8708962,-0.01878911,0.8282643,-0.4735304,-0.2995792,moving,-48.63382,41.93676,-12.41392,-4.860616
2243,05/08/2023 17:08:30.612631,2484,True,True,True,True,Eyes,0.0592932,0.07982066,-2.217829,0.6540658,-0.5100135,-0.5586449,0.0,0.0,0.0,0.0,0.0,0.0,0.0,-2.375806,-0.0253159,-0.4943242,-0.1898276,0.09886716,-2.417363,0.1986097,0.7779158,-0.1553542,0.5755574,28.05556,109.1296,8.482407,0.06054809,0.03555455,-0.9975314,-0.317442,0.006822277,-0.2080612,0.6844653,-0.3736208,-2.744505,-0.1975657,-0.07157266,0.9083967,-0.2585756,0.1301726,-0.95718,0.4878337,0.8728385,-0.01308249,0.8337606,-0.4703275,-0.2891973,moving,-49.49899,42.39444,-12.27008,-4.505033
2244,05/08/2023 17:08:30.622451,2485,True,True,True,True,Eyes,0.04927437,0.08045273,-2.226497,0.6628929,-0.5091487,-0.548945,0.0,0.0,0.0,0.0,0.0,0.0,0.0,-2.389961,-0.007510614,-0.4682469,-0.1943739,0.09927608,-2.425611,0.1977394,0.7749807,-0.1520145,0.5806856,27.72741,108.3992,8.441529,0.05716667,0.03559637,-0.9977294,-0.3290763,0.008268135,-0.2213224,0.6814959,-0.3736366,-2.744407,-0.1960111,-0.06478396,0.9081356,-0.2474068,0.1299432,-0.9601586,0.4830337,0.8755815,-0.005967762,0.8399216,-0.4652654,-0.2793918,moving,-50.37167,42.84605,-12.17982,-4.080415
2245,05/08/2023 17:08:30.642308,2486,True,True,True,True,Eyes,0.03949397,0.08107438,-2.23515,0.6716002,-0.5082008,-0.5391521,0.0,0.0,0.0,0.0,0.0,0.0,0.0,-2.404218,0.008398127,-0.4400444,-0.1988394,0.09988331,-2.434021,0.1972135,0.7716881,-0.1495437,0.5858678,27.50877,107.6412,8.372702,0.05366369,0.03564889,-0.9979221,-0.3393882,0.009668279,-0.2340476,0.6788335,-0.3736507,-2.74432,-0.1940821,-0.06134558,0.90769,-0.2357317,0.1291489,-0.9631985,0.4796003,0.877487,0.0002797859,0.8452303,-0.4618843,-0.2687914,moving,-51.24294,43.30729,-12.06923,-3.866415
2246,05/08/2023 17:08:30.662535,2487,True,True,True,True,Eyes,0.02995261,0.0816692,-2.243798,0.6802262,-0.507086,-0.5292978,0.0,0.0,0.0,0.0,0.0,0.0,0.0,-2.418324,0.02114083,-0.4097276,-0.2029196,0.1002256,-2.442415,0.196258,0.7681819,-0.1476814,0.591244,27.32035,106.8303,8.211268,0.05006522,0.03571039,-0.9981069,-0.3483661,0.01095312,-0.2459642,0.6759555,-0.373666,-2.744225,-0.1901645,-0.05527011,0.9082733,-0.2238267,0.1268922,-0.9663333,0.4761553,0.879346,0.005180341,0.8503986,-0.4589652,-0.2572414,moving,-52.11279,43.77222,-11.82516,-3.48226
2247,05/08/2023 17:08:30.682355,2488,True,True,True,True,Eyes,0.02064758,0.08222722,-2.252451,0.6886738,-0.505941,-0.5193765,0.0,0.0,0.0,0.0,0.0,0.0,0.0,-2.431984,0.02971125,-0.3804486,-0.2067491,0.1001381,-2.450998,0.1945862,0.7649422,-0.1462622,0.5963281,27.1189,106.0446,7.959763,0.04639472,0.03577859,-0.9982819,-0.3560882,0.01208041,-0.257148,0.6730408,-0.3736815,-2.744129,-0.1865132,-0.04991588,0.9083769,-0.2130582,0.1232538,-0.9692343,0.4721349,0.8814872,0.008310176,0.8553919,-0.4558387,-0.2460005,moving,-52.97753,44.24926,-11.60304,-3.145276
2248,05/08/2023 17:08:30.692798,2489,True,True,True,True,Eyes,0.01157868,0.08273684,-2.26108,0.696871,-0.504721,-0.5095364,0.0,0.0,0.0,0.0,0.0,0.0,0.0,-2.445351,0.03560684,-0.3525193,-0.2103981,0.09978662,-2.459889,0.1931723,0.7617732,-0.1457391,0.6009545,27.01449,105.3097,7.685367,0.04267343,0.03585096,-0.9984453,-0.362638,0.01302962,-0.2676793,0.6701859,-0.3736966,-2.744035,-0.1812178,-0.0525879,0.9085945,-0.2030766,0.1191418,-0.9718875,0.4694721,0.8828891,0.01013514,0.8592765,-0.4542158,-0.2352278,moving,-53.82657,44.72798,-11.27954,-3.312486
2249,05/08/2023 17:08:30.715011,2490,True,True,True,True,Eyes,0.002739411,0.08318665,-2.269731,0.7048537,-0.5034491,-0.4997203,0.0,0.0,0.0,0.0,0.0,0.0,0.0,-2.457851,0.04022455,-0.327868,-0.2139331,0.09924434,-2.46871,0.1916879,0.7590365,-0.1452799,0.6049902,26.90318,104.6646,7.422932,0.03891974,0.03592484,-0.9985961,-0.3680865,0.01377672,-0.2775044,0.6672993,-0.3737119,-2.74394,-0.1757692,-0.05608618,0.9083571,-0.1944854,0.1152103,-0.9741161,0.4667821,0.884299,0.01139302,0.8627226,-0.4524842,-0.2257614,moving,-54.66449,45.21297,-10.95152,-3.533222
2250,05/08/2023 17:08:30.732458,2491,True,True,True,True,Eyes,-0.00585544,0.08358441,-2.278399,0.7125338,-0.5021522,-0.4900394,0.0,0.0,0.0,0.0,0.0,0.0,0.0,-2.469999,0.04806012,-0.3067586,-0.2172671,0.09824146,-2.477993,0.1907593,0.7565686,-0.1443338,0.6085905,26.78125,104.1058,7.269579,0.03514996,0.03599726,-0.9987333,-0.3725191,0.01429954,-0.2868093,0.6642717,-0.373728,-2.74384,-0.1704516,-0.05834275,0.907646,-0.1864567,0.1129646,-0.9759471,0.4643253,0.8855574,0.01379179,0.8658152,-0.4505854,-0.2175705,moving,-55.48206,45.69944,-10.63599,-3.677867
2251,05/08/2023 17:08:30.742411,2492,True,True,True,True,Eyes,-0.01421511,0.08390389,-2.287087,0.7200334,-0.5007238,-0.4804451,0.0,0.0,0.0,0.0,0.0,0.0,0.0,-2.481558,0.05845919,-0.2883911,-0.2200356,0.09742431,-2.48733,0.1902281,0.7543158,-0.1427859,0.6119096,26.62929,103.6104,7.213018,0.03137979,0.03606593,-0.9988564,-0.3759525,0.01463486,-0.2956025,0.6614789,-0.3737428,-2.743749,-0.1659112,-0.05913997,0.9071583,-0.1787603,0.1122401,-0.9774697,0.4617283,0.8868508,0.0173935,0.8688222,-0.4482161,-0.2103581,moving,-56.28665,46.18401,-10.36435,-3.72998
2252,05/08/2023 17:08:30.762856,2493,True,True,True,True,Eyes,-0.02233538,0.08413203,-2.295814,0.7272096,-0.499369,-0.4709532,0.0,0.0,0.0,0.0,0.0,0.0,0.0,-2.492629,0.06760286,-0.2720501,-0.2227638,0.09582834,-2.496592,0.1888904,0.7524968,-0.140838,0.6150072,26.37845,103.1532,7.120238,0.02762204,0.0361277,-0.9989651,-0.3784744,0.01471519,-0.3039324,0.6585627,-0.3737583,-2.743653,-0.159643,-0.06112498,0.9069264,-0.1721736,0.111046,-0.9787877,0.4575116,0.8889701,0.02037752,0.8723758,-0.4442981,-0.203862,moving,-57.07223,46.67743,-9.983298,-3.855787
2253,05/08/2023 17:08:30.772803,2494,True,True,True,True,Eyes,-0.03024192,0.08426826,-2.304555,0.7341133,-0.498014,-0.4615839,0.0,0.0,0.0,0.0,0.0,0.0,0.0,-2.503627,0.07096758,-0.2591524,-0.2251167,0.09385791,-2.506164,0.1876597,0.7510321,-0.1404129,0.6172672,26.26871,102.791,6.951639,0.02388858,0.03617916,-0.9990595,-0.3801267,0.01451671,-0.311877,0.6556299,-0.3737739,-2.743556,-0.1527679,-0.06453216,0.9063686,-0.1675301,0.1085325,-0.9798746,0.4552214,0.8901361,0.02076319,0.8744754,-0.4425816,-0.1985309,moving,-57.83981,47.17413,-9.567251,-4.072506
2254,05/08/2023 17:08:30.792787,2495,True,True,True,True,Eyes,-0.03792468,0.08432166,-2.31338,0.7407774,-0.496745,-0.4522093,0.0,0.0,0.0,0.0,0.0,0.0,0.0,-2.514068,0.07639184,-0.2462082,-0.2278921,0.09178074,-2.51528,0.1872396,0.7494184,-0.1402766,0.6193838,26.24421,102.4506,6.843297,0.02018944,0.03621732,-0.9991398,-0.3810387,0.01405441,-0.3193863,0.6527304,-0.3737893,-2.743461,-0.1448698,-0.06789897,0.9056606,-0.1626105,0.1068716,-0.9808856,0.4544117,0.8905276,0.02169472,0.8758243,-0.442198,-0.1933729,moving,-58.59793,47.687,-9.088064,-4.287545
2255,05/08/2023 17:08:30.812509,2496,True,True,True,True,Eyes,-0.04539039,0.0842749,-2.322231,0.7472095,-0.4954004,-0.4430083,0.919111,0.6413782,-0.3710531,-2.729405,0.3953258,0.1884914,0.8989931,0.01465166,-0.02171277,1.006356,-0.2299971,0.08970659,-2.524849,0.1862967,0.7480174,-0.1394074,0.6215539,26.11314,102.1164,6.74152,0.01650864,0.03623993,-0.9992065,-0.3812247,0.01337134,-0.3266976,0.6497584,-0.373805,-2.743363,-0.1363719,-0.07022654,0.904927,-0.1579288,0.105408,-0.9818084,0.4520047,0.8917183,0.02302859,0.8779239,-0.4401451,-0.1884729,moving,-59.33699,48.19556,-8.569951,-4.437524
2256,05/08/2023 17:08:30.822572,2497,True,True,True,True,Eyes,-0.05262763,0.08414084,-2.331153,0.7534121,-0.4940706,-0.4338945,0.9169673,0.6382266,-0.3689058,-2.72902,0.1853262,0.331747,0.9249854,0.009374142,-0.02067931,1.001596,-0.2322645,0.0872379,-2.534371,0.1859259,0.7468188,-0.1380229,0.6234124,25.97463,101.8504,6.746841,0.01283632,0.03624412,-0.9992602,-0.3807483,0.01242875,-0.3336496,0.6467917,-0.3738208,-2.743265,-0.127627,-0.07092279,0.9042075,-0.1535773,0.1056155,-0.9824762,0.4497962,0.8927625,0.02566079,0.8798282,-0.4379731,-0.1846135,moving,-60.0621,48.71029,-8.034104,-4.484893
2257,05/08/2023 17:08:30.842737,2498,True,True,True,True,Eyes,-0.05963398,0.08392083,-2.34012,0.7594253,-0.4925856,-0.4250092,0.9159967,0.6359972,-0.367286,-2.729427,0.0366515,0.4395598,0.8974652,0.003713489,-0.02111175,0.9975345,-0.2339504,0.08494485,-2.544459,0.1860332,0.7456216,-0.1355629,0.6253501,25.77441,101.603,6.879965,0.00919043,0.03622763,-0.999301,-0.3796151,0.01128088,-0.3403963,0.644069,-0.3738352,-2.743176,-0.1189443,-0.06895326,0.9043427,-0.1486577,0.1078722,-0.9829875,0.4469692,0.8940288,0.03051455,0.8821107,-0.4348289,-0.1811198,moving,-60.76663,49.21195,-7.492856,-4.360185
2258,05/08/2023 17:08:30.862349,2499,True,True,True,True,Eyes,-0.06640512,0.08361766,-2.349142,0.7651864,-0.4911574,-0.4162381,0.9154611,0.6340933,-0.3660179,-2.730192,-0.09027325,0.5242552,0.8467627,-0.002867192,-0.02272926,0.9938287,-0.235435,0.08262827,-2.554528,0.1861235,0.7448087,-0.1324108,0.6269652,25.50738,101.4241,7.078564,0.00558752,0.03618863,-0.9993291,-0.3778573,0.009943977,-0.3468733,0.641322,-0.3738498,-2.743085,-0.1104124,-0.06788507,0.9042454,-0.1445454,0.1112189,-0.9832279,0.4432867,0.8956509,0.03614453,0.8846488,-0.4306273,-0.1787641,moving,-61.45515,49.71993,-6.961607,-4.293354
2259,05/08/2023 17:08:30.872807,2500,True,True,True,True,Eyes,-0.07294353,0.08325014,-2.358228,0.7707326,-0.4896913,-0.407644,0.9151418,0.6323862,-0.3648869,-2.73128,-0.2040221,0.5994648,0.7739618,-0.00859876,-0.02376167,0.9901398,-0.2365872,0.08033848,-2.564922,0.1865679,0.7436159,-0.1294255,0.6288695,25.28616,101.1949,7.28698,0.002042425,0.03612563,-0.9993449,-0.3754993,0.008437846,-0.3531276,0.6382843,-0.373866,-2.742985,-0.1013005,-0.06799296,0.9038669,-0.1394311,0.1146862,-0.983568,0.4402533,0.896883,0.042168,0.8869814,-0.4271395,-0.1755444,moving,-62.12543,50.22428,-6.394714,-4.301946
2260,05/08/2023 17:08:30.892376,2501,True,True,True,True,Eyes,-0.07925307,0.08284914,-2.367454,0.776112,-0.4883512,-0.3989528,0.9150624,0.6309379,-0.3640227,-2.732521,-0.3005633,0.6570944,0.6912948,-0.01420815,-0.02294962,0.9868774,-0.2375468,0.07841883,-2.575565,0.188947,0.7418273,-0.1262495,0.630914,25.19683,100.959,7.686545,-0.001433057,0.03603821,-0.9993492,-0.3725845,0.006828986,-0.3591976,0.6354472,-0.373881,-2.742892,-0.09282947,-0.06605048,0.9035996,-0.1324933,0.121027,-0.9837673,0.4396373,0.8967201,0.05110798,0.8883494,-0.4257293,-0.1720174,moving,-62.79502,50.7533,-5.865588,-4.180718
2351,05/08/2023 17:08:32.412747,2592,True,True,True,True,Eyes,-0.1259234,0.1051646,-3.303347,0.7672933,-0.3844898,0.5132531,0.0,0.0,0.0,0.0,0.0,0.0,0.0,-2.535357,1.007075,2.197905,-0.03560271,0.1073429,-3.501462,0.1808533,0.4027594,-0.01236926,0.8971756,19.54079,49.6508,7.529285,-0.04878704,0.03178352,-0.9983027,0.03651402,0.01432806,-0.323544,0.6354472,-0.373881,-2.742892,-0.09263965,-0.07506039,0.9959036,0.6752637,0.1234859,-0.7271659,0.1678755,0.9342782,0.3145505,0.7182178,-0.3344779,0.6101539,moving,56.22089,-36.83773,-5.314401,-4.310184
2352,05/08/2023 17:08:32.422374,2593,True,True,True,True,Eyes,-0.1211657,0.1050171,-3.311512,0.7644538,-0.3812909,0.5198342,0.0,0.0,0.0,0.0,0.0,0.0,0.0,-2.53188,1.000123,2.211853,-0.02604231,0.1056818,-3.505868,0.1779432,0.4006028,-0.009409629,0.8987575,19.11071,49.33619,7.642073,-0.04771628,0.03178499,-0.9983544,0.03432318,0.01346838,-0.3041313,0.6374378,-0.3722111,-2.74278,-0.08973882,-0.07665969,0.9980721,0.6788576,0.1256551,-0.7234384,0.159483,0.9364954,0.3123165,0.7167408,-0.3273946,0.6157071,moving,55.78401,-36.25951,-5.137772,-4.392138
2353,05/08/2023 17:08:32.442678,2594,True,True,True,True,Eyes,-0.1161739,0.1047941,-3.319519,0.7615933,-0.3780586,0.5263529,0.0,0.0,0.0,0.0,0.0,0.0,0.0,-2.526104,0.9994788,2.225196,-0.01602313,0.1036936,-3.510079,0.1758678,0.3980945,-0.006157367,0.9003074,18.75805,49.00239,7.826257,-0.04659986,0.03177423,-0.9984075,0.03226379,0.01266027,-0.2858835,0.6392423,-0.3706973,-2.74268,-0.08552665,-0.07552578,1.000659,0.6829658,0.1289369,-0.7189805,0.151111,0.9380652,0.3117677,0.714649,-0.3215725,0.6211827,moving,55.35084,-35.6882,-4.885214,-4.316273
2354,05/08/2023 17:08:32.462484,2595,True,True,True,True,Eyes,-0.1109076,0.1045254,-3.327394,0.7585466,-0.3750245,0.5328824,0.0,0.0,0.0,0.0,0.0,0.0,0.0,-2.518088,1.006932,2.237452,-0.005405235,0.1015986,-3.514331,0.1748944,0.3952406,-0.002512642,0.9017708,18.5067,48.65793,8.106367,-0.04543664,0.03175042,-0.9984619,0.03032796,0.01190066,-0.2687305,0.6413216,-0.3689529,-2.742563,-0.08162719,-0.07141003,1.003646,0.6875572,0.1337191,-0.7137117,0.1427824,0.9388112,0.3134431,0.7119539,-0.3174155,0.6263936,moving,54.91179,-35.13659,-4.649669,-4.069772
2355,05/08/2023 17:08:32.473459,2596,True,True,True,True,Eyes,-0.1053793,0.1042257,-3.335097,0.7554773,-0.3718823,0.5394049,0.0,0.0,0.0,0.0,0.0,0.0,0.0,-2.507794,1.02362,2.247744,0.005729403,0.1000556,-3.5184,0.1750123,0.3922192,0.002231028,0.9030669,18.32131,48.3355,8.560979,-0.04422315,0.03171366,-0.9985176,0.02850828,0.01118662,-0.2526066,0.6435399,-0.367092,-2.742439,-0.07748336,-0.07001939,1.00647,0.6923183,0.1413159,-0.7076194,0.1332568,0.9387314,0.3178458,0.7091812,-0.3143456,0.6310697,moving,54.47346,-34.58357,-4.402247,-3.979614
2356,05/08/2023 17:08:32.492904,2597,True,True,True,True,Eyes,-0.09959038,0.1038856,-3.342626,0.7522264,-0.3688206,0.5460099,0.0,0.0,0.0,0.0,0.0,0.0,0.0,-2.49458,1.033743,2.263512,0.01754912,0.09891595,-3.522066,0.1736855,0.3886747,0.007954759,0.9048215,17.94628,47.92248,9.035755,-0.04295772,0.03166457,-0.9985745,0.02679778,0.01051542,-0.2374502,0.6456719,-0.3653034,-2.742319,-0.07422337,-0.07206608,1.008743,0.6977375,0.1494096,-0.7005991,0.120619,0.9395401,0.3204924,0.7061257,-0.3081252,0.6375307,moving,54.02566,-34.03838,-4.208244,-4.086353
2357,05/08/2023 17:08:32.512682,2598,True,True,True,True,Eyes,-0.09354568,0.1035043,-3.349987,0.748889,-0.3657689,0.5526105,0.0,0.0,0.0,0.0,0.0,0.0,0.0,-2.479805,1.039058,2.282779,0.02964948,0.09756177,-3.525586,0.1718612,0.3846322,0.01294946,0.9068374,17.56207,47.42316,9.398746,-0.04163887,0.03160338,-0.9986323,0.02518992,0.009884495,-0.2232032,0.6477448,-0.3635644,-2.742203,-0.07020646,-0.06927811,1.011647,0.7037808,0.1556928,-0.6931466,0.1087206,0.9405921,0.3216619,0.7020487,-0.3017388,0.6450436,moving,53.57612,-33.50029,-3.969857,-3.917528
2358,05/08/2023 17:08:32.522609,2599,True,True,True,True,Eyes,-0.08722167,0.1031683,-3.35718,0.7451826,-0.3633195,0.5591974,0.0,0.0,0.0,0.0,0.0,0.0,0.0,-2.46706,1.044298,2.299553,0.04184705,0.09614826,-3.529007,0.1709983,0.3806422,0.01577493,0.9086376,17.38205,46.92707,9.581288,-0.04026531,0.03153033,-0.9986909,0.02367852,0.009291425,-0.209811,0.6499569,-0.3617086,-2.742079,-0.06710237,-0.06531015,1.014565,0.7097253,0.1588458,-0.6863366,0.101511,0.9410214,0.3227602,0.6971266,-0.2987418,0.6517421,moving,53.11483,-33.01243,-3.783979,-3.683196
2359,05/08/2023 17:08:32.542733,2600,True,True,True,True,Eyes,-0.08063616,0.1029052,-3.364187,0.7413176,-0.3609021,0.5658603,0.0,0.0,0.0,0.0,0.0,0.0,0.0,-2.456617,1.070565,2.303405,0.05455074,0.09688021,-3.53191,0.1745449,0.3772017,0.01717043,0.9093724,17.72804,46.59616,9.847568,-0.03883529,0.03144818,-0.9987502,0.02225781,0.008733939,-0.1972224,0.651994,-0.3599997,-2.741965,-0.0642474,-0.06352822,1.017311,0.714848,0.1629059,-0.6800397,0.1004486,0.9384785,0.3304061,0.6920277,-0.3044992,0.6545058,moving,52.64489,-32.52947,-3.613668,-3.573322
2360,05/08/2023 17:08:32.563254,2601,True,True,True,True,Eyes,-0.07377056,0.1026485,-3.371019,0.7372193,-0.358331,0.5728058,0.0,0.0,0.0,0.0,0.0,0.0,0.0,-2.427985,1.092677,2.327752,0.06743017,0.09828731,-3.534583,0.1751847,0.3710714,0.02353231,0.9116264,17.57426,45.91668,10.45034,-0.03734721,0.03136022,-0.9988098,0.02092234,0.008209903,-0.185389,0.6542544,-0.3581035,-2.741839,-0.0636104,-0.05655268,1.020618,0.7235046,0.1729174,-0.6683118,0.08710667,0.9375131,0.3368703,0.6848019,-0.3019416,0.6632328,moving,52.15345,-32.02893,-3.566367,-3.171528
2361,05/08/2023 17:08:32.572975,2602,True,True,True,True,Eyes,-0.06668974,0.1024622,-3.377737,0.732899,-0.356544,0.5794268,0.0,0.0,0.0,0.0,0.0,0.0,0.0,-2.409071,1.075373,2.360057,0.08111487,0.09813756,-3.537472,0.1705091,0.3655472,0.02720851,0.9146376,16.97869,45.14237,10.50838,-0.03579972,0.03126743,-0.9988694,0.019667,0.007717309,-0.1742657,0.6563739,-0.3563254,-2.74172,-0.06342417,-0.05162845,1.023905,0.73127,0.1744301,-0.6594077,0.07488639,0.9403727,0.3318,0.6779649,-0.2920161,0.6746039,moving,51.67025,-31.60562,-3.544567,-2.886585
2362,05/08/2023 17:08:32.592835,2603,True,True,True,True,Eyes,-0.05935042,0.1023845,-3.38426,0.7284653,-0.3546966,0.5861132,0.0,0.0,0.0,0.0,0.0,0.0,0.0,-2.395972,1.123238,2.357596,0.09339767,0.09979426,-3.541457,0.1791138,0.3613706,0.02495651,0.9147168,18.03752,44.80334,10.61215,-0.03419337,0.03117253,-0.9989287,0.01848698,0.00725427,-0.1638097,0.6585654,-0.3544869,-2.741597,-0.06413835,-0.05358888,1.026527,0.7375769,0.1751092,-0.6521634,0.08379663,0.9345909,0.3457139,0.6700436,-0.3096397,0.6746591,moving,51.18032,-31.18097,-3.575246,-2.988361
2363,05/08/2023 17:08:32.612934,2604,True,True,True,True,Eyes,-0.05183475,0.1023686,-3.390654,0.7239612,-0.3527587,0.5928249,0.0,0.0,0.0,0.0,0.0,0.0,0.0,-2.378228,1.120838,2.38058,0.1071904,0.1023078,-3.54365,0.1769016,0.356571,0.0295665,0.9168909,17.65675,44.201,10.91146,-0.03252717,0.03107914,-0.9989873,0.01737776,0.006819014,-0.1539811,0.6605996,-0.3527804,-2.741483,-0.06548998,-0.05133832,1.02906,0.7439659,0.1803745,-0.6434125,0.07193746,0.9356633,0.3454841,0.664334,-0.3033139,0.683126,moving,50.68723,-30.75464,-3.641428,-2.856037
2364,05/08/2023 17:08:32.632673,2605,True,True,True,True,Eyes,-0.04415139,0.102414,-3.39692,0.7191889,-0.3514449,0.5993779,0.0,0.0,0.0,0.0,0.0,0.0,0.0,-2.368566,1.106833,2.402295,0.1189627,0.1037512,-3.547011,0.1743926,0.3525428,0.030111,0.9189092,17.41383,43.63309,10.76986,-0.03080309,0.03098907,-0.9990447,0.0163351,0.006409873,-0.1447423,0.6627938,-0.3509397,-2.741361,-0.06722251,-0.04672343,1.03233,0.7496138,0.1783002,-0.6374074,0.06762317,0.9373611,0.3417327,0.6584119,-0.299271,0.6906016,moving,50.1919,-30.38521,-3.725686,-2.591449
2365,05/08/2023 17:08:32.647781,2606,True,True,True,True,Eyes,-0.03631551,0.1025544,-3.403039,0.7143325,-0.3501627,0.6059003,0.0,0.0,0.0,0.0,0.0,0.0,0.0,-2.357704,1.123607,2.410706,0.1307098,0.1053955,-3.550292,0.1785604,0.3481988,0.02657479,0.9198737,18.05919,43.13919,10.49889,-0.02902225,0.03090389,-0.9991006,0.01535499,0.00602528,-0.1360577,0.6647728,-0.3492794,-2.74125,-0.06704831,-0.04348116,1.035446,0.7561028,0.1732399,-0.6311074,0.07545812,0.9348199,0.3470126,0.6500883,-0.3099994,0.6937476,moving,49.69523,-30.02454,-3.704906,-2.404592
2366,05/08/2023 17:08:32.663887,2607,True,True,True,True,Eyes,-0.02834796,0.1027638,-3.409053,0.7093045,-0.3489166,0.6124904,0.0,0.0,0.0,0.0,0.0,0.0,0.0,-2.349141,1.113673,2.428266,0.1422352,0.1078369,-3.552935,0.177595,0.3443121,0.02546985,0.9215533,18.04642,42.60597,10.25307,-0.02718695,0.03082604,-0.9991547,0.01443369,0.005663764,-0.1278943,0.6669098,-0.3474868,-2.74113,-0.06436101,-0.03684421,1.039648,0.7616009,0.1692399,-0.6255573,0.07535259,0.9356226,0.3448657,0.6436507,-0.3097874,0.6998184,moving,49.18911,-29.66882,-3.542461,-2.029662
2367,05/08/2023 17:08:32.672888,2608,True,True,True,True,Eyes,-0.0202746,0.1030095,-3.414964,0.7041818,-0.3476657,0.6190772,0.0,0.0,0.0,0.0,0.0,0.0,0.0,-2.336165,1.106966,2.449468,0.1531384,0.1096407,-3.556327,0.176335,0.3399408,0.02586627,0.9234053,17.94303,42.02774,10.15014,-0.0253,0.0307569,-0.9992064,0.01356767,0.005323938,-0.1202206,0.6690925,-0.3456556,-2.741008,-0.06096181,-0.02884017,1.044143,0.7675423,0.167657,-0.618684,0.07211682,0.9364738,0.3432433,0.6369286,-0.3080713,0.7066924,moving,48.67987,-29.318,-3.341394,-1.582159
2368,05/08/2023 17:08:32.692604,2609,True,True,True,True,Eyes,-0.01212016,0.1032875,-3.420761,0.6989397,-0.3464791,0.6256481,0.0,0.0,0.0,0.0,0.0,0.0,0.0,-2.323023,1.100436,2.470675,0.1637825,0.1108211,-3.559849,0.1751888,0.3355215,0.02582514,0.9252391,17.8697,41.44139,10.00472,-0.02336403,0.03069672,-0.9992554,0.03697368,0.005741573,-0.1307407,0.6711835,-0.3439015,-2.740891,-0.05773005,-0.02685091,1.048172,0.7735168,0.1653481,-0.6118265,0.06977037,0.9372839,0.3415128,0.6299236,-0.3068533,0.7134684,moving,48.16704,-28.97734,-3.152487,-1.467418
2369,05/08/2023 17:08:32.712789,2610,True,True,True,True,Eyes,-0.003867017,0.1036288,-3.42645,0.6937024,-0.3451427,0.6321815,0.0,0.0,0.0,0.0,0.0,0.0,0.0,-2.316289,1.097562,2.483845,0.1742071,0.1119434,-3.563207,0.1746493,0.3324046,0.02587825,0.9264639,17.84292,41.03654,9.924417,-0.02138208,0.03064563,-0.9993014,0.05921858,0.006231089,-0.1402884,0.6732903,-0.3421341,-2.740773,-0.05550969,-0.02542946,1.052353,0.7776751,0.164059,-0.6068824,0.06815793,0.9376559,0.3408166,0.6249609,-0.3064084,0.7180096,moving,47.65662,-28.63256,-3.019449,-1.384248
2370,05/08/2023 17:08:32.722701,2611,True,True,True,True,Eyes,0.00449232,0.1040044,-3.432036,0.6884072,-0.3434867,0.6388368,0.0,0.0,0.0,0.0,0.0,0.0,0.0,-2.302919,1.096291,2.502205,0.1848445,0.1136705,-3.566403,0.172787,0.3287275,0.02985523,0.9280041,17.52162,40.58872,10.2087,-0.01935728,0.03060463,-0.9993439,0.0804249,0.006881112,-0.1489386,0.6756499,-0.3401546,-2.740641,-0.05561382,-0.01982871,1.056954,0.7820939,0.1690112,-0.5998037,0.0581881,0.9385066,0.3403226,0.6204381,-0.3010657,0.7241658,moving,47.13891,-28.26581,-3.011958,-1.074756
2371,05/08/2023 17:08:32.742638,2612,True,True,True,True,Eyes,0.0129311,0.104371,-3.43755,0.6830687,-0.3418386,0.6454173,0.0,0.0,0.0,0.0,0.0,0.0,0.0,-2.287848,1.077871,2.529357,0.1958037,0.114753,-3.569621,0.167716,0.3245795,0.03482962,0.9302185,16.82295,40.02063,10.4535,-0.01729113,0.03057376,-0.9993827,0.1006774,0.007595242,-0.1567578,0.67757,-0.3385438,-2.740533,-0.05785391,-0.01794457,1.060958,0.7868701,0.1736727,-0.5921767,0.04407607,0.9413165,0.334635,0.6155427,-0.2894151,0.733039,moving,46.62342,-27.90747,-3.12124,-0.9689829
2372,05/08/2023 17:08:32.762714,2613,True,True,True,True,Eyes,0.02142761,0.1047392,-3.442978,0.6776161,-0.3406443,0.6517652,0.0,0.0,0.0,0.0,0.0,0.0,0.0,-2.276639,1.077508,2.545881,0.2061762,0.1148876,-3.573501,0.1669535,0.320855,0.03592277,0.9316053,16.7393,39.55357,10.47286,-0.0151865,0.03055179,-0.9994176,0.1199531,0.008239323,-0.1638941,0.6796492,-0.3367995,-2.740417,-0.0603314,-0.01135328,1.066389,0.7915233,0.1740674,-0.5858255,0.04020402,0.9416722,0.3341214,0.6098152,-0.2880175,0.7383573,moving,46.11402,-27.59377,-3.238082,-0.6099752
2373,05/08/2023 17:08:32.772934,2614,True,True,True,True,Eyes,0.02998511,0.1051315,-3.448317,0.6721227,-0.339441,0.6580509,0.0,0.0,0.0,0.0,0.0,0.0,0.0,-2.264682,1.089212,2.557621,0.2164955,0.1154266,-3.577205,0.1685675,0.3170757,0.03599904,0.9326051,16.95286,39.12157,10.48334,-0.01304607,0.03053788,-0.9994483,0.1382455,0.008849408,-0.1703461,0.6818929,-0.3349172,-2.740291,-0.05997866,-0.00223355,1.072232,0.7963342,0.1740431,-0.5792762,0.03975149,0.9405782,0.3372426,0.6035492,-0.2915849,0.7420961,moving,45.6061,-27.28594,-3.201683,-0.1193518
2374,05/08/2023 17:08:32.792876,2615,True,True,True,True,Eyes,0.03858104,0.1055366,-3.453569,0.6665744,-0.3385438,0.6641285,0.0,0.0,0.0,0.0,0.0,0.0,0.0,-2.253824,1.08488,2.574609,0.2265402,0.1163278,-3.580564,0.1676458,0.3133445,0.03630998,0.9340192,16.88272,38.64006,10.40921,-0.01087266,0.03053199,-0.9994744,0.1556232,0.009495397,-0.1761421,0.6839243,-0.3332131,-2.740177,-0.06082103,0.009725541,1.078267,0.8009936,0.1728902,-0.5731651,0.03723335,0.9411529,0.3359239,0.597514,-0.2904137,0.7474202,moving,45.10532,-27.01051,-3.228421,0.5167713
2375,05/08/2023 17:08:32.812786,2616,True,True,True,True,Eyes,0.04722803,0.105965,-3.458736,0.660876,-0.3377533,0.6701981,0.0,0.0,0.0,0.0,0.0,0.0,0.0,-2.24047,1.082963,2.592573,0.236417,0.1172046,-3.583897,0.1674354,0.309124,0.03576133,0.9354833,16.92722,38.10251,10.2616,-0.008668955,0.03053371,-0.9994959,0.1720736,0.01014087,-0.1813292,0.6860132,-0.3314607,-2.74006,-0.05960646,0.01186047,1.083863,0.806327,0.1704249,-0.5663852,0.03660835,0.941373,0.3353754,0.590336,-0.2911567,0.7528155,moving,44.59874,-26.74629,-3.147778,0.6269498
2376,05/08/2023 17:08:32.822797,2617,True,True,True,True,Eyes,0.05592442,0.1064239,-3.463845,0.6550195,-0.3373223,0.6761384,0.0,0.0,0.0,0.0,0.0,0.0,0.0,-2.220554,1.084988,2.614207,0.2463413,0.1182191,-3.587126,0.1677753,0.3038572,0.03533601,0.9371626,17.03712,37.45003,10.13164,-0.006437275,0.03054299,-0.9995124,0.1876902,0.01081773,-0.1859512,0.6881612,-0.3296587,-2.73994,-0.05878785,0.01324503,1.089774,0.8128443,0.1681906,-0.5576702,0.03572828,0.9412057,0.3359395,0.5813842,-0.2929911,0.7590445,moving,44.09108,-26.51439,-3.087828,0.6963342
2377,05/08/2023 17:08:32.842920,2618,True,True,True,True,Eyes,0.06465061,0.1069339,-3.468878,0.6490431,-0.337115,0.68198,0.0,0.0,0.0,0.0,0.0,0.0,0.0,-2.202107,1.089295,2.633871,0.2560231,0.1194335,-3.590724,0.169121,0.2986583,0.03331066,0.9386649,17.31344,36.80486,9.864344,-0.00418011,0.03055997,-0.9995239,0.2025179,0.01154547,-0.1901213,0.6902833,-0.3278784,-2.739821,-0.05634642,0.01691535,1.095605,0.8193872,0.1635539,-0.5494131,0.03848367,0.940577,0.3373928,0.5719472,-0.2975987,0.7644026,moving,43.58247,-26.30401,-2.944099,0.8845353
2378,05/08/2023 17:08:32.862972,2619,True,True,True,True,Eyes,0.07339569,0.1074991,-3.473822,0.6429527,-0.3370413,0.6877608,0.0,0.0,0.0,0.0,0.0,0.0,0.0,-2.19007,1.091786,2.648314,0.2655137,0.1212476,-3.593991,0.1707968,0.2944266,0.03007486,0.9398069,17.65726,36.26713,9.489725,-0.001899618,0.03058535,-0.9995301,0.2165454,0.01238272,-0.1938131,0.6924237,-0.3260828,-2.739701,-0.05578446,0.009383455,1.100856,0.824817,0.1571033,-0.5431349,0.04404509,0.9398479,0.3387416,0.5636816,-0.3033223,0.7682829,moving,43.07145,-26.10744,-2.900909,0.4883649
2379,05/08/2023 17:08:32.872378,2620,True,True,True,True,Eyes,0.08216074,0.1081065,-3.478674,0.636799,-0.3367442,0.6936067,0.0,0.0,0.0,0.0,0.0,0.0,0.0,-2.179141,1.082741,2.666042,0.2749178,0.1231987,-3.596943,0.1700679,0.29053,0.02848251,0.9412004,17.67311,35.74305,9.206072,0.0004015769,0.03061992,-0.9995308,0.2297879,0.01333511,-0.1970144,0.6945699,-0.3242824,-2.739581,-0.05578563,0.006804496,1.106229,0.8295621,0.1524351,-0.537206,0.04520415,0.9405314,0.336686,0.5565818,-0.3035858,0.7733384,moving,42.55498,-25.89645,-2.886904,0.3524262
2380,05/08/2023 17:08:32.892894,2621,True,True,True,True,Eyes,0.09094118,0.1087322,-3.483435,0.6306145,-0.3362675,0.6994638,0.0,0.0,0.0,0.0,0.0,0.0,0.0,-2.163004,1.062429,2.692013,0.284205,0.1247839,-3.599712,0.1667128,0.2859623,0.02895029,0.9431831,17.33296,35.11382,9.038122,0.002721439,0.030664,-0.9995258,0.2422958,0.01435748,-0.1997504,0.6967095,-0.3224874,-2.739461,-0.05655769,0.009711713,1.111452,0.8347749,0.149958,-0.5297769,0.04073633,0.9427375,0.3310388,0.5490824,-0.2979241,0.7808648,moving,42.03683,-25.67594,-2.913057,0.5006296
2381,05/08/2023 17:08:32.912947,2622,True,True,True,True,Eyes,0.09975924,0.1093607,-3.488117,0.6243728,-0.3356725,0.7053245,0.0,0.0,0.0,0.0,0.0,0.0,0.0,-2.144713,1.043314,2.7189,0.2937544,0.1258692,-3.60258,0.1633123,0.2810924,0.02983457,0.9452123,16.97515,34.45639,8.91466,0.005057734,0.03071718,-0.9995151,0.2540994,0.01537311,-0.2020483,0.6988438,-0.3206969,-2.739342,-0.05811453,0.01060189,1.116403,0.8401939,0.1482117,-0.5216393,0.03541169,0.944878,0.3255021,0.5411288,-0.291957,0.7886323,moving,41.51615,-25.45035,-2.979851,0.5440915
2382,05/08/2023 17:08:32.923294,2623,True,True,True,True,Eyes,0.1086373,0.1099995,-3.492733,0.6181363,-0.3350301,0.7110994,0.0,0.0,0.0,0.0,0.0,0.0,0.0,-2.126706,1.036307,2.740575,0.3035202,0.126531,-3.605472,0.1614598,0.2765231,0.03142607,0.9468253,16.7603,33.88086,8.940372,0.00740956,0.03077864,-0.9994986,0.2653076,0.01633615,-0.2039731,0.7010158,-0.3188748,-2.73922,-0.0621483,0.01380937,1.120838,0.8450947,0.1488047,-0.51349,0.02978476,0.9458863,0.3231286,0.5337862,-0.2883684,0.7949314,moving,40.99941,-25.22718,-3.17369,0.7058812
2383,05/08/2023 17:08:32.942917,2624,True,True,True,True,Eyes,0.1175619,0.1106357,-3.497267,0.6118669,-0.3342741,0.716854,0.0,0.0,0.0,0.0,0.0,0.0,0.0,-2.108485,1.036749,2.759364,0.3135296,0.1273324,-3.608342,0.1603208,0.2721654,0.03422226,0.9481836,16.58269,33.36514,9.135447,0.009776281,0.03084786,-0.9994761,0.2760234,0.01727233,-0.2055806,0.7030843,-0.3171395,-2.739104,-0.06699538,0.01819661,1.125126,0.8495096,0.1521655,-0.5051525,0.02236959,0.9462522,0.3226553,0.5270988,-0.2853988,0.8004465,moving,40.48223,-24.99997,-3.40764,0.9265611
2384,05/08/2023 17:08:32.963103,2625,True,True,True,True,Eyes,0.1265527,0.111269,-3.501738,0.6055962,-0.333583,0.7224789,0.0,0.0,0.0,0.0,0.0,0.0,0.0,-2.090212,1.034258,2.778838,0.3236093,0.1278618,-3.611032,0.1587196,0.2677841,0.03701383,0.9495946,16.35662,32.83826,9.314407,0.01215679,0.03092398,-0.9994476,0.2862357,0.01814474,-0.2068492,0.7052078,-0.3153582,-2.738985,-0.07094795,0.01492484,1.128924,0.8538433,0.1553014,-0.496823,0.01470891,0.9468762,0.3212619,0.5203223,-0.281615,0.8061995,moving,39.97041,-24.78372,-3.596062,0.75743
2385,05/08/2023 17:08:32.972857,2626,True,True,True,True,Eyes,0.13561,0.1118952,-3.50613,0.5991858,-0.3328634,0.7281334,0.0,0.0,0.0,0.0,0.0,0.0,0.0,-2.068471,1.037535,2.798725,0.3339069,0.1283645,-3.613854,0.1580604,0.2628501,0.03961437,0.9509772,16.24817,32.26062,9.498892,0.01455125,0.03100625,-0.9994131,0.2960339,0.01895575,-0.2078493,0.7074111,-0.3135098,-2.738862,-0.0722242,0.009752288,1.132872,0.858681,0.1584371,-0.487406,0.007747673,0.9468952,0.321449,0.5124518,-0.2797984,0.8118535,moving,39.45119,-24.56733,-3.647853,0.4932167
2386,05/08/2023 17:08:32.992991,2627,True,True,True,True,Eyes,0.1447601,0.1124954,-3.510457,0.5926447,-0.3321416,0.7337944,0.0,0.0,0.0,0.0,0.0,0.0,0.0,-2.041154,1.039301,2.82274,0.3446185,0.1287945,-3.616485,0.1572408,0.256929,0.04201976,0.9526265,16.14035,31.55777,9.640071,0.01695957,0.03109385,-0.9993723,0.3054438,0.01969696,-0.2085555,0.7094998,-0.3117576,-2.738745,-0.07289919,0.01358262,1.136528,0.8644437,0.1608577,-0.4763003,0.0007411542,0.9470193,0.3211756,0.5027291,-0.2779912,0.8185257,moving,38.92587,-24.35321,-3.67004,0.6847078
2387,05/08/2023 17:08:33.012837,2628,True,True,True,True,Eyes,0.1539772,0.1130363,-3.514719,0.5859892,-0.3314092,0.7394488,0.0,0.0,0.0,0.0,0.0,0.0,0.0,-2.01869,1.025235,2.84868,0.3556301,0.1287123,-3.619138,0.154704,0.2513215,0.04248086,0.9545153,15.90136,30.83294,9.507619,0.01938219,0.03118551,-0.9993254,0.3145675,0.02031595,-0.2090241,0.7115922,-0.3100022,-2.738628,-0.07191047,0.01836646,1.140229,0.8700658,0.1588582,-0.4666365,-0.003336382,0.9485241,0.3166875,0.4929243,-0.273982,0.8258083,moving,38.39568,-24.14116,-3.608675,0.9228226
2388,05/08/2023 17:08:33.023167,2629,True,True,True,True,Eyes,0.1632584,0.1135118,-3.51892,0.5792872,-0.3308261,0.7449701,0.0,0.0,0.0,0.0,0.0,0.0,0.0,-2.00053,1.017341,2.869123,0.3665075,0.1278397,-3.621919,0.1535441,0.2463528,0.04147742,0.9560409,15.85196,30.19265,9.269951,0.02181908,0.03127914,-0.9992722,0.3233446,0.02071951,-0.2092678,0.7138243,-0.3081297,-2.738503,-0.06891179,0.02118815,1.144033,0.8751799,0.1549602,-0.4583094,-0.003656179,0.9494077,0.314025,0.4837838,-0.2731527,0.831469,moving,37.86856,-23.94503,-3.447093,1.061029
2389,05/08/2023 17:08:33.042764,2630,True,True,True,True,Eyes,0.1726003,0.1139232,-3.523067,0.572453,-0.3302809,0.7504746,0.0,0.0,0.0,0.0,0.0,0.0,0.0,-1.982102,1.009887,2.889429,0.3773646,0.1268091,-3.624764,0.1524048,0.2413773,0.04052988,0.9575319,15.80111,29.5541,9.040282,0.02426997,0.0313727,-0.9992129,0.3317876,0.02090296,-0.209316,0.7158394,-0.3064392,-2.73839,-0.06538534,0.02726634,1.147851,0.8801888,0.1511914,-0.4498989,-0.0040432,0.9502602,0.3114308,0.4746067,-0.2722989,0.8370196,moving,37.33596,-23.75411,-3.260231,1.360762
2390,05/08/2023 17:08:33.062793,2631,True,True,True,True,Eyes,0.1820112,0.1142669,-3.527157,0.5656554,-0.3298294,0.7558085,0.0,0.0,0.0,0.0,0.0,0.0,0.0,-1.960923,1.007876,2.909585,0.3882386,0.1256792,-3.627698,0.1519962,0.2360616,0.03975228,0.9589536,15.82777,28.89111,8.849211,0.0267346,0.03146438,-0.999147,0.3399061,0.0208828,-0.209196,0.7179684,-0.3046531,-2.738271,-0.06063193,0.0349175,1.151599,0.8853894,0.1480021,-0.4406597,-0.004480274,0.9506338,0.3102825,0.4648285,-0.2727466,0.8423442,moving,36.81158,-23.57611,-3.013852,1.736727
2391,05/08/2023 17:08:33.072701,2632,True,True,True,True,Eyes,0.1914927,0.114537,-3.531198,0.5587556,-0.3294049,0.7611074,0.0,0.0,0.0,0.0,0.0,0.0,0.0,-1.937356,1.004114,2.931529,0.3993028,0.124462,-3.630499,0.151366,0.2303289,0.03882096,0.9604842,15.83608,28.17237,8.626615,0.02921269,0.03155245,-0.9990749,0.3477443,0.02066116,-0.2089138,0.7201229,-0.3028457,-2.73815,-0.05666363,0.0412361,1.155274,0.8908831,0.1443018,-0.4307021,-0.004845911,0.9511625,0.3086525,0.4542069,-0.2728861,0.8480739,moving,36.2837,-23.40281,-2.807981,2.044235
2392,05/08/2023 17:08:33.092989,2633,True,True,True,True,Eyes,0.2010501,0.1147172,-3.535199,0.5520344,-0.3288159,0.7662494,0.0,0.0,0.0,0.0,0.0,0.0,0.0,-1.919724,1.001217,2.949206,0.4105211,0.123007,-3.633446,0.1509136,0.2255246,0.03767825,0.9617403,15.85981,27.56671,8.401246,0.03170444,0.03163521,-0.9989963,0.3553243,0.0202317,-0.2085025,0.7223092,-0.3010115,-2.738028,-0.05480665,0.04880674,1.158902,0.895438,0.1405428,-0.4224198,-0.004403906,0.9516109,0.3072741,0.4451645,-0.2732846,0.8527275,moving,35.77037,-23.22533,-2.707608,2.411567
2393,05/08/2023 17:08:33.112836,2634,True,True,True,True,Eyes,0.2106761,0.1147959,-3.53916,0.5452509,-0.3281234,0.7713861,0.0,0.0,0.0,0.0,0.0,0.0,0.0,-1.901268,0.99417,2.968873,0.4219501,0.121047,-3.636579,0.1493842,0.2206609,0.03758834,0.9631097,15.7332,26.95257,8.262827,0.03420981,0.03171065,-0.9989112,0.3626772,0.01955849,-0.2079951,0.7243521,-0.2992978,-2.737913,-0.05412132,0.05194837,1.16203,0.8997918,0.1383299,-0.4138111,-0.006476859,0.952543,0.3043353,0.4362715,-0.2711582,0.8579862,moving,35.25441,-23.04337,-2.666614,2.559695
2394,05/08/2023 17:08:33.123015,2635,True,True,True,True,Eyes,0.220372,0.1147592,-3.5431,0.5386463,-0.3273485,0.7763395,0.0,0.0,0.0,0.0,0.0,0.0,0.0,-1.885587,0.9839908,2.98754,0.4332725,0.1186728,-3.639678,0.1473489,0.2162432,0.03748681,0.9644284,15.54544,26.38537,8.117196,0.03672898,0.03177666,-0.9988197,0.3697945,0.01862101,-0.2074001,0.7265044,-0.2974922,-2.737793,-0.05510247,0.04872459,1.165257,0.9036672,0.1360331,-0.4060548,-0.008580293,0.953766,0.3004275,0.4281494,-0.2680024,0.8630543,moving,34.75401,-22.86303,-2.707377,2.394398
2395,05/08/2023 17:08:33.142904,2636,True,True,True,True,Eyes,0.2301381,0.1146265,-3.547029,0.5319804,-0.326579,0.7812445,0.0,0.0,0.0,0.0,0.0,0.0,0.0,-1.868835,0.9815629,3.004717,0.4447716,0.1158888,-3.643224,0.1462932,0.211742,0.03765922,0.9655805,15.46012,25.82929,8.032512,0.03926164,0.03183093,-0.9987216,0.3766944,0.01739367,-0.2067764,0.7286769,-0.2956696,-2.737671,-0.05429769,0.04248829,1.168224,0.9074942,0.1346789,-0.3978893,-0.01077317,0.9543601,0.2984639,0.4199265,-0.2665677,0.8675272,moving,34.2525,-22.6861,-2.661127,2.08293
2396,05/08/2023 17:08:33.162801,2637,True,True,True,True,Eyes,0.239968,0.1144127,-3.550939,0.5253998,-0.3256998,0.7860501,0.0,0.0,0.0,0.0,0.0,0.0,0.0,-1.850531,0.9857805,3.020775,0.4562723,0.1134394,-3.646951,0.1458711,0.2072122,0.03895011,0.9665753,15.4174,25.29713,8.09508,0.04180812,0.03187193,-0.9986169,0.3833909,0.01595187,-0.2061543,0.7308342,-0.2938598,-2.73755,-0.05329043,0.03812417,1.171007,0.911092,0.135749,-0.3892089,-0.01484389,0.954409,0.2981326,0.4119357,-0.2658489,0.8715695,moving,33.75896,-22.50667,-2.605631,1.864705
2397,05/08/2023 17:08:33.172800,2638,True,True,True,True,Eyes,0.2498875,0.1141161,-3.554844,0.5186921,-0.3247589,0.7908794,0.0,0.0,0.0,0.0,0.0,0.0,0.0,-1.827036,0.9877315,3.040644,0.4681119,0.1113153,-3.650708,0.1446688,0.2019906,0.04164025,0.9677483,15.25908,24.69117,8.28626,0.0443676,0.03189873,-0.9985057,0.3898773,0.01435331,-0.2055167,0.7328336,-0.2921825,-2.737438,-0.05139911,0.0360572,1.173149,0.9149318,0.1390381,-0.3789041,-0.02215108,0.9546741,0.2968279,0.4030003,-0.2631841,0.8765414,moving,33.25855,-22.32453,-2.508693,1.760455
2398,05/08/2023 17:08:33.192719,2639,True,True,True,True,Eyes,0.2598982,0.1137616,-3.558767,0.5119155,-0.3239172,0.7956256,0.0,0.0,0.0,0.0,0.0,0.0,0.0,-1.801758,0.986787,3.062405,0.4802469,0.1090013,-3.65457,0.1432455,0.1963566,0.04367824,0.969029,15.09766,24.0238,8.391878,0.04694082,0.03191042,-0.9983876,0.3962432,0.01260254,-0.2048994,0.7349626,-0.2903965,-2.737319,-0.04966003,0.03138763,1.175038,0.9190726,0.1409054,-0.368037,-0.02839654,0.9551459,0.2947711,0.3930638,-0.2604651,0.8818496,moving,32.75774,-22.15235,-2.420022,1.530122
2399,05/08/2023 17:08:33.212507,2640,True,True,True,True,Eyes,0.2700059,0.1133721,-3.562694,0.5049964,-0.3230579,0.8003826,0.0,0.0,0.0,0.0,0.0,0.0,0.0,-1.778661,0.9996692,3.07887,0.4924628,0.1072775,-3.659015,0.1443264,0.1910425,0.04454309,0.9698912,15.24473,23.41717,8.436392,0.0495283,0.0319069,-0.9982628,0.4025005,0.01078282,-0.2043764,0.7371734,-0.2885418,-2.737195,-0.04641241,0.02896771,1.176687,0.9230375,0.1415488,-0.3577232,-0.03125896,0.9543716,0.296981,0.3834382,-0.2629425,0.8853453,moving,32.24962,-21.98045,-2.258764,1.410225
2400,05/08/2023 17:08:33.222890,2641,True,True,True,True,Eyes,0.2802006,0.1129268,-3.56664,0.4980798,-0.3218949,0.8051709,0.0,0.0,0.0,0.0,0.0,0.0,0.0,-1.752859,0.9994834,3.100499,0.5049732,0.1060291,-3.663105,0.1433716,0.1852416,0.04599226,0.9710896,15.15398,22.73047,8.486338,0.0521303,0.03188869,-0.9981308,0.4086737,0.008967168,-0.2038934,0.7392617,-0.28679,-2.737078,-0.04312569,0.02718413,1.177706,0.9271405,0.142442,-0.3465844,-0.03620844,0.9546586,0.2954927,0.3729604,-0.261414,0.8902603,moving,31.74099,-21.79077,-2.097142,1.322282
2401,05/08/2023 17:08:33.242833,2642,True,True,True,True,Eyes,0.2904936,0.1124123,-3.570622,0.490999,-0.3207085,0.8099791,0.0,0.0,0.0,0.0,0.0,0.0,0.0,-1.728468,0.9817524,3.12716,0.5174565,0.1042321,-3.667689,0.1399971,0.1793879,0.04675859,0.9726431,14.80668,21.99269,8.397259,0.05474709,0.0318557,-0.9979917,0.4147373,0.007093398,-0.2034994,0.7412906,-0.2850879,-2.736965,-0.03983611,0.02540345,1.178386,0.9312672,0.1411864,-0.3358686,-0.04073128,0.9564289,0.2891102,0.3620529,-0.2555585,0.8964416,moving,31.22371,-21.60092,-1.936184,1.234982
2402,05/08/2023 17:08:33.262209,2643,True,True,True,True,Eyes,0.3008767,0.1118443,-3.574636,0.4839849,-0.3193508,0.8147231,0.0,0.0,0.0,0.0,0.0,0.0,0.0,-1.704644,0.9745326,3.150254,0.5301891,0.1020521,-3.672617,0.1384976,0.1735739,0.04634295,0.9739316,14.69577,21.27247,8.223091,0.05737915,0.03180746,-0.9978454,0.4207321,0.005124295,-0.2032357,0.7434091,-0.2833107,-2.736846,-0.03750306,0.02534358,1.178825,0.9354489,0.1383488,-0.3252614,-0.04219059,0.9573415,0.2858622,0.350935,-0.2536865,0.901381,moving,30.71236,-21.40392,-1.82219,1.231613
2403,05/08/2023 17:08:33.272808,2644,True,True,True,True,Eyes,0.3113691,0.111279,-3.57866,0.4769916,-0.3180291,0.8193513,0.0,0.0,0.0,0.0,0.0,0.0,0.0,-1.688693,0.9600368,3.171122,0.5430868,0.1002234,-3.677551,0.1360381,0.1688641,0.0457985,0.9751313,14.4682,20.66996,8.03009,0.06002651,0.03174401,-0.9976917,0.4266374,0.003112696,-0.2030807,0.7455651,-0.281502,-2.736725,-0.03845161,0.0276451,1.178703,0.9387749,0.135263,-0.3168685,-0.0433752,0.9587923,0.2807775,0.34179,-0.2498426,0.9059572,moving,30.20615,-21.21359,-1.868439,1.34356
2404,05/08/2023 17:08:33.292649,2645,True,True,True,True,Eyes,0.3219495,0.1108454,-3.582702,0.4700868,-0.3168904,0.8237711,0.0,0.0,0.0,0.0,0.0,0.0,0.0,-1.68058,0.9609343,3.182469,0.5562484,0.09972284,-3.681915,0.1357222,0.1656059,0.04616002,0.975717,14.45172,20.28365,8.015629,0.06268966,0.03166695,-0.9975303,0.4325164,0.001230062,-0.2029708,0.7477066,-0.2797054,-2.736605,-0.03925538,0.02989362,1.178442,0.9408879,0.135031,-0.3106391,-0.04512544,0.9588975,0.2801415,0.3356989,-0.249564,0.9083083,moving,29.71134,-21.04087,-1.907889,1.453114
2405,05/08/2023 17:08:33.312367,2646,True,True,True,True,Eyes,0.3326709,0.1104209,-3.586749,0.4628664,-0.315087,0.8285378,0.0,0.0,0.0,0.0,0.0,0.0,0.0,-1.661607,0.990997,3.190882,0.5692199,0.10247,-3.686493,0.13847,0.1616224,0.051383,0.9757378,14.69133,19.924,8.62312,0.0653688,0.0315813,-0.9973611,0.4383067,-0.0001444562,-0.2029183,0.7498178,-0.2779343,-2.736487,-0.04174858,0.02650616,1.177552,0.9424759,0.1450324,-0.3011723,-0.05551294,0.9563717,0.2868302,0.3296323,-0.2536116,0.9094085,moving,29.19011,-20.82145,-2.030498,1.289485
2406,05/08/2023 17:08:33.322775,2647,True,True,True,True,Eyes,0.3434575,0.1100564,-3.590852,0.4558021,-0.3137313,0.8329568,0.0,0.0,0.0,0.0,0.0,0.0,0.0,-1.613232,0.9425328,3.237597,0.5834444,0.1020609,-3.690812,0.1289796,0.1524557,0.05832232,0.9781207,13.56405,18.80048,9.080487,0.06806513,0.0314882,-0.9971836,0.4441724,-0.001409413,-0.2028818,0.7520434,-0.2760672,-2.736362,-0.04488236,0.02633774,1.176548,0.9467116,0.1534199,-0.2831953,-0.07476517,0.9599256,0.2700984,0.3132848,-0.2345321,0.9202431,moving,28.68791,-20.63877,-2.18463,1.282386
2407,05/08/2023 17:08:33.352607,2648,True,True,True,True,Eyes,0.3543523,0.1098704,-3.594958,0.4487053,-0.3127803,0.8371571,0.0,0.0,0.0,0.0,0.0,0.0,0.0,-1.616743,0.9764685,3.234825,0.5967665,0.1034108,-3.696568,0.135118,0.1506818,0.0539282,0.977819,14.35859,18.61601,8.678931,0.07077791,0.03138998,-0.9969978,0.4498818,-0.002418229,-0.2030206,0.7540946,-0.2743465,-2.736248,-0.04895407,0.02658516,1.174961,0.9487734,0.1461837,-0.2801057,-0.0647444,0.9576697,0.2804939,0.3092524,-0.2479898,0.9180763,moving,28.19073,-20.48679,-2.385815,1.296177
2408,05/08/2023 17:08:33.362977,2649,True,True,True,True,Eyes,0.3653471,0.1098101,-3.599009,0.4415154,-0.3106332,0.8417667,0.0,0.0,0.0,0.0,0.0,0.0,0.0,-1.596755,1.012512,3.241085,0.6103173,0.1075716,-3.700727,0.1398191,0.1462832,0.05640622,0.977686,14.88595,18.19743,9.00103,0.07350763,0.03129213,-0.9968033,0.4555734,-0.002831035,-0.2031546,0.7561934,-0.2725857,-2.73613,-0.0529964,0.02775936,1.173362,0.9508391,0.1512015,-0.2702647,-0.06938879,0.954538,0.2899009,0.3018114,-0.2568958,0.9181037,moving,27.67748,-20.25534,-2.586079,1.355248
2409,05/08/2023 17:08:33.372676,2650,True,True,True,True,Eyes,0.3764283,0.1098093,-3.603103,0.4341541,-0.3087244,0.8462856,0.0,0.0,0.0,0.0,0.0,0.0,0.0,-1.582565,0.9111413,3.28389,0.623887,0.110236,-3.703679,0.124182,0.1414243,0.06049938,0.9802642,13.08229,17.46244,9.08107,0.0762862,0.03119737,-0.9965976,0.4612234,-0.002842266,-0.2031197,0.7583646,-0.2707644,-2.736008,-0.05589616,0.02685896,1.171172,0.952678,0.1537355,-0.2622405,-0.08348604,0.9618373,0.2605746,0.2922923,-0.2263502,0.9291559,moving,27.15834,-20.04193,-2.732465,1.313757
2410,05/08/2023 17:08:33.392664,2651,True,True,True,True,Eyes,0.3876101,0.1099877,-3.607161,0.4265004,-0.3072165,0.8507147,0.0,0.0,0.0,0.0,0.0,0.0,0.0,-1.559271,0.916368,3.301953,0.6371312,0.1117135,-3.708845,0.125498,0.1357602,0.05860479,0.9810122,13.31577,16.7885,8.811105,0.0791211,0.03110677,-0.9963793,0.4667935,-0.002674122,-0.2032142,0.7604743,-0.2689945,-2.73589,-0.05989671,0.02602799,1.168745,0.9562693,0.1490593,-0.2516552,-0.08090879,0.9616315,0.2621424,0.2810743,-0.2303177,0.9316389,moving,26.62661,-19.85605,-2.93377,1.275768
2411,05/08/2023 17:08:33.412587,2652,True,True,True,True,Eyes,0.3988872,0.110277,-3.611162,0.4187754,-0.305119,0.855295,0.0,0.0,0.0,0.0,0.0,0.0,0.0,-1.534691,0.9304006,3.315922,0.6506979,0.1162141,-3.712055,0.1284268,0.1300634,0.05704623,0.9814968,13.72498,16.13499,8.607346,0.0820086,0.03102503,-0.9961484,0.4723313,-0.001978306,-0.2031942,0.7629867,-0.2668868,-2.735749,-0.06375343,0.02528419,1.165935,0.9596585,0.1453886,-0.2406611,-0.07857414,0.9605046,0.2669402,0.2699662,-0.2372617,0.9331802,moving,26.08761,-19.63342,-3.129822,1.242308
2412,05/08/2023 17:08:33.423473,2653,True,True,True,True,Eyes,0.4102499,0.1106092,-3.615157,0.4107381,-0.3030248,0.8599245,0.0,0.0,0.0,0.0,0.0,0.0,0.0,-1.522469,0.8637471,3.345334,0.6643422,0.1190321,-3.714796,0.1194197,0.1254559,0.05634732,0.9832726,12.7505,15.471,8.298629,0.08494548,0.03095455,-0.9959044,0.4778226,-0.0009916672,-0.2030082,0.764821,-0.265348,-2.735647,-0.06694579,0.01921445,1.162548,0.9621716,0.1407734,-0.2332568,-0.08084571,0.9651278,0.2489825,0.2601728,-0.220706,0.9399995,moving,25.53121,-19.41171,-3.29576,0.9468913
2413,05/08/2023 17:08:33.444579,2654,True,True,True,True,Eyes,0.4216708,0.1109675,-3.619114,0.4027384,-0.3010162,0.8644021,0.0,0.0,0.0,0.0,0.0,0.0,0.0,-1.519049,0.8519673,3.356678,0.6772556,0.1203045,-3.718534,0.1185892,0.1225967,0.05352873,0.9838911,12.72271,15.08971,7.920175,0.08792842,0.03089556,-0.9956473,0.4832416,6.418413e-05,-0.2028111,0.7668952,-0.2636079,-2.735531,-0.06953716,0.01523384,1.158762,0.9642094,0.1344101,-0.2285476,-0.07625557,0.9661426,0.2464826,0.2539393,-0.2202329,0.9418133,moving,24.98154,-19.19997,-3.434195,0.7532046
2414,05/08/2023 17:08:33.462599,2655,True,True,True,True,Eyes,0.4331132,0.1113245,-3.623039,0.3946047,-0.2991846,0.8687783,0.0,0.0,0.0,0.0,0.0,0.0,0.0,-1.511915,0.8477654,3.36702,0.6901191,0.12131,-3.721617,0.1184264,0.1194475,0.05197807,0.984381,12.75227,14.69855,7.696602,0.09095348,0.03084781,-0.995377,0.4885096,0.001135318,-0.2025128,0.7689192,-0.2619099,-2.735417,-0.07213521,0.01343894,1.154573,0.9660612,0.1306239,-0.2228525,-0.07404097,0.966547,0.2455707,0.2474748,-0.2207361,0.9434149,moving,24.42785,-19.00237,-3.575069,0.6668785
2415,05/08/2023 17:08:33.472513,2656,True,True,True,True,Eyes,0.444593,0.1116996,-3.626931,0.3865455,-0.2977213,0.8728944,0.0,0.0,0.0,0.0,0.0,0.0,0.0,-1.509932,0.847661,3.374028,0.7022974,0.1216513,-3.724845,0.1180913,0.1173899,0.05248552,0.9846418,12.7227,14.45981,7.722989,0.09401433,0.03081028,-0.9950938,0.4935263,0.002138294,-0.2021366,0.7710773,-0.2600995,-2.735296,-0.07517076,0.01280513,1.150177,0.9669298,0.1310843,-0.2187777,-0.07563342,0.9665994,0.2448778,0.2435701,-0.2202327,0.9445481,moving,23.88529,-18.83316,-3.739296,0.6378585
2416,05/08/2023 17:08:33.497998,2657,True,True,True,True,Eyes,0.4561551,0.1121275,-3.630766,0.3781653,-0.2965767,0.8769454,0.0,0.0,0.0,0.0,0.0,0.0,0.0,-1.493807,0.8848518,3.377756,0.7147193,0.1225011,-3.727979,0.1221576,0.1139307,0.05595543,0.9843609,13.1643,14.14585,8.147385,0.09710643,0.03078259,-0.9947976,0.4983541,0.003135094,-0.2016856,0.7732012,-0.2583177,-2.735178,-0.07742071,0.00770244,1.145323,0.9677776,0.1379957,-0.2106271,-0.08232566,0.963893,0.2532445,0.2379687,-0.2277443,0.9441946,moving,23.32716,-18.68517,-3.867154,0.3853153
2417,05/08/2023 17:08:33.512892,2658,True,True,True,True,Eyes,0.4677611,0.1125791,-3.634532,0.3697286,-0.2954408,0.8809174,0.0,0.0,0.0,0.0,0.0,0.0,0.0,-1.466521,0.9033083,3.39012,0.7273616,0.1240358,-3.730298,0.1231932,0.1088942,0.06118115,0.9844911,13.25236,13.63662,8.703686,0.100228,0.03076543,-0.9944885,0.5031391,0.004230671,-0.2010901,0.7753571,-0.2565091,-2.735057,-0.078264,0.002320588,1.140286,0.9687979,0.1472946,-0.1993365,-0.09363454,0.9621606,0.2558896,0.2294849,-0.2292405,0.945931,moving,22.76821,-18.54035,-3.926363,0.1166021
2418,05/08/2023 17:08:33.524174,2659,True,True,True,True,Eyes,0.4794083,0.1130485,-3.638229,0.3609526,-0.2944751,0.8848716,0.0,0.0,0.0,0.0,0.0,0.0,0.0,-1.440021,0.9049606,3.406204,0.7401004,0.1250278,-3.732487,0.1225051,0.1035855,0.06420214,0.9849571,13.18075,13.0459,8.972533,0.1033758,0.03075858,-0.9941664,0.5077689,0.005331905,-0.2003236,0.7775465,-0.2546724,-2.734934,-0.07858294,0.0008468032,1.135211,0.9702963,0.1518522,-0.1883244,-0.1010932,0.9617412,0.2546254,0.2197848,-0.2280237,0.9485251,moving,22.1913,-18.40685,-3.95988,0.0427394
2419,05/08/2023 17:08:33.543164,2660,True,True,True,True,Eyes,0.4910618,0.1135125,-3.641857,0.3521739,-0.2936006,0.8886913,0.0,0.0,0.0,0.0,0.0,0.0,0.0,-1.422705,0.9059309,3.418106,0.7523736,0.1258727,-3.73448,0.1227355,0.09931198,0.06383899,0.9853922,13.25029,12.54314,8.876132,0.106546,0.03076163,-0.9938315,0.5122444,0.006420016,-0.1993928,0.7796351,-0.2529203,-2.734817,-0.08071452,0.00791803,1.129995,0.9721234,0.1501911,-0.1800519,-0.1014346,0.9617212,0.2545652,0.2113931,-0.2292053,0.9501463,moving,21.61761,-18.28222,-4.085648,0.4014729
2420,05/08/2023 17:08:33.562525,2661,True,True,True,True,Eyes,0.5027031,0.113976,-3.645405,0.3432445,-0.2928141,0.8924366,0.0,0.0,0.0,0.0,0.0,0.0,0.0,-1.407299,0.9059207,3.429362,0.7642399,0.1262449,-3.736537,0.1231463,0.09523802,0.06221559,0.9858468,13.35337,12.04894,8.637759,0.1097338,0.03077355,-0.9934843,0.5164701,0.007426971,-0.1983154,0.7817829,-0.2511185,-2.734697,-0.07815403,0.004110098,1.125201,0.9741178,0.1461265,-0.1724569,-0.09921365,0.9619284,0.2546573,0.2031034,-0.2309562,0.9515294,moving,21.03749,-18.16499,-3.973261,0.2092873
2421,05/08/2023 17:08:33.572687,2662,True,True,True,True,Eyes,0.5143462,0.1144463,-3.648871,0.3342479,-0.2921129,0.8960738,0.0,0.0,0.0,0.0,0.0,0.0,0.0,-1.388787,0.9019693,3.44237,0.7758182,0.1267456,-3.738212,0.1229307,0.09078404,0.06097221,0.9863715,13.38187,11.50778,8.428937,0.1129332,0.03079349,-0.993125,0.5204059,0.008371854,-0.1970581,0.7838851,-0.2493549,-2.734579,-0.07613182,-0.00774467,1.119561,0.9760813,0.1426028,-0.1641029,-0.09796219,0.9623408,0.2535813,0.1940843,-0.2314401,0.9532926,moving,20.45621,-18.05556,-3.890208,-0.3963425
2422,05/08/2023 17:08:33.592978,2663,True,True,True,True,Eyes,0.5260173,0.1149202,-3.652246,0.3249347,-0.29143,0.8997144,0.0,0.0,0.0,0.0,0.0,0.0,0.0,-1.363221,0.9043945,3.456347,0.7875845,0.1273962,-3.739802,0.1232831,0.08551352,0.06091185,0.9868023,13.46754,10.89358,8.354417,0.1161406,0.03082093,-0.9927542,0.5241107,0.009280206,-0.1956344,0.7860985,-0.2474981,-2.734455,-0.07619077,0.01246139,1.116126,0.9779544,0.1413006,-0.1537511,-0.09913114,0.962182,0.2537296,0.1837887,-0.2328945,0.9549774,moving,19.85734,-17.94786,-3.905157,0.6396729
2423,05/08/2023 17:08:33.612688,2664,True,True,True,True,Eyes,0.5376958,0.1153774,-3.655541,0.3156096,-0.2908061,0.9032289,0.0,0.0,0.0,0.0,0.0,0.0,0.0,-1.335141,0.8986995,3.472808,0.799539,0.127893,-3.740994,0.1224179,0.0798427,0.06114671,0.9873704,13.41363,10.22307,8.292794,0.1193539,0.03085529,-0.992372,0.5276774,0.01014519,-0.1940215,0.7881602,-0.2457685,-2.73434,-0.07688612,0.002908856,1.110829,0.9797724,0.1402972,-0.1426977,-0.1012005,0.9625499,0.2515078,0.1726395,-0.2319793,0.9572781,moving,19.26063,-17.84663,-3.959418,0.1500364
2424,05/08/2023 17:08:33.632721,2665,True,True,True,True,Eyes,0.5493868,0.1158304,-3.65876,0.3060737,-0.2903152,0.906662,0.0,0.0,0.0,0.0,0.0,0.0,0.0,-1.316052,0.8979225,3.484584,0.8114668,0.1279781,-3.742423,0.1225893,0.07534624,0.05988647,0.9877796,13.48307,9.681363,8.085999,0.1225698,0.03089539,-0.9919786,0.5310521,0.01090818,-0.1922643,0.7904945,-0.2438102,-2.734209,-0.07666671,-0.002618402,1.107482,0.9814731,0.1367825,-0.1341681,-0.09983596,0.9627709,0.2512069,0.1635338,-0.233158,0.9585896,moving,18.65381,-17.75518,-3.960048,-0.1354633
2425,05/08/2023 17:08:33.642870,2666,True,True,True,True,Eyes,0.5610666,0.1162739,-3.661901,0.2965699,-0.2899083,0.9099447,0.0,0.0,0.0,0.0,0.0,0.0,0.0,-1.299352,0.9120597,3.491391,0.8231047,0.1283324,-3.743797,0.1248106,0.07139084,0.05876968,0.9878623,13.78033,9.226273,7.926505,0.125786,0.03094055,-0.9915745,0.5342621,0.01161247,-0.1903844,0.7924524,-0.2421677,-2.734099,-0.07497147,0.008253813,1.104167,0.982899,0.1339334,-0.1263785,-0.09829205,0.9619369,0.2549826,0.1557188,-0.2382001,0.9586514,moving,18.05186,-17.67188,-3.884345,0.4282865
2426,05/08/2023 17:08:33.662795,2667,True,True,True,True,Eyes,0.5727734,0.1167222,-3.664971,0.2870016,-0.289679,0.9130806,0.0,0.0,0.0,0.0,0.0,0.0,0.0,-1.281973,0.9158154,3.500983,0.8345801,0.1285822,-3.745131,0.1254999,0.06730121,0.05792221,0.9881122,13.89949,8.742338,7.777254,0.1289991,0.03098997,-0.99116,0.5372458,0.01224626,-0.1883856,0.7946053,-0.2403616,-2.733979,-0.0743877,0.005805314,1.100887,0.9842311,0.1313599,-0.1184638,-0.09757469,0.9617897,0.2558123,0.1475407,-0.2402194,0.9594407,moving,17.4491,-17.60187,-3.865641,0.3021354
2427,05/08/2023 17:08:33.674489,2668,True,True,True,True,Eyes,0.5844885,0.1171834,-3.667948,0.2774954,-0.2895658,0.9160501,0.0,0.0,0.0,0.0,0.0,0.0,0.0,-1.26327,0.9363561,3.506553,0.8462013,0.1291013,-3.746439,0.1283416,0.06324272,0.05775759,0.9880248,14.25889,8.293258,7.730231,0.1322088,0.03104338,-0.9907354,0.5401314,0.01285639,-0.1862921,0.796677,-0.2386237,-2.733863,-0.07329118,0.002574831,1.098408,0.9853289,0.1303652,-0.1101453,-0.09789852,0.960385,0.2609148,0.1397961,-0.2463038,0.9590576,moving,16.85293,-17.54188,-3.8174,0.1343096
2428,05/08/2023 17:08:33.692744,2669,True,True,True,True,Eyes,0.5962222,0.117649,-3.670826,0.2679502,-0.2892423,0.9189895,0.0,0.0,0.0,0.0,0.0,0.0,0.0,-1.245128,0.9471135,3.513938,0.8581739,0.1298929,-3.747238,0.1295875,0.05924654,0.05857068,0.988062,14.42667,7.849115,7.779819,0.1354135,0.0311008,-0.9903006,0.5428689,0.01346858,-0.1840445,0.7987973,-0.2368449,-2.733744,-0.07172439,0.0005690455,1.096093,0.9861186,0.1310981,-0.1018984,-0.1003877,0.9595531,0.2630211,0.1322585,-0.2491407,0.9593939,moving,16.25513,-17.47085,-3.743891,0.02974556
2429,05/08/2023 17:08:33.712737,2670,True,True,True,True,Eyes,0.6079561,0.1181159,-3.673611,0.2585335,-0.2888943,0.921792,0.0,0.0,0.0,0.0,0.0,0.0,0.0,-1.232735,0.9388322,3.524018,0.870022,0.1303871,-3.747773,0.1282189,0.05587998,0.05917756,0.9884005,14.29116,7.449435,7.787842,0.138612,0.03116196,-0.989856,0.5454977,0.01405749,-0.1816386,0.8008664,-0.2351091,-2.733628,-0.07305652,3.013015e-05,1.093623,0.9867509,0.131312,-0.09528824,-0.1026525,0.9601159,0.2600769,0.125639,-0.2468495,0.9608747,moving,15.66713,-17.40125,-3.821811,0.001578543
2430,05/08/2023 17:08:33.725195,2671,True,True,True,True,Eyes,0.6196831,0.1185684,-3.676286,0.249243,-0.2880262,0.9246182,0.0,0.0,0.0,0.0,0.0,0.0,0.0,-1.22264,0.9366946,3.531654,0.881811,0.1308734,-3.748347,0.127704,0.05289544,0.05973529,0.9885978,14.25136,7.102611,7.804733,0.1418031,0.03122654,-0.9894019,0.5479696,0.01461451,-0.1790944,0.8029349,-0.2333738,-2.733512,-0.07482082,-0.006286383,1.091121,0.9872676,0.1316183,-0.08932774,-0.1045984,0.9602467,0.2588152,0.1198415,-0.2461763,0.9617875,moving,15.08624,-17.30225,-3.92277,-0.3301002
2431,05/08/2023 17:08:33.742882,2672,True,True,True,True,Eyes,0.6314099,0.1189754,-3.678856,0.2399379,-0.287013,0.9273906,0.0,0.0,0.0,0.0,0.0,0.0,0.0,-1.206529,0.9204849,3.544533,0.8936189,0.1309389,-3.74847,0.1250381,0.04903566,0.06095784,0.9890628,13.96699,6.641829,7.868047,0.1449846,0.03129375,-0.9889385,0.5502726,0.01509515,-0.1763725,0.8050704,-0.2315823,-2.733393,-0.07592979,-0.01932606,1.088252,0.9877593,0.1328449,-0.08175458,-0.1083196,0.9612992,0.2533194,0.1122428,-0.2413629,0.9639219,moving,14.50569,-17.19649,-3.991189,-1.017398
2432,05/08/2023 17:08:33.762522,2673,True,True,True,True,Eyes,0.6431509,0.1193226,-3.681331,0.2304543,-0.2858379,0.9301546,0.0,0.0,0.0,0.0,0.0,0.0,0.0,-1.184161,0.9045754,3.559269,0.9054186,0.1302104,-3.74862,0.1224195,0.04430353,0.06190203,0.9895549,13.69755,6.076024,7.889439,0.1481554,0.03136192,-0.9884664,0.5524366,0.0154105,-0.1735013,0.8072075,-0.2297896,-2.733273,-0.07649371,-0.01967087,1.086179,0.9884107,0.1333582,-0.07252551,-0.1116637,0.9623632,0.2477666,0.1028376,-0.2367967,0.9661013,moving,13.91534,-17.08227,-4.028379,-1.037522
2433,05/08/2023 17:08:33.772651,2674,True,True,True,True,Eyes,0.6549103,0.1196034,-3.683694,0.2209508,-0.2846858,0.9328101,0.0,0.0,0.0,0.0,0.0,0.0,0.0,-1.157826,0.9054024,3.571042,0.917539,0.1291027,-3.748881,0.122163,0.03911814,0.06249312,0.9897681,13.70582,5.475585,7.884169,0.1513155,0.03142911,-0.9879855,0.5545132,0.01552752,-0.1705163,0.809383,-0.2279644,-2.733151,-0.07656822,-0.0147672,1.084333,0.9891288,0.1332649,-0.06216708,-0.1141498,0.9623415,0.2467153,0.09270447,-0.2369369,0.967092,moving,13.32581,-16.97175,-4.039133,-0.7802454
2434,05/08/2023 17:08:33.792785,2675,True,True,True,True,Eyes,0.6666909,0.1198081,-3.685948,0.2113919,-0.2833305,0.9354342,0.0,0.0,0.0,0.0,0.0,0.0,0.0,-1.133647,0.9038375,3.582039,0.929825,0.1277859,-3.748623,0.1215769,0.03419797,0.06302775,0.9899884,13.67467,4.902423,7.873827,0.154465,0.03149337,-0.9874959,0.5565208,0.01543829,-0.1673742,0.8115062,-0.2261833,-2.733032,-0.0764384,-0.01586893,1.082458,0.989716,0.1331089,-0.05238574,-0.1164781,0.9624931,0.2450303,0.08303662,-0.2364086,0.9680991,moving,12.73396,-16.85085,-4.03927,-0.8399014
2435,05/08/2023 17:08:33.812649,2676,True,True,True,True,Eyes,0.6784894,0.119939,-3.68809,0.2018663,-0.2820077,0.9379348,0.0,0.0,0.0,0.0,0.0,0.0,0.0,-1.111824,0.897578,3.593328,0.9422345,0.1261267,-3.748345,0.1203252,0.02954283,0.06345937,0.9902637,13.56555,4.352897,7.851349,0.1576046,0.03155269,-0.9869978,0.5584712,0.01512622,-0.1640931,0.8136547,-0.2243809,-2.732912,-0.07475755,-0.01502827,1.080854,0.9902003,0.1327925,-0.04323885,-0.1185735,0.9629895,0.2420568,0.0737819,-0.2345578,0.9692981,moving,12.14616,-16.73439,-3.956577,-0.7965934
2436,05/08/2023 17:08:33.828467,2677,True,True,True,True,Eyes,0.6902786,0.1199704,-3.690114,0.1922841,-0.2803972,0.9404277,0.0,0.0,0.0,0.0,0.0,0.0,0.0,-1.092906,0.896688,3.602025,0.9545372,0.1244857,-3.747858,0.1198791,0.02533174,0.06363873,0.990423,13.5467,3.859424,7.811428,0.1607346,0.03160533,-0.9864913,0.5603586,0.01461121,-0.1606726,0.8158687,-0.2225236,-2.732788,-0.07081163,-0.01335478,1.07943,0.9906169,0.132132,-0.03492036,-0.119985,0.9631583,0.2406861,0.06543617,-0.2342378,0.9699746,moving,11.55568,-16.60243,-3.753281,-0.7088313
2437,05/08/2023 17:08:33.842666,2678,True,True,True,True,Eyes,0.7020894,0.1198803,-3.692033,0.1827852,-0.278749,0.9428089,0.0,0.0,0.0,0.0,0.0,0.0,0.0,-1.074045,0.8802332,3.614212,0.9668027,0.122151,-3.74717,0.117417,0.02093738,0.06314208,0.9908522,13.29952,3.317655,7.679382,0.1638536,0.03164895,-0.9859766,0.5621045,0.0138287,-0.157107,0.8178999,-0.2208195,-2.732674,-0.06667891,-0.008911163,1.078518,0.9911494,0.1300458,-0.02666378,-0.1202122,0.9644527,0.2353298,0.05631959,-0.2300417,0.9715498,moving,10.97199,-16.47073,-3.537783,-0.4733905
2438,05/08/2023 17:08:33.862669,2679,True,True,True,True,Eyes,0.7138758,0.1196612,-3.693852,0.1733746,-0.2771407,0.9450577,0.0,0.0,0.0,0.0,0.0,0.0,0.0,-1.062919,0.8717737,3.622158,0.9791937,0.1191482,-3.746572,0.1161344,0.01758303,0.06188999,0.9911476,13.18149,2.898227,7.481067,0.1669627,0.03168078,-0.9854539,0.5638108,0.01272884,-0.1534348,0.8200445,-0.2190205,-2.732554,-0.06394708,-0.003571421,1.077617,0.991721,0.1267682,-0.02047963,-0.1186002,0.9653648,0.2323891,0.04922987,-0.2280363,0.9724072,moving,10.39554,-16.34392,-3.396018,-0.1898881
2439,05/08/2023 17:08:33.872747,2680,True,True,True,True,Eyes,0.7256858,0.1193246,-3.695545,0.1641485,-0.2754199,0.947206,0.0,0.0,0.0,0.0,0.0,0.0,0.0,-1.053665,0.8777347,3.626137,0.9914572,0.1159484,-3.746074,0.1165344,0.01471945,0.06150895,0.9911709,13.25,2.562255,7.39973,0.17006,0.03169812,-0.9849235,0.5653411,0.01130763,-0.1496868,0.822189,-0.2172214,-2.732434,-0.06231612,-0.004368693,1.076506,0.992,0.1253624,-0.01484316,-0.1185011,0.9652727,0.2328219,0.0435148,-0.2292003,0.9724061,moving,9.831574,-16.21289,-3.313005,-0.2325173
2440,05/08/2023 17:08:33.892958,2681,True,True,True,True,Eyes,0.7375087,0.1188807,-3.697114,0.1550361,-0.2735297,0.9492868,0.0,0.0,0.0,0.0,0.0,0.0,0.0,-1.0516,0.865194,3.631705,1.003875,0.1127616,-3.74476,0.114351,0.0126725,0.06134871,0.9914634,13.01434,2.303428,7.344315,0.173147,0.03169896,-0.9843855,0.5668508,0.009619343,-0.1457846,0.8242928,-0.2154565,-2.732316,-0.05969644,-0.01161447,1.075237,0.9921515,0.1245482,-0.01109805,-0.1187518,0.9663203,0.2283046,0.03915921,-0.2251949,0.9735265,moving,9.27557,-16.07393,-3.17776,-0.618872
2441,05/08/2023 17:08:33.912573,2682,True,True,True,True,Eyes,0.7493382,0.1183427,-3.698548,0.1461513,-0.2716209,0.9512423,0.0,0.0,0.0,0.0,0.0,0.0,0.0,-1.053121,0.8610792,3.634051,1.015842,0.1096666,-3.743379,0.1131601,0.01129979,0.06174723,0.9915919,12.88658,2.139021,7.3681,0.1762244,0.03168186,-0.9838398,0.5683082,0.00771069,-0.1417454,0.8264958,-0.2136083,-2.732193,-0.05673665,-0.01858678,1.07381,0.9921193,0.1250135,-0.008434919,-0.1198987,0.9667641,0.2258128,0.03638422,-0.2230219,0.9741341,moving,8.73477,-15.93634,-3.024512,-0.9916447
2442,05/08/2023 17:08:33.928210,2683,True,True,True,True,Eyes,0.7611639,0.1177372,-3.699862,0.137275,-0.2696089,0.9531352,0.0,0.0,0.0,0.0,0.0,0.0,0.0,-1.052097,0.8588242,3.636337,1.027859,0.1068349,-3.741594,0.111958,0.009705381,0.06325974,0.9916499,12.7571,1.963294,7.519675,0.1792924,0.03164596,-0.9832864,0.5696982,0.005633984,-0.1375429,0.8286436,-0.2118066,-2.732073,-0.055049,-0.02216804,1.072162,0.9918081,0.1276362,-0.005083817,-0.1232898,0.9669272,0.2232741,0.03341354,-0.2208183,0.9747424,moving,8.195648,-15.79437,-2.93921,-1.18448
2443,05/08/2023 17:08:33.943213,2684,True,True,True,True,Eyes,0.7730056,0.1170752,-3.701033,0.1285077,-0.2676138,0.9549181,0.0,0.0,0.0,0.0,0.0,0.0,0.0,-1.044597,0.8588713,3.64024,1.039809,0.1045515,-3.740061,0.1107259,0.0074174,0.06627807,0.9916109,12.62744,1.725791,7.838747,0.1823512,0.03159132,-0.9827256,0.5709937,0.00347933,-0.1332328,0.8307232,-0.2100619,-2.731956,-0.05468732,-0.02492017,1.070404,0.9911044,0.1330867,-3.295855e-05,-0.1298015,0.966694,0.2205771,0.02938774,-0.2186107,0.9753696,moving,7.664508,-15.65542,-2.924719,-1.333667
2444,05/08/2023 17:08:33.962627,2685,True,True,True,True,Eyes,0.7848808,0.1163643,-3.702068,0.1196382,-0.2656071,0.9566293,0.0,0.0,0.0,0.0,0.0,0.0,0.0,-1.029631,0.8597505,3.645456,1.052087,0.1024847,-3.737817,0.1094922,0.004160882,0.06997007,0.9915132,12.50611,1.383623,8.224838,0.1854015,0.0315184,-0.9821571,0.5722591,0.001284729,-0.1287493,0.832787,-0.2083306,-2.731841,-0.05425534,-0.02839258,1.068416,0.9901738,0.1396636,0.007071218,-0.1378413,0.9662313,0.2177082,0.02357349,-0.2165437,0.9759882,moving,7.12853,-15.51726,-2.907044,-1.522246
2445,05/08/2023 17:08:33.973174,2686,True,True,True,True,Eyes,0.7967834,0.1156168,-3.702956,0.1108824,-0.2636629,0.9582208,0.0,0.0,0.0,0.0,0.0,0.0,0.0,-1.014625,0.8640881,3.650012,1.06459,0.1004819,-3.735672,0.1086857,0.0009259362,0.07382112,0.991331,12.43608,1.049263,8.631855,0.1884459,0.03142779,-0.9815804,0.5735492,-0.0009251576,-0.12413,0.8350455,-0.206436,-2.731714,-0.0526869,-0.02957538,1.066654,0.9890992,0.1465636,0.01421078,-0.1461611,0.9654758,0.2156236,0.01788241,-0.2153502,0.9763731,moving,6.600737,-15.38471,-2.827801,-1.588247
2446,05/08/2023 17:08:33.992880,2687,True,True,True,True,Eyes,0.8086925,0.1148598,-3.703697,0.1019094,-0.2616601,0.9597648,0.0,0.0,0.0,0.0,0.0,0.0,0.0,-0.9990282,0.8690577,3.654123,1.077208,0.09880722,-3.733068,0.1079241,-0.002353915,0.07801868,0.9910904,12.37402,0.7141445,9.079507,0.1914859,0.03132045,-0.9809952,0.5748439,-0.003112265,-0.1193465,0.8370586,-0.2047471,-2.731601,-0.04943633,-0.0313023,1.064586,0.9878151,0.1541391,0.02150608,-0.1551552,0.9645309,0.2135578,0.01217431,-0.2142924,0.9766937,moving,6.061048,-15.2499,-2.658743,-1.684198
2447,05/08/2023 17:08:34.012997,2688,True,True,True,True,Eyes,0.8206142,0.1142016,-3.704271,0.09310693,-0.2600709,0.9610901,0.0,0.0,0.0,0.0,0.0,0.0,0.0,-0.9785792,0.8681605,3.660755,1.089763,0.09779811,-3.730321,0.1065485,-0.006356584,0.08202642,0.990898,12.25131,0.2862452,9.495017,0.1945218,0.03119811,-0.9804017,0.5760806,-0.005196444,-0.114408,0.8391692,-0.2029765,-2.731483,-0.04619271,-0.03511897,1.062258,0.9864625,0.1612051,0.03007702,-0.1639142,0.9638382,0.2101144,0.004882123,-0.2122001,0.977214,moving,5.53334,-15.14161,-2.489962,-1.893548
2448,05/08/2023 17:08:34.028805,2689,True,True,True,True,Eyes,0.8325506,0.1136757,-3.704666,0.08384398,-0.2582811,0.9624246,0.0,0.0,0.0,0.0,0.0,0.0,0.0,-0.9627901,0.9028601,3.656803,1.102032,0.09954695,-3.726922,0.1103552,-0.009310259,0.0860449,0.9901168,12.71675,0.03257064,9.937115,0.1975546,0.03106566,-0.9797993,0.5772809,-0.006859255,-0.1092666,0.8414271,-0.2010823,-2.731357,-0.04348245,-0.03435886,1.060079,0.9850192,0.1683341,0.0374275,-0.1724439,0.960836,0.2169269,0.000554522,-0.2201313,0.9754701,moving,4.978892,-15.02223,-2.348849,-1.856398
2449,05/08/2023 17:08:34.042745,2690,True,True,True,True,Eyes,0.8445274,0.1131708,-3.704881,0.07438255,-0.2561121,0.963781,0.0,0.0,0.0,0.0,0.0,0.0,0.0,-0.9215266,0.8915998,3.670126,1.114539,0.1020655,-3.723086,0.1072606,-0.01584989,0.09352612,0.9896954,12.43169,359.3364,10.72456,0.2005847,0.03092855,-0.9791878,0.5784533,-0.008025508,-0.1038944,0.8435043,-0.1993397,-2.731241,-0.0410153,-0.0335401,1.05794,0.9820033,0.1817246,0.05143647,-0.1885249,0.959496,0.2093459,-0.01130979,-0.2152754,0.9764879,moving,4.413217,-14.88167,-2.22019,-1.815853
2450,05/08/2023 17:08:34.062421,2691,True,True,True,True,Eyes,0.8565706,0.1127314,-3.705019,0.06470446,-0.2547274,0.9648458,0.0,0.0,0.0,0.0,0.0,0.0,0.0,-0.8874041,0.8439577,3.689687,1.127617,0.1019486,-3.719089,0.1004994,-0.02256049,0.0952707,0.9901084,11.73054,358.5061,10.83897,0.2036152,0.0307881,-0.9785665,0.5796764,-0.009058576,-0.098308,0.8455629,-0.1976128,-2.731125,-0.03802124,-0.03119043,1.055977,0.9808291,0.184122,0.06382393,-0.1931913,0.9616467,0.1947118,-0.02552536,-0.2033092,0.9787818,moving,3.836624,-14.78913,-2.062087,-1.691856
2451,05/08/2023 17:08:34.072778,2692,True,True,True,True,Eyes,0.868635,0.1124147,-3.704998,0.05518951,-0.2535017,0.9657593,0.0,0.0,0.0,0.0,0.0,0.0,0.0,-0.8707623,0.9236971,3.676875,1.140637,0.1031356,-3.717414,0.1115623,-0.02558174,0.0947168,0.9889026,13.03196,358.2671,10.74422,0.2066493,0.03064677,-0.9779347,0.5810254,-0.009833211,-0.09282365,0.8478338,-0.1957077,-2.730998,-0.03402939,-0.02907375,1.053939,0.9807487,0.1816235,0.07172935,-0.1930393,0.9571652,0.2158025,-0.02946204,-0.2254946,0.9737988,moving,3.270681,-14.70774,-1.849313,-1.580149
2452,05/08/2023 17:08:34.093036,2693,True,True,True,True,Eyes,0.880709,0.1121272,-3.704895,0.04544637,-0.2518091,0.9667093,0.0,0.0,0.0,0.0,0.0,0.0,0.0,-0.8580879,0.9326118,3.677745,1.153263,0.1057649,-3.713581,0.112458,-0.02861843,0.09705537,0.9884911,13.17245,357.9548,10.9791,0.2096875,0.03050864,-0.9772921,0.5823571,-0.01019323,-0.08718843,0.8498885,-0.193984,-2.730883,-0.03238505,-0.02625275,1.05186,0.9795225,0.1854399,0.07840743,-0.1983134,0.9558669,0.2167723,-0.03474882,-0.2278826,0.9730684,moving,2.691574,-14.60001,-1.763487,-1.429715
2453,05/08/2023 17:08:34.114237,2694,True,True,True,True,Eyes,0.892786,0.1118642,-3.704758,0.0359978,-0.2508069,0.9673675,0.0,0.0,0.0,0.0,0.0,0.0,0.0,-0.8547277,0.8980677,3.688964,1.165431,0.1060314,-3.711612,0.1078155,-0.03118313,0.09659296,0.9889759,12.66663,357.6004,10.89036,0.21273,0.03037434,-0.9766385,0.5836377,-0.01044431,-0.08164885,0.8519437,-0.1922599,-2.730768,-0.03126991,-0.02555284,1.049724,0.9793949,0.1843321,0.08250714,-0.1977802,0.9580913,0.2072297,-0.04085028,-0.2192779,0.9748069,moving,2.131114,-14.5349,-1.706263,-1.394444
2454,05/08/2023 17:08:34.128586,2695,True,True,True,True,Eyes,0.9048705,0.1116753,-3.704576,0.02645348,-0.2500281,0.9678772,0.0,0.0,0.0,0.0,0.0,0.0,0.0,-0.8477983,0.9590251,3.67812,1.177599,0.1065172,-3.710656,0.1161285,-0.03300764,0.09614342,0.9880188,13.64003,357.4702,10.81322,0.2157758,0.03024429,-0.9759741,0.5848505,-0.0106066,-0.07634008,0.8541152,-0.1904382,-2.730646,-0.03086427,-0.02533239,1.04757,0.9793339,0.1823168,0.08755431,-0.1976493,0.9545413,0.2231273,-0.04289436,-0.2358212,0.9708493,moving,1.565587,-14.48435,-1.687602,-1.38526
2455,05/08/2023 17:08:34.144718,2696,True,True,True,True,Eyes,0.9169536,0.1115661,-3.704324,0.01708199,-0.2491677,0.9683097,0.0,0.0,0.0,0.0,0.0,0.0,0.0,-0.8330729,0.9873143,3.67662,1.189469,0.1080249,-3.709424,0.1196427,-0.03600004,0.09778741,0.9873335,14.0811,357.1819,10.96436,0.2188244,0.03012037,-0.975299,0.5860129,-0.01053677,-0.07121179,0.8561808,-0.1887053,-2.730531,-0.03082189,-0.02271846,1.045743,0.9782832,0.1844833,0.09448719,-0.2017118,0.9522465,0.2292137,-0.04768901,-0.2432951,0.9687792,moving,1.010652,-14.43042,-1.688228,-1.244538
2456,05/08/2023 17:08:34.163001,2697,True,True,True,True,Eyes,0.9290243,0.1115091,-3.704016,0.007576209,-0.2478879,0.9687591,0.0,0.0,0.0,0.0,0.0,0.0,0.0,-0.824978,0.9766233,3.683384,1.20157,0.1097757,-3.707543,0.1177244,-0.03858667,0.09990373,0.9872544,13.89585,356.8899,11.17748,0.221875,0.03000449,-0.9746131,0.5871013,-0.01023238,-0.06618377,0.8583425,-0.1868918,-2.73041,-0.03117287,-0.01935604,1.0443,0.9770606,0.1881756,0.09971193,-0.206346,0.9523205,0.224738,-0.05266751,-0.2401578,0.9693041,moving,0.4480742,-14.35299,-1.7098,-1.061853
2457,05/08/2023 17:08:34.172831,2698,True,True,True,True,Eyes,0.9410956,0.111516,-3.703627,-0.001800543,-0.2462935,0.9691936,0.0,0.0,0.0,0.0,0.0,0.0,0.0,-0.8116938,0.9631943,3.692223,1.213646,0.1108768,-3.705924,0.1150296,-0.04173025,0.1032936,0.9870955,13.63356,356.5418,11.53432,0.224926,0.02989748,-0.9739168,0.5880873,-0.009789381,-0.06129078,0.8605102,-0.1850734,-2.730288,-0.03094259,-0.01844028,1.042928,0.9751781,0.1943208,0.1061471,-0.2135216,0.9521973,0.2184695,-0.05861985,-0.2357113,0.9700536,moving,-0.1064425,-14.25831,-1.699408,-1.012956
2458,05/08/2023 17:08:34.192531,2699,True,True,True,True,Eyes,0.953203,0.1115667,-3.703173,-0.01145416,-0.2443397,0.969622,0.0,0.0,0.0,0.0,0.0,0.0,0.0,-0.8037371,0.9281622,3.704644,1.225797,0.112295,-3.703604,0.109533,-0.04453821,0.1063159,0.987277,13.04693,356.1947,11.85723,0.227977,0.02980044,-0.9732102,0.589016,-0.009181231,-0.0564446,0.8625821,-0.1833351,-2.730172,-0.03001067,-0.01759508,1.041606,0.9734266,0.2001695,0.1112333,-0.2196832,0.9533989,0.2068086,-0.06465291,-0.2257491,0.9720378,moving,-0.6768044,-14.14376,-1.650346,-0.9677638
2459,05/08/2023 17:08:34.212498,2700,True,True,True,True,Eyes,0.9653051,0.1116355,-3.702674,-0.02093119,-0.2423848,0.9699544,0.0,0.0,0.0,0.0,0.0,0.0,0.0,-0.7917616,0.9008703,3.716216,1.238101,0.1128905,-3.701767,0.1051161,-0.04783344,0.1089497,0.9873159,12.59091,355.7958,12.13014,0.2310299,0.02971367,-0.9724926,0.5899972,-0.008478165,-0.05169537,0.8647292,-0.181534,-2.730052,-0.02957675,-0.01138574,1.041135,0.9716838,0.2050794,0.1173581,-0.2251917,0.9541612,0.1971426,-0.0715487,-0.2179884,0.9733251,moving,-1.236226,-14.03047,-1.627231,-0.6265554
2460,05/08/2023 17:08:34.225758,2701,True,True,True,True,Eyes,0.9774393,0.111711,-3.702135,-0.03063532,-0.2404792,0.9701707,0.0,0.0,0.0,0.0,0.0,0.0,0.0,-0.78455,0.8937274,3.721987,1.250129,0.1133642,-3.70024,0.1038111,-0.05036607,0.109948,0.9872173,12.47675,355.4994,12.21765,0.2340837,0.02963665,-0.9717644,0.5909037,-0.007763145,-0.04709876,0.8668348,-0.1797675,-2.729934,-0.02863541,-0.0101954,1.040436,0.9707493,0.206628,0.1222721,-0.2275422,0.9542694,0.1938929,-0.07661686,-0.2160435,0.9733731,moving,-1.808642,-13.92149,-1.576525,-0.5614327
2461,05/08/2023 17:08:34.242915,2702,True,True,True,True,Eyes,0.9895405,0.1118281,-3.701541,-0.04008444,-0.2388165,0.9702371,0.0,0.0,0.0,0.0,0.0,0.0,0.0,-0.7763623,0.8994452,3.725057,1.262364,0.1135762,-3.698828,0.1043297,-0.05291382,0.110504,0.9869673,12.57013,355.2166,12.24969,0.2371396,0.02956852,-0.9710252,0.5918522,-0.007070844,-0.04265564,0.8689027,-0.1780327,-2.729818,-0.02756289,-0.01313305,1.040124,0.969978,0.2070866,0.1275061,-0.2291686,0.9538084,0.1942456,-0.08139071,-0.2176344,0.9726309,moving,-2.365777,-13.82804,-1.517962,-0.7234028
2462,05/08/2023 17:08:34.262626,2703,True,True,True,True,Eyes,1.0016,0.1119972,-3.700898,-0.04973582,-0.2372001,0.9701868,0.0,0.0,0.0,0.0,0.0,0.0,0.0,-0.7704337,0.9162294,3.724224,1.273707,0.114723,-3.696944,0.1063556,-0.05486755,0.1114367,0.9865393,12.83103,355.0251,12.32957,0.2401949,0.02950967,-0.9702758,0.5926446,-0.006295314,-0.0383146,0.8710333,-0.1762454,-2.729699,-0.02635467,-0.01126155,1.040143,0.9691428,0.2082025,0.1319618,-0.2315444,0.9525407,0.1976195,-0.08455414,-0.2220765,0.9713561,moving,-2.934652,-13.73868,-1.451424,-0.6203132
2463,05/08/2023 17:08:34.272835,2704,True,True,True,True,Eyes,1.013657,0.1122047,-3.700211,-0.05932178,-0.2356121,0.970035,0.0,0.0,0.0,0.0,0.0,0.0,0.0,-0.749154,0.9177302,3.73035,1.285191,0.1161504,-3.6951,0.1063003,-0.05897158,0.1131545,0.986113,12.88494,354.5699,12.47828,0.2432464,0.02946078,-0.9695168,0.5932652,-0.005410344,-0.03408525,0.8733229,-0.1743246,-2.729571,-0.027504,-0.01138693,1.040295,0.9674369,0.2106289,0.140362,-0.2357037,0.9517926,0.1963024,-0.09224855,-0.222994,0.9704452,moving,-3.499523,-13.65221,-1.514471,-0.6271271
2464,05/08/2023 17:08:34.292833,2705,True,True,True,True,Eyes,1.025671,0.1124611,-3.699492,-0.06918869,-0.2342155,0.9697195,0.0,0.0,0.0,0.0,0.0,0.0,0.0,-0.7328693,0.9109906,3.737762,1.297242,0.117297,-3.693409,0.1058105,-0.06291026,0.1121299,0.9860393,12.87206,354.0926,12.30835,0.2462937,0.02942196,-0.9687483,0.5938387,-0.004463272,-0.02997877,0.8753052,-0.1726617,-2.72946,-0.03245378,-0.008764029,1.040208,0.9669384,0.2078158,0.147793,-0.2344421,0.9524621,0.1945583,-0.1003349,-0.2227748,0.9696929,moving,-4.081091,-13.57854,-1.78701,-0.4827209
2465,05/08/2023 17:08:34.312491,2706,True,True,True,True,Eyes,1.037655,0.1127985,-3.698726,-0.07884838,-0.2328192,0.9693184,0.0,0.0,0.0,0.0,0.0,0.0,0.0,-0.7209843,0.921857,3.739978,1.308873,0.1188892,-3.691855,0.1082082,-0.06617782,0.1093025,0.9858826,13.16923,353.701,11.92499,0.2493346,0.02939365,-0.967971,0.5942515,-0.003426241,-0.02602283,0.87745,-0.1708624,-2.729339,-0.03741056,-0.003977686,1.041366,0.967347,0.2011969,0.1541419,-0.2298408,0.9526879,0.1988943,-0.1068323,-0.2278279,0.967823,moving,-4.650438,-13.50595,-2.057438,-0.2188506
2466,05/08/2023 17:08:34.326308,2707,True,True,True,True,Eyes,1.049598,0.1132006,-3.697914,-0.08871564,-0.230849,0.9689367,0.0,0.0,0.0,0.0,0.0,0.0,0.0,-0.7203994,0.9150243,3.74396,1.320149,0.12122,-3.689986,0.1084309,-0.06826471,0.1057436,0.986104,13.19615,353.412,11.47843,0.2523672,0.02937724,-0.9671853,0.594547,-0.002208602,-0.02216477,0.8795399,-0.1691091,-2.729223,-0.03360337,-0.02271688,1.041256,0.9683164,0.1937443,0.1575639,-0.2233524,0.9541221,0.1994112,-0.1117004,-0.2282854,0.9671654,moving,-5.231403,-13.40088,-1.848405,-1.249812
2467,05/08/2023 17:08:34.352397,2708,True,True,True,True,Eyes,1.061506,0.1136271,-3.697063,-0.098538,-0.228655,0.9685076,0.0,0.0,0.0,0.0,0.0,0.0,0.0,-0.7111721,0.8798247,3.756203,1.330876,0.1230294,-3.688163,0.1047379,-0.07168863,0.1026868,0.9865831,12.79059,352.935,11.09141,0.2553897,0.02937345,-0.9663916,0.5947038,-0.000869561,-0.01839944,0.8817202,-0.16728,-2.7291,-0.04020754,-0.006312728,1.043461,0.9686323,0.1876011,0.162964,-0.2176352,0.9569708,0.1919424,-0.1199432,-0.2213883,0.9677814,moving,-5.809402,-13.28372,-2.206679,-0.3466237
2468,05/08/2023 17:08:34.363717,2709,True,True,True,True,Eyes,1.073386,0.1140883,-3.696166,-0.1086404,-0.2263264,0.967974,0.0,0.0,0.0,0.0,0.0,0.0,0.0,-0.6975143,0.8476021,3.768425,1.342022,0.1240178,-3.686404,0.1012576,-0.07561339,0.1000508,0.9869243,12.41537,352.4104,10.75061,0.2584009,0.02938165,-0.9655907,0.5947461,0.0004619817,-0.01474201,0.8837517,-0.1655758,-2.728987,-0.04393539,0.002005726,1.044855,0.9685449,0.1821724,0.1695112,-0.2127981,0.9594734,0.1847367,-0.1289876,-0.2149974,0.968059,moving,-6.40378,-13.16017,-2.407828,0.1099861
2469,05/08/2023 17:08:34.372661,2710,True,True,True,True,Eyes,1.085241,0.1145814,-3.695208,-0.1186713,-0.223913,0.9673573,0.0,0.0,0.0,0.0,0.0,0.0,0.0,-0.6786717,0.8349373,3.776776,1.353063,0.1252074,-3.684467,0.09988851,-0.07972691,0.09950781,0.9867949,12.29856,351.9118,10.64356,0.2613999,0.02940155,-0.9647824,0.5947011,0.001818037,-0.01116455,0.8860565,-0.1636422,-2.728858,-0.04797935,-0.03130013,1.044384,0.9674836,0.18046,0.1772276,-0.2123152,0.960241,0.181272,-0.1374689,-0.2130058,0.9673318,moving,-6.993859,-13.03267,-2.630339,-1.716638
2470,05/08/2023 17:08:34.392778,2711,True,True,True,True,Eyes,1.097025,0.1150725,-3.694207,-0.1288366,-0.2214237,0.9666296,0.0,0.0,0.0,0.0,0.0,0.0,0.0,-0.6610315,0.8145967,3.786162,1.364394,0.1264284,-3.682119,0.09735467,-0.08376403,0.09946279,0.9867182,12.05122,351.418,10.60456,0.2643865,0.02943285,-0.9639674,0.594583,0.003188014,-0.007622212,0.8880087,-0.1620045,-2.728748,-0.04754028,-0.02658895,1.046654,0.9661815,0.1799739,0.1846693,-0.2125931,0.9612584,0.1754605,-0.1459366,-0.2087861,0.9670113,moving,-7.591883,-12.90202,-2.600656,-1.455215
2471,05/08/2023 17:08:34.412574,2712,True,True,True,True,Eyes,1.108786,0.1155571,-3.693155,-0.1389135,-0.2189704,0.9657924,0.0,0.0,0.0,0.0,0.0,0.0,0.0,-0.6426873,0.7978441,3.794793,1.375568,0.1269811,-3.679911,0.09493323,-0.08770915,0.100459,0.9865105,11.82526,350.9488,10.68978,0.2673577,0.0294742,-0.9631462,0.5942616,0.004470294,-0.004162236,0.8901549,-0.1602041,-2.728628,-0.04706369,-0.02179992,1.047943,0.9644302,0.1815547,0.1921258,-0.2148607,0.9617913,0.1696829,-0.1539782,-0.2049276,0.9665896,moving,-8.184932,-12.77449,-2.571457,-1.191728
2472,05/08/2023 17:08:34.428229,2713,True,True,True,True,Eyes,1.120489,0.1160206,-3.692056,-0.1491882,-0.2167214,0.9647667,0.0,0.0,0.0,0.0,0.0,0.0,0.0,-0.622467,0.7892871,3.801869,1.386839,0.1272822,-3.677652,0.09358086,-0.09179734,0.1015002,0.9861611,11.72453,350.4731,10.7725,0.2703141,0.02952425,-0.9623192,0.5938881,0.005655678,-0.0007546474,0.8923891,-0.1583298,-2.728503,-0.04968452,-0.04055664,1.047662,0.9625419,0.1830102,0.2000509,-0.217372,0.9618806,0.1659367,-0.162057,-0.2032065,0.9656318,moving,-8.790398,-12.66054,-2.715171,-2.216902
2473,05/08/2023 17:08:34.442657,2714,True,True,True,True,Eyes,1.13217,0.1164677,-3.69091,-0.1594814,-0.2145942,0.9635948,0.0,0.0,0.0,0.0,0.0,0.0,0.0,-0.5953645,0.783198,3.809284,1.397858,0.1273187,-3.675362,0.09253952,-0.09667595,0.1027663,0.9856619,11.67122,349.9108,10.87064,0.2732537,0.02958131,-0.9614868,0.5933639,0.006706816,0.002585099,0.8943955,-0.1566466,-2.72839,-0.0541518,-0.04007909,1.048665,0.9601857,0.1846929,0.2095995,-0.2204783,0.9617511,0.1625553,-0.1715597,-0.2022954,0.9641804,moving,-9.397644,-12.55498,-2.95606,-2.188731
2474,05/08/2023 17:08:34.462618,2715,True,True,True,True,Eyes,1.143851,0.1169029,-3.689708,-0.1700451,-0.2127441,0.9621978,0.0,0.0,0.0,0.0,0.0,0.0,0.0,-0.5616212,0.7815971,3.816693,1.409134,0.1273732,-3.673088,0.09222843,-0.102392,0.1038026,0.985005,11.70941,349.2545,10.92652,0.2761774,0.02964407,-0.9606491,0.5928063,0.007645713,0.005870374,0.8965065,-0.1548757,-2.728272,-0.05806296,-0.03829116,1.049176,0.9574817,0.1856052,0.2208605,-0.2233791,0.9614379,0.1604338,-0.1825663,-0.202948,0.9620196,moving,-10.02216,-12.46764,-3.167602,-2.090162
2475,05/08/2023 17:08:34.472608,2716,True,True,True,True,Eyes,1.155516,0.117302,-3.688455,-0.1807265,-0.2108946,0.9606568,0.0,0.0,0.0,0.0,0.0,0.0,0.0,-0.5239568,0.7766412,3.824977,1.420362,0.1274061,-3.670762,0.09160971,-0.1086617,0.1045027,0.9843168,11.71577,348.5266,10.93948,0.2790869,0.02971147,-0.9598057,0.5922798,0.008492736,0.009123756,0.8986459,-0.1530809,-2.728153,-0.06421205,-0.0363386,1.049754,0.9545437,0.1858186,0.2330619,-0.2256364,0.9613737,0.1576351,-0.1947681,-0.2030568,0.9596006,moving,-10.65442,-12.38182,-3.500346,-1.982577
2476,05/08/2023 17:08:34.492738,2717,True,True,True,True,Eyes,1.167172,0.1176518,-3.687157,-0.1915866,-0.209162,0.9589295,0.0,0.0,0.0,0.0,0.0,0.0,0.0,-0.4816803,0.7631369,3.835163,1.431786,0.1269253,-3.668344,0.08999173,-0.1156777,0.1046562,0.98365,11.61027,347.6961,10.89068,0.2819833,0.02978184,-0.9589566,0.5917369,0.009180399,0.012335,0.9008247,-0.1512531,-2.72803,-0.06828462,-0.02595955,1.050779,0.9513315,0.18507,0.2464091,-0.2267101,0.9618971,0.152828,-0.2087363,-0.2012535,0.9570403,moving,-11.29848,-12.30465,-3.718122,-1.415207
2477,05/08/2023 17:08:34.512704,2718,True,True,True,True,Eyes,1.178816,0.1179568,-3.685823,-0.2025666,-0.2075758,0.9570157,0.0,0.0,0.0,0.0,0.0,0.0,0.0,-0.4370788,0.7578303,3.843637,1.443161,0.1260759,-3.666098,0.0896602,-0.1229317,0.103947,0.9828753,11.64261,346.8384,10.72638,0.2848675,0.02985327,-0.9581016,0.5912033,0.009678877,0.01548732,0.9029147,-0.1494998,-2.727913,-0.07002665,-0.02312326,1.051179,0.9481657,0.1822897,0.2602929,-0.226378,0.9623121,0.1506928,-0.2230133,-0.2018063,0.9536977,moving,-11.95111,-12.23784,-3.811256,-1.260159
2478,05/08/2023 17:08:34.528512,2719,True,True,True,True,Eyes,1.190442,0.1182088,-3.684453,-0.2137301,-0.2060419,0.9549168,0.0,0.0,0.0,0.0,0.0,0.0,0.0,-0.3899409,0.7602252,3.850472,1.45463,0.1253516,-3.663942,0.09041336,-0.1304156,0.103098,0.9819309,11.79733,345.96,10.52984,0.2877402,0.02992422,-0.9572406,0.5906617,0.01001327,0.01855994,0.9054009,-0.147414,-2.727774,-0.0701924,-0.02290386,1.051449,0.9447251,0.1788875,0.2747611,-0.2260527,0.9623924,0.1506682,-0.2374754,-0.2044505,0.9496344,moving,-12.61605,-12.17601,-3.819271,-1.247884
2479,05/08/2023 17:08:34.542890,2720,True,True,True,True,Eyes,1.202072,0.1184062,-3.683049,-0.2250036,-0.2045527,0.9526445,0.0,0.0,0.0,0.0,0.0,0.0,0.0,-0.341328,0.7489625,3.859484,1.46618,0.1243871,-3.661681,0.089331,-0.1382273,0.102307,0.9810436,11.74512,345.0281,10.35833,0.2906017,0.02999306,-0.9563736,0.5901,0.01016854,0.02155906,0.9072087,-0.1458975,-2.727673,-0.07157601,-0.02077475,1.051636,0.940853,0.1760392,0.2894923,-0.2254311,0.9631065,0.146992,-0.2529356,-0.2035584,0.9458264,moving,-13.28906,-12.1186,-3.893636,-1.131714
2480,05/08/2023 17:08:34.562775,2721,True,True,True,True,Eyes,1.213696,0.1185369,-3.681611,-0.236196,-0.2030726,0.9502489,0.0,0.0,0.0,0.0,0.0,0.0,0.0,-0.2950827,0.7423253,3.867031,1.47806,0.1232881,-3.659534,0.08875688,-0.1456778,0.1017041,0.9800799,11.74813,344.144,10.20721,0.2934535,0.0300583,-0.9555003,0.5895842,0.01015051,0.02447694,0.9093595,-0.1440932,-2.727552,-0.07214625,-0.01749861,1.051989,0.9368685,0.1734964,0.3036056,-0.225216,0.9635571,0.1443456,-0.2674979,-0.2036097,0.9418004,moving,-13.95868,-12.06292,-3.923249,-0.9529611
2481,05/08/2023 17:08:34.572603,2722,True,True,True,True,Eyes,1.225331,0.1185916,-3.680146,-0.2474578,-0.2015616,0.9477012,0.0,0.0,0.0,0.0,0.0,0.0,0.0,-0.2518978,0.7328176,3.874232,1.489915,0.1218604,-3.657246,0.08764824,-0.1527185,0.1014589,0.9791328,11.69067,343.3074,10.11091,0.2962965,0.03011826,-0.9546207,0.5890807,0.009933503,0.02732132,0.9115965,-0.1422165,-2.727427,-0.0716967,-0.01581812,1.052175,0.9327663,0.1719125,0.3168487,-0.2254545,0.9640478,0.1406492,-0.2812779,-0.2026278,0.9379897,moving,-14.63397,-12.00703,-3.89819,-0.8613047
2482,05/08/2023 17:08:34.592563,2723,True,True,True,True,Eyes,1.236989,0.1185673,-3.678649,-0.2584796,-0.1999405,0.945099,0.0,0.0,0.0,0.0,0.0,0.0,0.0,-0.2100481,0.7196526,3.881814,1.501958,0.1200809,-3.655162,0.08597766,-0.1596146,0.1012928,0.9781977,11.56865,342.4844,10.03573,0.2991321,0.03017117,-0.9537342,0.5886407,0.009501734,0.03007729,0.913717,-0.1404376,-2.727309,-0.07016534,-0.01330894,1.052467,0.9285259,0.1707221,0.3296871,-0.2256152,0.9646952,0.1358707,-0.2948515,-0.2005419,0.934262,moving,-15.29604,-11.94509,-3.814121,-0.7244935
2483,05/08/2023 17:08:34.612800,2724,True,True,True,True,Eyes,1.248665,0.118462,-3.677141,-0.2695812,-0.1984042,0.9423172,0.0,0.0,0.0,0.0,0.0,0.0,0.0,-0.1673743,0.7124209,3.887872,1.514053,0.1180182,-3.653057,0.08510227,-0.1665467,0.1009365,0.9771549,11.5333,341.6599,9.927099,0.3019626,0.03021535,-0.9528404,0.5882975,0.008858696,0.03276374,0.9157756,-0.1387106,-2.727193,-0.06818543,-0.01340365,1.052403,0.924148,0.1689141,0.3426637,-0.2256082,0.9651389,0.1326949,-0.308304,-0.1999375,0.9300396,moving,-15.96494,-11.88992,-3.707027,-0.7296934
2484,05/08/2023 17:08:34.629069,2725,True,True,True,True,Eyes,1.260343,0.1182816,-3.675619,-0.2804008,-0.1968607,0.9394792,0.0,0.0,0.0,0.0,0.0,0.0,0.0,-0.1217978,0.7103499,3.893045,1.526286,0.1159828,-3.651333,0.08485047,-0.1737329,0.1009034,0.9759282,11.57652,340.8123,9.842695,0.3047892,0.03024925,-0.951939,0.5880257,0.008011187,0.03532119,0.9179666,-0.1368726,-2.727071,-0.06792812,-0.0105595,1.052474,0.9192708,0.1674664,0.356225,-0.2264316,0.9652378,0.1305554,-0.3219782,-0.2006764,0.9252346,moving,-16.61847,-11.83466,-3.692825,-0.5748305
2485,05/08/2023 17:08:34.643050,2726,True,True,True,True,Eyes,1.272047,0.1180513,-3.67409,-0.2912954,-0.1954596,0.9364521,0.0,0.0,0.0,0.0,0.0,0.0,0.0,-0.07742941,0.7112094,3.896916,1.538538,0.1141824,-3.649333,0.08504896,-0.1807498,0.1006677,0.9746599,11.66441,339.9839,9.728412,0.3076119,0.03027169,-0.9510299,0.5877782,0.006989403,0.03776954,0.9200162,-0.1351532,-2.726956,-0.0685422,-0.003705382,1.052649,0.914391,0.1654885,0.3694626,-0.2269788,0.9652653,0.1293963,-0.3352159,-0.202179,0.9201923,moving,-17.27898,-11.78972,-3.725497,-0.2016834
2486,05/08/2023 17:08:34.662602,2727,True,True,True,True,Eyes,1.283795,0.1177915,-3.672561,-0.3019873,-0.1941237,0.9333379,0.0,0.0,0.0,0.0,0.0,0.0,0.0,-0.03120923,0.7147155,3.900289,1.551024,0.1127808,-3.647691,0.08557191,-0.1879292,0.1007818,0.9732437,11.79697,339.1407,9.645195,0.3104324,0.03028237,-0.9501126,0.5876248,0.005878967,0.04008888,0.9221791,-0.1333387,-2.726835,-0.06881944,3.248453e-05,1.052837,0.9090513,0.1640076,0.38305,-0.2283334,0.9650409,0.1286849,-0.3485537,-0.2044443,0.9147201,moving,-17.92931,-11.74936,-3.739858,0.00176782
2487,05/08/2023 17:08:34.676713,2728,True,True,True,True,Eyes,1.295588,0.1174935,-3.671023,-0.3127759,-0.1929173,0.9300291,0.0,0.0,0.0,0.0,0.0,0.0,0.0,0.01716447,0.7208114,3.902974,1.563739,0.1118101,-3.646271,0.08626458,-0.1952393,0.1020028,0.9716148,11.97365,338.2941,9.68258,0.3132528,0.03028164,-0.9491864,0.5876108,0.004747115,0.04227191,0.9243279,-0.131536,-2.726714,-0.06931562,0.008100539,1.053092,0.9029541,0.1645304,0.3969933,-0.2318993,0.9643077,0.127802,-0.3617964,-0.2074618,0.9088801,moving,-18.58819,-11.71876,-3.765835,0.4407187
2488,05/08/2023 17:08:34.692844,2729,True,True,True,True,Eyes,1.307414,0.1171607,-3.669486,-0.3232031,-0.1913418,0.9267837,0.0,0.0,0.0,0.0,0.0,0.0,0.0,0.06649327,0.7208154,3.906075,1.576788,0.1105988,-3.644575,0.08611099,-0.2027326,0.103442,0.9699404,12.06301,337.4221,9.75833,0.3160754,0.03026956,-0.9482508,0.5877343,0.003568173,0.04434756,0.9264476,-0.1297578,-2.726596,-0.07071563,0.01244792,1.052917,0.8963985,0.1657501,0.411092,-0.2355802,0.9637693,0.1251029,-0.3754621,-0.2089872,0.9029688,moving,-19.22552,-11.66527,-3.842307,0.6773374
2489,05/08/2023 17:08:34.712571,2730,True,True,True,True,Eyes,1.319304,0.1167829,-3.667936,-0.3336963,-0.1897374,0.9233886,0.0,0.0,0.0,0.0,0.0,0.0,0.0,0.1126207,0.7116244,3.910431,1.590128,0.1095189,-3.64281,0.084757,-0.2099407,0.1048926,0.9683691,12.01657,336.5761,9.864318,0.3189008,0.03024626,-0.9473051,0.5879487,0.002355698,0.04629796,0.9284304,-0.1280943,-2.726485,-0.07362391,0.01144564,1.052475,0.889845,0.1675616,0.4243809,-0.2387374,0.9636276,0.1201097,-0.3888194,-0.2081946,0.8974823,moving,-19.86896,-11.61149,-4.001501,0.6230658
2490,05/08/2023 17:08:34.728938,2731,True,True,True,True,Eyes,1.33125,0.1163639,-3.666348,-0.3437212,-0.1875909,0.9201442,0.0,0.0,0.0,0.0,0.0,0.0,0.0,0.1536026,0.6953881,3.915722,1.603687,0.1080244,-3.640955,0.0824343,-0.2166133,0.1061587,0.966961,11.85364,335.7853,9.978882,0.3217318,0.03021158,-0.9463485,0.5883408,0.00108081,0.04817139,0.9305651,-0.1263036,-2.726365,-0.07700719,0.01245162,1.052084,0.883618,0.16959,0.4364156,-0.2410154,0.9638698,0.1134307,-0.4014111,-0.2054123,0.8925665,moving,-20.48325,-11.52305,-4.186296,0.6780753
2491,05/08/2023 17:08:34.742819,2732,True,True,True,True,Eyes,1.343237,0.1159839,-3.664732,-0.3536184,-0.1856009,0.9167913,0.0,0.0,0.0,0.0,0.0,0.0,0.0,0.1845388,0.66908,3.922163,1.616882,0.1064963,-3.638604,0.07893592,-0.2222326,0.1063678,0.9659543,11.52373,335.1005,10.01548,0.3245706,0.03016547,-0.9453802,0.588879,-0.0002409221,0.05004614,0.9326881,-0.1245225,-2.726246,-0.07891718,0.00914216,1.051388,0.8785971,0.1704085,0.4461256,-0.240577,0.9649101,0.1052202,-0.4125406,-0.1997737,0.8887635,moving,-21.09228,-11.44463,-4.292573,0.4981931
2492,05/08/2023 17:08:34.762520,2733,True,True,True,True,Eyes,1.355261,0.1156467,-3.663087,-0.3632585,-0.1832986,0.9134795,0.0,0.0,0.0,0.0,0.0,0.0,0.0,0.2078485,0.6697288,3.924217,1.629946,0.1070401,-3.636349,0.0786431,-0.2264031,0.108845,0.9647329,11.5969,334.6299,10.25545,0.3274178,0.03011036,-0.9443995,0.5895068,-0.00136654,0.05188851,0.9347861,-0.1227625,-2.726129,-0.07886561,0.006608039,1.050753,0.8737888,0.1744027,0.4539569,-0.2456228,0.9639361,0.1024535,-0.4197172,-0.2010249,0.8851138,moving,-21.68596,-11.34627,-4.292359,0.3603203
2493,05/08/2023 17:08:34.772534,2734,True,True,True,True,Eyes,1.367357,0.1152904,-3.661418,-0.3731251,-0.1809701,0.9099602,0.0,0.0,0.0,0.0,0.0,0.0,0.0,0.255847,0.6436194,3.929063,1.643174,0.1076415,-3.633955,0.07483669,-0.2337093,0.113383,0.9627689,11.36732,333.787,10.77843,0.3302741,0.03004851,-0.9434063,0.5902092,-0.002296008,0.05371046,0.9369178,-0.1209742,-2.726009,-0.07774727,0.009486675,1.05026,0.8650485,0.1833432,0.4669864,-0.2533033,0.9630876,0.09110355,-0.4330456,-0.1970982,0.8795589,moving,-22.29586,-11.24805,-4.233695,0.5175211
2494,05/08/2023 17:08:34.792916,2735,True,True,True,True,Eyes,1.379503,0.1150119,-3.65978,-0.3823574,-0.1796227,0.9063876,0.0,0.0,0.0,0.0,0.0,0.0,0.0,0.3098303,0.6202373,3.932724,1.657169,0.1067878,-3.631721,0.07199117,-0.2420852,0.1142691,0.9608094,11.16676,332.7804,10.85303,0.3331414,0.02998006,-0.9423999,0.5910838,-0.003227131,0.05549463,0.9390526,-0.1191832,-2.72589,-0.07731772,0.01181981,1.049259,0.8566747,0.1847257,0.4816481,-0.2544377,0.9635197,0.08301388,-0.4487427,-0.1936653,0.8724241,moving,-22.87233,-11.20931,-4.214389,0.6454044
2495,05/08/2023 17:08:34.812485,2736,True,True,True,True,Eyes,1.39169,0.1148708,-3.658078,-0.3918137,-0.1782836,0.9026057,0.0,0.0,0.0,0.0,0.0,0.0,0.0,0.345402,0.7249057,3.916637,1.671287,0.108733,-3.630401,0.0849024,-0.2462921,0.1191217,0.958093,12.78929,332.4059,11.02169,0.3360201,0.02990801,-0.9413796,0.5920571,-0.003869011,0.05708161,0.9412186,-0.1173662,-2.725768,-0.07755503,0.01316115,1.04822,0.8503005,0.1864377,0.4921688,-0.2700808,0.9572032,0.1040113,-0.4517139,-0.2213662,0.8642636,moving,-23.46527,-11.1733,-4.231453,0.7193516
2496,05/08/2023 17:08:34.828684,2737,True,True,True,True,Eyes,1.403931,0.1147893,-3.656349,-0.4009874,-0.1764807,0.8989236,0.0,0.0,0.0,0.0,0.0,0.0,0.0,0.4022654,0.6944912,3.919557,1.684625,0.1118085,-3.627203,0.08084267,-0.2545749,0.125033,0.9555223,12.60066,331.4584,11.69278,0.33891,0.029837,-0.9403453,0.5930926,-0.004060346,0.05876007,0.943486,-0.115464,-2.725641,-0.07834869,0.01624972,1.047006,0.8391168,0.1977826,0.5067199,-0.2801046,0.9556624,0.09083342,-0.4662879,-0.2181544,0.8573121,moving,-24.04046,-11.1073,-4.279534,0.8891692
2497,05/08/2023 17:08:34.842678,2738,True,True,True,True,Eyes,1.416248,0.1148154,-3.654605,-0.4101918,-0.1753409,0.894985,0.0,0.0,0.0,0.0,0.0,0.0,0.0,0.4405009,0.6627327,3.924679,1.698384,0.1130762,-3.624784,0.07719513,-0.2611839,0.1251016,0.9540302,12.27723,330.6429,11.71363,0.3418125,0.02976872,-0.9392963,0.5942307,-0.004061008,0.06042293,0.9455345,-0.1137455,-2.725527,-0.07899813,0.01546872,1.045646,0.8322651,0.1983772,0.5176691,-0.2790257,0.956781,0.0819439,-0.4790402,-0.212642,0.8516478,moving,-24.62305,-11.0847,-4.320467,0.847541
2498,05/08/2023 17:08:34.862649,2739,True,True,True,True,Eyes,1.428563,0.1149734,-3.652795,-0.4192022,-0.1735479,0.8911513,0.0,0.0,0.0,0.0,0.0,0.0,0.0,0.4924294,0.7086129,3.914817,1.71267,0.1158097,-3.622673,0.08330173,-0.2681937,0.128075,0.9511729,13.13031,329.8687,11.78866,0.3447287,0.02970616,-0.9382319,0.5955299,-0.003739228,0.06203036,0.9476278,-0.1119895,-2.72541,-0.08151846,0.01791851,1.044139,0.8233379,0.198961,0.5315349,-0.288325,0.9533153,0.08977087,-0.4888594,-0.2271665,0.842266,moving,-25.19254,-11.02017,-4.464165,0.9831588
2499,05/08/2023 17:08:34.892679,2740,True,True,True,True,Eyes,1.440874,0.1151807,-3.650964,-0.4278136,-0.1711105,0.8875228,0.0,0.0,0.0,0.0,0.0,0.0,0.0,0.5266666,0.661248,3.920972,1.725569,0.1191337,-3.618959,0.07834028,-0.2747456,0.1257091,0.9500396,12.58741,329.0217,11.57393,0.3476564,0.02965283,-0.9371527,0.5967425,-0.003040973,0.06373805,0.9497382,-0.110219,-2.725291,-0.08488971,0.02429098,1.042638,0.8174241,0.19581,0.5417346,-0.2819046,0.95612,0.07977664,-0.5023422,-0.2179288,0.8367553,moving,-25.73551,-10.91249,-4.654654,1.334614
2500,05/08/2023 17:08:34.902674,2741,True,True,True,True,Eyes,1.4532,0.1154787,-3.649066,-0.4363998,-0.1684877,0.8838366,0.0,0.0,0.0,0.0,0.0,0.0,0.0,0.5456238,0.6255955,3.927453,1.738908,0.1211826,-3.616003,0.07472651,-0.2794043,0.1218102,0.9494796,12.12066,328.3954,11.17911,0.3505927,0.02960927,-0.9360596,0.5978712,-0.002236555,0.06540693,0.9519196,-0.108389,-2.725169,-0.09040731,0.02524476,1.040366,0.814191,0.1895547,0.5487822,-0.2730704,0.9591565,0.07383404,-0.5123725,-0.2099712,0.8326984,moving,-26.27814,-10.79292,-4.966499,1.390025
2501,05/08/2023 17:08:34.912409,2742,True,True,True,True,Eyes,1.465532,0.1158282,-3.647101,-0.4449803,-0.1655632,0.880103,0.0,0.0,0.0,0.0,0.0,0.0,0.0,0.5551224,0.5955892,3.933263,1.75139,0.1230304,-3.612609,0.07166489,-0.2827364,0.1181458,0.9491923,11.704,327.9374,10.81645,0.3535368,0.02957729,-0.9349526,0.5989748,-0.001208359,0.06717452,0.9540162,-0.1066302,-2.725052,-0.09696805,0.02825616,1.037977,0.8122035,0.1837616,0.5536761,-0.2648107,0.9618115,0.06923933,-0.5198085,-0.2028558,0.8298486,moving,-26.82117,-10.65385,-5.337096,1.55934
2502,05/08/2023 17:08:34.928819,2743,True,True,True,True,Eyes,1.477864,0.1161709,-3.64508,-0.453229,-0.1624874,0.8764595,0.0,0.0,0.0,0.0,0.0,0.0,0.0,0.5723994,0.5540128,3.939211,1.763988,0.1245433,-3.608987,0.06714176,-0.2870883,0.1148807,0.9486174,11.14809,327.3554,10.53609,0.3564876,0.02955726,-0.933832,0.6000347,-8.726993e-05,0.06904062,0.9562969,-0.1047169,-2.724924,-0.1031465,0.03126398,1.035315,0.8087655,0.1794045,0.5601004,-0.2565069,0.9645888,0.06142186,-0.5292473,-0.1933455,0.8261446,moving,-27.3441,-10.50286,-5.689497,1.729666
2503,05/08/2023 17:08:34.942896,2744,True,True,True,True,Eyes,1.490179,0.116517,-3.643001,-0.4612469,-0.1596051,0.8727987,0.0,0.0,0.0,0.0,0.0,0.0,0.0,0.5782342,0.5399594,3.94279,1.776354,0.1246683,-3.605624,0.06575827,-0.289658,0.1117581,0.9483061,10.92134,327.0072,10.19938,0.3594434,0.02954771,-0.9326986,0.6010259,0.0009461464,0.0709614,0.9582588,-0.103071,-2.724814,-0.1084896,0.0338181,1.033233,0.8072168,0.1738669,0.5640668,-0.2500566,0.966372,0.0599747,-0.5346708,-0.1894612,0.8235482,moving,-27.85505,-10.36294,-5.9941,1.874643
2504,05/08/2023 17:08:34.962652,2745,True,True,True,True,Eyes,1.502467,0.1168985,-3.640861,-0.4690041,-0.1569359,0.8691411,0.0,0.0,0.0,0.0,0.0,0.0,0.0,0.5834843,0.5485848,3.943083,1.788317,0.1251189,-3.602162,0.06679876,-0.2916268,0.1115703,0.9476518,11.05071,326.7717,10.12277,0.362402,0.02954764,-0.9315531,0.6019095,0.001927638,0.07293931,0.9604365,-0.1012441,-2.724692,-0.1120392,0.03634953,1.030753,0.8050117,0.172499,0.5676268,-0.2504202,0.96618,0.06153013,-0.5378157,-0.1916777,0.8209835,moving,-28.35209,-10.23529,-6.203493,2.0197
2505,05/08/2023 17:08:34.982585,2746,True,True,True,True,Eyes,1.514704,0.1173088,-3.638646,-0.4767711,-0.1543126,0.8653768,0.0,0.0,0.0,0.0,0.0,0.0,0.0,0.5959518,0.5448893,3.943829,1.79991,0.1262939,-3.598642,0.06607147,-0.2943691,0.1137862,0.9465908,11.07394,326.4581,10.36208,0.3653612,0.02955715,-0.9303961,0.6026613,0.002956501,0.07498309,0.962609,-0.0994216,-2.724571,-0.1157996,0.03992119,1.028438,0.8007991,0.1765191,0.5723301,-0.2543166,0.9653745,0.05809504,-0.5422581,-0.1920755,0.8179628,moving,-28.85215,-10.11062,-6.424304,2.222951
2506,05/08/2023 17:08:34.992702,2747,True,True,True,True,Eyes,1.526877,0.1177347,-3.636356,-0.4844948,-0.1518327,0.8615171,0.0,0.0,0.0,0.0,0.0,0.0,0.0,0.6231868,0.5272621,3.943435,1.810991,0.1273594,-3.594598,0.06374433,-0.2989901,0.116273,0.9449985,10.95311,325.9112,10.6616,0.3683173,0.02957613,-0.9292292,0.6032118,0.004009821,0.07712883,0.96467,-0.09769258,-2.724455,-0.1197633,0.04332779,1.025844,0.794171,0.1816378,0.5799139,-0.2578735,0.9648345,0.05094764,-0.5502669,-0.1900055,0.8130831,moving,-29.35227,-9.995095,-6.658916,2.418521
2507,05/08/2023 17:08:35.012558,2748,True,True,True,True,Eyes,1.538982,0.1181624,-3.633983,-0.4922444,-0.149448,0.8575318,0.0,0.0,0.0,0.0,0.0,0.0,0.0,0.658471,0.5114999,3.940952,1.822087,0.1282094,-3.590248,0.06210641,-0.3047395,0.1165832,0.9432312,10.84872,325.2082,10.68391,0.3712668,0.02960406,-0.9280537,0.6035389,0.005046924,0.07937113,0.9667104,-0.09598088,-2.724341,-0.1223682,0.04476959,1.023578,0.7870843,0.1820773,0.5893607,-0.2577824,0.9651023,0.04610636,-0.5603985,-0.1882164,0.8065532,moving,-29.85688,-9.886043,-6.817329,2.504426
2508,05/08/2023 17:08:35.028727,2749,True,True,True,True,Eyes,1.551016,0.1186137,-3.631544,-0.4999467,-0.1473254,0.8534334,0.0,0.0,0.0,0.0,0.0,0.0,0.0,0.6894011,0.5080228,3.93701,1.832641,0.1286947,-3.585843,0.06219494,-0.3098996,0.1152166,0.9417109,10.8682,324.5679,10.46951,0.3742066,0.02964006,-0.9268712,0.6036412,0.006027434,0.08172852,0.9689057,-0.09413917,-2.724218,-0.1262068,0.05436967,1.02067,0.7813748,0.178453,0.5980034,-0.2555498,0.9657139,0.04572814,-0.5693399,-0.1885504,0.800188,moving,-30.36204,-9.794254,-7.048895,3.049183
2509,05/08/2023 17:08:35.042810,2750,True,True,True,True,Eyes,1.562956,0.1191143,-3.62902,-0.507758,-0.1451097,0.8491908,0.0,0.0,0.0,0.0,0.0,0.0,0.0,0.7218946,0.5089818,3.932259,1.843176,0.1297676,-3.58172,0.06273762,-0.3150765,0.1150471,0.939976,10.97852,323.9376,10.37231,0.3771333,0.02968396,-0.9256828,0.6035231,0.007019655,0.08414259,0.9709615,-0.09241458,-2.724103,-0.1249514,0.04959819,1.018986,0.774982,0.1767487,0.6067642,-0.2558173,0.9656563,0.04544646,-0.5778931,-0.190441,0.7935816,moving,-30.87653,-9.697039,-6.990897,2.786619
2510,05/08/2023 17:08:35.062687,2751,True,True,True,True,Eyes,1.574799,0.1196408,-3.626408,-0.515596,-0.1426848,0.8448679,0.0,0.0,0.0,0.0,0.0,0.0,0.0,0.7584344,0.481548,3.929308,1.853002,0.1314123,-3.577106,0.05990383,-0.3210482,0.1145784,0.9381959,10.71789,323.1919,10.35021,0.3800435,0.02973645,-0.9244901,0.6031336,0.008100356,0.08666644,0.9731177,-0.09060572,-2.723982,-0.1234797,0.03843783,1.017084,0.7675996,0.17653,0.6161395,-0.2534581,0.9665667,0.03883264,-0.5886848,-0.1859734,0.7866791,moving,-31.39439,-9.585897,-6.922151,2.164302
2511,05/08/2023 17:08:35.072538,2752,True,True,True,True,Eyes,1.58656,0.1201956,-3.623695,-0.5235335,-0.1401484,0.8403994,0.0,0.0,0.0,0.0,0.0,0.0,0.0,0.7959439,0.4365957,3.927336,1.862941,0.1325609,-3.572113,0.05504901,-0.327467,0.1126364,0.9365084,10.18791,322.3687,10.2369,0.3829344,0.02979738,-0.9232945,0.6024745,0.009193552,0.08930209,0.9752557,-0.08881211,-2.723862,-0.1257928,0.0626103,1.015675,0.7601568,0.1749165,0.6257523,-0.2470234,0.9685653,0.02933828,-0.6009502,-0.1768772,0.7794699,moving,-31.92117,-9.467752,-7.060212,3.52748
2512,05/08/2023 17:08:35.098105,2753,True,True,True,True,Eyes,1.598236,0.1207732,-3.620883,-0.5312967,-0.1374272,0.835965,0.0,0.0,0.0,0.0,0.0,0.0,0.0,0.8318381,0.4083977,3.922949,1.872825,0.1337566,-3.566918,0.05218512,-0.3334518,0.1113365,0.9347143,9.892903,321.6124,10.13391,0.3858038,0.0298667,-0.922097,0.6016067,0.01030663,0.09208357,0.977374,-0.08703511,-2.723744,-0.1304297,0.06515929,1.013227,0.7528281,0.1733332,0.6349845,-0.2429381,0.9697618,0.02330563,-0.6117441,-0.1718071,0.7721732,moving,-32.43796,-9.335552,-7.335176,3.679549
2513,05/08/2023 17:08:35.112588,2754,True,True,True,True,Eyes,1.609835,0.1213622,-3.61797,-0.5390626,-0.1347189,0.8314219,0.0,0.0,0.0,0.0,0.0,0.0,0.0,0.8654455,0.3846858,3.918036,1.88278,0.1349095,-3.56159,0.04985513,-0.3391246,0.1099589,0.932962,9.64862,320.8953,10.00997,0.388651,0.02994417,-0.9208981,0.6005385,0.01142103,0.09499214,0.9795402,-0.08521783,-2.723622,-0.1357979,0.05827218,1.01263,0.7458072,0.1713607,0.6437448,-0.2389891,0.970847,0.0184464,-0.6218166,-0.1676054,0.765018,moving,-32.95786,-9.203893,-7.638035,3.293476
2514,05/08/2023 17:08:35.128919,2755,True,True,True,True,Eyes,1.621359,0.1219558,-3.614958,-0.5465527,-0.1322867,0.8269101,0.0,0.0,0.0,0.0,0.0,0.0,0.0,0.8932731,0.3741978,3.912636,1.89262,0.1357468,-3.556156,0.0492188,-0.3440194,0.1074747,0.931492,9.53445,320.2714,9.711625,0.391475,0.03002921,-0.9196984,0.5993034,0.01250249,0.0980316,0.9817358,-0.08337592,-2.723499,-0.1400062,0.07771298,1.011563,0.7401997,0.1663591,0.6514822,-0.234088,0.9720534,0.01774708,-0.6303231,-0.1656406,0.7584563,moving,-33.46302,-9.089,-7.880012,4.393101
2515,05/08/2023 17:08:35.142473,2756,True,True,True,True,Eyes,1.632785,0.1225602,-3.611835,-0.554004,-0.1298864,0.8223193,0.0,0.0,0.0,0.0,0.0,0.0,0.0,0.9178157,0.3747712,3.906758,1.902399,0.1364759,-3.550754,0.04974175,-0.3483139,0.1061561,0.9300183,9.582801,319.7342,9.503428,0.3942759,0.03012111,-0.9184981,0.597917,0.01353342,0.1011884,0.9837828,-0.08165867,-2.723385,-0.1430442,0.08687748,1.011213,0.7348167,0.1628027,0.6584373,-0.2321057,0.9725133,0.01857021,-0.6373158,-0.1664727,0.7524064,moving,-33.96851,-8.975784,-8.051531,4.91046
2516,05/08/2023 17:08:35.162794,2757,True,True,True,True,Eyes,1.644133,0.1231629,-3.608597,-0.5612798,-0.1277053,0.8177141,0.0,0.0,0.0,0.0,0.0,0.0,0.0,0.9410233,0.3648663,3.901408,1.911563,0.1373257,-3.544955,0.04889566,-0.3525048,0.105332,0.9285768,9.501119,319.2079,9.403552,0.3970525,0.03021939,-0.9172979,0.5963221,0.01453439,0.1044855,0.9858633,-0.07991336,-2.723268,-0.1483098,0.08506957,1.010978,0.7292911,0.1611459,0.664956,-0.2300897,0.9730288,0.01654667,-0.6443548,-0.1650668,0.7466993,moving,-34.46575,-8.876384,-8.345726,4.80987
2517,05/08/2023 17:08:35.172445,2758,True,True,True,True,Eyes,1.655377,0.1237642,-3.605242,-0.5685647,-0.1255872,0.8129957,0.0,0.0,0.0,0.0,0.0,0.0,0.0,0.9710493,0.3544035,3.894319,1.920904,0.1378615,-3.539121,0.04793192,-0.3574811,0.1051769,0.9267403,9.441379,318.5885,9.374114,0.3998051,0.03032329,-0.9160981,0.5945864,0.01547044,0.1079288,0.9879686,-0.07814711,-2.72315,-0.1524886,0.08290493,1.011127,0.7222902,0.1606738,0.672667,-0.2292128,0.9732807,0.01364338,-0.6525017,-0.1640384,0.7398196,moving,-34.96683,-8.781334,-8.57618,4.687346
2518,05/08/2023 17:08:35.192627,2759,True,True,True,True,Eyes,1.666517,0.1243568,-3.601769,-0.5756301,-0.1235838,0.8083175,0.0,0.0,0.0,0.0,0.0,0.0,0.0,1.000295,0.3482296,3.886207,1.929734,0.1384297,-3.532906,0.04760923,-0.3623478,0.1042837,0.9249662,9.418691,317.9782,9.240581,0.4025328,0.03043211,-0.9148992,0.5926427,0.01634605,0.1115175,0.9902087,-0.07626791,-2.723025,-0.1579991,0.07477129,1.010959,0.7156579,0.1584155,0.6802486,-0.2274199,0.9737166,0.01249995,-0.6603891,-0.1636478,0.7328749,moving,-35.45595,-8.692645,-8.882687,4.229936
2519,05/08/2023 17:08:35.212725,2760,True,True,True,True,Eyes,1.677543,0.1249213,-3.598171,-0.5827103,-0.1214899,0.8035477,0.0,0.0,0.0,0.0,0.0,0.0,0.0,1.02496,0.3406436,3.87901,1.938548,0.1388714,-3.526478,0.04707522,-0.3667172,0.103079,0.9234052,9.354396,317.4254,9.087407,0.4052354,0.03054503,-0.9137016,0.5905041,0.01714326,0.1152477,0.9922348,-0.07456814,-2.722911,-0.1624714,0.06947532,1.0112,0.7097865,0.1558407,0.6869621,-0.2248939,0.9743173,0.01133734,-0.6675522,-0.1625406,0.7266048,moving,-35.94857,-8.597544,-9.12781,3.930378
2520,05/08/2023 17:08:35.228748,2761,True,True,True,True,Eyes,1.688469,0.1254361,-3.594448,-0.5896093,-0.1195662,0.7987896,0.0,0.0,0.0,0.0,0.0,0.0,0.0,1.050607,0.3191184,3.872151,1.94693,0.1387232,-3.519856,0.04468935,-0.3712954,0.1022906,0.9217806,9.110995,316.8436,9.05477,0.4079117,0.03066069,-0.912506,0.588153,0.01780823,0.119126,0.9944083,-0.0727448,-2.72279,-0.1671812,0.07010996,1.011224,0.7033527,0.155393,0.6936483,-0.2217648,0.975079,0.006427491,-0.6753631,-0.1583475,0.7202852,moving,-36.43209,-8.513067,-9.387541,3.966071
2521,05/08/2023 17:08:35.242989,2762,True,True,True,True,Eyes,1.699284,0.1259049,-3.590591,-0.5965395,-0.1176858,0.7939085,0.0,0.0,0.0,0.0,0.0,0.0,0.0,1.077772,0.3030844,3.864155,1.955495,0.1380638,-3.513136,0.04285953,-0.3759777,0.1021525,0.919983,8.955899,316.2542,9.070557,0.4105622,0.03077728,-0.9113126,0.5856419,0.01828411,0.1231472,0.9965068,-0.07098436,-2.722672,-0.1716297,0.07450466,1.011244,0.6964113,0.1557286,0.7005426,-0.2201855,0.9754559,0.002045972,-0.6830298,-0.1556742,0.7136077,moving,-36.92105,-8.431896,-9.632524,4.213723
2522,05/08/2023 17:08:35.262893,2763,True,True,True,True,Eyes,1.709989,0.1263249,-3.586589,-0.6033984,-0.1159412,0.7889664,0.0,0.0,0.0,0.0,0.0,0.0,0.0,1.108037,0.2921049,3.854106,1.963722,0.1374164,-3.506011,0.04161413,-0.3809361,0.1028214,0.9179236,8.901367,315.6368,9.14737,0.4131868,0.03089332,-0.9101217,0.5829467,0.01859334,0.1273291,0.9985925,-0.06923464,-2.722555,-0.1763432,0.08103217,1.010593,0.6886308,0.1570597,0.7078981,-0.220469,0.9753921,-0.001939596,-0.6907828,-0.1547339,0.7063118,moving,-37.40862,-8.359966,-9.898153,4.584327
2523,05/08/2023 17:08:35.272357,2764,True,True,True,True,Eyes,1.720582,0.1266896,-3.582443,-0.6102198,-0.1142137,0.7839559,0.0,0.0,0.0,0.0,0.0,0.0,0.0,1.132484,0.2747547,3.845618,1.971827,0.136664,-3.498573,0.03959744,-0.3853372,0.1026152,0.9161974,8.722041,315.0792,9.169619,0.4157859,0.03100741,-0.9089333,0.5800859,0.01873784,0.1316949,1.000783,-0.0673973,-2.722433,-0.1772819,0.08327366,1.011086,0.6819707,0.1575149,0.7142165,-0.2185484,0.9758043,-0.0065248,-0.6979632,-0.1516411,0.6998946,moving,-37.89667,-8.289046,-9.945038,4.708287
2524,05/08/2023 17:08:35.292479,2765,True,True,True,True,Eyes,1.731045,0.1269864,-3.57817,-0.6168037,-0.1125644,0.7790266,0.0,0.0,0.0,0.0,0.0,0.0,0.0,1.154065,0.2653577,3.836939,1.979794,0.135687,-3.4909,0.03848068,-0.3893063,0.1026944,0.9145566,8.646903,314.5795,9.189095,0.4183603,0.0311182,-0.9077476,0.5770599,0.01870756,0.1362336,1.002868,-0.06564802,-2.722316,-0.1791398,0.08369973,1.011954,0.6757889,0.1578782,0.7199889,-0.2178012,0.9759462,-0.009573654,-0.7041818,-0.1503447,0.6939196,moving,-38.37085,-8.221972,-10.03871,4.72823
2525,05/08/2023 17:08:35.312695,2766,True,True,True,True,Eyes,1.741382,0.1272005,-3.573746,-0.6233119,-0.1108151,0.7740816,0.0,0.0,0.0,0.0,0.0,0.0,0.0,1.171668,0.2534045,3.829378,1.987564,0.1344481,-3.483198,0.03712666,-0.3928899,0.1013683,0.9132272,8.479946,314.1172,9.073135,0.420909,0.03122402,-0.906565,0.5738242,0.0184756,0.140877,1.005187,-0.06370226,-2.722186,-0.1810392,0.08870821,1.01251,0.670724,0.1559711,0.7251223,-0.2143179,0.9766922,-0.01184299,-0.7100685,-0.1474632,0.6885183,moving,-38.84198,-8.146933,-10.13749,5.007021
2526,05/08/2023 17:08:35.332630,2767,True,True,True,True,Eyes,1.751598,0.1273173,-3.569175,-0.6296477,-0.109108,0.7691809,0.0,0.0,0.0,0.0,0.0,0.0,0.0,1.185129,0.2408313,3.822456,1.994933,0.132714,-3.475102,0.03568582,-0.3960271,0.09918104,0.912169,8.259677,313.705,8.874745,0.4234324,0.03132308,-0.9053858,0.5704058,0.01800927,0.1456967,1.007219,-0.06199767,-2.722072,-0.1860046,0.08809445,1.012913,0.6666514,0.1526746,0.7295659,-0.2092048,0.9777793,-0.01345376,-0.7154086,-0.1436598,0.6837781,moving,-39.30359,-8.073523,-10.40549,4.970589
2527,05/08/2023 17:08:35.342917,2768,True,True,True,True,Eyes,1.76167,0.127341,-3.564455,-0.6358339,-0.1073384,0.7643256,0.0,0.0,0.0,0.0,0.0,0.0,0.0,1.196019,0.2325502,3.815935,2.002382,0.1306455,-3.466885,0.03469498,-0.3988213,0.09706864,0.9112166,8.085772,313.3378,8.668962,0.4259313,0.03141334,-0.9042097,0.5668291,0.01727914,0.1506663,1.00926,-0.0602852,-2.721958,-0.1884605,0.08002385,1.014235,0.6630386,0.1492269,0.7335607,-0.2045753,0.9787479,-0.01419679,-0.7200895,-0.1406554,0.6794757,moving,-39.75669,-7.994077,-10.52638,4.511332
2528,05/08/2023 17:08:35.362784,2769,True,True,True,True,Eyes,1.771594,0.1272686,-3.559582,-0.6418235,-0.1056148,0.7595447,0.0,0.0,0.0,0.0,0.0,0.0,0.0,1.200575,0.2264889,3.810718,2.009034,0.128346,-3.458548,0.03391044,-0.4007898,0.09476935,0.9106244,7.916193,313.0741,8.442434,0.428405,0.03149315,-0.9030375,0.563035,0.01631347,0.1557877,1.011342,-0.05853857,-2.721841,-0.1900305,0.07340015,1.015657,0.6607727,0.1454166,0.736365,-0.1997805,0.9797377,-0.01420583,-0.7235103,-0.1377245,0.6764354,moving,-40.19817,-7.916224,-10.59758,4.133503
2529,05/08/2023 17:08:35.372540,2770,True,True,True,True,Eyes,1.781369,0.1270733,-3.554554,-0.6475973,-0.1037911,0.7548809,0.0,0.0,0.0,0.0,0.0,0.0,0.0,1.205956,0.2134991,3.805276,2.015637,0.1258729,-3.449841,0.03227559,-0.4029612,0.09221058,0.9099878,7.646186,312.7812,8.226203,0.430854,0.03156104,-0.9018693,0.5590268,0.01511759,0.1610588,1.014159,-0.05617574,-2.721684,-0.1899844,0.07230856,1.016555,0.658239,0.1418094,0.7393317,-0.1938326,0.980911,-0.01557377,-0.7274272,-0.1330554,0.6731611,moving,-40.62564,-7.828704,-10.58591,4.068651
2530,05/08/2023 17:08:35.392687,2771,True,True,True,True,Eyes,1.790986,0.1267662,-3.549363,-0.6531583,-0.1021181,0.750304,0.0,0.0,0.0,0.0,0.0,0.0,0.0,1.199818,0.2085613,3.802739,2.021823,0.1226978,-3.441085,0.03149701,-0.403663,0.08915956,0.9100081,7.429484,312.6734,7.93225,0.4332775,0.03161492,-0.9007056,0.5548092,0.01362447,0.1664786,1.01558,-0.05498404,-2.721604,-0.1922898,0.06830372,1.01761,0.6582135,0.1368435,0.7402897,-0.1877002,0.982117,-0.01465578,-0.7290567,-0.1293059,0.6721282,moving,-41.04038,-7.750466,-10.70057,3.84003
2531,05/08/2023 17:08:35.413974,2772,True,True,True,True,Eyes,1.800437,0.1263842,-3.544019,-0.6585016,-0.1004636,0.7458436,0.0,0.0,0.0,0.0,0.0,0.0,0.0,1.193783,0.2135286,3.799165,2.027625,0.1197364,-3.432022,0.0318172,-0.4042085,0.08773783,0.909893,7.401944,312.5977,7.762555,0.4356762,0.03165331,-0.8995464,0.5503727,0.01188593,0.1720639,1.01773,-0.05318032,-2.721483,-0.1936802,0.06623636,1.018425,0.6578352,0.1339425,0.741156,-0.1853856,0.9825795,-0.01302825,-0.7299897,-0.1288292,0.6712064,moving,-41.44112,-7.671447,-10.76771,3.721163
2532,05/08/2023 17:08:35.429182,2773,True,True,True,True,Eyes,1.809741,0.1259477,-3.538471,-0.6638085,-0.09895666,0.7413271,0.0,0.0,0.0,0.0,0.0,0.0,0.0,1.187236,0.210445,3.796104,2.033089,0.1175406,-3.423003,0.03101329,-0.4046639,0.08804881,0.9096882,7.33585,312.54,7.828532,0.4380496,0.03167604,-0.8983922,0.5457031,0.01002653,0.1777725,1.019909,-0.05135168,-2.721361,-0.19457,0.06661937,1.019187,0.6569892,0.135094,0.7416973,-0.1852939,0.9825712,-0.01483549,-0.7307746,-0.1276852,0.6705707,moving,-41.84231,-7.603228,-10.80811,3.739828
2533,05/08/2023 17:08:35.443055,2774,True,True,True,True,Eyes,1.818877,0.1254784,-3.532741,-0.6690475,-0.09740721,0.7368089,0.0,0.0,0.0,0.0,0.0,0.0,0.0,1.189339,0.1928599,3.790346,2.0382,0.1156491,-3.413329,0.0283117,-0.4062469,0.09005877,0.9088737,7.159719,312.3437,8.152407,0.4403999,0.0316836,-0.8972422,0.5408719,0.008115575,0.1837516,1.022007,-0.04959159,-2.721244,-0.1935782,0.06782021,1.020211,0.6537057,0.140701,0.7435538,-0.1867072,0.9821757,-0.02170867,-0.7333549,-0.1246357,0.6683237,moving,-42.24051,-7.530915,-10.74377,3.803238
2534,05/08/2023 17:08:35.462455,2775,True,True,True,True,Eyes,1.827834,0.1249737,-3.526805,-0.674418,-0.09570979,0.7321202,0.0,0.0,0.0,0.0,0.0,0.0,0.0,1.197778,0.1701997,3.782411,2.043366,0.1143425,-3.403212,0.02495852,-0.4086425,0.09330695,0.9075695,6.982232,312.0473,8.631553,0.4427273,0.03167702,-0.8960963,0.5358278,0.006220704,0.1899162,1.02415,-0.047794,-2.721124,-0.1908755,0.07031211,1.021643,0.6486102,0.1489668,0.7464005,-0.1897633,0.9813418,-0.03095519,-0.7370853,-0.1215616,0.6647767,moving,-42.6508,-7.448017,-10.58268,3.937037
2535,05/08/2023 17:08:35.472641,2776,True,True,True,True,Eyes,1.836616,0.124441,-3.520652,-0.6797403,-0.09375121,0.7274365,0.0,0.0,0.0,0.0,0.0,0.0,0.0,1.210609,0.1312221,3.772547,2.048246,0.1129593,-3.392172,0.01957009,-0.4118069,0.09669279,0.9059154,6.609117,311.6425,9.214846,0.4450326,0.03165721,-0.8949544,0.5305503,0.004333287,0.1963268,1.026284,-0.0460044,-2.721004,-0.1870355,0.07192117,1.023354,0.6421311,0.1590728,0.7499091,-0.1913092,0.980535,-0.04417982,-0.7423399,-0.1150952,0.6600642,moving,-43.0587,-7.343737,-10.35747,4.02013
2536,05/08/2023 17:08:35.493024,2777,True,True,True,True,Eyes,1.845206,0.1239069,-3.51429,-0.6851115,-0.09144621,0.7226754,0.0,0.0,0.0,0.0,0.0,0.0,0.0,1.215471,0.08697878,3.764468,2.052851,0.1116565,-3.380752,0.01358816,-0.4141771,0.09866611,0.9047309,6.103091,311.3218,9.684936,0.4473171,0.03162518,-0.8938158,0.5250608,0.002475319,0.2030065,1.028362,-0.04426074,-2.720888,-0.18201,0.07159465,1.025414,0.6374447,0.1672767,0.7521188,-0.1897883,0.9801608,-0.05714323,-0.746756,-0.1063177,0.6565455,moving,-43.47154,-7.211789,-10.06512,3.993924
2537,05/08/2023 17:08:35.512381,2778,True,True,True,True,Eyes,1.853598,0.1234333,-3.507707,-0.6904551,-0.0891151,0.717865,0.0,0.0,0.0,0.0,0.0,0.0,0.0,1.221923,0.05226865,3.754908,2.057084,0.111055,-3.369159,0.008889643,-0.416648,0.100841,0.9034138,5.744494,310.9913,10.11805,0.4495813,0.03158261,-0.8926806,0.519329,0.0007244039,0.2099142,1.030501,-0.04246626,-2.720768,-0.1759309,0.07368144,1.027601,0.6324711,0.1747946,0.7546041,-0.18961,0.9795042,-0.06796836,-0.7510183,-0.1000925,0.6526508,moving,-43.885,-7.076443,-9.715166,4.101227
2538,05/08/2023 17:08:35.529044,2779,True,True,True,True,Eyes,1.861806,0.1230953,-3.500881,-0.6960286,-0.08670963,0.7127591,0.0,0.0,0.0,0.0,0.0,0.0,0.0,1.233565,0.02205986,3.742749,2.060767,0.1119806,-3.357237,0.004850067,-0.4196718,0.1044721,0.9016306,5.533857,310.5972,10.67178,0.4518256,0.03153269,-0.8915485,0.5133448,-0.0007399159,0.2170682,1.032642,-0.04067055,-2.720649,-0.1691824,0.07773755,1.029939,0.6259223,0.1843196,0.7577912,-0.1924613,0.9781241,-0.07894205,-0.7557645,-0.09643393,0.6477041,moving,-44.3196,-6.936148,-9.328357,4.316375
2539,05/08/2023 17:08:35.542785,2780,True,True,True,True,Eyes,1.869839,0.1228247,-3.493819,-0.7018507,-0.08402225,0.7073513,0.0,0.0,0.0,0.0,0.0,0.0,0.0,1.255926,-0.01402336,3.726297,2.06445,0.1147657,-3.344805,0.0001347518,-0.4240774,0.1108148,0.8988206,5.407024,310.0292,11.53584,0.454052,0.03148039,-0.8904186,0.5071689,-0.001709441,0.2245219,1.034757,-0.03889544,-2.72053,-0.1621931,0.0783393,1.032525,0.615757,0.199091,0.7623688,-0.1993196,0.9754401,-0.09374588,-0.7623091,-0.09423035,0.6403168,moving,-44.77636,-6.7741,-8.927295,4.338807
2540,05/08/2023 17:08:35.562986,2781,True,True,True,True,Eyes,1.877749,0.1226487,-3.486518,-0.7076004,-0.08193269,0.7018466,0.0,0.0,0.0,0.0,0.0,0.0,0.0,1.295692,-0.07794347,3.70255,2.068395,0.1159937,-3.331975,-0.007560532,-0.4311896,0.1129088,0.8951368,4.809024,309.069,12.08689,0.4562628,0.03142814,-0.8892896,0.5008357,-0.002418533,0.2322365,1.036942,-0.03706303,-2.720408,-0.1559659,0.08039815,1.035117,0.6026541,0.2086577,0.7702402,-0.1956176,0.9743889,-0.1109056,-0.7736548,-0.0838348,0.6280366,moving,-45.2339,-6.658499,-8.568568,4.441281
2541,05/08/2023 17:08:35.572453,2782,True,True,True,True,Eyes,1.88549,0.1225836,-3.479023,-0.7132261,-0.08012974,0.6963389,0.0,0.0,0.0,0.0,0.0,0.0,0.0,1.312165,-0.03689882,3.688828,2.072916,0.1180114,-3.319592,-0.002066332,-0.4341226,0.1143102,0.8935695,5.483349,308.7505,11.94834,0.4584624,0.03137881,-0.8881594,0.4945163,-0.002801414,0.2402041,1.039125,-0.03523156,-2.720285,-0.150613,0.08197132,1.037488,0.5969415,0.2060823,0.7753651,-0.2024941,0.9738579,-0.1029421,-0.7763098,-0.09555645,0.6230665,moving,-45.68639,-6.56432,-8.259973,4.517521
2542,05/08/2023 17:08:35.592728,2783,True,True,True,True,Eyes,1.893044,0.1225768,-3.471354,-0.7189271,-0.07784609,0.6907125,0.0,0.0,0.0,0.0,0.0,0.0,0.0,1.324382,-0.02521878,3.675765,2.076659,0.1206521,-3.307386,-0.0002811363,-0.436874,0.1157735,0.8920413,5.776904,308.4212,11.99642,0.4606519,0.03133538,-0.8870273,0.48807,-0.002828706,0.2482788,1.041178,-0.03350943,-2.72017,-0.1458135,0.08282918,1.04019,0.5914752,0.2067951,0.7793542,-0.2063038,0.9731929,-0.1016584,-0.7794844,-0.1006553,0.6182821,moving,-46.14665,-6.430331,-7.97971,4.552794
2543,05/08/2023 17:08:35.612598,2784,True,True,True,True,Eyes,1.90045,0.1225719,-3.463561,-0.7244568,-0.07592706,0.6851258,0.0,0.0,0.0,0.0,0.0,0.0,0.0,1.329603,-0.07142994,3.664364,2.079812,0.1219425,-3.295455,-0.005467055,-0.4396895,0.1107299,0.8912813,5.027169,307.9995,11.71076,0.4628312,0.03129902,-0.8858934,0.4814458,-0.002679569,0.2563875,1.043312,-0.03171878,-2.720051,-0.1406198,0.08549123,1.042802,0.5888242,0.2021905,0.7825633,-0.1925753,0.975418,-0.1071189,-0.7849848,-0.08762815,0.6132866,moving,-46.59829,-6.323833,-7.679899,4.686755
2544,05/08/2023 17:08:35.632460,2785,True,True,True,True,Eyes,1.907711,0.122634,-3.455621,-0.7300251,-0.074492,0.6793485,0.0,0.0,0.0,0.0,0.0,0.0,0.0,1.341708,-0.03660643,3.652962,2.083711,0.1220804,-3.284646,-0.0007047748,-0.4420831,0.1091474,0.8903084,5.465682,307.7275,11.29516,0.465001,0.03126916,-0.8847575,0.4747767,-0.002533234,0.2643846,1.045476,-0.02990373,-2.71993,-0.134637,0.08965524,1.045853,0.5852988,0.1949729,0.7870266,-0.1937266,0.9761726,-0.0977594,-0.7873344,-0.09524953,0.6091241,moving,-47.05929,-6.257603,-7.33558,4.899675
2545,05/08/2023 17:08:35.642834,2786,True,True,True,True,Eyes,1.914816,0.1227498,-3.447567,-0.7355729,-0.07305224,0.6734952,0.0,0.0,0.0,0.0,0.0,0.0,0.0,1.358743,-0.01322031,3.639008,2.087145,0.123661,-3.273724,0.002607535,-0.4451632,0.1099936,0.8886644,5.886877,307.3618,11.19784,0.4671618,0.03124708,-0.8836192,0.4680739,-0.002195117,0.272341,1.047637,-0.02809053,-2.719809,-0.1289958,0.09436996,1.048663,0.5794622,0.1931733,0.7917749,-0.1978164,0.9757892,-0.0932958,-0.7906277,-0.1025647,0.6036458,moving,-47.52258,-6.190519,-7.012711,5.142236
2546,05/08/2023 17:08:35.662789,2787,True,True,True,True,Eyes,1.921778,0.1228896,-3.439409,-0.741143,-0.07167286,0.6675103,0.0,0.0,0.0,0.0,0.0,0.0,0.0,1.37834,-0.02933589,3.623806,2.090575,0.1250435,-3.2629,0.0008934343,-0.449083,0.1105034,0.8866299,5.787239,306.8487,11.31183,0.469314,0.03123355,-0.8824785,0.4613038,-0.001715997,0.2801604,1.049686,-0.02637185,-2.719694,-0.1230947,0.09960362,1.05205,0.5722269,0.1951488,0.7965383,-0.1967537,0.9755764,-0.09766611,-0.7961434,-0.1008347,0.5966474,moving,-47.99223,-6.128564,-6.673526,5.408397
2547,05/08/2023 17:08:35.682499,2788,True,True,True,True,Eyes,1.928604,0.1230659,-3.431136,-0.7466428,-0.0704328,0.6614861,0.0,0.0,0.0,0.0,0.0,0.0,0.0,1.397866,-0.03458217,3.608621,2.09434,0.1257848,-3.251967,0.0004206055,-0.4528699,0.1116882,0.8845534,5.848853,306.3633,11.43402,0.4714579,0.03122842,-0.8813352,0.4545128,-0.001193651,0.2878261,1.05197,-0.02445594,-2.719566,-0.1166282,0.1057113,1.05569,0.5648693,0.1972074,0.801269,-0.1979693,0.9750511,-0.1004164,-0.8010811,-0.1019046,0.5898174,moving,-48.46075,-6.077762,-6.304231,5.718242
2548,05/08/2023 17:08:35.692466,2789,True,True,True,True,Eyes,1.935318,0.1233072,-3.422724,-0.7522557,-0.06917532,0.6552298,0.0,0.0,0.0,0.0,0.0,0.0,0.0,1.413955,-0.04013252,3.594455,2.097955,0.1268375,-3.240908,-0.0002106381,-0.4562193,0.1139769,0.882538,5.94796,305.9364,11.68085,0.4735937,0.0312319,-0.8801892,0.4477195,-0.0005932125,0.2953745,1.054019,-0.02273684,-2.719451,-0.1103989,0.110385,1.059504,0.5577465,0.2013701,0.8052136,-0.2009857,0.9740184,-0.1043687,-0.8053097,-0.1036251,0.5837279,moving,-48.94348,-6.026628,-5.948679,5.947936
2549,05/08/2023 17:08:35.712625,2790,True,True,True,True,Eyes,1.941903,0.1235774,-3.414207,-0.7578623,-0.0676895,0.6488937,0.0,0.0,0.0,0.0,0.0,0.0,0.0,1.42888,-0.06613693,3.58039,2.101508,0.1285082,-3.229925,-0.003465975,-0.4597048,0.1167265,0.8803604,5.809245,305.4716,12.10986,0.4757242,0.03124497,-0.8790391,0.441,0.0001664202,0.3028884,1.056114,-0.02097918,-2.719334,-0.1051503,0.112656,1.063608,0.550093,0.2087094,0.8086026,-0.2023361,0.9727258,-0.113422,-0.8102209,-0.1012168,0.577319,moving,-49.42934,-5.955284,-5.646027,6.046153
2550,05/08/2023 17:08:35.729467,2791,True,True,True,True,Eyes,1.948389,0.1238373,-3.405608,-0.7634711,-0.06626378,0.6424335,0.0,0.0,0.0,0.0,0.0,0.0,0.0,1.444894,-0.1053287,3.565126,2.105067,0.1293827,-3.218834,-0.008252873,-0.4636237,0.1168069,0.8782604,5.382977,304.9244,12.34331,0.4778497,0.03126751,-0.8778847,0.4342943,0.0009670432,0.3102662,1.058258,-0.01918046,-2.719214,-0.1012616,0.1134016,1.067786,0.5428185,0.2128262,0.8124366,-0.1975213,0.9725761,-0.1228052,-0.8162925,-0.09381253,0.56997,moving,-49.9206,-5.888946,-5.417341,6.062237
2551,05/08/2023 17:08:35.742852,2792,True,True,True,True,Eyes,1.954779,0.1240916,-3.396944,-0.7689217,-0.06521334,0.6360084,0.0,0.0,0.0,0.0,0.0,0.0,0.0,1.461385,-0.1106383,3.551178,2.109188,0.1291557,-3.208332,-0.008751567,-0.4671042,0.116372,0.8764671,5.357784,304.4681,12.30404,0.4799713,0.03129832,-0.8767254,0.4276949,0.001688761,0.317448,1.060238,-0.01751954,-2.719103,-0.09998596,0.1110016,1.071632,0.5365426,0.2121682,0.816766,-0.1958166,0.9727619,-0.1240566,-0.8208397,-0.09337473,0.5634743,moving,-50.40438,-5.854383,-5.330407,5.913712
2552,05/08/2023 17:08:35.762446,2793,True,True,True,True,Eyes,1.961056,0.124381,-3.388274,-0.7743317,-0.06448806,0.6294852,0.0,0.0,0.0,0.0,0.0,0.0,0.0,1.475921,-0.08154365,3.539158,2.113316,0.1293628,-3.198092,-0.004888378,-0.4697899,0.1173101,0.8749353,5.835238,304.1566,12.17883,0.4820894,0.03133647,-0.8755612,0.421202,0.002350256,0.3243936,1.062408,-0.01569939,-2.718982,-0.1008696,0.1150749,1.074854,0.5310716,0.2098705,0.8209246,-0.2006844,0.9724289,-0.1187762,-0.8232185,-0.1016681,0.5585471,moving,-50.89096,-5.849301,-5.361215,6.110863
2553,05/08/2023 17:08:35.772651,2794,True,True,True,True,Eyes,1.967228,0.1247184,-3.379566,-0.7797474,-0.06382397,0.6228327,0.0,0.0,0.0,0.0,0.0,0.0,0.0,1.49488,-0.05814314,3.525398,2.117516,0.1307756,-3.188339,-0.001629727,-0.473039,0.1194009,0.8729118,6.32208,303.7688,12.19735,0.4842021,0.03138215,-0.8743929,0.4147608,0.003077516,0.3309402,1.064523,-0.01392469,-2.718863,-0.0955137,0.1128634,1.07942,0.5239551,0.2099947,0.8254534,-0.206911,0.9714816,-0.1158077,-0.8262318,-0.1101173,0.5524629,moving,-51.38346,-5.850888,-5.056711,5.969116
2554,05/08/2023 17:08:35.792883,2795,True,True,True,True,Eyes,1.97331,0.125101,-3.370836,-0.7852531,-0.06313597,0.6159475,0.0,0.0,0.0,0.0,0.0,0.0,0.0,1.523779,-0.061957,3.506477,2.121267,0.1322796,-3.178655,-0.001470799,-0.4779762,0.118887,0.8702888,6.378167,303.1242,12.101,0.486309,0.03143593,-0.873221,0.408392,0.003905086,0.3372078,1.066613,-0.01217181,-2.718746,-0.08815718,0.1114294,1.084547,0.5148094,0.2083379,0.8316049,-0.2055259,0.9717275,-0.1162103,-0.8323043,-0.1110902,0.5430732,moving,-51.88959,-5.852503,-4.647059,5.866148
2555,05/08/2023 17:08:35.812682,2796,True,True,True,True,Eyes,1.979287,0.1255228,-3.362089,-0.7907869,-0.06241021,0.6089014,0.0,0.0,0.0,0.0,0.0,0.0,0.0,1.558795,-0.05346653,3.485156,2.125298,0.1337767,-3.169262,0.0005352858,-0.483558,0.1166929,0.8674989,6.533509,302.3997,11.72791,0.4884093,0.03149822,-0.8720457,0.4021329,0.004818588,0.343163,1.06876,-0.01037022,-2.718626,-0.085787,0.1435599,1.086549,0.505109,0.2019442,0.8390968,-0.2029796,0.972765,-0.1119268,-0.8388469,-0.1137843,0.5323429,moving,-52.40393,-5.852175,-4.514344,7.526586
2556,05/08/2023 17:08:35.829396,2797,True,True,True,True,Eyes,1.985153,0.1259788,-3.353323,-0.7964544,-0.06127479,0.6015861,0.0,0.0,0.0,0.0,0.0,0.0,0.0,1.592789,-0.05501831,3.463522,2.128866,0.1351566,-3.160007,0.001303162,-0.4891732,0.1131793,0.8648112,6.487276,301.6532,11.28771,0.4905023,0.03156923,-0.8708677,0.3959367,0.00579467,0.3488159,1.071117,-0.008392877,-2.718494,-0.07811734,0.1395155,1.091341,0.4958,0.1944826,0.8463798,-0.1970324,0.9743775,-0.1084746,-0.8457899,-0.1129826,0.5214158,moving,-52.93515,-5.815827,-4.094206,7.2851
2557,05/08/2023 17:08:35.842751,2798,True,True,True,True,Eyes,1.990912,0.1264392,-3.344547,-0.8022057,-0.05996943,0.5940283,0.0,0.0,0.0,0.0,0.0,0.0,0.0,1.627126,-0.08049434,3.440609,2.132151,0.1363606,-3.150737,-0.001039206,-0.4951769,0.1089113,0.8619381,6.088773,300.8297,10.94401,0.4925869,0.03164901,-0.8696874,0.389779,0.006815051,0.3541848,1.073007,-0.006807273,-2.718388,-0.07504818,0.1340678,1.097004,0.4858765,0.1887787,0.8533971,-0.1867204,0.9762745,-0.1096521,-0.8538498,-0.1060692,0.5095977,moving,-53.48028,-5.764698,-3.913619,6.967718
2558,05/08/2023 17:08:35.862430,2799,True,True,True,True,Eyes,1.996556,0.1269026,-3.33576,-0.8080261,-0.05844336,0.5862406,0.0,0.0,0.0,0.0,0.0,0.0,0.0,1.666816,-0.1055982,3.414568,2.135452,0.1368879,-3.141626,-0.003520535,-0.5017726,0.1065657,0.858403,5.790966,299.9319,10.80355,0.4946615,0.03173679,-0.8685058,0.3836689,0.00778753,0.3592616,1.075156,-0.005004983,-2.718268,-0.06820399,0.1498261,1.10085,0.473736,0.1864857,0.8606958,-0.1794196,0.9772627,-0.1129876,-0.8621964,-0.1008994,0.4964237,moving,-54.0383,-5.693106,-3.545272,7.750358
2559,05/08/2023 17:08:35.872749,2800,True,True,True,True,Eyes,2.002096,0.1273545,-3.32695,-0.8138795,-0.05685426,0.5782453,0.0,0.0,0.0,0.0,0.0,0.0,0.0,1.708156,-0.1301446,3.386482,2.138606,0.137429,-3.132166,-0.005958597,-0.5086052,0.1046976,0.8545899,5.527019,299.001,10.71199,0.4967254,0.03183185,-0.8673236,0.3775807,0.008710422,0.3640666,1.077308,-0.003199344,-2.718147,-0.06585664,0.1376463,1.106068,0.4607185,0.1850081,0.8680499,-0.1728858,0.9780058,-0.1166838,-0.8705453,-0.09631514,0.4825706,moving,-54.60696,-5.615388,-3.407437,7.093791
2560,05/08/2023 17:08:35.892632,2801,True,True,True,True,Eyes,2.00753,0.1278068,-3.318123,-0.8196898,-0.05529929,0.5701321,0.0,0.0,0.0,0.0,0.0,0.0,0.0,1.74438,-0.1497702,3.360379,2.141768,0.1375765,-3.122714,-0.007958022,-0.5147237,0.1037161,0.8510224,5.349187,298.1673,10.69202,0.4987776,0.03193314,-0.8661412,0.3715473,0.00954334,0.368652,1.079383,-0.001458587,-2.718031,-0.06743574,0.1287656,1.111413,0.4486049,0.1847218,0.874432,-0.1683371,0.9783593,-0.1203152,-0.8777336,-0.09322535,0.4699923,moving,-55.17961,-5.540007,-3.472202,6.608685
2561,05/08/2023 17:08:35.912746,2802,True,True,True,True,Eyes,2.012867,0.1282621,-3.309279,-0.8255559,-0.05369167,0.5617604,0.0,0.0,0.0,0.0,0.0,0.0,0.0,1.776722,-0.1685042,3.335552,2.144832,0.1380571,-3.113145,-0.009981449,-0.5203312,0.104764,0.8474554,5.284793,297.4044,10.88016,0.5008183,0.03204009,-0.864959,0.3655544,0.01032776,0.3730153,1.081693,0.00047959,-2.717901,-0.07107136,0.1214209,1.115446,0.4365599,0.187953,0.8798234,-0.1671783,0.9778498,-0.1259416,-0.8840061,-0.09210631,0.4583117,moving,-55.76616,-5.459606,-3.64571,6.212421
2562,05/08/2023 17:08:35.929302,2803,True,True,True,True,Eyes,2.01812,0.1286978,-3.300393,-0.8313588,-0.05213059,0.5532857,0.0,0.0,0.0,0.0,0.0,0.0,0.0,1.815004,-0.2007299,3.306363,2.14799,0.1385365,-3.10379,-0.01368631,-0.5268971,0.105983,0.8431844,5.083306,296.4962,11.18115,0.5028465,0.03215221,-0.8637772,0.3596343,0.0110741,0.3771653,1.084307,0.002671933,-2.717755,-0.07238737,0.1115283,1.119569,0.4222941,0.193149,0.8856417,-0.1643039,0.9771606,-0.1347644,-0.8914438,-0.0886041,0.4443842,moving,-56.35545,-5.38252,-3.699392,5.688875
2563,05/08/2023 17:08:35.942876,2804,True,True,True,True,Eyes,2.023309,0.1291019,-3.291466,-0.8371888,-0.05073424,0.5445557,0.0,0.0,0.0,0.0,0.0,0.0,0.0,1.855594,-0.2297295,3.274605,2.151253,0.1384316,-3.093863,-0.01694675,-0.5338397,0.1060332,0.8387402,4.863466,295.5316,11.34232,0.504864,0.03226852,-0.8625954,0.3538126,0.01171656,0.3811944,1.08578,0.00390809,-2.717673,-0.07757518,0.109238,1.12338,0.4075444,0.1959623,0.8919116,-0.1597749,0.9769395,-0.1416373,-0.8990992,-0.0847816,0.4294561,moving,-56.95771,-5.322672,-3.950297,5.554004
2564,05/08/2023 17:08:35.962866,2805,True,True,True,True,Eyes,2.028418,0.1294969,-3.282498,-0.8429251,-0.04938228,0.5357599,0.0,0.0,0.0,0.0,0.0,0.0,0.0,1.896009,-0.2397254,3.243611,2.15504,0.1380885,-3.08384,-0.01781788,-0.5405205,0.1079306,0.834189,4.98819,294.6212,11.54214,0.506872,0.03238783,-0.8614125,0.3481507,0.01222592,0.3851041,1.087906,0.005691017,-2.717554,-0.08231345,0.1144384,1.125833,0.392377,0.1993308,0.8979464,-0.1608071,0.976067,-0.1464043,-0.9056388,-0.08695041,0.4150401,moving,-57.56012,-5.26621,-4.181648,5.804055
2565,05/08/2023 17:08:35.972773,2806,True,True,True,True,Eyes,2.033457,0.129866,-3.273487,-0.8486857,-0.04792437,0.5267217,0.0,0.0,0.0,0.0,0.0,0.0,0.0,1.933192,-0.2570624,3.212694,2.158459,0.1383075,-3.073538,-0.01955676,-0.5469761,0.1082481,0.82989,4.931134,293.7257,11.64277,0.5088714,0.03250967,-0.8602283,0.342591,0.01267728,0.3889022,1.090225,0.007636786,-2.717424,-0.08491254,0.1171305,1.128427,0.3781991,0.2010621,0.9036258,-0.1582738,0.9757998,-0.1508781,-0.9120937,-0.08595833,0.4008695,moving,-58.17493,-5.198808,-4.303316,5.926069
2566,05/08/2023 17:08:35.992774,2807,True,True,True,True,Eyes,2.038428,0.1301754,-3.26444,-0.8542839,-0.04644822,0.5177272,0.0,0.0,0.0,0.0,0.0,0.0,0.0,1.97055,-0.2784412,3.180652,2.161884,0.1380229,-3.063389,-0.02183593,-0.5535561,0.10665,0.8256661,4.704409,292.7992,11.59348,0.5108631,0.03263316,-0.8590423,0.337151,0.01302417,0.3925997,1.092135,0.009239009,-2.717317,-0.08360243,0.1161027,1.131309,0.3644029,0.2002895,0.9094474,-0.1519398,0.9762979,-0.1541319,-0.9187627,-0.08201517,0.3861977,moving,-58.78261,-5.126602,-4.226409,5.859573
2567,05/08/2023 17:08:36.012424,2808,True,True,True,True,Eyes,2.04334,0.1304296,-3.255344,-0.8599154,-0.04496473,0.5084523,0.0,0.0,0.0,0.0,0.0,0.0,0.0,2.012494,-0.291221,3.145537,2.16543,0.1369376,-3.053114,-0.02299581,-0.5606609,0.1035898,0.8212186,4.495934,291.8022,11.33413,0.512848,0.03275663,-0.8578541,0.331835,0.01317076,0.3961841,1.094295,0.01105087,-2.717196,-0.07962328,0.1147953,1.134068,0.3498571,0.1959255,0.9160859,-0.1443541,0.9774806,-0.1539267,-0.9256144,-0.07838836,0.3702612,moving,-59.40495,-5.053777,-4.016165,5.780041
2568,05/08/2023 17:08:36.029681,2809,True,True,True,True,Eyes,2.048206,0.1306252,-3.24618,-0.8653962,-0.04364808,0.4991835,0.0,0.0,0.0,0.0,0.0,0.0,0.0,2.055485,-0.2970466,3.10933,2.169031,0.1358664,-3.042702,-0.02326324,-0.5678414,0.101326,0.8165464,4.420927,290.7987,11.0968,0.5148274,0.03287869,-0.856663,0.3266621,0.01314311,0.3997015,1.096401,0.01281826,-2.717078,-0.0764327,0.1159695,1.136195,0.3345784,0.1918945,0.9226234,-0.1390551,0.9783837,-0.1530653,-0.932052,-0.0770832,0.3540299,moving,-60.02251,-4.997173,-3.848533,5.827902
2569,05/08/2023 17:08:36.042481,2810,True,True,True,True,Eyes,2.053029,0.1307486,-3.236962,-0.8708608,-0.04230723,0.4897057,0.0,0.0,0.0,0.0,0.0,0.0,0.0,2.096611,-0.3034982,3.073271,2.172765,0.1345973,-3.032138,-0.02369494,-0.5748497,0.09894513,0.8119091,4.317361,289.812,10.86209,0.5168033,0.03299804,-0.8554679,0.32166,0.01294126,0.403211,1.098624,0.01468262,-2.716953,-0.07264656,0.1186374,1.138451,0.3195155,0.1879109,0.9287623,-0.1334268,0.9792968,-0.1522334,-0.9381403,-0.07528086,0.3379728,moving,-60.64992,-4.937704,-3.651192,5.949287
2570,05/08/2023 17:08:36.067509,2811,True,True,True,True,Eyes,2.057817,0.1307998,-3.227661,-0.8760257,-0.04101507,0.4805172,0.0,0.0,0.0,0.0,0.0,0.0,0.0,2.131777,-0.3089203,3.040557,2.17665,0.1329846,-3.02149,-0.02415835,-0.5811,0.09693619,0.8076773,4.222792,288.9268,10.6708,0.518777,0.03311314,-0.8542679,0.31683,0.0125352,0.4066744,1.100755,0.01647021,-2.716834,-0.06766796,0.1129706,1.140971,0.3058525,0.1846631,0.9339988,-0.1285095,0.9800395,-0.1516835,-0.9433661,-0.07363491,0.3234785,moving,-61.25437,-4.878718,-3.394085,5.654579
2571,05/08/2023 17:08:36.072679,2812,True,True,True,True,Eyes,2.062575,0.1307816,-3.21827,-0.8811707,-0.03967072,0.4711308,0.0,0.0,0.0,0.0,0.0,0.0,0.0,2.162695,-0.317571,3.009523,2.180564,0.1312331,-3.010523,-0.02515733,-0.5868955,0.09608963,0.8035469,4.149489,288.0988,10.62837,0.5207517,0.03322264,-0.8530613,0.3121847,0.01193642,0.4101753,1.10301,0.01836248,-2.716708,-0.06236959,0.1022081,1.143642,0.2926409,0.1839545,0.9383614,-0.1248956,0.9802678,-0.1532193,-0.9480309,-0.07235895,0.3098415,moving,-61.86816,-4.813133,-3.121586,5.106997
2572,05/08/2023 17:08:36.092608,2813,True,True,True,True,Eyes,2.067303,0.1306726,-3.208809,-0.8860373,-0.03821209,0.4620364,0.0,0.0,0.0,0.0,0.0,0.0,0.0,2.192326,-0.3319359,2.977601,2.184679,0.129527,-2.998829,-0.02694872,-0.5927372,0.09518225,0.7992977,3.999974,287.2532,10.63516,0.5227293,0.03332537,-0.851847,0.3077272,0.0111657,0.4137394,1.104899,0.01994659,-2.716602,-0.05790621,0.09600714,1.145919,0.2792059,0.1841049,0.9424169,-0.1202109,0.9804282,-0.1559162,-0.9526771,-0.06975601,0.2958727,moving,-62.45959,-4.72781,-2.892841,4.789157
2573,05/08/2023 17:08:36.112684,2814,True,True,True,True,Eyes,2.072011,0.1304619,-3.199277,-0.8908002,-0.03684669,0.4528988,0.0,0.0,0.0,0.0,0.0,0.0,0.0,2.217212,-0.3425561,2.9498,2.188668,0.1271595,-2.988018,-0.02841647,-0.5977908,0.09321669,0.7957069,3.797238,286.5171,10.52833,0.5247111,0.03341969,-0.8506238,0.3034464,0.01016888,0.4172957,1.107025,0.02173034,-2.716483,-0.05392522,0.09110653,1.147869,0.2679136,0.1823205,0.9460348,-0.1143721,0.9810063,-0.1566705,-0.9566303,-0.0662258,0.2836773,moving,-63.0504,-4.651195,-2.689696,4.538062
2574,05/08/2023 17:08:36.131859,2815,True,True,True,True,Eyes,2.076701,0.1301832,-3.189668,-0.895264,-0.03561851,0.4441099,0.0,0.0,0.0,0.0,0.0,0.0,0.0,2.236936,-0.3339328,2.927411,2.192957,0.1245305,-2.976669,-0.02743054,-0.6019474,0.09206153,0.7927368,3.861335,285.9285,10.33434,0.5266991,0.03350378,-0.849391,0.2993624,0.008926687,0.420856,1.109219,0.02357101,-2.71636,-0.05142224,0.0892478,1.149325,0.258368,0.1789846,0.949321,-0.1129376,0.9815445,-0.1543228,-0.9594223,-0.06734201,0.2738138,moving,-63.61556,-4.585423,-2.561776,4.440241
2575,05/08/2023 17:08:36.143078,2816,True,True,True,True,Eyes,2.081382,0.1298499,-3.179986,-0.899657,-0.03433139,0.4352456,0.0,0.0,0.0,0.0,0.0,0.0,0.0,2.255148,-0.3316216,2.905143,2.19729,0.1226622,-2.965197,-0.02720499,-0.6060313,0.09170847,0.789668,3.910067,285.3425,10.26653,0.5286946,0.03357691,-0.8481475,0.2954711,0.007554952,0.4244309,1.111323,0.02533652,-2.716242,-0.04991573,0.09102561,1.150558,0.2486314,0.1778126,0.9521372,-0.1118643,0.9816989,-0.1541222,-0.9621168,-0.06819056,0.263972,moving,-64.18274,-4.510049,-2.484158,4.523494
2576,05/08/2023 17:08:36.162645,2817,True,True,True,True,Eyes,2.086053,0.1294569,-3.170216,-0.9038374,-0.03307533,0.4265959,0.0,0.0,0.0,0.0,0.0,0.0,0.0,2.27359,-0.338617,2.881371,2.201638,0.1210416,-2.953694,-0.02821449,-0.6103155,0.09019769,0.7865008,3.768003,284.7136,10.17775,0.5306994,0.03363877,-0.8468919,0.2917869,0.006101817,0.4280095,1.113428,0.02710216,-2.716124,-0.04869944,0.09010641,1.151363,0.2387589,0.1763206,0.9549373,-0.1074416,0.9821367,-0.1544795,-0.9651168,-0.06571665,0.253438,moving,-64.73348,-4.433454,-2.422007,4.474882
2577,05/08/2023 17:08:36.173016,2818,True,True,True,True,Eyes,2.090723,0.1290162,-3.160357,-0.9079362,-0.03189789,0.4178928,0.0,0.0,0.0,0.0,0.0,0.0,0.0,2.29291,-0.338185,2.857367,2.206287,0.1192265,-2.941841,-0.02823496,-0.6146735,0.0894163,0.7831885,3.766877,284.0804,10.0873,0.5327153,0.03368891,-0.8456233,0.2882937,0.004556609,0.4316401,1.115713,0.02901852,-2.715996,-0.04538095,0.08985563,1.152207,0.2283626,0.1747702,0.957761,-0.1053491,0.982415,-0.1541502,-0.9678596,-0.06569704,0.2427587,moving,-65.28496,-4.364941,-2.255492,4.459224
2578,05/08/2023 17:08:36.192605,2819,True,True,True,True,Eyes,2.095396,0.128533,-3.150373,-0.911872,-0.03060234,0.4093324,0.0,0.0,0.0,0.0,0.0,0.0,0.0,2.309058,-0.3362915,2.835662,2.210981,0.1176168,-2.92977,-0.02807268,-0.6186188,0.08911764,0.7801157,3.810677,283.5068,10.02988,0.534744,0.03372726,-0.8443404,0.2850051,0.002961062,0.4353196,1.117718,0.03070109,-2.715884,-0.04241335,0.08998407,1.152651,0.2187375,0.1737767,0.9601851,-0.1043116,0.98254,-0.1540596,-0.9701921,-0.06645981,0.2330453,moving,-65.82505,-4.27557,-2.107326,4.463861
2579,05/08/2023 17:08:36.212498,2820,True,True,True,True,Eyes,2.100067,0.1279982,-3.140296,-0.9157373,-0.02916644,0.4007173,0.0,0.0,0.0,0.0,0.0,0.0,0.0,2.322681,-0.3475186,2.813969,2.215648,0.1159803,-2.917445,-0.02974796,-0.6224632,0.0881166,0.7771038,3.638675,282.93,10.04007,0.5367888,0.03375389,-0.8430409,0.2819245,0.001333709,0.4391518,1.119872,0.03250832,-2.715763,-0.04073048,0.08967514,1.152867,0.2095501,0.1739855,0.9621944,-0.09991747,0.9827011,-0.1559332,-0.9726796,-0.06346418,0.2233093,moving,-66.3663,-4.162964,-2.023403,4.447768
2580,05/08/2023 17:08:36.232607,2821,True,True,True,True,Eyes,2.10472,0.1274212,-3.130128,-0.9194716,-0.02762195,0.3921847,0.0,0.0,0.0,0.0,0.0,0.0,0.0,2.335029,-0.362633,2.792553,2.220322,0.1141646,-2.905057,-0.03202095,-0.6262103,0.08645763,0.7741837,3.365261,282.3592,10.03632,0.5388502,0.03376853,-0.8417242,0.2790209,-0.0003505875,0.443033,1.122077,0.03435754,-2.71564,-0.03853756,0.08632781,1.152867,0.2007716,0.1739719,0.9640666,-0.09376449,0.9829995,-0.1578615,-0.9751405,-0.0587011,0.2136708,moving,-66.90018,-4.028744,-1.914547,4.282373
2581,05/08/2023 17:08:36.242952,2822,True,True,True,True,Eyes,2.109342,0.1269156,-3.119872,-0.9230774,-0.02635457,0.3837103,0.0,0.0,0.0,0.0,0.0,0.0,0.0,2.346285,-0.3724151,2.772209,2.224614,0.1125608,-2.892631,-0.03355965,-0.6297284,0.08503395,0.7714176,3.171198,281.8263,10.00455,0.5409293,0.03377121,-0.8403895,0.2762378,-0.002060605,0.4469552,1.124144,0.03609147,-2.715524,-0.03608149,0.08521397,1.152894,0.1924226,0.1734603,0.9658598,-0.08892643,0.983286,-0.1588736,-0.9772747,-0.05531959,0.2046316,moving,-67.42803,-3.929105,-1.79257,4.227221
2582,05/08/2023 17:08:36.263087,2823,True,True,True,True,Eyes,2.113928,0.126519,-3.109528,-0.926717,-0.02473375,0.3749452,0.0,0.0,0.0,0.0,0.0,0.0,0.0,2.351099,-0.3722379,2.758395,2.228561,0.1137965,-2.880197,-0.03332428,-0.632212,0.08847135,0.7690062,3.474951,281.4645,10.2844,0.5430258,0.03376509,-0.8390367,0.273531,-0.003453713,0.4509068,1.12625,0.03785886,-2.715406,-0.03267753,0.08599556,1.15233,0.1849616,0.178206,0.9664533,-0.093934,0.9821246,-0.1631184,-0.9782463,-0.06061215,0.198395,moving,-67.97198,-3.774123,-1.624346,4.267931
2583,05/08/2023 17:08:36.273124,2824,True,True,True,True,Eyes,2.118449,0.1261448,-3.099064,-0.9303802,-0.02274399,0.3658896,0.0,0.0,0.0,0.0,0.0,0.0,0.0,2.371928,-0.4372339,2.720501,2.23243,0.1159431,-2.867255,-0.04163303,-0.6380853,0.09074689,0.763465,2.994368,280.514,11.06702,0.5451391,0.03375412,-0.8376657,0.2708756,-0.004436319,0.4548845,1.128461,0.03971379,-2.715282,-0.03098267,0.0846009,1.15156,0.1692242,0.191695,0.9667554,-0.08543329,0.9800634,-0.1793792,-0.9818677,-0.05223778,0.1822277,moving,-68.53183,-3.556975,-1.541168,4.201762
2584,05/08/2023 17:08:36.293215,2825,True,True,True,True,Eyes,2.122973,0.1258274,-3.088497,-0.9338783,-0.02167499,0.3569333,0.0,0.0,0.0,0.0,0.0,0.0,0.0,2.39674,-0.4730982,2.680827,2.235507,0.1160069,-2.853782,-0.04641319,-0.6441246,0.08680848,0.7585604,2.373672,279.5577,11.04939,0.5472695,0.03373947,-0.836276,0.2681886,-0.005292689,0.4589818,1.13049,0.04141518,-2.715169,-0.030316,0.08554877,1.150533,0.1551356,0.1914907,0.9691566,-0.07190719,0.9806202,-0.1822453,-0.9852728,-0.04141654,0.1658987,moving,-69.08288,-3.475055,-1.509367,4.252445
2585,05/08/2023 17:08:36.312716,2826,True,True,True,True,Eyes,2.127432,0.1256507,-3.077841,-0.9373072,-0.02069814,0.3478891,0.0,0.0,0.0,0.0,0.0,0.0,0.0,2.411007,-0.4062992,2.669144,2.240115,0.1172445,-2.840863,-0.03682686,-0.6469542,0.09153879,0.7561182,3.597783,279.2362,10.74547,0.5494183,0.03372314,-0.8348665,0.2656678,-0.005927312,0.4631452,1.132649,0.04322669,-2.715048,-0.0306372,0.08503109,1.149385,0.1461417,0.1860788,0.9716054,-0.09077769,0.9805288,-0.1741337,-0.9850898,-0.0627519,0.160188,moving,-69.63718,-3.404877,-1.526874,4.231012
2586,05/08/2023 17:08:36.329711,2827,True,True,True,True,Eyes,2.131824,0.1255688,-3.06706,-0.9407765,-0.01887976,0.3385012,0.0,0.0,0.0,0.0,0.0,0.0,0.0,2.421684,-0.4309526,2.644452,2.243081,0.1204166,-2.827982,-0.03959551,-0.6507953,0.09476167,0.7522752,3.656087,278.6328,11.21591,0.5515843,0.03370939,-0.8334376,0.2631038,-0.006101767,0.4673241,1.134802,0.04503309,-2.714927,-0.03219604,0.0839836,1.147732,0.1349712,0.1941109,0.9716502,-0.09103657,0.9789048,-0.1829144,-0.9866588,-0.06376747,0.1497951,moving,-70.21074,-3.192339,-1.606834,4.185077
2587,05/08/2023 17:08:36.342865,2828,True,True,True,True,Eyes,2.136172,0.1255484,-3.056185,-0.9441678,-0.01751463,0.3289991,0.0,0.0,0.0,0.0,0.0,0.0,0.0,2.435573,-0.4854063,2.610759,2.245845,0.1222194,-2.815126,-0.04685544,-0.655649,0.09186004,0.7479912,2.886693,277.8182,11.48522,0.553767,0.03370081,-0.8319892,0.2604954,-0.005981351,0.4716285,1.136985,0.046864,-2.714805,-0.03459775,0.08436076,1.145968,0.1233722,0.1988624,0.972231,-0.07597955,0.9787326,-0.1905508,-0.9894477,-0.05036097,0.1358579,moving,-70.7889,-3.047328,-1.729284,4.210251
2588,05/08/2023 17:08:36.362760,2829,True,True,True,True,Eyes,2.140432,0.1256474,-3.045232,-0.9475057,-0.01606812,0.3193349,0.0,0.0,0.0,0.0,0.0,0.0,0.0,2.45594,-0.472445,2.582644,2.249206,0.123754,-2.801901,-0.0444888,-0.6603162,0.0954128,0.7435723,3.430856,277.1362,11.59581,0.5559665,0.03369879,-0.830521,0.2579083,-0.005683625,0.4759565,1.139082,0.04862367,-2.714688,-0.03868055,0.08512533,1.143573,0.1097581,0.200646,0.973496,-0.08313929,0.9778342,-0.1921665,-0.9904752,-0.05984392,0.1240068,moving,-71.3748,-2.880548,-1.937252,4.257136
2589,05/08/2023 17:08:36.372563,2830,True,True,True,True,Eyes,2.144598,0.1258132,-3.034222,-0.950736,-0.01431103,0.309671,0.0,0.0,0.0,0.0,0.0,0.0,0.0,2.46947,-0.474456,2.557323,2.251433,0.1267188,-2.788957,-0.04426208,-0.6642408,0.09508228,0.7401246,3.485512,276.5379,11.53208,0.5581804,0.03370629,-0.8290344,0.2552133,-0.005045732,0.4802565,1.141205,0.05040471,-2.714569,-0.04267704,0.08401486,1.141083,0.09948711,0.1995468,0.9748249,-0.0819441,0.9780005,-0.1918339,-0.991659,-0.06079613,0.1136501,moving,-71.95869,-2.645965,-2.141891,4.210935
2590,05/08/2023 17:08:36.392898,2831,True,True,True,True,Eyes,2.148661,0.1260048,-3.023184,-0.9538409,-0.01223664,0.3000629,0.0,0.0,0.0,0.0,0.0,0.0,0.0,2.477692,-0.4936959,2.533885,2.253421,0.1284238,-2.776484,-0.04690097,-0.6676359,0.09058157,0.7374672,2.967825,275.9848,11.33183,0.5604061,0.03372447,-0.8275308,0.2524011,-0.004245482,0.4844716,1.143187,0.05206687,-2.714458,-0.05008137,0.08490315,1.138095,0.09211475,0.1962274,0.9762222,-0.07097632,0.9791905,-0.1901268,-0.9932156,-0.05177516,0.1041254,moving,-72.53726,-2.335243,-2.51965,4.266425
2591,05/08/2023 17:08:36.412629,2832,True,True,True,True,Eyes,2.152623,0.1262245,-3.012123,-0.9568573,-0.01012166,0.2903817,0.0,0.0,0.0,0.0,0.0,0.0,0.0,2.485467,-0.499949,2.513331,2.255064,0.1292323,-2.764472,-0.04782206,-0.6706463,0.08727276,0.7350715,2.679729,275.5088,11.10791,0.5626395,0.03375314,-0.8260127,0.2494457,-0.00341609,0.4885168,1.145369,0.05389768,-2.714335,-0.05727971,0.08951547,1.134235,0.08523405,0.1924468,0.9775988,-0.06416006,0.980193,-0.1873636,-0.994293,-0.04675305,0.09589327,moving,-73.11829,-1.996316,-2.891023,4.512512
2592,05/08/2023 17:08:36.429317,2833,True,True,True,True,Eyes,2.15647,0.1264713,-3.001035,-0.9598452,-0.008007179,0.2804158,0.0,0.0,0.0,0.0,0.0,0.0,0.0,2.499879,-0.5113336,2.485216,2.256666,0.1301021,-2.75276,-0.0492504,-0.6747066,0.08580896,0.7314249,2.50725,274.8629,11.07937,0.5648775,0.0337922,-0.8244823,0.2463643,-0.002551972,0.492388,1.147456,0.05564836,-2.714219,-0.0645088,0.09277368,1.130392,0.07481593,0.1919847,0.978542,-0.05906648,0.9804224,-0.1878376,-0.9954464,-0.0437458,0.08469106,moving,-73.71444,-1.635617,-3.266193,4.691873
2593,05/08/2023 17:08:36.442890,2834,True,True,True,True,Eyes,2.160209,0.1267275,-2.989925,-0.962756,-0.006104124,0.2703029,0.0,0.0,0.0,0.0,0.0,0.0,0.0,2.516964,-0.527198,2.45255,2.257814,0.1309289,-2.741018,-0.0512292,-0.6792792,0.08517191,0.7271184,2.361921,274.1273,11.16426,0.5671164,0.03384152,-0.8229417,0.2431217,-0.001658519,0.4961091,1.14959,0.05743894,-2.714099,-0.06916445,0.09355778,1.126233,0.06265105,0.1934579,0.9791061,-0.05426225,0.9802427,-0.1902104,-0.9965594,-0.04121161,0.07191067,moving,-74.31741,-1.293664,-3.514248,4.748739
2594,05/08/2023 17:08:36.462623,2835,True,True,True,True,Eyes,2.163843,0.1270229,-2.978773,-0.9656262,-0.004585941,0.2598941,0.0,0.0,0.0,0.0,0.0,0.0,0.0,2.536068,-0.5342592,2.419197,2.259088,0.1314216,-2.729255,-0.05183315,-0.6840509,0.08712338,0.7223553,2.539594,273.3728,11.3601,0.5693544,0.03390049,-0.8213927,0.2397539,-0.0007904658,0.4996727,1.15175,0.05925102,-2.713978,-0.07207358,0.09379704,1.12208,0.04896773,0.1967811,0.9792238,-0.05495505,0.9794456,-0.1940776,-0.9972874,-0.04430976,0.05877537,moving,-74.93607,-1.010903,-3.67518,4.778365
2595,05/08/2023 17:08:36.472875,2836,True,True,True,True,Eyes,2.167361,0.1273553,-2.967613,-0.9684226,-0.003192624,0.2492938,0.0,0.0,0.0,0.0,0.0,0.0,0.0,2.556289,-0.5348451,2.385533,2.260233,0.1325659,-2.717574,-0.05130433,-0.6889009,0.09041647,0.7173622,2.92154,272.6151,11.57618,0.5715892,0.03396943,-0.8198363,0.2362684,0.000143164,0.5031477,1.154125,0.06124298,-2.713845,-0.07368666,0.09037559,1.117433,0.03448094,0.2004099,0.9791052,-0.0590355,0.9783854,-0.1981835,-0.9976602,-0.05096839,0.04556698,moving,-75.5642,-0.7337282,-3.772781,4.623895
2596,05/08/2023 17:08:36.493059,2837,True,True,True,True,Eyes,2.170756,0.1277211,-2.956467,-0.9711215,-0.002017222,0.238577,0.0,0.0,0.0,0.0,0.0,0.0,0.0,2.580189,-0.5384496,2.346504,2.261101,0.1338034,-2.706087,-0.05131158,-0.6943449,0.09052094,0.7120803,3.016847,271.7505,11.56327,0.5738179,0.03404856,-0.8182746,0.2326481,0.001131819,0.5064393,1.155994,0.06281076,-2.713741,-0.0781959,0.08422124,1.112851,0.01938237,0.2001722,0.979569,-0.05766049,0.9783462,-0.1987814,-0.9981481,-0.05262958,0.03050473,moving,-76.19741,-0.4844372,-4.019356,4.32793
2597,05/08/2023 17:08:36.512787,2838,True,True,True,True,Eyes,2.174028,0.1281158,-2.945328,-0.9737149,-0.0009220801,0.2277683,0.0,0.0,0.0,0.0,0.0,0.0,0.0,2.602797,-0.5244661,2.312073,2.261613,0.1350902,-2.694838,-0.04896202,-0.6992288,0.08906637,0.7076363,3.167833,270.9964,11.23433,0.5760372,0.03413791,-0.8167101,0.2288744,0.002161291,0.5094925,1.158049,0.06453492,-2.713625,-0.08207664,0.08034391,1.107683,0.006292453,0.1945245,0.9808776,-0.05758189,0.9793398,-0.1938502,-0.9983212,-0.05526095,0.01736356,moving,-76.83428,-0.2319507,-4.237735,4.148588
2598,05/08/2023 17:08:36.529323,2839,True,True,True,True,Eyes,2.177175,0.1285317,-2.934237,-0.9761997,0.0001842201,0.2168734,0.0,0.0,0.0,0.0,0.0,0.0,0.0,2.624464,-0.5135148,2.277367,2.262013,0.136223,-2.683775,-0.04711536,-0.704043,0.08710836,0.7032182,3.232698,270.2415,10.90352,0.5782441,0.03423741,-0.8151448,0.2249581,0.003215764,0.5123397,1.160303,0.06642567,-2.713499,-0.08419877,0.07792824,1.101884,-0.00652876,0.1888548,0.9819833,-0.05616989,0.9803845,-0.1889208,-0.9983999,-0.05639131,0.004207291,moving,-77.47454,0.04866909,-4.369679,4.04538
2599,05/08/2023 17:08:36.543074,2840,True,True,True,True,Eyes,2.180207,0.128946,-2.923165,-0.9785706,0.001151708,0.2059082,0.0,0.0,0.0,0.0,0.0,0.0,0.0,2.642949,-0.5073316,2.244759,2.262199,0.1372987,-2.673033,-0.04605494,-0.7084495,0.08462633,0.6991544,3.182006,269.5384,10.5954,0.5804349,0.03434665,-0.8135818,0.2208999,0.004270448,0.5148723,1.162354,0.0681462,-2.713384,-0.08337837,0.0751379,1.096378,-0.0181246,0.1835889,0.9828361,-0.05307854,0.9814346,-0.184306,-0.9984259,-0.05550796,-0.008043432,moving,-78.11732,0.3204695,-4.348912,3.920512
2600,05/08/2023 17:08:36.562941,2841,True,True,True,True,Eyes,2.183133,0.1293633,-2.912126,-0.9808054,0.001933119,0.1949796,0.0,0.0,0.0,0.0,0.0,0.0,0.0,2.663039,-0.4950407,2.211157,2.262556,0.1376973,-2.662317,-0.04406442,-0.7130253,0.08367603,0.6947313,3.330783,268.8123,10.33515,0.5826073,0.03446461,-0.8120225,0.2167425,0.005257247,0.5171943,1.164523,0.06996594,-2.713263,-0.07776886,0.06334556,1.091718,-0.03081368,0.1791028,0.9833478,-0.05342661,0.9821132,-0.1805521,-0.9980964,-0.05810039,-0.02069369,moving,-78.75645,0.5680384,-4.074601,3.320793
2601,05/08/2023 17:08:36.572831,2842,True,True,True,True,Eyes,2.185941,0.1297956,-2.901109,-0.9829047,0.002451501,0.1840989,0.0,0.0,0.0,0.0,0.0,0.0,0.0,2.680329,-0.4733623,2.182634,2.262969,0.138294,-2.651786,-0.0406467,-0.7169923,0.08379488,0.6908317,3.669467,268.1935,10.04494,0.5847598,0.03459049,-0.8104683,0.2125156,0.006193688,0.5192811,1.166625,0.07172922,-2.713145,-0.08032358,0.07601749,1.085842,-0.04219897,0.174063,0.98383,-0.05748957,0.9826525,-0.1763206,-0.9974539,-0.06400048,-0.03146006,moving,-79.39137,0.7629179,-4.230668,4.004623
2602,05/08/2023 17:08:36.592713,2843,True,True,True,True,Eyes,2.188626,0.1302512,-2.890103,-0.9848824,0.002892043,0.1732004,0.0,0.0,0.0,0.0,0.0,0.0,0.0,2.693326,-0.4569365,2.157267,2.262994,0.1391838,-2.641228,-0.03791485,-0.7204246,0.08471496,0.6872948,4.010778,267.6503,9.874923,0.586891,0.03472399,-0.8089207,0.2081882,0.007119049,0.5211748,1.168745,0.07350819,-2.713027,-0.08354154,0.08100431,1.079931,-0.05237654,0.1710779,0.9838643,-0.06181872,0.9827717,-0.1741788,-0.9967121,-0.06994412,-0.04089841,moving,-80.02601,0.9566172,-4.423489,4.289652
2603,05/08/2023 17:08:36.612434,2844,True,True,True,True,Eyes,2.191187,0.1307216,-2.87912,-0.9867279,0.003217325,0.1623507,0.0,0.0,0.0,0.0,0.0,0.0,0.0,2.704633,-0.4527017,2.131055,2.262795,0.1401391,-2.630872,-0.03701304,-0.7238209,0.08479049,0.6837572,4.136359,267.0935,9.786458,0.5889995,0.03486502,-0.8073807,0.2037514,0.008058492,0.5229226,1.170861,0.07528339,-2.712908,-0.0887661,0.06712751,1.074869,-0.0622122,0.1695338,0.9835588,-0.06237058,0.9828812,-0.1733621,-0.9961122,-0.07213037,-0.05057328,moving,-80.65659,1.13529,-4.720955,3.573584
2604,05/08/2023 17:08:36.629758,2845,True,True,True,True,Eyes,2.193605,0.1312172,-2.868164,-0.9884586,0.003713237,0.1514457,0.0,0.0,0.0,0.0,0.0,0.0,0.0,2.713843,-0.4520884,2.106052,2.262447,0.1409894,-2.620351,-0.03660852,-0.7270027,0.0855442,0.6803008,4.276638,266.5652,9.793294,0.5910845,0.03501333,-0.8058491,0.199211,0.008986227,0.5244963,1.173095,0.07715756,-2.712783,-0.09166944,0.07665296,1.069573,-0.07170166,0.1696206,0.9828976,-0.06316257,0.982684,-0.1741913,-0.9954243,-0.07457212,-0.05974634,moving,-81.28922,1.404531,-4.898654,4.099201
2605,05/08/2023 17:08:36.642779,2846,True,True,True,True,Eyes,2.19587,0.1317193,-2.857225,-0.9900573,0.004334131,0.1405981,0.0,0.0,0.0,0.0,0.0,0.0,0.0,2.722678,-0.4600649,2.078932,2.261454,0.1420501,-2.610028,-0.03753109,-0.7302981,0.08508018,0.6767701,4.213198,266.0046,9.813272,0.5931441,0.03516895,-0.8043275,0.1945111,0.009933892,0.5258946,1.175233,0.0789512,-2.712663,-0.0928213,0.08441907,1.06425,-0.08114785,0.1699772,0.9821014,-0.06034166,0.9827056,-0.1750676,-0.994874,-0.07346794,-0.06948769,moving,-81.91747,1.765663,-4.984585,4.535354
2606,05/08/2023 17:08:36.662597,2847,True,True,True,True,Eyes,2.197971,0.1321977,-2.846324,-0.9915308,0.005228981,0.1297664,0.0,0.0,0.0,0.0,0.0,0.0,0.0,2.729018,-0.4706113,2.053375,2.260108,0.1426749,-2.599407,-0.03905917,-0.7333133,0.08352811,0.6736091,4.007285,265.4838,9.801306,0.5951774,0.03533137,-0.8028169,0.1896368,0.0108441,0.5271583,1.177379,0.080751,-2.712543,-0.09281811,0.08271273,1.05987,-0.08945046,0.1698158,0.9814078,-0.05524538,0.9829949,-0.1751257,-0.994458,-0.0698833,-0.07854778,moving,-82.54381,2.307504,-5.004908,4.462343
2607,05/08/2023 17:08:36.682599,2848,True,True,True,True,Eyes,2.199909,0.1326408,-2.835443,-0.9928716,0.006189026,0.1190282,0.0,0.0,0.0,0.0,0.0,0.0,0.0,2.733582,-0.4828438,2.029323,2.258266,0.142578,-2.589144,-0.04103795,-0.7360327,0.08143952,0.6707754,3.717081,265.0067,9.789182,0.5971819,0.03549911,-0.8013195,0.1845614,0.01162866,0.528231,1.179506,0.0825352,-2.712424,-0.09297198,0.08475965,1.055496,-0.09675287,0.1696658,0.9807408,-0.0488447,0.983367,-0.1749388,-0.9941093,-0.0648298,-0.08685635,moving,-83.16385,2.976489,-5.033833,4.59118
2608,05/08/2023 17:08:36.692930,2849,True,True,True,True,Eyes,2.201679,0.1330453,-2.824636,-0.9940888,0.007313355,0.1083235,0.0,0.0,0.0,0.0,0.0,0.0,0.0,2.738007,-0.4904183,2.005875,2.256334,0.1421502,-2.578657,-0.04228751,-0.738691,0.0804218,0.667892,3.573375,264.5435,9.801304,0.5991567,0.03567054,-0.7998364,0.179302,0.01226033,0.5291793,1.181456,0.08417121,-2.712315,-0.09413528,0.08747679,1.051041,-0.1042643,0.169901,0.9799299,-0.04495134,0.9834883,-0.1753007,-0.9935333,-0.06232674,-0.09490537,moving,-83.78116,3.862409,-5.117973,4.757687
2609,05/08/2023 17:08:36.712629,2850,True,True,True,True,Eyes,2.203254,0.1334035,-2.813853,-0.9951814,0.008546771,0.09767725,0.0,0.0,0.0,0.0,0.0,0.0,0.0,2.743623,-0.4981236,1.980443,2.25397,0.1417963,-2.568514,-0.04349753,-0.741525,0.07965475,0.6647585,3.457105,264.0482,9.8298,0.6010994,0.03584401,-0.7983698,0.1738525,0.01273827,0.5298496,1.183849,0.0861785,-2.712181,-0.09498358,0.08577685,1.046695,-0.1124083,0.1704113,0.9789404,-0.04139332,0.9835262,-0.1759627,-0.9927996,-0.06030127,-0.1035027,moving,-84.39436,5.000651,-5.185172,4.684931
2610,05/08/2023 17:08:36.729740,2851,True,True,True,True,Eyes,2.204631,0.1337052,-2.803082,-0.9961637,0.009779789,0.08696081,0.0,0.0,0.0,0.0,0.0,0.0,0.0,2.749588,-0.5055277,1.953229,2.250904,0.1410097,-2.558212,-0.04485334,-0.7444641,0.07782352,0.6615928,3.240333,263.5315,9.789574,0.6030088,0.03601794,-0.7969207,0.1681471,0.01304852,0.5304083,1.185721,0.08774918,-2.712076,-0.09618953,0.07886603,1.043198,-0.1205663,0.1697583,0.9780827,-0.03619157,0.9838634,-0.1752229,-0.9920454,-0.05652432,-0.1124769,moving,-85.01097,6.416637,-5.268142,4.323352
2611,05/08/2023 17:08:36.742820,2852,True,True,True,True,Eyes,2.205806,0.1339411,-2.792333,-0.997022,0.01098588,0.07633074,0.0,0.0,0.0,0.0,0.0,0.0,0.0,2.75583,-0.505406,1.927249,2.247611,0.1398735,-2.548137,-0.04510404,-0.7472804,0.07647087,0.6585515,3.146184,263.044,9.693903,0.6048841,0.03619054,-0.7954904,0.1621888,0.01317067,0.5308955,1.188022,0.08967958,-2.711947,-0.09718996,0.08039902,1.039516,-0.1285513,0.1681307,0.9773468,-0.03330929,0.9842356,-0.173697,-0.9911434,-0.05488367,-0.1209244,moving,-85.62205,8.190035,-5.341362,4.422606
2612,05/08/2023 17:08:36.762833,2853,True,True,True,True,Eyes,2.206771,0.1340968,-2.781622,-0.9977662,0.01211299,0.06569555,0.0,0.0,0.0,0.0,0.0,0.0,0.0,2.761829,-0.5026435,1.901254,2.243964,0.1385359,-2.537824,-0.04494807,-0.7500768,0.07557368,0.6554791,3.121132,262.5614,9.598928,0.6067249,0.03636004,-0.7940796,0.1559816,0.01308831,0.531289,1.189943,0.09129092,-2.711839,-0.09919056,0.0905292,1.035604,-0.1366533,0.166503,0.9765257,-0.03164493,0.9845365,-0.1722972,-0.9901133,-0.05444708,-0.1292712,moving,-86.23293,10.4469,-5.471126,4.995917
2613,05/08/2023 17:08:36.773194,2854,True,True,True,True,Eyes,2.207521,0.134159,-2.770935,-0.9983867,0.01312508,0.05524154,0.0,0.0,0.0,0.0,0.0,0.0,0.0,2.767074,-0.494948,1.877286,2.239911,0.1368013,-2.527836,-0.04416338,-0.7526112,0.07442906,0.6527529,3.117095,262.1286,9.432509,0.6085294,0.03652426,-0.79269,0.1495195,0.01277003,0.5315467,1.192197,0.09318233,-2.711713,-0.09928709,0.09974039,1.031985,-0.1439267,0.1636433,0.9759642,-0.03069186,0.9850198,-0.1696878,-0.9891124,-0.05437676,-0.1367482,moving,-86.83301,13.36534,-5.495502,5.520437
2614,05/08/2023 17:08:36.792652,2855,True,True,True,True,Eyes,2.208062,0.1341225,-2.760316,-0.9988974,0.01388729,0.04484393,0.0,0.0,0.0,0.0,0.0,0.0,0.0,2.769893,-0.482206,1.857308,2.2355,0.1346533,-2.517703,-0.04263112,-0.7546781,0.07405402,0.6505073,3.228042,261.782,9.261825,0.6102979,0.03668104,-0.7913219,0.1427971,0.01219051,0.5317131,1.194263,0.09491505,-2.711597,-0.09660712,0.09993821,1.029347,-0.150046,0.1606909,0.9755331,-0.03199982,0.9853972,-0.1672376,-0.9881612,-0.05631018,-0.1427128,moving,-87.42952,17.20673,-5.361666,5.545407
2615,05/08/2023 17:08:36.813101,2856,True,True,True,True,Eyes,2.208384,0.1339704,-2.74972,-0.9992913,0.01461685,0.03468745,0.0,0.0,0.0,0.0,0.0,0.0,0.0,2.770144,-0.4707821,1.840861,2.230943,0.1324034,-2.507881,-0.04132504,-0.7562941,0.07382642,0.6487383,3.32793,261.5107,9.123508,0.6120287,0.0368281,-0.7899774,0.1358543,0.01134956,0.5316678,1.196362,0.09667594,-2.71148,-0.09258339,0.1012268,1.027154,-0.1548619,0.1582958,0.9751719,-0.03328028,0.9856839,-0.1652872,-0.9873754,-0.0580507,-0.1473768,moving,-88.01195,22.84994,-5.150485,5.62837
2616,05/08/2023 17:08:36.830077,2857,True,True,True,True,Eyes,2.208484,0.1337067,-2.739169,-0.9995806,0.01521149,0.02464321,0.0,0.0,0.0,0.0,0.0,0.0,0.0,2.768051,-0.4646158,1.825593,2.225994,0.129483,-2.497789,-0.04096715,-0.7576764,0.07338693,0.6471961,3.335324,261.2711,9.052396,0.6137212,0.03696301,-0.7886568,0.1286672,0.01021225,0.5315573,1.198655,0.09859944,-2.711351,-0.08857554,0.0989937,1.02483,-0.1589181,0.1570711,0.9747173,-0.03291178,0.9858721,-0.1642346,-0.9867431,-0.05817952,-0.1515035,moving,-88.58775,31.68575,-4.939768,5.517379
2617,05/08/2023 17:08:36.842894,2858,True,True,True,True,Eyes,2.208364,0.1333659,-2.728655,-0.9997661,0.01567463,0.01490407,0.0,0.0,0.0,0.0,0.0,0.0,0.0,2.7634,-0.4560345,1.81476,2.220721,0.1266163,-2.487984,-0.04016044,-0.7585272,0.07383599,0.646198,3.446128,261.1277,9.011583,0.6153751,0.03708375,-0.7873612,0.1212469,0.008808485,0.5313154,1.20069,0.1003072,-2.711237,-0.08431318,0.09053269,1.02312,-0.1616307,0.1563509,0.9743869,-0.03449975,0.9858708,-0.1639164,-0.986248,-0.06011003,-0.1539529,moving,-89.14592,46.44351,-4.71098,5.056753
2618,05/08/2023 17:08:36.862450,2859,True,True,True,True,Eyes,2.208008,0.1329536,-2.718194,-0.9998541,0.01631507,0.005055428,0.9312336,1.27691,0.1481467,-2.713486,0.2355245,-0.8758352,-0.4212374,-0.07132751,0.09657156,0.9602646,2.215341,0.124442,-2.478313,-0.04009481,-0.7591617,0.07535657,0.645281,3.593126,261.0151,9.116397,0.6169906,0.0371896,-0.7860909,0.1136137,0.007257518,0.5309793,1.202679,0.1019759,-2.711126,-0.07786885,0.08459831,1.021466,-0.16401,0.1581292,0.9737022,-0.03637544,0.9854276,-0.1661605,-0.9857878,-0.06267081,-0.1558679,moving,-89.7103,72.78375,-4.359366,4.73446
2619,05/08/2023 17:08:36.872684,2860,True,True,True,True,Eyes,2.207418,0.1324492,-2.707756,-0.999844,0.01705071,-0.004611397,0.9285212,1.279042,0.1482811,-2.712038,0.3777225,-0.867085,-0.324791,-0.0768209,0.09551194,0.9539763,2.209241,0.1222949,-2.468833,-0.04315853,-0.7602401,0.07491501,0.6438636,3.343983,260.7973,9.344383,0.6185666,0.03728007,-0.7848471,0.1057269,0.005585077,0.5305045,1.204891,0.1038313,-2.711002,-0.07080445,0.07942437,1.019319,-0.1671544,0.1620917,0.9725151,-0.03084839,0.9850501,-0.1694832,-0.985448,-0.05833038,-0.1596552,moving,89.73575,-74.86629,-3.973527,4.455432
2620,05/08/2023 17:08:36.892850,2861,True,True,True,True,Eyes,2.206587,0.1318595,-2.697342,-0.9997348,0.01783749,-0.01456604,0.9267315,1.280101,0.1483901,-2.71084,0.4482872,-0.8596833,-0.2449148,-0.08164294,0.09615754,0.9488193,2.203067,0.1195274,-2.458906,-0.04675958,-0.7615406,0.07544238,0.6420107,3.145088,260.5313,9.691424,0.620104,0.03735421,-0.7836294,0.09761441,0.003736625,0.5299866,1.207015,0.1056129,-2.710883,-0.06512114,0.07653227,1.017001,-0.1712713,0.1680883,0.9707791,-0.02565101,0.984244,-0.1749452,-0.9848897,-0.05486458,-0.1642612,moving,89.16527,-50.76504,-3.663791,4.303562
2621,05/08/2023 17:08:36.913003,2862,True,True,True,True,Eyes,2.205515,0.1312035,-2.686946,-0.9995292,0.01853841,-0.02444687,0.9253471,1.280604,0.148358,-2.709568,0.4817022,-0.8616033,-0.1600085,-0.08394924,0.09986858,0.9437355,2.196473,0.1168365,-2.449092,-0.04962949,-0.7634398,0.07761651,0.6392749,3.156146,260.1618,10.09499,0.621603,0.03741134,-0.7824382,0.08926345,0.001743601,0.5294305,1.209174,0.1074246,-2.710762,-0.06020224,0.075791,1.014365,-0.1777292,0.1750148,0.9683915,-0.02345831,0.9830252,-0.1819648,-0.9837998,-0.05505728,-0.1706067,moving,88.59892,-37.17357,-3.396501,4.273067
2622,05/08/2023 17:08:36.930033,2863,True,True,True,True,Eyes,2.20419,0.1304879,-2.676589,-0.9992148,0.01939428,-0.03455019,0.9239636,1.280952,0.1484075,-2.708512,0.505006,-0.8584483,-0.08964179,-0.085749,0.1037334,0.9388263,2.189663,0.1145734,-2.439053,-0.05204878,-0.7656931,0.07974571,0.6361176,3.204687,259.731,10.45399,0.6230645,0.03745147,-0.7812729,0.080694,-0.0003290863,0.5288527,1.211354,0.1092529,-2.71064,-0.05300224,0.07229551,1.012263,-0.1852906,0.1811621,0.9658403,-0.0217485,0.9818631,-0.1883398,-0.982443,-0.05590319,-0.17799,moving,88.01965,-29.30709,-2.997279,4.085111
2623,05/08/2023 17:08:36.942716,2864,True,True,True,True,Eyes,2.202614,0.1297401,-2.666246,-0.9987968,0.02027894,-0.04465013,0.9225898,1.281134,0.1484493,-2.70744,0.5171413,-0.8557069,-0.01818351,-0.08668333,0.1058065,0.9337666,2.182155,0.1124731,-2.42906,-0.05521866,-0.7682966,0.08135738,0.632497,3.162151,259.2256,10.83909,0.6244881,0.03747479,-0.7801344,0.07187697,-0.002456137,0.528193,1.213435,0.1109988,-2.710524,-0.04567343,0.06874451,1.010145,-0.1937973,0.1877652,0.9629054,-0.01806797,0.9806638,-0.1948644,-0.9808752,-0.05516193,-0.1866574,moving,87.44036,-24.42633,-2.58885,3.89321
2624,05/08/2023 17:08:36.962751,2865,True,True,True,True,Eyes,2.200773,0.128973,-2.655949,-0.998253,0.02151487,-0.05502775,0.9207314,1.28165,0.1487825,-2.706615,0.5514662,-0.8333855,0.03679143,-0.08780509,0.1062988,0.928679,2.174553,0.1109169,-2.418962,-0.05840213,-0.7711257,0.08204184,0.6286681,3.043724,258.6754,11.15699,0.6258751,0.03748234,-0.7790218,0.06283437,-0.004552168,0.5275292,1.21556,0.1127813,-2.710405,-0.03835046,0.07170109,1.00802,-0.2027313,0.1932249,0.9599814,-0.01308341,0.9797166,-0.1999603,-0.979147,-0.05309804,-0.1960912,moving,86.84482,-21.35462,-2.178786,4.068631
2625,05/08/2023 17:08:36.972601,2866,True,True,True,True,Eyes,2.19866,0.1282758,-2.645695,-0.9976109,0.02262487,-0.06527438,0.918904,1.281951,0.1490659,-2.705676,0.5715864,-0.8145016,0.099378,-0.08823961,0.1057549,0.9233097,2.166282,0.1097275,-2.409227,-0.06056163,-0.7743028,0.08168748,0.6245917,2.914696,258.0714,11.30796,0.6272244,0.03747539,-0.7779362,0.05354182,-0.006580284,0.526768,1.217768,0.1146341,-2.710281,-0.03228012,0.07097888,1.005652,-0.2124353,0.1958287,0.9573519,-0.008256543,0.9793189,-0.2021543,-0.9771405,-0.05084911,-0.206425,moving,86.25643,-19.11692,-1.838488,4.037239
2626,05/08/2023 17:08:36.992947,2867,True,True,True,True,Eyes,2.196283,0.1277083,-2.635517,-0.9968295,0.02399457,-0.075863,0.9165249,1.282663,0.1497,-2.705048,0.6191909,-0.7724218,0.1413054,-0.09178615,0.1075949,0.9166359,2.157655,0.1107221,-2.399935,-0.06070463,-0.7765007,0.08252543,0.6217322,3.019629,257.6682,11.37126,0.6285354,0.03745781,-0.7768781,0.04399143,-0.008277053,0.5259236,1.219839,0.1163715,-2.710165,-0.026382,0.06755286,1.003706,-0.2195277,0.1968918,0.9555318,-0.008343061,0.979009,-0.2036462,-0.9755704,-0.05267806,-0.2132769,moving,85.64793,-17.55155,-1.50565,3.850397
2627,05/08/2023 17:08:37.012858,2868,True,True,True,True,Eyes,2.193611,0.1271608,-2.625371,-0.9958943,0.02608646,-0.08668268,0.913394,1.283967,0.150988,-2.704547,0.7059585,-0.6863824,0.174648,-0.09300172,0.1020232,0.9103045,2.148751,0.1133119,-2.390792,-0.06701391,-0.7793248,0.08322089,0.6174433,2.691464,257.0604,11.97286,0.6298074,0.03743487,-0.7758485,0.03421941,-0.009482917,0.5249017,1.221916,0.1181141,-2.710049,-0.01950514,0.06499343,1.001829,-0.2285459,0.2072196,0.951224,0.001682849,0.9771669,-0.2124668,-0.9735318,-0.04695764,-0.2236762,moving,85.02551,-16.74875,-1.115381,3.711848
2628,05/08/2023 17:08:37.030489,2869,True,True,True,True,Eyes,2.190726,0.1266195,-2.615233,-0.9948547,0.02758363,-0.09748447,0.9108912,1.284522,0.1517452,-2.704031,0.7429152,-0.6359129,0.2090261,-0.09239432,0.08473441,0.9055887,2.138996,0.1130403,-2.381256,-0.07676589,-0.7835692,0.0769878,0.6117184,1.53183,256.1233,12.39025,0.6310399,0.03740795,-0.7748477,0.02415181,-0.01055662,0.5238454,1.224138,0.1199781,-2.709924,-0.01216105,0.06491059,0.9997273,-0.2398155,0.2144924,0.9468272,0.02611306,0.9763598,-0.2145687,-0.9704673,-0.02673232,-0.2397472,moving,84.40353,-15.79908,-0.6969323,3.714903
2629,05/08/2023 17:08:37.043015,2870,True,True,True,True,Eyes,2.187629,0.1262176,-2.605142,-0.9937389,0.02835629,-0.1080682,0.9088057,1.284513,0.1519879,-2.703355,0.7424414,-0.6198224,0.2541671,-0.09571594,0.09906143,0.8996493,2.131022,0.112737,-2.371354,-0.07152854,-0.7856485,0.08175473,0.609062,2.368727,255.8224,12.24903,0.6322351,0.03737786,-0.7738742,0.01404739,-0.01154703,0.5228288,1.226185,0.1216951,-2.70981,-0.005505562,0.06459504,0.9979346,-0.2478547,0.21198,0.9453216,0.01280519,0.9763997,-0.2155916,-0.9687128,-0.04133035,-0.2447198,moving,83.79353,-14.70254,-0.3160951,3.703517
2630,05/08/2023 17:08:37.062970,2871,True,True,True,True,Eyes,2.184318,0.1259635,-2.595154,-0.9924633,0.02952437,-0.1189326,0.9062058,1.284942,0.1527187,-2.702931,0.7708816,-0.5709928,0.2823274,-0.0986768,0.1124434,0.8927866,2.122838,0.1158211,-2.362319,-0.06882342,-0.787293,0.08947005,0.6061588,3.293021,255.5494,12.54422,0.6333935,0.03734935,-0.7729277,0.003911942,-0.01206008,0.5217344,1.22831,0.1234776,-2.709691,-0.0005877316,0.06525864,0.996192,-0.2556701,0.2168345,0.9421337,-9.770924e-05,0.9745169,-0.2243141,-0.9667642,-0.05744244,-0.2491336,moving,83.1665,-13.94154,-0.03380326,3.747982
2631,05/08/2023 17:08:37.072547,2872,True,True,True,True,Eyes,2.18084,0.125753,-2.585221,-0.9910635,0.03050851,-0.1298554,0.903685,1.285231,0.1533231,-2.702569,0.7901815,-0.5307348,0.3064858,-0.1006114,0.1009598,0.8885219,2.114197,0.1191308,-2.354097,-0.0736392,-0.7904087,0.08602229,0.6020228,2.712283,254.8926,12.72264,0.6345143,0.03732685,-0.772009,-0.006255531,-0.01209858,0.5203931,1.230605,0.1254027,-2.709562,0.003339916,0.06681752,0.9942629,-0.2642916,0.2199849,0.9390188,0.01283539,0.9743548,-0.2246505,-0.9643573,-0.04732058,-0.2603374,moving,82.53527,-13.22141,0.1924666,3.844672
2632,05/08/2023 17:08:37.092707,2873,True,True,True,True,Eyes,2.17721,0.1255866,-2.575361,-0.9895036,0.0311617,-0.1411085,0.9012256,1.285444,0.1536704,-2.702532,0.8043271,-0.5075466,0.3089569,-0.099143,0.1030852,0.8847113,2.106698,0.1200014,-2.345352,-0.07244729,-0.7944439,0.08653117,0.5967604,2.924556,254.1491,12.63105,0.6355984,0.0373112,-0.7711174,-0.01631363,-0.01200419,0.5189692,1.232713,0.1271714,-2.709444,0.006493181,0.06700733,0.9927019,-0.2772574,0.2183873,0.9356472,0.01183386,0.9745275,-0.2239556,-0.960723,-0.05102098,-0.2727793,moving,81.88404,-12.45304,0.3747616,3.861605
2633,05/08/2023 17:08:37.112873,2874,True,True,True,True,Eyes,2.173446,0.1254757,-2.56557,-0.9878336,0.03156242,-0.1522781,0.8988606,1.285521,0.153846,-2.702447,0.8094425,-0.4958214,0.3145854,-0.09635451,0.1076011,0.8809638,2.099287,0.1209921,-2.336846,-0.06828132,-0.7989987,0.08720664,0.5910449,3.361829,253.3446,12.27272,0.6366473,0.03730311,-0.770252,-0.0262253,-0.0117831,0.5174097,1.234683,0.1288242,-2.709334,0.008363098,0.06708071,0.9915566,-0.2920076,0.2121994,0.9325789,0.006027277,0.9754653,-0.2200706,-0.9563972,-0.05864131,-0.2861222,moving,81.23663,-11.70979,0.483239,3.870272
2634,05/08/2023 17:08:37.131034,2875,True,True,True,True,Eyes,2.169552,0.1254255,-2.55588,-0.9859987,0.03206239,-0.1636415,0.8963489,1.285753,0.1541646,-2.70256,0.8249261,-0.4745731,0.3070461,-0.09710094,0.1116487,0.8771963,2.0923,0.1222825,-2.328617,-0.06354652,-0.8024581,0.0871942,0.5868732,3.747059,252.7472,11.81594,0.6376618,0.0373036,-0.7694123,-0.03594352,-0.0114088,0.5157378,1.236839,0.1306328,-2.709213,0.007963657,0.07269683,0.9901432,-0.3030837,0.2043307,0.9308004,-0.0003570205,0.976718,-0.2145269,-0.952964,-0.06535188,-0.2959544,moving,80.57679,-11.08557,0.4608163,4.199151
2635,05/08/2023 17:08:37.143175,2876,True,True,True,True,Eyes,2.165509,0.1254196,-2.546268,-0.9839975,0.0329127,-0.1751167,0.8936263,1.286183,0.1548312,-2.702757,0.8535784,-0.4301353,0.2939177,-0.09656635,0.1101807,0.8738823,2.08507,0.1237452,-2.320724,-0.06368671,-0.8061302,0.08638241,0.5819247,3.735418,252.0336,11.75038,0.6386413,0.03731367,-0.7685989,-0.04546704,-0.01087501,0.5138636,1.239046,0.1324845,-2.70909,0.007346839,0.07736398,0.9888781,-0.3146155,0.2032156,0.9272113,0.002143429,0.9769642,-0.2133926,-0.9492169,-0.0651492,-0.3078036,moving,79.90903,-10.64441,0.4256694,4.473372
2636,05/08/2023 17:08:37.162849,2877,True,True,True,True,Eyes,2.161335,0.125436,-2.536728,-0.9817983,0.03397484,-0.1868633,0.8908296,1.286721,0.1557018,-2.703191,0.8895177,-0.3721724,0.2650395,-0.09554857,0.1013877,0.8712538,2.077394,0.1247144,-2.312848,-0.06780858,-0.81024,0.08257516,0.5762764,3.190642,251.1753,11.85134,0.6395873,0.03733379,-0.7678108,-0.05486761,-0.01024021,0.5118681,1.24109,0.134199,-2.708975,0.006671771,0.07832114,0.988198,-0.3266149,0.2050547,0.9226457,0.0147102,0.9771667,-0.2119644,-0.945043,-0.05565844,-0.3221736,moving,79.22392,-10.30476,0.3868238,4.531592
2637,05/08/2023 17:08:37.172937,2878,True,True,True,True,Eyes,2.157022,0.125475,-2.527248,-0.9794607,0.03501181,-0.198572,0.8880982,1.287164,0.1565689,-2.7036,0.9190433,-0.314353,0.2377846,-0.09368661,0.09781119,0.8686262,2.069923,0.1252261,-2.304648,-0.07029615,-0.8144249,0.08092018,0.5702829,2.959465,250.3114,11.95087,0.6405006,0.03736371,-0.7670476,-0.06409753,-0.009576538,0.5097777,1.243369,0.1361106,-2.708848,0.006208211,0.08211385,0.987422,-0.3396719,0.2067966,0.9175284,0.02220708,0.9770207,-0.2119842,-0.9402818,-0.05162942,-0.3364588,moving,78.53941,-9.999496,0.3602306,4.75377
2638,05/08/2023 17:08:37.192663,2879,True,True,True,True,Eyes,2.152578,0.1255355,-2.517809,-0.976952,0.03592953,-0.2104138,0.8854579,1.287529,0.1573496,-2.704122,0.9433861,-0.2623292,0.2029925,-0.09443229,0.09765812,0.8653313,2.062212,0.1258035,-2.296539,-0.07045811,-0.8177996,0.08012758,0.5655256,2.944287,249.6362,11.89634,0.6413825,0.03740324,-0.7663085,-0.07319352,-0.00888509,0.5076296,1.245239,0.1376796,-2.708743,0.004469618,0.08639917,0.987131,-0.3504332,0.2058696,0.9136819,0.0246128,0.9772304,-0.2107483,-0.9362645,-0.05136489,-0.3475209,moving,77.84543,-9.690168,0.2594271,5.002096
2639,05/08/2023 17:08:37.212939,2880,True,True,True,True,Eyes,2.148021,0.1256164,-2.508448,-0.9743363,0.03669837,-0.2220854,0.8829024,1.287777,0.1580175,-2.704528,0.9600031,-0.2178116,0.1759317,-0.09604728,0.09725907,0.8624092,2.054869,0.1261995,-2.288605,-0.07039381,-0.8208075,0.07897152,0.5613229,2.901181,249.0337,11.79898,0.6422332,0.03745215,-0.7655933,-0.08213142,-0.008170354,0.5054888,1.247421,0.1395098,-2.708621,0.002131656,0.08730254,0.9869146,-0.3599228,0.2042166,0.9103577,0.02690248,0.9776164,-0.2086681,-0.9325942,-0.05061353,-0.3573604,moving,77.15965,-9.383016,0.1237541,5.05523
2640,05/08/2023 17:08:37.222818,2881,True,True,True,True,Eyes,2.143375,0.1257309,-2.499173,-0.9715694,0.03720555,-0.2338136,0.880448,1.287959,0.1584885,-2.705033,0.9721207,-0.1864145,0.142236,-0.09853491,0.09998342,0.8591013,2.047556,0.1268008,-2.281041,-0.06878516,-0.8233647,0.07926432,0.5577243,3.084035,248.54,11.65267,0.6430545,0.03751025,-0.7649008,-0.09087493,-0.007437393,0.5032426,1.249587,0.1413271,-2.708499,-0.0006758869,0.08669227,0.987007,-0.3684247,0.2016858,0.9075165,0.02485527,0.9779716,-0.2072532,-0.9293253,-0.05380061,-0.3653218,moving,76.46876,-9.041378,-0.03923524,5.019607
2641,05/08/2023 17:08:37.242900,2882,True,True,True,True,Eyes,2.138615,0.1258938,-2.489977,-0.9686634,0.03769798,-0.2454996,0.8780185,1.288111,0.1589933,-2.705531,0.9822254,-0.1527577,0.1090788,-0.09838432,0.1023137,0.8566019,2.040634,0.1277902,-2.273502,-0.06773111,-0.8266485,0.07999891,0.5528699,3.288806,247.8835,11.58189,0.6438463,0.03757766,-0.7642311,-0.0993599,-0.006647648,0.5008743,1.251618,0.1430308,-2.708385,-0.003986388,0.08721419,0.9869014,-0.3794949,0.2004376,0.9032212,0.02352165,0.9780253,-0.2071549,-0.9248949,-0.05736895,-0.3758703,moving,75.77832,-8.729933,-0.2314334,5.050208
2642,05/08/2023 17:08:37.263716,2883,True,True,True,True,Eyes,2.133772,0.1260781,-2.480871,-0.9656383,0.03803411,-0.2570915,0.8756484,1.288213,0.1593826,-2.705992,0.9888367,-0.1267848,0.07827871,-0.09856841,0.1011139,0.8539954,2.033095,0.1292449,-2.266119,-0.0660931,-0.8302154,0.07855704,0.5479079,3.325748,247.1758,11.31234,0.6446099,0.03765509,-0.7635834,-0.1076784,-0.005760269,0.4984078,1.253938,0.144977,-2.708256,-0.008538112,0.09412662,0.9856441,-0.3908576,0.1958271,0.8993789,0.02365898,0.9789209,-0.2028644,-0.9201472,-0.05801267,-0.3872517,moving,75.09142,-8.415298,-0.4963105,5.455065
2643,05/08/2023 17:08:37.273143,2884,True,True,True,True,Eyes,2.128825,0.1263118,-2.471855,-0.9624872,0.03840395,-0.2685955,0.8732954,1.28829,0.1598498,-2.706419,0.9941626,-0.09566408,0.04989131,-0.09944257,0.1015978,0.8517142,2.026045,0.1300339,-2.258696,-0.06325395,-0.8335184,0.07711606,0.5434143,3.428855,246.533,10.92933,0.6453441,0.03774211,-0.7629586,-0.1157467,-0.00486176,0.4958233,1.256032,0.1467344,-2.708138,-0.005500242,0.08505198,0.9860802,-0.4013999,0.1892586,0.896136,0.02163475,0.9801041,-0.1973015,-0.9156476,-0.0598091,-0.3975082,moving,74.40749,-8.137035,-0.319586,4.929709
2644,05/08/2023 17:08:37.292982,2885,True,True,True,True,Eyes,2.1238,0.1265886,-2.46294,-0.9591567,0.03884481,-0.2801956,0.8710228,1.288352,0.1604233,-2.706997,0.9982855,-0.05742575,0.01133178,-0.1005673,0.09984551,0.8492392,2.018574,0.1313244,-2.251783,-0.06163743,-0.8366976,0.07513014,0.5389744,3.398511,245.893,10.62934,0.6460498,0.03783941,-0.7623563,-0.1236427,-0.003868925,0.4931206,1.257986,0.1483734,-2.708029,-0.004192948,0.07546717,0.9859642,-0.4114149,0.1841302,0.8926555,0.02215733,0.9811125,-0.1921644,-0.9111788,-0.05928043,-0.4077242,moving,73.71549,-7.892869,-0.2436567,4.37697
2645,05/08/2023 17:08:37.313026,2886,True,True,True,True,Eyes,2.118667,0.1269076,-2.454124,-0.9556197,0.03950549,-0.2919421,0.8688613,1.288366,0.1612324,-2.707782,0.9991542,-0.00349249,-0.0409722,-0.09868094,0.09583045,0.847927,2.011527,0.1326302,-2.245049,-0.06186016,-0.8407027,0.07259657,0.5330311,3.216985,245.0467,10.46826,0.6467277,0.03794742,-0.7617759,-0.131301,-0.002806288,0.4902782,1.260199,0.1502294,-2.707905,-0.007886037,0.09814472,0.984534,-0.4241026,0.1814045,0.8872598,0.02661956,0.9818061,-0.1880111,-0.9052231,-0.05611748,-0.4212154,moving,73.01207,-7.706431,-0.4589247,5.692807
2646,05/08/2023 17:08:37.330732,2887,True,True,True,True,Eyes,2.113436,0.1272388,-2.445409,-0.9519002,0.04020635,-0.303759,0.8668561,1.288275,0.1620919,-2.708724,0.9931421,0.05380556,-0.1037968,-0.0950771,0.0895883,0.8466212,2.003744,0.1339106,-2.238465,-0.06258094,-0.8454076,0.06890422,0.5259488,2.904739,244.035,10.2837,0.6473769,0.03806631,-0.7612184,-0.1388224,-0.001680944,0.4873095,1.262306,0.1519971,-2.707787,-0.009458043,0.09821519,0.983681,-0.4389234,0.1782929,0.8806579,0.03333263,0.9826717,-0.182333,-0.8979062,-0.05067556,-0.4372605,moving,72.3017,-7.539994,-0.5508791,5.701775
2647,05/08/2023 17:08:37.342846,2888,True,True,True,True,Eyes,2.108089,0.1275914,-2.436775,-0.9479833,0.04098351,-0.315671,0.8650546,1.288031,0.1630444,-2.709848,0.9768838,0.1172949,-0.1787176,-0.09148723,0.08603015,0.8454417,1.99585,0.1346015,-2.231594,-0.06317048,-0.8500088,0.06639263,0.5187357,2.712883,243.0303,10.16416,0.6479976,0.03819552,-0.7606836,-0.1461851,-0.0005863733,0.4842178,1.264368,0.1537268,-2.707671,-0.01035115,0.08493404,0.9841324,-0.4538458,0.1762714,0.8734717,0.03851046,0.983203,-0.1784062,-0.8902479,-0.04733107,-0.4530108,moving,71.58264,-7.397324,-0.6026175,4.932602
2648,05/08/2023 17:08:37.362992,2889,True,True,True,True,Eyes,2.102633,0.1279614,-2.428217,-0.9438883,0.0416645,-0.3276262,0.8634823,1.287602,0.1639379,-2.711116,0.9483626,0.1768837,-0.2632879,-0.08879685,0.0833333,0.8441077,1.987629,0.1354422,-2.224806,-0.06460197,-0.8541653,0.06488716,0.5118769,2.562675,242.0947,10.19314,0.6485891,0.03833464,-0.7601723,-0.1534557,0.0005064936,0.4810649,1.266533,0.1555433,-2.70755,-0.009628527,0.09465244,0.983111,-0.4676173,0.17679,0.8660713,0.04393303,0.9832325,-0.1769852,-0.8828387,-0.0447122,-0.4675435,moving,70.85797,-7.24745,-0.5611333,5.499401
2649,05/08/2023 17:08:37.372623,2890,True,True,True,True,Eyes,2.097066,0.1283287,-2.419736,-0.9395875,0.04234919,-0.339679,0.8622743,1.286884,0.1648454,-2.712632,0.9004851,0.2373835,-0.3643841,-0.08608001,0.08021607,0.8434294,1.97952,0.1361979,-2.218009,-0.06662105,-0.8582665,0.06327783,0.504912,2.369452,241.1491,10.27712,0.6491525,0.03848347,-0.7596838,-0.160617,0.001586047,0.4778765,1.26884,0.1574789,-2.707421,-0.01213381,0.09495967,0.9817939,-0.4812509,0.1782567,0.8582668,0.05045775,0.9831151,-0.175894,-0.8751293,-0.04134296,-0.4821195,moving,70.1241,-7.106633,-0.7080718,5.524497
2650,05/08/2023 17:08:37.393073,2891,True,True,True,True,Eyes,2.091394,0.1286927,-2.411326,-0.9351419,0.04275643,-0.3516841,0.8613567,1.285903,0.1655213,-2.714251,0.835008,0.2824083,-0.4722364,-0.08283538,0.07937216,0.842809,1.971211,0.1364957,-2.211261,-0.06769542,-0.8624339,0.06256899,0.4977051,2.323323,240.1878,10.32286,0.6496883,0.03864125,-0.7592177,-0.1676805,0.002593004,0.4746463,1.270813,0.1591341,-2.70731,-0.01695768,0.08666143,0.9815543,-0.4954141,0.1790475,0.8500041,0.05448384,0.9830049,-0.175308,-0.8669468,-0.04053852,-0.4967496,moving,69.38994,-6.931787,-0.9897636,5.045561
2651,05/08/2023 17:08:37.412520,2892,True,True,True,True,Eyes,2.085601,0.1290511,-2.40298,-0.930459,0.04321727,-0.3638381,0.8613992,1.284104,0.1662784,-2.71639,0.7150416,0.3328508,-0.6147566,-0.07878965,0.07877949,0.8434306,1.962894,0.1368112,-2.204369,0.06883926,0.8668044,-0.06200714,-0.4899656,2.294645,239.1636,10.38418,0.650196,0.03880685,-0.7587744,-0.1746356,0.003529351,0.4713981,1.272939,0.1609174,-2.707191,-0.02161487,0.08333834,0.9805321,-0.5103896,0.1801031,0.8408718,0.05857761,0.9828325,-0.1749539,-0.8579459,-0.04003839,-0.5121775,moving,68.64297,-6.773944,-1.262825,4.858063
2652,05/08/2023 17:08:37.430337,2893,True,True,True,True,Eyes,2.079679,0.1293893,-2.394686,-0.9255848,0.04356158,-0.3760254,0.0,0.0,0.0,0.0,0.0,0.0,0.0,2.828819,-0.6413082,0.5025504,1.954115,0.1370195,-2.197431,0.07030524,0.8712628,-0.06083178,-0.4819314,2.191314,238.0979,10.44402,0.6506762,0.03897967,-0.7583537,-0.1815353,0.004392753,0.4681511,1.273377,0.1612848,-2.707167,-0.02296426,0.08008753,0.9813094,-0.5255988,0.1811422,0.8312243,0.06387518,0.9827133,-0.1737655,-0.8483315,-0.03823632,-0.5280834,moving,67.89021,-6.608112,-1.340571,4.665736
2744,05/08/2023 17:08:38.963089,2985,True,True,True,True,Eyes,1.171632,0.1237116,-1.937882,0.1208872,-0.05043779,-0.991384,0.0,0.0,0.0,0.0,0.0,0.0,0.0,0.1940004,-0.3373189,-2.084613,0.9150788,0.123577,-1.909029,0.09446701,0.9811949,-0.02627952,0.1662591,4.760029,161.1912,10.20986,0.5418919,0.05277385,-0.8387895,-0.560089,0.00381805,0.09344342,1.273377,0.1612848,-2.707167,-0.03248164,0.04707103,0.8214963,-0.9268679,0.1766427,-0.3312302,0.1941195,0.9807707,-0.02015866,0.3212999,-0.08298264,-0.9433348,moving,-6.952199,2.912477,-2.264273,3.279413
2745,05/08/2023 17:08:38.972607,2986,True,True,True,True,Eyes,1.16025,0.1235583,-1.937099,0.1348119,-0.05363979,-0.9894182,0.0,0.0,0.0,0.0,0.0,0.0,0.0,0.1536101,-0.3331079,-2.082505,0.9028705,0.1215243,-1.908255,0.09582176,0.9798793,-0.02658457,0.1730551,4.891219,160.4109,10.32544,0.5386185,0.05300387,-0.8408808,-0.5604948,0.003395714,0.09015996,1.27339,0.1587497,-2.707177,-0.03176421,0.04600507,0.8211291,-0.9217404,0.1785863,-0.3442409,0.1969887,0.9802229,-0.01893446,0.3340514,-0.08526421,-0.9386904,moving,-7.758982,3.103165,-2.215301,3.206735
2746,05/08/2023 17:08:38.992849,2987,True,True,True,True,Eyes,1.148852,0.123317,-1.936291,0.1484255,-0.05702176,-0.9872783,0.0,0.0,0.0,0.0,0.0,0.0,0.0,0.1133086,-0.3313488,-2.078977,0.8903759,0.119366,-1.90729,0.09650293,0.9785569,-0.02773991,0.1798449,5.106154,159.6347,10.34659,0.5353078,0.05321832,-0.8429786,-0.5610103,0.002732084,0.08709855,1.273401,0.156507,-2.707186,-0.03069282,0.04583413,0.8209151,-0.9166864,0.1788895,-0.3573308,0.198845,0.9798354,-0.01957906,0.3466229,-0.08900128,-0.9337729,moving,-8.549709,3.305533,-2.141208,3.195676
2747,05/08/2023 17:08:39.012937,2988,True,True,True,True,Eyes,1.137397,0.122992,-1.935458,0.1619294,-0.06030268,-0.9849581,0.0,0.0,0.0,0.0,0.0,0.0,0.0,0.07714206,-0.3331618,-2.073669,0.8773901,0.1172029,-1.906173,0.09788445,0.9773218,-0.02955582,0.1854386,5.398036,159.0061,10.43798,0.5319602,0.05341444,-0.8450828,-0.5615447,0.001844141,0.08429628,1.273414,0.1541961,-2.707196,-0.02886036,0.03826165,0.8204761,-0.9120626,0.1803676,-0.3682524,0.2022908,0.9790902,-0.02146798,0.3566802,-0.09407419,-0.9294783,moving,-9.336045,3.503481,-2.014557,2.669967
2748,05/08/2023 17:08:39.029960,2989,True,True,True,True,Eyes,1.125916,0.12256,-1.93458,0.1752265,-0.06339588,-0.9824849,0.0,0.0,0.0,0.0,0.0,0.0,0.0,0.04039037,-0.3243999,-2.06917,0.8644347,0.1148464,-1.904703,0.1001442,0.9759855,-0.02866429,0.1913165,5.409324,158.3246,10.68073,0.5285727,0.0535901,-0.8471946,-0.5622179,0.0007583758,0.08173868,1.273426,0.1517289,-2.707206,-0.02827013,0.03567183,0.8201454,-0.9067384,0.1845107,-0.3791853,0.2064465,0.978299,-0.01763337,0.3677031,-0.09427033,-0.9251529,moving,-10.11239,3.691952,-1.974184,2.490483
2749,05/08/2023 17:08:39.042528,2990,True,True,True,True,Eyes,1.114346,0.1220474,-1.93367,0.1884592,-0.06648725,-0.9798278,0.0,0.0,0.0,0.0,0.0,0.0,0.0,0.002285421,-0.3098491,-2.064764,0.8511016,0.1120853,-1.903241,0.1019341,0.9745958,-0.0266508,0.1976417,5.292508,157.5775,10.8921,0.5251453,0.05374208,-0.8493139,-0.5629262,-0.0005830807,0.07946686,1.273438,0.1494645,-2.707215,-0.0283891,0.04014913,0.8197794,-0.9010945,0.1881545,-0.3906747,0.2092238,0.9777983,-0.01165466,0.3798082,-0.09224038,-0.9204551,moving,-10.88727,3.881915,-1.98337,2.803851
2750,05/08/2023 17:08:39.062846,2991,True,True,True,True,Eyes,1.102699,0.1214708,-1.932719,0.2015001,-0.06954248,-0.9770166,0.0,0.0,0.0,0.0,0.0,0.0,0.0,-0.03793937,-0.3042378,-2.057877,0.8372388,0.1096417,-1.901543,0.1043281,0.9729941,-0.02675934,0.2041622,5.432503,156.8287,11.12566,0.5216728,0.05386899,-0.8514431,-0.5638613,-0.002085918,0.07742897,1.27345,0.1471214,-2.707225,-0.02864972,0.04164928,0.8197708,-0.8948669,0.1920947,-0.4028807,0.2139477,0.9767992,-0.009473662,0.3917137,-0.09467305,-0.9152035,moving,-11.6533,4.071355,-2.001584,2.908469
2751,05/08/2023 17:08:39.072860,2992,True,True,True,True,Eyes,1.090939,0.1208474,-1.931733,0.2144174,-0.07251538,-0.9740465,0.0,0.0,0.0,0.0,0.0,0.0,0.0,-0.0764972,-0.2973482,-2.050437,0.8229105,0.1077141,-1.899941,0.1068866,0.9714355,-0.02643689,0.2102131,5.526227,156.1311,11.38904,0.5181515,0.05397032,-0.8535841,-0.5649716,-0.003690363,0.07563639,1.273463,0.14464,-2.707235,-0.02874726,0.04300271,0.8198742,-0.8887717,0.1965521,-0.4140684,0.2187816,0.9757527,-0.006425554,0.4027654,-0.0963014,-0.9102234,moving,-12.41455,4.257677,-2.00814,3.002434
2752,05/08/2023 17:08:39.093017,2993,True,True,True,True,Eyes,1.079084,0.1201618,-1.930695,0.2272584,-0.0753013,-0.9709188,0.0,0.0,0.0,0.0,0.0,0.0,0.0,-0.1123098,-0.2884398,-2.042478,0.8083275,0.1059553,-1.898132,0.1087397,0.9700355,-0.02571473,0.2157444,5.555409,155.486,11.58434,0.5145756,0.05404651,-0.8557397,-0.5663537,-0.005339425,0.07405472,1.273475,0.142336,-2.707244,-0.02891973,0.04540853,0.8198956,-0.8832601,0.199867,-0.4241519,0.2220583,0.9750289,-0.002968442,0.412967,-0.09680834,-0.9055862,moving,-13.17379,4.434797,-2.020125,3.169991
2753,05/08/2023 17:08:39.112948,2994,True,True,True,True,Eyes,1.067099,0.119411,-1.929618,0.2399798,-0.07800763,-0.9676386,0.0,0.0,0.0,0.0,0.0,0.0,0.0,-0.1480052,-0.2807033,-2.033481,0.7935944,0.1039248,-1.896088,0.110218,0.9686199,-0.02546732,0.2213116,5.631001,154.8385,11.72573,0.5109409,0.05409709,-0.8579116,-0.5679368,-0.00707562,0.07272816,1.273486,0.14012,-2.707253,-0.0290125,0.04605389,0.8200633,-0.8777464,0.2022463,-0.4343476,0.2247912,0.9744068,-0.0005512607,0.4231197,-0.09812137,-0.9007453,moving,-13.92864,4.609017,-2.026186,3.214294
2754,05/08/2023 17:08:39.132810,2995,True,True,True,True,Eyes,1.054985,0.118601,-1.928508,0.2525284,-0.08055793,-0.9642302,0.0,0.0,0.0,0.0,0.0,0.0,0.0,-0.1830701,-0.27112,-2.024089,0.7783941,0.1016073,-1.894131,0.1110564,0.9672697,-0.02497305,0.2267871,5.663375,154.1952,11.80106,0.5072411,0.05412141,-0.8601028,-0.5698136,-0.008903602,0.07159278,1.273499,0.1376724,-2.707263,-0.02913958,0.04135137,0.8201489,-0.8724685,0.2035159,-0.4442754,0.2261702,0.9740856,0.002060984,0.4331817,-0.09868368,-0.8958883,moving,-14.67595,4.775763,-2.034841,2.886371
2755,05/08/2023 17:08:39.142632,2996,True,True,True,True,Eyes,1.042752,0.1177853,-1.927381,0.2647676,-0.08307776,-0.9607269,0.0,0.0,0.0,0.0,0.0,0.0,0.0,-0.2139816,-0.2657118,-2.014041,0.7629793,0.09943683,-1.89228,0.1115491,0.9661539,-0.02544772,0.2312054,5.78261,153.6829,11.81909,0.5034701,0.0541191,-0.8623158,-0.5719669,-0.01079947,0.07062744,1.273511,0.1354415,-2.707273,-0.02964836,0.0363619,0.8200747,-0.8682019,0.2037798,-0.4524374,0.2273144,0.9738185,0.002408661,0.4410827,-0.1007543,-0.891793,moving,-15.40772,4.942292,-2.070527,2.538817
2756,05/08/2023 17:08:39.162809,2997,True,True,True,True,Eyes,1.030404,0.1170254,-1.926253,0.2766253,-0.08530305,-0.9571843,0.0,0.0,0.0,0.0,0.0,0.0,0.0,-0.2387636,-0.2622765,-2.004504,0.7478331,0.09850217,-1.890734,0.1120464,0.9653772,-0.02594568,0.2341357,5.886771,153.3455,11.84512,0.4996225,0.0540925,-0.8645525,-0.5743483,-0.01259835,0.06977332,1.273523,0.1330375,-2.707283,-0.03023775,0.0317736,0.8198246,-0.8652524,0.2041845,-0.4578727,0.2284837,0.9735448,0.002373386,0.4462442,-0.1025629,-0.8890148,moving,-16.11924,5.092673,-2.112294,2.219478
2757,05/08/2023 17:08:39.172948,2998,True,True,True,True,Eyes,1.017944,0.1163666,-1.925122,0.2883024,-0.08754694,-0.9535289,0.0,0.0,0.0,0.0,0.0,0.0,0.0,-0.2649765,-0.2592908,-1.994898,0.7329671,0.09899597,-1.889449,0.1147007,0.9643238,-0.02597534,0.2371686,5.998595,153.0032,12.12506,0.4956937,0.05404692,-0.8668139,-0.576932,-0.01412228,0.06897008,1.273535,0.1306515,-2.707292,-0.03106166,0.02713361,0.8195739,-0.8611899,0.2088962,-0.4633735,0.2335383,0.9723381,0.004309562,0.4514559,-0.1045041,-0.886153,moving,-16.82285,5.245826,-2.170458,1.896197
2758,05/08/2023 17:08:39.192730,2999,True,True,True,True,Eyes,1.005363,0.1157812,-1.92403,0.2999827,-0.08949255,-0.9497375,0.0,0.0,0.0,0.0,0.0,0.0,0.0,-0.299096,-0.2532126,-1.984251,0.7177305,0.1007424,-1.888264,0.1200252,0.9625582,-0.02492302,0.2417734,6.085793,152.4797,12.72385,0.4916795,0.05398961,-0.8691006,-0.5796956,-0.01525137,0.06822326,1.273547,0.1284161,-2.707301,-0.03142473,0.02379329,0.8192964,-0.8542792,0.219011,-0.4714248,0.2431139,0.9699456,0.01005808,0.4594593,-0.1060175,-0.8818489,moving,-17.52916,5.383013,-2.196546,1.663466
2759,05/08/2023 17:08:39.212552,3000,True,True,True,True,Eyes,0.992655,0.1152867,-1.922914,0.3112549,-0.09215366,-0.9458478,0.0,0.0,0.0,0.0,0.0,0.0,0.0,-0.3356507,-0.2436336,-1.973813,0.7024156,0.101797,-1.88791,0.1218439,0.9609273,-0.02372167,0.2474071,6.077852,151.8127,12.92561,0.4875749,0.05392557,-0.8714139,-0.5826579,-0.01609258,0.06740788,1.273559,0.1260677,-2.707311,-0.03285238,0.02282215,0.8186905,-0.8478878,0.2224285,-0.4812612,0.2459042,0.9691827,0.01470052,0.4696998,-0.1058797,-0.8764544,moving,-18.21509,5.564747,-2.29793,1.596787
2760,05/08/2023 17:08:39.230022,3001,True,True,True,True,Eyes,0.9798761,0.1149053,-1.921805,0.3224298,-0.09484523,-0.9418298,0.0,0.0,0.0,0.0,0.0,0.0,0.0,-0.3640767,-0.2788213,-1.957003,0.6866408,0.1036737,-1.886247,0.1240619,0.9596806,-0.03332282,0.2500228,7.238228,151.6143,12.89915,0.4833753,0.0538605,-0.8737544,-0.5858219,-0.01661037,0.06671081,1.273571,0.1237047,-2.707321,-0.03464796,0.02297405,0.818047,-0.8441947,0.2214567,-0.4881523,0.2547826,0.9669964,-0.001921905,0.4716159,-0.1259952,-0.8727565,moving,-18.89833,5.750479,-2.425283,1.608673
2761,05/08/2023 17:08:39.242840,3002,True,True,True,True,Eyes,0.9670285,0.1146172,-1.920701,0.3334244,-0.09749531,-0.9377221,0.0,0.0,0.0,0.0,0.0,0.0,0.0,-0.3966693,-0.2867085,-1.943802,0.6715346,0.1061537,-1.885652,0.1268538,0.958106,-0.03606857,0.2542443,7.678755,151.1603,13.10709,0.4790813,0.05380062,-0.8761199,-0.5890094,-0.01675791,0.06603482,1.273583,0.1213472,-2.70733,-0.03760935,0.02231529,0.8171577,-0.8385362,0.2247383,-0.4963368,0.2614192,0.9652143,-0.004611319,0.4780351,-0.1336187,-0.868118,moving,-19.57378,5.935737,-2.635155,1.564268
2762,05/08/2023 17:08:39.263078,3003,True,True,True,True,Eyes,0.95416,0.1144243,-1.919601,0.3443694,-0.1002381,-0.9334677,0.0,0.0,0.0,0.0,0.0,0.0,0.0,-0.4241358,-0.2869845,-1.932124,0.6569656,0.1081393,-1.88469,0.125019,0.9572459,-0.03722757,0.2581949,7.806644,150.6896,12.83729,0.4746933,0.05375059,-0.8785082,-0.5922117,-0.01661687,0.06538364,1.273595,0.119084,-2.70734,-0.04021598,0.02292807,0.8163772,-0.8354113,0.220124,-0.5036203,0.2585718,0.9659687,-0.006713335,0.4850037,-0.1358304,-0.8638991,moving,-20.24973,6.129076,-2.820198,1.608737
2763,05/08/2023 17:08:39.272990,3004,True,True,True,True,Eyes,0.9412724,0.1143612,-1.918548,0.3552296,-0.1028724,-0.9291013,0.0,0.0,0.0,0.0,0.0,0.0,0.0,-0.4556807,-0.3050318,-1.916975,0.6427714,0.1105287,-1.884175,0.1237129,0.9559482,-0.04282634,0.262724,8.446406,150.1919,12.49592,0.4702159,0.05371467,-0.8809149,-0.5952843,-0.01619843,0.06476118,1.273607,0.1167309,-2.707349,-0.04462001,0.02548314,0.8154329,-0.8313423,0.2140232,-0.5128973,0.2590293,0.9657221,-0.01687486,0.4917046,-0.1468842,-0.8582838,moving,-20.9237,6.318199,-3.132068,1.789971
2764,05/08/2023 17:08:39.292760,3005,True,True,True,True,Eyes,0.9283605,0.1143653,-1.917561,0.3662694,-0.1049773,-0.9245683,0.0,0.0,0.0,0.0,0.0,0.0,0.0,-0.4862351,-0.3036511,-1.905465,0.6293318,0.1135987,-1.884266,0.1211338,0.9548638,-0.04331187,0.2677424,8.48666,149.5779,12.14837,0.4656532,0.05369867,-0.8833362,-0.5982301,-0.01541596,0.06403658,1.27362,0.1143172,-2.707359,-0.04975311,0.02778487,0.814224,-0.8272815,0.2081397,-0.521808,0.2545254,0.9669014,-0.01784856,0.5008219,-0.1475792,-0.8528764,moving,-21.61108,6.477736,-3.496708,1.954423
2765,05/08/2023 17:08:39.312853,3006,True,True,True,True,Eyes,0.9154269,0.1143928,-1.916613,0.3770801,-0.1072517,-0.9199498,0.0,0.0,0.0,0.0,0.0,0.0,0.0,-0.5145243,-0.2922884,-1.896004,0.6159479,0.1150842,-1.884771,0.1182816,0.9539557,-0.04153869,0.2724933,8.262819,148.9747,11.83901,0.4610075,0.05370424,-0.8857692,-0.6010722,-0.01447864,0.0631534,1.273631,0.1120865,-2.707368,-0.05634579,0.03146207,0.8128765,-0.8235139,0.2030328,-0.5297197,0.2483089,0.968568,-0.01479023,0.5100666,-0.143714,-0.848044,moving,-22.28833,6.649766,-3.965203,2.216505
2766,05/08/2023 17:08:39.329904,3007,True,True,True,True,Eyes,0.9025091,0.1144725,-1.915724,0.3878154,-0.109377,-0.9152246,0.0,0.0,0.0,0.0,0.0,0.0,0.0,-0.5413961,-0.3006254,-1.882872,0.6024306,0.1157444,-1.884774,0.1178034,0.9527869,-0.04484553,0.2762398,8.658248,148.5486,11.65447,0.4562818,0.05373042,-0.8882113,-0.6038087,-0.01352733,0.06220734,1.273644,0.1096576,-2.707378,-0.06364737,0.03528104,0.8113114,-0.8196281,0.1997069,-0.5369611,0.2492594,0.9682224,-0.02037249,0.5158293,-0.1505404,-0.8433611,moving,-22.96422,6.815006,-4.485667,2.490021
2767,05/08/2023 17:08:39.346028,3008,True,True,True,True,Eyes,0.8896056,0.1145869,-1.914907,0.3982859,-0.1114423,-0.9104664,0.0,0.0,0.0,0.0,0.0,0.0,0.0,-0.5653707,-0.3072103,-1.871452,0.58956,0.1171527,-1.885484,0.1180002,0.95176,-0.04738835,0.2792547,8.981113,148.2076,11.57254,0.4514823,0.05377788,-0.8906577,-0.6063334,-0.01247664,0.06114423,1.273656,0.1073245,-2.707388,-0.0707197,0.03588218,0.8094974,-0.8161855,0.1981488,-0.5427505,0.2510825,0.9676606,-0.02430046,0.5203832,-0.1561088,-0.8395423,moving,-23.6271,6.978365,-4.992825,2.538059
2768,05/08/2023 17:08:39.362515,3009,True,True,True,True,Eyes,0.8767109,0.1147221,-1.914186,0.4087626,-0.1133311,-0.9055767,0.0,0.0,0.0,0.0,0.0,0.0,0.0,-0.588024,-0.3015992,-1.862453,0.5769458,0.1180974,-1.886439,0.1193696,0.950777,-0.04689164,0.2820907,9.004562,147.8749,11.71447,0.446614,0.05384617,-0.8931047,-0.608664,-0.01138501,0.05992604,1.273668,0.1049907,-2.707397,-0.07721502,0.0365345,0.8077182,-0.8123516,0.2005323,-0.5476056,0.2534431,0.9671042,-0.02182087,0.5252159,-0.1565131,-0.8364521,moving,-24.29364,7.133362,-5.460681,2.589823
2769,05/08/2023 17:08:39.372734,3010,True,True,True,True,Eyes,0.8638444,0.1148661,-1.913557,0.4190764,-0.1152113,-0.9006117,0.0,0.0,0.0,0.0,0.0,0.0,0.0,-0.6141015,-0.2901647,-1.85344,0.5645226,0.1185887,-1.887805,0.1219855,0.9494275,-0.04515793,0.2857754,8.944014,147.4407,12.02604,0.4416803,0.05393397,-0.8955497,-0.6108282,-0.01029625,0.0584927,1.27368,0.1026057,-2.707407,-0.08345277,0.03913586,0.8058126,-0.8069037,0.2058227,-0.5536633,0.2574428,0.9661606,-0.01602745,0.5316288,-0.1554693,-0.8325862,moving,-24.9537,7.290004,-5.912673,2.780497
2770,05/08/2023 17:08:39.392903,3011,True,True,True,True,Eyes,0.8509832,0.1150391,-1.913032,0.4294341,-0.1172502,-0.8954545,0.0,0.0,0.0,0.0,0.0,0.0,0.0,-0.64193,-0.2844328,-1.842819,0.5522521,0.1189509,-1.889397,0.1233996,0.9479758,-0.04499714,0.2899828,9.025842,146.9451,12.14984,0.4366869,0.05403934,-0.8979888,-0.612778,-0.009246456,0.05687105,1.273692,0.1004278,-2.707416,-0.0894651,0.04606644,0.8040214,-0.8013654,0.2078629,-0.5608985,0.2600565,0.9654955,-0.01374486,0.5386881,-0.1568799,-0.8277708,moving,-25.62103,7.45983,-6.3493,3.279179
2771,05/08/2023 17:08:39.412376,3012,True,True,True,True,Eyes,0.8381703,0.1152335,-1.912598,0.4396224,-0.1193702,-0.8902151,0.0,0.0,0.0,0.0,0.0,0.0,0.0,-0.6694403,-0.2914796,-1.829828,0.5401952,0.1196608,-1.890834,0.1231605,0.9465794,-0.04799095,0.2941358,9.398858,146.4654,11.98872,0.4316358,0.05416175,-0.9004202,-0.6145949,-0.008172528,0.05503414,1.273704,0.09811296,-2.707426,-0.09404007,0.04817419,0.8022717,-0.7966313,0.2049307,-0.5686669,0.2613941,0.9650567,-0.01840266,0.5450246,-0.1633063,-0.8223621,moving,-26.28193,7.637318,-6.685544,3.436326
2772,05/08/2023 17:08:39.430119,3013,True,True,True,True,Eyes,0.8254276,0.1154356,-1.912252,0.4497899,-0.1213793,-0.8848481,0.0,0.0,0.0,0.0,0.0,0.0,0.0,-0.6960086,-0.2975685,-1.817375,0.5284646,0.1204319,-1.89263,0.1214903,0.9453478,-0.05062275,0.2983204,9.68308,145.9645,11.67622,0.4265339,0.05430014,-0.9028399,-0.6161579,-0.007098997,0.05303171,1.273716,0.09566361,-2.707436,-0.09582996,0.04506231,0.8012278,-0.7924902,0.1994976,-0.5763333,0.2599048,0.9653549,-0.02322614,0.5517327,-0.1681983,-0.8168847,moving,-26.94534,7.810817,-6.820399,3.219014
2773,05/08/2023 17:08:39.442527,3014,True,True,True,True,Eyes,0.8127475,0.1156236,-1.91201,0.4598544,-0.1233648,-0.8793833,0.0,0.0,0.0,0.0,0.0,0.0,0.0,-0.7219999,-0.3014754,-1.805325,0.5170959,0.1209053,-1.894562,0.1194951,0.944143,-0.05269594,0.3025528,9.893198,145.4485,11.34282,0.4213898,0.0544527,-0.905243,-0.6174166,-0.006066967,0.05088836,1.273729,0.09328147,-2.707445,-0.09734482,0.04483811,0.8000653,-0.7883655,0.1937543,-0.5839,0.2575275,0.9658881,-0.02719784,0.5587124,-0.1718121,-0.8113699,moving,-27.60634,7.985657,-6.937142,3.207676
2774,05/08/2023 17:08:39.463811,3015,True,True,True,True,Eyes,0.800116,0.1158002,-1.911869,0.46986,-0.1254025,-0.8737882,0.0,0.0,0.0,0.0,0.0,0.0,0.0,-0.7495931,-0.3035627,-1.792892,0.5058274,0.1208047,-1.896851,0.1166395,0.942842,-0.05440611,0.3073832,10.03785,144.8479,10.91762,0.4162101,0.0546164,-0.9076264,-0.6184119,-0.005138814,0.04856069,1.27374,0.09108023,-2.707454,-0.1004124,0.05209364,0.7981162,-0.7838218,0.1864983,-0.5923194,0.2533923,0.9668704,-0.03088664,0.5669357,-0.1742988,-0.8051113,moving,-28.26815,8.167087,-7.17081,3.734441
2775,05/08/2023 17:08:39.472367,3016,True,True,True,True,Eyes,0.7875568,0.1159867,-1.911824,0.4795669,-0.1276102,-0.8681769,0.0,0.0,0.0,0.0,0.0,0.0,0.0,-0.7722365,-0.3153029,-1.780234,0.4946425,0.1206876,-1.898884,0.113396,0.9418524,-0.05837728,0.3108824,10.39721,144.4139,10.38535,0.4109992,0.05478868,-0.9099875,-0.6192016,-0.004300748,0.04607119,1.273752,0.08869978,-2.707464,-0.1008247,0.04840406,0.7977251,-0.7809873,0.1773077,-0.5988502,0.2499016,0.9674668,-0.03945988,0.5723712,-0.1804712,-0.7998887,moving,-28.91555,8.361826,-7.203437,3.472314
2776,05/08/2023 17:08:39.492627,3017,True,True,True,True,Eyes,0.7750755,0.1161849,-1.911867,0.4891309,-0.1296442,-0.8625215,0.0,0.0,0.0,0.0,0.0,0.0,0.0,-0.7919259,-0.3276458,-1.768814,0.4837776,0.1211992,-1.901176,0.1122615,0.9409192,-0.06235513,0.3133376,10.81823,144.1217,10.09594,0.4057641,0.05496855,-0.9123231,-0.6197272,-0.003483016,0.04344067,1.273764,0.08640418,-2.707474,-0.09663747,0.02109688,0.7969381,-0.778434,0.1721816,-0.6036508,0.2503344,0.9670184,-0.04699077,0.5756506,-0.1876938,-0.7958629,moving,-29.55732,8.548042,-6.913985,1.516404
2777,05/08/2023 17:08:39.512889,3018,True,True,True,True,Eyes,0.7626706,0.1163925,-1.912001,0.4984674,-0.1317085,-0.8568448,0.0,0.0,0.0,0.0,0.0,0.0,0.0,-0.8119541,-0.3276641,-1.759169,0.4731099,0.1216779,-1.903332,0.1117693,0.9399951,-0.06320776,0.3161041,10.92311,143.7828,9.980014,0.4005113,0.05515518,-0.9146301,-0.6199874,-0.002679568,0.04070763,1.273777,0.08400405,-2.707483,-0.0968149,0.03394207,0.7973513,-0.7751719,0.1701648,-0.6084019,0.2500858,0.9670248,-0.04816847,0.5801432,-0.1894915,-0.7921662,moving,-30.1886,8.738732,-6.923001,2.437526
2778,05/08/2023 17:08:39.530324,3019,True,True,True,True,Eyes,0.7503368,0.1166166,-1.912244,0.5076288,-0.1336834,-0.8511415,0.0,0.0,0.0,0.0,0.0,0.0,0.0,-0.8333552,-0.3299824,-1.748469,0.4624811,0.1221495,-1.905703,0.1115151,0.9388925,-0.06471804,0.3191507,11.11079,143.4136,9.863564,0.3952465,0.0553477,-0.9169059,-0.6200027,-0.001895985,0.03786106,1.273789,0.08160437,-2.707493,-0.09474923,0.03879639,0.7967016,-0.7714148,0.1680918,-0.6137303,0.250711,0.9667519,-0.0503463,0.5848621,-0.1927068,-0.787909,moving,-30.81225,8.92616,-6.782153,2.787888
2779,05/08/2023 17:08:39.543159,3020,True,True,True,True,Eyes,0.7380929,0.1168778,-1.912597,0.5165236,-0.1356221,-0.8454643,0.0,0.0,0.0,0.0,0.0,0.0,0.0,-0.8528348,-0.3356455,-1.738166,0.4520839,0.1227331,-1.90834,0.1114564,0.9378955,-0.06701093,0.3216197,11.38447,143.1185,9.74687,0.3899741,0.05554571,-0.9191487,-0.619804,-0.001109819,0.03486162,1.273801,0.07934599,-2.707502,-0.09479731,0.02340544,0.7970375,-0.7682768,0.1659648,-0.6182289,0.2521729,0.9661741,-0.05400538,0.5883536,-0.1973916,-0.7841409,moving,-31.42221,9.113259,-6.782729,1.682039
2780,05/08/2023 17:08:39.562676,3021,True,True,True,True,Eyes,0.7259316,0.1171644,-1.91308,0.5253153,-0.1370648,-0.8397959,0.0,0.0,0.0,0.0,0.0,0.0,0.0,-0.8711426,-0.3341094,-1.730147,0.4419526,0.1238923,-1.911349,0.1119182,0.9370629,-0.06728575,0.3238214,11.45422,142.8541,9.761568,0.3846999,0.05575005,-0.9213563,-0.6193475,-0.0002598233,0.03171134,1.273813,0.07692931,-2.707512,-0.09230381,0.0339671,0.7985322,-0.7652284,0.1661717,-0.6219429,0.253326,0.9658939,-0.05361892,0.591821,-0.198585,-0.7812251,moving,-32.02711,9.26963,-6.593662,2.435718
2781,05/08/2023 17:08:39.572492,3022,True,True,True,True,Eyes,0.7138636,0.1174484,-1.913685,0.5339215,-0.1382371,-0.8341572,0.0,0.0,0.0,0.0,0.0,0.0,0.0,-0.8894676,-0.3189907,-1.724856,0.4320876,0.1246125,-1.91463,0.1118938,0.9364017,-0.06407336,0.3263839,11.1301,142.5293,9.842784,0.3794277,0.0559607,-0.9235272,-0.6186706,0.00061566,0.02836063,1.273825,0.07459559,-2.707522,-0.09131107,0.04132616,0.7996572,-0.7619069,0.1677301,-0.6255918,0.2513801,0.9667488,-0.0469561,0.5969142,-0.1930375,-0.7787365,moving,-32.62221,9.409577,-6.514263,2.958405
2782,05/08/2023 17:08:39.592998,3023,True,True,True,True,Eyes,0.7018581,0.1177322,-1.91445,0.5424885,-0.1391355,-0.828461,0.0,0.0,0.0,0.0,0.0,0.0,0.0,-0.9082857,-0.3033291,-1.719362,0.4221961,0.1247151,-1.918175,0.1118594,0.9356762,-0.06089246,0.3290741,10.81108,142.188,9.922179,0.3741624,0.05617591,-0.9256599,-0.6177545,0.001430813,0.02484367,1.273837,0.07228823,-2.707531,-0.09061133,0.03883955,0.8013843,-0.7583954,0.1692521,-0.6294364,0.2494046,0.9675592,-0.04033115,0.6021909,-0.1875713,-0.7760046,moving,-33.21737,9.533546,-6.450951,2.774702
2783,05/08/2023 17:08:39.612869,3024,True,True,True,True,Eyes,0.6899444,0.1180143,-1.915362,0.5508264,-0.1399345,-0.8228054,0.0,0.0,0.0,0.0,0.0,0.0,0.0,-0.9281175,-0.2915184,-1.712929,0.4122729,0.124779,-1.922231,0.1124137,0.9347765,-0.05882879,0.3318059,10.6368,141.8504,10.0272,0.368904,0.05639418,-0.9277548,-0.6167055,0.002196164,0.02105815,1.273849,0.06998541,-2.707541,-0.09213782,0.03830877,0.8030941,-0.7545359,0.1711239,-0.6335551,0.2492029,0.9678047,-0.03538448,0.6071025,-0.1845826,-0.772888,moving,-33.8003,9.651938,-6.544846,2.731023
2784,05/08/2023 17:08:39.630281,3025,True,True,True,True,Eyes,0.6781122,0.1182995,-1.916426,0.5592325,-0.1406571,-0.8169912,0.0,0.0,0.0,0.0,0.0,0.0,0.0,-0.9464263,-0.2831901,-1.707002,0.4025078,0.1250616,-1.926687,0.1129345,0.9339976,-0.05754998,0.3340394,10.54176,141.5761,10.10629,0.363656,0.0566141,-0.929811,-0.6154442,0.002910787,0.01705881,1.273862,0.06747977,-2.707551,-0.0936005,0.03458074,0.804848,-0.7513269,0.1725131,-0.6369827,0.249409,0.9678676,-0.03205398,0.6109852,-0.1829522,-0.7702113,moving,-34.39174,9.768547,-6.633464,2.460232
2785,05/08/2023 17:08:39.643040,3026,True,True,True,True,Eyes,0.666387,0.1185717,-1.917636,0.5674314,-0.1412144,-0.8112213,0.0,0.0,0.0,0.0,0.0,0.0,0.0,-0.9649494,-0.2753633,-1.700646,0.3930222,0.125284,-1.931058,0.1128154,0.9332032,-0.05633075,0.3364988,10.43154,141.2683,10.11068,0.3584201,0.0568347,-0.9318283,-0.6140143,0.003591809,0.01284059,1.273873,0.06529359,-2.70756,-0.09475723,0.02627224,0.806785,-0.7480826,0.1726488,-0.6407535,0.2484698,0.9681991,-0.02921161,0.6153336,-0.1810605,-0.7671909,moving,-34.97194,9.874887,-6.698723,1.865128
2786,05/08/2023 17:08:39.662602,3027,True,True,True,True,Eyes,0.6547527,0.1188126,-1.919009,0.5754973,-0.1417256,-0.8054296,0.0,0.0,0.0,0.0,0.0,0.0,0.0,-0.9820955,-0.2691467,-1.69505,0.3838139,0.125237,-1.935755,0.1110393,0.932647,-0.05526312,0.3388006,10.27206,140.9658,9.929621,0.3532009,0.05705407,-0.9338057,-0.6123492,0.004192944,0.008440231,1.273886,0.06289157,-2.70757,-0.09474608,0.02397008,0.8092576,-0.745769,0.1696745,-0.6442356,0.2445673,0.9692326,-0.02784161,0.6196901,-0.1783223,-0.7643204,moving,-35.54665,9.979757,-6.677663,1.696596
2787,05/08/2023 17:08:39.672813,3028,True,True,True,True,Eyes,0.6432279,0.1190043,-1.920543,0.5833011,-0.142031,-0.7997418,0.0,0.0,0.0,0.0,0.0,0.0,0.0,-0.9988366,-0.2641827,-1.68965,0.3746484,0.1246392,-1.940744,0.1094739,0.9320976,-0.05464986,0.3409151,10.16716,140.6901,9.757596,0.3480002,0.05726943,-0.9357432,-0.6105111,0.004664089,0.003816447,1.273898,0.06055496,-2.707579,-0.09466995,0.02474448,0.8117091,-0.7435848,0.1668188,-0.6474977,0.2413427,0.9700577,-0.02723537,0.6235668,-0.1765206,-0.7615807,moving,-36.10559,10.07051,-6.652375,1.746088
2788,05/08/2023 17:08:39.692676,3029,True,True,True,True,Eyes,0.6318073,0.1191206,-1.922221,0.5909294,-0.1423662,-0.7940618,0.0,0.0,0.0,0.0,0.0,0.0,0.0,-1.012054,-0.254881,-1.687417,0.3657231,0.1236222,-1.946165,0.1079588,0.9319342,-0.05286839,0.3421238,9.927988,140.5222,9.645693,0.3428213,0.05747715,-0.9376402,-0.6084546,0.004959153,-0.00101521,1.27391,0.05822644,-2.707589,-0.09617015,0.02358919,0.8140454,-0.7425926,0.1650459,-0.6490889,0.2373961,0.9710997,-0.02466916,0.6262585,-0.1724103,-0.7603127,moving,-36.6561,10.16448,-6.737611,1.659837
2789,05/08/2023 17:08:39.712875,3030,True,True,True,True,Eyes,0.6204931,0.1191537,-1.924056,0.5982566,-0.1425824,-0.7885171,0.0,0.0,0.0,0.0,0.0,0.0,0.0,-1.024256,-0.247138,-1.685214,0.3566625,0.1219328,-1.951422,0.1077052,0.9317443,-0.05185085,0.3428753,9.81587,140.424,9.648561,0.3376673,0.05767258,-0.9394966,-0.6062093,0.005010447,-0.005987552,1.273922,0.05596496,-2.707598,-0.09666148,0.01898559,0.8171397,-0.741672,0.1651507,-0.6501135,0.2362642,0.9714221,-0.02276452,0.6277751,-0.1704824,-0.7594959,moving,-37.18799,10.24967,-6.746309,1.330982
2790,05/08/2023 17:08:39.722627,3031,True,True,True,True,Eyes,0.6092995,0.1190846,-1.926037,0.6055101,-0.1429319,-0.7828972,0.0,0.0,0.0,0.0,0.0,0.0,0.0,-1.035679,-0.2368482,-1.68424,0.3478862,0.1199377,-1.957033,0.1079192,0.9316093,-0.05029586,0.3434067,9.661821,140.3545,9.725577,0.3325402,0.05785114,-0.9413127,-0.6037794,0.004809286,-0.01113362,1.273934,0.05361497,-2.707608,-0.09709848,0.01714644,0.8200899,-0.7408509,0.1665332,-0.6506975,0.235621,0.9716476,-0.01959178,0.6289859,-0.1678325,-0.7590846,moving,-37.71916,10.34642,-6.752373,1.197766
2791,05/08/2023 17:08:39.742651,3032,True,True,True,True,Eyes,0.5982057,0.1189095,-1.928203,0.6124547,-0.1432729,-0.7774137,0.0,0.0,0.0,0.0,0.0,0.0,0.0,-1.046193,-0.2249128,-1.684236,0.3392172,0.1174552,-1.962879,0.1089406,0.931504,-0.0485632,0.3436188,9.517085,140.3296,9.901178,0.3274439,0.05800768,-0.9430881,-0.6011332,0.004313393,-0.01640974,1.273945,0.05139355,-2.707617,-0.0962019,0.0182788,0.8236833,-0.7401161,0.1695827,-0.6507455,0.2363316,0.9715472,-0.01560557,0.6295836,-0.1653417,-0.7591354,moving,-38.23141,10.44212,-6.661667,1.271273
2792,05/08/2023 17:08:39.762968,3033,True,True,True,True,Eyes,0.5872003,0.1186419,-1.930562,0.6194042,-0.1438403,-0.7717826,0.0,0.0,0.0,0.0,0.0,0.0,0.0,-1.058854,-0.2112783,-1.683866,0.3304947,0.1146906,-1.969476,0.1119712,0.9310556,-0.04693889,0.3440855,9.465908,140.2892,10.29016,0.3223782,0.05813745,-0.9448237,-0.5983468,0.003529368,-0.02192289,1.273958,0.04896043,-2.707627,-0.09604463,0.01351062,0.8270865,-0.7381356,0.1762009,-0.651237,0.2408048,0.9705184,-0.0103501,0.6302138,-0.1644608,-0.7588041,moving,-38.74924,10.55733,-6.623751,0.9358547
2793,05/08/2023 17:08:39.782984,3034,True,True,True,True,Eyes,0.5762947,0.1182808,-1.933119,0.6260463,-0.1443721,-0.7663046,0.0,0.0,0.0,0.0,0.0,0.0,0.0,-1.070818,-0.1977823,-1.684094,0.321771,0.1121146,-1.976318,0.1150256,0.9306722,-0.04531955,0.3443323,9.414134,140.2751,10.68382,0.3173414,0.05823718,-0.9465212,-0.5954621,0.002514821,-0.02768247,1.27397,0.04657888,-2.707637,-0.09507753,0.006002344,0.8306102,-0.736409,0.1828923,-0.6513469,0.2453122,0.9694305,-0.005141227,0.6304953,-0.1635694,-0.7587631,moving,-39.24772,10.66949,-6.53006,0.4140366
2794,05/08/2023 17:08:39.792717,3035,True,True,True,True,Eyes,0.5655094,0.117818,-1.935861,0.632719,-0.145082,-0.7606694,0.0,0.0,0.0,0.0,0.0,0.0,0.0,-1.082636,-0.1848234,-1.684853,0.3132492,0.1094631,-1.983654,0.1174728,0.9303501,-0.04374899,0.3445792,9.34397,140.2556,11.00913,0.3123329,0.05830393,-0.9481816,-0.5924511,0.001280454,-0.03369371,1.273982,0.04429298,-2.707646,-0.09414522,0.0001690723,0.833992,-0.7349306,0.1884316,-0.6514373,0.2487316,0.9685724,-0.0004464168,0.6308801,-0.1623611,-0.7587023,moving,-39.75343,10.7983,-6.440571,0.01161538
2795,05/08/2023 17:08:39.813167,3036,True,True,True,True,Eyes,0.5548215,0.1172651,-1.938812,0.6392068,-0.1457729,-0.7550927,0.0,0.0,0.0,0.0,0.0,0.0,0.0,-1.095091,-0.170426,-1.685518,0.3049577,0.1066197,-1.991199,0.1198027,0.9299507,-0.04188434,0.3450865,9.240873,140.2009,11.33023,0.3073547,0.05833475,-0.9498051,-0.5892599,-0.0001847745,-0.03989932,1.273994,0.04195488,-2.707655,-0.09232798,-0.006044032,0.8376414,-0.7331253,0.1939138,-0.6518626,0.2517286,0.9677861,0.004783844,0.6317911,-0.1605853,-0.7583219,moving,-40.24883,10.9267,-6.289966,-0.4134126
2796,05/08/2023 17:08:39.830347,3037,True,True,True,True,Eyes,0.5442372,0.1166318,-1.941978,0.6459392,-0.146703,-0.74916,0.0,0.0,0.0,0.0,0.0,0.0,0.0,-1.113526,-0.155797,-1.68262,0.2965506,0.1038666,-1.999173,0.1223807,0.9289242,-0.04025797,0.3471342,9.192867,139.9593,11.6545,0.302405,0.05832775,-0.9513929,-0.5859681,-0.001832411,-0.04635879,1.274007,0.03951449,-2.707665,-0.09094322,-0.01066492,0.8413674,-0.7290415,0.199415,-0.6547762,0.2553146,0.9668044,0.01017187,0.635069,-0.1597583,-0.7557542,moving,-40.76851,11.07965,-6.169137,-0.7262253
2797,05/08/2023 17:08:39.842950,3038,True,True,True,True,Eyes,0.53375,0.1159414,-1.945365,0.652512,-0.1477972,-0.7432255,0.0,0.0,0.0,0.0,0.0,0.0,0.0,-1.133832,-0.1472825,-1.678228,0.2883387,0.1013242,-2.007563,0.1243636,0.9277479,-0.0400962,0.3495852,9.285245,139.6721,11.85371,0.2974829,0.05828194,-0.9529462,-0.5825629,-0.003622364,-0.05307372,1.274019,0.03724028,-2.707675,-0.08978343,-0.01114709,0.8453111,-0.7246476,0.2027221,-0.6586267,0.2587902,0.965852,0.012553,0.6386808,-0.1613497,-0.7523649,moving,-41.28139,11.24707,-6.062853,-0.7555135
2798,05/08/2023 17:08:39.862690,3039,True,True,True,True,Eyes,0.5233641,0.1152262,-1.948984,0.6594472,-0.1490409,-0.7368285,0.0,0.0,0.0,0.0,0.0,0.0,0.0,-1.157098,-0.1423756,-1.671682,0.2801106,0.09928195,-2.016271,0.1270946,0.9261897,-0.04104535,0.3526116,9.535671,139.3269,12.08569,0.2925864,0.05819783,-0.9544662,-0.5790707,-0.005476247,-0.06004914,1.27403,0.0349695,-2.707684,-0.08932641,-0.01125021,0.8493758,-0.7190242,0.2064813,-0.6636038,0.2643735,0.9643245,0.01359851,0.6427372,-0.1656616,-0.7479607,moving,-41.82793,11.43513,-6.003564,-0.7588537
2799,05/08/2023 17:08:39.872847,3040,True,True,True,True,Eyes,0.5130948,0.1144709,-1.952843,0.6663389,-0.1501398,-0.730377,0.0,0.0,0.0,0.0,0.0,0.0,0.0,-1.18283,-0.1324786,-1.664086,0.2722105,0.09793514,-2.025372,0.1298157,0.9243605,-0.04069523,0.3564401,9.658607,138.8741,12.3578,0.2877136,0.05807776,-0.9559537,-0.5754841,-0.007293014,-0.06730449,1.274043,0.03250341,-2.707694,-0.08804512,-0.01495439,0.8535457,-0.7121969,0.2109823,-0.6695241,0.2690039,0.9629835,0.01730893,0.6483925,-0.1677772,-0.7425889,moving,-42.37488,11.61618,-5.889356,-1.003737
2800,05/08/2023 17:08:39.892666,3041,True,True,True,True,Eyes,0.5029344,0.1136627,-1.956946,0.6735363,-0.1511715,-0.7235303,0.0,0.0,0.0,0.0,0.0,0.0,0.0,-1.209213,-0.1162395,-1.656746,0.2646322,0.09617865,-2.035002,0.1303446,0.9226711,-0.03836413,0.3608555,9.489455,138.3176,12.4622,0.2828645,0.05792293,-0.957409,-0.5717631,-0.009121342,-0.07484335,1.274055,0.03023411,-2.707703,-0.08660863,-0.01731498,0.8578097,-0.7055874,0.2128426,-0.6759029,0.2682182,0.9630769,0.02327619,0.6559007,-0.1648661,-0.7366232,moving,-42.95055,11.80137,-5.765323,-1.156364
2801,05/08/2023 17:08:39.912605,3042,True,True,True,True,Eyes,0.4928891,0.1128052,-1.961305,0.6806887,-0.1520976,-0.7166094,0.0,0.0,0.0,0.0,0.0,0.0,0.0,-1.237684,-0.1018451,-1.64768,0.2569444,0.09409881,-2.045044,0.1310736,0.9207218,-0.03674285,0.3657067,9.41178,137.7123,12.55737,0.2780378,0.05773371,-0.9588333,-0.5679384,-0.01099876,-0.08266266,1.274067,0.02789029,-2.707713,-0.08540379,-0.01804566,0.8622441,-0.698157,0.2144903,-0.6830601,0.2682388,0.9629393,0.02820908,0.6637961,-0.1635288,-0.7298175,moving,-43.52741,11.98298,-5.656598,-1.198952
2802,05/08/2023 17:08:39.930348,3043,True,True,True,True,Eyes,0.4829624,0.1118961,-1.965915,0.6879147,-0.1529396,-0.7094948,0.0,0.0,0.0,0.0,0.0,0.0,0.0,-1.265873,-0.08571319,-1.638989,0.2495484,0.09202704,-2.055558,0.1317474,0.9187778,-0.03467194,0.3705241,9.284842,137.1063,12.6663,0.2732329,0.05751064,-0.960227,-0.5639979,-0.01291149,-0.09077885,1.27408,0.02543939,-2.707723,-0.08507262,-0.01959114,0.866954,-0.6907094,0.2163996,-0.6899944,0.2677867,0.962881,0.03391957,0.6717227,-0.1613428,-0.7230198,moving,-44.11526,12.16461,-5.604388,-1.294531
2803,05/08/2023 17:08:39.942692,3044,True,True,True,True,Eyes,0.4731551,0.1110668,-1.970764,0.6948192,-0.1543268,-0.7024312,0.0,0.0,0.0,0.0,0.0,0.0,0.0,-1.292803,-0.07398239,-1.630843,0.2422884,0.08990886,-2.066319,0.1324351,0.9169564,-0.0336802,0.3748569,9.268137,136.5668,12.73855,0.268449,0.05725411,-0.9615906,-0.5599382,-0.01486403,-0.09916302,1.274092,0.02313297,-2.707732,-0.08598205,-0.01794905,0.8719293,-0.6838866,0.2176239,-0.6963758,0.268125,0.9626532,0.03752191,0.678534,-0.161055,-0.716696,moving,-44.68787,12.39123,-5.631802,-1.179292
2804,05/08/2023 17:08:39.963226,3045,True,True,True,True,Eyes,0.4634703,0.1103196,-1.975853,0.7019296,-0.1556467,-0.6950316,0.0,0.0,0.0,0.0,0.0,0.0,0.0,-1.316075,-0.08221885,-1.624315,0.2352989,0.09107698,-2.076909,0.138349,0.9150051,-0.03820872,0.3770482,10.03506,136.371,13.17069,0.2636862,0.05697192,-0.9629242,-0.5557637,-0.01646009,-0.1077605,1.274104,0.02080648,-2.707742,-0.08636428,-0.01499959,0.877337,-0.6773884,0.224367,-0.7005743,0.2819931,0.9587993,0.03440613,0.6794297,-0.1742508,-0.7127495,moving,-45.28291,12.62267,-5.622034,-0.9794752
2805,05/08/2023 17:08:39.972605,3046,True,True,True,True,Eyes,0.453881,0.1095692,-1.981188,0.7089413,-0.1568099,-0.6876138,0.0,0.0,0.0,0.0,0.0,0.0,0.0,-1.351313,-0.04064237,-1.610285,0.2280872,0.09226739,-2.088104,0.1450965,0.9113343,-0.03134568,0.3839718,9.704029,135.5101,14.11569,0.2589444,0.05667103,-0.9642279,-0.5514723,-0.01771403,-0.1165602,1.274116,0.0184717,-2.707752,-0.08537623,-0.01274535,0.8832813,-0.6630255,0.240391,-0.7089497,0.2885345,0.9559289,0.05429312,0.6907571,-0.1685587,-0.7031663,moving,-45.87492,12.84657,-5.520947,-0.8266949
2806,05/08/2023 17:08:39.993052,3047,True,True,True,True,Eyes,0.4443337,0.1088713,-1.98671,0.7156393,-0.1589781,-0.680137,0.0,0.0,0.0,0.0,0.0,0.0,0.0,-1.376676,-0.0233054,-1.602728,0.2206959,0.09139849,-2.099394,0.1456398,0.9096372,-0.02874478,0.387973,9.514851,134.9936,14.24325,0.2542205,0.05635282,-0.9655027,-0.547152,-0.01890243,-0.1255726,1.274128,0.01603819,-2.707762,-0.0842317,-0.009264555,0.8896722,-0.6565323,0.2426543,-0.7142021,0.2872631,0.9559256,0.06071397,0.6974566,-0.1653032,-0.6973017,moving,-46.45704,13.15635,-5.408484,-0.596625
2807,05/08/2023 17:08:40.013033,3048,True,True,True,True,Eyes,0.4349287,0.1083165,-1.992436,0.7222712,-0.1611198,-0.6725806,0.0,0.0,0.0,0.0,0.0,0.0,0.0,-1.403742,-0.05506255,-1.590105,0.2124046,0.09207052,-2.109114,0.1530465,0.9070361,-0.04021455,0.3901863,11.09202,134.8662,14.53331,0.2495076,0.05602165,-0.9667506,-0.5429649,-0.01986207,-0.1346032,1.274139,0.01388589,-2.70777,-0.08530524,-0.003689298,0.8962991,-0.648663,0.2462551,-0.7201356,0.3090197,0.9499191,0.04648122,0.6955167,-0.1923854,-0.692275,moving,-47.04026,13.4716,-5.436748,-0.2358365
2808,05/08/2023 17:08:40.030822,3049,True,True,True,True,Eyes,0.4256189,0.1078205,-1.99834,0.7291343,-0.1627823,-0.6647294,0.0,0.0,0.0,0.0,0.0,0.0,0.0,-1.432449,-0.03533694,-1.578582,0.2062902,0.09490352,-2.119792,0.1568377,0.9043385,-0.03743256,0.3951869,11.0499,134.2499,15.00377,0.2448103,0.05568641,-0.9679701,-0.538602,-0.02033454,-0.1437064,1.274152,0.01146871,-2.70778,-0.08606556,-0.002388606,0.9033689,-0.6384587,0.2540831,-0.7265071,0.3132545,0.9480015,0.05625698,0.7030237,-0.1916638,-0.6848525,moving,-47.64553,13.76009,-5.442245,-0.1514959
2809,05/08/2023 17:08:40.043024,3050,True,True,True,True,Eyes,0.4163877,0.1073442,-2.004378,0.7359581,-0.1648855,-0.6566418,0.0,0.0,0.0,0.0,0.0,0.0,0.0,-1.466087,-0.01554623,-1.560593,0.1992309,0.09569106,-2.129848,0.1559461,0.9015641,-0.0339541,0.4021319,10.75708,133.3407,14.97657,0.2401279,0.0553503,-0.9691616,-0.5342151,-0.02060262,-0.1527944,1.274164,0.009196374,-2.707789,-0.08626115,-0.002713268,0.9107238,-0.6279415,0.2538828,-0.7356854,0.3084989,0.9490559,0.06419821,0.7145053,-0.1866454,-0.6742742,moving,-48.25979,14.09577,-5.41075,-0.1706976
2810,05/08/2023 17:08:40.062671,3051,True,True,True,True,Eyes,0.4072494,0.1069323,-2.010535,0.7429018,-0.1670509,-0.6482213,0.0,0.0,0.0,0.0,0.0,0.0,0.0,-1.504602,-0.03263433,-1.535284,0.1917457,0.09584928,-2.139166,0.1566445,0.8980274,-0.04051841,0.4091061,11.59203,132.5135,14.67625,0.2354594,0.05501414,-0.9703255,-0.529856,-0.02079539,-0.1617424,1.274176,0.006835841,-2.707799,-0.08592403,0.0006991858,0.9187753,-0.6161897,0.2481894,-0.747471,0.3144947,0.9476416,0.05539515,0.7220831,-0.2009417,-0.6619811,moving,-48.89357,14.45106,-5.342772,0.04360194
2811,05/08/2023 17:08:40.072500,3052,True,True,True,True,Eyes,0.3981787,0.1065686,-2.016781,0.7498215,-0.1694477,-0.6395742,0.0,0.0,0.0,0.0,0.0,0.0,0.0,-1.541157,-0.0489964,-1.510191,0.1847552,0.09707431,-2.148182,0.1552412,0.8948588,-0.04579809,0.4159694,12.18781,131.6613,14.19748,0.2308062,0.05468113,-0.9714617,-0.5254794,-0.02078312,-0.1705086,1.274188,0.004430033,-2.707809,-0.08687088,0.00314262,0.9270462,-0.6057394,0.2397367,-0.7586873,0.3159391,0.9476054,0.04718556,0.7302483,-0.2111168,-0.6497441,moving,-49.53686,14.83893,-5.353393,0.1942278
2812,05/08/2023 17:08:40.092531,3053,True,True,True,True,Eyes,0.3892048,0.1062841,-2.023114,0.7567225,-0.1716295,-0.6308046,0.0,0.0,0.0,0.0,0.0,0.0,0.0,-1.57735,-0.05893333,-1.483377,0.1771642,0.09798068,-2.1566,0.1551089,0.891366,-0.05010355,0.422963,12.74027,130.7884,13.88911,0.2261678,0.05435327,-0.9725704,-0.5211629,-0.02062736,-0.1790142,1.2742,0.002141563,-2.707819,-0.08880574,0.004633041,0.9356811,-0.5940874,0.2341336,-0.7695726,0.3189014,0.9468617,0.04188943,0.7384866,-0.2205318,-0.6371841,moving,-50.18538,15.22061,-5.421717,0.2836987
2813,05/08/2023 17:08:40.112869,3054,True,True,True,True,Eyes,0.3803264,0.1060707,-2.029561,0.7636046,-0.173524,-0.6219304,0.0,0.0,0.0,0.0,0.0,0.0,0.0,-1.611359,-0.05854001,-1.458789,0.1701476,0.09969891,-2.165429,0.1545874,0.888105,-0.05138757,0.429804,12.95347,129.9099,13.67552,0.2215473,0.05403402,-0.973651,-0.5168147,-0.02024327,-0.1872727,1.274212,-0.00018795,-2.707828,-0.09033984,0.007037929,0.9447454,-0.5827423,0.2304066,-0.77931,0.3187529,0.9469241,0.04160947,0.7475345,-0.2241597,-0.6252556,moving,-50.83833,15.58956,-5.462214,0.42682
2814,05/08/2023 17:08:40.130684,3055,True,True,True,True,Eyes,0.3715338,0.1059145,-2.036141,0.7704452,-0.1746289,-0.6131222,0.0,0.0,0.0,0.0,0.0,0.0,0.0,-1.639313,-0.04251038,-1.441149,0.1634352,0.1011507,-2.174655,0.1534308,0.8857056,-0.04826233,0.4354944,12.65788,129.1517,13.61969,0.2169464,0.05372589,-0.9747036,-0.5124409,-0.01966889,-0.1953769,1.274225,-0.002559373,-2.707838,-0.09228608,0.008997717,0.9540548,-0.5736075,0.2297532,-0.7862496,0.3138251,0.9482594,0.04814411,0.7566299,-0.219129,-0.6160309,moving,-51.48714,15.89797,-5.525053,0.540342
2815,05/08/2023 17:08:40.143033,3056,True,True,True,True,Eyes,0.3628223,0.1057896,-2.042816,0.7771754,-0.1754862,-0.6043202,0.0,0.0,0.0,0.0,0.0,0.0,0.0,-1.665017,-0.01202218,-1.426013,0.1567327,0.1021303,-2.184249,0.1526814,0.8834559,-0.0417367,0.4409671,12.02861,128.4077,13.78006,0.2123657,0.05343029,-0.975728,-0.5080723,-0.01895739,-0.2033953,1.274236,-0.004830065,-2.707847,-0.09612888,0.01271465,0.9633286,-0.5644727,0.2329656,-0.7918949,0.3065836,0.9498928,0.06090989,0.7664052,-0.2084,-0.607612,moving,-52.13189,16.19257,-5.698581,0.7561837
2816,05/08/2023 17:08:40.163155,3057,True,True,True,True,Eyes,0.3541904,0.1056976,-2.049578,0.7835969,-0.1761238,-0.595782,0.0,0.0,0.0,0.0,0.0,0.0,0.0,-1.687014,0.005100787,-1.413252,0.1498736,0.1027038,-2.193242,0.1520035,0.8817151,-0.03843003,0.4449682,11.71491,127.8676,13.81702,0.207806,0.05314717,-0.9767248,-0.5037225,-0.01819465,-0.211218,1.274249,-0.007241088,-2.707857,-0.1029353,0.01539226,0.9721896,-0.5577967,0.2338472,-0.7963534,0.3022478,0.9508361,0.06750476,0.7729874,-0.2030421,-0.6010531,moving,-52.75366,16.46862,-6.043948,0.9070635
2817,05/08/2023 17:08:40.172922,3058,True,True,True,True,Eyes,0.3456477,0.1056691,-2.056411,0.7898305,-0.1768809,-0.5872656,0.0,0.0,0.0,0.0,0.0,0.0,0.0,-1.708719,0.01065589,-1.400156,0.1431062,0.1033624,-2.202069,0.1521971,0.8799291,-0.03829677,0.4484352,11.765,127.4193,13.79854,0.2032684,0.05287663,-0.9776939,-0.4993948,-0.01737875,-0.2188289,1.274261,-0.009597232,-2.707866,-0.1096085,0.01729647,0.9809617,-0.5514837,0.2334981,-0.8008396,0.3021925,0.9507388,0.06910419,0.7775251,-0.2038979,-0.5948784,moving,-53.36796,16.76199,-6.375543,1.010144
2818,05/08/2023 17:08:40.192980,3059,True,True,True,True,Eyes,0.3372025,0.1057047,-2.063302,0.7958585,-0.1776798,-0.5788257,0.0,0.0,0.0,0.0,0.0,0.0,0.0,-1.730664,0.01166543,-1.386131,0.1366293,0.1048909,-2.210661,0.1532209,0.8779628,-0.03945386,0.4518276,11.98976,126.993,13.80374,0.1987557,0.05262037,-0.9786351,-0.4950593,-0.01642154,-0.2261991,1.274273,-0.01193936,-2.707876,-0.1137359,0.01776426,0.9904289,-0.5447505,0.2333919,-0.805466,0.3046972,0.9499335,0.06918085,0.7812853,-0.2077369,-0.5885906,moving,-53.97171,17.0647,-6.550864,1.027543
2819,05/08/2023 17:08:40.212643,3060,True,True,True,True,Eyes,0.3288516,0.105798,-2.070261,0.801778,-0.1784564,-0.5703555,0.0,0.0,0.0,0.0,0.0,0.0,0.0,-1.757037,0.01544258,-1.366085,0.1302232,0.1065552,-2.2193,0.1530834,0.8753595,-0.03967391,0.4568779,12.0836,126.335,13.70984,0.1942714,0.05237998,-0.979548,-0.4906915,-0.01532972,-0.2333002,1.274285,-0.014224,-2.707886,-0.1160649,0.0161254,0.9995623,-0.5356564,0.2317537,-0.8120116,0.3042583,0.9499829,0.07042297,0.7877179,-0.2093387,-0.5793775,moving,-54.57334,17.37418,-6.62328,0.9242418
2820,05/08/2023 17:08:40.230418,3061,True,True,True,True,Eyes,0.3205944,0.105948,-2.07726,0.8074509,-0.1794057,-0.5619936,0.0,0.0,0.0,0.0,0.0,0.0,0.0,-1.780827,0.008507639,-1.348823,0.1240606,0.1080882,-2.227929,0.1507972,0.8735088,-0.04137506,0.4610105,12.19979,125.7832,13.32664,0.1898185,0.05215651,-0.9804325,-0.4863025,-0.01412987,-0.2401798,1.274297,-0.0166607,-2.707895,-0.121656,0.03494089,1.009408,-0.529459,0.2252966,-0.8178717,0.3015939,0.9510967,0.0667552,0.7929148,-0.2113211,-0.5715148,moving,-55.16171,17.70469,-6.87226,1.982514
2821,05/08/2023 17:08:40.243030,3062,True,True,True,True,Eyes,0.3124553,0.1061681,-2.084304,0.8131069,-0.1802066,-0.5535186,0.0,0.0,0.0,0.0,0.0,0.0,0.0,-1.804629,0.0001909286,-1.330282,0.1178429,0.1097171,-2.23616,0.1496617,0.8713956,-0.04393004,0.465125,12.46151,125.2435,13.01877,0.1854001,0.05195088,-0.9812886,-0.4818961,-0.01283207,-0.246766,1.274309,-0.01885124,-2.707904,-0.1254273,0.04071184,1.018662,-0.5225202,0.2199632,-0.823765,0.3016951,0.9513431,0.06266196,0.7974665,-0.2157837,-0.5634578,moving,-55.75512,18.03347,-7.019466,2.288665
2822,05/08/2023 17:08:40.262969,3063,True,True,True,True,Eyes,0.3044234,0.1064343,-2.091394,0.8188173,-0.1809707,-0.5447824,0.0,0.0,0.0,0.0,0.0,0.0,0.0,-1.829907,0.001781493,-1.309027,0.1124369,0.1116285,-2.244328,0.1473031,0.8689636,-0.04346303,0.4704415,12.36452,124.523,12.72174,0.181021,0.05176457,-0.9821156,-0.4773995,-0.01140183,-0.2530909,1.274321,-0.02117388,-2.707914,-0.129618,0.04024475,1.028167,-0.5139736,0.2151085,-0.8303975,0.2968958,0.9528255,0.0630594,0.8047885,-0.2141306,-0.553592,moving,-56.36305,18.37591,-7.185209,2.241541
2823,05/08/2023 17:08:40.273063,3064,True,True,True,True,Eyes,0.2964985,0.1067322,-2.098538,0.8245961,-0.1816473,-0.5357662,0.0,0.0,0.0,0.0,0.0,0.0,0.0,-1.858897,0.008230448,-1.281415,0.1069779,0.112933,-2.252419,0.1442402,0.865779,-0.04182322,0.4773598,12.12987,123.5803,12.39338,0.1766848,0.05159764,-0.9829137,-0.4728514,-0.009919156,-0.2591771,1.274333,-0.0235861,-2.707924,-0.1312493,0.04797609,1.037251,-0.5026445,0.2098307,-0.8386413,0.2896896,0.9548912,0.06528957,0.8145109,-0.2101282,-0.5407567,moving,-56.98694,18.72882,-7.211634,2.64822
2824,05/08/2023 17:08:40.292645,3065,True,True,True,True,Eyes,0.2886766,0.1070635,-2.105745,0.8303405,-0.1825019,-0.5265241,0.0,0.0,0.0,0.0,0.0,0.0,0.0,-1.890327,0.01507053,-1.249575,0.1014668,0.1140039,-2.260909,0.1427735,0.8618243,-0.04106624,0.4849621,12.07918,122.5589,12.17688,0.1723941,0.05144934,-0.983683,-0.468255,-0.008430161,-0.2650563,1.274345,-0.02583742,-2.707933,-0.132834,0.0440525,1.0461,-0.4888552,0.2062602,-0.8476305,0.2859225,0.9558586,0.0676957,0.8241777,-0.2092632,-0.5262508,moving,-57.62096,19.11716,-7.236703,2.411368
2825,05/08/2023 17:08:40.313397,3066,True,True,True,True,Eyes,0.2809607,0.1074142,-2.113026,0.8361173,-0.1832585,-0.5170342,0.0,0.0,0.0,0.0,0.0,0.0,0.0,-1.921505,0.02730063,-1.217073,0.0959693,0.1151363,-2.269741,0.1424365,0.8575984,-0.03954012,0.4926191,12.01413,121.5324,12.11935,0.1681508,0.05131904,-0.9844241,-0.4636254,-0.006930481,-0.2707736,1.274357,-0.02816699,-2.707942,-0.1352436,0.0369152,1.054505,-0.4740767,0.2053501,-0.8562025,0.283263,0.9562969,0.07251474,0.8336747,-0.2081529,-0.5115262,moving,-58.26839,19.51646,-7.308465,2.004941
2826,05/08/2023 17:08:40.330418,3067,True,True,True,True,Eyes,0.2733501,0.1077772,-2.120367,0.8417408,-0.1841742,-0.5074961,0.0,0.0,0.0,0.0,0.0,0.0,0.0,-1.951082,0.04134467,-1.186005,0.09064627,0.115936,-2.278899,0.1421564,0.8535191,-0.03758565,0.499884,11.90464,120.5533,12.09876,0.1639559,0.05120543,-0.9851373,-0.4589554,-0.005462734,-0.2763712,1.274369,-0.03054271,-2.707952,-0.1379395,0.04261874,1.062865,-0.4598151,0.2050894,-0.8640071,0.2802433,0.9567578,0.07796324,0.842635,-0.2062835,-0.4974066,moving,-58.9137,19.94623,-7.394563,2.296216
2827,05/08/2023 17:08:40.342859,3068,True,True,True,True,Eyes,0.2658439,0.1081357,-2.127781,0.8474032,-0.1849286,-0.497704,0.0,0.0,0.0,0.0,0.0,0.0,0.0,-1.979741,0.05408214,-1.154672,0.08531702,0.1166486,-2.287942,0.1415152,0.8494977,-0.03574446,0.5070006,11.78421,119.5875,12.03944,0.1598111,0.05110701,-0.9858233,-0.4542499,-0.004045971,-0.2818123,1.274381,-0.03289048,-2.707962,-0.1422718,0.0467424,1.070298,-0.4458476,0.2041887,-0.8715084,0.2766786,0.9573916,0.08276694,0.8512749,-0.2042262,-0.4833454,moving,-59.57307,20.38323,-7.571783,2.500652
2828,05/08/2023 17:08:40.362778,3069,True,True,True,True,Eyes,0.2584262,0.1084719,-2.135276,0.8528277,-0.1858766,-0.4879907,0.0,0.0,0.0,0.0,0.0,0.0,0.0,-2.008517,0.06601147,-1.121925,0.08016869,0.1168835,-2.297199,0.1400935,0.8453864,-0.03378999,0.514348,11.60977,118.5807,11.90725,0.155717,0.05102158,-0.9864828,-0.4495136,-0.002727624,-0.2871452,1.274393,-0.03513056,-2.707971,-0.147424,0.0465024,1.077465,-0.43164,0.2021067,-0.8791132,0.271626,0.9584641,0.08698248,0.8601782,-0.2012449,-0.4686088,moving,-60.22168,20.85193,-7.791106,2.4713
2829,05/08/2023 17:08:40.372754,3070,True,True,True,True,Eyes,0.2510981,0.1087736,-2.142859,0.8582686,-0.1867716,-0.4780075,0.0,0.0,0.0,0.0,0.0,0.0,0.0,-2.037519,0.07621086,-1.087179,0.07483292,0.1166776,-2.30652,0.1389802,0.8410246,-0.03257525,0.5218248,11.52759,117.5555,11.76436,0.1516734,0.05094625,-0.9871165,-0.444796,-0.001555479,-0.2924019,1.274406,-0.03763567,-2.707981,-0.1508609,0.04496193,1.08455,-0.4167672,0.1997744,-0.8867896,0.2677687,0.9592468,0.09025346,0.8686804,-0.1998398,-0.4532758,moving,-60.88465,21.34205,-7.919029,2.373938
2830,05/08/2023 17:08:40.392895,3071,True,True,True,True,Eyes,0.2438439,0.1090485,-2.150532,0.863447,-0.1879145,-0.4681318,0.0,0.0,0.0,0.0,0.0,0.0,0.0,-2.066467,0.08462936,-1.051767,0.06950899,0.116165,-2.316319,0.1380999,0.8365512,-0.03200774,0.5292315,11.52093,116.5373,11.60893,0.1476789,0.05087787,-0.9877255,-0.4400923,-0.0005570161,-0.297608,1.274417,-0.0398479,-2.70799,-0.1525791,0.04573566,1.091541,-0.4016849,0.1971762,-0.8942991,0.2649342,0.9598078,0.09262139,0.876618,-0.1997259,-0.4377789,moving,-61.53494,21.87119,-7.957426,2.399293
2831,05/08/2023 17:08:40.413414,3072,True,True,True,True,Eyes,0.2366662,0.1092825,-2.15829,0.8686062,-0.1889491,-0.4580628,0.0,0.0,0.0,0.0,0.0,0.0,0.0,-2.093789,0.08802739,-1.018109,0.06392985,0.1158639,-2.326099,0.1369938,0.8324292,-0.03240022,0.535952,11.58293,115.6081,11.3829,0.1437317,0.05081401,-0.9883109,-0.4354493,0.0003011394,-0.3027677,1.27443,-0.04227889,-2.708,-0.1534052,0.05068171,1.098628,-0.3879761,0.1933454,-0.9011613,0.2628052,0.9603658,0.09290243,0.8834068,-0.200786,-0.4234112,moving,-62.1949,22.41595,-7.949008,2.641285
2832,05/08/2023 17:08:40.430219,3073,True,True,True,True,Eyes,0.2295376,0.1094666,-2.166148,0.8733969,-0.1901507,-0.4483533,0.0,0.0,0.0,0.0,0.0,0.0,0.0,-2.119781,0.09036008,-0.9859383,0.05846144,0.1151358,-2.33603,0.1348961,0.8286287,-0.03244585,0.5423328,11.54212,114.7147,11.08426,0.1398305,0.05075187,-0.9888736,-0.4308556,0.0009850052,-0.3078782,1.274442,-0.04457106,-2.70801,-0.1541668,0.05353483,1.105405,-0.3753565,0.1883646,-0.9075385,0.2587504,0.9615006,0.09254599,0.8900313,-0.2000882,-0.409645,moving,-62.82657,22.98224,-7.939625,2.772673
2833,05/08/2023 17:08:40.444004,3074,True,True,True,True,Eyes,0.2224756,0.1095901,-2.174096,0.8781482,-0.1912683,-0.4384887,0.0,0.0,0.0,0.0,0.0,0.0,0.0,-2.144752,0.09175599,-0.9543622,0.05254535,0.1141381,-2.345933,0.1329562,0.8249609,-0.03282047,0.5483476,11.53483,113.8691,10.78669,0.1359717,0.05068846,-0.9894149,-0.4263902,0.001478149,-0.3129796,1.274454,-0.04690326,-2.708019,-0.154611,0.05508055,1.111992,-0.3632751,0.1833732,-0.9134579,0.2553613,0.962491,0.09166116,0.8960032,-0.1999635,-0.3964754,moving,-63.46551,23.56677,-7.91564,2.835727
2834,05/08/2023 17:08:40.463058,3075,True,True,True,True,Eyes,0.2154677,0.109644,-2.182139,0.8826028,-0.1924576,-0.42892,0.0,0.0,0.0,0.0,0.0,0.0,0.0,-2.168722,0.09556798,-0.9239774,0.04696616,0.1128282,-2.356116,0.1314675,0.8213354,-0.03285845,0.5541164,11.51779,113.0564,10.55812,0.1321536,0.05062069,-0.9899355,-0.4219925,0.001760097,-0.3180439,1.274466,-0.04915822,-2.708028,-0.1536973,0.05548947,1.118481,-0.3513429,0.179543,-0.9188704,0.2523727,0.9632733,0.09172101,0.9015912,-0.1996722,-0.383751,moving,-64.08156,24.16591,-7.824361,2.840199
2835,05/08/2023 17:08:40.472552,3076,True,True,True,True,Eyes,0.2085085,0.109618,-2.190288,0.887035,-0.1934866,-0.4192038,0.0,0.0,0.0,0.0,0.0,0.0,0.0,-2.19201,0.1047148,-0.8936272,0.04114441,0.1112834,-2.366509,0.1299892,0.8177154,-0.0315828,0.5598633,11.3735,112.2436,10.41486,0.1283744,0.05054538,-0.9904365,-0.4176968,0.001816251,-0.3230897,1.274478,-0.05156034,-2.708038,-0.1550202,0.06016713,1.124675,-0.3393118,0.1772242,-0.9238287,0.2479524,0.9642107,0.09390088,0.9074069,-0.1972038,-0.3711112,moving,-64.70506,24.77603,-7.847947,3.062254
2836,05/08/2023 17:08:40.492689,3077,True,True,True,True,Eyes,0.201591,0.1095103,-2.198544,0.8911353,-0.1945421,-0.4099161,0.0,0.0,0.0,0.0,0.0,0.0,0.0,-2.214846,0.1170232,-0.8633876,0.03523539,0.1093194,-2.377285,0.1289051,0.8140501,-0.02984217,0.5655222,11.20871,111.4421,10.34309,0.1246312,0.05045919,-0.9909188,-0.4135126,0.001629134,-0.3281503,1.27449,-0.0538916,-2.708048,-0.1585962,0.06654203,1.130197,-0.3271362,0.1761175,-0.9284204,0.2436232,0.9649858,0.09721129,0.9130331,-0.1943834,-0.3585881,moving,-65.2979,25.38855,-7.987939,3.369484
2837,05/08/2023 17:08:40.512532,3078,True,True,True,True,Eyes,0.1947041,0.1093159,-2.206915,0.8951971,-0.1954546,-0.4005242,0.0,0.0,0.0,0.0,0.0,0.0,0.0,-2.236542,0.1274802,-0.83531,0.02919063,0.1073286,-2.388251,0.1278646,0.8107018,-0.02850335,0.5706145,11.0776,110.7178,10.25968,0.1209215,0.0503591,-0.9913834,-0.4094543,0.001208403,-0.3332313,1.274502,-0.05626096,-2.708057,-0.1618991,0.06710801,1.136117,-0.3160996,0.1747913,-0.9324854,0.239849,0.9656764,0.09970737,0.9179072,-0.1921382,-0.3471735,moving,-65.89556,26.01223,-8.110168,3.380412
2838,05/08/2023 17:08:40.530451,3079,True,True,True,True,Eyes,0.1878502,0.109016,-2.215367,0.8989383,-0.1964087,-0.3915782,0.0,0.0,0.0,0.0,0.0,0.0,0.0,-2.257987,0.1364151,-0.8072989,0.0229349,0.1050425,-2.399434,0.1265067,0.8074461,-0.02737524,0.5755671,10.94311,110.009,10.13582,0.117242,0.05024213,-0.9918313,-0.4055478,0.0005525857,-0.3383487,1.274514,-0.05858983,-2.708067,-0.1643601,0.06925171,1.141947,-0.305437,0.1727821,-0.9364051,0.2358073,0.9664932,0.1014182,0.9225525,-0.1898343,-0.3359461,moving,-66.46202,26.63753,-8.190317,3.470368
2839,05/08/2023 17:08:40.542851,3080,True,True,True,True,Eyes,0.1810134,0.1086273,-2.223939,0.902629,-0.1972565,-0.3825581,0.0,0.0,0.0,0.0,0.0,0.0,0.0,-2.278775,0.1428448,-0.7802632,0.01654897,0.1024084,-2.410657,0.124583,0.8044315,-0.02649561,0.5802302,10.78951,109.3365,9.94738,0.1135912,0.0501049,-0.992263,-0.4017766,-0.0003801376,-0.3434057,1.274527,-0.06095153,-2.708077,-0.1679288,0.0731165,1.147251,-0.2956241,0.1696898,-0.9401128,0.2311841,0.9675541,0.1019458,0.9269092,-0.1872014,-0.3252618,moving,-67.03149,27.27677,-8.327526,3.646638
2840,05/08/2023 17:08:40.563043,3081,True,True,True,True,Eyes,0.1741891,0.1081819,-2.232642,0.9060451,-0.1981509,-0.3739229,0.0,0.0,0.0,0.0,0.0,0.0,0.0,-2.299062,0.150364,-0.753978,0.01002352,0.09966242,-2.422136,0.1233776,0.8014455,-0.02582826,0.5846332,10.69968,108.7022,9.818372,0.1099662,0.04994506,-0.9926793,-0.3981804,-0.00152342,-0.3485169,1.274539,-0.06329431,-2.708086,-0.1726984,0.07283349,1.152346,-0.2859642,0.1675607,-0.9434767,0.2279609,0.9682217,0.1028614,0.9307302,-0.1856611,-0.315074,moving,-67.57417,27.92021,-8.523305,3.616544
2841,05/08/2023 17:08:40.572953,3082,True,True,True,True,Eyes,0.1673774,0.107644,-2.24148,0.9094555,-0.1987348,-0.365233,0.0,0.0,0.0,0.0,0.0,0.0,0.0,-2.318773,0.1622375,-0.728142,0.003472331,0.0978715,-2.433851,0.122724,0.7984618,-0.02417962,0.5889083,10.55384,108.0868,9.810147,0.1063627,0.04976197,-0.993081,-0.3947625,-0.002768179,-0.3537156,1.274551,-0.06567731,-2.708096,-0.1774098,0.06507424,1.157513,-0.2762519,0.1675017,-0.9463762,0.2244599,0.9687084,0.1059333,0.9345066,-0.1831593,-0.3052048,moving,-68.11984,28.552,-8.713809,3.217726
2842,05/08/2023 17:08:40.592718,3083,True,True,True,True,Eyes,0.1605591,0.1070214,-2.250434,0.9125671,-0.1994697,-0.3569777,0.0,0.0,0.0,0.0,0.0,0.0,0.0,-2.337717,0.1802554,-0.7032967,-0.003106909,0.09526427,-2.446008,0.1210912,0.7956926,-0.0203931,0.5931225,10.14251,107.4739,9.856819,0.1027783,0.04955341,-0.9934689,-0.391512,-0.004216019,-0.3590058,1.274563,-0.06803638,-2.708106,-0.1818437,0.05794469,1.162432,-0.2670852,0.1685115,-0.9488252,0.2168939,0.9698421,0.1111905,0.9389474,-0.1760971,-0.2955795,moving,-68.63557,29.19531,-8.89094,2.853706
2843,05/08/2023 17:08:40.612878,3084,True,True,True,True,Eyes,0.153732,0.1063212,-2.259529,0.9156259,-0.2001584,-0.3486629,0.0,0.0,0.0,0.0,0.0,0.0,0.0,-2.356395,0.1945293,-0.6788595,-0.01026061,0.09273415,-2.458167,0.1214319,0.7928464,-0.01900896,0.5968982,10.08491,106.9299,9.934749,0.09920986,0.04931778,-0.9938433,-0.3884762,-0.005830769,-0.3643261,1.274575,-0.07030248,-2.708115,-0.1861203,0.05389546,1.166915,-0.2579335,0.1698609,-0.9511138,0.2152465,0.9697859,0.1148226,0.9418806,-0.1751073,-0.2867023,moving,-69.15358,29.85903,-9.062218,2.644401
2844,05/08/2023 17:08:40.630536,3085,True,True,True,True,Eyes,0.1468947,0.1055494,-2.268751,0.9184291,-0.2010529,-0.3406842,0.0,0.0,0.0,0.0,0.0,0.0,0.0,-2.375463,0.2094573,-0.6529257,-0.01737206,0.09015787,-2.470744,0.1219326,0.7897896,-0.01764962,0.6008772,10.04444,106.3549,10.02393,0.09565361,0.04905388,-0.9942049,-0.3856488,-0.00758145,-0.3697536,1.274588,-0.07275403,-2.708125,-0.1915805,0.05109336,1.170891,-0.2481582,0.1713917,-0.9534373,0.2138127,0.9696419,0.118654,0.9448291,-0.174412,-0.2772703,moving,-69.64806,30.54674,-9.292365,2.498591
2845,05/08/2023 17:08:40.642849,3086,True,True,True,True,Eyes,0.1400506,0.1047204,-2.278122,0.9211959,-0.2018798,-0.3326299,0.0,0.0,0.0,0.0,0.0,0.0,0.0,-2.394391,0.221463,-0.6276174,-0.0246333,0.08781283,-2.483493,0.1222191,0.7868925,-0.01680561,0.6046326,10.03465,105.8096,10.061,0.09210729,0.04876101,-0.9945542,-0.3830216,-0.009441913,-0.3752345,1.274599,-0.07499597,-2.708134,-0.1961564,0.04783401,1.174893,-0.2389642,0.1720241,-0.9556694,0.212669,0.9695601,0.1213468,0.9474536,-0.1742437,-0.2682743,moving,-70.14611,31.2544,-9.478501,2.331425
2846,05/08/2023 17:08:40.662831,3087,True,True,True,True,Eyes,0.1332257,0.1038992,-2.287642,0.9237069,-0.2030334,-0.3248738,0.0,0.0,0.0,0.0,0.0,0.0,0.0,-2.413837,0.2309486,-0.6008279,-0.03170803,0.0856062,-2.496518,0.1218078,0.7839032,-0.0160583,0.6086056,9.988012,105.2282,10.02412,0.08856854,0.04843912,-0.9948912,-0.3805726,-0.01136236,-0.3808335,1.274611,-0.07733081,-2.708144,-0.2010996,0.04302909,1.178493,-0.2295244,0.1714247,-0.9580878,0.2105174,0.9698099,0.1230895,0.9502637,-0.1734421,-0.2586828,moving,-70.62289,32.00377,-9.683754,2.091052
2847,05/08/2023 17:08:40.672585,3088,True,True,True,True,Eyes,0.1264253,0.1032131,-2.29731,0.9260763,-0.2044558,-0.3171444,0.0,0.0,0.0,0.0,0.0,0.0,0.0,-2.432653,0.2261519,-0.5810814,-0.03809698,0.08507237,-2.509565,0.1215054,0.7818161,-0.01840692,0.6112782,10.21421,104.8363,9.798478,0.08503751,0.04809124,-0.9952161,-0.378213,-0.01314421,-0.3865437,1.274624,-0.07972047,-2.708153,-0.206403,0.03986249,1.181713,-0.2231506,0.1674862,-0.9602874,0.2124932,0.9697952,0.1197655,0.9513413,-0.1773288,-0.252,moving,-71.0957,32.80896,-9.90758,1.932015
2848,05/08/2023 17:08:40.695861,3089,True,True,True,True,Eyes,0.1196688,0.102609,-2.307159,0.9285118,-0.2055248,-0.3092335,0.0,0.0,0.0,0.0,0.0,0.0,0.0,-2.450157,0.2402174,-0.5597773,-0.04435321,0.08766954,-2.52283,0.1260501,0.7788636,-0.01915717,0.6140977,10.64106,104.4374,10.12794,0.0815152,0.04772616,-0.9955284,-0.3759214,-0.01441388,-0.392354,1.274635,-0.08190262,-2.708163,-0.2142684,0.03498494,1.184005,-0.2139912,0.1728229,-0.9614262,0.2198804,0.9674888,0.1249725,0.9517671,-0.1846557,-0.2450344,moving,-71.58007,33.60907,-10.25775,1.692482
2849,05/08/2023 17:08:40.712523,3090,True,True,True,True,Eyes,0.112898,0.102056,-2.317167,0.9307876,-0.2069994,-0.3013066,0.0,0.0,0.0,0.0,0.0,0.0,0.0,-2.470788,0.275265,-0.5166721,-0.0502067,0.08894022,-2.537141,0.1253868,0.7737005,-0.01123633,0.6209183,9.967934,103.425,10.53463,0.07800269,0.04734911,-0.9958278,-0.3736358,-0.01536151,-0.3983585,1.274647,-0.08429983,-2.708172,-0.2229296,0.03377514,1.186196,-0.1974776,0.1800699,-0.9636275,0.2079773,0.9683038,0.1383228,0.9579919,-0.173097,-0.2286688,moving,-72.06264,34.4893,-10.64382,1.63097
2850,05/08/2023 17:08:40.730307,3091,True,True,True,True,Eyes,-0.05639774,0.09243909,-2.570392,0.9593846,-0.263504,-0.1007318,0.0,0.0,0.0,0.0,0.0,0.0,0.0,-2.492502,0.2527681,-0.4925828,-0.05734577,0.08976854,-2.551029,0.1257517,0.7712053,-0.01855744,0.6237665,10.69043,103.0057,10.01038,0.0744982,0.04696341,-0.9961144,-0.3715299,-0.01609872,-0.4044813,1.27466,-0.08668542,-2.708182,-0.2322399,0.03231882,1.187791,-0.1902039,0.1708097,-0.9667712,0.2171117,0.9676843,0.1282562,0.9574367,-0.1855026,-0.2211421,moving,-84.00613,69.07925,-11.06305,1.558587
2851,05/08/2023 17:08:40.742688,3092,True,True,True,True,Eyes,-0.05658309,0.09263918,-2.570936,0.9595682,-0.262956,-0.1004143,0.0,0.0,0.0,0.0,0.0,0.0,0.0,-2.51112,0.2456921,-0.474293,-0.06426926,0.09378697,-2.564784,0.1336522,0.7683581,-0.02743096,0.6253083,12.08141,102.7899,10.07603,0.03551008,0.04294669,-0.9984459,-0.8571254,-0.04398356,-1.139888,1.274671,-0.0889437,-2.708191,-0.2423374,0.03218216,1.188866,-0.1822531,0.1710798,-0.9682538,0.239691,0.9627693,0.124994,0.953589,-0.2093012,-0.216474,moving,-84.02601,69.09978,-11.52128,1.550596
2852,05/08/2023 17:08:40.762624,3093,True,True,True,True,Eyes,-0.05699237,0.09293267,-2.571961,0.9598716,-0.2620796,-0.09980369,0.0,0.0,0.0,0.0,0.0,0.0,0.0,-2.527809,0.2627226,-0.4516597,-0.06897496,0.09864872,-2.578439,0.1303083,0.7662591,-0.02028927,0.6288521,11.24373,102.2597,10.22945,0.00507502,0.03975776,-0.9991962,-0.8056979,-0.04134454,-1.071495,1.274683,-0.09123395,-2.708201,-0.2521382,0.03515746,1.189455,-0.1751293,0.174182,-0.969015,0.2252178,0.9652162,0.1327957,0.9584396,-0.194983,-0.2082666,moving,-84.06394,69.15245,-11.96828,1.693035
2853,05/08/2023 17:08:40.772752,3094,True,True,True,True,Eyes,-0.05758461,0.09335326,-2.573469,0.9601253,-0.2614541,-0.09900033,0.0,0.0,0.0,0.0,0.0,0.0,0.0,-2.546324,0.2550002,-0.4286199,-0.07492217,0.1012601,-2.591647,0.126278,0.7644204,-0.01942642,0.631932,10.91183,101.7863,9.881401,-0.01820835,0.0372863,-0.9991384,-0.757356,-0.03886387,-1.007205,1.274696,-0.09377377,-2.708211,-0.2626821,0.03793266,1.189825,-0.1694318,0.1685066,-0.9710297,0.2176113,0.967353,0.1298983,0.9612171,-0.1892981,-0.2005693,moving,-84.11293,69.26069,-12.4497,1.82602
2854,05/08/2023 17:08:40.792971,3095,True,True,True,True,Eyes,-0.05833463,0.09387893,-2.575409,0.960501,-0.2604915,-0.09788751,0.0,0.0,0.0,0.0,0.0,0.0,0.0,-2.564156,0.2400923,-0.4119723,-0.07991791,0.1048045,-2.604781,0.1261155,0.7627907,-0.02332794,0.633799,11.27116,101.4992,9.557147,-0.03561152,0.03542395,-0.9987374,-0.7119146,-0.03653204,-0.9467731,1.274708,-0.09597707,-2.70822,-0.2733074,0.04048487,1.18965,-0.1647877,0.1628291,-0.972796,0.22197,0.9671013,0.1242751,0.9610279,-0.1954525,-0.1955096,moving,-84.18091,69.40478,-12.93848,1.949075
2855,05/08/2023 17:08:40.813072,3096,True,True,True,True,Eyes,-0.05922997,0.09444834,-2.577762,0.9609381,-0.2593586,-0.09659791,0.0,0.0,0.0,0.0,0.0,0.0,0.0,-2.580182,0.2429402,-0.3923073,-0.08457452,0.1078561,-2.617533,0.1230349,0.7610753,-0.02022551,0.6365671,10.80262,101.0784,9.464819,-0.04824778,0.03406975,-0.9982539,-0.6691997,-0.03434012,-0.8899667,1.274721,-0.09855437,-2.708231,-0.2833381,0.04212246,1.189377,-0.1592894,0.1615278,-0.9739279,0.2130274,0.9689066,0.1258536,0.9639741,-0.1874262,-0.1887465,moving,-84.25965,69.57219,-13.39948,2.028315
2856,05/08/2023 17:08:40.830428,3097,True,True,True,True,Eyes,-0.06026675,0.09504125,-2.580498,0.9613282,-0.2585148,-0.09496371,0.0,0.0,0.0,0.0,0.0,0.0,0.0,-2.595099,0.2446691,-0.3762124,-0.08898935,0.1094324,-2.629837,0.1208013,0.7596517,-0.0183788,0.6387477,10.50062,100.7457,9.368359,-0.05706862,0.03313198,-0.9978201,-0.6290477,-0.03227971,-0.8365687,1.274732,-0.1007066,-2.708239,-0.28965,0.04474937,1.189775,-0.1548167,0.160055,-0.9748918,0.2070127,0.9701385,0.1264001,0.9660111,-0.1822461,-0.1833271,moving,-84.35841,69.82953,-13.68246,2.153972
2857,05/08/2023 17:08:40.842717,3098,True,True,True,True,Eyes,-0.06139964,0.09566843,-2.583605,0.9617453,-0.2576741,-0.09300577,0.0,0.0,0.0,0.0,0.0,0.0,0.0,-2.609482,0.2567353,-0.3539872,-0.09346068,0.1106379,-2.641901,0.1232486,0.756834,-0.01838965,0.6416184,10.71903,100.3174,9.546796,-0.06287279,0.03253058,-0.997491,-0.5913048,-0.03034293,-0.7863745,1.274744,-0.1030447,-2.708249,-0.294736,0.04908626,1.190145,-0.1462716,0.1629592,-0.9757301,0.2101557,0.9689432,0.1303213,0.9666641,-0.1859929,-0.1759756,moving,-84.47637,70.15328,-13.9093,2.361765
2858,05/08/2023 17:08:40.862790,3099,True,True,True,True,Eyes,-0.06262988,0.09632417,-2.587105,0.9621495,-0.2570819,-0.0904273,0.0,0.0,0.0,0.0,0.0,0.0,0.0,-2.623567,0.2763188,-0.3257184,-0.09694658,0.1120614,-2.653977,0.1246724,0.7532665,-0.01564563,0.6456018,10.63479,99.71844,9.819849,-0.06632137,0.0321979,-0.9972785,-0.5558265,-0.02852235,-0.739192,1.274756,-0.1053047,-2.708258,-0.2982119,0.05626009,1.190767,-0.1353101,0.1676214,-0.9765214,0.2080248,0.968424,0.1374068,0.9687191,-0.1845481,-0.165907,moving,-84.63084,70.62093,-14.05979,2.705038
2859,05/08/2023 17:08:40.873667,3100,True,True,True,True,Eyes,-0.06391491,0.09698985,-2.590948,0.9625629,-0.2565878,-0.08738017,1.383112,1.267417,-0.2578998,-2.711805,-0.5374518,-0.8197008,-0.1980817,-0.1856383,-0.08099675,1.403523,-0.1004467,0.1132388,-2.665954,0.1269473,0.7487976,-0.01382978,0.650381,10.71009,98.99512,10.08902,-0.06795669,0.03207718,-0.9971722,-0.522477,-0.02681101,-0.6948405,1.274769,-0.1077404,-2.708268,-0.300197,0.05980968,1.19167,-0.121778,0.1721264,-0.9775187,0.2081049,0.9673863,0.1444168,0.9704961,-0.1858397,-0.1536268,moving,-84.81299,71.19389,-14.13935,2.873252
2860,05/08/2023 17:08:40.893003,3101,True,True,True,True,Eyes,-0.06525144,0.09765895,-2.595105,0.9629496,-0.2563265,-0.08381419,1.377852,1.26155,-0.2555209,-2.710588,-0.9309742,-0.3462287,-0.1158131,-0.1780152,-0.07896276,1.400755,-0.1031226,0.1141495,-2.678162,0.128214,0.7437344,-0.01284905,0.6559385,10.79605,98.14431,10.19453,-0.06821846,0.03212093,-0.9971526,-0.4911284,-0.02520235,-0.6531501,1.274781,-0.1101005,-2.708278,-0.3015841,0.05660622,1.192516,-0.1066117,0.173858,-0.9789827,0.2075708,0.9667922,0.1490885,0.9723931,-0.1873136,-0.1391593,moving,-85.02557,71.89318,-14.19237,2.717669
2861,05/08/2023 17:08:40.913142,3102,True,True,True,True,Eyes,-0.06662425,0.09832028,-2.59956,0.9633087,-0.256244,-0.07984569,1.377853,1.260674,-0.2547464,-2.709575,-0.9891862,-0.1387431,-0.04755046,-0.1707722,-0.07617974,1.403321,-0.10578,0.1149803,-2.690038,0.1281462,0.7390448,-0.01402441,0.661207,10.96397,97.32777,10.02293,-0.06746259,0.03228991,-0.9971986,-0.4616607,-0.02369021,-0.6139611,1.274793,-0.1124368,-2.708287,-0.3018831,0.05543569,1.193465,-0.09276761,0.1708655,-0.9809175,0.2079576,0.9667638,0.148733,0.9737289,-0.1901917,-0.1252171,moving,-85.26176,72.69296,-14.19504,2.659441
2862,05/08/2023 17:08:40.930358,3103,True,True,True,True,Eyes,-0.06801435,0.098968,-2.604279,0.9636211,-0.2563746,-0.07554091,1.378709,1.260539,-0.254498,-2.708428,-0.9988345,0.03817753,0.02952862,-0.1637303,-0.07109828,1.406487,-0.1080784,0.1155182,-2.701774,0.1278652,0.7345378,-0.01672345,0.6662021,11.24099,96.54462,9.718021,-0.06597257,0.03255208,-0.9972898,-0.433961,-0.0222688,-0.5771234,1.274805,-0.1147872,-2.708297,-0.3025226,0.05327199,1.193999,-0.07965054,0.1655612,-0.9829779,0.210126,0.9667416,0.1458001,0.9744244,-0.1949361,-0.1117902,moving,-85.51759,73.58237,-14.21778,2.554639
2863,05/08/2023 17:08:40.942896,3104,True,True,True,True,Eyes,-0.06941922,0.09961255,-2.609264,0.9638973,-0.2566615,-0.0709002,1.380159,1.260912,-0.2546211,-2.707118,-0.9754229,0.1863684,0.1175457,-0.1582057,-0.06726045,1.409658,-0.109963,0.1159854,-2.713363,0.1270546,0.7304237,-0.01944855,0.6707907,11.47062,95.81678,9.367515,-0.06397353,0.03288127,-0.9974092,-0.4079233,-0.02093267,-0.542496,1.274817,-0.1170735,-2.708307,-0.3041119,0.05350588,1.194052,-0.06779414,0.1595157,-0.9848649,0.2116993,0.9669577,0.1420428,0.9749808,-0.1988655,-0.09932342,moving,-85.79314,74.55771,-14.28883,2.565728
2864,05/08/2023 17:08:40.963015,3105,True,True,True,True,Eyes,-0.0708157,0.1002416,-2.614531,0.9641458,-0.2570326,-0.06600754,1.382015,1.261649,-0.2549815,-2.705755,-0.9264134,0.3132518,0.2088822,-0.1525189,-0.06271219,1.413335,-0.1117673,0.1166037,-2.724822,0.1274746,0.7260042,-0.0213195,0.675436,11.72169,95.07786,9.185015,-0.0616441,0.0332567,-0.9975435,-0.3834479,-0.01967671,-0.5099463,1.274829,-0.119393,-2.708316,-0.3090407,0.06961758,1.192997,-0.05507315,0.1562943,-0.986174,0.2138941,0.9665915,0.1412457,0.9753032,-0.2031579,-0.08666376,moving,-86.08352,75.59733,-14.52298,3.339719
2865,05/08/2023 17:08:40.972732,3106,True,True,True,True,Eyes,-0.07221482,0.100836,-2.620062,0.9643322,-0.2575995,-0.06087637,1.38344,1.261881,-0.2555377,-2.70428,-0.91075,0.2761482,0.3070453,-0.1476353,-0.06312031,1.415709,-0.1130099,0.1168159,-2.736497,0.1269577,0.7216796,-0.02159084,0.680143,11.7629,94.32787,9.043055,-0.05912209,0.03366152,-0.9976826,-0.3604411,-0.01849611,-0.4793495,1.274842,-0.1218212,-2.708326,-0.3057839,0.06369743,1.195258,-0.04257501,0.1538759,-0.9871727,0.2126153,0.9668311,0.1415354,0.9762081,-0.2038621,-0.07387922,moving,-86.38783,76.7037,-14.35023,3.050508
2866,05/08/2023 17:08:40.992768,3107,True,True,True,True,Eyes,-0.07360549,0.1014227,-2.625856,0.9644009,-0.2585039,-0.0557375,1.386757,1.263784,-0.2570593,-2.703151,-0.7862783,0.4841475,0.3838849,-0.1445117,-0.05640166,1.420329,-0.1145112,0.1166388,-2.748441,0.1281248,0.7177023,-0.02371932,0.6840504,12.08335,93.69545,8.910546,-0.0565148,0.03408164,-0.9978194,-0.3388146,-0.01738634,-0.4505885,1.274853,-0.1240846,-2.708335,-0.3094694,0.05986348,1.195464,-0.03131844,0.1514605,-0.9879671,0.2163613,0.9660428,0.1412408,0.975811,-0.2093344,-0.06302512,moving,-86.69228,77.83241,-14.51353,2.86672
2867,05/08/2023 17:08:41.012885,3108,True,True,True,True,Eyes,-0.07497159,0.1020203,-2.63188,0.9644157,-0.2595311,-0.05045638,1.389425,1.265011,-0.2585787,-2.701986,-0.7050265,0.5380149,0.4620363,-0.144069,-0.04633802,1.424084,-0.1157213,0.1170615,-2.760202,0.1305866,0.714282,-0.02642711,0.6870589,12.54429,93.20084,8.85367,-0.05390342,0.03450696,-0.9979492,-0.3184857,-0.01634316,-0.4235532,1.274865,-0.1264371,-2.708345,-0.3114604,0.09290376,1.195829,-0.02179434,0.1502374,-0.9884098,0.2228653,0.9644975,0.1416886,0.9746057,-0.2171942,-0.05450334,moving,-87.00513,78.99816,-14.59866,4.442375
2868,05/08/2023 17:08:41.030467,3109,True,True,True,True,Eyes,-0.07630454,0.1026246,-2.638139,0.9643887,-0.2606083,-0.04514205,1.392353,1.266464,-0.2602341,-2.700992,-0.6090254,0.5910738,0.5288855,-0.1438053,-0.04238734,1.427672,-0.1165308,0.1179637,-2.771797,0.1314605,0.7110714,-0.0280582,0.6901509,12.78881,92.69241,8.742702,-0.05135995,0.03492916,-0.9980687,-0.2993766,-0.01536257,-0.39814,1.274878,-0.1287934,-2.708354,-0.3114914,0.08956403,1.197196,-0.01281953,0.1482268,-0.9888703,0.2256844,0.9638618,0.1415524,0.974116,-0.2213579,-0.04580881,moving,-87.32,80.17285,-14.5841,4.278414
2869,05/08/2023 17:08:41.042928,3110,True,True,True,True,Eyes,-0.07759855,0.1032162,-2.644601,0.9643326,-0.2617077,-0.03964455,1.39552,1.268147,-0.2620021,-2.699925,-0.497897,0.6253752,0.6008364,-0.1421737,-0.04097239,1.431323,-0.1170437,0.1186051,-2.783376,0.1312386,0.7076445,-0.02959603,0.6936426,12.94127,92.11503,8.537287,-0.04911409,0.03532253,-0.9981679,-0.281414,-0.01444082,-0.3742516,1.27489,-0.131162,-2.708364,-0.3074391,0.07940359,1.200984,-0.003273296,0.1446823,-0.9894729,0.2267986,0.9638011,0.1401783,0.9739363,-0.2239522,-0.03596846,moving,-87.64585,81.38609,-14.35877,3.782632
2870,05/08/2023 17:08:41.063001,3111,True,True,True,True,Eyes,-0.07884121,0.1038036,-2.65128,0.9642209,-0.2628805,-0.03423321,1.398874,1.269982,-0.2639332,-2.699168,-0.3763998,0.6581254,0.6520692,-0.1400455,-0.04128709,1.435052,-0.1174012,0.1191441,-2.794621,0.1296344,0.7044934,-0.03193612,0.6970396,13.04511,91.54298,8.15149,-0.0471344,0.03568917,-0.9982503,-0.2645291,-0.01357437,-0.3517965,1.274902,-0.1334447,-2.708374,-0.2988715,0.09182695,1.205008,0.005338226,0.1381316,-0.9903997,0.2271746,0.96435,0.135723,0.9738395,-0.2257181,-0.02623207,moving,-87.96666,82.5805,-13.92967,4.35777
2871,05/08/2023 17:08:41.072655,3112,True,True,True,True,Eyes,-0.0800047,0.1043783,-2.658137,0.9640958,-0.2640044,-0.02865181,1.399879,1.269612,-0.2651958,-2.698246,-0.4011839,0.5741131,0.7137547,-0.1392141,-0.03791868,1.436266,-0.117464,0.1196198,-2.806013,0.129421,0.701432,-0.03446791,0.7000396,13.27079,91.03103,7.871953,-0.04539158,0.03603129,-0.9983187,-0.2486574,-0.01275991,-0.3306887,1.274914,-0.1358578,-2.708383,-0.2911767,0.09726272,1.20925,0.01361012,0.1333023,-0.990982,0.2298179,0.9641243,0.1328459,0.9731385,-0.2295535,-0.01751343,moving,-88.29774,83.80606,-13.53858,4.598529
2872,05/08/2023 17:08:41.092677,3113,True,True,True,True,Eyes,-0.0810791,0.1049232,-2.665167,0.9640034,-0.2648899,-0.02303297,0.0,0.0,0.0,0.0,0.0,0.0,0.0,-2.805203,0.2864287,0.1191199,-0.1168752,0.1198073,-2.817337,0.1289217,0.6980742,-0.03451785,0.7034771,13.27229,90.46252,7.760681,-0.04385918,0.03635047,-0.9983757,-0.2337379,-0.01199431,-0.3108474,1.274926,-0.1382236,-2.708393,-0.2828255,0.1033109,1.214367,0.02300189,0.1314288,-0.9910586,0.2285589,0.9643754,0.133195,0.9732583,-0.229579,-0.007856727,moving,-88.63129,85.03046,-13.11045,4.862666
2873,05/08/2023 17:08:41.112894,3114,True,True,True,True,Eyes,-0.08204599,0.1054208,-2.672365,0.9638802,-0.2657852,-0.01712654,0.0,0.0,0.0,0.0,0.0,0.0,0.0,-2.814192,0.2952776,0.1484225,-0.1158637,0.1196352,-2.828631,0.1283413,0.6942921,-0.03282442,0.7073963,13.12968,89.82503,7.776554,-0.04251218,0.03664768,-0.9984231,-0.2197137,-0.01127465,-0.2921965,1.274938,-0.1404423,-2.708402,-0.2759934,0.1021668,1.219196,0.03376197,0.1317729,-0.9907048,0.2246524,0.9649021,0.1359968,0.9738539,-0.2271557,0.002973888,moving,-88.98206,86.3131,-12.75525,4.790109
2874,05/08/2023 17:08:41.130405,3115,True,True,True,True,Eyes,-0.08288183,0.1058702,-2.679764,0.9637515,-0.266569,-0.01113708,0.0,0.0,0.0,0.0,0.0,0.0,0.0,-2.821212,0.3155198,0.1845634,-0.1143253,0.1189837,-2.840005,0.1299444,0.6891924,-0.03087999,0.7121621,13.1586,89.0434,7.976902,-0.04132762,0.03692307,-0.9984627,-0.2065309,-0.01059817,-0.2746648,1.27495,-0.1428466,-2.708412,-0.2739662,0.09175134,1.223284,0.04812062,0.1351302,-0.9896587,0.2230964,0.9643219,0.1425183,0.973608,-0.2276474,0.01625671,moving,-89.33792,87.60761,-12.62364,4.289389
2875,05/08/2023 17:08:41.143013,3116,True,True,True,True,Eyes,-0.08357726,0.1062387,-2.687346,0.963586,-0.2673541,-0.004861617,0.0,0.0,0.0,0.0,0.0,0.0,0.0,-2.82779,0.3343052,0.2254887,-0.1121373,0.1181995,-2.851745,0.1307266,0.6835292,-0.0285678,0.7175531,13.10053,88.15269,8.128456,-0.04028429,0.03717666,-0.9984959,-0.194139,-0.009962283,-0.2581849,1.274962,-0.1451913,-2.708421,-0.2737383,0.07597464,1.227052,0.06394335,0.137713,-0.9884062,0.2197087,0.9641889,0.1485526,0.9734678,-0.2266604,0.03139671,moving,-89.71093,88.95824,-12.57596,3.543025
2876,05/08/2023 17:08:41.162833,3117,True,True,True,True,Eyes,-0.08414455,0.106522,-2.695101,0.9633562,-0.2682226,0.001242447,0.0,0.0,0.0,0.0,0.0,0.0,0.0,-2.83559,0.3442881,0.2613058,-0.1095379,0.1166333,-2.863875,0.1309759,0.6785688,-0.02803909,0.7222213,13.13463,87.36447,8.102158,-0.03936255,0.03740735,-0.9985241,-0.1824907,-0.009364546,-0.2426938,1.274974,-0.1474616,-2.708431,-0.2758057,0.06741519,1.230138,0.07751628,0.1372514,-0.9874986,0.2182531,0.9641182,0.1511342,0.9728089,-0.22724,0.04477932,moving,89.92611,-89.7346,-12.63713,3.136839
2877,05/08/2023 17:08:41.172652,3118,True,True,True,True,Eyes,-0.08456717,0.106736,-2.703007,0.9630667,-0.2691584,0.00750587,0.0,0.0,0.0,0.0,0.0,0.0,0.0,-2.844317,0.3498215,0.2886169,-0.10707,0.1149683,-2.875957,0.1324772,0.6745352,-0.02994366,0.7256416,13.45361,86.76373,7.994666,-0.03854432,0.03761423,-0.9985482,-0.1715412,-0.008802674,-0.2281322,1.274987,-0.1498667,-2.708441,-0.2778196,0.0662987,1.232928,0.08821157,0.1352643,-0.9868751,0.2221778,0.9631063,0.1518658,0.9710076,-0.232658,0.05490443,moving,89.55347,-88.40264,-12.69856,3.078023
2878,05/08/2023 17:08:41.192836,3119,True,True,True,True,Eyes,-0.08484551,0.106864,-2.71104,0.9627798,-0.2699377,0.01373582,0.0,0.0,0.0,0.0,0.0,0.0,0.0,-2.85319,0.3490278,0.3152528,-0.1040653,0.1135664,-2.887589,0.1324024,0.6708094,-0.03158032,0.7290317,13.61637,86.16705,7.781334,-0.03781535,0.03779651,-0.9985692,-0.1612488,-0.008274513,-0.2144442,1.274999,-0.1522073,-2.70845,-0.2791798,0.0681944,1.235794,0.09803487,0.1315874,-0.9864451,0.2236796,0.9629446,0.1506823,0.9697199,-0.2354198,0.0649687,moving,89.18262,-87.08701,-12.73007,3.158529
2879,05/08/2023 17:08:41.212678,3120,True,True,True,True,Eyes,-0.08497806,0.1068573,-2.7192,0.9624636,-0.2706597,0.0201761,0.0,0.0,0.0,0.0,0.0,0.0,0.0,-2.862084,0.3397607,0.3454468,-0.1009196,0.1116766,-2.898903,0.1298767,0.6670303,-0.03278014,0.7328903,13.53866,85.49253,7.399892,-0.03716111,0.03795339,-0.9985878,-0.1515738,-0.007778042,-0.2015776,1.27501,-0.1544709,-2.70846,-0.2765028,0.06589249,1.23982,0.1079921,0.1252148,-0.9862348,0.2213118,0.9641151,0.14664,0.9692053,-0.2341014,0.07640526,moving,88.79909,-85.73682,-12.57228,3.042225
2880,05/08/2023 17:08:41.232671,3121,True,True,True,True,Eyes,-0.08496356,0.1067213,-2.727515,0.962082,-0.2714654,0.02654629,0.0,0.0,0.0,0.0,0.0,0.0,0.0,-2.870999,0.3278224,0.374953,-0.09759809,0.1084815,-2.910223,0.1273226,0.6632988,-0.03493493,0.7366161,13.52799,84.82786,6.937683,-0.03656639,0.03808287,-0.9986049,-0.1424794,-0.00731136,-0.1894829,1.275023,-0.1568421,-2.708469,-0.2760552,0.06307037,1.243236,0.1176284,0.1174385,-0.9860891,0.220373,0.9651371,0.1412311,0.9682971,-0.2339203,0.08764727,moving,88.41946,-84.41487,-12.51917,2.904172
2881,05/08/2023 17:08:41.242919,3122,True,True,True,True,Eyes,-0.08478317,0.1064679,-2.735951,0.9616302,-0.2723666,0.03291754,0.0,0.0,0.0,0.0,0.0,0.0,0.0,-2.879603,0.325436,0.3991256,-0.09414464,0.1052586,-2.92188,0.1275826,0.6597628,-0.03775328,0.7396016,13.80021,84.27517,6.652533,-0.03602106,0.03818249,-0.9986209,-0.1339306,-0.006872678,-0.1781139,1.275035,-0.1591418,-2.708479,-0.2747149,0.06374559,1.246969,0.1265754,0.1125038,-0.9855565,0.2241933,0.9645947,0.1389042,0.9662899,-0.238537,0.09687139,moving,88.03947,-83.1088,-12.42415,2.926438
2882,05/08/2023 17:08:41.262967,3123,True,True,True,True,Eyes,-0.08442955,0.1061097,-2.744515,0.9611777,-0.2731665,0.03895419,0.0,0.0,0.0,0.0,0.0,0.0,0.0,-2.888519,0.3277189,0.4144239,-0.09000751,0.1022354,-2.93328,0.1281993,0.6572229,-0.03941037,0.7416671,14.00255,83.8917,6.51265,-0.03551378,0.03825095,-0.9986364,-0.1258948,-0.006460317,-0.1674271,1.275047,-0.1614888,-2.708488,-0.2708635,0.05567114,1.251093,0.1330097,0.1100522,-0.9849858,0.2269697,0.9640235,0.1383595,0.9647763,-0.2419651,0.1032459,moving,87.67921,-81.88421,-12.21608,2.547867
2883,05/08/2023 17:08:41.272685,3124,True,True,True,True,Eyes,-0.08390234,0.1056488,-2.75319,0.9606869,-0.273978,0.04490938,0.0,0.0,0.0,0.0,0.0,0.0,0.0,-2.897309,0.3362473,0.4247127,-0.08557448,0.09931882,-2.944598,0.1288159,0.6552812,-0.03921783,0.7432867,14.05727,83.60622,6.54208,-0.03503576,0.03828737,-0.9986519,-0.1183411,-0.006072698,-0.1573815,1.275059,-0.1639119,-2.708498,-0.2627338,0.04424715,1.256216,0.138137,0.110521,-0.9842273,0.2271214,0.9637369,0.1400968,0.9640198,-0.2428916,0.1080261,moving,87.32353,-80.69109,-11.81297,2.017271
2884,05/08/2023 17:08:41.293199,3125,True,True,True,True,Eyes,-0.08318373,0.1051089,-2.761998,0.9601857,-0.2747313,0.05065659,0.0,0.0,0.0,0.0,0.0,0.0,0.0,-2.904981,0.3560923,0.4334345,-0.0809111,0.09637552,-2.955969,0.1306972,0.6532689,-0.03752761,0.7448152,14.10631,83.34976,6.801493,-0.0345767,0.03829139,-0.9986678,-0.1112406,-0.005708336,-0.1479386,1.275071,-0.1661371,-2.708507,-0.2521062,0.03748409,1.261431,0.1436628,0.1148586,-0.9829387,0.2266631,0.9630198,0.1456593,0.9633197,-0.2437218,0.1123159,moving,86.98004,-79.5528,-11.30208,1.702074
2885,05/08/2023 17:08:41.312879,3126,True,True,True,True,Eyes,-0.08227241,0.1045074,-2.770924,0.9596246,-0.2755795,0.05636179,0.0,0.0,0.0,0.0,0.0,0.0,0.0,-2.911655,0.3836702,0.4431059,-0.07570733,0.09383163,-2.967616,0.1331902,0.6509513,-0.03448471,0.7465479,14.10865,83.06829,7.221382,-0.03412903,0.03826346,-0.9986842,-0.1045662,-0.005365836,-0.1390623,1.275083,-0.1684952,-2.708517,-0.241553,0.03094552,1.266481,0.1501465,0.1219117,-0.9811186,0.2248896,0.9621423,0.15397,0.9627464,-0.2437614,0.1170456,moving,86.63869,-78.44122,-10.7982,1.399701
2886,05/08/2023 17:08:41.330805,3127,True,True,True,True,Eyes,-0.08115002,0.1038788,-2.779963,0.9590662,-0.276303,0.06203713,0.0,0.0,0.0,0.0,0.0,0.0,0.0,-2.91726,0.4165389,0.4544365,-0.07021271,0.09171685,-2.979443,0.1370836,0.648125,-0.03173071,0.7484219,14.26007,82.75156,7.720338,-0.03368307,0.03820454,-0.9987016,-0.09829223,-0.005043886,-0.1307185,1.275095,-0.1709,-2.708527,-0.2322533,0.02400621,1.270927,0.1578544,0.1301987,-0.9788413,0.2251905,0.9604025,0.1640618,0.9614422,-0.2463236,0.1222843,moving,86.29898,-77.34549,-10.35614,1.082116
2887,05/08/2023 17:08:41.342801,3128,True,True,True,True,Eyes,-0.07979598,0.1032024,-2.789121,0.9585332,-0.2768067,0.06776609,0.0,0.0,0.0,0.0,0.0,0.0,0.0,-2.922971,0.4444755,0.4695499,-0.06403163,0.09041303,-2.991576,0.1394136,0.6450441,-0.02831136,0.7507866,14.23289,82.35424,8.145857,-0.03323124,0.03811675,-0.9987201,-0.09239469,-0.004741252,-0.1228754,1.275107,-0.1731816,-2.708536,-0.2230939,0.01689715,1.275322,0.1662334,0.1373442,-0.9764747,0.2223673,0.9595246,0.1728155,0.9606867,-0.2458638,0.1289642,moving,85.95605,-76.24377,-9.922438,0.7590861
2888,05/08/2023 17:08:41.362974,3129,True,True,True,True,Eyes,-0.07821557,0.1024672,-2.798373,0.9580147,-0.2771334,0.07351887,0.0,0.0,0.0,0.0,0.0,0.0,0.0,-2.929635,0.4630291,0.4856398,-0.05717321,0.08850963,-3.003648,0.1390442,0.6422748,-0.02424896,0.7533672,13.925,81.92746,8.416861,-0.03276611,0.03800128,-0.9987399,-0.08685102,-0.004456777,-0.1155029,1.27512,-0.175565,-2.708546,-0.2132736,0.008498348,1.279485,0.1737904,0.1420724,-0.9744807,0.2151459,0.9601574,0.1783537,0.960994,-0.2406517,0.1362998,moving,85.61168,-75.14261,-9.463459,0.3805532
2889,05/08/2023 17:08:41.382855,3130,True,True,True,True,Eyes,-0.07638048,0.101746,-2.80774,0.9574033,-0.2776503,0.07930503,0.0,0.0,0.0,0.0,0.0,0.0,0.0,-2.936833,0.4799667,0.5004385,-0.05009054,0.08640838,-3.015928,0.1394978,0.6395062,-0.02165343,0.7557139,13.80014,81.52375,8.628223,-0.03228306,0.03785941,-0.998761,-0.08163995,-0.004189371,-0.1085727,1.275132,-0.1778974,-2.708555,-0.2025728,0.002547216,1.283777,0.1811261,0.1456918,-0.9726084,0.211147,0.960143,0.1831458,0.960526,-0.2385358,0.1431446,moving,85.2648,-74.05911,-8.967019,0.1136837
2890,05/08/2023 17:08:41.392751,3131,True,True,True,True,Eyes,-0.07425867,0.101107,-2.817157,0.9567369,-0.2782438,0.08505704,0.0,0.0,0.0,0.0,0.0,0.0,0.0,-2.942931,0.5016509,0.5158639,-0.04217546,0.08604026,-3.028107,0.1428808,0.6360314,-0.02098695,0.7580295,14.08213,81.09777,8.892518,-0.03177266,0.03769367,-0.9987836,-0.07674155,-0.003938009,-0.1020584,1.275143,-0.1800839,-2.708564,-0.1919141,-0.001258485,1.287766,0.1900473,0.1499359,-0.9702584,0.2135708,0.9582893,0.189919,0.9582638,-0.2433124,0.1500984,moving,84.91958,-73.002,-8.476334,-0.05599301
2891,05/08/2023 17:08:41.412847,3132,True,True,True,True,Eyes,-0.07180722,0.1005697,-2.826695,0.9560969,-0.2784776,0.09126239,0.0,0.0,0.0,0.0,0.0,0.0,0.0,-2.948125,0.5300549,0.5280645,-0.03293018,0.0876071,-3.040147,0.1468394,0.6327135,-0.01868302,0.7601071,14.29233,80.72266,9.348555,-0.03122877,0.03750978,-0.9988077,-0.07213706,-0.003701728,-0.09593485,1.275155,-0.1824622,-2.708574,-0.1829346,-0.003718793,1.291849,0.1986493,0.1574123,-0.9673468,0.2142167,0.9561782,0.1995853,0.9563732,-0.2468693,0.1562238,moving,84.54746,-71.85505,-8.059885,-0.1649346
2892,05/08/2023 17:08:41.422853,3133,True,True,True,True,Eyes,-0.0690578,0.1000492,-2.836379,0.9553534,-0.2787732,0.09790459,0.0,0.0,0.0,0.0,0.0,0.0,0.0,-2.944261,0.5738791,0.5744336,-0.02265203,0.08936225,-3.052783,0.1473332,0.6254792,-0.00899026,0.7661514,13.70987,79.67425,10.10968,-0.03064469,0.03731361,-0.9988332,-0.06780884,-0.003479624,-0.09017876,1.275168,-0.1848844,-2.708584,-0.1751044,-0.008124758,1.295552,0.21739,0.1705318,-0.9610726,0.1980834,0.9564242,0.2145126,0.9557744,-0.2370054,0.1741375,moving,84.14876,-70.64883,-7.697343,-0.3593126
2893,05/08/2023 17:08:41.442883,3134,True,True,True,True,Eyes,-0.06606768,0.09954435,-2.846186,0.9543405,-0.2797788,0.1046811,0.0,0.0,0.0,0.0,0.0,0.0,0.0,-2.949888,0.5773977,0.6095545,-0.01290363,0.08917711,-3.065724,0.1474617,0.6199391,-0.009633916,0.7706087,13.84024,78.84415,9.962855,-0.03001327,0.03710661,-0.9988601,-0.05549204,-0.004832317,-0.1138181,1.27518,-0.187277,-2.708594,-0.1681486,-0.01113764,1.299543,0.2311653,0.1679867,-0.9583023,0.1976826,0.9563245,0.2153257,0.9526197,-0.2392155,0.187861,moving,83.74029,-69.48633,-7.372574,-0.4910373
2894,05/08/2023 17:08:41.463161,3135,True,True,True,True,Eyes,-0.06284739,0.09908504,-2.856059,0.9531776,-0.2810595,0.1116164,0.0,0.0,0.0,0.0,0.0,0.0,0.0,-2.95819,0.5749652,0.6358604,-0.004125808,0.08925594,-3.078605,0.1524796,0.6146948,-0.01776671,0.7736825,14.93861,78.18692,9.529812,-0.02933209,0.03689069,-0.9988883,-0.04319216,-0.006057066,-0.1364118,1.275192,-0.1894587,-2.708603,-0.1619121,-0.01354481,1.302982,0.2436693,0.1599653,-0.9565753,0.2149484,0.9528686,0.2140994,0.9457391,-0.2577839,0.1978006,moving,83.32112,-68.34063,-7.083418,-0.5955818
2895,05/08/2023 17:08:41.472688,3136,True,True,True,True,Eyes,-0.05947885,0.0986402,-2.865974,0.951878,-0.2826467,0.1184868,0.0,0.0,0.0,0.0,0.0,0.0,0.0,-2.971241,0.5551941,0.6484268,0.00464771,0.08999536,-3.090122,0.1520594,0.6124478,-0.02291588,0.7754099,15.30079,77.81597,8.989719,-0.02859823,0.03666828,-0.9989178,-0.03093976,-0.00707156,-0.1578458,1.275204,-0.1918769,-2.708613,-0.1564133,-0.01844613,1.306537,0.2487652,0.1507185,-0.9567652,0.2217953,0.9527056,0.2077472,0.9428269,-0.2638863,0.2035713,moving,82.9045,-67.25633,-6.82673,-0.8088675
2896,05/08/2023 17:08:41.492721,3137,True,True,True,True,Eyes,-0.05598015,0.09828128,-2.875891,0.9503537,-0.2848362,0.1252841,0.0,0.0,0.0,0.0,0.0,0.0,0.0,-2.983733,0.5349603,0.6604483,0.01158984,0.09003945,-3.101096,0.1527949,0.6102352,-0.02980006,0.7767746,15.88721,77.47794,8.380898,-0.02781259,0.03644067,-0.9989483,-0.01897774,-0.0079818,-0.1781211,1.275216,-0.1941267,-2.708622,-0.1514651,-0.02294299,1.309941,0.25345,0.1401858,-0.9571369,0.2327775,0.9515314,0.2010043,0.9389237,-0.2737445,0.2085336,moving,82.49007,-66.2579,-6.595673,-1.003406
2897,05/08/2023 17:08:41.512683,3138,True,True,True,True,Eyes,-0.05233368,0.09806355,-2.885791,0.9487432,-0.287157,0.1320117,0.0,0.0,0.0,0.0,0.0,0.0,0.0,-2.995891,0.5219158,0.662406,0.01823677,0.09190428,-3.11091,0.1574766,0.6085352,-0.0389543,0.7767682,16.98107,77.33003,7.881315,-0.02697734,0.03621176,-0.9989796,-0.007342987,-0.008579642,-0.1971828,1.275228,-0.1965642,-2.708632,-0.1482393,-0.02654551,1.313364,0.2563349,0.1311432,-0.9576504,0.252177,0.9473674,0.1972355,0.9331127,-0.2920558,0.209772,moving,82.07851,-65.31084,-6.439716,-1.157896
2898,05/08/2023 17:08:41.522995,3139,True,True,True,True,Eyes,-0.04854843,0.09794021,-2.895664,0.9472198,-0.2888901,0.1389861,0.0,0.0,0.0,0.0,0.0,0.0,0.0,-3.001172,0.5323824,0.6757557,0.02542255,0.09511738,-3.120483,0.1602516,0.6056291,-0.03961033,0.778437,17.30569,76.98164,7.973629,-0.02609261,0.03598654,-0.9990113,0.004037016,-0.008718048,-0.2150528,1.27524,-0.1988623,-2.708641,-0.1454667,-0.02977853,1.316886,0.263289,0.1324378,-0.9555833,0.2557743,0.9455009,0.2015132,0.9301928,-0.2974698,0.2150658,moving,81.65253,-64.30762,-6.303486,-1.2954
2899,05/08/2023 17:08:41.542825,3140,True,True,True,True,Eyes,-0.04463343,0.09788917,-2.905536,0.9457041,-0.2904252,0.145935,0.0,0.0,0.0,0.0,0.0,0.0,0.0,-3.002536,0.5504365,0.7000256,0.03257488,0.09713507,-3.130134,0.1584247,0.6022449,-0.03313376,0.781732,16.71437,76.44935,8.345968,-0.02515845,0.03576785,-0.9990432,0.01515052,-0.008564976,-0.2317677,1.275252,-0.2011206,-2.708651,-0.1434615,-0.03306795,1.32045,0.2724067,0.1390175,-0.9520866,0.2426244,0.9476075,0.2077821,0.9310898,-0.2876007,0.2244056,moving,81.22768,-63.32104,-6.200628,-1.434555
2900,05/08/2023 17:08:41.563036,3141,True,True,True,True,Eyes,-0.04059913,0.09793521,-2.915356,0.9441903,-0.2917021,0.153018,0.0,0.0,0.0,0.0,0.0,0.0,0.0,-3.004668,0.5734279,0.7172658,0.03957032,0.09875157,-3.140064,0.1591606,0.5992119,-0.02854091,0.7840908,16.48695,76.04613,8.757005,-0.02417809,0.03555803,-0.9990748,0.02598651,-0.00820421,-0.2474775,1.275265,-0.2035549,-2.70866,-0.1422924,-0.03462839,1.32417,0.280261,0.1459845,-0.9487583,0.2354992,0.9477066,0.2153887,0.9305879,-0.2837969,0.2312259,moving,80.79453,-62.31987,-6.133346,-1.498001
2901,05/08/2023 17:08:41.572919,3142,True,True,True,True,Eyes,-0.03643782,0.09805267,-2.925155,0.9427474,-0.2925016,0.1602193,0.0,0.0,0.0,0.0,0.0,0.0,0.0,-3.004412,0.6011622,0.7386336,0.04675717,0.1011648,-3.149769,0.1604768,0.5954818,-0.02339642,0.78683,16.28409,75.564,9.250596,-0.02315261,0.03535958,-0.9991062,0.03653022,-0.007573823,-0.2620909,1.275277,-0.2059302,-2.70867,-0.142143,-0.03793865,1.32803,0.2897082,0.154304,-0.944595,0.22794,0.9473996,0.2246716,0.9295766,-0.2804002,0.2392974,moving,80.35478,-61.28804,-6.10928,-1.636359
2902,05/08/2023 17:08:41.593027,3143,True,True,True,True,Eyes,-0.03219135,0.0981863,-2.934951,0.9412366,-0.2931806,0.1676867,0.0,0.0,0.0,0.0,0.0,0.0,0.0,-3.005895,0.6093081,0.7661457,0.05392767,0.1028803,-3.159137,0.1571222,0.5920289,-0.0176279,0.7902555,15.61701,74.97753,9.453326,-0.0220827,0.03517378,-0.999137,0.04682231,-0.006767041,-0.2757603,1.275289,-0.2082849,-2.70868,-0.1433623,-0.04632515,1.331441,0.2983822,0.1581806,-0.9412477,0.2139028,0.9500037,0.2274609,0.9301687,-0.2692058,0.2496289,moving,79.89841,-60.2323,-6.145619,-1.992702
2903,05/08/2023 17:08:41.612791,3144,True,True,True,True,Eyes,-0.02787452,0.09832967,-2.94472,0.93959,-0.2940696,0.175196,0.0,0.0,0.0,0.0,0.0,0.0,0.0,-3.009951,0.6056426,0.7919888,0.06006181,0.1032792,-3.16853,0.155656,0.5885239,-0.01765192,0.7931578,15.52725,74.4175,9.270305,-0.02097142,0.03500006,-0.999167,0.05675238,-0.005960118,-0.2886031,1.275301,-0.2105957,-2.708689,-0.1448379,-0.046218,1.335786,0.3066561,0.155213,-0.9390798,0.211216,0.9509193,0.2261423,0.9280894,-0.2676966,0.2588216,moving,79.43791,-59.21504,-6.188348,-1.981635
2904,05/08/2023 17:08:41.630878,3145,True,True,True,True,Eyes,-0.02348234,0.09852798,-2.954443,0.9377719,-0.2952274,0.182824,0.0,0.0,0.0,0.0,0.0,0.0,0.0,-3.013296,0.6046374,0.817091,0.06606825,0.1037315,-3.177742,0.1570015,0.5845119,-0.02061683,0.7957836,15.90124,73.85724,9.016699,-0.01982053,0.03483746,-0.9991962,0.06629775,-0.005172396,-0.3005953,1.275313,-0.2129549,-2.708699,-0.1458666,-0.0457527,1.340211,0.3158416,0.1507254,-0.9367636,0.2163516,0.949851,0.2257769,0.9238162,-0.27398,0.2673928,moving,78.96824,-58.23151,-6.211541,-1.955229
2905,05/08/2023 17:08:41.642557,3146,True,True,True,True,Eyes,-0.01902842,0.09878348,-2.964124,0.9358383,-0.2964685,0.1905601,0.0,0.0,0.0,0.0,0.0,0.0,0.0,-3.017047,0.6005962,0.8416359,0.07241145,0.1053432,-3.186738,0.1577851,0.5806996,-0.023317,0.798341,16.2013,73.31027,8.746346,-0.01863382,0.03468699,-0.9992242,0.07549642,-0.004267138,-0.311727,1.275325,-0.2152497,-2.708708,-0.147546,-0.04470581,1.344876,0.3244887,0.1460216,-0.9345506,0.2204813,0.9491204,0.2248522,0.9198344,-0.2790129,0.2757837,moving,78.4905,-57.26844,-6.260866,-1.903901
2906,05/08/2023 17:08:41.662715,3147,True,True,True,True,Eyes,-0.01450622,0.09910154,-2.973764,0.9337559,-0.2978581,0.198445,0.0,0.0,0.0,0.0,0.0,0.0,0.0,-3.01838,0.596987,0.8729479,0.0783469,0.1070203,-3.195537,0.1580025,0.5761541,-0.02536642,0.8015226,16.41036,72.64351,8.476804,-0.0174119,0.03454922,-0.9992511,0.08432841,-0.003244602,-0.3220663,1.275337,-0.2175393,-2.708718,-0.1486592,-0.04495744,1.349508,0.3348062,0.141404,-0.9316168,0.222731,0.9487835,0.2240551,0.9155849,-0.282515,0.2861635,moving,78.00182,-56.32685,-6.286249,-1.908043
2907,05/08/2023 17:08:41.672427,3148,True,True,True,True,Eyes,-0.009944118,0.09947766,-2.983335,0.9315535,-0.299315,0.206443,0.0,0.0,0.0,0.0,0.0,0.0,0.0,-3.021567,0.5849339,0.9005859,0.08434252,0.1088038,-3.203766,0.1571219,0.572358,-0.02797694,0.8043237,16.54565,72.04922,8.087196,-0.01615863,0.03442521,-0.9992764,0.09283531,-0.00209573,-0.3316623,1.27535,-0.2200417,-2.708728,-0.1529451,-0.0406525,1.353831,0.3432475,0.1348549,-0.9295136,0.2248649,0.9490601,0.220728,0.9119304,-0.2847793,0.2954383,moving,77.50454,-55.40526,-6.445498,-1.719947
2908,05/08/2023 17:08:41.692654,3149,True,True,True,True,Eyes,-0.005313085,0.09991311,-2.992834,0.929267,-0.3006643,0.2146248,0.0,0.0,0.0,0.0,0.0,0.0,0.0,-3.02132,0.5794468,0.9337385,0.08985893,0.1106272,-3.211804,0.1571447,0.5676405,-0.03026668,0.8075727,16.74859,71.35258,7.773427,-0.01487627,0.03431554,-0.9993001,0.1009515,-0.0008416253,-0.3404772,1.275361,-0.2222342,-2.708737,-0.1572301,-0.03288233,1.35884,0.3537363,0.1295183,-0.9263345,0.2272885,0.948779,0.2194503,0.9073094,-0.2881727,0.3061795,moving,76.99493,-54.47942,-6.600292,-1.386221
2909,05/08/2023 17:08:41.712650,3150,True,True,True,True,Eyes,-0.0006311135,0.1003602,-3.002259,0.9269214,-0.3017683,0.2230532,0.0,0.0,0.0,0.0,0.0,0.0,0.0,-3.018921,0.5720571,0.9722342,0.09604435,0.1124302,-3.219395,0.1548415,0.5626045,-0.03003208,0.8115408,16.56559,70.56032,7.522667,-0.01356694,0.03422086,-0.999322,0.1087875,0.0005151975,-0.3485444,1.275373,-0.2245262,-2.708746,-0.1528542,-0.05157723,1.363396,0.3651485,0.1254845,-0.9224535,0.2229735,0.9502444,0.217528,0.9038526,-0.2851127,0.3190006,moving,76.46967,-53.52989,-6.396884,-2.166465
2910,05/08/2023 17:08:41.730711,3151,True,True,True,True,Eyes,0.004128627,0.1008157,-3.011679,0.9244475,-0.3029435,0.2315644,0.0,0.0,0.0,0.0,0.0,0.0,0.0,-3.013476,0.5696909,1.016137,0.1019211,0.1131243,-3.227217,0.1522097,0.5568614,-0.02846271,0.8160439,16.26731,69.67269,7.36548,-0.01223187,0.03414003,-0.999342,0.1163061,0.001825658,-0.3559086,1.275385,-0.226924,-2.708756,-0.155099,-0.03733628,1.369633,0.3781905,0.1230657,-0.9175113,0.215973,0.9520442,0.21672,0.9001821,-0.2801191,0.3334752,moving,75.93736,-52.60637,-6.460726,-1.5615
2911,05/08/2023 17:08:41.742565,3152,True,True,True,True,Eyes,0.008937901,0.1012805,-3.021033,0.9218316,-0.3041515,0.2402467,0.0,0.0,0.0,0.0,0.0,0.0,0.0,-3.006458,0.5806671,1.055962,0.107928,0.1135844,-3.235192,0.1524514,0.5509464,-0.02725255,0.8200452,16.26399,68.84605,7.378757,-0.01087217,0.03407195,-0.99936,0.123607,0.003082503,-0.3628117,1.275397,-0.2291942,-2.708766,-0.1600029,-0.007847192,1.37626,0.3914307,0.1232884,-0.9119112,0.2126817,0.9520317,0.2200047,0.8952925,-0.2800634,0.3464333,moving,75.39258,-51.69509,-6.631393,-0.326687
2912,05/08/2023 17:08:41.762881,3153,True,True,True,True,Eyes,0.01380006,0.1017598,-3.030322,0.9190845,-0.3055676,0.2488212,0.0,0.0,0.0,0.0,0.0,0.0,0.0,-2.996717,0.5996293,1.097373,0.1138928,0.1142928,-3.243156,0.1538855,0.5444965,-0.02558358,0.8241289,16.34995,67.98531,7.509883,-0.009489746,0.03401568,-0.999376,0.1306184,0.004291922,-0.3691061,1.27541,-0.2315989,-2.708775,-0.1666667,-0.03328914,1.380049,0.4057383,0.1254118,-0.9053443,0.2097485,0.9513295,0.2257826,0.8895966,-0.2815032,0.3596858,moving,74.8516,-50.84435,-6.886189,-1.381804
2913,05/08/2023 17:08:41.773770,3154,True,True,True,True,Eyes,0.01872407,0.1022588,-3.039557,0.9162101,-0.3069872,0.2575229,0.0,0.0,0.0,0.0,0.0,0.0,0.0,-2.987849,0.617566,1.135503,0.1201172,0.1151597,-3.2512,0.1554205,0.538429,-0.02419226,0.827861,16.46231,67.18394,7.628654,-0.0080855,0.03397053,-0.9993898,0.1373678,0.005472428,-0.3748275,1.275422,-0.2339536,-2.708785,-0.1715331,-0.04563584,1.384923,0.4190181,0.1273101,-0.8990084,0.2074214,0.9505184,0.2312814,0.8839685,-0.2833847,0.3718776,moving,74.3007,-50.00766,-7.060552,-1.887321
2914,05/08/2023 17:08:41.792926,3155,True,True,True,True,Eyes,0.02372291,0.1027595,-3.048735,0.9132781,-0.3083537,0.2661599,0.0,0.0,0.0,0.0,0.0,0.0,0.0,-2.97751,0.6390265,1.174016,0.12649,0.1160965,-3.259257,0.1569378,0.5322437,-0.02183128,0.8316313,16.51509,66.37771,7.838037,-0.006661545,0.03393609,-0.9994015,0.1438978,0.006640912,-0.3800411,1.275434,-0.2362446,-2.708794,-0.1776947,-0.04190805,1.389525,0.4324801,0.1307472,-0.8921133,0.2033695,0.9497879,0.2377897,0.8784087,-0.2842679,0.3841744,moving,73.75211,-49.20042,-7.287523,-1.727516
2915,05/08/2023 17:08:41.813017,3156,True,True,True,True,Eyes,0.02879142,0.1032363,-3.057857,0.910246,-0.309531,0.2750323,0.0,0.0,0.0,0.0,0.0,0.0,0.0,-2.966566,0.654745,1.215092,0.1332109,0.1165788,-3.267157,0.1562501,0.5261312,-0.01797925,0.8357325,16.2653,65.53615,8.045911,-0.005217833,0.03391135,-0.999411,0.1502604,0.007744516,-0.3847731,1.275446,-0.2386255,-2.708804,-0.1837116,-0.0574736,1.393191,0.4457256,0.1343644,-0.8850282,0.1944678,0.9505253,0.2422477,0.8737912,-0.2800854,0.3975438,moving,73.18772,-48.37746,-7.511902,-2.362295
2916,05/08/2023 17:08:41.830517,3157,True,True,True,True,Eyes,0.03394221,0.1036824,-3.066948,0.9071152,-0.3107663,0.2838424,0.0,0.0,0.0,0.0,0.0,0.0,0.0,-2.954074,0.6650051,1.261239,0.1399145,0.1164406,-3.275115,0.1549997,0.5194131,-0.01504606,0.8402137,16.02734,64.59287,8.11864,-0.003755126,0.03389456,-0.9994181,0.1564503,0.008710491,-0.3890531,1.275458,-0.2410106,-2.708814,-0.1903354,-0.06750312,1.396417,0.4599674,0.1357339,-0.8775,0.1863016,0.9514974,0.2448355,0.8681715,-0.276096,0.4123704,moving,72.62476,-47.59258,-7.76174,-2.767537
2917,05/08/2023 17:08:41.846486,3158,True,True,True,True,Eyes,0.03917579,0.1040749,-3.076,0.9038194,-0.3119959,0.2928637,0.0,0.0,0.0,0.0,0.0,0.0,0.0,-2.940514,0.6744847,1.309003,0.1468184,0.1161218,-3.283291,0.1545585,0.5122281,-0.01358389,0.8447186,15.96398,63.60131,8.095302,-0.002273727,0.03388395,-0.999423,0.1625157,0.009526172,-0.3929827,1.27547,-0.2433678,-2.708823,-0.1926256,-0.0640442,1.400916,0.4748757,0.1353893,-0.8695761,0.1812875,0.9518543,0.2472008,0.8611782,-0.275033,0.4274681,moving,72.04617,-46.81171,-7.829063,-2.617509
2918,05/08/2023 17:08:41.862535,3159,True,True,True,True,Eyes,0.04450188,0.1044143,-3.08505,0.9004049,-0.3135307,0.3016116,0.0,0.0,0.0,0.0,0.0,0.0,0.0,-2.927066,0.685223,1.35438,0.1540117,0.1152372,-3.291594,0.1547597,0.5051436,-0.01280701,0.8489497,16.00404,62.64059,8.049824,-0.0007735073,0.03387713,-0.9994254,0.1684655,0.01013189,-0.3965605,1.275482,-0.2455995,-2.708833,-0.1920879,-0.0684058,1.404604,0.489332,0.1346067,-0.8616469,0.1780968,0.9517708,0.2498277,0.8537188,-0.2757052,0.4417589,moving,71.48052,-46.11003,-7.78723,-2.788166
2919,05/08/2023 17:08:41.872485,3160,True,True,True,True,Eyes,0.04991752,0.1046957,-3.094075,0.896814,-0.3151099,0.3105323,0.0,0.0,0.0,0.0,0.0,0.0,0.0,-2.912359,0.7006567,1.398751,0.1611363,0.1142976,-3.300035,0.1560801,0.4978881,-0.01244166,0.8529897,16.18016,61.6876,8.032246,0.0007452804,0.03387201,-0.9994257,0.1743358,0.01054239,-0.3999151,1.275494,-0.2479768,-2.708842,-0.1878098,-0.06928876,1.409062,0.5039052,0.1341957,-0.8532708,0.1766461,0.9509684,0.2538804,0.8455032,-0.2786586,0.4554928,moving,70.901,-45.41921,-7.592037,-2.815176
2920,05/08/2023 17:08:41.894232,3161,True,True,True,True,Eyes,0.05543771,0.1049001,-3.103082,0.8932187,-0.3168688,0.3189898,0.0,0.0,0.0,0.0,0.0,0.0,0.0,-2.897625,0.716732,1.441743,0.1686703,0.1132024,-3.30867,0.1572202,0.4907824,-0.01163927,0.8569007,16.31208,60.75845,8.04845,0.002282788,0.03386654,-0.9994235,0.1801226,0.01075389,-0.4029962,1.275506,-0.2503306,-2.708852,-0.1803003,-0.070789,1.413113,0.5179943,0.1343744,-0.8447635,0.1742692,0.9502926,0.2580195,0.8374437,-0.2808689,0.4688288,moving,70.34713,-44.80888,-7.271134,-2.8678
2921,05/08/2023 17:08:41.912875,3162,True,True,True,True,Eyes,0.06105949,0.1050091,-3.112084,0.8894978,-0.3186271,0.3275217,0.0,0.0,0.0,0.0,0.0,0.0,0.0,-2.883279,0.7306895,1.483689,0.1767055,0.1116277,-3.317356,0.1573477,0.4839719,-0.009933756,0.8607639,16.28967,59.85529,8.097441,0.003839925,0.0338583,-0.999419,0.1858758,0.01072192,-0.4058366,1.275519,-0.2526643,-2.708862,-0.1724935,-0.07097359,1.41729,0.5313452,0.1352024,-0.8362971,0.1694049,0.9502861,0.261263,0.8300449,-0.2804937,0.482026,moving,69.7858,-44.21133,-6.939146,-2.866804
2922,05/08/2023 17:08:41.931023,3163,True,True,True,True,Eyes,0.06677909,0.1050165,-3.121092,0.885743,-0.320665,0.3356088,0.0,0.0,0.0,0.0,0.0,0.0,0.0,-2.875462,0.7382565,1.516059,0.184779,0.1094958,-3.3265,0.1575795,0.4786001,-0.01008711,0.8637182,16.37148,59.13465,7.992764,0.005416417,0.03384452,-0.9994122,0.1915886,0.01040559,-0.4084931,1.275531,-0.255071,-2.708871,-0.1645838,-0.06856659,1.421257,0.5416805,0.1334103,-0.8299302,0.1682599,0.9501339,0.2625531,0.823572,-0.2818639,0.4922214,moving,69.24825,-43.69556,-6.605518,-2.762014
2923,05/08/2023 17:08:41.946871,3164,True,True,True,True,Eyes,0.0725877,0.1049178,-3.130105,0.8818499,-0.3228793,0.3436417,0.0,0.0,0.0,0.0,0.0,0.0,0.0,-2.869873,0.7430316,1.544985,0.1928003,0.1072017,-3.335654,0.1586138,0.47356,-0.01227716,0.8662747,16.6446,58.46077,7.735206,0.007012345,0.03382252,-0.999403,0.1972521,0.009803362,-0.4110066,1.275543,-0.2574165,-2.708881,-0.1579071,-0.06711654,1.424654,0.5511804,0.1289555,-0.8243606,0.1714971,0.9493818,0.2631783,0.8165714,-0.2864341,0.5011652,moving,68.71,-43.2158,-6.324786,-2.697255
2924,05/08/2023 17:08:41.962784,3165,True,True,True,True,Eyes,0.07848416,0.104706,-3.139125,0.8779467,-0.3253576,0.3512149,0.0,0.0,0.0,0.0,0.0,0.0,0.0,-2.868263,0.7468197,1.566822,0.2007506,0.1046587,-3.344899,0.160326,0.4694287,-0.01572656,0.8681504,17.04598,57.91341,7.404811,0.008627749,0.03378979,-0.9993914,0.2028428,0.008919089,-0.4133864,1.275555,-0.2596836,-2.70889,-0.1509273,-0.0647257,1.428125,0.5587788,0.1232172,-0.8201122,0.1778292,0.9480966,0.2636091,0.8100267,-0.2931391,0.5078645,moving,68.19655,-42.81133,-6.032748,-2.594993
2925,05/08/2023 17:08:41.972699,3166,True,True,True,True,Eyes,0.08446634,0.1043814,-3.148145,0.8738996,-0.3279489,0.3588163,0.0,0.0,0.0,0.0,0.0,0.0,0.0,-2.865527,0.7547621,1.587978,0.2086022,0.1018428,-3.353908,0.162297,0.4652782,-0.01848962,0.8699621,17.43298,57.37663,7.15639,0.01026299,0.03374384,-0.9993775,0.2083616,0.007748573,-0.4156428,1.275567,-0.2620252,-2.7089,-0.1446563,-0.06713673,1.430732,0.5663487,0.1188559,-0.8155503,0.183197,0.9466357,0.2651788,0.8035471,-0.2995901,0.5143518,moving,67.67733,-42.42652,-5.773352,-2.686618
2926,05/08/2023 17:08:41.992827,3167,True,True,True,True,Eyes,0.09052075,0.1039449,-3.157168,0.8698915,-0.3307003,0.3659591,0.0,0.0,0.0,0.0,0.0,0.0,0.0,-2.858122,0.7668706,1.615533,0.216638,0.09888012,-3.363062,0.1641223,0.4601251,-0.02012711,0.872321,17.74953,56.71373,6.990955,0.01191727,0.03368252,-0.9993613,0.2138064,0.006309905,-0.4177659,1.275579,-0.2643218,-2.708909,-0.140292,-0.06167906,1.433722,0.5757596,0.1159189,-0.8093601,0.1861482,0.9453176,0.2678126,0.7961468,-0.3048566,0.5226976,moving,67.18375,-42.10266,-5.588692,-2.463359
2927,05/08/2023 17:08:42.012904,3168,True,True,True,True,Eyes,0.09667341,0.1034094,-3.166227,0.8657764,-0.333589,0.3730275,0.0,0.0,0.0,0.0,0.0,0.0,0.0,-2.84814,0.7799284,1.64771,0.2247991,0.09594049,-3.372744,0.1657979,0.4543001,-0.02147048,0.8750209,18.03883,55.96088,6.829479,0.01359015,0.0336039,-0.9993426,0.2191413,0.004621946,-0.4197674,1.275591,-0.266652,-2.708919,-0.1386596,-0.05274928,1.436526,0.5863008,0.1130698,-0.8021636,0.1882183,0.9441001,0.2706453,0.7879245,-0.3096614,0.5322449,moving,66.69077,-41.80545,-5.513352,-2.102958
2928,05/08/2023 17:08:42.032830,3169,True,True,True,True,Eyes,0.1029068,0.1027877,-3.175315,0.861792,-0.3365323,0.3795532,0.0,0.0,0.0,0.0,0.0,0.0,0.0,-2.847968,0.7882886,1.665473,0.2333231,0.09311286,-3.382751,0.1678107,0.4506173,-0.02421896,0.8764687,18.4205,55.48666,6.583852,0.01528152,0.0335067,-0.9993214,0.2244508,0.002738031,-0.4217575,1.275604,-0.2691038,-2.708929,-0.1373889,-0.0499974,1.438901,0.5927151,0.1087825,-0.7980321,0.1936911,0.942506,0.2723347,0.7817754,-0.3159886,0.5375673,moving,66.23019,-41.56193,-5.454171,-1.990052
2929,05/08/2023 17:08:42.043017,3170,True,True,True,True,Eyes,0.1092296,0.1020922,-3.184428,0.8577895,-0.3394061,0.386006,0.0,0.0,0.0,0.0,0.0,0.0,0.0,-2.849367,0.8065469,1.675925,0.2417263,0.09055851,-3.39286,0.1707028,0.4477734,-0.0252961,0.8773367,18.79491,55.16777,6.58035,0.01699092,0.03339018,-0.9992977,0.2296839,0.0007086523,-0.4237169,1.275615,-0.2713829,-2.708938,-0.1346375,-0.0495831,1.441023,0.5977182,0.1084859,-0.7943323,0.1972587,0.9404414,0.2768739,0.7770599,-0.3221815,0.5407192,moving,65.77222,-41.32441,-5.337761,-1.970672
2930,05/08/2023 17:08:42.062789,3171,True,True,True,True,Eyes,0.1156175,0.1013263,-3.193568,0.8538292,-0.342195,0.3922733,0.0,0.0,0.0,0.0,0.0,0.0,0.0,-2.846984,0.8237755,1.692459,0.2501916,0.08808937,-3.402643,0.1718898,0.4444408,-0.02402781,0.878834,18.87369,54.76941,6.709689,0.01871827,0.03325408,-0.9992714,0.2348714,-0.001420357,-0.4256324,1.275628,-0.2738044,-2.708948,-0.1316924,-0.05085127,1.443035,0.60379,0.1105567,-0.7894396,0.1950226,0.9397531,0.2807672,0.7729191,-0.323483,0.5458526,moving,65.32462,-41.09944,-5.214409,-2.018217
2931,05/08/2023 17:08:42.072522,3172,True,True,True,True,Eyes,0.1220984,0.1005152,-3.202756,0.8497168,-0.3451209,0.3985886,0.0,0.0,0.0,0.0,0.0,0.0,0.0,-2.839219,0.8459904,1.716222,0.2584715,0.08574501,-3.412935,0.174236,0.4396725,-0.02357537,0.8807804,19.1267,54.20045,6.788789,0.0204628,0.03309829,-0.9992424,0.2399428,-0.003632783,-0.4275166,1.27564,-0.2760842,-2.708957,-0.1299686,-0.04845418,1.444818,0.6122646,0.1116841,-0.7827251,0.194743,0.938172,0.2861964,0.7662944,-0.3276581,0.5526599,moving,64.86948,-40.8879,-5.140204,-1.920781
2932,05/08/2023 17:08:42.092615,3173,True,True,True,True,Eyes,0.1286841,0.09966258,-3.211978,0.8456316,-0.3477643,0.4049287,0.0,0.0,0.0,0.0,0.0,0.0,0.0,-2.828585,0.8701289,1.743478,0.2671974,0.08389944,-3.423347,0.1772891,0.4340824,-0.02379902,0.8829353,19.4954,53.53315,6.816804,0.0222242,0.03292353,-0.9992105,0.2449889,-0.005848206,-0.4294273,1.275652,-0.2783685,-2.708967,-0.127702,-0.05128219,1.44585,0.622012,0.1118902,-0.774972,0.1959422,0.9360043,0.2924082,0.7580948,-0.3337311,0.5602819,moving,64.41268,-40.65693,-5.047444,-2.031346
2933,05/08/2023 17:08:42.112421,3174,True,True,True,True,Eyes,0.1353941,0.09881399,-3.221223,0.8414572,-0.3504916,0.4112245,0.0,0.0,0.0,0.0,0.0,0.0,0.0,-2.819113,0.880695,1.774896,0.2764207,0.08208731,-3.433676,0.1775441,0.4287112,-0.02332104,0.8855174,19.53805,52.83178,6.759697,0.02400318,0.03273053,-0.9991757,0.2500467,-0.008055202,-0.4313299,1.275663,-0.2806813,-2.708976,-0.1243126,-0.05738368,1.446434,0.6313257,0.1109279,-0.7675435,0.1935327,0.9358684,0.2944409,0.7509815,-0.3344328,0.5693696,moving,63.955,-40.44136,-4.912169,-2.271876
2934,05/08/2023 17:08:42.132406,3175,True,True,True,True,Eyes,0.1422025,0.09805983,-3.230466,0.8372903,-0.3530808,0.4174672,0.0,0.0,0.0,0.0,0.0,0.0,0.0,-2.815655,0.8952068,1.793622,0.2861291,0.08138352,-3.44353,0.1796681,0.4246801,-0.02408414,0.8870097,19.82758,52.34171,6.707541,0.02581465,0.03252002,-0.9991374,0.2551738,-0.01011766,-0.4331848,1.275675,-0.2829761,-2.708986,-0.1170935,-0.05884182,1.446951,0.6381335,0.1098772,-0.762045,0.1953286,0.9342787,0.2982785,0.7447364,-0.3391907,0.5747324,moving,63.49947,-40.22351,-4.626541,-2.328712
2935,05/08/2023 17:08:42.142902,3176,True,True,True,True,Eyes,0.1491565,0.09738572,-3.239743,0.8330334,-0.3553971,0.4239673,0.0,0.0,0.0,0.0,0.0,0.0,0.0,-2.800487,0.9376115,1.816348,0.2958828,0.08300307,-3.45348,0.184574,0.418981,-0.02117521,0.8887852,20.23291,51.75915,7.164678,0.02766416,0.032296,-0.9990952,0.2602884,-0.01177309,-0.4349221,1.275687,-0.285303,-2.708995,-0.1079204,-0.06292955,1.446943,0.6480131,0.1170256,-0.7525851,0.1923064,0.9309681,0.3103493,0.7369514,-0.3458373,0.5807747,moving,63.02646,-39.97194,-4.265517,-2.490304
2936,05/08/2023 17:08:42.162911,3177,True,True,True,True,Eyes,0.1561923,0.09675676,-3.24907,0.8286546,-0.3578035,0.4304742,0.0,0.0,0.0,0.0,0.0,0.0,0.0,-2.774327,0.9681254,1.861287,0.3063284,0.0841618,-3.463759,0.1845973,0.4112878,-0.01422356,0.8925043,19.95047,50.84462,7.731409,0.02955193,0.03206222,-0.9990487,0.2655333,-0.01308902,-0.4366581,1.275699,-0.2876493,-2.709005,-0.1010444,-0.06403761,1.446375,0.66128,0.126456,-0.7394035,0.1772344,0.9314431,0.3178077,0.728901,-0.3412076,0.5935324,moving,62.54877,-39.73284,-3.996213,-2.535089
2937,05/08/2023 17:08:42.172872,3178,True,True,True,True,Eyes,0.1633439,0.09626775,-3.258438,0.8240343,-0.3607976,0.436798,0.0,0.0,0.0,0.0,0.0,0.0,0.0,-2.757086,1.002238,1.891346,0.3160192,0.08480556,-3.475074,0.1897525,0.4043697,-0.01492121,0.8945706,20.58284,50.06364,7.782211,0.03147649,0.03182096,-0.9989976,0.2707085,-0.01419055,-0.4384394,1.275712,-0.2900603,-2.709015,-0.09756006,-0.05750926,1.446091,0.672525,0.1267642,-0.7291372,0.1801565,0.9275426,0.3274267,0.7178118,-0.3515614,0.6009582,moving,62.07316,-39.5569,-3.859594,-2.277383
2938,05/08/2023 17:08:42.192732,3179,True,True,True,True,Eyes,0.1706278,0.09591039,-3.267766,0.8195173,-0.3630734,0.4433612,0.0,0.0,0.0,0.0,0.0,0.0,0.0,-2.745258,1.04857,1.90435,0.3260136,0.08781873,-3.485469,0.1984006,0.3987775,-0.01695848,0.8951682,21.63727,49.53715,7.90711,0.03343714,0.03157736,-0.9989417,0.2759208,-0.01480615,-0.4402361,1.275724,-0.2924133,-2.709024,-0.09429848,-0.05539859,1.445186,0.6813779,0.127874,-0.7206749,0.1885968,0.9206992,0.3416786,0.7072166,-0.3687292,0.6032275,moving,61.58648,-39.31443,-3.733262,-2.195255
2939,05/08/2023 17:08:42.212527,3180,True,True,True,True,Eyes,0.1780231,0.09563608,-3.277106,0.8149657,-0.3651486,0.4499972,0.0,0.0,0.0,0.0,0.0,0.0,0.0,-2.733529,1.047965,1.940101,0.3371401,0.0906104,-3.494642,0.1950707,0.3938721,-0.01223018,0.8981441,21.1025,48.87276,8.115185,0.03543345,0.03133599,-0.9988804,0.2812175,-0.01498988,-0.4418063,1.275736,-0.2946478,-2.709033,-0.08946612,-0.05923093,1.44389,0.6894304,0.1316969,-0.7122793,0.1756347,0.9235957,0.3407689,0.7027363,-0.3600374,0.6136244,moving,61.09397,-39.05748,-3.545621,-2.349058
2940,05/08/2023 17:08:42.231341,3181,True,True,True,True,Eyes,0.1855546,0.09546909,-3.286451,0.8103499,-0.367231,0.4565899,0.0,0.0,0.0,0.0,0.0,0.0,0.0,-2.727814,1.043654,1.969622,0.3472331,0.09231029,-3.504355,0.1933264,0.3895737,-0.01152468,0.9004024,20.92358,48.27115,7.99259,0.03746449,0.03109938,-0.9988136,0.2865303,-0.01491339,-0.4433174,1.275748,-0.2970363,-2.709043,-0.08446048,-0.06031887,1.442299,0.6961991,0.129876,-0.7060021,0.1713834,0.9249842,0.3391637,0.6970901,-0.3571225,0.6217145,moving,60.60101,-38.8094,-3.351392,-2.394791
2941,05/08/2023 17:08:42.252457,3182,True,True,True,True,Eyes,0.1931633,0.09538791,-3.295782,0.8057475,-0.3691998,0.463101,0.0,0.0,0.0,0.0,0.0,0.0,0.0,-2.728359,1.048892,1.983923,0.3575078,0.09464817,-3.513304,0.1957848,0.3861482,-0.01477765,0.9012989,21.3666,47.83622,7.686876,0.03953028,0.03087062,-0.9987411,0.291933,-0.01451958,-0.4447535,1.27576,-0.2993392,-2.709053,-0.08187592,-0.05358688,1.440853,0.7013424,0.1245658,-0.7018563,0.1778421,0.9228998,0.3415085,0.6902834,-0.364334,0.6251158,moving,60.11199,-38.56304,-3.252312,-2.12991
2942,05/08/2023 17:08:42.262618,3183,True,True,True,True,Eyes,0.2008126,0.09537133,-3.305043,0.8012609,-0.371077,0.4693429,0.0,0.0,0.0,0.0,0.0,0.0,0.0,-2.733584,1.036799,2.000875,0.3669893,0.09664113,-3.522346,0.194459,0.3839049,-0.01647897,0.9025139,21.32493,47.4774,7.37427,0.04162814,0.03065192,-0.9986626,0.297243,-0.01389193,-0.4460613,1.275774,-0.3019424,-2.709063,-0.08366898,-0.04862347,1.43862,0.7046909,0.1195625,-0.6993679,0.1790525,0.9238283,0.3383511,0.68655,-0.3636566,0.6296055,moving,59.64013,-38.33099,-3.328527,-1.935786
2943,05/08/2023 17:08:42.272855,3184,True,True,True,True,Eyes,0.2085335,0.09542878,-3.314259,0.7967937,-0.3730324,0.4753595,0.0,0.0,0.0,0.0,0.0,0.0,0.0,-2.740282,1.043059,2.005587,0.3767119,0.09834721,-3.530992,0.1962242,0.3823296,-0.01796005,0.9027722,21.59385,47.29358,7.267092,0.04375347,0.03044476,-0.9985781,0.3023563,-0.01310817,-0.4470795,1.275784,-0.3040785,-2.709072,-0.08834106,-0.04657865,1.435802,0.7070031,0.117617,-0.6973614,0.1824723,0.9223469,0.3405582,0.6832647,-0.3680248,0.6306404,moving,59.1801,-38.1226,-3.520818,-1.858073
2944,05/08/2023 17:08:42.292570,3185,True,True,True,True,Eyes,0.2163125,0.09556477,-3.323357,0.792348,-0.3746625,0.4814692,0.0,0.0,0.0,0.0,0.0,0.0,0.0,-2.739336,1.066616,2.010771,0.3861738,0.100208,-3.539161,0.1991544,0.3800518,-0.01648071,0.9031205,21.85432,47.10028,7.528902,0.0459043,0.0302506,-0.9984874,0.3073778,-0.01214932,-0.4479044,1.275796,-0.3063354,-2.709081,-0.09402168,-0.04434168,1.432822,0.710578,0.1216099,-0.6930295,0.1811461,0.9201318,0.3471938,0.6799008,-0.3722479,0.6317963,moving,58.7151,-37.88881,-3.754363,-1.772573
2945,05/08/2023 17:08:42.312606,3186,True,True,True,True,Eyes,0.2241878,0.09573593,-3.332377,0.7878888,-0.3759739,0.4877242,0.0,0.0,0.0,0.0,0.0,0.0,0.0,-2.728961,1.082044,2.031471,0.3963674,0.1023023,-3.546456,0.1982713,0.3764855,-0.0109554,0.9048908,21.53545,46.70401,8.000504,0.04807681,0.03007113,-0.9983906,0.3122718,-0.0110124,-0.4483229,1.275808,-0.3086835,-2.709091,-0.09979004,-0.04352995,1.429544,0.7162774,0.1294656,-0.6857007,0.1691194,0.921137,0.3505785,0.6770121,-0.3670767,0.6378944,moving,58.24139,-37.6277,-3.993083,-1.744131
2946,05/08/2023 17:08:42.327846,3187,True,True,True,True,Eyes,0.2321239,0.09591021,-3.341298,0.7832417,-0.3772501,0.494181,0.0,0.0,0.0,0.0,0.0,0.0,0.0,-2.711245,1.091005,2.064897,0.4065939,0.1032552,-3.553725,0.1962001,0.3712201,-0.005936985,0.9075603,21.13304,46.04588,8.315079,0.05026959,0.02990632,-0.9982875,0.3171616,-0.009838169,-0.4484859,1.275821,-0.31105,-2.7091,-0.1045848,-0.0393515,1.426403,0.7243207,0.1348905,-0.6761392,0.1564432,0.9229406,0.3517191,0.6714797,-0.3605348,0.6474022,moving,57.7504,-37.35755,-4.193459,-1.580271
2947,05/08/2023 17:08:42.345413,3188,True,True,True,True,Eyes,0.2401352,0.09610084,-3.350135,0.7784866,-0.3786019,0.5006188,0.0,0.0,0.0,0.0,0.0,0.0,0.0,-2.696745,1.103339,2.091601,0.41672,0.1035955,-3.560927,0.196666,0.3660902,-0.004462307,0.9095497,21.16299,45.417,8.378067,0.05248009,0.02975507,-0.9981782,0.3219401,-0.008725027,-0.4483373,1.275833,-0.3134682,-2.70911,-0.1085606,-0.04077747,1.422918,0.7319161,0.1358776,-0.6677096,0.1521124,0.9226052,0.3544877,0.6641992,-0.3610222,0.6546009,moving,57.25628,-37.09905,-4.362893,-1.641513
2948,05/08/2023 17:08:42.363065,3189,True,True,True,True,Eyes,0.2482009,0.09629253,-3.358862,0.7734354,-0.3801914,0.5072002,0.0,0.0,0.0,0.0,0.0,0.0,0.0,-2.684694,1.115711,2.114204,0.4266018,0.1042051,-3.567828,0.1980464,0.3613148,-0.004425671,0.9111584,21.35229,44.83551,8.337412,0.05470672,0.02961678,-0.9980628,0.3266576,-0.007629633,-0.4479495,1.275845,-0.315763,-2.70912,-0.1127822,-0.04884181,1.418455,0.738864,0.1350492,-0.6601831,0.1511792,0.9215161,0.3577051,0.6566771,-0.3641014,0.6604584,moving,56.74411,-36.8548,-4.546058,-1.972092
2949,05/08/2023 17:08:42.373299,3190,True,True,True,True,Eyes,0.2563234,0.09650955,-3.367476,0.7682098,-0.3820612,0.5136954,0.0,0.0,0.0,0.0,0.0,0.0,0.0,-2.674456,1.123959,2.135374,0.4362871,0.1044991,-3.574151,0.2000081,0.3565446,-0.006708253,0.912594,21.7055,44.22955,8.066919,0.05694707,0.02949042,-0.9979413,0.3312553,-0.006596789,-0.4472523,1.275857,-0.3181565,-2.70913,-0.1171727,-0.05228132,1.414027,0.745662,0.1303798,-0.6534443,0.1548675,0.9199035,0.3602689,0.6480775,-0.369836,0.6657454,moving,56.22969,-36.64005,-4.736965,-2.117452
2950,05/08/2023 17:08:42.392700,3191,True,True,True,True,Eyes,0.264504,0.09674197,-3.37597,0.762655,-0.3841605,0.5203635,0.0,0.0,0.0,0.0,0.0,0.0,0.0,-2.662163,1.140338,2.153981,0.4458592,0.1053971,-3.580114,0.2034989,0.3515162,-0.009199294,0.9137505,22.23225,43.62569,7.839264,0.05919886,0.02937586,-0.9978136,0.3357475,-0.00554992,-0.4462615,1.275869,-0.3203784,-2.709139,-0.1199274,-0.04739277,1.409797,0.7527034,0.1262546,-0.6461404,0.159878,0.9170071,0.3654271,0.6386522,-0.3783618,0.6700491,moving,55.69408,-36.43675,-4.86228,-1.925371
2951,05/08/2023 17:08:42.412627,3192,True,True,True,True,Eyes,0.2727342,0.09698064,-3.384357,0.7569113,-0.3864655,0.5270007,0.0,0.0,0.0,0.0,0.0,0.0,0.0,-2.643155,1.148779,2.184253,0.4556276,0.1060507,-3.585817,0.2050158,0.3452204,-0.01090569,0.9157907,22.52167,42.81725,7.562878,0.06145983,0.02927265,-0.9976799,0.3401443,-0.004519662,-0.4449654,1.275883,-0.3231017,-2.70915,-0.1248443,-0.0462791,1.404815,0.7614079,0.1215766,-0.6367708,0.1615259,0.9156992,0.3679733,0.6278275,-0.3830327,0.6775829,moving,55.15237,-36.25372,-5.078469,-1.886824
2952,05/08/2023 17:08:42.422957,3193,True,True,True,True,Eyes,0.2810199,0.09723723,-3.392653,0.7509247,-0.3890614,0.5336134,0.0,0.0,0.0,0.0,0.0,0.0,0.0,-2.628938,1.158249,2.207984,0.4651449,0.1064984,-3.591705,0.2074706,0.3396901,-0.01394882,0.9172633,22.95991,42.10574,7.197356,0.06372827,0.02917999,-0.9975404,0.3444262,-0.003532489,-0.4434294,1.275893,-0.3250625,-2.709158,-0.1186302,-0.06543373,1.399175,0.7688321,0.1153619,-0.6289585,0.1665409,0.9135228,0.3711337,0.6173826,-0.3900869,0.6831332,moving,54.60208,-36.09606,-4.84628,-2.67754
2953,05/08/2023 17:08:42.442884,3194,True,True,True,True,Eyes,0.2893685,0.09751345,-3.400836,0.744902,-0.3916373,0.5401307,0.0,0.0,0.0,0.0,0.0,0.0,0.0,-2.613945,1.184808,2.223598,0.4748017,0.107257,-3.597767,0.2119969,0.3345044,-0.01549328,0.918109,23.55553,41.52069,7.104824,0.0660033,0.02909752,-0.9973948,0.3486179,-0.002550768,-0.4417117,1.275906,-0.3275149,-2.709168,-0.1137588,-0.06694198,1.394407,0.7757335,0.1133787,-0.6207921,0.1702768,0.9096345,0.3789074,0.6076539,-0.3996376,0.6863282,moving,54.05402,-35.94507,-4.663985,-2.748516
2954,05/08/2023 17:08:42.462601,3195,True,True,True,True,Eyes,0.2977773,0.09781358,-3.408925,0.7387823,-0.3942041,0.5466295,0.0,0.0,0.0,0.0,0.0,0.0,0.0,-2.598506,1.205513,2.241581,0.4847152,0.1080238,-3.603271,0.2136957,0.3299762,-0.01341881,0.9193857,23.69032,41.02009,7.299867,0.06828351,0.02902499,-0.9972434,0.3527464,-0.001569054,-0.4397573,1.275917,-0.3297193,-2.709177,-0.1085003,-0.04499077,1.391665,0.7818713,0.1163548,-0.6124858,0.1657031,0.9083081,0.3840817,0.6010156,-0.4017932,0.6908997,moving,53.50204,-35.79741,-4.458012,-1.851655
2955,05/08/2023 17:08:42.474272,3196,True,True,True,True,Eyes,0.3062552,0.09814499,-3.416897,0.732573,-0.3967839,0.5530816,0.0,0.0,0.0,0.0,0.0,0.0,0.0,-2.576933,1.235696,2.261186,0.4943429,0.1088808,-3.608914,0.2163319,0.3246506,-0.01039769,0.9207032,23.89779,40.46246,7.625304,0.0705691,0.02896223,-0.9970861,0.3568082,-0.0005745152,-0.4376405,1.27593,-0.3321728,-2.709187,-0.1118428,-0.04109938,1.387551,0.7889878,0.1213182,-0.6023124,0.159611,0.9061848,0.3916038,0.593315,-0.4051063,0.695605,moving,52.94775,-35.65588,-4.608333,-1.69661
2956,05/08/2023 17:08:42.492846,3197,True,True,True,True,Eyes,0.3148268,0.09850819,-3.424767,0.7263965,-0.3992994,0.5593818,0.0,0.0,0.0,0.0,0.0,0.0,0.0,-2.556074,1.257177,2.283487,0.5045195,0.1099259,-3.614096,0.2181921,0.3191462,-0.008513045,0.9222069,24.07112,39.83896,7.778151,0.07285896,0.02890939,-0.996923,0.3608333,0.0004541612,-0.4352959,1.275942,-0.3344636,-2.709196,-0.1141607,-0.03084181,1.38506,0.7961465,0.1235688,-0.5923526,0.1549719,0.9046395,0.3970028,0.5849226,-0.4078704,0.7010759,moving,52.40093,-35.52011,-4.711834,-1.275623
2957,05/08/2023 17:08:42.512743,3198,True,True,True,True,Eyes,0.3234674,0.09887625,-3.432513,0.7202091,-0.4016477,0.565666,0.0,0.0,0.0,0.0,0.0,0.0,0.0,-2.542626,1.261823,2.306114,0.5147699,0.1109657,-3.619116,0.2181848,0.3145888,-0.008060521,0.9237773,24.09055,39.2585,7.704339,0.07515431,0.02886654,-0.9967538,0.3648982,0.001516537,-0.4327895,1.275954,-0.336753,-2.709206,-0.1185112,-0.009698257,1.38305,0.8019379,0.1223847,-0.5847373,0.1521692,0.9046608,0.3980368,0.5777025,-0.4081798,0.7068586,moving,51.85323,-35.37643,-4.897615,-0.4017644
2958,05/08/2023 17:08:42.522645,3199,True,True,True,True,Eyes,0.3321609,0.09922539,-3.44012,0.7141071,-0.4038549,0.5717974,0.0,0.0,0.0,0.0,0.0,0.0,0.0,-2.53245,1.259615,2.328317,0.5251428,0.1114975,-3.623919,0.2171027,0.3105946,-0.007665635,0.9253858,23.9895,38.72225,7.590027,0.07745454,0.02883287,-0.9965786,0.3689261,0.00252972,-0.4300586,1.275966,-0.3391487,-2.709216,-0.1212591,-0.007866278,1.380877,0.8069445,0.1206745,-0.578168,0.1490491,0.9056154,0.3970456,0.5715111,-0.4065692,0.7127948,moving,51.31517,-35.23319,-5.018447,-0.3263865
2959,05/08/2023 17:08:42.547157,3200,True,True,True,True,Eyes,0.3409202,0.09954406,-3.447604,0.7079599,-0.4059716,0.5779098,0.0,0.0,0.0,0.0,0.0,0.0,0.0,-2.521441,1.255721,2.351815,0.5355745,0.1114534,-3.628536,0.2156897,0.3064551,-0.007326065,0.9270974,23.85484,38.15916,7.4519,0.07975909,0.0288069,-0.9963975,0.372871,0.00342534,-0.4270761,1.275978,-0.3414692,-2.709225,-0.1230044,-0.02648744,1.378317,0.8120632,0.1186145,-0.5713878,0.1457824,0.9068486,0.3954404,0.5650672,-0.4044209,0.7191265,moving,50.77514,-35.08738,-5.099705,-1.100931
2960,05/08/2023 17:08:42.562984,3201,True,True,True,True,Eyes,0.3497197,0.09982742,-3.454942,0.7018493,-0.4081859,0.5837737,0.0,0.0,0.0,0.0,0.0,0.0,0.0,-2.510694,1.254872,2.373147,0.5459713,0.1110418,-3.633139,0.215161,0.302261,-0.007832817,0.9285917,23.84906,37.59497,7.256269,0.08206711,0.02878692,-0.9962106,0.3767765,0.004175848,-0.4239055,1.27599,-0.3437695,-2.709234,-0.1268343,-0.0354085,1.375802,0.8171538,0.1155226,-0.5647248,0.1446166,0.9072888,0.3948583,0.5579836,-0.4043286,0.7246881,moving,50.2475,-34.96199,-5.267172,-1.474274
2961,05/08/2023 17:08:42.572581,3202,True,True,True,True,Eyes,0.3586014,0.1000848,-3.462151,0.6956937,-0.4103339,0.589607,0.0,0.0,0.0,0.0,0.0,0.0,0.0,-2.499822,1.263539,2.389095,0.5565876,0.1106317,-3.637497,0.2161876,0.2981787,-0.00829429,0.9296686,24.01099,37.08566,7.137751,0.08437779,0.02877123,-0.9960181,0.3805687,0.004775356,-0.420486,1.276003,-0.3462403,-2.709244,-0.129031,-0.04470392,1.373547,0.8220414,0.1135031,-0.5580009,0.1443469,0.9063883,0.3970191,0.5508283,-0.4069119,0.7287049,moving,49.71841,-34.83578,-5.366617,-1.86411
2962,05/08/2023 17:08:42.592499,3203,True,True,True,True,Eyes,0.3675794,0.1002891,-3.469229,0.6895159,-0.4124223,0.5953785,0.0,0.0,0.0,0.0,0.0,0.0,0.0,-2.484968,1.272266,2.408709,0.5675021,0.1102692,-3.641619,0.2164784,0.2936483,-0.007389855,0.9310495,24.04439,36.53065,7.131602,0.08669136,0.02875862,-0.9958197,0.3843795,0.005260841,-0.4168812,1.276015,-0.3486269,-2.709254,-0.1302214,-0.06519496,1.370599,0.8274321,0.1133764,-0.5500017,0.1408977,0.9061649,0.3987643,0.5436028,-0.4074444,0.7338155,moving,49.19027,-34.71058,-5.427411,-2.723322
2963,05/08/2023 17:08:42.612811,3204,True,True,True,True,Eyes,0.3766389,0.1004135,-3.476184,0.6833314,-0.4144258,0.6010903,0.0,0.0,0.0,0.0,0.0,0.0,0.0,-2.474647,1.268897,2.429404,0.5785915,0.109173,-3.645448,0.2149276,0.2898059,-0.006695314,0.9326166,23.87677,36.0152,7.040828,0.08900982,0.0287471,-0.9956156,0.3882507,0.005558098,-0.4131028,1.276027,-0.3509607,-2.709264,-0.1289083,-0.0712546,1.368991,0.8319355,0.1120862,-0.5434336,0.1370629,0.9075226,0.3970094,0.5376776,-0.4047708,0.7396373,moving,48.66363,-34.58459,-5.379284,-2.979499
2964,05/08/2023 17:08:42.631372,3205,True,True,True,True,Eyes,0.3858017,0.1004427,-3.483027,0.6771496,-0.4165394,0.6065999,0.0,0.0,0.0,0.0,0.0,0.0,0.0,-2.465611,1.272587,2.445272,0.5896603,0.1073809,-3.649498,0.2147342,0.2861557,-0.006597701,0.9337882,23.87913,35.54531,6.945436,0.0913334,0.02873403,-0.9954055,0.3921343,0.005597953,-0.4091835,1.276039,-0.3532675,-2.709273,-0.125567,-0.06653239,1.368264,0.8361428,0.1105731,-0.5372511,0.1352165,0.9076914,0.3972566,0.5315841,-0.4048085,0.7440084,moving,48.14558,-34.47657,-5.243405,-2.783837
2965,05/08/2023 17:08:42.643055,3206,True,True,True,True,Eyes,0.3950377,0.1003789,-3.48975,0.6710044,-0.4185973,0.6119881,0.0,0.0,0.0,0.0,0.0,0.0,0.0,-2.459418,1.280043,2.456002,0.6009037,0.1051038,-3.653363,0.2150956,0.2830992,-0.006367389,0.9346381,23.93364,35.16802,6.904887,0.09366433,0.02871657,-0.9951893,0.3960947,0.005349605,-0.4051618,1.276051,-0.3555689,-2.709283,-0.1229416,-0.06472431,1.367424,0.8396285,0.1098844,-0.5319298,0.1336892,0.9073867,0.3984678,0.5264513,-0.4056783,0.7471775,moving,47.63369,-34.37197,-5.137506,-2.709961
2966,05/08/2023 17:08:42.662695,3207,True,True,True,True,Eyes,0.404364,0.1002139,-3.496359,0.6648424,-0.4207737,0.6171986,0.0,0.0,0.0,0.0,0.0,0.0,0.0,-2.455034,1.28633,2.465461,0.6119357,0.1028182,-3.657226,0.2154382,0.2803392,-0.006411531,0.9353904,23.99346,34.82225,6.839416,0.09600309,0.02869229,-0.9949672,0.4000369,0.004837365,-0.4010209,1.276063,-0.3578741,-2.709292,-0.1177291,-0.06537008,1.367096,0.8427377,0.1087969,-0.5272157,0.1327861,0.9070906,0.3994428,0.5216905,-0.4066324,0.7499927,moving,47.12828,-34.28412,-4.921953,-2.737613
2967,05/08/2023 17:08:42.672812,3208,True,True,True,True,Eyes,0.4137674,0.09993447,-3.502836,0.658738,-0.4228298,0.6223176,0.0,0.0,0.0,0.0,0.0,0.0,0.0,-2.452794,1.291497,2.472914,0.6229848,0.1002065,-3.66078,0.2158725,0.2778807,-0.006968768,0.9360197,24.07894,34.5057,6.725862,0.09835077,0.02865877,-0.9947388,0.4040136,0.004051965,-0.3967851,1.276075,-0.3603098,-2.709302,-0.113814,-0.06809601,1.366455,0.8454675,0.1069278,-0.5232124,0.1330194,0.906701,0.4002489,0.5171949,-0.4079948,0.7523627,moving,46.62848,-34.1939,-4.761258,-2.852922
2968,05/08/2023 17:08:42.692732,3209,True,True,True,True,Eyes,0.4232533,0.09954067,-3.50918,0.6526407,-0.4248766,0.6273277,0.0,0.0,0.0,0.0,0.0,0.0,0.0,-2.449952,1.292738,2.482809,0.6342723,0.09717905,-3.664155,0.2153545,0.2753724,-0.007000391,0.9368798,24.04022,34.17257,6.632893,0.1007073,0.02861348,-0.9945043,0.407983,0.002970657,-0.3924108,1.276087,-0.3625481,-2.709311,-0.1071495,-0.06905049,1.366485,0.8482421,0.1054883,-0.5189967,0.1317224,0.9071469,0.3996671,0.5129663,-0.4073779,0.7555851,moving,46.13295,-34.10901,-4.48353,-2.892779
2969,05/08/2023 17:08:42.712474,3210,True,True,True,True,Eyes,0.4328213,0.099052,-3.515387,0.6466433,-0.4268754,0.6321629,0.0,0.0,0.0,0.0,0.0,0.0,0.0,-2.450848,1.291681,2.489883,0.6457061,0.09405104,-3.667264,0.214802,0.273411,-0.007536846,0.9375766,24.01074,33.89748,6.49483,0.1030737,0.02855417,-0.9942635,0.4119617,0.001610994,-0.3878976,1.276099,-0.3648973,-2.709321,-0.09952158,-0.07950129,1.365402,0.8503793,0.1033257,-0.5159253,0.1315912,0.9076065,0.3986654,0.5094496,-0.406908,0.758213,moving,45.64876,-34.02965,-4.168811,-3.332317
2970,05/08/2023 17:08:42.731373,3211,True,True,True,True,Eyes,0.4424543,0.09848978,-3.521434,0.6406879,-0.4288484,0.6368737,0.0,0.0,0.0,0.0,0.0,0.0,0.0,-2.453366,1.297506,2.491601,0.6572673,0.09129721,-3.670186,0.2153306,0.2718628,-0.007798412,0.9379033,24.08922,33.70604,6.443658,0.1054501,0.02847952,-0.9940164,0.4159479,4.832819e-05,-0.3832433,1.276112,-0.3673755,-2.709331,-0.09023172,-0.09162721,1.364285,0.8520596,0.1024525,-0.5133204,0.1317091,0.9071438,0.3996784,0.5066035,-0.4081588,0.7594467,moving,45.17106,-33.95494,-3.783944,-3.842291
2971,05/08/2023 17:08:42.742853,3212,True,True,True,True,Eyes,0.4521716,0.09786385,-3.527344,0.634842,-0.4306812,0.6414744,0.0,0.0,0.0,0.0,0.0,0.0,0.0,-2.451909,1.305776,2.49544,0.6689436,0.08903319,-3.672699,0.21534,0.2700452,-0.00618589,0.9384382,24.04835,33.51109,6.583078,0.1078364,0.02838906,-0.993763,0.4198901,-0.001641234,-0.3783912,1.276124,-0.369624,-2.70934,-0.08183658,-0.09588607,1.363378,0.8540747,0.1046929,-0.5095055,0.1279132,0.9071808,0.4008256,0.5041771,-0.4075075,0.7614086,moving,44.70227,-33.87712,-3.435049,-4.022974
2972,05/08/2023 17:08:42.762952,3213,True,True,True,True,Eyes,0.4619729,0.09719136,-3.533102,0.6288826,-0.4326146,0.6460273,0.0,0.0,0.0,0.0,0.0,0.0,0.0,-2.443793,1.321049,2.502342,0.6807044,0.08686498,-3.675337,0.2154793,0.2674641,-0.002849729,0.9391611,23.97036,33.26121,6.908684,0.1102332,0.02828268,-0.993503,0.4238486,-0.00342053,-0.3734182,1.276135,-0.3719102,-2.70935,-0.07268852,-0.09823626,1.362798,0.8569097,0.1099132,-0.5036118,0.1206186,0.9071211,0.4032151,0.5011556,-0.4062639,0.7640633,moving,44.22954,-33.80839,-3.053133,-4.122993
2973,05/08/2023 17:08:42.772720,3214,True,True,True,True,Eyes,0.4718925,0.09650338,-3.53871,0.6229481,-0.4344297,0.6505433,0.0,0.0,0.0,0.0,0.0,0.0,0.0,-2.427397,1.35147,2.508741,0.6929239,0.08515482,-3.677651,0.2174287,0.2638029,0.001592439,0.9397501,24.06778,32.94166,7.407029,0.1126414,0.02816083,-0.9932363,0.4278216,-0.005232766,-0.3682851,1.276148,-0.3743145,-2.709359,-0.06503677,-0.100151,1.362103,0.8608109,0.1177096,-0.4951251,0.1117237,0.9054444,0.4094975,0.4965101,-0.4078172,0.7662655,moving,43.75866,-33.73481,-2.733644,-4.205204
2974,05/08/2023 17:08:42.792869,3215,True,True,True,True,Eyes,0.4819435,0.09579659,-3.544172,0.6167479,-0.4361107,0.6553087,0.0,0.0,0.0,0.0,0.0,0.0,0.0,-2.40681,1.373914,2.522893,0.7057262,0.08408545,-3.679707,0.2179596,0.2593548,0.006372544,0.9408444,24.00564,32.49827,7.867866,0.1150632,0.0280249,-0.9929625,0.4319112,-0.006982738,-0.3630122,1.27616,-0.37657,-2.709369,-0.05776846,-0.1033631,1.361182,0.8653889,0.1250489,-0.4852471,0.1010666,0.904906,0.4134376,0.490803,-0.4068266,0.7704574,moving,43.26368,-33.64393,-2.43017,-4.342493
2975,05/08/2023 17:08:42.812697,3216,True,True,True,True,Eyes,0.4921134,0.09507003,-3.549492,0.610559,-0.437558,0.6601218,0.0,0.0,0.0,0.0,0.0,0.0,0.0,-2.388635,1.380444,2.542975,0.7188315,0.08289021,-3.681622,0.2162452,0.2550163,0.01061529,0.9423863,23.71321,32.00448,8.18184,0.1175017,0.02787596,-0.9926811,0.4361496,-0.008684171,-0.3576173,1.276172,-0.3788861,-2.709378,-0.05077624,-0.1135622,1.359223,0.8697079,0.1302995,-0.4760568,0.09028472,0.9062506,0.4129872,0.4852388,-0.402159,0.7764094,moving,42.76632,-33.53818,-2.139393,-4.775933
2976,05/08/2023 17:08:42.831380,3217,True,True,True,True,Eyes,0.5024126,0.09440067,-3.554647,0.6041341,-0.4392087,0.6649193,0.0,0.0,0.0,0.0,0.0,0.0,0.0,-2.373646,1.379411,2.564039,0.7319021,0.08165267,-3.683601,0.2142252,0.2507772,0.0131289,0.9439524,23.44396,31.47821,8.286882,0.1199585,0.02771498,-0.9923916,0.4404903,-0.0103428,-0.3521212,1.276184,-0.3813095,-2.709388,-0.04133952,-0.1234092,1.357193,0.8738768,0.1322317,-0.4678184,0.08265949,0.9078704,0.4110216,0.4790686,-0.3978519,0.7824367,moving,42.25774,-33.44653,-1.744666,-5.195604
2977,05/08/2023 17:08:42.843108,3218,True,True,True,True,Eyes,0.512825,0.09387467,-3.559642,0.597699,-0.4408226,0.6696501,0.0,0.0,0.0,0.0,0.0,0.0,0.0,-2.365278,1.394417,2.569193,0.7452841,0.08239842,-3.684759,0.2159875,0.2475878,0.01411223,0.9443785,23.63819,31.13911,8.386109,0.1224359,0.02754522,-0.9920938,0.4449582,-0.01173029,-0.3464599,1.276196,-0.3835121,-2.709397,-0.03037578,-0.1289697,1.355332,0.8770022,0.1336063,-0.4615371,0.08029717,0.9063005,0.4149359,0.4737294,-0.4009598,0.7840993,moving,41.75064,-33.35643,-1.283901,-5.435743
2978,05/08/2023 17:08:42.863119,3219,True,True,True,True,Eyes,0.5234126,0.0933392,-3.56448,0.5908926,-0.4418389,0.6749994,0.0,0.0,0.0,0.0,0.0,0.0,0.0,-2.33225,1.429026,2.585937,0.7584679,0.08531272,-3.685922,0.21779,0.2417605,0.02123052,0.9453405,23.67237,30.60951,9.137772,0.1249353,0.0273723,-0.991787,0.4494979,-0.01260448,-0.3406547,1.276207,-0.3858183,-2.709407,-0.01995885,-0.131584,1.35337,0.8822022,0.1454462,-0.4478444,0.06516593,0.9042335,0.4220369,0.4663396,-0.4015061,0.7882386,moving,41.19881,-33.20782,-0.8449097,-5.553241
2979,05/08/2023 17:08:42.872967,3220,True,True,True,True,Eyes,0.5340803,0.09292492,-3.569235,0.5838914,-0.4437392,0.6798282,0.0,0.0,0.0,0.0,0.0,0.0,0.0,-2.292962,1.396407,2.643661,0.7726057,0.08429171,-3.686807,0.2084724,0.2337838,0.0280029,0.9492631,22.50084,29.54155,9.384068,0.1274606,0.02719636,-0.9914705,0.454291,-0.01345463,-0.3347294,1.27622,-0.3882593,-2.709417,-0.009501636,-0.1309941,1.351871,0.8891219,0.1506392,-0.432169,0.04431071,0.9115101,0.4088836,0.4555203,-0.3826971,0.8037688,moving,40.65865,-33.13339,-0.4026972,-5.53459
2980,05/08/2023 17:08:42.892906,3221,True,True,True,True,Eyes,0.5449117,0.09267685,-3.573786,0.5765011,-0.4459088,0.6846983,0.0,0.0,0.0,0.0,0.0,0.0,0.0,-2.276712,1.462167,2.629729,0.785289,0.08699127,-3.689523,0.2204869,0.2290232,0.02448955,0.947805,24.0002,29.1466,9.286251,0.1300118,0.02702155,-0.9911438,0.4590367,-0.0138902,-0.3289114,1.276232,-0.3905047,-2.709426,-0.0001944304,-0.1310386,1.349939,0.8938973,0.1474159,-0.4233394,0.05457063,0.9015715,0.4291745,0.4449379,-0.4067398,0.7978677,moving,40.09665,-33.07413,-0.008252255,-5.544333
2981,05/08/2023 17:08:42.913175,3222,True,True,True,True,Eyes,0.5558351,0.09248979,-3.578199,0.5691847,-0.4471772,0.689972,0.0,0.0,0.0,0.0,0.0,0.0,0.0,-2.242534,1.47597,2.654923,0.7996151,0.09065793,-3.688964,0.2209317,0.2220512,0.02812759,0.9492584,24.01344,28.36702,9.547969,0.1325916,0.02685313,-0.9908066,0.4639886,-0.01380099,-0.3228288,1.276245,-0.3929764,-2.709436,0.007609427,-0.134424,1.347238,0.8998042,0.151517,-0.4091393,0.04471558,0.9007961,0.431934,0.4339964,-0.406951,0.8037649,moving,39.52054,-32.94764,0.3236127,-5.697967
2982,05/08/2023 17:08:42.923215,3223,True,True,True,True,Eyes,0.5668371,0.09239165,-3.582552,0.561512,-0.4494208,0.6947843,0.0,0.0,0.0,0.0,0.0,0.0,0.0,-2.229665,1.414702,2.704442,0.8127866,0.09175956,-3.690223,0.2095698,0.2175779,0.03128259,0.9527653,22.689,27.61896,9.407484,0.1351997,0.02669244,-0.9904584,0.4689194,-0.01353409,-0.3166992,1.276256,-0.3952465,-2.709445,0.01178145,-0.1339112,1.344906,0.9033626,0.1508054,-0.4014895,0.03158556,0.9102039,0.4129544,0.427713,-0.3857289,0.8174808,moving,38.94451,-32.89678,0.5019013,-5.686152
2983,05/08/2023 17:08:42.943019,3224,True,True,True,True,Eyes,0.5779251,0.09246495,-3.586727,0.5538162,-0.4515024,0.699595,0.0,0.0,0.0,0.0,0.0,0.0,0.0,-2.211844,1.473704,2.694745,0.8249981,0.09385571,-3.692733,0.2196939,0.212902,0.02911361,0.9516091,23.9368,27.21456,9.379491,0.137836,0.02654142,-0.990099,0.4737903,-0.01301646,-0.3107564,1.276268,-0.3975086,-2.709455,0.01588744,-0.1285493,1.343124,0.9076502,0.1489561,-0.3924068,0.03813702,0.9017739,0.4305221,0.4179911,-0.4057287,0.8128146,moving,38.36598,-32.83726,0.6777042,-5.467078
2984,05/08/2023 17:08:42.962901,3225,True,True,True,True,Eyes,0.58908,0.09259579,-3.590774,0.546032,-0.4530715,0.704681,0.0,0.0,0.0,0.0,0.0,0.0,0.0,-2.185285,1.478393,2.717941,0.8382038,0.09801529,-3.692713,0.2189138,0.207274,0.03267819,0.9529147,23.80754,26.57749,9.628678,0.1404995,0.02640456,-0.9897282,0.4786269,-0.0120156,-0.3046359,1.27628,-0.3999169,-2.709464,0.01768333,-0.1196195,1.341833,0.9119393,0.1530293,-0.3807214,0.0284712,0.9020178,0.430759,0.4093363,-0.4036657,0.8182285,moving,37.77082,-32.73881,0.7550278,-5.094243
2985,05/08/2023 17:08:42.982539,3226,True,True,True,True,Eyes,0.6002923,0.09275194,-3.594737,0.5382556,-0.4547448,0.7095689,0.0,0.0,0.0,0.0,0.0,0.0,0.0,-2.161937,1.434332,2.765664,0.8513788,0.09945171,-3.693974,0.2096909,0.2016322,0.03710832,0.956032,22.70447,25.77186,9.705138,0.1431889,0.02628227,-0.989346,0.4833741,-0.01090215,-0.2984999,1.276292,-0.4022105,-2.709474,0.01920623,-0.1106668,1.340415,0.9159349,0.1555143,-0.3699711,0.01360739,0.9093055,0.4159068,0.4010962,-0.3859779,0.8307483,moving,37.18275,-32.65478,0.8209103,-4.719728
2986,05/08/2023 17:08:42.992843,3227,True,True,True,True,Eyes,0.6115766,0.09295993,-3.598567,0.5303057,-0.4565549,0.7143763,0.0,0.0,0.0,0.0,0.0,0.0,0.0,-2.149925,1.449868,2.773474,0.8640189,0.1002555,-3.695926,0.2118821,0.1978223,0.03706254,0.9563466,22.99195,25.34618,9.675674,0.1459034,0.02617381,-0.9889522,0.4880085,-0.009779571,-0.2924774,1.276305,-0.4046045,-2.709483,0.02276957,-0.1036613,1.338765,0.9189854,0.1547193,-0.3626677,0.01294078,0.9074646,0.4199291,0.3940792,-0.3906019,0.8319445,moving,36.58775,-32.58248,0.9743867,-4.427609
2987,05/08/2023 17:08:43.013324,3228,True,True,True,True,Eyes,0.6229097,0.09321456,-3.602286,0.5224838,-0.4579305,0.7192429,0.0,0.0,0.0,0.0,0.0,0.0,0.0,-2.137208,1.444512,2.791147,0.8771472,0.1016972,-3.696626,0.2099191,0.1940949,0.03931678,0.9574525,22.75012,24.89319,9.787964,0.148642,0.02607942,-0.9885468,0.4925807,-0.008568803,-0.2864194,1.276318,-0.4071801,-2.709494,0.02758366,-0.0975756,1.337326,0.9215628,0.1567763,-0.3551665,0.006200545,0.9087763,0.4172376,0.3881799,-0.3867128,0.8365223,moving,35.99599,-32.48426,1.181614,-4.17309
2988,05/08/2023 17:08:43.023151,3229,True,True,True,True,Eyes,0.634267,0.09347489,-3.605896,0.5145902,-0.4595067,0.7239134,0.0,0.0,0.0,0.0,0.0,0.0,0.0,-2.126069,1.424616,2.815299,0.8896838,0.102987,-3.697766,0.2052272,0.1906866,0.0425554,0.9590148,22.17287,24.44448,9.94245,0.1514028,0.02599913,-0.9881299,0.4970254,-0.007290804,-0.2803922,1.276329,-0.409357,-2.709503,0.0262714,-0.08821084,1.336088,0.9236553,0.1598907,-0.3482756,-0.003354348,0.9121417,0.4098613,0.3832097,-0.3774023,0.8430408,moving,35.40693,-32.40549,1.126458,-3.777285
2989,05/08/2023 17:08:43.042783,3230,True,True,True,True,Eyes,0.6456617,0.09372789,-3.609412,0.506682,-0.4610032,0.7285255,0.0,0.0,0.0,0.0,0.0,0.0,0.0,-2.112289,1.415908,2.835539,0.9022017,0.1034682,-3.698942,0.2029819,0.1866506,0.04397319,0.960222,21.92547,23.93147,9.945642,0.1541837,0.02593171,-0.9877017,0.5012756,-0.006072341,-0.2743962,1.276342,-0.4117535,-2.709513,0.02110946,-0.07910685,1.335293,0.9264559,0.1602215,-0.3406006,-0.008674652,0.9137294,0.4062307,0.3763036,-0.3734002,0.8479197,moving,34.81821,-32.3252,0.9057057,-3.390415
2990,05/08/2023 17:08:43.062985,3231,True,True,True,True,Eyes,0.6570875,0.09395711,-3.612848,0.4986145,-0.4629614,0.7328371,0.0,0.0,0.0,0.0,0.0,0.0,0.0,-2.10049,1.411099,2.852356,0.9145601,0.1035487,-3.700277,0.202319,0.1825723,0.04316045,0.9611824,21.91132,23.39838,9.733061,0.1569826,0.02587558,-0.9872621,0.5053833,-0.004949025,-0.2684824,1.276353,-0.4140446,-2.709522,0.0168947,-0.07715157,1.333914,0.9296091,0.1568458,-0.3335062,-0.009094473,0.9144084,0.4046907,0.3684349,-0.3731711,0.8514688,moving,34.23095,-32.28218,0.7256414,-3.310213
2991,05/08/2023 17:08:43.072793,3232,True,True,True,True,Eyes,0.668538,0.09418024,-3.616206,0.4905962,-0.4650603,0.7369086,0.0,0.0,0.0,0.0,0.0,0.0,0.0,-2.091678,1.412356,2.864096,0.926868,0.1032926,-3.701777,0.2029573,0.1788972,0.04146981,0.9618131,22.05993,22.922,9.463939,0.1597982,0.02582884,-0.9868115,0.5093377,-0.00396441,-0.262681,1.276366,-0.4164649,-2.709532,0.01656133,-0.07162026,1.333302,0.9325521,0.1523894,-0.3272982,-0.007155447,0.9141772,0.4052516,0.3609645,-0.3755763,0.8536083,moving,33.65365,-32.25587,0.7116507,-3.07477
2992,05/08/2023 17:08:43.092846,3233,True,True,True,True,Eyes,0.6800062,0.09441721,-3.619488,0.4823967,-0.46774,0.7406164,0.0,0.0,0.0,0.0,0.0,0.0,0.0,-2.085962,1.428679,2.866053,0.9389604,0.1034253,-3.703279,0.205847,0.1760162,0.0400948,0.9617888,22.4482,22.5941,9.314572,0.1626285,0.02579032,-0.9863501,0.5131288,-0.003057155,-0.2569953,1.276377,-0.4186673,-2.709541,0.01831055,-0.06394121,1.332709,0.9348214,0.1495903,-0.322074,-0.004660674,0.9120389,0.4100773,0.3550876,-0.3818479,0.8532906,moving,33.078,-32.27466,0.7871571,-2.746853
2993,05/08/2023 17:08:43.112893,3234,True,True,True,True,Eyes,0.6914927,0.09467549,-3.622688,0.4741793,-0.4705056,0.7441629,0.0,0.0,0.0,0.0,0.0,0.0,0.0,-2.072124,1.450988,2.870595,0.9508793,0.1040959,-3.704642,0.2089534,0.1722597,0.04027397,0.9617916,22.8341,22.19707,9.332728,0.1654716,0.0257596,-0.9858778,0.5167458,-0.002162829,-0.2514196,1.276389,-0.4209548,-2.70955,0.0197069,-0.06404254,1.331486,0.9374092,0.1494588,-0.3145252,-0.005481818,0.909433,0.4158144,0.3481867,-0.3880641,0.8533301,moving,32.50522,-32.3036,0.8479546,-2.753721
2994,05/08/2023 17:08:43.123096,3235,True,True,True,True,Eyes,0.7029924,0.09497178,-3.625812,0.4656727,-0.4736922,0.7475056,0.0,0.0,0.0,0.0,0.0,0.0,0.0,-2.053718,1.469278,2.880157,0.9628726,0.1049093,-3.705902,0.2114466,0.1677103,0.04038983,0.9620459,23.15969,21.68798,9.303583,0.1683255,0.02573655,-0.9853952,0.5202005,-0.001258213,-0.2459339,1.276401,-0.4233046,-2.70956,0.01715475,-0.05916354,1.330513,0.9404839,0.1486373,-0.3056094,-0.00679018,0.9073179,0.4203903,0.3397706,-0.3932952,0.8543271,moving,31.92162,-32.36232,0.7386928,-2.546077
2995,05/08/2023 17:08:43.142875,3236,True,True,True,True,Eyes,0.7145061,0.09531368,-3.628851,0.457097,-0.476887,0.7507604,0.0,0.0,0.0,0.0,0.0,0.0,0.0,-2.036105,1.488612,2.888292,0.9746328,0.1062272,-3.707119,0.2149483,0.1629805,0.0387946,0.9621485,23.63938,21.13433,9.08926,0.1711888,0.02572156,-0.9849022,0.5234876,-0.0002938588,-0.2405513,1.276414,-0.4256569,-2.70957,0.01601499,-0.05411196,1.330561,0.9438647,0.1447171,-0.2969452,-0.004587596,0.9045844,0.4262698,0.3303005,-0.4009787,0.8544692,moving,31.33496,-32.42393,0.689594,-2.328851
2996,05/08/2023 17:08:43.162702,3237,True,True,True,True,Eyes,0.7260193,0.09569979,-3.631806,0.4483336,-0.4801537,0.7539558,0.0,0.0,0.0,0.0,0.0,0.0,0.0,-2.021905,1.491194,2.902308,0.9865603,0.1077056,-3.708133,0.2162627,0.158412,0.03645777,0.9627082,23.88141,20.53703,8.725539,0.1740594,0.0257152,-0.9843991,0.5266194,0.0007494718,-0.2352348,1.276426,-0.428008,-2.709579,0.01909578,-0.0654383,1.329491,0.947153,0.1387136,-0.2892402,-0.001679186,0.9038026,0.4279464,0.320778,-0.4048449,0.8562723,moving,30.73748,-32.49086,0.8228955,-2.817857
2997,05/08/2023 17:08:43.172578,3238,True,True,True,True,Eyes,0.7375489,0.096114,-3.634679,0.4395671,-0.483115,0.757219,0.0,0.0,0.0,0.0,0.0,0.0,0.0,-2.007545,1.485745,2.920399,0.9984016,0.1092513,-3.709133,0.2157212,0.154049,0.03551739,0.9635725,23.87754,19.96338,8.484262,0.1769352,0.02571797,-0.9838862,0.5295618,0.001862838,-0.2299849,1.276438,-0.4304097,-2.709589,0.02245164,-0.05421838,1.330554,0.9500148,0.1349104,-0.281551,-0.001983903,0.9044058,0.4266688,0.3121984,-0.4047832,0.8594666,moving,30.13525,-32.53838,0.9667117,-2.333439
2998,05/08/2023 17:08:43.192968,3239,True,True,True,True,Eyes,0.7491143,0.09654307,-3.637483,0.4305302,-0.4859106,0.7606147,0.0,0.0,0.0,0.0,0.0,0.0,0.0,-1.989112,1.470834,2.945871,1.010395,0.110307,-3.710122,0.2129938,0.149243,0.03600076,0.9649167,23.59673,19.33122,8.348351,0.1798153,0.02572975,-0.9833636,0.5323771,0.002993713,-0.2248061,1.27645,-0.4326328,-2.709598,0.02190346,-0.03483179,1.332096,0.952861,0.1330511,-0.2726782,-0.005899837,0.9066752,0.4217882,0.3033499,-0.4002967,0.8647203,moving,29.51113,-32.57204,0.942021,-1.497835
2999,05/08/2023 17:08:43.213275,3240,True,True,True,True,Eyes,0.7607062,0.09696667,-3.640214,0.4215109,-0.4884328,0.7640432,0.0,0.0,0.0,0.0,0.0,0.0,0.0,-1.971449,1.454155,2.971404,1.022433,0.1110425,-3.711161,0.2099047,0.1445898,0.03664537,0.9662769,23.26941,18.71831,8.231015,0.1827,0.02575004,-0.9828312,0.5351307,0.004101304,-0.2197305,1.276462,-0.4349646,-2.709608,0.01921624,-0.05292588,1.331038,0.9555018,0.1315193,-0.2640435,-0.01011899,0.9091943,0.4162492,0.2948117,-0.395055,0.8700676,moving,28.88485,-32.58971,0.8271233,-2.277044
3000,05/08/2023 17:08:43.223080,3241,True,True,True,True,Eyes,0.7723531,0.09737495,-3.642881,0.4123787,-0.4908523,0.7674685,0.0,0.0,0.0,0.0,0.0,0.0,0.0,-1.95162,1.443463,2.995175,1.034724,0.1113027,-3.712201,0.2074577,0.1397486,0.0377383,0.9674748,23.0088,18.10683,8.182611,0.1855887,0.02577773,-0.9822891,0.5377986,0.005126012,-0.21474,1.276474,-0.4373647,-2.709618,0.01705807,-0.0611383,1.331024,0.9580922,0.1310056,-0.2547484,-0.01503786,0.9110743,0.411968,0.2860648,-0.3908725,0.8748632,moving,28.25018,-32.60189,0.7342486,-2.629936
3001,05/08/2023 17:08:43.242939,3242,True,True,True,True,Eyes,0.7840296,0.09777263,-3.64549,0.4032217,-0.4931991,0.7708223,0.0,0.0,0.0,0.0,0.0,0.0,0.0,-1.929984,1.437489,3.01757,1.047169,0.1112984,-3.713218,0.2056398,0.1347054,0.03893974,0.9685301,22.82053,17.48565,8.160163,0.1884832,0.02581151,-0.9817368,0.5404711,0.006043282,-0.2098564,1.276486,-0.4397286,-2.709627,0.01388836,-0.05528083,1.331438,0.9606763,0.1308302,-0.2449174,-0.02002702,0.9123919,0.4088274,0.2769476,-0.3878458,0.8791335,moving,27.61433,-32.61253,0.5976363,-2.377535
3002,05/08/2023 17:08:43.263001,3243,True,True,True,True,Eyes,0.7957526,0.09815948,-3.648028,0.3938645,-0.4956266,0.7740963,0.0,0.0,0.0,0.0,0.0,0.0,0.0,-1.905559,1.443335,3.036154,1.059631,0.1114485,-3.71448,0.2057417,0.1293055,0.03980295,0.9692091,22.86244,16.84552,8.13327,0.1913828,0.02585038,-0.9811747,0.5430725,0.006873732,-0.2050914,1.276498,-0.4420038,-2.709637,0.00813818,-0.05978462,1.331991,0.9633917,0.1303618,-0.2342699,-0.02394772,0.9121722,0.4091069,0.2670263,-0.3885199,0.881901,moving,26.96725,-32.63,0.3500606,-2.569919
3003,05/08/2023 17:08:43.272638,3244,True,True,True,True,Eyes,0.8075111,0.09850657,-3.650501,0.3844447,-0.4978299,0.777411,0.0,0.0,0.0,0.0,0.0,0.0,0.0,-1.880613,1.442206,3.057568,1.072223,0.1115953,-3.715275,0.2049864,0.1237019,0.04029012,0.97008,22.81386,16.15817,8.037549,0.1942887,0.02589343,-0.9806023,0.545657,0.007621855,-0.2003998,1.276513,-0.4448695,-2.709648,-0.0005027652,-0.05713022,1.332692,0.9661491,0.1288837,-0.2234836,-0.02745487,0.9127145,0.4076744,0.2565193,-0.3877386,0.8853568,moving,26.31328,-32.63424,-0.02161513,-2.454669
3004,05/08/2023 17:08:43.292762,3245,True,True,True,True,Eyes,0.8193495,0.09880181,-3.652925,0.3748786,-0.5000763,0.7806342,0.0,0.0,0.0,0.0,0.0,0.0,0.0,-1.854783,1.431506,3.083915,1.084916,0.1109679,-3.716263,0.2027679,0.1178396,0.04057932,0.9712633,22.60143,15.41296,7.882811,0.1972002,0.02593895,-0.9800197,0.5481932,0.008205822,-0.1957944,1.276522,-0.446655,-2.709656,-0.008713603,-0.053904,1.332996,0.9689343,0.1266146,-0.2124501,-0.03103824,0.9144771,0.4034457,0.2453628,-0.3843183,0.889998,moving,25.65139,-32.64373,-0.3745291,-2.315679
3005,05/08/2023 17:08:43.312725,3246,True,True,True,True,Eyes,0.8312258,0.09903756,-3.65528,0.3651984,-0.5021675,0.7838737,0.0,0.0,0.0,0.0,0.0,0.0,0.0,-1.829492,1.426906,3.106786,1.097608,0.1099404,-3.717309,0.2017397,0.1120079,0.04011146,0.9721864,22.53648,14.67367,7.664326,0.2001204,0.02598502,-0.9794264,0.5508167,0.008599183,-0.1913188,1.276534,-0.4490276,-2.709665,-0.01472241,-0.06563625,1.332048,0.9716906,0.1231845,-0.201601,-0.03279876,0.9153844,0.4012427,0.2339693,-0.3832715,0.8935107,moving,24.98031,-32.64456,-0.6332335,-2.82095
3006,05/08/2023 17:08:43.322716,3247,True,True,True,True,Eyes,0.8431503,0.09918008,-3.657586,0.3553498,-0.5042973,0.7870265,0.0,0.0,0.0,0.0,0.0,0.0,0.0,-1.8004,1.4196,3.132486,1.110484,0.1087498,-3.718087,0.2002841,0.1055962,0.03963263,0.973224,22.42493,13.85857,7.424079,0.203049,0.02602971,-0.9788223,0.5533966,0.008790486,-0.1869049,1.276547,-0.4513723,-2.709675,-0.0153842,-0.07892171,1.330558,0.9745574,0.1194413,-0.1896619,-0.03484436,0.916631,0.3982128,0.2214131,-0.3814726,0.8974714,moving,24.29962,-32.65024,-0.6624368,-3.394508
3007,05/08/2023 17:08:43.342720,3248,True,True,True,True,Eyes,0.8551134,0.09923737,-3.65985,0.3453956,-0.5064504,0.7900696,0.0,0.0,0.0,0.0,0.0,0.0,0.0,-1.772144,1.413505,3.15712,1.123338,0.1066871,-3.719224,0.1990844,0.09926513,0.03866722,0.9741749,22.34666,13.04718,7.133868,0.2059864,0.02607022,-0.9782072,0.5559663,0.008690623,-0.1826086,1.276558,-0.453631,-2.709684,-0.01476806,-0.08155283,1.329499,0.9773026,0.1148616,-0.1780071,-0.035813,0.9177405,0.3955627,0.2087993,-0.3802094,0.9010237,moving,23.61356,-32.66068,-0.6364146,-3.510183
3008,05/08/2023 17:08:43.362912,3249,True,True,True,True,Eyes,0.8671569,0.09921845,-3.662094,0.3352506,-0.5086951,0.7929921,0.0,0.0,0.0,0.0,0.0,0.0,0.0,-1.746055,1.421381,3.174204,1.136323,0.1047466,-3.720539,0.200214,0.09327241,0.03709949,0.9745965,22.54042,12.29395,6.818988,0.2089323,0.0261043,-0.9775813,0.5584979,0.00834107,-0.1784449,1.27657,-0.4559838,-2.709694,-0.01416761,-0.08076635,1.328883,0.9798477,0.1096629,-0.1669502,-0.03496517,0.9170759,0.3971765,0.1966616,-0.3833351,0.9024292,moving,22.91702,-32.6797,-0.6108239,-3.478024
3009,05/08/2023 17:08:43.372843,3250,True,True,True,True,Eyes,0.8792411,0.09911748,-3.66431,0.3251196,-0.510863,0.7958118,0.0,0.0,0.0,0.0,0.0,0.0,0.0,-1.722905,1.435513,3.187016,1.149398,0.1028848,-3.722159,0.2020219,0.08787958,0.03612609,0.9747612,22.79882,11.63501,6.598659,0.211889,0.02613021,-0.9769441,0.5611183,0.007783833,-0.1744694,1.276583,-0.4583478,-2.709703,-0.01167554,-0.07619706,1.328239,0.9819442,0.1059358,-0.1567267,-0.03492142,0.9157641,0.4001957,0.1859197,-0.3874967,0.9029287,moving,22.22189,-32.69801,-0.5036305,-3.283286
3010,05/08/2023 17:08:43.392922,3251,True,True,True,True,Eyes,0.8914129,0.09892883,-3.666516,0.3149366,-0.5129682,0.7985478,0.0,0.0,0.0,0.0,0.0,0.0,0.0,-1.703438,1.439475,3.202234,1.162531,0.1008357,-3.723767,0.2021081,0.08305749,0.03568864,0.9751822,22.84602,11.03661,6.428445,0.214856,0.02614621,-0.9762955,0.563704,0.007013892,-0.1706489,1.276595,-0.4606612,-2.709713,-0.008571267,-0.0681951,1.327937,0.9836556,0.103179,-0.1475665,-0.03603267,0.9157573,0.4001128,0.1764183,-0.388256,0.9045075,moving,21.52361,-32.71573,-0.3698147,-2.939795
3011,05/08/2023 17:08:43.412982,3252,True,True,True,True,Eyes,0.9036194,0.0986421,-3.668711,0.3048119,-0.5149919,0.8011698,0.0,0.0,0.0,0.0,0.0,0.0,0.0,-1.687128,1.442418,3.216369,1.175594,0.09845967,-3.725625,0.2020822,0.07867566,0.03506643,0.9755734,22.87825,10.48613,6.244681,0.2178354,0.02615055,-0.9756348,0.5663971,0.006027113,-0.1670289,1.276607,-0.4630003,-2.709723,-0.001954436,-0.06609079,1.327025,0.9851609,0.1002176,-0.1393352,-0.03662185,0.9158663,0.3998097,0.1676804,-0.3887742,0.9059458,moving,20.82975,-32.73291,-0.08438491,-2.851188
3012,05/08/2023 17:08:43.422613,3253,True,True,True,True,Eyes,0.9158931,0.09827329,-3.670901,0.2946845,-0.5169264,0.803709,0.0,0.0,0.0,0.0,0.0,0.0,0.0,-1.669455,1.448202,3.229998,1.188693,0.09583396,-3.72761,0.2021365,0.07426478,0.03514387,0.9759051,22.9117,9.950109,6.146101,0.2208266,0.02614134,-0.9749624,0.5690328,0.004805301,-0.1635911,1.276619,-0.4653621,-2.709732,0.003192246,-0.05993426,1.32657,0.9864993,0.09861737,-0.130743,-0.0385709,0.9158115,0.3997519,0.1591584,-0.3893121,0.9072512,moving,20.13575,-32.74815,0.1378758,-2.586857
3013,05/08/2023 17:08:43.442738,3254,True,True,True,True,Eyes,0.9282019,0.09783906,-3.673086,0.2845716,-0.5188359,0.8061193,0.0,0.0,0.0,0.0,0.0,0.0,0.0,-1.647976,1.459685,3.243042,1.20191,0.09343919,-3.72968,0.2026732,0.06951497,0.03608393,0.9761093,22.99468,9.399157,6.150136,0.22383,0.0261174,-0.9742779,0.571712,0.00341055,-0.160346,1.276631,-0.4676819,-2.709742,0.005541086,-0.04997215,1.326478,0.9877312,0.09862136,-0.1210819,-0.04226608,0.9152431,0.4006791,0.1503349,-0.3906457,0.9081824,moving,19.44376,-32.76621,0.2393397,-2.157472
3014,05/08/2023 17:08:43.462505,3255,True,True,True,True,Eyes,0.9405267,0.09734366,-3.675278,0.274345,-0.5206186,0.8085116,1.201896,1.270261,-0.5283859,-2.703531,-0.4495993,0.7808488,0.4337462,-0.1197293,-0.1563684,1.185671,1.215128,0.09144516,-3.731816,0.2032898,0.0640368,0.03729126,0.9763104,23.0897,8.766659,6.168925,0.2268446,0.02607819,-0.9735815,0.5743356,0.001903213,-0.1572791,1.276643,-0.4699951,-2.709751,0.004661858,-0.05060959,1.325538,0.9890173,0.09885175,-0.1098777,-0.04677963,0.9145653,0.4017239,0.1402015,-0.3921718,0.9091451,moving,18.74316,-32.77839,0.2015059,-2.186515
3015,05/08/2023 17:08:43.472945,3256,True,True,True,True,Eyes,0.9528914,0.09679455,-3.677489,0.2641025,-0.5225075,0.8107008,1.195368,1.268591,-0.5277945,-2.708402,-0.5610856,0.8205398,0.1090757,-0.1214065,-0.1539235,1.181874,1.228343,0.08954487,-3.734331,0.203617,0.05849834,0.03723468,0.9765919,23.1628,8.092315,6.027957,0.2298683,0.02602339,-0.9728735,0.5768499,0.0003028302,-0.1544206,1.276655,-0.4724174,-2.709761,0.005141854,-0.04978606,1.325101,0.9903831,0.09654867,-0.09909478,-0.04890365,0.9143074,0.4020577,0.1294212,-0.3933451,0.9102361,moving,18.04409,-32.80233,0.2223266,-2.151678
3016,05/08/2023 17:08:43.492947,3257,True,True,True,True,Eyes,0.9653136,0.09622382,-3.679698,0.2537878,-0.5242268,0.8128825,1.191484,1.267698,-0.5283843,-2.711162,-0.6203058,0.7807786,-0.07486983,-0.1228625,-0.1466368,1.181564,1.241743,0.08775871,-3.73702,0.2060348,0.05291923,0.03734994,0.9763986,23.47764,7.437667,5.928909,0.2329004,0.02595291,-0.9721539,0.579333,-0.001362663,-0.1517858,1.276667,-0.4746818,-2.70977,0.006823659,-0.05017793,1.324092,0.9916091,0.09474325,-0.08794975,-0.05113045,0.9123093,0.4062973,0.1187313,-0.3983912,0.9094985,moving,17.33875,-32.81792,0.295269,-2.170248
3017,05/08/2023 17:08:43.512885,3258,True,True,True,True,Eyes,0.9777871,0.0956452,-3.681885,0.2434784,-0.5258214,0.8150032,1.188445,1.267148,-0.5292648,-2.713299,-0.6568815,0.7220151,-0.2172579,-0.1245673,-0.1453015,1.1813,1.255143,0.08662313,-3.73928,0.2062337,0.04706858,0.03873284,0.9766022,23.52633,6.759017,5.951475,0.2359415,0.02586772,-0.9714226,0.5818396,-0.002993114,-0.1493083,1.276679,-0.4770139,-2.70978,0.007321477,-0.05403358,1.322931,0.9925687,0.09506741,-0.07595853,-0.05623889,0.9119349,0.4064628,0.1079106,-0.3991705,0.9105044,moving,16.63327,-32.82918,0.317088,-2.33888
3018,05/08/2023 17:08:43.522856,3259,True,True,True,True,Eyes,0.9902779,0.09511962,-3.68404,0.2331198,-0.5272699,0.8170934,1.186079,1.266776,-0.5302641,-2.714903,-0.6818711,0.6556557,-0.3242956,-0.1267796,-0.147241,1.180985,1.268924,0.08583406,-3.741011,0.2051774,0.04112513,0.04061148,0.9770167,23.42718,6.0699,6.020111,0.2389914,0.02576912,-0.9706793,0.5843498,-0.004549385,-0.1469101,1.276692,-0.4794784,-2.70979,0.00662297,-0.06022838,1.321378,0.9933189,0.09623208,-0.06369476,-0.06248029,0.9125059,0.4042637,0.09702498,-0.3975831,0.9124219,moving,15.92365,-32.83413,0.2871738,-2.609735
3019,05/08/2023 17:08:43.542804,3260,True,True,True,True,Eyes,1.002838,0.09468494,-3.686151,0.222757,-0.5286315,0.819102,1.184093,1.266603,-0.5312641,-2.716258,-0.6935576,0.5890983,-0.4146578,-0.1300366,-0.1439871,1.182226,1.282728,0.08664319,-3.742527,0.2066847,0.0351502,0.04414998,0.9767788,23.61986,5.443586,6.314994,0.242048,0.02566031,-0.9699246,0.5867612,-0.005853158,-0.1445607,1.276704,-0.4817137,-2.709799,0.006530464,-0.06656367,1.319365,0.9936305,0.1007795,-0.05041768,-0.0717195,0.9106645,0.4068741,0.08691818,-0.4006666,0.9120919,moving,15.2138,-32.83736,0.2835948,-2.888198
3020,05/08/2023 17:08:43.562961,3261,True,True,True,True,Eyes,1.015434,0.09428095,-3.688255,0.2122072,-0.5296944,0.8212137,1.182626,1.266395,-0.5321496,-2.717066,-0.7070714,0.5298129,-0.4683463,-0.1321772,-0.1470047,1.183566,1.297035,0.08831654,-3.743708,0.2055702,0.02739261,0.0503669,0.9769616,23.50999,4.643208,6.869218,0.2451125,0.02554529,-0.9691577,0.5892358,-0.006806014,-0.1422185,1.276716,-0.4841146,-2.709809,0.006949425,-0.06971633,1.317509,0.9934257,0.1096753,-0.03281519,-0.08715085,0.9104081,0.4044277,0.07423092,-0.3989089,0.9139811,moving,14.48868,-32.82259,0.3022136,-3.028997
3021,05/08/2023 17:08:43.573093,3262,True,True,True,True,Eyes,1.028087,0.09403206,-3.690351,0.201618,-0.5314074,0.8227736,1.181352,1.266268,-0.5337472,-2.718366,-0.7158149,0.4235198,-0.5551935,-0.1290511,-0.1493325,1.185817,1.311445,0.08869184,-3.745811,0.2046362,0.01822396,0.05393619,0.977181,23.45117,3.605433,7.067115,0.248184,0.02542572,-0.9683788,0.5916682,-0.00760961,-0.1399983,1.276728,-0.4864041,-2.709818,0.006574035,-0.06889001,1.315619,0.9935176,0.1128694,-0.01354163,-0.09795228,0.9104298,0.4018991,0.05769081,-0.3979673,0.9155838,moving,13.76883,-32.85733,0.2862998,-2.997453
3022,05/08/2023 17:08:43.592991,3263,True,True,True,True,Eyes,1.040814,0.09390503,-3.692363,0.1906347,-0.5326545,0.8245832,1.180729,1.265902,-0.5350157,-2.718754,-0.7400876,0.3388665,-0.5808958,-0.128051,-0.1284113,1.192885,1.32557,0.09231085,-3.747715,0.2142882,0.01117778,0.05537184,0.9751357,24.62531,2.870917,7.126706,0.2512629,0.02530707,-0.9675876,0.5941271,-0.007899692,-0.1378876,1.27674,-0.4887696,-2.709828,0.006442845,-0.0713332,1.313381,0.9936181,0.1127807,0.001931356,-0.1031996,0.902029,0.419158,0.04553077,-0.4166823,0.9079112,moving,13.01746,-32.86118,0.2810645,-3.108831
3023,05/08/2023 17:08:43.612741,3264,True,True,True,True,Eyes,1.053587,0.09387297,-3.694337,0.1796219,-0.5335549,0.8264715,1.180322,1.265599,-0.5358937,-2.718835,-0.7601502,0.2802959,-0.5861791,-0.1259867,-0.1404549,1.194517,1.340181,0.09500238,-3.747853,0.2100304,0.002422912,0.05805603,0.9759667,24.18498,1.829073,7.200433,0.2543504,0.02519321,-0.9667836,0.5966606,-0.007806808,-0.1356497,1.276752,-0.4910643,-2.709837,0.005103946,-0.07759091,1.310356,0.9932473,0.1143393,0.01965769,-0.1123037,0.9050335,0.4102466,0.02911642,-0.4096839,0.9117628,moving,12.26174,-32.84555,0.2231707,-3.388733
3024,05/08/2023 17:08:43.622962,3265,True,True,True,True,Eyes,1.066362,0.09391746,-3.696253,0.1686198,-0.5341862,0.8283793,1.18004,1.26534,-0.5364437,-2.718732,-0.7776268,0.2437236,-0.5795647,-0.1278717,-0.1524615,1.196373,1.354162,0.09721635,-3.749018,0.2055951,-0.002954817,0.05690025,0.9769771,23.707,1.102868,6.897894,0.257446,0.02508674,-0.9659668,0.5991808,-0.007434579,-0.133433,1.276765,-0.4934881,-2.709847,0.003248811,-0.07921326,1.307599,0.9935073,0.1099655,0.0291704,-0.1123955,0.908986,0.4013872,0.01762325,-0.4020596,0.9154438,moving,11.50559,-32.81623,0.1423547,-3.466695
3025,05/08/2023 17:08:43.642678,3266,True,True,True,True,Eyes,1.079137,0.09404913,-3.698097,0.1577972,-0.5344207,0.8303581,1.179591,1.265273,-0.5363485,-2.718615,-0.7816802,0.2499424,-0.5714059,-0.1312624,-0.1542718,1.198395,1.367665,0.09912743,-3.749569,0.2051064,-0.006981933,0.055431,0.9771438,23.67893,0.5689445,6.612812,0.2605465,0.02498943,-0.9651376,0.6015562,-0.006855042,-0.1311748,1.276777,-0.4958932,-2.709857,-0.000436306,-0.07902312,1.304592,0.9937574,0.105464,0.03638322,-0.1111922,0.9097175,0.4000629,0.009093804,-0.401611,0.9157652,moving,10.75991,-32.76544,-0.01916193,-3.466345
3026,05/08/2023 17:08:43.663036,3267,True,True,True,True,Eyes,1.091891,0.09422548,-3.69993,0.1471293,-0.5343824,0.8323391,1.179095,1.26537,-0.535862,-2.718523,-0.7751074,0.2823149,-0.5652493,-0.1382396,-0.1669293,1.198201,1.380478,0.101281,-3.749765,0.1999702,-0.009957525,0.05574957,0.978164,23.09878,0.1754273,6.559833,0.2636492,0.02490321,-0.9642969,0.6037873,-0.006048717,-0.1288361,1.276789,-0.4981467,-2.709867,-0.004549026,-0.07843071,1.301732,0.9935857,0.105082,0.04177669,-0.1130468,0.9138079,0.390097,0.002816315,-0.3923175,0.9198256,moving,10.0244,-32.70147,-0.2002248,-3.447963
3027,05/08/2023 17:08:43.673469,3268,True,True,True,True,Eyes,1.104616,0.09446582,-3.701753,0.1366999,-0.5346516,0.8339429,1.178584,1.265728,-0.5356662,-2.718881,-0.7517823,0.2955588,-0.5894645,-0.1423434,-0.1701706,1.200086,1.392782,0.1024338,-3.751408,0.198031,-0.01436809,0.05819439,0.9783613,22.90249,359.6849,6.744229,0.2667502,0.0248284,-0.9634455,0.6058216,-0.005156751,-0.1266041,1.276801,-0.5005876,-2.709877,-0.008985579,-0.0771724,1.298696,0.9928139,0.1081796,0.05116295,-0.1195609,0.9147943,0.3858194,-0.005065786,-0.389164,0.9211546,moving,9.309133,-32.66446,-0.396419,-3.400689
3028,05/08/2023 17:08:43.692898,3269,True,True,True,True,Eyes,1.117335,0.09481164,-3.703544,0.1264652,-0.5352066,0.8352009,1.178071,1.26632,-0.5356998,-2.719618,-0.7118539,0.2931399,-0.6382264,-0.1474372,-0.1583058,1.204086,1.404844,0.1042625,-3.753001,0.2026007,-0.01777699,0.06073854,0.9772143,23.46122,359.3671,6.981844,0.2698457,0.02476587,-0.9625847,0.6076466,-0.004126323,-0.1244767,1.276813,-0.5028431,-2.709886,-0.01352775,-0.0782814,1.295069,0.9919897,0.1115059,0.05935521,-0.1259124,0.9105276,0.3938092,-0.01013252,-0.3981282,0.9172739,moving,8.610255,-32.65223,-0.5984662,-3.459077
3029,05/08/2023 17:08:43.712874,3270,True,True,True,True,Eyes,1.130035,0.09524254,-3.705254,0.1164855,-0.535465,0.8364857,1.177485,1.267195,-0.5352596,-2.720304,-0.6539248,0.3226319,-0.6843179,-0.1540511,-0.1486802,1.207443,1.417125,0.1070691,-3.75408,0.2059904,-0.02161561,0.06632966,0.9760641,23.89033,359.0681,7.578114,0.2729343,0.02471774,-0.9617147,0.609347,-0.002841288,-0.1223826,1.276825,-0.5051762,-2.709895,-0.01915628,-0.0791429,1.291243,0.9902663,0.1205788,0.06952299,-0.1383892,0.9063367,0.3992522,-0.01486989,-0.4049873,0.9142014,moving,7.92779,-32.62479,-0.8499507,-3.507385
3030,05/08/2023 17:08:43.722617,3271,True,True,True,True,Eyes,1.142681,0.09571363,-3.706885,0.1065297,-0.5352798,0.8379302,1.17703,1.26807,-0.5343266,-2.720617,-0.5956143,0.3848251,-0.705091,-0.1625956,-0.1572974,1.207051,1.429382,0.1094046,-3.753932,0.2013218,-0.02584188,0.07384019,0.9763962,23.38802,358.7057,8.381636,0.2760131,0.02468525,-0.9608365,0.610885,-0.00137812,-0.1201694,1.276837,-0.5075287,-2.709905,-0.02637267,-0.07781458,1.287575,0.9877596,0.1337895,0.08019508,-0.1545996,0.9080344,0.3893232,-0.02073255,-0.3969559,0.9176035,moving,7.245391,-32.57093,-1.173393,-3.458464
3031,05/08/2023 17:08:43.742787,3272,True,True,True,True,Eyes,1.155303,0.09619756,-3.708408,0.09670202,-0.5346912,0.8394963,1.176668,1.269089,-0.5329564,-2.7206,-0.5274875,0.4759739,-0.7037085,-0.1713476,-0.1701847,1.205461,1.441661,0.1107508,-3.753711,0.1941993,-0.03009357,0.08130091,0.977124,22.60692,358.3095,9.174683,0.2790785,0.02466808,-0.959951,0.6121702,0.0001178454,-0.1178523,1.276849,-0.5098404,-2.709914,-0.0340451,-0.07961869,1.28361,0.9849691,0.1471938,0.09038746,-0.1705704,0.9113536,0.3746203,-0.02723314,-0.3844069,0.922762,moving,6.570971,-32.49384,-1.519296,-3.549348
3032,05/08/2023 17:08:43.762577,3273,True,True,True,True,Eyes,1.167877,0.09666793,-3.709828,0.08663223,-0.5338398,0.8411361,1.176738,1.26982,-0.5315216,-2.720032,-0.4789274,0.5717809,-0.6661044,-0.177442,-0.1821701,1.203738,1.453761,0.1113981,-3.752736,0.1873266,-0.03506615,0.0873469,0.9777779,21.867,357.7862,9.781896,0.2821289,0.02466498,-0.9590591,0.6133049,0.001562565,-0.1153488,1.276861,-0.5122136,-2.709924,-0.04118752,-0.08225995,1.279788,0.9822817,0.1576741,0.1012986,-0.1839494,0.9145586,0.3602017,-0.03584903,-0.3724534,0.9273582,moving,5.880405,-32.40187,-1.843318,-3.677697
3033,05/08/2023 17:08:43.773255,3274,True,True,True,True,Eyes,1.180405,0.09709232,-3.711143,0.07649813,-0.5328689,0.8427329,1.177097,1.27045,-0.5301462,-2.719164,-0.4367034,0.6630998,-0.6079381,-0.1796798,-0.1932839,1.202626,1.465345,0.1114118,-3.751817,0.1810301,-0.04052221,0.09066618,0.9784507,21.19886,357.1429,10.0534,0.2851619,0.02467399,-0.9581614,0.6142291,0.002879921,-0.1126894,1.276874,-0.5145829,-2.709934,-0.04706562,-0.08151034,1.276049,0.9802752,0.1627533,0.1121246,-0.1920963,0.9180155,0.3469101,-0.04647135,-0.3616061,0.9311721,moving,5.186745,-32.3056,-2.112333,-3.654924
3034,05/08/2023 17:08:43.793087,3275,True,True,True,True,Eyes,1.192887,0.09746497,-3.712358,0.06603746,-0.532357,0.8439401,1.17765,1.270656,-0.5294654,-2.718491,-0.4234432,0.709181,-0.5637006,-0.1779468,-0.1972499,1.202955,1.476861,0.1106942,-3.750648,0.1780928,-0.04686185,0.09205662,0.9785769,20.92729,356.3829,10.07999,0.2881753,0.02469231,-0.957259,0.6149582,0.003980304,-0.1098705,1.276885,-0.5168287,-2.709943,-0.05144411,-0.08510876,1.271956,0.9786591,0.1634774,0.1245051,-0.1968605,0.9196171,0.3399271,-0.05892659,-0.3571829,0.9321738,moving,4.47422,-32.24371,-2.316058,-3.828051
3035,05/08/2023 17:08:43.812898,3276,True,True,True,True,Eyes,1.205298,0.09781509,-3.713465,0.05541893,-0.532133,0.8448451,1.178212,1.270593,-0.5291506,-2.718058,-0.4272056,0.7294276,-0.5342571,-0.1716878,-0.1925943,1.205412,1.488039,0.1098158,-3.749575,0.1791966,-0.0541241,0.09177767,0.9780266,21.12801,355.5128,9.884582,0.2911679,0.02471721,-0.9563524,0.6155079,0.00485943,-0.1069232,1.276898,-0.5192513,-2.709953,-0.0556736,-0.09401941,1.267365,0.9772949,0.1601243,0.1387621,-0.1989197,0.9189309,0.3405833,-0.07297713,-0.3604528,0.9299183,moving,3.753029,-32.20513,-2.515308,-4.242714
3036,05/08/2023 17:08:43.823015,3277,True,True,True,True,Eyes,1.217597,0.09814154,-3.714474,0.04455534,-0.5325373,0.845233,1.178691,1.270114,-0.5295557,-2.718205,-0.4590711,0.7023516,-0.5440183,-0.1635496,-0.184534,1.20869,1.498858,0.1097198,-3.748126,0.1827058,-0.061588,0.09003339,0.9770975,21.60051,354.6027,9.498812,0.2941366,0.02474725,-0.9554427,0.6158097,0.005618217,-0.1038295,1.27691,-0.521611,-2.709963,-0.05898669,-0.1024487,1.262916,0.9762018,0.1534378,0.1532542,-0.1984478,0.9170251,0.3459529,-0.08745572,-0.3681328,0.925651,moving,3.017479,-32.2129,-2.674155,-4.637722
3037,05/08/2023 17:08:43.842752,3278,True,True,True,True,Eyes,1.229829,0.09845482,-3.715377,0.03355923,-0.5331783,0.845337,1.179278,1.269404,-0.5303107,-2.718489,-0.5067155,0.6525698,-0.5633757,-0.1548541,-0.1766271,1.212117,1.509644,0.1097447,-3.746603,0.1862588,-0.06954061,0.08871195,0.9760134,22.0812,353.637,9.14418,0.2970768,0.02478109,-0.9545318,0.6157579,0.006260488,-0.1006288,1.276922,-0.523894,-2.709972,-0.06465757,-0.1023198,1.259281,0.9745886,0.147263,0.1687919,-0.1990732,0.9148757,0.3512439,-0.1026984,-0.3759202,0.9209436,moving,2.273404,-32.24081,-2.93926,-4.645223
3038,05/08/2023 17:08:43.863017,3279,True,True,True,True,Eyes,1.24201,0.09877294,-3.716162,0.02239338,-0.5343038,0.8449958,1.180009,1.268434,-0.5317104,-2.719059,-0.5711324,0.5590032,-0.6011016,-0.1474748,-0.1700693,1.215244,1.520401,0.10981,-3.744952,0.1892581,-0.07757362,0.08870351,0.9748309,22.50422,352.6826,8.940779,0.2999873,0.02481789,-0.9536201,0.6155087,0.006824682,-0.09729832,1.276934,-0.5262262,-2.709981,-0.06862369,-0.1073045,1.256592,0.972228,0.143579,0.184818,-0.2023047,0.9126261,0.3552273,-0.1176666,-0.3827515,0.9163274,moving,1.51805,-32.3058,-3.125872,-4.880835
3039,05/08/2023 17:08:43.872894,3280,True,True,True,True,Eyes,1.254128,0.09910206,-3.716823,0.01110748,-0.5355921,0.8444037,1.181251,1.267249,-0.5335667,-2.71937,-0.6504982,0.4355849,-0.622188,-0.1400431,-0.1627197,1.218981,1.53118,0.1102966,-3.742984,0.1926689,-0.08604224,0.08972479,0.9733574,22.98635,351.698,8.842503,0.3028685,0.02485747,-0.9527079,0.6151213,0.007369576,-0.09381647,1.276946,-0.5286486,-2.709991,-0.06606182,-0.1369496,1.249442,0.9690924,0.1415133,0.2020741,-0.2078239,0.9096563,0.3596312,-0.1329254,-0.3905117,0.9109508,moving,0.7536383,-32.38632,-3.026585,-6.255142
3040,05/08/2023 17:08:43.892742,3281,True,True,True,True,Eyes,1.266245,0.09945441,-3.717349,-0.0003138423,-0.5369503,0.8436138,1.183217,1.265874,-0.5358746,-2.71917,-0.7418439,0.2815877,-0.6085853,-0.1331638,-0.1587946,1.222751,1.541927,0.1109498,-3.74068,0.1950557,-0.09407204,0.08963616,0.9721466,23.33522,350.7284,8.617456,0.3057198,0.02489986,-0.9517956,0.6145691,0.007914744,-0.09017017,1.276958,-0.5308711,-2.710001,-0.06625149,-0.1098305,1.251601,0.9662316,0.1375804,0.2178717,-0.2109776,0.9078373,0.362381,-0.1479355,-0.39611,0.9062075,moving,-0.02131525,-32.47628,-3.030033,-5.014974
3041,05/08/2023 17:08:43.913122,3282,True,True,True,True,Eyes,1.278298,0.09981803,-3.717766,-0.01174504,-0.5383274,0.8426539,1.186442,1.264363,-0.5388763,-2.718006,-0.8431831,0.08160567,-0.5313969,-0.1280279,-0.1574219,1.227313,1.552528,0.1117198,-3.738376,0.1966801,-0.1010659,0.08865914,0.9712065,23.57536,349.8551,8.309467,0.3085453,0.0249455,-0.9508823,0.6140463,0.008496918,-0.0863371,1.27697,-0.5332243,-2.71001,-0.06553128,-0.117802,1.247909,0.9638504,0.1324573,0.2311868,-0.211968,0.906913,0.3641132,-0.1614368,-0.3999549,0.9022052,moving,-0.7985454,-32.57237,-3.006006,-5.392714
3042,05/08/2023 17:08:43.923104,3283,True,True,True,True,Eyes,1.29026,0.1001967,-3.718062,-0.02292901,-0.5394729,0.8416907,1.192988,1.262906,-0.543388,-2.713935,-0.9403975,-0.2192973,-0.2599256,-0.1244074,-0.1576734,1.234889,1.563138,0.1123956,-3.736235,0.197566,-0.1073497,0.0881279,0.9704006,23.72563,349.0739,8.076532,0.311344,0.02499435,-0.9499683,0.6133605,0.009077957,-0.08240929,1.276983,-0.5356202,-2.71002,-0.06881645,-0.1516021,1.241839,0.961419,0.1286214,0.2431667,-0.2134561,0.9064023,0.3645153,-0.1735223,-0.4023573,0.8988875,moving,-1.560444,-32.65742,-3.171799,-6.960155
3043,05/08/2023 17:08:43.942814,3284,True,True,True,True,Eyes,1.302147,0.1005811,-3.718248,-0.03407501,-0.5405983,0.8405905,0.0,0.0,0.0,0.0,0.0,0.0,0.0,-0.5752023,1.592882,3.682356,1.573417,0.1132263,-3.733553,0.1977307,-0.1130607,0.08758017,0.9697679,23.78523,348.3583,7.861012,0.3141145,0.02504653,-0.9490544,0.6124457,0.00966915,-0.07835236,1.276995,-0.537959,-2.710029,-0.06947726,-0.1294409,1.244031,0.959094,0.1251537,0.2539199,-0.214576,0.9064646,0.3637019,-0.1846507,-0.4033094,0.8962397,moving,-2.321327,-32.74577,-3.196561,-5.940223
3044,05/08/2023 17:08:43.962741,3285,True,True,True,True,Eyes,1.313974,0.1009891,-3.718302,-0.04494177,-0.5415167,0.8394879,0.0,0.0,0.0,0.0,0.0,0.0,0.0,-0.5420997,1.593862,3.688891,1.58361,0.113777,-3.731142,0.1980057,-0.1186058,0.08731981,0.9690726,23.85836,347.6699,7.683083,0.3168561,0.02510181,-0.9481412,0.6113616,0.01024246,-0.07420983,1.277006,-0.5401,-2.710038,-0.0716151,-0.139802,1.241255,0.9566159,0.1222692,0.2644549,-0.2162077,0.906338,0.3630506,-0.1952956,-0.4044771,0.8934528,moving,-3.06439,-32.82428,-3.30206,-6.426115
3136,05/08/2023 17:08:45.492789,3377,True,True,True,True,Eyes,2.154986,0.101303,-3.184127,-0.7912959,-0.4887341,0.3674096,0.0,0.0,0.0,0.0,0.0,0.0,0.0,2.472424,0.7053497,2.758654,2.316484,0.1170424,-2.973343,0.1136608,-0.6168405,0.1724655,0.7595029,22.66975,283.3575,7.582233,0.5407343,0.02516195,-0.8408167,0.3828812,0.01325121,0.409343,1.277006,-0.5401,-2.710038,-0.1831848,-0.1786568,1.167481,0.179527,0.1217549,0.9761894,-0.4021972,0.9146737,-0.04011596,-0.8977792,-0.3854188,0.2131781,moving,-65.09391,-53.0657,-8.917347,-8.700343
3137,05/08/2023 17:08:45.512747,3378,True,True,True,True,Eyes,2.161332,0.1017582,-3.174675,-0.7967973,-0.4860257,0.3590169,0.0,0.0,0.0,0.0,0.0,0.0,0.0,2.489558,0.6839562,2.739506,2.318844,0.1167364,-2.963094,0.1113741,-0.6210223,0.1712242,0.7567095,22.40952,282.7388,7.508324,0.5432101,0.02529978,-0.8392152,0.3795056,0.01397869,0.4130221,1.274861,-0.5383328,-2.710138,-0.1837038,-0.1748672,1.168028,0.1700272,0.1208023,0.9780068,-0.3974656,0.9165561,-0.04411235,-0.9017271,-0.3812239,0.2038542,moving,-65.74487,-53.5475,-8.938083,-8.514598
3138,05/08/2023 17:08:45.522738,3379,True,True,True,True,Eyes,2.167497,0.102157,-3.165187,-0.8020904,-0.4831675,0.3509988,0.0,0.0,0.0,0.0,0.0,0.0,0.0,2.503731,0.6700932,2.720244,2.320766,0.1159162,-2.95263,0.1099687,-0.6247632,0.1698631,0.7541382,22.21676,282.1696,7.372407,0.5456656,0.02543937,-0.8376166,0.3757725,0.01450555,0.4165986,1.272657,-0.5365171,-2.710241,-0.1831498,-0.1655563,1.169824,0.161635,0.1187917,0.9796748,-0.3936093,0.9181069,-0.04638521,-0.9049564,-0.3781116,0.1951557,moving,-66.36558,-54.00333,-8.898105,-8.055147
3139,05/08/2023 17:08:45.543027,3380,True,True,True,True,Eyes,2.173467,0.102493,-3.155658,-0.8072413,-0.4803306,0.3429927,0.0,0.0,0.0,0.0,0.0,0.0,0.0,2.516178,0.6610768,2.701069,2.322699,0.1149776,-2.942074,0.1091648,-0.6281142,0.1692256,0.7516105,22.12848,281.6533,7.27146,0.5480974,0.02557885,-0.836023,0.3717234,0.01483153,0.4200662,1.270519,-0.5347553,-2.710341,-0.1834976,-0.1603273,1.170753,0.1536708,0.1172476,0.9811413,-0.3915193,0.9188915,-0.04848713,-0.9072474,-0.3766847,0.1871115,moving,-66.97961,-54.47027,-8.907763,-7.797791
3140,05/08/2023 17:08:45.562823,3381,True,True,True,True,Eyes,2.179241,0.1027587,-3.146097,-0.8122103,-0.4773723,0.3353059,0.0,0.0,0.0,0.0,0.0,0.0,0.0,2.526509,0.6503828,2.683536,2.324003,0.1137941,-2.931495,0.1080594,-0.6311981,0.1685622,0.7493324,22.00807,281.1838,7.200258,0.550503,0.02571641,-0.8344368,0.3673278,0.0149497,0.4234503,1.268369,-0.5329846,-2.710441,-0.1838917,-0.1575012,1.171498,0.1463515,0.1162045,0.9823839,-0.3890321,0.9198199,-0.05084747,-0.9095249,-0.3747372,0.1798243,moving,-67.56763,-54.91583,-8.921,-7.657173
3141,05/08/2023 17:08:45.572865,3382,True,True,True,True,Eyes,2.184813,0.1029442,-3.136475,-0.8170537,-0.4744137,0.3276506,0.0,0.0,0.0,0.0,0.0,0.0,0.0,2.536342,0.635655,2.666866,2.325229,0.1124156,-2.920606,0.1063633,-0.6343345,0.1677546,0.7471045,21.82383,280.7159,7.160797,0.5528793,0.02585017,-0.8328601,0.3626102,0.01484985,0.4267243,1.266127,-0.5311366,-2.710546,-0.1852863,-0.1539014,1.17195,0.1389564,0.1157206,0.983514,-0.3856002,0.9210905,-0.05389602,-0.9121423,-0.3717541,0.1726133,moving,-68.14848,-55.36937,-8.984148,-7.481317
3142,05/08/2023 17:08:45.592867,3383,True,True,True,True,Eyes,2.190189,0.1030481,-3.126763,-0.8216891,-0.4714968,0.3201838,0.0,0.0,0.0,0.0,0.0,0.0,0.0,2.544259,0.6216964,2.650985,2.326005,0.1106528,-2.909456,0.1046895,-0.6371858,0.1672251,0.7450303,21.66016,280.2932,7.155194,0.5552254,0.02597823,-0.8312938,0.3575712,0.01451533,0.4299864,1.263973,-0.529362,-2.710646,-0.1873308,-0.1493523,1.172833,0.13206,0.1157623,0.984459,-0.3825889,0.9221517,-0.05711327,-0.9144321,-0.3691007,0.1660687,moving,-68.71085,-55.82037,-9.074917,-7.257168
3143,05/08/2023 17:08:45.612603,3384,True,True,True,True,Eyes,2.195352,0.1030649,-3.116979,-0.8261775,-0.4685786,0.3128335,0.0,0.0,0.0,0.0,0.0,0.0,0.0,2.548731,0.6102259,2.637285,2.326646,0.1087176,-2.898029,0.1032255,-0.6396055,0.1665344,0.7433141,21.49934,279.9333,7.132642,0.5575415,0.02609891,-0.8297384,0.3522446,0.01395592,0.4333246,1.261944,-0.5276909,-2.710741,-0.1895283,-0.14725,1.173377,0.1263423,0.1155275,0.9852365,-0.3796218,0.9232216,-0.05957468,-0.9164742,-0.3664905,0.1604988,moving,-69.26075,-56.27205,-9.175385,-7.1528
3144,05/08/2023 17:08:45.622917,3385,True,True,True,True,Eyes,2.200304,0.1030017,-3.107085,-0.8304742,-0.4656852,0.3056958,0.0,0.0,0.0,0.0,0.0,0.0,0.0,2.548438,0.6027935,2.626596,2.326725,0.1066267,-2.886501,0.1021588,-0.6413695,0.1656003,0.7421491,21.34951,279.6682,7.077538,0.5598266,0.02621052,-0.8281948,0.3465987,0.01316895,0.4366764,1.259737,-0.5258728,-2.710844,-0.1909339,-0.1457384,1.173859,0.1224434,0.1147572,0.9858187,-0.3768434,0.9242802,-0.06078788,-0.9181485,-0.3640561,0.1564175,moving,-69.79145,-56.71738,-9.238534,-7.077244
3145,05/08/2023 17:08:45.643379,3386,True,True,True,True,Eyes,2.205036,0.1028437,-3.097124,-0.8346632,-0.4627386,0.298681,0.0,0.0,0.0,0.0,0.0,0.0,0.0,2.54661,0.5947101,2.617222,2.326552,0.1045121,-2.874888,0.1009455,-0.6430095,0.1642326,0.7411996,21.15226,279.4234,6.998887,0.5620818,0.02631184,-0.8266628,0.340658,0.0121894,0.4401596,1.257424,-0.5239663,-2.710952,-0.1908621,-0.1422846,1.17479,0.1191331,0.1136404,0.9863536,-0.3732759,0.9256753,-0.06156471,-0.9200394,-0.3608476,0.1526978,moving,-70.31045,-57.15922,-9.227923,-6.905739
3146,05/08/2023 17:08:45.662851,3387,True,True,True,True,Eyes,2.209544,0.1026131,-3.087042,-0.8386999,-0.4598901,0.2916909,0.0,0.0,0.0,0.0,0.0,0.0,0.0,2.544842,0.5844843,2.608011,2.32605,0.1020469,-2.863327,0.09939663,-0.6446865,0.1627512,0.7402782,20.91664,279.1785,6.936027,0.5643065,0.02640131,-0.8251429,0.3344149,0.01098391,0.4436306,1.255431,-0.5223246,-2.711045,-0.1885884,-0.1407338,1.175757,0.1157828,0.112803,0.9868485,-0.3691216,0.9272647,-0.06268468,-0.9221408,-0.3570093,0.1489994,moving,-70.82288,-57.61459,-9.112474,-6.82562
3147,05/08/2023 17:08:45.672588,3388,True,True,True,True,Eyes,2.213808,0.1023073,-3.076881,-0.8426468,-0.4569549,0.2848484,0.0,0.0,0.0,0.0,0.0,0.0,0.0,2.542941,0.5742843,2.598236,2.325113,0.09991407,-2.851497,0.09792753,-0.6462802,0.1618692,0.7392772,20.7332,278.9479,6.924587,0.5665017,0.02647823,-0.8236347,0.3278755,0.009633092,0.4472609,1.253237,-0.5205169,-2.711147,-0.185569,-0.1369694,1.177168,0.1122407,0.1127551,0.9872631,-0.3659095,0.9284172,-0.06443448,-0.9238574,-0.3540168,0.1454643,moving,-71.32268,-58.06214,-8.958392,-6.636806
3148,05/08/2023 17:08:45.692804,3389,True,True,True,True,Eyes,2.217819,0.1019261,-3.066646,-0.8465405,-0.4539877,0.2779647,0.0,0.0,0.0,0.0,0.0,0.0,0.0,2.540551,0.5532982,2.590424,2.323545,0.09774982,-2.839439,0.09497758,-0.647901,0.1612966,0.7383679,20.44238,278.7416,7.057038,0.5686668,0.02654191,-0.8221394,0.3209946,0.00813768,0.4509073,1.251176,-0.5188192,-2.711243,-0.1814001,-0.1361952,1.178118,0.1084154,0.1151203,0.9874176,-0.3612646,0.9299254,-0.06875166,-0.9261395,-0.3492652,0.1424072,moving,-71.82221,-58.52196,-8.753347,-6.594351
3149,05/08/2023 17:08:45.712957,3390,True,True,True,True,Eyes,2.221559,0.1014928,-3.056321,-0.8503808,-0.4508826,0.2712146,0.0,0.0,0.0,0.0,0.0,0.0,0.0,2.540081,0.5223972,2.581958,2.321582,0.09552588,-2.827109,0.09073358,-0.6498369,0.161398,0.7371772,20.09259,278.509,7.343213,0.5708004,0.02659168,-0.8206578,0.313767,0.006505814,0.4545567,1.248986,-0.517015,-2.711345,-0.1754099,-0.1387431,1.178942,0.1033254,0.1200338,0.9873783,-0.3558819,0.9314362,-0.07599132,-0.9288014,-0.3435382,0.1389589,moving,-72.3108,-58.97228,-8.46272,-6.711946
3150,05/08/2023 17:08:45.726116,3391,True,True,True,True,Eyes,2.225026,0.1010172,-3.045877,-0.8541912,-0.44776,0.2643262,0.0,0.0,0.0,0.0,0.0,0.0,0.0,2.538973,0.4894809,2.573286,2.318872,0.09376387,-2.814572,0.08626297,-0.6517844,0.1612287,0.7360306,19.70377,278.2734,7.623099,0.5729029,0.02662772,-0.8191904,0.3061612,0.004815667,0.4582596,1.246866,-0.515268,-2.711444,-0.1689399,-0.1395142,1.179953,0.0983648,0.1248888,0.9872827,-0.3497882,0.933128,-0.08318831,-0.9316505,-0.3371571,0.1354716,moving,-72.80552,-59.44537,-8.14795,-6.743176
3151,05/08/2023 17:08:45.742914,3392,True,True,True,True,Eyes,2.228218,0.1004815,-3.035343,-0.8579929,-0.4444761,0.2574669,0.0,0.0,0.0,0.0,0.0,0.0,0.0,2.540591,0.4497542,2.562403,2.315813,0.09208167,-2.802021,0.08094085,-0.6542051,0.1611302,0.7345076,19.25225,277.9717,7.963775,0.5749743,0.02665045,-0.817737,0.2981935,0.003099836,0.4620951,1.244735,-0.5135123,-2.711543,-0.1631597,-0.1381011,1.181116,0.09210545,0.1307989,0.9871213,-0.3426066,0.9349713,-0.0919211,-0.9349532,-0.3297278,0.1309285,moving,-73.29653,-59.91804,-7.865077,-6.668983
3152,05/08/2023 17:08:45.762995,3393,True,True,True,True,Eyes,2.231145,0.0998892,-3.024731,-0.8617382,-0.4413276,0.2502741,0.0,0.0,0.0,0.0,0.0,0.0,0.0,2.546333,0.4085326,2.546559,2.312473,0.0900066,-2.789272,0.07548459,-0.6572758,0.1610435,0.732363,18.79991,277.5622,8.300087,0.5770143,0.02665976,-0.8162984,0.289877,0.001306845,0.4659708,1.242546,-0.5117087,-2.711645,-0.1581948,-0.1337345,1.182464,0.08410704,0.1366562,0.9870417,-0.335113,0.9367342,-0.1011357,-0.9384165,-0.3222642,0.1245812,moving,-73.80515,-60.4427,-7.620016,-6.452627
3153,05/08/2023 17:08:45.773193,3394,True,True,True,True,Eyes,2.233793,0.09927588,-3.014022,-0.8653294,-0.4382876,0.2431232,0.0,0.0,0.0,0.0,0.0,0.0,0.0,2.555429,0.3827184,2.524165,2.309163,0.0880532,-2.776348,0.07228804,-0.6606576,0.1611253,0.7296197,18.56515,277.066,8.468671,0.5790235,0.02665559,-0.8148748,0.2812663,-0.0005485289,0.46985,1.240479,-0.510006,-2.711742,-0.1525607,-0.129016,1.184152,0.07514052,0.1396051,0.9873524,-0.3306356,0.9376261,-0.1074117,-0.9407626,-0.3183828,0.1166121,moving,-74.30674,-60.98236,-7.341287,-6.217977
3154,05/08/2023 17:08:45.792740,3395,True,True,True,True,Eyes,2.236146,0.09875572,-3.003219,-0.8686895,-0.4356433,0.2357826,0.0,0.0,0.0,0.0,0.0,0.0,0.0,2.559178,0.3718731,2.503864,2.305152,0.08692622,-2.763283,0.07117113,-0.663017,0.1619319,0.7274072,18.55821,276.705,8.566128,0.5810018,0.02663897,-0.813466,0.2723346,-0.002355568,0.4737855,1.238401,-0.5082937,-2.711839,-0.1473938,-0.128438,1.185221,0.06837303,0.1412055,0.9876165,-0.3299561,0.9374254,-0.1111864,-0.9415171,-0.3182679,0.1106863,moving,-74.81445,-61.57648,-7.088895,-6.184797
3155,05/08/2023 17:08:45.813073,3396,True,True,True,True,Eyes,2.238194,0.09830666,-2.992318,-0.8721425,-0.432704,0.2283304,0.0,0.0,0.0,0.0,0.0,0.0,0.0,2.560772,0.349493,2.486957,2.300432,0.08861682,-2.750422,0.06894885,-0.6646178,0.1670017,0.7250101,18.78161,276.4929,9.147199,0.5829495,0.02661415,-0.8120722,0.2630513,-0.003774721,0.4777673,1.236206,-0.5064853,-2.711941,-0.143347,-0.1300334,1.185941,0.06078715,0.1505066,0.9867384,-0.3338052,0.9347129,-0.1220074,-0.9406801,-0.3219619,0.1070585,moving,-75.32901,-62.18016,-6.892014,-6.257239
3156,05/08/2023 17:08:45.822904,3397,True,True,True,True,Eyes,2.239994,0.09787845,-2.981307,-0.8755211,-0.4299866,0.2203955,0.0,0.0,0.0,0.0,0.0,0.0,0.0,2.577274,0.2615471,2.461139,2.295309,0.0896828,-2.737055,0.05788195,-0.6698394,0.1694975,0.72058,18.08872,275.792,10.10185,0.5848665,0.02658429,-0.8106936,0.2534115,-0.004895422,0.4818056,1.234085,-0.5047373,-2.71204,-0.1391959,-0.1302431,1.186682,0.04517169,0.1667298,0.9849675,-0.3218163,0.9358405,-0.143655,-0.945724,-0.3104894,0.09592982,moving,-75.87047,-62.86197,-6.690131,-6.263373
3157,05/08/2023 17:08:45.842809,3398,True,True,True,True,Eyes,2.241583,0.09755472,-2.970216,-0.8784069,-0.4281024,0.2124374,0.0,0.0,0.0,0.0,0.0,0.0,0.0,2.594354,0.2202489,2.42805,2.291298,0.08970501,-2.723327,0.05317631,-0.6746468,0.1716745,0.7159273,17.9255,275.0679,10.54123,0.5867547,0.02655072,-0.8093289,0.2436092,-0.005886318,0.4859292,1.231815,-0.5028673,-2.712146,-0.1343436,-0.1245586,1.188559,0.03075908,0.1740625,0.9842542,-0.3175634,0.9354003,-0.1554986,-0.9477381,-0.3077801,0.08404789,moving,-76.40441,-63.60799,-6.44881,-5.982648
3158,05/08/2023 17:08:45.863025,3399,True,True,True,True,Eyes,2.242915,0.09736036,-2.959044,-0.8812171,-0.4263791,0.2041012,0.0,0.0,0.0,0.0,0.0,0.0,0.0,2.609698,0.2463255,2.390971,2.287819,0.09204079,-2.710232,0.05851883,-0.6772082,0.1799549,0.7110422,19.08391,274.6084,10.77341,0.5886166,0.02651704,-0.807977,0.2337598,-0.006504322,0.4900471,1.229766,-0.5011792,-2.712242,-0.1296679,-0.119195,1.190285,0.01801074,0.1766521,0.9841087,-0.3351699,0.9283835,-0.1605151,-0.9419857,-0.3269525,0.07592935,moving,-76.9595,-64.42027,-6.217202,-5.718527
3159,05/08/2023 17:08:45.872654,3400,True,True,True,True,Eyes,2.244079,0.09719161,-2.947831,-0.8840206,-0.4244966,0.1957299,0.0,0.0,0.0,0.0,0.0,0.0,0.0,2.616392,0.2097075,2.368031,2.283045,0.09483988,-2.697363,0.0544561,-0.6806139,0.1807448,0.7079057,18.85259,274.0962,11.07406,0.5904531,0.02648723,-0.806637,0.2237296,-0.006697153,0.4941583,1.227544,-0.4993487,-2.712345,-0.1264393,-0.1163829,1.191736,0.008191959,0.1817734,0.9833063,-0.3300277,0.9287317,-0.1689353,-0.9439357,-0.3231344,0.06759835,moving,-77.51562,-65.24619,-6.056237,-5.577721
3160,05/08/2023 17:08:45.892825,3401,True,True,True,True,Eyes,2.2451,0.09707204,-2.936576,-0.8864776,-0.4232287,0.1871764,0.0,0.0,0.0,0.0,0.0,0.0,0.0,2.623756,0.1838101,2.34526,2.280255,0.09523287,-2.68505,0.05132965,-0.6842474,0.178895,0.7051009,18.4938,273.527,11.06638,0.5922656,0.02646173,-0.8053079,0.213797,-0.006801568,0.4981502,1.225444,-0.4976185,-2.712443,-0.1221611,-0.1163951,1.193017,-0.0003959681,0.1820336,0.9832922,-0.3225223,0.9307237,-0.1724317,-0.9465618,-0.317202,0.05834132,moving,-78.07733,-66.1422,-5.846524,-5.572347
3161,05/08/2023 17:08:45.912894,3402,True,True,True,True,Eyes,2.245969,0.09701272,-2.925332,-0.888809,-0.4220299,0.1786315,0.0,0.0,0.0,0.0,0.0,0.0,0.0,2.628429,0.2208925,2.321094,2.277831,0.09630345,-2.67341,0.05734548,-0.6856944,0.1812355,0.7026296,19.21596,273.2217,10.74432,0.5940561,0.02644165,-0.8039885,0.2040319,-0.006752175,0.5020262,1.223305,-0.4958556,-2.712543,-0.1171336,-0.1151559,1.194704,-0.006046293,0.1760399,0.9843644,-0.3333258,0.9277304,-0.1679591,-0.9427924,-0.3291296,0.05306924,moving,-78.63618,-67.05865,-5.599613,-5.505657
3162,05/08/2023 17:08:45.923405,3403,True,True,True,True,Eyes,2.246694,0.09701373,-2.914124,-0.8911067,-0.4208032,0.1698631,0.0,0.0,0.0,0.0,0.0,0.0,0.0,2.635076,0.2270926,2.297525,2.275092,0.09773405,-2.662371,0.05890891,-0.6884445,0.1798774,0.7001557,19.27862,272.7415,10.42327,0.5958251,0.02642828,-0.8026788,0.1943964,-0.006525009,0.5056368,1.221164,-0.4940919,-2.712643,-0.1127693,-0.1107666,1.1969,-0.01262348,0.1707734,0.9852295,-0.3329954,0.9283477,-0.1651804,-0.942844,-0.330162,0.04514774,moving,-79.20773,-68.01784,-5.382395,-5.287353
3163,05/08/2023 17:08:45.942969,3404,True,True,True,True,Eyes,2.247272,0.09707309,-2.902938,-0.8933699,-0.4194815,0.1610144,0.0,0.0,0.0,0.0,0.0,0.0,0.0,2.638591,0.2137727,2.279579,2.272404,0.09922761,-2.651542,0.05757819,-0.6910213,0.1787179,0.6980217,19.10967,272.326,10.35999,0.5975717,0.02642276,-0.8013796,0.1849077,-0.006130469,0.50892,1.219021,-0.4923267,-2.712743,-0.1095866,-0.1070105,1.199125,-0.01890107,0.1699224,0.9852762,-0.3290734,0.9294893,-0.1666141,-0.9441152,-0.3273774,0.03834855,moving,-79.78311,-69.00112,-5.221688,-5.099597
3164,05/08/2023 17:08:45.962951,3405,True,True,True,True,Eyes,2.247681,0.09719191,-2.891782,-0.8957683,-0.4177845,0.1518396,0.0,0.0,0.0,0.0,0.0,0.0,0.0,2.652332,0.1774654,2.251279,2.269556,0.1006247,-2.640759,0.05345609,-0.6953647,0.179036,0.6939426,18.85545,271.6483,10.60361,0.5992955,0.02642607,-0.8000911,0.1755484,-0.005584586,0.5119431,1.216877,-0.4905604,-2.712843,-0.1083128,-0.1027703,1.201552,-0.03117208,0.1741385,0.9842277,-0.3228244,0.9301771,-0.1747997,-0.9459454,-0.3231816,0.0272206,moving,-80.37936,-70.02683,-5.150954,-4.888684
3165,05/08/2023 17:08:45.972845,3406,True,True,True,True,Eyes,2.247938,0.09733338,-2.880628,-0.898174,-0.4158915,0.1425403,0.0,0.0,0.0,0.0,0.0,0.0,0.0,2.664327,0.1289953,2.223798,2.265981,0.1021223,-2.629725,0.04734749,-0.7001625,0.1764301,0.6902197,18.20512,270.9085,10.75379,0.6009958,0.02643914,-0.7988142,0.1662422,-0.004893023,0.5146962,1.214639,-0.4887158,-2.712947,-0.1059071,-0.09819851,1.204539,-0.0427101,0.1772492,0.9832389,-0.3098529,0.9332613,-0.1816991,-0.9498248,-0.3124198,0.01506151,moving,-80.98236,-71.08166,-5.024714,-4.660659
3166,05/08/2023 17:08:45.992754,3407,True,True,True,True,Eyes,2.248051,0.09748149,-2.869509,-0.9004897,-0.4139912,0.1331524,0.0,0.0,0.0,0.0,0.0,0.0,0.0,2.677702,0.09398109,2.192713,2.262681,0.102736,-2.618517,0.04311034,-0.7048913,0.1745345,0.6861542,17.77119,270.1528,10.81831,0.6026728,0.02646173,-0.7975491,0.1570387,-0.004175049,0.5172762,1.212584,-0.4870225,-2.713043,-0.1030563,-0.0985987,1.206925,-0.05466788,0.178739,0.9823766,-0.3002914,0.9353584,-0.186895,-0.9522796,-0.3052164,0.002539763,moving,-81.58881,-72.17059,-4.880506,-4.670358
3167,05/08/2023 17:08:46.012840,3408,True,True,True,True,Eyes,2.248033,0.09761824,-2.858408,-0.9027208,-0.4120396,0.1237682,0.0,0.0,0.0,0.0,0.0,0.0,0.0,2.684814,0.07955661,2.16786,2.259344,0.1031305,-2.607471,0.04152192,-0.7082602,0.1726549,0.6832521,17.53625,269.5966,10.70483,0.6043263,0.02649311,-0.7962959,0.1479554,-0.003480216,0.5195963,1.210404,-0.4852267,-2.713145,-0.1010245,-0.09712292,1.209707,-0.06288467,0.177117,0.9821786,-0.2947504,0.9369324,-0.1878294,-0.9535028,-0.3013092,-0.006713429,moving,-82.1931,-73.28082,-4.773779,-4.59022
3168,05/08/2023 17:08:46.022889,3409,True,True,True,True,Eyes,2.247905,0.09775645,-2.847323,-0.9047173,-0.4103938,0.114296,0.0,0.0,0.0,0.0,0.0,0.0,0.0,2.691955,0.07277843,2.142959,2.256225,0.1029856,-2.596735,0.04091799,-0.7114756,0.1706079,0.6804568,17.36468,269.0549,10.50172,0.6059569,0.02653212,-0.7950546,0.1390238,-0.002861159,0.5217221,1.20829,-0.4834851,-2.713243,-0.1012504,-0.09623869,1.212138,-0.07060891,0.1739583,0.9822185,-0.2904069,0.9384373,-0.1870808,-0.9542948,-0.2984525,-0.01574336,moving,-82.79977,-74.43731,-4.774858,-4.539523
3169,05/08/2023 17:08:46.042886,3410,True,True,True,True,Eyes,2.24766,0.0979087,-2.836267,-0.9065224,-0.4089289,0.1048534,0.0,0.0,0.0,0.0,0.0,0.0,0.0,2.696973,0.08217931,2.120588,2.2535,0.1031695,-2.586194,0.04276493,-0.7137903,0.1705441,0.6779302,17.54464,268.6388,10.28161,0.6075655,0.02657808,-0.7938244,0.1302989,-0.002274865,0.5236753,1.206148,-0.4817204,-2.713343,-0.1055329,-0.08877906,1.215475,-0.07716376,0.1701837,0.9823866,-0.2922844,0.9381717,-0.1854822,-0.9532133,-0.3014488,-0.02265082,moving,-83.40217,-75.61863,-4.962229,-4.177503
3170,05/08/2023 17:08:46.062985,3411,True,True,True,True,Eyes,2.247317,0.09807315,-2.825286,-0.908074,-0.4077823,0.0954742,0.0,0.0,0.0,0.0,0.0,0.0,0.0,2.705431,0.08704433,2.093569,2.250463,0.1037034,-2.575775,0.04423239,-0.7166656,0.1711065,0.6746529,17.75427,268.1267,10.12816,0.6091527,0.02663077,-0.7926053,0.1217457,-0.001681615,0.5254219,1.204028,-0.4799738,-2.713442,-0.10117,-0.09275153,1.219282,-0.0857743,0.1674753,0.982138,-0.2942746,0.9375321,-0.1855693,-0.9518643,-0.3049353,-0.03113237,moving,-83.99802,-76.82269,-4.743258,-4.350148
3171,05/08/2023 17:08:46.072688,3412,True,True,True,True,Eyes,2.246876,0.09826688,-2.814341,-0.9093965,-0.4068983,0.0862067,0.0,0.0,0.0,0.0,0.0,0.0,0.0,2.710167,0.09752163,2.071274,2.247675,0.1043996,-2.565491,0.04632165,-0.718932,0.1709528,0.6721358,17.9433,267.7098,9.877742,0.6107171,0.02668985,-0.7913987,0.1134124,-0.001087348,0.5268399,1.201763,-0.4781074,-2.713548,-0.09567937,-0.09258657,1.222995,-0.09217586,0.1632027,0.9822773,-0.2964112,0.9372588,-0.1835379,-0.950602,-0.3080757,-0.03801759,moving,-84.5848,-78.03802,-4.473347,-4.329307
3172,05/08/2023 17:08:46.092973,3413,True,True,True,True,Eyes,2.246325,0.09851762,-2.803453,-0.9105326,-0.4061953,0.0770442,0.0,0.0,0.0,0.0,0.0,0.0,0.0,2.715439,0.1085595,2.048027,2.244882,0.1052097,-2.555239,0.04868763,-0.721102,0.1722297,0.6693119,18.27419,267.3008,9.720893,0.6122592,0.02675558,-0.790204,0.105283,-0.0004409397,0.5280647,1.19959,-0.4763173,-2.713649,-0.09117526,-0.05421461,1.231888,-0.09930237,0.1603332,0.9820551,-0.3007682,0.9359329,-0.1832159,-0.9485133,-0.3135647,-0.04471723,moving,-85.16348,-79.26013,-4.232893,-2.519925
3173,05/08/2023 17:08:46.112871,3414,True,True,True,True,Eyes,2.245665,0.09882627,-2.792608,-0.9116141,-0.4054056,0.06786809,0.0,0.0,0.0,0.0,0.0,0.0,0.0,2.720365,0.1086396,2.025776,2.241676,0.107056,-2.545462,0.04950479,-0.7235233,0.1723806,0.6665947,18.3875,266.8664,9.595465,0.6137791,0.02682904,-0.7890216,0.09731381,0.0003377422,0.5290437,1.197562,-0.4746462,-2.713744,-0.08655584,-0.06406857,1.234796,-0.1064017,0.1581803,0.9816608,-0.3014518,0.9356684,-0.1834435,-0.9475262,-0.315442,-0.05187299,moving,-85.74228,-80.49636,-4.009721,-2.970184
3174,05/08/2023 17:08:46.122932,3415,True,True,True,True,Eyes,2.244882,0.09917954,-2.781778,-0.9126605,-0.4044946,0.05860865,0.0,0.0,0.0,0.0,0.0,0.0,0.0,2.727808,0.09662193,2.000297,2.238422,0.1087383,-2.535566,0.04847067,-0.7268463,0.1708508,0.6634418,18.22079,266.2992,9.467328,0.6152768,0.02691121,-0.7878514,0.08949444,0.001243421,0.5298359,1.195374,-0.4728438,-2.713846,-0.08407468,-0.06530483,1.240061,-0.1149911,0.1562376,0.981003,-0.2971606,0.9369212,-0.1840496,-0.9478781,-0.3126794,-0.06130993,moving,-86.32566,-81.75559,-3.878651,-3.01456
3175,05/08/2023 17:08:46.142901,3416,True,True,True,True,Eyes,2.243979,0.09956504,-2.770987,-0.9136891,-0.4034092,0.04932744,0.0,0.0,0.0,0.0,0.0,0.0,0.0,2.735954,0.07832509,1.973256,2.234836,0.1100194,-2.525612,0.04640003,-0.7305536,0.1684581,0.6601214,17.90229,265.6774,9.350698,0.6167527,0.02700262,-0.7866934,0.08177731,0.002228624,0.5305369,1.19329,-0.4711265,-2.713943,-0.08256301,-0.0510366,1.245225,-0.1241734,0.1546102,0.9801411,-0.290201,0.9389378,-0.184876,-0.9488753,-0.3073947,-0.07172316,moving,-86.90977,-83.02868,-3.79337,-2.347003
3176,05/08/2023 17:08:46.163104,3417,True,True,True,True,Eyes,2.242959,0.09996191,-2.760215,-0.9146935,-0.4021845,0.03979414,0.0,0.0,0.0,0.0,0.0,0.0,0.0,2.742624,0.05999115,1.947608,2.23109,0.1111377,-2.51568,0.0442331,-0.7340288,0.1661575,0.6569908,17.58079,265.095,9.259536,0.6182075,0.02710341,-0.7855472,0.074162,0.003251408,0.5310771,1.191116,-0.4693351,-2.714044,-0.08226457,-0.06857854,1.248452,-0.1328133,0.1533912,0.9791997,-0.2832647,0.9408702,-0.1858073,-0.949801,-0.3020504,-0.08150969,moving,-87.5089,-84.34927,-3.769954,-3.144145
3177,05/08/2023 17:08:46.172503,3418,True,True,True,True,Eyes,2.241814,0.1003671,-2.749473,-0.915615,-0.4009144,0.030281,0.0,0.0,0.0,0.0,0.0,0.0,0.0,2.749432,0.03673208,1.921112,2.227322,0.1117267,-2.505584,0.04133505,-0.7375816,0.1646168,0.6535796,17.26959,264.5033,9.293064,0.6196411,0.02721299,-0.7844131,0.06665027,0.004246956,0.5315299,1.188827,-0.4674497,-2.714151,-0.08183458,-0.07406611,1.252435,-0.1422505,0.1542044,0.9777454,-0.2761563,0.9423854,-0.1888052,-0.9505277,-0.2968681,-0.09147027,moving,-88.10582,-85.68066,-3.738415,-3.384399
3178,05/08/2023 17:08:46.192673,3419,True,True,True,True,Eyes,2.240545,0.1008049,-2.738762,-0.9164157,-0.399691,0.02072191,0.0,0.0,0.0,0.0,0.0,0.0,0.0,2.755409,0.01882192,1.8948,2.223251,0.1123035,-2.495484,0.03932305,-0.7407938,0.1642114,0.6501638,17.12315,263.9549,9.350275,0.6210538,0.02733082,-0.783291,0.05921731,0.005207581,0.5318639,1.1868,-0.4657798,-2.714246,-0.08182117,-0.05345549,1.258482,-0.1514816,0.1552681,0.9761891,-0.2717892,0.9429766,-0.1921608,-0.9503599,-0.2944265,-0.1006434,moving,-88.70465,-87.03217,-3.719895,-2.432244
3179,05/08/2023 17:08:46.212748,3420,True,True,True,True,Eyes,2.239139,0.1012612,-2.728085,-0.9171553,-0.3983747,0.01112895,0.0,0.0,0.0,0.0,0.0,0.0,0.0,2.76158,0.003111184,1.867606,2.219043,0.1134996,-2.485407,0.03784937,-0.7439278,0.1647187,0.6465344,17.09875,263.4081,9.434714,0.6224459,0.02745715,-0.7821807,0.05185768,0.006208537,0.5320842,1.184669,-0.4640239,-2.714345,-0.08276552,-0.05700912,1.261859,-0.1611215,0.1566782,0.9744188,-0.269307,0.9428703,-0.1961358,-0.9494809,-0.2940194,-0.1097223,moving,-89.3048,-88.3998,-3.752663,-2.586788
3180,05/08/2023 17:08:46.223060,3421,True,True,True,True,Eyes,2.23761,0.1017125,-2.717443,-0.9177759,-0.3970961,0.001443458,0.0,0.0,0.0,0.0,0.0,0.0,0.0,2.768972,-0.01778629,1.837627,2.214396,0.1143646,-2.475432,0.03543471,-0.7475962,0.163659,0.6426977,16.87288,262.7775,9.466141,0.6238173,0.02759178,-0.7810828,0.04452836,0.007205002,0.5321912,1.182484,-0.4622231,-2.714447,-0.08426413,-0.06128725,1.26558,-0.1713687,0.1573847,0.9725549,-0.2633482,0.9439203,-0.199154,-0.9493582,-0.2902493,-0.1203113,moving,-89.90989,-89.79173,-3.809212,-2.772451
3181,05/08/2023 17:08:46.252680,3422,True,True,True,True,Eyes,2.23595,0.1021508,-2.706827,-0.9182633,-0.3958837,-0.008279229,0.0,0.0,0.0,0.0,0.0,0.0,0.0,2.777424,-0.03094631,1.80547,2.209933,0.114746,-2.465317,0.03417265,-0.7513179,0.1628729,0.6386127,16.76128,262.1189,9.417554,0.6251674,0.02773376,-0.7799975,0.03726972,0.008126749,0.5321837,1.180312,-0.4604336,-2.714548,-0.08282268,-0.05602949,1.269858,-0.1820123,0.1566764,0.9707339,-0.2593745,0.9446093,-0.2010925,-0.9484707,-0.2883849,-0.1312926,moving,89.48342,88.80193,-3.731659,-2.526402
3182,05/08/2023 17:08:46.262937,3423,True,True,True,True,Eyes,2.234169,0.102569,-2.696215,-0.9185954,-0.3947883,-0.01801772,0.0,0.0,0.0,0.0,0.0,0.0,0.0,2.785897,-0.0354405,1.772422,2.205174,0.1148834,-2.455191,0.03426073,-0.7548539,0.162617,0.6344901,16.79692,261.4726,9.295457,0.626497,0.02788211,-0.7789246,0.03005464,0.008953784,0.532103,1.178243,-0.4587293,-2.714645,-0.07955104,-0.06448343,1.272814,-0.1924972,0.1546341,0.9690374,-0.2580815,0.9447638,-0.202028,-0.946752,-0.2889803,-0.1419563,moving,88.87632,87.38689,-3.576342,-2.900245
3183,05/08/2023 17:08:46.272621,3424,True,True,True,True,Eyes,2.232266,0.1029629,-2.685627,-0.9187917,-0.3937674,-0.02773328,0.0,0.0,0.0,0.0,0.0,0.0,0.0,2.793165,-0.0383043,1.740923,2.200598,0.1148011,-2.445045,0.03446751,-0.7582156,0.1620762,0.6305968,16.81293,260.8539,9.145129,0.6278065,0.02803566,-0.777864,0.02290769,0.009671406,0.5320107,1.176011,-0.4568908,-2.714749,-0.07411903,-0.06507945,1.276783,-0.2023193,0.1521419,0.9674294,-0.2566771,0.9450865,-0.2023073,-0.9450839,-0.2892477,-0.1521578,moving,88.27108,85.97128,-3.322372,-2.917923
3184,05/08/2023 17:08:46.292870,3425,True,True,True,True,Eyes,2.230245,0.1033217,-2.675057,-0.9188637,-0.3928051,-0.03733141,0.0,0.0,0.0,0.0,0.0,0.0,0.0,2.798642,-0.0382987,1.711628,2.195808,0.1146326,-2.434917,0.03507678,-0.761197,0.1618773,0.6270124,16.88359,260.2954,8.994291,0.629097,0.02819336,-0.776815,0.01582406,0.01027279,0.5318553,1.173953,-0.4551946,-2.714845,-0.06726941,-0.05545897,1.281031,-0.2112502,0.1495974,0.9659162,-0.2563988,0.9451308,-0.2024539,-0.9432036,-0.2904282,-0.1613026,moving,87.67348,84.57103,-3.005952,-2.478927
3185,05/08/2023 17:08:46.312773,3426,True,True,True,True,Eyes,2.228101,0.1036349,-2.664515,-0.9188384,-0.391838,-0.04689307,0.0,0.0,0.0,0.0,0.0,0.0,0.0,2.803589,-0.03843519,1.682829,2.191011,0.1141855,-2.424858,0.03555994,-0.7641471,0.1613461,0.623524,16.9136,259.7425,8.829813,0.6303687,0.02835382,-0.7757775,0.008811391,0.01073284,0.5316548,1.171801,-0.4534216,-2.714945,-0.06142274,-0.04951261,1.284803,-0.2199067,0.1468603,0.964403,-0.2555524,0.9454059,-0.2022394,-0.9414532,-0.2909293,-0.1703706,moving,87.07844,83.17561,-2.737063,-2.206923
3186,05/08/2023 17:08:46.322907,3427,True,True,True,True,Eyes,2.22584,0.1038864,-2.653991,-0.9186687,-0.3909872,-0.0563627,0.0,0.0,0.0,0.0,0.0,0.0,0.0,2.807214,-0.03975704,1.655606,2.185954,0.1134109,-2.414914,0.035695,-0.7669573,0.1603326,0.6203191,16.8712,259.2196,8.66434,0.6316215,0.02851548,-0.774752,0.001851843,0.01102836,0.5313805,1.169708,-0.451697,-2.715043,-0.05489919,-0.04495065,1.288721,-0.2278601,0.1441617,0.9629626,-0.2536679,0.9460386,-0.201652,-0.9400703,-0.2902212,-0.1789953,moving,86.48916,81.79705,-2.439311,-1.99767
3187,05/08/2023 17:08:46.347936,3428,True,True,True,True,Eyes,2.223461,0.1040753,-2.643487,-0.9184109,-0.390119,-0.06579246,0.0,0.0,0.0,0.0,0.0,0.0,0.0,2.810894,-0.04352897,1.627712,2.180931,0.1121955,-2.404873,0.03542733,-0.7698553,0.1595342,0.6169415,16.81902,258.6817,8.549149,0.6328561,0.02867649,-0.7737378,-0.005044183,0.01112132,0.5310712,1.167524,-0.4498983,-2.715145,-0.04679422,-0.04668029,1.292227,-0.2362566,0.1422987,0.9612149,-0.2513943,0.9465875,-0.2019233,-0.9386075,-0.2893496,-0.1878644,moving,85.90248,80.42731,-2.073893,-2.068848
3188,05/08/2023 17:08:46.362963,3429,True,True,True,True,Eyes,2.220971,0.1041871,-2.633001,-0.9180597,-0.389251,-0.07516699,0.0,0.0,0.0,0.0,0.0,0.0,0.0,2.813704,-0.05157429,1.600532,2.175765,0.1108723,-2.394796,0.0345067,-0.7726919,0.1590794,0.6135554,16.74917,258.1592,8.520773,0.6340724,0.0288351,-0.7727355,-0.01187907,0.0110207,0.5307161,1.165355,-0.4481111,-2.715246,-0.04039997,-0.04841761,1.295396,-0.2447182,0.141882,0.9591573,-0.2485342,0.947006,-0.2034952,-0.9372001,-0.2881824,-0.1964871,moving,85.3193,79.07033,-1.786325,-2.14053
3189,05/08/2023 17:08:46.372845,3430,True,True,True,True,Eyes,2.218367,0.1042128,-2.622509,-0.9176401,-0.3883299,-0.08447771,0.0,0.0,0.0,0.0,0.0,0.0,0.0,2.815433,-0.06509438,1.574052,2.170592,0.1091604,-2.384356,0.03263161,-0.7755482,0.1586155,0.6101648,16.60963,257.6426,8.57899,0.6352714,0.02898935,-0.7717443,-0.01863646,0.01069489,0.5303336,1.163192,-0.4463288,-2.715347,-0.03677185,-0.04246215,1.298934,-0.253268,0.1429484,0.9567763,-0.244178,0.9475525,-0.2062067,-0.9360728,-0.2858493,-0.2050798,moving,84.74019,77.72704,-1.621567,-1.872332
3190,05/08/2023 17:08:46.392856,3431,True,True,True,True,Eyes,2.215648,0.1041503,-2.611995,-0.9171373,-0.3874183,-0.09362783,0.0,0.0,0.0,0.0,0.0,0.0,0.0,2.81586,-0.07666534,1.548969,2.165279,0.1070956,-2.373677,0.03093414,-0.7781988,0.1581242,0.606998,16.47865,257.16,8.625566,0.6364539,0.0291372,-0.7707638,-0.02533029,0.0101302,0.529987,1.16112,-0.4446218,-2.715443,-0.03457156,-0.04086954,1.301994,-0.2611932,0.1438163,0.954513,-0.2401079,0.9480796,-0.2085502,-0.9349473,-0.2836581,-0.2131005,moving,84.17104,76.41376,-1.521004,-1.797921
3191,05/08/2023 17:08:46.412890,3432,True,True,True,True,Eyes,2.212817,0.1040085,-2.601467,-0.9165624,-0.3864791,-0.1027004,0.0,0.0,0.0,0.0,0.0,0.0,0.0,2.815397,-0.08562133,1.525085,2.159948,0.1048516,-2.362901,0.02967462,-0.7805917,0.158305,0.6039335,16.43851,256.7146,8.688273,0.6376213,0.02927674,-0.769793,-0.03196725,0.009334722,0.529732,1.158979,-0.4428574,-2.715543,-0.03251284,-0.03865957,1.305164,-0.2687679,0.1448838,0.9522462,-0.2375389,0.9481179,-0.2113002,-0.9334556,-0.2829862,-0.2204081,moving,83.6067,75.11852,-1.426996,-1.696632
3192,05/08/2023 17:08:46.422708,3433,True,True,True,True,Eyes,2.209874,0.1037814,-2.590919,-0.9159619,-0.3854136,-0.1116706,0.0,0.0,0.0,0.0,0.0,0.0,0.0,2.814487,-0.09818885,1.501037,2.154474,0.1027863,-2.351971,0.02783098,-0.7830735,0.158286,0.6008052,16.34027,256.2579,8.788177,0.6387747,0.02940656,-0.7688313,-0.03854074,0.008349486,0.5295323,1.156791,-0.4410551,-2.715645,-0.02971911,-0.03316382,1.30836,-0.2765172,0.1466107,0.9497597,-0.2337855,0.948342,-0.2144572,-0.9321387,-0.2813411,-0.2279574,moving,83.04902,73.84147,-1.301237,-1.452001
3193,05/08/2023 17:08:46.443026,3434,True,True,True,True,Eyes,2.206827,0.1034653,-2.580343,-0.9152918,-0.3843253,-0.1205614,0.0,0.0,0.0,0.0,0.0,0.0,0.0,2.814446,-0.1117412,1.474291,2.148848,0.1004823,-2.34083,0.02565959,-0.7859562,0.1571829,0.5974178,16.12518,255.7314,8.83055,0.639915,0.02952512,-0.7678779,-0.04505884,0.007166989,0.5294048,1.154679,-0.4393151,-2.715744,-0.02760583,-0.03228654,1.310986,-0.2848673,0.1474731,0.9471547,-0.2281424,0.9492702,-0.2164188,-0.9310217,-0.2777368,-0.2367711,moving,82.49625,72.58356,-1.206317,-1.410777
3194,05/08/2023 17:08:46.462838,3435,True,True,True,True,Eyes,2.206827,0.1034653,-2.580343,-0.9152918,-0.3843253,-0.1205614,0.0,0.0,0.0,0.0,0.0,0.0,0.0,2.81249,-0.1168215,1.451359,2.143355,0.09802269,-2.329508,0.02475344,-0.7882553,0.1565708,0.5945809,16.0378,255.2977,8.807988,0.6410437,0.02963097,-0.7669318,-0.05149485,0.005788876,0.5293685,1.152534,-0.4375481,-2.715844,-0.02672857,-0.0342584,1.313174,-0.2917218,0.147164,0.9451144,-0.2252121,0.9497457,-0.2173997,-0.9296117,-0.2762714,-0.2439183,moving,82.49625,72.58356,-1.166047,-1.494408
3195,05/08/2023 17:08:46.478263,3436,True,True,True,True,Eyes,2.206827,0.1034653,-2.580343,-0.9152918,-0.3843253,-0.1205614,0.0,0.0,0.0,0.0,0.0,0.0,0.0,2.810954,-0.1261818,1.426739,2.137831,0.09591619,-2.318069,0.02341711,-0.7907049,0.1568636,0.5912963,16.00723,254.8308,8.885637,0.6419088,0.02971391,-0.7662047,-0.04840516,0.005441543,0.4976064,1.15031,-0.4357151,-2.715948,-0.02627206,-0.03741455,1.314985,-0.2996407,0.1484737,0.9424284,-0.2225378,0.9496909,-0.2203728,-0.9277351,-0.2757586,-0.251525,moving,82.49625,72.58356,-1.144559,-1.629766
3196,05/08/2023 17:08:46.493705,3437,True,True,True,True,Eyes,2.206827,0.1034653,-2.580343,-0.9152918,-0.3843253,-0.1205614,0.0,0.0,0.0,0.0,0.0,0.0,0.0,2.809592,-0.141131,1.400137,2.132004,0.09384119,-2.306482,0.02113516,-0.7934728,0.1566342,0.5877245,15.86747,254.3123,9.006109,0.6426869,0.02978855,-0.7655493,-0.04550084,0.00511505,0.46775,1.148257,-0.434024,-2.716043,-0.02565041,-0.04450987,1.316052,-0.3082666,0.1505751,0.9393077,-0.2176558,0.9500381,-0.2237265,-0.9260657,-0.2734131,-0.2600914,moving,82.49625,72.58356,-1.116578,-1.937048
3197,05/08/2023 17:08:46.512916,3438,True,True,True,True,Eyes,2.206827,0.1034653,-2.580343,-0.9152918,-0.3843253,-0.1205614,0.0,0.0,0.0,0.0,0.0,0.0,0.0,2.809777,-0.1499264,1.370347,2.1262,0.09183568,-2.29478,0.02009009,-0.7963798,0.1573144,0.5836334,15.9033,253.7419,9.071314,0.6433861,0.02985564,-0.7649592,-0.0427708,0.004808147,0.439685,1.146093,-0.432241,-2.716144,-0.0241982,-0.04793409,1.317126,-0.3179373,0.1516292,0.9359084,-0.2156266,0.9496971,-0.2271136,-0.9232666,-0.2740146,-0.2692488,moving,82.49625,72.58356,-1.052518,-2.084242
3198,05/08/2023 17:08:46.522716,3439,True,True,True,True,Eyes,2.206827,0.1034653,-2.580343,-0.9152918,-0.3843253,-0.1205614,0.0,0.0,0.0,0.0,0.0,0.0,0.0,2.80986,-0.1600319,1.339499,2.120093,0.09051199,-2.283023,0.01900688,-0.7993646,0.1582097,0.5793313,15.95946,253.1503,9.152073,0.644015,0.02991601,-0.7644274,-0.04020455,0.004519659,0.4133039,1.143916,-0.4304471,-2.716246,-0.02354373,-0.04936543,1.317716,-0.3280279,0.1529249,0.932208,-0.2136986,0.9492168,-0.230912,-0.9201798,-0.2749571,-0.2786898,moving,82.49625,72.58356,-1.023599,-2.145461
3199,05/08/2023 17:08:46.542724,3440,True,True,True,True,Eyes,2.206827,0.1034653,-2.580343,-0.9152918,-0.3843253,-0.1205614,0.0,0.0,0.0,0.0,0.0,0.0,0.0,2.808964,-0.1736317,1.308239,2.113236,0.08924427,-2.271163,0.01693622,-0.8025973,0.1569101,0.5752653,15.74502,252.5327,9.167539,0.6445804,0.02997031,-0.7639486,-0.03779227,0.004248479,0.3885057,1.141769,-0.4286787,-2.716346,-0.02374578,-0.04814928,1.318419,-0.3375662,0.153344,0.9287276,-0.2077158,0.9501847,-0.2323856,-0.9180978,-0.2713569,-0.2888983,moving,82.49625,72.58356,-1.031832,-2.09154
3200,05/08/2023 17:08:46.562553,3441,True,True,True,True,Eyes,2.206827,0.1034653,-2.580343,-0.9152918,-0.3843253,-0.1205614,0.0,0.0,0.0,0.0,0.0,0.0,0.0,2.80215,-0.1804464,1.290416,2.106109,0.09003367,-2.25964,0.01665406,-0.803955,0.1593339,0.5727059,15.97812,252.2403,9.321986,0.6450896,0.03001922,-0.7635167,-0.03552474,0.00399357,0.3651953,1.139622,-0.4269097,-2.716446,-0.02490726,-0.04752269,1.318517,-0.3434617,0.1557246,0.9261665,-0.2092811,0.9486707,-0.2371187,-0.9155523,-0.2752702,-0.2932418,moving,82.49625,72.58356,-1.082209,-2.064192
3201,05/08/2023 17:08:46.572841,3442,True,True,True,True,Eyes,2.206827,0.1034653,-2.580343,-0.9152918,-0.3843253,-0.1205614,0.0,0.0,0.0,0.0,0.0,0.0,0.0,2.798786,-0.2225251,1.258495,2.098667,0.09171377,-2.248047,0.01087447,-0.8073282,0.1605423,0.5677404,15.75762,251.5995,9.855662,0.6455473,0.0300632,-0.7631281,-0.03339325,0.003753956,0.3432836,1.137433,-0.4251057,-2.716548,-0.02656053,-0.04808902,1.318488,-0.3551053,0.1647342,0.9201974,-0.1998512,0.9482158,-0.2468729,-0.9132141,-0.2715684,-0.3037942,moving,82.49625,72.58356,-1.154049,-2.088814
3202,05/08/2023 17:08:46.593074,3443,True,True,True,True,Eyes,2.206827,0.1034653,-2.580343,-0.9152918,-0.3843253,-0.1205614,0.0,0.0,0.0,0.0,0.0,0.0,0.0,2.797674,-0.2447384,1.22289,2.091182,0.09215403,-2.236247,0.007545088,-0.8110952,0.1585297,0.5629706,15.40622,250.8745,9.930435,0.6459588,0.03010274,-0.7627783,-0.03138966,0.003528719,0.3226866,1.135181,-0.4232505,-2.716653,-0.02925932,-0.04775533,1.31801,-0.3660142,0.1662555,0.9156377,-0.1907347,0.9496229,-0.24867,-0.9108533,-0.2656606,-0.3158646,moving,82.49625,72.58356,-1.271735,-2.075084
3203,05/08/2023 17:08:46.612793,3444,True,True,True,True,Eyes,2.206827,0.1034653,-2.580343,-0.9152918,-0.3843253,-0.1205614,0.0,0.0,0.0,0.0,0.0,0.0,0.0,2.79575,-0.223929,1.198426,2.084844,0.09435669,-2.224209,0.01354084,-0.8122516,0.1670261,0.5587184,16.64647,250.4965,9.895164,0.6463287,0.0301383,-0.7624635,-0.02950628,0.003316996,0.3033254,1.133127,-0.4215583,-2.716749,-0.03344926,-0.04727615,1.317266,-0.3753006,0.164644,0.9121631,-0.2086382,0.9438378,-0.2562034,-0.9031164,-0.2864654,-0.319872,moving,82.49625,72.58356,-1.454597,-2.055441
3204,05/08/2023 17:08:46.622775,3445,True,True,True,True,Eyes,2.200823,0.1032996,-2.564939,-0.9137543,-0.3840355,-0.1325508,0.0,0.0,0.0,0.0,0.0,0.0,0.0,2.791676,-0.2378072,1.170098,2.076487,0.09750973,-2.213105,0.01251416,-0.8148171,0.1680122,0.5546967,16.71921,249.9615,9.981216,0.6466617,0.03017034,-0.7621787,-0.0277359,0.003117976,0.2851259,1.130978,-0.4197878,-2.716849,-0.03957577,-0.046258,1.316054,-0.3843098,0.1659982,0.9081578,-0.2067852,0.9432306,-0.2599153,-0.8997476,-0.2876816,-0.3281668,moving,81.74615,70.95776,-1.722454,-2.013062
3205,05/08/2023 17:08:46.642508,3446,True,True,True,True,Eyes,2.19475,0.1032441,-2.549737,-0.9121092,-0.3837144,-0.1442913,0.0,0.0,0.0,0.0,0.0,0.0,0.0,2.785139,-0.2488911,1.149203,2.068917,0.1001006,-2.202084,0.01064623,-0.8171486,0.1645594,0.552336,16.30196,249.5279,9.861716,0.6470836,0.0302083,-0.7618191,-0.04408475,0.002433638,0.3142281,1.128809,-0.4180006,-2.71695,-0.04628693,-0.04631166,1.314636,-0.3896234,0.164385,0.9061851,-0.1991832,0.9456137,-0.2571783,-0.8991774,-0.2806995,-0.3356905,moving,81.01058,69.39182,-2.016491,-2.017567
3206,05/08/2023 17:08:46.662822,3447,True,True,True,True,Eyes,2.19475,0.1032441,-2.549737,-0.9121092,-0.3837144,-0.1442913,0.0,0.0,0.0,0.0,0.0,0.0,0.0,2.778985,-0.2526332,1.129586,2.061243,0.1027035,-2.191637,0.01063672,-0.818909,0.1640815,0.5498658,16.28605,249.1622,9.778494,0.6475833,0.03025495,-0.7613925,-0.05965794,0.0021211,0.3409806,1.126701,-0.416264,-2.717049,-0.05297606,-0.04707507,1.312806,-0.3950692,0.1630245,0.9040704,-0.1978666,0.9459283,-0.2570381,-0.8970893,-0.2804331,-0.3414499,moving,81.01058,69.39182,-2.31082,-2.053653
3207,05/08/2023 17:08:46.672960,3448,True,True,True,True,Eyes,2.19475,0.1032441,-2.549737,-0.9121092,-0.3837144,-0.1442913,0.0,0.0,0.0,0.0,0.0,0.0,0.0,2.773612,-0.2712674,1.104326,2.053188,0.1048172,-2.181622,0.007189753,-0.8217931,0.1591867,0.5470502,15.63472,248.6374,9.705676,0.6480322,0.03029685,-0.7610089,-0.05607846,0.001993834,0.3205217,1.124542,-0.4144849,-2.717149,-0.06011724,-0.04693301,1.310806,-0.4013688,0.1623493,0.9014134,-0.1859832,0.9492158,-0.2537707,-0.8968353,-0.2695033,-0.3507914,moving,81.01058,69.39182,-2.625906,-2.050582
3208,05/08/2023 17:08:46.693069,3449,True,True,True,True,Eyes,2.188019,0.1033908,-2.534088,-0.9106079,-0.3823954,-0.1567386,0.0,0.0,0.0,0.0,0.0,0.0,0.0,2.769562,-0.2746211,1.080009,2.045613,0.1062921,-2.171746,0.006825729,-0.8241303,0.1571734,0.5441132,15.45555,248.1656,9.542833,0.6484369,0.03033463,-0.7606627,-0.05271376,0.001874204,0.3012904,1.122447,-0.4127592,-2.717247,-0.06833326,-0.04922216,1.308088,-0.4077885,0.1597897,0.898986,-0.1822909,0.9504999,-0.2516348,-0.8946948,-0.2664907,-0.3584748,moving,80.23365,67.71195,-2.990359,-2.154972
3209,05/08/2023 17:08:46.713015,3450,True,True,True,True,Eyes,2.181238,0.1035703,-2.51872,-0.909085,-0.3808173,-0.1689458,0.0,0.0,0.0,0.0,0.0,0.0,0.0,2.764881,-0.2687417,1.0602,2.037691,0.108039,-2.162627,0.008265605,-0.8257501,0.156379,0.5418617,15.49876,247.8153,9.305637,0.6489156,0.03038782,-0.7602522,-0.06974475,0.002201969,0.3301609,1.120321,-0.4110074,-2.717346,-0.07654463,-0.05263716,1.304999,-0.4126352,0.1558209,0.8974699,-0.1831222,0.9509546,-0.2493023,-0.8922997,-0.2672175,-0.3638631,moving,79.47217,66.07602,-3.356833,-2.309773
3210,05/08/2023 17:08:46.731249,3451,True,True,True,True,Eyes,2.174467,0.1037475,-2.503727,-0.9075205,-0.3789351,-0.1811486,0.0,0.0,0.0,0.0,0.0,0.0,0.0,2.758544,-0.2774046,1.04149,2.029742,0.1089522,-2.153949,0.006415449,-0.8276405,0.1529378,0.5399816,15.07502,247.4649,9.210144,0.6494581,0.03045596,-0.7597861,-0.08590337,0.002608304,0.3564552,1.11804,-0.4091283,-2.717453,-0.08504084,-0.05730513,1.301466,-0.4167574,0.1545478,0.8957835,-0.1757865,0.9531377,-0.2462266,-0.8918589,-0.2600835,-0.3700598,moving,78.71165,64.45003,-3.738526,-2.521174
3211,05/08/2023 17:08:46.746708,3452,True,True,True,True,Eyes,2.167644,0.1039513,-2.489013,-0.9057845,-0.377137,-0.1931891,0.0,0.0,0.0,0.0,0.0,0.0,0.0,2.752637,-0.2966896,1.019217,2.022092,0.1094845,-2.145459,0.003514603,-0.829678,0.1528102,0.536909,14.91232,247.0526,9.426029,0.6500533,0.03053739,-0.7592737,-0.1010603,0.002983487,0.3800475,1.116022,-0.4074654,-2.717547,-0.09246188,-0.06377083,1.297523,-0.4234331,0.1582584,0.8919973,-0.1699224,0.9532734,-0.2497926,-0.889849,-0.2573406,-0.3767559,moving,77.96015,62.87613,-4.076025,-2.813717
3212,05/08/2023 17:08:46.762969,3453,True,True,True,True,Eyes,2.160781,0.1041761,-2.474607,-0.903814,-0.3753667,-0.2054756,0.0,0.0,0.0,0.0,0.0,0.0,0.0,2.748283,-0.3264627,0.9884233,2.014011,0.1102846,-2.137337,-0.0004305639,-0.8323796,0.1548347,0.5321377,14.91016,246.4749,9.861675,0.6506918,0.03063164,-0.7587228,-0.1154673,0.003415663,0.4013866,1.11389,-0.405709,-2.717646,-0.09785423,-0.06993678,1.293445,-0.4336591,0.1655035,0.8857476,-0.16407,0.9520521,-0.2582208,-0.8860143,-0.2573043,-0.3857118,moving,77.19192,61.30371,-4.326411,-3.094978
3213,05/08/2023 17:08:46.772742,3454,True,True,True,True,Eyes,2.153858,0.1044109,-2.460469,-0.9016221,-0.3737403,-0.2177058,0.0,0.0,0.0,0.0,0.0,0.0,0.0,2.746435,-0.3550756,0.9490552,2.005797,0.1112006,-2.129344,-0.003993375,-0.83587,0.1566315,0.5260912,14.93039,245.7151,10.22256,0.6513645,0.03073801,-0.758141,-0.1291279,0.003885187,0.4205206,1.111587,-0.4038111,-2.717754,-0.1008001,-0.07151704,1.290069,-0.4464242,0.1714808,0.8782368,-0.158129,0.9509013,-0.2660489,-0.8807387,-0.2576454,-0.3973892,moving,76.42519,59.77896,-4.467752,-3.173034
3214,05/08/2023 17:08:46.792543,3455,True,True,True,True,Eyes,2.146897,0.1046429,-2.446635,-0.899223,-0.3721372,-0.2300257,0.0,0.0,0.0,0.0,0.0,0.0,0.0,2.745702,-0.3705944,0.9092765,1.997457,0.1116809,-2.121485,-0.005445827,-0.8392813,0.1579522,0.5202197,15.03841,244.9541,10.34838,0.6520638,0.03085566,-0.7575349,-0.1421477,0.004356447,0.4377048,1.109578,-0.402156,-2.717847,-0.105934,-0.06904275,1.286342,-0.4586837,0.1734808,0.871501,-0.1551985,0.950043,-0.2707986,-0.8749417,-0.2594665,-0.4088453,moving,75.65115,58.27893,-4.707852,-3.072329
3215,05/08/2023 17:08:46.812861,3456,True,True,True,True,Eyes,2.139877,0.1049001,-2.433082,-0.8966192,-0.3707004,-0.2421881,0.0,0.0,0.0,0.0,0.0,0.0,0.0,2.745017,-0.3751447,0.8729031,1.989043,0.1120879,-2.11399,-0.005204998,-0.8422959,0.1586762,0.5151044,15.18534,244.2696,10.28062,0.652782,0.0309833,-0.7569109,-0.1545043,0.00479116,0.4529423,1.107436,-0.4003913,-2.717947,-0.1140742,-0.06281609,1.283146,-0.4692809,0.1722379,0.8660889,-0.1547013,0.9495896,-0.2726668,-0.8693925,-0.2619423,-0.4189788,moving,74.88442,56.84239,-5.080351,-2.802663
3216,05/08/2023 17:08:46.823297,3457,True,True,True,True,Eyes,2.132777,0.1051759,-2.419773,-0.8938296,-0.3692253,-0.2544429,0.0,0.0,0.0,0.0,0.0,0.0,0.0,2.743719,-0.376197,0.8401704,1.980622,0.1129863,-2.107078,-0.004281705,-0.8448955,0.1595676,0.5105598,15.38263,243.6645,10.16571,0.6535129,0.03112079,-0.7562743,-0.1662926,0.005275385,0.4664245,1.105242,-0.3985838,-2.71805,-0.1164465,-0.07668705,1.278899,-0.4786206,0.1701728,0.861373,-0.1557024,0.9490397,-0.2740081,-0.8641059,-0.2652638,-0.4277336,moving,74.11015,55.42825,-5.202559,-3.431537
3217,05/08/2023 17:08:46.843033,3458,True,True,True,True,Eyes,2.12564,0.1054211,-2.406734,-0.8908367,-0.3678289,-0.2666683,0.0,0.0,0.0,0.0,0.0,0.0,0.0,2.743419,-0.3856795,0.7996662,1.972183,0.1135195,-2.100517,-0.005302865,-0.8484365,0.1582844,0.5050479,15.26193,242.8822,10.08182,0.6542799,0.03127227,-0.7556046,-0.1776161,0.005786077,0.4783668,1.102983,-0.3967229,-2.718155,-0.1161301,-0.07844372,1.276359,-0.4897968,0.1688806,0.8553235,-0.1508841,0.9498359,-0.2739448,-0.858681,-0.263232,-0.4397453,moving,73.33514,54.05868,-5.198767,-3.516917
3218,05/08/2023 17:08:46.863186,3459,True,True,True,True,Eyes,2.118458,0.1056419,-2.393934,-0.887574,-0.3667501,-0.2787594,0.0,0.0,0.0,0.0,0.0,0.0,0.0,2.743989,-0.3875109,0.7584331,1.964171,0.113053,-2.093826,-0.00487877,-0.8519039,0.1578874,0.4993073,15.31572,242.0854,9.90953,0.655086,0.0314377,-0.7548988,-0.1883696,0.006174464,0.4887821,1.101014,-0.3951003,-2.718247,-0.1153178,-0.0531861,1.276616,-0.5013373,0.1659811,0.849183,-0.1493561,0.9500955,-0.2738817,-0.8522642,-0.2641377,-0.4515279,moving,72.56412,52.76226,-5.161567,-2.385664
3219,05/08/2023 17:08:46.872794,3460,True,True,True,True,Eyes,2.111231,0.1058722,-2.381382,-0.8840598,-0.3660273,-0.290624,0.0,0.0,0.0,0.0,0.0,0.0,0.0,2.743428,-0.3824971,0.7219477,1.956026,0.1127621,-2.086902,0.00205639,0.8544701,-0.1617759,-0.4936652,15.92834,241.4045,9.773762,0.65592,0.03161491,-0.754167,-0.1986137,0.006466434,0.4978565,1.098761,-0.3932437,-2.718352,-0.1190611,-0.05890626,1.274186,-0.512581,0.1632405,0.842979,-0.156212,0.9476486,-0.2784956,-0.8443097,-0.274435,-0.4602466,moving,71.80235,51.55059,-5.338269,-2.646928
3220,05/08/2023 17:08:46.892920,3461,True,True,True,True,Eyes,2.103952,0.1061095,-2.369087,-0.8804828,-0.3652643,-0.3022121,0.0,0.0,0.0,0.0,0.0,0.0,0.0,2.739571,-0.3895037,0.6905048,1.947713,0.113288,-2.080226,0.001313588,0.8566186,-0.1658278,-0.4885734,16.42852,240.8238,9.862333,0.6567703,0.03180287,-0.7534186,-0.208377,0.00676934,0.5056412,1.09669,-0.391538,-2.718449,-0.1209803,-0.06556404,1.272774,-0.5225886,0.1642886,0.8366064,-0.1597876,0.9449988,-0.285386,-0.8374777,-0.2828188,-0.4675943,moving,71.05601,50.39635,-5.42979,-2.948855
3221,05/08/2023 17:08:46.913234,3462,True,True,True,True,Eyes,2.096622,0.1063489,-2.357033,-0.8767408,-0.3646197,-0.3136526,0.0,0.0,0.0,0.0,0.0,0.0,0.0,2.734178,-0.4064049,0.6577306,1.939058,0.1137455,-2.073792,0.003104051,0.8591641,-0.1673207,-0.483561,16.52956,240.2062,10.04136,0.657627,0.03200058,-0.7526626,-0.2177105,0.00707515,0.5121878,1.094512,-0.389743,-2.71855,-0.1228427,-0.04890761,1.273201,-0.5323184,0.1671534,0.8298779,-0.1564858,0.9439883,-0.2905139,-0.8319553,-0.2845099,-0.4763452,moving,70.31541,49.29727,-5.511032,-2.199827
3222,05/08/2023 17:08:46.922911,3463,True,True,True,True,Eyes,2.089236,0.1065955,-2.345241,-0.873,-0.3638686,-0.3247626,0.0,0.0,0.0,0.0,0.0,0.0,0.0,2.72927,-0.4176775,0.6250331,1.930492,0.1140511,-2.06742,0.003932377,0.8616559,-0.168677,-0.4786249,16.67358,239.5879,10.11515,0.6584812,0.0322069,-0.7519067,-0.2266376,0.007368892,0.5176184,1.092367,-0.3879761,-2.71865,-0.1234638,-0.04776961,1.272948,-0.5418056,0.1682428,0.8234933,-0.1546893,0.9430652,-0.2944473,-0.8261466,-0.2869188,-0.4849325,moving,69.59442,48.25023,-5.539816,-2.149117
3223,05/08/2023 17:08:46.942874,3464,True,True,True,True,Eyes,2.08177,0.1068531,-2.333699,-0.8691336,-0.3630207,-0.3358911,0.0,0.0,0.0,0.0,0.0,0.0,0.0,2.724787,-0.428292,0.5889447,1.921484,0.1145543,-2.061439,0.00473645,0.8644559,-0.1692404,-0.4733407,16.74531,238.9012,10.12889,0.6593233,0.03242074,-0.7511592,-0.2351994,0.00766669,0.5219364,1.090257,-0.3862374,-2.718749,-0.1263644,-0.0510236,1.272437,-0.5518526,0.1684056,0.816761,-0.1520278,0.9426705,-0.2970856,-0.8199674,-0.2881178,-0.4946128,moving,68.87015,47.22293,-5.671388,-2.29628
3224,05/08/2023 17:08:46.963153,3465,True,True,True,True,Eyes,2.07421,0.1070998,-2.322394,-0.8652499,-0.3619132,-0.3469313,0.0,0.0,0.0,0.0,0.0,0.0,0.0,2.721152,-0.4366747,0.5479391,1.912112,0.1150529,-2.055768,0.005796331,0.8678499,-0.1673025,-0.4677742,16.55671,238.1094,10.00801,0.6601469,0.03264177,-0.7504259,-0.2434843,0.00797921,0.5252444,1.088133,-0.3844873,-2.718848,-0.1245062,-0.05619779,1.272216,-0.5623071,0.1665803,0.8099762,-0.1464589,0.9439526,-0.2958096,-0.8138551,-0.2849641,-0.5063941,moving,68.15115,46.2108,-5.589489,-2.529291
3225,05/08/2023 17:08:46.982822,3466,True,True,True,True,Eyes,2.066566,0.1073241,-2.311342,-0.8612391,-0.3607324,-0.3579657,0.0,0.0,0.0,0.0,0.0,0.0,0.0,2.718271,-0.4355216,0.5078316,1.902508,0.114967,-2.05032,0.005450748,0.8710986,-0.1647,-0.4626355,16.37342,237.3458,9.714066,0.6609447,0.03286853,-0.7497134,-0.2515567,0.008240769,0.5276457,1.085925,-0.3826683,-2.718951,-0.1232584,-0.07058012,1.270961,-0.5718775,0.1618885,0.8042067,-0.1428959,0.9456884,-0.2919833,-0.8077977,-0.2818965,-0.5176846,moving,67.43026,45.22057,-5.539247,-3.178534
3226,05/08/2023 17:08:46.992781,3467,True,True,True,True,Eyes,2.058842,0.1075172,-2.300555,-0.8572486,-0.359331,-0.3687899,0.0,0.0,0.0,0.0,0.0,0.0,0.0,2.715386,-0.4317936,0.4681299,1.89283,0.1146881,-2.045225,0.004631767,0.8742324,-0.1622474,-0.4575723,16.22709,236.596,9.385423,0.66171,0.03309909,-0.749028,-0.2593958,0.008419177,0.5291426,1.083843,-0.3809531,-2.719048,-0.1207689,-0.07963883,1.269958,-0.5812128,0.1565783,0.7985458,-0.1403813,0.9473087,-0.2879226,-0.8015518,-0.2794452,-0.5286072,moving,66.72253,44.25571,-5.432306,-3.588308
3227,05/08/2023 17:08:47.012824,3468,True,True,True,True,Eyes,2.051025,0.1076779,-2.290024,-0.8531284,-0.3578762,-0.3796004,0.0,0.0,0.0,0.0,0.0,0.0,0.0,2.711359,-0.4315403,0.4293406,1.883004,0.1141855,-2.040412,0.004580412,0.87727,-0.1597458,-0.452612,16.02961,235.8707,9.138247,0.6624373,0.03333149,-0.7483747,-0.2670014,0.008493316,0.5297558,1.081693,-0.3791815,-2.719148,-0.1210569,-0.08380418,1.268969,-0.5902431,0.1526422,0.7926625,-0.1365692,0.9489206,-0.2844267,-0.7955893,-0.2761341,-0.5392476,moving,66.01328,43.3127,-5.449402,-3.778393
3228,05/08/2023 17:08:47.022748,3469,True,True,True,True,Eyes,2.0431,0.1078073,-2.27975,-0.8490302,-0.3562911,-0.3901337,0.0,0.0,0.0,0.0,0.0,0.0,0.0,2.706305,-0.4357298,0.3895316,1.872922,0.1135246,-2.035916,0.005140786,0.8802993,-0.1579803,-0.4473132,15.87507,235.1304,8.994938,0.663121,0.03356377,-0.7477584,-0.2744331,0.008465934,0.5295626,1.079479,-0.3773573,-2.719251,-0.120809,-0.08611606,1.268251,-0.5997693,0.1503842,0.7859147,-0.1322825,0.9500316,-0.282739,-0.7891633,-0.2735408,-0.5499066,moving,65.32098,42.40401,-5.441367,-3.884501
3229,05/08/2023 17:08:47.042850,3470,True,True,True,True,Eyes,2.03506,0.1078974,-2.269735,-0.8447869,-0.3546568,-0.4006914,0.0,0.0,0.0,0.0,0.0,0.0,0.0,2.700405,-0.4427516,0.3483551,1.86247,0.1128948,-2.031754,0.006117255,0.88337,-0.1565128,-0.4417284,15.73051,234.3679,8.909866,0.6637564,0.03379418,-0.7471841,-0.2817422,0.008345981,0.5286121,1.077396,-0.3756413,-2.719348,-0.121542,-0.08075196,1.268432,-0.6096775,0.1490798,0.7785043,-0.1274646,0.9509326,-0.2819217,-0.782334,-0.271113,-0.5607598,moving,64.62452,41.51243,-5.473412,-3.642696
3230,05/08/2023 17:08:47.063188,3471,True,True,True,True,Eyes,2.026872,0.1079403,-2.259948,-0.8405395,-0.3530259,-0.4109334,0.0,0.0,0.0,0.0,0.0,0.0,0.0,2.693889,-0.450506,0.305289,1.851646,0.1120241,-2.02782,0.007326591,0.88655,-0.1548756,-0.4358774,15.55855,233.5723,8.837576,0.6643396,0.03402102,-0.7466553,-0.2889589,0.0081157,0.5269411,1.075188,-0.3738224,-2.719451,-0.1202755,-0.0751802,1.26879,-0.6199147,0.1480043,0.7705847,-0.1220227,0.9519198,-0.2809968,-0.7751235,-0.2682229,-0.5720491,moving,63.94634,40.66531,-5.415196,-3.391008
3231,05/08/2023 17:08:47.072834,3472,True,True,True,True,Eyes,2.01857,0.107913,-2.25041,-0.8361526,-0.3514274,-0.4211268,0.0,0.0,0.0,0.0,0.0,0.0,0.0,2.68688,-0.4556252,0.2637563,1.840486,0.1108128,-2.02406,0.00795414,0.8894831,-0.1537766,-0.4302433,15.46911,232.8157,8.74159,0.6648667,0.03424229,-0.7461758,-0.2961833,0.007757214,0.5246851,1.072942,-0.3719722,-2.719556,-0.1207979,-0.070003,1.269319,-0.6296546,0.1464728,0.7629419,-0.1181725,0.952579,-0.2804077,-0.7678346,-0.2667188,-0.5824868,moving,63.26797,39.84476,-5.436323,-3.156667
3232,05/08/2023 17:08:47.092823,3473,True,True,True,True,Eyes,2.010153,0.1078107,-2.241123,-0.8318267,-0.3499427,-0.4308184,0.0,0.0,0.0,0.0,0.0,0.0,0.0,2.679733,-0.4568922,0.2255607,1.829407,0.1091113,-2.020387,0.007926011,0.892079,-0.1529443,-0.4251356,15.43456,232.1298,8.602589,0.6653354,0.03445554,-0.745748,-0.3033196,0.007210041,0.5218179,1.070969,-0.3703464,-2.719648,-0.1211341,-0.06189048,1.269941,-0.6383938,0.1441854,0.7560847,-0.1159029,0.9530905,-0.2796161,-0.7609336,-0.2661375,-0.5917355,moving,62.61953,39.08607,-5.448709,-2.790097
3233,05/08/2023 17:08:47.112797,3474,True,True,True,True,Eyes,2.001635,0.1076188,-2.232083,-0.8273827,-0.3485515,-0.4403971,0.0,0.0,0.0,0.0,0.0,0.0,0.0,2.672509,-0.4548796,0.1917734,1.818248,0.1072428,-2.017046,0.007099413,0.8942075,-0.1528417,-0.4206922,15.50789,231.5407,8.431896,0.6657434,0.03465805,-0.7453746,-0.3103711,0.006470482,0.5183694,1.06886,-0.3686084,-2.719747,-0.1215391,-0.05954536,1.270359,-0.6459352,0.1412953,0.750202,-0.1159019,0.953178,-0.2793177,-0.7545423,-0.267371,-0.5993148,moving,61.97464,38.35979,-5.465025,-2.683652
3234,05/08/2023 17:08:47.123340,3475,True,True,True,True,Eyes,1.993009,0.1073367,-2.223298,-0.8230518,-0.3472384,-0.4494566,0.0,0.0,0.0,0.0,0.0,0.0,0.0,2.665004,-0.453081,0.1591938,1.807285,0.1049264,-2.013848,0.006387907,0.8962225,-0.1528346,-0.4163966,15.58263,230.9754,8.280725,0.66609,0.03484746,-0.745056,-0.3173028,0.005506606,0.5143862,1.066624,-0.3667665,-2.719851,-0.1203292,-0.06338061,1.270701,-0.6531463,0.1387296,0.7444153,-0.1158296,0.9532016,-0.2792674,-0.7483205,-0.2686278,-0.6065111,moving,61.36169,37.68873,-5.4095,-2.855458
3235,05/08/2023 17:08:47.142944,3476,True,True,True,True,Eyes,1.984284,0.1069589,-2.214755,-0.8186367,-0.3460184,-0.4583724,0.0,0.0,0.0,0.0,0.0,0.0,0.0,2.657547,-0.4481043,0.1287293,1.795951,0.1025432,-2.010962,0.00510253,0.8980107,-0.1527938,-0.4125589,15.6768,230.4628,8.074589,0.6663721,0.03502051,-0.7447945,-0.3241433,0.004329883,0.5098795,1.064516,-0.3650293,-2.719949,-0.1186025,-0.07048477,1.270454,-0.6595381,0.1352371,0.7394053,-0.1169086,0.953256,-0.2786311,-0.7425238,-0.2702107,-0.6128983,moving,60.75459,37.0486,-5.333358,-3.175513
3236,05/08/2023 17:08:47.162888,3477,True,True,True,True,Eyes,1.975452,0.1064857,-2.206478,-0.8143586,-0.3447341,-0.4668816,0.0,0.0,0.0,0.0,0.0,0.0,0.0,2.649994,-0.4425278,0.1004441,1.784852,0.09990003,-2.008162,0.003797624,0.8996261,-0.1527453,-0.4090566,15.76667,229.9938,7.871301,0.66659,0.03517476,-0.7445918,-0.330868,0.002936678,0.5049164,1.062446,-0.3633243,-2.720046,-0.1176819,-0.07739885,1.269948,-0.6653165,0.1317959,0.7348359,-0.1181301,0.9533089,-0.2779343,-0.7371562,-0.2717205,-0.6186831,moving,60.17384,36.44127,-5.294289,-3.487661
3237,05/08/2023 17:08:47.172847,3478,True,True,True,True,Eyes,1.966522,0.1059222,-2.198443,-0.8100716,-0.3435207,-0.4751607,0.0,0.0,0.0,0.0,0.0,0.0,0.0,2.642904,-0.4323201,0.07678771,1.7732,0.09719469,-2.006003,0.002346147,0.9009309,-0.1511309,-0.4067895,15.68855,229.6477,7.591297,0.6667424,0.03530794,-0.7444488,-0.3375133,0.001340963,0.4994508,1.060162,-0.3614422,-2.720152,-0.1167287,-0.0830774,1.269513,-0.6690339,0.1271844,0.7322693,-0.1187295,0.9543079,-0.2742257,-0.7336876,-0.2704082,-0.6233638,moving,59.60555,35.86531,-5.253438,-3.744119
3238,05/08/2023 17:08:47.193041,3479,True,True,True,True,Eyes,1.957481,0.1052875,-2.190671,-0.8060359,-0.3421504,-0.4829485,0.0,0.0,0.0,0.0,0.0,0.0,0.0,2.635292,-0.4244127,0.05730224,1.761923,0.09448999,-2.003715,0.000850956,0.9018244,-0.1509395,-0.404882,15.75669,229.38,7.388249,0.6668292,0.03541833,-0.744366,-0.3440517,-0.0004300236,0.4935901,1.058175,-0.3598057,-2.720245,-0.1162248,-0.08534271,1.268863,-0.6721399,0.1237601,0.7300079,-0.1206905,0.9544331,-0.2729308,-0.7305216,-0.2715527,-0.6265758,moving,59.07143,35.3161,-5.233551,-3.847871
3239,05/08/2023 17:08:47.212873,3480,True,True,True,True,Eyes,1.948332,0.1045969,-2.183152,-0.8020476,-0.3407167,-0.4905424,0.0,0.0,0.0,0.0,0.0,0.0,0.0,2.626355,-0.424765,0.04239774,1.750111,0.09214807,-2.002145,0.001452712,0.9024408,-0.1499221,-0.4038834,15.62965,229.2358,7.381456,0.6668494,0.03550519,-0.7443439,-0.3505336,-0.0023083,0.4872891,1.056018,-0.3580282,-2.720346,-0.1154188,-0.08529896,1.268686,-0.6737522,0.1237241,0.7285261,-0.1184801,0.9550425,-0.2717651,-0.7293972,-0.2694182,-0.6288031,moving,58.54952,34.78273,-5.198177,-3.84644
3240,05/08/2023 17:08:47.223074,3481,True,True,True,True,Eyes,1.939084,0.103844,-2.175904,-0.7983021,-0.3390777,-0.4977351,0.0,0.0,0.0,0.0,0.0,0.0,0.0,2.615151,-0.4393687,0.02353263,1.738389,0.09006666,-2.000627,0.004560057,0.9033999,-0.1495665,-0.4018429,15.46038,229.0012,7.658351,0.6668029,0.03556859,-0.7443827,-0.3569481,-0.004241741,0.4806102,1.053889,-0.3562739,-2.720445,-0.1134855,-0.08983265,1.267817,-0.6770028,0.1284436,0.7246857,-0.1119654,0.9552181,-0.2739016,-0.7274138,-0.2665719,-0.6323043,moving,58.05679,34.26431,-5.115056,-4.052986
3241,05/08/2023 17:08:47.242860,3482,True,True,True,True,Eyes,1.929726,0.1030323,-2.16889,-0.7944628,-0.3374648,-0.5049222,0.0,0.0,0.0,0.0,0.0,0.0,0.0,2.60307,-0.4582506,-0.003328323,1.726408,0.08782552,-1.999445,0.008578489,0.9049829,-0.1488376,-0.3984718,15.22169,228.5981,7.991091,0.6666892,0.03560828,-0.7444826,-0.3632749,-0.00624588,0.473516,1.051712,-0.3544806,-2.720546,-0.1104662,-0.09149782,1.267367,-0.6822934,0.134142,0.7186668,-0.1030884,0.9555475,-0.2762276,-0.723774,-0.2625544,-0.6381354,moving,57.56193,33.75679,-4.981422,-4.129317
3242,05/08/2023 17:08:47.262871,3483,True,True,True,True,Eyes,1.920251,0.1021829,-2.162115,-0.7906691,-0.3359184,-0.5118604,0.0,0.0,0.0,0.0,0.0,0.0,0.0,2.591003,-0.472902,-0.03645396,1.714401,0.08557768,-1.997941,0.01119692,0.9069449,-0.1489753,-0.3938679,15.15342,228.0412,8.199613,0.6665087,0.03562436,-0.7446433,-0.3695508,-0.008306126,0.4661464,1.049567,-0.3527135,-2.720646,-0.1070914,-0.08989868,1.266882,-0.6894853,0.1376632,0.7110968,-0.09704322,0.955362,-0.279045,-0.717769,-0.2614046,-0.6453488,moving,57.08194,33.27567,-4.831809,-4.058938
3243,05/08/2023 17:08:47.273170,3484,True,True,True,True,Eyes,1.910625,0.101392,-2.1556,-0.7867905,-0.3346567,-0.5186189,0.0,0.0,0.0,0.0,0.0,0.0,0.0,2.579854,-0.4801764,-0.06795454,1.702019,0.08386181,-1.996729,0.01167622,0.9086207,-0.1501942,-0.3895048,15.29823,227.5157,8.238787,0.6662614,0.03561778,-0.7448645,-0.3758024,-0.01035606,0.4585052,1.047345,-0.3508823,-2.72075,-0.1042502,-0.08832036,1.266569,-0.6962996,0.1382212,0.7043168,-0.09578422,0.9546107,-0.282035,-0.7113316,-0.2638432,-0.6514557,moving,56.60883,32.83353,-4.705359,-3.98889
3244,05/08/2023 17:08:47.292796,3485,True,True,True,True,Eyes,1.900874,0.1007812,-2.149385,-0.7829551,-0.3334389,-0.5251666,0.0,0.0,0.0,0.0,0.0,0.0,0.0,2.568586,-0.4887065,-0.09102154,1.68874,0.08452597,-1.996437,0.0112797,0.9094573,-0.1530874,-0.3864256,15.64851,227.182,8.289474,0.6659459,0.03559347,-0.7451469,-0.3821323,-0.01210727,0.4505385,1.045245,-0.349152,-2.720848,-0.1025097,-0.08544623,1.266033,-0.7010964,0.1388306,0.6994216,-0.09779695,0.9528741,-0.2871703,-0.7063286,-0.2697353,-0.6544793,moving,56.1483,32.41229,-4.629096,-3.861112
3245,05/08/2023 17:08:47.312631,3486,True,True,True,True,Eyes,1.890924,0.1001846,-2.143452,-0.7790962,-0.3311545,-0.5323023,0.0,0.0,0.0,0.0,0.0,0.0,0.0,2.551937,-0.524859,-0.117368,1.67536,0.08833276,-1.996747,0.01643582,0.9107306,-0.1551849,-0.3823838,15.66984,226.7759,8.87935,0.6655623,0.03556091,-0.7454914,-0.3884573,-0.01321325,0.4421515,1.04305,-0.3473441,-2.72095,-0.1008888,-0.08308718,1.265469,-0.7070252,0.1486176,0.6913959,-0.08874317,0.951295,-0.2952329,-0.7015984,-0.2700937,-0.6594008,moving,55.65792,31.88646,-4.558234,-3.75649
3246,05/08/2023 17:08:47.323178,3487,True,True,True,True,Eyes,1.880891,0.09962706,-2.137723,-0.7751734,-0.3294719,-0.5390311,0.0,0.0,0.0,0.0,0.0,0.0,0.0,2.535813,-0.5398477,-0.1816521,1.660606,0.0878076,-1.997362,0.02506964,0.9157707,-0.1416982,-0.3750429,13.92914,225.6463,9.021965,0.6651064,0.03552151,-0.7459005,-0.3950003,-0.0142102,0.4334222,1.040868,-0.3455463,-2.721052,-0.1000449,-0.0819864,1.264457,-0.7174289,0.1522019,0.6798019,-0.06036972,0.9585863,-0.2783305,-0.6940113,-0.2407217,-0.6785291,moving,55.18647,31.43451,-4.523865,-3.709819
3247,05/08/2023 17:08:47.342952,3488,True,True,True,True,Eyes,1.870685,0.09919669,-2.132232,-0.771103,-0.3281976,-0.5456066,0.0,0.0,0.0,0.0,0.0,0.0,0.0,2.527623,-0.5276892,-0.1987774,1.647849,0.08848018,-1.995898,0.019043,0.9160735,-0.1470988,-0.3725703,14.79237,225.3813,8.59518,0.6645803,0.03547766,-0.7463716,-0.4014007,-0.01503035,0.4246016,1.038804,-0.3438454,-2.721148,-0.09906706,-0.08069497,1.263382,-0.7216575,0.1444989,0.6770012,-0.07471973,0.9559986,-0.2836964,-0.6882061,-0.2553169,-0.6791065,moving,54.71806,31.02808,-4.483628,-3.654644
3248,05/08/2023 17:08:47.363088,3489,True,True,True,True,Eyes,1.860375,0.09884182,-2.126977,-0.767215,-0.3262897,-0.5521922,0.0,0.0,0.0,0.0,0.0,0.0,0.0,2.510731,-0.5531468,-0.225734,1.633475,0.0911665,-1.996032,0.02061585,0.9170238,-0.152226,-0.3680619,15.30837,224.9414,8.938878,0.6639828,0.03543518,-0.7469054,-0.4079329,-0.01541963,0.4156007,1.036647,-0.3420683,-2.721249,-0.09862158,-0.07939604,1.262254,-0.7282109,0.1498676,0.6687666,-0.07424673,0.9528044,-0.2943655,-0.6813197,-0.2640139,-0.6827153,moving,54.25608,30.57879,-4.467518,-3.599174
3249,05/08/2023 17:08:47.372860,3490,True,True,True,True,Eyes,1.85,0.09853173,-2.12186,-0.7631117,-0.3251963,-0.5584871,0.0,0.0,0.0,0.0,0.0,0.0,0.0,2.497118,-0.5597101,-0.2584813,1.619926,0.09261865,-1.995732,0.02540798,0.9193898,-0.1441005,-0.3651189,14.26549,224.4503,9.02015,0.6633142,0.03539701,-0.7475013,-0.4143889,-0.01555907,0.4064289,1.034442,-0.3402517,-2.721352,-0.09892219,-0.0789278,1.261094,-0.7320853,0.1519473,0.6640507,-0.05850799,0.957179,-0.283523,-0.6786959,-0.2464153,-0.6918466,moving,53.80128,30.21142,-4.485186,-3.581285
3250,05/08/2023 17:08:47.393118,3491,True,True,True,True,Eyes,1.839535,0.09837864,-2.116954,-0.758913,-0.3245923,-0.5645272,0.0,0.0,0.0,0.0,0.0,0.0,0.0,2.484564,-0.566074,-0.276557,1.607933,0.09363555,-1.993931,0.02139287,0.9196079,-0.15279,-0.3612743,15.40001,224.106,8.935415,0.6625783,0.03536461,-0.7481554,-0.4206513,-0.0155558,0.397394,1.0324,-0.3385689,-2.721447,-0.1001446,-0.0779846,1.259709,-0.7380466,0.1497443,0.6579241,-0.07105206,0.9523951,-0.2964711,-0.6709986,-0.2655563,-0.6922724,moving,53.35582,29.89808,-4.545352,-3.54248
3251,05/08/2023 17:08:47.412785,3492,True,True,True,True,Eyes,1.575496,0.09725065,-1.998707,-0.641875,-0.2899908,-0.7098604,0.0,0.0,0.0,0.0,0.0,0.0,0.0,2.471933,-0.5730767,-0.2971992,1.594737,0.09742228,-1.993619,0.01970372,0.920303,-0.1561091,-0.3581677,15.85602,223.7661,8.855958,0.6617756,0.03534383,-0.7488665,-0.4268062,-0.01508172,0.3882689,1.030238,-0.3367878,-2.721548,-0.1018768,-0.07459393,1.258561,-0.7426555,0.1480933,0.6530939,-0.07555969,0.9504834,-0.3014498,-0.6653975,-0.2732209,-0.6946918,moving,42.12074,22.22091,-4.627831,-3.391907
3252,05/08/2023 17:08:47.422902,3493,True,True,True,True,Eyes,1.574985,0.09731191,-1.998679,-0.6417499,-0.2899096,-0.7100067,0.0,0.0,0.0,0.0,0.0,0.0,0.0,2.458194,-0.5758239,-0.3315523,1.581827,0.09975687,-1.99301,0.02310791,0.9228025,-0.1488278,-0.3546151,14.96853,223.2032,8.824398,0.5904666,0.04130168,-0.8060029,-1.193315,-0.0175608,0.7197127,1.027989,-0.334935,-2.721653,-0.1037912,-0.07247276,1.257461,-0.7474282,0.1482012,0.6476012,-0.06290507,0.9546326,-0.2910661,-0.6613575,-0.2582884,-0.7041968,moving,42.10931,22.21115,-4.718513,-3.298547
3253,05/08/2023 17:08:47.443249,3494,True,True,True,True,Eyes,1.573976,0.09745844,-1.998633,-0.6414315,-0.2896485,-0.7104009,0.0,0.0,0.0,0.0,0.0,0.0,0.0,2.446229,-0.5749794,-0.3542285,1.568866,0.1012742,-1.992114,0.02335453,0.9240547,-0.1465937,-0.352261,14.74203,222.8638,8.70951,0.5559783,0.04388628,-0.8300359,-1.121716,-0.01650715,0.6765299,1.025779,-0.3331138,-2.721756,-0.104814,-0.07294057,1.25622,-0.7507337,0.1464402,0.6441696,-0.06011674,0.9559297,-0.2873749,-0.657864,-0.2544674,-0.7088451,moving,42.07935,22.18197,-4.769482,-3.323063
3254,05/08/2023 17:08:47.462987,3495,True,True,True,True,Eyes,1.572458,0.09767184,-1.99857,-0.6409205,-0.2890222,-0.7111167,0.0,0.0,0.0,0.0,0.0,0.0,0.0,2.431344,-0.5827956,-0.3829386,1.555835,0.103426,-1.991584,0.02527526,0.9257198,-0.1444438,-0.348626,14.46601,222.387,8.762504,0.5391139,0.04506934,-0.8410246,-1.054413,-0.01551672,0.6359382,1.023763,-0.3314531,-2.72185,-0.107402,-0.07045186,1.255138,-0.755642,0.1475093,0.6381583,-0.05391807,0.9569944,-0.285052,-0.6527617,-0.2498056,-0.7151917,moving,42.02794,22.11851,-4.89088,-3.212686
3255,05/08/2023 17:08:47.472622,3496,True,True,True,True,Eyes,1.570489,0.09788138,-1.99848,-0.6402078,-0.2882321,-0.7120789,0.0,0.0,0.0,0.0,0.0,0.0,0.0,2.417429,-0.5800508,-0.4184756,1.542465,0.1050397,-1.991309,0.02790679,0.9281425,-0.1370953,-0.3449312,13.60554,221.809,8.662053,0.5315646,0.04556724,-0.8457897,-0.9911487,-0.01458572,0.5977819,1.021547,-0.3296272,-2.721953,-0.1093301,-0.06671407,1.25455,-0.7604873,0.1463798,0.6326389,-0.04277391,0.9608522,-0.2737397,-0.6479425,-0.235236,-0.7244546,moving,41.95771,22.0369,-4.980563,-3.043989
3256,05/08/2023 17:08:47.493127,3497,True,True,True,True,Eyes,1.568088,0.09810634,-1.998365,-0.6391605,-0.2879362,-0.7131386,0.0,0.0,0.0,0.0,0.0,0.0,0.0,2.404676,-0.5738304,-0.448602,1.52963,0.105118,-1.990521,0.02767232,0.9299266,-0.1340632,-0.341318,13.32343,221.2987,8.449503,0.5293525,0.04568855,-0.8471695,-0.9316797,-0.01371058,0.561915,1.019478,-0.3279227,-2.72205,-0.1108987,-0.06557048,1.253674,-0.7654725,0.1429828,0.6273816,-0.04004991,0.9625226,-0.268228,-0.642221,-0.2304477,-0.7310581,moving,41.86873,21.98684,-5.055167,-2.993994
3257,05/08/2023 17:08:47.512904,3498,True,True,True,True,Eyes,1.565264,0.09836135,-1.998234,-0.6379708,-0.2876516,-0.7143177,0.0,0.0,0.0,0.0,0.0,0.0,0.0,2.391796,-0.5706905,-0.4733515,1.516704,0.1057686,-1.989688,0.02610802,0.9311454,-0.1343326,-0.3379965,13.44533,220.874,8.242191,0.5303212,0.04559138,-0.8465686,-0.8757789,-0.01288794,0.5282001,1.017313,-0.3261388,-2.722151,-0.1108007,-0.06078171,1.253399,-0.7701538,0.1394286,0.6224333,-0.04218718,0.9625463,-0.2678153,-0.6364619,-0.2325176,-0.7354265,moving,41.76865,21.93436,-5.051825,-2.776297
3258,05/08/2023 17:08:47.523202,3499,True,True,True,True,Eyes,1.56205,0.09863851,-1.998083,-0.6365459,-0.2878149,-0.7155222,0.0,0.0,0.0,0.0,0.0,0.0,0.0,2.379137,-0.5683392,-0.4958053,1.503679,0.1067472,-1.989139,0.02521209,0.9322325,-0.1337724,-0.3352791,13.44476,220.5164,8.080333,0.5331985,0.04536626,-0.8447716,-0.8232322,-0.01211466,0.4965081,1.015118,-0.3243305,-2.722253,-0.1104313,-0.05622019,1.253249,-0.7739049,0.1367093,0.6183707,-0.04269513,0.9629385,-0.2663202,-0.6318614,-0.2325079,-0.739386,moving,41.65707,21.91219,-5.035667,-2.568541
3259,05/08/2023 17:08:47.543608,3500,True,True,True,True,Eyes,1.558455,0.09892076,-1.9979,-0.6349633,-0.2880894,-0.7168167,0.0,0.0,0.0,0.0,0.0,0.0,0.0,2.365314,-0.5706025,-0.5166652,1.490789,0.1076568,-1.988265,0.02489766,0.9331723,-0.1341355,-0.3325321,13.51999,220.179,8.021418,0.5371895,0.04506849,-0.8422554,-0.7738382,-0.01138778,0.4667176,1.013059,-0.3226342,-2.722349,-0.1108059,-0.05798739,1.252183,-0.7776054,0.1356763,0.6139401,-0.04274114,0.9627755,-0.2669016,-0.6272987,-0.2337845,-0.7428603,moving,41.53484,21.89525,-5.056942,-2.651419
3260,05/08/2023 17:08:47.562987,3501,True,True,True,True,Eyes,1.554495,0.09921445,-1.997667,-0.6331653,-0.2890947,-0.7180014,0.0,0.0,0.0,0.0,0.0,0.0,0.0,2.351499,-0.5710728,-0.5383685,1.477985,0.108088,-1.987308,0.02381969,0.9341397,-0.1351224,-0.3294807,13.69481,219.8067,7.90031,0.5417791,0.04473304,-0.8393285,-0.7274079,-0.01070452,0.4387145,1.010823,-0.3207919,-2.722454,-0.1164297,-0.05077358,1.251596,-0.7817501,0.1335423,0.6091249,-0.04453861,0.9623491,-0.2681426,-0.6219992,-0.2367501,-0.7463686,moving,41.40727,21.93159,-5.314644,-2.323047
3261,05/08/2023 17:08:47.573420,3502,True,True,True,True,Eyes,1.550202,0.0995499,-1.997388,-0.631258,-0.2904691,-0.7191252,0.0,0.0,0.0,0.0,0.0,0.0,0.0,2.339993,-0.5673485,-0.5535421,1.465477,0.1087486,-1.986055,0.02014115,0.9345322,-0.138577,-0.3271705,14.2309,219.5403,7.607387,0.5466266,0.04438339,-0.8361983,-0.6837634,-0.01006225,0.4123917,1.008684,-0.3190293,-2.722553,-0.1172442,-0.05449575,1.251085,-0.7851077,0.1283217,0.6059204,-0.05303151,0.9607815,-0.2721885,-0.6170848,-0.2458302,-0.7475118,moving,41.2771,21.99477,-5.353782,-2.494158
3262,05/08/2023 17:08:47.593064,3503,True,True,True,True,Eyes,1.545588,0.09995361,-1.997082,-0.629217,-0.2920599,-0.7202688,0.0,0.0,0.0,0.0,0.0,0.0,0.0,2.328375,-0.5682949,-0.5643656,1.453167,0.11018,-1.984683,0.01685199,0.9345669,-0.1429602,-0.3253663,14.84741,219.3566,7.40192,0.5515051,0.04403671,-0.8330073,-0.6427376,-0.009458513,0.3876482,1.00656,-0.3172795,-2.722652,-0.1164544,-0.06097806,1.25034,-0.7877055,0.1245274,0.6033347,-0.06153022,0.9585568,-0.2781779,-0.6129712,-0.2562456,-0.7473983,moving,41.14002,22.07193,-5.321072,-2.792055
3263,05/08/2023 17:08:47.613174,3504,True,True,True,True,Eyes,1.540669,0.1004112,-1.996752,-0.6271091,-0.2934719,-0.721532,0.0,0.0,0.0,0.0,0.0,0.0,0.0,2.315972,-0.5699268,-0.5787246,1.440748,0.1123003,-1.983708,0.01588691,0.9350777,-0.1437047,-0.3236146,14.97916,219.1405,7.298441,0.5562622,0.04370601,-0.8298557,-0.6041734,-0.008891002,0.3643893,1.004432,-0.3155262,-2.722752,-0.1167574,-0.03371923,1.252626,-0.7900425,0.1227209,0.6006434,-0.06329891,0.9581931,-0.2790327,-0.6097755,-0.2584677,-0.7492452,moving,40.99506,22.13327,-5.325161,-1.541963
3264,05/08/2023 17:08:47.623254,3505,True,True,True,True,Eyes,1.53544,0.1008962,-1.99639,-0.6247602,-0.294708,-0.7230643,0.0,0.0,0.0,0.0,0.0,0.0,0.0,2.302224,-0.5708535,-0.5989044,1.428482,0.1140267,-1.982733,0.01631545,0.9361619,-0.1420787,-0.3211674,14.80542,218.8126,7.2381,0.560797,0.04339999,-0.8268139,-0.5679229,-0.008357543,0.3425259,1.002136,-0.3136351,-2.722859,-0.1183031,-0.03315175,1.252207,-0.7931708,0.1218099,0.596693,-0.06071426,0.9590949,-0.2764973,-0.6059654,-0.2555373,-0.7533304,moving,40.8285,22.17492,-5.397035,-1.516531
3265,05/08/2023 17:08:47.648478,3506,True,True,True,True,Eyes,1.529917,0.1013894,-1.996,-0.6223084,-0.2957146,-0.7247655,0.0,0.0,0.0,0.0,0.0,0.0,0.0,2.287552,-0.5702032,-0.6230536,1.4161,0.1151085,-1.981825,0.01715063,0.937569,-0.1394164,-0.3181722,14.50777,218.4043,7.172548,0.565045,0.04312369,-0.8239313,-0.5338476,-0.00785609,0.3219743,1.000098,-0.3119558,-2.722954,-0.1233037,-0.04279892,1.251573,-0.796945,0.1208766,0.5918344,-0.05655704,0.9605379,-0.2723387,-0.6013988,-0.2505113,-0.7586595,moving,40.65051,22.19616,-5.626562,-1.958529
3266,05/08/2023 17:08:47.662970,3507,True,True,True,True,Eyes,1.524107,0.1018768,-1.995568,-0.6195924,-0.2967551,-0.7266648,0.0,0.0,0.0,0.0,0.0,0.0,0.0,2.272564,-0.5670563,-0.6482832,1.403476,0.115761,-1.980713,0.01745178,0.9390345,-0.1367931,-0.3149565,14.23584,217.9647,7.048623,0.5689663,0.04287961,-0.8212413,-0.5018167,-0.007384724,0.3026559,0.9979929,-0.3102213,-2.723052,-0.1276959,-0.04362173,1.25108,-0.800996,0.1189433,0.5867352,-0.05339208,0.9619662,-0.2678999,-0.5962844,-0.2459137,-0.7641804,moving,40.45264,22.2141,-5.827916,-1.996938
3267,05/08/2023 17:08:47.672925,3508,True,True,True,True,Eyes,1.518029,0.1023505,-1.995112,-0.6167796,-0.2977192,-0.7286605,0.0,0.0,0.0,0.0,0.0,0.0,0.0,2.257929,-0.5668172,-0.6688538,1.391056,0.116097,-1.979488,0.01729658,0.9400607,-0.1361567,-0.312167,14.19319,217.6076,6.962945,0.5725392,0.04266855,-0.8187655,-0.4717077,-0.006941641,0.2844965,0.9958424,-0.3084494,-2.723152,-0.1308504,-0.05820619,1.249606,-0.8045055,0.1175269,0.5822017,-0.05248756,0.9623244,-0.2667899,-0.5916218,-0.2451922,-0.7680265,moving,40.24648,22.22416,-5.977844,-2.666888
3268,05/08/2023 17:08:47.693046,3509,True,True,True,True,Eyes,1.511685,0.1027986,-1.994622,-0.6136497,-0.298708,-0.730895,0.0,0.0,0.0,0.0,0.0,0.0,0.0,2.241554,-0.5702004,-0.691467,1.378506,0.1162317,-1.978391,0.0179903,0.9412078,-0.135645,-0.3088766,14.13614,217.2018,6.969131,0.5757544,0.04249016,-0.8165171,-0.4434052,-0.006525142,0.2674267,0.9936392,-0.3066342,-2.723255,-0.1327974,-0.06194237,1.248939,-0.8085431,0.1176604,0.5765535,-0.04992992,0.9625536,-0.2664539,-0.5863146,-0.2442267,-0.7723914,moving,40.01637,22.22924,-6.069351,-2.839315
3269,05/08/2023 17:08:47.712912,3510,True,True,True,True,Eyes,1.50509,0.1032095,-1.994104,-0.6103314,-0.2997489,-0.7332436,0.0,0.0,0.0,0.0,0.0,0.0,0.0,2.223391,-0.5762098,-0.7167916,1.366044,0.1160486,-1.977304,0.01898504,0.9425057,-0.135689,-0.3048135,14.13465,216.7145,7.019464,0.5785602,0.04234736,-0.8145388,-0.4168009,-0.006133634,0.2513811,0.9915866,-0.304943,-2.723351,-0.1359242,-0.06137267,1.247821,-0.8134565,0.1185066,0.5694247,-0.04693262,0.9624562,-0.2673489,-0.5797289,-0.2442014,-0.7773544,moving,39.77304,22.23467,-6.216676,-2.815759
3270,05/08/2023 17:08:47.723177,3511,True,True,True,True,Eyes,1.498222,0.1035833,-1.99354,-0.606594,-0.3008811,-0.7358766,0.0,0.0,0.0,0.0,0.0,0.0,0.0,2.203089,-0.5847225,-0.7444572,1.353388,0.1155848,-1.976031,0.0198669,0.9438944,-0.1367991,-0.2999244,14.26049,216.1431,7.086328,0.5809182,0.0422418,-0.8128644,-0.3917929,-0.005765615,0.2362983,0.9893897,-0.3031331,-2.723453,-0.1402645,-0.06966701,1.245775,-0.8193014,0.1195633,0.5607584,-0.04455426,0.9617826,-0.2701649,-0.5716295,-0.2463307,-0.7826627,moving,39.49926,22.23839,-6.423999,-3.200797
3271,05/08/2023 17:08:47.742687,3512,True,True,True,True,Eyes,1.491114,0.1038948,-1.992937,-0.6026928,-0.3019986,-0.738619,0.0,0.0,0.0,0.0,0.0,0.0,0.0,2.182291,-0.591037,-0.7734141,1.340548,0.1150257,-1.974737,0.02066997,0.9453987,-0.1372573,-0.2948807,14.31988,215.5417,7.116124,0.5828683,0.04216883,-0.811471,-0.3682853,-0.005419679,0.2221204,0.9873114,-0.3014208,-2.72355,-0.1425249,-0.07146971,1.24434,-0.8252366,0.1200318,0.5518855,-0.04186633,0.9614664,-0.271716,-0.563234,-0.2473353,-0.7884119,moving,39.2135,22.23815,-6.534099,-3.287219
3272,05/08/2023 17:08:47.763012,3513,True,True,True,True,Eyes,1.483761,0.1041374,-1.992279,-0.5985043,-0.3032821,-0.7414935,0.0,0.0,0.0,0.0,0.0,0.0,0.0,2.161774,-0.5946096,-0.8011365,1.327617,0.1138467,-1.9731,0.02119001,0.9468379,-0.1374303,-0.2901066,14.35646,214.9659,7.107406,0.584447,0.04212315,-0.8103371,-0.3461882,-0.005094498,0.2087931,0.9851339,-0.2996267,-2.723652,-0.1409867,-0.0700503,1.243221,-0.8307781,0.1198659,0.5435436,-0.0396119,0.9613278,-0.2725432,-0.5551922,-0.2479538,-0.793902,moving,38.9091,22.24531,-6.469954,-3.224968
3273,05/08/2023 17:08:47.772901,3514,True,True,True,True,Eyes,1.476192,0.1043046,-1.991579,-0.5941875,-0.3045551,-0.7444377,0.0,0.0,0.0,0.0,0.0,0.0,0.0,2.142443,-0.5983697,-0.8246806,1.314877,0.1124359,-1.971462,0.02106154,0.9479319,-0.1386967,-0.2859106,14.53116,214.4714,7.075656,0.5856861,0.04209976,-0.8094431,-0.3254169,-0.004788828,0.1962655,0.9829375,-0.2978171,-2.723754,-0.135543,-0.06904928,1.242466,-0.8356231,0.1192395,0.5362053,-0.03937989,0.9606393,-0.2749934,-0.5478899,-0.2509066,-0.7980369,moving,38.5958,22.24984,-6.225886,-3.180906
3274,05/08/2023 17:08:47.792699,3515,True,True,True,True,Eyes,1.468417,0.1043995,-1.990833,-0.5896058,-0.3058544,-0.7475413,0.0,0.0,0.0,0.0,0.0,0.0,0.0,2.122363,-0.6005763,-0.8497832,1.302079,0.1108034,-1.96966,0.02132959,0.9491923,-0.1389802,-0.2815381,14.58569,213.9447,7.048106,0.5866157,0.04209381,-0.80877,-0.3058919,-0.004501498,0.1844896,0.9808214,-0.2960736,-2.723853,-0.1293882,-0.06648347,1.241571,-0.8405629,0.1187482,0.5285388,-0.03776467,0.9604591,-0.2758481,-0.5403963,-0.2518277,-0.8028418,moving,38.26379,22.25178,-5.949505,-3.06514
3275,05/08/2023 17:08:47.812890,3516,True,True,True,True,Eyes,1.460447,0.1044284,-1.990041,-0.5848385,-0.3071679,-0.7507408,0.0,0.0,0.0,0.0,0.0,0.0,0.0,2.101712,-0.6029791,-0.8752241,1.289385,0.1092102,-1.96783,0.0213131,0.950456,-0.1396494,-0.2769064,14.69407,213.3894,6.998239,0.5872618,0.04210101,-0.8083006,-0.2875383,-0.004231408,0.1734202,0.9787297,-0.2943503,-2.723951,-0.1241638,-0.06333642,1.240383,-0.8457372,0.117854,0.520422,-0.03682531,0.9600875,-0.2772648,-0.5323275,-0.2536578,-0.8076419,moving,37.91913,22.25208,-5.716332,-2.923097
3276,05/08/2023 17:08:47.822795,3517,True,True,True,True,Eyes,1.452262,0.1043727,-1.989209,-0.5796714,-0.3082721,-0.7542874,0.0,0.0,0.0,0.0,0.0,0.0,0.0,2.07821,-0.6081847,-0.9039397,1.276661,0.1076685,-1.965832,0.02203131,0.9519408,-0.1402723,-0.2713799,14.77976,212.7345,7.014452,0.5876482,0.04211771,-0.8080189,-0.2702861,-0.003977524,0.163015,0.9765549,-0.2925584,-2.724052,-0.1198903,-0.0594864,1.239097,-0.8517353,0.1180792,0.5104944,-0.03418917,0.9596766,-0.2790196,-0.5228559,-0.2551042,-0.8133534,moving,37.54235,22.2295,-5.526515,-2.748537
3277,05/08/2023 17:08:47.842779,3518,True,True,True,True,Eyes,1.443892,0.1042071,-1.988309,-0.5743151,-0.3093848,-0.7579203,0.0,0.0,0.0,0.0,0.0,0.0,0.0,2.054033,-0.6044586,-0.9385748,1.263546,0.1055266,-1.964093,0.02273884,0.9539554,-0.1379837,-0.2653538,14.54812,211.9733,6.919546,0.5877953,0.04213989,-0.8079106,-0.2540689,-0.003738872,0.1532341,0.9743442,-0.290737,-2.724155,-0.1129451,-0.06257689,1.237481,-0.8581407,0.1166127,0.4999963,-0.02984536,0.9608869,-0.2753283,-0.5125466,-0.251193,-0.8210958,moving,37.15308,22.20539,-5.214947,-2.894865
3278,05/08/2023 17:08:47.862907,3519,True,True,True,True,Eyes,1.43533,0.1039532,-1.987345,-0.5686852,-0.3104472,-0.7617215,0.0,0.0,0.0,0.0,0.0,0.0,0.0,2.031119,-0.6010271,-0.9672444,1.250685,0.1027477,-1.961496,0.02186216,0.9554749,-0.1380614,-0.2598629,14.6235,211.2953,6.738179,0.5877229,0.04216285,-0.8079621,-0.2388248,-0.00351454,0.1440401,0.9723107,-0.2890617,-2.72425,-0.1048322,-0.06124534,1.236195,-0.8639868,0.1135316,0.4905485,-0.02997661,0.9609222,-0.2751908,-0.5026217,-0.2524662,-0.8268208,moving,36.74424,22.17384,-4.84722,-2.836311
3279,05/08/2023 17:08:47.872656,3520,True,True,True,True,Eyes,1.426588,0.1035992,-1.986314,-0.5629178,-0.3114139,-0.765601,0.0,0.0,0.0,0.0,0.0,0.0,0.0,2.007497,-0.6022922,-0.9935963,1.237744,0.1003458,-1.95907,0.02170733,0.9567889,-0.1387936,-0.2545983,14.74628,210.665,6.663255,0.5874477,0.0421832,-0.8081605,-0.2244953,-0.003303668,0.1353977,0.9700081,-0.2871645,-2.724357,-0.09723234,-0.04743351,1.235645,-0.8694173,0.1122119,0.4811679,-0.02913457,0.9605302,-0.2766457,-0.4932193,-0.2545391,-0.8318323,moving,36.32565,22.1344,-4.499307,-2.198371
3280,05/08/2023 17:08:47.892883,3521,True,True,True,True,Eyes,1.417698,0.1031602,-1.985228,-0.5570577,-0.312204,-0.7695553,0.0,0.0,0.0,0.0,0.0,0.0,0.0,1.982272,-0.6028942,-1.021639,1.224661,0.09757505,-1.956352,0.02291696,0.9583088,-0.1379315,-0.2491872,14.65159,210.0121,6.687342,0.5869868,0.0421974,-0.8084947,-0.2110256,-0.003105447,0.1272738,0.967923,-0.2854466,-2.724455,-0.09244645,-0.03639144,1.23456,-0.8747613,0.1126646,0.4712747,-0.02481847,0.9608995,-0.275783,-0.4839185,-0.2529406,-0.8377616,moving,35.89964,22.0821,-4.282436,-1.688433
3281,05/08/2023 17:08:47.912583,3522,True,True,True,True,Eyes,1.408633,0.1026625,-1.984066,-0.5510404,-0.3130143,-0.7735481,0.0,0.0,0.0,0.0,0.0,0.0,0.0,1.956198,-0.6079062,-1.04729,1.211525,0.0951685,-1.953517,0.02379692,0.959567,-0.1388373,-0.2436993,14.76463,209.3731,6.731035,0.5863532,0.0422028,-0.8089542,-0.198364,-0.00291912,0.1196374,0.965782,-0.2836826,-2.724555,-0.08839178,-0.0338081,1.232782,-0.8800889,0.1133386,0.4610837,-0.02199966,0.9603158,-0.278046,-0.4742994,-0.2548488,-0.8426698,moving,35.46434,22.03059,-4.101149,-1.570899
3282,05/08/2023 17:08:47.923308,3523,True,True,True,True,Eyes,1.399363,0.1021258,-1.982827,-0.5447373,-0.313633,-0.7777503,0.0,0.0,0.0,0.0,0.0,0.0,0.0,1.92764,-0.6161516,-1.07388,1.198205,0.09326014,-1.950451,0.02579246,0.9608998,-0.1394765,-0.2378082,14.81972,208.6977,6.885954,0.5855604,0.04219809,-0.8095287,-0.1864622,-0.002743973,0.1124591,0.9635887,-0.2818756,-2.724657,-0.08396846,-0.03029351,1.231118,-0.8855643,0.1159052,0.4498248,-0.01676937,0.9597621,-0.2803131,-0.4642146,-0.2557786,-0.8479874,moving,35.00745,21.96208,-3.901819,-1.409565
3283,05/08/2023 17:08:47.942975,3524,True,True,True,True,Eyes,1.389915,0.1015556,-1.9815,-0.5382635,-0.3142552,-0.7819949,0.0,0.0,0.0,0.0,0.0,0.0,0.0,1.897349,-0.62413,-1.10211,1.184435,0.09166963,-1.947517,0.02890121,0.9623824,-0.1388246,-0.2317604,14.70298,208.0007,7.125191,0.5846176,0.0421829,-0.8102106,-0.1752744,-0.002579335,0.1057116,0.9614435,-0.2801082,-2.724757,-0.07843453,-0.02902175,1.228996,-0.890904,0.1199761,0.4380598,-0.008720038,0.9597849,-0.2806009,-0.4541086,-0.2538083,-0.85403,moving,34.54045,21.89339,-3.651664,-1.352742
3284,05/08/2023 17:08:47.962950,3525,True,True,True,True,Eyes,1.380261,0.1009745,-1.980102,-0.5315069,-0.3145688,-0.7864774,0.0,0.0,0.0,0.0,0.0,0.0,0.0,1.864614,-0.6359561,-1.129728,1.170655,0.09027645,-1.943947,0.03223155,0.963766,-0.1392718,-0.2252101,14.71037,207.2641,7.416979,0.5835357,0.04215712,-0.8109916,-0.164758,-0.002424574,0.09936889,0.959381,-0.2784089,-2.724853,-0.07175869,-0.03395164,1.226328,-0.896483,0.1248581,0.4251218,-0.0006034585,0.959129,-0.2829685,-0.4430776,-0.253933,-0.8597676,moving,34.0511,21.80002,-3.348849,-1.585864
3285,05/08/2023 17:08:47.973156,3526,True,True,True,True,Eyes,1.370414,0.1003437,-1.978626,-0.5245588,-0.3145905,-0.79112,0.0,0.0,0.0,0.0,0.0,0.0,0.0,1.829792,-0.6429114,-1.161985,1.156202,0.08933395,-1.940851,0.03589572,0.965501,-0.1377112,-0.2180705,14.4932,206.4327,7.679328,0.5823231,0.04212159,-0.8118647,-0.1548725,-0.0022791,0.09340676,0.957101,-0.2765304,-2.724959,-0.06527132,-0.03815621,1.22331,-0.9023134,0.1293762,0.411208,0.009253199,0.9594943,-0.2815762,-0.430981,-0.2502651,-0.8669617,moving,33.54671,21.68534,-3.054195,-1.786531
3286,05/08/2023 17:08:47.992906,3527,True,True,True,True,Eyes,1.360384,0.09965085,-1.977073,-0.5173625,-0.3142375,-0.7959841,0.0,0.0,0.0,0.0,0.0,0.0,0.0,1.795789,-0.6393681,-1.196121,1.141666,0.08743095,-1.937345,0.03899359,0.9674889,-0.1338617,-0.2110114,14.03788,205.5712,7.816806,0.5809863,0.0420754,-0.8128242,-0.1455802,-0.002142354,0.08780235,0.9551408,-0.2749154,-2.725051,-0.05887812,-0.04170349,1.21984,-0.9079075,0.1319444,0.3978629,0.01895904,0.9611211,-0.2754757,-0.4187419,-0.2425633,-0.8751107,moving,33.02249,21.54305,-2.763355,-1.958046
3287,05/08/2023 17:08:48.013008,3528,True,True,True,True,Eyes,1.350171,0.09895954,-1.975448,-0.5100766,-0.3140482,-0.8007468,0.0,0.0,0.0,0.0,0.0,0.0,0.0,1.764474,-0.632953,-1.225858,1.12697,0.08521152,-1.933754,0.04043752,0.9691671,-0.1310067,-0.2047369,13.73176,204.7987,7.811234,0.5795326,0.0420172,-0.8138643,-0.1669354,-0.004092458,0.08719303,0.9527435,-0.2729402,-2.725163,-0.05278814,-0.04554544,1.216254,-0.9128951,0.1320252,0.3862533,0.02473763,0.9624041,-0.2704928,-0.4074436,-0.2373766,-0.8818401,moving,32.49718,21.41482,-2.485206,-2.144572
3288,05/08/2023 17:08:48.023288,3529,True,True,True,True,Eyes,1.339773,0.09841903,-1.973755,-0.50261,-0.3141194,-0.8054267,0.0,0.0,0.0,0.0,0.0,0.0,0.0,1.736306,-0.6376172,-1.24471,1.112301,0.08459341,-1.930349,0.04043413,0.9699653,-0.1326693,-0.199828,13.95794,204.2364,7.785293,0.5779681,0.04194842,-0.8149797,-0.1875584,-0.005920839,0.08683484,0.9508346,-0.2713675,-2.725252,-0.0466013,-0.04878145,1.212032,-0.9168678,0.1314615,0.3769237,0.02541732,0.9615278,-0.2735291,-0.3983812,-0.2412096,-0.8849354,moving,31.96538,21.30597,-2.201875,-2.304778
3289,05/08/2023 17:08:48.042890,3530,True,True,True,True,Eyes,1.329171,0.09788637,-1.97201,-0.4947751,-0.3136252,-0.8104547,0.0,0.0,0.0,0.0,0.0,0.0,0.0,1.700375,-0.6688047,-1.260161,1.097824,0.08760782,-1.927093,0.04512189,0.9702677,-0.1373146,-0.194138,14.41504,203.689,8.363675,0.5762973,0.04187655,-0.8161657,-0.2074982,-0.007187118,0.08670521,0.9486595,-0.2695754,-2.725353,-0.03985894,-0.0516842,1.20754,-0.9205492,0.1408766,0.3643398,0.03424465,0.9582174,-0.2839835,-0.3891234,-0.248944,-0.8869105,moving,31.40368,21.15516,-1.890554,-2.450834
3290,05/08/2023 17:08:48.063015,3531,True,True,True,True,Eyes,1.318458,0.09740373,-1.970143,-0.4869347,-0.3135438,-0.8152207,0.0,0.0,0.0,0.0,0.0,0.0,0.0,1.652618,-0.6619778,-1.307985,1.082213,0.08709547,-1.923906,0.05145942,0.9730563,-0.1295403,-0.1836643,13.4854,202.4127,8.738103,0.5745239,0.04180241,-0.8174189,-0.2268526,-0.008353884,0.08673821,0.9465666,-0.2678511,-2.725451,-0.03273529,-0.05513829,1.202519,-0.9272389,0.1477297,0.3440993,0.05256196,0.9611424,-0.2710026,-0.3707636,-0.2331975,-0.8989737,moving,30.85005,21.03735,-1.559336,-2.625307
3291,05/08/2023 17:08:48.072671,3532,True,True,True,True,Eyes,1.307565,0.09706756,-1.968209,-0.4790188,-0.3140107,-0.8197184,0.0,0.0,0.0,0.0,0.0,0.0,0.0,1.629413,-0.6789154,-1.30905,1.067754,0.08813056,-1.918765,0.04657896,0.9726108,-0.1390948,-0.1803091,14.7009,202.0866,8.368008,0.572655,0.04172849,-0.818733,-0.2453811,-0.009300552,0.08713294,0.9443603,-0.2660333,-2.725554,-0.02614635,-0.05637418,1.197199,-0.930638,0.1407665,0.3377833,0.04044627,0.9569661,-0.2873675,-0.3636989,-0.253773,-0.8962824,moving,30.30073,20.96041,-1.251119,-2.695975
3292,05/08/2023 17:08:48.092683,3533,True,True,True,True,Eyes,1.296499,0.09686614,-1.966267,-0.4709592,-0.3133132,-0.8246406,0.0,0.0,0.0,0.0,0.0,0.0,0.0,1.591085,-0.7157768,-1.319089,1.052465,0.09139381,-1.915163,0.0505741,0.97239,-0.1463859,-0.1745599,15.48772,201.5699,8.922221,0.5706935,0.04166113,-0.820105,-0.2633389,-0.009751029,0.08770819,0.9422117,-0.2642631,-2.725654,-0.02069664,-0.05582726,1.191797,-0.9339422,0.1494617,0.3246739,0.0472493,0.9520269,-0.3023447,-0.3542872,-0.2670319,-0.8962001,moving,29.73105,20.80374,-0.9948936,-2.681942
3293,05/08/2023 17:08:48.112870,3534,True,True,True,True,Eyes,1.285294,0.09671894,-1.964217,-0.4627915,-0.3127966,-0.829447,0.0,0.0,0.0,0.0,0.0,0.0,0.0,1.560228,-0.7010539,-1.348281,1.037175,0.09413699,-1.912866,0.05822361,0.9743391,-0.1349564,-0.1704707,14.07169,201.0186,9.462653,0.568641,0.04160552,-0.8215323,-0.2807347,-0.009770247,0.08827253,0.940064,-0.2624936,-2.725754,-0.01666647,-0.05268663,1.186223,-0.9350998,0.1594713,0.3164773,0.06744683,0.9567935,-0.2828374,-0.3479079,-0.2431357,-0.9054533,moving,29.15942,20.66219,-0.8049544,-2.543146
3294,05/08/2023 17:08:48.122833,3535,True,True,True,True,Eyes,1.27393,0.09669439,-1.962137,-0.4542595,-0.3122307,-0.8343622,0.0,0.0,0.0,0.0,0.0,0.0,0.0,1.522413,-0.7167821,-1.365369,1.022539,0.09529731,-1.908162,0.06205285,0.9749053,-0.1368453,-0.1642636,14.26674,200.365,9.859319,0.5665023,0.04156305,-0.8230107,-0.2975058,-0.009625636,0.08912559,0.9378718,-0.2606874,-2.725856,-0.01289725,-0.04895903,1.180655,-0.9383338,0.1659487,0.3032997,0.07603387,0.9548456,-0.2872085,-0.3372662,-0.2464364,-0.9085817,moving,28.56561,20.5166,-0.6258635,-2.374563
3295,05/08/2023 17:08:48.142719,3536,True,True,True,True,Eyes,1.262417,0.09674051,-1.960017,-0.4456157,-0.3113734,-0.8393291,0.0,0.0,0.0,0.0,0.0,0.0,0.0,1.487762,-0.7282214,-1.382432,1.007458,0.0981337,-1.905323,0.06411035,0.9755014,-0.1382956,-0.1586235,14.44652,199.7484,10.04781,0.564279,0.04153784,-0.8245379,-0.3137478,-0.009121747,0.09001938,0.9357603,-0.2589478,-2.725955,-0.0102275,-0.04481061,1.174609,-0.9414571,0.1689533,0.2917425,0.08120561,0.9535284,-0.2901538,-0.3272072,-0.2494762,-0.9114261,moving,27.96468,20.35379,-0.4988707,-2.18474
3296,05/08/2023 17:08:48.163159,3537,True,True,True,True,Eyes,1.250794,0.09682389,-1.957874,-0.4367217,-0.3103805,-0.8443567,0.0,0.0,0.0,0.0,0.0,0.0,0.0,1.452341,-0.7212726,-1.40831,0.9922954,0.09979154,-1.902172,0.0671355,0.9769117,-0.1338205,-0.1524087,13.94542,198.986,10.20578,0.5619729,0.04153143,-0.8261118,-0.3294608,-0.008436062,0.09097576,0.9336183,-0.257183,-2.726055,-0.008256137,-0.04032694,1.168667,-0.9445288,0.1719617,0.2798115,0.09038008,0.9551699,-0.2819256,-0.3157479,-0.2409975,-0.9177274,moving,27.3491,20.18313,-0.4047637,-1.976309
3297,05/08/2023 17:08:48.172703,3538,True,True,True,True,Eyes,1.239061,0.0969303,-1.955709,-0.4277354,-0.3094166,-0.8492961,0.0,0.0,0.0,0.0,0.0,0.0,0.0,1.422144,-0.7199178,-1.425591,0.9775763,0.1007702,-1.899282,0.0680018,0.9777166,-0.1329872,-0.1475152,13.88565,198.4073,10.2179,0.5595865,0.04154373,-0.8277295,-0.3445637,-0.007679783,0.09194629,0.9314323,-0.2553819,-2.726157,-0.009017348,-0.0390393,1.161852,-0.9472303,0.1722082,0.2703694,0.09373769,0.9553803,-0.2801102,-0.3065428,-0.239985,-0.9211077,moving,26.73143,20.01776,-0.4446742,-1.924467
3298,05/08/2023 17:08:48.192821,3539,True,True,True,True,Eyes,1.227229,0.09704545,-1.953529,-0.4183556,-0.3084241,-0.8543144,0.0,0.0,0.0,0.0,0.0,0.0,0.0,1.389425,-0.7191691,-1.444626,0.9631391,0.1014266,-1.896504,0.06887834,0.9785799,-0.1324312,-0.1417713,13.86642,197.7334,10.22589,0.5571219,0.04157406,-0.8293889,-0.3590883,-0.006899746,0.09292654,0.9293501,-0.2536664,-2.726254,-0.01094168,-0.03460528,1.155481,-0.9503132,0.1723558,0.2592258,0.09725604,0.9554355,-0.2787189,-0.2957124,-0.239659,-0.9247257,moving,26.09088,19.85057,-0.5425393,-1.715428
3299,05/08/2023 17:08:48.213260,3540,True,True,True,True,Eyes,1.215312,0.09716323,-1.951329,-0.4088614,-0.3077149,-0.859153,0.0,0.0,0.0,0.0,0.0,0.0,0.0,1.356772,-0.7168124,-1.463867,0.9488602,0.1017072,-1.893905,0.06943782,0.9794633,-0.1317466,-0.1359147,13.83972,197.0407,10.19355,0.5545812,0.04162121,-0.8310875,-0.3730379,-0.006140315,0.09389053,0.927202,-0.2518965,-2.726354,-0.01573509,-0.034264,1.148305,-0.9534113,0.1718362,0.2479505,0.100211,0.9556425,-0.2769572,-0.2845432,-0.2392067,-0.9283402,moving,25.44926,19.70553,-0.7850686,-1.709129
3300,05/08/2023 17:08:48.223399,3541,True,True,True,True,Eyes,1.203282,0.0973212,-1.949132,-0.3990669,-0.3072655,-0.863906,0.0,0.0,0.0,0.0,0.0,0.0,0.0,1.321187,-0.7261313,-1.479158,0.9347908,0.1019395,-1.891159,0.07023223,0.9798931,-0.1344678,-0.1295972,14.201,196.3481,10.24926,0.5519664,0.04168379,-0.8328232,-0.3864081,-0.00541856,0.09485784,0.9249595,-0.2500489,-2.726459,-0.01899159,-0.0350021,1.141312,-0.9565443,0.1724935,0.2350949,0.1027869,0.9539717,-0.2817318,-0.2728707,-0.2453243,-0.9302462,moving,24.79378,19.57895,-0.9533221,-1.756614
3301,05/08/2023 17:08:48.243012,3542,True,True,True,True,Eyes,1.191186,0.09751053,-1.946967,-0.3890868,-0.3068475,-0.8685943,0.0,0.0,0.0,0.0,0.0,0.0,0.0,1.284681,-0.739202,-1.493582,0.9208612,0.1029118,-1.889189,0.07216106,0.9801602,-0.1373171,-0.1233809,14.55912,195.686,10.43737,0.5492783,0.0417622,-0.8345947,-0.399315,-0.004619522,0.09575674,0.9229048,-0.2483561,-2.726554,-0.01942062,-0.03755793,1.133815,-0.95914,0.1753434,0.2220482,0.1075742,0.9518737,-0.286992,-0.261684,-0.2513789,-0.9318424,moving,24.13,19.45674,-0.9812986,-1.897245
3302,05/08/2023 17:08:48.263047,3543,True,True,True,True,Eyes,1.179027,0.09772945,-1.944833,-0.378612,-0.3065588,-0.8733125,0.0,0.0,0.0,0.0,0.0,0.0,0.0,1.243872,-0.7424788,-1.51609,0.907093,0.1038388,-1.887703,0.07478383,0.980978,-0.1367986,-0.1156545,14.5423,194.8066,10.61851,0.5465182,0.04185632,-0.8364,-0.4116425,-0.003774371,0.09650407,0.920747,-0.2465783,-2.726655,-0.01669919,-0.03696635,1.126762,-0.9620629,0.1783653,0.2064483,0.1150798,0.951387,-0.285691,-0.2473696,-0.2510947,-0.9358203,moving,23.43844,19.3426,-0.8490906,-1.879062
3303,05/08/2023 17:08:48.272903,3544,True,True,True,True,Eyes,1.166825,0.09794424,-1.942744,-0.3678636,-0.3062864,-0.8779891,0.0,0.0,0.0,0.0,0.0,0.0,0.0,1.204651,-0.7448086,-1.536759,0.893662,0.1046966,-1.886256,0.07533405,0.9817353,-0.1374069,-0.107889,14.68703,193.9098,10.57739,0.5436875,0.04196599,-0.8382373,-0.4234209,-0.002891147,0.0971168,0.9185721,-0.2447863,-2.726757,-0.01408297,-0.032796,1.119582,-0.9653694,0.1775656,0.191134,0.1182668,0.9508882,-0.2860499,-0.2325397,-0.2535391,-0.9389585,moving,22.73292,19.23132,-0.7206724,-1.677889
3304,05/08/2023 17:08:48.292864,3545,True,True,True,True,Eyes,1.154597,0.09818318,-1.940701,-0.3567262,-0.306145,-0.8826221,0.0,0.0,0.0,0.0,0.0,0.0,0.0,1.164446,-0.7385103,-1.56152,0.8802904,0.1048326,-1.885145,0.07439488,0.9828374,-0.1365622,-0.09923185,14.69492,192.8653,10.32319,0.540787,0.04208956,-0.8401053,-0.4346217,-0.002073322,0.0975565,0.9164822,-0.2430645,-2.726854,-0.01492131,-0.02687395,1.111873,-0.9692371,0.1733388,0.1747385,0.1191335,0.9516323,-0.2832015,-0.2153766,-0.2536722,-0.9430078,moving,22.00691,19.12954,-0.7688615,-1.384568
3305,05/08/2023 17:08:48.312749,3546,True,True,True,True,Eyes,1.142344,0.09845765,-1.93872,-0.3453221,-0.3061433,-0.8871466,0.0,0.0,0.0,0.0,0.0,0.0,0.0,1.128677,-0.7406195,-1.578244,0.8673064,0.1057066,-1.884115,0.07240113,0.9834111,-0.138596,-0.09193432,15.02742,192.0052,10.01047,0.5378191,0.04222676,-0.8420016,-0.4452288,-0.00123208,0.09783249,0.9142727,-0.2412441,-2.726957,-0.01573747,-0.03040135,1.104496,-0.9726123,0.1678836,0.1607494,0.1169167,0.9510985,-0.2859059,-0.2008874,-0.2592813,-0.9446785,moving,21.26849,19.03892,-0.8163269,-1.576673
3306,05/08/2023 17:08:48.322830,3547,True,True,True,True,Eyes,1.130059,0.0987542,-1.936815,-0.3335599,-0.3059154,-0.8917138,0.0,0.0,0.0,0.0,0.0,0.0,0.0,1.08326,-0.7452651,-1.600023,0.8543184,0.1068589,-1.883525,0.07359213,0.9840305,-0.139404,-0.08267293,15.1999,190.9449,10.0187,0.5347847,0.04237781,-0.8439245,-0.4552739,-0.0003347619,0.09790489,0.9121376,-0.239485,-2.727057,-0.008889318,-0.06545725,1.09335,-0.9754987,0.1678836,0.1421873,0.1217839,0.9503015,-0.2865237,-0.1832235,-0.2621874,-0.9474635,moving,20.50912,18.93528,-0.4658243,-3.426123
3307,05/08/2023 17:08:48.343024,3548,True,True,True,True,Eyes,1.117748,0.09904414,-1.93496,-0.3215522,-0.3059166,-0.8961134,0.0,0.0,0.0,0.0,0.0,0.0,0.0,1.03857,-0.7350746,-1.62699,0.8412059,0.1076245,-1.883307,0.0736903,0.9851702,-0.1366334,-0.07308089,14.97773,189.7822,9.844463,0.5316846,0.04254235,-0.8458728,-0.4648131,0.0005749902,0.09774692,0.9099781,-0.2377058,-2.727157,-0.009706736,-0.04924417,1.087691,-0.978458,0.1651656,0.1238571,0.1252244,0.9518021,-0.279985,-0.1641313,-0.2584436,-0.9519812,moving,19.7395,18.84896,-0.5113035,-2.592242
3308,05/08/2023 17:08:48.363013,3549,True,True,True,True,Eyes,1.10544,0.09935468,-1.933177,-0.3094541,-0.3059711,-0.9003444,0.0,0.0,0.0,0.0,0.0,0.0,0.0,0.9973935,-0.736577,-1.644459,0.8281339,0.1078404,-1.88259,0.07126244,0.9856513,-0.1388196,-0.06436144,15.3362,188.7473,9.450533,0.5285197,0.04271878,-0.847845,-0.4738577,0.001410309,0.09744537,0.9078379,-0.2359424,-2.727257,-0.00962472,-0.04254737,1.07997,-0.9815589,0.1583491,0.1070906,0.1226106,0.9513016,-0.2828286,-0.1466611,-0.2644823,-0.9531737,moving,18.96817,18.7697,-0.5106078,-2.256104
3309,05/08/2023 17:08:48.372847,3550,True,True,True,True,Eyes,1.093123,0.0996809,-1.931455,-0.2972861,-0.3060899,-0.9043948,0.0,0.0,0.0,0.0,0.0,0.0,0.0,0.9621937,-0.7409601,-1.656845,0.8153316,0.1087871,-1.882385,0.06828522,0.9858732,-0.1418003,-0.05730422,15.76951,187.905,9.020854,0.5252919,0.04290681,-0.8498392,-0.4823491,0.002257288,0.09695019,0.9056683,-0.2341549,-2.727358,-0.01259154,-0.06355819,1.071459,-0.9841067,0.1508926,0.09362365,0.1183896,0.9504595,-0.2874203,-0.1323551,-0.2717682,-0.9532177,moving,18.19635,18.69825,-0.6732962,-3.394768
3310,05/08/2023 17:08:48.393051,3551,True,True,True,True,Eyes,1.080783,0.1000091,-1.929796,-0.2851588,-0.306115,-0.9082831,0.0,0.0,0.0,0.0,0.0,0.0,0.0,0.9280925,-0.7396399,-1.670369,0.8026806,0.1095289,-1.88209,0.06685207,0.9862471,-0.1423632,-0.05079739,15.90354,187.1217,8.751681,0.5220022,0.043106,-0.8518537,-0.4903594,0.003100522,0.09629911,0.9035773,-0.2324322,-2.727456,-0.01158285,-0.04303047,1.06701,-0.9859011,0.1463286,0.081163,0.1174019,0.950527,-0.2876024,-0.1192321,-0.2740188,-0.9543049,moving,17.42987,18.62516,-0.6219457,-2.309377
3311,05/08/2023 17:08:48.413365,3552,True,True,True,True,Eyes,1.068436,0.1003464,-1.928203,-0.2730095,-0.3062961,-0.9119477,0.0,0.0,0.0,0.0,0.0,0.0,0.0,0.8945314,-0.7406726,-1.682,0.7900969,0.1098644,-1.881909,0.06605314,0.9864505,-0.1433779,-0.04467003,16.0794,186.3978,8.56625,0.5185805,0.04331947,-0.8539304,-0.497958,0.003899085,0.0954972,0.9014643,-0.2306913,-2.727554,-0.01305693,-0.0382386,1.060808,-0.9872835,0.1431257,0.06918842,0.1175069,0.9501595,-0.2887717,-0.1070707,-0.2769693,-0.954895,moving,16.66611,18.56566,-0.7051886,-2.064429
3312,05/08/2023 17:08:48.423474,3553,True,True,True,True,Eyes,1.056064,0.1007054,-1.926692,-0.2608878,-0.30629,-0.9154911,0.0,0.0,0.0,0.0,0.0,0.0,0.0,0.8591652,-0.7462512,-1.692014,0.7774869,0.1104616,-1.881828,0.0663649,0.9864402,-0.1450966,-0.03845334,16.3291,185.6885,8.514591,0.5150319,0.04354654,-0.856064,-0.5051211,0.004677026,0.09454706,0.8992618,-0.2288767,-2.727657,-0.01429355,-0.05695672,1.053638,-0.9882343,0.1420889,0.0566052,0.1197711,0.9490854,-0.291362,-0.09512248,-0.2811542,-0.954937,moving,15.90598,18.49837,-0.7772216,-3.094239
3313,05/08/2023 17:08:48.442882,3554,True,True,True,True,Eyes,1.043681,0.1010872,-1.92527,-0.2487509,-0.3062232,-0.9188854,0.0,0.0,0.0,0.0,0.0,0.0,0.0,0.8224145,-0.747087,-1.70449,0.7645917,0.1112926,-1.882233,0.06807368,0.9865962,-0.1447669,-0.03219671,16.33599,184.9762,8.60882,0.511362,0.04378706,-0.8582489,-0.5119292,0.005473557,0.09340717,0.8971218,-0.2271135,-2.727757,-0.01766682,-0.06212707,1.046938,-0.988659,0.1436445,0.04382066,0.1250004,0.948817,-0.2900365,-0.08323994,-0.2812695,-0.9560121,moving,15.14745,18.43091,-0.9667606,-3.396047
3314,05/08/2023 17:08:48.463287,3555,True,True,True,True,Eyes,1.03128,0.1014681,-1.923952,-0.2366679,-0.3057095,-0.9222419,0.0,0.0,0.0,0.0,0.0,0.0,0.0,0.7865771,-0.7442052,-1.717701,0.7518349,0.112201,-1.882869,0.06948256,0.9868594,-0.1435347,-0.02604887,16.24094,184.2625,8.66331,0.5075774,0.04404084,-0.8604797,-0.5183627,0.006290447,0.09206924,0.8950317,-0.2253914,-2.727854,-0.01902938,-0.06917191,1.040062,-0.9889876,0.1446169,0.03146683,0.1296612,0.94914,-0.286917,-0.07135947,-0.2796772,-0.9574387,moving,14.3928,18.33959,-1.048189,-3.804995
3315,05/08/2023 17:08:48.473369,3556,True,True,True,True,Eyes,1.018863,0.101829,-1.922738,-0.2245711,-0.3050888,-0.9254667,0.0,0.0,0.0,0.0,0.0,0.0,0.0,0.7534856,-0.7324038,-1.733204,0.7391203,0.1122735,-1.883944,0.06947584,0.9874182,-0.1406157,-0.02014542,15.95568,183.5374,8.54543,0.5036833,0.04430654,-0.8627514,-0.5244653,0.007055552,0.09049688,0.8927474,-0.2235094,-2.727961,-0.02002549,-0.08624537,1.031937,-0.9895348,0.142869,0.02024512,0.1315379,0.9508007,-0.2804922,-0.0593227,-0.2748937,-0.959643,moving,13.6396,18.24529,-1.111727,-4.777462
3316,05/08/2023 17:08:48.492903,3557,True,True,True,True,Eyes,1.006437,0.1021337,-1.921623,-0.2125555,-0.3042363,-0.9285798,0.0,0.0,0.0,0.0,0.0,0.0,0.0,0.7205752,-0.7233007,-1.746804,0.7262294,0.112144,-1.885134,0.06904431,0.987818,-0.1387187,-0.0143442,15.78789,182.8291,8.388799,0.4996844,0.04458193,-0.8650594,-0.5302483,0.007714937,0.0887095,0.890732,-0.221849,-2.728055,-0.02040672,-0.09129815,1.024843,-0.9900544,0.140386,0.009183439,0.1324268,0.95198,-0.2760384,-0.04749439,-0.2720769,-0.961103,moving,12.8931,18.14067,-1.140726,-5.090759
3317,05/08/2023 17:08:48.512830,3558,True,True,True,True,Eyes,0.9940009,0.1023859,-1.920625,-0.2005332,-0.3032769,-0.931563,0.0,0.0,0.0,0.0,0.0,0.0,0.0,0.6862459,-0.7146932,-1.759997,0.7131057,0.1113333,-1.886371,0.06871157,0.9881315,-0.1371357,-0.008286753,15.65697,182.0963,8.243788,0.4955859,0.04486312,-0.8673993,-0.5357118,0.008166205,0.08673147,0.8885929,-0.2200865,-2.728155,-0.02133781,-0.08937965,1.018624,-0.9904202,0.138065,-0.002468815,0.1335193,0.952945,-0.272155,-0.03522242,-0.2698774,-0.9622504,moving,12.14841,18.03302,-1.200038,-5.014602
3318,05/08/2023 17:08:48.523391,3559,True,True,True,True,Eyes,0.9815437,0.1025785,-1.919738,-0.1887193,-0.301825,-0.9344981,0.0,0.0,0.0,0.0,0.0,0.0,0.0,0.6540168,-0.7040384,-1.773182,0.7003386,0.1103101,-1.888104,0.06805842,0.9884855,-0.135121,-0.002631492,15.47228,181.4028,8.067918,0.4913925,0.04514657,-0.8697672,-0.5408761,0.008432772,0.08452307,0.886353,-0.218241,-2.728259,-0.02372712,-0.08974427,1.012122,-0.9907224,0.1352606,-0.01318986,0.1338384,0.9542207,-0.2674884,-0.02359462,-0.2667721,-0.963471,moving,11.41717,17.89946,-1.342936,-5.067132
3319,05/08/2023 17:08:48.543380,3560,True,True,True,True,Eyes,0.9690721,0.1026982,-1.918979,-0.1769576,-0.3002896,-0.9372898,0.0,0.0,0.0,0.0,0.0,0.0,0.0,0.621224,-0.6956189,-1.784788,0.6869338,0.1090723,-1.889841,0.06750691,0.9887043,-0.1337853,0.002896974,15.36334,180.7329,7.910834,0.4871071,0.0454287,-0.8721597,-0.5457953,0.008504643,0.08211208,0.8842888,-0.2165404,-2.728355,-0.02673951,-0.08867528,1.006033,-0.9908688,0.1327136,-0.02379136,0.1342639,0.9550886,-0.264157,-0.01233436,-0.2649393,-0.9641863,moving,10.69143,17.76445,-1.522516,-5.037235
3320,05/08/2023 17:08:48.563119,3561,True,True,True,True,Eyes,0.9565576,0.1027434,-1.918342,-0.1652667,-0.2984843,-0.9399968,0.0,0.0,0.0,0.0,0.0,0.0,0.0,0.5910082,-0.6853905,-1.796348,0.6740307,0.1074219,-1.892104,0.06743383,0.9889448,-0.1318365,0.007765469,15.17721,180.1437,7.820804,0.4827332,0.04570544,-0.8745738,-0.5504622,0.008353669,0.07946237,0.8821395,-0.2147695,-2.728456,-0.02876467,-0.08543001,1.000222,-0.9907851,0.1313291,-0.03313972,0.1354242,0.9561436,-0.2597107,-0.002421242,-0.2618054,-0.965118,moving,9.971615,17.6166,-1.647274,-4.881845
3321,05/08/2023 17:08:48.572890,3562,True,True,True,True,Eyes,0.9440344,0.1026856,-1.917836,-0.1536597,-0.2966326,-0.9425486,0.0,0.0,0.0,0.0,0.0,0.0,0.0,0.5613491,-0.6756056,-1.806822,0.6607257,0.1055699,-1.894323,0.06731772,0.989134,-0.130115,0.01235016,15.01459,179.5899,7.732728,0.4782713,0.045973,-0.8770078,-0.5549779,0.007987834,0.07660472,0.8799356,-0.2129537,-2.728559,-0.0314669,-0.07593241,0.9954433,-0.9906315,0.1299586,-0.04195,0.1363863,0.9570768,-0.2557395,0.006913834,-0.259065,-0.9658351,moving,9.259236,17.46948,-1.810571,-4.362075
3322,05/08/2023 17:08:48.593046,3563,True,True,True,True,Eyes,0.9315406,0.1025044,-1.917446,-0.1422209,-0.2946446,-0.9449644,0.0,0.0,0.0,0.0,0.0,0.0,0.0,0.5336774,-0.6652745,-1.816924,0.6479111,0.1030352,-1.896894,0.06641144,0.9893238,-0.1286455,0.01669167,14.87796,179.055,7.5574,0.4737251,0.04622623,-0.8794585,-0.5592489,0.007335226,0.07352835,0.8777796,-0.2111774,-2.728659,-0.03564844,-0.06567779,0.9910893,-0.9906221,0.1271102,-0.05011398,0.1356994,0.9580798,-0.252327,0.01593987,-0.256761,-0.9663438,moving,8.559007,17.31774,-2.05998,-3.79135
3323,05/08/2023 17:08:48.612945,3564,True,True,True,True,Eyes,0.9190433,0.1022155,-1.917184,-0.1309224,-0.2927615,-0.9471801,0.0,0.0,0.0,0.0,0.0,0.0,0.0,0.508998,-0.6564863,-1.82502,0.6350054,0.1000012,-1.899347,0.06455933,0.9894596,-0.1280119,0.02036342,14.83016,178.5911,7.282806,0.4691009,0.0464592,-0.8819214,-0.5631754,0.006351562,0.07028537,0.8757074,-0.2094701,-2.728756,-0.04058993,-0.06465904,0.9859386,-0.9908349,0.1225442,-0.05682631,0.1329712,0.9588901,-0.250696,0.02376884,-0.2559546,-0.9663966,moving,7.869747,17.17572,-2.357468,-3.752153
3324,05/08/2023 17:08:48.623757,3565,True,True,True,True,Eyes,0.9065751,0.1018257,-1.917061,-0.119734,-0.2906885,-0.9492966,0.0,0.0,0.0,0.0,0.0,0.0,0.0,0.4830953,-0.6535532,-1.831472,0.6223589,0.09714634,-1.902113,0.0640079,0.9893513,-0.1284889,0.0240332,14.91098,178.1553,7.161976,0.464402,0.04666739,-0.8843938,-0.5668768,0.005103735,0.0668561,0.8735363,-0.2076813,-2.728857,-0.04422715,-0.06855419,0.9805643,-0.9906508,0.1204766,-0.06400318,0.1328286,0.9587872,-0.2511647,0.03110595,-0.2573179,-0.9658261,moving,7.188708,17.02536,-2.582506,-3.999213
3325,05/08/2023 17:08:48.642997,3566,True,True,True,True,Eyes,0.8940949,0.1013422,-1.917086,-0.1086589,-0.2885698,-0.9512733,0.0,0.0,0.0,0.0,0.0,0.0,0.0,0.4557001,-0.6439523,-1.840801,0.6094435,0.09441216,-1.9054,0.06441258,0.9894375,-0.126829,0.02791079,14.74836,177.6951,7.151077,0.4596336,0.0468469,-0.8868719,-0.5702686,0.003628179,0.06321131,0.8714104,-0.2059298,-2.728956,-0.04689673,-0.0740906,0.9748175,-0.9901438,0.1203846,-0.07157071,0.1345442,0.9595308,-0.2473831,0.03889318,-0.2545743,-0.9662707,moving,6.516351,16.87523,-2.754274,-4.346386
3326,05/08/2023 17:08:48.664088,3567,True,True,True,True,Eyes,0.8815593,0.1007777,-1.917279,-0.09739719,-0.2862753,-0.9531842,0.0,0.0,0.0,0.0,0.0,0.0,0.0,0.4269275,-0.6345505,-1.850252,0.5966029,0.09164524,-1.908931,0.06593291,0.9894555,-0.1249464,0.03192348,14.56436,177.2345,7.271141,0.4547967,0.04699471,-0.8893542,-0.5734931,0.001959861,0.05934424,0.8692155,-0.2041215,-2.729059,-0.04918826,-0.0787091,0.9691061,-0.9892677,0.1224979,-0.07964988,0.1384528,0.9600825,-0.2430481,0.04669757,-0.2514673,-0.9667388,moving,5.834283,16.71689,-2.905629,-4.64327
3327,05/08/2023 17:08:48.672720,3568,True,True,True,True,Eyes,0.8690022,0.1001295,-1.917633,-0.08627624,-0.2839681,-0.9549443,0.0,0.0,0.0,0.0,0.0,0.0,0.0,0.3970267,-0.6243775,-1.86025,0.5833679,0.08896711,-1.913053,0.06814852,0.9894485,-0.1226905,0.03597953,14.3412,176.7766,7.474439,0.4498879,0.04710883,-0.8918415,-0.5766906,0.0001489681,0.0552053,0.8669966,-0.2022933,-2.729162,-0.05227184,-0.0788826,0.9638816,-0.9881226,0.1260302,-0.08792213,0.1436876,0.9606057,-0.237888,0.05447742,-0.2476958,-0.9673052,moving,5.162479,16.5607,-3.104142,-4.678573
3328,05/08/2023 17:08:48.693217,3569,True,True,True,True,Eyes,0.8564135,0.09941643,-1.918156,-0.07510885,-0.2816196,-0.956582,0.0,0.0,0.0,0.0,0.0,0.0,0.0,0.367813,-0.6162503,-1.869073,0.5702298,0.08626997,-1.917258,0.07065019,0.9893385,-0.1209765,0.0397814,14.18151,176.356,7.715851,0.4449072,0.04718717,-0.8943325,-0.5797604,-0.001804728,0.0508294,0.8649828,-0.2006342,-2.729256,-0.05499074,-0.07928923,0.9584349,-0.986852,0.1301687,-0.09580857,0.1494191,0.9607465,-0.2337522,0.06162052,-0.2449945,-0.9675642,moving,4.489536,16.40454,-3.283777,-4.729186
3329,05/08/2023 17:08:48.712743,3570,True,True,True,True,Eyes,0.8437901,0.09866275,-1.918867,-0.06407665,-0.2791886,-0.9580959,0.0,0.0,0.0,0.0,0.0,0.0,0.0,0.3366455,-0.6102606,-1.877365,0.5567659,0.08393571,-1.921773,0.07404093,0.9890874,-0.1196146,0.0437782,14.06965,175.9275,8.059343,0.4398534,0.04722892,-0.8968266,-0.5827408,-0.003835618,0.04621251,0.8628322,-0.1988623,-2.729356,-0.05621544,-0.07841051,0.9532391,-0.985203,0.1359929,-0.1043137,0.1569389,0.9604205,-0.2301358,0.06888819,-0.2431013,-0.9675518,moving,3.826196,16.24609,-3.374999,-4.702387
3330,05/08/2023 17:08:48.722698,3571,True,True,True,True,Eyes,0.831122,0.09784491,-1.919774,-0.05281758,-0.276296,-0.9596201,0.0,0.0,0.0,0.0,0.0,0.0,0.0,0.3051837,-0.5990607,-1.887633,0.5432378,0.08213639,-1.926996,0.07847243,0.9889293,-0.1165576,0.04770149,13.76976,175.5089,8.531378,0.434725,0.04723465,-0.8993235,-0.5856467,-0.005866538,0.04130508,0.8606694,-0.1970803,-2.729457,-0.05618846,-0.07521372,0.94835,-0.9831334,0.1440874,-0.1126399,0.1663273,0.9605128,-0.2230478,0.07605367,-0.2380208,-0.9682779,moving,3.150386,16.06229,-3.390734,-4.534641
3331,05/08/2023 17:08:48.743183,3572,True,True,True,True,Eyes,0.81843,0.09699581,-1.920876,-0.04173428,-0.2734427,-0.9609825,0.0,0.0,0.0,0.0,0.0,0.0,0.0,0.2698521,-0.5767823,-1.901524,0.5294749,0.07961334,-1.932513,0.08282542,0.9889584,-0.1109731,0.05278771,13.19346,174.9308,8.988107,0.4295189,0.04720351,-0.901823,-0.5885121,-0.007968051,0.03610594,0.8585486,-0.195333,-2.729556,-0.05606365,-0.07312334,0.9433495,-0.980707,0.1521057,-0.1227925,0.1755378,0.9616498,-0.2107512,0.0860269,-0.2282398,-0.9697971,moving,2.486722,15.88343,-3.401112,-4.432395
3332,05/08/2023 17:08:48.763086,3573,True,True,True,True,Eyes,0.8057461,0.09628582,-1.922192,-0.03049286,-0.2710417,-0.9620845,0.0,0.0,0.0,0.0,0.0,0.0,0.0,0.2419011,-0.5698246,-1.909504,0.5161491,0.0779838,-1.93828,0.08512588,0.98873,-0.1096132,0.05613931,13.08013,174.5595,9.217448,0.4242349,0.04713662,-0.9043243,-0.5912773,-0.01003728,0.03063367,0.8564011,-0.1935637,-2.729656,-0.05659366,-0.07066216,0.9384704,-0.979204,0.1560258,-0.1296751,0.1806403,0.961477,-0.207198,0.0923514,-0.2263136,-0.9696667,moving,1.815358,15.73377,-3.450994,-4.305963
3333,05/08/2023 17:08:48.772666,3574,True,True,True,True,Eyes,0.7930519,0.09573145,-1.92376,-0.01905569,-0.2681585,-0.9631864,0.0,0.0,0.0,0.0,0.0,0.0,0.0,0.2070433,-0.5889738,-1.91103,0.503224,0.08067372,-1.94475,0.09220809,0.9874739,-0.1131913,0.05983842,13.56699,174.2553,9.985459,0.4188752,0.04704473,-0.906824,-0.5938525,-0.01156501,0.02484887,0.8542177,-0.1917648,-2.729758,-0.05793762,-0.06556001,0.9338644,-0.975834,0.1685598,-0.1390521,0.1956526,0.9573708,-0.2125117,0.09730345,-0.234582,-0.9672141,moving,1.133393,15.55761,-3.550121,-4.015743
3334,05/08/2023 17:08:48.793402,3575,True,True,True,True,Eyes,0.780342,0.09516168,-1.925517,-0.006985283,-0.264715,-0.9643014,0.0,0.0,0.0,0.0,0.0,0.0,0.0,0.1563873,-0.554894,-1.930389,0.4901235,0.08363415,-1.952319,0.1030972,0.9870306,-0.1026331,0.06788498,12.5095,173.3623,11.19775,0.41344,0.04693855,-0.9093205,-0.5963039,-0.01253422,0.01865334,0.8520967,-0.1900173,-2.729857,-0.05927762,-0.06223357,0.9292418,-0.9695255,0.1895857,-0.1551714,0.2174546,0.9576748,-0.1886065,0.1128467,-0.2166015,-0.9697165,moving,0.4150364,15.3504,-3.650031,-3.831516
3335,05/08/2023 17:08:48.812866,3576,True,True,True,True,Eyes,0.7675981,0.09462804,-1.927357,0.004823202,-0.2623965,-0.9649481,0.0,0.0,0.0,0.0,0.0,0.0,0.0,0.1089398,-0.5193513,-1.946371,0.4760068,0.08268277,-1.958707,0.1068005,0.9868487,-0.09435231,0.07629609,11.68435,172.3459,11.56913,0.4079291,0.04681792,-0.9118122,-0.5986552,-0.01349149,0.01226199,0.8499334,-0.1882349,-2.729958,-0.06002259,-0.05807899,0.9249086,-0.9655453,0.1963943,-0.1707392,0.2251892,0.9593827,-0.169926,0.1304317,-0.2025198,-0.9705533,moving,-0.2863852,15.21249,-3.713043,-3.59313
3336,05/08/2023 17:08:48.823597,3577,True,True,True,True,Eyes,0.7548456,0.09416756,-1.929363,0.01685548,-0.2601117,-0.9654314,0.0,0.0,0.0,0.0,0.0,0.0,0.0,0.07277563,-0.5660641,-1.93562,0.4623982,0.08325086,-1.962551,0.1079103,0.9850823,-0.1071939,0.08048458,13.2123,172.0033,11.57542,0.4023429,0.04668599,-0.9142975,-0.6009678,-0.01428292,0.006007,0.8477674,-0.1864503,-2.730059,-0.05955869,-0.05436115,0.9208671,-0.9637555,0.1953462,-0.1817025,0.229856,0.9537297,-0.1938193,0.1354332,-0.2285598,-0.9640636,moving,-1.000226,15.07889,-3.70055,-3.378397
3337,05/08/2023 17:08:48.842885,3578,True,True,True,True,Eyes,0.7421296,0.09372024,-1.931428,0.02855648,-0.2577489,-0.9657898,0.0,0.0,0.0,0.0,0.0,0.0,0.0,0.04979107,-0.5592408,-1.941423,0.4497155,0.08441353,-1.968498,0.1085164,0.9849725,-0.1057533,0.08288338,13.08031,171.7171,11.62283,0.396683,0.04654764,-0.9167743,-0.6031673,-0.01480737,-0.0003719395,0.8455998,-0.1846645,-2.73016,-0.05821437,-0.05544709,0.9161251,-0.9627091,0.196241,-0.1862276,0.2313018,0.9540809,-0.1903398,0.1403237,-0.2263166,-0.9638931,moving,-1.693628,14.94277,-3.635921,-3.463516
3338,05/08/2023 17:08:48.862950,3579,True,True,True,True,Eyes,0.7294663,0.09334388,-1.933595,0.0402845,-0.2557958,-0.9658911,0.0,0.0,0.0,0.0,0.0,0.0,0.0,0.03263438,-0.5489427,-1.945524,0.4378459,0.08425201,-1.971968,0.1083424,0.9850684,-0.1038366,0.08438033,12.87686,171.5209,11.59428,0.390958,0.04640389,-0.9192376,-0.6051252,-0.01526088,-0.006544811,0.8435178,-0.1829491,-2.730257,-0.05776298,-0.05077103,0.9124072,-0.9622837,0.1959258,-0.1887406,0.2309729,0.9549598,-0.1862885,0.143741,-0.2228563,-0.9641958,moving,-2.388256,14.83306,-3.622466,-3.184947
3339,05/08/2023 17:08:48.872615,3580,True,True,True,True,Eyes,0.7168956,0.09310128,-1.935876,0.0520447,-0.2536155,-0.9659041,0.0,0.0,0.0,0.0,0.0,0.0,0.0,0.01057598,-0.5620189,-1.944238,0.4268021,0.0855241,-1.976503,0.1092193,0.9844028,-0.1074523,0.08646581,13.32299,171.3255,11.6471,0.3851765,0.04625907,-0.9216823,-0.6068075,-0.01547433,-0.01265165,0.8412639,-0.1810921,-2.730362,-0.05799559,-0.04540353,0.9087749,-0.9611897,0.1964497,-0.1937061,0.2336135,0.9530503,-0.1926653,0.1467626,-0.2304402,-0.9619554,moving,-3.08422,14.71195,-3.651512,-2.86019
3340,05/08/2023 17:08:48.893022,3581,True,True,True,True,Eyes,0.7044049,0.09291719,-1.938275,0.06447178,-0.2510442,-0.9658262,0.0,0.0,0.0,0.0,0.0,0.0,0.0,-0.02370834,-0.542697,-1.952558,0.4163359,0.0884161,-1.981517,0.1103238,0.984254,-0.1026446,0.09239494,12.85259,170.6001,11.72995,0.3793509,0.0461208,-0.9241022,-0.6081111,-0.01527366,-0.01873648,0.8392056,-0.1793962,-2.730458,-0.05883995,-0.04308975,0.9051028,-0.9585838,0.1982055,-0.2045285,0.2361409,0.9545855,-0.1816701,0.1592319,-0.2224435,-0.9618547,moving,-3.818999,14.5703,-3.719514,-2.725655
3341,05/08/2023 17:08:48.912921,3582,True,True,True,True,Eyes,0.691981,0.09277859,-1.940743,0.07680081,-0.2487409,-0.9655204,0.0,0.0,0.0,0.0,0.0,0.0,0.0,-0.05700207,-0.5126158,-1.963037,0.4054888,0.08950603,-1.986732,0.1099086,0.9844017,-0.09575455,0.0985117,12.13269,169.8136,11.656,0.3734908,0.04599144,-0.9264926,-0.6090966,-0.01490951,-0.02480812,0.8370857,-0.1776497,-2.730557,-0.05966178,-0.03770113,0.9019121,-0.9564312,0.1975225,-0.2149987,0.2352542,0.9575024,-0.1668673,0.1729017,-0.2101764,-0.9622532,moving,-4.547927,14.44661,-3.78462,-2.393647
3342,05/08/2023 17:08:48.923180,3583,True,True,True,True,Eyes,0.6796017,0.09272754,-1.943311,0.08938862,-0.2466921,-0.9649626,0.0,0.0,0.0,0.0,0.0,0.0,0.0,-0.09119776,-0.5165573,-1.962709,0.3945741,0.09050143,-1.990852,0.1104889,0.9836102,-0.09752048,0.1038904,12.40389,169.2109,11.64245,0.3676044,0.04587243,-0.9288497,-0.6098225,-0.01443075,-0.03072289,0.8348754,-0.1758287,-2.73066,-0.06039399,-0.03346565,0.8990974,-0.9539983,0.197093,-0.2259251,0.2376188,0.9565639,-0.1688868,0.1828254,-0.2148017,-0.9593933,moving,-5.29245,14.34048,-3.842888,-2.131645
3343,05/08/2023 17:08:48.943446,3584,True,True,True,True,Eyes,0.6673172,0.0927368,-1.945946,0.1019002,-0.2446876,-0.9642326,0.0,0.0,0.0,0.0,0.0,0.0,0.0,-0.1218339,-0.5207493,-1.962763,0.3842799,0.09230933,-1.995563,0.1108938,0.982915,-0.09903592,0.108501,12.63574,168.6923,11.61796,0.3616959,0.04576753,-0.9311715,-0.610371,-0.01371804,-0.03658532,0.8327934,-0.1741133,-2.730757,-0.06171498,-0.03225017,0.8960518,-0.9518601,0.1965074,-0.2352595,0.2394894,0.9557889,-0.1706236,0.1913296,-0.218752,-0.9568387,moving,-6.032631,14.23904,-3.939987,-2.061266
3344,05/08/2023 17:08:48.963039,3585,True,True,True,True,Eyes,0.6550676,0.09283897,-1.948676,0.1148034,-0.2429638,-0.9632179,0.0,0.0,0.0,0.0,0.0,0.0,0.0,-0.1550525,-0.5139087,-1.964623,0.3741624,0.09375475,-1.999775,0.1118169,0.9823003,-0.09792589,0.1139898,12.58438,168.0523,11.66612,0.3557758,0.04567851,-0.9334538,-0.6106023,-0.01286719,-0.04229593,0.83061,-0.1723143,-2.730859,-0.06247598,-0.02898192,0.8939081,-0.9490066,0.1973505,-0.2458439,0.2420007,0.955815,-0.1668933,0.2020449,-0.2178772,-0.9548337,moving,-6.796871,14.15707,-3.997949,-1.85697
3345,05/08/2023 17:08:48.972705,3586,True,True,True,True,Eyes,0.6429201,0.09300856,-1.95149,0.1276713,-0.2411604,-0.9620507,0.0,0.0,0.0,0.0,0.0,0.0,0.0,-0.1883165,-0.5139464,-1.964556,0.3643064,0.09570539,-2.004296,0.1131437,0.9814714,-0.0984112,0.1192802,12.71885,167.4553,11.74837,0.3498455,0.04560888,-0.935696,-0.6107149,-0.01178863,-0.04794677,0.8283464,-0.1704494,-2.730965,-0.06268281,-0.02981704,0.8913125,-0.9459417,0.1986177,-0.2564094,0.2455717,0.9550275,-0.1661839,0.211871,-0.2201672,-0.9521752,moving,-7.559408,14.07255,-4.022783,-1.915999
3346,05/08/2023 17:08:49.002973,3587,True,True,True,True,Eyes,0.6308625,0.09321688,-1.954371,0.1407309,-0.239474,-0.9606493,0.0,0.0,0.0,0.0,0.0,0.0,0.0,-0.2232126,-0.5005956,-1.967536,0.3544805,0.09745191,-2.009096,0.1140641,0.98088,-0.0956746,0.1253402,12.49088,166.7328,11.80761,0.3439148,0.04556017,-0.9378943,-0.6105146,-0.01057254,-0.05351213,0.8264142,-0.1688575,-2.731055,-0.06338426,-0.03365335,0.8887593,-0.9425585,0.1997827,-0.2677135,0.2477501,0.9556715,-0.159097,0.2240614,-0.2162842,-0.9502725,moving,-8.334298,13.9976,-4.079297,-2.168499
3347,05/08/2023 17:08:49.014541,3588,True,True,True,True,Eyes,0.6189169,0.09348189,-1.957312,0.1536272,-0.2379961,-0.9590394,0.0,0.0,0.0,0.0,0.0,0.0,0.0,-0.2530389,-0.4954382,-1.968035,0.3447699,0.09850042,-2.013475,0.1140721,0.9803051,-0.09510366,0.1301725,12.48355,166.1622,11.75383,0.3379914,0.04553203,-0.9400466,-0.6100564,-0.009313234,-0.05894491,0.8241966,-0.1670304,-2.731158,-0.06490177,-0.03455646,0.8864226,-0.9400854,0.1988912,-0.2769148,0.2484107,0.9558857,-0.1567631,0.2335202,-0.2161593,-0.9480209,moving,-9.100815,13.93703,-4.18759,-2.232499
3348,05/08/2023 17:08:49.022690,3589,True,True,True,True,Eyes,0.607084,0.0938342,-1.960309,0.1665603,-0.2366387,-0.9572145,0.0,0.0,0.0,0.0,0.0,0.0,0.0,-0.2849357,-0.4985186,-1.965803,0.3354097,0.1001598,-2.01781,0.1149729,0.9793797,-0.09648059,0.1352345,12.71367,165.5931,11.77762,0.3320845,0.04552522,-0.9421498,-0.6092898,-0.007959411,-0.06422982,0.8219271,-0.1651605,-2.731264,-0.068483,-0.02845229,0.8846806,-0.9369859,0.1991093,-0.2870771,0.2512993,0.9549454,-0.1578856,0.2427064,-0.2200788,-0.9448065,moving,-9.870932,13.88601,-4.42643,-1.84206
3349,05/08/2023 17:08:49.042714,3590,True,True,True,True,Eyes,0.5953817,0.09426016,-1.963365,0.1795001,-0.2352197,-0.9552232,0.0,0.0,0.0,0.0,0.0,0.0,0.0,-0.3183697,-0.4956043,-1.964369,0.3265093,0.1025102,-2.022031,0.1157213,0.9785103,-0.09625345,0.1409307,12.76703,164.9327,11.79392,0.3262028,0.04554221,-0.9442016,-0.6082313,-0.006424922,-0.06936823,0.8200127,-0.1635832,-2.731354,-0.07267249,-0.02181247,0.8839422,-0.9334942,0.1993389,-0.2980815,0.2535991,0.9546877,-0.1557526,0.2535272,-0.2209873,-0.9417476,moving,-10.64259,13.83362,-4.699949,-1.413564
3350,05/08/2023 17:08:49.062809,3591,True,True,True,True,Eyes,0.5837858,0.09473267,-1.966494,0.1926562,-0.2337577,-0.9530168,0.0,0.0,0.0,0.0,0.0,0.0,0.0,-0.3551335,-0.4838628,-1.964218,0.3177978,0.1046786,-2.026436,0.1161117,0.9776801,-0.09398358,0.147739,12.5963,164.1188,11.78178,0.3203556,0.0455843,-0.9461995,-0.6068441,-0.004761532,-0.07437285,0.8178701,-0.161818,-2.731453,-0.06953937,-0.03428814,0.882019,-0.9293826,0.1992702,-0.3107081,0.2548103,0.9553703,-0.1494633,0.2670577,-0.2180802,-0.9386807,moving,-11.42855,13.78154,-4.507938,-2.226229
3351,05/08/2023 17:08:49.073196,3592,True,True,True,True,Eyes,0.5723159,0.09524231,-1.969681,0.2057869,-0.2323408,-0.9506153,0.0,0.0,0.0,0.0,0.0,0.0,0.0,-0.3928989,-0.4702607,-1.963849,0.3091025,0.1061185,-2.031111,0.1154723,0.9768707,-0.09146424,0.1549975,12.3858,163.237,11.651,0.3145481,0.04565092,-0.9481427,-0.6052212,-0.003058315,-0.07929786,0.8155761,-0.1599279,-2.73156,-0.0747807,-0.01401237,0.8831611,-0.925284,0.1972495,-0.3239481,0.2539564,0.9566009,-0.1429016,0.2817018,-0.2144933,-0.9352202,moving,-12.21477,13.73446,-4.839913,-0.9089871
3352,05/08/2023 17:08:49.092694,3593,True,True,True,True,Eyes,0.5609603,0.09579607,-1.972944,0.2189336,-0.2310237,-0.9479958,0.0,0.0,0.0,0.0,0.0,0.0,0.0,-0.4294307,-0.4646831,-1.960961,0.3005138,0.1075338,-2.035642,0.1151278,0.9758669,-0.09092022,0.16175,12.39769,162.4345,11.53396,0.3087872,0.04574098,-0.9500302,-0.6033176,-0.001345912,-0.08410152,0.8135428,-0.1582527,-2.731655,-0.0792672,-0.002096772,0.8830517,-0.9211651,0.1952861,-0.3366278,0.2541115,0.9569582,-0.1402082,0.294758,-0.2146959,-0.931141,moving,-13.0041,13.69585,-5.129412,-0.1360464
3353,05/08/2023 17:08:49.112953,3594,True,True,True,True,Eyes,0.5497375,0.09636333,-1.97628,0.2321623,-0.2295567,-0.9452007,0.0,0.0,0.0,0.0,0.0,0.0,0.0,-0.4679168,-0.4515024,-1.959099,0.2922497,0.1089992,-2.040485,0.1154244,0.974804,-0.08854666,0.1690971,12.22007,161.5546,11.5141,0.303077,0.04585383,-0.9518619,-0.6011855,0.0003961356,-0.08884442,0.8114266,-0.1565091,-2.731754,-0.0880335,-0.02343033,0.8809457,-0.916167,0.1950863,-0.3501139,0.2549783,0.9576734,-0.1335954,0.3092321,-0.2116671,-0.9271315,moving,-13.79993,13.65087,-5.70666,-1.523525
3354,05/08/2023 17:08:49.122661,3595,True,True,True,True,Eyes,0.5386159,0.0969295,-1.979705,0.2452602,-0.2280941,-0.9422423,0.0,0.0,0.0,0.0,0.0,0.0,0.0,-0.5079703,-0.4330002,-1.957368,0.2840357,0.1098482,-2.0455,0.1153538,0.9737164,-0.08506154,0.1770155,11.91676,160.5939,11.46761,0.2974235,0.04598698,-0.9536371,-0.5987827,0.00207414,-0.09352054,0.8092625,-0.1547262,-2.731855,-0.09119233,-0.01837848,0.8819379,-0.9107182,0.1945293,-0.3643501,0.2547581,0.9589161,-0.1248128,0.3251014,-0.2064904,-0.9228601,moving,-14.59,13.60814,-5.903402,-1.1938
3355,05/08/2023 17:08:49.142727,3596,True,True,True,True,Eyes,0.5276199,0.09747976,-1.983204,0.2583482,-0.2266815,-0.9390802,0.0,0.0,0.0,0.0,0.0,0.0,0.0,-0.546572,-0.421883,-1.953759,0.275825,0.1102723,-2.05077,0.1152594,0.9724942,-0.08346694,0.1844013,11.82073,159.71,11.3958,0.2918269,0.04613737,-0.9553573,-0.5962207,0.0036482,-0.09818574,0.8070822,-0.1529298,-2.731957,-0.09493655,-0.01581708,0.8816138,-0.9054232,0.1933954,-0.3778991,0.254961,0.959497,-0.1198342,0.3394177,-0.2048502,-0.9180592,moving,-15.38199,13.57084,-6.14621,-1.027836
3356,05/08/2023 17:08:49.162598,3597,True,True,True,True,Eyes,0.5167525,0.09800705,-1.986778,0.2712193,-0.2254771,-0.9357351,0.0,0.0,0.0,0.0,0.0,0.0,0.0,-0.5846485,-0.4134941,-1.948854,0.2676795,0.1104447,-2.05596,0.1155853,0.9711413,-0.08263572,0.1915623,11.81694,158.8625,11.36245,0.2862915,0.04630135,-0.9570228,-0.5934354,0.005080096,-0.1027903,0.8048452,-0.1510867,-2.732061,-0.09830171,-0.02260615,0.88126,-0.899888,0.1928395,-0.3911709,0.256159,0.9596228,-0.1162184,0.352965,-0.2047855,-0.9129505,moving,-16.16403,13.54787,-6.364848,-1.469433
3357,05/08/2023 17:08:49.173318,3598,True,True,True,True,Eyes,0.5060128,0.09850395,-1.990415,0.2840272,-0.2244182,-0.932183,0.0,0.0,0.0,0.0,0.0,0.0,0.0,-0.6201504,-0.408294,-1.943502,0.2597716,0.1104273,-2.061265,0.11565,0.9698272,-0.08254089,0.1981094,11.88357,158.0888,11.29225,0.2808203,0.04647528,-0.9586341,-0.5904315,0.006357168,-0.1073449,0.8026268,-0.149259,-2.732164,-0.1025255,-0.02197361,0.880807,-0.8947556,0.1916168,-0.4033556,0.2570253,0.9596241,-0.1142781,0.3651721,-0.2059235,-0.9078795,moving,-16.94547,13.53608,-6.639321,-1.429069
3358,05/08/2023 17:08:49.192894,3599,True,True,True,True,Eyes,0.4953884,0.09897761,-1.994111,0.2964804,-0.2236661,-0.9284787,0.0,0.0,0.0,0.0,0.0,0.0,0.0,-0.6559883,-0.4068189,-1.936399,0.2519479,0.110236,-2.066357,0.115619,0.9683813,-0.08342255,0.2047208,12.05842,157.3118,11.18933,0.2754163,0.04665552,-0.9601919,-0.5872247,0.00746642,-0.1118147,0.8006203,-0.1476059,-2.732258,-0.1051275,-0.02079999,0.8805847,-0.8894434,0.1897699,-0.415786,0.2580832,0.9593458,-0.1142304,0.377205,-0.2089089,-0.9022602,moving,-17.70924,13.54423,-6.807962,-1.353113
3359,05/08/2023 17:08:49.213053,3600,True,True,True,True,Eyes,0.4848945,0.09942222,-1.997871,0.3089342,-0.2229542,-0.9245816,0.0,0.0,0.0,0.0,0.0,0.0,0.0,-0.6917031,-0.4066573,-1.928275,0.2441667,0.1101845,-2.071306,0.1154663,0.9668792,-0.08459108,0.211321,12.26184,156.5348,11.06428,0.2700807,0.04683935,-0.9616975,-0.5838643,0.008439424,-0.1161941,0.7984612,-0.1458269,-2.732359,-0.1070384,-0.01940989,0.8803776,-0.8840222,0.1875322,-0.4281786,0.2590357,0.9590238,-0.1147778,0.389109,-0.2123796,-0.8963758,moving,-18.47623,13.55751,-6.932134,-1.263009
3360,05/08/2023 17:08:49.222837,3601,True,True,True,True,Eyes,0.4744968,0.09981544,-2.001705,0.3211945,-0.2223524,-0.9205397,0.0,0.0,0.0,0.0,0.0,0.0,0.0,-0.7288883,-0.3996007,-1.920722,0.2366345,0.1099488,-2.076547,0.1153951,0.9653367,-0.08416127,0.2184629,12.29276,155.6821,10.97513,0.2648155,0.04702397,-0.9631515,-0.5803144,0.009266877,-0.1205027,0.7963084,-0.1440533,-2.732459,-0.107753,-0.01188329,0.8807523,-0.8779159,0.1860179,-0.441204,0.2595624,0.9592018,-0.1120688,0.4023569,-0.212907,-0.8903816,moving,-19.23489,13.57944,-6.975018,-0.7729994
3361,05/08/2023 17:08:49.242963,3602,True,True,True,True,Eyes,0.4642106,0.1001599,-2.005589,0.3333574,-0.2219572,-0.9163011,0.0,0.0,0.0,0.0,0.0,0.0,0.0,-0.7645826,-0.394664,-1.912575,0.2289412,0.1090596,-2.081821,0.1152727,0.9637872,-0.08436988,0.2251855,12.38881,154.8813,10.87053,0.2596185,0.04720571,-0.9645565,-0.5766883,0.009890522,-0.1247753,0.7941746,-0.1422952,-2.732559,-0.1087541,-0.004993737,0.88068,-0.8720078,0.1841989,-0.4535128,0.2601944,0.9591879,-0.1107137,0.4146106,-0.2145446,-0.8843467,moving,-19.99178,13.61658,-7.039747,-0.3248819
3362,05/08/2023 17:08:49.262849,3603,True,True,True,True,Eyes,0.4540468,0.100468,-2.009529,0.3451743,-0.2216055,-0.912001,0.0,0.0,0.0,0.0,0.0,0.0,0.0,-0.7990156,-0.3963432,-1.902643,0.2211783,0.1082893,-2.086843,0.1158029,0.9620898,-0.0862389,0.2313782,12.68129,154.1592,10.80643,0.2544897,0.04738156,-0.9659139,-0.5729458,0.01033043,-0.1289396,0.7920257,-0.1405247,-2.732659,-0.1073237,-0.004329979,0.8805494,-0.8661079,0.182918,-0.4651867,0.2627332,0.9583051,-0.1123506,0.4252398,-0.2195276,-0.8780542,moving,-20.73066,13.65751,-6.949084,-0.2817418
3363,05/08/2023 17:08:49.273339,3604,True,True,True,True,Eyes,0.4439888,0.1007241,-2.013521,0.3570403,-0.2211831,-0.9075242,0.0,0.0,0.0,0.0,0.0,0.0,0.0,-0.833332,-0.3881968,-1.894526,0.2136691,0.1077818,-2.092151,0.1167512,0.9604755,-0.08570497,0.23772,12.71745,153.4091,10.84433,0.2494301,0.04754956,-0.9672245,-0.5690603,0.0106349,-0.1330242,0.7897761,-0.1386713,-2.732764,-0.104722,-0.001558393,0.8806968,-0.8597171,0.1835257,-0.4766607,0.2650208,0.9580476,-0.1091269,0.4366361,-0.2201432,-0.872288,moving,-21.47579,13.69717,-6.781093,-0.1013848
3364,05/08/2023 17:08:49.293247,3605,True,True,True,True,Eyes,0.4340399,0.1009203,-2.017572,0.3687106,-0.2206309,-0.9029809,0.0,0.0,0.0,0.0,0.0,0.0,0.0,-0.8715155,-0.3712996,-1.885532,0.2059568,0.106756,-2.097336,0.1177289,0.9586771,-0.08334881,0.245217,12.56502,152.5097,10.91699,0.2444384,0.04770718,-0.9684903,-0.5650908,0.01076519,-0.1370198,0.7877348,-0.1369895,-2.732859,-0.100337,-0.001078397,0.8806785,-0.8520173,0.1848508,-0.4897929,0.266605,0.9583858,-0.1020709,0.4505427,-0.2175474,-0.8658434,moving,-22.21147,13.73041,-6.499765,-0.07015906
3365,05/08/2023 17:08:49.312745,3606,True,True,True,True,Eyes,0.4241743,0.1010573,-2.021679,0.3804258,-0.2201293,-0.8982312,0.0,0.0,0.0,0.0,0.0,0.0,0.0,-0.9106592,-0.3582942,-1.874732,0.1982581,0.1055665,-2.102818,0.117903,0.9567584,-0.08190809,0.2529887,12.49702,151.5714,10.87314,0.2395138,0.04785179,-0.9697127,-0.5610321,0.01070798,-0.1409501,0.7855943,-0.1352259,-2.732959,-0.09742557,0.003985435,0.8807687,-0.8441912,0.1841658,-0.5034125,0.2670531,0.9587799,-0.09707624,0.4647837,-0.2163888,-0.8585755,moving,-22.95401,13.77007,-6.312069,0.2592588
3366,05/08/2023 17:08:49.322624,3607,True,True,True,True,Eyes,0.4143748,0.1011356,-2.025857,0.3919334,-0.2195063,-0.8934233,0.0,0.0,0.0,0.0,0.0,0.0,0.0,-0.9497221,-0.3495626,-1.862146,0.1902032,0.1043002,-2.108245,0.117988,0.9547281,-0.08154689,0.2606212,12.54525,150.6526,10.7928,0.2346525,0.04798121,-0.9708942,-0.5569668,0.01047641,-0.1448155,0.7834374,-0.1334488,-2.733059,-0.0919922,0.006414652,0.8808947,-0.836311,0.1827871,-0.516888,0.2677985,0.9588579,-0.09420986,0.4784017,-0.2172105,-0.8508535,moving,-23.68645,13.80366,-5.961812,0.417219
3367,05/08/2023 17:08:49.342803,3608,True,True,True,True,Eyes,0.4046414,0.1011581,-2.030091,0.4033976,-0.2189024,-0.8884548,0.0,0.0,0.0,0.0,0.0,0.0,0.0,-0.9861378,-0.3366203,-1.851079,0.1820712,0.1029229,-2.11389,0.1176043,0.9529365,-0.08001589,0.267729,12.44324,149.7842,10.69931,0.2298487,0.04809358,-0.9720371,-0.5529475,0.01008261,-0.14866,0.7812796,-0.131671,-2.73316,-0.08614834,0.002679914,0.8807243,-0.828981,0.1812937,-0.5290777,0.266984,0.9595334,-0.08952798,0.4914369,-0.2154723,-0.8438374,moving,-24.42015,13.84117,-5.586634,0.1743421
3368,05/08/2023 17:08:49.362846,3609,True,True,True,True,Eyes,0.3949627,0.1011241,-2.03438,0.4144266,-0.2179897,-0.8835899,0.0,0.0,0.0,0.0,0.0,0.0,0.0,-1.019926,-0.3284353,-1.839678,0.1737672,0.1016246,-2.119437,0.1173041,0.951212,-0.07956399,0.274053,12.45423,149.015,10.59582,0.2250979,0.04818751,-0.9731436,-0.5489707,0.009545225,-0.1524426,0.7791354,-0.1299044,-2.73326,-0.08065044,0.008418977,0.8809016,-0.8222695,0.1795527,-0.5400314,0.2667717,0.9598186,-0.08706933,0.5026987,-0.2156595,-0.8371291,moving,-25.1278,13.85865,-5.231099,0.5475722
3369,05/08/2023 17:08:49.373138,3610,True,True,True,True,Eyes,0.3853305,0.1010266,-2.03874,0.425448,-0.2169635,-0.8785902,0.0,0.0,0.0,0.0,0.0,0.0,0.0,-1.05475,-0.3155918,-1.827751,0.1653073,0.1002107,-2.124947,0.1174633,0.949374,-0.07816283,0.2806815,12.37746,148.2087,10.56895,0.2203948,0.04826181,-0.9742158,-0.5450686,0.008870588,-0.1561642,0.7767683,-0.1279542,-2.733371,-0.07744449,0.01501198,0.8806172,-0.8148406,0.1791554,-0.5513059,0.2669109,0.9601859,-0.08247196,0.5145809,-0.214351,-0.8302169,moving,-25.83809,13.87138,-5.025857,0.9766331
3370,05/08/2023 17:08:49.392953,3611,True,True,True,True,Eyes,0.3757333,0.1008635,-2.043161,0.4361308,-0.2154285,-0.8737165,0.0,0.0,0.0,0.0,0.0,0.0,0.0,-1.088065,-0.2977901,-1.81732,0.1566218,0.09855241,-2.130956,0.1174079,0.9477107,-0.07552119,0.2869782,12.1535,147.4337,10.56203,0.2157336,0.04831501,-0.975256,-0.5412613,0.008045701,-0.1598728,0.7748669,-0.1263876,-2.733459,-0.07619956,0.01734549,0.8804278,-0.807718,0.1791916,-0.5616781,0.2658834,0.9610239,-0.07575744,0.526211,-0.2105315,-0.8238803,moving,-26.52688,13.8509,-4.946528,1.12865
3371,05/08/2023 17:08:49.413234,3612,True,True,True,True,Eyes,0.3661587,0.1006427,-2.047669,0.4468472,-0.2137657,-0.8686954,0.0,0.0,0.0,0.0,0.0,0.0,0.0,-1.122684,-0.2808493,-1.80511,0.1474853,0.09681462,-2.136959,0.1188692,0.9457344,-0.07355759,0.2933359,12.05608,146.6695,10.70666,0.2111086,0.04834581,-0.976266,-0.537577,0.007073724,-0.1635427,0.7726516,-0.1245624,-2.733562,-0.07525367,0.02114064,0.8800366,-0.7996485,0.1816832,-0.5723232,0.2679915,0.9609188,-0.06939467,0.5373483,-0.2088691,-0.8170868,moving,-27.22078,13.82448,-4.887585,1.37612
3372,05/08/2023 17:08:49.422724,3613,True,True,True,True,Eyes,0.3565858,0.1003595,-2.052275,0.4573064,-0.2115062,-0.8637916,0.0,0.0,0.0,0.0,0.0,0.0,0.0,-1.157928,-0.2551502,-1.793621,0.1382666,0.09512833,-2.143551,0.1203101,0.9437646,-0.06951655,0.3000023,11.73592,145.8564,10.91407,0.2065127,0.04835342,-0.9772482,-0.5340463,0.005987019,-0.1672564,0.7704652,-0.122761,-2.733665,-0.07441767,0.02600367,0.8796898,-0.7910482,0.1853786,-0.5829902,0.2687991,0.9613858,-0.05902786,0.549536,-0.2034012,-0.8103321,moving,-27.89753,13.75862,-4.835443,1.693173
3373,05/08/2023 17:08:49.443009,3614,True,True,True,True,Eyes,0.3470011,0.1000358,-2.056976,0.4677729,-0.2093717,-0.858692,0.0,0.0,0.0,0.0,0.0,0.0,0.0,-1.193042,-0.2319865,-1.781102,0.1285954,0.0932453,-2.150409,0.1217333,0.9417291,-0.06619217,0.3065062,11.49568,145.0638,11.10256,0.2019375,0.04833693,-0.9782047,-0.5307223,0.004778029,-0.1710376,0.7683226,-0.1209957,-2.733764,-0.0743702,0.02704242,0.8790993,-0.7824699,0.1887029,-0.5934072,0.2698561,0.9615992,-0.05004616,0.561176,-0.1992942,-0.8033451,moving,-28.57936,13.70285,-4.835605,1.761949
3374,05/08/2023 17:08:49.462854,3615,True,True,True,True,Eyes,0.3374031,0.09968944,-2.061784,0.4780621,-0.2068312,-0.8536261,0.0,0.0,0.0,0.0,0.0,0.0,0.0,-1.2303,-0.2164127,-1.765296,0.1185452,0.09192482,-2.157368,0.123906,0.9393112,-0.06492677,0.3132516,11.51359,144.2573,11.30551,0.1973744,0.04829668,-0.9791375,-0.5276328,0.003520321,-0.1748773,0.7662589,-0.1192955,-2.733861,-0.07452143,0.0263117,0.8784876,-0.7730418,0.1920957,-0.6045709,0.2734493,0.9608636,-0.04434539,0.5723917,-0.1996003,-0.7953163,moving,-29.25043,13.62012,-4.848748,1.71556
3375,05/08/2023 17:08:49.473346,3616,True,True,True,True,Eyes,0.3277821,0.09930299,-2.066708,0.4883893,-0.2042291,-0.8483904,0.0,0.0,0.0,0.0,0.0,0.0,0.0,-1.266493,-0.1966878,-1.750257,0.1084369,0.09095944,-2.164731,0.1248469,0.9371126,-0.06223751,0.3199376,11.33432,143.4365,11.42173,0.1928162,0.0482339,-0.9800485,-0.524769,0.002270014,-0.1788092,0.7640576,-0.1174818,-2.733963,-0.07470993,0.02325249,0.8773943,-0.7641065,0.194167,-0.6151754,0.2738155,0.9610795,-0.03676062,0.5840947,-0.1965335,-0.787533,moving,-29.92756,13.53502,-4.866983,1.518083
3376,05/08/2023 17:08:49.495172,3617,True,True,True,True,Eyes,0.3181374,0.09885844,-2.071716,0.4984105,-0.2014213,-0.843218,0.0,0.0,0.0,0.0,0.0,0.0,0.0,-1.302259,-0.175296,-1.735065,0.09808314,0.08956125,-2.172422,0.1251335,0.9349811,-0.05907712,0.3265912,11.08161,142.609,11.48547,0.1882551,0.04814869,-0.9809389,-0.5221459,0.0009744726,-0.1828536,0.7619851,-0.1157743,-2.73406,-0.07519265,0.02209754,0.8762183,-0.7553595,0.1954068,-0.6254982,0.272583,0.9617031,-0.02873697,0.5959282,-0.192207,-0.779696,moving,-30.58655,13.43462,-4.90482,1.444649
3377,05/08/2023 17:08:49.513143,3618,True,True,True,True,Eyes,0.3084351,0.09839944,-2.076849,0.508425,-0.1987598,-0.8378536,0.0,0.0,0.0,0.0,0.0,0.0,0.0,-1.339291,-0.1601361,-1.717262,0.08681171,0.08782176,-2.180157,0.1261672,0.9325795,-0.0578487,0.3332129,11.06825,141.8006,11.56617,0.1836857,0.04804027,-0.9818102,-0.5197511,-0.0004176571,-0.1869063,0.7597399,-0.1139244,-2.734165,-0.07519462,0.02229966,0.8749395,-0.7461022,0.19677,-0.6360922,0.2738737,0.9614708,-0.02381596,0.6068978,-0.1919781,-0.7712455,moving,-31.25015,13.3453,-4.912081,1.459987
3378,05/08/2023 17:08:49.522755,3619,True,True,True,True,Eyes,0.29871,0.09794809,-2.082095,0.5182112,-0.1959715,-0.8324976,0.0,0.0,0.0,0.0,0.0,0.0,0.0,-1.375989,-0.1489469,-1.698931,0.07556124,0.0870199,-2.18829,0.1269366,0.9301879,-0.05728404,0.3396416,11.11598,141.0147,11.59596,0.1790992,0.04791012,-0.9826635,-0.5176732,-0.001769599,-0.1910914,0.7576881,-0.112234,-2.734261,-0.0757582,0.02165657,0.8732629,-0.7370617,0.1972378,-0.6464037,0.2750619,0.9612113,-0.02034391,0.617318,-0.1927957,-0.7627245,moving,-31.90134,13.24637,-4.958169,1.420621
3379,05/08/2023 17:08:49.543120,3620,True,True,True,True,Eyes,0.2889321,0.09760138,-2.087476,0.5278552,-0.1934629,-0.8270072,0.0,0.0,0.0,0.0,0.0,0.0,0.0,-1.41118,-0.1398761,-1.681405,0.06440837,0.08699078,-2.196907,0.1262771,0.9280825,-0.05650614,0.3457225,11.08111,140.2553,11.4803,0.1744919,0.04776068,-0.9834993,-0.5157878,-0.003017469,-0.1953637,0.7555537,-0.1104755,-2.73436,-0.07703807,0.02261117,0.8715941,-0.7290601,0.1953203,-0.6559889,0.2734621,0.9617223,-0.017571,0.6274471,-0.1921984,-0.754566,moving,-32.54893,13.16651,-5.051108,1.486052
3380,05/08/2023 17:08:49.562880,3621,True,True,True,True,Eyes,0.2791417,0.09731702,-2.09298,0.5375977,-0.190401,-0.8214232,0.0,0.0,0.0,0.0,0.0,0.0,0.0,-1.443168,-0.1342139,-1.66565,0.05324337,0.08916771,-2.205527,0.1290084,0.9258912,-0.05709371,0.3504608,11.31191,139.6984,11.70175,0.1698573,0.04759914,-0.9843182,-0.5141743,-0.003876559,-0.199783,0.7534018,-0.1087025,-2.73446,-0.07910763,0.02287182,0.8693637,-0.721068,0.1988773,-0.6637083,0.2789138,0.9601943,-0.01530031,0.6342459,-0.1961499,-0.747835,moving,-33.20358,13.05035,-5.199304,1.50703
3381,05/08/2023 17:08:49.572862,3622,True,True,True,True,Eyes,0.2692664,0.0970871,-2.098624,0.5472592,-0.1875405,-0.8156812,0.0,0.0,0.0,0.0,0.0,0.0,0.0,-1.486064,-0.0892332,-1.643317,0.04172803,0.09051424,-2.215153,0.1304508,0.9227824,-0.04852506,0.3593058,10.56201,138.5724,12.08913,0.1651948,0.04742969,-0.9851196,-0.5126951,-0.004497042,-0.2043091,0.751159,-0.1068546,-2.734565,-0.08194432,0.02391036,0.8671923,-0.7077639,0.2058846,-0.6757824,0.275626,0.9612558,0.004187285,0.6504618,-0.1832996,-0.7370893,moving,-33.85857,12.94835,-5.398069,1.579368
3382,05/08/2023 17:08:49.592935,3623,True,True,True,True,Eyes,0.2593068,0.09696203,-2.104404,0.5568113,-0.1852012,-0.8097294,0.0,0.0,0.0,0.0,0.0,0.0,0.0,-1.520662,-0.09083531,-1.623446,0.02970251,0.09163708,-2.224175,0.1291299,0.9207126,-0.04984616,0.3648688,10.72054,137.878,11.82869,0.1604962,0.04725555,-0.9859043,-0.5115594,-0.004916972,-0.2089821,0.7489982,-0.1050744,-2.734666,-0.08460781,0.02572438,0.8646216,-0.7003925,0.2014084,-0.6847519,0.2741576,0.9616816,0.002442955,0.6590054,-0.1860189,-0.7287723,moving,-34.5144,12.88309,-5.588902,1.704172
3383,05/08/2023 17:08:49.613188,3624,True,True,True,True,Eyes,0.2492985,0.09694576,-2.110363,0.5664206,-0.1825065,-0.8036536,0.0,0.0,0.0,0.0,0.0,0.0,0.0,-1.559095,-0.1007649,-1.598775,0.01751203,0.09410708,-2.233349,0.1316016,0.9176962,-0.05453493,0.370865,11.40283,137.1762,11.83766,0.1557549,0.04708224,-0.9866726,-0.5107445,-0.00499715,-0.2137853,0.7469634,-0.1033979,-2.734761,-0.08838384,0.02928485,0.8620632,-0.6902806,0.2010903,-0.6950365,0.2819907,0.9594139,-0.002480158,0.6663291,-0.1977059,-0.7189704,moving,-35.17645,12.79463,-5.853849,1.945627
3384,05/08/2023 17:08:49.622848,3625,True,True,True,True,Eyes,0.2392221,0.09700484,-2.116435,0.5758991,-0.1798811,-0.7974855,0.0,0.0,0.0,0.0,0.0,0.0,0.0,-1.592726,-0.07547514,-1.581345,0.00619399,0.09660466,-2.243603,0.1293508,0.9158388,-0.04859358,0.3770233,10.75118,136.3598,11.7631,0.1509681,0.04691477,-0.9874244,-0.5101249,-0.004746137,-0.2188324,0.7447081,-0.1015398,-2.734866,-0.09184353,0.03491198,0.8592261,-0.6822439,0.2002871,-0.7031563,0.2735707,0.9618141,0.008528731,0.6780139,-0.1865443,-0.7109845,moving,-35.83469,12.71094,-6.101236,2.326756
3385,05/08/2023 17:08:49.643588,3626,True,True,True,True,Eyes,0.2291055,0.09717015,-2.122687,0.5852633,-0.1771733,-0.7912499,0.0,0.0,0.0,0.0,0.0,0.0,0.0,-1.625647,-0.07396457,-1.561362,-0.006231277,0.09863491,-2.253061,0.1288545,0.9137652,-0.04921637,0.3821091,10.86044,135.7223,11.62365,0.1461334,0.04675608,-0.9881589,-0.5097466,-0.004284142,-0.2239186,0.742669,-0.09985977,-2.734961,-0.09592758,0.03673406,0.8562183,-0.6747783,0.1978735,-0.7109996,0.2730976,0.9619485,0.00852857,0.6856325,-0.1884174,-0.7031408,moving,-36.4892,12.62124,-6.392552,2.456636
3386,05/08/2023 17:08:49.663335,3627,True,True,True,True,Eyes,0.2189773,0.09739158,-2.129045,0.5945784,-0.1741544,-0.7849503,0.0,0.0,0.0,0.0,0.0,0.0,0.0,-1.655005,-0.06594978,-1.546416,-0.01740081,0.1013235,-2.263675,0.1269097,0.9122802,-0.04723609,0.3865328,10.62001,135.1426,11.44557,0.1412501,0.04661022,-0.9888756,-0.5095116,-0.003531153,-0.2292396,0.7405309,-0.09809814,-2.735061,-0.09982537,0.0385472,0.8530868,-0.6689727,0.1950378,-0.7172419,0.268071,0.9633254,0.01192444,0.693263,-0.1842946,-0.6967224,moving,-37.14293,12.5094,-6.674209,2.587182
3387,05/08/2023 17:08:49.679457,3628,True,True,True,True,Eyes,0.208829,0.09766121,-2.135554,0.6036261,-0.1710922,-0.7786932,0.0,0.0,0.0,0.0,0.0,0.0,0.0,-1.678737,-0.05369558,-1.536123,-0.02878449,0.1030484,-2.273602,0.1231924,0.9116142,-0.04340551,0.3897423,10.08825,134.693,11.17287,0.136323,0.04647846,-0.9895731,-0.5093254,-0.002655012,-0.2345618,0.738252,-0.09622061,-2.735167,-0.1041017,0.03993362,0.849543,-0.665849,0.190774,-0.7212837,0.2584419,0.9658791,0.01688844,0.6998948,-0.1751648,-0.6924338,moving,-37.78207,12.39195,-6.986112,2.691265
3388,05/08/2023 17:08:49.693132,3629,True,True,True,True,Eyes,0.1986641,0.0979991,-2.142199,0.6126677,-0.1682139,-0.7722321,0.0,0.0,0.0,0.0,0.0,0.0,0.0,-1.700088,-0.04981107,-1.528104,-0.03945563,0.1044535,-2.283728,0.1211481,0.9109879,-0.04222742,0.3919709,9.898911,134.3922,10.97966,0.1313543,0.04636137,-0.9902503,-0.5092108,-0.001686802,-0.2400139,0.736171,-0.09450603,-2.735264,-0.1089188,0.04232551,0.8459875,-0.663364,0.187625,-0.724393,0.2538327,0.96708,0.01803571,0.7039298,-0.1719104,-0.6891513,moving,-38.42752,12.28867,-7.336332,2.864171
3389,05/08/2023 17:08:49.712878,3630,True,True,True,True,Eyes,0.1885182,0.09838931,-2.14898,0.6215432,-0.1653141,-0.7657383,0.0,0.0,0.0,0.0,0.0,0.0,0.0,-1.721106,-0.0426704,-1.519831,-0.04992056,0.1063511,-2.293494,0.1215241,0.9100691,-0.04124184,0.3940878,9.837138,134.1248,11.04036,0.1263467,0.04626057,-0.9909064,-0.5091531,-0.0005719425,-0.2455487,0.7340849,-0.09278731,-2.735361,-0.1138598,0.04533568,0.8423657,-0.6598534,0.1886849,-0.727318,0.2536965,0.9670619,0.02071647,0.7072704,-0.1708482,-0.6859878,moving,-39.06594,12.18253,-7.697832,3.080657
3390,05/08/2023 17:08:49.722679,3631,True,True,True,True,Eyes,0.1783854,0.09881227,-2.155893,0.6305814,-0.1629071,-0.7588335,0.0,0.0,0.0,0.0,0.0,0.0,0.0,-1.745766,-0.02358522,-1.507776,-0.05967853,0.107951,-2.303569,0.122953,0.9084626,-0.03813397,0.3976483,9.617545,133.6736,11.29268,0.1213069,0.04617671,-0.9915399,-0.5090415,0.0006330018,-0.2511583,0.7318586,-0.09095302,-2.735465,-0.1193135,0.04544537,0.8383666,-0.6535168,0.1930686,-0.7318746,0.2537242,0.9668567,0.02849755,0.7131199,-0.1670707,-0.6808434,moving,-39.72617,12.11641,-8.099749,3.102798
3391,05/08/2023 17:08:49.748559,3632,True,True,True,True,Eyes,0.1682846,0.09927725,-2.162931,0.6394221,-0.1608612,-0.7518399,0.0,0.0,0.0,0.0,0.0,0.0,0.0,-1.772301,-0.01482818,-1.492601,-0.06944994,0.1091362,-2.313525,0.1245802,0.9065452,-0.03782095,0.4015284,9.707463,133.1955,11.44007,0.1162404,0.04610932,-0.9921498,-0.5088974,0.001863908,-0.2568262,0.7298019,-0.08925854,-2.735561,-0.1235403,0.04201272,0.8345705,-0.6465091,0.1955028,-0.7374309,0.2562476,0.9660987,0.03147221,0.7185839,-0.1686178,-0.6746888,moving,-40.38038,12.07673,-8.420263,2.881867
3392,05/08/2023 17:08:49.764510,3633,True,True,True,True,Eyes,0.1582551,0.09977876,-2.170073,0.6483588,-0.1591859,-0.744507,0.0,0.0,0.0,0.0,0.0,0.0,0.0,-1.801,-0.01597432,-1.474398,-0.07885657,0.1106682,-2.323626,0.12663,0.9042585,-0.04013101,0.4057967,10.09901,132.683,11.50971,0.1111542,0.0460585,-0.9927348,-0.5086658,0.003147023,-0.2625317,0.7276354,-0.08747357,-2.735662,-0.1295033,0.04433551,0.8301715,-0.6385878,0.1964425,-0.7440538,0.2615827,0.9647086,0.0301945,0.7237266,-0.1753497,-0.6674371,moving,-41.05119,12.06891,-8.86644,3.056991
3393,05/08/2023 17:08:49.772702,3634,True,True,True,True,Eyes,0.1482889,0.1002995,-2.177328,0.6570783,-0.157617,-0.7371601,0.7497618,0.6409412,-0.01787573,-2.730023,0.5089765,-0.5413156,0.6692685,-0.1892326,0.05333868,0.8161574,-0.0876343,0.1122085,-2.333761,0.1266418,0.902554,-0.04067591,0.4095162,10.20369,132.2147,11.4449,0.1060591,0.04602409,-0.9932937,-0.5082344,0.004462742,-0.2682046,0.7253199,-0.08556575,-2.73577,-0.134757,0.05240188,0.8256937,-0.6325165,0.1952872,-0.7495235,0.261917,0.9646146,0.0302993,0.7289184,-0.1771481,-0.6612837,moving,-41.71268,12.06905,-9.269211,3.631353
3394,05/08/2023 17:08:49.792866,3635,True,True,True,True,Eyes,0.1384341,0.1008364,-2.18465,0.6660095,-0.1563446,-0.7293748,0.7423504,0.6328465,-0.0152261,-2.726102,-0.03064726,-0.364674,0.9306307,-0.1933939,0.05544636,0.8084574,-0.09613751,0.1132069,-2.343785,0.1265468,0.9009619,-0.04110291,0.4129941,10.28767,131.7747,11.37609,0.1009639,0.04600498,-0.9938254,-0.5076389,0.00575723,-0.273879,0.7232777,-0.08388323,-2.735866,-0.1362237,0.03805523,0.822413,-0.6268438,0.1940772,-0.7545867,0.2619783,0.9645929,0.03046186,0.7337809,-0.1785905,-0.6554931,moving,-42.39995,12.09851,-9.405027,2.649338
3395,05/08/2023 17:08:49.813139,3636,True,True,True,True,Eyes,0.1286852,0.1013819,-2.192067,0.6747878,-0.1550852,-0.7215331,0.7405265,0.6283835,-0.0134628,-2.726381,-0.3280818,-0.2470591,0.9117697,-0.1960036,0.05671192,0.8062519,-0.1038816,0.1143176,-2.353372,0.1260475,0.8993638,-0.04148341,0.4165764,10.34845,131.3171,11.26462,0.09588214,0.04600015,-0.9943287,-0.5067451,0.007022463,-0.2794124,0.7211863,-0.08216015,-2.735963,-0.1363982,0.02914032,0.8197312,-0.6211523,0.1921632,-0.7597652,0.2612872,0.9647823,0.03039949,0.7388497,-0.1796342,-0.6494865,moving,-43.0826,12.13051,-9.447109,2.035929
3396,05/08/2023 17:08:49.823169,3637,True,True,True,True,Eyes,0.1189755,0.1019535,-2.19967,0.6847209,-0.1544394,-0.712254,0.7406242,0.6260964,-0.01242808,-2.727183,-0.4806573,-0.1781562,0.8586203,-0.198118,0.05668015,0.806149,-0.1111566,0.1150643,-2.363118,0.1257299,0.8973632,-0.04073232,0.4210369,10.31019,130.7437,11.21503,0.09082463,0.04600815,-0.9948031,-0.505587,0.00823753,-0.2848971,0.7190594,-0.08040779,-2.736062,-0.1387798,0.0528305,0.8178805,-0.6138399,0.1913513,-0.7658886,0.2599505,0.9650657,0.03277053,0.7454036,-0.1789773,-0.6421378,moving,-43.8709,12.23417,-9.630352,3.695852
3397,05/08/2023 17:08:49.843481,3638,True,True,True,True,Eyes,0.1094079,0.1025169,-2.207358,0.6945593,-0.1538052,-0.7028025,0.7411852,0.6242049,-0.01148117,-2.728265,-0.606773,-0.1150341,0.7865072,-0.1980021,0.05735454,0.8068038,-0.1179935,0.1157026,-2.372748,0.1264056,0.894725,-0.03980347,0.4265027,10.31449,130.0473,11.26819,0.0857915,0.04602837,-0.9952488,-0.5043809,0.009458127,-0.2906135,0.7168627,-0.07859796,-2.736165,-0.1462138,0.05238305,0.8143281,-0.6042343,0.192244,-0.773268,0.2601491,0.9648746,0.03659836,0.7531425,-0.179051,-0.6330224,moving,-44.66201,12.34431,-10.17908,3.680578
3398,05/08/2023 17:08:49.863164,3639,True,True,True,True,Eyes,0.09994983,0.1030644,-2.215155,0.7046508,-0.1533743,-0.6927797,0.742146,0.6229037,-0.01076169,-2.729298,-0.6933809,-0.06705131,0.7174448,-0.1958981,0.05722761,0.8080735,-0.1242922,0.1160607,-2.38253,0.1269486,0.891475,-0.03840483,0.4332223,10.28053,129.1853,11.31585,0.08079597,0.0460587,-0.9956654,-0.5028207,0.01058099,-0.2962409,0.7147495,-0.07685684,-2.736263,-0.1537716,0.05248415,0.812637,-0.5924053,0.1930673,-0.7821645,0.2596186,0.9648182,0.04152001,0.7626628,-0.1784678,-0.6216872,moving,-45.48671,12.48334,-10.71513,3.695315
3399,05/08/2023 17:08:49.872925,3640,True,True,True,True,Eyes,0.09064555,0.1035948,-2.223019,0.7146505,-0.1531671,-0.6825061,0.7433477,0.6218793,-0.01026164,-2.730359,-0.7618179,-0.03372774,0.6469126,-0.1914782,0.05898052,0.8101499,-0.1304771,0.1159797,-2.391967,0.1271665,0.8876503,-0.03864738,0.4409219,10.41355,128.1975,11.23817,0.07584552,0.04609677,-0.9960529,-0.5010257,0.01158856,-0.301856,0.7125037,-0.07500654,-2.736368,-0.1589591,0.06014966,0.8098798,-0.5788329,0.1916778,-0.7925981,0.2598397,0.9646701,0.0435303,0.7729395,-0.1807517,-0.6081884,moving,-46.31797,12.64867,-11.10457,4.247552
3400,05/08/2023 17:08:49.892795,3641,True,True,True,True,Eyes,0.08150509,0.1041163,-2.23093,0.7248524,-0.1532109,-0.6716512,0.7446726,0.6212828,-0.009975664,-2.731091,-0.8013875,-0.0146599,0.5979658,-0.18671,0.06286803,0.8121555,-0.1362673,0.1161629,-2.401521,0.127822,0.8835043,-0.04054473,0.4488184,10.74163,127.1877,11.11899,0.07095227,0.04614049,-0.9964114,-0.498877,0.01248426,-0.3073381,0.7104906,-0.07334799,-2.736462,-0.1596269,0.05219518,0.8089695,-0.5644474,0.1894681,-0.8034309,0.262257,0.9640353,0.04309481,0.7827008,-0.1863806,-0.5938365,moving,-47.18168,12.84992,-11.16228,3.69164
3401,05/08/2023 17:08:49.913035,3642,True,True,True,True,Eyes,0.07253487,0.1046328,-2.238904,0.7350314,-0.1534502,-0.6604407,0.7460481,0.6209037,-0.009848393,-2.731625,-0.8268068,-0.006176753,0.5624521,-0.1799244,0.06572202,0.8147994,-0.1417903,0.1165671,-2.410834,0.1288481,0.8786739,-0.04171545,0.4578103,11.02776,126.0294,11.05648,0.06612758,0.04618848,-0.9967409,-0.4963658,0.01329976,-0.3126314,0.7082817,-0.07152805,-2.736565,-0.1601954,0.04216541,0.807728,-0.5476161,0.1882353,-0.8152818,0.2646264,0.963316,0.04466737,0.793782,-0.1912845,-0.5773394,moving,-48.05966,13.08032,-11.21781,2.98827
3402,05/08/2023 17:08:49.922638,3643,True,True,True,True,Eyes,0.0637439,0.1051203,-2.246887,0.7452569,-0.1539431,-0.6487632,0.7474485,0.6207851,-0.009944327,-2.731804,-0.8347386,-0.01257186,0.5505029,-0.1722209,0.06822079,0.8173768,-0.1468861,0.1170371,-2.420396,0.1289654,0.8734578,-0.04366407,0.4674751,11.35303,124.7697,10.84481,0.06138167,0.04623966,-0.9970421,-0.4934945,0.01405149,-0.3177952,0.7061007,-0.06973112,-2.736667,-0.1602782,0.04671011,0.8069027,-0.5296703,0.184468,-0.8279017,0.2661154,0.9629227,0.0442988,0.8053771,-0.1968537,-0.5591213,moving,-48.95969,13.34867,-11.23465,3.31305
3403,05/08/2023 17:08:49.943673,3644,True,True,True,True,Eyes,0.05511162,0.105592,-2.254915,0.7553407,-0.1547738,-0.6367931,0.7489012,0.6207873,-0.01031831,-2.731811,-0.8343702,-0.03749453,0.5499278,-0.1640726,0.0730379,0.8201481,-0.152049,0.1171074,-2.429514,0.1285007,0.8681155,-0.04778154,0.4770536,11.86247,123.5087,10.45085,0.05672488,0.04629195,-0.9973154,-0.4902577,0.01467063,-0.3226765,0.7040303,-0.06802533,-2.736763,-0.16149,0.04979707,0.8054608,-0.5118153,0.1775182,-0.8405551,0.2686956,0.962409,0.03964363,0.8159953,-0.2055632,-0.540274,moving,-49.8673,13.66095,-11.33714,3.53777
3404,05/08/2023 17:08:49.962673,3645,True,True,True,True,Eyes,0.04663828,0.1060607,-2.262979,0.7652708,-0.1557296,-0.6245871,0.750416,0.6209098,-0.01080132,-2.731679,-0.8263582,-0.06969927,0.5588149,-0.1576649,0.07954568,0.822347,-0.1570351,0.11733,-2.438721,0.1286114,0.8630571,-0.05281704,0.4855947,12.47855,122.3755,10.06892,0.05216334,0.04634411,-0.997562,-0.4867391,0.01520553,-0.3274007,0.7019138,-0.06628148,-2.736862,-0.1614129,0.04936592,0.8048842,-0.4953142,0.1707026,-0.8517774,0.2732933,0.9613389,0.03373776,0.824606,-0.2160742,-0.5228167,moving,-50.77989,14.00022,-11.33978,3.509722
3405,05/08/2023 17:08:49.972924,3646,True,True,True,True,Eyes,0.03832915,0.1065168,-2.271069,0.7750703,-0.1567937,-0.6121125,0.7520007,0.6211826,-0.01139226,-2.731378,-0.8081073,-0.1090834,0.5788467,-0.1517301,0.0836403,0.8247695,-0.1618313,0.1177872,-2.447716,0.1293221,0.8580028,-0.05567946,0.4939706,12.90345,121.2577,9.85954,0.04770184,0.04639576,-0.9977829,-0.4829548,0.01569932,-0.3319466,0.6996774,-0.06443893,-2.736966,-0.1611854,0.05117337,0.8039441,-0.478538,0.1669094,-0.8620575,0.2769255,0.9603512,0.03221637,0.8332552,-0.2233089,-0.505786,moving,-51.70005,14.3675,-11.3371,3.642128
3406,05/08/2023 17:08:50.002898,3647,True,True,True,True,Eyes,0.0301763,0.1069708,-2.279224,0.7847306,-0.1576669,-0.599449,0.7536085,0.6215559,-0.01184833,-2.730974,-0.7832755,-0.1394928,0.6058229,-0.1456601,0.08609932,0.8275357,-0.1666647,0.1174794,-2.456332,0.1300129,0.8529531,-0.05655405,0.5023638,13.1266,120.1311,9.75262,0.04334477,0.04644606,-0.9979793,-0.4789049,0.0161256,-0.3362998,0.697614,-0.06273893,-2.737062,-0.1605401,0.04773884,0.8032964,-0.4614544,0.1649684,-0.871691,0.2786112,0.9597965,0.03415167,0.84228,-0.2271035,-0.4888643,moving,-52.6241,14.73616,-11.30176,3.401012
3407,05/08/2023 17:08:50.012990,3648,True,True,True,True,Eyes,0.02219223,0.1074039,-2.287418,0.7942848,-0.1585584,-0.5864904,0.755317,0.622129,-0.0123579,-2.730404,-0.7451906,-0.1734864,0.6438894,-0.1388609,0.08688731,0.8302345,-0.1710282,0.1177829,-2.465667,0.1313576,0.8473238,-0.05613432,0.5115044,13.2681,118.9029,9.770895,0.03909405,0.04649477,-0.9981527,-0.4746292,0.01652009,-0.3405871,0.6954634,-0.06096704,-2.737163,-0.1609987,0.04813092,0.8024356,-0.442217,0.1651788,-0.8815669,0.2800306,0.9591882,0.03925205,0.8520723,-0.2295078,-0.4704246,moving,-53.55828,15.12833,-11.34505,3.432548
3408,05/08/2023 17:08:50.022696,3649,True,True,True,True,Eyes,0.01440665,0.107814,-2.295609,0.803532,-0.1589743,-0.5736405,0.75699,0.6226723,-0.01252801,-2.729849,-0.7088047,-0.184786,0.6807716,-0.132679,0.08672564,0.8324047,-0.1748485,0.118239,-2.475127,0.1317358,0.8419552,-0.05572346,0.5202424,13.35021,117.7136,9.694955,0.03495229,0.04654077,-0.9983041,-0.4701036,0.01682835,-0.3447338,0.6929216,-0.05887281,-2.737281,-0.1601049,0.05156912,0.8015309,-0.4239874,0.1638519,-0.8907231,0.2798107,0.9590812,0.04323577,0.86136,-0.2309024,-0.4524858,moving,-54.47701,15.48977,-11.2961,3.681238
3409,05/08/2023 17:08:50.042761,3650,True,True,True,True,Eyes,0.006790396,0.1081933,-2.303849,0.8126706,-0.1593453,-0.5605136,0.7587863,0.6234337,-0.01271577,-2.72916,-0.6580364,-0.1972961,0.726679,-0.1271192,0.08515111,0.8347981,-0.1786862,0.1183285,-2.484764,0.1310235,0.8367116,-0.05480114,0.5289079,13.31498,116.52,9.540437,0.03092509,0.04658307,-0.998435,-0.4652541,0.01704882,-0.3486217,0.6911432,-0.05740758,-2.737364,-0.1590338,0.05121426,0.8014476,-0.4061785,0.1612882,-0.8994469,0.2772272,0.9596593,0.0468932,0.870726,-0.2303042,-0.4345064,moving,-55.40527,15.86963,-11.22359,3.656355
3410,05/08/2023 17:08:50.062859,3651,True,True,True,True,Eyes,-0.0006416193,0.1085575,-2.312118,0.8215173,-0.159527,-0.5474126,0.7606404,0.6242377,-0.01278523,-2.728503,-0.6045213,-0.2019482,0.7705654,-0.1214001,0.08438584,0.8370869,-0.1823864,0.1179829,-2.494343,0.1299403,0.8314404,-0.05442253,0.5374575,13.30725,115.3307,9.318545,0.02701289,0.04662033,-0.9985467,-0.4601876,0.01716377,-0.3524272,0.6890857,-0.05571247,-2.73746,-0.1561086,0.04764716,0.8015583,-0.3885098,0.1575756,-0.9078711,0.2745747,0.9603075,0.04917657,0.8795844,-0.2301729,-0.4163551,moving,-56.32276,16.24718,-11.02076,3.401839
3411,05/08/2023 17:08:50.073294,3652,True,True,True,True,Eyes,-0.007890269,0.108888,-2.320445,0.8303298,-0.1595633,-0.53394,0.762701,0.6254031,-0.01281105,-2.727681,-0.5267807,-0.2036527,0.8252441,-0.115035,0.08387217,0.8395473,-0.1856406,0.11802,-2.503631,0.1290395,0.8258971,-0.05436466,0.5461572,13.34128,114.1131,9.092451,0.02321713,0.04665222,-0.9986407,-0.4548724,0.01722652,-0.356088,0.6868061,-0.05383424,-2.737567,-0.1521789,0.04386292,0.8013999,-0.3701226,0.1537633,-0.9161694,0.2725298,0.9607866,0.05115239,0.8881087,-0.2307508,-0.397514,moving,-57.25713,16.63831,-10.75196,3.132837
3412,05/08/2023 17:08:50.092768,3653,True,True,True,True,Eyes,-0.01495899,0.1091709,-2.328828,0.838803,-0.1593548,-0.5205915,0.764817,0.6265718,-0.01270633,-2.726985,-0.4489076,-0.1966831,0.8716638,-0.1069279,0.08060029,0.8421409,-0.1886514,0.1175313,-2.51349,0.127051,0.8197302,-0.052736,0.555985,13.16378,112.7277,8.840986,0.01953818,0.04667749,-0.9987182,-0.449326,0.01718459,-0.3597016,0.684716,-0.05211226,-2.737664,-0.1487701,0.04328486,0.801204,-0.3494775,0.1496542,-0.9249158,0.2669359,0.962154,0.05481827,0.8981152,-0.2277354,-0.3761992,moving,-58.17476,17.01952,-10.51906,3.092386
3413,05/08/2023 17:08:50.112888,3654,True,True,True,True,Eyes,-0.02185239,0.1094157,-2.337281,0.8471306,-0.1591838,-0.5069816,0.7673025,0.6281531,-0.01272641,-2.726289,-0.3434952,-0.1980114,0.9180427,-0.1005135,0.07945414,0.8446423,-0.1915678,0.1166733,-2.523434,0.1250573,0.8139825,-0.0524311,0.5648401,13.09879,111.4651,8.523488,0.01597481,0.04669441,-0.9987807,-0.4435726,0.01700225,-0.3632701,0.6826369,-0.0503993,-2.737761,-0.1446302,0.04004143,0.8009264,-0.3306326,0.1443584,-0.9326536,0.2628191,0.9632233,0.05591872,0.9064261,-0.2266307,-0.3564132,moving,-59.10078,17.43142,-10.23608,2.862056
3414,05/08/2023 17:08:50.122808,3655,True,True,True,True,Eyes,-0.02855659,0.1096241,-2.345818,0.8550207,-0.1586704,-0.4937238,0.7696512,0.6295112,-0.01249672,-2.725813,-0.2530289,-0.1827496,0.9500415,-0.09501439,0.08070916,0.8465729,-0.194381,0.1160263,-2.53369,0.1245474,0.8083457,-0.05264735,0.572969,13.16982,110.3037,8.327625,0.01252526,0.0467019,-0.9988296,-0.4376385,0.01671648,-0.3668318,0.6805174,-0.04865301,-2.73786,-0.1396549,0.03543295,0.8005771,-0.312389,0.141024,-0.9394282,0.2616853,0.9634324,0.05760901,0.9131998,-0.2278381,-0.3378695,moving,-59.99611,17.8161,-9.895263,2.534215
3415,05/08/2023 17:08:50.143432,3656,True,True,True,True,Eyes,-0.03507468,0.1097706,-2.354418,0.8627312,-0.1579871,-0.4803488,0.7723453,0.6312516,-0.01224998,-2.725413,-0.1369592,-0.1662695,0.9765227,-0.09227507,0.07799456,0.8484309,-0.196549,0.115273,-2.543983,0.1227241,0.8037577,-0.05075526,0.5799453,12.94034,109.3034,8.164582,0.009188345,0.04669915,-0.9988661,-0.4314927,0.01633876,-0.3704324,0.6783822,-0.04689376,-2.73796,-0.1351915,0.03418489,0.7997112,-0.2972048,0.1384104,-0.9447286,0.2561514,0.9647254,0.0607567,0.9198129,-0.2239364,-0.3221751,moving,-60.89195,18.20607,-9.595154,2.447706
3416,05/08/2023 17:08:50.162832,3657,True,True,True,True,Eyes,-0.04136147,0.1098179,-2.362913,0.869429,-0.1569576,-0.4684629,0.7736056,0.6312337,-0.01160537,-2.725319,-0.1381462,-0.1232879,0.9827083,-0.0897374,0.0756965,0.8485563,-0.1987064,0.113905,-2.554214,0.1207276,0.7995456,-0.04888252,0.5863126,12.69351,108.3853,7.997741,0.005962542,0.04668425,-0.9988912,-0.4251574,0.01579778,-0.3740071,0.6762451,-0.04513307,-2.738059,-0.1308474,0.03463423,0.7987923,-0.2833251,0.1357336,-0.9493701,0.2503753,0.9660707,0.06340061,0.9257641,-0.2197358,-0.3076964,moving,-61.68347,18.52332,-9.302803,2.482689
3417,05/08/2023 17:08:50.173413,3658,True,True,True,True,Eyes,-0.0474751,0.1097866,-2.371479,0.8759707,-0.1559464,-0.4564604,0.7750059,0.6314074,-0.01107282,-2.725238,-0.1265634,-0.08778879,0.9880663,-0.08734083,0.0750051,0.8486121,-0.2006491,0.1120901,-2.564274,0.1189397,0.7953866,-0.0478094,0.5923918,12.53123,107.5019,7.804727,0.002853857,0.04665425,-0.9989064,-0.4185084,0.0149918,-0.3770527,0.6740524,-0.0433265,-2.738162,-0.127112,0.03628922,0.7974858,-0.2698508,0.1325624,-0.9537337,0.2458499,0.9671352,0.06486394,0.9309879,-0.2169718,-0.2935727,moving,-62.47639,18.86236,-9.056245,2.605421
3418,05/08/2023 17:08:50.192906,3659,True,True,True,True,Eyes,-0.05344059,0.1096999,-2.380221,0.8822846,-0.1550505,-0.444447,0.7762203,0.6314067,-0.01065351,-2.72521,-0.1266386,-0.05985167,0.9901417,-0.08536884,0.07669272,0.8483737,-0.2026429,0.1101699,-2.574644,0.1182137,0.7911628,-0.04763,0.5981793,12.52069,106.6571,7.656786,-0.0001417514,0.04660719,-0.9989127,-0.4117387,0.01399831,-0.3801258,0.6719217,-0.04157104,-2.738261,-0.1229831,0.0395046,0.7963622,-0.2564141,0.13007,-0.9577754,0.2440351,0.9675138,0.06605984,0.9352534,-0.2167921,-0.279826,moving,-63.26352,19.23192,-8.778902,2.839905
3419,05/08/2023 17:08:50.213098,3660,True,True,True,True,Eyes,-0.05921621,0.109546,-2.389034,0.8883932,-0.154076,-0.4324559,0.7773275,0.6313564,-0.01022156,-2.725194,-0.1299774,-0.03105029,0.9910306,-0.08466013,0.07894027,0.8478703,-0.2044328,0.1084334,-2.58498,0.1178961,0.78734,-0.04762475,0.6032645,12.5469,105.9117,7.546118,-0.003032923,0.04654222,-0.9989111,-0.4049308,0.01289832,-0.3835453,0.6697893,-0.03981407,-2.73836,-0.1187707,0.04296238,0.7954021,-0.2443451,0.1281879,-0.9611783,0.2431092,0.9676648,0.06725127,0.9387193,-0.2172388,-0.2676078,moving,-64.04391,19.61004,-8.492744,3.091736
3420,05/08/2023 17:08:50.223092,3661,True,True,True,True,Eyes,-0.06481791,0.1093209,-2.397993,0.8942915,-0.1530455,-0.4204993,0.7781965,0.6311167,-0.009778574,-2.725224,-0.1459846,-0.001523343,0.9892857,-0.08619419,0.07885649,0.8467513,-0.2057068,0.1066456,-2.59558,0.1171172,0.7843092,-0.04614851,0.6074643,12.39667,105.2996,7.509598,-0.005821144,0.04645835,-0.9989027,-0.3979619,0.01166282,-0.3869727,0.6675217,-0.03794583,-2.738466,-0.1137526,0.04416175,0.7942184,-0.2345413,0.1276451,-0.9636892,0.2397794,0.9683077,0.06989969,0.9420701,-0.2146785,-0.2577148,moving,-64.81691,19.99956,-8.150804,3.1826
3421,05/08/2023 17:08:50.242968,3662,True,True,True,True,Eyes,-0.07022296,0.1090251,-2.407019,0.899995,-0.1518683,-0.4085891,0.7789246,0.6308053,-0.009268865,-2.725279,-0.1667152,0.03245493,0.9854708,-0.08791546,0.07606643,0.8456511,-0.2067577,0.1043821,-2.606061,0.1163292,0.7814063,-0.04206397,0.611639,12.00758,104.7031,7.658046,-0.008511595,0.04635439,-0.9988882,-0.3908893,0.01028791,-0.3906301,0.6654189,-0.03621336,-2.738564,-0.1095298,0.04693541,0.7929246,-0.2247303,0.1303448,-0.9656637,0.2332566,0.9693962,0.07656483,0.9460906,-0.208041,-0.2482565,moving,-65.58241,20.38957,-7.864719,3.387544
3422,05/08/2023 17:08:50.262873,3663,True,True,True,True,Eyes,-0.07542601,0.1086813,-2.416118,0.9054868,-0.1506151,-0.3967477,0.7795029,0.6304036,-0.008723669,-2.725384,-0.1935376,0.0688137,0.9786766,-0.09015238,0.07465257,0.8441193,-0.2075186,0.1023112,-2.616777,0.117074,0.7784907,-0.03768404,0.6154883,11.70008,104.1576,7.977099,-0.01110522,0.04622955,-0.9988685,-0.3836511,0.008782961,-0.3942697,0.6632504,-0.03442677,-2.738665,-0.1057687,0.05261408,0.7916518,-0.2149357,0.1358938,-0.9671273,0.2286701,0.9697472,0.08544197,0.9494801,-0.2027886,-0.2395082,moving,-66.33891,20.78799,-7.609939,3.802351
3423,05/08/2023 17:08:50.273274,3664,True,True,True,True,Eyes,-0.08042381,0.108322,-2.425298,0.9108367,-0.149181,-0.3848656,0.7800491,0.6300735,-0.008046485,-2.725512,-0.2154793,0.1139311,0.9698394,-0.09099136,0.07263834,0.8427181,-0.2079721,0.1007184,-2.627639,0.1189799,0.7748696,-0.03192362,0.6200016,11.36209,103.5173,8.49349,-0.01360263,0.04608422,-0.9988443,-0.3762411,0.007224674,-0.3979105,0.661015,-0.03258493,-2.73877,-0.1021342,0.05464143,0.7902656,-0.2028838,0.1448025,-0.9684371,0.2239732,0.9696493,0.09806221,0.953244,-0.1970088,-0.229158,moving,-67.09396,21.18725,-7.36411,3.955313
3424,05/08/2023 17:08:50.293067,3665,True,True,True,True,Eyes,-0.08520735,0.1079314,-2.434556,0.9160043,-0.1476007,-0.3730285,0.780496,0.6297303,-0.007270403,-2.725703,-0.2383216,0.1656379,0.9569571,-0.09196473,0.06897595,0.8413248,-0.2081379,0.09987343,-2.638874,0.1208425,0.7710871,-0.02525477,0.6246473,10.94783,102.8503,9.072215,-0.01600491,0.04592023,-0.9988163,-0.3686601,0.005713415,-0.4015768,0.658985,-0.03091248,-2.738864,-0.09722018,0.05432144,0.7895207,-0.1904261,0.1548096,-0.9694185,0.2179108,0.9695186,0.1120206,0.9572111,-0.1899152,-0.2183563,moving,-67.84216,21.58782,-7.019962,3.935922
3425,05/08/2023 17:08:50.312942,3666,True,True,True,True,Eyes,-0.08977898,0.1075127,-2.443929,0.9210823,-0.1457157,-0.361074,0.7810305,0.6296145,-0.006295733,-2.725939,-0.2460836,0.2306291,0.9414101,-0.09183823,0.06420422,0.8400662,-0.2079774,0.09865047,-2.650482,0.1231846,0.7666255,-0.01658457,0.6299493,10.40636,102.0766,9.833594,-0.01831295,0.04573846,-0.998785,-0.3608911,0.004198664,-0.4052563,0.6568189,-0.02912779,-2.738965,-0.09167469,0.0550726,0.7884581,-0.1759793,0.1679781,-0.9699562,0.2097678,0.969101,0.1297718,0.9617843,-0.1806284,-0.2057781,moving,-68.5943,21.97712,-6.632049,3.995533
3426,05/08/2023 17:08:50.323337,3667,True,True,True,True,Eyes,-0.09413065,0.1070574,-2.453413,0.9259473,-0.143741,-0.349228,0.7813907,0.6293961,-0.005260482,-2.726297,-0.260701,0.2996999,0.9177228,-0.09242958,0.05808932,0.8385483,-0.2075643,0.09739272,-2.662733,0.1251184,0.7621302,-0.006898119,0.6351813,9.756445,101.293,10.63899,-0.02052807,0.04553983,-0.998751,-0.3529525,0.002690576,-0.409059,0.6546623,-0.02735097,-2.739066,-0.08643258,0.05757628,0.7875305,-0.16178,0.18195,-0.9699079,0.1994762,0.9685956,0.1484313,0.9664556,-0.1694603,-0.1929941,moving,-69.33566,22.37189,-6.263225,4.181449
3427,05/08/2023 17:08:50.343287,3668,True,True,True,True,Eyes,-0.09826092,0.1065856,-2.463011,0.9306955,-0.1416169,-0.3372691,0.7818675,0.6294197,-0.004140019,-2.726711,-0.259165,0.3744675,0.8902851,-0.09307122,0.05510883,0.8367767,-0.2067741,0.09597459,-2.675219,0.1275976,0.7575279,0.001109916,0.6402103,9.305409,100.5249,11.38119,-0.02265202,0.04532471,-0.9987149,-0.3448304,0.001163472,-0.4129691,0.6524066,-0.0254925,-2.739171,-0.08235767,0.05833331,0.7864456,-0.1476994,0.1947386,-0.9696711,0.1918963,0.9674352,0.1650602,0.9702375,-0.161697,-0.1802592,moving,-70.0803,22.77718,-5.978303,4.242053
3428,05/08/2023 17:08:50.362793,3669,True,True,True,True,Eyes,-0.102154,0.1060963,-2.472692,0.9352156,-0.1396423,-0.3253796,0.782177,0.6293502,-0.00312867,-2.727196,-0.2636819,0.4417092,0.8575341,-0.09356204,0.05185502,0.8348802,-0.2056743,0.09504531,-2.687652,0.1289402,0.7529435,0.007740797,0.6452835,8.902249,99.7376,11.92603,-0.02468541,0.04509439,-0.9986771,-0.3365314,-0.0003217823,-0.4169843,0.6504152,-0.02385176,-2.739264,-0.07973635,0.06068955,0.7855462,-0.1339676,0.2041594,-0.9697277,0.1841793,0.966629,0.1780627,0.9737201,-0.1547492,-0.1670989,moving,-70.81622,23.22742,-5.79592,4.417768
3429,05/08/2023 17:08:50.373180,3670,True,True,True,True,Eyes,-0.1058287,0.1057291,-2.482476,0.9394749,-0.1382057,-0.3135061,0.7822273,0.6290543,-0.002379172,-2.72771,-0.2834195,0.4916867,0.8233575,-0.09347682,0.05086743,0.8323755,-0.2040577,0.09428306,-2.700233,0.1296648,0.7482407,0.01134879,0.6505338,8.726585,98.92551,12.19574,-0.02662775,0.04485005,-0.9986382,-0.3280186,-0.001770359,-0.4210075,0.6482724,-0.02208635,-2.739364,-0.0767183,0.06215292,0.7848383,-0.1199858,0.2088065,-0.9705685,0.1792755,0.9661164,0.185686,0.9764547,-0.1517195,-0.1533541,moving,-71.54597,23.78975,-5.582952,4.527918
3430,05/08/2023 17:08:50.393273,3671,True,True,True,True,Eyes,-0.1092586,0.1054364,-2.49238,0.9436682,-0.1367893,-0.3012955,0.7825395,0.6291991,-0.00160671,-2.728156,-0.2737959,0.5432365,0.7936811,-0.09502149,0.05908123,0.830195,-0.2025499,0.09686047,-2.712626,0.1367835,0.7437254,0.01134433,0.6542433,9.329116,98.37202,12.78121,-0.02848087,0.04459854,-0.9985983,-0.3193615,-0.0027659,-0.4251011,0.6460434,-0.02024988,-2.739468,-0.07481515,0.06205659,0.7838919,-0.106512,0.2183026,-0.9700511,0.1886148,0.9623231,0.1958535,0.976258,-0.1621053,-0.1436742,moving,-72.29269,24.41823,-5.451833,4.526365
3431,05/08/2023 17:08:50.412859,3672,True,True,True,True,Eyes,-0.1124925,0.1051966,-2.502409,0.9476926,-0.1356353,-0.2889322,0.7827542,0.6293179,-0.0009724721,-2.728571,-0.2658414,0.585438,0.7658921,-0.0893108,0.05039143,0.829157,-0.2002396,0.09823649,-2.725613,0.1396251,0.7355646,0.02193964,0.6625468,8.785763,97.03864,13.72503,-0.03024453,0.0443439,-0.9985578,-0.3104897,-0.003478078,-0.4293067,0.6439826,-0.01855199,-2.739564,-0.07309833,0.06401671,0.7832695,-0.08307327,0.2344786,-0.9685653,0.1763345,0.960047,0.2172923,0.9808186,-0.1527403,-0.1211009,moving,-73.0446,25.14707,-5.331664,4.672406
3432,05/08/2023 17:08:50.423381,3673,True,True,True,True,Eyes,-0.1155694,0.1050374,-2.512552,0.9513327,-0.1357995,-0.2766308,0.7819119,0.6282889,-0.001145832,-2.728853,-0.3345295,0.574062,0.7473572,-0.08837111,0.05294114,0.8268718,-0.1988378,0.0993156,-2.738754,0.1411702,0.7300262,0.02111842,0.6683464,9.083123,96.14684,13.72846,-0.03192184,0.04408864,-0.9985169,-0.301562,-0.003988561,-0.4336327,0.6417581,-0.01671919,-2.739668,-0.07148969,0.06299698,0.7824894,-0.06676832,0.2343447,-0.969858,0.1778871,0.95925,0.2195352,0.9817832,-0.1578672,-0.1057343,moving,-73.7865,26.14666,-5.220158,4.602864
3433,05/08/2023 17:08:50.443410,3674,True,True,True,True,Eyes,-0.1184363,0.104956,-2.522785,0.954865,-0.1356476,-0.2642587,0.7813373,0.6276353,-0.001030535,-2.72926,-0.3780828,0.5817084,0.7201865,-0.08590601,0.06998453,0.8250303,-0.1981893,0.1012718,-2.751631,0.1494907,0.7239124,0.01442038,0.6733465,10.39538,95.41344,13.87427,-0.03351723,0.04383611,-0.9984757,-0.2926991,-0.004226949,-0.4380453,0.6396226,-0.01495972,-2.739767,-0.07055226,0.0633491,0.7817996,-0.04851437,0.2358562,-0.9705763,0.1970165,0.9548892,0.2221963,0.9791992,-0.1804399,-0.09279339,moving,-74.53059,27.17205,-5.156599,4.632547
3434,05/08/2023 17:08:50.463036,3675,True,True,True,True,Eyes,-0.1212023,0.1048781,-2.533104,0.9581326,-0.1359676,-0.2519817,0.7803975,0.6265219,-0.001230717,-2.72975,-0.452241,0.5682752,0.6874164,-0.0884576,0.0614424,0.8228644,-0.1960725,0.1029904,-2.764126,0.1464952,0.7198887,0.01801614,0.6782147,9.94898,94.62381,13.82466,-0.0350311,0.0435893,-0.9984345,-0.2837377,-0.004217525,-0.4424606,0.6375384,-0.01324261,-2.739865,-0.06924528,0.06669782,0.7813277,-0.03712855,0.2353581,-0.9711995,0.1864829,0.9564291,0.2246496,0.9817565,-0.1727712,-0.07940101,moving,-75.2653,28.351,-5.064614,4.87921
3435,05/08/2023 17:08:50.473601,3676,True,True,True,True,Eyes,-0.1238567,0.1048557,-2.543464,0.9611372,-0.136835,-0.2397739,0.7792932,0.6251509,-0.001778834,-2.730318,-0.5435929,0.5316986,0.6494638,-0.09059221,0.06929964,0.8216482,-0.1964486,0.1030089,-2.776242,0.1493714,0.716105,0.01494144,0.6816587,10.50034,94.09628,13.78573,-0.03646992,0.0433476,-0.9983935,-0.2750116,-0.004198317,-0.44687,0.6353144,-0.01141022,-2.739968,-0.06859529,0.06702795,0.7808841,-0.02605945,0.2343011,-0.9718148,0.1935613,0.9549299,0.2250399,0.9807421,-0.1822413,-0.07023656,moving,-75.99239,29.71268,-5.020154,4.906014
3436,05/08/2023 17:08:50.493154,3677,True,True,True,True,Eyes,-0.12642,0.1049172,-2.553901,0.9639922,-0.1377726,-0.2274592,0.7784304,0.6239808,-0.002329156,-2.730963,-0.6218091,0.4951941,0.6067423,-0.09095989,0.07934611,0.8204774,-0.1964662,0.1044464,-2.787692,0.1545213,0.7116333,0.01097409,0.6852598,11.31223,93.54301,13.86413,-0.03783771,0.04311279,-0.9983528,-0.266474,-0.00401334,-0.4511392,0.6333063,-0.009755731,-2.740062,-0.06863561,0.06669155,0.7806303,-0.01308448,0.2349651,-0.9719157,0.2048848,0.9520054,0.2273935,0.9786987,-0.1961554,-0.06059726,moving,-76.72359,31.2034,-5.024714,4.88309
3528,05/08/2023 17:08:52.023121,3769,True,True,True,True,Eyes,0.1614541,0.1193509,-3.52955,0.5627301,-0.1231303,0.8174189,0.0,0.0,0.0,0.0,0.0,0.0,0.0,-2.059566,0.671865,2.899751,0.3464561,0.1168773,-3.601122,0.09773687,0.2573127,0.05064269,0.9600381,9.299791,30.70856,8.597992,0.02877521,0.03493758,-0.9989742,0.04643258,0.004941709,-0.1757422,0.6333063,-0.00975576,-2.740062,-0.1174776,0.05833701,0.8656099,0.862451,0.1475357,-0.4841606,-0.04693995,0.9757656,0.2137242,0.5039592,-0.1616002,0.8484754,moving,34.54442,-8.566235,-7.728765,3.855568
3529,05/08/2023 17:08:52.043084,3770,True,True,True,True,Eyes,0.1700886,0.1193584,-3.532317,0.5578933,-0.1226229,0.8208038,0.0,0.0,0.0,0.0,0.0,0.0,0.0,-2.047598,0.6636124,2.913928,0.3579388,0.1185561,-3.603032,0.09508693,0.2537537,0.05487369,0.9610184,8.91168,30.28135,8.951885,0.03046517,0.03482028,-0.9989283,0.04364663,0.004645207,-0.1651976,0.6361381,-0.009740728,-2.740155,-0.1197996,0.06051854,0.8701047,0.8651959,0.1537266,-0.4772884,-0.05721194,0.9758947,0.2106094,0.4981595,-0.1549118,0.853135,moving,34.20361,-8.496787,-7.839431,3.978696
3530,05/08/2023 17:08:52.062858,3771,True,True,True,True,Eyes,0.1788249,0.1193913,-3.535041,0.5529493,-0.122162,0.8242108,0.0,0.0,0.0,0.0,0.0,0.0,0.0,-2.029771,0.6485146,2.933793,0.3699622,0.1198787,-3.605057,0.09085444,0.2491612,0.06056155,0.9622872,8.318573,29.71919,9.413053,0.03222603,0.03471194,-0.9988768,0.04102783,0.004366495,-0.1552858,0.6391159,-0.009724921,-2.740253,-0.1218849,0.06502432,0.8750068,0.868502,0.16183,-0.4685246,-0.07128043,0.9761555,0.2050353,0.4905338,-0.1446769,0.8593283,moving,33.857,-8.430826,-7.930044,4.250005
3531,05/08/2023 17:08:52.073181,3772,True,True,True,True,Eyes,0.1876787,0.1194561,-3.537745,0.5479183,-0.1216928,0.8276331,0.0,0.0,0.0,0.0,0.0,0.0,0.0,-2.014383,0.6469887,2.948801,0.3818431,0.120588,-3.607134,0.08940207,0.2450064,0.06396265,0.9632695,8.099585,29.23037,9.71327,0.03405334,0.0346124,-0.9988196,0.03856616,0.004104505,-0.1459686,0.6419397,-0.009709931,-2.740346,-0.12386,0.07015789,0.8798735,0.8717613,0.1670347,-0.4605776,-0.07941838,0.975832,0.2035791,0.4834511,-0.1408941,0.8639582,moving,33.50577,-8.364667,-8.012888,4.55891
3532,05/08/2023 17:08:52.093247,3773,True,True,True,True,Eyes,0.1966494,0.1195581,-3.540426,0.542774,-0.1215936,0.8310302,0.0,0.0,0.0,0.0,0.0,0.0,0.0,-2.000787,0.6484482,2.962077,0.3935757,0.1214056,-3.609417,0.08903288,0.2410782,0.06565375,0.9641806,8.049709,28.77157,9.858697,0.03594314,0.03452168,-0.9987566,0.03625219,0.003858235,-0.1372105,0.6448413,-0.009694528,-2.740442,-0.1262792,0.07381032,0.8849517,0.8751418,0.1695319,-0.4531952,-0.08367638,0.9755254,0.2033429,0.4765765,-0.1400322,0.8679088,moving,33.14991,-8.324259,-8.12106,4.767778
3533,05/08/2023 17:08:52.112918,3774,True,True,True,True,Eyes,0.2057076,0.1197171,-3.543079,0.5375,-0.1216225,0.834447,0.0,0.0,0.0,0.0,0.0,0.0,0.0,-1.989707,0.6497558,2.973202,0.4049485,0.1223291,-3.611385,0.08917016,0.2375419,0.06595203,0.9650249,8.09241,28.35668,9.86692,0.03789213,0.03443993,-0.9986874,0.03407706,0.003626741,-0.1289779,0.6478476,-0.009678569,-2.740541,-0.1289848,0.07395266,0.8903423,0.8784483,0.169654,-0.4467058,-0.0849274,0.9753981,0.2034356,0.4702297,-0.1407701,0.871245,moving,32.78717,-8.292592,-8.243153,4.748141
3534,05/08/2023 17:08:52.122729,3775,True,True,True,True,Eyes,0.2148785,0.1199125,-3.545705,0.5321823,-0.121745,0.8378307,0.0,0.0,0.0,0.0,0.0,0.0,0.0,-1.970492,0.6592805,2.987934,0.4161707,0.1238803,-3.613405,0.0904751,0.23286,0.06673294,0.9659904,8.263007,27.82692,9.953986,0.03989615,0.03436787,-0.9986118,0.03203244,0.003409136,-0.1212392,0.6508285,-0.009662745,-2.740638,-0.1338519,0.07687728,0.8949443,0.8826459,0.1710628,-0.4378056,-0.08679067,0.9747219,0.205875,0.4619562,-0.1437173,0.875181,moving,32.42334,-8.267772,-8.50636,4.909755
3535,05/08/2023 17:08:52.143444,3776,True,True,True,True,Eyes,0.2241341,0.1201142,-3.548325,0.5267219,-0.1220823,0.8412253,0.0,0.0,0.0,0.0,0.0,0.0,0.0,-1.947236,0.649411,3.009079,0.4275851,0.1248544,-3.615191,0.08899779,0.2272537,0.06716439,0.9674317,8.144601,27.14615,9.912287,0.0419528,0.03430553,-0.9985296,0.03011049,0.003204588,-0.1139649,0.6535438,-0.009648331,-2.740728,-0.1382691,0.08176108,0.8992438,0.8876894,0.1704041,-0.4277499,-0.08950379,0.9751366,0.2027253,0.4516598,-0.1416719,0.8808703,moving,32.05219,-8.257369,-8.741424,5.195165
3536,05/08/2023 17:08:52.163097,3777,True,True,True,True,Eyes,0.233472,0.1203574,-3.550942,0.5212332,-0.122979,0.844507,0.0,0.0,0.0,0.0,0.0,0.0,0.0,-1.928422,0.658314,3.023939,0.4389353,0.1252713,-3.61774,0.09102293,0.2224317,0.06520162,0.9684978,8.470791,26.58991,9.70803,0.04405868,0.0342521,-0.9984408,0.02830386,0.003012313,-0.107127,0.6564652,-0.009632823,-2.740824,-0.1374463,0.07443516,0.9057328,0.8925458,0.166788,-0.4189794,-0.08580248,0.9749271,0.2053168,0.4427188,-0.1473052,0.884478,moving,31.68306,-8.285302,-8.628882,4.698138
3537,05/08/2023 17:08:52.173414,3778,True,True,True,True,Eyes,0.2428977,0.1206795,-3.553536,0.5156469,-0.1238756,0.8477989,0.0,0.0,0.0,0.0,0.0,0.0,0.0,-1.910134,0.6864722,3.03404,0.4502747,0.1266373,-3.620286,0.09550758,0.2180409,0.06458638,0.9691053,9.029841,26.12967,9.725302,0.04621067,0.03420782,-0.998345,0.02660563,0.002831574,-0.1006994,0.6594416,-0.009617023,-2.740922,-0.1400152,0.08239189,0.9111457,0.8965735,0.1668311,-0.4102722,-0.08353289,0.9734138,0.2132787,0.4349461,-0.1569488,0.886673,moving,31.30874,-8.31291,-8.736267,5.167015
3538,05/08/2023 17:08:52.192846,3779,True,True,True,True,Eyes,0.2523913,0.1210675,-3.556109,0.5101309,-0.1247634,0.8509997,0.0,0.0,0.0,0.0,0.0,0.0,0.0,-1.894189,0.6874884,3.048135,0.4618644,0.1288566,-3.622402,0.09568219,0.2137432,0.06519655,0.9700043,9.07653,25.62989,9.759166,0.04840638,0.03417397,-0.9982421,0.0,0.0,0.0,0.6623355,-0.009601661,-2.741017,-0.1425353,0.1038948,0.9158829,0.9001265,0.1673847,-0.4021873,-0.08557903,0.9731887,0.2134949,0.4271399,-0.1577536,0.8903175,moving,30.94053,-8.340603,-8.84576,6.471782
3539,05/08/2023 17:08:52.213194,3780,True,True,True,True,Eyes,0.2619658,0.1215069,-3.558661,0.5045165,-0.1254066,0.854246,0.0,0.0,0.0,0.0,0.0,0.0,0.0,-1.880433,0.6768767,3.063432,0.4732449,0.1308814,-3.624598,0.09428566,0.2096413,0.06533147,0.9710266,8.95829,25.12749,9.698551,0.05064226,0.03415133,-0.998132,0.0,0.0,0.0,0.6651316,-0.009586818,-2.741109,-0.1443344,0.09512542,0.9220269,0.9035646,0.1664095,-0.3948149,-0.08734487,0.9736841,0.2105001,0.4194542,-0.1557154,0.8943215,moving,30.56604,-8.351588,-8.896898,5.89036
3540,05/08/2023 17:08:52.223079,3781,True,True,True,True,Eyes,0.2716275,0.1219667,-3.561213,0.4989485,-0.1259345,0.8574327,0.0,0.0,0.0,0.0,0.0,0.0,0.0,-1.868087,0.6542165,3.08024,0.4848177,0.132515,-3.626709,0.09120519,0.2055749,0.06509243,0.9722056,8.660403,24.6039,9.552869,0.05291643,0.03414021,-0.9980143,0.0,0.0,0.0,0.6681388,-0.009570855,-2.741208,-0.1468803,0.0939277,0.9287152,0.9070039,0.1640655,-0.3878486,-0.08906746,0.9748892,0.2041031,0.4115956,-0.1505776,0.8988411,moving,30.19555,-8.355517,-8.987138,5.7751
3541,05/08/2023 17:08:52.243077,3782,True,True,True,True,Eyes,0.2813581,0.122451,-3.563755,0.4933333,-0.1264252,0.8606038,0.0,0.0,0.0,0.0,0.0,0.0,0.0,-1.858596,0.6351669,3.094627,0.4962016,0.1333956,-3.629122,0.08874606,0.2019964,0.06424694,0.9732389,8.44077,24.14298,9.361908,0.05522715,0.03413996,-0.9978891,0.0,0.0,0.0,0.6709054,-0.009556169,-2.741299,-0.151314,0.09996301,0.9332547,0.9101396,0.160908,-0.3817781,-0.08920246,0.9759929,0.1986975,0.4045848,-0.146787,0.9026432,moving,29.8231,-8.357143,-9.209559,6.11377
3542,05/08/2023 17:08:52.262900,3783,True,True,True,True,Eyes,0.2911639,0.1229577,-3.566285,0.4876667,-0.1269263,0.863754,0.0,0.0,0.0,0.0,0.0,0.0,0.0,-1.848744,0.6288539,3.106474,0.5076435,0.1344518,-3.631489,0.08812819,0.1985338,0.06352802,0.9740545,8.421741,23.72209,9.234923,0.05757174,0.03415015,-0.9977563,0.0,0.0,0.0,0.6738828,-0.009540363,-2.741397,-0.157108,0.08904222,0.9391497,0.913097,0.1587523,-0.3755683,-0.08876663,0.9763952,0.1969082,0.3979627,-0.1464584,0.9056355,moving,29.44863,-8.359632,-9.496926,5.416111
3543,05/08/2023 17:08:52.273207,3784,True,True,True,True,Eyes,0.3010415,0.123474,-3.568809,0.481968,-0.1273654,0.8668822,0.0,0.0,0.0,0.0,0.0,0.0,0.0,-1.839907,0.6176959,3.118425,0.5190924,0.1354685,-3.633671,0.08644418,0.1952532,0.06381621,0.9748493,8.257343,23.31722,9.1974,0.05994839,0.03417033,-0.9976156,0.0,0.0,0.0,0.6767743,-0.009525013,-2.741492,-0.1613531,0.0804493,0.9448903,0.9156073,0.1581794,-0.3696519,-0.09066536,0.9769098,0.1934607,0.391718,-0.1436194,0.9088072,moving,29.07312,-8.358301,-9.690574,4.866508
3544,05/08/2023 17:08:52.293046,3785,True,True,True,True,Eyes,0.3109764,0.1239966,-3.571317,0.4762944,-0.1278987,0.8699343,0.0,0.0,0.0,0.0,0.0,0.0,0.0,-1.829454,0.6160591,3.129725,0.5307311,0.1362235,-3.636122,0.08581176,0.1918563,0.06493827,0.9755053,8.192654,22.91922,9.28051,0.06235586,0.03419971,-0.997467,0.0,0.0,0.0,0.6795703,-0.009510172,-2.741584,-0.1651471,0.08578071,0.9497843,0.9179484,0.1596223,-0.3631688,-0.09376819,0.9768387,0.1923373,0.3854586,-0.142502,0.911655,moving,28.70098,-8.36377,-9.863888,5.160724
3545,05/08/2023 17:08:52.312969,3786,True,True,True,True,Eyes,0.3209838,0.1245211,-3.573817,0.4706073,-0.1283505,0.8729575,0.0,0.0,0.0,0.0,0.0,0.0,0.0,-1.820652,0.6143249,3.13987,0.5424203,0.1369765,-3.638402,0.08525845,0.1887055,0.0657826,0.9761118,8.141396,22.54923,9.336637,0.06479152,0.03423751,-0.9973105,0.0,0.0,0.0,0.6824673,-0.009494793,-2.74168,-0.1676041,0.08795711,0.9545512,0.9201258,0.1605998,-0.3571783,-0.09624483,0.9768073,0.1912706,0.3796123,-0.1416165,0.9142424,moving,28.3289,-8.364239,-9.958722,5.264652
3546,05/08/2023 17:08:52.322955,3787,True,True,True,True,Eyes,0.3310821,0.1250177,-3.576315,0.464825,-0.1288673,0.8759743,0.0,0.0,0.0,0.0,0.0,0.0,0.0,-1.812613,0.6099143,3.150186,0.5542147,0.1375314,-3.640764,0.08434127,0.1856175,0.06646056,0.9767374,8.052824,22.18093,9.366216,0.06725427,0.0342829,-0.9971459,0.0,0.0,0.0,0.6854268,-0.009479083,-2.741777,-0.1680379,0.08876186,0.9599156,0.9222583,0.1611395,-0.3513884,-0.09851858,0.9769391,0.189431,0.3738099,-0.1400861,0.9168654,moving,27.95211,-8.368929,-9.929297,5.283026
3547,05/08/2023 17:08:52.343733,3788,True,True,True,True,Eyes,0.3412393,0.1254745,-3.578818,0.4590088,-0.1294456,0.878951,0.0,0.0,0.0,0.0,0.0,0.0,0.0,-1.803277,0.5997359,3.162192,0.5659425,0.137273,-3.64305,0.08282064,0.1822323,0.06619405,0.9775227,7.920141,21.76334,9.272758,0.06974354,0.03433429,-0.9969731,0.0,0.0,0.0,0.688281,-0.009463931,-2.741871,-0.1646588,0.09175813,0.9651031,0.9248195,0.1595976,-0.3453079,-0.09922718,0.9775182,0.1860435,0.3672369,-0.1377927,0.9198642,moving,27.57462,-8.377886,-9.682157,5.431128
3548,05/08/2023 17:08:52.363201,3789,True,True,True,True,Eyes,0.351479,0.1258819,-3.581329,0.4529619,-0.1303358,0.8819513,0.0,0.0,0.0,0.0,0.0,0.0,0.0,-1.793524,0.6018934,3.172461,0.5775588,0.1368077,-3.645713,0.08341372,0.1788764,0.06488726,0.9781795,8.046318,21.3681,9.110737,0.07225741,0.03438992,-0.9967921,0.0,0.0,0.0,0.6911144,-0.009448891,-2.741964,-0.1583657,0.08979468,0.9707114,0.9275858,0.1567842,-0.3391214,-0.09710128,0.9776636,0.1864008,0.3607714,-0.1399736,0.9220908,moving,27.1846,-8.406394,-9.265828,5.285048
3549,05/08/2023 17:08:52.373389,3790,True,True,True,True,Eyes,0.3617758,0.126247,-3.58385,0.4468384,-0.1312821,0.8849297,0.0,0.0,0.0,0.0,0.0,0.0,0.0,-1.777609,0.6070411,3.185548,0.589379,0.1360284,-3.64832,0.08427416,0.1746219,0.06400385,0.9789323,8.200898,20.87422,8.99463,0.07479517,0.03444794,-0.996603,0.0,0.0,0.0,0.6940719,-0.009433191,-2.742062,-0.1507507,0.08674496,0.9763203,0.9308214,0.1547431,-0.3310983,-0.09587865,0.9776027,0.1873503,0.3526738,-0.1426444,0.9248101,moving,26.79114,-8.438463,-8.77755,5.077333
3550,05/08/2023 17:08:52.392869,3791,True,True,True,True,Eyes,0.372146,0.1265578,-3.586382,0.4405074,-0.1324764,0.8879207,0.0,0.0,0.0,0.0,0.0,0.0,0.0,-1.763615,0.6087587,3.198379,0.6011022,0.1354192,-3.651149,0.08490608,0.1705858,0.06237543,0.9796943,8.3421,20.39704,8.789338,0.07735567,0.03450688,-0.9964055,0.0,0.0,0.0,0.6969454,-0.009417937,-2.742156,-0.1423532,0.08729452,0.9815788,0.9340196,0.1511852,-0.3236518,-0.09325015,0.9778005,0.1876447,0.344836,-0.1450833,0.9273828,moving,26.38652,-8.485845,-8.251776,5.082102
3551,05/08/2023 17:08:52.413141,3792,True,True,True,True,Eyes,0.3825678,0.1268084,-3.588917,0.4341266,-0.1335567,0.8908966,0.0,0.0,0.0,0.0,0.0,0.0,0.0,-1.749655,0.6091912,3.211242,0.6128916,0.1344416,-3.653871,0.08534229,0.1665425,0.06062064,0.9804619,8.462258,19.91542,8.564342,0.07993731,0.03456507,-0.9961997,0.0,0.0,0.0,0.6998562,-0.009402486,-2.742252,-0.13348,0.09016632,0.9865332,0.9371775,0.1472987,-0.3162301,-0.09044622,0.9780837,0.1875415,0.3369241,-0.1471579,0.9299606,moving,25.97959,-8.525873,-7.705443,5.222162
3552,05/08/2023 17:08:52.422819,3793,True,True,True,True,Eyes,0.3930574,0.1269823,-3.591455,0.4273909,-0.1345387,0.8940002,0.0,0.0,0.0,0.0,0.0,0.0,0.0,-1.738234,0.5994002,3.224464,0.6246023,0.1332536,-3.656505,0.08408131,0.1628351,0.05940676,0.9812675,8.375818,19.4578,8.367553,0.08253927,0.03462088,-0.9959856,0.0,0.0,0.0,0.7028697,-0.009386488,-2.742351,-0.1233964,0.09285843,0.9914001,0.9399111,0.1439706,-0.3095796,-0.08920508,0.9788024,0.1843595,0.3295596,-0.1456655,0.9328302,moving,25.55087,-8.558257,-7.094936,5.350937
3553,05/08/2023 17:08:52.443117,3794,True,True,True,True,Eyes,0.4035983,0.1270609,-3.593997,0.4205469,-0.1353536,0.8971174,0.0,0.0,0.0,0.0,0.0,0.0,0.0,-1.721608,0.5891769,3.24041,0.636377,0.131533,-3.659104,0.08242395,0.1583991,0.05901875,0.9821572,8.233611,18.91813,8.251733,0.0851607,0.0346724,-0.9957631,0.0,0.0,0.0,0.7055639,-0.009372187,-2.74244,-0.111563,0.09463114,0.9961677,0.942853,0.1420431,-0.3014165,-0.08981963,0.9794462,0.1806036,0.3208748,-0.1432095,0.936232,moving,25.11605,-8.579853,-6.390055,5.426539
3554,05/08/2023 17:08:52.462712,3795,True,True,True,True,Eyes,0.4142142,0.1270317,-3.596569,0.4134383,-0.1361491,0.9002956,0.0,0.0,0.0,0.0,0.0,0.0,0.0,-1.703388,0.5760953,3.257666,0.6482142,0.129312,-3.661816,0.08038392,0.1536874,0.05837718,0.9831128,8.05417,18.34108,8.098789,0.08780035,0.03471738,-0.9955322,0.0,0.0,0.0,0.7084756,-0.00935673,-2.742536,-0.09901831,0.0940178,1.001036,0.9459446,0.1394907,-0.2927989,-0.09007472,0.9802611,0.1759966,0.3115692,-0.1401092,0.9398373,moving,24.66577,-8.599514,-5.649086,5.365511
3555,05/08/2023 17:08:52.473177,3796,True,True,True,True,Eyes,0.4248829,0.1269271,-3.599166,0.406323,-0.1370567,0.903392,0.0,0.0,0.0,0.0,0.0,0.0,0.0,-1.685615,0.5773891,3.272575,0.6602289,0.126659,-3.665035,0.08031365,0.1491668,0.05775906,0.9838511,8.09425,17.80873,7.989845,0.09045761,0.03475343,-0.995293,0.0,0.0,0.0,0.7114137,-0.009341134,-2.742632,-0.08930093,0.1001768,1.005161,0.9488263,0.1376129,-0.2842382,-0.08969236,0.9804272,0.1752648,0.3027935,-0.1408019,0.942598,moving,24.21701,-8.626754,-5.076966,5.691442
3556,05/08/2023 17:08:52.492935,3797,True,True,True,True,Eyes,0.4356162,0.1267663,-3.601794,0.3989766,-0.1378667,0.9065377,0.0,0.0,0.0,0.0,0.0,0.0,0.0,-1.672086,0.5913705,3.28305,0.6722114,0.1247788,-3.66832,0.08189999,0.1454578,0.05782893,0.9842715,8.302554,17.39428,7.99709,0.09313146,0.03477932,-0.9950455,0.0,0.0,0.0,0.7142913,-0.009325857,-2.742727,-0.08047783,0.1067595,1.009011,0.9509956,0.1376647,-0.2768676,-0.09001274,0.9798964,0.178047,0.2958123,-0.1444003,0.9442689,moving,23.75479,-8.647309,-4.56021,6.039771
3557,05/08/2023 17:08:52.512850,3798,True,True,True,True,Eyes,0.4464162,0.1265387,-3.604442,0.3915989,-0.1384946,0.9096535,0.0,0.0,0.0,0.0,0.0,0.0,0.0,-1.654857,0.5955483,3.297199,0.6842909,0.1232148,-3.671691,0.08158724,0.1411922,0.05954174,0.9848163,8.272614,16.90818,8.151421,0.09582128,0.03479447,-0.9947895,0.0,0.0,0.0,0.717113,-0.00931088,-2.74282,-0.07411295,0.1066617,1.012811,0.9530391,0.1403143,-0.2683811,-0.09423637,0.9795966,0.1775106,0.2878125,-0.1438832,0.9468166,moving,23.29151,-8.656796,-4.18519,6.011809
3558,05/08/2023 17:08:52.523211,3799,True,True,True,True,Eyes,0.4572972,0.1262532,-3.607125,0.384069,-0.1390879,0.9127681,0.0,0.0,0.0,0.0,0.0,0.0,0.0,-1.639847,0.587612,3.312211,0.6967506,0.1213377,-3.674907,0.07952597,0.1370978,0.06119391,0.9854618,8.045563,16.42292,8.269527,0.09852644,0.03479807,-0.9945251,0.0,0.0,0.0,0.7201423,-0.009294799,-2.742919,-0.06710482,0.1051367,1.016848,0.954919,0.1424142,-0.2604763,-0.09880286,0.9798619,0.1735187,0.2799423,-0.1399605,0.9497597,moving,22.82009,-8.664103,-3.775642,5.903102
3559,05/08/2023 17:08:52.543097,3800,True,True,True,True,Eyes,0.4682657,0.125933,-3.609828,0.3765187,-0.1395391,0.9158398,0.0,0.0,0.0,0.0,0.0,0.0,0.0,-1.622378,0.5953985,3.325976,0.70946,0.1196149,-3.678462,0.07949399,0.1328118,0.06352237,0.985904,8.040547,15.94288,8.500762,0.1012466,0.03478966,-0.9942521,0.0,0.0,0.0,0.7229188,-0.009280059,-2.743011,-0.06060147,0.09811524,1.020397,0.9566519,0.1463694,-0.2517801,-0.1041384,0.9792912,0.1736199,0.2719786,-0.1398739,0.9520834,moving,22.34847,-8.663067,-3.398811,5.492334
3560,05/08/2023 17:08:52.562898,3801,True,True,True,True,Eyes,0.4793129,0.1255535,-3.612556,0.3688347,-0.1396678,0.9189417,0.0,0.0,0.0,0.0,0.0,0.0,0.0,-1.606495,0.5932547,3.340428,0.7225871,0.1183992,-3.681723,0.0778785,0.1286627,0.06658722,0.9863807,7.845431,15.46731,8.791044,0.1039821,0.03476943,-0.9939706,0.0,0.0,0.0,0.7258086,-0.009264719,-2.743106,-0.05356199,0.08853077,1.024008,0.9580241,0.1514008,-0.2434494,-0.1113206,0.9790022,0.1707703,0.2641923,-0.1365011,0.9547617,moving,21.869,-8.642113,-2.994196,4.941228
3561,05/08/2023 17:08:52.573242,3802,True,True,True,True,Eyes,0.4904523,0.1251051,-3.615318,0.361151,-0.1397164,0.9219812,0.0,0.0,0.0,0.0,0.0,0.0,0.0,-1.59054,0.5802542,3.356951,0.7357929,0.1165533,-3.685194,0.07473113,0.124366,0.06940879,0.9869807,7.484164,14.95535,9.02905,0.1067325,0.03473692,-0.9936801,0.0,0.0,0.0,0.72877,-0.009248999,-2.743203,-0.04719627,0.07986469,1.026961,0.9594311,0.1555983,-0.2351197,-0.1184222,0.9791954,0.1647806,0.2558677,-0.1302522,0.9578967,moving,21.39087,-8.617001,-2.631303,4.446826
3562,05/08/2023 17:08:52.593005,3803,True,True,True,True,Eyes,0.5016661,0.1246067,-3.618107,0.3533851,-0.1397409,0.9249819,0.0,0.0,0.0,0.0,0.0,0.0,0.0,-1.57721,0.5796396,3.370236,0.7492034,0.1144112,-3.688858,0.07359111,0.1205175,0.07127981,0.9874104,7.362605,14.51049,9.196482,0.1094982,0.03469143,-0.9933807,0.0,0.0,0.0,0.7316206,-0.009233867,-2.743297,-0.04161045,0.0727473,1.02926,0.9607894,0.1585029,-0.2275092,-0.1230268,0.9790071,0.1625102,0.2484915,-0.1281483,0.9601198,moving,20.90913,-8.590946,-2.315066,4.042897
3563,05/08/2023 17:08:52.613114,3804,True,True,True,True,Eyes,0.5129817,0.1240619,-3.620923,0.3455671,-0.1396553,0.9279439,0.0,0.0,0.0,0.0,0.0,0.0,0.0,-1.561162,0.5878547,3.383156,0.7626987,0.112762,-3.692441,0.07356605,0.1164166,0.07379488,0.9877194,7.362316,14.05384,9.454254,0.1122784,0.03463287,-0.9930723,0.0,0.0,0.0,0.7344828,-0.009218673,-2.743391,-0.03591853,0.06629367,1.030927,0.9620029,0.1629059,-0.2191163,-0.1286486,0.9782847,0.1625071,0.2408315,-0.1281433,0.9620704,moving,20.42538,-8.558764,-1.995435,3.679335
3564,05/08/2023 17:08:52.623038,3805,True,True,True,True,Eyes,0.5243804,0.1235712,-3.623745,0.3377784,-0.139897,0.930771,0.0,0.0,0.0,0.0,0.0,0.0,0.0,-1.542927,0.5841296,3.399077,0.7765321,0.1110514,-3.695974,0.07190461,0.1118248,0.0762257,0.9881876,7.184373,13.52122,9.674543,0.1150737,0.03456123,-0.9927548,0.0,0.0,0.0,0.7375151,-0.009202576,-2.743491,-0.02893722,0.06113641,1.032281,0.9633697,0.166732,-0.2100458,-0.1345691,0.9780387,0.1591583,0.2319697,-0.1250626,0.9646498,moving,19.94592,-8.5477,-1.605713,3.38936
3565,05/08/2023 17:08:52.643008,3806,True,True,True,True,Eyes,0.5358636,0.1231923,-3.62659,0.3298714,-0.1402456,0.9335502,0.0,0.0,0.0,0.0,0.0,0.0,0.0,-1.537066,0.622402,3.401485,0.790265,0.1119775,-3.699054,0.0767633,0.1094861,0.07755312,0.9879807,7.741233,13.31744,9.881731,0.1178842,0.03447931,-0.9924279,0.0,0.0,0.0,0.7403144,-0.009187717,-2.743583,-0.0218845,0.05917533,1.032939,0.9639966,0.170051,-0.2044337,-0.1364329,0.9761858,0.1686633,0.2282467,-0.1346993,0.9642404,moving,19.46094,-8.543557,-1.213723,3.278794
3566,05/08/2023 17:08:52.662977,3807,True,True,True,True,Eyes,0.5474446,0.1227899,-3.62942,0.3214296,-0.1400053,0.9365263,0.0,0.0,0.0,0.0,0.0,0.0,0.0,-1.503149,0.6466693,3.419145,0.8038722,0.1142085,-3.702558,0.07789788,0.1033835,0.08535267,0.9879062,7.831687,12.68627,10.74784,0.1207092,0.03439116,-0.9920913,0.0,0.0,0.0,0.7431582,-0.00917262,-2.743677,-0.01563376,0.05802058,1.033049,0.9640536,0.1847476,-0.1909688,-0.1525342,0.9732937,0.1715597,0.217564,-0.1362635,0.9664875,moving,18.94297,-8.502426,-0.8670261,3.214607
3567,05/08/2023 17:08:52.673506,3808,True,True,True,True,Eyes,0.5591109,0.1224225,-3.632357,0.3131784,-0.1411618,0.9391446,0.0,0.0,0.0,0.0,0.0,0.0,0.0,-1.465219,0.6016496,3.450032,0.818481,0.1131944,-3.705246,0.0706526,0.09541365,0.08820891,0.9890014,7.060561,11.69666,10.91754,0.1235493,0.03429678,-0.9917449,0.0,0.0,0.0,0.7461421,-0.00915678,-2.743775,-0.0119347,0.05413014,1.0327,0.9662309,0.1879599,-0.1762641,-0.160995,0.9744548,0.1565837,0.2011928,-0.1229184,0.9718089,moving,18.4421,-8.548077,-0.6621256,3.000476
3568,05/08/2023 17:08:52.692879,3809,True,True,True,True,Eyes,0.5708472,0.1222288,-3.635266,0.3046833,-0.1426226,0.9417149,0.0,0.0,0.0,0.0,0.0,0.0,0.0,-1.450297,0.7212106,3.442637,0.8322072,0.1139988,-3.710754,0.08801522,0.09265224,0.08571923,0.9880897,9.093711,11.57844,10.84017,0.1264041,0.03419762,-0.9913884,0.0,0.0,0.0,0.7490278,-0.009141462,-2.74387,-0.00995791,0.05154416,1.031938,0.9681356,0.1857062,-0.1680083,-0.1530869,0.9698111,0.189818,0.1981866,-0.1580497,0.9673378,moving,17.92852,-8.611991,-0.5528711,2.859485
3569,05/08/2023 17:08:52.713125,3810,True,True,True,True,Eyes,0.582653,0.1221324,-3.638164,0.2960494,-0.1433115,0.9443604,0.0,0.0,0.0,0.0,0.0,0.0,0.0,-1.415393,0.7632667,3.45428,0.8464088,0.1180854,-3.713167,0.09205239,0.08678149,0.09312442,0.9875847,9.53535,11.02249,11.69572,0.1292731,0.03409892,-0.9910219,0.0,0.0,0.0,0.7518004,-0.009126744,-2.743961,-0.009634018,0.05342141,1.030636,0.9675937,0.1999133,-0.1542635,-0.1679596,0.9657084,0.197982,0.1885528,-0.1656561,0.9679907,moving,17.40579,-8.629086,-0.5355649,2.967182
3570,05/08/2023 17:08:52.722684,3811,True,True,True,True,Eyes,0.5944961,0.1220621,-3.641092,0.2871175,-0.1440878,0.9469965,0.0,0.0,0.0,0.0,0.0,0.0,0.0,-1.393896,0.7033626,3.481999,0.8599893,0.1201224,-3.715907,0.08241295,0.08125438,0.09794826,0.9884392,8.453282,10.29498,12.08124,0.1321557,0.03400324,-0.9906449,0.0,0.0,0.0,0.7548454,-0.00911058,-2.744061,-0.0104574,0.05862113,1.029067,0.9676077,0.2070246,-0.1444856,-0.180239,0.9672285,0.1788378,0.1767744,-0.1470029,0.9732117,moving,16.86664,-8.651337,-0.5822206,3.260348
3571,05/08/2023 17:08:52.743190,3812,True,True,True,True,Eyes,0.6063668,0.1221092,-3.643999,0.2780572,-0.1451038,0.9495414,0.0,0.0,0.0,0.0,0.0,0.0,0.0,-1.358126,0.7390694,3.496039,0.8732107,0.1207859,-3.719669,0.08683453,0.07499291,0.1000568,0.9883444,9.011792,9.653206,12.32401,0.1350507,0.03391093,-0.9902575,0.0,0.0,0.0,0.7575918,-0.009096,-2.744152,-0.01292878,0.0657584,1.027092,0.9687294,0.2108052,-0.1308608,-0.1847573,0.9648968,0.1866519,0.1656144,-0.1566377,0.9736716,moving,16.32178,-8.688418,-0.7211869,3.663296
3572,05/08/2023 17:08:52.763367,3813,True,True,True,True,Eyes,0.6182576,0.1222203,-3.64688,0.2683811,-0.1454672,0.9522662,0.0,0.0,0.0,0.0,0.0,0.0,0.0,-1.319161,0.7625774,3.511787,0.8858533,0.1236781,-3.72214,0.08945792,0.0683531,0.1037088,0.9882154,9.359571,8.958755,12.71686,0.1379568,0.03382485,-0.9898598,0.0,0.0,0.0,0.7604985,-0.009080571,-2.744247,-0.01631331,0.07279518,1.024726,0.9691446,0.2172027,-0.11654,-0.1927437,0.9624835,0.190985,0.1536503,-0.1626297,0.9746503,moving,15.73965,-8.685299,-0.9120541,4.063392
3573,05/08/2023 17:08:52.773243,3814,True,True,True,True,Eyes,0.6301914,0.1223474,-3.649754,0.2584637,-0.145866,0.9549448,0.0,0.0,0.0,0.0,0.0,0.0,0.0,-1.264179,0.7354388,3.543638,0.8989449,0.1252896,-3.724592,0.08433308,0.0589123,0.1100065,0.9885929,8.846088,7.85465,13.30753,0.1408724,0.03374609,-0.9894517,0.0,0.0,0.0,0.7634529,-0.009064887,-2.744344,-0.02055886,0.07839818,1.022332,0.9688558,0.2274397,-0.09792619,-0.2075667,0.961573,0.1797036,0.1350349,-0.1537807,0.9788346,moving,15.14472,-8.684695,-1.15205,4.385181
3574,05/08/2023 17:08:52.792833,3815,True,True,True,True,Eyes,0.6421241,0.122483,-3.652621,0.2483532,-0.1463344,0.9575526,0.0,0.0,0.0,0.0,0.0,0.0,0.0,-1.218315,0.7344552,3.566081,0.9120515,0.1257965,-3.72733,0.08389588,0.05087658,0.112078,0.9888437,8.888699,6.942626,13.47317,0.1437965,0.03367434,-0.9890335,0.0,0.0,0.0,0.7663125,-0.009049707,-2.744439,-0.02604944,0.07873131,1.019657,0.9697002,0.2301919,-0.0818122,-0.2131186,0.9608001,0.1773241,0.1194237,-0.1545155,0.9807461,moving,14.53999,-8.688791,-1.463431,4.415248
3575,05/08/2023 17:08:52.813419,3816,True,True,True,True,Eyes,0.6540995,0.1226267,-3.655452,0.2381881,-0.1467274,0.9600716,0.0,0.0,0.0,0.0,0.0,0.0,0.0,-1.176066,0.7535108,3.582621,0.9251291,0.1264041,-3.73018,0.08649867,0.0436277,0.1130594,0.988854,9.276793,6.156495,13.54501,0.1467278,0.03360907,-0.9886051,0.0,0.0,0.0,0.7691622,-0.009034581,-2.744532,-0.03280932,0.07638297,1.017109,0.9706284,0.2311459,-0.06672387,-0.216051,0.9594711,0.1809342,0.1058418,-0.1612041,0.9812292,moving,13.93342,-8.689257,-1.847574,4.294745
3576,05/08/2023 17:08:52.822792,3817,True,True,True,True,Eyes,0.6660914,0.1227699,-3.658269,0.2280407,-0.1470712,0.9624799,0.0,0.0,0.0,0.0,0.0,0.0,0.0,-1.148707,0.7453092,3.59869,0.9382271,0.1267234,-3.732191,0.08506276,0.03805619,0.1144719,0.9890462,9.180734,5.507888,13.64661,0.1496654,0.03354987,-0.9881667,0.0,0.0,0.0,0.7721102,-0.009018931,-2.744629,-0.03930017,0.06872956,1.014209,0.9708958,0.2329104,-0.05580405,-0.2199617,0.959321,0.1769747,0.09475325,-0.1595493,0.9826321,moving,13.32932,-8.687844,-2.219077,3.876817
3577,05/08/2023 17:08:52.843042,3818,True,True,True,True,Eyes,0.6781032,0.1229377,-3.66104,0.2177927,-0.1473769,0.9648038,0.0,0.0,0.0,0.0,0.0,0.0,0.0,-1.118393,0.7543802,3.612348,0.9511461,0.1269354,-3.734723,0.08555921,0.03253317,0.117364,0.9888614,9.298383,4.907585,13.93643,0.1526086,0.0334961,-0.9877183,0.0,0.0,0.0,0.7750006,-0.009003587,-2.744725,-0.0435631,0.06418677,1.011549,0.9703345,0.2376805,-0.04425844,-0.2265465,0.9578106,0.1768488,0.08442472,-0.161576,0.9832425,moving,12.72062,-8.68498,-2.465962,3.630777
3578,05/08/2023 17:08:52.862858,3819,True,True,True,True,Eyes,0.6901333,0.1231132,-3.663763,0.2075405,-0.1475949,0.9670278,0.0,0.0,0.0,0.0,0.0,0.0,0.0,-1.085284,0.7469508,3.629064,0.9637468,0.1276844,-3.736412,0.08440516,0.02630293,0.1187456,0.9889809,9.247732,4.187509,14.03213,0.1555566,0.03344786,-0.98726,0.0,0.0,0.0,0.7778856,-0.008988272,-2.744819,-0.04381824,0.0622416,1.008507,0.9704152,0.2393146,-0.0319807,-0.2304341,0.9575505,0.1731969,0.07207168,-0.1607035,0.9843678,moving,12.1129,-8.677934,-2.487859,3.531622
3579,05/08/2023 17:08:52.872932,3820,True,True,True,True,Eyes,0.7021856,0.1232844,-3.666435,0.1972226,-0.1478539,0.9691452,0.0,0.0,0.0,0.0,0.0,0.0,0.0,-1.05404,0.7370987,3.645329,0.9764851,0.128059,-3.738023,0.08348166,0.02012204,0.1179618,0.9892983,9.231813,3.456435,13.87859,0.1585086,0.03340483,-0.9867918,0.0,0.0,0.0,0.7809211,-0.008972159,-2.744919,-0.04171452,0.06049976,1.005615,0.9713603,0.2367584,-0.0201181,-0.2300392,0.9582316,0.1699238,0.05950869,-0.1604293,0.9852518,moving,11.50271,-8.674223,-2.37536,3.442877
3580,05/08/2023 17:08:52.892920,3821,True,True,True,True,Eyes,0.7142498,0.123459,-3.669062,0.187015,-0.1481605,0.9711199,0.0,0.0,0.0,0.0,0.0,0.0,0.0,-1.025329,0.73361,3.659149,0.9891691,0.1281507,-3.739516,0.08356781,0.0143618,0.1164002,0.9895763,9.325906,2.781089,13.6442,0.1614642,0.03336639,-0.9863138,0.0,0.0,0.0,0.7837229,-0.008957285,-2.745012,-0.04180649,0.05928703,1.001444,0.9724895,0.232774,-0.008969577,-0.2279733,0.9589348,0.1687369,0.04787879,-0.16205,0.9856203,moving,10.90038,-8.674531,-2.390493,3.388043
3581,05/08/2023 17:08:52.913444,3822,True,True,True,True,Eyes,0.7263207,0.1236626,-3.671633,0.1768052,-0.1486392,0.9729575,0.0,0.0,0.0,0.0,0.0,0.0,0.0,-1.000542,0.7343094,3.670793,1.001466,0.1283927,-3.741069,0.08442353,0.009195087,0.1139887,0.9898459,9.499343,2.176087,13.31909,0.1644222,0.03333216,-0.9858262,0.0,0.0,0.0,0.7865851,-0.008942092,-2.745106,-0.04014927,0.05129135,0.9981062,0.9738441,0.227215,0.001043217,-0.2241099,0.9597585,0.1692288,0.03745009,-0.1650363,0.9855763,moving,10.29937,-8.685946,-2.303507,2.941766
3582,05/08/2023 17:08:52.923489,3823,True,True,True,True,Eyes,0.7384132,0.1239223,-3.674136,0.1666067,-0.1490411,0.9746944,0.0,0.0,0.0,0.0,0.0,0.0,0.0,-0.9748525,0.7437225,3.680499,1.013785,0.129347,-3.742331,0.08637986,0.004092868,0.1121795,0.9899181,9.793612,1.598171,13.06751,0.1673824,0.03330251,-0.9853289,0.0,0.0,0.0,0.7895755,-0.008926217,-2.745204,-0.03631705,0.03007415,0.9942145,0.974798,0.222804,0.01127688,-0.2213898,0.9599086,0.1719362,0.0274833,-0.1700997,0.9850436,moving,9.69995,-8.693792,-2.091992,1.732621
3583,05/08/2023 17:08:52.943672,3824,True,True,True,True,Eyes,0.7505196,0.1242009,-3.676567,0.1562809,-0.1493645,0.9763538,0.0,0.0,0.0,0.0,0.0,0.0,0.0,-0.9401677,0.7394855,3.694732,1.026049,0.1308427,-3.743248,0.08629059,-0.002283948,0.1117768,0.9899771,9.86702,0.8589066,12.95793,0.1703441,0.03327851,-0.984822,0.0,0.0,0.0,0.7922062,-0.008912253,-2.745291,-0.0362322,0.04099022,0.9911084,0.9750015,0.2209187,0.02381268,-0.221707,0.9601198,0.1703409,0.01476845,-0.171362,0.9850975,moving,9.093955,-8.697786,-2.093644,2.368287
3584,05/08/2023 17:08:52.962994,3825,True,True,True,True,Eyes,0.7626768,0.1245034,-3.678937,0.1460381,-0.1497691,0.9778763,0.0,0.0,0.0,0.0,0.0,0.0,0.0,-0.9078522,0.7237203,3.710172,1.038606,0.1315745,-3.743973,0.0849748,-0.00865441,0.1097232,0.9902854,9.799319,0.08760788,12.65263,0.1733073,0.03326012,-0.9843055,0.0,0.0,0.0,0.7950613,-0.008897097,-2.745385,-0.03485879,0.04211237,0.9874102,0.9757718,0.2158437,0.03578808,-0.2187853,0.9614803,0.1663994,0.001506734,-0.1701978,0.9854088,moving,8.493896,-8.707611,-2.021888,2.442146
3585,05/08/2023 17:08:52.983339,3826,True,True,True,True,Eyes,0.7748357,0.1248169,-3.68125,0.1358835,-0.1503381,0.9792519,0.0,0.0,0.0,0.0,0.0,0.0,0.0,-0.8851675,0.7309371,3.718776,1.051095,0.1322902,-3.744968,0.08718367,-0.01355671,0.1055158,0.9904957,10.11189,359.5078,12.11783,0.176272,0.03324741,-0.9837794,0.0,0.0,0.0,0.7979657,-0.008881679,-2.74548,-0.03456721,0.02800111,0.9846814,0.9773653,0.206662,0.04525423,-0.2113897,0.9625309,0.1698492,-0.008457227,-0.175571,0.9844304,moving,7.900059,-8.728101,-2.010541,1.628865
3586,05/08/2023 17:08:52.993044,3827,True,True,True,True,Eyes,0.7869841,0.1251456,-3.683511,0.1259944,-0.1509282,0.9804826,0.0,0.0,0.0,0.0,0.0,0.0,0.0,-0.8697957,0.740768,3.724939,1.063357,0.1329493,-3.745938,0.08956246,-0.01739943,0.1016072,0.9906321,10.42701,359.052,11.62597,0.1792378,0.03324012,-0.9832436,0.0,0.0,0.0,0.8008561,-0.008866335,-2.745575,-0.03245831,0.03424257,0.9823589,0.9787465,0.1981941,0.05267325,-0.2044274,0.9633091,0.1739111,-0.01627247,-0.1809827,0.9833516,moving,7.322516,-8.750999,-1.892432,1.996379
3587,05/08/2023 17:08:53.013091,3828,True,True,True,True,Eyes,0.7991189,0.1254734,-3.685741,0.1162088,-0.1516978,0.9815719,0.0,0.0,0.0,0.0,0.0,0.0,0.0,-0.8587279,0.7450114,3.731134,1.075313,0.1336818,-3.746952,0.09103866,-0.02067306,0.09813682,0.9907845,10.62947,358.6534,11.18808,0.1822039,0.03323811,-0.9826983,0.0,0.0,0.0,0.8037685,-0.008850875,-2.745671,-0.03340232,0.03957863,0.9798712,0.9798836,0.1907008,0.05883358,-0.198229,0.9641622,0.1763418,-0.0230966,-0.1844569,0.9825692,moving,6.751847,-8.785315,-1.95237,2.313015
3588,05/08/2023 17:08:53.032739,3829,True,True,True,True,Eyes,0.8112702,0.1258198,-3.687911,0.1064232,-0.1522662,0.9825931,0.0,0.0,0.0,0.0,0.0,0.0,0.0,-0.8430203,0.7599705,3.736664,1.087179,0.1340563,-3.748462,0.09357246,-0.02428782,0.09599497,0.9906762,10.95646,358.2397,10.90035,0.1851688,0.03324081,-0.9821439,0.0,0.0,0.0,0.8067797,-0.00883489,-2.74577,-0.03566828,0.03853635,0.9780448,0.9803901,0.1856545,0.06608769,-0.1947452,0.9640583,0.180737,-0.03015776,-0.190063,0.9813086,moving,6.181526,-8.808701,-2.088592,2.256368
3589,05/08/2023 17:08:53.043427,3830,True,True,True,True,Eyes,0.8234177,0.1261732,-3.690037,0.09668259,-0.1528449,0.9835094,0.0,0.0,0.0,0.0,0.0,0.0,0.0,-0.8254837,0.7668655,3.743517,1.099131,0.1347344,-3.74929,0.0948181,-0.02817084,0.09489471,0.990561,11.13916,357.7913,10.72894,0.1881323,0.03324825,-0.9815803,0.0,0.0,0.0,0.8095417,-0.008820229,-2.745861,-0.03797382,0.03038521,0.9759847,0.9804028,0.1826558,0.07380535,-0.1933402,0.964009,0.1824997,-0.03781441,-0.1931927,0.9804319,moving,5.614347,-8.833542,-2.228153,1.783206
3590,05/08/2023 17:08:53.062972,3831,True,True,True,True,Eyes,0.835569,0.1265172,-3.6921,0.08697149,-0.153028,0.9843873,0.0,0.0,0.0,0.0,0.0,0.0,0.0,-0.8056411,0.7668058,3.752536,1.111266,0.1352718,-3.750382,0.09494787,-0.03239399,0.09446772,0.9904603,11.19826,357.2988,10.63164,0.1910938,0.03326014,-0.9810077,0.0,0.0,0.0,0.8126066,-0.008803959,-2.745962,-0.03889453,0.01897867,0.9739947,0.9800529,0.1809816,0.08210894,-0.1932845,0.9641215,0.1819638,-0.0462309,-0.1942046,0.979871,moving,5.049023,-8.836193,-2.286778,1.116289
3591,05/08/2023 17:08:53.073377,3832,True,True,True,True,Eyes,0.8477282,0.126833,-3.694118,0.0773695,-0.1531707,0.9851664,0.0,0.0,0.0,0.0,0.0,0.0,0.0,-0.7900902,0.7540029,3.762672,1.123542,0.1353552,-3.750973,0.09340758,-0.03625312,0.09360556,0.9905549,11.06004,356.8263,10.48928,0.1940534,0.03327581,-0.980426,0.0,0.0,0.0,0.8154541,-0.008788843,-2.746056,-0.04019836,0.01461083,0.9717939,0.9798474,0.1786702,0.08930834,-0.1922155,0.9650261,0.1782636,-0.05433447,-0.1918376,0.9799215,moving,4.490476,-8.83742,-2.368695,0.8613716
3592,05/08/2023 17:08:53.092951,3833,True,True,True,True,Eyes,0.8598985,0.1271242,-3.696072,0.06786987,-0.1530012,0.9858927,0.0,0.0,0.0,0.0,0.0,0.0,0.0,-0.7785401,0.7492405,3.770681,1.135954,0.1350031,-3.75192,0.09292343,-0.03952034,0.09239811,0.9905888,11.03456,356.4295,10.3128,0.1970105,0.03329412,-0.9798355,0.0,0.0,0.0,0.8183708,-0.00877336,-2.746152,-0.04154116,0.0130007,0.9699123,0.9798015,0.1757123,0.0954687,-0.1904018,0.9656556,0.1767946,-0.0611249,-0.191401,0.9796067,moving,3.938087,-8.821394,-2.452469,0.7679462
3593,05/08/2023 17:08:53.112996,3834,True,True,True,True,Eyes,0.8720737,0.127378,-3.697971,0.05847161,-0.152763,0.9865316,0.0,0.0,0.0,0.0,0.0,0.0,0.0,-0.7668971,0.7428016,3.778525,1.148254,0.1346607,-3.752402,0.09236896,-0.04284424,0.09066901,0.9906622,10.99843,356.0197,10.07534,0.1999651,0.03331416,-0.9792361,0.0,0.0,0.0,0.8212281,-0.008758192,-2.746246,-0.04302189,0.01278418,0.9679481,0.979887,0.1717298,0.1016383,-0.1875597,0.9664942,0.1752436,-0.06813833,-0.1907821,0.9792647,moving,3.391946,-8.802262,-2.544921,0.7566904
3594,05/08/2023 17:08:53.122808,3835,True,True,True,True,Eyes,0.8842444,0.1275992,-3.699788,0.04931975,-0.1523169,0.9871004,0.0,0.0,0.0,0.0,0.0,0.0,0.0,-0.7562485,0.7338226,3.78674,1.160606,0.134021,-3.752977,0.09144695,-0.04606555,0.08886749,0.9907665,10.91734,355.6178,9.831965,0.2029171,0.0333348,-0.978628,0.0,0.0,0.0,0.8241503,-0.00874268,-2.746342,-0.04219031,0.01382716,0.9663659,0.9799611,0.1676687,0.1075337,-0.184519,0.9674801,0.1730177,-0.07502707,-0.1893926,0.9790308,moving,2.860363,-8.771975,-2.499874,0.8197556
3595,05/08/2023 17:08:53.143051,3836,True,True,True,True,Eyes,0.8964206,0.1277662,-3.701518,0.04018144,-0.1516381,0.987619,0.0,0.0,0.0,0.0,0.0,0.0,0.0,-0.7414304,0.7206724,3.795833,1.172767,0.1334442,-3.752898,0.08997121,-0.0498255,0.08731557,0.9908575,10.77767,355.1516,9.614307,0.2058663,0.03335515,-0.9780111,0.0,0.0,0.0,0.8269585,-0.008727773,-2.746434,-0.03985387,0.01011255,0.9645674,0.9797868,0.1640689,0.1144517,-0.1820003,0.9685624,0.1695962,-0.08302817,-0.1869984,0.9788452,moving,2.329803,-8.728971,-2.365994,0.6006687
3596,05/08/2023 17:08:53.162772,3837,True,True,True,True,Eyes,0.9086113,0.1278541,-3.703148,0.03101506,-0.1506676,0.9880978,0.0,0.0,0.0,0.0,0.0,0.0,0.0,-0.7259402,0.6943865,3.807175,1.185157,0.1322737,-3.752552,0.08672476,-0.05383534,0.08564367,0.9910831,10.43525,354.6407,9.388053,0.2088126,0.03337387,-0.9773856,0.0,0.0,0.0,0.8299356,-0.008711969,-2.746532,-0.0383791,0.01470076,0.9634032,0.9795339,0.1604223,0.1215655,-0.1790977,0.970288,0.1626816,-0.09185575,-0.1811242,0.9791611,moving,1.797847,-8.669821,-2.281286,0.8742195
3597,05/08/2023 17:08:53.173350,3838,True,True,True,True,Eyes,0.9208176,0.1278592,-3.704665,0.02196679,-0.1496077,0.9885014,0.0,0.0,0.0,0.0,0.0,0.0,0.0,-0.7098809,0.6743686,3.816946,1.197727,0.1304044,-3.751829,0.08414084,-0.05782778,0.08431687,0.9911948,10.16897,354.1427,9.202821,0.2117561,0.03338908,-0.9767516,0.0,0.0,0.0,0.8327863,-0.008696836,-2.746626,-0.03806642,0.02264462,0.9622628,0.9790933,0.1574175,0.1288262,-0.1768802,0.971622,0.1570482,-0.1004482,-0.1765516,0.9791526,moving,1.273036,-8.606285,-2.265398,1.348075
3598,05/08/2023 17:08:53.192934,3839,True,True,True,True,Eyes,0.9330297,0.1277725,-3.706066,0.01296582,-0.1484967,0.9888279,0.0,0.0,0.0,0.0,0.0,0.0,0.0,-0.7021753,0.6622337,3.823245,1.210364,0.1284139,-3.750645,0.0826021,-0.06068514,0.08268707,0.9912907,10.0089,353.7826,8.991442,0.2146976,0.03339905,-0.976109,0.0,0.0,0.0,0.8357043,-0.008681347,-2.746722,-0.03870592,0.02110991,0.961012,0.9789603,0.1539084,0.1339735,-0.1739593,0.9726794,0.1537296,-0.106653,-0.1738011,0.9789884,moving,0.7512373,-8.540542,-2.30641,1.258376
3599,05/08/2023 17:08:53.212979,3840,True,True,True,True,Eyes,0.9452441,0.127591,-3.707352,0.00412243,-0.1473839,0.9890708,0.0,0.0,0.0,0.0,0.0,0.0,0.0,-0.6954901,0.6533619,3.828546,1.222772,0.1260973,-3.749304,0.08130052,-0.06329744,0.08164232,0.9913216,9.87652,353.4593,8.850426,0.2176374,0.03340198,-0.9754577,0.0,0.0,0.0,0.8385435,-0.008666275,-2.746815,-0.03971285,0.01699103,0.9599757,0.9786559,0.1515753,0.1387714,-0.1721598,0.9734495,0.1508544,-0.1122211,-0.1715254,0.9787673,moving,0.2388064,-8.475424,-2.368895,1.013997
3600,05/08/2023 17:08:53.223184,3841,True,True,True,True,Eyes,0.957473,0.1273226,-3.708507,-0.004704958,-0.146425,0.9892106,0.0,0.0,0.0,0.0,0.0,0.0,0.0,-0.6894501,0.6510238,3.832476,1.235089,0.1236401,-3.747841,0.08070359,-0.06570741,0.08112656,0.9912558,9.826022,353.1705,8.769819,0.2205753,0.03339617,-0.9747978,0.0,0.0,0.0,0.8415302,-0.00865042,-2.746914,-0.04084799,0.01017676,0.9588736,0.978202,0.1502287,0.1433601,-0.17144,0.9738108,0.1493346,-0.1171713,-0.170657,0.978339,moving,-0.2725125,-8.419898,-2.439323,0.6080714
3601,05/08/2023 17:08:53.243507,3842,True,True,True,True,Eyes,0.9697094,0.1269685,-3.70951,-0.0134253,-0.1454762,0.9892707,0.0,0.0,0.0,0.0,0.0,0.0,0.0,-0.6770257,0.6546664,3.836097,1.247449,0.1212347,-3.745901,0.08075763,-0.06883211,0.08138724,0.9910179,9.861588,352.8116,8.768788,0.2235118,0.03338033,-0.9741292,0.0,0.0,0.0,0.8443068,-0.008635681,-2.747005,-0.0428026,0.005601138,0.9579234,0.9772765,0.150195,0.149573,-0.1724299,0.9737086,0.1488604,-0.1232824,-0.1712686,0.9774806,moving,-0.7775082,-8.365618,-2.558428,0.3350142
3602,05/08/2023 17:08:53.263212,3843,True,True,True,True,Eyes,0.981972,0.126534,-3.710361,-0.02212754,-0.1446303,0.9892384,0.0,0.0,0.0,0.0,0.0,0.0,0.0,-0.6660183,0.6535724,3.839674,1.259929,0.1187114,-3.743304,0.08018582,-0.07184806,0.08159978,0.9908328,9.824279,352.4601,8.766973,0.2264476,0.03335335,-0.9734519,0.0,0.0,0.0,0.8471906,-0.008620372,-2.7471,-0.0448221,0.00430809,0.9570153,0.9763587,0.1501811,0.1554651,-0.1732259,0.9738234,0.1471759,-0.1292925,-0.170627,0.9768162,moving,-1.281393,-8.317921,-2.681505,0.2579203
3603,05/08/2023 17:08:53.273376,3844,True,True,True,True,Eyes,0.9942353,0.1260241,-3.711038,-0.03068261,-0.1437489,0.9891384,0.0,0.0,0.0,0.0,0.0,0.0,0.0,-0.6580339,0.6555612,3.842145,1.272582,0.1162875,-3.740569,0.07986228,-0.07442642,0.08236972,0.9906049,9.816011,352.1666,8.832822,0.2293834,0.03331437,-0.9727656,0.0,0.0,0.0,0.850117,-0.008604839,-2.747196,-0.04738811,0.0007389784,0.955995,0.9753519,0.151304,0.1606108,-0.1750794,0.9736745,0.1459629,-0.1342979,-0.1704849,0.9761654,moving,-1.776719,-8.268756,-2.837795,0.04428928
3604,05/08/2023 17:08:53.293283,3845,True,True,True,True,Eyes,1.006482,0.1254378,-3.711545,-0.03935777,-0.1428487,0.9889617,0.0,0.0,0.0,0.0,0.0,0.0,0.0,-0.6509856,0.6518251,3.844617,1.284909,0.1140415,-3.737077,0.07867439,-0.07687299,0.08369796,0.9904017,9.712635,351.8871,8.970643,0.2323195,0.03326277,-0.9720704,0.0,0.0,0.0,0.8530491,-0.008589273,-2.747293,-0.05003893,-0.0007269681,0.9551815,0.9741704,0.1536933,0.1654401,-0.1778851,0.97361,0.1429703,-0.1391005,-0.1687067,0.9758017,moving,-2.279001,-8.219137,-2.998803,-0.04360657
3605,05/08/2023 17:08:53.313254,3846,True,True,True,True,Eyes,1.01874,0.1247923,-3.711864,-0.04797568,-0.1419796,0.9887063,0.0,0.0,0.0,0.0,0.0,0.0,0.0,-0.6368728,0.6462193,3.848493,1.29728,0.111649,-3.733457,0.07703015,-0.08017556,0.08598404,0.9900733,9.573845,351.514,9.214996,0.2352559,0.03319798,-0.971366,0.0,0.0,0.0,0.8558878,-0.008574205,-2.747386,-0.05319741,-0.001919419,0.9542131,0.9723573,0.1579092,0.1720061,-0.1826129,0.9733462,0.1387434,-0.1455126,-0.1663186,0.9752765,moving,-2.778024,-8.171886,-3.190938,-0.1152514
3606,05/08/2023 17:08:53.323070,3847,True,True,True,True,Eyes,1.031028,0.1241097,-3.711983,-0.05683758,-0.1411846,0.9883503,0.0,0.0,0.0,0.0,0.0,0.0,0.0,-0.619434,0.6472403,3.851338,1.3099,0.1095559,-3.729287,0.07626645,-0.08385757,0.08851814,0.989604,9.543302,351.1059,9.478871,0.2381932,0.03311993,-0.9706526,0.0,0.0,0.0,0.8589165,-0.008558127,-2.747486,-0.05641466,-0.003524706,0.9533815,0.9702649,0.1624048,0.1794735,-0.1879869,0.9726959,0.1361013,-0.1524696,-0.165793,0.9743027,moving,-3.291314,-8.129634,-3.386428,-0.2118248
3607,05/08/2023 17:08:53.343201,3848,True,True,True,True,Eyes,1.043329,0.1233939,-3.7119,-0.06560405,-0.1403777,0.9879222,0.0,0.0,0.0,0.0,0.0,0.0,0.0,-0.602471,0.6491413,3.85361,1.322729,0.1078963,-3.724703,0.07562631,-0.08748867,0.09124207,0.9890911,9.53023,350.7062,9.764641,0.2411327,0.03302916,-0.9699298,0.0,0.0,0.0,0.8616425,-0.008543656,-2.747576,-0.05901757,-0.005282596,0.9523997,0.9680412,0.1672605,0.1868691,-0.1937263,0.9719111,0.1336374,-0.1592679,-0.1655679,0.9732528,moving,-3.79921,-8.087243,-3.545927,-0.3177945
3608,05/08/2023 17:08:53.363470,3849,True,True,True,True,Eyes,1.055619,0.1226442,-3.711615,-0.07457443,-0.1395964,0.9873964,0.0,0.0,0.0,0.0,0.0,0.0,0.0,-0.5888063,0.6459476,3.855829,1.335377,0.1063468,-3.719787,0.07434345,-0.09074701,0.0938371,0.9886519,9.440916,350.3427,10.04456,0.2440751,0.03292622,-0.969197,0.0,0.0,0.0,0.8645426,-0.008528261,-2.747671,-0.06112963,-0.002560452,0.9519553,0.9659191,0.1720516,0.1933868,-0.1990373,0.9713354,0.1299687,-0.1654821,-0.1640305,0.9724761,moving,-4.31914,-8.047049,-3.674193,-0.1541067
3609,05/08/2023 17:08:53.373801,3850,True,True,True,True,Eyes,1.067914,0.1218655,-3.711127,-0.08357847,-0.1387642,0.9867924,0.0,0.0,0.0,0.0,0.0,0.0,0.0,-0.5701498,0.6388624,3.859125,1.34795,0.1048236,-3.71458,0.07274585,-0.09472313,0.09590455,0.9881993,9.319727,349.8879,10.26,0.2470204,0.03281164,-0.9684544,0.0,0.0,0.0,0.8675058,-0.008512531,-2.747768,-0.06165144,0.0007486045,0.9515451,0.9636596,0.1757642,0.201164,-0.203327,0.9710207,0.125606,-0.1732573,-0.1619436,0.9714711,moving,-4.841233,-8.004531,-3.707062,0.04507602
3610,05/08/2023 17:08:53.393363,3851,True,True,True,True,Eyes,1.08024,0.1211365,-3.710417,-0.09277896,-0.1382235,0.9860458,0.0,0.0,0.0,0.0,0.0,0.0,0.0,-0.544773,0.6286828,3.863705,1.360442,0.1033157,-3.70928,0.07094613,-0.09961993,0.09747814,0.9876946,9.181808,349.3195,10.41273,0.2499691,0.03268598,-0.9677017,0.0,0.0,0.0,0.8703204,-0.00849759,-2.747861,-0.06265391,0.003670692,0.9514102,0.9611477,0.178422,0.2106195,-0.2066926,0.9709293,0.1207247,-0.1829567,-0.1595677,0.970085,moving,-5.375245,-7.979705,-3.767701,0.2210552
3611,05/08/2023 17:08:53.413062,3852,True,True,True,True,Eyes,1.092578,0.1205068,-3.709522,-0.1020087,-0.1379019,0.9851788,0.0,0.0,0.0,0.0,0.0,0.0,0.0,-0.5264172,0.6494578,3.861617,1.373016,0.1037118,-3.703385,0.07326262,-0.1032666,0.09955797,0.9869431,9.507351,348.9372,10.59765,0.2529224,0.03255183,-0.9669386,0.0,0.0,0.0,0.8732424,-0.008482078,-2.747957,-0.06353475,0.006557465,0.9512151,0.9588484,0.181385,0.2184243,-0.2116473,0.9694417,0.1240501,-0.1892488,-0.1651741,0.9679372,moving,-5.911528,-7.968294,-3.821296,0.394978
3612,05/08/2023 17:08:53.423182,3853,True,True,True,True,Eyes,1.104935,0.1198662,-3.708388,-0.111778,-0.1368871,0.9842599,0.0,0.0,0.0,0.0,0.0,0.0,0.0,-0.4898762,0.6631875,3.863613,1.385785,0.1054131,-3.69808,0.07336923,-0.1087877,0.108027,0.9854503,9.677803,348.3797,11.52471,0.2558807,0.03241272,-0.9661645,0.0,0.0,0.0,0.8761956,-0.008466402,-2.748055,-0.0651657,0.006322071,0.9509881,0.9529908,0.1969472,0.2302615,-0.2288739,0.9658942,0.1210994,-0.198558,-0.1681075,0.9655644,moving,-6.479068,-7.917689,-3.92002,0.3808909
3613,05/08/2023 17:08:53.443110,3854,True,True,True,True,Eyes,1.117325,0.1192481,-3.707144,-0.1212388,-0.1368685,0.983142,0.0,0.0,0.0,0.0,0.0,0.0,0.0,-0.452598,0.595764,3.877281,1.398906,0.1043484,-3.691241,0.06383392,-0.1159073,0.1114898,0.9849166,8.718916,347.4913,11.95909,0.2588453,0.03226903,-0.9653794,0.0,0.0,0.0,0.8789504,-0.008451778,-2.748145,-0.06575082,0.005626947,0.9507515,0.948271,0.2048187,0.2425517,-0.2344139,0.9669905,0.09989722,-0.2140844,-0.1515871,0.9649814,moving,-7.030089,-7.925516,-3.956087,0.3390965
3614,05/08/2023 17:08:53.463091,3855,True,True,True,True,Eyes,1.129731,0.1187694,-3.70569,-0.1311006,-0.1369699,0.9818614,0.0,0.0,0.0,0.0,0.0,0.0,0.0,-0.4340722,0.689206,3.865007,1.412111,0.1044812,-3.687374,0.07540301,-0.1185067,0.1143381,0.983462,10.10261,347.335,12.13895,0.2618158,0.0321219,-0.9645829,0.0,0.0,0.0,0.8818721,-0.008436269,-2.748241,-0.06568095,0.004710153,0.9507123,0.945766,0.2070227,0.2503364,-0.2427658,0.9624823,0.1212123,-0.2158507,-0.1754116,0.9605411,moving,-7.605295,-7.941523,-3.952059,0.2838605
3615,05/08/2023 17:08:53.473263,3856,True,True,True,True,Eyes,1.142109,0.1183001,-3.704059,-0.141213,-0.1360584,0.980585,0.0,0.0,0.0,0.0,0.0,0.0,0.0,-0.3861126,0.6830721,3.869812,1.424436,0.1071216,-3.681117,0.07369208,-0.1257721,0.1211908,0.9818674,10.0901,346.5427,12.87926,0.2647935,0.03197538,-0.9637746,0.0,0.0,0.0,0.8848749,-0.008420329,-2.74834,-0.06599818,0.008079812,0.9511151,0.9389883,0.2194497,0.2648447,-0.2565234,0.9597645,0.1142269,-0.2291215,-0.1751965,0.9575017,moving,-8.194764,-7.899483,-3.96941,0.4867214
3616,05/08/2023 17:08:53.493034,3857,True,True,True,True,Eyes,1.154501,0.1177648,-3.702349,-0.1513848,-0.1356426,0.979124,0.0,0.0,0.0,0.0,0.0,0.0,0.0,-0.3611316,0.5760571,3.888377,1.436317,0.1066752,-3.675234,0.06072159,-0.1323418,0.1176068,0.9823275,8.651589,345.6082,12.55984,0.2677774,0.03182979,-0.9629546,0.0,0.0,0.0,0.8876532,-0.00840558,-2.748431,-0.06813787,0.01388396,0.9515842,0.9373085,0.2149847,0.2742885,-0.2471287,0.9649631,0.08816839,-0.2457235,-0.1504256,0.9575971,moving,-8.789052,-7.887249,-4.095655,0.8359072
3617,05/08/2023 17:08:53.513324,3858,True,True,True,True,Eyes,1.166854,0.1172362,-3.700531,-0.1613734,-0.13555,0.9775402,0.0,0.0,0.0,0.0,0.0,0.0,0.0,-0.3329638,0.6262337,3.884445,1.448994,0.1047013,-3.671703,0.06811769,-0.1371303,0.1138087,0.9816328,9.494118,345.0935,11.98165,0.270767,0.03168339,-0.9621232,0.0,0.0,0.0,0.8905472,-0.008390218,-2.748527,-0.06965578,0.01551484,0.9523665,0.9364857,0.2047548,0.284728,-0.2421188,0.9648151,0.1025199,-0.2537185,-0.1649464,0.9531105,moving,-9.373911,-7.894544,-4.183146,0.9333129
3618,05/08/2023 17:08:53.522991,3859,True,True,True,True,Eyes,1.179147,0.116733,-3.698659,-0.1712603,-0.1354554,0.9758698,0.0,0.0,0.0,0.0,0.0,0.0,0.0,-0.3169522,0.6557635,3.881065,1.460454,0.1044554,-3.66733,0.07263431,-0.1405113,0.111175,0.9811325,10.00711,344.7174,11.58361,0.2737612,0.03153647,-0.9612802,0.0,0.0,0.0,0.8935677,-0.008374183,-2.748626,-0.07180265,0.0141813,0.9529963,0.9357934,0.1977429,0.2918706,-0.2385666,0.9647288,0.1112851,-0.2595702,-0.1737704,0.9499616,moving,-9.953761,-7.902435,-4.308758,0.8525414
3619,05/08/2023 17:08:53.542887,3860,True,True,True,True,Eyes,1.191396,0.1162615,-3.696728,-0.1810981,-0.135607,0.9740709,0.0,0.0,0.0,0.0,0.0,0.0,0.0,-0.2991637,0.661194,3.882738,1.472132,0.1047278,-3.663904,0.07348095,-0.1442273,0.1109334,0.9805576,10.1429,344.2896,11.50624,0.276758,0.03138981,-0.9604266,0.0,0.0,0.0,0.8963364,-0.008359486,-2.748717,-0.07404715,0.01663709,0.9539217,0.9337845,0.1963572,0.2991493,-0.238749,0.9645887,0.1121053,-0.2665434,-0.1761038,0.9475981,moving,-10.53211,-7.925592,-4.438623,0.9991788
3620,05/08/2023 17:08:53.562977,3861,True,True,True,True,Eyes,1.203618,0.1158744,-3.694718,-0.1910428,-0.1358011,0.9721423,0.0,0.0,0.0,0.0,0.0,0.0,0.0,-0.2684768,0.6795855,3.882962,1.48341,0.1050655,-3.660569,0.07575621,-0.1491818,0.1124894,0.9794651,10.48417,343.7478,11.60208,0.2797557,0.03124421,-0.9595625,0.0,0.0,0.0,0.8992411,-0.008344066,-2.748813,-0.0770667,0.01556619,0.9546784,0.9301819,0.197756,0.3092802,-0.2429618,0.9632143,0.1148384,-0.2751931,-0.1819639,0.9440116,moving,-11.11794,-7.952334,-4.615211,0.9341341
3621,05/08/2023 17:08:53.573551,3862,True,True,True,True,Eyes,1.215808,0.1155575,-3.692625,-0.2009575,-0.1358955,0.9701281,0.0,0.0,0.0,0.0,0.0,0.0,0.0,-0.2375994,0.6835543,3.885144,1.494949,0.1066591,-3.656747,0.07642286,-0.1544361,0.1136055,0.9784697,10.6404,343.1515,11.6651,0.2827536,0.0311018,-0.958688,0.0,0.0,0.0,0.9020836,-0.008328978,-2.748906,-0.08002661,0.01230532,0.9556811,0.9264866,0.1987142,0.319586,-0.245924,0.9625067,0.1144653,-0.2848578,-0.1846445,0.9406182,moving,-11.70304,-7.974103,-4.786654,0.7376978
3622,05/08/2023 17:08:53.593262,3863,True,True,True,True,Eyes,1.22796,0.115298,-3.690459,-0.2108666,-0.1356744,0.9680535,0.0,0.0,0.0,0.0,0.0,0.0,0.0,-0.213117,0.6681681,3.889881,1.506476,0.1079952,-3.652658,0.0745324,-0.1591652,0.1144111,0.9777635,10.49622,342.5902,11.73654,0.2857511,0.03096409,-0.9578032,0.0,0.0,0.0,0.9050677,-0.008313137,-2.749004,-0.08352478,0.01341225,0.9568298,0.9231532,0.200008,0.3283065,-0.2474599,0.9627101,0.1093296,-0.2941971,-0.1821706,0.9382227,moving,-12.28852,-7.978141,-4.988888,0.8030844
3623,05/08/2023 17:08:53.613261,3864,True,True,True,True,Eyes,1.240066,0.1150886,-3.688233,-0.2205749,-0.1353789,0.9659292,0.0,0.0,0.0,0.0,0.0,0.0,0.0,-0.2020446,0.6449588,3.895186,1.518035,0.1090806,-3.64869,0.07159431,-0.1623774,0.114491,0.9774454,10.20325,342.1893,11.75866,0.2887471,0.03083215,-0.9569086,0.0,0.0,0.0,0.9079176,-0.008298009,-2.749098,-0.08672215,0.01618651,0.9580481,0.9210508,0.2005669,0.333824,-0.2470681,0.9635321,0.1027775,-0.3010364,-0.1771406,0.9370157,moving,-12.86322,-7.97827,-5.172296,0.9679371
3624,05/08/2023 17:08:53.622880,3865,True,True,True,True,Eyes,1.252111,0.1149609,-3.685953,-0.2301634,-0.1350477,0.9637359,0.0,0.0,0.0,0.0,0.0,0.0,0.0,-0.1942458,0.6346796,3.898183,1.529103,0.11005,-3.645012,0.07022173,-0.1649158,0.1148698,0.9770756,10.08515,341.884,11.79853,0.2917407,0.03070671,-0.9560042,0.0,0.0,0.0,0.9108914,-0.008282222,-2.749196,-0.08932579,0.01589401,0.9594006,0.9192154,0.2013116,0.3384031,-0.2476343,0.9637477,0.09933619,-0.3061377,-0.1751116,0.9357434,moving,-13.43201,-7.976883,-5.319236,0.9491097
3625,05/08/2023 17:08:53.643170,3866,True,True,True,True,Eyes,1.264114,0.1149147,-3.683603,-0.2396956,-0.1345822,0.9614747,0.0,0.0,0.0,0.0,0.0,0.0,0.0,-0.1816145,0.6280699,3.900773,1.540358,0.1119713,-3.641187,0.06926791,-0.1679609,0.1162648,0.9764597,10.0397,341.5331,11.94404,0.2947305,0.03058924,-0.9550905,0.0,0.0,0.0,0.9137285,-0.008267161,-2.74929,-0.09559322,0.02596478,0.9601784,0.9165433,0.2037871,0.3441209,-0.2503243,0.963369,0.09621879,-0.3119072,-0.1743305,0.9339822,moving,-13.99849,-7.968191,-5.685504,1.548993
3626,05/08/2023 17:08:53.662749,3867,True,True,True,True,Eyes,1.276085,0.1149595,-3.68119,-0.2491975,-0.1341085,0.9591223,0.0,0.0,0.0,0.0,0.0,0.0,0.0,-0.1621935,0.6075482,3.90558,1.551469,0.1138443,-3.637164,0.06687798,-0.1721225,0.1164459,0.9758799,9.823618,341.0263,11.96367,0.2977159,0.03048108,-0.9541675,0.0,0.0,0.0,0.9165948,-0.008251946,-2.749384,-0.09598023,0.0271423,0.9624425,0.9136284,0.204252,0.3515171,-0.2502969,0.9639354,0.09044383,-0.3203665,-0.1706157,0.9318023,moving,-14.56446,-7.959728,-5.695031,1.615397
3627,05/08/2023 17:08:53.673426,3868,True,True,True,True,Eyes,1.28799,0.1151078,-3.678712,-0.2585227,-0.1335997,0.9567221,0.0,0.0,0.0,0.0,0.0,0.0,0.0,-0.1516972,0.6068536,3.906984,1.562589,0.1160589,-3.633271,0.06758948,-0.175117,0.1141075,0.9755744,9.894901,340.6595,11.65236,0.3006964,0.03038365,-0.9532356,0.0,0.0,0.0,0.919561,-0.0082362,-2.749481,-0.09362438,0.01505511,0.9640831,0.912627,0.1989686,0.3571041,-0.2463129,0.9648223,0.09191281,-0.3262542,-0.1718414,0.9295315,moving,-15.12117,-7.949556,-5.546735,0.8946572
3628,05/08/2023 17:08:53.693165,3869,True,True,True,True,Eyes,1.299847,0.115355,-3.676144,-0.26793,-0.132832,0.9542375,0.0,0.0,0.0,0.0,0.0,0.0,0.0,-0.1436675,0.6000557,3.908837,1.573,0.1187145,-3.629228,0.06768447,-0.1778522,0.1111951,0.9754092,9.880435,340.3118,11.28849,0.303671,0.03029857,-0.9522948,0.0,0.0,0.0,0.9224387,-0.008220924,-2.749576,-0.09682646,0.05010551,0.966983,0.9120085,0.1928458,0.3620097,-0.2409971,0.9661089,0.09248754,-0.331905,-0.1715927,0.9275748,moving,-15.68364,-7.924778,-5.718112,2.966204
3629,05/08/2023 17:08:53.713022,3870,True,True,True,True,Eyes,1.311624,0.1156459,-3.673515,-0.2773229,-0.1318616,0.9516851,0.0,0.0,0.0,0.0,0.0,0.0,0.0,-0.1337311,0.5624586,3.914809,1.582931,0.1210941,-3.624864,0.06391691,-0.1811864,0.1076825,0.9754438,9.422648,339.8576,10.92192,0.3066395,0.03022717,-0.9513453,0.0,0.0,0.0,0.925213,-0.008206197,-2.749667,-0.09762968,0.05555892,0.968439,0.9111519,0.1869147,0.3672398,-0.2332382,0.9686382,0.08567352,-0.3397089,-0.1637159,0.9261723,moving,-16.24622,-7.888442,-5.756618,3.283435
3630,05/08/2023 17:08:53.722922,3871,True,True,True,True,Eyes,1.323313,0.1159752,-3.670814,-0.2868575,-0.1310116,0.9489725,0.0,0.0,0.0,0.0,0.0,0.0,0.0,-0.1116325,0.535338,3.919585,1.592875,0.1224059,-3.620769,0.06121951,-0.1857588,0.1054182,0.9750041,9.122352,339.2802,10.6707,0.3096003,0.03016925,-0.9503878,0.0,0.0,0.0,0.9281836,-0.008190428,-2.749765,-0.1001723,0.0363837,0.9711782,0.9087613,0.1828222,0.3751384,-0.2283105,0.9702783,0.08021383,-0.3493238,-0.1585432,0.9234917,moving,-16.81913,-7.860356,-5.888955,2.145495
3631,05/08/2023 17:08:53.743011,3872,True,True,True,True,Eyes,1.334928,0.1163495,-3.668039,-0.2963696,-0.130206,0.9461561,0.0,0.0,0.0,0.0,0.0,0.0,0.0,-0.08551943,0.5199022,3.922202,1.602822,0.123701,-3.616205,0.05984768,-0.1906245,0.1041822,0.9742826,8.994317,338.6882,10.51146,0.3125523,0.03012447,-0.9494225,0.0,0.0,0.0,0.9309615,-0.008175681,-2.749856,-0.09815139,0.04591276,0.974043,0.9056167,0.180189,0.3839143,-0.2258227,0.9711286,0.07689775,-0.358974,-0.1563365,0.9201612,moving,-17.3924,-7.835586,-5.754101,2.698712
3632,05/08/2023 17:08:53.766206,3873,True,True,True,True,Eyes,1.346454,0.1167676,-3.665188,-0.3059145,-0.1296287,0.9431928,0.0,0.0,0.0,0.0,0.0,0.0,0.0,-0.05638456,0.5136606,3.92351,1.612762,0.1251498,-3.611688,0.05921152,-0.195596,0.1051667,0.9732298,8.997607,338.1083,10.59126,0.3154948,0.03009272,-0.9484497,0.0,0.0,0.0,0.9338877,-0.008160148,-2.749953,-0.09538209,0.04952267,0.9763637,0.9013644,0.1815397,0.3931739,-0.2278659,0.9708679,0.07411243,-0.3682655,-0.1563932,0.9164724,moving,-17.96991,-7.82548,-5.579586,2.903642
3633,05/08/2023 17:08:53.775662,3874,True,True,True,True,Eyes,1.357917,0.1172179,-3.66224,-0.3155093,-0.1290058,0.9401124,0.0,0.0,0.0,0.0,0.0,0.0,0.0,-0.0236609,0.5015938,3.925049,1.622796,0.1267093,-3.606749,0.05758439,-0.2010161,0.1074895,0.9719684,8.925766,337.479,10.84073,0.3184269,0.03007385,-0.94747,0.0,0.0,0.0,0.9368876,-0.008144223,-2.750051,-0.08902022,0.03894657,0.9795574,0.8960771,0.185802,0.403142,-0.2321036,0.9702601,0.06872619,-0.3783831,-0.1551546,0.9125532,moving,-18.55217,-7.813543,-5.192662,2.276844
3634,05/08/2023 17:08:53.792901,3875,True,True,True,True,Eyes,1.369318,0.1176875,-3.659195,-0.325211,-0.1286597,0.9368482,0.0,0.0,0.0,0.0,0.0,0.0,0.0,0.01174295,0.4845264,3.926615,1.632858,0.1278997,-3.601475,0.05544162,-0.2068787,0.1092409,0.9706668,8.790959,336.7878,11.03344,0.3213485,0.03006746,-0.9464833,0.0,0.0,0.0,0.939701,-0.008129288,-2.750144,-0.08396273,0.03871015,0.9823673,0.8905352,0.1891336,0.4137336,-0.2350123,0.9699853,0.06243146,-0.3895076,-0.1528299,0.9082549,moving,-19.14358,-7.819655,-4.885186,2.256571
3635,05/08/2023 17:08:53.813493,3876,True,True,True,True,Eyes,1.380663,0.1181627,-3.656055,-0.3349453,-0.1282966,0.9334623,0.0,0.0,0.0,0.0,0.0,0.0,0.0,0.04604268,0.4719412,3.927207,1.642996,0.128861,-3.596076,0.05399958,-0.2126054,0.1103081,0.969389,8.71951,336.1113,11.13573,0.3242595,0.03007284,-0.9454898,0.0,0.0,0.0,0.9425997,-0.008113901,-2.750239,-0.07952122,0.04446404,0.9850802,0.8852621,0.1909017,0.4241078,-0.2368242,0.9698323,0.05778901,-0.4002815,-0.1515974,0.903766,moving,-19.73902,-7.825793,-4.61523,2.584433
3636,05/08/2023 17:08:53.823226,3877,True,True,True,True,Eyes,1.391967,0.1186321,-3.652814,-0.3447487,-0.1282318,0.9298951,0.0,0.0,0.0,0.0,0.0,0.0,0.0,0.08124959,0.4605197,3.927289,1.653114,0.1294596,-3.590645,0.05278714,-0.2184519,0.1108887,0.9680889,8.664769,335.4175,11.17754,0.32716,0.03008902,-0.9444896,0.0,0.0,0.0,0.9454688,-0.008098671,-2.750334,-0.07916216,0.04283346,0.9870018,0.879965,0.1916373,0.4346687,-0.2377632,0.9698344,0.0537576,-0.4112547,-0.150653,0.8989846,moving,-20.34172,-7.851526,-4.585574,2.484937
3637,05/08/2023 17:08:53.843472,3878,True,True,True,True,Eyes,1.403218,0.1190812,-3.649477,-0.354595,-0.128124,0.9262001,0.0,0.0,0.0,0.0,0.0,0.0,0.0,0.11733,0.4497829,3.926878,1.663302,0.1297716,-3.585113,0.05182206,-0.2244555,0.1106259,0.9667969,8.619045,334.6995,11.11738,0.3300506,0.0301148,-0.9434825,0.0,0.0,0.0,0.9483512,-0.00808337,-2.750429,-0.07836665,0.04538208,0.9893802,0.8747633,0.190642,0.4454715,-0.237169,0.9701528,0.05054165,-0.4225401,-0.149864,0.8938684,moving,-20.94931,-7.875913,-4.528819,2.626271
3638,05/08/2023 17:08:53.862991,3879,True,True,True,True,Eyes,1.414448,0.1194993,-3.646028,-0.3643798,-0.1282309,0.9223796,0.0,0.0,0.0,0.0,0.0,0.0,0.0,0.1536402,0.4398047,3.925892,1.673404,0.1297413,-3.579462,0.05111901,-0.2305254,0.109396,0.9655452,8.577819,333.9669,10.9416,0.3329315,0.03014877,-0.9424687,0.0,0.0,0.0,0.9512344,-0.008068064,-2.750524,-0.07615915,0.0436462,0.9913908,0.8697811,0.1876851,0.4563497,-0.234822,0.9708387,0.04827831,-0.4339809,-0.1491525,0.8884898,moving,-21.55616,-7.914636,-4.392863,2.520832
3639,05/08/2023 17:08:53.873409,3880,True,True,True,True,Eyes,1.425632,0.119874,-3.642482,-0.3741907,-0.1283612,0.9184252,0.0,0.0,0.0,0.0,0.0,0.0,0.0,0.1912001,0.4339301,3.923969,1.683666,0.1293385,-3.573643,0.05086154,-0.2367012,0.1083786,0.9641784,8.591335,333.2259,10.77852,0.3358039,0.03018937,-0.9414477,0.0,0.0,0.0,0.9541387,-0.008052647,-2.750619,-0.07379673,0.04249756,0.9933482,0.8644533,0.1849146,0.4674689,-0.2330705,0.9713344,0.0467725,-0.4454197,-0.1493858,0.8827714,moving,-22.16728,-7.956253,-4.24875,2.449742
3640,05/08/2023 17:08:53.893520,3881,True,True,True,True,Eyes,1.436774,0.1201965,-3.638845,-0.3838759,-0.128659,0.9143775,0.0,0.0,0.0,0.0,0.0,0.0,0.0,0.2280086,0.4323387,3.921217,1.693874,0.1286978,-3.567784,0.05112166,-0.2427259,0.1073135,0.9627848,8.657866,332.5048,10.59808,0.3386675,0.03023489,-0.94042,0.0,0.0,0.0,0.9570423,-0.008037234,-2.750715,-0.07181307,0.04357579,0.9951133,0.8591359,0.1818226,0.4783577,-0.2314568,0.9717407,0.04634278,-0.4564135,-0.1505339,0.8769414,moving,-22.77374,-8.009315,-4.127636,2.507368
3641,05/08/2023 17:08:53.913110,3882,True,True,True,True,Eyes,1.44788,0.1204568,-3.635116,-0.3935391,-0.1289441,0.91022,0.0,0.0,0.0,0.0,0.0,0.0,0.0,0.2603041,0.4301561,3.918548,1.704197,0.1278626,-3.561906,0.05137633,-0.248263,0.105446,0.9615649,8.69416,331.8338,10.33117,0.3415231,0.03028354,-0.9393852,0.0,0.0,0.0,0.9599303,-0.008021903,-2.75081,-0.07041191,0.04596403,0.9969341,0.8544932,0.1772768,0.4882769,-0.2282961,0.9724832,0.04644666,-0.4666072,-0.1511601,0.8714519,moving,-23.38153,-8.063014,-4.040003,2.639775
3642,05/08/2023 17:08:53.923403,3883,True,True,True,True,Eyes,1.458962,0.1206709,-3.631296,-0.403035,-0.1294626,0.9059814,0.0,0.0,0.0,0.0,0.0,0.0,0.0,0.2909696,0.4290471,3.915608,1.714534,0.1266588,-3.55599,0.05167465,-0.2535794,0.1036708,0.9603539,8.732963,331.1888,10.0753,0.3443708,0.03033348,-0.9383433,0.0,0.0,0.0,0.9629196,-0.008006034,-2.750908,-0.06900588,0.04987609,0.9985602,0.8498997,0.1729141,0.4977663,-0.2253287,0.9731642,0.04667431,-0.4763377,-0.1518295,0.8660544,moving,-23.98237,-8.132379,-3.953161,2.859434
3643,05/08/2023 17:08:53.943230,3884,True,True,True,True,Eyes,1.47002,0.120869,-3.627377,-0.4124647,-0.1299722,0.9016541,0.0,0.0,0.0,0.0,0.0,0.0,0.0,0.3213106,0.4356029,3.911698,1.7251,0.1258554,-3.550009,0.05290348,-0.2587719,0.1023734,0.9590402,8.885241,330.5667,9.847889,0.3472113,0.03038343,-0.9372944,0.0,0.0,0.0,0.9657288,-0.007991122,-2.751001,-0.06585475,0.04909648,1.00036,0.8451136,0.1689806,0.5071772,-0.2237404,0.9734418,0.04849038,-0.4855136,-0.1544559,0.8604766,moving,-24.58188,-8.202607,-3.766406,2.809753
3644,05/08/2023 17:08:53.962895,3885,True,True,True,True,Eyes,1.481076,0.1210374,-3.623335,-0.4216451,-0.1302343,0.8973597,0.0,0.0,0.0,0.0,0.0,0.0,0.0,0.3464779,0.4361334,3.908432,1.735664,0.1256995,-3.543695,0.05345622,-0.2634512,0.1006536,0.9579169,8.942772,329.9969,9.595752,0.3500457,0.03043305,-0.9362379,0.0,0.0,0.0,0.968585,-0.00797596,-2.751095,-0.06291216,0.04635888,1.002037,0.8409246,0.1646693,0.5154899,-0.2210018,0.9740226,0.04937862,-0.4939677,-0.1554479,0.8554718,moving,-25.16757,-8.25771,-3.59256,2.648881
3645,05/08/2023 17:08:53.973367,3886,True,True,True,True,Eyes,1.492103,0.1211101,-3.619214,-0.4306623,-0.1302076,0.8930711,0.0,0.0,0.0,0.0,0.0,0.0,0.0,0.3618313,0.4139475,3.908146,1.746083,0.1250598,-3.537151,0.05123493,-0.2672698,0.09720212,0.9573368,8.630203,329.5012,9.238297,0.3528749,0.03048167,-0.9351736,0.0,0.0,0.0,0.9716654,-0.007959608,-2.751196,-0.06164375,0.05058726,1.003595,0.8382373,0.1587232,0.5216947,-0.2134974,0.9758534,0.04613979,-0.501774,-0.1500565,0.8518837,moving,-25.74459,-8.295141,-3.514859,2.885611
3646,05/08/2023 17:08:53.993294,3887,True,True,True,True,Eyes,1.503102,0.1210661,-3.615039,-0.4393695,-0.1303049,0.8888055,0.0,0.0,0.0,0.0,0.0,0.0,0.0,0.36857,0.3933471,3.90877,1.756492,0.1228172,-3.531105,0.04897511,-0.269974,0.09340499,0.9570741,8.289768,329.1374,8.85623,0.3556992,0.03052699,-0.9341016,0.0,0.0,0.0,0.9743588,-0.00794531,-2.751285,-0.0626392,0.0554497,1.005042,0.8367791,0.152347,0.5259194,-0.205235,0.9777538,0.04331178,-0.5076213,-0.1441795,0.8494309,moving,-26.30489,-8.340528,-3.566345,3.157896
3647,05/08/2023 17:08:54.013019,3888,True,True,True,True,Eyes,1.514073,0.1209432,-3.610802,-0.447974,-0.1305845,0.8844587,0.0,0.0,0.0,0.0,0.0,0.0,0.0,0.3803312,0.4020335,3.906412,1.767032,0.1200817,-3.525552,0.04984218,-0.2727785,0.0929279,0.9562804,8.396562,328.8022,8.752678,0.3585186,0.03056637,-0.9330218,0.0,0.0,0.0,0.9776213,-0.007927991,-2.751392,-0.06415892,0.05838929,1.006584,0.8339126,0.1505385,0.5309688,-0.204922,0.9777604,0.04462874,-0.5124419,-0.1460236,0.8462153,moving,-26.86199,-8.398669,-3.647057,3.319857
3648,05/08/2023 17:08:54.033297,3889,True,True,True,True,Eyes,1.525009,0.1207688,-3.606505,-0.4564886,-0.1308915,0.8800486,0.0,0.0,0.0,0.0,0.0,0.0,0.0,0.4053223,0.4151585,3.902002,1.77743,0.1180835,-3.519811,0.05093604,-0.2769706,0.09553204,0.95476,8.637501,328.3247,8.973274,0.3613332,0.03059844,-0.9319344,0.0,0.0,0.0,0.9803137,-0.007913699,-2.751481,-0.06523864,0.06413557,1.008553,0.8283219,0.1542048,0.5386129,-0.2106359,0.9765583,0.04434424,-0.5191488,-0.1501825,0.8413856,moving,-27.41615,-8.459707,-3.701044,3.638636
3649,05/08/2023 17:08:54.043879,3890,True,True,True,True,Eyes,1.535938,0.1205549,-3.602115,-0.4651329,-0.131225,0.8754606,0.0,0.0,0.0,0.0,0.0,0.0,0.0,0.4430463,0.4179741,3.896963,1.788112,0.1167904,-3.513734,0.05064637,-0.2827638,0.09971044,0.9526476,8.794171,327.6603,9.395885,0.3641425,0.03062262,-0.9308395,0.0,0.0,0.0,0.9829938,-0.007899472,-2.751569,-0.06627733,0.06703768,1.010146,0.8202049,0.1613359,0.5488484,-0.2186198,0.9749855,0.04010728,-0.5286485,-0.1528853,0.8349592,moving,-27.98174,-8.524741,-3.75389,3.79683
3650,05/08/2023 17:08:54.062875,3891,True,True,True,True,Eyes,1.546871,0.1202948,-3.597627,-0.4739207,-0.1312502,0.870731,0.0,0.0,0.0,0.0,0.0,0.0,0.0,0.4903036,0.405701,3.891623,1.799046,0.1155851,-3.507105,0.04857631,-0.2899303,0.1038406,0.9501569,8.773184,326.8199,9.855555,0.3669479,0.03063875,-0.9297366,0.0,0.0,0.0,0.9859253,-0.00788391,-2.751665,-0.0667452,0.06793733,1.01221,0.8103151,0.1691622,0.561047,-0.2254972,0.9737149,0.03209713,-0.5408702,-0.1525233,0.8271615,moving,-28.55853,-8.571981,-3.772624,3.839807
3651,05/08/2023 17:08:54.073085,3892,True,True,True,True,Eyes,1.557828,0.1199693,-3.593036,-0.4828274,-0.1312452,0.8658247,0.0,0.0,0.0,0.0,0.0,0.0,0.0,0.5367451,0.3771436,3.887345,1.8103,0.1141718,-3.500223,0.04458711,-0.2972869,0.1069785,0.9477279,8.517965,325.935,10.2666,0.3697502,0.03064649,-0.9286254,0.0,0.0,0.0,0.9887626,-0.00786885,-2.751759,-0.06841462,0.06581523,1.013951,0.8003522,0.1762627,0.5730339,-0.2292833,0.9731352,0.02090628,-0.5539544,-0.1481195,0.8192649,moving,-29.14623,-8.619504,-3.860086,3.713841
3652,05/08/2023 17:08:54.093061,3893,True,True,True,True,Eyes,1.568849,0.1195912,-3.588325,-0.4918285,-0.1312021,0.8607501,0.0,0.0,0.0,0.0,0.0,0.0,0.0,0.581652,0.3593404,3.881617,1.821987,0.112229,-3.493159,0.04192431,-0.3043883,0.1101004,0.9452344,8.411591,325.0849,10.63808,0.372551,0.03064506,-0.9275054,0.0,0.0,0.0,0.9916337,-0.007853608,-2.751853,-0.07103163,0.0663349,1.015837,0.7904513,0.1826187,0.5846683,-0.2336638,0.9722405,0.01223008,-0.5662047,-0.1462831,0.8111802,moving,-29.74344,-8.666752,-3.999855,3.736153
3653,05/08/2023 17:08:54.113206,3894,True,True,True,True,Eyes,1.5799,0.119148,-3.583512,-0.5009261,-0.1310717,0.8555076,0.0,0.0,0.0,0.0,0.0,0.0,0.0,0.6261674,0.3451582,3.875255,1.833782,0.1103413,-3.486243,0.03994699,-0.3114667,0.1120926,0.9427769,8.345872,324.2308,10.8634,0.3753525,0.03063406,-0.9263755,0.0,0.0,0.0,0.9945167,-0.007838304,-2.751948,-0.07343244,0.06643358,1.017371,0.7808475,0.1864723,0.5962427,-0.2362409,0.971679,0.005495947,-0.5783316,-0.1451484,0.8027855,moving,-30.35029,-8.710516,-4.128373,3.736069
3654,05/08/2023 17:08:54.123079,3895,True,True,True,True,Eyes,1.590997,0.1186864,-3.578591,-0.5098886,-0.1310116,0.8502056,0.0,0.0,0.0,0.0,0.0,0.0,0.0,0.6674354,0.3275487,3.868974,1.845716,0.1083061,-3.478982,0.03775508,-0.3183249,0.112462,0.9405297,8.199393,323.388,10.92055,0.3781557,0.03061285,-0.9252355,0.0,0.0,0.0,0.9975862,-0.00782201,-2.752049,-0.07590245,0.0660283,1.019035,0.7720432,0.187511,0.60728,-0.2355845,0.9718537,-0.0005793734,-0.5902959,-0.1426185,0.7944877,moving,-30.95212,-8.760034,-4.25979,3.707294
3655,05/08/2023 17:08:54.142867,3896,True,True,True,True,Eyes,1.602111,0.118281,-3.573565,-0.5188518,-0.1311192,0.8447489,0.0,0.0,0.0,0.0,0.0,0.0,0.0,0.6999813,0.3325964,3.862016,1.857613,0.1073073,-3.471817,0.03828877,-0.3237726,0.1140488,0.9384553,8.37876,322.7409,11.0291,0.3809623,0.03058199,-0.9240844,0.0,0.0,0.0,1.000285,-0.007807685,-2.752138,-0.07763259,0.06430585,1.020324,0.7643284,0.1892656,0.6164257,-0.238853,0.9710537,-0.00198713,-0.5989586,-0.1457163,0.7874106,moving,-31.55859,-8.822863,-4.351036,3.606292
3656,05/08/2023 17:08:54.162711,3897,True,True,True,True,Eyes,1.613229,0.1179275,-3.568469,-0.5277163,-0.1311658,0.8392324,0.0,0.0,0.0,0.0,0.0,0.0,0.0,0.7380395,0.3338253,3.853678,1.869265,0.108253,-3.464261,0.03846105,-0.3298685,0.1169646,0.9359631,8.578373,322.0207,11.28942,0.3837727,0.03054393,-0.922922,0.0,0.0,0.0,1.003261,-0.007791883,-2.752236,-0.07903862,0.0594063,1.021549,0.7550122,0.1935749,0.6264865,-0.2443233,0.9696801,-0.005169626,-0.6084922,-0.1491621,0.7794151,moving,-32.16202,-8.883039,-4.424238,3.328183
3657,05/08/2023 17:08:54.173079,3898,True,True,True,True,Eyes,1.624376,0.1175949,-3.563258,-0.5366296,-0.1313027,0.8335397,0.0,0.0,0.0,0.0,0.0,0.0,0.0,0.7804807,0.3196463,3.845819,1.881364,0.1092779,-3.456903,0.03669961,-0.33669,0.1201437,0.933198,8.592061,321.1995,11.64151,0.3865871,0.03050074,-0.9217482,0.0,0.0,0.0,1.006128,-0.007776664,-2.75233,-0.0805837,0.05659986,1.022304,0.7444107,0.1995229,0.6372154,-0.2489484,0.9684373,-0.01240634,-0.6195784,-0.1493984,0.770586,moving,-32.77328,-8.951914,-4.507053,3.168945
3658,05/08/2023 17:08:54.192987,3899,True,True,True,True,Eyes,1.635562,0.1173441,-3.558002,-0.54522,-0.1321012,0.8278192,0.0,0.0,0.0,0.0,0.0,0.0,0.0,0.8213029,0.3180355,3.836151,1.893335,0.1094637,-3.448918,0.03682261,-0.343335,0.1208974,0.9306713,8.717116,320.3925,11.65866,0.3894062,0.03045349,-0.9205622,0.0,0.0,0.0,1.009004,-0.007761398,-2.752424,-0.08434664,0.05602948,1.022389,0.7350097,0.1997464,0.6479678,-0.2503164,0.9680558,-0.01447711,-0.6301607,-0.1515561,0.7615303,moving,-33.36978,-9.066663,-4.716197,3.136815
3659,05/08/2023 17:08:54.212905,3900,True,True,True,True,Eyes,1.64674,0.1172327,-3.552614,-0.5539137,-0.1328155,0.8219123,0.0,0.0,0.0,0.0,0.0,0.0,0.0,0.8562341,0.3839593,3.822759,1.905872,0.1114086,-3.44228,0.04511284,-0.3480692,0.1256727,0.9279113,9.858003,319.8998,11.82048,0.3922307,0.03040467,-0.9193639,0.0,0.0,0.0,1.011917,-0.007745935,-2.75252,-0.08831656,0.05638038,1.02224,0.7261084,0.2018214,0.6572934,-0.2646309,0.9643425,-0.003764162,-0.6346157,-0.171207,0.7536253,moving,-33.97732,-9.179265,-4.937818,3.15688
3660,05/08/2023 17:08:54.222903,3901,True,True,True,True,Eyes,1.65793,0.1172071,-3.547138,-0.5625796,-0.1331808,0.8159455,0.0,0.0,0.0,0.0,0.0,0.0,0.0,0.8994927,0.3528232,3.813767,1.917021,0.1145772,-3.433699,0.04148506,-0.3551736,0.1293588,0.9248767,9.707985,319.0318,12.29008,0.3950604,0.03035806,-0.9181531,0.0,0.0,0.0,1.014964,-0.007729764,-2.752621,-0.0923879,0.05842976,1.021875,0.7142361,0.209813,0.6677165,-0.2687506,0.9630906,-0.01515249,-0.6462507,-0.1686268,0.7442615,moving,-34.58556,-9.270224,-5.166077,3.272551
3661,05/08/2023 17:08:54.243612,3902,True,True,True,True,Eyes,1.669119,0.1172651,-3.541541,-0.571244,-0.1336374,0.809828,0.0,0.0,0.0,0.0,0.0,0.0,0.0,0.9397628,0.3185616,3.806071,1.928906,0.1165894,-3.425864,0.03777368,-0.3622168,0.1295576,0.9222728,9.411917,318.1394,12.38607,0.3978958,0.03031564,-0.9169293,0.0,0.0,0.0,1.017685,-0.007715315,-2.75271,-0.09535564,0.06190502,1.021235,0.7040277,0.2116104,0.677913,-0.2663394,0.963576,-0.0241806,-0.6583376,-0.1635311,0.7347443,moving,-35.19873,-9.370471,-5.334404,3.468899
3662,05/08/2023 17:08:54.263087,3903,True,True,True,True,Eyes,1.680292,0.1174023,-3.535844,-0.5797747,-0.1337147,0.8037299,0.0,0.0,0.0,0.0,0.0,0.0,0.0,0.9751074,0.3222255,3.795008,1.940217,0.1187012,-3.417341,0.03902412,-0.3682293,0.1286693,0.9199612,9.587927,317.3961,12.17795,0.4007368,0.0302792,-0.9156924,0.0,0.0,0.0,1.020587,-0.007699913,-2.752806,-0.09868105,0.06413543,1.020049,0.6957029,0.2080019,0.6875556,-0.2654812,0.9638426,-0.02295827,-0.6674708,-0.1665609,0.7257687,moving,-35.80499,-9.445654,-5.525684,3.597728
3663,05/08/2023 17:08:54.273424,3904,True,True,True,True,Eyes,1.691453,0.1175769,-3.530039,-0.5882583,-0.1336195,0.7975575,0.0,0.0,0.0,0.0,0.0,0.0,0.0,0.9985728,0.3051002,3.788614,1.951201,0.1207168,-3.409116,0.03759963,-0.3731242,0.1264095,0.9183603,9.403886,316.7625,11.94079,0.4035834,0.03025019,-0.9144424,0.0,0.0,0.0,1.023584,-0.007684003,-2.752904,-0.1029883,0.067049,1.0187,0.689598,0.2041202,0.6948307,-0.2602375,0.9652138,-0.02527287,-0.6758189,-0.1633929,0.7187292,moving,-36.41155,-9.510772,-5.772863,3.765676
3664,05/08/2023 17:08:54.293550,3905,True,True,True,True,Eyes,1.702608,0.1177772,-3.524145,-0.5966583,-0.1335102,0.7913115,0.0,0.0,0.0,0.0,0.0,0.0,0.0,1.020936,0.2822944,3.782549,1.962176,0.1217543,-3.400694,0.03511262,-0.3778643,0.1255207,0.9166408,9.162257,316.1514,11.90034,0.4064351,0.03022887,-0.9131792,0.0,0.0,0.0,1.026631,-0.00766783,-2.753005,-0.1075082,0.06813957,1.016719,0.6829263,0.2035791,0.7015464,-0.2566503,0.9660233,-0.03048823,-0.683917,-0.1592309,0.7119714,moving,-37.01673,-9.576759,-6.036041,3.834175
3665,05/08/2023 17:08:54.313227,3906,True,True,True,True,Eyes,1.713748,0.1180204,-3.518158,-0.6048954,-0.1337161,0.7849978,0.0,0.0,0.0,0.0,0.0,0.0,0.0,1.04968,0.2882871,3.772821,1.973276,0.1225712,-3.392679,0.03623393,-0.3828925,0.1256927,0.9144845,9.353449,315.5326,11.82156,0.409292,0.03021517,-0.9119028,0.0,0.0,0.0,1.029312,-0.007653595,-2.753093,-0.110771,0.06883069,1.014961,0.6751893,0.2021407,0.7094072,-0.2576355,0.9657769,-0.02998289,-0.6911898,-0.1625243,0.7041609,moving,-37.61675,-9.666945,-6.228506,3.879635
3666,05/08/2023 17:08:54.322715,3907,True,True,True,True,Eyes,1.724858,0.1183087,-3.512098,-0.6128984,-0.1340943,0.7787004,0.0,0.0,0.0,0.0,0.0,0.0,0.0,1.073105,0.31479,3.762455,1.984156,0.1239309,-3.384446,0.03990383,-0.386975,0.1263931,0.9125147,9.825473,315.0478,11.6985,0.4121537,0.03020945,-0.9106131,0.0,0.0,0.0,1.032173,-0.007638406,-2.753187,-0.1133169,0.07106297,1.012792,0.6685503,0.1997876,0.7163278,-0.2615547,0.964865,-0.02499629,-0.6961535,-0.1706476,0.6973161,moving,-38.20553,-9.770658,-6.384029,4.013605
3667,05/08/2023 17:08:54.343231,3908,True,True,True,True,Eyes,1.735928,0.1186126,-3.505968,-0.6207814,-0.1345364,0.7723538,0.0,0.0,0.0,0.0,0.0,0.0,0.0,1.094705,0.3279887,3.753587,1.994705,0.1253594,-3.376508,0.04182902,-0.3909411,0.1273087,0.9106087,10.12057,314.5676,11.67144,0.4150195,0.03021211,-0.9093105,0.0,0.0,0.0,1.035174,-0.00762248,-2.753286,-0.1161592,0.07325071,1.010359,0.6619152,0.1991514,0.7226389,-0.2645621,0.9640857,-0.02336065,-0.7013382,-0.1757201,0.6908309,moving,-38.79068,-9.881214,-6.558402,4.146671
3668,05/08/2023 17:08:54.362712,3909,True,True,True,True,Eyes,1.746953,0.1189252,-3.499774,-0.6285373,-0.1351995,0.7659386,0.0,0.0,0.0,0.0,0.0,0.0,0.0,1.115402,0.3314,3.745581,2.0049,0.1260631,-3.368651,0.04251698,-0.394942,0.1273592,0.9088416,10.24638,314.0685,11.60262,0.4178882,0.03022273,-0.9079953,0.0,0.0,0.0,1.037923,-0.007607887,-2.753376,-0.1200323,0.07411961,1.007727,0.655601,0.1979152,0.728709,-0.2650822,0.9639439,-0.02331662,-0.7070494,-0.1778814,0.6844262,moving,-39.37266,-10.01044,-6.792608,4.206604
3669,05/08/2023 17:08:54.373191,3910,True,True,True,True,Eyes,1.757921,0.1192539,-3.493514,-0.6363159,-0.1359755,0.7593503,0.0,0.0,0.0,0.0,0.0,0.0,0.0,1.142646,0.3452992,3.734578,2.014864,0.1266018,-3.360987,0.04450438,-0.3994782,0.1284594,0.9066062,10.56374,313.5149,11.58198,0.4207593,0.03024077,-0.9066678,0.0,0.0,0.0,1.04095,-0.007591816,-2.753476,-0.1222625,0.07398414,1.00508,0.6478307,0.1973671,0.7357729,-0.2684812,0.9630352,-0.02193755,-0.7129049,-0.1833293,0.6768731,moving,-39.96214,-10.15225,-6.935641,4.209961
3670,05/08/2023 17:08:54.393070,3911,True,True,True,True,Eyes,1.768847,0.1195927,-3.487163,-0.6442186,-0.1366876,0.7525284,0.0,0.0,0.0,0.0,0.0,0.0,0.0,1.182789,0.3433244,3.720432,2.024613,0.1273327,-3.353088,0.04460229,-0.4057214,0.1303906,0.9035481,10.74307,312.7419,11.7121,0.4236315,0.03026594,-0.9053285,0.0,0.0,0.0,1.043781,-0.007576786,-2.753569,-0.122852,0.07316068,1.002751,0.6367769,0.1994362,0.744809,-0.2718206,0.9620178,-0.02520392,-0.7215461,-0.1864052,0.6668016,moving,-40.56591,-10.29484,-6.984781,4.172903
3671,05/08/2023 17:08:54.412901,3912,True,True,True,True,Eyes,1.779707,0.1199144,-3.48075,-0.6521651,-0.1374275,0.7455162,0.0,0.0,0.0,0.0,0.0,0.0,0.0,1.226799,0.3301527,3.705374,2.034266,0.1277657,-3.345037,0.04349626,-0.4126998,0.1308182,0.9003742,10.73711,311.8557,11.72572,0.4265043,0.03029783,-0.9039775,0.0,0.0,0.0,1.046628,-0.007561676,-2.753663,-0.125698,0.07901921,0.9994199,0.6251311,0.1996688,0.7545485,-0.2714723,0.9619894,-0.02965141,-0.7317881,-0.186303,0.655574,moving,-41.17889,-10.44458,-7.168507,4.520691
3672,05/08/2023 17:08:54.423019,3913,True,True,True,True,Eyes,1.790475,0.1202228,-3.474313,-0.6600907,-0.1381727,0.7383688,0.0,0.0,0.0,0.0,0.0,0.0,0.0,1.268726,0.3287017,3.689374,2.043686,0.1277337,-3.337098,0.04395251,-0.4193306,0.1300356,0.8973966,10.83268,311.0071,11.5423,0.4293767,0.03033536,-0.9026155,0.0,0.0,0.0,1.049739,-0.007545158,-2.753765,-0.125056,0.08216238,0.9975106,0.6145052,0.1965258,0.7640424,-0.2702483,0.9623178,-0.03017014,-0.741181,-0.1879415,0.6444601,moving,-41.79624,-10.59931,-7.145779,4.708676
3673,05/08/2023 17:08:54.443471,3914,True,True,True,True,Eyes,1.801157,0.1205622,-3.467811,-0.6680581,-0.1389575,0.7310193,0.0,0.0,0.0,0.0,0.0,0.0,0.0,1.30936,0.3340379,3.672731,2.053039,0.1279666,-3.329206,0.04527501,-0.4257022,0.1293757,0.8944214,11.01938,310.1922,11.33286,0.4322465,0.03037766,-0.9012433,0.0,0.0,0.0,1.052449,-0.007530776,-2.753854,-0.1240858,0.06667077,0.9956918,0.6040791,0.1928854,0.7732294,-0.2699801,0.9624242,-0.02916116,-0.7497994,-0.1911409,0.6334555,moving,-42.42332,-10.7628,-7.103731,3.830764
3674,05/08/2023 17:08:54.462886,3915,True,True,True,True,Eyes,1.811741,0.1209306,-3.461253,-0.6761941,-0.1394501,0.7234053,0.0,0.0,0.0,0.0,0.0,0.0,0.0,1.353013,0.3306526,3.654765,2.061783,0.1290548,-3.321096,0.04561378,-0.4325138,0.129074,0.8911741,11.12512,309.3169,11.20079,0.435113,0.03042509,-0.8998613,0.0,0.0,0.0,1.05528,-0.007515747,-2.753947,-0.1269935,0.09197403,0.9932629,0.5925434,0.1905977,0.7826652,-0.2695121,0.9625185,-0.03035298,-0.759115,-0.1929522,0.6217024,moving,-43.06804,-10.91101,-7.286015,5.290381
3675,05/08/2023 17:08:54.473523,3916,True,True,True,True,Eyes,1.822242,0.1212907,-3.454617,-0.6843849,-0.1399095,0.7155716,0.0,0.0,0.0,0.0,0.0,0.0,0.0,1.404239,0.3129073,3.634352,2.070427,0.1301699,-3.312809,0.04434152,-0.4405182,0.1278569,0.8874853,11.03167,308.2724,11.03524,0.4379742,0.03047792,-0.8984703,0.0,0.0,0.0,1.058261,-0.007499925,-2.754045,-0.1234584,0.08981945,0.9916525,0.5791926,0.1878758,0.7932456,-0.2660088,0.9633728,-0.03394171,-0.7705681,-0.1913515,0.607955,moving,-43.72384,-11.06298,-7.096676,5.175473
3676,05/08/2023 17:08:54.493444,3917,True,True,True,True,Eyes,1.832684,0.1216449,-3.447909,-0.6923082,-0.1405318,0.7077854,0.0,0.0,0.0,0.0,0.0,0.0,0.0,1.449244,0.3121217,3.613814,2.079054,0.1303659,-3.304227,0.0451908,-0.4477066,0.12487,0.8842647,11.05385,307.3211,10.5901,0.4408299,0.03053546,-0.8970707,0.0,0.0,0.0,1.061088,-0.007484917,-2.754138,-0.1236028,0.06378125,0.9914134,0.5679325,0.1803718,0.8030683,-0.2613007,0.9647306,-0.03188899,-0.7804964,-0.1917315,0.595033,moving,-44.36666,-11.23011,-7.106588,3.680974
3677,05/08/2023 17:08:54.513096,3918,True,True,True,True,Eyes,1.843045,0.1220273,-3.441151,-0.7000303,-0.141434,0.6999672,0.0,0.0,0.0,0.0,0.0,0.0,0.0,1.482857,0.3485558,3.594477,2.087967,0.1306203,-3.296051,0.05051916,-0.4529682,0.1228326,0.881578,11.55753,306.6291,10.0403,0.4436797,0.03059713,-0.8956625,0.0,0.0,0.0,1.063927,-0.007469845,-2.754232,-0.1223478,0.07906653,0.990652,0.5594639,0.1708059,0.8110645,-0.2623402,0.96472,-0.02220537,-0.7862428,-0.2003517,0.5845352,moving,-45.00258,-11.42327,-7.040507,4.563253
3678,05/08/2023 17:08:54.522763,3919,True,True,True,True,Eyes,1.853314,0.12245,-3.434351,-0.7074969,-0.1422033,0.6922617,0.0,0.0,0.0,0.0,0.0,0.0,0.0,1.504535,0.3841207,3.579474,2.09646,0.1317928,-3.288052,0.05559027,-0.4567049,0.1216106,0.8795119,12.05584,306.1333,9.602892,0.4465228,0.03066328,-0.8942463,0.0,0.0,0.0,1.066975,-0.007453662,-2.754332,-0.1238662,0.08751193,0.9888948,0.553263,0.1631393,0.8168756,-0.2646927,0.9642412,-0.01329569,-0.7898342,-0.2088649,0.5766608,moving,-45.6236,-11.60813,-7.139526,5.057198
3679,05/08/2023 17:08:54.542900,3920,True,True,True,True,Eyes,1.863483,0.1228957,-3.427505,-0.7148883,-0.1428668,0.6844879,0.0,0.0,0.0,0.0,0.0,0.0,0.0,1.527877,0.3931,3.566254,2.104548,0.133204,-3.28028,0.05734423,-0.4609545,0.1199536,0.8774074,12.19355,305.5622,9.280533,0.4493582,0.03073454,-0.8928224,0.0,0.0,0.0,1.069681,-0.007439299,-2.754421,-0.1257559,0.08984748,0.9888477,0.5462642,0.1576302,0.822647,-0.2633625,0.9646456,-0.0099578,-0.7951325,-0.2112148,0.5684652,moving,-46.24451,-11.78956,-7.247638,5.191684
3680,05/08/2023 17:08:54.562889,3921,True,True,True,True,Eyes,1.873545,0.1233387,-3.420612,-0.7220742,-0.1433258,0.6768062,0.0,0.0,0.0,0.0,0.0,0.0,0.0,1.552623,0.3903754,3.553178,2.112391,0.1342231,-3.272293,0.05766993,-0.4656109,0.1171212,0.8753076,12.12374,304.9269,8.904204,0.4521848,0.03081102,-0.8913916,0.0,0.0,0.0,1.072626,-0.007423668,-2.754518,-0.1241259,0.09550326,0.9888369,0.5389783,0.1513307,0.8286142,-0.2587377,0.9659136,-0.008107966,-0.8015967,-0.2100237,0.5597613,moving,-46.85345,-11.95676,-7.154752,5.516596
3681,05/08/2023 17:08:54.573577,3922,True,True,True,True,Eyes,1.883492,0.1237784,-3.413667,-0.7291562,-0.1436156,0.6691082,0.0,0.0,0.0,0.0,0.0,0.0,0.0,1.574822,0.3913978,3.540322,2.120044,0.1346271,-3.264112,0.05829319,-0.469855,0.1150211,0.8732746,12.11639,304.3499,8.594492,0.4550016,0.03089219,-0.8899543,0.0,0.0,0.0,1.075503,-0.007408392,-2.754613,-0.1229678,0.09662396,0.9891079,0.5320128,0.1461112,0.8340347,-0.2556686,0.9667442,-0.006274544,-0.807215,-0.2098984,0.5516763,moving,-47.45904,-12.11402,-7.086761,5.579406
3682,05/08/2023 17:08:54.592987,3923,True,True,True,True,Eyes,1.8933,0.1241871,-3.406685,-0.7360707,-0.1435558,0.6615071,0.0,0.0,0.0,0.0,0.0,0.0,0.0,1.593282,0.3773779,3.53035,2.127292,0.1349665,-3.255879,0.05688129,-0.4737504,0.1132807,0.8714889,11.91593,303.8241,8.436429,0.4578073,0.03097755,-0.8885112,0.0,0.0,0.0,1.078481,-0.007392585,-2.754711,-0.1233816,0.09299876,0.9894093,0.5254562,0.1435506,0.8386233,-0.2513407,0.967864,-0.008190678,-0.8128491,-0.2064763,0.5446503,moving,-48.05395,-12.24409,-7.108218,5.369696
3683,05/08/2023 17:08:54.613358,3924,True,True,True,True,Eyes,1.902975,0.1245485,-3.399644,-0.742913,-0.143339,0.653861,0.0,0.0,0.0,0.0,0.0,0.0,0.0,1.610985,0.3514065,3.521411,2.134152,0.1346514,-3.247516,0.05383259,-0.4776565,0.1115691,0.8697693,11.55025,303.2991,8.372043,0.4606006,0.03106594,-0.8870633,0.0,0.0,0.0,1.081313,-0.007377553,-2.754804,-0.1272001,0.08756037,0.989684,0.5187932,0.1426518,0.842914,-0.2455058,0.9693087,-0.01293957,-0.8188898,-0.2002273,0.5378926,moving,-48.64798,-12.36475,-7.323844,5.055969
3684,05/08/2023 17:08:54.623130,3925,True,True,True,True,Eyes,1.912518,0.1248641,-3.392526,-0.7497008,-0.1430682,0.6461271,0.0,0.0,0.0,0.0,0.0,0.0,0.0,1.632947,0.3298147,3.509442,2.140703,0.133835,-3.238975,0.05123386,-0.4819231,0.1113068,0.8676036,11.3139,302.7353,8.430397,0.4633806,0.03115592,-0.8856111,0.0,0.0,0.0,1.084299,-0.0073617,-2.754902,-0.1312904,0.08541351,0.989646,0.5107218,0.1437588,0.8476418,-0.242522,0.9699718,-0.01838128,-0.8248312,-0.196184,0.5302504,moving,-49.2437,-12.48523,-7.556959,4.93281
3685,05/08/2023 17:08:54.643486,3926,True,True,True,True,Eyes,1.921922,0.1251301,-3.385313,-0.7564672,-0.1426947,0.6382755,0.0,0.0,0.0,0.0,0.0,0.0,0.0,1.660748,0.3067437,3.494075,2.147204,0.1330132,-3.229947,0.04843215,-0.4868811,0.1123775,0.864854,11.13974,302.0873,8.62959,0.4661465,0.03124625,-0.8841552,0.0,0.0,0.0,1.087043,-0.007347136,-2.754992,-0.1348405,0.08379664,0.9898828,0.5006362,0.1472189,0.8530475,-0.2415417,0.9700513,-0.02565551,-0.8312768,-0.1932025,0.5212023,moving,-49.84372,-12.60198,-7.757014,4.838729
3686,05/08/2023 17:08:54.663219,3927,True,True,True,True,Eyes,1.931185,0.125361,-3.377985,-0.7630812,-0.1423017,0.6304422,0.0,0.0,0.0,0.0,0.0,0.0,0.0,1.690398,0.2820323,3.476808,2.15337,0.1320446,-3.220364,0.04545004,-0.4921381,0.1134112,0.8619004,10.95131,301.3964,8.833256,0.4688978,0.03133571,-0.882696,0.0,0.0,0.0,1.089943,-0.007331742,-2.755088,-0.1363489,0.07849097,0.9904522,0.4898759,0.1507629,0.8586572,-0.2402337,0.9701444,-0.03328115,-0.838039,-0.1899748,0.5114686,moving,-50.43718,-12.71949,-7.838259,4.531084
3687,05/08/2023 17:08:54.673477,3928,True,True,True,True,Eyes,1.940294,0.1255463,-3.370544,-0.7696208,-0.1417603,0.6225654,0.0,0.0,0.0,0.0,0.0,0.0,0.0,1.715507,0.2664041,3.460067,2.159331,0.1313933,-3.210299,0.04366352,-0.496827,0.1138956,0.8592348,10.84818,300.7742,8.923272,0.4716342,0.03142361,-0.8812338,0.0,0.0,0.0,1.092887,-0.007316111,-2.755185,-0.1396422,0.07736584,0.9906511,0.4803815,0.1523397,0.8637282,-0.2391126,0.9702426,-0.0381384,-0.8438358,-0.1882073,0.5025129,moving,-51.02974,-12.82773,-8.02355,4.465505
3688,05/08/2023 17:08:54.693013,3929,True,True,True,True,Eyes,1.949235,0.1256591,-3.363011,-0.7759722,-0.1411626,0.6147684,0.0,0.0,0.0,0.0,0.0,0.0,0.0,1.735625,0.2506051,3.445095,2.164802,0.130454,-3.200077,0.04189633,-0.5010411,0.112288,0.8570848,10.62261,300.2004,8.807848,0.4743558,0.03150907,-0.8797688,0.0,0.0,0.0,1.095788,-0.007300716,-2.75528,-0.1431462,0.07409175,0.9906643,0.4726986,0.1504971,0.8682781,-0.2344643,0.9712722,-0.04070441,-0.8494603,-0.1843392,0.4944052,moving,-51.61177,-12.93204,-8.222058,4.277186
3689,05/08/2023 17:08:54.712952,3930,True,True,True,True,Eyes,1.958022,0.1256781,-3.355375,-0.7821767,-0.1405162,0.6070047,0.0,0.0,0.0,0.0,0.0,0.0,0.0,1.748859,0.2414185,3.432772,2.170045,0.1288899,-3.189829,0.04092314,-0.5044433,0.1087732,0.8555879,10.35616,299.7226,8.467126,0.4770611,0.03159057,-0.8783017,0.0,0.0,0.0,1.09865,-0.007285519,-2.755374,-0.1459386,0.06309171,0.9908295,0.4674106,0.1448433,0.8720939,-0.2274169,0.9729874,-0.03971316,-0.8542885,-0.1797665,0.4877245,moving,-52.18692,-13.03388,-8.378813,3.643427
3690,05/08/2023 17:08:54.723121,3931,True,True,True,True,Eyes,1.966639,0.1255987,-3.347659,-0.7881688,-0.1400346,0.5993164,0.0,0.0,0.0,0.0,0.0,0.0,0.0,1.76093,0.2474435,3.41991,2.175185,0.126673,-3.179687,0.04178097,-0.5074818,0.105746,0.8541278,10.2941,299.2952,8.076586,0.4797502,0.03166622,-0.8768331,0.0,0.0,0.0,1.101718,-0.007269232,-2.755475,-0.1454471,0.05572376,0.9912231,0.4625601,0.1382351,0.8757449,-0.2230474,0.9741443,-0.03595581,-0.8580722,-0.1787009,0.4814332,moving,-52.75097,-13.15162,-8.347721,3.21762
3691,05/08/2023 17:08:54.743043,3932,True,True,True,True,Eyes,1.975095,0.1254194,-3.339844,-0.7939768,-0.1395985,0.5917035,0.0,0.0,0.0,0.0,0.0,0.0,0.0,1.76875,0.2628816,3.408269,2.179999,0.1243483,-3.169546,0.04376261,-0.5098544,0.1031463,0.8529328,10.35999,298.9575,7.672181,0.4824217,0.03173416,-0.8753636,0.0,0.0,0.0,1.104398,-0.007255008,-2.755563,-0.1445656,0.05156182,0.9913237,0.4588187,0.1313285,0.8787708,-0.2205787,0.9748914,-0.03052603,-0.8607151,-0.1798323,0.4762666,moving,-53.30503,-13.27484,-8.297004,2.977448
3692,05/08/2023 17:08:54.763493,3933,True,True,True,True,Eyes,1.98339,0.125147,-3.331911,-0.7995631,-0.1393588,0.5841901,0.0,0.0,0.0,0.0,0.0,0.0,0.0,1.776371,0.2745796,3.396746,2.184617,0.1217953,-3.159333,0.04515998,-0.5121722,0.1016543,0.8516494,10.43093,298.6331,7.412994,0.485076,0.03179271,-0.8738935,0.0,0.0,0.0,1.107301,-0.0072396,-2.755659,-0.1430708,0.05008729,0.9913762,0.4546921,0.1268883,0.8815636,-0.2194071,0.9752539,-0.02720809,-0.8632008,-0.18105,0.4712805,moving,-53.84677,-13.41718,-8.211967,2.892295
3693,05/08/2023 17:08:54.773418,3934,True,True,True,True,Eyes,1.991513,0.1247684,-3.323872,-0.8049536,-0.1391392,0.576793,0.0,0.0,0.0,0.0,0.0,0.0,0.0,1.781247,0.2809871,3.386647,2.188858,0.1192587,-3.148944,0.04582523,-0.5141868,0.1004198,0.8505456,10.44095,298.352,7.225832,0.4877124,0.03184054,-0.8724231,0.0,0.0,0.0,1.110299,-0.007223684,-2.755758,-0.1410514,0.04748791,0.9912754,0.4510556,0.1236979,0.8838822,-0.2179488,0.9756318,-0.02531623,-0.8654752,-0.181222,0.4670239,moving,-54.37635,-13.5623,-8.098413,2.742708
3694,05/08/2023 17:08:54.797819,3935,True,True,True,True,Eyes,1.999453,0.1243047,-3.315725,-0.8102406,-0.1390938,0.5693533,0.0,0.0,0.0,0.0,0.0,0.0,0.0,1.784164,0.2838224,3.377536,2.192879,0.1163368,-3.138359,0.04586187,-0.5159072,0.1005548,0.8494853,10.46716,298.1198,7.215921,0.4903308,0.03187609,-0.8709528,0.0,0.0,0.0,1.113121,-0.007208702,-2.755851,-0.1385347,0.04388503,0.9911325,0.4474568,0.1235187,0.8857345,-0.2181606,0.9755709,-0.02583593,-0.867288,-0.1816718,0.4634727,moving,-54.90442,-13.72853,-7.95692,2.535267
3695,05/08/2023 17:08:54.812969,3936,True,True,True,True,Eyes,2.007208,0.1237747,-3.307451,-0.8154076,-0.1389361,0.5619673,0.0,0.0,0.0,0.0,0.0,0.0,0.0,1.787054,0.2748874,3.368877,2.196525,0.1138505,-3.127423,0.04429878,-0.5176316,0.1025264,0.8482828,10.44535,297.901,7.483467,0.4929307,0.03189852,-0.8694832,0.0,0.0,0.0,1.116001,-0.007193414,-2.755945,-0.1361952,0.04140543,0.9908534,0.4430917,0.1280818,0.8872795,-0.2198036,0.9750519,-0.030986,-0.8691124,-0.1812975,0.4601902,moving,-55.42595,-13.88687,-7.826398,2.392864
3696,05/08/2023 17:08:54.823148,3937,True,True,True,True,Eyes,2.014771,0.1231691,-3.299032,-0.8206285,-0.1386287,0.5543924,0.0,0.0,0.0,0.0,0.0,0.0,0.0,1.795844,0.2457163,3.358048,2.19988,0.1116642,-3.116084,0.04014694,-0.52027,0.1054626,0.8465135,10.23628,297.5667,7.989336,0.4955121,0.03190755,-0.8680144,0.0,0.0,0.0,1.118901,-0.007178018,-2.756041,-0.1334968,0.03936651,0.9905786,0.4363935,0.1367766,0.8892992,-0.2203255,0.9745317,-0.04176823,-0.8723632,-0.1777079,0.4554147,moving,-55.9582,-14.03922,-7.675306,2.275789
3697,05/08/2023 17:08:54.842965,3938,True,True,True,True,Eyes,2.022148,0.1224969,-3.29046,-0.8257988,-0.1382399,0.5467596,0.0,0.0,0.0,0.0,0.0,0.0,0.0,1.810084,0.2065923,3.343845,2.20296,0.109177,-3.104099,0.03477537,-0.5238189,0.1078264,0.8442618,9.885632,297.1018,8.501215,0.4980746,0.03190271,-0.8665467,0.0,0.0,0.0,1.121832,-0.00716246,-2.756137,-0.1304784,0.03747068,0.9903091,0.4279743,0.1456355,0.8919801,-0.2184994,0.9743283,-0.05424402,-0.8769812,-0.1716821,0.4488088,moving,-56.49155,-14.18901,-7.505787,2.166887
3698,05/08/2023 17:08:54.862731,3939,True,True,True,True,Eyes,2.029332,0.1217738,-3.281707,-0.8310667,-0.1377113,0.5388541,0.0,0.0,0.0,0.0,0.0,0.0,0.0,1.828912,0.1772353,3.325677,2.205905,0.1068479,-3.091768,0.03075594,-0.5278782,0.1105843,0.8415284,9.701433,296.5637,8.967721,0.5006185,0.03188381,-0.8650803,0.0,0.0,0.0,1.124666,-0.007147418,-2.756231,-0.1272933,0.03570326,0.9899915,0.4182316,0.1536489,0.895251,-0.2185904,0.9736503,-0.06498607,-0.8816465,-0.168514,0.4407976,moving,-57.04109,-14.33585,-7.3269,2.065432
3699,05/08/2023 17:08:54.873215,3940,True,True,True,True,Eyes,2.03632,0.120983,-3.2728,-0.8362924,-0.1369983,0.5308921,0.0,0.0,0.0,0.0,0.0,0.0,0.0,1.848525,0.1436755,3.306101,2.208416,0.1047845,-3.078946,0.02634019,-0.5322545,0.1117448,0.8387638,9.389183,295.9693,9.298634,0.503144,0.03185109,-0.863615,0.0,0.0,0.0,1.127583,-0.007131934,-2.756326,-0.1238729,0.03527603,0.989581,0.4084366,0.1594156,0.8987582,-0.2154943,0.9736387,-0.07476696,-0.8869846,-0.1631397,0.4320228,moving,-57.59196,-14.46968,-7.135008,2.041583
3700,05/08/2023 17:08:54.893198,3941,True,True,True,True,Eyes,2.043127,0.1201268,-3.263721,-0.841589,-0.1361521,0.5226765,0.0,0.0,0.0,0.0,0.0,0.0,0.0,1.866246,0.1152464,3.286924,2.210784,0.1023068,-3.066267,0.02257435,-0.5364029,0.1117563,0.8362254,9.070365,295.397,9.482662,0.5056514,0.03180432,-0.8621511,0.0,0.0,0.0,1.130497,-0.007116464,-2.756422,-0.1205906,0.03602186,0.9890938,0.3995648,0.162689,0.9021531,-0.2111248,0.9740019,-0.08213834,-0.8920618,-0.1576473,0.4235245,moving,-58.15728,-14.60053,-6.95121,2.085736
3701,05/08/2023 17:08:54.912818,3942,True,True,True,True,Eyes,2.049719,0.1193402,-3.254505,-0.8465883,-0.1357931,0.5146343,0.0,0.0,0.0,0.0,0.0,0.0,0.0,1.881783,0.1010408,3.268147,2.213061,0.09975722,-3.053606,0.02070929,-0.5402014,0.110329,0.8340152,8.843927,294.8666,9.416075,0.5081412,0.03174334,-0.8606882,0.0,0.0,0.0,1.133328,-0.007101433,-2.756516,-0.1184761,0.03648451,0.9886314,0.39202,0.1616577,0.9056419,-0.2064064,0.9747972,-0.08465599,-0.8965026,-0.1537434,0.4155072,moving,-58.70492,-14.78136,-6.833651,2.113488
3702,05/08/2023 17:08:54.923125,3943,True,True,True,True,Eyes,2.056101,0.1187259,-3.245154,-0.8516393,-0.1353493,0.5063507,0.0,0.0,0.0,0.0,0.0,0.0,0.0,1.882808,0.1350984,3.255635,2.214527,0.1007463,-3.041069,0.02519012,-0.5412475,0.1138944,0.8327335,9.511373,294.7455,9.478821,0.5106127,0.03167151,-0.8592269,0.0,0.0,0.0,1.136378,-0.007085246,-2.756616,-0.1165991,0.03743033,0.988005,0.3881585,0.1624191,0.9071676,-0.2169555,0.9727871,-0.08133677,-0.8956916,-0.1652434,0.4128333,moving,-59.26598,-14.96548,-6.730613,2.1696
3703,05/08/2023 17:08:54.942777,3944,True,True,True,True,Eyes,2.062227,0.1181284,-3.235622,-0.8568832,-0.13386,0.4978278,0.0,0.0,0.0,0.0,0.0,0.0,0.0,1.896897,0.07716548,3.238797,2.21579,0.1040917,-3.028765,0.01786596,-0.5449008,0.1204109,0.8296175,9.257272,294.2601,10.52702,0.5130656,0.0315945,-0.8577673,0.0,0.0,0.0,1.139152,-0.007070517,-2.756707,-0.1153101,0.040172,0.9876342,0.3771687,0.1803197,0.908421,-0.2192604,0.970364,-0.1015802,-0.8998159,-0.1608679,0.4055279,moving,-59.84448,-15.05018,-6.659353,2.329221
3704,05/08/2023 17:08:54.962934,3945,True,True,True,True,Eyes,2.068239,0.1175901,-3.225998,-0.8618442,-0.1334557,0.4892997,0.0,0.0,0.0,0.0,0.0,0.0,0.0,1.920639,-0.03939292,3.212406,2.21592,0.1035991,-3.014783,0.003013016,-0.5514243,0.1160868,0.8261031,7.64323,293.2882,10.96247,0.5154992,0.03151345,-0.85631,0.0,0.0,0.0,1.141959,-0.007055619,-2.756799,-0.1154853,0.04075918,0.9870743,0.3649103,0.1884764,0.911766,-0.1951222,0.9730296,-0.123048,-0.910367,-0.1330042,0.3918445,moving,-60.41488,-15.25625,-6.673127,2.364567
3705,05/08/2023 17:08:54.973169,3946,True,True,True,True,Eyes,2.074,0.1171596,-3.216235,-0.8666598,-0.1328156,0.4808957,0.0,0.0,0.0,0.0,0.0,0.0,0.0,1.921917,0.04102769,3.202811,2.219202,0.1047129,-3.002936,0.01350898,-0.5517113,0.1223988,0.8248945,9.052797,293.3156,10.9169,0.5179148,0.03143036,-0.8548542,0.0,0.0,0.0,1.14506,-0.007039159,-2.756902,-0.1177152,0.03540819,0.986082,0.3612665,0.1870261,0.913514,-0.2168383,0.969672,-0.1127706,-0.9069,-0.1573446,0.3908644,moving,-60.97481,-15.43929,-6.807566,2.056491
3706,05/08/2023 17:08:54.992986,3947,True,True,True,True,Eyes,2.079611,0.1167501,-3.206389,-0.8714633,-0.1317648,0.4724297,0.0,0.0,0.0,0.0,0.0,0.0,0.0,1.920488,-0.002216935,3.191541,2.218979,0.1067651,-2.989807,0.007951154,-0.5536366,0.1237672,0.8234714,8.634993,293.0343,11.37733,0.5203109,0.03134841,-0.8534009,0.0,0.0,0.0,1.147794,-0.007024645,-2.756992,-0.1220061,0.0315011,0.9852647,0.3563365,0.1950334,0.9137759,-0.2126416,0.9692369,-0.123949,-0.9098396,-0.1501392,0.3868466,moving,-61.5374,-15.58425,-7.059046,1.831249
3707,05/08/2023 17:08:55.013167,3948,True,True,True,True,Eyes,2.085091,0.1163568,-3.196508,-0.8759302,-0.1314748,0.4641773,0.0,0.0,0.0,0.0,0.0,0.0,0.0,1.909521,-0.04158404,3.188216,2.220633,0.1066649,-2.978276,0.002637174,-0.554453,0.1199976,0.8235143,7.897972,292.8822,11.33702,0.522688,0.03126813,-0.85195,0.0,0.0,0.0,1.15063,-0.007009589,-2.757085,-0.1251255,0.03634525,0.9847174,0.3563651,0.1947151,0.9138327,-0.2005638,0.9711873,-0.1287225,-0.9125669,-0.1374095,0.38515,moving,-62.07977,-15.81439,-7.241617,2.113789
3708,05/08/2023 17:08:55.023051,3949,True,True,True,True,Eyes,2.090411,0.1160377,-3.186619,-0.880369,-0.1314517,0.4557092,0.0,0.0,0.0,0.0,0.0,0.0,0.0,1.913798,0.02031496,3.177478,2.223006,0.1068416,-2.967529,0.01074714,-0.555271,0.1245426,0.8222213,8.9738,292.8217,11.25979,0.5250465,0.0311898,-0.8505014,0.0,0.0,0.0,1.153665,-0.006993478,-2.757185,-0.1252055,0.04306041,0.9842736,0.3523264,0.192868,0.9157883,-0.2167383,0.9687473,-0.1206367,-0.9104344,-0.1559828,0.3831171,moving,-62.63237,-16.09048,-7.249435,2.505002
3709,05/08/2023 17:08:55.042784,3950,True,True,True,True,Eyes,2.095594,0.1157711,-3.176717,-0.884622,-0.1316008,0.4473535,0.0,0.0,0.0,0.0,0.0,0.0,0.0,1.920412,0.03530824,3.165101,2.224753,0.1083691,-2.957334,0.01307308,-0.5572419,0.1245288,0.8208552,9.221268,292.5555,11.09033,0.5273854,0.0311152,-0.8490559,0.0,0.0,0.0,1.156435,-0.006978776,-2.757276,-0.1228929,0.04776355,0.9844695,0.347948,0.1898706,0.9180858,-0.21901,0.9686433,-0.1173232,-0.9115739,-0.1602476,0.378621,moving,-63.17426,-16.39264,-7.115517,2.777644
3710,05/08/2023 17:08:55.063068,3951,True,True,True,True,Eyes,2.10063,0.1155851,-3.166821,-0.8889062,-0.1320329,0.4386492,0.0,0.0,0.0,0.0,0.0,0.0,0.0,1.928126,0.04897285,3.152035,2.226673,0.1094139,-2.947091,0.01514543,-0.5593448,0.1252374,0.81928,9.492497,292.2716,11.00412,0.5297047,0.03104539,-0.8476135,0.0,0.0,0.0,1.159446,-0.006962792,-2.757375,-0.1183749,0.04896563,0.9847803,0.3428982,0.1882659,0.9203133,-0.222152,0.9681724,-0.115285,-0.9127263,-0.1649184,0.3738082,moving,-63.73501,-16.75173,-6.854316,2.846539
3711,05/08/2023 17:08:55.073706,3952,True,True,True,True,Eyes,2.1055,0.1155076,-3.1569,-0.89311,-0.1323012,0.4299428,0.0,0.0,0.0,0.0,0.0,0.0,0.0,1.939479,0.05749014,3.136612,2.22834,0.1112645,-2.936893,0.0166271,-0.5618694,0.1277757,0.8171291,9.831978,291.9341,11.12605,0.5320032,0.03098204,-0.846175,0.0,0.0,0.0,1.162307,-0.006947603,-2.757469,-0.114348,0.04623657,0.9854109,0.3359523,0.1901339,0.9224887,-0.2275029,0.9667938,-0.1164135,-0.9139906,-0.1707595,0.3680526,moving,-64.29385,-17.10408,-6.61905,2.686411
3712,05/08/2023 17:08:55.093019,3953,True,True,True,True,Eyes,2.110226,0.1154861,-3.146936,-0.8974646,-0.1323088,0.4207753,0.0,0.0,0.0,0.0,0.0,0.0,0.0,1.952945,0.02699059,3.119528,2.229332,0.1137345,-2.926315,0.01309657,-0.5653982,0.1283158,0.8146707,9.580771,291.4324,11.36208,0.5342812,0.03092741,-0.8447405,0.0,0.0,0.0,1.165132,-0.006932606,-2.757562,-0.1108928,0.04662592,0.9860479,0.3277197,0.1942607,0.9245878,-0.2238798,0.9667271,-0.1237603,-0.9178658,-0.1664378,0.3603066,moving,-64.88052,-17.45526,-6.416628,2.707252
3713,05/08/2023 17:08:55.113274,3954,True,True,True,True,Eyes,2.114809,0.1155198,-3.136942,-0.9016445,-0.1323621,0.411725,0.0,0.0,0.0,0.0,0.0,0.0,0.0,1.964069,-0.01282784,3.103377,2.230554,0.1148726,-2.915494,0.008119665,-0.5688829,0.1277001,0.8124033,9.11901,290.9238,11.583,0.5365386,0.03088221,-0.8433102,0.0,0.0,0.0,1.167958,-0.006917602,-2.757655,-0.107357,0.04736104,0.9869866,0.3201299,0.1982497,0.9263985,-0.2167262,0.9672535,-0.1320999,-0.9222509,-0.1584857,0.3526127,moving,-65.45677,-17.82166,-6.207798,2.747259
3714,05/08/2023 17:08:55.123111,3955,True,True,True,True,Eyes,2.11925,0.1156136,-3.126951,-0.9058259,-0.1324808,0.4024031,0.0,0.0,0.0,0.0,0.0,0.0,0.0,1.970404,-0.02037489,3.090146,2.231759,0.1162249,-2.904764,0.007333493,-0.5711408,0.1290705,0.8106079,9.167663,290.6088,11.74014,0.5387757,0.03084701,-0.8418841,0.0,0.0,0.0,1.171048,-0.006901201,-2.757757,-0.1044893,0.04655878,0.9876893,0.314278,0.2008742,0.9278355,-0.217628,0.9665741,-0.1355457,-0.9240494,-0.159324,0.3474889,moving,-66.04735,-18.22279,-6.038956,2.698873
3715,05/08/2023 17:08:55.143663,3956,True,True,True,True,Eyes,2.123541,0.1157576,-3.116944,-0.909917,-0.1323958,0.3930933,0.0,0.0,0.0,0.0,0.0,0.0,0.0,1.979409,-0.0361937,3.075528,2.232914,0.1177577,-2.894559,0.005493808,-0.573805,0.1307414,0.8084704,9.144406,290.2325,11.98973,0.5409916,0.03082247,-0.8404627,0.0,0.0,0.0,1.174104,-0.006884979,-2.757857,-0.1039348,0.05095271,0.9882136,0.3073089,0.2050963,0.9292454,-0.2177058,0.965753,-0.141157,-0.9263723,-0.1589233,0.3414352,moving,-66.63517,-18.61378,-6.003978,2.951581
3716,05/08/2023 17:08:55.163145,3957,True,True,True,True,Eyes,2.127707,0.1159228,-3.106934,-0.9139926,-0.1324407,0.3835063,0.0,0.0,0.0,0.0,0.0,0.0,0.0,1.992375,-0.06211171,3.057473,2.233654,0.1190517,-2.884125,0.002458043,-0.5773298,0.129712,0.8061383,8.843513,289.7173,12.0506,0.5431865,0.03080893,-0.8390464,0.0,0.0,0.0,1.176534,-0.006872079,-2.757937,-0.1028033,0.05396434,0.9892131,0.29973,0.2062935,0.9314533,-0.2119699,0.9663375,-0.1458102,-0.9301779,-0.1537363,0.3333683,moving,-67.23734,-19.05193,-5.933127,3.12255
3717,05/08/2023 17:08:55.173153,3958,True,True,True,True,Eyes,2.131717,0.1161355,-3.09692,-0.9179168,-0.132542,0.3739805,0.0,0.0,0.0,0.0,0.0,0.0,0.0,2.008586,-0.05670822,3.03829,2.234846,0.1197385,-2.874015,0.003618225,-0.580731,0.1293561,0.8037446,8.978189,289.2393,11.90346,0.5453607,0.03080593,-0.837635,0.0,0.0,0.0,1.179917,-0.006854119,-2.758049,-0.1000149,0.05348723,0.9904783,0.2920368,0.2037361,0.9344551,-0.212141,0.9665078,-0.144426,-0.9325829,-0.1560585,0.3254767,moving,-67.83289,-19.51478,-5.765977,3.091051
3718,05/08/2023 17:08:55.193085,3959,True,True,True,True,Eyes,2.135583,0.1163998,-3.086894,-0.921878,-0.132774,0.3640221,0.0,0.0,0.0,0.0,0.0,0.0,0.0,2.02239,-0.051451,3.019876,2.235178,0.1211206,-2.863856,0.004832288,-0.5838179,0.1288326,0.8015832,9.101067,288.8036,11.73931,0.5475136,0.03081376,-0.8362291,0.0,0.0,0.0,1.182336,-0.006841279,-2.758128,-0.09821284,0.05538433,0.9917281,0.2851178,0.2008976,0.9372023,-0.2121823,0.9667577,-0.1426825,-0.934712,-0.1581764,0.3182667,moving,-68.45242,-20.03902,-5.655676,3.196436
3719,05/08/2023 17:08:55.213227,3960,True,True,True,True,Eyes,2.139295,0.1166901,-3.076873,-0.9257506,-0.132927,0.3540002,0.0,0.0,0.0,0.0,0.0,0.0,0.0,2.039827,-0.06107089,2.998877,2.235488,0.1224946,-2.854027,0.004099424,-0.5876017,0.1281769,0.798923,9.043499,288.2588,11.68358,0.5496452,0.0308328,-0.8348289,0.0,0.0,0.0,1.185193,-0.006826112,-2.758222,-0.09752586,0.07412017,0.9931201,0.2765896,0.1999894,0.9399481,-0.2096247,0.9671077,-0.1440838,-0.9378464,-0.1571843,0.3094147,moving,-69.07351,-20.58115,-5.608548,4.26828
3720,05/08/2023 17:08:55.222908,3961,True,True,True,True,Eyes,2.142852,0.1169954,-3.06688,-0.929628,-0.1332353,0.3435698,0.0,0.0,0.0,0.0,0.0,0.0,0.0,2.06237,-0.07486016,2.973671,2.235568,0.1233984,-2.844065,0.002843275,-0.5921572,0.1274785,0.7956702,8.945754,287.5995,11.65107,0.5517548,0.03086271,-0.8334349,0.0,0.0,0.0,1.188127,-0.006810537,-2.758319,-0.09510782,0.0687495,0.994177,0.2661982,0.1994945,0.9430486,-0.2062291,0.9674823,-0.1464501,-0.9415988,-0.1554993,0.2986835,moving,-69.71681,-21.19614,-5.464564,3.955831
3721,05/08/2023 17:08:55.243826,3962,True,True,True,True,Eyes,2.146245,0.1173374,-3.056875,-0.9334229,-0.1335467,0.3329967,0.0,0.0,0.0,0.0,0.0,0.0,0.0,2.089813,-0.08318657,2.944595,2.235665,0.1242131,-2.833947,0.002385595,-0.5972511,0.1281928,0.7917399,9.027246,286.8678,11.69203,0.5538422,0.03090289,-0.8320478,0.0,0.0,0.0,1.190968,-0.006795458,-2.758412,-0.09316421,0.06151199,0.9963961,0.2537156,0.2001411,0.9463466,-0.2058403,0.9671219,-0.149349,-0.9451234,-0.1569041,0.286571,moving,-70.36625,-21.85301,-5.341692,3.532642
3722,05/08/2023 17:08:55.263059,3963,True,True,True,True,Eyes,2.149472,0.1177147,-3.046854,-0.9372241,-0.1338519,0.3220165,0.0,0.0,0.0,0.0,0.0,0.0,0.0,2.118835,-0.1011341,2.912896,2.235238,0.1254236,-2.823585,0.0007154212,-0.6027586,0.1290505,0.7874183,9.015364,286.0683,11.82378,0.5559068,0.03095341,-0.8306678,0.0,0.0,0.0,1.193924,-0.006779768,-2.758509,-0.09231508,0.06205719,0.9971883,0.2400561,0.2023711,0.949431,-0.204096,0.9666909,-0.154446,-0.9490616,-0.1566993,0.2733631,moving,-71.03802,-22.57108,-5.289103,3.561048
3723,05/08/2023 17:08:55.273533,3964,True,True,True,True,Eyes,2.152525,0.1181016,-3.036822,-0.940966,-0.1340016,0.3108483,0.0,0.0,0.0,0.0,0.0,0.0,0.0,2.149519,-0.1278304,2.878599,2.234533,0.1265859,-2.813174,-0.002092994,-0.6087445,0.1286692,0.7828602,8.822636,285.1859,11.91445,0.5579486,0.03101429,-0.8292954,0.0,0.0,0.0,1.196992,-0.006763482,-2.75861,-0.09413177,0.05678781,0.9980754,0.2257488,0.2040081,0.9525851,-0.1989117,0.9668797,-0.1599304,-0.9536623,-0.1533763,0.2588515,moving,-71.71902,-23.32009,-5.387816,3.256465
3724,05/08/2023 17:08:55.293388,3965,True,True,True,True,Eyes,2.155404,0.1184774,-3.026787,-0.9446262,-0.134337,0.2993913,0.0,0.0,0.0,0.0,0.0,0.0,0.0,2.181569,-0.1467853,2.842443,2.233517,0.127183,-2.802766,-0.003870026,-0.614888,0.1268546,0.7783353,8.625671,284.2755,11.80278,0.5599671,0.03108489,-0.8279311,0.0,0.0,0.0,1.199829,-0.006748419,-2.758704,-0.0964008,0.05194665,0.998922,0.2116412,0.20223,0.9561962,-0.1927115,0.9677859,-0.1620271,-0.95816,-0.1499784,0.2437954,moving,-72.41443,-24.1658,-5.512249,2.976855
3725,05/08/2023 17:08:55.312840,3966,True,True,True,True,Eyes,2.158115,0.1188342,-3.016746,-0.9481819,-0.1347058,0.2877592,0.0,0.0,0.0,0.0,0.0,0.0,0.0,2.21552,-0.1523643,2.804612,2.232321,0.1273295,-2.792511,-0.003836449,-0.6210701,0.1252477,0.7736732,8.606005,283.3628,11.58539,0.5619622,0.03116408,-0.8265753,0.0,0.0,0.0,1.202671,-0.006733332,-2.758797,-0.09676123,0.05465008,1.000004,0.1971698,0.1985671,0.9600497,-0.1890363,0.9685966,-0.1615116,-0.9619718,-0.149639,0.2285144,moving,-73.11773,-25.08523,-5.526783,3.128096
3726,05/08/2023 17:08:55.322922,3967,True,True,True,True,Eyes,2.160661,0.119176,-3.006732,-0.9515709,-0.1354372,0.2759885,0.0,0.0,0.0,0.0,0.0,0.0,0.0,2.249595,-0.1517979,2.766023,2.231098,0.1272657,-2.782194,-0.002984895,-0.6271855,0.1244091,0.7688641,8.711844,282.4594,11.38076,0.5639333,0.03125059,-0.8252285,0.0,0.0,0.0,1.205678,-0.006717371,-2.758896,-0.09845433,0.06192013,1.000441,0.1823214,0.1950515,0.9636981,-0.1875632,0.9690269,-0.1606451,-0.9651835,-0.1514652,0.2132588,moving,-73.82601,-26.13881,-5.620434,3.541681
3727,05/08/2023 17:08:55.344166,3968,True,True,True,True,Eyes,2.163048,0.1195044,-2.996714,-0.9548446,-0.1362605,0.2640171,0.0,0.0,0.0,0.0,0.0,0.0,0.0,2.285659,-0.1472281,2.725327,2.229881,0.1274373,-2.772131,-0.001486886,-0.6334925,0.1244144,0.7636794,8.937688,281.5251,11.20197,0.5658799,0.03134341,-0.8238912,0.0,0.0,0.0,1.208546,-0.006702146,-2.758991,-0.1004286,0.06624361,1.001169,0.1664169,0.1919093,0.9672002,-0.1881416,0.9690377,-0.1599022,-0.9679402,-0.1553602,0.1973704,moving,-74.54374,-27.29847,-5.728251,3.785528
3728,05/08/2023 17:08:55.362935,3969,True,True,True,True,Eyes,2.165286,0.1198107,-2.98666,-0.9579712,-0.137303,0.2518712,0.0,0.0,0.0,0.0,0.0,0.0,0.0,2.32161,-0.1444081,2.683247,2.228503,0.1274885,-2.761895,-0.0002289814,-0.6398917,0.1244133,0.7583271,9.14159,280.5682,11.03544,0.5678023,0.03144166,-0.8225638,0.0,0.0,0.0,1.211354,-0.006687243,-2.759083,-0.1023258,0.06817815,1.001895,0.1501198,0.188985,0.9704375,-0.1883989,0.9690426,-0.1595694,-0.9705514,-0.1588748,0.181077,moving,-75.26911,-28.5962,-5.831529,3.892931
3729,05/08/2023 17:08:55.373077,3970,True,True,True,True,Eyes,2.16738,0.1200751,-2.97661,-0.9609707,-0.1384351,0.2395228,0.0,0.0,0.0,0.0,0.0,0.0,0.0,2.357377,-0.1440352,2.640241,2.227184,0.1271418,-2.751786,0.0006296524,-0.6463828,0.1237724,0.7529073,9.262442,279.5872,10.83701,0.5697011,0.03154435,-0.821246,0.0,0.0,0.0,1.214281,-0.006671703,-2.759179,-0.102152,0.07339212,1.00252,0.1337393,0.1855643,0.9734885,-0.1871923,0.9693599,-0.1590606,-0.9731767,-0.1609569,0.1643777,moving,-76.00416,-30.02628,-5.818086,4.18702
3730,05/08/2023 17:08:55.392998,3971,True,True,True,True,Eyes,2.169325,0.1202914,-2.966572,-0.963774,-0.1397237,0.2271938,0.0,0.0,0.0,0.0,0.0,0.0,0.0,2.393391,-0.1368864,2.59623,2.225906,0.1264559,-2.741681,0.002416576,-0.6528348,0.1235623,0.7473509,9.493961,278.6068,10.60602,0.5715762,0.03165001,-0.8199379,0.0,0.0,0.0,1.217163,-0.006656401,-2.759274,-0.09860972,0.0756152,1.003545,0.1170781,0.1815336,0.9763905,-0.1878441,0.969453,-0.1577196,-0.9751961,-0.1649437,0.1476017,moving,-76.73563,-31.59143,-5.611948,4.308987
3731,05/08/2023 17:08:55.413092,3972,True,True,True,True,Eyes,2.171133,0.1204579,-2.956537,-0.9664677,-0.1410237,0.214598,0.0,0.0,0.0,0.0,0.0,0.0,0.0,2.429381,-0.132788,2.55091,2.224386,0.1255979,-2.731848,0.003768264,-0.659373,0.1231228,0.7416563,9.669066,277.6028,10.38259,0.5734274,0.03175711,-0.8186402,0.0,0.0,0.0,1.220015,-0.006641265,-2.759368,-0.09393513,0.07438269,1.004849,0.100136,0.1776602,0.9789841,-0.1875989,0.9696532,-0.1567782,-0.9771281,-0.1679572,0.1304261,moving,-77.48094,-33.31104,-5.340592,4.233526
3732,05/08/2023 17:08:55.432909,3973,True,True,True,True,Eyes,2.172806,0.1205626,-2.946517,-0.9689997,-0.1423731,0.201914,0.0,0.0,0.0,0.0,0.0,0.0,0.0,2.467278,-0.1362558,2.501828,2.223032,0.1246812,-2.721719,0.00411449,-0.6664324,0.1228426,0.7353643,9.775255,276.5083,10.2396,0.5752556,0.0318643,-0.8173525,0.0,0.0,0.0,1.223055,-0.006625128,-2.759468,-0.08935371,0.0750512,1.005747,0.08155507,0.1751841,0.9811521,-0.1861522,0.9697855,-0.1576813,-0.9791303,-0.1697839,0.1117018,moving,-78.2295,-35.18833,-5.077006,4.267636
3733,05/08/2023 17:08:55.443419,3974,True,True,True,True,Eyes,2.174355,0.1205863,-2.936489,-0.9714121,-0.1437149,0.1889565,0.0,0.0,0.0,0.0,0.0,0.0,0.0,2.505639,-0.1413726,2.450714,2.221568,0.1233936,-2.711756,0.00419188,-0.6736605,0.1223083,0.728838,9.840087,275.3769,10.09121,0.57706,0.03196992,-0.8160753,0.0,0.0,0.0,1.225782,-0.006610652,-2.759558,-0.08521745,0.07721087,1.006847,0.06244467,0.172638,0.983004,-0.1839336,0.9700462,-0.1586781,-0.9809533,-0.1708989,0.09232812,moving,-78.99244,-37.25559,-4.837864,4.385189
3734,05/08/2023 17:08:55.462985,3975,True,True,True,True,Eyes,2.175784,0.1205336,-2.926446,-0.9737059,-0.1448942,0.1757911,0.0,0.0,0.0,0.0,0.0,0.0,0.0,2.542498,-0.1448621,2.399223,2.220237,0.1214123,-2.70136,0.004377718,-0.6807849,0.1218454,0.7222649,9.917196,274.2514,9.940662,0.5788425,0.03207206,-0.814808,0.0,0.0,0.0,1.228692,-0.006595203,-2.759654,-0.08007577,0.07692098,1.007636,0.04337128,0.1700488,0.984481,-0.1819699,0.970269,-0.1595773,-0.9823474,-0.1722248,0.07302555,moving,-79.76617,-39.49674,-4.543687,4.365383
3735,05/08/2023 17:08:55.473408,3976,True,True,True,True,Eyes,2.177088,0.1204023,-2.916387,-0.975873,-0.1460006,0.1623446,0.0,0.0,0.0,0.0,0.0,0.0,0.0,2.578861,-0.149475,2.346629,2.218919,0.119531,-2.691029,0.004457617,-0.6879109,0.1219088,0.7154699,10.02648,273.1154,9.841406,0.5806029,0.03216904,-0.8135507,0.0,0.0,0.0,1.231718,-0.00657914,-2.759753,-0.07275656,0.07259206,1.008683,0.02383365,0.1683112,0.9854459,-0.180577,0.9702368,-0.1613461,-0.9832722,-0.1741033,0.05351745,moving,-80.55487,-41.96585,-4.125614,4.116319
3736,05/08/2023 17:08:55.493199,3977,True,True,True,True,Eyes,2.178289,0.1201764,-2.906308,-0.9778975,-0.1469529,0.148733,0.0,0.0,0.0,0.0,0.0,0.0,0.0,2.614014,-0.1601435,2.292601,2.217298,0.1175191,-2.680395,0.003586115,-0.6951535,0.1210855,0.708581,9.987198,271.9492,9.739887,0.5823424,0.03225932,-0.8123028,0.0,0.0,0.0,1.234456,-0.006564606,-2.759843,-0.06719539,0.07123309,1.009386,0.004199675,0.166612,0.9860136,-0.1765836,0.9706509,-0.1632639,-0.9842767,-0.1734281,0.03349733,moving,-81.3519,-44.65506,-3.808593,4.036712
3737,05/08/2023 17:08:55.513228,3978,True,True,True,True,Eyes,2.179374,0.119864,-2.896192,-0.9797813,-0.1478285,0.1348158,0.0,0.0,0.0,0.0,0.0,0.0,0.0,2.649916,-0.1751083,2.235732,2.216179,0.1150536,-2.669556,0.002129919,-0.7026778,0.121163,0.7011126,9.977638,270.726,9.75687,0.5840617,0.03234104,-0.8110643,0.0,0.0,0.0,1.237309,-0.006549463,-2.759937,-0.06451935,0.07892702,1.009684,-0.01687324,0.1669046,0.9858288,-0.1728912,0.97063,-0.1672906,-0.9847965,-0.1732638,0.0124786,moving,-82.16542,-47.636,-3.65626,4.469722
3738,05/08/2023 17:08:55.529007,3979,True,True,True,True,Eyes,2.180361,0.1194694,-2.886049,-0.9814668,-0.1486474,0.1209423,0.0,0.0,0.0,0.0,0.0,0.0,0.0,2.684258,-0.1891902,2.177753,2.214549,0.1126583,-2.65833,0.0007193581,-0.7101684,0.1204274,0.6936553,9.906766,269.4952,9.704213,0.5857618,0.03241275,-0.8098344,0.0,0.0,0.0,1.240366,-0.006533235,-2.760038,-0.06488955,0.08620199,1.00955,-0.03768381,0.1660485,0.9853974,-0.1680919,0.9709935,-0.1700495,-0.985051,-0.1720454,-0.008679331,moving,-82.97508,-50.86756,-3.677669,4.880452
3739,05/08/2023 17:08:55.543275,3980,True,True,True,True,Eyes,2.181235,0.1190067,-2.875844,-0.9829984,-0.1493343,0.1068336,0.0,0.0,0.0,0.0,0.0,0.0,0.0,2.715737,-0.1974259,2.121907,2.213285,0.1104013,-2.646862,0.0001633983,-0.7172104,0.1204302,0.6863714,9.960656,268.3255,9.648992,0.5874435,0.03247322,-0.8086129,0.0,0.0,0.0,1.243119,-0.006518618,-2.760128,-0.06469083,0.08690566,1.01015,-0.05778841,0.1650853,0.9845848,-0.1655541,0.970993,-0.1725233,-0.9845061,-0.1729719,-0.02878168,moving,-83.79736,-54.42011,-3.664265,4.917189
3740,05/08/2023 17:08:55.563033,3981,True,True,True,True,Eyes,2.182027,0.118455,-2.865581,-0.9843403,-0.1497793,0.09295386,0.0,0.0,0.0,0.0,0.0,0.0,0.0,2.742905,-0.2164132,2.06766,2.211508,0.1082768,-2.634974,-0.002124017,-0.7239981,0.119453,0.6793771,9.792554,267.1873,9.66156,0.5891083,0.03252179,-0.8073989,0.0,0.0,0.0,1.246042,-0.006503104,-2.760224,-0.06393251,0.08407594,1.010655,-0.07688468,0.1653828,0.9832281,-0.1592317,0.971453,-0.1758535,-0.984243,-0.1700815,-0.04835562,moving,-84.60541,-58.17604,-3.619622,4.755462
3741,05/08/2023 17:08:55.573480,3982,True,True,True,True,Eyes,2.182743,0.1178351,-2.855247,-0.9854673,-0.1504082,0.07894034,0.0,0.0,0.0,0.0,0.0,0.0,0.0,2.767989,-0.2283173,2.015513,2.210371,0.1056389,-2.622838,-0.003525053,-0.7304345,0.1186505,0.6725885,9.705907,266.097,9.622044,0.5907577,0.03255724,-0.8061915,0.0,0.0,0.0,1.248955,-0.006487638,-2.76032,-0.06386814,0.083127,1.010706,-0.09522489,0.1647555,0.981727,-0.1544562,0.9718193,-0.1780746,-0.9834,-0.168591,-0.0670938,moving,-85.42013,-62.30769,-3.615806,4.701795
3742,05/08/2023 17:08:55.593112,3983,True,True,True,True,Eyes,2.183381,0.1171726,-2.844838,-0.9863868,-0.1509769,0.0651705,0.0,0.0,0.0,0.0,0.0,0.0,0.0,2.791095,-0.2246922,1.966379,2.209349,0.1034347,-2.610636,-0.002376396,-0.7362182,0.1201211,0.6659942,10.00333,265.1042,9.556666,0.5923932,0.03257902,-0.8049896,0.0,0.0,0.0,1.251905,-0.006471981,-2.760417,-0.06477582,0.07906901,1.010615,-0.1128923,0.163499,0.980063,-0.1565009,0.9711305,-0.1800361,-0.9812047,-0.1737054,-0.0840454,moving,-86.21996,-66.65213,-3.667384,4.473625
3743,05/08/2023 17:08:55.613433,3984,True,True,True,True,Eyes,2.18393,0.1164629,-2.834333,-0.9871451,-0.1514151,0.05116646,0.0,0.0,0.0,0.0,0.0,0.0,0.0,2.813924,-0.2323489,1.914607,2.208162,0.1017514,-2.598373,-0.002843249,-0.7423281,0.1208997,0.6590328,10.12213,264.0458,9.564698,0.5940161,0.03258736,-0.8037924,0.0,0.0,0.0,1.254739,-0.006456936,-2.760511,-0.06585991,0.07282197,1.010353,-0.1313354,0.163575,0.9777495,-0.1551325,0.9707503,-0.1832421,-0.9791245,-0.1757469,-0.1021181,moving,-87.03286,-71.32877,-3.729552,4.122508
3744,05/08/2023 17:08:55.622840,3985,True,True,True,True,Eyes,2.18439,0.1157325,-2.823765,-0.9876895,-0.151861,0.03751955,0.0,0.0,0.0,0.0,0.0,0.0,0.0,2.836205,-0.2477683,1.859579,2.206648,0.09988424,-2.585385,-0.004756913,-0.7488644,0.1195316,0.6518373,9.952082,262.9059,9.523051,0.5956284,0.03258235,-0.8025986,0.0,0.0,0.0,1.257752,-0.00644094,-2.76061,-0.06562567,0.06927818,1.009458,-0.1501712,0.1629549,0.9751382,-0.1487058,0.9713791,-0.1852274,-0.9774126,-0.1728245,-0.1216408,moving,-87.82454,-76.12213,-3.71961,3.926
3745,05/08/2023 17:08:55.643718,3986,True,True,True,True,Eyes,2.184761,0.1151213,-2.813118,-0.9879791,-0.1527383,0.02383785,0.0,0.0,0.0,0.0,0.0,0.0,0.0,2.853714,-0.2451935,1.813063,2.204973,0.09874436,-2.57281,-0.003775764,-0.7541106,0.1202223,0.6456389,10.16283,261.9762,9.410124,0.5972308,0.03256476,-0.8014076,0.0,0.0,0.0,1.260507,-0.006426317,-2.7607,-0.06415129,0.06687212,1.008603,-0.1662725,0.160935,0.9728583,-0.1495456,0.9710647,-0.1861973,-0.974674,-0.1764462,-0.1373943,moving,-88.61784,-81.12942,-3.639343,3.793256
3746,05/08/2023 17:08:55.663047,3987,True,True,True,True,Eyes,2.185007,0.1145973,-2.802379,-0.9881769,-0.1529874,0.01005683,0.0,0.0,0.0,0.0,0.0,0.0,0.0,2.86723,-0.256708,1.769688,2.203231,0.1010647,-2.560129,-0.003635801,-0.7587647,0.1260834,0.6390353,10.75959,261.1305,9.767085,0.5988242,0.03253923,-0.8002188,0.0,0.0,0.0,1.263356,-0.00641119,-2.760794,-0.06225729,0.06419411,1.007224,-0.1832415,0.1666609,0.968838,-0.1556261,0.9681795,-0.195982,-0.9706717,-0.1866884,-0.1514739,moving,-89.41691,-86.239,-3.536995,3.646738
3747,05/08/2023 17:08:55.673111,3988,True,True,True,True,Eyes,2.185199,0.1140827,-2.791528,-0.9881483,-0.1534527,-0.0039083,0.0,0.0,0.0,0.0,0.0,0.0,0.0,2.887792,-0.3241695,1.701756,2.2006,0.1024395,-2.547011,-0.01282148,-0.7667004,0.1239386,0.6297979,10.01452,259.7053,10.28197,0.6004088,0.03250909,-0.7990317,0.0,0.0,0.0,1.266445,-0.006394796,-2.760896,-0.06175405,0.06267293,1.005213,-0.2063806,0.175773,0.9625545,-0.1364521,0.9689497,-0.2061974,-0.9689108,-0.1738977,-0.1759879,moving,89.77338,88.54105,-3.515478,3.567653
3748,05/08/2023 17:08:55.692840,3989,True,True,True,True,Eyes,2.185339,0.1137153,-2.780586,-0.9877933,-0.1547798,-0.01753473,0.0,0.0,0.0,0.0,0.0,0.0,0.0,2.907609,-0.3135956,1.647286,2.199548,0.1022224,-2.533303,-0.01033211,-0.7726747,0.1247775,0.6223324,10.36771,258.6098,10.0272,0.6019865,0.03247513,-0.7978451,0.0,0.0,0.0,1.26926,-0.006379852,-2.760988,-0.06266412,0.05919687,1.003039,-0.2251912,0.1712729,0.9591426,-0.1393394,0.9686477,-0.2056848,-0.9642994,-0.1799648,-0.1942658,moving,88.98303,83.53661,-3.574867,3.377538
3749,05/08/2023 17:08:55.713052,3990,True,True,True,True,Eyes,2.185337,0.1135127,-2.769567,-0.9873482,-0.1554198,-0.03143878,0.0,0.0,0.0,0.0,0.0,0.0,0.0,2.922725,-0.2859235,1.603035,2.198394,0.1056171,-2.519862,-0.003204444,-0.7768263,0.1348743,0.6150932,11.86496,257.7923,10.05713,0.6035589,0.03244193,-0.7966576,0.0,0.0,0.0,1.27202,-0.006365201,-2.761079,-0.06542778,0.05559763,1.000599,-0.2433001,0.1708991,0.9547766,-0.1609419,0.9635974,-0.2134898,-0.9565055,-0.2056057,-0.2069385,moving,88.17622,78.56435,-3.741167,3.180334
3750,05/08/2023 17:08:55.722683,3991,True,True,True,True,Eyes,2.185262,0.1133614,-2.758456,-0.9868177,-0.1553958,-0.04520066,0.0,0.0,0.0,0.0,0.0,0.0,0.0,2.933419,-0.3389214,1.547389,2.195036,0.1092049,-2.506814,-0.01093663,-0.7833245,0.1290924,0.6079623,10.89119,256.6084,10.21218,0.6051257,0.03241419,-0.7954693,0.0,0.0,0.0,1.275101,-0.006348846,-2.761181,-0.06822643,0.05613139,0.9975917,-0.2605244,0.1741005,0.9496399,-0.1398328,0.9664311,-0.2155406,-0.9552873,-0.1889444,-0.2274338,moving,87.37743,73.78164,-3.912431,3.22046
3751,05/08/2023 17:08:55.743328,3992,True,True,True,True,Eyes,2.185098,0.113326,-2.747279,-0.9860306,-0.1558232,-0.0588453,0.0,0.0,0.0,0.0,0.0,0.0,0.0,2.942932,-0.3472835,1.502987,2.193347,0.1101566,-2.493495,-0.01245892,-0.7883948,0.1241355,0.6023859,10.41201,255.6693,9.90603,0.6066876,0.03239293,-0.7942797,0.0,0.0,0.0,1.277789,-0.006334575,-2.761269,-0.07233101,0.05914355,0.9944951,-0.2739521,0.1692,0.9467427,-0.1299098,0.9688703,-0.2107457,-0.9529291,-0.1807254,-0.2434433,moving,86.58469,69.31139,-4.159877,3.403425
3752,05/08/2023 17:08:55.762898,3993,True,True,True,True,Eyes,2.18482,0.1134487,-2.736095,-0.9851366,-0.1558179,-0.07229612,0.0,0.0,0.0,0.0,0.0,0.0,0.0,2.950352,-0.3256799,1.468452,2.19102,0.1130302,-2.480655,-0.007651071,-0.7917871,0.1274807,0.5972968,11.11245,254.9998,9.645112,0.6082451,0.03238091,-0.7930881,0.0,0.0,0.0,1.280703,-0.006319107,-2.761365,-0.07642406,0.06255304,0.991009,-0.2863562,0.1644037,0.943913,-0.1401716,0.9673803,-0.2110151,-0.9478144,-0.1927352,-0.2539707,moving,85.80276,65.10972,-4.409775,3.61175
3753,05/08/2023 17:08:55.779567,3994,True,True,True,True,Eyes,2.184432,0.1136274,-2.724881,-0.9841405,-0.1552729,-0.08577786,0.0,0.0,0.0,0.0,0.0,0.0,0.0,2.953258,-0.3506238,1.431839,2.187898,0.1169321,-2.468656,-0.01106023,-0.7958383,0.1245335,0.5924613,10.66763,254.2371,9.675712,0.6097972,0.0323818,-0.7918954,0.0,0.0,0.0,1.283658,-0.006303422,-2.761462,-0.08133924,0.06497543,0.9871466,-0.2977345,0.1651668,0.9402521,-0.1299582,0.9687381,-0.2113225,-0.9457616,-0.1851115,-0.2669619,moving,85.01868,61.08229,-4.710436,3.76586
3754,05/08/2023 17:08:55.792907,3995,True,True,True,True,Eyes,2.183955,0.1138368,-2.713633,-0.98293,-0.1550283,-0.09907031,0.0,0.0,0.0,0.0,0.0,0.0,0.0,2.957582,-0.3692988,1.392375,2.184875,0.1183454,-2.456563,-0.01459631,-0.8002379,0.1181761,0.5877421,9.902974,253.4148,9.481527,0.6113434,0.03239603,-0.7907017,0.0,0.0,0.0,1.286444,-0.006288629,-2.761554,-0.08698767,0.06838334,0.9830563,-0.3086924,0.1622752,0.9372171,-0.1155531,0.9716427,-0.2062957,-0.9441168,-0.1719803,-0.2811874,moving,84.24455,57.41953,-5.056759,3.979198
3755,05/08/2023 17:08:55.812902,3996,True,True,True,True,Eyes,2.183372,0.1140808,-2.702398,-0.9815508,-0.1547421,-0.1123074,0.0,0.0,0.0,0.0,0.0,0.0,0.0,2.961851,-0.352658,1.363581,2.182531,0.1192384,-2.445121,-0.0113851,-0.8031195,0.1191768,0.5836666,10.26122,252.8438,9.204848,0.6128836,0.0324233,-0.7895074,0.0,0.0,0.0,1.289307,-0.006273431,-2.761648,-0.09282178,0.07094861,0.9785778,-0.3184077,0.1574062,0.9347942,-0.1208318,0.9713345,-0.2047166,-0.9402215,-0.1781362,-0.2902608,moving,83.4727,54.02893,-5.418508,4.146789
3756,05/08/2023 17:08:55.823481,3997,True,True,True,True,Eyes,2.182702,0.114348,-2.691177,-0.9799547,-0.1546235,-0.1256194,0.0,0.0,0.0,0.0,0.0,0.0,0.0,2.96483,-0.3677151,1.327964,2.179423,0.1202917,-2.434044,-0.01321496,-0.8067245,0.1189981,0.5786713,10.17779,252.1344,9.298963,0.6144171,0.03246341,-0.7883129,0.0,0.0,0.0,1.292374,-0.006257155,-2.761749,-0.09704924,0.07022893,0.9740003,-0.3299298,0.1590433,0.9305114,-0.1164,0.9713296,-0.2072916,-0.9368016,-0.1767032,-0.301958,moving,82.69515,50.90886,-5.690162,4.124095
3757,05/08/2023 17:08:55.843492,3998,True,True,True,True,Eyes,2.181937,0.1146525,-2.679991,-0.9781139,-0.1547448,-0.1390942,0.0,0.0,0.0,0.0,0.0,0.0,0.0,2.969155,-0.3924817,1.2862,2.176728,0.1210804,-2.423102,-0.01633528,-0.810905,0.1196421,0.5725837,10.09787,251.2987,9.559715,0.615943,0.03251584,-0.787119,0.0,0.0,0.0,1.295261,-0.006241828,-2.761844,-0.09999591,0.06731053,0.9694571,-0.3437625,0.1635029,0.9247133,-0.1105175,0.9708378,-0.2127433,-0.9325308,-0.1753301,-0.3156677,moving,81.90643,48.04885,-5.889021,3.971738
3758,05/08/2023 17:08:55.863007,3999,True,True,True,True,Eyes,2.181039,0.115003,-2.66887,-0.9760162,-0.1549958,-0.1528681,0.72246,1.475907,0.003024779,-2.779311,0.2942724,0.5553622,-0.7778023,-0.1034462,0.04176299,0.7894276,2.173684,0.1223041,-2.412541,-0.01810639,-0.8161255,0.1229824,0.5643463,10.38733,250.2253,9.855779,0.6174609,0.03258057,-0.7859262,0.0,0.0,0.0,1.298032,-0.006227119,-2.761935,-0.1017921,0.06692228,0.9648675,-0.3623708,0.1683635,0.9167012,-0.1092552,0.969095,-0.2211747,-0.9256083,-0.1803016,-0.3327771,moving,81.0984,45.39597,-6.022344,3.967626
3759,05/08/2023 17:08:55.873017,4000,True,True,True,True,Eyes,2.180012,0.1153641,-2.657799,-0.9736905,-0.1551385,-0.1669098,0.7214454,1.477547,0.003440142,-2.778216,0.4037291,0.5831652,-0.7049264,-0.09737733,0.03841717,0.7896648,2.169469,0.1238359,-2.402346,-0.02004199,-0.8222777,0.1222651,0.5554358,10.30032,248.9693,9.877696,0.618969,0.03265782,-0.7847359,0.0,0.0,0.0,1.300985,-0.006211441,-2.762032,-0.1034944,0.06378172,0.9598993,-0.3821787,0.168781,0.9085441,-0.1028606,0.9692991,-0.2233358,-0.9183457,-0.1788076,-0.3530847,moving,80.27291,42.90669,-6.153742,3.801503
3760,05/08/2023 17:08:55.893664,4001,True,True,True,True,Eyes,2.178839,0.1157016,-2.646746,-0.9710782,-0.1554362,-0.1812366,0.7147741,1.484738,0.004599802,-2.776289,0.4986914,0.6583881,-0.5637658,-0.09249967,0.03484198,0.7843892,2.165331,0.1244375,-2.392274,-0.02092548,-0.8284388,0.1202057,0.5466276,10.15369,247.701,9.713931,0.6204653,0.03274674,-0.7835497,0.0,0.0,0.0,1.304414,-0.006193237,-2.762145,-0.1054411,0.06069794,0.954446,-0.4015206,0.1660865,0.9006643,-0.09674454,0.9702255,-0.222043,-0.9107259,-0.1762892,-0.3734976,moving,79.42826,40.61779,-6.304111,3.638822
3761,05/08/2023 17:08:55.913167,4002,True,True,True,True,Eyes,2.177552,0.1160223,-2.635762,-0.968204,-0.1558759,-0.1956622,0.7118321,1.488353,0.00506483,-2.775041,0.5489657,0.6882964,-0.4742202,-0.08760789,0.03350608,0.7824134,2.161191,0.1240448,-2.382483,-0.02070835,-0.8340985,0.1185625,0.5383252,10.10717,246.5167,9.482868,0.6219486,0.03284565,-0.7823686,0.0,0.0,0.0,1.306703,-0.006181085,-2.762221,-0.1085447,0.05914201,0.9499118,-0.4195545,0.162196,0.8931219,-0.09310474,0.9710282,-0.2200812,-0.9029429,-0.1754899,-0.392298,moving,78.5751,38.54288,-6.518811,3.562667
3762,05/08/2023 17:08:55.923110,4003,True,True,True,True,Eyes,2.176139,0.1163785,-2.624862,-0.9650351,-0.1567221,-0.2101079,0.7087392,1.492181,0.00530339,-2.773774,0.5989549,0.7032093,-0.3830793,-0.08338216,0.03565902,0.7801938,2.157163,0.1240222,-2.372985,-0.01909981,-0.8391268,0.1190966,0.5303937,10.34725,245.4329,9.265465,0.6234183,0.03295319,-0.7811934,0.0,0.0,0.0,1.309838,-0.006164446,-2.762324,-0.115659,0.06960365,0.943064,-0.4366354,0.1583905,0.8855856,-0.09428184,0.9709024,-0.2201351,-0.8946844,-0.1796135,-0.408997,moving,77.71722,36.71972,-6.991936,4.221111
3763,05/08/2023 17:08:55.943035,4004,True,True,True,True,Eyes,2.174594,0.1167518,-2.614039,-0.9616058,-0.1574735,-0.2247582,0.7064505,1.495267,0.005504601,-2.772819,0.6243933,0.7154724,-0.3134202,-0.07938826,0.03877711,0.7785041,2.152684,0.1253418,-2.363777,-0.01837421,-0.8438395,0.1216507,0.5223014,10.72606,244.3826,9.258997,0.6248725,0.03306964,-0.7800258,0.0,0.0,0.0,1.312462,-0.006150519,-2.76241,-0.1186232,0.0640325,0.9385778,-0.4537279,0.1580864,0.8770065,-0.09606689,0.969727,-0.2245011,-0.8859475,-0.1861136,-0.4248053,moving,76.84431,35.01644,-7.203202,3.902836
3764,05/08/2023 17:08:55.962943,4005,True,True,True,True,Eyes,2.172918,0.1170973,-2.603261,-0.9579158,-0.1583646,-0.2394116,0.7040201,1.498526,0.005605415,-2.771811,0.6496549,0.721352,-0.2399995,-0.07396287,0.03531338,0.7769645,2.14796,0.1261025,-2.354551,-0.02055563,-0.8495264,0.120743,0.5131312,10.60594,243.1307,9.299764,0.6263099,0.03319471,-0.7788668,0.0,0.0,0.0,1.315298,-0.006135464,-2.762503,-0.1193084,0.03791388,0.9333467,-0.4725478,0.1588391,0.8668731,-0.08898886,0.9699972,-0.2262441,-0.8768009,-0.1840532,-0.4442352,moving,75.96754,33.48361,-7.284536,2.326158
3765,05/08/2023 17:08:55.975557,4006,True,True,True,True,Eyes,2.171141,0.1174186,-2.592546,-0.9539315,-0.1596508,-0.2540204,0.7042847,1.499301,0.004978992,-2.771449,0.7012471,0.6794857,-0.2157585,-0.06876329,0.03583933,0.7779523,2.143487,0.1257512,-2.345231,-0.01929593,-0.8546675,0.1203768,0.5046589,10.73626,241.9733,9.046383,0.6277299,0.03332691,-0.7777171,0.0,0.0,0.0,1.318159,-0.006120276,-2.762598,-0.1266927,0.06080568,0.9285346,-0.4898939,0.1544816,0.8579855,-0.08851524,0.9702742,-0.2252399,-0.8672767,-0.1862885,-0.4616575,moving,75.08884,32.1492,-7.769669,3.746701
3766,05/08/2023 17:08:55.993293,4007,True,True,True,True,Eyes,2.16925,0.1177535,-2.581903,-0.9497431,-0.1612241,-0.2683185,0.6988882,1.505486,0.005075864,-2.769428,0.7263936,0.6838778,-0.06828961,-0.06628519,0.04348043,0.773263,2.139287,0.1256275,-2.335856,-0.01509257,-0.8586573,0.1238054,0.497144,11.39702,241.014,8.74368,0.629132,0.03346489,-0.7765774,0.0,0.0,0.0,1.321027,-0.006105048,-2.762692,-0.1344546,0.05339342,0.9217967,-0.5052401,0.1490169,0.8500156,-0.09717952,0.9688889,-0.2276191,-0.8574898,-0.1976064,-0.4750401,moving,74.22412,31.00032,-8.298721,3.315051
3767,05/08/2023 17:08:56.012938,4008,True,True,True,True,Eyes,2.16726,0.1181005,-2.57134,-0.9453155,-0.1628844,-0.2825727,0.6965061,1.508842,0.004650533,-2.768154,0.7555258,0.6547138,0.02303587,-0.06504586,0.04776525,0.7712017,2.134696,0.1264111,-2.326852,0.01270872,0.8621396,-0.1264179,-0.4904817,11.85953,240.1645,8.575209,0.6305157,0.03360862,-0.7754482,0.0,0.0,0.0,1.32397,-0.00608943,-2.762789,-0.1445753,0.04259466,0.9167543,-0.518532,0.1459247,0.8425142,-0.1020979,0.967714,-0.2304465,-0.8489406,-0.2055129,-0.4868922,moving,73.3576,29.96059,-8.961929,2.660189
3768,05/08/2023 17:08:56.023174,4009,True,True,True,True,Eyes,2.165178,0.1184533,-2.560881,-0.9407263,-0.1645122,-0.2965971,0.6944434,1.511897,0.004208915,-2.766851,0.7726483,0.6241438,0.1160129,-0.06293467,0.04893964,0.7698186,2.130322,0.127098,-2.318047,0.01173562,0.8659566,-0.1274515,-0.4834642,12.08646,239.2447,8.442456,0.6318805,0.033758,-0.77433,0.0,0.0,0.0,1.327052,-0.006073064,-2.76289,-0.1500395,0.06011463,0.9117205,-0.5322496,0.1435615,0.8343266,-0.1029114,0.9672368,-0.2320824,-0.8403096,-0.2093874,-0.5000372,moving,72.50071,29.01563,-9.345257,3.772358
3769,05/08/2023 17:08:56.043840,4010,True,True,True,True,Eyes,2.162965,0.1188302,-2.55051,-0.9359047,-0.1661044,-0.3106311,0.6950608,1.512454,0.003377549,-2.766418,0.8097205,0.5686508,0.1448756,-0.05941331,0.04948016,0.770962,2.125752,0.1277387,-2.309514,0.01071423,0.8700127,-0.1280096,-0.4760009,12.27125,238.2581,8.267433,0.6332254,0.0339127,-0.7732237,0.0,0.0,0.0,1.329818,-0.006058382,-2.762981,-0.1546844,0.06235804,0.9077215,-0.546617,0.1405084,0.8255105,-0.1032224,0.9669975,-0.2329399,-0.8309966,-0.21254,-0.5140737,moving,71.63876,28.13484,-9.670852,3.929893
3770,05/08/2023 17:08:56.062888,4011,True,True,True,True,Eyes,2.16061,0.1192156,-2.540226,-0.9309568,-0.1673346,-0.3245282,0.6958663,1.512788,0.002773136,-2.766054,0.8320027,0.5283629,0.1691277,-0.05634964,0.04807233,0.7718611,2.120398,0.1287091,-2.301073,0.01075352,0.8740846,-0.1277657,-0.4685472,12.31458,237.2673,8.151429,0.634549,0.03407297,-0.7721308,0.0,0.0,0.0,1.332727,-0.006042942,-2.763077,-0.1589184,0.06559567,0.9037552,-0.5606958,0.1385274,0.8163519,-0.1009295,0.9671206,-0.233433,-0.8218476,-0.2132789,-0.5282789,moving,70.78163,27.27673,-9.973065,4.151319
3771,05/08/2023 17:08:56.073411,4012,True,True,True,True,Eyes,2.158123,0.1195895,-2.530036,-0.9258249,-0.1683163,-0.3384049,0.6967854,1.513022,0.002309114,-2.765831,0.8477143,0.4975174,0.1840027,-0.0543727,0.04311586,0.7726867,2.114817,0.1292435,-2.292977,0.01275582,0.8780249,-0.1254806,-0.4616971,12.03866,236.3325,8.127548,0.6358505,0.03423871,-0.7710521,0.0,0.0,0.0,1.335674,-0.006027298,-2.763174,-0.1619405,0.06946398,0.8998548,-0.5733466,0.1382679,0.8075619,-0.09346822,0.9681839,-0.2321289,-0.8139644,-0.2085716,-0.5421811,moving,69.92178,26.4449,-10.20192,4.414174
3772,05/08/2023 17:08:56.093265,4013,True,True,True,True,Eyes,2.155495,0.1199459,-2.519929,-0.9205271,-0.1690329,-0.3522183,0.6977778,1.513171,0.001998566,-2.7657,0.8576231,0.4767853,0.1927657,-0.05271897,0.0385887,0.773518,2.109162,0.1292926,-2.284878,0.01484772,0.8818219,-0.1230491,-0.455004,11.7419,235.4214,8.112354,0.6371288,0.03440915,-0.7699885,0.0,0.0,0.0,1.338586,-0.00601184,-2.76327,-0.1644277,0.06347945,0.8962617,-0.585502,0.1381618,0.7988111,-0.08578962,0.9692769,-0.2305264,-0.8061191,-0.2035033,-0.5556607,moving,69.06181,25.63679,-10.39585,4.051318
3773,05/08/2023 17:08:56.112915,4014,True,True,True,True,Eyes,2.152728,0.1202627,-2.509929,-0.915009,-0.1696137,-0.366046,0.6988,1.51332,0.001736663,-2.765722,0.8674526,0.4592842,0.1912698,-0.05037457,0.03528803,0.7742769,2.103517,0.1291389,-2.277128,0.01642244,0.8856283,-0.1211115,-0.4480231,11.52552,234.4841,8.073412,0.638383,0.03458342,-0.7689413,0.0,0.0,0.0,1.341395,-0.005996928,-2.763362,-0.1676737,0.05569597,0.8928276,-0.5980111,0.1376099,0.7895861,-0.0794332,0.9701246,-0.2292349,-0.7975419,-0.1998044,-0.5692145,moving,68.1963,24.86145,-10.6363,3.569574
3774,05/08/2023 17:08:56.123098,4015,True,True,True,True,Eyes,2.149834,0.1205269,-2.500042,-0.9093111,-0.1701841,-0.3797244,0.6998078,1.513491,0.00143069,-2.765776,0.8787641,0.43883,0.1876216,-0.04727176,0.03300839,0.7746856,2.09744,0.1284774,-2.269465,0.01798801,0.8895826,-0.1196195,-0.4404663,11.36022,233.486,8.055117,0.639612,0.03476005,-0.7679113,0.0,0.0,0.0,1.344497,-0.00598046,-2.763464,-0.1722916,0.05581984,0.8884438,-0.6113317,0.1373804,0.7793589,-0.07337309,0.9707353,-0.2286691,-0.7879658,-0.1969766,-0.5833613,moving,67.33479,24.14087,-10.97487,3.595099
3775,05/08/2023 17:08:56.143099,4016,True,True,True,True,Eyes,2.146791,0.1207352,-2.490245,-0.9033859,-0.1707676,-0.3933603,0.7008036,1.513694,0.001060665,-2.765914,0.8924868,0.4142564,0.178491,-0.04443771,0.0328152,0.7750041,2.09097,0.1276177,-2.261514,0.01879516,0.8934053,-0.1191171,-0.4327641,11.33657,232.4876,8.013268,0.6408147,0.03493733,-0.7668998,0.0,0.0,0.0,1.347164,-0.005966305,-2.763552,-0.1758365,0.05485357,0.8849277,-0.6247241,0.1366826,0.7687899,-0.06951579,0.9709157,-0.2291074,-0.7777452,-0.1965719,-0.5970528,moving,66.4703,23.46688,-11.23838,3.547026
3776,05/08/2023 17:08:56.163460,4017,True,True,True,True,Eyes,2.143597,0.1208788,-2.480557,-0.897322,-0.1713962,-0.4067391,0.7017377,1.513912,0.0006035715,-2.765981,0.9069068,0.383737,0.1739709,-0.04215103,0.03387588,0.7750406,2.084302,0.1265067,-2.253716,0.01865708,0.8969304,-0.1189819,-0.4254543,11.39439,231.5434,7.898541,0.6419904,0.03511363,-0.7659079,0.0,0.0,0.0,1.350071,-0.005950871,-2.763648,-0.1784044,0.04893134,0.8812695,-0.6372815,0.1347109,0.7587661,-0.06777447,0.9709904,-0.2293123,-0.7676455,-0.1975614,-0.6096643,moving,65.61611,22.85012,-11.44431,3.17801
3777,05/08/2023 17:08:56.173003,4018,True,True,True,True,Eyes,2.140243,0.1209592,-2.470964,-0.8910774,-0.171982,-0.4200038,0.7026522,1.514126,0.0001156405,-2.766081,0.9212067,0.3512403,0.1673577,-0.04133826,0.03498124,0.7746525,2.077361,0.1251623,-2.246323,0.0180629,0.8999879,-0.1185484,-0.4190964,11.43429,230.7152,7.732578,0.6431382,0.03528719,-0.7649364,0.0,0.0,0.0,1.353113,-0.005934725,-2.763748,-0.1800629,0.04966215,0.8777907,-0.6480639,0.1318792,0.7500807,-0.06685362,0.97124,-0.2285244,-0.758646,-0.198244,-0.620609,moving,64.76344,22.26799,-11.59238,3.238131
3778,05/08/2023 17:08:56.193584,4019,True,True,True,True,Eyes,2.136692,0.1209688,-2.461445,-0.8846842,-0.1725022,-0.4331016,0.7035009,1.514315,-0.0003866106,-2.766132,0.9338855,0.3177725,0.1639469,-0.04097575,0.03548332,0.7742038,2.070126,0.1237292,-2.238875,0.0185969,0.9029509,-0.1180862,-0.4127827,11.41413,229.904,7.684416,0.6442567,0.03545645,-0.7639868,0.0,0.0,0.0,1.355921,-0.005919819,-2.76384,-0.1824791,0.04947513,0.8737789,-0.6585292,0.1310721,0.741053,-0.06390373,0.9714196,-0.2286051,-0.7498372,-0.1978991,-0.6313323,moving,63.91571,21.71714,-11.79605,3.240743
3779,05/08/2023 17:08:56.213196,4020,True,True,True,True,Eyes,2.132971,0.1208733,-2.452013,-0.8781523,-0.172863,-0.4460573,0.7043101,1.514479,-0.0008758679,-2.766176,0.9448591,0.2851685,0.1609972,-0.04103494,0.03465871,0.7734042,2.062491,0.1218936,-2.231714,0.02003441,0.9058683,-0.1168057,-0.4066422,11.26385,229.1102,7.693393,0.6453449,0.03561984,-0.7630602,0.0,0.0,0.0,1.358729,-0.00590491,-2.763932,-0.1834964,0.04663297,0.8703241,-0.6684819,0.1312933,0.7320482,-0.05869916,0.9719101,-0.2279148,-0.7414087,-0.1953275,-0.6419975,moving,63.07172,21.18312,-11.90569,3.067041
3780,05/08/2023 17:08:56.222733,4021,True,True,True,True,Eyes,2.129092,0.1206541,-2.442682,-0.8715116,-0.173267,-0.4587441,0.7050393,1.514642,-0.001505978,-2.766115,0.955824,0.2431909,0.1651023,-0.04211417,0.03404025,0.7726117,2.054709,0.1192486,-2.224259,0.02113508,0.9085776,-0.1150028,-0.4010168,11.07109,228.3727,7.649874,0.6464024,0.03577487,-0.7621573,0.0,0.0,0.0,1.361748,-0.005888883,-2.764032,-0.1829261,0.04340298,0.8667958,-0.6774777,0.1306418,0.7238485,-0.05383036,0.9726554,-0.2259289,-0.7335709,-0.1920268,-0.6519197,moving,62.23869,20.69148,-11.91668,2.866572
3781,05/08/2023 17:08:56.242918,4022,True,True,True,True,Eyes,2.125049,0.120326,-2.433433,-0.8647562,-0.1737864,-0.4711635,0.7056927,1.514797,-0.002313845,-2.76593,0.9657745,0.1892565,0.1773737,-0.04449347,0.03673498,0.7713896,2.046722,0.1161364,-2.216935,0.02102688,0.9106894,-0.1147958,-0.3962635,11.09418,227.7663,7.570069,0.6474276,0.03591856,-0.7612797,0.0,0.0,0.0,1.364496,-0.0058743,-2.764122,-0.1809862,0.04308292,0.8637829,-0.6850663,0.1292767,0.7169182,-0.05268087,0.9727595,-0.225751,-0.7265735,-0.1924223,-0.6595944,moving,61.41619,20.24626,-11.83384,2.855377
3782,05/08/2023 17:08:56.262907,4023,True,True,True,True,Eyes,2.120835,0.1199206,-2.424281,-0.8581073,-0.1741437,-0.4830381,0.7062227,1.51482,-0.003063582,-2.765413,0.9673352,0.1392837,0.2118082,-0.04686713,0.04174019,0.7700927,2.038718,0.1134026,-2.209582,0.02082426,0.9124987,-0.1163694,-0.3916257,11.30684,227.2063,7.568242,0.6484206,0.0360488,-0.760428,0.0,0.0,0.0,1.36741,-0.005858829,-2.764218,-0.1785302,0.04104161,0.8604223,-0.6923912,0.1291507,0.7098693,-0.05314225,0.9720491,-0.2286844,-0.7195625,-0.1960631,-0.6661748,moving,60.62436,19.82512,-11.72204,2.730903
3783,05/08/2023 17:08:56.273540,4024,True,True,True,True,Eyes,2.116436,0.1194477,-2.415237,-0.851405,-0.1743464,-0.4946846,0.7066843,1.514761,-0.003760181,-2.764823,0.9634723,0.092864,0.251192,-0.04991657,0.04382016,0.768581,2.030231,0.1111902,-2.202501,0.02014947,0.9143643,-0.1161278,-0.3873582,11.34733,226.6579,7.43159,0.6493807,0.03616464,-0.7596026,0.0,0.0,0.0,1.370297,-0.005843507,-2.764313,-0.1755734,0.03604914,0.8571486,-0.6990951,0.126814,0.703693,-0.05311818,0.9722167,-0.2279763,-0.7130527,-0.1967561,-0.6729358,moving,59.84249,19.41447,-11.57601,2.408272
3784,05/08/2023 17:08:56.293238,4025,True,True,True,True,Eyes,2.111876,0.1188879,-2.406348,-0.8448003,-0.1741059,-0.505964,0.7070242,1.514582,-0.004209183,-2.764076,0.9515609,0.06293417,0.3009504,-0.05340832,0.04313696,0.7666082,2.021355,0.1089085,-2.195932,0.01981372,0.916262,-0.1139935,-0.3835062,11.1687,226.1334,7.24615,0.6503063,0.03626537,-0.7588056,0.0,0.0,0.0,1.37317,-0.005828256,-2.764408,-0.1723065,0.03085756,0.8536511,-0.7050608,0.1237435,0.698267,-0.05112532,0.9732258,-0.2240931,-0.7073016,-0.1936984,-0.679857,moving,59.08195,18.98871,-11.41163,2.070212
3785,05/08/2023 17:08:56.313044,4026,True,True,True,True,Eyes,2.107111,0.118241,-2.397576,-0.8381488,-0.1736472,-0.5170622,0.7072623,1.51432,-0.004573159,-2.763274,0.9342607,0.03868166,0.3544866,-0.056532,0.04030308,0.7642761,2.011995,0.1063738,-2.189734,0.02057358,0.9183812,-0.1106139,-0.3793644,10.81052,225.5634,7.118036,0.6511964,0.03634983,-0.7580378,0.0,0.0,0.0,1.37608,-0.005812808,-2.764503,-0.1683736,0.02837586,0.8500034,-0.711319,0.1217147,0.6922508,-0.04613717,0.9746826,-0.2187812,-0.7013537,-0.1875617,-0.6876947,moving,58.32916,18.56382,-11.20443,1.912008
3786,05/08/2023 17:08:56.323047,4027,True,True,True,True,Eyes,2.102184,0.1174969,-2.388912,-0.8314298,-0.1729931,-0.5280132,0.7074459,1.513993,-0.004886381,-2.762453,0.9122972,0.01779711,0.4091419,-0.05993786,0.03843458,0.7616073,2.002237,0.1035874,-2.18369,0.02198824,0.9203569,-0.1078999,-0.3752565,10.4927,225.0167,7.095284,0.6520491,0.03641689,-0.7573012,0.0,0.0,0.0,1.379038,-0.005797104,-2.764601,-0.1643481,0.02804744,0.846301,-0.7173982,0.1214543,0.6859947,-0.04050618,0.9757482,-0.2151152,-0.6954848,-0.1821103,-0.6950805,moving,57.58173,18.14036,-10.98982,1.898157
3787,05/08/2023 17:08:56.343033,4028,True,True,True,True,Eyes,2.097021,0.1166995,-2.380369,-0.8246084,-0.1723548,-0.5388087,0.7075427,1.513575,-0.005248874,-2.761599,0.8846511,-0.006368717,0.4662099,-0.06132475,0.0388251,0.7598433,1.993131,0.1005039,-2.177242,0.02485361,0.922531,-0.1069575,-0.3699716,10.30878,224.3648,7.299143,0.6528637,0.03646521,-0.7565966,0.0,0.0,0.0,1.381981,-0.00578148,-2.764698,-0.1594813,0.02924263,0.8428802,-0.7250065,0.1249989,0.677304,-0.033286,0.9758848,-0.2157334,-0.6879371,-0.1789529,-0.7033622,moving,56.83894,17.7385,-10.71427,1.987005
3788,05/08/2023 17:08:56.363159,4029,True,True,True,True,Eyes,2.091627,0.1158706,-2.37193,-0.8175341,-0.1717666,-0.5496675,0.707581,1.513156,-0.005668148,-2.760864,0.8564813,-0.03431501,0.5150362,-0.06393126,0.04022323,0.7566797,1.982232,0.09840706,-2.171454,0.02750991,0.92448,-0.1073825,-0.364759,10.28106,223.7438,7.545327,0.6536387,0.03649502,-0.7559258,0.0,0.0,0.0,1.384777,-0.005766637,-2.76479,-0.1546525,0.03028901,0.8395255,-0.7323883,0.1292022,0.6685166,-0.02747273,0.9754244,-0.2186149,-0.6803329,-0.178477,-0.7108399,moving,56.08516,17.3536,-10.43768,2.066263
3789,05/08/2023 17:08:56.373607,4030,True,True,True,True,Eyes,2.086001,0.1150389,-2.363611,-0.8103569,-0.1711481,-0.5603838,0.7075391,1.512642,-0.006055102,-2.760104,0.8223602,-0.06011638,0.5657824,-0.06597513,0.04292259,0.7539048,1.971375,0.0967966,-2.165501,0.03033757,0.92641,-0.1089812,-0.3591202,10.3775,223.0921,7.85816,0.6543726,0.03650719,-0.75529,0.0,0.0,0.0,1.387677,-0.005751246,-2.764885,-0.1496868,0.03041171,0.8362265,-0.7402246,0.1344847,0.6587725,-0.02206464,0.9744055,-0.2237122,-0.6719974,-0.1801329,-0.7183115,moving,55.33509,16.98331,-10.14862,2.082803
3790,05/08/2023 17:08:56.392856,4031,True,True,True,True,Eyes,2.08015,0.1141937,-2.355452,-0.8029488,-0.1703196,-0.5711955,0.7073553,1.512179,-0.006282769,-2.75949,0.7914115,-0.07528409,0.6066301,-0.06876385,0.04255556,0.7510148,1.960118,0.09586793,-2.159925,0.03291507,0.9284208,-0.1087153,-0.3537407,10.28708,222.4421,8.064466,0.6550638,0.03650335,-0.7546908,0.0,0.0,0.0,1.390573,-0.00573587,-2.76498,-0.1445455,0.03243345,0.8329788,-0.7475685,0.1380322,0.6496837,-0.015796,0.9741951,-0.225154,-0.6639972,-0.1785804,-0.7260973,moving,54.57301,16.60358,-9.844415,2.229782
3791,05/08/2023 17:08:56.413016,4032,True,True,True,True,Eyes,2.074052,0.1134144,-2.347432,-0.7954646,-0.169828,-0.5817169,0.7071326,1.511553,-0.00667651,-2.758783,0.7497549,-0.1015452,0.6538779,-0.07206333,0.0402353,0.7474613,1.948106,0.0947914,-2.154932,0.03470627,0.9304855,-0.1069353,-0.3486505,10.06718,221.7985,8.12478,0.6557095,0.03648464,-0.7541308,0.0,0.0,0.0,1.393409,-0.005720818,-2.765074,-0.1390683,0.03376601,0.8296942,-0.7544768,0.1391534,0.6414057,-0.009978688,0.9747207,-0.2232041,-0.656251,-0.1748027,-0.7340155,moving,53.8223,16.27478,-9.515121,2.330477
3792,05/08/2023 17:08:56.422862,4033,True,True,True,True,Eyes,2.067738,0.1127918,-2.339564,-0.7877842,-0.1692879,-0.5922311,0.7067926,1.510937,-0.006859705,-2.758149,0.7087746,-0.1137647,0.6962011,-0.07642296,0.04521551,0.7436308,1.936062,0.09565018,-2.150175,0.03551476,0.931636,-0.1109869,-0.3442022,10.50668,221.3225,8.337786,0.6563088,0.03645458,-0.7536107,0.0,0.0,0.0,1.396348,-0.005705216,-2.76517,-0.1328942,0.03429378,0.8267158,-0.7605274,0.1425775,0.6334589,-0.01023018,0.9728413,-0.2312472,-0.6492257,-0.1823502,-0.7384138,moving,53.06532,15.95247,-9.13215,2.375378
3793,05/08/2023 17:08:56.443766,4034,True,True,True,True,Eyes,2.061124,0.1121889,-2.331833,-0.7798342,-0.1679595,-0.6030325,0.7061076,1.510477,-0.006408498,-2.757639,0.6780796,-0.0836826,0.730209,-0.07736811,0.04373131,0.7409492,1.92375,0.09887649,-2.145247,0.04489063,0.9336988,-0.1139515,-0.3364619,10.52036,220.5006,9.395798,0.6568599,0.03641925,-0.7531322,0.0,0.0,0.0,1.399175,-0.00569021,-2.765263,-0.126237,0.03453902,0.8238497,-0.7695567,0.1605093,0.6180773,0.007147959,0.9699997,-0.2430007,-0.6385387,-0.1825848,-0.7476171,moving,52.28583,15.56383,-8.711572,2.400659
3794,05/08/2023 17:08:56.463245,4035,True,True,True,True,Eyes,2.054328,0.1116027,-2.324136,-0.7716551,-0.1673564,-0.6136287,0.7055848,1.50986,-0.006481431,-2.757102,0.6368697,-0.08853417,0.7658712,-0.07621008,0.02741195,0.7379224,1.909836,0.09853301,-2.140596,0.05370545,0.9378154,-0.1045308,-0.3266369,9.263592,219.2068,9.860631,0.6573597,0.03637991,-0.7526979,0.0,0.0,0.0,1.402085,-0.005674759,-2.765359,-0.1201009,0.03578311,0.8209234,-0.7808485,0.1690188,0.6014224,0.03244438,0.9723781,-0.2311454,-0.6238779,-0.1609767,-0.7647637,moving,51.5079,15.25539,-8.323308,2.495878
3795,05/08/2023 17:08:56.473217,4036,True,True,True,True,Eyes,2.047295,0.1111202,-2.316562,-0.7633166,-0.1670529,-0.6240523,0.705044,1.509123,-0.006659441,-2.756546,0.5876549,-0.1003901,0.8028596,-0.07858303,0.04365403,0.7366787,1.898459,0.09855073,-2.13355,0.04937788,0.9389243,-0.1140836,-0.3208867,10.51787,218.6332,9.716642,0.6578091,0.03633757,-0.7523073,0.0,0.0,0.0,1.405005,-0.005659262,-2.765455,-0.1138122,0.03751831,0.8181122,-0.7891874,0.1659399,0.59131,0.01950839,0.9690935,-0.245921,-0.6138428,-0.1825422,-0.7680336,moving,50.73215,14.98617,-7.919909,2.625723
3796,05/08/2023 17:08:56.493363,4037,True,True,True,True,Eyes,2.040114,0.1106994,-2.309078,-0.7547366,-0.1663602,-0.6345841,0.7044035,1.508475,-0.006485254,-2.756082,0.5445512,-0.08879813,0.8340137,-0.08087686,0.04689588,0.7337493,1.885634,0.1006132,-2.128858,0.05051897,0.9406617,-0.117434,-0.3143453,10.90437,217.9042,9.902802,0.6582072,0.03629589,-0.7519611,0.0,0.0,0.0,1.407898,-0.005643901,-2.76555,-0.1078843,0.03728119,0.8151802,-0.79727,0.1688721,0.5795197,0.02121289,0.9673142,-0.252692,-0.6032504,-0.1891704,-0.7747928,moving,49.94281,14.68988,-7.538945,2.618522
3797,05/08/2023 17:08:56.513102,4038,True,True,True,True,Eyes,2.032801,0.1103248,-2.301666,-0.7459222,-0.1662058,-0.6449617,0.7038971,1.507748,-0.006666936,-2.755652,0.4960093,-0.100888,0.8624363,-0.08278316,0.03977739,0.7333217,1.874781,0.1015848,-2.123384,0.05071279,0.9432605,-0.1128048,-0.3081608,10.46024,217.0715,9.67077,0.6585553,0.03625677,-0.751658,0.0,0.0,0.0,1.41071,-0.005628974,-2.765643,-0.1012767,0.03819474,0.8129336,-0.8049303,0.1651947,0.5699106,0.0261467,0.9694066,-0.2440639,-0.5927932,-0.1815532,-0.7846241,moving,49.15166,14.45064,-7.101424,2.689997
3798,05/08/2023 17:08:56.523229,4039,True,True,True,True,Eyes,2.025381,0.110034,-2.294345,-0.7367365,-0.1662039,-0.6554354,0.7033809,1.507174,-0.006870687,-2.755366,0.457801,-0.1144818,0.8816531,-0.08176315,0.04807873,0.7329371,1.864205,0.1024588,-2.117581,0.04581668,0.9453501,-0.1177611,-0.300577,11.25104,216.1882,9.236076,0.6588544,0.03622146,-0.7513967,0.0,0.0,0.0,1.41371,-0.005613048,-2.765742,-0.09530342,0.03803914,0.8101472,-0.8151087,0.1574181,0.55751,0.01583307,0.9680663,-0.2501937,-0.5790917,-0.195108,-0.7915717,moving,48.34221,14.22901,-6.709278,2.688256
3799,05/08/2023 17:08:56.542956,4040,True,True,True,True,Eyes,2.017841,0.1097883,-2.287085,-0.7274248,-0.1661019,-0.6657802,0.7029018,1.506533,-0.006965019,-2.755063,0.4150392,-0.120761,0.9017534,-0.08180633,0.05044877,0.7328457,1.853575,0.1042994,-2.112037,0.04204461,0.9475373,-0.1194741,-0.2934816,11.63836,215.3171,8.797871,0.659106,0.03619237,-0.7511768,0.0,0.0,0.0,1.416514,-0.005598163,-2.765834,-0.09024376,0.03979934,0.8079143,-0.8242016,0.1498045,0.5461229,0.009550778,0.9679164,-0.2510909,-0.5662158,-0.2017337,-0.799189,moving,47.53349,14.00845,-6.3735,2.820215
3800,05/08/2023 17:08:56.562798,4041,True,True,True,True,Eyes,2.0102,0.1095801,-2.279871,-0.7178772,-0.1659589,-0.676099,0.7024578,1.505921,-0.006999046,-2.754802,0.3742437,-0.1230256,0.9191335,-0.08359835,0.0480234,0.7332898,1.843085,0.1051253,-2.106143,0.041597,0.9496953,-0.1176883,-0.2872246,11.51595,214.524,8.605313,0.6593114,0.03617043,-0.7509971,0.0,0.0,0.0,1.419457,-0.005582543,-2.765931,-0.08669376,0.03853965,0.8052679,-0.8315433,0.1466149,0.5357608,0.01140299,0.9688383,-0.2474315,-0.5553427,-0.1996407,-0.807303,moving,46.71667,13.79146,-6.144699,2.740052
3801,05/08/2023 17:08:56.573517,4042,True,True,True,True,Eyes,2.002448,0.1094552,-2.272725,-0.7083261,-0.1656935,-0.6861631,0.7021136,1.505122,-0.006880477,-2.75449,0.3210135,-0.1151338,0.9400503,-0.08771473,0.04987857,0.7337049,1.833001,0.1057569,-2.100034,0.04195643,0.9508991,-0.1185833,-0.2827875,11.64177,214.0047,8.623739,0.6594726,0.03615621,-0.7508562,0.0,0.0,0.0,1.422319,-0.005567348,-2.766025,-0.08384971,0.03914493,0.803325,-0.836542,0.1468604,0.527854,0.01272492,0.9683554,-0.249251,-0.5477554,-0.201792,-0.8119386,moving,45.91054,13.5758,-5.958859,2.789738
3802,05/08/2023 17:08:56.593238,4043,True,True,True,True,Eyes,1.99458,0.1093935,-2.265647,-0.6986507,-0.1648732,-0.6962069,0.701714,1.504327,-0.006300338,-2.754185,0.2680119,-0.0764631,0.9603766,-0.09246242,0.04715769,0.7339454,1.822533,0.1075917,-2.094471,0.04577158,0.9521637,-0.117445,-0.2783811,11.42996,213.4922,8.953897,0.6595906,0.03615177,-0.7507528,0.0,0.0,0.0,1.425182,-0.00555215,-2.766119,-0.08167607,0.04487481,0.8014271,-0.8408179,0.152553,0.5193775,0.02177512,0.9682233,-0.2491376,-0.54088,-0.1981698,-0.8174214,moving,45.10038,13.32314,-5.81911,3.204852
3803,05/08/2023 17:08:56.613141,4044,True,True,True,True,Eyes,1.986621,0.109342,-2.258615,-0.6889794,-0.1638432,-0.706019,0.7015151,1.503292,-0.005596466,-2.753898,0.1990267,-0.02954213,0.9795486,-0.09767714,0.03824341,0.7344438,1.812126,0.108801,-2.089108,0.05159707,0.9537327,-0.1118281,-0.2742744,10.66141,212.9633,9.356046,0.6596661,0.03615828,-0.7506863,0.0,0.0,0.0,1.428096,-0.005536681,-2.766215,-0.07920665,0.04761916,0.7997763,-0.8442231,0.1597628,0.5116288,0.03707644,0.9696645,-0.2416117,-0.5347089,-0.1850047,-0.8245365,moving,44.30018,13.06516,-5.655902,3.407402
3804,05/08/2023 17:08:56.623192,4045,True,True,True,True,Eyes,1.978548,0.1093045,-2.251605,-0.6791474,-0.163054,-0.7156621,0.7015733,1.502076,-0.005089827,-2.753694,0.1179697,0.00423537,0.9930082,-0.102164,0.03521988,0.7354534,1.801923,0.1089244,-2.083126,0.05581895,0.9550346,-0.1092146,-0.2699358,10.2808,212.4389,9.68793,0.6597007,0.0361751,-0.7506552,0.0,0.0,0.0,1.431137,-0.00552054,-2.766315,-0.07714918,0.04644812,0.7982185,-0.848038,0.1655799,0.5034037,0.04765617,0.9699128,-0.2387426,-0.5277887,-0.1784725,-0.8304138,moving,43.5004,12.83498,-5.520587,3.330271
3805,05/08/2023 17:08:56.643605,4046,True,True,True,True,Eyes,1.970407,0.109321,-2.244643,-0.6693821,-0.1624998,-0.7249286,0.7020735,1.500452,-0.004765764,-2.753596,0.009663226,0.02583781,0.9996194,-0.1068403,0.03919305,0.7366356,1.791845,0.1090446,-2.077045,0.05706873,0.9557768,-0.1109332,-0.2663228,10.46631,212.0446,9.847334,0.6596957,0.03620182,-0.7506585,0.0,0.0,0.0,1.433854,-0.005506119,-2.766404,-0.07690185,0.05013029,0.796583,-0.8516306,0.168178,0.4964286,0.05000183,0.968874,-0.2424522,-0.5217519,-0.1816574,-0.833532,moving,42.71866,12.63455,-5.514227,3.60097
3806,05/08/2023 17:08:56.663106,4047,True,True,True,True,Eyes,1.962198,0.1094035,-2.237747,-0.6593949,-0.1621194,-0.7341088,0.7028034,1.498773,-0.004534617,-2.753681,-0.1022322,0.04124606,0.9939051,-0.1119851,0.04338214,0.7381079,1.782009,0.110608,-2.071226,0.05822769,0.9562687,-0.1137322,-0.2631062,10.77058,211.7158,10.03677,0.6596527,0.03623934,-0.7506947,0.0,0.0,0.0,1.436749,-0.005490747,-2.7665,-0.07724732,0.05656464,0.7951539,-0.8547695,0.1712099,0.4899557,0.05151534,0.9673491,-0.2481572,-0.5164452,-0.1868769,-0.8356804,moving,41.93097,12.45323,-5.548738,4.068979
3807,05/08/2023 17:08:56.673252,4048,True,True,True,True,Eyes,1.953936,0.1095416,-2.230911,-0.6493821,-0.1616648,-0.7430796,0.7039986,1.496772,-0.004270226,-2.754038,-0.2356295,0.05886615,0.9700586,-0.1151268,0.04295962,0.7401662,1.772109,0.1122227,-2.065878,0.06046647,0.9573659,-0.1136588,-0.258604,10.73999,211.1966,10.23434,0.6595726,0.03628887,-0.7507626,0.0,0.0,0.0,1.43968,-0.005475193,-2.766596,-0.07329172,0.04454307,0.7946743,-0.8589355,0.1745623,0.4814124,0.05699181,0.9668509,-0.2488999,-0.5089025,-0.1863524,-0.8404114,moving,41.15042,12.27403,-5.269404,3.208185
3808,05/08/2023 17:08:56.693354,4049,True,True,True,True,Eyes,1.945608,0.1097396,-2.22413,-0.6390327,-0.1615562,-0.7520218,0.7055015,1.49477,-0.004238501,-2.754682,-0.3691762,0.06099527,0.9273556,-0.1175042,0.04100628,0.7430401,1.762541,0.113474,-2.060392,0.06060022,0.9588185,-0.1122141,-0.253777,10.62779,210.5962,10.1477,0.659457,0.0363512,-0.7508612,0.0,0.0,0.0,1.442609,-0.005459641,-2.766693,-0.07184075,0.04917017,0.7946346,-0.8638501,0.173164,0.4730518,0.0592545,0.9674712,-0.2459439,-0.5002526,-0.1844281,-0.8460107,moving,40.35632,12.12452,-5.165911,3.540817
3809,05/08/2023 17:08:56.713106,4050,True,True,True,True,Eyes,1.937233,0.1100063,-2.217426,-0.6286526,-0.1613332,-0.7607676,0.7079695,1.492166,-0.004212759,-2.756027,-0.5426919,0.06270257,0.8375881,-0.1195744,0.0431899,0.7466041,1.752837,0.1150712,-2.055025,0.05891164,0.9600071,-0.1134897,-0.2490702,10.8685,210.0376,9.947375,0.6593067,0.03642719,-0.7509893,0.0,0.0,0.0,1.445437,-0.005444631,-2.766786,-0.07154238,0.0668792,0.7941408,-0.8689871,0.169645,0.4648466,0.05657739,0.967299,-0.2472481,-0.4915901,-0.1885556,-0.8501684,moving,39.56828,11.97313,-5.147754,4.813851
3810,05/08/2023 17:08:56.723156,4051,True,True,True,True,Eyes,1.928764,0.1103253,-2.210788,-0.6178862,-0.1609813,-0.7696114,0.0,0.0,0.0,0.0,0.0,0.0,0.0,2.43891,-0.7150435,-0.8921638,1.743247,0.1169673,-2.050105,0.05892505,0.9615177,-0.1116917,-0.2440014,10.72128,209.4035,9.834475,0.6591226,0.03651791,-0.7511463,0.0,0.0,0.0,1.448448,-0.005428644,-2.766885,-0.07242662,0.04966776,0.7940139,-0.8739824,0.1678208,0.4560604,0.05880908,0.9681056,-0.2435427,-0.4823862,-0.1860316,-0.8559767,moving,38.75941,11.81434,-5.211858,3.579345
3811,05/08/2023 17:08:56.742867,4052,True,True,True,True,Eyes,1.920242,0.1106782,-2.204236,-0.6070174,-0.160535,-0.7783049,0.0,0.0,0.0,0.0,0.0,0.0,0.0,2.416464,-0.7104475,-0.9263849,1.733376,0.1182827,-2.045395,0.06004076,0.9633182,-0.1081115,-0.2381702,10.35181,208.663,9.784372,0.6589047,0.03662384,-0.7513318,0.0,0.0,0.0,1.451212,-0.005413973,-2.766976,-0.07516098,0.04207256,0.7946652,-0.8793402,0.1671746,0.4458851,0.06417886,0.9694141,-0.2368914,-0.4718495,-0.1796917,-0.8631738,moving,37.95147,11.65452,-5.403073,3.030625
3812,05/08/2023 17:08:56.762897,4053,True,True,True,True,Eyes,1.911669,0.1110614,-2.197772,-0.5957891,-0.1602001,-0.7870014,0.0,0.0,0.0,0.0,0.0,0.0,0.0,2.392248,-0.7092725,-0.9610753,1.723472,0.1194305,-2.040823,0.06072875,0.9650328,-0.1063574,-0.2317587,10.20252,207.88,9.740386,0.6586535,0.03674474,-0.7515456,0.0,0.0,0.0,1.454095,-0.005398667,-2.767071,-0.07879877,0.04916818,0.7940344,-0.8852001,0.166509,0.4343916,0.06791193,0.9700003,-0.2334256,-0.4602274,-0.177128,-0.8699523,moving,37.12706,11.50579,-5.667391,3.543344
3813,05/08/2023 17:08:56.773599,4054,True,True,True,True,Eyes,1.903038,0.1114663,-2.191402,-0.5844031,-0.159779,-0.7955776,0.0,0.0,0.0,0.0,0.0,0.0,0.0,2.365107,-0.7125622,-0.9980962,1.713584,0.1204994,-2.036366,0.06228229,0.9667662,-0.1049135,-0.2246712,10.07096,207.0315,9.79882,0.6583694,0.03688031,-0.7517872,0.0,0.0,0.0,1.45706,-0.005382927,-2.767168,-0.08328372,0.03956956,0.7935317,-0.8912875,0.1675669,0.4213405,0.07328273,0.9702281,-0.2308398,-0.4474775,-0.1748676,-0.8770319,moving,36.29968,11.35587,-5.991443,2.854697
3814,05/08/2023 17:08:56.793189,4055,True,True,True,True,Eyes,1.894353,0.1118746,-2.185112,-0.5726176,-0.1595942,-0.8041385,0.0,0.0,0.0,0.0,0.0,0.0,0.0,2.335952,-0.7167617,-1.037174,1.703464,0.1213915,-2.032148,0.0643299,0.9685326,-0.1032085,-0.2171503,9.903143,206.1343,9.903979,0.6580523,0.03702997,-0.7520565,0.0,0.0,0.0,1.459984,-0.005367409,-2.767264,-0.08750221,0.02765517,0.7930232,-0.8974148,0.1694347,0.4073555,0.07978768,0.9704193,-0.2278602,-0.4339131,-0.1719831,-0.8843874,moving,35.45422,11.2254,-6.296547,1.997271
3815,05/08/2023 17:08:56.813140,4056,True,True,True,True,Eyes,1.885593,0.1123,-2.178912,-0.5606049,-0.1595092,-0.8125755,0.0,0.0,0.0,0.0,0.0,0.0,0.0,2.303559,-0.7263902,-1.076936,1.693384,0.1218814,-2.027661,0.06643956,0.9701996,-0.1033755,-0.2088355,9.952971,205.1736,10.0627,0.6577048,0.03719201,-0.7523528,0.0,0.0,0.0,1.462775,-0.005352594,-2.767356,-0.09165838,0.03191683,0.7924572,-0.9039473,0.1720962,0.3914877,0.08574232,0.9697986,-0.2283396,-0.4189606,-0.1728398,-0.8914028,moving,34.60223,11.10599,-6.597713,2.306385
3816,05/08/2023 17:08:56.829678,4057,True,True,True,True,Eyes,1.876741,0.1127228,-2.172792,-0.5482202,-0.1596406,-0.8209564,0.0,0.0,0.0,0.0,0.0,0.0,0.0,2.267833,-0.7393277,-1.118563,1.682679,0.1227149,-2.023459,0.06905326,0.9718348,-0.103898,-0.1999348,10.03974,204.156,10.28215,0.6573237,0.0373669,-0.7526775,0.0,0.0,0.0,1.465743,-0.005336836,-2.767454,-0.09475812,0.03015871,0.7914512,-0.9105155,0.1757624,0.3742581,0.09267108,0.9688737,-0.2295558,-0.4029561,-0.1743312,-0.8984625,moving,33.7343,11.00423,-6.827356,2.182233
3817,05/08/2023 17:08:56.843457,4058,True,True,True,True,Eyes,1.867798,0.1131323,-2.166753,-0.5356469,-0.1597757,-0.8291889,0.0,0.0,0.0,0.0,0.0,0.0,0.0,2.231732,-0.7468436,-1.161245,1.671665,0.123042,-2.01923,0.0715216,0.9735308,-0.1031647,-0.1909961,9.994135,203.1161,10.45237,0.6569089,0.03755325,-0.7530305,0.0,0.0,0.0,1.468557,-0.005321901,-2.767546,-0.09573704,0.02882747,0.7912838,-0.9168102,0.178665,0.357124,0.09984884,0.9684834,-0.2281887,-0.386638,-0.1735474,-0.905755,moving,32.86201,10.9066,-6.898656,2.086435
3818,05/08/2023 17:08:56.863067,4059,True,True,True,True,Eyes,1.858764,0.1135201,-2.160783,-0.5227356,-0.1600714,-0.8373318,0.0,0.0,0.0,0.0,0.0,0.0,0.0,2.197193,-0.7502034,-1.200736,1.66041,0.123128,-2.014971,0.07298084,0.9750943,-0.1025985,-0.1825884,9.987622,202.1336,10.51888,0.6564605,0.03774952,-0.7534119,0.0,0.0,0.0,1.471492,-0.005306317,-2.767643,-0.09255311,0.03159098,0.7911329,-0.9226707,0.179793,0.3411063,0.1048598,0.9682947,-0.2267372,-0.3710572,-0.1734354,-0.9122702,moving,31.97601,10.82257,-6.672592,2.286681
3819,05/08/2023 17:08:56.872757,4060,True,True,True,True,Eyes,1.84964,0.1138797,-2.154902,-0.509646,-0.1601994,-0.8453385,0.0,0.0,0.0,0.0,0.0,0.0,0.0,2.162543,-0.7502221,-1.240267,1.649233,0.1229916,-2.010619,0.07368644,0.9766678,-0.1020398,-0.1740071,10.0015,201.1253,10.49879,0.6559783,0.03795407,-0.7538218,0.0,0.0,0.0,1.474433,-0.005290709,-2.76774,-0.08814245,0.02793507,0.7903876,-0.9285839,0.1794456,0.3248564,0.108423,0.9683164,-0.2249618,-0.3549322,-0.173674,-0.9186192,moving,31.08535,10.73083,-6.36322,2.024191
3820,05/08/2023 17:08:56.893161,4061,True,True,True,True,Eyes,1.840424,0.1141586,-2.149087,-0.4962118,-0.1603076,-0.8532733,0.0,0.0,0.0,0.0,0.0,0.0,0.0,2.131133,-0.7366679,-1.280686,1.637836,0.122665,-2.00674,0.0726891,0.9784364,-0.09940902,-0.1658207,9.812478,200.1192,10.24238,0.6554616,0.03816539,-0.7542607,0.0,0.0,0.0,1.477257,-0.005275713,-2.767833,-0.08352011,0.02410651,0.7897842,-0.9344398,0.1752115,0.3100381,0.1092752,0.9696683,-0.2186375,-0.3389419,-0.1704241,-0.9252429,moving,30.17968,10.64034,-6.036624,1.748291
3821,05/08/2023 17:08:56.913299,4062,True,True,True,True,Eyes,1.831133,0.1143383,-2.143332,-0.4826101,-0.160394,-0.8610233,0.0,0.0,0.0,0.0,0.0,0.0,0.0,2.099757,-0.717196,-1.321718,1.626572,0.1209895,-2.002476,0.07069778,0.9802625,-0.09656349,-0.1573624,9.617204,199.0722,9.869494,0.6549105,0.03838002,-0.7547285,0.0,0.0,0.0,1.480118,-0.005260529,-2.767927,-0.07947391,0.02268096,0.7888705,-0.9404778,0.1689957,0.2948592,0.1082138,0.9713546,-0.2115654,-0.3221665,-0.1670648,-0.9318252,moving,29.27096,10.55228,-5.752792,1.646868
3822,05/08/2023 17:08:56.923601,4063,True,True,True,True,Eyes,1.821757,0.1144249,-2.137636,-0.4689149,-0.1606507,-0.8685104,0.0,0.0,0.0,0.0,0.0,0.0,0.0,2.068465,-0.7016106,-1.358253,1.615365,0.1188313,-1.998031,0.06801426,0.9818042,-0.09582688,-0.14917,9.664297,198.0804,9.46683,0.6543241,0.03859475,-0.7552263,0.0,0.0,0.0,1.483197,-0.005244183,-2.768028,-0.07604185,0.02500054,0.7877761,-0.9462447,0.1621423,0.2798762,0.1049644,0.9723825,-0.2084578,-0.3059466,-0.1678751,-0.937131,moving,28.36493,10.47971,-5.513522,1.817706
3823,05/08/2023 17:08:56.943238,4064,True,True,True,True,Eyes,1.812294,0.1144303,-2.131999,-0.4550323,-0.1609461,-0.8758093,0.0,0.0,0.0,0.0,0.0,0.0,0.0,2.033492,-0.6935554,-1.394629,1.603954,0.1167576,-1.993689,0.0660514,0.9831643,-0.09645751,-0.1404319,9.852696,197.0497,9.167429,0.653704,0.03880582,-0.7557523,0.0,0.0,0.0,1.485899,-0.005229841,-2.768117,-0.07271084,0.02821191,0.786804,-0.9518322,0.1569702,0.2633929,0.1027873,0.9726663,-0.2082186,-0.2888775,-0.1711157,-0.9419497,moving,27.45442,10.41298,-5.279873,2.053537
3824,05/08/2023 17:08:56.963094,4065,True,True,True,True,Eyes,1.812294,0.1144303,-2.131999,-0.4550323,-0.1609461,-0.8758093,0.0,0.0,0.0,0.0,0.0,0.0,0.0,1.997256,-0.6858274,-1.430632,1.592284,0.1148508,-1.989356,0.0646274,0.9844593,-0.09652679,-0.1317033,9.964044,196.0188,8.917374,0.6530486,0.03901139,-0.7563082,0.0,0.0,0.0,1.488781,-0.005214539,-2.768212,-0.06795669,0.02487091,0.785901,-0.9569553,0.1526719,0.2468365,0.1018203,0.9730117,-0.2070767,-0.2717896,-0.1730301,-0.9466739,moving,27.45442,10.41298,-4.942061,1.812598
3825,05/08/2023 17:08:56.973146,4066,True,True,True,True,Eyes,1.812294,0.1144303,-2.131999,-0.4550323,-0.1609461,-0.8758093,0.0,0.0,0.0,0.0,0.0,0.0,0.0,1.960522,-0.6759239,-1.466108,1.580397,0.112186,-1.984881,0.06432858,0.9857174,-0.09501739,-0.1232672,9.8728,195.0152,8.772014,0.6524588,0.03919628,-0.7568078,0.0,0.0,0.0,1.49177,-0.005198674,-2.76831,-0.06395331,0.02592392,0.7849308,-0.961334,0.1502446,0.2307885,0.1033946,0.973667,-0.2031798,-0.2552379,-0.1714614,-0.9515538,moving,27.45442,10.41298,-4.657963,1.891621
3826,05/08/2023 17:08:56.992954,4067,True,True,True,True,Eyes,1.812294,0.1144303,-2.131999,-0.4550323,-0.1609461,-0.8758093,0.0,0.0,0.0,0.0,0.0,0.0,0.0,1.922099,-0.6691418,-1.500156,1.568067,0.1089466,-1.980398,0.06534786,0.986815,-0.09329955,-0.1149845,9.736121,194.0415,8.779178,0.6519271,0.03936278,-0.7572575,0.0,0.0,0.0,1.494589,-0.005183712,-2.768403,-0.06143746,0.03436585,0.784148,-0.9650168,0.1504285,0.2147429,0.1075165,0.9740497,-0.1991667,-0.2391306,-0.1691108,-0.9561479,moving,27.45442,10.41298,-4.479933,2.509423
3827,05/08/2023 17:08:57.013214,4068,True,True,True,True,Eyes,1.812294,0.1144303,-2.131999,-0.4550323,-0.1609461,-0.8758093,0.0,0.0,0.0,0.0,0.0,0.0,0.0,1.883051,-0.6634283,-1.532499,1.555769,0.1053454,-1.975614,0.06601453,0.9877909,-0.09243063,-0.1066203,9.702203,193.0661,8.760555,0.6514485,0.03951256,-0.7576616,0.0,0.0,0.0,1.497512,-0.005168194,-2.768499,-0.06089434,0.03949994,0.7830067,-0.9685487,0.1501271,0.1984335,0.1107071,0.9741973,-0.1966812,-0.2228405,-0.1685273,-0.9601777,moving,27.45442,10.41298,-4.446936,2.887923
3828,05/08/2023 17:08:57.023353,4069,True,True,True,True,Eyes,1.800805,0.1138248,-2.125674,-0.439111,-0.1616171,-0.8837768,0.0,0.0,0.0,0.0,0.0,0.0,0.0,1.845382,-0.6643699,-1.558587,1.543325,0.1022905,-1.97071,0.06645413,0.9884398,-0.09361298,-0.09903178,9.898276,192.2022,8.753188,0.6510181,0.03964714,-0.7580245,0.0,0.0,0.0,1.500307,-0.005153358,-2.768591,-0.05956197,0.0414807,0.7823881,-0.9715532,0.1499131,0.183332,0.1128305,0.9736409,-0.1982237,-0.2082158,-0.1718994,-0.9628588,moving,26.42082,10.36323,-4.35344,3.03487
3919,05/08/2023 17:08:58.547800,4160,True,True,True,True,Eyes,0.6498295,0.1012808,-2.021014,0.7225629,-0.1535949,-0.6740263,0.0,0.0,0.0,0.0,0.0,0.0,0.0,-1.294621,-0.1588549,-1.684133,0.3742879,0.08267348,-2.095388,0.1227135,0.9096742,-0.04821711,0.3938395,10.62514,134.1934,10.86591,0.3542943,0.04906461,-0.9338455,-0.5295023,-0.006777057,-0.1356757,1.500307,-0.005153358,-2.768591,-0.168674,0.09799337,0.95507,-0.659664,0.185279,-0.728365,0.2612382,0.965233,0.008935126,0.7046975,-0.1843826,-0.6851314,moving,-46.99044,12.83717,-10.01568,5.858238
3920,05/08/2023 17:08:58.563009,4161,True,True,True,True,Eyes,0.6379337,0.1005421,-2.024763,0.7288409,-0.1553954,-0.6668158,0.0,0.0,0.0,0.0,0.0,0.0,0.0,-1.321641,-0.1654641,-1.666623,0.360994,0.08141401,-2.101143,0.1226321,0.9079373,-0.05152082,0.3974377,11.01305,133.75,10.66939,0.3486252,0.04891909,-0.9359844,-0.5333018,-0.008919203,-0.1385801,1.498163,-0.006967745,-2.768348,-0.1710709,0.0872765,0.959155,-0.6540093,0.1817319,-0.7343332,0.2636372,0.964614,0.003921894,0.7090608,-0.1910326,-0.6787779,moving,-47.54464,13.11814,-10.1127,5.199204
3921,05/08/2023 17:08:58.572889,4162,True,True,True,True,Eyes,0.6259594,0.09984455,-2.028606,0.7353001,-0.157065,-0.6592907,0.0,0.0,0.0,0.0,0.0,0.0,0.0,-1.353169,-0.1573663,-1.646504,0.3477711,0.08347059,-2.106868,0.1286028,0.9050931,-0.05226754,0.4019152,11.41938,133.2376,11.22333,0.342878,0.04874907,-0.9381138,-0.5369912,-0.01060034,-0.1415134,1.495977,-0.008817991,-2.768099,-0.1724623,0.07750155,0.9631584,-0.643851,0.1907808,-0.7409849,0.2748092,0.9614589,0.008760862,0.7140979,-0.1979888,-0.6714645,moving,-48.11971,13.39998,-10.15175,4.600453
3922,05/08/2023 17:08:58.592897,4163,True,True,True,True,Eyes,0.6138625,0.09920188,-2.032505,0.7411463,-0.159352,-0.6521572,0.0,0.0,0.0,0.0,0.0,0.0,0.0,-1.397057,-0.12378,-1.617488,0.3337528,0.0837045,-2.113045,0.1322325,0.900917,-0.04736806,0.410633,11.18324,132.1454,11.7252,0.3370521,0.04855847,-0.9402325,-0.5406946,-0.01205689,-0.1445511,1.493841,-0.01062545,-2.767857,-0.1747859,0.07353579,0.966372,-0.6277903,0.1993592,-0.7524197,0.2771627,0.9605416,0.02324866,0.7273653,-0.1939474,-0.6582736,moving,-48.65446,13.73095,-10.25214,4.351519
3923,05/08/2023 17:08:58.612892,4164,True,True,True,True,Eyes,0.6016719,0.09879962,-2.036461,0.7466618,-0.1629439,-0.6449384,0.0,0.0,0.0,0.0,0.0,0.0,0.0,-1.430424,-0.1675297,-1.58807,0.3186357,0.08464283,-2.118361,0.1347455,0.897949,-0.06049933,0.4145733,12.73102,131.7049,11.34178,0.3311435,0.04835168,-0.9423404,-0.5445436,-0.01326149,-0.1475761,1.49182,-0.01233546,-2.767627,-0.1782917,0.07212849,0.9690651,-0.6199453,0.1918263,-0.7608355,0.292152,0.956367,0.003073103,0.7282274,-0.2203744,-0.6489376,moving,-49.18078,14.17907,-10.42488,4.256733
3924,05/08/2023 17:08:58.623352,4165,True,True,True,True,Eyes,0.5895028,0.09865411,-2.040557,0.7520452,-0.1656159,-0.637965,0.0,0.0,0.0,0.0,0.0,0.0,0.0,-1.465101,-0.2069849,-1.556132,0.3041726,0.09029533,-2.123731,0.1452893,0.8937023,-0.07417565,0.4179538,14.71613,131.4005,11.79388,0.3251514,0.04814269,-0.9444355,-0.5484427,-0.01367259,-0.1505897,1.4896,-0.01421439,-2.767375,-0.1830893,0.07184997,0.9714442,-0.6084116,0.1976867,-0.7686064,0.3216947,0.9467781,-0.01113347,0.7254987,-0.2540303,-0.6396254,moving,-49.69183,14.55276,-10.6734,4.23001
3925,05/08/2023 17:08:58.645064,4166,True,True,True,True,Eyes,0.5772705,0.09858342,-2.044712,0.7575097,-0.1680843,-0.6308144,0.0,0.0,0.0,0.0,0.0,0.0,0.0,-1.497652,-0.1707244,-1.537719,0.2923963,0.09615892,-2.131184,0.1458575,0.8912815,-0.06602913,0.4242441,13.9727,130.5841,12.13376,0.3190856,0.04794507,-0.9465121,-0.5520437,-0.01328877,-0.1538417,1.487593,-0.01591318,-2.767147,-0.1882664,0.07481814,0.9737457,-0.5974853,0.2039752,-0.7755036,0.3160251,0.9487315,0.006057262,0.7369803,-0.2414594,-0.6313143,moving,-50.21424,14.92015,-10.94269,4.393712
3926,05/08/2023 17:08:58.663282,4167,True,True,True,True,Eyes,0.5650375,0.09860536,-2.048977,0.7627654,-0.170248,-0.6238626,0.0,0.0,0.0,0.0,0.0,0.0,0.0,-1.53003,-0.16548,-1.511566,0.2785494,0.09788597,-2.136829,0.1433746,0.888826,-0.06564803,0.4302585,13.891,129.7805,11.79177,0.3129477,0.04776149,-0.9485684,-0.5556178,-0.01270352,-0.1570767,1.485425,-0.01774794,-2.766901,-0.1929574,0.07783538,0.9759563,-0.5886427,0.1983788,-0.7836744,0.3113613,0.9502681,0.006676908,0.7460254,-0.2400756,-0.621136,moving,-50.72041,15.26398,-11.18377,4.559855
3927,05/08/2023 17:08:58.673221,4168,True,True,True,True,Eyes,0.5528708,0.09870379,-2.053346,0.7679803,-0.1719459,-0.6169611,0.0,0.0,0.0,0.0,0.0,0.0,0.0,-1.560681,-0.1825357,-1.485799,0.2661716,0.1000909,-2.143776,0.1423918,0.8862708,-0.07091629,0.4349938,14.45273,129.1599,11.35756,0.3067447,0.04759526,-0.9506007,-0.5589796,-0.01187546,-0.1604452,1.48327,-0.01957142,-2.766656,-0.1978653,0.07797799,0.9776602,-0.5810104,0.1906991,-0.7912404,0.3140917,0.9493909,-0.001823001,0.7508488,-0.2495811,-0.6115029,moving,-51.22316,15.57306,-11.44135,4.560246
3928,05/08/2023 17:08:58.693484,4169,True,True,True,True,Eyes,0.2506597,0.1003952,-2.163977,0.8794359,-0.1866801,-0.4378848,0.0,0.0,0.0,0.0,0.0,0.0,0.0,-1.579647,-0.1791259,-1.474403,0.2555411,0.1019778,-2.150706,0.1369406,0.8858827,-0.06887186,0.4378536,14.00134,128.7314,10.8301,0.3004905,0.04744853,-0.9526036,-0.5619413,-0.01086764,-0.1639277,1.481193,-0.02132976,-2.76642,-0.2037764,0.07927942,0.9793046,-0.5790631,0.1823149,-0.7946366,0.3029381,0.9530079,-0.002104939,0.7569113,-0.2419446,-0.6070818,moving,-63.53057,23.08964,-11.75453,4.628276
3929,05/08/2023 17:08:58.712765,4170,True,True,True,True,Eyes,0.2502239,0.1003492,-2.164208,0.8795487,-0.1867167,-0.4376425,0.0,0.0,0.0,0.0,0.0,0.0,0.0,-1.600315,-0.1612498,-1.461966,0.2446456,0.1014852,-2.15736,0.1330886,0.8850051,-0.064464,0.4414724,13.39198,128.2225,10.58207,0.2019882,0.04677389,-0.9782701,-1.434858,-0.005141245,-0.485985,1.479133,-0.02307309,-2.766186,-0.2104468,0.08373591,0.9803426,-0.5747792,0.1786501,-0.7985694,0.2924864,0.9562636,0.003408002,0.7642518,-0.2316118,-0.6018931,moving,-63.54615,23.10514,-12.11562,4.882067
3930,05/08/2023 17:08:58.723032,4171,True,True,True,True,Eyes,0.2494188,0.1002363,-2.164648,0.8795916,-0.1869273,-0.4374664,0.0,0.0,0.0,0.0,0.0,0.0,0.0,-1.620659,-0.1650148,-1.445756,0.2337132,0.100361,-2.163166,0.1311846,0.8836831,-0.0662468,0.4444166,13.51404,127.8204,10.24713,0.1243736,0.04592304,-0.9911718,-1.348767,-0.004832771,-0.4568259,1.476857,-0.02499912,-2.765928,-0.2173631,0.08819443,0.981341,-0.5705687,0.1729688,-0.8028279,0.2907335,0.9568039,-0.0004811293,0.7680657,-0.2336836,-0.5962102,moving,-63.55647,23.13679,-12.48915,5.135452
3931,05/08/2023 17:08:58.745354,4172,True,True,True,True,Eyes,0.2482345,0.1001253,-2.165297,0.8797094,-0.18772,-0.4368896,0.0,0.0,0.0,0.0,0.0,0.0,0.0,-1.642495,-0.1701593,-1.42791,0.2235396,0.09883476,-2.169316,0.1330382,0.8816196,-0.06995845,0.4473853,14.02777,127.4477,10.21066,0.06573442,0.04509965,-0.9968171,-1.267841,-0.004542804,-0.4294163,1.474899,-0.02665587,-2.765705,-0.2249422,0.09473568,0.9820527,-0.5642946,0.1719814,-0.8074616,0.297175,0.9548133,-0.004314821,0.770233,-0.2423922,-0.5899047,moving,-63.58966,23.25193,-12.90122,5.510102
3932,05/08/2023 17:08:58.763064,4173,True,True,True,True,Eyes,0.2467333,0.100056,-2.166187,0.8799823,-0.1887671,-0.4358878,0.0,0.0,0.0,0.0,0.0,0.0,0.0,-1.670682,-0.1650816,-1.402767,0.2132103,0.09888116,-2.175075,0.1402182,0.877912,-0.0733633,0.4519149,14.80597,126.922,10.72344,0.02323113,0.04440621,-0.9987431,-1.19177,-0.004270236,-0.4036514,1.47282,-0.02841539,-2.765469,-0.2345676,0.0982203,0.9818338,-0.5522235,0.1798905,-0.8140568,0.3125064,0.9499134,-0.002079679,0.7729093,-0.2555465,-0.5807815,moving,-63.64909,23.41568,-13.43654,5.712726
3933,05/08/2023 17:08:58.773389,4174,True,True,True,True,Eyes,0.2449303,0.1,-2.167304,0.8805579,-0.1900361,-0.4341705,0.0,0.0,0.0,0.0,0.0,0.0,0.0,-1.706582,-0.1493062,-1.369964,0.2040909,0.09983753,-2.181718,0.1469398,0.8728968,-0.07431884,0.4592785,15.3502,126.0194,11.25787,-0.006145376,0.0438793,-0.9990176,-1.120264,-0.004014022,-0.3794323,1.47073,-0.03018473,-2.765232,-0.2447114,0.09922539,0.9818261,-0.5349441,0.1882605,-0.8236462,0.3247927,0.9457708,0.005227275,0.7799646,-0.264718,-0.5670801,moving,-63.7538,23.63896,-13.99531,5.770837
3934,05/08/2023 17:08:58.792901,4175,True,True,True,True,Eyes,0.242835,0.09989828,-2.168646,0.8813694,-0.1913997,-0.4319192,0.0,0.0,0.0,0.0,0.0,0.0,0.0,-1.745943,-0.1425685,-1.329869,0.1949322,0.1001608,-2.188416,0.1488126,0.8675955,-0.07606057,0.4683457,15.74587,124.8317,11.20166,-0.02516662,0.04351621,-0.9987354,-1.053048,-0.00377318,-0.3566663,1.468534,-0.03204313,-2.764982,-0.2544659,0.1040362,0.9816353,-0.5170141,0.186973,-0.8353067,0.3294636,0.9441392,0.007411891,0.7900316,-0.2713711,-0.5497342,moving,-63.89262,23.89994,-14.5327,6.049769
3935,05/08/2023 17:08:58.812896,4176,True,True,True,True,Eyes,0.2404502,0.09976359,-2.170189,0.8823331,-0.1932394,-0.4291234,0.0,0.0,0.0,0.0,0.0,0.0,0.0,-1.782869,-0.1520223,-1.289232,0.18568,0.09904887,-2.19535,0.1486786,0.86263,-0.08126206,0.476614,16.37499,123.7095,10.75546,-0.03620287,0.04329353,-0.9984059,-0.9898652,-0.00354679,-0.3352664,1.46643,-0.03382349,-2.764743,-0.2635733,0.1107575,0.9808974,-0.5014676,0.179048,-0.8464468,0.3339705,0.9425824,0.001526443,0.798119,-0.2819227,-0.5324713,moving,-64.064,24.24261,-15.04046,6.442235
3936,05/08/2023 17:08:58.822933,4177,True,True,True,True,Eyes,0.2378338,0.09970038,-2.17192,0.8833663,-0.195288,-0.4260595,0.0,0.0,0.0,0.0,0.0,0.0,0.0,-1.815972,-0.1698433,-1.249894,0.1762868,0.0982627,-2.201842,0.1492102,0.8579184,-0.08867078,0.4835802,17.24479,122.7443,10.26933,-0.04119899,0.04318229,-0.9982171,-0.9304733,-0.003333982,-0.3151504,1.46427,-0.03565121,-2.764498,-0.2699115,0.1103866,0.9813378,-0.4877727,0.1702615,-0.8562058,0.3417792,0.9397476,-0.007834371,0.8032835,-0.2964547,-0.516575,moving,-64.25136,24.62476,-15.37862,6.417985
3937,05/08/2023 17:08:58.848865,4178,True,True,True,True,Eyes,0.2350203,0.09973966,-2.173857,0.8847,-0.1973343,-0.4223329,0.0,0.0,0.0,0.0,0.0,0.0,0.0,-1.846935,-0.1855018,-1.212215,0.1679603,0.1000598,-2.208354,0.1516729,0.853137,-0.09575857,0.4898805,18.17941,121.874,9.99967,-0.04171015,0.04315837,-0.998197,-0.8746449,-0.003133943,-0.2962413,1.462119,-0.03747175,-2.764254,-0.2757278,0.1083346,0.9814522,-0.4740247,0.164975,-0.8649183,0.352616,0.9356512,-0.01478714,0.8068224,-0.3119935,-0.5016946,moving,-64.4814,25.04425,-15.6921,6.298922
3938,05/08/2023 17:08:58.862895,4179,True,True,True,True,Eyes,0.2320124,0.09980267,-2.176045,0.8862587,-0.197518,-0.4189655,0.0,0.0,0.0,0.0,0.0,0.0,0.0,-1.88306,-0.1764174,-1.169278,0.1603088,0.102581,-2.215406,0.1519604,0.8476515,-0.09583683,0.4992098,18.31208,120.5963,9.821041,-0.03896537,0.0432018,-0.998306,-0.8221663,-0.002945906,-0.2784669,1.46008,-0.03919803,-2.764022,-0.2834893,0.1148861,0.9801019,-0.4553953,0.1619335,-0.8754386,0.3533042,0.9354467,-0.01075224,0.817185,-0.3141926,-0.4832098,moving,-64.69826,25.24116,-16.13223,6.685615
3939,05/08/2023 17:08:58.878850,4180,True,True,True,True,Eyes,0.228783,0.09981581,-2.178438,0.8879029,-0.1979842,-0.4152478,0.0,0.0,0.0,0.0,0.0,0.0,0.0,-1.915419,-0.1723666,-1.130169,0.1526997,0.1027259,-2.223051,0.1465778,0.843415,-0.09456928,0.5081564,17.96833,119.3106,9.142439,-0.03392467,0.04329291,-0.998486,-0.7728363,-0.002769152,-0.2617588,1.457943,-0.0410063,-2.763779,-0.288052,0.1079198,0.9812469,-0.4405842,0.1511399,-0.8848969,0.3433638,0.9391432,-0.01055336,0.8294498,-0.3084912,-0.4656676,moving,-64.93581,25.49113,-16.35998,6.276298
3940,05/08/2023 17:08:58.893076,4181,True,True,True,True,Eyes,0.2253435,0.09984351,-2.181075,0.8894728,-0.1988503,-0.4114566,0.0,0.0,0.0,0.0,0.0,0.0,0.0,-1.940432,-0.1947659,-1.096759,0.1441051,0.1016439,-2.230469,0.1437456,0.8399442,-0.1011147,0.5134267,18.50981,118.4906,8.346294,-0.02733672,0.04341283,-0.9986829,-0.7264661,-0.002603003,-0.2460533,1.455848,-0.04277954,-2.763541,-0.292039,0.09352798,0.9833922,-0.4314608,0.1376467,-0.891569,0.3453066,0.938226,-0.02225565,0.8334298,-0.317467,-0.452338,moving,-65.17545,25.79372,-16.5399,5.432918
3941,05/08/2023 17:08:58.913341,4182,True,True,True,True,Eyes,0.2217425,0.09990563,-2.183895,0.8910672,-0.1998263,-0.4075152,0.0,0.0,0.0,0.0,0.0,0.0,0.0,-1.96235,-0.2106931,-1.068755,0.1361067,0.1019691,-2.237973,0.1445531,0.8366623,-0.1073431,0.5172796,19.21832,117.8963,7.964115,-0.01977987,0.04354947,-0.9988552,-0.6828781,-0.002446823,-0.2312901,1.453751,-0.04455372,-2.763303,-0.300513,0.1150894,0.9830155,-0.4230523,0.1308315,-0.8966101,0.3529369,0.9351638,-0.03007102,0.834543,-0.3291685,-0.4417985,moving,-65.42378,26.12116,-16.99867,6.677671
3942,05/08/2023 17:08:58.923307,4183,True,True,True,True,Eyes,0.2179967,0.09999529,-2.186875,0.8925884,-0.20063,-0.403774,0.0,0.0,0.0,0.0,0.0,0.0,0.0,-1.980809,-0.2148998,-1.048046,0.128587,0.1029047,-2.24523,0.1443852,0.8343948,-0.1095813,0.5205098,19.46165,117.4148,7.733196,-0.01169571,0.04369484,-0.9989762,-0.6419054,-0.002300014,-0.2174127,1.451513,-0.04644828,-2.763049,-0.3084242,0.1143346,0.982945,-0.4164452,0.1268722,-0.9002651,0.3550248,0.9342897,-0.03256033,0.8369775,-0.333176,-0.4341232,moving,-65.65977,26.42218,-17.42059,6.63474
3943,05/08/2023 17:08:58.948864,4184,True,True,True,True,Eyes,0.2141336,0.1001259,-2.190054,0.8942151,-0.2013725,-0.3997855,0.0,0.0,0.0,0.0,0.0,0.0,0.0,-2.001244,-0.2130847,-1.024063,0.1211645,0.1037082,-2.252476,0.1447086,0.8315707,-0.1107931,0.5246662,19.64017,116.8173,7.590802,-0.003419067,0.04384308,-0.9990323,-0.6033911,-0.002162013,-0.2043679,1.449559,-0.04810135,-2.762827,-0.3143241,0.1059192,0.9863018,-0.4075697,0.1244121,-0.9046595,0.3569296,0.9335687,-0.0324171,0.8405286,-0.336112,-0.4249006,moving,-65.91154,26.73446,-17.67653,6.129515
3944,05/08/2023 17:08:58.963235,4185,True,True,True,True,Eyes,0.2101774,0.1002457,-2.19341,0.8957937,-0.2016084,-0.3961158,0.0,0.0,0.0,0.0,0.0,0.0,0.0,-2.022394,-0.2055636,-1.000825,0.1144181,0.1048197,-2.26051,0.144482,0.8287808,-0.1101275,0.529263,19.6018,116.1719,7.497127,0.004799966,0.04399076,-0.9990202,-0.5671877,-0.002032292,-0.1921059,1.447416,-0.04991519,-2.762583,-0.3163183,0.1227763,0.9887733,-0.3980115,0.122915,-0.9091089,0.3560607,0.9339938,-0.02960522,0.845463,-0.3354811,-0.4155055,moving,-66.14521,26.97443,-17.73999,7.078205
3945,05/08/2023 17:08:58.983005,4186,True,True,True,True,Eyes,0.20612,0.1003485,-2.196964,0.8974393,-0.2018363,-0.392256,0.0,0.0,0.0,0.0,0.0,0.0,0.0,-2.042706,-0.1942769,-0.9803467,0.1077632,0.1047436,-2.269116,0.1433217,0.8263916,-0.1081129,0.5337108,19.37029,115.5529,7.398321,0.01277817,0.04413358,-0.9989437,-0.5331564,-0.001910355,-0.1805795,1.445261,-0.05173916,-2.762339,-0.3192338,0.1276992,0.9915792,-0.3892232,0.1214777,-0.9130982,0.3522819,0.935541,-0.02570254,0.8511184,-0.331672,-0.4069287,moving,-66.39066,27.2282,-17.8457,7.338369
3946,05/08/2023 17:08:58.993484,4187,True,True,True,True,Eyes,0.2019865,0.100449,-2.200742,0.8990501,-0.2018025,-0.3885676,0.0,0.0,0.0,0.0,0.0,0.0,0.0,-2.061752,-0.1862265,-0.9604855,0.1012357,0.1044395,-2.277472,0.1434817,0.8239449,-0.1076871,0.5375234,19.37236,115.017,7.349158,0.02038301,0.04426815,-0.9988115,-0.501167,-0.001795733,-0.1697447,1.443134,-0.05353942,-2.762097,-0.3250709,0.1233289,0.9947075,-0.3809634,0.1206734,-0.9166813,0.3522107,0.9356329,-0.02320695,0.8548768,-0.331706,-0.3989443,moving,-66.6261,27.4451,-18.09742,7.067755
3947,05/08/2023 17:08:59.012982,4188,True,True,True,True,Eyes,0.1977934,0.1005066,-2.204712,0.9007872,-0.2016491,-0.3846039,0.0,0.0,0.0,0.0,0.0,0.0,0.0,-2.080991,-0.1780284,-0.9400992,0.09549405,0.104368,-2.286042,0.1432851,0.8213989,-0.1069379,0.5416064,19.32254,114.4413,7.278263,0.02748543,0.04439202,-0.9986358,-0.471097,-0.001687989,-0.1595601,1.441131,-0.05523434,-2.76187,-0.331307,0.1202986,0.9976545,-0.3722638,0.119552,-0.9203951,0.351225,0.9360673,-0.02046901,0.8591046,-0.3308856,-0.3904536,moving,-66.87925,27.66817,-18.3706,6.875613
3948,05/08/2023 17:08:59.023364,4189,True,True,True,True,Eyes,0.1935358,0.1004859,-2.208878,0.9024843,-0.2013694,-0.3807525,0.0,0.0,0.0,0.0,0.0,0.0,0.0,-2.101466,-0.1705342,-0.9160879,0.08980408,0.1033766,-2.294713,0.1416695,0.8185413,-0.1058808,0.5465429,19.15911,113.7315,7.065311,0.03367182,0.04449635,-0.9984418,-0.4428312,-0.00158671,-0.1499864,1.438904,-0.0571192,-2.761617,-0.3379334,0.1117234,1.000879,-0.3624413,0.1161877,-0.9247361,0.3476614,0.9374381,-0.01847881,0.8647358,-0.3281926,-0.3801603,moving,-67.12543,27.87313,-18.65657,6.36929
3949,05/08/2023 17:08:59.045434,4190,True,True,True,True,Eyes,0.1892383,0.1003694,-2.213219,0.9042031,-0.201335,-0.3766712,0.0,0.0,0.0,0.0,0.0,0.0,0.0,-2.121318,-0.1746589,-0.8904164,0.08401695,0.1014919,-2.303471,0.1405276,0.8154759,-0.1083203,0.5509245,19.36017,113.0568,6.685792,0.03903089,0.04457968,-0.9982429,-0.4162613,-0.001491507,-0.1409873,1.436859,-0.05884947,-2.761384,-0.3452677,0.1001191,1.004274,-0.3534683,0.1098411,-0.9289752,0.3485463,0.9370374,-0.02182506,0.8680873,-0.3315054,-0.3694978,moving,-67.38446,28.12501,-18.97288,5.693178
3950,05/08/2023 17:08:59.063368,4191,True,True,True,True,Eyes,0.1849043,0.1001737,-2.217711,0.9058401,-0.2014586,-0.3726501,0.0,0.0,0.0,0.0,0.0,0.0,0.0,-2.140038,-0.1822132,-0.8654168,0.07872102,0.09914534,-2.312117,0.1401275,0.8123679,-0.1121401,0.55484,19.73648,112.4309,6.29648,0.0436436,0.04463991,-0.9980491,-0.3912856,-0.001402017,-0.132528,1.434737,-0.06064568,-2.761143,-0.3521448,0.09752318,1.007381,-0.3450339,0.1032306,-0.9328962,0.3521098,0.9355778,-0.02670133,0.8700405,-0.3376947,-0.3591545,moving,-67.63841,28.39613,-19.26782,5.529495
3951,05/08/2023 17:08:59.073172,4192,True,True,True,True,Eyes,0.1805587,0.09990902,-2.22239,0.9075245,-0.2018426,-0.368319,0.0,0.0,0.0,0.0,0.0,0.0,0.0,-2.158958,-0.1842282,-0.8396928,0.07336716,0.09717482,-2.320624,0.1416158,0.8089048,-0.1157385,0.558769,20.21255,111.8175,6.102767,0.04758357,0.04467586,-0.9978673,-0.3678085,-0.001317896,-0.1245763,1.432645,-0.06241633,-2.760906,-0.3574512,0.09867348,1.010317,-0.3354446,0.09976513,-0.9367627,0.3584495,0.9330992,-0.02898186,0.8712011,-0.3455039,-0.3487638,moving,-67.91022,28.72319,-19.48384,5.578153
3952,05/08/2023 17:08:59.092989,4193,True,True,True,True,Eyes,0.1762045,0.09957658,-2.227269,0.9091953,-0.2021772,-0.3639894,0.0,0.0,0.0,0.0,0.0,0.0,0.0,-2.179812,-0.1764109,-0.8120716,0.06869423,0.09531116,-2.329884,0.1441041,0.8048773,-0.1176007,0.5635394,20.59286,111.1126,6.097097,0.05091766,0.04468683,-0.9977023,-0.34574,-0.001238822,-0.1171018,1.430427,-0.06429356,-2.760654,-0.3600534,0.0902157,1.014695,-0.3233149,0.099427,-0.9410536,0.3645175,0.9308082,-0.02689159,0.8732666,-0.3517249,-0.337187,moving,-68.18169,29.0499,-19.53668,5.080763
3953,05/08/2023 17:08:59.112882,4194,True,True,True,True,Eyes,0.1718453,0.09918183,-2.232373,0.91087,-0.2026545,-0.3595094,0.0,0.0,0.0,0.0,0.0,0.0,0.0,-2.200381,-0.1683243,-0.7860048,0.0640153,0.09341867,-2.339869,0.1456916,0.8011598,-0.1187706,0.5681641,20.84628,110.427,6.049089,0.05370674,0.04467217,-0.9975568,-0.3249955,-0.001164493,-0.1100757,1.428382,-0.06602395,-2.760422,-0.3609836,0.0800853,1.01997,-0.3119271,0.09848213,-0.9449883,0.3684069,0.9293349,-0.02475497,0.8757728,-0.355862,-0.3261662,moving,-68.46145,29.40983,-19.48968,4.489499
3954,05/08/2023 17:08:59.123142,4195,True,True,True,True,Eyes,0.1674819,0.09869672,-2.237692,0.9124709,-0.2027957,-0.355346,0.0,0.0,0.0,0.0,0.0,0.0,0.0,-2.218378,-0.1654596,-0.7667291,0.05950818,0.09156703,-2.35043,0.1465034,0.7984624,-0.1203924,0.571402,21.08068,109.9269,5.928207,0.05600471,0.04463146,-0.9974323,-0.3054958,-0.001094623,-0.1034711,1.426034,-0.06801131,-2.760155,-0.3617505,0.07831565,1.024631,-0.3040732,0.09637004,-0.9477618,0.3715398,0.9280849,-0.02483289,0.8772102,-0.3596823,-0.318011,moving,-68.72244,29.71338,-19.4458,4.370792
3955,05/08/2023 17:08:59.146102,4196,True,True,True,True,Eyes,0.1630986,0.09807838,-2.243211,0.9140013,-0.2029598,-0.3512959,0.0,0.0,0.0,0.0,0.0,0.0,0.0,-2.23273,-0.1630095,-0.7570627,0.05504304,0.08889388,-2.360904,0.1454193,0.7973053,-0.1205178,0.5732653,21.03307,109.638,5.762151,0.05786155,0.0445631,-0.9973293,-0.2871661,-0.001028946,-0.09726284,1.4241,-0.06964774,-2.759935,-0.3615615,0.07244451,1.029469,-0.3004404,0.0937098,-0.949186,0.3700645,0.9286574,-0.0254513,0.8790835,-0.3589067,-0.3136849,moving,-68.97577,30.01701,-19.35187,4.025311
3956,05/08/2023 17:08:59.163274,4197,True,True,True,True,Eyes,0.1586946,0.09736863,-2.248926,0.91538,-0.2031033,-0.347604,0.0,0.0,0.0,0.0,0.0,0.0,0.0,-2.244516,-0.1614867,-0.7539325,0.05018276,0.0850886,-2.3712,0.1450356,0.7969274,-0.1213197,0.5737186,21.08701,109.5524,5.656188,0.05932037,0.04446382,-0.997248,-0.2699361,-0.0009672092,-0.09142707,1.421917,-0.07149529,-2.759687,-0.3608172,0.06123865,1.034381,-0.2996234,0.09195886,-0.9496155,0.3703724,0.9284924,-0.02694683,0.8792327,-0.3597852,-0.3122571,moving,-69.20636,30.29753,-19.23002,3.388139
3957,05/08/2023 17:08:59.173171,4198,True,True,True,True,Eyes,0.1543025,0.09659836,-2.254831,0.9166557,-0.203287,-0.3441173,0.0,0.0,0.0,0.0,0.0,0.0,0.0,-2.255043,-0.1665791,-0.7528889,0.04537046,0.0821939,-2.381385,0.1453505,0.796791,-0.1239249,0.5732713,21.35436,109.5728,5.517138,0.06042063,0.04433253,-0.9971877,-0.25374,-0.0009091766,-0.08594145,1.419755,-0.07332523,-2.759442,-0.3579718,0.0556667,1.04006,-0.3004663,0.08954287,-0.9495798,0.3737131,0.9270318,-0.03083383,0.8775296,-0.364135,-0.3120053,moving,-69.42361,30.57243,-18.99264,3.063696
3958,05/08/2023 17:08:59.193403,4199,True,True,True,True,Eyes,0.1499498,0.09578408,-2.260941,0.9178814,-0.2031155,-0.3409368,0.0,0.0,0.0,0.0,0.0,0.0,0.0,-2.264694,-0.165825,-0.7566786,0.04127655,0.07998237,-2.391819,0.1456116,0.7971969,-0.1245638,0.5725018,21.42787,109.6775,5.519505,0.06119987,0.04416955,-0.9971475,-0.2385156,-0.000854626,-0.08078496,1.417683,-0.07507841,-2.759206,-0.3556125,0.05031662,1.044852,-0.3020782,0.08953618,-0.9490693,0.3747882,0.9265622,-0.031878,0.8765175,-0.3653296,-0.3134514,moving,-69.62305,30.78467,-18.79587,2.757046
3959,05/08/2023 17:08:59.212882,4200,True,True,True,True,Eyes,0.1456323,0.09489881,-2.267251,0.9191333,-0.2025888,-0.3378636,0.0,0.0,0.0,0.0,0.0,0.0,0.0,-2.274909,-0.1508613,-0.763365,0.03789195,0.07801713,-2.402743,0.1455784,0.7978613,-0.1212154,0.5723035,21.10365,109.7695,5.755573,0.06169094,0.04397636,-0.9971257,-0.2242046,-0.0008033484,-0.07593787,1.415666,-0.07678591,-2.758977,-0.3510195,0.04969923,1.050945,-0.3025515,0.09355877,-0.9485301,0.3710467,0.9282275,-0.02679604,0.8779448,-0.3600562,-0.3155513,moving,-69.81711,30.94762,-18.46951,2.707503
3960,05/08/2023 17:08:59.223197,4201,True,True,True,True,Eyes,0.1413339,0.09394781,-2.273769,0.9204417,-0.2018285,-0.3347423,0.0,0.0,0.0,0.0,0.0,0.0,0.0,-2.286376,-0.1240577,-0.7685399,0.03439653,0.07532952,-2.413857,0.145657,0.798233,-0.1152945,0.572988,20.54747,109.7737,6.155871,0.06192635,0.04375211,-0.9971205,-0.2107523,-0.0007551475,-0.07138159,1.413422,-0.0786852,-2.758722,-0.3449368,0.04661608,1.057071,-0.3009375,0.1004116,-0.9483428,0.3646612,0.9309825,-0.01714444,0.881169,-0.3509832,-0.3167837,moving,-70.0149,31.08733,-18.07221,2.525067
3961,05/08/2023 17:08:59.247168,4202,True,True,True,True,Eyes,0.1370727,0.09297348,-2.280511,0.9217356,-0.2011807,-0.3315564,0.0,0.0,0.0,0.0,0.0,0.0,0.0,-2.300317,-0.09445387,-0.7671118,0.03051059,0.0727267,-2.425412,0.1487305,0.7972996,-0.1111699,0.5743116,20.37156,109.6743,6.706135,0.06193231,0.04349725,-0.997131,-0.1981072,-0.0007098387,-0.06709869,1.411391,-0.0804038,-2.758492,-0.3395239,0.0441978,1.063215,-0.2960908,0.1094732,-0.9488655,0.3648578,0.931041,-0.006436146,0.8827281,-0.3481067,-0.3156148,moving,-70.2159,31.24839,-17.71021,2.380413
3962,05/08/2023 17:08:59.263642,4203,True,True,True,True,Eyes,0.1328546,0.09201133,-2.287511,0.9231292,-0.2005186,-0.3280621,0.0,0.0,0.0,0.0,0.0,0.0,0.0,-2.315922,-0.06726035,-0.7612185,0.02711574,0.07118623,-2.437553,0.153208,0.7955251,-0.108648,0.5760755,20.44958,109.4932,7.270758,0.0617339,0.04321368,-0.9971552,-0.1862208,-0.0006672484,-0.06307277,1.40932,-0.08215655,-2.758256,-0.3336378,0.04484092,1.069354,-0.2893291,0.1185827,-0.9498564,0.3689404,0.9294459,0.003654275,0.8832735,-0.349383,-0.3126656,moving,-70.43578,31.43416,-17.32789,2.401161
3963,05/08/2023 17:08:59.272855,4204,True,True,True,True,Eyes,0.128702,0.09104291,-2.294748,0.9245859,-0.1997471,-0.3244104,0.0,0.0,0.0,0.0,0.0,0.0,0.0,-2.331884,-0.0378333,-0.7543273,0.02400053,0.07041781,-2.450018,0.1575185,0.7936122,-0.1053802,0.5781546,20.45075,109.2729,7.861922,0.06135521,0.04290571,-0.997192,-0.1750475,-0.0006272135,-0.0592884,1.407179,-0.08396828,-2.758013,-0.3268268,0.04450762,1.075894,-0.2818505,0.128165,-0.9508596,0.3718692,0.9281659,0.01487791,0.8844623,-0.3494021,-0.3092647,moving,-70.6655,31.62159,-16.89733,2.368863
3964,05/08/2023 17:08:59.293616,4205,True,True,True,True,Eyes,0.1246215,0.09005178,-2.302226,0.9261925,-0.1988202,-0.3203717,0.0,0.0,0.0,0.0,0.0,0.0,0.0,-2.349201,-0.005179331,-0.7436094,0.02136712,0.06923932,-2.463022,0.1602298,0.7913812,-0.1005081,0.5813264,20.20451,108.8955,8.37875,0.06081613,0.04257393,-0.9972394,-0.1645447,-0.0005895807,-0.0557311,1.405073,-0.08575086,-2.757774,-0.3195899,0.04158623,1.082615,-0.2727722,0.1367496,-0.9523103,0.3704618,0.928449,0.02721111,0.8878928,-0.3453721,-0.3039157,moving,-70.9194,31.82342,-16.44669,2.199807
3965,05/08/2023 17:08:59.313043,4206,True,True,True,True,Eyes,0.1206554,0.08908314,-2.309955,0.9277548,-0.1981095,-0.3162653,0.0,0.0,0.0,0.0,0.0,0.0,0.0,-2.366472,0.02082673,-0.7328568,0.01905473,0.06759141,-2.476443,0.16176,0.7893232,-0.09657179,0.5843602,19.96858,108.5107,8.720314,0.0601367,0.04221996,-0.9972957,-0.154672,-0.0005542058,-0.05238723,1.402868,-0.08761659,-2.757524,-0.3138446,0.03653458,1.088942,-0.2647142,0.1424965,-0.9537408,0.3682272,0.9290152,0.03659953,0.891255,-0.3415049,-0.2983944,moving,-71.1761,32.06314,-16.07754,1.921583
3966,05/08/2023 17:08:59.323531,4207,True,True,True,True,Eyes,0.1168092,0.0882637,-2.317934,0.9293501,-0.1978758,-0.3116947,0.0,0.0,0.0,0.0,0.0,0.0,0.0,-2.382899,0.04329847,-0.7253277,0.01780692,0.067176,-2.490251,0.1663368,0.7870409,-0.09530289,0.5863585,20.18671,108.2677,9.200262,0.05933544,0.04184645,-0.9973595,-0.1453917,-0.0005209535,-0.049244,1.40077,-0.08939273,-2.757285,-0.3083367,0.03210971,1.094971,-0.2570318,0.1500645,-0.9546808,0.3735911,0.9264988,0.04505146,0.8912713,-0.3450805,-0.2942025,moving,-71.45907,32.40896,-15.72687,1.6797
3967,05/08/2023 17:08:59.347200,4208,True,True,True,True,Eyes,0.1130991,0.08749375,-2.326202,0.9312131,-0.1971823,-0.306531,0.0,0.0,0.0,0.0,0.0,0.0,0.0,-2.399341,0.09680711,-0.7156968,0.01670505,0.06998502,-2.504646,0.1774493,0.783149,-0.09072757,0.5890313,20.55784,108.0182,10.52647,0.05843221,0.04146258,-0.997429,-0.1366682,-0.0004896963,-0.04628936,1.398717,-0.09112956,-2.757052,-0.3016592,0.03058816,1.101645,-0.2431076,0.1710557,-0.9547977,0.3848212,0.9205605,0.06694,0.8903995,-0.3511528,-0.2896211,moving,-71.77981,32.75198,-15.31371,1.590461
3968,05/08/2023 17:08:59.363330,4209,True,True,True,True,Eyes,0.1094279,0.0868075,-2.334711,0.9329939,-0.1973062,-0.3009862,0.0,0.0,0.0,0.0,0.0,0.0,0.0,-2.421073,0.1679682,-0.6825314,0.01613061,0.07024021,-2.520012,0.1810565,0.7774744,-0.0781346,0.5971996,19.73979,106.9557,11.53462,0.05744249,0.04107082,-0.9975027,-0.1284681,-0.0004603145,-0.043512,1.396584,-0.09293532,-2.75681,-0.2949089,0.0312709,1.108251,-0.2211427,0.1882097,-0.9569082,0.3748575,0.9222271,0.09475838,0.9003211,-0.337749,-0.2744956,moving,-72.12016,33.24614,-14.90126,1.616254
3969,05/08/2023 17:08:59.372888,4210,True,True,True,True,Eyes,0.1058677,0.08626593,-2.343427,0.9346913,-0.197901,-0.2952753,0.0,0.0,0.0,0.0,0.0,0.0,0.0,-2.44185,0.1635135,-0.6627917,0.0133608,0.07172216,-2.534431,0.1865973,0.7736923,-0.08480782,0.5994909,20.79081,106.5841,11.54185,0.05637772,0.04067566,-0.9975797,-0.12076,-0.0004326956,-0.04090128,1.394435,-0.09475381,-2.756566,-0.2884966,0.03190593,1.114935,-0.2115842,0.1870547,-0.9592927,0.3904207,0.9159782,0.09249642,0.8959931,-0.354957,-0.2668366,moving,-72.46832,33.83099,-14.50746,1.639178
3970,05/08/2023 17:08:59.392847,4211,True,True,True,True,Eyes,0.1023789,0.08580174,-2.352272,0.9365179,-0.1980066,-0.2893572,0.0,0.0,0.0,0.0,0.0,0.0,0.0,-2.462717,0.1621118,-0.6386836,0.01243956,0.07476299,-2.548221,0.1901732,0.7696396,-0.08901086,0.6029645,21.49056,106.0351,11.49255,0.0552506,0.04028341,-0.9976587,-0.1135144,-0.0004067339,-0.0384472,1.392363,-0.09650743,-2.75633,-0.2819193,0.03291232,1.121499,-0.200536,0.1853889,-0.9619856,0.4000704,0.9118224,0.09232286,0.8942756,-0.366348,-0.2570218,moving,-72.83035,34.38376,-14.11049,1.680961
3971,05/08/2023 17:08:59.412961,4212,True,True,True,True,Eyes,0.09886714,0.08533052,-2.361166,0.9381706,-0.1987027,-0.2834665,0.0,0.0,0.0,0.0,0.0,0.0,0.0,-2.479623,0.1473634,-0.6231966,0.01069649,0.07597852,-2.55983,0.1826335,0.7692705,-0.08768332,0.6059535,20.86941,105.5355,10.77734,0.05407139,0.03989713,-0.9977388,-0.1067035,-0.0003823299,-0.03614037,1.390278,-0.09827182,-2.756094,-0.2747988,0.03675071,1.128683,-0.1989309,0.1747251,-0.9643121,0.3872531,0.9179133,0.08643047,0.9002565,-0.3562392,-0.2502641,moving,-73.18791,35.02946,-13.68349,1.864931
3972,05/08/2023 17:08:59.423350,4213,True,True,True,True,Eyes,0.09537703,0.08497232,-2.370082,0.9397039,-0.2002633,-0.2772202,0.0,0.0,0.0,0.0,0.0,0.0,0.0,-2.49774,0.1062253,-0.600173,0.006647176,0.07552887,-2.569911,0.1816635,0.7668633,-0.09878599,0.607586,21.85525,105.1243,9.837841,0.05284589,0.03951624,-0.9978197,-0.1003013,-0.0003593901,-0.03397195,1.388047,-0.1001596,-2.75584,-0.2657781,0.04004192,1.135989,-0.1956758,0.1585801,-0.9677622,0.398664,0.9144794,0.06924167,0.895979,-0.372263,-0.2421616,moving,-73.56352,35.84427,-13.16817,2.018755
3973,05/08/2023 17:08:59.447605,4214,True,True,True,True,Eyes,0.09191691,0.084733,-2.378998,0.9412807,-0.2017979,-0.2706808,0.0,0.0,0.0,0.0,0.0,0.0,0.0,-2.515371,0.07335602,-0.5703812,0.003770549,0.07800213,-2.57909,0.1841073,0.7628694,-0.1101574,0.6099182,23.11963,104.5939,9.167503,0.05158103,0.03914521,-0.9979005,0.0,0.0,0.0,1.385996,-0.1018954,-2.755607,-0.258897,0.04490808,1.143032,-0.1882085,0.1465257,-0.9711373,0.4152736,0.9079397,0.05650948,0.8900142,-0.3926522,-0.2317302,moving,-73.95654,36.70525,-12.76218,2.249912
3974,05/08/2023 17:08:59.463235,4215,True,True,True,True,Eyes,0.08850607,0.08456997,-2.387935,0.9429615,-0.203025,-0.2638266,0.0,0.0,0.0,0.0,0.0,0.0,0.0,-2.532473,0.07763173,-0.5340414,0.0009650961,0.08063713,-2.588078,0.1837046,0.7585468,-0.1105004,0.6153448,23.18634,103.7367,8.930981,0.0502816,0.03878778,-0.9979808,0.0,0.0,0.0,1.383918,-0.1036543,-2.755371,-0.2514587,0.05105649,1.15082,-0.1752069,0.1427053,-0.9741344,0.4146887,0.9080846,0.05844388,0.8929366,-0.3937228,-0.218281,moving,-74.36917,37.57971,-12.32563,2.540279
3975,05/08/2023 17:08:59.472836,4216,True,True,True,True,Eyes,0.08516376,0.08450237,-2.396922,0.9447319,-0.2039548,-0.2566789,0.0,0.0,0.0,0.0,0.0,0.0,0.0,-2.547231,0.09603046,-0.5069163,-0.00132589,0.08222131,-2.597655,0.1837902,0.7551152,-0.1075186,0.6200503,22.97292,103.054,9.012857,0.04895518,0.03844618,-0.9980599,0.0,0.0,0.0,1.381669,-0.1055577,-2.755116,-0.2438495,0.05539053,1.158953,-0.1635183,0.1442316,-0.9759402,0.4108993,0.9093219,0.06554039,0.8968968,-0.390296,-0.2079554,moving,-74.79994,38.47035,-11.882,2.736289
3976,05/08/2023 17:08:59.493578,4217,True,True,True,True,Eyes,0.08191545,0.08450418,-2.40596,0.9467297,-0.2040493,-0.2491322,0.0,0.0,0.0,0.0,0.0,0.0,0.0,-2.561368,0.140546,-0.4776354,-0.003114776,0.08434574,-2.607944,0.1860703,0.7507882,-0.09992551,0.6258673,22.51693,102.2886,9.616557,0.04760892,0.03812299,-0.9981375,0.0,0.0,0.0,1.379606,-0.1073033,-2.754881,-0.2369353,0.06509039,1.166964,-0.1473358,0.1543186,-0.9769738,0.404479,0.9107854,0.08286491,0.9026011,-0.3829564,-0.1966099,moving,-75.25684,39.31886,-11.47707,3.192509
3977,05/08/2023 17:08:59.512966,4218,True,True,True,True,Eyes,0.07868335,0.0844942,-2.415034,0.9487423,-0.2039552,-0.2414339,0.0,0.0,0.0,0.0,0.0,0.0,0.0,-2.573882,0.1885266,-0.450901,-0.004231398,0.08579148,-2.618462,0.1846151,0.7474885,-0.08826234,0.6319717,21.42563,101.5033,10.17435,0.04624925,0.03781915,-0.998213,0.0,0.0,0.0,1.377574,-0.1090232,-2.754651,-0.2280598,0.07004943,1.175474,-0.1330582,0.1644367,-0.9773721,0.3875539,0.916254,0.1013929,0.9121938,-0.3652931,-0.1856433,moving,-75.72254,40.18999,-10.97984,3.410365
3978,05/08/2023 17:08:59.523324,4219,True,True,True,True,Eyes,0.0754673,0.08447383,-2.424127,0.9506353,-0.2041629,-0.2336883,0.0,0.0,0.0,0.0,0.0,0.0,0.0,-2.587133,0.2088031,-0.4237976,-0.007133571,0.08544941,-2.628519,0.1841299,0.7441875,-0.08475632,0.6364729,21.13315,100.8412,10.26174,0.04487925,0.03753229,-0.9982864,0.0,0.0,0.0,1.375421,-0.1108457,-2.754406,-0.2198929,0.06591625,1.183969,-0.1219971,0.1661641,-0.9785225,0.3819445,0.9178252,0.1082382,0.9160979,-0.3605365,-0.1754374,moving,-76.18921,41.14225,-10.52139,3.186594
3979,05/08/2023 17:08:59.548122,4220,True,True,True,True,Eyes,0.07226691,0.08447981,-2.433229,0.952405,-0.2047289,-0.2258558,0.0,0.0,0.0,0.0,0.0,0.0,0.0,-2.599892,0.2119592,-0.4018745,-0.009943179,0.08519194,-2.6379,0.1865446,0.7409773,-0.08772646,0.6391071,21.6201,100.3921,10.18066,0.04350175,0.03726035,-0.9983575,0.0,0.0,0.0,1.373347,-0.1126005,-2.75417,-0.2153901,0.06662132,1.191392,-0.1134864,0.1643175,-0.9798574,0.3885838,0.9150103,0.1084374,0.9143979,-0.3684506,-0.1676923,moving,-76.65917,42.191,-10.24773,3.200584
3980,05/08/2023 17:08:59.563253,4221,True,True,True,True,Eyes,0.06913476,0.08454501,-2.442342,0.9540888,-0.2053842,-0.2180183,0.0,0.0,0.0,0.0,0.0,0.0,0.0,-2.612145,0.2260674,-0.3759782,-0.01280131,0.08590385,-2.647305,0.1906604,0.7368725,-0.08950213,0.6423839,22.13917,99.86307,10.32364,0.04211918,0.03700301,-0.9984264,0.0,0.0,0.0,1.371242,-0.1143822,-2.753931,-0.2169297,0.07491107,1.196829,-0.1019833,0.1659953,-0.9808389,0.3959742,0.9112759,0.113051,0.9125809,-0.3768576,-0.1586647,moving,-77.12837,43.29084,-10.27353,3.581544
3981,05/08/2023 17:08:59.574195,4222,True,True,True,True,Eyes,0.06601464,0.08461847,-2.451472,0.9556883,-0.206181,-0.2101174,0.0,0.0,0.0,0.0,0.0,0.0,0.0,-2.624948,0.2331541,-0.3494425,-0.01431149,0.08742443,-2.656873,0.1914515,0.7333533,-0.08987512,0.6461129,22.28531,99.26161,10.25074,0.04073582,0.03676127,-0.9984927,0.0,0.0,0.0,1.369128,-0.1161715,-2.753691,-0.216403,0.08306383,1.203194,-0.09176925,0.1646643,-0.9820715,0.3969421,0.9105376,0.1155781,0.9132446,-0.379219,-0.1489214,moving,-77.60024,44.45823,-10.19604,3.949211
3982,05/08/2023 17:08:59.593400,4223,True,True,True,True,Eyes,0.06292053,0.0847576,-2.460575,0.9570826,-0.207454,-0.2023751,0.0,0.0,0.0,0.0,0.0,0.0,0.0,-2.638038,0.2345894,-0.3224082,-0.01717185,0.0877475,-2.666502,0.192034,0.7299513,-0.09187308,0.6495025,22.55554,98.6825,10.04043,0.03935333,0.03653398,-0.9985565,0.0,0.0,0.0,1.366881,-0.1180725,-2.753436,-0.2069714,0.07764126,1.212149,-0.08253931,0.1610073,-0.9834959,0.3996944,0.9093646,0.1153273,0.9129249,-0.3835788,-0.1394121,moving,-78.06068,45.71001,-9.68967,3.664937
3983,05/08/2023 17:08:59.613315,4224,True,True,True,True,Eyes,0.05986556,0.08500124,-2.469655,0.958381,-0.2087981,-0.1947031,0.0,0.0,0.0,0.0,0.0,0.0,0.0,-2.650392,0.2273657,-0.3024354,-0.01967182,0.08968478,-2.675688,0.194529,0.7270672,-0.0970033,0.6512467,23.23034,98.31788,9.807285,0.03797342,0.0363224,-0.9986176,0.0,0.0,0.0,1.364895,-0.1197538,-2.75321,-0.2048162,0.1082376,1.218936,-0.07607271,0.1565252,-0.98474,0.4092174,0.9054977,0.1123169,0.9092602,-0.3944285,-0.1329365,moving,-78.51617,47.00064,-9.538233,5.074371
3984,05/08/2023 17:08:59.622896,4225,True,True,True,True,Eyes,0.05686327,0.08531967,-2.478681,0.9596499,-0.2097904,-0.1872431,0.0,0.0,0.0,0.0,0.0,0.0,0.0,-2.661636,0.2220617,-0.2837799,-0.02179829,0.09247693,-2.684236,0.1945493,0.7249508,-0.09906794,0.653286,23.44268,97.94454,9.576852,0.03659888,0.03612934,-0.9986761,0.0,0.0,0.0,1.362646,-0.1216569,-2.752955,-0.2022623,0.146839,1.224231,-0.07073606,0.1526379,-0.9857474,0.4115167,0.9046722,0.1105539,0.9086531,-0.3978314,-0.1268061,moving,-78.95939,48.25029,-9.381423,6.839604
3985,05/08/2023 17:08:59.648271,4226,True,True,True,True,Eyes,0.05388647,0.08565807,-2.487694,0.9609652,-0.2104295,-0.1796256,0.0,0.0,0.0,0.0,0.0,0.0,0.0,-2.671564,0.229982,-0.2634339,-0.02360535,0.09456533,-2.69259,0.1920222,0.7231216,-0.0956843,0.656557,22.98747,97.46194,9.507896,0.03523159,0.03595594,-0.9987315,0.0,0.0,0.0,1.360651,-0.1233456,-2.752728,-0.2010297,0.1255796,1.232674,-0.06412043,0.1520663,-0.9862882,0.4033552,0.907944,0.1137643,0.9127941,-0.3905298,-0.1195545,moving,-79.41234,49.51546,-9.262497,5.816981
3986,05/08/2023 17:08:59.663934,4227,True,True,True,True,Eyes,0.05092834,0.08602564,-2.496708,0.9622231,-0.2110761,-0.1719702,0.0,0.0,0.0,0.0,0.0,0.0,0.0,-2.681449,0.2489329,-0.2347357,-0.02601673,0.09530839,-2.701385,0.1903176,0.7199978,-0.09108122,0.6611252,22.50748,96.79065,9.572225,0.03387333,0.0358011,-0.998784,0.0,0.0,0.0,1.358465,-0.1251956,-2.75248,-0.197469,0.120146,1.241604,-0.05338533,0.1536243,-0.9866862,0.3944887,0.9109668,0.120491,0.9173488,-0.3828041,-0.1092354,moving,-79.86698,50.82923,-9.03683,5.527118
3987,05/08/2023 17:08:59.672880,4228,True,True,True,True,Eyes,0.04801404,0.08644981,-2.50574,0.9634477,-0.2116789,-0.1641969,0.0,0.0,0.0,0.0,0.0,0.0,0.0,-2.691506,0.267459,-0.2053957,-0.02853721,0.09641708,-2.710685,0.1916265,0.7161081,-0.08938629,0.6651907,22.51695,96.15613,9.692946,0.03252449,0.03566409,-0.9988338,0.0,0.0,0.0,1.356313,-0.1270164,-2.752236,-0.1952551,0.1279001,1.247288,-0.04160145,0.1555327,-0.9869543,0.3933684,0.9105787,0.1269158,0.9184392,-0.3829568,-0.09906314,moving,-80.32821,52.19968,-8.897085,5.854792
3988,05/08/2023 17:08:59.692849,4229,True,True,True,True,Eyes,0.04514787,0.08690835,-2.514796,0.96464,-0.212188,-0.1563519,0.0,0.0,0.0,0.0,0.0,0.0,0.0,-2.701242,0.2860079,-0.1780863,-0.03042827,0.09818846,-2.72023,0.1927265,0.7124823,-0.0871996,0.6690453,22.46642,95.56091,9.841297,0.03118713,0.03554537,-0.9988807,0.0,0.0,0.0,1.354304,-0.1287174,-2.752007,-0.2004956,0.1142684,1.25252,-0.03046978,0.1579475,-0.9869775,0.3913094,0.9105054,0.1336292,0.9197547,-0.3821419,-0.08954935,moving,-80.79338,53.61515,-9.094397,5.212709
3989,05/08/2023 17:08:59.712922,4230,True,True,True,True,Eyes,0.0423237,0.08737772,-2.523862,0.9658545,-0.2124705,-0.1482609,0.0,0.0,0.0,0.0,0.0,0.0,0.0,-2.709675,0.3108509,-0.1513798,-0.03215797,0.0993515,-2.729648,0.1924857,0.7091933,-0.08221048,0.6732277,22.0725,94.95306,10.08822,0.02986297,0.0354444,-0.9989248,0.0,0.0,0.0,1.352203,-0.1304949,-2.751769,-0.2033682,0.1000857,1.257953,-0.01942745,0.1623264,-0.9865459,0.3837118,0.9123814,0.1425671,0.9232485,-0.3757796,-0.08001174,moving,-81.27309,55.09285,-9.183325,4.549006
3990,05/08/2023 17:08:59.723624,4231,True,True,True,True,Eyes,0.03954844,0.0878441,-2.532932,0.9670456,-0.212662,-0.1399922,0.0,0.0,0.0,0.0,0.0,0.0,0.0,-2.716945,0.3437197,-0.1170444,-0.03402116,0.1000163,-2.739064,0.1931406,0.7046781,-0.07654899,0.6784289,21.71248,94.18188,10.43926,0.02855297,0.03535977,-0.9989661,0.0,0.0,0.0,1.349978,-0.1323784,-2.751516,-0.2048181,0.1021327,1.262533,-0.004861964,0.1683378,-0.9857174,0.37607,0.9136739,0.1541795,0.9265786,-0.3699491,-0.06774897,moving,-81.76293,56.6437,-9.214698,4.624875
3991,05/08/2023 17:08:59.748134,4232,True,True,True,True,Eyes,0.03682315,0.08830353,-2.542057,0.968223,-0.2127661,-0.1314337,0.0,0.0,0.0,0.0,0.0,0.0,0.0,-2.724194,0.3757599,-0.07471013,-0.03565434,0.1004726,-2.748934,0.1938154,0.6990913,-0.07152854,0.684537,21.42959,93.23843,10.71443,0.0272585,0.03528965,-0.9990047,0.0,0.0,0.0,1.347987,-0.1340629,-2.75129,-0.2046524,0.1142951,1.265849,0.0123103,0.1730614,-0.9848343,0.3689172,0.9146385,0.1653377,0.9293809,-0.3653575,-0.05258585,moving,-82.2695,58.2948,-9.183664,5.159319
3992,05/08/2023 17:08:59.763000,4233,True,True,True,True,Eyes,0.03414876,0.08878103,-2.551226,0.9692715,-0.2130681,-0.1229424,0.0,0.0,0.0,0.0,0.0,0.0,0.0,-2.732023,0.4018284,-0.0343647,-0.03721156,0.1007379,-2.759541,0.1945127,0.6937518,-0.06800339,0.6901079,21.27376,92.35268,10.88858,0.02598047,0.03523219,-0.9990408,0.0,0.0,0.0,1.345863,-0.1358606,-2.751049,-0.1988298,0.1321748,1.26994,0.02816814,0.1760277,-0.9839821,0.3637463,0.9150807,0.1741145,0.9310721,-0.3628244,-0.0382533,moving,-82.7712,60.01463,-8.898344,5.941923
3993,05/08/2023 17:08:59.772918,4234,True,True,True,True,Eyes,0.0315263,0.08925471,-2.56045,0.9703409,-0.2130584,-0.1142128,0.0,0.0,0.0,0.0,0.0,0.0,0.0,-2.739395,0.4266076,-0.0004851818,-0.03867125,0.1017547,-2.770275,0.1961762,0.6890302,-0.06530073,0.6946137,21.25514,91.6291,11.11249,0.02472068,0.03518676,-0.9990744,0.0,0.0,0.0,1.343608,-0.137769,-2.750793,-0.1855939,0.1424109,1.274393,0.04194634,0.1796251,-0.9828405,0.3610602,0.9145014,0.1825449,0.9315987,-0.3625216,-0.02649541,moving,-83.28696,61.80588,-8.285916,6.376237
3994,05/08/2023 17:08:59.793196,4235,True,True,True,True,Eyes,0.0289434,0.08968403,-2.569722,0.9713041,-0.2130978,-0.1056307,0.0,0.0,0.0,0.0,0.0,0.0,0.0,-2.746683,0.4472436,0.03770065,-0.04007416,0.102065,-2.780952,0.1944311,0.6845922,-0.06043186,0.699913,20.78805,90.79305,11.20176,0.02347955,0.03515185,-0.9991056,0.0,0.0,0.0,1.341547,-0.1395138,-2.750558,-0.1680671,0.1473151,1.279932,0.05536298,0.1816179,-0.9818096,0.350806,0.9170891,0.1894272,0.9348103,-0.354912,-0.01293992,moving,-83.7934,63.6328,-7.48068,6.565629
3995,05/08/2023 17:08:59.813076,4236,True,True,True,True,Eyes,0.02638964,0.09005182,-2.579052,0.9722036,-0.2131544,-0.09687795,0.0,0.0,0.0,0.0,0.0,0.0,0.0,-2.755704,0.4538903,0.0744946,-0.04171268,0.1014726,-2.791672,0.1914462,0.6806954,-0.05797252,0.7047278,20.41138,89.99974,11.0059,0.02225802,0.0351246,-0.9991345,0.0,0.0,0.0,1.339525,-0.1412247,-2.750329,-0.1518767,0.1580255,1.284154,0.06658575,0.1789233,-0.9816073,0.3423427,0.919975,0.1909116,0.9372128,-0.3487581,4.125555e-06,moving,-84.30939,65.55836,-6.745027,7.015435
3996,05/08/2023 17:08:59.823131,4237,True,True,True,True,Eyes,0.02387609,0.09037535,-2.588438,0.9729246,-0.2135962,-0.08828535,0.0,0.0,0.0,0.0,0.0,0.0,0.0,-2.764334,0.4605142,0.1117277,-0.04357307,0.1003712,-2.802521,0.190827,0.6761592,-0.05818978,0.7092304,20.4489,89.21803,10.79662,0.02105554,0.03510173,-0.9991614,0.0,0.0,0.0,1.337389,-0.1430321,-2.750086,-0.1380275,0.1743797,1.287437,0.07884525,0.175519,-0.9813136,0.3405989,0.920398,0.1919895,0.9368969,-0.3493718,0.01278746,moving,-84.81506,67.54331,-6.11937,7.713609
3997,05/08/2023 17:08:59.848444,4238,True,True,True,True,Eyes,0.02138175,0.09064106,-2.597889,0.9735762,-0.2140668,-0.07952823,0.0,0.0,0.0,0.0,0.0,0.0,0.0,-2.772347,0.4678422,0.1487148,-0.04510923,0.09972221,-2.813347,0.1902377,0.6716273,-0.05809233,0.7136887,20.46125,88.44328,10.61695,0.01987246,0.03508102,-0.9991863,0.0,0.0,0.0,1.335236,-0.1448549,-2.749841,-0.1253793,0.1904524,1.289857,0.09108388,0.172618,-0.9807685,0.3384574,0.9208698,0.1935082,0.9365631,-0.3495738,0.02545253,moving,-85.33006,69.6194,-5.551937,8.399255
3998,05/08/2023 17:08:59.863261,4239,True,True,True,True,Eyes,0.01891657,0.09086969,-2.607412,0.9740496,-0.2149345,-0.07092679,0.0,0.0,0.0,0.0,0.0,0.0,0.0,-2.77961,0.4785698,0.1857185,-0.04714479,0.09861181,-2.824501,0.1903253,0.6669565,-0.05799942,0.7180399,20.52943,87.68118,10.49524,0.01870815,0.03505993,-0.9992095,0.0,0.0,0.0,1.333173,-0.1466002,-2.749607,-0.1068076,0.1870261,1.294869,0.1036101,0.1705855,-0.9798804,0.3371692,0.9208247,0.1959561,0.9357254,-0.3506885,0.03789056,moving,-85.83528,71.73749,-4.715382,8.218748
3999,05/08/2023 17:08:59.872979,4240,True,True,True,True,Eyes,0.01648548,0.09103033,-2.617012,0.9745091,-0.2155667,-0.06215306,0.0,0.0,0.0,0.0,0.0,0.0,0.0,-2.786362,0.4896813,0.2228363,-0.04892886,0.09801396,-2.835712,0.1906086,0.6622119,-0.05788723,0.7223523,20.61216,86.9202,10.39088,0.01756241,0.03503698,-0.9992311,0.0,0.0,0.0,1.330947,-0.1484843,-2.749354,-0.09136048,0.1741995,1.299876,0.1162489,0.1688166,-0.9787682,0.3360765,0.9206349,0.1987059,0.934633,-0.3520404,0.0502875,moving,-86.35069,73.91646,-4.020365,7.632867
4000,05/08/2023 17:08:59.893412,4241,True,True,True,True,Eyes,0.01408207,0.09108493,-2.626725,0.9748389,-0.2163626,-0.05363171,0.0,0.0,0.0,0.0,0.0,0.0,0.0,-2.792947,0.5006849,0.2599287,-0.05055408,0.09649868,-2.847268,0.1886146,0.6580034,-0.05541489,0.7269011,20.31216,86.15351,10.29829,0.01643616,0.03500973,-0.9992512,0.0,0.0,0.0,1.328934,-0.1501876,-2.749126,-0.08345315,0.1843975,1.302028,0.1279213,0.1676558,-0.9775111,0.3287804,0.9227074,0.201282,0.9357029,-0.3471348,0.06291197,moving,-86.85099,76.0782,-3.667341,8.06081
4001,05/08/2023 17:08:59.913393,4242,True,True,True,True,Eyes,0.0116904,0.09102561,-2.636531,0.9750966,-0.2171568,-0.04505045,0.0,0.0,0.0,0.0,0.0,0.0,0.0,-2.799164,0.5148903,0.2921405,-0.05242653,0.09390911,-2.859057,0.1873866,0.6542307,-0.0530031,0.7307935,20.07405,85.49729,10.28633,0.01532879,0.03497445,-0.9992701,0.0,0.0,0.0,1.326701,-0.1520776,-2.748872,-0.07884407,0.1979927,1.302941,0.1383457,0.1677195,-0.9760792,0.3226568,0.9241539,0.2045293,0.9363509,-0.3432343,0.07373692,moving,-87.35476,78.27991,-3.462882,8.640471
4002,05/08/2023 17:08:59.923270,4243,True,True,True,True,Eyes,0.00932852,0.09089588,-2.646435,0.9751822,-0.2183154,-0.03685059,0.0,0.0,0.0,0.0,0.0,0.0,0.0,-2.804982,0.532718,0.3212852,-0.05454446,0.09111977,-2.871177,0.188179,0.6503682,-0.0519154,0.7341082,20.10952,84.91563,10.34008,0.01423975,0.03492761,-0.9992878,0.0,0.0,0.0,1.324564,-0.1538863,-2.748629,-0.07744551,0.2010751,1.3051,0.1486522,0.1685482,-0.9744199,0.3209943,0.9237869,0.2087592,0.9353423,-0.3438157,0.08321991,moving,-87.83591,80.41906,-3.395988,8.758621
4003,05/08/2023 17:08:59.948069,4244,True,True,True,True,Eyes,0.006983599,0.09070917,-2.656428,0.9752104,-0.219426,-0.02858334,0.0,0.0,0.0,0.0,0.0,0.0,0.0,-2.811205,0.549139,0.3456166,-0.05625071,0.08932304,-2.883181,0.1891515,0.6470997,-0.05092869,0.7368108,20.16041,84.43903,10.41806,0.01316789,0.03486763,-0.9993047,0.0,0.0,0.0,1.32255,-0.1555909,-2.748401,-0.07326558,0.2028129,1.307671,0.1573366,0.1697501,-0.9728464,0.3198493,0.923256,0.2128258,0.9343135,-0.3446496,0.09096748,moving,-88.32115,82.5782,-3.206789,8.816036
4004,05/08/2023 17:08:59.963185,4245,True,True,True,True,Eyes,0.004658736,0.09047095,-2.666537,0.9751167,-0.2207377,-0.02054887,0.0,0.0,0.0,0.0,0.0,0.0,0.0,-2.814959,0.5750032,0.374131,-0.05820057,0.08775774,-2.895429,0.1906739,0.6431451,-0.04822316,0.7400556,20.13587,83.88486,10.67316,0.01211428,0.03479377,-0.9993206,0.0,0.0,0.0,1.320475,-0.1573469,-2.748165,-0.06891745,0.1990046,1.310252,0.1680778,0.1738863,-0.9703162,0.3166376,0.922636,0.2201896,0.9335366,-0.3442475,0.1000157,moving,-88.79278,84.68156,-3.010905,8.636234
4005,05/08/2023 17:08:59.972949,4246,True,True,True,True,Eyes,0.002347002,0.09019201,-2.676753,0.9749326,-0.2221556,-0.01238711,0.0,0.0,0.0,0.0,0.0,0.0,0.0,-2.817296,0.6028453,0.4071245,-0.06018008,0.08623489,-2.907795,0.19224,0.6385806,-0.04524097,0.7437822,20.10547,83.24124,10.94041,0.01107774,0.03470545,-0.9993356,0.0,0.0,0.0,1.318149,-0.1593152,-2.747901,-0.0660097,0.1916653,1.312594,0.1803361,0.1782226,-0.967324,0.3128203,0.9219941,0.2281893,0.9325355,-0.3437494,0.1105172,moving,-89.27206,86.80857,-2.878951,8.307629
4006,05/08/2023 17:08:59.993063,4247,True,True,True,True,Eyes,7.290347e-05,0.08988103,-2.68709,0.9746286,-0.2237844,-0.004409695,0.0,0.0,0.0,0.0,0.0,0.0,0.0,-2.82011,0.6278075,0.4407873,-0.06218658,0.08500416,-2.920678,0.1947925,0.6336792,-0.0442583,0.7473606,20.3193,82.58569,11.11098,0.01005762,0.03460261,-0.99935,0.0,0.0,0.0,1.316224,-0.1609448,-2.747682,-0.06385812,0.1905416,1.314282,0.1929837,0.1807181,-0.9644161,0.3130257,0.9201941,0.2350693,0.9299313,-0.3472515,0.1210131,moving,-89.74077,88.87113,-2.78169,8.249136
4007,05/08/2023 17:09:00.012932,4248,True,True,True,True,Eyes,-0.002166024,0.08951901,-2.69755,0.9743107,-0.2251788,0.003632331,0.0,0.0,0.0,0.0,0.0,0.0,0.0,-2.823518,0.649982,0.4741113,-0.06356809,0.08400495,-2.93401,0.1960491,0.6291295,-0.0423748,0.7509762,20.35128,81.93607,11.25768,0.009054939,0.03448559,-0.9993637,0.0,0.0,0.0,1.313929,-0.162887,-2.747422,-0.06087914,0.1872201,1.315341,0.2048009,0.1830356,-0.9615377,0.3103254,0.9195383,0.2411379,0.9283076,-0.3477748,0.1315216,moving,89.7864,-89.07585,-2.649983,8.100827
4008,05/08/2023 17:09:00.030245,4249,True,True,True,True,Eyes,-0.004373091,0.08908991,-2.708133,0.9739134,-0.2266323,0.01142487,0.0,0.0,0.0,0.0,0.0,0.0,0.0,-2.829434,0.662989,0.5036047,-0.06498177,0.08237767,-2.947518,0.1947646,0.6258391,-0.03979284,0.7541941,20.09566,81.37824,11.28398,0.008069078,0.03435387,-0.9993767,0.0,0.0,0.0,1.311761,-0.1647217,-2.747175,-0.05562899,0.1818627,1.316666,0.213484,0.1837596,-0.9595087,0.3038057,0.9209666,0.2439728,0.9285077,-0.3435885,0.1407844,moving,89.3279,-87.11407,-2.419302,7.864141
4009,05/08/2023 17:09:00.044993,4250,True,True,True,True,Eyes,-0.006516691,0.08862498,-2.718816,0.9734808,-0.2279784,0.01899903,0.0,0.0,0.0,0.0,0.0,0.0,0.0,-2.838731,0.6679059,0.5235813,-0.06643747,0.08038259,-2.961039,0.1934354,0.623874,-0.0390262,0.7562017,19.95288,81.01952,11.18509,0.00710189,0.03420673,-0.9993891,0.0,0.0,0.0,1.309937,-0.1662656,-2.746968,-0.05073664,0.1860704,1.31684,0.2185164,0.1823353,-0.9586473,0.300382,0.9221194,0.2438575,0.928451,-0.3412473,0.146728,moving,88.88192,-85.23615,-2.206463,8.042691
4010,05/08/2023 17:09:00.063080,4251,True,True,True,True,Eyes,-0.008607551,0.08826391,-2.729618,0.9729069,-0.2297212,0.02608399,0.0,0.0,0.0,0.0,0.0,0.0,0.0,-2.850392,0.6693984,0.5324583,-0.06706083,0.07905316,-2.974154,0.1926094,0.6231994,-0.03910977,0.7569642,19.89778,80.8795,11.08944,0.006152725,0.03404425,-0.9994009,0.0,0.0,0.0,1.307873,-0.1680117,-2.746734,-0.04622594,0.1944553,1.315724,0.220186,0.1808587,-0.958545,0.2992775,0.9227441,0.2428504,0.9284133,-0.3403431,0.1490484,moving,88.46425,-83.52202,-2.012171,8.407074
4011,05/08/2023 17:09:00.073076,4252,True,True,True,True,Eyes,-0.01064962,0.08792473,-2.740554,0.9723228,-0.2312247,0.03351982,0.0,0.0,0.0,0.0,0.0,0.0,0.0,-2.855587,0.7058539,0.5304043,-0.06805071,0.08113892,-2.987092,0.1987868,0.6220659,-0.03729372,0.7563909,20.31122,80.97969,11.74502,0.005222446,0.03387184,-0.9994121,0.0,0.0,0.0,1.305724,-0.1698311,-2.746489,-0.04109046,0.204937,1.314408,0.2232865,0.1908997,-0.9558768,0.3037342,0.9181861,0.2543227,0.9262229,-0.3471193,0.1470358,moving,88.02557,-81.7515,-1.790573,8.861965
4012,05/08/2023 17:09:00.093192,4253,True,True,True,True,Eyes,-0.01265489,0.08766661,-2.751636,0.9715245,-0.233437,0.04058697,0.0,0.0,0.0,0.0,0.0,0.0,0.0,-2.846621,0.7647483,0.5757997,-0.06897003,0.08122909,-3.00138,0.2018827,0.615293,-0.02806897,0.7614921,19.9991,80.1152,12.64353,0.004311831,0.0336914,-0.9994225,0.0,0.0,0.0,1.303588,-0.1716385,-2.746247,-0.03398156,0.2128581,1.312677,0.2412534,0.2056854,-0.9484147,0.2911826,0.9169111,0.2729229,0.9257482,-0.3420054,0.1613159,moving,87.60777,-80.13676,-1.482898,9.210671
4013,05/08/2023 17:09:00.112826,4254,True,True,True,True,Eyes,-0.01457561,0.08763565,-2.762815,0.9705223,-0.236323,0.04730656,0.0,0.0,0.0,0.0,0.0,0.0,0.0,-2.858778,0.7731868,0.5804191,-0.07009058,0.08311604,-3.015873,0.2081262,0.6132611,-0.03466985,0.7611782,21.06124,80.05357,12.53212,0.00342125,0.03350677,-0.9994321,0.0,0.0,0.0,1.301434,-0.1734618,-2.746002,-0.02847606,0.2179059,1.311137,0.2454177,0.2024914,-0.9480333,0.3080512,0.9109631,0.2743188,0.9191706,-0.3593655,0.1611888,moving,87.20942,-78.68029,-1.244189,9.436091
4014,05/08/2023 17:09:00.132810,4255,True,True,True,True,Eyes,-0.01634513,0.08776409,-2.774075,0.9696635,-0.238379,0.0541111,0.0,0.0,0.0,0.0,0.0,0.0,0.0,-2.860452,0.8219491,0.5764108,-0.06995877,0.08866359,-3.029402,0.2195664,0.6105019,-0.03566623,0.7601357,22.16957,80.16672,13.35255,0.00255209,0.03332659,-0.9994407,0.0,0.0,0.0,1.299256,-0.1753049,-2.745755,-0.02801922,0.2227529,1.309226,0.2520308,0.213869,-0.9437906,0.3223137,0.901037,0.2902518,0.9124662,-0.377349,0.1581562,moving,86.80598,-77.21081,-1.226021,9.65589
4015,05/08/2023 17:09:00.148056,4256,True,True,True,True,Eyes,-0.01808106,0.08799795,-2.785414,0.9687794,-0.2403445,0.06083589,0.0,0.0,0.0,0.0,0.0,0.0,0.0,-2.864852,0.8392882,0.5979593,-0.06821987,0.09240088,-3.042391,0.2155866,0.6091189,-0.02651806,0.7627539,21.17295,79.80857,13.78425,0.001708744,0.03315629,-0.9994482,0.0,0.0,0.0,1.297244,-0.1770073,-2.745526,-0.0330466,0.2225527,1.308083,0.2565421,0.2221822,-0.9406494,0.3030892,0.9056385,0.2965737,0.9177816,-0.3611843,0.1649934,moving,86.40675,-75.79566,-1.447178,9.655649
4016,05/08/2023 17:09:00.163114,4257,True,True,True,True,Eyes,-0.01969776,0.08834527,-2.796815,0.9678191,-0.2423126,0.06790201,0.0,0.0,0.0,0.0,0.0,0.0,0.0,-2.871401,0.852674,0.6155634,-0.06916179,0.09515382,-3.055662,0.2163401,0.6070176,-0.02492252,0.7642681,21.15796,79.53108,13.93263,0.0008894584,0.03299843,-0.9994545,0.0,0.0,0.0,1.295101,-0.178821,-2.745283,-0.04204017,0.2261257,1.306334,0.2618172,0.2245495,-0.9386317,0.3007394,0.9051517,0.3004268,0.9170647,-0.3609405,0.1694534,moving,85.98672,-74.34581,-1.843245,9.820557
4017,05/08/2023 17:09:00.172969,4258,True,True,True,True,Eyes,-0.02118087,0.08877428,-2.808263,0.9669312,-0.2437549,0.07501624,0.0,0.0,0.0,0.0,0.0,0.0,0.0,-2.874651,0.8682032,0.6428626,-0.06795288,0.09823892,-3.068615,0.218064,0.6030318,-0.02427317,0.7669494,21.33149,79.00849,14.02652,9.689872e-05,0.03285587,-0.9994596,0.0,0.0,0.0,1.292782,-0.1807837,-2.745019,-0.05305344,0.2335977,1.303856,0.271527,0.2257665,-0.9355761,0.3002316,0.9037178,0.3052132,0.9144036,-0.3637632,0.1776015,moving,85.56378,-72.89411,-2.33006,10.1573
4018,05/08/2023 17:09:00.194004,4259,True,True,True,True,Eyes,-0.02256853,0.08917782,-2.819719,0.9660296,-0.244945,0.08239325,0.0,0.0,0.0,0.0,0.0,0.0,0.0,-2.885126,0.8579584,0.6698399,-0.06625788,0.1005409,-3.08127,0.212722,0.6013928,-0.02131082,0.7698194,20.67994,78.52312,13.79267,-0.000666355,0.03272993,-0.9994636,0.0,0.0,0.0,1.290775,-0.1824822,-2.744792,-0.06595036,0.2363597,1.301733,0.2757451,0.223048,-0.9349943,0.2886699,0.9085904,0.3018827,0.9168612,-0.3531474,0.1861521,moving,85.12501,-71.40837,-2.900325,10.29125
4019,05/08/2023 17:09:00.213039,4260,True,True,True,True,Eyes,-0.02384216,0.08960396,-2.83118,0.9651249,-0.2459332,0.08972678,0.0,0.0,0.0,0.0,0.0,0.0,0.0,-2.893535,0.8560166,0.6914675,-0.06525843,0.1003988,-3.093396,0.2103284,0.5994466,-0.02039964,0.7720167,20.43906,78.12317,13.62045,-0.001399181,0.03261806,-0.9994664,0.0,0.0,0.0,1.28872,-0.1842219,-2.744558,-0.07875252,0.2298573,1.300439,0.2804953,0.2206635,-0.9341468,0.283659,0.9106916,0.3002971,0.9169842,-0.3492111,0.1928515,moving,84.68854,-69.95589,-3.46551,10.02371
4020,05/08/2023 17:09:00.223310,4261,True,True,True,True,Eyes,-0.02504149,0.08997302,-2.842636,0.96411,-0.2470019,0.09737532,0.0,0.0,0.0,0.0,0.0,0.0,0.0,-2.899675,0.8607764,0.7115834,-0.06380877,0.1013328,-3.105006,0.2088918,0.5973598,-0.01851832,0.774069,20.21339,77.75368,13.61494,-0.002100726,0.03251956,-0.9994684,0.0,0.0,0.0,1.286461,-0.1861331,-2.744302,-0.08967212,0.2188276,1.299729,0.2856368,0.2208982,-0.9325319,0.2782359,0.9120426,0.3012691,0.9170586,-0.3455174,0.1990511,moving,84.23267,-68.48421,-3.946749,9.556918
4021,05/08/2023 17:09:00.248141,4262,True,True,True,True,Eyes,-0.02613349,0.09030521,-2.854096,0.962998,-0.2482867,0.1048258,0.0,0.0,0.0,0.0,0.0,0.0,0.0,-2.901799,0.8731201,0.7384212,-0.06314573,0.1003786,-3.116726,0.2081938,0.5941356,-0.01635314,0.7767824,20.0521,77.25016,13.66884,-0.002770619,0.03243116,-0.9994697,0.0,0.0,0.0,1.284507,-0.1877867,-2.74408,-0.09744334,0.2170329,1.298201,0.2934709,0.221985,-0.9298375,0.2727963,0.9127759,0.3040105,0.9162189,-0.3428745,0.2073165,moving,83.78761,-67.1107,-4.292589,9.490923
4022,05/08/2023 17:09:00.262930,4263,True,True,True,True,Eyes,-0.02713059,0.09066849,-2.865544,0.9616682,-0.2500984,0.11245,0.0,0.0,0.0,0.0,0.0,0.0,0.0,-2.904779,0.8972603,0.7465596,-0.06165364,0.09987225,-3.128321,0.2120503,0.5918483,-0.01632475,0.7774857,20.42956,77.08164,13.93152,-0.003407776,0.03235056,-0.9994704,0.0,0.0,0.0,1.282362,-0.189602,-2.743836,-0.1031803,0.2196036,1.295605,0.2988983,0.2256187,-0.9272304,0.2763877,0.9095364,0.3104085,0.9133837,-0.3490556,0.2095007,moving,83.33057,-65.79024,-4.553351,9.620133
4023,05/08/2023 17:09:00.273058,4264,True,True,True,True,Eyes,-0.0279614,0.09108075,-2.876934,0.9603149,-0.2516347,0.1203126,0.0,0.0,0.0,0.0,0.0,0.0,0.0,-2.894008,0.9584316,0.7598717,-0.06032872,0.1010576,-3.139653,0.2204208,0.5872762,-0.01217951,0.7786998,20.95218,76.81318,14.88707,-0.004012327,0.03227804,-0.9994705,0.0,0.0,0.0,1.280182,-0.1914477,-2.743588,-0.1084732,0.2197126,1.293332,0.3099168,0.2399274,-0.9199927,0.2778641,0.9025326,0.3289778,0.9092543,-0.3575887,0.2130428,moving,82.85893,-64.44642,-4.794238,9.641422
4024,05/08/2023 17:09:00.292858,4265,True,True,True,True,Eyes,-0.02866158,0.09146824,-2.888324,0.9587967,-0.2532488,0.1287394,0.0,0.0,0.0,0.0,0.0,0.0,0.0,-2.880449,0.9998153,0.7990127,-0.05719184,0.102558,-3.149801,0.2214784,0.5814494,-0.004104828,0.7828456,20.58155,76.04749,15.56027,-0.004581359,0.03221457,-0.9994701,0.0,0.0,0.0,1.278106,-0.1932041,-2.743352,-0.1117303,0.2142802,1.291687,0.3237994,0.2511301,-0.9121884,0.2639838,0.901861,0.3419932,0.9085518,-0.3515402,0.2257278,moving,82.35252,-63.05342,-4.943751,9.419117
4025,05/08/2023 17:09:00.313245,4266,True,True,True,True,Eyes,-0.02923557,0.09182309,-2.899683,0.9570972,-0.255141,0.1373611,0.0,0.0,0.0,0.0,0.0,0.0,0.0,-2.871599,1.016941,0.8509324,-0.05498917,0.1021843,-3.160834,0.2208608,0.5745788,-0.001447236,0.7880847,20.47369,75.01968,15.57395,-0.005114396,0.0321583,-0.9994693,0.0,0.0,0.0,1.276011,-0.194977,-2.743114,-0.1158139,0.2091556,1.289511,0.3397142,0.2515228,-0.9062728,0.2560849,0.9024369,0.3464509,0.9049942,-0.3497772,0.2421594,moving,81.83277,-61.70317,-5.132093,9.213006
4026,05/08/2023 17:09:00.323463,4267,True,True,True,True,Eyes,-0.02966749,0.09221533,-2.910996,0.9551337,-0.2575017,0.1463301,0.0,0.0,0.0,0.0,0.0,0.0,0.0,-2.869411,1.019752,0.8936145,-0.05253027,0.1018599,-3.171565,0.222299,0.5682383,-0.005356474,0.7922498,20.99707,74.12495,15.15999,-0.005610939,0.03210739,-0.9994683,0.0,0.0,0.0,1.273916,-0.1967504,-2.742877,-0.1212893,0.2133624,1.284932,0.3541532,0.2441502,-0.9027548,0.2611249,0.901109,0.3461452,0.8979918,-0.3583201,0.2553769,moving,81.28979,-60.39178,-5.392375,9.427912
4027,05/08/2023 17:09:00.348139,4268,True,True,True,True,Eyes,-0.02996215,0.09263259,-2.922205,0.952994,-0.2598555,0.155812,0.0,0.0,0.0,0.0,0.0,0.0,0.0,-2.866215,1.019803,0.9368379,-0.04985302,0.1030741,-3.181154,0.2238838,0.5617476,-0.009841098,0.7963786,21.57069,73.21017,14.69184,-0.006066821,0.03206292,-0.9994671,0.0,0.0,0.0,1.27176,-0.198575,-2.742632,-0.1238239,0.2198152,1.280731,0.3686855,0.2358579,-0.899134,0.2672068,0.8995584,0.3455361,0.890321,-0.3676489,0.2686313,moving,80.71445,-59.05267,-5.522318,9.738933
4028,05/08/2023 17:09:00.363185,4269,True,True,True,True,Eyes,-0.03009997,0.09304719,-2.933378,0.9506034,-0.262326,0.1659463,0.0,0.0,0.0,0.0,0.0,0.0,0.0,-2.854142,1.015486,1.006154,-0.04687225,0.1041505,-3.190085,0.2221218,0.5527036,-0.01169971,0.8031462,21.69868,71.78973,14.12474,-0.006484897,0.03202482,-0.9994649,0.0,0.0,0.0,1.26966,-0.2003524,-2.742393,-0.115339,0.1992746,1.281014,0.3887636,0.2267419,-0.8930012,0.2643282,0.9010501,0.3438595,0.8826061,-0.3697254,0.2903612,moving,80.09769,-57.68273,-5.144883,8.842067
4029,05/08/2023 17:09:00.373270,4270,True,True,True,True,Eyes,-0.03011394,0.09344192,-2.94448,0.9479628,-0.2650512,0.1763929,0.0,0.0,0.0,0.0,0.0,0.0,0.0,-2.848651,0.986704,1.077778,-0.04377209,0.1043586,-3.199561,0.2181203,0.5441033,-0.01755375,0.8099797,21.86668,70.30603,13.00995,-0.006861957,0.03199259,-0.9994628,0.0,0.0,0.0,1.267373,-0.202288,-2.742133,-0.1173361,0.2193931,1.27627,0.4072868,0.2089236,-0.889083,0.2657964,0.9042308,0.3342439,0.8737676,-0.3724481,0.3127501,moving,79.4592,-56.35604,-5.25282,9.753913
4030,05/08/2023 17:09:00.393250,4271,True,True,True,True,Eyes,-0.02998742,0.09382211,-2.955507,0.9452003,-0.2678108,0.1867456,0.0,0.0,0.0,0.0,0.0,0.0,0.0,-2.845196,0.9607227,1.137032,-0.04081875,0.104472,-3.20911,0.2168696,0.5362051,-0.02641114,0.8153245,22.45526,69.01942,11.83263,-0.007197919,0.03196503,-0.999461,0.0,0.0,0.0,1.265464,-0.2039032,-2.741916,-0.1166058,0.2293214,1.272422,0.423573,0.1895059,-0.8858179,0.2756405,0.9045401,0.3253147,0.8629069,-0.3819619,0.3309033,moving,78.82387,-55.11177,-5.236006,10.21642
4031,05/08/2023 17:09:00.413179,4272,True,True,True,True,Eyes,-0.02974585,0.09418269,-2.96644,0.9423086,-0.2705812,0.197079,0.0,0.0,0.0,0.0,0.0,0.0,0.0,-2.844965,0.9401335,1.180262,-0.03733577,0.1046362,-3.218439,0.2154845,0.5305383,-0.03277477,0.819159,22.81822,68.07364,10.94135,-0.007492193,0.03194125,-0.9994594,0.0,0.0,0.0,1.263276,-0.2057547,-2.741668,-0.1230544,0.2107425,1.273515,0.43491,0.17495,-0.8833153,0.282341,0.9049845,0.3182555,0.8550656,-0.3878086,0.3441912,moving,78.18716,-53.93211,-5.519115,9.396212
4032,05/08/2023 17:09:00.423228,4273,True,True,True,True,Eyes,-0.02937492,0.09456533,-2.97731,0.9393608,-0.2733814,0.2070356,0.0,0.0,0.0,0.0,0.0,0.0,0.0,-2.843103,0.9342599,1.212906,-0.0343367,0.104601,-3.227243,0.2150215,0.5260308,-0.03586225,0.8220531,23.03215,67.36944,10.47124,-0.007745164,0.0319203,-0.999458,0.0,0.0,0.0,1.261148,-0.2075556,-2.741426,-0.1243816,0.2293737,1.270923,0.444011,0.1672545,-0.8802728,0.2851772,0.9049593,0.3157889,0.8494282,-0.3912475,0.3541147,moving,77.57069,-52.86284,-5.589573,10.2305
4033,05/08/2023 17:09:00.447980,4274,True,True,True,True,Eyes,-0.02885542,0.09499694,-2.988065,0.9363129,-0.276037,0.2170753,0.0,0.0,0.0,0.0,0.0,0.0,0.0,-2.836148,0.9498665,1.239823,-0.03129056,0.1054281,-3.2359,0.2176342,0.5211665,-0.03710701,0.8244052,23.42294,66.7618,10.40135,-0.007956727,0.03190272,-0.9994569,0.0,0.0,0.0,1.258992,-0.2093806,-2.741181,-0.1209395,0.2511745,1.267568,0.4540172,0.1656648,-0.8754562,0.2880296,0.9025169,0.3201596,0.8431531,-0.3975153,0.3620418,moving,76.94711,-51.81851,-5.450129,11.20824
4034,05/08/2023 17:09:00.462904,4275,True,True,True,True,Eyes,-0.0281331,0.09545387,-2.998765,0.9333459,-0.2780963,0.2269976,0.0,0.0,0.0,0.0,0.0,0.0,0.0,-2.822046,0.970049,1.277218,-0.02724147,0.1070034,-3.244076,0.2182012,0.5153555,-0.03388807,0.828039,23.34627,65.9892,10.59305,-0.00812621,0.0318899,-0.999456,0.0,0.0,0.0,1.257018,-0.211051,-2.740957,-0.1127691,0.2470588,1.269791,0.4665206,0.1687811,-0.8682577,0.2810237,0.9024796,0.3264294,0.8386801,-0.396287,0.3735939,moving,76.33057,-50.77676,-5.075077,11.01028
4035,05/08/2023 17:09:00.473257,4276,True,True,True,True,Eyes,-0.02723028,0.09588796,-3.00938,0.9303209,-0.2799096,0.2369677,0.0,0.0,0.0,0.0,0.0,0.0,0.0,-2.808781,0.9805397,1.319576,-0.02222831,0.1077889,-3.252672,0.215664,0.5098397,-0.02880026,0.8322999,22.85257,65.16048,10.75531,-0.008251229,0.03188227,-0.9994553,0.0,0.0,0.0,1.254802,-0.2129266,-2.740705,-0.1083603,0.2383821,1.27156,0.4784681,0.1719672,-0.8611014,0.267849,0.9053192,0.3296272,0.8362567,-0.3883612,0.3871052,moving,75.70972,-49.74921,-4.870884,10.61811
4036,05/08/2023 17:09:00.492847,4277,True,True,True,True,Eyes,-0.02612268,0.09630077,-3.019899,0.9274252,-0.2812305,0.2465601,0.0,0.0,0.0,0.0,0.0,0.0,0.0,-2.797745,0.994985,1.353246,-0.01703751,0.1076118,-3.261407,0.2147243,0.5049189,-0.02498739,0.835659,22.58824,64.4715,10.93066,-0.008330457,0.03187859,-0.999455,0.0,0.0,0.0,1.252776,-0.2146412,-2.740475,-0.1016968,0.2246862,1.274125,0.4888651,0.1750748,-0.8546108,0.2585986,0.9065382,0.3336393,0.8331493,-0.3841057,0.3979009,moving,75.11204,-48.75834,-4.563504,10.00103
4037,05/08/2023 17:09:00.512931,4278,True,True,True,True,Eyes,-0.0248345,0.09668993,-3.030313,0.924465,-0.2823529,0.2562058,0.0,0.0,0.0,0.0,0.0,0.0,0.0,-2.789286,1.002702,1.384704,-0.01106486,0.1074621,-3.26975,0.2128415,0.5005788,-0.02138221,0.8388457,22.24014,63.82908,11.03792,-0.008361958,0.03187787,-0.9994549,0.0,0.0,0.0,1.250648,-0.2164425,-2.740234,-0.09765415,0.1970634,1.277703,0.4979274,0.1772151,-0.8489189,0.2489606,0.9084826,0.3356754,0.8307147,-0.3784893,0.4082387,moving,74.50984,-47.77953,-4.370588,8.767788
4038,05/08/2023 17:09:00.523573,4279,True,True,True,True,Eyes,-0.02332518,0.09703564,-3.040631,0.9215032,-0.2834396,0.2655066,0.0,0.0,0.0,0.0,0.0,0.0,0.0,-2.779375,1.010103,1.417821,-0.005478485,0.1072431,-3.277792,0.211479,0.4958047,-0.0187921,0.8420815,22.01192,63.13784,11.07275,-0.008344853,0.03187911,-0.9994552,0.0,0.0,0.0,1.248401,-0.2183436,-2.739979,-0.0945849,0.1886516,1.279276,0.5076492,0.1780556,-0.8429642,0.2413535,0.909847,0.3375307,0.8270676,-0.3747995,0.4189087,moving,73.92708,-46.87108,-4.228543,8.388805
4039,05/08/2023 17:09:00.548348,4280,True,True,True,True,Eyes,-0.02161765,0.09733809,-3.050833,0.9184099,-0.2845106,0.2749125,0.0,0.0,0.0,0.0,0.0,0.0,0.0,-2.769554,1.014927,1.451114,0.001086742,0.1065078,-3.285558,0.2107898,0.4905767,-0.01821512,0.8453227,21.97751,62.38776,10.94202,-0.008277072,0.03188078,-0.9994559,0.0,0.0,0.0,1.24643,-0.2200121,-2.739754,-0.09292831,0.1978966,1.278358,0.5180053,0.1760218,-0.8370705,0.2376124,0.9104718,0.3384989,0.8217121,-0.3742425,0.4298043,moving,73.3357,-45.98294,-4.157718,8.799843
4040,05/08/2023 17:09:00.563053,4281,True,True,True,True,Eyes,-0.01970967,0.09757604,-3.060887,0.9152993,-0.2856485,0.2839578,0.0,0.0,0.0,0.0,0.0,0.0,0.0,-2.759108,1.015411,1.487374,0.007521992,0.1058137,-3.293139,0.2100146,0.4849287,-0.01891673,0.8487521,22.01487,61.56268,10.66503,-0.008157568,0.03188154,-0.9994569,0.0,0.0,0.0,1.244239,-0.2218663,-2.739506,-0.08885196,0.2068687,1.277766,0.5289726,0.171573,-0.8311141,0.2357955,0.9110721,0.3381541,0.8152229,-0.3748472,0.441476,moving,72.76428,-45.17006,-3.977772,9.196324
4041,05/08/2023 17:09:00.574765,4282,True,True,True,True,Eyes,-0.0175807,0.09773386,-3.070825,0.9120749,-0.2867075,0.293118,0.0,0.0,0.0,0.0,0.0,0.0,0.0,-2.749093,1.010895,1.524832,0.01467669,0.1047193,-3.300508,0.2085291,0.4792306,-0.02003118,0.8523217,22.00373,60.70201,10.29641,-0.007985391,0.03187953,-0.9994583,0.0,0.0,0.0,1.242184,-0.2236058,-2.739272,-0.08560187,0.2060276,1.277707,0.5398735,0.1657211,-0.8252715,0.2340131,0.9122287,0.3362687,0.8085632,-0.3746669,0.4537073,moving,72.1839,-44.36657,-3.832888,9.159982
4042,05/08/2023 17:09:00.593229,4283,True,True,True,True,Eyes,-0.01524472,0.09778929,-3.080633,0.9088697,-0.2879407,0.3017381,0.0,0.0,0.0,0.0,0.0,0.0,0.0,-2.741131,1.001604,1.560644,0.02209529,0.1029965,-3.307797,0.2064366,0.4739417,-0.02163057,0.8557426,21.95118,59.8733,9.849379,-0.00775906,0.03187257,-0.9994602,0.0,0.0,0.0,1.239898,-0.2255402,-2.739012,-0.08288521,0.2091886,1.27789,0.5498227,0.1586574,-0.8200749,0.2326982,0.9138321,0.3328098,0.8022134,-0.3738163,0.4655265,moving,71.63421,-43.65963,-3.711063,9.296772
4043,05/08/2023 17:09:00.613312,4284,True,True,True,True,Eyes,-0.01269687,0.09775358,-3.090312,0.9055752,-0.2892014,0.3103161,0.0,0.0,0.0,0.0,0.0,0.0,0.0,-2.73717,0.9947838,1.586894,0.02959147,0.1006248,-3.314955,0.2054287,0.4696675,-0.02415217,0.8582705,22.0437,59.21355,9.407622,-0.007477755,0.031858,-0.9994626,0.0,0.0,0.0,1.237936,-0.2272007,-2.73879,-0.08313166,0.2206085,1.27687,0.5576584,0.1515081,-0.8161265,0.2344245,0.9144315,0.3299398,0.7962803,-0.3753137,0.4744231,moving,71.0848,-42.98291,-3.725032,9.802386
4044,05/08/2023 17:09:00.623015,4285,True,True,True,True,Eyes,-0.009946525,0.09760175,-3.099844,0.9023362,-0.2905745,0.3183642,0.0,0.0,0.0,0.0,0.0,0.0,0.0,-2.734,0.9910411,1.608532,0.03722414,0.09845956,-3.321628,0.204956,0.4658573,-0.02636663,0.8603923,22.16352,58.6415,9.044696,-0.007140631,0.03183382,-0.9994655,0.0,0.0,0.0,1.235675,-0.2291145,-2.738533,-0.08451293,0.2205335,1.277431,0.5645637,0.1455892,-0.8124479,0.2363317,0.9145957,0.3281189,0.7908319,-0.3772513,0.4819402,moving,70.56603,-42.38705,-3.785088,9.794901
4045,05/08/2023 17:09:00.648461,4286,True,True,True,True,Eyes,-0.006990542,0.09732708,-3.109252,0.8990421,-0.2920241,0.3262593,0.0,0.0,0.0,0.0,0.0,0.0,0.0,-2.733826,0.9840005,1.626382,0.04515354,0.09578651,-3.328057,0.203736,0.4628633,-0.02819898,0.8622379,22.17534,58.16214,8.693919,-0.006747279,0.03179746,-0.9994689,0.0,0.0,0.0,1.23367,-0.2308105,-2.738305,-0.08500781,0.206505,1.280168,0.5699247,0.1399754,-0.8096868,0.2372323,0.9153929,0.3252332,0.7867062,-0.3774423,0.4884984,moving,70.05434,-41.83069,-3.799069,9.163489
4046,05/08/2023 17:09:00.663030,4287,True,True,True,True,Eyes,-0.003828594,0.09694898,-3.118513,0.895754,-0.2937832,0.3336409,0.0,0.0,0.0,0.0,0.0,0.0,0.0,-2.733832,0.9890335,1.636624,0.05305111,0.09261505,-3.334543,0.2046025,0.460214,-0.02986285,0.863394,22.38273,57.80352,8.505104,-0.006298684,0.0317466,-0.9994737,0.0,0.0,0.0,1.231614,-0.2325512,-2.738072,-0.08130737,0.1930313,1.283199,0.5746225,0.136755,-0.8069121,0.2398887,0.9144921,0.3258185,0.782472,-0.3807918,0.4926817,moving,69.57118,-41.36512,-3.625587,8.554844
4047,05/08/2023 17:09:00.673510,4288,True,True,True,True,Eyes,-0.0004226076,0.09651648,-3.127628,0.8924497,-0.2955268,0.3408773,0.0,0.0,0.0,0.0,0.0,0.0,0.0,-2.731327,1.005615,1.643307,0.06140846,0.08989026,-3.340661,0.2069527,0.4574371,-0.03029545,0.8642941,22.67183,57.49539,8.536383,-0.005792205,0.03167938,-0.9994791,0.0,0.0,0.0,1.229425,-0.2344037,-2.737823,-0.07700233,0.1901599,1.28474,0.5796669,0.1369673,-0.8032598,0.241704,0.9125055,0.3300194,0.778181,-0.3854524,0.4958438,moving,69.0953,-40.92396,-3.429984,8.419464
4048,05/08/2023 17:09:00.693021,4289,True,True,True,True,Eyes,0.003186713,0.09601007,-3.136526,0.8892381,-0.2972215,0.3477284,0.0,0.0,0.0,0.0,0.0,0.0,0.0,-2.729,1.019377,1.650509,0.07067209,0.08815513,-3.346339,0.2081954,0.4549197,-0.02925618,0.8653595,22.7646,57.20774,8.656765,-0.005226834,0.031596,-0.999485,0.0,0.0,0.0,1.227326,-0.2361801,-2.737585,-0.07400791,0.1854077,1.286156,0.5843844,0.1387901,-0.7995201,0.2400585,0.9115975,0.3337092,0.7751561,-0.3869461,0.4994056,moving,68.64247,-40.52223,-3.293279,8.203045
4049,05/08/2023 17:09:00.713337,4290,True,True,True,True,Eyes,0.007061614,0.09546266,-3.145268,0.8860925,-0.298737,0.3543955,0.0,0.0,0.0,0.0,0.0,0.0,0.0,-2.728828,1.022028,1.660471,0.08043338,0.08617046,-3.351763,0.2070249,0.4528674,-0.02744461,0.8667749,22.56589,56.91394,8.715879,-0.004602871,0.0314961,-0.9994914,0.0,0.0,0.0,1.225215,-0.2379663,-2.737345,-0.07158951,0.1736091,1.288241,0.5883157,0.1399331,-0.7964317,0.2350863,0.912775,0.3340305,0.7737048,-0.3837456,0.5041035,moving,68.2009,-40.12915,-3.180742,7.675194
4050,05/08/2023 17:09:00.723500,4291,True,True,True,True,Eyes,0.0111769,0.09483936,-3.153817,0.8830546,-0.3000153,0.36084,0.0,0.0,0.0,0.0,0.0,0.0,0.0,-2.732864,1.025109,1.662502,0.0906811,0.08461002,-3.356773,0.2063267,0.4518361,-0.02581746,0.8675293,22.41543,56.77365,8.814433,-0.003918647,0.03138035,-0.9994981,0.0,0.0,0.0,1.223049,-0.2397999,-2.737099,-0.06525269,0.1625681,1.290355,0.5903552,0.1416569,-0.7946156,0.2312465,0.9135255,0.3346583,0.7733083,-0.3813194,0.506547,moving,67.77375,-39.74135,-2.894956,7.180694
4051,05/08/2023 17:09:00.748433,4292,True,True,True,True,Eyes,0.01553261,0.09412186,-3.162226,0.8800284,-0.3011072,0.3672663,0.0,0.0,0.0,0.0,0.0,0.0,0.0,-2.728491,1.025122,1.67967,0.1011393,0.08225738,-3.361522,0.2034142,0.4491525,-0.02203431,0.8697122,21.93887,56.36642,8.955915,-0.003173838,0.03124837,-0.999505,0.0,0.0,0.0,1.221024,-0.2415137,-2.736869,-0.05559726,0.1528112,1.292245,0.595553,0.144401,-0.7902309,0.221055,0.9162742,0.3340301,0.7723026,-0.3736171,0.5137694,moving,67.34753,-39.34698,-2.463561,6.744047
4052,05/08/2023 17:09:00.762901,4293,True,True,True,True,Eyes,0.02010649,0.09334563,-3.170456,0.8768838,-0.3025584,0.3735415,0.0,0.0,0.0,0.0,0.0,0.0,0.0,-2.726347,1.026066,1.69328,0.1112755,0.07924833,-3.366647,0.2019253,0.4465229,-0.02061776,0.8714464,21.737,55.98092,8.942733,-0.002366176,0.03109884,-0.999512,0.0,0.0,0.0,1.218927,-0.2432885,-2.73663,-0.04771847,0.1460927,1.2935,0.6003845,0.144394,-0.7865679,0.216263,0.9176021,0.3335215,0.7699148,-0.3703467,0.5196871,moving,66.92661,-39.00653,-2.112739,6.443893
4053,05/08/2023 17:09:00.773513,4294,True,True,True,True,Eyes,0.02497372,0.09263299,-3.178507,0.8737243,-0.3040942,0.3796479,0.0,0.0,0.0,0.0,0.0,0.0,0.0,-2.721894,1.041478,1.701625,0.1219433,0.07735691,-3.371655,0.2046777,0.4430179,-0.02184896,0.8725622,22.11997,55.57748,8.8937,-0.001495717,0.03093198,-0.9995189,0.0,0.0,0.0,1.216746,-0.2451336,-2.736383,-0.04296032,0.1422385,1.294402,0.6065156,0.1432226,-0.7820652,0.2194809,0.9152593,0.3378292,0.7641772,-0.3765471,0.5236844,moving,66.51424,-38.69438,-1.90091,6.270925
4054,05/08/2023 17:09:00.793352,4295,True,True,True,True,Eyes,0.0300917,0.09203111,-3.186312,0.8704804,-0.3057926,0.3856874,0.0,0.0,0.0,0.0,0.0,0.0,0.0,-2.722428,1.053216,1.701956,0.1338738,0.0782028,-3.375426,0.2067709,0.4409629,-0.02170575,0.873113,22.34679,55.37015,8.985407,-0.0005610761,0.03075198,-0.9995255,0.0,0.0,0.0,1.214588,-0.2469602,-2.736138,-0.03792661,0.1285448,1.296164,0.6101611,0.1444535,-0.7789971,0.2202598,0.9135493,0.3419259,0.7610447,-0.3802116,0.5255949,moving,66.1031,-38.40917,-1.676034,5.663688
4055,05/08/2023 17:09:00.815378,4296,True,True,True,True,Eyes,0.03545505,0.09146644,-3.19396,0.8671361,-0.3071959,0.3920532,0.0,0.0,0.0,0.0,0.0,0.0,0.0,-2.711529,1.078483,1.711568,0.1462938,0.08061524,-3.378917,0.2091203,0.43721,-0.0177969,0.8745282,22.41579,55.0004,9.446868,0.0004386077,0.030564,-0.9995314,0.0,0.0,0.0,1.212547,-0.2486871,-2.735906,-0.03387618,0.117895,1.29763,0.6170613,0.1517312,-0.7721484,0.2139868,0.9119039,0.3502013,0.7572616,-0.3813252,0.5302322,moving,65.67112,-38.08071,-1.495435,5.191303
4056,05/08/2023 17:09:00.823053,4297,True,True,True,True,Eyes,0.0410676,0.0908981,-3.201497,0.8634963,-0.3090095,0.3986067,0.0,0.0,0.0,0.0,0.0,0.0,0.0,-2.684066,1.098997,1.75026,0.1576165,0.08089352,-3.382902,0.2081825,0.4300768,-0.01134303,0.8783879,22.0544,54.10597,9.887016,0.001503632,0.03037026,-0.9995363,0.0,0.0,0.0,1.210392,-0.250511,-2.735661,-0.02832794,0.1169843,1.29828,0.6298105,0.1591417,-0.7602714,0.1989961,0.9130628,0.3559732,0.7508257,-0.3754867,0.543388,moving,65.22103,-37.7837,-1.249973,5.148857
4057,05/08/2023 17:09:00.848232,4298,True,True,True,True,Eyes,0.04684919,0.09039178,-3.208916,0.8596151,-0.3117416,0.4048198,0.0,0.0,0.0,0.0,0.0,0.0,0.0,-2.680145,1.098732,1.766582,0.1691311,0.08029915,-3.387646,0.2097004,0.4257539,-0.01516521,0.8800735,22.45867,53.51465,9.458447,0.002635036,0.03017134,-0.9995401,0.0,0.0,0.0,1.208231,-0.2523398,-2.735416,-0.02304564,0.1150794,1.298888,0.6370074,0.1518685,-0.7557496,0.2052545,0.9115915,0.3561903,0.7430291,-0.3820168,0.5495188,moving,64.78278,-37.59896,-1.016469,5.063097
4058,05/08/2023 17:09:00.863162,4299,True,True,True,True,Eyes,0.05282808,0.08996818,-3.216131,0.8556692,-0.3143705,0.4110979,0.0,0.0,0.0,0.0,0.0,0.0,0.0,-2.679863,1.130161,1.756914,0.1790574,0.08150098,-3.392193,0.2198076,0.4222278,-0.0232979,0.8791277,23.96333,53.24497,9.108149,0.003830565,0.02996992,-0.9995424,0.0,0.0,0.0,1.206217,-0.2540448,-2.735187,-0.01781461,0.1153615,1.299859,0.6423618,0.1446541,-0.7526265,0.2265814,0.9022837,0.3668038,0.7321423,-0.4061519,0.5468166,moving,64.3385,-37.40549,-0.7851913,5.071671
4059,05/08/2023 17:09:00.873228,4300,True,True,True,True,Eyes,0.05886127,0.08958296,-3.223251,0.8516027,-0.3173703,0.4171915,0.0,0.0,0.0,0.0,0.0,0.0,0.0,-2.682616,1.115272,1.768851,0.1901935,0.0831424,-3.394997,0.217596,0.4202822,-0.02377941,0.880596,23.77941,52.89755,8.864964,0.005089334,0.02976907,-0.9995429,0.0,0.0,0.0,1.204005,-0.255917,-2.734936,-0.01273358,0.115265,1.300699,0.6455949,0.1410233,-0.7505463,0.2247835,0.9041731,0.3632402,0.729849,-0.4032164,0.5520297,moving,63.90024,-37.26135,-0.5608962,5.064196
4060,05/08/2023 17:09:00.892818,4301,True,True,True,True,Eyes,0.06500699,0.08931662,-3.230237,0.8472786,-0.3211286,0.4230785,0.0,0.0,0.0,0.0,0.0,0.0,0.0,-2.683062,1.123053,1.773326,0.1975946,0.08377799,-3.399808,0.2216704,0.4173534,-0.02906858,0.880814,24.50449,52.54545,8.457073,0.006405355,0.02957017,-0.9995413,0.0,0.0,0.0,1.201975,-0.2576349,-2.734705,-0.009178519,0.1077021,1.302008,0.6499424,0.1338217,-0.7481086,0.2362378,0.9000345,0.366237,0.722334,-0.4147645,0.5533569,moving,63.4653,-37.19954,-0.4039004,4.728739
4061,05/08/2023 17:09:00.912934,4302,True,True,True,True,Eyes,0.07129937,0.0891764,-3.237078,0.8430116,-0.3245178,0.4289751,0.0,0.0,0.0,0.0,0.0,0.0,0.0,-2.682909,1.151481,1.763561,0.206503,0.08653664,-3.403517,0.2304889,0.4143644,-0.03524076,0.8797359,25.76898,52.32888,8.23616,0.007776302,0.02937679,-0.9995373,0.0,0.0,0.0,1.199832,-0.2594479,-2.734462,-0.007634953,0.102977,1.303025,0.6541204,0.1290076,-0.7453076,0.2530179,0.8912659,0.3763336,0.7128173,-0.4347436,0.5503541,moving,63.03026,-37.10734,-0.3357153,4.518646
4062,05/08/2023 17:09:00.928999,4303,True,True,True,True,Eyes,0.07770503,0.08910097,-3.243808,0.8388133,-0.3272089,0.4351167,0.0,0.0,0.0,0.0,0.0,0.0,0.0,-2.676086,1.152272,1.78116,0.2163406,0.0893793,-3.406891,0.2287623,0.4114879,-0.03184583,0.881664,25.44163,51.94085,8.412496,0.009199671,0.02919255,-0.9995307,0.0,0.0,0.0,1.197639,-0.2613043,-2.734213,-0.006721735,0.1049716,1.303787,0.6593271,0.1321112,-0.7401584,0.2444205,0.8933073,0.3771746,0.7110179,-0.4295914,0.556691,moving,62.58293,-36.94326,-0.2953884,4.603117
4063,05/08/2023 17:09:00.948042,4304,True,True,True,True,Eyes,0.08423355,0.08907963,-3.250455,0.8346627,-0.3295628,0.4412782,0.0,0.0,0.0,0.0,0.0,0.0,0.0,-2.663576,1.159358,1.804882,0.225744,0.09080784,-3.411325,0.2255351,0.4082238,-0.02456936,0.8842419,24.76609,51.52295,8.913163,0.01067326,0.02901861,-0.9995211,0.0,0.0,0.0,1.19554,-0.263081,-2.733974,-0.008023769,0.1067802,1.304593,0.6654994,0.1406871,-0.7330195,0.2275881,0.8970605,0.3787956,0.7108546,-0.4189147,0.5649746,moving,62.13503,-36.75373,-0.3523874,4.679195
4064,05/08/2023 17:09:00.963019,4305,True,True,True,True,Eyes,0.09087186,0.08910251,-3.257019,0.8304408,-0.3315476,0.4477101,0.0,0.0,0.0,0.0,0.0,0.0,0.0,-2.649915,1.176923,1.823648,0.2352549,0.0921049,-3.416001,0.2248165,0.4045934,-0.01847258,0.8862395,24.4205,51.12097,9.429478,0.01219543,0.02885566,-0.9995085,0.0,0.0,0.0,1.193545,-0.2647688,-2.733748,-0.007790789,0.1066966,1.306078,0.6719258,0.1491763,-0.7254392,0.2146608,0.8982326,0.3835347,0.7088275,-0.4134302,0.5715234,moving,61.66985,-36.52145,-0.3417668,4.670259
4065,05/08/2023 17:09:00.973183,4306,True,True,True,True,Eyes,0.09760828,0.0891445,-3.263499,0.8262469,-0.3332478,0.4541609,0.0,0.0,0.0,0.0,0.0,0.0,0.0,-2.639187,1.185084,1.843848,0.2446411,0.0931311,-3.42067,0.2228967,0.4013113,-0.01317491,0.888309,23.98998,50.71091,9.799294,0.01376384,0.02870404,-0.9994925,0.0,0.0,0.0,1.191311,-0.2666593,-2.733494,-0.005810201,0.1058992,1.307631,0.6775513,0.1554952,-0.7188501,0.2023087,0.900287,0.3854278,0.7071035,-0.4065768,0.5785326,moving,61.20384,-36.26995,-0.2545809,4.630027
4066,05/08/2023 17:09:00.992987,4307,True,True,True,True,Eyes,0.104387,0.08919588,-3.2699,0.821809,-0.3351352,0.4607759,0.0,0.0,0.0,0.0,0.0,0.0,0.0,-2.627175,1.195426,1.863953,0.2537647,0.09353207,-3.42524,0.2216551,0.3977054,-0.008616622,0.8902951,23.6739,50.26859,10.12258,0.01537595,0.02856331,-0.999473,0.0,0.0,0.0,1.189303,-0.2683589,-2.733266,-0.003085434,0.1106409,1.309185,0.6835123,0.1609642,-0.7119701,0.1916495,0.9015896,0.3878231,0.7043305,-0.4015306,0.5853989,moving,60.72131,-36.02944,-0.1350321,4.830658
4067,05/08/2023 17:09:01.013094,4308,True,True,True,True,Eyes,0.1112387,0.08931535,-3.276202,0.8171917,-0.3370396,0.4675489,0.0,0.0,0.0,0.0,0.0,0.0,0.0,-2.608264,1.214807,1.887788,0.2618836,0.09386877,-3.430036,0.2230189,0.3923862,-0.006341948,0.8923315,23.76527,49.6469,10.30384,0.01702794,0.02843273,-0.9994499,0.0,0.0,0.0,1.187191,-0.2701467,-2.733026,-0.001919508,0.1109511,1.310688,0.6919858,0.1637008,-0.7031057,0.1863373,0.9004447,0.3930366,0.6974483,-0.4029906,0.5925913,moving,60.22435,-35.78651,-0.08390986,4.838613
4068,05/08/2023 17:09:01.032814,4309,True,True,True,True,Eyes,0.1181985,0.08948968,-3.282443,0.8121884,-0.3391179,0.4747094,0.0,0.0,0.0,0.0,0.0,0.0,0.0,-2.58484,1.225414,1.921386,0.2705911,0.09563746,-3.434006,0.2237618,0.385628,-0.005557197,0.8950926,23.88242,48.78732,10.245,0.01871711,0.02831345,-0.9994231,0.0,0.0,0.0,1.184967,-0.2720284,-2.732773,-0.004330397,0.1057373,1.31259,0.7025204,0.1626292,-0.6928325,0.182526,0.8997996,0.3962889,0.6878585,-0.404861,0.6024436,moving,59.6945,-35.54086,-0.1890252,4.605584
4069,05/08/2023 17:09:01.048067,4310,True,True,True,True,Eyes,0.1252467,0.08971212,-3.288615,0.8070009,-0.3411092,0.4820727,0.0,0.0,0.0,0.0,0.0,0.0,0.0,-2.556583,1.225503,1.967846,0.279788,0.09699686,-3.438416,0.2221553,0.3776576,-0.004318118,0.8988901,23.74382,47.70015,10.06894,0.02044295,0.02820602,-0.9993923,0.0,0.0,0.0,1.182929,-0.2737537,-2.732542,-0.01061249,0.104452,1.31435,0.7147123,0.1600342,-0.6808637,0.1755603,0.9012567,0.3961248,0.6770266,-0.4026479,0.6160436,moving,59.14746,-35.28279,-0.4626145,4.543772
4070,05/08/2023 17:09:01.063022,4311,True,True,True,True,Eyes,0.1324087,0.08998598,-3.294756,0.8015043,-0.3434126,0.4895492,0.0,0.0,0.0,0.0,0.0,0.0,0.0,-2.535105,1.220671,2.007699,0.2890579,0.09836435,-3.443025,0.2208576,0.3707048,-0.004935448,0.9020951,23.7113,46.72786,9.736531,0.02220295,0.0281108,-0.9993575,0.0,0.0,0.0,1.180887,-0.2754818,-2.73231,-0.02115908,0.1050697,1.315321,0.7251073,0.1548415,-0.671002,0.1726505,0.9023951,0.39481,0.6666418,-0.4021284,0.6275997,moving,58.58391,-35.04918,-0.9216163,4.567166
4071,05/08/2023 17:09:01.072856,4312,True,True,True,True,Eyes,0.1396463,0.0903153,-3.300802,0.7959235,-0.3454886,0.4971351,0.0,0.0,0.0,0.0,0.0,0.0,0.0,-2.519828,1.217354,2.038198,0.2982572,0.09973447,-3.447728,0.2207027,0.3648751,-0.006905648,0.9044938,23.8465,45.91666,9.348095,0.02399669,0.02802812,-0.9993184,0.0,0.0,0.0,1.178811,-0.2772387,-2.732074,-0.03377244,0.114514,1.316768,0.7336369,0.1485656,-0.6631027,0.1735501,0.9024852,0.3942091,0.6570063,-0.4042878,0.6363129,moving,58.01104,-34.79773,-1.469198,4.970275
4072,05/08/2023 17:09:01.093202,4313,True,True,True,True,Eyes,0.1396463,0.0903153,-3.300802,0.7959235,-0.3454886,0.4971351,0.0,0.0,0.0,0.0,0.0,0.0,0.0,-2.505059,1.204612,2.071699,0.307376,0.1013641,-3.451607,0.2180997,0.3595785,-0.007038861,0.9072411,23.62821,45.13738,9.047882,0.0258225,0.02795843,-0.9992748,0.0,0.0,0.0,1.176689,-0.2790343,-2.731833,-0.02922368,0.1059503,1.319861,0.7413075,0.144076,-0.6555191,0.1696198,0.904766,0.390676,0.6493785,-0.4008001,0.6462716,moving,58.01104,-34.79773,-1.268406,4.589513
4073,05/08/2023 17:09:01.112765,4314,True,True,True,True,Eyes,0.1396463,0.0903153,-3.300802,0.7959235,-0.3454886,0.4971351,0.0,0.0,0.0,0.0,0.0,0.0,0.0,-2.481147,1.195444,2.1142,0.3160969,0.1019924,-3.45611,0.214995,0.3528155,-0.005752378,0.9106401,23.30496,44.18412,8.845858,0.02746579,0.02789562,-0.9992327,0.0,0.0,0.0,1.174494,-0.2808924,-2.731584,-0.03778201,0.1297836,1.320622,0.7509764,0.1412304,-0.6450492,0.1621838,0.9074882,0.3875069,0.6401023,-0.3956251,0.6585969,moving,58.01104,-34.79773,-1.638743,5.6127
4074,05/08/2023 17:09:01.123570,4315,True,True,True,True,Eyes,0.1396463,0.0903153,-3.300802,0.7959235,-0.3454886,0.4971351,0.0,0.0,0.0,0.0,0.0,0.0,0.0,-2.457103,1.187384,2.154863,0.3253341,0.1029169,-3.460382,0.2127386,0.3458554,-0.005554873,0.9138357,23.12002,43.21531,8.566968,0.0289448,0.02783903,-0.9991925,0.0,0.0,0.0,1.172264,-0.2827793,-2.73133,-0.04767919,0.1522176,1.320792,0.7607064,0.1370011,-0.6344734,0.157306,0.9094229,0.3849738,0.6297465,-0.3926585,0.6702527,moving,58.01104,-34.79773,-2.067419,6.574177
4075,05/08/2023 17:09:01.148235,4316,True,True,True,True,Eyes,0.1396463,0.0903153,-3.300802,0.7959235,-0.3454886,0.4971351,0.0,0.0,0.0,0.0,0.0,0.0,0.0,-2.434905,1.190753,2.187539,0.3347812,0.103493,-3.465429,0.2124642,0.3393743,-0.005452088,0.9163267,23.14589,42.36733,8.393296,0.03027559,0.02778805,-0.9991546,0.0,0.0,0.0,1.169902,-0.2847787,-2.731062,-0.05902398,0.1260051,1.323924,0.7695909,0.1342179,-0.624272,0.1542015,0.9096586,0.3856725,0.6196386,-0.3930737,0.6793683,moving,58.01104,-34.79773,-2.552705,5.436778
4076,05/08/2023 17:09:01.163076,4317,True,True,True,True,Eyes,0.1396463,0.0903153,-3.300802,0.7959235,-0.3454886,0.4971351,0.0,0.0,0.0,0.0,0.0,0.0,0.0,-2.417082,1.198078,2.212323,0.3445759,0.1037806,-3.470237,0.2127542,0.3339536,-0.004908118,0.918252,23.20375,41.68322,8.325649,0.03147321,0.02774214,-0.9991189,0.0,0.0,0.0,1.168044,-0.2863505,-2.730851,-0.06662303,0.1243395,1.327339,0.7769018,0.1330863,-0.6153955,0.1511139,0.9094231,0.3874457,0.6112188,-0.3940021,0.6864213,moving,58.01104,-34.79773,-2.873432,5.351609
4077,05/08/2023 17:09:01.173298,4318,True,True,True,True,Eyes,0.1396463,0.0903153,-3.300802,0.7959235,-0.3454886,0.4971351,0.0,0.0,0.0,0.0,0.0,0.0,0.0,-2.404008,1.216727,2.225931,0.3539732,0.1050395,-3.475359,0.2152763,0.3296536,-0.004481087,0.9192196,23.49861,41.20452,8.382738,0.03255111,0.02770077,-0.9990855,0.0,0.0,0.0,1.165901,-0.2881645,-2.730608,-0.06844386,0.1244068,1.328831,0.7826169,0.133695,-0.6079774,0.1501714,0.907272,0.3928179,0.6041187,-0.3987268,0.6899692,moving,58.01104,-34.79773,-2.948519,5.348512
4078,05/08/2023 17:09:01.192877,4319,True,True,True,True,Eyes,0.1396463,0.0903153,-3.300802,0.7959235,-0.3454886,0.4971351,0.0,0.0,0.0,0.0,0.0,0.0,0.0,-2.387783,1.228099,2.245361,0.3635938,0.1062259,-3.47964,0.2154297,0.3252203,-0.001718208,0.9207708,23.44324,40.69141,8.585357,0.03352096,0.02766353,-0.9990545,0.0,0.0,0.0,1.163962,-0.2898058,-2.730387,-0.07591283,0.1063877,1.331108,0.7884576,0.1369601,-0.599647,0.1432883,0.9071742,0.3956051,0.5981664,-0.3978403,0.6956435,moving,58.01104,-34.79773,-3.264031,4.569602
4079,05/08/2023 17:09:01.212918,4320,True,True,True,True,Eyes,0.1396463,0.0903153,-3.300802,0.7959235,-0.3454886,0.4971351,0.0,0.0,0.0,0.0,0.0,0.0,0.0,-2.368394,1.236414,2.270478,0.3730364,0.1072425,-3.484597,0.214965,0.3200909,0.0009555753,0.9226761,23.33299,40.07105,8.730906,0.03439399,0.02762998,-0.9990258,0.0,0.0,0.0,1.161817,-0.2916206,-2.730144,-0.08164611,0.1001458,1.33216,0.7950818,0.1393801,-0.5902696,0.1358533,0.9075783,0.3972979,0.5910912,-0.3960744,0.7026637,moving,58.01104,-34.79773,-3.507186,4.299154
4080,05/08/2023 17:09:01.223679,4321,True,True,True,True,Eyes,0.1500155,0.09087832,-3.308321,0.7880191,-0.3497002,0.5066909,0.0,0.0,0.0,0.0,0.0,0.0,0.0,-2.344296,1.252776,2.295416,0.3826903,0.107482,-3.489427,0.2159249,0.3141077,0.003105461,0.9245017,23.40918,39.37098,8.862909,0.03517954,0.02759977,-0.9989992,0.0,0.0,0.0,1.159246,-0.2937964,-2.729852,-0.0877769,0.09294578,1.332812,0.8026533,0.1413894,-0.5794452,0.1299054,0.9067336,0.4011968,0.5821274,-0.397295,0.7094254,moving,57.25926,-34.61207,-3.767968,3.989154
4081,05/08/2023 17:09:01.248134,4322,True,True,True,True,Eyes,0.1603705,0.09141433,-3.315719,0.7800267,-0.3537964,0.5161263,0.0,0.0,0.0,0.0,0.0,0.0,0.0,-2.323371,1.258393,2.322551,0.3929078,0.1078729,-3.494258,0.2156176,0.3083356,0.004289984,0.9265094,23.3844,38.64521,8.831242,0.03618953,0.02758303,-0.9989636,0.0,0.0,0.0,1.157586,-0.2952013,-2.729663,-0.0894686,0.08960649,1.334337,0.8098216,0.1409145,-0.5695016,0.1250157,0.9069813,0.4021889,0.5732015,-0.3968979,0.7168766,moving,56.50828,-34.43002,-3.835997,3.841892
4082,05/08/2023 17:09:01.263041,4323,True,True,True,True,Eyes,0.170683,0.09189107,-3.322983,0.7719572,-0.3577994,0.5254157,0.0,0.0,0.0,0.0,0.0,0.0,0.0,-2.302942,1.266787,2.346829,0.4029963,0.1077743,-3.498839,0.2160661,0.3026525,0.004774632,0.9282749,23.46866,37.93819,8.757,0.03739911,0.02757765,-0.9989192,0.0,0.0,0.0,1.155491,-0.2969743,-2.729425,-0.09560123,0.09927806,1.333811,0.8167574,0.1396502,-0.5598261,0.1219215,0.9065853,0.4040275,0.5639526,-0.3982473,0.7234339,moving,55.7597,-34.25422,-4.099679,4.256784
4083,05/08/2023 17:09:01.273565,4324,True,True,True,True,Eyes,0.1809896,0.09229675,-3.330136,0.7638093,-0.3616465,0.5346093,0.0,0.0,0.0,0.0,0.0,0.0,0.0,-2.284885,1.269679,2.371507,0.4132242,0.1070203,-3.503516,0.2156984,0.2972789,0.004902301,0.9300944,23.47351,37.24271,8.61288,0.03878692,0.02758075,-0.9988663,0.0,0.0,0.0,1.153273,-0.2988513,-2.729173,-0.09747192,0.1113244,1.333926,0.8232024,0.1373644,-0.55088,0.1191259,0.9069003,0.4041544,0.5551096,-0.398325,0.7301989,moving,55.01086,-34.07713,-4.17926,4.770635
4084,05/08/2023 17:09:01.293090,4325,True,True,True,True,Eyes,0.1913333,0.09262995,-3.337226,0.7555256,-0.3655609,0.5436417,0.0,0.0,0.0,0.0,0.0,0.0,0.0,-2.264918,1.27409,2.396637,0.423468,0.1057221,-3.508066,0.2154045,0.2916653,0.005206508,0.9319363,23.48128,36.52365,8.486543,0.04033324,0.02758939,-0.9988049,0.0,0.0,0.0,1.151292,-0.3005283,-2.728948,-0.09381759,0.09942122,1.334669,0.8298084,0.1353563,-0.541384,0.1159478,0.9071476,0.4045236,0.54587,-0.3984494,0.7370645,moving,54.26294,-33.91806,-4.020864,4.260167
4085,05/08/2023 17:09:01.312719,4326,True,True,True,True,Eyes,0.2016737,0.09287573,-3.344221,0.7471657,-0.3693813,0.5525404,0.0,0.0,0.0,0.0,0.0,0.0,0.0,-2.244719,1.287125,2.417596,0.4336788,0.1041982,-3.513017,0.2165221,0.2861156,0.005431013,0.9333953,23.64656,35.84834,8.41402,0.04202183,0.02760085,-0.998735,0.0,0.0,0.0,1.149147,-0.3023439,-2.728704,-0.08431363,0.09301184,1.335875,0.8362168,0.1340392,-0.5317659,0.1137621,0.9061773,0.4073091,0.5364697,-0.4010935,0.7425122,moving,53.51651,-33.7633,-3.611428,3.982857
4086,05/08/2023 17:09:01.332914,4327,True,True,True,True,Eyes,0.2120618,0.09303824,-3.351172,0.7386777,-0.3732813,0.5612631,0.0,0.0,0.0,0.0,0.0,0.0,0.0,-2.222864,1.299712,2.43967,0.4440124,0.102361,-3.517775,0.2172424,0.2804245,0.006245919,0.9349487,23.74819,35.15836,8.387727,0.04383762,0.02761227,-0.9986566,0.0,0.0,0.0,1.147045,-0.3041227,-2.728466,-0.07429707,0.1007808,1.335838,0.8426461,0.1335194,-0.5216513,0.1101609,0.9055335,0.4097239,0.5270787,-0.4027179,0.7483357,moving,52.77166,-33.62683,-3.183417,4.314445
4087,05/08/2023 17:09:01.348550,4328,True,True,True,True,Eyes,0.2224481,0.09309846,-3.358041,0.730155,-0.3770146,0.5698541,0.0,0.0,0.0,0.0,0.0,0.0,0.0,-2.205361,1.313751,2.4572,0.454242,0.1003471,-3.522922,0.2181506,0.2755999,0.007241572,0.9361638,23.85716,34.58839,8.41279,0.04576732,0.02762119,-0.9985698,0.0,0.0,0.0,1.144873,-0.305961,-2.728219,-0.06324536,0.1077933,1.335743,0.8479845,0.1338032,-0.5128539,0.106686,0.9047158,0.412441,0.5191728,-0.4044579,0.75291,moving,52.02952,-33.48856,-2.710841,4.613722
4088,05/08/2023 17:09:01.363197,4329,True,True,True,True,Eyes,0.2328741,0.09304488,-3.364862,0.7215089,-0.3806783,0.5783675,0.0,0.0,0.0,0.0,0.0,0.0,0.0,-2.181338,1.32927,2.479192,0.4646503,0.09793049,-3.527903,0.2184323,0.2699999,0.009882462,0.9377046,23.8481,33.94169,8.582191,0.04779897,0.02762487,-0.9984745,0.0,0.0,0.0,1.142799,-0.3077159,-2.727983,-0.04354358,0.1022493,1.336465,0.8540049,0.136487,-0.5020428,0.09941968,0.9043794,0.4149864,0.5106775,-0.4043134,0.7587749,moving,51.28405,-33.35269,-1.866102,4.375021
4089,05/08/2023 17:09:01.372841,4330,True,True,True,True,Eyes,0.2432954,0.09289238,-3.371619,0.7127972,-0.3842495,0.5867473,0.0,0.0,0.0,0.0,0.0,0.0,0.0,-2.157591,1.336637,2.505247,0.4751964,0.09500004,-3.53316,0.2172361,0.2643765,0.01266104,0.9395496,23.67283,33.26005,8.707776,0.04992175,0.02762049,-0.9983708,0.0,0.0,0.0,1.140471,-0.3096866,-2.727719,-0.02368414,0.09808525,1.336532,0.8598895,0.1386556,-0.4912888,0.09107291,0.9052963,0.4149027,0.5022905,-0.4015136,0.7658271,moving,50.5401,-33.22002,-1.015209,4.197292
4090,05/08/2023 17:09:01.392896,4331,True,True,True,True,Eyes,0.253761,0.09265936,-3.378326,0.7039627,-0.3878743,0.5949706,0.0,0.0,0.0,0.0,0.0,0.0,0.0,-2.133104,1.35211,2.527225,0.4855505,0.09249608,-3.538487,0.2179936,0.2585254,0.01415169,0.94098,23.76198,32.57077,8.75755,0.05212536,0.02760599,-0.9982585,0.0,0.0,0.0,1.13859,-0.3112783,-2.727505,-0.005834997,0.1057028,1.335885,0.8659287,0.1393467,-0.4803644,0.08608084,0.904557,0.4175723,0.4927044,-0.4029381,0.7712869,moving,49.79639,-33.10121,-0.25026,4.524139
4091,05/08/2023 17:09:01.413262,4332,True,True,True,True,Eyes,0.2642257,0.09235185,-3.384989,0.6950275,-0.3913663,0.6031328,0.0,0.0,0.0,0.0,0.0,0.0,0.0,-2.109418,1.369916,2.546649,0.4963207,0.0902123,-3.543623,0.2188458,0.2530292,0.0164855,0.9422373,23.83265,31.94903,8.918834,0.05440135,0.02758007,-0.9981378,0.0,0.0,0.0,1.136355,-0.3131698,-2.727252,0.00348109,0.1095961,1.334674,0.8714089,0.1418152,-0.4696115,0.07968222,0.9036696,0.4207518,0.4840426,-0.4040666,0.7761655,moving,49.04912,-32.9791,0.1494383,4.694286
4092,05/08/2023 17:09:01.423002,4333,True,True,True,True,Eyes,0.2747151,0.09198937,-3.391638,0.6858442,-0.3951459,0.611128,0.0,0.0,0.0,0.0,0.0,0.0,0.0,-2.072802,1.390615,2.575313,0.5068229,0.08809585,-3.549356,0.2193552,0.2456825,0.02031516,0.9439867,23.83816,31.12094,9.193406,0.05674204,0.02754174,-0.9980085,0.0,0.0,0.0,1.134198,-0.3149947,-2.727007,0.008318603,0.1114917,1.333894,0.8784547,0.146138,-0.4549295,0.06942897,0.9029412,0.4241189,0.4727545,-0.4041546,0.7830468,moving,48.29706,-32.88608,0.3573109,4.777884
4093,05/08/2023 17:09:01.448700,4334,True,True,True,True,Eyes,0.285243,0.09162341,-3.398263,0.6764863,-0.3991011,0.6189382,0.0,0.0,0.0,0.0,0.0,0.0,0.0,-2.034964,1.425978,2.596908,0.5177836,0.08643553,-3.555679,0.2229493,0.2379616,0.02257268,0.9450706,24.24648,30.28721,9.390686,0.05913987,0.02749068,-0.9978707,0.0,0.0,0.0,1.13207,-0.3167963,-2.726765,0.01251227,0.1170221,1.33306,0.8857295,0.1487723,-0.4397159,0.06344122,0.8995681,0.4321486,0.4598462,-0.4106628,0.7873358,moving,47.54364,-32.81456,0.5377697,5.016827
4094,05/08/2023 17:09:01.463557,4335,True,True,True,True,Eyes,0.2958258,0.09126504,-3.404861,0.6669328,-0.4029764,0.6267461,0.0,0.0,0.0,0.0,0.0,0.0,0.0,-1.994713,1.46495,2.617163,0.5293153,0.08604033,-3.56187,0.2272976,0.2298894,0.02484891,0.9459754,24.74691,29.42995,9.604211,0.06158907,0.02742811,-0.9977242,0.0,0.0,0.0,1.130048,-0.318507,-2.726535,0.01872253,0.1101519,1.33257,0.8930668,0.1515195,-0.4236431,0.05749367,0.8954367,0.4414608,0.4462355,-0.4186108,0.7909734,moving,46.77926,-32.73964,0.8049495,4.725399
4095,05/08/2023 17:09:01.472876,4336,True,True,True,True,Eyes,0.3064571,0.09087795,-3.411432,0.6573275,-0.4065109,0.6345623,0.0,0.0,0.0,0.0,0.0,0.0,0.0,-1.960696,1.472708,2.648973,0.5412061,0.08583044,-3.56791,0.2264738,0.222595,0.02769043,0.9478367,24.64488,28.55851,9.711144,0.06408472,0.02735549,-0.9975691,0.0,0.0,0.0,1.1279,-0.3203251,-2.726291,0.02341056,0.09399049,1.33183,0.8993694,0.1533159,-0.4094251,0.04833189,0.8958857,0.4416479,0.4345098,-0.4169929,0.7983221,moving,46.00954,-32.64428,1.007026,4.036809
4096,05/08/2023 17:09:01.492792,4337,True,True,True,True,Eyes,0.3171295,0.09043708,-3.417976,0.6476539,-0.4096332,0.6424524,0.0,0.0,0.0,0.0,0.0,0.0,0.0,-1.934138,1.46653,2.68229,0.5530605,0.08471391,-3.573965,0.2237305,0.2162449,0.02967389,0.949896,24.3436,27.74158,9.676166,0.06662215,0.02727305,-0.9974052,0.0,0.0,0.0,1.125794,-0.3221079,-2.726052,0.0259372,0.08459249,1.330225,0.9047152,0.1531354,-0.3975424,0.04038695,0.8981282,0.4378751,0.4240982,-0.4122078,0.8063655,moving,45.23101,-32.52194,1.117032,3.63869
4097,05/08/2023 17:09:01.512913,4338,True,True,True,True,Eyes,0.3278375,0.08992638,-3.4245,0.6379623,-0.4123462,0.6503652,0.0,0.0,0.0,0.0,0.0,0.0,0.0,-1.910251,1.452825,2.717159,0.5648576,0.08292978,-3.580052,0.2197047,0.2103272,0.03177875,0.9520939,23.89056,26.95593,9.628745,0.06919758,0.02718025,-0.9972323,0.0,0.0,0.0,1.123724,-0.3238593,-2.725817,0.02685088,0.07325467,1.327991,0.9095051,0.1529324,-0.3865386,0.03190704,0.9014399,0.4317268,0.4144663,-0.404991,0.8149846,moving,44.44842,-32.37562,1.158316,3.157352
4098,05/08/2023 17:09:01.523464,4339,True,True,True,True,Eyes,0.338569,0.08950066,-3.430983,0.6282414,-0.4154683,0.6577985,0.0,0.0,0.0,0.0,0.0,0.0,0.0,-1.88534,1.440107,2.75161,0.5764787,0.08067849,-3.586214,0.2157167,0.2043786,0.03411528,0.954218,23.43676,26.17777,9.617248,0.07180647,0.02707618,-0.9970507,0.0,0.0,0.0,1.121517,-0.3257274,-2.725566,0.02951849,0.06446056,1.325711,0.9141311,0.1532826,-0.3753251,0.02306895,0.9046049,0.4256264,0.404762,-0.3977366,0.8233913,moving,43.6834,-32.27668,1.275546,2.783723
4099,05/08/2023 17:09:01.548577,4340,True,True,True,True,Eyes,0.3493472,0.08915745,-3.437476,0.6182248,-0.4185471,0.6652942,0.0,0.0,0.0,0.0,0.0,0.0,0.0,-1.859869,1.496001,2.749125,0.5882428,0.08244832,-3.591934,0.223249,0.1993425,0.03650039,0.9534622,24.27815,25.77829,10.02034,0.07444532,0.02696453,-0.9968602,0.0,0.0,0.0,1.119482,-0.3274491,-2.725335,0.0340029,0.06027392,1.322191,0.9178606,0.1586095,-0.3638337,0.01940252,0.8976552,0.440271,0.3964284,-0.4111667,0.8208449,moving,42.89978,-32.17464,1.473156,2.610101
4100,05/08/2023 17:09:01.567907,4341,True,True,True,True,Eyes,0.3602506,0.08885186,-3.443956,0.6079368,-0.4216984,0.6727431,0.0,0.0,0.0,0.0,0.0,0.0,0.0,-1.77709,1.535824,2.793276,0.6002582,0.08402224,-3.598865,0.2247131,0.1864766,0.04669095,0.9552752,24.325,24.45707,10.94512,0.07711075,0.02684848,-0.9966607,0.0,0.0,0.0,1.117352,-0.3292522,-2.725093,0.04031336,0.05740352,1.31862,0.9260929,0.1730129,-0.3352887,-0.005397971,0.894648,0.4467392,0.377257,-0.4119121,0.829461,moving,42.10313,-32.08089,1.751123,2.492684
4101,05/08/2023 17:09:01.573074,4342,True,True,True,True,Eyes,0.371202,0.08869708,-3.450472,0.5975707,-0.4257445,0.679449,0.0,0.0,0.0,0.0,0.0,0.0,0.0,-1.74132,1.547082,2.820292,0.6138135,0.08458031,-3.604967,0.2254495,0.1786962,0.04763271,0.9565414,24.47398,23.52862,10.87398,0.07980249,0.0267296,-0.996452,0.0,0.0,0.0,1.115142,-0.3311221,-2.724842,0.04680419,0.0535145,1.314275,0.9315975,0.1716993,-0.3203832,-0.01055136,0.8938074,0.4483271,0.3633383,-0.4142799,0.8344803,moving,41.3314,-32.07136,2.039566,2.331675
4102,05/08/2023 17:09:01.592857,4343,True,True,True,True,Eyes,0.3822677,0.08864247,-3.456834,0.5872605,-0.4287046,0.6865402,0.0,0.0,0.0,0.0,0.0,0.0,0.0,-1.708993,1.638491,2.800615,0.6259882,0.08826292,-3.612354,0.23957,0.1726704,0.04768011,0.9542106,26.15075,23.11365,11.15933,0.08251783,0.02661253,-0.996234,0.0,0.0,0.0,1.112989,-0.3329443,-2.724598,0.0523656,0.04956695,1.309587,0.9358231,0.173727,-0.3066824,-0.008260449,0.8806657,0.4736663,0.3523733,-0.4407345,0.8255824,moving,40.54339,-31.98239,2.28983,2.167571
4103,05/08/2023 17:09:01.612893,4344,True,True,True,True,Eyes,0.3933661,0.08855829,-3.463233,0.576978,-0.4310718,0.6937388,0.0,0.0,0.0,0.0,0.0,0.0,0.0,-1.6695,1.583143,2.862581,0.6399608,0.09036847,-3.615277,0.2272367,0.1653547,0.05682788,0.9580147,24.62002,22.14281,11.67948,0.08525663,0.02650009,-0.9960064,0.0,0.0,0.0,1.110927,-0.3346895,-2.724363,0.05506521,0.05028591,1.304616,0.9388568,0.1840332,-0.2909978,-0.03373456,0.8902682,0.4541857,0.3426512,-0.4165986,0.8420426,moving,39.75008,-31.85578,2.416905,2.207351
4104,05/08/2023 17:09:01.623081,4345,True,True,True,True,Eyes,0.4045185,0.08857317,-3.469578,0.5665138,-0.4341987,0.700381,0.0,0.0,0.0,0.0,0.0,0.0,0.0,-1.65035,1.549783,2.903725,0.6519024,0.08947212,-3.622722,0.220438,0.1601012,0.05890277,0.9603672,23.86244,21.38613,11.58924,0.08801643,0.02639092,-0.9957691,0.0,0.0,0.0,1.108903,-0.3364028,-2.724133,0.05628645,0.0515976,1.299526,0.9417961,0.1837214,-0.2815431,-0.04255179,0.895875,0.4422637,0.3334807,-0.4045421,0.8515494,moving,38.96819,-31.7967,2.480105,2.27373
4105,05/08/2023 17:09:01.648687,4346,True,True,True,True,Eyes,0.4157132,0.0887247,-3.47585,0.5559917,-0.4370717,0.7069948,0.0,0.0,0.0,0.0,0.0,0.0,0.0,-1.632416,1.616317,2.886567,0.6642131,0.09202535,-3.627655,0.2316268,0.1556063,0.05608916,0.9586396,25.25436,21.01412,11.45545,0.09079477,0.02628761,-0.9955223,0.0,0.0,0.0,1.106792,-0.338189,-2.723894,0.05512476,0.05109091,1.294131,0.9452814,0.1796237,-0.2723571,-0.03545342,0.8864061,0.4615489,0.3243241,-0.4266376,0.8442715,moving,38.18206,-31.7248,2.439094,2.260802
4106,05/08/2023 17:09:01.663131,4347,True,True,True,True,Eyes,0.4269524,0.08887091,-3.482092,0.5453274,-0.4397923,0.713583,0.0,0.0,0.0,0.0,0.0,0.0,0.0,-1.59984,1.608739,2.917686,0.6765009,0.09542166,-3.632308,0.2294755,0.1488486,0.05846191,0.9600872,25.03862,20.18642,11.49609,0.09359034,0.02619351,-0.995266,0.0,0.0,0.0,1.104681,-0.3399761,-2.723654,0.05219746,0.05571163,1.288571,0.9488526,0.1805713,-0.2589842,-0.04394283,0.8878464,0.458037,0.3126465,-0.423229,0.8503702,moving,37.38743,-31.64618,2.319669,2.475652
4107,05/08/2023 17:09:01.673476,4348,True,True,True,True,Eyes,0.43821,0.08906156,-3.488346,0.5347964,-0.4431171,0.7194721,0.0,0.0,0.0,0.0,0.0,0.0,0.0,-1.590231,1.592411,2.941968,0.6893658,0.09554856,-3.638053,0.2273661,0.1442873,0.05563234,0.9614525,24.90717,19.49924,10.96948,0.09640101,0.02610753,-0.9949998,0.0,0.0,0.0,1.102458,-0.341857,-2.723401,0.04850692,0.06136172,1.282607,0.9521725,0.1725878,-0.2521529,-0.04136363,0.8904194,0.4532575,0.3027485,-0.4211494,0.8549716,moving,36.62408,-31.62859,2.165836,2.739021
4108,05/08/2023 17:09:01.692899,4349,True,True,True,True,Eyes,0.449472,0.08927596,-3.494476,0.5244243,-0.4459849,0.7253114,0.0,0.0,0.0,0.0,0.0,0.0,0.0,-1.600181,1.643739,2.919046,0.7010969,0.097023,-3.644494,0.2371143,0.1431338,0.0495919,0.959599,26.15958,19.40557,10.46661,0.09922498,0.02603011,-0.9947242,0.0,0.0,0.0,1.100355,-0.3436366,-2.723163,0.04356039,0.06152363,1.276463,0.9541067,0.1630548,-0.2511843,-0.02729853,0.8826349,0.4692658,0.29822,-0.4408726,0.8465791,moving,35.86818,-31.58684,1.954508,2.759436
4109,05/08/2023 17:09:01.712878,4350,True,True,True,True,Eyes,0.4607039,0.08948044,-3.500563,0.5142771,-0.4484,0.7310653,0.0,0.0,0.0,0.0,0.0,0.0,0.0,-1.603297,1.617229,2.93916,0.7129918,0.0978024,-3.647839,0.2322396,0.1416584,0.05105889,0.9609322,25.58611,19.15607,10.47161,0.1020596,0.02596113,-0.9944392,0.0,0.0,0.0,1.098269,-0.3454026,-2.722926,0.03759164,0.05540079,1.270117,0.9546518,0.1639256,-0.2485324,-0.03233091,0.8869156,0.4607988,0.295964,-0.4318671,0.8519953,moving,35.12495,-31.52294,1.695288,2.497581
4110,05/08/2023 17:09:01.723612,4351,True,True,True,True,Eyes,0.4719068,0.08967859,-3.506546,0.5038621,-0.4508563,0.7367846,0.0,0.0,0.0,0.0,0.0,0.0,0.0,-1.594867,1.602031,2.960905,0.7235235,0.09768296,-3.652949,0.2282141,0.1391033,0.05430712,0.9620911,25.08845,18.83917,10.68955,0.1049019,0.02589947,-0.994145,0.0,0.0,0.0,1.096089,-0.3472474,-2.722678,0.02851003,0.05018955,1.263365,0.9554021,0.1679874,-0.2428728,-0.04100614,0.8899382,0.454234,0.2924474,-0.4240168,0.8571372,moving,34.36691,-31.46347,1.29276,2.274987
4111,05/08/2023 17:09:01.748683,4352,True,True,True,True,Eyes,0.4830901,0.08990382,-3.512409,0.4932882,-0.4530924,0.7425456,0.0,0.0,0.0,0.0,0.0,0.0,0.0,-1.557365,1.619946,2.978319,0.73451,0.09779641,-3.656627,0.2293503,0.1325588,0.05746644,0.9625613,25.23247,18.13455,10.92462,0.1077492,0.02584427,-0.9938419,0.0,0.0,0.0,1.094128,-0.3489065,-2.722455,0.02410686,0.03790836,1.256311,0.9582515,0.1714347,-0.2288321,-0.04982514,0.8881921,0.4567628,0.2815519,-0.4262921,0.8596532,moving,33.5969,-31.39104,1.099291,1.728338
4112,05/08/2023 17:09:01.763046,4353,True,True,True,True,Eyes,0.4942617,0.09008463,-3.518167,0.4821827,-0.4553841,0.7484152,0.0,0.0,0.0,0.0,0.0,0.0,0.0,-1.517515,1.607233,3.012126,0.7453337,0.09865136,-3.65974,0.2267624,0.1247627,0.0582584,0.9641675,25.00751,17.13514,10.74272,0.1105996,0.02579571,-0.99353,0.0,0.0,0.0,1.091843,-0.3508409,-2.722196,0.0197103,0.03234799,1.249148,0.9620805,0.1689247,-0.2141627,-0.05575874,0.8903695,0.4518109,0.2670059,-0.422737,0.8660261,moving,32.79253,-31.31903,0.9039947,1.483402
4113,05/08/2023 17:09:01.772838,4354,True,True,True,True,Eyes,0.5053973,0.09025092,-3.52382,0.4709475,-0.4578352,0.7540526,0.0,0.0,0.0,0.0,0.0,0.0,0.0,-1.480388,1.605519,3.038198,0.7564828,0.09782344,-3.663066,0.2265303,0.1169718,0.05642238,0.9653074,25.09643,16.11682,10.30018,0.1134519,0.02575193,-0.9932094,0.0,0.0,0.0,1.089747,-0.3526146,-2.721958,0.01730037,0.03836583,1.241715,0.9662682,0.1619252,-0.2002648,-0.05593455,0.891001,0.4505424,0.2513903,-0.424143,0.8700033,moving,31.98705,-31.2647,0.7982301,1.769731
4114,05/08/2023 17:09:01.792932,4355,True,True,True,True,Eyes,0.5166063,0.09044822,-3.529356,0.4580843,-0.4611465,0.759936,0.0,0.0,0.0,0.0,0.0,0.0,0.0,-1.449604,1.620566,3.051474,0.7668643,0.09772655,-3.666258,0.229214,0.1103465,0.05386295,0.9656001,25.51649,15.27751,9.864341,0.1163036,0.02571211,-0.9928806,0.0,0.0,0.0,1.087735,-0.3543175,-2.721729,0.01030213,0.03848436,1.23396,0.9698449,0.154606,-0.1884089,-0.05343421,0.8891195,0.4545452,0.2377935,-0.4307708,0.8705692,moving,31.08129,-31.25033,0.478342,1.786345
4115,05/08/2023 17:09:01.813305,4356,True,True,True,True,Eyes,0.5277871,0.0906728,-3.534752,0.4450783,-0.4643539,0.7656897,0.0,0.0,0.0,0.0,0.0,0.0,0.0,-1.409925,1.627601,3.071421,0.7772258,0.09841588,-3.668356,0.2300873,0.1028446,0.0534988,0.9662406,25.69848,14.35224,9.628277,0.1191559,0.02567676,-0.9925433,0.0,0.0,0.0,1.085626,-0.3561018,-2.72149,0.005731106,0.03299247,1.22644,0.9731218,0.1507119,-0.1741264,-0.05605896,0.8883954,0.4556435,0.223364,-0.4336352,0.8729656,moving,30.16848,-31.2348,0.2677389,1.540942
4116,05/08/2023 17:09:01.823140,4357,True,True,True,True,Eyes,0.5388885,0.09087352,-3.540002,0.4319862,-0.4673932,0.771318,0.0,0.0,0.0,0.0,0.0,0.0,0.0,-1.358146,1.631254,3.098078,0.7878495,0.09930176,-3.670568,0.2297424,0.09399556,0.05527309,0.9671237,25.7209,13.29684,9.590729,0.122008,0.02564627,-0.9921975,0.0,0.0,0.0,1.083364,-0.3580164,-2.721233,0.01014823,0.01900443,1.219423,0.9762195,0.1501014,-0.1564135,-0.0637223,0.8883266,0.4547695,0.2072078,-0.4339878,0.8767665,moving,29.25155,-31.21448,0.4768133,0.8928695
4117,05/08/2023 17:09:01.848897,4358,True,True,True,True,Eyes,0.5499933,0.09105719,-3.545149,0.4188862,-0.4704339,0.7766765,0.0,0.0,0.0,0.0,0.0,0.0,0.0,-1.308289,1.632183,3.124467,0.7992533,0.09926283,-3.672775,0.2289837,0.08529434,0.05675936,0.9680235,25.69884,12.24594,9.51475,0.1248566,0.02561959,-0.9918438,0.0,0.0,0.0,1.081327,-0.3597403,-2.721001,0.01043081,0.02354869,1.212225,0.9790065,0.1489508,-0.1391399,-0.0708268,0.8886897,0.4530057,0.1911278,-0.4336407,0.8805827,moving,28.33939,-31.20334,0.493,1.112888
4118,05/08/2023 17:09:01.862980,4359,True,True,True,True,Eyes,0.561087,0.09124435,-3.550192,0.4059547,-0.4735723,0.7816201,0.0,0.0,0.0,0.0,0.0,0.0,0.0,-1.27515,1.645072,3.137496,0.8105376,0.09908001,-3.675508,0.2304779,0.07891444,0.05679399,0.9682081,25.93412,11.48047,9.366048,0.1277015,0.02559589,-0.9914821,0.0,0.0,0.0,1.079241,-0.3615062,-2.720764,0.008825243,0.05052929,1.206139,0.9810939,0.1463529,-0.1266317,-0.07360074,0.8873088,0.4552649,0.1789907,-0.4373375,0.8813049,moving,27.44628,-31.21107,0.4192221,2.398913
4119,05/08/2023 17:09:01.873015,4360,True,True,True,True,Eyes,0.5721208,0.09147867,-3.555203,0.3930791,-0.4767064,0.7862823,0.0,0.0,0.0,0.0,0.0,0.0,0.0,-1.244829,1.670603,3.144409,0.8205617,0.09918007,-3.680307,0.2336072,0.07338891,0.05741851,0.9678558,26.34457,10.86291,9.339791,0.130542,0.02557504,-0.9911126,0.0,0.0,0.0,1.077099,-0.3633188,-2.720521,0.003394604,0.04068032,1.199658,0.9826344,0.145434,-0.115233,-0.07685732,0.8842615,0.4606239,0.1688865,-0.4437684,0.8800835,moving,26.56143,-31.22755,0.1621261,1.942151
4120,05/08/2023 17:09:01.893073,4361,True,True,True,True,Eyes,0.5830877,0.09172513,-3.560186,0.3802625,-0.4797998,0.7906913,0.0,0.0,0.0,0.0,0.0,0.0,0.0,-1.218173,1.683081,3.155788,0.8302375,0.1005913,-3.684602,0.2352891,0.06808878,0.05705427,0.9678574,26.59513,10.2196,9.168671,0.1333758,0.02555807,-0.9907357,0.0,0.0,0.0,1.075034,-0.3650661,-2.720286,0.001864195,0.05217506,1.195987,0.9842174,0.1424819,-0.1049519,-0.07839968,0.8827677,0.4632221,0.158649,-0.4476831,0.880006,moving,25.68402,-31.24982,0.08930734,2.497951
4121,05/08/2023 17:09:01.913036,4362,True,True,True,True,Eyes,0.5940453,0.0920001,-3.565042,0.3674752,-0.4828086,0.7948948,0.0,0.0,0.0,0.0,0.0,0.0,0.0,-1.193644,1.686855,3.168472,0.8408141,0.1014377,-3.686763,0.2359563,0.0627587,0.05591163,0.9681218,26.73412,9.532324,8.880699,0.1362008,0.02554491,-0.9903516,0.0,0.0,0.0,1.07291,-0.3668636,-2.720045,-0.001153886,0.07232948,1.190854,0.9858704,0.1378752,-0.09513074,-0.07864194,0.8823971,0.4638867,0.1479015,-0.449851,0.880772,moving,24.81083,-31.27394,-0.05551713,3.475731
4122,05/08/2023 17:09:01.923041,4363,True,True,True,True,Eyes,0.6049868,0.09230024,-3.569758,0.3548099,-0.4855427,0.7989732,0.0,0.0,0.0,0.0,0.0,0.0,0.0,-1.163283,1.691532,3.182365,0.851639,0.1024193,-3.688655,0.2363684,0.05690543,0.05613916,0.96837,26.83321,8.815403,8.742517,0.139017,0.02553605,-0.9899604,0.0,0.0,0.0,1.070722,-0.3687155,-2.719797,-0.005760968,0.05876341,1.186773,0.9872203,0.1356282,-0.08367196,-0.08182564,0.8819568,0.4641733,0.1367501,-0.4513948,0.8817835,moving,23.94517,-31.2874,-0.2781294,2.834702
4123,05/08/2023 17:09:01.948670,4364,True,True,True,True,Eyes,0.6159365,0.09261137,-3.574322,0.3421884,-0.4880169,0.8029612,0.0,0.0,0.0,0.0,0.0,0.0,0.0,-1.132422,1.687932,3.200057,0.8627375,0.1033671,-3.690103,0.2353888,0.05102824,0.05698702,0.9688864,26.76384,8.093701,8.660699,0.1418244,0.0255318,-0.9895623,0.0,0.0,0.0,1.06858,-0.3705283,-2.719553,-0.01107967,0.04001319,1.183228,0.9882972,0.1344509,-0.07205292,-0.08640494,0.8826892,0.461946,0.1257094,-0.4503142,0.8839765,moving,23.08167,-31.29004,-0.5364982,1.936832
4124,05/08/2023 17:09:01.962983,4365,True,True,True,True,Eyes,0.6269097,0.09291538,-3.578718,0.3296435,-0.4900883,0.8069378,0.0,0.0,0.0,0.0,0.0,0.0,0.0,-1.10161,1.676426,3.220992,0.8739718,0.1039135,-3.691086,0.2330982,0.04519078,0.05827095,0.9696534,26.53743,7.372775,8.618932,0.1446237,0.02553209,-0.989157,0.0,0.0,0.0,1.066541,-0.3722538,-2.719322,-0.01610732,0.02854326,1.179387,0.9891246,0.134073,-0.06047308,-0.09193746,0.8845394,0.4573156,0.1148045,-0.4467823,0.887246,moving,22.22059,-31.27213,-0.7824607,1.386389
4125,05/08/2023 17:09:01.973253,4366,True,True,True,True,Eyes,0.637918,0.09319089,-3.582951,0.3171669,-0.4918751,0.8108416,0.0,0.0,0.0,0.0,0.0,0.0,0.0,-1.069695,1.660716,3.243609,0.885802,0.1040187,-3.69158,0.2300204,0.03922263,0.06008935,0.9705368,26.21705,6.642713,8.634213,0.1474163,0.02553635,-0.9887446,0.0,0.0,0.0,1.064425,-0.3740444,-2.719081,-0.0215348,0.01566938,1.175507,0.9897017,0.1346819,-0.04849044,-0.09859382,0.8869597,0.4512003,0.1037776,-0.4417728,0.8911043,moving,21.36333,-31.24196,-1.049518,0.763701
4126,05/08/2023 17:09:01.993393,4367,True,True,True,True,Eyes,0.6489605,0.09340203,-3.587033,0.3048206,-0.4934534,0.8146092,0.0,0.0,0.0,0.0,0.0,0.0,0.0,-1.039382,1.647762,3.263752,0.8976707,0.1037263,-3.692011,0.2273493,0.03351434,0.0618364,0.9712699,25.94386,5.95038,8.657549,0.1502031,0.02554348,-0.9883249,0.0,0.0,0.0,1.062387,-0.3757696,-2.71885,-0.02576602,0.00580883,1.171496,0.9901061,0.1353586,-0.03698602,-0.1048808,0.8889771,0.4457799,0.09321988,-0.4374903,0.8943782,moving,20.51547,-31.20559,-1.259967,0.2840973
4127,05/08/2023 17:09:02.012803,4368,True,True,True,True,Eyes,0.6600505,0.09354755,-3.59096,0.2925824,-0.4949579,0.8181762,0.0,0.0,0.0,0.0,0.0,0.0,0.0,-1.014642,1.638427,3.280103,0.9099813,0.1022483,-3.692492,0.2252385,0.02845949,0.0629629,0.9718505,25.73519,5.330131,8.632061,0.1529853,0.02555148,-0.9878978,0.0,0.0,0.0,1.060301,-0.3775347,-2.718613,-0.02488083,0.003917426,1.168409,0.9904515,0.1352014,-0.0269534,-0.1095607,0.8906066,0.44138,0.08368006,-0.4342125,0.8969154,moving,19.67721,-31.17196,-1.219908,0.1920998
4128,05/08/2023 17:09:02.023943,4369,True,True,True,True,Eyes,0.6712362,0.09362877,-3.594669,0.2804967,-0.4964077,0.8215237,0.0,0.0,0.0,0.0,0.0,0.0,0.0,-0.9951699,1.64057,3.288637,0.9222814,0.1008314,-3.692722,0.2251993,0.02399988,0.06280611,0.9719901,25.77054,4.773672,8.486793,0.1557644,0.02555857,-0.9874634,0.0,0.0,0.0,1.058046,-0.379443,-2.718357,-0.01988369,-0.0001422167,1.165138,0.9909588,0.1329033,-0.01836753,-0.1112843,0.8906814,0.4407976,0.07494308,-0.4347682,0.8974186,moving,18.85168,-31.14257,-0.9776881,-0.006993523
4129,05/08/2023 17:09:02.048678,4370,True,True,True,True,Eyes,0.6824583,0.09361672,-3.598223,0.2686161,-0.4977068,0.8247019,0.0,0.0,0.0,0.0,0.0,0.0,0.0,-0.9854829,1.641243,3.293169,0.9353315,0.09932442,-3.69122,0.2251457,0.02071795,0.06222719,0.9721152,25.79526,4.350633,8.32195,0.1585436,0.02556318,-0.9870208,0.0,0.0,0.0,1.055966,-0.3812038,-2.718121,-0.01220757,-0.009388626,1.161773,0.9913971,0.1303131,-0.01226011,-0.1116549,0.8908744,0.4403135,0.06830084,-0.4351566,0.8977604,moving,18.0411,-31.11094,-0.6020249,-0.4630137
4130,05/08/2023 17:09:02.063203,4371,True,True,True,True,Eyes,0.6937379,0.09349781,-3.601632,0.2568529,-0.4990947,0.8276056,0.0,0.0,0.0,0.0,0.0,0.0,0.0,-0.9758574,1.638346,3.300703,0.9474781,0.09706738,-3.691067,0.2242121,0.01768346,0.06231394,0.9723854,25.71133,3.967067,8.239102,0.1613232,0.02556312,-0.9865702,0.0,0.0,0.0,1.053581,-0.3832221,-2.71785,-0.006802022,-0.0162797,1.158442,0.9916086,0.129116,-0.0064472,-0.1132566,0.8916918,0.4382449,0.06233335,-0.4338372,0.8988325,moving,17.24208,-31.09244,-0.3364196,-0.8051299
4131,05/08/2023 17:09:02.072748,4372,True,True,True,True,Eyes,0.7050543,0.09327704,-3.604894,0.245251,-0.5005136,0.8302639,0.0,0.0,0.0,0.0,0.0,0.0,0.0,-0.9647569,1.645498,3.303828,0.9596763,0.09434832,-3.691046,0.2246568,0.0145625,0.06248455,0.9723236,25.789,3.590904,8.176219,0.1641047,0.02555602,-0.9861115,0.0,0.0,0.0,1.051772,-0.3847536,-2.717644,-0.003292918,-0.01866522,1.155498,0.9917672,0.1280535,-0.000243761,-0.1149673,0.8912501,0.4386981,0.05639407,-0.4350584,0.8986346,moving,16.45657,-31.08311,-0.1632801,-0.9254414
4132,05/08/2023 17:09:02.092859,4373,True,True,True,True,Eyes,0.7164062,0.09294948,-3.608004,0.2336255,-0.5020155,0.8327062,0.0,0.0,0.0,0.0,0.0,0.0,0.0,-0.9490402,1.659317,3.3047,0.9719371,0.09171568,-3.690797,0.2261129,0.01084915,0.06261259,0.9720262,25.99016,3.15085,8.098495,0.1668888,0.02553991,-0.9856445,0.0,0.0,0.0,1.049767,-0.3864499,-2.717417,-0.0012182,-0.02860242,1.152095,0.9919239,0.1266284,0.007223714,-0.1168159,0.8899052,0.4409339,0.04940634,-0.4382168,0.8975105,moving,15.67209,-31.08461,-0.06058325,-1.422158
4133,05/08/2023 17:09:02.112948,4374,True,True,True,True,Eyes,0.7278003,0.09251769,-3.61095,0.2221346,-0.5034848,0.8349606,0.0,0.0,0.0,0.0,0.0,0.0,0.0,-0.9313683,1.668044,3.308333,0.9843689,0.0888771,-3.690258,0.2267092,0.006878874,0.06310491,0.9718917,26.09146,2.679434,8.050955,0.1696757,0.0255129,-0.9851693,0.0,0.0,0.0,1.047642,-0.388248,-2.717175,0.003487289,-0.03990018,1.148876,0.9919409,0.1257813,0.01524189,-0.1195433,0.8892414,0.4415418,0.04198397,-0.4398054,0.8971112,moving,14.898,-31.09015,0.1739147,-1.98907
4134,05/08/2023 17:09:02.123407,4375,True,True,True,True,Eyes,0.739198,0.09196965,-3.613736,0.2106602,-0.5049404,0.8370528,0.0,0.0,0.0,0.0,0.0,0.0,0.0,-0.9125676,1.67597,3.312185,0.9968393,0.08595946,-3.689329,0.227202,0.00274516,0.06359234,0.9717653,26.18207,2.186124,7.996621,0.1724664,0.02547337,-0.9846856,0.0,0.0,0.0,1.045405,-0.3901414,-2.716921,0.008507192,-0.04891416,1.145372,0.991897,0.1248411,0.02356131,-0.1223462,0.8886705,0.4419232,0.03423192,-0.441225,0.8967434,moving,14.1262,-31.09989,0.4255536,-2.445383
4135,05/08/2023 17:09:02.143092,4376,True,True,True,True,Eyes,0.7506478,0.09132607,-3.616346,0.1992676,-0.5063046,0.8390161,0.0,0.0,0.0,0.0,0.0,0.0,0.0,-0.8903214,1.679145,3.319138,1.009375,0.08275562,-3.68825,0.226926,-0.001875598,0.06424,0.9717893,26.18619,1.629011,7.942954,0.1752605,0.02541954,-0.9841935,0.0,0.0,0.0,1.043373,-0.3918617,-2.71669,0.01142347,-0.05257002,1.14245,0.9917395,0.1240042,0.03280083,-0.1257067,0.8887556,0.4408076,0.02551009,-0.4412895,0.8970022,moving,13.3603,-31.1089,0.5728868,-2.634615
4136,05/08/2023 17:09:02.163048,4377,True,True,True,True,Eyes,0.7621593,0.09060504,-3.618787,0.1876371,-0.5076734,0.8408686,0.0,0.0,0.0,0.0,0.0,0.0,0.0,-0.8670414,1.680051,3.326925,1.02215,0.0798184,-3.686679,0.2263873,-0.006693324,0.0648646,0.9718521,26.16121,1.044352,7.879553,0.1780587,0.02535042,-0.9836929,0.0,0.0,0.0,1.041226,-0.3936784,-2.716446,0.01114428,-0.05507424,1.139223,0.9914955,0.123047,0.04237888,-0.1291081,0.8890827,0.4391616,0.0163592,-0.4408983,0.8974079,moving,12.57927,-31.12143,0.5604694,-2.767734
4137,05/08/2023 17:09:02.173046,4378,True,True,True,True,Eyes,0.7737248,0.08981243,-3.621031,0.1761077,-0.5088937,0.8426229,0.0,0.0,0.0,0.0,0.0,0.0,0.0,-0.8420082,1.681749,3.334661,1.034997,0.07721063,-3.685111,0.2258759,-0.01163677,0.06598096,0.9718493,26.14027,0.458811,7.874465,0.1808623,0.02526556,-0.9831835,0.0,0.0,0.0,1.038939,-0.3956138,-2.716187,0.007571459,-0.05315018,1.13723,0.9910222,0.1229902,0.05242539,-0.133504,0.8892532,0.437499,0.007188637,-0.4405703,0.8976893,moving,11.80486,-31.12946,0.3814587,-2.675858
4138,05/08/2023 17:09:02.193138,4379,True,True,True,True,Eyes,0.7853567,0.08895334,-3.623103,0.1644417,-0.5100777,0.8442628,0.0,0.0,0.0,0.0,0.0,0.0,0.0,-0.8179868,1.676963,3.3443,1.047937,0.07468054,-3.682648,0.2244244,-0.01645756,0.06732339,0.9720239,26.00871,359.8867,7.897923,0.1836726,0.02516476,-0.9826649,0.0,0.0,0.0,1.036889,-0.3973491,-2.715954,0.003952563,-0.05823687,1.134338,0.9903934,0.1234929,0.06221231,-0.1382668,0.8902025,0.4340758,-0.00177626,-0.4385077,0.8987257,moving,11.02182,-31.13909,0.1996444,-2.938982
4139,05/08/2023 17:09:02.213146,4380,True,True,True,True,Eyes,0.79707,0.08804005,-3.624977,0.1529724,-0.5111565,0.845765,0.0,0.0,0.0,0.0,0.0,0.0,0.0,-0.7925433,1.676634,3.352535,1.06127,0.0722139,-3.680654,0.2234869,-0.02137725,0.06909498,0.9720198,25.93948,359.3199,7.975293,0.1864908,0.02504795,-0.982137,0.0,0.0,0.0,1.034849,-0.3990755,-2.715722,0.001780748,-0.06414124,1.131992,0.9895378,0.1247683,0.07244187,-0.1438784,0.890559,0.4315133,-0.01067457,-0.4374215,0.8991932,moving,10.25217,-31.14758,0.09013253,-3.243042
4140,05/08/2023 17:09:02.223225,4381,True,True,True,True,Eyes,0.8088755,0.08712492,-3.62667,0.1413613,-0.5122439,0.8471264,0.0,0.0,0.0,0.0,0.0,0.0,0.0,-0.7707551,1.677969,3.358122,1.074995,0.06997574,-3.677787,0.2225218,-0.02553208,0.07217364,0.9719173,25.86365,358.885,8.237846,0.1893182,0.02491545,-0.9815993,0.0,0.0,0.0,1.032637,-0.4009476,-2.715471,0.00132972,-0.06606984,1.129412,0.9882782,0.1289307,0.08175054,-0.1516565,0.8905501,0.42886,-0.01750973,-0.436231,0.8996643,moving,9.473744,-31.16069,0.06745747,-3.347948
4141,05/08/2023 17:09:02.243295,4382,True,True,True,True,Eyes,0.8207487,0.08622152,-3.628155,0.12992,-0.5131104,0.8484329,0.0,0.0,0.0,0.0,0.0,0.0,0.0,-0.7413213,1.68389,3.363399,1.088798,0.06895258,-3.675222,0.2220339,-0.03039061,0.07658732,0.9715512,25.85465,358.4054,8.648567,0.1921564,0.02476892,-0.9810513,0.0,0.0,0.0,1.030621,-0.4026537,-2.715242,0.0008420944,-0.07000229,1.126624,0.9864216,0.1353215,0.09306204,-0.1623125,0.8896707,0.4267795,-0.02504212,-0.4360896,0.8995547,moving,8.706037,-31.16447,0.04282571,-3.555479
4142,05/08/2023 17:09:02.262896,4383,True,True,True,True,Eyes,0.8326966,0.08539012,-3.629408,0.1184179,-0.5139444,0.8496107,0.0,0.0,0.0,0.0,0.0,0.0,0.0,-0.7179196,1.670849,3.37558,1.102364,0.06827487,-3.671759,0.2191725,-0.03483958,0.0799156,0.9717835,25.56565,357.9237,8.931287,0.1950066,0.02461022,-0.9804928,0.0,0.0,0.0,1.028522,-0.4044295,-2.715003,0.0005621314,-0.07140023,1.123804,0.9847994,0.1400496,0.1027437,-0.1705931,0.8911538,0.420408,-0.03268245,-0.4315449,0.9014992,moving,7.93471,-31.17048,0.02865958,-3.635367
4143,05/08/2023 17:09:02.273074,4384,True,True,True,True,Eyes,0.8447053,0.08468132,-3.630437,0.1070436,-0.5147289,0.8506444,0.0,0.0,0.0,0.0,0.0,0.0,0.0,-0.7059472,1.671159,3.377834,1.116001,0.06911379,-3.667514,0.2182399,-0.03742825,0.08407471,0.9715462,25.49002,357.7124,9.37429,0.1978698,0.02444268,-0.9799231,0.0,0.0,0.0,1.026359,-0.4062604,-2.714758,-0.0002833009,-0.07367411,1.12076,0.9830611,0.1470283,0.1094235,-0.1797016,0.8906056,0.4177667,-0.03602964,-0.4303538,0.9019409,moving,7.172301,-31.17833,-0.01448298,-3.760976
4144,05/08/2023 17:09:02.293262,4385,True,True,True,True,Eyes,0.8567881,0.08406923,-3.631236,0.09531646,-0.5153552,0.8516594,0.0,0.0,0.0,0.0,0.0,0.0,0.0,-0.6528366,1.67154,3.388208,1.129565,0.07127539,-3.663223,0.2163964,-0.04449017,0.09317438,0.9708306,25.36981,357.078,10.3064,0.2007468,0.02427061,-0.979342,0.0,0.0,0.0,1.024287,-0.4080138,-2.714522,-0.0005842149,-0.07536367,1.117559,0.9786783,0.161658,0.12671,-0.200168,0.8889823,0.4118778,-0.04605961,-0.4284592,0.9023865,moving,6.385885,-31.17893,-0.02995192,-3.857954
4145,05/08/2023 17:09:02.313109,4386,True,True,True,True,Eyes,0.8689417,0.08350953,-3.631882,0.08361202,-0.5162683,0.8523358,0.0,0.0,0.0,0.0,0.0,0.0,0.0,-0.6066209,1.651217,3.406343,1.143208,0.07283776,-3.658613,0.2124075,-0.05163816,0.09889466,0.9707916,25.00014,356.3151,10.81613,0.2036389,0.02409721,-0.9787491,0.0,0.0,0.0,1.022156,-0.4098178,-2.71428,-0.001544982,-0.07351074,1.11494,0.9751067,0.1700756,0.1422717,-0.2139489,0.8902058,0.4021934,-0.05824785,-0.4226203,0.9044331,moving,5.602648,-31.20371,-0.07939521,-3.772192
4146,05/08/2023 17:09:02.322933,4387,True,True,True,True,Eyes,0.8811198,0.08303356,-3.632418,0.07170422,-0.5177252,0.8525369,0.0,0.0,0.0,0.0,0.0,0.0,0.0,-0.5726019,1.678871,3.400214,1.157163,0.07362495,-3.655611,0.2166074,-0.05786543,0.09871459,0.96953,25.55892,355.5854,10.62553,0.2065464,0.0239241,-0.9781439,0.0,0.0,0.0,1.020022,-0.4116232,-2.714038,-0.002524734,-0.07266575,1.112058,0.9738141,0.1663454,0.1549692,-0.2164817,0.8866733,0.4085904,-0.06943992,-0.431439,0.8994656,moving,4.807654,-31.26931,-0.1300798,-3.738591
4147,05/08/2023 17:09:02.349095,4388,True,True,True,True,Eyes,0.893315,0.08264078,-3.632843,0.05999144,-0.5192856,0.8524925,0.0,0.0,0.0,0.0,0.0,0.0,0.0,-0.5556706,1.724106,3.382499,1.170287,0.07532193,-3.653404,0.2235113,-0.0616092,0.09786601,0.9678167,26.40382,355.1643,10.41328,0.209468,0.02375357,-0.9775266,0.0,0.0,0.0,1.017849,-0.4134628,-2.713791,-0.005785733,-0.07100412,1.109627,0.9732531,0.161892,0.1630011,-0.2169734,0.8809299,0.4205771,-0.0755045,-0.4446949,0.892494,moving,4.025372,-31.34719,-0.2987447,-3.661319
4148,05/08/2023 17:09:02.363308,4389,True,True,True,True,Eyes,0.9054966,0.08235103,-3.633229,0.04807702,-0.5212381,0.8520559,0.0,0.0,0.0,0.0,0.0,0.0,0.0,-0.5380443,1.740671,3.37885,1.182954,0.07697698,-3.65113,0.2260203,-0.06551081,0.09801293,0.9669625,26.74036,354.7068,10.31669,0.212403,0.02358763,-0.9768971,0.0,0.0,0.0,1.015715,-0.4152682,-2.713549,-0.008273184,-0.07139379,1.106821,0.9722036,0.1599361,0.1709988,-0.2191632,0.8786166,0.4242645,-0.08238718,-0.4499481,0.8892463,moving,3.229475,-31.45587,-0.4282624,-3.690664
4149,05/08/2023 17:09:02.373135,4390,True,True,True,True,Eyes,0.9176469,0.08216214,-3.633533,0.03630981,-0.5232072,0.8514317,0.0,0.0,0.0,0.0,0.0,0.0,0.0,-0.5216663,1.775505,3.366908,1.194707,0.0792066,-3.65062,0.2312366,-0.0689372,0.09789161,0.9655022,27.38812,354.3221,10.19424,0.2153488,0.02342862,-0.9762558,0.0,0.0,0.0,1.013528,-0.4171193,-2.7133,-0.01089031,-0.0744302,1.103893,0.9713298,0.1571475,0.1783903,-0.2209108,0.8738937,0.4330222,-0.08784579,-0.4600157,0.8835545,moving,2.441933,-31.57084,-0.5652254,-3.857342
4150,05/08/2023 17:09:02.393351,4391,True,True,True,True,Eyes,0.9297593,0.08207358,-3.633775,0.02421814,-0.5249408,0.8507941,0.0,0.0,0.0,0.0,0.0,0.0,0.0,-0.4998186,1.784043,3.368024,1.206181,0.08147664,-3.648932,0.2327131,-0.07337822,0.09786546,0.9648225,27.60776,353.7777,10.05363,0.2183034,0.02327856,-0.9756029,0.0,0.0,0.0,1.011647,-0.4187111,-2.713087,-0.01216549,-0.072465,1.101815,0.970076,0.1546935,0.1871431,-0.2229978,0.872534,0.4346913,-0.09604479,-0.4634161,0.8809206,moving,1.630503,-31.67462,-0.6325949,-3.762852
4151,05/08/2023 17:09:02.412779,4392,True,True,True,True,Eyes,0.9418413,0.08210196,-3.633893,0.01233928,-0.5262779,0.8502231,0.0,0.0,0.0,0.0,0.0,0.0,0.0,-0.4843048,1.778532,3.375996,1.217497,0.08374091,-3.647707,0.2317614,-0.07678816,0.09909427,0.9646609,27.53955,353.3803,10.10626,0.2212645,0.02313928,-0.9749389,0.0,0.0,0.0,1.009514,-0.4205166,-2.712844,-0.01537108,-0.07108623,1.099597,0.9685678,0.1555917,0.1940815,-0.2267778,0.872934,0.4319237,-0.1022166,-0.4623607,0.8807805,moving,0.8314745,-31.75701,-0.8008758,-3.698883
4152,05/08/2023 17:09:02.423628,4393,True,True,True,True,Eyes,0.9539207,0.08220703,-3.633887,5.636811e-05,-0.526818,0.8499781,0.0,0.0,0.0,0.0,0.0,0.0,0.0,-0.4595572,1.744877,3.39812,1.228921,0.08647221,-3.644899,0.2261949,-0.08110051,0.1033432,0.9651833,26.96213,352.9236,10.52442,0.224231,0.02301284,-0.9742639,0.0,0.0,0.0,1.007306,-0.4223848,-2.712594,-0.01561624,-0.07129928,1.098143,0.9654858,0.1628012,0.2033051,-0.2361792,0.8763121,0.4198766,-0.1098023,-0.4534014,0.8845172,moving,0.003799692,-31.79071,-0.8147248,-3.714838
4153,05/08/2023 17:09:02.448583,4394,True,True,True,True,Eyes,0.9659958,0.08229806,-3.633801,-0.01205437,-0.5269371,0.8498188,0.0,0.0,0.0,0.0,0.0,0.0,0.0,-0.435609,1.675714,3.43721,1.240641,0.08810604,-3.642147,0.2154964,-0.08590119,0.1071897,0.966795,25.79148,352.3475,10.89868,0.227202,0.02290009,-0.973578,0.0,0.0,0.0,1.005204,-0.4241643,-2.712355,-0.01506388,-0.06395531,1.097802,0.9622627,0.1702381,0.2122957,-0.2442837,0.8841434,0.3982663,-0.1198997,-0.4350971,0.8923646,moving,-0.8126653,-31.80132,-0.786155,-3.334145
4154,05/08/2023 17:09:02.463272,4395,True,True,True,True,Eyes,0.9780566,0.08237606,-3.633668,-0.02397156,-0.5271484,0.849435,0.0,0.0,0.0,0.0,0.0,0.0,0.0,-0.4202442,1.637058,3.459975,1.252688,0.08776341,-3.640202,0.2094569,-0.08973595,0.1086557,0.9676101,25.14091,351.8624,10.99667,0.2301767,0.02279928,-0.9728814,0.0,0.0,0.0,1.00315,-0.4259029,-2.712121,-0.01439404,-0.05603948,1.097875,0.9602827,0.1726812,0.2191762,-0.2478644,0.8886435,0.3858446,-0.1281414,-0.4248459,0.8961505,moving,-1.616492,-31.8232,-0.7511514,-2.922045
4155,05/08/2023 17:09:02.473016,4396,True,True,True,True,Eyes,0.9900965,0.08247618,-3.633476,-0.03554063,-0.52744,0.8488485,0.0,0.0,0.0,0.0,0.0,0.0,0.0,-0.4156485,1.649863,3.457416,1.264606,0.08753748,-3.638907,0.2108726,-0.09161755,0.1093467,0.9670482,25.33335,351.6611,11.02507,0.2331542,0.02270889,-0.9721743,0.0,0.0,0.0,1.000898,-0.4278084,-2.711866,-0.01580244,-0.05987343,1.097324,0.959299,0.1728477,0.2233136,-0.2501262,0.8871521,0.3878118,-0.1310808,-0.427884,0.8942779,moving,-2.39753,-31.85514,-0.8250533,-3.123141
4156,05/08/2023 17:09:02.492859,4397,True,True,True,True,Eyes,1.002097,0.08261452,-3.633225,-0.04707795,-0.5279176,0.8479899,0.0,0.0,0.0,0.0,0.0,0.0,0.0,-0.4069458,1.663665,3.454388,1.276177,0.08819376,-3.637276,0.2124741,-0.09388181,0.1105674,0.9663415,25.5568,351.4286,11.10722,0.2361334,0.02262847,-0.9714569,0.0,0.0,0.0,0.9989104,-0.4294904,-2.71164,-0.0181866,-0.06622416,1.096393,0.9579221,0.1737968,0.2284292,-0.2535866,0.8852592,0.3898845,-0.1344583,-0.4314056,0.8920819,moving,-3.177634,-31.9044,-0.9503161,-3.456572
4157,05/08/2023 17:09:02.512779,4398,True,True,True,True,Eyes,1.014051,0.08277984,-3.632941,-0.05838408,-0.5284554,0.8469511,0.0,0.0,0.0,0.0,0.0,0.0,0.0,-0.4011451,1.674127,3.452385,1.287289,0.08925094,-3.635587,0.2138041,-0.09589809,0.1111149,0.9657872,25.74012,351.2055,11.11305,0.2391129,0.02255806,-0.9707295,0.0,0.0,0.0,0.9967374,-0.4313295,-2.711393,-0.02162001,-0.07477063,1.095213,0.9569141,0.1736199,0.2327479,-0.2556335,0.8838826,0.391667,-0.1377207,-0.4342899,0.8901828,moving,-3.943413,-31.96211,-1.130898,-3.905544
4158,05/08/2023 17:09:02.523495,4399,True,True,True,True,Eyes,1.025926,0.08298756,-3.632651,-0.06976026,-0.5293286,0.845544,0.0,0.0,0.0,0.0,0.0,0.0,0.0,-0.3890519,1.685177,3.451344,1.298151,0.09010675,-3.634508,0.2155202,-0.09897171,0.1104277,0.9651743,25.96918,350.8185,10.93249,0.2420906,0.02249737,-0.9699926,0.0,0.0,0.0,0.9946147,-0.433126,-2.711152,-0.02495903,-0.08269456,1.094123,0.9560207,0.170503,0.2386487,-0.2558246,0.8827135,0.3941708,-0.1434511,-0.4378876,0.8875113,moving,-4.716414,-32.04745,-1.306799,-4.322237
4159,05/08/2023 17:09:02.548396,4400,True,True,True,True,Eyes,1.037716,0.08327968,-3.632323,-0.08089678,-0.5303081,0.8439366,0.0,0.0,0.0,0.0,0.0,0.0,0.0,-0.3769258,1.712912,3.442362,1.308532,0.09145239,-3.63392,0.2197613,-0.1018507,0.1093938,0.9640356,26.48728,350.4629,10.6984,0.245064,0.02244654,-0.9692467,0.0,0.0,0.0,0.9925088,-0.4349082,-2.710913,-0.03154325,-0.06867567,1.096164,0.9553189,0.1661533,0.2444564,-0.2556846,0.879476,0.4014318,-0.1482943,-0.445999,0.8826628,moving,-5.475442,-32.1442,-1.64829,-3.584946
4160,05/08/2023 17:09:02.563411,4401,True,True,True,True,Eyes,1.049389,0.08364314,-3.631975,-0.09237424,-0.531178,0.8422096,0.0,0.0,0.0,0.0,0.0,0.0,0.0,-0.3603861,1.728271,3.438949,1.31832,0.09381885,-3.632686,0.2221746,-0.1051662,0.1094597,0.9631184,26.80683,350.0684,10.59558,0.2480314,0.02240684,-0.9684926,0.0,0.0,0.0,0.9904357,-0.4366627,-2.710677,-0.02654368,-0.07114783,1.09839,0.9539173,0.1641148,0.2512133,-0.2575758,0.877314,0.404938,-0.1539366,-0.4509839,0.8791571,moving,-6.259228,-32.23945,-1.384339,-3.706135
4161,05/08/2023 17:09:02.572969,4402,True,True,True,True,Eyes,1.060968,0.08406141,-3.631609,-0.1038524,-0.5319071,0.8404104,0.0,0.0,0.0,0.0,0.0,0.0,0.0,-0.3320949,1.711115,3.453035,1.327681,0.09591643,-3.631765,0.219947,-0.1103376,0.1096226,0.9630327,26.60412,349.4117,10.47802,0.2509899,0.02237902,-0.9677308,0.0,0.0,0.0,0.9882342,-0.4385258,-2.710427,-0.02760288,-0.07046047,1.099229,0.951617,0.1626035,0.2607397,-0.2596772,0.8792123,0.3994413,-0.1642951,-0.4478233,0.8788978,moving,-7.044526,-32.33028,-1.438459,-3.667634
4162,05/08/2023 17:09:02.592923,4403,True,True,True,True,Eyes,1.072447,0.08450309,-3.631223,-0.1157656,-0.5324774,0.8384904,0.0,0.0,0.0,0.0,0.0,0.0,0.0,-0.2956555,1.696177,3.466572,1.337136,0.09763718,-3.63099,0.2180579,-0.1165411,0.1097809,0.9627135,26.45165,348.6294,10.33033,0.2539373,0.02236334,-0.9669619,0.0,0.0,0.0,0.9860335,-0.4403883,-2.710177,-0.03158382,-0.04120865,1.104686,0.9487327,0.1605498,0.2722686,-0.2622006,0.8807978,0.3942666,-0.1765141,-0.4454426,0.8777378,moving,-7.860807,-32.4173,-1.637684,-2.136343
4163,05/08/2023 17:09:02.612872,4404,True,True,True,True,Eyes,1.083859,0.084962,-3.630802,-0.1277749,-0.5328782,0.8364894,0.0,0.0,0.0,0.0,0.0,0.0,0.0,-0.2474989,1.6771,3.4823,1.346652,0.09863936,-3.630032,0.2154882,-0.1241937,0.110463,0.9622571,26.24099,347.6785,10.21482,0.2568721,0.0223592,-0.9661865,0.0,0.0,0.0,0.9840839,-0.4420383,-2.709956,-0.03834456,-0.07440987,1.102033,0.9447477,0.1590631,0.2866194,-0.2661121,0.8827255,0.3872724,-0.1914055,-0.4421476,0.8762816,moving,-8.684875,-32.49882,-1.992768,-3.862779
4164,05/08/2023 17:09:02.623056,4405,True,True,True,True,Eyes,1.095218,0.08542752,-3.630329,-0.1401177,-0.5330634,0.8343922,0.0,0.0,0.0,0.0,0.0,0.0,0.0,-0.1978027,1.654871,3.49867,1.356605,0.09948253,-3.628793,0.212489,-0.1321095,0.1111729,0.9617881,25.98353,346.6947,10.10422,0.2597929,0.02236589,-0.965405,0.0,0.0,0.0,0.9819628,-0.4438334,-2.709715,-0.04418096,-0.08802968,1.103284,0.9403753,0.1577058,0.3013687,-0.2699931,0.8849781,0.3793648,-0.2068766,-0.4381128,0.874791,moving,-9.532615,-32.57306,-2.293182,-4.561895
4165,05/08/2023 17:09:02.649661,4406,True,True,True,True,Eyes,1.106531,0.08587877,-3.629807,-0.1525098,-0.5330542,0.8322223,0.0,0.0,0.0,0.0,0.0,0.0,0.0,-0.1490715,1.630396,3.514751,1.366639,0.1000252,-3.627146,0.2091109,-0.1398491,0.1121817,0.961317,25.68484,345.7414,10.04558,0.2627,0.02238252,-0.9646177,0.0,0.0,0.0,0.9798697,-0.4456048,-2.709477,-0.04825908,-0.06396595,1.106939,0.935715,0.1571963,0.3157955,-0.2741722,0.8873758,0.3706667,-0.2219619,-0.4334208,0.8734297,moving,-10.38457,-32.64034,-2.496335,-3.307234
4166,05/08/2023 17:09:02.663396,4407,True,True,True,True,Eyes,1.117822,0.08629407,-3.629229,-0.1649822,-0.533037,0.8298509,0.0,0.0,0.0,0.0,0.0,0.0,0.0,-0.1047239,1.605694,3.530013,1.377003,0.1000998,-3.625473,0.2057806,-0.1471889,0.1124686,0.9609062,25.37747,344.8202,9.914651,0.2655933,0.0224077,-0.9638245,0.0,0.0,0.0,0.977659,-0.4474757,-2.709226,-0.05134061,-0.07243752,1.108888,0.9313725,0.1555662,0.3291571,-0.2767207,0.8900104,0.3623634,-0.2365817,-0.4285799,0.8719795,moving,-11.24433,-32.71379,-2.650856,-3.737507
4167,05/08/2023 17:09:02.672893,4408,True,True,True,True,Eyes,1.129077,0.08666487,-3.628619,-0.1773089,-0.5329656,0.8273507,0.0,0.0,0.0,0.0,0.0,0.0,0.0,-0.06980324,1.592158,3.539313,1.387264,0.09953559,-3.623833,0.2040083,-0.1532778,0.1120891,0.9603764,25.22734,344.0444,9.721599,0.2684731,0.02243965,-0.9630255,0.0,0.0,0.0,0.9755194,-0.4492865,-2.708983,-0.05583191,-0.0758602,1.110418,0.9278839,0.1527556,0.3401429,-0.2778354,0.8916332,0.357488,-0.2486744,-0.426211,0.869773,moving,-12.09604,-32.78896,-2.878412,-3.908192
4168,05/08/2023 17:09:02.693071,4409,True,True,True,True,Eyes,1.140282,0.08699062,-3.62799,-0.1894781,-0.5330601,0.8245877,0.0,0.0,0.0,0.0,0.0,0.0,0.0,-0.04162169,1.587853,3.544363,1.39774,0.09884295,-3.622441,0.2033555,-0.1583117,0.1120726,0.9596999,25.20164,343.4141,9.589087,0.27134,0.02247652,-0.9622209,0.0,0.0,0.0,0.9734158,-0.4510669,-2.708744,-0.06459293,-0.05208206,1.115035,0.9247542,0.1507249,0.3494447,-0.2794992,0.8921726,0.3548356,-0.2582824,-0.4258052,0.8671679,moving,-12.94108,-32.88091,-3.315387,-2.67428
4169,05/08/2023 17:09:02.712977,4410,True,True,True,True,Eyes,1.151438,0.08728931,-3.627355,-0.2015107,-0.5331461,0.8216743,0.0,0.0,0.0,0.0,0.0,0.0,0.0,-0.01169515,1.587365,3.547691,1.408012,0.09811838,-3.621305,0.2031095,-0.1633409,0.1127055,0.9588346,25.23396,342.8026,9.530949,0.2741931,0.0225166,-0.9614108,0.0,0.0,0.0,0.971393,-0.4527787,-2.708514,-0.07702382,-0.06383377,1.114555,0.9212345,0.1497798,0.3590169,-0.2824841,0.8920881,0.3526779,-0.2674507,-0.4263156,0.8641326,moving,-13.77949,-32.97765,-3.953267,-3.277913
4170,05/08/2023 17:09:02.723340,4411,True,True,True,True,Eyes,1.162511,0.08754831,-3.626747,-0.2133221,-0.5334229,0.818507,0.0,0.0,0.0,0.0,0.0,0.0,0.0,0.01932645,1.587654,3.55072,1.418096,0.09778296,-3.620507,0.2031403,-0.1685787,0.1127685,0.9579137,25.29016,342.1497,9.392454,0.2770326,0.02255886,-0.9605954,0.0,0.0,0.0,0.9691218,-0.4547009,-2.708256,-0.08758852,-0.07254705,1.115776,0.917729,0.1475547,0.3687833,-0.2845352,0.8920345,0.351161,-0.277152,-0.4272025,0.8606305,moving,-14.60767,-33.09238,-4.48852,-3.7201
4171,05/08/2023 17:09:02.743506,4412,True,True,True,True,Eyes,1.173543,0.08777816,-3.626128,-0.2249663,-0.5337453,0.8151724,0.0,0.0,0.0,0.0,0.0,0.0,0.0,0.05186832,1.599602,3.548661,1.42857,0.09736925,-3.61996,0.2047487,-0.1738755,0.1129893,0.9565974,25.53208,341.4952,9.245108,0.2798564,0.02260201,-0.9597755,0.0,0.0,0.0,0.9671205,-0.4563946,-2.708029,-0.08917812,-0.07053345,1.117205,0.9140015,0.144969,0.3789265,-0.2873722,0.8906229,0.3524319,-0.2863889,-0.4310162,0.8556906,moving,-15.42812,-33.21532,-4.563817,-3.612509
4172,05/08/2023 17:09:02.763016,4413,True,True,True,True,Eyes,1.184543,0.08798278,-3.625511,-0.2364034,-0.5341412,0.8116691,0.0,0.0,0.0,0.0,0.0,0.0,0.0,0.08260643,1.606368,3.548205,1.43867,0.09692302,-3.619092,0.2055808,-0.1788884,0.1135061,0.9554329,25.68653,340.8811,9.152429,0.2826647,0.02264517,-0.9589512,0.0,0.0,0.0,0.9650679,-0.4581318,-2.707796,-0.08652329,-0.07789615,1.118452,0.9102306,0.1433429,0.3885011,-0.290447,0.8897058,0.3522274,-0.2951624,-0.4334471,0.851471,moving,-16.23851,-33.34801,-4.423585,-3.984013
4173,05/08/2023 17:09:02.778843,4414,True,True,True,True,Eyes,1.195504,0.08816623,-3.624903,-0.2478177,-0.5344692,0.8080403,0.0,0.0,0.0,0.0,0.0,0.0,0.0,0.1201175,1.605111,3.551261,1.448793,0.09653126,-3.618556,0.2053007,-0.1847665,0.1143036,0.9542787,25.72594,340.1634,9.087631,0.285458,0.02268768,-0.9581224,0.0,0.0,0.0,0.9628319,-0.4600241,-2.707542,-0.08229873,-0.07808083,1.11979,0.9055921,0.1422895,0.3995706,-0.2940203,0.8895726,0.3495893,-0.3057041,-0.4340672,0.8474259,moving,-17.05024,-33.4822,-4.203383,-3.98867
4174,05/08/2023 17:09:02.793611,4415,True,True,True,True,Eyes,1.206478,0.08831601,-3.624279,-0.2591736,-0.5346504,0.8043495,0.0,0.0,0.0,0.0,0.0,0.0,0.0,0.16057,1.597387,3.55689,1.458945,0.09620579,-3.618165,0.2043049,-0.1912317,0.1143404,0.9532138,25.6723,339.3498,8.92601,0.2882356,0.02272901,-0.9572894,0.0,0.0,0.0,0.9607601,-0.4617775,-2.707307,-0.07912876,-0.07193998,1.121958,0.9007134,0.1398426,0.41129,-0.2961209,0.8903716,0.3457613,-0.3178487,-0.4332234,0.8433799,moving,-17.85973,-33.61195,-4.034239,-3.668783
4175,05/08/2023 17:09:02.813224,4416,True,True,True,True,Eyes,1.217442,0.08840668,-3.623666,-0.2706145,-0.5346976,0.8005413,0.0,0.0,0.0,0.0,0.0,0.0,0.0,0.2094485,1.583538,3.564245,1.469236,0.09538503,-3.617673,0.2024648,-0.1987907,0.1145486,0.9520341,25.53416,338.4029,8.772289,0.2909992,0.0227684,-0.956452,0.0,0.0,0.0,0.9587197,-0.4635043,-2.707075,-0.07545678,-0.0713802,1.123373,0.8947217,0.1376122,0.4248951,-0.2986046,0.8917732,0.3399643,-0.3321269,-0.4310491,0.8389806,moving,-18.67728,-33.73975,-3.842776,-3.635741
4176,05/08/2023 17:09:02.825897,4417,True,True,True,True,Eyes,1.2284,0.0884344,-3.623062,-0.281859,-0.5346326,0.7966954,0.0,0.0,0.0,0.0,0.0,0.0,0.0,0.2582308,1.56644,3.572726,1.480109,0.0940427,-3.61735,0.200188,-0.2065039,0.1142513,0.9509089,25.33485,337.4237,8.564903,0.2937494,0.02280446,-0.9556101,0.0,0.0,0.0,0.9565725,-0.4653215,-2.706831,-0.07078154,-0.0740431,1.124973,0.8886055,0.134606,0.4384763,-0.2999643,0.8937429,0.3335344,-0.3469894,-0.4279077,0.8345618,moving,-19.48303,-33.86409,-3.600216,-3.765644
4177,05/08/2023 17:09:02.843213,4418,True,True,True,True,Eyes,1.239361,0.08839167,-3.622467,-0.2930748,-0.534438,0.7927693,0.0,0.0,0.0,0.0,0.0,0.0,0.0,0.2988689,1.563145,3.575135,1.491115,0.09257698,-3.616951,0.1996288,-0.2129253,0.1144854,0.9495812,25.33316,336.6197,8.424311,0.2964866,0.02283586,-0.9547637,0.0,0.0,0.0,0.9544148,-0.4671476,-2.706586,-0.06689866,-0.07666349,1.126084,0.8831118,0.1324143,0.4500888,-0.3024384,0.8940828,0.3303738,-0.3586705,-0.4278812,0.8296224,moving,-20.28859,-33.98551,-3.399846,-3.894673
4178,05/08/2023 17:09:02.863348,4419,True,True,True,True,Eyes,1.25036,0.08827377,-3.621861,-0.3039941,-0.5338638,0.7890354,0.0,0.0,0.0,0.0,0.0,0.0,0.0,0.3405951,1.545401,3.583346,1.502255,0.0908134,-3.616577,0.1969219,-0.2194449,0.1155135,0.948537,25.10467,335.8271,8.427341,0.2992114,0.02286121,-0.9539127,0.0,0.0,0.0,0.9523696,-0.4688784,-2.706354,-0.06669749,-0.07317132,1.127897,0.8770011,0.1327107,0.4617975,-0.3055647,0.8957568,0.3228777,-0.3708089,-0.4242731,0.8261314,moving,-21.07033,-34.08241,-3.38421,-3.711812
4179,05/08/2023 17:09:02.873256,4420,True,True,True,True,Eyes,1.261384,0.08807654,-3.621277,-0.3148244,-0.5332639,0.7851849,0.0,0.0,0.0,0.0,0.0,0.0,0.0,0.3760039,1.521845,3.594132,1.513509,0.08871952,-3.616158,0.1933906,-0.2252974,0.1161429,0.9478143,24.76706,335.1104,8.424036,0.3019256,0.02287914,-0.9530566,0.0,0.0,0.0,0.9501011,-0.4707983,-2.706096,-0.06786574,-0.06522083,1.132203,0.8715038,0.1330229,0.4720021,-0.3073045,0.8982218,0.3142635,-0.3821583,-0.4189302,0.8236823,moving,-21.8486,-34.18267,-3.430279,-3.296893
4180,05/08/2023 17:09:02.893237,4421,True,True,True,True,Eyes,1.272453,0.08783159,-3.620683,-0.3252756,-0.5324805,0.7814475,0.0,0.0,0.0,0.0,0.0,0.0,0.0,0.4141741,1.514004,3.598142,1.525223,0.08660374,-3.616154,0.1918905,-0.2311834,0.1175959,0.9465218,24.68502,334.4064,8.473745,0.3046296,0.0228883,-0.9521956,0.0,0.0,0.0,0.9480569,-0.4725284,-2.705864,-0.06841971,-0.06179541,1.136563,0.8654509,0.1338904,0.4827713,-0.311338,0.8986985,0.3088847,-0.3925091,-0.4176295,0.8194646,moving,-22.5994,-34.27063,-3.444978,-3.112131
4181,05/08/2023 17:09:02.912905,4422,True,True,True,True,Eyes,1.283575,0.08755628,-3.620104,-0.3354867,-0.5318478,0.7775517,0.0,0.0,0.0,0.0,0.0,0.0,0.0,0.4507802,1.509339,3.600091,1.537114,0.08515258,-3.615521,0.1909413,-0.2369003,0.1189684,0.9451277,24.66394,333.7197,8.505581,0.307325,0.0228883,-0.9513291,0.0,0.0,0.0,0.9459925,-0.4742755,-2.705629,-0.06902018,-0.06114417,1.138696,0.8594496,0.1344125,0.4932339,-0.3153486,0.8987759,0.3045606,-0.40237,-0.4172951,0.8148394,moving,-23.33853,-34.37225,-3.468646,-3.07364
4182,05/08/2023 17:09:02.923352,4423,True,True,True,True,Eyes,1.29478,0.08729962,-3.619487,-0.3453038,-0.5311244,0.7737391,0.0,0.0,0.0,0.0,0.0,0.0,0.0,0.4792117,1.520365,3.5969,1.549592,0.0841656,-3.615319,0.1918893,-0.2412352,0.1214225,0.9435257,24.87802,333.2293,8.656868,0.3100136,0.02287926,-0.9504565,0.0,0.0,0.0,0.9438409,-0.4760964,-2.705385,-0.06971158,-0.06136256,1.140779,0.8541243,0.1365495,0.5018225,-0.3217114,0.8968701,0.3035222,-0.4086238,-0.4206877,0.8099682,moving,-24.05022,-34.46721,-3.496926,-3.078977
4183,05/08/2023 17:09:02.943539,4424,True,True,True,True,Eyes,1.306022,0.087019,-3.618858,-0.3550766,-0.5302287,0.7699208,0.0,0.0,0.0,0.0,0.0,0.0,0.0,0.5173084,1.52275,3.595054,1.561819,0.08417963,-3.614474,0.1917465,-0.246578,0.1252282,0.9416743,25.01671,332.6468,8.969843,0.3126971,0.02286257,-0.9495774,0.0,0.0,0.0,0.9417356,-0.4778781,-2.705146,-0.0710443,-0.06488794,1.142352,0.8470344,0.1412874,0.5124164,-0.3304093,0.8951023,0.2993685,-0.4163682,-0.4228826,0.8048651,moving,-24.75849,-34.55439,-3.558712,-3.251024
4184,05/08/2023 17:09:02.964169,4425,True,True,True,True,Eyes,1.317325,0.0866792,-3.618211,-0.3646141,-0.5289323,0.7663467,1.202717,0.8787973,-0.5494768,-2.696513,0.8775246,-0.4795308,-0.0007470256,-0.1972224,-0.07061294,1.296488,1.574037,0.08327943,-3.613587,0.1883344,-0.2516112,0.1255827,0.9409841,24.68538,332.0248,8.963602,0.3153764,0.02283837,-0.9486915,0.0,0.0,0.0,0.9395413,-0.4797352,-2.704896,-0.07303319,-0.07128865,1.143285,0.8418416,0.1415686,0.5208274,-0.3311167,0.8975183,0.2912434,-0.4262212,-0.4176354,0.8024439,moving,-25.44427,-34.61343,-3.655096,-3.568015
4185,05/08/2023 17:09:02.973487,4426,True,True,True,True,Eyes,1.328673,0.08625618,-3.617539,-0.3740247,-0.5273835,0.762871,1.202146,0.8790402,-0.547736,-2.700456,0.8935636,-0.3634173,-0.2635754,-0.1995273,-0.07364056,1.297551,1.586679,0.08144479,-3.612735,0.1852189,-0.2559485,0.1247893,0.9405383,24.34878,331.4631,8.834816,0.3180531,0.02280585,-0.9477983,0.0,0.0,0.0,0.9373178,-0.481617,-2.704644,-0.07574622,-0.07920861,1.143527,0.837836,0.1399252,0.5276853,-0.3295512,0.9002432,0.2845316,-0.435232,-0.4122901,0.8003687,moving,-26.11805,-34.65665,-3.789685,-3.962374
4186,05/08/2023 17:09:02.993477,4427,True,True,True,True,Eyes,1.340053,0.08585446,-3.616809,-0.3828357,-0.5257189,0.7596423,1.204944,0.8787578,-0.5476074,-2.701483,0.8741636,-0.3546084,-0.3317994,-0.2050449,-0.07908976,1.300518,1.599171,0.07896453,-3.611461,0.1810126,-0.2589227,0.1241034,0.9406337,23.87856,331.0815,8.790118,0.3207276,0.02276372,-0.9468976,0.0,0.0,0.0,0.9354395,-0.4832066,-2.704431,-0.07857802,-0.08548754,1.143569,0.8351147,0.1397352,0.5320314,-0.3272083,0.9036655,0.2762667,-0.4421742,-0.4047995,0.800387,moving,-26.74666,-34.6856,-3.930785,-4.275198
4187,05/08/2023 17:09:03.012932,4428,True,True,True,True,Eyes,1.351464,0.08551116,-3.616057,-0.3913741,-0.524133,0.7563801,1.208609,0.8784455,-0.5479605,-2.701889,0.8533651,-0.3781344,-0.3588628,-0.2165937,-0.07475522,1.304332,1.61117,0.07900217,-3.609532,0.1804101,-0.2595441,0.1265652,0.9402502,23.8886,331.0625,9.083998,0.3234007,0.0227135,-0.9459891,0.0,0.0,0.0,0.9333656,-0.4849617,-2.704195,-0.08286855,-0.08932051,1.143349,0.8332362,0.1443572,0.53374,-0.3316547,0.9028669,0.2735627,-0.4424054,-0.4049597,0.8001782,moving,-27.35842,-34.71999,-4.145478,-4.466977
4188,05/08/2023 17:09:03.023459,4429,True,True,True,True,Eyes,1.362935,0.08515032,-3.615285,-0.3997,-0.5224887,0.7531571,1.212784,0.8781853,-0.5485157,-2.701868,0.8364424,-0.4153096,-0.357606,-0.22304,-0.07161441,1.310333,1.623373,0.07998563,-3.60825,0.1781851,-0.2629031,0.132116,0.9389769,23.83416,330.7725,9.718838,0.326073,0.02265752,-0.9450728,0.0,0.0,0.0,0.9310787,-0.4868972,-2.703935,-0.08755486,-0.08860326,1.14354,0.8268546,0.1544169,0.540802,-0.3417985,0.9015909,0.2651559,-0.4466377,-0.4040907,0.7982641,moving,-27.95486,-34.75026,-4.378294,-4.430513
4189,05/08/2023 17:09:03.043344,4430,True,True,True,True,Eyes,1.374466,0.0849185,-3.614514,-0.407262,-0.5219397,0.7494775,0.0,0.0,0.0,0.0,0.0,0.0,0.0,0.6216123,1.434576,3.640151,1.636355,0.07915078,-3.607102,0.1769978,-0.2669611,0.1346759,0.937692,23.81878,330.3201,9.949625,0.3287448,0.02259592,-0.9441481,0.0,0.0,0.0,0.9291072,-0.4885656,-2.703711,-0.09488737,-0.08822805,1.141945,0.8211884,0.158066,0.5483291,-0.347072,0.9010684,0.2600323,-0.4529798,-0.4038452,0.7948071,moving,-28.51942,-34.85354,-4.749954,-4.417964
4190,05/08/2023 17:09:03.063082,4431,True,True,True,True,Eyes,1.386061,0.08488116,-3.613612,-0.4145945,-0.52157,0.7457052,0.0,0.0,0.0,0.0,0.0,0.0,0.0,0.633862,1.542113,3.598923,1.649262,0.08221153,-3.606288,0.1905571,-0.2672011,0.1417856,0.9339103,25.5753,330.4363,10.41061,0.3314171,0.02253258,-0.943215,0.0,0.0,0.0,0.9270329,-0.4903212,-2.703476,-0.1024821,-0.08864695,1.141236,0.8170009,0.1629959,0.5531203,-0.3666641,0.8871697,0.2801559,-0.4450472,-0.431697,0.7845832,moving,-29.07302,-34.97017,-5.131353,-4.441603
4191,05/08/2023 17:09:03.073319,4432,True,True,True,True,Eyes,1.397687,0.08495212,-3.612637,-0.4220607,-0.5208862,0.7419854,0.0,0.0,0.0,0.0,0.0,0.0,0.0,0.6877372,1.540084,3.592432,1.661325,0.08648023,-3.603182,0.1898542,-0.2731816,0.1518051,0.930743,25.87133,329.9269,11.46537,0.3340916,0.02247274,-0.9422725,0.0,0.0,0.0,0.924798,-0.4922127,-2.703222,-0.1099432,-0.08540609,1.140914,0.8046541,0.1788536,0.5661653,-0.3863123,0.8818212,0.2704703,-0.450882,-0.4363516,0.7786545,moving,-29.63235,-35.0695,-5.504264,-4.281041
4192,05/08/2023 17:09:03.093465,4433,True,True,True,True,Eyes,1.409399,0.08514271,-3.611634,-0.4293754,-0.5205834,0.7379903,0.0,0.0,0.0,0.0,0.0,0.0,0.0,0.7209263,1.489967,3.610245,1.673868,0.08903728,-3.600533,0.1834002,-0.2790964,0.1532903,0.9300386,25.25857,329.2128,11.6586,0.3367686,0.02241886,-0.9413202,0.0,0.0,0.0,0.9227843,-0.4939168,-2.702993,-0.1157779,-0.07985941,1.14077,0.7972146,0.1827591,0.5753678,-0.3875044,0.8857329,0.2555729,-0.4629139,-0.426704,0.7769391,moving,-30.19157,-35.19941,-5.795165,-4.004449
4193,05/08/2023 17:09:03.112930,4434,True,True,True,True,Eyes,1.421112,0.08545525,-3.610506,-0.4367915,-0.520074,0.7339866,0.0,0.0,0.0,0.0,0.0,0.0,0.0,0.7524266,1.549809,3.583444,1.687554,0.09215914,-3.598999,0.191412,-0.2829537,0.1569026,0.92665,26.32973,328.7965,11.74679,0.3394493,0.02237342,-0.940358,0.0,0.0,0.0,0.9206427,-0.4957292,-2.70275,-0.1216936,-0.07621223,1.140342,0.7906376,0.1824661,0.5844642,-0.399109,0.877486,0.2659515,-0.464332,-0.4435363,0.7665973,moving,-30.75665,-35.31989,-6.091367,-3.82355
4194,05/08/2023 17:09:03.123795,4435,True,True,True,True,Eyes,1.432842,0.08582936,-3.609299,-0.4444498,-0.5187755,0.7302988,0.0,0.0,0.0,0.0,0.0,0.0,0.0,0.7807596,1.516033,3.5934,1.699438,0.09535114,-3.594898,0.1874829,-0.2884227,0.1568523,0.9257752,25.95172,328.0953,11.6956,0.3421337,0.02233875,-0.9393855,0.0,0.0,0.0,0.9184464,-0.497588,-2.7025,-0.1273573,-0.07288802,1.139724,0.7844194,0.1822713,0.5928435,-0.3985686,0.8804951,0.2566545,-0.475215,-0.4376136,0.763325,moving,-31.32412,-35.38848,-6.376009,-3.659216
4195,05/08/2023 17:09:03.143104,4436,True,True,True,True,Eyes,1.444572,0.08620048,-3.608,-0.4521243,-0.5172434,0.7266656,0.0,0.0,0.0,0.0,0.0,0.0,0.0,0.7872165,1.467606,3.614847,1.711775,0.09711926,-3.591809,0.181482,-0.292098,0.1532743,0.9264179,25.20122,327.5437,11.34362,0.3448216,0.02231537,-0.9384027,0.0,0.0,0.0,0.91642,-0.4993029,-2.70227,-0.1320238,-0.0709953,1.138911,0.7823715,0.1779711,0.5968426,-0.3900132,0.8871426,0.2467141,-0.4855765,-0.4257986,0.7634861,moving,-31.88947,-35.44341,-6.612277,-3.566982
4196,05/08/2023 17:09:03.153126,4437,True,True,True,True,Eyes,1.456329,0.08653705,-3.606621,-0.4598808,-0.5150873,0.723322,0.0,0.0,0.0,0.0,0.0,0.0,0.0,0.7950375,1.442207,3.625506,1.723626,0.09740561,-3.588309,0.1783799,-0.2954444,0.1503016,0.9264463,24.79232,327.0479,10.99146,0.3475129,0.02230209,-0.9374097,0.0,0.0,0.0,0.9143302,-0.5010716,-2.702033,-0.1366516,-0.07012019,1.137979,0.7802441,0.1730901,0.6010482,-0.3838954,0.89118,0.2417073,-0.4938051,-0.4193304,0.7617865,moving,-32.44779,-35.45518,-6.847448,-3.526004
4197,05/08/2023 17:09:03.173162,4438,True,True,True,True,Eyes,1.468104,0.08679248,-3.605197,-0.4674353,-0.5131007,0.7198833,0.0,0.0,0.0,0.0,0.0,0.0,0.0,0.8000585,1.411629,3.639308,1.735598,0.09671924,-3.585484,0.174387,-0.2984189,0.1474059,0.9267185,24.27978,326.6076,10.69249,0.3502076,0.02229702,-0.9364064,0.0,0.0,0.0,0.9121657,-0.5029035,-2.701787,-0.1415261,-0.0692665,1.137418,0.7784354,0.1691267,0.6045119,-0.3772882,0.8957214,0.235238,-0.5016891,-0.4111927,0.7610707,moving,-32.99651,-35.47958,-7.092719,-3.484897
4198,05/08/2023 17:09:03.192875,4439,True,True,True,True,Eyes,1.479863,0.08703124,-3.603725,-0.4744977,-0.5114329,0.7164413,0.0,0.0,0.0,0.0,0.0,0.0,0.0,0.811444,1.425166,3.634882,1.747887,0.09507079,-3.582982,0.1758137,-0.3010192,0.1474953,0.925593,24.47282,326.271,10.58526,0.3529055,0.02229724,-0.935393,0.0,0.0,0.0,0.9100881,-0.5046617,-2.701551,-0.1470334,-0.07080162,1.136028,0.7752653,0.1671946,0.6091058,-0.3788878,0.8946694,0.236666,-0.505379,-0.4142616,0.7569541,moving,-33.51643,-35.52121,-7.374661,-3.56628
4199,05/08/2023 17:09:03.212982,4440,True,True,True,True,Eyes,1.49158,0.08732439,-3.602169,-0.4812837,-0.5100722,0.7128761,0.0,0.0,0.0,0.0,0.0,0.0,0.0,0.8210341,1.468019,3.618518,1.759458,0.09501438,-3.580241,0.1810645,-0.3025918,0.1495921,0.9237295,25.15319,326.1002,10.61803,0.3556057,0.0223018,-0.9343697,0.0,0.0,0.0,0.9079225,-0.5064945,-2.701305,-0.1530017,-0.07070866,1.1354,0.7721208,0.166788,0.6131974,-0.3859425,0.8896757,0.2439785,-0.5048543,-0.4250399,0.7513077,moving,-34.02445,-35.58422,-7.674705,-3.563574
4200,05/08/2023 17:09:03.223092,4441,True,True,True,True,Eyes,1.503236,0.08764481,-3.600515,-0.4880116,-0.5084976,0.7094188,0.0,0.0,0.0,0.0,0.0,0.0,0.0,0.8390089,1.485638,3.608926,1.770202,0.09663161,-3.576653,0.1831617,-0.305162,0.1530964,0.9218946,25.54056,325.8449,10.89175,0.3583069,0.02231169,-0.933337,0.0,0.0,0.0,0.9057491,-0.5083339,-2.701058,-0.1619759,-0.07046649,1.133968,0.7668753,0.1704895,0.618737,-0.3940655,0.8860266,0.2442732,-0.5065715,-0.43115,0.7466559,moving,-34.52422,-35.63222,-8.129133,-3.555874
4201,05/08/2023 17:09:03.243007,4442,True,True,True,True,Eyes,1.514859,0.08793327,-3.598794,-0.4947514,-0.5069132,0.7058754,0.0,0.0,0.0,0.0,0.0,0.0,0.0,0.8631529,1.456641,3.616293,1.780463,0.09748617,-3.572795,0.1793091,-0.3093482,0.155003,0.9209376,25.22441,325.3618,11.12544,0.3610077,0.02232711,-0.9322953,0.0,0.0,0.0,0.9036963,-0.5100712,-2.700825,-0.1702635,-0.06924337,1.133665,0.7605554,0.1745583,0.6253677,-0.3964341,0.8876446,0.2343651,-0.5141939,-0.4261647,0.7443039,moving,-35.02679,-35.68342,-8.541331,-3.495239
4202,05/08/2023 17:09:03.263059,4443,True,True,True,True,Eyes,1.526401,0.08819524,-3.59701,-0.5016102,-0.5053466,0.7021481,0.0,0.0,0.0,0.0,0.0,0.0,0.0,0.892092,1.440711,3.617795,1.791414,0.09697746,-3.569503,0.1771914,-0.3141307,0.1561497,0.9195338,25.08548,324.776,11.19573,0.3637075,0.0223467,-0.9312449,0.0,0.0,0.0,0.901593,-0.5118512,-2.700586,-0.1791839,-0.07444233,1.132424,0.7538784,0.1758473,0.6330443,-0.3984924,0.888441,0.2277642,-0.5223707,-0.4239698,0.7398502,moving,-35.54178,-35.74313,-8.991387,-3.76105
4203,05/08/2023 17:09:03.273245,4444,True,True,True,True,Eyes,1.537878,0.08846156,-3.595155,-0.508487,-0.5039127,0.6982213,0.0,0.0,0.0,0.0,0.0,0.0,0.0,0.9271622,1.446359,3.608148,1.801695,0.09673408,-3.565789,0.1781186,-0.3193139,0.1574868,0.9173388,25.30049,324.1306,11.17305,0.3664045,0.02236939,-0.9301865,0.0,0.0,0.0,0.899402,-0.5137055,-2.700337,-0.1927894,-0.07608461,1.130959,0.7464731,0.175186,0.6419406,-0.402689,0.8869434,0.2262147,-0.5297354,-0.4273656,0.7326248,moving,-36.06437,-35.81833,-9.673962,-3.848742
4204,05/08/2023 17:09:03.292938,4445,True,True,True,True,Eyes,1.549229,0.08874632,-3.593247,-0.5155364,-0.5024432,0.6940988,0.0,0.0,0.0,0.0,0.0,0.0,0.0,0.9671845,1.441788,3.600992,1.81173,0.09711479,-3.562239,0.1778316,-0.3251303,0.1590892,0.9150721,25.39821,323.4115,11.20374,0.3690974,0.02239501,-0.9291207,0.0,0.0,0.0,0.8973625,-0.5154315,-2.700106,-0.2000613,-0.07840577,1.131179,0.7379618,0.1755193,0.6516175,-0.406793,0.8861331,0.222008,-0.5384532,-0.4289068,0.7253324,moving,-36.60283,-35.89997,-10.02966,-3.965018
4205,05/08/2023 17:09:03.312993,4446,True,True,True,True,Eyes,1.560477,0.0890939,-3.591244,-0.5227175,-0.5011305,0.6896627,0.0,0.0,0.0,0.0,0.0,0.0,0.0,1.015251,1.437514,3.590325,1.821275,0.09794955,-3.558228,0.1779605,-0.3320948,0.159821,0.9124146,25.52463,322.5171,11.08153,0.3717834,0.02242376,-0.9280484,0.0,0.0,0.0,0.8951827,-0.5172763,-2.699858,-0.2058118,-0.08665326,1.130971,0.7283406,0.1734464,0.6628999,-0.4098455,0.8855746,0.2185961,-0.5491326,-0.430899,0.7160861,moving,-37.15966,-36.00333,-10.31371,-4.381356
4206,05/08/2023 17:09:03.323454,4447,True,True,True,True,Eyes,1.560477,0.0890939,-3.591244,-0.5227175,-0.5011305,0.6896627,0.0,0.0,0.0,0.0,0.0,0.0,0.0,1.063396,1.439859,3.575752,1.830211,0.0998776,-3.553922,0.179393,-0.3393795,0.1586096,0.9096608,25.72367,321.5234,10.66962,0.3744615,0.02245698,-0.9269702,0.0,0.0,0.0,0.8930019,-0.5191219,-2.69961,-0.207694,-0.0777742,1.133967,0.719329,0.1667973,0.6743475,-0.4103266,0.8853223,0.2187158,-0.5605337,-0.4340313,0.7052793,moving,-37.15966,-36.00333,-10.37908,-3.923541
4207,05/08/2023 17:09:03.343124,4448,True,True,True,True,Eyes,1.560477,0.0890939,-3.591244,-0.5227175,-0.5011305,0.6896627,0.0,0.0,0.0,0.0,0.0,0.0,0.0,1.116037,1.43234,3.562913,1.839108,0.1016285,-3.549484,0.1797812,-0.347706,0.1556562,0.9069457,25.74386,320.3524,10.05871,0.376869,0.02248672,-0.9259933,0.0,0.0,0.0,0.8909577,-0.520852,-2.699378,-0.2128668,-0.06333879,1.137669,0.7097433,0.1573215,0.686669,-0.4073655,0.8868997,0.2178584,-0.5747328,-0.4343488,0.6935585,moving,-37.15966,-36.00333,-10.59795,-3.186606
4208,05/08/2023 17:09:03.363387,4449,True,True,True,True,Eyes,1.560477,0.0890939,-3.591244,-0.5227175,-0.5011305,0.6896627,0.0,0.0,0.0,0.0,0.0,0.0,0.0,1.151514,1.433128,3.551423,1.84819,0.1017497,-3.544896,0.1809842,-0.3543479,0.1503938,0.9050217,25.73266,319.3405,9.195539,0.3790337,0.02251336,-0.9251087,0.0,0.0,0.0,0.8887798,-0.5226952,-2.699131,-0.2191154,-0.05851042,1.140619,0.7036386,0.1439565,0.6958228,-0.4004819,0.889253,0.2210058,-0.5869471,-0.4341726,0.6833647,moving,-37.15966,-36.00333,-10.87417,-2.936532
4209,05/08/2023 17:09:03.373468,4450,True,True,True,True,Eyes,1.560477,0.0890939,-3.591244,-0.5227175,-0.5011305,0.6896627,0.0,0.0,0.0,0.0,0.0,0.0,0.0,1.174969,1.474016,3.528277,1.857841,0.1020432,-3.54119,0.1870009,-0.358639,0.1472883,0.9026157,26.30993,318.6397,8.45218,0.3809799,0.02253722,-0.9243084,0.0,0.0,0.0,0.886596,-0.5245434,-2.698883,-0.2243744,-0.04742479,1.145713,0.6993685,0.1317578,0.7025123,-0.400021,0.8866736,0.2319333,-0.5923402,-0.4432265,0.6728176,moving,-37.15966,-36.00333,-11.08047,-2.370306
4210,05/08/2023 17:09:03.392901,4451,True,True,True,True,Eyes,1.560477,0.0890939,-3.591244,-0.5227175,-0.5011305,0.6896627,0.0,0.0,0.0,0.0,0.0,0.0,0.0,1.201763,1.493657,3.511633,1.867097,0.1025677,-3.536983,0.1899386,-0.3628263,0.1476362,0.9002689,26.6875,318.056,8.236322,0.3827303,0.02255862,-0.9235845,0.0,0.0,0.0,0.8846117,-0.5262228,-2.698657,-0.2281162,-0.04545289,1.149619,0.6931213,0.1279952,0.709366,-0.403654,0.8842537,0.234859,-0.5971988,-0.4491242,0.6645609,moving,-37.15966,-36.00333,-11.22328,-2.264143
4211,05/08/2023 17:09:03.413184,4452,True,True,True,True,Eyes,1.560477,0.0890939,-3.591244,-0.5227175,-0.5011305,0.6896627,0.0,0.0,0.0,0.0,0.0,0.0,0.0,1.236425,1.488848,3.501795,1.876081,0.1036487,-3.532359,0.1896332,-0.3677535,0.1501206,0.8979202,26.80565,317.4566,8.382535,0.3843044,0.0225778,-0.9229301,0.0,0.0,0.0,0.8824811,-0.5280258,-2.698415,-0.235431,-0.04803634,1.153219,0.6844424,0.130116,0.7173622,-0.409069,0.8830062,0.2301361,-0.6034909,-0.4509656,0.6575933,moving,-37.15966,-36.00333,-11.53845,-2.385227
4212,05/08/2023 17:09:03.423324,4453,True,True,True,True,Eyes,1.560477,0.0890939,-3.591244,-0.5227175,-0.5011305,0.6896627,0.0,0.0,0.0,0.0,0.0,0.0,0.0,1.277147,1.474224,3.492928,1.884901,0.1051565,-3.527191,0.1881714,-0.3734098,0.153241,0.8953625,26.83396,316.7851,8.629173,0.3857202,0.02259502,-0.9223388,0.0,0.0,0.0,0.8803293,-0.529847,-2.698171,-0.2444234,-0.06024891,1.155113,0.6741647,0.1338823,0.7263454,-0.4149425,0.8822175,0.2225198,-0.6110032,-0.4514065,0.6503133,moving,-37.15966,-36.00333,-11.94762,-2.985753
4213,05/08/2023 17:09:03.443477,4454,True,True,True,True,Eyes,1.560477,0.0890939,-3.591244,-0.5227175,-0.5011305,0.6896627,0.0,0.0,0.0,0.0,0.0,0.0,0.0,1.313012,1.435142,3.494059,1.893048,0.1066248,-3.520949,0.1836248,-0.3791457,0.1546164,0.893658,26.45147,316.0948,8.808884,0.3869934,0.02261046,-0.921805,0.0,0.0,0.0,0.878195,-0.5316532,-2.697928,-0.253821,-0.08336616,1.1557,0.6646847,0.1371072,0.7344358,-0.4155894,0.8847515,0.2109512,-0.6208702,-0.4454397,0.6450611,moving,-37.15966,-36.00333,-12.38694,-4.125872
4214,05/08/2023 17:09:03.463438,4455,True,True,True,True,Eyes,1.560477,0.0890939,-3.591244,-0.5227175,-0.5011305,0.6896627,0.0,0.0,0.0,0.0,0.0,0.0,0.0,1.348002,1.388705,3.497932,1.901549,0.1071155,-3.514794,0.178073,-0.385103,0.1549311,0.8921783,25.91738,315.3598,8.909603,0.388139,0.02262432,-0.9213228,0.0,0.0,0.0,0.876174,-0.5333636,-2.697699,-0.2622427,-0.09497651,1.156754,0.6553842,0.1392993,0.742339,-0.4136052,0.8885728,0.198417,-0.6319828,-0.4370746,0.6399714,moving,-37.15966,-36.00333,-12.77337,-4.6938
4215,05/08/2023 17:09:03.472981,4456,True,True,True,True,Eyes,1.560477,0.0890939,-3.591244,-0.5227175,-0.5011305,0.6896627,0.0,0.0,0.0,0.0,0.0,0.0,0.0,1.376579,1.352392,3.498397,1.909287,0.1072093,-3.507969,0.1738884,-0.3904496,0.1538837,0.8908602,25.46681,314.662,8.817179,0.3891692,0.02263677,-0.9208879,0.0,0.0,0.0,0.8739842,-0.5352169,-2.69745,-0.2721246,-0.08966488,1.159594,0.6477379,0.1383884,0.7491892,-0.409967,0.8921653,0.1896528,-0.6421549,-0.4299881,0.6346239,moving,-37.15966,-36.00333,-13.20675,-4.421561
4216,05/08/2023 17:09:03.493193,4457,True,True,True,True,Eyes,1.560477,0.0890939,-3.591244,-0.5227175,-0.5011305,0.6896627,0.0,0.0,0.0,0.0,0.0,0.0,0.0,1.410838,1.32318,3.493563,1.917306,0.1066912,-3.501257,0.1706382,-0.3963505,0.1531719,0.8890035,25.13899,313.8873,8.709112,0.390096,0.02264794,-0.9204953,0.0,0.0,0.0,0.8719552,-0.536934,-2.69722,-0.2811217,-0.08438164,1.162642,0.6388894,0.1370757,0.7569879,-0.4076058,0.894842,0.1819764,-0.6524399,-0.4248154,0.6275778,moving,-37.15966,-36.00333,-13.59298,-4.151107
4217,05/08/2023 17:09:03.512885,4458,True,True,True,True,Eyes,1.560477,0.0890939,-3.591244,-0.5227175,-0.5011305,0.6896627,0.0,0.0,0.0,0.0,0.0,0.0,0.0,1.443015,1.29781,3.486339,1.924787,0.1059614,-3.493583,0.1679357,-0.4021122,0.1518895,0.8871489,24.84223,313.1136,8.519589,0.3909296,0.02265798,-0.9201415,0.0,0.0,0.0,0.8698329,-0.5387301,-2.696979,-0.2900403,-0.08072361,1.165751,0.6304708,0.1344392,0.7644821,-0.4045551,0.8974544,0.1758147,-0.6624514,-0.4201211,0.6202067,moving,-37.15966,-36.00333,-13.97158,-3.96118
4218,05/08/2023 17:09:03.523745,4459,True,True,True,True,Eyes,1.560477,0.0890939,-3.591244,-0.5227175,-0.5011305,0.6896627,0.0,0.0,0.0,0.0,0.0,0.0,0.0,1.467117,1.287753,3.476344,1.932499,0.1049712,-3.485705,0.1670449,-0.4067405,0.150731,0.8854029,24.73493,312.4751,8.294613,0.3916799,0.022667,-0.919822,0.0,0.0,0.0,0.8677178,-0.5405202,-2.696738,-0.295229,-0.07690626,1.170171,0.6236846,0.1310275,0.7706162,-0.4028032,0.8987523,0.1731873,-0.6699007,-0.4184209,0.6133164,moving,-37.15966,-36.00333,-14.15997,-3.7602
4219,05/08/2023 17:09:03.543366,4460,True,True,True,True,Eyes,1.560477,0.0890939,-3.591244,-0.5227175,-0.5011305,0.6896627,0.0,0.0,0.0,0.0,0.0,0.0,0.0,1.486862,1.277442,3.4674,1.939616,0.1037503,-3.477442,0.1659867,-0.4106891,0.1502542,0.8838589,24.63481,311.9438,8.175921,0.3923543,0.0226751,-0.9195343,0.0,0.0,0.0,0.8656341,-0.5422837,-2.696502,-0.2992484,-0.06780392,1.175749,0.6175162,0.1292692,0.7758629,-0.4019449,0.8997442,0.1700021,-0.676102,-0.4168332,0.6075658,moving,-37.15966,-36.00333,-14.27957,-3.300517
4310,05/08/2023 17:09:05.063042,4551,True,True,True,True,Eyes,2.178224,0.09374422,-2.72775,-0.9174948,-0.3975759,-0.01169505,0.0,0.0,0.0,0.0,0.0,0.0,0.0,2.933626,0.1473108,1.550657,2.207847,0.1058698,-2.479234,0.07422617,-0.7678799,0.2016201,0.6034901,23.53003,258.0208,8.110888,0.6059678,0.02528382,-0.795087,0.0,0.0,0.0,0.8656341,-0.5422837,-2.696502,-0.2187887,-0.02145094,1.432205,-0.2605804,0.1293579,0.9567468,-0.357345,0.9076796,-0.2200505,-0.8968848,-0.3992296,-0.1902981,moving,89.26971,88.31508,-8.685556,-0.8580868
4311,05/08/2023 17:09:05.072932,4552,True,True,True,True,Eyes,2.178721,0.09405987,-2.716891,-0.9182343,-0.3955376,-0.01989341,0.0,0.0,0.0,0.0,0.0,0.0,0.0,2.938046,0.1363791,1.52133,2.204119,0.104898,-2.469011,0.0732865,-0.7710859,0.2013398,0.5995984,23.47727,257.4126,8.048797,0.6077624,0.02544055,-0.7937111,0.0,0.0,0.0,0.866342,-0.5398346,-2.696413,-0.2133854,-0.01954809,1.431988,-0.270222,0.1284256,0.9541945,-0.3544663,0.9081828,-0.2226155,-0.8951726,-0.3983853,-0.1998884,moving,88.75889,87.12076,-8.475474,-0.7820969
4312,05/08/2023 17:09:05.092880,4553,True,True,True,True,Eyes,2.179004,0.09432399,-2.70607,-0.9189366,-0.3934277,-0.02775359,0.0,0.0,0.0,0.0,0.0,0.0,0.0,2.940287,0.1242145,1.495554,2.199967,0.1041042,-2.459005,0.07202452,-0.7739515,0.2008578,0.5962112,23.37778,256.8788,8.017156,0.6095377,0.02559695,-0.7923435,0.0,0.0,0.0,0.8670169,-0.5374998,-2.696328,-0.2091994,-0.008646607,1.432191,-0.2786896,0.1280204,0.9518104,-0.3509943,0.9089372,-0.2250247,-0.8939437,-0.3967921,-0.2083769,moving,88.27009,85.96487,-8.310397,-0.3459093
4313,05/08/2023 17:09:05.113377,4554,True,True,True,True,Eyes,2.179086,0.09448779,-2.695292,-0.9196138,-0.3912084,-0.03558624,0.0,0.0,0.0,0.0,0.0,0.0,0.0,2.939913,0.1090375,1.47394,2.195192,0.1030768,-2.449078,0.06987131,-0.7766563,0.1990042,0.5935658,23.08287,256.4104,7.979962,0.6112918,0.02575171,-0.790986,0.0,0.0,0.0,0.8676896,-0.5351727,-2.696244,-0.2014284,0.001415417,1.432707,-0.2855956,0.1277122,0.9498028,-0.3447762,0.9110307,-0.2261693,-0.8941841,-0.3920621,-0.2161542,moving,87.78394,84.8024,-8.00292,0.05660428
4314,05/08/2023 17:09:05.123698,4555,True,True,True,True,Eyes,2.17897,0.0945421,-2.68459,-0.9201668,-0.3891575,-0.04300711,0.0,0.0,0.0,0.0,0.0,0.0,0.0,2.938367,0.1029083,1.453871,2.190475,0.1008021,-2.43926,0.06868879,-0.7790391,0.1964662,0.591423,22.79021,255.9869,7.815466,0.6130233,0.02590224,-0.7896398,0.0,0.0,0.0,0.8683931,-0.532739,-2.696155,-0.1941394,0.002194002,1.432516,-0.2910016,0.1253667,0.9484731,-0.3394118,0.9133658,-0.2248615,-0.894493,-0.387358,-0.22324,moving,87.32404,83.69364,-7.717897,0.08775258
4315,05/08/2023 17:09:05.143488,4556,True,True,True,True,Eyes,2.178642,0.09449252,-2.673934,-0.9206456,-0.3871447,-0.05030494,0.0,0.0,0.0,0.0,0.0,0.0,0.0,2.934901,0.1063434,1.436029,2.185312,0.09836622,-2.429376,0.06906275,-0.7806808,0.1951011,0.5896638,22.71025,255.6606,7.615901,0.6147305,0.0260459,-0.7883067,0.0,0.0,0.0,0.8690318,-0.5305291,-2.696075,-0.183891,0.00353647,1.432938,-0.295054,0.1222561,0.9476267,-0.33792,0.9143318,-0.2231758,-0.8937298,-0.386071,-0.2284644,moving,86.87242,82.59657,-7.312881,0.1414049
4316,05/08/2023 17:09:05.163036,4557,True,True,True,True,Eyes,2.178101,0.09437358,-2.66337,-0.9210371,-0.38525,-0.05721159,0.0,0.0,0.0,0.0,0.0,0.0,0.0,2.930401,0.1082937,1.42036,2.179904,0.09582315,-2.41976,0.06922392,-0.7820348,0.1942456,0.5881312,22.65859,255.3919,7.485036,0.6164118,0.02618044,-0.7869884,0.0,0.0,0.0,0.8697149,-0.5281662,-2.695989,-0.1752075,0.001536965,1.43323,-0.2986197,0.1202128,0.9467711,-0.3367549,0.9149534,-0.2223882,-0.8929853,-0.3852392,-0.2327409,moving,86.44555,81.55302,-6.969634,0.06144274
4317,05/08/2023 17:09:05.173358,4558,True,True,True,True,Eyes,2.177318,0.09417292,-2.65286,-0.9214181,-0.3832578,-0.06404848,0.0,0.0,0.0,0.0,0.0,0.0,0.0,2.924746,0.1160402,1.40634,2.173966,0.09418841,-2.410475,0.07040671,-0.7829781,0.1935787,0.5869546,22.69259,255.1774,7.285077,0.6180649,0.02630482,-0.7856866,0.0,0.0,0.0,0.8704386,-0.5256624,-2.695899,-0.1668053,-0.001633532,1.433168,-0.3010547,0.11699,0.9464036,-0.3374976,0.9151404,-0.2204846,-0.8918867,-0.3857868,-0.2360234,moving,86.02372,80.51264,-6.638742,-0.06530602
4318,05/08/2023 17:09:05.193238,4559,True,True,True,True,Eyes,2.176266,0.09386349,-2.642441,-0.921775,-0.3812621,-0.0704984,0.0,0.0,0.0,0.0,0.0,0.0,0.0,2.919306,0.1196457,1.389281,2.166538,0.09202007,-2.400918,0.07053334,-0.7846238,0.1904276,0.5857713,22.42419,254.8735,6.984735,0.6196887,0.0264178,-0.7844027,0.0,0.0,0.0,0.8710886,-0.5234138,-2.695817,-0.1590723,-0.01230108,1.432495,-0.3037941,0.1124098,0.9460832,-0.3337783,0.9175248,-0.2161952,-0.8923572,-0.3814608,-0.2412187,moving,85.62647,79.52388,-6.336488,-0.4919967
4319,05/08/2023 17:09:05.213137,4560,True,True,True,True,Eyes,2.174957,0.09341674,-2.632051,-0.9221014,-0.3792491,-0.07680535,0.0,0.0,0.0,0.0,0.0,0.0,0.0,2.908606,0.1264333,1.382291,2.158657,0.08923914,-2.391431,0.07064835,-0.785189,0.1869416,0.5861227,22.11001,254.7925,6.706581,0.6212807,0.02651743,-0.7831389,0.0,0.0,0.0,0.8717445,-0.5211449,-2.695735,-0.1515495,-0.01346812,1.432037,-0.3029378,0.1081968,0.9468484,-0.330086,0.9201233,-0.2107517,-0.8940199,-0.3763861,-0.243026,moving,85.23861,78.55133,-6.041011,-0.5388437
4320,05/08/2023 17:09:05.223145,4561,True,True,True,True,Eyes,2.173413,0.09288854,-2.621726,-0.9223682,-0.3773421,-0.0827651,0.0,0.0,0.0,0.0,0.0,0.0,0.0,2.901786,0.1162719,1.370638,2.152005,0.08545598,-2.382038,0.06878784,-0.7862335,0.1869035,0.5849548,21.9857,254.6291,6.843581,0.6228393,0.02660109,-0.7818972,0.0,0.0,0.0,0.8724439,-0.5187253,-2.695647,-0.143491,-0.01245206,1.431206,-0.3061922,0.1104936,0.9455355,-0.3268268,0.9206706,-0.2134241,-0.8941089,-0.3743752,-0.2457899,moving,84.87252,77.62881,-5.725277,-0.4984835
4321,05/08/2023 17:09:05.248442,4562,True,True,True,True,Eyes,2.171597,0.09234099,-2.61143,-0.9225551,-0.3755308,-0.08870449,0.0,0.0,0.0,0.0,0.0,0.0,0.0,2.894023,0.090639,1.360635,2.144606,0.08308119,-2.372483,0.06517977,-0.7870703,0.1894424,0.5834242,21.97882,254.5231,7.338534,0.6243634,0.02666805,-0.7806782,0.0,0.0,0.0,0.8731266,-0.5163633,-2.695561,-0.1358185,-0.01438854,1.430144,-0.310736,0.1184484,0.9430872,-0.3236527,0.9197264,-0.222154,-0.8936959,-0.3742639,-0.2474559,moving,84.50784,76.70972,-5.42502,-0.5764278
4322,05/08/2023 17:09:05.263220,4563,True,True,True,True,Eyes,2.169506,0.0918199,-2.601181,-0.9227163,-0.3736346,-0.09482553,0.0,0.0,0.0,0.0,0.0,0.0,0.0,2.890139,0.04339027,1.341064,2.136237,0.08206603,-2.362836,0.05918621,-0.7889717,0.1942809,0.5798927,22.03715,254.2276,8.18271,0.6258522,0.02671948,-0.7794834,0.0,0.0,0.0,0.8737804,-0.5141014,-2.695479,-0.1244529,-0.01107571,1.429888,-0.3204432,0.1319317,0.9380355,-0.3187166,0.9175039,-0.237921,-0.8920404,-0.3752076,-0.2519591,moving,84.13244,75.75945,-4.974307,-0.4437958
4323,05/08/2023 17:09:05.273355,4564,True,True,True,True,Eyes,2.167107,0.09128266,-2.590966,-0.9229016,-0.3715391,-0.101051,0.0,0.0,0.0,0.0,0.0,0.0,0.0,2.88845,-0.00145036,1.315972,2.127693,0.08209763,-2.353955,0.05305302,-0.7919787,0.1948497,0.5761847,21.70145,253.744,8.697825,0.6273041,0.02675777,-0.7783142,0.0,0.0,0.0,0.8744825,-0.5116727,-2.695391,-0.1135747,-0.01038758,1.428835,-0.3303934,0.1405051,0.9333268,-0.3085726,0.9184379,-0.2474969,-0.8919774,-0.3697703,-0.2600898,moving,83.75143,74.78477,-4.544751,-0.4165312
4324,05/08/2023 17:09:05.292975,4565,True,True,True,True,Eyes,2.164417,0.09071114,-2.580784,-0.9230886,-0.3693224,-0.1072775,0.0,0.0,0.0,0.0,0.0,0.0,0.0,2.885279,-0.02372414,1.289714,2.117919,0.0811097,-2.344482,0.04967801,-0.7948598,0.1923982,0.5733349,21.27369,253.2512,8.742889,0.6287168,0.02678384,-0.7771725,0.0,0.0,0.0,0.8751581,-0.5093353,-2.695306,-0.1049774,-0.00650942,1.427826,-0.3376386,0.1416431,0.9305578,-0.2995913,0.9210301,-0.2488949,-0.8923259,-0.3628235,-0.2685403,moving,83.37106,73.80295,-4.204965,-0.261208
4325,05/08/2023 17:09:05.313335,4566,True,True,True,True,Eyes,2.161419,0.09014467,-2.570658,-0.9232506,-0.3670757,-0.1134189,0.0,0.0,0.0,0.0,0.0,0.0,0.0,2.879027,-0.03013361,1.27037,2.108251,0.07969484,-2.335052,0.04851648,-0.7966301,0.1901817,0.5717146,21.00713,252.9353,8.634971,0.6300898,0.02679797,-0.7760593,0.0,0.0,0.0,0.8758063,-0.5070929,-2.695225,-0.09896733,-0.0009313487,1.426848,-0.3415773,0.14016,0.9293441,-0.2947587,0.9229541,-0.2475338,-0.8924363,-0.3584841,-0.2739467,moving,82.99645,72.82991,-3.967728,-0.03739876
4326,05/08/2023 17:09:05.323461,4567,True,True,True,True,Eyes,2.158099,0.08975169,-2.560629,-0.9232189,-0.3652258,-0.1194865,0.0,0.0,0.0,0.0,0.0,0.0,0.0,2.871604,-0.03750825,1.253491,2.097871,0.07922505,-2.326244,0.04748283,-0.797956,0.1889311,0.5703654,20.83528,252.6969,8.599028,0.6314213,0.02680158,-0.7749762,0.0,0.0,0.0,0.8764747,-0.5047804,-2.695141,-0.0921247,0.005817864,1.426356,-0.3448575,0.1397411,0.9281951,-0.2912979,0.9241009,-0.2473522,-0.8923112,-0.3556825,-0.2779768,moving,82.62556,71.88409,-3.695456,0.2336985
4327,05/08/2023 17:09:05.343115,4568,True,True,True,True,Eyes,2.154504,0.08937152,-2.550654,-0.9233063,-0.3627526,-0.1261581,0.0,0.0,0.0,0.0,0.0,0.0,0.0,2.859127,-0.05833477,1.24824,2.086727,0.0830988,-2.318357,0.04593032,-0.7974669,0.1938257,0.5695336,21.18969,252.7735,9.103723,0.6327083,0.02680094,-0.7739258,0.0,0.0,0.0,0.877158,-0.5024166,-2.695055,-0.08384483,0.01362856,1.425875,-0.3470439,0.1475246,0.9261733,-0.2940363,0.920644,-0.2568214,-0.8905634,-0.3614569,-0.2761263,moving,82.21944,70.82335,-3.365253,0.5476184
4328,05/08/2023 17:09:05.363265,4569,True,True,True,True,Eyes,2.150666,0.08900886,-2.540701,-0.9231755,-0.360658,-0.1329391,0.0,0.0,0.0,0.0,0.0,0.0,0.0,2.863744,-0.147765,1.19576,2.076566,0.0828502,-2.309483,0.0324533,-0.8043238,0.1908391,0.5617746,20.08755,251.6301,9.945872,0.6339505,0.02679694,-0.7729088,0.0,0.0,0.0,0.8778304,-0.5000905,-2.694971,-0.07812433,0.02216418,1.425228,-0.3667124,0.1622111,0.916084,-0.266623,0.9250545,-0.2705299,-0.8913105,-0.3434557,-0.2959797,moving,81.80563,69.76602,-3.137546,0.8909529
4329,05/08/2023 17:09:05.373193,4570,True,True,True,True,Eyes,2.14659,0.08879782,-2.530772,-0.9225706,-0.359712,-0.1395374,0.0,0.0,0.0,0.0,0.0,0.0,0.0,2.860429,-0.1449254,1.16704,2.066626,0.08308994,-2.299388,0.03404195,-0.8063045,0.1921534,0.5583829,20.35802,251.1719,9.807212,0.6351481,0.02679052,-0.7719252,0.0,0.0,0.0,0.8785569,-0.4975773,-2.69488,-0.07426859,0.02360515,1.424323,-0.3740997,0.159694,0.9135358,-0.2694867,0.9238364,-0.2718515,-0.8873708,-0.3478852,-0.3025715,moving,81.39929,68.79803,-2.984876,0.9494699
4330,05/08/2023 17:09:05.393140,4571,True,True,True,True,Eyes,2.142172,0.08871713,-2.520956,-0.9222223,-0.3577818,-0.1466225,0.0,0.0,0.0,0.0,0.0,0.0,0.0,2.85802,-0.1410554,1.137374,2.056717,0.0867575,-2.290018,0.03926496,-0.8065477,0.2054155,0.552941,22.01054,250.8507,10.17797,0.636301,0.0267866,-0.7709752,0.0,0.0,0.0,0.8791764,-0.4954343,-2.694802,-0.0724065,0.01664839,1.423518,-0.3854293,0.1638271,0.9080777,-0.2905034,0.9125254,-0.2879323,-0.875815,-0.3747772,-0.3041218,moving,80.96626,67.71571,-2.91181,0.6700575
4331,05/08/2023 17:09:05.412915,4572,True,True,True,True,Eyes,2.137645,0.08864066,-2.511166,-0.9217414,-0.3560894,-0.1536005,0.0,0.0,0.0,0.0,0.0,0.0,0.0,2.850765,-0.198123,1.109027,2.04406,0.0896076,-2.282508,0.02844169,-0.8113632,0.1936653,0.5507948,20.21823,250.1759,10.26287,0.637407,0.02678897,-0.770061,0.0,0.0,0.0,0.8798795,-0.4930016,-2.694713,-0.07225159,0.01384516,1.422536,-0.3916327,0.1671866,0.9048054,-0.2594928,0.9233696,-0.2829348,-0.8827727,-0.3455968,-0.318238,moving,80.53907,66.66687,-2.907594,0.5576268
4332,05/08/2023 17:09:05.423354,4573,True,True,True,True,Eyes,2.132957,0.08860505,-2.501471,-0.9208452,-0.3552831,-0.1606804,0.0,0.0,0.0,0.0,0.0,0.0,0.0,2.847218,-0.1798558,1.089007,2.036874,0.08967001,-2.273331,0.03194772,-0.8126265,0.193632,0.5487481,20.47285,249.8472,9.870046,0.6384684,0.0267972,-0.7691809,0.0,0.0,0.0,0.8805687,-0.4906175,-2.694627,-0.07367021,0.0123839,1.421233,-0.39571,0.1605873,0.9042265,-0.2644335,0.922972,-0.2796385,-0.8794822,-0.3497635,-0.3227646,moving,80.10198,65.66466,-2.967296,0.4992338
4333,05/08/2023 17:09:05.443089,4574,True,True,True,True,Eyes,2.12815,0.08859684,-2.491831,-0.9199374,-0.3542666,-0.1679591,0.0,0.0,0.0,0.0,0.0,0.0,0.0,2.846393,-0.1668535,1.060045,2.028056,0.09080879,-2.265442,0.03635418,-0.8139476,0.1983604,0.5448129,21.25518,249.416,9.695629,0.6394861,0.02681202,-0.7683344,0.0,0.0,0.0,0.881256,-0.4882396,-2.694541,-0.07621542,0.01266246,1.420251,-0.403715,0.1569578,0.9013205,-0.2753194,0.918663,-0.2832975,-0.8724755,-0.3625225,-0.3276644,moving,79.65309,64.63419,-3.071737,0.5108153
4334,05/08/2023 17:09:05.463308,4575,True,True,True,True,Eyes,2.12327,0.08860836,-2.482236,-0.9186368,-0.3541082,-0.1752535,0.0,0.0,0.0,0.0,0.0,0.0,0.0,2.846388,-0.1774195,1.025192,2.020387,0.09139976,-2.257011,0.03484748,-0.8176371,0.194775,0.5406644,20.86652,248.6959,9.463197,0.6404616,0.02683367,-0.7675207,0.0,0.0,0.0,0.8818861,-0.4860599,-2.694462,-0.07719952,0.0130671,1.41936,-0.4129354,0.1536306,0.8977093,-0.267601,0.9216967,-0.2808289,-0.8705597,-0.3561921,-0.3394895,moving,79.19915,63.6685,-3.113271,0.5274691
4335,05/08/2023 17:09:05.473435,4576,True,True,True,True,Eyes,2.118232,0.08876336,-2.472733,-0.9171907,-0.3541748,-0.1825412,0.0,0.0,0.0,0.0,0.0,0.0,0.0,2.845671,-0.1582684,0.9981642,2.013663,0.09201027,-2.248536,0.04041546,-0.8186544,0.2004482,0.5366493,21.81268,248.2746,9.233376,0.6413977,0.02686215,-0.7667376,0.0,0.0,0.0,0.8825943,-0.4836097,-2.694373,-0.07451631,0.01182959,1.418707,-0.4207487,0.1489681,0.8948629,-0.2813133,0.9163742,-0.2848176,-0.8624581,-0.3715733,-0.3436566,moving,78.74396,62.73349,-3.006646,0.4777376
4336,05/08/2023 17:09:05.492957,4577,True,True,True,True,Eyes,2.113024,0.08902166,-2.463289,-0.9158546,-0.3535412,-0.1903129,0.0,0.0,0.0,0.0,0.0,0.0,0.0,2.842817,-0.1722682,0.9695196,2.004825,0.09565704,-2.241156,0.04039637,-0.8207286,0.2034418,0.5323385,22.1449,247.7675,9.338114,0.6422945,0.02690126,-0.7659851,0.0,0.0,0.0,0.883241,-0.4813728,-2.694291,-0.06952186,0.0208164,1.418795,-0.4299678,0.1502909,0.8902473,-0.2829087,0.9139591,-0.2909319,-0.8573741,-0.3769501,-0.3504544,moving,78.2611,61.70621,-2.805287,0.8405771
4337,05/08/2023 17:09:05.512915,4578,True,True,True,True,Eyes,2.107701,0.08926784,-2.4539,-0.9145646,-0.3524655,-0.1983426,0.0,0.0,0.0,0.0,0.0,0.0,0.0,2.839135,-0.2225397,0.9347589,1.995965,0.09805463,-2.233941,0.03158631,-0.8255606,0.1966567,0.5279946,20.98104,246.982,9.587724,0.6431519,0.02695324,-0.7652634,0.0,0.0,0.0,0.8839154,-0.4790396,-2.694207,-0.06450508,0.02887453,1.419062,-0.4404481,0.1555146,0.8842064,-0.2598203,0.9206569,-0.2913493,-0.8593596,-0.3580589,-0.3650957,moving,77.76369,60.63227,-2.602653,1.165672
4338,05/08/2023 17:09:05.523750,4579,True,True,True,True,Eyes,2.102252,0.08951177,-2.444542,-0.9130844,-0.351607,-0.2065175,0.0,0.0,0.0,0.0,0.0,0.0,0.0,2.836684,-0.2530378,0.8968363,1.987889,0.09790138,-2.22572,0.02618432,-0.8299148,0.1919492,0.5231745,20.2429,246.1821,9.656746,0.6439723,0.02701661,-0.764571,0.0,0.0,0.0,0.8846112,-0.4766323,-2.694119,-0.06036156,0.02848193,1.419032,-0.4512058,0.1573843,0.8784324,-0.2443073,0.9249398,-0.291205,-0.8583282,-0.3460008,-0.3788882,moving,77.25552,59.57201,-2.43573,1.149851
4339,05/08/2023 17:09:05.543248,4580,True,True,True,True,Eyes,2.096695,0.08974618,-2.435246,-0.9115252,-0.3507113,-0.2147633,0.0,0.0,0.0,0.0,0.0,0.0,0.0,2.833929,-0.2619454,0.8646448,1.979741,0.09796415,-2.217748,0.02574939,-0.8325785,0.192503,0.5187416,20.31994,245.5796,9.627973,0.644756,0.0270903,-0.7639076,0.0,0.0,0.0,0.8852902,-0.4742836,-2.694034,-0.06044766,0.02987493,1.419106,-0.4604884,0.1568418,0.8736998,-0.2425954,0.9245592,-0.293833,-0.8538725,-0.3472622,-0.3876998,moving,76.74241,58.51817,-2.439072,1.206009
4340,05/08/2023 17:09:05.563124,4581,True,True,True,True,Eyes,2.091044,0.0899627,-2.426001,-0.9097818,-0.3501543,-0.2229105,0.0,0.0,0.0,0.0,0.0,0.0,0.0,2.830473,-0.2759581,0.8320346,1.971591,0.09795312,-2.209807,0.02407318,-0.835519,0.1918514,0.5143165,20.20337,244.951,9.637745,0.6455039,0.02717304,-0.7632728,0.0,0.0,0.0,0.8859509,-0.4719977,-2.693951,-0.06355953,0.02910263,1.41841,-0.469798,0.1571175,0.8686795,-0.2375719,0.9252271,-0.2958285,-0.8502056,-0.3453534,-0.3973431,moving,76.23287,57.51891,-2.565732,1.175418
4341,05/08/2023 17:09:05.573399,4582,True,True,True,True,Eyes,2.085338,0.09018075,-2.416825,-0.9078354,-0.3499519,-0.2310163,0.0,0.0,0.0,0.0,0.0,0.0,0.0,2.82612,-0.2784711,0.8059671,1.963683,0.09778342,-2.201924,0.02456966,-0.8374762,0.1927034,0.5107793,20.35699,244.4785,9.559826,0.6462178,0.02726355,-0.7626653,0.0,0.0,0.0,0.8866441,-0.4695998,-2.693864,-0.07143857,0.03513474,1.418387,-0.4770019,0.1557048,0.8650002,-0.2380108,0.9245235,-0.2976696,-0.8460617,-0.3478682,-0.4039401,moving,75.723,56.56971,-2.883327,1.418979
4342,05/08/2023 17:09:05.592921,4583,True,True,True,True,Eyes,2.079586,0.09041342,-2.40776,-0.9056937,-0.3501022,-0.2390551,0.0,0.0,0.0,0.0,0.0,0.0,0.0,2.823545,-0.2809005,0.7756701,1.956621,0.09811309,-2.194307,0.02617104,-0.8394749,0.1963485,0.5060081,20.86363,243.9196,9.533728,0.6468992,0.02736117,-0.7620839,0.0,0.0,0.0,0.887357,-0.4671334,-2.693775,-0.06515773,0.0292564,1.419755,-0.4865417,0.154768,0.8598397,-0.2426478,0.9215247,-0.3031738,-0.8392851,-0.3561448,-0.4108061,moving,75.21416,55.67415,-2.627668,1.180507
4343,05/08/2023 17:09:05.613268,4584,True,True,True,True,Eyes,2.073805,0.09066154,-2.398751,-0.90333,-0.35059,-0.247147,0.0,0.0,0.0,0.0,0.0,0.0,0.0,2.821438,-0.284042,0.7417328,1.949137,0.0988919,-2.18688,0.02725958,-0.842055,0.1978694,0.5010471,21.13401,243.2655,9.402181,0.6475497,0.02746583,-0.7615275,0.0,0.0,0.0,0.8879836,-0.4649659,-2.693696,-0.06554497,0.04884382,1.42116,-0.4964176,0.1523756,0.854606,-0.2441919,0.9202093,-0.3059171,-0.8330306,-0.3605504,-0.4195991,moving,74.69859,54.81823,-2.640653,1.968422
4344,05/08/2023 17:09:05.623389,4585,True,True,True,True,Eyes,2.067976,0.09097822,-2.389838,-0.9008046,-0.3513613,-0.2551399,0.0,0.0,0.0,0.0,0.0,0.0,0.0,2.82076,-0.2805941,0.7049556,1.942626,0.09958586,-2.179144,-0.03003341,0.844629,-0.2007515,-0.4953772,21.64637,242.5406,9.172222,0.6481715,0.02757741,-0.7609944,0.0,0.0,0.0,0.8886763,-0.4625692,-2.693609,-0.06495637,0.08945835,1.421889,-0.5073989,0.1481612,0.8488784,-0.2496296,0.9175937,-0.3093653,-0.8247615,-0.3688768,-0.4286007,moving,74.186,54.01485,-2.615634,3.600029
4345,05/08/2023 17:09:05.643179,4586,True,True,True,True,Eyes,2.062086,0.09136499,-2.381005,-0.898211,-0.3519734,-0.2633093,0.0,0.0,0.0,0.0,0.0,0.0,0.0,2.818934,-0.2746369,0.671993,1.935278,0.1017024,-2.172036,-0.03311372,0.8468761,-0.2025832,-0.4905757,22.06235,241.8952,8.855983,0.648764,0.02769727,-0.7604851,0.0,0.0,0.0,0.88933,-0.4603078,-2.693527,-0.0659363,0.06835683,1.423164,-0.5164781,0.1426784,0.8443303,-0.2548513,0.9157271,-0.3106362,-0.8174971,-0.3756153,-0.4365911,moving,73.66158,53.20005,-2.652662,2.749895
4346,05/08/2023 17:09:05.663150,4587,True,True,True,True,Eyes,2.056167,0.09175542,-2.372277,-0.8956171,-0.3522769,-0.271608,0.0,0.0,0.0,0.0,0.0,0.0,0.0,2.817101,-0.2773386,0.6338243,1.927871,0.1037404,-2.165007,-0.03334292,0.8504152,-0.1997422,-0.4855775,21.84573,241.0959,8.504672,0.6493278,0.02782689,-0.7599989,0.0,0.0,0.0,0.8900305,-0.4578846,-2.693439,-0.06460863,0.06627695,1.425482,-0.5262058,0.13727,0.8392048,-0.2506913,0.9179826,-0.3073465,-0.8125648,-0.3721088,-0.4486354,moving,73.12936,52.36752,-2.595101,2.662016
4347,05/08/2023 17:09:05.673616,4588,True,True,True,True,Eyes,2.050205,0.09214217,-2.36361,-0.8928976,-0.3525084,-0.2801281,0.0,0.0,0.0,0.0,0.0,0.0,0.0,2.815203,-0.2816722,0.59377,1.920769,0.104282,-2.158017,-0.03257759,0.8543233,-0.1955159,-0.4804624,21.43048,240.2535,8.165465,0.6498649,0.0279657,-0.7595346,0.0,0.0,0.0,0.8907417,-0.4554241,-2.69335,-0.06236134,0.07053039,1.426172,-0.5361896,0.1322124,0.8336791,-0.2435396,0.9214245,-0.302763,-0.8082015,-0.3653722,-0.4618593,moving,72.58183,51.52687,-2.503742,2.831217
4348,05/08/2023 17:09:05.692871,4589,True,True,True,True,Eyes,2.044182,0.0925262,-2.354995,-0.8900997,-0.3526138,-0.2887662,0.0,0.0,0.0,0.0,0.0,0.0,0.0,2.812908,-0.2895048,0.5497622,1.913681,0.1045603,-2.150674,-0.03212103,0.85821,-0.1939796,-0.4741475,21.3098,239.3375,7.947771,0.650376,0.02811274,-0.7590915,0.0,0.0,0.0,0.8913738,-0.4532372,-2.69327,-0.06360653,0.04595535,1.427377,-0.5483049,0.1288167,0.8262978,-0.239083,0.9226803,-0.3024902,-0.8013745,-0.3634106,-0.4751122,moving,72.02589,50.68491,-2.551517,1.844039
4349,05/08/2023 17:09:05.713541,4590,True,True,True,True,Eyes,2.038097,0.09291153,-2.346434,-0.8871538,-0.3526469,-0.2976548,0.0,0.0,0.0,0.0,0.0,0.0,0.0,2.80893,-0.3076176,0.5052311,1.906358,0.1048114,-2.143546,-0.03001822,0.8621605,-0.1931229,-0.4674202,21.16581,238.414,7.937568,0.6508622,0.02826725,-0.758669,0.0,0.0,0.0,0.8920394,-0.4509349,-2.693187,-0.06565034,0.03511856,1.428232,-0.5612347,0.1287781,0.8175769,-0.2323001,0.9236049,-0.3049437,-0.7943881,-0.3610682,-0.4884438,moving,71.45255,49.83366,-2.631815,1.408553
4350,05/08/2023 17:09:05.723606,4591,True,True,True,True,Eyes,2.031933,0.09330056,-2.337918,-0.8840831,-0.3527026,-0.306591,0.0,0.0,0.0,0.0,0.0,0.0,0.0,2.802903,-0.3369508,0.457819,1.898694,0.1052102,-2.136185,-0.02624967,0.8663507,-0.1931545,-0.4598249,21.02772,237.4282,8.139279,0.6513236,0.02842856,-0.7582669,0.0,0.0,0.0,0.892768,-0.4484141,-2.693095,-0.06706341,0.0343333,1.428354,-0.5757441,0.1321517,0.8068797,-0.2231174,0.9240046,-0.3105386,-0.7865987,-0.3588195,-0.5025048,moving,70.87398,49.0008,-2.688151,1.376952
4351,05/08/2023 17:09:05.743508,4592,True,True,True,True,Eyes,2.025662,0.0937022,-2.329449,-0.8808473,-0.352704,-0.3157659,0.0,0.0,0.0,0.0,0.0,0.0,0.0,2.795403,-0.3686544,0.4084933,1.890627,0.1056845,-2.12871,-0.02240548,0.8705174,-0.1941107,-0.4516843,20.98931,236.405,8.397194,0.6517612,0.02859647,-0.7578844,0.0,0.0,0.0,0.8933914,-0.4462575,-2.693017,-0.06668875,0.04037176,1.429161,-0.5909588,0.1363448,0.7950964,-0.2143622,0.923638,-0.3177131,-0.7776998,-0.3581939,-0.5166049,moving,70.27827,48.16281,-2.671648,1.618094
4352,05/08/2023 17:09:05.763017,4593,True,True,True,True,Eyes,2.01928,0.09409884,-2.321013,-0.8775327,-0.352613,-0.3249622,0.0,0.0,0.0,0.0,0.0,0.0,0.0,2.786567,-0.3967881,0.3597078,1.881706,0.106374,-2.121239,-0.01885202,0.8745985,-0.1941506,-0.443878,20.87581,235.4009,8.579121,0.6521747,0.0287708,-0.7575221,0.0,0.0,0.0,0.8940651,-0.4439267,-2.692933,-0.06609488,0.05833749,1.429442,-0.6052341,0.1393824,0.7837504,-0.2053342,0.9239003,-0.3228716,-0.7691098,-0.3563436,-0.5305561,moving,69.67973,47.33686,-2.64737,2.337022
4353,05/08/2023 17:09:05.773115,4594,True,True,True,True,Eyes,2.012803,0.09444869,-2.312604,-0.8740834,-0.3524166,-0.3343363,0.0,0.0,0.0,0.0,0.0,0.0,0.0,2.77739,-0.4178383,0.3123622,1.872721,0.106617,-2.113671,-0.01597716,0.8785625,-0.1930389,-0.4365876,20.67976,234.4272,8.636069,0.6525642,0.02895118,-0.7571796,0.0,0.0,0.0,0.8947766,-0.4414656,-2.692843,-0.06294003,0.07254769,1.429936,-0.6182718,0.1404829,0.7733073,-0.1966307,0.9249614,-0.3252427,-0.7609705,-0.3531444,-0.5442543,moving,69.06818,46.50809,-2.520303,2.904406
4354,05/08/2023 17:09:05.792928,4595,True,True,True,True,Eyes,2.006261,0.09475373,-2.304227,-0.8705537,-0.3524088,-0.3434302,0.0,0.0,0.0,0.0,0.0,0.0,0.0,2.768724,-0.4267395,0.2677875,1.863914,0.1058156,-2.105772,-0.0147244,0.8822201,-0.1911541,-0.4300363,20.48389,233.5118,8.497683,0.6529293,0.02913513,-0.7568579,0.0,0.0,0.0,0.8954254,-0.439221,-2.692762,-0.05921103,0.07239186,1.430201,-0.6297042,0.1384261,0.7644024,-0.1903867,0.9264867,-0.3246159,-0.753144,-0.349944,-0.5570581,moving,68.47095,45.73927,-2.370719,2.897642
4355,05/08/2023 17:09:05.813257,4596,True,True,True,True,Eyes,1.999635,0.09502166,-2.295885,-0.866841,-0.3524963,-0.3526088,0.0,0.0,0.0,0.0,0.0,0.0,0.0,2.760653,-0.4272313,0.227107,1.855543,0.1051298,-2.097908,-0.01580646,0.8851789,-0.1914063,-0.4237595,20.62524,232.6664,8.246412,0.6532714,0.02932141,-0.7565554,0.0,0.0,0.0,0.8961166,-0.4368298,-2.692675,-0.05029325,0.07311427,1.430871,-0.6403561,0.1342374,0.7562568,-0.1902035,0.9262276,-0.3254614,-0.744155,-0.3522539,-0.5675831,moving,67.86477,44.99086,-2.013043,2.925141
4356,05/08/2023 17:09:05.823410,4597,True,True,True,True,Eyes,1.992952,0.09523692,-2.287595,-0.8630813,-0.3525973,-0.3616156,0.0,0.0,0.0,0.0,0.0,0.0,0.0,2.752099,-0.42679,0.1864805,1.84683,0.1045222,-2.090279,-0.01700758,0.8880997,-0.1914186,-0.4175509,20.74446,231.8231,7.96874,0.6535905,0.02950858,-0.7562724,0.0,0.0,0.0,0.8967806,-0.4345327,-2.692592,-0.04046321,0.07182238,1.430874,-0.6507242,0.1296452,0.7481647,-0.1900629,0.9261394,-0.3257946,-0.7351424,-0.3542007,-0.5780205,moving,67.2672,44.27657,-1.619816,2.873536
4357,05/08/2023 17:09:05.844951,4598,True,True,True,True,Eyes,1.986201,0.09538656,-2.279313,-0.8591326,-0.3527889,-0.3707171,0.0,0.0,0.0,0.0,0.0,0.0,0.0,2.743033,-0.426873,0.142828,1.838186,0.103603,-2.082592,-0.01758407,0.8914178,-0.1900877,-0.4110133,20.69233,230.9096,7.6731,0.6538872,0.0296952,-0.7560076,0.0,0.0,0.0,0.8974704,-0.4321462,-2.692505,-0.03059068,0.06870317,1.430933,-0.661518,0.1249076,0.7394542,-0.1876066,0.927115,-0.3244405,-0.7260841,-0.3533497,-0.5898697,moving,66.65972,43.58052,-1.22469,2.748822
4358,05/08/2023 17:09:05.863332,4599,True,True,True,True,Eyes,1.979377,0.09548333,-2.271058,-0.8551564,-0.3530121,-0.3795917,0.0,0.0,0.0,0.0,0.0,0.0,0.0,2.73284,-0.4274716,0.1019864,1.829708,0.1021898,-2.074433,-0.01848355,0.8943293,-0.1902416,-0.4045265,20.80762,230.0425,7.428395,0.6541625,0.02987917,-0.7557611,0.0,0.0,0.0,0.8981179,-0.4299063,-2.692424,-0.02287048,0.06895269,1.430237,-0.6720333,0.1208547,0.7305924,-0.1869763,0.9269331,-0.325323,-0.7165272,-0.3552313,-0.600333,moving,66.06425,42.92216,-0.9161212,2.760132
4359,05/08/2023 17:09:05.873325,4600,True,True,True,True,Eyes,1.972472,0.09549949,-2.262813,-0.8510944,-0.3530165,-0.38861,0.0,0.0,0.0,0.0,0.0,0.0,0.0,2.721159,-0.4329973,0.06386495,1.820843,0.1010845,-2.066539,-0.01809924,0.8971488,-0.1897373,-0.3984925,20.78548,229.2393,7.296767,0.6544169,0.03005915,-0.755533,0.0,0.0,0.0,0.8988168,-0.4274884,-2.692336,-0.01216204,0.06818809,1.42966,-0.6817521,0.1187424,0.7218823,-0.1836932,0.9273444,-0.3260203,-0.7081459,-0.35487,-0.6104069,moving,65.45854,42.25226,-0.4874004,2.73067
4360,05/08/2023 17:09:05.893462,4601,True,True,True,True,Eyes,1.965472,0.09542932,-2.254568,-0.8470863,-0.3528789,-0.3973931,0.0,0.0,0.0,0.0,0.0,0.0,0.0,2.708019,-0.4429033,0.02453518,1.811922,0.09911662,-2.058457,-0.01571154,0.9003828,-0.187104,-0.3924999,20.4423,228.4199,7.270481,0.654651,0.030233,-0.7553228,0.0,0.0,0.0,0.8994827,-0.4251848,-2.692252,0.003073603,0.05739673,1.42861,-0.691394,0.1185838,0.7126797,-0.1751694,0.9294905,-0.3245968,-0.7009209,-0.3492639,-0.6218718,moving,64.86734,41.60458,0.1232696,2.300714
4361,05/08/2023 17:09:05.913266,4602,True,True,True,True,Eyes,1.958399,0.09524182,-2.246304,-0.8429812,-0.3525955,-0.4062746,0.0,0.0,0.0,0.0,0.0,0.0,0.0,2.694385,-0.4511167,-0.01130176,1.802785,0.09691104,-2.050345,-0.0135767,0.9032592,-0.1848019,-0.3870231,20.14255,227.6775,7.252346,0.6548651,0.03039861,-0.7551302,0.0,0.0,0.0,0.9001786,-0.4227772,-2.692165,0.01562819,0.07015003,1.427521,-0.7000577,0.1185186,0.7041823,-0.1675717,0.9313279,-0.323339,-0.6941463,-0.3443569,-0.6321229,moving,64.26827,40.95389,0.6272364,2.813317
4362,05/08/2023 17:09:05.923495,4603,True,True,True,True,Eyes,1.951248,0.09492748,-2.238022,-0.8389664,-0.3522678,-0.4147804,0.0,0.0,0.0,0.0,0.0,0.0,0.0,2.679536,-0.4611553,-0.04756784,1.793903,0.09387352,-2.041553,-0.01112369,0.9061186,-0.1831211,-0.381172,19.89753,226.9113,7.297745,0.6550601,0.03055301,-0.7549545,0.0,0.0,0.0,0.9008514,-0.4204498,-2.692081,0.0249708,0.08426212,1.425345,-0.7091684,0.1194425,0.694848,-0.15976,0.9326859,-0.3233788,-0.6867001,-0.3403389,-0.6423493,moving,63.69246,40.34082,1.003669,3.383216
4363,05/08/2023 17:09:05.943287,4604,True,True,True,True,Eyes,1.944031,0.09452859,-2.229712,-0.8348503,-0.3520455,-0.4231889,0.0,0.0,0.0,0.0,0.0,0.0,0.0,2.665521,-0.463903,-0.07566953,1.784818,0.09051155,-2.032773,-0.009970386,0.9082285,-0.1818861,-0.3767482,19.74904,226.3244,7.260038,0.655237,0.03069315,-0.7547953,0.0,0.0,0.0,0.9015194,-0.4181387,-2.691997,0.03152689,0.07971178,1.424318,-0.7159231,0.1189397,0.6879739,-0.1551613,0.9336361,-0.3228756,-0.6807199,-0.337901,-0.6499568,moving,63.11937,39.75664,1.26802,3.203211
4364,05/08/2023 17:09:05.963364,4605,True,True,True,True,Eyes,1.93672,0.09406517,-2.221391,-0.8308399,-0.3516578,-0.4313255,0.0,0.0,0.0,0.0,0.0,0.0,0.0,2.649804,-0.4753558,-0.09947467,1.775926,0.0882084,-2.023764,-0.008520866,0.9097711,-0.183647,-0.3721797,19.90711,225.7995,7.405885,0.6553967,0.0308177,-0.7546515,0.0,0.0,0.0,0.9021925,-0.4158103,-2.691912,0.03848955,0.08613201,1.422997,-0.7228196,0.1211953,0.6803264,-0.1522035,0.9324023,-0.327811,-0.674067,-0.3404962,-0.6555123,moving,62.56419,39.19021,1.549372,3.463808
4365,05/08/2023 17:09:05.973330,4606,True,True,True,True,Eyes,1.929328,0.0935501,-2.213035,-0.8267385,-0.3511212,-0.4395648,0.0,0.0,0.0,0.0,0.0,0.0,0.0,2.632069,-0.4940993,-0.1294382,1.766417,0.08616697,-2.015197,-0.004396206,0.9121369,-0.1825144,-0.3669816,19.64449,225.1654,7.684729,0.6555395,0.03092608,-0.7545232,0.0,0.0,0.0,0.9029141,-0.4133138,-2.691822,0.04572114,0.09312081,1.421244,-0.7306105,0.125939,0.6710797,-0.1419788,0.9333383,-0.3297296,-0.6678703,-0.3361829,-0.6640261,moving,62.00108,38.61761,1.842559,3.748698
4366,05/08/2023 17:09:05.993106,4607,True,True,True,True,Eyes,1.921824,0.09297919,-2.204614,-0.8225788,-0.3506018,-0.4477081,0.0,0.0,0.0,0.0,0.0,0.0,0.0,2.613713,-0.5098976,-0.1627262,1.75703,0.08427954,-2.005919,-0.000798893,0.9147507,-0.181139,-0.3611363,19.38845,224.4361,7.882837,0.655666,0.03101821,-0.7544096,0.0,0.0,0.0,0.9035668,-0.411056,-2.69174,0.05216056,0.08699554,1.419841,-0.7391602,0.1293701,0.6609887,-0.1322933,0.9343761,-0.330817,-0.6604099,-0.331971,-0.6735388,moving,61.4417,38.06462,2.103923,3.506205
4367,05/08/2023 17:09:06.013201,4608,True,True,True,True,Eyes,1.914213,0.09235535,-2.196135,-0.8183252,-0.3500252,-0.4558797,0.0,0.0,0.0,0.0,0.0,0.0,0.0,2.593699,-0.5269286,-0.195694,1.746985,0.08235627,-1.996116,0.002094402,0.917062,-0.181863,-0.3548503,19.39465,223.6936,8.100251,0.6557769,0.03109391,-0.7543103,0.0,0.0,0.0,0.9042165,-0.4088083,-2.691658,0.05684343,0.0796755,1.418285,-0.748154,0.1329097,0.6500778,-0.1252269,0.9338429,-0.3350458,-0.6516013,-0.332073,-0.6820146,moving,60.87832,37.51711,2.295128,3.215345
4368,05/08/2023 17:09:06.032825,4609,True,True,True,True,Eyes,1.9065,0.09167662,-2.187591,-0.8141025,-0.3493387,-0.463896,0.0,0.0,0.0,0.0,0.0,0.0,0.0,2.573846,-0.5408369,-0.2246327,1.736766,0.08044784,-1.986158,0.00505859,0.9191813,-0.1815529,-0.349455,19.2824,223.0433,8.295736,0.6558726,0.03115307,-0.7542249,0.0,0.0,0.0,0.9049575,-0.4062447,-2.691565,0.06105208,0.06955098,1.415905,-0.7557113,0.1361886,0.6405881,-0.1175896,0.9340259,-0.3372955,-0.6442618,-0.3302245,-0.6898397,moving,60.32443,36.98172,2.468994,2.812178
4369,05/08/2023 17:09:06.043384,4610,True,True,True,True,Eyes,1.898695,0.09099247,-2.179016,-0.8098401,-0.3486769,-0.4717875,0.0,0.0,0.0,0.0,0.0,0.0,0.0,2.555032,-0.5459639,-0.2520335,1.726234,0.07851294,-1.975788,0.006413255,0.9211622,-0.1809577,-0.3444901,19.20591,222.4174,8.310415,0.6559537,0.03119552,-0.7541528,0.0,0.0,0.0,0.9055707,-0.4041234,-2.691488,0.06539038,0.05657326,1.413543,-0.762571,0.1364916,0.6323414,-0.112861,0.9344264,-0.3378013,-0.6369836,-0.3289642,-0.697162,moving,59.77626,36.46644,2.64861,2.291887
4370,05/08/2023 17:09:06.063132,4611,True,True,True,True,Eyes,1.890772,0.09039686,-2.17043,-0.8056563,-0.3479317,-0.4794388,0.0,0.0,0.0,0.0,0.0,0.0,0.0,2.539851,-0.5426912,-0.2698591,1.71619,0.07769613,-1.966428,0.005941614,0.9224111,-0.1804907,-0.3413877,19.20302,222.0037,8.16953,0.6560204,0.03122274,-0.7540939,0.0,0.0,0.0,0.9063114,-0.4015609,-2.691395,0.07053006,0.05119918,1.410283,-0.7668382,0.1341958,0.6276548,-0.1122734,0.9347757,-0.33703,-0.6319444,-0.3289164,-0.701755,moving,59.2435,35.96863,2.86305,2.079164
4371,05/08/2023 17:09:06.073355,4612,True,True,True,True,Eyes,1.882756,0.08996513,-2.161842,-0.801402,-0.3471014,-0.4871092,0.0,0.0,0.0,0.0,0.0,0.0,0.0,2.521569,-0.5550841,-0.2854321,1.705587,0.07921285,-1.957703,0.00746505,0.9233822,-0.1818237,-0.3380086,19.31364,221.6304,8.328836,0.6560719,0.03123933,-0.7540486,0.0,0.0,0.0,0.9069414,-0.3993813,-2.691316,0.07364142,0.0513164,1.406532,-0.7713891,0.1367021,0.6215075,-0.1091297,0.9337688,-0.340832,-0.6269368,-0.330739,-0.7053807,moving,58.70787,35.47269,2.997084,2.089473
4372,05/08/2023 17:09:06.093254,4613,True,True,True,True,Eyes,1.874647,0.08951744,-2.153197,-0.7968978,-0.3459491,-0.4952506,0.0,0.0,0.0,0.0,0.0,0.0,0.0,2.496932,-0.5905393,-0.3097506,1.695243,0.08270293,-1.949015,0.0137368,0.9251851,-0.1825136,-0.3324642,19.18284,221.0454,8.940323,0.6561077,0.03125206,-0.7540172,0.0,0.0,0.0,0.9075853,-0.3971539,-2.691235,0.07496256,0.05026377,1.402603,-0.7785577,0.1467767,0.6101676,-0.09594035,0.9330001,-0.3468519,-0.6201963,-0.3285838,-0.7123126,moving,58.14016,34.93559,3.059281,2.052377
4373,05/08/2023 17:09:06.113371,4614,True,True,True,True,Eyes,1.86645,0.08922184,-2.14447,-0.7920575,-0.3459592,-0.5029485,0.0,0.0,0.0,0.0,0.0,0.0,0.0,2.466885,-0.6192505,-0.3643966,1.684361,0.08190249,-1.938555,0.01995781,0.9291657,-0.1808269,-0.321799,18.85604,219.7582,9.33294,0.6561285,0.03126086,-0.7539991,0.0,0.0,0.0,0.9082618,-0.3948136,-2.69115,0.07403335,0.04485877,1.398281,-0.7920943,0.153468,0.5907913,-0.0792916,0.9338066,-0.348881,-0.605227,-0.3231914,-0.7274942,moving,57.58486,34.52261,3.03075,1.837496
4374,05/08/2023 17:09:06.123736,4615,True,True,True,True,Eyes,1.858103,0.08909367,-2.135741,-0.7869981,-0.3460253,-0.5107842,0.0,0.0,0.0,0.0,0.0,0.0,0.0,2.445305,-0.6381902,-0.3736045,1.673964,0.08550574,-1.92793,0.01575154,0.9283903,-0.1947492,-0.3160954,20.58818,219.31,9.367188,0.6561351,0.03127158,-0.753993,0.0,0.0,0.0,0.9089342,-0.3924872,-2.691066,0.07225716,0.04103793,1.393622,-0.7996713,0.1523657,0.5807844,-0.09387144,0.9236493,-0.3715644,-0.5930548,-0.3516485,-0.724313,moving,57.01528,34.11525,2.96804,1.686699
4375,05/08/2023 17:09:06.143441,4616,True,True,True,True,Eyes,1.849644,0.08907621,-2.127006,-0.7819468,-0.345437,-0.5188761,0.0,0.0,0.0,0.0,0.0,0.0,0.0,2.414403,-0.6748217,-0.4096198,1.661825,0.08942239,-1.919076,0.02052887,0.930512,-0.1979824,-0.3074558,20.8441,218.3856,9.854551,0.6561258,0.03129006,-0.7540005,0.0,0.0,0.0,0.9096262,-0.3900931,-2.690979,0.06877702,0.04284931,1.388465,-0.8100991,0.1599464,0.564054,-0.08353694,0.9207631,-0.3810734,-0.5803113,-0.3558265,-0.7325479,moving,56.43296,33.65333,2.835804,1.767639
4376,05/08/2023 17:09:06.163012,4617,True,True,True,True,Eyes,1.841083,0.08915542,-2.118247,-0.7766913,-0.3449053,-0.5270589,0.0,0.0,0.0,0.0,0.0,0.0,0.0,2.392055,-0.6796505,-0.4446545,1.650634,0.09191847,-1.910111,0.02521033,0.9337962,-0.1897872,-0.3022751,19.82839,217.6096,9.905107,0.6560998,0.03131961,-0.7540221,0.0,0.0,0.0,0.9102983,-0.3877682,-2.690895,0.06429219,0.04537965,1.383142,-0.8159888,0.1618185,0.5549574,-0.06765326,0.9266905,-0.369686,-0.5740958,-0.3392042,-0.7452216,moving,55.83938,33.20058,2.661348,1.879149
4377,05/08/2023 17:09:06.172929,4618,True,True,True,True,Eyes,1.832411,0.0893479,-2.109545,-0.7714455,-0.3438811,-0.5353667,0.0,0.0,0.0,0.0,0.0,0.0,0.0,2.370141,-0.686126,-0.4707124,1.639562,0.09431898,-1.900748,0.02450039,0.9353098,-0.1919845,-0.2962048,20.15834,216.8888,9.786452,0.6560569,0.03136277,-0.7540577,0.0,0.0,0.0,0.9109996,-0.3853421,-2.690807,0.05881444,0.04921937,1.377584,-0.8233251,0.1595644,0.5446791,-0.06790253,0.9250834,-0.3736442,-0.5634939,-0.3446157,-0.7508095,moving,55.24018,32.71378,2.444695,2.046236
4378,05/08/2023 17:09:06.193322,4619,True,True,True,True,Eyes,1.823711,0.0895384,-2.100841,-0.7661948,-0.3424755,-0.5437425,0.0,0.0,0.0,0.0,0.0,0.0,0.0,2.354594,-0.6706111,-0.5010524,1.628149,0.0971031,-1.8933,0.02442927,0.9380835,-0.1840594,-0.2924466,19.33176,216.2275,9.361301,0.6559953,0.03142241,-0.7541089,0.0,0.0,0.0,0.9117008,-0.3829164,-2.690719,0.05364901,0.04572481,1.370838,-0.8277566,0.1534884,0.5396856,-0.06182169,0.9310507,-0.3596146,-0.5576714,-0.3310376,-0.7611945,moving,54.63797,32.20472,2.24118,1.910414
4379,05/08/2023 17:09:06.212927,4620,True,True,True,True,Eyes,1.814965,0.08974735,-2.092139,-0.760868,-0.3414186,-0.5518273,0.0,0.0,0.0,0.0,0.0,0.0,0.0,2.34043,-0.6535864,-0.5222054,1.6181,0.09725276,-1.884086,0.0232961,0.9400179,-0.179008,-0.2894474,18.84781,215.7194,8.961865,0.655916,0.03149701,-0.7541748,0.0,0.0,0.0,0.9123401,-0.3807046,-2.690639,0.04340619,0.04204409,1.363828,-0.8313551,0.1474243,0.535831,-0.0598293,0.9348269,-0.3500274,-0.5525118,-0.3230555,-0.7683527,moving,54.04811,31.74531,1.822922,1.765755
4380,05/08/2023 17:09:06.223092,4621,True,True,True,True,Eyes,1.806171,0.08999754,-2.083467,-0.7554577,-0.3405043,-0.5597683,0.0,0.0,0.0,0.0,0.0,0.0,0.0,2.326079,-0.6470196,-0.5325766,1.608171,0.09795829,-1.875394,0.01998499,0.9404441,-0.181786,-0.286565,19.29702,215.3647,8.639443,0.6558197,0.03158595,-0.7542548,0.0,0.0,0.0,0.9130676,-0.3781877,-2.690547,0.03641698,0.04389802,1.35715,-0.8349624,0.1417766,0.5317308,-0.06659751,0.9331089,-0.3533732,-0.5462627,-0.3304652,-0.7696688,moving,53.46282,31.31195,1.537073,1.852629
4381,05/08/2023 17:09:06.243202,4622,True,True,True,True,Eyes,1.797324,0.09027274,-2.074845,-0.7500857,-0.3394287,-0.567591,0.0,0.0,0.0,0.0,0.0,0.0,0.0,2.311227,-0.6460279,-0.5399125,1.598039,0.09921657,-1.867365,0.01913317,0.9408709,-0.1826471,-0.2846686,19.43889,215.1322,8.53733,0.6557063,0.03168951,-0.754349,0.0,0.0,0.0,0.9136935,-0.3760225,-2.690469,0.02822039,0.0467803,1.350575,-0.8371958,0.1399914,0.5286835,-0.06798407,0.9325479,-0.3545879,-0.542662,-0.3328014,-0.771208,moving,52.88515,30.88011,1.197026,1.983778
4382,05/08/2023 17:09:06.263157,4623,True,True,True,True,Eyes,1.788392,0.09057986,-2.066256,-0.7445539,-0.3382534,-0.5755208,0.0,0.0,0.0,0.0,0.0,0.0,0.0,2.291937,-0.6556075,-0.5548744,1.587887,0.1000618,-1.859915,0.02226904,0.9420443,-0.1809469,-0.2816288,19.17029,214.771,8.761595,0.6555751,0.03180734,-0.7544579,0.0,0.0,0.0,0.914367,-0.3736926,-2.690384,0.02415922,0.04920075,1.343491,-0.8403786,0.1438766,0.5225546,-0.05996286,0.9335245,-0.3534632,-0.5386726,-0.3283768,-0.7758868,moving,52.29691,30.44423,1.030206,2.097324
4383,05/08/2023 17:09:06.273123,4624,True,True,True,True,Eyes,1.7794,0.09090963,-2.057738,-0.7389144,-0.336857,-0.5835518,0.0,0.0,0.0,0.0,0.0,0.0,0.0,2.269318,-0.6743075,-0.5719957,1.577726,0.1009296,-1.852638,0.02721524,0.9432674,-0.179883,-0.2777551,18.91937,214.3516,9.201573,0.6554253,0.03193942,-0.7545823,0.0,0.0,0.0,0.915077,-0.3712362,-2.690295,0.02302933,0.04106428,1.336734,-0.8442228,0.1512694,0.5142036,-0.04858436,0.9338029,-0.354474,-0.5337858,-0.3242373,-0.7809883,moving,51.70037,29.99582,0.9869969,1.759564
4384,05/08/2023 17:09:06.293055,4625,True,True,True,True,Eyes,1.770324,0.0912433,-2.049303,-0.7329205,-0.3353507,-0.5919185,0.0,0.0,0.0,0.0,0.0,0.0,0.0,2.241937,-0.6952482,-0.6030159,1.567225,0.1017546,-1.845734,0.03315368,0.9453996,-0.1775603,-0.2712798,18.52649,213.5997,9.655025,0.6552559,0.0320854,-0.754723,0.0,0.0,0.0,0.9157249,-0.368995,-2.690213,0.02042994,0.03165755,1.3289,-0.8506161,0.159024,0.501162,-0.03365012,0.9347463,-0.3537188,-0.5247091,-0.3177431,-0.7897592,moving,51.07509,29.53367,0.8807714,1.364663
4385,05/08/2023 17:09:06.312997,4626,True,True,True,True,Eyes,1.761191,0.09154645,-2.040955,-0.7267658,-0.3338336,-0.6003056,0.0,0.0,0.0,0.0,0.0,0.0,0.0,2.218875,-0.6987512,-0.6360602,1.556395,0.1020397,-1.839417,0.03557647,0.9476834,-0.1741817,-0.2651249,18.13601,212.8076,9.679902,0.6550651,0.03224425,-0.7548815,0.0,0.0,0.0,0.9164028,-0.3666499,-2.690128,0.01456046,0.02724534,1.320928,-0.8568861,0.1597902,0.4901153,-0.02492934,0.9367901,-0.3490026,-0.5149024,-0.3112737,-0.798739,moving,50.44344,29.0787,0.6315401,1.18161
4386,05/08/2023 17:09:06.323117,4627,True,True,True,True,Eyes,1.751992,0.09181985,-2.032697,-0.7202455,-0.332574,-0.6088027,0.0,0.0,0.0,0.0,0.0,0.0,0.0,2.198715,-0.6930135,-0.6673729,1.545792,0.1015879,-1.833088,0.0349707,0.9497193,-0.1722644,-0.259105,18.004,212.0164,9.422296,0.6548521,0.03241377,-0.7550586,0.0,0.0,0.0,0.9171219,-0.3641622,-2.690038,0.007558674,0.0242006,1.312427,-0.8632833,0.1556938,0.4801056,-0.0228444,0.9382041,-0.3453277,-0.5042024,-0.3090833,-0.8063792,moving,49.79313,28.6467,0.3299805,1.05639
4387,05/08/2023 17:09:06.342974,4628,True,True,True,True,Eyes,1.742751,0.09210606,-2.024543,-0.7135359,-0.3315562,-0.617201,0.0,0.0,0.0,0.0,0.0,0.0,0.0,2.180206,-0.686019,-0.6944339,1.535352,0.1010588,-1.827194,0.03330156,0.9513572,-0.1716242,-0.2536843,18.03848,211.3095,9.103395,0.6546155,0.03259199,-0.7552556,0.0,0.0,0.0,0.9177646,-0.3619386,-2.689957,-0.004139036,0.02943124,1.304505,-0.8690708,0.1504401,0.4712581,-0.02371335,0.9388723,-0.3434479,-0.4941195,-0.3096556,-0.812379,moving,49.14054,28.24439,-0.1817919,1.292444
4388,05/08/2023 17:09:06.363210,4629,True,True,True,True,Eyes,1.733424,0.09242235,-2.016493,-0.7064265,-0.3307783,-0.6257374,0.0,0.0,0.0,0.0,0.0,0.0,0.0,2.157559,-0.6922312,-0.7208467,1.525024,0.1016936,-1.82149,0.03296961,0.952695,-0.1735367,-0.2473269,18.32137,210.5621,9.009534,0.6543545,0.03277871,-0.7554731,0.0,0.0,0.0,0.9184515,-0.3595621,-2.689871,0.004463077,0.002430737,1.296775,-0.8754849,0.1486606,0.4598112,-0.02302065,0.937596,-0.3469637,-0.482697,-0.3143466,-0.8174288,moving,48.46617,27.8619,0.1971925,0.1073978
4389,05/08/2023 17:09:06.372985,4630,True,True,True,True,Eyes,1.724021,0.09273662,-2.008548,-0.699072,-0.3300974,-0.634298,0.0,0.0,0.0,0.0,0.0,0.0,0.0,2.129322,-0.7027843,-0.7574296,1.514143,0.1026271,-1.816165,0.03462402,0.9547309,-0.1736238,-0.2390496,18.35926,209.5777,9.039773,0.6540672,0.03297439,-0.7557126,0.0,0.0,0.0,0.9191765,-0.3570541,-2.68978,0.002334952,0.008730084,1.289454,-0.8833128,0.1491226,0.444433,-0.01689613,0.9373119,-0.3480817,-0.4684792,-0.3149742,-0.8254201,moving,47.7812,27.49309,0.1037515,0.3879077
4390,05/08/2023 17:09:06.393647,4631,True,True,True,True,Eyes,1.714543,0.09305644,-2.000707,-0.6913789,-0.3298763,-0.6427884,0.0,0.0,0.0,0.0,0.0,0.0,0.0,2.103245,-0.7040164,-0.7927072,1.502818,0.1028682,-1.810696,0.03424504,0.9566894,-0.1734738,-0.2312566,18.42617,208.6146,8.837594,0.6537528,0.03317823,-0.7559761,0.0,0.0,0.0,0.919799,-0.3549005,-2.689702,0.002901852,0.04233617,1.282806,-0.8906956,0.1457577,0.4306003,-0.01471019,0.9374682,-0.34776,-0.4543628,-0.3160824,-0.8328546,moving,47.0858,27.1667,0.1296093,1.890235
4391,05/08/2023 17:09:06.413261,4632,True,True,True,True,Eyes,1.704993,0.09340619,-1.992992,-0.6835902,-0.329756,-0.6511263,0.0,0.0,0.0,0.0,0.0,0.0,0.0,2.080671,-0.7051087,-0.8167214,1.491281,0.1034343,-1.80521,0.03163994,0.9576788,-0.1766616,-0.2250356,18.91287,207.8681,8.517301,0.6534103,0.03338933,-0.7562632,0.0,0.0,0.0,0.9204807,-0.3525423,-2.689616,-0.002245337,-0.001522094,1.274228,-0.8967159,0.1401121,0.4198446,-0.01890847,0.9355792,-0.3526103,-0.4422028,-0.3241298,-0.8362996,moving,46.39331,26.85945,-0.1009617,-0.06844109
4392,05/08/2023 17:09:06.423222,4633,True,True,True,True,Eyes,1.695366,0.09376992,-1.98539,-0.6756841,-0.3296527,-0.6593786,0.0,0.0,0.0,0.0,0.0,0.0,0.0,2.060303,-0.7025626,-0.8392315,1.479894,0.1045592,-1.800481,0.02993876,0.9588335,-0.1770634,-0.2199784,19.04901,207.2259,8.230271,0.6530358,0.03360949,-0.7565772,0.0,0.0,0.0,0.921173,-0.3501475,-2.68953,-0.005473137,0.005474791,1.269406,-0.9014264,0.1353128,0.4112432,-0.02048766,0.9355044,-0.3527204,-0.4324474,-0.3263769,-0.8405161,moving,45.69973,26.5625,-0.2470335,0.2471082
4393,05/08/2023 17:09:06.443204,4634,True,True,True,True,Eyes,1.685689,0.09413015,-1.977902,-0.6677367,-0.3296289,-0.6674373,0.0,0.0,0.0,0.0,0.0,0.0,0.0,2.042485,-0.6948849,-0.8592839,1.468749,0.1052105,-1.79574,0.0279853,0.9599826,-0.1761996,-0.2158801,19.03915,206.6732,7.892716,0.6526298,0.03383753,-0.7569175,0.0,0.0,0.0,0.9218324,-0.347866,-2.689447,-0.004418552,0.02169001,1.263114,-0.9052255,0.1298068,0.4046203,-0.02234518,0.936341,-0.35038,-0.4243442,-0.3262141,-0.8446992,moving,45.01285,26.2835,-0.200428,0.9837783
4394,05/08/2023 17:09:06.463148,4635,True,True,True,True,Eyes,1.675907,0.09450613,-1.970527,-0.6596659,-0.3296232,-0.6754179,0.0,0.0,0.0,0.0,0.0,0.0,0.0,2.02344,-0.6923898,-0.8775945,1.457802,0.1055073,-1.790968,0.02658722,0.9608889,-0.1766391,-0.2116229,19.16006,206.1349,7.656692,0.6521906,0.03407323,-0.7572856,0.0,0.0,0.0,0.9224967,-0.3455679,-2.689363,-0.001900405,0.01246171,1.258202,-0.9090177,0.1258565,0.3972995,-0.02366703,0.9361835,-0.350714,-0.4160849,-0.3282082,-0.8480287,moving,44.32403,26.01369,-0.08654021,0.5674604
4395,05/08/2023 17:09:06.472883,4636,True,True,True,True,Eyes,1.666052,0.09489758,-1.963295,-0.651625,-0.329513,-0.683232,0.0,0.0,0.0,0.0,0.0,0.0,0.0,2.002908,-0.6949574,-0.8948724,1.446395,0.1061558,-1.786638,0.02658013,0.9617178,-0.1769817,-0.207533,19.23117,205.6411,7.582131,0.6517163,0.03431673,-0.757683,0.0,0.0,0.0,0.9231975,-0.3431436,-2.689276,-0.000413686,0.03352889,1.253635,-0.9124473,0.1245843,0.3897681,-0.02233394,0.9359419,-0.3514454,-0.4085849,-0.3293804,-0.8512153,moving,43.64359,25.74735,-0.01890699,1.53203
4396,05/08/2023 17:09:06.493063,4637,True,True,True,True,Eyes,1.656122,0.09528929,-1.956212,-0.6435564,-0.3291377,-0.6910163,0.0,0.0,0.0,0.0,0.0,0.0,0.0,1.981449,-0.6994513,-0.9125798,1.434736,0.1068961,-1.782773,0.02821649,0.9626907,-0.1758785,-0.2037092,19.09511,205.186,7.661442,0.6512051,0.03456805,-0.7581113,0.0,0.0,0.0,0.9238505,-0.3408846,-2.689193,0.0003118813,0.03718418,1.24837,-0.915413,0.1259836,0.3822925,-0.01732865,0.9365411,-0.3501291,-0.4021432,-0.3271373,-0.8551388,moving,42.96331,25.46891,0.01431425,1.706118
4397,05/08/2023 17:09:06.512924,4638,True,True,True,True,Eyes,1.646119,0.09567394,-1.949285,-0.6354584,-0.328574,-0.6987359,0.0,0.0,0.0,0.0,0.0,0.0,0.0,1.958354,-0.7043024,-0.9332211,1.42301,0.1072638,-1.779221,0.03083491,0.9638897,-0.1737236,-0.1994647,18.82023,204.6808,7.817521,0.6506555,0.03482651,-0.7585714,0.0,0.0,0.0,0.9245221,-0.3385612,-2.689109,0.001552135,0.009022102,1.243269,-0.9185265,0.1287464,0.3738104,-0.009860565,0.9377387,-0.3472018,-0.3952374,-0.3225999,-0.8600682,moving,42.28464,25.18482,0.07152975,0.4157743
4398,05/08/2023 17:09:06.523666,4639,True,True,True,True,Eyes,1.636007,0.09602824,-1.942509,-0.627185,-0.32782,-0.7065217,0.0,0.0,0.0,0.0,0.0,0.0,0.0,1.934624,-0.7051455,-0.9576368,1.411189,0.107433,-1.77597,0.03265716,0.9653041,-0.1710961,-0.194545,18.51863,204.0721,7.856826,0.6500656,0.03509136,-0.7590649,0.0,0.0,0.0,0.925237,-0.336088,-2.689019,0.004194707,-0.006885365,1.237804,-0.9221716,0.12962,0.3644152,-0.00352361,0.9393193,-0.3430261,-0.3867652,-0.317613,-0.8657569,moving,41.59572,24.89089,0.1941649,-0.3187083
4399,05/08/2023 17:09:06.543608,4640,True,True,True,True,Eyes,1.625792,0.09634264,-1.935908,-0.6188437,-0.3269795,-0.7142246,0.0,0.0,0.0,0.0,0.0,0.0,0.0,1.909708,-0.7046348,-0.9841576,1.398965,0.1069463,-1.772997,0.03413872,0.9667652,-0.1686052,-0.189135,18.24552,203.4019,7.854457,0.6494343,0.03536053,-0.7595928,0.0,0.0,0.0,0.9258843,-0.3338487,-2.688938,0.005883545,-0.005124629,1.232491,-0.9261252,0.1297866,0.3541863,0.00222996,0.9408137,-0.3389169,-0.3772102,-0.3130896,-0.8716006,moving,40.90747,24.5988,0.2735108,-0.2382312
4400,05/08/2023 17:09:06.563244,4641,True,True,True,True,Eyes,1.615456,0.09661102,-1.929478,-0.6103352,-0.3259992,-0.7219524,0.0,0.0,0.0,0.0,0.0,0.0,0.0,1.884271,-0.7052552,-1.009849,1.386242,0.1062774,-1.770506,0.03537154,0.9680518,-0.1669421,-0.1837255,18.07249,202.7428,7.849032,0.6487578,0.0356326,-0.7601581,0.0,0.0,0.0,0.9265939,-0.3313937,-2.688849,0.007345706,-0.007267207,1.227083,-0.9299878,0.129826,0.3439016,0.007139923,0.9417584,-0.3362145,-0.3675216,-0.3102199,-0.8767507,moving,40.21102,24.30166,0.3429866,-0.3393214
4401,05/08/2023 17:09:06.572923,4642,True,True,True,True,Eyes,1.605013,0.09681411,-1.923232,-0.601807,-0.3249771,-0.7295328,0.0,0.0,0.0,0.0,0.0,0.0,0.0,1.859621,-0.7012235,-1.036268,1.373318,0.105368,-1.768234,0.03573837,0.9694106,-0.1647668,-0.1783753,17.86069,202.069,7.732937,0.6480333,0.03590574,-0.7607631,0.0,0.0,0.0,0.9272559,-0.3291036,-2.688766,0.006790906,-0.003068253,1.222037,-0.9338101,0.1280709,0.3340608,0.01050968,0.9431493,-0.332203,-0.3576148,-0.3067036,-0.8820684,moving,39.51994,24.01102,0.3183916,-0.1438562
4402,05/08/2023 17:09:06.598748,4643,True,True,True,True,Eyes,1.594476,0.09693217,-1.917164,-0.5931557,-0.3239737,-0.737026,0.0,0.0,0.0,0.0,0.0,0.0,0.0,1.838078,-0.6945105,-1.058367,1.360235,0.1039972,-1.76634,0.03493914,0.970471,-0.1633195,-0.1740467,17.74803,201.5109,7.521317,0.6472585,0.03617728,-0.7614097,0.0,0.0,0.0,0.9279517,-0.3266965,-2.688679,0.009663105,0.00801225,1.217731,-0.9369743,0.1246653,0.3264021,0.01096439,0.944212,-0.3291557,-0.3492271,-0.3048316,-0.8860693,moving,38.82698,23.72879,0.4546517,0.376981
4403,05/08/2023 17:09:06.613226,4644,True,True,True,True,Eyes,1.58385,0.09696543,-1.911275,-0.5845118,-0.3229574,-0.7443416,0.0,0.0,0.0,0.0,0.0,0.0,0.0,1.816919,-0.6891547,-1.07838,1.347337,0.1020863,-1.764452,0.03430061,0.9713627,-0.1624157,-0.1699973,17.69002,200.9986,7.348557,0.6464317,0.03644407,-0.7620993,0.0,0.0,0.0,0.9285964,-0.324466,-2.688598,0.0133338,0.01311375,1.213303,-0.939849,0.1218571,0.3191161,0.01141623,0.9448892,-0.3271911,-0.3413999,-0.3038671,-0.8894443,moving,38.14161,23.45522,0.6296361,0.6192461
4404,05/08/2023 17:09:06.623396,4645,True,True,True,True,Eyes,1.573153,0.09690671,-1.905566,-0.5758618,-0.3218981,-0.7515084,0.0,0.0,0.0,0.0,0.0,0.0,0.0,1.797053,-0.6806901,-1.098103,1.334527,0.1000869,-1.762836,0.03287412,0.9722576,-0.1613275,-0.166156,17.62461,200.4956,7.083982,0.6455508,0.03670328,-0.7628332,0.0,0.0,0.0,0.9292694,-0.322138,-2.688513,0.01930076,0.02357368,1.209658,-0.9426231,0.1175353,0.3124859,0.01031318,0.9457855,-0.3246282,-0.3336999,-0.3027793,-0.8927314,moving,37.46203,23.18719,0.9141083,1.116433
4405,05/08/2023 17:09:06.643276,4646,True,True,True,True,Eyes,1.562364,0.09675527,-1.900052,-0.5672532,-0.3207781,-0.7585019,0.0,0.0,0.0,0.0,0.0,0.0,0.0,1.777736,-0.6736631,-1.115639,1.321773,0.09788586,-1.761292,0.03075674,0.9729123,-0.1615784,-0.1624447,17.72271,200.0154,6.773208,0.6446152,0.03695188,-0.7636121,0.0,0.0,0.0,0.9299401,-0.3198176,-2.688429,0.02308714,0.03062439,1.205642,-0.9453318,0.1123423,0.3061497,0.007352107,0.9458929,-0.3243957,-0.3260282,-0.3044106,-0.8950084,moving,36.79135,22.92399,1.097037,1.455051
4406,05/08/2023 17:09:06.663223,4647,True,True,True,True,Eyes,1.551505,0.09649297,-1.894742,-0.5587058,-0.3193918,-0.7653996,0.0,0.0,0.0,0.0,0.0,0.0,0.0,1.758365,-0.6646379,-1.134644,1.308721,0.09549816,-1.760437,0.0296888,0.9737726,-0.1599798,-0.1590348,17.58527,199.565,6.547909,0.6436228,0.03718716,-0.7644374,0.0,0.0,0.0,0.9306281,-0.3174374,-2.688343,0.02775428,0.0242115,1.201835,-0.947653,0.108705,0.3002282,0.006935564,0.9470501,-0.321011,-0.3192266,-0.3021248,-0.8982288,moving,36.12769,22.65017,1.32291,1.154092
4407,05/08/2023 17:09:06.673554,4648,True,True,True,True,Eyes,1.540555,0.0961109,-1.889615,-0.5502608,-0.3179098,-0.7721052,0.0,0.0,0.0,0.0,0.0,0.0,0.0,1.740833,-0.6510898,-1.152968,1.295526,0.09258036,-1.75977,0.02923794,0.9747744,-0.1564314,-0.1564908,17.2067,199.2055,6.368673,0.6425719,0.03740586,-0.7653104,0.0,0.0,0.0,0.9313143,-0.3150637,-2.688257,0.03304338,0.01511291,1.197792,-0.9493118,0.105961,0.2959391,0.008040614,0.9493487,-0.3141216,-0.314234,-0.2958198,-0.9020798,moving,35.47655,22.37913,1.580213,0.7228799
4408,05/08/2023 17:09:06.693650,4649,True,True,True,True,Eyes,1.529502,0.09562984,-1.884694,-0.5416806,-0.3163053,-0.7788023,0.0,0.0,0.0,0.0,0.0,0.0,0.0,1.721861,-0.6444435,-1.168963,1.282377,0.08929197,-1.759011,0.02958785,0.9754797,-0.1545951,-0.1538323,17.00802,198.8695,6.321288,0.6414609,0.03760464,-0.7662321,0.0,0.0,0.0,0.9319968,-0.3127025,-2.688171,0.04037896,0.01229152,1.193706,-0.9509205,0.1052881,0.2909722,0.01016128,0.9504499,-0.3107118,-0.3092687,-0.2925055,-0.9048723,moving,34.81978,22.1042,1.93738,0.5899505
4409,05/08/2023 17:09:06.713211,4650,True,True,True,True,Eyes,1.51836,0.09506883,-1.879978,-0.5332265,-0.3146951,-0.785262,0.0,0.0,0.0,0.0,0.0,0.0,0.0,1.703555,-0.6379824,-1.184521,1.269056,0.08636089,-1.759047,0.0297897,0.9761277,-0.1528417,-0.1514162,16.81992,198.5618,6.264035,0.6402872,0.03778137,-0.7672046,0.0,0.0,0.0,0.9326395,-0.310479,-2.68809,0.04779765,0.008686081,1.189438,-0.9523717,0.1044425,0.286497,0.01187167,0.9515039,-0.3074073,-0.3047094,-0.2893647,-0.9074253,moving,34.17818,21.83853,2.301197,0.4184051
4410,05/08/2023 17:09:06.723087,4651,True,True,True,True,Eyes,1.507125,0.09444695,-1.875475,-0.524582,-0.3130184,-0.791728,0.0,0.0,0.0,0.0,0.0,0.0,0.0,1.685275,-0.6352019,-1.19802,1.255745,0.0838746,-1.759248,0.03007892,0.9765745,-0.1521504,-0.1491569,16.75019,198.2879,6.243348,0.6390492,0.03793468,-0.7682286,0.0,0.0,0.0,0.9333591,-0.3079897,-2.688,0.05593288,0.004944265,1.184885,-0.9536951,0.1041372,0.2821727,0.01336004,0.951891,-0.3061454,-0.3004787,-0.2881995,-0.9092051,moving,33.5276,21.57191,2.702659,0.2390813
4411,05/08/2023 17:09:06.743059,4652,True,True,True,True,Eyes,1.495796,0.09376445,-1.871182,-0.5159784,-0.311222,-0.7980646,0.0,0.0,0.0,0.0,0.0,0.0,0.0,1.663415,-0.6343085,-1.215958,1.242561,0.08169629,-1.759891,0.03189949,0.9772921,-0.1503317,-0.1458867,16.53067,197.9054,6.360994,0.6377449,0.03806414,-0.7693055,0.0,0.0,0.0,0.9340114,-0.305733,-2.687918,0.06460166,0.002728909,1.180216,-0.9553988,0.106213,0.2755569,0.01848744,0.9527656,-0.3031434,-0.2947389,-0.2845285,-0.9122348,moving,32.88416,21.30434,3.133081,0.1324797
4412,05/08/2023 17:09:06.763052,4653,True,True,True,True,Eyes,1.484358,0.09302877,-1.867086,-0.506979,-0.3093923,-0.8045176,0.0,0.0,0.0,0.0,0.0,0.0,0.0,1.638497,-0.6351584,-1.236198,1.228931,0.07951026,-1.760593,0.03461469,0.9781025,-0.1482338,-0.1419301,16.26916,197.4526,6.567344,0.636372,0.03816935,-0.7704363,0.0,0.0,0.0,0.9346927,-0.3033759,-2.687832,0.07198477,-0.001176864,1.174978,-0.9573155,0.1097911,0.2673823,0.02563574,0.9536572,-0.2998014,-0.2879066,-0.2801499,-0.9157652,moving,32.2177,21.03518,3.505831,-0.0573877
4413,05/08/2023 17:09:06.773098,4654,True,True,True,True,Eyes,1.472799,0.09226523,-1.863225,-0.4979296,-0.3072795,-0.8109533,0.0,0.0,0.0,0.0,0.0,0.0,0.0,1.606855,-0.6445962,-1.2597,1.215078,0.07739407,-1.761229,0.03944308,0.9789027,-0.1469515,-0.1363784,16.0779,196.8541,7.012094,0.6349289,0.03825025,-0.7716221,0.0,0.0,0.0,0.9353617,-0.3010616,-2.687748,0.07833302,-0.006059006,1.169716,-0.9596904,0.1173039,0.25541,0.03713985,0.9536991,-0.2984608,-0.2785949,-0.276944,-0.9196124,moving,31.55014,20.75227,3.831238,-0.2967834
4414,05/08/2023 17:09:06.792970,4655,True,True,True,True,Eyes,1.461151,0.09155062,-1.859605,-0.4884505,-0.3052321,-0.8174653,0.0,0.0,0.0,0.0,0.0,0.0,0.0,1.574931,-0.6444404,-1.288111,1.200536,0.07586309,-1.762923,0.04406876,0.9801311,-0.1425644,-0.1306767,15.54209,196.196,7.373612,0.6334119,0.03830777,-0.7728651,0.0,0.0,0.0,0.9360303,-0.2987486,-2.687665,0.08349001,-0.009275287,1.164552,-0.9619634,0.123646,0.2435952,0.04912665,0.9554667,-0.2909812,-0.2687258,-0.2679461,-0.9251982,moving,30.85909,20.47505,4.100679,-0.456333
4415,05/08/2023 17:09:06.813423,4656,True,True,True,True,Eyes,1.449406,0.09110516,-1.856254,-0.478907,-0.3034602,-0.8237475,0.0,0.0,0.0,0.0,0.0,0.0,0.0,1.542154,-0.6601303,-1.309027,1.186153,0.07635442,-1.764873,0.04880161,0.9805645,-0.1429077,-0.1252559,15.54738,195.6316,7.845427,0.6318195,0.03834594,-0.7741656,0.0,0.0,0.0,0.9367145,-0.2963816,-2.687578,0.08853823,-0.005211651,1.159872,-0.9638587,0.1315063,0.2316948,0.05990617,0.9543915,-0.2924859,-0.2595913,-0.2680351,-0.9277768,moving,30.17269,20.22329,4.36518,-0.2574454
4416,05/08/2023 17:09:06.823616,4657,True,True,True,True,Eyes,1.437539,0.0907153,-1.853138,-0.4683681,-0.3009059,-0.8307147,0.0,0.0,0.0,0.0,0.0,0.0,0.0,1.500582,-0.7019461,-1.327222,1.171981,0.08237271,-1.767956,0.05801186,0.9803892,-0.1461572,-0.1187836,15.83097,195.0533,8.877592,0.6301482,0.03837768,-0.775525,0.0,0.0,0.0,0.937403,-0.2939997,-2.687492,0.09330618,-0.001669765,1.154916,-0.9650499,0.1484706,0.2159507,0.07902624,0.9505454,-0.3003636,-0.2498661,-0.2728002,-0.9290569,moving,29.41489,19.91167,4.618919,-0.08283751
4417,05/08/2023 17:09:06.848294,4658,True,True,True,True,Eyes,1.425548,0.09034439,-1.850179,-0.4575962,-0.2988553,-0.8374313,0.0,0.0,0.0,0.0,0.0,0.0,0.0,1.436767,-0.6925628,-1.391548,1.157318,0.0829609,-1.770333,0.06943629,0.9832567,-0.1326019,-0.1039315,14.26046,193.2901,9.748755,0.6283953,0.03840579,-0.7769446,0.0,0.0,0.0,0.9381117,-0.2915479,-2.687403,0.09882766,-0.001264974,1.149916,-0.9687539,0.1641104,0.185968,0.1089843,0.9551907,-0.2751967,-0.2227975,-0.2463302,-0.9432302,moving,28.65345,19.64003,4.91212,-0.06302864
4418,05/08/2023 17:09:06.863202,4659,True,True,True,True,Eyes,1.413471,0.09009255,-1.847379,-0.4463409,-0.2981034,-0.84375,0.0,0.0,0.0,0.0,0.0,0.0,0.0,1.401523,-0.6958186,-1.414154,1.142191,0.08316299,-1.771085,0.0654927,0.9837323,-0.1369111,-0.09610909,14.87901,192.369,9.239095,0.6265596,0.03843131,-0.7784244,0.0,0.0,0.0,0.9387611,-0.2893015,-2.687322,0.1036605,0.003086656,1.145395,-0.9729478,0.1551714,0.1711579,0.1025378,0.9539321,-0.2819566,-0.2070246,-0.2567788,-0.944037,moving,27.87869,19.45871,5.171292,0.1544026
4419,05/08/2023 17:09:06.872903,4660,True,True,True,True,Eyes,1.401337,0.08991157,-1.844797,-0.4349573,-0.2963888,-0.8502739,0.0,0.0,0.0,0.0,0.0,0.0,0.0,1.359755,-0.7361434,-1.424403,1.127879,0.08601701,-1.772076,0.06371551,0.9826849,-0.1502805,-0.08767314,16.51011,191.5191,9.096279,0.6246408,0.03845945,-0.7799636,0.0,0.0,0.0,0.9394785,-0.2868197,-2.687232,0.1067446,0.004538357,1.140666,-0.9765077,0.1515757,0.1531597,0.0988734,0.9467122,-0.3065291,-0.1914605,-0.2841845,-0.9394585,moving,27.092,19.21756,5.346227,0.2279611
4420,05/08/2023 17:09:06.893064,4661,True,True,True,True,Eyes,1.38924,0.08968148,-1.842222,-0.4234261,-0.295313,-0.8564464,0.0,0.0,0.0,0.0,0.0,0.0,0.0,1.330972,-0.691909,-1.465673,1.114222,0.08732675,-1.774628,0.06256315,0.9853241,-0.1366324,-0.08095562,15.01814,190.5374,8.659072,0.6226386,0.03849277,-0.7815613,0.0,0.0,0.0,0.9400703,-0.2847724,-2.687157,0.1092077,-2.540648e-05,1.136148,-0.979064,0.1454123,0.1424387,0.1011676,0.9548348,-0.2793842,-0.1766313,-0.2591248,-0.9495554,moving,26.30774,19.02481,5.490457,-0.001281245
4421,05/08/2023 17:09:06.913162,4662,True,True,True,True,Eyes,1.377178,0.08951727,-1.839746,-0.4120047,-0.2952083,-0.8620349,0.0,0.0,0.0,0.0,0.0,0.0,0.0,1.314342,-0.6908278,-1.468998,1.102191,0.0861803,-1.772129,0.05367232,0.9851238,-0.1437622,-0.07734919,15.95869,190.0528,7.649801,0.6205587,0.03852859,-0.7832119,0.0,0.0,0.0,0.9407667,-0.2823631,-2.68707,0.1101415,-0.002900884,1.131461,-0.9822729,0.1279876,0.1369649,0.08350798,0.9529034,-0.2915502,-0.1678291,-0.2749442,-0.9466991,moving,25.5452,18.90403,5.559915,-0.1468969
4422,05/08/2023 17:09:06.933429,4663,True,True,True,True,Eyes,1.365152,0.08949621,-1.837368,-0.4003912,-0.2950014,-0.8675605,0.0,0.0,0.0,0.0,0.0,0.0,0.0,1.296219,-0.7154644,-1.464912,1.090909,0.08783939,-1.772071,0.04744528,0.9838604,-0.1557739,-0.07417666,17.42643,189.699,7.011666,0.6184049,0.03856935,-0.7849117,0.0,0.0,0.0,0.9414768,-0.2799067,-2.686981,0.1113946,-0.003718033,1.127164,-0.9844938,0.1164686,0.1311775,0.07024949,0.9469669,-0.3135582,-0.1607404,-0.2994809,-0.9404649,moving,24.77398,18.77986,5.644061,-0.1889937
4423,05/08/2023 17:09:06.943084,4664,True,True,True,True,Eyes,1.353148,0.08959013,-1.835097,-0.3888116,-0.294658,-0.8729274,0.0,0.0,0.0,0.0,0.0,0.0,0.0,1.27143,-0.7167132,-1.477692,1.079526,0.09121764,-1.77203,0.0484179,0.984319,-0.1544313,-0.07016408,17.291,189.2259,7.037884,0.6161805,0.03862064,-0.7866567,0.0,0.0,0.0,0.9421464,-0.2775899,-2.686897,0.1094856,-0.001722112,1.123157,-0.9854656,0.1169884,0.1231732,0.07364625,0.9476133,-0.3108137,-0.1530821,-0.2972249,-0.9424561,moving,24.00872,18.65219,5.567612,-0.0878503
4424,05/08/2023 17:09:06.963261,4665,True,True,True,True,Eyes,1.341117,0.08980078,-1.832981,-0.3769875,-0.293605,-0.8784512,0.0,0.0,0.0,0.0,0.0,0.0,0.0,1.237493,-0.7256191,-1.494125,1.067963,0.0940229,-1.772268,0.0536986,0.9847268,-0.1525077,-0.0645831,17.06286,188.6375,7.540799,0.6138874,0.03868634,-0.7884442,0.0,0.0,0.0,0.9427975,-0.2753376,-2.686815,0.1070506,0.005189225,1.120008,-0.9858912,0.1254557,0.1108145,0.08605807,0.9477157,-0.3072928,-0.1435723,-0.2934207,-0.945141,moving,23.2266,18.48119,5.459755,0.265461
4425,05/08/2023 17:09:06.972966,4666,True,True,True,True,Eyes,1.32907,0.09007131,-1.830991,-0.3651317,-0.2920141,-0.883972,0.0,0.0,0.0,0.0,0.0,0.0,0.0,1.199337,-0.7198371,-1.520881,1.05543,0.09680613,-1.773795,0.06034497,0.9858648,-0.1451312,-0.05801854,16.20991,187.8959,8.13163,0.6115255,0.03877004,-0.7902734,0.0,0.0,0.0,0.943522,-0.272831,-2.686724,0.1053559,0.00318937,1.116188,-0.9859846,0.1358246,0.09688098,0.1021433,0.9505908,-0.2931618,-0.1319127,-0.2791573,-0.9511415,moving,22.44347,18.28062,5.392121,0.1637153
4426,05/08/2023 17:09:06.993350,4667,True,True,True,True,Eyes,1.316975,0.09029388,-1.829108,-0.3531839,-0.2901789,-0.889414,0.0,0.0,0.0,0.0,0.0,0.0,0.0,1.165023,-0.7043768,-1.54716,1.042871,0.09836966,-1.774787,0.064386,0.9870771,-0.1372744,-0.05185482,15.32676,187.1504,8.427453,0.6090952,0.03887257,-0.792143,0.0,0.0,0.0,0.9441486,-0.2706634,-2.686645,0.1049782,0.001084223,1.113161,-0.9863313,0.1413446,0.08469232,0.1128712,0.9540203,-0.2776784,-0.1200465,-0.2643235,-0.9569339,moving,21.65789,18.06936,5.387427,0.05580632
4427,05/08/2023 17:09:07.013082,4668,True,True,True,True,Eyes,1.304895,0.09048915,-1.827303,-0.3412526,-0.2885095,-0.8945998,0.0,0.0,0.0,0.0,0.0,0.0,0.0,1.139641,-0.6947448,-1.562659,1.030359,0.09722238,-1.775461,0.06602121,0.987632,-0.1338677,-0.04799604,14.95655,186.6859,8.527445,0.6065965,0.03898997,-0.7940522,0.0,0.0,0.0,0.9448282,-0.2683126,-2.68656,0.1046875,0.004312426,1.110027,-0.9866754,0.1432596,0.07712865,0.1175591,0.9554412,-0.2707616,-0.1124811,-0.2580866,-0.9595518,moving,20.87977,17.87458,5.387672,0.2225915
4428,05/08/2023 17:09:07.023161,4669,True,True,True,True,Eyes,1.292872,0.09069567,-1.825586,-0.3292334,-0.2872114,-0.8995082,0.0,0.0,0.0,0.0,0.0,0.0,0.0,1.108274,-0.6997975,-1.575204,1.018543,0.09678157,-1.775517,0.06751876,0.9876441,-0.134886,-0.04250019,15.11158,186.0747,8.628207,0.604032,0.03911954,-0.7959985,0.0,0.0,0.0,0.9455315,-0.2658793,-2.686472,0.1021657,0.005775124,1.107232,-0.9872699,0.1448343,0.06573546,0.1219036,0.954494,-0.2721778,-0.1021648,-0.2606995,-0.9599991,moving,20.10338,17.7082,5.271826,0.2988418
4429,05/08/2023 17:09:07.047422,4670,True,True,True,True,Eyes,1.280882,0.09092788,-1.823943,-0.3171043,-0.2863615,-0.904125,0.0,0.0,0.0,0.0,0.0,0.0,0.0,1.077656,-0.7079935,-1.585748,1.007014,0.09741834,-1.775845,0.06685556,0.9875025,-0.1379027,-0.03676973,15.51211,185.4226,8.485335,0.6014045,0.03926049,-0.7979785,0.0,0.0,0.0,0.9462028,-0.2635569,-2.686388,0.09879792,0.008437455,1.104799,-0.9883566,0.1421814,0.05418128,0.1218988,0.9530264,-0.277275,-0.09105953,-0.2674419,-0.9592616,moving,19.32733,17.57444,5.110148,0.4375649
4430,05/08/2023 17:09:07.063150,4671,True,True,True,True,Eyes,1.268931,0.0912101,-1.822395,-0.30472,-0.2857935,-0.9085525,0.0,0.0,0.0,0.0,0.0,0.0,0.0,1.042608,-0.7204887,-1.596574,0.9957108,0.09836892,-1.77597,0.06530082,0.987176,-0.1426335,-0.02958237,16.12568,184.5994,8.221001,0.5987166,0.0394128,-0.7999896,0.0,0.0,0.0,0.9469303,-0.26104,-2.686296,0.09261197,0.01234218,1.102716,-0.9897214,0.1373657,0.03977784,0.1204879,0.950783,-0.2854722,-0.07703418,-0.2777452,-0.9575612,moving,18.54097,17.46145,4.800739,0.6412581
4431,05/08/2023 17:09:07.072879,4672,True,True,True,True,Eyes,1.257028,0.09153859,-1.820925,-0.2923463,-0.2853495,-0.9127482,0.0,0.0,0.0,0.0,0.0,0.0,0.0,1.013742,-0.7239934,-1.607371,0.9843251,0.09993117,-1.776682,0.06290127,0.987155,-0.1449047,-0.02389584,16.44416,183.9104,7.857141,0.59597,0.03957751,-0.8020297,0.0,0.0,0.0,0.9475439,-0.2589174,-2.686219,0.08574441,0.01529115,1.100959,-0.9909448,0.1311119,0.02894841,0.1172614,0.9500921,-0.289093,-0.06540718,-0.2830807,-0.9568632,moving,17.75987,17.36064,4.453296,0.7957265
4432,05/08/2023 17:09:07.093140,4673,True,True,True,True,Eyes,1.24521,0.09194025,-1.819549,-0.2797282,-0.2846696,-0.9169053,0.0,0.0,0.0,0.0,0.0,0.0,0.0,0.9843178,-0.7266413,-1.618337,0.9734545,0.101403,-1.777078,0.06196535,0.9871657,-0.1460498,-0.01826984,16.62381,183.2409,7.657201,0.5931672,0.03975544,-0.804096,0.0,0.0,0.0,0.9482061,-0.2566268,-2.686136,0.08203858,0.01074785,1.099868,-0.9916533,0.1276768,0.01797065,0.1170035,0.9496595,-0.290615,-0.05417076,-0.2860866,-0.9566716,moving,16.96583,17.24789,4.265764,0.5598735
4433,05/08/2023 17:09:07.113049,4674,True,True,True,True,Eyes,1.233448,0.09239391,-1.818271,-0.2670173,-0.283752,-0.9209704,0.0,0.0,0.0,0.0,0.0,0.0,0.0,0.9543859,-0.7252898,-1.631633,0.9629549,0.1036051,-1.777951,0.06220759,0.9873855,-0.1450527,-0.01264156,16.55126,182.5717,7.584126,0.5903107,0.03994849,-0.8061859,0.0,0.0,0.0,0.9488983,-0.254232,-2.686049,0.0893572,0.00521788,1.097555,-0.991941,0.1265131,0.006917441,0.1191784,0.9501799,-0.2880186,-0.04301095,-0.284873,-0.9575999,moving,16.16848,17.12412,4.654456,0.2723874
4434,05/08/2023 17:09:07.123183,4675,True,True,True,True,Eyes,1.221724,0.0928673,-1.817087,-0.2538621,-0.2823564,-0.9251102,0.0,0.0,0.0,0.0,0.0,0.0,0.0,0.9189817,-0.7150784,-1.651366,0.9523761,0.1052465,-1.778981,0.06323057,0.9879531,-0.1411397,-0.005503134,16.15178,181.7135,7.56721,0.5874022,0.04015745,-0.8082972,0.0,0.0,0.0,0.949598,-0.2518115,-2.685961,0.08760676,0.03809169,1.097257,-0.9919432,0.1264911,-0.006975015,0.1233842,0.952163,-0.2795748,-0.02872236,-0.2781829,-0.9600986,moving,15.34497,16.97291,4.564902,1.988245
4435,05/08/2023 17:09:07.142970,4676,True,True,True,True,Eyes,1.210046,0.09332715,-1.815984,-0.2406746,-0.2809814,-0.9290453,0.0,0.0,0.0,0.0,0.0,0.0,0.0,0.884853,-0.6993048,-1.671646,0.9416716,0.1060579,-1.779999,0.06335742,0.9886259,-0.1363916,0.001491144,15.6565,180.853,7.451,0.584443,0.04038161,-0.8104284,0.0,0.0,0.0,0.9502833,-0.2494404,-2.685875,0.08970377,0.03963438,1.095209,-0.9919675,0.1248668,-0.0202312,0.1256803,0.9547664,-0.2694916,-0.01433447,-0.2698695,-0.9627905,moving,14.52354,16.82747,4.682393,2.072565
4436,05/08/2023 17:09:07.163229,4677,True,True,True,True,Eyes,1.198402,0.09378886,-1.814963,-0.2272107,-0.2795568,-0.9328576,0.0,0.0,0.0,0.0,0.0,0.0,0.0,0.8497586,-0.6977885,-1.68534,0.9309698,0.1061851,-1.78084,0.06457589,0.9886282,-0.1355624,0.008184926,15.61064,180.0788,7.485152,0.5814341,0.04061883,-0.812578,0.0,0.0,0.0,0.950924,-0.2472241,-2.685795,0.08560458,0.01981694,1.094795,-0.9915259,0.1254639,-0.03369182,0.1299022,0.9549056,-0.2669845,-0.001324424,-0.2690987,-0.9631117,moving,13.68866,16.68231,4.470992,1.037
4437,05/08/2023 17:09:07.173437,4678,True,True,True,True,Eyes,1.186786,0.09423787,-1.814014,-0.2136513,-0.2781743,-0.9364679,0.0,0.0,0.0,0.0,0.0,0.0,0.0,0.8102233,-0.6969949,-1.700122,0.9201235,0.1066325,-1.781763,0.06711985,0.9885464,-0.1342549,0.01571056,15.51813,179.2246,7.662912,0.5783769,0.04086786,-0.8147445,0.0,0.0,0.0,0.9516248,-0.2447997,-2.685707,0.0847345,0.02629492,1.093869,-0.9904965,0.1284837,-0.04908355,0.1369206,0.9549412,-0.2633253,0.01303889,-0.2675433,-0.9634579,moving,12.85183,16.54386,4.429465,1.377037
4438,05/08/2023 17:09:07.193023,4679,True,True,True,True,Eyes,1.175167,0.09468086,-1.813154,-0.1999124,-0.2767603,-0.9399142,0.0,0.0,0.0,0.0,0.0,0.0,0.0,0.7693883,-0.6966034,-1.714082,0.9090669,0.1067677,-1.782551,0.06944779,0.9883481,-0.1333849,0.02352512,15.48161,178.3365,7.812609,0.5752723,0.04112695,-0.8169267,0.0,0.0,0.0,0.952291,-0.2424952,-2.685623,0.07971621,0.01053062,1.092439,-0.989247,0.1310014,-0.06502859,0.143553,0.954771,-0.2603939,0.02797545,-0.266929,-0.96331,moving,12.00743,16.40721,4.173525,0.5522885
4439,05/08/2023 17:09:07.213069,4680,True,True,True,True,Eyes,1.163555,0.0951088,-1.812379,-0.1861222,-0.2753027,-0.9431686,0.0,0.0,0.0,0.0,0.0,0.0,0.0,0.7292045,-0.6954591,-1.727298,0.8976738,0.1069795,-1.783731,0.07130091,0.9881149,-0.1325787,0.03111699,15.45273,177.4675,7.910805,0.5721194,0.04139483,-0.8191244,0.0,0.0,0.0,0.9529443,-0.240235,-2.685541,0.07378191,0.004834592,1.092334,-0.9878962,0.1326561,-0.0804003,0.1491579,0.9546781,-0.2575687,0.04258836,-0.2664433,-0.9629095,moving,11.16315,16.27206,3.864185,0.2535854
4440,05/08/2023 17:09:07.223576,4681,True,True,True,True,Eyes,1.151929,0.09552775,-1.811689,-0.1722019,-0.2737744,-0.9462527,0.0,0.0,0.0,0.0,0.0,0.0,0.0,0.6900672,-0.6901866,-1.740756,0.8861015,0.1070195,-1.78498,0.07322936,0.987972,-0.1306766,0.03837431,15.29743,176.6309,8.025539,0.5689183,0.04166992,-0.821337,0.0,0.0,0.0,0.9536402,-0.2378273,-2.685454,0.06816846,0.01651901,1.091989,-0.98633,0.1346679,-0.0949642,0.1547263,0.9551222,-0.2525893,0.05668676,-0.2638298,-0.9629022,moving,10.31398,16.13647,3.572109,0.8666729
4441,05/08/2023 17:09:07.243084,4682,True,True,True,True,Eyes,1.140311,0.09591743,-1.811081,-0.158247,-0.2722323,-0.9491299,0.0,0.0,0.0,0.0,0.0,0.0,0.0,0.651718,-0.6840551,-1.753356,0.8744881,0.1071226,-1.786258,0.0743784,0.9878103,-0.1289358,0.04554394,15.15928,175.7936,8.052082,0.5656682,0.0419511,-0.8235645,0.0,0.0,0.0,0.9542955,-0.2355603,-2.685371,0.05960682,0.02162394,1.091602,-0.9847871,0.135199,-0.1091576,0.158688,0.9556868,-0.2479533,0.07079746,-0.2615033,-0.9626026,moving,9.465768,16.00411,3.125526,1.134844
4442,05/08/2023 17:09:07.263145,4683,True,True,True,True,Eyes,1.128687,0.09626065,-1.810542,-0.1443048,-0.2706888,-0.9517897,0.0,0.0,0.0,0.0,0.0,0.0,0.0,0.614872,-0.677182,-1.76489,0.862905,0.1067993,-1.787587,0.07435732,0.9876322,-0.1276418,0.05254662,15.06655,174.9612,7.944407,0.5623692,0.04223635,-0.8258062,0.0,0.0,0.0,0.9549563,-0.2332743,-2.685289,0.05263969,0.01851416,1.090799,-0.9834196,0.1334611,-0.1227757,0.1602896,0.9563571,-0.2443119,0.08481126,-0.2599408,-0.9618927,moving,8.621196,15.87574,2.762832,0.9723892
4443,05/08/2023 17:09:07.273036,4684,True,True,True,True,Eyes,1.117057,0.09657215,-1.81007,-0.1303649,-0.2692062,-0.9542186,0.0,0.0,0.0,0.0,0.0,0.0,0.0,0.5780834,-0.6705,-1.775111,0.8509915,0.1060262,-1.788671,0.0735387,0.9873886,-0.1269053,0.05958887,15.03291,174.1158,7.741758,0.5590212,0.04252309,-0.8280616,0.0,0.0,0.0,0.9556506,-0.2308723,-2.685201,0.04687226,0.01550764,1.08986,-0.9820825,0.1300983,-0.1363396,0.1603468,0.9569743,-0.2418455,0.09900984,-0.2593738,-0.9606885,moving,7.779558,15.75494,2.462636,0.8152078
4444,05/08/2023 17:09:07.292910,4685,True,True,True,True,Eyes,1.10545,0.09684792,-1.80965,-0.1166544,-0.2675939,-0.9564441,0.0,0.0,0.0,0.0,0.0,0.0,0.0,0.5429088,-0.6659597,-1.783311,0.8391077,0.1054381,-1.789757,0.07260925,0.9870584,-0.1267595,0.06614908,15.06081,173.329,7.531503,0.5556241,0.04280967,-0.8303302,0.0,0.0,0.0,0.9563035,-0.2286136,-2.685119,0.04645523,0.008653581,1.088441,-0.9807047,0.1265691,-0.1489938,0.1601092,0.9573199,-0.240632,0.1121782,-0.2598442,-0.9591128,moving,6.953835,15.63056,2.443931,0.4555169
4445,05/08/2023 17:09:07.312921,4686,True,True,True,True,Eyes,1.093832,0.09706315,-1.809294,-0.1029318,-0.2658402,-0.9585062,0.0,0.0,0.0,0.0,0.0,0.0,0.0,0.5098198,-0.656575,-1.791887,0.827174,0.1049545,-1.790708,0.07167037,0.9869017,-0.1252088,0.07218742,14.92089,172.595,7.336225,0.552179,0.04309437,-0.8326105,0.0,0.0,0.0,0.9569983,-0.2262101,-2.685032,0.04671475,0.002563208,1.086232,-0.9793047,0.1233862,-0.1604313,0.1595402,0.9583722,-0.2367902,0.1245363,-0.2574849,-0.9582234,moving,6.129376,15.50127,2.462559,0.135202
4446,05/08/2023 17:09:07.323718,4687,True,True,True,True,Eyes,1.082198,0.09719888,-1.808996,-0.08916594,-0.2639854,-0.9603964,0.0,0.0,0.0,0.0,0.0,0.0,0.0,0.4743631,-0.642792,-1.802231,0.8151951,0.1038266,-1.791903,0.07140233,0.9867778,-0.1223554,0.07874369,14.63853,171.804,7.222813,0.5486858,0.04337449,-0.8349022,0.0,0.0,0.0,0.9576738,-0.2238732,-2.684947,0.04805738,0.002257079,1.084047,-0.9774026,0.121647,-0.172878,0.1601859,0.9598618,-0.2302302,0.1379321,-0.2527201,-0.9576575,moving,5.304298,15.3694,2.538343,0.1192946
4447,05/08/2023 17:09:07.343176,4688,True,True,True,True,Eyes,1.070542,0.09723566,-1.808748,-0.07542793,-0.2620863,-0.9620922,0.0,0.0,0.0,0.0,0.0,0.0,0.0,0.4384967,-0.6301763,-1.811264,0.8029924,0.1020382,-1.793006,0.07078728,0.9865374,-0.1201759,0.08538683,14.43045,171.0023,7.066839,0.5451439,0.0436467,-0.837205,0.0,0.0,0.0,0.9583523,-0.2215259,-2.684862,0.04874063,0.005380988,1.081748,-0.9753965,0.1191457,-0.1854885,0.1601915,0.9610938,-0.2250274,0.1514607,-0.2492046,-0.9565338,moving,4.482814,15.23835,2.579847,0.2850066
4448,05/08/2023 17:09:07.363250,4689,True,True,True,True,Eyes,1.058838,0.09716355,-1.808536,-0.06188882,-0.2602501,-0.9635557,0.0,0.0,0.0,0.0,0.0,0.0,0.0,0.4042356,-0.6190327,-1.818442,0.7907159,0.09968112,-1.793926,0.07021875,0.9862213,-0.1185614,0.09154321,14.28301,170.2621,6.922165,0.5415533,0.04390701,-0.8395185,0.0,0.0,0.0,0.9590398,-0.2191475,-2.684776,0.05086577,0.01173899,1.079729,-0.9733782,0.1167955,-0.1972142,0.1602094,0.962025,-0.2209995,0.1639132,-0.2467117,-0.955126,moving,3.675038,15.11456,2.697196,0.6229042
4449,05/08/2023 17:09:07.372925,4690,True,True,True,True,Eyes,1.047099,0.09702098,-1.808361,-0.04844298,-0.2585186,-0.9647908,0.0,0.0,0.0,0.0,0.0,0.0,0.0,0.3714516,-0.6135753,-1.822247,0.7780288,0.09695759,-1.79452,0.07023369,0.9857077,-0.1184765,0.09701018,14.31148,169.6187,6.844275,0.5379128,0.04415144,-0.8418431,0.0,0.0,0.0,0.9597511,-0.2166868,-2.684687,0.05608544,0.01238677,1.077192,-0.9713127,0.1154729,-0.2078894,0.1614466,0.9620612,-0.2199396,0.1746053,-0.2471931,-0.9531049,moving,2.874457,15.00021,2.98049,0.6588225
4450,05/08/2023 17:09:07.393587,4691,True,True,True,True,Eyes,1.035305,0.09679723,-1.808208,-0.03507343,-0.2567759,-0.9658343,0.0,0.0,0.0,0.0,0.0,0.0,0.0,0.3378318,-0.6107471,-1.824984,0.7653629,0.09513423,-1.795238,0.07097148,0.9850759,-0.118673,0.1024946,14.38003,168.9847,6.84787,0.5342219,0.04437812,-0.8441783,0.0,0.0,0.0,0.9603825,-0.2145025,-2.684607,0.0605793,0.01436567,1.074619,-0.9689158,0.1154979,-0.2187746,0.1641513,0.9617596,-0.2192554,0.185085,-0.2483522,-0.9508231,moving,2.079732,14.88821,3.226511,0.7658935
4451,05/08/2023 17:09:07.413624,4692,True,True,True,True,Eyes,1.023461,0.09650421,-1.808071,-0.02174998,-0.2550248,-0.9666899,0.0,0.0,0.0,0.0,0.0,0.0,0.0,0.3041791,-0.6025474,-1.82843,0.7525225,0.09288439,-1.795503,0.07206098,0.984557,-0.117454,0.1079783,14.29074,168.3494,6.906673,0.5304798,0.04458489,-0.8465239,0.0,0.0,0.0,0.961072,-0.2121173,-2.684521,0.06206068,0.02485606,1.072107,-0.9662957,0.1165313,-0.2295492,0.1672612,0.9620236,-0.2157182,0.1956939,-0.2468423,-0.9490903,moving,1.288906,14.77863,3.312964,1.328125
4452,05/08/2023 17:09:07.423574,4693,True,True,True,True,Eyes,1.01152,0.09614919,-1.807959,-0.00837484,-0.2532681,-0.9673598,0.0,0.0,0.0,0.0,0.0,0.0,0.0,0.267863,-0.5937371,-1.831765,0.7393576,0.09090768,-1.795751,0.07363389,0.9839414,-0.1159441,0.1139926,14.17899,167.6571,7.01862,0.5266861,0.04477035,-0.8488797,0.0,0.0,0.0,0.9617895,-0.2096351,-2.684431,0.06100047,0.02847171,1.069573,-0.9631675,0.1184693,-0.2413989,0.1713364,0.9622701,-0.211377,0.2072493,-0.2449518,-0.9471254,moving,0.4960212,14.67151,3.264189,1.524837
4453,05/08/2023 17:09:07.443161,4694,True,True,True,True,Eyes,0.9995046,0.0957657,-1.807862,0.00496192,-0.2515984,-0.967819,0.0,0.0,0.0,0.0,0.0,0.0,0.0,0.2307379,-0.5872431,-1.833649,0.7258046,0.08894377,-1.796012,0.075787,0.9831761,-0.1150031,0.1199813,14.14181,166.9781,7.193602,0.5228381,0.04493359,-0.8512466,0.0,0.0,0.0,0.9624355,-0.2074002,-2.68435,0.05819988,0.02995428,1.067437,-0.9597217,0.1214275,-0.253357,0.1766204,0.9620613,-0.2079506,0.218494,-0.2443227,-0.9447576,moving,-0.2937477,14.5723,3.120849,1.607406
4454,05/08/2023 17:09:07.463177,4695,True,True,True,True,Eyes,0.9874115,0.09536542,-1.80778,0.01858022,-0.2494663,-0.9682053,0.0,0.0,0.0,0.0,0.0,0.0,0.0,0.1907796,-0.5829412,-1.834317,0.7118661,0.08786333,-1.796235,0.0790844,0.9822015,-0.1142749,0.1263615,14.15042,166.2697,7.494519,0.5189347,0.04507538,-0.8536244,0.0,0.0,0.0,0.9630974,-0.2051103,-2.684267,0.05569476,0.0342055,1.065329,-0.9555572,0.1264738,-0.2662997,0.1842335,0.9613738,-0.2044956,0.2301502,-0.2444685,-0.9419484,moving,-1.099393,14.44848,2.992664,1.839016
4455,05/08/2023 17:09:07.473251,4696,True,True,True,True,Eyes,0.9751939,0.09490782,-1.807731,0.03226592,-0.2471909,-0.9684294,0.0,0.0,0.0,0.0,0.0,0.0,0.0,0.1458226,-0.5720001,-1.836689,0.6974332,0.08704184,-1.796632,0.0826493,0.9811858,-0.111782,0.133972,13.97527,165.4112,7.832118,0.5149742,0.04519695,-0.856013,0.0,0.0,0.0,0.9637952,-0.2026961,-2.684179,0.05203578,0.03714779,1.062914,-0.9504414,0.1322373,-0.2813802,0.1921399,0.9613478,-0.1972123,0.2444254,-0.2415031,-0.9391127,moving,-1.908262,14.31896,2.802722,2.001617
4456,05/08/2023 17:09:07.493054,4697,True,True,True,True,Eyes,0.9628202,0.09439968,-1.807703,0.04611593,-0.2447031,-0.9685007,0.0,0.0,0.0,0.0,0.0,0.0,0.0,0.1027054,-0.5532103,-1.840206,0.6820791,0.08515102,-1.797349,0.08390248,0.9804487,-0.1080569,0.1414374,13.62831,164.5307,7.922786,0.5109534,0.04529748,-0.8584138,0.0,0.0,0.0,0.9644467,-0.2004423,-2.684097,0.04721954,0.03589419,1.060422,-0.9459119,0.1339576,-0.2954768,0.1950907,0.9625682,-0.1881545,0.2592118,-0.2356223,-0.9366385,moving,-2.726125,14.17969,2.549639,1.938662
4457,05/08/2023 17:09:07.513294,4698,True,True,True,True,Eyes,0.950322,0.09391115,-1.807757,0.05976157,-0.2421699,-0.9683916,0.0,0.0,0.0,0.0,0.0,0.0,0.0,0.06403512,-0.5455536,-1.838684,0.6659952,0.08336952,-1.797773,0.08531586,0.9795251,-0.1073676,0.1473902,13.62039,163.8443,8.013637,0.5068684,0.04537654,-0.860828,0.0,0.0,0.0,0.9651231,-0.1981026,-2.684012,0.04304621,0.03230619,1.057667,-0.9419947,0.1354882,-0.307065,0.1987879,0.9623868,-0.1851892,0.2704244,-0.235488,-0.9334965,moving,-3.53137,14.04025,2.330606,1.749542
4458,05/08/2023 17:09:07.523236,4699,True,True,True,True,Eyes,0.9377183,0.09354316,-1.807864,0.07329884,-0.2394948,-0.9681269,0.0,0.0,0.0,0.0,0.0,0.0,0.0,0.03254592,-0.5347974,-1.839063,0.6504215,0.08331855,-1.799786,0.08635823,0.9790247,-0.1052611,0.1515688,13.43162,163.3555,8.108199,0.5027151,0.04543703,-0.8632569,0.0,0.0,0.0,0.9658374,-0.1956313,-2.683923,0.04053608,0.02834657,1.05457,-0.9391384,0.1371851,-0.3149596,0.2010023,0.9629247,-0.1799279,0.2785989,-0.2322848,-0.9318942,moving,-4.329719,13.89485,2.201279,1.539725
4459,05/08/2023 17:09:07.543229,4700,True,True,True,True,Eyes,0.9250038,0.09323078,-1.80799,0.08700634,-0.2366416,-0.9676935,0.0,0.0,0.0,0.0,0.0,0.0,0.0,0.00332588,-0.5325367,-1.836128,0.6352345,0.08578223,-1.801136,0.08987363,0.9783141,-0.1043852,0.1546862,13.41765,163.0302,8.486929,0.4984909,0.04548651,-0.8657004,0.0,0.0,0.0,0.9664836,-0.1933957,-2.683841,0.03894335,0.02517033,1.051063,-0.9359896,0.1435554,-0.3214263,0.2081432,0.9620529,-0.1764386,0.2839004,-0.2320474,-0.9303517,moving,-5.137709,13.74154,2.121917,1.371828
4460,05/08/2023 17:09:07.563081,4701,True,True,True,True,Eyes,0.9121782,0.09294685,-1.808099,0.1007357,-0.2341041,-0.9669785,0.0,0.0,0.0,0.0,0.0,0.0,0.0,-0.04719782,-0.5095375,-1.837355,0.6196811,0.08670297,-1.801724,0.09476045,0.9770148,-0.09861474,0.1635168,12.92562,162.0222,9.026413,0.4941942,0.04552872,-0.8681581,0.0,0.0,0.0,0.9671662,-0.1910345,-2.683756,0.03706884,0.02405974,1.046944,-0.9285656,0.1529144,-0.3382063,0.2174151,0.9625912,-0.1617063,0.3008271,-0.223686,-0.9270748,moving,-5.947376,13.60937,2.027808,1.316478
4461,05/08/2023 17:09:07.573172,4702,True,True,True,True,Eyes,0.89923,0.09281765,-1.808186,0.114294,-0.2328904,-0.9657634,0.0,0.0,0.0,0.0,0.0,0.0,0.0,-0.08846188,-0.5250386,-1.825972,0.6037505,0.08723069,-1.801538,0.09344132,0.975367,-0.1044447,0.1703511,13.62578,161.2252,8.681573,0.4898239,0.0455658,-0.8706294,0.0,0.0,0.0,0.9678608,-0.1886314,-2.683669,0.03515643,0.02256367,1.042644,-0.9244989,0.1466946,-0.3518285,0.2178637,0.96072,-0.1719082,0.3127907,-0.2355795,-0.920144,moving,-6.749318,13.55783,1.931198,1.239734
4462,05/08/2023 17:09:07.598222,4703,True,True,True,True,Eyes,0.8862116,0.09285212,-1.808339,0.1282269,-0.2311437,-0.9644327,0.0,0.0,0.0,0.0,0.0,0.0,0.0,-0.1363162,-0.5779543,-1.801463,0.5877614,0.09108904,-1.801144,0.09794682,0.9720255,-0.1190882,0.1771749,15.43951,160.5411,8.845104,0.4853785,0.0456059,-0.8731134,0.0,0.0,0.0,0.9685412,-0.1862775,-2.683583,0.0314298,0.02354044,1.038016,-0.9180312,0.1482147,-0.3677656,0.2326125,0.9524488,-0.196806,0.3211084,-0.2662209,-0.9088544,moving,-7.573386,13.47775,1.734313,1.299148
4463,05/08/2023 17:09:07.613563,4704,True,True,True,True,Eyes,0.873076,0.09299985,-1.808495,0.1420786,-0.2295045,-0.9628817,0.0,0.0,0.0,0.0,0.0,0.0,0.0,-0.1895518,-0.5566256,-1.800593,0.5721193,0.09503464,-1.803204,0.1012858,0.9705396,-0.113559,0.1868108,14.96742,159.4186,9.183108,0.4808567,0.04565667,-0.8756092,0.0,0.0,0.0,0.9692131,-0.1839533,-2.683499,0.02724114,0.02611154,1.033451,-0.9096859,0.1541757,-0.3856184,0.2390319,0.9536911,-0.1825845,0.3396106,-0.2582697,-0.9044123,moving,-8.393746,13.40641,1.509933,1.447348
4464,05/08/2023 17:09:07.623331,4705,True,True,True,True,Eyes,0.8598809,0.09329145,-1.808741,0.1558303,-0.2274712,-0.9612355,0.0,0.0,0.0,0.0,0.0,0.0,0.0,-0.2262635,-0.556473,-1.791758,0.5560586,0.09793001,-1.803458,0.0986396,0.9694772,-0.1146012,0.1930047,15.08681,158.6434,8.758433,0.4762572,0.04572269,-0.8781161,0.0,0.0,0.0,0.9698988,-0.1815809,-2.683413,0.0229336,0.02868754,1.028788,-0.9060391,0.1470206,-0.3968357,0.2354949,0.9542736,-0.1841307,0.3516189,-0.2602823,-0.8992317,moving,-9.208372,13.31382,1.277019,1.597268
4465,05/08/2023 17:09:07.643218,4706,True,True,True,True,Eyes,0.8466666,0.09368937,-1.809063,0.1692459,-0.2245614,-0.9596499,0.0,0.0,0.0,0.0,0.0,0.0,0.0,-0.2500952,-0.5558308,-1.786896,0.5415086,0.1015801,-1.805808,0.094529,0.969202,-0.1148755,0.1962531,15.05691,158.1948,8.224808,0.4715787,0.04580943,-0.8806329,0.0,0.0,0.0,0.9705396,-0.179364,-2.683332,0.01860267,0.03427476,1.024143,-0.9050978,0.1381461,-0.402136,0.2283247,0.9557358,-0.1855719,0.3586997,-0.2597783,-0.8965766,moving,-10.00195,13.17043,1.040614,1.916789
4466,05/08/2023 17:09:07.663259,4707,True,True,True,True,Eyes,0.8334431,0.09407277,-1.809403,0.182696,-0.2208202,-0.9580504,0.0,0.0,0.0,0.0,0.0,0.0,0.0,-0.2639198,-0.5136429,-1.795701,0.527779,0.1042706,-1.807927,0.09095906,0.9705356,-0.1035928,0.1976251,13.71147,157.9473,8.024181,0.4668223,0.04591995,-0.8831578,0.0,0.0,0.0,0.9712245,-0.1769945,-2.683246,0.01315469,0.03582707,1.018958,-0.9053417,0.1356129,-0.4024499,0.2175031,0.9619899,-0.1651295,0.3647591,-0.2370327,-0.9004259,moving,-10.79643,12.97938,0.7396436,2.013718
4467,05/08/2023 17:09:07.673704,4708,True,True,True,True,Eyes,0.8202184,0.09444107,-1.809755,0.1957183,-0.2173585,-0.9562686,0.0,0.0,0.0,0.0,0.0,0.0,0.0,-0.283127,-0.4802608,-1.798839,0.5141085,0.1041055,-1.808725,0.08892041,0.9710249,-0.09555402,0.2001832,12.77784,157.5912,7.923163,0.4619905,0.04605115,-0.8856881,0.0,0.0,0.0,0.9719544,-0.1744695,-2.683155,0.005608052,0.03392977,1.013642,-0.9040397,0.1344312,-0.4057591,0.2109444,0.9659252,-0.1499699,0.3717723,-0.2211714,-0.9015923,moving,-11.56691,12.80567,0.31699,1.917153
4468,05/08/2023 17:09:07.693433,4709,True,True,True,True,Eyes,0.8070114,0.09482709,-1.810146,0.2086686,-0.2141205,-0.9542587,0.0,0.0,0.0,0.0,0.0,0.0,0.0,-0.3015823,-0.4868506,-1.791006,0.5008331,0.1042206,-1.809415,0.08726703,0.9705288,-0.09831223,0.2019726,13.06644,157.3658,7.650176,0.4570862,0.04620013,-0.8882214,0.0,0.0,0.0,0.9726053,-0.172218,-2.683073,-0.001841813,0.03541738,1.008454,-0.9031829,0.1296775,-0.4091993,0.2091031,0.9654384,-0.1555786,0.3748817,-0.2260808,-0.8990834,moving,-12.33476,12.64679,-0.1046433,2.011427
4469,05/08/2023 17:09:07.713479,4710,True,True,True,True,Eyes,0.7938301,0.0952474,-1.810574,0.2213823,-0.2109627,-0.9520949,0.0,0.0,0.0,0.0,0.0,0.0,0.0,-0.3246443,-0.4925662,-1.783263,0.4878768,0.1050275,-1.810797,0.08904044,0.9696335,-0.1005092,0.2044033,13.37448,157.1049,7.773221,0.4521118,0.04636589,-0.890755,0.0,0.0,0.0,0.9732454,-0.1700033,-2.682993,-0.009761482,0.03658432,1.002731,-0.9005822,0.1315843,-0.4142913,0.213762,0.9639394,-0.1585139,0.3784938,-0.2313145,-0.8962345,moving,-13.08989,12.49359,-0.5577511,2.089492
4470,05/08/2023 17:09:07.723681,4711,True,True,True,True,Eyes,0.7806776,0.09568088,-1.811052,0.2343797,-0.2079339,-0.9496471,0.0,0.0,0.0,0.0,0.0,0.0,0.0,-0.3531463,-0.4828869,-1.778506,0.4752402,0.1062433,-1.812135,0.09331828,0.9686441,-0.09843366,0.208162,13.27028,156.7055,8.258507,0.4470705,0.04654834,-0.8932864,0.0,0.0,0.0,0.9739711,-0.167493,-2.682902,-0.01808012,0.03973347,0.9969022,-0.8959209,0.1398041,-0.4216411,0.2217647,0.963205,-0.1518437,0.3848985,-0.229545,-0.8939591,moving,-13.86394,12.35052,-1.039019,2.282426
4471,05/08/2023 17:09:07.742957,4712,True,True,True,True,Eyes,0.7675663,0.0961469,-1.811578,0.247317,-0.2052272,-0.946951,0.0,0.0,0.0,0.0,0.0,0.0,0.0,-0.3866557,-0.4742902,-1.772211,0.4629501,0.1068762,-1.813681,0.09698165,0.9672709,-0.09704412,0.2134577,13.24638,156.1156,8.637424,0.4419647,0.04674633,-0.8958132,0.0,0.0,0.0,0.9745986,-0.1653222,-2.682823,-0.0245454,0.03947604,0.9911935,-0.8900609,0.1461854,-0.4317659,0.2290447,0.9623539,-0.1463329,0.3941199,-0.2291389,-0.8900366,moving,-14.63709,12.22827,-1.418553,2.280701
4472,05/08/2023 17:09:07.763064,4713,True,True,True,True,Eyes,0.7545429,0.0966571,-1.81217,0.2606724,-0.2027502,-0.9438974,0.0,0.0,0.0,0.0,0.0,0.0,0.0,-0.4249666,-0.4757314,-1.761686,0.4507108,0.1081624,-1.815383,0.09957569,0.9653775,-0.09848268,0.2200734,13.53114,155.3631,8.810138,0.4367974,0.04695975,-0.898333,0.0,0.0,0.0,0.9752942,-0.1629156,-2.682735,-0.03037024,0.03876621,0.9854051,-0.8833051,0.1489094,-0.4445207,0.2356031,0.9607717,-0.146318,0.4052948,-0.2339738,-0.8837379,moving,-15.43834,12.12299,-1.7653,2.252876
4473,05/08/2023 17:09:07.773777,4714,True,True,True,True,Eyes,0.7416077,0.0971775,-1.812825,0.2740454,-0.2002034,-0.9406475,0.0,0.0,0.0,0.0,0.0,0.0,0.0,-0.4646454,-0.4708101,-1.752658,0.4392905,0.1097574,-1.817785,0.09983201,0.9636083,-0.09815158,0.2277255,13.56969,154.4487,8.739132,0.431573,0.04718904,-0.9008425,0.0,0.0,0.0,0.9759915,-0.1605031,-2.682648,-0.03379679,0.0392454,0.9798408,-0.8763494,0.1476947,-0.4584738,0.2371011,0.9607996,-0.1436908,0.4192791,-0.234628,-0.8770148,moving,-16.24279,12.0153,-1.97547,2.293632
4474,05/08/2023 17:09:07.793135,4715,True,True,True,True,Eyes,0.7287815,0.09767737,-1.813509,0.2874826,-0.1975926,-0.9371824,0.0,0.0,0.0,0.0,0.0,0.0,0.0,-0.5001173,-0.4619562,-1.744854,0.4283406,0.1105055,-1.819986,0.09644368,0.9623062,-0.09681378,0.235144,13.39631,153.5112,8.27964,0.4262957,0.04743287,-0.9033391,0.0,0.0,0.0,0.9766533,-0.1582139,-2.682565,-0.03759575,0.03294712,0.9737341,-0.8708118,0.1400864,-0.471235,0.231147,0.9626514,-0.1409727,0.4338867,-0.2316853,-0.8706688,moving,-17.0535,11.90569,-2.211085,1.937912
4475,05/08/2023 17:09:07.813338,4716,True,True,True,True,Eyes,0.7160636,0.09820007,-1.814263,0.3009275,-0.1951931,-0.9334572,0.0,0.0,0.0,0.0,0.0,0.0,0.0,-0.5359294,-0.465551,-1.732265,0.4177788,0.1105602,-1.82152,0.09307475,0.9605372,-0.09904329,0.2426851,13.61787,152.5657,7.730418,0.420971,0.04768853,-0.9058194,0.0,0.0,0.0,0.9773374,-0.1558473,-2.682479,-0.04187217,0.0342661,0.9677782,-0.8648825,0.1307309,-0.4846531,0.2268762,0.9630551,-0.1450938,0.4477794,-0.2354453,-0.8625891,moving,-17.86826,11.81081,-2.477431,2.027823
4476,05/08/2023 17:09:07.822882,4717,True,True,True,True,Eyes,0.7034696,0.09877564,-1.815092,0.314619,-0.1926794,-0.9294566,0.0,0.0,0.0,0.0,0.0,0.0,0.0,-0.5741271,-0.4687735,-1.719368,0.407526,0.1116715,-1.82402,0.09129547,0.958486,-0.1008886,0.2505819,13.83665,151.5923,7.363764,0.4156032,0.04795566,-0.9082807,0.0,0.0,0.0,0.9779921,-0.1535825,-2.682397,-0.04529729,0.03504828,0.9624071,-0.8577477,0.1244491,-0.4987798,0.2255726,0.9629733,-0.1476466,0.4619371,-0.2391545,-0.8540605,moving,-18.70084,11.71172,-2.694733,2.085636
4477,05/08/2023 17:09:07.843282,4718,True,True,True,True,Eyes,0.6909571,0.09933858,-1.816011,0.3284466,-0.1900222,-0.9252105,0.0,0.0,0.0,0.0,0.0,0.0,0.0,-0.6157464,-0.4599152,-1.708127,0.3973986,0.1135239,-1.826896,0.0916054,0.9563153,-0.09936601,0.2592221,13.74155,150.55,7.315693,0.4101966,0.04823549,-0.9107203,0.0,0.0,0.0,0.9786977,-0.1511411,-2.682308,-0.03497781,0.007893741,0.9576651,-0.8488249,0.1236915,-0.514001,0.226723,0.9634696,-0.1425582,0.4775911,-0.2375427,-0.8458609,moving,-19.54469,11.60617,-2.091744,0.472261
4478,05/08/2023 17:09:07.863187,4719,True,True,True,True,Eyes,0.6785216,0.09986621,-1.817001,0.3421369,-0.1874244,-0.9207684,0.0,0.0,0.0,0.0,0.0,0.0,0.0,-0.6593511,-0.4409794,-1.697751,0.3866804,0.113728,-1.830057,0.09131674,0.9541515,-0.09556834,0.2685573,13.38074,149.4129,7.259244,0.404754,0.04852575,-0.9131368,0.0,0.0,0.0,0.979342,-0.1489123,-2.682227,-0.03351665,0.01882035,0.9534581,-0.8390766,0.1229288,-0.5299426,0.2255911,0.9650559,-0.1333258,0.4950347,-0.2314209,-0.8374875,moving,-20.38394,11.50549,-2.013273,1.130817
4479,05/08/2023 17:09:07.873590,4720,True,True,True,True,Eyes,0.6661591,0.1003976,-1.818067,0.3555594,-0.1852619,-0.9161089,0.0,0.0,0.0,0.0,0.0,0.0,0.0,-0.6938827,-0.4457057,-1.683326,0.375832,0.1134447,-1.832919,0.08936133,0.9521192,-0.09805163,0.2754443,13.64715,148.5525,6.864647,0.3992777,0.04882326,-0.9155288,0.0,0.0,0.0,0.9800467,-0.1464743,-2.682139,-0.03026533,0.04424161,0.9493408,-0.8322904,0.1161498,-0.5420356,0.2241808,0.9648009,-0.1374855,0.5069875,-0.2359418,-0.829033,moving,-21.21219,11.43256,-1.825992,2.668193
4480,05/08/2023 17:09:07.893408,4721,True,True,True,True,Eyes,0.6538682,0.100957,-1.819221,0.3686888,-0.1830214,-0.9113571,0.0,0.0,0.0,0.0,0.0,0.0,0.0,-0.7224019,-0.4605416,-1.668143,0.3651492,0.1141571,-1.835837,0.08878333,0.950215,-0.1029852,0.2803623,14.21133,147.9428,6.573851,0.3937694,0.04912718,-0.917895,0.0,0.0,0.0,0.9806913,-0.1442445,-2.682058,-0.03219144,0.01890028,0.9452465,-0.827029,0.1109802,-0.5510956,0.2264728,0.9630231,-0.1459331,0.5145222,-0.2454991,-0.8215821,moving,-22.02576,11.35526,-1.950519,1.145481
4481,05/08/2023 17:09:07.913413,4722,True,True,True,True,Eyes,0.6416514,0.1015328,-1.820441,0.3815887,-0.1808976,-0.906458,0.0,0.0,0.0,0.0,0.0,0.0,0.0,-0.7480714,-0.4600332,-1.658035,0.3550806,0.1152929,-1.838735,0.08821843,0.9488841,-0.1034634,0.2848369,14.27671,147.3882,6.426857,0.3882312,0.04943793,-0.9202345,0.0,0.0,0.0,0.9813821,-0.1418546,-2.681971,-0.03513426,0.0378809,0.9443189,-0.8221712,0.1084777,-0.5588091,0.2263585,0.9630257,-0.1460938,0.5222995,-0.2466052,-0.8163269,moving,-22.82948,11.28599,-2.130759,2.297161
4482,05/08/2023 17:09:07.923330,4723,True,True,True,True,Eyes,0.629519,0.1021298,-1.82176,0.3939725,-0.1785893,-0.901605,0.0,0.0,0.0,0.0,0.0,0.0,0.0,-0.7746674,-0.4608576,-1.646577,0.3445631,0.1162832,-1.841595,0.08723286,0.947445,-0.1043482,0.2895683,14.37387,146.7949,6.214649,0.382665,0.04975535,-0.9225459,0.0,0.0,0.0,0.9820782,-0.1394465,-2.681884,-0.03867495,0.06240161,0.9412078,-0.8170812,0.1048648,-0.5669052,0.2257285,0.9630038,-0.1472087,0.5304949,-0.2482481,-0.8105233,moving,-23.60379,11.20408,-2.353004,3.79313
4483,05/08/2023 17:09:07.943409,4724,True,True,True,True,Eyes,0.6174657,0.1027242,-1.823177,0.406047,-0.1761461,-0.8967153,0.0,0.0,0.0,0.0,0.0,0.0,0.0,-0.7966074,-0.4606684,-1.63828,0.3344059,0.1173709,-1.845307,0.08586731,0.9464668,-0.1046644,0.2930405,14.3857,146.3509,5.996924,0.3770729,0.05007944,-0.9248281,0.0,0.0,0.0,0.9827537,-0.1371095,-2.681799,-0.04340516,0.05927595,0.940096,-0.8135081,0.1011993,-0.5726807,0.2238829,0.9633443,-0.1477977,0.5367317,-0.248448,-0.8063453,moving,-24.36178,11.11338,-2.643525,3.607899
4484,05/08/2023 17:09:07.963073,4725,True,True,True,True,Eyes,0.6054932,0.1033078,-1.824705,0.4177696,-0.1733826,-0.891856,0.0,0.0,0.0,0.0,0.0,0.0,0.0,-0.8167723,-0.4474789,-1.634214,0.3241935,0.1178534,-1.849059,0.08593438,0.9459016,-0.1016638,0.2958883,14.07441,146.0083,6.060471,0.3714569,0.05040898,-0.9270802,0.0,0.0,0.0,0.9834622,-0.1346585,-2.68171,-0.0461601,0.0554681,0.9387828,-0.8101308,0.1024086,-0.5772354,0.2227332,0.9645595,-0.1414739,0.5422897,-0.2431819,-0.8042291,moving,-25.09967,11.00144,-2.814976,3.381397
4485,05/08/2023 17:09:07.973486,4726,True,True,True,True,Eyes,0.5936208,0.1038829,-1.826336,0.429364,-0.1704978,-0.8868918,0.0,0.0,0.0,0.0,0.0,0.0,0.0,-0.8375299,-0.4282447,-1.63133,0.3146513,0.1180248,-1.852877,0.08700952,0.9453048,-0.09722376,0.2989581,13.64094,145.6526,6.284006,0.3658184,0.0507424,-0.9293014,0.0,0.0,0.0,0.9841085,-0.1324226,-2.681629,-0.0487644,0.04095438,0.9368777,-0.8061072,0.1063694,-0.5821317,0.2226327,0.9659538,-0.1317878,0.5482941,-0.2358366,-0.8023435,moving,-25.83265,10.88189,-2.979552,2.503016
4486,05/08/2023 17:09:07.993302,4727,True,True,True,True,Eyes,0.5818616,0.1044367,-1.828084,0.4408367,-0.167361,-0.8818465,0.0,0.0,0.0,0.0,0.0,0.0,0.0,-0.8651245,-0.4101822,-1.62446,0.3050845,0.1183349,-1.857009,0.08823466,0.9440042,-0.09332843,0.3039087,13.28738,145.0653,6.481539,0.3601602,0.05107836,-0.9314905,0.0,0.0,0.0,0.9848152,-0.1299778,-2.68154,-0.05180843,0.02738471,0.9350296,-0.7997082,0.1098612,-0.5902517,0.2233144,0.9670088,-0.1225743,0.5573125,-0.2298354,-0.7978585,moving,-26.56055,10.74606,-3.171421,1.677573
4487,05/08/2023 17:09:08.013300,4728,True,True,True,True,Eyes,0.5701918,0.1049503,-1.829978,0.4522148,-0.1641921,-0.8766657,0.0,0.0,0.0,0.0,0.0,0.0,0.0,-0.8958833,-0.3938669,-1.615545,0.2956974,0.118355,-1.861794,0.08813787,0.9423844,-0.08987827,0.3099442,12.94616,144.3274,6.504692,0.3544857,0.05141497,-0.9336463,0.0,0.0,0.0,0.9854172,-0.1278952,-2.681465,-0.05778614,0.02494112,0.9325127,-0.7923329,0.110405,-0.6000165,0.221834,0.9683073,-0.1147641,0.5683298,-0.2240354,-0.7917134,moving,-27.28626,10.60812,-3.545983,1.532076
4488,05/08/2023 17:09:08.023370,4729,True,True,True,True,Eyes,0.5586057,0.105408,-1.832037,0.463393,-0.1610096,-0.8714027,0.0,0.0,0.0,0.0,0.0,0.0,0.0,-0.9252078,-0.3840358,-1.605884,0.2860754,0.1178772,-1.86725,0.08699165,0.9408,-0.08810518,0.3155401,12.74882,143.629,6.362237,0.3487959,0.05174946,-0.9357684,0.0,0.0,0.0,0.9860989,-0.1255369,-2.681379,-0.05971557,0.03039888,0.9309002,-0.785734,0.108082,-0.6090489,0.2192849,0.9693399,-0.11088,0.5783912,-0.2206774,-0.7853439,moving,-28.00308,10.46851,-3.670392,1.870349
4489,05/08/2023 17:09:08.043258,4730,True,True,True,True,Eyes,0.5471263,0.1058106,-1.834241,0.4743814,-0.1578383,-0.8660539,0.0,0.0,0.0,0.0,0.0,0.0,0.0,-0.951143,-0.3787445,-1.596795,0.2769193,0.1169026,-1.872839,0.08548668,0.9393907,-0.08750461,0.3202814,12.6598,143.0299,6.151852,0.3430922,0.05207846,-0.9378564,0.0,0.0,0.0,0.9867527,-0.1232751,-2.681297,-0.06041147,0.03826274,0.9294332,-0.7802238,0.1045586,-0.6166997,0.216663,0.9700699,-0.1096424,0.5867778,-0.2191616,-0.7795258,moving,-28.71174,10.32879,-3.718891,2.357411
4490,05/08/2023 17:09:08.063215,4731,True,True,True,True,Eyes,0.5357768,0.1061345,-1.836583,0.4851357,-0.1547112,-0.8606437,0.0,0.0,0.0,0.0,0.0,0.0,0.0,-0.9752065,-0.3743792,-1.588422,0.2679233,0.1159744,-1.878573,0.0834012,0.9381515,-0.08693727,0.3245889,12.54832,142.4774,5.882948,0.337377,0.05239899,-0.9399096,0.0,0.0,0.0,0.9874429,-0.1208873,-2.68121,-0.05794385,0.04895982,0.9283576,-0.7753728,0.1000482,-0.6235285,0.2129237,0.9709722,-0.1089785,0.5945258,-0.2172629,-0.774168,moving,-29.40949,10.19078,-3.571509,3.018874
4491,05/08/2023 17:09:08.079278,4732,True,True,True,True,Eyes,0.524535,0.1063743,-1.839075,0.4956688,-0.15167,-0.8551658,0.0,0.0,0.0,0.0,0.0,0.0,0.0,-0.9974347,-0.3706144,-1.580946,0.2593397,0.1144278,-1.884481,0.08088476,0.9370471,-0.08650004,0.3285091,12.43031,141.9677,5.568057,0.3316541,0.05270712,-0.941927,0.0,0.0,0.0,0.9881355,-0.1184912,-2.681123,-0.0585958,0.05439311,0.9270085,-0.7710789,0.09475354,-0.6296501,0.2084178,0.9719508,-0.1089665,0.601664,-0.215252,-0.7691991,moving,-30.09732,10.05725,-3.616829,3.358035
4492,05/08/2023 17:09:08.093536,4733,True,True,True,True,Eyes,0.5133929,0.1065274,-1.841734,0.5060158,-0.1486958,-0.8496102,0.0,0.0,0.0,0.0,0.0,0.0,0.0,-1.019951,-0.3685707,-1.572807,0.2506182,0.1126559,-1.890599,0.07938289,0.935819,-0.08678214,0.3322802,12.42606,141.4851,5.341086,0.3259258,0.05299903,-0.943908,0.0,0.0,0.0,0.9888031,-0.1161814,-2.68104,-0.05924582,0.05786954,0.9262112,-0.7665766,0.09090403,-0.6356863,0.206248,0.9723344,-0.10967,0.6081303,-0.2151795,-0.7641176,moving,-30.77743,9.927162,-3.659983,3.575185
4493,05/08/2023 17:09:08.113077,4734,True,True,True,True,Eyes,0.5023549,0.1065977,-1.844563,0.5160973,-0.1457924,-0.8440309,0.0,0.0,0.0,0.0,0.0,0.0,0.0,-1.042845,-0.3640349,-1.565125,0.2420872,0.1106733,-1.897052,0.07837778,0.9345626,-0.08651894,0.3361015,12.38036,141.0025,5.189079,0.3201939,0.05327106,-0.9458525,0.0,0.0,0.0,0.98949,-0.1138055,-2.680953,-0.06007294,0.0566649,0.9255084,-0.7617854,0.08833959,-0.6417781,0.2046562,0.9727428,-0.1090289,0.6146535,-0.2144005,-0.7591004,moving,-31.44443,9.800198,-3.713748,3.503601
4494,05/08/2023 17:09:08.123283,4735,True,True,True,True,Eyes,0.4913972,0.1065793,-1.847578,0.5260406,-0.142983,-0.8383538,0.0,0.0,0.0,0.0,0.0,0.0,0.0,-1.063118,-0.359605,-1.559466,0.233496,0.108757,-1.903975,0.07781094,0.9335912,-0.08625618,0.3389877,12.34572,140.6398,5.098176,0.3144603,0.05352015,-0.94776,0.0,0.0,0.0,0.9901877,-0.1113917,-2.680866,-0.05861912,0.05053458,0.9250768,-0.7580656,0.08680765,-0.6463753,0.2037668,0.9730106,-0.1083021,0.6195286,-0.2138099,-0.7552944,moving,-32.10697,9.678789,-3.6258,3.126814
4495,05/08/2023 17:09:08.142989,4736,True,True,True,True,Eyes,0.4805428,0.1064812,-1.850778,0.5357047,-0.1401308,-0.8326967,0.0,0.0,0.0,0.0,0.0,0.0,0.0,-1.085235,-0.3509884,-1.553332,0.2249749,0.1065277,-1.91097,0.07836973,0.9324279,-0.08525828,0.3422973,12.27745,140.238,5.154143,0.3087259,0.05374317,-0.9496309,0.0,0.0,0.0,0.9908293,-0.1091722,-2.680785,-0.057414,0.04343793,0.9246477,-0.7533815,0.08778087,-0.6516984,0.2045156,0.9731784,-0.1053429,0.6249717,-0.2126459,-0.7511272,moving,-32.75468,9.552542,-3.553096,2.689653
4496,05/08/2023 17:09:08.163294,4737,True,True,True,True,Eyes,0.4697958,0.1062764,-1.854157,0.5451005,-0.1371965,-0.8270687,0.0,0.0,0.0,0.0,0.0,0.0,0.0,-1.103651,-0.3425765,-1.550329,0.2165526,0.1044917,-1.918622,0.07735379,0.9317852,-0.08373263,0.3446472,12.08492,139.9405,5.071384,0.3029925,0.0539378,-0.9514648,0.0,0.0,0.0,0.9915144,-0.1068018,-2.680699,-0.05643586,0.04473098,0.9238994,-0.7504693,0.08643779,-0.6552283,0.2018706,0.9740105,-0.1027221,0.6293201,-0.2093612,-0.7484143,moving,-33.38789,9.418624,-3.495537,2.771835
4497,05/08/2023 17:09:08.173650,4738,True,True,True,True,Eyes,0.4591437,0.1059676,-1.857723,0.554181,-0.1342372,-0.8215009,0.0,0.0,0.0,0.0,0.0,0.0,0.0,-1.121296,-0.3323504,-1.548264,0.2081636,0.1017149,-1.926449,0.07651987,0.9312378,-0.08192022,0.3467418,11.86695,139.6774,5.024274,0.2972625,0.05410054,-0.9532613,0.0,0.0,0.0,0.9922496,-0.1042585,-2.680607,-0.05441833,0.04517542,0.9233611,-0.7478297,0.08570608,-0.6583352,0.1993267,0.9748676,-0.09950913,0.6332612,-0.2056397,-0.7461184,moving,-34.00344,9.280386,-3.372828,2.800961
4498,05/08/2023 17:09:08.193334,4739,True,True,True,True,Eyes,0.4485828,0.1055889,-1.861479,0.5630204,-0.1310587,-0.8159851,0.0,0.0,0.0,0.0,0.0,0.0,0.0,-1.137347,-0.3221662,-1.547494,0.1997605,0.09887924,-1.93453,0.07623821,0.930853,-0.08021979,0.3482315,11.67984,139.4944,5.041812,0.2915376,0.05422837,-0.9550205,0.0,0.0,0.0,0.9928936,-0.1020306,-2.680526,-0.05188414,0.04650624,0.9231077,-0.7458452,0.08606303,-0.6605363,0.1978032,0.9755051,-0.09624857,0.6360731,-0.2024428,-0.7445992,moving,-34.60523,9.124583,-3.216978,2.884127
4499,05/08/2023 17:09:08.213403,4740,True,True,True,True,Eyes,0.4381146,0.1051583,-1.865441,0.5716505,-0.1278669,-0.8104726,0.0,0.0,0.0,0.0,0.0,0.0,0.0,-1.155375,-0.3161912,-1.544596,0.1913741,0.09680101,-1.942846,0.07756183,0.9301053,-0.07995133,0.3499946,11.71354,139.289,5.174802,0.2858194,0.05432037,-0.9567422,0.0,0.0,0.0,0.9935508,-0.09975707,-2.680444,-0.05004547,0.04789905,0.9226201,-0.742976,0.08831626,-0.6634659,0.2002464,0.9751839,-0.09443387,0.6386613,-0.2030187,-0.7422233,moving,-35.19646,8.965558,-3.104839,2.971919
4500,05/08/2023 17:09:08.223053,4741,True,True,True,True,Eyes,0.4277334,0.1046626,-1.869635,0.5802174,-0.1242003,-0.8049361,0.0,0.0,0.0,0.0,0.0,0.0,0.0,-1.176284,-0.2995862,-1.542256,0.1830744,0.09507402,-1.951766,0.07944483,0.9292332,-0.07697286,0.3525471,11.48244,138.997,5.467399,0.280109,0.05437664,-0.9584265,0.0,0.0,0.0,0.9942684,-0.09727479,-2.680353,-0.04917163,0.04777205,0.9221879,-0.7387984,0.09337243,-0.6674271,0.2019187,0.9755274,-0.0870354,0.6429667,-0.1990675,-0.7395716,moving,-35.78498,8.771468,-3.052156,2.96544
4501,05/08/2023 17:09:08.243229,4742,True,True,True,True,Eyes,0.4174154,0.1041036,-1.874067,0.5884996,-0.1205837,-0.7994547,0.0,0.0,0.0,0.0,0.0,0.0,0.0,-1.197265,-0.2778836,-1.54156,0.1746043,0.09291319,-1.961619,0.08021324,0.9285456,-0.07244404,0.3551348,11.04082,138.6915,5.701589,0.274408,0.05439653,-0.9600733,0.0,0.0,0.0,0.9949234,-0.09500852,-2.680271,-0.04834281,0.04761112,0.9219635,-0.7348903,0.09750852,-0.6711396,0.2004181,0.9766355,-0.07756218,0.6478957,-0.1915082,-0.7372625,moving,-36.35777,8.577407,-3.001534,2.956185
4502,05/08/2023 17:09:08.263246,4743,True,True,True,True,Eyes,0.4071465,0.1035254,-1.878783,0.596758,-0.1166941,-0.7938907,0.0,0.0,0.0,0.0,0.0,0.0,0.0,-1.215276,-0.2628753,-1.541976,0.1657715,0.09079439,-1.971792,0.08230188,0.9280361,-0.07003123,0.3564704,10.87456,138.5478,6.010483,0.2687158,0.05437956,-0.961683,0.0,0.0,0.0,0.9956001,-0.09266756,-2.680186,-0.0475266,0.04858072,0.9216881,-0.7323105,0.1028301,-0.6731622,0.2026863,0.976644,-0.07130664,0.6501074,-0.1886594,-0.736049,moving,-36.93174,8.362034,-2.951827,3.017178
4503,05/08/2023 17:09:08.273097,4744,True,True,True,True,Eyes,0.3969521,0.1029336,-1.883761,0.6048005,-0.1127213,-0.7883592,0.0,0.0,0.0,0.0,0.0,0.0,0.0,-1.234539,-0.2380138,-1.543761,0.1572922,0.08955698,-1.982718,0.08557297,0.9274646,-0.06518444,0.358103,10.49795,138.3777,6.543281,0.2630316,0.05432753,-0.9632561,0.0,0.0,0.0,0.9962796,-0.09031691,-2.680101,-0.04669155,0.0509896,0.921698,-0.728879,0.1120463,-0.6754118,0.2054173,0.9768565,-0.05962465,0.6530997,-0.1822004,-0.7350265,moving,-37.49411,8.137125,-2.900022,3.166454
4504,05/08/2023 17:09:08.293518,4745,True,True,True,True,Eyes,0.3868408,0.1023297,-1.889009,0.6129006,-0.1085821,-0.7826639,0.0,0.0,0.0,0.0,0.0,0.0,0.0,-1.254345,-0.2130135,-1.545058,0.1488343,0.0885414,-1.993983,0.08835071,0.9268277,-0.06019621,0.3599459,10.08948,138.1723,7.026523,0.2573562,0.05424239,-0.9647928,0.0,0.0,0.0,0.9969301,-0.08806629,-2.680019,-0.0466252,0.05424893,0.9218474,-0.7252665,0.120437,-0.6778524,0.2071066,0.9771411,-0.04798008,0.656579,-0.175186,-0.733631,moving,-38.06433,7.898456,-2.895439,3.367861
4505,05/08/2023 17:09:08.313403,4746,True,True,True,True,Eyes,0.3768133,0.101736,-1.894509,0.6207831,-0.1046414,-0.7769676,0.0,0.0,0.0,0.0,0.0,0.0,0.0,-1.275998,-0.1920504,-1.544312,0.1407835,0.08752432,-2.005611,0.08948395,0.9259871,-0.05588099,0.362516,9.692996,137.8597,7.29741,0.2516911,0.05412598,-0.9662927,0.0,0.0,0.0,0.9976301,-0.08564463,-2.679931,-0.04778647,0.05508912,0.9223792,-0.7211493,0.1252064,-0.6813712,0.2062375,0.9777399,-0.03861143,0.6613693,-0.1683689,-0.7309188,moving,-38.62423,7.670399,-2.965719,3.417932
4506,05/08/2023 17:09:08.323271,4747,True,True,True,True,Eyes,0.3668805,0.1012359,-1.900286,0.6287669,-0.1010346,-0.7710021,0.0,0.0,0.0,0.0,0.0,0.0,0.0,-1.298118,-0.1872561,-1.540787,0.1327155,0.0871791,-2.017173,0.09062885,0.924923,-0.05570119,0.3649673,9.740831,137.5641,7.403073,0.2460382,0.0539812,-0.9677556,0.0,0.0,0.0,0.9983253,-0.08323955,-2.679844,-0.04824245,0.05420817,0.9228788,-0.7171706,0.1269912,-0.6852297,0.2083077,0.9773675,-0.03688547,0.6650372,-0.1691918,-0.7273926,moving,-39.1979,7.465686,-2.992349,3.361585
4507,05/08/2023 17:09:08.343418,4748,True,True,True,True,Eyes,0.3570369,0.1008845,-1.906318,0.6366037,-0.0977218,-0.7649747,0.0,0.0,0.0,0.0,0.0,0.0,0.0,-1.321995,-0.1901618,-1.535643,0.1252345,0.08890183,-2.029394,0.09306633,0.9235215,-0.05747313,0.3676191,10.05429,137.2552,7.565703,0.2403994,0.05381487,-0.9691809,0.0,0.0,0.0,0.9989961,-0.08091911,-2.67976,-0.04849724,0.055103,0.9234909,-0.71239,0.1296411,-0.6897059,0.2141539,0.9760709,-0.03772942,0.6683106,-0.1745812,-0.7231063,moving,-39.76686,7.279829,-3.006134,3.414685
4508,05/08/2023 17:09:08.363701,4749,True,True,True,True,Eyes,0.3472835,0.1005626,-1.912584,0.6448021,-0.09437821,-0.7585005,0.0,0.0,0.0,0.0,0.0,0.0,0.0,-1.348661,-0.1826224,-1.529082,0.1174503,0.09211017,-2.04158,0.09733581,0.9217664,-0.05692837,0.3709874,10.20497,136.8697,8.013575,0.2347769,0.05363606,-0.9705682,0.0,0.0,0.0,0.9996415,-0.07868617,-2.679679,-0.04951318,0.05762894,0.9242563,-0.7057882,0.1372023,-0.6950098,0.2216812,0.9745698,-0.0327286,0.6728451,-0.17717,-0.718255,moving,-40.3679,7.092709,-3.066451,3.56787
4509,05/08/2023 17:09:08.373468,4750,True,True,True,True,Eyes,0.3375719,0.1003359,-1.919046,0.6527131,-0.09187641,-0.7520134,0.0,0.0,0.0,0.0,0.0,0.0,0.0,-1.383302,-0.1629646,-1.516235,0.1093163,0.09249678,-2.053909,0.09884975,0.9192672,-0.05341855,0.3772573,9.950392,136.0945,8.255844,0.2291732,0.05344682,-0.971917,0.0,0.0,0.0,1.000375,-0.07614875,-2.679587,-0.05196065,0.06401947,0.9251752,-0.6958114,0.1414336,-0.7041612,0.2220437,0.9747503,-0.02362828,0.6830396,-0.1727954,-0.709647,moving,-40.95648,6.965528,-3.214528,3.958394
4510,05/08/2023 17:09:08.393334,4751,True,True,True,True,Eyes,0.3279642,0.1002439,-1.925715,0.6609422,-0.08947799,-0.7450833,0.0,0.0,0.0,0.0,0.0,0.0,0.0,-1.409179,-0.1896899,-1.503977,0.1005605,0.09472685,-2.065097,0.1020883,0.9172999,-0.06183795,0.3798879,11.01186,135.801,8.218009,0.2235885,0.0532525,-0.9732276,0.0,0.0,0.0,1.000991,-0.07401951,-2.67951,-0.05438399,0.06987481,0.9264071,-0.6905262,0.1403082,-0.7095682,0.2342741,0.9715081,-0.03588367,0.6843165,-0.1910121,-0.7037224,moving,-41.57532,6.847928,-3.359647,4.313401
4511,05/08/2023 17:09:08.413377,4752,True,True,True,True,Eyes,0.3184561,0.1001991,-1.932528,0.6690768,-0.08667032,-0.7381222,0.0,0.0,0.0,0.0,0.0,0.0,0.0,-1.439003,-0.1821183,-1.492275,0.09347536,0.09778278,-2.076651,0.1035657,0.9151469,-0.06067088,0.3848369,10.99698,135.1916,8.36804,0.2180264,0.05305987,-0.9744992,0.0,0.0,0.0,1.001675,-0.07165167,-2.679424,-0.05702505,0.07406379,0.9282929,-0.6823497,0.1428589,-0.7169315,0.2362524,0.9711864,-0.03133373,0.6917979,-0.1907573,-0.6964395,moving,-42.19099,6.697006,-3.515263,4.561677
4512,05/08/2023 17:09:08.423522,4753,True,True,True,True,Eyes,0.3090355,0.1001765,-1.939425,0.67749,-0.08423693,-0.7306924,0.0,0.0,0.0,0.0,0.0,0.0,0.0,-1.463413,-0.1698169,-1.483955,0.08627596,0.09879032,-2.086944,0.09860063,0.9140998,-0.05620769,0.3892818,10.34214,134.5882,7.975791,0.2124906,0.05287066,-0.9757316,0.0,0.0,0.0,1.002385,-0.06919481,-2.679334,-0.05901073,0.07777347,0.9305937,-0.6774754,0.1365004,-0.722769,0.2240229,0.9742373,-0.02599202,0.7006006,-0.1795257,-0.6906011,moving,-42.83635,6.576239,-3.628377,4.777337
4513,05/08/2023 17:09:08.443494,4754,True,True,True,True,Eyes,0.2997221,0.1002304,-1.946398,0.6858443,-0.08200416,-0.7231132,0.0,0.0,0.0,0.0,0.0,0.0,0.0,-1.493456,-0.1909429,-1.463769,0.07874222,0.09939215,-2.096047,0.09727765,0.9115525,-0.06210247,0.3946548,10.95287,133.9009,7.510643,0.2069846,0.05268535,-0.9769244,0.0,0.0,0.0,1.003103,-0.06671281,-2.679245,-0.06125671,0.08289403,0.933059,-0.6695694,0.1283293,-0.7315794,0.2263654,0.9733607,-0.03643717,0.7074147,-0.1900015,-0.6807818,moving,-43.4848,6.469947,-3.756163,5.076894
4514,05/08/2023 17:09:08.463137,4755,True,True,True,True,Eyes,0.2904995,0.10031,-1.953405,0.694336,-0.07994947,-0.7151962,0.0,0.0,0.0,0.0,0.0,0.0,0.0,-1.524477,-0.2046963,-1.442209,0.07189441,0.1013565,-2.104865,0.09466683,0.9088875,-0.0652469,0.4008794,11.21576,133.0882,7.013471,0.2015122,0.05250711,-0.9780774,0.0,0.0,0.0,1.003703,-0.06463569,-2.679169,-0.06302884,0.08771379,0.9361263,-0.6606674,0.1197707,-0.7410621,0.2243953,0.973562,-0.04270423,0.7163552,-0.1945042,-0.6700768,moving,-44.15212,6.378429,-3.851878,5.35291
4515,05/08/2023 17:09:08.473219,4756,True,True,True,True,Eyes,0.2813431,0.1004585,-1.960469,0.7026581,-0.07839949,-0.7071952,0.0,0.0,0.0,0.0,0.0,0.0,0.0,-1.552907,-0.2181287,-1.421843,0.06427903,0.1021631,-2.113331,0.09325983,0.9063959,-0.06900366,0.4061867,11.58673,132.3953,6.624081,0.1960771,0.05233632,-0.9791906,0.0,0.0,0.0,1.004418,-0.06216379,-2.679079,-0.06319803,0.08957499,0.9397861,-0.6526301,0.1130039,-0.7492025,0.2251174,0.9730822,-0.04932749,0.7234614,-0.2008511,-0.6605019,moving,-44.81562,6.325965,-3.847191,5.444655
4516,05/08/2023 17:09:08.493059,4757,True,True,True,True,Eyes,0.2723035,0.1007163,-1.967608,0.7110105,-0.07657693,-0.6989994,0.0,0.0,0.0,0.0,0.0,0.0,0.0,-1.580367,-0.2278077,-1.402361,0.05662844,0.104061,-2.121801,0.09612056,0.9037101,-0.07329225,0.4107275,12.20609,131.8313,6.669943,0.1906804,0.05217548,-0.9802644,0.0,0.0,0.0,1.005058,-0.05994801,-2.678999,-0.06443956,0.08922894,0.9436961,-0.6441275,0.113524,-0.756447,0.2339365,0.9707782,-0.05351119,0.7282673,-0.2114286,-0.6518623,moving,-45.48806,6.251947,-3.906335,5.401408
4517,05/08/2023 17:09:08.513214,4758,True,True,True,True,Eyes,0.2633366,0.1010231,-1.974806,0.7191957,-0.07449329,-0.6908027,0.0,0.0,0.0,0.0,0.0,0.0,0.0,-1.601471,-0.2105067,-1.395029,0.05016608,0.1068397,-2.131008,0.09705101,0.9024454,-0.06923055,0.4139813,11.84754,131.4335,6.915839,0.1853263,0.05202873,-0.9812985,0.0,0.0,0.0,1.005738,-0.05759693,-2.678914,-0.06856754,0.09505013,0.947612,-0.6384013,0.1178462,-0.7606287,0.2324868,0.9715765,-0.044599,0.7337531,-0.2053082,-0.6476533,moving,-46.1536,6.154755,-4.138609,5.727889
4518,05/08/2023 17:09:08.523353,4759,True,True,True,True,Eyes,0.2544576,0.1013451,-1.982074,0.7273907,-0.07206839,-0.6824287,0.0,0.0,0.0,0.0,0.0,0.0,0.0,-1.622486,-0.175079,-1.388783,0.04287542,0.108197,-2.139693,0.09982348,0.9011509,-0.0617697,0.4173088,11.22382,131.0437,7.519336,0.1800164,0.05189683,-0.9822935,0.0,0.0,0.0,1.00642,-0.05523618,-2.678828,-0.07647687,0.09630289,0.9505389,-0.631777,0.1283579,-0.7644486,0.2314661,0.9724396,-0.02801321,0.7397844,-0.1946421,-0.6440755,moving,-46.82666,6.028419,-4.5999,5.785124
4519,05/08/2023 17:09:08.543104,4760,True,True,True,True,Eyes,0.2456228,0.101662,-1.989391,0.7353744,-0.06967089,-0.6740701,0.0,0.0,0.0,0.0,0.0,0.0,0.0,-1.642199,-0.1381562,-1.383812,0.03585761,0.1087545,-2.14889,0.1033368,0.8998708,-0.05447725,0.4202219,10.65494,130.7028,8.201448,0.1747527,0.05177873,-0.9832498,0.0,0.0,0.0,1.007086,-0.05293387,-2.678745,-0.08587572,0.09879,0.9542418,-0.6254701,0.1401944,-0.7675498,0.2317645,0.9727075,-0.01119622,0.7450317,-0.1848937,-0.6408916,moving,-47.49054,5.901054,-5.142405,5.910617
4520,05/08/2023 17:09:08.563604,4761,True,True,True,True,Eyes,0.2368733,0.1019938,-1.996735,0.7432224,-0.06744005,-0.6656368,0.0,0.0,0.0,0.0,0.0,0.0,0.0,-1.662501,-0.115044,-1.374829,0.02802299,0.1089015,-2.157465,0.1064327,0.8983337,-0.05081116,0.4231867,10.44972,130.3459,8.668575,0.169535,0.05167253,-0.9841684,0.0,0.0,0.0,1.007765,-0.05058178,-2.678659,-0.08476922,0.09403232,0.9604403,-0.6191702,0.1482189,-0.7711417,0.2342293,0.9721806,-0.001208946,0.7495099,-0.1813725,-0.6366625,moving,-48.15208,5.785272,-5.0439,5.591746
4521,05/08/2023 17:09:08.573207,4762,True,True,True,True,Eyes,0.2281805,0.1023815,-2.004095,0.7508178,-0.06552552,-0.6572512,0.0,0.0,0.0,0.0,0.0,0.0,0.0,-1.680841,-0.1122497,-1.366327,0.02079119,0.1097072,-2.16615,0.1084606,0.8970457,-0.05161555,0.4253016,10.65297,130.0914,8.819751,0.1643653,0.05157758,-0.9850499,0.0,0.0,0.0,1.008464,-0.04816552,-2.678571,-0.08545351,0.1088637,0.9654844,-0.6147099,0.1506839,-0.7742262,0.2384926,0.9711443,-0.0003460685,0.7518333,-0.1848599,-0.632909,moving,-48.80173,5.693366,-5.05798,6.433245
4522,05/08/2023 17:09:08.593877,4763,True,True,True,True,Eyes,0.2195935,0.1028383,-2.011456,0.758409,-0.06363028,-0.6486655,0.0,0.0,0.0,0.0,0.0,0.0,0.0,-1.700763,-0.1113437,-1.354107,0.01341533,0.111481,-2.173934,0.1110411,0.8953531,-0.05307252,0.4280143,10.95813,129.7648,8.989854,0.1592446,0.05149532,-0.9858949,0.0,0.0,0.0,1.009124,-0.04588188,-2.678488,-0.08446783,0.1402231,0.9691458,-0.6089473,0.1534104,-0.7782342,0.2442736,0.9697064,1.709996e-05,0.7546614,-0.1900916,-0.6279742,moving,-49.45971,5.602455,-4.98114,8.232839
4523,05/08/2023 17:09:08.613632,4764,True,True,True,True,Eyes,0.2110784,0.103346,-2.018821,0.7658867,-0.06179603,-0.6399991,0.0,0.0,0.0,0.0,0.0,0.0,0.0,-1.724584,-0.1067574,-1.337478,0.006810838,0.1136876,-2.182078,0.1106889,0.8932837,-0.05226449,0.4325052,10.90149,129.1843,8.936934,0.1541755,0.05142775,-0.9867039,0.0,0.0,0.0,1.009794,-0.04356487,-2.678405,-0.08202156,0.1322351,0.9759771,-0.6013746,0.1525438,-0.7842699,0.2429624,0.9700328,0.002373001,0.7611295,-0.1891211,-0.6204155,moving,-50.1168,5.515179,-4.803876,7.716019
4524,05/08/2023 17:09:08.623391,4765,True,True,True,True,Eyes,0.2026518,0.103911,-2.026214,0.7734552,-0.05992552,-0.6310119,0.0,0.0,0.0,0.0,0.0,0.0,0.0,-1.75036,-0.1122526,-1.315785,-4.435889e-05,0.1154312,-2.189595,0.1086256,0.8908917,-0.05343413,0.4377869,10.97133,128.4879,8.597612,0.1491592,0.05137569,-0.9874774,0.0,0.0,0.0,1.010523,-0.0410432,-2.678313,-0.08502039,0.1354931,0.9826676,-0.5930863,0.1467618,-0.7916499,0.2403328,0.9706905,-9.831256e-05,0.7684327,-0.1903177,-0.6109748,moving,-50.79123,5.424958,-4.944916,7.850608
4525,05/08/2023 17:09:08.643144,4766,True,True,True,True,Eyes,0.1943231,0.1045131,-2.033619,0.7809838,-0.05789624,-0.621862,0.0,0.0,0.0,0.0,0.0,0.0,0.0,-1.777467,-0.1155592,-1.292375,-0.006244234,0.1172871,-2.197539,0.1056056,0.8882801,-0.0535357,0.4437793,10.88512,127.6899,8.20211,0.1441973,0.05134017,-0.988216,0.0,0.0,0.0,1.011161,-0.03883307,-2.678233,-0.09364617,0.1349328,0.9871358,-0.583815,0.1400986,-0.799708,0.2351307,0.9719628,-0.001378256,0.7770933,-0.1888405,-0.6003879,moving,-51.47128,5.318986,-5.419235,7.783593
4526,05/08/2023 17:09:08.663398,4767,True,True,True,True,Eyes,0.1860861,0.1051396,-2.04104,0.7886686,-0.05571469,-0.612289,0.0,0.0,0.0,0.0,0.0,0.0,0.0,-1.805197,-0.1091291,-1.267713,-0.0123083,0.1187342,-2.205333,0.1030733,0.8854066,-0.05149139,0.4503104,10.60352,126.825,7.961909,0.1392913,0.0513211,-0.9889205,0.0,0.0,0.0,1.011839,-0.03648969,-2.678148,-0.1071081,0.1135737,0.9934996,-0.5731925,0.1361494,-0.8080305,0.2288979,0.9734491,0.001648358,0.7868009,-0.1840116,-0.5891381,moving,-52.17575,5.19926,-6.153226,6.521559
4527,05/08/2023 17:09:08.673541,4768,True,True,True,True,Eyes,0.1779435,0.1057576,-2.048489,0.7963988,-0.05343931,-0.6024061,0.0,0.0,0.0,0.0,0.0,0.0,0.0,-1.836913,-0.09368148,-1.236981,-0.01842975,0.1198567,-2.213242,0.1017425,0.8816127,-0.04802323,0.4583681,10.25019,125.7686,7.90702,0.1344429,0.05131778,-0.9895914,0.0,0.0,0.0,1.012512,-0.03416088,-2.678063,-0.1164219,0.1019551,0.9996622,-0.5590943,0.1353704,-0.8179781,0.2234196,0.9746845,0.008595262,0.7984341,-0.1779468,-0.5751848,moving,-52.89568,5.069426,-6.642814,5.823436
4528,05/08/2023 17:09:08.693235,4769,True,True,True,True,Eyes,0.1698799,0.1063689,-2.056,0.8041314,-0.05134066,-0.5922304,0.0,0.0,0.0,0.0,0.0,0.0,0.0,-1.869623,-0.0774163,-1.203574,-0.02441937,0.1202252,-2.221491,0.101132,0.8773871,-0.04495921,0.4668437,9.980843,124.6581,7.907133,0.1296536,0.05132794,-0.9902298,0.0,0.0,0.0,1.013234,-0.03166189,-2.677973,-0.1249997,0.1110875,1.003716,-0.5436588,0.1354859,-0.8282987,0.2194416,0.975502,0.01553236,0.8101115,-0.1733189,-0.5600713,moving,-53.62893,4.954605,-7.098887,6.315577
4529,05/08/2023 17:09:08.713336,4770,True,True,True,True,Eyes,0.1618959,0.1069759,-2.06356,0.8118622,-0.04934795,-0.5817598,0.0,0.0,0.0,0.0,0.0,0.0,0.0,-1.902663,-0.06224665,-1.168589,-0.03044615,0.120581,-2.230277,0.1022575,0.8728083,-0.04317917,0.4752735,9.937554,123.559,8.021937,0.1249234,0.05134958,-0.9908365,0.0,0.0,0.0,1.013853,-0.02952185,-2.677895,-0.1321585,0.1201833,1.007325,-0.5273173,0.1374585,-0.8384759,0.2195462,0.9753579,0.02182628,0.8208144,-0.1725748,-0.5445016,moving,-54.37558,4.848525,-7.474377,6.803761
4530,05/08/2023 17:09:08.723698,4771,True,True,True,True,Eyes,0.1539796,0.1075884,-2.07115,0.8194808,-0.04758888,-0.5711274,0.0,0.0,0.0,0.0,0.0,0.0,0.0,-1.934387,-0.04580086,-1.133911,-0.03663201,0.1210784,-2.239129,0.1039555,0.8682462,-0.04136889,0.4833535,9.923389,122.5038,8.201837,0.1202529,0.05138102,-0.9914125,0.0,0.0,0.0,1.014552,-0.0271032,-2.677807,-0.1368203,0.1226072,1.012065,-0.5111256,0.1405264,-0.8479406,0.2205095,0.9749637,0.02865776,0.8307385,-0.1723313,-0.5293163,moving,-55.12589,4.763137,-7.699101,6.907469
4531,05/08/2023 17:09:08.743033,4772,True,True,True,True,Eyes,0.1461432,0.108201,-2.078801,0.8270513,-0.04585386,-0.5602531,0.0,0.0,0.0,0.0,0.0,0.0,0.0,-1.965478,-0.03234666,-1.097953,-0.04319904,0.1218765,-2.247872,0.1055699,0.8636237,-0.04026979,0.4913121,9.979244,121.4583,8.335456,0.1156419,0.0514213,-0.9919587,0.0,0.0,0.0,1.015203,-0.02485335,-2.677726,-0.1377303,0.1261581,1.016869,-0.494935,0.1427752,-0.85712,0.2219153,0.9744667,0.03417964,0.8401149,-0.1732914,-0.5139816,moving,-55.88588,4.678939,-7.713513,7.072276
4532,05/08/2023 17:09:08.764114,4773,True,True,True,True,Eyes,0.1383678,0.1088168,-2.086501,0.8344057,-0.04416003,-0.5493788,0.0,0.0,0.0,0.0,0.0,0.0,0.0,-1.994473,-0.01724582,-1.064756,-0.04920948,0.1224755,-2.257101,0.1063064,0.859349,-0.03817973,0.4987593,9.884465,120.4702,8.441686,0.1110907,0.05146921,-0.9924762,0.0,0.0,0.0,1.015889,-0.02247957,-2.677639,-0.1353874,0.1338042,1.021639,-0.4798765,0.1446236,-0.865334,0.2207936,0.9744825,0.0404232,0.849099,-0.171662,-0.4995632,moving,-56.63881,4.595655,-7.54884,7.461564
4533,05/08/2023 17:09:08.773696,4774,True,True,True,True,Eyes,0.1306595,0.1094115,-2.09426,0.8417492,-0.04236297,-0.5382042,0.0,0.0,0.0,0.0,0.0,0.0,0.0,-2.02464,0.001919776,-1.026978,-0.05565001,0.1231693,-2.266183,0.1077587,0.8544831,-0.03561405,0.5069302,9.794537,119.3839,8.64073,0.1065985,0.05152386,-0.9929659,0.0,0.0,0.0,1.016566,-0.02013536,-2.677554,-0.1308981,0.1356128,1.026546,-0.4628195,0.1480483,-0.8740022,0.2202637,0.9742393,0.04838908,0.8586513,-0.1701155,-0.4835068,moving,-57.40564,4.500569,-7.266747,7.525531
4534,05/08/2023 17:09:08.793549,4775,True,True,True,True,Eyes,0.1229994,0.1099585,-2.10209,0.8488168,-0.04056294,-0.5271287,0.0,0.0,0.0,0.0,0.0,0.0,0.0,-2.054054,0.01888964,-0.988688,-0.06184415,0.1232169,-2.27552,0.1071805,0.8497319,-0.03248276,0.5151824,9.534314,118.2686,8.671132,0.1021652,0.05158324,-0.9934287,0.0,0.0,0.0,1.017239,-0.01780642,-2.67747,-0.1267183,0.1334843,1.031828,-0.4461988,0.1486802,-0.8824968,0.2156184,0.9749144,0.05523169,0.8685708,-0.1656382,-0.4670638,moving,-58.15906,4.40028,-7.001413,7.371235
4535,05/08/2023 17:09:08.813251,4776,True,True,True,True,Eyes,0.1154009,0.110458,-2.109977,0.8558593,-0.03864914,-0.5157626,0.0,0.0,0.0,0.0,0.0,0.0,0.0,-2.0832,0.03034797,-0.9488451,-0.06836209,0.1225796,-2.285006,0.1060357,0.8449128,-0.03059264,0.5233954,9.363272,117.1501,8.577378,0.09778955,0.0516443,-0.9938658,0.0,0.0,0.0,1.017922,-0.01544483,-2.677384,-0.120729,0.138989,1.036658,-0.4296272,0.1471578,-0.8909348,0.211206,0.9756411,0.059301,0.877959,-0.1626934,-0.4502427,moving,-58.92576,4.285501,-6.642732,7.636341
4536,05/08/2023 17:09:08.823139,4777,True,True,True,True,Eyes,0.1078457,0.1108924,-2.117936,0.8626143,-0.0367045,-0.5045286,0.0,0.0,0.0,0.0,0.0,0.0,0.0,-2.111109,0.04357048,-0.9088666,-0.07457432,0.1218994,-2.294405,0.1046422,0.8400803,-0.02800474,0.5315366,9.107932,116.0339,8.505794,0.09347125,0.05170436,-0.9942782,0.0,0.0,0.0,1.018615,-0.0130495,-2.677297,-0.1140838,0.1437254,1.040863,-0.4130381,0.1460446,-0.8989277,0.2055868,0.9765315,0.06418987,0.8872058,-0.1582948,-0.4333695,moving,-59.67735,4.160943,-6.254941,7.861854
4537,05/08/2023 17:09:08.843210,4778,True,True,True,True,Eyes,0.1002726,0.1112934,-2.125932,0.869352,-0.03478497,-0.4929675,0.0,0.0,0.0,0.0,0.0,0.0,0.0,-2.138746,0.0567623,-0.8663144,-0.08209691,0.1215537,-2.303571,0.1037676,0.8350593,-0.02572557,0.5396726,8.914815,114.9149,8.471477,0.08920918,0.05176016,-0.9946667,0.0,0.0,0.0,1.019324,-0.0105938,-2.677208,-0.1061971,0.1426401,1.045755,-0.3959716,0.1455375,-0.9066561,0.2010709,0.977141,0.06903632,0.8959782,-0.1549658,-0.4161833,moving,-60.44452,4.036238,-5.798548,7.767162
4538,05/08/2023 17:09:08.863312,4779,True,True,True,True,Eyes,0.09266773,0.1116392,-2.133986,0.8757513,-0.03290702,-0.4816397,0.0,0.0,0.0,0.0,0.0,0.0,0.0,-2.168073,0.06064152,-0.8159795,-0.0905436,0.1207876,-2.312413,0.1021106,0.8293145,-0.02562561,0.5487751,8.892145,113.6532,8.218961,0.08499938,0.05181041,-0.9950327,0.0,0.0,0.0,1.019955,-0.008411011,-2.677129,-0.09748104,0.1379267,1.051171,-0.3768386,0.1412383,-0.9154477,0.1974891,0.9778335,0.06956819,0.9049811,-0.1545749,-0.3963785,moving,-61.19039,3.908539,-5.298211,7.475218
4539,05/08/2023 17:09:08.873283,4780,True,True,True,True,Eyes,0.08508398,0.111894,-2.142098,0.8821111,-0.03089597,-0.4700271,0.0,0.0,0.0,0.0,0.0,0.0,0.0,-2.194705,0.07345536,-0.7704506,-0.09746402,0.1192874,-2.322066,0.1012769,0.8238385,-0.02372014,0.5571986,8.739712,112.4808,8.16868,0.08083753,0.05185289,-0.9953772,0.0,0.0,0.0,1.020639,-0.006044105,-2.677043,-0.09300017,0.1453253,1.054908,-0.3585452,0.1404381,-0.922888,0.1933054,0.9783607,0.07377963,0.9132788,-0.1519459,-0.377934,moving,-61.94937,3.760775,-5.038141,7.843759
4540,05/08/2023 17:09:08.892973,4781,True,True,True,True,Eyes,0.07751469,0.1120522,-2.150288,0.8881038,-0.02883092,-0.4587377,0.0,0.0,0.0,0.0,0.0,0.0,0.0,-2.21895,0.09092265,-0.7277813,-0.1046365,0.1173077,-2.331729,0.1002175,0.8187617,-0.02038659,0.5649514,8.431075,111.3935,8.199187,0.07672232,0.05188394,-0.9957013,0.0,0.0,0.0,1.021298,-0.003766578,-2.67696,-0.09220183,0.1577843,1.057605,-0.3415727,0.1410736,-0.9292073,0.1871434,0.9790817,0.07985251,0.9210349,-0.1466196,-0.3608287,moving,-62.68201,3.596217,-4.982441,8.485383
4541,05/08/2023 17:09:08.913216,4782,True,True,True,True,Eyes,0.06994883,0.1121029,-2.158521,0.8940746,-0.02666951,-0.4471235,0.0,0.0,0.0,0.0,0.0,0.0,0.0,-2.241549,0.1080806,-0.686276,-0.1117419,0.1150427,-2.341256,0.09965777,0.8138031,-0.01748798,0.572265,8.193974,110.363,8.259379,0.07265242,0.05190004,-0.9960056,0.0,0.0,0.0,1.021977,-0.001417924,-2.676875,-0.09260309,0.1610091,1.061297,-0.3251625,0.1421881,-0.9349075,0.1822191,0.979525,0.08559777,0.9279363,-0.1425248,-0.3444142,moving,-63.43053,3.413469,-4.986692,8.626548
4542,05/08/2023 17:09:08.923446,4783,True,True,True,True,Eyes,0.06237483,0.1120363,-2.16685,0.899726,-0.02445052,-0.4357697,0.0,0.0,0.0,0.0,0.0,0.0,0.0,-2.263983,0.1307646,-0.6401587,-0.1193328,0.1124565,-2.350667,0.09955369,0.8082581,-0.01360243,0.5801923,7.903734,109.2393,8.426358,0.06862619,0.05189764,-0.9962912,0.0,0.0,0.0,1.022687,0.001040748,-2.676786,-0.09269324,0.1650405,1.065292,-0.3069322,0.1451461,-0.9405984,0.1767142,0.979808,0.09353203,0.9351817,-0.1375091,-0.3263841,moving,-64.15742,3.211431,-4.972897,8.80654
4543,05/08/2023 17:09:08.943498,4784,True,True,True,True,Eyes,0.05478015,0.1118785,-2.175233,0.9053333,-0.02239803,-0.4241107,0.0,0.0,0.0,0.0,0.0,0.0,0.0,-2.286224,0.1493152,-0.5924082,-0.1269505,0.1094203,-2.360502,0.09880394,0.8025814,-0.01042185,0.5882111,7.6409,108.0927,8.490583,0.06464107,0.05187303,-0.996559,0.0,0.0,0.0,1.023369,0.003398779,-2.6767,-0.09588787,0.1673308,1.068495,-0.2884913,0.1463359,-0.9462341,0.1708569,0.9802583,0.09950638,0.9421152,-0.1329639,-0.3077984,moving,-64.89888,3.023082,-5.128048,8.900468
4544,05/08/2023 17:09:08.963612,4785,True,True,True,True,Eyes,0.04715672,0.1116861,-2.183766,0.9100272,-0.02020772,-0.4140558,0.0,0.0,0.0,0.0,0.0,0.0,0.0,-2.307565,0.1645929,-0.5442019,-0.1351635,0.1070821,-2.37031,0.1001172,0.7967632,-0.009640928,0.5958625,7.739842,107.0001,8.59281,0.06069475,0.05182424,-0.9968096,0.0,0.0,0.0,1.024002,0.005588643,-2.676621,-0.1007352,0.164663,1.072349,-0.2698492,0.1480501,-0.951453,0.1710288,0.9797672,0.1039491,0.9475921,-0.1346752,-0.2897102,moving,-65.53481,2.794065,-5.366549,8.729783
4545,05/08/2023 17:09:08.973295,4786,True,True,True,True,Eyes,0.03953832,0.1114353,-2.192379,0.9147471,-0.01786279,-0.4036318,0.0,0.0,0.0,0.0,0.0,0.0,0.0,-2.327567,0.1875986,-0.4959364,-0.1431543,0.1059035,-2.380547,0.1008375,0.7909362,-0.005909985,0.603504,7.53088,105.894,8.841668,0.05678465,0.05175189,-0.9970437,0.0,0.0,0.0,1.02474,0.008143268,-2.676528,-0.1046222,0.1604958,1.076103,-0.2512299,0.1523787,-0.9558581,0.1666455,0.9795937,0.1123629,0.9534743,-0.1310606,-0.2714965,moving,-66.19055,2.533981,-5.553023,8.482866
4546,05/08/2023 17:09:08.993366,4787,True,True,True,True,Eyes,0.03189355,0.111136,-2.201,0.9192959,-0.01531093,-0.3932692,0.0,0.0,0.0,0.0,0.0,0.0,0.0,-2.346748,0.2102846,-0.4473879,-0.1508049,0.1041738,-2.391235,0.1003164,0.7851442,-0.001285895,0.611133,7.159534,104.7746,9.04322,0.05290999,0.05165566,-0.9972619,0.0,0.0,0.0,1.025376,0.01034238,-2.676448,-0.1042117,0.156864,1.080045,-0.232906,0.1559539,-0.959913,0.1590973,0.9798699,0.120594,0.959397,-0.1246325,-0.2530295,moving,-66.83906,2.229538,-5.511312,8.263763
4547,05/08/2023 17:09:09.013292,4788,True,True,True,True,Eyes,0.024184,0.110824,-2.209706,0.9238397,-0.01277,-0.3825665,0.0,0.0,0.0,0.0,0.0,0.0,0.0,-2.365506,0.2261245,-0.3981221,-0.1595874,0.1028928,-2.401915,0.100798,0.779353,0.0006772447,0.6184241,7.100847,103.7048,9.15889,0.04906866,0.0515359,-0.9974645,0.0,0.0,0.0,1.026039,0.01263737,-2.676365,-0.1015899,0.1531311,1.083666,-0.2147828,0.157952,-0.9638047,0.1562767,0.9796786,0.1257274,0.9640777,-0.1236162,-0.2351024,moving,-67.50532,1.911813,-5.355625,8.04312
4548,05/08/2023 17:09:09.023707,4789,True,True,True,True,Eyes,0.01643292,0.1104813,-2.218428,0.9281325,-0.009886025,-0.3721185,0.0,0.0,0.0,0.0,0.0,0.0,0.0,-2.384118,0.2382721,-0.346266,-0.1689649,0.102253,-2.412817,0.1002634,0.7734294,0.00267894,0.625897,6.970897,102.5977,9.185231,0.04525723,0.05139439,-0.997652,0.0,0.0,0.0,1.026749,0.01509336,-2.676276,-0.1003454,0.1524909,1.086445,-0.1964003,0.1584468,-0.9676372,0.1517398,0.9798802,0.1296531,0.9687116,-0.1213652,-0.2164914,moving,-68.15254,1.521811,-5.276939,7.98971
4549,05/08/2023 17:09:09.043143,4790,True,True,True,True,Eyes,0.008648442,0.1101246,-2.227254,0.9323248,-0.006845042,-0.3615572,0.0,0.0,0.0,0.0,0.0,0.0,0.0,-2.402236,0.2417946,-0.2981758,-0.1781705,0.1014314,-2.424062,0.09690876,0.7682974,0.005008966,0.6326949,6.599623,101.5764,8.991237,0.0414734,0.0512321,-0.9978247,0.0,0.0,0.0,1.027394,0.01732253,-2.676195,-0.1005203,0.1540823,1.088423,-0.1806119,0.1552478,-0.9712247,0.1425712,0.9811672,0.1303241,0.9731664,-0.1149306,-0.1993443,moving,-68.80362,1.084601,-5.276534,8.057522
4550,05/08/2023 17:09:09.064030,4791,True,True,True,True,Eyes,0.0008565723,0.1098471,-2.236155,0.9361939,-0.003777782,-0.3514637,0.0,0.0,0.0,0.0,0.0,0.0,0.0,-2.418834,0.24198,-0.2597249,-0.1867999,0.1006889,-2.435515,0.09339017,0.7643902,0.006898182,0.6379172,6.234881,100.7856,8.770435,0.03771575,0.05105045,-0.9979832,0.0,0.0,0.0,1.028154,0.01995096,-2.6761,-0.1017885,0.1555481,1.090258,-0.16868,0.151574,-0.9739469,0.1339721,0.9824614,0.1296962,0.9765238,-0.1086046,-0.1860283,moving,-69.42298,0.6158321,-5.333776,8.119643
4551,05/08/2023 17:09:09.074702,4792,True,True,True,True,Eyes,-0.006972722,0.1097266,-2.245173,0.9400151,-0.0006051325,-0.3411323,0.0,0.0,0.0,0.0,0.0,0.0,0.0,-2.432732,0.2568785,-0.2305646,-0.1949765,0.1024238,-2.447207,0.0940626,0.76122,0.009836185,0.6415603,6.068573,100.2301,9.015626,0.03398401,0.05085497,-0.9981272,0.0,0.0,0.0,1.028729,0.02194239,-2.676027,-0.1036263,0.1567152,1.091678,-0.1591052,0.1558257,-0.9748866,0.1305836,0.982111,0.1356687,0.9785874,-0.1057186,-0.1766072,moving,-70.05412,0.1016365,-5.422492,8.16925
4552,05/08/2023 17:09:09.099304,4793,True,True,True,True,Eyes,-0.01488391,0.1096406,-2.254313,0.9436055,0.002543261,-0.3310622,0.0,0.0,0.0,0.0,0.0,0.0,0.0,-2.445619,0.2885529,-0.1896329,-0.2037399,0.1060015,-2.459172,0.09607713,0.7563921,0.01657164,0.646812,5.694162,99.41164,9.648797,0.03027671,0.05065396,-0.9982567,0.0,0.0,0.0,1.029398,0.02425693,-2.675943,-0.1057976,0.1607973,1.092717,-0.1448074,0.1667814,-0.9753026,0.1239065,0.9809892,0.149357,0.9816712,-0.09921835,-0.1627197,moving,-70.66667,-0.4401446,-5.530178,8.371202
4553,05/08/2023 17:09:09.113273,4794,True,True,True,True,Eyes,-0.02286242,0.109656,-2.263586,0.9469854,0.004705887,-0.321242,0.0,0.0,0.0,0.0,0.0,0.0,0.0,-2.460589,0.3047221,-0.1393187,-0.2137324,0.1067791,-2.471776,0.09582803,0.7507501,0.02016766,0.6532876,5.446991,98.41127,9.846463,0.02659059,0.05044937,-0.9983721,0.0,0.0,0.0,1.030092,0.02665728,-2.675856,-0.1078933,0.1644562,1.093553,-0.1280648,0.1702363,-0.9770461,0.1175352,0.9808205,0.1554882,0.9847765,-0.09492476,-0.1456173,moving,-71.26173,-0.8392681,-5.63474,8.552449
4554,05/08/2023 17:09:09.123301,4795,True,True,True,True,Eyes,-0.2235751,0.1152812,-2.499083,0.9958423,0.04519926,-0.07908808,0.0,0.0,0.0,0.0,0.0,0.0,0.0,-2.47702,0.2889538,-0.1199698,-0.2233476,0.1094317,-2.484281,0.100747,0.7488366,0.010088,0.6549748,6.711208,98.20938,9.510776,0.02292394,0.0502459,-0.9984733,0.0,0.0,0.0,1.030812,0.02914677,-2.675766,-0.1124618,0.1685915,1.093911,-0.1217163,0.1641009,-0.9789056,0.1376714,0.9794966,0.147082,0.982971,-0.116865,-0.1418127,moving,-85.4592,-29.7482,-5.869789,8.761382
4555,05/08/2023 17:09:09.143136,4796,True,True,True,True,Eyes,-0.2238596,0.1154403,-2.499566,0.9958264,0.04622494,-0.07869517,0.0,0.0,0.0,0.0,0.0,0.0,0.0,-2.489437,0.3064982,-0.09406471,-0.2325161,0.1146354,-2.496574,0.1056061,0.7458577,0.01028739,0.6576001,7.096872,97.8138,9.926512,0.004108535,0.04962074,-0.9987592,-0.6021382,0.01687574,-0.7064917,1.031429,0.03128342,-2.675689,-0.115807,0.1722641,1.094413,-0.1128193,0.1710643,-0.9787794,0.1440043,0.9774831,0.154239,0.983125,-0.1235473,-0.134913,moving,-85.4816,-30.42965,-6.040362,8.945148
4556,05/08/2023 17:09:09.163150,4797,True,True,True,True,Eyes,-0.2244482,0.1156683,-2.500505,0.9957954,0.04742271,-0.07837598,0.0,0.0,0.0,0.0,0.0,0.0,0.0,-2.502491,0.3132132,-0.06772375,-0.2396313,0.118374,-2.508728,0.0975362,0.7439374,0.02081067,0.6607654,5.620179,97.26857,9.988898,-0.01128928,0.0490938,-0.9987299,-0.5660099,0.0158632,-0.6641022,1.03214,0.03374255,-2.675599,-0.1221961,0.1734911,1.09461,-0.1077518,0.1726236,-0.9790766,0.1176197,0.9801072,0.1598608,0.9871957,-0.09793342,-0.1259123,moving,-85.4997,-31.17674,-6.369805,9.006224
4557,05/08/2023 17:09:09.173765,4798,True,True,True,True,Eyes,-0.2252841,0.1160631,-2.501886,0.9957741,0.04879865,-0.07779837,0.0,0.0,0.0,0.0,0.0,0.0,0.0,-2.517313,0.3046887,-0.0403266,-0.2475961,0.1202722,-2.521024,0.09374513,0.7415944,0.02184463,0.6639069,5.28307,96.77682,9.715978,-0.02387558,0.04865545,-0.9985297,-0.5320494,0.01491141,-0.6242561,1.032839,0.03616125,-2.675511,-0.129201,0.1750124,1.094605,-0.100879,0.1680473,-0.9806036,0.1100361,0.9814693,0.1568758,0.9887949,-0.09207635,-0.117501,moving,-85.53265,-32.09779,-6.731722,9.083925
4558,05/08/2023 17:09:09.193499,4799,True,True,True,True,Eyes,-0.2263414,0.1165149,-2.50368,0.9957334,0.05074989,-0.07706668,0.0,0.0,0.0,0.0,0.0,0.0,0.0,-2.531523,0.2964197,-0.01672101,-0.2543726,0.1246424,-2.533083,0.0906136,0.7395501,0.02312194,0.6665735,4.968129,96.35603,9.524726,-0.03415724,0.04829984,-0.9982482,-0.5001264,0.01401672,-0.5868007,1.033511,0.03848411,-2.675427,-0.137657,0.1773131,1.094224,-0.09493791,0.1648515,-0.9817386,0.1032017,0.9825091,0.1550009,0.9901193,-0.08660157,-0.1102903,moving,-85.57431,-33.36567,-7.170331,9.20446
4559,05/08/2023 17:09:09.213209,4800,True,True,True,True,Eyes,-0.2276681,0.1169194,-2.505821,0.9957088,0.05238325,-0.07628951,0.0,0.0,0.0,0.0,0.0,0.0,0.0,-2.5457,0.2779553,0.01623297,-0.2607431,0.1262331,-2.544443,0.08069497,0.7367669,0.02821236,0.6707213,3.823077,95.6755,9.038703,-0.04255663,0.0480173,-0.997939,-0.4701188,0.01317572,-0.5515926,1.034167,0.04075523,-2.675345,-0.1451369,0.1832841,1.093315,-0.08724291,0.156752,-0.9837773,0.08106152,0.9853848,0.1498195,0.9928836,-0.0666758,-0.09867439,moving,-85.61865,-34.47496,-7.561764,9.516608
4560,05/08/2023 17:09:09.223426,4801,True,True,True,True,Eyes,-0.2292297,0.1173084,-2.508302,0.9957435,0.05303371,-0.07538168,0.0,0.0,0.0,0.0,0.0,0.0,0.0,-2.560387,0.242506,0.03509259,-0.2685467,0.1255625,-2.554943,0.07718772,0.7356311,0.02079637,0.672649,4.200309,95.42113,8.15907,-0.04942705,0.04779517,-0.997633,-0.4419117,0.01238518,-0.5184971,1.034891,0.04325996,-2.675254,-0.1512835,0.1844207,1.093075,-0.08317109,0.1415407,-0.9864326,0.08558606,0.9872192,0.1344374,0.9928534,-0.07324358,-0.09422193,moving,-85.67075,-35.12776,-7.879777,9.576601
4561,05/08/2023 17:09:09.243178,4802,True,True,True,True,Eyes,-0.2310008,0.1177526,-2.511078,0.9958102,0.05347796,-0.07417692,0.0,0.0,0.0,0.0,0.0,0.0,0.0,-2.571436,0.2361156,0.06212187,-0.2757385,0.1256914,-2.565163,0.08060332,0.7327253,0.01422804,0.6755846,5.051908,94.99706,7.925204,-0.05506011,0.04762332,-0.9973463,-0.415397,0.01164207,-0.4873873,1.03551,0.04539979,-2.675176,-0.1584078,0.1814828,1.092955,-0.0741774,0.1373446,-0.9877421,0.09889566,0.9866014,0.1297592,0.9923293,-0.08805821,-0.08676625,moving,-85.73996,-35.78978,-8.246757,9.427821
4562,05/08/2023 17:09:09.263649,4803,True,True,True,True,Eyes,-0.2329494,0.1182601,-2.514168,0.995937,0.05335188,-0.07254614,0.0,0.0,0.0,0.0,0.0,0.0,0.0,-2.580779,0.2419772,0.08983445,-0.2825633,0.127497,-2.575061,0.08255052,0.7297207,0.01337605,0.6786121,5.308483,94.52834,8.003239,-0.05969629,0.04749563,-0.9970856,-0.3904732,0.01094354,-0.458144,1.036198,0.04778047,-2.67509,-0.1684123,0.1845641,1.091647,-0.06534213,0.1386319,-0.9881862,0.1023233,0.986013,0.1315611,0.992603,-0.09251801,-0.07861347,moving,-85.83382,-36.33151,-8.770082,9.596211
4563,05/08/2023 17:09:09.273458,4804,True,True,True,True,Eyes,-0.2350285,0.1188509,-2.517568,0.9960882,0.05344243,-0.07037172,0.0,0.0,0.0,0.0,0.0,0.0,0.0,-2.58804,0.2674094,0.1275444,-0.2888118,0.129549,-2.585639,0.08668778,0.725044,0.01563177,0.6830462,5.494838,93.82525,8.495877,-0.0635324,0.04740719,-0.9968528,-0.3670448,0.01028693,-0.4306554,1.036885,0.05015889,-2.675004,-0.1779539,0.1834746,1.090488,-0.05186632,0.1470594,-0.9877669,0.1043505,0.9844818,0.141091,0.9931873,-0.09575608,-0.06640719,moving,-85.95888,-37.21414,-9.268251,9.550566
4564,05/08/2023 17:09:09.293574,4805,True,True,True,True,Eyes,-0.2372111,0.1194782,-2.521268,0.9962549,0.05360763,-0.06783985,0.0,0.0,0.0,0.0,0.0,0.0,0.0,-2.595029,0.2895643,0.1683409,-0.2940598,0.1320727,-2.596622,0.08749658,0.7200962,0.02093407,0.6880172,5.177944,93.01532,8.943027,-0.06672863,0.04735464,-0.9966465,-0.3450221,0.009669715,-0.4048161,1.037545,0.05244111,-2.674921,-0.1873248,0.1814542,1.08939,-0.03795363,0.1548179,-0.9872139,0.0972059,0.9838122,0.1505474,0.9945405,-0.09024921,-0.05238841,moving,-86.10447,-38.31609,-9.756811,9.456653
4565,05/08/2023 17:09:09.313498,4806,True,True,True,True,Eyes,-0.2395065,0.1200926,-2.52522,0.9964221,0.05391247,-0.06508777,0.0,0.0,0.0,0.0,0.0,0.0,0.0,-2.604208,0.2890902,0.2024329,-0.2987784,0.1335233,-2.607557,0.08427048,0.7164024,0.02416725,0.6921575,4.705257,92.33862,8.900538,-0.06941529,0.04733344,-0.996464,-0.3243208,0.009089531,-0.3805271,1.038221,0.05477883,-2.674836,-0.1952955,0.1789084,1.0882,-0.02763294,0.1541982,-0.9876535,0.08728807,0.9846288,0.1512838,0.9957998,-0.08202995,-0.04066783,moving,-86.26266,-39.63509,-10.17436,9.33634
4566,05/08/2023 17:09:09.323033,4807,True,True,True,True,Eyes,-0.2418983,0.1207152,-2.529414,0.9966065,0.05393988,-0.06217601,0.0,0.0,0.0,0.0,0.0,0.0,0.0,-2.613911,0.2773575,0.229738,-0.3037951,0.1338091,-2.61764,0.08102551,0.7137086,0.02388899,0.6953303,4.506916,91.83316,8.588709,-0.07190747,0.04733061,-0.9962873,-0.3048615,0.008544159,-0.3576955,1.038889,0.05708839,-2.674752,-0.2031094,0.1836082,1.086048,-0.01990147,0.1488787,-0.9886552,0.08243574,0.9857284,0.1467785,0.9963977,-0.07857942,-0.03189041,moving,-86.43008,-40.94279,-10.59292,9.595743
4567,05/08/2023 17:09:09.343322,4808,True,True,True,True,Eyes,-0.2443821,0.1213759,-2.53383,0.9968039,0.05392448,-0.0589423,0.0,0.0,0.0,0.0,0.0,0.0,0.0,-2.622373,0.2715681,0.2568324,-0.3085523,0.1346524,-2.627397,0.08022451,0.7108096,0.02261628,0.6984285,4.583417,91.34357,8.401425,-0.07422784,0.04734413,-0.9961165,-0.2865698,0.00803151,-0.3362338,1.039581,0.05948355,-2.674665,-0.2101383,0.1914423,1.082802,-0.0115234,0.1456404,-0.9892704,0.082457,0.986105,0.1442139,0.996528,-0.07991042,-0.02337242,moving,-86.61597,-42.45443,-10.98281,10.02643
4568,05/08/2023 17:09:09.364019,4809,True,True,True,True,Eyes,-0.2469167,0.1220579,-2.53852,0.9970213,0.05358385,-0.05547445,0.0,0.0,0.0,0.0,0.0,0.0,0.0,-2.629366,0.2710977,0.2909412,-0.3132716,0.136239,-2.637233,0.08009138,0.7069032,0.02227672,0.7024082,4.647123,90.70438,8.337572,-0.07639575,0.0473734,-0.9959512,-0.2693757,0.007549619,-0.3160597,1.04027,0.06186611,-2.674579,-0.2155244,0.1958139,1.080927,-0.000416575,0.1445284,-0.9895007,0.08193897,0.9861782,0.1440087,0.9966374,-0.08101869,-0.01225328,moving,-86.81534,-44.00684,-11.27624,10.26798
4569,05/08/2023 17:09:09.373249,4810,True,True,True,True,Eyes,-0.2495155,0.122747,-2.543441,0.9972383,0.05305506,-0.05197117,0.0,0.0,0.0,0.0,0.0,0.0,0.0,-2.637726,0.2660615,0.3199403,-0.3170903,0.1374002,-2.64789,0.07903042,0.7036497,0.02163938,0.7058067,4.652217,90.15736,8.177168,-0.07842756,0.04741712,-0.9957911,-0.2532131,0.007096642,-0.2970962,1.040956,0.06423917,-2.674493,-0.2152512,0.1939839,1.081625,0.008817744,0.1417659,-0.9898609,0.08067302,0.9865718,0.1420135,0.9967015,-0.08110731,-0.002737378,moving,-87.01672,-45.59128,-11.25523,10.16762
4570,05/08/2023 17:09:09.393455,4811,True,True,True,True,Eyes,-0.2521537,0.1234517,-2.548604,0.9974517,0.05214351,-0.04869413,0.0,0.0,0.0,0.0,0.0,0.0,0.0,-2.647298,0.2591981,0.337544,-0.3212481,0.1383202,-2.658378,0.07942913,0.7018867,0.01862424,0.7076011,4.948719,89.87967,7.953731,-0.08033788,0.04747361,-0.9956361,-0.2380203,0.006670844,-0.2792704,1.041618,0.06652905,-2.674409,-0.2214324,0.2149353,1.078154,0.01401653,0.1378576,-0.9903529,0.08514343,0.9866883,0.1385525,0.9962701,-0.08626407,0.002092238,moving,-87.20512,-46.95916,-11.60608,11.27439
4571,05/08/2023 17:09:09.413214,4812,True,True,True,True,Eyes,-0.2548587,0.1241702,-2.553943,0.997654,0.05109036,-0.04556811,0.0,0.0,0.0,0.0,0.0,0.0,0.0,-2.65838,0.2470108,0.3442533,-0.3248641,0.1394072,-2.668621,0.07886758,0.7016065,0.01541588,0.708019,5.166352,89.82415,7.645178,-0.08213966,0.04754172,-0.9954859,-0.2237391,0.006270593,-0.2625141,1.04228,0.06882165,-2.674326,-0.2230622,0.2147582,1.07815,0.01502155,0.1324975,-0.9910696,0.08883854,0.9870845,0.1333112,0.9959328,-0.09004772,0.003056635,moving,-87.38482,-48.26984,-11.6892,11.26538
4572,05/08/2023 17:09:09.423726,4813,True,True,True,True,Eyes,-0.2575819,0.1249218,-2.559492,0.9978353,0.04996283,-0.04275889,0.0,0.0,0.0,0.0,0.0,0.0,0.0,-2.668418,0.2421394,0.3486149,-0.3291759,0.1405107,-2.678156,0.0795419,0.7016042,0.01289294,0.7079961,5.4248,89.83601,7.495853,-0.0838448,0.04762039,-0.9953399,-0.2103148,0.005894357,-0.2467633,1.043,0.07131025,-2.674236,-0.2274313,0.2028208,1.080799,0.01517078,0.1298701,-0.9914149,0.09335755,0.9870137,0.1307222,0.995517,-0.09453921,0.002849377,moving,-87.54629,-49.44262,-11.88331,10.62841
4573,05/08/2023 17:09:09.443207,4814,True,True,True,True,Eyes,-0.2603162,0.1256932,-2.565198,0.9979994,0.04900408,-0.03994777,0.0,0.0,0.0,0.0,0.0,0.0,0.0,-2.677258,0.2406989,0.3596625,-0.3323682,0.1419842,-2.68782,0.07931787,0.7006107,0.01262576,0.7090091,5.438812,89.67155,7.448157,-0.08546261,0.04770939,-0.9951981,-0.1976959,0.005540696,-0.2319575,1.043661,0.07359795,-2.674153,-0.2264597,0.2143817,1.081062,0.01797053,0.1290454,-0.9914758,0.09323832,0.9870985,0.1301657,0.9954816,-0.09478269,0.005706659,moving,-87.7078,-50.81333,-11.83118,11.2166
4574,05/08/2023 17:09:09.463415,4815,True,True,True,True,Eyes,-0.2630356,0.126463,-2.571072,0.9981464,0.04813214,-0.03724179,0.0,0.0,0.0,0.0,0.0,0.0,0.0,-2.686469,0.231787,0.3711684,-0.33538,0.1432175,-2.697334,0.07708309,0.699711,0.01266518,0.7101427,5.264639,89.48642,7.261212,-0.08700123,0.04780808,-0.9950601,-0.1858341,0.005208254,-0.21804,1.044308,0.0758355,-2.674072,-0.2236809,0.2176661,1.082969,0.02048842,0.1258599,-0.9918365,0.0898836,0.9877956,0.1272039,0.9957416,-0.09175605,0.008925669,moving,-87.86324,-52.26942,-11.67,11.36447
4575,05/08/2023 17:09:09.473586,4816,True,True,True,True,Eyes,-0.2657218,0.1272193,-2.577079,0.9982716,0.04756723,-0.03451516,0.0,0.0,0.0,0.0,0.0,0.0,0.0,-2.6956,0.2259442,0.3814518,-0.3377837,0.1439333,-2.707027,0.07486109,0.6988667,0.01350749,0.7111953,5.025657,89.31195,7.141876,-0.08846699,0.04791503,-0.9949258,-0.1746841,0.004895759,-0.2049576,1.045016,0.07828697,-2.673983,-0.2227151,0.2252031,1.084632,0.02280569,0.1238488,-0.9920391,0.08542293,0.9884267,0.1253616,0.9960838,-0.08760184,0.01196228,moving,-88.0198,-54.03506,-11.60365,11.72971
4576,05/08/2023 17:09:09.493450,4817,True,True,True,True,Eyes,-0.268357,0.1279391,-2.583218,0.9983891,0.04708301,-0.03165906,0.0,0.0,0.0,0.0,0.0,0.0,0.0,-2.70411,0.2201541,0.3919661,-0.3396855,0.1443107,-2.716266,0.07182121,0.6979639,0.01539139,0.7123563,4.636811,89.11606,7.041412,-0.08986516,0.04802857,-0.994795,-0.164203,0.004602014,-0.1926602,1.045659,0.08051196,-2.673902,-0.2221002,0.2380531,1.085152,0.02521931,0.1221855,-0.9921869,0.0783289,0.9892097,0.1238098,0.9966086,-0.08083931,0.01537653,moving,-88.18375,-56.08275,-11.56709,12.37315
4577,05/08/2023 17:09:09.513572,4818,True,True,True,True,Eyes,-0.2709283,0.1286099,-2.589481,0.998495,0.04679595,-0.02859843,0.0,0.0,0.0,0.0,0.0,0.0,0.0,-2.711243,0.2193893,0.4081998,-0.3411298,0.1441491,-2.725518,0.06988413,0.6961507,0.01715996,0.7142801,4.355341,88.79432,7.017159,-0.09119962,0.04814631,-0.9946678,-0.1543508,0.004325893,-0.1811006,1.046335,0.08284835,-2.673817,-0.2259065,0.2324954,1.08742,0.03015944,0.1218138,-0.9920948,0.07278575,0.9896435,0.1237255,0.9968916,-0.07594186,0.02098082,moving,-88.35941,-58.56963,-11.736,12.0684
4578,05/08/2023 17:09:09.523483,4819,True,True,True,True,Eyes,-0.2734248,0.1292074,-2.595873,0.9986109,0.04628123,-0.02518756,0.0,0.0,0.0,0.0,0.0,0.0,0.0,-2.7172,0.2194764,0.4307427,-0.3422043,0.1436051,-2.734805,0.0681024,0.6934451,0.01884687,0.7170362,4.101596,88.33438,6.995433,-0.09247304,0.04826565,-0.9945444,-0.1450898,0.004066339,-0.1702345,1.047041,0.08529039,-2.673729,-0.229106,0.2251149,1.091283,0.03755756,0.1214783,-0.9918833,0.06742276,0.9900137,0.1238023,0.9970174,-0.07152521,0.02899208,moving,-88.55516,-61.44371,-11.85659,11.65574
4579,05/08/2023 17:09:09.543198,4820,True,True,True,True,Eyes,-0.275836,0.1297738,-2.602391,0.9987255,0.04561589,-0.02160163,0.0,0.0,0.0,0.0,0.0,0.0,0.0,-2.722662,0.2237359,0.4542646,-0.3429493,0.1423149,-2.744345,0.06830142,0.6904489,0.01893109,0.7199007,4.140277,87.86077,7.00133,-0.09368807,0.04838333,-0.9944249,-0.1363844,0.003822359,-0.1600205,1.047689,0.08753511,-2.673647,-0.2330678,0.2197418,1.094083,0.04584405,0.1215743,-0.9915231,0.06706026,0.989953,0.1244824,0.9966951,-0.07219858,0.03723067,moving,-88.76093,-64.65987,-12.02572,11.35651
4580,05/08/2023 17:09:09.563215,4821,True,True,True,True,Eyes,-0.2781537,0.1303098,-2.609021,0.9988414,0.04474341,-0.01771681,0.0,0.0,0.0,0.0,0.0,0.0,0.0,-2.728088,0.2300661,0.4765697,-0.3433573,0.1421692,-2.75398,0.07000265,0.68749,0.01795848,0.7225889,4.385904,87.41817,7.040122,-0.09484654,0.04849808,-0.9943095,-0.1282013,0.003593017,-0.1504192,1.048373,0.08989891,-2.673561,-0.2366033,0.2211458,1.096788,0.05407004,0.1222054,-0.991031,0.07029904,0.9895542,0.1258588,0.9960595,-0.07647373,0.04491432,moving,-88.98383,-68.39819,-12.17351,11.39973
4581,05/08/2023 17:09:09.573296,4822,True,True,True,True,Eyes,-0.2803681,0.1307989,-2.615767,0.9989422,0.04389278,-0.01370556,0.0,0.0,0.0,0.0,0.0,0.0,0.0,-2.733572,0.2327817,0.4989088,-0.3434743,0.1422404,-2.763567,0.07069983,0.6845648,0.01730075,0.7253092,4.523703,86.96705,7.023413,-0.09594996,0.04860882,-0.9941983,-0.1205092,0.003377436,-0.1413941,1.049061,0.09228026,-2.673475,-0.2419289,0.2284862,1.0974,0.06214364,0.121894,-0.9905958,0.07170044,0.9894044,0.1262454,0.9954885,-0.0788715,0.05274533,moving,-89.21395,-72.65897,-12.43237,11.76135
4582,05/08/2023 17:09:09.593589,4823,True,True,True,True,Eyes,-0.2824789,0.1312245,-2.622633,0.9990318,0.04294237,-0.009559035,0.0,0.0,0.0,0.0,0.0,0.0,0.0,-2.739847,0.2274969,0.5193706,-0.3432415,0.1416219,-2.773155,0.06973235,0.6819814,0.016302,0.7278552,4.546881,86.54485,6.847003,-0.09699956,0.04871396,-0.9940913,-0.1132787,0.00317479,-0.1329104,1.049757,0.09468627,-2.673388,-0.2449619,0.2368562,1.098923,0.06927123,0.1188433,-0.9904938,0.07138135,0.9897433,0.1237454,0.9950409,-0.07927479,0.06007751,moving,-89.45179,-77.45049,-12.5664,12.16317
4583,05/08/2023 17:09:09.613386,4824,True,True,True,True,Eyes,-0.2844765,0.1315776,-2.629599,0.9991021,0.04201554,-0.005441356,0.0,0.0,0.0,0.0,0.0,0.0,0.0,-2.747339,0.217017,0.5346422,-0.3429148,0.1405491,-2.782708,0.0682364,0.6801358,0.01437934,0.7297618,4.590454,86.23129,6.555943,-0.09799502,0.04881135,-0.9939889,-0.106482,0.002984303,-0.1249358,1.050418,0.09697334,-2.673305,-0.2448935,0.2361782,1.102246,0.07441709,0.113807,-0.9907119,0.07183306,0.990274,0.1191525,0.9946367,-0.08003284,0.06551817,moving,-89.68796,-82.6208,-12.52633,12.0939
4584,05/08/2023 17:09:09.623461,4825,True,True,True,True,Eyes,-0.2863545,0.1318512,-2.63664,0.9991502,0.04119672,-0.00128355,0.0,0.0,0.0,0.0,0.0,0.0,0.0,-2.755258,0.2095198,0.5449758,-0.3422118,0.1391882,-2.792106,0.06704561,0.6788623,0.01292892,0.731084,4.616044,86.01315,6.332118,-0.09893777,0.04889892,-0.9938912,-0.100093,0.002805244,-0.1174397,1.051139,0.09947057,-2.673214,-0.242928,0.2371887,1.106281,0.07795771,0.1099337,-0.9908772,0.07212522,0.9906754,0.1155859,0.9943444,-0.08047806,0.06930181,moving,-89.92639,-88.21543,-12.385,12.10112
4585,05/08/2023 17:09:09.643009,4826,True,True,True,True,Eyes,-0.2881048,0.1320195,-2.643777,0.9991724,0.04057859,0.002815366,0.0,0.0,0.0,0.0,0.0,0.0,0.0,-2.763368,0.2045953,0.5519502,-0.3411999,0.1376026,-2.801314,0.06522266,0.6780079,0.01312582,0.7320375,4.455918,85.85268,6.199262,-0.09982747,0.04897451,-0.9937986,-0.09408746,0.00263693,-0.1103933,1.05179,0.1017215,-2.673132,-0.2395414,0.2343027,1.110671,0.08026585,0.1076601,-0.9909423,0.06922577,0.9911475,0.1132897,0.9943667,-0.07769204,0.07210246,moving,89.83856,86.03114,-12.17071,11.91223
4586,05/08/2023 17:09:09.663337,4827,True,True,True,True,Eyes,-0.289734,0.1320786,-2.651011,0.9991782,0.03993347,0.006944418,0.0,0.0,0.0,0.0,0.0,0.0,0.0,-2.771418,0.2044612,0.5583475,-0.3398916,0.1352101,-2.810784,0.06347807,0.6771592,0.01443399,0.7329513,4.215297,85.69563,6.166548,-0.1006643,0.04903527,-0.9937111,-0.08844221,0.002478714,-0.1037697,1.052423,0.1039123,-2.673053,-0.2343826,0.2285155,1.116011,0.08249423,0.1071283,-0.990817,0.06481069,0.9915244,0.1126009,0.9944819,-0.07350446,0.07485197,moving,89.6018,80.13493,-11.86078,11.57199
4587,05/08/2023 17:09:09.673672,4828,True,True,True,True,Eyes,-0.2912195,0.132058,-2.658344,0.9991682,0.03927939,0.01095512,0.0,0.0,0.0,0.0,0.0,0.0,0.0,-2.779861,0.213312,0.5601106,-0.3386195,0.1326711,-2.820387,0.06446245,0.6767533,0.01465322,0.7332359,4.283936,85.64642,6.260183,-0.1014485,0.04907847,-0.9936292,-0.08313568,0.002329991,-0.0975435,1.053134,0.1063703,-2.672964,-0.2248889,0.222312,1.122398,0.08358049,0.1087389,-0.9905505,0.06576181,0.9912597,0.1143656,0.9943288,-0.07469914,0.07569913,moving,89.37183,74.41608,-11.33002,11.2035
4588,05/08/2023 17:09:09.693219,4829,True,True,True,True,Eyes,-0.2925575,0.1319637,-2.66578,0.999139,0.03869216,0.01498001,0.0,0.0,0.0,0.0,0.0,0.0,0.0,-2.788157,0.2266521,0.5610752,-0.3366611,0.1307264,-2.830117,0.06592919,0.6763165,0.01572653,0.7334863,4.326739,85.60009,6.463439,-0.1021798,0.04910285,-0.993553,-0.07814754,0.002190192,-0.09169089,1.053792,0.1086461,-2.672881,-0.2138618,0.2182977,1.128289,0.08469739,0.1122484,-0.9900641,0.06610762,0.990812,0.1179885,0.9942114,-0.0754441,0.0764987,moving,89.14103,68.83566,-10.73282,10.95011
4589,05/08/2023 17:09:09.713491,4830,True,True,True,True,Eyes,-0.2937303,0.1317858,-2.673306,0.9990931,0.03817954,0.01885214,0.0,0.0,0.0,0.0,0.0,0.0,0.0,-2.797186,0.2341873,0.5603704,-0.3344797,0.1288107,-2.83983,0.06556077,0.6761967,0.01761104,0.7335871,4.150239,85.57684,6.592287,-0.1028571,0.04910746,-0.9934829,-0.07345869,0.00205878,-0.08618943,1.054473,0.1110023,-2.672796,-0.2023717,0.2191886,1.133123,0.08489585,0.1145024,-0.9897889,0.06282549,0.9907833,0.1200061,0.9944074,-0.07237199,0.07691975,moving,88.91901,63.72095,-10.12606,10.94795
4590,05/08/2023 17:09:09.723513,4831,True,True,True,True,Eyes,-0.2947387,0.1315296,-2.680902,0.9990249,0.03780086,0.02281389,0.0,0.0,0.0,0.0,0.0,0.0,0.0,-2.806325,0.2433471,0.5577817,-0.3316867,0.126601,-2.849518,0.06587315,0.6761997,0.01895861,0.7335224,4.071384,85.5825,6.730287,-0.1034799,0.04909113,-0.9934191,-0.06905116,0.001935253,-0.08101807,1.05515,0.1133456,-2.672711,-0.1914733,0.2207838,1.13782,0.08478887,0.1169,-0.9895177,0.06127371,0.9906026,0.1222785,0.9945132,-0.07099927,0.0768292,moving,88.69181,58.88782,-9.552286,10.98127
4591,05/08/2023 17:09:09.743026,4832,True,True,True,True,Eyes,-0.2955837,0.1311802,-2.688587,0.99894,0.0374903,0.02670987,0.0,0.0,0.0,0.0,0.0,0.0,0.0,-2.814806,0.2517532,0.5588508,-0.3287259,0.124486,-2.859242,0.06559274,0.675742,0.02088679,0.7339171,3.902056,85.50786,6.868042,-0.1040462,0.04905316,-0.9933618,-0.06490809,0.001819138,-0.07615698,1.05581,0.1156297,-2.672628,-0.1807637,0.2232818,1.142693,0.08587296,0.1193059,-0.9891371,0.0579892,0.9905227,0.1245074,0.9946172,-0.06805111,0.07814064,moving,88.46838,54.53213,-8.989182,11.05626
4592,05/08/2023 17:09:09.763262,4833,True,True,True,True,Eyes,-0.2962651,0.1307392,-2.696353,0.9988349,0.037114,0.03084426,0.0,0.0,0.0,0.0,0.0,0.0,0.0,-2.822618,0.2630208,0.5622277,-0.3256533,0.1218687,-2.869068,0.06601645,0.6749211,0.02251231,0.7345861,3.81881,85.38699,7.033989,-0.1045557,0.04899229,-0.9933113,0.0,0.0,0.0,1.056499,0.1180109,-2.672541,-0.1717542,0.2229892,1.147161,0.08794944,0.1221863,-0.9886028,0.05603734,0.9902701,0.1273776,0.9945476,-0.06660147,0.08024669,moving,88.23125,50.27111,-8.515135,11.00018
4593,05/08/2023 17:09:09.773886,4834,True,True,True,True,Eyes,-0.2967739,0.1302509,-2.704211,0.9987167,0.03665829,0.03494325,0.0,0.0,0.0,0.0,0.0,0.0,0.0,-2.829935,0.2848973,0.5644112,-0.3223933,0.119295,-2.879252,0.06884176,0.6740471,0.0239467,0.7350836,3.952332,85.29429,7.372291,-0.105009,0.04890734,-0.9932677,0.0,0.0,0.0,1.057182,0.1203758,-2.672456,-0.1603711,0.2227358,1.152446,0.09017433,0.1280108,-0.9876649,0.05759953,0.9893747,0.1334913,0.994259,-0.06892652,0.08184284,moving,87.99614,46.37212,-7.922243,10.93881
4594,05/08/2023 17:09:09.793397,4835,True,True,True,True,Eyes,-0.2971129,0.1297192,-2.712164,0.9985677,0.03615681,0.03943798,0.0,0.0,0.0,0.0,0.0,0.0,0.0,-2.8355,0.3180164,0.5681205,-0.318768,0.117646,-2.889378,0.07293852,0.672783,0.02715709,0.7357346,4.059084,85.16438,7.958264,-0.1054046,0.04879898,-0.9932303,0.0,0.0,0.0,1.057863,0.1227313,-2.67237,-0.1494659,0.2190374,1.15798,0.09325099,0.1381044,-0.9860179,0.05818277,0.9878849,0.1438685,0.9939411,-0.07078513,0.08408595,moving,87.7383,42.51465,-7.354771,10.71122
4595,05/08/2023 17:09:09.813343,4836,True,True,True,True,Eyes,-0.2972748,0.1291512,-2.720232,0.9983951,0.03568337,0.04397466,0.0,0.0,0.0,0.0,0.0,0.0,0.0,-2.839469,0.3578541,0.5753205,-0.3150338,0.1160458,-2.899815,0.07716195,0.6709952,0.03208307,0.7367377,4.050808,84.96049,8.696586,-0.1057416,0.04866813,-0.9932004,0.0,0.0,0.0,1.058541,0.1250763,-2.672285,-0.1387402,0.2174786,1.163338,0.09747242,0.1508242,-0.9837435,0.05627699,0.9860334,0.1567514,0.9936459,-0.07064107,0.08762313,moving,87.47802,39.05771,-6.800998,10.58885
4596,05/08/2023 17:09:09.824767,4837,True,True,True,True,Eyes,-0.2972591,0.1285542,-2.728424,0.9981827,0.03520465,0.04890809,0.0,0.0,0.0,0.0,0.0,0.0,0.0,-2.84333,0.394272,0.5848441,-0.3109573,0.1145516,-2.910704,0.08069371,0.6689209,0.03690317,0.7380187,3.998844,84.70455,9.370749,-0.1060189,0.04851577,-0.993178,0.0,0.0,0.0,1.059237,0.1274836,-2.672198,-0.127884,0.2142994,1.168764,0.1023661,0.1624259,-0.9813964,0.05348498,0.9842534,0.1684775,0.9933078,-0.06973634,0.0920668,moving,87.19492,35.74681,-6.244358,10.39009
4597,05/08/2023 17:09:09.843899,4838,True,True,True,True,Eyes,-0.2970779,0.1279414,-2.736712,0.9979429,0.03482435,0.05382588,0.0,0.0,0.0,0.0,0.0,0.0,0.0,-2.848378,0.4271591,0.589263,-0.3067213,0.1131767,-2.921654,0.08437768,0.6674784,0.04049174,0.7387244,4.048965,84.55195,9.956272,-0.106236,0.04834301,-0.993163,0.0,0.0,0.0,1.059903,0.1297873,-2.672114,-0.1168596,0.2122256,1.175312,0.105666,0.172465,-0.9793317,0.05281609,0.9824817,0.1787184,0.9929981,-0.07060894,0.09470599,moving,86.91264,32.90213,-5.678172,10.23558
4598,05/08/2023 17:09:09.863425,4839,True,True,True,True,Eyes,-0.2967053,0.1273027,-2.74507,0.9976393,0.03479977,0.05920208,0.0,0.0,0.0,0.0,0.0,0.0,0.0,-2.853349,0.4524392,0.5968564,-0.3025768,0.1121226,-2.932305,0.08610919,0.6658346,0.04459556,0.7397708,3.900018,84.33409,10.43204,-0.1063926,0.0481514,-0.9931555,0.0,0.0,0.0,1.060552,0.1320326,-2.672032,-0.1029758,0.2133064,1.182527,0.109351,0.1806499,-0.9774499,0.04868796,0.9811929,0.1867886,0.9928102,-0.06801558,0.09849899,moving,86.60393,30.44758,-4.976826,10.22516
4599,05/08/2023 17:09:09.873030,4840,True,True,True,True,Eyes,-0.2961494,0.1267435,-2.753493,0.9973272,0.03442715,0.06444397,1.365815,1.066015,0.1737646,-2.665474,-0.1762397,0.9124283,0.3693429,-0.1030247,0.1695559,1.378715,-0.297605,0.1108089,-2.942595,0.08443755,0.6636897,0.04819414,0.7416629,3.513085,83.97456,10.59781,-0.106488,0.04794201,-0.9931554,0.0,0.0,0.0,1.061258,0.1344768,-2.671944,-0.0904232,0.2130342,1.188159,0.1143867,0.1835683,-0.9763291,0.04059305,0.9810952,0.1892203,0.9926067,-0.06127648,0.1047727,moving,86.30288,28.11195,-4.352025,10.16499
4600,05/08/2023 17:09:09.893379,4841,True,True,True,True,Eyes,-0.2953958,0.1263153,-2.761975,0.9969376,0.0343101,0.07027218,1.362425,1.062857,0.1730602,-2.666234,-0.3867363,0.8653811,0.3186701,-0.1083543,0.1802699,1.370736,-0.2926618,0.1122205,-2.952628,0.08874677,0.6625311,0.0468374,0.7422823,3.996056,83.87993,10.81183,-0.1065218,0.04771963,-0.9931624,0.0,0.0,0.0,1.06193,0.1367985,-2.67186,-0.07966614,0.2102379,1.194319,0.1177175,0.1871282,-0.9752568,0.04806186,0.9798605,0.1938128,0.9918835,-0.06968782,0.1063529,moving,85.968,26.02375,-3.816218,9.983588
4601,05/08/2023 17:09:09.913774,4842,True,True,True,True,Eyes,-0.2944446,0.1259291,-2.770535,0.9964959,0.03450016,0.07619493,1.361322,1.062107,0.1728949,-2.666809,-0.436859,0.8546994,0.2804337,-0.1042337,0.1701896,1.368108,-0.2871699,0.1148409,-2.962831,0.09071402,0.6583573,0.05412671,0.7452564,3.666049,83.28605,11.56803,-0.1064931,0.04749041,-0.9931765,0.0,0.0,0.0,1.062586,0.1390697,-2.671777,-0.06942418,0.2092281,1.200113,0.1272718,0.200121,-0.9714699,0.03876792,0.9776825,0.2064798,0.99111,-0.06394097,0.1166732,moving,85.62751,24.36045,-3.310758,9.889566
4602,05/08/2023 17:09:09.923958,4843,True,True,True,True,Eyes,-0.2933559,0.1256276,-2.779192,0.9960352,0.03375774,0.08230659,1.358364,1.059623,0.1714829,-2.667389,-0.6025667,0.7605687,0.2417612,-0.106206,0.1577141,1.363523,-0.2814875,0.1153702,-2.97337,0.08879922,0.6555918,0.05854276,0.7475874,3.210819,82.82941,11.78761,-0.1064012,0.0472566,-0.9931974,0.0,0.0,0.0,1.063279,0.1414664,-2.67169,-0.05681679,0.2073824,1.206745,0.1335441,0.2039637,-0.9698273,0.02890043,0.9773749,0.2095307,0.9906214,-0.05601002,0.124628,moving,85.27615,22.3008,-2.695649,9.751189
4603,05/08/2023 17:09:09.943483,4844,True,True,True,True,Eyes,-0.2921084,0.1254846,-2.787894,0.9955409,0.03292523,0.08839788,1.356092,1.057937,0.1701343,-2.668018,-0.7146597,0.670349,0.1997341,-0.1103134,0.186722,1.355797,-0.277147,0.1172338,-2.9842,0.09861735,0.6542068,0.05289872,0.7479907,4.491794,82.82153,12.05257,-0.1062476,0.04702172,-0.9932248,0.0,0.0,0.0,1.063937,0.1437448,-2.671607,-0.04415941,0.2061614,1.213147,0.1384306,0.2081678,-0.9682476,0.04989677,0.9749527,0.2167431,0.9891145,-0.07831632,0.1245764,moving,84.9258,20.42867,-2.084686,9.644664
4604,05/08/2023 17:09:09.961165,4845,True,True,True,True,Eyes,-0.2907178,0.1254386,-2.79664,0.9949526,0.03247099,0.0949474,1.354882,1.057326,0.169433,-2.667998,-0.7554157,0.6236163,0.201121,-0.1127384,0.1867828,1.352207,-0.2721038,0.12086,-2.994063,0.1032684,0.6517925,0.05734707,0.7491419,4.58676,82.56398,12.78245,-0.1060331,0.04679162,-0.9932584,0.0,0.0,0.0,1.064591,0.1460041,-2.671525,-0.03139749,0.2120159,1.218901,0.1437559,0.2205413,-0.9647257,0.04869692,0.9720939,0.2294821,0.9884143,-0.07996855,0.1290045,moving,84.54882,18.88014,-1.475547,9.867315
4605,05/08/2023 17:09:09.975285,4846,True,True,True,True,Eyes,-0.2891934,0.12543,-2.805429,0.9943145,0.0319398,0.1015807,1.353639,1.056749,0.1686649,-2.667926,-0.793757,0.5723336,0.2058739,-0.1137753,0.1737276,1.350917,-0.2672916,0.1230206,-3.003983,0.1015184,0.6487166,0.06195446,0.7516798,4.142476,82.0631,13.02888,-0.1057591,0.04656932,-0.9932977,0.0,0.0,0.0,1.065291,0.1484277,-2.671438,-0.01906717,0.210353,1.225624,0.1506569,0.2248532,-0.9626753,0.03857351,0.9717113,0.2330004,0.9878333,-0.0722369,0.1377216,moving,84.16681,17.4546,-0.8912847,9.73875
4606,05/08/2023 17:09:09.993458,4847,True,True,True,True,Eyes,-0.2875204,0.1254669,-2.81424,0.9935975,0.03155473,0.1084817,1.352692,1.056511,0.1681507,-2.667498,-0.8096524,0.53807,0.2344007,-0.112411,0.1751159,1.348571,-0.2625779,0.1239285,-3.013899,0.1023529,0.6452622,0.06192311,0.7545372,4.275073,81.56255,13.07138,-0.105427,0.0463554,-0.9933426,0.0,0.0,0.0,1.065959,0.15074,-2.671354,-0.007240355,0.2054321,1.232435,0.1596046,0.2255355,-0.9610725,0.03864237,0.9713788,0.2343715,0.9864246,-0.0745449,0.1463213,moving,83.76908,16.21844,-0.3365996,9.463516
4607,05/08/2023 17:09:10.013615,4848,True,True,True,True,Eyes,-0.2857341,0.1255041,-2.823054,0.9928265,0.03121472,0.115418,1.351796,1.056365,0.1677,-2.667033,-0.8194098,0.508057,0.2654161,-0.1130219,0.1702411,1.346416,-0.2573781,0.1250259,-3.023193,0.09845939,0.642377,0.05910831,0.757736,4.201989,81.04065,12.51267,-0.1050381,0.0461507,-0.9933927,0.0,0.0,0.0,1.066641,0.1530975,-2.671268,0.00416103,0.2069503,1.239299,0.1677159,0.2160731,-0.9618649,0.03691912,0.9736239,0.2251521,0.985144,-0.07327282,0.155315,moving,83.36902,15.13357,0.1923738,9.480337
4608,05/08/2023 17:09:10.023479,4849,True,True,True,True,Eyes,-0.2838207,0.1255766,-2.83183,0.9919803,0.03089979,0.1225574,1.351072,1.056416,0.1673245,-2.666246,-0.8159271,0.4829721,0.3178064,-0.1130033,0.1687798,1.344878,-0.2528915,0.1251194,-3.032151,0.09489857,0.6394498,0.05519766,0.7609545,4.23427,80.52333,11.88416,-0.1045956,0.04595493,-0.9934489,0.0,0.0,0.0,1.067303,0.1553894,-2.671185,0.01562262,0.2061602,1.247073,0.1761145,0.2053715,-0.9627078,0.03735992,0.975895,0.2150192,0.9836606,-0.07383469,0.1641965,moving,82.95689,14.15078,0.717731,9.386966
4609,05/08/2023 17:09:10.043320,4850,True,True,True,True,Eyes,-0.2817838,0.1256742,-2.840573,0.9910635,0.0307962,0.1297869,1.35066,1.056806,0.1672694,-2.665275,-0.7898942,0.4792942,0.3825495,-0.113443,0.1692058,1.342811,-0.2478426,0.1261619,-3.040564,0.09287248,0.6367144,0.0518228,0.7637303,4.351006,80.07052,11.4197,-0.1040995,0.04576774,-0.9935099,0.0,0.0,0.0,1.067974,0.1577107,-2.671101,0.02359833,0.2006888,1.255484,0.1838183,0.1974238,-0.9629303,0.03910921,0.9773782,0.2078517,0.9821819,-0.07586639,0.1719389,moving,82.53916,13.34844,1.076816,9.081885
4610,05/08/2023 17:09:10.063586,4851,True,True,True,True,Eyes,-0.2796264,0.1257695,-2.849286,0.9900571,0.03078452,0.1372561,1.350702,1.057646,0.1673502,-2.663894,-0.7343752,0.4849794,0.4748557,-0.1118858,0.1614913,1.342516,-0.2428561,0.1268359,-3.0486,0.08938184,0.6332619,0.05181793,0.7670106,4.099285,79.48766,11.13891,-0.1035527,0.04558975,-0.9935756,0.0,0.0,0.0,1.068659,0.1600776,-2.671015,0.02659486,0.1960001,1.263345,0.1925885,0.192694,-0.962174,0.03371443,0.9786516,0.2027422,0.9807003,-0.07148498,0.1819805,moving,82.10714,12.6414,1.205964,8.818778
