Unnamed: 0,Time,Frame,EyeTrackingEnabled,EyeCalibrationValid,EyeTrackingEnabledAndValid,EyeTrackingDataValid,GazeInputSource,EyeGazeOrigin.x,EyeGazeOrigin.y,EyeGazeOrigin.z,EyeGazeDirection.x,EyeGazeDirection.y,EyeGazeDirection.z,EyeHitInfo.distance,EyeHitPosition.x,EyeHitPosition.y,EyeHitPosition.z,EyeHitNormal.x,EyeHitNormal.y,EyeHitNormal.z,LocalEyeHitPosition.x,LocalEyeHitPosition.y,LocalEyeHitPosition.z,HeadGazeOrigin.x,HeadGazeOrigin.y,HeadGazeOrigin.z,HeadRotation.x,HeadRotation.y,HeadRotation.z,HeadRotation.w,HeadEulerAngles.x,HeadEulerAngles.y,HeadEulerAngles.z,HeadMovementDirection.x,HeadMovementDirection.y,HeadMovementDirection.z,HeadVelocity.x,HeadVelocity.y,HeadVelocity.z,transform.position.x,transform.position.y,transform.position.z,localTransform.position.x,localTransform.position.y,localTransform.position.z,localXAxis.x,localXAxis.y,localXAxis.z,localYAxis.x,localYAxis.y,localYAxis.z,localZAxis.x,localZAxis.y,localZAxis.z,Movement,GazeAngleX,GazeAngleY,TargetAngleX,TargetAngleY,globalTargetVector.x,globalTargetVector.y,globalTargetVector.z,localEyeGazeX,localEyeGazeY,localEyeGazeZ,CalibratedGazeAngleX,CalibratedGazeAngleY,cosineError,euclideanError,recalibratedEuclideanError
300,05/11/2023 10:03:59.455360,480,True,True,True,True,Eyes,1.98351,0.05592217,-1.791781,-0.2615802,-0.5467224,-0.7954059,0.0,0.0,0.0,0.0,0.0,0.0,0.0,2.828433,-0.322621,-0.3279588,2.144299,0.03495754,-1.90064,-0.0521352,0.9298617,-0.2363555,-0.2770833,27.93357,213.7353,2.207006,0.7351755,0.02421411,-0.6774438,0.0,0.0,0.0,1.77657,-0.5387458,-2.561208,-0.06692326,-0.1513955,0.9345102,-0.8410136,0.03402324,0.5399432,-0.2279374,0.882836,-0.4106643,-0.4906534,-0.4684475,-0.7347219,static,-13.247032337040102,-5.6820007375946044,-4.096141024908642,-9.202262778506062,-0.3677290000000002,-0.57370334,-0.660568,-0.22808281832840102,-0.09639750156268384,0.9688580283635244,-13.174396905190406,-6.272322188289548,9.779453811294319,9.804644646448189,9.539354364424709
301,05/11/2023 10:03:59.475711,481,True,True,True,True,Eyes,1.991682,0.05536915,-1.797591,-0.2672953,-0.5492693,-0.7917427,0.0,0.0,0.0,0.0,0.0,0.0,0.0,2.845705,-0.2891181,-0.3155189,2.150516,0.03751361,-1.911817,-0.05858391,0.9282799,-0.2362722,-0.2811402,28.13782,214.0914,1.56522,0.7358513,0.02388455,-0.6767214,0.0,0.0,0.0,1.77657,-0.5387458,-2.561208,-0.05854297,-0.1541478,0.9308218,-0.8350565,0.02408664,0.5496371,-0.2416157,0.8814868,-0.4057129,-0.4942701,-0.471594,-0.7302716,static,-13.078874253335643,-5.794685838864546,-3.598812164650421,-9.403070478978231,-0.3739460000000001,-0.57625941,-0.649391,-0.22519462685956207,-0.09837064214460382,0.9693351541781157,-13.005051513030848,-6.382004089348475,10.11344265981386,10.1435702253366,9.879482820956309
302,05/11/2023 10:03:59.485561,482,True,True,True,True,Eyes,1.999846,0.05479931,-1.803612,-0.273238,-0.5518289,-0.7879249,0.0,0.0,0.0,0.0,0.0,0.0,0.0,2.865333,-0.2432889,-0.2980442,2.157354,0.04073429,-1.924141,-0.06639328,0.9264993,-0.2345166,-0.286693,28.20502,214.5749,0.7439229,0.7364888,0.02355957,-0.676039,0.0,0.0,0.0,1.77657,-0.5387458,-2.561208,-0.05007458,-0.1599901,0.9265763,-0.8267983,0.0114419,0.5623825,-0.2574952,0.8811878,-0.3964901,-0.5001011,-0.472628,-0.7256184,static,-12.986613354407304,-6.095713140812486,-3.093402940010374,-9.796552351613476,-0.38078400000000023,-0.57948009,-0.637067,-0.22351641187647303,-0.10350308214768006,0.9691889976506222,-12.911896134486891,-6.681382131518457,10.524254199082625,10.562756419028792,10.300829777748419
303,05/11/2023 10:03:59.505407,483,True,True,True,True,Eyes,2.008022,0.05431687,-1.809811,-0.2789535,-0.5546517,-0.7839302,0.0,0.0,0.0,0.0,0.0,0.0,0.0,2.883929,-0.2151281,-0.2666698,2.165572,0.03967838,-1.934726,-0.06995596,0.9242064,-0.2341215,-0.293489,28.28228,215.3684,0.5281015,0.7370875,0.02323811,-0.6753973,0.0,0.0,0.0,1.77657,-0.5387458,-2.561208,-0.0468947,-0.1602069,0.9222305,-0.8179407,0.0081167,0.5752451,-0.2667316,0.8805866,-0.3916906,-0.5097323,-0.4738158,-0.7181025,static,-13.21453590676826,-6.305486745579887,-2.9109384440578787,-9.854890866446299,-0.38900200000000007,-0.5784241800000001,-0.6264820000000002,-0.2272866035803114,-0.10695503361408389,0.9679367451257943,-13.141059623930806,-6.895223964354282,10.852548582589808,10.897815849370703,10.649648234858446
304,05/11/2023 10:03:59.526524,484,True,True,True,True,Eyes,2.016107,0.05384965,-1.816136,-0.2847629,-0.5573977,-0.7798831,0.0,0.0,0.0,0.0,0.0,0.0,0.0,2.898193,-0.2202816,-0.25229,2.174099,0.04128666,-1.945068,-0.07120439,0.9221289,-0.2394812,-0.2953928,28.92941,215.6961,0.6653216,0.737648,0.02292334,-0.6747959,0.0,0.0,0.0,1.77657,-0.5387458,-2.561208,-0.03844535,-0.1529649,0.9215303,-0.8153461,0.01016283,0.5788848,-0.2728013,0.8751574,-0.3995986,-0.5106764,-0.4837317,-0.7107837,static,-13.064384093694528,-5.801212905611141,-2.3889390078390638,-9.424600944930967,-0.397529,-0.5800324600000001,-0.6161400000000001,-0.22494684306741095,-0.09848683740449343,0.9693807381516185,-12.990462277456503,-6.388272391182265,11.230731535461299,11.273600519115513,11.027764357409426
305,05/11/2023 10:03:59.535504,485,True,True,True,True,Eyes,2.024103,0.05339874,-1.82256,-0.290519,-0.5602527,-0.7757033,0.0,0.0,0.0,0.0,0.0,0.0,0.0,2.908915,-0.2308096,-0.242137,2.180041,0.04137484,-1.954328,-0.0691569,0.9216236,-0.2397142,-0.2972613,28.87943,216.0067,0.9843113,0.7381692,0.02261581,-0.6742361,0.0,0.0,0.0,1.77657,-0.5387458,-2.561208,-0.03306669,-0.1557692,0.9177544,-0.813706,0.01504225,0.5810819,-0.2699888,0.8755088,-0.4007373,-0.5147703,-0.4829679,-0.7083455,static,-12.93982030031177,-5.959493278586278,-2.0634742731705944,-9.632933192011578,-0.40347100000000014,-0.5801206400000001,-0.6068800000000001,-0.22277752644413942,-0.10121613155201102,0.9696006679423531,-12.86494296670616,-6.5443276506289205,11.431698191624713,11.479941798617956,11.234376267852548
306,05/11/2023 10:03:59.555369,486,True,True,True,True,Eyes,2.032023,0.05298217,-1.829087,-0.2963942,-0.5634522,-0.7711499,0.0,0.0,0.0,0.0,0.0,0.0,0.0,2.922028,-0.2178462,-0.2178862,2.186044,0.04125215,-1.962826,-0.07167793,0.9192857,-0.2423411,-0.3017396,29.2629,216.591,0.9499231,0.7386538,0.02231421,-0.6737152,0.0,0.0,0.0,1.77657,-0.5387458,-2.561208,-0.03043711,-0.1513329,0.9155869,-0.8076308,0.01446289,0.5895109,-0.2780329,0.8722661,-0.4023054,-0.5200289,-0.4888177,-0.7004479,static,-12.97184772683731,-5.819636042383435,-1.9039983631558333,-9.385288145942873,-0.4094739999999999,-0.5799979500000001,-0.5983820000000002,-0.2233732199217581,-0.09883524892211343,0.969709270833676,-12.897316831064183,-6.405043165231097,11.579942561053308,11.628033559495876,11.390123400644635
307,05/11/2023 10:03:59.575802,487,True,True,True,True,Eyes,2.039893,0.05264031,-1.835728,-0.3022294,-0.5667902,-0.7664244,0.0,0.0,0.0,0.0,0.0,0.0,0.0,2.936558,-0.1918309,-0.1855729,2.192377,0.04150426,-1.971388,-0.07664054,0.9159086,-0.246073,-0.3077102,29.86295,217.3354,0.7298709,0.7390999,0.02202099,-0.6732355,0.0,0.0,0.0,1.77657,-0.5387458,-2.561208,-0.02893931,-0.1437702,0.914311,-0.7988811,0.01104691,0.6013873,-0.2918299,0.8671486,-0.4035946,-0.5259507,-0.497927,-0.6895248,static,-13.105039099212673,-5.535161196038419,-1.8128918422411804,-8.936262608862972,-0.41580700000000004,-0.58025006,-0.5898200000000002,-0.22573373899634358,-0.09396695541101699,0.9696466327097077,-13.03164699039303,-6.122948289261453,11.747936244855882,11.79322180294452,11.566123141963281
308,05/11/2023 10:03:59.585491,488,True,True,True,True,Eyes,2.047701,0.05238833,-1.842495,-0.3081675,-0.5701647,-0.7615412,0.0,0.0,0.0,0.0,0.0,0.0,0.0,2.951171,-0.1651508,-0.1535187,2.199268,0.04278807,-1.980313,-0.081365,0.9127465,-0.2487316,-0.3136974,30.33838,218.0695,0.4993486,0.7395104,0.02173662,-0.6727936,0.0,0.0,0.0,1.77657,-0.5387458,-2.561208,-0.02662778,-0.1390249,0.913376,-0.7899474,0.007521689,0.6131285,-0.3045842,0.8630247,-0.4030099,-0.5321764,-0.5051059,-0.679453,static,-13.222333861024643,-5.379909038523633,-1.6698790091716154,-8.654558876907128,-0.422698,-0.58153387,-0.5808950000000002,-0.22777515731653658,-0.09129463243874372,0.9694244479468639,-13.149847817908984,-5.969791436670067,11.962798663582602,12.00760361887948,11.789726886477903
309,05/11/2023 10:03:59.605813,489,True,True,True,True,Eyes,2.055428,0.05218228,-1.849362,-0.3142054,-0.5733437,-0.7566717,0.0,0.0,0.0,0.0,0.0,0.0,0.0,2.96513,-0.1335888,-0.1291914,2.205805,0.04448424,-1.989717,-0.08639307,0.91035,-0.2491138,-0.3189693,30.57561,218.6485,0.1080389,0.7398847,0.02146426,-0.6723906,0.0,0.0,0.0,1.77657,-0.5387458,-2.561208,-0.02195153,-0.1386961,0.9117475,-0.7815899,0.001623429,0.6237908,-0.3162152,0.8609571,-0.3984481,-0.537704,-0.508675,-0.6724021,static,-13.199403761478974,-5.466766840085595,-1.3792054102452518,-8.649588427792708,-0.4292349999999998,-0.58323004,-0.5714910000000002,-0.2273559710393847,-0.09277346811478507,0.9693825041470644,-13.126683172633669,-6.056239261429658,12.19227934232302,12.241218988388487,12.030323922342502
310,05/11/2023 10:03:59.625259,490,True,True,True,True,Eyes,2.063091,0.05198778,-1.856324,-0.3206017,-0.576413,-0.75164,0.0,0.0,0.0,0.0,0.0,0.0,0.0,2.977942,-0.1027415,-0.09853578,2.211804,0.04526658,-1.998569,-0.08975517,0.9082866,-0.247012,-0.325491,30.47382,219.3903,359.8506,0.7402232,0.02120458,-0.6720263,0.0,0.0,0.0,1.77657,-0.5387458,-2.561208,-0.02031195,-0.1427965,0.9089868,-0.7719992,-0.002246492,0.6356195,-0.3238472,0.8618581,-0.3902865,-0.5469369,-0.5071445,-0.6660813,static,-13.303088277719263,-5.872980599246245,-1.2801014949637768,-8.927866083550075,-0.4352339999999999,-0.5840123800000001,-0.5626390000000001,-0.2289579082821962,-0.09960536353500464,0.9683269768017366,-13.230616412227691,-6.464301706399724,12.347328688724625,12.405020616690782,12.201801351772268
311,05/11/2023 10:03:59.635541,491,True,True,True,True,Eyes,2.070734,0.05177322,-1.863354,-0.327125,-0.5793785,-0.7465318,0.0,0.0,0.0,0.0,0.0,0.0,0.0,2.99044,-0.0755645,-0.0594945,2.218218,0.04533337,-2.007344,-0.09201396,0.9058237,-0.2451343,-0.3330556,30.35715,220.3138,359.7736,0.7405258,0.02095748,-0.6717007,0.0,0.0,0.0,1.77657,-0.5387458,-2.561208,-0.02099445,-0.1462349,0.9061681,-0.761215,-0.003410157,0.6484908,-0.3299835,0.8628852,-0.3828055,-0.5582677,-0.5053885,-0.6579663,static,-13.559627576476613,-6.270614531432645,-1.3272131519480126,-9.167200284371349,-0.4416479999999998,-0.5840791700000001,-0.5538640000000004,-0.23313089591907263,-0.1062148754680808,0.9666272942017315,-13.488388328821905,-6.866513614105648,12.504268673067234,12.570687001017202,12.376887364654817
312,05/11/2023 10:03:59.654938,492,True,True,True,True,Eyes,2.078331,0.05156395,-1.870455,-0.3338252,-0.5824339,-0.741169,0.0,0.0,0.0,0.0,0.0,0.0,0.0,3.002335,-0.05820805,-0.02260995,2.225586,0.04468428,-2.01561,-0.09308244,0.903395,-0.2447453,-0.3395774,30.3593,221.1662,359.8698,0.740795,0.02072089,-0.6714112,0.0,0.0,0.0,1.77657,-0.5387458,-2.561208,-0.02078319,-0.1464999,0.9043163,-0.7520457,-0.001960457,0.659108,-0.3344004,0.8628708,-0.378986,-0.5679821,-0.5054208,-0.6495737,static,-13.754414836108882,-6.5026347925493395,-1.3165520593481352,-9.202013877904102,-0.44901599999999986,-0.5834300800000001,-0.545598,-0.23631682079535823,-0.11004124829692433,0.9654249232683397,-13.684182525315128,-7.102010327019629,12.654713225478455,12.727414423204003,12.544652177579191
313,05/11/2023 10:03:59.675960,493,True,True,True,True,Eyes,2.085867,0.05137715,-1.877621,-0.3406207,-0.5855458,-0.7356043,0.0,0.0,0.0,0.0,0.0,0.0,0.0,3.013175,-0.05251843,0.01282644,2.232294,0.04472712,-2.024108,-0.09324327,0.9007211,-0.2466699,-0.3451973,30.57969,221.9805,0.1548773,0.741033,0.02049264,-0.6711543,0.0,0.0,0.0,1.77657,-0.5387458,-2.561208,-0.02087224,-0.1440738,0.9029993,-0.7442891,0.002327192,0.6678537,-0.3382719,0.8609193,-0.3799869,-0.5758525,-0.5087362,-0.6399856,static,-13.919675398023516,-6.467100919126098,-1.324118802449188,-9.065151820470392,-0.455724,-0.5834729200000001,-0.5371000000000001,-0.23911840032535991,-0.10936526340161451,0.964811723152013,-13.850533515906337,-7.069427422671003,12.78783521274069,12.860712050205146,12.684399136162796
314,05/11/2023 10:03:59.685418,494,True,True,True,True,Eyes,2.093352,0.05119291,-1.884818,-0.3476561,-0.5887237,-0.7297531,0.0,0.0,0.0,0.0,0.0,0.0,0.0,3.022994,-0.05107623,0.05427504,2.238565,0.04525727,-2.032442,-0.09271512,0.897647,-0.2492455,-0.3514407,30.83961,222.9229,0.5831816,0.7412406,0.02027373,-0.6709309,0.0,0.0,0.0,1.77657,-0.5387458,-2.561208,-0.0232313,-0.1414185,0.9019714,-0.7357869,0.008739134,0.677157,-0.3416409,0.8585612,-0.3823013,-0.5847216,-0.5126367,-0.6287324,static,-14.177467449109528,-6.375185365716462,-1.4753918233360912,-8.91076008105631,-0.46199499999999993,-0.5840030700000001,-0.5287660000000001,-0.2435015791651923,-0.10769631669911278,0.9639027077885048,-14.110063614218927,-6.982115357828104,12.881983056187126,12.952677882968388,12.781025065767084
315,05/11/2023 10:03:59.705390,495,True,True,True,True,Eyes,2.100784,0.05102202,-1.892034,-0.3547648,-0.5919327,-0.723711,0.0,0.0,0.0,0.0,0.0,0.0,0.0,3.031729,-0.05607629,0.09795237,2.245022,0.04541269,-2.040081,-0.09072458,0.894767,-0.2514108,-0.3577063,30.98501,223.905,1.17017,0.7414196,0.02006344,-0.6707389,0.0,0.0,0.0,1.77657,-0.5387458,-2.561208,-0.02672783,-0.1397488,0.9011192,-0.7276306,0.01750775,0.6857457,-0.3422172,0.8571233,-0.3850028,-0.5945091,-0.5148137,-0.6176776,static,-14.474618738407708,-6.361309454170134,-1.6989350654403022,-8.815409881942514,-0.4684520000000001,-0.5841584900000001,-0.5211270000000003,-0.24850746084195774,-0.10732210741908009,0.9626660912976732,-14.40912475611087,-6.973545195895746,12.939543590390517,13.009254483686547,12.842950887336388
316,05/11/2023 10:03:59.725253,496,True,True,True,True,Eyes,2.108152,0.05087736,-1.899279,-0.3620318,-0.5951713,-0.7174288,0.0,0.0,0.0,0.0,0.0,0.0,0.0,3.039681,-0.06201607,0.1388924,2.251369,0.04581212,-2.047447,-0.08897959,0.891862,-0.2542485,-0.363349,31.20961,224.8199,1.745169,0.7415715,0.01986148,-0.6705766,0.0,0.0,0.0,1.77657,-0.5387458,-2.561208,-0.02953497,-0.1368702,0.900825,-0.7201203,0.02604688,0.6933603,-0.343477,0.8548806,-0.3888479,-0.6028685,-0.5181705,-0.6066704,static,-14.693456080387922,-6.257944131606974,-1.8778599177711688,-8.63937091053947,-0.47479899999999997,-0.5845579200000001,-0.5137610000000001,-0.2522324690212535,-0.10548021492193276,0.9619005611058947,-14.629463257975596,-6.874087895953525,12.968106616584624,13.03497980461397,12.873212958212816
317,05/11/2023 10:03:59.735067,497,True,True,True,True,Eyes,2.115481,0.0507388,-1.90653,-0.3692991,-0.5983344,-0.7110655,0.0,0.0,0.0,0.0,0.0,0.0,0.0,3.047312,-0.06654322,0.1764095,2.257384,0.04653098,-2.055167,-0.0874443,0.8892393,-0.2563722,-0.3686198,31.36041,225.6624,2.247687,0.7416978,0.01966806,-0.6704424,0.0,0.0,0.0,1.77657,-0.5387458,-2.561208,-0.03124747,-0.1356294,0.9002426,-0.7129461,0.03348998,0.700419,-0.3445255,0.8532535,-0.391485,-0.6107458,-0.5204198,-0.5967857,static,-14.84504402454868,-6.229303935871004,-1.9879415550406299,-8.567673544929193,-0.4808140000000001,-0.58527678,-0.5060410000000002,-0.2547915022169227,-0.10492661166413335,0.9612864928506734,-14.78204739808074,-6.848154499301091,13.002009706633713,13.06801654192391,12.909139788196224
318,05/11/2023 10:03:59.755085,498,True,True,True,True,Eyes,2.122755,0.0506329,-1.913759,-0.3768846,-0.6012588,-0.7045892,0.0,0.0,0.0,0.0,0.0,0.0,0.0,3.054884,-0.06592441,0.2097907,2.263919,0.04683888,-2.062317,-0.08654922,0.8869532,-0.2576299,-0.3734303,31.4431,226.4001,2.612206,0.7418002,0.01948264,-0.6703344,0.0,0.0,0.0,1.77657,-0.5387458,-2.561208,-0.03137198,-0.134732,0.9000961,-0.706118,0.03888343,0.7070256,-0.3459438,0.8522722,-0.3923711,-0.6178349,-0.5216515,-0.5883533,static,-14.883386943674923,-6.270205572602633,-1.9961809815997913,-8.51318320928846,-0.48734900000000003,-0.5855846800000001,-0.498891,-0.2554165892591803,-0.10559480826751537,0.9610474439117946,-14.82059337507976,-6.889740489208597,13.013788288715414,13.080941334155488,12.926759822299745
319,05/11/2023 10:03:59.775525,499,True,True,True,True,Eyes,2.129931,0.05061928,-1.920979,-0.3843863,-0.6040794,-0.6980941,0.0,0.0,0.0,0.0,0.0,0.0,0.0,3.061938,-0.06171054,0.2370718,2.270048,0.04759428,-2.068838,-0.08668847,0.8848341,-0.2591554,-0.3773493,31.60381,226.9964,2.838354,0.7418808,0.01930568,-0.6702503,0.0,0.0,0.0,1.77657,-0.5387458,-2.561208,-0.03012139,-0.1329506,0.9006437,-0.7001855,0.04217444,0.7127146,-0.348994,0.8506472,-0.3931954,-0.6228514,-0.5240427,-0.5808922,static,-14.791004406967998,-6.245389443209561,-1.9155027601973404,-8.397205135330864,-0.4934780000000001,-0.58634008,-0.4923700000000002,-0.25387675992837544,-0.10522265925858873,0.96149618009313,-14.727646676176361,-6.863275021527441,12.987009283480358,13.054074208033805,12.903641862582488
320,05/11/2023 10:03:59.785442,500,True,True,True,True,Eyes,2.129931,0.05061928,-1.920979,-0.3843863,-0.6040794,-0.6980941,0.0,0.0,0.0,0.0,0.0,0.0,0.0,3.06811,-0.04960769,0.2656887,2.275106,0.04968166,-2.075517,-0.08778686,0.8827445,-0.2591399,-0.3819718,31.63949,227.6173,2.893831,0.7419404,0.01913966,-0.6701891,0.0,0.0,0.0,1.77657,-0.5387458,-2.561208,-0.02954653,-0.1347325,0.9009182,-0.6927824,0.04298155,0.719865,-0.352955,0.8502799,-0.3904444,-0.6288687,-0.5245728,-0.5738885,static,-15.287960988918321,-6.270354732407145,-1.8784001850229273,-8.505559595861282,-0.4985360000000001,-0.58842746,-0.4856910000000001,-0.2622017535886023,-0.10539874831453687,0.9592400460029028,-15.227748352986323,-6.8971133505803754,13.523979479122346,13.594574716958846,13.445898848104797
321,05/11/2023 10:03:59.805442,501,True,True,True,True,Eyes,2.129931,0.05061928,-1.920979,-0.3843863,-0.6040794,-0.6980941,0.0,0.0,0.0,0.0,0.0,0.0,0.0,3.072437,-0.02736038,0.307946,2.279427,0.05103008,-2.082561,-0.08863696,0.8804057,-0.2555676,-0.3895057,31.26892,228.5382,2.884779,0.7419941,0.01899024,-0.670134,0.0,0.0,0.0,1.77657,-0.5387458,-2.561208,-0.0329597,-0.1425264,0.8991126,-0.6808577,0.04301706,0.7311514,-0.3551629,0.8536574,-0.3809571,-0.6405405,-0.5190554,-0.5659412,static,-16.049236844588968,-6.761819731377957,-2.099410549626944,-9.007518995500345,-0.5028570000000001,-0.58977588,-0.47864700000000004,-0.2746858658849856,-0.11321319455955496,0.9548458353302361,-15.993381580358895,-7.4021678345926265,14.045056920899716,14.12943094552975,13.986407092339563
322,05/11/2023 10:03:59.825383,502,True,True,True,True,Eyes,2.137436,0.05060191,-1.928783,-0.3935562,-0.6061305,-0.6911724,0.0,0.0,0.0,0.0,0.0,0.0,0.0,3.075943,-0.006632328,0.3581176,2.284976,0.05092198,-2.089499,-0.08846371,0.8777749,-0.2514585,-0.3980631,30.78888,229.6127,2.995359,0.7420424,0.01885576,-0.6700844,0.0,0.0,0.0,1.77657,-0.5387458,-2.561208,-0.03776547,-0.1501184,0.8970686,-0.66744,0.04489021,0.7433093,-0.3554951,0.8578856,-0.3710195,-0.6543295,-0.5118761,-0.5566289,static,-16.28653137419507,-7.396212816573374,-2.4106574393188733,-9.500037275037204,-0.5084059999999999,-0.5896677800000001,-0.47170900000000016,-0.2782891156369244,-0.1236448673496086,0.9525056782017447,-16.231545377015497,-8.040793757356136,13.935228286907549,14.034455985488263,13.897709704489522
323,05/11/2023 10:03:59.845092,503,True,True,True,True,Eyes,2.144886,0.05057433,-1.936555,-0.4026216,-0.608112,-0.6841751,0.0,0.0,0.0,0.0,0.0,0.0,0.0,3.079506,0.007671714,0.4042778,2.291466,0.04984683,-2.096081,-0.08780903,0.8751503,-0.249014,-0.405455,30.46782,230.5902,3.208145,0.7420681,0.01872752,-0.6700597,0.0,0.0,0.0,1.77657,-0.5387458,-2.561208,-0.04115283,-0.153808,0.8958527,-0.6557919,0.04823569,0.7533993,-0.3556201,0.8605633,-0.364644,-0.6659367,-0.5070545,-0.5471969,static,-16.450177308673233,-7.824166444734924,-2.6301500522367784,-9.742070023331166,-0.5148959999999998,-0.5885926300000001,-0.4651270000000003,-0.28075388795544487,-0.13065812165397017,0.9508446952233198,-16.395800484001285,-8.47166654766768,13.842151413922853,13.952473168060163,13.824147597610358
324,05/11/2023 10:03:59.855066,504,True,True,True,True,Eyes,2.152243,0.05054952,-1.944306,-0.4117816,-0.6098785,-0.6771145,0.0,0.0,0.0,0.0,0.0,0.0,0.0,3.084005,0.02076,0.438978,2.297846,0.04963871,-2.102775,-0.08845212,0.8725581,-0.2491945,-0.4107565,30.49998,231.3311,3.350521,0.7420732,0.01860461,-0.6700576,0.0,0.0,0.0,1.77657,-0.5387458,-2.561208,-0.04123262,-0.152877,0.8961101,-0.6469106,0.05035733,0.7609013,-0.3590757,0.8601566,-0.3622088,-0.6727341,-0.5075379,-0.5383623,static,-16.37906547065236,-7.870388719644574,-2.634486505961345,-9.681492195690726,-0.5212759999999999,-0.58838451,-0.4584330000000003,-0.27954314409577075,-0.13147353763507313,0.9510889845129264,-16.32418800270058,-8.516618817968759,13.751886625560905,13.863388716961419,13.739172357021722
325,05/11/2023 10:03:59.876230,505,True,True,True,True,Eyes,2.159534,0.05049281,-1.952035,-0.4209458,-0.6115316,-0.6699505,0.0,0.0,0.0,0.0,0.0,0.0,0.0,3.086812,0.04210556,0.4778156,2.303291,0.04966749,-2.109709,-0.09009527,0.8695349,-0.2486822,-0.4170723,30.50598,232.1706,3.377217,0.7420589,0.01848672,-0.6700768,0.0,0.0,0.0,1.77657,-0.5387458,-2.561208,-0.04265246,-0.1529628,0.8957112,-0.6358672,0.05075498,0.7701279,-0.3641189,0.86008,-0.3573233,-0.6805076,-0.5076282,-0.5284158,static,-16.369781546624246,-7.980073771118684,-2.726282000446778,-9.6910550518072,-0.5267210000000002,-0.5884132900000001,-0.4514990000000001,-0.27932016550399485,-0.1333030376849712,0.9508998275703019,-16.314733397187133,-8.626137399564733,13.636515462254735,13.750364970043933,13.630115955766206
326,05/11/2023 10:03:59.885723,506,True,True,True,True,Eyes,2.166758,0.05041337,-1.959727,-0.4300529,-0.6131454,-0.6626517,0.0,0.0,0.0,0.0,0.0,0.0,0.0,3.088479,0.06410706,0.5218191,2.309343,0.04889065,-2.116519,-0.09123697,0.8663431,-0.2474358,-0.4241472,30.40603,233.1074,3.444187,0.7420267,0.01837232,-0.6701158,0.0,0.0,0.0,1.77657,-0.5387458,-2.561208,-0.04512239,-0.1536128,0.8951412,-0.6235498,0.05181334,0.7800645,-0.3679834,0.8609027,-0.3513328,-0.6897634,-0.5061244,-0.5177492,static,-16.45026612923768,-8.193532169841653,-2.8857303080106225,-9.737528507732819,-0.5327730000000002,-0.5876364500000001,-0.44468900000000033,-0.2805208811336767,-0.13679484430227765,0.9500501353469517,-16.395514554253364,-8.84103148572671,13.532560829353203,13.652126454760566,13.539496936389268
327,05/11/2023 10:03:59.905195,507,True,True,True,True,Eyes,2.173907,0.05032859,-1.967429,-0.439123,-0.6148142,-0.6551142,0.0,0.0,0.0,0.0,0.0,0.0,0.0,3.089224,0.08944315,0.5643961,2.315293,0.04822005,-2.122955,-0.09328695,0.8628227,-0.2472746,-0.4309175,30.47127,234.0223,3.467563,0.741978,0.01826041,-0.6701729,0.0,0.0,0.0,1.77657,-0.5387458,-2.561208,-0.04743072,-0.1516678,0.8953009,-0.6112154,0.0521297,0.7897458,-0.3740901,0.8603057,-0.3463102,-0.6974759,-0.5071062,-0.5063308,static,-16.483016458536436,-8.254454784347622,-3.0325468857995763,-9.614868256957216,-0.5387230000000001,-0.58696585,-0.438253,-0.28102500429211386,-0.1377837874529516,0.9497582321675435,-16.42841191850214,-8.90253846863935,13.398323189119749,13.51909229732447,13.414790855682702
328,05/11/2023 10:03:59.925336,508,True,True,True,True,Eyes,2.181031,0.05023126,-1.975136,-0.4481495,-0.6163517,-0.6475127,0.0,0.0,0.0,0.0,0.0,0.0,0.0,3.088114,0.1169143,0.6150811,2.321101,0.04794675,-2.130405,-0.09562916,0.8583643,-0.2479783,-0.438831,30.63995,235.1324,3.563149,0.7419133,0.01815064,-0.6702476,0.0,0.0,0.0,1.77657,-0.5387458,-2.561208,-0.0515019,-0.1486592,0.8952989,-0.5965652,0.05347184,0.8007816,-0.3818104,0.8587236,-0.3417814,-0.7059258,-0.5096416,-0.4918685,static,-16.667806730601818,-8.206582256596144,-3.292300564372777,-9.427618554464681,-0.5445310000000001,-0.5866925500000001,-0.43080300000000005,-0.28412342853076356,-0.13685989616827005,0.9489696176828659,-16.614429751510773,-8.857965693795903,13.312723784500877,13.431124109453519,13.334302773690952
329,05/11/2023 10:03:59.935277,509,True,True,True,True,Eyes,2.188159,0.05011028,-1.982825,-0.4569669,-0.6178983,-0.6398304,0.0,0.0,0.0,0.0,0.0,0.0,0.0,3.087825,0.1376486,0.6623559,2.328001,0.04761444,-2.137864,-0.09656402,0.8547739,-0.2471121,-0.4460637,30.57044,236.1237,3.687469,0.7418339,0.01804245,-0.6703384,0.0,0.0,0.0,1.77657,-0.5387458,-2.561208,-0.05379301,-0.1488453,0.8955814,-0.5834052,0.05537471,0.8102914,-0.3855363,0.859222,-0.3363025,-0.7148428,-0.5085974,-0.4799256,static,-16.791823954949596,-8.37460894929841,-3.437335681986951,-9.436284397531203,-0.551431,-0.5863602400000001,-0.42334400000000016,-0.28606802667938624,-0.13955802205621468,0.9479918988019775,-16.73906744170524,-9.028205644671141,13.272809538133549,13.396623148766897,13.307989933721547
330,05/11/2023 10:03:59.955785,510,True,True,True,True,Eyes,2.195232,0.04998836,-1.990489,-0.4655372,-0.6193148,-0.6322376,0.0,0.0,0.0,0.0,0.0,0.0,0.0,3.090123,0.1588418,0.6948433,2.335436,0.04699947,-2.144859,-0.09854587,0.851787,-0.2478135,-0.4509284,30.73331,236.8125,3.70955,0.7417418,0.01793494,-0.6704432,0.0,0.0,0.0,1.77657,-0.5387458,-2.561208,-0.0520086,-0.1449345,0.8972534,-0.5739051,0.05561209,0.8170318,-0.3913724,0.8577544,-0.3332943,-0.7193478,-0.5110428,-0.4705046,static,-16.65328165270916,-8.292799510558314,-3.317393591700072,-9.175802942976626,-0.5588660000000001,-0.5857452700000001,-0.4163490000000003,-0.2838255026120383,-0.13830045280059317,0.9488499131890222,-16.59972440075501,-8.943923047416927,13.242084251427496,13.365089054601444,13.284354707968875
331,05/11/2023 10:03:59.975334,511,True,True,True,True,Eyes,2.202253,0.0498543,-1.998152,-0.4741425,-0.6206055,-0.6245301,0.0,0.0,0.0,0.0,0.0,0.0,0.0,3.090376,0.1867691,0.7274935,2.341556,0.04676451,-2.151623,-0.1012998,0.8487982,-0.24719,-0.4562643,30.80166,237.5056,3.577823,0.741638,0.01782813,-0.670561,0.0,0.0,0.0,1.77657,-0.5387458,-2.561208,-0.05098563,-0.1433278,0.8981363,-0.5631227,0.0536018,0.8246332,-0.397534,0.8572709,-0.3271899,-0.7244721,-0.5120678,-0.4614401,static,-16.501399559129,-8.340494644729523,-3.2490941695033513,-9.067011471014268,-0.5649860000000002,-0.5855103100000001,-0.4095850000000003,-0.2812734942220112,-0.13919930485569412,0.9494782344626662,-16.4468248726759,-8.988906008026579,13.147060153781169,13.27220497275324,13.197961819039026
332,05/11/2023 10:03:59.985494,512,True,True,True,True,Eyes,2.209252,0.04970722,-2.005822,-0.4827071,-0.6217721,-0.6167604,0.0,0.0,0.0,0.0,0.0,0.0,0.0,3.085779,0.2216586,0.7767859,2.347733,0.04629398,-2.158834,-0.1038682,0.8448557,-0.2445558,-0.464352,30.64329,238.5309,3.439225,0.741523,0.01772162,-0.6706909,0.0,0.0,0.0,1.77657,-0.5387458,-2.561208,-0.05382016,-0.1450126,0.8980412,-0.5471774,0.05161263,0.8354239,-0.4026272,0.8588077,-0.3167659,-0.7338176,-0.5096916,-0.4491395,static,-16.631509480419613,-8.651389409399952,-3.4296690489875457,-9.1727465751042,-0.5711629999999999,-0.58503978,-0.402374,-0.283221369118753,-0.14426302020916693,0.9481423504999705,-16.577448959770905,-9.302121898631157,13.076686777011794,13.212130943614874,13.148416427719962
333,05/11/2023 10:04:00.005536,513,True,True,True,True,Eyes,2.216246,0.04952321,-2.013525,-0.4912945,-0.6228855,-0.6088049,0.0,0.0,0.0,0.0,0.0,0.0,0.0,3.079512,0.259324,0.8297698,2.354712,0.0457579,-2.166194,-0.1068357,0.8403419,-0.2425846,-0.4728259,30.57977,239.6369,3.319027,0.7413976,0.01761503,-0.6708322,0.0,0.0,0.0,1.77657,-0.5387458,-2.561208,-0.05707401,-0.1447904,0.8987244,-0.5300434,0.04984359,0.8465043,-0.4089577,0.8594776,-0.3066786,-0.7428375,-0.5087374,-0.4351766,static,-16.808155467155352,-8.8686399687566,-3.633721796371017,-9.152085106221202,-0.5781420000000002,-0.5845037000000001,-0.3950140000000002,-0.2859952286515425,-0.14773011609035575,0.9467748307242817,-16.755001154121068,-9.522525090766324,13.033735723889507,13.177482448929627,13.126507447385515
334,05/11/2023 10:04:00.027506,514,True,True,True,True,Eyes,2.223284,0.04929334,-2.021246,-0.4997338,-0.623915,-0.6008295,0.0,0.0,0.0,0.0,0.0,0.0,0.0,3.072991,0.29291,0.8829584,2.362069,0.04468048,-2.17424,-0.1091622,0.835784,-0.2409624,-0.4811301,30.51922,240.7519,3.287178,0.7412624,0.0175072,-0.6709843,0.0,0.0,0.0,1.77657,-0.5387458,-2.561208,-0.05991697,-0.1439581,0.899236,-0.5131952,0.0493966,0.8568494,-0.4143405,0.8600414,-0.2977426,-0.7516336,-0.5078274,-0.4209021,static,-17.008687457034835,-9.053912628118415,-3.8120388051620155,-9.095268025843819,-0.585499,-0.5834262800000001,-0.386968,-0.28917866580938556,-0.1506404101507871,0.9453481116646906,-16.956624231648032,-9.711377074876228,13.044606284628205,13.196713451079315,13.159016543590491
335,05/11/2023 10:04:00.039734,515,True,True,True,True,Eyes,2.230345,0.04903682,-2.028991,-0.5079965,-0.6248854,-0.5928388,0.0,0.0,0.0,0.0,0.0,0.0,0.0,3.069707,0.3210865,0.9255784,2.370551,0.04331366,-2.182086,-0.1112222,0.8319939,-0.240268,-0.4875317,30.54745,241.6335,3.275313,0.7411188,0.01739678,-0.6711455,0.0,0.0,0.0,1.77657,-0.5387458,-2.561208,-0.05954102,-0.140912,0.9010761,-0.4998851,0.0492042,0.8646931,-0.4193489,0.8598019,-0.2913544,-0.7578006,-0.5082517,-0.4091685,static,-17.026357148250472,-9.108182496296687,-3.78047650959513,-8.888036669447283,-0.5939809999999999,-0.5820594600000001,-0.3791220000000002,-0.2894306860892003,-0.15152372096815703,0.9451298798920439,-16.974351506938245,-9.765962088179837,13.09044800632857,13.247709918268278,13.223051481650238
336,05/11/2023 10:04:00.057402,516,True,True,True,True,Eyes,2.237429,0.04872097,-2.036742,-0.5160872,-0.6257569,-0.5848781,0.0,0.0,0.0,0.0,0.0,0.0,0.0,3.06845,0.3501211,0.9578309,2.378473,0.04233973,-2.190087,-0.1137973,0.8290166,-0.2389833,-0.4926142,30.55455,242.2895,3.11357,0.740968,0.01728322,-0.6713148,0.0,0.0,0.0,1.77657,-0.5387458,-2.561208,-0.05629799,-0.138929,0.9028881,-0.4887632,0.04677337,0.871162,-0.4241328,0.8598744,-0.2841258,-0.7623795,-0.5083585,-0.4004368,static,-16.855690075350104,-9.189523554009682,-3.567957758205325,-8.747596635588192,-0.6019030000000001,-0.5810855300000001,-0.37112100000000003,-0.2865480342370872,-0.15300378760139172,0.9457696087396499,-16.8025129679011,-9.844255348841473,13.13201850130462,13.295079147313087,13.279913852576001
337,05/11/2023 10:04:00.075316,517,True,True,True,True,Eyes,2.244534,0.04837858,-2.044514,-0.524002,-0.6266757,-0.576801,0.0,0.0,0.0,0.0,0.0,0.0,0.0,3.063691,0.3826994,0.9971414,2.386512,0.04050816,-2.197696,0.1164332,-0.82537,0.2376252,0.4987405,30.55714,243.1013,2.983872,0.7408109,0.01716497,-0.671491,0.0,0.0,0.0,1.77657,-0.5387458,-2.561208,-0.05538741,-0.1359567,0.9045178,-0.4754026,0.04482558,0.8786257,-0.4292276,0.8599551,-0.2761174,-0.7679558,-0.5083973,-0.3895845,static,-16.81336685976899,-9.29197395300209,-3.504085045277734,-8.548050771007466,-0.6099420000000002,-0.5792539600000001,-0.36351200000000006,-0.28577146195001524,-0.15473210324549952,0.945723305378304,-16.75981563939016,-9.945949405192575,13.160019227421751,13.330056418419868,13.329235318469877
338,05/11/2023 10:04:00.085666,518,True,True,True,True,Eyes,2.251674,0.04796666,-2.052303,-0.5318002,-0.6275216,-0.5686873,0.0,0.0,0.0,0.0,0.0,0.0,0.0,3.05846,0.4169281,1.03542,2.39452,0.03945248,-2.205633,0.1196965,-0.8213704,0.2374316,0.5046285,30.71999,243.9187,2.867014,0.7406483,0.01704171,-0.6716732,0.0,0.0,0.0,1.77657,-0.5387458,-2.561208,-0.0543139,-0.1311203,0.9068995,-0.4620458,0.04299917,0.8858133,-0.4362598,0.858598,-0.2692339,-0.7721344,-0.510843,-0.3779529,static,-16.764812375033102,-9.225806756930002,-3.4273308116816223,-8.226864797473302,-0.61795,-0.5781982800000001,-0.355575,-0.28501748925655745,-0.1536758526359248,0.9461230467029116,-16.711018622110483,-9.878915689924616,13.204276168383219,13.374838297755371,13.386023830704376
339,05/11/2023 10:04:00.105447,519,True,True,True,True,Eyes,2.258871,0.04746149,-2.060079,-0.5394236,-0.6283712,-0.5605103,0.0,0.0,0.0,0.0,0.0,0.0,0.0,3.052474,0.4418041,1.07801,2.402893,0.03737542,-2.213506,0.1210975,-0.8175165,0.2368082,0.5108072,30.72408,244.8015,2.929138,0.7404813,0.01691176,-0.6718605,0.0,0.0,0.0,1.77657,-0.5387458,-2.561208,-0.05453852,-0.1274629,0.9087744,-0.4488228,0.04392821,0.8925405,-0.4399252,0.8585145,-0.2634743,-0.7778329,-0.5109043,-0.3659959,static,-16.81293504853725,-9.276699728744173,-3.434387733656719,-7.984109277130586,-0.6263230000000002,-0.5761212200000001,-0.34770199999999996,-0.28577576420790063,-0.1544797797746178,0.9457632853228477,-16.75939659363095,-9.930667569037384,13.264971230233693,13.440845149472546,13.466437921818185
340,05/11/2023 10:04:00.125328,520,True,True,True,True,Eyes,2.266062,0.04706369,-2.067859,-0.5465233,-0.6293668,-0.5524579,0.0,0.0,0.0,0.0,0.0,0.0,0.0,3.049769,0.4617758,1.111367,2.411743,0.03467055,-2.220755,0.1221977,-0.8143651,0.2371537,0.5153983,30.81184,245.4938,3.032146,0.7403113,0.01677285,-0.672051,0.0,0.0,0.0,1.77657,-0.5387458,-2.561208,-0.05281839,-0.121483,0.9113787,-0.4388648,0.04543018,0.897404,-0.4434842,0.8576517,-0.2602985,-0.7814854,-0.5122204,-0.3562456,static,-16.734502253504182,-9.219726635000162,-3.31683142985272,-7.592533328106427,-0.635173,-0.57341635,-0.3404530000000001,-0.2845203696401979,-0.15359910894443976,0.9462851000881393,-16.680521307447084,-9.872294417367502,13.33855570847439,13.515977522542256,13.556751741056074
341,05/11/2023 10:04:00.135447,521,True,True,True,True,Eyes,2.273136,0.04679366,-2.075696,-0.5534918,-0.6303604,-0.5443277,0.0,0.0,0.0,0.0,0.0,0.0,0.0,3.050214,0.4980696,1.125647,2.419043,0.03662703,-2.228419,0.1276072,-0.8113449,0.2394811,0.5177689,31.38228,245.8609,2.747672,0.7401388,0.01662953,-0.6722444,0.0,0.0,0.0,1.77657,-0.5387458,-2.561208,-0.04641375,-0.1129279,0.9163327,-0.4312635,0.04092484,0.9012973,-0.4550587,0.8527304,-0.2564615,-0.7790592,-0.5207457,-0.3491283,static,-16.302461931210185,-8.744992759910582,-2.8996468724512905,-7.025647741318876,-0.6424729999999998,-0.5753728300000001,-0.332789,-0.2776976879076498,-0.14605717248259525,0.9495005782198475,-16.246207055558244,-9.389849477010097,13.352524783742897,13.512645884217136,13.55433947370145
342,05/11/2023 10:04:00.155589,522,True,True,True,True,Eyes,2.280193,0.0465504,-2.08357,-0.5606431,-0.6313266,-0.5358227,0.0,0.0,0.0,0.0,0.0,0.0,0.0,3.036256,0.5525158,1.165214,2.423818,0.03914024,-2.237279,0.1338497,-0.806612,0.2365457,0.5248882,31.47412,246.7201,2.176506,0.7399613,0.01648653,-0.672443,0.0,0.0,0.0,1.77657,-0.5387458,-2.561208,-0.04610822,-0.1139294,0.9179904,-0.4131535,0.03239061,0.9100854,-0.4642496,0.8522608,-0.2410889,-0.7834392,-0.5221134,-0.3370772,static,-16.234274095451475,-8.894879996154357,-2.8753984711493468,-7.074655311042081,-0.6472479999999998,-0.5778860400000001,-0.32392900000000013,-0.2764617628702583,-0.14859568582434315,0.9494672943843417,-16.177431895727633,-9.538518250960621,13.31661878725171,13.48231344576537,13.528293085799922
343,05/11/2023 10:04:00.176033,523,True,True,True,True,Eyes,2.287272,0.04644774,-2.091523,-0.5674862,-0.6324708,-0.5272002,0.9055525,1.773383,-0.5262877,-2.568931,-0.2124762,0.8305215,-0.5148669,-0.05777034,-0.09889162,0.9188045,2.431165,0.03944858,-2.245538,0.1378956,-0.8001661,0.2341127,0.5347059,31.47491,248.0673,1.99459,0.7397786,0.01634479,-0.6726472,0.0,0.0,0.0,1.77657,-0.5387458,-2.561208,-0.05227625,-0.1127662,0.9203272,-0.390149,0.02968417,0.9202733,-0.4710416,0.8523521,-0.227191,-0.7911408,-0.5221253,-0.3185619,static,-16.610268642474054,-9.117487018148317,-3.2510105352545686,-6.985539414258821,-0.654595,-0.57819438,-0.31567000000000034,-0.2825384160323759,-0.15200314721356575,0.9471362297083816,-16.555599003034907,-9.767837256099616,13.35034159218413,13.528302841119418,13.5923969769024
344,05/11/2023 10:04:00.186324,524,True,True,True,True,Eyes,2.294305,0.04632637,-2.099535,-0.5744601,-0.6333238,-0.5185523,0.9022629,1.775991,-0.5250982,-2.567406,-0.038599,0.9098142,-0.4132167,-0.05460155,-0.09376928,0.9207942,2.439145,0.04266294,-2.255138,0.1415232,-0.7959086,0.2361033,0.5392178,31.90126,248.8004,1.980747,0.7395904,0.01620876,-0.6728572,0.0,0.0,0.0,1.77657,-0.5387458,-2.561208,-0.04948661,-0.1070101,0.9256451,-0.3784305,0.0293432,0.9251643,-0.4799012,0.8484528,-0.2232097,-0.7915078,-0.528457,-0.3069986,static,-16.49764465438597,-8.745078105717264,-3.060219518162905,-6.594460411623835,-0.6625749999999999,-0.5814087400000001,-0.30607000000000006,-0.2809365476127006,-0.1459153311437298,0.9485690814729375,-16.442634910419855,-9.393419825686081,13.4434864769925,13.608436749228295,13.671986524733097
345,05/11/2023 10:04:00.205250,525,True,True,True,True,Eyes,2.301402,0.04619455,-2.107526,-0.5811615,-0.6342455,-0.5098863,0.9003313,1.778164,-0.5248365,-2.566592,0.106223,0.9272819,-0.3589776,-0.05344483,-0.09875369,0.9194784,2.445464,0.04208393,-2.264333,0.1418561,-0.7929089,0.2325658,0.5450556,31.56368,249.5533,1.921155,0.7393959,0.01607733,-0.6730739,0.0,0.0,0.0,1.77657,-0.5387458,-2.561208,-0.04825005,-0.1109893,0.9264284,-0.3655827,0.02856464,0.9303406,-0.4784806,0.8515799,-0.2141681,-0.7983772,-0.523446,-0.2976553,static,-16.460319714780674,-9.16070995841157,-2.981373071024513,-6.831670404696877,-0.6688939999999999,-0.58082973,-0.296875,-0.28002236531218866,-0.15283502977384772,0.947749445201201,-16.404649518221934,-9.80838256836673,13.497108095080913,13.67868516590659,13.749369654032328
346,05/11/2023 10:04:00.225555,526,True,True,True,True,Eyes,2.308425,0.04614361,-2.115516,-0.5876096,-0.6351637,-0.5012804,0.8993112,1.779981,-0.5250662,-2.566323,0.2274155,0.9121142,-0.3410716,-0.05103841,-0.09306331,0.9227933,2.45424,0.04182542,-2.271667,0.1418302,-0.7903467,0.2349973,0.5477341,31.79147,250.0846,2.241388,0.739197,0.01594974,-0.6732951,0.0,0.0,0.0,1.77657,-0.5387458,-2.561208,-0.04549649,-0.1041443,0.9312449,-0.3597435,0.03324208,0.9324591,-0.4816221,0.8493209,-0.2160883,-0.7991403,-0.5268292,-0.2895275,static,-16.274571730003874,-8.868698573365489,-2.7969933924214128,-6.381068927943631,-0.67767,-0.58057122,-0.28954100000000027,-0.2771490154888636,-0.14813129445591203,0.9493395335971107,-16.218013222668322,-9.513056513917876,13.533667933796679,13.705233274134873,13.781622528663943
347,05/11/2023 10:04:00.241206,527,True,True,True,True,Eyes,2.31536,0.0461196,-2.123463,-0.5939438,-0.6359859,-0.4926994,0.8988419,1.781498,-0.5255311,-2.566322,0.3284741,0.8808404,-0.3409177,-0.04614148,-0.08858883,0.9252867,2.45967,0.04366432,-2.279562,0.1440493,-0.7881993,0.237425,0.5492004,32.17454,250.3942,2.28238,0.7389932,0.01582829,-0.6735213,0.0,0.0,0.0,1.77657,-0.5387458,-2.561208,-0.04005849,-0.09846605,0.9348001,-0.3552576,0.03370863,0.9341606,-0.4878669,0.8457583,-0.2160525,-0.7973569,-0.5325003,-0.2840168,static,-15.869898236014361,-8.46298858879184,-2.4537642320392687,-6.013009262026446,-0.6831,-0.58241012,-0.2816460000000003,-0.2706956035577855,-0.1416758931689779,0.9521826677832719,-15.811170256799894,-9.100123657588718,13.48314974357721,13.638000231492686,13.709506592200876
348,05/11/2023 10:04:00.255012,528,True,True,True,True,Eyes,2.322222,0.0461171,-2.131355,-0.6003308,-0.6365969,-0.4840944,0.8988262,1.782629,-0.5260729,-2.566472,0.403899,0.8448145,-0.3509332,-0.04637685,-0.09033179,0.9267236,2.464719,0.04437229,-2.286341,0.1437316,-0.7857665,0.2368844,0.5529903,32.089,250.9753,2.442816,0.7387847,0.01571331,-0.6737525,0.0,0.0,0.0,1.77657,-0.5387458,-2.561208,-0.03979826,-0.09922579,0.9368548,-0.3470862,0.03611061,0.937138,-0.4878685,0.846454,-0.2133072,-0.800947,-0.5312361,-0.2761753,static,-15.727285399451171,-8.519009482565547,-2.432503035776532,-6.045870219504234,-0.6881490000000001,-0.58311809,-0.274867,-0.268284593419303,-0.14270677559373032,0.9527109864817822,-15.667590661443349,-9.153597827651923,13.367245243025266,13.522856795513649,13.595054812155862
349,05/11/2023 10:04:00.275373,529,True,True,True,True,Eyes,2.328938,0.04618388,-2.139221,-0.6065583,-0.6371349,-0.4755483,0.8991671,1.78354,-0.5267069,-2.566818,0.4646674,0.8026019,-0.3740514,-0.04654467,-0.08938336,0.9290105,2.470102,0.04489934,-2.292745,0.1444295,-0.7830864,0.237045,0.5565299,32.14151,251.536,2.548053,0.7385719,0.01560491,-0.6739882,0.0,0.0,0.0,1.77657,-0.5387458,-2.561208,-0.03936192,-0.09733246,0.9395086,-0.3388292,0.03764361,0.9400946,-0.4900469,0.8458996,-0.2104947,-0.8031493,-0.5320121,-0.2681683,static,-15.558840408214753,-8.44629172182351,-2.399077261160509,-5.91470401735682,-0.6935319999999998,-0.58364514,-0.2684630000000001,-0.2655247983655661,-0.14160977827967366,0.9536473613859041,-15.498144921434543,-9.077872935040128,13.248935578528558,13.401056017791058,13.475578324147534
350,05/11/2023 10:04:00.285593,530,True,True,True,True,Eyes,2.335493,0.04626653,-2.147075,-0.6130406,-0.6372877,-0.4669535,0.8997353,1.783918,-0.5271237,-2.567209,0.4897683,0.7746513,-0.4000528,-0.04593891,-0.09173797,0.9304466,2.473569,0.04658664,-2.299823,0.1459779,-0.78048,0.2355939,0.5603901,32.09752,252.0615,2.447959,0.7383535,0.01550471,-0.6742295,0.0,0.0,0.0,1.77657,-0.5387458,-2.561208,-0.03827673,-0.09918505,0.9409783,-0.3293068,0.03618324,0.9435295,-0.4919147,0.8463719,-0.2041434,-0.8059634,-0.5313618,-0.2609169,static,-15.335089428629649,-8.490262681513686,-2.3293700486894244,-6.017117939274834,-0.6969989999999999,-0.5853324400000001,-0.2613850000000002,-0.2617650653639785,-0.14249331107608393,0.9545546960941874,-15.272921785477571,-9.117848520281784,13.087522534834982,13.238775680017257,13.309773164817766
351,05/11/2023 10:04:00.305133,531,True,True,True,True,Eyes,2.341959,0.0462981,-2.154898,-0.6194654,-0.6374134,-0.4582213,0.9001828,1.784327,-0.5274906,-2.567381,0.5171763,0.7504067,-0.4116046,-0.0488812,-0.09853454,0.9300948,2.476756,0.04695698,-2.307138,0.1472921,-0.7768052,0.2309446,0.5670479,31.7249,252.8904,2.228762,0.7381282,0.01541246,-0.674478,0.0,0.0,0.0,1.77657,-0.5387458,-2.561208,-0.04096282,-0.1054779,0.9407743,-0.3135235,0.03307866,0.9490041,-0.4907478,0.8499392,-0.1917545,-0.8129389,-0.5258414,-0.2502427,static,-15.34987560244497,-8.934711107428656,-2.4931752353146464,-6.397182417818211,-0.700186,-0.5857027800000001,-0.25407,-0.2617218314270972,-0.14989533775241065,0.9534322496879089,-15.287350682090077,-9.562558099228406,12.9387911285724,13.104724193235244,13.179929004639378
352,05/11/2023 10:04:00.325345,532,True,True,True,True,Eyes,2.34833,0.04631232,-2.162686,-0.6258851,-0.6375483,-0.4492217,0.9003502,1.784814,-0.5277044,-2.567143,0.5494614,0.7359325,-0.395595,-0.05282813,-0.09784563,0.9306343,2.481569,0.04577425,-2.313966,0.1487928,-0.7723101,0.2293647,0.5734019,31.66269,253.8182,2.235975,0.737896,0.01532583,-0.6747337,0.0,0.0,0.0,1.77657,-0.5387458,-2.561208,-0.04507506,-0.1042634,0.9417608,-0.2981421,0.03320793,0.9539437,-0.4928647,0.8505051,-0.1836453,-0.8174326,-0.5249175,-0.2372044,static,-15.436121789571223,-9.020506299209579,-2.7402301144360184,-6.317552860392905,-0.7049989999999999,-0.5845200500000001,-0.24724199999999996,-0.2631012473957497,-0.15126404420406614,0.9528363193831463,-15.37405992143125,-9.649892672523194,12.81060178574938,12.98043230093583,13.065915360801542
353,05/11/2023 10:04:00.346254,533,True,True,True,True,Eyes,2.354574,0.0463344,-2.170445,-0.6321373,-0.6377336,-0.4401117,0.9004691,1.785354,-0.527925,-2.566752,0.5855888,0.7214078,-0.3696707,-0.05619133,-0.09214327,0.9319603,2.486016,0.04542786,-2.32071,0.150354,-0.7677886,0.2313818,0.578236,31.95039,254.6781,2.479391,0.7376571,0.01524377,-0.6749965,0.0,0.0,0.0,1.77657,-0.5387458,-2.561208,-0.04876634,-0.09794387,0.9436314,-0.2860737,0.03670644,0.9575044,-0.4984668,0.8477123,-0.1814244,-0.8183477,-0.5291848,-0.2242113,static,-15.475483544587762,-8.686351255744515,-2.9583818184694954,-5.925774806374539,-0.7094459999999998,-0.58417366,-0.2404980000000001,-0.26397992408917004,-0.14566819832795969,0.9534649415531242,-15.414012333860379,-9.316442583138773,12.659393674676767,12.817902244704825,12.908886842339422
354,05/11/2023 10:04:00.355438,534,True,True,True,True,Eyes,2.360713,0.04627405,-2.178143,-0.6384137,-0.6377876,-0.4308769,0.9004694,1.785841,-0.5280342,-2.566134,0.6181277,0.7141668,-0.3284568,-0.05887777,-0.09034479,0.9325923,2.489558,0.04577234,-2.327625,0.1504091,-0.7639732,0.2325692,0.5827811,32.05035,255.4764,2.790027,0.7374108,0.01516614,-0.675267,0.0,0.0,0.0,1.77657,-0.5387458,-2.561208,-0.05203409,-0.0956561,0.9448365,-0.275487,0.04125676,0.9604193,-0.5008909,0.8465773,-0.1800421,-0.8204971,-0.5306644,-0.2125559,static,-15.485170767385194,-8.501805374868004,-3.1522122192112647,-5.780978986602119,-0.7129880000000002,-0.58451814,-0.23358300000000032,-0.264261014204301,-0.14258501791621989,0.9538530322081102,-15.423948878082628,-9.13207085400725,12.478059516583164,12.629519499413284,12.721058813183598
355,05/11/2023 10:04:00.375265,535,True,True,True,True,Eyes,2.366773,0.04614974,-2.185743,-0.6444103,-0.6380302,-0.4214887,0.9003639,1.786569,-0.5283098,-2.565236,0.6664155,0.6955504,-0.2685144,-0.06267157,-0.08810681,0.9322746,2.493505,0.0439225,-2.333682,0.1490645,-0.7603458,0.2337679,0.5873728,32.04612,256.304,3.242059,0.7371576,0.01509002,-0.6755449,0.0,0.0,0.0,1.77657,-0.5387458,-2.561208,-0.05663729,-0.09265262,0.9452377,-0.2655462,0.04793674,0.9629058,-0.5012988,0.8462647,-0.180376,-0.8235199,-0.5306017,-0.2006918,static,-15.544743559948374,-8.401582002383662,-3.4289814022360376,-5.598274093167603,-0.7169349999999999,-0.5826683,-0.22752600000000012,-0.2653182763570052,-0.1408738701077821,0.953813744940606,-15.484003568782162,-9.032911802458733,12.28724122328437,12.4358444786081,12.53476348520398
356,05/11/2023 10:04:00.385442,536,True,True,True,True,Eyes,2.372701,0.04606651,-2.193264,-0.6501239,-0.6383861,-0.4120705,0.9004173,1.787319,-0.5287474,-2.564299,0.7164682,0.6664815,-0.2060969,-0.06674823,-0.07998553,0.9333922,2.497896,0.04249603,-2.338835,0.1486453,-0.7563689,0.2380535,0.5908817,32.39656,257.1087,3.834181,0.7368987,0.01501335,-0.6758287,0.0,0.0,0.0,1.77657,-0.5387458,-2.561208,-0.06156209,-0.08353858,0.9470134,-0.2575268,0.05646166,0.9646201,-0.5061843,0.8424702,-0.1844491,-0.823078,-0.5357761,-0.1883787,static,-15.574259195582439,-7.914653909244027,-3.71936864913773,-5.041164781837284,-0.7213259999999999,-0.5812418300000001,-0.22237300000000015,-0.26611146863909263,-0.1327327991485996,0.954760014497671,-15.514202280514088,-8.54651384160858,12.064157914723797,12.198170749481616,12.304697169076787
357,05/11/2023 10:04:00.415132,537,True,True,True,True,Eyes,2.378481,0.04598968,-2.200727,-0.6556877,-0.6387434,-0.4025923,0.9005709,1.787988,-0.5292441,-2.56329,0.761203,0.6334761,-0.1388456,-0.06849387,-0.07166541,0.9350433,2.501099,0.04314038,-2.344242,0.1509411,-0.752357,0.2421127,0.593765,32.92616,257.7813,4.12601,0.7366343,0.01493759,-0.6761183,0.0,0.0,0.0,1.77657,-0.5387458,-2.561208,-0.06420833,-0.07412973,0.9492044,-0.2493195,0.06039303,0.9665362,-0.5146394,0.8371965,-0.1850634,-0.8203571,-0.5435575,-0.1776487,static,-15.440353596299099,-7.31538093176844,-3.8698413853463154,-4.4655473479970125,-0.724529,-0.58188618,-0.21696600000000021,-0.26421986442784184,-0.12280585501711488,0.9566120615011018,-15.380051324500357,-7.944853818710651,11.80066875566351,11.916304136727922,12.02457925919033
358,05/11/2023 10:04:00.425194,538,True,True,True,True,Eyes,2.384171,0.04589164,-2.208122,-0.661081,-0.6389998,-0.3932572,0.9009538,1.788567,-0.5298177,-2.562428,0.7995629,0.5950442,-0.0813737,-0.07159726,-0.07155779,0.9352096,2.503717,0.04320389,-2.350132,0.152906,-0.7481962,0.2412103,0.5988656,32.96218,258.5641,4.107474,0.7363636,0.01486293,-0.6764143,0.0,0.0,0.0,1.77657,-0.5387458,-2.561208,-0.06811881,-0.07303566,0.9497299,-0.2359598,0.06009761,0.9699028,-0.5177124,0.8368747,-0.1778049,-0.8223728,-0.5440855,-0.1663556,static,-15.416891071477176,-7.30164526128908,-4.102480280015788,-4.397476724046771,-0.727147,-0.5819496900000001,-0.21107600000000026,-0.2638352097992993,-0.12258990317560059,0.9567459203061369,-15.356453071444337,-7.930699311183034,11.565911137112217,11.681185147520178,11.795573976728049
359,05/11/2023 10:04:00.435272,539,True,True,True,True,Eyes,2.389737,0.04574912,-2.215463,-0.6662694,-0.6392682,-0.3839548,0.9014695,1.789116,-0.5305316,-2.561587,0.836354,0.5476061,-0.02528819,-0.07261902,-0.06829262,0.9365755,2.507459,0.0428437,-2.355834,0.1550903,-0.7445744,0.241547,0.6026701,33.13653,259.2014,4.122222,0.7360875,0.01478871,-0.6767161,0.0,0.0,0.0,1.77657,-0.5387458,-2.561208,-0.06991597,-0.06866875,0.9513252,-0.225472,0.06019377,0.9723884,-0.5220988,0.835204,-0.172763,-0.8225421,-0.546636,-0.156888,static,-15.278062443837227,-7.125782824526004,-4.203295577234976,-4.128575269740314,-0.7308889999999999,-0.5815895000000001,-0.20537399999999995,-0.26160827197791037,-0.11972793180827371,0.9577193574989935,-15.216917446793138,-7.7523592077747985,11.362607042363827,11.473173679329335,11.594467504597462
360,05/11/2023 10:04:00.455367,540,True,True,True,True,Eyes,2.395214,0.04559197,-2.222727,-0.6712722,-0.6394241,-0.3748738,0.9022056,1.789589,-0.5313001,-2.560941,0.8679132,0.4963966,0.01780253,-0.07304749,-0.06630766,0.9368702,2.510409,0.04159267,-2.361766,0.1571832,-0.7412702,0.2409214,0.6064395,33.21758,259.7841,4.056306,0.7358056,0.01471361,-0.6770239,0.0,0.0,0.0,1.77657,-0.5387458,-2.561208,-0.07094905,-0.06563881,0.9517072,-0.2150495,0.05917811,0.9748087,-0.5252389,0.8345006,-0.1665317,-0.8233334,-0.54782,-0.1483763,static,-15.114789146339131,-7.052570859246081,-4.263470375885919,-3.945415756900556,-0.7338390000000001,-0.58033847,-0.19944200000000034,-0.25891353571546094,-0.11859324595644893,0.9585923717185119,-15.052676896840822,-7.676232454812946,11.178734989880722,11.287405897194537,11.416040057096755
361,05/11/2023 10:04:00.475254,541,True,True,True,True,Eyes,2.400541,0.04548093,-2.22991,-0.6760202,-0.6396494,-0.3658489,0.9030969,1.790029,-0.5321845,-2.560308,0.8972498,0.437427,0.06000315,-0.07272997,-0.06189045,0.9385896,2.514015,0.04102226,-2.367049,0.159401,-0.7382936,0.2418088,0.6091325,33.45243,260.2725,4.070004,0.7355186,0.01463736,-0.6773369,0.0,0.0,0.0,1.77657,-0.5387458,-2.561208,-0.07121004,-0.06007197,0.9534009,-0.2070979,0.05921773,0.9765264,-0.5299565,0.8322397,-0.1628592,-0.8223481,-0.5512443,-0.1409723,static,-14.881833102618895,-6.80077476409038,-4.271522061830838,-3.605331611076066,-0.7374450000000001,-0.57976806,-0.19415899999999997,-0.25513734542375666,-0.11449835569515177,0.9601016325748204,-14.818490503143353,-7.420278528159168,10.979185052897694,11.08104495642965,11.215719472338991
362,05/11/2023 10:04:00.485233,542,True,True,True,True,Eyes,2.405712,0.04537542,-2.237025,-0.6809063,-0.6394635,-0.3570055,0.9039494,1.790207,-0.5326673,-2.55974,0.9089861,0.4051822,0.09783494,-0.07312478,-0.0598616,0.9398085,2.515997,0.0419834,-2.372187,0.161622,-0.7352835,0.2421859,0.6120316,33.64091,260.7706,4.048349,0.7352262,0.01456161,-0.6776555,0.0,0.0,0.0,1.77657,-0.5387458,-2.561208,-0.07221021,-0.05739339,0.9545776,-0.1985916,0.05877484,0.9783185,-0.5341268,0.8304486,-0.1583151,-0.8217481,-0.5539861,-0.1335269,static,-14.66619061436213,-6.575749638035334,-4.325971488006143,-3.44073141305956,-0.7394270000000001,-0.5807292000000001,-0.18902100000000033,-0.2516272682484557,-0.11083202546138457,0.9614571567408176,-14.601700918887115,-7.191404533561924,10.710448345032756,10.805020631724329,10.938837424220743
363,05/11/2023 10:04:00.505350,543,True,True,True,True,Eyes,2.410753,0.04527431,-2.24409,-0.685742,-0.639202,-0.3481073,0.9047981,1.790295,-0.5330745,-2.559057,0.9146633,0.3779504,0.1433342,-0.07643326,-0.0643207,0.9396785,2.51783,0.04198679,-2.377473,0.1620096,-0.7318639,0.239291,0.6171452,33.38237,261.4778,3.997845,0.7349281,0.01448657,-0.67798,0.0,0.0,0.0,1.77657,-0.5387458,-2.561208,-0.0763234,-0.06141318,0.954399,-0.1857697,0.05821649,0.9808673,-0.5324925,0.8329854,-0.1502899,-0.8257974,-0.5502237,-0.1237436,static,-14.651950967916715,-6.822134902680718,-4.572219992495699,-3.6817636219925123,-0.74126,-0.5807325900000001,-0.18373499999999998,-0.25126919889112165,-0.11497653485235979,0.9610640799672249,-14.58712007191547,-7.437533965287589,10.457524895286927,10.557599552807122,10.695982164922349
364,05/11/2023 10:04:00.525247,544,True,True,True,True,Eyes,2.415663,0.04514389,-2.251116,-0.6907105,-0.638566,-0.3393412,0.9055502,1.79019,-0.5331097,-2.558407,0.9077663,0.3756451,0.1866844,-0.07974201,-0.06644451,0.9399773,2.52018,0.04199918,-2.383201,0.1628801,-0.7280063,0.2370899,0.6223065,33.22502,262.2334,3.970936,0.7346255,0.01441265,-0.6783104,0.0,0.0,0.0,1.77657,-0.5387458,-2.561208,-0.0804745,-0.06349973,0.954671,-0.1724094,0.05792971,0.9833204,-0.5322405,0.834517,-0.1424832,-0.8288516,-0.5479284,-0.113046,static,-14.674386186118129,-6.938582538418197,-4.818387041103001,-3.805410696670832,-0.7436099999999999,-0.5807449800000001,-0.17800700000000003,-0.25158804313691463,-0.11691955165052317,0.9607461975860581,-14.609580097517949,-7.554381435569168,10.2392942416247,10.342025185448811,10.484380910149355
365,05/11/2023 10:04:00.535049,545,True,True,True,True,Eyes,2.420469,0.04499671,-2.258129,-0.6955066,-0.6380172,-0.3304612,0.906371,1.790082,-0.5332836,-2.557649,0.9006494,0.3640994,0.237197,-0.08402884,-0.06917235,0.9395875,2.522353,0.04120987,-2.389108,0.162696,-0.7239848,0.2349713,0.6278253,32.99191,263.0667,4.065396,0.7343156,0.01433853,-0.6786484,0.0,0.0,0.0,1.77657,-0.5387458,-2.561208,-0.08571568,-0.06608911,0.9541718,-0.1587311,0.05946302,0.9855297,-0.5306207,0.836637,-0.135942,-0.8326141,-0.5445206,-0.1012481,static,-14.77694514761655,-7.114439110749635,-5.133246972486554,-3.962168147882025,-0.7457829999999999,-0.57995567,-0.17210000000000036,-0.2532193305447533,-0.11981509045902802,0.9599605708473664,-14.712614670318512,-7.732068076740752,10.038187905421921,10.145823116748284,10.29448546377503
366,05/11/2023 10:04:00.554989,546,True,True,True,True,Eyes,2.425164,0.0448449,-2.265125,-0.7002015,-0.6373144,-0.321789,0.9072103,1.789934,-0.5333333,-2.557055,0.8906617,0.3607379,0.2767487,-0.08705699,-0.06613936,0.9402236,2.525042,0.04072358,-2.395663,0.1638971,-0.7196413,0.2353856,0.6323352,33.09728,263.8677,4.229907,0.7339994,0.01426415,-0.6789927,0.0,0.0,0.0,1.77657,-0.5387458,-2.561208,-0.08953211,-0.06298478,0.9546819,-0.1465801,0.06179101,0.9872671,-0.5335793,0.8354627,-0.1315107,-0.8329509,-0.5460621,-0.08949178,static,-14.843606563598875,-6.9201468609371135,-5.357650384565155,-3.774597386989601,-0.748472,-0.57946938,-0.16554500000000028,-0.2544364652598103,-0.11652065768611145,0.9600442526514597,-14.779898792654594,-7.538967320146788,9.890353440053726,9.99389043984371,10.146390789704572
367,05/11/2023 10:04:00.575650,547,True,True,True,True,Eyes,2.429751,0.04470395,-2.272104,-0.704714,-0.6366564,-0.3131242,0.9081277,1.789781,-0.5334614,-2.556461,0.8807538,0.3523118,0.3164635,-0.08889495,-0.06457472,0.9409109,2.527437,0.04049486,-2.402114,0.1647047,-0.7159351,0.2354059,0.6363123,33.1394,264.5601,4.366192,0.7336754,0.01418921,-0.6793451,0.0,0.0,0.0,1.77657,-0.5387458,-2.561208,-0.09212857,-0.06130853,0.9551885,-0.1359581,0.0637475,0.9886616,-0.5354191,0.8349128,-0.1274634,-0.8335718,-0.5466779,-0.0793816,static,-14.83440448863344,-6.788866057370085,-5.509174989573115,-3.672477362423762,-0.750867,-0.5792406600000001,-0.15909400000000007,-0.25434764295244844,-0.11432338406222917,0.9603319209854966,-14.770771406691154,-7.407523056179739,9.732010912616367,9.832181024988003,9.986377447704385
368,05/11/2023 10:04:00.585741,548,True,True,True,True,Eyes,2.434206,0.04455265,-2.27907,-0.709119,-0.6358649,-0.3046739,0.9090022,1.789615,-0.5334501,-2.55602,0.8694066,0.3529524,0.34577,-0.0892459,-0.06310029,0.9418851,2.529741,0.04063222,-2.408587,0.1658712,-0.7127264,0.2352188,0.6396718,33.19565,265.1339,4.419582,0.7333436,0.01411426,-0.6797055,0.0,0.0,0.0,1.77657,-0.5387458,-2.561208,-0.09307131,-0.05987028,0.9560292,-0.1266136,0.0644841,0.989854,-0.5373673,0.8343177,-0.123087,-0.8337899,-0.5474996,-0.07098434,static,-14.73810030053987,-6.644765901914815,-5.560334381889115,-3.5834058231591026,-0.753171,-0.57937802,-0.15262100000000034,-0.2528017727544644,-0.11195466968975798,0.9610190051092005,-14.673999243153835,-7.261704307357523,9.579186396892181,9.674880505171446,9.827958432060429
369,05/11/2023 10:04:00.615094,549,True,True,True,True,Eyes,2.438562,0.04436468,-2.286046,-0.713407,-0.6350666,-0.296211,0.9098949,1.789437,-0.5334792,-2.555567,0.8575753,0.3510321,0.3759535,-0.09057166,-0.06366605,0.9418432,2.531358,0.04023082,-2.415089,0.1665721,-0.7093289,0.2340267,0.6436908,33.12351,265.7691,4.449477,0.7330027,0.01403892,-0.6800753,0.0,0.0,0.0,1.77657,-0.5387458,-2.561208,-0.09501366,-0.06048355,0.9558158,-0.1158319,0.06497283,0.9911416,-0.5375904,0.8349706,-0.1175619,-0.8352123,-0.5464455,-0.06178747,static,-14.702988669953047,-6.641519518735691,-5.676884615064827,-3.620820728808749,-0.754788,-0.57897662,-0.1461190000000001,-0.25221384652337464,-0.11191796178531414,0.9611777338542878,-14.638666907573876,-7.2578310240108515,9.423278338602207,9.518149798628706,9.671679572118528
370,05/11/2023 10:04:00.625350,550,True,True,True,True,Eyes,2.442822,0.04417691,-2.293049,-0.7174981,-0.6341875,-0.288102,0.910758,1.789354,-0.5334144,-2.55544,0.8520555,0.355327,0.3843748,-0.09115198,-0.06304483,0.9419982,2.533684,0.03918098,-2.422207,0.1673442,-0.7060167,0.2329225,0.647521,33.06651,266.379,4.472375,0.7326537,0.01396253,-0.6804534,0.0,0.0,0.0,1.77657,-0.5387458,-2.561208,-0.09587534,-0.059975,0.9559045,-0.105425,0.06534886,0.9922777,-0.53794,0.835486,-0.1121766,-0.8363648,-0.5456121,-0.05292734,static,-14.67047559599717,-6.6195562441911235,-5.727499537114481,-3.590124291957708,-0.7571140000000001,-0.5779267800000001,-0.13900099999999993,-0.2516784087133403,-0.11156557205430535,0.9613590238737955,-14.605968725244498,-7.235287366983444,9.347830772402432,9.44215434860931,9.597626215273502
371,05/11/2023 10:04:00.635591,551,True,True,True,True,Eyes,2.446968,0.04402715,-2.300073,-0.7214016,-0.6333131,-0.2801684,0.9116196,1.789324,-0.5333135,-2.55548,0.8503018,0.3621834,0.3818505,-0.08890858,-0.06071087,0.9428748,2.53585,0.03895395,-2.429735,0.1688255,-0.7034501,0.2328535,0.6499503,33.16541,266.8027,4.464859,0.7322937,0.01388479,-0.6808428,0.0,0.0,0.0,1.77657,-0.5387458,-2.561208,-0.0936985,-0.05773553,0.9567732,-0.09812567,0.06516586,0.9930384,-0.540207,0.8345544,-0.1081454,-0.8357919,-0.547058,-0.04668815,static,-14.488057808056816,-6.433491187230082,-5.593242113883613,-3.4532694838576012,-0.75928,-0.5776997500000001,-0.13147300000000017,-0.24870047893183073,-0.10852925130386351,0.9624809384415003,-14.422576219033814,-7.045966420915784,9.292123260880363,9.380803144430775,9.532293114561458
372,05/11/2023 10:04:00.655095,552,True,True,True,True,Eyes,2.451003,0.04384754,-2.307113,-0.725323,-0.6321555,-0.2725544,0.9123368,1.789264,-0.5328911,-2.555775,0.8463967,0.3903781,0.3622396,-0.08459774,-0.0607148,0.9438189,2.537485,0.03959034,-2.43717,0.1703607,-0.7018486,0.2316659,0.651703,33.17773,267.0395,4.304425,0.7319236,0.01380737,-0.6812425,0.0,0.0,0.0,1.77657,-0.5387458,-2.561208,-0.08918975,-0.05817245,0.9578677,-0.09252097,0.06281989,0.9937271,-0.5410895,0.8346162,-0.1031396,-0.8358601,-0.5472379,-0.04322841,static,-14.17329950646927,-6.335581269358473,-5.319632497741192,-3.4753726346944807,-0.7609150000000002,-0.57833614,-0.12403800000000009,-0.24344903771448895,-0.10703147504695053,0.9639900211380679,-14.105909323315844,-6.942437096946645,9.220904062187225,9.304204046303285,9.445591375929942
373,05/11/2023 10:04:00.675951,553,True,True,True,True,Eyes,2.454915,0.04367411,-2.314178,-0.7291883,-0.6308438,-0.2651801,0.9129828,1.789179,-0.5322755,-2.556283,0.8404028,0.4312698,0.3282217,-0.08232576,-0.06484415,0.9432999,2.539046,0.03868771,-2.444491,0.1692747,-0.7004413,0.2288983,0.654472,32.83563,267.3707,4.264553,0.7315423,0.01372929,-0.6816539,0.0,0.0,0.0,1.77657,-0.5387458,-2.561208,-0.08654147,-0.06300998,0.957581,-0.08602504,0.06248096,0.9943319,-0.5367491,0.8379033,-0.0990885,-0.8393451,-0.5422308,-0.03854399,static,-13.996158164239256,-6.561446623599552,-5.164082293926014,-3.764703903010842,-0.7624759999999999,-0.5774335100000001,-0.11671699999999996,-0.2403644492610445,-0.11091865014538203,0.9643246065888296,-13.927408357801962,-7.165138127051101,9.178354298435561,9.264304292505475,9.399938117553317
374,05/11/2023 10:04:00.685458,554,True,True,True,True,Eyes,2.45869,0.04343133,-2.321281,-0.7331117,-0.6292509,-0.2580513,0.9135337,1.788968,-0.5314105,-2.557019,0.8264133,0.4889694,0.2791954,-0.07678425,-0.06911776,0.9431303,2.54014,0.03859848,-2.452152,0.1697874,-0.6997448,0.2251849,0.6563698,32.54968,267.4882,3.945074,0.7311501,0.01365107,-0.6820764,0.0,0.0,0.0,1.77657,-0.5387458,-2.561208,-0.08037683,-0.06828923,0.9576716,-0.08070216,0.05799337,0.9950498,-0.5332249,0.8409279,-0.09225728,-0.8421155,-0.5380307,-0.03694113,static,-13.629988081164495,-6.7596748656970655,-4.797558203142643,-4.078718764728641,-0.7635700000000001,-0.57734428,-0.10905600000000026,-0.23410275618751036,-0.11443427414102522,0.9654535875466089,-13.558700776353234,-7.35682709900142,9.143872597704814,9.230349027284554,9.354336611398574
375,05/11/2023 10:04:00.705390,555,True,True,True,True,Eyes,2.462381,0.0431273,-2.328442,-0.7369178,-0.6276495,-0.2510143,0.914131,1.788741,-0.5306265,-2.557902,0.8114367,0.5412955,0.2203855,-0.07399064,-0.07487307,0.9412374,2.540914,0.03652955,-2.46003,0.1701435,-0.6979614,0.2196172,0.6600525,32.08494,267.8221,3.546515,0.7307433,0.01357026,-0.6825141,0.0,0.0,0.0,1.77657,-0.5387458,-2.561208,-0.07684773,-0.07504872,0.9559612,-0.07076345,0.05241064,0.9961153,-0.5274249,0.845639,-0.08196133,-0.8466495,-0.5311759,-0.03219776,static,-13.44493976762446,-7.17464315032278,-4.596005266641704,-4.488857469868492,-0.7643439999999999,-0.5752753500000001,-0.10117799999999999,-0.2307876028137163,-0.12152252188631543,0.9653855585585838,-13.37205024520403,-7.76848866500459,9.153529301756802,9.247544891700512,9.368828434860937
376,05/11/2023 10:04:00.725398,556,True,True,True,True,Eyes,2.465961,0.04282656,-2.335676,-0.7405056,-0.6261196,-0.244184,0.9148133,1.788536,-0.5299561,-2.559059,0.7976193,0.5859096,0.1432244,-0.07063517,-0.07376295,0.9410329,2.54285,0.03465832,-2.46853,0.1716853,-0.6958069,0.217302,0.6626891,32.00196,268.1588,3.318387,0.7303233,0.01348568,-0.6829655,0.0,0.0,0.0,1.77657,-0.5387458,-2.561208,-0.07245784,-0.07473837,0.9558916,-0.06273467,0.04908771,0.9968224,-0.5269269,0.846608,-0.07485247,-0.8475921,-0.5299483,-0.02724611,static,-13.261154775765279,-7.174288935943443,-4.334805731621671,-4.470694209549787,-0.7662800000000001,-0.5734041200000001,-0.09267800000000026,-0.22768742805064418,-0.12160775008772741,0.9661108182904297,-13.187093109619404,-7.764852956904132,9.233551922022212,9.32679643299172,9.445341374213486
377,05/11/2023 10:04:00.735201,557,True,True,True,True,Eyes,2.469401,0.04253235,-2.342969,-0.7440822,-0.6244481,-0.2375,0.9155962,1.788122,-0.52921,-2.560423,0.7701272,0.6357418,0.05231089,-0.06500178,-0.07322413,0.941322,2.543928,0.03429999,-2.477434,0.173335,-0.6944696,0.2155088,0.6642461,31.97862,268.3337,3.078213,0.7298902,0.01339816,-0.6834303,0.0,0.0,0.0,1.77657,-0.5387458,-2.561208,-0.06555497,-0.07515869,0.9561859,-0.05746419,0.04555007,0.997308,-0.5270535,0.8470219,-0.0690545,-0.8478871,-0.5296028,-0.02466615,static,-12.954403527659487,-7.09098533447913,-3.921993435141963,-4.494356042874385,-0.7673580000000002,-0.5730457900000001,-0.08377400000000002,-0.22254616704393682,-0.12034960251573411,0.9674653361536047,-12.87846950878706,-7.676072822097744,9.309308946684165,9.39824003510403,9.504829578744088
378,05/11/2023 10:04:00.755107,558,True,True,True,True,Eyes,2.472683,0.04221319,-2.350316,-0.7476773,-0.6226705,-0.2307816,0.9164718,1.787458,-0.5284467,-2.561821,0.7258528,0.686635,-0.04086692,-0.06066167,-0.07783086,0.9408064,2.544216,0.03407913,-2.486081,0.1734387,-0.69324,0.211776,0.6666996,31.66058,268.5644,2.822451,0.7294406,0.01330781,-0.683912,0.0,0.0,0.0,1.77657,-0.5387458,-2.561208,-0.05992788,-0.08093233,0.9554633,-0.05086144,0.04191266,0.9978259,-0.5228512,0.85014,-0.06236015,-0.8509054,-0.5248861,-0.02132533,static,-12.711917822607843,-7.302538492431362,-3.5889632087428027,-4.841670246997104,-0.767646,-0.57282493,-0.07512700000000017,-0.21834968812480715,-0.12404150315644005,0.9679551449290353,-12.634221842069762,-7.883295018940658,9.357925971527338,9.449030289295727,9.542965209885057
379,05/11/2023 10:04:00.775618,559,True,True,True,True,Eyes,2.475796,0.04184463,-2.357726,-0.7513583,-0.6207097,-0.2240092,0.9174732,1.786445,-0.5276399,-2.563249,0.658303,0.7403504,-0.1360822,-0.05853482,-0.08422974,0.9393855,2.543949,0.03311601,-2.494641,0.1724086,-0.6915101,0.207357,0.6701435,31.18854,268.9402,2.6447,0.728974,0.01321439,-0.6844112,0.0,0.0,0.0,1.77657,-0.5387458,-2.561208,-0.05651726,-0.08873492,0.9535509,-0.04236615,0.03947324,0.9983222,-0.5163623,0.8545567,-0.05570189,-0.8553216,-0.5178558,-0.01582184,static,-12.600595246438864,-7.650644521994997,-3.391970517582178,-5.316482367261184,-0.767379,-0.57186181,-0.06656700000000004,-0.21630267406487408,-0.12998075277968568,0.9676353163443505,-12.521835340147605,-8.22941113847518,9.402531007385173,9.49984643883797,9.583297225093455
380,05/11/2023 10:04:00.785945,560,True,True,True,True,Eyes,2.478747,0.04139036,-2.36521,-0.7549304,-0.6188768,-0.2169599,0.9184887,1.785352,-0.527041,-2.564485,0.5856395,0.7805479,-0.2185665,-0.05865658,-0.0901335,0.9374372,2.543352,0.03159172,-2.503499,0.1709983,-0.6887845,0.2034292,0.6745014,30.7248,269.5115,2.59127,0.7284888,0.01311675,-0.6849298,0.0,0.0,0.0,1.77657,-0.5387458,-2.561208,-0.05556044,-0.09586879,0.9509423,-0.03161524,0.03886459,0.9987443,-0.5099885,0.8587523,-0.04956063,-0.8596001,-0.5109149,-0.007329178,static,-12.644295477916335,-7.990673963615133,-3.343803061420638,-5.7567958040407206,-0.7667820000000001,-0.57033752,-0.05770900000000001,-0.2168727478479231,-0.13570341336723257,0.9667216742536517,-12.565468860481976,-8.570218666808557,9.460208186725277,9.565007622637712,9.641289764047254
381,05/11/2023 10:04:00.805419,561,True,True,True,True,Eyes,2.481561,0.04087232,-2.372768,-0.7583401,-0.6171669,-0.2098222,0.919559,1.784223,-0.5266491,-2.565712,0.5099677,0.8061137,-0.3001894,-0.06005688,-0.09137499,0.9354981,2.542778,0.02912827,-2.512615,0.1704355,-0.6851588,0.2014378,0.6789197,30.49465,270.2007,2.658656,0.7279853,0.01301321,-0.6854672,0.0,0.0,0.0,1.77657,-0.5387458,-2.561208,-0.05588681,-0.09810779,0.9482443,-0.02003963,0.03996943,0.999,-0.5070711,0.860749,-0.04460973,-0.8616713,-0.5074579,0.003018222,static,-12.778294672782822,-8.091417773068029,-3.372947758011681,-5.906951299201816,-0.7662080000000002,-0.56787407,-0.04859300000000033,-0.21908336993897576,-0.13733350810036554,0.9659927690751564,-12.7002205706934,-8.673354395581818,9.547810935271077,9.655694918680918,9.728874766068913
382,05/11/2023 10:04:00.825421,562,True,True,True,True,Eyes,2.484233,0.04032975,-2.380402,-0.7613719,-0.6158946,-0.2024519,0.9204904,1.783398,-0.5265953,-2.566757,0.455111,0.8099493,-0.3699406,-0.06005425,-0.08796656,0.9347187,2.542646,0.02709547,-2.521907,0.1717596,-0.6813775,0.2013544,0.6824074,30.58505,270.8284,2.71283,0.7274607,0.01290228,-0.686026,0.0,0.0,0.0,1.77657,-0.5387458,-2.561208,-0.05493877,-0.09516248,0.9468471,-0.009637645,0.04074531,0.9991232,-0.5088777,0.8599101,-0.03997679,-0.8607848,-0.5088167,0.01244681,static,-12.828644862914176,-7.899959184767268,-3.3207413332177316,-5.7392163614635825,-0.766076,-0.5658412700000001,-0.03930100000000003,-0.2200312683286102,-0.1340754864969334,0.966235015465023,-12.751086526198382,-8.482796044029168,9.64644942580485,9.750335331591037,9.82133595461228
383,05/11/2023 10:04:00.835303,563,True,True,True,True,Eyes,2.486722,0.03981759,-2.388087,-0.7641496,-0.6148491,-0.1950281,0.9214004,1.782634,-0.5267047,-2.567786,0.4041949,0.802684,-0.4385487,-0.05878203,-0.08157036,0.9346758,2.542207,0.02596514,-2.53128,0.1747537,-0.6775705,0.2025751,0.6850713,30.92765,271.384,2.722209,0.7269151,0.01278415,-0.6866064,0.0,0.0,0.0,1.77657,-0.5387458,-2.561208,-0.05269753,-0.0889996,0.9462005,-0.0002769165,0.04074084,0.9991697,-0.5143726,0.856849,-0.0350803,-0.8575667,-0.5139552,0.02071876,static,-12.796896894764675,-7.47609744994546,-3.187728236857913,-5.373430335969484,-0.7656369999999999,-0.5647109400000001,-0.029927999999999955,-0.21970405521760944,-0.12693347410413494,0.9672734918384629,-12.719566704735154,-8.058370169699792,9.742530799952629,9.836530449721268,9.902769637250788
384,05/11/2023 10:04:00.855609,564,True,True,True,True,Eyes,2.489014,0.03931089,-2.395852,-0.7667989,-0.6139387,-0.1873464,0.922166,1.781898,-0.5268425,-2.568617,0.3551943,0.7936116,-0.4939815,-0.05846772,-0.07711323,0.9343072,2.540666,0.02610737,-2.540133,0.1782626,-0.6733239,0.2031123,0.6881881,31.25696,271.992,2.648538,0.7263475,0.01266055,-0.6872093,0.0,0.0,0.0,1.77657,-0.5387458,-2.561208,-0.05159249,-0.08471831,0.945255,0.01076083,0.0395019,0.9991617,-0.5196159,0.8539357,-0.02816417,-0.8543323,-0.5188771,0.02971485,static,-12.785769318570974,-7.09793163431894,-3.1241324266924466,-5.121440380845605,-0.7640959999999999,-0.56485317,-0.021075000000000177,-0.2196924405521234,-0.12054684094497328,0.968092787233899,-12.708752396149867,-7.680008099775368,9.776806098015227,9.861731344219674,9.920242372607206
385,05/11/2023 10:04:00.875346,565,True,True,True,True,Eyes,2.491114,0.03884015,-2.403725,-0.769344,-0.6130341,-0.1797187,0.9231905,1.780863,-0.5271071,-2.569639,0.2861817,0.7759483,-0.5621426,-0.05861825,-0.07829279,0.9331,2.538689,0.02565353,-2.54974,0.180519,-0.668927,0.200592,0.6926128,31.22648,272.6743,2.436769,0.7257575,0.01253252,-0.6878349,0.0,0.0,0.0,1.77657,-0.5387458,-2.561208,-0.05072364,-0.08616116,0.9431368,0.02459912,0.03635719,0.9990361,-0.5193732,0.8543515,-0.01830333,-0.8541934,-0.5184223,0.03989921,static,-12.849423303912967,-7.11944627901741,-3.0785070088571165,-5.219821260919305,-0.7621190000000002,-0.5643993300000001,-0.011468000000000256,-0.22075878878889904,-0.12088050555329288,0.9678084881721892,-12.772790617180894,-7.702659153347701,9.86841230217535,9.953862589687091,10.007178357493853
386,05/11/2023 10:04:00.885525,566,True,True,True,True,Eyes,2.493073,0.03830494,-2.411691,-0.7718412,-0.6120854,-0.1720829,0.9245075,1.7795,-0.5275727,-2.570783,0.1952387,0.7446806,-0.6382262,-0.05494544,-0.08005497,0.9327986,2.536574,0.02584085,-2.560143,0.1837293,-0.66544,0.1971406,0.6961097,31.20905,273.1412,2.00619,0.7251421,0.01240135,-0.6884862,0.0,0.0,0.0,1.77657,-0.5387458,-2.561208,-0.04582243,-0.08814797,0.9415384,0.03665019,0.02994124,0.9988795,-0.5189847,0.8547583,-0.006579008,-0.8539975,-0.518162,0.04686613,static,-12.71698126165909,-7.1511511030129125,-2.78625064683949,-5.348510468116265,-0.7600039999999999,-0.5645866500000001,-0.0010650000000000936,-0.21850498430888637,-0.12147919754172067,0.9682449461679636,-12.639471411184731,-7.731999010209079,10.007412655206453,10.093013613519792,10.137404848441832
387,05/11/2023 10:04:00.905262,567,True,True,True,True,Eyes,2.494878,0.03778264,-2.419749,-0.7741875,-0.6111384,-0.1647528,0.9272571,1.777007,-0.5288998,-2.572518,0.02909932,0.656312,-0.7539282,-0.04964357,-0.08276885,0.9333394,2.535391,0.02362781,-2.570342,0.1848442,-0.6635913,0.1931785,0.6986854,30.976,273.4074,1.645497,0.7245,0.01226543,-0.6891643,0.0,0.0,0.0,1.77657,-0.5387458,-2.561208,-0.03861007,-0.09096051,0.9393569,0.04465733,0.0246201,0.9986989,-0.515264,0.8570294,0.001912649,-0.8558673,-0.514679,0.05095847,static,-12.465716015045087,-7.36216592683488,-2.353684246590394,-5.530863929013859,-0.7588210000000002,-0.5623736100000001,0.009133999999999975,-0.2141578064955021,-0.12516774993329194,0.9687462941928202,-12.386388738568332,-7.938526116950609,10.1861720700198,10.276519522360681,10.317557687484703
388,05/11/2023 10:04:00.925270,568,True,True,True,True,Eyes,2.49649,0.03732911,-2.427888,-0.776329,-0.610325,-0.1575328,0.0,0.0,0.0,0.0,0.0,0.0,0.0,2.448081,1.319149,2.312214,2.533699,0.02311239,-2.580587,0.1886719,-0.6623617,0.1895086,0.699833,31.00576,273.4353,1.023532,0.7238322,0.012126,-0.6898682,0.0,0.0,0.0,1.77657,-0.5387458,-2.561208,-0.02765695,-0.09118535,0.9382027,0.05072675,0.01531073,0.9985952,-0.5151868,0.8569788,0.0130311,-0.8555754,-0.5151241,0.05135962,static,-11.98578308918285,-7.346963688218214,-1.6885133028562498,-5.551228604692301,-0.7571289999999999,-0.56185819,0.019378999999999813,-0.20603665870377047,-0.12513388005769494,0.9705103359953116,-11.903409404287594,-7.914754734522861,10.363717852181805,10.452675712113164,10.484767910136547
389,05/11/2023 10:04:00.935458,569,True,True,True,True,Eyes,2.497834,0.03701471,-2.436122,-0.7783177,-0.609556,-0.1505421,0.0,0.0,0.0,0.0,0.0,0.0,0.0,2.439363,1.356148,2.308225,2.530892,0.02389478,-2.590665,0.1940233,-0.6610299,0.1844501,0.7009797,31.05542,273.3988,0.1391862,0.7231372,0.01198537,-0.6905991,0.0,0.0,0.0,1.77657,-0.5387458,-2.561208,-0.01554014,-0.09261288,0.9368111,0.05803511,0.002081094,0.9983124,-0.515102,0.8566662,0.02815874,-0.8551618,-0.5158669,0.05078868,static,-11.437247184301306,-7.354828047889866,-0.9503546431174095,-5.645899309294517,-0.7543220000000002,-0.5626405800000001,0.029456999999999844,-0.1967264510744074,-0.1255121250867584,0.9723915327919996,-11.351365982381454,-7.9128248904175384,10.537346009676872,10.625222473150176,10.645186164170601
390,05/11/2023 10:04:00.955497,570,True,True,True,True,Eyes,2.499001,0.03663944,-2.444479,-0.7803196,-0.6087636,-0.1432065,0.0,0.0,0.0,0.0,0.0,0.0,0.0,2.417099,1.403306,2.310234,2.526241,0.02641745,-2.601197,0.2008118,-0.6579864,0.1785182,0.7034627,31.16152,273.5816,359.1228,0.7224127,0.01184773,-0.6913593,0.0,0.0,0.0,1.77657,-0.5387458,-2.561208,-0.005463105,-0.09525818,0.9348316,0.07037035,-0.01310111,0.9974349,-0.5154247,0.8556117,0.04760214,-0.8540406,-0.5174523,0.05345707,static,-11.027906932379627,-7.342992930839586,-0.3348296059982802,-5.818286509570178,-0.7496710000000002,-0.56516325,0.03998899999999983,-0.18977502614503028,-0.1254862588381515,0.9737754046831475,-10.939426264796703,-7.893681045866642,10.71421757971533,10.801232910137205,10.805773122599229
693,05/11/2023 10:04:06.005543,873,True,True,True,True,Eyes,0.5759721,0.1131691,-2.785748,0.9837311,0.01403066,0.1790988,0.0,0.0,0.0,0.0,0.0,0.0,0.0,-2.585247,-0.3263211,-0.5727823,0.5564184,0.1071558,-2.607103,0.002563785,0.7106294,-0.05061402,0.7017389,4.331895,90.5747,356.1247,0.2010623,0.03795936,-0.9788392,0.0,0.0,0.0,1.777788,0.1626406,-2.55701,-0.07216951,0.1429878,1.213127,-0.01511206,-0.06739185,-0.9976123,0.07467946,0.9948633,-0.0683374,0.9970932,-0.07553383,-0.01000162,static,-11.246750694680875,4.395886831155587,-3.4045409685177135,6.722273602764891,1.2213696,0.0554848,0.05009299999999994,-0.19448270146970092,0.07518394530919456,0.978020434288301,-11.171594214431554,3.8412158278955304,8.16558994704897,8.17999564793569,8.284178295220107
694,05/11/2023 10:04:06.025194,874,True,True,True,True,Eyes,0.5750222,0.1128595,-2.776355,0.9848865,0.01553775,0.1725026,0.0,0.0,0.0,0.0,0.0,0.0,0.0,-2.567281,-0.3393275,-0.5948298,0.5574208,0.1052643,-2.595784,-0.001700774,0.713389,-0.05126281,0.6988887,4.057833,91.02556,355.7409,0.2011875,0.03813857,-0.9788066,0.0,0.0,0.0,1.777788,0.1626406,-2.55701,-0.07110254,0.138629,1.212361,-0.02310357,-0.07408061,-0.9969846,0.06922736,0.9947385,-0.07551794,0.9973334,-0.07076334,-0.01785361,static,-11.325228036457942,4.129159223411283,-3.356437772175015,6.523228530253048,1.2203671999999999,0.05737629999999999,0.038774000000000086,-0.19588774040317936,0.07061005413462504,0.9780808759907913,-11.250301197466552,3.5730887143825063,8.307818115050134,8.32064817920408,8.42712315742093
695,05/11/2023 10:04:06.035510,875,True,True,True,True,Eyes,0.5740911,0.1124463,-2.766862,0.9859821,0.01677927,0.166005,0.0,0.0,0.0,0.0,0.0,0.0,0.0,-2.548815,-0.3450457,-0.6156459,0.5572715,0.1019989,-2.583326,-0.003602526,0.7162126,-0.0521726,0.69592,3.99786,91.49044,355.5284,0.2013337,0.0383021,-0.9787703,0.0,0.0,0.0,1.777788,0.1626406,-2.55701,-0.06922129,0.140542,1.212224,-0.03136507,-0.07777626,-0.9964775,0.06745556,0.9945301,-0.07974749,0.9972292,-0.06971921,-0.02594709,static,-11.427972122915891,4.092499360116897,-3.2681958245510754,6.61319417200284,1.2205165,0.06064169999999999,0.026316000000000006,-0.19765042245058256,0.06995897951929866,0.9777729578674526,-11.35366351573304,3.5345945825740652,8.52716888914401,8.540248917568206,8.651737583698342
696,05/11/2023 10:04:06.055345,876,True,True,True,True,Eyes,0.5732068,0.1119744,-2.757313,0.9870402,0.01789696,0.1594716,0.0,0.0,0.0,0.0,0.0,0.0,0.0,-2.535121,-0.3383251,-0.6249931,0.5566435,0.09915312,-2.571426,-0.001021392,0.7176926,-0.05306912,0.6943341,4.287219,91.73359,355.6774,0.2015004,0.03844803,-0.9787303,0.0,0.0,0.0,1.777788,0.1626406,-2.55701,-0.06285263,0.1502136,1.211989,-0.03579807,-0.07516151,-0.9965287,0.07222932,0.9943652,-0.07759301,0.9967455,-0.07475626,-0.03016746,static,-11.313400782022667,4.486630919696909,-2.9686468489760043,7.065194660407371,1.2211444999999999,0.06348748,0.014416000000000206,-0.19559735366940328,0.07671547235886567,0.9776790170286587,-11.238761719318175,3.9307692907249243,8.716752876653581,8.734066015780078,8.844174487580153
697,05/11/2023 10:04:06.065792,877,True,True,True,True,Eyes,0.5723758,0.1115448,-2.747721,0.9880925,0.01865579,0.1527257,0.0,0.0,0.0,0.0,0.0,0.0,0.0,-2.519948,-0.3330864,-0.6441739,0.5566138,0.09731312,-2.560616,0.001976057,0.7204616,-0.05421426,0.6913695,4.637482,92.19286,355.8508,0.2016877,0.03857607,-0.9786867,0.0,0.0,0.0,1.777788,0.1626406,-2.55701,-0.06204562,0.1596926,1.210866,-0.04400833,-0.07211684,-0.9964248,0.07781154,0.9941139,-0.07538623,0.9959964,-0.08085097,-0.03813785,static,-11.402893251709914,4.9102455368953875,-2.933310333670088,7.512979530404547,1.2211741999999999,0.06532748,0.003605999999999998,-0.19700946616429815,0.08391755720707561,0.9768035013918203,-11.329255569163156,4.352783291127393,8.83892015812531,8.860477359968828,8.970994185046617
698,05/11/2023 10:04:06.085715,878,True,True,True,True,Eyes,0.5716553,0.1112008,-2.73808,0.989167,0.01948262,0.1454958,0.0,0.0,0.0,0.0,0.0,0.0,0.0,-2.500864,-0.3405593,-0.6722628,0.5566486,0.09784552,-2.550059,0.004289871,0.7245132,-0.05716057,0.6868734,5.089994,92.87016,355.837,0.201896,0.03868956,-0.9786394,0.0,0.0,0.0,1.777788,0.1626406,-2.55701,-0.06660326,0.1683837,1.209396,-0.05637336,-0.07230802,-0.9957881,0.08474028,0.9934286,-0.07693398,0.9948072,-0.08872037,-0.0498755,static,-11.707442921482366,5.389189873606591,-3.152180763434439,7.92631268906378,1.2211393999999998,0.06479507999999999,-0.0069509999999999295,-0.2020542474878202,0.09198330186066674,0.9750451822554914,-11.636234853034598,4.826286791762042,8.897425722653143,8.923536449953028,9.032681460076105
699,05/11/2023 10:04:06.105560,879,True,True,True,True,Eyes,0.571011,0.1108209,-2.728354,0.9902708,0.02032855,0.1376608,0.0,0.0,0.0,0.0,0.0,0.0,0.0,-2.476032,-0.3569093,-0.714903,0.5579941,0.09937529,-2.539286,0.003910683,0.7303613,-0.06010521,0.6804003,5.343049,93.85191,355.6177,0.2021276,0.03879301,-0.9785874,0.0,0.0,0.0,1.777788,0.1626406,-2.55701,-0.07755179,0.1710045,1.207045,-0.07408059,-0.07607877,-0.9943462,0.08750362,0.9927441,-0.08247537,0.9934059,-0.09311869,-0.06688584,static,-12.284186808776083,5.606504682820551,-3.676160620391132,8.063546696897635,1.2197939,0.06326530999999999,-0.01772399999999985,-0.21178869800132272,0.09547970132480035,0.9726403123293904,-12.216879042561885,5.033302395786389,8.92478037096057,8.951824971415668,9.062353540401306
700,05/11/2023 10:04:06.125381,880,True,True,True,True,Eyes,0.5704026,0.1104945,-2.718566,0.9913578,0.02145456,0.1294194,0.0,0.0,0.0,0.0,0.0,0.0,0.0,-2.446522,-0.3630191,-0.7700442,0.5584504,0.09806626,-2.527595,0.002038881,0.7379337,-0.06045754,0.6721566,5.276847,95.13368,355.492,0.2023836,0.03888626,-0.9785308,0.0,0.0,0.0,1.777788,0.1626406,-2.55701,-0.09341339,0.1694152,1.205982,-0.09640244,-0.07826476,-0.9922606,0.08428299,0.9926814,-0.08648642,0.9917676,-0.09196821,-0.08910054,static,-13.100672377568767,5.516883841981084,-4.429193255431284,7.99652827011179,1.2193375999999998,0.06457434,-0.02941500000000019,-0.22566639727640497,0.09365912661023282,0.9696920191508693,-13.03848252632121,4.929103714381588,8.995423898958816,9.01904577300869,9.139417659509661
701,05/11/2023 10:04:06.145125,881,True,True,True,True,Eyes,0.5699501,0.1104164,-2.708824,0.9924162,0.02280758,0.1207887,0.0,0.0,0.0,0.0,0.0,0.0,0.0,-2.42185,-0.3583624,-0.8123008,0.5581149,0.09907743,-2.516408,0.002012343,0.743893,-0.05907116,0.66568,5.196077,96.15405,355.6434,0.2026636,0.03897231,-0.9784693,0.0,0.0,0.0,1.777788,0.1626406,-2.55701,-0.1033027,0.1661514,1.20624,-0.1137322,-0.07565105,-0.9906271,0.08163891,0.993013,-0.08520609,0.9901516,-0.09056439,-0.1067615,static,-13.60810915866792,5.511671721863556,-4.8948816594593225,7.842753814890948,1.2196731,0.06356317,-0.040601999999999805,-0.23425171708591408,0.09337606698248563,0.9676812765227866,-13.549151334840452,4.914831302697538,8.996822714614696,9.01966059103101,9.136143270091072
702,05/11/2023 10:04:06.157478,882,True,True,True,True,Eyes,0.5696889,0.1104887,-2.699081,0.9934662,0.02516238,0.1113188,0.0,0.0,0.0,0.0,0.0,0.0,0.0,-2.397207,-0.3619075,-0.8585067,0.5608376,0.1049827,-2.507798,-0.0009234442,0.749916,-0.05673172,0.6590955,4.811093,97.19176,355.6162,0.2029705,0.03906075,-0.978402,0.0,0.0,0.0,1.777788,0.1626406,-2.55701,-0.1153945,0.1508559,1.204426,-0.1311848,-0.07616826,-0.9884277,0.07339823,0.9935613,-0.08630533,0.9886372,-0.08387078,-0.1247495,static,-14.076962818558094,5.2224854335320865,-5.472730159637141,7.139191782953458,1.2169504,0.0576579,-0.04921199999999981,-0.242274739464925,0.08831161016609598,0.9661801701909528,-14.020702321625135,4.617275451929087,8.795143173627615,8.81513374139917,8.912232608208177
703,05/11/2023 10:04:06.174888,883,True,True,True,True,Eyes,0.5695128,0.1104871,-2.68921,0.9944844,0.02791266,0.1011021,0.0,0.0,0.0,0.0,0.0,0.0,0.0,-2.355627,-0.3691272,-0.9408056,0.5641411,0.1084747,-2.498064,-0.01050902,0.7604964,-0.05216789,0.647158,3.769629,99.04849,355.1995,0.2033087,0.03915679,-0.9783277,0.0,0.0,0.0,1.777788,0.1626406,-2.55701,-0.1433609,0.1218866,1.20164,-0.1621523,-0.08350588,-0.9832261,0.05153759,0.9943362,-0.09294897,0.985419,-0.06574499,-0.1569303,static,-15.285833480079033,4.137511493346034,-6.803479161867232,5.79190415509505,1.2136469,0.0541659,-0.058946000000000165,-0.26299503591652723,0.06961055258121364,0.9622826794183966,-15.236182829496624,3.510723997919415,8.63258817425213,8.642184322203235,8.73580414475634
704,05/11/2023 10:04:06.185300,884,True,True,True,True,Eyes,0.5694038,0.1105455,-2.679257,0.9953734,0.03061687,0.09107456,0.0,0.0,0.0,0.0,0.0,0.0,0.0,-2.314294,-0.3662245,-1.0082,0.5651199,0.1066278,-2.485118,-0.01671029,0.7695131,-0.04881717,0.6365432,3.087287,100.6686,354.9518,0.2036793,0.03925725,-0.9782462,0.0,0.0,0.0,1.777788,0.1626406,-2.55701,-0.1638849,0.1068238,1.20025,-0.1890671,-0.08786606,-0.9780253,0.03643089,0.9946753,-0.09640455,0.9812883,-0.05385725,-0.1848594,static,-16.285674042122185,3.4598672586546604,-7.775215781265666,5.085997499464044,1.2126681,0.0560128,-0.07189200000000007,-0.279955703398991,0.05793619240965875,0.95826320777686,-16.241713569207427,2.8152318820124127,8.659605484557051,8.664421467695103,8.76572651196826
705,05/11/2023 10:04:06.205537,885,True,True,True,True,Eyes,0.5694231,0.110548,-2.669315,0.9961659,0.03319192,0.08094319,0.0,0.0,0.0,0.0,0.0,0.0,0.0,-2.287015,-0.3678271,-1.040797,0.5661229,0.1080912,-2.473219,-0.01705739,0.7741579,-0.04886794,0.630873,3.103561,101.5086,354.94,0.2040825,0.03936408,-0.9781575,0.0,0.0,0.0,1.777788,0.1626406,-2.55701,-0.1695701,0.10511,1.199303,-0.2034168,-0.08806915,-0.9751235,0.03524869,0.9946419,-0.09718509,0.9784576,-0.05414089,-0.1992227,static,-16.559302857230403,3.6039039530247914,-8.047736004697665,5.008751226454412,1.2116650999999998,0.0545494,-0.08379100000000017,-0.28448964037329566,0.06026115211000159,0.9567832784649413,-16.517234427173058,2.954381986258412,8.620704304813163,8.626723952161488,8.715092455239741
706,05/11/2023 10:04:06.215686,886,True,True,True,True,Eyes,0.5694231,0.110548,-2.669315,0.9961659,0.03319192,0.08094319,0.0,0.0,0.0,0.0,0.0,0.0,0.0,-2.265218,-0.3491822,-1.07278,0.5687827,0.1069957,-2.463541,-0.01431822,0.7785121,-0.04644804,0.625745,3.118522,102.2916,355.3802,0.2045194,0.03947452,-0.978062,0.0,0.0,0.0,1.777788,0.1626406,-2.55701,-0.1752535,0.1071419,1.196384,-0.2164768,-0.08042307,-0.9729698,0.03583544,0.9952751,-0.09023983,0.97563,-0.0544016,-0.2125719,static,-17.315514082669385,3.6885641151061876,-8.333757555098664,5.117459010225716,1.2090052999999998,0.0556449,-0.0934689999999998,-0.2970712953575852,0.061428829521205985,0.952877299688524,-17.27835612092356,3.02553939143613,9.087985316394791,9.094706754033243,9.185965991404148
707,05/11/2023 10:04:06.235348,887,True,True,True,True,Eyes,0.5694231,0.110548,-2.669315,0.9961659,0.03319192,0.08094319,0.0,0.0,0.0,0.0,0.0,0.0,0.0,-2.242709,-0.3393116,-1.102462,0.5709068,0.1075798,-2.454137,-0.01086577,0.7827259,-0.04589133,0.6205775,3.34537,103.0582,355.7508,0.2049131,0.03957406,-0.9779752,0.0,0.0,0.0,1.777788,0.1626406,-2.55701,-0.1812527,0.1118067,1.19366,-0.2295313,-0.07396809,-0.9704866,0.03994841,0.9955518,-0.08532675,0.9724813,-0.05835455,-0.2255554,static,-18.07947544983982,3.9761494829919894,-8.634187642836201,5.351117968814707,1.2068811999999998,0.05506079999999999,-0.10287300000000021,-0.30966064313192493,0.06593289303641409,0.9485584555494951,-18.04748359517685,3.299482319337666,9.535742604290789,9.544841543689284,9.634279917282761
708,05/11/2023 10:04:06.255260,888,True,True,True,True,Eyes,0.5697164,0.1105265,-2.658601,0.996878,0.03482473,0.07086174,0.0,0.0,0.0,0.0,0.0,0.0,0.0,-2.223443,-0.3480868,-1.118978,0.5726975,0.1083874,-2.444839,-0.009414434,0.7852025,-0.04845133,0.617269,3.696177,103.5179,355.7129,0.2052675,0.03966364,-0.977897,0.0,0.0,0.0,1.777788,0.1626406,-2.55701,-0.1819627,0.1180933,1.191937,-0.2377809,-0.07459948,-0.9684501,0.04503055,0.9951276,-0.08771069,0.9702746,-0.06446573,-0.2332631,static,-18.004674537558262,4.420946475956804,-8.679835258366221,5.658216439317864,1.2050904999999998,0.0542532,-0.11217100000000002,-0.30826241202242016,0.07332966345075588,0.9484708433535103,-17.97265743481431,3.745612031137599,9.393654932253733,9.406564970540428,9.487602417116557
709,05/11/2023 10:04:06.275666,889,True,True,True,True,Eyes,0.5700451,0.1105554,-2.647924,0.9974755,0.03598189,0.06121893,0.0,0.0,0.0,0.0,0.0,0.0,0.0,-2.203837,-0.3602195,-1.131743,0.5746786,0.1063681,-2.434323,-0.009041781,0.7871563,-0.0519032,0.6144992,4.048423,103.8861,355.5138,0.2056769,0.03975895,-0.9778067,0.0,0.0,0.0,1.777788,0.1626406,-2.55701,-0.1801185,0.1269677,1.190431,-0.2446178,-0.07802354,-0.9664751,0.04955436,0.9944486,-0.09282419,0.9683523,-0.07059953,-0.2393935,static,-17.875320251129548,4.791797267129223,-8.603893120922182,6.0879758059784015,1.2031093999999998,0.0562725,-0.12268699999999999,-0.3059744374978821,0.07952880233093587,0.9487120954727144,-17.842854725389547,4.11877007114182,9.346087988629161,9.3615938725902,9.446490499383115
710,05/11/2023 10:04:06.285457,890,True,True,True,True,Eyes,0.5704942,0.1106503,-2.637345,0.9979431,0.03687866,0.05243444,0.0,0.0,0.0,0.0,0.0,0.0,0.0,-2.193847,-0.3824743,-1.123452,0.575883,0.1073913,-2.424504,-0.007591821,0.7864158,-0.05751095,0.6149676,4.652807,103.7566,355.2419,0.2061372,0.03986124,-0.9777061,0.0,0.0,0.0,1.777788,0.1626406,-2.55701,-0.1691992,0.1387655,1.190505,-0.2435144,-0.0826754,-0.9663672,0.05879409,0.9932697,-0.09979248,0.9681137,-0.08111759,-0.2370147,static,-17.334190930521313,5.412134086245203,-8.088926007608787,6.648406752909147,1.201905,0.0552493,-0.1325059999999998,-0.29673350235978346,0.09007103942064323,0.9507030416139941,-17.298903462757725,4.748764813065743,9.304600016837952,9.327555606973197,9.40384624629538
711,05/11/2023 10:04:06.305147,891,True,True,True,True,Eyes,0.571094,0.1107133,-2.626844,0.9983302,0.03779291,0.04368512,0.0,0.0,0.0,0.0,0.0,0.0,0.0,-2.180479,-0.3950856,-1.129263,0.5791361,0.1089154,-2.41631,-0.008279113,0.7871325,-0.0597918,0.6138232,4.816471,103.8948,355.0237,0.2066483,0.03997238,-0.9775942,0.0,0.0,0.0,1.777788,0.1626406,-2.55701,-0.1640556,0.1403699,1.188626,-0.2463052,-0.0864367,-0.9653302,0.06036967,0.9927127,-0.104292,0.9673103,-0.08396432,-0.2392922,static,-17.01401206991398,5.592801698536035,-7.858383514702285,6.735108061248206,1.1986518999999998,0.0537252,-0.14069999999999983,-0.29133112497586083,0.09323035799975493,0.9520683578164226,-16.97686551725984,4.9351480843098905,9.200585442232887,9.226613575266958,9.294437581131296
712,05/11/2023 10:04:06.315660,892,True,True,True,True,Eyes,0.5717695,0.1108405,-2.616391,0.9986167,0.03865254,0.0356477,0.0,0.0,0.0,0.0,0.0,0.0,0.0,-2.161418,-0.4003758,-1.147364,0.5831088,0.1081097,-2.407648,-0.01016042,0.7893684,-0.06038497,0.6108585,4.75636,104.3156,354.8293,0.2072089,0.04008994,-0.977471,0.0,0.0,0.0,1.777788,0.1626406,-2.55701,-0.1638867,0.1391871,1.185879,-0.2534977,-0.08981398,-0.9631577,0.05773271,0.9925008,-0.1077451,0.9656118,-0.08291882,-0.2464114,static,-16.989507400485017,5.528604411020872,-7.868351343071512,6.694201677916289,1.1946792,0.05453089999999999,-0.149362,-0.29095266138258824,0.09217465775364357,0.9522869694503959,-16.952139282348988,4.871388742090821,9.170406889186127,9.19533059831375,9.26487184610643
713,05/11/2023 10:04:06.335723,893,True,True,True,True,Eyes,0.5725651,0.110905,-2.605981,0.9988329,0.03944118,0.02788031,0.0,0.0,0.0,0.0,0.0,0.0,0.0,-2.14964,-0.4111124,-1.147749,0.5855899,0.1096237,-2.398408,-0.01092018,0.7894613,-0.06230236,0.6105326,4.878116,104.3375,354.626,0.2078193,0.04021611,-0.9773367,0.0,0.0,0.0,1.777788,0.1626406,-2.55701,-0.1554026,0.1404501,1.185507,-0.2542614,-0.09331737,-0.9626231,0.05883314,0.9919983,-0.1117049,0.9653445,-0.08503635,-0.2467368,static,-16.604867279272025,5.673556467699675,-7.468056117541695,6.756486781305578,1.1921981,0.05301689999999999,-0.15860200000000013,-0.2844834389623118,0.09477567736758517,0.9539847086948461,-16.565192538039682,5.023207648230984,9.172436417308722,9.20076389596247,9.260785474585983
714,05/11/2023 10:04:06.355093,894,True,True,True,True,Eyes,0.5734243,0.1110597,-2.595638,0.9989897,0.03970949,0.02104158,1.200035,1.772247,0.1587124,-2.570387,-0.3693807,-0.2618347,-0.8916278,-0.1323129,0.1409266,1.182206,0.58923,0.1081357,-2.38903,-0.01113601,0.7897326,-0.06306997,0.6100988,4.935181,104.3902,354.5545,0.2084779,0.04034748,-0.9771913,0.0,0.0,0.0,1.777788,0.1626406,-2.55701,-0.1469703,0.1436373,1.183903,-0.2553109,-0.09454678,-0.9622253,0.05936889,0.9917963,-0.113205,0.9650347,-0.08602869,-0.2476033,static,-16.28153328673528,5.756146263819242,-7.076522640334243,6.917613671385609,1.188558,0.054504899999999995,-0.16798000000000002,-0.27905405643368786,0.09631062338014838,0.9554334669683063,-16.23987967358502,5.111570068530663,9.248304191481832,9.277996957274524,9.33964162129574
715,05/11/2023 10:04:06.365564,895,True,True,True,True,Eyes,0.5744272,0.1112463,-2.585389,0.9990948,0.04003003,0.0143873,1.195104,1.76845,0.1590864,-2.568194,-0.6226566,-0.2369897,-0.7457443,-0.1209767,0.1436256,1.177773,0.591695,0.1104118,-2.380336,-0.01037829,0.7887319,-0.064702,0.6112351,5.127819,104.2051,354.4997,0.2091838,0.04048723,-0.9770349,0.0,0.0,0.0,1.777788,0.1626406,-2.55701,-0.1344431,0.1464516,1.183738,-0.2525685,-0.09546763,-0.9628581,0.06272488,0.9914119,-0.1147522,0.965544,-0.0893779,-0.2444111,static,-15.747218437650567,6.003438768644816,-6.479605321210152,7.0527725128290655,1.186093,0.05222879999999999,-0.17667400000000022,-0.27001406871235295,0.10070335930160271,0.9575756122692888,-15.702407302326463,5.368401219798939,9.291232516431764,9.326829803459596,9.375349755378034
716,05/11/2023 10:04:06.385435,896,True,True,True,True,Eyes,0.5755369,0.1114462,-2.575204,0.9991574,0.0402588,0.007978034,1.191454,1.765987,0.1594127,-2.565699,-0.7864404,-0.2151105,-0.5789983,-0.1162518,0.1411585,1.172568,0.5960913,0.1113087,-2.372346,-0.01165244,0.7893041,-0.06474393,0.6104681,5.047318,104.3138,354.3862,0.2099357,0.04063526,-0.9768677,0.0,0.0,0.0,1.777788,0.1626406,-2.55701,-0.127928,0.1440626,1.181534,-0.2543854,-0.09744285,-0.9621812,0.06065358,0.9913449,-0.1164322,0.9651989,-0.08797841,-0.2462734,static,-15.491672520605638,5.929170422289336,-6.17950233625794,6.951671543862589,1.1816966999999998,0.0513319,-0.18466400000000016,-0.2657706065005208,0.09958393022245883,0.9588790098549967,-15.445155599384872,5.2986961437315925,9.332409253621059,9.368138667092456,9.411942311018114
717,05/11/2023 10:04:06.405421,897,True,True,True,True,Eyes,0.5767904,0.1116315,-2.565089,0.9991782,0.04049891,0.001633763,1.188597,1.764411,0.1597684,-2.563148,-0.8920856,-0.1915368,-0.4092638,-0.1146953,0.1373267,1.169113,0.599602,0.1118237,-2.363747,-0.01304152,0.7908093,-0.06384358,0.6085842,4.881916,104.5967,354.3361,0.2107341,0.04079152,-0.9766895,0.0,0.0,0.0,1.777788,0.1626406,-2.55701,-0.1243382,0.140221,1.180226,-0.2589107,-0.0983351,-0.9608828,0.05708167,0.9915079,-0.1168499,0.9642133,-0.08510247,-0.2510989,static,-15.39678590064604,5.7722146117051825,-6.013993853095414,6.775470848133297,1.178186,0.0508169,-0.19326299999999996,-0.2642500457749788,0.0969988400536635,0.9595639867065322,-15.349504141125857,5.143435549818106,9.40181452540598,9.436276261508626,9.477092990620541
718,05/11/2023 10:04:06.415447,898,True,True,True,True,Eyes,0.5781827,0.1117763,-2.555038,0.9991689,0.04049351,-0.00466864,1.186305,1.763502,0.159814,-2.560577,-0.9528307,-0.188521,-0.2378519,-0.1131657,0.1366986,1.164928,0.6041506,0.1116675,-2.355304,-0.01329443,0.7922669,-0.06354859,0.6067109,4.850904,104.8712,354.3455,0.2115796,0.04095453,-0.9765,0.0,0.0,0.0,1.777788,0.1626406,-2.55701,-0.120629,0.1398855,1.177536,-0.2634506,-0.09817673,-0.9596642,0.05604577,0.9915697,-0.1168267,0.9630436,-0.08456314,-0.2557272,static,-15.305377307971982,5.751686314208399,-5.849083483756847,6.7747077302188785,1.1736374,0.05097309999999999,-0.20170600000000016,-0.2627266133931376,0.09669674213118515,0.9600127488502259,-15.257491524763108,5.124539492069253,9.47678232907965,9.511470217979204,9.552025810280723
719,05/11/2023 10:04:06.435444,899,True,True,True,True,Eyes,0.5796816,0.1118978,-2.545053,0.999128,0.04030322,-0.01090055,1.184474,1.763123,0.1596359,-2.557964,-0.9776667,-0.2003135,-0.06357929,-0.1126408,0.1393081,1.160866,0.6086743,0.1109425,-2.346822,-0.01169843,0.7939972,-0.06324361,0.6045097,4.950028,105.1955,354.5259,0.2124724,0.04112202,-0.9762993,0.0,0.0,0.0,1.777788,0.1626406,-2.55701,-0.1177832,0.1430275,1.174457,-0.2688625,-0.09503979,-0.9584783,0.05788571,0.9917268,-0.1145741,0.9614377,-0.08628686,-0.2611367,static,-15.266283025165778,5.891193403408822,-5.726894561625079,6.943393100543467,1.1691137,0.0516981,-0.21018800000000004,-0.26201046165716374,0.09905392941457142,0.9599681083069398,-15.218289584755142,5.264743716626263,9.560244545313926,9.597242127871091,9.638695100438843
720,05/11/2023 10:04:06.455416,900,True,True,True,True,Eyes,0.5813016,0.1120263,-2.535146,0.9990553,0.03987047,-0.01728983,1.183073,1.763257,0.1591959,-2.555601,-0.9687301,-0.2296408,0.0939524,-0.1115116,0.1443947,1.157739,0.612556,0.1106035,-2.338416,-0.009055611,0.7955005,-0.06374231,0.6025231,5.192467,105.4799,354.7446,0.2134133,0.04129288,-0.976087,0.0,0.0,0.0,1.777788,0.1626406,-2.55701,-0.1144544,0.1488759,1.171748,-0.273768,-0.09121991,-0.9574603,0.06240494,0.9917098,-0.1123265,0.9597691,-0.09050164,-0.2658058,static,-15.189247821059249,6.173743083580673,-5.578858833823278,7.240892187035227,1.165232,0.0520371,-0.21859399999999996,-0.26059200532242854,0.10382801758485334,0.9598497979288083,-15.141050016877573,5.548667051434262,9.627814447722733,9.669456225403282,9.710773714325807
721,05/11/2023 10:04:06.465608,901,True,True,True,True,Eyes,0.5830751,0.1121402,-2.52532,0.9989406,0.0394127,-0.02375221,1.181949,1.763772,0.158724,-2.553394,-0.934679,-0.2611748,0.24117,-0.1119192,0.1475151,1.154603,0.616863,0.1109641,-2.330425,-0.007471372,0.7972963,-0.06456255,0.6000789,5.392854,105.8239,354.8481,0.2144018,0.0414669,-0.9758632,0.0,0.0,0.0,1.777788,0.1626406,-2.55701,-0.1127327,0.1527224,1.168643,-0.2796993,-0.08939905,-0.9559165,0.06557146,0.9915517,-0.1119178,0.9578459,-0.09398415,-0.2714742,static,-15.172770865345525,6.376789499535252,-5.509966803957296,7.4454216393562875,1.1609249999999998,0.0516765,-0.22658500000000004,-0.2602211595822591,0.10723999710104093,0.9595751048547306,-15.12467426009603,5.752006360327444,9.676545009303055,9.721715742554878,9.76269710553278
722,05/11/2023 10:04:06.485370,902,True,True,True,True,Eyes,0.5850132,0.1122282,-2.51555,0.9987769,0.03894212,-0.03046503,1.180971,1.76454,0.1582177,-2.551528,-0.8829583,-0.2947763,0.3653648,-0.1145136,0.1478902,1.151093,0.6220436,0.1107499,-2.322511,-0.007129287,0.7997921,-0.0646895,0.5967388,5.449459,106.3023,354.8932,0.2154389,0.04164317,-0.9756273,0.0,0.0,0.0,1.777788,0.1626406,-2.55701,-0.1134895,0.1537613,1.164863,-0.287704,-0.08860936,-0.9536114,0.06580157,0.9915289,-0.1119849,0.9554561,-0.09496766,-0.2794363,static,-15.264995629012956,6.409697479379112,-5.564612967422265,7.5195405450624735,1.1557444,0.0518907,-0.234499,-0.2617510117510244,0.10774494319545572,0.9591023604390352,-15.217520833569495,5.783267448092023,9.718294618389546,9.763666084608523,9.80781701193443
723,05/11/2023 10:04:06.505693,903,True,True,True,True,Eyes,0.587092,0.1122648,-2.505831,0.9985695,0.03843476,-0.03717298,1.180268,1.765672,0.1576281,-2.549706,-0.8072256,-0.3339534,0.4866847,-0.1177595,0.1468218,1.147832,0.6276045,0.1103346,-2.314106,-0.006511475,0.802709,-0.06366021,0.5929275,5.421369,106.8619,355.0474,0.2165258,0.04182034,-0.9753792,0.0,0.0,0.0,1.777788,0.1626406,-2.55701,-0.114839,0.1533841,1.161011,-0.296789,-0.08594543,-0.9510676,0.06503814,0.99181,-0.1099229,0.9527256,-0.09447959,-0.2887685,static,-15.417124059743033,6.378868745611581,-5.648918689794892,7.525907281946414,1.1501834999999998,0.05230599999999999,-0.2429039999999998,-0.2643137235332592,0.10715125704636767,0.9584659468202066,-15.370588481320935,5.749722646860299,9.790628504910998,9.835320714309262,9.88259557977488
724,05/11/2023 10:04:06.525255,904,True,True,True,True,Eyes,0.5892933,0.1122313,-2.49617,0.9983182,0.03784894,-0.04391219,1.179967,1.767276,0.1568918,-2.547985,-0.7007868,-0.3832546,0.6016758,-0.117916,0.1484182,1.145445,0.6328306,0.1093102,-2.305612,-0.004302789,0.8048709,-0.06236348,0.5901483,5.469194,107.2789,355.3596,0.2176641,0.04199642,-0.9751183,0.0,0.0,0.0,1.777788,0.1626406,-2.55701,-0.1129995,0.1557749,1.157557,-0.3034129,-0.08053379,-0.9494498,0.06668102,0.9921846,-0.1054677,0.9505231,-0.09531053,-0.2956716,static,-15.416575192287,6.474545687054718,-5.575488208874336,7.664369512805397,1.1449574,0.0533304,-0.251398,-0.26425828833957465,0.10875333741866901,0.9583007460004919,-15.370133330717325,5.845408773711447,9.866348229817259,9.912753086374046,9.962112789624895
725,05/11/2023 10:04:06.535501,905,True,True,True,True,Eyes,0.5916217,0.1121827,-2.486598,0.9980291,0.03711839,-0.0505969,1.180326,1.769621,0.1559945,-2.546319,-0.544221,-0.4428926,0.7125096,-0.1161819,0.1518836,1.144012,0.637794,0.1078667,-2.29736,-0.001014905,0.8064513,-0.06097801,0.5881471,5.575526,107.5873,355.7727,0.2188538,0.04216877,-0.9748447,0.0,0.0,0.0,1.777788,0.1626406,-2.55701,-0.1090449,0.160117,1.15433,-0.308164,-0.07336503,-0.9485003,0.07009114,0.9925613,-0.09954541,0.9487478,-0.09715775,-0.3007294,static,-15.30423364981692,6.654921642348423,-5.396486830578023,7.897101287218551,1.139994,0.0547739,-0.25965000000000016,-0.2622886211346544,0.11183195675154682,0.9584874533790277,-15.257258358652058,6.027789437590985,9.93555923432451,9.985312078461453,10.03639088118999
726,05/11/2023 10:04:06.555303,906,True,True,True,True,Eyes,0.5941236,0.1121316,-2.477113,0.9976729,0.03642417,-0.05763757,1.180996,1.772371,0.1551484,-2.545182,-0.3608264,-0.4990534,0.7878769,-0.1158526,0.1560737,1.142448,0.6429758,0.1075473,-2.289901,0.001330219,0.808116,-0.06152976,0.5857994,5.797037,107.9195,355.9689,0.2200941,0.04233696,-0.9745582,0.0,0.0,0.0,1.777788,0.1626406,-2.55701,-0.106875,0.1650691,1.15044,-0.3136745,-0.06993824,-0.9469514,0.07423814,0.9924247,-0.09788787,0.946624,-0.1010048,-0.3061063,static,-15.229205033948592,6.892827487521774,-5.3075008838550595,8.165266316665168,1.1348121999999998,0.0550933,-0.26710900000000004,-0.260912162452425,0.11585563250065453,0.9583852779192594,-15.181992817419761,6.267033396413079,9.94911627689646,10.00296525115903,10.05529110297475
727,05/11/2023 10:04:06.565515,907,True,True,True,True,Eyes,0.5967782,0.1120177,-2.467677,0.997251,0.035793,-0.06487875,1.183853,1.777377,0.1543913,-2.544484,-0.02741005,-0.5497879,0.8348544,-0.122545,0.1559151,1.142027,0.6492401,0.1074624,-2.282457,0.001306486,0.8115278,-0.06182906,0.5810319,5.846877,108.5914,355.9807,0.2213864,0.04250115,-0.9742584,0.0,0.0,0.0,1.777788,0.1626406,-2.55701,-0.1114387,0.1653697,1.145548,-0.3248005,-0.06972881,-0.9432087,0.0739698,0.9923509,-0.09883378,0.9428855,-0.1018702,-0.3171583,static,-15.485960041723368,6.891802938121047,-5.556240062790366,8.214390919644785,1.1285479,0.0551782,-0.27455300000000005,-0.2652091624896935,0.11569789927725083,0.9572241348220956,-15.440384818777595,6.2614244720210115,9.964815329510404,10.01741372954578,10.075236746739705
728,05/11/2023 10:04:06.585083,908,True,True,True,True,Eyes,0.5995768,0.1118449,-2.458298,0.9967586,0.03530361,-0.07229213,0.0,0.0,0.0,0.0,0.0,0.0,0.0,-1.908595,-0.3745873,-1.352494,0.6551567,0.1059075,-2.274168,0.001385723,0.8151411,-0.06086832,0.576054,5.786912,109.3051,356.0885,0.2227327,0.04265929,-0.9739446,0.0,0.0,0.0,1.777788,0.1626406,-2.55701,-0.1157404,0.1651908,1.141418,-0.3363199,-0.06786776,-0.9392992,0.072386,0.9925863,-0.09763602,0.9389619,-0.100829,-0.3289138,static,-15.753514353152532,6.8141312855363,-5.790032518919075,8.234909506292423,1.1226312999999999,0.056733099999999995,-0.28284200000000004,-0.26972169256723294,0.11425155341627816,0.9561364937672671,-15.709567138680814,6.178976114408887,10.014495902092278,10.064272502951965,10.130351878612776
729,05/11/2023 10:04:06.605329,909,True,True,True,True,Eyes,0.6025431,0.1116537,-2.448998,0.99621,0.03481927,-0.0797077,0.0,0.0,0.0,0.0,0.0,0.0,0.0,-1.888871,-0.3666503,-1.371438,0.6611338,0.1044394,-2.266076,0.002444167,0.8175188,-0.05975597,0.5727883,5.768149,109.7794,356.2854,0.2241334,0.04280954,-0.9736167,0.0,0.0,0.0,1.777788,0.1626406,-2.55701,-0.1151209,0.1662986,1.137558,-0.3438154,-0.06445874,-0.9368224,0.07245135,0.9928465,-0.09490327,0.9362382,-0.1005032,-0.3366858,static,-15.775380967523958,6.818445189116107,-5.778660727543034,8.317104374418667,1.1166542,0.058201199999999995,-0.290934,-0.27008468450872586,0.11431145369709944,0.9560267872032143,-15.73157764015475,6.182899560094159,10.059091650047232,10.10843187196392,10.17916427113927
730,05/11/2023 10:04:06.615520,910,True,True,True,True,Eyes,0.6056848,0.1114407,-2.439753,0.9955913,0.03446093,-0.0872374,0.0,0.0,0.0,0.0,0.0,0.0,0.0,-1.86891,-0.3669058,-1.389532,0.6678722,0.1038062,-2.258631,0.002347765,0.8196842,-0.05988725,0.5696716,5.788245,110.2146,356.2896,0.2255903,0.04295184,-0.973274,0.0,0.0,0.0,1.777788,0.1626406,-2.55701,-0.1145577,0.1669115,1.132882,-0.3509373,-0.06438328,-0.9341829,0.07208098,0.992816,-0.09550235,0.9336205,-0.1008522,-0.3437754,static,-15.777090179718453,6.818292502228089,-5.774155631161296,8.38129164915722,1.1099158,0.058834399999999995,-0.29837900000000017,-0.27011329909716103,0.11430794641892038,0.9560190664036212,-15.733297601561265,6.182716356064133,10.075528874600373,10.124310639051904,10.198933380799266
731,05/11/2023 10:04:06.635437,911,True,True,True,True,Eyes,0.6089639,0.1111464,-2.430547,0.9949263,0.03406849,-0.09466147,0.0,0.0,0.0,0.0,0.0,0.0,0.0,-1.847885,-0.3680099,-1.407621,0.6749535,0.1030676,-2.250626,0.002324588,0.8218637,-0.06026737,0.5664828,5.836887,110.6562,356.2849,0.2271046,0.04308593,-0.972916,0.0,0.0,0.0,1.777788,0.1626406,-2.55701,-0.1134842,0.1682004,1.128049,-0.3581839,-0.06445987,-0.9314234,0.07210185,0.9927249,-0.09642944,0.930863,-0.1016968,-0.3509304,static,-15.794544194876298,6.841438514692244,-5.744752437607419,8.480739581971909,1.1028345,0.059573,-0.306384,-0.2703926750274042,0.11468479269267665,0.9558948676301666,-15.750886488042351,6.205550576967423,10.133774017079919,10.182613728982052,10.261540023006619
732,05/11/2023 10:04:06.655446,912,True,True,True,True,Eyes,0.6123762,0.11084,-2.421408,0.9941928,0.03403043,-0.1020911,0.0,0.0,0.0,0.0,0.0,0.0,0.0,-1.83128,-0.3620466,-1.420524,0.6813567,0.1009079,-2.242348,0.003621811,0.8233593,-0.05983714,0.5643456,5.890225,110.9625,356.4511,0.2286762,0.04320927,-0.9725424,0.0,0.0,0.0,1.777788,0.1626406,-2.55701,-0.1092499,0.1715976,1.124101,-0.3630018,-0.06157355,-0.9297518,0.07350175,0.9928128,-0.094447,0.9288848,-0.1026228,-0.3558671,static,-15.658784334975472,6.9457222231055225,-5.551067579375192,8.679378738105282,1.0964312999999999,0.0617327,-0.3146620000000002,-0.2680698832899503,0.1165029568690112,0.9563292242479702,-15.614366477114958,6.3122576187769806,10.20451303705925,10.255315837332546,10.337951784508403
733,05/11/2023 10:04:06.665250,913,True,True,True,True,Eyes,0.6159507,0.1105669,-2.412372,0.9934133,0.03405644,-0.1094077,0.0,0.0,0.0,0.0,0.0,0.0,0.0,-1.818718,-0.3589902,-1.428545,0.6878732,0.100402,-2.234748,0.00552139,0.824123,-0.05987847,0.56321,6.022204,111.1252,356.6364,0.2303053,0.04332229,-0.9721529,0.0,0.0,0.0,1.777788,0.1626406,-2.55701,-0.1026538,0.1750216,1.120032,-0.3655283,-0.05834769,-0.9289699,0.07654891,0.9927682,-0.09247505,0.9276474,-0.1049139,-0.3584185,static,-15.390009755162732,7.144176171985392,-5.236674544139355,8.881488091817092,1.0899147999999999,0.06223859999999999,-0.3222619999999998,-0.26347115889816874,0.11997232979452213,0.9571778617656094,-15.344078832159317,6.515509284724114,10.245155869564543,10.30089649565495,10.380629901749577
734,05/11/2023 10:04:06.685042,914,True,True,True,True,Eyes,0.6197198,0.1102877,-2.403417,0.9925336,0.03452491,-0.1169832,0.0,0.0,0.0,0.0,0.0,0.0,0.0,-1.803182,-0.356442,-1.442104,0.6951876,0.1009615,-2.228161,0.005187891,0.8255033,-0.05902793,0.5612782,5.928033,111.4025,356.6746,0.2319927,0.04342712,-0.9717469,0.0,0.0,0.0,1.777788,0.1626406,-2.55701,-0.09905326,0.1723872,1.115545,-0.3698799,-0.05769693,-0.9272864,0.07482741,0.9929776,-0.09163179,0.9260615,-0.1032792,-0.3629652,static,-15.218872810384218,7.096472363397548,-5.074191140900566,8.784535780659738,1.0826004,0.0616791,-0.32884899999999995,-0.26063320136425444,0.11927056358574856,0.9580421977294455,-15.171801602789813,6.47086144668978,10.228225993336219,10.284168623464735,10.359286942822198
735,05/11/2023 10:04:06.705566,915,True,True,True,True,Eyes,0.6236454,0.1099682,-2.394515,0.9915968,0.03509085,-0.1245166,0.0,0.0,0.0,0.0,0.0,0.0,0.0,-1.780753,-0.3545367,-1.463243,0.7033653,0.1004603,-2.221045,0.003126608,0.827917,-0.05800923,0.557834,5.712791,111.8862,356.5694,0.2337403,0.04352411,-0.9713237,0.0,0.0,0.0,1.777788,0.1626406,-2.55701,-0.09898299,0.1679573,1.110458,-0.3776231,-0.05954188,-0.9240431,0.06989617,0.9932503,-0.09256539,0.9233177,-0.0995419,-0.3709127,static,-15.26287615825128,6.8839525636833905,-5.093716705454092,8.600823081915982,1.0744227,0.062180299999999994,-0.33596499999999985,-0.2614804462164279,0.11568874584669395,0.9582505181477337,-15.215869737407061,6.257557328924053,10.260968552457879,10.313071722469047,10.38984486849633
736,05/11/2023 10:04:06.715368,916,True,True,True,True,Eyes,0.6277397,0.109645,-2.385687,0.990577,0.03592475,-0.1321613,0.0,0.0,0.0,0.0,0.0,0.0,0.0,-1.761106,-0.348181,-1.480345,0.7108327,0.09921096,-2.213373,0.002372387,0.8298644,-0.05661045,0.555081,5.54294,112.28,356.6069,0.2355487,0.04361223,-0.9708828,0.0,0.0,0.0,1.777788,0.1626406,-2.55701,-0.09650999,0.1656607,1.106231,-0.383759,-0.05890924,-0.9215524,0.06678428,0.9935793,-0.09132425,0.9210151,-0.09659171,-0.3773608,static,-15.199000486051144,6.7761875001023375,-4.985983789730741,8.51688845091996,1.0669553,0.06342964,-0.3436370000000002,-0.260465624003832,0.11391858406543194,0.9587388615916611,-15.151477052539475,6.150933462995857,10.309513460316543,10.360296802673979,10.437192931104258
737,05/11/2023 10:04:06.735602,917,True,True,True,True,Eyes,0.6320161,0.1093037,-2.376957,0.9894997,0.03681184,-0.1397685,0.0,0.0,0.0,0.0,0.0,0.0,0.0,-1.744923,-0.3429376,-1.493926,0.7188354,0.09883177,-2.206283,0.002546762,0.8312193,-0.05554245,0.5531576,5.460149,112.5571,356.7051,0.2374192,0.04369201,-0.9704236,0.0,0.0,0.0,1.777788,0.1626406,-2.55701,-0.09192139,0.1643642,1.101362,-0.3880209,-0.05721361,-0.9198733,0.06568129,0.9938171,-0.08951839,0.9193075,-0.09515343,-0.3818638,static,-15.021133189709142,6.780650500622327,-4.770937758865408,8.488018305729502,1.0589526,0.06380883,-0.350727,-0.2574830660117736,0.11408768267086644,0.9595240866369608,-14.972479540920444,6.158572269905177,10.339241093228514,10.391420075832093,10.464118384500068
738,05/11/2023 10:04:06.755540,918,True,True,True,True,Eyes,0.6364651,0.108929,-2.36832,0.9883155,0.03788091,-0.1476396,0.0,0.0,0.0,0.0,0.0,0.0,0.0,-1.72545,-0.3362102,-1.51248,0.7272549,0.09812915,-2.199836,0.002461767,0.8332512,-0.05410063,0.550236,5.328617,112.974,356.8084,0.2393524,0.04376325,-0.9699454,0.0,0.0,0.0,1.777788,0.1626406,-2.55701,-0.09036583,0.1622224,1.095844,-0.3944688,-0.05543368,-0.917236,0.06363876,0.9941341,-0.08744972,0.9167033,-0.09286793,-0.3886271,static,-14.963671396268499,6.741705405127087,-4.71407647094718,8.420580901276152,1.0505331,0.06451145,-0.3571740000000001,-0.2565390397479536,0.11346491761523499,0.9598507050195899,-14.914611582601513,6.12065340960952,10.334240977209237,10.386184047317007,10.456604756373688
739,05/11/2023 10:04:06.765208,919,True,True,True,True,Eyes,0.6410611,0.1085164,-2.359797,0.9870652,0.03894294,-0.1555175,0.0,0.0,0.0,0.0,0.0,0.0,0.0,-1.702817,-0.328562,-1.53416,0.7355679,0.09701555,-2.193334,0.002789222,0.8358306,-0.05264436,0.5464503,5.224124,113.5093,356.9566,0.2413496,0.04382521,-0.9694476,0.0,0.0,0.0,1.777788,0.1626406,-2.55701,-0.09092498,0.1609802,1.090233,-0.4027686,-0.05287242,-0.9137735,0.06219769,0.9944416,-0.08495521,0.9131861,-0.09105188,-0.3972412,static,-15.021405426269007,6.735559879383706,-4.767411444909866,8.399413528670003,1.0422200999999998,0.06562504999999999,-0.3636759999999999,-0.25751004493014196,0.1133316752642185,0.9596064102406858,-14.972707697159684,6.113477077539934,10.33633084776547,10.38810866019377,10.458182301661667
740,05/11/2023 10:04:06.785239,920,True,True,True,True,Eyes,0.6458364,0.108154,-2.351404,0.9857036,0.0402287,-0.1636155,0.0,0.0,0.0,0.0,0.0,0.0,0.0,-1.681582,-0.3205811,-1.55452,0.7434092,0.09581105,-2.187507,0.003672422,0.8382705,-0.05127259,0.542826,5.160593,114.021,357.1507,0.2434094,0.04387692,-0.9689302,0.0,0.0,0.0,1.777788,0.1626406,-2.55701,-0.09166619,0.1607124,1.084761,-0.4106526,-0.04950723,-0.9104466,0.06182116,0.9947153,-0.08197363,0.9096935,-0.08994757,-0.4054219,static,-15.04117355383669,6.797863240231307,-4.830223100144076,8.427334257853603,1.0343787999999998,0.06682955,-0.3695029999999999,-0.2578103660478869,0.11436560428334111,0.959403090943562,-14.99266524777993,6.175427076599416,10.287538716844448,10.34014917518294,10.408953662930285
741,05/11/2023 10:04:06.805055,921,True,True,True,True,Eyes,0.6507977,0.1078941,-2.343112,0.9842513,0.04168136,-0.1717907,0.0,0.0,0.0,0.0,0.0,0.0,0.0,-1.655224,-0.3184799,-1.579696,0.7521374,0.09663237,-2.182106,0.00257696,0.8413537,-0.05023643,0.5381391,5.008685,114.668,357.1385,0.245533,0.04392112,-0.9683923,0.0,0.0,0.0,1.777788,0.1626406,-2.55701,-0.09529135,0.156229,1.078602,-0.4207995,-0.0497321,-0.9057897,0.05840465,0.9949394,-0.08175968,0.9052719,-0.08730674,-0.4157654,static,-15.207720616822625,6.721670759706666,-5.048807062227752,8.241631486716567,1.0256506,0.06600823,-0.3749039999999999,-0.2606390305025967,0.11300081906429252,0.9588003507504028,-15.160197420511947,6.096261374191416,10.220906060586994,10.271991297766169,10.336480440523204
742,05/11/2023 10:04:06.825148,922,True,True,True,True,Eyes,0.6559116,0.1077941,-2.334908,0.9827367,0.04336691,-0.1798551,0.0,0.0,0.0,0.0,0.0,0.0,0.0,-1.62883,-0.3202108,-1.602895,0.7612486,0.09871905,-2.176154,-0.0009118493,0.8440823,-0.04926272,0.5339453,4.714449,115.2389,356.8856,0.2477206,0.04396243,-0.967833,0.0,0.0,0.0,1.777788,0.1626406,-2.55701,-0.09710822,0.1475679,1.072979,-0.4298035,-0.05414654,-0.9012976,0.05106784,0.9951447,-0.08413734,0.9014774,-0.08218982,-0.4249516,static,-15.31868390084076,6.454920295377476,-5.171372753122533,7.830821032439028,1.0165393999999999,0.06392155,-0.3808560000000001,-0.2626286422127868,0.10847511375927849,0.9587801173315118,-15.27159757499094,5.82753136509604,10.192797316356097,10.240167301702307,10.29697581543095
743,05/11/2023 10:04:06.835414,923,True,True,True,True,Eyes,0.6612344,0.107761,-2.326822,0.9811598,0.04520326,-0.1878354,0.0,0.0,0.0,0.0,0.0,0.0,0.0,-1.612893,-0.3250172,-1.614027,0.769953,0.1022425,-2.169991,-0.005488776,0.8449121,-0.04851941,0.532672,4.366832,115.4078,356.4946,0.2499725,0.04400746,-0.9672519,0.0,0.0,0.0,1.777788,0.1626406,-2.55701,-0.09137326,0.1368517,1.068684,-0.4324611,-0.06096493,-0.8995894,0.0424148,0.9952315,-0.0878367,0.9006547,-0.07614183,-0.427813,static,-15.039042996332888,6.126149092104067,-4.886945518595558,7.2973690422124236,1.007835,0.060398099999999996,-0.387019,-0.25809438287750053,0.10310223288660338,0.9606025423892577,-14.989838560992819,5.503755285097457,10.174907673776172,10.219434395748744,10.260872191769618
744,05/11/2023 10:04:06.855484,924,True,True,True,True,Eyes,0.6667612,0.1079954,-2.318857,0.9794948,0.04704398,-0.1959002,0.0,0.0,0.0,0.0,0.0,0.0,0.0,-1.592892,-0.3313327,-1.630354,0.7801292,0.1035792,-2.164674,-0.01036911,0.846304,-0.04856908,0.5303801,4.083447,115.7075,356.0293,0.2522904,0.04405831,-0.9666477,0.0,0.0,0.0,1.777788,0.1626406,-2.55701,-0.0884189,0.1292286,1.062178,-0.4371789,-0.06907099,-0.8967185,0.03396931,0.9950671,-0.09320757,0.898733,-0.07120927,-0.4326761,static,-14.894645886575995,5.8387133189203295,-4.758502525269137,6.93672968188936,0.9976588,0.0590614,-0.3923359999999998,-0.25579647841180353,0.09834405447094757,0.9617154965080137,-14.844228165763909,5.218899580664733,10.154610556428002,10.195442225539452,10.230972678685399
745,05/11/2023 10:04:06.875165,925,True,True,True,True,Eyes,0.6725188,0.1083061,-2.311007,0.9776972,0.04919389,-0.2041766,1.132136,1.779405,0.1640003,-2.542163,0.107845,0.09067102,0.9900243,-0.1014872,0.1181566,1.0504,0.7903392,0.109942,-2.159506,-0.01515992,0.8481905,-0.0494748,0.5271575,3.895952,116.125,355.523,0.2546748,0.04412511,-0.9660192,0.0,0.0,0.0,1.777788,0.1626406,-2.55701,-0.0874086,0.1182447,1.055566,-0.44375,-0.07787903,-0.8927602,0.02644504,0.9946448,-0.09991144,0.8957603,-0.06794477,-0.4393142,static,-14.8665553677554,5.649946120471452,-4.733710353044933,6.391637574868863,0.9874487999999999,0.0526986,-0.3975040000000001,-0.2554037185538915,0.09518526514074446,0.9621375387841715,-14.815766627624324,5.030635153429417,10.119451140769934,10.159953459818055,10.173504131563995
746,05/11/2023 10:04:06.885252,926,True,True,True,True,Eyes,0.678455,0.1085975,-2.303207,0.975789,0.05116905,-0.2126443,1.125235,1.776447,0.1661747,-2.542481,-0.08935511,0.2354118,0.9677795,-0.1045496,0.1072053,1.040314,0.8012258,0.1120245,-2.154294,-0.01945498,0.8518361,-0.04634308,0.5213915,3.363251,116.9226,355.3188,0.257128,0.0442092,-0.9653652,0.0,0.0,0.0,1.777788,0.1626406,-2.55701,-0.09199315,0.1051513,1.048283,-0.4555448,-0.08147068,-0.886477,0.01518088,0.9949476,-0.09924073,0.8900834,-0.0586661,-0.4520065,static,-15.139285680310701,5.159222855475175,-5.015202014034607,5.7280719520954255,0.9765621999999999,0.0506161,-0.40271599999999985,-0.26018012722114503,0.0868268262930971,0.9616482964974514,-15.089738263562005,4.535045419085021,10.105954998801709,10.140052237364662,10.144929420725823
747,05/11/2023 10:04:06.905435,927,True,True,True,True,Eyes,0.6845462,0.1089215,-2.295504,0.9738274,0.05287198,-0.2210537,1.120563,1.775781,0.1681679,-2.543209,-0.1337563,0.3684348,0.919981,-0.1055554,0.1050953,1.033527,0.8110682,0.1120162,-2.147558,-0.01875057,0.8551644,-0.04332769,0.5162026,3.138308,117.6463,355.5887,0.2596509,0.04430794,-0.9646852,0.0,0.0,0.0,1.777788,0.1626406,-2.55701,-0.09390387,0.1009079,1.041999,-0.4663671,-0.07680137,-0.8812513,0.0126621,0.9955423,-0.09346278,0.884501,-0.05474642,-0.4633156,static,-15.33061885821682,5.092400209754341,-5.149525833947378,5.531314626875751,0.9667197999999999,0.0506244,-0.4094519999999999,-0.26341743500243747,0.08562727180713876,0.960874193015492,-15.282224201414378,4.464806933185009,10.156426195205768,10.190549594324384,10.188670907766623
748,05/11/2023 10:04:06.924880,928,True,True,True,True,Eyes,0.6907756,0.109254,-2.287924,0.9718148,0.05395924,-0.2294877,1.115621,1.774953,0.1694521,-2.543945,-0.1889752,0.4539614,0.8707511,-0.1036601,0.1101017,1.025925,0.820594,0.1133675,-2.142143,-0.01423015,0.8574546,-0.0429865,0.5125632,3.389891,118.1439,356.067,0.2622424,0.04442101,-0.9639787,0.0,0.0,0.0,1.777788,0.1626406,-2.55701,-0.09306982,0.1045276,1.034976,-0.4741527,-0.06847002,-0.877776,0.01966317,0.9958993,-0.08830564,0.8802229,-0.05913023,-0.4708619,static,-15.318958718409965,5.538279035626956,-5.13848008294832,5.767043309965999,0.9571939999999999,0.0492731,-0.4148670000000001,-0.26304448169189,0.09311201008916184,0.9602801485818125,-15.270942735595325,4.910891087308042,10.140668408344933,10.183048577921292,10.168569025956826
749,05/11/2023 10:04:06.935329,929,True,True,True,True,Eyes,0.6970791,0.1094514,-2.280428,0.9697202,0.05468702,-0.2380169,1.110268,1.773728,0.1701686,-2.54469,-0.2706797,0.5019358,0.8214578,-0.1053903,0.1160647,1.017595,0.8297678,0.1141477,-2.137409,-0.009507176,0.8604781,-0.04326186,0.5075582,3.715421,118.8187,356.537,0.2649008,0.04454711,-0.9632457,0.0,0.0,0.0,1.777788,0.1626406,-2.55701,-0.09615228,0.1097143,1.027559,-0.4845884,-0.06027726,-0.8726628,0.02755439,0.996076,-0.08410265,0.874308,-0.06480088,-0.4810259,static,-15.478306101918363,6.025899091616946,-5.34579961217802,6.094482694030724,0.9480201999999999,0.04849289999999999,-0.4196010000000001,-0.2655031129114998,0.10121033955240147,0.9587828457644207,-15.431802193357123,5.395662850131583,10.081315602703981,10.132738597000824,10.110182849077397
750,05/11/2023 10:04:06.955259,930,True,True,True,True,Eyes,0.7034017,0.1098353,-2.273015,0.9676539,0.05445278,-0.2463351,1.104629,1.7723,0.1699854,-2.545124,-0.3655962,0.4892781,0.7917995,-0.1080414,0.1265315,1.010222,0.8374429,0.1113119,-2.131808,-0.004499931,0.8636059,-0.04446358,0.502183,4.144865,119.5353,356.9867,0.2676225,0.04467913,-0.962487,0.0,0.0,0.0,1.777788,0.1626406,-2.55701,-0.1000711,0.120385,1.021359,-0.4955842,-0.05243003,-0.8669762,0.03688537,0.9960055,-0.0813176,0.8677765,-0.07227843,-0.4916707,static,-15.692969401442765,6.55528467497478,-5.595886859741997,6.722292643171236,0.9403450999999999,0.05132869999999999,-0.4252020000000001,-0.2688421675563663,0.10995891226488086,0.9568871843033886,-15.648372907710835,5.921212201820027,10.039060261541286,10.09846362152974,10.084354496849246
751,05/11/2023 10:04:06.965297,931,True,True,True,True,Eyes,0.7098503,0.1102973,-2.265775,0.9654706,0.0545532,-0.254736,1.099424,1.771312,0.1702744,-2.545838,-0.4317281,0.5088816,0.7447485,-0.1021747,0.1373377,1.004627,0.8441245,0.1160753,-2.126359,-0.001090667,0.8640862,-0.05123324,0.5007287,5.016787,119.6822,356.9391,0.2704016,0.04482416,-0.9617032,0.0,0.0,0.0,1.777788,0.1626406,-2.55701,-0.09533074,0.1310655,1.016411,-0.4985395,-0.05319277,-0.8652337,0.04942305,0.994748,-0.08963213,0.8654572,-0.08744761,-0.4932922,static,-15.420441735968684,7.434928898073521,-5.358183639766962,7.347704727313418,0.9336634999999999,0.04656529999999999,-0.4306510000000001,-0.2638207077569657,0.12481569521658986,0.9564620416811178,-15.375000398967575,6.805716777410373,9.982822157347256,10.062636138236433,10.031468931579381
752,05/11/2023 10:04:06.985231,932,True,True,True,True,Eyes,0.7164173,0.110782,-2.258601,0.9631636,0.0547678,-0.2632803,1.094332,1.770438,0.1707162,-2.546717,-0.489787,0.5381443,0.6859369,-0.1045831,0.1264565,0.9982182,0.8532784,0.1182307,-2.123124,-0.006304016,0.8667844,-0.04962537,0.4961679,4.575535,120.286,356.5392,0.2732364,0.04498384,-0.9608942,0.0,0.0,0.0,1.777788,0.1626406,-2.55701,-0.09898031,0.1196528,1.010363,-0.5075556,-0.06017347,-0.8595154,0.03831659,0.9949952,-0.09228469,0.8607668,-0.07977328,-0.5027097,static,-15.524976808037383,6.8929523330311895,-5.595133086898968,6.753828488971514,0.9245095999999999,0.0444099,-0.4338860000000002,-0.2658610426099405,0.11569556661637137,0.9570436722206372,-15.479651670506092,6.261877212007019,9.862517342829637,9.93081828301263,9.896753189232397
753,05/11/2023 10:04:07.005273,933,True,True,True,True,Eyes,0.7230717,0.1112427,-2.251485,0.9607989,0.05520587,-0.2716946,1.089759,1.770111,0.1714038,-2.547566,-0.5119138,0.5843087,0.6297042,-0.1084327,0.1191767,0.9930001,0.8622798,0.1189864,-2.117327,-0.01236679,0.8701035,-0.04964411,0.4902067,4.259076,121.057,355.9638,0.2761263,0.04515755,-0.9600596,0.0,0.0,0.0,1.777788,0.1626406,-2.55701,-0.1037582,0.1115982,1.005068,-0.5190891,-0.07019251,-0.8518331,0.02715095,0.994765,-0.09851558,0.8542888,-0.07426643,-0.5144659,static,-15.828885642073567,6.428602201722503,-5.894050712594932,6.3359107726206965,0.9155081999999999,0.04365419999999999,-0.43968300000000005,-0.2711767228324297,0.10776964333354971,0.9564774220871346,-15.785027537384341,5.792103746879,9.876416994578419,9.935267322876506,9.905914830532675
754,05/11/2023 10:04:07.025173,934,True,True,True,True,Eyes,0.729826,0.111706,-2.244439,0.9584216,0.05557048,-0.2798928,1.085356,1.770055,0.1720197,-2.548223,-0.5155628,0.6252738,0.5858564,-0.1041616,0.1140323,0.9890355,0.8708755,0.118787,-2.111545,-0.01541375,0.8715063,-0.0480128,0.4877848,3.936436,121.3826,355.7631,0.2790692,0.04534277,-0.9591995,0.0,0.0,0.0,1.777788,0.1626406,-2.55701,-0.1000614,0.1057229,1.000832,-0.523657,-0.07370618,-0.8487349,0.01997345,0.9949144,-0.09872409,0.8516952,-0.06864972,-0.5195217,static,-15.654401933266122,6.081983039053142,-5.709357481716817,6.030077306136608,0.9069124999999999,0.04385359999999999,-0.445465,-0.26842512587083334,0.10206303475422684,0.9578784420915921,-15.609078460948865,5.448602231853529,9.892731202709925,9.94517990528081,9.916783184514
755,05/11/2023 10:04:07.035386,935,True,True,True,True,Eyes,0.7366847,0.1121561,-2.237479,0.9560186,0.05593823,-0.2879225,1.081092,1.770229,0.1726304,-2.54875,-0.5037516,0.6657251,0.5504948,-0.09741545,0.112973,0.9844149,0.8799495,0.1193068,-2.106162,-0.01639904,0.8722054,-0.04780915,0.4865216,3.867068,121.548,355.6816,0.2820635,0.04553827,-0.9583141,0.0,0.0,0.0,1.777788,0.1626406,-2.55701,-0.09364337,0.1039904,0.9958283,-0.5260559,-0.07512703,-0.8471254,0.0179137,0.9948907,-0.09935577,0.8502615,-0.06744182,-0.5220224,static,-15.34189982132993,6.03239870978732,-5.372049043858755,5.961563801643583,0.8978384999999999,0.04333379999999999,-0.45084800000000014,-0.2632150499827887,0.10138501601304961,0.9593950860403313,-15.29453227814212,5.404597971794496,9.9179972954036,9.970102412174827,9.93810265947449
756,05/11/2023 10:04:07.055155,936,True,True,True,True,Eyes,0.7436302,0.1126342,-2.230583,0.9535822,0.05611669,-0.2958579,1.076749,1.770399,0.1730578,-2.549148,-0.4926826,0.6945896,0.5242224,-0.09261,0.112806,0.9791771,0.8891783,0.1194006,-2.101197,-0.01717938,0.8732741,-0.04791648,0.4845629,3.843962,121.8024,355.606,0.2851081,0.04574233,-0.9574029,0.0,0.0,0.0,1.777788,0.1626406,-2.55701,-0.08908746,0.1033531,0.990275,-0.5298076,-0.0764417,-0.8446663,0.01643248,0.9948178,-0.1003374,0.8479589,-0.06703946,-0.525806,static,-15.125993686207464,6.0141079518300256,-5.140624344647967,5.958279052318878,0.8886097,0.04324,-0.455813,-0.2596033380940401,0.10118122201217444,0.9604001557727702,-15.077230128814218,5.3901623529695755,9.933677678249724,9.985525411983936,9.952833319914774
757,05/11/2023 10:04:07.065097,937,True,True,True,True,Eyes,0.7506688,0.1131266,-2.223759,0.95109,0.05623331,-0.3037524,1.072353,1.770573,0.1734285,-2.549489,-0.4809952,0.7191762,0.5014271,-0.089302,0.114373,0.9741352,0.8980219,0.1205331,-2.09578,-0.01719002,0.874707,-0.04924146,0.4818376,3.989755,122.1478,355.5428,0.2882018,0.04595516,-0.9564661,0.0,0.0,0.0,1.777788,0.1626406,-2.55701,-0.08599886,0.1045416,0.9849723,-0.5350743,-0.07752524,-0.8412406,0.0173803,0.9945596,-0.1027093,0.8446264,-0.06957809,-0.5308158,static,-15.018455773511864,6.158553952314888,-4.98989453692968,6.058496923954481,0.8797660999999999,0.04210749999999999,-0.46123000000000003,-0.25773428086852807,0.10365581108367915,0.9606395822851996,-14.969152923655425,5.536527523667164,9.973987320446707,10.029060368987869,9.992899979679194
758,05/11/2023 10:04:07.085136,938,True,True,True,True,Eyes,0.7577958,0.1136115,-2.217,0.9485371,0.05614535,-0.3116492,1.067667,1.770518,0.1735561,-2.549738,-0.4847999,0.7278785,0.484935,-0.08741724,0.1147378,0.9686741,0.9070418,0.1214556,-2.090575,-0.01584393,0.8766648,-0.04900968,0.4783368,4.058367,122.6112,355.7072,0.2913428,0.0461763,-0.9555033,0.0,0.0,0.0,1.777788,0.1626406,-2.55701,-0.08445406,0.1047542,0.9794647,-0.541886,-0.07466589,-0.8371289,0.01910663,0.9946941,-0.1010876,0.8402349,-0.07077264,-0.5375841,static,-14.995531060224398,6.266293243198115,-4.9281230691586995,6.104604896955606,0.8707461999999999,0.041185,-0.46643500000000016,-0.2573004498489205,0.10547465298930876,0.9605580307029871,-14.94619143145285,5.64467544501484,10.010888842458055,10.068706311134719,10.02862048401282
759,05/11/2023 10:04:07.105206,939,True,True,True,True,Eyes,0.7649865,0.1141045,-2.210328,0.9459537,0.05594725,-0.3194394,1.062875,1.770417,0.1735695,-2.549852,-0.4913988,0.7285721,0.4771895,-0.08536521,0.1159463,0.9631654,0.9160333,0.1220445,-2.085318,-0.01222928,0.8787372,-0.04770043,0.474759,4.141527,123.0987,356.1606,0.2945296,0.04640444,-0.9545147,0.0,0.0,0.0,1.777788,0.1626406,-2.55701,-0.08271712,0.1059291,0.9740124,-0.5489089,-0.06678506,-0.8332101,0.02379976,0.9951503,-0.09544419,0.8355435,-0.07222035,-0.5446572,static,-14.972104325109594,6.456545679932314,-4.854144958842164,6.206830730317455,0.8617546999999999,0.040596099999999996,-0.471692,-0.2568185371833003,0.10867803609644533,0.9603298136722938,-14.92280855724771,5.83534494575822,10.05854441302959,10.1210404254454,10.075514296847905
760,05/11/2023 10:04:07.125247,940,True,True,True,True,Eyes,0.7722498,0.1146178,-2.203763,0.9432999,0.0556184,-0.3272488,1.057886,1.770154,0.1734557,-2.549955,-0.5089266,0.7209499,0.4703457,-0.08239058,0.1175433,0.9577296,0.9245373,0.1230296,-2.080656,-0.007650959,0.8804524,-0.04638562,0.4717982,4.270267,123.5072,356.7094,0.2977599,0.04663907,-0.9535006,0.0,0.0,0.0,1.777788,0.1626406,-2.55701,-0.08014929,0.1076345,0.9687673,-0.5546961,-0.05724192,-0.8300819,0.0302967,0.9955797,-0.08890009,0.8315014,-0.07446125,-0.5505099,static,-14.858261041229548,6.71333524273289,-4.729496213481708,6.339823039689515,0.8532506999999999,0.03961099999999999,-0.47635400000000017,-0.254785013997728,0.11304385290078357,0.9603674134535876,-14.808499907814488,6.094165539949683,10.066859432295761,10.135649377402716,10.081996978652208
761,05/11/2023 10:04:07.135623,941,True,True,True,True,Eyes,0.7796026,0.1151644,-2.197317,0.9405613,0.05529774,-0.3350919,1.052876,1.769897,0.1733861,-2.550127,-0.5259453,0.7161849,0.4587601,-0.081328,0.1178342,0.9518755,0.9332908,0.1244266,-2.076567,-0.004532284,0.8824788,-0.04555857,0.4681188,4.3682,124.0007,357.0881,0.3010312,0.04688014,-0.9524611,0.0,0.0,0.0,1.777788,0.1626406,-2.55701,-0.07953194,0.1079899,0.963055,-0.5616888,-0.05065293,-0.8257968,0.03465435,0.9958078,-0.08465224,0.8266227,-0.07616565,-0.5575786,static,-14.839694541629017,6.890574591016296,-4.720942767599029,6.398000789515316,0.8444972,0.038214,-0.4804430000000002,-0.2543857288259149,0.11602673467567488,0.9601175336189922,-14.789995053490665,6.271735255942392,10.057211511338078,10.130733754983405,10.06984393727073
762,05/11/2023 10:04:07.155336,942,True,True,True,True,Eyes,0.7870494,0.1157335,-2.190969,0.9377131,0.05502297,-0.3430255,1.047869,1.76965,0.1733904,-2.550415,-0.5422089,0.7161985,0.4393965,-0.08195904,0.1160636,0.9456812,0.9424899,0.1258724,-2.07287,-0.00374688,0.884827,-0.04500858,0.4637254,4.368714,124.5771,357.2192,0.3043418,0.04712817,-0.9513961,0.0,0.0,0.0,1.777788,0.1626406,-2.55701,-0.0806672,0.1061916,0.9569133,-0.5698892,-0.04837392,-0.8202963,0.03511256,0.9959204,-0.08312465,0.8209708,-0.07617457,-0.5658657,static,-14.916838897058863,6.90561010750913,-4.818606074110185,6.332378516010919,0.8352980999999999,0.0367682,-0.48414,-0.2556718535590215,0.11623789242591248,0.9597502458721003,-14.867646848956252,6.285393257092657,10.03991479905821,10.114489636356824,10.04915061629959
763,05/11/2023 10:04:07.165125,943,True,True,True,True,Eyes,0.7945872,0.1162867,-2.184721,0.9347758,0.0548942,-0.350971,1.043015,1.769572,0.1735422,-2.550789,-0.5476575,0.7266832,0.4147322,-0.08230099,0.1128514,0.9400187,0.9518938,0.1268574,-2.068745,-0.004550893,0.8871775,-0.04415924,0.459288,4.253754,125.1553,357.2044,0.3076909,0.04738318,-0.9503056,0.0,0.0,0.0,1.777788,0.1626406,-2.55701,-0.08145237,0.1027731,0.9510987,-0.5780678,-0.04863852,-0.8145381,0.03248873,0.9960585,-0.08253451,0.8153419,-0.07417383,-0.5742092,static,-15.001385348355186,6.7756776154533735,-4.8948837968849315,6.167294191949253,0.8258941999999999,0.03578319999999999,-0.48826500000000017,-0.25715448014227565,0.11401471369694424,0.959620774422709,-14.952600660122506,6.153952015999531,10.052429864106683,10.124796491775292,10.057725712839487
764,05/11/2023 10:04:07.185411,944,True,True,True,True,Eyes,0.8022237,0.1168194,-2.178572,0.9317342,0.05484845,-0.3589751,1.03817,1.769522,0.1737614,-2.551249,-0.5508269,0.741079,0.3839162,-0.08199722,0.10931,0.9345453,0.9613332,0.1270262,-2.064738,-0.005533033,0.8893973,-0.04262975,0.4551096,4.059553,125.7028,357.2047,0.3110772,0.04764355,-0.9491895,0.0,0.0,0.0,1.777788,0.1626406,-2.55701,-0.08163634,0.09893558,0.9453818,-0.5856895,-0.04864455,-0.8090747,0.02896029,0.9963042,-0.08086585,0.8100181,-0.0707933,-0.5821161,static,-15.042243597381185,6.576716343853271,-4.935406294297552,5.974339793480602,0.8164547999999999,0.03561439999999999,-0.4922719999999998,-0.2579372600017091,0.11065784219915642,0.9598037852601382,-14.993517407915206,5.954262495238647,10.056440342130726,10.12477248037909,10.058131152047267
765,05/11/2023 10:04:07.205353,945,True,True,True,True,Eyes,0.8099655,0.1173025,-2.172536,0.9285925,0.05490375,-0.3670169,1.033363,1.769539,0.174038,-2.551798,-0.5498175,0.7596181,0.347392,-0.08117145,0.1062178,0.9289167,0.9710745,0.1271444,-2.060867,-0.00600743,0.8915401,-0.0409722,0.4510448,3.878304,126.2361,357.2613,0.3145,0.04790759,-0.9480475,0.0,0.0,0.0,1.777788,0.1626406,-2.55701,-0.08133107,0.0954851,0.9394001,-0.593045,-0.04767233,-0.8037568,0.02624887,0.9965703,-0.07847597,0.8047414,-0.0676375,-0.5897597,static,-15.060508221731823,6.412319357489167,-4.948196207999358,5.803882760145564,0.8067135,0.035496200000000006,-0.496143,-0.258322187587625,0.1078919556549949,0.960015016034024,-15.01173151037706,5.789540448668187,10.065381630035793,10.130599654317852,10.063545522533337
766,05/11/2023 10:04:07.215573,946,True,True,True,True,Eyes,0.8178228,0.1177272,-2.166606,0.9253291,0.05493362,-0.3751644,1.028398,1.76943,0.1742209,-2.552425,-0.5572338,0.7720328,0.3057057,-0.08151028,0.1043475,0.9226993,0.981033,0.1264975,-2.05739,-0.006189956,0.8939458,-0.03950218,0.446388,3.732558,126.8432,357.3387,0.3179582,0.04817247,-0.94688,0.0,0.0,0.0,1.777788,0.1626406,-2.55701,-0.08234289,0.09335567,0.9328719,-0.6013989,-0.04633357,-0.7976043,0.02419963,0.9968025,-0.07615186,0.7985823,-0.06509937,-0.5983548,static,-15.145351270468462,6.285308616455646,-5.044319828703145,5.7147574167179345,0.7967549999999999,0.036143099999999984,-0.4996200000000002,-0.2598044559109314,0.10572005391866,0.9598567017158004,-15.096986780029757,5.661015644055403,10.054746210716173,10.117132244813925,10.052810602633633
767,05/11/2023 10:04:07.235477,947,True,True,True,True,Eyes,0.8257773,0.1180922,-2.16077,0.9219816,0.05497549,-0.3833114,1.023366,1.769302,0.1743523,-2.553038,-0.5657995,0.7808465,0.2648579,-0.08237621,0.1039892,0.9160845,0.9913372,0.1256058,-2.053834,-0.005926136,0.8965264,-0.03859641,0.4412659,3.668025,127.5054,357.4334,0.3214517,0.04843529,-0.9456862,0.0,0.0,0.0,1.777788,0.1626406,-2.55701,-0.08389238,0.09280782,0.9259656,-0.6104987,-0.04468843,-0.7907556,0.02343668,0.9969504,-0.0744354,0.7916706,-0.06397539,-0.6075895,static,-15.288275301930193,6.243462004424924,-5.176857631371735,5.723535509057579,0.7864507999999999,0.03703480000000001,-0.5031759999999998,-0.26221957086506387,0.10494796833942462,0.9592845381877209,-15.240780111280328,5.616617380642057,10.06359913094269,10.124776089823754,10.064490407755049
768,05/11/2023 10:04:07.255017,948,True,True,True,True,Eyes,0.8338153,0.1184186,-2.155031,0.9185751,0.05491054,-0.3914138,1.018118,1.769033,0.174324,-2.553537,-0.5833692,0.7785246,0.231473,-0.08150184,0.1043299,0.909808,1.001335,0.1246118,-2.050104,-0.005228126,0.8986851,-0.03787308,0.4369251,3.640923,128.066,357.5597,0.3249797,0.0486934,-0.9444664,0.0,0.0,0.0,1.777788,0.1626406,-2.55701,-0.08369055,0.09314033,0.9195659,-0.6181386,-0.04249227,-0.7849201,0.02369851,0.9970766,-0.07264054,0.7857121,-0.06350334,-0.6153246,static,-15.329593443168923,6.244888590761278,-5.200216115929054,5.783609322816679,0.7764529999999998,0.0380288,-0.5069059999999999,-0.26291120195062867,0.10495138883652042,0.9590949121143868,-15.282363301804608,5.617306219036792,10.079183034231654,10.139874930226537,10.08351866165701
769,05/11/2023 10:04:07.265492,949,True,True,True,True,Eyes,0.8419573,0.1186887,-2.149408,0.9150502,0.05486881,-0.3995904,1.012824,1.768742,0.1742612,-2.554123,-0.6027748,0.7743676,0.1923986,-0.07961261,0.1053928,0.9036815,1.011145,0.1240122,-2.046572,-0.005185284,0.9004797,-0.03826234,0.4331806,3.693357,128.5411,357.5598,0.3285408,0.04894528,-0.9432204,0.0,0.0,0.0,1.777788,0.1626406,-2.55701,-0.08251807,0.09423413,0.9132857,-0.6246554,-0.04248749,-0.7797438,0.02381052,0.9970182,-0.07340125,0.7805374,-0.06441659,-0.6217812,static,-15.297175612502867,6.295977494005768,-5.1628247811637955,5.891013784189105,0.766643,0.03862839999999999,-0.5104380000000002,-0.26234409651980156,0.10582345863966007,0.9591542697740363,-15.24979056529656,5.668973617073295,10.081353547858763,10.1424386800676,10.08940932691691
770,05/11/2023 10:04:07.286034,950,True,True,True,True,Eyes,0.8502085,0.1188984,-2.143882,0.9113786,0.05476437,-0.4079092,1.007396,1.768328,0.1740679,-2.554808,-0.6307821,0.7619423,0.1468259,-0.0807012,0.1053864,0.8967801,1.021447,0.1228918,-2.043551,-0.006062488,0.9029912,-0.03832901,0.4279031,3.671343,129.2094,357.4873,0.3321342,0.04918877,-0.9419484,0.0,0.0,0.0,1.777788,0.1626406,-2.55701,-0.08449578,0.09436406,0.9062159,-0.6337244,-0.04375095,-0.7723209,0.02185345,0.9969883,-0.07440983,0.7732503,-0.06403319,-0.6308597,static,-15.449620867086638,6.243521719909308,-5.3268705416415365,5.944772138121819,0.7563409999999999,0.0397488,-0.5134590000000001,-0.2649221123547482,0.10486866136231503,0.9585503859754428,-15.403155082664599,5.613796257537277,10.068216179503938,10.127157817666175,10.081718860650154
771,05/11/2023 10:04:07.305415,951,True,True,True,True,Eyes,0.8585685,0.1189971,-2.138443,0.9075592,0.0546459,-0.4163535,1.001849,1.767806,0.1737441,-2.555566,-0.6654475,0.7402105,0.09627074,-0.0823299,0.1049015,0.8899907,1.031952,0.1216552,-2.040134,-0.006818653,0.905793,-0.03800721,0.4219574,3.617708,129.9632,357.4486,0.3357592,0.04942174,-0.9406502,0.0,0.0,0.0,1.777788,0.1626406,-2.55701,-0.08715978,0.09413572,0.8992527,-0.643811,-0.04442742,-0.7638938,0.01972228,0.9970179,-0.0746077,0.7649304,-0.06309897,-0.641015,static,-15.671623527849286,6.1651127959004794,-5.536082254965536,5.976080363955534,0.7458359999999999,0.04098539999999999,-0.5168759999999999,-0.2686744699881229,0.10344524077751624,0.9576602864224784,-15.626494394274186,5.53142396166987,10.080931110075353,10.137303889824796,10.10020477303312
772,05/11/2023 10:04:07.315245,952,True,True,True,True,Eyes,0.8585685,0.1189971,-2.138443,0.9075592,0.0546459,-0.4163535,1.001849,1.767806,0.1737441,-2.555566,-0.6654475,0.7402105,0.09627074,-0.08497471,0.1073667,0.8829588,1.042534,0.1191085,-2.036568,-0.006656874,0.908652,-0.03802401,0.4157661,3.644508,130.7459,357.4894,0.3394158,0.0496401,-0.9393254,0.0,0.0,0.0,1.777788,0.1626406,-2.55701,-0.08992901,0.09659898,0.8921526,-0.6541886,-0.04371575,-0.7550672,0.01952063,0.9970197,-0.07463659,0.7560797,-0.06356578,-0.6513857,static,-16.453873264495183,6.178954451897343,-5.7559741043140304,6.179700120251883,0.7352539999999999,0.04353209999999999,-0.5204420000000001,-0.2817288296252056,0.10327436619882747,0.9539200095909207,-16.4137487590763,5.531298395989989,10.640663130142816,10.697899186168558,10.677480292078219
773,05/11/2023 10:04:07.335525,953,True,True,True,True,Eyes,0.8585685,0.1189971,-2.138443,0.9075592,0.0546459,-0.4163535,1.001849,1.767806,0.1737441,-2.555566,-0.6654475,0.7402105,0.09627074,-0.08618784,0.1108809,0.8762748,1.052915,0.1175989,-2.032729,-0.005521028,0.9111928,-0.03880859,0.4101113,3.795511,131.457,357.5937,0.3427024,0.04983599,-0.938121,0.0,0.0,0.0,1.777788,0.1626406,-2.55701,-0.09126762,0.1001375,0.8854285,-0.6635568,-0.04189311,-0.7469522,0.02177023,0.9969268,-0.07525268,0.7478093,-0.06619573,-0.6606055,static,-17.167085947296357,6.340177715042326,-5.885112638941237,6.452447105047046,0.7248729999999999,0.04504169999999999,-0.5242810000000002,-0.29350994288867693,0.10556745607236863,0.9501092245092635,-17.13167538661185,5.679786152841284,11.22065270348701,11.282531903184205,11.273073165040485
774,05/11/2023 10:04:07.355117,954,True,True,True,True,Eyes,0.8585685,0.1189971,-2.138443,0.9075592,0.0546459,-0.4163535,1.001849,1.767806,0.1737441,-2.555566,-0.6654475,0.7402105,0.09627074,-0.08739215,0.1131299,0.8692993,1.063685,0.1166557,-2.029191,-0.004924398,0.9137316,-0.03948244,0.4043655,3.908896,132.1769,357.6488,0.3456566,0.05001177,-0.9370271,0.0,0.0,0.0,1.777788,0.1626406,-2.55701,-0.09258848,0.1024004,0.8784036,-0.6729286,-0.04092982,-0.7385741,0.02293151,0.9968337,-0.0761352,0.7393517,-0.06817018,-0.6698594,static,-17.891435865296597,6.450994846698451,-6.017066214824459,6.649275602921517,0.7141029999999999,0.045984899999999995,-0.527819,-0.3054512204547044,0.10698375275211347,0.9461787048034354,-17.860759083926393,5.777669245790435,11.810012389179075,11.87602500226158,11.875721385221501
775,05/11/2023 10:04:07.375039,955,True,True,True,True,Eyes,0.8585685,0.1189971,-2.138443,0.9075592,0.0546459,-0.4163535,1.001849,1.767806,0.1737441,-2.555566,-0.6654475,0.7402105,0.09627074,-0.08907872,0.1146087,0.862694,1.074514,0.1143825,-2.025347,-0.004774478,0.9164797,-0.03903211,0.3981442,3.88433,132.9595,357.7119,0.3483125,0.05016954,-0.9360346,0.0,0.0,0.0,1.777788,0.1626406,-2.55701,-0.09440014,0.1038713,0.8717163,-0.6829171,-0.03983224,-0.7294093,0.02232939,0.9969074,-0.07534614,0.7301548,-0.06774241,-0.6799157,static,-18.667709988512158,6.426777189479688,-6.180604891832655,6.795167000185194,0.703274,0.0482581,-0.531663,-0.31827200741391803,0.1061127664312421,0.9420419963837725,-18.641961039807683,5.739591306466893,12.426121277818535,12.492537962645976,12.505984051318949
776,05/11/2023 10:04:07.385501,956,True,True,True,True,Eyes,0.8688217,0.1188102,-2.132525,0.9029033,0.05433442,-0.4263958,0.9945538,1.766808,0.1728487,-2.556599,-0.7321167,0.6806257,0.02745338,-0.08779642,0.1147561,0.856724,1.084962,0.1132713,-2.021445,-0.004980511,0.9187921,-0.03917795,0.3927615,3.903743,133.6307,357.7064,0.3507004,0.05031119,-0.9351349,0.0,0.0,0.0,1.777788,0.1626406,-2.55701,-0.09468406,0.1048485,0.8656314,-0.6914275,-0.03992728,-0.7213419,0.02162306,0.9968805,-0.07590508,0.7221225,-0.06808046,-0.6884074,static,-18.704829213232095,6.424608006694723,-6.242282303100492,6.906235695065505,0.6928259999999999,0.04936929999999999,-0.5355650000000001,-0.3188842312673602,0.10605406929212738,0.9418414718204289,-18.679314872040425,5.736759370837294,12.40699856570913,12.471849931643508,12.491895532456352
777,05/11/2023 10:04:07.405427,957,True,True,True,True,Eyes,0.8791507,0.1185806,-2.126703,0.898081,0.05415866,-0.4364828,0.9876547,1.766145,0.1720706,-2.557797,-0.776028,0.6285161,-0.05242326,-0.08736819,0.1119481,0.8504206,1.096463,0.1120509,-2.01807,-0.006938905,0.9213471,-0.03819527,0.3867976,3.727675,134.3738,357.5686,0.3533231,0.05043457,-0.9341405,0.0,0.0,0.0,1.777788,0.1626406,-2.55701,-0.09568751,0.102682,0.8587896,-0.7006788,-0.04233396,-0.7122197,0.0167614,0.9969859,-0.07575011,0.7132798,-0.0650143,-0.6978573,static,-18.806470799109224,6.188851274298729,-6.3577506367374,6.818256325469793,0.681325,0.0505897,-0.5389400000000002,-0.32068750913587946,0.10211213925774376,0.9416647546819767,-18.78136535131112,5.4991893342390235,12.406515140126361,12.4646213099108,12.493443892839446
778,05/11/2023 10:04:07.425146,958,True,True,True,True,Eyes,0.8895604,0.1182748,-2.120962,0.8932358,0.05399777,-0.446334,0.9807637,1.765614,0.1712339,-2.55871,-0.8117175,0.5729536,-0.1133095,-0.08727995,0.1093556,0.8441697,1.108239,0.1107045,-2.014289,-0.009302475,0.923981,-0.03747801,0.3804842,3.564896,135.1558,357.375,0.3561582,0.05053926,-0.9330576,0.0,0.0,0.0,1.777788,0.1626406,-2.55701,-0.09672835,0.100796,0.8520699,-0.7102907,-0.0457102,-0.702423,0.01132896,0.9970177,-0.07633682,0.7038175,-0.06217904,-0.7076545,static,-18.964070393454016,5.946235686685693,-6.476582738146558,6.746477469358192,0.669549,0.0519361,-0.5427209999999998,-0.32340997623176887,0.09802787798026456,0.9411676341306398,-18.939723868198087,5.2537613516893105,12.461533055350513,12.513102527039049,12.552214475363723
779,05/11/2023 10:04:07.435140,959,True,True,True,True,Eyes,0.9000583,0.1179081,-2.115294,0.8882768,0.0538654,-0.4561391,0.9739339,1.765181,0.1703695,-2.559543,-0.8403017,0.515164,-0.1688168,-0.08576766,0.1077264,0.8381468,1.12026,0.1084517,-2.010276,-0.01181811,0.926313,-0.03680837,0.3747662,3.401591,135.8612,357.1586,0.3591861,0.05062344,-0.9318917,0.0,0.0,0.0,1.777788,0.1626406,-2.55701,-0.09620363,0.09989724,0.8455551,-0.7188215,-0.0494836,-0.6934315,0.005694534,0.9970109,-0.0770502,0.6951715,-0.0593341,-0.7163911,static,-19.045473915954663,5.6985401383641054,-6.490955620349714,6.737917660856204,0.6575279999999999,0.0541889,-0.5467339999999998,-0.32487643606357086,0.09390831952204577,0.9410826542336164,-19.021395038984565,5.004613928134682,12.55241583859498,12.597469399404835,12.649753114347506
780,05/11/2023 10:04:07.454947,960,True,True,True,True,Eyes,0.9106572,0.1174873,-2.109699,0.8832607,0.05389322,-0.4657747,0.9671205,1.764877,0.1696086,-2.560159,-0.8604243,0.4643598,-0.2098569,-0.08295205,0.1081776,0.8319435,1.132589,0.1064443,-2.006142,-0.01458791,0.9282618,-0.03767642,0.3697269,3.391603,136.4718,356.8449,0.3623887,0.05068614,-0.9306476,0.0,0.0,0.0,1.777788,0.1626406,-2.55701,-0.09410319,0.1009881,0.8389529,-0.7261786,-0.05494277,-0.6853072,0.0007771682,0.9967353,-0.08073424,0.6875058,-0.05916007,-0.7237652,static,-19.05964771022135,5.583427488241752,-6.39996928111501,6.863895803864618,0.6451989999999999,0.05619629999999999,-0.5508679999999999,-0.32516717342842777,0.09200768425240376,0.9411699686292719,-19.035542291267483,4.889248943288923,12.682620920093093,12.724270393059651,12.788938013724012
781,05/11/2023 10:04:07.475107,961,True,True,True,True,Eyes,0.9213687,0.1169544,-2.104178,0.8781287,0.05383444,-0.4753859,0.9601774,1.764528,0.168645,-2.560633,-0.8839902,0.4002978,-0.2415015,-0.07982722,0.1090057,0.8253698,1.145329,0.1045313,-2.002088,-0.01718873,0.9301648,-0.03885522,0.3646759,3.425284,137.0806,356.5359,0.3657507,0.05072675,-0.9293292,0.0,0.0,0.0,1.777788,0.1626406,-2.55701,-0.09164315,0.1026675,0.832094,-0.7334324,-0.06031583,-0.6770815,-0.003637586,0.9963896,-0.08482014,0.6797529,-0.05974688,-0.7310038,static,-19.072771423082262,5.5084787543525096,-6.284973306344406,7.033860844643337,0.6324589999999999,0.0581093,-0.5549219999999999,-0.3254198980181739,0.09076810889048069,0.9412029297632369,-19.04867357391955,4.814066365936993,12.839140573148624,12.878453757956516,12.95528973231371
782,05/11/2023 10:04:07.484913,962,True,True,True,True,Eyes,0.9321471,0.1163907,-2.098703,0.8729829,0.05369966,-0.4847857,0.9530129,1.764111,0.1675671,-2.56071,-0.9117551,0.3284242,-0.2466579,-0.07707161,0.1127539,0.8180065,1.15844,0.1011859,-1.998088,-0.01851183,0.9321618,-0.04046388,0.3592972,3.562384,137.7285,356.3471,0.3692586,0.05074223,-0.9279401,0.0,0.0,0.0,1.777788,0.1626406,-2.55701,-0.08936757,0.1074442,0.824762,-0.7411257,-0.06358914,-0.668348,-0.005434924,0.99604,-0.08874025,0.6713442,-0.06213526,-0.7385364,static,-19.134215492711046,5.571005639071669,-6.184190369373087,7.422292018801101,0.619348,0.0614547,-0.5589219999999999,-0.32639919786140675,0.09176241882282976,0.9407673433045122,-19.110573176122596,4.875495760092525,13.042728840981171,13.08168230599016,13.17488306020214
783,05/11/2023 10:04:07.505398,963,True,True,True,True,Eyes,0.9430048,0.1157956,-2.093302,0.8677344,0.05336183,-0.4941554,0.9457833,1.763694,0.1662643,-2.560666,-0.9393225,0.2415051,-0.2436154,-0.07241508,0.1184848,0.8115157,1.170584,0.09973271,-1.993537,-0.01870991,0.9335892,-0.0442136,0.3551145,3.971851,138.2166,356.1872,0.3728988,0.05073341,-0.9264838,0.0,0.0,0.0,1.777788,0.1626406,-2.55701,-0.08512238,0.1144776,0.8184162,-0.7470872,-0.06633651,-0.6614076,-0.003532948,0.9953902,-0.09584299,0.6647165,-0.06926636,-0.7438776,static,-19.05816754483632,5.912076719385999,-5.937907505602631,7.96269817735548,0.6072039999999999,0.06290789,-0.5634730000000001,-0.3249749922242541,0.09741150786948738,0.9406924501434609,-19.034386627232163,5.217922491538817,13.234625731905227,13.279543360409546,13.381014869909105
1085,05/11/2023 10:04:12.535585,1265,True,True,True,True,Eyes,1.307795,0.04841447,-3.219733,-0.2916138,-0.6216388,0.7269983,0.0,0.0,0.0,0.0,0.0,0.0,0.0,-0.4036899,1.708506,2.899271,1.101479,0.02081515,-3.205315,0.271237,-0.1096974,-0.001424229,0.9562401,31.22651,345.7448,355.8266,0.4017547,0.01595673,-0.915608,0.0,0.0,0.0,1.00552,-0.5370963,-2.61316,0.06484421,-0.1630133,0.8002137,0.9759289,-0.0622318,0.2090215,-0.05678418,0.852857,0.5190477,-0.2105667,-0.5184228,0.828794,static,-5.441820720779738,-7.866678547659117,4.632761652181066,-11.51429905129812,-0.09595900000000013,-0.55791145,0.592155,-0.09395039958414746,-0.1362630828629486,0.9862077006824851,-5.317170055535187,-8.31762327410244,10.577925581744866,10.714585634924957,10.450831402942393
1086,05/11/2023 10:04:12.555427,1266,True,True,True,True,Eyes,1.297541,0.04761185,-3.219286,-0.2834863,-0.623409,0.7286952,0.0,0.0,0.0,0.0,0.0,0.0,0.0,-0.4501182,1.688932,2.895475,1.091453,0.02122783,-3.201117,0.2701773,-0.1024788,-0.006481297,0.9573194,31.06187,346.5179,355.4614,0.3992215,0.0157546,-0.9167188,0.0,0.0,0.0,1.00552,-0.5370963,-2.61316,0.06702879,-0.1681479,0.7950077,0.9789122,-0.06778422,0.1927077,-0.04296555,0.8539244,0.5186204,-0.1997121,-0.5159636,0.8330047,static,-5.497362474109241,-8.215219083450862,4.8193311324394426,-11.942328044279769,-0.08593300000000004,-0.5583241299999999,0.5879569999999998,-0.09482574479011441,-0.1422479462805556,0.9852784164771368,-5.372711995531904,-8.667153273265932,10.81733582338394,10.96929843596634,10.705349732872508
1087,05/11/2023 10:04:12.575215,1267,True,True,True,True,Eyes,1.287275,0.04677418,-3.218729,-0.2753473,-0.6251285,0.7303412,0.0,0.0,0.0,0.0,0.0,0.0,0.0,-0.4921471,1.668003,2.891979,1.080608,0.02373421,-3.196828,0.269623,-0.09618128,-0.01328839,0.9580584,30.93552,347.1022,354.8277,0.3966922,0.01555125,-0.9178196,0.0,0.0,0.0,1.00552,-0.5370963,-2.61316,0.07308053,-0.174077,0.790692,0.9811451,-0.07732747,0.1771289,-0.02640327,0.8542537,0.5191854,-0.1914603,-0.514073,0.8361052,static,-5.363545999925952,-8.522656053751984,5.280619388338607,-12.416041346178142,-0.07508800000000004,-0.56083051,0.5836679999999999,-0.09245153781653338,-0.1475657671237727,0.9847218404582638,-5.237729414306333,-8.972198964430564,11.16150137115379,11.333874264699142,11.067778091578413
1088,05/11/2023 10:04:12.585488,1268,True,True,True,True,Eyes,1.276997,0.0460364,-3.218101,-0.2672485,-0.6273703,0.7314265,0.0,0.0,0.0,0.0,0.0,0.0,0.0,-0.5367812,1.657552,2.883169,1.070215,0.02180922,-3.194126,0.2698161,-0.08915263,-0.01862168,0.958595,30.92853,347.8208,354.3931,0.3941666,0.0153458,-0.9189104,0.0,0.0,0.0,1.00552,-0.5370963,-2.61316,0.07668366,-0.1738813,0.7861091,0.9834101,-0.08381093,0.1608736,-0.01240832,0.853705,0.5206091,-0.1809714,-0.5139684,0.8385021,static,-5.373501875559571,-8.750907252009823,5.571482267239435,-12.472563611928171,-0.06469499999999995,-0.5589055199999999,0.5809659999999996,-0.09256712549497437,-0.15148581769231265,0.9841155182661634,-5.247516877216256,-9.20062645928599,11.376190017639734,11.560424038392465,11.302933920826629
1089,05/11/2023 10:04:12.605290,1269,True,True,True,True,Eyes,1.266761,0.04539536,-3.217308,-0.259301,-0.6296926,0.7322911,0.0,0.0,0.0,0.0,0.0,0.0,0.0,-0.5593393,1.674083,2.863127,1.059685,0.02319946,-3.192091,0.2745372,-0.08538872,-0.02299692,0.9575015,31.4539,348.0834,353.8815,0.3916438,0.01514129,-0.9199919,0.0,0.0,0.0,1.00552,-0.5370963,-2.61316,0.08498299,-0.1684488,0.7851295,0.9843598,-0.09092394,0.1508926,-0.002845591,0.8482009,0.529667,-0.1761467,-0.5218123,0.8346761,static,-5.073584551478313,-8.398532281934155,6.1776858645018535,-12.109182735010023,-0.05416500000000002,-0.5602957599999999,0.5789309999999999,-0.08749400546980977,-0.14549756481654907,0.9854822636020767,-4.946044205846584,-8.842898704755209,11.6646651497429,11.847363114145807,11.593359394251161
1090,05/11/2023 10:04:12.625333,1270,True,True,True,True,Eyes,1.256567,0.04480499,-3.216401,-0.2511271,-0.6322323,0.7329513,0.0,0.0,0.0,0.0,0.0,0.0,0.0,-0.5927682,1.675628,2.84725,1.050568,0.02461983,-3.187732,0.2774227,-0.08044913,-0.02872222,0.9569429,31.75809,348.4733,353.2725,0.3891253,0.01494043,-0.9210632,0.0,0.0,0.0,1.00552,-0.5370963,-2.61316,0.09087156,-0.1670645,0.7819965,0.9854059,-0.09960787,0.1380341,0.0103342,0.8444234,0.5355766,-0.1699069,-0.526334,0.8331292,static,-4.8295068277507,-8.30354397496548,6.628302493117449,-12.059293598525194,-0.04504799999999998,-0.56171613,0.5745719999999999,-0.0833145940946141,-0.14391531817954645,0.9860766548770535,-4.700505844238405,-8.743552980393238,11.870078431644346,12.057655230941128,11.804068543992514
1091,05/11/2023 10:04:12.635767,1271,True,True,True,True,Eyes,1.246418,0.0443349,-3.215426,-0.2427944,-0.6349926,0.7333725,0.0,0.0,0.0,0.0,0.0,0.0,0.0,-0.6514885,1.659515,2.837116,1.041561,0.02509665,-3.184678,0.2774507,-0.07128262,-0.03411671,0.9574841,31.7656,349.4659,352.9136,0.3866117,0.01474429,-0.9221243,0.0,0.0,0.0,1.00552,-0.5370963,-2.61316,0.09057133,-0.1688268,0.779286,0.9875097,-0.1048872,0.1175725,0.0257776,0.8437144,0.5361731,-0.1554354,-0.5264454,0.8358798,static,-5.043576289557576,-8.589943378897683,6.629371965561966,-12.223823475820419,-0.03604099999999999,-0.56219295,0.5715179999999997,-0.08693470735696708,-0.14879630743593383,0.9850390662468973,-4.915650003374125,-9.033772772060534,12.027706943164043,12.225498170852163,11.97764399854061
1092,05/11/2023 10:04:12.655495,1272,True,True,True,True,Eyes,1.246418,0.0443349,-3.215426,-0.2427944,-0.6349926,0.7333725,0.0,0.0,0.0,0.0,0.0,0.0,0.0,-0.7048837,1.670766,2.812156,1.032656,0.02737262,-3.182673,0.2819102,-0.06263594,-0.03768307,0.9566523,32.32081,350.3892,352.6975,0.3841034,0.01455584,-0.9231749,0.0,0.0,0.0,1.00552,-0.5370963,-2.61316,0.08993816,-0.164271,0.7801493,0.9893134,-0.1074146,0.09859515,0.03678377,0.8382133,0.5441006,-0.1410881,-0.5346593,0.8332068,static,-5.779953211235373,-8.21415113081091,6.576214044791495,-11.890700415150087,-0.02713600000000005,-0.5644689199999999,0.5695129999999997,-0.0996853483887879,-0.14216173338894297,0.9848110576952452,-5.657106678141064,-8.67113100811193,12.699093212370805,12.891543115511249,12.649891820757489
1093,05/11/2023 10:04:12.675185,1273,True,True,True,True,Eyes,1.246418,0.0443349,-3.215426,-0.2427944,-0.6349926,0.7333725,0.0,0.0,0.0,0.0,0.0,0.0,0.0,-0.7501401,1.669264,2.795251,1.023555,0.02932762,-3.18026,0.2837595,-0.05473747,-0.03997935,0.9564967,32.57842,351.3041,352.6676,0.3818437,0.01438615,-0.9241146,0.0,0.0,0.0,1.00552,-0.5370963,-2.61316,0.08956221,-0.1638948,0.7796673,0.9908109,-0.1075448,0.08202337,0.04541568,0.8357644,0.5472069,-0.1274015,-0.5384534,0.8329687,static,-6.502211816468791,-8.123973989975731,6.552977591952905,-11.871368477815903,-0.018035000000000023,-0.56642392,0.5670999999999999,-0.11211950042179027,-0.14042443438348995,0.9837225941979859,-6.384064748077362,-8.593850432824796,13.384521328503608,13.582375931230182,13.34575546917364
1094,05/11/2023 10:04:12.685970,1274,True,True,True,True,Eyes,1.235655,0.04413588,-3.214251,-0.233428,-0.6383629,0.7334877,0.0,0.0,0.0,0.0,0.0,0.0,0.0,-0.7776083,1.671295,2.782774,1.015262,0.03166322,-3.179618,0.2854603,-0.04940301,-0.0410501,0.9562357,32.81163,351.9347,352.7055,0.379808,0.01423336,-0.9249555,0.0,0.0,0.0,1.00552,-0.5370963,-2.61316,0.09127674,-0.1630926,0.7807214,0.9917485,-0.1067123,0.07104548,0.05030194,0.8336546,0.5499907,-0.1179182,-0.5418787,0.8321435,static,-6.452791310162665,-8.127862632195612,6.668367734121044,-11.799395386644871,-0.00974200000000014,-0.56875952,0.5664579999999999,-0.11126967313692204,-0.1405047095270306,0.983807661980952,-6.334324999638182,-8.596856642897755,13.426731734105607,13.625159354384884,13.391275993487563
1095,05/11/2023 10:04:12.705233,1275,True,True,True,True,Eyes,1.224997,0.04404271,-3.212997,-0.2242351,-0.6414477,0.7336645,0.0,0.0,0.0,0.0,0.0,0.0,0.0,-0.8038048,1.666026,2.77361,1.007393,0.03351464,-3.177844,0.2864444,-0.04481215,-0.04414146,0.95603,32.93878,352.4017,352.4636,0.3777157,0.01409193,-0.925814,0.0,0.0,0.0,1.00552,-0.5370963,-2.61316,0.09505607,-0.1633489,0.7802242,0.9920868,-0.1100735,0.06039537,0.05872874,0.8320023,0.5516549,-0.1109717,-0.5437427,0.831883,static,-6.237344324640959,-8.21884921553212,6.946211881397441,-11.824735830750267,-0.0018730000000000135,-0.57061094,0.5646839999999997,-0.10754439247236511,-0.14212545698037005,0.983989170973655,-6.1174110620695465,-8.683995818229732,13.463676998287324,13.667793257127611,13.435865890791133
1096,05/11/2023 10:04:12.725170,1276,True,True,True,True,Eyes,1.214419,0.04401252,-3.211645,-0.2148393,-0.6443998,0.733889,0.0,0.0,0.0,0.0,0.0,0.0,0.0,-0.8385779,1.634793,2.775847,0.9993405,0.03574558,-3.17508,0.2840181,-0.03928922,-0.05003271,0.9567063,32.65044,352.9324,351.9402,0.3755753,0.01396381,-0.9266863,0.0,0.0,0.0,1.00552,-0.5370963,-2.61316,0.1000276,-0.1695213,0.7779438,0.9919062,-0.1180509,0.0467561,0.0734155,0.8336609,0.5473753,-0.1035969,-0.5395123,0.8355802,static,-5.9643953417869,-8.74720353422905,7.326859798940473,-12.293118151672592,0.0061795000000000044,-0.5728418799999999,0.5619199999999998,-0.10271466965515703,-0.15127080688986244,0.9831413586082378,-5.8421838637518135,-9.207473216259988,13.527022812122048,13.756124951820974,13.525713129344911
1097,05/11/2023 10:04:12.735308,1277,True,True,True,True,Eyes,1.203908,0.04393871,-3.210268,-0.2055474,-0.6469077,0.7343437,0.0,0.0,0.0,0.0,0.0,0.0,0.0,-0.8778914,1.584218,2.786141,0.9906822,0.03703443,-3.171782,0.2784441,-0.03278995,-0.05641217,0.9582336,32.00069,353.6187,351.4301,0.3733933,0.0138495,-0.9275694,0.0,0.0,0.0,1.00552,-0.5370963,-2.61316,0.1048211,-0.1799541,0.7736493,0.9914849,-0.1263724,0.03142559,0.08985171,0.8385731,0.5373284,-0.09425613,-0.5299295,0.8427875,static,-5.760327680189771,-9.62420733596839,7.715971591779909,-13.094398353344273,0.014837800000000012,-0.5741307299999999,0.5586219999999997,-0.0989687159281054,-0.1663645221242953,0.9810851210479324,-5.635923165861728,-10.080827739076176,13.643995298575787,13.915921376781588,13.68775735708076
1098,05/11/2023 10:04:12.755819,1278,True,True,True,True,Eyes,1.19346,0.04380207,-3.208866,-0.1961745,-0.6495843,0.7345446,0.0,0.0,0.0,0.0,0.0,0.0,0.0,-0.9048835,1.543244,2.795447,0.9818306,0.03586016,-3.17012,0.2730389,-0.02755528,-0.06006061,0.9597308,31.38443,354.2393,351.2184,0.3711746,0.01374635,-0.928461,0.0,0.0,0.0,1.00552,-0.5370963,-2.61316,0.1093484,-0.1872806,0.7694243,0.9912668,-0.1303314,0.02009354,0.1002367,0.843685,0.5273976,-0.08568906,-0.5207776,0.849381,static,-5.544809117147268,-10.435656563047019,8.08854838613535,-13.679978198759386,0.02368939999999997,-0.57295646,0.5569599999999997,-0.09504047801763733,-0.18031130081725757,0.9790072057863859,-5.418205123347541,-10.888423651601363,13.703287063837422,14.014066493643584,13.792214004853863
1099,05/11/2023 10:04:12.775399,1279,True,True,True,True,Eyes,1.183105,0.04366767,-3.207411,-0.1868902,-0.6523672,0.7344992,0.0,0.0,0.0,0.0,0.0,0.0,0.0,-0.9272878,1.532705,2.788755,0.9729108,0.03416622,-3.168356,0.2723907,-0.0230587,-0.06244123,0.9598816,31.33533,354.7413,351.0803,0.3689235,0.01365137,-0.9293593,0.0,0.0,0.0,1.00552,-0.5370963,-2.61316,0.1136666,-0.1866122,0.7667478,0.9911388,-0.1324343,0.01025043,0.1073104,0.8438088,0.5258052,-0.07828405,-0.5200459,0.8505433,static,-5.3305339658831885,-10.666853725403424,8.432404263073403,-13.678783816129112,0.032609200000000005,-0.57126252,0.555196,-0.091309385395886,-0.1843248960519631,0.9786147935355254,-5.202328026395122,-11.115793428383173,13.767202296609533,14.088654710989749,13.873530348586609
1100,05/11/2023 10:04:12.785421,1280,True,True,True,True,Eyes,1.172862,0.04353291,-3.205895,-0.177384,-0.6555492,0.7340232,0.0,0.0,0.0,0.0,0.0,0.0,0.0,-0.9524204,1.544874,2.767985,0.9648593,0.03403543,-3.165971,0.275767,-0.01825434,-0.0638006,0.9589313,31.7729,355.2636,351.0384,0.3666454,0.01356382,-0.9302617,0.0,0.0,0.0,1.00552,-0.5370963,-2.61316,0.1158384,-0.18139,0.7662398,0.9911925,-0.1324286,-0.0001788891,0.1122929,0.8397641,0.5312124,-0.07019752,-0.5265539,0.8472387,static,-5.199745582187415,-10.441119764421268,8.596748740053581,-13.318311192976402,0.040660699999999994,-0.57113173,0.5528109999999997,-0.08913952535920634,-0.18050354442435368,0.9795266768617694,-5.070934615550214,-10.88772568035993,13.784906927688427,14.093313524511515,13.88212210878402
1101,05/11/2023 10:04:12.805337,1281,True,True,True,True,Eyes,1.162711,0.04338805,-3.204322,-0.1676571,-0.6588659,0.7333396,0.0,0.0,0.0,0.0,0.0,0.0,0.0,-0.9874988,1.553306,2.745297,0.9573583,0.03396113,-3.163365,0.2785642,-0.01164352,-0.06428946,0.9581928,32.16365,356.0624,351.1875,0.3643456,0.01348295,-0.931166,0.0,0.0,0.0,1.00552,-0.5370963,-2.61316,0.1143816,-0.1775463,0.7658629,0.9914625,-0.1296903,-0.01350402,0.1167164,0.8365376,0.5353336,-0.05813096,-0.5323393,0.8445328,static,-5.287563467599815,-10.305130373033736,8.494337631798643,-13.05204552894935,0.048161699999999974,-0.57105743,0.550205,-0.0906802431883075,-0.17815330908119723,0.9798156144143184,-5.15945093821977,-10.753305158115799,13.756263964675632,14.052983341177038,13.84594343507388
1102,05/11/2023 10:04:12.826332,1282,True,True,True,True,Eyes,1.15262,0.04323704,-3.202727,-0.1575314,-0.6625327,0.7322802,0.0,0.0,0.0,0.0,0.0,0.0,0.0,-1.036286,1.563275,2.716009,0.9495307,0.03366391,-3.160962,0.2819158,-0.002661027,-0.06451707,0.9572638,32.64227,357.177,351.4617,0.3620281,0.01340777,-0.9320705,0.0,0.0,0.0,1.00552,-0.5370963,-2.61316,0.1097429,-0.1725965,0.7662611,0.991661,-0.1250201,-0.03128215,0.1220193,0.8327221,0.5400789,-0.04147137,-0.5393922,0.8410329,static,-5.613199448406415,-10.151843392582055,8.150401347099105,-12.693745171463204,0.05598930000000002,-0.57076021,0.5478019999999999,-0.09629514594813146,-0.17543837158878514,0.9797696844199628,-5.487320154306992,-10.605833419394516,13.716022111200008,13.996355651080012,13.796623617187675
1103,05/11/2023 10:04:12.835185,1283,True,True,True,True,Eyes,1.142619,0.04310394,-3.201125,-0.1473237,-0.6663768,0.7309157,0.0,0.0,0.0,0.0,0.0,0.0,0.0,-1.079336,1.576529,2.686524,0.940943,0.03353062,-3.159323,0.2854245,0.005795196,-0.06381195,0.956257,33.1353,358.2657,351.8485,0.359695,0.01333751,-0.9329742,0.0,0.0,0.0,1.00552,-0.5370963,-2.61316,0.105851,-0.1671758,0.7674156,0.9917889,-0.1187331,-0.04751038,0.1253494,0.8289217,0.5451388,-0.0253436,-0.546618,0.8369985,static,-5.927223996488308,-9.979139163843348,7.853355240896951,-12.289461219275413,0.064577,-0.5706269199999999,0.546163,-0.10171914029198781,-0.1723907875084169,0.9797625761106137,-5.803523589646657,-10.438737234053091,13.708849573932243,13.972900633643308,13.781709569629863
1104,05/11/2023 10:04:12.855548,1284,True,True,True,True,Eyes,1.132734,0.04300647,-3.199484,-0.1368275,-0.6703204,0.7293482,0.0,0.0,0.0,0.0,0.0,0.0,0.0,-1.10707,1.603762,2.654583,0.9331825,0.0339935,-3.157924,0.2906658,0.01190621,-0.06167509,0.9547607,33.81417,359.0953,352.3329,0.3573498,0.0132722,-0.9338759,0.0,0.0,0.0,1.00552,-0.5370963,-2.61316,0.1031544,-0.159665,0.7694217,0.9921089,-0.1108484,-0.05858884,0.1246913,0.8234192,0.5535638,-0.01311851,-0.5565012,0.8307433,static,-6.0633564169590155,-9.565748460407864,7.63596608301522,-11.72323469344715,0.07233749999999994,-0.5710898,0.5447639999999998,-0.10417546959428993,-0.16527509382870625,0.9807301438980915,-5.940944553200442,-10.027779841850805,13.629190848759093,13.868171609987181,13.682363449988731
1105,05/11/2023 10:04:12.875396,1285,True,True,True,True,Eyes,1.122986,0.04296719,-3.197808,-0.1262684,-0.6741469,0.727724,0.0,0.0,0.0,0.0,0.0,0.0,0.0,-1.132843,1.61676,2.630543,0.9261703,0.03503155,-3.155628,0.2932022,0.01807112,-0.05855688,0.9540845,34.16623,0.01002272,352.9789,0.3549961,0.01321235,-0.9347741,0.0,0.0,0.0,1.00552,-0.5370963,-2.61316,0.09928576,-0.1577767,0.7701604,0.992489,-0.1011394,-0.06882076,0.1223334,0.821207,0.5573629,0.0001447393,-0.5615956,0.8274118,static,-6.239307753606684,-9.46252708368289,7.34580982762759,-11.577545233734744,0.07934969999999997,-0.57212785,0.542468,-0.10721969102704394,-0.1634547896715836,0.9807071129463952,-6.118123301161118,-9.927700753704242,13.518703830381446,13.748771634986499,13.564640876366067
1106,05/11/2023 10:04:12.886248,1286,True,True,True,True,Eyes,1.113372,0.0429703,-3.196067,-0.1156722,-0.6777436,0.7261429,0.0,0.0,0.0,0.0,0.0,0.0,0.0,-1.16182,1.61517,2.613997,0.919769,0.03655747,-3.153453,0.2938781,0.02431682,-0.05740717,0.9538076,34.29114,0.8770118,353.3819,0.3526374,0.01315913,-0.9356672,0.0,0.0,0.0,1.00552,-0.5370963,-2.61316,0.0964144,-0.1587866,0.7706099,0.9922262,-0.09521841,-0.08012857,0.1238031,0.8206801,0.5578145,0.01264571,-0.5633983,0.8260887,static,-6.3118446880069285,-9.582044689451138,7.13147040068427,-11.643021889289907,0.08575100000000002,-0.57365377,0.5402929999999997,-0.10842409203042361,-0.16547841916273215,0.9802352092599975,-6.191001560319489,-10.048512744516847,13.369764738542075,13.600380420859105,13.417552629466234
1107,05/11/2023 10:04:12.905473,1287,True,True,True,True,Eyes,1.103875,0.04296384,-3.194288,-0.1049201,-0.6811751,0.7245635,0.0,0.0,0.0,0.0,0.0,0.0,0.0,-1.201541,1.60488,2.596657,0.913411,0.03764109,-3.150592,0.2940314,0.03184172,-0.05852383,0.9534709,34.36256,1.826082,353.5399,0.3502777,0.01311313,-0.9365538,0.0,0.0,0.0,1.00552,-0.5370963,-2.61316,0.09354208,-0.1600832,0.7702363,0.9911221,-0.09287659,-0.09513598,0.1303264,0.8202411,0.5569736,0.02630463,-0.5644276,0.8250634,static,-6.3875302862231225,-9.779862770469945,6.924430223388922,-11.741002707456138,0.092109,-0.57473739,0.5374319999999999,-0.10965546957328424,-0.1688388239079066,0.9795249559405456,-6.266969008948012,-10.247680927196788,13.221981435637876,13.455644260380577,13.275655300070744
1108,05/11/2023 10:04:12.925456,1288,True,True,True,True,Eyes,1.094454,0.04297325,-3.192502,-0.09419282,-0.6844034,0.7229936,0.0,0.0,0.0,0.0,0.0,0.0,0.0,-1.250315,1.586917,2.579691,0.9067939,0.03749432,-3.148447,0.2929245,0.04096908,-0.05991161,0.9533769,34.2943,2.984806,353.7295,0.3479196,0.01307334,-0.937433,0.0,0.0,0.0,1.00552,-0.5370963,-2.61316,0.08893101,-0.1618641,0.7696263,0.9894643,-0.09023499,-0.1132171,0.1382384,0.8212116,0.5536258,0.0430188,-0.5634439,0.8250336,static,-6.607663349686105,-10.132551885075387,6.591346586472538,-11.87707420644673,0.09872609999999993,-0.5745906199999999,0.5352869999999998,-0.11329853204815736,-0.17479324584450195,0.978064829525604,-6.48814809627274,-10.60429826976835,13.073351597173374,13.31379815922479,13.141276183877634
1109,05/11/2023 10:04:12.935544,1289,True,True,True,True,Eyes,1.085135,0.04299206,-3.190692,-0.08347821,-0.6874568,0.7214115,0.0,0.0,0.0,0.0,0.0,0.0,0.0,-1.291276,1.577713,2.56065,0.8992346,0.03792109,-3.146973,0.2933,0.04885684,-0.06148666,0.9527895,34.39634,3.963315,353.8424,0.3455641,0.0130396,-0.9383043,0.0,0.0,0.0,1.00552,-0.5370963,-2.61316,0.08691667,-0.1610942,0.7703197,0.9876648,-0.08850826,-0.1291686,0.1458271,0.8203891,0.5528982,0.05703248,-0.5649143,0.8231763,static,-6.697893546709222,-10.28054051880462,6.437567381433295,-11.811832263005435,0.10628539999999997,-0.57501739,0.5338129999999999,-0.11478661490374885,-0.17728840420609848,0.9774420036586763,-6.578803567020968,-10.753897020278247,12.983908818043052,13.224416365216888,13.059293229174708
1110,05/11/2023 10:04:12.955618,1290,True,True,True,True,Eyes,1.07593,0.04302614,-3.18885,-0.07286931,-0.6903081,0.7198366,0.0,0.0,0.0,0.0,0.0,0.0,0.0,-1.325125,1.562055,2.548138,0.8923884,0.03820667,-3.145022,0.2922864,0.0555642,-0.06293633,0.9526387,34.3246,4.797804,353.9229,0.343213,0.01301156,-0.9391672,0.0,0.0,0.0,1.00552,-0.5370963,-2.61316,0.08596252,-0.16274,0.7699195,0.9859033,-0.08742986,-0.1426561,0.1523925,0.8212153,0.5498926,0.06907433,-0.5638807,0.8229626,static,-6.66825940573349,-10.565690279371372,6.370763537628575,-11.935088839953638,0.1131316,-0.57530297,0.5318619999999998,-0.11417762014542614,-0.1821635855185708,0.976616526142166,-6.548690623308237,-11.038515828933857,12.86312879785041,13.110734980741816,12.950526590862497
1111,05/11/2023 10:04:12.975575,1291,True,True,True,True,Eyes,1.066843,0.04303881,-3.18697,-0.06204653,-0.6930121,0.7182509,0.0,0.0,0.0,0.0,0.0,0.0,0.0,-1.365052,1.549673,2.529663,0.8859499,0.03861975,-3.142873,0.2922666,0.06316091,-0.06475356,0.9520494,34.38037,5.731027,353.9924,0.3408682,0.01298913,-0.9400211,0.0,0.0,0.0,1.00552,-0.5370963,-2.61316,0.08358719,-0.1629213,0.7699422,0.9836353,-0.08637753,-0.1581152,0.1602168,0.8207744,0.5483248,0.082414,-0.5646843,0.8211818,static,-6.704587266586108,-10.727731391602298,6.19593281933479,-11.947661030686488,0.11957010000000001,-0.5757160499999999,0.5297129999999997,-0.11473687911303232,-0.18491287431439093,0.9760341056881432,-6.585085595169457,-11.201204537064948,12.709613260595761,12.9580726503429,12.80279770240733
1112,05/11/2023 10:04:12.986744,1292,True,True,True,True,Eyes,1.057838,0.04302047,-3.185094,-0.05121564,-0.6955659,0.7166346,0.0,0.0,0.0,0.0,0.0,0.0,0.0,-1.419311,1.526329,2.50902,0.8797119,0.03820879,-3.140693,0.290608,0.07338162,-0.06649569,0.9517041,34.2569,7.020891,354.1726,0.3385318,0.01297108,-0.9408653,0.0,0.0,0.0,1.00552,-0.5370963,-2.61316,0.07754797,-0.1651016,0.7692997,0.9803869,-0.08391786,-0.1783235,0.169219,0.8222507,0.5433864,0.1010268,-0.5629046,0.8203243,static,-7.000718875871797,-11.102786782183738,5.756161092398824,-12.112676406169703,0.12580809999999998,-0.57530509,0.527533,-0.11963353435541044,-0.19118669324971443,0.9742358948029229,-6.882725353953195,-11.581544972147865,12.540359033750606,12.796791143778925,12.650041549496462
1113,05/11/2023 10:04:13.005641,1293,True,True,True,True,Eyes,1.048911,0.04297755,-3.183198,-0.04018746,-0.6981345,0.7148378,0.0,0.0,0.0,0.0,0.0,0.0,0.0,-1.47314,1.513554,2.481733,0.8727248,0.03754685,-3.139574,0.2906076,0.0837686,-0.06772395,0.9507596,34.32886,8.350061,354.4345,0.3362046,0.01295606,-0.9416997,0.0,0.0,0.0,1.00552,-0.5370963,-2.61316,0.07116556,-0.1638234,0.7701027,0.9767926,-0.08009081,-0.1986498,0.1774659,0.8219214,0.5412496,0.1199254,-0.5639421,0.8170601,static,-7.340831244634066,-11.278635922058474,5.279735434758756,-12.009468425851288,0.1327952,-0.57464315,0.5264139999999999,-0.12534300975264553,-0.1940380226961607,0.9729533740085669,-7.224828874658472,-11.76346571634307,12.386863767202616,12.64170951484017,12.506983885071435
1114,05/11/2023 10:04:13.025664,1294,True,True,True,True,Eyes,1.040042,0.04290986,-3.18129,-0.02924238,-0.7005671,0.7129871,0.0,0.0,0.0,0.0,0.0,0.0,0.0,-1.525549,1.505199,2.45025,0.8656693,0.03701037,-3.137816,0.2915564,0.09398159,-0.06901564,0.9494205,34.51289,9.656065,354.6906,0.3338867,0.01294301,-0.9425241,0.0,0.0,0.0,1.00552,-0.5370963,-2.61316,0.06508042,-0.1613881,0.7708045,0.9728085,-0.07624786,-0.2187,0.1858516,0.8204635,0.5406467,0.1382122,-0.5665916,0.8123246,static,-7.672887673878009,-11.328979315356891,4.826140072583533,-11.825542109969119,0.1398507,-0.5741066699999999,0.5246559999999998,-0.13096076392128841,-0.1947502497968221,0.9720707801770982,-7.558952588808397,-11.81973768080252,12.259310390579957,12.508887609048559,12.385094021551156
1115,05/11/2023 10:04:13.035096,1295,True,True,True,True,Eyes,1.03123,0.04282339,-3.179386,-0.01817679,-0.7030503,0.7109078,0.0,0.0,0.0,0.0,0.0,0.0,0.0,-1.576594,1.49574,2.418967,0.8582147,0.03646428,-3.136308,0.2923358,0.104097,-0.07041299,0.948022,34.67642,10.94939,354.9323,0.3315784,0.012931,-0.9433388,0.0,0.0,0.0,1.00552,-0.5370963,-2.61316,0.05952586,-0.1589063,0.7717252,0.9684116,-0.07264356,-0.238541,0.1943687,0.8191636,0.5396219,0.1562041,-0.5689411,0.8074072,static,-7.9783233592468115,-11.400408475090458,4.410690174718681,-11.635179566734063,0.14730529999999997,-0.57356058,0.523148,-0.13611115517249062,-0.19582478210362503,0.9711469653339352,-7.866264299696143,-11.89661996068429,12.14554035081652,12.391237783621605,12.279737873686189
1116,05/11/2023 10:04:13.060775,1296,True,True,True,True,Eyes,1.022471,0.04276189,-3.177467,-0.006908214,-0.7054807,0.7086955,0.0,0.0,0.0,0.0,0.0,0.0,0.0,-1.625301,1.489725,2.386052,0.8507744,0.03598144,-3.135126,0.2938981,0.1137247,-0.0722509,0.9462931,34.93598,12.16586,355.1091,0.3292793,0.01291934,-0.944144,0.0,0.0,0.0,1.00552,-0.5370963,-2.61316,0.0546705,-0.1548357,0.7732074,0.963693,-0.0698941,-0.2577026,0.203588,0.8168075,0.5397938,0.172765,-0.5726608,0.8013812,static,-8.205487561893506,-11.363849289096688,4.044431726882468,-11.323770248691204,0.15474559999999993,-0.57307774,0.5219659999999999,-0.13998109672665107,-0.19509879600511704,0.9707429142517432,-8.094914903056909,-11.864117044898714,12.012772350607312,12.249984853501065,12.151366641740024
1117,05/11/2023 10:04:13.075725,1297,True,True,True,True,Eyes,1.013744,0.04269801,-3.175534,0.004566145,-0.70776,0.7064382,0.0,0.0,0.0,0.0,0.0,0.0,0.0,-1.67396,1.47975,2.353556,0.8432817,0.03661551,-3.133459,0.2948377,0.1236448,-0.07363064,0.9446488,35.11673,13.44451,355.3579,0.3269893,0.01290873,-0.9449397,0.0,0.0,0.0,1.00552,-0.5370963,-2.61316,0.04936554,-0.1529969,0.7748111,0.958581,-0.06619989,-0.2770199,0.2120205,0.8152985,0.538828,0.1901836,-0.5752442,0.7955654,static,-8.470891411013227,-11.390257230410748,3.6455584954753206,-11.170122624638754,0.16223829999999995,-0.5737118099999999,0.5202990000000001,-0.14446683399979604,-0.1954189012593668,0.97002102276397,-8.361985130898036,-11.895263623898094,11.885113130740153,12.118449470996888,12.029419495888664
1118,05/11/2023 10:04:13.087790,1298,True,True,True,True,Eyes,1.005013,0.0425942,-3.173619,0.01603047,-0.7098495,0.7041709,0.0,0.0,0.0,0.0,0.0,0.0,0.0,-1.722051,1.455694,2.328713,0.8352977,0.03662511,-3.131828,0.2929071,0.133851,-0.07469403,0.9437745,34.95076,14.76521,355.6214,0.3247076,0.012899,-0.9457262,0.0,0.0,0.0,1.00552,-0.5370963,-2.61316,0.04438878,-0.1551404,0.7753121,0.9530094,-0.06257679,-0.2964072,0.2194005,0.8172525,0.5328807,0.2088935,-0.5728722,0.7925788,static,-8.750992682347993,-11.750137369709863,3.2767660100872478,-11.315473466498725,0.17022229999999994,-0.57372141,0.5186679999999999,-0.14902394165043797,-0.2013701188941577,0.9681125373927353,-8.64350770182075,-12.260142682200689,11.791541263093357,12.035610157869282,11.957647147072867
1119,05/11/2023 10:04:13.105734,1299,True,True,True,True,Eyes,0.9962714,0.04246184,-3.171734,0.02749333,-0.7118202,0.7018234,0.0,0.0,0.0,0.0,0.0,0.0,0.0,-1.764981,1.434875,2.305001,0.8264328,0.03565266,-3.130941,0.2912902,0.1432082,-0.07603247,0.9427941,34.8221,15.96065,355.8131,0.322433,0.01288884,-0.9465044,0.0,0.0,0.0,1.00552,-0.5370963,-2.61316,0.04124697,-0.1551977,0.7761594,0.947421,-0.05993561,-0.3143267,0.2267962,0.8187382,0.5274764,0.2257367,-0.5710302,0.7892828,static,-8.930250072480709,-12.051235105308736,3.0419735162082664,-11.307506343799345,0.1790872,-0.57274896,0.5177809999999998,-0.15189065243410613,-0.20636380037132315,0.9666142853845765,-8.82360276156126,-12.564439138732206,11.742975220879366,11.99530200237814,11.931964651914816
1120,05/11/2023 10:04:13.125523,1300,True,True,True,True,Eyes,0.9875267,0.04233001,-3.169883,0.03863673,-0.7135151,0.6995737,0.0,0.0,0.0,0.0,0.0,0.0,0.0,-1.795391,1.421909,2.285267,0.81741,0.03492008,-3.130227,0.2904472,0.1504104,-0.07684357,0.9418665,34.76703,16.89195,355.9946,0.3201625,0.01287741,-0.9472749,0.0,0.0,0.0,1.00552,-0.5370963,-2.61316,0.04061711,-0.1541381,0.7775204,0.9429436,-0.05738023,-0.3279709,0.2321253,0.819471,0.5240088,0.2386949,-0.570241,0.7860343,static,-8.946103107374407,-12.216995760759707,2.990372363841452,-11.213111782355003,0.18811,-0.57201638,0.5170669999999999,-0.15206595021549418,-0.20915370998062952,0.9659868678978978,-8.839388503570087,-12.730481786502654,11.722861013873588,11.978615517539392,11.926678242898499
1121,05/11/2023 10:04:13.135339,1301,True,True,True,True,Eyes,0.9788132,0.04220171,-3.168029,0.04964902,-0.7150712,0.6972862,0.8017694,1.01862,-0.5311205,-2.608966,0.8735013,0.3984685,0.2796756,0.05219215,-0.1434684,0.7821232,0.808504,0.03456827,-3.129419,0.2892077,0.1568784,-0.07858901,0.9410483,34.67876,17.68392,356.0135,0.3178955,0.01286484,-0.9480382,0.0,0.0,0.0,1.00552,-0.5370963,-2.61316,0.0416697,-0.1536766,0.7789649,0.9384259,-0.0571712,-0.3407174,0.238653,0.8203653,0.5196591,0.2498032,-0.5689748,0.7834961,static,-8.83617315425821,-12.40696186102334,3.0620436321381224,-11.160174128018806,0.19701599999999997,-0.5716645699999999,0.5162589999999998,-0.15010410466530652,-0.21241973309064596,0.9655809161966522,-8.728564197186378,-12.918483858086335,11.70341631979649,11.963362501707206,11.920993502715215
1122,05/11/2023 10:04:13.155735,1302,True,True,True,True,Eyes,0.9700701,0.04203247,-3.16621,0.06036945,-0.7163566,0.6951177,0.7974002,1.018209,-0.5291904,-2.611923,0.8458417,0.5270249,0.0824409,0.05543786,-0.1440214,0.7796893,0.800513,0.03458932,-3.128152,0.2870137,0.163181,-0.08322432,0.9402495,34.53365,18.33104,355.6256,0.3156311,0.01285133,-0.9487946,0.0,0.0,0.0,1.00552,-0.5370963,-2.61316,0.04453635,-0.1543233,0.7799165,0.9328914,-0.06283288,-0.3546347,0.2501736,0.8213937,0.5125676,0.2590886,-0.5668901,0.7819902,static,-8.553239250966044,-12.670105131424176,3.2682686810613886,-11.192624788807002,0.20500699999999994,-0.57168562,0.5149919999999999,-0.14518393599136512,-0.21701321374090599,0.9653117400622723,-8.443557861204608,-13.176573630069715,11.64774404836927,11.91347967429364,11.878675597930686
1123,05/11/2023 10:04:13.175203,1303,True,True,True,True,Eyes,0.9612747,0.04189411,-3.164412,0.07101555,-0.7176067,0.6928185,0.7946936,1.01771,-0.5283834,-2.613834,0.8127277,0.5809093,-0.04492193,0.05510837,-0.1449172,0.7791464,0.7909919,0.03334241,-3.127808,0.283768,0.1722478,-0.08710167,0.9392656,34.2686,19.37348,355.4286,0.3133679,0.01283572,-0.9495447,0.0,0.0,0.0,1.00552,-0.5370963,-2.61316,0.04414947,-0.1549421,0.7812358,0.925488,-0.06586638,-0.3730062,0.26138,0.8237781,0.5030608,0.2741395,-0.5630731,0.7796129,static,-8.582269486022168,-13.089016455941687,3.23447874275954,-11.217871237946053,0.2145281,-0.57043871,0.5146479999999998,-0.14543537105995122,-0.22405677246285619,0.9636634130894065,-8.472347641268453,-13.596000600552406,11.685259761076844,11.963976058536877,11.945931661074594
1124,05/11/2023 10:04:13.189196,1304,True,True,True,True,Eyes,0.9524192,0.04172158,-3.162636,0.08159858,-0.7185562,0.6906654,0.7925603,1.017091,-0.5277776,-2.615242,0.7712814,0.6211811,-0.1387766,0.05665322,-0.1431434,0.7806835,0.7808239,0.03383632,-3.127037,0.2829002,0.1800823,-0.09128833,0.937659,34.29172,20.25782,355.1881,0.3111031,0.01281913,-0.9502894,0.0,0.0,0.0,1.00552,-0.5370963,-2.61316,0.04586123,-0.1529387,0.7842375,0.9184736,-0.06930398,-0.3893626,0.2730853,0.8232678,0.4976491,0.2860606,-0.5634068,0.7750756,static,-8.510370614155514,-13.176616892161057,3.3467740742199945,-11.035080868950798,0.22469609999999995,-0.57093262,0.5138769999999999,-0.14417424707381715,-0.22557193943677994,0.9634994147341471,-8.399901060188503,-13.682316713780727,11.769905657505081,12.04898571248961,12.041272122640668
1125,05/11/2023 10:04:13.205361,1305,True,True,True,True,Eyes,0.943508,0.04153493,-3.160892,0.09217709,-0.7194485,0.6884019,0.790706,1.016393,-0.5273373,-2.616569,0.7247273,0.6504914,-0.2272252,0.0566887,-0.1453137,0.7808475,0.7704036,0.03270051,-3.126372,0.2791879,0.1884056,-0.09329069,0.9369389,33.93948,21.26994,355.1866,0.3088339,0.01280061,-0.9510295,0.0,0.0,0.0,1.00552,-0.5370963,-2.61316,0.04607564,-0.1547624,0.7856592,0.9116003,-0.06961424,-0.4051404,0.2800165,0.826702,0.4880109,0.3009579,-0.5583168,0.7731149,static,-8.562316108681387,-13.620635443526815,3.356314539239402,-11.143686344860189,0.2351164,-0.5697968099999999,0.5132119999999998,-0.14478680896985643,-0.23301073782608236,0.9616354361205702,-8.451726781760545,-14.127259903637283,11.87782677223442,12.173291804558952,12.179144100431524
1126,05/11/2023 10:04:13.225336,1306,True,True,True,True,Eyes,0.943508,0.04153493,-3.160892,0.09217709,-0.7194485,0.6884019,0.790706,1.016393,-0.5273373,-2.616569,0.7247273,0.6504914,-0.2272252,0.05715738,-0.1431846,0.7838504,0.7600489,0.03216444,-3.125918,0.2779464,0.1961122,-0.0957431,0.935478,33.88849,22.20294,355.1549,0.3065585,0.01277991,-0.9517657,0.0,0.0,0.0,1.00552,-0.5370963,-2.61316,0.04657261,-0.1527449,0.7885013,0.9047466,-0.0701138,-0.4201401,0.2881485,0.8271581,0.4824728,0.3136943,-0.5575784,0.7685717,static,-9.202135389262608,-13.8457322415968,3.3802321271133793,-10.963289835889764,0.24547109999999994,-0.5692607399999999,0.5127579999999998,-0.15538515668605926,-0.2364018619324893,0.9591504307214946,-9.095399230509845,-14.363779280960083,12.590101135298191,12.908309205289893,12.930765879767003
1127,05/11/2023 10:04:13.235275,1307,True,True,True,True,Eyes,0.943508,0.04153493,-3.160892,0.09217709,-0.7194485,0.6884019,0.790706,1.016393,-0.5273373,-2.616569,0.7247273,0.6504914,-0.2272252,0.05697457,-0.1429824,0.7860008,0.7498016,0.03151877,-3.124601,0.2754453,0.2049217,-0.09887284,0.9340028,33.71456,23.24802,355.0478,0.3045089,0.01276121,-0.9524236,0.0,0.0,0.0,1.00552,-0.5370963,-2.61316,0.04643801,-0.1526895,0.790453,0.8964625,-0.07180557,-0.437263,0.2975845,0.828708,0.474011,0.3283267,-0.5550558,0.7642739,static,-9.895233510347458,-14.235855595437043,3.36218251785913,-10.93300287545917,0.2557184,-0.56861507,0.511441,-0.16671893551291767,-0.24247230771643358,0.9557258563672086,-9.7925227403627,-14.766275451895806,13.311583460667137,13.66264673607622,13.701833785152639
1128,05/11/2023 10:04:13.255575,1308,True,True,True,True,Eyes,0.943508,0.04153493,-3.160892,0.09217709,-0.7194485,0.6884019,0.790706,1.016393,-0.5273373,-2.616569,0.7247273,0.6504914,-0.2272252,0.05546054,-0.1413576,0.7885454,0.7384031,0.02951145,-3.124017,0.2728806,0.2145816,-0.1011493,0.932341,33.52117,24.43966,355.08,0.3026633,0.01274433,-0.953012,0.0,0.0,0.0,1.00552,-0.5370963,-2.61316,0.04495734,-0.1512008,0.7927718,0.8874471,-0.07150102,-0.4553299,0.3057216,0.83061,0.4654259,0.3449231,-0.5522451,0.7589818,static,-10.723337478348864,-14.663680189252247,3.245713203997181,-10.798011917044091,0.2671169,-0.56660775,0.5108569999999997,-0.18020634880190806,-0.2490004580624565,0.9515904474787984,-10.62547509298766,-15.208883160990666,14.105419656175194,14.494059754144429,14.555605446050123
1129,05/11/2023 10:04:13.275104,1309,True,True,True,True,Eyes,0.943508,0.04153493,-3.160892,0.09217709,-0.7194485,0.6884019,0.790706,1.016393,-0.5273373,-2.616569,0.7247273,0.6504914,-0.2272252,0.05593994,-0.1355891,0.7928275,0.7261439,0.02755842,-3.124442,0.2725857,0.2221961,-0.1028201,0.9304591,33.56978,25.40302,355.1667,0.3010015,0.01272911,-0.9535384,0.0,0.0,0.0,1.00552,-0.5370963,-2.61316,0.04545535,-0.1455152,0.7969035,0.8801138,-0.07020484,-0.4695433,0.3124747,0.8302501,0.4615672,0.3574342,-0.5529521,0.7526519,static,-11.415586212213382,-14.803764918349417,3.264611951858667,-10.348245141742092,0.2793761,-0.5646547199999999,0.511282,-0.1915993821724642,-0.25077551424516153,0.9488947540180274,-11.321997863996685,-15.361327147648689,14.931147041839113,15.341443042170555,15.42401300304017
1130,05/11/2023 10:04:13.289020,1310,True,True,True,True,Eyes,0.943508,0.04153493,-3.160892,0.09217709,-0.7194485,0.6884019,0.790706,1.016393,-0.5273373,-2.616569,0.7247273,0.6504914,-0.2272252,0.05759621,-0.1297835,0.7971932,0.7148905,0.02663646,-3.124395,0.2731936,0.2281604,-0.1041923,0.928683,33.70834,26.16708,355.2518,0.2995051,0.01271537,-0.9540096,0.0,0.0,0.0,1.00552,-0.5370963,-2.61316,0.04712522,-0.1397658,0.8011655,0.8741736,-0.06885929,-0.4807067,0.3181871,0.8290184,0.4598754,0.3668481,-0.5549656,0.7466162,static,-11.970874920055303,-14.817213836949389,3.3663065548252304,-9.89583839157955,0.2906295,-0.5637327599999999,0.5112349999999997,-0.2007998859497628,-0.2505274452320616,0.9470561445789724,-11.880815513428331,-15.38469070494781,15.683369829698897,16.107422881010724,16.205006358597732
1131,05/11/2023 10:04:13.305479,1311,True,True,True,True,Eyes,0.943508,0.04153493,-3.160892,0.09217709,-0.7194485,0.6884019,0.790706,1.016393,-0.5273373,-2.616569,0.7247273,0.6504914,-0.2272252,0.06002088,-0.1257457,0.8019348,0.7046041,0.02786376,-3.123573,0.2735452,0.2341257,-0.1074039,0.9267268,33.86895,26.86275,355.096,0.2981575,0.01270297,-0.9544318,0.0,0.0,0.0,1.00552,-0.5370963,-2.61316,0.04960424,-0.1358192,0.8058193,0.8672991,-0.07098013,-0.4927008,0.327156,0.8272749,0.4567113,0.3751816,-0.5572953,0.7407164,static,-12.417120320510143,-14.846931308549284,3.5225413900023836,-9.567167084925458,0.3009159,-0.56496006,0.5104129999999998,-0.20816442508436597,-0.2506244141525053,0.9454390044612805,-12.329877654961678,-15.422375733597805,16.353658701514952,16.79132888435687,16.899191042669077
1132,05/11/2023 10:04:13.325465,1312,True,True,True,True,Eyes,0.943508,0.04153493,-3.160892,0.09217709,-0.7194485,0.6884019,0.790706,1.016393,-0.5273373,-2.616569,0.7247273,0.6504914,-0.2272252,0.05977565,-0.1234042,0.8064016,0.6948771,0.0298248,-3.121825,0.2728414,0.242839,-0.1126358,0.9240672,33.98336,27.84749,354.7653,0.2969442,0.0126918,-0.9548101,0.0,0.0,0.0,1.00552,-0.5370963,-2.61316,0.04946025,-0.1336342,0.8101444,0.8566848,-0.07565299,-0.5102625,0.3406791,0.8257415,0.4495428,0.3873357,-0.5589523,0.7331736,static,-13.0152108953028,-15.036956335405899,3.4936371818710867,-9.366656883546803,0.31064289999999994,-0.5669211,0.5086649999999997,-0.21787045372422725,-0.2532096194365543,0.9425589053292762,-12.931590815755765,-15.623078495581497,16.992155425749818,17.45549657583426,17.576430984746583
1133,05/11/2023 10:04:13.335166,1313,True,True,True,True,Eyes,0.943508,0.04153493,-3.160892,0.09217709,-0.7194485,0.6884019,0.790706,1.016393,-0.5273373,-2.616569,0.7247273,0.6504914,-0.2272252,0.05663918,-0.1237644,0.810148,0.6837367,0.0296684,-3.120503,0.2690619,0.254324,-0.1172973,0.9215022,33.74829,29.19615,354.5258,0.2958521,0.01268173,-0.9551492,0.0,0.0,0.0,1.00552,-0.5370963,-2.61316,0.04643339,-0.1341932,0.813634,0.8431213,-0.07932162,-0.5318408,0.3530372,0.8276941,0.4362192,0.4055998,-0.5555453,0.72585,static,-13.87197112790618,-15.662505101583202,3.2662777847358004,-9.365517965355203,0.3217833,-0.5667647,0.5073429999999997,-0.23133586946116547,-0.26264715326415994,0.9367497661486803,-13.793181343081413,-16.263920766721238,17.736162981354973,18.258467153227702,18.40144306687823
1134,05/11/2023 10:04:13.355246,1314,True,True,True,True,Eyes,0.931089,0.04147967,-3.158555,0.1053583,-0.7207403,0.6851519,0.7876238,1.014072,-0.5261925,-2.618913,0.5699528,0.7267388,-0.3834116,0.05752827,-0.1200664,0.8132476,0.6723511,0.03317218,-3.118348,0.2699426,0.2623779,-0.1228329,0.9182597,34.07047,30.10962,354.1846,0.2948686,0.01267264,-0.9554533,0.0,0.0,0.0,1.00552,-0.5370963,-2.61316,0.04817419,-0.1297114,0.8199247,0.8321398,-0.08393117,-0.5481778,0.367239,0.8240862,0.4312975,0.4155464,-0.560212,0.7165777,static,-13.621306511637602,-15.470705146770035,3.3625139141197007,-8.989643791245575,0.3331689,-0.57026848,0.505188,-0.2274197156118963,-0.25975607503964515,0.9385132561277929,-13.54111243763882,-16.067646406966933,17.679026518302926,18.178402365126686,18.325684294672968
1135,05/11/2023 10:04:13.375533,1315,True,True,True,True,Eyes,0.9186481,0.04133436,-3.156296,0.1185962,-0.7218701,0.6817906,0.78558,1.011815,-0.5257524,-2.620695,0.4195621,0.7561288,-0.5022318,0.05570573,-0.1257398,0.8132183,0.6618283,0.03444313,-3.114586,0.2655856,0.2721909,-0.1255706,0.9163015,33.71563,31.29847,354.0974,0.2936572,0.01266503,-0.9558266,0.0,0.0,0.0,1.00552,-0.5370963,-2.61316,0.04725182,-0.1343319,0.8221505,0.8202882,-0.085541,-0.5655174,0.374701,0.8273926,0.4183547,0.4321184,-0.5550713,0.7107527,static,-13.597882736241042,-15.946756228377577,3.2893671009714875,-9.27961011541455,0.34369169999999993,-0.57153943,0.5014259999999999,-0.22653177817165207,-0.2676016397870008,0.9365215630397987,-13.517055502996875,-16.543276196823708,17.629300934353985,18.1557165751185,18.308923662667684
1136,05/11/2023 10:04:13.389472,1316,True,True,True,True,Eyes,0.9062831,0.04130413,-3.154035,0.1315743,-0.7229376,0.6782694,0.7842993,1.009477,-0.5256953,-2.622069,0.2637523,0.760056,-0.5939273,0.05286133,-0.1248867,0.8159776,0.6487247,0.03236366,-3.114653,0.2636557,0.2798929,-0.1238882,0.9147664,33.48492,32.38774,354.5602,0.2922381,0.01265596,-0.9562616,0.0,0.0,0.0,1.00552,-0.5370963,-2.61316,0.04540381,-0.1321537,0.8267747,0.8126234,-0.07906682,-0.5774009,0.3742482,0.8302748,0.4130158,0.4467456,-0.5517175,0.7042913,static,-13.673516963858562,-16.150220362479114,3.1433426964480606,-9.08147550554041,0.3567952999999999,-0.56945996,0.501493,-0.22755256705175125,-0.27085945401009864,0.9353368025968612,-13.592965516272171,-16.748089479087763,17.706887270048163,18.24209205894284,18.40872028171861
1137,05/11/2023 10:04:13.405532,1317,True,True,True,True,Eyes,0.8940721,0.04127958,-3.151789,0.1444195,-0.7238,0.674727,0.7836635,1.007248,-0.5259361,-2.62303,0.115209,0.7440974,-0.6580623,0.05701202,-0.1158139,0.8209276,0.6381134,0.03508998,-3.112493,0.2690991,0.2821587,-0.1255897,0.9122496,34.18339,32.72436,354.6396,0.2906326,0.01264906,-0.9567509,0.0,0.0,0.0,1.00552,-0.5370963,-2.61316,0.05072799,-0.1215175,0.8332942,0.8092274,-0.077281,-0.5823905,0.3809956,0.8236258,0.4200987,0.4472062,-0.5618436,0.6959442,static,-13.170154787589077,-15.316203640284833,3.4836642965959976,-8.296837232247825,0.3674065999999999,-0.5721862799999999,0.499333,-0.22015038518018276,-0.25766524857868567,0.9408200593573413,-13.08723946592006,-15.905090542284473,17.60482881678722,18.072664298853265,18.23404425617785
1138,05/11/2023 10:04:13.425264,1318,True,True,True,True,Eyes,0.8940721,0.04127958,-3.151789,0.1444195,-0.7238,0.674727,0.7836635,1.007248,-0.5259361,-2.62303,0.115209,0.7440974,-0.6580623,0.05735548,-0.1175424,0.8237596,0.6295028,0.03532236,-3.110865,0.266898,0.2872674,-0.12489,0.9113975,33.93514,33.42038,354.8616,0.288862,0.01264426,-0.957287,0.0,0.0,0.0,1.00552,-0.5370963,-2.61316,0.05096999,-0.1233294,0.8360347,0.8037599,-0.07430664,-0.5902953,0.380991,0.8263358,0.4147468,0.4569637,-0.558254,0.6924858,static,-13.696418014507463,-15.687316419051363,3.488796726465341,-8.391584937974493,0.37601719999999994,-0.57241866,0.49770499999999984,-0.2284264424255045,-0.26323859860049476,0.9372975819433899,-13.616483032343826,-16.285597409655615,18.162691902163424,18.66974299601698,18.838949772484234
1139,05/11/2023 10:04:13.435709,1319,True,True,True,True,Eyes,0.8940721,0.04127958,-3.151789,0.1444195,-0.7238,0.674727,0.7836635,1.007248,-0.5259361,-2.62303,0.115209,0.7440974,-0.6580623,0.05750382,-0.1119902,0.8291886,0.6200746,0.03715803,-3.109264,0.2684288,0.2932689,-0.127719,0.9086404,34.24429,34.1783,354.8183,0.2872674,0.01263989,-0.9577668,0.0,0.0,0.0,1.00552,-0.5370963,-2.61316,0.05102566,-0.1177757,0.8414161,0.7953624,-0.07465762,-0.6015188,0.3895449,0.8232676,0.4128985,0.4643849,-0.5627226,0.6838787,static,-14.209497529992875,-15.585833692604059,3.4703151466556017,-7.968104109283112,0.38544539999999994,-0.5742543299999999,0.4961039999999999,-0.2369578932583712,-0.2610295904383373,0.9357961670403436,-14.132938988445138,-16.193276411705163,18.73602524399124,19.25111893594716,19.43008017352147
1140,05/11/2023 10:04:13.455768,1320,True,True,True,True,Eyes,0.8812811,0.04144346,-3.149263,0.1583522,-0.7243528,0.6709975,0.783629,1.00537,-0.5261804,-2.62345,-0.00999633,0.7276264,-0.6859009,0.05538198,-0.1140639,0.8313029,0.6118472,0.03917572,-3.105792,0.266694,0.3008441,-0.1306401,0.9062563,34.19359,35.09914,354.7058,0.2858316,0.01263593,-0.9581963,0.0,0.0,0.0,1.00552,-0.5370963,-2.61316,0.05000484,-0.1188297,0.8444723,0.784852,-0.07632022,-0.6149655,0.3972534,0.8236149,0.4047816,0.4756017,-0.5619909,0.6767343,static,-13.976036801058386,-15.63431931210807,3.388772714216552,-8.009770801552474,0.39367279999999993,-0.57627202,0.49263199999999996,-0.23307451416406694,-0.2620744571574076,0.9364792004480209,-13.89793956989404,-16.23759325939139,18.45634308190482,18.964976917771313,19.144907521096528
1141,05/11/2023 10:04:13.475186,1321,True,True,True,True,Eyes,0.8686635,0.04168588,-3.146691,0.1721061,-0.7247248,0.6671982,0.7840034,1.003595,-0.5265009,-2.623605,-0.1283212,0.706251,-0.696235,0.05184945,-0.1207271,0.8335294,0.6021052,0.04006257,-3.103028,0.2622144,0.3092013,-0.1303909,0.9047853,33.71964,36.19115,354.9098,0.2841986,0.01263969,-0.9586819,0.0,0.0,0.0,1.00552,-0.5370963,-2.61316,0.04756436,-0.1246248,0.8473682,0.7747856,-0.0737974,-0.6279022,0.3981055,0.8284836,0.3938615,0.4911407,-0.5551296,0.6712764,static,-13.945481494508233,-16.062077780187142,3.212747738848457,-8.366669049974693,0.40341479999999996,-0.57715887,0.48986799999999997,-0.23210710049806882,-0.2691226519178349,0.934718821677718,-13.86675467736721,-16.664803411900312,18.27232692096226,18.804896860909555,18.988639674133783
1142,05/11/2023 10:04:13.490171,1322,True,True,True,True,Eyes,0.8562567,0.04195211,-3.144064,0.1860861,-0.7245776,0.6635957,0.7846606,1.002271,-0.5265954,-2.623367,-0.2166157,0.7000452,-0.6804515,0.05163234,-0.1247131,0.83626,0.5935072,0.04227922,-3.099648,0.2600635,0.3146785,-0.1302608,0.9035357,33.49978,36.91815,355.0662,0.2823913,0.01265281,-0.9592156,0.0,0.0,0.0,1.00552,-0.5370963,-2.61316,0.04838538,-0.1281807,0.8504881,0.768019,-0.07171773,-0.6363988,0.3990634,0.8307982,0.3879727,0.5008944,-0.5519338,0.6666887,static,-13.663484973458143,-16.113050930790482,3.256121892104984,-8.570785976105832,0.41201279999999996,-0.5793755199999999,0.48648800000000003,-0.22742855126516587,-0.2702606632858148,0.9355401733988762,-13.58290729251519,-16.71074116418413,17.99716119857062,18.524547420433112,18.703255715099786
1143,05/11/2023 10:04:13.505692,1323,True,True,True,True,Eyes,0.8440235,0.04220613,-3.141404,0.2000153,-0.724373,0.6597557,0.7855181,1.001139,-0.5268019,-2.623154,-0.2920545,0.6862125,-0.6661955,0.04890251,-0.1315369,0.8374203,0.586008,0.04326553,-3.096076,0.2563502,0.3212848,-0.128973,0.9024559,33.06319,37.80931,355.3417,0.2804323,0.01267509,-0.9597898,0.0,0.0,0.0,1.00552,-0.5370963,-2.61316,0.04647791,-0.1345983,0.8519047,0.7602841,-0.06806196,-0.6460152,0.3975077,0.8353012,0.3798154,0.5137662,-0.5455636,0.6621213,static,-13.524222125545839,-16.39168742355482,3.1228265699485926,-8.978337548646957,0.419512,-0.58036183,0.4829159999999999,-0.2248414629621206,-0.2749765793706799,0.9347909629303408,-13.442472855530362,-16.986889317390744,17.683013159660984,18.223116820071127,18.399620824582843
1144,05/11/2023 10:04:13.525332,1324,True,True,True,True,Eyes,0.8319596,0.04247085,-3.13872,0.2140047,-0.7239644,0.6558029,0.7865471,1.000284,-0.5269613,-2.6229,-0.3490665,0.6756582,-0.649337,0.04362154,-0.1321566,0.8399627,0.5777358,0.04341301,-3.09304,0.2554903,0.328997,-0.1280615,0.9000478,32.96801,38.89508,355.7338,0.2783405,0.01270527,-0.9603982,0.0,0.0,0.0,1.00552,-0.5370963,-2.61316,0.04177922,-0.13489,0.8545962,0.7507225,-0.06241189,-0.6576629,0.3986339,0.83665,0.3756432,0.526789,-0.5441706,0.6529715,static,-13.558027669395424,-16.337182792867868,2.7988290429657274,-8.969601733362435,0.42778419999999995,-0.58050931,0.47987999999999964,-0.22545515402160804,-0.2740473061379568,0.9349160150845004,-13.476549453358045,-16.93298863760079,17.405641871358682,17.939565551514818,18.119146673759037
1145,05/11/2023 10:04:13.535349,1325,True,True,True,True,Eyes,0.8201067,0.04280438,-3.135967,0.2277851,-0.7235655,0.651588,0.7877356,0.9995412,-0.5271739,-2.622688,-0.3986365,0.6615158,-0.6352053,0.03891128,-0.130606,0.8433828,0.5695561,0.04417139,-3.090175,0.2565838,0.33545,-0.126372,0.8975903,33.05181,39.87277,356.2569,0.2761324,0.01274289,-0.9610349,0.0,0.0,0.0,1.00552,-0.5370963,-2.61316,0.03754142,-0.1329385,0.8581364,0.7430068,-0.05471855,-0.6670433,0.3990026,0.8363897,0.3758312,0.5373432,-0.5453971,0.6432762,static,-13.560283986163178,-16.054469021129066,2.5049564215608506,-8.805996577990886,0.43596389999999996,-0.58126769,0.47701499999999974,-0.22579906277053235,-0.26940883255169557,0.9361803621692466,-13.479107433750814,-16.65031696884258,17.111464647965608,17.624763888259682,17.80515823364152
1146,05/11/2023 10:04:13.555123,1326,True,True,True,True,Eyes,0.8084508,0.04312638,-3.133184,0.2415478,-0.7229062,0.6473494,0.7889969,0.9990312,-0.5272444,-2.622427,-0.4325723,0.6567275,-0.61773,0.03572628,-0.1306071,0.8462251,0.5626091,0.04634077,-3.086072,0.2576229,0.3412043,-0.1252485,0.8952782,33.14495,40.73758,356.682,0.2738249,0.01278936,-0.9616943,0.0,0.0,0.0,1.00552,-0.5370963,-2.61316,0.03471869,-0.1327634,0.8610365,0.7357849,-0.04846041,-0.6754794,0.4000686,0.8358865,0.3758177,0.5464118,-0.5467589,0.6344202,static,-13.461530380127567,-15.7399584223201,2.3090279964861233,-8.765418521628396,0.4429109,-0.58343707,0.472912,-0.22451148514826164,-0.26434658469489136,0.937931466345121,-13.380043381685216,-16.334045136891437,16.75355154910171,17.243976291346517,17.41927293404128
1147,05/11/2023 10:04:13.575560,1327,True,True,True,True,Eyes,0.7969973,0.04349007,-3.13036,0.2550231,-0.7223099,0.6428309,0.7903934,0.9985659,-0.5274189,-2.622271,-0.4636157,0.6451235,-0.6073517,0.03054431,-0.1321851,0.848322,0.5555282,0.04665788,-3.082933,0.2571033,0.3477557,-0.1228316,0.8932392,33.00692,41.72123,357.2238,0.2714323,0.01284345,-0.9623715,0.0,0.0,0.0,1.00552,-0.5370963,-2.61316,0.02976432,-0.134115,0.8631777,0.7279567,-0.04061776,-0.6844189,0.3982543,0.8376206,0.3738787,0.5580972,-0.5447403,0.6259277,static,-13.4854370388871,-15.666635360377933,1.9749056166628134,-8.831633569983442,0.44999179999999994,-0.58375418,0.469773,-0.22498122425271816,-0.263116810645767,0.9381646613765503,-13.4041770635731,-16.26114940134361,16.419922247760628,16.903829285156426,17.079633765803163
1148,05/11/2023 10:04:13.590901,1328,True,True,True,True,Eyes,0.7857784,0.04388659,-3.127476,0.2681949,-0.7215654,0.6382906,0.7918705,0.998154,-0.5274998,-2.622033,-0.4910067,0.6396552,-0.5913996,0.02770698,-0.1296124,0.8514636,0.5487639,0.04815859,-3.079442,0.2588809,0.3529852,-0.1225261,0.890713,33.20777,42.51096,357.5677,0.2689677,0.01290572,-0.9630625,0.0,0.0,0.0,1.00552,-0.5370963,-2.61316,0.02721512,-0.1313558,0.8663565,0.7207778,-0.03550891,-0.6922563,0.4010333,0.8359361,0.3746773,0.5653776,-0.5476768,0.6167644,static,-13.335023347611376,-15.25381056478237,1.7992580550042088,-8.6214448514326,0.4567561,-0.58525489,0.46628199999999964,-0.22292974606468147,-0.25647445845538974,0.9404909363683849,-13.253223245701015,-15.845641609184659,16.070164481633945,16.523763146728218,16.696293364181038
1149,05/11/2023 10:04:13.605559,1329,True,True,True,True,Eyes,0.7747667,0.04429097,-3.124524,0.2811505,-0.7208003,0.6335624,0.7934029,0.9978323,-0.5275941,-2.621853,-0.5125771,0.6335188,-0.579585,0.02519295,-0.1306448,0.8531678,0.5429603,0.04938144,-3.075493,0.257956,0.3591014,-0.1237452,0.8883649,33.1746,43.31408,357.631,0.2664444,0.01297638,-0.9637626,0.0,0.0,0.0,1.00552,-0.5370963,-2.61316,0.02489012,-0.132265,0.868076,0.7114667,-0.03459711,-0.7018677,0.4051265,0.8362916,0.3694439,0.5741844,-0.5471922,0.6090099,static,-13.132956175571099,-15.142154671490424,1.6423771757017958,-8.663280888575377,0.4625597,-0.58647774,0.46233299999999966,-0.219710181708272,-0.254832037702165,0.9416942494453178,-13.049980389040169,-15.730378507399973,15.693959769116606,16.13339025549748,16.303657245054765
1150,05/11/2023 10:04:13.625483,1330,True,True,True,True,Eyes,0.7639602,0.04468605,-3.121489,0.2938052,-0.7198498,0.6288837,0.7949654,0.9975252,-0.5275697,-2.621548,-0.5329635,0.6350449,-0.5591672,0.0228112,-0.1307466,0.854748,0.5366501,0.04995082,-3.071296,0.2566078,0.3658439,-0.1260219,0.8856801,33.14458,44.16497,357.5718,0.2638736,0.01305489,-0.9644686,0.0,0.0,0.0,1.00552,-0.5370963,-2.61316,0.02277195,-0.1323907,0.8696588,0.7005535,-0.03547349,-0.7127177,0.410987,0.8365419,0.3623361,0.5833648,-0.5467535,0.6006215,static,-12.954753420868894,-15.055116019958517,1.499942910052929,-8.655846188412227,0.46886989999999995,-0.5870471199999999,0.45813599999999965,-0.21685477010936438,-0.253567097231976,0.9426970213779899,-12.870729185032458,-15.64015859033983,15.380695240850946,15.807874632476793,15.978011021156092
1151,05/11/2023 10:04:13.635853,1331,True,True,True,True,Eyes,0.7533417,0.04501877,-3.118376,0.3062434,-0.7188341,0.6240934,0.7965204,0.9972709,-0.5275473,-2.621273,-0.5499051,0.6365239,-0.5407787,0.02194637,-0.1323443,0.8555108,0.530521,0.05007802,-3.066682,0.2541849,0.3720899,-0.128315,0.8834447,32.99774,44.91942,357.4333,0.2612649,0.01314023,-0.9651775,0.0,0.0,0.0,1.00552,-0.5370963,-2.61316,0.02213588,-0.1340452,0.8704146,0.6901687,-0.03755919,-0.7226731,0.4158777,0.8378506,0.3536271,0.5922101,-0.544606,0.5938783,static,-12.70203841620586,-15.080170721691026,1.4567990703611708,-8.754859898859877,0.47499899999999995,-0.5871743199999999,0.453522,-0.21265707259087435,-0.254219459855043,0.9434773399494127,-12.616376461584325,-15.660700884122527,15.087726182063738,15.507489673588072,15.676253036573595
1152,05/11/2023 10:04:13.655386,1332,True,True,True,True,Eyes,0.7429035,0.04529292,-3.115174,0.3182997,-0.7176965,0.6193522,0.7981033,0.9969395,-0.5275031,-2.620867,-0.5719849,0.6394598,-0.5137356,0.02113369,-0.1323778,0.8557924,0.5241829,0.04891066,-3.062001,0.2523208,0.3778291,-0.1297836,0.881326,32.87622,45.64298,357.4002,0.2586272,0.01322981,-0.9658863,0.0,0.0,0.0,1.00552,-0.5370963,-2.61316,0.02170348,-0.1341552,0.8706778,0.6808027,-0.03809495,-0.7314755,0.4194316,0.8389808,0.3466818,0.6004871,-0.5428259,0.5871587,static,-12.479040899654754,-15.048979384604765,1.4279224105769015,-8.75932526929779,0.48133709999999996,-0.58600696,0.4488409999999998,-0.20900095948029873,-0.2539105490241482,0.94437712001496,-12.391987968888499,-15.625528108602802,14.85297187757829,15.263137862259102,15.431612499247631
1153,05/11/2023 10:04:13.675235,1333,True,True,True,True,Eyes,0.7326378,0.04550789,-3.111899,0.3299909,-0.7166005,0.6144834,0.7997206,0.9965383,-0.5275723,-2.620484,-0.5987829,0.6348976,-0.4882256,0.02139598,-0.1311686,0.8561679,0.5178692,0.04777788,-3.056986,0.25133,0.3827873,-0.1312965,0.8792431,32.85247,46.27882,357.3752,0.255968,0.01332144,-0.9665932,0.0,0.0,0.0,1.00552,-0.5370963,-2.61316,0.02238941,-0.1328581,0.87104,0.6724702,-0.0384712,-0.7391236,0.423295,0.8391889,0.3414432,0.6071287,-0.5424776,0.5806143,static,-12.21148715630617,-14.910950947830175,1.4724195079188453,-8.672376394960729,0.48765079999999994,-0.58487418,0.44382600000000005,-0.20470163872583183,-0.25186865978733075,0.9458644389543951,-12.122867549946099,-15.48272336469893,14.64429561122759,15.038919976079798,15.205678414131096
1154,05/11/2023 10:04:13.691218,1334,True,True,True,True,Eyes,0.7225764,0.04566793,-3.108523,0.3412984,-0.7154762,0.6095976,0.8013484,0.9960753,-0.5276778,-2.620023,-0.6296595,0.6278753,-0.4574949,0.02268222,-0.1275396,0.857012,0.5115634,0.04654717,-3.052185,0.2515983,0.3866695,-0.1330448,0.8772025,32.97643,46.78995,357.3461,0.2532941,0.01341308,-0.9672962,0.0,0.0,0.0,1.00552,-0.5370963,-2.61316,0.02421954,-0.1290666,0.8718553,0.6655716,-0.03884372,-0.7453225,0.4279852,0.8379948,0.3385165,0.6114271,-0.544294,0.5743701,static,-11.875142807213514,-14.607750408744538,1.5912280817678832,-8.420721740836765,0.49395659999999997,-0.5836434699999999,0.439025,-0.19939654358795533,-0.2471357985163428,0.9482430806663587,-11.784685491253468,-15.173519317744782,14.449879155998227,14.81966493066285,14.983835925010377
1155,05/11/2023 10:04:13.705625,1335,True,True,True,True,Eyes,0.712706,0.04575734,-3.105036,0.3524637,-0.7143372,0.6045591,0.8029004,0.9956992,-0.5277842,-2.619636,-0.6546006,0.6206615,-0.4315987,0.02235454,-0.1241766,0.8570839,0.5061963,0.04537864,-3.0467,0.2519929,0.3914956,-0.1350125,0.8746443,33.12871,47.43574,357.3398,0.2506123,0.01350307,-0.9679932,0.0,0.0,0.0,1.00552,-0.5370963,-2.61316,0.0242939,-0.1255392,0.8718989,0.6570056,-0.03886769,-0.7528831,0.433484,0.8365424,0.3350945,0.6167943,-0.5465218,0.5664616,static,-11.644373614921383,-14.299083660023074,1.5960312501906266,-8.193346474991367,0.4993236999999999,-0.58247494,0.4335399999999998,-0.1958270204007139,-0.24220153253164775,0.9502579629945961,-11.552757687522181,-14.860734149294325,14.232427651828575,14.580409718686258,14.74261540324395
1156,05/11/2023 10:04:13.725477,1336,True,True,True,True,Eyes,0.7030064,0.04578903,-3.101466,0.3633972,-0.7131767,0.5994343,0.804442,0.9953384,-0.5279204,-2.619256,-0.678756,0.6116858,-0.4063628,0.02031308,-0.1239801,0.8565039,0.500685,0.04386596,-3.040873,0.2511757,0.3972609,-0.1350998,0.8722631,33.06036,48.23935,357.5299,0.2479287,0.01358938,-0.9686828,0.0,0.0,0.0,1.00552,-0.5370963,-2.61316,0.02260295,-0.1252147,0.8712776,0.6478637,-0.03612046,-0.7608994,0.4352495,0.8373176,0.3308429,0.6251644,-0.5455222,0.5581892,static,-11.584889913373685,-14.203986926998473,1.4860513247529457,-8.17820324927536,0.5048349999999999,-0.58096226,0.4277129999999998,-0.19491696626364471,-0.2406684938735923,0.9508344034196565,-11.492991123330995,-14.76457594087199,14.05205485034921,14.393039073846552,14.55458168762588
1157,05/11/2023 10:04:13.735414,1337,True,True,True,True,Eyes,0.6935028,0.04579689,-3.097781,0.3742428,-0.7120656,0.594058,0.805889,0.995101,-0.5280489,-2.619037,-0.6947024,0.60322,-0.3918088,0.0179995,-0.1226082,0.856807,0.4948496,0.04260558,-3.035662,0.2508038,0.4031139,-0.135542,0.8696121,33.05759,49.06017,357.707,0.2452479,0.01367062,-0.9693637,0.0,0.0,0.0,1.00552,-0.5370963,-2.61316,0.02043343,-0.1237004,0.8715664,0.6382552,-0.03353285,-0.7690941,0.4379428,0.8374517,0.3269264,0.6331165,-0.5454817,0.5491933,static,-11.531166866959522,-14.053681546157483,1.3430243205743961,-8.07797099015842,0.5106704,-0.57970188,0.4225019999999997,-0.19414651385485066,-0.23821042445066495,0.9516106999504802,-11.439078064027685,-14.613312296281194,13.862371911385297,14.193446212328231,14.355933524433885
1158,05/11/2023 10:04:13.755422,1338,True,True,True,True,Eyes,0.6841822,0.04575255,-3.093973,0.3851386,-0.7108259,0.5885531,0.8071783,0.9950577,-0.5280107,-2.618906,-0.6974728,0.6056637,-0.3830188,0.01375929,-0.1220746,0.8567447,0.4897352,0.04213008,-3.029627,0.2503864,0.4103887,-0.1363167,0.8662018,33.0695,50.07907,357.9044,0.2425753,0.01374654,-0.9700349,0.0,0.0,0.0,1.00552,-0.5370963,-2.61316,0.01611003,-0.1232128,0.8715166,0.6259977,-0.03064405,-0.7792225,0.4416671,0.8374488,0.3218846,0.6426951,-0.5456561,0.5377755,static,-11.619510372538189,-13.909019634758172,1.058994877858035,-8.047000996616903,0.5157848,-0.5792263799999999,0.4164669999999999,-0.195735356193362,-0.23573110035494438,0.9519025535745166,-11.528132172444742,-14.470228694731729,13.64322430194937,13.968097862566692,14.13129935435144
1159,05/11/2023 10:04:13.775144,1339,True,True,True,True,Eyes,0.6750331,0.0456251,-3.090056,0.3961707,-0.709508,0.5827925,0.8082741,0.9952476,-0.5278518,-2.619,-0.6847125,0.6161654,-0.3892416,0.007122099,-0.1246509,0.8558366,0.4844597,0.04104706,-3.023345,0.2485799,0.4191759,-0.1351449,0.8626908,32.83313,51.33171,358.3101,0.2399153,0.01381609,-0.9706953,0.0,0.0,0.0,1.00552,-0.5370963,-2.61316,0.009022683,-0.1260359,0.8706543,0.6120548,-0.02477907,-0.7904271,0.4415739,0.8398878,0.3155963,0.6560499,-0.5421942,0.5249991,static,-11.916183606329776,-14.002212974652396,0.593740995465718,-8.23691788259015,0.5210603,-0.57814336,0.4101849999999998,-0.20059577092691547,-0.23704131971902564,0.9505643971298522,-11.826603414594858,-14.568718560666268,13.440913860396822,13.774499665728886,13.941185569793129
1160,05/11/2023 10:04:13.790824,1340,True,True,True,True,Eyes,0.6660731,0.04541305,-3.086026,0.4071738,-0.7081185,0.5768689,0.8092442,0.9955763,-0.5276278,-2.619198,-0.6629584,0.6312405,-0.4025189,5.64158e-05,-0.1272579,0.8545609,0.4791229,0.03923265,-3.01721,0.2471003,0.4275917,-0.1322282,0.8594315,32.53474,52.58665,358.9149,0.2372713,0.01387729,-0.9713441,0.0,0.0,0.0,1.00552,-0.5370963,-2.61316,0.001335502,-0.1289957,0.8694046,0.5993621,-0.01596615,-0.8003188,0.4385982,0.8429143,0.3116522,0.6696243,-0.5378109,0.5122136,static,-12.266580527005958,-14.108570075374038,0.08801260994704588,-8.439544765195789,0.5263971,-0.57632895,0.4040499999999998,-0.20632860057658034,-0.23851503931171023,0.9489673997783818,-12.17912771185811,-14.681331343663686,13.249194588147025,13.593153407031345,13.76381601758756
1161,05/11/2023 10:04:13.805761,1341,True,True,True,True,Eyes,0.6572972,0.04511892,-3.081891,0.4181816,-0.7067372,0.5706547,0.8100945,0.9960638,-0.527405,-2.619606,-0.6305825,0.6462261,-0.4298344,-0.00678274,-0.1283114,0.8529967,0.4744167,0.03730108,-3.010892,0.2466193,0.4356258,-0.129483,0.8559459,32.34377,53.81319,359.5393,0.2346472,0.01392832,-0.9719806,0.0,0.0,0.0,1.00552,-0.5370963,-2.61316,-0.006385356,-0.1303764,0.8678453,0.5869287,-0.006793484,-0.80961,0.4365283,0.8448261,0.3093733,0.681878,-0.5349978,0.4988183,static,-12.593211544666431,-14.093148333273179,-0.4215582520929493,-8.543653260606877,0.5311033,-0.57439738,0.397732,-0.21176387972534824,-0.23797669298970237,0.947904668155951,-12.507858226362192,-14.671741724058478,13.029222682626596,13.377071407305952,13.551092770839896
1162,05/11/2023 10:04:13.825450,1342,True,True,True,True,Eyes,0.6486692,0.04472855,-3.077662,0.4289076,-0.7053509,0.5643744,0.8109345,0.9964852,-0.5272648,-2.619992,-0.6023998,0.6554798,-0.4554787,-0.01291269,-0.1280324,0.8516512,0.4697333,0.03528821,-3.004615,0.2464701,0.4433759,-0.1277115,0.8522677,32.23312,54.98669,0.0588639,0.2320463,0.0139676,-0.9726042,0.0,0.0,0.0,1.00552,-0.5370963,-2.61316,-0.0133262,-0.1303106,0.8664702,0.5742152,0.0008690183,-0.818704,0.4362465,0.8458845,0.3068685,0.6927958,-0.5333653,0.4853407,static,-12.867219456780747,-14.009484578440084,-0.8811322341935793,-8.552756812600412,0.5357867,-0.57238451,0.39145499999999966,-0.2163832272406962,-0.23634722638872954,0.9472689018389581,-12.783699254209154,-14.592970940298672,12.8224823845004,13.169744295845419,13.347482473275928
1163,05/11/2023 10:04:13.849934,1343,True,True,True,True,Eyes,0.6402178,0.0443556,-3.073321,0.4392778,-0.7041901,0.5578094,0.8118098,0.9968278,-0.5273129,-2.620486,-0.5795745,0.6523005,-0.4884643,-0.01694843,-0.1237588,0.8511957,0.4643424,0.032731,-2.998571,0.2473361,0.4503964,-0.1281017,0.8482677,32.34442,56.04062,0.3709337,0.2294702,0.01399322,-0.9732149,0.0,0.0,0.0,1.00552,-0.5370963,-2.61316,-0.01818353,-0.1259695,0.8659787,0.5614662,0.005469504,-0.8274817,0.4401276,0.8448296,0.3042214,0.700745,-0.5350075,0.4719359,static,-12.998148004620838,-13.747438150244045,-1.202900775502541,-8.276473482357874,0.5411775999999999,-0.5698272999999999,0.38541099999999995,-0.21878897942232411,-0.2318849073998671,0.9478189602675727,-12.915729362945283,-14.333263935472946,12.666528147925932,13.0022810150097,13.186169425263799
1164,05/11/2023 10:04:13.855103,1344,True,True,True,True,Eyes,0.6319811,0.04395526,-3.068874,0.4492989,-0.7029305,0.5513795,0.8126686,0.9971123,-0.5272943,-2.620785,-0.560659,0.6535928,-0.5084074,-0.01805148,-0.1178681,0.8519565,0.4597996,0.03276019,-2.991841,0.2495777,0.4559726,-0.1310423,0.8441731,32.74335,56.87782,0.4329956,0.2269218,0.01400711,-0.973812,0.0,0.0,0.0,1.00552,-0.5370963,-2.61316,-0.01985925,-0.1200367,0.8666854,0.5498339,0.006356307,-0.8352498,0.4488459,0.8410778,0.30187,0.7044289,-0.5408769,0.4596002,static,-12.920811433228781,-13.214953192691114,-1.3126471590924682,-7.885351617977478,0.5457204,-0.5698564899999999,0.3786809999999998,-0.21796793272494808,-0.2231083729587357,0.9501119810901385,-12.838440467380376,-13.799401548025864,12.463805944918905,12.773180134975187,12.954531946792972
1165,05/11/2023 10:04:13.875179,1345,True,True,True,True,Eyes,0.6239354,0.04353211,-3.064318,0.4591919,-0.7017157,0.5447365,0.8134803,0.997479,-0.5272998,-2.621186,-0.5360382,0.6530246,-0.5349972,-0.01974607,-0.1186349,0.8495483,0.4573717,0.03175092,-2.984426,0.2477956,0.4628094,-0.1338644,0.8405268,32.7153,57.76254,0.2949373,0.2244044,0.01400953,-0.9743952,0.0,0.0,0.0,1.00552,-0.5370963,-2.61316,-0.02225679,-0.1208743,0.8641679,0.5357756,0.004330982,-0.8443494,0.4543974,0.8413554,0.2926502,0.7116654,-0.540465,0.4488097,static,-12.857811191371708,-13.16430603733429,-1.4753363105717663,-7.962508916923117,0.5481483,-0.56884722,0.3712659999999999,-0.21696318616514246,-0.22231938795001813,0.9505267196007425,-12.775089762454328,-13.747629843596684,12.21091866353142,12.514768383552276,12.694567822874804
1166,05/11/2023 10:04:13.890804,1346,True,True,True,True,Eyes,0.6161423,0.04309026,-3.059616,0.4688191,-0.7003673,0.5382326,0.8142157,0.9978621,-0.5271598,-2.621379,-0.5106394,0.6625364,-0.5479897,-0.02274311,-0.1180291,0.8485925,0.4535092,0.03077948,-2.977666,0.2465622,0.4700167,-0.1359741,0.836542,32.70675,58.74502,0.2914774,0.2219204,0.0140009,-0.974964,0.0,0.0,0.0,1.00552,-0.5370963,-2.61316,-0.02580789,-0.120533,0.8630584,0.5211908,0.004280627,-0.8534294,0.4592727,0.8414363,0.2846991,0.7193252,-0.5403393,0.436583,static,-12.915397911981055,-13.073726723536403,-1.7127956526050825,-7.950390365075066,0.5520107999999999,-0.5678757799999999,0.364506,-0.21799740237126208,-0.22076429667915554,0.9506525616690884,-12.833135911098653,-13.658079327301039,12.019311511532662,12.318558065930748,12.49958722335218
1167,05/11/2023 10:04:13.905158,1347,True,True,True,True,Eyes,0.6085467,0.04256504,-3.054796,0.4784284,-0.6989242,0.531612,0.8148522,0.9983951,-0.5269549,-2.621611,-0.4749867,0.6760424,-0.5633422,-0.02414623,-0.1195128,0.8468553,0.4503534,0.02965853,-2.970699,0.2432591,0.4773114,-0.1395092,0.8327883,32.57106,59.6354,359.9903,0.2194742,0.01398171,-0.9755179,0.0,0.0,0.0,1.00552,-0.5370963,-2.61316,-0.02783528,-0.1224504,0.861096,0.5054221,-0.0001425354,-0.8628722,0.4645838,0.8427245,0.271988,0.7271248,-0.5383452,0.4259978,static,-12.847736215324664,-13.152913886414513,-1.8514647755441331,-8.09336671344459,0.5551666,-0.5667548299999999,0.35753900000000005,-0.21680522687058995,-0.222138388431537,0.9506051334822634,-12.764962086206992,-13.736057876346619,11.805290112636978,12.104420811126856,12.28594266264246
1168,05/11/2023 10:04:13.925361,1348,True,True,True,True,Eyes,0.601141,0.04200948,-3.049815,0.487701,-0.6973296,0.525242,0.8154115,0.998818,-0.5266012,-2.621527,-0.4467588,0.6995664,-0.5576857,-0.02641806,-0.1220708,0.8439687,0.4470221,0.02701564,-2.963451,0.2384685,0.4854338,-0.1426191,0.828943,32.26379,60.61046,359.6663,0.217068,0.01395033,-0.9760566,0.0,0.0,0.0,1.00552,-0.5370963,-2.61316,-0.03039789,-0.1256596,0.8579812,0.4880277,-0.004924819,-0.8728142,0.4679676,0.845585,0.2568894,0.7367736,-0.5338179,0.4149736,static,-12.872514853323851,-13.416177334215268,-2.029115096603741,-8.332278115315534,0.5584979,-0.56411194,0.3502909999999999,-0.21699293412182546,-0.22649419378926244,0.9495338023062229,-12.789631300740337,-13.999762057442107,11.667364145108381,11.976032295880263,12.161787829663401
1169,05/11/2023 10:04:13.935176,1349,True,True,True,True,Eyes,0.5939708,0.0414869,-3.044657,0.4968784,-0.6955708,0.5189345,0.8159209,0.9993843,-0.526044,-2.621247,-0.4088914,0.7364804,-0.5388919,-0.02497038,-0.1240822,0.8416221,0.4437231,0.02547421,-2.955037,0.2334558,0.4925396,-0.147642,0.8252909,32.05796,61.39156,359.0722,0.2147038,0.01390698,-0.97658,0.0,0.0,0.0,1.00552,-0.5370963,-2.61316,-0.02905935,-0.1286014,0.8553358,0.4712133,-0.01372276,-0.8819126,0.4736675,0.8474005,0.2398988,0.7440411,-0.5307769,0.4058065,static,-12.699999994504493,-13.592999972590619,-1.9458298780398189,-8.550485750475126,0.5617969,-0.56257051,0.34187699999999976,-0.2139740524322515,-0.22958005594904904,0.9494777513378612,-12.615836167373317,-14.173503292987991,11.565890944440381,11.877673365356484,12.060985055036916
1170,05/11/2023 10:04:13.955670,1350,True,True,True,True,Eyes,0.5870325,0.04095984,-3.039348,0.5058681,-0.693522,0.512957,0.8164261,1.000036,-0.5252497,-2.620556,-0.3655071,0.7895619,-0.4929468,-0.02159262,-0.130593,0.8386153,0.4417054,0.02535887,-2.945968,0.2257187,0.4995698,-0.1537938,0.822088,31.65361,62.05098,358.1595,0.2123847,0.01385391,-0.9770877,0.0,0.0,0.0,1.00552,-0.5370963,-2.61316,-0.02537009,-0.1364402,0.8519067,0.453555,-0.02733949,-0.8908089,0.4783885,0.8507971,0.2174598,0.7519525,-0.5247826,0.3989622,static,-12.394158406554368,-13.993653449667496,-1.705784910007759,-9.099138011588368,0.5638145999999999,-0.56245517,0.332808,-0.20854700317819932,-0.2364975069234924,0.9489874918116541,-12.307636275486027,-14.568693369654342,11.43369236108979,11.755747929216367,11.929597151230281
1171,05/11/2023 10:04:13.975242,1351,True,True,True,True,Eyes,0.5803771,0.04048375,-3.033876,0.5149243,-0.6912675,0.5069537,0.8170565,1.001099,-0.5243209,-2.619666,-0.2946872,0.8515313,-0.4336519,-0.0185422,-0.1382252,0.8351921,0.4399185,0.02442316,-2.937395,0.2174314,0.5061903,-0.1579835,0.8194732,31.08425,62.68507,357.4031,0.2101135,0.01379194,-0.9775795,0.0,0.0,0.0,1.00552,-0.5370963,-2.61316,-0.02195618,-0.1457591,0.8477088,0.4376253,-0.03880322,-0.8983198,0.4790499,0.8555296,0.196419,0.7609174,-0.5162979,0.39299,static,-12.10104170760759,-14.499747562975156,-1.4836642675236529,-9.756308072074074,0.5656015,-0.56151946,0.32423499999999983,-0.20323929627450196,-0.24515015097282153,0.9479425284046908,-12.01213531480427,-15.069550609090113,11.291412603335399,11.628797096391496,11.793186543533638
1172,05/11/2023 10:04:13.995909,1352,True,True,True,True,Eyes,0.574015,0.04012416,-3.028203,0.5237517,-0.6889438,0.5010393,0.8179286,1.002406,-0.5233826,-2.618389,-0.207555,0.914042,-0.348494,-0.01850989,-0.1475246,0.8315265,0.4395257,0.02490574,-2.928369,0.20918,0.5142424,-0.1619692,0.8158213,30.52338,63.55704,356.7299,0.2078944,0.01372357,-0.9780548,0.0,0.0,0.0,1.00552,-0.5370963,-2.61316,-0.02127361,-0.1569122,0.842899,0.4186414,-0.0491374,-0.9068213,0.4794143,0.8600194,0.1747241,0.7712983,-0.5078899,0.3835969,static,-12.008221738969686,-15.020771733474193,-1.4457596475382306,-10.54534509500956,0.5659943,-0.56200204,0.31520899999999985,-0.20123604477556062,-0.2538672994075011,0.946073586741777,-11.91819375835146,-15.58891412423232,11.113529721017658,11.471488527179261,11.623659697266584
1173,05/11/2023 10:04:14.005476,1353,True,True,True,True,Eyes,0.5679216,0.03978714,-3.022355,0.5326548,-0.6864573,0.4950306,0.8192523,1.0043,-0.5225947,-2.6168,-0.08133382,0.9667003,-0.2426426,-0.01766704,-0.1574245,0.8286857,0.439637,0.02701706,-2.918291,0.200808,0.522632,-0.1669838,0.8115715,30.03191,64.47431,355.9503,0.2057319,0.01365324,-0.9785129,0.0,0.0,0.0,1.00552,-0.5370963,-2.61316,-0.01962684,-0.16881,0.8382546,0.3979444,-0.06114131,-0.91537,0.480936,0.8635851,0.1513979,0.7812431,-0.5004823,0.373064,static,-11.910931046712578,-15.488600138762592,-1.34127467960352,-11.38608968594448,0.5658829999999999,-0.56411336,0.3051309999999998,-0.19919828733573025,-0.26169482236457103,0.9443706464586759,-11.819807009006025,-16.055002390779435,10.959490178859506,11.337911083363236,11.471633956141677
1174,05/11/2023 10:04:14.025399,1354,True,True,True,True,Eyes,0.562049,0.03948673,-3.016377,0.5413862,-0.6842733,0.4885397,0.8209685,1.00651,-0.5222801,-2.615302,0.06596589,0.9875575,-0.1427539,-0.01762784,-0.1656128,0.8255541,0.4394547,0.02700779,-2.908575,0.1933202,0.5307203,-0.1701978,0.8074628,29.52825,65.42061,355.4081,0.2036292,0.01358188,-0.9789537,0.0,0.0,0.0,1.00552,-0.5370963,-2.61316,-0.01894699,-0.1786565,0.8328484,0.3787374,-0.06965888,-0.9228789,0.4800547,0.8673199,0.1315429,0.7912682,-0.4928526,0.3619266,static,-11.873812608798596,-15.948524074665523,-1.3032327854054004,-12.107186977929562,0.5660653,-0.56410409,0.29541499999999976,-0.19815407171085433,-0.26932510668705495,0.9424430783298459,-11.781984430210397,-16.51426061922401,10.846896824747278,11.246911953664757,11.367784925538297
1477,05/11/2023 10:04:19.075236,1657,True,True,True,True,Eyes,2.245688,0.1032761,-2.42535,-0.99741,0.01335737,-0.07067458,0.0,0.0,0.0,0.0,0.0,0.0,0.0,2.133889,0.4426203,2.694532,2.300523,0.1095558,-2.589496,0.07967763,-0.6406397,0.004022602,0.7636859,7.287687,279.6611,354.4493,0.6866506,0.0310805,-0.7263218,0.0,0.0,0.0,1.179681,0.1632736,-2.489268,-0.107792,0.1860274,1.10589,0.1791294,-0.09594529,0.9791359,-0.1082333,0.9872706,0.1165433,-0.9778539,-0.1268515,0.1664647,static,-14.521910784142973,6.6947618306492735,-5.567080662939852,9.548621519782047,-1.1208420000000001,0.053717799999999996,0.10022799999999998,-0.24914691085157586,0.11290367265421154,0.9618620489476652,-14.469984945045576,6.0815978084207165,9.367305132711017,9.398590193473897,9.554159202749247
1478,05/11/2023 10:04:19.089984,1658,True,True,True,True,Eyes,2.24788,0.1038607,-2.4339,-0.9978746,0.01573372,-0.06323495,0.0,0.0,0.0,0.0,0.0,0.0,0.0,2.131766,0.441538,2.704557,2.300763,0.1108761,-2.597731,0.07961156,-0.6392516,0.002349668,0.7648621,7.1685,279.868,354.3206,0.6858965,0.03109557,-0.7270333,0.0,0.0,0.0,1.179681,0.1632736,-2.489268,-0.1038664,0.1827533,1.107767,0.1827037,-0.09818931,0.9782528,-0.105378,0.987313,0.1187797,-0.9775046,-0.1247878,0.1700387,static,-14.318341691900136,6.704961737559376,-5.356504065621422,9.367962421424073,-1.121082,0.052397499999999986,0.10846299999999998,-0.2457201922991361,0.11317707113037156,0.9627109970487132,-14.265127495644942,6.09543239252299,9.315424285410616,9.349123289488096,9.49068091382401
1479,05/11/2023 10:04:19.105826,1659,True,True,True,True,Eyes,2.249959,0.104427,-2.442475,-0.9982778,0.0180592,-0.05581343,0.0,0.0,0.0,0.0,0.0,0.0,0.0,2.12437,0.4441712,2.717873,2.300434,0.1120198,-2.606247,0.08008952,-0.6371177,-0.0001894813,0.7665942,7.039344,280.1756,354.0811,0.6851246,0.03111945,-0.7277598,0.0,0.0,0.0,1.179681,0.1632736,-2.489268,-0.1018643,0.1790391,1.109039,0.1881618,-0.1023434,0.9767912,-0.1017624,0.9871712,0.1230338,-0.976852,-0.1225509,0.1753333,static,-14.227093841168141,6.664862337184969,-5.247844835783661,9.170496028207703,-1.120753,0.05125379999999999,0.11697900000000017,-0.2442042496978764,0.11254772278941959,0.9631703557368543,-14.173256760285271,6.056962487568268,9.287426561512483,9.322291182659251,9.452886814657322
1480,05/11/2023 10:04:19.125382,1660,True,True,True,True,Eyes,2.251955,0.1049711,-2.451078,-0.9986233,0.02013022,-0.04843936,0.0,0.0,0.0,0.0,0.0,0.0,0.0,2.114992,0.4507261,2.732553,2.300021,0.1120349,-2.615443,0.08094923,-0.6346231,-0.002142045,0.7685677,6.990868,280.5306,353.8673,0.6843352,0.03115069,-0.7285007,0.0,0.0,0.0,1.179681,0.1632736,-2.489268,-0.1002966,0.1780297,1.109934,0.194498,-0.1060371,0.9751548,-0.09945189,0.9868853,0.1271487,-0.9758484,-0.1217112,0.1814016,static,-14.19197364336933,6.692033424359309,-5.163376400832723,9.11243488210552,-1.1203400000000001,0.051238699999999984,0.12617499999999993,-0.24360064355872196,0.11302217502131862,0.9632677753711967,-14.137940113016734,6.084760474177011,9.310927900041435,9.347401317189693,9.471515514661595
1481,05/11/2023 10:04:19.135458,1661,True,True,True,True,Eyes,2.253885,0.1054888,-2.459691,-0.9989032,0.02213888,-0.04125891,0.0,0.0,0.0,0.0,0.0,0.0,0.0,2.111598,0.4516672,2.744073,2.300191,0.1120649,-2.624756,0.08093708,-0.6328924,-0.002477339,0.7699937,6.979045,280.7882,353.8543,0.6835281,0.03118791,-0.7292566,0.0,0.0,0.0,1.179681,0.1632736,-2.489268,-0.09629177,0.1783699,1.111502,0.1988821,-0.106264,0.9742453,-0.09863385,0.9868861,0.1277779,-0.9750473,-0.1215063,0.1857928,static,-14.053441404762395,6.811563600870539,-4.951292612681929,9.1168923599467,-1.12051,0.051208699999999996,0.13548800000000005,-0.24121290427442,0.1151022475419801,0.9636222486299115,-13.998645528399921,6.206763387182974,9.349263483117628,9.389550219291419,9.503864762278013
1482,05/11/2023 10:04:19.155622,1662,True,True,True,True,Eyes,2.255728,0.1059877,-2.468282,-0.9991318,0.02392096,-0.03411148,0.0,0.0,0.0,0.0,0.0,0.0,0.0,2.113518,0.447626,2.752045,2.300593,0.112004,-2.633593,0.08017525,-0.6319356,-0.002131325,0.7708598,6.944857,280.9441,353.9503,0.6827044,0.03122967,-0.7300259,0.0,0.0,0.0,1.179681,0.1632736,-2.489268,-0.09044772,0.1787387,1.113451,0.2013057,-0.1046171,0.9739257,-0.09804529,0.9871348,0.1263015,-0.9746093,-0.120914,0.1884586,static,-13.798087629576894,6.9324772316755086,-4.644047134975816,9.119703204555314,-1.1209120000000001,0.051269599999999985,0.14432499999999981,-0.23685556186385542,0.11726503779761659,0.9644420733723893,-13.741785519896117,6.332235603644164,9.367156142613384,9.4117168908354,9.515188876032973
1483,05/11/2023 10:04:19.175427,1663,True,True,True,True,Eyes,2.25747,0.1064828,-2.476847,-0.9993049,0.02574137,-0.02696724,0.0,0.0,0.0,0.0,0.0,0.0,0.0,2.111515,0.4437932,2.76188,2.300497,0.112144,-2.641696,0.07949659,-0.6305186,-0.001757381,0.7720904,6.923326,281.1668,354.0467,0.6818649,0.03127501,-0.7308081,0.0,0.0,0.0,1.179681,0.1632736,-2.489268,-0.08653741,0.1788507,1.114721,0.2048865,-0.1029619,0.9733553,-0.09753444,0.9873544,0.1249732,-0.9739141,-0.120541,0.1922533,static,-13.611064628057608,7.0603235642277,-4.439051328496057,9.115099774336358,-1.120816,0.0511296,0.152428,-0.23364314907107958,0.1195123109410684,0.9649496462263609,-13.553699263213764,6.463420425785726,9.3508815212465,9.399358129200232,9.492534452999559
1484,05/11/2023 10:04:19.193789,1664,True,True,True,True,Eyes,2.259104,0.1069566,-2.485407,-0.9994296,0.02753227,-0.01955383,0.0,0.0,0.0,0.0,0.0,0.0,0.0,2.100354,0.4351518,2.778894,2.300014,0.1125808,-2.649595,0.07823218,-0.6278698,-0.002672901,0.7743721,6.76545,281.5789,354.0825,0.6810107,0.03132348,-0.7316021,0.0,0.0,0.0,1.179681,0.1632736,-2.489268,-0.08635305,0.1754582,1.115876,0.2115448,-0.1023789,0.9719915,-0.0940996,0.9877452,0.1245181,-0.972828,-0.1178052,0.1993185,static,-13.586481464546145,7.0177005903130745,-4.425065295302182,8.9359144228159,-1.120333,0.050692799999999996,0.1603270000000001,-0.23324899513109854,0.11880598792380546,0.9651320878610158,-13.528915955367344,6.421236660083822,9.31128013033211,9.360079622166145,9.444771097869344
1485,05/11/2023 10:04:19.205258,1665,True,True,True,True,Eyes,2.260653,0.1074185,-2.493978,-0.9994916,0.02947615,-0.01215615,0.0,0.0,0.0,0.0,0.0,0.0,0.0,2.083273,0.4284118,2.800262,2.29933,0.1125493,-2.65809,0.07722182,-0.6243709,-0.004729121,0.7772874,6.554117,282.1087,354.0037,0.6801414,0.03137418,-0.7324082,0.0,0.0,0.0,1.179681,0.1632736,-2.489268,-0.08815683,0.1711172,1.116977,0.2202774,-0.1037819,0.9699007,-0.08907834,0.9880289,0.1259525,-0.9713615,-0.1141417,0.2083957,static,-13.687699887470947,6.891283097779407,-4.512685224945216,8.709808606156168,-1.119649,0.050724299999999986,0.16882200000000003,-0.23501481852740735,0.11662521745205733,0.9649697754847015,-13.630651672928487,6.29301271651993,9.306187027057998,9.353498226983266,9.432826433191236
1486,05/11/2023 10:04:19.225444,1666,True,True,True,True,Eyes,2.262107,0.1078527,-2.502556,-0.9994855,0.03171942,-0.00476172,0.0,0.0,0.0,0.0,0.0,0.0,0.0,2.073695,0.416891,2.817232,2.299038,0.1127032,-2.666932,0.07556971,-0.6218749,-0.007351597,0.7794272,6.237998,282.4978,353.9107,0.6792578,0.03142653,-0.7332256,0.0,0.0,0.0,1.179681,0.1632736,-2.489268,-0.08676207,0.1649214,1.119088,0.2264352,-0.1054499,0.9683013,-0.08252975,0.9884703,0.1269457,-0.9705235,-0.1086586,0.2151217,static,-13.638241212053277,6.688882496860341,-4.433231457133057,8.383407251605792,-1.119357,0.05057039999999999,0.17766400000000004,-0.23427419691040519,0.11323650865136276,0.9655532890851649,-13.58067180147378,6.091496504576816,9.314078452191723,9.359680482400108,9.4301919241137
1487,05/11/2023 10:04:19.235889,1667,True,True,True,True,Eyes,2.263458,0.1082396,-2.511133,-0.9994129,0.03416657,0.002542519,0.0,0.0,0.0,0.0,0.0,0.0,0.0,2.068464,0.4023697,2.830925,2.298336,0.112467,-2.675741,0.07346447,-0.6199709,-0.01044534,0.7811083,5.843741,282.8048,353.8017,0.6783593,0.03147958,-0.7340546,0.0,0.0,0.0,1.179681,0.1632736,-2.489268,-0.08360852,0.1577093,1.121106,0.2310543,-0.1074095,0.9669938,-0.07477375,0.9889877,0.127719,-0.9700633,-0.1018158,0.2204784,static,-13.504225974335396,6.424941691482015,-4.265041746115074,8.007423483292941,-1.118655,0.05080659999999999,0.1864729999999999,-0.2321296932210702,0.1088449136785255,0.9665756845101401,-13.445533385628032,5.829950247838147,9.330545401269449,9.373727850989075,9.43519032316197
1488,05/11/2023 10:04:19.255408,1668,True,True,True,True,Eyes,2.264702,0.1085687,-2.519716,-0.9992758,0.03676962,0.009797096,0.0,0.0,0.0,0.0,0.0,0.0,0.0,2.064294,0.3851991,2.843594,2.297365,0.1117302,-2.684276,0.07092074,-0.6182209,-0.01330668,0.7826852,5.426243,283.0947,353.7419,0.6774467,0.03153189,-0.7348948,0.0,0.0,0.0,1.179681,0.1632736,-2.489268,-0.08018009,0.1505922,1.122852,0.2352517,-0.1085193,0.9658573,-0.06685949,0.9895864,0.1274702,-0.9696322,-0.09456431,0.2255463,static,-13.348398177844858,6.160485949701793,-4.084417420704329,7.638688077962372,-1.1176840000000001,0.05154339999999999,0.19500800000000007,-0.2296089655640038,0.10444661516140323,0.967662513495574,-13.288442728945062,5.568278523018984,9.340512735554952,9.381173753889442,9.434017044713075
1489,05/11/2023 10:04:19.275721,1669,True,True,True,True,Eyes,2.26586,0.1088319,-2.528328,-0.999076,0.03948974,0.01696348,0.0,0.0,0.0,0.0,0.0,0.0,0.0,2.056154,0.3710361,2.858644,2.296197,0.1106811,-2.693048,0.06878742,-0.6159012,-0.01628581,0.7846457,5.042037,283.4601,353.6433,0.6765193,0.03158189,-0.7357464,0.0,0.0,0.0,1.179681,0.1632736,-2.489268,-0.07815546,0.1442227,1.124274,0.2408009,-0.1102897,0.9642879,-0.05917533,0.9900061,0.1280084,-0.968769,-0.08788661,0.2318679,static,-13.28157056922474,5.918696170208183,-3.9765978135081888,7.310021639575897,-1.1165159999999998,0.052592499999999986,0.20378000000000007,-0.22857617703670208,0.10038719598850322,0.9683364059911361,-13.220943090889996,5.327683509269234,9.370188803105536,9.408416686474858,9.454500730885742
1490,05/11/2023 10:04:19.286195,1670,True,True,True,True,Eyes,2.266942,0.1090279,-2.536969,-0.9988233,0.0421122,0.02405534,0.0,0.0,0.0,0.0,0.0,0.0,0.0,2.052346,0.3604503,2.87084,2.295429,0.1093476,-2.702372,0.06708491,-0.6141216,-0.01873982,0.7861319,4.729872,283.7401,353.5554,0.6755776,0.03162786,-0.7366092,0.0,0.0,0.0,1.179681,0.1632736,-2.489268,-0.07416876,0.1398444,1.126125,0.245007,-0.1118605,0.9630468,-0.05293264,0.9902968,0.1284922,-0.9680754,-0.08245812,0.2367086,static,-13.141105812030192,5.754436109872729,-3.768168095350976,7.078862066889874,-1.115748,0.05392599999999999,0.21310399999999996,-0.22626314143938359,0.09766484718858925,0.9691577012250672,-13.079415296005191,5.165932513881852,9.428894321219131,9.46604804321046,9.505715328499083
1491,05/11/2023 10:04:19.305714,1671,True,True,True,True,Eyes,2.267934,0.1091699,-2.545605,-0.9985169,0.04480453,0.03093064,0.0,0.0,0.0,0.0,0.0,0.0,0.0,2.054322,0.3510358,2.878785,2.294742,0.1079637,-2.711709,0.06549777,-0.6131275,-0.02052231,0.7869965,4.469445,283.9042,353.5139,0.6746215,0.03166826,-0.7374833,0.0,0.0,0.0,1.179681,0.1632736,-2.489268,-0.06791966,0.1368585,1.128077,0.2473069,-0.112619,0.9623702,-0.048015,0.9905778,0.1282586,-0.9677469,-0.07792746,0.2395693,static,-12.900390330007752,5.6679235853461565,-3.4455252296476524,6.917328469815012,-1.1150609999999999,0.055309899999999995,0.2224409999999999,-0.22221930037711457,0.09629327923168457,0.9702300432885261,-12.837076201205424,5.083718539679591,9.49957975010058,9.537058594312088,9.568874282132613
1492,05/11/2023 10:04:19.325490,1672,True,True,True,True,Eyes,2.268804,0.1092667,-2.554237,-0.9981673,0.04719634,0.0378752,0.0,0.0,0.0,0.0,0.0,0.0,0.0,2.0593,0.3429886,2.883313,2.293624,0.1067994,-2.720245,0.06414188,-0.6126373,-0.0223703,0.7874395,4.221127,283.9915,353.4465,0.6736519,0.0317021,-0.7383677,0.0,0.0,0.0,1.179681,0.1632736,-2.489268,-0.0608855,0.1339179,1.129499,0.2483503,-0.1138219,0.9619599,-0.04336089,0.9907708,0.1284255,-0.9676995,-0.07360594,0.2411228,static,-12.580778414875159,5.579067231390021,-3.0855354396713675,6.761649940934422,-1.113943,0.05647419999999999,0.23097699999999977,-0.21683265142697217,0.09490632578479416,0.9715844660526977,-12.515334951605581,5.00056945334377,9.531068397585111,9.568601832194206,9.592837083941708
1493,05/11/2023 10:04:19.343067,1673,True,True,True,True,Eyes,2.269544,0.1093175,-2.562884,-0.9977674,0.04954723,0.04477985,0.0,0.0,0.0,0.0,0.0,0.0,0.0,2.053939,0.3426121,2.893692,2.291688,0.1057673,-2.728824,0.06394334,-0.6107414,-0.02444378,0.7888654,4.073019,284.2666,353.2829,0.6726677,0.03172884,-0.7392634,0.0,0.0,0.0,1.179681,0.1632736,-2.489268,-0.05773439,0.1322564,1.129791,0.2527948,-0.1166714,0.9604595,-0.03954,0.9906275,0.130743,-0.9667116,-0.07102774,0.2458123,static,-12.472216382811046,5.546266047206417,-2.9253746376441105,6.676811115750966,-1.1120070000000002,0.057506299999999996,0.23955599999999988,-0.21500195298681413,0.09438921386989284,0.9720415546602599,-12.406046990444166,4.969706863811046,9.575692425719454,9.613548744312501,9.633138283453565
1494,05/11/2023 10:04:19.358741,1674,True,True,True,True,Eyes,2.27014,0.1093008,-2.571541,-0.9973242,0.05153867,0.05184765,0.0,0.0,0.0,0.0,0.0,0.0,0.0,2.046412,0.3461763,2.9053,2.289477,0.1046281,-2.737839,0.06427633,-0.6085052,-0.02614463,0.7905102,4.002725,284.5837,353.1164,0.6716692,0.03174789,-0.7401699,0.0,0.0,0.0,1.179681,0.1632736,-2.489268,-0.05511847,0.1321903,1.129762,0.2580757,-0.1195602,0.9586982,-0.03688979,0.99037,0.1334405,-0.9654201,-0.06980392,0.2511799,static,-12.4042234778452,5.566192456444539,-2.7931136249738797,6.673673997726838,-1.1097960000000002,0.05864549999999999,0.2485710000000001,-0.21384088008886248,0.09475199041327204,0.9722623676441844,-12.337640554709862,4.990847163889699,9.635906843146584,9.674706608897305,9.691743933118422
1495,05/11/2023 10:04:19.375539,1675,True,True,True,True,Eyes,2.270592,0.1091912,-2.580202,-0.996833,0.05343661,0.05889408,0.0,0.0,0.0,0.0,0.0,0.0,0.0,2.037422,0.347571,2.91776,2.286825,0.1029756,-2.746825,0.06423284,-0.6060534,-0.02751535,0.7923486,3.92428,284.9366,353.0071,0.6706552,0.03175816,-0.7410883,0.0,0.0,0.0,1.179681,0.1632736,-2.489268,-0.0530315,0.1324393,1.129331,0.2638842,-0.1214606,0.9568765,-0.03425358,0.9902341,0.1351412,-0.963946,-0.06843807,0.2571467,static,-12.365878965457076,5.581096784700513,-2.6885392429691053,6.688659734215276,-1.107144,0.06029799999999999,0.2575569999999998,-0.2131847145171491,0.09501885039888167,0.9723804345015662,-12.2990665581058,5.006436040785981,9.70097950133004,9.740513322796772,9.756644496430287
1496,05/11/2023 10:04:19.385745,1676,True,True,True,True,Eyes,2.270894,0.1090292,-2.58883,-0.9962996,0.05492295,0.06611061,0.0,0.0,0.0,0.0,0.0,0.0,0.0,2.026732,0.3492001,2.93099,2.284034,0.100657,-2.755601,0.06408164,-0.6033928,-0.02737019,0.7943938,3.944041,285.3222,353.0441,0.6696255,0.03175794,-0.7420189,0.0,0.0,0.0,1.179681,0.1632736,-2.489268,-0.05172171,0.135301,1.128482,0.2703359,-0.1208182,0.9551553,-0.03384738,0.9902889,0.1348421,-0.962171,-0.06878217,0.2636212,static,-12.347149072442422,5.698930402041143,-2.624200690257786,6.836925301433871,-1.1043530000000001,0.0626166,0.26633299999999993,-0.2128254277176152,0.09702620980622315,0.9722609156388459,-12.280336905078174,5.124603324883672,9.747781970276726,9.789318547972107,9.806784037111381
1497,05/11/2023 10:04:19.409007,1677,True,True,True,True,Eyes,2.271017,0.1088067,-2.597414,-0.9957029,0.05628642,0.07353663,0.0,0.0,0.0,0.0,0.0,0.0,0.0,2.014199,0.3524168,2.944218,2.281006,0.09929332,-2.76347,0.06429101,-0.6005915,-0.02683187,0.7965152,4.02476,285.7227,353.0926,0.6685798,0.03174691,-0.7429616,0.0,0.0,0.0,1.179681,0.1632736,-2.489268,-0.05149692,0.138255,1.127134,0.2771397,-0.1199693,0.9533105,-0.03448129,0.9902934,0.1346475,-0.9602107,-0.07018757,0.2703129,static,-12.337434923717439,5.872415375476831,-2.6159318389355617,6.993006314257349,-1.101325,0.06398027999999999,0.27420199999999983,-0.21259822761125813,0.09997471559098241,0.9720118887933611,-12.270737062614648,5.298260630702397,9.741579845304123,9.785874834653288,9.802419438032079
1498,05/11/2023 10:04:19.425671,1678,True,True,True,True,Eyes,2.27095,0.1085112,-2.605976,-0.9950321,0.05727226,0.08143096,0.0,0.0,0.0,0.0,0.0,0.0,0.0,1.984483,0.3608193,2.967428,2.277215,0.09755646,-2.771058,0.06531582,-0.5955303,-0.02739601,0.8002044,4.123223,286.4326,352.995,0.6675178,0.03172455,-0.7439169,0.0,0.0,0.0,1.179681,0.1632736,-2.489268,-0.05782211,0.1409704,1.124763,0.2891863,-0.1216399,0.9495131,-0.03395028,0.9899666,0.1371623,-0.9566707,-0.07190172,0.2821551,static,-12.622613858314867,5.977572112586191,-2.942885723444781,7.143825561300813,-1.097534,0.06571714,0.28179,-0.21739650979450642,0.10164850169099404,0.9707761496223435,-12.557842220635564,5.398324799143182,9.704960833475925,9.749732502568174,9.772111407140429
1499,05/11/2023 10:04:19.435398,1679,True,True,True,True,Eyes,2.270701,0.1081789,-2.614531,-0.9942767,0.05815115,0.08962288,0.0,0.0,0.0,0.0,0.0,0.0,0.0,1.945821,0.3768851,2.995344,2.273149,0.09540349,-2.779216,0.06743117,-0.5892589,-0.02863936,0.8046159,4.287456,287.2946,352.7668,0.6664382,0.03169006,-0.7448857,0.0,0.0,0.0,1.179681,0.1632736,-2.489268,-0.06700972,0.1448924,1.121991,0.3039073,-0.1255562,0.9443919,-0.03338147,0.9892657,0.1422644,-0.9521167,-0.0747604,0.2964538,static,-13.064243676844926,6.095505720383038,-3.4178696060217737,7.358375105470049,-1.093468,0.06787011,0.2899479999999999,-0.2248302231471045,0.10346749280462336,0.9688889625344361,-13.002409363993282,5.508372312914303,9.683917001264923,9.728688082061183,9.76145033817212
1500,05/11/2023 10:04:19.455703,1680,True,True,True,True,Eyes,2.270246,0.1078122,-2.623065,-0.9934268,0.05888576,0.09816138,0.0,0.0,0.0,0.0,0.0,0.0,0.0,1.90741,0.3889513,3.023034,2.268987,0.09404966,-2.787666,0.0691219,-0.5829788,-0.0301705,0.8089793,4.396543,288.1577,352.5425,0.6653412,0.03164378,-0.7458676,0.0,0.0,0.0,1.179681,0.1632736,-2.489268,-0.07563278,0.1469218,1.119426,0.3184506,-0.1294079,0.9390648,-0.0317786,0.9886238,0.1470139,-0.9474066,-0.07665884,0.3107155,static,-13.477713665716008,6.1501626904122695,-3.865251666569011,7.47718627592176,-1.089306,0.06922394,0.29839800000000016,-0.23179798369655952,0.1042166541161231,0.9671652288888242,-13.418572728658214,5.555646391482875,9.659762258967039,9.703629077903976,9.744652833366953
1501,05/11/2023 10:04:19.466152,1681,True,True,True,True,Eyes,2.269569,0.1075498,-2.631557,-0.9924754,0.05972064,0.1068925,0.0,0.0,0.0,0.0,0.0,0.0,0.0,1.871954,0.3919379,3.04853,2.264084,0.09280697,-2.795831,0.0695757,-0.577063,-0.03181438,0.8131084,4.383241,288.9817,352.3904,0.664225,0.03158606,-0.7468643,0.0,0.0,0.0,1.179681,0.1632736,-2.489268,-0.08296517,0.146557,1.116475,0.3319723,-0.1320362,0.9340026,-0.02856204,0.9882942,0.149863,-0.9428567,-0.07642738,0.3243151,static,-13.81580792964741,6.109781117939966,-4.24983390636675,7.47832195027119,-1.084403,0.07046662999999999,0.30656300000000014,-0.23752167231834836,0.10338791741896051,0.9658645736925467,-13.758782919741867,5.509228377820955,9.621690243263183,9.663372238708297,9.710686939451422
1502,05/11/2023 10:04:19.486096,1682,True,True,True,True,Eyes,2.26871,0.1073328,-2.639997,-0.9914366,0.06074143,0.115603,0.0,0.0,0.0,0.0,0.0,0.0,0.0,1.840541,0.3865801,3.071102,2.258482,0.09491603,-2.803382,0.06943963,-0.5716686,-0.0350306,0.8167901,4.208344,289.7342,352.1264,0.6630883,0.0315212,-0.7478765,0.0,0.0,0.0,1.179681,0.1632736,-2.489268,-0.08856422,0.1396575,1.113465,0.3439357,-0.1366182,0.9290015,-0.02216763,0.987902,0.153487,-0.9387316,-0.07338342,0.3367462,static,-14.069901130380233,5.899289428143999,-4.547691655410044,7.149049553054025,-1.078801,0.06835756999999999,0.314114,-0.24189355087882985,0.09972792141165192,0.9651642132202928,-14.01428329028829,5.29420118551185,9.56550788475379,9.603872846671138,9.646596272681917
1503,05/11/2023 10:04:19.505482,1683,True,True,True,True,Eyes,2.267564,0.1069877,-2.648376,-0.9902745,0.06188306,0.1246073,0.0,0.0,0.0,0.0,0.0,0.0,0.0,1.823609,0.3772082,3.085352,2.253489,0.09563512,-2.81067,0.06859753,-0.5682563,-0.03998386,0.819012,3.837229,290.2144,351.7334,0.6619316,0.03145143,-0.7489034,0.0,0.0,0.0,1.179681,0.1632736,-2.489268,-0.0891763,0.1308927,1.11169,0.3509724,-0.1434565,0.9253316,-0.01246742,0.9873914,0.1578066,-0.9363028,-0.06692224,0.3447585,static,-14.015565358936293,5.505651396283425,-4.586268162490272,6.7152070959761225,-1.073808,0.06763847999999999,0.32140199999999997,-0.2411333338815092,0.09311282334546693,0.9660149041802244,-13.959200889459282,4.901535852156058,9.4738364938294,9.50655934655456,9.546793769897125
1504,05/11/2023 10:04:19.525766,1684,True,True,True,True,Eyes,2.266219,0.1067224,-2.656759,-0.9890236,0.06297232,0.1336666,0.0,0.0,0.0,0.0,0.0,0.0,0.0,1.783365,0.3868963,3.108393,2.245907,0.09186231,-2.817738,0.07010417,-0.5618506,-0.04637089,0.8229576,3.628015,291.0719,351.0594,0.6607532,0.0313738,-0.7499467,0.0,0.0,0.0,1.179681,0.1632736,-2.489268,-0.09793246,0.1280346,1.106276,0.3643473,-0.1550987,0.9182569,-0.002453595,0.9858703,0.1674926,-0.9312601,-0.06327851,0.3588186,static,-14.377774654884327,5.1454722728032785,-5.058889333154721,6.601742734241881,-1.066226,0.07141128999999999,0.3284699999999998,-0.24737483889571543,0.08689735016924527,0.9650152817513229,-14.32335501046481,4.534891766127036,9.406628223015321,9.431985331647104,9.492217718239187
1505,05/11/2023 10:04:19.535741,1685,True,True,True,True,Eyes,2.264693,0.1065114,-2.665141,-0.9876741,0.06415763,0.1427712,0.0,0.0,0.0,0.0,0.0,0.0,0.0,1.749275,0.3978612,3.130073,2.240225,0.09320286,-2.826361,0.07238557,-0.5561076,-0.05168609,0.8263372,3.562869,291.8222,350.4301,0.6595524,0.03129154,-0.7510063,0.0,0.0,0.0,1.179681,0.1632736,-2.489268,-0.1032575,0.1234573,1.103355,0.3761456,-0.1659286,0.9115823,0.004911935,0.9841778,0.1771158,-0.9265475,-0.06214373,0.3710092,static,-14.648719842141766,4.954555280023022,-5.346454611007872,6.384419978046778,-1.0605440000000002,0.07007073999999999,0.33709299999999986,-0.25200731157794576,0.08357815081417003,0.9641094089703754,-14.595834769205833,4.339138251486542,9.388811231218895,9.411516959821997,9.472814294171895
1506,05/11/2023 10:04:19.555744,1686,True,True,True,True,Eyes,2.263028,0.1063128,-2.673509,-0.9863188,0.06513135,0.1514369,0.0,0.0,0.0,0.0,0.0,0.0,0.0,1.727901,0.3917273,3.146365,2.234626,0.09417165,-2.834835,0.07199069,-0.5519198,-0.05485131,0.8289714,3.371475,292.3996,350.1714,0.6583287,0.0312068,-0.7520827,0.0,0.0,0.0,1.179681,0.1632736,-2.489268,-0.1041852,0.1180339,1.101051,0.3847519,-0.1704065,0.9071536,0.01147416,0.9836174,0.1799035,-0.9229488,-0.0588094,0.3804039,static,-14.71578277084093,4.74296217317452,-5.40542770406357,6.1188038558946225,-1.054945,0.06910195,0.34556699999999996,-0.25321037739463575,0.07999116797001961,0.9640985014480268,-14.66311054080856,4.12634908993936,9.39076584004931,9.411463850293266,9.469665648804114
1507,05/11/2023 10:04:19.575875,1687,True,True,True,True,Eyes,2.2612,0.1062667,-2.681746,-0.9849089,0.0659573,0.1600127,0.0,0.0,0.0,0.0,0.0,0.0,0.0,1.727848,0.3915505,3.150196,2.22976,0.09440181,-2.842843,0.07174828,-0.5506884,-0.05317401,0.8299199,3.470006,292.575,350.3523,0.6570824,0.03112029,-0.7531755,0.0,0.0,0.0,1.179681,0.1632736,-2.489268,-0.09828284,0.1208868,1.09916,0.3878294,-0.1672822,0.9064243,0.00923843,0.9840494,0.1776553,-0.9216849,-0.06052601,0.3831888,static,-14.40979070691863,4.988106523845308,-5.10958902069655,6.276227210773589,-1.0500790000000002,0.06887178999999999,0.35357499999999975,-0.24797097413100483,0.08423331277794881,0.9650985006157469,-14.355415415906833,4.37695537893018,9.364612432898513,9.388983241464468,9.438884426753036
1508,05/11/2023 10:04:19.585838,1688,True,True,True,True,Eyes,2.259198,0.1062913,-2.689888,-0.9834278,0.06661256,0.1686197,0.0,0.0,0.0,0.0,0.0,0.0,0.0,1.712863,0.3918972,3.159192,2.224251,0.09804291,-2.847995,0.0722811,-0.5477609,-0.05208551,0.8318777,3.623351,292.9699,350.4345,0.6558146,0.03103669,-0.7542831,0.0,0.0,0.0,1.179681,0.1632736,-2.489268,-0.09866917,0.1199992,1.095414,0.3944902,-0.1658431,0.9038106,0.007472015,0.9841251,0.1773189,-0.9188698,-0.06319726,0.3894669,static,-14.333308850163377,5.216191034464919,-5.147014419183692,6.251646470444998,-1.0445700000000002,0.06523069,0.358727,-0.24659956505114833,0.0881063487984805,0.9651041394630263,-14.27867738288699,4.6064040140289135,9.216371999601987,9.24446717407494,9.27869016742474
1509,05/11/2023 10:04:19.605603,1689,True,True,True,True,Eyes,2.257061,0.106281,-2.697985,-0.9818298,0.0672494,0.1774478,0.0,0.0,0.0,0.0,0.0,0.0,0.0,1.669061,0.3887491,3.184397,2.218598,0.09974369,-2.853971,0.07249036,-0.5409398,-0.05318167,0.8362421,3.652377,293.8962,350.3452,0.6545264,0.0309579,-0.7554044,0.0,0.0,0.0,1.179681,0.1632736,-2.489268,-0.1085258,0.1167738,1.09132,0.4091115,-0.1673713,0.8970031,0.01051964,0.9838337,0.1787752,-0.9124237,-0.06370281,0.4042584,static,-14.758220797265958,5.1935229633476565,-5.679080197812323,6.107544109931058,-1.038917,0.06352991,0.364703,-0.253762364051413,0.08755696942174751,0.9632955929464004,-14.706277131793723,4.576149251120475,9.097697072974888,9.125033078353685,9.156170307419728
1510,05/11/2023 10:04:19.625420,1690,True,True,True,True,Eyes,2.254829,0.1062677,-2.706024,-0.9802158,0.06767564,0.1860024,0.0,0.0,0.0,0.0,0.0,0.0,0.0,1.630329,0.3852393,3.207769,2.213701,0.09887975,-2.861104,0.07221105,-0.5347303,-0.05396673,0.8402005,3.648093,294.7429,350.3137,0.6532183,0.03088257,-0.756539,0.0,0.0,0.0,1.179681,0.1632736,-2.489268,-0.1162625,0.1160109,1.088408,0.4223024,-0.1679126,0.8907672,0.01345886,0.9837463,0.1790588,-0.9063553,-0.06362826,0.4176983,static,-15.106097197348095,5.150179811713537,-6.097149860544663,6.0840542792535155,-1.03402,0.06439384999999999,0.37183600000000006,-0.2596261728254134,0.08668842481391281,0.9618104111581037,-15.056328857386529,4.526595016485442,9.031495378835947,9.05722107704238,9.093545384097144
1511,05/11/2023 10:04:19.636272,1691,True,True,True,True,Eyes,2.252494,0.1063294,-2.71398,-0.9785184,0.06795195,0.194639,0.0,0.0,0.0,0.0,0.0,0.0,0.0,1.608033,0.3931221,3.221111,2.209469,0.09877935,-2.867814,0.07338232,-0.5308536,-0.05380617,0.8425642,3.814833,295.2497,350.2729,0.6518915,0.03081032,-0.7576855,0.0,0.0,0.0,1.179681,0.1632736,-2.489268,-0.1186558,0.1187219,1.086161,0.4305986,-0.1685809,0.8866597,0.01275976,0.9834399,0.180785,-0.9024534,-0.06653224,0.4256189,static,-15.145720576100288,5.320297281830465,-6.234456966206554,6.2379026451111,-1.029788,0.06449424999999999,0.37854600000000005,-0.2602256381999566,0.08952880532615226,0.9613882031773948,-15.096377882091488,4.696003915048475,8.93116410095806,8.958382595521229,8.99505942243672
1512,05/11/2023 10:04:19.655711,1692,True,True,True,True,Eyes,2.250061,0.1064245,-2.721886,-0.9767892,0.06808823,0.2030933,0.0,0.0,0.0,0.0,0.0,0.0,0.0,1.578343,0.4065379,3.236562,2.205041,0.1004792,-2.87393,0.07579055,-0.5261027,-0.05515695,0.8452392,4.01892,295.8499,350.0135,0.650548,0.03074314,-0.7588421,0.0,0.0,0.0,1.179681,0.1632736,-2.489268,-0.1234884,0.1194624,1.083398,0.4403473,-0.1729888,0.8810046,0.0134944,0.9824269,0.1861587,-0.8977261,-0.07008586,0.4349435,static,-15.312712531174435,5.443085221141653,-6.502651598077616,6.2923793116678794,-1.02536,0.06279439999999999,0.38466200000000006,-0.26297879526652074,0.0915181192751512,0.9604512605492127,-15.264559971618594,4.81580941056583,8.822508386973999,8.850902445348812,8.88545423820122
1513,05/11/2023 10:04:19.675889,1693,True,True,True,True,Eyes,2.247558,0.1065679,-2.729739,-0.9749864,0.06816521,0.2115538,0.0,0.0,0.0,0.0,0.0,0.0,0.0,1.547352,0.4168772,3.253252,2.200613,0.1012468,-2.880761,0.07766537,-0.5210955,-0.05663227,0.8480686,4.169626,296.4896,349.7777,0.6491879,0.03068149,-0.7600085,0.0,0.0,0.0,1.179681,0.1632736,-2.489268,-0.1283361,0.1201287,1.080979,0.4505046,-0.1769983,0.8750527,0.01511396,0.9815217,0.1907528,-0.8926462,-0.07270949,0.4448552,static,-15.50526342882753,5.508136859214618,-6.770583797492689,6.3412348158827685,-1.0209320000000002,0.06202679999999999,0.3914930000000001,-0.26618018006843774,0.09252421295453665,0.9594724425900005,-15.45840539702393,4.877422618763736,8.745765015342682,8.77431937345914,8.810277537837047
1514,05/11/2023 10:04:19.686376,1694,True,True,True,True,Eyes,2.244972,0.1067847,-2.737529,-0.9731646,0.06820517,0.2197698,0.0,0.0,0.0,0.0,0.0,0.0,0.0,1.5248,0.4201137,3.266788,2.196727,0.1024855,-2.887439,0.07846867,-0.5171723,-0.05733357,0.8503459,4.252291,297.0006,349.679,0.6478127,0.03062626,-0.7611833,0.0,0.0,0.0,1.179681,0.1632736,-2.489268,-0.1305382,0.1197673,1.07946,0.4584913,-0.1786704,0.870553,0.01634309,0.981111,0.1927537,-0.8885485,-0.07414836,0.4527508,static,-15.558626612638438,5.560267605120425,-6.895249315028419,6.331136771964627,-1.0170460000000001,0.0607881,0.39817100000000005,-0.2670524175549036,0.09337377779065797,0.9591477429463675,-15.51216199567668,4.92860022576904,8.668328338400796,8.6976057322194,8.73030886677734
1515,05/11/2023 10:04:19.705757,1695,True,True,True,True,Eyes,2.242298,0.1070432,-2.745257,-0.971241,0.06834867,0.2280776,0.0,0.0,0.0,0.0,0.0,0.0,0.0,1.50432,0.4145287,3.279747,2.192441,0.1044585,-2.893758,0.07812745,-0.5134493,-0.05789007,0.852593,4.230817,297.5027,349.6634,0.6464234,0.03057895,-0.7623654,0.0,0.0,0.0,1.179681,0.1632736,-2.489268,-0.1320251,0.1169154,1.077801,0.4660371,-0.1789423,0.866481,0.01848436,0.9810897,0.1926691,-0.8845721,-0.07377461,0.4605318,static,-15.569344404871565,5.5410412108739315,-6.983648224764581,6.191001997009005,-1.01276,0.058815099999999995,0.40449,-0.26724004065381296,0.09304689304394856,0.9591272328318834,-15.522928628652279,4.909182587987068,8.58044922518968,8.610262941433145,8.634950539149937
1516,05/11/2023 10:04:19.725860,1696,True,True,True,True,Eyes,2.239539,0.1073599,-2.752944,-0.9692903,0.0685661,0.2361676,0.0,0.0,0.0,0.0,0.0,0.0,0.0,1.476684,0.3987404,3.296867,2.187965,0.1057677,-2.900095,0.07637026,-0.5087052,-0.05853277,0.8555469,4.078597,298.1621,349.7289,0.6450213,0.03054002,-0.7635537,0.0,0.0,0.0,1.179681,0.1632736,-2.489268,-0.135825,0.1119508,1.075983,0.4755858,-0.177855,0.8615021,0.02245515,0.981483,0.1902285,-0.8793827,-0.07112484,0.4707731,static,-15.713483308638345,5.390202381241153,-7.194587555303087,5.939974646000615,-1.0082840000000002,0.057505899999999985,0.41082699999999983,-0.2697167194187733,0.09045670471518716,0.9586817025849113,-15.66783383449216,4.755771115535244,8.508099592801857,8.536617269111474,8.555597028224161
1517,05/11/2023 10:04:19.735380,1697,True,True,True,True,Eyes,2.236703,0.107759,-2.760568,-0.9672626,0.06880553,0.2442716,0.0,0.0,0.0,0.0,0.0,0.0,0.0,1.454177,0.3794251,3.312107,2.183479,0.1076002,-2.906801,0.07402311,-0.5045524,-0.05808147,0.8582388,3.924893,298.7523,349.9328,0.6436069,0.03051033,-0.7647474,0.0,0.0,0.0,1.179681,0.1632736,-2.489268,-0.1376386,0.1071174,1.074535,0.4841068,-0.1743926,0.8574542,0.02499847,0.9822942,0.1856693,-0.8746517,-0.06844873,0.4798949,static,-15.776106376315335,5.290548297358792,-7.299343813702615,5.692848683479284,-1.0037980000000002,0.0556734,0.41753300000000015,-0.27080580571409874,0.08876093452237457,0.9585329754255474,-15.730755162427533,4.654999531895405,8.457670719790208,8.486303620751809,8.495047274315237
1518,05/11/2023 10:04:19.755584,1698,True,True,True,True,Eyes,2.233794,0.1082019,-2.768142,-0.9652317,0.06893829,0.2521412,0.0,0.0,0.0,0.0,0.0,0.0,0.0,1.432051,0.3632724,3.326162,2.179089,0.1101327,-2.912994,0.0721031,-0.5005423,-0.05667191,0.8608407,3.864964,299.3163,350.2041,0.6421804,0.03049131,-0.7659464,0.0,0.0,0.0,1.179681,0.1632736,-2.489268,-0.1395267,0.1035126,1.072848,0.4924912,-0.1697523,0.8536021,0.02538967,0.9831789,0.1808719,-0.869947,-0.06740518,0.4885169,static,-15.838247632138104,5.299100499945714,-7.409877261239227,5.511063583008808,-0.9994079999999999,0.05314089999999999,0.4237259999999998,-0.2718424376999682,0.08887702704236536,0.9582288194267088,-15.7933015543781,4.662442142356344,8.400490129886203,8.43103525420382,8.426266149862943
1519,05/11/2023 10:04:19.775218,1699,True,True,True,True,Eyes,2.230859,0.1086254,-2.77564,-0.9631483,0.06900313,0.2599693,0.0,0.0,0.0,0.0,0.0,0.0,0.0,1.405601,0.3442018,3.342285,2.174828,0.1119154,-2.919359,0.06944806,-0.4959673,-0.05304602,0.8639327,3.863443,299.9684,350.7403,0.6407429,0.03048317,-0.7671497,0.0,0.0,0.0,1.179681,0.1632736,-2.489268,-0.1428078,0.102156,1.071029,0.5024052,-0.1605443,0.8495967,0.02276845,0.9847261,0.172615,-0.8643325,-0.0673787,0.4983869,static,-15.976260352772186,5.423358576061634,-7.594850110719151,5.448455861593281,-0.9951470000000002,0.05135819999999999,0.430091,-0.2740997215781671,0.0908944133821148,0.9573962946094312,-15.932321022805853,4.784235191824651,8.347471192889993,8.381447817610786,8.363887272556926
1520,05/11/2023 10:04:19.789553,1700,True,True,True,True,Eyes,2.227926,0.1091476,-2.783004,-0.9610837,0.06898149,0.2675062,0.0,0.0,0.0,0.0,0.0,0.0,0.0,1.385324,0.3204296,3.355949,2.171548,0.112184,-2.925061,0.06552138,-0.4923384,-0.04655251,0.866685,3.883824,300.5165,351.6312,0.6392964,0.03048432,-0.7683555,0.0,0.0,0.0,1.179681,0.1632736,-2.489268,-0.1448861,0.1038563,1.069836,0.5108717,-0.1452101,0.8473041,0.01617536,0.9870796,0.159412,-0.8595048,-0.06773363,0.5066199,static,-15.99774469032958,5.680789194098053,-7.712548487667123,5.544719222642601,-0.991867,0.051089599999999985,0.4357929999999999,-0.2743480904198581,0.09518805223625412,0.9569076504037344,-15.954204003577354,5.041280551431996,8.247349295752178,8.286313483916976,8.257017387568215
1521,05/11/2023 10:04:19.808234,1701,True,True,True,True,Eyes,2.224948,0.1097261,-2.790242,-0.9588737,0.06906827,0.2753011,0.0,0.0,0.0,0.0,0.0,0.0,0.0,1.361599,0.3014636,3.369435,2.168981,0.1153896,-2.929187,0.06297489,-0.4884986,-0.04248888,0.8692515,3.897429,301.0643,352.2005,0.6378432,0.03049664,-0.7695618,0.0,0.0,0.0,1.179681,0.1632736,-2.489268,-0.1488061,0.1015475,1.068681,0.5191277,-0.1353933,0.8439047,0.01234076,0.9884577,0.1509935,-0.8546076,-0.06797051,0.5148066,static,-16.029413229673345,5.850363261550515,-7.927053773387629,5.428024217304463,-0.9893000000000001,0.047883999999999996,0.43991900000000017,-0.27480141933051494,0.0980065252003422,0.9564929665636762,-15.986246886770951,5.210288085127052,8.068793589288216,8.113359293606885,8.062133877706371
1522,05/11/2023 10:04:19.825337,1702,True,True,True,True,Eyes,2.221947,0.1103776,-2.797409,-0.9566005,0.06926849,0.2830502,0.0,0.0,0.0,0.0,0.0,0.0,0.0,1.317526,0.2869926,3.389755,2.165401,0.1175039,-2.933583,0.06171311,-0.481977,-0.0438085,0.8729092,3.756165,301.9322,352.1683,0.6363854,0.03052066,-0.7707667,0.0,0.0,0.0,1.179681,0.1632736,-2.489268,-0.1587265,0.09512859,1.06626,0.531558,-0.1359703,0.8360373,0.0169931,0.9885446,0.1499693,-0.8468515,-0.0655105,0.5277793,static,-16.411588048769506,5.6614822310332436,-8.467034685023215,5.098263143626975,-0.9857200000000002,0.045769699999999996,0.444315,-0.28126657868277266,0.094668227790282,0.9549487391427378,-16.370667964174313,5.0145845055349465,7.920883579208511,7.9644926950704935,7.904076234815658
1523,05/11/2023 10:04:19.835578,1703,True,True,True,True,Eyes,2.218897,0.1110749,-2.804501,-0.9541923,0.06973387,0.2909541,0.0,0.0,0.0,0.0,0.0,0.0,0.0,1.278881,0.2736151,3.408499,2.162236,0.1197645,-2.939159,0.06089138,-0.4760496,-0.04744147,0.8760242,3.526814,302.7083,351.8733,0.6349239,0.03055729,-0.7719697,0.0,0.0,0.0,1.179681,0.1632736,-2.489268,-0.1662933,0.08660179,1.065156,0.5422522,-0.1410944,0.8282844,0.02514512,0.9880831,0.1518536,-0.8398395,-0.06151567,0.5393381,static,-16.702486747050724,5.335249096950019,-8.87344820808853,4.648170613723206,-0.9825550000000001,0.043509099999999995,0.44989100000000004,-0.2862592143609056,0.08909201554097694,0.9540012165985954,-16.663091036134684,4.683159447349614,7.818130422621013,7.859129804671033,7.789721407535024
1524,05/11/2023 10:04:19.855515,1704,True,True,True,True,Eyes,2.215803,0.1117685,-2.811516,-0.951773,0.07031988,0.2986353,0.0,0.0,0.0,0.0,0.0,0.0,0.0,1.245215,0.2474797,3.425241,2.158338,0.1215441,-2.944637,0.05812137,-0.4706453,-0.05022806,0.8789722,3.14683,303.4398,351.7656,0.6334595,0.03060655,-0.7731699,0.0,0.0,0.0,1.179681,0.1632736,-2.489268,-0.1720282,0.07642137,1.063691,0.5519403,-0.1430072,0.8215296,0.03358903,0.988198,0.1494533,-0.8332068,-0.05489494,0.5502298,static,-16.9192828656118,4.924496237066861,-9.186764659105908,4.109380824983148,-0.9786570000000001,0.04172949999999999,0.45536900000000013,-0.29004042132774854,0.08215287392480179,0.9534816362994214,-16.880852890387306,4.268538313946932,7.737624473324733,7.775361788943427,7.695734196100862
1525,05/11/2023 10:04:19.875221,1705,True,True,True,True,Eyes,2.212643,0.1124492,-2.818421,-0.9492255,0.07109087,0.3064588,0.0,0.0,0.0,0.0,0.0,0.0,0.0,1.218909,0.2163117,3.438866,2.154514,0.122232,-2.949823,0.05429193,-0.4662137,-0.05176623,0.881486,2.719528,304.0575,351.8338,0.6319924,0.03066713,-0.7743672,0.0,0.0,0.0,1.179681,0.1632736,-2.489268,-0.1757095,0.06727571,1.062401,0.55993,-0.1418857,0.8163007,0.04063912,0.9887453,0.1439834,-0.8275427,-0.04744689,0.5593943,static,-16.993665670948307,4.547258253033842,-9.391084290479094,3.623372275995217,-0.9748329999999998,0.0410416,0.4605549999999998,-0.2914242455765352,0.07584004379547879,0.9535827990228717,-16.955326923907357,3.8899746423875405,7.623773055562002,7.658512188749572,7.5689393866736525
1526,05/11/2023 10:04:19.885766,1706,True,True,True,True,Eyes,2.209396,0.1131008,-2.825242,-0.9466139,0.07181513,0.3142685,0.0,0.0,0.0,0.0,0.0,0.0,0.0,1.184404,0.1943385,3.453281,2.15011,0.1226183,-2.954273,0.0518095,-0.4608236,-0.05350265,0.8843614,2.42583,304.7799,351.8069,0.6305236,0.0307376,-0.7755608,0.0,0.0,0.0,1.179681,0.1632736,-2.489268,-0.1820708,0.06025048,1.059639,0.5695581,-0.1423814,0.8095253,0.04688127,0.9889065,0.1409472,-0.820613,-0.04232607,0.5699148,static,-17.20033163060808,4.2574604731433245,-9.7495545590863,3.2543018999850197,-0.9704290000000002,0.04065529999999999,0.4650050000000001,-0.29496865060557986,0.07093524886053057,0.9528702242652956,-17.16301689521819,3.5964886867281556,7.485277811251588,7.5180054597223895,7.421355375284737
1527,05/11/2023 10:04:19.905905,1707,True,True,True,True,Eyes,2.206052,0.1137258,-2.832007,-0.9438334,0.07262113,0.3223428,0.0,0.0,0.0,0.0,0.0,0.0,0.0,1.13727,0.1767251,3.471268,2.145266,0.1225364,-2.959246,0.05009245,-0.4537432,-0.05593966,0.8879633,2.189004,305.7071,351.668,0.6290529,0.03081623,-0.776751,0.0,0.0,0.0,1.179681,0.1632736,-2.489268,-0.1917643,0.05391351,1.056036,0.5819758,-0.1448029,0.8002102,0.05388651,0.988723,0.139725,-0.8114188,-0.03819603,0.5832158,static,-17.60909533281419,3.9686234155172553,-10.292123383726064,2.922568031387483,-0.9655849999999999,0.04073719999999999,0.4699779999999998,-0.301861986600379,0.06598163835886064,0.9510656973285441,-17.574094919829,3.300354975509569,7.360696757762847,7.391367286937468,7.291764699149478
1528,05/11/2023 10:04:19.925656,1708,True,True,True,True,Eyes,2.202613,0.1143185,-2.838729,-0.9410725,0.07323994,0.3301795,0.0,0.0,0.0,0.0,0.0,0.0,0.0,1.090794,0.162799,3.488413,2.140041,0.1225039,-2.964891,0.04874383,-0.4466931,-0.05738146,0.8915138,2.042901,306.6238,351.6075,0.6275797,0.0309015,-0.7779384,0.0,0.0,0.0,1.179681,0.1632736,-2.489268,-0.200575,0.04959073,1.052369,0.5943454,-0.1458598,0.790872,0.05876566,0.9886628,0.1381754,-0.8020601,-0.03564779,0.5961787,static,-18.028173532130857,3.78166226251834,-10.790799981426527,2.6979502402527467,-0.9603600000000001,0.04076969999999999,0.47562300000000013,-0.30887510728464024,0.06272954276896481,0.9490317243652091,-17.995656762873615,3.1059123482426205,7.288205380449898,7.318060375511915,7.216397600099348
1529,05/11/2023 10:04:19.935268,1709,True,True,True,True,Eyes,2.199064,0.1148588,-2.845399,-0.9382142,0.07388238,0.3380762,0.0,0.0,0.0,0.0,0.0,0.0,0.0,1.053775,0.1435716,3.502317,2.134773,0.1224838,-2.970694,0.04625588,-0.4408503,-0.05680431,0.8945863,1.872493,307.3979,351.8079,0.6261032,0.03099191,-0.7791236,0.0,0.0,0.0,1.179681,0.1632736,-2.489268,-0.2062963,0.04619037,1.049259,0.6048484,-0.1424166,0.7835023,0.0608489,0.9892673,0.1328442,-0.7940125,-0.03267534,0.6070228,static,-18.28226763700711,3.677286917994505,-11.123127328520841,2.5206413829365184,-0.955092,0.04078979999999999,0.4814259999999999,-0.31311611986875754,0.06091158750858407,0.9477595064931097,-18.251265869429357,2.997000803330271,7.221558332872891,7.251973445232852,7.14403788874214
1530,05/11/2023 10:04:19.955527,1710,True,True,True,True,Eyes,2.195395,0.1153282,-2.852015,-0.9354566,0.07408263,0.3455905,0.0,0.0,0.0,0.0,0.0,0.0,0.0,1.024041,0.1288307,3.512806,2.128902,0.1219411,-2.976235,0.04407298,-0.4359853,-0.05521487,0.8971766,1.772828,308.0424,352.0927,0.6246226,0.03108555,-0.7803074,0.0,0.0,0.0,1.179681,0.1632736,-2.489268,-0.2096647,0.04531072,1.045874,0.6137363,-0.1375053,0.7774445,0.06064463,0.9900178,0.1272282,-0.7871785,-0.03093675,0.6159489,static,-18.4341052730518,3.6605530148580363,-11.335735950219577,2.480691389992771,-0.9492210000000001,0.041332499999999994,0.4869669999999999,-0.31563300579672543,0.06058156773369123,0.9469454892147586,-18.404055189223204,2.9775559343418374,7.16483914440979,7.1957571177156385,7.085761161646645
1531,05/11/2023 10:04:19.975424,1711,True,True,True,True,Eyes,2.191611,0.1157277,-2.858577,-0.9326407,0.07419683,0.3530954,0.0,0.0,0.0,0.0,0.0,0.0,0.0,0.9963896,0.1204917,3.52183,2.122727,0.1209338,-2.981611,0.04256045,-0.431444,-0.05292187,0.8995799,1.771146,308.6373,352.4146,0.6231372,0.03118018,-0.7814903,0.0,0.0,0.0,1.179681,0.1632736,-2.489268,-0.2123083,0.0469739,1.042233,0.6221106,-0.1319398,0.771732,0.05848999,0.9907758,0.1222387,-0.7807415,-0.03090741,0.6240894,static,-18.54894985815314,3.7563658578560988,-11.51391446554744,2.580599581915426,-0.9430459999999998,0.0423398,0.492343,-0.31750029882034675,0.062124189313386535,0.9462210903012274,-18.5197298114917,3.071317602382003,7.100537598338278,7.132611675316008,7.022980338651015
1532,05/11/2023 10:04:20.005931,1712,True,True,True,True,Eyes,2.187712,0.116105,-2.865092,-0.9299887,0.07387008,0.3600893,0.0,0.0,0.0,0.0,0.0,0.0,0.0,0.9734777,0.1186734,3.529038,2.116442,0.1197997,-2.987,0.04186944,-0.4275367,-0.05058175,0.9016101,1.848036,309.1422,352.6992,0.6216462,0.03127386,-0.7826732,0.0,0.0,0.0,1.179681,0.1632736,-2.489268,-0.2134171,0.05030063,1.038784,0.6293076,-0.1270115,0.7667072,0.05540859,0.9913769,0.1187509,-0.7751786,-0.03224871,0.6309186,static,-18.61529479473883,3.899546780448053,-11.609810522547455,2.7722456608890034,-0.9367610000000002,0.043473899999999996,0.49773200000000006,-0.31854834677764804,0.06446466588271897,0.9457120769236498,-18.58664350053366,3.2133130108794354,7.062811980064041,7.095605520466861,6.99076096072119
1533,05/11/2023 10:04:20.025419,1713,True,True,True,True,Eyes,2.183679,0.1164262,-2.871551,-0.9274723,0.07329024,0.3666382,0.0,0.0,0.0,0.0,0.0,0.0,0.0,0.9620367,0.1304478,3.532484,2.110004,0.1196975,-2.992412,0.043318,-0.4251117,-0.0495026,0.9027476,2.070099,309.4364,352.7448,0.6201487,0.03136612,-0.7838566,0.0,0.0,0.0,1.179681,0.1632736,-2.489268,-0.2109833,0.05484113,1.035873,0.6336591,-0.1262067,0.7632483,0.05254671,0.9913461,0.1202987,-0.7718259,-0.03612218,0.6348072,static,-18.533031803928434,4.113277468376117,-11.512351237514821,3.030520679446949,-0.930323,0.04357609999999999,0.5031439999999998,-0.31711501164482964,0.06802645985211417,0.945944166637374,-18.5040728661341,3.4285111381204048,7.069540389095838,7.103683402263222,7.00303989259648
1534,05/11/2023 10:04:20.035650,1714,True,True,True,True,Eyes,2.179519,0.1166949,-2.877967,-0.9249088,0.07257941,0.3731968,0.0,0.0,0.0,0.0,0.0,0.0,0.0,0.9416434,0.1353464,3.537997,2.103057,0.1187187,-2.99758,0.04391383,-0.4214714,-0.04926436,0.9044369,2.172463,309.8909,352.7487,0.6186438,0.03145567,-0.7850414,0.0,0.0,0.0,1.179681,0.1632736,-2.489268,-0.2111277,0.0575487,1.032039,0.6398696,-0.1261299,0.758062,0.05209618,0.9912892,0.1209616,-0.7667155,-0.03790755,0.6408668,static,-18.59199918148085,4.16792781367279,-11.561666194684218,3.191629804428469,-0.9233760000000002,0.044554899999999995,0.5083120000000001,-0.31806915491320936,0.06890547120983864,0.9455601299408595,-18.563471972119714,3.4821082649940593,7.065078365636886,7.0977982295987605,7.007828613841926
1535,05/11/2023 10:04:20.055216,1715,True,True,True,True,Eyes,2.175225,0.1169087,-2.884346,-0.9224435,0.07164149,0.3794278,0.0,0.0,0.0,0.0,0.0,0.0,0.0,0.9217964,0.1501487,3.543137,2.096089,0.117656,-3.003106,0.04589058,-0.4179154,-0.04920605,0.9059909,2.408562,310.3198,352.6673,0.6171306,0.03154137,-0.7862281,0.0,0.0,0.0,1.179681,0.1632736,-2.489268,-0.2108942,0.06250785,1.028363,0.645851,-0.1275172,0.752739,0.05080371,0.9909456,0.1242808,-0.7617713,-0.04202497,0.6464816,static,-18.669021381982237,4.313985673373318,-11.589392144505087,3.4783777675564598,-0.9164080000000001,0.045617599999999994,0.5138379999999998,-0.3192864649233636,0.07128487399264447,0.9449733272696667,-18.641133966720457,3.6267899487007753,7.09709552486853,7.128772033976463,7.0533034035615785
1536,05/11/2023 10:04:20.075513,1716,True,True,True,True,Eyes,2.170806,0.1170861,-2.890695,-0.9199265,0.07062571,0.3856778,0.0,0.0,0.0,0.0,0.0,0.0,0.0,0.9018297,0.1657065,3.547996,2.088836,0.1165368,-3.00869,0.04795226,-0.4143199,-0.04908192,0.9075409,2.657532,310.7516,352.5904,0.6156083,0.03162218,-0.7874174,0.0,0.0,0.0,1.179681,0.1632736,-2.489268,-0.2104898,0.06776217,1.024524,0.65186,-0.1288229,0.7473173,0.04935255,0.9905831,0.1277085,-0.7567317,-0.04636606,0.6520792,static,-18.74849009197527,4.4693593115358095,-11.609939426943352,3.78404002988985,-0.9091550000000002,0.046736799999999995,0.519422,-0.32053771396389513,0.07381425309351958,0.9443554159823196,-18.721267544824485,3.7807436683951354,7.140792295811101,7.171371424980258,7.111328881873339
1537,05/11/2023 10:04:20.086258,1717,True,True,True,True,Eyes,2.166256,0.1172247,-2.897014,-0.9174538,0.06969942,0.3916895,0.0,0.0,0.0,0.0,0.0,0.0,0.0,0.8827312,0.1774881,3.552876,2.081664,0.1157576,-3.014452,0.0496164,-0.41079,-0.04944099,0.9090355,2.842257,311.1772,352.4835,0.6140757,0.03169765,-0.7886099,0.0,0.0,0.0,1.179681,0.1632736,-2.489268,-0.2097104,0.07144893,1.021062,0.6576144,-0.130651,0.741939,0.04912338,0.9901876,0.1308258,-0.7517513,-0.0495864,0.6575797,static,-18.8287672769987,4.554951721062524,-11.606271305426143,4.002754036456965,-0.901983,0.04751599999999999,0.5251839999999999,-0.32182736452400657,0.07519017976352271,0.9438081017895998,-18.802143850285763,3.8649021723674024,7.214425025684593,7.243574417527963,7.197192842928237
1538,05/11/2023 10:04:20.105507,1718,True,True,True,True,Eyes,2.161566,0.1173141,-2.903308,-0.9148924,0.06881456,0.3977896,0.0,0.0,0.0,0.0,0.0,0.0,0.0,0.8608425,0.1815395,3.558537,2.074266,0.1149193,-3.020167,0.05038419,-0.4068273,-0.05066314,0.9107064,2.897429,311.6636,352.3313,0.6125319,0.03176735,-0.7898068,0.0,0.0,0.0,1.179681,0.1632736,-2.489268,-0.2096275,0.07258922,1.017478,0.6638496,-0.1332738,0.7358953,0.05128317,0.9897894,0.1329927,-0.7461058,-0.05054812,0.6639059,static,-18.946378247648262,4.491741476000986,-11.641560665794662,4.08069881209366,-0.8945850000000002,0.04835429999999999,0.5308989999999998,-0.3237906139561803,0.07409645806110562,0.9432229144431301,-18.920440921694116,3.7995923799336038,7.290245982157251,7.316373143553403,7.284306322905747
1539,05/11/2023 10:04:20.125813,1719,True,True,True,True,Eyes,2.156721,0.1173853,-2.909573,-0.91231,0.06806932,0.403803,0.0,0.0,0.0,0.0,0.0,0.0,0.0,0.8370396,0.1828979,3.564561,2.066475,0.1137517,-3.026041,0.0507537,-0.4025556,-0.05189441,0.9125131,2.914522,312.1918,352.1982,0.6109763,0.03183053,-0.7910083,0.0,0.0,0.0,1.179681,0.1632736,-2.489268,-0.2097938,0.07339588,1.013697,0.6705121,-0.135571,0.7294068,0.05384629,0.9894621,0.1344076,-0.7399421,-0.05084606,0.6707462,static,-19.10301742039516,4.399064537798386,-11.69280475688869,4.141226285458706,-0.8867940000000001,0.049521899999999994,0.5367730000000002,-0.32640636162824116,0.07250169778265153,0.9424448111913553,-19.077985244195663,3.704119231937177,7.391864785501183,7.414697045919089,7.398104717178444
1540,05/11/2023 10:04:20.135877,1720,True,True,True,True,Eyes,2.151705,0.1174066,-2.915817,-0.9095824,0.0673944,0.4100216,0.0,0.0,0.0,0.0,0.0,0.0,0.0,0.8100226,0.1813641,3.570926,2.058243,0.113348,-3.031721,0.05084928,-0.3978222,-0.0530526,0.914515,2.911526,312.7796,352.0869,0.6094074,0.03188746,-0.7922154,0.0,0.0,0.0,1.179681,0.1632736,-2.489268,-0.210616,0.07302843,1.009419,0.6778459,-0.1374927,0.7222332,0.05657684,0.9891995,0.1352158,-0.7330239,-0.05079383,0.6783038,static,-19.300200683361453,4.291483750930683,-11.78571623788625,4.13796795125161,-0.8785620000000001,0.04992559999999999,0.5424530000000001,-0.32969184565068205,0.07064662389210309,0.9414415549845747,-19.276317174392627,3.5930184129909506,7.495682410956043,7.516052393513491,7.510397618584566
1541,05/11/2023 10:04:20.156074,1721,True,True,True,True,Eyes,2.146532,0.1173599,-2.922072,-0.90683,0.06680354,0.4161692,0.0,0.0,0.0,0.0,0.0,0.0,0.0,0.7752657,0.1759852,3.578905,2.049479,0.112148,-3.0377,0.05032538,-0.3920039,-0.05396679,0.9169994,2.865198,313.5084,352.0329,0.6078236,0.03193748,-0.7934292,0.0,0.0,0.0,1.179681,0.1632736,-2.489268,-0.2131824,0.07262174,1.0046,0.6868411,-0.1384305,0.7135028,0.05951954,0.9891099,0.1346071,-0.7243664,-0.0499863,0.6876007,static,-19.629596332375115,4.14628144696188,-11.980794951511003,4.134674395149058,-0.8697979999999998,0.05112559999999999,0.548432,-0.335157807959011,0.0681212563024119,0.939696175946813,-19.607666745897458,3.44193565571859,7.631630376787644,7.6488101877063555,7.658267449568171
1542,05/11/2023 10:04:20.176232,1722,True,True,True,True,Eyes,2.141222,0.117259,-2.928335,-0.9040636,0.06613404,0.4222504,0.0,0.0,0.0,0.0,0.0,0.0,0.0,0.7508605,0.1758287,3.584803,2.040869,0.1105573,-3.044363,0.05006968,-0.387523,-0.05328969,0.9189556,2.907385,314.0697,352.1301,0.6062238,0.03197946,-0.7946507,0.0,0.0,0.0,1.179681,0.1632736,-2.489268,-0.2124548,0.07523429,1.000879,0.6939724,-0.136748,0.7068962,0.05913543,0.9893064,0.1333256,-0.7175691,-0.05072165,0.6946381,static,-19.80022957682712,4.159244826439863,-11.984192253851434,4.298737429248158,-0.8611879999999998,0.052716299999999994,0.5550950000000001,-0.3379515819371732,0.06826144136555369,0.9386848290457773,-19.77940176128579,3.4518522814391637,7.801824271629915,7.817281984192919,7.8410780966889
1543,05/11/2023 10:04:20.185939,1723,True,True,True,True,Eyes,2.135765,0.1171325,-2.934588,-0.9013196,0.0655077,0.4281727,0.0,0.0,0.0,0.0,0.0,0.0,0.0,0.7408007,0.1825362,3.58728,2.032425,0.1092048,-3.050902,0.05057381,-0.3849542,-0.05210071,0.920075,3.035267,314.3858,352.2414,0.6046066,0.03201277,-0.7958803,0.0,0.0,0.0,1.179681,0.1632736,-2.489268,-0.2077803,0.07974325,0.997997,0.6981915,-0.1348103,0.7031037,0.05693593,0.9894556,0.1331762,-0.7136434,-0.05295062,0.6985051,static,-19.749977889678295,4.295794515060625,-11.760819864639732,4.568415738929383,-0.852744,0.054068799999999986,0.5616339999999997,-0.33707504512717446,0.07052190131671891,0.9388329012747307,-19.72896823035281,3.5892983407791537,7.978586083857656,7.993808121336274,8.028079425203543
1544,05/11/2023 10:04:20.205941,1724,True,True,True,True,Eyes,2.130159,0.1169464,-2.94084,-0.8985132,0.06483133,0.4341324,0.0,0.0,0.0,0.0,0.0,0.0,0.0,0.7293271,0.1908969,3.589387,2.023662,0.1084344,-3.056975,0.05169133,-0.3821974,-0.05240682,0.9211442,3.162662,314.7148,352.168,0.6029715,0.03203765,-0.7971188,0.0,0.0,0.0,1.179681,0.1632736,-2.489268,-0.2035814,0.08291261,0.9946273,0.7023574,-0.1360611,0.6986999,0.0570359,0.989163,0.1352898,-0.7095357,-0.05517083,0.7025063,static,-19.7207686566534,4.361667092416999,-11.567589853244565,4.765186398537586,-0.8439809999999999,0.05483919999999999,0.567707,-0.336570086038631,0.07161495699791406,0.9389312476276972,-19.69963958342969,3.6556920281794008,8.14861803690259,8.16315823874358,8.207387560732128
1545,05/11/2023 10:04:20.225630,1725,True,True,True,True,Eyes,2.12442,0.1167111,-2.94711,-0.8956709,0.06423108,0.4400545,0.0,0.0,0.0,0.0,0.0,0.0,0.0,0.7105813,0.2013985,3.592961,2.014707,0.1067054,-3.0634,0.05318576,-0.3784705,-0.05351282,0.9225333,3.303512,315.1569,351.997,0.601317,0.03205337,-0.798367,0.0,0.0,0.0,1.179681,0.1632736,-2.489268,-0.2012374,0.08669122,0.9910021,0.7077929,-0.1389932,0.6926112,0.05847623,0.9886153,0.1386373,-0.7039956,-0.05762522,0.7078626,static,-19.81435159699003,4.395788379553505,-11.478665278189343,4.999413075847358,-0.835026,0.056568199999999985,0.5741320000000001,-0.3380905738238177,0.0721323427331998,0.9383451629002668,-19.793854231266064,3.6881421650868424,8.344670178130727,8.357513337076812,8.417945041800632
1546,05/11/2023 10:04:20.235701,1726,True,True,True,True,Eyes,2.118553,0.1164528,-2.953377,-0.8927953,0.06365113,0.445943,0.0,0.0,0.0,0.0,0.0,0.0,0.0,0.697058,0.2112951,3.595876,2.005964,0.1052286,-3.070162,0.05445519,-0.3754051,-0.05396275,0.923685,3.444583,315.5204,351.9042,0.5996428,0.03205954,-0.799625,0.0,0.0,0.0,1.179681,0.1632736,-2.489268,-0.1972932,0.09074682,0.9881251,0.7123181,-0.1405747,0.6876348,0.05880364,0.9882452,0.1411146,-0.699389,-0.0600831,0.7122114,static,-19.82627095773476,4.469350829198872,-11.291430930878606,5.247175548673653,-0.8262830000000001,0.058044999999999985,0.5808939999999998,-0.3382561100616034,0.07333240031570079,0.9381925369407371,-19.805924382331632,3.7614913209822265,8.558148406143783,8.570210357876402,8.643139265292879
1547,05/11/2023 10:04:20.255770,1727,True,True,True,True,Eyes,2.11255,0.1162575,-2.959617,-0.8898193,0.06338612,0.4518892,0.0,0.0,0.0,0.0,0.0,0.0,0.0,0.6855743,0.213116,3.598481,1.997204,0.1043672,-3.076488,0.05474766,-0.3725712,-0.05477228,0.9247667,3.465326,315.8648,351.8157,0.5979483,0.03205655,-0.8008929,0.0,0.0,0.0,1.179681,0.1632736,-2.489268,-0.1929075,0.09215964,0.9853608,0.7163815,-0.142098,0.6830854,0.06050837,0.9880054,0.1420708,-0.69508,-0.06044446,0.7163868,static,-19.796552377313386,4.447296097132169,-11.07689578306361,5.343262924261248,-0.817523,0.0589064,0.5872199999999999,-0.3377780713753668,0.07298457033572602,0.9383918493511286,-19.775993794500177,3.7399673582771693,8.754238616009616,8.76556716230954,8.845612634774588
1548,05/11/2023 10:04:20.276011,1728,True,True,True,True,Eyes,2.106388,0.1161804,-2.965796,-0.8867472,0.06336264,0.4578916,0.0,0.0,0.0,0.0,0.0,0.0,0.0,0.6727954,0.2065099,3.601154,1.988084,0.1055652,-3.082206,0.05443663,-0.3694893,-0.05692443,0.9258909,3.367425,316.2427,351.6111,0.5962333,0.03204712,-0.8021709,0.0,0.0,0.0,1.179681,0.1632736,-2.489268,-0.1888171,0.0890107,0.9822658,0.7204745,-0.1456391,0.678016,0.06518413,0.9875925,0.1428707,-0.6904112,-0.05873882,0.7210286,static,-19.78453390713379,4.276715037528719,-10.88101746967003,5.177871727363997,-0.808403,0.05770839999999999,0.5929379999999997,-0.33764903883787467,0.07019392623213866,0.9386512011914466,-19.763725319926454,3.5696019853152374,8.938300485899251,8.949004879416604,9.027127467594367
1549,05/11/2023 10:04:20.285827,1729,True,True,True,True,Eyes,2.100057,0.1161881,-2.971915,-0.8834592,0.06376527,0.4641486,0.0,0.0,0.0,0.0,0.0,0.0,0.0,0.6547421,0.1880533,3.604404,1.978335,0.1081571,-3.087114,0.05307703,-0.3656001,-0.0608196,0.927265,3.093277,316.7273,351.2674,0.5944974,0.03203525,-0.8034587,0.0,0.0,0.0,1.179681,0.1632736,-2.489268,-0.1861102,0.08074696,0.9783397,0.7252751,-0.1516017,0.6715601,0.07398185,0.9869676,0.1429043,-0.6844726,-0.05396165,0.7270388,static,-19.840803704894746,3.894400777680907,-10.770721537799771,4.718195158540506,-0.798654,0.055116499999999985,0.5978460000000001,-0.3387141927833994,0.06390312758377267,0.9387167711812096,-19.819965631213257,3.186285479778331,9.09816849108853,9.107416082500576,9.177993567554083
1550,05/11/2023 10:04:20.305771,1730,True,True,True,True,Eyes,2.093518,0.1161412,-2.97798,-0.8799881,0.06428333,0.4706257,0.0,0.0,0.0,0.0,0.0,0.0,0.0,0.6275303,0.1664595,3.609014,1.968201,0.1099811,-3.092017,0.05139577,-0.3604388,-0.06531905,0.9290726,2.774988,317.3704,350.8739,0.5927404,0.03202362,-0.8047562,0.0,0.0,0.0,1.179681,0.1632736,-2.489268,-0.185708,0.07201124,0.9737751,0.7316346,-0.1584224,0.6630334,0.08432221,0.9861838,0.1425878,-0.6764619,-0.04841377,0.7348846,static,-20.030261330792424,3.4346544922550506,-10.797187729185584,4.229358042253853,-0.7885200000000001,0.05329249999999999,0.6027489999999998,-0.34197316513075765,0.05629813273290078,0.9380217624017202,-20.010164797043508,2.723159366598274,9.260333072182169,9.267211115814174,9.335286867762695
1551,05/11/2023 10:04:20.325850,1731,True,True,True,True,Eyes,2.086858,0.1162049,-2.984024,-0.8764151,0.06466755,0.4771946,0.0,0.0,0.0,0.0,0.0,0.0,0.0,0.5903839,0.1548536,3.614039,1.95702,0.1085207,-3.097112,0.05036794,-0.3540131,-0.06784244,0.9314157,2.62465,318.164,350.6647,0.590961,0.03201084,-0.8060643,0.0,0.0,0.0,1.179681,0.1632736,-2.489268,-0.1875159,0.06968265,0.9678385,0.7401443,-0.1620409,0.6526325,0.09071723,0.9857209,0.1418612,-0.666301,-0.04579277,0.7442756,static,-20.37661857515818,3.1752411293783798,-10.965036388198396,4.118088287779461,-0.777339,0.05475289999999999,0.607844,-0.347719662249586,0.05193363038438448,0.9361591426249622,-20.358468123528745,2.4575634334870613,9.454068403790693,9.458691242767348,9.539072416017929
1552,05/11/2023 10:04:20.335687,1732,True,True,True,True,Eyes,2.080033,0.1162844,-2.989969,-0.8728089,0.06507359,0.4837046,0.0,0.0,0.0,0.0,0.0,0.0,0.0,0.5819411,0.1577659,3.615091,1.947604,0.1112322,-3.102724,0.05099337,-0.3515407,-0.06719053,0.9323649,2.742561,318.4602,350.7159,0.589159,0.03200012,-0.8073828,0.0,0.0,0.0,1.179681,0.1632736,-2.489268,-0.1816397,0.06993082,0.9648105,0.7438092,-0.1611447,0.6486759,0.08943971,0.9857702,0.1423293,-0.6623809,-0.04784844,0.7476377,static,-20.2700322182432,3.3562114715079123,-10.661972060489598,4.14562894495948,-0.7679229999999999,0.05204139999999999,0.6134559999999998,-0.34592202511810166,0.05492916893331907,0.9366540594234055,-20.25138565766937,2.6404357210770826,9.633389900572476,9.640435671814982,9.706825422299392
1553,05/11/2023 10:04:20.350622,1733,True,True,True,True,Eyes,2.073074,0.1163481,-2.995862,-0.869132,0.06537547,0.4902402,0.0,0.0,0.0,0.0,0.0,0.0,0.0,0.5691419,0.1507159,3.614954,1.937004,0.1117271,-3.106455,0.05012268,-0.3484778,-0.06717652,0.9335622,2.680484,318.8445,350.762,0.5873349,0.03199181,-0.808711,0.0,0.0,0.0,1.179681,0.1632736,-2.489268,-0.1774027,0.06894514,0.9596307,0.7481011,-0.1603602,0.6439174,0.09049364,0.9859501,0.1404043,-0.6573856,-0.04676622,0.7521018,static,-20.213804476741288,3.337195899393017,-10.473771945867444,4.109382618858883,-0.757323,0.051546499999999995,0.6171869999999999,-0.34500814361412185,0.05463788153861807,0.9370079625801853,-20.194779874870022,2.6224242220290575,9.763220190244747,9.770593944699584,9.83407547406637
1554,05/11/2023 10:04:20.375892,1734,True,True,True,True,Eyes,2.066001,0.1164338,-3.001684,-0.8655016,0.06556445,0.4965966,0.0,0.0,0.0,0.0,0.0,0.0,0.0,0.5566659,0.150517,3.615649,1.926997,0.1114829,-3.111223,0.04983352,-0.3455133,-0.06590683,0.9347691,2.729589,319.2121,350.919,0.5854888,0.03198532,-0.8100488,0.0,0.0,0.0,1.179681,0.1632736,-2.489268,-0.1728934,0.07100832,0.9555404,0.7525536,-0.1576516,0.6393817,0.08877905,0.9863458,0.1387091,-0.6525192,-0.04762229,0.7562742,static,-20.164263907055787,3.4629550361844053,-10.256012190013372,4.249964355079465,-0.7473160000000001,0.051790699999999995,0.6219549999999998,-0.3441579524503624,0.05671324958663487,0.9371973169639467,-20.145051033747407,2.7490671018020696,9.930997194706215,9.939458524301092,10.002288828951912
1555,05/11/2023 10:04:20.386373,1735,True,True,True,True,Eyes,2.058825,0.1166056,-3.007395,-0.8617713,0.06565505,0.5030305,0.0,0.0,0.0,0.0,0.0,0.0,0.0,0.5546818,0.1567243,3.614168,1.91729,0.1121369,-3.115425,0.05049655,-0.3440145,-0.06483058,0.9353616,2.857938,319.3895,351.0126,0.5836214,0.03198117,-0.8113953,0.0,0.0,0.0,1.179681,0.1632736,-2.489268,-0.1659337,0.07369542,0.9517298,0.754902,-0.1560232,0.6370084,0.08653698,0.9864942,0.1390704,-0.6501033,-0.04985973,0.7582082,static,-19.93655717397167,3.667669549493691,-9.890083096067608,4.427756362696936,-0.737609,0.05113669999999999,0.6261570000000001,-0.34036204029565104,0.060149887452908585,0.9383686458901036,-19.91609959985113,2.9578460222105467,10.064547503666041,10.075186021191062,10.133195120158714
1556,05/11/2023 10:04:20.406468,1736,True,True,True,True,Eyes,2.05151,0.11678,-3.012983,-0.8579291,0.06586666,0.5095286,0.0,0.0,0.0,0.0,0.0,0.0,0.0,0.5473711,0.1464169,3.613447,1.907781,0.1144223,-3.118547,0.04933284,-0.3417618,-0.06460841,0.9362643,2.763633,319.6777,351.0901,0.5817342,0.0319816,-0.8127496,0.0,0.0,0.0,1.179681,0.1632736,-2.489268,-0.1607918,0.07059177,0.9474547,0.7580492,-0.1547012,0.6335841,0.08726092,0.986784,0.1365385,-0.6463333,-0.04821578,0.7615302,static,-19.774331665682855,3.6366711385609234,-9.631852145489253,4.261049205480935,-0.7281,0.048851299999999986,0.6292789999999999,-0.3377129113088134,0.05970275793738758,0.9393538853777743,-19.752807634329432,2.929744360085197,10.14979861281679,10.161679919580099,10.208139526792252
1557,05/11/2023 10:04:20.415863,1737,True,True,True,True,Eyes,2.044076,0.1169935,-3.018477,-0.8539022,0.0660236,0.5162284,0.0,0.0,0.0,0.0,0.0,0.0,0.0,0.5218184,0.1308553,3.614797,1.897358,0.1146728,-3.121387,0.04754951,-0.3370277,-0.065424,0.9380144,2.585195,320.2718,351.0863,0.5798276,0.03198634,-0.8141106,0.0,0.0,0.0,1.179681,0.1632736,-2.489268,-0.1602777,0.06714533,0.9417006,0.764264,-0.1547883,0.626052,0.09068631,0.9869175,0.1333036,-0.6384954,-0.04510485,0.7683027,static,-19.888133491234605,3.4461857452552134,-9.659197484654374,4.078413251519853,-0.7176770000000001,0.048600799999999986,0.6321189999999999,-0.3396406352933823,0.05653774055417783,0.9388543905414172,-19.867141933406213,2.7372282496671887,10.238000720494648,10.248455661532185,10.295674192494536
1558,05/11/2023 10:04:20.435640,1738,True,True,True,True,Eyes,2.036503,0.1172095,-3.023857,-0.8498355,0.06615006,0.5228804,0.0,0.0,0.0,0.0,0.0,0.0,0.0,0.5004632,0.1201913,3.615929,1.887366,0.1159552,-3.124781,0.04630755,-0.332878,-0.06508539,0.9395807,2.503956,320.7901,351.1828,0.5779021,0.03199614,-0.8154782,0.0,0.0,0.0,1.179681,0.1632736,-2.489268,-0.158399,0.06481744,0.9368262,0.7699123,-0.1531355,0.6195036,0.09147643,0.987239,0.1303503,-0.6315594,-0.04368837,0.7740957,static,-19.93978248507964,3.397632010524459,-9.59683135095445,3.9578918164072183,-0.7076850000000001,0.0473184,0.635513,-0.3405024781722177,0.05572365190972127,0.938590995683869,-19.91907109926257,2.6877526298728256,10.347270880770802,10.358114172617976,10.4000907195429
1559,05/11/2023 10:04:20.455398,1739,True,True,True,True,Eyes,2.028814,0.1174337,-3.029126,-0.8456537,0.0660097,0.5296343,0.0,0.0,0.0,0.0,0.0,0.0,0.0,0.483379,0.1158441,3.615261,1.87668,0.1163378,-3.127574,0.04556338,-0.3293399,-0.06369974,0.9409579,2.50971,321.23,351.3712,0.5759582,0.03201069,-0.8168517,0.0,0.0,0.0,1.179681,0.1632736,-2.489268,-0.1552674,0.065238,0.9311726,0.7749552,-0.1498892,0.6139852,0.08986586,0.9877326,0.1277042,-0.6255947,-0.04378871,0.7789184,static,-19.913493899006586,3.4652416466829212,-9.466630639250358,4.007596827610317,-0.6969989999999999,0.046935799999999986,0.638306,-0.34005031295565163,0.056841044953898856,0.9386878250097752,-19.892683497356447,2.755831216526458,10.44917746676149,10.460932133912507,10.500928308731295
1560,05/11/2023 10:04:20.465988,1740,True,True,True,True,Eyes,2.021021,0.1176532,-3.03429,-0.8415014,0.06558684,0.5362589,0.0,0.0,0.0,0.0,0.0,0.0,0.0,0.4700899,0.1240297,3.613823,1.866297,0.1168475,-3.130394,0.04625059,-0.3264419,-0.06087109,0.9421207,2.717154,321.5797,351.6595,0.5739968,0.03202987,-0.8182305,0.0,0.0,0.0,1.179681,0.1632736,-2.489268,-0.151173,0.0692166,0.9257409,0.7794607,-0.1448921,0.6094648,0.08449956,0.9883112,0.126889,-0.620726,-0.04740551,0.7825931,static,-19.830404761814293,3.7633665812802253,-9.274508491545298,4.275984340560387,-0.6866160000000001,0.046426099999999984,0.6411259999999999,-0.33858956301561854,0.06175907331509552,0.93890509227105,-19.809367199972986,3.0554377991668087,10.553462105724902,10.568335868802064,10.605327994279222
1561,05/11/2023 10:04:20.486175,1741,True,True,True,True,Eyes,2.013148,0.1178927,-3.039349,-0.8373338,0.06470028,0.5428499,0.0,0.0,0.0,0.0,0.0,0.0,0.0,0.4584893,0.1430371,3.611775,1.856165,0.1170906,-3.133135,0.04827455,-0.3238723,-0.05743499,0.9431213,3.087117,321.8777,351.9632,0.5720182,0.03205319,-0.819614,0.0,0.0,0.0,1.179681,0.1632736,-2.489268,-0.1467819,0.07611147,0.9203207,0.7836159,-0.1396059,0.6053564,0.07706673,0.9887416,0.1282607,-0.616447,-0.05385429,0.7855526,static,-19.71664304548049,4.206224977191208,-9.06178024902699,4.727661361824765,-0.6764840000000001,0.04618299999999999,0.6438669999999997,-0.33656308212294217,0.0690675823614445,0.9391245889673954,-19.695329705251556,3.5003245746964393,10.648106030498958,10.667614405970468,10.704145441230338
1562,05/11/2023 10:04:20.505889,1742,True,True,True,True,Eyes,2.005212,0.1181223,-3.044305,-0.8332566,0.06348345,0.5492297,0.0,0.0,0.0,0.0,0.0,0.0,0.0,0.4537321,0.1683087,3.608628,1.846467,0.1179728,-3.135768,0.05107364,-0.3222715,-0.05333316,0.9437628,3.556184,322.0533,352.3082,0.5700238,0.03208087,-0.8210012,0.0,0.0,0.0,1.179681,0.1632736,-2.489268,-0.1407995,0.08418114,0.9152635,0.7865933,-0.1335869,0.6028478,0.06774855,0.9890941,0.1307783,-0.6137435,-0.06202728,0.7870651,static,-19.501658204283753,4.754814290289682,-8.745534268205551,5.254980883602192,-0.6667860000000001,0.04530079999999999,0.6465000000000001,-0.33281270905696736,0.07816651735324144,0.9397476626651329,-19.47953074115504,4.052748935295714,10.741167668647092,10.767746688576041,10.801112995373247
1563,05/11/2023 10:04:20.525505,1743,True,True,True,True,Eyes,1.997234,0.1183539,-3.049158,-0.8291296,0.06199741,0.5556082,0.0,0.0,0.0,0.0,0.0,0.0,0.0,0.450761,0.1957405,3.605095,1.837151,0.1180857,-3.138335,0.05413415,-0.3209367,-0.0495666,0.9442523,4.037944,322.1948,352.6071,0.568015,0.03211229,-0.822391,0.0,0.0,0.0,1.179681,0.1632736,-2.489268,-0.1346898,0.0930088,0.9103872,0.7890856,-0.128354,0.600724,0.05885948,0.9892253,0.1340481,-0.611457,-0.07041709,0.7881383,static,-19.25026356717766,5.285336945172629,-8.415737146217499,5.833327246059053,-0.65747,0.04518789999999999,0.6490670000000001,-0.3284447372350807,0.08700547352643892,0.9405073878014606,-19.227071337738018,4.58775685361766,10.814684980933281,10.848375737240548,10.882848551885083
1564,05/11/2023 10:04:20.535576,1744,True,True,True,True,Eyes,1.989226,0.1186199,-3.053916,-0.8250909,0.06030626,0.5617724,0.0,0.0,0.0,0.0,0.0,0.0,0.0,0.4485589,0.2280749,3.601092,1.82819,0.1184224,-3.140826,0.05807573,-0.3197411,-0.04656957,0.9445761,4.584743,322.3088,352.7894,0.565993,0.03214721,-0.8237826,0.0,0.0,0.0,1.179681,0.1632736,-2.489268,-0.1286647,0.1022736,0.9055877,0.7911938,-0.1251154,0.5986306,0.05083862,0.9889169,0.1394943,-0.6094489,-0.07993349,0.7887856,static,-18.999706980521587,5.827543164836363,-8.086386702251069,6.443463495416473,-0.648509,0.044851199999999994,0.6515580000000001,-0.3240579197438824,0.09605546316923706,0.9411481712814236,-18.975467203140532,5.134433298201687,10.888961804107172,10.93068695689948,10.967480759594306
1565,05/11/2023 10:04:20.555456,1745,True,True,True,True,Eyes,1.981181,0.1189253,-3.058569,-0.8208286,0.05891562,0.568128,0.0,0.0,0.0,0.0,0.0,0.0,0.0,0.4478444,0.2522518,3.597457,1.819533,0.1194206,-3.143394,0.06150165,-0.3186849,-0.04625148,0.944732,4.975275,322.401,352.6998,0.5639595,0.03218628,-0.8251746,0.0,0.0,0.0,1.179681,0.1632736,-2.489268,-0.1225424,0.1077944,0.901432,0.7926015,-0.1265898,0.5964545,0.0481912,0.9881567,0.1456844,-0.6078327,-0.08672584,0.789315,static,-18.713749570013437,6.143956391725676,-7.741443412185589,6.8191223950049915,-0.6398520000000001,0.04385299999999999,0.6541259999999998,-0.3191856700737511,0.10142854308720137,0.9422488121025796,-18.688006965043986,5.4559502851843344,10.946039874659801,10.99305924450019,11.031114713289892
1566,05/11/2023 10:04:20.575783,1746,True,True,True,True,Eyes,1.973095,0.1192312,-3.063142,-0.8166205,0.05759568,0.5742941,0.0,0.0,0.0,0.0,0.0,0.0,0.0,0.4464246,0.261104,3.594486,1.810602,0.1205225,-3.14563,0.06317843,-0.3174326,-0.04779875,0.9449659,5.109367,322.5273,352.4745,0.5619158,0.03223026,-0.8265659,0.0,0.0,0.0,1.179681,0.1632736,-2.489268,-0.1166627,0.1088149,0.8973578,0.7939036,-0.1304462,0.5938863,0.05022658,0.9874475,0.1497487,-0.6059657,-0.08905716,0.79049,static,-18.446045301412124,6.160336386197873,-7.407300536593091,6.914012006515546,-0.6309210000000001,0.042751099999999986,0.6563620000000001,-0.31476587286451263,0.10185642478571501,0.9436883652347504,-18.418611452085567,5.477110055942386,11.017098552010808,11.064443633707066,11.104668175736036
1869,05/11/2023 10:04:25.625301,2049,True,True,True,True,Eyes,1.289607,0.05258068,-1.945942,0.5924287,-0.4298832,-0.6813433,0.0,0.0,0.0,0.0,0.0,0.0,0.0,0.6174666,-0.9586617,-2.164776,1.499229,0.03696394,-1.933261,-0.01693038,0.9520388,-0.2228698,0.2089606,24.66334,153.5049,352.0699,0.5166491,0.02542665,-0.8558193,0.0,0.0,0.0,1.820221,-0.3697609,-2.503953,-0.01902276,-0.1003194,0.7640183,-0.9120976,-0.1253787,-0.3903307,0.06090524,0.9000849,-0.4314368,0.4054238,-0.4172857,-0.813329,static,-12.759735141076268,-3.343866146523235,-1.4262730651130664,-7.480426499488233,0.32099200000000017,-0.40672484,-0.5706920000000002,-0.22050542340451987,-0.05689264119952407,0.9737251194805215,-12.686366678118464,-3.9255018871669347,12.043256213365748,12.06476249998391,11.80792941937462
1870,05/11/2023 10:04:25.635963,2050,True,True,True,True,Eyes,1.300261,0.05222599,-1.944759,0.5838007,-0.4334173,-0.686532,0.0,0.0,0.0,0.0,0.0,0.0,0.0,0.6680053,-0.9637696,-2.154501,1.50921,0.03676432,-1.933363,-0.01810855,0.9531341,-0.225787,0.2005691,25.0334,154.4687,352.0644,0.5202544,0.02513773,-0.8536409,0.0,0.0,0.0,1.820221,-0.3697609,-2.503953,-0.02143925,-0.09764385,0.7599804,-0.9188886,-0.1250915,-0.3741611,0.05605202,0.8973846,-0.4376746,0.3905157,-0.4231465,-0.8175849,static,-13.044524574882798,-3.2798551644907383,-1.6159006741526973,-7.321369625278952,0.31101100000000015,-0.40652522,-0.5705900000000002,-0.22535724918790204,-0.055741276513658115,0.9726803280702606,-12.973038041730211,-3.866576254898669,12.10189722427918,12.122181462142015,11.870980010852055
1871,05/11/2023 10:04:25.655675,2051,True,True,True,True,Eyes,1.310884,0.05205401,-1.943673,0.5749831,-0.4377304,-0.6912211,0.0,0.0,0.0,0.0,0.0,0.0,0.0,0.7550775,-0.977957,-2.13277,1.528753,0.03718814,-1.933075,-0.02106854,0.9542192,-0.2326249,0.1868355,25.85388,155.9763,351.8784,0.5238385,0.02485779,-0.8514544,0.0,0.0,0.0,1.820221,-0.3697609,-2.503953,-0.02116427,-0.09099159,0.7534823,-0.9292972,-0.1271332,-0.3467619,0.04671719,0.8908835,-0.451823,0.3663662,-0.4360776,-0.8219564,static,-13.845223851436263,-2.998599089733362,-1.6089357249011629,-6.885776198040811,0.29146800000000006,-0.40694904,-0.570878,-0.23899099379658462,-0.050795646238978545,0.9696923144287914,-13.779131373041752,-3.5996185378276646,12.819632567176333,12.838882076993048,12.606049907952833
1872,05/11/2023 10:04:25.685364,2052,True,True,True,True,Eyes,1.321485,0.05204028,-1.942712,0.5660203,-0.4414639,-0.696226,0.0,0.0,0.0,0.0,0.0,0.0,0.0,0.7944748,-1.005223,-2.113547,1.538454,0.04141316,-1.933957,-0.02070693,0.9538215,-0.2390634,0.1806783,26.65165,156.6266,351.9027,0.5273983,0.02459369,-0.8492617,0.0,0.0,0.0,1.820221,-0.3697609,-2.503953,-0.02054997,-0.08640176,0.7519743,-0.9338535,-0.1258886,-0.3347692,0.04688568,0.8848398,-0.4635302,0.3545702,-0.448565,-0.8204084,static,-13.894519116328425,-2.442082908653588,-1.5653906955628225,-6.554534995347037,0.2817670000000001,-0.41117406,-0.5699960000000002,-0.23992965300229194,-0.04136487215798516,0.9699086075774633,-13.829306612561348,-3.0439861029889714,12.98074928740397,12.996910008962878,12.75647236287706
1873,05/11/2023 10:04:25.697238,2053,True,True,True,True,Eyes,1.332085,0.0520721,-1.941796,0.5568649,-0.4449353,-0.7013801,0.0,0.0,0.0,0.0,0.0,0.0,0.0,0.8444723,-0.9715717,-2.118565,1.548252,0.04522631,-1.935528,-0.0245685,0.9567564,-0.2331156,0.1722525,25.95121,157.7091,351.8596,0.5309307,0.02435052,-0.8470649,0.0,0.0,0.0,1.820221,-0.3697609,-2.503953,-0.02181885,-0.1019591,0.7472725,-0.9394513,-0.1273216,-0.3181526,0.03329733,0.890107,-0.4545337,0.3410619,-0.4376057,-0.8319727,static,-14.109257832125023,-3.4694520710136754,-1.6724460574419966,-7.769554759418998,0.2719690000000001,-0.41498721,-0.5684250000000002,-0.24335141590172044,-0.05869713131352841,0.9681604814638426,-14.044371387060838,-4.0751828423966785,13.134197716074823,13.159223770790017,12.91173575561967
1874,05/11/2023 10:04:25.705406,2054,True,True,True,True,Eyes,1.3427,0.05211871,-1.940912,0.5476521,-0.447947,-0.7066969,0.0,0.0,0.0,0.0,0.0,0.0,0.0,0.8931031,-0.9412109,-2.119731,1.558594,0.04653664,-1.9353,-0.02636258,0.9594935,-0.227635,0.1638888,25.3526,158.82,352.0363,0.534435,0.02412809,-0.8448647,0.0,0.0,0.0,1.820221,-0.3697609,-2.503953,-0.02307028,-0.1129728,0.7428478,-0.9448911,-0.1252031,-0.3024984,0.02402421,0.8949746,-0.4454697,0.3265026,-0.4281876,-0.8426456,static,-14.375381230700317,-4.317106128270511,-1.7788367280271997,-8.647320868564634,0.26162700000000005,-0.41629754,-0.5686530000000001,-0.2476124870678992,-0.07293226312901947,0.9661101320014964,-14.311331276829845,-4.927583108955103,13.285406360036111,13.320048539884711,13.072867650826767
1875,05/11/2023 10:04:25.725329,2055,True,True,True,True,Eyes,1.353336,0.05218176,-1.940086,0.5384291,-0.451058,-0.7117871,0.0,0.0,0.0,0.0,0.0,0.0,0.0,0.9309348,-0.9154794,-2.122287,1.569348,0.04707207,-1.934883,-0.02733626,0.9616467,-0.2226797,0.1578048,24.81254,159.6481,352.2211,0.5379115,0.02392487,-0.8426613,0.0,0.0,0.0,1.820221,-0.3697609,-2.503953,-0.02100535,-0.1217999,0.7384114,-0.948701,-0.1228555,-0.2913305,0.01770424,0.8993329,-0.436906,0.3156794,-0.4196508,-0.8510229,static,-14.414304018224922,-5.041710753197699,-1.6294350621579539,-9.366516109081138,0.2508730000000001,-0.41683297,-0.5690700000000002,-0.24802793637195408,-0.08513491721796163,0.9650048080017947,-14.349766102798482,-5.652878048287225,13.450084630240022,13.496548284286725,13.251336892180353
1876,05/11/2023 10:04:25.735325,2056,True,True,True,True,Eyes,1.363998,0.05227996,-1.939293,0.5291763,-0.4540969,-0.7167764,0.0,0.0,0.0,0.0,0.0,0.0,0.0,0.9674236,-0.9022366,-2.120065,1.580344,0.04769838,-1.935163,-0.02766393,0.9631048,-0.2203307,0.152047,24.58172,160.399,352.3989,0.54136,0.02373959,-0.8404553,0.0,0.0,0.0,1.820221,-0.3697609,-2.503953,-0.01855329,-0.1268174,0.7341043,-0.9522329,-0.1202878,-0.280684,0.01371473,0.9013782,-0.4328155,0.3050649,-0.4159906,-0.8566723,static,-14.426726686525784,-5.439054207507553,-1.4477492726682943,-9.801179973565038,0.23987700000000012,-0.41745928,-0.5687900000000001,-0.24808911740507683,-0.09182358653396269,0.964375537562764,-14.361864279234425,-6.050440757665571,13.637175638964102,13.692406505370977,13.447766025199229
1877,05/11/2023 10:04:25.755611,2057,True,True,True,True,Eyes,1.374651,0.05239607,-1.938558,0.5198899,-0.4575849,-0.7213394,0.0,0.0,0.0,0.0,0.0,0.0,0.0,0.9996268,-0.9033931,-2.112734,1.591461,0.04875564,-1.934913,-0.02668146,0.9638262,-0.2205864,0.1472041,24.66793,161.0219,352.6424,0.5447812,0.02357186,-0.8382465,0.0,0.0,0.0,1.820221,-0.3697609,-2.503953,-0.01504371,-0.1276681,0.7312782,-0.9552383,-0.116375,-0.2719872,0.01350987,0.9012595,-0.4330691,0.2955295,-0.4173586,-0.8593454,static,-14.373850589008846,-5.50698196089337,-1.1785111756498257,-9.903012674331647,0.22876000000000007,-0.41851654,-0.56904,-0.24717217186920806,-0.0929893417846552,0.964499289056397,-14.30858182283826,-6.117423967630336,13.848841910304316,13.908345274231534,13.664897989244698
1878,05/11/2023 10:04:25.775392,2058,True,True,True,True,Eyes,1.385288,0.05258492,-1.937894,0.510486,-0.4610728,-0.7258208,0.0,0.0,0.0,0.0,0.0,0.0,0.0,1.029022,-0.9152188,-2.101725,1.60173,0.04962067,-1.935395,-0.02309916,0.9643676,-0.2218222,0.1423264,24.91422,161.701,353.1803,0.548174,0.02342062,-0.8360358,0.0,0.0,0.0,1.820221,-0.3697609,-2.503953,-0.01399279,-0.1266129,0.7284576,-0.9584196,-0.1076945,-0.2642621,0.01859014,0.9005228,-0.4344114,0.2847577,-0.421261,-0.8610765,static,-14.407507722577387,-5.3547636447674005,-1.100447336792215,-9.860052130013202,0.218491,-0.41938157,-0.5685580000000001,-0.2477977570096096,-0.09041170564897101,0.9645838024304216,-14.342608351617045,-5.965807580273647,13.99091513995041,14.049038417138073,13.802897121826375
1879,05/11/2023 10:04:25.785366,2059,True,True,True,True,Eyes,1.395903,0.05278224,-1.937308,0.5008861,-0.4648828,-0.7300666,0.0,0.0,0.0,0.0,0.0,0.0,0.0,1.060117,-0.9268601,-2.089625,1.611824,0.05181692,-1.936178,-0.0195543,0.9650075,-0.222731,0.1370009,25.12005,162.443,353.7374,0.551537,0.02328719,-0.8338249,0.0,0.0,0.0,1.820221,-0.3697609,-2.503953,-0.01359475,-0.1274602,0.7260128,-0.961697,-0.09876879,-0.2557031,0.02328861,0.9000171,-0.435232,0.2731245,-0.4245162,-0.8632436,static,-14.483229032965008,-5.2721003671165105,-1.0727507543789636,-9.957481389565709,0.20839700000000017,-0.42157782,-0.5677750000000001,-0.24910439114300867,-0.08898917811881633,0.9643796305582248,-14.41889674074175,-5.884496843846702,14.14752393651293,14.205411749961886,13.953810081801079
1880,05/11/2023 10:04:25.805541,2060,True,True,True,True,Eyes,1.406488,0.05300149,-1.93678,0.4910378,-0.4686154,-0.734358,0.0,0.0,0.0,0.0,0.0,0.0,0.0,1.098315,-0.9317157,-2.076246,1.621673,0.05261607,-1.937161,-0.01586191,0.9661418,-0.2223745,0.1298778,25.18676,163.4338,354.3932,0.5548688,0.02317005,-0.8316147,0.0,0.0,0.0,1.820221,-0.3697609,-2.503953,-0.01616207,-0.1291272,0.722594,-0.9657606,-0.08841269,-0.2439061,0.02711328,0.900596,-0.4338107,0.2580152,-0.4255703,-0.867363,static,-14.756752827176246,-5.3474792780925755,-1.2813059968695664,-10.131783727214478,0.19854800000000017,-0.42237697,-0.5667920000000002,-0.2536788592289843,-0.09014712067646886,0.9630787710898954,-14.694088956960902,-5.964759060180807,14.241179665182596,14.29955371115861,14.045171458910126
1881,05/11/2023 10:04:25.825873,2061,True,True,True,True,Eyes,1.417032,0.05323266,-1.936328,0.4809788,-0.472631,-0.7384303,0.0,0.0,0.0,0.0,0.0,0.0,0.0,1.136049,-0.9377612,-2.061088,1.631263,0.05348014,-1.937578,-0.01157576,0.9672515,-0.221913,0.1226587,25.24258,164.4539,355.1272,0.5581679,0.02306843,-0.829407,0.0,0.0,0.0,1.820221,-0.3697609,-2.503953,-0.01922089,-0.1306385,0.7198495,-0.9696417,-0.07683248,-0.232146,0.03204578,0.9012412,-0.4321311,0.2424213,-0.4264516,-0.871419,static,-15.053936534832136,-5.4319558438108455,-1.5295061904786662,-10.286105399558826,0.18895800000000018,-0.42324104,-0.5663750000000001,-0.2586400523206535,-0.09144251287939746,0.9616358803322601,-14.993082786894014,-6.054541322491687,14.31064610459971,14.36916782729039,14.11290293688255
1882,05/11/2023 10:04:25.845160,2062,True,True,True,True,Eyes,1.427521,0.05347572,-1.935949,0.4707529,-0.4766094,-0.7424521,0.0,0.0,0.0,0.0,0.0,0.0,0.0,1.173037,-0.9441005,-2.04591,1.640644,0.0543962,-1.938663,-0.007872656,0.9681968,-0.2217452,0.1155952,25.31318,165.4352,355.7807,0.561433,0.02298117,-0.8272028,0.0,0.0,0.0,1.820221,-0.3697609,-2.503953,-0.02198535,-0.1321669,0.7167699,-0.9731519,-0.0665099,-0.2203463,0.03602079,0.9015341,-0.4312061,0.2273292,-0.4275659,-0.874934,static,-15.304661606293985,-5.505766769396871,-1.7568719725991586,-10.447551907681149,0.1795770000000001,-0.4241571,-0.5652900000000001,-0.2628180830293797,-0.09257299388846424,0.9603941013232369,-15.245332423294306,-6.132828490457714,14.362454196321423,14.420951574421721,14.161758488870774
1883,05/11/2023 10:04:25.855817,2063,True,True,True,True,Eyes,1.437957,0.05372086,-1.935652,0.4603851,-0.4808884,-0.7461849,0.0,0.0,0.0,0.0,0.0,0.0,0.0,1.212445,-0.9489185,-2.028883,1.649636,0.05532618,-1.939711,-0.006516607,0.9687909,-0.2228384,0.1083736,25.4901,166.3586,356.1298,0.5646619,0.02290726,-0.8250041,0.0,0.0,0.0,1.820221,-0.3697609,-2.503953,-0.02382292,-0.1323301,0.7142051,-0.9764256,-0.06092603,-0.2070783,0.03567311,0.9006011,-0.43318,0.2128869,-0.4303552,-0.8771966,static,-15.478796508771119,-5.561655870350859,-1.91044125559056,-10.496898299595983,0.170585,-0.42508708,-0.5642420000000001,-0.26571429408393116,-0.09343285662835102,0.9595135297463623,-15.420521474600793,-6.191826425223759,14.379607551510832,14.438035950638637,14.179418583552795
1884,05/11/2023 10:04:25.875454,2064,True,True,True,True,Eyes,1.448361,0.05398399,-1.935444,0.4498397,-0.4850952,-0.7498845,0.0,0.0,0.0,0.0,0.0,0.0,0.0,1.256091,-0.9500042,-2.010241,1.658616,0.0557682,-1.940935,-0.006679368,0.9693061,-0.224302,0.1004479,25.68942,167.3254,356.3091,0.5678533,0.02284538,-0.8228124,0.0,0.0,0.0,1.820221,-0.3697609,-2.503953,-0.02569549,-0.1319085,0.7114214,-0.9797311,-0.05801001,-0.191733,0.03211261,0.899288,-0.4361764,0.1977258,-0.4334927,-0.8791975,static,-15.665323884770958,-5.643125269655927,-2.0685397239553,-10.504230766971514,0.161605,-0.4255291,-0.563018,-0.2688039178006324,-0.09471283565468308,0.9585268930169148,-15.608156067954116,-6.27662576262727,14.380947419587494,14.43962901780511,14.184281963336613
1885,05/11/2023 10:04:25.885787,2065,True,True,True,True,Eyes,1.458738,0.05421325,-1.935308,0.4391812,-0.4894613,-0.7533575,0.0,0.0,0.0,0.0,0.0,0.0,0.0,1.30346,-0.9457046,-1.991181,1.668003,0.05648679,-1.942354,-0.007941304,0.9699211,-0.2252601,0.09191141,25.81771,168.3438,356.3815,0.571006,0.02279495,-0.8206291,0.0,0.0,0.0,1.820221,-0.3697609,-2.503953,-0.02729016,-0.1327572,0.7084357,-0.9829785,-0.05681283,-0.1747159,0.02600308,0.8983897,-0.4384289,0.1818714,-0.4355094,-0.8816203,static,-15.878107246946204,-5.846376607581978,-2.206041073547422,-10.613834989254846,0.1522180000000002,-0.42624769,-0.5615990000000002,-0.27227440640514466,-0.09801318032327498,0.9572147499579303,-15.822090410206894,-6.4836750590496,14.417848102327609,14.479435516303049,14.228668967525314
1886,05/11/2023 10:04:25.905490,2066,True,True,True,True,Eyes,1.469106,0.05438384,-1.935245,0.4282807,-0.4937437,-0.7568308,0.0,0.0,0.0,0.0,0.0,0.0,0.0,1.351737,-0.9357227,-1.972689,1.677547,0.0560337,-1.943442,-0.009079403,0.9707497,-0.2250849,0.08306274,25.81672,169.4154,356.4959,0.5741195,0.02275335,-0.818455,0.0,0.0,0.0,1.820221,-0.3697609,-2.503953,-0.02915406,-0.1339704,0.7050044,-0.9860364,-0.05501999,-0.157179,0.01976467,0.8985088,-0.4385105,0.1653535,-0.4354938,-0.8848747,static,-16.12070134054482,-6.169478867465173,-2.368004226160918,-10.759501650869032,0.1426740000000002,-0.4257946,-0.5605110000000002,-0.27617664712422557,-0.10328993224704534,0.9555405321546764,-16.065903887148416,-6.811106780498392,14.431670486953923,14.498447746988289,14.255605114299799
1887,05/11/2023 10:04:25.925468,2067,True,True,True,True,Eyes,1.47946,0.05445975,-1.935224,0.4172427,-0.4982366,-0.7600452,0.0,0.0,0.0,0.0,0.0,0.0,0.0,1.400964,-0.9301013,-1.950441,1.687478,0.05490277,-1.944585,-0.009289396,0.9713695,-0.225629,0.07380211,25.91053,170.5573,356.7272,0.577194,0.02271719,-0.8162907,0.0,0.0,0.0,1.820221,-0.3697609,-2.503953,-0.0316108,-0.1333677,0.7014747,-0.9889341,-0.05135066,-0.1391863,0.01525692,0.8980106,-0.4397094,0.1475701,-0.4369671,-0.8872896,static,-16.431715545886853,-6.393245879672485,-2.580194178665172,-10.76486538406109,0.13274300000000006,-0.42466367,-0.5593680000000001,-0.2812528046276332,-0.10685691957051814,0.9536657406842716,-16.378674915284673,-7.040425539105945,14.454886135132414,14.525002625739855,14.292288927864178
1888,05/11/2023 10:04:25.935470,2068,True,True,True,True,Eyes,1.489799,0.05452146,-1.935248,0.406001,-0.5028342,-0.7630996,0.0,0.0,0.0,0.0,0.0,0.0,0.0,1.447716,-0.9307274,-1.924803,1.697278,0.05294926,-1.945107,-0.007987142,0.9717339,-0.226901,0.06469529,26.10014,171.7179,357.1353,0.5802302,0.02268198,-0.8141364,0.0,0.0,0.0,1.820221,-0.3697609,-2.503953,-0.03468677,-0.1304152,0.6984958,-0.9915017,-0.0448816,-0.1221086,0.01383609,0.8969043,-0.4420082,0.1293578,-0.4399413,-0.8886612,static,-16.767664119346104,-6.477899966518522,-2.842929427849658,-10.575847251682802,0.12294300000000002,-0.42271016,-0.5588460000000002,-0.2868015392109975,-0.10808040445181495,0.9518737035397787,-16.716680741076118,-7.131077471239982,14.444884311466229,14.515212991222345,14.295013618094423
1889,05/11/2023 10:04:25.955688,2069,True,True,True,True,Eyes,1.500118,0.05453053,-1.93531,0.394699,-0.5075266,-0.7659174,0.0,0.0,0.0,0.0,0.0,0.0,0.0,1.490026,-0.9421647,-1.895974,1.707056,0.0528203,-1.945696,-0.006474776,0.9714579,-0.2302803,0.0565582,26.53105,172.7525,357.5255,0.5832287,0.02264701,-0.811992,0.0,0.0,0.0,1.820221,-0.3697609,-2.503953,-0.03642746,-0.1260221,0.6970103,-0.9935188,-0.03862843,-0.1069058,0.01346854,0.8938581,-0.4481477,0.1128699,-0.4466828,-0.8875446,static,-16.99411195714206,-6.306019267833121,-2.991695501807267,-10.24857561143173,0.11316500000000018,-0.4225812,-0.558257,-0.2906548194697538,-0.1050967725262327,0.9510386208009083,-16.94474791117261,-6.963241121366965,14.480681452510977,14.546869667082339,14.33461175791326
1890,05/11/2023 10:04:25.975993,2070,True,True,True,True,Eyes,1.510436,0.05451305,-1.935391,0.3833039,-0.5122058,-0.7685853,0.0,0.0,0.0,0.0,0.0,0.0,0.0,1.533184,-0.9409176,-1.87128,1.716736,0.05172574,-1.946229,-0.006226691,0.9715878,-0.2316077,0.04833486,26.70856,173.7786,357.7874,0.5861896,0.02261009,-0.809858,0.0,0.0,0.0,1.820221,-0.3697609,-2.503953,-0.0376818,-0.1238282,0.6947396,-0.9952501,-0.034489,-0.09103882,0.01028989,0.8926383,-0.4506563,0.09680742,-0.4494525,-0.8880434,static,-17.189933011350174,-6.421388361980201,-3.1046088072181397,-10.10609320637446,0.10348500000000005,-0.42148664,-0.5577240000000001,-0.29384661556207725,-0.1069024546534873,0.94985580821339,-17.14170102825718,-7.082105875209204,14.490773213241992,14.559306567478076,14.359124534629634
1891,05/11/2023 10:04:25.985662,2071,True,True,True,True,Eyes,1.520757,0.05446862,-1.935527,0.3719468,-0.5167643,-0.7711097,0.0,0.0,0.0,0.0,0.0,0.0,0.0,1.574033,-0.9410678,-1.846458,1.726869,0.05099646,-1.946257,-0.006748402,0.971391,-0.2338386,0.04090976,26.98423,174.6793,357.9265,0.5891148,0.02257033,-0.8077338,0.0,0.0,0.0,1.820221,-0.3697609,-2.503953,-0.03689943,-0.1204745,0.6934702,-0.9965619,-0.03224323,-0.07632267,0.006021884,0.8905479,-0.4548495,0.08263481,-0.4537452,-0.887292,static,-17.269352227741482,-6.443550928729344,-3.045826199916063,-9.855460257450327,0.0933520000000001,-0.42075736,-0.5576960000000002,-0.2951526389567771,-0.10722468758919126,0.9494144086262177,-17.221604400324292,-7.105686336153986,14.556408977713943,14.627023549979004,14.440011918464977
1892,05/11/2023 10:04:26.005440,2072,True,True,True,True,Eyes,1.531091,0.05440256,-1.935688,0.360539,-0.5211516,-0.7735713,0.0,0.0,0.0,0.0,0.0,0.0,0.0,1.613008,-0.9350049,-1.82647,1.737123,0.05041495,-1.947275,-0.007249087,0.9715771,-0.2341792,0.03384731,27.03634,175.5464,358.0738,0.5920044,0.02252687,-0.8056195,0.0,0.0,0.0,1.820221,-0.3697609,-2.503953,-0.03559653,-0.1203128,0.6910866,-0.9976038,-0.02993876,-0.06237536,0.001766579,0.8902151,-0.455537,0.06916571,-0.4545555,-0.888029,static,-17.316931486721206,-6.667439876323367,-2.9485886722843087,-9.875771278518823,0.08309800000000012,-0.42017585,-0.556678,-0.2958205882664321,-0.11090980259441796,0.9487829636610361,-17.269259707171077,-7.3304233769439735,14.644575106634255,14.722182773607107,14.54511652856368
1893,05/11/2023 10:04:26.025918,2073,True,True,True,True,Eyes,1.541424,0.05426179,-1.935865,0.349155,-0.5252351,-0.7760277,0.0,0.0,0.0,0.0,0.0,0.0,0.0,1.651504,-0.9268959,-1.806528,1.747655,0.05000034,-1.947652,-0.007978112,0.9717792,-0.2342103,0.0269651,27.05021,176.3856,358.1895,0.59486,0.02247922,-0.8035146,0.0,0.0,0.0,1.820221,-0.3697609,-2.503953,-0.03356422,-0.1203963,0.6894307,-0.9984185,-0.02813693,-0.04867113,-0.00287492,0.8901637,-0.4556317,0.05614535,-0.4547712,-0.8888369,static,-17.33933378672471,-6.912992802042866,-2.7871851131959158,-9.905756723760543,0.07256600000000013,-0.41976124,-0.5563010000000002,-0.296054147501619,-0.11496628052759442,0.9482271940590186,-17.291555419124002,-7.576374720028909,14.770382362260168,14.856704443032472,14.690227312427716
1894,05/11/2023 10:04:26.035841,2074,True,True,True,True,Eyes,1.551763,0.05412133,-1.936053,0.3377756,-0.529222,-0.7783519,0.0,0.0,0.0,0.0,0.0,0.0,0.0,1.688737,-0.915565,-1.78779,1.757844,0.04819232,-1.947805,-0.008470953,0.9721037,-0.2335296,0.02016897,26.98056,177.2234,358.3352,0.5976829,0.02242477,-0.8014187,0.0,0.0,0.0,1.820221,-0.3697609,-2.503953,-0.03188873,-0.1200481,0.6873481,-0.9990429,-0.02588939,-0.03525621,-0.007049186,0.8907844,-0.4543716,0.04316908,-0.4536882,-0.8901143,static,-17.365808218659772,-7.226483657880288,-2.656267564405494,-9.90700951715239,0.06237700000000013,-0.41795322,-0.5561480000000001,-0.296309342800461,-0.1201427445471624,0.9475053856178359,-17.317880209672197,-7.89033626501989,14.854488806795473,14.951782674363143,14.799657305684855
1895,05/11/2023 10:04:26.055307,2075,True,True,True,True,Eyes,1.562114,0.05388682,-1.936283,0.326286,-0.532939,-0.7807134,0.0,0.0,0.0,0.0,0.0,0.0,0.0,1.725407,-0.908549,-1.766523,1.768225,0.04804834,-1.947861,-0.00994055,0.9719627,-0.2345216,0.01376456,27.10476,177.9773,358.3405,0.6004741,0.02236427,-0.7993311,0.0,0.0,0.0,1.820221,-0.3697609,-2.503953,-0.02890776,-0.1187661,0.6867062,-0.9994236,-0.02577985,-0.02209472,-0.01286751,0.8898016,-0.4561661,0.03141981,-0.4556188,-0.8896204,static,-17.297922505500235,-7.352473685372482,-2.4105145882517873,-9.812261120512515,0.05199600000000015,-0.41780924,-0.556092,-0.29510913731574034,-0.12227350498109965,0.9476073720212167,-17.24943338215152,-8.015113378167216,14.984959774198439,15.089250104648162,14.947349296104894
1896,05/11/2023 10:04:26.075427,2076,True,True,True,True,Eyes,1.572514,0.05364035,-1.93651,0.3147523,-0.5365888,-0.7829455,0.0,0.0,0.0,0.0,0.0,0.0,0.0,1.771663,-0.8871724,-1.742649,1.778718,0.04556113,-1.948532,-0.01257079,0.9722004,-0.2337588,0.005034741,27.02596,178.9923,358.2762,0.6032345,0.02229452,-0.7972519,0.0,0.0,0.0,1.820221,-0.3697609,-2.503953,-0.0281859,-0.1181979,0.684063,-0.9996334,-0.02679648,-0.00391249,-0.02208882,0.8903977,-0.4546472,0.01566662,-0.4543941,-0.8906631,static,-17.43897202088367,-7.750477366065,-2.359461231663966,-9.803229069048506,0.04150300000000007,-0.41532203,-0.5554210000000002,-0.29719490973448887,-0.12876583532935085,0.946094473026253,-17.39097834287515,-8.415632952516454,15.099403018078245,15.218588475817828,15.095427441687416
1897,05/11/2023 10:04:26.085352,2077,True,True,True,True,Eyes,1.58292,0.05334,-1.936748,0.3031653,-0.5399729,-0.785188,0.0,0.0,0.0,0.0,0.0,0.0,0.0,1.811356,-0.8790033,-1.717193,1.790209,0.04503773,-1.948213,-0.01389134,0.9719447,-0.2347896,-0.002105567,27.15914,179.8435,358.3245,0.6059663,0.02221602,-0.7951795,0.0,0.0,0.0,1.820221,-0.3697609,-2.503953,-0.02510925,-0.1161359,0.6838773,-0.9996053,-0.0260145,0.01061607,-0.02799196,0.8893618,-0.4563465,0.002430096,-0.4564635,-0.8897389,static,-17.451280278820402,-7.849792168966314,-2.1027282340387288,-9.638009806808409,0.03001200000000015,-0.41479863,-0.5557400000000001,-0.2973340987086744,-0.13039964892486985,0.9458268829483917,-17.403264209542062,-8.515166882329465,15.325534373227612,15.452371086395164,15.341681047744546
1898,05/11/2023 10:04:26.105654,2078,True,True,True,True,Eyes,1.593304,0.05300665,-1.936995,0.2914382,-0.5432204,-0.7873852,0.0,0.0,0.0,0.0,0.0,0.0,0.0,1.848164,-0.8645971,-1.696148,1.800679,0.04350424,-1.948285,-0.01482945,0.9721146,-0.2338654,-0.008970836,27.06198,180.6759,358.4147,0.6086707,0.02212754,-0.7931139,0.0,0.0,0.0,1.820221,-0.3697609,-2.503953,-0.02289527,-0.1160157,0.6826079,-0.9993995,-0.02463592,0.02437755,-0.03302779,0.8901741,-0.4544218,-0.01050517,-0.454954,-0.8904533,static,-17.447711322430695,-8.150987449841574,-1.9210307290529345,-9.64579021386828,0.01954200000000017,-0.41326514000000003,-0.555668,-0.2970749022320648,-0.13538132921659174,0.9452081668806073,-17.39936643592088,-8.81629650420453,15.458074639608522,15.598469333627435,15.500546315174667
1899,05/11/2023 10:04:26.128737,2079,True,True,True,True,Eyes,1.603638,0.0526174,-1.937269,0.2793828,-0.5462569,-0.7896509,0.0,0.0,0.0,0.0,0.0,0.0,0.0,1.887827,-0.8534123,-1.668195,1.810419,0.04248972,-1.948244,-0.01506418,0.9721177,-0.2333852,-0.01707578,27.01799,181.6832,358.6288,0.6113474,0.02202886,-0.7910552,0.0,0.0,0.0,1.820221,-0.3697609,-2.503953,-0.02335974,-0.1156489,0.6818643,-0.9989629,-0.02131784,0.04023086,-0.03725879,0.8906088,-0.4532413,-0.02616783,-0.4542702,-0.8904795,static,-17.58677722601588,-8.376814631304024,-1.9621078109888963,-9.626154360247385,0.009802000000000088,-0.41225062,-0.555709,-0.2992163810422122,-0.1390082772487648,0.9440053759256842,-17.539090080500838,-9.044605267900913,15.524645672058686,15.674538082099769,15.58783422966444
1900,05/11/2023 10:04:26.135666,2080,True,True,True,True,Eyes,1.613981,0.05215416,-1.937535,0.2668553,-0.5492823,-0.791882,0.0,0.0,0.0,0.0,0.0,0.0,0.0,1.936648,-0.8339757,-1.631714,1.819433,0.04080335,-1.948489,-0.01675171,0.9719595,-0.2329064,-0.0277286,26.98004,182.9652,358.7367,0.6139955,0.02191886,-0.7890047,0.0,0.0,0.0,1.820221,-0.3697609,-2.503953,-0.0269949,-0.1148562,0.680576,-0.9979013,-0.01964763,0.06170531,-0.0454803,0.890948,-0.4518221,-0.04609898,-0.4536801,-0.8899718,static,-17.912232523453252,-8.67837365486371,-2.271434002873657,-9.579159623702372,0.0007880000000000109,-0.41056425,-0.5554640000000002,-0.30436639875290733,-0.14372883180934393,0.9416490940750102,-17.8663152859949,-9.351973384970746,15.50548597859536,15.666716111649608,15.596536019953735
1901,05/11/2023 10:04:26.155313,2081,True,True,True,True,Eyes,1.624383,0.05167394,-1.937757,0.2539321,-0.5522492,-0.7940651,0.0,0.0,0.0,0.0,0.0,0.0,0.0,1.998307,-0.8096272,-1.579309,1.829855,0.03851071,-1.947586,-0.01901041,0.9713868,-0.2330173,-0.04182411,27.01926,184.6613,358.8782,0.616617,0.02179581,-0.7869611,0.0,0.0,0.0,1.820221,-0.3697609,-2.503953,-0.03342265,-0.1121146,0.6801735,-0.9957787,-0.01744145,0.09011429,-0.05642441,0.8906831,-0.4511096,-0.07239527,-0.45429,-0.8879074,static,-18.559530490068482,-8.970342906096226,-2.813161235147916,-9.360034083972517,-0.00963399999999992,-0.40827161,-0.5563670000000001,-0.31478476143508877,-0.14799655361882938,0.9375540770719641,-18.517446183074362,-9.655498318390153,15.576733891416191,15.751190555841239,15.707064169967891
1902,05/11/2023 10:04:26.175341,2082,True,True,True,True,Eyes,1.634803,0.05120722,-1.937974,0.2409935,-0.5550435,-0.7961462,0.0,0.0,0.0,0.0,0.0,0.0,0.0,2.046877,-0.7974728,-1.534435,1.841612,0.03766989,-1.946075,-0.02018405,0.9705139,-0.2344153,-0.05239361,27.20152,185.9525,359.0585,0.6192143,0.02166048,-0.7849227,0.0,0.0,0.0,1.820221,-0.3697609,-2.503953,-0.03480379,-0.1083001,0.6817223,-0.9936951,-0.01461407,0.1111603,-0.06374152,0.8892842,-0.4528915,-0.09223453,-0.4571216,-0.8846089,static,-18.871277125092398,-9.010338259294215,-2.922569074282811,-9.026717797387061,-0.021390999999999938,-0.40743079,-0.5578780000000001,-0.31986246915618444,-0.14838486538851162,0.9357723324921943,-18.83114104621423,-9.701059676199137,15.76818119671185,15.948716461810545,15.92285775718799
1903,05/11/2023 10:04:26.186399,2083,True,True,True,True,Eyes,1.64519,0.05068794,-1.938192,0.2278658,-0.5575236,-0.7982761,0.0,0.0,0.0,0.0,0.0,0.0,0.0,2.08496,-0.7773024,-1.505762,1.85241,0.03763294,-1.945697,-0.02238473,0.9702485,-0.2334665,-0.06008745,27.11197,186.8489,359.0099,0.6217888,0.02151473,-0.7828889,0.0,0.0,0.0,1.820221,-0.3697609,-2.503953,-0.03273737,-0.1088621,0.682446,-0.991777,-0.01538068,0.1270517,-0.0714943,0.8899847,-0.4503508,-0.1061473,-0.455731,-0.883766,static,-18.822449159551883,-9.288039247299922,-2.74640972444717,-9.063321385610072,-0.0321889999999998,-0.40739384,-0.5582560000000001,-0.31883922096079137,-0.15297427445977388,0.9353825643705528,-18.78171939478156,-9.977887052846743,15.882091990221726,16.07760996032695,16.061369386923637
1904,05/11/2023 10:04:26.206204,2084,True,True,True,True,Eyes,1.655558,0.05027917,-1.93844,0.2146538,-0.560057,-0.8001624,0.0,0.0,0.0,0.0,0.0,0.0,0.0,2.125786,-0.7538888,-1.471515,1.861991,0.03583882,-1.945347,-0.02453345,0.9698348,-0.2324425,-0.06920458,27.01715,187.9249,359.0086,0.6243401,0.02135766,-0.7808601,0.0,0.0,0.0,1.820221,-0.3697609,-2.503953,-0.03378302,-0.1079942,0.6822699,-0.9892177,-0.01541462,0.1456392,-0.07975896,0.8907373,-0.4474659,-0.1228288,-0.4542571,-0.8823624,static,-18.92388421404413,-9.597101556056602,-2.8347210815224204,-8.994532677237077,-0.04176999999999986,-0.40559972,-0.5586060000000002,-0.320241299718597,-0.15793878303201933,0.9340775204693175,-18.883487538367415,-10.288758507228057,15.888554426135162,16.100442837345113,16.100867221530923
1905,05/11/2023 10:04:26.225577,2085,True,True,True,True,Eyes,1.6659,0.04987169,-1.938739,0.2011712,-0.5621545,-0.8021922,0.0,0.0,0.0,0.0,0.0,0.0,0.0,2.169086,-0.735972,-1.429748,1.871875,0.03797597,-1.945611,-0.02827132,0.9685907,-0.2341427,-0.07880467,27.26024,189.0235,358.8485,0.6268677,0.02119485,-0.778837,0.0,0.0,0.0,1.820221,-0.3697609,-2.503953,-0.03441383,-0.1068804,0.6841457,-0.9859814,-0.01786361,0.165898,-0.09166976,0.8887559,-0.449121,-0.1394199,-0.4580327,-0.8779344,static,-18.99390595057585,-9.591224919634515,-2.879659543524661,-8.87923947007964,-0.05165399999999987,-0.40773687000000003,-0.5583420000000001,-0.3213909495940656,-0.15777808523157585,0.9337096939949869,-18.953961967906377,-10.284132152367924,15.917122357350673,16.129967778874825,16.135579378480067
1906,05/11/2023 10:04:26.235786,2086,True,True,True,True,Eyes,1.676235,0.04946095,-1.939013,0.1875256,-0.5642508,-0.8040244,0.0,0.0,0.0,0.0,0.0,0.0,0.0,2.217885,-0.6960195,-1.387991,1.881569,0.03748139,-1.946346,-0.0327787,0.968069,-0.2314958,-0.09043261,27.00937,190.3401,358.6111,0.62937,0.021027,-0.7768207,0.0,0.0,0.0,1.820221,-0.3697609,-2.503953,-0.03708641,-0.1096388,0.683476,-0.9814953,-0.02159454,0.1902663,-0.1053336,0.8906705,-0.4422792,-0.1599137,-0.4541362,-0.8764636,static,-19.235996669935645,-10.152632782635372,-3.105907155996833,-9.113377716292794,-0.06134799999999996,-0.40724229,-0.5576070000000002,-0.324849371603684,-0.1667111123011704,0.9309566813527675,-19.197026714007468,-10.849858958180388,15.922151441074034,16.163534230501618,16.18454496529389
1907,05/11/2023 10:04:26.255892,2087,True,True,True,True,Eyes,1.686524,0.04922716,-1.939399,0.1738861,-0.5661294,-0.8057674,0.0,0.0,0.0,0.0,0.0,0.0,0.0,2.258916,-0.67752,-1.342691,1.891755,0.03702598,-1.945366,-0.03455597,0.9669045,-0.2319689,-0.1004601,27.09882,191.5497,358.6987,0.6318484,0.02085462,-0.7748109,0.0,0.0,0.0,1.820221,-0.3697609,-2.503953,-0.03932903,-0.1072287,0.6852496,-0.9774274,-0.02021742,0.2103023,-0.1134318,0.8899927,-0.4416405,-0.1782387,-0.4555265,-0.8721965,static,-19.43167401753504,-10.226247616328973,-3.284814847716453,-8.893591434408252,-0.07153399999999999,-0.40678688,-0.5585870000000002,-0.3279701893600251,-0.16771575113480855,0.9296811055048749,-19.393877634677434,-10.926967153921217,15.953480408449396,16.20176019910078,16.236887654072007
1908,05/11/2023 10:04:26.275384,2088,True,True,True,True,Eyes,1.696777,0.04888015,-1.939836,0.1598637,-0.5676521,-0.8075981,0.0,0.0,0.0,0.0,0.0,0.0,0.0,2.296538,-0.6525114,-1.307409,1.900961,0.04082113,-1.947783,-0.03940519,0.965722,-0.232283,-0.1089635,27.20844,192.4776,358.3577,0.6343004,0.02068507,-0.7728094,0.0,0.0,0.0,1.820221,-0.3697609,-2.503953,-0.03819441,-0.110024,0.68619,-0.9731483,-0.02548818,0.2287631,-0.1267296,0.8889838,-0.440054,-0.1921505,-0.4572289,-0.8683431,static,-19.307380846631087,-10.32850368355937,-3.1858853484627114,-9.109294270566034,-0.08073999999999981,-0.41058203,-0.55617,-0.32585138303815975,-0.16950610058820684,0.9301013699437336,-19.268687599884082,-11.027003299531012,15.916090639315764,16.167531929462665,16.196732268519415
1909,05/11/2023 10:04:26.285954,2089,True,True,True,True,Eyes,1.707014,0.04858141,-1.940237,0.1458982,-0.5692728,-0.8090996,0.0,0.0,0.0,0.0,0.0,0.0,0.0,2.342177,-0.6106111,-1.260744,1.91036,0.03787481,-1.948641,-0.04099263,0.9654914,-0.226615,-0.1216221,26.58729,193.9955,358.46,0.6367245,0.02051376,-0.7708179,0.0,0.0,0.0,1.820221,-0.3697609,-2.503953,-0.04376577,-0.1148323,0.6837851,-0.9670556,-0.02403327,0.2534292,-0.1342788,0.8939305,-0.4276184,-0.216271,-0.4475608,-0.8677077,static,-19.763475775384943,-11.157255830558439,-3.6622296208055465,-9.533082928686053,-0.09013899999999997,-0.40763571,-0.555312,-0.3324596023387256,-0.18249557009131515,0.9252923581296143,-19.726850198550594,-11.86389373440698,15.88569071228045,16.182956013829315,16.232828260009867
1910,05/11/2023 10:04:26.306449,2090,True,True,True,True,Eyes,1.717141,0.04837192,-1.940753,0.1320192,-0.5708483,-0.8103722,0.0,0.0,0.0,0.0,0.0,0.0,0.0,2.372277,-0.6135142,-1.215824,1.920255,0.03872525,-1.947678,-0.04190452,0.9632436,-0.2318754,-0.1289949,27.22693,194.9287,358.6527,0.6391225,0.02034283,-0.7688353,0.0,0.0,0.0,1.820221,-0.3697609,-2.503953,-0.04415491,-0.1065891,0.6877494,-0.9632088,-0.02090703,0.2679403,-0.14055,0.8889557,-0.435894,-0.2290739,-0.4575159,-0.8591883,static,-19.720576497210207,-10.55571740231433,-3.6734638717367387,-8.80975209156005,-0.10003399999999996,-0.40848615,-0.5562750000000001,-0.3323586229056208,-0.17277772561308338,0.9271922975449155,-19.684288463840478,-11.261593200569418,15.873554468154138,16.141815835927112,16.197469831518195
1911,05/11/2023 10:04:26.325895,2091,True,True,True,True,Eyes,1.727184,0.04809507,-1.941278,0.118007,-0.5721514,-0.8116139,0.0,0.0,0.0,0.0,0.0,0.0,0.0,2.399554,-0.599543,-1.185349,1.927789,0.04063091,-1.950472,-0.04392538,0.9621642,-0.2321067,-0.1357843,27.2954,195.729,358.614,0.6414906,0.02017574,-0.7668649,0.0,0.0,0.0,1.820221,-0.3697609,-2.503953,-0.04389967,-0.1081074,0.6875455,-0.9592665,-0.02149394,0.2816843,-0.1475597,0.8883941,-0.4347208,-0.2409028,-0.4585783,-0.8553783,static,-19.545717879260238,-10.551006225215096,-3.6533670417241395,-8.93583842777547,-0.10756799999999989,-0.41039181,-0.5534810000000001,-0.32952120615748226,-0.17288370173514694,0.9281847874270733,-19.508319077426684,-11.253759938872944,15.7099891209951,15.974216167224615,16.023491011200917
1912,05/11/2023 10:04:26.345461,2092,True,True,True,True,Eyes,1.737147,0.04786417,-1.941828,0.1041576,-0.5737044,-0.8124127,0.0,0.0,0.0,0.0,0.0,0.0,0.0,2.432783,-0.5787567,-1.140312,1.935855,0.03876421,-1.950554,-0.04408803,0.961153,-0.2302332,-0.1457191,27.09245,196.968,358.8639,0.6438282,0.02000962,-0.7649078,0.0,0.0,0.0,1.820221,-0.3697609,-2.503953,-0.04876617,-0.1082565,0.6873257,-0.9536447,-0.01765193,0.3004178,-0.1518494,0.8900979,-0.4297296,-0.2598157,-0.4554275,-0.8515175,static,-19.793650055344198,-10.842209841437883,-4.058369057627232,-8.950778464258176,-0.11563400000000001,-0.40852511,-0.5533990000000002,-0.33326546587977424,-0.17735152195817389,0.9260024331768608,-19.75753710512072,-11.549388533487866,15.567763527165814,15.848551376441083,15.912782650289119
1913,05/11/2023 10:04:26.355347,2093,True,True,True,True,Eyes,1.746988,0.04764243,-1.942478,0.09038337,-0.5749069,-0.8132116,0.0,0.0,0.0,0.0,0.0,0.0,0.0,2.458848,-0.5714517,-1.102347,1.943949,0.03954116,-1.951194,-0.04694184,0.9589092,-0.2347207,-0.1523022,27.67466,197.7543,358.8011,0.6461343,0.01984624,-0.7629651,0.0,0.0,0.0,1.820221,-0.3697609,-2.503953,-0.04860857,-0.1014918,0.6897213,-0.9492011,-0.01852899,0.3141243,-0.1615229,0.8854053,-0.435853,-0.2700514,-0.4644504,-0.8434206,static,-19.59834794208051,-10.326837597103955,-4.031292970253533,-8.370943452256347,-0.12372799999999984,-0.40930206,-0.552759,-0.33058912702207544,-0.16918396582597325,0.9284868434269303,-19.561512687720832,-11.0305324649642,15.434582615408882,15.68944621080464,15.756304712378673
1914,05/11/2023 10:04:26.375543,2094,True,True,True,True,Eyes,1.756753,0.04739526,-1.943169,0.07660689,-0.5761018,-0.8137802,0.0,0.0,0.0,0.0,0.0,0.0,0.0,2.488772,-0.5413036,-1.066673,1.950953,0.03954181,-1.953716,-0.04989712,0.957891,-0.2324743,-0.1609692,27.47966,198.7506,358.6598,0.6484061,0.01968571,-0.7610394,0.0,0.0,0.0,1.820221,-0.3697609,-2.503953,-0.05064966,-0.1045223,0.6883969,-0.9431986,-0.02074962,0.3315815,-0.1704344,0.886932,-0.4293061,-0.2851823,-0.4614338,-0.8400895,static,-19.590155622744966,-10.663048264142843,-4.208025994720489,-8.633525972500534,-0.13073199999999985,-0.40930271,-0.5502370000000001,-0.33013599658133963,-0.17465870469699607,0.9276339116836798,-19.552926475664222,-11.366594697528798,15.245727309767359,15.515439814121335,15.586392636713436
1915,05/11/2023 10:04:26.385493,2095,True,True,True,True,Eyes,1.766424,0.04716125,-1.943901,0.06306586,-0.577235,-0.8141391,0.0,0.0,0.0,0.0,0.0,0.0,0.0,2.517026,-0.5191109,-1.027339,1.958953,0.03865769,-1.954821,-0.05229823,0.9563235,-0.2325679,-0.1691818,27.54959,199.7266,358.6211,0.6506429,0.01952688,-0.7591321,0.0,0.0,0.0,1.820221,-0.3697609,-2.503953,-0.05230375,-0.1026613,0.6887119,-0.9372851,-0.02133555,0.3479108,-0.1787205,0.8863541,-0.4271245,-0.2992593,-0.4625161,-0.8345797,static,-19.586273867962653,-10.694076943905715,-4.342951860689453,-8.478240438648873,-0.13873199999999986,-0.40841859,-0.5491320000000002,-0.33004285835385094,-0.17516707641149026,0.9275711450139124,-19.548988427612862,-11.397553868903854,15.130981020148322,15.403531972747299,15.483731429428726
1916,05/11/2023 10:04:26.406353,2096,True,True,True,True,Eyes,1.776005,0.04694786,-1.944704,0.0496426,-0.5784744,-0.8141886,0.0,0.0,0.0,0.0,0.0,0.0,0.0,2.539631,-0.5075421,-0.9936366,1.966445,0.03867239,-1.956076,-0.05435738,0.9545456,-0.2347673,-0.1754207,27.85678,200.4825,358.6126,0.6528442,0.01937015,-0.7572439,0.0,0.0,0.0,1.820221,-0.3697609,-2.503953,-0.0523597,-0.09867361,0.6898484,-0.9325459,-0.0214071,0.3604169,-0.1861393,0.8838592,-0.4291213,-0.3093716,-0.467263,-0.828224,static,-19.40600019795612,-10.435268089005941,-4.3404446854028995,-8.140181879033653,-0.1462239999999999,-0.40843329,-0.5478770000000002,-0.3273577303173778,-0.17114467652332194,0.92927203318472,-19.367827634138102,-11.135527875631647,14.980066221175006,15.239369528068663,15.323000226041671
1917,05/11/2023 10:04:26.425516,2097,True,True,True,True,Eyes,1.785501,0.04673819,-1.945549,0.0363962,-0.5795909,-0.8140944,0.0,0.0,0.0,0.0,0.0,0.0,0.0,2.562861,-0.4953463,-0.9584639,1.973958,0.03892327,-1.958125,-0.05643725,0.952667,-0.2368743,-0.1820195,28.15575,201.2863,358.6157,0.6550088,0.01921616,-0.7553762,0.0,0.0,0.0,1.820221,-0.3697609,-2.503953,-0.0526152,-0.09529877,0.6904604,-0.9273674,-0.02130037,0.3735449,-0.1937633,0.8814108,-0.4307792,-0.3200707,-0.4718699,-0.8215189,static,-19.2782745991965,-10.186109475280173,-4.357692231788453,-7.858431511049557,-0.153737,-0.40868417,-0.5458280000000002,-0.3255080454752172,-0.16721496074805886,0.9306361566592708,-19.239540350126,-10.884090311628146,14.854310279432665,15.101055025652105,15.186310104656279
1918,05/11/2023 10:04:26.445257,2098,True,True,True,True,Eyes,1.794892,0.04655401,-1.946425,0.02340136,-0.5808229,-0.8136935,0.0,0.0,0.0,0.0,0.0,0.0,0.0,2.58263,-0.4914399,-0.9252844,1.981454,0.03886034,-1.959585,-0.05661011,0.9510643,-0.238765,-0.1877855,28.38688,202.0419,358.8272,0.6571363,0.01906487,-0.75353,0.0,0.0,0.0,1.820221,-0.3697609,-2.503953,-0.05297369,-0.09193513,0.6914087,-0.9230639,-0.0180065,0.3842252,-0.1973529,0.8795732,-0.4329005,-0.3301592,-0.4754228,-0.8154559,static,-19.15873254522831,-9.935577755919219,-4.381273631129461,-7.574067645002446,-0.16123299999999996,-0.40862124,-0.5443680000000002,-0.32378386766708156,-0.16324618145479186,0.9319413436668023,-19.119490215164294,-10.631425768669516,14.730352101931532,14.964959804885602,15.051992119791734
1919,05/11/2023 10:04:26.455605,2099,True,True,True,True,Eyes,1.804171,0.04638645,-1.947362,0.01056675,-0.5819286,-0.8131713,0.0,0.0,0.0,0.0,0.0,0.0,0.0,2.597242,-0.4958342,-0.899477,1.988375,0.03936692,-1.960966,-0.0563102,0.9495562,-0.2418011,-0.1915841,28.7366,202.5747,359.0663,0.6592263,0.01891706,-0.751706,0.0,0.0,0.0,1.820221,-0.3697609,-2.503953,-0.05175669,-0.08750176,0.6929365,-0.9202495,-0.01428891,0.3910714,-0.1995899,0.8767228,-0.4376311,-0.336608,-0.4807837,-0.8096555,static,-18.868566322338125,-9.501747280469754,-4.271594417206414,-7.197031212868413,-0.16815399999999991,-0.40912782000000003,-0.5429870000000001,-0.3194170057009744,-0.15642997594434885,0.9346135853615045,-18.827913622565852,-10.192417138772006,14.564808399115057,14.777797703022745,14.861317763018775
1920,05/11/2023 10:04:26.475883,2100,True,True,True,True,Eyes,1.813357,0.04622281,-1.948338,-0.00212599,-0.5831116,-0.8123893,0.0,0.0,0.0,0.0,0.0,0.0,0.0,2.616086,-0.4874619,-0.8679483,1.995037,0.0395938,-1.962934,-0.0575025,0.9478601,-0.2436227,-0.1972386,28.98128,203.2912,359.1547,0.6612778,0.01877307,-0.7499055,0.0,0.0,0.0,1.820221,-0.3697609,-2.503953,-0.05210911,-0.08460638,0.6935127,-0.9155812,-0.01290503,0.401927,-0.2051122,0.8746828,-0.439157,-0.3458913,-0.4845239,-0.8034901,static,-18.712435696194113,-9.273606065426835,-4.297011956408235,-6.955534810581372,-0.17481599999999986,-0.4093547,-0.5410190000000001,-0.3170494907800677,-0.15283535154728256,0.936013359069222,-18.671018737955837,-9.961489664350383,14.398501132971298,14.600612861798751,14.684952691066934
1921,05/11/2023 10:04:26.485783,2101,True,True,True,True,Eyes,1.822439,0.04611934,-1.94935,-0.01456608,-0.5845222,-0.811247,0.0,0.0,0.0,0.0,0.0,0.0,0.0,2.633929,-0.4818902,-0.8362062,2.002044,0.03957729,-1.964508,-0.05808729,0.946175,-0.245579,-0.2026564,29.2266,204.0007,359.3181,0.6632909,0.01863273,-0.748129,0.0,0.0,0.0,1.820221,-0.3697609,-2.503953,-0.05235365,-0.08112693,0.6944751,-0.9111124,-0.01038516,0.412027,-0.2094578,0.8726336,-0.4411779,-0.3549669,-0.4882649,-0.7972426,static,-18.570702494783184,-9.0393238402888,-4.311141065258335,-6.6629578808811605,-0.18182300000000007,-0.40933819,-0.5394450000000002,-0.31491389072369924,-0.14911847877530876,0.9373329124198116,-18.52861937010911,-9.724678286476937,14.264005484794666,14.456216909531488,14.543411607698657
1922,05/11/2023 10:04:26.505277,2102,True,True,True,True,Eyes,1.831406,0.04610843,-1.95043,-0.0268212,-0.5858988,-0.8099402,0.6885823,1.812937,-0.3573311,-2.50814,-0.485491,0.8284971,-0.2790898,-0.04597645,-0.0625158,0.696213,2.008733,0.04087397,-1.966078,-0.05963355,0.9443868,-0.2488028,-0.2065781,29.64141,204.5058,359.3513,0.6652654,0.01849801,-0.7463771,0.0,0.0,0.0,1.820221,-0.3697609,-2.503953,-0.05070643,-0.07675192,0.6964231,-0.9075385,-0.009839892,0.4198532,-0.2154287,0.8690821,-0.4452941,-0.3605053,-0.4945701,-0.7908452,static,-18.249585364496205,-8.635546502979325,-4.1643461276599725,-6.289115778618198,-0.1885119999999998,-0.41063487,-0.5378750000000001,-0.3099496125241336,-0.14275435787075508,0.9399746481644958,-18.205863873479917,-9.315169970674463,14.104984019308263,14.27934527571684,14.363886123867653
1923,05/11/2023 10:04:26.515967,2103,True,True,True,True,Eyes,1.840259,0.04614934,-1.951575,-0.0389322,-0.5868583,-0.8087531,0.6862715,1.813541,-0.3565947,-2.506599,-0.4453659,0.8778006,-0.1763947,-0.04508485,-0.0634861,0.6956169,2.015011,0.04307894,-1.968438,-0.06099803,0.9431194,-0.2492555,-0.2113693,29.73186,205.0948,359.3608,0.6672005,0.01837186,-0.7446508,0.0,0.0,0.0,1.820221,-0.3697609,-2.503953,-0.04985559,-0.07756636,0.6976061,-0.9032048,-0.009686919,0.4291011,-0.2204268,0.8683019,-0.4443692,-0.3682848,-0.4959417,-0.7863897,static,-18.01734879332934,-8.554368978365849,-4.087788994378909,-6.344619083066747,-0.1947899999999998,-0.41283984,-0.5355150000000002,-0.3061882168117145,-0.14160362507956717,0.9413804472610039,-17.97222817480976,-9.229846364685256,13.93582601356366,14.103745275362513,14.181050307423604
1924,05/11/2023 10:04:26.535526,2104,True,True,True,True,Eyes,1.849,0.04620042,-1.952783,-0.05097174,-0.5876068,-0.8075395,0.6847946,1.814094,-0.3561896,-2.505781,-0.4083835,0.904637,-0.1218801,-0.04518069,-0.06713384,0.6949747,2.021231,0.04431356,-1.970777,-0.06258696,0.9422694,-0.2471485,-0.2170921,29.53369,205.7636,359.2993,0.6690952,0.01825541,-0.7429518,0.0,0.0,0.0,1.820221,-0.3697609,-2.503953,-0.04973269,-0.08112288,0.6979145,-0.8979081,-0.01063957,0.4400551,-0.2252556,0.870001,-0.4385867,-0.378182,-0.4929353,-0.7835775,static,-17.854905106576663,-8.786821842011724,-4.075950307449918,-6.6300871121817595,-0.20101000000000013,-0.41407446000000003,-0.5331760000000001,-0.3033419692958618,-0.14556081723652115,0.9416982594728853,-17.8085119386006,-9.459397289709335,13.7726511977271,13.946723631420845,14.020993011695461
1925,05/11/2023 10:04:26.555558,2105,True,True,True,True,Eyes,1.857625,0.04625046,-1.954065,-0.06297658,-0.5880653,-0.806358,0.6839713,1.814551,-0.3559694,-2.505591,-0.3779931,0.9193493,-0.1091696,-0.04550236,-0.07077974,0.6944034,2.027375,0.04461269,-1.973128,-0.06393456,0.9415621,-0.2443884,-0.2228176,29.2555,206.4309,359.2455,0.670949,0.01814808,-0.7412807,0.0,0.0,0.0,1.820221,-0.3697609,-2.503953,-0.04966673,-0.08481827,0.6976621,-0.8925295,-0.01148867,0.4508429,-0.2293047,0.8723734,-0.4317221,-0.3883435,-0.4887051,-0.7812535,static,-17.700227025911573,-9.075944526367062,-4.072030290774303,-6.931716616284763,-0.20715400000000006,-0.41437359,-0.5308250000000001,-0.3005762257607367,-0.15044908950848246,0.9418169009048872,-17.65255326827332,-9.745756326903471,13.612974151438245,13.795849360658519,13.869009475637318
1926,05/11/2023 10:04:26.575397,2106,True,True,True,True,Eyes,1.866164,0.04627897,-1.955432,-0.07496695,-0.5884427,-0.805056,0.6833108,1.814938,-0.3558103,-2.505536,-0.3521464,0.9299798,-0.1055017,-0.04598117,-0.07363519,0.6936122,2.033344,0.04454968,-1.975776,-0.06623187,0.9405864,-0.2418668,-0.228935,29.03336,207.1241,359.0923,0.6727615,0.01804895,-0.7396385,0.0,0.0,0.0,1.820221,-0.3697609,-2.503953,-0.04973803,-0.08774638,0.6970453,-0.8864043,-0.01385005,0.4627048,-0.2353371,0.8742276,-0.4246676,-0.3986276,-0.4853188,-0.7781786,static,-17.550259558202228,-9.339094842773436,-4.081452478878877,-7.174843082955526,-0.21312299999999995,-0.41431058,-0.5281770000000001,-0.29790227924448176,-0.15490917849504554,0.9419434146224105,-17.501361654305434,-10.006227271382977,13.45039964461186,13.641581646565244,13.715345372945404
1927,05/11/2023 10:04:26.585261,2107,True,True,True,True,Eyes,1.874641,0.04631407,-1.956873,-0.08691996,-0.5887042,-0.8036617,0.6828855,1.815285,-0.3557036,-2.505682,-0.3290918,0.9372314,-0.1153085,-0.04728368,-0.07459638,0.6929445,2.039985,0.04400042,-1.978692,-0.06900471,0.9390187,-0.2402091,-0.2361819,28.92845,207.964,358.9442,0.6745331,0.01795638,-0.7380256,0.0,0.0,0.0,1.820221,-0.3697609,-2.503953,-0.0505708,-0.08882117,0.6963815,-0.8789128,-0.01612734,0.4767095,-0.2430595,0.8750759,-0.4185263,-0.4104072,-0.483717,-0.7730354,static,-17.51702794931787,-9.505586909602865,-4.153493564358518,-7.268641969337183,-0.21976400000000007,-0.41376132,-0.5252610000000002,-0.29722387790728855,-0.15768055622792845,0.9416977493762717,-17.467748861224894,-10.172124915521005,13.351974754619473,13.549463971824538,13.6271643172347
1928,05/11/2023 10:04:26.605663,2108,True,True,True,True,Eyes,1.883033,0.04637064,-1.958403,-0.09882499,-0.5888494,-0.8021783,0.6827416,1.815561,-0.3556614,-2.506083,-0.3106035,0.9398702,-0.1420192,-0.04771107,-0.07457653,0.6934232,2.047093,0.04417352,-1.98149,-0.07049787,0.9374575,-0.2396986,-0.2423804,28.92007,208.723,358.9539,0.6762637,0.01786999,-0.7364423,0.0,0.0,0.0,1.820221,-0.3697609,-2.503953,-0.05051132,-0.08895761,0.6966462,-0.8725638,-0.015981,0.4882391,-0.248374,0.8751493,-0.4152399,-0.4206461,-0.4835891,-0.7675928,static,-17.443408255031827,-9.502335540974201,-4.14705458029596,-7.276951433787405,-0.22687199999999974,-0.41393442,-0.5224630000000001,-0.29601325244185045,-0.15768920837016562,0.9420776440730018,-17.39366279491026,-10.167559082143454,13.28489790986704,13.481296505461984,13.558327395671691
1929,05/11/2023 10:04:26.625871,2109,True,True,True,True,Eyes,1.891333,0.04639737,-1.960038,-0.1108173,-0.5887836,-0.800658,0.6831013,1.815634,-0.3558015,-2.506968,-0.3058271,0.9306242,-0.2010184,-0.04827327,-0.07713014,0.6939084,2.053552,0.04483627,-1.984788,-0.07042101,0.9363866,-0.2381184,-0.2480335,28.74259,209.4416,359.1008,0.6779532,0.01778997,-0.7348893,0.0,0.0,0.0,1.820221,-0.3697609,-2.503953,-0.05055681,-0.09175435,0.6963416,-0.8670407,-0.0137599,0.4980475,-0.2500052,0.876681,-0.4110083,-0.4309734,-0.4808753,-0.7635581,static,-17.361292537014002,-9.601511108676862,-4.152585648867908,-7.5064087160832536,-0.23333099999999973,-0.41459717,-0.5191650000000001,-0.2945810869122167,-0.15939346769727603,0.9422396405699052,-17.31092242504949,-10.265267829871942,13.176419772386092,13.373832348747666,13.444446077289596
1930,05/11/2023 10:04:26.636339,2110,True,True,True,True,Eyes,1.899554,0.04639117,-1.961779,-0.1228696,-0.5885505,-0.7990691,0.6841227,1.815496,-0.3562497,-2.508441,-0.3149782,0.9007137,-0.2991717,-0.05067873,-0.08040327,0.6937933,2.059754,0.04428035,-1.988541,-0.06949768,0.9352697,-0.2356044,-0.2548162,28.43267,210.317,359.3532,0.6796015,0.01771455,-0.7333673,0.0,0.0,0.0,1.820221,-0.3697609,-2.503953,-0.05232427,-0.09528434,0.6947224,-0.8604777,-0.009926498,0.5093917,-0.2500698,0.8793213,-0.4052891,-0.4438958,-0.4761257,-0.7591186,static,-17.42593636833857,-9.820395628479691,-4.3072028341417905,-7.809650192696,-0.23953299999999977,-0.41404125,-0.5154120000000002,-0.2954703200346731,-0.16294508145412462,0.9413534121878648,-17.37575625713084,-10.485305164350008,13.06783039008779,13.271935305326952,13.339648349820004
1931,05/11/2023 10:04:26.655697,2111,True,True,True,True,Eyes,1.907717,0.04631069,-1.963624,-0.1349003,-0.5882177,-0.7973717,0.0,0.0,0.0,0.0,0.0,0.0,0.0,2.801443,-0.3191147,-0.5395558,2.066213,0.04365038,-1.99246,-0.06836364,0.9341578,-0.2330545,-0.2614601,28.11015,211.1774,359.6196,0.6812082,0.01764209,-0.7318769,0.0,0.0,0.0,1.820221,-0.3697609,-2.503953,-0.05367714,-0.09881184,0.6931096,-0.8539302,-0.005855898,0.5203549,-0.2495937,0.882024,-0.3996707,-0.456625,-0.4711681,-0.7546486,static,-17.485750869156707,-10.037412010772883,-4.428372019831806,-8.113590137782236,-0.24599199999999977,-0.41341128,-0.5114930000000002,-0.2962761986554721,-0.16646589116846364,0.940483547268118,-17.43573184698616,-10.703388145230582,12.987427080208835,13.198342055492976,13.262671804446208
1932,05/11/2023 10:04:26.675439,2112,True,True,True,True,Eyes,1.915838,0.04616306,-1.965557,-0.1467696,-0.5878295,-0.7955597,0.0,0.0,0.0,0.0,0.0,0.0,0.0,2.816216,-0.3101509,-0.507915,2.073118,0.04194339,-1.996412,-0.06708346,0.9330915,-0.2309026,-0.2674402,27.826,211.9594,359.8908,0.6827736,0.01756958,-0.7304185,0.0,0.0,0.0,1.820221,-0.3697609,-2.503953,-0.05389524,-0.1007123,0.6913812,-0.8479514,-0.001684762,0.5300719,-0.2486953,0.8843676,-0.3950248,-0.4681128,-0.4667881,-0.7503197,static,-17.49293716863958,-10.197301276364874,-4.457363949499148,-8.287883996419119,-0.2528969999999999,-0.41170429,-0.507541,-0.29625992374846155,-0.16909066821052646,0.9400204659065531,-17.442801527905505,-10.863404695595532,12.957909255134174,13.174674322370429,13.238387211989766
1933,05/11/2023 10:04:26.685679,2113,True,True,True,True,Eyes,1.92389,0.04596181,-1.967594,-0.1583843,-0.5874497,-0.7936103,0.0,0.0,0.0,0.0,0.0,0.0,0.0,2.829081,-0.3031712,-0.4843252,2.08031,0.04027592,-2.000216,-0.06665547,0.9320393,-0.2303309,-0.2716759,27.74725,212.5157,0.05824457,0.6842988,0.01749458,-0.7289915,0.0,0.0,0.0,1.820221,-0.3697609,-2.503953,-0.05155674,-0.09998162,0.6905606,-0.8434989,0.000899666,0.5371308,-0.2494017,0.8850095,-0.3931375,-0.4757196,-0.4655721,-0.7462801,static,-17.30462704220803,-10.145050013984127,-4.269738795714071,-8.238224700297412,-0.2600889999999998,-0.41003682,-0.5037370000000001,-0.2932040280948124,-0.16839935713203674,0.9411020663079872,-17.2533431217042,-10.807791476253762,12.959618009296697,13.173621156519674,13.235431791595177
1934,05/11/2023 10:04:26.705560,2114,True,True,True,True,Eyes,1.931864,0.04571466,-1.969748,-0.1699029,-0.5869293,-0.7916104,0.0,0.0,0.0,0.0,0.0,0.0,0.0,2.841303,-0.2951044,-0.4628024,2.086822,0.03884963,-2.004479,-0.06658198,0.931024,-0.2296875,-0.2756898,27.67146,213.0321,0.1724849,0.6857842,0.01741542,-0.7275963,0.0,0.0,0.0,1.820221,-0.3697609,-2.503953,-0.04905927,-0.09977452,0.6893122,-0.8391242,0.002666102,0.5439337,-0.2506238,0.885621,-0.3909772,-0.4827615,-0.4644011,-0.7424779,static,-17.081962934292292,-10.09152397730863,-4.070952806437579,-8.236079230921664,-0.2666010000000001,-0.40861053,-0.4994740000000002,-0.2895788298676433,-0.16771359133005836,0.942346155396583,-17.029312859267428,-10.750290097669753,12.932427245051953,13.142642799453728,13.200013315949745
1935,05/11/2023 10:04:26.725303,2115,True,True,True,True,Eyes,1.939751,0.04540365,-1.972044,-0.1813135,-0.5863479,-0.7895072,0.0,0.0,0.0,0.0,0.0,0.0,0.0,2.854311,-0.281864,-0.4386272,2.093047,0.03756179,-2.009146,-0.06663929,0.9300956,-0.2275182,-0.2805655,27.42716,213.6305,0.2392091,0.6872291,0.01733089,-0.7262336,0.0,0.0,0.0,1.820221,-0.3697609,-2.503953,-0.04730478,-0.1019709,0.6874185,-0.8336847,0.003705712,0.5522287,-0.2516293,0.8875893,-0.3858339,-0.4915822,-0.4606207,-0.7390372,static,-16.93294376223792,-10.233972539962414,-3.936609259685152,-8.437662942178576,-0.2728259999999998,-0.40732269,-0.4948070000000002,-0.2870031121454877,-0.17019371041778125,0.9426894390633282,-16.87919823735772,-10.890076995726856,12.905531426673685,13.119887144077643,13.172886704705713
1936,05/11/2023 10:04:26.735834,2116,True,True,True,True,Eyes,1.947576,0.04500362,-1.974482,-0.1926719,-0.5857109,-0.7872866,0.0,0.0,0.0,0.0,0.0,0.0,0.0,2.868094,-0.2642629,-0.4116161,2.098979,0.03575561,-2.014505,-0.06720638,0.9289367,-0.2250867,-0.286175,27.17103,214.3065,0.2555176,0.6886328,0.01723928,-0.724905,0.0,0.0,0.0,1.820221,-0.3697609,-2.503953,-0.04606307,-0.1041935,0.6846392,-0.8271746,0.003967476,0.5619314,-0.2536893,0.8896385,-0.3797171,-0.5014224,-0.4566482,-0.7348799,static,-16.841952889862462,-10.414131370066935,-3.849104697121682,-8.653300335115409,-0.27875799999999984,-0.40551651,-0.4894479999999999,-0.2853514931709769,-0.17324617650809457,0.9426347106055452,-16.787443803739162,-11.068610018986053,12.890931896762408,13.111621947465379,13.161851682298602
1937,05/11/2023 10:04:26.755967,2117,True,True,True,True,Eyes,1.955377,0.04450921,-1.977039,-0.2038519,-0.5853176,-0.7847596,0.0,0.0,0.0,0.0,0.0,0.0,0.0,2.882304,-0.2474169,-0.3815894,2.105475,0.03325672,-2.019992,-0.06791645,0.9273812,-0.2237528,-0.2920382,27.04413,215.0321,0.3036278,0.6899951,0.01713812,-0.7236108,0.0,0.0,0.0,1.820221,-0.3697609,-2.503953,-0.04478818,-0.1040826,0.6820357,-0.8202022,0.004719824,0.5720545,-0.2566576,0.8906441,-0.3753398,-0.5112684,-0.4546766,-0.7292969,static,-16.79316923209625,-10.483742769694588,-3.757126593855726,-8.676725183038803,-0.2852540000000001,-0.40301762,-0.4839610000000003,-0.2844880123726532,-0.174438002712842,0.9426759113403401,-16.73827818509293,-11.1373499352213,12.936327953194983,13.160688440370748,13.212303766025565
1938,05/11/2023 10:04:26.775420,2118,True,True,True,True,Eyes,1.96315,0.04398288,-1.979703,-0.2147262,-0.5851156,-0.7820054,0.0,0.0,0.0,0.0,0.0,0.0,0.0,2.8955,-0.238736,-0.353678,2.11283,0.03056931,-2.025096,-0.06825587,0.9256063,-0.2247075,-0.2968177,27.16152,215.6689,0.4532472,0.6913168,0.01702504,-0.7223509,0.0,0.0,0.0,1.820221,-0.3697609,-2.503953,-0.04230064,-0.100374,0.680679,-0.814481,0.007038217,0.5801478,-0.2597504,0.8896953,-0.3754623,-0.5187974,-0.4565004,-0.7228118,static,-16.6871167254591,-10.281071589212488,-3.556059951443325,-8.38847250284326,-0.2926090000000001,-0.40033021,-0.4788570000000001,-0.282906524747847,-0.17118592981920455,0.94374749146474,-16.631755025830063,-10.932786480633348,13.048834090940971,13.266747276712222,13.320935976721742
1939,05/11/2023 10:04:26.785550,2119,True,True,True,True,Eyes,1.970842,0.04347603,-1.982502,-0.2252941,-0.5850514,-0.7790747,0.0,0.0,0.0,0.0,0.0,0.0,0.0,2.906774,-0.2382225,-0.3328288,2.120036,0.02931881,-2.030135,-0.0687211,0.9238348,-0.2278665,-0.2998058,27.53097,216.1118,0.6240079,0.6925992,0.01690014,-0.7211242,0.0,0.0,0.0,1.820221,-0.3697609,-2.503953,-0.03807455,-0.0948711,0.6805926,-0.8107876,0.009657518,0.5852605,-0.2636053,0.8867086,-0.379816,-0.5226236,-0.4622279,-0.7163865,static,-16.424395104203477,-9.801390028623116,-3.2019735456507554,-7.935601269723938,-0.2998149999999997,-0.39907971,-0.4738180000000001,-0.27894611780255063,-0.1634762858534358,0.9462898750611842,-16.367844714604676,-10.448417085757988,13.154541373232135,13.3534115328224,13.403522184963283
1940,05/11/2023 10:04:26.805941,2120,True,True,True,True,Eyes,1.978433,0.04297737,-1.985463,-0.2358239,-0.5848704,-0.7760887,0.0,0.0,0.0,0.0,0.0,0.0,0.0,2.91772,-0.2293547,-0.3159075,2.125903,0.02926121,-2.035969,-0.07011182,0.9224898,-0.2288393,-0.3028693,27.68907,216.4995,0.5993093,0.6938421,0.01676539,-0.7199317,0.0,0.0,0.0,1.820221,-0.3697609,-2.503953,-0.03361943,-0.09368429,0.6795304,-0.8067092,0.009261876,0.5908762,-0.2679716,0.8854339,-0.3797343,-0.5266988,-0.4646731,-0.7118059,static,-16.100262805698065,-9.573661999317666,-2.832370865429731,-7.84966920239332,-0.305682,-0.39902211,-0.46798399999999996,-0.27374804501842886,-0.15996246673601397,0.9484060227346609,-16.041875927891393,-10.214903110877634,13.191171229810166,13.37942852675272,13.419588497306625
1941,05/11/2023 10:04:26.825786,2121,True,True,True,True,Eyes,1.985965,0.04248326,-1.988591,-0.2464766,-0.5846303,-0.7729532,0.0,0.0,0.0,0.0,0.0,0.0,0.0,2.930799,-0.2063337,-0.2867923,2.131221,0.02892171,-2.042416,-0.07194384,0.9209335,-0.2265001,-0.3088742,27.4921,217.1992,0.4785559,0.6950433,0.01662223,-0.7187755,0.0,0.0,0.0,1.820221,-0.3697609,-2.503953,-0.03212684,-0.09688959,0.6769532,-0.7988417,0.007409083,0.6014959,-0.2724311,0.8870435,-0.3727398,-0.5363147,-0.4616262,-0.706589,static,-16.02586789007438,-9.77338742113872,-2.717104031691076,-8.145196941063846,-0.31099999999999994,-0.39868261,-0.4615370000000003,-0.2723638938577558,-0.1633341955729423,0.9482298251452921,-15.966803447351436,-10.413298922309469,13.212874070598593,13.40799014310557,13.442426165044793
1942,05/11/2023 10:04:26.835544,2122,True,True,True,True,Eyes,1.993448,0.04196341,-1.991874,-0.2570993,-0.5842811,-0.7697502,0.0,0.0,0.0,0.0,0.0,0.0,0.0,2.944944,-0.178864,-0.2535136,2.137551,0.02857602,-2.049151,-0.07409075,0.9191979,-0.2235282,-0.3156279,27.23902,217.9786,0.3154688,0.696203,0.01647166,-0.7176557,0.0,0.0,0.0,1.820221,-0.3697609,-2.503953,-0.03029245,-0.1005365,0.674678,-0.7897793,0.004895357,0.6133718,-0.2773116,0.8890914,-0.364163,-0.5471263,-0.4577034,-0.7008285,static,-16.013646838898104,-10.046228130131041,-2.5708036152994285,-8.475509832603338,-0.3173300000000001,-0.39833692,-0.45480199999999993,-0.27195158850974677,-0.16786809828355856,0.9475560454999095,-15.95422719210095,-10.685919670605141,13.327749317533124,13.534296801254255,13.564731412306768
1943,05/11/2023 10:04:26.855931,2123,True,True,True,True,Eyes,2.000879,0.04145079,-1.995338,-0.267811,-0.5839652,-0.7663302,0.0,0.0,0.0,0.0,0.0,0.0,0.0,2.95808,-0.15563,-0.2222788,2.144044,0.02741443,-2.05577,-0.0757037,0.9174985,-0.2211925,-0.3217753,27.03963,218.7056,0.2208027,0.6973208,0.01631364,-0.7165732,0.0,0.0,0.0,1.820221,-0.3697609,-2.503953,-0.0279516,-0.1026015,0.6724354,-0.7814593,0.003432486,0.6239469,-0.2812646,0.8906857,-0.3571684,-0.5569665,-0.4546067,-0.6950692,static,-15.957502586510257,-10.238111839805548,-2.380284059536131,-8.67538968987291,-0.32382299999999997,-0.39717533,-0.4481830000000002,-0.2708704285338173,-0.17109473020191499,0.9472886921140353,-15.897529777657434,-10.876799687346947,13.451381734513816,13.66685638495918,13.69533270063372
1944,05/11/2023 10:04:26.875632,2124,True,True,True,True,Eyes,2.008269,0.04094863,-1.99896,-0.2784564,-0.5836006,-0.7628055,0.0,0.0,0.0,0.0,0.0,0.0,0.0,2.971121,-0.1343923,-0.1900742,2.150452,0.02698314,-2.063147,-0.0775344,0.9154953,-0.2198766,-0.3278888,26.96443,219.4447,0.1430601,0.6983968,0.01614918,-0.7155281,0.0,0.0,0.0,1.820221,-0.3697609,-2.503953,-0.02530161,-0.1040629,0.6702975,-0.7729546,0.002225439,0.6344574,-0.286155,0.8912854,-0.3517466,-0.5662654,-0.4534373,-0.6882864,static,-15.909876401939611,-10.299927638184315,-2.1617081150695214,-8.824654664712606,-0.33023099999999994,-0.39674404,-0.44080600000000025,-0.2700320756893824,-0.1721587404760853,0.9473351592905975,-15.849536937809267,-10.937764719193389,13.607921617542393,13.827095197124974,13.849978049909419
1945,05/11/2023 10:04:26.885811,2125,True,True,True,True,Eyes,2.015587,0.04048155,-2.002778,-0.2892436,-0.583213,-0.7590789,0.0,0.0,0.0,0.0,0.0,0.0,0.0,2.983593,-0.1127444,-0.1578412,2.157084,0.02669889,-2.070199,-0.07935447,0.9135209,-0.2183713,-0.333911,26.87003,220.1698,0.05454756,0.6994312,0.01597938,-0.7145209,0.0,0.0,0.0,1.820221,-0.3697609,-2.503953,-0.02248731,-0.1056201,0.6686842,-0.7644126,0.0008492203,0.6447267,-0.2908171,0.8920336,-0.3459788,-0.5754118,-0.4519681,-0.6816349,static,-15.83879796644898,-10.377489191364491,-1.9260849602939079,-8.975835512214774,-0.3368629999999997,-0.39645979,-0.433754,-0.26879227177543935,-0.17350348896095413,0.9474425016260062,-15.777926227920391,-11.014056662834435,13.759457191090009,13.983140427955034,14.000994677606066
1946,05/11/2023 10:04:26.905986,2126,True,True,True,True,Eyes,2.022852,0.04001372,-2.006796,-0.3000681,-0.5826424,-0.7553059,0.0,0.0,0.0,0.0,0.0,0.0,0.0,2.996049,-0.08169895,-0.1237309,2.162929,0.02699283,-2.078292,-0.08234091,0.9113958,-0.2155535,-0.3407556,26.68117,220.9514,359.7956,0.7004228,0.01580612,-0.7135529,0.0,0.0,0.0,1.820221,-0.3697609,-2.503953,-0.01975995,-0.1093636,0.6661068,-0.7542114,-0.003188225,0.6566242,-0.2969924,0.8935134,-0.3367929,-0.5856288,-0.4490253,-0.6748447,static,-15.788111385063674,-10.59187446227716,-1.6991716821945317,-9.323824800854371,-0.342708,-0.39675373,-0.4256610000000003,-0.26777981540990564,-0.17709916697571165,0.9470638252017263,-15.72669843898831,-11.227535543416014,13.91177613380149,14.14588886902894,14.156116045861943
1947,05/11/2023 10:04:26.925554,2127,True,True,True,True,Eyes,2.03007,0.03955551,-2.011039,-0.3110554,-0.5821176,-0.7512547,0.0,0.0,0.0,0.0,0.0,0.0,0.0,3.008492,-0.04119992,-0.08623791,2.169217,0.02635415,-2.086616,-0.08593893,0.9091953,-0.2109965,-0.3485094,26.33221,221.8077,359.4117,0.7013707,0.01562983,-0.712625,0.0,0.0,0.0,1.820221,-0.3697609,-2.503953,-0.01690382,-0.1140077,0.6630173,-0.7423114,-0.009202021,0.6699919,-0.3033391,0.89619,-0.323773,-0.5974606,-0.4435751,-0.6680433,static,-15.766772575279141,-11.013254072080242,-1.4604562758411987,-9.756756172461994,-0.3489960000000001,-0.39611505,-0.4173370000000003,-0.2670779454878135,-0.18409666749689135,0.9459269392619903,-15.704795323874585,-11.648531439929487,14.105682725125574,14.361388269638448,14.369412255827667
1948,05/11/2023 10:04:26.935800,2128,True,True,True,True,Eyes,2.037241,0.03913839,-2.015496,-0.3219352,-0.5815582,-0.7470929,0.0,0.0,0.0,0.0,0.0,0.0,0.0,3.020587,-0.004380107,-0.04803205,2.17561,0.02601198,-2.095786,-0.0895434,0.9066287,-0.2078876,-0.3560747,26.14996,222.6722,359.0861,0.7022746,0.01545114,-0.711738,0.0,0.0,0.0,1.820221,-0.3697609,-2.503953,-0.01349351,-0.1170687,0.6600384,-0.7303856,-0.01431819,0.6828851,-0.3104123,0.8975295,-0.3131854,-0.6084251,-0.440722,-0.6599872,static,-15.757105673272257,-11.251885339021364,-1.171164428226711,-10.057753752437199,-0.35538899999999973,-0.39577288,-0.40816700000000017,-0.2667148086641101,-0.18805437765190552,0.9452506419473681,-15.694824273271811,-11.88698857048987,14.364111671958401,14.634740593874524,14.63840139202883
1949,05/11/2023 10:04:26.955823,2129,True,True,True,True,Eyes,2.044351,0.03877362,-2.020159,-0.3328245,-0.581187,-0.7425964,0.0,0.0,0.0,0.0,0.0,0.0,0.0,3.03179,0.02061969,-0.01597977,2.181896,0.02649824,-2.105008,-0.09204325,0.9043698,-0.2061646,-0.362132,26.07592,223.3912,358.905,0.7031341,0.01527175,-0.7108929,0.0,0.0,0.0,1.820221,-0.3697609,-2.503953,-0.008961827,-0.1194721,0.6577489,-0.7207771,-0.01716469,0.6929545,-0.3157998,0.8980483,-0.3062345,-0.6170503,-0.4395616,-0.6527134,static,-15.640357620719584,-11.328090968535637,-0.7806065406509777,-10.294844865678058,-0.36167499999999997,-0.39625914,-0.3989449999999999,-0.26471742478065846,-0.18941955719266418,0.9455394261651078,-15.577253963017565,-11.961109164444094,14.61776021029957,14.895630220661042,14.890171646262848
1950,05/11/2023 10:04:26.975882,2130,True,True,True,True,Eyes,2.051387,0.038495,-2.025034,-0.3436104,-0.5808136,-0.7379616,0.0,0.0,0.0,0.0,0.0,0.0,0.0,3.042244,0.04340452,0.01665354,2.187805,0.02735592,-2.114278,-0.09446925,0.9019389,-0.2051164,-0.3681155,26.07556,224.1179,358.7625,0.7039488,0.01509361,-0.71009,0.0,0.0,0.0,1.820221,-0.3697609,-2.503953,-0.004754931,-0.1213837,0.6556746,-0.7111331,-0.01939796,0.7027898,-0.3214241,0.8980057,-0.3004537,-0.6252811,-0.4395561,-0.6448365,static,-15.537033895258409,-11.321717149278607,-0.4154998567942514,-10.488306835735038,-0.3675839999999999,-0.39711682,-0.389675,-0.2630125682433233,-0.18940592694403563,0.9460177861923114,-15.473277533777232,-11.952890532602318,14.863149654786177,15.144482969951497,15.128835843334953
1951,05/11/2023 10:04:26.985663,2131,True,True,True,True,Eyes,2.058344,0.03824358,-2.030148,-0.3545947,-0.5806466,-0.7328795,0.0,0.0,0.0,0.0,0.0,0.0,0.0,3.052004,0.06888652,0.0519197,2.193342,0.02905344,-2.123812,-0.09726966,0.8992921,-0.2037444,-0.3745672,26.06047,224.8953,358.5765,0.7047177,0.01491967,-0.7093307,0.0,0.0,0.0,1.820221,-0.3697609,-2.503953,-0.0009026527,-0.1243266,0.6536984,-0.7004762,-0.02231579,0.7133268,-0.3275796,0.8980537,-0.2935834,-0.6340542,-0.4393195,-0.6363754,static,-15.444075309719011,-11.36062841579612,-0.07911623648681637,-10.768448354891959,-0.3731209999999998,-0.39881434,-0.38014100000000006,-0.2614400216398999,-0.19013256404418616,0.9463080682604437,-15.379686356814384,-11.990141766023866,15.089151026909336,15.376366428601811,15.349266457973288
1952,05/11/2023 10:04:27.005435,2132,True,True,True,True,Eyes,2.065254,0.03803405,-2.035474,-0.36556,-0.5804682,-0.7276143,0.0,0.0,0.0,0.0,0.0,0.0,0.0,3.061392,0.09359264,0.09660006,2.198746,0.02946821,-2.134211,-0.09906052,0.8962179,-0.2016001,-0.3825415,25.92184,225.8875,358.5143,0.7054394,0.01475053,-0.7086163,0.0,0.0,0.0,1.820221,-0.3697609,-2.503953,0.001327604,-0.1277623,0.6504221,-0.6876984,-0.02331883,0.7256222,-0.3318004,0.8990889,-0.2855657,-0.6457398,-0.4371447,-0.6260391,static,-15.549623749437767,-11.528533680054345,0.11694867137487133,-11.113109753097543,-0.3785249999999998,-0.39922911,-0.369742,-0.26304237252624935,-0.19281785046744887,0.9453200522429451,-15.485737559400826,-12.159930527581553,15.370900757438587,15.67207926395395,15.63776363006964
1953,05/11/2023 10:04:27.025764,2133,True,True,True,True,Eyes,2.072103,0.03781487,-2.040967,-0.3765114,-0.5806373,-0.7218723,0.0,0.0,0.0,0.0,0.0,0.0,0.0,3.071015,0.09849435,0.1384718,2.204796,0.03040495,-2.144285,-0.09838428,0.8934789,-0.2013588,-0.3891923,25.87444,226.7961,358.7853,0.7061143,0.01458714,-0.7079472,0.0,0.0,0.0,1.820221,-0.3697609,-2.503953,0.003870189,-0.1302096,0.6483999,-0.6776999,-0.01907396,0.7350914,-0.3325432,0.8995504,-0.2832388,-0.6558493,-0.4364005,-0.6159681,static,-15.631687103705483,-11.522501689003056,0.3419847262521289,-11.3549252126204,-0.3845749999999999,-0.40016585,-0.3596680000000001,-0.2644052823459352,-0.19264390689766564,0.9449752895135989,-15.56833058713238,-12.155363823155598,15.66778273699629,15.97455081079334,15.930437386981975
1954,05/11/2023 10:04:27.035585,2134,True,True,True,True,Eyes,2.078887,0.03761436,-2.046568,-0.3871883,-0.5810232,-0.7158892,0.0,0.0,0.0,0.0,0.0,0.0,0.0,3.080201,0.0848884,0.1715655,2.21034,0.03025798,-2.153547,-0.09562217,0.891278,-0.2034658,-0.3938042,25.97647,227.5258,359.3499,0.7067437,0.01442847,-0.7073222,0.0,0.0,0.0,1.820221,-0.3697609,-2.503953,0.006452054,-0.1298715,0.6465938,-0.6715493,-0.01020045,0.7408896,-0.3307033,0.8989161,-0.2873764,-0.6630663,-0.438002,-0.6070398,static,-15.621445066549528,-11.272549611990078,0.5717085355138054,-11.357020139994903,-0.3901189999999999,-0.40001888,-0.350406,-0.2644520903298305,-0.18851713178870183,0.9457940939835235,-15.558277187583563,-11.905230479522459,15.895131775553454,16.193373918060377,16.139299055525612
1955,05/11/2023 10:04:27.055882,2135,True,True,True,True,Eyes,2.0856,0.03741107,-2.052247,-0.3976411,-0.5820127,-0.7093256,0.0,0.0,0.0,0.0,0.0,0.0,0.0,3.088237,0.07036871,0.2012365,2.215696,0.0307378,-2.161573,-0.09390351,0.8887297,-0.2082304,-0.3974695,26.40853,228.1709,359.9118,0.7073277,0.01427503,-0.7067412,0.0,0.0,0.0,1.820221,-0.3697609,-2.503953,0.008820891,-0.1260683,0.6465703,-0.6664006,-0.001379211,0.7455929,-0.3324401,0.8956444,-0.2954735,-0.6673787,-0.4447686,-0.5973165,static,-15.510831795118534,-10.722440826137392,0.7816141173117113,-11.033107016239574,-0.3954749999999998,-0.4004987,-0.3423799999999999,-0.26307720850659,-0.1794977578339152,0.9479298346833679,-15.447517202493485,-11.353150218808624,16.022844170249382,16.295407552164434,16.232286685707365
1956,05/11/2023 10:04:27.075495,2136,True,True,True,True,Eyes,2.092255,0.03722806,-2.057968,-0.407682,-0.5832206,-0.7026016,0.0,0.0,0.0,0.0,0.0,0.0,0.0,3.095409,0.06274194,0.2281415,2.220882,0.03064765,-2.168936,-0.09363971,0.8859385,-0.2138704,-0.4007545,27.00094,228.7642,0.3537446,0.7078689,0.01412617,-0.7062022,0.0,0.0,0.0,1.820221,-0.3697609,-2.503953,0.01142633,-0.1197878,0.6470031,-0.661255,0.005501003,0.7501411,-0.3373371,0.8909822,-0.3038989,-0.6700342,-0.4540051,-0.5873107,static,-15.335017254991968,-10.057167101531654,1.0117608932536246,-10.489114848698987,-0.40066099999999993,-0.40040855,-0.3350170000000001,-0.2606769082811201,-0.1685930127416709,0.9505913082153673,-15.271257000919253,-10.684741585242747,16.1107541695126,16.352484052407526,16.284192996952747
1957,05/11/2023 10:04:27.085585,2137,True,True,True,True,Eyes,2.098823,0.03713935,-2.063764,-0.4175211,-0.58456,-0.6956765,0.0,0.0,0.0,0.0,0.0,0.0,0.0,3.102254,0.0635137,0.2491972,2.226259,0.03100251,-2.175528,-0.09462462,0.8835343,-0.2183947,-0.4033824,27.53292,229.2209,0.5805577,0.7083703,0.01398204,-0.7057022,0.0,0.0,0.0,1.820221,-0.3697609,-2.503953,0.01535022,-0.1142494,0.648115,-0.6566579,0.008984895,0.7541352,-0.3434013,0.8867,-0.3095785,-0.6714732,-0.4622581,-0.5791731,static,-15.012970832728058,-9.501533084652008,1.3567629559744274,-9.997362582460534,-0.4060380000000001,-0.40076341,-0.3284250000000002,-0.2557179157981772,-0.15958552832820555,0.9534887843522353,-14.947720587058598,-10.123360972871327,16.15974967916364,16.37724125742443,16.304970383273343
1958,05/11/2023 10:04:27.106151,2138,True,True,True,True,Eyes,2.10527,0.03714943,-2.069647,-0.4271096,-0.5854974,-0.6890358,0.0,0.0,0.0,0.0,0.0,0.0,0.0,3.109433,0.08225298,0.2607315,2.230836,0.03314728,-2.183022,-0.09775948,0.8820898,-0.218629,-0.4056624,27.71123,229.4727,0.3180215,0.7088314,0.01384584,-0.7052416,0.0,0.0,0.0,1.820221,-0.3697609,-2.503953,0.02224782,-0.1147099,0.6482924,-0.6517621,0.004913859,0.7584075,-0.3498445,0.8852889,-0.3063861,-0.6729153,-0.4650156,-0.5752788,static,-14.48981695605151,-9.372374511343521,1.9654806031379062,-10.03415010238557,-0.41061499999999995,-0.40290818,-0.3209310000000003,-0.24707306444526764,-0.15780140378066113,0.9560615917873895,-14.421360355191688,-9.984862274254038,16.253046628565116,16.468599354358105,16.386915081356538
1959,05/11/2023 10:04:27.125230,2139,True,True,True,True,Eyes,2.111594,0.0371889,-2.075628,-0.4368649,-0.5860514,-0.6824168,0.0,0.0,0.0,0.0,0.0,0.0,0.0,3.115818,0.1151627,0.26928,2.23454,0.03528151,-2.190817,-0.1010368,0.8818865,-0.2122824,-0.4086613,27.19354,229.6522,359.6971,0.7092548,0.01371967,-0.7048182,0.0,0.0,0.0,1.820221,-0.3697609,-2.503953,0.03024264,-0.1231623,0.6462895,-0.645575,-0.00470283,0.7636823,-0.3517092,0.8894555,-0.2918383,-0.677889,-0.4569976,-0.5758643,static,-13.87424051428332,-9.984083695772414,2.679159320668037,-10.78939124081313,-0.4143189999999999,-0.40504241,-0.3131360000000001,-0.2363645177501053,-0.1684619244138697,0.9569494594740863,-13.80123512003719,-10.585576361331041,16.323490902539906,16.572976990808474,16.481654693213482
2261,05/11/2023 10:04:32.155891,2441,True,True,True,True,Eyes,0.6360809,0.03519825,-2.937821,0.614185,-0.5519005,0.5640768,0.0,0.0,0.0,0.0,0.0,0.0,0.0,-2.634404,0.5928777,0.9879326,0.5487064,0.0292978,-2.822351,0.242675,0.4478003,-0.1240373,0.851586,31.62819,55.59056,0.4093305,0.223848,0.01182499,-0.974552,0.0,0.0,0.0,0.955304,-0.3679106,-2.56223,0.01455565,-0.08531967,0.619086,0.5681792,0.006082968,-0.8228824,0.4285966,0.8514472,0.3022293,0.7024794,-0.524405,0.4811676,static,-6.8134172565837225,-2.089070505565196,1.3468624588543987,-7.846819271628988,0.4065976,-0.39720839999999996,0.2601209999999998,-0.11855875259017862,-0.03619597856189499,0.9922870984466632,-6.703387741558368,-2.564542317410135,9.966514230447316,9.98708345250504,9.628550156192643
2262,05/11/2023 10:04:32.176062,2442,True,True,True,True,Eyes,0.6313345,0.03500893,-2.931691,0.6192034,-0.5531626,0.5573135,0.0,0.0,0.0,0.0,0.0,0.0,0.0,-2.638245,0.5790222,0.9615591,0.5440608,0.02861643,-2.814849,0.2416763,0.4527333,-0.124652,0.8491685,31.55495,56.26395,0.4793194,0.2226248,0.01181348,-0.9748324,0.0,0.0,0.0,0.955304,-0.3679106,-2.56223,0.01759617,-0.08565712,0.6184855,0.558989,0.007128621,-0.8291445,0.4305309,0.852109,0.2975795,0.7086428,-0.523316,0.4732504,static,-6.892092595618723,-2.246936529006306,1.6296491852526651,-7.885017783359259,0.41124320000000003,-0.39652703,0.25261900000000015,-0.11990889329259291,-0.03892351222808493,0.9920216063159845,-6.7824046005939,-2.7238120812454127,10.194638833556313,10.218025406629954,9.869178952451314
2263,05/11/2023 10:04:32.185963,2443,True,True,True,True,Eyes,0.6266412,0.03481842,-2.925474,0.6239973,-0.5544431,0.5506543,0.0,0.0,0.0,0.0,0.0,0.0,0.0,-2.63844,0.5731414,0.9389695,0.5393977,0.02741528,-2.807101,0.2410032,0.4567218,-0.123968,0.8473221,31.44316,56.84113,0.6756917,0.2214144,0.01179952,-0.9751081,0.0,0.0,0.0,0.955304,-0.3679106,-2.56223,0.02147615,-0.0860385,0.6175426,0.5520744,0.01006111,-0.8337343,0.4302246,0.8530988,0.2951769,0.7142274,-0.5216525,0.4666453,static,-6.908891516258357,-2.4244549302585536,1.9917606524113218,-7.931619006027587,0.41590630000000006,-0.39532587999999996,0.24487099999999984,-0.12018477553910123,-0.04199546822494035,0.9918628635202416,-6.799130315682925,-2.9016292881479253,10.43964066962621,10.466635810282368,10.128206187420167
2264,05/11/2023 10:04:32.206617,2444,True,True,True,True,Eyes,0.62199,0.03457746,-2.919166,0.6288995,-0.5555555,0.5439151,0.0,0.0,0.0,0.0,0.0,0.0,0.0,-2.641399,0.5569081,0.9140254,0.5357927,0.02730103,-2.799064,0.239376,0.4615149,-0.1243531,0.8451269,31.2912,57.4791,0.7216564,0.2202187,0.01178336,-0.9753791,0.0,0.0,0.0,0.955304,-0.3679106,-2.56223,0.02472641,-0.08818859,0.616347,0.5430806,0.01076288,-0.8396116,0.4311396,0.8544708,0.2898245,0.7205429,-0.5193878,0.4594061,static,-6.963761815519182,-2.6516328236264823,2.29734164826221,-8.142766693011163,0.41951130000000003,-0.39521163,0.236834,-0.12111365574343369,-0.04592264791677428,0.9915758788359481,-6.854119835940959,-3.129785435700365,10.735008111312576,10.766642398555238,10.434520994420561
2265,05/11/2023 10:04:32.216853,2445,True,True,True,True,Eyes,0.6173567,0.03427843,-2.912752,0.6336051,-0.5568644,0.5370724,0.0,0.0,0.0,0.0,0.0,0.0,0.0,-2.646816,0.5352889,0.8833224,0.5318459,0.02587334,-2.79086,0.2368524,0.4675721,-0.1250575,0.8424001,31.06404,58.26538,0.7220214,0.2190366,0.01176352,-0.9756454,0.0,0.0,0.0,0.955304,-0.3679106,-2.56223,0.02715567,-0.08977465,0.6147009,0.531474,0.01079419,-0.8470058,0.4321879,0.8565232,0.2821021,0.7285252,-0.5159956,0.4505547,static,-7.14238839942377,-2.982103001624047,2.529513606146071,-8.309079631299682,0.42345810000000006,-0.39378394,0.2286299999999999,-0.12416982270652349,-0.051621409181528605,0.990917368309928,-7.03355021936988,-3.4634428828342405,11.005092602623662,11.041846241388091,10.720652276282935
2266,05/11/2023 10:04:32.235552,2446,True,True,True,True,Eyes,0.612752,0.03394841,-2.906245,0.6382514,-0.558241,0.5300963,0.0,0.0,0.0,0.0,0.0,0.0,0.0,-2.651194,0.5225713,0.8471934,0.527362,0.02430419,-2.782255,0.2368383,0.4735765,-0.1261031,0.8388867,31.11784,59.12963,0.8533163,0.2178679,0.01173845,-0.9759074,0.0,0.0,0.0,0.955304,-0.3679106,-2.56223,0.02941361,-0.08805288,0.6138074,0.5196467,0.01274963,-0.8542861,0.4358945,0.8560112,0.2779221,0.7348219,-0.5167999,0.439266,static,-7.381891557185435,-3.024381015549046,2.743511254799339,-8.163590428245529,0.42794200000000004,-0.39221479,0.22002500000000014,-0.12830616211070311,-0.0523248064073952,0.9903532674533371,-7.274538389955596,-3.5099969735356695,11.31620645848969,11.354966115867422,11.04614189328079
2267,05/11/2023 10:04:32.255796,2447,True,True,True,True,Eyes,0.6081851,0.03359565,-2.899658,0.6426353,-0.5598987,0.5230042,0.0,0.0,0.0,0.0,0.0,0.0,0.0,-2.651995,0.5182651,0.8162917,0.5231939,0.02329995,-2.773758,0.2383804,0.478076,-0.1269781,0.83576,31.3234,59.83623,1.051849,0.2167116,0.0117076,-0.9761652,0.0,0.0,0.0,0.955304,-0.3679106,-2.56223,0.03267767,-0.08532703,0.6133192,0.5106397,0.01568162,-0.8596517,0.4401743,0.8541027,0.2770473,0.7385755,-0.519868,0.4292361,static,-7.492261048294722,-2.916230041669437,3.0498375433681386,-7.920342440082335,0.43211010000000005,-0.39121055,0.21152799999999994,-0.1302262869999275,-0.05044260140849366,0.9902003506476739,-7.385721905141916,-3.4038173507111398,11.629943711623024,11.669489432374055,11.371011383615222
2268,05/11/2023 10:04:32.275858,2448,True,True,True,True,Eyes,0.6036624,0.03323426,-2.892994,0.6469662,-0.5616146,0.515775,0.0,0.0,0.0,0.0,0.0,0.0,0.0,-2.654063,0.5091146,0.7843028,0.5193023,0.02248226,-2.765537,0.2396308,0.4829209,-0.1286245,0.8323583,31.54367,60.57219,1.164644,0.2155686,0.01167078,-0.9764187,0.0,0.0,0.0,0.955304,-0.3679106,-2.56223,0.03547364,-0.08252589,0.6129999,0.5004861,0.01732228,-0.8655713,0.4455688,0.8520656,0.2746865,0.7422817,-0.5231483,0.4187288,static,-7.615646259785962,-2.80974046694091,3.3119509404738126,-7.667416842329135,0.43600170000000005,-0.39039285999999995,0.20330700000000013,-0.13237054175019342,-0.04858821378285327,0.9900087366577892,-7.510002489679852,-3.2995315131116243,11.91899810036028,11.958653784566646,11.670179874089698
2269,05/11/2023 10:04:32.285785,2449,True,True,True,True,Eyes,0.5992023,0.03284319,-2.886254,0.6512378,-0.5634447,0.5083496,0.0,0.0,0.0,0.0,0.0,0.0,0.0,-2.657507,0.4910714,0.7519294,0.5155014,0.02186902,-2.757295,0.2399575,0.4882634,-0.1314176,0.8287031,31.73827,61.32858,1.112527,0.2144385,0.01162828,-0.9766681,0.0,0.0,0.0,0.955304,-0.3679106,-2.56223,0.03831768,-0.08003296,0.612806,0.4886567,0.01651254,-0.8723198,0.4521373,0.8502996,0.2693742,0.7461812,-0.5260398,0.4080386,static,-7.739487365645686,-2.759821025852476,3.577946049389794,-7.440761309359889,0.43980260000000004,-0.38977962,0.19506500000000004,-0.13451574996707294,-0.0477117302544105,0.9897621036057181,-7.634684395486957,-3.2518235857551927,12.207206190366225,12.247265043328003,11.969556413903378
2270,05/11/2023 10:04:32.305667,2450,True,True,True,True,Eyes,0.5947993,0.03241139,-2.879468,0.6555483,-0.5652536,0.5007442,0.0,0.0,0.0,0.0,0.0,0.0,0.0,-2.663449,0.461323,0.7165893,0.5121692,0.0207218,-2.749096,0.2381277,0.4948544,-0.1346796,0.8247883,31.74256,62.18447,0.9104388,0.213322,0.01157962,-0.9769131,0.0,0.0,0.0,0.955304,-0.3679106,-2.56223,0.04025227,-0.07907896,0.6119222,0.473961,0.01351277,-0.8804421,0.4578415,0.8503132,0.2595163,0.7521583,-0.5261035,0.3968286,static,-7.931350049476962,-2.9257155019446746,3.7634969826627716,-7.36354671508528,0.44313480000000005,-0.3886324,0.1868660000000002,-0.1378100508117221,-0.05055417891638919,0.9891676423482777,-7.82760254930263,-3.4211427199228104,12.466290538246666,12.508548795982394,12.243207815805526
2271,05/11/2023 10:04:32.325811,2451,True,True,True,True,Eyes,0.5904744,0.03191966,-2.872656,0.659896,-0.567183,0.4927888,0.0,0.0,0.0,0.0,0.0,0.0,0.0,-2.671036,0.4267157,0.6774555,0.5086564,0.01918186,-2.741599,0.2360398,0.5022203,-0.1387833,0.8202434,31.77735,63.13742,0.6346238,0.2122195,0.011524,-0.9771538,0.0,0.0,0.0,0.955304,-0.3679106,-2.56223,0.04095432,-0.07701221,0.6114734,0.457028,0.009415736,-0.8894024,0.4647601,0.8500488,0.2478205,0.758369,-0.5266197,0.3841201,static,-8.17745386554866,-3.0876051580519466,3.8317454350945614,-7.178339421324275,0.44664760000000003,-0.38709245999999997,0.1793689999999999,-0.14203713390372902,-0.05331670273847336,0.9884244379374436,-8.075111949964993,-3.5874255396674335,12.644005703960636,12.686803169249528,12.436555604090028
2272,05/11/2023 10:04:32.335951,2452,True,True,True,True,Eyes,0.586289,0.03157321,-2.865754,0.6641047,-0.5694146,0.4844915,0.0,0.0,0.0,0.0,0.0,0.0,0.0,-2.680773,0.3907013,0.6283345,0.5056344,0.01718287,-2.7346,0.2346362,0.5108835,-0.1433747,0.8144861,31.91843,64.31518,0.417852,0.2111316,0.01146,-0.9773902,0.0,0.0,0.0,0.955304,-0.3679106,-2.56223,0.03902361,-0.07340106,0.6109832,0.4368837,0.006190136,-0.8994967,0.4732968,0.8487791,0.2357204,0.7649332,-0.5287114,0.3678879,static,-8.592811957172577,-3.1760439172458077,3.6545280023299305,-6.85045326218906,0.4496696,-0.38509347,0.1723699999999999,-0.14918692009814766,-0.05478401509889119,0.987290244755195,-8.493030061724621,-3.6832799832489007,12.746285546363293,12.786657894768014,12.553651002732606
2273,05/11/2023 10:04:32.355720,2453,True,True,True,True,Eyes,0.5823247,0.03144245,-2.858664,0.668451,-0.5716724,0.4757771,0.0,0.0,0.0,0.0,0.0,0.0,0.0,-2.688754,0.3481943,0.5790167,0.5041277,0.01995986,-2.726051,0.2356855,0.518922,-0.1508321,0.8077266,32.4986,65.45591,0.06404079,0.2100622,0.01139341,-0.9776214,0.0,0.0,0.0,0.955304,-0.3679106,-2.56223,0.03831863,-0.07010856,0.6119294,0.4159394,0.0009427386,-0.9093919,0.4882669,0.843404,0.2241988,0.7671962,-0.537279,0.3503447,static,-8.937612618087137,-2.8488778437118567,3.5831467815022457,-6.5358619190569245,0.4511763000000001,-0.38787046,0.163821,-0.15517152501448234,-0.04909979971502351,0.9866665742284954,-8.840362904570597,-3.3622724554349324,13.016402524109349,13.052328049595367,12.822451520811388
2274,05/11/2023 10:04:32.376089,2454,True,True,True,True,Eyes,0.5784013,0.03124905,-2.851438,0.6729934,-0.5738515,0.466663,0.0,0.0,0.0,0.0,0.0,0.0,0.0,-2.69805,0.2740108,0.5215483,0.5046477,0.02471476,-2.715011,0.2307868,0.5301617,-0.1585782,0.8003244,32.51719,66.86293,359.3803,0.2090169,0.01133186,-0.9778461,0.0,0.0,0.0,0.955304,-0.3679106,-2.56223,0.03740519,-0.07563622,0.6111202,0.3875631,-0.009119334,-0.9217982,0.4985366,0.8431808,0.2012644,0.7754071,-0.5375527,0.3313321,static,-9.459595229282469,-3.1628522584076846,3.5025665392012737,-7.055419857262312,0.4506563,-0.39262536,0.15278100000000006,-0.16410843871347663,-0.0544261199153801,0.9849397107837574,-9.36535660496236,-3.685564895071645,13.491217555266699,13.534020844671197,13.301855829556384
2275,05/11/2023 10:04:32.386290,2455,True,True,True,True,Eyes,0.5744548,0.03111677,-2.844096,0.6773245,-0.5761735,0.4574446,0.0,0.0,0.0,0.0,0.0,0.0,0.0,-2.702928,0.225876,0.4595094,0.5009838,0.02307573,-2.704897,0.2269806,0.5414194,-0.1625605,0.7930441,32.41434,68.40575,359.182,0.207995,0.01127271,-0.9780647,0.0,0.0,0.0,0.955304,-0.3679106,-2.56223,0.03562428,-0.07498189,0.6105242,0.3608782,-0.01205187,-0.9325351,0.5036187,0.8441077,0.1839845,0.7849429,-0.5360381,0.3106897,static,-10.109804080670639,-3.5566955396365647,3.339440278544999,-7.001751440569645,0.45432020000000006,-0.39098633,0.14266699999999988,-0.1752074706032551,-0.061076581215309095,0.982635199829275,-10.019313442123213,-4.091015178094523,13.83745222381813,13.883464408945178,13.672186604898076
2276,05/11/2023 10:04:32.405706,2456,True,True,True,True,Eyes,0.5705948,0.03095363,-2.836732,0.6814451,-0.5784528,0.448358,0.0,0.0,0.0,0.0,0.0,0.0,0.0,-2.697652,0.2135216,0.4322939,0.4961683,0.02440498,-2.694999,0.229045,0.5454609,-0.1654918,0.7890648,32.81998,69.08344,359.2297,0.2069941,0.01121788,-0.9782776,0.0,0.0,0.0,0.955304,-0.3679106,-2.56223,0.04085413,-0.07100672,0.6128895,0.3501696,-0.01129738,-0.9366182,0.5110378,0.8403017,0.180924,0.7849979,-0.5420014,0.3000215,static,-10.08247364844352,-3.301984701740809,3.8135936567847013,-6.608577722790028,0.45913570000000004,-0.39231558,0.13276900000000014,-0.17478380845064861,-0.0567119830932927,0.9829721936977482,-9.992067463124007,-3.835817989465058,14.240494436437798,14.284055585102017,14.081352047886147
2277,05/11/2023 10:04:32.425930,2457,True,True,True,True,Eyes,0.5668342,0.03077728,-2.82932,0.6855552,-0.5807363,0.4390437,0.0,0.0,0.0,0.0,0.0,0.0,0.0,-2.692446,0.2066626,0.4171216,0.4942151,0.02349052,-2.687222,0.2295809,0.5475668,-0.1667977,0.7871733,32.96358,69.42003,359.2368,0.2060141,0.01116583,-0.9784851,0.0,0.0,0.0,0.955304,-0.3679106,-2.56223,0.04598696,-0.06900894,0.612,0.3446982,-0.01117566,-0.9386471,0.5140193,0.8389423,0.1787741,0.7854728,-0.5441056,0.2949264,static,-9.763194723897685,-3.276306630788674,4.297248948074549,-6.433480385014648,0.4610889,-0.39140112,0.12499200000000021,-0.16930724501182576,-0.056326105753042144,0.9839524274534939,-9.670777708319928,-3.804439332279425,14.366439430790296,14.410545526352475,14.21329045403329
2278,05/11/2023 10:04:32.445798,2458,True,True,True,True,Eyes,0.5631573,0.03055967,-2.821921,0.6895356,-0.5830925,0.4295856,0.0,0.0,0.0,0.0,0.0,0.0,0.0,-2.689893,0.1958018,0.3814069,0.4925045,0.02306934,-2.678851,0.2308308,0.5526888,-0.1681249,0.7829344,33.18145,70.27271,359.445,0.2050573,0.01111589,-0.9786866,0.0,0.0,0.0,0.955304,-0.3679106,-2.56223,0.04708765,-0.06680927,0.6115296,0.332538,-0.008106252,-0.9430551,0.5184168,0.8369023,0.1756093,0.7878214,-0.5472923,0.2825043,static,-9.866861585399665,-3.2050749034699235,4.403074737444551,-6.234805575806531,0.46279950000000003,-0.39097993999999997,0.11662099999999986,-0.1710991243045235,-0.05508548224804469,0.9837126990431179,-9.775178318657153,-3.7350590428349637,14.54549550878295,14.588020791215166,14.39692996621018
2279,05/11/2023 10:04:32.465722,2459,True,True,True,True,Eyes,0.5595617,0.03034311,-2.81457,0.6936081,-0.5854905,0.419653,0.0,0.0,0.0,0.0,0.0,0.0,0.0,-2.688028,0.1888857,0.3455195,0.4904782,0.02195731,-2.671985,0.2328449,0.557622,-0.1694061,0.7785516,33.46948,71.13799,359.7181,0.2041227,0.01106632,-0.9788825,0.0,0.0,0.0,0.955304,-0.3679106,-2.56223,0.04672231,-0.06284036,0.6115343,0.3207185,-0.004103967,-0.9471657,0.5234616,0.8341697,0.1736344,0.7893842,-0.5514927,0.269682,static,-9.95432597195245,-3.0527007109680864,4.369011843564421,-5.867036744793615,0.46482580000000007,-0.38986791,0.10975499999999982,-0.17262508534636234,-0.05245499606593004,0.9835898615183788,-9.863355536024088,-3.5842475129878038,14.559190809261095,14.59720841423813,14.414277918245634
2280,05/11/2023 10:04:32.475676,2460,True,True,True,True,Eyes,0.5561534,0.03022094,-2.807196,0.6976126,-0.5878323,0.4096216,0.0,0.0,0.0,0.0,0.0,0.0,0.0,-2.686553,0.188969,0.3055196,0.4884809,0.02195282,-2.665994,0.2366845,0.5626726,-0.1701225,0.7735881,33.89268,72.12695,0.2168968,0.2032102,0.01101709,-0.9790729,0.0,0.0,0.0,0.955304,-0.3679106,-2.56223,0.04429552,-0.05827319,0.6126389,0.3089158,0.003142336,-0.9510842,0.5295611,0.8300776,0.1747461,0.7900229,-0.557639,0.2547601,static,-10.14397214570495,-2.7330047538698192,4.13545014650585,-5.433531679801847,0.46682310000000005,-0.38986341999999996,0.10376399999999997,-0.1759281182399629,-0.04693815220596764,0.9832833339727899,-10.054536453257585,-3.2679397576148945,14.501247779060106,14.532540957347088,14.35428535577119
2281,05/11/2023 10:04:32.485925,2461,True,True,True,True,Eyes,0.5528692,0.03001707,-2.799841,0.7020446,-0.5898739,0.3989763,0.0,0.0,0.0,0.0,0.0,0.0,0.0,-2.685026,0.1570182,0.2688034,0.4890926,0.02404354,-2.658286,0.2350784,0.5689461,-0.1729254,0.7688534,33.935,73.03577,0.1094828,0.2023233,0.01097142,-0.979257,0.0,0.0,0.0,0.955304,-0.3679106,-2.56223,0.04403693,-0.06069283,0.6120335,0.2927945,0.001585352,-0.9561742,0.5334024,0.8296699,0.1647113,0.7935701,-0.558252,0.2420771,static,-10.200057948146345,-2.8660364833732697,4.11544395829492,-5.663269883972823,0.46621140000000005,-0.39195413999999995,0.09605599999999992,-0.17687115899212424,-0.04921259953307322,0.98300286846786,-10.110844894363542,-3.4019720490419507,14.552164120944513,14.58623013429972,14.404886754762686
2282,05/11/2023 10:04:32.505421,2462,True,True,True,True,Eyes,0.5496988,0.02981149,-2.792463,0.7064071,-0.5919006,0.3881271,0.0,0.0,0.0,0.0,0.0,0.0,0.0,-2.684613,0.1220431,0.2194555,0.4881942,0.02193194,-2.651677,0.2285432,0.5784023,-0.1721476,0.7639267,33.25195,74.28981,0.0934175,0.2014631,0.01092605,-0.979435,0.0,0.0,0.0,0.955304,-0.3679106,-2.56223,0.04026711,-0.06623987,0.6100494,0.271632,0.001363483,-0.9624001,0.527396,0.8362665,0.1500393,0.8050275,-0.5483216,0.2264377,static,-10.534937978790923,-3.7436137453155873,3.7764049706994434,-6.196964362289009,0.4671098,-0.38984253999999996,0.08944699999999983,-0.18245792862913612,-0.06419589283454116,0.9811156652447872,-10.446969661499503,-4.2855229833127915,14.474953328806011,14.520105587347894,14.351236673999319
2283,05/11/2023 10:04:32.525425,2463,True,True,True,True,Eyes,0.5466546,0.02956827,-2.785095,0.7108623,-0.5938956,0.3767797,0.0,0.0,0.0,0.0,0.0,0.0,0.0,-2.681411,0.09192047,0.1735339,0.4871811,0.02168369,-2.643996,0.2271775,0.5859286,-0.174832,0.7579656,33.3165,75.4344,0.08134078,0.2006318,0.01088094,-0.979606,0.0,0.0,0.0,0.955304,-0.3679106,-2.56223,0.03849723,-0.06546539,0.6097873,0.2522429,0.001186353,-0.9676632,0.5312527,0.8356484,0.1395073,0.8087917,-0.5492635,0.2101561,static,-10.74263665567638,-3.8560574336172015,3.6124159166988443,-6.127675772138201,0.46812290000000006,-0.38959428999999995,0.081766,-0.18599042429699764,-0.0660766993222019,0.9803272756938091,-10.655879150151776,-4.401674426023679,14.488261246667061,14.533677587987201,14.37231104455727
2284,05/11/2023 10:04:32.536405,2464,True,True,True,True,Eyes,0.5437289,0.02934035,-2.777724,0.7151928,-0.5959597,0.3651457,0.0,0.0,0.0,0.0,0.0,0.0,0.0,-2.677753,0.07481152,0.1241996,0.4866466,0.02067593,-2.637069,0.2260108,0.5936108,-0.1745142,0.7523897,33.18084,76.66121,0.3915455,0.1998291,0.01083464,-0.9797707,0.0,0.0,0.0,0.955304,-0.3679106,-2.56223,0.03485051,-0.06644785,0.6087776,0.2343423,0.005719421,-0.9721374,0.5309301,0.8369278,0.1329094,0.814369,-0.5472834,0.1930909,static,-11.02614029343631,-4.120030548180786,3.2764184091356916,-6.229153953998271,0.46865740000000006,-0.38858653,0.07483899999999988,-0.19078058792779773,-0.07052652813683409,0.9790959419399656,-10.940923246055755,-4.670707825263604,14.409129320257199,14.457233033381085,14.302501811802365
2285,05/11/2023 10:04:32.555992,2465,True,True,True,True,Eyes,0.5409182,0.02912835,-2.770356,0.7194464,-0.5980394,0.3531938,0.0,0.0,0.0,0.0,0.0,0.0,0.0,-2.672728,0.06439993,0.07360435,0.4860492,0.02099976,-2.629896,0.2281478,0.6006044,-0.1750952,0.7460327,33.41762,77.93638,0.878655,0.1990568,0.01078782,-0.9799283,0.0,0.0,0.0,0.955304,-0.3679106,-2.56223,0.03091504,-0.06457949,0.6090187,0.2172321,0.01279963,-0.9760361,0.5353066,0.8345805,0.1300855,0.8162457,-0.5507373,0.1744459,static,-11.33546957039857,-3.9789240083405413,2.9059571435914435,-6.052945032296185,0.4692548,-0.38891035999999995,0.067666,-0.19609765317975486,-0.06804228230941553,0.97822086719681,-11.252369348792897,-4.535125291376841,14.347730121710752,14.39165723805839,14.239451739125236
2286,05/11/2023 10:04:32.565392,2466,True,True,True,True,Eyes,0.5382053,0.02894233,-2.763005,0.7235535,-0.6001015,0.3410991,0.0,0.0,0.0,0.0,0.0,0.0,0.0,-2.666653,0.05805662,0.02679563,0.4855489,0.02138151,-2.622768,0.2298359,0.6070705,-0.1745287,0.7403923,33.52081,79.12549,1.41685,0.1983147,0.01074099,-0.9800794,0.0,0.0,0.0,0.955304,-0.3679106,-2.56223,0.02759397,-0.06418282,0.6090996,0.2020104,0.02061384,-0.9791666,0.5374925,0.8334304,0.1284351,0.8187147,-0.5522399,0.1572818,static,-11.575233379792222,-3.94635615731749,2.5938906368983288,-6.0152460211661065,0.46975510000000004,-0.38929210999999997,0.0605380000000002,-0.20019780242547253,-0.06742918856897466,0.9774324621774392,-11.493695885690403,-4.506838651924681,14.277145750198317,14.319370819595827,14.168111618102307
2287,05/11/2023 10:04:32.585863,2467,True,True,True,True,Eyes,0.5356321,0.028794,-2.755679,0.7274685,-0.6021407,0.3289622,0.0,0.0,0.0,0.0,0.0,0.0,0.0,-2.659914,0.05990344,-0.01291275,0.4848346,0.02208567,-2.615979,0.2325962,0.6121466,-0.1733528,0.7356117,33.67184,80.1512,2.046904,0.197603,0.01069509,-0.9802236,0.0,0.0,0.0,0.955304,-0.3679106,-2.56223,0.02526788,-0.06341025,0.609646,0.1904508,0.0297252,-0.9812466,0.5398065,0.8316956,0.1299662,0.8199618,-0.5544356,0.1423513,static,-11.68774597019947,-3.826141927384084,2.3733687071355405,-5.938073070045712,0.47046940000000004,-0.38999627,0.053748999999999825,-0.20214480774528126,-0.06535157164870334,0.9771727681951886,-11.607048430248016,-4.3886341157578,14.179368938304526,14.218832551250827,14.066016650363835
2288,05/11/2023 10:04:32.605686,2468,True,True,True,True,Eyes,0.5331895,0.02866951,-2.748366,0.7312742,-0.6040807,0.3167404,0.0,0.0,0.0,0.0,0.0,0.0,0.0,-2.653205,0.05360979,-0.05030465,0.4852484,0.02300425,-2.609388,0.2340202,0.6172096,-0.1729744,0.731004,33.75634,81.10374,2.480929,0.1969225,0.01065125,-0.980361,0.0,0.0,0.0,0.955304,-0.3679106,-2.56223,0.02335397,-0.06397831,0.6093866,0.1782644,0.03598905,-0.9833243,0.5417689,0.8306288,0.1286165,0.8214063,-0.5556623,0.1285738,static,-11.72803853192464,-3.7971253058811034,2.19471417230503,-5.9934156528342815,0.4700556,-0.39091485,0.04715800000000003,-0.2028386268580319,-0.06484718604797278,0.9770625684193914,-11.64762753287766,-4.360337107639598,14.05631868530695,14.094918735177378,13.938341702577649
2289,05/11/2023 10:04:32.625740,2469,True,True,True,True,Eyes,0.5308607,0.02858931,-2.741055,0.7348585,-0.605908,0.3047267,0.0,0.0,0.0,0.0,0.0,0.0,0.0,-2.645754,0.041215,-0.08854365,0.4855229,0.02359175,-2.602549,0.2340916,0.6228166,-0.1729146,0.7262241,33.73785,82.07883,2.787575,0.1962753,0.01061018,-0.9804912,0.0,0.0,0.0,0.955304,-0.3679106,-2.56223,0.02166215,-0.06518905,0.6089952,0.1644004,0.04044277,-0.9855644,0.5427416,0.8306034,0.1246178,0.8236529,-0.5553939,0.1146015,static,-11.798675338958315,-3.8924864885157895,2.037169937382534,-6.109882096749257,0.46978110000000006,-0.39150235,0.04031899999999977,-0.20402138247388535,-0.06645660176977553,0.9767080816466085,-11.718618087950741,-4.456958903579831,13.972731593124482,14.0124037122207,13.85474140070538
2290,05/11/2023 10:04:32.636059,2470,True,True,True,True,Eyes,0.5286509,0.02852838,-2.733746,0.7382324,-0.6076267,0.2929209,0.0,0.0,0.0,0.0,0.0,0.0,0.0,-2.638024,0.02456021,-0.1120341,0.4856235,0.02455186,-2.595359,0.2332509,0.6266089,-0.1740697,0.7229489,33.73857,82.6829,2.800322,0.1956614,0.01057313,-0.9806142,0.0,0.0,0.0,0.955304,-0.3679106,-2.56223,0.02373764,-0.06652169,0.6088805,0.1541221,0.04062717,-0.9872162,0.5440012,0.8305874,0.1191097,0.8248085,-0.5554042,0.1059106,static,-11.569205895422753,-3.9913397634874244,2.232586142387379,-6.234975999800586,0.46968050000000006,-0.39246245999999996,0.033129000000000186,-0.20008447983427746,-0.06819816812509209,0.9774022444282031,-11.487584239048902,-4.551714347878512,13.940921545810932,13.9829670319234,13.823040370500001
2291,05/11/2023 10:04:32.655833,2471,True,True,True,True,Eyes,0.5265612,0.02845363,-2.726449,0.741385,-0.6092194,0.281425,0.0,0.0,0.0,0.0,0.0,0.0,0.0,-2.630389,0.004250735,-0.1291671,0.4859931,0.02487417,-2.588211,0.2316686,0.6296403,-0.1760707,0.7203346,33.7438,83.10915,2.624512,0.1950818,0.01054042,-0.9807301,0.0,0.0,0.0,0.955304,-0.3679106,-2.56223,0.02745626,-0.06739871,0.6082034,0.1451044,0.03807605,-0.9886835,0.5453954,0.8306575,0.1120353,0.8255232,-0.5554802,0.0997655,static,-11.206041073461698,-4.101996029336782,2.5847611059656397,-6.323492697905463,0.46931090000000003,-0.39278477,0.02598099999999981,-0.19385867696124476,-0.07017518949089986,0.9785163679433843,-11.121990074491219,-4.655885565358334,13.923592634405857,13.968581610190762,13.807821749699608
2292,05/11/2023 10:04:32.676035,2472,True,True,True,True,Eyes,0.5245711,0.02837958,-2.719166,0.7442833,-0.6107906,0.2701429,0.0,0.0,0.0,0.0,0.0,0.0,0.0,-2.622718,-0.01600721,-0.1458588,0.486536,0.02433771,-2.581253,0.2302132,0.6324971,-0.1783969,0.7177212,33.7885,83.51279,2.423274,0.1945355,0.01051102,-0.9808389,0.0,0.0,0.0,0.955304,-0.3679106,-2.56223,0.03124921,-0.0671559,0.6070236,0.1362438,0.03514003,-0.9900519,0.5472969,0.8303529,0.1047868,0.8257746,-0.5561289,0.09389841,static,-10.83585887910562,-4.175510339671446,2.9469508555156296,-6.313042816429544,0.468768,-0.39224831,0.01902299999999979,-0.18751461373362377,-0.07152036082915278,0.979654572668784,-10.749371508794363,-4.7227897701819375,13.900626891173973,13.94757646582251,13.788333875352665
2293,05/11/2023 10:04:32.686266,2473,True,True,True,True,Eyes,0.5227085,0.02829237,-2.711913,0.7469622,-0.6123372,0.2590186,0.0,0.0,0.0,0.0,0.0,0.0,0.0,-2.614896,-0.03689933,-0.1608551,0.4866641,0.02416495,-2.574392,0.2292636,0.6350739,-0.1813414,0.7150069,33.93005,83.89517,2.201853,0.1940248,0.01048473,-0.9809404,0.0,0.0,0.0,0.955304,-0.3679106,-2.56223,0.03524043,-0.0658913,0.6065567,0.1275931,0.03187794,-0.9913142,0.5505192,0.829107,0.09751971,0.8250143,-0.5581803,0.08823887,static,-10.453784670255796,-4.152558510194976,3.3250982706772407,-6.199827829871396,0.46863990000000005,-0.39207555,0.012162000000000006,-0.18098165929698312,-0.07121660190500674,0.9809046051935197,-10.364883080844827,-4.693016122042386,13.883092081005147,13.930144535044274,13.772656640164692
2294,05/11/2023 10:04:32.706001,2474,True,True,True,True,Eyes,0.5209739,0.02820141,-2.704668,0.7494615,-0.6138561,0.2479679,0.0,0.0,0.0,0.0,0.0,0.0,0.0,-2.606927,-0.05936383,-0.1813796,0.4875484,0.02364523,-2.567923,0.2286247,0.638289,-0.1845345,0.7115229,34.11918,84.41046,2.025199,0.1935476,0.01046062,-0.9810349,0.0,0.0,0.0,0.955304,-0.3679106,-2.56223,0.037653,-0.06409382,0.6054899,0.1170682,0.02925625,-0.9926929,0.5544583,0.8273555,0.08977079,0.8239363,-0.5609162,0.08063569,static,-10.184094966145699,-4.082214191602149,3.5584136326051072,-6.042513000800957,0.46775560000000005,-0.39155583,0.005692999999999948,-0.17637690815140072,-0.07007177949850987,0.9818253729196116,-10.09354429958119,-4.617856923738377,13.83592205856071,13.881617845484946,13.726091953651473
2295,05/11/2023 10:04:32.726035,2475,True,True,True,True,Eyes,0.5193661,0.02809367,-2.697422,0.7518677,-0.61527,0.2369342,0.0,0.0,0.0,0.0,0.0,0.0,0.0,-2.597749,-0.0831731,-0.2066607,0.488504,0.02339413,-2.561004,0.2273271,0.6423793,-0.1871214,0.707571,34.20157,85.05154,1.888606,0.1931078,0.01043845,-0.9811218,0.0,0.0,0.0,0.955304,-0.3679106,-2.56223,0.03941191,-0.06361426,0.6045023,0.1046687,0.02725711,-0.9941336,0.556864,0.8266159,0.08129431,0.8239825,-0.5621061,0.07134233,static,-10.023523492765749,-4.113475035148819,3.730249989640785,-6.007359726136078,0.46680000000000005,-0.39130473,-0.0012259999999999494,-0.1736176529130396,-0.07064264057863691,0.9822762107788089,-9.931916654648733,-4.646250549719661,13.837243821749514,13.883554452232506,13.729800275548879
2296,05/11/2023 10:04:32.735713,2476,True,True,True,True,Eyes,0.5178736,0.02795766,-2.690176,0.7541879,-0.6165696,0.2259258,0.0,0.0,0.0,0.0,0.0,0.0,0.0,-2.587693,-0.1039847,-0.2348881,0.4895616,0.02285375,-2.55381,0.2255873,0.6469215,-0.1885458,0.7036004,34.15235,85.75849,1.838717,0.1927029,0.01041727,-0.9812008,0.0,0.0,0.0,0.955304,-0.3679106,-2.56223,0.04080061,-0.06431844,0.6032265,0.09188613,0.02655282,-0.9954156,0.5571964,0.8271216,0.07349805,0.8252813,-0.5613953,0.06120584,static,-9.928787076889162,-4.258036043018899,3.869438202459691,-6.08611268373687,0.46574240000000006,-0.39076435,-0.008420000000000094,-0.17196218458862106,-0.07314231959470219,0.9823844132578782,-9.836428953246784,-4.7891191024541415,13.869694493248046,13.918796106847761,13.767097981773867
2297,05/11/2023 10:04:32.756090,2477,True,True,True,True,Eyes,0.5165392,0.02779059,-2.682937,0.756512,-0.6176937,0.2148116,0.0,0.0,0.0,0.0,0.0,0.0,0.0,-2.577492,-0.1169251,-0.2635021,0.4904949,0.02210149,-2.546664,0.2245918,0.6512339,-0.1887699,0.6998707,34.0722,86.4766,1.957506,0.1923351,0.010396,-0.9812726,0.0,0.0,0.0,0.955304,-0.3679106,-2.56223,0.04190108,-0.06515369,0.6019956,0.08052083,0.02829441,-0.9963514,0.5567526,0.827849,0.06850369,0.8267667,-0.5602371,0.05090605,static,-9.850495681222094,-4.391671949063367,3.981572822077919,-6.177050577769817,0.46480910000000003,-0.39001209,-0.01556600000000019,-0.1705902186244883,-0.07545168279741156,0.9824489592497605,-9.757502288420069,-4.921356250725117,13.894983955400237,13.946816695139647,13.796338395925114
2298,05/11/2023 10:04:32.775818,2478,True,True,True,True,Eyes,0.5153449,0.02756621,-2.675705,0.7588156,-0.618673,0.2035747,0.0,0.0,0.0,0.0,0.0,0.0,0.0,-2.566752,-0.1268914,-0.2979612,0.4925803,0.02132181,-2.539687,0.2236321,0.6561922,-0.1878758,0.6957752,33.90107,87.32057,2.213175,0.1920061,0.0103735,-0.9813369,0.0,0.0,0.0,0.955304,-0.3679106,-2.56223,0.04157425,-0.06750038,0.5998656,0.06822876,0.03205268,-0.9971547,0.5549299,0.8293827,0.06463004,0.8290945,-0.5577606,0.03880073,static,-9.880097314111298,-4.591435985343484,3.964598299956606,-6.420248695586361,0.4627237,-0.38923241,-0.022543000000000202,-0.17105238892146712,-0.07887015569192288,0.9821001135311211,-9.787089789897916,-5.121647543210909,13.908670910956223,13.964961603074208,13.812866837611862
2299,05/11/2023 10:04:32.786202,2479,True,True,True,True,Eyes,0.5142782,0.02726283,-2.668462,0.761066,-0.6195844,0.1920778,0.0,0.0,0.0,0.0,0.0,0.0,0.0,-2.554668,-0.1378203,-0.3379695,0.494314,0.01987484,-2.532747,0.2225608,0.6619854,-0.1869332,0.6908677,33.7117,88.31333,2.50602,0.1917171,0.01034774,-0.9813935,0.0,0.0,0.0,0.955304,-0.3679106,-2.56223,0.0400551,-0.06912976,0.5978088,0.05366269,0.03637172,-0.9978966,0.5529562,0.8310453,0.06002597,0.8314805,-0.5550143,0.02448417,static,-10.018244908743632,-4.807370849187589,3.833270779200549,-6.59630408756481,0.46099000000000007,-0.38778544,-0.029482999999999926,-0.17336822235420085,-0.08253697564708808,0.9813925175285252,-9.925899318639951,-5.340047656359825,13.906326942387029,13.966558952896543,13.816401195761943
2300,05/11/2023 10:04:32.806288,2480,True,True,True,True,Eyes,0.5133302,0.02692149,-2.661197,0.7631401,-0.6204994,0.1805483,0.0,0.0,0.0,0.0,0.0,0.0,0.0,-2.540935,-0.1511867,-0.3799326,0.49582,0.01780779,-2.525352,0.2216201,0.6680455,-0.1866743,0.6853849,33.58709,89.36726,2.767156,0.1914686,0.01031612,-0.9814422,0.0,0.0,0.0,0.955304,-0.3679106,-2.56223,0.03864845,-0.06932019,0.5957897,0.03773571,0.04021716,-0.9984782,0.5519921,0.8320745,0.05437633,0.8329952,-0.5532039,0.00919941,static,-10.199428436973127,-4.9677652364654366,3.7115358248391637,-6.636529911506642,0.45948400000000006,-0.38571838999999997,-0.03687800000000019,-0.17643049711322378,-0.08523685611757731,0.9806156047651047,-10.108075775139278,-5.503676059854799,13.948022471256166,14.010699562622994,13.86596634293698
2301,05/11/2023 10:04:32.825714,2481,True,True,True,True,Eyes,0.5125248,0.0265065,-2.653927,0.7650511,-0.6214315,0.1688782,0.0,0.0,0.0,0.0,0.0,0.0,0.0,-2.527467,-0.1667394,-0.4126532,0.4973027,0.01660944,-2.517656,0.2215767,0.6726763,-0.1879755,0.6804966,33.67337,90.21889,2.911128,0.1912611,0.01027778,-0.9814831,0.0,0.0,0.0,0.955304,-0.3679106,-2.56223,0.03941872,-0.068057,0.5944934,0.02434368,0.04226545,-0.9988099,0.5539322,0.831138,0.04867117,0.832206,-0.5544577,-0.003179296,static,-10.192203253860638,-4.923994991059982,3.7935241902978976,-6.530732242310474,0.45800130000000006,-0.38452003999999995,-0.04457399999999989,-0.17631811319479584,-0.08448943919345826,0.9807005653423994,-10.100848972585958,-5.459777089413195,14.01600393704787,14.077719159609815,13.935585761961509
2302,05/11/2023 10:04:32.845955,2482,True,True,True,True,Eyes,0.511851,0.02601502,-2.646636,0.766769,-0.6223993,0.1571125,0.0,0.0,0.0,0.0,0.0,0.0,0.0,-2.51346,-0.1796346,-0.4493663,0.4994759,0.01454875,-2.510377,0.2217619,0.6776512,-0.1886973,0.6752806,33.72759,91.156,3.150404,0.1910957,0.0102306,-0.9815159,0.0,0.0,0.0,0.955304,-0.3679106,-2.56223,0.03903914,-0.06670712,0.5922579,0.01036431,0.0457072,-0.9989012,0.5554017,0.83043,0.04376109,0.8315176,-0.5552449,-0.01677896,static,-10.257479556710882,-4.903352325771258,3.7712402975911767,-6.426248281801129,0.45582810000000007,-0.38245935,-0.05185299999999993,-0.17744086134604609,-0.0841188485725481,0.9805297984749581,-10.166562697668118,-5.440300070444178,14.050441918780471,14.111137191714244,13.972632043038168
2303,05/11/2023 10:04:32.855576,2483,True,True,True,True,Eyes,0.5113268,0.02548966,-2.639321,0.7682431,-0.6234377,0.1453547,0.0,0.0,0.0,0.0,0.0,0.0,0.0,-2.498107,-0.1936452,-0.4868472,0.5014997,0.01231723,-2.502679,0.2224123,0.6826643,-0.1899485,0.6696431,33.86347,92.1392,3.401677,0.1909731,0.01017256,-0.9815404,0.0,0.0,0.0,0.955304,-0.3679106,-2.56223,0.03882806,-0.06421658,0.5902767,-0.00422195,0.04927034,-0.9987767,0.5580613,0.8289046,0.03853158,0.8297891,-0.5572159,-0.03099542,static,-10.355154962817407,-4.806938240213733,3.763461413310718,-6.208826701437984,0.45380430000000005,-0.38022783,-0.05955099999999991,-0.17913735070106385,-0.08244299530297797,0.9803636964924126,-10.264959216676257,-5.345630606617986,14.130097136009972,14.188044954608333,14.054952610021731
2304,05/11/2023 10:04:32.875593,2484,True,True,True,True,Eyes,0.5109529,0.02490323,-2.631995,0.7695143,-0.6244889,0.1336461,0.0,0.0,0.0,0.0,0.0,0.0,0.0,-2.483664,-0.2098469,-0.5158577,0.504171,0.01102657,-2.494879,0.2228754,0.6865374,-0.1918726,0.6649646,34.04639,92.90647,3.518271,0.1908947,0.0101034,-0.9815565,0.0,0.0,0.0,0.955304,-0.3679106,-2.56223,0.04063435,-0.06243256,0.588304,-0.01629748,0.05084764,-0.9985734,0.5612015,0.8270229,0.03295303,0.8275187,-0.5598639,-0.04201419,static,-10.272200549445497,-4.675248120249859,3.9511629494632126,-6.057724568646115,0.451133,-0.37893717,-0.06735099999999994,-0.1777502495697061,-0.0802099860644944,0.9808012699249276,-10.181609386196921,-5.212460174875204,14.234657194685171,14.29039223927947,14.15802690303198
2305,05/11/2023 10:04:32.886694,2485,True,True,True,True,Eyes,0.5107176,0.02425772,-2.62468,0.7705362,-0.6256159,0.1219781,0.0,0.0,0.0,0.0,0.0,0.0,0.0,-2.468931,-0.2276803,-0.5445716,0.5070075,0.008977957,-2.487344,0.2225905,0.6904961,-0.193844,0.6603734,34.17225,93.64948,3.560241,0.1908617,0.01002185,-0.9815639,0.0,0.0,0.0,0.955304,-0.3679106,-2.56223,0.04251761,-0.06060982,0.5857828,-0.02872091,0.05137693,-0.9982663,0.5634146,0.825756,0.0262886,0.825675,-0.5616828,-0.05266299,static,-10.171487128393299,-4.61877730341735,4.151393894982545,-5.907263634513309,0.4482965,-0.37688855699999996,-0.07488599999999979,-0.1760392507178158,-0.07926803174408292,0.9811863778472409,-10.08031081863738,-5.154191474497945,14.326165504203203,14.380720351748758,14.25161523245214
2306,05/11/2023 10:04:32.905799,2486,True,True,True,True,Eyes,0.5106692,0.02359321,-2.617382,0.7712855,-0.6268482,0.1103632,0.0,0.0,0.0,0.0,0.0,0.0,0.0,-2.454613,-0.2498516,-0.5696096,0.5096928,0.006865419,-2.480358,0.2226841,0.6939346,-0.1972872,0.6557015,34.46046,94.33105,3.499851,0.1908748,0.009926829,-0.9815625,0.0,0.0,0.0,0.955304,-0.3679106,-2.56223,0.04459502,-0.05691573,0.5835249,-0.04093503,0.05033343,-0.9978933,0.5677794,0.8229792,0.01821977,0.8221624,-0.5658374,-0.06226691,static,-10.006295755206969,-4.422954084039766,4.37024946443577,-5.570881970569441,0.4456112000000001,-0.37477601899999996,-0.08187200000000017,-0.17325448858667863,-0.07595221089086183,0.9819440758582376,-9.914264542912797,-4.955420007742213,14.37234789407232,14.422301858063607,14.29776674358008
2307,05/11/2023 10:04:32.925828,2487,True,True,True,True,Eyes,0.5108033,0.02288472,-2.610092,0.7719289,-0.6280138,0.09861241,0.0,0.0,0.0,0.0,0.0,0.0,0.0,-2.437937,-0.2835224,-0.5984731,0.5136169,0.005605988,-2.473511,0.2213697,0.6983058,-0.2018424,0.6500955,34.73059,95.11499,3.259869,0.1909362,0.009818835,-0.9815517,0.0,0.0,0.0,0.955304,-0.3679106,-2.56223,0.04596126,-0.05453117,0.5808505,-0.0567428,0.04673375,-0.9972945,0.5716012,0.8205101,0.005927363,0.8185674,-0.5697184,-0.07327111,static,-9.901863308585805,-4.27689816424774,4.524246346754586,-5.363298962211717,0.4416871,-0.373516588,-0.08871900000000021,-0.17149637399230366,-0.07347177968713842,0.9824412747583205,-9.809314251806772,-4.807500376429856,14.42003017548625,14.46695913043657,14.3443323825331
2308,05/11/2023 10:04:32.936078,2488,True,True,True,True,Eyes,0.5111001,0.02213953,-2.602809,0.7723871,-0.6291742,0.08693602,0.0,0.0,0.0,0.0,0.0,0.0,0.0,-2.418731,-0.314375,-0.6343479,0.5175608,0.003772579,-2.466497,0.2187841,0.7038681,-0.2046439,0.6440685,34.74385,96.04918,3.09608,0.1910478,0.009697375,-0.9815312,0.0,0.0,0.0,0.955304,-0.3679106,-2.56223,0.04621223,-0.05415617,0.5778096,-0.07461856,0.04438084,-0.996224,0.5715995,0.8205088,-0.006260728,0.8171328,-0.5699083,-0.08659326,static,-9.942261932487138,-4.3835287509617045,4.572685892133569,-5.354500004810137,0.4377432,-0.371683179,-0.09573300000000007,-0.17216560276052478,-0.07529110301584081,0.9821864043033044,-9.84986226050002,-4.914851598828058,14.49887640109199,14.547387927984232,14.429247587310888
2309,05/11/2023 10:04:32.955828,2489,True,True,True,True,Eyes,0.5115954,0.02136159,-2.595557,0.772773,-0.6302156,0.07516667,0.0,0.0,0.0,0.0,0.0,0.0,0.0,-2.400299,-0.3459173,-0.662832,0.5212638,0.002013549,-2.459414,0.2160854,0.70845,-0.208078,0.6388344,34.81379,96.79842,2.814703,0.1912109,0.00956227,-0.9815007,0.0,0.0,0.0,0.955304,-0.3679106,-2.56223,0.04816172,-0.05313663,0.5750329,-0.0903957,0.04031666,-0.9950896,0.5720261,0.8200213,-0.01874012,0.8152391,-0.5709112,-0.09718855,static,-9.820162585183423,-4.432134830122932,4.78761806908866,-5.279494750367875,0.4340402,-0.369924149,-0.1028159999999998,-0.17006097857644042,-0.07615254531644791,0.9824865870324639,-9.726934559768706,-4.961277271935684,14.583224699795446,14.632336603487607,14.51804051445821
2310,05/11/2023 10:04:32.976166,2490,True,True,True,True,Eyes,0.5122773,0.02053528,-2.588336,0.7730281,-0.6312039,0.06331811,0.0,0.0,0.0,0.0,0.0,0.0,0.0,-2.380159,-0.3784128,-0.6965337,0.5259606,0.0003418177,-2.452933,0.2129392,0.713749,-0.2110451,0.6329923,34.80911,97.66838,2.568204,0.1914275,0.009413486,-0.9814598,0.0,0.0,0.0,0.955304,-0.3679106,-2.56223,0.04868631,-0.05337004,0.571553,-0.1079551,0.03679045,-0.9934748,0.5711502,0.8202338,-0.0316886,0.8137158,-0.5708441,-0.1095613,static,-9.793688618050025,-4.552684815006625,4.868843892030353,-5.334652648870066,0.42934340000000004,-0.3682524177,-0.1092970000000002,-0.1695797001601274,-0.07822611035661145,0.9824069374606781,-9.700169202856845,-5.081353787521203,14.631996446090117,14.683369276237695,14.571214872897704
2311,05/11/2023 10:04:32.986001,2491,True,True,True,True,Eyes,0.5131404,0.01967198,-2.581133,0.7732161,-0.6320719,0.05120451,0.0,0.0,0.0,0.0,0.0,0.0,0.0,-2.357502,-0.4093855,-0.7358394,0.5305143,-0.001706347,-2.446512,0.2096965,0.7198225,-0.2133724,0.6263827,34.74193,98.69568,2.412041,0.1916993,0.009250395,-0.9814079,0.0,0.0,0.0,0.955304,-0.3679106,-2.56223,0.04794716,-0.05371846,0.5681179,-0.1273444,0.03458295,-0.9912556,0.5691941,0.8209992,-0.04448,0.8122818,-0.569881,-0.124234,static,-9.883517636307491,-4.721452180081214,4.824130970673529,-5.401550062024258,0.42478970000000005,-0.366204253,-0.11571800000000021,-0.17108031874218438,-0.08109813826524244,0.9819137143467056,-9.790399821896845,-5.251723972806439,14.669103797556254,14.723364448231735,14.615298770261179
2312,05/11/2023 10:04:33.006172,2492,True,True,True,True,Eyes,0.5141834,0.01880332,-2.573932,0.7732289,-0.6329213,0.03908622,0.0,0.0,0.0,0.0,0.0,0.0,0.0,-2.333033,-0.441225,-0.7751307,0.5350816,-0.003517322,-2.439718,0.2066898,0.7258793,-0.2160125,0.6194493,34.72691,99.75412,2.262515,0.1920277,0.00907285,-0.9813449,0.0,0.0,0.0,0.955304,-0.3679106,-2.56223,0.04746594,-0.05365232,0.5650196,-0.1471244,0.03244615,-0.9885859,0.5676812,0.8212359,-0.05753033,0.8099957,-0.5696656,-0.1392428,static,-9.993494685719563,-4.83863570965686,4.802005691254042,-5.424346067858563,0.4202224,-0.364393278,-0.12251199999999995,-0.17293644579244044,-0.0830788818586079,0.9814229065436522,-9.900959426597773,-5.370870398724021,14.750740567403001,14.807089113959261,14.703062364825792
2313,05/11/2023 10:04:33.025414,2493,True,True,True,True,Eyes,0.5154319,0.01802014,-2.566756,0.7730752,-0.6338204,0.02502859,0.0,0.0,0.0,0.0,0.0,0.0,0.0,-2.308671,-0.4734302,-0.8092589,0.5398659,-0.004613064,-2.432596,0.2035102,0.7312735,-0.2188717,0.6131216,34.72672,100.6829,2.039766,0.1924139,0.008881922,-0.9812704,0.0,0.0,0.0,0.955304,-0.3679106,-2.56223,0.04848125,-0.05409886,0.5622295,-0.1653314,0.02925321,-0.9858042,0.5660331,0.8213575,-0.07055724,0.8076338,-0.569663,-0.1523545,static,-9.883532375736126,-4.9358756378655215,4.928444163178328,-5.496195005028017,0.41543810000000003,-0.363297536,-0.1296339999999998,-0.1710280818279813,-0.08477305438276922,0.9816124077788777,-9.79019677709911,-5.466146316226479,14.764053568186553,14.822570856048204,14.71867161304001
2314,05/11/2023 10:04:33.036437,2494,True,True,True,True,Eyes,0.5168738,0.0172928,-2.559596,0.7726685,-0.634711,0.01118946,0.0,0.0,0.0,0.0,0.0,0.0,0.0,-2.285393,-0.5091054,-0.8357455,0.5456901,-0.003725424,-2.425466,0.2001723,0.73568,-0.2224694,0.6076294,34.79163,101.4189,1.686375,0.1928605,0.008681945,-0.9811847,0.0,0.0,0.0,0.955304,-0.3679106,-2.56223,0.05133329,-0.05606918,0.5597677,-0.1814353,0.02416766,-0.9831059,0.5648834,0.8208769,-0.08407135,0.8049771,-0.5705937,-0.162588,static,-9.62163885743561,-4.973984812600544,5.239633092069504,-5.719958083800883,0.4096139000000001,-0.364185176,-0.13676399999999989,-0.16652916630109982,-0.08549272456591145,0.9823232152635402,-9.526593718516546,-5.499579116036304,14.818423742619407,14.879982529508993,14.767871245074668
2315,05/11/2023 10:04:33.056157,2495,True,True,True,True,Eyes,0.5184616,0.01659533,-2.552451,0.7720799,-0.6355211,-0.00236497,0.0,0.0,0.0,0.0,0.0,0.0,0.0,-2.261384,-0.5474938,-0.8603911,0.5512577,-0.003327288,-2.418674,0.1960078,0.740002,-0.2265301,0.6022143,34.84392,102.1005,1.204559,0.1933674,0.008476356,-0.981087,0.0,0.0,0.0,0.955304,-0.3679106,-2.56223,0.05447128,-0.05746208,0.5572377,-0.1978379,0.017253,-0.980083,0.5629316,0.8205301,-0.09918807,0.8024764,-0.5713428,-0.1720442,static,-9.323115414897357,-5.034282659691535,5.5830576704119945,-5.887503185121334,0.4040463000000001,-0.364583312,-0.1435559999999998,-0.16139331344273028,-0.08660138547495613,0.9830831256928966,-9.226104499491527,-5.554546415373283,14.865912680046177,14.930572035733112,14.812904657258231
2316,05/11/2023 10:04:33.075810,2496,True,True,True,True,Eyes,0.5202947,0.01609028,-2.545315,0.7711419,-0.6364724,-0.01559086,0.0,0.0,0.0,0.0,0.0,0.0,0.0,-2.235758,-0.5786989,-0.8904178,0.5557852,-0.003442153,-2.411937,0.1929631,0.7448757,-0.2294712,0.5960441,34.88171,102.9723,0.9720773,0.1939355,0.008266195,-0.9809769,0.0,0.0,0.0,0.955304,-0.3679106,-2.56223,0.0557975,-0.05799944,0.5554848,-0.2149935,0.01391708,-0.9765164,0.561017,0.8202164,-0.111826,0.7993986,-0.5718841,-0.184149,static,-9.20921543886247,-5.09537904930929,5.736022999495877,-5.96078481417374,0.39951880000000006,-0.364468447,-0.150293,-0.15942362230538398,-0.08767805898310142,0.983309049809314,-9.111415788472879,-5.6136087191366695,14.90363930310706,14.970273181116118,14.851497224301808
2317,05/11/2023 10:04:33.085498,2497,True,True,True,True,Eyes,0.5222874,0.01548308,-2.538219,0.7701527,-0.6372029,-0.02893524,0.0,0.0,0.0,0.0,0.0,0.0,0.0,-2.209842,-0.6298465,-0.9058675,0.5629865,0.0003235862,-2.404943,0.1888227,0.7481424,-0.2361768,0.5906349,35.20042,103.4989,0.2485012,0.1945686,0.008059085,-0.9808535,0.0,0.0,0.0,0.955304,-0.3679106,-2.56223,0.0611048,-0.06010143,0.5539881,-0.2309929,0.003544044,-0.972949,0.561521,0.817133,-0.1303371,0.7945668,-0.5764382,-0.1907421,static,-8.774762320558446,-4.901568281827323,6.2942722383713425,-6.191726692349765,0.3923175000000001,-0.3682341862,-0.15728700000000018,-0.15200555306582936,-0.08445130090414243,0.9847650759507607,-8.674387898164815,-5.412042000960579,15.05605165749166,15.124163159079648,14.988952415066015
2318,05/11/2023 10:04:33.105909,2498,True,True,True,True,Eyes,0.5243065,0.01486982,-2.531133,0.7687839,-0.6381149,-0.04219808,0.0,0.0,0.0,0.0,0.0,0.0,0.0,-2.17849,-0.6502125,-0.9531043,0.5681564,-0.002715319,-2.39879,0.184374,0.7551953,-0.2356851,0.5832143,34.82248,104.7224,0.2489468,0.1952668,0.007850608,-0.9807166,0.0,0.0,0.0,0.955304,-0.3679106,-2.56223,0.05941445,-0.06252136,0.5500223,-0.2517348,0.003566873,-0.9677898,0.5533866,0.8209175,-0.1409175,0.7939729,-0.5710357,-0.2086273,static,-8.953536909883743,-5.370124742260471,6.165292350138226,-6.485009777732465,0.38714760000000004,-0.365195281,-0.16344000000000003,-0.15496681142159308,-0.09245860475619574,0.983583591882901,-8.853826920116887,-5.883787486060003,15.082016864061451,15.159880172218243,15.031148056557502
2319,05/11/2023 10:04:33.125859,2499,True,True,True,True,Eyes,0.5264944,0.01436785,-2.524145,0.76679,-0.6395019,-0.05541012,0.0,0.0,0.0,0.0,0.0,0.0,0.0,-2.153458,-0.6726811,-0.9781148,0.5703083,-0.003461286,-2.391929,0.1854346,0.7588944,-0.2393712,0.576537,35.24926,105.6729,0.3815203,0.1960229,0.007641141,-0.9805676,0.0,0.0,0.0,0.955304,-0.3679106,-2.56223,0.05958264,-0.05754058,0.5506237,-0.2664385,0.005437859,-0.9638366,0.5574631,0.8166309,-0.1494952,0.786286,-0.5771346,-0.2206135,static,-8.914140674449417,-5.022431721369548,6.175909507755992,-5.965797506642337,0.38499570000000005,-0.36444931399999997,-0.1703009999999998,-0.15437345921171697,-0.08649629895102894,0.9842190259087693,-8.814532641331201,-5.535393275889451,15.052582365160461,15.119509036549463,14.996619740027413
2320,05/11/2023 10:04:33.136450,2500,True,True,True,True,Eyes,0.5288156,0.01392913,-2.517233,0.7644809,-0.6409484,-0.06894972,0.0,0.0,0.0,0.0,0.0,0.0,0.0,-2.124606,-0.7174054,-1.000873,0.5759363,-0.001393117,-2.387187,0.1877733,0.7622261,-0.2475417,0.5678695,36.2015,106.7453,0.3627318,0.1968393,0.007434385,-0.9804058,0.0,0.0,0.0,0.955304,-0.3679106,-2.56223,0.05799158,-0.05177715,0.5503193,-0.2845309,0.005108689,-0.9586533,0.5673941,0.8069286,-0.1641039,0.7727265,-0.5906268,-0.2324948,static,-8.922472582884614,-4.186399818160224,6.01551711626107,-5.374888321432945,0.3793677000000001,-0.366517483,-0.17504300000000006,-0.15469395856664903,-0.07212270351554904,0.9853263706184039,-8.823767207415504,-4.69951551057116,14.935371896412535,14.98519406528304,14.854645323014772
2321,05/11/2023 10:04:33.155554,2501,True,True,True,True,Eyes,0.5311636,0.01355244,-2.510349,0.7616603,-0.6426662,-0.08278742,0.0,0.0,0.0,0.0,0.0,0.0,0.0,-2.083094,-0.7509048,-1.05261,0.580591,-0.0002200007,-2.382025,0.1860768,0.7701567,-0.2498271,0.5566151,36.29611,108.4846,0.6043859,0.1977143,0.007232613,-0.9802313,0.0,0.0,0.0,0.955304,-0.3679106,-2.56223,0.05155283,-0.05270189,0.5501318,-0.31111,0.008501634,-0.9503357,0.5647317,0.8059236,-0.1776657,0.7643876,-0.5919583,-0.255532,static,-9.450018600722947,-4.249387125178072,5.353551004959654,-5.472159713763,0.3747130000000001,-0.3676905993,-0.18020499999999995,-0.16374793235574314,-0.07309766676090929,0.9837903028044728,-9.3546148386603,-4.771921790045358,14.804040301793366,14.853984175085296,14.724825147798567
2322,05/11/2023 10:04:33.175421,2502,True,True,True,True,Eyes,0.5335901,0.01331452,-2.503516,0.7583727,-0.6446146,-0.09665783,0.0,0.0,0.0,0.0,0.0,0.0,0.0,-2.043581,-0.7845849,-1.091651,0.582779,0.001013428,-2.375683,0.1882003,0.7761485,-0.2546889,0.5452592,36.91208,110.1668,1.031937,0.1986439,0.007037571,-0.9800448,0.0,0.0,0.0,0.955304,-0.3679106,-2.56223,0.04583861,-0.047166,0.5525882,-0.3345458,0.01439991,-0.9422693,0.5698856,0.7994285,-0.1901168,0.7505391,-0.6005887,-0.2756517,static,-9.920226552893403,-3.769335836289144,4.741975194947571,-4.878639344622295,0.372525,-0.36892402799999996,-0.18654700000000002,-0.17191519725611148,-0.06476112107817257,0.9829806879526424,-9.828310389356789,-4.300269186467563,14.665763449514143,14.704105357620067,14.581760320620806
2323,05/11/2023 10:04:33.188662,2503,True,True,True,True,Eyes,0.5360979,0.0131851,-2.496753,0.7551636,-0.6461149,-0.1107408,0.0,0.0,0.0,0.0,0.0,0.0,0.0,-2.008374,-0.818387,-1.121335,0.5864109,0.004167594,-2.369983,0.1895707,0.7809094,-0.2593273,0.5357174,37.45475,111.5443,1.315361,0.1996253,0.006854046,-0.9798468,0.0,0.0,0.0,0.955304,-0.3679106,-2.56223,0.04233338,-0.04475628,0.5546962,-0.3541401,0.01822277,-0.935015,0.5739272,0.7936247,-0.2019096,0.7383717,-0.6081347,-0.2915129,static,-10.133907942235528,-3.31954434123749,4.364247085904297,-4.612980481750009,0.3688931000000001,-0.372078194,-0.19224700000000006,-0.17566322985662058,-0.057004174961399964,0.9827985578260279,-10.04381205266691,-3.8542958796562887,14.524670362211872,14.555736885144633,14.428020323870472
2324,05/11/2023 10:04:33.206000,2504,True,True,True,True,Eyes,0.5386854,0.01319974,-2.490019,0.7519329,-0.647315,-0.1248207,0.0,0.0,0.0,0.0,0.0,0.0,0.0,-1.96861,-0.8390942,-1.16659,0.5901861,0.006701477,-2.364756,0.1848891,0.7883828,-0.2580035,0.5269753,36.98995,112.9509,1.406374,0.2006566,0.006685023,-0.9796374,0.0,0.0,0.0,0.955304,-0.3679106,-2.56223,0.03821339,-0.05154839,0.5554492,-0.3762263,0.01960381,-0.9263206,0.5634497,0.7985005,-0.211947,0.7355126,-0.6016749,-0.3114626,static,-10.3910220983544,-3.890940480692612,3.9355920393491823,-5.302140099844152,0.3651179,-0.374612077,-0.19747400000000015,-0.1799627653196199,-0.06674965630653144,0.9814060775017521,-10.301985932199583,-4.430279142441336,14.355344122045551,14.395949326659276,14.264247895524463
2325,05/11/2023 10:04:33.226605,2505,True,True,True,True,Eyes,0.541361,0.01328607,-2.483337,0.7489105,-0.6479935,-0.1386988,0.0,0.0,0.0,0.0,0.0,0.0,0.0,-1.93106,-0.8627487,-1.201166,0.5940884,0.01011727,-2.358619,0.1785371,0.7946911,-0.2573969,0.51994,36.49546,113.9876,1.147681,0.201736,0.006534736,-0.9794168,0.0,0.0,0.0,0.955304,-0.3679106,-2.56223,0.03800032,-0.05915773,0.5566828,-0.3955742,0.01610177,-0.918293,0.5514255,0.8037427,-0.223445,0.7344735,-0.5947592,-0.3268187,static,-10.360977407103583,-4.480887399566533,3.9050705046349745,-6.065958763595345,0.3612156000000001,-0.37802787,-0.203611,-0.17931719226218673,-0.0768602079349396,0.9807842388463139,-10.271150110933734,-5.019685820862477,14.300643500058777,14.353834827288637,14.214778155566485
2326,05/11/2023 10:04:33.241048,2506,True,True,True,True,Eyes,0.5440826,0.01332075,-2.476676,0.7459022,-0.6483617,-0.1525019,0.0,0.0,0.0,0.0,0.0,0.0,0.0,-1.896388,-0.8827614,-1.232633,0.5983648,0.01174543,-2.353032,0.1702208,0.80048,-0.25607,0.5144755,35.81052,114.7478,0.6382218,0.2028625,0.006404059,-0.9791851,0.0,0.0,0.0,0.955304,-0.3679106,-2.56223,0.03981332,-0.06742427,0.5560371,-0.4126801,0.009033141,-0.9108314,0.5360001,0.8109061,-0.2348091,0.7364777,-0.5851067,-0.3394867,static,-10.106975724850255,-5.253199111640678,4.095497977638576,-6.9138505376407045,0.3569392,-0.37965603,-0.20919800000000022,-0.17477205573945204,-0.0901480464027537,0.9804732906906302,-10.014743204348079,-5.787457350589986,14.22769378151,14.299231532797933,14.155128675701484
2327,05/11/2023 10:04:33.256050,2507,True,True,True,True,Eyes,0.5468396,0.01334084,-2.470012,0.7426664,-0.6487892,-0.1658889,0.0,0.0,0.0,0.0,0.0,0.0,0.0,-1.860797,-0.8981884,-1.264909,0.6016734,0.01044056,-2.34674,0.1633089,0.8060479,-0.2550617,0.5084885,35.25843,115.5956,0.2720918,0.2040337,0.006289029,-0.9789426,0.0,0.0,0.0,0.955304,-0.3679106,-2.56223,0.04123141,-0.07129522,0.554849,-0.4295392,0.003877678,-0.9030398,0.5226615,0.8165475,-0.2451025,0.7364245,-0.5772653,-0.3527658,static,-9.938881864912473,-5.881207885427639,4.2498980065475624,-7.322088407197365,0.3536306,-0.37835115999999996,-0.21548999999999996,-0.17171595171169923,-0.10094429832613445,0.9799611295515754,-9.844938819091327,-6.412460760250958,14.175834673928406,14.261753430723896,14.124158296956157
2328,05/11/2023 10:04:33.275573,2508,True,True,True,True,Eyes,0.6177599,0.01420502,-2.30386,0.6147005,-0.6218473,-0.485231,0.0,0.0,0.0,0.0,0.0,0.0,0.0,-1.82778,-0.9222664,-1.284341,0.6048031,0.009986177,-2.339872,0.1599722,0.8097025,-0.2577988,0.5023254,35.32381,116.3719,0.004355212,0.2052469,0.006187529,-0.9786897,0.0,0.0,0.0,0.955304,-0.3679106,-2.56223,0.04352112,-0.06965168,0.555297,-0.4441564,6.201339e-05,-0.8959493,0.5180574,0.8158974,-0.2567645,0.7309868,-0.5781968,-0.3624182,static,9.323944643069593,-3.7372446454423622,4.481366875853005,-7.149352174139247,0.3505009,-0.37789677699999996,-0.22235799999999983,0.16168069949362734,-0.0643233996940818,0.9847445070888117,9.538601340396836,-3.924571957875894,5.921706919794176,5.923937644753729,5.9979019558986995
2329,05/11/2023 10:04:33.286061,2509,True,True,True,True,Eyes,0.6179021,0.01419659,-2.303611,0.6144005,-0.6220328,-0.4853733,0.0,0.0,0.0,0.0,0.0,0.0,0.0,-1.799723,-0.9376941,-1.303225,0.6091692,0.0103689,-2.333554,0.1586713,0.8127909,-0.2591932,0.4970045,35.38448,117.1168,0.02057766,0.2110485,0.006171492,-0.9774552,0.2127609,0.002592528,0.498456,0.955304,-0.3679106,-2.56223,0.04574515,-0.06966417,0.5552045,-0.4556201,0.0002928041,-0.8901744,0.5155735,0.8152847,-0.2636189,0.7256684,-0.5790603,-0.3716111,static,8.75724486896095,-3.6203410929543414,4.7101510047636035,-7.151799928852048,0.3461348000000001,-0.3782795,-0.2286760000000001,0.1519515528403101,-0.06241159324795738,0.9864154994963585,8.968167372147654,-3.817787627038434,5.369454042184023,5.371235449620859,5.407988666182186
2330,05/11/2023 10:04:33.306021,2510,True,True,True,True,Eyes,0.6181927,0.01421843,-2.303175,0.6135864,-0.6224112,-0.4859177,0.0,0.0,0.0,0.0,0.0,0.0,0.0,-1.777018,-0.9406519,-1.322451,0.6124289,0.01034097,-2.327297,0.1599127,0.8155292,-0.2589023,0.4922498,35.43075,117.9034,0.4175227,0.2159573,0.006151543,-0.9763826,0.1999952,0.002436977,0.4685486,0.955304,-0.3679106,-2.56223,0.04665689,-0.06914924,0.5557631,-0.4642365,0.005937648,-0.8856918,0.5157161,0.8147951,-0.2648508,0.7200847,-0.5797187,-0.3813198,static,8.169489929376311,-3.591288868435889,4.7987877675232,-7.092415048151242,0.3428751,-0.37825157,-0.23493299999999984,0.14182842329442014,-0.062005580949455436,0.9879473617559942,8.376633178369831,-3.799230001474414,4.858071802949978,4.859991521619093,4.862719972975224
2331,05/11/2023 10:04:33.325598,2511,True,True,True,True,Eyes,0.618656,0.01429341,-2.302586,0.6122043,-0.6230028,-0.4869018,0.0,0.0,0.0,0.0,0.0,0.0,0.0,-1.749576,-0.9543726,-1.341787,0.6158507,0.01129059,-2.322248,0.1634975,0.8183064,-0.2612124,0.485192,35.88491,118.9938,0.9975898,0.2203052,0.006133158,-0.9754109,0.1879955,0.002290758,0.4404357,0.955304,-0.3679106,-2.56223,0.04422951,-0.06578687,0.5570723,-0.4757146,0.01410586,-0.8794866,0.5210585,0.8100733,-0.2688482,0.7086561,-0.586159,-0.3927137,static,7.376795458893574,-3.1664498405745825,4.539553239460957,-6.735091086920424,0.33945330000000007,-0.37920118999999997,-0.23998199999999992,0.12820116324021325,-0.05478104225994322,0.9902340408925259,7.578449825479582,-3.3885473272667728,4.556356143233658,4.559072686068048,4.52042559896659
2332,05/11/2023 10:04:33.336308,2512,True,True,True,True,Eyes,0.6192505,0.01439671,-2.301818,0.6104186,-0.6235107,-0.488491,0.0,0.0,0.0,0.0,0.0,0.0,0.0,-1.713662,-0.9659244,-1.373779,0.6198971,0.01296379,-2.317859,0.1664682,0.8229036,-0.261746,0.4760326,36.10537,120.4758,1.757242,0.2242389,0.00611977,-0.9745141,0.1767158,0.002153313,0.4140096,0.955304,-0.3679106,-2.56223,0.0385071,-0.06555992,0.5581211,-0.4913626,0.02477521,-0.8706025,0.5231739,0.8075547,-0.272295,0.6963131,-0.589272,-0.4097639,static,6.317683144604648,-2.9498645197831386,3.9468199268277866,-6.699570576366165,0.33540690000000006,-0.38087438999999995,-0.24437100000000012,0.10989701859308765,-0.05115039710935,0.99262591115755,6.512360556696464,-3.190873934525554,4.4334858234121866,4.436359758651532,4.346602218741733
2333,05/11/2023 10:04:33.360527,2513,True,True,True,True,Eyes,0.6199428,0.0145209,-2.300892,0.6083327,-0.6240794,-0.4903633,0.0,0.0,0.0,0.0,0.0,0.0,0.0,-1.679168,-0.9686601,-1.406778,0.6231393,0.01408974,-2.312667,0.1688422,0.8276355,-0.260345,0.4676885,36.07703,121.8898,2.550003,0.2278077,0.006112124,-0.9736861,0.1661128,0.002024114,0.389169,0.955304,-0.3679106,-2.56223,0.03348801,-0.06658125,0.5594509,-0.5055198,0.03595899,-0.8620656,0.5230003,0.8074257,-0.2730103,0.6862367,-0.5888726,-0.4269763,static,5.329596684789611,-2.985884113162047,3.425564095736698,-6.786950094285722,0.3321647000000001,-0.38200034,-0.2495630000000002,0.09275990837153358,-0.05186533652228972,0.994336725484317,5.518006945000619,-3.2445356607086673,4.2488288050256715,4.251287180729059,4.114245629110003
2334,05/11/2023 10:04:33.375692,2514,True,True,True,True,Eyes,0.6207415,0.01468809,-2.299864,0.6059641,-0.6246657,-0.4925446,0.0,0.0,0.0,0.0,0.0,0.0,0.0,-1.650165,-0.9743458,-1.430218,0.6257666,0.01495585,-2.307836,0.1704754,0.8311714,-0.2600423,0.4609451,36.1172,122.9872,3.098044,0.2310543,0.006110573,-0.9729208,0.156146,0.001902667,0.3658189,0.955304,-0.3679106,-2.56223,0.03041957,-0.06645618,0.5608534,-0.5169358,0.043658,-0.8549104,0.523119,0.8066323,-0.2751199,0.6775872,-0.589439,-0.4398155,static,4.627185410847843,-2.954506797957378,3.1045669116550303,-6.75753631975275,0.3295374000000001,-0.38286644999999997,-0.254394,0.08056532367347263,-0.05137547019367007,0.9954243818182413,4.811082574724701,-3.225700157583029,4.094186753315312,4.096510788186857,3.9225071554698094
2335,05/11/2023 10:04:33.385562,2515,True,True,True,True,Eyes,0.6216677,0.01490082,-2.298754,0.6033556,-0.6253192,-0.4949118,0.0,0.0,0.0,0.0,0.0,0.0,0.0,-1.619431,-0.9903196,-1.449873,0.6287165,0.01637297,-2.304315,0.1698026,0.8345861,-0.2613263,0.4542483,36.18993,123.9512,3.268557,0.2340163,0.006116346,-0.9722126,0.1467773,0.001788507,0.3438697,0.955304,-0.3679106,-2.56223,0.02778494,-0.06682093,0.5617974,-0.5296511,0.04601566,-0.8469665,0.5208439,0.8057513,-0.2819336,0.6694709,-0.5904638,-0.450734,static,4.066844555772756,-2.876967557117973,2.8313831831838114,-6.782969693284566,0.32658750000000003,-0.38428356999999996,-0.2579150000000001,0.07083129548270417,-0.050065387690845745,0.9962309753540327,4.2470880924209276,-3.1581663464856518,4.094416213923951,4.096732538364855,3.8914547013941565
2336,05/11/2023 10:04:33.405630,2516,True,True,True,True,Eyes,0.6227002,0.01516651,-2.297554,0.6004031,-0.6259332,-0.4977184,0.0,0.0,0.0,0.0,0.0,0.0,0.0,-1.577713,-1.012799,-1.476371,0.63209,0.01770767,-2.301034,0.1672151,0.8393455,-0.2629708,0.4454041,36.18563,125.1722,3.298972,0.2367282,0.006130648,-0.9715558,0.1379706,0.001681197,0.3232375,0.955304,-0.3679106,-2.56223,0.02345771,-0.06788078,0.562347,-0.547309,0.04644592,-0.8356411,0.514959,0.8057709,-0.2924902,0.6597503,-0.5904034,-0.4649234,static,3.342687370266674,-2.8477703953234825,2.388647993300469,-6.8828598746662335,0.323214,-0.38561827,-0.261196,0.058236044370956974,-0.0495981854166274,0.9970699284352182,3.518281292222395,-3.1418992577859806,4.144449310758406,4.146340342893311,3.907794483731497
2337,05/11/2023 10:04:33.425723,2517,True,True,True,True,Eyes,0.6238573,0.01545879,-2.296257,0.5972537,-0.6265883,-0.5006745,0.0,0.0,0.0,0.0,0.0,0.0,0.0,-1.532844,-1.033042,-1.504747,0.6350003,0.01912687,-2.297271,0.1643602,0.8444878,-0.2640199,0.4360272,36.1041,126.479,3.360518,0.239221,0.006154884,-0.9709449,0.1296924,0.001580325,0.3038433,0.955304,-0.3679106,-2.56223,0.01858512,-0.0693308,0.5634215,-0.5657322,0.0473607,-0.8232281,0.5078401,0.8065584,-0.3025921,0.6496506,-0.5892543,-0.4803478,static,2.559977622390628,-2.901611088341667,1.8892835529714733,-7.015160935370197,0.3203037000000001,-0.38703747,-0.26495900000000017,0.04460802057836344,-0.050570628811057644,0.9977236946231981,2.7306327542808746,-3.209714951201696,4.166568555993827,4.167867905625425,3.8973436616454724
2338,05/11/2023 10:04:33.436199,2518,True,True,True,True,Eyes,0.6251401,0.01576323,-2.294845,0.593808,-0.6271272,-0.5040869,0.0,0.0,0.0,0.0,0.0,0.0,0.0,-1.48437,-1.053216,-1.53461,0.6384732,0.02011649,-2.29338,0.16136,0.8498365,-0.2650109,0.4260399,36.00979,127.8653,3.433692,0.2415223,0.006189202,-0.9703748,0.1219109,0.001485505,0.2856127,0.955304,-0.3679106,-2.56223,0.01355977,-0.07074654,0.5639488,-0.5849056,0.04844872,-0.8096529,0.5000696,0.8074644,-0.3129403,0.6386042,-0.5879234,-0.4965182,static,1.746119157402681,-2.9642175147788374,1.3773731309749924,-7.150317663436768,0.3168308000000001,-0.38802708999999996,-0.26885000000000003,0.03043008088650212,-0.05168833348837169,0.9981995767149401,1.9116456849388779,-3.28685248460271,4.201508801615184,4.202309851331783,3.900232089245763
2339,05/11/2023 10:04:33.455794,2519,True,True,True,True,Eyes,0.6265016,0.01603572,-2.293308,0.5902998,-0.627667,-0.5075237,0.0,0.0,0.0,0.0,0.0,0.0,0.0,-1.436064,-1.067806,-1.565109,0.6421517,0.0207727,-2.288944,0.1580316,0.8552051,-0.2648879,0.4165151,35.78264,129.1974,3.508078,0.2436579,0.006233147,-0.9698405,0.1145962,0.001396375,0.2684759,0.955304,-0.3679106,-2.56223,0.009421021,-0.0731402,0.5642571,-0.6030828,0.04963927,-0.796133,0.4909584,0.8097209,-0.3214218,0.6286904,-0.584712,-0.5126995,static,0.9698250861392488,-3.1701386678171652,0.9565401875748368,-7.38561983898394,0.31315230000000005,-0.38868329999999995,-0.27328600000000014,0.0168999390137613,-0.05529323435639641,0.998327137328476,1.130608284858566,-3.5066331085873683,4.214937265066757,4.215502104493778,3.8828903869520532
2340,05/11/2023 10:04:33.475737,2520,True,True,True,True,Eyes,0.6279597,0.01630229,-2.29169,0.5864525,-0.6282045,-0.5113048,0.0,0.0,0.0,0.0,0.0,0.0,0.0,-1.393594,-1.077969,-1.590441,0.6448332,0.0203695,-2.284163,0.1557397,0.859694,-0.2647557,0.4081368,35.61559,130.379,3.643698,0.2456491,0.006284456,-0.9693378,0.1077204,0.001312593,0.2523674,0.955304,-0.3679106,-2.56223,0.006027058,-0.0735462,0.5648268,-0.6183388,0.05166386,-0.7842115,0.4838901,0.8112991,-0.3280916,0.6192796,-0.582344,-0.5266573,static,0.33800185780480885,-3.33244558329175,0.6113588814673984,-7.418754172481487,0.31047080000000005,-0.38828009999999996,-0.27806700000000006,0.005889236288367461,-0.05812835368099868,0.998291760195293,0.49491909967225006,-3.6802202365368433,4.09499864103876,4.095441606038534,3.7403468038397523
2341,05/11/2023 10:04:33.486013,2521,True,True,True,True,Eyes,0.6295341,0.01654918,-2.289973,0.5824728,-0.6288429,-0.5150554,0.0,0.0,0.0,0.0,0.0,0.0,0.0,-1.34885,-1.093903,-1.613755,0.6480411,0.02055756,-2.280316,0.1538377,0.8639742,-0.2658283,0.3990213,35.59884,131.6366,3.785398,0.2475151,0.006342175,-0.9688626,0.1012572,0.001233837,0.2372253,0.955304,-0.3679106,-2.56223,0.001704141,-0.07343477,0.5651531,-0.6342322,0.05368139,-0.771277,0.4779659,0.8113385,-0.3365684,0.6076993,-0.5821066,-0.540235,static,-0.34032631842534394,-3.350963077244591,0.17276697423945028,-7.40340947676427,0.3072629,-0.38846815999999995,-0.281914,-0.005929624562306557,-0.058450975652267353,0.9982726800264835,-0.18771782985608987,-3.7108492163545357,4.084528267393529,4.084799450151453,3.7101146304044303
2342,05/11/2023 10:04:33.505895,2522,True,True,True,True,Eyes,0.6312153,0.0167855,-2.288113,0.5781537,-0.6294643,-0.5191464,0.0,0.0,0.0,0.0,0.0,0.0,0.0,-1.297449,-1.110898,-1.639385,0.6517308,0.02042421,-2.275936,0.1515217,0.8687308,-0.2669434,0.3887018,35.56298,133.0496,3.929059,0.2492742,0.006404866,-0.9684111,0.09518177,0.001159807,0.2229918,0.955304,-0.3679106,-2.56223,-0.003036246,-0.07317998,0.565297,-0.6519039,0.05574042,-0.7562499,0.4707859,0.8115649,-0.3460103,0.5944591,-0.5815974,-0.5553042,static,-1.1125696969211267,-3.385023391571932,-0.307736302395345,-7.376148602275414,0.3035732,-0.38833481,-0.2862939999999998,-0.019382920208108112,-0.05903434757883842,0.9980677525305017,-0.9648533246019315,-3.7586977802784505,4.071255095084279,4.071466227350634,3.676649729093072
2343,05/11/2023 10:04:33.525988,2523,True,True,True,True,Eyes,0.6329908,0.01701209,-2.286111,0.5739571,-0.6301525,-0.5229542,0.0,0.0,0.0,0.0,0.0,0.0,0.0,-1.249495,-1.124205,-1.661102,0.655416,0.02049337,-2.270317,0.1498108,0.8729216,-0.2677031,0.3793412,35.52278,134.3434,4.117914,0.2509427,0.006471622,-0.9679797,0.08947086,0.001090218,0.2096123,0.955304,-0.3679106,-2.56223,-0.006080419,-0.07270561,0.5662864,-0.6673141,0.0584445,-0.7424799,0.4646478,0.8117835,-0.3537089,0.5820606,-0.5810265,-0.5688706,static,-1.8115569401691165,-3.4349859559099123,-0.6151815739662865,-7.316190241578192,0.29988800000000004,-0.38840397,-0.2919130000000001,-0.031555628617564224,-0.05988607015006044,0.9977063305897345,-1.6682491692670292,-3.8211404977902093,4.06103482758512,4.0614111739574925,3.6502498643003785
2344,05/11/2023 10:04:33.535384,2524,True,True,True,True,Eyes,0.6348348,0.01721083,-2.284007,0.5696025,-0.6307866,-0.5269357,0.0,0.0,0.0,0.0,0.0,0.0,0.0,-1.212925,-1.132654,-1.676256,0.6589773,0.02059403,-2.264785,0.1484644,0.8759439,-0.2680366,0.3726085,35.46519,135.2715,4.249192,0.2525353,0.006541685,-0.967565,0.08410261,0.001024805,0.1970356,0.955304,-0.3679106,-2.56223,-0.006591246,-0.07253009,0.5673753,-0.6782425,0.06034754,-0.732356,0.4598384,0.8122294,-0.3589318,0.5731804,-0.5802082,-0.5786387,static,-2.2100452106594983,-3.516146626287497,-0.6655798905819851,-7.284861770538305,0.29632670000000005,-0.38850462999999996,-0.2974450000000002,-0.03849051568653494,-0.061284374973198684,0.9973779024354955,-2.0691972298820582,-3.9094156872824306,4.072173293390816,4.072908906841341,3.655650133170739
2345,05/11/2023 10:04:33.555371,2525,True,True,True,True,Eyes,0.6367866,0.01740277,-2.281812,0.5651457,-0.6316938,-0.5306348,0.0,0.0,0.0,0.0,0.0,0.0,0.0,-1.178141,-1.140093,-1.690696,0.6620853,0.02016485,-2.259981,0.1467352,0.8788272,-0.268295,0.366264,35.38429,136.1285,4.31741,0.2540634,0.006613585,-0.9671643,0.07905645,0.0009633169,0.1852134,0.955304,-0.3679106,-2.56223,-0.007364944,-0.07220015,0.568038,-0.688639,0.06137624,-0.7225022,0.4544434,0.8129731,-0.3640823,0.5650288,-0.5790575,-0.5877371,static,-2.5595479311916125,-3.646004963016357,-0.7428315783171201,-7.243705772126675,0.29321870000000005,-0.38807545,-0.3022490000000002,-0.04456747423045343,-0.06352866682679109,0.9969843824704069,-2.4207977423321125,-4.045513589289779,4.029253710623241,4.030373359711806,3.611648333647424
2346,05/11/2023 10:04:33.566022,2526,True,True,True,True,Eyes,0.6388521,0.01756637,-2.279489,0.5604684,-0.6324428,-0.5346879,0.0,0.0,0.0,0.0,0.0,0.0,0.0,-1.132826,-1.153023,-1.708169,0.6661279,0.02025997,-2.255318,0.143958,0.8824554,-0.2691564,0.3579154,35.31608,137.2204,4.315619,0.255539,0.006686878,-0.966775,0.07431306,0.0009055179,0.1741006,0.955304,-0.3679106,-2.56223,-0.009279609,-0.07248488,0.5684661,-0.7023453,0.06140265,-0.7091832,0.4467435,0.8136619,-0.3719874,0.5541943,-0.5780866,-0.5989029,static,-3.060955767722782,-3.7500917579817035,-0.9352100552158874,-7.266549188955446,0.28917610000000005,-0.38817057,-0.3069120000000001,-0.05328433329659232,-0.06531180791429629,0.9964411777164338,-2.925298675331082,-4.158552393316829,4.1075577383025825,4.109047054742973,3.6905415317554566
2347,05/11/2023 10:04:33.586835,2527,True,True,True,True,Eyes,0.6388521,0.01756637,-2.279489,0.5604684,-0.6324428,-0.5346879,0.0,0.0,0.0,0.0,0.0,0.0,0.0,-1.083711,-1.15782,-1.730764,0.6704075,0.01981127,-2.249596,0.1408775,0.8867708,-0.2681611,0.349114,35.02681,138.4062,4.385299,0.2569733,0.006760281,-0.9663942,0.06985427,0.0008511868,0.1636546,0.955304,-0.3679106,-2.56223,-0.01122373,-0.07410905,0.5688731,-0.716546,0.06261446,-0.694724,0.4370897,0.8164864,-0.3772304,0.5436126,-0.5739595,-0.6124181,static,-4.008872248739838,-4.006839238495592,-1.130285361280133,-7.422317615622501,0.2848965,-0.38772186999999997,-0.3126340000000001,-0.06974089120606619,-0.06970540806245151,0.9951267443182504,-3.8790017492456927,-4.4322233503521,4.463663670748997,4.466738744685704,4.061539793806454
2348,05/11/2023 10:04:33.605859,2528,True,True,True,True,Eyes,0.6388521,0.01756637,-2.279489,0.5604684,-0.6324428,-0.5346879,0.0,0.0,0.0,0.0,0.0,0.0,0.0,-1.042715,-1.161037,-1.746308,0.6746245,0.01925875,-2.242625,0.1379789,0.8900527,-0.267498,0.342364,34.79575,139.2882,4.361696,0.2582633,0.006826306,-0.9660498,0.06566302,0.0008001156,0.1538353,0.955304,-0.3679106,-2.56223,-0.009999439,-0.0746772,0.5702212,-0.7274978,0.06245366,-0.6832621,0.4287804,0.8188133,-0.3816966,0.5356258,-0.5706527,-0.6224638,static,-4.710870540491509,-4.2261822275798995,-1.0046398406880743,-7.461097217262248,0.2806795000000001,-0.38716934999999997,-0.31960500000000014,-0.08190577816042044,-0.07344631774727041,0.9939300553812191,-4.5852557426817215,-4.6640991669620675,4.9132341032955535,4.919432994831519,4.54356779755654
2349,05/11/2023 10:04:33.625781,2529,True,True,True,True,Eyes,0.6413631,0.01769001,-2.276459,0.5555824,-0.6332074,-0.538866,0.0,0.0,0.0,0.0,0.0,0.0,0.0,-1.012094,-1.164585,-1.754041,0.6785679,0.01898152,-2.235271,0.135645,0.8921282,-0.2675314,0.3378384,34.6803,139.8523,4.272247,0.2594242,0.006885738,-0.9657382,0.06172324,0.0007521086,0.1446052,0.955304,-0.3679106,-2.56223,-0.006265059,-0.07416558,0.5723908,-0.7349314,0.06126077,-0.675369,0.4227903,0.8200547,-0.3856924,0.5302117,-0.5689968,-0.6285846,static,-4.785002068364044,-4.404628447072037,-0.6271014581865322,-7.382772061370457,0.27673610000000004,-0.38689211999999995,-0.326959,-0.08317233340180796,-0.07653347391551754,0.9935919539164161,-4.659678890356963,-4.843867864515009,5.104926965216727,5.114438079740626,4.765261301047454
2350,05/11/2023 10:04:33.636295,2530,True,True,True,True,Eyes,0.6439826,0.0178288,-2.273316,0.5506153,-0.6338816,-0.5431545,0.0,0.0,0.0,0.0,0.0,0.0,0.0,-0.9822977,-1.172089,-1.759531,0.6826311,0.01894647,-2.22897,0.1332811,0.8938971,-0.2684544,0.3333414,34.6664,140.3892,4.134933,0.260601,0.006945166,-0.965421,0.05801984,0.0007069821,0.1359289,0.955304,-0.3679106,-2.56223,-0.002877891,-0.07324627,0.5741936,-0.7422395,0.05930524,-0.6675057,0.4172531,0.8203368,-0.391085,0.524386,-0.5687975,-0.6336318,static,-4.8171982732728384,-4.479658055794846,-0.2871673029668912,-7.269600746291381,0.2726729,-0.38685706999999997,-0.3332600000000001,-0.08372221119213918,-0.07783093067823145,0.9934449354975641,-4.692004260749759,-4.9194718570796745,5.307912924950327,5.320240672017206,4.9925639125160215
2351,05/11/2023 10:04:33.656047,2531,True,True,True,True,Eyes,0.6467056,0.01795509,-2.270047,0.5458208,-0.6344854,-0.5472731,0.0,0.0,0.0,0.0,0.0,0.0,0.0,-0.9451638,-1.177609,-1.770317,0.6875123,0.01942759,-2.222851,0.1304634,0.8964956,-0.2684381,0.3274387,34.52354,141.1288,4.045582,0.2617975,0.007005253,-0.9650968,0.05453865,0.0006645632,0.1277732,0.955304,-0.3679106,-2.56223,-0.0007481277,-0.07426232,0.5756789,-0.7515267,0.05812575,-0.6571373,0.4097138,0.8218405,-0.3958696,0.5170519,-0.5667447,-0.64145,static,-5.033292225982652,-4.673582157592228,-0.07445910492162003,-7.350536102154754,0.2677917000000001,-0.38733818999999997,-0.3393790000000001,-0.08744509431176822,-0.08116685036043564,0.9928570956551512,-4.909279791818367,-5.117253088158656,5.619493686582482,5.6352558365916945,5.3256965830817125
2653,05/11/2023 10:04:38.685929,2833,True,True,True,True,Eyes,2.154216,0.1109774,-3.030114,-0.724012,0.04336954,0.6884226,0.0,0.0,0.0,0.0,0.0,0.0,0.0,-0.4198245,0.1091307,3.737754,2.11093,0.1183244,-3.112707,0.04701613,-0.2391558,-0.04017615,0.9690098,4.123209,332.0644,354.2256,0.5896248,0.0285412,-0.8071724,0.0,0.0,0.0,1.590349,0.1623951,-2.461597,-0.1644507,0.08674714,0.8138318,0.8823807,-0.1003505,0.4597108,0.05537382,0.9923507,0.1103349,-0.4672665,-0.07190146,0.881188,static,-19.13245050476113,4.788937100871399,-11.423907843515238,6.084241135953383,-0.5205810000000002,0.04407069999999999,0.6511100000000001,-0.32673118047674704,0.07890352859951136,0.9418178901536056,-19.10800225870832,4.093463760202015,7.809735085944657,7.816613237428829,7.9377894618971245
2654,05/11/2023 10:04:38.705633,2834,True,True,True,True,Eyes,2.150851,0.1115033,-3.034434,-0.7184321,0.04412132,0.6941963,0.0,0.0,0.0,0.0,0.0,0.0,0.0,-0.443602,0.08974767,3.733465,2.103767,0.1184567,-3.115082,0.04506466,-0.2349762,-0.04186995,0.9700528,3.884955,332.567,354.1084,0.5885842,0.02867092,-0.807927,0.0,0.0,0.0,1.590349,0.1623951,-2.461597,-0.163979,0.08276588,0.8116844,0.8860662,-0.1024104,0.4521049,0.06005387,0.9924321,0.1071071,-0.4596523,-0.06775331,0.8855107,static,-19.157834993456046,4.552131495805786,-11.421345893621154,5.822216075139875,-0.5134179999999999,0.04393839999999999,0.6534850000000003,-0.32724736526725784,0.07499611799864933,0.9419578654766954,-19.13330807325076,3.8562064343528992,7.834083233816609,7.840049644646795,7.958615116193567
2655,05/11/2023 10:04:38.725861,2835,True,True,True,True,Eyes,2.147317,0.1120359,-3.038668,-0.7131042,0.04496524,0.6996146,0.0,0.0,0.0,0.0,0.0,0.0,0.0,-0.4529012,0.07112008,3.730754,2.0963,0.1189555,-3.117704,0.0430229,-0.2326224,-0.04320683,0.9706541,3.636078,332.856,354.0245,0.5875326,0.02880054,-0.8086876,0.0,0.0,0.0,1.590349,0.1623951,-2.461597,-0.1599652,0.0787931,0.8102793,0.88804,-0.1038939,0.447874,0.06386156,0.9925644,0.1036224,-0.4553095,-0.06341895,0.8880717,static,-18.991781593422548,4.340574310351148,-11.167715114263084,5.55408802112983,-0.5059509999999998,0.04343959999999998,0.656107,-0.3245976016262715,0.07158670368026984,0.9431393334357989,-18.965980327016563,3.647615505002858,7.911725359671468,7.9176152847024985,8.02792487403741
2656,05/11/2023 10:04:38.736455,2836,True,True,True,True,Eyes,2.143611,0.1125654,-3.042785,-0.7078837,0.04605683,0.7048258,0.0,0.0,0.0,0.0,0.0,0.0,0.0,-0.4521351,0.04805136,3.728857,2.088787,0.119695,-3.119896,0.0401758,-0.2315741,-0.04418686,0.9709826,3.299478,332.9986,353.9965,0.5864689,0.02893038,-0.8094546,0.0,0.0,0.0,1.590349,0.1623951,-2.461597,-0.1537855,0.07373206,0.8090336,0.8888419,-0.1044167,0.4461583,0.06720199,0.9928668,0.09848507,-0.4532593,-0.05755493,0.8895186,static,-18.679498407775913,4.0892659656679085,-10.762691265720832,5.207321173866928,-0.49843799999999994,0.04270009999999999,0.658299,-0.3195420182871715,0.06757191391732958,0.9451597260037526,-18.651449492992107,3.40188461653159,7.989334170019242,7.995366331386904,8.092719415060866
2657,05/11/2023 10:04:38.755838,2837,True,True,True,True,Eyes,2.139736,0.1130457,-3.046776,-0.7028568,0.04725672,0.7097599,0.0,0.0,0.0,0.0,0.0,0.0,0.0,-0.4496424,0.02081627,3.726184,2.080963,0.1202103,-3.12125,0.0365941,-0.2307466,-0.04488975,0.9712889,2.887243,333.1213,354.0176,0.5853928,0.02906047,-0.8102286,0.0,0.0,0.0,1.590349,0.1623951,-2.461597,-0.1472663,0.06796301,0.8070427,0.8894819,-0.1040897,0.4449576,0.07031389,0.9932916,0.09180318,-0.4515284,-0.05037057,0.8908338,static,-18.354979703337953,3.785579423009436,-10.341352211965402,4.813658008718488,-0.4906140000000001,0.04218479999999998,0.659653,-0.3142842079220354,0.0626773214259168,0.9472576125685658,-18.32455185841738,3.1039943327670385,8.073520156423788,8.079305115470975,8.164216219575447
2658,05/11/2023 10:04:38.775786,2838,True,True,True,True,Eyes,2.135687,0.1134938,-3.050637,-0.6978585,0.0485674,0.7145872,0.0,0.0,0.0,0.0,0.0,0.0,0.0,-0.4506024,-0.001602471,3.722563,2.073112,0.119579,-3.122247,0.0335301,-0.2295189,-0.04551781,0.971661,2.537049,333.287,354.0334,0.5843044,0.02918957,-0.8110092,0.0,0.0,0.0,1.590349,0.1623951,-2.461597,-0.1416939,0.0641213,0.8044642,0.8904984,-0.1038474,0.4429767,0.07306417,0.9936077,0.08605418,-0.4490816,-0.04426539,0.8923936,static,-18.087951019920162,3.5434367888735974,-9.989303885943759,4.557230908098211,-0.48276300000000005,0.04281609999999998,0.6606500000000004,-0.3099400656808539,0.05876169716017397,0.9489385456400502,-18.055573552752563,2.8666210731364226,8.15667221997943,8.161854196004644,8.24153310687698
2659,05/11/2023 10:04:38.785867,2839,True,True,True,True,Eyes,2.13145,0.1139195,-3.054367,-0.6928396,0.04987636,0.7193648,0.0,0.0,0.0,0.0,0.0,0.0,0.0,-0.4584486,-0.01722673,3.717745,2.064969,0.1192423,-3.123105,0.03169559,-0.2273773,-0.04662246,0.9721736,2.316839,333.5498,353.9642,0.5832026,0.02931717,-0.8117972,0.0,0.0,0.0,1.590349,0.1623951,-2.461597,-0.1375169,0.06148712,0.8012664,0.8922518,-0.105064,0.4391449,0.07623653,0.9936435,0.08282899,-0.4450558,-0.04042545,0.89459,static,-17.93941660412165,3.3934529350584333,-9.738480446340084,4.388130684796534,-0.47462000000000004,0.04315279999999999,0.661508,-0.3075222533028267,0.05632390236827052,0.9498724966223681,-17.905939123025803,2.7192902769650935,8.256079070257757,8.261037325289914,8.336210742428472
2660,05/11/2023 10:04:38.806069,2840,True,True,True,True,Eyes,2.127017,0.1142967,-3.057974,-0.6878223,0.05131828,0.7240627,0.0,0.0,0.0,0.0,0.0,0.0,0.0,-0.4712023,-0.03347632,3.711878,2.056355,0.1191261,-3.123844,0.02992372,-0.2245209,-0.04796243,0.9728281,2.102319,333.8957,353.8676,0.5820879,0.02944286,-0.8125924,0.0,0.0,0.0,1.590349,0.1623951,-2.461597,-0.1341041,0.05858695,0.7976145,0.8945799,-0.1067554,0.43397,0.07988138,0.9936084,0.07975841,-0.4397109,-0.03668414,0.8973899,static,-17.8793474513544,3.239944368172543,-9.543961624005178,4.200986167994012,-0.4660059999999999,0.04326899999999999,0.6622470000000003,-0.3065689972630154,0.05379615237800304,0.9503269435711112,-17.84533076173616,2.5668552358912797,8.385835586283875,8.39060535550197,8.460680437419168
2661,05/11/2023 10:04:38.826392,2841,True,True,True,True,Eyes,2.122389,0.1146127,-3.06144,-0.6826947,0.05265503,0.7288041,0.0,0.0,0.0,0.0,0.0,0.0,0.0,-0.4818326,-0.05154678,3.70591,2.047298,0.118378,-3.124603,0.02747166,-0.2219023,-0.04846999,0.9734761,1.832333,334.2199,353.8798,0.5809593,0.02956574,-0.8133952,0.0,0.0,0.0,1.590349,0.1623951,-2.461597,-0.129817,0.05591679,0.7939386,0.8968201,-0.1065608,0.42937,0.08217667,0.9937919,0.07499719,-0.4346962,-0.03197479,0.9000094,static,-17.77827663356914,3.062746983881115,-9.286264160399389,4.028667311421627,-0.45694900000000005,0.04401709999999999,0.6630060000000002,-0.304938740020466,0.05088482080162797,0.9510116306417693,-17.743435084263087,2.391463617665905,8.542437046463617,8.546770028708305,8.614184579534673
2662,05/11/2023 10:04:38.836200,2842,True,True,True,True,Eyes,2.117543,0.114884,-3.06475,-0.677536,0.0540413,0.7335016,0.0,0.0,0.0,0.0,0.0,0.0,0.0,-0.492237,-0.06336747,3.699464,2.038145,0.1172876,-3.124829,0.0257815,-0.2193676,-0.04877441,0.9740813,1.651923,334.5288,353.8936,0.5798156,0.02968469,-0.8142064,0.0,0.0,0.0,1.590349,0.1623951,-2.461597,-0.1255916,0.05485249,0.7897153,0.8989978,-0.1063317,0.4248489,0.08370921,0.9939128,0.07162561,-0.4298787,-0.0288275,0.9024263,static,-17.673664380123085,2.9796402070227557,-9.036303815703482,3.9733009972113926,-0.4477960000000001,0.04510749999999998,0.6632320000000003,-0.3032224790440998,0.049533816193110286,0.9516315567802212,-17.63807098422962,2.310225235021828,8.690149037625861,8.694329145238823,8.761062687386536
2663,05/11/2023 10:04:38.855912,2843,True,True,True,True,Eyes,2.11248,0.1150688,-3.067925,-0.672272,0.05526343,0.7382386,0.0,0.0,0.0,0.0,0.0,0.0,0.0,-0.5070326,-0.07393447,3.691503,2.028155,0.1164485,-3.124543,0.02462981,-0.2161455,-0.04987257,0.9747754,1.516086,334.9131,353.8049,0.5786573,0.02979901,-0.815026,0.0,0.0,0.0,1.590349,0.1623951,-2.461597,-0.1219492,0.0538817,0.7845436,0.9015877,-0.1078764,0.41893,0.08658188,0.9938122,0.06957653,-0.4238434,-0.02645761,0.905349,static,-17.647143685475886,2.8916470201323583,-8.835331684967223,3.928849577010652,-0.4378059999999999,0.04594659999999999,0.6629460000000003,-0.302803486736658,0.04807898659687244,0.9518394710649823,-17.611291683048677,2.2227061425958983,8.868704591303278,8.872644469170584,8.940268413572515
2664,05/11/2023 10:04:38.875708,2844,True,True,True,True,Eyes,2.10719,0.1151403,-3.070958,-0.6671051,0.05646392,0.7428206,0.0,0.0,0.0,0.0,0.0,0.0,0.0,-0.5139933,-0.07927835,3.684887,2.018014,0.1148751,-3.124626,0.02386515,-0.2139639,-0.05047163,0.975245,1.429708,335.1734,353.7602,0.5774827,0.02990709,-0.8158546,0.0,0.0,0.0,1.590349,0.1623951,-2.461597,-0.1163854,0.0546734,0.7798902,0.9033442,-0.108657,0.4149253,0.08823185,0.9937661,0.06814695,-0.4197433,-0.02495053,0.9072999,static,-17.51110527582849,2.877087961745512,-8.487785232820311,4.010100952424525,-0.42766499999999996,0.04751999999999999,0.6630290000000003,-0.3005456298429734,0.04787297644225351,0.9525651342564384,-17.474370587726924,2.21057615462494,9.090208215636142,9.094175225692572,9.164988043577452
2665,05/11/2023 10:04:38.886308,2845,True,True,True,True,Eyes,2.101691,0.1151372,-3.073846,-0.6618792,0.05748558,0.7474031,0.0,0.0,0.0,0.0,0.0,0.0,0.0,-0.5140245,-0.07941875,3.678679,2.007297,0.1122267,-3.124319,0.02347697,-0.2127021,-0.05065157,0.975521,1.38997,335.3237,353.7514,0.5762912,0.03000672,-0.8166931,0.0,0.0,0.0,1.590349,0.1623951,-2.461597,-0.1090934,0.05745113,0.7748293,0.9043845,-0.1088105,0.4126123,0.08883614,0.9937665,0.06735194,-0.4173689,-0.02425717,0.9084134,static,-17.266239660397495,2.920962345967177,-8.014374926083006,4.240540166473227,-0.4169479999999999,0.05016839999999999,0.662722,-0.2964605465923183,0.04866750513288593,0.9538043192649688,-17.227987370384415,2.258822352485738,9.341375411442726,9.345495529206763,9.424322775035941
2666,05/11/2023 10:04:38.906062,2846,True,True,True,True,Eyes,2.095978,0.115047,-3.076574,-0.6567833,0.05849876,0.7518069,0.0,0.0,0.0,0.0,0.0,0.0,0.0,-0.5094301,-0.07733265,3.673125,1.996829,0.1101715,-3.123761,0.02346996,-0.2121014,-0.05086613,0.9756408,1.387779,335.3938,353.7284,0.5750825,0.0300969,-0.8175414,0.0,0.0,0.0,1.590349,0.1623951,-2.461597,-0.101039,0.06021053,0.7697923,0.9048513,-0.1092102,0.4114819,0.08929811,0.9937236,0.06737405,-0.4162572,-0.02421895,0.9089243,static,-16.95926829809106,3.0041098751325856,-7.4776054703557415,4.47237500460435,-0.40647999999999995,0.05222359999999998,0.6621640000000002,-0.2913249873278033,0.05013436523595213,0.9553095415355596,-16.919142092489306,2.347450346152867,9.589912497765054,9.594672087636997,9.677702133832414
2667,05/11/2023 10:04:38.926314,2847,True,True,True,True,Eyes,2.090068,0.1148842,-3.079132,-0.6515043,0.05943985,0.7563128,0.0,0.0,0.0,0.0,0.0,0.0,0.0,-0.5056212,-0.07804012,3.666794,1.986015,0.10801,-3.122691,0.02295033,-0.2113765,-0.05080033,0.9758139,1.335945,335.4824,353.7495,0.5738561,0.03017646,-0.8183997,0.0,0.0,0.0,1.590349,0.1623951,-2.461597,-0.09300861,0.06246662,0.7642005,0.9054786,-0.1088456,0.4101964,0.08944101,0.9937852,0.0662665,-0.4148599,-0.02331452,0.9095865,static,-16.650197373147808,3.046108164019971,-6.939173782565775,4.6730330089592576,-0.3956660000000001,0.05438509999999999,0.6610940000000003,-0.28615618810839405,0.05091743728013523,0.9568291648556965,-16.60814204501817,2.39496685176223,9.84102680370459,9.846362964461624,9.933706895055748
2668,05/11/2023 10:04:38.936506,2848,True,True,True,True,Eyes,2.083953,0.1146731,-3.081531,-0.6462997,0.06045707,0.7606848,0.0,0.0,0.0,0.0,0.0,0.0,0.0,-0.5086727,-0.08253099,3.65931,1.975437,0.1061531,-3.121296,0.0220917,-0.2097441,-0.05101862,0.9761744,1.245078,335.6792,353.7481,0.5726123,0.03024469,-0.819268,0.0,0.0,0.0,1.590349,0.1623951,-2.461597,-0.08666977,0.06367777,0.7583482,0.906809,-0.1088733,0.4072394,0.09033893,0.9938181,0.0645324,-0.4117477,-0.021729,0.9110388,static,-16.45350821374943,3.0351553074984667,-6.5199064822750294,4.799811871284874,-0.3850880000000001,0.056241999999999986,0.6596990000000003,-0.2828716896028409,0.05078613094130302,0.9578121426508238,-16.410186927185993,2.3875259665650796,10.083430411410252,10.089125638412165,10.180214662034293
2669,05/11/2023 10:04:38.956407,2849,True,True,True,True,Eyes,2.077627,0.114527,-3.08378,-0.6409357,0.06158184,0.7651203,0.0,0.0,0.0,0.0,0.0,0.0,0.0,-0.5102259,-0.09216671,3.651729,1.964446,0.1047787,-3.119923,0.02070539,-0.2082014,-0.05168125,0.9765003,1.083953,335.8686,353.7092,0.5713506,0.03030164,-0.8201463,0.0,0.0,0.0,1.590349,0.1623951,-2.461597,-0.07970041,0.06351414,0.7525126,0.9079624,-0.1095553,0.4044773,0.0923117,0.9938006,0.06195785,-0.4087576,-0.01891742,0.9124469,static,-16.23396755061317,2.95130292523172,-6.045794226043442,4.824487312126787,-0.3740969999999999,0.057616399999999984,0.6583260000000002,-0.27921849093678786,0.04943940819552367,0.9589539859975683,-16.18916044448079,2.307594039417229,10.353010290560205,10.3589427761129,10.450963112916755
2670,05/11/2023 10:04:38.975849,2850,True,True,True,True,Eyes,2.071095,0.1142977,-3.085849,-0.6356803,0.06288964,0.7693865,0.0,0.0,0.0,0.0,0.0,0.0,0.0,-0.5000185,-0.1073842,3.645527,1.953039,0.1061407,-3.11862,0.01927528,-0.2080605,-0.05364531,0.9764536,0.8777992,335.8932,353.5233,0.5700702,0.03035038,-0.821035,0.0,0.0,0.0,1.590349,0.1623951,-2.461597,-0.06994095,0.06019986,0.7469085,0.907666,-0.1127851,0.4042548,0.09674346,0.9935013,0.05996576,-0.4083909,-0.01531989,0.9126786,static,-15.863942244265523,2.8075380763891027,-5.349610665771748,4.608004922256076,-0.36268999999999996,0.05625439999999998,0.6570230000000001,-0.2730503036680675,0.04711988341114307,0.9608451411459423,-15.81662838528073,2.1704369461537216,10.660904212316973,10.667373125825193,10.747101822288403
2671,05/11/2023 10:04:38.985918,2851,True,True,True,True,Eyes,2.064392,0.114043,-3.087773,-0.6302319,0.06422877,0.7737457,0.0,0.0,0.0,0.0,0.0,0.0,0.0,-0.4954079,-0.1261284,3.637466,1.941552,0.1038721,-3.116422,0.01677595,-0.2072185,-0.05541247,0.97658,0.5615731,336.008,353.3856,0.5687711,0.03038969,-0.8219339,0.0,0.0,0.0,1.590349,0.1623951,-2.461597,-0.0618158,0.05905596,0.7404423,0.90798,-0.115182,0.4028716,0.1012768,0.9932961,0.05573108,-0.40659,-0.00980114,0.9135581,static,-15.55508773115461,2.56352893487818,-4.772269559115083,4.560125371430322,-0.35120299999999993,0.05852299999999999,0.6548250000000002,-0.26791564980606186,0.0430919774200306,0.9624781956038484,-15.505555514699036,1.9319439947345591,10.960113570889273,10.966109841767889,11.05037396440257
2672,05/11/2023 10:04:39.005901,2852,True,True,True,True,Eyes,2.057529,0.1138725,-3.089496,-0.6248528,0.06559513,0.7779821,0.0,0.0,0.0,0.0,0.0,0.0,0.0,-0.4857149,-0.1363111,3.63129,1.930732,0.1030513,-3.114871,0.01519633,-0.2072006,-0.05586628,0.9765838,0.3741399,336.0208,353.3724,0.5674536,0.03042001,-0.8228429,0.0,0.0,0.0,1.590349,0.1623951,-2.461597,-0.05261227,0.05846187,0.7348224,0.9078937,-0.1154136,0.4029995,0.1028188,0.993296,0.05283203,-0.4063953,-0.006529927,0.913674,static,-15.163537573195027,2.4945160467802316,-4.095310287681498,4.548824060945264,-0.3403829999999999,0.05934379999999999,0.6532740000000001,-0.2613440516785971,0.04201112533496352,0.9643309819083237,-15.111437236925884,1.8699227099591242,11.250570232633018,11.257257066481554,11.337176253820163
2673,05/11/2023 10:04:39.025772,2853,True,True,True,True,Eyes,2.05049,0.11368,-3.091031,-0.618965,0.06689823,0.7825644,0.0,0.0,0.0,0.0,0.0,0.0,0.0,-0.4885794,-0.1462101,3.622351,1.920067,0.1049165,-3.111889,0.01441173,-0.2055272,-0.05704076,0.9768814,0.2698786,336.2216,353.2597,0.5661194,0.03044466,-0.8237605,0.0,0.0,0.0,1.590349,0.1623951,-2.461597,-0.04640719,0.0558463,0.727753,0.9090099,-0.1173681,0.3999072,0.1055201,0.9930773,0.05160395,-0.4031954,-0.004710255,0.9151018,static,-14.937540859931163,2.4618558908781663,-3.648684178808034,4.388162696250057,-0.32971799999999996,0.05747859999999999,0.6502920000000003,-0.25754380878033845,0.0415052803461539,0.9653748405732338,-14.88396553309836,1.8412979535983895,11.444791314475658,11.452027902313212,11.520332769821625
2674,05/11/2023 10:04:39.035803,2854,True,True,True,True,Eyes,2.043323,0.1135486,-3.092427,-0.6131279,0.06791929,0.7870585,0.0,0.0,0.0,0.0,0.0,0.0,0.0,-0.5118967,-0.1453529,3.610925,1.908934,0.1042815,-3.109186,0.01426517,-0.2011938,-0.05618925,0.9778345,0.3029875,336.7292,353.3601,0.5647677,0.03046385,-0.8246871,0.0,0.0,0.0,1.590349,0.1623951,-2.461597,-0.04373361,0.05725143,0.7204549,0.9127277,-0.1156277,0.3918654,0.1041474,0.9932786,0.05050782,-0.3950716,-0.005288104,0.9186351,static,-15.028235280838805,2.5729939858068795,-3.4737501398256967,4.543499700442156,-0.3185849999999999,0.05811359999999999,0.647589,-0.25905115214903435,0.04335966756697224,0.9648898247642079,-14.97535149115962,1.9508159782623697,11.712918138396674,11.721306226069814,11.790201123316868
2675,05/11/2023 10:04:39.056060,2855,True,True,True,True,Eyes,2.043323,0.1135486,-3.092427,-0.6131279,0.06791929,0.7870585,0.0,0.0,0.0,0.0,0.0,0.0,0.0,-0.525668,-0.1263896,3.602861,1.898823,0.1056845,-3.107445,0.01618513,-0.1984048,-0.05315264,0.9785441,0.6064446,337.0431,353.6586,0.5634002,0.03047988,-0.8256214,0.0,0.0,0.0,1.590349,0.1623951,-2.461597,-0.0390403,0.06033231,0.7143719,0.9156207,-0.1104468,0.3865751,0.09760195,0.9938257,0.0527672,-0.3900163,-0.01058426,0.9207472,static,-15.36443349471944,2.9237431479777256,-3.1280927302683224,4.827461770744644,-0.3084739999999999,0.056710599999999986,0.645848,-0.26463686762387073,0.049188311878918714,0.9630928160896501,-15.314050968507905,2.2955600405988457,12.371303632145938,12.383544722672815,12.446208440936317
2676,05/11/2023 10:04:39.075752,2856,True,True,True,True,Eyes,2.043323,0.1135486,-3.092427,-0.6131279,0.06791929,0.7870585,0.0,0.0,0.0,0.0,0.0,0.0,0.0,-0.5365177,-0.11343,3.595372,1.889633,0.1084808,-3.10563,0.01812523,-0.1959747,-0.05205891,0.9790584,0.8644464,337.3145,353.7392,0.5621681,0.03049424,-0.8264602,0.0,0.0,0.0,1.590349,0.1623951,-2.461597,-0.03462602,0.06120316,0.7087389,0.9177676,-0.1090416,0.3818541,0.09483324,0.9939227,0.05589576,-0.3856284,-0.01508686,0.9225308,static,-15.661762134679323,3.1761562471628286,-2.797008310436056,4.935533932198309,-0.2992839999999999,0.053914299999999984,0.6440330000000003,-0.2695733749224182,0.053354856956621594,0.9615005922550642,-15.613532973027677,2.5426626911057197,12.968507232560063,12.984502331509768,13.037988234511767
2677,05/11/2023 10:04:39.085930,2857,True,True,True,True,Eyes,2.03527,0.1136819,-3.093536,-0.6060383,0.06848533,0.7924817,0.0,0.0,0.0,0.0,0.0,0.0,0.0,-0.5680861,-0.1078907,3.583549,1.88,0.109756,-3.103183,0.02007467,-0.1905099,-0.05408549,0.9799886,1.073685,337.9366,353.4728,0.561058,0.03050711,-0.8272138,0.0,0.0,0.0,1.590349,0.1623951,-2.461597,-0.03474228,0.06226464,0.7022939,0.9215614,-0.1136552,0.3712237,0.09835748,0.9933436,0.05995353,-0.3755667,-0.01873824,0.9266059,static,-15.814514685002788,3.3322677620514694,-2.832097178152438,5.066536365281011,-0.2896509999999999,0.05263909999999998,0.6415860000000002,-0.27209735147408903,0.05593314016596643,0.9606427127079814,-15.767418674344288,2.696045793848637,13.079989493108995,13.097742244765783,13.150732594007557
2678,05/11/2023 10:04:39.105666,2858,True,True,True,True,Eyes,2.027108,0.1138245,-3.094549,-0.5989053,0.068907,0.7978498,0.0,0.0,0.0,0.0,0.0,0.0,0.0,-0.5951598,-0.1046434,3.573381,1.869848,0.1118363,-3.102479,0.02193741,-0.1854367,-0.0565501,0.9807825,1.263974,338.5114,353.1603,0.5598938,0.03052521,-0.8280016,0.0,0.0,0.0,1.590349,0.1623951,-2.461597,-0.03298089,0.06247625,0.6974347,0.9248306,-0.1190627,0.361265,0.1027907,0.9926417,0.06400459,-0.3662273,-0.02205872,0.9302639,static,-15.921216836945025,3.4516209888475053,-2.7074349884537754,5.11889683103265,-0.27949899999999994,0.05055879999999999,0.6408820000000004,-0.2738550810125621,0.05790411450691381,0.9600263249015119,-15.874922836373896,2.8134930782615433,13.298831362010219,13.318552454131455,13.367783013215584
2679,05/11/2023 10:04:39.125963,2859,True,True,True,True,Eyes,2.018901,0.114018,-3.095514,-0.5902677,0.06919311,0.8042365,0.0,0.0,0.0,0.0,0.0,0.0,0.0,-0.6180115,-0.09739567,3.563301,1.859253,0.1121448,-3.101474,0.02333444,-0.1810137,-0.05693443,0.981554,1.443788,339.0152,353.0932,0.5586801,0.03054837,-0.82882,0.0,0.0,0.0,1.590349,0.1623951,-2.461597,-0.0299006,0.06458683,0.6922508,0.927985,-0.1202161,0.3526924,0.1033207,0.9924279,0.06641984,-0.3580065,-0.02519619,0.9333791,static,-15.839268175912679,3.6408151113227296,-2.4732567623533392,5.330251590335398,-0.26890400000000003,0.050250299999999984,0.6398770000000003,-0.2724297071952083,0.061099556797035326,0.9602337688624322,-15.79264360520014,3.0041491852981292,13.449648837268196,13.472358988834037,13.520976971658545
2680,05/11/2023 10:04:39.136429,2860,True,True,True,True,Eyes,2.010649,0.1142562,-3.096421,-0.5817949,0.06936023,0.8103727,0.0,0.0,0.0,0.0,0.0,0.0,0.0,-0.6249138,-0.08403543,3.557507,1.84935,0.1136372,-3.10168,0.02494218,-0.1789159,-0.05538054,0.9819878,1.671493,339.2495,353.2383,0.5574204,0.03057754,-0.8296667,0.0,0.0,0.0,1.590349,0.1623951,-2.461597,-0.02342144,0.06657863,0.6886106,0.9298442,-0.1176911,0.3486239,0.09984092,0.9926218,0.06880276,-0.3541492,-0.02916891,0.934734,static,-15.498805042627168,3.9574587375846058,-1.9480277236627495,5.522503006531971,-0.25900100000000004,0.04875789999999999,0.6400830000000002,-0.2666264689408998,0.0665174050463297,0.9615018569732265,-15.450330145153996,3.3268697742921938,13.612381470183035,13.640855160580129,13.679655550192926
2681,05/11/2023 10:04:39.155885,2861,True,True,True,True,Eyes,2.002353,0.1145498,-3.097293,-0.5733347,0.06952228,0.8163664,0.0,0.0,0.0,0.0,0.0,0.0,0.0,-0.6303654,-0.07581341,3.551653,1.840104,0.1149948,-3.101312,0.0259177,-0.1770724,-0.05421612,0.9823617,1.81777,339.4586,353.3528,0.556119,0.03061337,-0.8305383,0.0,0.0,0.0,1.590349,0.1623951,-2.461597,-0.01735164,0.06760421,0.6848271,0.931412,-0.1156983,0.3450879,0.09734105,0.9927777,0.07012145,-0.3507085,-0.03172076,0.9359473,static,-15.128505750191437,4.18471851379434,-1.4514073343389857,5.6378123054268805,-0.24975499999999995,0.04740029999999999,0.6397150000000003,-0.26033625782347863,0.07045597682798233,0.9629439822134672,-15.07789935449535,3.56073981452144,13.72080527173918,13.754072220407839,13.783886059738785
2682,05/11/2023 10:04:39.175870,2862,True,True,True,True,Eyes,1.99402,0.1148944,-3.098122,-0.5650231,0.0696639,0.8221289,0.0,0.0,0.0,0.0,0.0,0.0,0.0,-0.636534,-0.07281007,3.545963,1.830773,0.1166434,-3.10145,0.026313,-0.1750344,-0.05343306,0.9827592,1.891874,339.694,353.4369,0.5547785,0.03065676,-0.8314327,0.0,0.0,0.0,1.590349,0.1623951,-2.461597,-0.01121433,0.06745242,0.6816401,0.9330157,-0.114235,0.3412213,0.09581231,0.992905,0.07042392,-0.3468452,-0.03301344,0.9373412,static,-14.79049813503318,4.32514630159509,-0.9425440455120038,5.6513660059293676,-0.24042399999999997,0.04575169999999999,0.639853,-0.2546056007780445,0.07293102529480361,0.9642910060318566,-14.737878023148447,3.7072018536559113,13.874276849830578,13.91131522069897,13.93165509928794
2683,05/11/2023 10:04:39.185959,2863,True,True,True,True,Eyes,1.985652,0.1153216,-3.098914,-0.5566123,0.0698306,0.8278323,0.0,0.0,0.0,0.0,0.0,0.0,0.0,-0.642117,-0.0733159,3.540193,1.821619,0.1182692,-3.101351,0.02616792,-0.1730852,-0.0526028,0.9831529,1.905127,339.9231,353.5374,0.5534029,0.03070837,-0.832347,0.0,0.0,0.0,1.590349,0.1623951,-2.461597,-0.00512594,0.06656273,0.678425,0.9345489,-0.1124917,0.3375855,0.09437463,0.9930964,0.06966367,-0.3430915,-0.03324461,0.9387135,static,-14.434031909458273,4.410513123879181,-0.43289846251664876,5.6035615525701274,-0.2312700000000001,0.04412589999999998,0.6397540000000004,-0.24857265078472546,0.07448826730703124,0.965744799336963,-14.379224371819161,3.798932860998559,14.012010074722864,14.05187184514111,14.062599015933216
2684,05/11/2023 10:04:39.206192,2864,True,True,True,True,Eyes,1.977251,0.1158086,-3.099653,-0.5483041,0.07002972,0.8333417,0.0,0.0,0.0,0.0,0.0,0.0,0.0,-0.647191,-0.07565987,3.534584,1.812404,0.1207452,-3.101366,0.02577913,-0.1711784,-0.05152277,0.9835542,1.895184,340.1494,353.671,0.551994,0.0307697,-0.8332798,0.0,0.0,0.0,1.590349,0.1623951,-2.461597,0.00127545,0.06455556,0.67541,0.9360867,-0.1101765,0.33407,0.09252521,0.9933617,0.0683495,-0.3393828,-0.03307117,0.9400668,static,-14.080274708425202,4.480792802019188,0.1081977097063524,5.45973427320458,-0.2220549999999999,0.04164989999999999,0.6397690000000003,-0.24258134023373737,0.07579138630080556,0.967165909165529,-14.023281697721815,3.8755284512688726,14.179807462204998,14.22220362546137,14.22000064447331
2685,05/11/2023 10:04:39.226005,2865,True,True,True,True,Eyes,1.96884,0.1163568,-3.100364,-0.5397123,0.07030261,0.838909,0.0,0.0,0.0,0.0,0.0,0.0,0.0,-0.6574578,-0.08132409,3.527674,1.803338,0.122744,-3.101009,0.02493544,-0.1685563,-0.0506051,0.9840763,1.83476,340.4615,353.7965,0.5505549,0.03084146,-0.8342287,0.0,0.0,0.0,1.590349,0.1623951,-2.461597,0.006429821,0.06226407,0.67221,0.9380558,-0.1080046,0.3292207,0.0911925,0.9936347,0.06613636,-0.3342682,-0.03201713,0.941934,static,-13.790862270266713,4.494626514322456,0.5480286986997753,5.291974514245009,-0.2129890000000001,0.03965109999999998,0.6394120000000001,-0.2376869781981389,0.076119788178459,0.9683546934196199,-13.732036935044599,3.894529557351596,14.317563021312564,14.361043069808309,14.348279580200337
2686,05/11/2023 10:04:39.236295,2866,True,True,True,True,Eyes,1.96042,0.1169388,-3.101019,-0.531087,0.07066931,0.8443651,0.0,0.0,0.0,0.0,0.0,0.0,0.0,-0.6727495,-0.09025909,3.520433,1.794707,0.1248305,-3.101231,0.02372883,-0.165226,-0.04988198,0.9847077,1.733365,340.8577,353.9078,0.5490877,0.03092433,-0.8351921,0.0,0.0,0.0,1.590349,0.1623951,-2.461597,0.01045351,0.05929671,0.669835,0.9404243,-0.1060796,0.3230313,0.09039707,0.9938974,0.06321551,-0.3277659,-0.03024832,0.9442747,static,-13.583345597204564,4.460336001275456,0.894090913494943,5.058884561855054,-0.20435800000000004,0.03756459999999999,0.639634,-0.23418734878509048,0.07560630389240386,0.9692471034383469,-13.523161512964977,3.863944491697182,14.446520280723256,14.489804287867624,14.466687571781362
2687,05/11/2023 10:04:39.255805,2867,True,True,True,True,Eyes,1.951985,0.1175453,-3.101639,-0.5219982,0.07108168,0.8499796,0.0,0.0,0.0,0.0,0.0,0.0,0.0,-0.6980571,-0.102272,3.510524,1.78626,0.126316,-3.100781,0.02201628,-0.1605256,-0.04905145,0.9855663,1.584372,341.4157,354.0423,0.5475957,0.03101816,-0.8361676,0.0,0.0,0.0,1.590349,0.1623951,-2.461597,0.01225272,0.05611769,0.6670375,0.943651,-0.1037553,0.3142573,0.08961856,0.9942185,0.05914504,-0.3185771,-0.02764899,0.9474936,static,-13.50262244640566,4.373515454705488,1.052339937596949,4.8089546174606435,-0.19591099999999995,0.036079099999999975,0.6391840000000002,-0.23284689088243712,0.07416206508982426,0.9696815765801765,-13.441835148649947,3.778565821326922,14.51979280074149,14.56147441930905,14.530754023861876
2688,05/11/2023 10:04:39.265827,2868,True,True,True,True,Eyes,1.943517,0.1181529,-3.102203,-0.5128118,0.07151052,0.8555176,0.0,0.0,0.0,0.0,0.0,0.0,0.0,-0.7280994,-0.1146895,3.499795,1.777595,0.1275943,-3.100923,0.02033001,-0.1550721,-0.04847439,0.9865038,1.43697,342.0597,354.1469,0.5460808,0.03112259,-0.8371538,0.0,0.0,0.0,1.590349,0.1623951,-2.461597,0.01343817,0.05313655,0.6648349,0.9472058,-0.1019456,0.3039874,0.08933509,0.9944739,0.05514532,-0.3079293,-0.02507722,0.9510787,static,-13.507711995065081,4.274315762081689,1.1579500337102964,4.569618890241202,-0.18724600000000002,0.03480079999999999,0.6393260000000001,-0.23296189518291074,0.07248103342203047,0.9697810659043263,-13.446856369391142,3.6792758916939374,14.628713646276942,14.668634792637137,14.631919926213884
2689,05/11/2023 10:04:39.286228,2869,True,True,True,True,Eyes,1.935014,0.1187613,-3.102757,-0.503123,0.07177413,0.8612292,0.0,0.0,0.0,0.0,0.0,0.0,0.0,-0.7608621,-0.1209929,3.487613,1.768506,0.1282609,-3.100473,0.01958955,-0.1492048,-0.04818634,0.9874372,1.392861,342.7443,354.2011,0.5445448,0.03123668,-0.8381495,0.0,0.0,0.0,1.590349,0.1623951,-2.461597,0.01420006,0.05193984,0.6619426,0.950832,-0.1010077,0.2927729,0.08931626,0.9945886,0.05306616,-0.2965487,-0.02430762,0.9547084,static,-13.538623313636618,4.255361710920714,1.2289264001017584,4.486565144568171,-0.1781569999999999,0.034134199999999976,0.6388760000000002,-0.23349066200972063,0.07215080356962757,0.9696784962539987,-13.4779456352337,3.659770038190555,14.729614484591064,14.76935948426555,14.730094202402851
2690,05/11/2023 10:04:39.305738,2870,True,True,True,True,Eyes,1.926482,0.1193705,-3.10329,-0.4934272,0.07197732,0.8668038,0.0,0.0,0.0,0.0,0.0,0.0,0.0,-0.7907699,-0.1210206,3.476894,1.759281,0.1289836,-3.101137,0.01942843,-0.1437253,-0.04703082,0.9883085,1.425868,343.381,354.3427,0.5429881,0.03135955,-0.8391543,0.0,0.0,0.0,1.590349,0.1623951,-2.461597,0.01601984,0.05168358,0.6601047,0.9542623,-0.09854662,0.2822624,0.08737721,0.9948213,0.05192159,-0.2859174,-0.02488352,0.9579311,static,-13.527886863554407,4.334637904246431,1.3902174700599825,4.476899006577978,-0.16893200000000008,0.03341149999999998,0.6395400000000002,-0.2332859693026602,0.0734961222705518,0.9696267016364458,-13.467221242701218,3.7392374224063842,14.877254423046036,14.918782628949353,14.87573963593803
2691,05/11/2023 10:04:39.326114,2871,True,True,True,True,Eyes,1.917936,0.1199927,-3.103828,-0.4834106,0.07210259,0.8724192,0.0,0.0,0.0,0.0,0.0,0.0,0.0,-0.8175781,-0.1163452,3.466579,1.750207,0.1297398,-3.101465,0.01957583,-0.1387662,-0.04491269,0.9891126,1.504798,343.9567,354.5882,0.5414123,0.0314904,-0.840167,0.0,0.0,0.0,1.590349,0.1623951,-2.461597,0.01838982,0.05191887,0.658041,0.9574536,-0.09428034,0.2727523,0.08341448,0.9951993,0.05119011,-0.2762692,-0.02626066,0.9607214,static,-13.436076457284456,4.486293012472749,1.600789159255447,4.511242366496741,-0.15985800000000006,0.0326553,0.6398680000000003,-0.23168668820937802,0.07609224641572743,0.9698098271041014,-13.374979206903584,3.8925308386233275,14.992248273876156,15.036886314664555,14.988543695488664
2692,05/11/2023 10:04:39.336439,2872,True,True,True,True,Eyes,1.90939,0.1206108,-3.104357,-0.4734343,0.07229247,0.8778575,0.0,0.0,0.0,0.0,0.0,0.0,0.0,-0.8420417,-0.1177906,3.457119,1.741438,0.1308463,-3.102395,0.01878406,-0.1341059,-0.04269083,0.9898689,1.474803,344.5031,354.8603,0.539818,0.03162882,-0.8411871,0.0,0.0,0.0,1.590349,0.1623951,-2.461597,0.02117148,0.05057008,0.6568408,0.9603862,-0.08955474,0.2638907,0.07947854,0.9956493,0.0486377,-0.2670983,-0.02573733,0.9633255,static,-13.307653318404412,4.540275149136652,1.8461347544437208,4.402509108815399,-0.15108900000000003,0.03154879999999999,0.6407980000000002,-0.229495512487834,0.07704704603463153,0.9702554253322807,-13.245791611463158,3.9488056340886506,15.10868155509234,15.154414288868447,15.098744592744602
2693,05/11/2023 10:04:39.360588,2873,True,True,True,True,Eyes,1.90084,0.1212239,-3.104864,-0.4630967,0.07246377,0.8833405,0.0,0.0,0.0,0.0,0.0,0.0,0.0,-0.863753,-0.123156,3.447869,1.733036,0.1314908,-3.102956,0.01755045,-0.1298437,-0.04109466,0.9905272,1.380768,345.0044,355.0669,0.5382065,0.031774,-0.8422136,0.0,0.0,0.0,1.590349,0.1623951,-2.461597,0.02399944,0.04895838,0.6555022,0.9629037,-0.08596837,0.2557849,0.07685311,0.9960064,0.04544014,-0.2586698,-0.02409662,0.9656652,static,-13.112905021157005,4.517560224797901,2.0967934341317775,4.271396762951408,-0.142687,0.030904299999999996,0.641359,-0.22620195927226464,0.07672308481469435,0.9710541860945036,-13.049777786432562,3.9295681023864923,15.166510108110662,15.211690358101635,15.150427933652947
2694,05/11/2023 10:04:39.375863,2874,True,True,True,True,Eyes,1.892275,0.1217793,-3.10535,-0.4527062,0.07272284,0.8886892,0.0,0.0,0.0,0.0,0.0,0.0,0.0,-0.8908475,-0.1324991,3.436592,1.724495,0.1320653,-3.103225,0.01612785,-0.1247171,-0.04049305,0.9912346,1.253308,345.6045,355.1631,0.5365794,0.03192514,-0.8432455,0.0,0.0,0.0,1.590349,0.1623951,-2.461597,0.02571285,0.04698079,0.6540127,0.9656119,-0.08429905,0.2459418,0.07625337,0.9962004,0.04207332,-0.248554,-0.02187261,0.968371,static,-13.023068541261036,4.432974670992686,2.2514538650972598,4.108766041289262,-0.13414599999999988,0.03032979999999999,0.6416280000000003,-0.22470329682683887,0.07531624430271475,0.9715121722922619,-12.959282223195551,3.8465871296557403,15.234503934013857,15.277962756137214,15.212995435791026
2695,05/11/2023 10:04:39.385471,2875,True,True,True,True,Eyes,1.88368,0.1223348,-3.105846,-0.4419689,0.07282231,0.8940696,0.0,0.0,0.0,0.0,0.0,0.0,0.0,-0.9206702,-0.1422275,3.424192,1.715718,0.1312643,-3.103552,0.01470782,-0.1191153,-0.04054179,0.9919434,1.118505,346.2581,355.1844,0.5349375,0.03208013,-0.8442822,0.0,0.0,0.0,1.590349,0.1623951,-2.461597,0.02692344,0.04630239,0.6526286,0.9683358,-0.08393416,0.2351187,0.07692645,0.9962801,0.03883695,-0.2375038,-0.01952036,0.9711905,static,-12.972159783107397,4.311768381354563,2.36233175831459,4.058194354363452,-0.12536900000000006,0.031130799999999986,0.6419550000000003,-0.22387413285119137,0.07327524206667663,0.9718596393437187,-12.907925520347426,3.7262905987157304,15.295168516907252,15.336587971941704,15.273863868044108
2696,05/11/2023 10:04:39.405816,2876,True,True,True,True,Eyes,1.875054,0.1228776,-3.106331,-0.4312333,0.07299522,0.8992828,0.0,0.0,0.0,0.0,0.0,0.0,0.0,-0.9462516,-0.1448781,3.413447,1.706488,0.1318003,-3.104598,0.01476897,-0.1140146,-0.04118182,0.9925154,1.141762,346.8451,355.1164,0.5332808,0.03223864,-0.8453235,0.0,0.0,0.0,1.590349,0.1623951,-2.461597,0.02941316,0.04626365,0.6518199,0.9706095,-0.08511493,0.225106,0.07837941,0.9961719,0.03870751,-0.2275389,-0.01992619,0.9735651,static,-12.882057407421625,4.336715351552091,2.583700605041632,4.059824210577945,-0.11613899999999999,0.030594799999999978,0.6430010000000004,-0.22233813360610638,0.07372497171789956,0.9721781721666697,-12.817273662288065,3.7528461939000475,15.426076010537344,15.468236473626247,15.404033364209354
2697,05/11/2023 10:04:39.426292,2877,True,True,True,True,Eyes,1.866398,0.1233968,-3.106811,-0.4201538,0.07309067,0.9045046,0.0,0.0,0.0,0.0,0.0,0.0,0.0,-0.9712855,-0.1531646,3.401903,1.697252,0.1320791,-3.105107,0.01355569,-0.1090048,-0.04090144,0.993107,1.031814,347.4289,355.1695,0.5316101,0.03239995,-0.8463689,0.0,0.0,0.0,1.590349,0.1623951,-2.461597,0.03205312,0.04489886,0.6506991,0.9728901,-0.0841943,0.215398,0.07828375,0.9962866,0.0358414,-0.2176157,-0.01800758,0.9758684,static,-12.748218757109283,4.253264465953378,2.8200826251887134,3.947207106402566,-0.10690299999999997,0.030315999999999982,0.64351,-0.2200888671346693,0.07234676404314007,0.9727933333511868,-12.682496358415955,3.6717855444224896,15.530631056887797,15.571309483707429,15.505025384684304
2698,05/11/2023 10:04:39.436906,2878,True,True,True,True,Eyes,1.857716,0.1238662,-3.10728,-0.4090448,0.07333374,0.9095628,0.0,0.0,0.0,0.0,0.0,0.0,0.0,-1.00154,-0.1624405,3.388726,1.688004,0.1321483,-3.10582,0.01185444,-0.1032358,-0.03981836,0.993789,0.8789666,348.1027,355.3195,0.5299254,0.03256322,-0.8474184,0.0,0.0,0.0,1.590349,0.1623951,-2.461597,0.03384771,0.04312807,0.6499758,0.9755138,-0.08158968,0.2042451,0.07669447,0.9965479,0.03178297,-0.2061332,-0.01534026,0.9784036,static,-12.696526286920985,4.150617761233151,2.9810044062413863,3.7962020194582298,-0.09765500000000005,0.03024679999999999,0.6442230000000002,-0.2192383475852564,0.0706177259563345,0.9731123556414798,-12.630369802258553,3.5700624724087358,15.642738552679246,15.681536249776872,15.613012001934695
2699,05/11/2023 10:04:39.456680,2879,True,True,True,True,Eyes,1.849009,0.1242677,-3.107738,-0.3975917,0.07348892,0.9146148,0.0,0.0,0.0,0.0,0.0,0.0,0.0,-1.031756,-0.1711898,3.375098,1.67884,0.1315963,-3.106331,0.009659973,-0.09752717,-0.03762463,0.9944745,0.680366,348.7718,355.5998,0.528227,0.03272694,-0.8484718,0.0,0.0,0.0,1.590349,0.1623951,-2.461597,0.03567474,0.04136942,0.6492122,0.9781457,-0.07671768,0.1932497,0.07294925,0.9969822,0.02655204,-0.1947035,-0.01187435,0.9807903,static,-12.60949668540225,4.0274250710179,3.1452865422689538,3.6461001880149286,-0.0884910000000001,0.030798799999999987,0.6447340000000001,-0.21779150359032456,0.0685480142177025,0.97358515003125,-12.54265979542493,3.448424494252886,15.722847220728154,15.75939729866936,15.689191692826856
2700,05/11/2023 10:04:39.476001,2880,True,True,True,True,Eyes,1.840271,0.1245899,-3.108179,-0.3861461,0.07360637,0.9194962,0.0,0.0,0.0,0.0,0.0,0.0,0.0,-1.064001,-0.1741757,3.360834,1.66962,0.1305899,-3.10692,0.00806713,-0.09153597,-0.03495394,0.9951554,0.5533146,349.4696,355.9258,0.5265151,0.03288926,-0.849529,0.0,0.0,0.0,1.590349,0.1623951,-2.461597,0.0371954,0.0408164,0.648605,0.9807988,-0.07104608,0.1816211,0.06809235,0.9974263,0.02245518,-0.182749,-0.009657009,0.9831122,static,-12.559956942824567,3.980931162808327,3.2821329537414505,3.6008475275880794,-0.07927100000000009,0.03180519999999998,0.6453230000000003,-0.21696117190425282,0.06777079102027574,0.9738249020407345,-12.492756758291334,3.4028154208760304,15.810788139743464,15.84664872648603,15.776132673823664
2701,05/11/2023 10:04:39.486304,2881,True,True,True,True,Eyes,1.831511,0.1248579,-3.108618,-0.3744397,0.0734057,0.9243411,0.0,0.0,0.0,0.0,0.0,0.0,0.0,-1.092626,-0.1658962,3.3477,1.660285,0.1291468,-3.107286,0.008235023,-0.08607484,-0.0326015,0.9957211,0.6180751,350.0982,356.1959,0.5247903,0.03304812,-0.8505895,0.0,0.0,0.0,1.590349,0.1623951,-2.461597,0.03937549,0.04294446,0.6477004,0.9830565,-0.06634167,0.1708761,0.06350635,0.9977387,0.02201191,-0.17195,-0.01078723,0.9850467,static,-12.447400760654784,4.098928794272625,3.478886640381018,3.7933282384152056,-0.069936,0.03324829999999998,0.6456890000000004,-0.2150174358930034,0.06980692041854598,0.9741121347162591,-12.37960239381035,3.5228219940775922,15.890736063330896,15.929219129641355,15.860795947107873
2702,05/11/2023 10:04:39.506195,2882,True,True,True,True,Eyes,1.822733,0.125067,-3.109056,-0.3627635,0.07306764,0.9290122,0.0,0.0,0.0,0.0,0.0,0.0,0.0,-1.121099,-0.1502516,3.335069,1.651017,0.1282519,-3.108025,0.009725893,-0.08061703,-0.03051156,0.9962306,0.8284664,350.7213,356.4243,0.5230529,0.03320239,-0.851653,0.0,0.0,0.0,1.590349,0.1623951,-2.461597,0.04155339,0.04618694,0.6471899,0.9851398,-0.06236124,0.1600328,0.05922495,0.9979489,0.02429796,-0.1612198,-0.01445896,0.9868127,static,-12.347679856659306,4.344244574150068,3.673682734578556,4.082013382445961,-0.060667999999999944,0.034143199999999985,0.6464280000000002,-0.2132569649380383,0.07400622737169144,0.9741891243038413,-12.279494562968981,3.7699167228149357,15.9798020255263,16.023508494640573,15.956229824489837
2703,05/11/2023 10:04:39.526347,2883,True,True,True,True,Eyes,1.813952,0.1252591,-3.109515,-0.3508267,0.0725053,0.9336292,0.0,0.0,0.0,0.0,0.0,0.0,0.0,-1.148503,-0.1329566,3.322636,1.64197,0.1271553,-3.108764,0.011376,-0.07532968,-0.02829118,0.9966924,1.055128,351.325,356.6682,0.521303,0.03335094,-0.8527195,0.0,0.0,0.0,1.590349,0.1623951,-2.461597,0.04376242,0.04978563,0.6467904,0.9870501,-0.0581091,0.1495174,0.0546813,0.9981405,0.02693907,-0.1508047,-0.01841441,0.988392,static,-12.213385448646743,4.5966428671830215,3.8707843375065627,4.4015693782139795,-0.05162099999999992,0.03523979999999999,0.647167,-0.21090298982745437,0.07833791381650716,0.9743628560214813,-12.144599854172226,4.02471123193685,16.03585084803981,16.085352696658706,16.019817504250483
2704,05/11/2023 10:04:39.536266,2884,True,True,True,True,Eyes,1.805159,0.1254123,-3.109968,-0.3389015,0.07192185,0.9380687,0.0,0.0,0.0,0.0,0.0,0.0,0.0,-1.175561,-0.1211853,3.310465,1.633146,0.127048,-3.110064,0.0126339,-0.07002661,-0.02679903,0.9971052,1.228593,351.9315,356.8342,0.5195405,0.03349389,-0.8537889,0.0,0.0,0.0,1.590349,0.1623951,-2.461597,0.04584981,0.05184531,0.6471477,0.9887562,-0.05521231,0.1389706,0.05167348,0.9982444,0.02894793,-0.1403249,-0.02144135,0.9898733,static,-12.08681193781372,4.776675037727233,4.052580742480164,4.5803866771107185,-0.042796999999999974,0.03534709999999999,0.6484670000000001,-0.20869795350044143,0.08143851999633292,0.9745833965315114,-12.017401767915858,4.207002226229641,16.086925340759525,16.140586272166118,16.074319700459917
2705,05/11/2023 10:04:39.556195,2885,True,True,True,True,Eyes,1.796356,0.1255329,-3.110434,-0.3267107,0.07126059,0.9424341,0.0,0.0,0.0,0.0,0.0,0.0,0.0,-1.203496,-0.1157434,3.29678,1.624179,0.1263234,-3.11073,0.01302732,-0.06451625,-0.02578766,0.9974985,1.298549,352.5642,356.9538,0.5177665,0.03363068,-0.8548605,0.0,0.0,0.0,1.590349,0.1623951,-2.461597,0.04769302,0.05335839,0.6470683,0.9903454,-0.05312725,0.1280378,0.04976535,0.9983305,0.0293169,-0.1293816,-0.02266201,0.9913359,static,-11.968989971334919,4.837658229576415,4.215438179353413,4.714044973051719,-0.03383000000000003,0.036071699999999984,0.6491330000000004,-0.20667510012631257,0.08251200362707453,0.9749241807800607,-11.898890091640466,4.270088747106237,16.129273519198676,16.184900209824637,16.12044269726822
2706,05/11/2023 10:04:39.576147,2886,True,True,True,True,Eyes,1.787534,0.1256253,-3.110908,-0.3144943,0.07054106,0.9466347,0.0,0.0,0.0,0.0,0.0,0.0,0.0,-1.231583,-0.1103496,3.28316,1.615177,0.1256711,-3.111836,0.01393096,-0.05889655,-0.02592428,0.9978303,1.418087,353.2062,356.9393,0.5159811,0.03376102,-0.8559341,0.0,0.0,0.0,1.590349,0.1623951,-2.461597,0.04937518,0.05547976,0.6475026,0.9917183,-0.05337703,0.1168152,0.05009509,0.9982677,0.03085517,-0.1182598,-0.02474776,0.9926742,static,-11.876266201914149,4.915940137000821,4.360639089017812,4.897294951363417,-0.024828000000000072,0.03672399999999998,0.650239,-0.2050736942852232,0.08387281245129317,0.9751461902536589,-11.805654310262911,4.350025742072099,16.178604827180155,16.236915996261168,16.175553958336813
2707,05/11/2023 10:04:39.585950,2887,True,True,True,True,Eyes,1.7787,0.1257233,-3.111394,-0.301894,0.06992474,0.9507736,0.0,0.0,0.0,0.0,0.0,0.0,0.0,-1.261667,-0.1083836,3.268248,1.606012,0.1250057,-3.112892,0.01475908,-0.05287214,-0.02705629,0.9981257,1.52435,353.8932,356.8132,0.5141837,0.03388481,-0.8570102,0.0,0.0,0.0,1.590349,0.1623951,-2.461597,0.05059091,0.05754915,0.6480406,0.992945,-0.05557185,0.1047474,0.05245047,0.9981003,0.03232388,-0.1063447,-0.02660179,0.9939734,static,-11.817480161820667,4.962885137842175,4.463884565921816,5.074830648902833,-0.015662999999999982,0.03738939999999999,0.6512950000000002,-0.20405891278965113,0.08469010896775168,0.9752883883811821,-11.746540930881165,4.398020070854174,16.221253512523223,16.281749574146623,16.224548294049942
2708,05/11/2023 10:04:39.605861,2888,True,True,True,True,Eyes,1.769834,0.1258,-3.111884,-0.28916,0.06944285,0.9547588,0.0,0.0,0.0,0.0,0.0,0.0,0.0,-1.296534,-0.1166758,3.250972,1.596914,0.1251592,-3.114103,0.01441352,-0.04602389,-0.02877991,0.9984217,1.497447,354.6774,356.6281,0.5123751,0.03400281,-0.858088,0.0,0.0,0.0,1.590349,0.1623951,-2.461597,0.05071022,0.05729883,0.6491058,0.9941071,-0.05879571,0.09107285,0.05614224,0.9979279,0.03143067,-0.09273212,-0.02613241,0.9953482,static,-11.846823080748656,4.86847265928026,4.467056358577999,5.044622237597781,-0.006564999999999932,0.03723589999999999,0.6525060000000003,-0.2045863266065029,0.08307357576056233,0.975317075196356,-11.775975116853331,4.303084278626894,16.25604993240677,16.31483040165684,16.259949263649244
2709,05/11/2023 10:04:39.626381,2889,True,True,True,True,Eyes,1.760935,0.1258633,-3.112375,-0.2760101,0.06916721,0.9586628,0.0,0.0,0.0,0.0,0.0,0.0,0.0,-1.335101,-0.1334793,3.230971,1.587427,0.1246426,-3.115128,0.01270381,-0.0384647,-0.03060532,0.9987105,1.319089,355.5477,356.4382,0.5105549,0.03411504,-0.8591678,0.0,0.0,0.0,1.590349,0.1623951,-2.461597,0.05026541,0.05596728,0.6502903,0.9951676,-0.062109,0.07605258,0.0601544,0.9978039,0.0277293,-0.0776078,-0.02302041,0.9967182,static,-11.92958379463669,4.630392791821407,4.419995987270524,4.919043714770143,0.002922000000000091,0.03775249999999998,0.6535310000000001,-0.20606343379982908,0.07899513469190712,0.9753448991462788,-11.859021908188124,4.063528241397456,16.298066921950625,16.352127641388698,16.301482459145944
2710,05/11/2023 10:04:39.636312,2890,True,True,True,True,Eyes,1.751983,0.1258714,-3.112865,-0.2626466,0.06892633,0.9624271,0.0,0.0,0.0,0.0,0.0,0.0,0.0,-1.378147,-0.1481572,3.208442,1.577788,0.1242914,-3.116164,0.01140211,-0.0301344,-0.0324617,0.9989536,1.19321,356.5051,356.2412,0.5087225,0.03422172,-0.8602498,0.0,0.0,0.0,1.590349,0.1623951,-2.461597,0.04893774,0.05501132,0.6516489,0.9960763,-0.06554265,0.05946547,0.06416827,0.9976324,0.02473678,-0.060946,-0.02082393,0.9979239,static,-12.093281711475136,4.440580797417805,4.2947553066800275,4.8253912933576615,0.012561000000000044,0.03810369999999999,0.6545670000000001,-0.20890249850404177,0.07571691710914437,0.9750008681306368,-12.023571307753922,3.8707946267820224,16.342112934871835,16.392554298406623,16.34622397653907
2711,05/11/2023 10:04:39.656063,2891,True,True,True,True,Eyes,1.742988,0.1258415,-3.113366,-0.2489577,0.0687203,0.9660733,0.0,0.0,0.0,0.0,0.0,0.0,0.0,-1.425408,-0.1541133,3.183397,1.56771,0.1229485,-3.117167,0.01079862,-0.02110977,-0.03313477,0.9991696,1.156328,357.5407,356.1765,0.5068775,0.03432189,-0.8613341,0.0,0.0,0.0,1.590349,0.1623951,-2.461597,0.04712466,0.05590324,0.6530649,0.996913,-0.06667041,0.04146885,0.06575859,0.997571,0.02297823,-0.04290009,-0.02018036,0.9988756,static,-12.315791190347285,4.365747327422426,4.127265728293967,4.892669100229976,0.022639000000000076,0.039446599999999984,0.65557,-0.21270880298254902,0.07438093047217373,0.9742804931384469,-12.247424303911478,3.7919887126793665,16.401785449508264,16.451497420731485,16.4116413245704
2712,05/11/2023 10:04:39.675956,2892,True,True,True,True,Eyes,1.733966,0.1257947,-3.113871,-0.235089,0.06849263,0.9695576,0.0,0.0,0.0,0.0,0.0,0.0,0.0,-1.468414,-0.1510535,3.160234,1.557742,0.1219998,-3.118444,0.01134133,-0.01277665,-0.03312522,0.9993054,1.250318,358.4933,356.1864,0.5050198,0.03441511,-0.8624209,0.0,0.0,0.0,1.590349,0.1623951,-2.461597,0.04611824,0.05789022,0.6547252,0.997479,-0.06649421,0.02478418,0.0659146,0.9975482,0.02351335,-0.02628692,-0.02182043,0.9994162,static,-12.452992332828236,4.441303676765624,4.029206869465687,5.052901458294107,0.03260700000000005,0.04039529999999998,0.6568470000000004,-0.21502101065295098,0.07562645527441068,0.9736768571982641,-12.385577530102758,3.8650948390474134,16.441598733656527,16.49354244516529,16.457704318921333
2713,05/11/2023 10:04:39.685606,2893,True,True,True,True,Eyes,1.724912,0.125685,-3.114368,-0.2208587,0.06832138,0.9729098,0.0,0.0,0.0,0.0,0.0,0.0,0.0,-1.513948,-0.1548532,3.134884,1.548181,0.1214922,-3.119597,0.01135855,-0.003963759,-0.03408772,0.9993466,1.285368,359.5016,356.0872,0.5031491,0.03450162,-0.8635102,0.0,0.0,0.0,1.590349,0.1623951,-2.461597,0.04398091,0.05878222,0.6565256,0.9976447,-0.06822094,0.007147962,0.06804084,0.997418,0.02297249,-0.008696711,-0.02243203,0.9997106,static,-12.63085297534567,4.435015325163527,3.832540695400892,5.1163523460850895,0.04216799999999998,0.04090289999999999,0.6580000000000004,-0.2180451218649084,0.0754677182214833,0.9730163429275968,-12.564566490686195,3.8556308115873157,16.425512558265595,16.477486194624962,16.44550220758172
2714,05/11/2023 10:04:39.705612,2894,True,True,True,True,Eyes,1.715805,0.1254837,-3.114885,-0.2064008,0.06801362,0.9761008,0.6655789,1.578429,0.1707521,-2.465213,-0.7946669,0.5571268,-0.2410687,0.02809416,0.06866477,0.6543181,1.538413,0.1197394,-3.120525,0.01158519,0.005786635,-0.03621657,0.9992601,1.350723,0.6147115,355.8559,0.5012655,0.03458033,-0.8646019,0.0,0.0,0.0,1.590349,0.1623951,-2.461597,0.04054121,0.06127848,0.6582578,0.9973097,-0.07224546,-0.01240386,0.07251361,0.9971083,0.02273409,0.01072555,-0.02357238,0.9996646,static,-12.914499644704216,4.414818331134346,3.5243181711089515,5.31844584970591,0.05193599999999998,0.04265569999999999,0.6589280000000004,-0.2228666208922902,0.0750408387109513,0.9719564065967122,-12.850002234550498,3.8303694129303003,16.411201635741275,16.46363489250828,16.441798570377944
2715,05/11/2023 10:04:39.726104,2895,True,True,True,True,Eyes,1.487086,0.1189944,-3.128549,0.1716112,0.05302619,0.9837367,0.6748376,1.602896,0.1547785,-2.464687,0.8365042,-0.5077786,-0.205965,0.05068377,0.05926782,0.6581339,1.528113,0.117189,-3.122118,0.01279203,0.01546751,-0.0384897,0.9990575,1.532881,1.715225,355.6104,0.4993681,0.03464945,-0.8656964,0.0,0.0,0.0,1.590349,0.1623951,-2.461597,0.03749828,0.06596466,0.6606414,0.9965586,-0.07651111,-0.03189058,0.07730255,0.9967098,0.02436927,0.02992113,-0.02675063,0.9991943,static,7.82484709835848,5.2171345909376114,3.2486464427334383,5.7020507804270455,0.06223599999999996,0.045206099999999985,0.6605210000000001,0.1355915912047172,0.09009064486253725,0.9866603629522528,8.020841264465009,5.002983243416818,4.585682633389383,4.601820960377752,4.8231254221576245
2716,05/11/2023 10:04:39.736464,2896,True,True,True,True,Eyes,1.486711,0.1190116,-3.12857,0.1723663,0.05281781,0.9836159,0.0,0.0,0.0,0.0,0.0,0.0,0.0,-1.656015,-0.1483108,3.051576,1.518015,0.1154002,-3.12391,0.01529055,0.02403211,-0.0401059,0.9987894,1.860821,2.682665,355.4447,0.4901573,0.03458963,-0.8709471,-0.6861545,-0.01946774,-0.04099131,1.590349,0.1623951,-2.461597,0.03567997,0.07162286,0.6630957,0.9956279,-0.07937976,-0.0492325,0.08084962,0.9963154,0.02861642,0.04677954,-0.03247174,0.9983773,static,6.86506021897715,5.473434171415873,3.080011129353629,6.164780513185605,0.07233400000000012,0.04699489999999999,0.6623130000000002,0.11899415965473867,0.09470651129408617,0.9883679314143403,7.054670748621781,5.242144104434463,3.834171305097349,3.8476689534233888,4.080340308331409
2717,05/11/2023 10:04:39.755709,2897,True,True,True,True,Eyes,1.485949,0.1191136,-3.128614,0.1739237,0.0527223,0.9833468,0.0,0.0,0.0,0.0,0.0,0.0,0.0,-1.703631,-0.1486131,3.021727,1.508689,0.1156378,-3.125022,0.01711549,0.03351146,-0.04299886,0.9983663,2.123694,3.754787,355.1373,0.482489,0.03454443,-0.8752202,-0.6449852,-0.01829968,-0.03853183,1.590349,0.1623951,-2.461597,0.03184525,0.07442243,0.6651578,0.9940562,-0.08471008,-0.06838531,0.08700435,0.9957163,0.03129315,0.06544151,-0.03705697,0.9971681,static,5.835388331437435,5.6762997875883,2.7410131282076735,6.384094149409215,0.08166000000000007,0.04675729999999999,0.6634250000000002,0.10117734029991692,0.09840058454031415,0.9899901485273371,6.018223670123159,5.42662354191445,3.1626783179604243,3.1742921662929366,3.414214243461939
2718,05/11/2023 10:04:39.776048,2898,True,True,True,True,Eyes,1.484762,0.1191435,-3.128659,0.1763603,0.05254535,0.9829222,0.0,0.0,0.0,0.0,0.0,0.0,0.0,-1.758083,-0.1715181,2.985529,1.498659,0.1174387,-3.126322,0.01687533,0.04462874,-0.04823663,0.9976957,2.176524,5.019046,354.5594,0.4760838,0.03451398,-0.878722,-0.6062861,-0.0172017,-0.03621992,1.590349,0.1623951,-2.461597,0.02636106,0.07320608,0.6680068,0.991363,-0.0947447,-0.09067982,0.09775721,0.9947769,0.02936742,0.08742379,-0.03797838,0.995447,static,4.653002201061951,5.6642811847174945,2.2598485394028907,6.254020483700593,0.09169000000000005,0.044956399999999994,0.6647250000000002,0.08072747157439886,0.09837726900565964,0.9918694514661418,4.82830641542573,5.3934934156067005,2.455564602234284,2.4647468204822265,2.708778820026845
2719,05/11/2023 10:04:39.786298,2899,True,True,True,True,Eyes,1.483131,0.1191329,-3.128763,0.179224,0.05250062,0.9824064,0.0,0.0,0.0,0.0,0.0,0.0,0.0,-1.813617,-0.1914124,2.945954,1.487325,0.1154339,-3.127144,0.01652397,0.05625375,-0.05334572,0.9968535,2.231991,6.342659,353.9973,0.4707099,0.0344939,-0.8816132,-0.5699089,-0.01616959,-0.03404672,1.590349,0.1623951,-2.461597,0.02106147,0.07574818,0.670515,0.9879795,-0.1044966,-0.1139165,0.1082148,0.9937624,0.02694215,0.1103905,-0.03894574,0.993125,static,3.437522498056879,5.6361602472738035,1.799119638119597,6.445386270833373,0.103024,0.04696119999999998,0.6655470000000001,0.059671260469527976,0.09803597443597536,0.9933922590939144,3.6051008209127904,5.343670169739219,1.8222937448220766,1.827350729514369,2.1155014535597005
2720,05/11/2023 10:04:39.805823,2900,True,True,True,True,Eyes,1.481116,0.1191496,-3.128905,0.1823495,0.0522154,0.9818463,0.0,0.0,0.0,0.0,0.0,0.0,0.0,-1.849088,-0.1970706,2.919305,1.475018,0.1142561,-3.129149,0.01715861,0.06449485,-0.05603988,0.9961956,2.373597,7.278045,353.7115,0.4661738,0.03448117,-0.8840207,-0.5357144,-0.01519942,-0.03200392,1.590349,0.1623951,-2.461597,0.02131542,0.07893658,0.67421,0.9853999,-0.1094401,-0.1304221,0.1138666,0.9931302,0.02695809,0.1265758,-0.04141523,0.991092,static,2.6448748157421242,5.692733448761377,1.8108259203020542,6.677794312024265,0.11533100000000007,0.04813899999999999,0.6675520000000001,0.04591827921585935,0.0990889186417659,0.9940185324265137,2.8073387540333337,5.386090218859618,1.2896771035926622,1.2907294311036013,1.6314218620851713
2721,05/11/2023 10:04:39.825878,2901,True,True,True,True,Eyes,1.478744,0.1190723,-3.129051,0.1856522,0.05205242,0.9812359,0.0,0.0,0.0,0.0,0.0,0.0,0.0,-1.866126,-0.1895099,2.904753,1.463767,0.1147921,-3.130517,0.01963941,0.06930368,-0.05793792,0.9957181,2.701996,7.81004,353.5242,0.4623167,0.03447513,-0.8860441,-0.5035715,-0.01428745,-0.03008368,1.590349,0.1623951,-2.461597,0.02531055,0.08298626,0.6769163,0.9836804,-0.1126575,-0.1402896,0.1181018,0.9925149,0.03108001,0.1357381,-0.04714125,0.9896226,static,2.2531470378907326,5.9790692517536685,2.141346619230766,6.989275525154017,0.12658199999999997,0.04760299999999999,0.6689200000000004,0.03910115767281101,0.10408549194730898,0.9937994742785082,2.4128208987628965,5.665429850946579,1.0160536038513213,1.0163739707558257,1.3513939668228643
2722,05/11/2023 10:04:39.836405,2902,True,True,True,True,Eyes,1.476102,0.1191236,-3.129283,0.1889704,0.0515934,0.9806265,0.0,0.0,0.0,0.0,0.0,0.0,0.0,-1.8962,-0.1737987,2.881364,1.452866,0.1125055,-3.131224,0.02132375,0.07607602,-0.05649765,0.9952718,2.925767,8.58159,353.7216,0.4588186,0.03446852,-0.8878609,-0.4733572,-0.01343021,-0.02827866,1.590349,0.1623951,-2.461597,0.02654855,0.08809982,0.6792082,0.9820409,-0.1092166,-0.1538421,0.1157055,0.9927067,0.03384963,0.1490231,-0.05104209,0.9875155,static,1.6759005026936489,6.103269448000889,2.238409230612097,7.390549021082387,0.13748300000000002,0.04988959999999999,0.6696270000000002,0.029080183150078265,0.10627584697370185,0.993911369690452,1.8317654694413423,5.779322465388677,1.4005178462227028,1.4048148519492936,1.6617491273569887
2723,05/11/2023 10:04:39.856188,2903,True,True,True,True,Eyes,1.47322,0.1192143,-3.129467,0.1925111,0.05120616,0.9799579,0.0,0.0,0.0,0.0,0.0,0.0,0.0,-1.902323,-0.1465771,2.87703,1.443779,0.1157163,-3.133645,0.02540294,0.07830597,-0.05480953,0.9950974,3.390487,8.81983,353.9563,0.4556005,0.03446458,-0.8895167,-0.4449558,-0.01262439,-0.02658194,1.590349,0.1623951,-2.461597,0.03237923,0.091117,0.6826114,0.9817282,-0.1051032,-0.1586288,0.11306,0.9927013,0.04197297,0.1530595,-0.05914063,0.9864457,static,1.6243257906764252,6.53295062682419,2.7157526117200583,7.603067241642862,0.1465700000000001,0.04667879999999999,0.6720480000000002,0.028162120916961922,0.11372947315144522,0.9931125727226088,1.7794251190520043,6.208080013093213,1.5185059105321228,1.5285162985733534,1.6800888492406223
2724,05/11/2023 10:04:39.876185,2904,True,True,True,True,Eyes,1.470058,0.1193456,-3.129713,0.1963106,0.0505773,0.9792365,0.0,0.0,0.0,0.0,0.0,0.0,0.0,-1.931072,-0.138773,2.853301,1.435114,0.1166118,-3.133126,0.02790364,0.08478145,-0.05617061,0.9944238,3.728032,9.545659,353.8455,0.4526297,0.0344644,-0.891032,-0.4182585,-0.01186693,-0.02498703,1.590349,0.1623951,-2.461597,0.03178938,0.09437084,0.6835406,0.9793139,-0.1069834,-0.1717521,0.1164462,0.9921325,0.04597162,0.1654826,-0.06502052,0.984067,static,1.0763220718253645,6.781112353601835,2.662732608706702,7.86066514286781,0.155235,0.045783299999999985,0.671529,0.01865289981447127,0.11805608840224065,0.9928317416357987,1.2276731093425475,6.446455494556981,1.9041422361319587,1.9188883803754921,2.0147914770741746
2725,05/11/2023 10:04:39.885575,2905,True,True,True,True,Eyes,1.466661,0.1194627,-3.130016,0.2000896,0.05014653,0.9784935,0.0,0.0,0.0,0.0,0.0,0.0,0.0,-1.951203,-0.1307261,2.837271,1.425245,0.1175937,-3.135161,0.03057647,0.08992679,-0.05795046,0.9937907,4.082674,10.11583,353.6869,0.4498751,0.0344689,-0.8924258,-0.3931629,-0.01115492,-0.0234878,1.590349,0.1623951,-2.461597,0.03363261,0.09825577,0.6871457,0.9771098,-0.109682,-0.1822807,0.1206805,0.9914137,0.05035063,0.175193,-0.07119582,0.9819565,static,0.672566064682461,7.07329749960741,2.8021277053719453,8.137628014564102,0.16510399999999992,0.04480139999999999,0.6735640000000003,0.011648900644332896,0.12313063858982812,0.9923221256203505,0.8210443440087907,6.731429667065264,2.3598794904706977,2.380720946806674,2.4294207287290526
2726,05/11/2023 10:04:39.905587,2906,True,True,True,True,Eyes,1.463057,0.119597,-3.13036,0.2039752,0.04957519,0.97772,0.6810841,1.601981,0.1533619,-2.46445,0.7754009,-0.6021519,-0.190175,0.05141971,0.09540762,0.6902494,1.416154,0.1171545,-3.137018,0.03262745,0.09213232,-0.06045493,0.9933743,4.356512,10.34749,353.4294,0.4473095,0.0344773,-0.8937142,-0.3695731,-0.01048562,-0.02207854,1.590349,0.1623951,-2.461597,0.03850587,0.1030416,0.6902783,0.9757137,-0.1140967,-0.1869887,0.1261208,0.9905613,0.05368282,0.1790988,-0.07596224,0.9808941,static,0.6090049481430109,7.315135577084685,3.192827720370666,8.49016083404023,0.1741950000000001,0.04524059999999999,0.675421,0.010542440277870824,0.12731955140955256,0.9918057112461262,0.7568319883849881,6.97213130197051,2.8109025933567158,2.838454592338171,2.8702767926609885
2727,05/11/2023 10:04:39.926188,2907,True,True,True,True,Eyes,1.459239,0.1198135,-3.130721,0.2081702,0.04934217,0.9768473,0.6785673,1.600496,0.1532955,-2.467865,0.6764191,-0.6065665,-0.4177727,0.05378902,0.09798374,0.6897886,1.407544,0.1174086,-3.138524,0.03349455,0.09513923,-0.06516898,0.9927638,4.525604,10.66772,352.9113,0.4449087,0.0344898,-0.8949113,-0.3473988,-0.009856483,-0.02075383,1.590349,0.1623951,-2.461597,0.04158084,0.105947,0.6933377,0.973403,-0.1230215,-0.1932672,0.1357681,0.9892622,0.0541041,0.1845359,-0.07890461,0.9796533,static,0.44905083674361196,7.465579176264156,3.4320311290878776,8.688002491259828,0.1828050000000001,0.044986499999999985,0.6769270000000001,0.007770903574329302,0.1299266368481572,0.991493223133978,0.5957045410179402,7.119717940957616,3.1906206643395834,3.2237385417492046,3.2410283776772246
2728,05/11/2023 10:04:39.936391,2908,True,True,True,True,Eyes,1.455207,0.1200227,-3.131083,0.2126461,0.04923113,0.9758883,0.6779017,1.59936,0.1533965,-2.469527,0.6006887,-0.5998315,-0.5285596,0.05429524,0.09680877,0.6915092,1.398539,0.1192069,-3.139606,0.03234097,0.09992867,-0.07086699,0.9919407,4.492232,11.20147,352.2679,0.4426514,0.03450845,-0.8960293,-0.3265548,-0.009265094,-0.01950859,1.590349,0.1623951,-2.461597,0.04273891,0.1047693,0.6968136,0.9699843,-0.1341281,-0.2028304,0.1470553,0.9878639,0.04999737,0.1936628,-0.07832395,0.9779366,static,0.09939064627894859,7.394268823705752,3.5098272607190304,8.550648244862852,0.19181000000000004,0.04318819999999998,0.6780090000000003,0.0017202675944446716,0.1286962134340343,0.9916825940845798,0.24388606270286617,7.042164835347702,3.5648634668650274,3.601151380709947,3.5974844135425674
2729,05/11/2023 10:04:39.955915,2909,True,True,True,True,Eyes,1.450986,0.1202524,-3.131443,0.2175756,0.04954819,0.974785,0.6776361,1.598423,0.1538281,-2.470894,0.5382953,-0.5711093,-0.6197357,0.05455324,0.09546237,0.6934993,1.389359,0.1191471,-3.140311,0.03015273,0.1054431,-0.07267118,0.991308,4.30735,11.84416,352.0615,0.4405186,0.03453256,-0.8970789,-0.3069615,-0.008709189,-0.01833808,1.590349,0.1623951,-2.461597,0.0435793,0.1031218,0.700276,0.9672012,-0.1377203,-0.2134357,0.1504379,0.9876194,0.04445593,0.2046708,-0.07510664,0.9759451,static,-0.25630312004823314,7.180903883757296,3.561016101878362,8.377100789620938,0.20099,0.04324799999999998,0.6787140000000003,-0.004438232179027904,0.125001331015095,0.9921466274761087,-0.1138601408457684,6.822450324972126,3.9620752587797883,4.000351619506468,3.990194665247673
2730,05/11/2023 10:04:39.975763,2910,True,True,True,True,Eyes,1.446584,0.1205212,-3.131781,0.2228617,0.05004012,0.9735649,0.6776658,1.59761,0.1544317,-2.47203,0.4840969,-0.53092,-0.6955386,0.05352078,0.09300868,0.6959238,1.380605,0.1198564,-3.141013,0.028069,0.1118966,-0.07236787,0.9906837,4.117979,12.60387,352.0991,0.4384931,0.03456227,-0.8980694,-0.2885439,-0.008186637,-0.01723779,1.590349,0.1623951,-2.461597,0.04307038,0.1002005,0.7039264,0.964484,-0.1371057,-0.2257709,0.149669,0.98795,0.03941955,0.2176457,-0.07181043,0.9733825,static,-0.6763223990575945,6.960118996133252,3.5013296492721326,8.101351248751543,0.20974399999999993,0.042538699999999985,0.6794160000000002,-0.011716805207429126,0.1211701271179543,0.9925625835273383,-0.536334698738637,6.594167377322051,4.292150743898451,4.330726000491117,4.309795425480707
2731,05/11/2023 10:04:39.986310,2911,True,True,True,True,Eyes,1.442005,0.1207865,-3.132105,0.2285192,0.05094657,0.9722055,0.6778627,1.59691,0.1553213,-2.473083,0.4373761,-0.4715668,-0.76572,0.05185716,0.08925659,0.6982897,1.371851,0.1211991,-3.141252,0.02565827,0.1191236,-0.07050679,0.9900404,3.876351,13.46131,352.3106,0.4365605,0.03459828,-0.899009,-0.2712312,-0.007695439,-0.01620353,1.590349,0.1623951,-2.461597,0.04185247,0.09568531,0.7074329,0.9616767,-0.1334961,-0.2394925,0.1457221,0.9887409,0.0340074,0.2322562,-0.06760348,0.9703025,static,-1.1466994716483545,6.705063589351711,3.3857318463793624,7.702913364717877,0.21849800000000008,0.04119599999999998,0.6796550000000003,-0.019875522894334918,0.1167354517271457,0.9929642037321338,-1.009453498027427,6.330714988175913,4.6034591160415665,4.640973801567595,4.60440903876628
2732,05/11/2023 10:04:40.005754,2912,True,True,True,True,Eyes,1.437265,0.1210532,-3.132414,0.2343366,0.05188979,0.9707697,0.6782798,1.596211,0.156249,-2.473961,0.3908226,-0.4097341,-0.8242425,0.05151044,0.08553103,0.7009659,1.36306,0.1215749,-3.141614,0.0228826,0.1254707,-0.06677929,0.9895829,3.557266,14.22584,352.7228,0.4347074,0.03463993,-0.8999049,-0.2549573,-0.007233713,-0.01523132,1.590349,0.1623951,-2.461597,0.04199988,0.09116006,0.7111083,0.9595953,-0.1264251,-0.2513835,0.1379095,0.9900339,0.02853076,0.2452711,-0.06204614,0.967467,static,-1.4834603070315002,6.3973838844214574,3.3801089603095633,7.3051514737555,0.22728900000000007,0.04082019999999999,0.6800170000000003,-0.025727274410713846,0.11138667565348435,0.9934440692269271,-1.3480501487575938,6.01702436775638,4.9115067892381,4.947559804031663,4.900485690405024
2733,05/11/2023 10:04:40.026316,2913,True,True,True,True,Eyes,1.432394,0.121307,-3.132712,0.2403296,0.05284145,0.969252,0.6789259,1.59556,0.1571825,-2.474662,0.3473871,-0.3474944,-0.8709591,0.05203672,0.08505207,0.7032837,1.354477,0.1220804,-3.141892,0.02243323,0.1308532,-0.06366193,0.9891014,3.499407,14.86106,353.0912,0.432922,0.03468683,-0.9007634,-0.2396599,-0.00679969,-0.01431744,1.590349,0.1623951,-2.461597,0.04300141,0.08989246,0.7142358,0.9576492,-0.1200653,-0.2617104,0.1318071,0.9908878,0.02771674,0.2559978,-0.06103821,0.9647484,static,-1.721516326690241,6.370143057338248,3.445401154846762,7.173428179736715,0.23587200000000008,0.04031469999999998,0.6802950000000001,-0.029856292156449693,0.11090159948923542,0.9933828124281493,-1.5875972283173068,5.985533206060804,5.191853709328824,5.228986828141701,5.171282934960784
2734,05/11/2023 10:04:40.036346,2914,True,True,True,True,Eyes,1.427437,0.1215743,-3.13301,0.2463381,0.05362985,0.9676991,0.6797544,1.594886,0.1580294,-2.475212,0.3024859,-0.291042,-0.9076326,0.0522795,0.08655582,0.7054812,1.346461,0.1221934,-3.142242,0.02333762,0.1359121,-0.06022881,0.9886131,3.584206,15.45247,353.5139,0.4311942,0.03473814,-0.9015898,-0.2252803,-0.006391709,-0.01345839,1.590349,0.1623951,-2.461597,0.0437535,0.09072128,0.7170985,0.9558008,-0.1127422,-0.2715402,0.1254297,0.9916557,0.02977212,0.2659178,-0.06251541,0.9619665,static,-1.9243539188084675,6.4856160316805544,3.4915523420037213,7.210276399538514,0.2438880000000001,0.04020169999999999,0.6806450000000002,-0.03336533678112594,0.11289089572561786,0.9930471128940421,-1.7918462085296938,6.0973837568347795,5.424632738625921,5.464171783047153,5.399336096036502
2735,05/11/2023 10:04:40.055916,2915,True,True,True,True,Eyes,1.422396,0.1218955,-3.133292,0.2525177,0.05425316,0.9660701,0.6807693,1.594303,0.1588294,-2.475621,0.2635841,-0.2377051,-0.9348903,0.05320695,0.08926062,0.7074823,1.339456,0.122956,-3.142776,0.02551473,0.1397282,-0.05740403,0.9881953,3.811203,15.89253,353.8831,0.4295163,0.03479386,-0.9023882,-0.2117635,-0.006008206,-0.01265089,1.590349,0.1623951,-2.461597,0.0451407,0.09280357,0.7196229,0.9543616,-0.1063225,-0.2790868,0.120583,0.9921076,0.03438515,0.2732282,-0.066469,0.95965,static,-1.9846857752576523,6.75143817947623,3.5893622406790344,7.348385421755035,0.25089300000000003,0.03943909999999999,0.6811790000000002,-0.03439250227003031,0.11749277676890807,0.9924780277124643,-1.8528330726705153,6.362126966677519,5.5629818779813265,5.605921627532085,5.530840403488035
2736,05/11/2023 10:04:40.075816,2916,True,True,True,True,Eyes,1.417237,0.1222209,-3.133579,0.2587913,0.05473123,0.9643814,0.6819341,1.593715,0.159544,-2.475934,0.2244359,-0.1900664,-0.9557737,0.05215198,0.09128124,0.709552,1.332384,0.1245001,-3.143013,0.02713322,0.1447155,-0.05798192,0.9874004,4.034921,16.45965,353.8625,0.4278814,0.03485517,-0.9031622,-0.1990577,-0.005647714,-0.01189183,1.590349,0.1623951,-2.461597,0.04450268,0.09422462,0.7221149,0.9513911,-0.1066495,-0.2889306,0.1223559,0.9918038,0.03680094,0.2826377,-0.07036445,0.9566424,static,-2.2093008815489554,6.980205001475857,3.5265786307812554,7.434194723786635,0.257965,0.037894999999999984,0.681416,-0.038264713334046005,0.12143741777225943,0.9918612274089718,-2.079113621555787,6.586881797976908,5.708016079786246,5.7538179018746565,5.669367232959582
2737,05/11/2023 10:04:40.086313,2917,True,True,True,True,Eyes,1.411964,0.1225823,-3.133883,0.2651157,0.05508487,0.9626418,0.6832262,1.593098,0.1602177,-2.47618,0.1833248,-0.1451673,-0.9722749,0.05240688,0.0940063,0.7123855,1.32432,0.1248093,-3.143699,0.02795764,0.1490867,-0.05988623,0.9866131,4.187648,16.95446,353.6774,0.4262822,0.03492169,-0.9039155,-0.1871142,-0.005308851,-0.01117832,1.590349,0.1623951,-2.461597,0.04522099,0.09636088,0.7253389,0.9483736,-0.1098328,-0.2975302,0.1265053,0.991264,0.03731027,0.2908331,-0.07302321,0.9539831,static,-2.3701971482021147,7.1324337319235305,3.567467248614206,7.5674019125184175,0.26602900000000007,0.03758579999999999,0.682102,-0.04103646555143459,0.12405859724297641,0.9914259353788347,-2.2411910487918725,6.736236734505068,5.904380542274988,5.953575044236038,5.867823000838253
2738,05/11/2023 10:04:40.105977,2918,True,True,True,True,Eyes,1.406603,0.1229833,-3.134177,0.2715024,0.05546991,0.960838,0.6846105,1.592476,0.1609586,-2.476377,0.1418016,-0.09575821,-0.9852526,0.05418956,0.09592611,0.7156158,1.316244,0.1253864,-3.144714,0.02811575,0.1522674,-0.06233343,0.9859711,4.268203,17.31247,353.4152,0.4247121,0.03499397,-0.9046516,-0.1758874,-0.00499032,-0.01050762,1.590349,0.1623951,-2.461597,0.04752369,0.09760831,0.7289486,0.9458584,-0.1143557,-0.3037675,0.1314802,0.9906481,0.03645994,0.2967573,-0.07442533,0.9520483,static,-2.392383394896797,7.226281522086533,3.7301105828990067,7.626703057552922,0.27410500000000004,0.03700869999999998,0.6831170000000002,-0.041411849736591747,0.1256804043705397,0.991206144565206,-2.2636141982272147,6.829687784512584,6.0837855675586745,6.135574130773024,6.046484110402188
2739,05/11/2023 10:04:40.125590,2919,True,True,True,True,Eyes,1.401154,0.1233641,-3.134451,0.2780837,0.05591887,0.9589278,0.6861355,1.591957,0.161732,-2.476497,0.1072433,-0.04420258,-0.9932498,0.05484036,0.09482177,0.7186055,1.308693,0.126676,-3.145021,0.02697138,0.1563059,-0.06351308,0.9852955,4.186575,17.78246,353.2787,0.4231652,0.03507268,-0.9053732,-0.1653341,-0.004690901,-0.009877166,1.590349,0.1623951,-2.461597,0.0486055,0.09575969,0.7322167,0.9430691,-0.1167267,-0.3114411,0.1335899,0.9904773,0.03329462,0.304589,-0.07300451,0.949682,static,-2.479442243513226,7.156356827868672,3.7977968455894158,7.450885727318146,0.2816559999999999,0.035719099999999976,0.683424,-0.04292454096668136,0.12446266502683535,0.9912953740625569,-2.3511574098455497,6.758209096685647,6.232928209717327,6.284144958096454,6.187846099415867
2740,05/11/2023 10:04:40.136973,2920,True,True,True,True,Eyes,1.395609,0.1237035,-3.134704,0.2848256,0.05646827,0.9569147,0.687784,1.591508,0.1625414,-2.476553,0.07725676,0.009757421,-0.9969635,0.05360883,0.09379934,0.7216286,1.301167,0.1269776,-3.145027,0.025354,0.1616709,-0.064207,0.9844273,4.052996,18.41156,353.1937,0.4216381,0.03515662,-0.9060822,-0.1554141,-0.004409447,-0.009284535,1.590349,0.1623951,-2.461597,0.04772815,0.09393442,0.7354285,0.9394799,-0.1182162,-0.3215623,0.1346122,0.9904693,0.02915753,0.3150507,-0.07067914,0.9464394,static,-2.7024077084552376,7.0252280226738755,3.713198496812217,7.278832543916322,0.28918200000000005,0.03541749999999999,0.68343,-0.04679523346619943,0.12217237726422292,0.9914051378557078,-2.575412098784694,6.623100067377838,6.370550832117453,6.420616655295726,6.322705773942119
2741,05/11/2023 10:04:40.155980,2921,True,True,True,True,Eyes,1.389982,0.124017,-3.134942,0.2916715,0.05706771,0.9548146,0.6895517,1.591105,0.1633682,-2.476548,0.05039682,0.06486643,-0.9966205,0.05234617,0.09320331,0.7249931,1.293256,0.1263956,-3.145099,0.02379443,0.1673701,-0.06324634,0.9835756,3.897878,19.08611,353.2971,0.4201256,0.03524416,-0.906781,-0.1460892,-0.00414488,-0.008727463,1.590349,0.1623951,-2.461597,0.04678445,0.09252229,0.7389087,0.9359743,-0.1164501,-0.332252,0.13238,0.9908674,0.02563616,0.3262324,-0.06797834,0.9428422,static,-2.938029565002102,6.880041209833454,3.622880787304103,7.137132669359575,0.29709300000000005,0.03599949999999999,0.6835020000000003,-0.05088769042510376,0.11963579901004934,0.9915127968758041,-2.8123896395246253,6.473707139835584,6.516860602361334,6.565945527459088,6.469377010164162
2742,05/11/2023 10:04:40.175831,2922,True,True,True,True,Eyes,1.384295,0.1243085,-3.135146,0.298606,0.05771982,0.9526294,0.6914185,1.590756,0.164217,-2.476481,0.02717148,0.121464,-0.9922239,0.05239896,0.09259517,0.728368,1.285624,0.1261664,-3.145275,0.02256855,0.1720223,-0.06175576,0.9828964,3.761982,19.63925,353.461,0.4186245,0.03533425,-0.9074715,-0.1373239,-0.003896187,-0.008203815,1.590349,0.1623951,-2.461597,0.04715103,0.09108038,0.7423385,0.9331892,-0.1136344,-0.3409477,0.1291636,0.9913538,0.02311837,0.3353727,-0.06561183,0.9397979,static,-3.0420827893349762,6.775361480866804,3.634367261277971,6.994880652972671,0.3047249999999999,0.036228699999999975,0.683678,-0.05269982969030913,0.11781301189788591,0.9916363833479255,-2.9170003318424818,6.367170204577035,6.631895822834125,6.68005792978262,6.581370506757231
2743,05/11/2023 10:04:40.185928,2923,True,True,True,True,Eyes,1.378566,0.1245749,-3.135324,0.3057132,0.05837122,0.9503328,0.6934033,1.590548,0.1650497,-2.47636,0.01328679,0.1769599,-0.9841284,0.05168757,0.09237169,0.7312735,1.278448,0.1259948,-3.144966,0.02160099,0.1769847,-0.06081418,0.9820955,3.666844,20.22528,353.5674,0.4171328,0.03542601,-0.9081545,-0.1290844,-0.003662416,-0.007711586,1.590349,0.1623951,-2.461597,0.04662794,0.09002244,0.7451992,0.9299561,-0.1118046,-0.3502591,0.1270967,0.9916701,0.02090211,0.3450045,-0.06395484,0.9364197,static,-3.17967389158673,6.706385832835237,3.5803927211834004,6.888135176732434,0.311901,0.0364003,0.6833690000000003,-0.05508893090040973,0.11660410195707574,0.9916495771356947,-3.0553991449483906,6.295738299335453,6.715035484509463,6.762509403549578,6.662181906175373
3046,05/11/2023 10:04:45.239531,3226,True,True,True,True,Eyes,1.687362,-0.009920076,-1.964635,-0.1510134,-0.675046,-0.722155,0.0,0.0,0.0,0.0,0.0,0.0,0.0,2.605142,-0.6259007,-0.2468164,1.821118,-0.0317782,-1.980391,-0.04544373,0.8856415,-0.3518367,-0.2996418,40.57448,221.0456,9.882051,0.6378144,0.0006322385,-0.7701895,0.0,0.0,0.0,1.589131,-0.5389913,-2.465795,-0.1498977,-0.02267024,0.7236825,-0.8162996,0.1303562,0.5627278,-0.2913436,0.7482916,-0.5959687,-0.4987727,-0.650436,-0.5728518,static,-21.794371253390516,-1.8978527376417442,-11.702297140025708,-1.7942736426589572,-0.23198699999999994,-0.5072131,-0.48540399999999995,-0.37110101097993786,-0.03075286845595599,0.9280831287400707,-21.78011088795179,-2.640811931574522,10.087304100213816,10.092605636730562,10.11330593883563
3047,05/11/2023 10:04:45.255557,3227,True,True,True,True,Eyes,1.694479,-0.01065988,-1.965917,-0.158201,-0.6762947,-0.7194427,0.0,0.0,0.0,0.0,0.0,0.0,0.0,2.611368,-0.6291991,-0.2308006,1.828885,-0.03121635,-1.980558,-0.04656461,0.8832897,-0.3572903,-0.2999579,41.23252,221.3281,10.11556,0.6391968,0.0001859926,-0.7690428,0.0,0.0,0.0,1.589131,-0.5389913,-2.465795,-0.1447707,-0.01210237,0.727782,-0.8157139,0.132084,0.5631736,-0.2966042,0.7403508,-0.6032467,-0.4966252,-0.6591165,-0.5647377,static,-21.439805407395475,-1.2170469821712782,-11.250443736258847,-0.9526902529087161,-0.23975400000000002,-0.50777495,-0.4852369999999999,-0.36545206591232504,-0.01977071918450595,0.9306201063891326,-21.423974772840978,-1.953679747804169,10.189627174527429,10.1927903807316,10.222656881710886
3048,05/11/2023 10:04:45.275774,3228,True,True,True,True,Eyes,1.701573,-0.0113224,-1.967257,-0.1656857,-0.6774722,-0.7166446,0.0,0.0,0.0,0.0,0.0,0.0,0.0,2.622588,-0.6131563,-0.2007227,1.834725,-0.02903932,-1.981706,-0.05029393,0.8798715,-0.3616271,-0.3041753,41.83341,222.0346,10.16469,0.6405743,-0.0002433671,-0.7678958,0.0,0.0,0.0,1.589131,-0.5389913,-2.465795,-0.1448757,-0.00498113,0.7305444,-0.809896,0.1314916,0.5716455,-0.3085004,0.7333928,-0.6057744,-0.4988949,-0.6669671,-0.5534067,static,-21.382053278773867,-0.7146425001539869,-11.21690531201629,-0.390658396102473,-0.24559399999999987,-0.50995198,-0.484089,-0.36456050870002177,-0.011614175949872442,0.9311071700292493,-21.36636469890481,-1.4502473244648777,10.168629210658686,10.17030967501746,10.204619274779812
3049,05/11/2023 10:04:45.286139,3229,True,True,True,True,Eyes,1.708733,-0.01196157,-1.968579,-0.1736279,-0.6785859,-0.7137048,0.0,0.0,0.0,0.0,0.0,0.0,0.0,2.639792,-0.5785269,-0.1563368,1.841554,-0.02781152,-1.98382,-0.05335508,0.8770384,-0.3602,-0.3133893,41.7023,223.2191,10.19713,0.6419443,-0.0006542185,-0.7667508,0.0,0.0,0.0,1.589131,-0.5389913,-2.465795,-0.1496341,-0.006609887,0.7313598,-0.7978808,0.1321767,0.5881458,-0.3193545,0.7348184,-0.5983766,-0.5112718,-0.6652603,-0.5440863,static,-21.775432595696778,-0.9948684623270327,-11.562971440763036,-0.5178139640384787,-0.25242299999999984,-0.51117978,-0.48197500000000004,-0.3709214580193219,-0.01612426525737514,0.9285242554349294,-21.76196893942571,-1.7374953060992921,10.22013387904669,10.223597401862417,10.271668440613665
3050,05/11/2023 10:04:45.306334,3230,True,True,True,True,Eyes,1.715955,-0.01251295,-1.969882,-0.1815018,-0.6798731,-0.7105137,0.0,0.0,0.0,0.0,0.0,0.0,0.0,2.653146,-0.5581633,-0.1089337,1.850598,-0.02774826,-1.984215,-0.05415203,0.8737559,-0.3610974,-0.3212898,41.74518,224.4345,10.61203,0.6433093,-0.001047618,-0.7656054,0.0,0.0,0.0,1.589131,-0.5389913,-2.465795,-0.1535134,-0.002379745,0.73354,-0.7876811,0.1374025,0.600566,-0.3266652,0.7333524,-0.5962249,-0.5223494,-0.6658189,-0.5327634,static,-22.160804683688447,-0.9694937983441828,-11.820124331088454,-0.18587788869208038,-0.2614669999999999,-0.51124304,-0.4815799999999999,-0.3771610151744279,-0.015670467252630917,0.926015150244973,-22.14982539131827,-1.7190016551479759,10.36490927260764,10.370329023155794,10.44285365582535
3051,05/11/2023 10:04:45.325517,3231,True,True,True,True,Eyes,1.723194,-0.01294291,-1.971241,-0.1895592,-0.680888,-0.7074312,0.0,0.0,0.0,0.0,0.0,0.0,0.0,2.661132,-0.5573792,-0.07316828,1.859455,-0.0260071,-1.984791,-0.05363254,0.8707932,-0.3646618,-0.3253686,42.06635,225.2853,11.17637,0.6446707,-0.001421829,-0.7644588,0.0,0.0,0.0,1.589131,-0.5389913,-2.465795,-0.1536604,0.004488707,0.7375366,-0.7825178,0.1438933,0.605773,-0.3307047,0.7282906,-0.6001893,-0.5275421,-0.6699907,-0.5223141,static,-22.222131732903097,-0.5325129346112686,-11.768805764747377,0.3487024118459186,-0.270324,-0.5129842,-0.481004,-0.3781844096819955,-0.008603709962778754,0.9256903316068701,-22.211987713747487,-1.2831185982046562,10.486468158340086,10.49040343758763,10.569904873212634
3052,05/11/2023 10:04:45.336539,3232,True,True,True,True,Eyes,1.730429,-0.0132892,-1.97261,-0.1976008,-0.681535,-0.7046019,0.0,0.0,0.0,0.0,0.0,0.0,0.0,2.669805,-0.5534903,-0.04992843,1.867235,-0.02344471,-1.987356,-0.05324613,0.8695081,-0.3648139,-0.3286815,42.02226,225.8167,11.43011,0.6460273,-0.001774007,-0.7633119,0.0,0.0,0.0,1.589131,-0.5389913,-2.465795,-0.1515141,0.003832519,0.740988,-0.778267,0.1472193,0.6104323,-0.332411,0.7281514,-0.5994152,-0.5327325,-0.6694193,-0.517759,static,-22.12777719526277,-0.5088516337069988,-11.556299054188068,0.29634110882788306,-0.2781039999999999,-0.5155465899999999,-0.47843900000000006,-0.37666063140232825,-0.008226943667706967,0.9263147175872453,-22.117055259588145,-1.257772741355982,10.598793473283813,10.602098162149371,10.674494905578884
3053,05/11/2023 10:04:45.355668,3233,True,True,True,True,Eyes,1.73769,-0.01363566,-1.97401,-0.2059038,-0.6817927,-0.7019703,0.0,0.0,0.0,0.0,0.0,0.0,0.0,2.681179,-0.5283185,-0.03758621,1.874527,-0.02184479,-1.988698,-0.05484812,0.8700839,-0.3595548,-0.3326654,41.46617,226.0459,11.06199,0.6473783,-0.002103028,-0.7621657,0.0,0.0,0.0,1.589131,-0.5389913,-2.465795,-0.1488481,-0.003706872,0.7445424,-0.772651,0.143778,0.6183354,-0.3346678,0.735424,-0.5891934,-0.5394518,-0.6621777,-0.5201084,static,-21.90412841554446,-1.1672664189246695,-11.30546461213685,-0.28525758365137066,-0.285396,-0.51714651,-0.4770969999999999,-0.3729879857754234,-0.01890116646697962,0.9276436121071497,-21.89131063173003,-1.9121900294909016,10.628226148118573,10.635300372023481,10.7101374936955
3054,05/11/2023 10:04:45.366436,3234,True,True,True,True,Eyes,1.744998,-0.01400062,-1.975433,-0.2142487,-0.6819236,-0.699341,0.0,0.0,0.0,0.0,0.0,0.0,0.0,2.693918,-0.499293,-0.01356769,1.882615,-0.02228643,-1.990461,-0.0572611,0.8689072,-0.3569119,-0.3381353,41.22141,226.6261,10.87116,0.6487236,-0.002411211,-0.7610199,0.0,0.0,0.0,1.589131,-0.5389913,-2.465795,-0.1475946,-0.005214691,0.7464905,-0.7647715,0.1418599,0.6284907,-0.3408782,0.7386701,-0.5815225,-0.5467421,-0.6589706,-0.5165569,static,-21.871292728825345,-1.4819302974523134,-11.184156676582273,-0.400239421508625,-0.29348399999999986,-0.51670487,-0.4753339999999999,-0.3724155672716351,-0.02400134915453543,0.927755741810396,-21.85794572753797,-2.226265602637492,10.73081775935762,10.7417378552194,10.828857018100747
3055,05/11/2023 10:04:45.386486,3235,True,True,True,True,Eyes,1.752355,-0.01438996,-1.976872,-0.2226844,-0.6820529,-0.6965742,0.0,0.0,0.0,0.0,0.0,0.0,0.0,2.704301,-0.482367,0.01320052,1.891235,-0.02300063,-1.992186,-0.05745083,0.8677082,-0.3549946,-0.3431628,40.95707,227.2701,10.98776,0.6500638,-0.00270131,-0.7598745,0.0,0.0,0.0,1.589131,-0.5389913,-2.465795,-0.1466812,-0.005709529,0.7485117,-0.7578771,0.1439407,0.6363198,-0.3433429,0.7413566,-0.5766333,-0.5547408,-0.6554933,-0.5124362,static,-21.88796524510853,-1.6993681791842015,-11.087398361614214,-0.4370346787063371,-0.30210399999999993,-0.51599067,-0.47360899999999995,-0.37265172178463446,-0.027519195757003137,0.9275632078857187,-21.87450366917608,-2.443999776601619,10.85958213233836,10.874085288945585,10.972217178884092
3056,05/11/2023 10:04:45.406245,3236,True,True,True,True,Eyes,1.759737,-0.01479694,-1.978314,-0.2310091,-0.6822552,-0.6936589,0.0,0.0,0.0,0.0,0.0,0.0,0.0,2.712228,-0.476692,0.04334474,1.899932,-0.02385159,-1.993738,-0.05672491,0.8655726,-0.3562776,-0.3473222,41.00856,228.0068,11.41027,0.651399,-0.002975892,-0.7587292,0.0,0.0,0.0,1.589131,-0.5389913,-2.465795,-0.1460005,-0.001059353,0.7506573,-0.752299,0.1492871,0.6416847,-0.3456852,0.7396972,-0.5773644,-0.5608455,-0.6561717,-0.5048671,static,-21.918333464727255,-1.5015903142507974,-11.006435501819666,-0.0808576904808636,-0.3108009999999999,-0.5151397099999999,-0.47205699999999995,-0.3731743249271796,-0.024311700848677953,0.9274426646300291,-21.905266595138972,-2.246765409302972,10.989560940164056,11.00399919761679,11.111960918179873
3057,05/11/2023 10:04:45.425798,3237,True,True,True,True,Eyes,1.767151,-0.01522138,-1.979754,-0.2393634,-0.6825531,-0.6905262,0.0,0.0,0.0,0.0,0.0,0.0,0.0,2.718567,-0.4754526,0.0699029,1.908032,-0.02450439,-1.995084,-0.05563737,0.863627,-0.3579862,-0.3505696,41.0975,228.6472,11.8615,0.6527298,-0.00323721,-0.7575836,0.0,0.0,0.0,1.589131,-0.5389913,-2.465795,-0.1449284,0.003949165,0.7529564,-0.7480109,0.1548983,0.6453574,-0.347098,0.7375007,-0.5793234,-0.5656878,-0.6573424,-0.4978938,static,-21.863243274875632,-1.2510131335443848,-10.894999629248595,0.30050665925507525,-0.3189009999999999,-0.5144869099999999,-0.4707109999999999,-0.37231601822494,-0.020262933498741365,0.927884799188327,-21.850079557739477,-1.9952061985735767,11.063876845169464,11.077435729323208,11.193036842842233
3058,05/11/2023 10:04:45.436141,3238,True,True,True,True,Eyes,1.7746,-0.01563646,-1.981193,-0.2475152,-0.6831089,-0.6870941,0.0,0.0,0.0,0.0,0.0,0.0,0.0,2.726244,-0.4644668,0.09969497,1.916382,-0.02529179,-1.996226,-0.05645742,0.8608912,-0.3605213,-0.3545468,41.35883,229.3819,12.18582,0.6540563,-0.003487105,-0.7564375,0.0,0.0,0.0,1.589131,-0.5389913,-2.465795,-0.144262,0.01126379,0.7553389,-0.7422184,0.1584359,0.6511605,-0.3528507,0.733674,-0.5807055,-0.5697441,-0.6607727,-0.4886421,static,-21.83705710996118,-0.9162618133438072,-10.812690690607932,0.8543447145264017,-0.32725099999999996,-0.5136995099999999,-0.4695689999999999,-0.3719272621764352,-0.014843930737299796,0.9281431005589968,-21.824066476299667,-1.6599894728358895,11.15271003058131,11.165648320841031,11.294789643878149
3059,05/11/2023 10:04:45.456297,3239,True,True,True,True,Eyes,1.782091,-0.01603681,-1.982659,-0.2557343,-0.6837866,-0.6834003,0.0,0.0,0.0,0.0,0.0,0.0,0.0,2.734869,-0.4454505,0.1309729,1.924894,-0.02548768,-1.997303,-0.05935762,0.8572837,-0.364523,-0.3586985,41.88072,230.1667,12.38872,0.6553787,-0.003726289,-0.7552909,0.0,0.0,0.0,1.589131,-0.5389913,-2.465795,-0.1434313,0.02141416,0.7582064,-0.7356245,0.1597351,0.658287,-0.3632803,0.7271993,-0.5824162,-0.5717381,-0.6675822,-0.476917,static,-21.776146073504666,-0.3900999815003193,-10.712163349513112,1.617784961417444,-0.33576300000000003,-0.5135036199999999,-0.4684919999999999,-0.370973853686835,-0.006322646577624491,0.9286218501613738,-21.76330148159277,-1.132743449740019,11.233680465151467,11.244701670599333,11.388286111390487
3060,05/11/2023 10:04:45.475861,3240,True,True,True,True,Eyes,1.789645,-0.0164203,-1.984152,-0.2638143,-0.6845765,-0.6795272,0.0,0.0,0.0,0.0,0.0,0.0,0.0,2.743757,-0.4239342,0.1669147,1.933679,-0.02553307,-1.999003,-0.06223566,0.85334,-0.3682419,-0.3637797,42.35724,231.0914,12.63994,0.6566974,-0.003955237,-0.7541435,0.0,0.0,0.0,1.589131,-0.5389913,-2.465795,-0.1435455,0.03090703,0.7607147,-0.7275822,0.1617015,0.666691,-0.3741342,0.7210494,-0.5831908,-0.5750199,-0.6737511,-0.4641246,static,-21.825770289471592,0.08533129658054815,-10.685961480857625,2.326587033830099,-0.34454799999999985,-0.5134582299999999,-0.4667919999999999,-0.3717850880073871,0.0013825560835946382,0.9283178990252183,-21.813725379467733,-0.6582012704281599,11.353329189112639,11.363035139091464,11.521114989637388
3061,05/11/2023 10:04:45.491711,3241,True,True,True,True,Eyes,1.797263,-0.016745,-1.985671,-0.2719415,-0.685083,-0.6758025,0.0,0.0,0.0,0.0,0.0,0.0,0.0,2.752966,-0.4022592,0.1964693,1.942979,-0.0255114,-2.000854,-0.06475992,0.8504139,-0.3701489,-0.3682289,42.6293,231.8198,12.75601,0.6580127,-0.004174271,-0.7529949,0.0,0.0,0.0,1.589131,-0.5389913,-2.465795,-0.1419744,0.03749716,0.7638561,-0.7204276,0.1624535,0.6742353,-0.3827444,0.7175919,-0.5818665,-0.578352,-0.6772523,-0.4547949,static,-21.779524261865802,0.3517376139861935,-10.529152214777453,2.8103536391177952,-0.35384799999999994,-0.5134799,-0.46494100000000005,-0.37102995492542973,0.0057007485392612245,0.9286033541462285,-21.767455012099518,-0.39097093792908555,11.50634096202367,11.515887458504483,11.685372429319543
3062,05/11/2023 10:04:45.506193,3242,True,True,True,True,Eyes,1.804945,-0.01704755,-1.987185,-0.2798469,-0.6854665,-0.6721767,0.0,0.0,0.0,0.0,0.0,0.0,0.0,2.763572,-0.3737956,0.2144132,1.952341,-0.02459925,-2.002695,-0.06860632,0.8487061,-0.3699984,-0.371608,42.76781,232.1926,12.4716,0.6593249,-0.004382104,-0.751845,0.0,0.0,0.0,1.589131,-0.5389913,-2.465795,-0.1376926,0.04069683,0.7683529,-0.7144014,0.1585355,0.6815403,-0.3914419,0.7167888,-0.5770504,-0.5800034,-0.6790289,-0.4500174,static,-21.522712960481247,0.37502006129178733,-10.159841093671359,3.0319137647346666,-0.36321000000000003,-0.51439205,-0.46309999999999985,-0.36686325250326807,0.00608891754675582,0.9302550215562303,-21.509028974510716,-0.36310325349837896,11.658849638185792,11.669359074642191,11.846105102888584
3063,05/11/2023 10:04:45.526258,3243,True,True,True,True,Eyes,1.81269,-0.01731782,-1.9887,-0.2878575,-0.6855277,-0.6687225,0.0,0.0,0.0,0.0,0.0,0.0,0.0,2.774656,-0.3390133,0.2253578,1.961751,-0.02459037,-2.003835,-0.07302838,0.8479311,-0.3678443,-0.3746604,42.72926,232.356,11.92521,0.6606349,-0.004578933,-0.7506931,0.0,0.0,0.0,1.589131,-0.5389913,-2.465795,-0.132379,0.04204354,0.7730256,-0.7085932,0.1517873,0.6890984,-0.3994794,0.7187148,-0.5690916,-0.5816461,-0.678535,-0.4486406,static,-21.155339384480293,0.17561271797540323,-9.717521300589457,3.1131521944623106,-0.37261999999999995,-0.51440093,-0.4619599999999999,-0.3608962539344867,0.0028584515176288683,0.9326015617243872,-21.13910902404403,-0.5559498306283658,11.795295985602582,11.809014382923715,11.996456801701603
3064,05/11/2023 10:04:45.535903,3244,True,True,True,True,Eyes,1.820508,-0.01758739,-1.990194,-0.2958483,-0.6854788,-0.6652764,0.0,0.0,0.0,0.0,0.0,0.0,0.0,2.785275,-0.3010284,0.2418742,1.971316,-0.0243485,-2.005043,-0.07812574,0.846216,-0.3669254,-0.3783922,42.85307,232.6882,11.44451,0.6619437,-0.004764677,-0.7495381,0.0,0.0,0.0,1.589131,-0.5389913,-2.465795,-0.1282669,0.04575986,0.7776042,-0.7014316,0.1454609,0.6977358,-0.4099059,0.7185243,-0.5618719,-0.5830704,-0.6801206,-0.4443704,static,-20.878123122136746,0.15557101011629457,-9.366674198270513,3.3678144215069343,-0.382185,-0.5146428,-0.46075199999999983,-0.3563801412874611,0.0025369444460125734,0.9343376526010807,-20.860103824600873,-0.5710416907918245,11.93545699826182,11.951232742307532,12.149630119834997
3065,05/11/2023 10:04:45.556004,3245,True,True,True,True,Eyes,1.820508,-0.01758739,-1.990194,-0.2958483,-0.6854788,-0.6652764,0.0,0.0,0.0,0.0,0.0,0.0,0.0,2.79374,-0.2677867,0.2674634,1.981106,-0.02467279,-2.005701,-0.08098374,0.8446432,-0.3645696,-0.3835478,42.68635,233.2358,11.20619,0.6632524,-0.004940329,-0.7483792,0.0,0.0,0.0,1.589131,-0.5389913,-2.465795,-0.1272382,0.04716045,0.7819464,-0.6926658,0.142855,0.7069703,-0.4164644,0.7210613,-0.5537401,-0.5888734,-0.6779846,-0.4399604,static,-21.304966284056047,-0.1643190354497582,-9.24215815983553,3.4514201935384667,-0.39197499999999996,-0.51431851,-0.4600939999999998,-0.36333070570844117,-0.0026719125040151753,0.9316564546184751,-21.289345098174916,-0.8985510006797056,12.5705592354141,12.5930500679464,12.808472294455065
3066,05/11/2023 10:04:45.576040,3246,True,True,True,True,Eyes,1.820508,-0.01758739,-1.990194,-0.2958483,-0.6854788,-0.6652764,0.0,0.0,0.0,0.0,0.0,0.0,0.0,2.802022,-0.2373456,0.2917538,1.991085,-0.02415746,-2.006931,-0.08396711,0.8428875,-0.3631584,-0.3880806,42.63888,233.7472,10.99631,0.6644281,-0.005098362,-0.7473345,0.0,0.0,0.0,1.589131,-0.5389913,-2.465795,-0.1252098,0.04943049,0.7868015,-0.6846865,0.1403198,0.715203,-0.4234191,0.722131,-0.5470314,-0.5932296,-0.6773754,-0.4350192,static,-21.680894549320097,-0.35828761136922466,-9.042098871759922,3.5948598784742636,-0.4019539999999999,-0.51483384,-0.45886400000000016,-0.3694306939928813,-0.005810891867385315,0.9292401660124974,-21.667474600732422,-1.0992305602622974,13.214803641137639,13.24260288823801,13.46976604640058
3067,05/11/2023 10:04:45.586148,3247,True,True,True,True,Eyes,1.829108,-0.01785414,-1.99177,-0.305185,-0.6849088,-0.6616359,0.0,0.0,0.0,0.0,0.0,0.0,0.0,2.807207,-0.2114068,0.3268147,2.0001,-0.02436844,-2.007713,-0.08436883,0.8414446,-0.3593189,-0.3946428,42.16632,234.5117,11.01531,0.6654848,-0.00524059,-0.7463927,0.0,0.0,0.0,1.589131,-0.5389913,-2.465795,-0.1277783,0.04698789,0.7905919,-0.674278,0.1416219,0.7247708,-0.4255887,0.7275436,-0.5381027,-0.6035095,-0.671285,-0.430294,static,-21.763806940153298,-0.7643772008159334,-9.18095666029598,3.40130542911519,-0.41096900000000014,-0.5146228599999999,-0.4580820000000001,-0.3707527908081006,-0.012389746806747953,0.9286489514306896,-21.7505033199706,-1.5067979483253517,13.218285009903063,13.254472186345833,13.493812730039672
3068,05/11/2023 10:04:45.606062,3248,True,True,True,True,Eyes,1.837722,-0.01817393,-1.993321,-0.3147624,-0.6842013,-0.6578702,0.0,0.0,0.0,0.0,0.0,0.0,0.0,2.810426,-0.1932001,0.3676887,2.009309,-0.0247444,-2.008252,-0.08361071,0.8393139,-0.3571367,-0.4012666,41.80519,235.4376,11.31579,0.6665805,-0.005376798,-0.7454134,0.0,0.0,0.0,1.589131,-0.5389913,-2.465795,-0.1317368,0.04712072,0.7942103,-0.6639889,0.1462628,0.7332982,-0.4269653,0.7309253,-0.5323992,-0.6138564,-0.6665999,-0.4228772,static,-21.93374045170085,-0.9548056464650813,-9.417984373596786,3.3953943894183984,-0.42017799999999994,-0.5142469,-0.4575429999999998,-0.37348947182187864,-0.01545785026087415,0.9275056100784602,-21.921327469442947,-1.7002593472773593,13.207532379449084,13.250222283373189,13.50182489801824
3069,05/11/2023 10:04:45.625982,3249,True,True,True,True,Eyes,1.837722,-0.01817393,-1.993321,-0.3147624,-0.6842013,-0.6578702,0.0,0.0,0.0,0.0,0.0,0.0,0.0,2.812087,-0.1714567,0.416429,2.018587,-0.02610771,-2.008796,-0.08260056,0.8366588,-0.3543845,-0.409379,41.34775,236.5646,11.67684,0.6677109,-0.005509507,-0.7444,0.0,0.0,0.0,1.589131,-0.5389913,-2.465795,-0.1380845,0.04699865,0.7969025,-0.6511722,0.1519382,0.7435657,-0.4283721,0.7351776,-0.5253678,-0.6264763,-0.6606275,-0.4136412,static,-22.84628243073598,-1.4021031271420703,-9.830404276611922,3.3752042249716694,-0.42945600000000006,-0.51288359,-0.45699900000000016,-0.3881613900221443,-0.022550303731983135,0.9213154761107413,-22.839236740485443,-2.1638474656962323,13.805531781586168,13.864910733919777,14.138982131151469
3070,05/11/2023 10:04:45.636567,3250,True,True,True,True,Eyes,1.837722,-0.01817393,-1.993321,-0.3147624,-0.6842013,-0.6578702,0.0,0.0,0.0,0.0,0.0,0.0,0.0,2.81304,-0.1465586,0.4611783,2.028134,-0.02729177,-2.008304,-0.0830999,0.8334262,-0.3536833,-0.4164174,41.20433,237.6115,11.97034,0.6687269,-0.005628938,-0.7434864,0.0,0.0,0.0,1.589131,-0.5389913,-2.465795,-0.1435966,0.05155313,0.800362,-0.639382,0.1560445,0.7528883,-0.433075,0.7360051,-0.5203292,-0.6353241,-0.6587463,-0.4030094,static,-23.636958099476523,-1.5605940922259698,-10.171480133592404,3.685459697656152,-0.43900300000000003,-0.5116995299999999,-0.4574910000000001,-0.4008152173000916,-0.02495079772431162,0.9158190905943656,-23.63479568353039,-2.336454991030218,14.377469203531382,14.451303651091388,14.748705777627357
3071,05/11/2023 10:04:45.655978,3251,True,True,True,True,Eyes,1.837722,-0.01817393,-1.993321,-0.3147624,-0.6842013,-0.6578702,0.0,0.0,0.0,0.0,0.0,0.0,0.0,2.816523,-0.1109421,0.4935088,2.035486,-0.02429503,-2.011185,-0.08825425,0.829225,-0.3560394,-0.4217027,41.67525,238.4516,11.89225,0.6696402,-0.005736409,-0.7426631,0.0,0.0,0.0,1.589131,-0.5389913,-2.465795,-0.145085,0.05777287,0.8040074,-0.6287562,0.1539203,0.7622168,-0.4466508,0.7308943,-0.5160394,-0.6365288,-0.6649076,-0.3908057,static,-24.137332932829427,-1.2559460846459107,-10.229074396861947,4.109989678673507,-0.44635500000000006,-0.51469627,-0.4546100000000002,-0.40884333978577747,-0.02000305021390618,0.9123853291885182,-24.1386723434017,-2.0407431740240467,14.836766639465749,14.907478731139705,15.208827359781422
3072,05/11/2023 10:04:45.675847,3252,True,True,True,True,Eyes,1.837722,-0.01817393,-1.993321,-0.3147624,-0.6842013,-0.6578702,0.0,0.0,0.0,0.0,0.0,0.0,0.0,2.820204,-0.05589175,0.5341532,2.041143,-0.02088501,-2.018735,-0.09475026,0.8251569,-0.3529391,-0.4307815,41.61282,239.4767,11.39477,0.6704612,-0.005833118,-0.7419212,0.0,0.0,0.0,1.589131,-0.5389913,-2.465795,-0.1481221,0.05229995,0.8049445,-0.6108997,0.1477116,0.7778068,-0.4604469,0.7329128,-0.5008268,-0.6440425,-0.6640934,-0.3797229,static,-24.874114307275452,-1.7084128441597268,-10.426656190524849,3.717474119287833,-0.45201199999999986,-0.51810629,-0.44706,-0.42047206473466686,-0.027049508163791508,0.906902174608349,-24.879694447285022,-2.506362318161798,15.349902434879628,15.432734539781764,15.736151208332323
3073,05/11/2023 10:04:45.686063,3253,True,True,True,True,Eyes,1.847832,-0.01854558,-1.995309,-0.3259674,-0.6844687,-0.6521103,0.0,0.0,0.0,0.0,0.0,0.0,0.0,2.814188,-0.016756,0.612906,2.052897,-0.02787229,-2.020005,-0.09313308,0.820112,-0.3481537,-0.4444452,40.8314,241.3725,11.95338,0.6711993,-0.00592013,-0.7412529,0.0,0.0,0.0,1.589131,-0.5389913,-2.465795,-0.1614786,0.05368394,0.803799,-0.5875896,0.1567113,0.793839,-0.4622296,0.7402305,-0.488265,-0.6641405,-0.6538352,-0.3625151,static,-25.702990787177708,-2.390568272029185,-11.359190285584368,3.8209825920431406,-0.4637660000000001,-0.5111190099999999,-0.44579000000000013,-0.43339959069560446,-0.03759019540155241,0.9004175489755271,-25.713165811622826,-3.2033130206556613,15.502898232590502,15.63099411318637,15.980530099364373
3074,05/11/2023 10:04:45.705963,3254,True,True,True,True,Eyes,1.857654,-0.01868972,-1.997543,-0.3364393,-0.6848475,-0.6463687,0.0,0.0,0.0,0.0,0.0,0.0,0.0,2.817721,-0.03596985,0.6385915,2.0665,-0.02725309,-2.019276,-0.09185789,0.8149891,-0.3622695,-0.4428498,42.20999,242.2137,13.35888,0.6720287,-0.006010071,-0.7405003,0.0,0.0,0.0,1.589131,-0.5389913,-2.465795,-0.1575338,0.08319926,0.8108,-0.5908926,0.1711356,0.78839,-0.4705883,0.7206458,-0.5091329,-0.6552808,-0.6718499,-0.34529,static,-25.340759935334944,-0.3880296797557791,-10.995250124794143,5.85883075070687,-0.47736899999999993,-0.51173821,-0.4465189999999999,-0.4279928972352624,-0.006120723018184976,0.9037613699679415,-25.35065881845621,-1.194319632093924,15.56861187186166,15.646626376379105,15.99452059564373
3075,05/11/2023 10:04:45.726048,3255,True,True,True,True,Eyes,1.857654,-0.01868972,-1.997543,-0.3364393,-0.6848475,-0.6463687,0.0,0.0,0.0,0.0,0.0,0.0,0.0,2.827414,-0.01894832,0.63151,2.069477,-0.02221245,-2.027363,-0.09708185,0.8137644,-0.364576,-0.442094,42.7809,242.1146,12.93959,0.6729286,-0.006094218,-0.739682,0.0,0.0,0.0,1.589131,-0.5389913,-2.465795,-0.1479017,0.08358896,0.8131137,-0.5902562,0.1643503,0.7903081,-0.4803572,0.7153189,-0.5075193,-0.6487332,-0.6791965,-0.3432746,static,-25.13799577427201,-0.014481205007061317,-10.309133085692169,5.869449270640252,-0.48034599999999994,-0.5167788499999999,-0.43843200000000015,-0.4247998468910683,-0.0002288065698242414,0.9052872665122979,-25.146980638361043,-0.8171531865544036,15.895107658037913,15.953551531837874,16.274900073942185
3076,05/11/2023 10:04:45.736713,3256,True,True,True,True,Eyes,1.857654,-0.01868972,-1.997543,-0.3364393,-0.6848475,-0.6463687,0.0,0.0,0.0,0.0,0.0,0.0,0.0,2.827967,-0.014094,0.6504891,2.075607,-0.0244083,-2.027806,-0.09375228,0.8154792,-0.3565767,-0.4461584,41.6991,242.2551,12.78855,0.6737376,-0.006169939,-0.7389445,0.0,0.0,0.0,1.589131,-0.5389913,-2.465795,-0.1487897,0.07256687,0.8160176,-0.5843064,0.1652734,0.7945256,-0.4710855,0.7281271,-0.497905,-0.6608061,-0.6652185,-0.3475914,static,-25.482289819400908,-1.1637131374956586,-10.333584642113129,5.081835148395155,-0.48647600000000013,-0.5145829999999999,-0.43798899999999996,-0.43015976974984027,-0.0183342131626745,0.9025665772101805,-25.492303447523568,-1.9725251341537242,16.297301291715225,16.385668797451608,16.71977137455854
3077,05/11/2023 10:04:45.755961,3257,True,True,True,True,Eyes,1.857654,-0.01868972,-1.997543,-0.3364393,-0.6848475,-0.6463687,0.0,0.0,0.0,0.0,0.0,0.0,0.0,2.828626,0.03247118,0.6798897,2.083321,-0.02522551,-2.030656,-0.09960625,0.8111084,-0.357859,-0.4517952,42.10782,243.1016,12.59509,0.6744654,-0.00623812,-0.7382797,0.0,0.0,0.0,1.589131,-0.5389913,-2.465795,-0.150416,0.08111572,0.8175088,-0.5719197,0.161775,0.8041996,-0.4849408,0.724031,-0.4905216,-0.6616197,-0.6705281,-0.3356364,static,-25.991515853446867,-0.9969586180480102,-10.425427595895261,5.66651479184552,-0.49419000000000013,-0.51376579,-0.43513899999999994,-0.43818444937930123,-0.015640000253073855,0.8987490060604644,-26.004947661364735,-1.8148639583088704,16.83732484752894,16.932364912387285,17.282721819019933
3078,05/11/2023 10:04:45.776365,3258,True,True,True,True,Eyes,1.857654,-0.01868972,-1.997543,-0.3364393,-0.6848475,-0.6463687,0.0,0.0,0.0,0.0,0.0,0.0,0.0,2.834334,0.06125116,0.684021,2.090336,-0.02451482,-2.033464,-0.1043582,0.8094628,-0.3588092,-0.4529191,42.48653,243.222,12.21879,0.6751196,-0.006299459,-0.7376809,0.0,0.0,0.0,1.589131,-0.5389913,-2.465795,-0.1450185,0.08704692,0.8210933,-0.5679477,0.156075,0.8081315,-0.4939711,0.7207307,-0.4863537,-0.6583529,-0.6754169,-0.3322408,static,-25.98881413226793,-0.830923630352806,-10.016078793722825,6.051519160311886,-0.5012050000000001,-0.5144764799999999,-0.432331,-0.4381584334337803,-0.013035675850748246,0.898803235166852,-26.002397414012897,-1.6487817978339971,17.29989270073149,17.392420560749443,17.744210827068514
3079,05/11/2023 10:04:45.786036,3259,True,True,True,True,Eyes,1.86834,-0.01895239,-2.000323,-0.3479775,-0.6842465,-0.6408731,0.0,0.0,0.0,0.0,0.0,0.0,0.0,2.836937,0.09386814,0.6980524,2.095839,-0.02517749,-2.03743,-0.1081048,0.8078332,-0.3567077,-0.4565946,42.45731,243.555,11.81643,0.675708,-0.006354659,-0.7371415,0.0,0.0,0.0,1.589131,-0.5389913,-2.465795,-0.1430814,0.08709681,0.8223114,-0.5596697,0.1510803,0.8148282,-0.5004029,0.7221459,-0.4776005,-0.6605808,-0.6750408,-0.3285622,static,-25.522588166275334,-0.8835420556239428,-9.87058985207264,6.046058959294132,-0.5067079999999997,-0.5138138099999999,-0.4283649999999999,-0.43082516479120414,-0.013915649978226904,0.90232808647433,-25.533143573285187,-1.693075382473015,17.02422156891297,17.117371920179732,17.47025441800401
3080,05/11/2023 10:04:45.806037,3260,True,True,True,True,Eyes,1.878855,-0.01927884,-2.003144,-0.3592274,-0.6834692,-0.6354727,0.0,0.0,0.0,0.0,0.0,0.0,0.0,2.840928,0.1249022,0.709415,2.102098,-0.02601137,-2.042117,-0.1112269,0.8072054,-0.3526459,-0.460097,42.19574,243.73,11.2818,0.6763967,-0.006411603,-0.7365092,0.0,0.0,0.0,1.589131,-0.5389913,-2.465795,-0.1391914,0.08371302,0.8242598,-0.551879,0.1449368,0.8212328,-0.5040685,0.7265389,-0.466965,-0.6643381,-0.6716655,-0.3279036,static,-25.00864604498083,-1.185378124470226,-9.58501650895359,5.799158050767733,-0.5129669999999997,-0.51297993,-0.4236779999999998,-0.42268071922279393,-0.01874843642282642,0.9060847258582889,-25.015615926712574,-1.9857330337792862,16.833312073731094,16.931393730222553,17.283168910521113
3081,05/11/2023 10:04:45.825755,3261,True,True,True,True,Eyes,1.889151,-0.01964071,-2.005998,-0.3711635,-0.6815572,-0.6306484,0.0,0.0,0.0,0.0,0.0,0.0,0.0,2.844208,0.1451303,0.7223527,2.108673,-0.02793133,-2.04575,-0.1126016,0.8065194,-0.3499922,-0.4629829,41.97575,243.9651,11.0469,0.6771699,-0.006472385,-0.7357979,0.0,0.0,0.0,1.589131,-0.5389913,-2.465795,-0.1359648,0.08318236,0.8259164,-0.5459359,0.1424501,0.8256285,-0.5057114,0.7296528,-0.4602858,-0.6679899,-0.668816,-0.3263049,static,-24.532870827300076,-1.21685575213511,-9.348353404069352,5.751164166028816,-0.519542,-0.5110599699999999,-0.420045,-0.41513771532630106,-0.019320126676559815,0.9095533931801423,-24.536773393807664,-2.0087154539620236,16.611155927994393,16.70697072949871,17.05590318632911
3082,05/11/2023 10:04:45.836494,3262,True,True,True,True,Eyes,1.899208,-0.01999968,-2.008902,-0.3827077,-0.6797944,-0.6256312,0.0,0.0,0.0,0.0,0.0,0.0,0.0,2.846572,0.166675,0.7344308,2.114398,-0.02977352,-2.049043,-0.1149596,0.8047817,-0.3500161,-0.4654026,42.09625,244.3004,10.93534,0.6780134,-0.006537912,-0.7350202,0.0,0.0,0.0,1.589131,-0.5389913,-2.465795,-0.1335655,0.08752638,0.8266737,-0.5403694,0.140762,0.8295704,-0.5108315,0.7285461,-0.4563679,-0.6686195,-0.6703779,-0.3217783,static,-24.074999411559226,-0.8939151023353119,-9.177952934829902,6.0438333212766935,-0.5252669999999999,-0.50921778,-0.4167519999999998,-0.4078907279071554,-0.014244310455410247,0.9129196361296599,-24.076309013438394,-1.6776015474397776,16.34693807203135,16.433330366032454,16.780392435126217
3083,05/11/2023 10:04:45.856333,3263,True,True,True,True,Eyes,1.90902,-0.02037794,-2.011877,-0.3941818,-0.6780019,-0.6204306,0.0,0.0,0.0,0.0,0.0,0.0,0.0,2.846273,0.1854631,0.7547817,2.118944,-0.03004455,-2.052933,-0.1170161,0.8018876,-0.351563,-0.468708,42.33938,244.9105,11.06739,0.6789134,-0.006607556,-0.7341883,0.0,0.0,0.0,1.589131,-0.5389913,-2.465795,-0.1340163,0.09232831,0.8268605,-0.5332404,0.1418933,0.8339792,-0.5172282,0.7254214,-0.4541353,-0.669425,-0.6735208,-0.3134328,static,-23.793671029189365,-0.3879723546181373,-9.206355168015312,6.371328359521926,-0.5298129999999999,-0.50894675,-0.41286200000000006,-0.4034364817861837,-0.0061958308834831055,0.9149866742826693,-23.793699918787187,-1.16663890891349,16.004099797204923,16.077248837342616,16.419853148486908
3084,05/11/2023 10:04:45.876396,3264,True,True,True,True,Eyes,1.918651,-0.02078195,-2.014905,-0.4053945,-0.6762634,-0.6150798,0.0,0.0,0.0,0.0,0.0,0.0,0.0,2.842992,0.193768,0.7881553,2.123115,-0.03068978,-2.057371,-0.116142,0.7989797,-0.3517742,-0.4737063,42.23362,245.7827,11.50562,0.6798571,-0.006681563,-0.7333139,0.0,0.0,0.0,1.589131,-0.5389913,-2.465795,-0.1376746,0.09291995,0.8262757,-0.524227,0.1476852,0.8386747,-0.5188654,0.7255319,-0.4520865,-0.6752518,-0.6721552,-0.3037147,static,-23.778891897855114,-0.14002031823015462,-9.459757276926727,6.416317061532977,-0.5339839999999998,-0.50830152,-0.4084240000000001,-0.40320719368302815,-0.0022363547637703762,0.9151060074425682,-23.779078447234895,-0.9184245828702775,15.68185316124823,15.748751573681936,16.08854852895621
3085,05/11/2023 10:04:45.886955,3265,True,True,True,True,Eyes,1.928077,-0.02116507,-2.018012,-0.4163326,-0.6745664,-0.6096124,0.0,0.0,0.0,0.0,0.0,0.0,0.0,2.841935,0.2017456,0.8153377,2.12865,-0.03155339,-2.061533,-0.1156563,0.796444,-0.352538,-0.4775119,42.22224,246.4909,11.88034,0.6808341,-0.006760331,-0.7324061,0.0,0.0,0.0,1.589131,-0.5389913,-2.465795,-0.138772,0.09567228,0.8267957,-0.5172122,0.1524546,0.8421695,-0.5209098,0.7246812,-0.451099,-0.6790765,-0.6720081,-0.2953989,static,-23.6349092838231,0.18897942700166767,-9.527895731405579,6.600598597032415,-0.5395189999999999,-0.5074379099999999,-0.4042620000000001,-0.4009054392504938,0.0030216432739910704,0.916114424357991,-23.634511559674444,-0.5868561299589349,15.43644530248565,15.495699137166975,15.832122901838401
3086,05/11/2023 10:04:45.905826,3266,True,True,True,True,Eyes,1.93728,-0.02158595,-2.021147,-0.4269026,-0.6729273,-0.6040885,0.0,0.0,0.0,0.0,0.0,0.0,0.0,2.844391,0.2131968,0.8280411,2.13327,-0.03144686,-2.066356,-0.1172982,0.7941129,-0.3549505,-0.479204,42.54436,246.9261,12.05658,0.6818351,-0.006842621,-0.7314735,0.0,0.0,0.0,1.589131,-0.5389913,-2.465795,-0.1361165,0.1010683,0.8273437,-0.5132097,0.1538914,0.844354,-0.5264832,0.7205027,-0.4513219,-0.6778139,-0.6761609,-0.2887478,static,-23.238703437662444,0.7825269472894408,-9.34273904545938,6.964743680334647,-0.5441389999999999,-0.50754444,-0.3994390000000001,-0.3945316068779966,0.012549402844769755,0.9187966153979921,-23.23638112715752,0.013761864802900647,15.163571959449973,15.209129827959245,15.535425275614005
3087,05/11/2023 10:04:45.925905,3267,True,True,True,True,Eyes,1.946304,-0.02203104,-2.02429,-0.4371838,-0.6712982,-0.5985224,0.0,0.0,0.0,0.0,0.0,0.0,0.0,2.844806,0.2274356,0.8423867,2.137295,-0.032758,-2.070065,-0.1185395,0.7922161,-0.3554265,-0.4816784,42.63653,247.3491,12.12991,0.6828524,-0.006929404,-0.7305232,0.0,0.0,0.0,1.589131,-0.5389913,-2.465795,-0.1352227,0.1042079,0.8271716,-0.5078684,0.1545847,0.8474509,-0.5302203,0.7192408,-0.4489532,-0.6789225,-0.677345,-0.2833157,static,-22.893516449828336,1.1000977725254062,-9.284359522816146,7.1803517206314975,-0.5481639999999999,-0.5062333,-0.3957299999999999,-0.3889588537806888,0.01768731415616928,0.9210853275299707,-22.889314617655202,0.33749399162204174,14.86594515647256,14.905657997468731,15.228903605711466
3088,05/11/2023 10:04:45.936086,3268,True,True,True,True,Eyes,1.955121,-0.02244981,-2.027482,-0.4469323,-0.6699284,-0.59283,0.0,0.0,0.0,0.0,0.0,0.0,0.0,2.84521,0.2429518,0.8568249,2.142176,-0.03379466,-2.073242,-0.1202818,0.7897736,-0.357365,-0.4838185,42.91119,247.8266,12.28264,0.6838793,-0.007021002,-0.7295611,0.0,0.0,0.0,1.589131,-0.5389913,-2.465795,-0.1343272,0.1106716,0.8275796,-0.5029043,0.1558088,0.8501832,-0.5357903,0.7156452,-0.4480858,-0.6782452,-0.680864,-0.2764202,static,-22.566607161715233,1.592824266508082,-9.219465643972098,7.6169303851226156,-0.553045,-0.50519664,-0.39255299999999993,-0.38363073171136197,0.02566964515586631,0.9231297210110975,-22.56082039294899,0.8360543121041427,14.61049310551808,14.643634836439741,14.965695000756988
3089,05/11/2023 10:04:45.965825,3269,True,True,True,True,Eyes,1.963759,-0.02289905,-2.030706,-0.456492,-0.6684437,-0.5871951,0.0,0.0,0.0,0.0,0.0,0.0,0.0,2.846893,0.267736,0.8642063,2.146255,-0.03368827,-2.077448,-0.1243883,0.7869397,-0.3601158,-0.4853556,43.43443,248.2153,12.22747,0.6849098,-0.007116002,-0.7285928,0.0,0.0,0.0,1.589131,-0.5389913,-2.465795,-0.1317597,0.1184303,0.8277347,-0.497915,0.1537963,0.8534796,-0.5453407,0.7096882,-0.4460338,-0.6743029,-0.687524,-0.269493,static,-22.14300848355695,2.256036330965208,-9.044521375512222,8.14248099626924,-0.557124,-0.50530303,-0.388347,-0.3766689601477794,0.03646576833396738,0.9256299227005923,-22.13519315579716,1.5068255047298997,14.335455151825217,14.360382840206604,14.67643047411545
3090,05/11/2023 10:04:45.975585,3270,True,True,True,True,Eyes,1.972237,-0.02333688,-2.033988,-0.4656028,-0.667183,-0.5814472,0.0,0.0,0.0,0.0,0.0,0.0,0.0,2.8466,0.292996,0.8775191,2.150851,-0.03495731,-2.081258,-0.1273273,0.7845829,-0.3604262,-0.4881705,43.62087,248.649,12.12866,0.6859384,-0.007215044,-0.7276235,0.0,0.0,0.0,1.589131,-0.5389913,-2.465795,-0.1307422,0.1228414,0.8278072,-0.4909545,0.1521013,0.8578047,-0.5516965,0.7077614,-0.4412536,-0.6742364,-0.6898833,-0.2635649,static,-21.837403007806227,2.5454528709160225,-8.975044184818403,8.440737269653955,-0.5617199999999998,-0.5040339899999999,-0.3845369999999999,-0.3716575647803662,0.041230689300741225,0.927453855480688,-21.827932070910958,1.8016967960160541,14.126336979033052,14.149015959892601,14.46629134999938
3091,05/11/2023 10:04:45.985948,3271,True,True,True,True,Eyes,1.980502,-0.02374438,-2.037341,-0.474587,-0.6658067,-0.5757331,0.0,0.0,0.0,0.0,0.0,0.0,0.0,2.847125,0.3260493,0.8867893,2.155744,-0.03527233,-2.085749,-0.1321896,0.7815626,-0.3620363,-0.4905258,44.07448,249.0714,11.93283,0.6869608,-0.007317287,-0.7266572,0.0,0.0,0.0,1.589131,-0.5389913,-2.465795,-0.1284645,0.1300409,0.8281327,-0.4838207,0.1485474,0.8624681,-0.5618052,0.7029113,-0.4362231,-0.6710384,-0.6955928,-0.2566284,static,-21.487252189089137,3.065512179716333,-8.817754828461144,8.924227057850803,-0.5666129999999998,-0.50371897,-0.3800460000000001,-0.36584024860128617,0.049770554426094335,0.9293458931877671,-21.476075813478417,2.328004735141054,13.939635919577539,13.958535145001207,14.273865597319567
3092,05/11/2023 10:04:46.005936,3272,True,True,True,True,Eyes,1.988531,-0.02411353,-2.040786,-0.4834279,-0.6643445,-0.5700384,0.0,0.0,0.0,0.0,0.0,0.0,0.0,2.846326,0.3490242,0.9004023,2.1592,-0.03503457,-2.090632,-0.1350058,0.7791902,-0.3622136,-0.4933937,44.24186,249.5138,11.84382,0.6879717,-0.007421266,-0.7256992,0.0,0.0,0.0,1.589131,-0.5389913,-2.465795,-0.1275167,0.1321337,0.8282384,-0.4766722,0.1470376,0.866697,-0.5678183,0.7011495,-0.4312446,-0.6710933,-0.6976886,-0.2507278,static,-21.21297085384889,3.3519930982565893,-8.752609649608974,9.064343860767888,-0.5700689999999997,-0.50395673,-0.37516300000000014,-0.361297438317431,0.05452033812576659,0.9308553166035707,-21.20033572659707,2.6193811287964106,13.691059953209825,13.707353959611995,14.017254692136785
3093,05/11/2023 10:04:46.026121,3273,True,True,True,True,Eyes,1.996378,-0.02450294,-2.04431,-0.4924803,-0.6625883,-0.5643048,0.0,0.0,0.0,0.0,0.0,0.0,0.0,2.844097,0.3658387,0.9194641,2.161779,-0.03449219,-2.096106,0.1360813,-0.7776096,0.3599634,0.4972239,44.03899,249.9557,11.74489,0.6889655,-0.007525427,-0.7247546,0.0,0.0,0.0,1.589131,-0.5389913,-2.465795,-0.1276318,0.1280372,0.8285114,-0.4685007,0.1463285,0.8712608,-0.5696011,0.7038165,-0.4244961,-0.6753237,-0.6951478,-0.2463897,static,-21.002115210440383,3.298196284497778,-8.757545641565182,8.784929201931975,-0.572648,-0.5044991099999999,-0.36968900000000016,-0.3578848588509434,0.05372196863556568,0.9322190656595581,-20.98808021176328,2.569349505333545,13.402906926586505,13.417664552159613,13.719307811896977
3094,05/11/2023 10:04:46.035907,3274,True,True,True,True,Eyes,2.00406,-0.02487035,-2.047934,-0.5012812,-0.660897,-0.5585091,0.0,0.0,0.0,0.0,0.0,0.0,0.0,2.838698,0.3865715,0.9480159,2.165587,-0.03535862,-2.101276,0.136728,-0.7753478,0.3571734,0.502562,43.73278,250.6246,11.73657,0.689939,-0.007630434,-0.7238269,0.0,0.0,0.0,1.589131,-0.5389913,-2.465795,-0.1299906,0.1246689,0.8284813,-0.4574739,0.1469801,0.8769919,-0.5710271,0.7074652,-0.4164386,-0.6816494,-0.6912959,-0.2397172,static,-20.983211804252818,3.147052515266144,-8.917137397172745,8.55759518180308,-0.5764559999999999,-0.5036326799999999,-0.36451900000000004,-0.3576234834066916,0.051268131338991135,0.9324575720590838,-20.968902627425766,2.4185442289639894,13.208779463419718,13.223619910735842,13.525272336137643
3095,05/11/2023 10:04:46.055987,3275,True,True,True,True,Eyes,2.011537,-0.02522167,-2.051673,-0.5101583,-0.6589001,-0.5528013,0.0,0.0,0.0,0.0,0.0,0.0,0.0,2.837124,0.4084464,0.965596,2.169603,-0.03522807,-2.107144,0.1389528,-0.7729308,0.3567318,0.5059772,43.79433,251.1297,11.68515,0.6908885,-0.007735348,-0.7229196,0.0,0.0,0.0,1.589131,-0.5389913,-2.465795,-0.1288885,0.1254889,0.8288517,-0.4493591,0.1461945,0.8813082,-0.5757979,0.7068692,-0.4108441,-0.6830327,-0.6920717,-0.2334596,static,-20.781857143323162,3.3783352320971045,-8.838845721320451,8.609249301864763,-0.5804719999999999,-0.5037632299999999,-0.35865100000000005,-0.3542717992299326,0.055106934747598646,0.933517449292567,-20.766498381781023,2.653420663815504,13.025672109088285,13.038327493638915,13.331946322814229
3096,05/11/2023 10:04:46.075602,3276,True,True,True,True,Eyes,2.0188,-0.02554271,-2.055533,-0.5189368,-0.6568537,-0.5470354,0.0,0.0,0.0,0.0,0.0,0.0,0.0,2.834453,0.4323131,0.9830513,2.172442,-0.03528735,-2.113446,0.1412071,-0.7708915,0.3546948,0.5098808,43.69823,251.582,11.48808,0.6918108,-0.007839647,-0.7220359,0.0,0.0,0.0,1.589131,-0.5389913,-2.465795,-0.1280621,0.1230513,0.8285995,-0.4401644,0.1439934,0.8862965,-0.5794149,0.7085043,-0.4028649,-0.6859547,-0.6908602,-0.2284264,static,-20.581907008867358,3.4088472369258827,-8.78569133975406,8.446983859747046,-0.5833110000000001,-0.5037039499999999,-0.3523489999999998,-0.3510007112881413,0.055677347969401686,0.9347183790048222,-20.565303617607412,2.6875025985577907,12.815749769089273,12.827062202330117,13.112241982763424
3097,05/11/2023 10:04:46.086530,3277,True,True,True,True,Eyes,2.025865,-0.02587283,-2.059534,-0.528008,-0.6544753,-0.5411744,0.0,0.0,0.0,0.0,0.0,0.0,0.0,2.828695,0.460889,1.005894,2.174912,-0.03495616,-2.119975,0.1437284,-0.768433,0.3517337,0.5149139,43.51805,252.1488,11.23893,0.6927018,-0.007942222,-0.7211801,0.0,0.0,0.0,1.589131,-0.5389913,-2.465795,-0.1289124,0.1188352,0.8282763,-0.4284117,0.1413337,0.8924619,-0.5831165,0.7112511,-0.3925521,-0.6902453,-0.6885831,-0.2222942,static,-20.474989425709648,3.354771784431318,-8.846503155548897,8.164673862228058,-0.5857809999999999,-0.5040351399999999,-0.3458199999999998,-0.34927223460302687,0.05483295561953816,0.9354156031961858,-20.457648979496852,2.635336515618966,12.57390425089733,12.583991852083763,12.860492946912656
3098,05/11/2023 10:04:46.106236,3278,True,True,True,True,Eyes,2.032776,-0.02622852,-2.063679,-0.5369757,-0.6521122,-0.5351697,0.0,0.0,0.0,0.0,0.0,0.0,0.0,2.819846,0.4868218,1.038924,2.177661,-0.03550757,-2.127069,0.1448829,-0.7656118,0.34786,0.5213838,43.13586,252.9219,11.13192,0.6935588,-0.008043606,-0.7203548,0.0,0.0,0.0,1.589131,-0.5389913,-2.465795,-0.1316524,0.1127976,0.8273712,-0.4143359,0.1408889,0.899153,-0.5845852,0.7160047,-0.3815722,-0.6975571,-0.6837306,-0.2143049,static,-20.551369554310664,3.1338223176887716,-9.041182370886998,7.763415675884095,-0.58853,-0.5034837299999999,-0.33872599999999986,-0.35058660221546817,0.05119846905815538,0.9351297143661592,-20.534291885365622,2.413024694923536,12.396683386183836,12.406350940534315,12.6774701719603
3099,05/11/2023 10:04:46.125794,3279,True,True,True,True,Eyes,2.039538,-0.02658794,-2.067976,-0.5457867,-0.649785,-0.5290522,0.0,0.0,0.0,0.0,0.0,0.0,0.0,2.813705,0.5077017,1.067871,2.181238,-0.03642002,-2.13446,0.1459077,-0.7625183,0.3463753,0.5265937,42.99255,253.6874,11.21695,0.6943791,-0.008144679,-0.7195629,0.0,0.0,0.0,1.589131,-0.5389913,-2.465795,-0.1325721,0.1112791,0.826434,-0.40282,0.1422835,0.9041524,-0.5873127,0.7174702,-0.3745668,-0.7019971,-0.6819032,-0.2054465,static,-20.57471567317513,3.214735668051003,-9.113438690577098,7.66873605451615,-0.5921069999999999,-0.50257128,-0.33133500000000016,-0.3509436587474273,0.05251151390754345,0.9349229849238048,-20.557869163833505,2.4935206786139985,12.287803025306253,12.296299830211654,12.560168909858415
3100,05/11/2023 10:04:46.135926,3280,True,True,True,True,Eyes,2.046159,-0.02693781,-2.072426,-0.5542946,-0.6476184,-0.5228269,0.0,0.0,0.0,0.0,0.0,0.0,0.0,2.810949,0.5252726,1.089075,2.18469,-0.03682131,-2.142244,0.1474014,-0.7594154,0.3469782,0.5302522,43.1037,254.3564,11.38246,0.6951612,-0.008245592,-0.7188063,0.0,0.0,0.0,1.589131,-0.5389913,-2.465795,-0.131256,0.112983,0.8255641,-0.3942111,0.1440941,0.9076532,-0.5918496,0.7157579,-0.3706814,-0.703073,-0.683321,-0.1968777,static,-20.48427190594138,3.568692425425461,-9.033814240493506,7.792832270408262,-0.5955589999999997,-0.50216999,-0.32355100000000014,-0.3493545556042852,0.058323139885753814,0.9351737104964667,-20.467208047041925,2.849090042864945,12.197809053950694,12.204767026788563,12.456447372666682
3101,05/11/2023 10:04:46.166286,3281,True,True,True,True,Eyes,2.052626,-0.02725784,-2.077012,-0.5626082,-0.6454913,-0.5165395,0.0,0.0,0.0,0.0,0.0,0.0,0.0,2.809612,0.5424492,1.106627,2.188184,-0.03691116,-2.150182,0.1491698,-0.7564936,0.3479303,0.5333015,43.27644,254.9484,11.52093,0.6959034,-0.008345944,-0.7180867,0.0,0.0,0.0,1.589131,-0.5389913,-2.465795,-0.1287906,0.1152628,0.8250384,-0.3866758,0.1454113,0.9106795,-0.5967954,0.7133858,-0.367309,-0.7030767,-0.685519,-0.1890682,static,-20.331529818553204,3.9741486521986538,-8.872412172903397,7.953087581050031,-0.5990530000000001,-0.5020801399999999,-0.3156129999999999,-0.34671679522634197,0.06500729291366018,0.9357144735009674,-20.31390349116364,3.2572708872422265,12.123659847078622,12.130265133803618,12.36763591021617
3102,05/11/2023 10:04:46.175972,3282,True,True,True,True,Eyes,2.058914,-0.02753286,-2.081784,-0.5708011,-0.6432909,-0.5102576,0.0,0.0,0.0,0.0,0.0,0.0,0.0,2.807028,0.5634272,1.123655,2.191263,-0.03655614,-2.15789,0.1513764,-0.7538613,0.3475372,0.5366526,43.35077,255.4694,11.48445,0.6966041,-0.008444677,-0.7174057,0.0,0.0,0.0,1.589131,-0.5389913,-2.465795,-0.1265594,0.1153041,0.8249222,-0.378178,0.1447799,0.9143412,-0.6012471,0.7126061,-0.3615167,-0.7039055,-0.6864629,-0.1824433,static,-20.160307218423252,4.228935321143781,-8.72229734638065,7.957007111277206,-0.6021320000000001,-0.50243516,-0.3079049999999999,-0.3438206461307562,0.0692461971243918,0.9364786295585281,-20.141847424203117,3.515113112810092,12.023124419711845,12.030236452594467,12.253021924142358
3103,05/11/2023 10:04:46.186328,3283,True,True,True,True,Eyes,2.065055,-0.02782073,-2.086719,-0.5789003,-0.6410104,-0.5039644,0.0,0.0,0.0,0.0,0.0,0.0,0.0,2.802946,0.5892765,1.142334,2.193578,-0.03586079,-2.166935,0.1538348,-0.7518308,0.3440993,0.5410001,43.14587,255.8932,11.14267,0.6972624,-0.008540569,-0.7167647,0.0,0.0,0.0,1.589131,-0.5389913,-2.465795,-0.1236795,0.1095787,0.82493,-0.3673076,0.141,0.91935,-0.603631,0.7158611,-0.3509595,-0.7076122,-0.6838581,-0.1778293,static,-19.98937274015747,4.113961368803227,-8.526689948498733,7.566528048850508,-0.604447,-0.50313051,-0.2988599999999999,-0.34106760088154686,0.0674388427565186,0.9376166065253845,-19.969705599029545,3.4031919481360013,11.964183087679839,11.971353869231418,12.176862266848788
3104,05/11/2023 10:04:46.206119,3284,True,True,True,True,Eyes,2.071104,-0.02814458,-2.091817,-0.5867835,-0.6386977,-0.4977451,0.0,0.0,0.0,0.0,0.0,0.0,0.0,2.799241,0.6077084,1.163608,2.196476,-0.03650045,-2.175591,0.1548169,-0.7499866,0.3409371,0.5452649,42.86153,256.3568,10.97754,0.6978757,-0.008634076,-0.7161666,0.0,0.0,0.0,1.589131,-0.5389913,-2.465795,-0.1210386,0.1046778,0.8246062,-0.357436,0.1395809,0.9234483,-0.6040232,0.7195873,-0.3425641,-0.712317,-0.6802289,-0.1728963,static,-19.863502510283,3.982730275708305,-8.350445644231385,7.234590365442229,-0.607345,-0.5024908499999999,-0.29020400000000013,-0.3390543558036489,0.0653416945197431,0.9384947624784123,-19.842899002139085,3.274209121324637,11.956294221164264,11.96348914172377,12.155702521139713
3105,05/11/2023 10:04:46.226083,3285,True,True,True,True,Eyes,2.07705,-0.02847117,-2.097049,-0.5943058,-0.636486,-0.4916159,0.0,0.0,0.0,0.0,0.0,0.0,0.0,2.801337,0.6200628,1.176416,2.200518,-0.03770725,-2.18454,0.1555521,-0.7487929,0.3392294,0.5477557,42.72141,256.6386,10.88062,0.6984446,-0.008726711,-0.7156106,0.0,0.0,0.0,1.589131,-0.5389913,-2.465795,-0.1149915,0.1029364,0.8248423,-0.3515345,0.138677,0.9258468,-0.6045824,0.7214539,-0.3376159,-0.7147754,-0.6784342,-0.1697742,static,-19.587183751973516,4.021376509823127,-7.93646904325326,7.1134651577501,-0.6113870000000001,-0.50128405,-0.2812549999999998,-0.33450791682862724,0.06608874535424876,0.9400727293985951,-19.564856666113254,3.317788801093796,12.045477559180364,12.054051826279384,12.23219349552496
3106,05/11/2023 10:04:46.236478,3286,True,True,True,True,Eyes,2.082846,-0.02875645,-2.102428,-0.6015372,-0.6342945,-0.4856167,0.0,0.0,0.0,0.0,0.0,0.0,0.0,2.806942,0.6352568,1.177288,2.204108,-0.03821335,-2.192928,0.1577347,-0.7480465,0.338506,0.5485981,42.80477,256.6899,10.63667,0.6989691,-0.008818539,-0.7150972,0.0,0.0,0.0,1.589131,-0.5389913,-2.465795,-0.1067029,0.1034038,0.8254411,-0.3483197,0.1354217,0.9275421,-0.6073933,0.721067,-0.3333705,-0.7139656,-0.6795022,-0.1689077,static,-19.123228299666327,4.240986460230103,-7.36564975266011,7.140301926074668,-0.6149770000000001,-0.5007779499999999,-0.27286699999999975,-0.3267998711313464,0.0698911905038886,0.9425057881792899,-19.09816443893152,3.545681303027355,12.098043118042746,12.109776358773365,12.270827123189838
3107,05/11/2023 10:04:46.265969,3287,True,True,True,True,Eyes,2.088468,-0.02900978,-2.107962,-0.6087269,-0.6320769,-0.4795107,0.0,0.0,0.0,0.0,0.0,0.0,0.0,2.809248,0.6594706,1.179386,2.206523,-0.0377083,-2.201717,0.1611551,-0.747034,0.3363289,0.5503203,42.83364,256.7515,10.16339,0.6994486,-0.008908187,-0.7146271,0.0,0.0,0.0,1.589131,-0.5389913,-2.465795,-0.09925511,0.1012181,0.8258922,-0.3423535,0.1294005,0.930618,-0.6109539,0.7218238,-0.3251244,-0.7138134,-0.6798721,-0.1680612,static,-18.69038423950008,4.330978676655769,-6.8528980037063825,6.987102361527618,-0.6173919999999997,-0.5012829999999999,-0.26407800000000003,-0.3196325796538868,0.07155633048018852,0.944835892260514,-18.662650380880393,3.6434014072529717,12.117289967382941,12.131820696496566,12.273980091306338
3108,05/11/2023 10:04:46.275699,3288,True,True,True,True,Eyes,2.093965,-0.02924227,-2.113642,-0.6158603,-0.6296912,-0.4735029,0.0,0.0,0.0,0.0,0.0,0.0,0.0,2.805042,0.68584,1.194668,2.208293,-0.03734586,-2.210864,0.1637392,-0.7454416,0.3320867,0.5542787,42.57983,257.0521,9.696566,0.6998829,-0.008994938,-0.7142007,0.0,0.0,0.0,1.589131,-0.5389913,-2.465795,-0.09508646,0.09492506,0.825801,-0.3319292,0.1240212,0.9351158,-0.6122532,0.7258157,-0.3135882,-0.7176133,-0.6766168,-0.1649871,static,-18.49357124722943,4.141442302524939,-6.568368590158287,6.557316606201647,-0.6191619999999998,-0.50164544,-0.254931,-0.3164530125640591,0.0685074165912732,0.9461311418049091,-18.46438917928719,3.457380362781054,12.15291105129418,12.16745277629554,12.293287215804051
3109,05/11/2023 10:04:46.305605,3289,True,True,True,True,Eyes,2.09928,-0.02942858,-2.119477,-0.6229411,-0.6272734,-0.4674104,0.0,0.0,0.0,0.0,0.0,0.0,0.0,2.803374,0.6995304,1.212322,2.211,-0.03714009,-2.219925,0.1642479,-0.7445415,0.3279296,0.5578018,42.1868,257.3205,9.419034,0.7002715,-0.00907829,-0.7138186,0.0,0.0,0.0,1.589131,-0.5389913,-2.465795,-0.09022689,0.08777158,0.8265485,-0.3237598,0.1212607,0.9383366,-0.6104182,0.7309695,-0.3050789,-0.7228896,-0.6715499,-0.1626388,static,-18.277426944826708,3.883995777091912,-6.229799716806511,6.061550114041187,-0.6218689999999998,-0.50185121,-0.24587000000000003,-0.3129687049734151,0.0643337547125061,0.947582066185713,-18.246604334171213,3.20379476540433,12.228815559222125,12.242837282088667,12.351937453071084
3110,05/11/2023 10:04:46.316193,3290,True,True,True,True,Eyes,2.104363,-0.02959229,-2.125453,-0.63016,-0.6247976,-0.4610056,0.0,0.0,0.0,0.0,0.0,0.0,0.0,2.803405,0.7145607,1.222984,2.212184,-0.03634062,-2.229414,0.1655315,-0.7440829,0.3235057,0.5606104,41.83806,257.4318,8.987088,0.7006131,-0.009156952,-0.7134821,0.0,0.0,0.0,1.589131,-0.5389913,-2.465795,-0.08374691,0.07951146,0.8266757,-0.3166307,0.116383,0.9413821,-0.6090596,0.7358867,-0.2958328,-0.7271805,-0.6670276,-0.1621201,static,-17.922616387755518,3.6392373686400945,-5.784650455341987,5.493932336782605,-0.6230530000000001,-0.5026506799999999,-0.23638100000000017,-0.30717025124136976,0.06040529294881737,0.9497354721885465,-17.88928146988226,2.965373100765328,12.26503701485101,12.278848089347983,12.365908935788688
3111,05/11/2023 10:04:46.325635,3291,True,True,True,True,Eyes,2.1093,-0.0298271,-2.131518,-0.6374022,-0.6222312,-0.4544741,0.0,0.0,0.0,0.0,0.0,0.0,0.0,2.794759,0.7389907,1.244663,2.212053,-0.03608536,-2.238635,0.1672132,-0.7425748,0.3171571,0.5657154,41.31635,257.7974,8.460558,0.7009056,-0.009230596,-0.7131928,0.0,0.0,0.0,1.589131,-0.5389913,-2.465795,-0.08114451,0.068636,0.82538,-0.3040119,0.1105047,0.9462377,-0.6071779,0.7429022,-0.2818355,-0.7341063,-0.6602159,-0.158755,static,-17.785179104549727,3.1810274610488873,-5.614802432103555,4.753599471405178,-0.622922,-0.50290594,-0.22716000000000003,-0.3050221751342188,0.052846478862027174,0.9508778369156392,-17.750501777552163,2.5096200907733572,12.260576758404213,12.271554550136587,12.341419775043006
3112,05/11/2023 10:04:46.336998,3292,True,True,True,True,Eyes,2.114109,-0.03004503,-2.137648,-0.6443785,-0.6199476,-0.4477066,0.0,0.0,0.0,0.0,0.0,0.0,0.0,2.784682,0.7606272,1.27163,2.213409,-0.0374359,-2.247102,0.1681563,-0.7401138,0.3128908,0.5710119,40.93391,258.3859,8.251182,0.7011508,-0.009302137,-0.7129501,0.0,0.0,0.0,1.589131,-0.5389913,-2.465795,-0.08035985,0.06276527,0.8238386,-0.291338,0.1084192,0.9504565,-0.6062382,0.7476456,-0.2711112,-0.7399983,-0.655188,-0.1520897,static,-17.780285419147287,2.920587426333337,-5.5711887080958205,4.3567409302894085,-0.6242779999999999,-0.5015554,-0.21869300000000003,-0.30500793844849466,0.048523928949654155,0.9511127501480875,-17.74531223536556,2.2492691063751833,12.28389672490878,12.293273745700656,12.35519004895574
3113,05/11/2023 10:04:46.357260,3293,True,True,True,True,Eyes,2.118704,-0.03022793,-2.143857,-0.6510596,-0.6184788,-0.440006,0.0,0.0,0.0,0.0,0.0,0.0,0.0,2.76943,0.8000374,1.297634,2.216111,-0.0379085,-2.254123,0.1725562,-0.7346053,0.3140886,0.5761321,41.32218,259.3463,8.298368,0.7013503,-0.009371212,-0.7127526,0.0,0.0,0.0,1.589131,-0.5389913,-2.465795,-0.08301058,0.06907922,0.8230007,-0.2765931,0.1083916,0.9548549,-0.6154344,0.7431453,-0.262632,-0.7380632,-0.6602926,-0.138841,static,-17.914354180682846,3.411077555946393,-5.759563579336583,4.797920565152183,-0.6269800000000001,-0.5010827999999999,-0.21167200000000008,-0.3071014785954724,0.056624167520308216,0.9499906811830872,-17.88073471599738,2.737362276237309,12.220431104034564,12.233653096878234,12.295067717838508
3114,05/11/2023 10:04:46.376193,3294,True,True,True,True,Eyes,2.123148,-0.0303603,-2.150148,-0.6577779,-0.6171752,-0.4317674,0.0,0.0,0.0,0.0,0.0,0.0,0.0,2.745835,0.8460219,1.332055,2.216232,-0.03715932,-2.262005,0.1778889,-0.7267344,0.3170799,0.5828149,41.9297,260.751,8.583847,0.7015039,-0.009436912,-0.7126004,0.0,0.0,0.0,1.589131,-0.5389913,-2.465795,-0.08995119,0.07641526,0.8201768,-0.2573649,0.1110417,0.9599131,-0.6281537,0.7356317,-0.253513,-0.7342931,-0.6682183,-0.1195745,static,-18.327246242402047,4.144900956402276,-6.258781949799451,5.322838831499484,-0.6271010000000001,-0.50183198,-0.20379000000000014,-0.3137025066608826,0.06863053646588138,0.9470378385815925,-18.297006575672818,3.463808740945052,12.105118103212192,12.125814117798955,12.18092135351718
3115,05/11/2023 10:04:46.385912,3295,True,True,True,True,Eyes,2.127447,-0.03042017,-2.15654,-0.6642103,-0.6165223,-0.4227588,0.0,0.0,0.0,0.0,0.0,0.0,0.0,2.715324,0.8792754,1.387802,2.217794,-0.03592034,-2.269846,0.1796027,-0.7189428,0.3170784,0.5918831,41.95371,262.4066,9.059339,0.7016125,-0.0094979,-0.7124928,0.0,0.0,0.0,1.589131,-0.5389913,-2.465795,-0.1003592,0.07653528,0.8190017,-0.2348349,0.1170987,0.9649563,-0.6335948,0.7344083,-0.243315,-0.7371637,-0.66853,-0.09827161,static,-18.964143880883512,4.299658077201892,-6.98610798058633,5.338755848251464,-0.628663,-0.50307096,-0.19594900000000015,-0.324157998358082,0.0709244704900607,0.9433405448654296,-18.938124717100923,3.6071930083232138,12.00109598276464,12.023022423941839,12.076796509776315
3116,05/11/2023 10:04:46.405819,3296,True,True,True,True,Eyes,2.131626,-0.03040674,-2.163019,-0.6704603,-0.6161393,-0.4133464,0.0,0.0,0.0,0.0,0.0,0.0,0.0,2.688052,0.9248786,1.427212,2.219337,-0.03409889,-2.278451,0.1844587,-0.7104979,0.3199025,0.5990242,42.49847,263.9534,9.457059,0.7016765,-0.009552255,-0.7124292,0.0,0.0,0.0,1.589131,-0.5389913,-2.465795,-0.1076963,0.08328459,0.8177036,-0.2142899,0.1211438,0.9692286,-0.6453737,0.7272748,-0.2335897,-0.7331934,-0.6755706,-0.07766461,static,-19.43230374598077,4.9343950399219265,-7.50300148284465,5.815624038038699,-0.6302059999999998,-0.50489241,-0.18734399999999996,-0.33159564552144316,0.08114842411488249,0.9399250812742622,-19.40991629240365,4.23356686073391,11.93153391816149,11.961806595677198,12.011557983640467
3117,05/11/2023 10:04:46.425610,3297,True,True,True,True,Eyes,2.135738,-0.03029178,-2.169578,-0.6762438,-0.6162689,-0.4036173,0.0,0.0,0.0,0.0,0.0,0.0,0.0,2.663085,0.9584593,1.46768,2.221238,-0.03213113,-2.28688,0.1873414,-0.7030683,0.321978,0.6057462,42.8208,265.4016,9.942755,0.7016972,-0.009598237,-0.7124083,0.0,0.0,0.0,1.589131,-0.5389913,-2.465795,-0.1143081,0.08728929,0.8171854,-0.1959497,0.1266463,0.9724015,-0.6535015,0.7224668,-0.2257823,-0.7311223,-0.6797077,-0.05880366,static,-19.83591394804726,5.35432382739008,-7.962881142122779,6.097044385948047,-0.632107,-0.5068601699999999,-0.17891499999999994,-0.33801650267438527,0.08782213828926147,0.9370336573202798,-19.81652812431404,4.646286457392474,11.859518192804742,11.896240659917048,11.94209551735703
3118,05/11/2023 10:04:46.436281,3298,True,True,True,True,Eyes,2.139747,-0.03008696,-2.176203,-0.6817835,-0.6164836,-0.3938517,0.0,0.0,0.0,0.0,0.0,0.0,0.0,2.645933,0.9976325,1.489915,2.224215,-0.02955131,-2.295229,0.1921276,-0.6970942,0.3239066,0.6101075,43.31618,266.3983,10.08244,0.7016767,-0.00963336,-0.7124282,0.0,0.0,0.0,1.589131,-0.5389913,-2.465795,-0.1158003,0.0932274,0.8184451,-0.1817117,0.1273737,0.9750677,-0.6630979,0.7163429,-0.2171498,-0.7261419,-0.6860239,-0.04570673,static,-19.891451819501015,5.85605515384849,-8.05322006380059,6.4984353552566905,-0.635084,-0.50943999,-0.170566,-0.33866778979925866,0.09600024856008574,0.9359957328764842,-19.872930129158913,5.147022927320034,11.809984976702967,11.855647743790097,11.896716420067957
3119,05/11/2023 10:04:46.465969,3299,True,True,True,True,Eyes,2.139747,-0.03008696,-2.176203,-0.6817835,-0.6164836,-0.3938517,0.0,0.0,0.0,0.0,0.0,0.0,0.0,2.630538,1.032355,1.508812,2.226218,-0.0272819,-2.303304,0.1962039,-0.6927292,0.3230635,0.6142154,43.52049,267.0958,9.928721,0.7016165,-0.009655805,-0.7124873,0.0,0.0,0.0,1.589131,-0.5389913,-2.465795,-0.1155115,0.09408373,0.8197167,-0.1684872,0.1250288,0.9777424,-0.6686935,0.714268,-0.206568,-0.7241971,-0.6886138,-0.03673917,static,-20.422176882711923,5.932693699376265,-8.021098613776605,6.547524239404869,-0.6370869999999997,-0.5117094,-0.16249100000000016,-0.3472918424560956,0.09692667317760587,0.9327344357984602,-20.407118962826242,5.214184841267777,12.366618591170058,12.416310193661065,12.457579782513788
3120,05/11/2023 10:04:46.486079,3300,True,True,True,True,Eyes,2.139747,-0.03008696,-2.176203,-0.6817835,-0.6164836,-0.3938517,0.0,0.0,0.0,0.0,0.0,0.0,0.0,2.616631,1.063587,1.527553,2.227727,-0.02507702,-2.312573,0.199526,-0.690075,0.318368,0.6185692,43.33295,267.4763,9.375232,0.7015623,-0.009676006,-0.7125405,0.0,0.0,0.0,1.589131,-0.5389913,-2.465795,-0.1121065,0.08806133,0.821625,-0.1551234,0.1184895,0.9807637,-0.6692411,0.7176623,-0.1925544,-0.7266729,-0.6862369,-0.03202817,static,-20.792979651635843,5.502029531484549,-7.769734228649988,6.117577371728435,-0.6385959999999997,-0.51391428,-0.15322199999999997,-0.35356174848665567,0.08968816723063894,0.9311015273319919,-20.77984976037644,4.776902726490139,12.992938744351937,13.037784339792974,13.079010461546956
3121,05/11/2023 10:04:46.500896,3301,True,True,True,True,Eyes,2.143828,-0.02970655,-2.183609,-0.6873821,-0.6162274,-0.3844082,0.0,0.0,0.0,0.0,0.0,0.0,0.0,2.616786,1.082253,1.531633,2.230638,-0.02395238,-2.321296,0.2017273,-0.6904048,0.3130476,0.6202008,43.03788,267.2784,8.636618,0.7015135,-0.009694186,-0.7125884,0.0,0.0,0.0,1.589131,-0.5389913,-2.465795,-0.1027388,0.08191869,0.8248694,-0.1493147,0.1097577,0.9826794,-0.6668515,0.7226147,-0.1820361,-0.7300785,-0.6824818,-0.03470503,static,-20.116981752756285,5.072642611224756,-7.099718536055954,5.671510391883957,-0.6415069999999998,-0.51503892,-0.14449900000000016,-0.34274947499636577,0.08306290203719627,0.9357474957665048,-20.09910285372787,4.359588562311893,12.992144154335941,13.031031588925382,13.065417388106754
3122,05/11/2023 10:04:46.505864,3302,True,True,True,True,Eyes,2.147816,-0.02928718,-2.191052,-0.6928101,-0.6158376,-0.3751776,0.0,0.0,0.0,0.0,0.0,0.0,0.0,2.622712,1.087418,1.533242,2.23257,-0.02284485,-2.329599,0.2022328,-0.6918533,0.3081135,0.6208922,42.64611,266.9514,8.032296,0.7014166,-0.009695495,-0.7126839,0.0,0.0,0.0,1.589131,-0.5389913,-2.465795,-0.09232433,0.07417487,0.8276134,-0.1471899,0.1027797,0.9837539,-0.6624413,0.728336,-0.1752092,-0.7345113,-0.6774681,-0.03911816,static,-19.35167601174506,4.627342014194512,-6.36530765792137,5.1214518721562365,-0.6434389999999999,-0.5161464499999999,-0.13619599999999998,-0.3304034835386644,0.07614388470136907,0.9407633404133209,-19.32846217250934,3.92795542239303,12.962077249378689,12.995764986060973,13.017980209874334
3123,05/11/2023 10:04:46.525628,3303,True,True,True,True,Eyes,2.151692,-0.02884994,-2.198509,-0.6979865,-0.6154539,-0.3661029,0.0,0.0,0.0,0.0,0.0,0.0,0.0,2.61786,1.105011,1.544451,2.234576,-0.02189666,-2.337897,0.2039813,-0.6906602,0.3046739,0.623341,42.46597,267.1064,7.639599,0.7012743,-0.009680443,-0.712824,0.0,0.0,0.0,1.589131,-0.5389913,-2.465795,-0.0865785,0.07026057,0.829404,-0.1396753,0.09806802,0.985329,-0.6615949,0.731131,-0.1665525,-0.7367381,-0.675152,-0.0372396,static,-18.93269085399664,4.411608617540468,-5.959317579566719,4.842086448474073,-0.645445,-0.5170946399999999,-0.12789800000000007,-0.3235966564035301,0.07278231036218244,0.9433917160218592,-18.906584781829174,3.7197044258054146,12.949167233848568,12.98051329033709,12.995825076215473
3124,05/11/2023 10:04:46.536103,3304,True,True,True,True,Eyes,2.15546,-0.02842649,-2.20597,-0.7030961,-0.6149526,-0.3570564,0.0,0.0,0.0,0.0,0.0,0.0,0.0,2.61462,1.116108,1.555473,2.235999,-0.02138412,-2.345481,0.2048193,-0.6897445,0.3017949,0.6254771,42.26358,267.2585,7.37418,0.7010894,-0.009650189,-0.713006,0.0,0.0,0.0,1.589131,-0.5389913,-2.465795,-0.08139256,0.06635396,0.8305439,-0.1336552,0.09498558,0.9864655,-0.6600773,0.7339379,-0.1601031,-0.7392119,-0.6725421,-0.03539673,static,-18.50818507578203,4.227711761799972,-5.597063111322565,4.56778267281071,-0.646868,-0.51760718,-0.12031400000000003,-0.3166630904796379,0.06992675379918245,0.9459571000282851,-18.479183899957015,3.543388336729293,12.886116010545098,12.91559981594596,12.92278684219327
3125,05/11/2023 10:04:46.565696,3305,True,True,True,True,Eyes,2.159151,-0.0279628,-2.213423,-0.7078376,-0.6147892,-0.3478507,0.0,0.0,0.0,0.0,0.0,0.0,0.0,2.604437,1.122345,1.581163,2.237424,-0.02119961,-2.352936,0.2041352,-0.6871931,0.3002107,0.6292601,42.02953,267.8543,7.523788,0.7008646,-0.009606812,-0.7132271,0.0,0.0,0.0,1.589131,-0.5389913,-2.465795,-0.08094254,0.06309186,0.8310219,-0.1247214,0.09726061,0.9874133,-0.6583816,0.7364049,-0.1556972,-0.7422791,-0.6695135,-0.02781081,static,-18.40330397966728,4.075485012281373,-5.563130171353771,4.341613421083756,-0.6482929999999998,-0.5177916899999999,-0.11285899999999982,-0.3149847150233467,0.06745293494033713,0.9466967142493341,-18.373479008466404,3.3930352256857526,12.815258132376947,12.842931431634756,12.845420893115863
3126,05/11/2023 10:04:46.586087,3306,True,True,True,True,Eyes,2.162734,-0.02742196,-2.220865,-0.7124223,-0.6147258,-0.3384768,0.0,0.0,0.0,0.0,0.0,0.0,0.0,2.592985,1.137833,1.60257,2.239538,-0.01955012,-2.360201,0.2053967,-0.6831827,0.3017205,0.6324859,42.22792,268.6185,7.841132,0.7006029,-0.00955042,-0.7134842,0.0,0.0,0.0,1.589131,-0.5389913,-2.465795,-0.08166346,0.0658327,0.8324637,-0.1155477,0.1010209,0.9881516,-0.6623148,0.733554,-0.1524393,-0.7402621,-0.6720814,-0.01785288,static,-18.36547901666363,4.380510953914344,-5.602705065226514,4.521641126682095,-0.650407,-0.51944118,-0.10559399999999997,-0.31424786449145314,0.07251054317647251,0.9465676878343061,-18.335722671914596,3.6987345755107106,12.73078256541325,12.763554233094608,12.759581206457735
3127,05/11/2023 10:04:46.586087,3307,True,True,True,True,Eyes,2.166234,-0.0268138,-2.228299,-0.7167646,-0.6148819,-0.3288902,0.0,0.0,0.0,0.0,0.0,0.0,0.0,2.575317,1.150704,1.633877,2.240917,-0.01697177,-2.367262,0.205819,-0.6782548,0.3031333,0.6369609,42.33006,269.6294,8.319841,0.7003067,-0.009479938,-0.713775,0.0,0.0,0.0,1.589131,-0.5389913,-2.465795,-0.08559264,0.06650092,0.8338406,-0.1038388,0.1069726,0.9888248,-0.6653636,0.7314975,-0.149006,-0.7392624,-0.6734005,-0.004782254,static,-18.510823801805124,4.603431853621484,-5.860809238176531,4.559833703454209,-0.651786,-0.5220195299999999,-0.09853299999999976,-0.3165624051640086,0.07613106272991271,0.9455116664225789,-18.482221234126403,3.919058900113789,12.612844730793444,12.650089693702315,12.637667234110229
3128,05/11/2023 10:04:46.605859,3308,True,True,True,True,Eyes,2.169639,-0.02615204,-2.235712,-0.7210659,-0.6149701,-0.3191799,0.0,0.0,0.0,0.0,0.0,0.0,0.0,2.559146,1.166386,1.660919,2.242756,-0.0146341,-2.374483,0.2067069,-0.674283,0.3026768,0.641094,42.31582,270.4052,8.502639,0.6999787,-0.009394606,-0.7140983,0.0,0.0,0.0,1.589131,-0.5389913,-2.465795,-0.0872103,0.0654662,0.8358365,-0.09254172,0.1093306,0.9896882,-0.6668464,0.7313181,-0.1431426,-0.7394267,-0.6732167,0.005229364,static,-18.501658589778575,4.643070649652447,-5.9566278411183875,4.478501249832508,-0.6536249999999999,-0.5243572,-0.09131199999999984,-0.3163951358307811,0.07678969528077617,0.9455144236457409,-18.473037827729843,3.958861087097159,12.5075158910285,12.546110137097742,12.5271922173995
3129,05/11/2023 10:04:46.626181,3309,True,True,True,True,Eyes,2.172968,-0.02544551,-2.243127,-0.7252904,-0.6150707,-0.3092602,0.0,0.0,0.0,0.0,0.0,0.0,0.0,2.537865,1.179029,1.696133,2.244322,-0.01255074,-2.3813,0.2066012,-0.6698274,0.3016295,0.6462717,42.15359,271.3368,8.774901,0.6996216,-0.009294601,-0.7144497,0.0,0.0,0.0,1.589131,-0.5389913,-2.465795,-0.09126675,0.0626497,0.8374364,-0.079298,0.1130949,0.9904149,-0.6666434,0.7326713,-0.1370383,-0.7411469,-0.6711203,0.0172945,static,-18.61746979974668,4.552662295250489,-6.219747290613709,4.278401548452072,-0.6551909999999999,-0.52644056,-0.08449499999999999,-0.31834320850472436,0.07524589842449089,0.9449844750068112,-18.58949602009358,3.8663854949274907,12.363098150922568,12.4007557177253,12.37660861701746
3130,05/11/2023 10:04:46.636357,3310,True,True,True,True,Eyes,2.176222,-0.02469165,-2.250554,-0.7294949,-0.6149942,-0.2993649,0.0,0.0,0.0,0.0,0.0,0.0,0.0,2.516096,1.190132,1.733305,2.246207,-0.01065087,-2.38871,0.2060512,-0.665993,0.298674,0.6517594,41.79144,272.1517,8.862784,0.6992378,-0.009180259,-0.7148271,0.0,0.0,0.0,1.589131,-0.5389913,-2.465795,-0.09405562,0.05690476,0.8394943,-0.06550543,0.1148698,0.9912186,-0.6637844,0.7366736,-0.1292379,-0.74505,-0.6664211,0.02799262,static,-18.68574482635135,4.228462597443136,-6.392669677164173,3.8778377979909533,-0.657076,-0.52834043,-0.07708499999999985,-0.31959442540937477,0.06986661923395124,0.9449751728356306,-18.657877201577744,3.540968823742275,12.265001185928444,12.298074417304289,12.269832774848345
3131,05/11/2023 10:04:46.656338,3311,True,True,True,True,Eyes,2.179408,-0.02391211,-2.257989,-0.733582,-0.6148475,-0.2895169,0.0,0.0,0.0,0.0,0.0,0.0,0.0,2.497741,1.204511,1.762563,2.248024,-0.008761689,-2.39635,0.206451,-0.6627987,0.2954092,0.6563609,41.49895,272.7667,8.764219,0.6988264,-0.009050909,-0.7152312,0.0,0.0,0.0,1.589131,-0.5389913,-2.465795,-0.09438956,0.05171727,0.8417373,-0.05313739,0.1141192,0.9920452,-0.6614608,0.7402229,-0.120581,-0.748095,-0.6626062,0.03615184,static,-18.60696307907845,3.9330895665079546,-6.398224913576273,3.5158962809629863,-0.658893,-0.530229611,-0.06944499999999998,-0.3183992832476217,0.0650217385973243,0.945724116380164,-18.578292713778595,3.247004344909338,12.18664586814573,12.215864186838902,12.183035520378331
3132,05/11/2023 10:04:46.675953,3312,True,True,True,True,Eyes,2.18253,-0.0231182,-2.265442,-0.7375997,-0.6145319,-0.2798164,0.0,0.0,0.0,0.0,0.0,0.0,0.0,2.483074,1.215925,1.787975,2.249866,-0.007389195,-2.403961,0.2065884,-0.660611,0.2912378,0.6603748,41.12025,273.183,8.527193,0.6983912,-0.008907988,-0.7156582,0.0,0.0,0.0,1.589131,-0.5389913,-2.465795,-0.09272194,0.04537654,0.8440018,-0.04245286,0.1117031,0.9928346,-0.6576015,0.7450035,-0.1119383,-0.752169,-0.6576414,0.04182855,static,-18.402155612437102,3.536443632667861,-6.2693663020238555,3.0774621102153032,-0.6607349999999999,-0.5316021049999999,-0.06183400000000017,-0.3151433502983484,0.05854026744964025,0.9472368748714954,-18.371775588487967,2.854017813269799,12.117335859694165,12.141467806193402,12.10447181379387
3133,05/11/2023 10:04:46.685983,3313,True,True,True,True,Eyes,2.185573,-0.02231771,-2.272905,-0.7413668,-0.6143174,-0.2701656,0.0,0.0,0.0,0.0,0.0,0.0,0.0,2.471852,1.228053,1.808025,2.251728,-0.006302655,-2.411804,0.2071604,-0.6585733,0.2880638,0.6636153,40.87203,273.5432,8.323593,0.6979327,-0.008752298,-0.7161074,0.0,0.0,0.0,1.589131,-0.5389913,-2.465795,-0.0898175,0.04120432,0.8461339,-0.03339908,0.1094664,0.9934294,-0.6551877,0.7482076,-0.1044726,-0.7547278,-0.6543719,0.04673157,static,-18.139789468462826,3.276478231608354,-6.059282648666439,2.787939489806492,-0.6625969999999999,-0.5326886449999999,-0.0539909999999999,-0.3108767543164577,0.054322196214809465,0.9488966193070902,-18.10747145820848,2.5987386511942856,12.069329299387828,12.090381099261858,12.049674292183404
3134,05/11/2023 10:04:46.706233,3314,True,True,True,True,Eyes,2.188567,-0.02156165,-2.280375,-0.7451152,-0.6139064,-0.2606191,0.0,0.0,0.0,0.0,0.0,0.0,0.0,2.461311,1.235162,1.829372,2.253085,-0.005325422,-2.419474,0.2069869,-0.6566828,0.2850455,0.6668383,40.57346,273.9141,8.197869,0.6974519,-0.008585007,-0.7165778,0.0,0.0,0.0,1.589131,-0.5389913,-2.465795,-0.08725791,0.03624186,0.8478521,-0.02496644,0.1083091,0.9938037,-0.652008,0.751811,-0.09831543,-0.7578011,-0.6504225,0.05184827,static,-17.895137808029936,3.005536182776321,-5.875989515294144,2.4476465760693404,-0.6639539999999999,-0.533665878,-0.046320999999999835,-0.30689303676722013,0.04990226981970122,0.9504348857062462,-17.86098367207228,2.3321666183181495,12.013783591934889,12.032089032917158,11.985550490430061
3135,05/11/2023 10:04:46.725816,3315,True,True,True,True,Eyes,2.19152,-0.02084191,-2.287845,-0.7485148,-0.6137147,-0.2511573,0.0,0.0,0.0,0.0,0.0,0.0,0.0,2.450613,1.238564,1.85391,2.255147,-0.005583301,-2.427098,0.2059368,-0.6546404,0.2825078,0.6702428,40.236,274.3628,8.214178,0.6969507,-0.008408884,-0.7170677,0.0,0.0,0.0,1.589131,-0.5389913,-2.465795,-0.08549627,0.03240573,0.8492582,-0.01672929,0.1090685,0.9938935,-0.6483267,0.7555588,-0.09382666,-0.7611786,-0.6459373,0.05807205,static,-17.718987427825493,2.716463155180603,-5.748695345915559,2.185214364426041,-0.6660159999999999,-0.5334079989999999,-0.03869699999999998,-0.3040384021143353,0.045149851964845916,0.9515893384573696,-17.683415764602334,2.046240627221555,11.96704121792774,11.982074853877096,11.935529530433563
3437,05/11/2023 10:04:51.756269,3617,True,True,True,True,Eyes,0.4657761,0.08092523,-2.803128,0.8834437,-0.1934691,0.4267281,0.0,0.0,0.0,0.0,0.0,0.0,0.0,-2.715537,-0.003470764,0.1973512,0.3920264,0.07658049,-2.693242,0.1112591,0.6217521,-0.08536253,0.7705576,16.11772,77.85654,0.405414,0.1759366,0.02745126,-0.9840184,0.0,0.0,0.0,0.9555464,-0.003784776,-2.558744,-0.01235422,0.0836768,0.5787474,0.2122753,0.00679763,-0.9771863,0.2699046,0.9606693,0.06531441,0.9391969,-0.2776117,0.2020916,static,-13.386897106110483,4.743160603529385,-1.22287751013787,8.226962675666957,0.56352,-0.080365266,0.13449800000000023,-0.23077483602535542,0.0804572283095388,0.9696749684942512,-13.325747109659844,4.150274880784998,12.613101905312647,12.653072733887045,12.771015461582243
3438,05/11/2023 10:04:51.776039,3618,True,True,True,True,Eyes,0.462289,0.08077312,-2.79689,0.8885838,-0.1906779,0.4172057,0.0,0.0,0.0,0.0,0.0,0.0,0.0,-2.709635,-0.0198226,0.1657166,0.3913785,0.07528678,-2.685355,0.1085227,0.6265274,-0.08605739,0.7669944,15.92073,78.52116,0.2367615,0.1747289,0.02755309,-0.9842308,0.0,0.0,0.0,0.9555464,-0.003784776,-2.558744,-0.01146423,0.08258095,0.5775957,0.2001151,0.003973742,-0.9797643,0.2679959,0.9616339,0.0586379,0.9424077,-0.2743072,0.1913725,static,-13.440342908096515,4.672220780553444,-1.1370682970490562,8.136642605427935,0.5641678999999999,-0.079071556,0.12661100000000003,-0.23170192961303604,0.07923862656814337,0.969554167211162,-13.379461800082957,4.078381234406521,12.741933360731183,12.78173637404213,12.897506892366883
3439,05/11/2023 10:04:51.786312,3619,True,True,True,True,Eyes,0.4589421,0.08058613,-2.79057,0.8936432,-0.1879245,0.4075367,0.0,0.0,0.0,0.0,0.0,0.0,0.0,-2.702982,-0.03142807,0.1340683,0.3906463,0.07345186,-2.677139,0.1066683,0.6311544,-0.08656047,0.763396,15.79083,79.18653,0.1481722,0.1735582,0.02764609,-0.9844352,0.0,0.0,0.0,0.9555464,-0.003784776,-2.558744,-0.01009637,0.0827436,0.5763215,0.1883027,0.002488486,-0.982108,0.2668082,0.9622583,0.05359424,0.945175,-0.2721263,0.1805319,static,-13.48400585563171,4.685024829931609,-1.003641580806919,8.170234501141937,0.5649001,-0.077236636,0.11839500000000003,-0.23243698173777266,0.07944097472789569,0.9693617124212693,-13.423416316976189,4.0904055960425305,12.916528885641956,12.957861663276889,13.072712357887827
3440,05/11/2023 10:04:51.806245,3620,True,True,True,True,Eyes,0.455753,0.08036559,-2.784159,0.8985979,-0.1851973,0.3977734,0.0,0.0,0.0,0.0,0.0,0.0,0.0,-2.696008,-0.04173069,0.1036959,0.3903114,0.07241196,-2.668963,0.1053796,0.6355029,-0.08711582,0.759896,15.71663,79.8243,0.09167346,0.1724253,0.02772999,-0.984632,0.0,0.0,0.0,0.9555464,-0.003784776,-2.558744,-0.008494601,0.0826427,0.5749285,0.1770937,0.001540198,-0.9841928,0.266336,0.962612,0.0494304,0.9474719,-0.2708798,0.1700623,static,-13.49712072088209,4.760739362723636,-0.8464867793632812,8.179910417690294,0.565235,-0.076196736,0.11021900000000029,-0.23263491091928162,0.08071795589017884,0.9692087047575197,-13.436691786333654,4.165885475428466,13.060762653239411,13.104551492723035,13.214600196549341
3441,05/11/2023 10:04:51.826455,3621,True,True,True,True,Eyes,0.4527135,0.08007142,-2.777675,0.9034775,-0.1824721,0.387856,0.0,0.0,0.0,0.0,0.0,0.0,0.0,-2.688572,-0.04981557,0.0705657,0.3905605,0.07140269,-2.660497,0.1041195,0.6401381,-0.08704828,0.7561779,15.59951,80.51226,0.09837551,0.1713316,0.02780461,-0.9848207,0.0,0.0,0.0,0.9555464,-0.003784776,-2.558744,-0.007090062,0.08195765,0.5731043,0.1652917,0.001653719,-0.9862434,0.2649496,0.9631634,0.04601988,0.9499897,-0.2689116,0.1587648,static,-13.548223204568934,4.806485149270636,-0.7087887954865068,8.138489534059472,0.5649859,-0.07518746600000001,0.10175299999999998,-0.233484841876133,0.08147469424074956,0.9689409888290995,-13.48816677431,4.2107185290791955,13.21900718396457,13.264740071534831,13.369363731801249
3442,05/11/2023 10:04:51.836465,3622,True,True,True,True,Eyes,0.4498312,0.07972615,-2.771126,0.9082317,-0.1797582,0.3778916,0.0,0.0,0.0,0.0,0.0,0.0,0.0,-2.681149,-0.05138452,0.03822303,0.3907757,0.06942745,-2.652383,0.1032473,0.6445572,-0.08601052,0.7526541,15.44401,81.18134,0.2154964,0.1702791,0.02786826,-0.9850015,0.0,0.0,0.0,0.9555464,-0.003784776,-2.558744,-0.005639657,0.08189449,0.5712753,0.1542963,0.0036253,-0.988018,0.26257,0.9638844,0.04454165,0.9524966,-0.2662964,0.1477719,static,-13.572144162348437,4.840392418762495,-0.5656082934689456,8.15798812545702,0.5647707,-0.073212226,0.09363900000000003,-0.2338784641897192,0.08204010848059183,0.9687983161068361,-13.512274795580261,4.2441984700886115,13.37535970848395,13.422980912655976,13.525306761155548
3443,05/11/2023 10:04:51.856372,3623,True,True,True,True,Eyes,0.4471198,0.0793163,-2.764517,0.9129453,-0.1770279,0.3676848,0.0,0.0,0.0,0.0,0.0,0.0,0.0,-2.673456,-0.05552178,0.007554054,0.3913475,0.06790183,-2.64438,0.1022412,0.6487423,-0.08544143,0.7492529,15.31158,81.81236,0.2745644,0.1692691,0.02792026,-0.9851741,0.0,0.0,0.0,0.9555464,-0.003784776,-2.558744,-0.004021011,0.08156697,0.5693184,0.1436662,0.004621934,-0.9896154,0.2606909,0.964493,0.04235011,0.9546729,-0.264068,0.1373602,static,-13.552152296383719,4.886433286318837,-0.40466482187551256,8.153354167550958,0.5641989000000001,-0.071686606,0.08563600000000005,-0.23352520968430696,0.08282581610109607,0.9688167891560445,-13.492202169042883,4.290595998255781,13.497652233887843,13.547294893689317,13.645678234809635
3444,05/11/2023 10:04:51.876265,3624,True,True,True,True,Eyes,0.444569,0.07884879,-2.757842,0.9175538,-0.1743174,0.3573633,0.5496459,0.9488987,-0.01696408,-2.561419,-0.4431429,-0.8785457,-0.1782743,-0.002310269,0.06650312,0.5637805,0.3923301,0.06592724,-2.636498,0.1004318,0.65393,-0.08505068,0.7450204,15.12239,82.58549,0.2743029,0.1683024,0.0279595,-0.9853386,0.0,0.0,0.0,0.9555464,-0.003784776,-2.558744,-0.004034527,0.08104423,0.5670393,0.1302838,0.00462169,-0.9914659,0.2580796,0.9653597,0.03841302,0.9572988,-0.2608818,0.124578,static,-13.672844105112357,4.854885566941729,-0.4076568745001775,8.13392615689234,0.5632163,-0.069712016,0.0777540000000001,-0.23557673066262463,0.0822504670440084,0.9683690023257876,-13.613631906203638,4.256893519479488,13.614900684788333,13.664453865915757,13.763326582245284
3445,05/11/2023 10:04:51.885941,3625,True,True,True,True,Eyes,0.4421872,0.07834119,-2.751122,0.9221164,-0.1715603,0.3467974,0.5469822,0.9465686,-0.01549928,-2.56143,-0.5984641,-0.7808854,-0.1790497,-0.002099276,0.06732888,0.558991,0.393225,0.06413128,-2.628351,0.09908163,0.6590026,-0.08497255,0.7407281,14.99765,83.35372,0.2792017,0.1673811,0.02798518,-0.9854947,0.0,0.0,0.0,0.9555464,-0.003784776,-2.558744,-0.003661312,0.08104022,0.5648735,0.1169905,0.004706984,-0.9931219,0.2564732,0.965925,0.03479083,0.9594451,-0.2587793,0.1117969,static,-13.777938273181915,4.892474443168619,-0.3713659561703965,8.164294478645386,0.5623214000000001,-0.067916056,0.06960699999999997,-0.23734073992267168,0.08284913364023942,0.9678870918448237,-13.719434744071398,4.2926056892915785,13.74909546155233,13.800035783859649,13.898234220509627
3446,05/11/2023 10:04:51.906339,3626,True,True,True,True,Eyes,0.4400091,0.07790949,-2.744339,0.9265515,-0.1688376,0.336149,0.5449394,0.9449235,-0.01409679,-2.561159,-0.7081729,-0.6874503,-0.1609444,-0.002386581,0.06794903,0.5547948,0.3944821,0.06267709,-2.620658,0.09772293,0.6639834,-0.08493841,0.7364521,14.87623,84.11161,0.2766534,0.1665072,0.02799716,-0.9856424,0.0,0.0,0.0,0.9555464,-0.003784776,-2.558744,-0.003636811,0.080698,0.5625994,0.1038229,0.004666662,-0.9945847,0.2548789,0.9664714,0.0311411,0.961383,-0.2567319,0.09915251,static,-13.872112904211136,4.930003886084927,-0.37037191793580765,8.16270150253297,0.5610643,-0.06646186600000001,0.06191400000000025,-0.2389192692222692,0.0834498303819756,0.9674469887960406,-13.814248320511565,4.328453395398029,13.831454489221748,13.88334770650998,13.979959630657063
3447,05/11/2023 10:04:51.916606,3627,True,True,True,True,Eyes,0.4380598,0.07771347,-2.737513,0.9309238,-0.1659358,0.3253403,0.5428736,0.9434338,-0.01236868,-2.560894,-0.8074709,-0.5722339,-0.1433148,-0.001595289,0.06612901,0.5503749,0.396809,0.06398696,-2.612462,0.09552599,0.6685581,-0.08598518,0.7324695,14.76836,84.7898,0.1046587,0.1656816,0.02799955,-0.9857814,0.0,0.0,0.0,0.9555464,-0.003784776,-2.558744,-0.002615333,0.07755587,0.5600396,0.09127326,0.001766295,-0.9958245,0.2536924,0.9669626,0.02496757,0.9629692,-0.2549119,0.08780973,static,-13.895497549817602,4.9534491662995155,-0.26756403233290693,7.884336409262458,0.5587374,-0.067771736,0.05371799999999993,-0.23930630671036546,0.08383747727425239,0.9673178851365789,-13.837805977513852,4.351480990239503,13.887072109087905,13.939536290276866,14.02257229835055
3448,05/11/2023 10:04:51.936494,3628,True,True,True,True,Eyes,0.4363629,0.07742617,-2.730604,0.9352577,-0.1630819,0.3141613,0.5410977,0.9424287,-0.01081707,-2.560612,-0.8744804,-0.4688033,-0.1245295,0.0001433194,0.05935213,0.5468456,0.4000058,0.06919643,-2.604635,0.09086619,0.6723871,-0.08836669,0.7292671,14.55828,85.30176,359.6039,0.1649096,0.02800174,-0.9859109,0.0,0.0,0.0,0.9555464,-0.003784776,-2.558744,-0.0007140748,0.06947765,0.5578799,0.08017389,-0.006691338,-0.9967585,0.2510803,0.9678693,0.01369819,0.9646404,-0.2513647,0.07927795,static,-13.759998125756775,4.799633318581812,-0.07333737952053344,7.0989922177014755,0.5555406,-0.072981206,0.045891000000000126,-0.23706827585027618,0.08128624252674405,0.9680863459918495,-13.70128580587352,4.200085483944804,13.82955173715286,13.878462945496695,13.932861822409516
3449,05/11/2023 10:04:51.955861,3629,True,True,True,True,Eyes,0.4347816,0.0772316,-2.723609,0.939484,-0.1605115,0.3026647,0.5395865,0.9417145,-0.009378247,-2.560295,-0.9220987,-0.3728866,-0.103391,-0.002576634,0.06089595,0.54106,0.4037125,0.06642805,-2.595904,0.08583143,0.6797366,-0.09204227,0.7225783,14.42833,86.37794,359.0338,0.1641936,0.02800051,-0.9860304,0.0,0.0,0.0,0.9555464,-0.003784776,-2.558744,-0.0034003,0.06976434,0.5531299,0.05897292,-0.01632999,-0.9981261,0.249701,0.9683224,-0.001089128,0.9665257,-0.2491689,0.0611824,static,-14.172043127567127,4.6628391499499156,-0.35221452500926126,7.188558398737457,0.5518339000000001,-0.070212826,0.03716000000000008,-0.2440723562555368,0.07883358035791334,0.9665474639324048,-14.115820556596136,4.055935097067303,14.002419059411272,14.048733762434692,14.115600580311892
3450,05/11/2023 10:04:51.976181,3630,True,True,True,True,Eyes,0.4333778,0.07699431,-2.716557,0.9435536,-0.1581846,0.2910053,0.5382459,0.9412417,-0.008147925,-2.559924,-0.9535324,-0.2908431,-0.07865315,-0.001608048,0.06231815,0.5393199,0.4044014,0.06818754,-2.586895,0.08401749,0.6846312,-0.09697965,0.717507,14.67624,87.12963,358.571,0.1635332,0.02799959,-0.9861401,0.0,0.0,0.0,0.9555464,-0.003784776,-2.558744,-0.002266098,0.07015955,0.5520922,0.04375014,-0.02412519,-0.9987513,0.2542092,0.967072,-0.01222431,0.9661595,-0.2533568,0.04844241,static,-14.264693249729884,4.931131644260361,-0.23517289725317247,7.242294535966461,0.551145,-0.07197231600000001,0.02815100000000026,-0.2455449059161216,0.08332667378372152,0.9657971904043798,-14.209334379291631,4.322571592288115,14.166537976662655,14.218611578932649,14.275922779068576
3451,05/11/2023 10:04:51.991081,3631,True,True,True,True,Eyes,0.4320854,0.07677577,-2.70946,0.9474451,-0.1562614,0.2791595,0.5370908,0.9409496,-0.007150784,-2.559525,-0.9731057,-0.2243969,-0.05206978,-0.001718769,0.06585179,0.5358337,0.4064985,0.06678842,-2.578295,0.08404384,0.689895,-0.09936745,0.7121149,14.8805,87.98612,358.4846,0.1629277,0.02799745,-0.9862404,0.0,0.0,0.0,0.9555464,-0.003784776,-2.558744,-0.002171637,0.07284862,0.5490945,0.028342,-0.02555924,-0.9992715,0.2574849,0.9661255,-0.01740847,0.9658666,-0.2568039,0.03396301,static,-14.423006447973345,5.219379605841938,-0.22660031379518752,7.557323702508101,0.5490479,-0.070573196,0.019550999999999874,-0.2481097144513033,0.08812497733387689,0.9647152051507307,-14.368950469548901,4.607991007007644,14.328939553656824,14.3876311366975,14.446613142072266
3452,05/11/2023 10:04:52.006389,3632,True,True,True,True,Eyes,0.4309592,0.07660034,-2.702335,0.9511464,-0.1548323,0.2671093,0.5360079,0.9407811,-0.006390989,-2.559162,-0.9843953,-0.1737561,-0.02783265,-0.001030358,0.0694586,0.5339805,0.4074565,0.06711806,-2.570209,0.08715822,0.6942236,-0.1007357,0.7073255,15.25793,88.75784,358.7235,0.1623773,0.02799491,-0.9863313,0.0,0.0,0.0,0.9555464,-0.003784776,-2.558744,-0.001270276,0.07585636,0.5475448,0.01581175,-0.0214913,-0.999644,0.2635205,0.9645116,-0.0165678,0.9645241,-0.2631647,0.020914,static,-14.46701169368147,5.740608159630588,-0.13292304674118552,7.88749923431113,0.5480899,-0.070902836,0.01146500000000028,-0.24864729864417656,0.09688358638922054,0.963736470757466,-14.41376608466237,5.128430494979711,14.423048736319528,14.493972492898052,14.544928263215938
3453,05/11/2023 10:04:52.026251,3633,True,True,True,True,Eyes,0.4299361,0.07644247,-2.69519,0.9546939,-0.1538449,0.2547377,0.5349956,0.9406933,-0.00586389,-2.558907,-0.9902868,-0.1386173,-0.01082502,-0.002902,0.07388642,0.5306818,0.4100283,0.06809657,-2.562819,0.091335,0.6996452,-0.1038538,0.7009772,15.86485,89.74332,358.94,0.1618825,0.02799358,-0.9864126,0.0,0.0,0.0,0.9555464,-0.003784776,-2.558744,-0.003110025,0.07994407,0.5444013,-0.0005777929,-0.01779405,-0.9998415,0.2734024,0.9617446,-0.01727406,0.9618996,-0.273369,0.004309214,static,-14.7152524587682,6.447618292864429,-0.32731253262556603,8.354044436912416,0.5455181,-0.071881346,0.004075000000000273,-0.2525115118254649,0.10865577172784634,0.9614737913330524,-14.664308967106493,5.8310037270343,14.426030792816775,14.513692705889808,14.557307484078953
3454,05/11/2023 10:04:52.043860,3634,True,True,True,True,Eyes,0.4289932,0.07639937,-2.688062,0.9580082,-0.1532666,0.242342,0.5340731,0.9406396,-0.005456202,-2.558633,-0.9937453,-0.1114242,0.00740658,-0.004869311,0.07849727,0.5290554,0.4109186,0.06850018,-2.555313,0.09578016,0.7052414,-0.1057778,0.694458,16.39324,90.78112,359.294,0.1614408,0.02799397,-0.9864841,0.0,0.0,0.0,0.9555464,-0.003784776,-2.558744,-0.005033099,0.08430632,0.5428845,-0.01710871,-0.01182016,-0.9997839,0.2820127,0.9592745,-0.0161671,0.9592583,-0.2822283,-0.01307859,static,-14.993743867220479,7.086472206317624,-0.531175726790289,8.827142275525818,0.5446278,-0.072284956,-0.003430999999999962,-0.25686815252464984,0.1192277735800672,0.9590638649915413,-14.945226230323033,6.464881049468915,14.462092434806955,14.566942352684164,14.606338693133347
3455,05/11/2023 10:04:52.059610,3635,True,True,True,True,Eyes,0.4281404,0.07647828,-2.680988,0.9611745,-0.1525507,0.2299389,0.5331453,0.9405861,-0.00485342,-2.558398,-0.9971918,-0.07123093,0.02312278,-0.005006647,0.08135378,0.5283934,0.4114768,0.07124576,-2.54863,0.09946787,0.7090659,-0.1087353,0.6895713,16.94067,91.51769,359.4668,0.1610503,0.02800012,-0.9865472,0.0,0.0,0.0,0.9555464,-0.003784776,-2.558744,-0.005106362,0.08673565,0.542397,-0.02919537,-0.008902928,-0.999534,0.29102,0.9565656,-0.0170206,0.9562714,-0.2913813,-0.02533636,static,-14.99454245714449,7.722744001212536,-0.5393915305341579,9.085346355152522,0.5440696,-0.07503053600000001,-0.010113999999999734,-0.25653546597049975,0.12988251939419068,0.9577683013699434,-14.946676438498061,7.101134497823334,14.395085179128843,14.519231160293797,14.543278692028501
3456,05/11/2023 10:04:52.076256,3636,True,True,True,True,Eyes,0.4273942,0.07666355,-2.673962,0.9642102,-0.1516658,0.2174765,0.5322115,0.940558,-0.004054703,-2.558219,-0.9992242,-0.01799592,0.03503164,-0.00546325,0.0789617,0.5282208,0.4124174,0.07414547,-2.542906,0.09768253,0.7130055,-0.1102664,0.6855091,16.92775,92.14681,359.2884,0.1607087,0.02801592,-0.986602,0.0,0.0,0.0,0.9555464,-0.003784776,-2.558744,-0.005556861,0.08358592,0.5424901,-0.04107095,-0.0118809,-0.9990857,0.2904736,0.9565989,-0.02331659,0.9560012,-0.2911656,-0.03583727,static,-14.907378108560021,7.722089581030102,-0.5868743925989472,8.759151926395507,0.543129,-0.07793024600000001,-0.01583800000000002,-0.2550767096880651,0.12992343380469615,0.9581521936775168,-14.858955337558513,7.10203640838761,14.23505082588534,14.35800560617768,14.367961801852777
3457,05/11/2023 10:04:52.086333,3637,True,True,True,True,Eyes,0.4267699,0.07688726,-2.666955,0.9672068,-0.1503,0.2047464,0.5312291,0.9405784,-0.00295648,-2.558188,-0.9977857,0.0552156,0.03707894,-0.006459037,0.07440257,0.527923,0.4137881,0.07657329,-2.537041,0.09110248,0.7177567,-0.1127462,0.6810389,16.61489,92.80829,358.6372,0.1604147,0.02804429,-0.9866488,0.0,0.0,0.0,0.9555464,-0.003784776,-2.558744,-0.00671974,0.07788619,0.5425118,-0.05577284,-0.02279033,-0.9981834,0.284348,0.9579773,-0.03776008,0.9570975,-0.2859374,-0.04694871,static,-14.883412451269171,7.3263115258433515,-0.7096491790190608,8.169894516858088,0.5417583,-0.080358066,-0.021703000000000028,-0.25489284373378707,0.12330802975315812,0.959075044139351,-14.834434630337142,6.706688804592482,14.089473366043961,14.198844937547403,14.20037094593566
3458,05/11/2023 10:04:52.106469,3638,True,True,True,True,Eyes,0.4262361,0.07707806,-2.659932,0.970084,-0.1487739,0.1918421,0.5303147,0.9406858,-0.001818895,-2.558196,-0.9906999,0.1310579,0.03657338,-0.00811729,0.06992374,0.527094,0.4155582,0.07727324,-2.53047,0.08196914,0.7235404,-0.1155499,0.6755877,16.13877,93.60855,357.762,0.160168,0.02808545,-0.9866877,0.0,0.0,0.0,0.9555464,-0.003784776,-2.558744,-0.008592535,0.07215058,0.5419203,-0.07372501,-0.03751219,-0.996573,0.2747441,0.9598585,-0.05645535,0.9586868,-0.2779647,-0.0604593,static,-14.997526498228096,6.708616160900811,-0.9083895553320672,7.583687846417303,0.5399882,-0.08105801600000001,-0.02827399999999969,-0.2571230410850874,0.11289244478255565,0.9597619857880357,-14.948649049515675,6.086959892358572,14.025643025637283,14.116285993506589,14.119811657117587
3459,05/11/2023 10:04:52.126281,3639,True,True,True,True,Eyes,0.4257768,0.07724596,-2.652876,0.9727886,-0.1472172,0.1789119,0.5295101,0.9408782,-0.0007070228,-2.55814,-0.9778931,0.2051865,0.04029337,-0.009281114,0.06841351,0.5265058,0.4166625,0.0763825,-2.523067,0.07511596,0.7292646,-0.1175901,0.6698533,15.79176,94.46658,357.1421,0.1599672,0.02813698,-0.9867188,0.0,0.0,0.0,0.9555464,-0.003784776,-2.558744,-0.009871878,0.06941622,0.5414604,-0.09130841,-0.04797743,-0.9946663,0.2670951,0.9610603,-0.07087526,0.9593346,-0.2721419,-0.07493833,static,-15.140113164466776,6.281688987906311,-1.0444979663599459,7.305574224597961,0.5388839000000001,-0.08016727600000001,-0.03567699999999974,-0.25971832325782346,0.10566195376506744,0.9598864392823262,-15.091711578234765,5.657489565569182,14.05374890286622,14.13275305066268,14.143563670481608
3460,05/11/2023 10:04:52.144246,3640,True,True,True,True,Eyes,0.4253966,0.07742347,-2.645807,0.9752725,-0.1458183,0.1660739,0.5288143,0.9411346,0.0003126934,-2.557985,-0.9606459,0.273125,0.05061698,-0.007896505,0.06939006,0.5260659,0.4176023,0.07584838,-2.515194,0.07244945,0.7332887,-0.1191349,0.6654666,15.73247,95.1214,356.8848,0.1598107,0.02819708,-0.9867425,0.0,0.0,0.0,0.9555464,-0.003784776,-2.558744,-0.008424293,0.06932778,0.5410587,-0.1038108,-0.05230787,-0.9932207,0.2648133,0.9611159,-0.07829516,0.9586956,-0.2711459,-0.08592241,static,-15.070340632672565,6.246973958130696,-0.8920241659697623,7.30172552080494,0.5379441,-0.07963315600000001,-0.043549999999999756,-0.25856430841386596,0.10511403579032821,0.9602580403343042,-15.021458640259926,5.624020553053462,14.138537986404954,14.217494810582476,14.228689768284266
3461,05/11/2023 10:04:52.156396,3641,True,True,True,True,Eyes,0.425103,0.07762656,-2.638737,0.9775435,-0.1445726,0.1533218,0.5282138,0.9414549,0.001261309,-2.55775,-0.9393883,0.3363909,0.06626162,-0.006093364,0.07136403,0.5255069,0.4187957,0.07627796,-2.507878,0.07320809,0.736486,-0.1200919,0.6616699,15.8888,95.701,356.9551,0.1596973,0.02826533,-0.986759,0.0,0.0,0.0,0.9555464,-0.003784776,-2.558744,-0.00645107,0.0703561,0.5404693,-0.1136673,-0.05108892,-0.9922045,0.2667558,0.960437,-0.08001281,0.9570377,-0.2737711,-0.09554197,static,-14.916262794987375,6.512500619389803,-0.6838529639209935,7.416825080355959,0.5367507,-0.08006273600000001,-0.05086600000000008,-0.25585514119556957,0.1096448225185087,0.9604771028176207,-14.866667628203512,5.89229658080782,14.174328722074163,14.261111188478154,14.26451607827345
3462,05/11/2023 10:04:52.176153,3642,True,True,True,True,Eyes,0.4248722,0.07787021,-2.631679,0.9796106,-0.1434465,0.140664,0.5277257,0.941838,0.002169773,-2.557447,-0.9137724,0.3969165,0.08647047,-0.004963942,0.07255154,0.524976,0.4202579,0.07722759,-2.500802,0.07530473,0.7399836,-0.1196264,0.6576041,16.02666,96.36139,357.2636,0.1596259,0.02834193,-0.9867685,0.0,0.0,0.0,0.9555464,-0.003784776,-2.558744,-0.005101323,0.07062072,0.5398526,-0.1237723,-0.04588514,-0.9912493,0.2687822,0.9600374,-0.0780018,0.9552154,-0.2760846,-0.1064929,static,-14.8201191823221,6.805848159117051,-0.5413988534939775,7.4528171345937455,0.5352885000000001,-0.081012366,-0.057941999999999716,-0.25409961197550857,0.11461575551375532,0.9603628494858167,-14.7702087165931,6.1873588879926205,14.197822811442878,14.293369899506514,14.284971637847857
3463,05/11/2023 10:04:52.186242,3643,True,True,True,True,Eyes,0.4247302,0.07814725,-2.62465,0.98148,-0.1424745,0.1280544,0.5273121,0.9422765,0.003018692,-2.557125,-0.8846584,0.4535654,0.1079721,-0.003852949,0.07331944,0.5251572,0.4212384,0.07868513,-2.49408,0.07827854,0.7432294,-0.1183998,0.6538073,16.16202,96.99892,357.7049,0.1595946,0.02842762,-0.9867713,0.0,0.0,0.0,0.9555464,-0.003784776,-2.558744,-0.003749624,0.07050788,0.539891,-0.1328169,-0.03846345,-0.990394,0.2711791,0.9597079,-0.07363821,0.9533214,-0.2783545,-0.117035,static,-14.686692399267756,7.1221448613331,-0.3979213875061628,7.440519026970395,0.534308,-0.08246990600000001,-0.06466400000000005,-0.2517014129200753,0.11999329344883893,0.9603373944458007,-14.636252095935113,6.506035904275624,14.18713892281478,14.292317486534634,14.26896352469906
3464,05/11/2023 10:04:52.206854,3644,True,True,True,True,Eyes,0.4246456,0.07846916,-2.617645,0.9831712,-0.1415375,0.1155055,0.5270243,0.9428007,0.003875449,-2.556771,-0.8496591,0.5106518,0.1315836,-0.003903031,0.07350284,0.5248235,0.4228937,0.07999013,-2.487772,0.08105577,0.746998,-0.116712,0.6494632,16.23948,97.7308,358.1794,0.1596028,0.02852279,-0.9867674,0.0,0.0,0.0,0.9555464,-0.003784776,-2.558744,-0.003542602,0.06976401,0.5393465,-0.143255,-0.03050328,-0.9892156,0.2726972,0.9596165,-0.06908171,0.9513749,-0.2796526,-0.1291517,static,-14.640138092595638,7.377764238140831,-0.3763317722081804,7.370237728462672,0.5326527000000001,-0.08377490600000001,-0.07097199999999981,-0.25078685893233743,0.12430702359863469,0.9600279726220695,-14.589660522014556,6.762484869824034,14.150858746197967,14.26380830612474,14.226316378010715
3465,05/11/2023 10:04:52.226429,3645,True,True,True,True,Eyes,0.4246281,0.07878428,-2.61071,0.98468,-0.14069,0.103013,0.5268108,0.9433682,0.004667252,-2.556442,-0.811794,0.5634094,0.1534937,-0.003568873,0.07306892,0.5254356,0.4238603,0.08158962,-2.481416,0.08328125,0.7505287,-0.1149287,0.6454165,16.2612,98.41322,358.6066,0.1596486,0.02862824,-0.986757,0.0,0.0,0.0,0.9555464,-0.003784776,-2.558744,-0.002959974,0.06843615,0.5396909,-0.1530036,-0.0233438,-0.9879499,0.2733636,0.9597113,-0.06501232,0.9496643,-0.2800167,-0.1404579,static,-14.548286113271113,7.562462167388173,-0.3142397198211773,7.226888884279938,0.5316860999999999,-0.085374396,-0.07732800000000006,-0.24914710726129358,0.127456822577239,0.9600419438706022,-14.497410223145124,6.9488216370726095,14.119206225311599,14.238001480517593,14.185896056306346
3466,05/11/2023 10:04:52.236323,3646,True,True,True,True,Eyes,0.4246573,0.079193,-2.603853,0.9860122,-0.1398829,0.09062479,0.5267779,0.9440666,0.005505785,-2.556114,-0.7652847,0.6193456,0.1753577,-0.004768625,0.07284001,0.5255429,0.4251393,0.08201473,-2.476212,0.08565656,0.7543606,-0.1119919,0.6411405,16.18862,99.15479,359.1425,0.1597305,0.02874268,-0.9867405,0.0,0.0,0.0,0.9555464,-0.003784776,-2.558744,-0.003913715,0.06720644,0.5394191,-0.1632039,-0.01437323,-0.9864877,0.2728369,0.9602415,-0.05912874,0.9481164,-0.2788003,-0.1527936,static,-14.502016518566556,7.67318828017781,-0.4156979556317354,7.1019077352096,0.5304071,-0.085799506,-0.08253200000000005,-0.24831067401707668,0.1293405838405273,0.9600067496454235,-14.45095794979312,7.060373185897077,13.976486150190379,14.097898145381151,14.035321450629253
3467,05/11/2023 10:04:52.255959,3647,True,True,True,True,Eyes,0.4247897,0.07966167,-2.597088,0.9871826,-0.1391401,0.07817044,0.5268307,0.9448677,0.006358378,-2.555906,-0.7119496,0.6762481,0.1892513,-0.00508035,0.0714697,0.5267001,0.4259954,0.08478164,-2.471242,0.08669038,0.7574015,-0.1114026,0.6375089,16.21752,99.73384,359.3602,0.1598464,0.02886879,-0.9867181,0.0,0.0,0.0,0.9555464,-0.003784776,-2.558744,-0.00401371,0.06481512,0.5400997,-0.1721347,-0.01072148,-0.9850152,0.2733591,0.9601485,-0.05822121,0.9463851,-0.2792847,-0.162344,static,-14.335097619590956,7.808621701898135,-0.4257814064857973,6.8431034599049925,0.529551,-0.08856641600000001,-0.08750199999999975,-0.24543564436271503,0.13170895306165298,0.9604239517110273,-14.283111764282562,7.1987860880762655,13.817888605349639,13.942786772800176,13.86189434302176
3468,05/11/2023 10:04:52.265980,3648,True,True,True,True,Eyes,0.4249908,0.08015817,-2.590376,0.9882187,-0.1382898,0.06557296,0.5270588,0.9458402,0.007271282,-2.555815,-0.6470431,0.7370247,0.1952684,-0.007860407,0.06960103,0.526619,0.4281668,0.08667228,-2.46669,0.08519406,0.7619497,-0.1116693,0.6322221,16.13466,100.536,359.3217,0.1599962,0.02900764,-0.9866896,0.0,0.0,0.0,0.9555464,-0.003784776,-2.558744,-0.006662861,0.06179474,0.5393725,-0.1860744,-0.01137241,-0.9824699,0.2710267,0.9605439,-0.0624496,0.9444157,-0.2778958,-0.1756504,static,-14.410931587355863,7.763332243595029,-0.707737970495589,6.535757209461028,0.5273796,-0.09045705600000001,-0.09205400000000008,-0.24673309540478855,0.1309052478991742,0.960201372942842,-14.359383515193802,7.1521428990596805,13.635296611868505,13.758068751303332,13.66555368056562
3469,05/11/2023 10:04:52.285896,3649,True,True,True,True,Eyes,0.4252617,0.08069486,-2.583704,0.9890823,-0.1375266,0.0529396,0.5274599,0.9469629,0.0081551,-2.55578,-0.5722005,0.7959473,0.1976221,-0.01081049,0.06757461,0.5275868,0.4295171,0.08778752,-2.461231,0.08226144,0.7671363,-0.1116682,0.6263108,15.92458,101.4278,359.1857,0.1601791,0.02915909,-0.9866554,0.0,0.0,0.0,0.9555464,-0.003784776,-2.558744,-0.009477645,0.05858047,0.539518,-0.2019358,-0.01366649,-0.9793035,0.2660894,0.9615265,-0.06828694,0.9425597,-0.2743719,-0.1905301,static,-14.58077800837988,7.556229652454166,-1.0064042531761273,6.196857413060344,0.5260293,-0.091572296,-0.09751299999999974,-0.24969546351280003,0.1273338117800084,0.9599157457859055,-14.530103075725963,6.94200901674541,13.525880684584394,13.642269449442752,13.544212075846652
3470,05/11/2023 10:04:52.305755,3650,True,True,True,True,Eyes,0.4256095,0.08124268,-2.577059,0.9897966,-0.136667,0.04030709,0.5281672,0.9483877,0.009059623,-2.55577,-0.4771644,0.8561527,0.1982841,-0.01223496,0.06567883,0.5288296,0.4310419,0.08919233,-2.455489,0.07919466,0.7714927,-0.1121466,0.6212491,15.74996,102.1729,358.9792,0.1603944,0.02932348,-0.9866154,0.0,0.0,0.0,0.9555464,-0.003784776,-2.558744,-0.01065349,0.0554129,0.5396547,-0.2155557,-0.0171457,-0.976341,0.2615381,0.9623027,-0.07464132,0.9408154,-0.2714398,-0.2029455,static,-14.615120464133684,7.379254116507432,-1.130946766032437,5.86270620659368,0.5245045,-0.092977106,-0.10325499999999987,-0.2503663981074317,0.12434595498001305,0.9601325897727082,-14.564484801037688,6.764421430412663,13.457890630017387,13.569187812232139,13.4637674698726
3471,05/11/2023 10:04:52.316264,3651,True,True,True,True,Eyes,0.4260424,0.08177381,-2.570458,0.9903209,-0.1359949,0.02774715,0.5290555,0.949977,0.009824984,-2.555779,-0.3712544,0.9072411,0.1976961,-0.01278802,0.0641804,0.5299591,0.432849,0.08995165,-2.449489,0.07654803,0.7754694,-0.1121286,0.6166157,15.56349,102.861,358.8366,0.1606416,0.02950003,-0.9865696,0.0,0.0,0.0,0.9555464,-0.003784776,-2.558744,-0.01090366,0.05273945,0.539477,-0.2278511,-0.01955921,-0.9734995,0.2570018,0.9631351,-0.07950316,0.9391667,-0.268306,-0.2144247,static,-14.587493715852327,7.1984088578910415,-1.1578781873514674,5.583512105862107,0.5226974,-0.093736426,-0.1092550000000001,-0.24999755306794502,0.12132678403092012,0.960614926530239,-14.536498041759396,6.5840706114555285,13.420230881443505,13.526361845044107,13.415982503412613
3472,05/11/2023 10:04:52.336486,3652,True,True,True,True,Eyes,0.4265581,0.08226421,-2.563899,0.9906794,-0.13537,0.01514225,0.5302881,0.9519036,0.0104791,-2.555869,-0.2428549,0.9509313,0.1917058,-0.01382871,0.06391944,0.5308855,0.4349364,0.0900793,-2.443953,0.07506043,0.7793768,-0.1120318,0.6118715,15.45519,103.5685,358.8052,0.1609209,0.02968695,-0.9865181,0.0,0.0,0.0,0.9555464,-0.003784776,-2.558744,-0.011625,0.05133801,0.5387499,-0.2399587,-0.02009735,-0.9705752,0.2540988,0.9636297,-0.08277525,0.9369386,-0.2664846,-0.2261246,static,-14.567266091339683,7.120528400138715,-1.2361210517323256,5.443335280326598,0.52061,-0.093864076,-0.11479099999999987,-0.24969803765222848,0.12003051658839685,0.9608556412383553,-14.516062234639243,6.506551819919898,13.332537840422358,13.436234771251689,13.322434733618774
3473,05/11/2023 10:04:52.355997,3653,True,True,True,True,Eyes,0.4271339,0.08274121,-2.557359,0.9908208,-0.1351559,0.002661634,0.531753,0.9540058,0.01087165,-2.555944,-0.1026964,0.9770342,0.1867019,-0.01564737,0.06533743,0.5317981,0.4370041,0.08962985,-2.438345,0.07498,0.7835466,-0.1123621,0.6064712,15.48751,104.3678,358.8829,0.1612321,0.02988173,-0.986461,0.0,0.0,0.0,0.9555464,-0.003784776,-2.558744,-0.01305296,0.0518453,0.5378196,-0.253141,-0.01878814,-0.9672468,0.2537894,0.9635055,-0.08513548,0.9335471,-0.2670283,-0.2391345,static,-14.63792342688726,7.181152296804081,-1.390303972534558,5.506244831971785,0.5185423,-0.093414626,-0.12039899999999992,-0.25085274054253515,0.12100980790761141,0.9604319800305811,-14.587231947512652,6.565913734633866,13.24786030205962,13.353079653139762,13.23940354245721
3474,05/11/2023 10:04:52.376031,3654,True,True,True,True,Eyes,0.4277618,0.08320197,-2.550859,0.9907991,-0.1349877,-0.00977993,0.0,0.0,0.0,0.0,0.0,0.0,0.0,-2.226581,-0.4123308,-0.9943562,0.4386081,0.08982541,-2.432279,0.07572632,0.7873042,-0.1136119,0.601257,15.66166,105.1205,358.9657,0.1615745,0.03008314,-0.9863985,0.0,0.0,0.0,0.9555464,-0.003784776,-2.558744,-0.0137194,0.05325108,0.5375476,-0.265511,-0.01738056,-0.963951,0.2558591,0.9627157,-0.08783226,0.9295374,-0.2699561,-0.2511646,static,-14.670636496216709,7.3848760304039045,-1.4619972407280406,5.657433843397852,0.5169383000000001,-0.093610186,-0.12646500000000005,-0.2512946226263599,0.1244092717761999,0.9598820388350309,-14.6203607244272,6.769052064917862,13.20996329987938,13.321118852824807,13.205234743826512
3475,05/11/2023 10:04:52.386503,3655,True,True,True,True,Eyes,0.4284455,0.08362918,-2.544406,0.9905909,-0.135063,-0.02208519,0.0,0.0,0.0,0.0,0.0,0.0,0.0,-2.209272,-0.4118322,-1.019931,0.44012,0.09001007,-2.426713,0.07695393,0.7907401,-0.1133336,0.5966271,15.72738,105.8184,359.1943,0.1619469,0.03028997,-0.9863306,0.0,0.0,0.0,0.9555464,-0.003784776,-2.558744,-0.01422469,0.05369834,0.5374087,-0.2762285,-0.01353473,-0.9609967,0.2569369,0.9624671,-0.0874093,0.9261108,-0.2710605,-0.2623833,static,-14.631746503772186,7.505617204816248,-1.5162100019558808,5.706103664639052,0.5154264,-0.093794846,-0.132031,-0.2505776577392641,0.12645605527896922,0.9598019609660797,-14.581345309831608,6.890486847625132,13.123978817424799,13.238411789627822,13.118708935609526
3476,05/11/2023 10:04:52.406365,3656,True,True,True,True,Eyes,0.4291762,0.08402786,-2.538012,0.9902189,-0.1352207,-0.03437989,0.0,0.0,0.0,0.0,0.0,0.0,0.0,-2.191559,-0.4117672,-1.045863,0.4417687,0.08977669,-2.421382,0.07816555,0.7942011,-0.1132018,0.5918787,15.8035,106.528,359.4137,0.1623475,0.03049992,-0.9862586,0.0,0.0,0.0,0.9555464,-0.003784776,-2.558744,-0.01503398,0.05460663,0.5370119,-0.2871398,-0.009845205,-0.9578382,0.2581618,0.9621511,-0.08728098,0.9224443,-0.2723391,-0.2737302,static,-14.605437046935005,7.628673014275373,-1.6036118962261132,5.80622533342152,0.5137777,-0.09356146600000001,-0.13736199999999998,-0.25006952736925636,0.12853459646012533,0.9596583628855958,-14.554993043536049,7.014011624021283,13.011414032541065,13.128928851930606,13.007575536842213
3477,05/11/2023 10:04:52.426290,3657,True,True,True,True,Eyes,0.4299587,0.08439763,-2.531668,0.9896628,-0.1356252,-0.04661885,0.0,0.0,0.0,0.0,0.0,0.0,0.0,-2.173085,-0.4152694,-1.071754,0.4432299,0.08956176,-2.416388,0.079219,0.7977214,-0.1137744,0.5868735,15.93244,107.2575,359.5738,0.1627763,0.03071217,-0.9861816,0.0,0.0,0.0,0.9555464,-0.003784776,-2.558744,-0.01645562,0.05601303,0.5366928,-0.2986078,-0.007153023,-0.9543492,0.2599318,0.9615595,-0.0885375,0.9182968,-0.2745036,-0.2852699,static,-14.6096664294559,7.773518496003508,-1.756204454332134,5.958219188357156,0.5123165000000001,-0.09334653600000001,-0.14235599999999993,-0.2500602810449592,0.13096054380923552,0.95933266470141,-14.559396587731145,7.158780659237529,12.859991271104406,12.981016767660918,12.85935755199663
3478,05/11/2023 10:04:52.436501,3658,True,True,True,True,Eyes,0.4307874,0.08475244,-2.525348,0.9889456,-0.1360596,-0.05894453,0.0,0.0,0.0,0.0,0.0,0.0,0.0,-2.150507,-0.4228779,-1.102789,0.4447678,0.08932421,-2.411194,0.07943217,0.8020282,-0.1146875,0.5807651,16.03522,108.1332,359.6543,0.1632332,0.03092578,-0.9860997,0.0,0.0,0.0,0.9555464,-0.003784776,-2.558744,-0.01909021,0.05716863,0.5363791,-0.3128049,-0.005799347,-0.9497997,0.2606268,0.9610746,-0.09170242,0.9133601,-0.2762282,-0.2991174,static,-14.762642470857173,7.864083862510002,-2.038347459035859,6.083760451117084,0.5107786000000001,-0.093108986,-0.14754999999999985,-0.2525724570171098,0.13238752104311563,0.9584783619659022,-14.713440603712868,7.246614044240327,12.724900814344318,12.848238595115461,12.728323326553179
3479,05/11/2023 10:04:52.456188,3659,True,True,True,True,Eyes,0.4316523,0.08508005,-2.519042,0.9880728,-0.1365536,-0.07117176,0.0,0.0,0.0,0.0,0.0,0.0,0.0,-2.126777,-0.4324686,-1.132621,0.4462261,0.08931591,-2.405399,0.07890243,0.8062782,-0.1156794,0.5747244,16.09518,108.9882,359.6581,0.1637159,0.03113943,-0.9860132,0.0,0.0,0.0,0.9555464,-0.003784776,-2.558744,-0.02106369,0.05777388,0.5364774,-0.3269325,-0.00573295,-0.9450303,0.2602022,0.9607853,-0.09584528,0.9085207,-0.2772339,-0.3126203,static,-14.907941987863817,7.88925260506313,-2.2484469124478683,6.146561339758843,0.5093203,-0.093100686,-0.15334499999999984,-0.25499082270032813,0.13272146055503065,0.9577916565939835,-14.859692670639308,7.26918829039081,12.654917666768055,12.778880561717779,12.66111412332212
3480,05/11/2023 10:04:52.476054,3660,True,True,True,True,Eyes,0.4325645,0.08536464,-2.512754,0.9870564,-0.1369648,-0.0834286,0.0,0.0,0.0,0.0,0.0,0.0,0.0,-2.104027,-0.4394305,-1.159859,0.4475237,0.08902603,-2.399395,0.0777621,0.8102068,-0.115955,0.5692737,16.0473,109.7636,359.6415,0.1642244,0.03135257,-0.9859221,0.0,0.0,0.0,0.9555464,-0.003784776,-2.558744,-0.02218126,0.05772383,0.536907,-0.339761,-0.006013495,-0.9404926,0.258027,0.961015,-0.09935918,0.904425,-0.2764309,-0.3249638,static,-14.97003293898146,7.809632244708488,-2.365717494000306,6.1364008615024135,0.5080226999999999,-0.09281080600000001,-0.15934899999999974,-0.25607574742187295,0.13135137511962794,0.9576910004560297,-14.922098843748804,7.188459802558921,12.593839664973832,12.714891706119095,12.600378590176124
3481,05/11/2023 10:04:52.486483,3661,True,True,True,True,Eyes,0.4335279,0.08561862,-2.506475,0.985907,-0.1373242,-0.09554875,0.0,0.0,0.0,0.0,0.0,0.0,0.0,-2.080885,-0.4463845,-1.186925,0.4491485,0.08825485,-2.393452,0.07606695,0.8140898,-0.116097,0.5639088,15.95107,110.5212,359.5778,0.1647572,0.03156322,-0.9858267,0.0,0.0,0.0,0.9555464,-0.003784776,-2.558744,-0.02314137,0.05759446,0.5370094,-0.3524414,-0.007085542,-0.935807,0.2547868,0.9614706,-0.1032371,0.9004824,-0.2748163,-0.3370566,static,-15.025759264951308,7.672746747354269,-2.467522929620838,6.121593950714642,0.5063979000000001,-0.092039626,-0.165292,-0.25708621536266735,0.12902717144885562,0.9577362784606263,-14.978041599150593,7.050580186520843,12.53749520900179,12.653670410301407,12.54496284597806
3482,05/11/2023 10:04:52.506424,3662,True,True,True,True,Eyes,0.434544,0.08582124,-2.500203,0.9846171,-0.1375665,-0.1077244,0.0,0.0,0.0,0.0,0.0,0.0,0.0,-2.056975,-0.4526154,-1.214227,0.450902,0.08778384,-2.387328,0.07422693,0.8180162,-0.1159643,0.5584731,15.82076,111.2891,359.5183,0.1653145,0.03177065,-0.9857269,0.0,0.0,0.0,0.9555464,-0.003784776,-2.558744,-0.02398288,0.05686021,0.5372394,-0.3651964,-0.00808827,-0.9308955,0.2509636,0.9620852,-0.1068139,0.8964648,-0.2726289,-0.3493203,static,-15.086001458579064,7.50945153335613,-2.5560413233963164,6.0415649961377795,0.5046444,-0.091568616,-0.1714159999999998,-0.2581857656533327,0.12625873662919132,0.9578093566722049,-15.038502197118582,6.88621039232013,12.504666433402337,12.615648690234512,12.51100536764729
3483,05/11/2023 10:04:52.526224,3663,True,True,True,True,Eyes,0.4356035,0.08595073,-2.49392,0.9831944,-0.1377921,-0.1197589,0.0,0.0,0.0,0.0,0.0,0.0,0.0,-2.032106,-0.4569949,-1.242586,0.452753,0.08675086,-2.381135,0.07240936,0.8220569,-0.1155502,0.5528359,15.66657,112.0868,359.4816,0.1658959,0.03197312,-0.9856229,0.0,0.0,0.0,0.9555464,-0.003784776,-2.558744,-0.02499186,0.05644791,0.5373379,-0.3782589,-0.008711335,-0.9256589,0.2468098,0.9628101,-0.1099167,0.8921914,-0.2700386,-0.3620415,static,-15.179207555317378,7.327394272467344,-2.662936877307685,5.996985924138179,0.5027934000000001,-0.090535636,-0.1776089999999999,-0.25984561408827217,0.12315790746563285,0.9577643091130281,-15.132117935557238,6.702490098588751,12.481640703698197,12.586779495109509,12.48912376444307
3484,05/11/2023 10:04:52.536588,3664,True,True,True,True,Eyes,0.4366938,0.08601295,-2.487622,0.9816297,-0.1379523,-0.1318043,0.0,0.0,0.0,0.0,0.0,0.0,0.0,-2.006279,-0.4588897,-1.271422,0.4543908,0.08518296,-2.374557,0.07121895,0.8261653,-0.1149944,0.5469509,15.54025,112.9222,359.5174,0.1665019,0.03216863,-0.9855144,0.0,0.0,0.0,0.9555464,-0.003784776,-2.558744,-0.02602841,0.05695176,0.537658,-0.3915454,-0.008115361,-0.9201231,0.2434698,0.9634083,-0.1121023,0.887364,-0.2679153,-0.3752422,static,-15.301095045746475,7.194720157679967,-2.7715660501875146,6.046544003016977,0.5011556,-0.088967736,-0.1841870000000001,-0.2619567877537975,0.12086832051527766,0.9574808452086121,-15.254648226828067,6.567640525082538,12.48144640306155,12.58202707566191,12.493953826314144
3485,05/11/2023 10:04:52.555838,3665,True,True,True,True,Eyes,0.4378439,0.08603294,-2.481318,0.979932,-0.1380811,-0.1437604,0.0,0.0,0.0,0.0,0.0,0.0,0.0,-1.982243,-0.4599658,-1.29629,0.4558227,0.08367051,-2.367794,0.07049993,0.8297619,-0.1145847,0.54166,15.45789,113.6703,359.5758,0.1671312,0.0323551,-0.9854019,0.0,0.0,0.0,0.9555464,-0.003784776,-2.558744,-0.02616848,0.05793483,0.5383244,-0.4032686,-0.007135629,-0.915054,0.2411282,0.9638002,-0.1137821,0.8827411,-0.26653,-0.3869498,static,-15.339599063381895,7.118053034027014,-2.783013616023487,6.142567874331988,0.4997237,-0.08745528600000001,-0.19094999999999995,-0.2626419733106731,0.11956394091135972,0.9574569574130165,-15.293319988363237,6.490286401597818,12.49686231683378,12.59441977201007,12.515137782062508
3486,05/11/2023 10:04:52.575999,3666,True,True,True,True,Eyes,0.4390475,0.08596198,-2.474982,0.9780748,-0.1381428,-0.1558405,0.0,0.0,0.0,0.0,0.0,0.0,0.0,-1.954387,-0.4659583,-1.324903,0.4579271,0.08268803,-2.361267,0.06891065,0.8338941,-0.1146797,0.5354629,15.3705,114.5258,359.5315,0.1677848,0.03253196,-0.9852852,0.0,0.0,0.0,0.9555464,-0.003784776,-2.558744,-0.02737951,0.05812428,0.5384905,-0.4170618,-0.007885086,-0.9088441,0.2377418,0.9641998,-0.1174633,0.8772334,-0.2650596,-0.4002562,static,-15.488662813434887,7.00788603106069,-2.9106931885403853,6.160613862588175,0.49761930000000004,-0.086472806,-0.19747700000000012,-0.26519347756751693,0.11763755759859533,0.9569920759990722,-15.443222786946848,6.377458560989633,12.512411790523952,12.606474130867714,12.534405440951671
3487,05/11/2023 10:04:52.586381,3667,True,True,True,True,Eyes,0.4402961,0.08584763,-2.468595,0.9760889,-0.1382211,-0.1677656,0.0,0.0,0.0,0.0,0.0,0.0,0.0,-1.924325,-0.4697756,-1.354909,0.4599191,0.08043352,-2.354039,0.06738473,0.8382372,-0.1145985,0.5288525,15.27158,115.4379,359.5104,0.1684631,0.03269665,-0.9851641,0.0,0.0,0.0,0.9555464,-0.003784776,-2.558744,-0.028538,0.05956295,0.5387777,-0.4315488,-0.008242568,-0.902052,0.2341802,0.964653,-0.1208482,0.8711633,-0.2633945,-0.4143646,static,-15.698111960188307,6.888177956690381,-3.0320118396692313,6.30854552672818,0.4956273,-0.084218296,-0.2047049999999997,-0.2687573120604956,0.11551944447704882,0.9562555489478275,-15.65388653160978,6.254011524097186,12.58959301592465,12.679355899132938,12.621992501047222
3488,05/11/2023 10:04:52.610175,3668,True,True,True,True,Eyes,0.4415959,0.08570118,-2.46219,0.9739679,-0.1382072,-0.1796814,0.0,0.0,0.0,0.0,0.0,0.0,0.0,-1.896898,-0.4732265,-1.379427,0.4618122,0.07932297,-2.346363,0.06668127,0.8418883,-0.1146914,0.5230905,15.24075,116.2309,359.5421,0.1691644,0.03284834,-0.9850391,0.0,0.0,0.0,0.9555464,-0.003784776,-2.558744,-0.02820107,0.06069262,0.5397288,-0.4438599,-0.007711616,-0.8960631,0.2322643,0.964799,-0.123354,0.8654721,-0.2628754,-0.4264444,static,-15.785681055717042,6.862422885421341,-2.9910100293831032,6.415969936411823,0.4937342,-0.08310774600000001,-0.2123809999999997,-0.2702336651499879,0.11504023146885303,0.9558972838288682,-15.74198812667824,6.226693064956415,12.713461985482802,12.802457846358584,12.752382842895216
3489,05/11/2023 10:04:52.625984,3669,True,True,True,True,Eyes,0.4429808,0.08550651,-2.455766,0.971718,-0.1380695,-0.1915751,0.0,0.0,0.0,0.0,0.0,0.0,0.0,-1.871609,-0.4740359,-1.402399,0.4639606,0.07843412,-2.339432,0.06557453,0.84526,-0.114033,0.5179111,15.11153,116.9492,359.569,0.1698908,0.03298748,-0.9849094,0.0,0.0,0.0,0.9555464,-0.003784776,-2.558744,-0.02774642,0.06056786,0.5404408,-0.4549361,-0.007262847,-0.8904944,0.228973,0.9653929,-0.1248515,0.8605838,-0.2606987,-0.4375291,static,-15.796272753477185,6.748064967624473,-2.939004963976514,6.394525356923685,0.4915858,-0.082218896,-0.21931199999999995,-0.2704702545083795,0.11312429871621715,0.9560590001461188,-15.752531196440822,6.112146766212296,12.776242256104442,12.862127556017548,12.816637319458765
3490,05/11/2023 10:04:52.636555,3670,True,True,True,True,Eyes,0.4444278,0.08525584,-2.449295,0.9693065,-0.1378976,-0.2035417,0.0,0.0,0.0,0.0,0.0,0.0,0.0,-1.840186,-0.4750562,-1.432529,0.4668744,0.07707335,-2.332422,0.06360139,0.8495794,-0.1130061,0.5112721,14.89513,117.8634,359.5562,0.170643,0.03311327,-0.9847752,0.0,0.0,0.0,0.9555464,-0.003784776,-2.558744,-0.02876899,0.05987782,0.5405065,-0.4691111,-0.007484905,-0.8831073,0.2236226,0.9663689,-0.1269801,0.8543578,-0.2570506,-0.4516607,static,-15.996805254318206,6.528274582138387,-3.04674922774534,6.321504552463064,0.488672,-0.080858126,-0.2263219999999997,-0.2739313365705668,0.10934465408994823,0.9555131773730348,-15.954119714311508,5.88877726860988,12.871688362669353,12.95170664185026,12.914622169450809
3491,05/11/2023 10:04:52.656189,3671,True,True,True,True,Eyes,0.445942,0.08493,-2.442781,0.9667364,-0.1377807,-0.215493,0.0,0.0,0.0,0.0,0.0,0.0,0.0,-1.809566,-0.4785702,-1.458285,0.4693594,0.0754805,-2.324684,0.06241367,0.8534204,-0.1130467,0.5049741,14.83209,118.7149,359.5471,0.1714215,0.03322482,-0.9846363,0.0,0.0,0.0,0.9555464,-0.003784776,-2.558744,-0.02879751,0.06108909,0.5411874,-0.4822119,-0.007641096,-0.8760216,0.2207015,0.9666499,-0.1299182,0.8477989,-0.2559873,-0.4644436,static,-16.139274678509818,6.462551152219306,-3.045934049846452,6.440271081438977,0.48618700000000004,-0.07926527600000001,-0.23405999999999993,-0.27634212024685123,0.10817086666300699,0.9549524164110473,-16.097431276485406,5.820510457751779,13.015282015294394,13.093359584910237,13.066203851449641
3492,05/11/2023 10:04:52.666063,3672,True,True,True,True,Eyes,0.4475456,0.08464619,-2.436224,0.96397,-0.1379214,-0.2274632,0.0,0.0,0.0,0.0,0.0,0.0,0.0,-1.7777,-0.4852436,-1.483648,0.4719979,0.07341292,-2.317049,0.06225194,0.8572134,-0.1142709,0.4982491,14.94805,119.6104,359.5763,0.1722275,0.03332062,-0.9844925,0.0,0.0,0.0,0.9555464,-0.003784776,-2.558744,-0.0292677,0.06444314,0.5414664,-0.4957452,-0.007144397,-0.8684388,0.2205972,0.9661337,-0.1338752,0.8399844,-0.2579431,-0.4773801,static,-16.323548622447166,6.5693093510271305,-3.0939785004250657,6.787185631216976,0.4835485,-0.07719769600000001,-0.241695,-0.27936022617779627,0.10985015026807816,0.9538819577642568,-16.282989321758087,5.923977744428366,13.151433217621179,13.231364090182433,13.217228692167415
3493,05/11/2023 10:04:52.686347,3673,True,True,True,True,Eyes,0.4492643,0.08454096,-2.42966,0.9610488,-0.1382034,-0.2393429,0.0,0.0,0.0,0.0,0.0,0.0,0.0,-1.746781,-0.5021157,-1.503567,0.4752904,0.07408562,-2.309261,0.06280527,0.8603779,-0.1175306,0.4919268,15.30948,120.4215,359.5509,0.1730623,0.03340391,-0.9843433,0.0,0.0,0.0,0.9555464,-0.003784776,-2.558744,-0.02857473,0.06737114,0.5418453,-0.5081271,-0.007560374,-0.861249,0.2237054,0.9644842,-0.1404502,0.8317228,-0.2640326,-0.4883892,static,-16.441984844900638,6.901314617911844,-3.0187513263258876,7.087581557300495,0.480256,-0.07787039600000001,-0.24948300000000012,-0.281156223112071,0.11531261987438365,0.9527088628938385,-16.402518493122628,6.253866189987667,13.334755642816496,13.424525819070777,13.409709351388642
3494,05/11/2023 10:04:52.706037,3674,True,True,True,True,Eyes,0.4511098,0.08437244,-2.423055,0.9578729,-0.1385746,-0.2515487,0.0,0.0,0.0,0.0,0.0,0.0,0.0,-1.714977,-0.5263952,-1.522707,0.4793049,0.07810336,-2.302399,0.0612733,0.8635444,-0.1209989,0.4856912,15.57477,121.1945,359.3034,0.1739285,0.03348316,-0.984188,0.0,0.0,0.0,0.9555464,-0.003784776,-2.558744,-0.02818753,0.06581062,0.5423093,-0.5206994,-0.01171179,-0.85366,0.2233607,0.9632097,-0.1494561,0.8240039,-0.2684957,-0.4989268,static,-16.52256898469578,7.069894546385541,-2.9753767367810133,6.919156830266821,0.47624150000000004,-0.081888136,-0.25634500000000005,-0.28240377117564547,0.11807016422987568,0.9520019470230949,-16.483788036270997,6.421006199061037,13.450791194571675,13.548030840717134,13.51759334673001
3495,05/11/2023 10:04:52.726346,3675,True,True,True,True,Eyes,0.4530206,0.0842033,-2.416325,0.9545335,-0.1390427,-0.2636911,0.5279096,0.956928,0.01080135,-2.55553,0.09210921,0.9724102,0.2143228,-0.03509526,0.08237032,0.5371484,0.4835047,0.07633053,-2.294529,0.05940334,0.8688157,-0.1231471,0.4758838,15.69536,122.4628,359.1676,0.1748279,0.03355616,-0.9840262,0.0,0.0,0.0,0.9555464,-0.003784776,-2.558744,-0.03143956,0.06853116,0.5416332,-0.5400118,-0.01398631,-0.8415413,0.2204285,0.9626121,-0.1574461,0.8122799,-0.2705224,-0.5167388,static,-17.077325988903283,7.090935640633825,-3.322054601817526,7.211138089739415,0.4720417,-0.080115306,-0.2642150000000001,-0.2916076589936634,0.11807934755521629,0.9492219509482065,-17.042105635645903,6.432141926644887,13.658901683661915,13.755796580392976,13.742148136043765
3496,05/11/2023 10:04:52.736335,3676,True,True,True,True,Eyes,0.4549937,0.08413458,-2.409546,0.9511011,-0.139721,-0.2754718,0.5262498,0.9555105,0.01060645,-2.554513,-0.002392071,0.9593898,0.2820736,-0.0331022,0.08558796,0.5372806,0.4865125,0.07618623,-2.28464,0.06092955,0.871928,-0.125397,0.4693661,16.01392,123.316,359.3167,0.1757622,0.03362376,-0.9838574,0.0,0.0,0.0,0.9555464,-0.003784776,-2.558744,-0.02942939,0.07244741,0.5435131,-0.5519659,-0.01146183,-0.8337877,0.2239666,0.9611264,-0.1614778,0.8032262,-0.2758708,-0.5279419,static,-17.214141913970984,7.405566542603727,-3.099345452986393,7.592467913735841,0.4690339,-0.079971006,-0.2741039999999999,-0.2936889890783508,0.12320793750167067,0.947927504975022,-17.180114113365313,6.744327947821931,14.007916942760232,14.116033835945357,14.106288933269784
3497,05/11/2023 10:04:52.756000,3677,True,True,True,True,Eyes,0.4570534,0.08408452,-2.402761,0.9476188,-0.1401786,-0.2869989,0.5260053,0.955506,0.01034985,-2.553724,-0.002690197,0.9423219,0.334697,-0.02766085,0.08675894,0.5385016,0.4898296,0.07856707,-2.276654,0.06315375,0.8726057,-0.1276123,0.4672109,16.36304,123.5915,359.4609,0.1767304,0.03369056,-0.9836817,0.0,0.0,0.0,0.9555464,-0.003784776,-2.558744,-0.0233811,0.07402855,0.5451812,-0.5554514,-0.00902705,-0.8315002,0.2294603,0.9594534,-0.1636982,0.7992635,-0.2817227,-0.5308585,static,-16.79210139635772,7.7938991617747915,-2.455730189679291,7.732730967348783,0.46571680000000004,-0.082351846,-0.28208999999999973,-0.2864509389257855,0.12992731059317555,0.9492442004896158,-16.755775669126592,7.14019364000846,14.212300774601758,14.336501697544197,14.312316416239296
3498,05/11/2023 10:04:52.775968,3678,True,True,True,True,Eyes,0.4591785,0.08413538,-2.395972,0.9440609,-0.1407016,-0.2982482,0.526501,0.9562275,0.01005585,-2.553,0.04540793,0.9226501,0.3829556,-0.02495535,0.0865395,0.539301,0.4937287,0.07904283,-2.269639,0.06412624,0.8744406,-0.1273186,0.4637147,16.38783,124.0751,359.6458,0.1777336,0.03375746,-0.9834988,0.0,0.0,0.0,0.9555464,-0.003784776,-2.558744,-0.01973796,0.0740421,0.5457525,-0.5617127,-0.005929843,-0.8273109,0.2302282,0.9593557,-0.1631925,0.7946531,-0.2821376,-0.5375171,static,-16.56912235473437,7.851821934926628,-2.0712852649990827,7.726130881087813,0.4618177,-0.082827606,-0.2891049999999997,-0.2827129010781868,0.13103847683024739,0.9502116843675279,-16.531432931358513,7.202097349989494,14.370221033168853,14.49838192770211,14.469639998100693
3499,05/11/2023 10:04:52.786939,3679,True,True,True,True,Eyes,0.4613931,0.08423556,-2.389207,0.9404283,-0.1409225,-0.3094116,0.0,0.0,0.0,0.0,0.0,0.0,0.0,-1.582024,-0.5692251,-1.59587,0.4972397,0.08150242,-2.262682,0.06402504,0.8756489,-0.1286823,0.4610648,16.52301,124.406,359.6095,0.1787713,0.03382855,-0.9833083,0.0,0.0,0.0,0.9555464,-0.003784776,-2.558744,-0.01519994,0.07325015,0.547152,-0.56664,-0.006534819,-0.8239394,0.2307886,0.9586833,-0.1663216,0.7909839,-0.2844003,-0.5417203,static,-16.23188446179564,7.980478761534641,-1.5912735072440114,7.625152421736038,0.4583067,-0.08528719600000001,-0.29606200000000005,-0.27702707162086,0.13340196851758304,0.9515566157862099,-16.19217427225653,7.33677476009945,14.509865084663943,14.64492218928772,14.603748314233375
3500,05/11/2023 10:04:52.805727,3680,True,True,True,True,Eyes,0.4636618,0.08426257,-2.382437,0.9367235,-0.1410019,-0.3204178,0.0,0.0,0.0,0.0,0.0,0.0,0.0,-1.559398,-0.5739162,-1.608877,0.5013539,0.0827004,-2.256412,0.06180259,0.8777304,-0.1284626,0.4574573,16.3829,124.8669,359.4601,0.179845,0.03390552,-0.9831099,0.0,0.0,0.0,0.9555464,-0.003784776,-2.558744,-0.01225723,0.07077281,0.5477379,-0.5738266,-0.009040281,-0.8189269,0.2260243,0.9593556,-0.168967,0.7871697,-0.2820552,-0.5484604,static,-16.034057361721437,7.803824367089631,-1.2819458984700667,7.362354646592683,0.4541925,-0.086485176,-0.3023319999999998,-0.2738433222881658,0.13059135517227166,0.952867121169132,-15.992905582632941,7.163653719532028,14.628191877929456,14.758715666964662,14.712301549637983
3501,05/11/2023 10:04:52.826021,3681,True,True,True,True,Eyes,0.4659838,0.08426333,-2.375691,0.9329513,-0.1408264,-0.3313154,0.0,0.0,0.0,0.0,0.0,0.0,0.0,-1.536618,-0.5738019,-1.621888,0.5046804,0.08089299,-2.249381,0.05943389,0.879835,-0.1278678,0.4538808,16.19796,125.3267,359.3145,0.1809526,0.03398471,-0.9829039,0.0,0.0,0.0,0.9555464,-0.003784776,-2.558744,-0.009159714,0.07109395,0.5486508,-0.5809196,-0.01148943,-0.8138799,0.2206575,0.9602349,-0.1710533,0.7834812,-0.2789569,-0.5552841,static,-15.838188998570184,7.599429075263541,-0.9564630232313635,7.383223894989807,0.450866,-0.084677766,-0.30936299999999983,-0.27070081061598333,0.1273089019219517,0.9542083692826667,-15.795579938338278,6.962756986394342,14.75897967753921,14.883296432076174,14.845072692359443
3502,05/11/2023 10:04:52.836670,3682,True,True,True,True,Eyes,0.4683849,0.0842322,-2.369009,0.929114,-0.1406049,-0.3420194,0.0,0.0,0.0,0.0,0.0,0.0,0.0,-1.520041,-0.5745234,-1.629668,0.5081403,0.080181,-2.243164,0.05736167,0.8811297,-0.1274582,0.451746,16.04786,125.5943,359.161,0.1820942,0.03406489,-0.9826903,0.0,0.0,0.0,0.9555464,-0.003784776,-2.558744,-0.004826307,0.07059227,0.5493693,-0.5852703,-0.01407131,-0.810716,0.2162436,0.9609281,-0.1727886,0.7814712,-0.2764402,-0.5593599,static,-15.46273328995205,7.441523391885357,-0.503340663566921,7.322207734917078,0.44740610000000003,-0.083965776,-0.31557999999999975,-0.26452375257584654,0.12490083039542971,0.9562566599852231,-15.417568463546662,6.811556109716157,14.839888927972314,14.959868447828796,14.92296739767292
3503,05/11/2023 10:04:52.856467,3683,True,True,True,True,Eyes,0.4708796,0.08418092,-2.362399,0.9250484,-0.1403862,-0.352955,0.0,0.0,0.0,0.0,0.0,0.0,0.0,-1.49949,-0.579868,-1.640785,0.512221,0.07928045,-2.237909,0.05505115,0.882843,-0.127953,0.4485371,15.98048,125.9863,358.9522,0.1832705,0.03414459,-0.9824689,0.0,0.0,0.0,0.9555464,-0.003784776,-2.558744,-0.00218299,0.07077728,0.548961,-0.5915673,-0.0175803,-0.8060637,0.2119864,0.9611948,-0.1765399,0.7778878,-0.2753098,-0.5648847,static,-15.204395076240719,7.3469011279723855,-0.22784032825620373,7.346589409300047,0.4433254,-0.083065226,-0.32083499999999976,-0.2602564583883972,0.12346982877202535,0.9576125713294159,-15.157485967902574,6.7215471035370165,14.859309601640241,14.976554751228537,14.942723875164308
3504,05/11/2023 10:04:52.876244,3684,True,True,True,True,Eyes,0.4734517,0.08409029,-2.355837,0.920788,-0.1404008,-0.3639189,0.0,0.0,0.0,0.0,0.0,0.0,0.0,-1.469671,-0.5904062,-1.658285,0.5165884,0.07864104,-2.232795,0.05335816,0.8855686,-0.1295419,0.4428771,16.06327,126.69,358.7933,0.1844803,0.03422284,-0.9822397,0.0,0.0,0.0,0.9555464,-0.003784776,-2.558744,-0.002416462,0.07204013,0.5482022,-0.6020257,-0.02023766,-0.7982202,0.2092469,0.9607436,-0.1821743,0.7705718,-0.2766987,-0.5741577,static,-15.250630672033893,7.38494425334044,-0.25255677054605424,7.486432497492791,0.43895800000000007,-0.082425816,-0.32594900000000004,-0.2610091058753499,0.12407950713266612,0.9573287909186241,-15.20405519165471,6.758764444173321,14.879882126162869,14.998417270438631,14.969195229945944
3505,05/11/2023 10:04:52.886369,3685,True,True,True,True,Eyes,0.4760874,0.08402645,-2.349324,0.9162426,-0.1406713,-0.3751149,0.0,0.0,0.0,0.0,0.0,0.0,0.0,-1.437111,-0.6033062,-1.675741,0.5205799,0.07758544,-2.227185,0.0538197,0.8884217,-0.1323082,0.4362393,16.38244,127.5251,358.817,0.1857247,0.03429814,-0.9820025,0.0,0.0,0.0,0.9555464,-0.003784776,-2.558744,-0.00355947,0.076134,0.5476671,-0.6135973,-0.01980686,-0.7893704,0.2110652,0.9591959,-0.1881344,0.7608873,-0.2820475,-0.5843795,static,-15.39860782938617,7.686204729346047,-0.37237901779253957,7.914257432379391,0.43496650000000003,-0.08137021600000001,-0.33155899999999994,-0.2633131157085208,0.12902769160282038,0.9560429712078735,-15.353282521761047,7.057380840571389,14.899611687250989,15.02795928706647,15.005389274817379
3506,05/11/2023 10:04:52.906389,3686,True,True,True,True,Eyes,0.4787907,0.08400832,-2.342875,0.9115445,-0.1410962,-0.3862362,0.0,0.0,0.0,0.0,0.0,0.0,0.0,-1.407775,-0.6145017,-1.690344,0.5243486,0.07823016,-2.221631,0.05586911,0.8909065,-0.1347463,0.4301252,16.74747,128.3138,359.0206,0.1870023,0.03437179,-0.9817575,0.0,0.0,0.0,0.9555464,-0.003784776,-2.558744,-0.004173517,0.07911906,0.5477464,-0.6237419,-0.0163672,-0.781459,0.2154638,0.9574441,-0.1920312,0.7513464,-0.288154,-0.5936716,static,-15.479420022029496,8.075806624290284,-0.43655290561692967,8.219223138585242,0.43119779999999996,-0.08201493600000001,-0.337113,-0.26443140292790046,0.13548260227962255,0.9548405170237877,-15.435006155763993,7.4455373242838245,14.901774254769393,15.043550757006107,15.018395041950996
3507,05/11/2023 10:04:52.926299,3687,True,True,True,True,Eyes,0.4815698,0.08399215,-2.336495,0.9065884,-0.1414573,-0.3976022,0.0,0.0,0.0,0.0,0.0,0.0,0.0,-1.380941,-0.6212334,-1.704592,0.5283219,0.07942219,-2.216558,0.05794459,0.8932384,-0.1360242,0.4245766,16.99019,129.0471,359.2817,0.1883128,0.03444577,-0.9815044,0.0,0.0,0.0,0.9555464,-0.003784776,-2.558744,-0.004389197,0.08031833,0.5477827,-0.6327548,-0.01198873,-0.7742598,0.219022,0.9562797,-0.1938003,0.7427323,-0.2922079,-0.6024647,static,-15.470640236272203,8.366926331810394,-0.4590818253385615,8.341522941311467,0.4272245,-0.08320696600000001,-0.3421859999999999,-0.26410450329712953,0.1403454305652176,0.954228576201913,-15.426466167348538,7.73681192532975,14.859543250350331,15.011579905430388,14.979595103149318
3508,05/11/2023 10:04:52.937064,3688,True,True,True,True,Eyes,0.4844134,0.08401601,-2.330168,0.9015072,-0.1418389,-0.4088599,0.0,0.0,0.0,0.0,0.0,0.0,0.0,-1.351358,-0.6218798,-1.722841,0.5325469,0.07958968,-2.211593,0.05951866,0.8960473,-0.1358905,0.4184382,17.05792,129.8731,359.5768,0.1896567,0.03452007,-0.981243,0.0,0.0,0.0,0.9555464,-0.003784776,-2.558744,-0.005349666,0.08076867,0.5475782,-0.6427341,-0.007060455,-0.7660569,0.2203866,0.9559826,-0.1937188,0.7337048,-0.2933384,-0.6128866,static,-15.54197229748326,8.486322683739518,-0.5597438544240465,8.390717694533011,0.4229995,-0.083374456,-0.34715099999999977,-0.26521793533302584,0.14228848585347287,0.9536316671568077,-15.49837462987172,7.854933870449168,14.826451368456114,14.982533478486664,14.948235807321954
3509,05/11/2023 10:04:52.956332,3689,True,True,True,True,Eyes,0.4873241,0.08410816,-2.323916,0.8962547,-0.1420048,-0.4201931,0.0,0.0,0.0,0.0,0.0,0.0,0.0,-1.325465,-0.6233891,-1.736988,0.5366269,0.08069953,-2.206381,0.06085837,0.8983359,-0.1358039,0.4133355,17.11586,130.5581,359.8248,0.1910335,0.03459626,-0.9809731,0.0,0.0,0.0,0.9555464,-0.003784776,-2.558744,-0.004928082,0.08034115,0.5480076,-0.6509001,-0.00292264,-0.7591578,0.2216076,0.9557071,-0.1936852,0.7260985,-0.2943049,-0.6214222,static,-15.471303231607557,8.603326888135522,-0.5152313375005233,8.3404834639119,0.4189195,-0.08448430600000001,-0.352363,-0.26396435166000615,0.14428707204364283,0.953679271913008,-15.427373601888346,7.973199125091954,14.797917316179587,14.95838136856244,14.916664664022047
3510,05/11/2023 10:04:52.975695,3690,True,True,True,True,Eyes,0.4902976,0.08420919,-2.31773,0.8909025,-0.1421327,-0.4313826,0.0,0.0,0.0,0.0,0.0,0.0,0.0,-1.302059,-0.6260126,-1.749247,0.5408992,0.08247757,-2.201758,0.06116148,0.9003259,-0.1356395,0.4089923,17.11368,131.1307,359.9508,0.1924426,0.03467694,-0.9806949,0.0,0.0,0.0,0.9555464,-0.003784776,-2.558744,-0.003927857,0.07855835,0.5482936,-0.6579694,-0.0008204618,-0.7530444,0.2210815,0.9557225,-0.1942103,0.7198607,-0.2942686,-0.6286547,static,-15.307890191677004,8.633512660658194,-0.41044757574268675,8.153725844991254,0.4146472,-0.086262346,-0.356986,-0.26121956567406157,0.14490160666514917,0.9543415423176408,-15.26294869854762,8.006302456825718,14.743762253398073,14.905166617101056,14.853232754464598
3511,05/11/2023 10:04:52.986310,3691,True,True,True,True,Eyes,0.4933184,0.08433946,-2.311606,0.8854271,-0.1422005,-0.4424906,0.0,0.0,0.0,0.0,0.0,0.0,0.0,-1.276986,-0.6275406,-1.762461,0.5450954,0.08283348,-2.196993,0.06087968,0.9024622,-0.1354063,0.404377,17.07569,131.7308,0.02234873,0.1938828,0.03476191,-0.9804082,0.0,0.0,0.0,0.9555464,-0.003784776,-2.558744,-0.003210515,0.07785031,0.5484213,-0.6655458,0.0003728567,-0.746357,0.2193936,0.9559176,-0.1951614,0.713383,-0.2936347,-0.6362887,static,-15.179534416941294,8.615178099847508,-0.3354115864283084,8.079355191791969,0.410451,-0.086618256,-0.36175099999999993,-0.2590893929940979,0.14468219692264303,0.9549553974058722,-15.133755415150334,7.990259816614179,14.693497108913121,14.853790384819423,14.79861203150327
3512,05/11/2023 10:04:53.006451,3692,True,True,True,True,Eyes,0.4963982,0.08449066,-2.30556,0.8799163,-0.1422062,-0.4533485,0.0,0.0,0.0,0.0,0.0,0.0,0.0,-1.256924,-0.6316495,-1.770675,0.5490791,0.08363144,-2.192178,0.06027387,0.9039237,-0.1357686,0.4010686,17.0854,132.1471,0.003651369,0.1953538,0.03485195,-0.980113,0.0,0.0,0.0,0.9555464,-0.003784776,-2.558744,-0.0009683073,0.07724956,0.548871,-0.6710223,6.093259e-05,-0.7414374,0.217871,0.9558679,-0.197101,0.7087042,-0.2937968,-0.641422,static,-14.89473533908109,8.630844047350019,-0.10107996961856959,8.01133897800271,0.4064673,-0.087416216,-0.3665659999999997,-0.2543224631238053,0.1451333106320925,0.9561676462169117,-14.847155306646803,8.01101077420134,14.646162479254224,14.806621009581297,14.746075340680655
3513,05/11/2023 10:04:53.026249,3693,True,True,True,True,Eyes,0.4995566,0.08464964,-2.299591,0.8742779,-0.1419827,-0.4641972,0.0,0.0,0.0,0.0,0.0,0.0,0.0,-1.236322,-0.6373258,-1.779202,0.5533786,0.08416434,-2.187903,0.05764053,0.9054011,-0.1361694,0.3979753,17.00498,132.5076,359.7598,0.1968552,0.03494738,-0.9798092,0.0,0.0,0.0,0.9555464,-0.003784776,-2.558744,0.001320809,0.07588854,0.5488501,-0.6765867,-0.004008487,-0.7363523,0.2127597,0.9562709,-0.2006968,0.7049568,-0.2924548,-0.6461474,static,-14.58077410883645,8.515049931795485,0.1378821560852499,7.872272451709655,0.40216779999999996,-0.08794911600000001,-0.370841,-0.24914278973266213,0.14340008872256743,0.9577913441319701,-14.531073420148891,7.900823205886706,14.577255728401509,14.732684926170936,14.668983360925008
3514,05/11/2023 10:04:53.036536,3694,True,True,True,True,Eyes,0.5028126,0.08480608,-2.293693,0.8685805,-0.141657,-0.4748695,0.0,0.0,0.0,0.0,0.0,0.0,0.0,-1.210269,-0.6448456,-1.790519,0.5582179,0.08424653,-2.183536,0.05262199,0.9073253,-0.1366257,0.394113,16.82239,132.9348,359.2696,0.1983867,0.03504787,-0.9794966,0.0,0.0,0.0,0.9555464,-0.003784776,-2.558744,0.003111959,0.07393461,0.5485662,-0.6838118,-0.01220138,-0.7295565,0.2031825,0.9571287,-0.2064499,0.7007985,-0.2894059,-0.6520169,static,-14.369834533479589,8.240551238714955,0.3250295115947026,7.675950758609666,0.3973285,-0.088031306,-0.37520799999999976,-0.24577297886889776,0.1389331190288517,0.9593190626451262,-14.318509180061124,7.630092619586834,14.560366830116113,14.705706477600874,14.643610496832258
3515,05/11/2023 10:04:53.056364,3695,True,True,True,True,Eyes,0.5868107,0.08767257,-2.147976,0.6821067,-0.125093,-0.7204736,0.0,0.0,0.0,0.0,0.0,0.0,0.0,-1.183291,-0.6534059,-1.801755,0.5635802,0.0840631,-2.179163,0.04707231,0.9091905,-0.1373583,0.3902428,16.64907,133.3509,358.7075,0.1999493,0.03515273,-0.9791751,0.0,0.0,0.0,0.9555464,-0.003784776,-2.558744,0.00531736,0.0722905,0.5478892,-0.6909894,-0.0216108,-0.7225416,0.1928016,0.9578338,-0.2130305,0.6966786,-0.286509,-0.6576865,static,3.0191941986702666,9.52041995359866,0.556048049991112,7.516396890126672,0.39196620000000004,-0.087847876,-0.37958099999999995,0.05194702217709174,0.16517578953897913,0.9848951632371628,3.1801568453837303,9.22043563624684,3.146297518662522,3.175405074739379,3.128848832771518
3516,05/11/2023 10:04:53.076021,3696,True,True,True,True,Eyes,0.5870423,0.08762576,-2.147794,0.6818334,-0.125066,-0.720737,0.0,0.0,0.0,0.0,0.0,0.0,0.0,-1.154939,-0.6585932,-1.814608,0.5692102,0.08296809,-2.174752,0.04296207,0.9112114,-0.1377866,0.3858276,16.51446,133.8591,358.3247,0.2063792,0.03558206,-0.9778245,0.2519944,0.008599475,0.4371529,0.9555464,-0.003784776,-2.558744,0.007090926,0.07187883,0.5468227,-0.6985826,-0.02802868,-0.7149802,0.1846188,0.9583383,-0.2179535,0.6913018,-0.2842573,-0.6643038,static,2.468953200105404,9.396076991174365,0.7429416556744773,7.488490679857767,0.3863362,-0.086752866,-0.3839920000000001,0.042501118170654106,0.16311090389870989,0.9856919401436486,2.626531789164116,9.08626887480919,2.554079588172132,2.5725476451625333,2.4699811641471565
3517,05/11/2023 10:04:53.086518,3697,True,True,True,True,Eyes,0.5875102,0.08756033,-2.147463,0.6810848,-0.1250855,-0.7214411,0.0,0.0,0.0,0.0,0.0,0.0,0.0,-1.128256,-0.6616967,-1.826246,0.5747482,0.08171336,-2.170016,0.04082842,0.9130682,-0.1381699,0.3815083,16.46741,134.3797,358.1555,0.2121216,0.03596203,-0.976581,0.2368748,0.008083506,0.4109237,0.9555464,-0.003784776,-2.558744,0.009167522,0.07256202,0.5459652,-0.705569,-0.03086769,-0.7079687,0.1799842,0.9584842,-0.2211644,0.6854037,-0.2834699,-0.670721,static,1.9784729034451771,9.342933961281313,0.9619861515190253,7.570582118261507,0.3807982,-0.085498136,-0.38872799999999996,0.034066558413472614,0.1622490476398138,0.9861616824883914,2.1329763465147384,9.024368620686598,2.0338200617152578,2.0431535361536293,1.8667386617867743
3518,05/11/2023 10:04:53.106509,3698,True,True,True,True,Eyes,0.5882202,0.08746541,-2.14699,0.6799775,-0.1250046,-0.7224988,0.0,0.0,0.0,0.0,0.0,0.0,0.0,-1.098375,-0.6657867,-1.83986,0.5806014,0.08121042,-2.165892,0.03906016,0.9152269,-0.1386117,0.3763254,16.44657,135.0133,358.0385,0.217307,0.03630038,-0.9754277,0.2226623,0.007598496,0.3862683,0.9555464,-0.003784776,-2.558744,0.01005805,0.07258061,0.5447674,-0.713707,-0.03282842,-0.6996747,0.175824,0.9585221,-0.2243237,0.6780179,-0.283121,-0.6783319,static,1.4117839780454595,9.314764156842692,1.0577327988672212,7.588955244910702,0.374945,-0.08499519600000001,-0.392852,0.02431310676080567,0.16181027077388024,0.9865223644908266,1.5627007069734566,8.9860807203085,1.7595104795246648,1.761751582369484,1.485581429011117
3519,05/11/2023 10:04:53.125927,3699,True,True,True,True,Eyes,0.5891631,0.08732906,-2.14639,0.6783527,-0.1248649,-0.7240487,0.0,0.0,0.0,0.0,0.0,0.0,0.0,-1.064631,-0.6629901,-1.857661,0.5867713,0.08044914,-2.161741,0.03803425,0.9179568,-0.1375634,0.3701149,16.3025,135.8083,358.0893,0.222004,0.03660028,-0.9743583,0.2093025,0.007142586,0.3630922,0.9555464,-0.003784776,-2.558744,0.009938031,0.07158791,0.543579,-0.7231368,-0.03200089,-0.689963,0.1716561,0.9592594,-0.2244004,0.6690346,-0.2807086,-0.6881827,static,0.7557014508800602,9.157903964742651,1.0473984529561988,7.502525661123923,0.3687751,-0.084233916,-0.3970029999999998,0.013021010461268245,0.15914240045259778,0.9871698427756708,0.9025919200356278,8.817507128985488,1.6807984488338614,1.6808820509220226,1.32293053211264
3520,05/11/2023 10:04:53.136987,3700,True,True,True,True,Eyes,0.5903317,0.0871418,-2.145667,0.6763196,-0.1246317,-0.7259881,0.0,0.0,0.0,0.0,0.0,0.0,0.0,-1.029777,-0.6566238,-1.876822,0.5929656,0.07937323,-2.15781,0.03790234,0.9208698,-0.135856,0.3634628,16.12677,136.6775,358.273,0.2262737,0.03686401,-0.9733656,0.1967444,0.006714031,0.3413066,0.9555464,-0.003784776,-2.558744,0.009181976,0.07054012,0.5422804,-0.7329164,-0.02895094,-0.6797024,0.1685634,0.9602131,-0.2226592,0.6591054,-0.2777635,-0.6988758,static,0.07995539844544519,8.973514989948416,0.970048345627226,7.411449238480727,0.36258080000000004,-0.083158006,-0.4009339999999999,0.0013784045588508542,0.15597773930881634,0.9877596003945713,0.2227221316372864,8.621053837978627,1.79427799834699,1.7978639733114032,1.4218437879187051
3521,05/11/2023 10:04:53.159430,3701,True,True,True,True,Eyes,0.5917453,0.08689687,-2.144829,0.6737383,-0.1244628,-0.7284132,0.0,0.0,0.0,0.0,0.0,0.0,0.0,-0.990873,-0.6516054,-1.896713,0.5991328,0.07807397,-2.153807,0.03777118,0.9240192,-0.134489,0.3559136,15.98749,137.6516,358.4543,0.2301704,0.03709313,-0.9724428,0.1849397,0.006311189,0.3208282,0.9555464,-0.003784776,-2.558744,0.007481456,0.07009128,0.5410517,-0.7437977,-0.02593035,-0.6679016,0.1655355,0.960972,-0.2216543,0.6475823,-0.2754275,-0.7104764,static,-0.6603831345884771,8.823329730433175,0.7922136395660865,7.381351125649224,0.3564136,-0.08185874600000001,-0.4049369999999999,-0.011389229128677736,0.15337826814576913,0.9881019520906882,-0.5221869765186451,8.45765073851168,2.0365809769083993,2.046787650182332,1.6988436762138517
3522,05/11/2023 10:04:53.176275,3702,True,True,True,True,Eyes,0.5933833,0.08658868,-2.143853,0.6707429,-0.1243194,-0.7311966,0.0,0.0,0.0,0.0,0.0,0.0,0.0,-0.9483337,-0.6496133,-1.916678,0.605988,0.07657619,-2.149861,0.03827237,0.9272522,-0.1338859,0.347582,15.95591,138.7182,358.6831,0.2337436,0.03728868,-0.9715826,0.1738433,0.005932518,0.3015785,0.9555464,-0.003784776,-2.558744,0.00545752,0.07074416,0.5392592,-0.7554442,-0.0220964,-0.6548405,0.1640489,0.9612196,-0.2216865,0.6343441,-0.2748976,-0.7225228,static,-1.4579116150554867,8.782328401219127,0.57983653809721,7.473819722560712,0.34955840000000005,-0.080360966,-0.4088829999999999,-0.025144498171477125,0.15263274469574345,0.9879629640966701,-1.3247618332011766,8.40240973673792,2.403146659894912,2.421696202623611,2.11890876877276
3523,05/11/2023 10:04:53.186614,3703,True,True,True,True,Eyes,0.5952468,0.08625616,-2.142769,0.6673339,-0.1243363,-0.7343065,0.0,0.0,0.0,0.0,0.0,0.0,0.0,-0.9068016,-0.6481858,-1.934048,0.6125752,0.07491105,-2.145254,0.03969849,0.9302452,-0.133593,0.3394422,15.99177,139.7655,358.9965,0.237037,0.0374514,-0.9707781,0.1634127,0.005576567,0.2834838,0.9555464,-0.003784776,-2.558744,0.003986776,0.07242674,0.5380848,-0.7664062,-0.01683559,-0.6421358,0.1645529,0.9611539,-0.2215979,0.620922,-0.2754993,-0.7338639,static,-2.1939303083374453,8.808686532935265,0.42450791939507654,7.665993479600058,0.34297120000000003,-0.07869582600000001,-0.4134899999999999,-0.03783107367632149,0.1530260426418903,0.987497810461881,-2.0655029299439454,8.415626025410933,2.8296760313947598,2.856915498678876,2.60040438846825
3524,05/11/2023 10:04:53.207036,3704,True,True,True,True,Eyes,0.5973342,0.08587319,-2.141595,0.6636092,-0.1243234,-0.7376765,0.0,0.0,0.0,0.0,0.0,0.0,0.0,-0.8697339,-0.6481744,-1.948794,0.6194907,0.0741532,-2.141284,0.04117194,0.9327612,-0.1334272,0.3323534,16.03823,140.6771,359.2916,0.24009,0.03758362,-0.9700224,0.1536079,0.005241973,0.2664748,0.9555464,-0.003784776,-2.558744,0.003667533,0.07320341,0.5365712,-0.7756923,-0.01188278,-0.6309995,0.1654971,0.9610041,-0.2215441,0.6090257,-0.2762787,-0.743477,static,-2.7731180468662244,8.856137571331253,0.39161790606510916,7.7687942213136445,0.33605570000000007,-0.077937976,-0.4174599999999997,-0.04780567508062561,0.15377799940995324,0.9869483477325485,-2.648433961258848,8.452735314724046,3.311605155954235,3.346321743736503,3.1160376723132366
3525,05/11/2023 10:04:53.226202,3705,True,True,True,True,Eyes,0.5996451,0.08546282,-2.140332,0.6595511,-0.1243119,-0.7413089,0.0,0.0,0.0,0.0,0.0,0.0,0.0,-0.8322156,-0.646076,-1.96402,0.6265892,0.07267179,-2.137634,0.04170363,0.9352902,-0.1328427,0.3253399,15.99948,141.569,359.4977,0.2429372,0.0376862,-0.9693093,0.1443915,0.004927455,0.2504863,0.9555464,-0.003784776,-2.558744,0.003412277,0.07382019,0.5347261,-0.7848299,-0.008428064,-0.6196544,0.1644481,0.9612272,-0.2213572,0.5974944,-0.2756287,-0.7530138,static,-3.3201219511440696,8.819099458823533,0.3656197385436843,7.860133790541982,0.32895720000000006,-0.076456566,-0.4211100000000001,-0.0572321854497756,0.15306395141252296,0.9865575963615391,-3.1988899828259427,8.40593064090548,3.767118199551576,3.808452041977819,3.6060537649354716
3526,05/11/2023 10:04:53.246017,3706,True,True,True,True,Eyes,0.6021679,0.08500048,-2.138983,0.6552385,-0.124268,-0.7451308,0.0,0.0,0.0,0.0,0.0,0.0,0.0,-0.7952926,-0.6452657,-1.977861,0.6339684,0.07177325,-2.133946,0.04118467,0.9376454,-0.1323935,0.3187428,15.93407,142.3904,359.573,0.2456097,0.03776096,-0.9686326,0.135728,0.004631807,0.2354571,0.9555464,-0.003784776,-2.558744,0.003946662,0.07363895,0.5330451,-0.7934136,-0.007165733,-0.6086406,0.1616322,0.9615515,-0.2220217,0.5868302,-0.274531,-0.7617499,static,-3.7978268512059916,8.75323468667371,0.42420977863305764,7.865494716146423,0.32157800000000003,-0.075558026,-0.424798,-0.0654679223768262,0.15185270609308535,0.9862325504701003,-3.6795755982313945,8.331536832002099,4.267181373819411,4.314356911403421,4.130163395450324
3527,05/11/2023 10:04:53.266114,3707,True,True,True,True,Eyes,0.6048973,0.08446987,-2.137534,0.6506689,-0.1243363,-0.7491132,0.0,0.0,0.0,0.0,0.0,0.0,0.0,-0.7593422,-0.6442907,-1.990566,0.6412597,0.07009147,-2.130243,0.04049723,0.9398406,-0.1321191,0.3124173,15.88133,143.1714,359.6169,0.2481353,0.03780841,-0.9679869,0.1275843,0.004353899,0.2213297,0.9555464,-0.003784776,-2.558744,0.004791528,0.07438651,0.5313111,-0.801511,-0.006430747,-0.5979457,0.1586745,0.961809,-0.2230378,0.576544,-0.2736459,-0.7698802,static,-4.2225675545036365,8.692884806873241,0.5166970717618806,7.9699230368210525,0.31428670000000003,-0.073876246,-0.4285009999999998,-0.07278969928020912,0.1507371512352612,0.9858905062202981,-4.106964721899213,8.263603560064828,4.741295854654127,4.794090416202914,4.632979239311791
3829,05/11/2023 10:04:58.286310,4009,True,True,True,True,Eyes,2.139468,0.08016228,-2.899334,-0.6454725,-0.1439405,0.7500976,0.0,0.0,0.0,0.0,0.0,0.0,0.0,0.04972029,0.8740449,3.498505,2.122261,0.08399559,-2.914604,0.129701,-0.3142309,0.03311815,0.9398616,15.34411,322.8724,358.8557,0.6015278,0.02148944,-0.7985625,-0.05586541,0.003349886,-0.1326728,1.821064,-0.005636364,-2.500427,0.008869737,0.04923864,0.5174873,0.8003243,-0.01925915,0.599258,-0.1437651,0.9641616,0.2229885,-0.5820762,-0.2646155,0.7688732,static,-3.714875638799079,6.980365235111104,0.9819540268755684,5.435299525136297,-0.30119699999999994,-0.089631954,0.414177,-0.06431314527593479,0.12127760708089483,0.9905329811206229,-3.594293743198183,6.560159870681039,4.913897856734976,4.944434948151444,4.712467978679963
3830,05/11/2023 10:04:58.314020,4010,True,True,True,True,Eyes,2.137617,0.08045374,-2.901095,-0.6398876,-0.144282,0.7548023,0.0,0.0,0.0,0.0,0.0,0.0,0.0,0.009947062,0.8770752,3.498456,2.118624,0.08360334,-2.917703,0.1302263,-0.3083681,0.03279655,0.9417403,15.39699,323.5895,358.8979,0.6007386,0.02156478,-0.7991543,-0.05251348,0.003148893,-0.1247124,1.821064,-0.005636364,-2.500427,0.007245421,0.05016731,0.5177416,0.8076671,-0.01854356,0.5893471,-0.1420869,0.963931,0.2250518,-0.5722632,-0.2655054,0.7759005,static,-4.00359588312708,7.007815631395853,0.8017608542108758,5.534478424636902,-0.29756000000000005,-0.089239704,0.41727599999999976,-0.06930001105001549,0.12171141490210566,0.9901433169971126,-3.8848838452966747,6.582454967138708,4.993790304091204,5.026149211662896,4.802384134266673
3831,05/11/2023 10:04:58.336186,4011,True,True,True,True,Eyes,2.135664,0.08071307,-2.90289,-0.6340753,-0.1448098,0.7595912,0.0,0.0,0.0,0.0,0.0,0.0,0.0,-0.03480077,0.8781781,3.498143,2.114891,0.08381888,-2.920551,0.130577,-0.3018408,0.03247592,0.9438153,15.43151,324.3893,358.9583,0.599972,0.02164043,-0.799728,-0.04936267,0.002959959,-0.1172297,1.821064,-0.005636364,-2.500427,0.004834726,0.05027404,0.5179678,0.815675,-0.0175244,0.578245,-0.1401295,0.9637899,0.2268761,-0.5612826,-0.2660863,0.7836836,static,-4.358448016097365,7.005629387664307,0.5347848854563177,5.543772623483293,-0.29382700000000006,-0.089455244,0.42012399999999994,-0.07543180030302493,0.1216193832453491,0.9897064840070694,-4.241997627290847,6.5739328237197885,5.073128924091878,5.106931899666302,4.886602215470215
3832,05/11/2023 10:04:58.346008,4012,True,True,True,True,Eyes,2.133606,0.08094223,-2.904738,-0.6279929,-0.1453233,0.76453,0.0,0.0,0.0,0.0,0.0,0.0,0.0,-0.08538127,0.8765246,3.497653,2.110819,0.08324685,-2.923469,0.1305267,-0.2945135,0.0318572,0.9461552,15.41223,325.2865,359.0134,0.5992234,0.02171547,-0.8002871,-0.04640091,0.002782362,-0.1101959,1.821064,-0.005636364,-2.500427,0.001858443,0.0506228,0.5179355,0.8244939,-0.01660004,0.5656273,-0.1371675,0.9638959,0.2282323,-0.5489945,-0.2657618,0.7924491,static,-4.791729731453841,6.948130675778002,0.20558637781841485,5.582334616364356,-0.28975499999999976,-0.088883214,0.4230419999999997,-0.0829247742707388,0.12055410864655475,0.9892372079404826,-4.67798514970778,6.50869820091382,5.145475146348597,5.180595252661787,4.970655928068635
3833,05/11/2023 10:04:58.355919,4013,True,True,True,True,Eyes,2.131441,0.08115359,-2.906626,-0.6216785,-0.1459275,0.769559,0.0,0.0,0.0,0.0,0.0,0.0,0.0,-0.135161,0.876435,3.496412,2.106683,0.08276215,-2.926831,0.1306856,-0.2872216,0.03134343,0.9483896,15.41964,326.1762,359.0716,0.5984877,0.02178922,-0.8008354,-0.04361686,0.00261542,-0.1035842,1.821064,-0.005636364,-2.500427,-0.0007556826,0.05123752,0.5182547,0.8330427,-0.01561988,0.5529882,-0.134523,0.9638777,0.2298766,-0.5366037,-0.2658867,0.8008501,static,-5.204021793092441,6.913250929821701,-0.0835446218741789,5.646228547659707,-0.28561899999999985,-0.08839851400000001,0.4264039999999998,-0.09004840384939866,0.1198774339294081,0.9886964816859501,-5.0928720929138604,6.46645717070149,5.238356182347393,5.274905892797219,5.076035530428233
3834,05/11/2023 10:04:58.375912,4014,True,True,True,True,Eyes,2.074213,0.08553238,-2.955309,-0.4443548,-0.1562644,0.882117,0.0,0.0,0.0,0.0,0.0,0.0,0.0,-0.1824069,0.8729361,3.495186,2.102204,0.08260748,-2.930108,0.1306008,-0.2802801,0.03024864,0.9505113,15.38069,327.0152,359.0666,0.5977612,0.02186131,-0.8013757,-0.04099984,0.002458495,-0.09736911,1.821064,-0.005636364,-2.500427,-0.002731591,0.05106987,0.5184948,0.8410562,-0.01570626,0.5407197,-0.1307129,0.9640569,0.2313189,-0.5249178,-0.2652312,0.808773,static,6.105992855897252,6.437165559650319,-0.3018490980236576,5.625283402570652,-0.28113999999999995,-0.088243844,0.429681,0.10570499055733862,0.11148542392789271,0.9881283357450547,6.289781460895175,6.192316091706661,6.419542551540755,6.459070455058783,6.615974568861447
3835,05/11/2023 10:04:58.386576,4015,True,True,True,True,Eyes,2.073995,0.08547311,-2.955463,-0.4438578,-0.1562587,0.8823681,0.0,0.0,0.0,0.0,0.0,0.0,0.0,-0.2321228,0.8671533,3.493804,2.097249,0.08189394,-2.933828,0.1303011,-0.2729607,0.02861651,0.9527305,15.30196,327.8931,359.0135,0.5954397,0.02204429,-0.8030971,-0.2102248,0.01544735,-0.237575,1.821064,-0.005636364,-2.500427,-0.004472628,0.05112681,0.5187891,0.8493471,-0.01660651,0.5275735,-0.1256618,0.9644054,0.2326613,-0.5126584,-0.263906,0.8170282,static,5.260240941382279,6.363345128940955,-0.4939509310733287,5.6283408380570386,-0.2761850000000001,-0.087530304,0.4334009999999999,0.09111947376549923,0.11037207829692797,0.9897046214286641,5.438708864243028,6.103395165937844,5.766496657090964,5.800944355245268,5.951649255576256
3836,05/11/2023 10:04:58.406159,4016,True,True,True,True,Eyes,2.073557,0.0853897,-2.95574,-0.4429352,-0.1563122,0.8828222,0.0,0.0,0.0,0.0,0.0,0.0,0.0,-0.2763981,0.864082,3.491725,2.092095,0.08047017,-2.937999,0.12998,-0.2662027,0.02788031,0.9547063,15.24987,328.7127,359.0517,0.5933402,0.02220719,-0.8046452,-0.1976113,0.01452051,-0.2233205,1.821064,-0.005636364,-2.500427,-0.005237013,0.052225,0.5192176,0.8567176,-0.01596705,0.5155386,-0.1224371,0.9646558,0.2333418,-0.5010431,-0.263029,0.8244827,static,4.509625871644886,6.302593933412812,-0.5778859717555848,5.74372250774281,-0.271031,-0.086106534,0.43757199999999985,0.07815427638282055,0.10944353298567025,0.990915815925557,4.683366782542826,6.029242067499762,5.088195415250548,5.118116257684117,5.268994397759065
3837,05/11/2023 10:04:58.426223,4017,True,True,True,True,Eyes,2.072904,0.08525684,-2.956117,-0.4414983,-0.1563547,0.8835341,0.0,0.0,0.0,0.0,0.0,0.0,0.0,-0.3139663,0.8694593,3.486905,2.08665,0.0798552,-2.941522,0.1306849,-0.2602288,0.02819287,0.9562467,15.34361,329.44,359.1624,0.5914354,0.02235139,-0.8060422,-0.1857547,0.01364928,-0.2099213,1.821064,-0.005636364,-2.500427,-0.005211189,0.0537211,0.5191308,0.8629723,-0.01409727,0.5050545,-0.1219346,0.9642532,0.2352609,-0.490317,-0.2646073,0.8304049,static,3.890798722222537,6.383480780594868,-0.5751327171048805,5.908097294273873,-0.2655860000000001,-0.085491564,0.4410949999999998,0.06743628946476013,0.11092931463250216,0.9915377355381786,4.060509475984203,6.099079185884916,4.464177025883084,4.491161662625802,4.639574616844857
3838,05/11/2023 10:04:58.436170,4018,True,True,True,True,Eyes,2.072036,0.08506421,-2.956656,-0.4395694,-0.1564693,0.8844751,0.0,0.0,0.0,0.0,0.0,0.0,0.0,-0.3625849,0.8672781,3.482064,2.081163,0.07863652,-2.944654,0.130357,-0.2528067,0.0281068,0.9582828,15.31045,330.3466,359.2847,0.589702,0.02247742,-0.8073079,-0.1746094,0.01283032,-0.197326,1.821064,-0.005636364,-2.500427,-0.00693433,0.05455035,0.5187168,0.8705975,-0.01204172,0.4918485,-0.1197788,0.9644341,0.2356266,-0.4771928,-0.2640489,0.8381916,static,3.1273679886972388,6.333465424680458,-0.7658980347000837,6.003388628339497,-0.2600990000000001,-0.084272884,0.4442269999999997,0.05422378343809231,0.11015255824181046,0.992434530335026,3.292259060855192,6.035433033368829,3.8840558996717696,3.907233166887115,4.058283609618642
3839,05/11/2023 10:04:58.456602,4019,True,True,True,True,Eyes,2.070962,0.08485404,-2.957338,-0.4373047,-0.1566633,0.8855627,0.0,0.0,0.0,0.0,0.0,0.0,0.0,-0.4096649,0.8743778,3.475668,2.075448,0.0770453,-2.949441,0.1312983,-0.2454228,0.02809882,0.9600725,15.42067,331.2367,359.3763,0.5881168,0.02258547,-0.8084604,-0.1641328,0.0120605,-0.1854865,1.821064,-0.005636364,-2.500427,-0.007560581,0.05742805,0.5194293,0.8779562,-0.01049342,0.478626,-0.118401,0.9639424,0.2383196,-0.4638687,-0.265904,0.8450567,static,2.3970946637293293,6.425226117619051,-0.8339128990666755,6.308992778761293,-0.25438400000000017,-0.082681664,0.449014,0.04156273410129385,0.1118097623614367,0.992860112007212,2.5572335301511333,6.1141540471124705,3.2130206598347555,3.233097595172005,3.396739059119381
3840,05/11/2023 10:04:58.476507,4020,True,True,True,True,Eyes,2.069662,0.08460685,-2.958134,-0.4346377,-0.1569366,0.8868263,0.0,0.0,0.0,0.0,0.0,0.0,0.0,-0.4409543,0.8862636,3.469087,2.069653,0.07644609,-2.953838,0.1330591,-0.2401759,0.02815434,0.9611547,15.62289,331.8602,359.4173,0.5866595,0.02267689,-0.8095159,-0.1542849,0.01133687,-0.1743573,1.821064,-0.005636364,-2.500427,-0.005978554,0.06013857,0.5200607,0.8830457,-0.009793808,0.4691848,-0.1180365,0.9630052,0.2422567,-0.4542,-0.2693047,0.8492216,static,1.9509112664717996,6.608112783847149,-0.6586362385138054,6.596248618244376,-0.24858900000000017,-0.082082454,0.453411,0.03381733698281769,0.11501197972249985,0.9927882681076776,2.1080177577530423,6.289072897512643,2.5922640456659565,2.609574474737605,2.7836542993817277
3841,05/11/2023 10:04:58.486453,4021,True,True,True,True,Eyes,2.068147,0.08432148,-2.95907,-0.4315642,-0.1572535,0.8882701,0.0,0.0,0.0,0.0,0.0,0.0,0.0,-0.4821168,0.8931105,3.461284,2.0632,0.07531521,-2.957719,0.1342138,-0.233569,0.0277838,0.9626319,15.74616,332.6473,359.452,0.5853125,0.02275232,-0.8104882,-0.1450278,0.01065666,-0.1638958,1.821064,-0.005636364,-2.500427,-0.005551547,0.06245088,0.5199697,0.8893471,-0.009205232,0.4571398,-0.1161875,0.9624294,0.2454182,-0.442224,-0.2713759,0.8548644,static,1.3674473982584667,6.709035882518742,-0.6117051196678182,6.848695215552111,-0.24213600000000013,-0.080951574,0.4572919999999998,0.023700870636472637,0.11679455252557756,0.9928733019722725,1.5207289824788774,6.379577552932722,1.9703826098952306,1.984073944820928,2.18342542381911
3842,05/11/2023 10:04:58.516162,4022,True,True,True,True,Eyes,2.066416,0.08400385,-2.960142,-0.4281377,-0.1576744,0.8898522,0.0,0.0,0.0,0.0,0.0,0.0,0.0,-0.5222926,0.904416,3.452631,2.056804,0.07409095,-2.962344,0.1361839,-0.2270865,0.02698393,0.9639283,15.95,333.4054,359.4142,0.5840586,0.02281236,-0.8113906,-0.1363261,0.01001726,-0.1540621,1.821064,-0.005636364,-2.500427,-0.00468266,0.06580251,0.5205244,0.8954072,-0.0098299,0.4451398,-0.1138722,0.9614516,0.2502876,-0.4304406,-0.2747984,0.8597714,static,0.8253582319696493,6.885632349670269,-0.5154214050380942,7.204873924669292,-0.23574000000000006,-0.07972731400000001,0.4619169999999997,0.014300847138975115,0.11987563109192531,0.9926859338496293,0.9750019770646932,6.54649383935053,1.3685125658591888,1.3782616653678188,1.629363739213271
3843,05/11/2023 10:04:58.526226,4023,True,True,True,True,Eyes,2.064485,0.08364271,-2.961348,-0.4244319,-0.1580023,0.8915676,0.0,0.0,0.0,0.0,0.0,0.0,0.0,-0.5607084,0.9136133,3.444206,2.05015,0.07299418,-2.967018,0.1376975,-0.220744,0.02660424,0.9651962,16.11438,334.1559,359.4373,0.582883,0.02285766,-0.8122342,-0.1281465,0.009416224,-0.1448184,1.821064,-0.005636364,-2.500427,-0.003450871,0.06869863,0.5211903,0.9011286,-0.009435203,0.4334493,-0.1121484,0.9606632,0.2540649,-0.4187959,-0.2775557,0.864623,static,0.31591551462950385,7.026598613531086,-0.379357510500506,7.5089282739312,-0.2290859999999999,-0.07863054400000001,0.46659099999999976,0.00547232795781416,0.12232826856492962,0.992474583175453,0.4621659012998908,6.678363056384265,0.8415773386159889,0.8461952970651189,1.1823705989269895
3844,05/11/2023 10:04:58.535978,4024,True,True,True,True,Eyes,2.062349,0.08323044,-2.962671,-0.420405,-0.1584302,0.8933977,0.0,0.0,0.0,0.0,0.0,0.0,0.0,-0.5931202,0.9209744,3.436965,2.04362,0.07159969,-2.971735,0.1387895,-0.2152031,0.02641893,0.9662957,16.23599,334.8153,359.4821,0.5817733,0.02288847,-0.8130286,-0.1204578,0.008851251,-0.1361292,1.821064,-0.005636364,-2.500427,-0.001488075,0.07156157,0.5220199,0.9059793,-0.008678851,0.4232329,-0.1107928,0.9600791,0.2568524,-0.4085662,-0.2795942,0.8688502,static,-0.08014210919219897,7.119769555518587,-0.16332746349074992,7.805789513366289,-0.2225560000000002,-0.077236054,0.4713079999999996,-0.0013879578138526472,0.12394374445610218,0.9922882466529759,0.06348685383650868,6.7644617586786655,0.690936212301169,0.6910449954490211,1.0657430399619776
3845,05/11/2023 10:04:58.556435,4025,True,True,True,True,Eyes,2.060027,0.08279461,-2.96412,-0.4165923,-0.1587171,0.8951311,0.0,0.0,0.0,0.0,0.0,0.0,0.0,-0.6306237,0.9298251,3.427688,2.036823,0.06994554,-2.9762,0.1402761,-0.208971,0.02584087,0.9674637,16.39299,335.5486,359.4847,0.5807172,0.02290486,-0.8137828,-0.1132303,0.008320175,-0.1279615,1.821064,-0.005636364,-2.500427,-0.0001499653,0.07492896,0.5225043,0.9113268,-0.00862705,0.4115933,-0.1086275,0.9593098,0.2606241,-0.3970939,-0.2822241,0.8733075,static,-0.5690648044326766,7.255452012521772,-0.01644460825963993,8.16077945440344,-0.21575900000000003,-0.075581904,0.4757729999999998,-0.0098523734175551,0.12628723035353556,0.9919447638989706,-0.42869291812760363,6.891413589465655,1.0583700328029306,1.0606634047813341,1.3346304237721565
3846,05/11/2023 10:04:58.566453,4026,True,True,True,True,Eyes,2.057501,0.08242051,-2.965662,-0.4123956,-0.1592344,0.8969806,0.0,0.0,0.0,0.0,0.0,0.0,0.0,-0.6680973,0.9429157,3.417265,2.030278,0.06885687,-2.981003,0.1426867,-0.2027948,0.02479496,0.9684524,16.64417,336.2601,359.4111,0.5797049,0.02290761,-0.8145041,-0.1064365,0.007820965,-0.1202838,1.821064,-0.005636364,-2.500427,0.001152501,0.07877104,0.5235141,0.916519,-0.009846732,0.3998699,-0.1058977,0.9580515,0.2663139,-0.3857183,-0.286427,0.8770297,static,-1.0243017966854622,7.470510510545508,0.1261347812952311,8.556872643778892,-0.209214,-0.074493234,0.48057599999999967,-0.01772479658358153,0.12999545937101298,0.9913561085442859,-0.8870527354460065,7.098342412301416,1.5749437124423997,1.5823043337105904,1.7759108593096713
3847,05/11/2023 10:04:58.586413,4027,True,True,True,True,Eyes,2.054775,0.0821465,-2.967288,-0.4080516,-0.1595378,0.8989114,0.0,0.0,0.0,0.0,0.0,0.0,0.0,-0.7126544,0.9564476,3.403901,2.023137,0.06983911,-2.985172,0.1459358,-0.1956792,0.02287042,0.9694789,16.97258,337.0634,359.2351,0.5787262,0.02289984,-0.8152001,-0.1000503,0.007351707,-0.1130668,1.821064,-0.005636364,-2.500427,0.001731157,0.08114663,0.5243281,0.9223732,-0.01276842,0.3860889,-0.101458,0.9563593,0.2740129,-0.3727384,-0.291914,0.8808249,static,-1.5776446382466907,7.769501301439876,0.18917092057538026,8.797476291115261,-0.20207300000000017,-0.075475474,0.48474499999999976,-0.027279062870435078,0.13513787447022949,0.9904512762139993,-1.4442295781976162,7.387451300865842,2.0296300690859015,2.0441061122881696,2.1578154838909995
3848,05/11/2023 10:04:58.606131,4028,True,True,True,True,Eyes,2.051838,0.08174088,-2.969042,-0.4030506,-0.1599622,0.9010895,0.0,0.0,0.0,0.0,0.0,0.0,0.0,-0.7671723,0.9614537,3.390019,2.015949,0.0718095,-2.98931,0.1482866,-0.1871827,0.02054363,0.9708511,17.19468,338.0326,359.0629,0.577773,0.02288539,-0.8158763,-0.09404726,0.006910604,-0.1062828,1.821064,-0.005636364,-2.500427,0.0008103102,0.0816214,0.5256633,0.9290812,-0.01562376,0.3695456,-0.09540299,0.9551781,0.2802376,-0.3573602,-0.2956192,0.8859475,static,-2.2552443556669157,7.94856124398424,0.08832139847413645,8.826015897839225,-0.19488499999999997,-0.077445864,0.48888299999999996,-0.038973790098183914,0.13817894135291597,0.9896401378538668,-2.1263341623406418,7.554411494924021,2.481131173985944,2.5024442278609307,2.5537574298592167
3849,05/11/2023 10:04:58.626003,4029,True,True,True,True,Eyes,2.048741,0.08151037,-2.970939,-0.3980091,-0.1602981,0.9032682,0.0,0.0,0.0,0.0,0.0,0.0,0.0,-0.837086,0.9717495,3.37066,2.008327,0.06829911,-2.994715,0.1498531,-0.1760948,0.02030357,0.9726884,17.37782,339.3549,359.2028,0.5768374,0.0228613,-0.8165388,-0.08840442,0.006495968,-0.0999058,1.821064,-0.005636364,-2.500427,-0.002177224,0.08728642,0.5265273,0.9371567,-0.01327862,0.3486559,-0.09227479,0.9542637,0.2843699,-0.3364857,-0.2986714,0.8930693,static,-3.2389458786579803,8.09659564556594,-0.23692035581628026,9.412750771989241,-0.18726299999999996,-0.073935474,0.4942879999999996,-0.055938749701842316,0.1406218882266796,0.9884819201740704,-3.116461881862784,7.68488087467264,3.2510040813897936,3.2778684471167114,3.358168218281971
3850,05/11/2023 10:04:58.635984,4030,True,True,True,True,Eyes,2.045465,0.08137667,-2.972835,-0.3925142,-0.1605577,0.9056234,0.0,0.0,0.0,0.0,0.0,0.0,0.0,-0.8661338,0.9930602,3.358182,2.001597,0.07229966,-3.000354,0.1531059,-0.1705827,0.02203845,0.9731262,17.78833,340.0269,359.4379,0.5759121,0.02283334,-0.8171923,-0.08310016,0.00610621,-0.09391145,1.821064,-0.005636364,-2.500427,0.0002251267,0.08817793,0.5299229,0.9408317,-0.009342045,0.3387454,-0.09512682,0.9521458,0.2904638,-0.3252486,-0.3055014,0.8949203,static,-3.5367667938958944,8.498907999464121,0.024340916366732437,9.447325116766157,-0.18053299999999983,-0.077936024,0.499927,-0.06101413787321991,0.1475152068305049,0.9871759992989247,-3.416591616697158,8.081873027267504,3.647344731593869,3.685238547568316,3.7019557136483576
3851,05/11/2023 10:04:58.656180,4031,True,True,True,True,Eyes,2.041979,0.08122106,-2.974831,-0.386427,-0.1604107,0.9082635,0.0,0.0,0.0,0.0,0.0,0.0,0.0,-0.9213457,0.9790604,3.345396,1.994347,0.07449518,-3.002689,0.1523944,-0.1618514,0.02042549,0.974763,17.68049,341.0561,359.4281,0.5749936,0.02280467,-0.8178396,-0.07811415,0.005739837,-0.08827676,1.821064,-0.005636364,-2.500427,-0.001690894,0.0850051,0.5305529,0.9467739,-0.009510457,0.3217589,-0.08915051,0.9527175,0.2904851,-0.309308,-0.3037086,0.9011602,static,-4.17864545616881,8.385955087751388,-0.1826033969306697,9.102557918342782,-0.17328300000000008,-0.080131544,0.502262,-0.07209147654417161,0.14546105072132237,0.9867339591645107,-4.062450536248404,7.957460045419095,4.018118741374021,4.05978715649131,4.04530134391078
3852,05/11/2023 10:04:58.675964,4032,True,True,True,True,Eyes,2.038339,0.08112867,-2.976979,-0.3801363,-0.1602812,0.9109371,0.0,0.0,0.0,0.0,0.0,0.0,0.0,-0.9981319,0.9683197,3.326138,1.986203,0.07385626,-3.007765,0.1513918,-0.149591,0.01983291,0.9768879,17.56089,342.5271,359.6067,0.5740756,0.02277476,-0.818485,-0.0734273,0.005395447,-0.08298016,1.821064,-0.005636364,-2.500427,-0.005773291,0.08514547,0.5326341,0.9544584,-0.006544638,0.2982723,-0.08404273,0.9533744,0.2898519,-0.2862621,-0.3017192,0.9094061,static,-5.22146265190808,8.265529992905197,-0.6210121635448825,9.08230691021623,-0.16513899999999992,-0.07949262400000001,0.5073379999999998,-0.09006801299567738,0.14317656706455129,0.9855903274110196,-5.111798287234016,7.818416138274703,4.626732952010681,4.672394378531557,4.665252393184941
3853,05/11/2023 10:04:58.686553,4033,True,True,True,True,Eyes,2.034555,0.08099758,-2.979197,-0.3737551,-0.1598615,0.9136474,0.0,0.0,0.0,0.0,0.0,0.0,0.0,-1.027264,0.9733101,3.317093,1.979052,0.07549653,-3.013862,0.1512889,-0.1437982,0.0224965,0.9777156,17.5961,343.2708,0.02886467,0.5731535,0.02274548,-0.8191319,-0.06902166,0.005071721,-0.07800134,1.821064,-0.005636364,-2.500427,-0.003466904,0.08505726,0.5365734,0.9576319,0.0004802139,0.2879944,-0.08750048,0.9532111,0.2893651,-0.2743806,-0.3023049,0.9128675,static,-5.501991635939829,8.357851490526318,-0.3701939064666362,9.00753975024054,-0.15798800000000002,-0.08113289400000001,0.5134349999999999,-0.09487127933269765,0.1446996431874864,0.9849170518902655,-5.394210787091523,7.905728174931749,5.119539249608863,5.172759686186544,5.143416604193
3854,05/11/2023 10:04:58.706460,4034,True,True,True,True,Eyes,2.030656,0.08089056,-2.981508,-0.3671968,-0.1595321,0.9163602,0.0,0.0,0.0,0.0,0.0,0.0,0.0,-1.059258,0.9761028,3.305791,1.972021,0.07458436,-3.018051,0.1507031,-0.1377147,0.02481023,0.9786255,17.56558,344.045,0.4238026,0.5722233,0.02271567,-0.8197827,0.0,0.0,0.0,1.821064,-0.005636364,-2.500427,-0.002218679,0.08626144,0.5382492,0.9608383,0.00705179,0.2770201,-0.09006789,0.9533461,0.2881303,-0.2620642,-0.3017972,0.9166465,static,-5.806018124217299,8.380501803091741,-0.23617354717045932,9.10496985370287,-0.150957,-0.08022072400000001,0.5176239999999996,-0.10009147829436171,0.14501445945431818,0.9843538487387102,-5.700199905838415,7.922949924275429,5.558488199432467,5.616762641309883,5.590416367479426
3855,05/11/2023 10:04:58.726049,4035,True,True,True,True,Eyes,2.026659,0.08079997,-2.983896,-0.3605639,-0.1590168,0.9190796,0.5308537,1.835252,-0.003614679,-2.496,0.9458978,0.1347789,0.2951475,0.01412451,0.08955876,0.5409413,1.965554,0.07521581,-3.02292,0.1514859,-0.132167,0.02688355,0.9792147,17.68482,344.7441,0.7581595,0.5712826,0.02268606,-0.8204395,0.0,0.0,0.0,1.821064,-0.005636364,-2.500427,-0.0007552058,0.08766593,0.541043,0.9636183,0.01260667,0.2669846,-0.09269239,0.9526586,0.2895682,-0.2506947,-0.3037806,0.9191678,static,-6.040445552897297,8.56187504008859,-0.07997530122755143,9.203723684958339,-0.14449,-0.080852174,0.5224929999999999,-0.10407052550052387,0.14806896825169288,0.9834860884448412,-5.9363072201549025,8.100136275231135,5.92938620666656,5.994929132522013,5.959406741912798
3856,05/11/2023 10:04:58.736565,4036,True,True,True,True,Eyes,2.022567,0.0807043,-2.986366,-0.3537102,-0.1585182,0.9218248,0.5280021,1.835807,-0.002993628,-2.49964,0.9829578,0.1761939,0.05243946,0.01450334,0.08941548,0.5401869,1.959376,0.07557222,-3.027433,0.1513075,-0.1264134,0.02773243,0.979978,17.672,345.4498,0.9681795,0.5703295,0.02265708,-0.8211031,0.0,0.0,0.0,1.821064,-0.005636364,-2.500427,9.804964e-06,0.08803549,0.543793,0.9665012,0.01609975,0.256157,-0.09260894,0.9526739,0.2895445,-0.2393725,-0.3035675,0.9222514,static,-6.2863893027271365,8.59963394854383,0.0010330825432045467,9.195918070525085,-0.138312,-0.081208584,0.5270059999999996,-0.10828164872606681,0.14864982567923976,0.9829436408487601,-6.183858398704863,8.133503595426381,6.245706592438109,6.315634172822674,6.275476647372227
3857,05/11/2023 10:04:58.756320,4037,True,True,True,True,Eyes,2.018373,0.08063716,-2.988888,-0.3467193,-0.1578293,0.9245949,0.5269123,1.835683,-0.002525054,-2.501707,0.9745237,0.2074044,-0.08536311,0.01414957,0.09032078,0.5412639,1.953184,0.07540523,-3.032222,0.1513076,-0.1201531,0.02755216,0.9807703,17.66294,346.1964,1.063439,0.5693628,0.02262852,-0.8217746,0.0,0.0,0.0,1.821064,-0.005636364,-2.500427,0.000232473,0.08904997,0.5467168,0.9696082,0.01768453,0.2440229,-0.09040482,0.9526938,0.2901749,-0.2273475,-0.3034168,0.9253385,static,-6.582583750031111,8.64110822830771,0.024363108922150177,9.251172530791012,-0.13212000000000002,-0.08104159400000001,0.5317949999999998,-0.11335076497984162,0.14927639645912819,0.9822770747480835,-6.48198463721753,8.169689032765593,6.560857697034799,6.635052769209662,6.595617298645988
3858,05/11/2023 10:04:58.776391,4038,True,True,True,True,Eyes,2.01408,0.08062027,-2.991445,-0.3395506,-0.1570015,0.927392,0.5263935,1.835342,-0.002024293,-2.503272,0.9518675,0.2407947,-0.1896471,0.01373193,0.08964932,0.542623,1.946751,0.07599754,-3.036344,0.150572,-0.1139092,0.02686759,0.9816471,17.56202,346.9334,1.10861,0.5683802,0.0226011,-0.8224552,0.0,0.0,0.0,1.821064,-0.005636364,-2.500427,0.0004373714,0.08827283,0.5494327,0.9726057,0.01844592,0.2317282,-0.08705203,0.9532124,0.2894962,-0.2155462,-0.301738,0.9287056,static,-6.86702500906742,8.59374987035348,0.045609826292586246,9.127243282474128,-0.12568699999999988,-0.08163390400000001,0.535917,-0.1182419397422049,0.14837922254753125,0.981836265692402,-6.76819244105959,8.117252257215071,6.856373202469714,6.933190866246853,6.888249647746334
3859,05/11/2023 10:04:58.786431,4039,True,True,True,True,Eyes,2.009698,0.0805872,-2.994032,-0.3322091,-0.1558642,0.9302384,0.5262419,1.834876,-0.001435064,-2.504502,0.9207418,0.2800692,-0.2716539,0.01359508,0.08702939,0.5443918,1.940204,0.0773086,-3.040064,0.1485139,-0.1079952,0.0272881,0.982617,17.32303,347.6531,1.293496,0.5673814,0.02257614,-0.8231454,0.0,0.0,0.0,1.821064,-0.005636364,-2.500427,0.0009333417,0.08536883,0.5522626,0.9751848,0.02154992,0.2203411,-0.08570506,0.9543979,0.2859706,-0.2041305,-0.2977585,0.9325613,static,-7.104231357449397,8.44382085883524,0.09683163288669247,8.787239676629985,-0.11914000000000002,-0.08294496400000001,0.5396369999999999,-0.12235434474363857,0.1457363183168333,0.9817282493871814,-7.006759763702772,7.963088870229933,7.131925073465972,7.209247164247018,7.15124012192219
3860,05/11/2023 10:04:58.806275,4040,True,True,True,True,Eyes,2.005213,0.08059663,-2.996645,-0.3246544,-0.1546103,0.9331105,0.5263674,1.834326,-0.0007852018,-2.505486,0.8840986,0.3234066,-0.3373096,0.0123354,0.08526237,0.546129,1.93392,0.07701818,-3.04373,0.1456398,-0.1013451,0.02846085,0.9837216,16.99612,348.4731,1.586405,0.5663655,0.02255294,-0.8238452,0.0,0.0,0.0,1.821064,-0.005636364,-2.500427,0.0002900362,0.08317953,0.5548224,0.9778383,0.02647532,0.2076808,-0.08551487,0.9559581,0.2807693,-0.1911007,-0.2923068,0.9370365,static,-7.415897171123666,8.228633081580725,0.02995165417307754,8.526338892198837,-0.11285600000000007,-0.08265454400000001,0.5433029999999999,-0.12776373714792438,0.1419506001216207,0.9815938488554253,-7.320195274738353,7.742337656939068,7.375984369000144,7.451798003089501,7.391841300614819
3861,05/11/2023 10:04:58.825962,4041,True,True,True,True,Eyes,2.000617,0.08062861,-2.999254,-0.3169206,-0.1531582,0.9360042,0.5266947,1.833696,-3.904849e-05,-2.506266,0.8421565,0.373151,-0.3892696,0.01160733,0.08313021,0.5482258,1.927111,0.07816146,-3.047334,0.1436756,-0.09480301,0.02872596,0.9846546,16.76149,349.2596,1.755238,0.5653318,0.02253252,-0.8245555,0.0,0.0,0.0,1.821064,-0.005636364,-2.500427,0.0001970306,0.08045226,0.5575872,0.9803745,0.02932855,0.1949509,-0.08381206,0.9570643,0.277495,-0.178442,-0.2883883,0.9407395,static,-7.702682808425436,8.103575325003078,0.02024619888164814,8.210339870128536,-0.106047,-0.083797824,0.546907,-0.13271794103142404,0.13971602733684835,0.9812570219788639,-7.608683462114657,7.61216012287081,7.647459828791762,7.723666947765228,7.652345181868008
3862,05/11/2023 10:04:58.835977,4042,True,True,True,True,Eyes,1.995924,0.08066675,-3.001855,-0.3091405,-0.1515204,0.9388683,0.5271556,1.832959,0.0007919073,-2.506925,0.7929358,0.4285029,-0.4331722,0.01153314,0.08008971,0.5497423,1.92002,0.07880437,-3.050155,0.1405903,-0.08885803,0.0287656,0.9856528,16.39504,349.9702,1.894836,0.5642803,0.02251529,-0.8252759,0.0,0.0,0.0,1.821064,-0.005636364,-2.500427,0.0008322895,0.07666575,0.5596831,0.9825536,0.03172063,0.1832546,-0.08169094,0.9588138,0.2720342,-0.167078,-0.2822585,0.9446773,static,-7.918814805611139,7.854481539456663,0.08520293096556514,7.799869563006493,-0.09895600000000004,-0.084440734,0.549728,-0.1365014857863571,0.13537845967352138,0.9813460053089539,-7.825941221792946,7.359208883186642,7.9300541748276565,8.004204045088198,7.923407325164122
3863,05/11/2023 10:04:58.856238,4043,True,True,True,True,Eyes,1.991153,0.08066491,-3.004421,-0.3013297,-0.1499664,0.9416531,0.5276653,1.832152,0.001532853,-2.507543,0.7392221,0.4779777,-0.4744342,0.01272851,0.07740382,0.5511153,1.91313,0.07913335,-3.052797,0.1376227,-0.08431704,0.02956893,0.9864464,16.0515,350.5244,2.09483,0.5632106,0.0225011,-0.8260067,0.0,0.0,0.0,1.821064,-0.005636364,-2.500427,0.002807774,0.07331951,0.5615972,0.9840326,0.03512846,0.1744872,-0.08154421,0.9603713,0.2665285,-0.1582097,-0.2765012,0.9479012,static,-7.971745591781157,7.630640999877395,0.28645488196122876,7.438199404074309,-0.09206599999999998,-0.08476971400000001,0.5523699999999998,-0.13747996996067974,0.13152559696153815,0.9817333371003462,-7.878982246462753,7.134424698146617,8.188341058618557,8.260442411415639,8.171085764462783
3864,05/11/2023 10:04:58.876609,4044,True,True,True,True,Eyes,1.986321,0.08066177,-3.006955,-0.2934584,-0.1484995,0.9443675,0.5282614,1.831298,0.002215192,-2.508082,0.6823106,0.5234531,-0.5103421,0.01357614,0.07747433,0.5514742,1.906586,0.07830102,-3.054756,0.1362655,-0.07982744,0.03108191,0.9869618,15.89886,351.0813,2.359697,0.5621234,0.0224886,-0.8267474,0.0,0.0,0.0,1.821064,-0.005636364,-2.500427,0.004452139,0.07280098,0.5624238,0.985323,0.03959784,0.166044,-0.08310875,0.9609313,0.2640154,-0.1491025,-0.2739401,0.9501186,static,-8.014684915949887,7.6018494207672545,0.4535431226604055,7.3754419683225,-0.08552199999999988,-0.083937384,0.5543289999999996,-0.13822502484168037,0.1310185229188072,0.9816964389498168,-7.922166257628504,7.104866618874622,8.397974177226931,8.471254124887771,8.38007867760133
3865,05/11/2023 10:04:58.886378,4045,True,True,True,True,Eyes,1.981452,0.08068381,-3.009454,-0.2855672,-0.1473152,0.9469687,0.5288978,1.830416,0.002769098,-2.508604,0.6235082,0.5603907,-0.5451603,0.01388127,0.07854186,0.5520651,1.900422,0.07841238,-3.056796,0.1366651,-0.07518177,0.03290251,0.9872122,15.94904,351.661,2.647557,0.5610198,0.02247762,-0.8274969,0.0,0.0,0.0,1.821064,-0.005636364,-2.500427,0.005569205,0.07343432,0.563458,0.9865302,0.04441406,0.157434,-0.08551297,0.9604802,0.2648876,-0.1394475,-0.2747823,0.9513407,static,-8.073347293519475,7.763319103014489,0.5662916336960312,7.4253886229746575,-0.07935800000000004,-0.08404874400000001,0.5563689999999997,-0.13917852909157405,0.1337665685363234,0.9811910898639945,-7.9813669582214075,7.265287842250261,8.568482418907703,8.646245300822633,8.549157833609609
3866,05/11/2023 10:04:58.906164,4046,True,True,True,True,Eyes,1.976547,0.08069949,-3.011919,-0.2776409,-0.1462514,0.9494873,0.5295947,1.82951,0.003245525,-2.509076,0.5630443,0.592087,-0.5765537,0.01456798,0.07936196,0.5527808,1.894741,0.07912583,-3.058679,0.1374774,-0.07136435,0.03404088,0.9873441,16.0415,352.1319,2.838829,0.5599005,0.02246872,-0.8282549,0.0,0.0,0.0,1.821064,-0.005636364,-2.500427,0.007104486,0.07387577,0.5645801,0.9874967,0.04759816,0.150282,-0.08684209,0.9598824,0.2666163,-0.1315626,-0.2763335,0.9520142,static,-8.033682268579977,7.944074098125109,0.7209527573039037,7.4548452383182005,-0.07367699999999999,-0.084762194,0.558252,-0.13843988484530234,0.13687563599775265,0.9808667252844753,-7.941632547378289,7.446749898372479,8.686145059340104,8.768293979657663,8.662589087300905
3867,05/11/2023 10:04:58.926156,4047,True,True,True,True,Eyes,1.971614,0.08068446,-3.014351,-0.2695802,-0.1454624,0.9519281,0.5303025,1.828655,0.003545381,-2.509541,0.506057,0.6121327,-0.6076181,0.01482598,0.08106234,0.5533721,1.88907,0.07898783,-3.060603,0.1385451,-0.06710444,0.03367853,0.987506,16.14971,352.6309,2.85969,0.5587667,0.02246154,-0.8290204,0.0,0.0,0.0,1.821064,-0.005636364,-2.500427,0.008173935,0.07535256,0.5655432,0.9887255,0.04792151,0.1418641,-0.08510948,0.959342,0.2691083,-0.1232001,-0.2781481,0.9526045,static,-8.038348234800411,8.101368391284064,0.8280523409330753,7.589347699174121,-0.06800600000000001,-0.084624194,0.5601759999999998,-0.13846722008745094,0.1395673426690237,0.9804833947788054,-7.946488109958343,7.603959869806128,8.79479057510732,8.88117246530636,8.774552617647258
3868,05/11/2023 10:04:58.936334,4048,True,True,True,True,Eyes,1.966648,0.0806324,-3.016762,-0.2614807,-0.1448708,0.9542748,0.5310056,1.8278,0.003705181,-2.510037,0.4491049,0.6227757,-0.6406679,0.0145694,0.08370254,0.553778,1.883529,0.07818389,-3.062518,0.140018,-0.06249119,0.03233243,0.987646,16.29706,353.1556,2.768875,0.5576196,0.02245508,-0.8297926,0.0,0.0,0.0,1.821064,-0.005636364,-2.500427,0.008739918,0.07791397,0.566328,0.9900989,0.0463662,0.1324926,-0.08136576,0.9586991,0.2725355,-0.1143841,-0.2806175,0.9529796,static,-8.083071258810241,8.271374045249294,0.8841531158106268,7.833432465872231,-0.06246499999999999,-0.08382025400000001,0.5620909999999997,-0.1391745531822346,0.14246172363538848,0.9799669382818634,-7.991669200802358,7.773165898354433,8.886721589230513,8.977912107597284,8.876026918348405
3869,05/11/2023 10:04:58.956724,4049,True,True,True,True,Eyes,1.961658,0.08056986,-3.019148,-0.2532434,-0.1446262,0.9565307,0.5316872,1.827012,0.003673963,-2.510573,0.3965282,0.6206741,-0.6764089,0.0148217,0.08728202,0.5542915,1.877891,0.07716239,-3.064728,0.1422414,-0.05815518,0.03094756,0.9876374,16.53288,353.6476,2.665708,0.55646,0.02244825,-0.8305708,0.0,0.0,0.0,1.821064,-0.005636364,-2.500427,0.009765103,0.08164252,0.5672389,0.9913204,0.04458578,0.1236765,-0.07767408,0.9576192,0.2773663,-0.1060684,-0.2845654,0.9527707,static,-8.08899584148264,8.506581501526298,0.9862580420962346,8.19031676222857,-0.05682699999999996,-0.082798754,0.5643009999999999,-0.13919325770302696,0.1464830169058031,0.9793711758984347,-7.997870578006191,8.008266059663047,8.982903742718266,9.080762987587361,8.985972931232773
3870,05/11/2023 10:04:58.966596,4050,True,True,True,True,Eyes,1.956622,0.08053027,-3.021505,-0.2449079,-0.1444659,0.9587229,0.5324322,1.826226,0.003611989,-2.51105,0.3440812,0.6165048,-0.7081878,0.01481369,0.09033298,0.5549541,1.872388,0.07673807,-3.066816,0.1445298,-0.05377159,0.02880722,0.9876184,16.77288,354.1322,2.475694,0.5552889,0.02244083,-0.8313545,0.0,0.0,0.0,1.821064,-0.005636364,-2.500427,0.01052481,0.08486021,0.5682465,0.9925575,0.04135787,0.1145386,-0.07244427,0.9565626,0.2823826,-0.09788458,-0.2885786,0.9524395,static,-8.096960932191191,8.728737094602966,1.0610857288053137,8.493609068628201,-0.051323999999999925,-0.08237443400000001,0.566389,-0.13924919963949578,0.15027806939060012,0.97878804497686,-8.006112219036716,8.230278008184303,9.056889219790007,9.161064557876886,9.071020993953505
3871,05/11/2023 10:04:58.986557,4051,True,True,True,True,Eyes,1.95153,0.08049656,-3.023836,-0.2363655,-0.1443394,0.9608837,0.5332481,1.825489,0.00352785,-2.511447,0.2949833,0.6109393,-0.7346688,0.01430107,0.09122316,0.5560707,1.866343,0.07706103,-3.06882,0.1455691,-0.04853269,0.02520207,0.9878357,16.86052,354.6911,2.135512,0.5541067,0.02243353,-0.8321431,0.0,0.0,0.0,1.821064,-0.005636364,-2.500427,0.01071341,0.08588425,0.5696218,0.9940189,0.03566129,0.1032219,-0.06392073,0.956349,0.2851504,-0.08854735,-0.2900429,0.9529085,static,-8.195477860038988,8.77697714476207,1.077488280392149,8.574140881270212,-0.04527900000000007,-0.08269739400000001,0.5683929999999999,-0.14091485141008014,0.15106615602818022,0.9784283407911096,-8.105306678272505,8.276758720661205,9.168467729166842,9.27518428880902,9.187609014445787
3872,05/11/2023 10:04:59.006440,4052,True,True,True,True,Eyes,1.946374,0.08046243,-3.026148,-0.2277643,-0.1441554,0.9629864,0.5341384,1.824716,0.003463477,-2.51178,0.243473,0.6065972,-0.7568095,0.01376732,0.09108476,0.5574671,1.85998,0.07700668,-3.07089,0.1452927,-0.04306001,0.02132697,0.9882212,16.79806,355.272,1.77416,0.5529136,0.02242653,-0.8329364,0.0,0.0,0.0,1.821064,-0.005636364,-2.500427,0.01089865,0.08581642,0.571217,0.995382,0.02963892,0.09130292,-0.05466413,0.9568704,0.2853259,-0.07890832,-0.2889992,0.9540718,static,-8.318906968657858,8.674968591926243,1.09305376144975,8.543897478189201,-0.03891599999999995,-0.082643044,0.5704629999999997,-0.14306161688903907,0.1492775052846837,0.9783914157829089,-8.22941958253021,8.172546986380965,9.306890785716737,9.41287333506321,9.329866581949773
3873,05/11/2023 10:04:59.025936,4053,True,True,True,True,Eyes,1.941154,0.08042985,-3.02844,-0.219034,-0.1439292,0.9650432,0.5351084,1.823947,0.003412157,-2.512038,0.1922294,0.6032348,-0.7740514,0.01383249,0.09098689,0.5587816,1.853664,0.07639418,-3.072838,0.1445179,-0.03815153,0.01876779,0.9885883,16.68857,355.8087,1.560178,0.5517094,0.02241981,-0.8337347,0.0,0.0,0.0,1.821064,-0.005636364,-2.500427,0.01166229,0.08576257,0.5726741,0.9963845,0.02608008,0.08085687,-0.04813438,0.9575247,0.2843053,-0.07000775,-0.2871694,0.9553181,static,-8.369048612449701,8.548278686092214,1.1666454759812361,8.517208783503625,-0.03259999999999996,-0.08203054400000001,0.5724109999999998,-0.14396538234542064,0.1470942643095831,0.9785893580701964,-8.27975238670045,8.044962611317809,9.43120524391297,9.535744705421994,9.45819480806043
3874,05/11/2023 10:04:59.036169,4054,True,True,True,True,Eyes,1.935888,0.08037484,-3.030679,-0.2101814,-0.1435862,0.9670609,0.536126,1.823204,0.003394552,-2.512212,0.1426818,0.6020114,-0.7856362,0.01460934,0.09043076,0.5605181,1.846988,0.07639375,-3.074953,0.1437373,-0.03352844,0.01750104,0.988893,16.58606,356.3339,1.493239,0.5504934,0.02241341,-0.8345383,0.0,0.0,0.0,1.821064,-0.005636364,-2.500427,0.01309037,0.08520991,0.5744994,0.9971392,0.02497473,0.07134318,-0.04425188,0.9580666,0.283108,-0.06128098,-0.2854551,0.9564309,static,-8.37921176349179,8.456286310919726,1.3052984784671318,8.436619216391154,-0.025924000000000058,-0.082030114,0.5745259999999996,-0.14417293373750792,0.1455184469342607,0.9787944364495391,-8.289886901618397,7.952789363249854,9.580586955110718,9.684530211694032,9.607376010388986
3875,05/11/2023 10:04:59.056561,4055,True,True,True,True,Eyes,1.930543,0.08031088,-3.03287,-0.2010147,-0.1431488,0.9690725,0.5371891,1.82256,0.003412917,-2.512295,0.09977619,0.6033223,-0.7912313,0.01389775,0.08914196,0.561947,1.840402,0.0762763,-3.076472,0.142265,-0.0276461,0.01642025,0.9893063,16.40321,357.0106,1.470823,0.5492674,0.02240672,-0.8353459,0.0,0.0,0.0,1.821064,-0.005636364,-2.500427,0.01288613,0.08385408,0.5759464,0.9979321,0.02462317,0.05937297,-0.04035546,0.9589821,0.2805794,-0.05002886,-0.2823952,0.9579927,static,-8.517041997793365,8.296476317634927,1.2817125029899425,8.283691939060468,-0.019338000000000077,-0.08191266400000001,0.5760449999999997,-0.1465871001835298,0.14273663299410286,0.9788454803875177,-8.428434074505343,7.790519426587249,9.697548421060567,9.798762840632314,9.72266247915161
3876,05/11/2023 10:04:59.075923,4056,True,True,True,True,Eyes,1.925093,0.08023635,-3.035024,-0.191641,-0.1426158,0.9710482,0.5382915,1.821934,0.003467456,-2.512317,0.05799763,0.606905,-0.7926554,0.01208713,0.08825495,0.563423,1.83327,0.07599558,-3.077995,0.1409423,-0.02032641,0.0147073,0.9896999,16.23508,357.8459,1.395465,0.5480311,0.02239956,-0.8361577,0.0,0.0,0.0,1.821064,-0.005636364,-2.500427,0.01153305,0.08285711,0.5774076,0.9987411,0.02338192,0.04437984,-0.03484132,0.959838,0.2783831,-0.03608832,-0.2795789,0.9594443,static,-8.809525005948878,8.149224659762174,1.1442648749679718,8.166109823787902,-0.012205999999999939,-0.081631944,0.5775679999999999,-0.1516393953271679,0.14011251789660714,0.9784549668366775,-8.72263342908814,7.638046406785385,9.854623154067378,9.953804202525125,9.881018829805038
3877,05/11/2023 10:04:59.086725,4057,True,True,True,True,Eyes,1.91954,0.08011415,-3.037154,-0.1821083,-0.1420511,0.9729635,0.539409,1.821309,0.0034905,-2.512329,0.01637089,0.6084386,-0.7934321,0.01119866,0.08735175,0.5651439,1.825375,0.07565452,-3.079708,0.1395303,-0.0131671,0.01315478,0.990043,16.05907,358.6643,1.334064,0.5467828,0.02239173,-0.8369746,0.0,0.0,0.0,1.821064,-0.005636364,-2.500427,0.01110297,0.0818749,0.5791087,0.9993072,0.02237318,0.02974298,-0.02972202,0.9607165,0.2759355,-0.02240101,-0.2766283,0.9607159,static,-9.07444647583867,7.9972246439642936,1.098369600342752,8.04719354879198,-0.004310999999999954,-0.08129088400000001,0.5792809999999999,-0.15622144378330383,0.13741695693564104,0.9781162306807708,-8.989090584616008,7.4813171730739425,10.075322888615624,10.172938799150659,10.103319704717059
3878,05/11/2023 10:04:59.106513,4058,True,True,True,True,Eyes,1.913917,0.07996456,-3.039269,-0.1726664,-0.141473,0.9747675,0.5405846,1.820576,0.003486432,-2.512325,-0.03251086,0.6081574,-0.7931505,0.01166965,0.08781859,0.5668458,1.817459,0.07452864,-3.081627,0.1386387,-0.007246862,0.0140296,0.9902172,15.9482,359.3766,1.536118,0.545523,0.02238203,-0.8377965,0.0,0.0,0.0,1.821064,-0.005636364,-2.500427,0.01213902,0.08229985,0.5807865,0.9995013,0.02577531,0.01824202,-0.02979409,0.961165,0.2743615,-0.01046184,-0.2747682,0.9614536,static,-9.203671275555255,7.9524880629392305,1.1973648853805006,8.065350830337357,0.0036050000000000804,-0.080165004,0.5811999999999999,-0.1584450711265047,0.13660419220648382,0.9778723989261283,-9.119094349815105,7.434273560130966,10.302792553958737,10.401648485954423,10.335743305269526
3879,05/11/2023 10:04:59.126139,4059,True,True,True,True,Eyes,1.908226,0.07979681,-3.041348,-0.1632328,-0.1409102,0.976473,0.5418034,1.819786,0.003451213,-2.512292,-0.08516256,0.6058339,-0.79102,0.01392429,0.08839142,0.5686948,1.810045,0.07396847,-3.083565,0.1383747,-0.00337835,0.01626493,0.9902407,15.91187,359.8696,1.863793,0.5442505,0.02236988,-0.8386241,0.0,0.0,0.0,1.821064,-0.005636364,-2.500427,0.01504958,0.0828646,0.5825939,0.9994481,0.03127743,0.01119207,-0.03314734,0.9611758,0.2739386,-0.00218945,-0.2741584,0.961682,static,-9.0979284047841,8.00054745506421,1.4797369090671764,8.095104060905928,0.011019000000000112,-0.079604834,0.5831379999999999,-0.15662126570997612,0.13746488478324803,0.9780456716165219,-9.012725698917908,7.4842206910732125,10.476258279797273,10.578087938921698,10.510230733504537
3880,05/11/2023 10:04:59.136370,4060,True,True,True,True,Eyes,1.902459,0.0796437,-3.043391,-0.1537945,-0.140383,0.9780797,0.5430897,1.818935,0.003403127,-2.512206,-0.1419488,0.6026436,-0.7852842,0.01534266,0.08945332,0.5701906,1.802936,0.0734123,-3.085091,0.138607,0.0008608691,0.01719631,0.990198,15.93026,0.3856259,2.043816,0.5429657,0.02235507,-0.839457,0.0,0.0,0.0,1.821064,-0.005636364,-2.500427,0.01719662,0.08392815,0.5840119,0.9994071,0.03429415,0.003062199,-0.03381686,0.9609847,0.2745264,0.006471922,-0.2744672,0.9615747,static,-9.035287496055398,8.077542265177485,1.6866251021764473,8.177965199671709,0.018127999999999922,-0.079048664,0.5846639999999996,-0.15552255675754595,0.13880345619291493,0.9780318856560033,-8.949763391748007,7.562333465069202,10.617059167570897,10.722382875550341,10.654189909436486
3881,05/11/2023 10:04:59.155735,4061,True,True,True,True,Eyes,1.896598,0.07948126,-3.045404,-0.1443143,-0.1398425,0.9796006,0.5444583,1.818025,0.003342837,-2.512052,-0.2025861,0.5985944,-0.7750118,0.01661197,0.08987459,0.5719475,1.795373,0.07355561,-3.086538,0.1388057,0.00548597,0.01569312,0.9901801,15.94491,0.9070196,1.943013,0.5416685,0.02233831,-0.8402951,0.0,0.0,0.0,1.821064,-0.005636364,-2.500427,0.01928082,0.08435366,0.5856372,0.9994473,0.03260099,-0.006507609,-0.02955506,0.9609734,0.2750574,0.01522078,-0.274713,0.9614058,static,-9.015215475911699,8.107739795833934,1.8856567431742337,8.196362689331187,0.02569099999999991,-0.079191974,0.5861109999999998,-0.15516839291658374,0.1393267485904498,0.978013652500822,-8.929594001061824,7.592889189279504,10.793333534054137,10.901232460327195,10.832074082370523
3882,05/11/2023 10:04:59.176037,4062,True,True,True,True,Eyes,1.890646,0.07929384,-3.047396,-0.1349544,-0.1392054,0.9810246,0.5459932,1.816962,0.003288642,-2.511764,-0.2734702,0.5949928,-0.7557762,0.01819104,0.08971031,0.5739357,1.787392,0.07306061,-3.087991,0.1378629,0.01002491,0.01313673,0.9903136,15.83045,1.398344,1.714418,0.5403588,0.02231956,-0.8411385,0.0,0.0,0.0,1.821064,-0.005636364,-2.500427,0.02185005,0.0841308,0.5873702,0.9994538,0.02878309,-0.01623347,-0.02325484,0.9616425,0.2733183,0.02347774,-0.2727915,0.9617866,static,-8.991929424461789,7.9946882009458875,2.1304088101884013,8.15120596622433,0.033671999999999924,-0.078696974,0.587564,-0.1548128888886863,0.13740451052964317,0.9783420001174071,-8.906044517166332,7.48025409502297,11.015954303679779,11.123439468833787,11.056829494043397
3883,05/11/2023 10:04:59.189254,4063,True,True,True,True,Eyes,1.884613,0.07907473,-3.049346,-0.1255628,-0.1385243,0.982367,0.5476444,1.81585,0.003212661,-2.511358,-0.3476212,0.5899477,-0.7287807,0.02140431,0.0891667,0.5763827,1.779296,0.07239973,-3.08972,0.1363755,0.01318236,0.01083455,0.9905103,15.65695,1.730015,1.491269,0.5390356,0.02229837,-0.8419877,0.0,0.0,0.0,1.821064,-0.005636364,-2.500427,0.02614052,0.08351208,0.5894433,0.9994177,0.02505898,-0.02315939,-0.01786797,0.9625686,0.2704484,0.02906967,-0.2698771,0.9624558,static,-8.80690325633448,7.825701030196865,2.5392785765546497,8.063971565419175,0.04176800000000003,-0.078036094,0.5892929999999996,-0.15171197819081403,0.13458388420829306,0.9792193701659341,-8.719666217087342,7.314571667211976,11.242863880868885,11.348683405265056,11.283857411085584
3884,05/11/2023 10:04:59.189254,4064,True,True,True,True,Eyes,1.878487,0.07883174,-3.051253,-0.116195,-0.1378087,0.9836196,0.5494674,1.814642,0.003110357,-2.510786,-0.4280794,0.5830488,-0.6905086,0.02471304,0.08937966,0.5783849,1.771233,0.07106929,-3.09098,0.1349898,0.01612898,0.007680859,0.9906859,15.49874,2.023843,1.163857,0.537699,0.02227413,-0.8428425,0.0,0.0,0.0,1.821064,-0.005636364,-2.500427,0.03065003,0.08365616,0.5909166,0.9993618,0.01957313,-0.02988383,-0.01086415,0.9634376,0.2677127,0.03403118,-0.2672172,0.9630352,static,-8.598950814526548,7.659863197446166,2.9691923346117575,8.05782568482094,0.04983099999999996,-0.076705654,0.5905529999999999,-0.14821250693380414,0.1318198138336882,0.9801309212519005,-8.510218579345727,7.152447907650395,11.47014852810363,11.57498639568587,11.515059003360793
3885,05/11/2023 10:04:59.226139,4065,True,True,True,True,Eyes,1.872251,0.078581,-3.053116,-0.1066927,-0.1371395,0.984789,0.5514487,1.813416,0.002955616,-2.510056,-0.5098361,0.5727555,-0.6418864,0.02672061,0.08979522,0.5805944,1.762897,0.07010232,-3.092127,0.1340359,0.02036691,0.004500209,0.990757,15.39136,2.470775,0.8544164,0.5363481,0.02224651,-0.8437033,0.0,0.0,0.0,1.821064,-0.005636364,-2.500427,0.03386158,0.08404502,0.5924676,0.9991299,0.01437702,-0.03915093,-0.003457431,0.9640282,0.2657774,0.04156369,-0.2654108,0.9632391,static,-8.533295595456318,7.54623669383131,3.271094092527168,8.073874402522677,0.05816700000000008,-0.075738684,0.5916999999999999,-0.1471269299141385,0.12989708305544,0.9805510509515905,-8.444029038651,7.039994413298809,11.711030506472873,11.81617609285694,11.760655500897187
3886,05/11/2023 10:04:59.236131,4066,True,True,True,True,Eyes,1.865896,0.07828808,-3.054942,-0.09722771,-0.1364261,0.9858675,0.553757,1.812055,0.002741143,-2.509011,-0.6005334,0.5584614,-0.572259,0.02873353,0.09045898,0.5832484,1.754031,0.06946333,-3.093279,0.1334247,0.02486722,0.0005619878,0.9907468,15.32847,2.937538,0.4603893,0.5349832,0.0222157,-0.8445702,0.0,0.0,0.0,1.821064,-0.005636364,-2.500427,0.03724438,0.08469926,0.5941763,0.9987626,0.007749378,-0.04912427,0.005522228,0.964395,0.2644082,0.0494242,-0.2643523,0.9631589,static,-8.500695011945004,7.467853548567553,3.5867427569224475,8.112801565696165,0.06703300000000012,-0.07509969400000001,0.5928519999999997,-0.14659463803745265,0.1285658021542932,0.9808062410712912,-8.411140825269605,6.962193857671754,11.997823691283527,12.104631748262376,12.052929459247606
3887,05/11/2023 10:04:59.256172,4067,True,True,True,True,Eyes,1.859437,0.07800112,-3.056726,-0.08768223,-0.1356999,0.9868624,0.5565082,1.810641,0.002482995,-2.507529,-0.6948558,0.5413022,-0.473463,0.03141302,0.09138872,0.5863336,1.744831,0.06801341,-3.09447,0.1323034,0.02899214,-0.002513543,0.990782,15.20737,3.373535,0.1597645,0.5336034,0.02218088,-0.8454436,0.0,0.0,0.0,1.821064,-0.005636364,-2.500427,0.04138334,0.0855464,0.5958964,0.9983063,0.002690772,-0.05811489,0.01265226,0.964979,0.2620219,0.05678469,-0.2623134,0.9633105,static,-8.419920805928117,7.34703295469156,3.972653402463864,8.169517900728168,0.076233,-0.073649774,0.5940429999999997,-0.145250247924814,0.1265226329628866,0.9812718388282943,-8.329728532158752,6.8428162700197985,12.311593820937928,12.419838042299867,12.373711588777764
3888,05/11/2023 10:04:59.266447,4068,True,True,True,True,Eyes,1.852885,0.07773327,-3.058423,-0.07821356,-0.1348437,0.9877752,0.5603917,1.809055,0.002167977,-2.504882,-0.8006476,0.5203185,-0.2970389,0.03476369,0.0919678,0.5905481,1.735888,0.06771052,-3.095445,0.1316154,0.03208942,-0.00559101,0.9907656,15.13883,3.689394,359.8438,0.5322081,0.02214265,-0.8463237,0.0,0.0,0.0,1.821064,-0.005636364,-2.500427,0.04647792,0.08582914,0.5976239,0.997878,-0.002631839,-0.06505791,0.01952568,0.9652923,0.2604412,0.06211446,-0.2611588,0.9632953,static,-8.22656377315831,7.2876724875154,4.44700948893485,8.172781376162868,0.08517599999999992,-0.073346884,0.5950179999999996,-0.14195529371480392,0.12556658269856272,0.9818766511269896,-8.135077611557648,6.786908589764606,12.594012367884062,12.70444319812582,12.658181511751954
3889,05/11/2023 10:04:59.286300,4069,True,True,True,True,Eyes,1.846219,0.0775772,-3.060011,-0.06848198,-0.1338668,0.9886303,0.0,0.0,0.0,0.0,0.0,0.0,0.0,-1.948171,0.6786539,2.883152,1.727097,0.06773793,-3.095329,0.1292899,0.03571558,-0.009071745,0.990922,14.88503,4.060695,359.4816,0.5307974,0.02210195,-0.8472102,0.0,0.0,0.0,1.821064,-0.005636364,-2.500427,0.05084936,0.08369568,0.5987749,0.9972842,-0.008743458,-0.07312848,0.02721411,0.9664037,0.2555843,0.06843693,-0.2568804,0.964017,static,-8.074595053984444,7.044677423541882,4.854044681599413,7.957146316995878,0.09396699999999991,-0.073374294,0.5949019999999998,-0.1394225540667189,0.12144540100246597,0.9827575172940239,-7.981892458621539,6.546628500740815,12.854228787685477,12.960799546865887,12.913204202585685
3890,05/11/2023 10:04:59.306401,4070,True,True,True,True,Eyes,1.839425,0.07745182,-3.06148,-0.05867536,-0.1328208,0.9894017,0.0,0.0,0.0,0.0,0.0,0.0,0.0,-1.963688,0.6423194,2.87453,1.717658,0.06999974,-3.094563,0.1269994,0.03948858,-0.01416661,0.9910153,14.64537,4.426306,358.9311,0.529372,0.02206224,-0.8481027,0.0,0.0,0.0,1.821064,-0.005636364,-2.500427,0.05576712,0.07966387,0.5999619,0.9964799,-0.0180486,-0.08186588,0.03810871,0.9673409,0.2505979,0.07466928,-0.2528355,0.9646236,static,-7.93336850909678,6.7962989622256975,5.310447022987333,7.56357839843806,0.10340600000000011,-0.07563610400000001,0.5941359999999998,-0.13706980813501127,0.117222856938883,0.9836008114349934,-7.839512542301716,6.300773246562652,13.165096156835375,13.2660230506775,13.210454701498357
3891,05/11/2023 10:04:59.326634,4071,True,True,True,True,Eyes,1.832482,0.07735673,-3.062842,-0.04830819,-0.1318358,0.9900937,0.0,0.0,0.0,0.0,0.0,0.0,0.0,-1.98922,0.6073982,2.857553,1.707806,0.07034785,-3.09354,0.1249241,0.04510667,-0.01942712,0.99095,14.43844,5.008318,358.3886,0.5279317,0.02202437,-0.8490009,0.0,0.0,0.0,1.821064,-0.005636364,-2.500427,0.05887984,0.07788955,0.6007084,0.995176,-0.02723278,-0.09425073,0.04977242,0.9680331,0.2458345,0.08454307,-0.2493397,0.9647186,static,-7.972409008854303,6.572790027485621,5.598097930616053,7.387913839990652,0.11325800000000008,-0.07598421400000001,0.5931129999999998,-0.13780196030064726,0.11337335274120405,0.9839496922037853,-7.878575000850297,6.076568676426556,13.497103109212894,13.59496544401367,13.540322722879273
3892,05/11/2023 10:04:59.337804,4072,True,True,True,True,Eyes,1.825412,0.07736474,-3.064137,-0.03800123,-0.1308572,0.9906727,0.0,0.0,0.0,0.0,0.0,0.0,0.0,-2.021939,0.5893578,2.831192,1.697272,0.0708633,-3.09281,0.1244924,0.0523246,-0.0224477,0.9905857,14.41775,5.811965,358.1394,0.5264754,0.02198907,-0.8499057,0.0,0.0,0.0,1.821064,-0.005636364,-2.500427,0.06067488,0.07778101,0.6019658,0.9935165,-0.03144471,-0.1092531,0.05750077,0.9679955,0.2442917,0.09807485,-0.2489899,0.9635276,static,-8.20940019996406,6.564121329477953,5.7556639687014295,7.362490677879264,0.12379200000000012,-0.07649966400000001,0.5923829999999999,-0.1418741659741285,0.11315875155313901,0.9833956054278072,-8.117069329877541,6.063668537092548,13.887679346222777,13.987866558250099,13.933401168663005
3893,05/11/2023 10:04:59.355998,4073,True,True,True,True,Eyes,1.81824,0.07739194,-3.065301,-0.02722081,-0.1298267,0.991163,0.0,0.0,0.0,0.0,0.0,0.0,0.0,-2.036895,0.5805664,2.816242,1.687193,0.07335445,-3.092768,0.1240343,0.05664704,-0.02289954,0.9903951,14.37577,6.313501,358.1479,0.5250032,0.02195906,-0.8508167,0.0,0.0,0.0,1.821064,-0.005636364,-2.500427,0.06551513,0.07546902,0.6041861,0.9925334,-0.03130683,-0.1178865,0.05941153,0.9681823,0.2430915,0.1065252,-0.2482803,0.9628132,static,-8.088888060103496,6.589612827526961,6.188707309755418,7.119951540563895,0.13387100000000007,-0.078990814,0.5923409999999998,-0.1397978698867393,0.11363015466040824,0.9836385416533494,-7.995814254029137,6.091311625445943,14.187363506599429,14.287441642784142,14.221770356339006
3894,05/11/2023 10:04:59.376516,4074,True,True,True,True,Eyes,1.810971,0.0774368,-3.066377,-0.01640905,-0.1287714,0.9915385,0.0,0.0,0.0,0.0,0.0,0.0,0.0,-2.062739,0.5711754,2.791776,1.677565,0.07399403,-3.091188,0.122409,0.06299773,-0.02172428,0.9902401,14.19164,7.077247,358.3685,0.5235149,0.02193444,-0.8517339,0.0,0.0,0.0,1.821064,-0.005636364,-2.500427,0.0675737,0.0728188,0.6050316,0.9911187,-0.02760153,-0.1300843,0.0584475,0.9690882,0.2396915,0.1194473,-0.2451658,0.9620946,static,-8.19764853231007,6.491395499683599,6.372739867074093,6.8628445359310035,0.14349900000000004,-0.07963039400000001,0.5907609999999996,-0.14169256272718206,0.11191336246238165,0.9835642044789348,-8.105168791843456,5.9911530014996215,14.477989977209946,14.575122383549228,14.504126491007968
3895,05/11/2023 10:04:59.386775,4075,True,True,True,True,Eyes,1.80363,0.07750569,-3.067342,-0.005175984,-0.1279188,0.9917711,0.0,0.0,0.0,0.0,0.0,0.0,0.0,-2.084984,0.5719479,2.768512,1.667999,0.07462966,-3.090494,0.1219261,0.06877507,-0.01979298,0.9899558,14.13015,7.784056,358.6754,0.5220114,0.02191523,-0.8526567,0.0,0.0,0.0,1.821064,-0.005636364,-2.500427,0.07009984,0.07158616,0.60664,0.9897565,-0.02241739,-0.1409951,0.0559593,0.9694846,0.2386804,0.131342,-0.2441255,0.960808,static,-8.221281714000874,6.520779787274302,6.591537029411051,6.7300278788693335,0.153065,-0.080266024,0.5900669999999999,-0.14209021092413232,0.11241129794093045,0.9834500480724933,-8.128982605226973,6.02011512793074,14.716808111429112,14.814296604598267,14.737627842624768
3896,05/11/2023 10:04:59.406450,4076,True,True,True,True,Eyes,1.796218,0.07758082,-3.068231,0.006104803,-0.1272678,0.9918496,0.0,0.0,0.0,0.0,0.0,0.0,0.0,-2.109759,0.5807896,2.740849,1.658922,0.07543196,-3.089165,0.1231545,0.07492864,-0.0182386,0.9893868,14.26624,8.531282,358.9574,0.5204931,0.02190166,-0.8535846,0.0,0.0,0.0,1.821064,-0.005636364,-2.500427,0.07170755,0.07215213,0.6075578,0.9881061,-0.01763447,-0.1527591,0.05454566,0.9690006,0.2409616,0.1437745,-0.246428,0.9584373,static,-8.291607077772573,6.731503860669536,6.731244966743923,6.772591572789367,0.162142,-0.08106832400000001,0.5887379999999998,-0.14323757299810266,0.11600810923542618,0.98286576236529,-8.199970747024183,6.2295821824569595,14.919991646525377,15.022908232147355,14.94108636910532
3897,05/11/2023 10:04:59.426086,4077,True,True,True,True,Eyes,1.788754,0.07768136,-3.06908,0.01768779,-0.1270888,0.9917337,0.0,0.0,0.0,0.0,0.0,0.0,0.0,-2.135081,0.5972937,2.711484,1.649833,0.07578173,-3.088653,0.125631,0.08120512,-0.0167164,0.9886067,14.54345,9.296043,359.2513,0.5189612,0.02189338,-0.854517,0.0,0.0,0.0,1.821064,-0.005636364,-2.500427,0.07298984,0.07486881,0.6091195,0.9862526,-0.01264813,-0.1647601,0.05345565,0.9678749,0.2456844,0.1563597,-0.2511142,0.9552452,static,-8.361893777362692,7.058333567896039,6.833083140148346,7.007259328435329,0.1712309999999999,-0.08141809400000001,0.5882259999999997,-0.14434601689549556,0.12159292708567553,0.9820282787197915,-8.271037954305916,6.555154815259745,15.082017690956267,15.195062754119501,15.110885894836606
3898,05/11/2023 10:04:59.436207,4078,True,True,True,True,Eyes,1.781272,0.07782096,-3.069913,0.02913972,-0.1272004,0.9914489,0.0,0.0,0.0,0.0,0.0,0.0,0.0,-2.151391,0.6255863,2.686991,1.64108,0.07659432,-3.088811,0.1302497,0.08578776,-0.01550283,0.9876412,15.0665,9.863716,359.509,0.5174154,0.02189063,-0.8554541,0.0,0.0,0.0,1.821064,-0.005636364,-2.500427,0.07584762,0.07994716,0.6109074,0.9848002,-0.008274811,-0.1734935,0.05297014,0.9655894,0.25462,0.1654166,-0.2599399,0.9513509,static,-8.250446421702117,7.614698518135133,7.077379344398229,7.455714283154937,0.17998399999999992,-0.082230684,0.588384,-0.14226060735598814,0.13116293444197458,0.9811004997329907,-8.15944492069534,7.113506092809851,15.197648253578121,15.328650257048137,15.24066665637968
3899,05/11/2023 10:04:59.456326,4079,True,True,True,True,Eyes,1.773794,0.07804299,-3.07072,0.04084995,-0.1275733,0.9909876,0.0,0.0,0.0,0.0,0.0,0.0,0.0,-2.166359,0.6478603,2.665681,1.633166,0.07772606,-3.089566,0.134149,0.08995584,-0.0147601,0.9867595,15.50967,10.37726,359.703,0.5158568,0.02189396,-0.8563947,0.0,0.0,0.0,1.821064,-0.005636364,-2.500427,0.0782683,0.08409002,0.6133048,0.9833802,-0.00499438,-0.1814896,0.05326431,0.9635724,0.2620901,0.1735694,-0.267401,0.947824,static,-8.07147824139999,8.067578211556857,7.272621393443768,7.807126187695115,0.18789800000000012,-0.083362424,0.5891389999999999,-0.13904579648927906,0.1389777149056765,0.980485364439424,-7.979795143351042,7.56957836819403,15.200775256980114,15.346309942808597,15.254266261555866
3900,05/11/2023 10:04:59.476323,4080,True,True,True,True,Eyes,1.766344,0.07832753,-3.071504,0.05249316,-0.127953,0.9903901,0.0,0.0,0.0,0.0,0.0,0.0,0.0,-2.184022,0.6492198,2.6469,1.625711,0.07982589,-3.090018,0.1365508,0.09427405,-0.01694291,0.9859915,15.81132,10.85991,359.5436,0.5142865,0.0219051,-0.8573385,0.0,0.0,0.0,1.821064,-0.005636364,-2.500427,0.08008611,0.08620957,0.6158229,0.9816507,-0.007664742,-0.190534,0.05915752,0.9621336,0.2660813,0.1812797,-0.2724704,0.9449325,static,-7.909975370906077,8.329844610213256,7.40957758213077,7.969096103822357,0.1953530000000001,-0.085462254,0.589591,-0.13619227173323595,0.1435217637835012,0.9802312077639688,-7.817528415786365,7.834726728856328,15.170640277733362,15.323799860536004,15.22769884784739
3901,05/11/2023 10:04:59.486412,4081,True,True,True,True,Eyes,1.758921,0.0786887,-3.072235,0.06466645,-0.1282236,0.9896347,0.0,0.0,0.0,0.0,0.0,0.0,0.0,-2.207287,0.6223296,2.630585,1.61889,0.08135948,-3.090625,0.1357673,0.09929721,-0.02176039,0.9855119,15.77868,11.37565,359.0516,0.5127057,0.02192504,-0.8582843,0.0,0.0,0.0,1.821064,-0.005636364,-2.500427,0.080382,0.08580291,0.6188319,0.9793331,-0.01592763,-0.2016259,0.06985288,0.9621875,0.2632791,0.1898084,-0.2719221,0.9434146,static,-7.7893312463737745,8.220603693340507,7.40088947638781,7.893903579766727,0.20217400000000008,-0.086995844,0.590198,-0.13416367581513922,0.1416921422196935,0.980776899055854,-7.696003610005035,7.727640624457381,15.045315455361479,15.193733529663621,15.097808590397625
3902,05/11/2023 10:04:59.506404,4082,True,True,True,True,Eyes,1.751466,0.07905572,-3.072903,0.07715316,-0.1283601,0.988722,0.0,0.0,0.0,0.0,0.0,0.0,0.0,-2.242998,0.5762656,2.606477,1.611971,0.08320892,-3.090545,0.1334422,0.1066048,-0.02871999,0.9848878,15.60325,12.1261,358.3269,0.5111161,0.02195509,-0.859231,0.0,0.0,0.0,1.821064,-0.005636364,-2.500427,0.07805316,0.08374273,0.6218901,0.9756211,-0.02812077,-0.2176525,0.08502308,0.9627367,0.2567277,0.2023226,-0.2689745,0.9416572,static,-7.909563392763703,7.938167269819663,7.153761668827199,7.669225357476828,0.20909299999999997,-0.08884528400000001,0.5901179999999999,-0.13631587868368972,0.13681520070469072,0.9811726151543488,-7.816715821256146,7.443059260650441,14.927551902487389,15.065725726408507,14.97218579180895
3903,05/11/2023 10:04:59.526223,4083,True,True,True,True,Eyes,1.743942,0.07941738,-3.07354,0.09011384,-0.1284186,0.9876174,0.0,0.0,0.0,0.0,0.0,0.0,0.0,-2.291252,0.5238107,2.570013,1.60369,0.08340336,-3.090372,0.1299215,0.1167691,-0.03540866,0.9839876,15.30467,13.22108,357.6624,0.5095186,0.02199447,-0.8601783,0.0,0.0,0.0,1.821064,-0.005636364,-2.500427,0.07340762,0.0818924,0.6253957,0.9702224,-0.03934173,-0.2389995,0.100025,0.9637333,0.2474131,0.2205981,-0.2639516,0.9389707,static,-8.324442489881237,7.524968151526353,6.694623943756008,7.460146761040938,0.21737399999999996,-0.089039724,0.5899449999999997,-0.1435572772061718,0.12960176213294483,0.9811190861365666,-8.23382188972479,7.022455096839693,14.892348220824232,15.019206315603814,14.934860862963587
3904,05/11/2023 10:04:59.536534,4084,True,True,True,True,Eyes,1.736365,0.07977268,-3.074144,0.1030469,-0.1283783,0.9863571,0.0,0.0,0.0,0.0,0.0,0.0,0.0,-2.328616,0.4954066,2.536574,1.594387,0.08354387,-3.090799,0.1278449,0.1254633,-0.03830643,0.9830804,15.12797,14.20491,357.4329,0.507912,0.02204214,-0.8611265,0.0,0.0,0.0,1.821064,-0.005636364,-2.500427,0.07131486,0.08106434,0.6294581,0.9655831,-0.04323692,-0.2564756,0.1073963,0.9643766,0.2417516,0.2368865,-0.2609758,0.9358293,static,-8.575266499016386,7.3028329590426635,6.463799962432709,7.338406352466091,0.22667700000000002,-0.08918023400000001,0.5903719999999999,-0.14792552923785793,0.12571521032785934,0.9809758936502118,-8.486020380921072,6.795842848327374,14.918067191437885,15.039108534025635,14.959662544809554
3905,05/11/2023 10:04:59.556905,4085,True,True,True,True,Eyes,1.728752,0.08012643,-3.074701,0.1161326,-0.1283296,0.9849085,0.0,0.0,0.0,0.0,0.0,0.0,0.0,-2.351865,0.4936653,2.510026,1.585539,0.08389946,-3.090992,0.1270832,0.1317312,-0.03666965,0.9824216,15.03207,14.97227,357.7113,0.5062965,0.02209714,-0.862076,0.0,0.0,0.0,1.821064,-0.005636364,-2.500427,0.07180932,0.08021024,0.6329821,0.9626045,-0.03856846,-0.2681514,0.1055318,0.9650104,0.2400374,0.249511,-0.2593596,0.9329935,static,-8.54157682286169,7.250587759959299,6.47230840031084,7.221916814895299,0.23552499999999998,-0.089535824,0.5905649999999998,-0.1473652756975853,0.12483121271515246,0.9811731061549784,-8.452062685831743,6.744199516798432,14.89569062642859,15.01391259857634,14.932014804901236
3906,05/11/2023 10:04:59.576366,4086,True,True,True,True,Eyes,1.721095,0.08050777,-3.075227,0.1292044,-0.1282476,0.9832898,0.0,0.0,0.0,0.0,0.0,0.0,0.0,-2.378128,0.5022652,2.477767,1.576977,0.08447911,-3.090808,0.1272205,0.1387028,-0.0335046,0.9815569,15.01327,15.84798,358.1915,0.5046722,0.02215874,-0.8630264,0.0,0.0,0.0,1.821064,-0.005636364,-2.500427,0.07110618,0.07963221,0.6362802,0.959278,-0.03048165,-0.2808143,0.101065,0.9653848,0.240454,0.2637644,-0.2590427,0.9291529,static,-8.595337226917245,7.301490501496613,6.376514536274044,7.133632869141391,0.24408699999999994,-0.090115474,0.5903809999999998,-0.14826972110601147,0.12568567997169067,0.9809277518361683,-8.506217791107858,6.794142034924593,14.855167332461571,14.972792705561444,14.886603895953419
3907,05/11/2023 10:04:59.586400,4087,True,True,True,True,Eyes,1.713411,0.08091485,-3.075716,0.1422171,-0.1281379,0.9815065,0.0,0.0,0.0,0.0,0.0,0.0,0.0,-2.401959,0.5171283,2.44627,1.568259,0.08581121,-3.090998,0.1280256,0.145335,-0.02963546,0.9806166,15.05239,16.6967,358.7593,0.5030386,0.02222712,-0.8639778,0.0,0.0,0.0,1.821064,-0.005636364,-2.500427,0.07077846,0.07901011,0.6401525,0.955999,-0.02090887,-0.2926239,0.09533522,0.9654623,0.2424738,0.2774476,-0.2597021,0.9249744,static,-8.615501220094833,7.427435783888075,6.30928151526327,7.036083863482045,0.25280499999999995,-0.091447574,0.5905709999999997,-0.14857376719514837,0.12783571034141536,0.9806038452678113,-8.52663840018822,6.919726478455288,14.811569842720392,14.929912793558067,14.83637620103846
3908,05/11/2023 10:04:59.606278,4088,True,True,True,True,Eyes,1.70572,0.0813463,-3.076174,0.1550695,-0.1278957,0.9795898,0.0,0.0,0.0,0.0,0.0,0.0,0.0,-2.421123,0.5313982,2.418731,1.559876,0.08717768,-3.090901,0.1281286,0.1511453,-0.02507628,0.9798517,14.99142,17.45664,359.3825,0.5013959,0.02230238,-0.8649302,0.0,0.0,0.0,1.821064,-0.005636364,-2.500427,0.07119897,0.07709026,0.6438018,0.9530526,-0.01041001,-0.3026258,0.08787411,0.9659085,0.2435137,0.2897739,-0.2586743,0.9214764,static,-8.543644777091279,7.472702044602777,6.310778382548098,6.828213210702473,0.261188,-0.092814044,0.5904739999999999,-0.1473284979110145,0.12863461954668207,0.9806872511306267,-8.454369526109694,6.9662754510039635,14.752515903672622,14.868397804156738,14.76579337342693
3909,05/11/2023 10:04:59.626113,4089,True,True,True,True,Eyes,1.698054,0.08179293,-3.076581,0.1677358,-0.1275254,0.977549,0.0,0.0,0.0,0.0,0.0,0.0,0.0,-2.4351,0.5439927,2.396787,1.552043,0.08850101,-3.090883,0.1279187,0.1558566,-0.02071927,0.9792427,14.89126,18.08127,359.9582,0.4997448,0.02238455,-0.8658831,0.0,0.0,0.0,1.821064,-0.005636364,-2.500427,0.07242417,0.07477923,0.6473293,0.9505589,-0.0007044547,-0.3105436,0.08045234,0.966415,0.2440684,0.2999421,-0.2569854,0.918691,static,-8.351735824648964,7.481082046702825,6.383789520847727,6.589577687200409,0.26902099999999995,-0.09413737400000001,0.5904559999999996,-0.14403903043280122,0.12884112168782694,0.9811487128473447,-8.2612447561446,6.978081949242227,14.650590109613933,14.762468873152185,14.650186501744775
3910,05/11/2023 10:04:59.636338,4090,True,True,True,True,Eyes,1.690417,0.08226146,-3.076938,0.1801825,-0.1269836,0.9754022,0.0,0.0,0.0,0.0,0.0,0.0,0.0,-2.447709,0.5464861,2.377963,1.54491,0.08957778,-3.090285,0.126475,0.1601544,-0.01728571,0.9788033,14.66252,18.63593,0.395175,0.498087,0.02247341,-0.8668355,0.0,0.0,0.0,1.821064,-0.005636364,-2.500427,0.07367595,0.07119684,0.6502016,0.9481035,0.006672441,-0.3178917,0.07434969,0.9674106,0.2420516,0.3091469,-0.2531251,0.9167092,static,-8.118743491546908,7.348843223462913,6.464751935957588,6.248971078882552,0.276154,-0.095214144,0.589858,-0.14008789943188055,0.1266488162316382,0.9820058439336999,-8.02663161903771,6.850004072636852,14.521077887307566,14.624912226009027,14.503842180524767
3911,05/11/2023 10:04:59.656666,4091,True,True,True,True,Eyes,1.682824,0.08273949,-3.077228,0.1923828,-0.1264532,0.9731385,0.0,0.0,0.0,0.0,0.0,0.0,0.0,-2.458817,0.539118,2.362808,1.537931,0.09068945,-3.089634,0.1246899,0.1639413,-0.01592367,0.9784284,14.43144,19.09659,0.5752656,0.4964238,0.02256896,-0.8677866,0.0,0.0,0.0,1.821064,-0.005636364,-2.500427,0.07547021,0.06780665,0.6529275,0.9457394,0.009723308,-0.3247807,0.07204397,0.9683977,0.2387791,0.3168386,-0.2492213,0.9151514,static,-7.839052149270405,7.175998246258258,6.59341198728036,5.92892477350305,0.2831330000000001,-0.09632581400000001,0.589207,-0.13534214134172537,0.12376824541442807,0.983038157912703,-7.7449802840082445,6.682154117548022,14.390701876250802,14.486242207669791,14.358163091777417
3912,05/11/2023 10:04:59.675997,4092,True,True,True,True,Eyes,1.675275,0.08317646,-3.077468,0.2044245,-0.1258523,0.9707583,0.0,0.0,0.0,0.0,0.0,0.0,0.0,-2.473105,0.5235862,2.345695,1.531364,0.09143613,-3.088566,0.1225719,0.1681961,-0.01613547,0.9779704,14.19195,19.58824,0.5716314,0.494757,0.02267082,-0.8687353,0.0,0.0,0.0,1.821064,-0.005636364,-2.500427,0.07640553,0.06479282,0.6551493,0.9428994,0.009672198,-0.3329371,0.07279225,0.9694316,0.2343154,0.3250261,-0.2451711,0.9133724,static,-7.621641126501531,6.972670553586837,6.651961303414649,5.648059806803434,0.28970000000000007,-0.09707249400000001,0.588139,-0.13166691497950597,0.12033901634597628,0.9839624989190862,-7.525975627955963,6.482709622648204,14.247272421189674,14.334933552612066,14.20248344287056
3913,05/11/2023 10:04:59.686495,4093,True,True,True,True,Eyes,1.667786,0.08359522,-3.07765,0.2163508,-0.1255831,0.9682052,0.0,0.0,0.0,0.0,0.0,0.0,0.0,-2.488203,0.5134057,2.326697,1.524798,0.09089382,-3.087877,0.1213928,0.1725999,-0.01661683,0.9773418,14.06489,20.09916,0.5566598,0.4930875,0.02277728,-0.8696812,0.0,0.0,0.0,1.821064,-0.005636364,-2.500427,0.07697769,0.06442916,0.6573527,0.9398664,0.009424137,-0.3414125,0.07438541,0.9699753,0.2315485,0.3333438,-0.2430207,0.9109461,static,-7.429759061525103,6.860706266220645,6.67906380250771,5.597855884948304,0.2962659999999999,-0.096530184,0.58745,-0.12840004331145152,0.11846717613571171,0.9846212723831114,-7.332755633708976,6.374172124479889,14.081100406847739,14.165227625920268,14.03330861974111
3914,05/11/2023 10:04:59.706350,4094,True,True,True,True,Eyes,1.660329,0.0840076,-3.077759,0.2283327,-0.1254211,0.9654707,0.0,0.0,0.0,0.0,0.0,0.0,0.0,-2.506997,0.5069177,2.302589,1.518667,0.09084112,-3.086958,0.1218657,0.177639,-0.01817785,0.9763517,14.1479,20.68058,0.460905,0.491418,0.02288733,-0.8706228,0.0,0.0,0.0,1.821064,-0.005636364,-2.500427,0.07630737,0.0660658,0.659229,0.9362279,0.007800225,-0.3513068,0.07879215,0.9696367,0.2315093,0.3424457,-0.2444257,0.9071863,static,-7.313687879177124,6.941888767218237,6.602742091884983,5.7228898170593485,0.302397,-0.096477484,0.5865309999999999,-0.1263833073383734,0.11989346618044575,0.9847094816068557,-7.216026435903806,6.457426564343602,13.884121785028139,13.969716589106744,13.838276910718216
3915,05/11/2023 10:04:59.726242,4095,True,True,True,True,Eyes,1.652889,0.08439165,-3.077834,0.2403196,-0.1255604,0.9625389,0.0,0.0,0.0,0.0,0.0,0.0,0.0,-2.535249,0.4976074,2.267441,1.511916,0.09102535,-3.085809,0.1225325,0.1848209,-0.02028412,0.9748926,14.26517,21.51206,0.3395465,0.4897489,0.02300052,-0.8715597,0.0,0.0,0.0,1.821064,-0.005636364,-2.500427,0.07335921,0.06801498,0.6614983,0.9308596,0.005743439,-0.365332,0.08484279,0.9691487,0.2314141,0.3553902,-0.2464098,0.9016541,static,-7.44781227163329,7.034429713811888,6.328161792526191,5.870498835541405,0.309148,-0.09666171400000001,0.5853819999999996,-0.1286635923884515,0.12144785884262987,0.9842236309811755,-7.35110054140583,6.547572114468835,13.736773829974164,13.825056835535475,13.696008404844415
3916,05/11/2023 10:04:59.736315,4096,True,True,True,True,Eyes,1.645477,0.084756,-3.077872,0.2522639,-0.1258038,0.9594458,0.0,0.0,0.0,0.0,0.0,0.0,0.0,-2.55946,0.4956113,2.235218,1.50478,0.09074134,-3.085461,0.1234777,0.1913549,-0.02120331,0.9734922,14.39018,22.28579,0.3533503,0.4880804,0.02311577,-0.8724923,0.0,0.0,0.0,1.821064,-0.005636364,-2.500427,0.07123472,0.07055135,0.6644828,0.9258674,0.005973598,-0.3778013,0.08853864,0.9686073,0.2322944,0.3673288,-0.2485238,0.8962731,static,-7.508098969236407,7.146386494245888,6.118924892798966,6.060663709015692,0.316284,-0.09637770400000001,0.5850339999999998,-0.1296683872928278,0.12335452161365824,0.9838545043905793,-7.41188561414347,6.658451751754501,13.57867862527757,13.670207507673371,13.54400913757907
3917,05/11/2023 10:04:59.756564,4097,True,True,True,True,Eyes,1.638104,0.08511882,-3.077865,0.264185,-0.1263066,0.9561657,0.0,0.0,0.0,0.0,0.0,0.0,0.0,-2.580878,0.4991189,2.20435,1.497953,0.0906613,-3.084984,0.1249752,0.1973634,-0.02150466,0.9720939,14.56414,23.01034,0.4452894,0.4864133,0.02323231,-0.8734196,0.0,0.0,0.0,1.821064,-0.005636364,-2.500427,0.06947273,0.07331885,0.6672176,0.9211705,0.007521966,-0.3890866,0.09114014,0.9678375,0.2344867,0.3783364,-0.2514637,0.8908578,static,-7.507960524978353,7.302864851331766,5.94439068770178,6.270927659941152,0.3231109999999999,-0.096297664,0.5845569999999998,-0.12962188038864997,0.12604179954744008,0.9835199795512057,-7.411905286189642,6.814931575497313,13.396434614295618,13.49187338794253,13.367370063042642
3918,05/11/2023 10:04:59.775835,4098,True,True,True,True,Eyes,1.630744,0.08546823,-3.077804,0.2762924,-0.1268806,0.9526614,0.0,0.0,0.0,0.0,0.0,0.0,0.0,-2.608028,0.4952725,2.16766,1.491425,0.09096003,-3.084354,0.1263418,0.2045333,-0.02309345,0.9703972,14.75286,23.85699,0.4066038,0.4847484,0.02335002,-0.8743416,0.0,0.0,0.0,1.821064,-0.005636364,-2.500427,0.06584282,0.07606585,0.6699568,0.9152656,0.006862558,-0.4027924,0.09650182,0.9670089,0.2357567,0.3911217,-0.2546501,0.8844078,static,-7.632391532894448,7.451925660288803,5.612958344592914,6.477534553524777,0.329639,-0.096596394,0.5839269999999996,-0.13171451308699977,0.12856432735981346,0.9829152663260721,-7.537281596224128,6.96176970105118,13.181924460570558,13.281141946609685,13.159152487115563
4218,05/11/2023 10:05:04.806586,4398,True,True,True,True,Eyes,1.394481,-0.0647829,-2.100241,-0.3376996,-0.7127715,-0.6147485,0.643336,1.177226,-0.5233345,-2.495731,-0.08245751,0.9850799,-0.1510569,-0.006815836,0.01475316,0.643972,1.391114,-0.06504222,-2.096752,0.01542754,0.8941172,-0.4086029,-0.1826473,46.47236,209.5085,14.87933,0.5258623,-0.01600868,-0.8504187,0.2898876,-0.07348377,-0.02933513,1.178463,-0.5381128,-2.493465,-0.009871483,0.003097415,0.6529089,-0.9328038,0.1768484,0.3140087,-0.1216723,0.6656114,-0.7363132,-0.3392236,-0.7250421,-0.5993673,static,-0.23389467524086532,1.1063166415634773,-0.8662023487590046,0.2718104708970922,-0.21265099999999992,-0.47307057999999996,-0.3967130000000001,-0.004081459788508268,0.019307506852037713,0.9998052366185192,-0.08513627427218495,0.7483022128474878,1.0469885918068402,1.0470021694677598,0.9149363873303828
4219,05/11/2023 10:05:04.826320,4399,True,True,True,True,Eyes,1.39616,-0.06475525,-2.100421,-0.339258,-0.7126881,-0.6139868,0.6433353,1.177904,-0.5232526,-2.49542,-0.03729998,0.9907623,-0.1303791,-0.006584898,0.0127902,0.6456702,1.398158,-0.06495748,-2.097236,0.01548328,0.8939824,-0.4066184,-0.1876627,46.15431,210.1689,15.08642,0.5285991,-0.01697761,-0.8487016,0.2724944,-0.06907474,-0.02757503,1.178463,-0.5381128,-2.493465,-0.009152412,0.001348168,0.6550215,-0.9290861,0.1802978,0.3229428,-0.1249307,0.6688434,-0.7328306,-0.3481259,-0.7212081,-0.5988885,static,-0.6635113065130956,0.8970748479479908,-0.8005240393683866,0.11792624730730436,-0.21969499999999997,-0.47315531999999993,-0.39622899999999994,-0.011578779560302732,0.015655221370119748,0.999810459500998,-0.5172811422832402,0.5313909235424942,0.7910546687924112,0.7911036789478451,0.5011781891138691
4220,05/11/2023 10:05:04.836288,4400,True,True,True,True,Eyes,1.398028,-0.06470688,-2.100661,-0.3412316,-0.7123134,-0.6133276,0.6437328,1.178366,-0.5232463,-2.49548,-0.006491801,0.9909213,-0.1342857,-0.007167935,0.01068541,0.6477226,1.404981,-0.06419579,-2.098456,0.01560412,0.8935171,-0.4050183,-0.193246,45.86907,210.9382,15.35857,0.5311008,-0.01784736,-0.8471204,0.2561447,-0.06493026,-0.02592052,1.178463,-0.5381128,-2.493465,-0.009329408,-0.0007793009,0.6571549,-0.9248255,0.1844214,0.3326972,-0.1286512,0.6714334,-0.7298124,-0.357977,-0.7177507,-0.5972328,static,-1.1368498764255774,0.7589325250738187,-0.8133543507701585,-0.0679453681471099,-0.226518,-0.47391700999999997,-0.39500899999999994,-0.01983873299207839,0.013242878082165944,0.9997155497606557,-0.9934991293219204,0.38479798943368404,0.8877569848475265,0.8879056286658832,0.4872665482802959
4221,05/11/2023 10:05:04.856434,4401,True,True,True,True,Eyes,1.400076,-0.06464212,-2.100925,-0.3436143,-0.7117746,-0.6126224,0.644353,1.178667,-0.5232762,-2.495671,0.01357308,0.9890388,-0.1470311,-0.008933842,0.004932553,0.6497895,1.41142,-0.06345215,-2.099794,0.0162631,0.8940061,-0.4008307,-0.1995585,45.25113,211.6922,15.57779,0.5333955,-0.01862678,-0.8456606,0.240776,-0.06103444,-0.02436529,1.178463,-0.5381128,-2.493465,-0.0107934,-0.006697059,0.6590806,-0.919824,0.1890569,0.3437754,-0.1308997,0.6781405,-0.723181,-0.3698504,-0.7101993,-0.5990226,static,-1.6679002851751035,0.30566429949070933,-0.9382175587197449,-0.5821746391926447,-0.23295699999999986,-0.47466064999999996,-0.3936709999999999,-0.029105827561187986,0.005332563147843212,0.9995621481046902,-1.52747693949525,-0.07794927247760614,1.1490485721582129,1.1492148895353342,0.7755448654145336
4222,05/11/2023 10:05:04.876447,4402,True,True,True,True,Eyes,1.40232,-0.06458488,-2.101267,-0.3464979,-0.7110316,-0.6118605,0.6451928,1.178762,-0.5233374,-2.496035,0.01994754,0.9850152,-0.1713104,-0.01146007,0.0003210008,0.6525169,1.417901,-0.06279536,-2.100278,0.01651325,0.8942463,-0.3967331,-0.2065279,44.6467,212.5203,15.77422,0.5355093,-0.01932426,-0.8443079,0.2263295,-0.05737238,-0.02290337,1.178463,-0.5381128,-2.493465,-0.0131287,-0.01159588,0.6614729,-0.9141475,0.1934067,0.3562709,-0.134339,0.6846603,-0.7163751,-0.3824763,-0.7027333,-0.5998985,static,-2.2211348448963877,-0.11154266891724106,-1.1370387961154131,-1.0043146693415923,-0.23943800000000004,-0.47531744,-0.3931870000000002,-0.03875633392103095,-0.0019453229642275051,0.999246798675275,-2.083817072418004,-0.505031608707223,1.4042676174424764,1.404388154223831,1.0703610041079263
4223,05/11/2023 10:05:04.891054,4403,True,True,True,True,Eyes,1.404758,-0.06455214,-2.101629,-0.349848,-0.7102103,-0.6109072,0.6460571,1.178737,-0.5233886,-2.49631,0.01822436,0.9816794,-0.1896669,-0.01460126,-0.002889544,0.6543287,1.424984,-0.06273443,-2.10194,0.01593223,0.8935981,-0.3935813,-0.2152269,44.15075,213.6125,16.00998,0.5374647,-0.01994809,-0.8430499,0.2127497,-0.05393003,-0.02152917,1.178463,-0.5381128,-2.493465,-0.01620857,-0.01502651,0.6629936,-0.9068472,0.1978926,0.3721114,-0.1409445,0.6896799,-0.7102649,-0.3971939,-0.6965487,-0.5975425,static,-2.901166546071572,-0.37879438723335274,-1.4004625384915768,-1.2983658198249564,-0.246521,-0.47537836999999994,-0.3915250000000001,-0.05061216827284579,-0.006602687778167551,0.9986965070924977,-2.7679156531232247,-0.7844236315014117,1.7599357031107632,1.7600352661254353,1.4608437950905595
4224,05/11/2023 10:05:04.906417,4404,True,True,True,True,Eyes,1.407365,-0.06449321,-2.102027,-0.3536526,-0.7093054,-0.609767,0.6470297,1.178542,-0.523435,-2.496565,0.005220736,0.9784073,-0.2066204,-0.01838286,-0.005809933,0.6567823,1.432109,-0.06299596,-2.102313,0.01645325,0.8930662,-0.3899812,-0.2237781,43.56637,214.7042,16.34628,0.5392829,-0.02050652,-0.8418747,0.1999847,-0.05069423,-0.02023742,1.178463,-0.5381128,-2.493465,-0.02010643,-0.01818579,0.6650841,-0.8993053,0.2039262,0.3868645,-0.1451508,0.695288,-0.7039218,-0.4125303,-0.6891943,-0.5956761,static,-3.5836907869938734,-0.7239433754785412,-1.7316047940675263,-1.5662822894143282,-0.25364600000000004,-0.47511683999999993,-0.39115199999999994,-0.06250146257464154,-0.012610157214579575,0.9979652585916877,-3.454443523019224,-1.1417569282831161,2.034578241546903,2.0346393712706177,1.774371739016232
4225,05/11/2023 10:05:04.916553,4405,True,True,True,True,Eyes,1.410149,-0.06441761,-2.102512,-0.3579587,-0.7084168,-0.6082854,0.6479887,1.178195,-0.5234638,-2.496674,-0.01785896,0.9766832,-0.2139419,-0.0224576,-0.006279767,0.6596994,1.438916,-0.06213357,-2.103042,0.01559266,0.8913895,-0.3886169,-0.2327198,43.27972,215.9116,16.65671,0.5409813,-0.02100484,-0.840772,0.1879856,-0.04765258,-0.01902318,1.178463,-0.5381128,-2.493465,-0.0244607,-0.01878452,0.6677357,-0.8911969,0.208676,0.4027689,-0.1530795,0.6974675,-0.7000756,-0.4270072,-0.6855607,-0.5896369,static,-4.233599533977316,-0.7730986449620776,-2.097938566707785,-1.6114009378284253,-0.26045300000000005,-0.47597923,-0.3904230000000002,-0.07381634569494794,-0.013455896732444827,0.9971810303212049,-4.108448582826056,-1.2025160555791428,2.2942263951372652,2.294296951430569,2.0516669739126527
4226,05/11/2023 10:05:04.936287,4406,True,True,True,True,Eyes,1.413089,-0.06434011,-2.102921,-0.3626616,-0.7073015,-0.6067958,0.6491992,1.177649,-0.5235198,-2.496853,-0.05425243,0.9726623,-0.2257975,-0.02819335,-0.009494394,0.6620759,1.446183,-0.06138183,-2.105001,0.01581618,0.8897694,-0.3857474,-0.2434319,42.74622,217.3373,17.1015,0.5425758,-0.02144839,-0.8397326,0.1767065,-0.04479342,-0.01788179,1.178463,-0.5381128,-2.493465,-0.03063557,-0.02221891,0.6696402,-0.8809816,0.2159519,0.4209945,-0.1596609,0.7018977,-0.6941528,-0.4453987,-0.6787522,-0.5838799,static,-5.089744157314262,-0.9975625182595084,-2.619415312803404,-1.9003979961385442,-0.26771999999999996,-0.47673097,-0.3884639999999999,-0.08870266517470332,-0.017341243631693044,0.9959071790958538,-4.9698271206423135,-1.4422650188075488,2.6300465375221798,2.630140015310861,2.3946443350415803
4227,05/11/2023 10:05:04.956616,4407,True,True,True,True,Eyes,1.416068,-0.06422216,-2.103321,-0.3677858,-0.7064632,-0.6046845,0.6500781,1.176978,-0.5234784,-2.496413,-0.09899349,0.9754887,-0.1965249,-0.03198907,-0.01168668,0.665975,1.453048,-0.06109937,-2.103128,0.0152552,0.8891515,-0.3818298,-0.2517601,42.16962,218.3,17.21781,0.5440828,-0.02184255,-0.8387469,0.1661041,-0.04210582,-0.01680888,1.178463,-0.5381128,-2.493465,-0.03521034,-0.02431676,0.6734025,-0.8727683,0.2193873,0.4360558,-0.1651306,0.7079467,-0.6866902,-0.4593554,-0.6713276,-0.5816458,static,-5.60685996296254,-1.3918960283524748,-2.9931109427132365,-2.0680686754519764,-0.27458499999999986,-0.47701342999999996,-0.39033700000000016,-0.09767350285657417,-0.024174632980706275,0.9949248545172169,-5.4898413126031445,-1.8458291403745775,2.699597101406235,2.6997950643594675,2.5066018732303728
4228,05/11/2023 10:05:04.966410,4408,True,True,True,True,Eyes,1.419082,-0.06407432,-2.10381,-0.3741684,-0.7054062,-0.6019967,0.6515499,1.175293,-0.5236818,-2.496041,-0.2114011,0.9621943,-0.1717311,-0.04261923,-0.009032995,0.6690598,1.457219,-0.05991749,-2.102366,0.01033759,0.8854076,-0.3811833,-0.265793,42.02924,220.1095,17.30377,0.5455116,-0.02219059,-0.8378091,0.1561379,-0.03957947,-0.01580035,1.178463,-0.5381128,-2.493465,-0.04733762,-0.02160436,0.6757411,-0.8584946,0.2209376,0.4627893,-0.1843257,0.7091849,-0.6805004,-0.4785513,-0.6695098,-0.568107,static,-6.5028926112106005,-1.247747425796536,-4.007188784564846,-1.8312000646519342,-0.278756,-0.47819530999999993,-0.3910990000000001,-0.11322686058692119,-0.021635543476960378,0.9933335324391179,-6.391736902829755,-1.717680199789752,2.5629274653775385,2.5629971853518665,2.3872487277280188
4229,05/11/2023 10:05:04.986177,4409,True,True,True,True,Eyes,1.422299,-0.06398433,-2.104346,-0.3814877,-0.704213,-0.5987914,0.6537882,1.172887,-0.5243906,-2.495828,-0.3717801,0.9148506,-0.1575688,-0.06413001,-0.01172003,0.6707197,1.461582,-0.05850948,-2.10375,0.0105704,0.8799117,-0.3782426,-0.2873608,41.26673,223.1125,18.29796,0.5468698,-0.02249591,-0.8369151,0.1467696,-0.0372047,-0.01485232,1.178463,-0.5381128,-2.493465,-0.0708462,-0.02420869,0.6756091,-0.8346242,0.2359862,0.4977079,-0.1987822,0.7136416,-0.6717153,-0.5137007,-0.6595652,-0.5487126,static,-8.386663562928826,-1.4193729457434519,-5.986312384601722,-2.052166822404821,-0.2831189999999999,-0.47960331999999994,-0.38971500000000026,-0.1458089534427541,-0.02450547205127896,0.9890091942291145,-8.287351465304841,-1.9229395009024417,2.4823202978285854,2.4823605438445964,2.3046649542928654
4230,05/11/2023 10:05:05.006152,4410,True,True,True,True,Eyes,1.425667,-0.06393243,-2.104756,-0.3892611,-0.7030199,-0.5951797,0.6576215,1.16968,-0.5262534,-2.496159,-0.5854737,0.7905556,-0.1795614,-0.08235425,-0.01605922,0.6745353,1.470118,-0.05905071,-2.104372,0.01475495,0.8751566,-0.3732822,-0.3074798,40.11224,225.8989,19.50708,0.5481688,-0.02276489,-0.8360575,0.1379634,-0.03497241,-0.01396118,1.178463,-0.5381128,-2.493465,-0.09108126,-0.028182,0.6759189,-0.8104772,0.2553792,0.5271703,-0.2037276,0.7208854,-0.6624345,-0.5492014,-0.644287,-0.5322334,static,-10.247977164568637,-1.9349106126127396,-7.674478666625162,-2.3875274864817677,-0.291655,-0.47906208999999994,-0.3890929999999999,-0.1778105784699233,-0.03322610272460748,0.9835036773409825,-10.160015951979608,-2.471707761700344,2.6128913241969767,2.6129976183357484,2.4869623872553888
4231,05/11/2023 10:05:05.026349,4411,True,True,True,True,Eyes,1.429088,-0.06387828,-2.105199,-0.395725,-0.7029439,-0.590992,0.6590759,1.168275,-0.5271718,-2.494708,-0.6791268,0.7293285,-0.08286551,-0.09193379,-0.01145068,0.6786356,1.477456,-0.05964569,-2.101063,0.0141624,0.8708712,-0.373279,-0.3194458,39.87446,227.6263,20.05311,0.549421,-0.02300272,-0.8352287,0.1296856,-0.03287407,-0.01312351,1.178463,-0.5381128,-2.493465,-0.102239,-0.02233616,0.6792306,-0.7955074,0.2631521,0.5458192,-0.2138176,0.7209245,-0.6592041,-0.5669653,-0.6411075,-0.5172342,static,-11.119504431777697,-1.9022630046740132,-8.560001395026555,-1.8834644494529535,-0.29899300000000006,-0.47846711,-0.39240200000000014,-0.19275366643452577,-0.0325721591877055,0.9807063906991268,-11.037136525278394,-2.4546215538337504,2.558150921747248,2.559572069861819,2.542128810940242
4232,05/11/2023 10:05:05.036608,4412,True,True,True,True,Eyes,1.432643,-0.06384965,-2.105793,-0.4029208,-0.7027887,-0.586296,0.0,0.0,0.0,0.0,0.0,0.0,0.0,2.367385,-0.9844249,-0.2050622,1.482307,-0.05909212,-2.101173,0.008345365,0.8636216,-0.3768379,-0.3347857,40.18837,229.9235,20.43607,0.5506316,-0.02321238,-0.8344252,0.1219045,-0.03090163,-0.0123361,1.178463,-0.5381128,-2.493465,-0.1164583,-0.01308843,0.6796623,-0.7756979,0.2667343,0.5719666,-0.2379054,0.7158471,-0.6564784,-0.584546,-0.6453027,-0.4918236,static,-12.140357542322525,-1.3094624008279152,-9.723054916591304,-1.1032230572617436,-0.303844,-0.47902068,-0.39229199999999986,-0.21025475365104218,-0.022341613293332938,0.9773913844611692,-12.065104782766724,-1.8800521737895521,2.4244641792366597,2.4260846339733617,2.4675212363701515
4233,05/11/2023 10:05:05.056607,4413,True,True,True,True,Eyes,1.43647,-0.06392866,-2.106401,-0.4099513,-0.7026294,-0.5815942,0.0,0.0,0.0,0.0,0.0,0.0,0.0,2.404644,-0.9235046,-0.1231835,1.489704,-0.05957936,-2.104182,0.002487045,0.8574862,-0.3741172,-0.3531963,39.78017,232.2419,20.45246,0.5518055,-0.02339745,-0.8336443,0.1145902,-0.02904753,-0.01159594,1.178463,-0.5381128,-2.493465,-0.1299944,-0.0131993,0.6784791,-0.7504925,0.2685389,0.603861,-0.2600084,0.7200602,-0.6433575,-0.6075828,-0.6398438,-0.4705774,static,-13.432142110081065,-1.4829369656922093,-10.846241371225066,-1.1145056597778968,-0.3112409999999999,-0.47853344,-0.3892829999999998,-0.23221997067635786,-0.025171789245887845,0.9723375040771196,-13.36495435297945,-2.0765905428448583,2.6085516348356,2.612015363353311,2.69620518630983
4234,05/11/2023 10:05:05.075902,4414,True,True,True,True,Eyes,1.440451,-0.06399732,-2.106933,-0.4166315,-0.7027305,-0.5767045,0.0,0.0,0.0,0.0,0.0,0.0,0.0,2.42711,-0.8873855,-0.06992388,1.500318,-0.0621193,-2.104375,-0.0005772675,0.853349,-0.3736957,-0.3635198,39.65813,233.641,20.58691,0.5529532,-0.02356451,-0.8328788,0.1077148,-0.02730468,-0.01090018,1.178463,-0.5381128,-2.493465,-0.1336303,-0.007294595,0.6809121,-0.7357059,0.2707063,0.6208501,-0.2726768,0.7207025,-0.6373659,-0.6199871,-0.6382053,-0.4564097,static,-13.995139255533326,-1.4930014003525058,-11.103294280813907,-0.6137848318483368,-0.321855,-0.47599349999999996,-0.38908999999999994,-0.24176228246533618,-0.02528193831324465,0.9700061160193919,-13.931533056997628,-2.09670727272881,3.012696320065925,3.022546795691045,3.1934297457085368
4235,05/11/2023 10:05:05.086938,4415,True,True,True,True,Eyes,1.444432,-0.06390575,-2.107643,-0.4216767,-0.7027166,-0.5730429,0.0,0.0,0.0,0.0,0.0,0.0,0.0,2.434566,-0.8780987,-0.04814959,1.508102,-0.06200386,-2.102921,-0.003342811,0.8507678,-0.3779461,-0.3651571,40.20543,234.1184,20.72971,0.5540828,-0.02371493,-0.8321234,0.1012519,-0.0256664,-0.01024617,1.178463,-0.5381128,-2.493465,-0.1306267,0.002982318,0.6861441,-0.7332982,0.2703315,0.6238546,-0.2817073,0.7142912,-0.6406474,-0.6188009,-0.64553,-0.4476341,static,-13.784913921796388,-0.9461005345203256,-10.778865495993195,0.24903392527579096,-0.329639,-0.4761089399999999,-0.3905440000000002,-0.23824711061036372,-0.016036354251510433,0.9710721775990668,-13.72052224921184,-1.5460563299418997,3.2232629523827128,3.234914761669311,3.4461128069368785
4236,05/11/2023 10:05:05.106168,4416,True,True,True,True,Eyes,1.448496,-0.06388629,-2.108385,-0.4274313,-0.7023468,-0.56922,0.0,0.0,0.0,0.0,0.0,0.0,0.0,2.455294,-0.836738,-0.01042891,1.511844,-0.0583946,-2.107041,-0.01077624,0.8469822,-0.3782402,-0.3734161,40.44919,235.137,20.31731,0.5551926,-0.02384394,-0.8313797,0.0,0.0,0.0,1.178463,-0.5381128,-2.493465,-0.1340077,0.002396762,0.6874821,-0.7208889,0.2642273,0.6407055,-0.3007364,0.7136365,-0.6326773,-0.6244014,-0.6487734,-0.4349899,static,-14.014667544782615,-0.7407608904540213,-11.030089381948637,0.19974889636354978,-0.3333809999999999,-0.47971819999999993,-0.3864239999999999,-0.24215122213218707,-0.01254358899707518,0.9701574078905393,-13.951950292643613,-1.3448202747047793,3.121560662074198,3.129259572033787,3.304990938816925
4237,05/11/2023 10:05:05.126307,4417,True,True,True,True,Eyes,1.448496,-0.06388629,-2.108385,-0.4274313,-0.7023468,-0.56922,0.0,0.0,0.0,0.0,0.0,0.0,0.0,2.477741,-0.7811494,0.04884934,1.518501,-0.06000086,-2.107685,-0.01392741,0.8433098,-0.3715729,-0.3880314,39.60645,236.7231,20.10823,0.556286,-0.02395647,-0.8306453,0.0,0.0,0.0,1.178463,-0.5381128,-2.493465,-0.1456023,-0.002262294,0.6869047,-0.6984755,0.2648737,0.6648114,-0.3118541,0.7234792,-0.6158935,-0.6441112,-0.6375107,-0.4227307,static,-15.425495225693597,-1.4419547992819,-11.967770434957972,-0.18870074635296694,-0.34003800000000006,-0.47811193999999996,-0.38578,-0.26590681104619474,-0.02425825868366683,0.9636934454559756,-15.371066220194095,-2.0712001219335683,3.6614519139404615,3.6778399162620605,3.889244926829283
4238,05/11/2023 10:05:05.136732,4418,True,True,True,True,Eyes,1.448496,-0.06388629,-2.108385,-0.4274313,-0.7023468,-0.56922,0.0,0.0,0.0,0.0,0.0,0.0,0.0,2.49077,-0.7462661,0.1198473,1.529394,-0.06197314,-2.105309,-0.01566719,0.8372378,-0.3725446,-0.3999975,39.52021,238.5549,20.63085,0.557269,-0.02405768,-0.8299831,0.0,0.0,0.0,1.178463,-0.5381128,-2.493465,-0.1554646,0.007329047,0.6901473,-0.6795131,0.2717994,0.6814594,-0.324268,0.7219303,-0.611283,-0.6581125,-0.6363504,-0.4024252,static,-16.762981612264237,-1.2260665389333574,-12.694721326515975,0.6084319629295011,-0.3509309999999999,-0.47613965999999996,-0.38815599999999995,-0.2883526719480861,-0.020488399971979675,0.957305026695733,-16.717304811992484,-1.8791941768878897,4.435448647402478,4.462748761238259,4.729636530340478
4239,05/11/2023 10:05:05.156319,4419,True,True,True,True,Eyes,1.453299,-0.06372543,-2.109269,-0.4338905,-0.7023173,-0.5643487,0.0,0.0,0.0,0.0,0.0,0.0,0.0,2.497643,-0.7257275,0.1838398,1.53715,-0.05839898,-2.10534,-0.02094431,0.8291857,-0.3823536,-0.4072081,40.62772,240.3049,21.37858,0.5581533,-0.02414877,-0.829386,0.0,0.0,0.0,1.178463,-0.5381128,-2.493465,-0.1616178,0.02460492,0.6947638,-0.6674862,0.2766614,0.6913184,-0.3461283,0.7067342,-0.6170267,-0.6592858,-0.6511415,-0.375975,static,-17.14755583501355,0.12282087614531752,-13.095399838036174,2.0282708134547085,-0.358687,-0.47971381999999996,-0.38812500000000005,-0.2948329208123227,0.002048340299902418,0.9555466310800957,-17.10570314571751,-0.5371820316419067,4.457126251540957,4.477801657893308,4.760680720234678
4240,05/11/2023 10:05:05.176936,4420,True,True,True,True,Eyes,1.458338,-0.06356359,-2.110148,-0.4406832,-0.7020733,-0.559367,0.0,0.0,0.0,0.0,0.0,0.0,0.0,2.507627,-0.6943261,0.251565,1.542492,-0.05590408,-2.109777,-0.0209625,0.8241549,-0.3784318,-0.4208549,39.89758,242.0705,21.72493,0.5590605,-0.0242211,-0.8287728,0.0,0.0,0.0,1.178463,-0.5381128,-2.493465,-0.1744316,0.01742643,0.6939228,-0.6448836,0.2839771,0.7095649,-0.3530824,0.7126999,-0.6061285,-0.6778334,-0.6414171,-0.3593413,static,-18.185567204720066,-0.3450796904763509,-14.110115005138733,1.4385621488174514,-0.36402899999999994,-0.4822087199999999,-0.38368800000000025,-0.3120905082929335,-0.005721918922943603,0.9500351658235747,-18.149861336650844,-1.0236133698318026,4.424411370805623,4.448672705645101,4.730946914477194
4241,05/11/2023 10:05:05.185943,4421,True,True,True,True,Eyes,1.463592,-0.06336787,-2.111022,-0.4453552,-0.7014406,-0.5564529,0.0,0.0,0.0,0.0,0.0,0.0,0.0,2.51489,-0.6742605,0.2998021,1.553553,-0.05547033,-2.110114,-0.01985637,0.8211284,-0.3756188,-0.4292603,39.33916,243.1518,22.01149,0.5599941,-0.02427641,-0.8281406,0.0,0.0,0.0,1.178463,-0.5381128,-2.493465,-0.1793033,0.01705819,0.6986792,-0.6306825,0.2898672,0.7198724,-0.3550856,0.7170326,-0.5998154,-0.6900387,-0.6339096,-0.3492922,static,-18.84697327733855,-0.6688387743042076,-14.393304346701452,1.3985934669736213,-0.3750899999999999,-0.48264246999999993,-0.3833510000000002,-0.3230219727218319,-0.011047391915324764,0.9463269834917399,-18.815158043993957,-1.3591798329981826,4.876813924481814,4.910136761435189,5.211343751307984
4242,05/11/2023 10:05:05.206754,4422,True,True,True,True,Eyes,1.468962,-0.06304614,-2.111881,-0.4496542,-0.7011134,-0.5533996,0.0,0.0,0.0,0.0,0.0,0.0,0.0,2.519962,-0.6646749,0.3304274,1.563741,-0.05463917,-2.110192,-0.02201088,0.8174062,-0.3808693,-0.4316263,39.91501,243.9131,22.44226,0.5609567,-0.02431501,-0.8274877,0.0,0.0,0.0,1.178463,-0.5381128,-2.493465,-0.1770875,0.02916169,0.7048926,-0.6264287,0.2928028,0.7223947,-0.3647701,0.7089081,-0.6036489,-0.6888617,-0.6416508,-0.3372748,static,-18.86774203650712,0.06384192218840451,-14.102348557930654,2.368998507394169,-0.385278,-0.48347362999999993,-0.383273,-0.3233845364871838,0.001054380155836164,0.9462670586894674,-18.836803788494077,-0.6268746714117629,5.263253141511692,5.293649203335693,5.602706706021485
4243,05/11/2023 10:05:05.225970,4423,True,True,True,True,Eyes,1.474434,-0.06258636,-2.112742,-0.4536537,-0.7007129,-0.5506358,0.6710891,1.169992,-0.5328271,-2.482267,-0.5646491,0.3523028,0.7463606,-0.157307,0.03737676,0.7108463,1.572001,-0.05150729,-2.110562,-0.02707732,0.8152081,-0.3844802,-0.4322933,40.56223,244.2042,22.29969,0.5619496,-0.02433368,-0.8268132,0.0,0.0,0.0,1.178463,-0.5381128,-2.493465,-0.1722489,0.03722879,0.712191,-0.6247785,0.2882691,0.7256393,-0.3765637,0.7028835,-0.6034521,-0.6839965,-0.6502734,-0.3305948,static,-18.550577481401323,0.6401622072409695,-13.596333923239436,2.9923333012203,-0.39353799999999994,-0.48660550999999996,-0.3829030000000002,-0.3181238167178031,0.010592274701958178,0.9479900173236402,-18.518201406485733,-0.04489508989956442,5.46040483809754,5.484271883207512,5.783557367439334
4244,05/11/2023 10:05:05.236502,4424,True,True,True,True,Eyes,1.480008,-0.06202539,-2.113603,-0.4573464,-0.700083,-0.5483777,0.6701689,1.173509,-0.5311992,-2.481109,-0.3302602,0.4608845,0.8237193,-0.152891,0.0376595,0.7145166,1.579935,-0.04820658,-2.111158,-0.03365077,0.8146502,-0.3832459,-0.4339764,40.81583,244.1844,21.53569,0.5629708,-0.02432901,-0.8261182,0.0,0.0,0.0,1.178463,-0.5381128,-2.493465,-0.1669437,0.03822759,0.7197328,-0.6210644,0.2778121,0.7328709,-0.3874665,0.7039806,-0.5952153,-0.681285,-0.6536298,-0.3295745,static,-18.20139545827491,0.6492494859097574,-13.058959271517061,3.040327487571491,-0.40147200000000005,-0.48990621999999995,-0.38230699999999995,-0.3123399639579203,0.010764398499536629,0.9499094235657202,-18.166800920485,-0.02957319615130488,5.649294069587177,5.671146616417818,5.959390616401411
4245,05/11/2023 10:05:05.256472,4425,True,True,True,True,Eyes,1.485689,-0.06140012,-2.114514,-0.4606828,-0.6991177,-0.5468143,0.6701836,1.176947,-0.5299374,-2.48098,-0.1010774,0.5450065,0.8323168,-0.1439483,0.03176844,0.7196311,1.588018,-0.04579411,-2.111893,-0.04091202,0.8172876,-0.3772508,-0.4336461,40.70221,243.4156,20.0824,0.5640199,-0.02429944,-0.8254031,0.0,0.0,0.0,1.178463,-0.5381128,-2.493465,-0.1562527,0.03260589,0.7281703,-0.6205545,0.2603129,0.7396953,-0.3940604,0.712016,-0.5811622,-0.677959,-0.6521275,-0.3392658,static,-17.49286047651289,0.09261258933781542,-12.111021381235995,2.563868346951683,-0.4095549999999999,-0.49231868999999995,-0.38157200000000024,-0.3005866109543613,0.0015416430680804394,0.9537533182145383,-17.453180052026372,-0.5735555668747616,5.898677504615008,5.922102419495169,6.195327923439635
4246,05/11/2023 10:05:05.276500,4426,True,True,True,True,Eyes,1.491469,-0.06081697,-2.115391,-0.4638838,-0.6979302,-0.5456238,0.6710656,1.180173,-0.5291739,-2.481541,0.1139685,0.5959049,0.7949266,-0.1335419,0.02769068,0.7244933,1.596303,-0.0442903,-2.113826,-0.04884296,0.8196259,-0.372014,-0.4329359,40.70135,242.6461,18.61925,0.5650954,-0.02424495,-0.8246688,0.0,0.0,0.0,1.178463,-0.5381128,-2.493465,-0.1435409,0.02872357,0.7356273,-0.620362,0.2420505,0.7460313,-0.4021823,0.7184399,-0.5675328,-0.6733504,-0.6521164,-0.3483444,static,-16.751114690348366,-0.31088461399520767,-11.041230236459832,2.236055843745999,-0.41784,-0.49382249999999994,-0.37963900000000006,-0.2882110182273138,-0.005195694634544529,0.9575528647706922,-16.706292109381188,-0.9638062465697909,6.229024607088776,6.252174515481551,6.506307971581683
4247,05/11/2023 10:05:05.286423,4427,True,True,True,True,Eyes,1.497331,-0.06016447,-2.116291,-0.4670376,-0.6965397,-0.5447094,0.6727225,1.183144,-0.5287424,-2.482729,0.3120898,0.62472,0.7157688,-0.1277076,0.02480197,0.7284667,1.604501,-0.04503047,-2.113853,-0.05220004,0.8217281,-0.3668239,-0.432988,40.3957,242.1379,17.72563,0.566198,-0.02416966,-0.8239144,0.0,0.0,0.0,1.178463,-0.5381128,-2.493465,-0.1350308,0.02587986,0.7415123,-0.6195933,0.2318723,0.7498932,-0.4034492,0.7254308,-0.5576549,-0.6733003,-0.6480629,-0.3559234,static,-16.297970809508787,-0.7823555282563031,-10.320581446680778,1.9988948494525933,-0.4260379999999999,-0.49308232999999996,-0.37961199999999984,-0.28060861524746383,-0.013105658714747156,0.9597328017197096,-16.24977821327164,-1.427183211026624,6.565307747409456,6.592764007482393,6.847874500416064
4248,05/11/2023 10:05:05.306144,4428,True,True,True,True,Eyes,1.503249,-0.05952409,-2.117244,-0.4703408,-0.6950709,-0.5437427,0.6750516,1.185745,-0.5287328,-2.484298,0.485412,0.6252806,0.6110641,-0.1243448,0.02411845,0.733687,1.612476,-0.04300189,-2.115102,-0.05665671,0.8218059,-0.3643767,-0.4343444,40.39931,242.0319,17.05931,0.5673252,-0.02407305,-0.8231414,0.0,0.0,0.0,1.178463,-0.5381128,-2.493465,-0.1288754,0.02531114,0.747938,-0.6162702,0.2234082,0.7551821,-0.4096515,0.7280393,-0.5496767,-0.6726047,-0.6481107,-0.3571496,static,-16.026462134526874,-0.8632496041377866,-9.776498028639486,1.9382198324088453,-0.434013,-0.49511090999999996,-0.3783630000000002,-0.2760523600977043,-0.014480554253637964,0.961033587346319,-15.976455181387633,-1.5032289577108235,6.823314171509383,6.849108141122144,7.091053410525763
4249,05/11/2023 10:05:05.325942,4429,True,True,True,True,Eyes,1.5093,-0.05895029,-2.118226,-0.474172,-0.6934918,-0.5424297,0.6779564,1.187832,-0.5291075,-2.48597,0.6245118,0.6003023,0.4996221,-0.1260434,0.02281868,0.7368996,1.619965,-0.04266583,-2.117101,-0.0579516,0.8205969,-0.3618833,-0.4385236,40.14671,242.4564,16.90526,0.5684747,-0.02395773,-0.8223514,0.0,0.0,0.0,1.178463,-0.5381128,-2.493465,-0.1280512,0.02416745,0.7517046,-0.6086775,0.2222788,0.7616456,-0.4124985,0.7313643,-0.5430942,-0.6777588,-0.6447468,-0.3534752,static,-16.18324752550881,-1.0148173332288493,-9.66741010534295,1.841436241320756,-0.44150200000000006,-0.49544696999999993,-0.37636400000000014,-0.2786699886533467,-0.017009390811695196,0.9602362520450313,-16.13408681531852,-1.6575951289973352,7.0872488401804326,7.114374306160809,7.352627299259125
4250,05/11/2023 10:05:05.336383,4430,True,True,True,True,Eyes,1.515501,-0.05837249,-2.119255,-0.477945,-0.6921869,-0.5407826,0.6814805,1.189791,-0.5300844,-2.487788,0.7551927,0.5352216,0.3784467,-0.1303515,0.02390572,0.7408869,1.629397,-0.04329829,-2.118651,-0.05374229,0.8186862,-0.3616824,-0.442776,39.77693,243.2207,17.59286,0.5696465,-0.02382811,-0.8215439,0.0,0.0,0.0,1.178463,-0.5381128,-2.493465,-0.1297318,0.02574092,0.7557614,-0.6021223,0.2322924,0.7638645,-0.4082847,0.7325952,-0.5446172,-0.6861139,-0.6398003,-0.3462705,static,-16.626793166081956,-1.0426284690544545,-9.740297227749487,1.9507164197196358,-0.45093399999999995,-0.49481450999999993,-0.3748140000000002,-0.2860929714195755,-0.017435723636221562,0.9580431907095679,-16.58043391020807,-1.6933256296875183,7.479743853148366,7.508924019579608,7.750258853261804
4251,05/11/2023 10:05:05.356616,4431,True,True,True,True,Eyes,1.521788,-0.05772347,-2.120298,-0.4818982,-0.690955,-0.5388462,0.685629,1.191385,-0.5314623,-2.489746,0.8613874,0.4433492,0.2478976,-0.1314666,0.03149331,0.7468535,1.639284,-0.04226985,-2.120771,-0.05034695,0.8159391,-0.366469,-0.4443075,39.99882,243.9363,18.53282,0.5708409,-0.02368544,-0.8207186,0.0,0.0,0.0,1.178463,-0.5381128,-2.493465,-0.128165,0.03398985,0.7612717,-0.6001122,0.2434898,0.7619569,-0.4078099,0.7263314,-0.5532936,-0.6881546,-0.6427717,-0.3365828,static,-16.835959551880592,-0.4309606697320481,-9.556497017176913,2.556488558906682,-0.4608209999999999,-0.49584294999999995,-0.3726940000000001,-0.289625047566604,-0.0071992364794473684,0.9571130639892215,-16.791556249811997,-1.085396442804567,7.846446081085214,7.868635694187948,8.099963485437915
4252,05/11/2023 10:05:05.370101,4432,True,True,True,True,Eyes,1.528113,-0.05695494,-2.121409,-0.4857402,-0.6898081,-0.5368623,0.6906462,1.192638,-0.5333683,-2.492191,0.9448681,0.3162539,0.08489803,-0.131819,0.03620362,0.7543228,1.647644,-0.03966659,-2.122167,-0.04794588,0.8143516,-0.3700228,-0.4445402,40.18704,244.3296,19.17263,0.5720567,-0.02352833,-0.8198761,0.0,0.0,0.0,1.178463,-0.5381128,-2.493465,-0.1254693,0.03926358,0.7675657,-0.6001705,0.2508904,0.7595062,-0.4070696,0.7215687,-0.5600294,-0.6885419,-0.6452849,-0.3309344,static,-16.815424478599205,0.038595717348393975,-9.283685838594655,2.9283204193300465,-0.46918100000000007,-0.49844620999999995,-0.3712979999999999,-0.2892894278262489,0.0006448192937407865,0.9572413995638618,-16.771367289651998,-0.6154764169274342,8.050986332944763,8.067068599843473,8.283952530596533
4253,05/11/2023 10:05:05.386487,4433,True,True,True,True,Eyes,1.528113,-0.05695494,-2.121409,-0.4857402,-0.6898081,-0.5368623,0.6906462,1.192638,-0.5333683,-2.492191,0.9448681,0.3162539,0.08489803,-0.1284337,0.03651434,0.7603972,1.654951,-0.03599343,-2.12488,-0.04819805,0.8133263,-0.370782,-0.4457557,40.24839,244.5784,19.29122,0.5732911,-0.02335366,-0.8190184,0.0,0.0,0.0,1.178463,-0.5381128,-2.493465,-0.1221233,0.0396069,0.7736512,-0.5979577,0.2521549,0.7608317,-0.4089579,0.7203953,-0.5601644,-0.6893477,-0.6461025,-0.3276452,static,-16.97467674990897,0.1463967703195494,-8.970303331379455,2.930686043343509,-0.476488,-0.50211937,-0.36858499999999994,-0.2919481258212755,0.0024437875065101006,0.9564309727392815,-16.931745089754703,-0.5105195187847281,8.461797178051084,8.47480150676924,8.673318314971697
4254,05/11/2023 10:05:05.406562,4434,True,True,True,True,Eyes,1.528113,-0.05695494,-2.121409,-0.4857402,-0.6898081,-0.5368623,0.6906462,1.192638,-0.5333683,-2.492191,0.9448681,0.3162539,0.08489803,-0.12218,0.03317797,0.7670017,1.663282,-0.03429711,-2.126484,-0.04715441,0.8145621,-0.3682483,-0.4457112,39.93787,244.3858,19.14374,0.574401,-0.02319641,-0.8182449,0.0,0.0,0.0,1.178463,-0.5381128,-2.493465,-0.1158622,0.03619382,0.7802698,-0.5982361,0.2514444,0.7608479,-0.4050852,0.7243394,-0.5578877,-0.6913897,-0.6419566,-0.3314695,static,-16.9377897083932,-0.2024561915037539,-8.446129588313546,2.655834803935923,-0.4848189999999999,-0.5038156899999999,-0.366981,-0.2913315203275521,-0.0033802430915541026,0.9566161221217313,-16.894268244165886,-0.8587116183134558,8.945263604712904,8.95980574619577,9.150031874406366
4255,05/11/2023 10:05:05.415973,4435,True,True,True,True,Eyes,1.535192,-0.05604069,-2.122632,-0.4896222,-0.6883812,-0.5351649,0.6986793,1.193103,-0.5369985,-2.496541,0.9759313,0.07428916,-0.2050343,-0.1164662,0.03466064,0.7773165,1.671937,-0.03330231,-2.127766,-0.0485036,0.8158058,-0.3678753,-0.4435947,40.03544,243.9879,18.83908,0.5753989,-0.02305486,-0.8175475,0.0,0.0,0.0,1.178463,-0.5381128,-2.493465,-0.1055967,0.0380758,0.7870736,-0.6017424,0.247236,0.7594607,-0.405514,0.7246305,-0.5571976,-0.6880877,-0.6432613,-0.3357833,static,-16.379814789269297,-0.12425607914538415,-7.641383294550545,2.7696052705891616,-0.49347399999999997,-0.5048104899999999,-0.3656990000000002,-0.2820028705530389,-0.0020806572120316696,0.9594113285258317,-16.332813040544732,-0.77054932072107,9.19282791024257,9.205140873413075,9.384756020266456
4256,05/11/2023 10:05:05.436175,4436,True,True,True,True,Eyes,1.542266,-0.0550894,-2.123821,-0.4932859,-0.6869327,-0.5336595,0.0,0.0,0.0,0.0,0.0,0.0,0.0,2.63906,-0.4777598,0.4037664,1.679986,-0.03192934,-2.128978,-0.05058792,0.8169729,-0.3680091,-0.441096,40.23582,243.5517,18.4817,0.5764539,-0.02288829,-0.8168086,0.0,0.0,0.0,1.178463,-0.5381128,-2.493465,-0.0949634,0.04069111,0.7936771,-0.6057506,0.2419967,0.7579605,-0.4073125,0.7240204,-0.5566785,-0.6834933,-0.6459351,-0.3400074,static,-15.778557489492558,0.03840401197373345,-6.822999116298455,2.9349332947522027,-0.5015229999999999,-0.5061834599999999,-0.364487,-0.271920065292563,0.0006450202752545237,0.9623196129397356,-15.727885145988573,-0.5971547765396232,9.402674376400547,9.412327430645417,9.579803826025472
4257,05/11/2023 10:05:05.459958,4437,True,True,True,True,Eyes,1.549289,-0.0540739,-2.125043,-0.4987227,-0.684866,-0.5312573,0.0,0.0,0.0,0.0,0.0,0.0,0.0,2.646648,-0.4648597,0.4000206,1.68695,-0.03026842,-2.129352,-0.05269318,0.817887,-0.3662166,-0.4406469,40.20211,243.2787,18.04194,0.5775592,-0.0226981,-0.8160328,0.0,0.0,0.0,1.178463,-0.5381128,-2.493465,-0.08843747,0.04034638,0.7997462,-0.6061075,0.2365503,0.759393,-0.4089385,0.7262177,-0.5526094,-0.6822045,-0.6454858,-0.3434315,static,-15.25757356196009,0.009676832103108933,-6.310239331058851,2.888065154116415,-0.5084869999999999,-0.50784438,-0.36411300000000013,-0.263158749333115,0.00016293955461293974,0.9647525767546374,-15.203548277397548,-0.6165795614019156,9.390116159914111,9.398931278169856,9.558947567438503
4258,05/11/2023 10:05:05.477927,4438,True,True,True,True,Eyes,1.556339,-0.05312114,-2.126279,-0.5043516,-0.6825967,-0.5288583,0.0,0.0,0.0,0.0,0.0,0.0,0.0,2.654642,-0.4380735,0.4147768,1.693439,-0.02796116,-2.131326,-0.05557787,0.8172689,-0.3626654,-0.4443609,39.95483,243.4999,17.57511,0.5787074,-0.02248428,-0.8152248,0.0,0.0,0.0,1.178463,-0.5381128,-2.493465,-0.08728749,0.03674579,0.8047551,-0.5989093,0.2314645,0.7666371,-0.4131528,0.7307698,-0.5433969,-0.6860124,-0.6421835,-0.3420347,static,-15.151943942415368,-0.1820477793838478,-6.19036736078231,2.6143572537445805,-0.5149759999999999,-0.5101516399999999,-0.362139,-0.26137844877433114,-0.003066872268615059,0.965231471494352,-15.097049952825438,-0.8064169157177037,9.378590555554045,9.387743921612905,9.541000509059021
4259,05/11/2023 10:05:05.486087,4439,True,True,True,True,Eyes,1.563474,-0.05222961,-2.127477,-0.5100961,-0.6803519,-0.5262349,0.0,0.0,0.0,0.0,0.0,0.0,0.0,2.658473,-0.4253941,0.4414494,1.701263,-0.02833132,-2.132655,-0.05419096,0.8163793,-0.3587206,-0.4493417,39.37584,244.0031,17.61269,0.5798942,-0.02225166,-0.8143874,0.0,0.0,0.0,1.178463,-0.5381128,-2.493465,-0.08936355,0.03296274,0.8088931,-0.5903109,0.2338955,0.7725452,-0.4108569,0.7367657,-0.5370036,-0.6947875,-0.6344046,-0.3388233,static,-15.341232029733739,-0.5402789954856566,-6.304263135073777,2.333536418880812,-0.5227999999999999,-0.5097814799999999,-0.36080999999999985,-0.26455615944078925,-0.009093536453766302,0.9643273589106208,-15.287181649147099,-1.168025584620045,9.470911964703054,9.482912096972218,9.641253108120448
4260,05/11/2023 10:05:05.506135,4440,True,True,True,True,Eyes,1.570634,-0.05132471,-2.128665,-0.5156688,-0.678264,-0.5234918,0.0,0.0,0.0,0.0,0.0,0.0,0.0,2.661172,-0.4235436,0.4639592,1.710668,-0.02871579,-2.132902,-0.05231218,0.8153612,-0.3579842,-0.4519922,39.12854,244.4067,17.89061,0.5811172,-0.02200465,-0.813522,0.0,0.0,0.0,1.178463,-0.5381128,-2.493465,-0.08882153,0.03501704,0.8146275,-0.5859331,0.2383055,0.7745275,-0.4089187,0.7382215,-0.5364835,-0.6996199,-0.6310623,-0.3351008,static,-15.364351390801833,-0.5346486677401446,-6.222567481793023,2.4613633188717703,-0.532205,-0.5093970099999999,-0.36056299999999997,-0.2649454981281931,-0.008997777271636365,0.9642214230572013,-15.310454227172077,-1.1628080911205687,9.60758694580673,9.620202745417306,9.783879798211043
4261,05/11/2023 10:05:05.526304,4441,True,True,True,True,Eyes,1.577807,-0.05041339,-2.129882,-0.5213832,-0.6761528,-0.5205546,0.0,0.0,0.0,0.0,0.0,0.0,0.0,2.66576,-0.408847,0.4835956,1.718662,-0.02755867,-2.133714,-0.05410726,0.8134929,-0.3589087,-0.4544077,39.28016,244.8149,17.91849,0.5823728,-0.02174426,-0.8126306,0.0,0.0,0.0,1.178463,-0.5381128,-2.493465,-0.08758131,0.04010996,0.8201353,-0.581172,0.2381499,0.7781539,-0.4142134,0.736514,-0.5347657,-0.7004756,-0.6331127,-0.3293964,static,-15.253237886320644,-0.21719526837945977,-6.095450207863362,2.7999060516500296,-0.5401989999999999,-0.5105541299999999,-0.35975100000000015,-0.26308399510152125,-0.0036572262723163634,0.9647660742318085,-15.198954413723445,-0.8433727905300645,9.631483007287503,9.641990227075928,9.805471408758956
4262,05/11/2023 10:05:05.536349,4442,True,True,True,True,Eyes,1.585061,-0.04956928,-2.131113,-0.5270833,-0.6739105,-0.517714,0.0,0.0,0.0,0.0,0.0,0.0,0.0,2.671336,-0.3930603,0.5008247,1.726346,-0.02649368,-2.135505,-0.05503841,0.8127041,-0.3566536,-0.4574725,39.0549,245.0933,17.75917,0.5836568,-0.02147171,-0.8117161,0.0,0.0,0.0,1.178463,-0.5381128,-2.493465,-0.08616543,0.03892219,0.8253033,-0.5753792,0.2368585,0.7828389,-0.4157782,0.739538,-0.5293504,-0.7043202,-0.6300647,-0.3270341,static,-15.167319295461267,-0.3075308234661251,-5.960346840685903,2.7001298367105817,-0.5478829999999999,-0.51161912,-0.35795999999999983,-0.2616351872549906,-0.0051804360266907434,0.965152912660869,-15.112395892058665,-0.9321736818298821,9.675061481512644,9.68578156008935,9.846503475322319
4263,05/11/2023 10:05:05.556122,4443,True,True,True,True,Eyes,1.592441,-0.0487927,-2.132281,-0.5326708,-0.6716415,-0.5149364,0.0,0.0,0.0,0.0,0.0,0.0,0.0,2.675565,-0.3928314,0.5167396,1.735608,-0.0271262,-2.137033,-0.05279907,0.8126847,-0.3543796,-0.4595336,38.64723,245.2894,17.88715,0.5849674,-0.02119081,-0.8107795,0.0,0.0,0.0,1.178463,-0.5381128,-2.493465,-0.08340433,0.03748888,0.8307825,-0.5720825,0.2398807,0.7843335,-0.4115166,0.7432547,-0.5274718,-0.7094899,-0.6245236,-0.3264881,static,-15.086276914015198,-0.4974881241142734,-5.732858059727914,2.5837068786938153,-0.557145,-0.5109866,-0.35643199999999986,-0.2602641090225316,-0.008383468822818749,0.9655010578684285,-15.03064346198327,-1.120682743799327,9.835957148612266,9.84785290858197,10.00856212757995
4264,05/11/2023 10:05:05.576082,4444,True,True,True,True,Eyes,1.599872,-0.04802968,-2.133368,-0.5377566,-0.6696245,-0.5122702,0.0,0.0,0.0,0.0,0.0,0.0,0.0,2.681141,-0.4057129,0.5119011,1.74587,-0.02789838,-2.136895,-0.05043291,0.8142026,-0.3546564,-0.4568913,38.58017,244.9545,18.02957,0.586305,-0.02090513,-0.8098202,0.0,0.0,0.0,1.178463,-0.5381128,-2.493465,-0.07386458,0.04071,0.8380324,-0.5774139,0.2419536,0.7797768,-0.406204,0.7433508,-0.5314395,-0.7082313,-0.6236089,-0.3309386,static,-14.535077582414123,-0.41944734839482195,-5.037060679332205,2.7811323302043807,-0.567407,-0.51021442,-0.35657000000000005,-0.2509663603265063,-0.007086379278868196,0.9679698129926535,-14.476006910585156,-1.0328007604892304,10.012013679933867,10.022775831589371,10.180363037572482
4265,05/11/2023 10:05:05.586298,4445,True,True,True,True,Eyes,1.60731,-0.04724276,-2.134487,-0.5429484,-0.6676959,-0.5093026,0.0,0.0,0.0,0.0,0.0,0.0,0.0,2.689545,-0.3908302,0.5053399,1.754503,-0.02769131,-2.136053,-0.05407957,0.8143358,-0.3563774,-0.4548931,39.02229,244.6902,17.6958,0.5876685,-0.02061578,-0.8088387,0.0,0.0,0.0,1.178463,-0.5381128,-2.493465,-0.06483558,0.04958475,0.8446493,-0.5802953,0.2361493,0.7794169,-0.412305,0.7401412,-0.5312209,-0.7023259,-0.6296225,-0.3321349,static,-13.86084761681957,0.013184953681243654,-4.389436795145974,3.3596666273413165,-0.5760399999999999,-0.5104214899999999,-0.35741200000000006,-0.23956464322126986,0.00022341981823079116,0.9708803479873204,-13.797915124330435,-0.5881328068642251,10.03696172820123,10.045225858339792,10.203165432523734
4266,05/11/2023 10:05:05.608205,4446,True,True,True,True,Eyes,1.614861,-0.04649605,-2.135604,-0.548081,-0.6656741,-0.5064437,0.0,0.0,0.0,0.0,0.0,0.0,0.0,2.698675,-0.3507668,0.5201325,1.762357,-0.02662992,-2.137712,-0.06016095,0.8124418,-0.3554651,-0.4582179,39.25131,244.9922,17.12384,0.5890543,-0.02032232,-0.8078374,0.0,0.0,0.0,1.178463,-0.5381128,-2.493465,-0.06223935,0.05463031,0.8498523,-0.5728343,0.2280064,0.787321,-0.4235155,0.7400504,-0.5224558,-0.7017805,-0.6327231,-0.3273621,static,-13.683252509955238,0.24075738349681775,-4.188606750782634,3.678033797889182,-0.5838939999999999,-0.51148288,-0.355753,-0.23655218305821132,0.004082738930906896,0.9716102136014818,-13.619418242872598,-0.35739086396456743,10.090143601182332,10.097681280428311,10.257916825595418
4267,05/11/2023 10:05:05.626042,4447,True,True,True,True,Eyes,1.622549,-0.04583306,-2.136672,-0.5533049,-0.6636733,-0.5033799,0.0,0.0,0.0,0.0,0.0,0.0,0.0,2.706511,-0.328176,0.533165,1.772787,-0.02695118,-2.138613,-0.06185701,0.8122527,-0.3522563,-0.4607979,38.99478,245.1056,16.76261,0.590462,-0.02002672,-0.8068165,0.0,0.0,0.0,1.178463,-0.5381128,-2.493465,-0.05828783,0.05509853,0.856734,-0.5676782,0.2241509,0.7921477,-0.425125,0.7441784,-0.5152351,-0.7049896,-0.6292496,-0.3271617,static,-13.498227476007315,0.04074051988841384,-3.892116015500812,3.6797554311984464,-0.5943239999999999,-0.51116162,-0.35485200000000017,-0.23341521295089349,0.0006914147177790597,0.9723768536579258,-13.433009554563807,-0.5541028055392427,10.263455129254968,10.272283432441453,10.438113100198024
4268,05/11/2023 10:05:05.636350,4448,True,True,True,True,Eyes,1.630341,-0.04522573,-2.137714,-0.5582743,-0.6617886,-0.5003656,0.0,0.0,0.0,0.0,0.0,0.0,0.0,2.714188,-0.314418,0.538806,1.7838,-0.02840281,-2.138512,-0.06346562,0.8119822,-0.3524596,-0.4609007,39.11541,245.0989,16.61332,0.5918924,-0.01973245,-0.8057749,0.0,0.0,0.0,1.178463,-0.5381128,-2.493465,-0.05134913,0.06250149,0.8635308,-0.5670853,0.2218318,0.7932244,-0.4279636,0.7434887,-0.5138791,-0.703748,-0.6308845,-0.3266856,static,-13.127604003170818,0.2362800394000105,-3.4030379015790726,4.139791845370329,-0.605337,-0.50970999,-0.3549530000000001,-0.22711870131283976,0.0040160848158570794,0.9738588426309693,-13.06022028397689,-0.35194702995766647,10.470052151155661,10.478768548048809,10.650675550922935
4269,05/11/2023 10:05:05.661222,4449,True,True,True,True,Eyes,1.630341,-0.04522573,-2.137714,-0.5582743,-0.6617886,-0.5003656,0.0,0.0,0.0,0.0,0.0,0.0,0.0,2.720539,-0.3070605,0.5469196,1.794145,-0.02914821,-2.138909,-0.06412531,0.8115174,-0.353234,-0.4610353,39.23029,245.1647,16.62562,0.5933453,-0.01944153,-0.8047128,0.0,0.0,0.0,1.178463,-0.5381128,-2.493465,-0.04528195,0.06914926,0.8700497,-0.5666689,0.221629,0.7935787,-0.4297842,0.7422274,-0.5141827,-0.7029737,-0.6324389,-0.3253446,static,-13.143949726797892,0.35415301015084016,-2.9792848320052134,4.5441658331984005,-0.6156820000000001,-0.5089645899999999,-0.3545560000000001,-0.2273942354885354,0.00601916944581983,0.9737842215088395,-13.076790061500457,-0.23436667069422312,10.98493654640204,10.99439038240564,11.171122806166
4270,05/11/2023 10:05:05.666714,4450,True,True,True,True,Eyes,1.630341,-0.04522573,-2.137714,-0.5582743,-0.6617886,-0.5003656,0.0,0.0,0.0,0.0,0.0,0.0,0.0,2.727108,-0.2958608,0.5548992,1.804639,-0.02961252,-2.138918,-0.06521264,0.8111923,-0.3532463,-0.461445,39.29294,245.2041,16.5311,0.5946513,-0.0191796,-0.8037544,0.0,0.0,0.0,1.178463,-0.5381128,-2.493465,-0.03955424,0.07496956,0.8770331,-0.5656317,0.2202075,0.7947135,-0.4318075,0.7419288,-0.5129172,-0.7025691,-0.6332854,-0.3245712,static,-13.15614208299251,0.39500471910539453,-2.5822928801964427,4.88581648689629,-0.6261760000000001,-0.5085002799999999,-0.35454700000000017,-0.22760044289928322,0.0067131407953507916,0.973731508644206,-13.089101711882682,-0.19373291969938355,11.477292436207865,11.487979687360184,11.67025509574004
4271,05/11/2023 10:05:05.692079,4451,True,True,True,True,Eyes,1.6391,-0.04472163,-2.138748,-0.5639203,-0.6595393,-0.4969928,0.0,0.0,0.0,0.0,0.0,0.0,0.0,2.733409,-0.2758152,0.5686855,1.815171,-0.03016459,-2.138983,-0.06681384,0.8106191,-0.3514884,-0.463561,39.18236,245.3627,16.29967,0.5958255,-0.01894382,-0.80289,0.0,0.0,0.0,1.178463,-0.5381128,-2.493465,-0.03618285,0.07859129,0.8840699,-0.5612944,0.2175515,0.7985114,-0.4341937,0.7439837,-0.5079017,-0.7045741,-0.6317908,-0.3231344,static,-12.933356166280763,0.3872683075137914,-2.3436701288775903,5.080077185877221,-0.636708,-0.5079482099999999,-0.35448199999999996,-0.2238127072411524,0.006587593160140778,0.9746099280954214,-12.864886614027132,-0.197491420903202,11.571464944811028,11.582914380224794,11.770672314131284
4272,05/11/2023 10:05:05.706684,4452,True,True,True,True,Eyes,1.648011,-0.04431415,-2.139769,-0.5695329,-0.6572434,-0.4936227,0.0,0.0,0.0,0.0,0.0,0.0,0.0,2.739291,-0.2531211,0.5885658,1.826484,-0.03132051,-2.139432,-0.06804176,0.8097606,-0.3488327,-0.4668768,38.93779,245.6518,16.08661,0.5970697,-0.01870914,-0.8019707,0.0,0.0,0.0,1.178463,-0.5381128,-2.493465,-0.03420752,0.08123678,0.8912569,-0.5547929,0.2155287,0.8035873,-0.4359188,0.7473722,-0.5014077,-0.7086465,-0.6284762,-0.3206838,static,-12.847288707112526,0.2686180488020503,-2.1980025769202807,5.208036525356731,-0.648021,-0.5067922899999999,-0.35403300000000026,-0.22235093044181042,0.004570889731881925,0.9749559742265187,-12.778149503398119,-0.3146041758678759,11.726238138455676,11.739043826872557,11.934784007290666
4273,05/11/2023 10:05:05.726246,4453,True,True,True,True,Eyes,1.657101,-0.04401102,-2.14069,-0.5753878,-0.6547522,-0.4901309,0.0,0.0,0.0,0.0,0.0,0.0,0.0,2.743834,-0.2460086,0.6118095,1.839177,-0.03310739,-2.140043,-0.06666818,0.8088502,-0.3476589,-0.4695211,38.68308,246.0111,16.26365,0.5983797,-0.01847906,-0.800999,0.0,0.0,0.0,1.178463,-0.5381128,-2.493465,-0.03169349,0.08515978,0.8990121,-0.5502108,0.2186172,0.8059002,-0.4343155,0.7493774,-0.4998037,-0.7131889,-0.6250122,-0.3173667,static,-12.800329346539195,0.24751739107924706,-2.019051238366076,5.411250932331737,-0.660714,-0.50500541,-0.3534220000000001,-0.22155212188823759,0.004212621840421871,0.9751393613389521,-12.73086911286779,-0.33486623482470307,11.940135576849213,11.954083056881815,12.155694331266492
4274,05/11/2023 10:05:05.736643,4454,True,True,True,True,Eyes,1.666274,-0.04368837,-2.141536,-0.5809125,-0.6524726,-0.4866418,0.0,0.0,0.0,0.0,0.0,0.0,0.0,2.748687,-0.2569511,0.6210678,1.852505,-0.03516538,-2.138695,-0.06381403,0.8090489,-0.3492009,-0.4684298,38.66941,246.0242,16.66431,0.5997542,-0.01825693,-0.7999755,0.0,0.0,0.0,1.178463,-0.5381128,-2.493465,-0.02457458,0.09317252,0.9076702,-0.5530025,0.2238948,0.802533,-0.4304095,0.747973,-0.5052564,-0.7133973,-0.624826,-0.3172646,static,-12.438519482939594,0.46218485574054485,-1.5508670801564217,5.8608947377791765,-0.674042,-0.5029474199999999,-0.35477000000000025,-0.2153852119513132,0.007877231385177444,0.9764974283697029,-12.36696911634146,-0.11374000468931866,12.13805900457125,12.152655809914627,12.356549824408013
4275,05/11/2023 10:05:05.756216,4455,True,True,True,True,Eyes,1.675533,-0.04342186,-2.142323,-0.5870353,-0.6497474,-0.4829263,0.0,0.0,0.0,0.0,0.0,0.0,0.0,2.753664,-0.2491537,0.6321328,1.863697,-0.03439006,-2.137707,-0.06489041,0.8081012,-0.351198,-0.4684245,38.93215,246.1547,16.74679,0.6011882,-0.01804139,-0.7989033,0.0,0.0,0.0,1.178463,-0.5381128,-2.493465,-0.01970205,0.1024011,0.9159538,-0.552735,0.2241434,0.8026477,-0.4338955,0.7448986,-0.5068145,-0.7114901,-0.6283994,-0.3144767,static,-12.052397908140534,0.9063979081512846,-1.2322349284327452,6.379021266600623,-0.6852339999999999,-0.50372274,-0.35575800000000024,-0.20878114049766866,0.015470355248314041,0.9778399879149571,-11.978835549837113,0.33736442609058215,12.110610870678341,12.125408584080136,12.328464717654445
4276,05/11/2023 10:05:05.776621,4456,True,True,True,True,Eyes,1.684968,-0.04322797,-2.143059,-0.5930797,-0.6470528,-0.4791442,0.0,0.0,0.0,0.0,0.0,0.0,0.0,2.755344,-0.2310885,0.6625593,1.875288,-0.035427,-2.136901,-0.06460234,0.806596,-0.3487115,-0.4728951,38.58234,246.673,16.77337,0.6026773,-0.01783391,-0.7977852,0.0,0.0,0.0,1.178463,-0.5381128,-2.493465,-0.0221321,0.1049966,0.9240574,-0.5443932,0.2255919,0.8079257,-0.4340239,0.7484537,-0.5014382,-0.7178155,-0.6236387,-0.3095408,static,-12.135999207521136,0.7843371469763107,-1.3720289754064823,6.482466281382656,-0.696825,-0.5026858,-0.3565640000000001,-0.21021404189654813,0.013382966474715957,0.9775637952233209,-12.062846177808439,0.21381174107166667,12.163455646676317,12.179151480715756,12.393127216362107
4277,05/11/2023 10:05:05.786531,4457,True,True,True,True,Eyes,1.69457,-0.04303192,-2.143724,-0.5993028,-0.644174,-0.4752641,0.0,0.0,0.0,0.0,0.0,0.0,0.0,2.759202,-0.2115782,0.6898189,1.889143,-0.03693625,-2.136254,-0.06516967,0.8049525,-0.3477331,-0.4763257,38.4551,247.1262,16.80091,0.60422,-0.01763631,-0.7966219,0.0,0.0,0.0,1.178463,-0.5381128,-2.493465,-0.02139926,0.1120673,0.9331807,-0.5377337,0.2263515,0.8121625,-0.4361854,0.7496692,-0.4977333,-0.7215159,-0.6219013,-0.3043911,static,-12.096558164600571,0.8815859457540783,-1.3136495812368456,6.8479554180482545,-0.71068,-0.5011765499999999,-0.35721099999999995,-0.20953610419904112,0.015044415382969342,0.9776851434462548,-12.02325232628241,0.3117641381194557,12.306408031372014,12.323501215040432,12.546608601710057
4278,05/11/2023 10:05:05.806441,4458,True,True,True,True,Eyes,1.93627,-0.03566884,-2.159196,-0.7364885,-0.5657532,-0.3708206,0.0,0.0,0.0,0.0,0.0,0.0,0.0,2.766039,-0.1973974,0.7007718,1.902806,-0.03678824,-2.13518,-0.06673428,0.8043304,-0.3485301,-0.4765773,38.62898,247.1942,16.72779,0.6058142,-0.01744757,-0.7954144,0.0,0.0,0.0,1.178463,-0.5381128,-2.493465,-0.0152117,0.1214132,0.9430766,-0.5368412,0.2248503,0.8131691,-0.4395559,0.7481466,-0.4970587,-0.7201334,-0.6242748,-0.3028017,static,-1.919353157834306,4.866153943717762,-0.9240931596993123,7.335998577429444,-0.724343,-0.5013245599999999,-0.35828499999999996,-0.03337217833262468,0.08478108839101181,0.9958405374814892,-1.7851679889637773,4.478021361907737,2.662348151981295,2.6628321348823434,2.9848758141728506
4279,05/11/2023 10:05:05.825904,4459,True,True,True,True,Eyes,1.936703,-0.03554993,-2.159289,-0.7371056,-0.5652524,-0.370358,0.0,0.0,0.0,0.0,0.0,0.0,0.0,2.772038,-0.174089,0.7122862,1.9142,-0.03429639,-2.134599,-0.07008845,0.8033677,-0.3486302,-0.4776453,38.83731,247.2976,16.43876,0.6145673,-0.01677081,-0.7886857,0.7251023,0.02208925,-0.04641652,1.178463,-0.5381128,-2.493465,-0.01120621,0.1284838,0.9525185,-0.5338854,0.2204296,0.8163195,-0.4456567,0.7470892,-0.4932016,-0.7185798,-0.6271113,-0.3006241,static,-1.9215817896203122,5.101066823534999,-0.6740435137757317,7.682174034932083,-0.7357369999999999,-0.50381641,-0.3588659999999999,-0.03339898540175196,0.08886323762030901,0.9954837126718294,-1.7876495366888085,4.712892940153121,2.8654740610896607,2.8667867354275414,3.171237706965536
4280,05/11/2023 10:05:05.836554,4460,True,True,True,True,Eyes,1.93767,-0.0354833,-2.159425,-0.7380025,-0.564522,-0.3696854,0.0,0.0,0.0,0.0,0.0,0.0,0.0,2.775405,-0.1356908,0.7432432,1.92545,-0.03152982,-2.136667,-0.0740353,0.8009707,-0.3458877,-0.4830388,38.72739,247.8551,16.0398,0.6217713,-0.01619915,-0.7830309,0.6815962,0.0207639,-0.04363153,1.178463,-0.5381128,-2.493465,-0.01334617,0.130565,0.9616106,-0.5223846,0.2155542,0.8250157,-0.4527546,0.7497609,-0.4825679,-0.722584,-0.6256157,-0.2940703,static,-2.3684297744699725,5.12629836362981,-0.7951556693685504,7.732188504516995,-0.7469870000000001,-0.5065829799999999,-0.35679799999999995,-0.04116011450033491,0.08927574698194621,0.9951561482694787,-2.237373941312375,4.730145810991007,3.041921130135555,3.0439866681961196,3.330503547165413
4281,05/11/2023 10:05:05.856209,4461,True,True,True,True,Eyes,1.939163,-0.03524041,-2.159739,-0.7390874,-0.5635499,-0.3690003,0.0,0.0,0.0,0.0,0.0,0.0,0.0,2.776974,-0.1202365,0.7785556,1.939494,-0.0325958,-2.137636,-0.07293688,0.7993746,-0.3430074,-0.4878796,38.2834,248.4253,16.13077,0.6277244,-0.01571652,-0.7782766,0.6407004,0.01951806,-0.04101364,1.178463,-0.5381128,-2.493465,-0.01495284,0.1320738,0.9714229,-0.5133075,0.2180848,0.8300329,-0.4513004,0.7540523,-0.4772139,-0.7299613,-0.6195515,-0.2886389,static,-2.8650977882695536,4.86461789647451,-0.8818682055455499,7.742410665537289,-0.761031,-0.505517,-0.35582899999999995,-0.04980494552006248,0.08469638326971751,0.9951612362283981,-2.7369446798308763,4.459598977136655,3.4923225643107982,3.4949808010147416,3.7706977215028386
4282,05/11/2023 10:05:05.866090,4462,True,True,True,True,Eyes,1.941164,-0.03509748,-2.160083,-0.7400132,-0.5625795,-0.3686255,0.0,0.0,0.0,0.0,0.0,0.0,0.0,2.791842,-0.1089137,0.7750633,1.953621,-0.02839345,-2.142316,-0.0759952,0.7998416,-0.3440886,-0.4858821,38.62952,248.1264,15.80759,0.6326663,-0.01530172,-0.7742729,0.6022584,0.01834698,-0.03855282,1.178463,-0.5381128,-2.493465,0.000435859,0.1376446,0.9823659,-0.5162868,0.2128047,0.8295556,-0.4559411,0.7516556,-0.4765832,-0.7249593,-0.624282,-0.2910435,static,-2.5008242001263117,5.181007470183072,0.025421158780162836,7.976095635212164,-0.775158,-0.5097193499999999,-0.35114899999999993,-0.04345582512649954,0.09021715254226036,0.9949735905512677,-2.3706686018574885,4.782490652820097,3.759902785687589,3.767550061204522,3.9925379052166843
4283,05/11/2023 10:05:05.886136,4463,True,True,True,True,Eyes,1.943686,-0.03490738,-2.160407,-0.7409284,-0.5613906,-0.3685997,0.0,0.0,0.0,0.0,0.0,0.0,0.0,2.804513,-0.1265211,0.7654641,1.967577,-0.03057395,-2.143582,-0.07312334,0.8021706,-0.3446499,-0.4820702,38.56758,247.6237,15.95903,0.6367942,-0.01494606,-0.7708885,0.5661229,0.01724616,-0.03623965,1.178463,-0.5381128,-2.493465,0.01656234,0.142049,0.9910911,-0.5245222,0.2149761,0.823809,-0.4496056,0.7517389,-0.4824348,-0.7230012,-0.6234371,-0.2976493,static,-2.0544781312598497,5.105426887355187,0.9573931794335696,8.15641992161206,-0.7891139999999999,-0.50753885,-0.34988300000000017,-0.03570767800312635,0.08893189020191321,0.995397467935171,-1.9213981550500048,4.714880100959811,4.2743288320847,4.287181741804521,4.486829157058783
4284,05/11/2023 10:05:05.906495,4464,True,True,True,True,Eyes,1.946452,-0.0345871,-2.160799,-0.7415619,-0.560247,-0.3690655,0.0,0.0,0.0,0.0,0.0,0.0,0.0,2.821544,-0.1504323,0.7365253,1.982228,-0.02938623,-2.143855,-0.07167085,0.8056515,-0.3475813,-0.4743167,38.90627,246.6504,15.98083,0.6402702,-0.01463754,-0.7680098,0.5321555,0.01621139,-0.03406527,1.178463,-0.5381128,-2.493465,0.04024583,0.1492984,1.001578,-0.5397742,0.2142437,0.8140908,-0.4452106,0.7481011,-0.4920694,-0.714445,-0.6280481,-0.3084221,static,-1.1628202238460834,5.316341573508202,2.30104528857417,8.478263612853855,-0.8037650000000001,-0.50872657,-0.3496100000000002,-0.02020638807762537,0.09263566573552877,0.9954950683682224,-1.0242659995305199,4.941714056668263,4.667377433666812,4.690001628041743,4.854366892412746
4285,05/11/2023 10:05:05.926131,4465,True,True,True,True,Eyes,1.94953,-0.03432519,-2.161204,-0.7427161,-0.5582961,-0.3697002,0.0,0.0,0.0,0.0,0.0,0.0,0.0,2.836595,-0.1561474,0.7058017,1.990555,-0.02618323,-2.146115,-0.07267166,0.8094043,-0.3460193,-0.4688861,38.92397,245.6448,15.41897,0.6432201,-0.01436324,-0.7655461,0.5002262,0.01523871,-0.03202135,1.178463,-0.5381128,-2.493465,0.05942017,0.1460054,1.008647,-0.5497293,0.2068458,0.8093285,-0.4421288,0.7499789,-0.4919896,-0.7087453,-0.6282885,-0.3208329,static,-0.3680838891862573,5.2531488307426795,3.371441838336276,8.236566210248961,-0.812092,-0.51192957,-0.34735000000000005,-0.006397250205543326,0.0915544709655872,0.9957795099270117,-0.22439522901521441,4.8927118018540865,4.754576356171067,4.783809353135121,4.910336701233511
4286,05/11/2023 10:05:05.936418,4466,True,True,True,True,Eyes,1.95292,-0.0340973,-2.161542,-0.7435705,-0.5565196,-0.3706599,0.0,0.0,0.0,0.0,0.0,0.0,0.0,2.8455,-0.1832647,0.6959636,2.000952,-0.02725354,-2.147154,-0.06702198,0.8132813,-0.3418087,-0.4660993,38.20311,245.0215,15.47094,0.6459107,-0.01410691,-0.7632821,0.4702126,0.01432438,-0.03010007,1.178463,-0.5381128,-2.493465,0.07222608,0.1357405,1.016737,-0.5565192,0.2096181,0.803957,-0.427649,0.7573498,-0.4934953,-0.7123222,-0.618451,-0.3318367,static,-0.048282703724003985,4.555581025122359,4.063302153184022,7.604363973130549,-0.8224889999999998,-0.5108592599999999,-0.34631100000000004,-0.0008400297465069317,0.07942610874746253,0.9968403596974198,0.09815501745716147,4.200858553885453,5.088439059651486,5.118613825990479,5.225537383541875
4287,05/11/2023 10:05:05.956237,4467,True,True,True,True,Eyes,1.956522,-0.03383876,-2.161778,-0.7452782,-0.5543576,-0.3704701,0.0,0.0,0.0,0.0,0.0,0.0,0.0,2.855889,-0.2035475,0.6750813,2.011545,-0.02783416,-2.146201,-0.06509306,0.8158447,-0.3436891,-0.4604762,38.3703,244.3257,15.55996,0.6483853,-0.01386726,-0.7611855,0.4419999,0.01346492,-0.02829407,1.178463,-0.5381128,-2.493465,0.08895871,0.140693,1.023374,-0.5674491,0.2103096,0.7960976,-0.4227329,0.7552814,-0.5008461,-0.7066105,-0.6207413,-0.3396791,static,0.6548406945198688,4.698442576974092,4.968055184320458,7.827926714327888,-0.8330819999999999,-0.5102786399999999,-0.347264,0.011390477146534073,0.08190610555566996,0.996574977595809,0.805619009002132,4.356273513476775,5.290868702724069,5.328929554889499,5.420170740906456
4288,05/11/2023 10:05:05.966403,4468,True,True,True,True,Eyes,1.960302,-0.03349526,-2.162023,-0.7468125,-0.5525911,-0.3700193,0.0,0.0,0.0,0.0,0.0,0.0,0.0,2.865586,-0.1862159,0.6606095,2.020701,-0.0273997,-2.144452,-0.0697547,0.8158923,-0.3471585,-0.4570943,39.06906,243.9387,15.19874,0.6506721,-0.01364158,-0.7592357,0.4154799,0.01265703,-0.02659643,1.178463,-0.5381128,-2.493465,0.1009186,0.1559805,1.028342,-0.5723982,0.2035437,0.7943113,-0.431193,0.7492305,-0.5027189,-0.6974475,-0.6302568,-0.3410916,static,1.2136788768482685,5.395993373807568,5.60489967452,8.624967465727789,-0.8422379999999998,-0.5107130999999999,-0.34901300000000024,0.021087288251323055,0.09401778949376595,0.9953472247717683,1.367313653540711,5.0637979302343785,5.4004898402637105,5.450604900393788,5.535256429988175
4289,05/11/2023 10:05:05.986344,4469,True,True,True,True,Eyes,1.964305,-0.03312003,-2.162293,-0.7486178,-0.5507159,-0.369166,0.0,0.0,0.0,0.0,0.0,0.0,0.0,2.872029,-0.1392199,0.6702216,2.029008,-0.0253697,-2.14467,-0.0773661,0.8136485,-0.3479891,-0.4592323,39.59372,244.1474,14.55987,0.6527938,-0.01342554,-0.7574162,0.3905511,0.0118976,-0.02500064,1.178463,-0.5381128,-2.493465,0.1028472,0.169238,1.033813,-0.5662406,0.1937181,0.8011524,-0.4455133,0.7458361,-0.4952237,-0.6934622,-0.6373397,-0.3360188,static,1.2363363869507547,6.062848296553356,5.681283933406464,9.297011346862897,-0.8505450000000001,-0.5127430999999999,-0.34879499999999997,0.02145583847054333,0.10559499484863791,0.9941777972797885,1.3894381137331115,5.731053120538202,5.43891918740741,5.497032774754953,5.579964033194156
4290,05/11/2023 10:05:06.006247,4470,True,True,True,True,Eyes,1.968552,-0.03275704,-2.162528,-0.7503403,-0.54909,-0.3680891,0.0,0.0,0.0,0.0,0.0,0.0,0.0,2.876955,-0.09386367,0.6885569,2.038806,-0.02453724,-2.145334,-0.08273631,0.8120301,-0.3451848,-0.4632596,39.58763,244.4421,13.92448,0.6547712,-0.01321704,-0.7557111,0.367118,0.01118375,-0.0235006,1.178463,-0.5381128,-2.493465,0.10224,0.175078,1.041173,-0.5570905,0.1854516,0.8094801,-0.4541891,0.7480044,-0.483944,-0.6952428,-0.6372576,-0.332476,static,1.0499900960416282,6.213124914035516,5.608289961273966,9.545248754151967,-0.8603430000000001,-0.5135755599999999,-0.34813099999999997,0.018217158206632778,0.10820912499258634,0.9939612164758305,1.201750280828059,5.8780015443862785,5.585401276152171,5.646339251873691,5.732913225653999
4291,05/11/2023 10:05:06.026706,4471,True,True,True,True,Eyes,1.972998,-0.03236946,-2.162731,-0.7523277,-0.5474546,-0.3664649,0.0,0.0,0.0,0.0,0.0,0.0,0.0,2.879974,-0.06942594,0.7066209,2.049055,-0.024543,-2.144563,-0.08568304,0.8099159,-0.3466349,-0.4653375,39.88384,244.809,13.85956,0.6566243,-0.01301575,-0.754105,0.345091,0.01051272,-0.02209057,1.178463,-0.5381128,-2.493465,0.1026582,0.187158,1.047783,-0.5522389,0.1838123,0.8131698,-0.4613965,0.7450054,-0.4817471,-0.6943669,-0.6412332,-0.3266108,static,0.9712998219554716,6.6511888451768915,5.595784995121944,10.127527576254229,-0.870592,-0.5135698,-0.3489019999999998,0.016837511234748748,0.11580817987363462,0.9931288908647435,1.122112859848533,6.3146576399859145,5.717633681068727,5.785394894907774,5.878071071773503
4292,05/11/2023 10:05:06.036373,4472,True,True,True,True,Eyes,1.977588,-0.03187526,-2.162947,-0.7543525,-0.5459069,-0.3646066,0.0,0.0,0.0,0.0,0.0,0.0,0.0,2.880567,-0.05212492,0.7308478,2.058541,-0.02358335,-2.143915,-0.08761708,0.8070923,-0.3494906,-0.4677411,40.2487,245.365,14.067,0.6583696,-0.01282012,-0.7525851,0.3243855,0.00988196,-0.02076513,1.178463,-0.5381128,-2.493465,0.1006995,0.1998129,1.054228,-0.5470831,0.1855121,0.8162632,-0.4683724,0.7403592,-0.4821781,-0.6937777,-0.6461065,-0.3181494,static,0.7973164345551303,7.1788991322874995,5.456319060672088,10.732239942707373,-0.8800779999999999,-0.5145294499999999,-0.34955000000000025,0.0138062834741432,0.12495593926170598,0.9920662328026675,0.9464832878747067,6.83925804933374,5.785449336290367,5.859397271491334,5.957677963748789
4293,05/11/2023 10:05:06.056390,4473,True,True,True,True,Eyes,1.982302,-0.03128466,-2.163229,-0.7569575,-0.5437573,-0.3624132,0.0,0.0,0.0,0.0,0.0,0.0,0.0,2.880048,-0.03025496,0.7578034,2.066807,-0.02054866,-2.144235,-0.08958652,0.8048512,-0.3491416,-0.4714753,40.27746,245.892,14.03467,0.6600203,-0.01262598,-0.7511412,0.3049224,0.009289043,-0.01951922,1.178463,-0.5381128,-2.493465,0.0964995,0.2042657,1.062051,-0.5393707,0.1850156,0.8214917,-0.4734309,0.7401488,-0.4775383,-0.6963782,-0.6464897,-0.3116225,static,0.5753425601108438,7.410560856461478,5.191721976967679,10.886834058491155,-0.8883439999999998,-0.51756414,-0.34922999999999993,0.009957589339949557,0.12897198550123976,0.9915982346768196,0.7228578797096616,7.0669549236192495,5.70557301669846,5.778878290423593,5.8789644432324515
4294,05/11/2023 10:05:06.076785,4474,True,True,True,True,Eyes,1.987194,-0.03067533,-2.163537,-0.7597377,-0.5413133,-0.3602479,0.0,0.0,0.0,0.0,0.0,0.0,0.0,2.878306,-0.007402301,0.7907937,2.074833,-0.01770633,-2.145882,-0.09013879,0.8035213,-0.3443653,-0.4771176,39.74882,246.4218,13.82694,0.6615879,-0.01242979,-0.7497642,0.286627,0.0087317,-0.01834807,1.178463,-0.5381128,-2.493465,0.08999121,0.1983337,1.071299,-0.5284676,0.1837486,0.8288296,-0.4734624,0.7465751,-0.467396,-0.7046669,-0.6394233,-0.3075427,static,0.1990425373093323,7.120429308001216,4.801684557588957,10.488632786730193,-0.8963699999999999,-0.52040647,-0.3475830000000002,0.003447149266301075,0.12395455766037956,0.9922819134750693,0.3444519602474737,6.77010637152232,5.638029200027986,5.7034295157357455,5.804684412386449
4295,05/11/2023 10:05:06.086382,4475,True,True,True,True,Eyes,1.99224,-0.03001199,-2.163871,-0.7627948,-0.5384609,-0.3580559,0.0,0.0,0.0,0.0,0.0,0.0,0.0,2.878668,-0.00306201,0.8157122,2.084116,-0.01654875,-2.146698,-0.08795941,0.8036141,-0.3398106,-0.480621,39.10203,246.691,13.81229,0.6630828,-0.0122312,-0.7484457,0.2694294,0.008207798,-0.01724719,1.178463,-0.5381128,-2.493465,0.08800799,0.1908816,1.08088,-0.5225334,0.1852693,0.8322465,-0.468011,0.7535838,-0.4616028,-0.7126883,-0.6307033,-0.3070647,static,0.04814976575098956,6.690179106181209,4.654899003854862,10.015077514023204,-0.9056529999999998,-0.52156405,-0.3467669999999998,0.0008346494826879103,0.11650046285614864,0.9931903245477197,0.19303371184216103,6.33716473106891,5.622319706623746,5.681292807560691,5.782325165803648
4296,05/11/2023 10:05:06.106471,4476,True,True,True,True,Eyes,1.99738,-0.02925567,-2.164253,-0.765773,-0.5356506,-0.3559076,0.0,0.0,0.0,0.0,0.0,0.0,0.0,2.881599,-0.002401531,0.8302748,2.092939,-0.01458388,-2.147642,-0.08672193,0.8037637,-0.3378358,-0.4819859,38.80544,246.7902,13.82819,0.664515,-0.01202856,-0.7471777,0.2532637,0.00771533,-0.01621235,1.178463,-0.5381128,-2.493465,0.0901171,0.1880466,1.089247,-0.5203382,0.1862563,0.833401,-0.4650721,0.7566925,-0.4594829,-0.7162098,-0.6266779,-0.3071134,static,0.11988826023271193,6.566154735478475,4.729503006586024,9.794941916061086,-0.9144759999999998,-0.52352892,-0.3458230000000002,0.0020787180741168587,0.11435009104387397,0.9934383766276327,0.265355903167306,6.214422053807184,5.570375357113632,5.627931659792301,5.722650770836574
4297,05/11/2023 10:05:06.126719,4477,True,True,True,True,Eyes,2.002604,-0.02841383,-2.164693,-0.7689623,-0.5325122,-0.3537339,0.0,0.0,0.0,0.0,0.0,0.0,0.0,2.88513,0.006491721,0.8405385,2.100383,-0.01164369,-2.149134,-0.08746136,0.803611,-0.3363758,-0.4831267,38.69248,246.8476,13.66973,0.665891,-0.01181925,-0.7459549,0.2380678,0.00725241,-0.01523961,1.178463,-0.5381128,-2.493465,0.09270203,0.1870205,1.096403,-0.5178784,0.1844544,0.8353316,-0.4655941,0.7584037,-0.4561207,-0.7176521,-0.6251404,-0.3068801,static,0.2607014518829733,6.633128944901013,4.8329237940402345,9.680141104720374,-0.9219199999999999,-0.52646911,-0.34433099999999994,0.004519625864507715,0.11551032488922458,0.993295963852351,0.4069993955060431,6.283910063966352,5.436997762702859,5.494497269833618,5.578816367628656
4298,05/11/2023 10:05:06.136453,4478,True,True,True,True,Eyes,2.007918,-0.02749542,-2.165189,-0.7721478,-0.5292391,-0.3517011,0.0,0.0,0.0,0.0,0.0,0.0,0.0,2.887278,0.01873738,0.8558197,2.107768,-0.008820958,-2.150904,-0.08788715,0.8035855,-0.3328213,-0.4855475,38.33421,246.9639,13.41253,0.6672173,-0.01160097,-0.7447723,0.2237838,0.006817265,-0.01432524,1.178463,-0.5381128,-2.493465,0.09310371,0.18176,1.104264,-0.5130393,0.1819514,0.8388592,-0.4644507,0.7630116,-0.4495539,-0.7218563,-0.6202475,-0.3069475,static,0.27785822174225444,6.483602310137293,4.81937562611582,9.34697908716072,-0.929305,-0.5292918419999999,-0.3425609999999999,0.004818505820781194,0.11291753940025825,0.9935926353653727,0.4244175572095447,6.1346907253417395,5.3146750005086325,5.368827330192794,5.443753571472725
4299,05/11/2023 10:05:06.156420,4479,True,True,True,True,Eyes,2.013302,-0.02652735,-2.16575,-0.7754766,-0.5257128,-0.3496599,0.0,0.0,0.0,0.0,0.0,0.0,0.0,2.891146,0.03297341,0.8654792,2.115455,-0.006018981,-2.152597,-0.08878242,0.8041819,-0.3285027,-0.487335,37.94359,246.9175,12.99904,0.6684993,-0.0113721,-0.7436253,0.2103567,0.006408229,-0.01346572,1.178463,-0.5381128,-2.493465,0.09571275,0.1755417,1.112337,-0.509245,0.1773873,0.8421424,-0.4629761,0.7684073,-0.4418183,-0.7254813,-0.6148854,-0.3091816,static,0.4144094875444983,6.28963014635131,4.917989836853953,8.968080466136147,-0.9369919999999998,-0.532093819,-0.34086799999999995,0.007189213675410755,0.10955158032590333,0.9939550881977699,0.5620370844031896,5.943157941678182,5.188872213015657,5.239879013702679,5.303251894880775
4300,05/11/2023 10:05:06.166775,4480,True,True,True,True,Eyes,2.018748,-0.02554567,-2.166351,-0.7788338,-0.5220428,-0.3476914,0.0,0.0,0.0,0.0,0.0,0.0,0.0,2.894433,0.04194325,0.8766346,2.122497,-0.003766634,-2.154759,-0.08878361,0.8047008,-0.32446,-0.4891828,37.52079,246.9254,12.71369,0.6697411,-0.0111321,-0.7425107,0.1977353,0.006023736,-0.01265778,1.178463,-0.5381128,-2.493465,0.09789151,0.1685963,1.119571,-0.5056353,0.174552,0.844905,-0.4603289,0.7736864,-0.4353237,-0.7296782,-0.6090493,-0.3108518,static,0.5137517850103237,6.083911494144699,4.9970410630882105,8.56382855023843,-0.944034,-0.534346166,-0.3387060000000002,0.008916042574441507,0.10598065126414116,0.9943282598974443,0.6622221948208264,5.739214375898043,5.075874779040462,5.123462828598714,5.17388633954898
4301,05/11/2023 10:05:06.186466,4481,True,True,True,True,Eyes,2.024198,-0.02451183,-2.167015,-0.7822804,-0.5183327,-0.3454975,0.0,0.0,0.0,0.0,0.0,0.0,0.0,2.896008,0.03926086,0.8918624,2.129448,-0.002711676,-2.156216,-0.08660039,0.8052076,-0.3209361,-0.4910612,37.00557,247.0242,12.71264,0.6709469,-0.0108817,-0.741425,0.1858712,0.005662312,-0.01189831,1.178463,-0.5381128,-2.493465,0.09854126,0.1609182,1.126569,-0.5027185,0.175736,0.8463989,-0.4546612,0.7790006,-0.4317883,-0.7352261,-0.6018927,-0.3117178,static,0.5614315482613367,5.801218448939222,4.9989523857302505,8.12909412972566,-0.950985,-0.535401124,-0.3372489999999999,0.009748493379673207,0.1010726479676958,0.9948312526902864,0.7104933912015321,5.457374472876157,4.967856064293815,5.011047432240861,5.052619763305992
4302,05/11/2023 10:05:06.206504,4482,True,True,True,True,Eyes,2.029651,-0.02344443,-2.167727,-0.7859014,-0.5144288,-0.3431067,0.0,0.0,0.0,0.0,0.0,0.0,0.0,2.894067,0.04320776,0.916271,2.135135,-0.0003398433,-2.158296,-0.08554027,0.8041996,-0.3186127,-0.4944007,36.65809,247.4138,12.78043,0.6721188,-0.01062031,-0.7403666,0.1747189,0.005322573,-0.01118441,1.178463,-0.5381128,-2.493465,0.09476161,0.1557057,1.132931,-0.4965019,0.1774618,0.849702,-0.4526276,0.7823377,-0.427874,-0.7406852,-0.5970387,-0.3081081,static,0.4244939737509423,5.743355349480797,4.781254556800957,7.825487273669234,-0.956672,-0.5377729566999999,-0.33516900000000005,0.00737156155510571,0.10006996483472771,0.9949532002031581,0.5727409835908062,5.397066713607517,4.789565544460523,4.82873028111355,4.858890090589058
4303,05/11/2023 10:05:06.226730,4483,True,True,True,True,Eyes,2.035089,-0.02235243,-2.168491,-0.789681,-0.5104598,-0.3403448,0.0,0.0,0.0,0.0,0.0,0.0,0.0,2.88765,0.04854912,0.9529994,2.140918,0.001677513,-2.15999,0.08360922,-0.8025388,0.3149369,0.4997559,36.09079,248.0456,12.91301,0.6732596,-0.01034788,-0.7393332,0.1642358,0.005003219,-0.01051335,1.178463,-0.5381128,-2.493465,0.08570603,0.1476632,1.140065,-0.4865074,0.1805839,0.8548101,-0.4489824,0.7876484,-0.4219298,-0.7494836,-0.5890666,-0.3021179,static,0.061853702205742885,5.514146858245118,4.299206013737031,7.379963481335614,-0.9624550000000001,-0.5397903129999999,-0.33347499999999997,0.0010745548682771222,0.09609146050639678,0.9953718644876712,0.20802005663010575,5.161384723313349,4.597049834839367,4.629948842378323,4.654019149206042
4304,05/11/2023 10:05:06.236635,4484,True,True,True,True,Eyes,2.169856,0.005135708,-2.189253,-0.880276,-0.3968538,-0.2600408,0.0,0.0,0.0,0.0,0.0,0.0,0.0,2.878699,0.05595022,0.9948261,2.146281,0.003531992,-2.161753,0.08160118,-0.8004754,0.310585,0.5060805,35.43822,248.7843,13.03217,0.6743708,-0.01006483,-0.7383236,0.1543817,0.004703026,-0.009882547,1.178463,-0.5381128,-2.493465,0.0740965,0.1382865,1.146939,-0.4744476,0.1837226,0.8608983,-0.4450015,0.7937564,-0.4146377,-0.7595218,-0.5798248,-0.294839,static,7.063969326485098,10.713867328336498,3.696382454538787,6.874969414277514,-0.9678180000000001,-0.5416447919999999,-0.331712,0.12086524752621086,0.184541551948305,0.9753645472129993,7.249523980659574,10.486095133129732,5.031306720427936,5.106640631048122,5.066067869857243
4305,05/11/2023 10:05:06.256086,4485,True,True,True,True,Eyes,2.170058,0.005119233,-2.189333,-0.88052,-0.3966374,-0.2595442,0.0,0.0,0.0,0.0,0.0,0.0,0.0,2.86754,0.06678087,1.040011,2.150879,0.004945189,-2.163924,0.07969513,-0.7982096,0.3049089,0.5133621,34.65178,249.5824,13.05581,0.6777259,-0.008774874,-0.7352617,0.5494192,0.08688527,-0.07157478,1.178463,-0.5381128,-2.493465,0.06051648,0.1263986,1.153023,-0.4602162,0.1858305,0.8681406,-0.4402842,0.8013585,-0.4049376,-0.7709415,-0.5685874,-0.2869799,static,6.19222285610716,10.132457047596647,3.0044156467136833,6.2559926497813185,-0.9724160000000002,-0.5430579889999999,-0.32954099999999986,0.1062012407057768,0.17492947892536928,0.978836484356735,6.3728067573520955,9.889123483369087,4.959837966247919,5.018873482345494,4.9543615459707855
4306,05/11/2023 10:05:06.276094,4486,True,True,True,True,Eyes,2.170432,0.005091707,-2.189463,-0.8810504,-0.396096,-0.2585694,0.0,0.0,0.0,0.0,0.0,0.0,0.0,2.854066,0.07318282,1.090199,2.156273,0.004772633,-2.165652,0.07677077,-0.7954152,0.3000045,0.5209782,33.8657,250.5013,13.2604,0.6805347,-0.007683303,-0.7326752,0.516454,0.08167215,-0.06728029,1.178463,-0.5381128,-2.493465,0.04530624,0.1165389,1.158734,-0.4453761,0.1904624,0.874851,-0.4347209,0.8082071,-0.3972645,-0.7827247,-0.5572481,-0.2771583,static,5.27972092930327,9.572177456285281,2.239111571593772,5.743172368267731,-0.9778100000000001,-0.5428854329999999,-0.3278129999999999,0.09074760430967688,0.16560380601315774,0.9820082662170064,5.4550525965489784,9.312554695291801,4.8444977119116635,4.889436085097631,4.804452817175095
4307,05/11/2023 10:05:06.286490,4487,True,True,True,True,Eyes,2.17093,0.005099654,-2.189655,-0.8816558,-0.395729,-0.2570634,0.0,0.0,0.0,0.0,0.0,0.0,0.0,2.840021,0.08721197,1.136689,2.16117,0.004618041,-2.166728,0.07562174,-0.7921117,0.2965509,0.5281079,33.34478,251.4096,13.38752,0.6829178,-0.006750064,-0.7304637,0.4854668,0.07677182,-0.06324347,1.178463,-0.5381128,-2.493465,0.03032663,0.1118742,1.163439,-0.4307666,0.1934201,0.8814923,-0.4330235,0.8126778,-0.38993,-0.7917895,-0.5496757,-0.266319,static,4.453634463314191,9.258413396565851,1.4931548007923463,5.492571726362215,-0.9827069999999998,-0.5427308409999999,-0.32673700000000006,0.0766467184241606,0.16041421390420033,0.9840693792952326,4.624014718825869,8.98404281018713,4.754638730728676,4.790198672001775,4.689632624794229
4308,05/11/2023 10:05:06.308297,4488,True,True,True,True,Eyes,2.171526,0.005139762,-2.189976,-0.8826112,-0.3950563,-0.25481,0.0,0.0,0.0,0.0,0.0,0.0,0.0,2.820463,0.1168308,1.191565,2.165212,0.005546302,-2.16802,0.07673369,-0.7872608,0.2931283,0.5370366,32.95324,252.571,13.36907,0.6850613,-0.005909799,-0.7284611,0.4563388,0.07216551,-0.05944886,1.178463,-0.5381128,-2.493465,0.010645,0.1094398,1.167503,-0.4114075,0.1940223,0.8905613,-0.43566,0.8163755,-0.3791191,-0.8005901,-0.5439544,-0.2513353,static,3.45716924053231,9.1424371492397,0.5223940943809424,5.355163126397994,-0.9867489999999999,-0.5436591019999999,-0.3254450000000002,0.0595390587456735,0.15860750781512864,0.9855449789753294,3.6213101346087777,8.850275340233653,4.763856962804829,4.791278501878114,4.671090880263899
4610,05/11/2023 10:05:11.341254,4790,True,True,True,True,Eyes,0.8142982,0.08962302,-3.041348,0.6814348,0.02720165,0.7313732,0.0,0.0,0.0,0.0,0.0,0.0,0.0,-2.712126,-0.1675829,1.41997,0.686427,0.09036073,-2.986751,0.04408199,0.4197496,-0.07768209,0.9032344,8.328409,49.41351,354.006,0.2758328,0.02792123,-0.9607998,0.0,0.0,0.0,1.383038,0.1626622,-2.4461,0.02160227,0.2024783,0.8610076,0.6355516,-0.1033235,-0.7651133,0.1773371,0.9840446,0.0144187,0.7514158,-0.1448468,0.6437342,static,-7.5248013835362,9.177630328520092,1.4372222600566578,13.233475079634685,0.696611,0.07230147,0.540651,-0.12930714591319037,0.15815674688831682,0.9789107106991383,-7.430758557139956,8.689384313577081,9.711657465482382,9.837059745343685,9.964428968302052
4611,05/11/2023 10:05:11.361627,4791,True,True,True,True,Eyes,0.8076794,0.0900132,-3.037998,0.6877984,0.03056255,0.7252581,0.0,0.0,0.0,0.0,0.0,0.0,0.0,-2.706787,-0.1884814,1.413929,0.67941,0.09135916,-2.981857,0.04054751,0.4212908,-0.07852515,0.9026093,8.010871,49.60422,353.7625,0.2741061,0.02797493,-0.9612923,0.0,0.0,0.0,1.383038,0.1626622,-2.4461,0.02664405,0.1977394,0.8645239,0.6326957,-0.1075905,-0.76689,0.1759196,0.9843794,0.007033271,0.7541541,-0.139361,0.6417399,static,-7.230365250206144,9.056268326629548,1.765258953018713,12.883437144726296,0.703628,0.07130304000000001,0.5357570000000003,-0.12431447995398653,0.15618336135805416,0.9798738121969286,-7.134320675340145,8.573280272501165,9.649893791909516,9.775913050342504,9.888375489669144
4612,05/11/2023 10:05:11.376374,4792,True,True,True,True,Eyes,0.8010796,0.09047986,-3.034589,0.6939717,0.0338922,0.7192042,0.0,0.0,0.0,0.0,0.0,0.0,0.0,-2.705497,-0.1916853,1.402508,0.6730596,0.09241255,-2.9769,0.03918319,0.4235022,-0.07728674,0.9017413,7.823875,49.89293,353.8464,0.2723826,0.0280401,-0.9617801,0.0,0.0,0.0,1.383038,0.1626622,-2.4461,0.03073183,0.1944805,0.8671717,0.6293453,-0.1061969,-0.7698355,0.1725736,0.9849829,0.005204004,0.7577223,-0.1361284,0.6382211,static,-7.009360854448856,9.093099121486064,2.0296644363695213,12.640560649507048,0.7099784,0.07024965000000001,0.5308000000000002,-0.12052033362595138,0.15688717597728227,0.9802353524108035,-6.911943749386134,8.61405688222703,9.580850934543845,9.71022458549972,9.806380042375102
4613,05/11/2023 10:05:11.396655,4793,True,True,True,True,Eyes,0.7945144,0.09100693,-3.031106,0.7001042,0.0372344,0.7130693,0.0,0.0,0.0,0.0,0.0,0.0,0.0,-2.705301,-0.1875307,1.390605,0.6668559,0.09485221,-2.972189,0.03889557,0.4257761,-0.07508087,0.9008687,7.701663,50.19487,354.0832,0.2706618,0.02811815,-0.9622635,0.0,0.0,0.0,1.383038,0.1626622,-2.4461,0.03485811,0.1906762,0.8698925,0.6261551,-0.1021544,-0.7729774,0.1683977,0.9857,0.00614434,0.7612962,-0.1340149,0.6344037,static,-6.783539839190625,9.211037447272451,2.2947141212188047,12.363424431360059,0.7161821,0.06780999,0.5260890000000003,-0.11661646589347585,0.15897919291676704,0.9803705085861871,-6.684801889407602,8.736026502950539,9.476163671667612,9.610007214728533,9.6845094618223
4614,05/11/2023 10:05:11.406422,4794,True,True,True,True,Eyes,0.7879645,0.09152602,-3.027567,0.7061505,0.04066593,0.706893,0.0,0.0,0.0,0.0,0.0,0.0,0.0,-2.715358,-0.1757806,1.35907,0.6609784,0.09714948,-2.967289,0.0381784,0.4311787,-0.06985176,0.898748,7.403877,50.91213,354.64,0.2689445,0.02820981,-0.9627422,0.0,0.0,0.0,1.383038,0.1626622,-2.4461,0.03373706,0.1834876,0.8732095,0.6184112,-0.09263484,-0.7803758,0.1584817,0.9873262,0.008388333,0.7697085,-0.1288627,0.6252546,static,-6.905249925521388,9.155671171898092,2.212562058221051,11.866918298193704,0.7220596,0.06551272000000001,0.5211890000000001,-0.11871778412201128,0.1579921328318163,0.9802777839257748,-6.807232198212583,8.678487439766961,9.382196997488773,9.512379110965007,9.566753878268276
4615,05/11/2023 10:05:11.416745,4795,True,True,True,True,Eyes,0.7814573,0.09211569,-3.024027,0.7120023,0.04405801,0.7007936,0.0,0.0,0.0,0.0,0.0,0.0,0.0,-2.722768,-0.1579472,1.333,0.6546776,0.09782276,-2.962622,0.03805812,0.4356807,-0.06437239,0.8969895,7.144207,51.51577,355.241,0.2672305,0.0283136,-0.9632164,0.0,0.0,0.0,1.383038,0.1626622,-2.4461,0.03422931,0.1786747,0.8765911,0.6120771,-0.08232035,-0.7865018,0.1486451,0.9888155,0.01218385,0.7767022,-0.1243671,0.6174679,static,-6.921801751369477,9.152896249855337,2.236161334631224,11.520724736794412,0.7283604,0.06483944000000001,0.5165220000000001,-0.11900199078891327,0.15793925191191005,0.9802518921915896,-6.823886801061031,8.675417001352894,9.329969067242555,9.459117275312305,9.496328149891623
4616,05/11/2023 10:05:11.436247,4796,True,True,True,True,Eyes,0.7750574,0.09276816,-3.020461,0.7178974,0.04761018,0.6945189,0.0,0.0,0.0,0.0,0.0,0.0,0.0,-2.728301,-0.1310106,1.314652,0.6491632,0.1006017,-2.959319,0.03846707,0.438906,-0.05674401,0.895914,6.819215,51.9665,356.0783,0.2655201,0.02843059,-0.9636857,0.0,0.0,0.0,1.383038,0.1626622,-2.4461,0.03633049,0.1706855,0.8805476,0.6082832,-0.06790867,-0.7908098,0.1354424,0.9906008,0.01911579,0.7820785,-0.118737,0.6117636,static,-6.733245685238311,9.133783468938391,2.3626250160577364,10.970176259250382,0.7338747999999999,0.062060500000000005,0.5132189999999999,-0.11578040355777647,0.15767268960243258,0.9806804422079273,-6.634108372259816,8.659671027140137,9.153585749941506,9.279396655764085,9.288683765102387
4617,05/11/2023 10:05:11.456400,4797,True,True,True,True,Eyes,0.768709,0.09350659,-3.016881,0.7239019,0.05103513,0.6880126,0.0,0.0,0.0,0.0,0.0,0.0,0.0,-2.741331,-0.1269482,1.276861,0.645117,0.1030312,-2.955434,0.03673626,0.4452055,-0.05221995,0.8931493,6.437489,52.7929,356.5054,0.263816,0.02856155,-0.9641497,0.0,0.0,0.0,1.383038,0.1626622,-2.4461,0.03074864,0.1618569,0.8833806,0.5981302,-0.06057005,-0.7991067,0.1259908,0.991847,0.01912472,0.7914333,-0.1121191,0.600885,static,-6.970909476340907,8.981074447116262,1.9935419689345844,10.382820467489188,0.7379209999999999,0.059631,0.509334,-0.11989895634595787,0.15498205178969554,0.9806144435845789,-6.8731332311951805,8.502719480033928,8.957132424923303,9.073383140831934,9.063813150524808
4618,05/11/2023 10:05:11.472624,4798,True,True,True,True,Eyes,0.7624028,0.09430043,-3.013268,0.7299591,0.05461023,0.6813056,0.0,0.0,0.0,0.0,0.0,0.0,0.0,-2.752866,-0.1389069,1.239546,0.6397412,0.1059406,-2.951872,0.03397069,0.4516982,-0.05061835,0.8900856,6.096429,53.63102,356.5741,0.2621183,0.02870792,-0.9646083,0.0,0.0,0.0,1.383038,0.1626622,-2.4461,0.0243749,0.1535468,0.8873228,0.5868131,-0.05942034,-0.8075393,0.1207983,0.9925675,0.01474521,0.8006611,-0.1062021,0.5896295,static,-7.27058736946139,8.837620456349441,1.573528556173132,9.817526403349564,0.7432968,0.05672160000000001,0.5057719999999999,-0.1250765412721051,0.15242818751646822,0.980367988032389,-7.174577231218288,8.353915637683349,8.790222511955022,8.898235902190299,8.869696237231876
4619,05/11/2023 10:05:11.486404,4799,True,True,True,True,Eyes,0.7561343,0.09512077,-3.009612,0.7359858,0.0581115,0.6744984,0.0,0.0,0.0,0.0,0.0,0.0,0.0,-2.761385,-0.158578,1.205371,0.6341879,0.1080602,-2.947786,0.03003042,0.4576339,-0.0499303,0.8872297,5.680861,54.3947,356.479,0.2604276,0.02887001,-0.9650613,0.0,0.0,0.0,1.383038,0.1626622,-2.4461,0.01921758,0.1449685,0.8911017,0.5761564,-0.0611134,-0.8150516,0.1160851,0.9932103,0.007588166,0.8090539,-0.09898735,0.5793388,static,-7.510279669185197,8.59949082114537,1.2354544608978428,9.240189155279463,0.7488501,0.05460200000000001,0.5016859999999999,-0.1292593531316445,0.14827216165181278,0.9804629118653788,-7.415556743252575,8.111507806783123,8.66981395096824,8.769170988723024,8.724328996592208
4620,05/11/2023 10:05:11.506341,4800,True,True,True,True,Eyes,0.7499091,0.09595852,-3.005904,0.7419621,0.06184245,0.6675836,0.0,0.0,0.0,0.0,0.0,0.0,0.0,-2.766434,-0.1774333,1.17712,0.6286239,0.109548,-2.943311,0.02575628,0.4625154,-0.04895281,0.8848839,5.213402,55.02608,356.3839,0.258744,0.02904725,-0.9655087,0.0,0.0,0.0,1.383038,0.1626622,-2.4461,0.01644897,0.1362712,0.894618,0.5673663,-0.06280977,-0.8210665,0.1104605,0.9938805,0.0002997814,0.8160232,-0.09086549,0.5708323,static,-7.609670100096154,8.329811068266618,1.0533550359379726,8.660909255935335,0.7544141,0.0531142,0.49721100000000007,-0.13105080871182717,0.14362162293832642,0.9809172362681319,-7.515307236144667,7.840055162191751,8.578024287167274,8.669350063149867,8.607890251172353
4621,05/11/2023 10:05:11.516340,4801,True,True,True,True,Eyes,0.7437355,0.09679744,-3.002137,0.7478601,0.06538797,0.6606283,0.8410294,1.372708,0.1517906,-2.446529,-0.6885455,-0.7246281,-0.02862053,0.009771615,0.1148372,0.8900598,0.6232525,0.1108522,-2.938596,0.02131822,0.4670901,-0.04710807,0.8826966,4.682981,55.62342,356.3615,0.2570676,0.02923882,-0.9659507,0.0,0.0,0.0,1.383038,0.1626622,-2.4461,0.01450583,0.1267128,0.8979114,0.5592154,-0.06324921,-0.8266063,0.1030793,0.9946527,-0.006372391,0.8225892,-0.08164246,0.5627447,static,-7.658818237332113,7.997791089929514,0.9255373577862277,8.03250980854814,0.7597855,0.05181000000000001,0.49249600000000004,-0.1320002773524766,0.13791745277188286,0.9816082566652575,-7.564431557066358,7.507159772884579,8.501724699309452,8.584425803329077,8.50620742958546
4622,05/11/2023 10:05:11.536525,4802,True,True,True,True,Eyes,0.5908036,0.117694,-2.905906,0.8725759,0.1553373,0.4631217,0.0,0.0,0.0,0.0,0.0,0.0,0.0,-2.774922,-0.2084094,1.121214,0.6181194,0.1117961,-2.933629,0.01716247,0.4718539,-0.04557643,0.8803306,4.199423,56.24724,356.3179,0.2553991,0.02944349,-0.966387,0.0,0.0,0.0,1.383038,0.1626622,-2.4461,0.01208124,0.1181571,0.9007026,0.5505534,-0.06404832,-0.8323393,0.09644102,0.9952564,-0.01279353,0.8292105,-0.07322814,0.5541187,static,5.012743127740662,13.513401033098711,0.7684695878754166,7.4735709013980465,0.7649186,0.05086610000000001,0.4875289999999999,0.08497600676080064,0.23282760237841044,0.9687984686655421,5.182366816614649,13.248986041794726,7.299990132224434,7.381964907868333,7.268968894540345
4623,05/11/2023 10:05:11.556741,4803,True,True,True,True,Eyes,0.5906047,0.1176754,-2.905643,0.8727657,0.1550285,0.4628673,0.0,0.0,0.0,0.0,0.0,0.0,0.0,-2.77966,-0.224126,1.088751,0.6131092,0.1124307,-2.928067,0.01338027,0.4771026,-0.04473355,0.8776063,3.794046,56.93543,356.2218,0.2493996,0.03055318,-0.9679183,-0.4587958,0.0626898,0.2886915,1.383038,0.1626622,-2.4461,0.008847028,0.1110413,0.9028831,0.5407441,-0.06574935,-0.8386137,0.09128441,0.9956397,-0.01919976,0.8362195,-0.0661702,0.5443881,static,4.331199445210206,13.046837434898038,0.5614028478240775,7.011327347836042,0.7699288,0.05023150000000001,0.48196700000000003,0.07358287945370362,0.22513551049913566,0.97154490481996,4.496949131683912,12.770256423021179,7.054518047674858,7.116090808631599,6.975226780930902
4624,05/11/2023 10:05:11.572972,4804,True,True,True,True,Eyes,0.5901988,0.1176543,-2.90514,0.8731161,0.1548726,0.4622582,0.0,0.0,0.0,0.0,0.0,0.0,0.0,-2.784257,-0.2318837,1.054971,0.6078745,0.1120358,-2.921773,0.011157,0.482514,-0.04398441,0.874712,3.552581,57.64661,356.198,0.2442864,0.0314892,-0.9691915,-0.431268,0.05892841,0.27137,1.383038,0.1626622,-2.4461,0.00587374,0.1075046,0.9044973,0.5304912,-0.06618057,-0.8451032,0.08771421,0.9958817,-0.02292787,0.8431402,-0.06196452,0.5341114,static,3.6603867556687035,12.747165199581683,0.37206941503985563,6.77812811072547,0.7751635,0.0506264,0.475673,0.062275020928518,0.22022089189082286,0.9734600507059203,3.8221613205474734,12.458608697711995,6.769340707933323,6.81486864883113,6.64612622928424
4625,05/11/2023 10:05:11.586490,4805,True,True,True,True,Eyes,0.5896003,0.1176076,-2.904397,0.873588,0.1542725,0.4615669,0.0,0.0,0.0,0.0,0.0,0.0,0.0,-2.787308,-0.2310363,1.026826,0.6022851,0.1121709,-2.915733,0.01003253,0.4871004,-0.0422576,0.8722653,3.363444,58.25287,356.3273,0.2397739,0.03230939,-0.9702907,-0.405392,0.0553927,0.2550878,1.383038,0.1626622,-2.4461,0.004767269,0.1043745,0.9065117,0.521895,-0.06394597,-0.8506095,0.08349337,0.9962273,-0.02366533,0.8489137,-0.05866945,0.5252651,static,3.137441336519554,12.475073762636166,0.3013109213042865,6.568034567943957,0.7807529,0.0504913,0.46963299999999997,0.053442852656452544,0.21570615622208084,0.9749947265722498,3.296156111922208,12.177181775738964,6.518967094257347,6.552613812803186,6.358587116213933
4626,05/11/2023 10:05:11.606401,4806,True,True,True,True,Eyes,0.5888141,0.117559,-2.903414,0.8742011,0.1537553,0.4605776,0.0,0.0,0.0,0.0,0.0,0.0,0.0,-2.789458,-0.2316235,0.9995482,0.5968404,0.1116418,-2.909491,0.008850168,0.4915145,-0.04103672,0.8698571,3.195153,58.83699,356.4001,0.2356939,0.03304651,-0.9712651,-0.3810684,0.05206914,0.2397826,1.383038,0.1626622,-2.4461,0.00390178,0.1022502,0.9082789,0.5134589,-0.06269217,-0.8558211,0.08009212,0.9964753,-0.02494352,0.8543684,-0.05573705,0.5166703,static,2.642305090472176,12.23705046684367,0.24612941184697393,6.423073952857036,0.7861975999999999,0.05102040000000001,0.4633910000000001,0.04505527968334483,0.21174155565566993,0.9762865954842526,2.7981028751254273,11.930319311102698,6.264359231687843,6.288400495199324,6.069787475125946
4627,05/11/2023 10:05:11.626365,4807,True,True,True,True,Eyes,0.5878487,0.1174348,-2.902176,0.8749226,0.1512731,0.4600293,0.0,0.0,0.0,0.0,0.0,0.0,0.0,-2.789441,-0.2370197,0.9757586,0.5913444,0.1115263,-2.902954,0.007760436,0.4954017,-0.04111045,0.867656,3.106905,59.35062,356.3452,0.2319991,0.03370932,-0.9721316,-0.3582043,0.04894499,0.2253956,1.383038,0.1626622,-2.4461,0.004125297,0.1010669,0.909878,0.5057741,-0.06365039,-0.8603146,0.07902852,0.9964994,-0.0272656,0.8590385,-0.05419915,0.5090339,static,2.174283716285226,11.97514622073449,0.2597716262886554,6.338284874394165,0.7916936,0.05113590000000001,0.45685399999999987,0.037114806788568266,0.20734441964049793,0.9775637300932619,2.3273617622127856,11.660060187815318,5.937181389866834,5.953113671063968,5.709310068362865
4628,05/11/2023 10:05:11.636714,4808,True,True,True,True,Eyes,0.5866939,0.1172518,-2.900696,0.8757472,0.1488688,0.459244,0.0,0.0,0.0,0.0,0.0,0.0,0.0,-2.78832,-0.2421035,0.953437,0.5858293,0.1102396,-2.896038,0.006769549,0.4990354,-0.04154976,0.8655584,3.048915,59.83134,356.258,0.228648,0.03430312,-0.9729044,-0.3367121,0.0460083,0.2118719,1.383038,0.1626622,-2.4461,0.005022436,0.1015784,0.9112579,0.4984746,-0.065171,-0.8644512,0.07868399,0.9964556,-0.02975072,0.8633261,-0.05318848,0.5018358,static,1.7466479619951782,11.752020784358997,0.3157848858292604,6.360532924575877,0.7972087,0.052422600000000014,0.44993799999999995,0.02984169963559974,0.20358558467419963,0.978602325836702,1.8972245160351144,11.429300713663961,5.568397245547604,5.578127865594671,5.309741820812245
4629,05/11/2023 10:05:11.656570,4809,True,True,True,True,Eyes,0.5853568,0.1170907,-2.898989,0.876527,0.1463902,0.4585524,0.0,0.0,0.0,0.0,0.0,0.0,0.0,-2.785174,-0.2479526,0.9355412,0.5799562,0.1085627,-2.888906,0.00615064,0.5020421,-0.04276882,0.863763,3.070742,60.22834,356.112,0.2256022,0.03483328,-0.9735963,-0.3165093,0.0432478,0.1991595,1.383038,0.1626622,-2.4461,0.007378578,0.1038816,0.9127425,0.492249,-0.06770849,-0.867817,0.08006001,0.996266,-0.03231811,0.8667648,-0.05356889,0.4958317,static,1.3816009680824726,11.610354441068269,0.46316696039587024,6.493042547768251,0.8030818,0.05409950000000001,0.44280600000000003,0.02361808609851085,0.20119880414315794,0.9792656448335182,1.529992559770414,11.281117336686771,5.193986723910498,5.1990770373004755,4.90548438421304
4630,05/11/2023 10:05:11.676395,4810,True,True,True,True,Eyes,0.583855,0.1168254,-2.897019,0.8774474,0.1439693,0.4575576,0.0,0.0,0.0,0.0,0.0,0.0,0.0,-2.781868,-0.262638,0.9162611,0.5741407,0.1088687,-2.881981,0.004408166,0.5052724,-0.04447602,0.8618017,3.011876,60.65694,355.8537,0.2228268,0.03530735,-0.9742182,-0.2975188,0.04065293,0.18721,1.383038,0.1626622,-2.4461,0.009014428,0.1029123,0.9146197,0.4854435,-0.07220438,-0.8712813,0.08111367,0.9960049,-0.03734707,0.8704971,-0.05254294,0.4893608,static,0.9874682760164512,11.39120428947798,0.5646849245710105,6.419874484031827,0.8088973,0.05379350000000001,0.4358810000000002,0.016894339517079027,0.19747867008138853,0.9801616257445389,1.1335680778884112,11.05493132168631,4.987500470407983,4.989275077280939,4.669837248814558
4631,05/11/2023 10:05:11.686430,4811,True,True,True,True,Eyes,0.5821834,0.1165169,-2.894837,0.8783882,0.1412407,0.4566017,0.0,0.0,0.0,0.0,0.0,0.0,0.0,-2.779629,-0.2672388,0.892074,0.5684565,0.1060159,-2.873876,0.003951611,0.5091617,-0.04583011,0.8594407,3.06462,61.17296,355.7068,0.220292,0.03572777,-0.9747792,-0.2796677,0.03821375,0.1759774,1.383038,0.1626622,-2.4461,0.01003152,0.1067957,0.9155539,0.477308,-0.07475249,-0.8755508,0.08280054,0.995768,-0.03987751,0.8748264,-0.05346222,0.4814775,static,0.5214305730746027,11.2548666011302,0.627751964622938,6.653256817570291,0.8145815,0.05664630000000001,0.42777600000000016,0.008925552790624958,0.1951658410675834,0.9807295787659228,0.6646957018689583,10.910273368084558,4.602749061818507,4.602837911381959,4.257176852219566
4632,05/11/2023 10:05:11.706276,4812,True,True,True,True,Eyes,0.5803784,0.1161389,-2.892428,0.8795233,0.1384064,0.4552829,0.0,0.0,0.0,0.0,0.0,0.0,0.0,-2.777761,-0.2599847,0.8731886,0.5625292,0.1047231,-2.86681,0.005853388,0.5124098,-0.04641012,0.857466,3.302074,61.60201,355.7727,0.2179697,0.03609881,-0.9752874,-0.2628876,0.03592093,0.1654187,1.383038,0.1626622,-2.4461,0.01191142,0.1121253,0.9169923,0.4705646,-0.07359153,-0.8792914,0.08558886,0.9956236,-0.03752384,0.8782048,-0.05760016,0.4748038,static,0.19635816597989247,11.302868209251836,0.7442109524534904,6.9712402536714135,0.8205088,0.05793910000000001,0.42071000000000014,0.0033606217768022972,0.1959941349130511,0.9805993530169281,0.3375006366931884,10.952470473523656,4.365765635993788,4.366135982904416,4.001950442523068
4633,05/11/2023 10:05:11.726502,4813,True,True,True,True,Eyes,0.5784121,0.1157347,-2.889814,0.8808405,0.1352632,0.4536781,0.0,0.0,0.0,0.0,0.0,0.0,0.0,-2.779068,-0.2532068,0.8418654,0.5572174,0.1026647,-2.859202,0.008116918,0.5174598,-0.04755481,0.8543465,3.61689,62.27258,355.8136,0.2158356,0.03642347,-0.9757499,-0.2471144,0.03376567,0.1554936,1.383038,0.1626622,-2.4461,0.009887695,0.1191572,0.9175711,0.4599479,-0.07285621,-0.8849519,0.08965693,0.9953453,-0.03534607,0.8834079,-0.06308472,0.464339,static,-0.36223289891530935,11.395193542624735,0.6173922279504835,7.39911089846821,0.8258206,0.05999750000000001,0.41310199999999986,-0.00619749618327492,0.1975713057236753,0.9802688959310093,-0.22474791652086468,11.034821524809198,4.111444003022841,4.114406626491337,3.7319688880561426
4634,05/11/2023 10:05:11.736628,4814,True,True,True,True,Eyes,0.5762907,0.1152995,-2.886988,0.8823762,0.1320972,0.4516223,0.0,0.0,0.0,0.0,0.0,0.0,0.0,-2.781664,-0.2443956,0.8064922,0.551024,0.1016655,-2.85199,0.01097458,0.5232788,-0.04848108,0.8507105,3.980137,63.05013,355.9186,0.2138672,0.0367058,-0.9761726,-0.2322875,0.03173973,0.146164,1.383038,0.1626622,-2.4461,0.006323218,0.1258663,0.9191479,0.4476578,-0.07100119,-0.8913817,0.09397225,0.9950583,-0.03206585,0.8892534,-0.06941061,0.4521178,static,-0.990887816603609,11.531715556820783,0.39415635843189567,7.797472899232267,0.832014,0.0609967,0.40588999999999986,-0.01694441416508169,0.19988164477354,0.9796735912245447,-0.8575522216858522,11.160117977184097,3.974540129633219,3.9828275876007395,3.588057453527473
4635,05/11/2023 10:05:11.756478,4815,True,True,True,True,Eyes,0.5739959,0.1147839,-2.883974,0.8840599,0.128975,0.4492256,0.0,0.0,0.0,0.0,0.0,0.0,0.0,-2.78414,-0.2383904,0.7674966,0.5448012,0.1005178,-2.844364,0.01271369,0.529573,-0.04886391,0.8467603,4.202684,63.89838,356.0163,0.2120448,0.03694923,-0.9765608,-0.2183503,0.02983535,0.1373941,1.383038,0.1626622,-2.4461,0.002089888,0.1304439,0.920922,0.4343295,-0.06928638,-0.8980854,0.0962177,0.9949013,-0.03022313,0.8956004,-0.07328491,0.4387816,static,-1.6612636933836595,11.53013274262648,0.13002355954385522,8.06202328036562,0.8382368,0.0621444,0.3982640000000002,-0.028405901510351772,0.1998026154908061,0.9794243802922138,-1.5322033255557215,11.14656555728441,3.8871659496379687,3.9033950946226166,3.5039119959906513
4636,05/11/2023 10:05:11.773033,4816,True,True,True,True,Eyes,0.5715505,0.1142681,-2.880782,0.8858779,0.1259484,0.4464945,0.0,0.0,0.0,0.0,0.0,0.0,0.0,-2.785894,-0.2292139,0.7311721,0.5379913,0.09814644,-2.837126,0.01392848,0.5355067,-0.04819542,0.8430396,4.307109,64.70468,356.1852,0.2103487,0.03715532,-0.9769197,-0.2052492,0.02804523,0.1291505,1.383038,0.1626622,-2.4461,-0.001408637,0.1344658,0.9236262,0.4218195,-0.06634371,-0.9042494,0.09617888,0.9949664,-0.02813341,0.9015642,-0.07510245,0.4260772,static,-2.246180248899764,11.425991176004029,-0.08738263638503592,8.283192865649431,0.8450467,0.06451576,0.3910260000000001,-0.03841760371782649,0.1979557566140621,0.9794578081005603,-2.1207456872466337,11.031980926973871,3.787657392476845,3.8128189507721193,3.419122855746625
4637,05/11/2023 10:05:11.786603,4817,True,True,True,True,Eyes,0.5689719,0.1136678,-2.877425,0.8877851,0.123072,0.4434987,0.0,0.0,0.0,0.0,0.0,0.0,0.0,-2.785682,-0.224764,0.6999909,0.5316234,0.09768464,-2.829905,0.01454998,0.5406139,-0.04765326,0.839794,4.3565,65.40179,356.3023,0.2087624,0.03732801,-0.9772534,-0.1929343,0.02636251,0.1214015,1.383038,0.1626622,-2.4461,-0.00333637,0.1357989,0.9262742,0.4109316,-0.06430599,-0.9093953,0.09576968,0.9950349,-0.02708605,0.9066219,-0.07596199,0.4150499,static,-2.71247909229112,11.28457034981324,-0.20637419589830613,8.3405823421161,0.8514146,0.06497756,0.3838050000000002,-0.04641110713771934,0.1954712164660275,0.97961074439557,-2.589875704690648,10.882235205501132,3.8329996266984034,3.8662161270664384,3.484405074093525
4638,05/11/2023 10:05:11.806543,4818,True,True,True,True,Eyes,0.5662618,0.113108,-2.873919,0.8898154,0.1202394,0.4401942,0.0,0.0,0.0,0.0,0.0,0.0,0.0,-2.785694,-0.222588,0.6663499,0.5255205,0.09504215,-2.822845,0.01496777,0.5460542,-0.04798374,0.8362405,4.441247,66.14548,356.325,0.2072722,0.03746796,-0.9775652,-0.1813582,0.02478076,0.1141174,1.383038,0.1626622,-2.4461,-0.006743699,0.1398016,0.9285776,0.3990445,-0.06390548,-0.9147019,0.09659833,0.9949471,-0.02737015,0.9118291,-0.07743677,0.4032013,static,-3.2285595069671733,11.176644999695299,-0.4160973711346855,8.56183832738537,0.8575175,0.06762005,0.3767450000000001,-0.05525433221868781,0.19353834764492073,0.979535481677464,-3.109138922920146,10.765095890904146,3.797989145141057,3.840202754939895,3.479485118641224
4639,05/11/2023 10:05:11.826174,4819,True,True,True,True,Eyes,0.5635003,0.112789,-2.870245,0.8918907,0.1177354,0.4366569,0.0,0.0,0.0,0.0,0.0,0.0,0.0,-2.784009,-0.2280574,0.6369026,0.5193384,0.09539846,-2.815945,0.01503555,0.550934,-0.04916696,0.8329636,4.54394,66.81328,356.2417,0.205864,0.03758009,-0.9778584,-0.1704767,0.02329392,0.1072703,1.383038,0.1626622,-2.4461,-0.009183049,0.141189,0.9312727,0.3881086,-0.06534138,-0.9192945,0.09847577,0.9947131,-0.02912737,0.9163374,-0.07922363,0.3924913,static,-3.6783413488465584,11.104906911950161,-0.5649611531190873,8.620885149451942,0.8636996,0.06726374,0.3698450000000002,-0.0629586515213984,0.1922238911073174,0.97932940186815,-3.5617173698614706,10.685327372615715,3.9331657659571926,3.9829009979803396,3.639020406011143
4640,05/11/2023 10:05:11.836995,4820,True,True,True,True,Eyes,0.5606968,0.1125108,-2.866349,0.8941972,0.1155366,0.4325076,0.0,0.0,0.0,0.0,0.0,0.0,0.0,-2.780355,-0.2575415,0.6051383,0.5150111,0.100607,-2.808475,0.01218109,0.5559398,-0.05212116,0.8294976,4.482857,67.49673,355.8051,0.2045298,0.03767552,-0.9781347,-0.1602481,0.02189628,0.1008341,1.383038,0.1626622,-2.4461,-0.01245525,0.1348358,0.9329001,0.3764286,-0.07292484,-0.9235711,0.1000127,0.99427,-0.03774408,0.9210315,-0.07816083,0.3815651,static,-4.161556845522143,10.862942068456872,-0.7649166937695652,8.224236490648366,0.8680268999999999,0.062055200000000005,0.3623750000000001,-0.07127531680007515,0.18798098995593235,0.979583145585609,-4.047769800744271,10.434736231551494,4.247177998429562,4.301154664372754,3.957705601293036
4641,05/11/2023 10:05:11.856424,4821,True,True,True,True,Eyes,0.5577645,0.1121827,-2.862236,0.8965057,0.1137211,0.4281883,0.0,0.0,0.0,0.0,0.0,0.0,0.0,-2.778898,-0.2867277,0.5513382,0.51068,0.1011015,-2.799543,0.007310115,0.5639971,-0.05394239,0.8239807,4.180196,68.61224,355.3618,0.2032616,0.03775762,-0.9783959,-0.1506332,0.0205825,0.09478406,1.383038,0.1626622,-2.4461,-0.02145091,0.1286894,0.9341843,0.3579949,-0.0806492,-0.9302341,0.09714074,0.9940735,-0.04879992,0.9286569,-0.0728935,0.3637075,static,-5.046646852939088,10.36473859963206,-1.315404966928916,7.84346600264393,0.872358,0.06156070000000001,0.35344299999999995,-0.08654219565890486,0.17923880722947866,0.9799918761541235,-4.938000237063496,9.920732609213132,4.443311896829481,4.503219017573986,4.175911043828515
4642,05/11/2023 10:05:11.876630,4822,True,True,True,True,Eyes,0.5547646,0.1119357,-2.857953,0.8988014,0.1118302,0.4238515,0.0,0.0,0.0,0.0,0.0,0.0,0.0,-2.773887,-0.2929525,0.520229,0.5043529,0.09954047,-2.790452,0.004818963,0.5688986,-0.05328491,0.8206657,3.929958,69.29884,355.2868,0.20205,0.03782631,-0.9786442,-0.1415952,0.01934755,0.08909702,1.383038,0.1626622,-2.4461,-0.02196059,0.1262729,0.9371361,0.3470303,-0.08197518,-0.9342645,0.09294119,0.994275,-0.0527179,0.9332374,-0.06853693,0.3526624,static,-5.431884134761516,9.970167298373198,-1.3424078747813952,7.67400806893591,0.8786851,0.06312173,0.3443520000000002,-0.09324525149848634,0.17238106807356496,0.9806070236180502,-5.325294310598402,9.519285399790704,4.6273321197162,4.690006747102933,4.389582302267687
4643,05/11/2023 10:05:11.886970,4823,True,True,True,True,Eyes,0.5517234,0.111704,-2.853497,0.9010232,0.1100871,0.4195689,0.0,0.0,0.0,0.0,0.0,0.0,0.0,-2.766989,-0.2932812,0.5079068,0.4995734,0.1012176,-2.782157,0.006180585,0.5710251,-0.0543859,0.8191059,4.142457,69.59246,355.282,0.2008879,0.03788595,-0.9788811,-0.1330995,0.0181867,0.08375119,1.383038,0.1626622,-2.4461,-0.01753843,0.1285549,0.9382887,0.341945,-0.08203707,-0.9361321,0.09615415,0.994008,-0.05198632,0.9347876,-0.07223654,0.3477842,static,-5.460443038025511,10.07998412211469,-1.0708441995651767,7.80151861561378,0.8834645999999999,0.0614446,0.33605700000000027,-0.09370267727067755,0.17425272864758118,0.9802325403714365,-5.354146998932975,9.628591596483531,4.878320313353459,4.945703491610345,4.656702540263474
4644,05/11/2023 10:05:11.906578,4824,True,True,True,True,Eyes,0.5486065,0.1114831,-2.848904,0.9032562,0.108273,0.4152169,0.0,0.0,0.0,0.0,0.0,0.0,0.0,-2.762141,-0.2889008,0.4861246,0.4953403,0.1013953,-2.773727,0.00688914,0.5744069,-0.05390829,0.8167639,4.196897,70.06628,355.3906,0.1997698,0.03793818,-0.9791078,-0.1251135,0.0170955,0.07872612,1.383038,0.1626622,-2.4461,-0.01581159,0.1294986,0.9391918,0.3343012,-0.08014635,-0.9390523,0.09597503,0.9940929,-0.05067699,0.9375668,-0.07318419,0.3400185,static,-5.6304939565211525,10.026066674845952,-0.964501393275333,7.850613513922814,0.8876976999999999,0.06126690000000001,0.3276270000000001,-0.09662834586447305,0.17328150926785635,0.9801205847927077,-5.525228014852351,9.571638222602665,5.077315043825189,5.148211636640025,4.874643921831408
4645,05/11/2023 10:05:11.926186,4825,True,True,True,True,Eyes,0.5454357,0.1112971,-2.844216,0.9054227,0.1064891,0.4109378,0.0,0.0,0.0,0.0,0.0,0.0,0.0,-2.75736,-0.279044,0.4692852,0.4902125,0.1015138,-2.765957,0.009134088,0.577257,-0.05363799,0.8147478,4.405214,70.46578,355.5789,0.1986899,0.03798431,-0.9793258,-0.1176067,0.01606977,0.07400256,1.383038,0.1626622,-2.4461,-0.01321957,0.1331904,0.9408883,0.3277947,-0.07685744,-0.9416176,0.09794831,0.994079,-0.04704185,0.9396578,-0.07680977,0.3333819,static,-5.732436731604537,10.140657197492708,-0.804958180447741,8.05715043037751,0.8928255,0.061148400000000006,0.3198570000000003,-0.09833794913285249,0.17521191862910884,0.9796073197427584,-5.627937596912656,9.684407812525125,5.2737878967521725,5.3498640469384915,5.090097940059519
4646,05/11/2023 10:05:11.936712,4826,True,True,True,True,Eyes,0.5422347,0.1111805,-2.839431,0.9076058,0.1048092,0.4065304,0.0,0.0,0.0,0.0,0.0,0.0,0.0,-2.753778,-0.2676646,0.4519705,0.4855778,0.1022913,-2.75916,0.01098322,0.5801333,-0.05238004,0.8127615,4.509722,70.87295,355.8351,0.1976424,0.03802629,-0.9795361,-0.1105503,0.01510558,0.06956241,1.383038,0.1626622,-2.4461,-0.01150653,0.1344391,0.9428045,0.3214035,-0.0724015,-0.9441705,0.09788842,0.9942714,-0.04292133,0.9418693,-0.07862828,0.3266496,static,-5.813376435146061,10.165006634498482,-0.6992360296955207,8.115376115170964,0.8974602,0.060370900000000005,0.3130600000000001,-0.09971463810800707,0.17560404921007206,0.9793979944692838,-5.709418417876728,9.70731190810254,5.4305689453829045,5.509575060966191,5.257013137862396
4647,05/11/2023 10:05:11.956468,4827,True,True,True,True,Eyes,0.5390248,0.1110995,-2.834567,0.9097813,0.1034079,0.4020008,0.0,0.0,0.0,0.0,0.0,0.0,0.0,-2.750214,-0.2609304,0.4304503,0.4814365,0.1039785,-2.752172,0.01154625,0.5835354,-0.0507308,0.8104196,4.469076,71.35651,356.0457,0.1966229,0.03806709,-0.9797396,-0.1039173,0.01419924,0.06538866,1.383038,0.1626622,-2.4461,-0.01093605,0.1322574,0.9446682,0.3138258,-0.06875116,-0.9469883,0.09570174,0.9945861,-0.04049181,0.9446452,-0.07792103,0.3187064,static,-5.961731727611463,10.052676252227775,-0.663260942221514,7.969839533601712,0.9016015,0.058683700000000005,0.3060719999999999,-0.10228644027728967,0.1736379623079295,0.9794831254256963,-5.8586060408494784,9.592333351656265,5.613097964153995,5.693153911505271,5.442802300604244
4648,05/11/2023 10:05:11.972594,4828,True,True,True,True,Eyes,0.5358279,0.1111323,-2.829623,0.9119846,0.1023258,0.3972577,0.0,0.0,0.0,0.0,0.0,0.0,0.0,-2.746809,-0.2601152,0.4062357,0.477802,0.1048364,-2.745607,0.01020415,0.5872431,-0.04887626,0.8078693,4.237545,71.88454,356.1485,0.1956294,0.03810814,-0.9799368,-0.09768227,0.01334729,0.06146534,1.383038,0.1626622,-2.4461,-0.01179248,0.127619,0.9466124,0.3055134,-0.06698661,-0.9498286,0.09095587,0.995014,-0.04091725,0.9478337,-0.07389171,0.3100829,static,-6.14753358490045,9.756306218801711,-0.71372864459983,7.678123673433847,0.9052359999999999,0.05782580000000001,0.2995070000000002,-0.10555756245195513,0.1685112621989047,0.9800314871030538,-6.0452921237336685,9.292647714930954,5.739696528360405,5.817652346188029,5.570660374911207
4649,05/11/2023 10:05:11.987777,4829,True,True,True,True,Eyes,0.5326737,0.111269,-2.824573,0.9142441,0.1016042,0.3922173,0.0,0.0,0.0,0.0,0.0,0.0,0.0,-2.741665,-0.2778895,0.3800799,0.4746636,0.1074951,-2.738895,0.006101729,0.5911586,-0.04856792,0.8050687,3.855896,72.44197,355.9201,0.1946599,0.03815348,-0.9801282,-0.09182133,0.01254645,0.05777742,1.383038,0.1626622,-2.4461,-0.01359352,0.1185552,0.9485129,0.2963455,-0.07098685,-0.9524391,0.0854152,0.9952078,-0.04759806,0.9512537,-0.06724731,0.3009887,static,-6.389511174498911,9.294912460467339,-0.8210726588688355,7.124486263245067,0.9083744,0.05516710000000001,0.2927949999999999,-0.10984356658502692,0.16053884860926534,0.9808984489889012,-6.288344643870433,8.826936391197375,5.9030683222473534,5.976475330823447,5.7262028776623115
4650,05/11/2023 10:05:12.006380,4830,True,True,True,True,Eyes,0.5295623,0.1113791,-2.819384,0.9165629,0.1012271,0.386866,0.0,0.0,0.0,0.0,0.0,0.0,0.0,-2.735312,-0.3059156,0.3468089,0.4722093,0.1099289,-2.731432,2.965509e-05,0.595915,-0.04900502,0.801551,3.351031,73.12605,355.4885,0.1937126,0.03820649,-0.9803138,-0.08631205,0.01179367,0.05431077,1.383038,0.1626622,-2.4461,-0.01716682,0.1074155,0.9497221,0.2849678,-0.07852469,-0.9553154,0.07859538,0.995197,-0.0583581,0.9553095,-0.05845318,0.2897708,static,-6.757759510790163,8.698134497905274,-1.035544221681941,6.452847272787128,0.9108286999999999,0.05273330000000001,0.2853319999999999,-0.11633692907356324,0.1502017469355731,0.9817866018326258,-6.6583359218984,8.223587158530362,6.079208575131855,6.146955550366591,5.895023854657848
4651,05/11/2023 10:05:12.026126,4831,True,True,True,True,Eyes,0.5264705,0.11146,-2.814072,0.9188425,0.1007816,0.3815384,0.0,0.0,0.0,0.0,0.0,0.0,0.0,-2.729363,-0.3194519,0.3104901,0.469788,0.1093398,-2.72309,-0.00454348,0.6010211,-0.04808731,0.7977724,2.897746,73.86739,355.2797,0.1927888,0.03826562,-0.9804937,0.0,0.0,0.0,1.383038,0.1626622,-2.4461,-0.02063707,0.1001365,0.9503366,0.2729225,-0.08218689,-0.958519,0.07126398,0.9953339,-0.06505229,0.959393,-0.05055364,0.277506,static,-7.149846164531723,8.16674035723128,-1.2440131245052024,6.015032527215934,0.91325,0.053322400000000006,0.27699000000000007,-0.12322178696275699,0.1409717818281373,0.9823153105420253,-7.05238403734653,7.6851956926014235,6.222355001574631,6.285595475563015,6.043725478556391
4652,05/11/2023 10:05:12.036490,4832,True,True,True,True,Eyes,0.5234475,0.1115633,-2.808655,0.9210994,0.1004017,0.3761587,0.0,0.0,0.0,0.0,0.0,0.0,0.0,-2.723441,-0.3169953,0.2884907,0.4669524,0.1087724,-2.714952,-0.005601442,0.60422,-0.0466411,0.7954316,2.719812,74.33111,355.3505,0.1918871,0.03832945,-0.980668,0.0,0.0,0.0,1.383038,0.1626622,-2.4461,-0.01944539,0.09787504,0.9510211,0.2654856,-0.08096861,-0.9607089,0.0674306,0.9955865,-0.0652741,0.9617538,-0.04745184,0.2697736,static,-7.248234050221804,7.966958429508732,-1.1713552441926647,5.875950466855979,0.9160855999999999,0.0538898,0.26885199999999987,-0.1249697448926515,0.13751544097942683,0.9825843678700774,-7.151196613045302,7.4836583246425645,6.364823385478281,6.4265675381997935,6.192190836257399
4653,05/11/2023 10:05:12.056581,4833,True,True,True,True,Eyes,0.5204982,0.1116965,-2.803118,0.9233674,0.09988917,0.3706951,0.0,0.0,0.0,0.0,0.0,0.0,0.0,-2.717924,-0.3130542,0.2684197,0.4653902,0.1094826,-2.707137,-0.005618755,0.607036,-0.04548246,0.7933518,2.653954,74.73797,355.4647,0.1910068,0.03839854,-0.9808371,0.0,0.0,0.0,1.383038,0.1626622,-2.4461,-0.01793674,0.09617896,0.9505125,0.2588773,-0.07898873,-0.962675,0.06534559,0.9957995,-0.06413426,0.9636973,-0.04630367,0.2629515,static,-7.289899121923737,7.881291338780627,-1.0810773540823704,5.777889198609482,0.9176478,0.05317960000000001,0.26103699999999996,-0.12571021182249048,0.13603333290486105,0.9826962571478526,-7.193040450429762,7.397247851024122,6.494031306697551,6.555438071410434,6.322848672573349
4654,05/11/2023 10:05:12.076706,4834,True,True,True,True,Eyes,0.5176079,0.1118098,-2.797469,0.9256057,0.09943615,0.3651938,0.0,0.0,0.0,0.0,0.0,0.0,0.0,-2.711883,-0.3137891,0.2422359,0.4639663,0.110371,-2.698889,-0.006539226,0.610683,-0.04458274,0.7905922,2.528259,75.2682,355.4944,0.19015,0.03847351,-0.9810007,0.0,0.0,0.0,1.383038,0.1626622,-2.4461,-0.01813813,0.0931484,0.9499076,0.2501573,-0.07848031,-0.9650193,0.06250674,0.9959392,-0.06479156,0.9661855,-0.04411212,0.254047,static,-7.4599478178970235,7.720706982028392,-1.0939085245247515,5.600546376562139,0.9190716999999999,0.05229120000000001,0.25278899999999993,-0.12867569736051554,0.13322748001230517,0.9826967868249636,-7.3640108441150245,7.2336282926119315,6.6491486623023786,6.709809034371304,6.4792854268553555
4655,05/11/2023 10:05:12.086412,4835,True,True,True,True,Eyes,0.5147899,0.1119179,-2.791718,0.9278075,0.098605,0.359792,0.0,0.0,0.0,0.0,0.0,0.0,0.0,-2.705887,-0.3063871,0.2228229,0.4623023,0.1100982,-2.690632,-0.006191399,0.6134175,-0.0431622,0.7885541,2.475283,75.66492,355.6564,0.1893151,0.0385534,-0.981159,0.0,0.0,0.0,1.383038,0.1626622,-2.4461,-0.01601954,0.09270975,0.9494532,0.243712,-0.0756673,-0.9668913,0.06047565,0.9961974,-0.06271741,0.9679602,-0.0431884,0.2473613,static,-7.49039532118521,7.636555693840176,-0.966624736614849,5.576990066886145,0.9207357,0.052564000000000013,0.24453199999999997,-0.129223213313984,0.1317745731281969,0.9828208429632229,-7.394567087946783,7.14893390239285,6.780893539580659,6.84115437713812,6.617359767613836
4656,05/11/2023 10:05:12.106400,4836,True,True,True,True,Eyes,0.5120666,0.1120116,-2.785871,0.9300028,0.09768887,0.3543328,0.0,0.0,0.0,0.0,0.0,0.0,0.0,-2.699889,-0.296923,0.2082195,0.4610732,0.1102013,-2.682571,-0.004508546,0.6154742,-0.04236608,0.7870047,2.582276,75.96062,355.8535,0.188505,0.0386375,-0.9813116,0.0,0.0,0.0,1.383038,0.1626622,-2.4461,-0.01262456,0.09462436,0.9484603,0.2387934,-0.07223439,-0.9683801,0.06113482,0.9963695,-0.05924695,0.9691441,-0.04505396,0.2423425,static,-7.426751231041731,7.718331307586218,-0.7625952216041533,5.697334494875714,0.9219648,0.052460900000000005,0.23647099999999988,-0.12810685287882162,0.13319663042170277,0.9827753295516455,-7.330600057140335,7.23184536119376,6.901999884986871,6.9638641166459445,6.7448803635405445
4657,05/11/2023 10:05:12.126712,4837,True,True,True,True,Eyes,0.5094197,0.1121091,-2.779929,0.9322053,0.09643837,0.348845,0.0,0.0,0.0,0.0,0.0,0.0,0.0,-2.693942,-0.2910382,0.1872873,0.4604037,0.1099946,-2.674515,-0.002839542,0.6183936,-0.04246252,0.7847154,2.754733,76.38275,355.9725,0.1877197,0.03872515,-0.9814588,0.0,0.0,0.0,1.383038,0.1626622,-2.4461,-0.011666,0.09770915,0.9468467,0.2315725,-0.0701539,-0.9702848,0.06313008,0.9963778,-0.05697357,0.9707672,-0.04806064,0.2351625,static,-7.502400608999411,7.828534543714592,-0.7058996395137815,5.89174113133539,0.9226342999999999,0.05266760000000001,0.22841500000000003,-0.12937131308745015,0.1350642934529012,0.9823546277009363,-7.406844038607461,7.3406971635303995,7.0025390595866295,7.067078190486828,6.8558099027743795
4658,05/11/2023 10:05:12.136668,4838,True,True,True,True,Eyes,0.5068597,0.1122092,-2.773899,0.9344015,0.095158,0.3432765,0.0,0.0,0.0,0.0,0.0,0.0,0.0,-2.687624,-0.2864183,0.1667743,0.4593644,0.1102556,-2.666459,-0.001221846,0.6213124,-0.04269719,0.7823979,2.931651,76.80666,356.0768,0.1869591,0.03881634,-0.9816003,0.0,0.0,0.0,1.383038,0.1626622,-2.4461,-0.01062079,0.100413,0.945665,0.2242959,-0.06833067,-0.9721226,0.06529408,0.9963509,-0.05496851,0.9723313,-0.05114464,0.2279389,static,-7.577622122182968,7.9399901395361825,-0.6434634445985984,6.061093700617466,0.9236736,0.05240660000000001,0.2203590000000002,-0.13062672299233874,0.13695224526908667,0.9819270366857907,-7.482658698164822,7.450808957075007,7.116835613126992,7.184205481060522,6.978961255834109
4659,05/11/2023 10:05:12.156651,4839,True,True,True,True,Eyes,0.5043857,0.1122843,-2.767775,0.9366109,0.09371725,0.337605,0.0,0.0,0.0,0.0,0.0,0.0,0.0,-2.68098,-0.2846162,0.1447062,0.4586482,0.1104708,-2.65839,-0.0003116815,0.6243939,-0.0429818,0.7799263,3.048942,77.25709,356.1279,0.186225,0.03891086,-0.981736,0.0,0.0,0.0,1.383038,0.1626622,-2.4461,-0.01008154,0.1021168,0.9443296,0.2165698,-0.0674345,-0.9739355,0.06665605,0.9963049,-0.05416133,0.9739891,-0.05318897,0.2202644,static,-7.6749158528266985,7.974699699364691,-0.6116590537163392,6.171801157293059,0.9243897999999999,0.05219140000000001,0.21228999999999987,-0.13228350297507663,0.13751659271512073,0.9816263538332899,-7.580608408000893,7.483781106432031,7.220671199508218,7.289721514789349,7.091371270038383
4660,05/11/2023 10:05:12.172808,4840,True,True,True,True,Eyes,0.5019981,0.1123491,-2.761559,0.9388043,0.09233928,0.3318432,0.0,0.0,0.0,0.0,0.0,0.0,0.0,-2.673774,-0.2854099,0.1213746,0.4579865,0.109972,-2.650172,-0.000220103,0.6276243,-0.0433492,0.7773086,3.0996,77.7319,356.1143,0.1855167,0.03900784,-0.9818664,0.0,0.0,0.0,1.383038,0.1626622,-2.4461,-0.009881884,0.1034028,0.9430549,0.2084173,-0.06766769,-0.9756964,0.06711511,0.9962416,-0.05475619,0.9757347,-0.05407183,0.2121755,static,-7.79558897966358,7.936865698740852,-0.6003569097480099,6.257293666470533,0.9250514999999999,0.052690200000000006,0.20407200000000003,-0.13436355089585322,0.13682972484883885,0.9814397731415299,-7.702012956517799,7.443792720361171,7.319058555002081,7.388662040689515,7.200090180789772
4661,05/11/2023 10:05:12.186328,4841,True,True,True,True,Eyes,0.4997059,0.1124061,-2.755253,0.9410021,0.09098267,0.3259405,0.0,0.0,0.0,0.0,0.0,0.0,0.0,-2.666152,-0.2870854,0.09855795,0.4574392,0.1097373,-2.641818,-0.0005903866,0.6307492,-0.04347106,0.7747681,3.091108,78.19345,356.0892,0.1848375,0.03910645,-0.9819905,0.0,0.0,0.0,1.383038,0.1626622,-2.4461,-0.009271994,0.1034718,0.9418321,0.2005315,-0.06810474,-0.9773173,0.0666152,0.9962199,-0.05575348,0.97742,-0.05392384,0.2043103,static,-7.891793427483178,7.840725756836271,-0.5640378605000035,6.269500619715541,0.9255987999999999,0.05292490000000001,0.19571800000000028,-0.13604291404722335,0.13515145877352056,0.9814409899295617,-7.798733476413554,7.345935657845678,7.425271673356692,7.494314517083797,7.3143374987918754
4662,05/11/2023 10:05:12.206353,4842,True,True,True,True,Eyes,0.4975335,0.1124043,-2.748868,0.9431978,0.08975568,0.3198777,0.0,0.0,0.0,0.0,0.0,0.0,0.0,-2.658719,-0.2863154,0.07499099,0.4572003,0.1096683,-2.633501,-0.001031211,0.6339297,-0.04288108,0.7722004,3.025166,78.66541,356.1223,0.1841863,0.0392067,-0.9821089,0.0,0.0,0.0,1.383038,0.1626622,-2.4461,-0.008729801,0.1024156,0.9404989,0.1925888,-0.06753299,-0.9789529,0.06491812,0.9963203,-0.05595977,0.9791299,-0.05277456,0.1962642,static,-7.977588515302393,7.702526384939737,-0.5318096483576688,6.214734410445195,0.9258377,0.05299390000000001,0.18740099999999993,-0.13755731396429127,0.13275576201386985,0.9815568287172367,-7.884935490024434,7.206205295514556,7.5253549327140545,7.592967002088908,7.4196680626108735
4663,05/11/2023 10:05:12.216059,4843,True,True,True,True,Eyes,0.4954538,0.1124015,-2.742404,0.9454063,0.08855864,0.3136308,0.0,0.0,0.0,0.0,0.0,0.0,0.0,-2.651731,-0.2823099,0.04533362,0.4576094,0.1083138,-2.625318,-0.001503468,0.6378877,-0.04174104,0.7689959,2.919903,79.25513,356.2042,0.1835638,0.03930657,-0.9822214,0.0,0.0,0.0,1.383038,0.1626622,-2.4461,-0.0103073,0.1018356,0.9386236,0.182714,-0.06611545,-0.9809405,0.06227927,0.9965109,-0.0555645,0.9811915,-0.05093987,0.1861941,static,-8.161775521545536,7.527766463936692,-0.6291564066759344,6.192063205660785,0.9254286,0.054348400000000005,0.1792180000000001,-0.14076937024129288,0.12970213627656504,0.9815097165867206,-8.070119989006255,7.028157823239516,7.584561914737465,7.650127706376395,7.487789609965693
4664,05/11/2023 10:05:12.236780,4844,True,True,True,True,Eyes,0.4934921,0.1123841,-2.735847,0.9476317,0.08748201,0.30715,0.0,0.0,0.0,0.0,0.0,0.0,0.0,-2.643896,-0.2824779,0.01676846,0.4574419,0.1083359,-2.617111,-0.002089852,0.6417971,-0.04122321,0.765763,2.849532,79.83971,356.2216,0.1829726,0.03940594,-0.9823277,0.0,0.0,0.0,1.383038,0.1626622,-2.4461,-0.01170039,0.100499,0.9373834,0.1727946,-0.06581692,-0.9827564,0.06045188,0.9965926,-0.05611452,0.983101,-0.04971319,0.1761845,static,-8.339872144738278,7.387079806319043,-0.7151269734379195,6.119435332821377,0.9255960999999999,0.05432630000000001,0.17101100000000002,-0.1438659548684052,0.1272344651235948,0.9813837380622547,-8.249209872025514,6.8842921397356,7.665298661103594,7.729402398533622,7.572807343242866
4665,05/11/2023 10:05:12.256006,4845,True,True,True,True,Eyes,0.4916175,0.1123523,-2.729174,0.9498636,0.08647949,0.3004675,0.0,0.0,0.0,0.0,0.0,0.0,0.0,-2.634448,-0.2910371,-0.01745844,0.4579514,0.1078839,-2.608441,-0.003999839,0.6464007,-0.04177035,0.7618436,2.745878,80.53243,356.0495,0.1824132,0.0395046,-0.9824278,0.0,0.0,0.0,1.383038,0.1626622,-2.4461,-0.01481345,0.09892298,0.9354867,0.160843,-0.06881594,-0.984578,0.05847394,0.9964785,-0.06009526,0.9852464,-0.04790625,0.1643005,static,-8.636110114235487,7.184025403315028,-0.9072039560904119,6.036305856332955,0.9250866,0.0547783,0.16234100000000007,-0.14900595963033247,0.1236605407161385,0.9810736842950718,-8.547131441850073,6.67594968816001,7.751868179859343,7.813657950021718,7.666657434583883
4666,05/11/2023 10:05:12.273431,4846,True,True,True,True,Eyes,0.489858,0.1122797,-2.722387,0.9520618,0.08561597,0.2936805,0.0,0.0,0.0,0.0,0.0,0.0,0.0,-2.623909,-0.2989419,-0.04789829,0.4578232,0.107458,-2.599117,-0.005958913,0.6505321,-0.04218296,0.7582831,2.627683,81.1582,355.8825,0.1818856,0.0396024,-0.9825217,0.0,0.0,0.0,1.383038,0.1626622,-2.4461,-0.01601,0.09723891,0.934223,0.1500575,-0.07172617,-0.9860721,0.05622031,0.9963702,-0.0639198,0.9870775,-0.04584564,0.1535453,static,-8.857700711277229,6.977887105710162,-0.9817951883581739,5.9422528373397965,0.9252148,0.05520420000000001,0.15301700000000018,-0.15286720066779147,0.12005840866475506,0.9809269080249612,-8.769926273515914,6.465856196710009,7.884308722743664,7.943703553366648,7.805712413197405
4667,05/11/2023 10:05:12.286851,4847,True,True,True,True,Eyes,0.4882135,0.1121465,-2.715485,0.9542206,0.08481736,0.286826,0.0,0.0,0.0,0.0,0.0,0.0,0.0,-2.613568,-0.3027171,-0.07447696,0.4585566,0.1063653,-2.589659,-0.007666175,0.6539791,-0.04199832,0.7553071,2.484631,81.68349,355.7827,0.1813925,0.03969788,-0.982609,0.0,0.0,0.0,1.383038,0.1626622,-2.4461,-0.01542759,0.09592541,0.9322043,0.1410952,-0.07347027,-0.987266,0.0534162,0.9963548,-0.06651266,0.9885539,-0.0433514,0.1445053,static,-8.96485613862377,6.766370631903384,-0.9481345541261217,5.875154648810888,0.9244814,0.05629690000000001,0.14355900000000021,-0.1547693336396967,0.11640146902500438,0.9810694387612302,-8.877550402045463,6.252427812883828,8.0095509246138,8.066107542791007,7.9383859020309675
4668,05/11/2023 10:05:12.306331,4848,True,True,True,True,Eyes,0.4866824,0.1119722,-2.708483,0.9563198,0.08409025,0.2799666,0.0,0.0,0.0,0.0,0.0,0.0,0.0,-2.603682,-0.3002829,-0.09861541,0.4594168,0.1048364,-2.580116,-0.008284985,0.657093,-0.04131109,0.7526312,2.396773,82.15811,355.8059,0.1809338,0.03978952,-0.9826898,0.0,0.0,0.0,1.383038,0.1626622,-2.4461,-0.01380642,0.09605142,0.9300345,0.1330446,-0.07307202,-0.9884127,0.05129601,0.9964495,-0.06676152,0.9897817,-0.04181938,0.1363205,static,-9.012977417378943,6.636171569515071,-0.8504969379658237,5.896446518704419,0.9236211999999999,0.05782580000000001,0.1340159999999999,-0.15563407170779986,0.11415608214078156,0.9811964389288113,-8.925846386044123,6.121370377592809,8.140948041386991,8.195930741996118,8.078481258929536
4669,05/11/2023 10:05:12.326237,4849,True,True,True,True,Eyes,0.4852809,0.1117905,-2.701369,0.9583598,0.08337502,0.2731211,0.0,0.0,0.0,0.0,0.0,0.0,0.0,-2.593833,-0.2990748,-0.1189992,0.460401,0.1036817,-2.57077,-0.008799664,0.6596773,-0.04094138,0.7503815,2.33889,82.55323,355.8071,0.1805114,0.03987617,-0.9827631,0.0,0.0,0.0,1.383038,0.1626622,-2.4461,-0.01111612,0.09637118,0.9278306,0.1262995,-0.07305319,-0.9892986,0.04983344,0.9964927,-0.0672224,0.9907397,-0.04080999,0.1294971,static,-8.98873715674012,6.537969414517372,-0.6864144053789684,5.929889359172049,0.9226369999999999,0.058980500000000005,0.12467000000000006,-0.15524878913567297,0.11248109616401036,0.9814508912619625,-8.901351694031543,6.023601665310943,8.270670926307595,8.324561515267801,8.21547178516343
4670,05/11/2023 10:05:12.336699,4850,True,True,True,True,Eyes,0.4840149,0.1115542,-2.69413,0.9603338,0.08276583,0.2662871,0.0,0.0,0.0,0.0,0.0,0.0,0.0,-2.582323,-0.3085392,-0.1393175,0.4619091,0.1032483,-2.56105,-0.01061753,0.6621653,-0.04200279,0.7481046,2.277507,82.93784,355.5858,0.1801268,0.03995826,-0.9828297,0.0,0.0,0.0,1.383038,0.1626622,-2.4461,-0.008235127,0.09590681,0.9251791,0.119546,-0.07690608,-0.9898456,0.04878384,0.996246,-0.07151162,0.9916295,-0.03973952,0.122849,static,-8.98036262443373,6.408288714279977,-0.5099829430041944,5.918311466077599,0.9211289,0.059413900000000006,0.11494999999999989,-0.15514416583804286,0.1102612710222323,0.9817192824750965,-8.892791964118556,5.894071326148098,8.432018319862134,8.484539448392603,8.382844068027278
4671,05/11/2023 10:05:12.356151,4851,True,True,True,True,Eyes,0.4828667,0.1112707,-2.686765,0.9622229,0.08220535,0.2595563,0.0,0.0,0.0,0.0,0.0,0.0,0.0,-2.570332,-0.3170832,-0.1581745,0.4637115,0.1015838,-2.550847,-0.01287779,0.6643673,-0.04283542,0.7460669,2.160649,83.28192,355.3491,0.1797819,0.04003445,-0.9828893,0.0,0.0,0.0,1.383038,0.1626622,-2.4461,-0.004271254,0.09588839,0.9223075,0.1135626,-0.08102734,-0.9902214,0.046805,0.9959986,-0.07613228,0.9924279,-0.03770151,0.1169007,static,-8.934219162691644,6.2261608776823705,-0.2653378379144033,5.935474650686397,0.9193264999999999,0.061078400000000005,0.10474700000000015,-0.1544062834957649,0.10715264041698522,0.9821797763095186,-8.846169055998363,5.712768554876323,8.623308730822488,8.673753622604043,8.583720778214726
4672,05/11/2023 10:05:12.376789,4852,True,True,True,True,Eyes,0.4818563,0.1109301,-2.67929,0.9640203,0.08176103,0.2529429,0.0,0.0,0.0,0.0,0.0,0.0,0.0,-2.559208,-0.3192894,-0.1706984,0.4652891,0.1001507,-2.540493,-0.01405503,0.6657233,-0.0429537,0.7448289,2.07762,83.49416,355.2531,0.1794777,0.04010375,-0.9829418,0.0,0.0,0.0,1.383038,0.1626622,-2.4461,0.002226822,0.09643047,0.9196616,0.109935,-0.08269984,-0.9904925,0.04527278,0.9959149,-0.07812773,0.9929073,-0.03625336,0.1132299,static,-8.752474539561966,6.115659301056017,0.13873282627231212,5.985835658495819,0.9177489,0.06251150000000001,0.09439300000000017,-0.1513199680629167,0.10530905476174746,0.9828592909210281,-8.663152664294959,5.605512753201088,8.842350153476009,8.89215511563048,8.8100983933978
4673,05/11/2023 10:05:12.389018,4853,True,True,True,True,Eyes,0.4809898,0.1105625,-2.671728,0.9657537,0.08144796,0.246345,0.0,0.0,0.0,0.0,0.0,0.0,0.0,-2.549324,-0.3138517,-0.1837287,0.4674841,0.09848869,-2.530428,-0.01463628,0.6670728,-0.04170444,0.7436805,1.941,83.70415,355.3193,0.1792157,0.0401649,-0.982987,0.0,0.0,0.0,1.383038,0.1626622,-2.4461,0.008751579,0.09630841,0.9165788,0.1065494,-0.08155647,-0.990957,0.04250262,0.9960931,-0.07740922,0.9933987,-0.03387036,0.1095995,static,-8.548794556766284,5.984150833207392,0.547048768586833,5.998274770849247,0.9155538999999999,0.06417351,0.08432800000000018,-0.14785933693613623,0.10310743485071922,0.9836189870250382,-8.458039625298765,5.477641852893061,9.046957840128819,9.095854291103468,9.020126141964573
4674,05/11/2023 10:05:12.406502,4854,True,True,True,True,Eyes,0.480303,0.1101274,-2.664074,0.9674327,0.08131327,0.2397128,0.0,0.0,0.0,0.0,0.0,0.0,0.0,-2.539571,-0.3091113,-0.1996796,0.4699433,0.09754567,-2.520809,-0.01554919,0.6688076,-0.04018237,0.7421862,1.757408,83.9752,355.3837,0.1789976,0.0402178,-0.9830245,0.0,0.0,0.0,1.383038,0.1626622,-2.4461,0.01397187,0.09460568,0.913465,0.1021638,-0.08044441,-0.9915096,0.03884675,0.9962872,-0.07682931,0.9940089,-0.03066774,0.1049095,static,-8.40197155110662,5.811256732542037,0.8762971360882292,5.912924169295848,0.9130947,0.06511653,0.07470899999999991,-0.14538206875760323,0.10017602141646016,0.984291075956778,-8.3101042447142,5.307370399688291,9.23159597894278,9.278825685369702,9.206338343613854
4675,05/11/2023 10:05:12.416808,4855,True,True,True,True,Eyes,0.4797692,0.1096587,-2.656351,0.9690806,0.08129858,0.2329668,0.0,0.0,0.0,0.0,0.0,0.0,0.0,-2.529005,-0.3041515,-0.2235937,0.4733597,0.09554316,-2.51101,-0.01698371,0.6715389,-0.03846119,0.7397757,1.520126,84.40313,355.4261,0.178826,0.04026087,-0.9830541,0.0,0.0,0.0,1.383038,0.1626622,-2.4461,0.01676283,0.09291298,0.9095709,0.09511258,-0.07971573,-0.9922696,0.03409485,0.9964646,-0.07678463,0.9948825,-0.0265281,0.0974942,static,-8.403997634122504,5.5778144978422555,1.055806313303048,5.832552744918679,0.9096782999999999,0.06711904,0.06491000000000025,-0.14547473130830907,0.09616354963813516,0.9846775475151168,-8.311906050179191,5.073893488833094,9.41853539784466,9.46323318418455,9.398382775338655
4676,05/11/2023 10:05:12.436522,4856,True,True,True,True,Eyes,0.4794226,0.109179,-2.648562,0.9706831,0.08141778,0.2261534,0.0,0.0,0.0,0.0,0.0,0.0,0.0,-2.519189,-0.2974606,-0.2439508,0.4763099,0.09436395,-2.501706,-0.01796712,0.6738586,-0.03647717,0.7377407,1.297904,84.76695,355.5232,0.1787024,0.04029387,-0.9830754,0.0,0.0,0.0,1.383038,0.1626622,-2.4461,0.02030708,0.09070993,0.9062405,0.08916809,-0.07803597,-0.9929549,0.02960678,0.9966932,-0.07567105,0.9955764,-0.02265075,0.0911836,static,-8.336406452959633,5.379733585228705,1.2836717142010858,5.715968970282007,0.9067281,0.06829825,0.055606000000000044,-0.1443596279586835,0.09277408795694103,0.9851665657525565,-8.243682381280403,4.87702069481093,9.58335438079646,9.625952325689353,9.564220316868688
4677,05/11/2023 10:05:12.456458,4857,True,True,True,True,Eyes,0.4792769,0.1087862,-2.640722,0.9722987,0.08159877,0.219036,0.0,0.0,0.0,0.0,0.0,0.0,0.0,-2.508162,-0.2959272,-0.2702098,0.4802125,0.09363823,-2.492406,-0.01939264,0.6769104,-0.03533036,0.7349615,1.107325,85.2477,355.5148,0.1786293,0.04031743,-0.9830879,0.0,0.0,0.0,1.383038,0.1626622,-2.4461,0.02180007,0.08844828,0.9020557,0.08108845,-0.07818705,-0.9936356,0.02567874,0.9967514,-0.07633665,0.9963763,-0.01932527,0.08283278,static,-8.381620837674925,5.1946660107908,1.3844033358459986,5.600059470674324,0.9028255000000001,0.06902397,0.04630599999999996,-0.14517963722716304,0.08958062069378613,0.985341603665403,-8.288997173404116,4.691147002796353,9.733874573154967,9.774434613577982,9.716007373742798
4678,05/11/2023 10:05:12.472974,4858,True,True,True,True,Eyes,0.4793103,0.1085132,-2.632832,0.9738666,0.08197665,0.2118109,0.0,0.0,0.0,0.0,0.0,0.0,0.0,-2.495763,-0.3041465,-0.2993844,0.4846021,0.09525067,-2.483356,-0.02219309,0.6802805,-0.03502802,0.7317781,0.8696064,85.78723,355.3269,0.1786094,0.04033571,-0.9830909,0.0,0.0,0.0,1.383038,0.1626622,-2.4461,0.02214508,0.08312444,0.8976187,0.07198309,-0.08146051,-0.9940737,0.02107041,0.996561,-0.08013858,0.9971833,-0.01517691,0.07345192,static,-8.491862026806707,4.943777098590067,1.4132529667196494,5.290815184371588,0.8984359,0.06741153000000001,0.03725600000000018,-0.14713149652630642,0.08524028620877377,0.9854372630647618,-8.39968674332095,4.438291336991784,9.874024606429968,9.911192585555158,9.849902672780223
4679,05/11/2023 10:05:12.486552,4859,True,True,True,True,Eyes,0.4795733,0.1081625,-2.624861,0.9754969,0.08223951,0.2040649,0.0,0.0,0.0,0.0,0.0,0.0,0.0,-2.482039,-0.3209579,-0.3274543,0.4886675,0.09767893,-2.474353,-0.02656573,0.6834636,-0.0355655,0.7286338,0.567356,86.31064,354.943,0.1786445,0.0403537,-0.983084,0.0,0.0,0.0,1.383038,0.1626622,-2.4461,0.02273286,0.07613605,0.8936477,0.06322543,-0.08814185,-0.9940994,0.01551503,0.9960587,-0.08732882,0.9978788,-0.009902066,0.06434376,static,-8.563260769553663,4.595290889267837,1.4571917905369636,4.869665655866273,0.8943705,0.06498327000000001,0.02825299999999986,-0.14843321770433732,0.07922949884630182,0.9857435207604259,-8.471186891681194,4.088532536111383,9.99181804162234,10.024208249112382,9.959059805438562
4680,05/11/2023 10:05:12.506395,4860,True,True,True,True,Eyes,0.4799505,0.1079464,-2.616842,0.9770759,0.08230575,0.1963375,0.0,0.0,0.0,0.0,0.0,0.0,0.0,-2.465534,-0.3334732,-0.3698695,0.4939808,0.09527312,-2.464503,-0.02960841,0.6886477,-0.03727857,0.7235317,0.4869264,87.1468,354.5644,0.1787382,0.04036859,-0.9830665,0.0,0.0,0.0,1.383038,0.1626622,-2.4461,0.01865909,0.07705463,0.8882664,0.04874928,-0.09472398,-0.9943092,0.01316493,0.9954673,-0.09418885,0.9987243,-0.008498367,0.04977534,static,-8.965455944358727,4.4300062952898225,1.2033888704507547,4.957837711360527,0.8890572,0.06738908,0.01840300000000017,-0.1553846280597292,0.0763030135470755,0.984902752679927,-8.875780026427947,3.916067776384438,10.151624766757312,10.18253459957141,10.132863872036726
4681,05/11/2023 10:05:12.516551,4861,True,True,True,True,Eyes,0.480536,0.1077724,-2.608779,0.9786746,0.08208873,0.1883015,0.0,0.0,0.0,0.0,0.0,0.0,0.0,-2.452351,-0.3455845,-0.3896046,0.4968613,0.09815349,-2.455349,-0.02928329,0.6911322,-0.0399811,0.7210274,0.7469485,87.53773,354.3679,0.1788895,0.04038578,-0.9830383,0.0,0.0,0.0,1.383038,0.1626622,-2.4461,0.02122776,0.07851256,0.8848397,0.04147577,-0.09813219,-0.9943088,0.01717768,0.995088,-0.09749255,0.9989919,-0.01303633,0.04295773,static,-8.928001250058472,4.652676917987561,1.3742916366476403,5.070622556966429,0.8861767,0.06450871000000001,0.009249000000000063,-0.15469404991663993,0.08013888220821168,0.9847068079683561,-8.838312638571633,4.139405725178248,10.276410932687883,10.310767055879829,10.25497200727689
4682,05/11/2023 10:05:12.536465,4862,True,True,True,True,Eyes,0.4812452,0.1076461,-2.600684,0.9802329,0.08159261,0.1802388,0.0,0.0,0.0,0.0,0.0,0.0,0.0,-2.437958,-0.352823,-0.4221331,0.502069,0.09890872,-2.446316,-0.02908514,0.695138,-0.04190414,0.7170646,0.9480867,88.17315,354.2294,0.1791008,0.04040665,-0.9829989,0.0,0.0,0.0,1.383038,0.1626622,-2.4461,0.01985282,0.08071958,0.8793527,0.03005473,-0.1005323,-0.9944799,0.01965959,0.9947962,-0.09997014,0.999355,-0.01654647,0.03187473,static,-9.121304560520505,4.78797698046022,1.2933258709470417,5.244728831403945,0.880969,0.06375348,0.00021599999999999397,-0.15798584530553583,0.0824204802574521,0.9839955560833029,-9.032986657267916,4.271253472081233,10.387892325085105,10.424641445987024,10.372096446985907
4683,05/11/2023 10:05:12.556135,4863,True,True,True,True,Eyes,0.4821021,0.1075391,-2.592589,0.9817985,0.08069193,0.1719311,0.0,0.0,0.0,0.0,0.0,0.0,0.0,-2.425172,-0.3553303,-0.4461553,0.5054449,0.09989283,-2.437482,-0.02655969,0.6983389,-0.04417843,0.7139089,1.362658,88.66824,354.2492,0.1793713,0.04043267,-0.9829483,0.0,0.0,0.0,1.383038,0.1626622,-2.4461,0.02048775,0.08609718,0.875415,0.02074229,-0.1001741,-0.9947537,0.0259834,0.9946857,-0.09962541,0.9994472,-0.02378062,0.02323494,static,-9.17061682164604,5.151147108739356,1.3406754057529657,5.616983349277532,0.8775931,0.06276937,-0.008617999999999792,-0.15874750099901885,0.08864487871898116,0.9833316336414935,-9.082982540197676,4.633540792778845,10.478728093578903,10.521609558084615,10.469947671125803
4684,05/11/2023 10:05:12.576726,4864,True,True,True,True,Eyes,0.4830317,0.1074182,-2.584506,0.983333,0.07941219,0.1635542,0.0,0.0,0.0,0.0,0.0,0.0,0.0,-2.412246,-0.3586903,-0.4735894,0.5094824,0.1002214,-2.429456,-0.02370708,0.701983,-0.04696165,0.7102482,1.848495,89.23665,354.2582,0.179701,0.04046405,-0.9828864,0.0,0.0,0.0,1.383038,0.1626622,-2.4461,0.01907584,0.0929515,0.8707878,0.01002892,-0.09999279,-0.9949377,0.03342492,0.9944651,-0.09960838,0.999391,-0.03225673,0.01331567,static,-9.296534340321536,5.555445751788339,1.2549444747109018,6.092917412870669,0.8735556,0.062440800000000005,-0.01664399999999988,-0.16080502353406806,0.09554911306503328,0.9823503308626356,-9.210114194809593,5.035588570908926,10.51512235258137,10.565158823725506,10.51833623899475
4685,05/11/2023 10:05:12.586461,4865,True,True,True,True,Eyes,0.4840136,0.1073242,-2.576463,0.9848384,0.07788153,0.1550088,0.0,0.0,0.0,0.0,0.0,0.0,0.0,-2.39972,-0.3586043,-0.4993652,0.511794,0.0997557,-2.421721,-0.01957496,0.7057113,-0.04988429,0.7064702,2.450116,89.81781,354.3644,0.180087,0.04049973,-0.9828138,0.0,0.0,0.0,1.383038,0.1626622,-2.4461,0.01718855,0.1022731,0.8676764,-0.001033546,-0.09811206,-0.9951748,0.04285498,0.9942567,-0.09806605,0.9990808,-0.04274955,0.00317698,static,-9.428443946616275,6.076292699846821,1.1348730647406922,6.722441074877453,0.871244,0.0629065,-0.02437900000000015,-0.16291986208473114,0.10443836636050717,0.9810961630122612,-9.34339459124332,5.554076916085375,10.523186443506008,10.583060710634623,10.543204820072052
4686,05/11/2023 10:05:12.606510,4866,True,True,True,True,Eyes,0.4850426,0.1073489,-2.568474,0.9862745,0.07637963,0.1463853,0.0,0.0,0.0,0.0,0.0,0.0,0.0,-2.387197,-0.3634816,-0.5232581,0.5136924,0.1002685,-2.414682,-0.01667207,0.7091671,-0.05290337,0.7028553,2.957692,90.36671,354.3677,0.1805251,0.04054023,-0.982732,0.0,0.0,0.0,1.383038,0.1626622,-2.4461,0.01520895,0.1091969,0.8651513,-0.01143341,-0.09801339,-0.9951196,0.05072024,0.9938466,-0.09847075,0.9986476,-0.05159853,-0.006391751,static,-9.52427709966889,6.4916249057928095,1.0071289216485693,7.1936686567214965,0.8693455999999999,0.06239370000000001,-0.031417999999999946,-0.16443336173487433,0.11151904983180193,0.9800638062689884,-9.440261160616856,5.967695345026858,10.486853456469321,10.554779875206288,10.51907648474929
4687,05/11/2023 10:05:12.626267,4867,True,True,True,True,Eyes,0.486156,0.1074558,-2.560533,0.9876488,0.07528415,0.1374117,0.0,0.0,0.0,0.0,0.0,0.0,0.0,-2.372926,-0.3784345,-0.548625,0.5155298,0.1029838,-2.408029,-0.01850891,0.7126042,-0.05476088,0.6991811,2.990105,90.93491,354.0826,0.1810133,0.04058965,-0.9826404,0.0,0.0,0.0,1.383038,0.1626622,-2.4461,0.01297116,0.1067821,0.8637193,-0.02160676,-0.1029546,-0.9944515,0.05019649,0.9933174,-0.1039278,0.9985058,-0.0521635,-0.01629446,static,-9.59910185450305,6.408734215439012,0.8603916332067022,7.047747316671616,0.8675082,0.059678400000000006,-0.038070999999999966,-0.165739933631612,0.11007664540790243,0.9800067536578938,-9.515479052998593,5.883469185103285,10.41357126799341,10.478995264956925,10.440988270489656
4688,05/11/2023 10:05:12.637067,4868,True,True,True,True,Eyes,0.4873475,0.1075601,-2.552596,0.9889485,0.07445512,0.1282085,0.0,0.0,0.0,0.0,0.0,0.0,0.0,-2.3549,-0.3992153,-0.5836122,0.5182719,0.1048015,-2.401237,-0.02405892,0.7170869,-0.05592677,0.6943198,2.682396,91.69718,353.5527,0.1815496,0.04065021,-0.9825391,0.0,0.0,0.0,1.383038,0.1626622,-2.4461,0.008069687,0.09985007,0.8620592,-0.03468257,-0.1121668,-0.993084,0.04315747,0.9925867,-0.1136179,0.9984662,-0.04679955,-0.02958465,static,-9.838054380882655,5.942091958594118,0.5363268586639319,6.606979377426019,0.8647661,0.0578607,-0.044862999999999875,-0.1699725004730851,0.10201687995465411,0.9801540824308999,-9.755481877684682,5.412563409327666,10.340185414923711,10.395665509392707,10.360885896989213
4689,05/11/2023 10:05:12.656569,4869,True,True,True,True,Eyes,0.4886071,0.1076781,-2.544684,0.9901608,0.07389357,0.1188333,0.8977383,1.377512,0.1740152,-2.438003,-0.3683928,0.7569082,0.5397933,-0.005328506,0.1045087,0.8541612,0.5209185,0.1047167,-2.393435,-0.02838097,0.7218605,-0.05549948,0.6892258,2.350012,92.51108,353.2477,0.1821321,0.04072066,-0.9824286,0.0,0.0,0.0,1.383038,0.1626622,-2.4461,0.00376901,0.0944057,0.8604969,-0.04832508,-0.1174775,-0.9918991,0.03552913,0.9922287,-0.1192475,0.9981996,-0.04100396,-0.04377574,static,-10.089259302025253,5.4971592903158495,0.2509561452078234,6.2609193391149764,0.8621195,0.05794550000000001,-0.05266499999999974,-0.1744010577687718,0.09432829374642066,0.9801461456236502,-10.007837323813584,4.963148315141702,10.321278006894573,10.36838391010572,10.340553808703909
4690,05/11/2023 10:05:12.676673,4870,True,True,True,True,Eyes,0.4899515,0.1078098,-2.536806,0.9912953,0.07336438,0.109322,0.8928592,1.375039,0.1733138,-2.439197,-0.5331858,0.7099639,0.4600698,-0.005765162,0.100667,0.8499701,0.5234762,0.1051657,-2.386155,-0.02977916,0.7256616,-0.05440476,0.6852509,2.186163,93.15188,353.231,0.1827589,0.04080059,-0.982309,0.0,0.0,0.0,1.383038,0.1626622,-2.4461,0.001859147,0.09117474,0.8587372,-0.05908896,-0.117781,-0.9912801,0.03134263,0.9923066,-0.1197713,0.9977607,-0.03814648,-0.0549429,static,-10.155032397147366,5.290681677868249,0.12404389860897462,6.060562210619306,0.8595618,0.057496500000000006,-0.059944999999999915,-0.17558432111948802,0.0907761292642845,0.980270291435825,-10.073820230929586,4.755497645215096,10.264629157968548,10.307867166814333,10.281032356937844
4691,05/11/2023 10:05:12.686495,4871,True,True,True,True,Eyes,0.4913571,0.1080084,-2.528954,0.9923384,0.07291137,0.09974243,0.8891376,1.373682,0.1728366,-2.440269,-0.6236439,0.6782297,0.3886808,-0.008069351,0.09913567,0.8462563,0.5264565,0.1056488,-2.379141,-0.02991521,0.7300337,-0.05390152,0.6806253,2.176489,93.88401,353.2732,0.1834297,0.04088964,-0.9821804,0.0,0.0,0.0,1.383038,0.1626622,-2.4461,-0.001773492,0.09001275,0.8563647,-0.07170902,-0.1170517,-0.9905336,0.02969524,0.9923994,-0.1194219,0.9969835,-0.03797776,-0.06768817,static,-10.324211067377078,5.243057078232961,-0.11865676076098361,6.00034365195283,0.8565815,0.057013400000000006,-0.06695899999999977,-0.17849205493001974,0.08991350067884406,0.9798246113742379,-10.244029828089117,4.704852652603851,10.191797770047579,10.23361234657766,10.207912454658306
4692,05/11/2023 10:05:12.706577,4872,True,True,True,True,Eyes,0.4928405,0.1082708,-2.521136,0.9932896,0.07253894,0.09007795,0.8858966,1.372792,0.1725328,-2.441336,-0.6829012,0.6579024,0.3175065,-0.009542808,0.09685215,0.8435948,0.5289476,0.1074778,-2.37193,-0.02987888,0.7341755,-0.05349712,0.6761893,2.186077,94.58113,353.3211,0.1841422,0.04098944,-0.9820431,0.0,0.0,0.0,1.383038,0.1626622,-2.4461,-0.004539289,0.08791409,0.854557,-0.08375086,-0.116221,-0.9896862,0.02847568,0.9924906,-0.1189601,0.9960799,-0.03814499,-0.07981246,static,-10.457008586234538,5.224782005308225,-0.3043444212418123,5.873742787434535,0.8540904,0.05518440000000001,-0.07417000000000007,-0.18076829965514357,0.08956312324557614,0.9794393463379814,-10.377655993367553,4.684206586571179,10.132334006308833,10.173383888552788,10.143303327924626
4693,05/11/2023 10:05:12.726309,4873,True,True,True,True,Eyes,0.4943851,0.1085565,-2.51334,0.9941319,0.07227254,0.08048783,0.8830682,1.372271,0.1723781,-2.442264,-0.7177313,0.6476862,0.2556645,-0.01080402,0.09334084,0.841,0.5319347,0.1093382,-2.364994,-0.03002043,0.7381572,-0.05218342,0.6719375,2.102965,95.25657,353.4238,0.1848967,0.04110162,-0.9818968,0.0,0.0,0.0,1.383038,0.1626622,-2.4461,-0.006924517,0.08442344,0.8524219,-0.09519804,-0.1144476,-0.9888576,0.02580838,0.9927514,-0.1173828,0.9951239,-0.03669542,-0.09155424,static,-10.55689282988729,5.132551257712575,-0.46542313459952417,5.656100334878494,0.8511033,0.05332400000000001,-0.08110600000000012,-0.1825016706058986,0.08795771811449207,0.9792632054069623,-10.478083757480325,4.590192990196188,10.065817026473503,10.105041526243852,10.069236873588556
4694,05/11/2023 10:05:12.736870,4874,True,True,True,True,Eyes,0.4960021,0.1088591,-2.505588,0.9948829,0.07200645,0.07087366,0.8803731,1.37187,0.1722517,-2.443193,-0.7443107,0.6391208,0.1937169,-0.01089143,0.09107326,0.838878,0.5346154,0.1102929,-2.357784,-0.0294937,0.7417893,-0.05042994,0.6680838,2.029167,95.87199,353.615,0.1856907,0.04122576,-0.9817417,0.0,0.0,0.0,1.383038,0.1626622,-2.4461,-0.008132733,0.08214509,0.850617,-0.1055887,-0.1111391,-0.9881798,0.02362663,0.9931739,-0.1142253,0.9941292,-0.03540825,-0.1022421,static,-10.590165912247386,5.072698239191966,-0.5477871698712518,5.516016204403065,0.8484226,0.05236930000000001,-0.08831599999999984,-0.18308699398798,0.08692508437505371,0.9792462262243564,-10.511508296657482,4.529746262598934,10.014070025981955,10.052159052840686,10.012415647108972
4695,05/11/2023 10:05:12.756600,4875,True,True,True,True,Eyes,0.4976988,0.1091679,-2.497881,0.9955379,0.0716956,0.06135117,0.8777835,1.371566,0.1721011,-2.444028,-0.7648277,0.6292575,0.1381074,-0.01142422,0.09032519,0.836357,0.5376418,0.1111124,-2.351109,-0.02825583,0.7453222,-0.04923309,0.6642834,2.054453,96.46981,353.8231,0.1865231,0.04136132,-0.9815784,0.0,0.0,0.0,1.383038,0.1626622,-2.4461,-0.009693086,0.08144409,0.8483208,-0.1158582,-0.1075288,-0.9874282,0.02329006,0.9935554,-0.1109288,0.9929926,-0.03584928,-0.1126072,static,-10.622620153419735,5.113541212912972,-0.6546447413153056,5.483944683515407,0.8453962,0.05154980000000001,-0.09499099999999983,-0.18363051096262595,0.08761407421744431,0.9790830122613526,-10.54421108905045,4.57000950080998,9.936472703741634,9.974855013851219,9.931706805199308
4696,05/11/2023 10:05:12.776600,4876,True,True,True,True,Eyes,0.4994707,0.1095146,-2.490242,0.9961002,0.0713906,0.05184244,0.8753064,1.371364,0.1720033,-2.444864,-0.7781654,0.6226348,0.08236799,-0.01191034,0.09095283,0.8336224,0.5409188,0.1117201,-2.344524,-0.02600557,0.7488363,-0.04804536,0.6604996,2.154995,97.06245,354.1175,0.1873934,0.04150742,-0.9814065,0.0,0.0,0.0,1.383038,0.1626622,-2.4461,-0.01120693,0.08208518,0.8457032,-0.1261282,-0.1024157,-0.9867131,0.02452004,0.9940307,-0.1063095,0.9917108,-0.03760287,-0.122864,static,-10.652358994118536,5.2464835855569785,-0.7592169549777624,5.543845652369836,0.8421192,0.050942100000000004,-0.10157600000000011,-0.18410138535879855,0.0898775278278178,0.9787893413263573,-10.574274740683334,4.702420029958997,9.857511141341032,9.897609994609489,9.851058644368585
4697,05/11/2023 10:05:12.786545,4877,True,True,True,True,Eyes,0.501326,0.1098884,-2.482684,0.9965636,0.07109066,0.04251294,0.8729364,1.371263,0.1719461,-2.445573,-0.7848044,0.6187488,0.03510124,-0.01227295,0.08968792,0.83112,0.5441903,0.113153,-2.33857,-0.02395365,0.7520847,-0.0461996,0.6570086,2.178712,97.61445,354.4446,0.1883016,0.04166465,-0.981226,0.0,0.0,0.0,1.383038,0.1626622,-2.4461,-0.01245154,0.0807981,0.8432056,-0.1355317,-0.09673743,-0.986039,0.02467673,0.9945837,-0.1009676,0.9904656,-0.03801653,-0.1324105,static,-10.639482739772546,5.312249216403146,-0.8460200462049858,5.473515258197911,0.8388477,0.0495092,-0.10753000000000013,-0.18386254342775254,0.09100510572845028,0.9787302369433932,-10.56138316420975,4.768415144871666,9.753975755941005,9.794790363582864,9.740916111151966
4698,05/11/2023 10:05:12.806544,4878,True,True,True,True,Eyes,0.5032839,0.1102756,-2.475204,0.9969386,0.07083659,0.03310096,0.8706437,1.371262,0.171949,-2.446384,-0.7850622,0.6191257,-0.01899415,-0.01291054,0.08806106,0.828503,0.5477564,0.1143072,-2.333006,-0.02279942,0.7552564,-0.04463845,0.65351,2.156416,98.16155,354.6725,0.1892467,0.04183285,-0.9810371,0.0,0.0,0.0,1.383038,0.1626622,-2.4461,-0.01403489,0.0790747,0.8404604,-0.1448095,-0.09278216,-0.9850998,0.02390454,0.9949752,-0.09722625,0.9891707,-0.03762765,-0.141864,static,-10.621069876641931,5.317116752565155,-0.9566961494083608,5.374850176933076,0.8352816,0.04835500000000001,-0.1130939999999998,-0.18354649497537012,0.09109371824395524,0.9787812252410941,-10.542857777442984,4.773611412933472,9.624081815400302,9.664546170821046,9.604997803755044
4699,05/11/2023 10:05:12.826274,4879,True,True,True,True,Eyes,0.5053333,0.1106615,-2.467783,0.9972214,0.07060351,0.02376461,0.8684021,1.371322,0.1719737,-2.447145,-0.7809494,0.6206908,-0.0697211,-0.01532795,0.08635428,0.8255156,0.5518166,0.1150464,-2.327407,-0.02298586,0.7589974,-0.04392932,0.6492034,2.111223,98.81905,354.7217,0.1902285,0.04201134,-0.9808396,0.0,0.0,0.0,1.383038,0.1626622,-2.4461,-0.01732822,0.07724707,0.8372676,-0.1560135,-0.09193052,-0.9834678,0.02214571,0.9950837,-0.09652945,0.9875067,-0.03683947,-0.1532106,static,-10.731024284427614,5.257731779203159,-1.1856330701293563,5.271238116594913,0.8312214,0.047615800000000014,-0.11869299999999994,-0.18544223975376778,0.09004659179726954,0.9785207815634446,-10.653453325879177,4.712263576177683,9.506305394107269,9.545400769750431,9.484306665857092
4700,05/11/2023 10:05:12.836199,4880,True,True,True,True,Eyes,0.507498,0.111055,-2.460419,0.9974105,0.07046919,0.01436689,0.8662745,1.371529,0.1721007,-2.447974,-0.767168,0.6291621,-0.1249331,-0.01683663,0.08485985,0.8229616,0.5557302,0.1154083,-2.321449,-0.02369249,0.762473,-0.04339617,0.6451283,2.040587,99.43663,354.7109,0.1912479,0.04219921,-0.9806334,0.0,0.0,0.0,1.383038,0.1626622,-2.4461,-0.01972327,0.07551477,0.8343365,-0.1664964,-0.09212194,-0.9817294,0.01986243,0.9951108,-0.0967462,0.985842,-0.03560743,-0.1638526,static,-10.800944484573664,5.17107435990332,-1.3541894643561008,5.171679369023096,0.8273078,0.0472539,-0.12465100000000007,-0.18666143292241277,0.08854570556019839,0.97842587213543,-10.723731546285444,4.624358282730345,9.409334202504192,9.446755039591203,9.385514327757726
